N17A4_IDENTITY_CODE,0
N17A4_REF,R26.entity_head.child,208633,15,13622998,0
N17A4_DICT,module.parameters,208636,208636,11,2
N17A4_KV,module.parameters,0,208637,6,13623017,13623019,208657,16,13759279,0,-9223372036854775807,weight
N17A4_KV,module.parameters,1,208658,6,13759281,13759283,208676,16,13759973,0,-9223372036854775807,bias
N17A4_DICT,module.modules,208702,208702,11,0
N17A4_PARAM,R26.entity_head.child,weight,208657,16,13759279,0
N17A4_PARAM,R26.entity_head.child,bias,208676,16,13759973,0
N17A4_REF,R26.entity_head.child,208708,15,13760183,0
N17A4_DICT,module.parameters,208711,208711,11,0
N17A4_DICT,module.modules,208737,208737,11,0
N17A4_REF,R26.entity_head.child,208744,15,13760447,0
N17A4_DICT,module.parameters,208747,208747,11,2
N17A4_KV,module.parameters,0,208637,6,13623017,13623019,208765,16,13761156,0,-9223372036854775807,weight
N17A4_KV,module.parameters,1,208658,6,13759281,13759283,208783,16,13761848,0,-9223372036854775807,bias
N17A4_DICT,module.modules,208809,208809,11,0
N17A4_PARAM,R26.entity_head.child,weight,208765,16,13761156,0
N17A4_PARAM,R26.entity_head.child,bias,208783,16,13761848,0
N17A4_REF,R26.entity_head.child,208818,15,13762094,0
N17A4_DICT,module.parameters,208821,208821,11,2
N17A4_KV,module.parameters,0,208637,6,13623017,13623019,208841,16,13765496,0,-9223372036854775807,weight
N17A4_KV,module.parameters,1,208658,6,13759281,13759283,208859,16,13765836,0,-9223372036854775807,bias
N17A4_DICT,module.modules,208885,208885,11,0
N17A4_PARAM,R26.entity_head.child,weight,208841,16,13765496,0
N17A4_PARAM,R26.entity_head.child,bias,208859,16,13765836,0
N17A4_GRAPH_NODE,0,208899,208901
N17A4_LIST,graph.views,208901,9,3
N17A4_ITEM,graph.views,0,208906,16,13766450,0
N17A4_ITEM,graph.views,1,208911,16,13766766,0
N17A4_ITEM,graph.views,2,208916,16,13767082,0
N17A4_GRAPH_NODE,1,208917,208918
N17A4_LIST,graph.views,208918,9,3
N17A4_ITEM,graph.views,0,208923,16,13767410,0
N17A4_ITEM,graph.views,1,208928,16,13767726,0
N17A4_ITEM,graph.views,2,208933,16,13768042,0
N17A4_GRAPH_NODE,2,208934,208935
N17A4_LIST,graph.views,208935,9,3
N17A4_ITEM,graph.views,0,208940,16,13768370,0
N17A4_ITEM,graph.views,1,208945,16,13768686,0
N17A4_ITEM,graph.views,2,208950,16,13769002,0
N17A4_GRAPH_NODE,3,208951,208952
N17A4_LIST,graph.views,208952,9,3
N17A4_ITEM,graph.views,0,208957,16,13769330,0
N17A4_ITEM,graph.views,1,208962,16,13769646,0
N17A4_ITEM,graph.views,2,208967,16,13769962,0
N17A4_GRAPH_NODE,4,208968,208969
N17A4_LIST,graph.views,208969,9,3
N17A4_ITEM,graph.views,0,208974,16,13770290,0
N17A4_ITEM,graph.views,1,208979,16,13770606,0
N17A4_ITEM,graph.views,2,208984,16,13770922,0
N17A4_GRAPH_NODE,5,208985,208986
N17A4_LIST,graph.views,208986,9,3
N17A4_ITEM,graph.views,0,208991,16,13771250,0
N17A4_ITEM,graph.views,1,208996,16,13771566,0
N17A4_ITEM,graph.views,2,209001,16,13771882,0
N17A4_GRAPH_NODE,6,209002,209003
N17A4_LIST,graph.views,209003,9,3
N17A4_ITEM,graph.views,0,209008,16,13772210,0
N17A4_ITEM,graph.views,1,209013,16,13772526,0
N17A4_ITEM,graph.views,2,209018,16,13772842,0
N17A4_GRAPH_NODE,7,209019,209020
N17A4_LIST,graph.views,209020,9,3
N17A4_ITEM,graph.views,0,209025,16,13773170,0
N17A4_ITEM,graph.views,1,209030,16,13773486,0
N17A4_ITEM,graph.views,2,209035,16,13773802,0
N17A4_LIST,reducer.args,209166,10,1
N17A4_ITEM,reducer.args,0,209067,11,13773937,0
N17A4_ARG_DICT,R26.name_memory.docs,0,209067
N17A4_DICT,reducer.arg.dict,209067,209067,11,49
N17A4_KV,reducer.arg.dict,0,209068,7,13773940,13773942,209069,3,13773945,13773946,1
N17A4_KV,reducer.arg.dict,1,209070,7,13773947,13773949,209071,3,13773952,13773953,1
N17A4_KV,reducer.arg.dict,2,209072,7,13773954,13773956,209073,3,13773959,13773960,2
N17A4_KV,reducer.arg.dict,3,209074,7,13773961,13773963,209075,3,13773966,13773967,2
N17A4_KV,reducer.arg.dict,4,209076,7,13773968,13773970,209077,3,13773973,13773974,1
N17A4_KV,reducer.arg.dict,5,209078,7,13773975,13773977,209079,3,13773980,13773981,1
N17A4_KV,reducer.arg.dict,6,209080,7,13773982,13773984,209081,3,13773987,13773988,1
N17A4_KV,reducer.arg.dict,7,209082,7,13773989,13773991,209083,3,13773994,13773995,1
N17A4_KV,reducer.arg.dict,8,209084,7,13773996,13773998,209085,3,13774002,13774003,1
N17A4_KV,reducer.arg.dict,9,209086,7,13774004,13774006,209087,3,13774010,13774011,1
N17A4_KV,reducer.arg.dict,10,209088,7,13774012,13774014,209089,3,13774018,13774019,2
N17A4_KV,reducer.arg.dict,11,209090,7,13774020,13774022,209091,3,13774026,13774027,1
N17A4_KV,reducer.arg.dict,12,209092,7,13774028,13774030,209093,3,13774034,13774035,1
N17A4_KV,reducer.arg.dict,13,209094,7,13774036,13774038,209095,3,13774042,13774043,1
N17A4_KV,reducer.arg.dict,14,209096,7,13774044,13774046,209097,3,13774050,13774051,1
N17A4_KV,reducer.arg.dict,15,209098,7,13774052,13774054,209099,3,13774058,13774059,1
N17A4_KV,reducer.arg.dict,16,209100,7,13774060,13774062,209101,3,13774067,13774068,1
N17A4_KV,reducer.arg.dict,17,209102,7,13774069,13774071,209103,3,13774076,13774077,1
N17A4_KV,reducer.arg.dict,18,209104,7,13774078,13774080,209105,3,13774085,13774086,1
N17A4_KV,reducer.arg.dict,19,209106,7,13774087,13774089,209107,3,13774094,13774095,1
N17A4_KV,reducer.arg.dict,20,209108,7,13774096,13774098,209109,3,13774103,13774104,1
N17A4_KV,reducer.arg.dict,21,209110,7,13774105,13774107,209111,3,13774112,13774113,1
N17A4_KV,reducer.arg.dict,22,209112,7,13774114,13774116,209113,3,13774121,13774122,1
N17A4_KV,reducer.arg.dict,23,209114,7,13774123,13774125,209115,3,13774130,13774131,1
N17A4_KV,reducer.arg.dict,24,209116,7,13774132,13774134,209117,3,13774140,13774141,1
N17A4_KV,reducer.arg.dict,25,209118,7,13774142,13774144,209119,3,13774150,13774151,1
N17A4_KV,reducer.arg.dict,26,209120,7,13774152,13774154,209121,3,13774160,13774161,1
N17A4_KV,reducer.arg.dict,27,209122,7,13774162,13774164,209123,3,13774170,13774171,1
N17A4_KV,reducer.arg.dict,28,209124,7,13774172,13774174,209125,3,13774180,13774181,1
N17A4_KV,reducer.arg.dict,29,209126,7,13774182,13774184,209127,3,13774190,13774191,1
N17A4_KV,reducer.arg.dict,30,209128,7,13774192,13774194,209129,3,13774200,13774201,1
N17A4_KV,reducer.arg.dict,31,209130,7,13774202,13774204,209131,3,13774211,13774212,1
N17A4_KV,reducer.arg.dict,32,209132,7,13774213,13774215,209133,3,13774222,13774223,1
N17A4_KV,reducer.arg.dict,33,209134,7,13774224,13774226,209135,3,13774233,13774234,1
N17A4_KV,reducer.arg.dict,34,209136,7,13774235,13774237,209137,3,13774244,13774245,1
N17A4_KV,reducer.arg.dict,35,209138,7,13774246,13774248,209139,3,13774255,13774256,1
N17A4_KV,reducer.arg.dict,36,209140,7,13774257,13774259,209141,3,13774266,13774267,1
N17A4_KV,reducer.arg.dict,37,209142,7,13774268,13774270,209143,3,13774278,13774279,1
N17A4_KV,reducer.arg.dict,38,209144,7,13774280,13774282,209145,3,13774290,13774291,1
N17A4_KV,reducer.arg.dict,39,209146,7,13774292,13774294,209147,3,13774302,13774303,1
N17A4_KV,reducer.arg.dict,40,209148,7,13774304,13774306,209149,3,13774314,13774315,1
N17A4_KV,reducer.arg.dict,41,209150,7,13774316,13774318,209151,3,13774326,13774327,1
N17A4_KV,reducer.arg.dict,42,209152,7,13774328,13774330,209153,3,13774339,13774340,1
N17A4_KV,reducer.arg.dict,43,209154,7,13774341,13774343,209155,3,13774352,13774353,1
N17A4_KV,reducer.arg.dict,44,209156,7,13774354,13774356,209157,3,13774365,13774366,1
N17A4_KV,reducer.arg.dict,45,209158,7,13774367,13774369,209159,3,13774378,13774379,1
N17A4_KV,reducer.arg.dict,46,209160,7,13774380,13774382,209161,3,13774392,13774393,1
N17A4_KV,reducer.arg.dict,47,209162,7,13774394,13774396,209163,3,13774406,13774407,1
N17A4_KV,reducer.arg.dict,48,209164,7,13774408,13774410,209165,3,13774420,13774421,1
N17A4_LIST,reducer.args,209268,10,1
N17A4_ITEM,reducer.args,0,209169,11,13774434,0
N17A4_ARG_DICT,R26.name_memory.docs,1,209169
N17A4_DICT,reducer.arg.dict,209169,209169,11,49
N17A4_KV,reducer.arg.dict,0,209170,7,13774437,13774439,209171,3,13774442,13774443,1
N17A4_KV,reducer.arg.dict,1,209172,7,13774444,13774446,209173,3,13774449,13774450,1
N17A4_KV,reducer.arg.dict,2,209174,7,13774451,13774453,209175,3,13774456,13774457,2
N17A4_KV,reducer.arg.dict,3,209176,7,13774458,13774460,209177,3,13774463,13774464,2
N17A4_KV,reducer.arg.dict,4,209178,7,13774465,13774467,209179,3,13774470,13774471,1
N17A4_KV,reducer.arg.dict,5,209180,7,13774472,13774474,209181,3,13774477,13774478,1
N17A4_KV,reducer.arg.dict,6,209182,7,13774479,13774481,209183,3,13774484,13774485,1
N17A4_KV,reducer.arg.dict,7,209184,7,13774486,13774488,209185,3,13774491,13774492,1
N17A4_KV,reducer.arg.dict,8,209186,7,13774493,13774495,209187,3,13774499,13774500,1
N17A4_KV,reducer.arg.dict,9,209188,7,13774501,13774503,209189,3,13774507,13774508,1
N17A4_KV,reducer.arg.dict,10,209190,7,13774509,13774511,209191,3,13774515,13774516,2
N17A4_KV,reducer.arg.dict,11,209192,7,13774517,13774519,209193,3,13774523,13774524,1
N17A4_KV,reducer.arg.dict,12,209194,7,13774525,13774527,209195,3,13774531,13774532,1
N17A4_KV,reducer.arg.dict,13,209196,7,13774533,13774535,209197,3,13774539,13774540,1
N17A4_KV,reducer.arg.dict,14,209198,7,13774541,13774543,209199,3,13774547,13774548,1
N17A4_KV,reducer.arg.dict,15,209200,7,13774549,13774551,209201,3,13774555,13774556,1
N17A4_KV,reducer.arg.dict,16,209202,7,13774557,13774559,209203,3,13774564,13774565,1
N17A4_KV,reducer.arg.dict,17,209204,7,13774566,13774568,209205,3,13774573,13774574,1
N17A4_KV,reducer.arg.dict,18,209206,7,13774575,13774577,209207,3,13774582,13774583,1
N17A4_KV,reducer.arg.dict,19,209208,7,13774584,13774586,209209,3,13774591,13774592,1
N17A4_KV,reducer.arg.dict,20,209210,7,13774593,13774595,209211,3,13774600,13774601,1
N17A4_KV,reducer.arg.dict,21,209212,7,13774602,13774604,209213,3,13774609,13774610,1
N17A4_KV,reducer.arg.dict,22,209214,7,13774611,13774613,209215,3,13774618,13774619,1
N17A4_KV,reducer.arg.dict,23,209216,7,13774620,13774622,209217,3,13774627,13774628,1
N17A4_KV,reducer.arg.dict,24,209218,7,13774629,13774631,209219,3,13774637,13774638,1
N17A4_KV,reducer.arg.dict,25,209220,7,13774639,13774641,209221,3,13774647,13774648,1
N17A4_KV,reducer.arg.dict,26,209222,7,13774649,13774651,209223,3,13774657,13774658,1
N17A4_KV,reducer.arg.dict,27,209224,7,13774659,13774661,209225,3,13774667,13774668,1
N17A4_KV,reducer.arg.dict,28,209226,7,13774669,13774671,209227,3,13774677,13774678,1
N17A4_KV,reducer.arg.dict,29,209228,7,13774679,13774681,209229,3,13774687,13774688,1
N17A4_KV,reducer.arg.dict,30,209230,7,13774689,13774691,209231,3,13774697,13774698,1
N17A4_KV,reducer.arg.dict,31,209232,7,13774699,13774701,209233,3,13774708,13774709,1
N17A4_KV,reducer.arg.dict,32,209234,7,13774710,13774712,209235,3,13774719,13774720,1
N17A4_KV,reducer.arg.dict,33,209236,7,13774721,13774723,209237,3,13774730,13774731,1
N17A4_KV,reducer.arg.dict,34,209238,7,13774732,13774734,209239,3,13774741,13774742,1
N17A4_KV,reducer.arg.dict,35,209240,7,13774743,13774745,209241,3,13774752,13774753,1
N17A4_KV,reducer.arg.dict,36,209242,7,13774754,13774756,209243,3,13774763,13774764,1
N17A4_KV,reducer.arg.dict,37,209244,7,13774765,13774767,209245,3,13774775,13774776,1
N17A4_KV,reducer.arg.dict,38,209246,7,13774777,13774779,209247,3,13774787,13774788,1
N17A4_KV,reducer.arg.dict,39,209248,7,13774789,13774791,209249,3,13774799,13774800,1
N17A4_KV,reducer.arg.dict,40,209250,7,13774801,13774803,209251,3,13774811,13774812,1
N17A4_KV,reducer.arg.dict,41,209252,7,13774813,13774815,209253,3,13774823,13774824,1
N17A4_KV,reducer.arg.dict,42,209254,7,13774825,13774827,209255,3,13774836,13774837,1
N17A4_KV,reducer.arg.dict,43,209256,7,13774838,13774840,209257,3,13774849,13774850,1
N17A4_KV,reducer.arg.dict,44,209258,7,13774851,13774853,209259,3,13774862,13774863,1
N17A4_KV,reducer.arg.dict,45,209260,7,13774864,13774866,209261,3,13774875,13774876,1
N17A4_KV,reducer.arg.dict,46,209262,7,13774877,13774879,209263,3,13774889,13774890,1
N17A4_KV,reducer.arg.dict,47,209264,7,13774891,13774893,209265,3,13774903,13774904,1
N17A4_KV,reducer.arg.dict,48,209266,7,13774905,13774907,209267,3,13774917,13774918,1
N17A4_LIST,reducer.args,209386,10,1
N17A4_ITEM,reducer.args,0,209271,11,13774931,0
N17A4_ARG_DICT,R26.name_memory.docs,2,209271
N17A4_DICT,reducer.arg.dict,209271,209271,11,57
N17A4_KV,reducer.arg.dict,0,209272,7,13774934,13774936,209273,3,13774939,13774940,1
N17A4_KV,reducer.arg.dict,1,209274,7,13774941,13774943,209275,3,13774946,13774947,1
N17A4_KV,reducer.arg.dict,2,209276,7,13774948,13774950,209277,3,13774953,13774954,2
N17A4_KV,reducer.arg.dict,3,209278,7,13774955,13774957,209279,3,13774960,13774961,2
N17A4_KV,reducer.arg.dict,4,209280,7,13774962,13774964,209281,3,13774967,13774968,1
N17A4_KV,reducer.arg.dict,5,209282,7,13774969,13774971,209283,3,13774974,13774975,1
N17A4_KV,reducer.arg.dict,6,209284,7,13774976,13774978,209285,3,13774981,13774982,1
N17A4_KV,reducer.arg.dict,7,209286,7,13774983,13774985,209287,3,13774988,13774989,1
N17A4_KV,reducer.arg.dict,8,209288,7,13774990,13774992,209289,3,13774995,13774996,1
N17A4_KV,reducer.arg.dict,9,209290,7,13774997,13774999,209291,3,13775003,13775004,1
N17A4_KV,reducer.arg.dict,10,209292,7,13775005,13775007,209293,3,13775011,13775012,1
N17A4_KV,reducer.arg.dict,11,209294,7,13775013,13775015,209295,3,13775019,13775020,2
N17A4_KV,reducer.arg.dict,12,209296,7,13775021,13775023,209297,3,13775027,13775028,1
N17A4_KV,reducer.arg.dict,13,209298,7,13775029,13775031,209299,3,13775035,13775036,1
N17A4_KV,reducer.arg.dict,14,209300,7,13775037,13775039,209301,3,13775043,13775044,1
N17A4_KV,reducer.arg.dict,15,209302,7,13775045,13775047,209303,3,13775051,13775052,1
N17A4_KV,reducer.arg.dict,16,209304,7,13775053,13775055,209305,3,13775059,13775060,1
N17A4_KV,reducer.arg.dict,17,209306,7,13775061,13775063,209307,3,13775067,13775068,1
N17A4_KV,reducer.arg.dict,18,209308,7,13775069,13775071,209309,3,13775076,13775077,1
N17A4_KV,reducer.arg.dict,19,209310,7,13775078,13775080,209311,3,13775085,13775086,1
N17A4_KV,reducer.arg.dict,20,209312,7,13775087,13775089,209313,3,13775094,13775095,1
N17A4_KV,reducer.arg.dict,21,209314,7,13775096,13775098,209315,3,13775103,13775104,1
N17A4_KV,reducer.arg.dict,22,209316,7,13775105,13775107,209317,3,13775112,13775113,1
N17A4_KV,reducer.arg.dict,23,209318,7,13775114,13775116,209319,3,13775121,13775122,1
N17A4_KV,reducer.arg.dict,24,209320,7,13775123,13775125,209321,3,13775130,13775131,1
N17A4_KV,reducer.arg.dict,25,209322,7,13775132,13775134,209323,3,13775139,13775140,1
N17A4_KV,reducer.arg.dict,26,209324,7,13775141,13775143,209325,3,13775148,13775149,1
N17A4_KV,reducer.arg.dict,27,209326,7,13775150,13775152,209327,3,13775158,13775159,1
N17A4_KV,reducer.arg.dict,28,209328,7,13775160,13775162,209329,3,13775168,13775169,1
N17A4_KV,reducer.arg.dict,29,209330,7,13775170,13775172,209331,3,13775178,13775179,1
N17A4_KV,reducer.arg.dict,30,209332,7,13775180,13775182,209333,3,13775188,13775189,1
N17A4_KV,reducer.arg.dict,31,209334,7,13775190,13775192,209335,3,13775198,13775199,1
N17A4_KV,reducer.arg.dict,32,209336,7,13775200,13775202,209337,3,13775208,13775209,1
N17A4_KV,reducer.arg.dict,33,209338,7,13775210,13775212,209339,3,13775218,13775219,1
N17A4_KV,reducer.arg.dict,34,209340,7,13775220,13775222,209341,3,13775228,13775229,1
N17A4_KV,reducer.arg.dict,35,209342,7,13775230,13775232,209343,3,13775239,13775240,1
N17A4_KV,reducer.arg.dict,36,209344,7,13775241,13775243,209345,3,13775250,13775251,1
N17A4_KV,reducer.arg.dict,37,209346,7,13775252,13775254,209347,3,13775261,13775262,1
N17A4_KV,reducer.arg.dict,38,209348,7,13775263,13775265,209349,3,13775272,13775273,1
N17A4_KV,reducer.arg.dict,39,209350,7,13775274,13775276,209351,3,13775283,13775284,1
N17A4_KV,reducer.arg.dict,40,209352,7,13775285,13775287,209353,3,13775294,13775295,1
N17A4_KV,reducer.arg.dict,41,209354,7,13775296,13775298,209355,3,13775305,13775306,1
N17A4_KV,reducer.arg.dict,42,209356,7,13775307,13775309,209357,3,13775317,13775318,1
N17A4_KV,reducer.arg.dict,43,209358,7,13775319,13775321,209359,3,13775329,13775330,1
N17A4_KV,reducer.arg.dict,44,209360,7,13775331,13775333,209361,3,13775341,13775342,1
N17A4_KV,reducer.arg.dict,45,209362,7,13775343,13775345,209363,3,13775353,13775354,1
N17A4_KV,reducer.arg.dict,46,209364,7,13775355,13775357,209365,3,13775365,13775366,1
N17A4_KV,reducer.arg.dict,47,209366,7,13775367,13775369,209367,3,13775377,13775378,1
N17A4_KV,reducer.arg.dict,48,209368,7,13775379,13775381,209369,3,13775390,13775391,1
N17A4_KV,reducer.arg.dict,49,209370,7,13775392,13775394,209371,3,13775403,13775404,1
N17A4_KV,reducer.arg.dict,50,209372,7,13775405,13775407,209373,3,13775416,13775417,1
N17A4_KV,reducer.arg.dict,51,209374,7,13775418,13775420,209375,3,13775429,13775430,1
N17A4_KV,reducer.arg.dict,52,209376,7,13775431,13775433,209377,3,13775442,13775443,1
N17A4_KV,reducer.arg.dict,53,209378,7,13775444,13775446,209379,3,13775456,13775457,1
N17A4_KV,reducer.arg.dict,54,209380,7,13775458,13775460,209381,3,13775470,13775471,1
N17A4_KV,reducer.arg.dict,55,209382,7,13775472,13775474,209383,3,13775484,13775485,1
N17A4_KV,reducer.arg.dict,56,209384,7,13775486,13775488,209385,3,13775498,13775499,1
N17A4_LIST,reducer.args,209488,10,1
N17A4_ITEM,reducer.args,0,209389,11,13775512,0
N17A4_ARG_DICT,R26.name_memory.docs,3,209389
N17A4_DICT,reducer.arg.dict,209389,209389,11,49
N17A4_KV,reducer.arg.dict,0,209390,7,13775515,13775517,209391,3,13775520,13775521,1
N17A4_KV,reducer.arg.dict,1,209392,7,13775522,13775524,209393,3,13775527,13775528,1
N17A4_KV,reducer.arg.dict,2,209394,7,13775529,13775531,209395,3,13775534,13775535,2
N17A4_KV,reducer.arg.dict,3,209396,7,13775536,13775538,209397,3,13775541,13775542,2
N17A4_KV,reducer.arg.dict,4,209398,7,13775543,13775545,209399,3,13775548,13775549,1
N17A4_KV,reducer.arg.dict,5,209400,7,13775550,13775552,209401,3,13775555,13775556,1
N17A4_KV,reducer.arg.dict,6,209402,7,13775557,13775559,209403,3,13775562,13775563,1
N17A4_KV,reducer.arg.dict,7,209404,7,13775564,13775566,209405,3,13775569,13775570,1
N17A4_KV,reducer.arg.dict,8,209406,7,13775571,13775573,209407,3,13775577,13775578,1
N17A4_KV,reducer.arg.dict,9,209408,7,13775579,13775581,209409,3,13775585,13775586,1
N17A4_KV,reducer.arg.dict,10,209410,7,13775587,13775589,209411,3,13775593,13775594,2
N17A4_KV,reducer.arg.dict,11,209412,7,13775595,13775597,209413,3,13775601,13775602,1
N17A4_KV,reducer.arg.dict,12,209414,7,13775603,13775605,209415,3,13775609,13775610,1
N17A4_KV,reducer.arg.dict,13,209416,7,13775611,13775613,209417,3,13775617,13775618,1
N17A4_KV,reducer.arg.dict,14,209418,7,13775619,13775621,209419,3,13775625,13775626,1
N17A4_KV,reducer.arg.dict,15,209420,7,13775627,13775629,209421,3,13775633,13775634,1
N17A4_KV,reducer.arg.dict,16,209422,7,13775635,13775637,209423,3,13775642,13775643,1
N17A4_KV,reducer.arg.dict,17,209424,7,13775644,13775646,209425,3,13775651,13775652,1
N17A4_KV,reducer.arg.dict,18,209426,7,13775653,13775655,209427,3,13775660,13775661,1
N17A4_KV,reducer.arg.dict,19,209428,7,13775662,13775664,209429,3,13775669,13775670,1
N17A4_KV,reducer.arg.dict,20,209430,7,13775671,13775673,209431,3,13775678,13775679,1
N17A4_KV,reducer.arg.dict,21,209432,7,13775680,13775682,209433,3,13775687,13775688,1
N17A4_KV,reducer.arg.dict,22,209434,7,13775689,13775691,209435,3,13775696,13775697,1
N17A4_KV,reducer.arg.dict,23,209436,7,13775698,13775700,209437,3,13775705,13775706,1
N17A4_KV,reducer.arg.dict,24,209438,7,13775707,13775709,209439,3,13775715,13775716,1
N17A4_KV,reducer.arg.dict,25,209440,7,13775717,13775719,209441,3,13775725,13775726,1
N17A4_KV,reducer.arg.dict,26,209442,7,13775727,13775729,209443,3,13775735,13775736,1
N17A4_KV,reducer.arg.dict,27,209444,7,13775737,13775739,209445,3,13775745,13775746,1
N17A4_KV,reducer.arg.dict,28,209446,7,13775747,13775749,209447,3,13775755,13775756,1
N17A4_KV,reducer.arg.dict,29,209448,7,13775757,13775759,209449,3,13775765,13775766,1
N17A4_KV,reducer.arg.dict,30,209450,7,13775767,13775769,209451,3,13775775,13775776,1
N17A4_KV,reducer.arg.dict,31,209452,7,13775777,13775779,209453,3,13775786,13775787,1
N17A4_KV,reducer.arg.dict,32,209454,7,13775788,13775790,209455,3,13775797,13775798,1
N17A4_KV,reducer.arg.dict,33,209456,7,13775799,13775801,209457,3,13775808,13775809,1
N17A4_KV,reducer.arg.dict,34,209458,7,13775810,13775812,209459,3,13775819,13775820,1
N17A4_KV,reducer.arg.dict,35,209460,7,13775821,13775823,209461,3,13775830,13775831,1
N17A4_KV,reducer.arg.dict,36,209462,7,13775832,13775834,209463,3,13775841,13775842,1
N17A4_KV,reducer.arg.dict,37,209464,7,13775843,13775845,209465,3,13775853,13775854,1
N17A4_KV,reducer.arg.dict,38,209466,7,13775855,13775857,209467,3,13775865,13775866,1
N17A4_KV,reducer.arg.dict,39,209468,7,13775867,13775869,209469,3,13775877,13775878,1
N17A4_KV,reducer.arg.dict,40,209470,7,13775879,13775881,209471,3,13775889,13775890,1
N17A4_KV,reducer.arg.dict,41,209472,7,13775891,13775893,209473,3,13775901,13775902,1
N17A4_KV,reducer.arg.dict,42,209474,7,13775903,13775905,209475,3,13775914,13775915,1
N17A4_KV,reducer.arg.dict,43,209476,7,13775916,13775918,209477,3,13775927,13775928,1
N17A4_KV,reducer.arg.dict,44,209478,7,13775929,13775931,209479,3,13775940,13775941,1
N17A4_KV,reducer.arg.dict,45,209480,7,13775942,13775944,209481,3,13775953,13775954,1
N17A4_KV,reducer.arg.dict,46,209482,7,13775955,13775957,209483,3,13775967,13775968,1
N17A4_KV,reducer.arg.dict,47,209484,7,13775969,13775971,209485,3,13775981,13775982,1
N17A4_KV,reducer.arg.dict,48,209486,7,13775983,13775985,209487,3,13775995,13775996,1
N17A4_LIST,reducer.args,209590,10,1
N17A4_ITEM,reducer.args,0,209491,11,13776009,0
N17A4_ARG_DICT,R26.name_memory.docs,4,209491
N17A4_DICT,reducer.arg.dict,209491,209491,11,49
N17A4_KV,reducer.arg.dict,0,209492,7,13776012,13776014,209493,3,13776017,13776018,1
N17A4_KV,reducer.arg.dict,1,209494,7,13776019,13776021,209495,3,13776024,13776025,1
N17A4_KV,reducer.arg.dict,2,209496,7,13776026,13776028,209497,3,13776031,13776032,2
N17A4_KV,reducer.arg.dict,3,209498,7,13776033,13776035,209499,3,13776038,13776039,2
N17A4_KV,reducer.arg.dict,4,209500,7,13776040,13776042,209501,3,13776045,13776046,1
N17A4_KV,reducer.arg.dict,5,209502,7,13776047,13776049,209503,3,13776052,13776053,1
N17A4_KV,reducer.arg.dict,6,209504,7,13776054,13776056,209505,3,13776059,13776060,1
N17A4_KV,reducer.arg.dict,7,209506,7,13776061,13776063,209507,3,13776066,13776067,1
N17A4_KV,reducer.arg.dict,8,209508,7,13776068,13776070,209509,3,13776074,13776075,1
N17A4_KV,reducer.arg.dict,9,209510,7,13776076,13776078,209511,3,13776082,13776083,1
N17A4_KV,reducer.arg.dict,10,209512,7,13776084,13776086,209513,3,13776090,13776091,2
N17A4_KV,reducer.arg.dict,11,209514,7,13776092,13776094,209515,3,13776098,13776099,1
N17A4_KV,reducer.arg.dict,12,209516,7,13776100,13776102,209517,3,13776106,13776107,1
N17A4_KV,reducer.arg.dict,13,209518,7,13776108,13776110,209519,3,13776114,13776115,1
N17A4_KV,reducer.arg.dict,14,209520,7,13776116,13776118,209521,3,13776122,13776123,1
N17A4_KV,reducer.arg.dict,15,209522,7,13776124,13776126,209523,3,13776130,13776131,1
N17A4_KV,reducer.arg.dict,16,209524,7,13776132,13776134,209525,3,13776139,13776140,1
N17A4_KV,reducer.arg.dict,17,209526,7,13776141,13776143,209527,3,13776148,13776149,1
N17A4_KV,reducer.arg.dict,18,209528,7,13776150,13776152,209529,3,13776157,13776158,1
N17A4_KV,reducer.arg.dict,19,209530,7,13776159,13776161,209531,3,13776166,13776167,1
N17A4_KV,reducer.arg.dict,20,209532,7,13776168,13776170,209533,3,13776175,13776176,1
N17A4_KV,reducer.arg.dict,21,209534,7,13776177,13776179,209535,3,13776184,13776185,1
N17A4_KV,reducer.arg.dict,22,209536,7,13776186,13776188,209537,3,13776193,13776194,1
N17A4_KV,reducer.arg.dict,23,209538,7,13776195,13776197,209539,3,13776202,13776203,1
N17A4_KV,reducer.arg.dict,24,209540,7,13776204,13776206,209541,3,13776212,13776213,1
N17A4_KV,reducer.arg.dict,25,209542,7,13776214,13776216,209543,3,13776222,13776223,1
N17A4_KV,reducer.arg.dict,26,209544,7,13776224,13776226,209545,3,13776232,13776233,1
N17A4_KV,reducer.arg.dict,27,209546,7,13776234,13776236,209547,3,13776242,13776243,1
N17A4_KV,reducer.arg.dict,28,209548,7,13776244,13776246,209549,3,13776252,13776253,1
N17A4_KV,reducer.arg.dict,29,209550,7,13776254,13776256,209551,3,13776262,13776263,1
N17A4_KV,reducer.arg.dict,30,209552,7,13776264,13776266,209553,3,13776272,13776273,1
N17A4_KV,reducer.arg.dict,31,209554,7,13776274,13776276,209555,3,13776283,13776284,1
N17A4_KV,reducer.arg.dict,32,209556,7,13776285,13776287,209557,3,13776294,13776295,1
N17A4_KV,reducer.arg.dict,33,209558,7,13776296,13776298,209559,3,13776305,13776306,1
N17A4_KV,reducer.arg.dict,34,209560,7,13776307,13776309,209561,3,13776316,13776317,1
N17A4_KV,reducer.arg.dict,35,209562,7,13776318,13776320,209563,3,13776327,13776328,1
N17A4_KV,reducer.arg.dict,36,209564,7,13776329,13776331,209565,3,13776338,13776339,1
N17A4_KV,reducer.arg.dict,37,209566,7,13776340,13776342,209567,3,13776350,13776351,1
N17A4_KV,reducer.arg.dict,38,209568,7,13776352,13776354,209569,3,13776362,13776363,1
N17A4_KV,reducer.arg.dict,39,209570,7,13776364,13776366,209571,3,13776374,13776375,1
N17A4_KV,reducer.arg.dict,40,209572,7,13776376,13776378,209573,3,13776386,13776387,1
N17A4_KV,reducer.arg.dict,41,209574,7,13776388,13776390,209575,3,13776398,13776399,1
N17A4_KV,reducer.arg.dict,42,209576,7,13776400,13776402,209577,3,13776411,13776412,1
N17A4_KV,reducer.arg.dict,43,209578,7,13776413,13776415,209579,3,13776424,13776425,1
N17A4_KV,reducer.arg.dict,44,209580,7,13776426,13776428,209581,3,13776437,13776438,1
N17A4_KV,reducer.arg.dict,45,209582,7,13776439,13776441,209583,3,13776450,13776451,1
N17A4_KV,reducer.arg.dict,46,209584,7,13776452,13776454,209585,3,13776464,13776465,1
N17A4_KV,reducer.arg.dict,47,209586,7,13776466,13776468,209587,3,13776478,13776479,1
N17A4_KV,reducer.arg.dict,48,209588,7,13776480,13776482,209589,3,13776492,13776493,1
N17A4_LIST,reducer.args,209708,10,1
N17A4_ITEM,reducer.args,0,209593,11,13776506,0
N17A4_ARG_DICT,R26.name_memory.docs,5,209593
N17A4_DICT,reducer.arg.dict,209593,209593,11,57
N17A4_KV,reducer.arg.dict,0,209594,7,13776509,13776511,209595,3,13776514,13776515,1
N17A4_KV,reducer.arg.dict,1,209596,7,13776516,13776518,209597,3,13776521,13776522,1
N17A4_KV,reducer.arg.dict,2,209598,7,13776523,13776525,209599,3,13776528,13776529,2
N17A4_KV,reducer.arg.dict,3,209600,7,13776530,13776532,209601,3,13776535,13776536,2
N17A4_KV,reducer.arg.dict,4,209602,7,13776537,13776539,209603,3,13776542,13776543,1
N17A4_KV,reducer.arg.dict,5,209604,7,13776544,13776546,209605,3,13776549,13776550,1
N17A4_KV,reducer.arg.dict,6,209606,7,13776551,13776553,209607,3,13776556,13776557,1
N17A4_KV,reducer.arg.dict,7,209608,7,13776558,13776560,209609,3,13776563,13776564,1
N17A4_KV,reducer.arg.dict,8,209610,7,13776565,13776567,209611,3,13776570,13776571,1
N17A4_KV,reducer.arg.dict,9,209612,7,13776572,13776574,209613,3,13776578,13776579,1
N17A4_KV,reducer.arg.dict,10,209614,7,13776580,13776582,209615,3,13776586,13776587,1
N17A4_KV,reducer.arg.dict,11,209616,7,13776588,13776590,209617,3,13776594,13776595,2
N17A4_KV,reducer.arg.dict,12,209618,7,13776596,13776598,209619,3,13776602,13776603,1
N17A4_KV,reducer.arg.dict,13,209620,7,13776604,13776606,209621,3,13776610,13776611,1
N17A4_KV,reducer.arg.dict,14,209622,7,13776612,13776614,209623,3,13776618,13776619,1
N17A4_KV,reducer.arg.dict,15,209624,7,13776620,13776622,209625,3,13776626,13776627,1
N17A4_KV,reducer.arg.dict,16,209626,7,13776628,13776630,209627,3,13776634,13776635,1
N17A4_KV,reducer.arg.dict,17,209628,7,13776636,13776638,209629,3,13776642,13776643,1
N17A4_KV,reducer.arg.dict,18,209630,7,13776644,13776646,209631,3,13776651,13776652,1
N17A4_KV,reducer.arg.dict,19,209632,7,13776653,13776655,209633,3,13776660,13776661,1
N17A4_KV,reducer.arg.dict,20,209634,7,13776662,13776664,209635,3,13776669,13776670,1
N17A4_KV,reducer.arg.dict,21,209636,7,13776671,13776673,209637,3,13776678,13776679,1
N17A4_KV,reducer.arg.dict,22,209638,7,13776680,13776682,209639,3,13776687,13776688,1
N17A4_KV,reducer.arg.dict,23,209640,7,13776689,13776691,209641,3,13776696,13776697,1
N17A4_KV,reducer.arg.dict,24,209642,7,13776698,13776700,209643,3,13776705,13776706,1
N17A4_KV,reducer.arg.dict,25,209644,7,13776707,13776709,209645,3,13776714,13776715,1
N17A4_KV,reducer.arg.dict,26,209646,7,13776716,13776718,209647,3,13776723,13776724,1
N17A4_KV,reducer.arg.dict,27,209648,7,13776725,13776727,209649,3,13776733,13776734,1
N17A4_KV,reducer.arg.dict,28,209650,7,13776735,13776737,209651,3,13776743,13776744,1
N17A4_KV,reducer.arg.dict,29,209652,7,13776745,13776747,209653,3,13776753,13776754,1
N17A4_KV,reducer.arg.dict,30,209654,7,13776755,13776757,209655,3,13776763,13776764,1
N17A4_KV,reducer.arg.dict,31,209656,7,13776765,13776767,209657,3,13776773,13776774,1
N17A4_KV,reducer.arg.dict,32,209658,7,13776775,13776777,209659,3,13776783,13776784,1
N17A4_KV,reducer.arg.dict,33,209660,7,13776785,13776787,209661,3,13776793,13776794,1
N17A4_KV,reducer.arg.dict,34,209662,7,13776795,13776797,209663,3,13776803,13776804,1
N17A4_KV,reducer.arg.dict,35,209664,7,13776805,13776807,209665,3,13776814,13776815,1
N17A4_KV,reducer.arg.dict,36,209666,7,13776816,13776818,209667,3,13776825,13776826,1
N17A4_KV,reducer.arg.dict,37,209668,7,13776827,13776829,209669,3,13776836,13776837,1
N17A4_KV,reducer.arg.dict,38,209670,7,13776838,13776840,209671,3,13776847,13776848,1
N17A4_KV,reducer.arg.dict,39,209672,7,13776849,13776851,209673,3,13776858,13776859,1
N17A4_KV,reducer.arg.dict,40,209674,7,13776860,13776862,209675,3,13776869,13776870,1
N17A4_KV,reducer.arg.dict,41,209676,7,13776871,13776873,209677,3,13776880,13776881,1
N17A4_KV,reducer.arg.dict,42,209678,7,13776882,13776884,209679,3,13776892,13776893,1
N17A4_KV,reducer.arg.dict,43,209680,7,13776894,13776896,209681,3,13776904,13776905,1
N17A4_KV,reducer.arg.dict,44,209682,7,13776906,13776908,209683,3,13776916,13776917,1
N17A4_KV,reducer.arg.dict,45,209684,7,13776918,13776920,209685,3,13776928,13776929,1
N17A4_KV,reducer.arg.dict,46,209686,7,13776930,13776932,209687,3,13776940,13776941,1
N17A4_KV,reducer.arg.dict,47,209688,7,13776942,13776944,209689,3,13776952,13776953,1
N17A4_KV,reducer.arg.dict,48,209690,7,13776954,13776956,209691,3,13776965,13776966,1
N17A4_KV,reducer.arg.dict,49,209692,7,13776967,13776969,209693,3,13776978,13776979,1
N17A4_KV,reducer.arg.dict,50,209694,7,13776980,13776982,209695,3,13776991,13776992,1
N17A4_KV,reducer.arg.dict,51,209696,7,13776993,13776995,209697,3,13777004,13777005,1
N17A4_KV,reducer.arg.dict,52,209698,7,13777006,13777008,209699,3,13777017,13777018,1
N17A4_KV,reducer.arg.dict,53,209700,7,13777019,13777021,209701,3,13777031,13777032,1
N17A4_KV,reducer.arg.dict,54,209702,7,13777033,13777035,209703,3,13777045,13777046,1
N17A4_KV,reducer.arg.dict,55,209704,7,13777047,13777049,209705,3,13777059,13777060,1
N17A4_KV,reducer.arg.dict,56,209706,7,13777061,13777063,209707,3,13777073,13777074,1
N17A4_LIST,reducer.args,209810,10,1
N17A4_ITEM,reducer.args,0,209711,11,13777087,0
N17A4_ARG_DICT,R26.name_memory.docs,6,209711
N17A4_DICT,reducer.arg.dict,209711,209711,11,49
N17A4_KV,reducer.arg.dict,0,209712,7,13777090,13777092,209713,3,13777095,13777096,1
N17A4_KV,reducer.arg.dict,1,209714,7,13777097,13777099,209715,3,13777102,13777103,1
N17A4_KV,reducer.arg.dict,2,209716,7,13777104,13777106,209717,3,13777109,13777110,2
N17A4_KV,reducer.arg.dict,3,209718,7,13777111,13777113,209719,3,13777116,13777117,2
N17A4_KV,reducer.arg.dict,4,209720,7,13777118,13777120,209721,3,13777123,13777124,1
N17A4_KV,reducer.arg.dict,5,209722,7,13777125,13777127,209723,3,13777130,13777131,1
N17A4_KV,reducer.arg.dict,6,209724,7,13777132,13777134,209725,3,13777137,13777138,1
N17A4_KV,reducer.arg.dict,7,209726,7,13777139,13777141,209727,3,13777144,13777145,1
N17A4_KV,reducer.arg.dict,8,209728,7,13777146,13777148,209729,3,13777152,13777153,1
N17A4_KV,reducer.arg.dict,9,209730,7,13777154,13777156,209731,3,13777160,13777161,1
N17A4_KV,reducer.arg.dict,10,209732,7,13777162,13777164,209733,3,13777168,13777169,2
N17A4_KV,reducer.arg.dict,11,209734,7,13777170,13777172,209735,3,13777176,13777177,1
N17A4_KV,reducer.arg.dict,12,209736,7,13777178,13777180,209737,3,13777184,13777185,1
N17A4_KV,reducer.arg.dict,13,209738,7,13777186,13777188,209739,3,13777192,13777193,1
N17A4_KV,reducer.arg.dict,14,209740,7,13777194,13777196,209741,3,13777200,13777201,1
N17A4_KV,reducer.arg.dict,15,209742,7,13777202,13777204,209743,3,13777208,13777209,1
N17A4_KV,reducer.arg.dict,16,209744,7,13777210,13777212,209745,3,13777217,13777218,1
N17A4_KV,reducer.arg.dict,17,209746,7,13777219,13777221,209747,3,13777226,13777227,1
N17A4_KV,reducer.arg.dict,18,209748,7,13777228,13777230,209749,3,13777235,13777236,1
N17A4_KV,reducer.arg.dict,19,209750,7,13777237,13777239,209751,3,13777244,13777245,1
N17A4_KV,reducer.arg.dict,20,209752,7,13777246,13777248,209753,3,13777253,13777254,1
N17A4_KV,reducer.arg.dict,21,209754,7,13777255,13777257,209755,3,13777262,13777263,1
N17A4_KV,reducer.arg.dict,22,209756,7,13777264,13777266,209757,3,13777271,13777272,1
N17A4_KV,reducer.arg.dict,23,209758,7,13777273,13777275,209759,3,13777280,13777281,1
N17A4_KV,reducer.arg.dict,24,209760,7,13777282,13777284,209761,3,13777290,13777291,1
N17A4_KV,reducer.arg.dict,25,209762,7,13777292,13777294,209763,3,13777300,13777301,1
N17A4_KV,reducer.arg.dict,26,209764,7,13777302,13777304,209765,3,13777310,13777311,1
N17A4_KV,reducer.arg.dict,27,209766,7,13777312,13777314,209767,3,13777320,13777321,1
N17A4_KV,reducer.arg.dict,28,209768,7,13777322,13777324,209769,3,13777330,13777331,1
N17A4_KV,reducer.arg.dict,29,209770,7,13777332,13777334,209771,3,13777340,13777341,1
N17A4_KV,reducer.arg.dict,30,209772,7,13777342,13777344,209773,3,13777350,13777351,1
N17A4_KV,reducer.arg.dict,31,209774,7,13777352,13777354,209775,3,13777361,13777362,1
N17A4_KV,reducer.arg.dict,32,209776,7,13777363,13777365,209777,3,13777372,13777373,1
N17A4_KV,reducer.arg.dict,33,209778,7,13777374,13777376,209779,3,13777383,13777384,1
N17A4_KV,reducer.arg.dict,34,209780,7,13777385,13777387,209781,3,13777394,13777395,1
N17A4_KV,reducer.arg.dict,35,209782,7,13777396,13777398,209783,3,13777405,13777406,1
N17A4_KV,reducer.arg.dict,36,209784,7,13777407,13777409,209785,3,13777416,13777417,1
N17A4_KV,reducer.arg.dict,37,209786,7,13777418,13777420,209787,3,13777428,13777429,1
N17A4_KV,reducer.arg.dict,38,209788,7,13777430,13777432,209789,3,13777440,13777441,1
N17A4_KV,reducer.arg.dict,39,209790,7,13777442,13777444,209791,3,13777452,13777453,1
N17A4_KV,reducer.arg.dict,40,209792,7,13777454,13777456,209793,3,13777464,13777465,1
N17A4_KV,reducer.arg.dict,41,209794,7,13777466,13777468,209795,3,13777476,13777477,1
N17A4_KV,reducer.arg.dict,42,209796,7,13777478,13777480,209797,3,13777489,13777490,1
N17A4_KV,reducer.arg.dict,43,209798,7,13777491,13777493,209799,3,13777502,13777503,1
N17A4_KV,reducer.arg.dict,44,209800,7,13777504,13777506,209801,3,13777515,13777516,1
N17A4_KV,reducer.arg.dict,45,209802,7,13777517,13777519,209803,3,13777528,13777529,1
N17A4_KV,reducer.arg.dict,46,209804,7,13777530,13777532,209805,3,13777542,13777543,1
N17A4_KV,reducer.arg.dict,47,209806,7,13777544,13777546,209807,3,13777556,13777557,1
N17A4_KV,reducer.arg.dict,48,209808,7,13777558,13777560,209809,3,13777570,13777571,1
N17A4_LIST,reducer.args,209928,10,1
N17A4_ITEM,reducer.args,0,209813,11,13777584,0
N17A4_ARG_DICT,R26.name_memory.docs,7,209813
N17A4_DICT,reducer.arg.dict,209813,209813,11,57
N17A4_KV,reducer.arg.dict,0,209814,7,13777587,13777589,209815,3,13777592,13777593,1
N17A4_KV,reducer.arg.dict,1,209816,7,13777594,13777596,209817,3,13777599,13777600,1
N17A4_KV,reducer.arg.dict,2,209818,7,13777601,13777603,209819,3,13777606,13777607,2
N17A4_KV,reducer.arg.dict,3,209820,7,13777608,13777610,209821,3,13777613,13777614,2
N17A4_KV,reducer.arg.dict,4,209822,7,13777615,13777617,209823,3,13777620,13777621,1
N17A4_KV,reducer.arg.dict,5,209824,7,13777622,13777624,209825,3,13777627,13777628,1
N17A4_KV,reducer.arg.dict,6,209826,7,13777629,13777631,209827,3,13777634,13777635,1
N17A4_KV,reducer.arg.dict,7,209828,7,13777636,13777638,209829,3,13777641,13777642,1
N17A4_KV,reducer.arg.dict,8,209830,7,13777643,13777645,209831,3,13777648,13777649,1
N17A4_KV,reducer.arg.dict,9,209832,7,13777650,13777652,209833,3,13777656,13777657,1
N17A4_KV,reducer.arg.dict,10,209834,7,13777658,13777660,209835,3,13777664,13777665,1
N17A4_KV,reducer.arg.dict,11,209836,7,13777666,13777668,209837,3,13777672,13777673,2
N17A4_KV,reducer.arg.dict,12,209838,7,13777674,13777676,209839,3,13777680,13777681,1
N17A4_KV,reducer.arg.dict,13,209840,7,13777682,13777684,209841,3,13777688,13777689,1
N17A4_KV,reducer.arg.dict,14,209842,7,13777690,13777692,209843,3,13777696,13777697,1
N17A4_KV,reducer.arg.dict,15,209844,7,13777698,13777700,209845,3,13777704,13777705,1
N17A4_KV,reducer.arg.dict,16,209846,7,13777706,13777708,209847,3,13777712,13777713,1
N17A4_KV,reducer.arg.dict,17,209848,7,13777714,13777716,209849,3,13777720,13777721,1
N17A4_KV,reducer.arg.dict,18,209850,7,13777722,13777724,209851,3,13777729,13777730,1
N17A4_KV,reducer.arg.dict,19,209852,7,13777731,13777733,209853,3,13777738,13777739,1
N17A4_KV,reducer.arg.dict,20,209854,7,13777740,13777742,209855,3,13777747,13777748,1
N17A4_KV,reducer.arg.dict,21,209856,7,13777749,13777751,209857,3,13777756,13777757,1
N17A4_KV,reducer.arg.dict,22,209858,7,13777758,13777760,209859,3,13777765,13777766,1
N17A4_KV,reducer.arg.dict,23,209860,7,13777767,13777769,209861,3,13777774,13777775,1
N17A4_KV,reducer.arg.dict,24,209862,7,13777776,13777778,209863,3,13777783,13777784,1
N17A4_KV,reducer.arg.dict,25,209864,7,13777785,13777787,209865,3,13777792,13777793,1
N17A4_KV,reducer.arg.dict,26,209866,7,13777794,13777796,209867,3,13777801,13777802,1
N17A4_KV,reducer.arg.dict,27,209868,7,13777803,13777805,209869,3,13777811,13777812,1
N17A4_KV,reducer.arg.dict,28,209870,7,13777813,13777815,209871,3,13777821,13777822,1
N17A4_KV,reducer.arg.dict,29,209872,7,13777823,13777825,209873,3,13777831,13777832,1
N17A4_KV,reducer.arg.dict,30,209874,7,13777833,13777835,209875,3,13777841,13777842,1
N17A4_KV,reducer.arg.dict,31,209876,7,13777843,13777845,209877,3,13777851,13777852,1
N17A4_KV,reducer.arg.dict,32,209878,7,13777853,13777855,209879,3,13777861,13777862,1
N17A4_KV,reducer.arg.dict,33,209880,7,13777863,13777865,209881,3,13777871,13777872,1
N17A4_KV,reducer.arg.dict,34,209882,7,13777873,13777875,209883,3,13777881,13777882,1
N17A4_KV,reducer.arg.dict,35,209884,7,13777883,13777885,209885,3,13777892,13777893,1
N17A4_KV,reducer.arg.dict,36,209886,7,13777894,13777896,209887,3,13777903,13777904,1
N17A4_KV,reducer.arg.dict,37,209888,7,13777905,13777907,209889,3,13777914,13777915,1
N17A4_KV,reducer.arg.dict,38,209890,7,13777916,13777918,209891,3,13777925,13777926,1
N17A4_KV,reducer.arg.dict,39,209892,7,13777927,13777929,209893,3,13777936,13777937,1
N17A4_KV,reducer.arg.dict,40,209894,7,13777938,13777940,209895,3,13777947,13777948,1
N17A4_KV,reducer.arg.dict,41,209896,7,13777949,13777951,209897,3,13777958,13777959,1
N17A4_KV,reducer.arg.dict,42,209898,7,13777960,13777962,209899,3,13777970,13777971,1
N17A4_KV,reducer.arg.dict,43,209900,7,13777972,13777974,209901,3,13777982,13777983,1
N17A4_KV,reducer.arg.dict,44,209902,7,13777984,13777986,209903,3,13777994,13777995,1
N17A4_KV,reducer.arg.dict,45,209904,7,13777996,13777998,209905,3,13778006,13778007,1
N17A4_KV,reducer.arg.dict,46,209906,7,13778008,13778010,209907,3,13778018,13778019,1
N17A4_KV,reducer.arg.dict,47,209908,7,13778020,13778022,209909,3,13778030,13778031,1
N17A4_KV,reducer.arg.dict,48,209910,7,13778032,13778034,209911,3,13778043,13778044,1
N17A4_KV,reducer.arg.dict,49,209912,7,13778045,13778047,209913,3,13778056,13778057,1
N17A4_KV,reducer.arg.dict,50,209914,7,13778058,13778060,209915,3,13778069,13778070,1
N17A4_KV,reducer.arg.dict,51,209916,7,13778071,13778073,209917,3,13778082,13778083,1
N17A4_KV,reducer.arg.dict,52,209918,7,13778084,13778086,209919,3,13778095,13778096,1
N17A4_KV,reducer.arg.dict,53,209920,7,13778097,13778099,209921,3,13778109,13778110,1
N17A4_KV,reducer.arg.dict,54,209922,7,13778111,13778113,209923,3,13778123,13778124,1
N17A4_KV,reducer.arg.dict,55,209924,7,13778125,13778127,209925,3,13778137,13778138,1
N17A4_KV,reducer.arg.dict,56,209926,7,13778139,13778141,209927,3,13778151,13778152,1
N17A4_DICT,R26.abstraction.s2g.centroids,210265,210265,11,6
N17A4_KV,R26.abstraction.s2g.centroids,0,210266,3,13781123,13781124,210267,11,13781125,0,-9223372036854775807
N17A4_KV,R26.abstraction.s2g.centroids,1,213830,3,13810273,13810274,213831,11,13810275,0,-9223372036854775807
N17A4_KV,R26.abstraction.s2g.centroids,2,217722,3,13842139,13842140,217723,11,13842141,0,-9223372036854775807
N17A4_KV,R26.abstraction.s2g.centroids,3,220714,3,13866615,13866616,220715,11,13866617,0,-9223372036854775807
N17A4_KV,R26.abstraction.s2g.centroids,4,224200,3,13895164,13895165,224201,11,13895166,0,-9223372036854775807
N17A4_KV,R26.abstraction.s2g.centroids,5,227724,3,13924100,13924101,227725,11,13924102,0,-9223372036854775807
N17A4_DICT,centroid.motifs,210267,210267,11,1781
N17A4_KV,centroid.motifs,0,210268,7,13781128,13781130,210269,5,13781133,13781134,-9223372036854775807
N17A4_KV,centroid.motifs,1,210270,7,13781142,13781144,210271,5,13781147,13781148,-9223372036854775807
N17A4_KV,centroid.motifs,2,210272,7,13781156,13781158,210273,5,13781161,13781162,-9223372036854775807
N17A4_KV,centroid.motifs,3,210274,7,13781170,13781172,210275,5,13781175,13781176,-9223372036854775807
N17A4_KV,centroid.motifs,4,210276,7,13781184,13781186,210277,5,13781189,13781190,-9223372036854775807
N17A4_KV,centroid.motifs,5,210278,7,13781198,13781200,210279,5,13781203,13781204,-9223372036854775807
N17A4_KV,centroid.motifs,6,210280,7,13781212,13781214,210281,5,13781217,13781218,-9223372036854775807
N17A4_KV,centroid.motifs,7,210282,7,13781226,13781228,210283,5,13781231,13781232,-9223372036854775807
N17A4_KV,centroid.motifs,8,210284,7,13781240,13781242,210285,5,13781245,13781246,-9223372036854775807
N17A4_KV,centroid.motifs,9,210286,7,13781254,13781256,210287,5,13781259,13781260,-9223372036854775807
N17A4_KV,centroid.motifs,10,210288,7,13781268,13781270,210289,5,13781273,13781274,-9223372036854775807
N17A4_KV,centroid.motifs,11,210290,7,13781282,13781284,210291,5,13781287,13781288,-9223372036854775807
N17A4_KV,centroid.motifs,12,210292,7,13781296,13781298,210293,5,13781301,13781302,-9223372036854775807
N17A4_KV,centroid.motifs,13,210294,7,13781310,13781312,210295,5,13781315,13781316,-9223372036854775807
N17A4_KV,centroid.motifs,14,210296,7,13781324,13781326,210297,5,13781329,13781330,-9223372036854775807
N17A4_KV,centroid.motifs,15,210298,7,13781338,13781340,210299,5,13781343,13781344,-9223372036854775807
N17A4_KV,centroid.motifs,16,210300,7,13781352,13781354,210301,5,13781357,13781358,-9223372036854775807
N17A4_KV,centroid.motifs,17,210302,7,13781366,13781368,210303,5,13781371,13781372,-9223372036854775807
N17A4_KV,centroid.motifs,18,210304,7,13781380,13781382,210305,5,13781385,13781386,-9223372036854775807
N17A4_KV,centroid.motifs,19,210306,7,13781394,13781396,210307,5,13781399,13781400,-9223372036854775807
N17A4_KV,centroid.motifs,20,210308,7,13781408,13781410,210309,5,13781413,13781414,-9223372036854775807
N17A4_KV,centroid.motifs,21,210310,7,13781422,13781424,210311,5,13781427,13781428,-9223372036854775807
N17A4_KV,centroid.motifs,22,210312,7,13781436,13781438,210313,5,13781441,13781442,-9223372036854775807
N17A4_KV,centroid.motifs,23,210314,7,13781450,13781452,210315,5,13781455,13781456,-9223372036854775807
N17A4_KV,centroid.motifs,24,210316,7,13781464,13781466,210317,5,13781469,13781470,-9223372036854775807
N17A4_KV,centroid.motifs,25,210318,7,13781478,13781480,210319,5,13781483,13781484,-9223372036854775807
N17A4_KV,centroid.motifs,26,210320,7,13781492,13781494,210321,5,13781497,13781498,-9223372036854775807
N17A4_KV,centroid.motifs,27,210322,7,13781506,13781508,210323,5,13781511,13781512,-9223372036854775807
N17A4_KV,centroid.motifs,28,210324,7,13781520,13781522,210325,5,13781525,13781526,-9223372036854775807
N17A4_KV,centroid.motifs,29,210326,7,13781534,13781536,210327,5,13781539,13781540,-9223372036854775807
N17A4_KV,centroid.motifs,30,210328,7,13781548,13781550,210329,5,13781553,13781554,-9223372036854775807
N17A4_KV,centroid.motifs,31,210330,7,13781562,13781564,210331,5,13781567,13781568,-9223372036854775807
N17A4_KV,centroid.motifs,32,210332,7,13781576,13781578,210333,5,13781581,13781582,-9223372036854775807
N17A4_KV,centroid.motifs,33,210334,7,13781590,13781592,210335,5,13781595,13781596,-9223372036854775807
N17A4_KV,centroid.motifs,34,210336,7,13781604,13781606,210337,5,13781609,13781610,-9223372036854775807
N17A4_KV,centroid.motifs,35,210338,7,13781618,13781620,210339,5,13781623,13781624,-9223372036854775807
N17A4_KV,centroid.motifs,36,210340,7,13781632,13781634,210341,5,13781637,13781638,-9223372036854775807
N17A4_KV,centroid.motifs,37,210342,7,13781646,13781648,210343,5,13781651,13781652,-9223372036854775807
N17A4_KV,centroid.motifs,38,210344,7,13781660,13781662,210345,5,13781665,13781666,-9223372036854775807
N17A4_KV,centroid.motifs,39,210346,7,13781674,13781676,210347,5,13781679,13781680,-9223372036854775807
N17A4_KV,centroid.motifs,40,210348,7,13781688,13781690,210349,5,13781693,13781694,-9223372036854775807
N17A4_KV,centroid.motifs,41,210350,7,13781702,13781704,210351,5,13781707,13781708,-9223372036854775807
N17A4_KV,centroid.motifs,42,210352,7,13781716,13781718,210353,5,13781721,13781722,-9223372036854775807
N17A4_KV,centroid.motifs,43,210354,7,13781730,13781732,210355,5,13781735,13781736,-9223372036854775807
N17A4_KV,centroid.motifs,44,210356,7,13781744,13781746,210357,5,13781749,13781750,-9223372036854775807
N17A4_KV,centroid.motifs,45,210358,7,13781758,13781760,210359,5,13781763,13781764,-9223372036854775807
N17A4_KV,centroid.motifs,46,210360,7,13781772,13781774,210361,5,13781777,13781778,-9223372036854775807
N17A4_KV,centroid.motifs,47,210362,7,13781786,13781788,210363,5,13781792,13781793,-9223372036854775807
N17A4_KV,centroid.motifs,48,210364,7,13781801,13781803,210365,5,13781807,13781808,-9223372036854775807
N17A4_KV,centroid.motifs,49,210366,7,13781816,13781818,210367,5,13781822,13781823,-9223372036854775807
N17A4_KV,centroid.motifs,50,210368,7,13781831,13781833,210369,5,13781837,13781838,-9223372036854775807
N17A4_KV,centroid.motifs,51,210370,7,13781846,13781848,210371,5,13781852,13781853,-9223372036854775807
N17A4_KV,centroid.motifs,52,210372,7,13781861,13781863,210373,5,13781867,13781868,-9223372036854775807
N17A4_KV,centroid.motifs,53,210374,7,13781876,13781878,210375,5,13781882,13781883,-9223372036854775807
N17A4_KV,centroid.motifs,54,210376,7,13781891,13781893,210377,5,13781897,13781898,-9223372036854775807
N17A4_KV,centroid.motifs,55,210378,7,13781906,13781908,210379,5,13781912,13781913,-9223372036854775807
N17A4_KV,centroid.motifs,56,210380,7,13781921,13781923,210381,5,13781927,13781928,-9223372036854775807
N17A4_KV,centroid.motifs,57,210382,7,13781936,13781938,210383,5,13781942,13781943,-9223372036854775807
N17A4_KV,centroid.motifs,58,210384,7,13781951,13781953,210385,5,13781957,13781958,-9223372036854775807
N17A4_KV,centroid.motifs,59,210386,7,13781966,13781968,210387,5,13781972,13781973,-9223372036854775807
N17A4_KV,centroid.motifs,60,210388,7,13781981,13781983,210389,5,13781987,13781988,-9223372036854775807
N17A4_KV,centroid.motifs,61,210390,7,13781996,13781998,210391,5,13782002,13782003,-9223372036854775807
N17A4_KV,centroid.motifs,62,210392,7,13782011,13782013,210393,5,13782017,13782018,-9223372036854775807
N17A4_KV,centroid.motifs,63,210394,7,13782026,13782028,210395,5,13782032,13782033,-9223372036854775807
N17A4_KV,centroid.motifs,64,210396,7,13782041,13782043,210397,5,13782047,13782048,-9223372036854775807
N17A4_KV,centroid.motifs,65,210398,7,13782056,13782058,210399,5,13782062,13782063,-9223372036854775807
N17A4_KV,centroid.motifs,66,210400,7,13782071,13782073,210401,5,13782077,13782078,-9223372036854775807
N17A4_KV,centroid.motifs,67,210402,7,13782086,13782088,210403,5,13782092,13782093,-9223372036854775807
N17A4_KV,centroid.motifs,68,210404,7,13782101,13782103,210405,5,13782107,13782108,-9223372036854775807
N17A4_KV,centroid.motifs,69,210406,7,13782116,13782118,210407,5,13782122,13782123,-9223372036854775807
N17A4_KV,centroid.motifs,70,210408,7,13782131,13782133,210409,5,13782137,13782138,-9223372036854775807
N17A4_KV,centroid.motifs,71,210410,7,13782146,13782148,210411,5,13782152,13782153,-9223372036854775807
N17A4_KV,centroid.motifs,72,210412,7,13782161,13782163,210413,5,13782167,13782168,-9223372036854775807
N17A4_KV,centroid.motifs,73,210414,7,13782176,13782178,210415,5,13782182,13782183,-9223372036854775807
N17A4_KV,centroid.motifs,74,210416,7,13782191,13782193,210417,5,13782197,13782198,-9223372036854775807
N17A4_KV,centroid.motifs,75,210418,7,13782206,13782208,210419,5,13782212,13782213,-9223372036854775807
N17A4_KV,centroid.motifs,76,210420,7,13782221,13782223,210421,5,13782227,13782228,-9223372036854775807
N17A4_KV,centroid.motifs,77,210422,7,13782236,13782238,210423,5,13782242,13782243,-9223372036854775807
N17A4_KV,centroid.motifs,78,210424,7,13782251,13782253,210425,5,13782257,13782258,-9223372036854775807
N17A4_KV,centroid.motifs,79,210426,7,13782266,13782268,210427,5,13782272,13782273,-9223372036854775807
N17A4_KV,centroid.motifs,80,210428,7,13782281,13782283,210429,5,13782287,13782288,-9223372036854775807
N17A4_KV,centroid.motifs,81,210430,7,13782296,13782298,210431,5,13782302,13782303,-9223372036854775807
N17A4_KV,centroid.motifs,82,210432,7,13782311,13782313,210433,5,13782317,13782318,-9223372036854775807
N17A4_KV,centroid.motifs,83,210434,7,13782326,13782328,210435,5,13782332,13782333,-9223372036854775807
N17A4_KV,centroid.motifs,84,210436,7,13782341,13782343,210437,5,13782347,13782348,-9223372036854775807
N17A4_KV,centroid.motifs,85,210438,7,13782356,13782358,210439,5,13782362,13782363,-9223372036854775807
N17A4_KV,centroid.motifs,86,210440,7,13782371,13782373,210441,5,13782377,13782378,-9223372036854775807
N17A4_KV,centroid.motifs,87,210442,7,13782386,13782388,210443,5,13782392,13782393,-9223372036854775807
N17A4_KV,centroid.motifs,88,210444,7,13782401,13782403,210445,5,13782407,13782408,-9223372036854775807
N17A4_KV,centroid.motifs,89,210446,7,13782416,13782418,210447,5,13782422,13782423,-9223372036854775807
N17A4_KV,centroid.motifs,90,210448,7,13782431,13782433,210449,5,13782437,13782438,-9223372036854775807
N17A4_KV,centroid.motifs,91,210450,7,13782446,13782448,210451,5,13782452,13782453,-9223372036854775807
N17A4_KV,centroid.motifs,92,210452,7,13782461,13782463,210453,5,13782467,13782468,-9223372036854775807
N17A4_KV,centroid.motifs,93,210454,7,13782476,13782478,210455,5,13782482,13782483,-9223372036854775807
N17A4_KV,centroid.motifs,94,210456,7,13782491,13782493,210457,5,13782497,13782498,-9223372036854775807
N17A4_KV,centroid.motifs,95,210458,7,13782506,13782508,210459,5,13782512,13782513,-9223372036854775807
N17A4_KV,centroid.motifs,96,210460,7,13782521,13782523,210461,5,13782527,13782528,-9223372036854775807
N17A4_KV,centroid.motifs,97,210462,7,13782536,13782538,210463,5,13782542,13782543,-9223372036854775807
N17A4_KV,centroid.motifs,98,210464,7,13782551,13782553,210465,5,13782557,13782558,-9223372036854775807
N17A4_KV,centroid.motifs,99,210466,7,13782566,13782568,210467,5,13782572,13782573,-9223372036854775807
N17A4_KV,centroid.motifs,100,210468,7,13782581,13782583,210469,5,13782587,13782588,-9223372036854775807
N17A4_KV,centroid.motifs,101,210470,7,13782596,13782598,210471,5,13782602,13782603,-9223372036854775807
N17A4_KV,centroid.motifs,102,210472,7,13782611,13782613,210473,5,13782618,13782619,-9223372036854775807
N17A4_KV,centroid.motifs,103,210474,7,13782627,13782629,210475,5,13782634,13782635,-9223372036854775807
N17A4_KV,centroid.motifs,104,210476,7,13782643,13782645,210477,5,13782650,13782651,-9223372036854775807
N17A4_KV,centroid.motifs,105,210478,7,13782659,13782661,210479,5,13782666,13782667,-9223372036854775807
N17A4_KV,centroid.motifs,106,210480,7,13782675,13782677,210481,5,13782682,13782683,-9223372036854775807
N17A4_KV,centroid.motifs,107,210482,7,13782691,13782693,210483,5,13782698,13782699,-9223372036854775807
N17A4_KV,centroid.motifs,108,210484,7,13782707,13782709,210485,5,13782714,13782715,-9223372036854775807
N17A4_KV,centroid.motifs,109,210486,7,13782723,13782725,210487,5,13782730,13782731,-9223372036854775807
N17A4_KV,centroid.motifs,110,210488,7,13782739,13782741,210489,5,13782746,13782747,-9223372036854775807
N17A4_KV,centroid.motifs,111,210490,7,13782755,13782757,210491,5,13782762,13782763,-9223372036854775807
N17A4_KV,centroid.motifs,112,210492,7,13782771,13782773,210493,5,13782778,13782779,-9223372036854775807
N17A4_KV,centroid.motifs,113,210494,7,13782787,13782789,210495,5,13782794,13782795,-9223372036854775807
N17A4_KV,centroid.motifs,114,210496,7,13782803,13782805,210497,5,13782810,13782811,-9223372036854775807
N17A4_KV,centroid.motifs,115,210498,7,13782819,13782821,210499,5,13782826,13782827,-9223372036854775807
N17A4_KV,centroid.motifs,116,210500,7,13782835,13782837,210501,5,13782842,13782843,-9223372036854775807
N17A4_KV,centroid.motifs,117,210502,7,13782851,13782853,210503,5,13782858,13782859,-9223372036854775807
N17A4_KV,centroid.motifs,118,210504,7,13782867,13782869,210505,5,13782874,13782875,-9223372036854775807
N17A4_KV,centroid.motifs,119,210506,7,13782883,13782885,210507,5,13782890,13782891,-9223372036854775807
N17A4_KV,centroid.motifs,120,210508,7,13782899,13782901,210509,5,13782906,13782907,-9223372036854775807
N17A4_KV,centroid.motifs,121,210510,7,13782915,13782917,210511,5,13782922,13782923,-9223372036854775807
N17A4_KV,centroid.motifs,122,210512,7,13782931,13782933,210513,5,13782938,13782939,-9223372036854775807
N17A4_KV,centroid.motifs,123,210514,7,13782947,13782949,210515,5,13782954,13782955,-9223372036854775807
N17A4_KV,centroid.motifs,124,210516,7,13782963,13782965,210517,5,13782970,13782971,-9223372036854775807
N17A4_KV,centroid.motifs,125,210518,7,13782979,13782981,210519,5,13782986,13782987,-9223372036854775807
N17A4_KV,centroid.motifs,126,210520,7,13782995,13782997,210521,5,13783002,13783003,-9223372036854775807
N17A4_KV,centroid.motifs,127,210522,7,13783011,13783013,210523,5,13783018,13783019,-9223372036854775807
N17A4_KV,centroid.motifs,128,210524,7,13783027,13783029,210525,5,13783034,13783035,-9223372036854775807
N17A4_KV,centroid.motifs,129,210526,7,13783043,13783045,210527,5,13783050,13783051,-9223372036854775807
N17A4_KV,centroid.motifs,130,210528,7,13783059,13783061,210529,5,13783066,13783067,-9223372036854775807
N17A4_KV,centroid.motifs,131,210530,7,13783075,13783077,210531,5,13783082,13783083,-9223372036854775807
N17A4_KV,centroid.motifs,132,210532,7,13783091,13783093,210533,5,13783098,13783099,-9223372036854775807
N17A4_KV,centroid.motifs,133,210534,7,13783107,13783109,210535,5,13783114,13783115,-9223372036854775807
N17A4_KV,centroid.motifs,134,210536,7,13783123,13783125,210537,5,13783130,13783131,-9223372036854775807
N17A4_KV,centroid.motifs,135,210538,7,13783139,13783141,210539,5,13783146,13783147,-9223372036854775807
N17A4_KV,centroid.motifs,136,210540,7,13783155,13783157,210541,5,13783162,13783163,-9223372036854775807
N17A4_KV,centroid.motifs,137,210542,7,13783171,13783173,210543,5,13783178,13783179,-9223372036854775807
N17A4_KV,centroid.motifs,138,210544,7,13783187,13783189,210545,5,13783194,13783195,-9223372036854775807
N17A4_KV,centroid.motifs,139,210546,7,13783203,13783205,210547,5,13783210,13783211,-9223372036854775807
N17A4_KV,centroid.motifs,140,210548,7,13783219,13783221,210549,5,13783226,13783227,-9223372036854775807
N17A4_KV,centroid.motifs,141,210550,7,13783235,13783237,210551,5,13783242,13783243,-9223372036854775807
N17A4_KV,centroid.motifs,142,210552,7,13783251,13783253,210553,5,13783258,13783259,-9223372036854775807
N17A4_KV,centroid.motifs,143,210554,7,13783267,13783269,210555,5,13783274,13783275,-9223372036854775807
N17A4_KV,centroid.motifs,144,210556,7,13783283,13783285,210557,5,13783290,13783291,-9223372036854775807
N17A4_KV,centroid.motifs,145,210558,7,13783299,13783301,210559,5,13783306,13783307,-9223372036854775807
N17A4_KV,centroid.motifs,146,210560,7,13783315,13783317,210561,5,13783322,13783323,-9223372036854775807
N17A4_KV,centroid.motifs,147,210562,7,13783331,13783333,210563,5,13783338,13783339,-9223372036854775807
N17A4_KV,centroid.motifs,148,210564,7,13783347,13783349,210565,5,13783354,13783355,-9223372036854775807
N17A4_KV,centroid.motifs,149,210566,7,13783363,13783365,210567,5,13783370,13783371,-9223372036854775807
N17A4_KV,centroid.motifs,150,210568,7,13783379,13783381,210569,5,13783386,13783387,-9223372036854775807
N17A4_KV,centroid.motifs,151,210570,7,13783395,13783397,210571,5,13783402,13783403,-9223372036854775807
N17A4_KV,centroid.motifs,152,210572,7,13783411,13783413,210573,5,13783418,13783419,-9223372036854775807
N17A4_KV,centroid.motifs,153,210574,7,13783427,13783429,210575,5,13783434,13783435,-9223372036854775807
N17A4_KV,centroid.motifs,154,210576,7,13783443,13783445,210577,5,13783450,13783451,-9223372036854775807
N17A4_KV,centroid.motifs,155,210578,7,13783459,13783461,210579,5,13783466,13783467,-9223372036854775807
N17A4_KV,centroid.motifs,156,210580,7,13783475,13783477,210581,5,13783483,13783484,-9223372036854775807
N17A4_KV,centroid.motifs,157,210582,7,13783492,13783494,210583,5,13783500,13783501,-9223372036854775807
N17A4_KV,centroid.motifs,158,210584,7,13783509,13783511,210585,5,13783517,13783518,-9223372036854775807
N17A4_KV,centroid.motifs,159,210586,7,13783526,13783528,210587,5,13783534,13783535,-9223372036854775807
N17A4_KV,centroid.motifs,160,210588,7,13783543,13783545,210589,5,13783551,13783552,-9223372036854775807
N17A4_KV,centroid.motifs,161,210590,7,13783560,13783562,210591,5,13783568,13783569,-9223372036854775807
N17A4_KV,centroid.motifs,162,210592,7,13783577,13783579,210593,5,13783585,13783586,-9223372036854775807
N17A4_KV,centroid.motifs,163,210594,7,13783594,13783596,210595,5,13783602,13783603,-9223372036854775807
N17A4_KV,centroid.motifs,164,210596,7,13783611,13783613,210597,5,13783619,13783620,-9223372036854775807
N17A4_KV,centroid.motifs,165,210598,7,13783628,13783630,210599,5,13783636,13783637,-9223372036854775807
N17A4_KV,centroid.motifs,166,210600,7,13783645,13783647,210601,5,13783653,13783654,-9223372036854775807
N17A4_KV,centroid.motifs,167,210602,7,13783662,13783664,210603,5,13783670,13783671,-9223372036854775807
N17A4_KV,centroid.motifs,168,210604,7,13783679,13783681,210605,5,13783687,13783688,-9223372036854775807
N17A4_KV,centroid.motifs,169,210606,7,13783696,13783698,210607,5,13783704,13783705,-9223372036854775807
N17A4_KV,centroid.motifs,170,210608,7,13783713,13783715,210609,5,13783721,13783722,-9223372036854775807
N17A4_KV,centroid.motifs,171,210610,7,13783730,13783732,210611,5,13783738,13783739,-9223372036854775807
N17A4_KV,centroid.motifs,172,210612,7,13783747,13783749,210613,5,13783755,13783756,-9223372036854775807
N17A4_KV,centroid.motifs,173,210614,7,13783764,13783766,210615,5,13783772,13783773,-9223372036854775807
N17A4_KV,centroid.motifs,174,210616,7,13783781,13783783,210617,5,13783789,13783790,-9223372036854775807
N17A4_KV,centroid.motifs,175,210618,7,13783798,13783800,210619,5,13783806,13783807,-9223372036854775807
N17A4_KV,centroid.motifs,176,210620,7,13783815,13783817,210621,5,13783823,13783824,-9223372036854775807
N17A4_KV,centroid.motifs,177,210622,7,13783832,13783834,210623,5,13783840,13783841,-9223372036854775807
N17A4_KV,centroid.motifs,178,210624,7,13783849,13783851,210625,5,13783857,13783858,-9223372036854775807
N17A4_KV,centroid.motifs,179,210626,7,13783866,13783868,210627,5,13783874,13783875,-9223372036854775807
N17A4_KV,centroid.motifs,180,210628,7,13783883,13783885,210629,5,13783891,13783892,-9223372036854775807
N17A4_KV,centroid.motifs,181,210630,7,13783900,13783902,210631,5,13783908,13783909,-9223372036854775807
N17A4_KV,centroid.motifs,182,210632,7,13783917,13783919,210633,5,13783925,13783926,-9223372036854775807
N17A4_KV,centroid.motifs,183,210634,7,13783934,13783936,210635,5,13783942,13783943,-9223372036854775807
N17A4_KV,centroid.motifs,184,210636,7,13783951,13783953,210637,5,13783959,13783960,-9223372036854775807
N17A4_KV,centroid.motifs,185,210638,7,13783968,13783970,210639,5,13783976,13783977,-9223372036854775807
N17A4_KV,centroid.motifs,186,210640,7,13783985,13783987,210641,5,13783993,13783994,-9223372036854775807
N17A4_KV,centroid.motifs,187,210642,7,13784002,13784004,210643,5,13784010,13784011,-9223372036854775807
N17A4_KV,centroid.motifs,188,210644,7,13784019,13784021,210645,5,13784027,13784028,-9223372036854775807
N17A4_KV,centroid.motifs,189,210646,7,13784036,13784038,210647,5,13784044,13784045,-9223372036854775807
N17A4_KV,centroid.motifs,190,210648,7,13784053,13784055,210649,5,13784061,13784062,-9223372036854775807
N17A4_KV,centroid.motifs,191,210650,7,13784070,13784072,210651,5,13784078,13784079,-9223372036854775807
N17A4_KV,centroid.motifs,192,210652,7,13784087,13784089,210653,5,13784095,13784096,-9223372036854775807
N17A4_KV,centroid.motifs,193,210654,7,13784104,13784106,210655,5,13784112,13784113,-9223372036854775807
N17A4_KV,centroid.motifs,194,210656,7,13784121,13784123,210657,5,13784129,13784130,-9223372036854775807
N17A4_KV,centroid.motifs,195,210658,7,13784138,13784140,210659,5,13784146,13784147,-9223372036854775807
N17A4_KV,centroid.motifs,196,210660,7,13784155,13784157,210661,5,13784163,13784164,-9223372036854775807
N17A4_KV,centroid.motifs,197,210662,7,13784172,13784174,210663,5,13784180,13784181,-9223372036854775807
N17A4_KV,centroid.motifs,198,210664,7,13784189,13784191,210665,5,13784197,13784198,-9223372036854775807
N17A4_KV,centroid.motifs,199,210666,7,13784206,13784208,210667,5,13784214,13784215,-9223372036854775807
N17A4_KV,centroid.motifs,200,210668,7,13784223,13784225,210669,5,13784231,13784232,-9223372036854775807
N17A4_KV,centroid.motifs,201,210670,7,13784240,13784242,210671,5,13784248,13784249,-9223372036854775807
N17A4_KV,centroid.motifs,202,210672,7,13784257,13784259,210673,5,13784265,13784266,-9223372036854775807
N17A4_KV,centroid.motifs,203,210674,7,13784274,13784276,210675,5,13784282,13784283,-9223372036854775807
N17A4_KV,centroid.motifs,204,210676,7,13784291,13784293,210677,5,13784299,13784300,-9223372036854775807
N17A4_KV,centroid.motifs,205,210678,7,13784308,13784310,210679,5,13784316,13784317,-9223372036854775807
N17A4_KV,centroid.motifs,206,210680,7,13784325,13784327,210681,5,13784333,13784334,-9223372036854775807
N17A4_KV,centroid.motifs,207,210682,7,13784342,13784344,210683,5,13784350,13784351,-9223372036854775807
N17A4_KV,centroid.motifs,208,210684,7,13784359,13784361,210685,5,13784367,13784368,-9223372036854775807
N17A4_KV,centroid.motifs,209,210686,7,13784376,13784378,210687,5,13784385,13784386,-9223372036854775807
N17A4_KV,centroid.motifs,210,210688,7,13784394,13784396,210689,5,13784403,13784404,-9223372036854775807
N17A4_KV,centroid.motifs,211,210690,7,13784412,13784414,210691,5,13784421,13784422,-9223372036854775807
N17A4_KV,centroid.motifs,212,210692,7,13784430,13784432,210693,5,13784439,13784440,-9223372036854775807
N17A4_KV,centroid.motifs,213,210694,7,13784448,13784450,210695,5,13784457,13784458,-9223372036854775807
N17A4_KV,centroid.motifs,214,210696,7,13784466,13784468,210697,5,13784475,13784476,-9223372036854775807
N17A4_KV,centroid.motifs,215,210698,7,13784484,13784486,210699,5,13784493,13784494,-9223372036854775807
N17A4_KV,centroid.motifs,216,210700,7,13784502,13784504,210701,5,13784511,13784512,-9223372036854775807
N17A4_KV,centroid.motifs,217,210702,7,13784520,13784522,210703,5,13784529,13784530,-9223372036854775807
N17A4_KV,centroid.motifs,218,210704,7,13784538,13784540,210705,5,13784547,13784548,-9223372036854775807
N17A4_KV,centroid.motifs,219,210706,7,13784556,13784558,210707,5,13784565,13784566,-9223372036854775807
N17A4_KV,centroid.motifs,220,210708,7,13784574,13784576,210709,5,13784583,13784584,-9223372036854775807
N17A4_KV,centroid.motifs,221,210710,7,13784592,13784594,210711,5,13784601,13784602,-9223372036854775807
N17A4_KV,centroid.motifs,222,210712,7,13784610,13784612,210713,5,13784619,13784620,-9223372036854775807
N17A4_KV,centroid.motifs,223,210714,7,13784628,13784630,210715,5,13784637,13784638,-9223372036854775807
N17A4_KV,centroid.motifs,224,210716,7,13784646,13784648,210717,5,13784655,13784656,-9223372036854775807
N17A4_KV,centroid.motifs,225,210718,7,13784664,13784666,210719,5,13784673,13784674,-9223372036854775807
N17A4_KV,centroid.motifs,226,210720,7,13784682,13784684,210721,5,13784691,13784692,-9223372036854775807
N17A4_KV,centroid.motifs,227,210722,7,13784700,13784702,210723,5,13784709,13784710,-9223372036854775807
N17A4_KV,centroid.motifs,228,210724,7,13784718,13784720,210725,5,13784727,13784728,-9223372036854775807
N17A4_KV,centroid.motifs,229,210726,7,13784736,13784738,210727,5,13784745,13784746,-9223372036854775807
N17A4_KV,centroid.motifs,230,210728,7,13784754,13784756,210729,5,13784763,13784764,-9223372036854775807
N17A4_KV,centroid.motifs,231,210730,7,13784772,13784774,210731,5,13784781,13784782,-9223372036854775807
N17A4_KV,centroid.motifs,232,210732,7,13784790,13784792,210733,5,13784799,13784800,-9223372036854775807
N17A4_KV,centroid.motifs,233,210734,7,13784808,13784810,210735,5,13784817,13784818,-9223372036854775807
N17A4_KV,centroid.motifs,234,210736,7,13784826,13784828,210737,5,13784835,13784836,-9223372036854775807
N17A4_KV,centroid.motifs,235,210738,7,13784844,13784846,210739,5,13784853,13784854,-9223372036854775807
N17A4_KV,centroid.motifs,236,210740,7,13784862,13784864,210741,5,13784871,13784872,-9223372036854775807
N17A4_KV,centroid.motifs,237,210742,7,13784880,13784882,210743,5,13784889,13784890,-9223372036854775807
N17A4_KV,centroid.motifs,238,210744,7,13784898,13784900,210745,5,13784907,13784908,-9223372036854775807
N17A4_KV,centroid.motifs,239,210746,7,13784916,13784918,210747,5,13784925,13784926,-9223372036854775807
N17A4_KV,centroid.motifs,240,210748,7,13784934,13784936,210749,5,13784943,13784944,-9223372036854775807
N17A4_KV,centroid.motifs,241,210750,7,13784952,13784954,210751,5,13784961,13784962,-9223372036854775807
N17A4_KV,centroid.motifs,242,210752,7,13784970,13784972,210753,5,13784979,13784980,-9223372036854775807
N17A4_KV,centroid.motifs,243,210754,7,13784988,13784990,210755,5,13784997,13784998,-9223372036854775807
N17A4_KV,centroid.motifs,244,210756,7,13785006,13785008,210757,5,13785015,13785016,-9223372036854775807
N17A4_KV,centroid.motifs,245,210758,7,13785024,13785026,210759,5,13785033,13785034,-9223372036854775807
N17A4_KV,centroid.motifs,246,210760,7,13785042,13785044,210761,5,13785051,13785052,-9223372036854775807
N17A4_KV,centroid.motifs,247,210762,7,13785060,13785062,210763,5,13785069,13785070,-9223372036854775807
N17A4_KV,centroid.motifs,248,210764,7,13785078,13785080,210765,5,13785087,13785088,-9223372036854775807
N17A4_KV,centroid.motifs,249,210766,7,13785096,13785098,210767,5,13785105,13785106,-9223372036854775807
N17A4_KV,centroid.motifs,250,210768,7,13785114,13785116,210769,5,13785123,13785124,-9223372036854775807
N17A4_KV,centroid.motifs,251,210770,7,13785132,13785134,210771,5,13785141,13785142,-9223372036854775807
N17A4_KV,centroid.motifs,252,210772,7,13785150,13785152,210773,5,13785159,13785160,-9223372036854775807
N17A4_KV,centroid.motifs,253,210774,7,13785168,13785170,210775,5,13785177,13785178,-9223372036854775807
N17A4_KV,centroid.motifs,254,210776,7,13785186,13785188,210777,5,13785195,13785196,-9223372036854775807
N17A4_KV,centroid.motifs,255,210778,7,13785204,13785206,210779,5,13785213,13785214,-9223372036854775807
N17A4_KV,centroid.motifs,256,210780,7,13785222,13785224,210781,5,13785231,13785232,-9223372036854775807
N17A4_KV,centroid.motifs,257,210782,7,13785240,13785242,210783,5,13785249,13785250,-9223372036854775807
N17A4_KV,centroid.motifs,258,210784,7,13785258,13785260,210785,5,13785267,13785268,-9223372036854775807
N17A4_KV,centroid.motifs,259,210786,7,13785276,13785278,210787,5,13785285,13785286,-9223372036854775807
N17A4_KV,centroid.motifs,260,210788,7,13785294,13785296,210789,5,13785303,13785304,-9223372036854775807
N17A4_KV,centroid.motifs,261,210790,7,13785312,13785314,210791,5,13785317,13785318,-9223372036854775807
N17A4_KV,centroid.motifs,262,210792,7,13785326,13785328,210793,5,13785331,13785332,-9223372036854775807
N17A4_KV,centroid.motifs,263,210794,7,13785340,13785342,210795,5,13785345,13785346,-9223372036854775807
N17A4_KV,centroid.motifs,264,210796,7,13785354,13785356,210797,5,13785359,13785360,-9223372036854775807
N17A4_KV,centroid.motifs,265,210798,7,13785368,13785370,210799,5,13785373,13785374,-9223372036854775807
N17A4_KV,centroid.motifs,266,210800,7,13785382,13785384,210801,5,13785387,13785388,-9223372036854775807
N17A4_KV,centroid.motifs,267,210802,7,13785396,13785398,210803,5,13785401,13785402,-9223372036854775807
N17A4_KV,centroid.motifs,268,210804,7,13785410,13785412,210805,5,13785415,13785416,-9223372036854775807
N17A4_KV,centroid.motifs,269,210806,7,13785424,13785426,210807,5,13785429,13785430,-9223372036854775807
N17A4_KV,centroid.motifs,270,210808,7,13785438,13785440,210809,5,13785443,13785444,-9223372036854775807
N17A4_KV,centroid.motifs,271,210810,7,13785452,13785454,210811,5,13785457,13785458,-9223372036854775807
N17A4_KV,centroid.motifs,272,210812,7,13785466,13785468,210813,5,13785471,13785472,-9223372036854775807
N17A4_KV,centroid.motifs,273,210814,7,13785480,13785482,210815,5,13785485,13785486,-9223372036854775807
N17A4_KV,centroid.motifs,274,210816,7,13785494,13785496,210817,5,13785499,13785500,-9223372036854775807
N17A4_KV,centroid.motifs,275,210818,7,13785508,13785510,210819,5,13785513,13785514,-9223372036854775807
N17A4_KV,centroid.motifs,276,210820,7,13785522,13785524,210821,5,13785527,13785528,-9223372036854775807
N17A4_KV,centroid.motifs,277,210822,7,13785536,13785538,210823,5,13785541,13785542,-9223372036854775807
N17A4_KV,centroid.motifs,278,210824,7,13785550,13785552,210825,5,13785555,13785556,-9223372036854775807
N17A4_KV,centroid.motifs,279,210826,7,13785564,13785566,210827,5,13785569,13785570,-9223372036854775807
N17A4_KV,centroid.motifs,280,210828,7,13785578,13785580,210829,5,13785583,13785584,-9223372036854775807
N17A4_KV,centroid.motifs,281,210830,7,13785592,13785594,210831,5,13785597,13785598,-9223372036854775807
N17A4_KV,centroid.motifs,282,210832,7,13785606,13785608,210833,5,13785611,13785612,-9223372036854775807
N17A4_KV,centroid.motifs,283,210834,7,13785620,13785622,210835,5,13785625,13785626,-9223372036854775807
N17A4_KV,centroid.motifs,284,210836,7,13785634,13785636,210837,5,13785639,13785640,-9223372036854775807
N17A4_KV,centroid.motifs,285,210838,7,13785648,13785650,210839,5,13785653,13785654,-9223372036854775807
N17A4_KV,centroid.motifs,286,210840,7,13785662,13785664,210841,5,13785667,13785668,-9223372036854775807
N17A4_KV,centroid.motifs,287,210842,7,13785676,13785678,210843,5,13785681,13785682,-9223372036854775807
N17A4_KV,centroid.motifs,288,210844,7,13785690,13785692,210845,5,13785695,13785696,-9223372036854775807
N17A4_KV,centroid.motifs,289,210846,7,13785704,13785706,210847,5,13785709,13785710,-9223372036854775807
N17A4_KV,centroid.motifs,290,210848,7,13785718,13785720,210849,5,13785723,13785724,-9223372036854775807
N17A4_KV,centroid.motifs,291,210850,7,13785732,13785734,210851,5,13785737,13785738,-9223372036854775807
N17A4_KV,centroid.motifs,292,210852,7,13785746,13785748,210853,5,13785751,13785752,-9223372036854775807
N17A4_KV,centroid.motifs,293,210854,7,13785760,13785762,210855,5,13785765,13785766,-9223372036854775807
N17A4_KV,centroid.motifs,294,210856,7,13785774,13785776,210857,5,13785780,13785781,-9223372036854775807
N17A4_KV,centroid.motifs,295,210858,7,13785789,13785791,210859,5,13785795,13785796,-9223372036854775807
N17A4_KV,centroid.motifs,296,210860,7,13785804,13785806,210861,5,13785810,13785811,-9223372036854775807
N17A4_KV,centroid.motifs,297,210862,7,13785819,13785821,210863,5,13785825,13785826,-9223372036854775807
N17A4_KV,centroid.motifs,298,210864,7,13785834,13785836,210865,5,13785840,13785841,-9223372036854775807
N17A4_KV,centroid.motifs,299,210866,7,13785849,13785851,210867,5,13785855,13785856,-9223372036854775807
N17A4_KV,centroid.motifs,300,210868,7,13785864,13785866,210869,5,13785870,13785871,-9223372036854775807
N17A4_KV,centroid.motifs,301,210870,7,13785879,13785881,210871,5,13785885,13785886,-9223372036854775807
N17A4_KV,centroid.motifs,302,210872,7,13785894,13785896,210873,5,13785900,13785901,-9223372036854775807
N17A4_KV,centroid.motifs,303,210874,7,13785909,13785911,210875,5,13785915,13785916,-9223372036854775807
N17A4_KV,centroid.motifs,304,210876,7,13785924,13785926,210877,5,13785930,13785931,-9223372036854775807
N17A4_KV,centroid.motifs,305,210878,7,13785939,13785941,210879,5,13785945,13785946,-9223372036854775807
N17A4_KV,centroid.motifs,306,210880,7,13785954,13785956,210881,5,13785960,13785961,-9223372036854775807
N17A4_KV,centroid.motifs,307,210882,7,13785969,13785971,210883,5,13785975,13785976,-9223372036854775807
N17A4_KV,centroid.motifs,308,210884,7,13785984,13785986,210885,5,13785990,13785991,-9223372036854775807
N17A4_KV,centroid.motifs,309,210886,7,13785999,13786001,210887,5,13786005,13786006,-9223372036854775807
N17A4_KV,centroid.motifs,310,210888,7,13786014,13786016,210889,5,13786020,13786021,-9223372036854775807
N17A4_KV,centroid.motifs,311,210890,7,13786029,13786031,210891,5,13786035,13786036,-9223372036854775807
N17A4_KV,centroid.motifs,312,210892,7,13786044,13786046,210893,5,13786050,13786051,-9223372036854775807
N17A4_KV,centroid.motifs,313,210894,7,13786059,13786061,210895,5,13786065,13786066,-9223372036854775807
N17A4_KV,centroid.motifs,314,210896,7,13786074,13786076,210897,5,13786080,13786081,-9223372036854775807
N17A4_KV,centroid.motifs,315,210898,7,13786089,13786091,210899,5,13786095,13786096,-9223372036854775807
N17A4_KV,centroid.motifs,316,210900,7,13786104,13786106,210901,5,13786110,13786111,-9223372036854775807
N17A4_KV,centroid.motifs,317,210902,7,13786119,13786121,210903,5,13786125,13786126,-9223372036854775807
N17A4_KV,centroid.motifs,318,210904,7,13786134,13786136,210905,5,13786140,13786141,-9223372036854775807
N17A4_KV,centroid.motifs,319,210906,7,13786149,13786151,210907,5,13786155,13786156,-9223372036854775807
N17A4_KV,centroid.motifs,320,210908,7,13786164,13786166,210909,5,13786170,13786171,-9223372036854775807
N17A4_KV,centroid.motifs,321,210910,7,13786179,13786181,210911,5,13786185,13786186,-9223372036854775807
N17A4_KV,centroid.motifs,322,210912,7,13786194,13786196,210913,5,13786200,13786201,-9223372036854775807
N17A4_KV,centroid.motifs,323,210914,7,13786209,13786211,210915,5,13786215,13786216,-9223372036854775807
N17A4_KV,centroid.motifs,324,210916,7,13786224,13786226,210917,5,13786230,13786231,-9223372036854775807
N17A4_KV,centroid.motifs,325,210918,7,13786239,13786241,210919,5,13786245,13786246,-9223372036854775807
N17A4_KV,centroid.motifs,326,210920,7,13786254,13786256,210921,5,13786260,13786261,-9223372036854775807
N17A4_KV,centroid.motifs,327,210922,7,13786269,13786271,210923,5,13786275,13786276,-9223372036854775807
N17A4_KV,centroid.motifs,328,210924,7,13786284,13786286,210925,5,13786290,13786291,-9223372036854775807
N17A4_KV,centroid.motifs,329,210926,7,13786299,13786301,210927,5,13786305,13786306,-9223372036854775807
N17A4_KV,centroid.motifs,330,210928,7,13786314,13786316,210929,5,13786320,13786321,-9223372036854775807
N17A4_KV,centroid.motifs,331,210930,7,13786329,13786331,210931,5,13786335,13786336,-9223372036854775807
N17A4_KV,centroid.motifs,332,210932,7,13786344,13786346,210933,5,13786350,13786351,-9223372036854775807
N17A4_KV,centroid.motifs,333,210934,7,13786359,13786361,210935,5,13786365,13786366,-9223372036854775807
N17A4_KV,centroid.motifs,334,210936,7,13786374,13786376,210937,5,13786380,13786381,-9223372036854775807
N17A4_KV,centroid.motifs,335,210938,7,13786389,13786391,210939,5,13786395,13786396,-9223372036854775807
N17A4_KV,centroid.motifs,336,210940,7,13786404,13786406,210941,5,13786410,13786411,-9223372036854775807
N17A4_KV,centroid.motifs,337,210942,7,13786419,13786421,210943,5,13786425,13786426,-9223372036854775807
N17A4_KV,centroid.motifs,338,210944,7,13786434,13786436,210945,5,13786440,13786441,-9223372036854775807
N17A4_KV,centroid.motifs,339,210946,7,13786449,13786451,210947,5,13786455,13786456,-9223372036854775807
N17A4_KV,centroid.motifs,340,210948,7,13786464,13786466,210949,5,13786470,13786471,-9223372036854775807
N17A4_KV,centroid.motifs,341,210950,7,13786479,13786481,210951,5,13786486,13786487,-9223372036854775807
N17A4_KV,centroid.motifs,342,210952,7,13786495,13786497,210953,5,13786502,13786503,-9223372036854775807
N17A4_KV,centroid.motifs,343,210954,7,13786511,13786513,210955,5,13786518,13786519,-9223372036854775807
N17A4_KV,centroid.motifs,344,210956,7,13786527,13786529,210957,5,13786534,13786535,-9223372036854775807
N17A4_KV,centroid.motifs,345,210958,7,13786543,13786545,210959,5,13786550,13786551,-9223372036854775807
N17A4_KV,centroid.motifs,346,210960,7,13786559,13786561,210961,5,13786566,13786567,-9223372036854775807
N17A4_KV,centroid.motifs,347,210962,7,13786575,13786577,210963,5,13786582,13786583,-9223372036854775807
N17A4_KV,centroid.motifs,348,210964,7,13786591,13786593,210965,5,13786598,13786599,-9223372036854775807
N17A4_KV,centroid.motifs,349,210966,7,13786607,13786609,210967,5,13786614,13786615,-9223372036854775807
N17A4_KV,centroid.motifs,350,210968,7,13786623,13786625,210969,5,13786630,13786631,-9223372036854775807
N17A4_KV,centroid.motifs,351,210970,7,13786639,13786641,210971,5,13786646,13786647,-9223372036854775807
N17A4_KV,centroid.motifs,352,210972,7,13786655,13786657,210973,5,13786662,13786663,-9223372036854775807
N17A4_KV,centroid.motifs,353,210974,7,13786671,13786673,210975,5,13786678,13786679,-9223372036854775807
N17A4_KV,centroid.motifs,354,210976,7,13786687,13786689,210977,5,13786694,13786695,-9223372036854775807
N17A4_KV,centroid.motifs,355,210978,7,13786703,13786705,210979,5,13786710,13786711,-9223372036854775807
N17A4_KV,centroid.motifs,356,210980,7,13786719,13786721,210981,5,13786726,13786727,-9223372036854775807
N17A4_KV,centroid.motifs,357,210982,7,13786735,13786737,210983,5,13786742,13786743,-9223372036854775807
N17A4_KV,centroid.motifs,358,210984,7,13786751,13786753,210985,5,13786758,13786759,-9223372036854775807
N17A4_KV,centroid.motifs,359,210986,7,13786767,13786769,210987,5,13786774,13786775,-9223372036854775807
N17A4_KV,centroid.motifs,360,210988,7,13786783,13786785,210989,5,13786790,13786791,-9223372036854775807
N17A4_KV,centroid.motifs,361,210990,7,13786799,13786801,210991,5,13786806,13786807,-9223372036854775807
N17A4_KV,centroid.motifs,362,210992,7,13786815,13786817,210993,5,13786822,13786823,-9223372036854775807
N17A4_KV,centroid.motifs,363,210994,7,13786831,13786833,210995,5,13786838,13786839,-9223372036854775807
N17A4_KV,centroid.motifs,364,210996,7,13786847,13786849,210997,5,13786854,13786855,-9223372036854775807
N17A4_KV,centroid.motifs,365,210998,7,13786863,13786865,210999,5,13786870,13786871,-9223372036854775807
N17A4_KV,centroid.motifs,366,211000,7,13786879,13786881,211001,5,13786886,13786887,-9223372036854775807
N17A4_KV,centroid.motifs,367,211002,7,13786895,13786897,211003,5,13786902,13786903,-9223372036854775807
N17A4_KV,centroid.motifs,368,211004,7,13786911,13786913,211005,5,13786918,13786919,-9223372036854775807
N17A4_KV,centroid.motifs,369,211006,7,13786927,13786929,211007,5,13786934,13786935,-9223372036854775807
N17A4_KV,centroid.motifs,370,211008,7,13786943,13786945,211009,5,13786950,13786951,-9223372036854775807
N17A4_KV,centroid.motifs,371,211010,7,13786959,13786961,211011,5,13786966,13786967,-9223372036854775807
N17A4_KV,centroid.motifs,372,211012,7,13786975,13786977,211013,5,13786982,13786983,-9223372036854775807
N17A4_KV,centroid.motifs,373,211014,7,13786991,13786993,211015,5,13786998,13786999,-9223372036854775807
N17A4_KV,centroid.motifs,374,211016,7,13787007,13787009,211017,5,13787014,13787015,-9223372036854775807
N17A4_KV,centroid.motifs,375,211018,7,13787023,13787025,211019,5,13787030,13787031,-9223372036854775807
N17A4_KV,centroid.motifs,376,211020,7,13787039,13787041,211021,5,13787046,13787047,-9223372036854775807
N17A4_KV,centroid.motifs,377,211022,7,13787055,13787057,211023,5,13787062,13787063,-9223372036854775807
N17A4_KV,centroid.motifs,378,211024,7,13787071,13787073,211025,5,13787078,13787079,-9223372036854775807
N17A4_KV,centroid.motifs,379,211026,7,13787087,13787089,211027,5,13787094,13787095,-9223372036854775807
N17A4_KV,centroid.motifs,380,211028,7,13787103,13787105,211029,5,13787110,13787111,-9223372036854775807
N17A4_KV,centroid.motifs,381,211030,7,13787119,13787121,211031,5,13787126,13787127,-9223372036854775807
N17A4_KV,centroid.motifs,382,211032,7,13787135,13787137,211033,5,13787142,13787143,-9223372036854775807
N17A4_KV,centroid.motifs,383,211034,7,13787151,13787153,211035,5,13787158,13787159,-9223372036854775807
N17A4_KV,centroid.motifs,384,211036,7,13787167,13787169,211037,5,13787174,13787175,-9223372036854775807
N17A4_KV,centroid.motifs,385,211038,7,13787183,13787185,211039,5,13787190,13787191,-9223372036854775807
N17A4_KV,centroid.motifs,386,211040,7,13787199,13787201,211041,5,13787206,13787207,-9223372036854775807
N17A4_KV,centroid.motifs,387,211042,7,13787215,13787217,211043,5,13787222,13787223,-9223372036854775807
N17A4_KV,centroid.motifs,388,211044,7,13787231,13787233,211045,5,13787238,13787239,-9223372036854775807
N17A4_KV,centroid.motifs,389,211046,7,13787247,13787249,211047,5,13787254,13787255,-9223372036854775807
N17A4_KV,centroid.motifs,390,211048,7,13787263,13787265,211049,5,13787270,13787271,-9223372036854775807
N17A4_KV,centroid.motifs,391,211050,7,13787279,13787281,211051,5,13787287,13787288,-9223372036854775807
N17A4_KV,centroid.motifs,392,211052,7,13787296,13787298,211053,5,13787304,13787305,-9223372036854775807
N17A4_KV,centroid.motifs,393,211054,7,13787313,13787315,211055,5,13787321,13787322,-9223372036854775807
N17A4_KV,centroid.motifs,394,211056,7,13787330,13787332,211057,5,13787338,13787339,-9223372036854775807
N17A4_KV,centroid.motifs,395,211058,7,13787347,13787349,211059,5,13787355,13787356,-9223372036854775807
N17A4_KV,centroid.motifs,396,211060,7,13787364,13787366,211061,5,13787372,13787373,-9223372036854775807
N17A4_KV,centroid.motifs,397,211062,7,13787381,13787383,211063,5,13787389,13787390,-9223372036854775807
N17A4_KV,centroid.motifs,398,211064,7,13787398,13787400,211065,5,13787406,13787407,-9223372036854775807
N17A4_KV,centroid.motifs,399,211066,7,13787415,13787417,211067,5,13787423,13787424,-9223372036854775807
N17A4_KV,centroid.motifs,400,211068,7,13787432,13787434,211069,5,13787440,13787441,-9223372036854775807
N17A4_KV,centroid.motifs,401,211070,7,13787449,13787451,211071,5,13787457,13787458,-9223372036854775807
N17A4_KV,centroid.motifs,402,211072,7,13787466,13787468,211073,5,13787474,13787475,-9223372036854775807
N17A4_KV,centroid.motifs,403,211074,7,13787483,13787485,211075,5,13787491,13787492,-9223372036854775807
N17A4_KV,centroid.motifs,404,211076,7,13787500,13787502,211077,5,13787508,13787509,-9223372036854775807
N17A4_KV,centroid.motifs,405,211078,7,13787517,13787519,211079,5,13787525,13787526,-9223372036854775807
N17A4_KV,centroid.motifs,406,211080,7,13787534,13787536,211081,5,13787542,13787543,-9223372036854775807
N17A4_KV,centroid.motifs,407,211082,7,13787551,13787553,211083,5,13787559,13787560,-9223372036854775807
N17A4_KV,centroid.motifs,408,211084,7,13787568,13787570,211085,5,13787576,13787577,-9223372036854775807
N17A4_KV,centroid.motifs,409,211086,7,13787585,13787587,211087,5,13787593,13787594,-9223372036854775807
N17A4_KV,centroid.motifs,410,211088,7,13787602,13787604,211089,5,13787610,13787611,-9223372036854775807
N17A4_KV,centroid.motifs,411,211090,7,13787619,13787621,211091,5,13787627,13787628,-9223372036854775807
N17A4_KV,centroid.motifs,412,211092,7,13787636,13787638,211093,5,13787644,13787645,-9223372036854775807
N17A4_KV,centroid.motifs,413,211094,7,13787653,13787655,211095,5,13787661,13787662,-9223372036854775807
N17A4_KV,centroid.motifs,414,211096,7,13787670,13787672,211097,5,13787678,13787679,-9223372036854775807
N17A4_KV,centroid.motifs,415,211098,7,13787687,13787689,211099,5,13787695,13787696,-9223372036854775807
N17A4_KV,centroid.motifs,416,211100,7,13787704,13787706,211101,5,13787712,13787713,-9223372036854775807
N17A4_KV,centroid.motifs,417,211102,7,13787721,13787723,211103,5,13787729,13787730,-9223372036854775807
N17A4_KV,centroid.motifs,418,211104,7,13787738,13787740,211105,5,13787746,13787747,-9223372036854775807
N17A4_KV,centroid.motifs,419,211106,7,13787755,13787757,211107,5,13787763,13787764,-9223372036854775807
N17A4_KV,centroid.motifs,420,211108,7,13787772,13787774,211109,5,13787780,13787781,-9223372036854775807
N17A4_KV,centroid.motifs,421,211110,7,13787789,13787791,211111,5,13787797,13787798,-9223372036854775807
N17A4_KV,centroid.motifs,422,211112,7,13787806,13787808,211113,5,13787814,13787815,-9223372036854775807
N17A4_KV,centroid.motifs,423,211114,7,13787823,13787825,211115,5,13787831,13787832,-9223372036854775807
N17A4_KV,centroid.motifs,424,211116,7,13787840,13787842,211117,5,13787848,13787849,-9223372036854775807
N17A4_KV,centroid.motifs,425,211118,7,13787857,13787859,211119,5,13787865,13787866,-9223372036854775807
N17A4_KV,centroid.motifs,426,211120,7,13787874,13787876,211121,5,13787882,13787883,-9223372036854775807
N17A4_KV,centroid.motifs,427,211122,7,13787891,13787893,211123,5,13787899,13787900,-9223372036854775807
N17A4_KV,centroid.motifs,428,211124,7,13787908,13787910,211125,5,13787916,13787917,-9223372036854775807
N17A4_KV,centroid.motifs,429,211126,7,13787925,13787927,211127,5,13787933,13787934,-9223372036854775807
N17A4_KV,centroid.motifs,430,211128,7,13787942,13787944,211129,5,13787950,13787951,-9223372036854775807
N17A4_KV,centroid.motifs,431,211130,7,13787959,13787961,211131,5,13787967,13787968,-9223372036854775807
N17A4_KV,centroid.motifs,432,211132,7,13787976,13787978,211133,5,13787984,13787985,-9223372036854775807
N17A4_KV,centroid.motifs,433,211134,7,13787993,13787995,211135,5,13788001,13788002,-9223372036854775807
N17A4_KV,centroid.motifs,434,211136,7,13788010,13788012,211137,5,13788018,13788019,-9223372036854775807
N17A4_KV,centroid.motifs,435,211138,7,13788027,13788029,211139,5,13788035,13788036,-9223372036854775807
N17A4_KV,centroid.motifs,436,211140,7,13788044,13788046,211141,5,13788052,13788053,-9223372036854775807
N17A4_KV,centroid.motifs,437,211142,7,13788061,13788063,211143,5,13788069,13788070,-9223372036854775807
N17A4_KV,centroid.motifs,438,211144,7,13788078,13788080,211145,5,13788086,13788087,-9223372036854775807
N17A4_KV,centroid.motifs,439,211146,7,13788095,13788097,211147,5,13788103,13788104,-9223372036854775807
N17A4_KV,centroid.motifs,440,211148,7,13788112,13788114,211149,5,13788120,13788121,-9223372036854775807
N17A4_KV,centroid.motifs,441,211150,7,13788129,13788131,211151,5,13788138,13788139,-9223372036854775807
N17A4_KV,centroid.motifs,442,211152,7,13788147,13788149,211153,5,13788156,13788157,-9223372036854775807
N17A4_KV,centroid.motifs,443,211154,7,13788165,13788167,211155,5,13788174,13788175,-9223372036854775807
N17A4_KV,centroid.motifs,444,211156,7,13788183,13788185,211157,5,13788192,13788193,-9223372036854775807
N17A4_KV,centroid.motifs,445,211158,7,13788201,13788203,211159,5,13788210,13788211,-9223372036854775807
N17A4_KV,centroid.motifs,446,211160,7,13788219,13788221,211161,5,13788228,13788229,-9223372036854775807
N17A4_KV,centroid.motifs,447,211162,7,13788237,13788239,211163,5,13788246,13788247,-9223372036854775807
N17A4_KV,centroid.motifs,448,211164,7,13788255,13788257,211165,5,13788264,13788265,-9223372036854775807
N17A4_KV,centroid.motifs,449,211166,7,13788273,13788275,211167,5,13788282,13788283,-9223372036854775807
N17A4_KV,centroid.motifs,450,211168,7,13788291,13788293,211169,5,13788300,13788301,-9223372036854775807
N17A4_KV,centroid.motifs,451,211170,7,13788309,13788311,211171,5,13788318,13788319,-9223372036854775807
N17A4_KV,centroid.motifs,452,211172,7,13788327,13788329,211173,5,13788336,13788337,-9223372036854775807
N17A4_KV,centroid.motifs,453,211174,7,13788345,13788347,211175,5,13788354,13788355,-9223372036854775807
N17A4_KV,centroid.motifs,454,211176,7,13788363,13788365,211177,5,13788372,13788373,-9223372036854775807
N17A4_KV,centroid.motifs,455,211178,7,13788381,13788383,211179,5,13788390,13788391,-9223372036854775807
N17A4_KV,centroid.motifs,456,211180,7,13788399,13788401,211181,5,13788408,13788409,-9223372036854775807
N17A4_KV,centroid.motifs,457,211182,7,13788417,13788419,211183,5,13788426,13788427,-9223372036854775807
N17A4_KV,centroid.motifs,458,211184,7,13788435,13788437,211185,5,13788444,13788445,-9223372036854775807
N17A4_KV,centroid.motifs,459,211186,7,13788453,13788455,211187,5,13788462,13788463,-9223372036854775807
N17A4_KV,centroid.motifs,460,211188,7,13788471,13788473,211189,5,13788480,13788481,-9223372036854775807
N17A4_KV,centroid.motifs,461,211190,7,13788489,13788491,211191,5,13788498,13788499,-9223372036854775807
N17A4_KV,centroid.motifs,462,211192,7,13788507,13788509,211193,5,13788516,13788517,-9223372036854775807
N17A4_KV,centroid.motifs,463,211194,7,13788525,13788527,211195,5,13788534,13788535,-9223372036854775807
N17A4_KV,centroid.motifs,464,211196,7,13788543,13788545,211197,5,13788552,13788553,-9223372036854775807
N17A4_KV,centroid.motifs,465,211198,7,13788561,13788563,211199,5,13788570,13788571,-9223372036854775807
N17A4_KV,centroid.motifs,466,211200,7,13788579,13788581,211201,5,13788588,13788589,-9223372036854775807
N17A4_KV,centroid.motifs,467,211202,7,13788597,13788599,211203,5,13788606,13788607,-9223372036854775807
N17A4_KV,centroid.motifs,468,211204,7,13788615,13788617,211205,5,13788624,13788625,-9223372036854775807
N17A4_KV,centroid.motifs,469,211206,7,13788633,13788635,211207,5,13788642,13788643,-9223372036854775807
N17A4_KV,centroid.motifs,470,211208,7,13788651,13788653,211209,5,13788660,13788661,-9223372036854775807
N17A4_KV,centroid.motifs,471,211210,7,13788669,13788671,211211,5,13788678,13788679,-9223372036854775807
N17A4_KV,centroid.motifs,472,211212,7,13788687,13788689,211213,5,13788696,13788697,-9223372036854775807
N17A4_KV,centroid.motifs,473,211214,7,13788705,13788707,211215,5,13788714,13788715,-9223372036854775807
N17A4_KV,centroid.motifs,474,211216,7,13788723,13788725,211217,5,13788732,13788733,-9223372036854775807
N17A4_KV,centroid.motifs,475,211218,7,13788741,13788743,211219,5,13788750,13788751,-9223372036854775807
N17A4_KV,centroid.motifs,476,211220,7,13788759,13788761,211221,5,13788768,13788769,-9223372036854775807
N17A4_KV,centroid.motifs,477,211222,7,13788777,13788779,211223,5,13788786,13788787,-9223372036854775807
N17A4_KV,centroid.motifs,478,211224,7,13788795,13788797,211225,5,13788804,13788805,-9223372036854775807
N17A4_KV,centroid.motifs,479,211226,7,13788813,13788815,211227,5,13788822,13788823,-9223372036854775807
N17A4_KV,centroid.motifs,480,211228,7,13788831,13788833,211229,5,13788840,13788841,-9223372036854775807
N17A4_KV,centroid.motifs,481,211230,7,13788849,13788851,211231,5,13788858,13788859,-9223372036854775807
N17A4_KV,centroid.motifs,482,211232,7,13788867,13788869,211233,5,13788876,13788877,-9223372036854775807
N17A4_KV,centroid.motifs,483,211234,7,13788885,13788887,211235,5,13788894,13788895,-9223372036854775807
N17A4_KV,centroid.motifs,484,211236,7,13788903,13788905,211237,5,13788912,13788913,-9223372036854775807
N17A4_KV,centroid.motifs,485,211238,7,13788921,13788923,211239,5,13788930,13788931,-9223372036854775807
N17A4_KV,centroid.motifs,486,211240,7,13788939,13788941,211241,5,13788948,13788949,-9223372036854775807
N17A4_KV,centroid.motifs,487,211242,7,13788957,13788959,211243,5,13788966,13788967,-9223372036854775807
N17A4_KV,centroid.motifs,488,211244,7,13788975,13788977,211245,5,13788984,13788985,-9223372036854775807
N17A4_KV,centroid.motifs,489,211246,7,13788993,13788995,211247,5,13789002,13789003,-9223372036854775807
N17A4_KV,centroid.motifs,490,211248,7,13789011,13789013,211249,5,13789016,13789017,-9223372036854775807
N17A4_KV,centroid.motifs,491,211250,7,13789025,13789027,211251,5,13789030,13789031,-9223372036854775807
N17A4_KV,centroid.motifs,492,211252,7,13789039,13789041,211253,5,13789044,13789045,-9223372036854775807
N17A4_KV,centroid.motifs,493,211254,7,13789053,13789055,211255,5,13789058,13789059,-9223372036854775807
N17A4_KV,centroid.motifs,494,211256,7,13789067,13789069,211257,5,13789072,13789073,-9223372036854775807
N17A4_KV,centroid.motifs,495,211258,7,13789081,13789083,211259,5,13789086,13789087,-9223372036854775807
N17A4_KV,centroid.motifs,496,211260,7,13789095,13789097,211261,5,13789100,13789101,-9223372036854775807
N17A4_KV,centroid.motifs,497,211262,7,13789109,13789111,211263,5,13789114,13789115,-9223372036854775807
N17A4_KV,centroid.motifs,498,211264,7,13789123,13789125,211265,5,13789128,13789129,-9223372036854775807
N17A4_KV,centroid.motifs,499,211266,7,13789137,13789139,211267,5,13789142,13789143,-9223372036854775807
N17A4_KV,centroid.motifs,500,211268,7,13789151,13789153,211269,5,13789156,13789157,-9223372036854775807
N17A4_KV,centroid.motifs,501,211270,7,13789165,13789167,211271,5,13789170,13789171,-9223372036854775807
N17A4_KV,centroid.motifs,502,211272,7,13789179,13789181,211273,5,13789184,13789185,-9223372036854775807
N17A4_KV,centroid.motifs,503,211274,7,13789193,13789195,211275,5,13789198,13789199,-9223372036854775807
N17A4_KV,centroid.motifs,504,211276,7,13789207,13789209,211277,5,13789212,13789213,-9223372036854775807
N17A4_KV,centroid.motifs,505,211278,7,13789221,13789223,211279,5,13789227,13789228,-9223372036854775807
N17A4_KV,centroid.motifs,506,211280,7,13789236,13789238,211281,5,13789242,13789243,-9223372036854775807
N17A4_KV,centroid.motifs,507,211282,7,13789251,13789253,211283,5,13789257,13789258,-9223372036854775807
N17A4_KV,centroid.motifs,508,211284,7,13789266,13789268,211285,5,13789272,13789273,-9223372036854775807
N17A4_KV,centroid.motifs,509,211286,7,13789281,13789283,211287,5,13789287,13789288,-9223372036854775807
N17A4_KV,centroid.motifs,510,211288,7,13789296,13789298,211289,5,13789302,13789303,-9223372036854775807
N17A4_KV,centroid.motifs,511,211290,7,13789311,13789313,211291,5,13789317,13789318,-9223372036854775807
N17A4_DICT,centroid.motifs,213831,213831,11,1945
N17A4_KV,centroid.motifs,0,213832,7,13810278,13810280,213833,5,13810283,13810284,-9223372036854775807
N17A4_KV,centroid.motifs,1,213834,7,13810292,13810294,213835,5,13810297,13810298,-9223372036854775807
N17A4_KV,centroid.motifs,2,213836,7,13810306,13810308,213837,5,13810311,13810312,-9223372036854775807
N17A4_KV,centroid.motifs,3,213838,7,13810320,13810322,213839,5,13810325,13810326,-9223372036854775807
N17A4_KV,centroid.motifs,4,213840,7,13810334,13810336,213841,5,13810339,13810340,-9223372036854775807
N17A4_KV,centroid.motifs,5,213842,7,13810348,13810350,213843,5,13810353,13810354,-9223372036854775807
N17A4_KV,centroid.motifs,6,213844,7,13810362,13810364,213845,5,13810367,13810368,-9223372036854775807
N17A4_KV,centroid.motifs,7,213846,7,13810376,13810378,213847,5,13810381,13810382,-9223372036854775807
N17A4_KV,centroid.motifs,8,213848,7,13810390,13810392,213849,5,13810395,13810396,-9223372036854775807
N17A4_KV,centroid.motifs,9,213850,7,13810404,13810406,213851,5,13810409,13810410,-9223372036854775807
N17A4_KV,centroid.motifs,10,213852,7,13810418,13810420,213853,5,13810423,13810424,-9223372036854775807
N17A4_KV,centroid.motifs,11,213854,7,13810432,13810434,213855,5,13810437,13810438,-9223372036854775807
N17A4_KV,centroid.motifs,12,213856,7,13810446,13810448,213857,5,13810451,13810452,-9223372036854775807
N17A4_KV,centroid.motifs,13,213858,7,13810460,13810462,213859,5,13810465,13810466,-9223372036854775807
N17A4_KV,centroid.motifs,14,213860,7,13810474,13810476,213861,5,13810479,13810480,-9223372036854775807
N17A4_KV,centroid.motifs,15,213862,7,13810488,13810490,213863,5,13810493,13810494,-9223372036854775807
N17A4_KV,centroid.motifs,16,213864,7,13810502,13810504,213865,5,13810507,13810508,-9223372036854775807
N17A4_KV,centroid.motifs,17,213866,7,13810516,13810518,213867,5,13810521,13810522,-9223372036854775807
N17A4_KV,centroid.motifs,18,213868,7,13810530,13810532,213869,5,13810535,13810536,-9223372036854775807
N17A4_KV,centroid.motifs,19,213870,7,13810544,13810546,213871,5,13810549,13810550,-9223372036854775807
N17A4_KV,centroid.motifs,20,213872,7,13810558,13810560,213873,5,13810563,13810564,-9223372036854775807
N17A4_KV,centroid.motifs,21,213874,7,13810572,13810574,213875,5,13810577,13810578,-9223372036854775807
N17A4_KV,centroid.motifs,22,213876,7,13810586,13810588,213877,5,13810591,13810592,-9223372036854775807
N17A4_KV,centroid.motifs,23,213878,7,13810600,13810602,213879,5,13810605,13810606,-9223372036854775807
N17A4_KV,centroid.motifs,24,213880,7,13810614,13810616,213881,5,13810619,13810620,-9223372036854775807
N17A4_KV,centroid.motifs,25,213882,7,13810628,13810630,213883,5,13810633,13810634,-9223372036854775807
N17A4_KV,centroid.motifs,26,213884,7,13810642,13810644,213885,5,13810647,13810648,-9223372036854775807
N17A4_KV,centroid.motifs,27,213886,7,13810656,13810658,213887,5,13810661,13810662,-9223372036854775807
N17A4_KV,centroid.motifs,28,213888,7,13810670,13810672,213889,5,13810675,13810676,-9223372036854775807
N17A4_KV,centroid.motifs,29,213890,7,13810684,13810686,213891,5,13810689,13810690,-9223372036854775807
N17A4_KV,centroid.motifs,30,213892,7,13810698,13810700,213893,5,13810703,13810704,-9223372036854775807
N17A4_KV,centroid.motifs,31,213894,7,13810712,13810714,213895,5,13810717,13810718,-9223372036854775807
N17A4_KV,centroid.motifs,32,213896,7,13810726,13810728,213897,5,13810731,13810732,-9223372036854775807
N17A4_KV,centroid.motifs,33,213898,7,13810740,13810742,213899,5,13810745,13810746,-9223372036854775807
N17A4_KV,centroid.motifs,34,213900,7,13810754,13810756,213901,5,13810759,13810760,-9223372036854775807
N17A4_KV,centroid.motifs,35,213902,7,13810768,13810770,213903,5,13810773,13810774,-9223372036854775807
N17A4_KV,centroid.motifs,36,213904,7,13810782,13810784,213905,5,13810787,13810788,-9223372036854775807
N17A4_KV,centroid.motifs,37,213906,7,13810796,13810798,213907,5,13810801,13810802,-9223372036854775807
N17A4_KV,centroid.motifs,38,213908,7,13810810,13810812,213909,5,13810815,13810816,-9223372036854775807
N17A4_KV,centroid.motifs,39,213910,7,13810824,13810826,213911,5,13810829,13810830,-9223372036854775807
N17A4_KV,centroid.motifs,40,213912,7,13810838,13810840,213913,5,13810843,13810844,-9223372036854775807
N17A4_KV,centroid.motifs,41,213914,7,13810852,13810854,213915,5,13810857,13810858,-9223372036854775807
N17A4_KV,centroid.motifs,42,213916,7,13810866,13810868,213917,5,13810871,13810872,-9223372036854775807
N17A4_KV,centroid.motifs,43,213918,7,13810880,13810882,213919,5,13810885,13810886,-9223372036854775807
N17A4_KV,centroid.motifs,44,213920,7,13810894,13810896,213921,5,13810899,13810900,-9223372036854775807
N17A4_KV,centroid.motifs,45,213922,7,13810908,13810910,213923,5,13810913,13810914,-9223372036854775807
N17A4_KV,centroid.motifs,46,213924,7,13810922,13810924,213925,5,13810927,13810928,-9223372036854775807
N17A4_KV,centroid.motifs,47,213926,7,13810936,13810938,213927,5,13810941,13810942,-9223372036854775807
N17A4_KV,centroid.motifs,48,213928,7,13810950,13810952,213929,5,13810955,13810956,-9223372036854775807
N17A4_KV,centroid.motifs,49,213930,7,13810964,13810966,213931,5,13810969,13810970,-9223372036854775807
N17A4_KV,centroid.motifs,50,213932,7,13810978,13810980,213933,5,13810983,13810984,-9223372036854775807
N17A4_KV,centroid.motifs,51,213934,7,13810992,13810994,213935,5,13810997,13810998,-9223372036854775807
N17A4_KV,centroid.motifs,52,213936,7,13811006,13811008,213937,5,13811011,13811012,-9223372036854775807
N17A4_KV,centroid.motifs,53,213938,7,13811020,13811022,213939,5,13811025,13811026,-9223372036854775807
N17A4_KV,centroid.motifs,54,213940,7,13811034,13811036,213941,5,13811039,13811040,-9223372036854775807
N17A4_KV,centroid.motifs,55,213942,7,13811048,13811050,213943,5,13811053,13811054,-9223372036854775807
N17A4_KV,centroid.motifs,56,213944,7,13811062,13811064,213945,5,13811067,13811068,-9223372036854775807
N17A4_KV,centroid.motifs,57,213946,7,13811076,13811078,213947,5,13811081,13811082,-9223372036854775807
N17A4_KV,centroid.motifs,58,213948,7,13811090,13811092,213949,5,13811095,13811096,-9223372036854775807
N17A4_KV,centroid.motifs,59,213950,7,13811104,13811106,213951,5,13811109,13811110,-9223372036854775807
N17A4_KV,centroid.motifs,60,213952,7,13811118,13811120,213953,5,13811123,13811124,-9223372036854775807
N17A4_KV,centroid.motifs,61,213954,7,13811132,13811134,213955,5,13811137,13811138,-9223372036854775807
N17A4_KV,centroid.motifs,62,213956,7,13811146,13811148,213957,5,13811151,13811152,-9223372036854775807
N17A4_KV,centroid.motifs,63,213958,7,13811160,13811162,213959,5,13811166,13811167,-9223372036854775807
N17A4_KV,centroid.motifs,64,213960,7,13811175,13811177,213961,5,13811181,13811182,-9223372036854775807
N17A4_KV,centroid.motifs,65,213962,7,13811190,13811192,213963,5,13811196,13811197,-9223372036854775807
N17A4_KV,centroid.motifs,66,213964,7,13811205,13811207,213965,5,13811211,13811212,-9223372036854775807
N17A4_KV,centroid.motifs,67,213966,7,13811220,13811222,213967,5,13811226,13811227,-9223372036854775807
N17A4_KV,centroid.motifs,68,213968,7,13811235,13811237,213969,5,13811241,13811242,-9223372036854775807
N17A4_KV,centroid.motifs,69,213970,7,13811250,13811252,213971,5,13811256,13811257,-9223372036854775807
N17A4_KV,centroid.motifs,70,213972,7,13811265,13811267,213973,5,13811271,13811272,-9223372036854775807
N17A4_KV,centroid.motifs,71,213974,7,13811280,13811282,213975,5,13811286,13811287,-9223372036854775807
N17A4_KV,centroid.motifs,72,213976,7,13811295,13811297,213977,5,13811301,13811302,-9223372036854775807
N17A4_KV,centroid.motifs,73,213978,7,13811310,13811312,213979,5,13811316,13811317,-9223372036854775807
N17A4_KV,centroid.motifs,74,213980,7,13811325,13811327,213981,5,13811331,13811332,-9223372036854775807
N17A4_KV,centroid.motifs,75,213982,7,13811340,13811342,213983,5,13811346,13811347,-9223372036854775807
N17A4_KV,centroid.motifs,76,213984,7,13811355,13811357,213985,5,13811361,13811362,-9223372036854775807
N17A4_KV,centroid.motifs,77,213986,7,13811370,13811372,213987,5,13811376,13811377,-9223372036854775807
N17A4_KV,centroid.motifs,78,213988,7,13811385,13811387,213989,5,13811391,13811392,-9223372036854775807
N17A4_KV,centroid.motifs,79,213990,7,13811400,13811402,213991,5,13811406,13811407,-9223372036854775807
N17A4_KV,centroid.motifs,80,213992,7,13811415,13811417,213993,5,13811421,13811422,-9223372036854775807
N17A4_KV,centroid.motifs,81,213994,7,13811430,13811432,213995,5,13811436,13811437,-9223372036854775807
N17A4_KV,centroid.motifs,82,213996,7,13811445,13811447,213997,5,13811451,13811452,-9223372036854775807
N17A4_KV,centroid.motifs,83,213998,7,13811460,13811462,213999,5,13811466,13811467,-9223372036854775807
N17A4_KV,centroid.motifs,84,214000,7,13811475,13811477,214001,5,13811481,13811482,-9223372036854775807
N17A4_KV,centroid.motifs,85,214002,7,13811490,13811492,214003,5,13811496,13811497,-9223372036854775807
N17A4_KV,centroid.motifs,86,214004,7,13811505,13811507,214005,5,13811511,13811512,-9223372036854775807
N17A4_KV,centroid.motifs,87,214006,7,13811520,13811522,214007,5,13811526,13811527,-9223372036854775807
N17A4_KV,centroid.motifs,88,214008,7,13811535,13811537,214009,5,13811541,13811542,-9223372036854775807
N17A4_KV,centroid.motifs,89,214010,7,13811550,13811552,214011,5,13811556,13811557,-9223372036854775807
N17A4_KV,centroid.motifs,90,214012,7,13811565,13811567,214013,5,13811571,13811572,-9223372036854775807
N17A4_KV,centroid.motifs,91,214014,7,13811580,13811582,214015,5,13811586,13811587,-9223372036854775807
N17A4_KV,centroid.motifs,92,214016,7,13811595,13811597,214017,5,13811601,13811602,-9223372036854775807
N17A4_KV,centroid.motifs,93,214018,7,13811610,13811612,214019,5,13811616,13811617,-9223372036854775807
N17A4_KV,centroid.motifs,94,214020,7,13811625,13811627,214021,5,13811631,13811632,-9223372036854775807
N17A4_KV,centroid.motifs,95,214022,7,13811640,13811642,214023,5,13811646,13811647,-9223372036854775807
N17A4_KV,centroid.motifs,96,214024,7,13811655,13811657,214025,5,13811661,13811662,-9223372036854775807
N17A4_KV,centroid.motifs,97,214026,7,13811670,13811672,214027,5,13811676,13811677,-9223372036854775807
N17A4_KV,centroid.motifs,98,214028,7,13811685,13811687,214029,5,13811691,13811692,-9223372036854775807
N17A4_KV,centroid.motifs,99,214030,7,13811700,13811702,214031,5,13811706,13811707,-9223372036854775807
N17A4_KV,centroid.motifs,100,214032,7,13811715,13811717,214033,5,13811721,13811722,-9223372036854775807
N17A4_KV,centroid.motifs,101,214034,7,13811730,13811732,214035,5,13811736,13811737,-9223372036854775807
N17A4_KV,centroid.motifs,102,214036,7,13811745,13811747,214037,5,13811751,13811752,-9223372036854775807
N17A4_KV,centroid.motifs,103,214038,7,13811760,13811762,214039,5,13811766,13811767,-9223372036854775807
N17A4_KV,centroid.motifs,104,214040,7,13811775,13811777,214041,5,13811781,13811782,-9223372036854775807
N17A4_KV,centroid.motifs,105,214042,7,13811790,13811792,214043,5,13811796,13811797,-9223372036854775807
N17A4_KV,centroid.motifs,106,214044,7,13811805,13811807,214045,5,13811811,13811812,-9223372036854775807
N17A4_KV,centroid.motifs,107,214046,7,13811820,13811822,214047,5,13811826,13811827,-9223372036854775807
N17A4_KV,centroid.motifs,108,214048,7,13811835,13811837,214049,5,13811841,13811842,-9223372036854775807
N17A4_KV,centroid.motifs,109,214050,7,13811850,13811852,214051,5,13811856,13811857,-9223372036854775807
N17A4_KV,centroid.motifs,110,214052,7,13811865,13811867,214053,5,13811871,13811872,-9223372036854775807
N17A4_KV,centroid.motifs,111,214054,7,13811880,13811882,214055,5,13811886,13811887,-9223372036854775807
N17A4_KV,centroid.motifs,112,214056,7,13811895,13811897,214057,5,13811901,13811902,-9223372036854775807
N17A4_KV,centroid.motifs,113,214058,7,13811910,13811912,214059,5,13811916,13811917,-9223372036854775807
N17A4_KV,centroid.motifs,114,214060,7,13811925,13811927,214061,5,13811931,13811932,-9223372036854775807
N17A4_KV,centroid.motifs,115,214062,7,13811940,13811942,214063,5,13811946,13811947,-9223372036854775807
N17A4_KV,centroid.motifs,116,214064,7,13811955,13811957,214065,5,13811961,13811962,-9223372036854775807
N17A4_KV,centroid.motifs,117,214066,7,13811970,13811972,214067,5,13811976,13811977,-9223372036854775807
N17A4_KV,centroid.motifs,118,214068,7,13811985,13811987,214069,5,13811991,13811992,-9223372036854775807
N17A4_KV,centroid.motifs,119,214070,7,13812000,13812002,214071,5,13812006,13812007,-9223372036854775807
N17A4_KV,centroid.motifs,120,214072,7,13812015,13812017,214073,5,13812021,13812022,-9223372036854775807
N17A4_KV,centroid.motifs,121,214074,7,13812030,13812032,214075,5,13812036,13812037,-9223372036854775807
N17A4_KV,centroid.motifs,122,214076,7,13812045,13812047,214077,5,13812051,13812052,-9223372036854775807
N17A4_KV,centroid.motifs,123,214078,7,13812060,13812062,214079,5,13812066,13812067,-9223372036854775807
N17A4_KV,centroid.motifs,124,214080,7,13812075,13812077,214081,5,13812081,13812082,-9223372036854775807
N17A4_KV,centroid.motifs,125,214082,7,13812090,13812092,214083,5,13812096,13812097,-9223372036854775807
N17A4_KV,centroid.motifs,126,214084,7,13812105,13812107,214085,5,13812111,13812112,-9223372036854775807
N17A4_KV,centroid.motifs,127,214086,7,13812120,13812122,214087,5,13812126,13812127,-9223372036854775807
N17A4_KV,centroid.motifs,128,214088,7,13812135,13812137,214089,5,13812141,13812142,-9223372036854775807
N17A4_KV,centroid.motifs,129,214090,7,13812150,13812152,214091,5,13812156,13812157,-9223372036854775807
N17A4_KV,centroid.motifs,130,214092,7,13812165,13812167,214093,5,13812171,13812172,-9223372036854775807
N17A4_KV,centroid.motifs,131,214094,7,13812180,13812182,214095,5,13812186,13812187,-9223372036854775807
N17A4_KV,centroid.motifs,132,214096,7,13812195,13812197,214097,5,13812201,13812202,-9223372036854775807
N17A4_KV,centroid.motifs,133,214098,7,13812210,13812212,214099,5,13812216,13812217,-9223372036854775807
N17A4_KV,centroid.motifs,134,214100,7,13812225,13812227,214101,5,13812232,13812233,-9223372036854775807
N17A4_KV,centroid.motifs,135,214102,7,13812241,13812243,214103,5,13812248,13812249,-9223372036854775807
N17A4_KV,centroid.motifs,136,214104,7,13812257,13812259,214105,5,13812264,13812265,-9223372036854775807
N17A4_KV,centroid.motifs,137,214106,7,13812273,13812275,214107,5,13812280,13812281,-9223372036854775807
N17A4_KV,centroid.motifs,138,214108,7,13812289,13812291,214109,5,13812296,13812297,-9223372036854775807
N17A4_KV,centroid.motifs,139,214110,7,13812305,13812307,214111,5,13812312,13812313,-9223372036854775807
N17A4_KV,centroid.motifs,140,214112,7,13812321,13812323,214113,5,13812328,13812329,-9223372036854775807
N17A4_KV,centroid.motifs,141,214114,7,13812337,13812339,214115,5,13812344,13812345,-9223372036854775807
N17A4_KV,centroid.motifs,142,214116,7,13812353,13812355,214117,5,13812360,13812361,-9223372036854775807
N17A4_KV,centroid.motifs,143,214118,7,13812369,13812371,214119,5,13812376,13812377,-9223372036854775807
N17A4_KV,centroid.motifs,144,214120,7,13812385,13812387,214121,5,13812392,13812393,-9223372036854775807
N17A4_KV,centroid.motifs,145,214122,7,13812401,13812403,214123,5,13812408,13812409,-9223372036854775807
N17A4_KV,centroid.motifs,146,214124,7,13812417,13812419,214125,5,13812424,13812425,-9223372036854775807
N17A4_KV,centroid.motifs,147,214126,7,13812433,13812435,214127,5,13812440,13812441,-9223372036854775807
N17A4_KV,centroid.motifs,148,214128,7,13812449,13812451,214129,5,13812456,13812457,-9223372036854775807
N17A4_KV,centroid.motifs,149,214130,7,13812465,13812467,214131,5,13812472,13812473,-9223372036854775807
N17A4_KV,centroid.motifs,150,214132,7,13812481,13812483,214133,5,13812488,13812489,-9223372036854775807
N17A4_KV,centroid.motifs,151,214134,7,13812497,13812499,214135,5,13812504,13812505,-9223372036854775807
N17A4_KV,centroid.motifs,152,214136,7,13812513,13812515,214137,5,13812520,13812521,-9223372036854775807
N17A4_KV,centroid.motifs,153,214138,7,13812529,13812531,214139,5,13812536,13812537,-9223372036854775807
N17A4_KV,centroid.motifs,154,214140,7,13812545,13812547,214141,5,13812552,13812553,-9223372036854775807
N17A4_KV,centroid.motifs,155,214142,7,13812561,13812563,214143,5,13812568,13812569,-9223372036854775807
N17A4_KV,centroid.motifs,156,214144,7,13812577,13812579,214145,5,13812584,13812585,-9223372036854775807
N17A4_KV,centroid.motifs,157,214146,7,13812593,13812595,214147,5,13812600,13812601,-9223372036854775807
N17A4_KV,centroid.motifs,158,214148,7,13812609,13812611,214149,5,13812616,13812617,-9223372036854775807
N17A4_KV,centroid.motifs,159,214150,7,13812625,13812627,214151,5,13812632,13812633,-9223372036854775807
N17A4_KV,centroid.motifs,160,214152,7,13812641,13812643,214153,5,13812648,13812649,-9223372036854775807
N17A4_KV,centroid.motifs,161,214154,7,13812657,13812659,214155,5,13812664,13812665,-9223372036854775807
N17A4_KV,centroid.motifs,162,214156,7,13812673,13812675,214157,5,13812680,13812681,-9223372036854775807
N17A4_KV,centroid.motifs,163,214158,7,13812689,13812691,214159,5,13812696,13812697,-9223372036854775807
N17A4_KV,centroid.motifs,164,214160,7,13812705,13812707,214161,5,13812712,13812713,-9223372036854775807
N17A4_KV,centroid.motifs,165,214162,7,13812721,13812723,214163,5,13812728,13812729,-9223372036854775807
N17A4_KV,centroid.motifs,166,214164,7,13812737,13812739,214165,5,13812744,13812745,-9223372036854775807
N17A4_KV,centroid.motifs,167,214166,7,13812753,13812755,214167,5,13812760,13812761,-9223372036854775807
N17A4_KV,centroid.motifs,168,214168,7,13812769,13812771,214169,5,13812776,13812777,-9223372036854775807
N17A4_KV,centroid.motifs,169,214170,7,13812785,13812787,214171,5,13812792,13812793,-9223372036854775807
N17A4_KV,centroid.motifs,170,214172,7,13812801,13812803,214173,5,13812808,13812809,-9223372036854775807
N17A4_KV,centroid.motifs,171,214174,7,13812817,13812819,214175,5,13812824,13812825,-9223372036854775807
N17A4_KV,centroid.motifs,172,214176,7,13812833,13812835,214177,5,13812840,13812841,-9223372036854775807
N17A4_KV,centroid.motifs,173,214178,7,13812849,13812851,214179,5,13812856,13812857,-9223372036854775807
N17A4_KV,centroid.motifs,174,214180,7,13812865,13812867,214181,5,13812872,13812873,-9223372036854775807
N17A4_KV,centroid.motifs,175,214182,7,13812881,13812883,214183,5,13812888,13812889,-9223372036854775807
N17A4_KV,centroid.motifs,176,214184,7,13812897,13812899,214185,5,13812904,13812905,-9223372036854775807
N17A4_KV,centroid.motifs,177,214186,7,13812913,13812915,214187,5,13812920,13812921,-9223372036854775807
N17A4_KV,centroid.motifs,178,214188,7,13812929,13812931,214189,5,13812936,13812937,-9223372036854775807
N17A4_KV,centroid.motifs,179,214190,7,13812945,13812947,214191,5,13812952,13812953,-9223372036854775807
N17A4_KV,centroid.motifs,180,214192,7,13812961,13812963,214193,5,13812968,13812969,-9223372036854775807
N17A4_KV,centroid.motifs,181,214194,7,13812977,13812979,214195,5,13812984,13812985,-9223372036854775807
N17A4_KV,centroid.motifs,182,214196,7,13812993,13812995,214197,5,13813000,13813001,-9223372036854775807
N17A4_KV,centroid.motifs,183,214198,7,13813009,13813011,214199,5,13813016,13813017,-9223372036854775807
N17A4_KV,centroid.motifs,184,214200,7,13813025,13813027,214201,5,13813032,13813033,-9223372036854775807
N17A4_KV,centroid.motifs,185,214202,7,13813041,13813043,214203,5,13813048,13813049,-9223372036854775807
N17A4_KV,centroid.motifs,186,214204,7,13813057,13813059,214205,5,13813064,13813065,-9223372036854775807
N17A4_KV,centroid.motifs,187,214206,7,13813073,13813075,214207,5,13813080,13813081,-9223372036854775807
N17A4_KV,centroid.motifs,188,214208,7,13813089,13813091,214209,5,13813096,13813097,-9223372036854775807
N17A4_KV,centroid.motifs,189,214210,7,13813105,13813107,214211,5,13813112,13813113,-9223372036854775807
N17A4_KV,centroid.motifs,190,214212,7,13813121,13813123,214213,5,13813128,13813129,-9223372036854775807
N17A4_KV,centroid.motifs,191,214214,7,13813137,13813139,214215,5,13813144,13813145,-9223372036854775807
N17A4_KV,centroid.motifs,192,214216,7,13813153,13813155,214217,5,13813160,13813161,-9223372036854775807
N17A4_KV,centroid.motifs,193,214218,7,13813169,13813171,214219,5,13813176,13813177,-9223372036854775807
N17A4_KV,centroid.motifs,194,214220,7,13813185,13813187,214221,5,13813192,13813193,-9223372036854775807
N17A4_KV,centroid.motifs,195,214222,7,13813201,13813203,214223,5,13813208,13813209,-9223372036854775807
N17A4_KV,centroid.motifs,196,214224,7,13813217,13813219,214225,5,13813224,13813225,-9223372036854775807
N17A4_KV,centroid.motifs,197,214226,7,13813233,13813235,214227,5,13813240,13813241,-9223372036854775807
N17A4_KV,centroid.motifs,198,214228,7,13813249,13813251,214229,5,13813256,13813257,-9223372036854775807
N17A4_KV,centroid.motifs,199,214230,7,13813265,13813267,214231,5,13813272,13813273,-9223372036854775807
N17A4_KV,centroid.motifs,200,214232,7,13813281,13813283,214233,5,13813288,13813289,-9223372036854775807
N17A4_KV,centroid.motifs,201,214234,7,13813297,13813299,214235,5,13813304,13813305,-9223372036854775807
N17A4_KV,centroid.motifs,202,214236,7,13813313,13813315,214237,5,13813320,13813321,-9223372036854775807
N17A4_KV,centroid.motifs,203,214238,7,13813329,13813331,214239,5,13813336,13813337,-9223372036854775807
N17A4_KV,centroid.motifs,204,214240,7,13813345,13813347,214241,5,13813352,13813353,-9223372036854775807
N17A4_KV,centroid.motifs,205,214242,7,13813361,13813363,214243,5,13813368,13813369,-9223372036854775807
N17A4_KV,centroid.motifs,206,214244,7,13813377,13813379,214245,5,13813385,13813386,-9223372036854775807
N17A4_KV,centroid.motifs,207,214246,7,13813394,13813396,214247,5,13813402,13813403,-9223372036854775807
N17A4_KV,centroid.motifs,208,214248,7,13813411,13813413,214249,5,13813419,13813420,-9223372036854775807
N17A4_KV,centroid.motifs,209,214250,7,13813428,13813430,214251,5,13813436,13813437,-9223372036854775807
N17A4_KV,centroid.motifs,210,214252,7,13813445,13813447,214253,5,13813453,13813454,-9223372036854775807
N17A4_KV,centroid.motifs,211,214254,7,13813462,13813464,214255,5,13813470,13813471,-9223372036854775807
N17A4_KV,centroid.motifs,212,214256,7,13813479,13813481,214257,5,13813487,13813488,-9223372036854775807
N17A4_KV,centroid.motifs,213,214258,7,13813496,13813498,214259,5,13813504,13813505,-9223372036854775807
N17A4_KV,centroid.motifs,214,214260,7,13813513,13813515,214261,5,13813521,13813522,-9223372036854775807
N17A4_KV,centroid.motifs,215,214262,7,13813530,13813532,214263,5,13813538,13813539,-9223372036854775807
N17A4_KV,centroid.motifs,216,214264,7,13813547,13813549,214265,5,13813555,13813556,-9223372036854775807
N17A4_KV,centroid.motifs,217,214266,7,13813564,13813566,214267,5,13813572,13813573,-9223372036854775807
N17A4_KV,centroid.motifs,218,214268,7,13813581,13813583,214269,5,13813589,13813590,-9223372036854775807
N17A4_KV,centroid.motifs,219,214270,7,13813598,13813600,214271,5,13813606,13813607,-9223372036854775807
N17A4_KV,centroid.motifs,220,214272,7,13813615,13813617,214273,5,13813623,13813624,-9223372036854775807
N17A4_KV,centroid.motifs,221,214274,7,13813632,13813634,214275,5,13813640,13813641,-9223372036854775807
N17A4_KV,centroid.motifs,222,214276,7,13813649,13813651,214277,5,13813657,13813658,-9223372036854775807
N17A4_KV,centroid.motifs,223,214278,7,13813666,13813668,214279,5,13813674,13813675,-9223372036854775807
N17A4_KV,centroid.motifs,224,214280,7,13813683,13813685,214281,5,13813691,13813692,-9223372036854775807
N17A4_KV,centroid.motifs,225,214282,7,13813700,13813702,214283,5,13813708,13813709,-9223372036854775807
N17A4_KV,centroid.motifs,226,214284,7,13813717,13813719,214285,5,13813725,13813726,-9223372036854775807
N17A4_KV,centroid.motifs,227,214286,7,13813734,13813736,214287,5,13813742,13813743,-9223372036854775807
N17A4_KV,centroid.motifs,228,214288,7,13813751,13813753,214289,5,13813759,13813760,-9223372036854775807
N17A4_KV,centroid.motifs,229,214290,7,13813768,13813770,214291,5,13813776,13813777,-9223372036854775807
N17A4_KV,centroid.motifs,230,214292,7,13813785,13813787,214293,5,13813793,13813794,-9223372036854775807
N17A4_KV,centroid.motifs,231,214294,7,13813802,13813804,214295,5,13813810,13813811,-9223372036854775807
N17A4_KV,centroid.motifs,232,214296,7,13813819,13813821,214297,5,13813827,13813828,-9223372036854775807
N17A4_KV,centroid.motifs,233,214298,7,13813836,13813838,214299,5,13813844,13813845,-9223372036854775807
N17A4_KV,centroid.motifs,234,214300,7,13813853,13813855,214301,5,13813861,13813862,-9223372036854775807
N17A4_KV,centroid.motifs,235,214302,7,13813870,13813872,214303,5,13813878,13813879,-9223372036854775807
N17A4_KV,centroid.motifs,236,214304,7,13813887,13813889,214305,5,13813895,13813896,-9223372036854775807
N17A4_KV,centroid.motifs,237,214306,7,13813904,13813906,214307,5,13813912,13813913,-9223372036854775807
N17A4_KV,centroid.motifs,238,214308,7,13813921,13813923,214309,5,13813929,13813930,-9223372036854775807
N17A4_KV,centroid.motifs,239,214310,7,13813938,13813940,214311,5,13813946,13813947,-9223372036854775807
N17A4_KV,centroid.motifs,240,214312,7,13813955,13813957,214313,5,13813963,13813964,-9223372036854775807
N17A4_KV,centroid.motifs,241,214314,7,13813972,13813974,214315,5,13813980,13813981,-9223372036854775807
N17A4_KV,centroid.motifs,242,214316,7,13813989,13813991,214317,5,13813997,13813998,-9223372036854775807
N17A4_KV,centroid.motifs,243,214318,7,13814006,13814008,214319,5,13814014,13814015,-9223372036854775807
N17A4_KV,centroid.motifs,244,214320,7,13814023,13814025,214321,5,13814031,13814032,-9223372036854775807
N17A4_KV,centroid.motifs,245,214322,7,13814040,13814042,214323,5,13814048,13814049,-9223372036854775807
N17A4_KV,centroid.motifs,246,214324,7,13814057,13814059,214325,5,13814065,13814066,-9223372036854775807
N17A4_KV,centroid.motifs,247,214326,7,13814074,13814076,214327,5,13814082,13814083,-9223372036854775807
N17A4_KV,centroid.motifs,248,214328,7,13814091,13814093,214329,5,13814099,13814100,-9223372036854775807
N17A4_KV,centroid.motifs,249,214330,7,13814108,13814110,214331,5,13814116,13814117,-9223372036854775807
N17A4_KV,centroid.motifs,250,214332,7,13814125,13814127,214333,5,13814133,13814134,-9223372036854775807
N17A4_KV,centroid.motifs,251,214334,7,13814142,13814144,214335,5,13814150,13814151,-9223372036854775807
N17A4_KV,centroid.motifs,252,214336,7,13814159,13814161,214337,5,13814167,13814168,-9223372036854775807
N17A4_KV,centroid.motifs,253,214338,7,13814176,13814178,214339,5,13814184,13814185,-9223372036854775807
N17A4_KV,centroid.motifs,254,214340,7,13814193,13814195,214341,5,13814201,13814202,-9223372036854775807
N17A4_KV,centroid.motifs,255,214342,7,13814210,13814212,214343,5,13814218,13814219,-9223372036854775807
N17A4_KV,centroid.motifs,256,214344,7,13814227,13814229,214345,5,13814235,13814236,-9223372036854775807
N17A4_KV,centroid.motifs,257,214346,7,13814244,13814246,214347,5,13814252,13814253,-9223372036854775807
N17A4_KV,centroid.motifs,258,214348,7,13814261,13814263,214349,5,13814269,13814270,-9223372036854775807
N17A4_KV,centroid.motifs,259,214350,7,13814278,13814280,214351,5,13814286,13814287,-9223372036854775807
N17A4_KV,centroid.motifs,260,214352,7,13814295,13814297,214353,5,13814303,13814304,-9223372036854775807
N17A4_KV,centroid.motifs,261,214354,7,13814312,13814314,214355,5,13814320,13814321,-9223372036854775807
N17A4_KV,centroid.motifs,262,214356,7,13814329,13814331,214357,5,13814337,13814338,-9223372036854775807
N17A4_KV,centroid.motifs,263,214358,7,13814346,13814348,214359,5,13814354,13814355,-9223372036854775807
N17A4_KV,centroid.motifs,264,214360,7,13814363,13814365,214361,5,13814371,13814372,-9223372036854775807
N17A4_KV,centroid.motifs,265,214362,7,13814380,13814382,214363,5,13814388,13814389,-9223372036854775807
N17A4_KV,centroid.motifs,266,214364,7,13814397,13814399,214365,5,13814405,13814406,-9223372036854775807
N17A4_KV,centroid.motifs,267,214366,7,13814414,13814416,214367,5,13814422,13814423,-9223372036854775807
N17A4_KV,centroid.motifs,268,214368,7,13814431,13814433,214369,5,13814439,13814440,-9223372036854775807
N17A4_KV,centroid.motifs,269,214370,7,13814448,13814450,214371,5,13814456,13814457,-9223372036854775807
N17A4_KV,centroid.motifs,270,214372,7,13814465,13814467,214373,5,13814473,13814474,-9223372036854775807
N17A4_KV,centroid.motifs,271,214374,7,13814482,13814484,214375,5,13814490,13814491,-9223372036854775807
N17A4_KV,centroid.motifs,272,214376,7,13814499,13814501,214377,5,13814507,13814508,-9223372036854775807
N17A4_KV,centroid.motifs,273,214378,7,13814516,13814518,214379,5,13814524,13814525,-9223372036854775807
N17A4_KV,centroid.motifs,274,214380,7,13814533,13814535,214381,5,13814541,13814542,-9223372036854775807
N17A4_KV,centroid.motifs,275,214382,7,13814550,13814552,214383,5,13814558,13814559,-9223372036854775807
N17A4_KV,centroid.motifs,276,214384,7,13814567,13814569,214385,5,13814575,13814576,-9223372036854775807
N17A4_KV,centroid.motifs,277,214386,7,13814584,13814586,214387,5,13814592,13814593,-9223372036854775807
N17A4_KV,centroid.motifs,278,214388,7,13814601,13814603,214389,5,13814610,13814611,-9223372036854775807
N17A4_KV,centroid.motifs,279,214390,7,13814619,13814621,214391,5,13814628,13814629,-9223372036854775807
N17A4_KV,centroid.motifs,280,214392,7,13814637,13814639,214393,5,13814646,13814647,-9223372036854775807
N17A4_KV,centroid.motifs,281,214394,7,13814655,13814657,214395,5,13814664,13814665,-9223372036854775807
N17A4_KV,centroid.motifs,282,214396,7,13814673,13814675,214397,5,13814682,13814683,-9223372036854775807
N17A4_KV,centroid.motifs,283,214398,7,13814691,13814693,214399,5,13814700,13814701,-9223372036854775807
N17A4_KV,centroid.motifs,284,214400,7,13814709,13814711,214401,5,13814718,13814719,-9223372036854775807
N17A4_KV,centroid.motifs,285,214402,7,13814727,13814729,214403,5,13814736,13814737,-9223372036854775807
N17A4_KV,centroid.motifs,286,214404,7,13814745,13814747,214405,5,13814754,13814755,-9223372036854775807
N17A4_KV,centroid.motifs,287,214406,7,13814763,13814765,214407,5,13814772,13814773,-9223372036854775807
N17A4_KV,centroid.motifs,288,214408,7,13814781,13814783,214409,5,13814790,13814791,-9223372036854775807
N17A4_KV,centroid.motifs,289,214410,7,13814799,13814801,214411,5,13814808,13814809,-9223372036854775807
N17A4_KV,centroid.motifs,290,214412,7,13814817,13814819,214413,5,13814826,13814827,-9223372036854775807
N17A4_KV,centroid.motifs,291,214414,7,13814835,13814837,214415,5,13814844,13814845,-9223372036854775807
N17A4_KV,centroid.motifs,292,214416,7,13814853,13814855,214417,5,13814862,13814863,-9223372036854775807
N17A4_KV,centroid.motifs,293,214418,7,13814871,13814873,214419,5,13814880,13814881,-9223372036854775807
N17A4_KV,centroid.motifs,294,214420,7,13814889,13814891,214421,5,13814898,13814899,-9223372036854775807
N17A4_KV,centroid.motifs,295,214422,7,13814907,13814909,214423,5,13814916,13814917,-9223372036854775807
N17A4_KV,centroid.motifs,296,214424,7,13814925,13814927,214425,5,13814934,13814935,-9223372036854775807
N17A4_KV,centroid.motifs,297,214426,7,13814943,13814945,214427,5,13814952,13814953,-9223372036854775807
N17A4_KV,centroid.motifs,298,214428,7,13814961,13814963,214429,5,13814970,13814971,-9223372036854775807
N17A4_KV,centroid.motifs,299,214430,7,13814979,13814981,214431,5,13814988,13814989,-9223372036854775807
N17A4_KV,centroid.motifs,300,214432,7,13814997,13814999,214433,5,13815006,13815007,-9223372036854775807
N17A4_KV,centroid.motifs,301,214434,7,13815015,13815017,214435,5,13815024,13815025,-9223372036854775807
N17A4_KV,centroid.motifs,302,214436,7,13815033,13815035,214437,5,13815042,13815043,-9223372036854775807
N17A4_KV,centroid.motifs,303,214438,7,13815051,13815053,214439,5,13815060,13815061,-9223372036854775807
N17A4_KV,centroid.motifs,304,214440,7,13815069,13815071,214441,5,13815078,13815079,-9223372036854775807
N17A4_KV,centroid.motifs,305,214442,7,13815087,13815089,214443,5,13815096,13815097,-9223372036854775807
N17A4_KV,centroid.motifs,306,214444,7,13815105,13815107,214445,5,13815114,13815115,-9223372036854775807
N17A4_KV,centroid.motifs,307,214446,7,13815123,13815125,214447,5,13815132,13815133,-9223372036854775807
N17A4_KV,centroid.motifs,308,214448,7,13815141,13815143,214449,5,13815150,13815151,-9223372036854775807
N17A4_KV,centroid.motifs,309,214450,7,13815159,13815161,214451,5,13815168,13815169,-9223372036854775807
N17A4_KV,centroid.motifs,310,214452,7,13815177,13815179,214453,5,13815186,13815187,-9223372036854775807
N17A4_KV,centroid.motifs,311,214454,7,13815195,13815197,214455,5,13815204,13815205,-9223372036854775807
N17A4_KV,centroid.motifs,312,214456,7,13815213,13815215,214457,5,13815222,13815223,-9223372036854775807
N17A4_KV,centroid.motifs,313,214458,7,13815231,13815233,214459,5,13815240,13815241,-9223372036854775807
N17A4_KV,centroid.motifs,314,214460,7,13815249,13815251,214461,5,13815258,13815259,-9223372036854775807
N17A4_KV,centroid.motifs,315,214462,7,13815267,13815269,214463,5,13815276,13815277,-9223372036854775807
N17A4_KV,centroid.motifs,316,214464,7,13815285,13815287,214465,5,13815294,13815295,-9223372036854775807
N17A4_KV,centroid.motifs,317,214466,7,13815303,13815305,214467,5,13815312,13815313,-9223372036854775807
N17A4_KV,centroid.motifs,318,214468,7,13815321,13815323,214469,5,13815330,13815331,-9223372036854775807
N17A4_KV,centroid.motifs,319,214470,7,13815339,13815341,214471,5,13815348,13815349,-9223372036854775807
N17A4_KV,centroid.motifs,320,214472,7,13815357,13815359,214473,5,13815366,13815367,-9223372036854775807
N17A4_KV,centroid.motifs,321,214474,7,13815375,13815377,214475,5,13815384,13815385,-9223372036854775807
N17A4_KV,centroid.motifs,322,214476,7,13815393,13815395,214477,5,13815402,13815403,-9223372036854775807
N17A4_KV,centroid.motifs,323,214478,7,13815411,13815413,214479,5,13815420,13815421,-9223372036854775807
N17A4_KV,centroid.motifs,324,214480,7,13815429,13815431,214481,5,13815438,13815439,-9223372036854775807
N17A4_KV,centroid.motifs,325,214482,7,13815447,13815449,214483,5,13815456,13815457,-9223372036854775807
N17A4_KV,centroid.motifs,326,214484,7,13815465,13815467,214485,5,13815474,13815475,-9223372036854775807
N17A4_KV,centroid.motifs,327,214486,7,13815483,13815485,214487,5,13815492,13815493,-9223372036854775807
N17A4_KV,centroid.motifs,328,214488,7,13815501,13815503,214489,5,13815510,13815511,-9223372036854775807
N17A4_KV,centroid.motifs,329,214490,7,13815519,13815521,214491,5,13815528,13815529,-9223372036854775807
N17A4_KV,centroid.motifs,330,214492,7,13815537,13815539,214493,5,13815546,13815547,-9223372036854775807
N17A4_KV,centroid.motifs,331,214494,7,13815555,13815557,214495,5,13815564,13815565,-9223372036854775807
N17A4_KV,centroid.motifs,332,214496,7,13815573,13815575,214497,5,13815582,13815583,-9223372036854775807
N17A4_KV,centroid.motifs,333,214498,7,13815591,13815593,214499,5,13815600,13815601,-9223372036854775807
N17A4_KV,centroid.motifs,334,214500,7,13815609,13815611,214501,5,13815618,13815619,-9223372036854775807
N17A4_KV,centroid.motifs,335,214502,7,13815627,13815629,214503,5,13815636,13815637,-9223372036854775807
N17A4_KV,centroid.motifs,336,214504,7,13815645,13815647,214505,5,13815654,13815655,-9223372036854775807
N17A4_KV,centroid.motifs,337,214506,7,13815663,13815665,214507,5,13815672,13815673,-9223372036854775807
N17A4_KV,centroid.motifs,338,214508,7,13815681,13815683,214509,5,13815690,13815691,-9223372036854775807
N17A4_KV,centroid.motifs,339,214510,7,13815699,13815701,214511,5,13815708,13815709,-9223372036854775807
N17A4_KV,centroid.motifs,340,214512,7,13815717,13815719,214513,5,13815726,13815727,-9223372036854775807
N17A4_KV,centroid.motifs,341,214514,7,13815735,13815737,214515,5,13815744,13815745,-9223372036854775807
N17A4_KV,centroid.motifs,342,214516,7,13815753,13815755,214517,5,13815762,13815763,-9223372036854775807
N17A4_KV,centroid.motifs,343,214518,7,13815771,13815773,214519,5,13815780,13815781,-9223372036854775807
N17A4_KV,centroid.motifs,344,214520,7,13815789,13815791,214521,5,13815798,13815799,-9223372036854775807
N17A4_KV,centroid.motifs,345,214522,7,13815807,13815809,214523,5,13815816,13815817,-9223372036854775807
N17A4_KV,centroid.motifs,346,214524,7,13815825,13815827,214525,5,13815834,13815835,-9223372036854775807
N17A4_KV,centroid.motifs,347,214526,7,13815843,13815845,214527,5,13815852,13815853,-9223372036854775807
N17A4_KV,centroid.motifs,348,214528,7,13815861,13815863,214529,5,13815870,13815871,-9223372036854775807
N17A4_KV,centroid.motifs,349,214530,7,13815879,13815881,214531,5,13815884,13815885,-9223372036854775807
N17A4_KV,centroid.motifs,350,214532,7,13815893,13815895,214533,5,13815898,13815899,-9223372036854775807
N17A4_KV,centroid.motifs,351,214534,7,13815907,13815909,214535,5,13815912,13815913,-9223372036854775807
N17A4_KV,centroid.motifs,352,214536,7,13815921,13815923,214537,5,13815926,13815927,-9223372036854775807
N17A4_KV,centroid.motifs,353,214538,7,13815935,13815937,214539,5,13815940,13815941,-9223372036854775807
N17A4_KV,centroid.motifs,354,214540,7,13815949,13815951,214541,5,13815954,13815955,-9223372036854775807
N17A4_KV,centroid.motifs,355,214542,7,13815963,13815965,214543,5,13815968,13815969,-9223372036854775807
N17A4_KV,centroid.motifs,356,214544,7,13815977,13815979,214545,5,13815982,13815983,-9223372036854775807
N17A4_KV,centroid.motifs,357,214546,7,13815991,13815993,214547,5,13815996,13815997,-9223372036854775807
N17A4_KV,centroid.motifs,358,214548,7,13816005,13816007,214549,5,13816010,13816011,-9223372036854775807
N17A4_KV,centroid.motifs,359,214550,7,13816019,13816021,214551,5,13816024,13816025,-9223372036854775807
N17A4_KV,centroid.motifs,360,214552,7,13816033,13816035,214553,5,13816038,13816039,-9223372036854775807
N17A4_KV,centroid.motifs,361,214554,7,13816047,13816049,214555,5,13816052,13816053,-9223372036854775807
N17A4_KV,centroid.motifs,362,214556,7,13816061,13816063,214557,5,13816066,13816067,-9223372036854775807
N17A4_KV,centroid.motifs,363,214558,7,13816075,13816077,214559,5,13816080,13816081,-9223372036854775807
N17A4_KV,centroid.motifs,364,214560,7,13816089,13816091,214561,5,13816094,13816095,-9223372036854775807
N17A4_KV,centroid.motifs,365,214562,7,13816103,13816105,214563,5,13816108,13816109,-9223372036854775807
N17A4_KV,centroid.motifs,366,214564,7,13816117,13816119,214565,5,13816122,13816123,-9223372036854775807
N17A4_KV,centroid.motifs,367,214566,7,13816131,13816133,214567,5,13816136,13816137,-9223372036854775807
N17A4_KV,centroid.motifs,368,214568,7,13816145,13816147,214569,5,13816150,13816151,-9223372036854775807
N17A4_KV,centroid.motifs,369,214570,7,13816159,13816161,214571,5,13816164,13816165,-9223372036854775807
N17A4_KV,centroid.motifs,370,214572,7,13816173,13816175,214573,5,13816178,13816179,-9223372036854775807
N17A4_KV,centroid.motifs,371,214574,7,13816187,13816189,214575,5,13816192,13816193,-9223372036854775807
N17A4_KV,centroid.motifs,372,214576,7,13816201,13816203,214577,5,13816206,13816207,-9223372036854775807
N17A4_KV,centroid.motifs,373,214578,7,13816215,13816217,214579,5,13816220,13816221,-9223372036854775807
N17A4_KV,centroid.motifs,374,214580,7,13816229,13816231,214581,5,13816234,13816235,-9223372036854775807
N17A4_KV,centroid.motifs,375,214582,7,13816243,13816245,214583,5,13816248,13816249,-9223372036854775807
N17A4_KV,centroid.motifs,376,214584,7,13816257,13816259,214585,5,13816262,13816263,-9223372036854775807
N17A4_KV,centroid.motifs,377,214586,7,13816271,13816273,214587,5,13816276,13816277,-9223372036854775807
N17A4_KV,centroid.motifs,378,214588,7,13816285,13816287,214589,5,13816290,13816291,-9223372036854775807
N17A4_KV,centroid.motifs,379,214590,7,13816299,13816301,214591,5,13816304,13816305,-9223372036854775807
N17A4_KV,centroid.motifs,380,214592,7,13816313,13816315,214593,5,13816318,13816319,-9223372036854775807
N17A4_KV,centroid.motifs,381,214594,7,13816327,13816329,214595,5,13816332,13816333,-9223372036854775807
N17A4_KV,centroid.motifs,382,214596,7,13816341,13816343,214597,5,13816346,13816347,-9223372036854775807
N17A4_KV,centroid.motifs,383,214598,7,13816355,13816357,214599,5,13816360,13816361,-9223372036854775807
N17A4_KV,centroid.motifs,384,214600,7,13816369,13816371,214601,5,13816374,13816375,-9223372036854775807
N17A4_KV,centroid.motifs,385,214602,7,13816383,13816385,214603,5,13816388,13816389,-9223372036854775807
N17A4_KV,centroid.motifs,386,214604,7,13816397,13816399,214605,5,13816403,13816404,-9223372036854775807
N17A4_KV,centroid.motifs,387,214606,7,13816412,13816414,214607,5,13816418,13816419,-9223372036854775807
N17A4_KV,centroid.motifs,388,214608,7,13816427,13816429,214609,5,13816433,13816434,-9223372036854775807
N17A4_KV,centroid.motifs,389,214610,7,13816442,13816444,214611,5,13816448,13816449,-9223372036854775807
N17A4_KV,centroid.motifs,390,214612,7,13816457,13816459,214613,5,13816463,13816464,-9223372036854775807
N17A4_KV,centroid.motifs,391,214614,7,13816472,13816474,214615,5,13816478,13816479,-9223372036854775807
N17A4_KV,centroid.motifs,392,214616,7,13816487,13816489,214617,5,13816493,13816494,-9223372036854775807
N17A4_KV,centroid.motifs,393,214618,7,13816502,13816504,214619,5,13816508,13816509,-9223372036854775807
N17A4_KV,centroid.motifs,394,214620,7,13816517,13816519,214621,5,13816523,13816524,-9223372036854775807
N17A4_KV,centroid.motifs,395,214622,7,13816532,13816534,214623,5,13816538,13816539,-9223372036854775807
N17A4_KV,centroid.motifs,396,214624,7,13816547,13816549,214625,5,13816553,13816554,-9223372036854775807
N17A4_KV,centroid.motifs,397,214626,7,13816562,13816564,214627,5,13816568,13816569,-9223372036854775807
N17A4_KV,centroid.motifs,398,214628,7,13816577,13816579,214629,5,13816583,13816584,-9223372036854775807
N17A4_KV,centroid.motifs,399,214630,7,13816592,13816594,214631,5,13816598,13816599,-9223372036854775807
N17A4_KV,centroid.motifs,400,214632,7,13816607,13816609,214633,5,13816613,13816614,-9223372036854775807
N17A4_KV,centroid.motifs,401,214634,7,13816622,13816624,214635,5,13816628,13816629,-9223372036854775807
N17A4_KV,centroid.motifs,402,214636,7,13816637,13816639,214637,5,13816643,13816644,-9223372036854775807
N17A4_KV,centroid.motifs,403,214638,7,13816652,13816654,214639,5,13816658,13816659,-9223372036854775807
N17A4_KV,centroid.motifs,404,214640,7,13816667,13816669,214641,5,13816673,13816674,-9223372036854775807
N17A4_KV,centroid.motifs,405,214642,7,13816682,13816684,214643,5,13816688,13816689,-9223372036854775807
N17A4_KV,centroid.motifs,406,214644,7,13816697,13816699,214645,5,13816703,13816704,-9223372036854775807
N17A4_KV,centroid.motifs,407,214646,7,13816712,13816714,214647,5,13816718,13816719,-9223372036854775807
N17A4_KV,centroid.motifs,408,214648,7,13816727,13816729,214649,5,13816733,13816734,-9223372036854775807
N17A4_KV,centroid.motifs,409,214650,7,13816742,13816744,214651,5,13816748,13816749,-9223372036854775807
N17A4_KV,centroid.motifs,410,214652,7,13816757,13816759,214653,5,13816763,13816764,-9223372036854775807
N17A4_KV,centroid.motifs,411,214654,7,13816772,13816774,214655,5,13816778,13816779,-9223372036854775807
N17A4_KV,centroid.motifs,412,214656,7,13816787,13816789,214657,5,13816793,13816794,-9223372036854775807
N17A4_KV,centroid.motifs,413,214658,7,13816802,13816804,214659,5,13816808,13816809,-9223372036854775807
N17A4_KV,centroid.motifs,414,214660,7,13816817,13816819,214661,5,13816823,13816824,-9223372036854775807
N17A4_KV,centroid.motifs,415,214662,7,13816832,13816834,214663,5,13816838,13816839,-9223372036854775807
N17A4_KV,centroid.motifs,416,214664,7,13816847,13816849,214665,5,13816853,13816854,-9223372036854775807
N17A4_KV,centroid.motifs,417,214666,7,13816862,13816864,214667,5,13816868,13816869,-9223372036854775807
N17A4_KV,centroid.motifs,418,214668,7,13816877,13816879,214669,5,13816883,13816884,-9223372036854775807
N17A4_KV,centroid.motifs,419,214670,7,13816892,13816894,214671,5,13816898,13816899,-9223372036854775807
N17A4_KV,centroid.motifs,420,214672,7,13816907,13816909,214673,5,13816913,13816914,-9223372036854775807
N17A4_KV,centroid.motifs,421,214674,7,13816922,13816924,214675,5,13816928,13816929,-9223372036854775807
N17A4_KV,centroid.motifs,422,214676,7,13816937,13816939,214677,5,13816943,13816944,-9223372036854775807
N17A4_KV,centroid.motifs,423,214678,7,13816952,13816954,214679,5,13816958,13816959,-9223372036854775807
N17A4_KV,centroid.motifs,424,214680,7,13816967,13816969,214681,5,13816973,13816974,-9223372036854775807
N17A4_KV,centroid.motifs,425,214682,7,13816982,13816984,214683,5,13816988,13816989,-9223372036854775807
N17A4_KV,centroid.motifs,426,214684,7,13816997,13816999,214685,5,13817003,13817004,-9223372036854775807
N17A4_KV,centroid.motifs,427,214686,7,13817012,13817014,214687,5,13817018,13817019,-9223372036854775807
N17A4_KV,centroid.motifs,428,214688,7,13817027,13817029,214689,5,13817033,13817034,-9223372036854775807
N17A4_KV,centroid.motifs,429,214690,7,13817042,13817044,214691,5,13817048,13817049,-9223372036854775807
N17A4_KV,centroid.motifs,430,214692,7,13817057,13817059,214693,5,13817063,13817064,-9223372036854775807
N17A4_KV,centroid.motifs,431,214694,7,13817072,13817074,214695,5,13817078,13817079,-9223372036854775807
N17A4_KV,centroid.motifs,432,214696,7,13817087,13817089,214697,5,13817093,13817094,-9223372036854775807
N17A4_KV,centroid.motifs,433,214698,7,13817102,13817104,214699,5,13817108,13817109,-9223372036854775807
N17A4_KV,centroid.motifs,434,214700,7,13817117,13817119,214701,5,13817123,13817124,-9223372036854775807
N17A4_KV,centroid.motifs,435,214702,7,13817132,13817134,214703,5,13817138,13817139,-9223372036854775807
N17A4_KV,centroid.motifs,436,214704,7,13817147,13817149,214705,5,13817153,13817154,-9223372036854775807
N17A4_KV,centroid.motifs,437,214706,7,13817162,13817164,214707,5,13817168,13817169,-9223372036854775807
N17A4_KV,centroid.motifs,438,214708,7,13817177,13817179,214709,5,13817183,13817184,-9223372036854775807
N17A4_KV,centroid.motifs,439,214710,7,13817192,13817194,214711,5,13817198,13817199,-9223372036854775807
N17A4_KV,centroid.motifs,440,214712,7,13817207,13817209,214713,5,13817214,13817215,-9223372036854775807
N17A4_KV,centroid.motifs,441,214714,7,13817223,13817225,214715,5,13817230,13817231,-9223372036854775807
N17A4_KV,centroid.motifs,442,214716,7,13817239,13817241,214717,5,13817246,13817247,-9223372036854775807
N17A4_KV,centroid.motifs,443,214718,7,13817255,13817257,214719,5,13817262,13817263,-9223372036854775807
N17A4_KV,centroid.motifs,444,214720,7,13817271,13817273,214721,5,13817278,13817279,-9223372036854775807
N17A4_KV,centroid.motifs,445,214722,7,13817287,13817289,214723,5,13817294,13817295,-9223372036854775807
N17A4_KV,centroid.motifs,446,214724,7,13817303,13817305,214725,5,13817310,13817311,-9223372036854775807
N17A4_KV,centroid.motifs,447,214726,7,13817319,13817321,214727,5,13817326,13817327,-9223372036854775807
N17A4_KV,centroid.motifs,448,214728,7,13817335,13817337,214729,5,13817342,13817343,-9223372036854775807
N17A4_KV,centroid.motifs,449,214730,7,13817351,13817353,214731,5,13817358,13817359,-9223372036854775807
N17A4_KV,centroid.motifs,450,214732,7,13817367,13817369,214733,5,13817374,13817375,-9223372036854775807
N17A4_KV,centroid.motifs,451,214734,7,13817383,13817385,214735,5,13817390,13817391,-9223372036854775807
N17A4_KV,centroid.motifs,452,214736,7,13817399,13817401,214737,5,13817406,13817407,-9223372036854775807
N17A4_KV,centroid.motifs,453,214738,7,13817415,13817417,214739,5,13817422,13817423,-9223372036854775807
N17A4_KV,centroid.motifs,454,214740,7,13817431,13817433,214741,5,13817438,13817439,-9223372036854775807
N17A4_KV,centroid.motifs,455,214742,7,13817447,13817449,214743,5,13817454,13817455,-9223372036854775807
N17A4_KV,centroid.motifs,456,214744,7,13817463,13817465,214745,5,13817470,13817471,-9223372036854775807
N17A4_KV,centroid.motifs,457,214746,7,13817479,13817481,214747,5,13817486,13817487,-9223372036854775807
N17A4_KV,centroid.motifs,458,214748,7,13817495,13817497,214749,5,13817502,13817503,-9223372036854775807
N17A4_KV,centroid.motifs,459,214750,7,13817511,13817513,214751,5,13817518,13817519,-9223372036854775807
N17A4_KV,centroid.motifs,460,214752,7,13817527,13817529,214753,5,13817534,13817535,-9223372036854775807
N17A4_KV,centroid.motifs,461,214754,7,13817543,13817545,214755,5,13817550,13817551,-9223372036854775807
N17A4_KV,centroid.motifs,462,214756,7,13817559,13817561,214757,5,13817566,13817567,-9223372036854775807
N17A4_KV,centroid.motifs,463,214758,7,13817575,13817577,214759,5,13817582,13817583,-9223372036854775807
N17A4_KV,centroid.motifs,464,214760,7,13817591,13817593,214761,5,13817598,13817599,-9223372036854775807
N17A4_KV,centroid.motifs,465,214762,7,13817607,13817609,214763,5,13817614,13817615,-9223372036854775807
N17A4_KV,centroid.motifs,466,214764,7,13817623,13817625,214765,5,13817630,13817631,-9223372036854775807
N17A4_KV,centroid.motifs,467,214766,7,13817639,13817641,214767,5,13817646,13817647,-9223372036854775807
N17A4_KV,centroid.motifs,468,214768,7,13817655,13817657,214769,5,13817662,13817663,-9223372036854775807
N17A4_KV,centroid.motifs,469,214770,7,13817671,13817673,214771,5,13817678,13817679,-9223372036854775807
N17A4_KV,centroid.motifs,470,214772,7,13817687,13817689,214773,5,13817694,13817695,-9223372036854775807
N17A4_KV,centroid.motifs,471,214774,7,13817703,13817705,214775,5,13817710,13817711,-9223372036854775807
N17A4_KV,centroid.motifs,472,214776,7,13817719,13817721,214777,5,13817726,13817727,-9223372036854775807
N17A4_KV,centroid.motifs,473,214778,7,13817735,13817737,214779,5,13817742,13817743,-9223372036854775807
N17A4_KV,centroid.motifs,474,214780,7,13817751,13817753,214781,5,13817758,13817759,-9223372036854775807
N17A4_KV,centroid.motifs,475,214782,7,13817767,13817769,214783,5,13817774,13817775,-9223372036854775807
N17A4_KV,centroid.motifs,476,214784,7,13817783,13817785,214785,5,13817790,13817791,-9223372036854775807
N17A4_KV,centroid.motifs,477,214786,7,13817799,13817801,214787,5,13817806,13817807,-9223372036854775807
N17A4_KV,centroid.motifs,478,214788,7,13817815,13817817,214789,5,13817822,13817823,-9223372036854775807
N17A4_KV,centroid.motifs,479,214790,7,13817831,13817833,214791,5,13817838,13817839,-9223372036854775807
N17A4_KV,centroid.motifs,480,214792,7,13817847,13817849,214793,5,13817854,13817855,-9223372036854775807
N17A4_KV,centroid.motifs,481,214794,7,13817863,13817865,214795,5,13817870,13817871,-9223372036854775807
N17A4_KV,centroid.motifs,482,214796,7,13817879,13817881,214797,5,13817886,13817887,-9223372036854775807
N17A4_KV,centroid.motifs,483,214798,7,13817895,13817897,214799,5,13817902,13817903,-9223372036854775807
N17A4_KV,centroid.motifs,484,214800,7,13817911,13817913,214801,5,13817918,13817919,-9223372036854775807
N17A4_KV,centroid.motifs,485,214802,7,13817927,13817929,214803,5,13817934,13817935,-9223372036854775807
N17A4_KV,centroid.motifs,486,214804,7,13817943,13817945,214805,5,13817950,13817951,-9223372036854775807
N17A4_KV,centroid.motifs,487,214806,7,13817959,13817961,214807,5,13817966,13817967,-9223372036854775807
N17A4_KV,centroid.motifs,488,214808,7,13817975,13817977,214809,5,13817982,13817983,-9223372036854775807
N17A4_KV,centroid.motifs,489,214810,7,13817991,13817993,214811,5,13817998,13817999,-9223372036854775807
N17A4_KV,centroid.motifs,490,214812,7,13818007,13818009,214813,5,13818014,13818015,-9223372036854775807
N17A4_KV,centroid.motifs,491,214814,7,13818023,13818025,214815,5,13818030,13818031,-9223372036854775807
N17A4_KV,centroid.motifs,492,214816,7,13818039,13818041,214817,5,13818046,13818047,-9223372036854775807
N17A4_KV,centroid.motifs,493,214818,7,13818055,13818057,214819,5,13818062,13818063,-9223372036854775807
N17A4_KV,centroid.motifs,494,214820,7,13818071,13818073,214821,5,13818078,13818079,-9223372036854775807
N17A4_KV,centroid.motifs,495,214822,7,13818087,13818089,214823,5,13818094,13818095,-9223372036854775807
N17A4_KV,centroid.motifs,496,214824,7,13818103,13818105,214825,5,13818110,13818111,-9223372036854775807
N17A4_KV,centroid.motifs,497,214826,7,13818119,13818121,214827,5,13818126,13818127,-9223372036854775807
N17A4_KV,centroid.motifs,498,214828,7,13818135,13818137,214829,5,13818142,13818143,-9223372036854775807
N17A4_KV,centroid.motifs,499,214830,7,13818151,13818153,214831,5,13818158,13818159,-9223372036854775807
N17A4_KV,centroid.motifs,500,214832,7,13818167,13818169,214833,5,13818174,13818175,-9223372036854775807
N17A4_KV,centroid.motifs,501,214834,7,13818183,13818185,214835,5,13818190,13818191,-9223372036854775807
N17A4_KV,centroid.motifs,502,214836,7,13818199,13818201,214837,5,13818206,13818207,-9223372036854775807
N17A4_KV,centroid.motifs,503,214838,7,13818215,13818217,214839,5,13818223,13818224,-9223372036854775807
N17A4_KV,centroid.motifs,504,214840,7,13818232,13818234,214841,5,13818240,13818241,-9223372036854775807
N17A4_KV,centroid.motifs,505,214842,7,13818249,13818251,214843,5,13818257,13818258,-9223372036854775807
N17A4_KV,centroid.motifs,506,214844,7,13818266,13818268,214845,5,13818274,13818275,-9223372036854775807
N17A4_KV,centroid.motifs,507,214846,7,13818283,13818285,214847,5,13818291,13818292,-9223372036854775807
N17A4_KV,centroid.motifs,508,214848,7,13818300,13818302,214849,5,13818308,13818309,-9223372036854775807
N17A4_KV,centroid.motifs,509,214850,7,13818317,13818319,214851,5,13818325,13818326,-9223372036854775807
N17A4_KV,centroid.motifs,510,214852,7,13818334,13818336,214853,5,13818342,13818343,-9223372036854775807
N17A4_KV,centroid.motifs,511,214854,7,13818351,13818353,214855,5,13818359,13818360,-9223372036854775807
N17A4_DICT,centroid.motifs,217723,217723,11,1495
N17A4_KV,centroid.motifs,0,217724,7,13842144,13842146,217725,5,13842149,13842150,-9223372036854775807
N17A4_KV,centroid.motifs,1,217726,7,13842158,13842160,217727,5,13842163,13842164,-9223372036854775807
N17A4_KV,centroid.motifs,2,217728,7,13842172,13842174,217729,5,13842177,13842178,-9223372036854775807
N17A4_KV,centroid.motifs,3,217730,7,13842186,13842188,217731,5,13842191,13842192,-9223372036854775807
N17A4_KV,centroid.motifs,4,217732,7,13842200,13842202,217733,5,13842205,13842206,-9223372036854775807
N17A4_KV,centroid.motifs,5,217734,7,13842214,13842216,217735,5,13842219,13842220,-9223372036854775807
N17A4_KV,centroid.motifs,6,217736,7,13842228,13842230,217737,5,13842233,13842234,-9223372036854775807
N17A4_KV,centroid.motifs,7,217738,7,13842242,13842244,217739,5,13842247,13842248,-9223372036854775807
N17A4_KV,centroid.motifs,8,217740,7,13842256,13842258,217741,5,13842261,13842262,-9223372036854775807
N17A4_KV,centroid.motifs,9,217742,7,13842270,13842272,217743,5,13842275,13842276,-9223372036854775807
N17A4_KV,centroid.motifs,10,217744,7,13842284,13842286,217745,5,13842289,13842290,-9223372036854775807
N17A4_KV,centroid.motifs,11,217746,7,13842298,13842300,217747,5,13842303,13842304,-9223372036854775807
N17A4_KV,centroid.motifs,12,217748,7,13842312,13842314,217749,5,13842317,13842318,-9223372036854775807
N17A4_KV,centroid.motifs,13,217750,7,13842326,13842328,217751,5,13842331,13842332,-9223372036854775807
N17A4_KV,centroid.motifs,14,217752,7,13842340,13842342,217753,5,13842345,13842346,-9223372036854775807
N17A4_KV,centroid.motifs,15,217754,7,13842354,13842356,217755,5,13842359,13842360,-9223372036854775807
N17A4_KV,centroid.motifs,16,217756,7,13842368,13842370,217757,5,13842373,13842374,-9223372036854775807
N17A4_KV,centroid.motifs,17,217758,7,13842382,13842384,217759,5,13842387,13842388,-9223372036854775807
N17A4_KV,centroid.motifs,18,217760,7,13842396,13842398,217761,5,13842401,13842402,-9223372036854775807
N17A4_KV,centroid.motifs,19,217762,7,13842410,13842412,217763,5,13842415,13842416,-9223372036854775807
N17A4_KV,centroid.motifs,20,217764,7,13842424,13842426,217765,5,13842429,13842430,-9223372036854775807
N17A4_KV,centroid.motifs,21,217766,7,13842438,13842440,217767,5,13842443,13842444,-9223372036854775807
N17A4_KV,centroid.motifs,22,217768,7,13842452,13842454,217769,5,13842457,13842458,-9223372036854775807
N17A4_KV,centroid.motifs,23,217770,7,13842466,13842468,217771,5,13842471,13842472,-9223372036854775807
N17A4_KV,centroid.motifs,24,217772,7,13842480,13842482,217773,5,13842485,13842486,-9223372036854775807
N17A4_KV,centroid.motifs,25,217774,7,13842494,13842496,217775,5,13842499,13842500,-9223372036854775807
N17A4_KV,centroid.motifs,26,217776,7,13842508,13842510,217777,5,13842513,13842514,-9223372036854775807
N17A4_KV,centroid.motifs,27,217778,7,13842522,13842524,217779,5,13842527,13842528,-9223372036854775807
N17A4_KV,centroid.motifs,28,217780,7,13842536,13842538,217781,5,13842541,13842542,-9223372036854775807
N17A4_KV,centroid.motifs,29,217782,7,13842550,13842552,217783,5,13842555,13842556,-9223372036854775807
N17A4_KV,centroid.motifs,30,217784,7,13842564,13842566,217785,5,13842569,13842570,-9223372036854775807
N17A4_KV,centroid.motifs,31,217786,7,13842578,13842580,217787,5,13842583,13842584,-9223372036854775807
N17A4_KV,centroid.motifs,32,217788,7,13842592,13842594,217789,5,13842597,13842598,-9223372036854775807
N17A4_KV,centroid.motifs,33,217790,7,13842606,13842608,217791,5,13842611,13842612,-9223372036854775807
N17A4_KV,centroid.motifs,34,217792,7,13842620,13842622,217793,5,13842625,13842626,-9223372036854775807
N17A4_KV,centroid.motifs,35,217794,7,13842634,13842636,217795,5,13842639,13842640,-9223372036854775807
N17A4_KV,centroid.motifs,36,217796,7,13842648,13842650,217797,5,13842653,13842654,-9223372036854775807
N17A4_KV,centroid.motifs,37,217798,7,13842662,13842664,217799,5,13842667,13842668,-9223372036854775807
N17A4_KV,centroid.motifs,38,217800,7,13842676,13842678,217801,5,13842681,13842682,-9223372036854775807
N17A4_KV,centroid.motifs,39,217802,7,13842690,13842692,217803,5,13842695,13842696,-9223372036854775807
N17A4_KV,centroid.motifs,40,217804,7,13842704,13842706,217805,5,13842709,13842710,-9223372036854775807
N17A4_KV,centroid.motifs,41,217806,7,13842718,13842720,217807,5,13842723,13842724,-9223372036854775807
N17A4_KV,centroid.motifs,42,217808,7,13842732,13842734,217809,5,13842737,13842738,-9223372036854775807
N17A4_KV,centroid.motifs,43,217810,7,13842746,13842748,217811,5,13842751,13842752,-9223372036854775807
N17A4_KV,centroid.motifs,44,217812,7,13842760,13842762,217813,5,13842766,13842767,-9223372036854775807
N17A4_KV,centroid.motifs,45,217814,7,13842775,13842777,217815,5,13842781,13842782,-9223372036854775807
N17A4_KV,centroid.motifs,46,217816,7,13842790,13842792,217817,5,13842796,13842797,-9223372036854775807
N17A4_KV,centroid.motifs,47,217818,7,13842805,13842807,217819,5,13842811,13842812,-9223372036854775807
N17A4_KV,centroid.motifs,48,217820,7,13842820,13842822,217821,5,13842826,13842827,-9223372036854775807
N17A4_KV,centroid.motifs,49,217822,7,13842835,13842837,217823,5,13842841,13842842,-9223372036854775807
N17A4_KV,centroid.motifs,50,217824,7,13842850,13842852,217825,5,13842856,13842857,-9223372036854775807
N17A4_KV,centroid.motifs,51,217826,7,13842865,13842867,217827,5,13842871,13842872,-9223372036854775807
N17A4_KV,centroid.motifs,52,217828,7,13842880,13842882,217829,5,13842886,13842887,-9223372036854775807
N17A4_KV,centroid.motifs,53,217830,7,13842895,13842897,217831,5,13842901,13842902,-9223372036854775807
N17A4_KV,centroid.motifs,54,217832,7,13842910,13842912,217833,5,13842916,13842917,-9223372036854775807
N17A4_KV,centroid.motifs,55,217834,7,13842925,13842927,217835,5,13842931,13842932,-9223372036854775807
N17A4_KV,centroid.motifs,56,217836,7,13842940,13842942,217837,5,13842946,13842947,-9223372036854775807
N17A4_KV,centroid.motifs,57,217838,7,13842955,13842957,217839,5,13842961,13842962,-9223372036854775807
N17A4_KV,centroid.motifs,58,217840,7,13842970,13842972,217841,5,13842976,13842977,-9223372036854775807
N17A4_KV,centroid.motifs,59,217842,7,13842985,13842987,217843,5,13842991,13842992,-9223372036854775807
N17A4_KV,centroid.motifs,60,217844,7,13843000,13843002,217845,5,13843006,13843007,-9223372036854775807
N17A4_KV,centroid.motifs,61,217846,7,13843015,13843017,217847,5,13843021,13843022,-9223372036854775807
N17A4_KV,centroid.motifs,62,217848,7,13843030,13843032,217849,5,13843036,13843037,-9223372036854775807
N17A4_KV,centroid.motifs,63,217850,7,13843045,13843047,217851,5,13843051,13843052,-9223372036854775807
N17A4_KV,centroid.motifs,64,217852,7,13843060,13843062,217853,5,13843066,13843067,-9223372036854775807
N17A4_KV,centroid.motifs,65,217854,7,13843075,13843077,217855,5,13843081,13843082,-9223372036854775807
N17A4_KV,centroid.motifs,66,217856,7,13843090,13843092,217857,5,13843096,13843097,-9223372036854775807
N17A4_KV,centroid.motifs,67,217858,7,13843105,13843107,217859,5,13843111,13843112,-9223372036854775807
N17A4_KV,centroid.motifs,68,217860,7,13843120,13843122,217861,5,13843126,13843127,-9223372036854775807
N17A4_KV,centroid.motifs,69,217862,7,13843135,13843137,217863,5,13843141,13843142,-9223372036854775807
N17A4_KV,centroid.motifs,70,217864,7,13843150,13843152,217865,5,13843156,13843157,-9223372036854775807
N17A4_KV,centroid.motifs,71,217866,7,13843165,13843167,217867,5,13843171,13843172,-9223372036854775807
N17A4_KV,centroid.motifs,72,217868,7,13843180,13843182,217869,5,13843186,13843187,-9223372036854775807
N17A4_KV,centroid.motifs,73,217870,7,13843195,13843197,217871,5,13843201,13843202,-9223372036854775807
N17A4_KV,centroid.motifs,74,217872,7,13843210,13843212,217873,5,13843216,13843217,-9223372036854775807
N17A4_KV,centroid.motifs,75,217874,7,13843225,13843227,217875,5,13843231,13843232,-9223372036854775807
N17A4_KV,centroid.motifs,76,217876,7,13843240,13843242,217877,5,13843246,13843247,-9223372036854775807
N17A4_KV,centroid.motifs,77,217878,7,13843255,13843257,217879,5,13843261,13843262,-9223372036854775807
N17A4_KV,centroid.motifs,78,217880,7,13843270,13843272,217881,5,13843276,13843277,-9223372036854775807
N17A4_KV,centroid.motifs,79,217882,7,13843285,13843287,217883,5,13843291,13843292,-9223372036854775807
N17A4_KV,centroid.motifs,80,217884,7,13843300,13843302,217885,5,13843306,13843307,-9223372036854775807
N17A4_KV,centroid.motifs,81,217886,7,13843315,13843317,217887,5,13843321,13843322,-9223372036854775807
N17A4_KV,centroid.motifs,82,217888,7,13843330,13843332,217889,5,13843336,13843337,-9223372036854775807
N17A4_KV,centroid.motifs,83,217890,7,13843345,13843347,217891,5,13843351,13843352,-9223372036854775807
N17A4_KV,centroid.motifs,84,217892,7,13843360,13843362,217893,5,13843366,13843367,-9223372036854775807
N17A4_KV,centroid.motifs,85,217894,7,13843375,13843377,217895,5,13843381,13843382,-9223372036854775807
N17A4_KV,centroid.motifs,86,217896,7,13843390,13843392,217897,5,13843396,13843397,-9223372036854775807
N17A4_KV,centroid.motifs,87,217898,7,13843405,13843407,217899,5,13843411,13843412,-9223372036854775807
N17A4_KV,centroid.motifs,88,217900,7,13843420,13843422,217901,5,13843426,13843427,-9223372036854775807
N17A4_KV,centroid.motifs,89,217902,7,13843435,13843437,217903,5,13843441,13843442,-9223372036854775807
N17A4_KV,centroid.motifs,90,217904,7,13843450,13843452,217905,5,13843456,13843457,-9223372036854775807
N17A4_KV,centroid.motifs,91,217906,7,13843465,13843467,217907,5,13843471,13843472,-9223372036854775807
N17A4_KV,centroid.motifs,92,217908,7,13843480,13843482,217909,5,13843486,13843487,-9223372036854775807
N17A4_KV,centroid.motifs,93,217910,7,13843495,13843497,217911,5,13843501,13843502,-9223372036854775807
N17A4_KV,centroid.motifs,94,217912,7,13843510,13843512,217913,5,13843516,13843517,-9223372036854775807
N17A4_KV,centroid.motifs,95,217914,7,13843525,13843527,217915,5,13843531,13843532,-9223372036854775807
N17A4_KV,centroid.motifs,96,217916,7,13843540,13843542,217917,5,13843546,13843547,-9223372036854775807
N17A4_KV,centroid.motifs,97,217918,7,13843555,13843557,217919,5,13843561,13843562,-9223372036854775807
N17A4_KV,centroid.motifs,98,217920,7,13843570,13843572,217921,5,13843576,13843577,-9223372036854775807
N17A4_KV,centroid.motifs,99,217922,7,13843585,13843587,217923,5,13843591,13843592,-9223372036854775807
N17A4_KV,centroid.motifs,100,217924,7,13843600,13843602,217925,5,13843607,13843608,-9223372036854775807
N17A4_KV,centroid.motifs,101,217926,7,13843616,13843618,217927,5,13843623,13843624,-9223372036854775807
N17A4_KV,centroid.motifs,102,217928,7,13843632,13843634,217929,5,13843639,13843640,-9223372036854775807
N17A4_KV,centroid.motifs,103,217930,7,13843648,13843650,217931,5,13843655,13843656,-9223372036854775807
N17A4_KV,centroid.motifs,104,217932,7,13843664,13843666,217933,5,13843671,13843672,-9223372036854775807
N17A4_KV,centroid.motifs,105,217934,7,13843680,13843682,217935,5,13843687,13843688,-9223372036854775807
N17A4_KV,centroid.motifs,106,217936,7,13843696,13843698,217937,5,13843703,13843704,-9223372036854775807
N17A4_KV,centroid.motifs,107,217938,7,13843712,13843714,217939,5,13843719,13843720,-9223372036854775807
N17A4_KV,centroid.motifs,108,217940,7,13843728,13843730,217941,5,13843735,13843736,-9223372036854775807
N17A4_KV,centroid.motifs,109,217942,7,13843744,13843746,217943,5,13843751,13843752,-9223372036854775807
N17A4_KV,centroid.motifs,110,217944,7,13843760,13843762,217945,5,13843767,13843768,-9223372036854775807
N17A4_KV,centroid.motifs,111,217946,7,13843776,13843778,217947,5,13843783,13843784,-9223372036854775807
N17A4_KV,centroid.motifs,112,217948,7,13843792,13843794,217949,5,13843799,13843800,-9223372036854775807
N17A4_KV,centroid.motifs,113,217950,7,13843808,13843810,217951,5,13843815,13843816,-9223372036854775807
N17A4_KV,centroid.motifs,114,217952,7,13843824,13843826,217953,5,13843831,13843832,-9223372036854775807
N17A4_KV,centroid.motifs,115,217954,7,13843840,13843842,217955,5,13843847,13843848,-9223372036854775807
N17A4_KV,centroid.motifs,116,217956,7,13843856,13843858,217957,5,13843863,13843864,-9223372036854775807
N17A4_KV,centroid.motifs,117,217958,7,13843872,13843874,217959,5,13843879,13843880,-9223372036854775807
N17A4_KV,centroid.motifs,118,217960,7,13843888,13843890,217961,5,13843895,13843896,-9223372036854775807
N17A4_KV,centroid.motifs,119,217962,7,13843904,13843906,217963,5,13843911,13843912,-9223372036854775807
N17A4_KV,centroid.motifs,120,217964,7,13843920,13843922,217965,5,13843927,13843928,-9223372036854775807
N17A4_KV,centroid.motifs,121,217966,7,13843936,13843938,217967,5,13843943,13843944,-9223372036854775807
N17A4_KV,centroid.motifs,122,217968,7,13843952,13843954,217969,5,13843959,13843960,-9223372036854775807
N17A4_KV,centroid.motifs,123,217970,7,13843968,13843970,217971,5,13843975,13843976,-9223372036854775807
N17A4_KV,centroid.motifs,124,217972,7,13843984,13843986,217973,5,13843991,13843992,-9223372036854775807
N17A4_KV,centroid.motifs,125,217974,7,13844000,13844002,217975,5,13844007,13844008,-9223372036854775807
N17A4_KV,centroid.motifs,126,217976,7,13844016,13844018,217977,5,13844023,13844024,-9223372036854775807
N17A4_KV,centroid.motifs,127,217978,7,13844032,13844034,217979,5,13844039,13844040,-9223372036854775807
N17A4_KV,centroid.motifs,128,217980,7,13844048,13844050,217981,5,13844055,13844056,-9223372036854775807
N17A4_KV,centroid.motifs,129,217982,7,13844064,13844066,217983,5,13844071,13844072,-9223372036854775807
N17A4_KV,centroid.motifs,130,217984,7,13844080,13844082,217985,5,13844087,13844088,-9223372036854775807
N17A4_KV,centroid.motifs,131,217986,7,13844096,13844098,217987,5,13844103,13844104,-9223372036854775807
N17A4_KV,centroid.motifs,132,217988,7,13844112,13844114,217989,5,13844119,13844120,-9223372036854775807
N17A4_KV,centroid.motifs,133,217990,7,13844128,13844130,217991,5,13844135,13844136,-9223372036854775807
N17A4_KV,centroid.motifs,134,217992,7,13844144,13844146,217993,5,13844151,13844152,-9223372036854775807
N17A4_KV,centroid.motifs,135,217994,7,13844160,13844162,217995,5,13844167,13844168,-9223372036854775807
N17A4_KV,centroid.motifs,136,217996,7,13844176,13844178,217997,5,13844183,13844184,-9223372036854775807
N17A4_KV,centroid.motifs,137,217998,7,13844192,13844194,217999,5,13844199,13844200,-9223372036854775807
N17A4_KV,centroid.motifs,138,218000,7,13844208,13844210,218001,5,13844215,13844216,-9223372036854775807
N17A4_KV,centroid.motifs,139,218002,7,13844224,13844226,218003,5,13844231,13844232,-9223372036854775807
N17A4_KV,centroid.motifs,140,218004,7,13844240,13844242,218005,5,13844247,13844248,-9223372036854775807
N17A4_KV,centroid.motifs,141,218006,7,13844256,13844258,218007,5,13844263,13844264,-9223372036854775807
N17A4_KV,centroid.motifs,142,218008,7,13844272,13844274,218009,5,13844279,13844280,-9223372036854775807
N17A4_KV,centroid.motifs,143,218010,7,13844288,13844290,218011,5,13844295,13844296,-9223372036854775807
N17A4_KV,centroid.motifs,144,218012,7,13844304,13844306,218013,5,13844311,13844312,-9223372036854775807
N17A4_KV,centroid.motifs,145,218014,7,13844320,13844322,218015,5,13844327,13844328,-9223372036854775807
N17A4_KV,centroid.motifs,146,218016,7,13844336,13844338,218017,5,13844343,13844344,-9223372036854775807
N17A4_KV,centroid.motifs,147,218018,7,13844352,13844354,218019,5,13844359,13844360,-9223372036854775807
N17A4_KV,centroid.motifs,148,218020,7,13844368,13844370,218021,5,13844375,13844376,-9223372036854775807
N17A4_KV,centroid.motifs,149,218022,7,13844384,13844386,218023,5,13844391,13844392,-9223372036854775807
N17A4_KV,centroid.motifs,150,218024,7,13844400,13844402,218025,5,13844407,13844408,-9223372036854775807
N17A4_KV,centroid.motifs,151,218026,7,13844416,13844418,218027,5,13844423,13844424,-9223372036854775807
N17A4_KV,centroid.motifs,152,218028,7,13844432,13844434,218029,5,13844439,13844440,-9223372036854775807
N17A4_KV,centroid.motifs,153,218030,7,13844448,13844450,218031,5,13844455,13844456,-9223372036854775807
N17A4_KV,centroid.motifs,154,218032,7,13844464,13844466,218033,5,13844471,13844472,-9223372036854775807
N17A4_KV,centroid.motifs,155,218034,7,13844480,13844482,218035,5,13844487,13844488,-9223372036854775807
N17A4_KV,centroid.motifs,156,218036,7,13844496,13844498,218037,5,13844503,13844504,-9223372036854775807
N17A4_KV,centroid.motifs,157,218038,7,13844512,13844514,218039,5,13844519,13844520,-9223372036854775807
N17A4_KV,centroid.motifs,158,218040,7,13844528,13844530,218041,5,13844536,13844537,-9223372036854775807
N17A4_KV,centroid.motifs,159,218042,7,13844545,13844547,218043,5,13844553,13844554,-9223372036854775807
N17A4_KV,centroid.motifs,160,218044,7,13844562,13844564,218045,5,13844570,13844571,-9223372036854775807
N17A4_KV,centroid.motifs,161,218046,7,13844579,13844581,218047,5,13844587,13844588,-9223372036854775807
N17A4_KV,centroid.motifs,162,218048,7,13844596,13844598,218049,5,13844604,13844605,-9223372036854775807
N17A4_KV,centroid.motifs,163,218050,7,13844613,13844615,218051,5,13844621,13844622,-9223372036854775807
N17A4_KV,centroid.motifs,164,218052,7,13844630,13844632,218053,5,13844638,13844639,-9223372036854775807
N17A4_KV,centroid.motifs,165,218054,7,13844647,13844649,218055,5,13844655,13844656,-9223372036854775807
N17A4_KV,centroid.motifs,166,218056,7,13844664,13844666,218057,5,13844672,13844673,-9223372036854775807
N17A4_KV,centroid.motifs,167,218058,7,13844681,13844683,218059,5,13844689,13844690,-9223372036854775807
N17A4_KV,centroid.motifs,168,218060,7,13844698,13844700,218061,5,13844706,13844707,-9223372036854775807
N17A4_KV,centroid.motifs,169,218062,7,13844715,13844717,218063,5,13844723,13844724,-9223372036854775807
N17A4_KV,centroid.motifs,170,218064,7,13844732,13844734,218065,5,13844740,13844741,-9223372036854775807
N17A4_KV,centroid.motifs,171,218066,7,13844749,13844751,218067,5,13844757,13844758,-9223372036854775807
N17A4_KV,centroid.motifs,172,218068,7,13844766,13844768,218069,5,13844774,13844775,-9223372036854775807
N17A4_KV,centroid.motifs,173,218070,7,13844783,13844785,218071,5,13844791,13844792,-9223372036854775807
N17A4_KV,centroid.motifs,174,218072,7,13844800,13844802,218073,5,13844808,13844809,-9223372036854775807
N17A4_KV,centroid.motifs,175,218074,7,13844817,13844819,218075,5,13844825,13844826,-9223372036854775807
N17A4_KV,centroid.motifs,176,218076,7,13844834,13844836,218077,5,13844842,13844843,-9223372036854775807
N17A4_KV,centroid.motifs,177,218078,7,13844851,13844853,218079,5,13844859,13844860,-9223372036854775807
N17A4_KV,centroid.motifs,178,218080,7,13844868,13844870,218081,5,13844876,13844877,-9223372036854775807
N17A4_KV,centroid.motifs,179,218082,7,13844885,13844887,218083,5,13844893,13844894,-9223372036854775807
N17A4_KV,centroid.motifs,180,218084,7,13844902,13844904,218085,5,13844910,13844911,-9223372036854775807
N17A4_KV,centroid.motifs,181,218086,7,13844919,13844921,218087,5,13844927,13844928,-9223372036854775807
N17A4_KV,centroid.motifs,182,218088,7,13844936,13844938,218089,5,13844944,13844945,-9223372036854775807
N17A4_KV,centroid.motifs,183,218090,7,13844953,13844955,218091,5,13844961,13844962,-9223372036854775807
N17A4_KV,centroid.motifs,184,218092,7,13844970,13844972,218093,5,13844978,13844979,-9223372036854775807
N17A4_KV,centroid.motifs,185,218094,7,13844987,13844989,218095,5,13844995,13844996,-9223372036854775807
N17A4_KV,centroid.motifs,186,218096,7,13845004,13845006,218097,5,13845012,13845013,-9223372036854775807
N17A4_KV,centroid.motifs,187,218098,7,13845021,13845023,218099,5,13845029,13845030,-9223372036854775807
N17A4_KV,centroid.motifs,188,218100,7,13845038,13845040,218101,5,13845046,13845047,-9223372036854775807
N17A4_KV,centroid.motifs,189,218102,7,13845055,13845057,218103,5,13845063,13845064,-9223372036854775807
N17A4_KV,centroid.motifs,190,218104,7,13845072,13845074,218105,5,13845080,13845081,-9223372036854775807
N17A4_KV,centroid.motifs,191,218106,7,13845089,13845091,218107,5,13845097,13845098,-9223372036854775807
N17A4_KV,centroid.motifs,192,218108,7,13845106,13845108,218109,5,13845114,13845115,-9223372036854775807
N17A4_KV,centroid.motifs,193,218110,7,13845123,13845125,218111,5,13845131,13845132,-9223372036854775807
N17A4_KV,centroid.motifs,194,218112,7,13845140,13845142,218113,5,13845148,13845149,-9223372036854775807
N17A4_KV,centroid.motifs,195,218114,7,13845157,13845159,218115,5,13845165,13845166,-9223372036854775807
N17A4_KV,centroid.motifs,196,218116,7,13845174,13845176,218117,5,13845182,13845183,-9223372036854775807
N17A4_KV,centroid.motifs,197,218118,7,13845191,13845193,218119,5,13845199,13845200,-9223372036854775807
N17A4_KV,centroid.motifs,198,218120,7,13845208,13845210,218121,5,13845216,13845217,-9223372036854775807
N17A4_KV,centroid.motifs,199,218122,7,13845225,13845227,218123,5,13845233,13845234,-9223372036854775807
N17A4_KV,centroid.motifs,200,218124,7,13845242,13845244,218125,5,13845250,13845251,-9223372036854775807
N17A4_KV,centroid.motifs,201,218126,7,13845259,13845261,218127,5,13845267,13845268,-9223372036854775807
N17A4_KV,centroid.motifs,202,218128,7,13845276,13845278,218129,5,13845284,13845285,-9223372036854775807
N17A4_KV,centroid.motifs,203,218130,7,13845293,13845295,218131,5,13845301,13845302,-9223372036854775807
N17A4_KV,centroid.motifs,204,218132,7,13845310,13845312,218133,5,13845318,13845319,-9223372036854775807
N17A4_KV,centroid.motifs,205,218134,7,13845327,13845329,218135,5,13845335,13845336,-9223372036854775807
N17A4_KV,centroid.motifs,206,218136,7,13845344,13845346,218137,5,13845352,13845353,-9223372036854775807
N17A4_KV,centroid.motifs,207,218138,7,13845361,13845363,218139,5,13845369,13845370,-9223372036854775807
N17A4_KV,centroid.motifs,208,218140,7,13845378,13845380,218141,5,13845386,13845387,-9223372036854775807
N17A4_KV,centroid.motifs,209,218142,7,13845395,13845397,218143,5,13845403,13845404,-9223372036854775807
N17A4_KV,centroid.motifs,210,218144,7,13845412,13845414,218145,5,13845420,13845421,-9223372036854775807
N17A4_KV,centroid.motifs,211,218146,7,13845429,13845431,218147,5,13845437,13845438,-9223372036854775807
N17A4_KV,centroid.motifs,212,218148,7,13845446,13845448,218149,5,13845454,13845455,-9223372036854775807
N17A4_KV,centroid.motifs,213,218150,7,13845463,13845465,218151,5,13845471,13845472,-9223372036854775807
N17A4_KV,centroid.motifs,214,218152,7,13845480,13845482,218153,5,13845488,13845489,-9223372036854775807
N17A4_KV,centroid.motifs,215,218154,7,13845497,13845499,218155,5,13845505,13845506,-9223372036854775807
N17A4_KV,centroid.motifs,216,218156,7,13845514,13845516,218157,5,13845523,13845524,-9223372036854775807
N17A4_KV,centroid.motifs,217,218158,7,13845532,13845534,218159,5,13845541,13845542,-9223372036854775807
N17A4_KV,centroid.motifs,218,218160,7,13845550,13845552,218161,5,13845559,13845560,-9223372036854775807
N17A4_KV,centroid.motifs,219,218162,7,13845568,13845570,218163,5,13845577,13845578,-9223372036854775807
N17A4_KV,centroid.motifs,220,218164,7,13845586,13845588,218165,5,13845595,13845596,-9223372036854775807
N17A4_KV,centroid.motifs,221,218166,7,13845604,13845606,218167,5,13845613,13845614,-9223372036854775807
N17A4_KV,centroid.motifs,222,218168,7,13845622,13845624,218169,5,13845631,13845632,-9223372036854775807
N17A4_KV,centroid.motifs,223,218170,7,13845640,13845642,218171,5,13845649,13845650,-9223372036854775807
N17A4_KV,centroid.motifs,224,218172,7,13845658,13845660,218173,5,13845667,13845668,-9223372036854775807
N17A4_KV,centroid.motifs,225,218174,7,13845676,13845678,218175,5,13845685,13845686,-9223372036854775807
N17A4_KV,centroid.motifs,226,218176,7,13845694,13845696,218177,5,13845703,13845704,-9223372036854775807
N17A4_KV,centroid.motifs,227,218178,7,13845712,13845714,218179,5,13845721,13845722,-9223372036854775807
N17A4_KV,centroid.motifs,228,218180,7,13845730,13845732,218181,5,13845739,13845740,-9223372036854775807
N17A4_KV,centroid.motifs,229,218182,7,13845748,13845750,218183,5,13845757,13845758,-9223372036854775807
N17A4_KV,centroid.motifs,230,218184,7,13845766,13845768,218185,5,13845775,13845776,-9223372036854775807
N17A4_KV,centroid.motifs,231,218186,7,13845784,13845786,218187,5,13845793,13845794,-9223372036854775807
N17A4_KV,centroid.motifs,232,218188,7,13845802,13845804,218189,5,13845811,13845812,-9223372036854775807
N17A4_KV,centroid.motifs,233,218190,7,13845820,13845822,218191,5,13845829,13845830,-9223372036854775807
N17A4_KV,centroid.motifs,234,218192,7,13845838,13845840,218193,5,13845847,13845848,-9223372036854775807
N17A4_KV,centroid.motifs,235,218194,7,13845856,13845858,218195,5,13845865,13845866,-9223372036854775807
N17A4_KV,centroid.motifs,236,218196,7,13845874,13845876,218197,5,13845883,13845884,-9223372036854775807
N17A4_KV,centroid.motifs,237,218198,7,13845892,13845894,218199,5,13845901,13845902,-9223372036854775807
N17A4_KV,centroid.motifs,238,218200,7,13845910,13845912,218201,5,13845919,13845920,-9223372036854775807
N17A4_KV,centroid.motifs,239,218202,7,13845928,13845930,218203,5,13845937,13845938,-9223372036854775807
N17A4_KV,centroid.motifs,240,218204,7,13845946,13845948,218205,5,13845955,13845956,-9223372036854775807
N17A4_KV,centroid.motifs,241,218206,7,13845964,13845966,218207,5,13845973,13845974,-9223372036854775807
N17A4_KV,centroid.motifs,242,218208,7,13845982,13845984,218209,5,13845991,13845992,-9223372036854775807
N17A4_KV,centroid.motifs,243,218210,7,13846000,13846002,218211,5,13846009,13846010,-9223372036854775807
N17A4_KV,centroid.motifs,244,218212,7,13846018,13846020,218213,5,13846027,13846028,-9223372036854775807
N17A4_KV,centroid.motifs,245,218214,7,13846036,13846038,218215,5,13846045,13846046,-9223372036854775807
N17A4_KV,centroid.motifs,246,218216,7,13846054,13846056,218217,5,13846063,13846064,-9223372036854775807
N17A4_KV,centroid.motifs,247,218218,7,13846072,13846074,218219,5,13846081,13846082,-9223372036854775807
N17A4_KV,centroid.motifs,248,218220,7,13846090,13846092,218221,5,13846099,13846100,-9223372036854775807
N17A4_KV,centroid.motifs,249,218222,7,13846108,13846110,218223,5,13846117,13846118,-9223372036854775807
N17A4_KV,centroid.motifs,250,218224,7,13846126,13846128,218225,5,13846135,13846136,-9223372036854775807
N17A4_KV,centroid.motifs,251,218226,7,13846144,13846146,218227,5,13846153,13846154,-9223372036854775807
N17A4_KV,centroid.motifs,252,218228,7,13846162,13846164,218229,5,13846171,13846172,-9223372036854775807
N17A4_KV,centroid.motifs,253,218230,7,13846180,13846182,218231,5,13846189,13846190,-9223372036854775807
N17A4_KV,centroid.motifs,254,218232,7,13846198,13846200,218233,5,13846207,13846208,-9223372036854775807
N17A4_KV,centroid.motifs,255,218234,7,13846216,13846218,218235,5,13846225,13846226,-9223372036854775807
N17A4_KV,centroid.motifs,256,218236,7,13846234,13846236,218237,5,13846243,13846244,-9223372036854775807
N17A4_KV,centroid.motifs,257,218238,7,13846252,13846254,218239,5,13846261,13846262,-9223372036854775807
N17A4_KV,centroid.motifs,258,218240,7,13846270,13846272,218241,5,13846279,13846280,-9223372036854775807
N17A4_KV,centroid.motifs,259,218242,7,13846288,13846290,218243,5,13846297,13846298,-9223372036854775807
N17A4_KV,centroid.motifs,260,218244,7,13846306,13846308,218245,5,13846315,13846316,-9223372036854775807
N17A4_KV,centroid.motifs,261,218246,7,13846324,13846326,218247,5,13846333,13846334,-9223372036854775807
N17A4_KV,centroid.motifs,262,218248,7,13846342,13846344,218249,5,13846351,13846352,-9223372036854775807
N17A4_KV,centroid.motifs,263,218250,7,13846360,13846362,218251,5,13846369,13846370,-9223372036854775807
N17A4_KV,centroid.motifs,264,218252,7,13846378,13846380,218253,5,13846387,13846388,-9223372036854775807
N17A4_KV,centroid.motifs,265,218254,7,13846396,13846398,218255,5,13846405,13846406,-9223372036854775807
N17A4_KV,centroid.motifs,266,218256,7,13846414,13846416,218257,5,13846423,13846424,-9223372036854775807
N17A4_KV,centroid.motifs,267,218258,7,13846432,13846434,218259,5,13846441,13846442,-9223372036854775807
N17A4_KV,centroid.motifs,268,218260,7,13846450,13846452,218261,5,13846459,13846460,-9223372036854775807
N17A4_KV,centroid.motifs,269,218262,7,13846468,13846470,218263,5,13846477,13846478,-9223372036854775807
N17A4_KV,centroid.motifs,270,218264,7,13846486,13846488,218265,5,13846495,13846496,-9223372036854775807
N17A4_KV,centroid.motifs,271,218266,7,13846504,13846506,218267,5,13846513,13846514,-9223372036854775807
N17A4_KV,centroid.motifs,272,218268,7,13846522,13846524,218269,5,13846531,13846532,-9223372036854775807
N17A4_KV,centroid.motifs,273,218270,7,13846540,13846542,218271,5,13846549,13846550,-9223372036854775807
N17A4_KV,centroid.motifs,274,218272,7,13846558,13846560,218273,5,13846563,13846564,-9223372036854775807
N17A4_KV,centroid.motifs,275,218274,7,13846572,13846574,218275,5,13846577,13846578,-9223372036854775807
N17A4_KV,centroid.motifs,276,218276,7,13846586,13846588,218277,5,13846591,13846592,-9223372036854775807
N17A4_KV,centroid.motifs,277,218278,7,13846600,13846602,218279,5,13846605,13846606,-9223372036854775807
N17A4_KV,centroid.motifs,278,218280,7,13846614,13846616,218281,5,13846619,13846620,-9223372036854775807
N17A4_KV,centroid.motifs,279,218282,7,13846628,13846630,218283,5,13846633,13846634,-9223372036854775807
N17A4_KV,centroid.motifs,280,218284,7,13846642,13846644,218285,5,13846647,13846648,-9223372036854775807
N17A4_KV,centroid.motifs,281,218286,7,13846656,13846658,218287,5,13846661,13846662,-9223372036854775807
N17A4_KV,centroid.motifs,282,218288,7,13846670,13846672,218289,5,13846675,13846676,-9223372036854775807
N17A4_KV,centroid.motifs,283,218290,7,13846684,13846686,218291,5,13846689,13846690,-9223372036854775807
N17A4_KV,centroid.motifs,284,218292,7,13846698,13846700,218293,5,13846703,13846704,-9223372036854775807
N17A4_KV,centroid.motifs,285,218294,7,13846712,13846714,218295,5,13846717,13846718,-9223372036854775807
N17A4_KV,centroid.motifs,286,218296,7,13846726,13846728,218297,5,13846731,13846732,-9223372036854775807
N17A4_KV,centroid.motifs,287,218298,7,13846740,13846742,218299,5,13846745,13846746,-9223372036854775807
N17A4_KV,centroid.motifs,288,218300,7,13846754,13846756,218301,5,13846759,13846760,-9223372036854775807
N17A4_KV,centroid.motifs,289,218302,7,13846768,13846770,218303,5,13846773,13846774,-9223372036854775807
N17A4_KV,centroid.motifs,290,218304,7,13846782,13846784,218305,5,13846787,13846788,-9223372036854775807
N17A4_KV,centroid.motifs,291,218306,7,13846796,13846798,218307,5,13846801,13846802,-9223372036854775807
N17A4_KV,centroid.motifs,292,218308,7,13846810,13846812,218309,5,13846815,13846816,-9223372036854775807
N17A4_KV,centroid.motifs,293,218310,7,13846824,13846826,218311,5,13846829,13846830,-9223372036854775807
N17A4_KV,centroid.motifs,294,218312,7,13846838,13846840,218313,5,13846843,13846844,-9223372036854775807
N17A4_KV,centroid.motifs,295,218314,7,13846852,13846854,218315,5,13846857,13846858,-9223372036854775807
N17A4_KV,centroid.motifs,296,218316,7,13846866,13846868,218317,5,13846871,13846872,-9223372036854775807
N17A4_KV,centroid.motifs,297,218318,7,13846880,13846882,218319,5,13846885,13846886,-9223372036854775807
N17A4_KV,centroid.motifs,298,218320,7,13846894,13846896,218321,5,13846899,13846900,-9223372036854775807
N17A4_KV,centroid.motifs,299,218322,7,13846908,13846910,218323,5,13846913,13846914,-9223372036854775807
N17A4_KV,centroid.motifs,300,218324,7,13846922,13846924,218325,5,13846928,13846929,-9223372036854775807
N17A4_KV,centroid.motifs,301,218326,7,13846937,13846939,218327,5,13846943,13846944,-9223372036854775807
N17A4_KV,centroid.motifs,302,218328,7,13846952,13846954,218329,5,13846958,13846959,-9223372036854775807
N17A4_KV,centroid.motifs,303,218330,7,13846967,13846969,218331,5,13846973,13846974,-9223372036854775807
N17A4_KV,centroid.motifs,304,218332,7,13846982,13846984,218333,5,13846988,13846989,-9223372036854775807
N17A4_KV,centroid.motifs,305,218334,7,13846997,13846999,218335,5,13847003,13847004,-9223372036854775807
N17A4_KV,centroid.motifs,306,218336,7,13847012,13847014,218337,5,13847018,13847019,-9223372036854775807
N17A4_KV,centroid.motifs,307,218338,7,13847027,13847029,218339,5,13847033,13847034,-9223372036854775807
N17A4_KV,centroid.motifs,308,218340,7,13847042,13847044,218341,5,13847048,13847049,-9223372036854775807
N17A4_KV,centroid.motifs,309,218342,7,13847057,13847059,218343,5,13847063,13847064,-9223372036854775807
N17A4_KV,centroid.motifs,310,218344,7,13847072,13847074,218345,5,13847078,13847079,-9223372036854775807
N17A4_KV,centroid.motifs,311,218346,7,13847087,13847089,218347,5,13847093,13847094,-9223372036854775807
N17A4_KV,centroid.motifs,312,218348,7,13847102,13847104,218349,5,13847108,13847109,-9223372036854775807
N17A4_KV,centroid.motifs,313,218350,7,13847117,13847119,218351,5,13847123,13847124,-9223372036854775807
N17A4_KV,centroid.motifs,314,218352,7,13847132,13847134,218353,5,13847138,13847139,-9223372036854775807
N17A4_KV,centroid.motifs,315,218354,7,13847147,13847149,218355,5,13847153,13847154,-9223372036854775807
N17A4_KV,centroid.motifs,316,218356,7,13847162,13847164,218357,5,13847168,13847169,-9223372036854775807
N17A4_KV,centroid.motifs,317,218358,7,13847177,13847179,218359,5,13847183,13847184,-9223372036854775807
N17A4_KV,centroid.motifs,318,218360,7,13847192,13847194,218361,5,13847198,13847199,-9223372036854775807
N17A4_KV,centroid.motifs,319,218362,7,13847207,13847209,218363,5,13847213,13847214,-9223372036854775807
N17A4_KV,centroid.motifs,320,218364,7,13847222,13847224,218365,5,13847228,13847229,-9223372036854775807
N17A4_KV,centroid.motifs,321,218366,7,13847237,13847239,218367,5,13847243,13847244,-9223372036854775807
N17A4_KV,centroid.motifs,322,218368,7,13847252,13847254,218369,5,13847258,13847259,-9223372036854775807
N17A4_KV,centroid.motifs,323,218370,7,13847267,13847269,218371,5,13847273,13847274,-9223372036854775807
N17A4_KV,centroid.motifs,324,218372,7,13847282,13847284,218373,5,13847288,13847289,-9223372036854775807
N17A4_KV,centroid.motifs,325,218374,7,13847297,13847299,218375,5,13847303,13847304,-9223372036854775807
N17A4_KV,centroid.motifs,326,218376,7,13847312,13847314,218377,5,13847318,13847319,-9223372036854775807
N17A4_KV,centroid.motifs,327,218378,7,13847327,13847329,218379,5,13847333,13847334,-9223372036854775807
N17A4_KV,centroid.motifs,328,218380,7,13847342,13847344,218381,5,13847348,13847349,-9223372036854775807
N17A4_KV,centroid.motifs,329,218382,7,13847357,13847359,218383,5,13847363,13847364,-9223372036854775807
N17A4_KV,centroid.motifs,330,218384,7,13847372,13847374,218385,5,13847378,13847379,-9223372036854775807
N17A4_KV,centroid.motifs,331,218386,7,13847387,13847389,218387,5,13847393,13847394,-9223372036854775807
N17A4_KV,centroid.motifs,332,218388,7,13847402,13847404,218389,5,13847408,13847409,-9223372036854775807
N17A4_KV,centroid.motifs,333,218390,7,13847417,13847419,218391,5,13847423,13847424,-9223372036854775807
N17A4_KV,centroid.motifs,334,218392,7,13847432,13847434,218393,5,13847438,13847439,-9223372036854775807
N17A4_KV,centroid.motifs,335,218394,7,13847447,13847449,218395,5,13847454,13847455,-9223372036854775807
N17A4_KV,centroid.motifs,336,218396,7,13847463,13847465,218397,5,13847470,13847471,-9223372036854775807
N17A4_KV,centroid.motifs,337,218398,7,13847479,13847481,218399,5,13847486,13847487,-9223372036854775807
N17A4_KV,centroid.motifs,338,218400,7,13847495,13847497,218401,5,13847502,13847503,-9223372036854775807
N17A4_KV,centroid.motifs,339,218402,7,13847511,13847513,218403,5,13847518,13847519,-9223372036854775807
N17A4_KV,centroid.motifs,340,218404,7,13847527,13847529,218405,5,13847534,13847535,-9223372036854775807
N17A4_KV,centroid.motifs,341,218406,7,13847543,13847545,218407,5,13847550,13847551,-9223372036854775807
N17A4_KV,centroid.motifs,342,218408,7,13847559,13847561,218409,5,13847566,13847567,-9223372036854775807
N17A4_KV,centroid.motifs,343,218410,7,13847575,13847577,218411,5,13847582,13847583,-9223372036854775807
N17A4_KV,centroid.motifs,344,218412,7,13847591,13847593,218413,5,13847598,13847599,-9223372036854775807
N17A4_KV,centroid.motifs,345,218414,7,13847607,13847609,218415,5,13847614,13847615,-9223372036854775807
N17A4_KV,centroid.motifs,346,218416,7,13847623,13847625,218417,5,13847630,13847631,-9223372036854775807
N17A4_KV,centroid.motifs,347,218418,7,13847639,13847641,218419,5,13847646,13847647,-9223372036854775807
N17A4_KV,centroid.motifs,348,218420,7,13847655,13847657,218421,5,13847662,13847663,-9223372036854775807
N17A4_KV,centroid.motifs,349,218422,7,13847671,13847673,218423,5,13847678,13847679,-9223372036854775807
N17A4_KV,centroid.motifs,350,218424,7,13847687,13847689,218425,5,13847694,13847695,-9223372036854775807
N17A4_KV,centroid.motifs,351,218426,7,13847703,13847705,218427,5,13847710,13847711,-9223372036854775807
N17A4_KV,centroid.motifs,352,218428,7,13847719,13847721,218429,5,13847726,13847727,-9223372036854775807
N17A4_KV,centroid.motifs,353,218430,7,13847735,13847737,218431,5,13847742,13847743,-9223372036854775807
N17A4_KV,centroid.motifs,354,218432,7,13847751,13847753,218433,5,13847758,13847759,-9223372036854775807
N17A4_KV,centroid.motifs,355,218434,7,13847767,13847769,218435,5,13847774,13847775,-9223372036854775807
N17A4_KV,centroid.motifs,356,218436,7,13847783,13847785,218437,5,13847790,13847791,-9223372036854775807
N17A4_KV,centroid.motifs,357,218438,7,13847799,13847801,218439,5,13847806,13847807,-9223372036854775807
N17A4_KV,centroid.motifs,358,218440,7,13847815,13847817,218441,5,13847822,13847823,-9223372036854775807
N17A4_KV,centroid.motifs,359,218442,7,13847831,13847833,218443,5,13847838,13847839,-9223372036854775807
N17A4_KV,centroid.motifs,360,218444,7,13847847,13847849,218445,5,13847854,13847855,-9223372036854775807
N17A4_KV,centroid.motifs,361,218446,7,13847863,13847865,218447,5,13847870,13847871,-9223372036854775807
N17A4_KV,centroid.motifs,362,218448,7,13847879,13847881,218449,5,13847886,13847887,-9223372036854775807
N17A4_KV,centroid.motifs,363,218450,7,13847895,13847897,218451,5,13847902,13847903,-9223372036854775807
N17A4_KV,centroid.motifs,364,218452,7,13847911,13847913,218453,5,13847918,13847919,-9223372036854775807
N17A4_KV,centroid.motifs,365,218454,7,13847927,13847929,218455,5,13847934,13847935,-9223372036854775807
N17A4_KV,centroid.motifs,366,218456,7,13847943,13847945,218457,5,13847950,13847951,-9223372036854775807
N17A4_KV,centroid.motifs,367,218458,7,13847959,13847961,218459,5,13847966,13847967,-9223372036854775807
N17A4_KV,centroid.motifs,368,218460,7,13847975,13847977,218461,5,13847982,13847983,-9223372036854775807
N17A4_KV,centroid.motifs,369,218462,7,13847991,13847993,218463,5,13847998,13847999,-9223372036854775807
N17A4_KV,centroid.motifs,370,218464,7,13848007,13848009,218465,5,13848014,13848015,-9223372036854775807
N17A4_KV,centroid.motifs,371,218466,7,13848023,13848025,218467,5,13848030,13848031,-9223372036854775807
N17A4_KV,centroid.motifs,372,218468,7,13848039,13848041,218469,5,13848046,13848047,-9223372036854775807
N17A4_KV,centroid.motifs,373,218470,7,13848055,13848057,218471,5,13848062,13848063,-9223372036854775807
N17A4_KV,centroid.motifs,374,218472,7,13848071,13848073,218473,5,13848078,13848079,-9223372036854775807
N17A4_KV,centroid.motifs,375,218474,7,13848087,13848089,218475,5,13848094,13848095,-9223372036854775807
N17A4_KV,centroid.motifs,376,218476,7,13848103,13848105,218477,5,13848111,13848112,-9223372036854775807
N17A4_KV,centroid.motifs,377,218478,7,13848120,13848122,218479,5,13848128,13848129,-9223372036854775807
N17A4_KV,centroid.motifs,378,218480,7,13848137,13848139,218481,5,13848145,13848146,-9223372036854775807
N17A4_KV,centroid.motifs,379,218482,7,13848154,13848156,218483,5,13848162,13848163,-9223372036854775807
N17A4_KV,centroid.motifs,380,218484,7,13848171,13848173,218485,5,13848179,13848180,-9223372036854775807
N17A4_KV,centroid.motifs,381,218486,7,13848188,13848190,218487,5,13848196,13848197,-9223372036854775807
N17A4_KV,centroid.motifs,382,218488,7,13848205,13848207,218489,5,13848213,13848214,-9223372036854775807
N17A4_KV,centroid.motifs,383,218490,7,13848222,13848224,218491,5,13848230,13848231,-9223372036854775807
N17A4_KV,centroid.motifs,384,218492,7,13848239,13848241,218493,5,13848247,13848248,-9223372036854775807
N17A4_KV,centroid.motifs,385,218494,7,13848256,13848258,218495,5,13848264,13848265,-9223372036854775807
N17A4_KV,centroid.motifs,386,218496,7,13848273,13848275,218497,5,13848281,13848282,-9223372036854775807
N17A4_KV,centroid.motifs,387,218498,7,13848290,13848292,218499,5,13848298,13848299,-9223372036854775807
N17A4_KV,centroid.motifs,388,218500,7,13848307,13848309,218501,5,13848315,13848316,-9223372036854775807
N17A4_KV,centroid.motifs,389,218502,7,13848324,13848326,218503,5,13848332,13848333,-9223372036854775807
N17A4_KV,centroid.motifs,390,218504,7,13848341,13848343,218505,5,13848349,13848350,-9223372036854775807
N17A4_KV,centroid.motifs,391,218506,7,13848358,13848360,218507,5,13848366,13848367,-9223372036854775807
N17A4_KV,centroid.motifs,392,218508,7,13848375,13848377,218509,5,13848383,13848384,-9223372036854775807
N17A4_KV,centroid.motifs,393,218510,7,13848392,13848394,218511,5,13848400,13848401,-9223372036854775807
N17A4_KV,centroid.motifs,394,218512,7,13848409,13848411,218513,5,13848417,13848418,-9223372036854775807
N17A4_KV,centroid.motifs,395,218514,7,13848426,13848428,218515,5,13848434,13848435,-9223372036854775807
N17A4_KV,centroid.motifs,396,218516,7,13848443,13848445,218517,5,13848451,13848452,-9223372036854775807
N17A4_KV,centroid.motifs,397,218518,7,13848460,13848462,218519,5,13848468,13848469,-9223372036854775807
N17A4_KV,centroid.motifs,398,218520,7,13848477,13848479,218521,5,13848485,13848486,-9223372036854775807
N17A4_KV,centroid.motifs,399,218522,7,13848494,13848496,218523,5,13848502,13848503,-9223372036854775807
N17A4_KV,centroid.motifs,400,218524,7,13848511,13848513,218525,5,13848519,13848520,-9223372036854775807
N17A4_KV,centroid.motifs,401,218526,7,13848528,13848530,218527,5,13848536,13848537,-9223372036854775807
N17A4_KV,centroid.motifs,402,218528,7,13848545,13848547,218529,5,13848553,13848554,-9223372036854775807
N17A4_KV,centroid.motifs,403,218530,7,13848562,13848564,218531,5,13848570,13848571,-9223372036854775807
N17A4_KV,centroid.motifs,404,218532,7,13848579,13848581,218533,5,13848587,13848588,-9223372036854775807
N17A4_KV,centroid.motifs,405,218534,7,13848596,13848598,218535,5,13848604,13848605,-9223372036854775807
N17A4_KV,centroid.motifs,406,218536,7,13848613,13848615,218537,5,13848621,13848622,-9223372036854775807
N17A4_KV,centroid.motifs,407,218538,7,13848630,13848632,218539,5,13848638,13848639,-9223372036854775807
N17A4_KV,centroid.motifs,408,218540,7,13848647,13848649,218541,5,13848655,13848656,-9223372036854775807
N17A4_KV,centroid.motifs,409,218542,7,13848664,13848666,218543,5,13848672,13848673,-9223372036854775807
N17A4_KV,centroid.motifs,410,218544,7,13848681,13848683,218545,5,13848689,13848690,-9223372036854775807
N17A4_KV,centroid.motifs,411,218546,7,13848698,13848700,218547,5,13848706,13848707,-9223372036854775807
N17A4_KV,centroid.motifs,412,218548,7,13848715,13848717,218549,5,13848723,13848724,-9223372036854775807
N17A4_KV,centroid.motifs,413,218550,7,13848732,13848734,218551,5,13848740,13848741,-9223372036854775807
N17A4_KV,centroid.motifs,414,218552,7,13848749,13848751,218553,5,13848757,13848758,-9223372036854775807
N17A4_KV,centroid.motifs,415,218554,7,13848766,13848768,218555,5,13848774,13848775,-9223372036854775807
N17A4_KV,centroid.motifs,416,218556,7,13848783,13848785,218557,5,13848791,13848792,-9223372036854775807
N17A4_KV,centroid.motifs,417,218558,7,13848800,13848802,218559,5,13848808,13848809,-9223372036854775807
N17A4_KV,centroid.motifs,418,218560,7,13848817,13848819,218561,5,13848826,13848827,-9223372036854775807
N17A4_KV,centroid.motifs,419,218562,7,13848835,13848837,218563,5,13848844,13848845,-9223372036854775807
N17A4_KV,centroid.motifs,420,218564,7,13848853,13848855,218565,5,13848862,13848863,-9223372036854775807
N17A4_KV,centroid.motifs,421,218566,7,13848871,13848873,218567,5,13848880,13848881,-9223372036854775807
N17A4_KV,centroid.motifs,422,218568,7,13848889,13848891,218569,5,13848898,13848899,-9223372036854775807
N17A4_KV,centroid.motifs,423,218570,7,13848907,13848909,218571,5,13848916,13848917,-9223372036854775807
N17A4_KV,centroid.motifs,424,218572,7,13848925,13848927,218573,5,13848934,13848935,-9223372036854775807
N17A4_KV,centroid.motifs,425,218574,7,13848943,13848945,218575,5,13848952,13848953,-9223372036854775807
N17A4_KV,centroid.motifs,426,218576,7,13848961,13848963,218577,5,13848970,13848971,-9223372036854775807
N17A4_KV,centroid.motifs,427,218578,7,13848979,13848981,218579,5,13848988,13848989,-9223372036854775807
N17A4_KV,centroid.motifs,428,218580,7,13848997,13848999,218581,5,13849006,13849007,-9223372036854775807
N17A4_KV,centroid.motifs,429,218582,7,13849015,13849017,218583,5,13849024,13849025,-9223372036854775807
N17A4_KV,centroid.motifs,430,218584,7,13849033,13849035,218585,5,13849042,13849043,-9223372036854775807
N17A4_KV,centroid.motifs,431,218586,7,13849051,13849053,218587,5,13849060,13849061,-9223372036854775807
N17A4_KV,centroid.motifs,432,218588,7,13849069,13849071,218589,5,13849078,13849079,-9223372036854775807
N17A4_KV,centroid.motifs,433,218590,7,13849087,13849089,218591,5,13849096,13849097,-9223372036854775807
N17A4_KV,centroid.motifs,434,218592,7,13849105,13849107,218593,5,13849114,13849115,-9223372036854775807
N17A4_KV,centroid.motifs,435,218594,7,13849123,13849125,218595,5,13849132,13849133,-9223372036854775807
N17A4_KV,centroid.motifs,436,218596,7,13849141,13849143,218597,5,13849150,13849151,-9223372036854775807
N17A4_KV,centroid.motifs,437,218598,7,13849159,13849161,218599,5,13849168,13849169,-9223372036854775807
N17A4_KV,centroid.motifs,438,218600,7,13849177,13849179,218601,5,13849186,13849187,-9223372036854775807
N17A4_KV,centroid.motifs,439,218602,7,13849195,13849197,218603,5,13849204,13849205,-9223372036854775807
N17A4_KV,centroid.motifs,440,218604,7,13849213,13849215,218605,5,13849222,13849223,-9223372036854775807
N17A4_KV,centroid.motifs,441,218606,7,13849231,13849233,218607,5,13849240,13849241,-9223372036854775807
N17A4_KV,centroid.motifs,442,218608,7,13849249,13849251,218609,5,13849258,13849259,-9223372036854775807
N17A4_KV,centroid.motifs,443,218610,7,13849267,13849269,218611,5,13849276,13849277,-9223372036854775807
N17A4_KV,centroid.motifs,444,218612,7,13849285,13849287,218613,5,13849294,13849295,-9223372036854775807
N17A4_KV,centroid.motifs,445,218614,7,13849303,13849305,218615,5,13849312,13849313,-9223372036854775807
N17A4_KV,centroid.motifs,446,218616,7,13849321,13849323,218617,5,13849330,13849331,-9223372036854775807
N17A4_KV,centroid.motifs,447,218618,7,13849339,13849341,218619,5,13849348,13849349,-9223372036854775807
N17A4_KV,centroid.motifs,448,218620,7,13849357,13849359,218621,5,13849366,13849367,-9223372036854775807
N17A4_KV,centroid.motifs,449,218622,7,13849375,13849377,218623,5,13849384,13849385,-9223372036854775807
N17A4_KV,centroid.motifs,450,218624,7,13849393,13849395,218625,5,13849402,13849403,-9223372036854775807
N17A4_KV,centroid.motifs,451,218626,7,13849411,13849413,218627,5,13849420,13849421,-9223372036854775807
N17A4_KV,centroid.motifs,452,218628,7,13849429,13849431,218629,5,13849438,13849439,-9223372036854775807
N17A4_KV,centroid.motifs,453,218630,7,13849447,13849449,218631,5,13849456,13849457,-9223372036854775807
N17A4_KV,centroid.motifs,454,218632,7,13849465,13849467,218633,5,13849474,13849475,-9223372036854775807
N17A4_KV,centroid.motifs,455,218634,7,13849483,13849485,218635,5,13849492,13849493,-9223372036854775807
N17A4_KV,centroid.motifs,456,218636,7,13849501,13849503,218637,5,13849510,13849511,-9223372036854775807
N17A4_KV,centroid.motifs,457,218638,7,13849519,13849521,218639,5,13849528,13849529,-9223372036854775807
N17A4_KV,centroid.motifs,458,218640,7,13849537,13849539,218641,5,13849546,13849547,-9223372036854775807
N17A4_KV,centroid.motifs,459,218642,7,13849555,13849557,218643,5,13849564,13849565,-9223372036854775807
N17A4_KV,centroid.motifs,460,218644,7,13849573,13849575,218645,5,13849578,13849579,-9223372036854775807
N17A4_KV,centroid.motifs,461,218646,7,13849587,13849589,218647,5,13849592,13849593,-9223372036854775807
N17A4_KV,centroid.motifs,462,218648,7,13849601,13849603,218649,5,13849606,13849607,-9223372036854775807
N17A4_KV,centroid.motifs,463,218650,7,13849615,13849617,218651,5,13849620,13849621,-9223372036854775807
N17A4_KV,centroid.motifs,464,218652,7,13849629,13849631,218653,5,13849634,13849635,-9223372036854775807
N17A4_KV,centroid.motifs,465,218654,7,13849643,13849645,218655,5,13849648,13849649,-9223372036854775807
N17A4_KV,centroid.motifs,466,218656,7,13849657,13849659,218657,5,13849662,13849663,-9223372036854775807
N17A4_KV,centroid.motifs,467,218658,7,13849671,13849673,218659,5,13849676,13849677,-9223372036854775807
N17A4_KV,centroid.motifs,468,218660,7,13849685,13849687,218661,5,13849690,13849691,-9223372036854775807
N17A4_KV,centroid.motifs,469,218662,7,13849699,13849701,218663,5,13849704,13849705,-9223372036854775807
N17A4_KV,centroid.motifs,470,218664,7,13849713,13849715,218665,5,13849718,13849719,-9223372036854775807
N17A4_KV,centroid.motifs,471,218666,7,13849727,13849729,218667,5,13849732,13849733,-9223372036854775807
N17A4_KV,centroid.motifs,472,218668,7,13849741,13849743,218669,5,13849746,13849747,-9223372036854775807
N17A4_KV,centroid.motifs,473,218670,7,13849755,13849757,218671,5,13849760,13849761,-9223372036854775807
N17A4_KV,centroid.motifs,474,218672,7,13849769,13849771,218673,5,13849774,13849775,-9223372036854775807
N17A4_KV,centroid.motifs,475,218674,7,13849783,13849785,218675,5,13849788,13849789,-9223372036854775807
N17A4_KV,centroid.motifs,476,218676,7,13849797,13849799,218677,5,13849802,13849803,-9223372036854775807
N17A4_KV,centroid.motifs,477,218678,7,13849811,13849813,218679,5,13849816,13849817,-9223372036854775807
N17A4_KV,centroid.motifs,478,218680,7,13849825,13849827,218681,5,13849830,13849831,-9223372036854775807
N17A4_KV,centroid.motifs,479,218682,7,13849839,13849841,218683,5,13849844,13849845,-9223372036854775807
N17A4_KV,centroid.motifs,480,218684,7,13849853,13849855,218685,5,13849858,13849859,-9223372036854775807
N17A4_KV,centroid.motifs,481,218686,7,13849867,13849869,218687,5,13849872,13849873,-9223372036854775807
N17A4_KV,centroid.motifs,482,218688,7,13849881,13849883,218689,5,13849886,13849887,-9223372036854775807
N17A4_KV,centroid.motifs,483,218690,7,13849895,13849897,218691,5,13849900,13849901,-9223372036854775807
N17A4_KV,centroid.motifs,484,218692,7,13849909,13849911,218693,5,13849914,13849915,-9223372036854775807
N17A4_KV,centroid.motifs,485,218694,7,13849923,13849925,218695,5,13849928,13849929,-9223372036854775807
N17A4_KV,centroid.motifs,486,218696,7,13849937,13849939,218697,5,13849942,13849943,-9223372036854775807
N17A4_KV,centroid.motifs,487,218698,7,13849951,13849953,218699,5,13849956,13849957,-9223372036854775807
N17A4_KV,centroid.motifs,488,218700,7,13849965,13849967,218701,5,13849970,13849971,-9223372036854775807
N17A4_KV,centroid.motifs,489,218702,7,13849979,13849981,218703,5,13849985,13849986,-9223372036854775807
N17A4_KV,centroid.motifs,490,218704,7,13849994,13849996,218705,5,13850000,13850001,-9223372036854775807
N17A4_KV,centroid.motifs,491,218706,7,13850009,13850011,218707,5,13850015,13850016,-9223372036854775807
N17A4_KV,centroid.motifs,492,218708,7,13850024,13850026,218709,5,13850030,13850031,-9223372036854775807
N17A4_KV,centroid.motifs,493,218710,7,13850039,13850041,218711,5,13850045,13850046,-9223372036854775807
N17A4_KV,centroid.motifs,494,218712,7,13850054,13850056,218713,5,13850060,13850061,-9223372036854775807
N17A4_KV,centroid.motifs,495,218714,7,13850069,13850071,218715,5,13850075,13850076,-9223372036854775807
N17A4_KV,centroid.motifs,496,218716,7,13850084,13850086,218717,5,13850090,13850091,-9223372036854775807
N17A4_KV,centroid.motifs,497,218718,7,13850099,13850101,218719,5,13850105,13850106,-9223372036854775807
N17A4_KV,centroid.motifs,498,218720,7,13850114,13850116,218721,5,13850120,13850121,-9223372036854775807
N17A4_KV,centroid.motifs,499,218722,7,13850129,13850131,218723,5,13850135,13850136,-9223372036854775807
N17A4_KV,centroid.motifs,500,218724,7,13850144,13850146,218725,5,13850150,13850151,-9223372036854775807
N17A4_KV,centroid.motifs,501,218726,7,13850159,13850161,218727,5,13850165,13850166,-9223372036854775807
N17A4_KV,centroid.motifs,502,218728,7,13850174,13850176,218729,5,13850180,13850181,-9223372036854775807
N17A4_KV,centroid.motifs,503,218730,7,13850189,13850191,218731,5,13850195,13850196,-9223372036854775807
N17A4_KV,centroid.motifs,504,218732,7,13850204,13850206,218733,5,13850210,13850211,-9223372036854775807
N17A4_KV,centroid.motifs,505,218734,7,13850219,13850221,218735,5,13850225,13850226,-9223372036854775807
N17A4_KV,centroid.motifs,506,218736,7,13850234,13850236,218737,5,13850240,13850241,-9223372036854775807
N17A4_KV,centroid.motifs,507,218738,7,13850249,13850251,218739,5,13850255,13850256,-9223372036854775807
N17A4_KV,centroid.motifs,508,218740,7,13850264,13850266,218741,5,13850270,13850271,-9223372036854775807
N17A4_KV,centroid.motifs,509,218742,7,13850279,13850281,218743,5,13850285,13850286,-9223372036854775807
N17A4_KV,centroid.motifs,510,218744,7,13850294,13850296,218745,5,13850300,13850301,-9223372036854775807
N17A4_KV,centroid.motifs,511,218746,7,13850309,13850311,218747,5,13850315,13850316,-9223372036854775807
N17A4_DICT,centroid.motifs,220715,220715,11,1742
N17A4_KV,centroid.motifs,0,220716,7,13866620,13866622,220717,5,13866625,13866626,-9223372036854775807
N17A4_KV,centroid.motifs,1,220718,7,13866634,13866636,220719,5,13866639,13866640,-9223372036854775807
N17A4_KV,centroid.motifs,2,220720,7,13866648,13866650,220721,5,13866653,13866654,-9223372036854775807
N17A4_KV,centroid.motifs,3,220722,7,13866662,13866664,220723,5,13866667,13866668,-9223372036854775807
N17A4_KV,centroid.motifs,4,220724,7,13866676,13866678,220725,5,13866681,13866682,-9223372036854775807
N17A4_KV,centroid.motifs,5,220726,7,13866690,13866692,220727,5,13866695,13866696,-9223372036854775807
N17A4_KV,centroid.motifs,6,220728,7,13866704,13866706,220729,5,13866709,13866710,-9223372036854775807
N17A4_KV,centroid.motifs,7,220730,7,13866718,13866720,220731,5,13866723,13866724,-9223372036854775807
N17A4_KV,centroid.motifs,8,220732,7,13866732,13866734,220733,5,13866737,13866738,-9223372036854775807
N17A4_KV,centroid.motifs,9,220734,7,13866746,13866748,220735,5,13866751,13866752,-9223372036854775807
N17A4_KV,centroid.motifs,10,220736,7,13866760,13866762,220737,5,13866765,13866766,-9223372036854775807
N17A4_KV,centroid.motifs,11,220738,7,13866774,13866776,220739,5,13866779,13866780,-9223372036854775807
N17A4_KV,centroid.motifs,12,220740,7,13866788,13866790,220741,5,13866793,13866794,-9223372036854775807
N17A4_KV,centroid.motifs,13,220742,7,13866802,13866804,220743,5,13866807,13866808,-9223372036854775807
N17A4_KV,centroid.motifs,14,220744,7,13866816,13866818,220745,5,13866821,13866822,-9223372036854775807
N17A4_KV,centroid.motifs,15,220746,7,13866830,13866832,220747,5,13866835,13866836,-9223372036854775807
N17A4_KV,centroid.motifs,16,220748,7,13866844,13866846,220749,5,13866849,13866850,-9223372036854775807
N17A4_KV,centroid.motifs,17,220750,7,13866858,13866860,220751,5,13866863,13866864,-9223372036854775807
N17A4_KV,centroid.motifs,18,220752,7,13866872,13866874,220753,5,13866877,13866878,-9223372036854775807
N17A4_KV,centroid.motifs,19,220754,7,13866886,13866888,220755,5,13866891,13866892,-9223372036854775807
N17A4_KV,centroid.motifs,20,220756,7,13866900,13866902,220757,5,13866905,13866906,-9223372036854775807
N17A4_KV,centroid.motifs,21,220758,7,13866914,13866916,220759,5,13866919,13866920,-9223372036854775807
N17A4_KV,centroid.motifs,22,220760,7,13866928,13866930,220761,5,13866933,13866934,-9223372036854775807
N17A4_KV,centroid.motifs,23,220762,7,13866942,13866944,220763,5,13866947,13866948,-9223372036854775807
N17A4_KV,centroid.motifs,24,220764,7,13866956,13866958,220765,5,13866961,13866962,-9223372036854775807
N17A4_KV,centroid.motifs,25,220766,7,13866970,13866972,220767,5,13866975,13866976,-9223372036854775807
N17A4_KV,centroid.motifs,26,220768,7,13866984,13866986,220769,5,13866989,13866990,-9223372036854775807
N17A4_KV,centroid.motifs,27,220770,7,13866998,13867000,220771,5,13867003,13867004,-9223372036854775807
N17A4_KV,centroid.motifs,28,220772,7,13867012,13867014,220773,5,13867017,13867018,-9223372036854775807
N17A4_KV,centroid.motifs,29,220774,7,13867026,13867028,220775,5,13867031,13867032,-9223372036854775807
N17A4_KV,centroid.motifs,30,220776,7,13867040,13867042,220777,5,13867045,13867046,-9223372036854775807
N17A4_KV,centroid.motifs,31,220778,7,13867054,13867056,220779,5,13867059,13867060,-9223372036854775807
N17A4_KV,centroid.motifs,32,220780,7,13867068,13867070,220781,5,13867073,13867074,-9223372036854775807
N17A4_KV,centroid.motifs,33,220782,7,13867082,13867084,220783,5,13867087,13867088,-9223372036854775807
N17A4_KV,centroid.motifs,34,220784,7,13867096,13867098,220785,5,13867101,13867102,-9223372036854775807
N17A4_KV,centroid.motifs,35,220786,7,13867110,13867112,220787,5,13867115,13867116,-9223372036854775807
N17A4_KV,centroid.motifs,36,220788,7,13867124,13867126,220789,5,13867129,13867130,-9223372036854775807
N17A4_KV,centroid.motifs,37,220790,7,13867138,13867140,220791,5,13867143,13867144,-9223372036854775807
N17A4_KV,centroid.motifs,38,220792,7,13867152,13867154,220793,5,13867157,13867158,-9223372036854775807
N17A4_KV,centroid.motifs,39,220794,7,13867166,13867168,220795,5,13867171,13867172,-9223372036854775807
N17A4_KV,centroid.motifs,40,220796,7,13867180,13867182,220797,5,13867185,13867186,-9223372036854775807
N17A4_KV,centroid.motifs,41,220798,7,13867194,13867196,220799,5,13867199,13867200,-9223372036854775807
N17A4_KV,centroid.motifs,42,220800,7,13867208,13867210,220801,5,13867213,13867214,-9223372036854775807
N17A4_KV,centroid.motifs,43,220802,7,13867222,13867224,220803,5,13867227,13867228,-9223372036854775807
N17A4_KV,centroid.motifs,44,220804,7,13867236,13867238,220805,5,13867241,13867242,-9223372036854775807
N17A4_KV,centroid.motifs,45,220806,7,13867250,13867252,220807,5,13867255,13867256,-9223372036854775807
N17A4_KV,centroid.motifs,46,220808,7,13867264,13867266,220809,5,13867269,13867270,-9223372036854775807
N17A4_KV,centroid.motifs,47,220810,7,13867278,13867280,220811,5,13867283,13867284,-9223372036854775807
N17A4_KV,centroid.motifs,48,220812,7,13867292,13867294,220813,5,13867297,13867298,-9223372036854775807
N17A4_KV,centroid.motifs,49,220814,7,13867306,13867308,220815,5,13867311,13867312,-9223372036854775807
N17A4_KV,centroid.motifs,50,220816,7,13867320,13867322,220817,5,13867325,13867326,-9223372036854775807
N17A4_KV,centroid.motifs,51,220818,7,13867334,13867336,220819,5,13867340,13867341,-9223372036854775807
N17A4_KV,centroid.motifs,52,220820,7,13867349,13867351,220821,5,13867355,13867356,-9223372036854775807
N17A4_KV,centroid.motifs,53,220822,7,13867364,13867366,220823,5,13867370,13867371,-9223372036854775807
N17A4_KV,centroid.motifs,54,220824,7,13867379,13867381,220825,5,13867385,13867386,-9223372036854775807
N17A4_KV,centroid.motifs,55,220826,7,13867394,13867396,220827,5,13867400,13867401,-9223372036854775807
N17A4_KV,centroid.motifs,56,220828,7,13867409,13867411,220829,5,13867415,13867416,-9223372036854775807
N17A4_KV,centroid.motifs,57,220830,7,13867424,13867426,220831,5,13867430,13867431,-9223372036854775807
N17A4_KV,centroid.motifs,58,220832,7,13867439,13867441,220833,5,13867445,13867446,-9223372036854775807
N17A4_KV,centroid.motifs,59,220834,7,13867454,13867456,220835,5,13867460,13867461,-9223372036854775807
N17A4_KV,centroid.motifs,60,220836,7,13867469,13867471,220837,5,13867475,13867476,-9223372036854775807
N17A4_KV,centroid.motifs,61,220838,7,13867484,13867486,220839,5,13867490,13867491,-9223372036854775807
N17A4_KV,centroid.motifs,62,220840,7,13867499,13867501,220841,5,13867505,13867506,-9223372036854775807
N17A4_KV,centroid.motifs,63,220842,7,13867514,13867516,220843,5,13867520,13867521,-9223372036854775807
N17A4_KV,centroid.motifs,64,220844,7,13867529,13867531,220845,5,13867535,13867536,-9223372036854775807
N17A4_KV,centroid.motifs,65,220846,7,13867544,13867546,220847,5,13867550,13867551,-9223372036854775807
N17A4_KV,centroid.motifs,66,220848,7,13867559,13867561,220849,5,13867565,13867566,-9223372036854775807
N17A4_KV,centroid.motifs,67,220850,7,13867574,13867576,220851,5,13867580,13867581,-9223372036854775807
N17A4_KV,centroid.motifs,68,220852,7,13867589,13867591,220853,5,13867595,13867596,-9223372036854775807
N17A4_KV,centroid.motifs,69,220854,7,13867604,13867606,220855,5,13867610,13867611,-9223372036854775807
N17A4_KV,centroid.motifs,70,220856,7,13867619,13867621,220857,5,13867625,13867626,-9223372036854775807
N17A4_KV,centroid.motifs,71,220858,7,13867634,13867636,220859,5,13867640,13867641,-9223372036854775807
N17A4_KV,centroid.motifs,72,220860,7,13867649,13867651,220861,5,13867655,13867656,-9223372036854775807
N17A4_KV,centroid.motifs,73,220862,7,13867664,13867666,220863,5,13867670,13867671,-9223372036854775807
N17A4_KV,centroid.motifs,74,220864,7,13867679,13867681,220865,5,13867685,13867686,-9223372036854775807
N17A4_KV,centroid.motifs,75,220866,7,13867694,13867696,220867,5,13867700,13867701,-9223372036854775807
N17A4_KV,centroid.motifs,76,220868,7,13867709,13867711,220869,5,13867715,13867716,-9223372036854775807
N17A4_KV,centroid.motifs,77,220870,7,13867724,13867726,220871,5,13867730,13867731,-9223372036854775807
N17A4_KV,centroid.motifs,78,220872,7,13867739,13867741,220873,5,13867745,13867746,-9223372036854775807
N17A4_KV,centroid.motifs,79,220874,7,13867754,13867756,220875,5,13867760,13867761,-9223372036854775807
N17A4_KV,centroid.motifs,80,220876,7,13867769,13867771,220877,5,13867775,13867776,-9223372036854775807
N17A4_KV,centroid.motifs,81,220878,7,13867784,13867786,220879,5,13867790,13867791,-9223372036854775807
N17A4_KV,centroid.motifs,82,220880,7,13867799,13867801,220881,5,13867805,13867806,-9223372036854775807
N17A4_KV,centroid.motifs,83,220882,7,13867814,13867816,220883,5,13867820,13867821,-9223372036854775807
N17A4_KV,centroid.motifs,84,220884,7,13867829,13867831,220885,5,13867835,13867836,-9223372036854775807
N17A4_KV,centroid.motifs,85,220886,7,13867844,13867846,220887,5,13867850,13867851,-9223372036854775807
N17A4_KV,centroid.motifs,86,220888,7,13867859,13867861,220889,5,13867865,13867866,-9223372036854775807
N17A4_KV,centroid.motifs,87,220890,7,13867874,13867876,220891,5,13867880,13867881,-9223372036854775807
N17A4_KV,centroid.motifs,88,220892,7,13867889,13867891,220893,5,13867895,13867896,-9223372036854775807
N17A4_KV,centroid.motifs,89,220894,7,13867904,13867906,220895,5,13867910,13867911,-9223372036854775807
N17A4_KV,centroid.motifs,90,220896,7,13867919,13867921,220897,5,13867925,13867926,-9223372036854775807
N17A4_KV,centroid.motifs,91,220898,7,13867934,13867936,220899,5,13867940,13867941,-9223372036854775807
N17A4_KV,centroid.motifs,92,220900,7,13867949,13867951,220901,5,13867955,13867956,-9223372036854775807
N17A4_KV,centroid.motifs,93,220902,7,13867964,13867966,220903,5,13867970,13867971,-9223372036854775807
N17A4_KV,centroid.motifs,94,220904,7,13867979,13867981,220905,5,13867985,13867986,-9223372036854775807
N17A4_KV,centroid.motifs,95,220906,7,13867994,13867996,220907,5,13868000,13868001,-9223372036854775807
N17A4_KV,centroid.motifs,96,220908,7,13868009,13868011,220909,5,13868015,13868016,-9223372036854775807
N17A4_KV,centroid.motifs,97,220910,7,13868024,13868026,220911,5,13868030,13868031,-9223372036854775807
N17A4_KV,centroid.motifs,98,220912,7,13868039,13868041,220913,5,13868045,13868046,-9223372036854775807
N17A4_KV,centroid.motifs,99,220914,7,13868054,13868056,220915,5,13868060,13868061,-9223372036854775807
N17A4_KV,centroid.motifs,100,220916,7,13868069,13868071,220917,5,13868075,13868076,-9223372036854775807
N17A4_KV,centroid.motifs,101,220918,7,13868084,13868086,220919,5,13868090,13868091,-9223372036854775807
N17A4_KV,centroid.motifs,102,220920,7,13868099,13868101,220921,5,13868105,13868106,-9223372036854775807
N17A4_KV,centroid.motifs,103,220922,7,13868114,13868116,220923,5,13868120,13868121,-9223372036854775807
N17A4_KV,centroid.motifs,104,220924,7,13868129,13868131,220925,5,13868135,13868136,-9223372036854775807
N17A4_KV,centroid.motifs,105,220926,7,13868144,13868146,220927,5,13868151,13868152,-9223372036854775807
N17A4_KV,centroid.motifs,106,220928,7,13868160,13868162,220929,5,13868167,13868168,-9223372036854775807
N17A4_KV,centroid.motifs,107,220930,7,13868176,13868178,220931,5,13868183,13868184,-9223372036854775807
N17A4_KV,centroid.motifs,108,220932,7,13868192,13868194,220933,5,13868199,13868200,-9223372036854775807
N17A4_KV,centroid.motifs,109,220934,7,13868208,13868210,220935,5,13868215,13868216,-9223372036854775807
N17A4_KV,centroid.motifs,110,220936,7,13868224,13868226,220937,5,13868231,13868232,-9223372036854775807
N17A4_KV,centroid.motifs,111,220938,7,13868240,13868242,220939,5,13868247,13868248,-9223372036854775807
N17A4_KV,centroid.motifs,112,220940,7,13868256,13868258,220941,5,13868263,13868264,-9223372036854775807
N17A4_KV,centroid.motifs,113,220942,7,13868272,13868274,220943,5,13868279,13868280,-9223372036854775807
N17A4_KV,centroid.motifs,114,220944,7,13868288,13868290,220945,5,13868295,13868296,-9223372036854775807
N17A4_KV,centroid.motifs,115,220946,7,13868304,13868306,220947,5,13868311,13868312,-9223372036854775807
N17A4_KV,centroid.motifs,116,220948,7,13868320,13868322,220949,5,13868327,13868328,-9223372036854775807
N17A4_KV,centroid.motifs,117,220950,7,13868336,13868338,220951,5,13868343,13868344,-9223372036854775807
N17A4_KV,centroid.motifs,118,220952,7,13868352,13868354,220953,5,13868359,13868360,-9223372036854775807
N17A4_KV,centroid.motifs,119,220954,7,13868368,13868370,220955,5,13868375,13868376,-9223372036854775807
N17A4_KV,centroid.motifs,120,220956,7,13868384,13868386,220957,5,13868391,13868392,-9223372036854775807
N17A4_KV,centroid.motifs,121,220958,7,13868400,13868402,220959,5,13868407,13868408,-9223372036854775807
N17A4_KV,centroid.motifs,122,220960,7,13868416,13868418,220961,5,13868423,13868424,-9223372036854775807
N17A4_KV,centroid.motifs,123,220962,7,13868432,13868434,220963,5,13868439,13868440,-9223372036854775807
N17A4_KV,centroid.motifs,124,220964,7,13868448,13868450,220965,5,13868455,13868456,-9223372036854775807
N17A4_KV,centroid.motifs,125,220966,7,13868464,13868466,220967,5,13868471,13868472,-9223372036854775807
N17A4_KV,centroid.motifs,126,220968,7,13868480,13868482,220969,5,13868487,13868488,-9223372036854775807
N17A4_KV,centroid.motifs,127,220970,7,13868496,13868498,220971,5,13868503,13868504,-9223372036854775807
N17A4_KV,centroid.motifs,128,220972,7,13868512,13868514,220973,5,13868519,13868520,-9223372036854775807
N17A4_KV,centroid.motifs,129,220974,7,13868528,13868530,220975,5,13868535,13868536,-9223372036854775807
N17A4_KV,centroid.motifs,130,220976,7,13868544,13868546,220977,5,13868551,13868552,-9223372036854775807
N17A4_KV,centroid.motifs,131,220978,7,13868560,13868562,220979,5,13868567,13868568,-9223372036854775807
N17A4_KV,centroid.motifs,132,220980,7,13868576,13868578,220981,5,13868583,13868584,-9223372036854775807
N17A4_KV,centroid.motifs,133,220982,7,13868592,13868594,220983,5,13868599,13868600,-9223372036854775807
N17A4_KV,centroid.motifs,134,220984,7,13868608,13868610,220985,5,13868615,13868616,-9223372036854775807
N17A4_KV,centroid.motifs,135,220986,7,13868624,13868626,220987,5,13868631,13868632,-9223372036854775807
N17A4_KV,centroid.motifs,136,220988,7,13868640,13868642,220989,5,13868647,13868648,-9223372036854775807
N17A4_KV,centroid.motifs,137,220990,7,13868656,13868658,220991,5,13868663,13868664,-9223372036854775807
N17A4_KV,centroid.motifs,138,220992,7,13868672,13868674,220993,5,13868679,13868680,-9223372036854775807
N17A4_KV,centroid.motifs,139,220994,7,13868688,13868690,220995,5,13868695,13868696,-9223372036854775807
N17A4_KV,centroid.motifs,140,220996,7,13868704,13868706,220997,5,13868711,13868712,-9223372036854775807
N17A4_KV,centroid.motifs,141,220998,7,13868720,13868722,220999,5,13868727,13868728,-9223372036854775807
N17A4_KV,centroid.motifs,142,221000,7,13868736,13868738,221001,5,13868743,13868744,-9223372036854775807
N17A4_KV,centroid.motifs,143,221002,7,13868752,13868754,221003,5,13868759,13868760,-9223372036854775807
N17A4_KV,centroid.motifs,144,221004,7,13868768,13868770,221005,5,13868775,13868776,-9223372036854775807
N17A4_KV,centroid.motifs,145,221006,7,13868784,13868786,221007,5,13868791,13868792,-9223372036854775807
N17A4_KV,centroid.motifs,146,221008,7,13868800,13868802,221009,5,13868807,13868808,-9223372036854775807
N17A4_KV,centroid.motifs,147,221010,7,13868816,13868818,221011,5,13868823,13868824,-9223372036854775807
N17A4_KV,centroid.motifs,148,221012,7,13868832,13868834,221013,5,13868839,13868840,-9223372036854775807
N17A4_KV,centroid.motifs,149,221014,7,13868848,13868850,221015,5,13868855,13868856,-9223372036854775807
N17A4_KV,centroid.motifs,150,221016,7,13868864,13868866,221017,5,13868871,13868872,-9223372036854775807
N17A4_KV,centroid.motifs,151,221018,7,13868880,13868882,221019,5,13868887,13868888,-9223372036854775807
N17A4_KV,centroid.motifs,152,221020,7,13868896,13868898,221021,5,13868903,13868904,-9223372036854775807
N17A4_KV,centroid.motifs,153,221022,7,13868912,13868914,221023,5,13868919,13868920,-9223372036854775807
N17A4_KV,centroid.motifs,154,221024,7,13868928,13868930,221025,5,13868935,13868936,-9223372036854775807
N17A4_KV,centroid.motifs,155,221026,7,13868944,13868946,221027,5,13868951,13868952,-9223372036854775807
N17A4_KV,centroid.motifs,156,221028,7,13868960,13868962,221029,5,13868967,13868968,-9223372036854775807
N17A4_KV,centroid.motifs,157,221030,7,13868976,13868978,221031,5,13868983,13868984,-9223372036854775807
N17A4_KV,centroid.motifs,158,221032,7,13868992,13868994,221033,5,13869000,13869001,-9223372036854775807
N17A4_KV,centroid.motifs,159,221034,7,13869009,13869011,221035,5,13869017,13869018,-9223372036854775807
N17A4_KV,centroid.motifs,160,221036,7,13869026,13869028,221037,5,13869034,13869035,-9223372036854775807
N17A4_KV,centroid.motifs,161,221038,7,13869043,13869045,221039,5,13869051,13869052,-9223372036854775807
N17A4_KV,centroid.motifs,162,221040,7,13869060,13869062,221041,5,13869068,13869069,-9223372036854775807
N17A4_KV,centroid.motifs,163,221042,7,13869077,13869079,221043,5,13869085,13869086,-9223372036854775807
N17A4_KV,centroid.motifs,164,221044,7,13869094,13869096,221045,5,13869102,13869103,-9223372036854775807
N17A4_KV,centroid.motifs,165,221046,7,13869111,13869113,221047,5,13869119,13869120,-9223372036854775807
N17A4_KV,centroid.motifs,166,221048,7,13869128,13869130,221049,5,13869136,13869137,-9223372036854775807
N17A4_KV,centroid.motifs,167,221050,7,13869145,13869147,221051,5,13869153,13869154,-9223372036854775807
N17A4_KV,centroid.motifs,168,221052,7,13869162,13869164,221053,5,13869170,13869171,-9223372036854775807
N17A4_KV,centroid.motifs,169,221054,7,13869179,13869181,221055,5,13869187,13869188,-9223372036854775807
N17A4_KV,centroid.motifs,170,221056,7,13869196,13869198,221057,5,13869204,13869205,-9223372036854775807
N17A4_KV,centroid.motifs,171,221058,7,13869213,13869215,221059,5,13869221,13869222,-9223372036854775807
N17A4_KV,centroid.motifs,172,221060,7,13869230,13869232,221061,5,13869238,13869239,-9223372036854775807
N17A4_KV,centroid.motifs,173,221062,7,13869247,13869249,221063,5,13869255,13869256,-9223372036854775807
N17A4_KV,centroid.motifs,174,221064,7,13869264,13869266,221065,5,13869272,13869273,-9223372036854775807
N17A4_KV,centroid.motifs,175,221066,7,13869281,13869283,221067,5,13869289,13869290,-9223372036854775807
N17A4_KV,centroid.motifs,176,221068,7,13869298,13869300,221069,5,13869306,13869307,-9223372036854775807
N17A4_KV,centroid.motifs,177,221070,7,13869315,13869317,221071,5,13869323,13869324,-9223372036854775807
N17A4_KV,centroid.motifs,178,221072,7,13869332,13869334,221073,5,13869340,13869341,-9223372036854775807
N17A4_KV,centroid.motifs,179,221074,7,13869349,13869351,221075,5,13869357,13869358,-9223372036854775807
N17A4_KV,centroid.motifs,180,221076,7,13869366,13869368,221077,5,13869374,13869375,-9223372036854775807
N17A4_KV,centroid.motifs,181,221078,7,13869383,13869385,221079,5,13869391,13869392,-9223372036854775807
N17A4_KV,centroid.motifs,182,221080,7,13869400,13869402,221081,5,13869408,13869409,-9223372036854775807
N17A4_KV,centroid.motifs,183,221082,7,13869417,13869419,221083,5,13869425,13869426,-9223372036854775807
N17A4_KV,centroid.motifs,184,221084,7,13869434,13869436,221085,5,13869442,13869443,-9223372036854775807
N17A4_KV,centroid.motifs,185,221086,7,13869451,13869453,221087,5,13869459,13869460,-9223372036854775807
N17A4_KV,centroid.motifs,186,221088,7,13869468,13869470,221089,5,13869476,13869477,-9223372036854775807
N17A4_KV,centroid.motifs,187,221090,7,13869485,13869487,221091,5,13869493,13869494,-9223372036854775807
N17A4_KV,centroid.motifs,188,221092,7,13869502,13869504,221093,5,13869510,13869511,-9223372036854775807
N17A4_KV,centroid.motifs,189,221094,7,13869519,13869521,221095,5,13869527,13869528,-9223372036854775807
N17A4_KV,centroid.motifs,190,221096,7,13869536,13869538,221097,5,13869544,13869545,-9223372036854775807
N17A4_KV,centroid.motifs,191,221098,7,13869553,13869555,221099,5,13869561,13869562,-9223372036854775807
N17A4_KV,centroid.motifs,192,221100,7,13869570,13869572,221101,5,13869578,13869579,-9223372036854775807
N17A4_KV,centroid.motifs,193,221102,7,13869587,13869589,221103,5,13869595,13869596,-9223372036854775807
N17A4_KV,centroid.motifs,194,221104,7,13869604,13869606,221105,5,13869612,13869613,-9223372036854775807
N17A4_KV,centroid.motifs,195,221106,7,13869621,13869623,221107,5,13869629,13869630,-9223372036854775807
N17A4_KV,centroid.motifs,196,221108,7,13869638,13869640,221109,5,13869646,13869647,-9223372036854775807
N17A4_KV,centroid.motifs,197,221110,7,13869655,13869657,221111,5,13869663,13869664,-9223372036854775807
N17A4_KV,centroid.motifs,198,221112,7,13869672,13869674,221113,5,13869680,13869681,-9223372036854775807
N17A4_KV,centroid.motifs,199,221114,7,13869689,13869691,221115,5,13869697,13869698,-9223372036854775807
N17A4_KV,centroid.motifs,200,221116,7,13869706,13869708,221117,5,13869714,13869715,-9223372036854775807
N17A4_KV,centroid.motifs,201,221118,7,13869723,13869725,221119,5,13869731,13869732,-9223372036854775807
N17A4_KV,centroid.motifs,202,221120,7,13869740,13869742,221121,5,13869748,13869749,-9223372036854775807
N17A4_KV,centroid.motifs,203,221122,7,13869757,13869759,221123,5,13869765,13869766,-9223372036854775807
N17A4_KV,centroid.motifs,204,221124,7,13869774,13869776,221125,5,13869782,13869783,-9223372036854775807
N17A4_KV,centroid.motifs,205,221126,7,13869791,13869793,221127,5,13869799,13869800,-9223372036854775807
N17A4_KV,centroid.motifs,206,221128,7,13869808,13869810,221129,5,13869816,13869817,-9223372036854775807
N17A4_KV,centroid.motifs,207,221130,7,13869825,13869827,221131,5,13869833,13869834,-9223372036854775807
N17A4_KV,centroid.motifs,208,221132,7,13869842,13869844,221133,5,13869850,13869851,-9223372036854775807
N17A4_KV,centroid.motifs,209,221134,7,13869859,13869861,221135,5,13869867,13869868,-9223372036854775807
N17A4_KV,centroid.motifs,210,221136,7,13869876,13869878,221137,5,13869885,13869886,-9223372036854775807
N17A4_KV,centroid.motifs,211,221138,7,13869894,13869896,221139,5,13869903,13869904,-9223372036854775807
N17A4_KV,centroid.motifs,212,221140,7,13869912,13869914,221141,5,13869921,13869922,-9223372036854775807
N17A4_KV,centroid.motifs,213,221142,7,13869930,13869932,221143,5,13869939,13869940,-9223372036854775807
N17A4_KV,centroid.motifs,214,221144,7,13869948,13869950,221145,5,13869957,13869958,-9223372036854775807
N17A4_KV,centroid.motifs,215,221146,7,13869966,13869968,221147,5,13869975,13869976,-9223372036854775807
N17A4_KV,centroid.motifs,216,221148,7,13869984,13869986,221149,5,13869993,13869994,-9223372036854775807
N17A4_KV,centroid.motifs,217,221150,7,13870002,13870004,221151,5,13870011,13870012,-9223372036854775807
N17A4_KV,centroid.motifs,218,221152,7,13870020,13870022,221153,5,13870029,13870030,-9223372036854775807
N17A4_KV,centroid.motifs,219,221154,7,13870038,13870040,221155,5,13870047,13870048,-9223372036854775807
N17A4_KV,centroid.motifs,220,221156,7,13870056,13870058,221157,5,13870065,13870066,-9223372036854775807
N17A4_KV,centroid.motifs,221,221158,7,13870074,13870076,221159,5,13870083,13870084,-9223372036854775807
N17A4_KV,centroid.motifs,222,221160,7,13870092,13870094,221161,5,13870101,13870102,-9223372036854775807
N17A4_KV,centroid.motifs,223,221162,7,13870110,13870112,221163,5,13870119,13870120,-9223372036854775807
N17A4_KV,centroid.motifs,224,221164,7,13870128,13870130,221165,5,13870137,13870138,-9223372036854775807
N17A4_KV,centroid.motifs,225,221166,7,13870146,13870148,221167,5,13870155,13870156,-9223372036854775807
N17A4_KV,centroid.motifs,226,221168,7,13870164,13870166,221169,5,13870173,13870174,-9223372036854775807
N17A4_KV,centroid.motifs,227,221170,7,13870182,13870184,221171,5,13870191,13870192,-9223372036854775807
N17A4_KV,centroid.motifs,228,221172,7,13870200,13870202,221173,5,13870209,13870210,-9223372036854775807
N17A4_KV,centroid.motifs,229,221174,7,13870218,13870220,221175,5,13870227,13870228,-9223372036854775807
N17A4_KV,centroid.motifs,230,221176,7,13870236,13870238,221177,5,13870245,13870246,-9223372036854775807
N17A4_KV,centroid.motifs,231,221178,7,13870254,13870256,221179,5,13870263,13870264,-9223372036854775807
N17A4_KV,centroid.motifs,232,221180,7,13870272,13870274,221181,5,13870281,13870282,-9223372036854775807
N17A4_KV,centroid.motifs,233,221182,7,13870290,13870292,221183,5,13870299,13870300,-9223372036854775807
N17A4_KV,centroid.motifs,234,221184,7,13870308,13870310,221185,5,13870317,13870318,-9223372036854775807
N17A4_KV,centroid.motifs,235,221186,7,13870326,13870328,221187,5,13870335,13870336,-9223372036854775807
N17A4_KV,centroid.motifs,236,221188,7,13870344,13870346,221189,5,13870353,13870354,-9223372036854775807
N17A4_KV,centroid.motifs,237,221190,7,13870362,13870364,221191,5,13870371,13870372,-9223372036854775807
N17A4_KV,centroid.motifs,238,221192,7,13870380,13870382,221193,5,13870389,13870390,-9223372036854775807
N17A4_KV,centroid.motifs,239,221194,7,13870398,13870400,221195,5,13870407,13870408,-9223372036854775807
N17A4_KV,centroid.motifs,240,221196,7,13870416,13870418,221197,5,13870425,13870426,-9223372036854775807
N17A4_KV,centroid.motifs,241,221198,7,13870434,13870436,221199,5,13870443,13870444,-9223372036854775807
N17A4_KV,centroid.motifs,242,221200,7,13870452,13870454,221201,5,13870461,13870462,-9223372036854775807
N17A4_KV,centroid.motifs,243,221202,7,13870470,13870472,221203,5,13870479,13870480,-9223372036854775807
N17A4_KV,centroid.motifs,244,221204,7,13870488,13870490,221205,5,13870497,13870498,-9223372036854775807
N17A4_KV,centroid.motifs,245,221206,7,13870506,13870508,221207,5,13870515,13870516,-9223372036854775807
N17A4_KV,centroid.motifs,246,221208,7,13870524,13870526,221209,5,13870533,13870534,-9223372036854775807
N17A4_KV,centroid.motifs,247,221210,7,13870542,13870544,221211,5,13870551,13870552,-9223372036854775807
N17A4_KV,centroid.motifs,248,221212,7,13870560,13870562,221213,5,13870569,13870570,-9223372036854775807
N17A4_KV,centroid.motifs,249,221214,7,13870578,13870580,221215,5,13870587,13870588,-9223372036854775807
N17A4_KV,centroid.motifs,250,221216,7,13870596,13870598,221217,5,13870605,13870606,-9223372036854775807
N17A4_KV,centroid.motifs,251,221218,7,13870614,13870616,221219,5,13870623,13870624,-9223372036854775807
N17A4_KV,centroid.motifs,252,221220,7,13870632,13870634,221221,5,13870641,13870642,-9223372036854775807
N17A4_KV,centroid.motifs,253,221222,7,13870650,13870652,221223,5,13870659,13870660,-9223372036854775807
N17A4_KV,centroid.motifs,254,221224,7,13870668,13870670,221225,5,13870677,13870678,-9223372036854775807
N17A4_KV,centroid.motifs,255,221226,7,13870686,13870688,221227,5,13870695,13870696,-9223372036854775807
N17A4_KV,centroid.motifs,256,221228,7,13870704,13870706,221229,5,13870713,13870714,-9223372036854775807
N17A4_KV,centroid.motifs,257,221230,7,13870722,13870724,221231,5,13870731,13870732,-9223372036854775807
N17A4_KV,centroid.motifs,258,221232,7,13870740,13870742,221233,5,13870749,13870750,-9223372036854775807
N17A4_KV,centroid.motifs,259,221234,7,13870758,13870760,221235,5,13870767,13870768,-9223372036854775807
N17A4_KV,centroid.motifs,260,221236,7,13870776,13870778,221237,5,13870785,13870786,-9223372036854775807
N17A4_KV,centroid.motifs,261,221238,7,13870794,13870796,221239,5,13870799,13870800,-9223372036854775807
N17A4_KV,centroid.motifs,262,221240,7,13870808,13870810,221241,5,13870813,13870814,-9223372036854775807
N17A4_KV,centroid.motifs,263,221242,7,13870822,13870824,221243,5,13870827,13870828,-9223372036854775807
N17A4_KV,centroid.motifs,264,221244,7,13870836,13870838,221245,5,13870841,13870842,-9223372036854775807
N17A4_KV,centroid.motifs,265,221246,7,13870850,13870852,221247,5,13870855,13870856,-9223372036854775807
N17A4_KV,centroid.motifs,266,221248,7,13870864,13870866,221249,5,13870869,13870870,-9223372036854775807
N17A4_KV,centroid.motifs,267,221250,7,13870878,13870880,221251,5,13870883,13870884,-9223372036854775807
N17A4_KV,centroid.motifs,268,221252,7,13870892,13870894,221253,5,13870897,13870898,-9223372036854775807
N17A4_KV,centroid.motifs,269,221254,7,13870906,13870908,221255,5,13870911,13870912,-9223372036854775807
N17A4_KV,centroid.motifs,270,221256,7,13870920,13870922,221257,5,13870925,13870926,-9223372036854775807
N17A4_KV,centroid.motifs,271,221258,7,13870934,13870936,221259,5,13870939,13870940,-9223372036854775807
N17A4_KV,centroid.motifs,272,221260,7,13870948,13870950,221261,5,13870953,13870954,-9223372036854775807
N17A4_KV,centroid.motifs,273,221262,7,13870962,13870964,221263,5,13870967,13870968,-9223372036854775807
N17A4_KV,centroid.motifs,274,221264,7,13870976,13870978,221265,5,13870981,13870982,-9223372036854775807
N17A4_KV,centroid.motifs,275,221266,7,13870990,13870992,221267,5,13870995,13870996,-9223372036854775807
N17A4_KV,centroid.motifs,276,221268,7,13871004,13871006,221269,5,13871009,13871010,-9223372036854775807
N17A4_KV,centroid.motifs,277,221270,7,13871018,13871020,221271,5,13871023,13871024,-9223372036854775807
N17A4_KV,centroid.motifs,278,221272,7,13871032,13871034,221273,5,13871037,13871038,-9223372036854775807
N17A4_KV,centroid.motifs,279,221274,7,13871046,13871048,221275,5,13871051,13871052,-9223372036854775807
N17A4_KV,centroid.motifs,280,221276,7,13871060,13871062,221277,5,13871065,13871066,-9223372036854775807
N17A4_KV,centroid.motifs,281,221278,7,13871074,13871076,221279,5,13871079,13871080,-9223372036854775807
N17A4_KV,centroid.motifs,282,221280,7,13871088,13871090,221281,5,13871093,13871094,-9223372036854775807
N17A4_KV,centroid.motifs,283,221282,7,13871102,13871104,221283,5,13871107,13871108,-9223372036854775807
N17A4_KV,centroid.motifs,284,221284,7,13871116,13871118,221285,5,13871121,13871122,-9223372036854775807
N17A4_KV,centroid.motifs,285,221286,7,13871130,13871132,221287,5,13871135,13871136,-9223372036854775807
N17A4_KV,centroid.motifs,286,221288,7,13871144,13871146,221289,5,13871149,13871150,-9223372036854775807
N17A4_KV,centroid.motifs,287,221290,7,13871158,13871160,221291,5,13871163,13871164,-9223372036854775807
N17A4_KV,centroid.motifs,288,221292,7,13871172,13871174,221293,5,13871177,13871178,-9223372036854775807
N17A4_KV,centroid.motifs,289,221294,7,13871186,13871188,221295,5,13871192,13871193,-9223372036854775807
N17A4_KV,centroid.motifs,290,221296,7,13871201,13871203,221297,5,13871207,13871208,-9223372036854775807
N17A4_KV,centroid.motifs,291,221298,7,13871216,13871218,221299,5,13871222,13871223,-9223372036854775807
N17A4_KV,centroid.motifs,292,221300,7,13871231,13871233,221301,5,13871237,13871238,-9223372036854775807
N17A4_KV,centroid.motifs,293,221302,7,13871246,13871248,221303,5,13871252,13871253,-9223372036854775807
N17A4_KV,centroid.motifs,294,221304,7,13871261,13871263,221305,5,13871267,13871268,-9223372036854775807
N17A4_KV,centroid.motifs,295,221306,7,13871276,13871278,221307,5,13871282,13871283,-9223372036854775807
N17A4_KV,centroid.motifs,296,221308,7,13871291,13871293,221309,5,13871297,13871298,-9223372036854775807
N17A4_KV,centroid.motifs,297,221310,7,13871306,13871308,221311,5,13871312,13871313,-9223372036854775807
N17A4_KV,centroid.motifs,298,221312,7,13871321,13871323,221313,5,13871327,13871328,-9223372036854775807
N17A4_KV,centroid.motifs,299,221314,7,13871336,13871338,221315,5,13871342,13871343,-9223372036854775807
N17A4_KV,centroid.motifs,300,221316,7,13871351,13871353,221317,5,13871357,13871358,-9223372036854775807
N17A4_KV,centroid.motifs,301,221318,7,13871366,13871368,221319,5,13871372,13871373,-9223372036854775807
N17A4_KV,centroid.motifs,302,221320,7,13871381,13871383,221321,5,13871387,13871388,-9223372036854775807
N17A4_KV,centroid.motifs,303,221322,7,13871396,13871398,221323,5,13871402,13871403,-9223372036854775807
N17A4_KV,centroid.motifs,304,221324,7,13871411,13871413,221325,5,13871417,13871418,-9223372036854775807
N17A4_KV,centroid.motifs,305,221326,7,13871426,13871428,221327,5,13871432,13871433,-9223372036854775807
N17A4_KV,centroid.motifs,306,221328,7,13871441,13871443,221329,5,13871447,13871448,-9223372036854775807
N17A4_KV,centroid.motifs,307,221330,7,13871456,13871458,221331,5,13871462,13871463,-9223372036854775807
N17A4_KV,centroid.motifs,308,221332,7,13871471,13871473,221333,5,13871477,13871478,-9223372036854775807
N17A4_KV,centroid.motifs,309,221334,7,13871486,13871488,221335,5,13871492,13871493,-9223372036854775807
N17A4_KV,centroid.motifs,310,221336,7,13871501,13871503,221337,5,13871507,13871508,-9223372036854775807
N17A4_KV,centroid.motifs,311,221338,7,13871516,13871518,221339,5,13871522,13871523,-9223372036854775807
N17A4_KV,centroid.motifs,312,221340,7,13871531,13871533,221341,5,13871537,13871538,-9223372036854775807
N17A4_KV,centroid.motifs,313,221342,7,13871546,13871548,221343,5,13871552,13871553,-9223372036854775807
N17A4_KV,centroid.motifs,314,221344,7,13871561,13871563,221345,5,13871567,13871568,-9223372036854775807
N17A4_KV,centroid.motifs,315,221346,7,13871576,13871578,221347,5,13871582,13871583,-9223372036854775807
N17A4_KV,centroid.motifs,316,221348,7,13871591,13871593,221349,5,13871597,13871598,-9223372036854775807
N17A4_KV,centroid.motifs,317,221350,7,13871606,13871608,221351,5,13871612,13871613,-9223372036854775807
N17A4_KV,centroid.motifs,318,221352,7,13871621,13871623,221353,5,13871627,13871628,-9223372036854775807
N17A4_KV,centroid.motifs,319,221354,7,13871636,13871638,221355,5,13871642,13871643,-9223372036854775807
N17A4_KV,centroid.motifs,320,221356,7,13871651,13871653,221357,5,13871657,13871658,-9223372036854775807
N17A4_KV,centroid.motifs,321,221358,7,13871666,13871668,221359,5,13871672,13871673,-9223372036854775807
N17A4_KV,centroid.motifs,322,221360,7,13871681,13871683,221361,5,13871687,13871688,-9223372036854775807
N17A4_KV,centroid.motifs,323,221362,7,13871696,13871698,221363,5,13871702,13871703,-9223372036854775807
N17A4_KV,centroid.motifs,324,221364,7,13871711,13871713,221365,5,13871717,13871718,-9223372036854775807
N17A4_KV,centroid.motifs,325,221366,7,13871726,13871728,221367,5,13871732,13871733,-9223372036854775807
N17A4_KV,centroid.motifs,326,221368,7,13871741,13871743,221369,5,13871747,13871748,-9223372036854775807
N17A4_KV,centroid.motifs,327,221370,7,13871756,13871758,221371,5,13871762,13871763,-9223372036854775807
N17A4_KV,centroid.motifs,328,221372,7,13871771,13871773,221373,5,13871777,13871778,-9223372036854775807
N17A4_KV,centroid.motifs,329,221374,7,13871786,13871788,221375,5,13871792,13871793,-9223372036854775807
N17A4_KV,centroid.motifs,330,221376,7,13871801,13871803,221377,5,13871807,13871808,-9223372036854775807
N17A4_KV,centroid.motifs,331,221378,7,13871816,13871818,221379,5,13871822,13871823,-9223372036854775807
N17A4_KV,centroid.motifs,332,221380,7,13871831,13871833,221381,5,13871837,13871838,-9223372036854775807
N17A4_KV,centroid.motifs,333,221382,7,13871846,13871848,221383,5,13871852,13871853,-9223372036854775807
N17A4_KV,centroid.motifs,334,221384,7,13871861,13871863,221385,5,13871867,13871868,-9223372036854775807
N17A4_KV,centroid.motifs,335,221386,7,13871876,13871878,221387,5,13871883,13871884,-9223372036854775807
N17A4_KV,centroid.motifs,336,221388,7,13871892,13871894,221389,5,13871899,13871900,-9223372036854775807
N17A4_KV,centroid.motifs,337,221390,7,13871908,13871910,221391,5,13871915,13871916,-9223372036854775807
N17A4_KV,centroid.motifs,338,221392,7,13871924,13871926,221393,5,13871931,13871932,-9223372036854775807
N17A4_KV,centroid.motifs,339,221394,7,13871940,13871942,221395,5,13871947,13871948,-9223372036854775807
N17A4_KV,centroid.motifs,340,221396,7,13871956,13871958,221397,5,13871963,13871964,-9223372036854775807
N17A4_KV,centroid.motifs,341,221398,7,13871972,13871974,221399,5,13871979,13871980,-9223372036854775807
N17A4_KV,centroid.motifs,342,221400,7,13871988,13871990,221401,5,13871995,13871996,-9223372036854775807
N17A4_KV,centroid.motifs,343,221402,7,13872004,13872006,221403,5,13872011,13872012,-9223372036854775807
N17A4_KV,centroid.motifs,344,221404,7,13872020,13872022,221405,5,13872027,13872028,-9223372036854775807
N17A4_KV,centroid.motifs,345,221406,7,13872036,13872038,221407,5,13872043,13872044,-9223372036854775807
N17A4_KV,centroid.motifs,346,221408,7,13872052,13872054,221409,5,13872059,13872060,-9223372036854775807
N17A4_KV,centroid.motifs,347,221410,7,13872068,13872070,221411,5,13872075,13872076,-9223372036854775807
N17A4_KV,centroid.motifs,348,221412,7,13872084,13872086,221413,5,13872091,13872092,-9223372036854775807
N17A4_KV,centroid.motifs,349,221414,7,13872100,13872102,221415,5,13872107,13872108,-9223372036854775807
N17A4_KV,centroid.motifs,350,221416,7,13872116,13872118,221417,5,13872123,13872124,-9223372036854775807
N17A4_KV,centroid.motifs,351,221418,7,13872132,13872134,221419,5,13872139,13872140,-9223372036854775807
N17A4_KV,centroid.motifs,352,221420,7,13872148,13872150,221421,5,13872155,13872156,-9223372036854775807
N17A4_KV,centroid.motifs,353,221422,7,13872164,13872166,221423,5,13872171,13872172,-9223372036854775807
N17A4_KV,centroid.motifs,354,221424,7,13872180,13872182,221425,5,13872187,13872188,-9223372036854775807
N17A4_KV,centroid.motifs,355,221426,7,13872196,13872198,221427,5,13872203,13872204,-9223372036854775807
N17A4_KV,centroid.motifs,356,221428,7,13872212,13872214,221429,5,13872219,13872220,-9223372036854775807
N17A4_KV,centroid.motifs,357,221430,7,13872228,13872230,221431,5,13872235,13872236,-9223372036854775807
N17A4_KV,centroid.motifs,358,221432,7,13872244,13872246,221433,5,13872251,13872252,-9223372036854775807
N17A4_KV,centroid.motifs,359,221434,7,13872260,13872262,221435,5,13872267,13872268,-9223372036854775807
N17A4_KV,centroid.motifs,360,221436,7,13872276,13872278,221437,5,13872283,13872284,-9223372036854775807
N17A4_KV,centroid.motifs,361,221438,7,13872292,13872294,221439,5,13872299,13872300,-9223372036854775807
N17A4_KV,centroid.motifs,362,221440,7,13872308,13872310,221441,5,13872315,13872316,-9223372036854775807
N17A4_KV,centroid.motifs,363,221442,7,13872324,13872326,221443,5,13872331,13872332,-9223372036854775807
N17A4_KV,centroid.motifs,364,221444,7,13872340,13872342,221445,5,13872347,13872348,-9223372036854775807
N17A4_KV,centroid.motifs,365,221446,7,13872356,13872358,221447,5,13872363,13872364,-9223372036854775807
N17A4_KV,centroid.motifs,366,221448,7,13872372,13872374,221449,5,13872379,13872380,-9223372036854775807
N17A4_KV,centroid.motifs,367,221450,7,13872388,13872390,221451,5,13872395,13872396,-9223372036854775807
N17A4_KV,centroid.motifs,368,221452,7,13872404,13872406,221453,5,13872411,13872412,-9223372036854775807
N17A4_KV,centroid.motifs,369,221454,7,13872420,13872422,221455,5,13872427,13872428,-9223372036854775807
N17A4_KV,centroid.motifs,370,221456,7,13872436,13872438,221457,5,13872443,13872444,-9223372036854775807
N17A4_KV,centroid.motifs,371,221458,7,13872452,13872454,221459,5,13872459,13872460,-9223372036854775807
N17A4_KV,centroid.motifs,372,221460,7,13872468,13872470,221461,5,13872475,13872476,-9223372036854775807
N17A4_KV,centroid.motifs,373,221462,7,13872484,13872486,221463,5,13872491,13872492,-9223372036854775807
N17A4_KV,centroid.motifs,374,221464,7,13872500,13872502,221465,5,13872507,13872508,-9223372036854775807
N17A4_KV,centroid.motifs,375,221466,7,13872516,13872518,221467,5,13872523,13872524,-9223372036854775807
N17A4_KV,centroid.motifs,376,221468,7,13872532,13872534,221469,5,13872539,13872540,-9223372036854775807
N17A4_KV,centroid.motifs,377,221470,7,13872548,13872550,221471,5,13872555,13872556,-9223372036854775807
N17A4_KV,centroid.motifs,378,221472,7,13872564,13872566,221473,5,13872571,13872572,-9223372036854775807
N17A4_KV,centroid.motifs,379,221474,7,13872580,13872582,221475,5,13872587,13872588,-9223372036854775807
N17A4_KV,centroid.motifs,380,221476,7,13872596,13872598,221477,5,13872603,13872604,-9223372036854775807
N17A4_KV,centroid.motifs,381,221478,7,13872612,13872614,221479,5,13872619,13872620,-9223372036854775807
N17A4_KV,centroid.motifs,382,221480,7,13872628,13872630,221481,5,13872635,13872636,-9223372036854775807
N17A4_KV,centroid.motifs,383,221482,7,13872644,13872646,221483,5,13872651,13872652,-9223372036854775807
N17A4_KV,centroid.motifs,384,221484,7,13872660,13872662,221485,5,13872667,13872668,-9223372036854775807
N17A4_KV,centroid.motifs,385,221486,7,13872676,13872678,221487,5,13872683,13872684,-9223372036854775807
N17A4_KV,centroid.motifs,386,221488,7,13872692,13872694,221489,5,13872699,13872700,-9223372036854775807
N17A4_KV,centroid.motifs,387,221490,7,13872708,13872710,221491,5,13872716,13872717,-9223372036854775807
N17A4_KV,centroid.motifs,388,221492,7,13872725,13872727,221493,5,13872733,13872734,-9223372036854775807
N17A4_KV,centroid.motifs,389,221494,7,13872742,13872744,221495,5,13872750,13872751,-9223372036854775807
N17A4_KV,centroid.motifs,390,221496,7,13872759,13872761,221497,5,13872767,13872768,-9223372036854775807
N17A4_KV,centroid.motifs,391,221498,7,13872776,13872778,221499,5,13872784,13872785,-9223372036854775807
N17A4_KV,centroid.motifs,392,221500,7,13872793,13872795,221501,5,13872801,13872802,-9223372036854775807
N17A4_KV,centroid.motifs,393,221502,7,13872810,13872812,221503,5,13872818,13872819,-9223372036854775807
N17A4_KV,centroid.motifs,394,221504,7,13872827,13872829,221505,5,13872835,13872836,-9223372036854775807
N17A4_KV,centroid.motifs,395,221506,7,13872844,13872846,221507,5,13872852,13872853,-9223372036854775807
N17A4_KV,centroid.motifs,396,221508,7,13872861,13872863,221509,5,13872869,13872870,-9223372036854775807
N17A4_KV,centroid.motifs,397,221510,7,13872878,13872880,221511,5,13872886,13872887,-9223372036854775807
N17A4_KV,centroid.motifs,398,221512,7,13872895,13872897,221513,5,13872903,13872904,-9223372036854775807
N17A4_KV,centroid.motifs,399,221514,7,13872912,13872914,221515,5,13872920,13872921,-9223372036854775807
N17A4_KV,centroid.motifs,400,221516,7,13872929,13872931,221517,5,13872937,13872938,-9223372036854775807
N17A4_KV,centroid.motifs,401,221518,7,13872946,13872948,221519,5,13872954,13872955,-9223372036854775807
N17A4_KV,centroid.motifs,402,221520,7,13872963,13872965,221521,5,13872971,13872972,-9223372036854775807
N17A4_KV,centroid.motifs,403,221522,7,13872980,13872982,221523,5,13872988,13872989,-9223372036854775807
N17A4_KV,centroid.motifs,404,221524,7,13872997,13872999,221525,5,13873005,13873006,-9223372036854775807
N17A4_KV,centroid.motifs,405,221526,7,13873014,13873016,221527,5,13873022,13873023,-9223372036854775807
N17A4_KV,centroid.motifs,406,221528,7,13873031,13873033,221529,5,13873039,13873040,-9223372036854775807
N17A4_KV,centroid.motifs,407,221530,7,13873048,13873050,221531,5,13873056,13873057,-9223372036854775807
N17A4_KV,centroid.motifs,408,221532,7,13873065,13873067,221533,5,13873073,13873074,-9223372036854775807
N17A4_KV,centroid.motifs,409,221534,7,13873082,13873084,221535,5,13873090,13873091,-9223372036854775807
N17A4_KV,centroid.motifs,410,221536,7,13873099,13873101,221537,5,13873107,13873108,-9223372036854775807
N17A4_KV,centroid.motifs,411,221538,7,13873116,13873118,221539,5,13873124,13873125,-9223372036854775807
N17A4_KV,centroid.motifs,412,221540,7,13873133,13873135,221541,5,13873141,13873142,-9223372036854775807
N17A4_KV,centroid.motifs,413,221542,7,13873150,13873152,221543,5,13873158,13873159,-9223372036854775807
N17A4_KV,centroid.motifs,414,221544,7,13873167,13873169,221545,5,13873175,13873176,-9223372036854775807
N17A4_KV,centroid.motifs,415,221546,7,13873184,13873186,221547,5,13873192,13873193,-9223372036854775807
N17A4_KV,centroid.motifs,416,221548,7,13873201,13873203,221549,5,13873209,13873210,-9223372036854775807
N17A4_KV,centroid.motifs,417,221550,7,13873218,13873220,221551,5,13873226,13873227,-9223372036854775807
N17A4_KV,centroid.motifs,418,221552,7,13873235,13873237,221553,5,13873243,13873244,-9223372036854775807
N17A4_KV,centroid.motifs,419,221554,7,13873252,13873254,221555,5,13873260,13873261,-9223372036854775807
N17A4_KV,centroid.motifs,420,221556,7,13873269,13873271,221557,5,13873277,13873278,-9223372036854775807
N17A4_KV,centroid.motifs,421,221558,7,13873286,13873288,221559,5,13873294,13873295,-9223372036854775807
N17A4_KV,centroid.motifs,422,221560,7,13873303,13873305,221561,5,13873311,13873312,-9223372036854775807
N17A4_KV,centroid.motifs,423,221562,7,13873320,13873322,221563,5,13873328,13873329,-9223372036854775807
N17A4_KV,centroid.motifs,424,221564,7,13873337,13873339,221565,5,13873345,13873346,-9223372036854775807
N17A4_KV,centroid.motifs,425,221566,7,13873354,13873356,221567,5,13873362,13873363,-9223372036854775807
N17A4_KV,centroid.motifs,426,221568,7,13873371,13873373,221569,5,13873379,13873380,-9223372036854775807
N17A4_KV,centroid.motifs,427,221570,7,13873388,13873390,221571,5,13873396,13873397,-9223372036854775807
N17A4_KV,centroid.motifs,428,221572,7,13873405,13873407,221573,5,13873413,13873414,-9223372036854775807
N17A4_KV,centroid.motifs,429,221574,7,13873422,13873424,221575,5,13873430,13873431,-9223372036854775807
N17A4_KV,centroid.motifs,430,221576,7,13873439,13873441,221577,5,13873447,13873448,-9223372036854775807
N17A4_KV,centroid.motifs,431,221578,7,13873456,13873458,221579,5,13873464,13873465,-9223372036854775807
N17A4_KV,centroid.motifs,432,221580,7,13873473,13873475,221581,5,13873481,13873482,-9223372036854775807
N17A4_KV,centroid.motifs,433,221582,7,13873490,13873492,221583,5,13873498,13873499,-9223372036854775807
N17A4_KV,centroid.motifs,434,221584,7,13873507,13873509,221585,5,13873515,13873516,-9223372036854775807
N17A4_KV,centroid.motifs,435,221586,7,13873524,13873526,221587,5,13873532,13873533,-9223372036854775807
N17A4_KV,centroid.motifs,436,221588,7,13873541,13873543,221589,5,13873549,13873550,-9223372036854775807
N17A4_KV,centroid.motifs,437,221590,7,13873558,13873560,221591,5,13873566,13873567,-9223372036854775807
N17A4_KV,centroid.motifs,438,221592,7,13873575,13873577,221593,5,13873583,13873584,-9223372036854775807
N17A4_KV,centroid.motifs,439,221594,7,13873592,13873594,221595,5,13873600,13873601,-9223372036854775807
N17A4_KV,centroid.motifs,440,221596,7,13873609,13873611,221597,5,13873617,13873618,-9223372036854775807
N17A4_KV,centroid.motifs,441,221598,7,13873626,13873628,221599,5,13873635,13873636,-9223372036854775807
N17A4_KV,centroid.motifs,442,221600,7,13873644,13873646,221601,5,13873653,13873654,-9223372036854775807
N17A4_KV,centroid.motifs,443,221602,7,13873662,13873664,221603,5,13873671,13873672,-9223372036854775807
N17A4_KV,centroid.motifs,444,221604,7,13873680,13873682,221605,5,13873689,13873690,-9223372036854775807
N17A4_KV,centroid.motifs,445,221606,7,13873698,13873700,221607,5,13873707,13873708,-9223372036854775807
N17A4_KV,centroid.motifs,446,221608,7,13873716,13873718,221609,5,13873725,13873726,-9223372036854775807
N17A4_KV,centroid.motifs,447,221610,7,13873734,13873736,221611,5,13873743,13873744,-9223372036854775807
N17A4_KV,centroid.motifs,448,221612,7,13873752,13873754,221613,5,13873761,13873762,-9223372036854775807
N17A4_KV,centroid.motifs,449,221614,7,13873770,13873772,221615,5,13873779,13873780,-9223372036854775807
N17A4_KV,centroid.motifs,450,221616,7,13873788,13873790,221617,5,13873797,13873798,-9223372036854775807
N17A4_KV,centroid.motifs,451,221618,7,13873806,13873808,221619,5,13873815,13873816,-9223372036854775807
N17A4_KV,centroid.motifs,452,221620,7,13873824,13873826,221621,5,13873833,13873834,-9223372036854775807
N17A4_KV,centroid.motifs,453,221622,7,13873842,13873844,221623,5,13873851,13873852,-9223372036854775807
N17A4_KV,centroid.motifs,454,221624,7,13873860,13873862,221625,5,13873869,13873870,-9223372036854775807
N17A4_KV,centroid.motifs,455,221626,7,13873878,13873880,221627,5,13873887,13873888,-9223372036854775807
N17A4_KV,centroid.motifs,456,221628,7,13873896,13873898,221629,5,13873905,13873906,-9223372036854775807
N17A4_KV,centroid.motifs,457,221630,7,13873914,13873916,221631,5,13873923,13873924,-9223372036854775807
N17A4_KV,centroid.motifs,458,221632,7,13873932,13873934,221633,5,13873941,13873942,-9223372036854775807
N17A4_KV,centroid.motifs,459,221634,7,13873950,13873952,221635,5,13873959,13873960,-9223372036854775807
N17A4_KV,centroid.motifs,460,221636,7,13873968,13873970,221637,5,13873977,13873978,-9223372036854775807
N17A4_KV,centroid.motifs,461,221638,7,13873986,13873988,221639,5,13873995,13873996,-9223372036854775807
N17A4_KV,centroid.motifs,462,221640,7,13874004,13874006,221641,5,13874013,13874014,-9223372036854775807
N17A4_KV,centroid.motifs,463,221642,7,13874022,13874024,221643,5,13874031,13874032,-9223372036854775807
N17A4_KV,centroid.motifs,464,221644,7,13874040,13874042,221645,5,13874049,13874050,-9223372036854775807
N17A4_KV,centroid.motifs,465,221646,7,13874058,13874060,221647,5,13874067,13874068,-9223372036854775807
N17A4_KV,centroid.motifs,466,221648,7,13874076,13874078,221649,5,13874085,13874086,-9223372036854775807
N17A4_KV,centroid.motifs,467,221650,7,13874094,13874096,221651,5,13874103,13874104,-9223372036854775807
N17A4_KV,centroid.motifs,468,221652,7,13874112,13874114,221653,5,13874121,13874122,-9223372036854775807
N17A4_KV,centroid.motifs,469,221654,7,13874130,13874132,221655,5,13874139,13874140,-9223372036854775807
N17A4_KV,centroid.motifs,470,221656,7,13874148,13874150,221657,5,13874157,13874158,-9223372036854775807
N17A4_KV,centroid.motifs,471,221658,7,13874166,13874168,221659,5,13874175,13874176,-9223372036854775807
N17A4_KV,centroid.motifs,472,221660,7,13874184,13874186,221661,5,13874193,13874194,-9223372036854775807
N17A4_KV,centroid.motifs,473,221662,7,13874202,13874204,221663,5,13874211,13874212,-9223372036854775807
N17A4_KV,centroid.motifs,474,221664,7,13874220,13874222,221665,5,13874229,13874230,-9223372036854775807
N17A4_KV,centroid.motifs,475,221666,7,13874238,13874240,221667,5,13874247,13874248,-9223372036854775807
N17A4_KV,centroid.motifs,476,221668,7,13874256,13874258,221669,5,13874265,13874266,-9223372036854775807
N17A4_KV,centroid.motifs,477,221670,7,13874274,13874276,221671,5,13874283,13874284,-9223372036854775807
N17A4_KV,centroid.motifs,478,221672,7,13874292,13874294,221673,5,13874301,13874302,-9223372036854775807
N17A4_KV,centroid.motifs,479,221674,7,13874310,13874312,221675,5,13874319,13874320,-9223372036854775807
N17A4_KV,centroid.motifs,480,221676,7,13874328,13874330,221677,5,13874337,13874338,-9223372036854775807
N17A4_KV,centroid.motifs,481,221678,7,13874346,13874348,221679,5,13874355,13874356,-9223372036854775807
N17A4_KV,centroid.motifs,482,221680,7,13874364,13874366,221681,5,13874373,13874374,-9223372036854775807
N17A4_KV,centroid.motifs,483,221682,7,13874382,13874384,221683,5,13874391,13874392,-9223372036854775807
N17A4_KV,centroid.motifs,484,221684,7,13874400,13874402,221685,5,13874409,13874410,-9223372036854775807
N17A4_KV,centroid.motifs,485,221686,7,13874418,13874420,221687,5,13874427,13874428,-9223372036854775807
N17A4_KV,centroid.motifs,486,221688,7,13874436,13874438,221689,5,13874445,13874446,-9223372036854775807
N17A4_KV,centroid.motifs,487,221690,7,13874454,13874456,221691,5,13874463,13874464,-9223372036854775807
N17A4_KV,centroid.motifs,488,221692,7,13874472,13874474,221693,5,13874481,13874482,-9223372036854775807
N17A4_KV,centroid.motifs,489,221694,7,13874490,13874492,221695,5,13874499,13874500,-9223372036854775807
N17A4_KV,centroid.motifs,490,221696,7,13874508,13874510,221697,5,13874517,13874518,-9223372036854775807
N17A4_KV,centroid.motifs,491,221698,7,13874526,13874528,221699,5,13874535,13874536,-9223372036854775807
N17A4_KV,centroid.motifs,492,221700,7,13874544,13874546,221701,5,13874553,13874554,-9223372036854775807
N17A4_KV,centroid.motifs,493,221702,7,13874562,13874564,221703,5,13874571,13874572,-9223372036854775807
N17A4_KV,centroid.motifs,494,221704,7,13874580,13874582,221705,5,13874585,13874586,-9223372036854775807
N17A4_KV,centroid.motifs,495,221706,7,13874594,13874596,221707,5,13874599,13874600,-9223372036854775807
N17A4_KV,centroid.motifs,496,221708,7,13874608,13874610,221709,5,13874613,13874614,-9223372036854775807
N17A4_KV,centroid.motifs,497,221710,7,13874622,13874624,221711,5,13874627,13874628,-9223372036854775807
N17A4_KV,centroid.motifs,498,221712,7,13874636,13874638,221713,5,13874641,13874642,-9223372036854775807
N17A4_KV,centroid.motifs,499,221714,7,13874650,13874652,221715,5,13874655,13874656,-9223372036854775807
N17A4_KV,centroid.motifs,500,221716,7,13874664,13874666,221717,5,13874669,13874670,-9223372036854775807
N17A4_KV,centroid.motifs,501,221718,7,13874678,13874680,221719,5,13874683,13874684,-9223372036854775807
N17A4_KV,centroid.motifs,502,221720,7,13874692,13874694,221721,5,13874697,13874698,-9223372036854775807
N17A4_KV,centroid.motifs,503,221722,7,13874706,13874708,221723,5,13874711,13874712,-9223372036854775807
N17A4_KV,centroid.motifs,504,221724,7,13874720,13874722,221725,5,13874725,13874726,-9223372036854775807
N17A4_KV,centroid.motifs,505,221726,7,13874734,13874736,221727,5,13874739,13874740,-9223372036854775807
N17A4_KV,centroid.motifs,506,221728,7,13874748,13874750,221729,5,13874753,13874754,-9223372036854775807
N17A4_KV,centroid.motifs,507,221730,7,13874762,13874764,221731,5,13874767,13874768,-9223372036854775807
N17A4_KV,centroid.motifs,508,221732,7,13874776,13874778,221733,5,13874781,13874782,-9223372036854775807
N17A4_KV,centroid.motifs,509,221734,7,13874790,13874792,221735,5,13874795,13874796,-9223372036854775807
N17A4_KV,centroid.motifs,510,221736,7,13874804,13874806,221737,5,13874809,13874810,-9223372036854775807
N17A4_KV,centroid.motifs,511,221738,7,13874818,13874820,221739,5,13874823,13874824,-9223372036854775807
N17A4_DICT,centroid.motifs,224201,224201,11,1761
N17A4_KV,centroid.motifs,0,224202,7,13895169,13895171,224203,5,13895174,13895175,-9223372036854775807
N17A4_KV,centroid.motifs,1,224204,7,13895183,13895185,224205,5,13895188,13895189,-9223372036854775807
N17A4_KV,centroid.motifs,2,224206,7,13895197,13895199,224207,5,13895202,13895203,-9223372036854775807
N17A4_KV,centroid.motifs,3,224208,7,13895211,13895213,224209,5,13895216,13895217,-9223372036854775807
N17A4_KV,centroid.motifs,4,224210,7,13895225,13895227,224211,5,13895230,13895231,-9223372036854775807
N17A4_KV,centroid.motifs,5,224212,7,13895239,13895241,224213,5,13895244,13895245,-9223372036854775807
N17A4_KV,centroid.motifs,6,224214,7,13895253,13895255,224215,5,13895258,13895259,-9223372036854775807
N17A4_KV,centroid.motifs,7,224216,7,13895267,13895269,224217,5,13895272,13895273,-9223372036854775807
N17A4_KV,centroid.motifs,8,224218,7,13895281,13895283,224219,5,13895286,13895287,-9223372036854775807
N17A4_KV,centroid.motifs,9,224220,7,13895295,13895297,224221,5,13895300,13895301,-9223372036854775807
N17A4_KV,centroid.motifs,10,224222,7,13895309,13895311,224223,5,13895314,13895315,-9223372036854775807
N17A4_KV,centroid.motifs,11,224224,7,13895323,13895325,224225,5,13895328,13895329,-9223372036854775807
N17A4_KV,centroid.motifs,12,224226,7,13895337,13895339,224227,5,13895342,13895343,-9223372036854775807
N17A4_KV,centroid.motifs,13,224228,7,13895351,13895353,224229,5,13895356,13895357,-9223372036854775807
N17A4_KV,centroid.motifs,14,224230,7,13895365,13895367,224231,5,13895370,13895371,-9223372036854775807
N17A4_KV,centroid.motifs,15,224232,7,13895379,13895381,224233,5,13895384,13895385,-9223372036854775807
N17A4_KV,centroid.motifs,16,224234,7,13895393,13895395,224235,5,13895398,13895399,-9223372036854775807
N17A4_KV,centroid.motifs,17,224236,7,13895407,13895409,224237,5,13895412,13895413,-9223372036854775807
N17A4_KV,centroid.motifs,18,224238,7,13895421,13895423,224239,5,13895426,13895427,-9223372036854775807
N17A4_KV,centroid.motifs,19,224240,7,13895435,13895437,224241,5,13895440,13895441,-9223372036854775807
N17A4_KV,centroid.motifs,20,224242,7,13895449,13895451,224243,5,13895454,13895455,-9223372036854775807
N17A4_KV,centroid.motifs,21,224244,7,13895463,13895465,224245,5,13895468,13895469,-9223372036854775807
N17A4_KV,centroid.motifs,22,224246,7,13895477,13895479,224247,5,13895482,13895483,-9223372036854775807
N17A4_KV,centroid.motifs,23,224248,7,13895491,13895493,224249,5,13895496,13895497,-9223372036854775807
N17A4_KV,centroid.motifs,24,224250,7,13895505,13895507,224251,5,13895510,13895511,-9223372036854775807
N17A4_KV,centroid.motifs,25,224252,7,13895519,13895521,224253,5,13895524,13895525,-9223372036854775807
N17A4_KV,centroid.motifs,26,224254,7,13895533,13895535,224255,5,13895538,13895539,-9223372036854775807
N17A4_KV,centroid.motifs,27,224256,7,13895547,13895549,224257,5,13895552,13895553,-9223372036854775807
N17A4_KV,centroid.motifs,28,224258,7,13895561,13895563,224259,5,13895566,13895567,-9223372036854775807
N17A4_KV,centroid.motifs,29,224260,7,13895575,13895577,224261,5,13895580,13895581,-9223372036854775807
N17A4_KV,centroid.motifs,30,224262,7,13895589,13895591,224263,5,13895594,13895595,-9223372036854775807
N17A4_KV,centroid.motifs,31,224264,7,13895603,13895605,224265,5,13895608,13895609,-9223372036854775807
N17A4_KV,centroid.motifs,32,224266,7,13895617,13895619,224267,5,13895622,13895623,-9223372036854775807
N17A4_KV,centroid.motifs,33,224268,7,13895631,13895633,224269,5,13895636,13895637,-9223372036854775807
N17A4_KV,centroid.motifs,34,224270,7,13895645,13895647,224271,5,13895650,13895651,-9223372036854775807
N17A4_KV,centroid.motifs,35,224272,7,13895659,13895661,224273,5,13895664,13895665,-9223372036854775807
N17A4_KV,centroid.motifs,36,224274,7,13895673,13895675,224275,5,13895678,13895679,-9223372036854775807
N17A4_KV,centroid.motifs,37,224276,7,13895687,13895689,224277,5,13895692,13895693,-9223372036854775807
N17A4_KV,centroid.motifs,38,224278,7,13895701,13895703,224279,5,13895706,13895707,-9223372036854775807
N17A4_KV,centroid.motifs,39,224280,7,13895715,13895717,224281,5,13895720,13895721,-9223372036854775807
N17A4_KV,centroid.motifs,40,224282,7,13895729,13895731,224283,5,13895734,13895735,-9223372036854775807
N17A4_KV,centroid.motifs,41,224284,7,13895743,13895745,224285,5,13895748,13895749,-9223372036854775807
N17A4_KV,centroid.motifs,42,224286,7,13895757,13895759,224287,5,13895762,13895763,-9223372036854775807
N17A4_KV,centroid.motifs,43,224288,7,13895771,13895773,224289,5,13895776,13895777,-9223372036854775807
N17A4_KV,centroid.motifs,44,224290,7,13895785,13895787,224291,5,13895790,13895791,-9223372036854775807
N17A4_KV,centroid.motifs,45,224292,7,13895799,13895801,224293,5,13895804,13895805,-9223372036854775807
N17A4_KV,centroid.motifs,46,224294,7,13895813,13895815,224295,5,13895818,13895819,-9223372036854775807
N17A4_KV,centroid.motifs,47,224296,7,13895827,13895829,224297,5,13895832,13895833,-9223372036854775807
N17A4_KV,centroid.motifs,48,224298,7,13895841,13895843,224299,5,13895846,13895847,-9223372036854775807
N17A4_KV,centroid.motifs,49,224300,7,13895855,13895857,224301,5,13895860,13895861,-9223372036854775807
N17A4_KV,centroid.motifs,50,224302,7,13895869,13895871,224303,5,13895874,13895875,-9223372036854775807
N17A4_KV,centroid.motifs,51,224304,7,13895883,13895885,224305,5,13895889,13895890,-9223372036854775807
N17A4_KV,centroid.motifs,52,224306,7,13895898,13895900,224307,5,13895904,13895905,-9223372036854775807
N17A4_KV,centroid.motifs,53,224308,7,13895913,13895915,224309,5,13895919,13895920,-9223372036854775807
N17A4_KV,centroid.motifs,54,224310,7,13895928,13895930,224311,5,13895934,13895935,-9223372036854775807
N17A4_KV,centroid.motifs,55,224312,7,13895943,13895945,224313,5,13895949,13895950,-9223372036854775807
N17A4_KV,centroid.motifs,56,224314,7,13895958,13895960,224315,5,13895964,13895965,-9223372036854775807
N17A4_KV,centroid.motifs,57,224316,7,13895973,13895975,224317,5,13895979,13895980,-9223372036854775807
N17A4_KV,centroid.motifs,58,224318,7,13895988,13895990,224319,5,13895994,13895995,-9223372036854775807
N17A4_KV,centroid.motifs,59,224320,7,13896003,13896005,224321,5,13896009,13896010,-9223372036854775807
N17A4_KV,centroid.motifs,60,224322,7,13896018,13896020,224323,5,13896024,13896025,-9223372036854775807
N17A4_KV,centroid.motifs,61,224324,7,13896033,13896035,224325,5,13896039,13896040,-9223372036854775807
N17A4_KV,centroid.motifs,62,224326,7,13896048,13896050,224327,5,13896054,13896055,-9223372036854775807
N17A4_KV,centroid.motifs,63,224328,7,13896063,13896065,224329,5,13896069,13896070,-9223372036854775807
N17A4_KV,centroid.motifs,64,224330,7,13896078,13896080,224331,5,13896084,13896085,-9223372036854775807
N17A4_KV,centroid.motifs,65,224332,7,13896093,13896095,224333,5,13896099,13896100,-9223372036854775807
N17A4_KV,centroid.motifs,66,224334,7,13896108,13896110,224335,5,13896114,13896115,-9223372036854775807
N17A4_KV,centroid.motifs,67,224336,7,13896123,13896125,224337,5,13896129,13896130,-9223372036854775807
N17A4_KV,centroid.motifs,68,224338,7,13896138,13896140,224339,5,13896144,13896145,-9223372036854775807
N17A4_KV,centroid.motifs,69,224340,7,13896153,13896155,224341,5,13896159,13896160,-9223372036854775807
N17A4_KV,centroid.motifs,70,224342,7,13896168,13896170,224343,5,13896174,13896175,-9223372036854775807
N17A4_KV,centroid.motifs,71,224344,7,13896183,13896185,224345,5,13896189,13896190,-9223372036854775807
N17A4_KV,centroid.motifs,72,224346,7,13896198,13896200,224347,5,13896204,13896205,-9223372036854775807
N17A4_KV,centroid.motifs,73,224348,7,13896213,13896215,224349,5,13896219,13896220,-9223372036854775807
N17A4_KV,centroid.motifs,74,224350,7,13896228,13896230,224351,5,13896234,13896235,-9223372036854775807
N17A4_KV,centroid.motifs,75,224352,7,13896243,13896245,224353,5,13896249,13896250,-9223372036854775807
N17A4_KV,centroid.motifs,76,224354,7,13896258,13896260,224355,5,13896264,13896265,-9223372036854775807
N17A4_KV,centroid.motifs,77,224356,7,13896273,13896275,224357,5,13896279,13896280,-9223372036854775807
N17A4_KV,centroid.motifs,78,224358,7,13896288,13896290,224359,5,13896294,13896295,-9223372036854775807
N17A4_KV,centroid.motifs,79,224360,7,13896303,13896305,224361,5,13896309,13896310,-9223372036854775807
N17A4_KV,centroid.motifs,80,224362,7,13896318,13896320,224363,5,13896324,13896325,-9223372036854775807
N17A4_KV,centroid.motifs,81,224364,7,13896333,13896335,224365,5,13896339,13896340,-9223372036854775807
N17A4_KV,centroid.motifs,82,224366,7,13896348,13896350,224367,5,13896354,13896355,-9223372036854775807
N17A4_KV,centroid.motifs,83,224368,7,13896363,13896365,224369,5,13896369,13896370,-9223372036854775807
N17A4_KV,centroid.motifs,84,224370,7,13896378,13896380,224371,5,13896384,13896385,-9223372036854775807
N17A4_KV,centroid.motifs,85,224372,7,13896393,13896395,224373,5,13896399,13896400,-9223372036854775807
N17A4_KV,centroid.motifs,86,224374,7,13896408,13896410,224375,5,13896414,13896415,-9223372036854775807
N17A4_KV,centroid.motifs,87,224376,7,13896423,13896425,224377,5,13896429,13896430,-9223372036854775807
N17A4_KV,centroid.motifs,88,224378,7,13896438,13896440,224379,5,13896444,13896445,-9223372036854775807
N17A4_KV,centroid.motifs,89,224380,7,13896453,13896455,224381,5,13896459,13896460,-9223372036854775807
N17A4_KV,centroid.motifs,90,224382,7,13896468,13896470,224383,5,13896474,13896475,-9223372036854775807
N17A4_KV,centroid.motifs,91,224384,7,13896483,13896485,224385,5,13896489,13896490,-9223372036854775807
N17A4_KV,centroid.motifs,92,224386,7,13896498,13896500,224387,5,13896504,13896505,-9223372036854775807
N17A4_KV,centroid.motifs,93,224388,7,13896513,13896515,224389,5,13896519,13896520,-9223372036854775807
N17A4_KV,centroid.motifs,94,224390,7,13896528,13896530,224391,5,13896534,13896535,-9223372036854775807
N17A4_KV,centroid.motifs,95,224392,7,13896543,13896545,224393,5,13896549,13896550,-9223372036854775807
N17A4_KV,centroid.motifs,96,224394,7,13896558,13896560,224395,5,13896564,13896565,-9223372036854775807
N17A4_KV,centroid.motifs,97,224396,7,13896573,13896575,224397,5,13896579,13896580,-9223372036854775807
N17A4_KV,centroid.motifs,98,224398,7,13896588,13896590,224399,5,13896594,13896595,-9223372036854775807
N17A4_KV,centroid.motifs,99,224400,7,13896603,13896605,224401,5,13896609,13896610,-9223372036854775807
N17A4_KV,centroid.motifs,100,224402,7,13896618,13896620,224403,5,13896624,13896625,-9223372036854775807
N17A4_KV,centroid.motifs,101,224404,7,13896633,13896635,224405,5,13896639,13896640,-9223372036854775807
N17A4_KV,centroid.motifs,102,224406,7,13896648,13896650,224407,5,13896654,13896655,-9223372036854775807
N17A4_KV,centroid.motifs,103,224408,7,13896663,13896665,224409,5,13896669,13896670,-9223372036854775807
N17A4_KV,centroid.motifs,104,224410,7,13896678,13896680,224411,5,13896684,13896685,-9223372036854775807
N17A4_KV,centroid.motifs,105,224412,7,13896693,13896695,224413,5,13896699,13896700,-9223372036854775807
N17A4_KV,centroid.motifs,106,224414,7,13896708,13896710,224415,5,13896714,13896715,-9223372036854775807
N17A4_KV,centroid.motifs,107,224416,7,13896723,13896725,224417,5,13896729,13896730,-9223372036854775807
N17A4_KV,centroid.motifs,108,224418,7,13896738,13896740,224419,5,13896744,13896745,-9223372036854775807
N17A4_KV,centroid.motifs,109,224420,7,13896753,13896755,224421,5,13896759,13896760,-9223372036854775807
N17A4_KV,centroid.motifs,110,224422,7,13896768,13896770,224423,5,13896774,13896775,-9223372036854775807
N17A4_KV,centroid.motifs,111,224424,7,13896783,13896785,224425,5,13896789,13896790,-9223372036854775807
N17A4_KV,centroid.motifs,112,224426,7,13896798,13896800,224427,5,13896805,13896806,-9223372036854775807
N17A4_KV,centroid.motifs,113,224428,7,13896814,13896816,224429,5,13896821,13896822,-9223372036854775807
N17A4_KV,centroid.motifs,114,224430,7,13896830,13896832,224431,5,13896837,13896838,-9223372036854775807
N17A4_KV,centroid.motifs,115,224432,7,13896846,13896848,224433,5,13896853,13896854,-9223372036854775807
N17A4_KV,centroid.motifs,116,224434,7,13896862,13896864,224435,5,13896869,13896870,-9223372036854775807
N17A4_KV,centroid.motifs,117,224436,7,13896878,13896880,224437,5,13896885,13896886,-9223372036854775807
N17A4_KV,centroid.motifs,118,224438,7,13896894,13896896,224439,5,13896901,13896902,-9223372036854775807
N17A4_KV,centroid.motifs,119,224440,7,13896910,13896912,224441,5,13896917,13896918,-9223372036854775807
N17A4_KV,centroid.motifs,120,224442,7,13896926,13896928,224443,5,13896933,13896934,-9223372036854775807
N17A4_KV,centroid.motifs,121,224444,7,13896942,13896944,224445,5,13896949,13896950,-9223372036854775807
N17A4_KV,centroid.motifs,122,224446,7,13896958,13896960,224447,5,13896965,13896966,-9223372036854775807
N17A4_KV,centroid.motifs,123,224448,7,13896974,13896976,224449,5,13896981,13896982,-9223372036854775807
N17A4_KV,centroid.motifs,124,224450,7,13896990,13896992,224451,5,13896997,13896998,-9223372036854775807
N17A4_KV,centroid.motifs,125,224452,7,13897006,13897008,224453,5,13897013,13897014,-9223372036854775807
N17A4_KV,centroid.motifs,126,224454,7,13897022,13897024,224455,5,13897029,13897030,-9223372036854775807
N17A4_KV,centroid.motifs,127,224456,7,13897038,13897040,224457,5,13897045,13897046,-9223372036854775807
N17A4_KV,centroid.motifs,128,224458,7,13897054,13897056,224459,5,13897061,13897062,-9223372036854775807
N17A4_KV,centroid.motifs,129,224460,7,13897070,13897072,224461,5,13897077,13897078,-9223372036854775807
N17A4_KV,centroid.motifs,130,224462,7,13897086,13897088,224463,5,13897093,13897094,-9223372036854775807
N17A4_KV,centroid.motifs,131,224464,7,13897102,13897104,224465,5,13897109,13897110,-9223372036854775807
N17A4_KV,centroid.motifs,132,224466,7,13897118,13897120,224467,5,13897125,13897126,-9223372036854775807
N17A4_KV,centroid.motifs,133,224468,7,13897134,13897136,224469,5,13897141,13897142,-9223372036854775807
N17A4_KV,centroid.motifs,134,224470,7,13897150,13897152,224471,5,13897157,13897158,-9223372036854775807
N17A4_KV,centroid.motifs,135,224472,7,13897166,13897168,224473,5,13897173,13897174,-9223372036854775807
N17A4_KV,centroid.motifs,136,224474,7,13897182,13897184,224475,5,13897189,13897190,-9223372036854775807
N17A4_KV,centroid.motifs,137,224476,7,13897198,13897200,224477,5,13897205,13897206,-9223372036854775807
N17A4_KV,centroid.motifs,138,224478,7,13897214,13897216,224479,5,13897221,13897222,-9223372036854775807
N17A4_KV,centroid.motifs,139,224480,7,13897230,13897232,224481,5,13897237,13897238,-9223372036854775807
N17A4_KV,centroid.motifs,140,224482,7,13897246,13897248,224483,5,13897253,13897254,-9223372036854775807
N17A4_KV,centroid.motifs,141,224484,7,13897262,13897264,224485,5,13897269,13897270,-9223372036854775807
N17A4_KV,centroid.motifs,142,224486,7,13897278,13897280,224487,5,13897285,13897286,-9223372036854775807
N17A4_KV,centroid.motifs,143,224488,7,13897294,13897296,224489,5,13897301,13897302,-9223372036854775807
N17A4_KV,centroid.motifs,144,224490,7,13897310,13897312,224491,5,13897317,13897318,-9223372036854775807
N17A4_KV,centroid.motifs,145,224492,7,13897326,13897328,224493,5,13897333,13897334,-9223372036854775807
N17A4_KV,centroid.motifs,146,224494,7,13897342,13897344,224495,5,13897349,13897350,-9223372036854775807
N17A4_KV,centroid.motifs,147,224496,7,13897358,13897360,224497,5,13897365,13897366,-9223372036854775807
N17A4_KV,centroid.motifs,148,224498,7,13897374,13897376,224499,5,13897381,13897382,-9223372036854775807
N17A4_KV,centroid.motifs,149,224500,7,13897390,13897392,224501,5,13897397,13897398,-9223372036854775807
N17A4_KV,centroid.motifs,150,224502,7,13897406,13897408,224503,5,13897413,13897414,-9223372036854775807
N17A4_KV,centroid.motifs,151,224504,7,13897422,13897424,224505,5,13897429,13897430,-9223372036854775807
N17A4_KV,centroid.motifs,152,224506,7,13897438,13897440,224507,5,13897445,13897446,-9223372036854775807
N17A4_KV,centroid.motifs,153,224508,7,13897454,13897456,224509,5,13897461,13897462,-9223372036854775807
N17A4_KV,centroid.motifs,154,224510,7,13897470,13897472,224511,5,13897477,13897478,-9223372036854775807
N17A4_KV,centroid.motifs,155,224512,7,13897486,13897488,224513,5,13897493,13897494,-9223372036854775807
N17A4_KV,centroid.motifs,156,224514,7,13897502,13897504,224515,5,13897509,13897510,-9223372036854775807
N17A4_KV,centroid.motifs,157,224516,7,13897518,13897520,224517,5,13897525,13897526,-9223372036854775807
N17A4_KV,centroid.motifs,158,224518,7,13897534,13897536,224519,5,13897541,13897542,-9223372036854775807
N17A4_KV,centroid.motifs,159,224520,7,13897550,13897552,224521,5,13897557,13897558,-9223372036854775807
N17A4_KV,centroid.motifs,160,224522,7,13897566,13897568,224523,5,13897573,13897574,-9223372036854775807
N17A4_KV,centroid.motifs,161,224524,7,13897582,13897584,224525,5,13897589,13897590,-9223372036854775807
N17A4_KV,centroid.motifs,162,224526,7,13897598,13897600,224527,5,13897605,13897606,-9223372036854775807
N17A4_KV,centroid.motifs,163,224528,7,13897614,13897616,224529,5,13897621,13897622,-9223372036854775807
N17A4_KV,centroid.motifs,164,224530,7,13897630,13897632,224531,5,13897637,13897638,-9223372036854775807
N17A4_KV,centroid.motifs,165,224532,7,13897646,13897648,224533,5,13897653,13897654,-9223372036854775807
N17A4_KV,centroid.motifs,166,224534,7,13897662,13897664,224535,5,13897669,13897670,-9223372036854775807
N17A4_KV,centroid.motifs,167,224536,7,13897678,13897680,224537,5,13897685,13897686,-9223372036854775807
N17A4_KV,centroid.motifs,168,224538,7,13897694,13897696,224539,5,13897701,13897702,-9223372036854775807
N17A4_KV,centroid.motifs,169,224540,7,13897710,13897712,224541,5,13897717,13897718,-9223372036854775807
N17A4_KV,centroid.motifs,170,224542,7,13897726,13897728,224543,5,13897733,13897734,-9223372036854775807
N17A4_KV,centroid.motifs,171,224544,7,13897742,13897744,224545,5,13897749,13897750,-9223372036854775807
N17A4_KV,centroid.motifs,172,224546,7,13897758,13897760,224547,5,13897765,13897766,-9223372036854775807
N17A4_KV,centroid.motifs,173,224548,7,13897774,13897776,224549,5,13897781,13897782,-9223372036854775807
N17A4_KV,centroid.motifs,174,224550,7,13897790,13897792,224551,5,13897797,13897798,-9223372036854775807
N17A4_KV,centroid.motifs,175,224552,7,13897806,13897808,224553,5,13897813,13897814,-9223372036854775807
N17A4_KV,centroid.motifs,176,224554,7,13897822,13897824,224555,5,13897830,13897831,-9223372036854775807
N17A4_KV,centroid.motifs,177,224556,7,13897839,13897841,224557,5,13897847,13897848,-9223372036854775807
N17A4_KV,centroid.motifs,178,224558,7,13897856,13897858,224559,5,13897864,13897865,-9223372036854775807
N17A4_KV,centroid.motifs,179,224560,7,13897873,13897875,224561,5,13897881,13897882,-9223372036854775807
N17A4_KV,centroid.motifs,180,224562,7,13897890,13897892,224563,5,13897898,13897899,-9223372036854775807
N17A4_KV,centroid.motifs,181,224564,7,13897907,13897909,224565,5,13897915,13897916,-9223372036854775807
N17A4_KV,centroid.motifs,182,224566,7,13897924,13897926,224567,5,13897932,13897933,-9223372036854775807
N17A4_KV,centroid.motifs,183,224568,7,13897941,13897943,224569,5,13897949,13897950,-9223372036854775807
N17A4_KV,centroid.motifs,184,224570,7,13897958,13897960,224571,5,13897966,13897967,-9223372036854775807
N17A4_KV,centroid.motifs,185,224572,7,13897975,13897977,224573,5,13897983,13897984,-9223372036854775807
N17A4_KV,centroid.motifs,186,224574,7,13897992,13897994,224575,5,13898000,13898001,-9223372036854775807
N17A4_KV,centroid.motifs,187,224576,7,13898009,13898011,224577,5,13898017,13898018,-9223372036854775807
N17A4_KV,centroid.motifs,188,224578,7,13898026,13898028,224579,5,13898034,13898035,-9223372036854775807
N17A4_KV,centroid.motifs,189,224580,7,13898043,13898045,224581,5,13898051,13898052,-9223372036854775807
N17A4_KV,centroid.motifs,190,224582,7,13898060,13898062,224583,5,13898068,13898069,-9223372036854775807
N17A4_KV,centroid.motifs,191,224584,7,13898077,13898079,224585,5,13898085,13898086,-9223372036854775807
N17A4_KV,centroid.motifs,192,224586,7,13898094,13898096,224587,5,13898102,13898103,-9223372036854775807
N17A4_KV,centroid.motifs,193,224588,7,13898111,13898113,224589,5,13898119,13898120,-9223372036854775807
N17A4_KV,centroid.motifs,194,224590,7,13898128,13898130,224591,5,13898136,13898137,-9223372036854775807
N17A4_KV,centroid.motifs,195,224592,7,13898145,13898147,224593,5,13898153,13898154,-9223372036854775807
N17A4_KV,centroid.motifs,196,224594,7,13898162,13898164,224595,5,13898170,13898171,-9223372036854775807
N17A4_KV,centroid.motifs,197,224596,7,13898179,13898181,224597,5,13898187,13898188,-9223372036854775807
N17A4_KV,centroid.motifs,198,224598,7,13898196,13898198,224599,5,13898204,13898205,-9223372036854775807
N17A4_KV,centroid.motifs,199,224600,7,13898213,13898215,224601,5,13898221,13898222,-9223372036854775807
N17A4_KV,centroid.motifs,200,224602,7,13898230,13898232,224603,5,13898238,13898239,-9223372036854775807
N17A4_KV,centroid.motifs,201,224604,7,13898247,13898249,224605,5,13898255,13898256,-9223372036854775807
N17A4_KV,centroid.motifs,202,224606,7,13898264,13898266,224607,5,13898272,13898273,-9223372036854775807
N17A4_KV,centroid.motifs,203,224608,7,13898281,13898283,224609,5,13898289,13898290,-9223372036854775807
N17A4_KV,centroid.motifs,204,224610,7,13898298,13898300,224611,5,13898306,13898307,-9223372036854775807
N17A4_KV,centroid.motifs,205,224612,7,13898315,13898317,224613,5,13898323,13898324,-9223372036854775807
N17A4_KV,centroid.motifs,206,224614,7,13898332,13898334,224615,5,13898340,13898341,-9223372036854775807
N17A4_KV,centroid.motifs,207,224616,7,13898349,13898351,224617,5,13898357,13898358,-9223372036854775807
N17A4_KV,centroid.motifs,208,224618,7,13898366,13898368,224619,5,13898374,13898375,-9223372036854775807
N17A4_KV,centroid.motifs,209,224620,7,13898383,13898385,224621,5,13898391,13898392,-9223372036854775807
N17A4_KV,centroid.motifs,210,224622,7,13898400,13898402,224623,5,13898408,13898409,-9223372036854775807
N17A4_KV,centroid.motifs,211,224624,7,13898417,13898419,224625,5,13898425,13898426,-9223372036854775807
N17A4_KV,centroid.motifs,212,224626,7,13898434,13898436,224627,5,13898442,13898443,-9223372036854775807
N17A4_KV,centroid.motifs,213,224628,7,13898451,13898453,224629,5,13898459,13898460,-9223372036854775807
N17A4_KV,centroid.motifs,214,224630,7,13898468,13898470,224631,5,13898476,13898477,-9223372036854775807
N17A4_KV,centroid.motifs,215,224632,7,13898485,13898487,224633,5,13898493,13898494,-9223372036854775807
N17A4_KV,centroid.motifs,216,224634,7,13898502,13898504,224635,5,13898510,13898511,-9223372036854775807
N17A4_KV,centroid.motifs,217,224636,7,13898519,13898521,224637,5,13898527,13898528,-9223372036854775807
N17A4_KV,centroid.motifs,218,224638,7,13898536,13898538,224639,5,13898544,13898545,-9223372036854775807
N17A4_KV,centroid.motifs,219,224640,7,13898553,13898555,224641,5,13898561,13898562,-9223372036854775807
N17A4_KV,centroid.motifs,220,224642,7,13898570,13898572,224643,5,13898578,13898579,-9223372036854775807
N17A4_KV,centroid.motifs,221,224644,7,13898587,13898589,224645,5,13898595,13898596,-9223372036854775807
N17A4_KV,centroid.motifs,222,224646,7,13898604,13898606,224647,5,13898612,13898613,-9223372036854775807
N17A4_KV,centroid.motifs,223,224648,7,13898621,13898623,224649,5,13898629,13898630,-9223372036854775807
N17A4_KV,centroid.motifs,224,224650,7,13898638,13898640,224651,5,13898646,13898647,-9223372036854775807
N17A4_KV,centroid.motifs,225,224652,7,13898655,13898657,224653,5,13898663,13898664,-9223372036854775807
N17A4_KV,centroid.motifs,226,224654,7,13898672,13898674,224655,5,13898680,13898681,-9223372036854775807
N17A4_KV,centroid.motifs,227,224656,7,13898689,13898691,224657,5,13898697,13898698,-9223372036854775807
N17A4_KV,centroid.motifs,228,224658,7,13898706,13898708,224659,5,13898714,13898715,-9223372036854775807
N17A4_KV,centroid.motifs,229,224660,7,13898723,13898725,224661,5,13898731,13898732,-9223372036854775807
N17A4_KV,centroid.motifs,230,224662,7,13898740,13898742,224663,5,13898748,13898749,-9223372036854775807
N17A4_KV,centroid.motifs,231,224664,7,13898757,13898759,224665,5,13898765,13898766,-9223372036854775807
N17A4_KV,centroid.motifs,232,224666,7,13898774,13898776,224667,5,13898782,13898783,-9223372036854775807
N17A4_KV,centroid.motifs,233,224668,7,13898791,13898793,224669,5,13898799,13898800,-9223372036854775807
N17A4_KV,centroid.motifs,234,224670,7,13898808,13898810,224671,5,13898816,13898817,-9223372036854775807
N17A4_KV,centroid.motifs,235,224672,7,13898825,13898827,224673,5,13898833,13898834,-9223372036854775807
N17A4_KV,centroid.motifs,236,224674,7,13898842,13898844,224675,5,13898850,13898851,-9223372036854775807
N17A4_KV,centroid.motifs,237,224676,7,13898859,13898861,224677,5,13898867,13898868,-9223372036854775807
N17A4_KV,centroid.motifs,238,224678,7,13898876,13898878,224679,5,13898884,13898885,-9223372036854775807
N17A4_KV,centroid.motifs,239,224680,7,13898893,13898895,224681,5,13898901,13898902,-9223372036854775807
N17A4_KV,centroid.motifs,240,224682,7,13898910,13898912,224683,5,13898918,13898919,-9223372036854775807
N17A4_KV,centroid.motifs,241,224684,7,13898927,13898929,224685,5,13898936,13898937,-9223372036854775807
N17A4_KV,centroid.motifs,242,224686,7,13898945,13898947,224687,5,13898954,13898955,-9223372036854775807
N17A4_KV,centroid.motifs,243,224688,7,13898963,13898965,224689,5,13898972,13898973,-9223372036854775807
N17A4_KV,centroid.motifs,244,224690,7,13898981,13898983,224691,5,13898990,13898991,-9223372036854775807
N17A4_KV,centroid.motifs,245,224692,7,13898999,13899001,224693,5,13899008,13899009,-9223372036854775807
N17A4_KV,centroid.motifs,246,224694,7,13899017,13899019,224695,5,13899026,13899027,-9223372036854775807
N17A4_KV,centroid.motifs,247,224696,7,13899035,13899037,224697,5,13899044,13899045,-9223372036854775807
N17A4_KV,centroid.motifs,248,224698,7,13899053,13899055,224699,5,13899062,13899063,-9223372036854775807
N17A4_KV,centroid.motifs,249,224700,7,13899071,13899073,224701,5,13899080,13899081,-9223372036854775807
N17A4_KV,centroid.motifs,250,224702,7,13899089,13899091,224703,5,13899098,13899099,-9223372036854775807
N17A4_KV,centroid.motifs,251,224704,7,13899107,13899109,224705,5,13899116,13899117,-9223372036854775807
N17A4_KV,centroid.motifs,252,224706,7,13899125,13899127,224707,5,13899134,13899135,-9223372036854775807
N17A4_KV,centroid.motifs,253,224708,7,13899143,13899145,224709,5,13899152,13899153,-9223372036854775807
N17A4_KV,centroid.motifs,254,224710,7,13899161,13899163,224711,5,13899170,13899171,-9223372036854775807
N17A4_KV,centroid.motifs,255,224712,7,13899179,13899181,224713,5,13899188,13899189,-9223372036854775807
N17A4_KV,centroid.motifs,256,224714,7,13899197,13899199,224715,5,13899206,13899207,-9223372036854775807
N17A4_KV,centroid.motifs,257,224716,7,13899215,13899217,224717,5,13899224,13899225,-9223372036854775807
N17A4_KV,centroid.motifs,258,224718,7,13899233,13899235,224719,5,13899242,13899243,-9223372036854775807
N17A4_KV,centroid.motifs,259,224720,7,13899251,13899253,224721,5,13899260,13899261,-9223372036854775807
N17A4_KV,centroid.motifs,260,224722,7,13899269,13899271,224723,5,13899278,13899279,-9223372036854775807
N17A4_KV,centroid.motifs,261,224724,7,13899287,13899289,224725,5,13899296,13899297,-9223372036854775807
N17A4_KV,centroid.motifs,262,224726,7,13899305,13899307,224727,5,13899314,13899315,-9223372036854775807
N17A4_KV,centroid.motifs,263,224728,7,13899323,13899325,224729,5,13899332,13899333,-9223372036854775807
N17A4_KV,centroid.motifs,264,224730,7,13899341,13899343,224731,5,13899350,13899351,-9223372036854775807
N17A4_KV,centroid.motifs,265,224732,7,13899359,13899361,224733,5,13899368,13899369,-9223372036854775807
N17A4_KV,centroid.motifs,266,224734,7,13899377,13899379,224735,5,13899386,13899387,-9223372036854775807
N17A4_KV,centroid.motifs,267,224736,7,13899395,13899397,224737,5,13899404,13899405,-9223372036854775807
N17A4_KV,centroid.motifs,268,224738,7,13899413,13899415,224739,5,13899422,13899423,-9223372036854775807
N17A4_KV,centroid.motifs,269,224740,7,13899431,13899433,224741,5,13899440,13899441,-9223372036854775807
N17A4_KV,centroid.motifs,270,224742,7,13899449,13899451,224743,5,13899458,13899459,-9223372036854775807
N17A4_KV,centroid.motifs,271,224744,7,13899467,13899469,224745,5,13899476,13899477,-9223372036854775807
N17A4_KV,centroid.motifs,272,224746,7,13899485,13899487,224747,5,13899494,13899495,-9223372036854775807
N17A4_KV,centroid.motifs,273,224748,7,13899503,13899505,224749,5,13899512,13899513,-9223372036854775807
N17A4_KV,centroid.motifs,274,224750,7,13899521,13899523,224751,5,13899530,13899531,-9223372036854775807
N17A4_KV,centroid.motifs,275,224752,7,13899539,13899541,224753,5,13899548,13899549,-9223372036854775807
N17A4_KV,centroid.motifs,276,224754,7,13899557,13899559,224755,5,13899566,13899567,-9223372036854775807
N17A4_KV,centroid.motifs,277,224756,7,13899575,13899577,224757,5,13899584,13899585,-9223372036854775807
N17A4_KV,centroid.motifs,278,224758,7,13899593,13899595,224759,5,13899602,13899603,-9223372036854775807
N17A4_KV,centroid.motifs,279,224760,7,13899611,13899613,224761,5,13899620,13899621,-9223372036854775807
N17A4_KV,centroid.motifs,280,224762,7,13899629,13899631,224763,5,13899638,13899639,-9223372036854775807
N17A4_KV,centroid.motifs,281,224764,7,13899647,13899649,224765,5,13899656,13899657,-9223372036854775807
N17A4_KV,centroid.motifs,282,224766,7,13899665,13899667,224767,5,13899674,13899675,-9223372036854775807
N17A4_KV,centroid.motifs,283,224768,7,13899683,13899685,224769,5,13899692,13899693,-9223372036854775807
N17A4_KV,centroid.motifs,284,224770,7,13899701,13899703,224771,5,13899710,13899711,-9223372036854775807
N17A4_KV,centroid.motifs,285,224772,7,13899719,13899721,224773,5,13899728,13899729,-9223372036854775807
N17A4_KV,centroid.motifs,286,224774,7,13899737,13899739,224775,5,13899746,13899747,-9223372036854775807
N17A4_KV,centroid.motifs,287,224776,7,13899755,13899757,224777,5,13899764,13899765,-9223372036854775807
N17A4_KV,centroid.motifs,288,224778,7,13899773,13899775,224779,5,13899782,13899783,-9223372036854775807
N17A4_KV,centroid.motifs,289,224780,7,13899791,13899793,224781,5,13899800,13899801,-9223372036854775807
N17A4_KV,centroid.motifs,290,224782,7,13899809,13899811,224783,5,13899818,13899819,-9223372036854775807
N17A4_KV,centroid.motifs,291,224784,7,13899827,13899829,224785,5,13899836,13899837,-9223372036854775807
N17A4_KV,centroid.motifs,292,224786,7,13899845,13899847,224787,5,13899854,13899855,-9223372036854775807
N17A4_KV,centroid.motifs,293,224788,7,13899863,13899865,224789,5,13899872,13899873,-9223372036854775807
N17A4_KV,centroid.motifs,294,224790,7,13899881,13899883,224791,5,13899890,13899891,-9223372036854775807
N17A4_KV,centroid.motifs,295,224792,7,13899899,13899901,224793,5,13899908,13899909,-9223372036854775807
N17A4_KV,centroid.motifs,296,224794,7,13899917,13899919,224795,5,13899926,13899927,-9223372036854775807
N17A4_KV,centroid.motifs,297,224796,7,13899935,13899937,224797,5,13899944,13899945,-9223372036854775807
N17A4_KV,centroid.motifs,298,224798,7,13899953,13899955,224799,5,13899962,13899963,-9223372036854775807
N17A4_KV,centroid.motifs,299,224800,7,13899971,13899973,224801,5,13899980,13899981,-9223372036854775807
N17A4_KV,centroid.motifs,300,224802,7,13899989,13899991,224803,5,13899998,13899999,-9223372036854775807
N17A4_KV,centroid.motifs,301,224804,7,13900007,13900009,224805,5,13900016,13900017,-9223372036854775807
N17A4_KV,centroid.motifs,302,224806,7,13900025,13900027,224807,5,13900034,13900035,-9223372036854775807
N17A4_KV,centroid.motifs,303,224808,7,13900043,13900045,224809,5,13900052,13900053,-9223372036854775807
N17A4_KV,centroid.motifs,304,224810,7,13900061,13900063,224811,5,13900070,13900071,-9223372036854775807
N17A4_KV,centroid.motifs,305,224812,7,13900079,13900081,224813,5,13900088,13900089,-9223372036854775807
N17A4_KV,centroid.motifs,306,224814,7,13900097,13900099,224815,5,13900106,13900107,-9223372036854775807
N17A4_KV,centroid.motifs,307,224816,7,13900115,13900117,224817,5,13900120,13900121,-9223372036854775807
N17A4_KV,centroid.motifs,308,224818,7,13900129,13900131,224819,5,13900134,13900135,-9223372036854775807
N17A4_KV,centroid.motifs,309,224820,7,13900143,13900145,224821,5,13900148,13900149,-9223372036854775807
N17A4_KV,centroid.motifs,310,224822,7,13900157,13900159,224823,5,13900162,13900163,-9223372036854775807
N17A4_KV,centroid.motifs,311,224824,7,13900171,13900173,224825,5,13900176,13900177,-9223372036854775807
N17A4_KV,centroid.motifs,312,224826,7,13900185,13900187,224827,5,13900190,13900191,-9223372036854775807
N17A4_KV,centroid.motifs,313,224828,7,13900199,13900201,224829,5,13900204,13900205,-9223372036854775807
N17A4_KV,centroid.motifs,314,224830,7,13900213,13900215,224831,5,13900218,13900219,-9223372036854775807
N17A4_KV,centroid.motifs,315,224832,7,13900227,13900229,224833,5,13900232,13900233,-9223372036854775807
N17A4_KV,centroid.motifs,316,224834,7,13900241,13900243,224835,5,13900246,13900247,-9223372036854775807
N17A4_KV,centroid.motifs,317,224836,7,13900255,13900257,224837,5,13900260,13900261,-9223372036854775807
N17A4_KV,centroid.motifs,318,224838,7,13900269,13900271,224839,5,13900274,13900275,-9223372036854775807
N17A4_KV,centroid.motifs,319,224840,7,13900283,13900285,224841,5,13900288,13900289,-9223372036854775807
N17A4_KV,centroid.motifs,320,224842,7,13900297,13900299,224843,5,13900302,13900303,-9223372036854775807
N17A4_KV,centroid.motifs,321,224844,7,13900311,13900313,224845,5,13900316,13900317,-9223372036854775807
N17A4_KV,centroid.motifs,322,224846,7,13900325,13900327,224847,5,13900330,13900331,-9223372036854775807
N17A4_KV,centroid.motifs,323,224848,7,13900339,13900341,224849,5,13900344,13900345,-9223372036854775807
N17A4_KV,centroid.motifs,324,224850,7,13900353,13900355,224851,5,13900358,13900359,-9223372036854775807
N17A4_KV,centroid.motifs,325,224852,7,13900367,13900369,224853,5,13900372,13900373,-9223372036854775807
N17A4_KV,centroid.motifs,326,224854,7,13900381,13900383,224855,5,13900386,13900387,-9223372036854775807
N17A4_KV,centroid.motifs,327,224856,7,13900395,13900397,224857,5,13900400,13900401,-9223372036854775807
N17A4_KV,centroid.motifs,328,224858,7,13900409,13900411,224859,5,13900414,13900415,-9223372036854775807
N17A4_KV,centroid.motifs,329,224860,7,13900423,13900425,224861,5,13900428,13900429,-9223372036854775807
N17A4_KV,centroid.motifs,330,224862,7,13900437,13900439,224863,5,13900442,13900443,-9223372036854775807
N17A4_KV,centroid.motifs,331,224864,7,13900451,13900453,224865,5,13900456,13900457,-9223372036854775807
N17A4_KV,centroid.motifs,332,224866,7,13900465,13900467,224867,5,13900470,13900471,-9223372036854775807
N17A4_KV,centroid.motifs,333,224868,7,13900479,13900481,224869,5,13900484,13900485,-9223372036854775807
N17A4_KV,centroid.motifs,334,224870,7,13900493,13900495,224871,5,13900498,13900499,-9223372036854775807
N17A4_KV,centroid.motifs,335,224872,7,13900507,13900509,224873,5,13900512,13900513,-9223372036854775807
N17A4_KV,centroid.motifs,336,224874,7,13900521,13900523,224875,5,13900526,13900527,-9223372036854775807
N17A4_KV,centroid.motifs,337,224876,7,13900535,13900537,224877,5,13900541,13900542,-9223372036854775807
N17A4_KV,centroid.motifs,338,224878,7,13900550,13900552,224879,5,13900556,13900557,-9223372036854775807
N17A4_KV,centroid.motifs,339,224880,7,13900565,13900567,224881,5,13900571,13900572,-9223372036854775807
N17A4_KV,centroid.motifs,340,224882,7,13900580,13900582,224883,5,13900586,13900587,-9223372036854775807
N17A4_KV,centroid.motifs,341,224884,7,13900595,13900597,224885,5,13900601,13900602,-9223372036854775807
N17A4_KV,centroid.motifs,342,224886,7,13900610,13900612,224887,5,13900616,13900617,-9223372036854775807
N17A4_KV,centroid.motifs,343,224888,7,13900625,13900627,224889,5,13900631,13900632,-9223372036854775807
N17A4_KV,centroid.motifs,344,224890,7,13900640,13900642,224891,5,13900646,13900647,-9223372036854775807
N17A4_KV,centroid.motifs,345,224892,7,13900655,13900657,224893,5,13900661,13900662,-9223372036854775807
N17A4_KV,centroid.motifs,346,224894,7,13900670,13900672,224895,5,13900676,13900677,-9223372036854775807
N17A4_KV,centroid.motifs,347,224896,7,13900685,13900687,224897,5,13900691,13900692,-9223372036854775807
N17A4_KV,centroid.motifs,348,224898,7,13900700,13900702,224899,5,13900706,13900707,-9223372036854775807
N17A4_KV,centroid.motifs,349,224900,7,13900715,13900717,224901,5,13900721,13900722,-9223372036854775807
N17A4_KV,centroid.motifs,350,224902,7,13900730,13900732,224903,5,13900736,13900737,-9223372036854775807
N17A4_KV,centroid.motifs,351,224904,7,13900745,13900747,224905,5,13900751,13900752,-9223372036854775807
N17A4_KV,centroid.motifs,352,224906,7,13900760,13900762,224907,5,13900766,13900767,-9223372036854775807
N17A4_KV,centroid.motifs,353,224908,7,13900775,13900777,224909,5,13900781,13900782,-9223372036854775807
N17A4_KV,centroid.motifs,354,224910,7,13900790,13900792,224911,5,13900796,13900797,-9223372036854775807
N17A4_KV,centroid.motifs,355,224912,7,13900805,13900807,224913,5,13900811,13900812,-9223372036854775807
N17A4_KV,centroid.motifs,356,224914,7,13900820,13900822,224915,5,13900826,13900827,-9223372036854775807
N17A4_KV,centroid.motifs,357,224916,7,13900835,13900837,224917,5,13900841,13900842,-9223372036854775807
N17A4_KV,centroid.motifs,358,224918,7,13900850,13900852,224919,5,13900856,13900857,-9223372036854775807
N17A4_KV,centroid.motifs,359,224920,7,13900865,13900867,224921,5,13900871,13900872,-9223372036854775807
N17A4_KV,centroid.motifs,360,224922,7,13900880,13900882,224923,5,13900886,13900887,-9223372036854775807
N17A4_KV,centroid.motifs,361,224924,7,13900895,13900897,224925,5,13900901,13900902,-9223372036854775807
N17A4_KV,centroid.motifs,362,224926,7,13900910,13900912,224927,5,13900916,13900917,-9223372036854775807
N17A4_KV,centroid.motifs,363,224928,7,13900925,13900927,224929,5,13900931,13900932,-9223372036854775807
N17A4_KV,centroid.motifs,364,224930,7,13900940,13900942,224931,5,13900946,13900947,-9223372036854775807
N17A4_KV,centroid.motifs,365,224932,7,13900955,13900957,224933,5,13900961,13900962,-9223372036854775807
N17A4_KV,centroid.motifs,366,224934,7,13900970,13900972,224935,5,13900976,13900977,-9223372036854775807
N17A4_KV,centroid.motifs,367,224936,7,13900985,13900987,224937,5,13900991,13900992,-9223372036854775807
N17A4_KV,centroid.motifs,368,224938,7,13901000,13901002,224939,5,13901006,13901007,-9223372036854775807
N17A4_KV,centroid.motifs,369,224940,7,13901015,13901017,224941,5,13901021,13901022,-9223372036854775807
N17A4_KV,centroid.motifs,370,224942,7,13901030,13901032,224943,5,13901036,13901037,-9223372036854775807
N17A4_KV,centroid.motifs,371,224944,7,13901045,13901047,224945,5,13901051,13901052,-9223372036854775807
N17A4_KV,centroid.motifs,372,224946,7,13901060,13901062,224947,5,13901066,13901067,-9223372036854775807
N17A4_KV,centroid.motifs,373,224948,7,13901075,13901077,224949,5,13901081,13901082,-9223372036854775807
N17A4_KV,centroid.motifs,374,224950,7,13901090,13901092,224951,5,13901096,13901097,-9223372036854775807
N17A4_KV,centroid.motifs,375,224952,7,13901105,13901107,224953,5,13901111,13901112,-9223372036854775807
N17A4_KV,centroid.motifs,376,224954,7,13901120,13901122,224955,5,13901126,13901127,-9223372036854775807
N17A4_KV,centroid.motifs,377,224956,7,13901135,13901137,224957,5,13901141,13901142,-9223372036854775807
N17A4_KV,centroid.motifs,378,224958,7,13901150,13901152,224959,5,13901156,13901157,-9223372036854775807
N17A4_KV,centroid.motifs,379,224960,7,13901165,13901167,224961,5,13901171,13901172,-9223372036854775807
N17A4_KV,centroid.motifs,380,224962,7,13901180,13901182,224963,5,13901186,13901187,-9223372036854775807
N17A4_KV,centroid.motifs,381,224964,7,13901195,13901197,224965,5,13901201,13901202,-9223372036854775807
N17A4_KV,centroid.motifs,382,224966,7,13901210,13901212,224967,5,13901216,13901217,-9223372036854775807
N17A4_KV,centroid.motifs,383,224968,7,13901225,13901227,224969,5,13901231,13901232,-9223372036854775807
N17A4_KV,centroid.motifs,384,224970,7,13901240,13901242,224971,5,13901246,13901247,-9223372036854775807
N17A4_KV,centroid.motifs,385,224972,7,13901255,13901257,224973,5,13901261,13901262,-9223372036854775807
N17A4_KV,centroid.motifs,386,224974,7,13901270,13901272,224975,5,13901276,13901277,-9223372036854775807
N17A4_KV,centroid.motifs,387,224976,7,13901285,13901287,224977,5,13901291,13901292,-9223372036854775807
N17A4_KV,centroid.motifs,388,224978,7,13901300,13901302,224979,5,13901306,13901307,-9223372036854775807
N17A4_KV,centroid.motifs,389,224980,7,13901315,13901317,224981,5,13901321,13901322,-9223372036854775807
N17A4_KV,centroid.motifs,390,224982,7,13901330,13901332,224983,5,13901337,13901338,-9223372036854775807
N17A4_KV,centroid.motifs,391,224984,7,13901346,13901348,224985,5,13901353,13901354,-9223372036854775807
N17A4_KV,centroid.motifs,392,224986,7,13901362,13901364,224987,5,13901369,13901370,-9223372036854775807
N17A4_KV,centroid.motifs,393,224988,7,13901378,13901380,224989,5,13901385,13901386,-9223372036854775807
N17A4_KV,centroid.motifs,394,224990,7,13901394,13901396,224991,5,13901401,13901402,-9223372036854775807
N17A4_KV,centroid.motifs,395,224992,7,13901410,13901412,224993,5,13901417,13901418,-9223372036854775807
N17A4_KV,centroid.motifs,396,224994,7,13901426,13901428,224995,5,13901433,13901434,-9223372036854775807
N17A4_KV,centroid.motifs,397,224996,7,13901442,13901444,224997,5,13901449,13901450,-9223372036854775807
N17A4_KV,centroid.motifs,398,224998,7,13901458,13901460,224999,5,13901465,13901466,-9223372036854775807
N17A4_KV,centroid.motifs,399,225000,7,13901474,13901476,225001,5,13901481,13901482,-9223372036854775807
N17A4_KV,centroid.motifs,400,225002,7,13901490,13901492,225003,5,13901497,13901498,-9223372036854775807
N17A4_KV,centroid.motifs,401,225004,7,13901506,13901508,225005,5,13901513,13901514,-9223372036854775807
N17A4_KV,centroid.motifs,402,225006,7,13901522,13901524,225007,5,13901529,13901530,-9223372036854775807
N17A4_KV,centroid.motifs,403,225008,7,13901538,13901540,225009,5,13901545,13901546,-9223372036854775807
N17A4_KV,centroid.motifs,404,225010,7,13901554,13901556,225011,5,13901561,13901562,-9223372036854775807
N17A4_KV,centroid.motifs,405,225012,7,13901570,13901572,225013,5,13901577,13901578,-9223372036854775807
N17A4_KV,centroid.motifs,406,225014,7,13901586,13901588,225015,5,13901593,13901594,-9223372036854775807
N17A4_KV,centroid.motifs,407,225016,7,13901602,13901604,225017,5,13901609,13901610,-9223372036854775807
N17A4_KV,centroid.motifs,408,225018,7,13901618,13901620,225019,5,13901625,13901626,-9223372036854775807
N17A4_KV,centroid.motifs,409,225020,7,13901634,13901636,225021,5,13901641,13901642,-9223372036854775807
N17A4_KV,centroid.motifs,410,225022,7,13901650,13901652,225023,5,13901657,13901658,-9223372036854775807
N17A4_KV,centroid.motifs,411,225024,7,13901666,13901668,225025,5,13901673,13901674,-9223372036854775807
N17A4_KV,centroid.motifs,412,225026,7,13901682,13901684,225027,5,13901689,13901690,-9223372036854775807
N17A4_KV,centroid.motifs,413,225028,7,13901698,13901700,225029,5,13901705,13901706,-9223372036854775807
N17A4_KV,centroid.motifs,414,225030,7,13901714,13901716,225031,5,13901721,13901722,-9223372036854775807
N17A4_KV,centroid.motifs,415,225032,7,13901730,13901732,225033,5,13901737,13901738,-9223372036854775807
N17A4_KV,centroid.motifs,416,225034,7,13901746,13901748,225035,5,13901753,13901754,-9223372036854775807
N17A4_KV,centroid.motifs,417,225036,7,13901762,13901764,225037,5,13901769,13901770,-9223372036854775807
N17A4_KV,centroid.motifs,418,225038,7,13901778,13901780,225039,5,13901785,13901786,-9223372036854775807
N17A4_KV,centroid.motifs,419,225040,7,13901794,13901796,225041,5,13901801,13901802,-9223372036854775807
N17A4_KV,centroid.motifs,420,225042,7,13901810,13901812,225043,5,13901817,13901818,-9223372036854775807
N17A4_KV,centroid.motifs,421,225044,7,13901826,13901828,225045,5,13901833,13901834,-9223372036854775807
N17A4_KV,centroid.motifs,422,225046,7,13901842,13901844,225047,5,13901849,13901850,-9223372036854775807
N17A4_KV,centroid.motifs,423,225048,7,13901858,13901860,225049,5,13901865,13901866,-9223372036854775807
N17A4_KV,centroid.motifs,424,225050,7,13901874,13901876,225051,5,13901881,13901882,-9223372036854775807
N17A4_KV,centroid.motifs,425,225052,7,13901890,13901892,225053,5,13901897,13901898,-9223372036854775807
N17A4_KV,centroid.motifs,426,225054,7,13901906,13901908,225055,5,13901913,13901914,-9223372036854775807
N17A4_KV,centroid.motifs,427,225056,7,13901922,13901924,225057,5,13901929,13901930,-9223372036854775807
N17A4_KV,centroid.motifs,428,225058,7,13901938,13901940,225059,5,13901945,13901946,-9223372036854775807
N17A4_KV,centroid.motifs,429,225060,7,13901954,13901956,225061,5,13901961,13901962,-9223372036854775807
N17A4_KV,centroid.motifs,430,225062,7,13901970,13901972,225063,5,13901977,13901978,-9223372036854775807
N17A4_KV,centroid.motifs,431,225064,7,13901986,13901988,225065,5,13901993,13901994,-9223372036854775807
N17A4_KV,centroid.motifs,432,225066,7,13902002,13902004,225067,5,13902009,13902010,-9223372036854775807
N17A4_KV,centroid.motifs,433,225068,7,13902018,13902020,225069,5,13902025,13902026,-9223372036854775807
N17A4_KV,centroid.motifs,434,225070,7,13902034,13902036,225071,5,13902041,13902042,-9223372036854775807
N17A4_KV,centroid.motifs,435,225072,7,13902050,13902052,225073,5,13902057,13902058,-9223372036854775807
N17A4_KV,centroid.motifs,436,225074,7,13902066,13902068,225075,5,13902073,13902074,-9223372036854775807
N17A4_KV,centroid.motifs,437,225076,7,13902082,13902084,225077,5,13902089,13902090,-9223372036854775807
N17A4_KV,centroid.motifs,438,225078,7,13902098,13902100,225079,5,13902105,13902106,-9223372036854775807
N17A4_KV,centroid.motifs,439,225080,7,13902114,13902116,225081,5,13902121,13902122,-9223372036854775807
N17A4_KV,centroid.motifs,440,225082,7,13902130,13902132,225083,5,13902137,13902138,-9223372036854775807
N17A4_KV,centroid.motifs,441,225084,7,13902146,13902148,225085,5,13902153,13902154,-9223372036854775807
N17A4_KV,centroid.motifs,442,225086,7,13902162,13902164,225087,5,13902169,13902170,-9223372036854775807
N17A4_KV,centroid.motifs,443,225088,7,13902178,13902180,225089,5,13902185,13902186,-9223372036854775807
N17A4_KV,centroid.motifs,444,225090,7,13902194,13902196,225091,5,13902201,13902202,-9223372036854775807
N17A4_KV,centroid.motifs,445,225092,7,13902210,13902212,225093,5,13902217,13902218,-9223372036854775807
N17A4_KV,centroid.motifs,446,225094,7,13902226,13902228,225095,5,13902233,13902234,-9223372036854775807
N17A4_KV,centroid.motifs,447,225096,7,13902242,13902244,225097,5,13902249,13902250,-9223372036854775807
N17A4_KV,centroid.motifs,448,225098,7,13902258,13902260,225099,5,13902265,13902266,-9223372036854775807
N17A4_KV,centroid.motifs,449,225100,7,13902274,13902276,225101,5,13902281,13902282,-9223372036854775807
N17A4_KV,centroid.motifs,450,225102,7,13902290,13902292,225103,5,13902297,13902298,-9223372036854775807
N17A4_KV,centroid.motifs,451,225104,7,13902306,13902308,225105,5,13902313,13902314,-9223372036854775807
N17A4_KV,centroid.motifs,452,225106,7,13902322,13902324,225107,5,13902330,13902331,-9223372036854775807
N17A4_KV,centroid.motifs,453,225108,7,13902339,13902341,225109,5,13902347,13902348,-9223372036854775807
N17A4_KV,centroid.motifs,454,225110,7,13902356,13902358,225111,5,13902364,13902365,-9223372036854775807
N17A4_KV,centroid.motifs,455,225112,7,13902373,13902375,225113,5,13902381,13902382,-9223372036854775807
N17A4_KV,centroid.motifs,456,225114,7,13902390,13902392,225115,5,13902398,13902399,-9223372036854775807
N17A4_KV,centroid.motifs,457,225116,7,13902407,13902409,225117,5,13902415,13902416,-9223372036854775807
N17A4_KV,centroid.motifs,458,225118,7,13902424,13902426,225119,5,13902432,13902433,-9223372036854775807
N17A4_KV,centroid.motifs,459,225120,7,13902441,13902443,225121,5,13902449,13902450,-9223372036854775807
N17A4_KV,centroid.motifs,460,225122,7,13902458,13902460,225123,5,13902466,13902467,-9223372036854775807
N17A4_KV,centroid.motifs,461,225124,7,13902475,13902477,225125,5,13902483,13902484,-9223372036854775807
N17A4_KV,centroid.motifs,462,225126,7,13902492,13902494,225127,5,13902500,13902501,-9223372036854775807
N17A4_KV,centroid.motifs,463,225128,7,13902509,13902511,225129,5,13902517,13902518,-9223372036854775807
N17A4_KV,centroid.motifs,464,225130,7,13902526,13902528,225131,5,13902534,13902535,-9223372036854775807
N17A4_KV,centroid.motifs,465,225132,7,13902543,13902545,225133,5,13902551,13902552,-9223372036854775807
N17A4_KV,centroid.motifs,466,225134,7,13902560,13902562,225135,5,13902568,13902569,-9223372036854775807
N17A4_KV,centroid.motifs,467,225136,7,13902577,13902579,225137,5,13902585,13902586,-9223372036854775807
N17A4_KV,centroid.motifs,468,225138,7,13902594,13902596,225139,5,13902602,13902603,-9223372036854775807
N17A4_KV,centroid.motifs,469,225140,7,13902611,13902613,225141,5,13902619,13902620,-9223372036854775807
N17A4_KV,centroid.motifs,470,225142,7,13902628,13902630,225143,5,13902636,13902637,-9223372036854775807
N17A4_KV,centroid.motifs,471,225144,7,13902645,13902647,225145,5,13902653,13902654,-9223372036854775807
N17A4_KV,centroid.motifs,472,225146,7,13902662,13902664,225147,5,13902670,13902671,-9223372036854775807
N17A4_KV,centroid.motifs,473,225148,7,13902679,13902681,225149,5,13902687,13902688,-9223372036854775807
N17A4_KV,centroid.motifs,474,225150,7,13902696,13902698,225151,5,13902704,13902705,-9223372036854775807
N17A4_KV,centroid.motifs,475,225152,7,13902713,13902715,225153,5,13902721,13902722,-9223372036854775807
N17A4_KV,centroid.motifs,476,225154,7,13902730,13902732,225155,5,13902738,13902739,-9223372036854775807
N17A4_KV,centroid.motifs,477,225156,7,13902747,13902749,225157,5,13902755,13902756,-9223372036854775807
N17A4_KV,centroid.motifs,478,225158,7,13902764,13902766,225159,5,13902772,13902773,-9223372036854775807
N17A4_KV,centroid.motifs,479,225160,7,13902781,13902783,225161,5,13902789,13902790,-9223372036854775807
N17A4_KV,centroid.motifs,480,225162,7,13902798,13902800,225163,5,13902806,13902807,-9223372036854775807
N17A4_KV,centroid.motifs,481,225164,7,13902815,13902817,225165,5,13902823,13902824,-9223372036854775807
N17A4_KV,centroid.motifs,482,225166,7,13902832,13902834,225167,5,13902840,13902841,-9223372036854775807
N17A4_KV,centroid.motifs,483,225168,7,13902849,13902851,225169,5,13902857,13902858,-9223372036854775807
N17A4_KV,centroid.motifs,484,225170,7,13902866,13902868,225171,5,13902874,13902875,-9223372036854775807
N17A4_KV,centroid.motifs,485,225172,7,13902883,13902885,225173,5,13902891,13902892,-9223372036854775807
N17A4_KV,centroid.motifs,486,225174,7,13902900,13902902,225175,5,13902908,13902909,-9223372036854775807
N17A4_KV,centroid.motifs,487,225176,7,13902917,13902919,225177,5,13902925,13902926,-9223372036854775807
N17A4_KV,centroid.motifs,488,225178,7,13902934,13902936,225179,5,13902942,13902943,-9223372036854775807
N17A4_KV,centroid.motifs,489,225180,7,13902951,13902953,225181,5,13902959,13902960,-9223372036854775807
N17A4_KV,centroid.motifs,490,225182,7,13902968,13902970,225183,5,13902976,13902977,-9223372036854775807
N17A4_KV,centroid.motifs,491,225184,7,13902985,13902987,225185,5,13902993,13902994,-9223372036854775807
N17A4_KV,centroid.motifs,492,225186,7,13903002,13903004,225187,5,13903010,13903011,-9223372036854775807
N17A4_KV,centroid.motifs,493,225188,7,13903019,13903021,225189,5,13903027,13903028,-9223372036854775807
N17A4_KV,centroid.motifs,494,225190,7,13903036,13903038,225191,5,13903044,13903045,-9223372036854775807
N17A4_KV,centroid.motifs,495,225192,7,13903053,13903055,225193,5,13903061,13903062,-9223372036854775807
N17A4_KV,centroid.motifs,496,225194,7,13903070,13903072,225195,5,13903078,13903079,-9223372036854775807
N17A4_KV,centroid.motifs,497,225196,7,13903087,13903089,225197,5,13903095,13903096,-9223372036854775807
N17A4_KV,centroid.motifs,498,225198,7,13903104,13903106,225199,5,13903112,13903113,-9223372036854775807
N17A4_KV,centroid.motifs,499,225200,7,13903121,13903123,225201,5,13903129,13903130,-9223372036854775807
N17A4_KV,centroid.motifs,500,225202,7,13903138,13903140,225203,5,13903146,13903147,-9223372036854775807
N17A4_KV,centroid.motifs,501,225204,7,13903155,13903157,225205,5,13903163,13903164,-9223372036854775807
N17A4_KV,centroid.motifs,502,225206,7,13903172,13903174,225207,5,13903180,13903181,-9223372036854775807
N17A4_KV,centroid.motifs,503,225208,7,13903189,13903191,225209,5,13903197,13903198,-9223372036854775807
N17A4_KV,centroid.motifs,504,225210,7,13903206,13903208,225211,5,13903214,13903215,-9223372036854775807
N17A4_KV,centroid.motifs,505,225212,7,13903223,13903225,225213,5,13903231,13903232,-9223372036854775807
N17A4_KV,centroid.motifs,506,225214,7,13903240,13903242,225215,5,13903248,13903249,-9223372036854775807
N17A4_KV,centroid.motifs,507,225216,7,13903257,13903259,225217,5,13903265,13903266,-9223372036854775807
N17A4_KV,centroid.motifs,508,225218,7,13903274,13903276,225219,5,13903282,13903283,-9223372036854775807
N17A4_KV,centroid.motifs,509,225220,7,13903291,13903293,225221,5,13903299,13903300,-9223372036854775807
N17A4_KV,centroid.motifs,510,225222,7,13903308,13903310,225223,5,13903316,13903317,-9223372036854775807
N17A4_KV,centroid.motifs,511,225224,7,13903325,13903327,225225,5,13903333,13903334,-9223372036854775807
N17A4_DICT,centroid.motifs,227725,227725,11,2184
N17A4_KV,centroid.motifs,0,227726,7,13924105,13924107,227727,5,13924110,13924111,-9223372036854775807
N17A4_KV,centroid.motifs,1,227728,7,13924119,13924121,227729,5,13924124,13924125,-9223372036854775807
N17A4_KV,centroid.motifs,2,227730,7,13924133,13924135,227731,5,13924138,13924139,-9223372036854775807
N17A4_KV,centroid.motifs,3,227732,7,13924147,13924149,227733,5,13924152,13924153,-9223372036854775807
N17A4_KV,centroid.motifs,4,227734,7,13924161,13924163,227735,5,13924166,13924167,-9223372036854775807
N17A4_KV,centroid.motifs,5,227736,7,13924175,13924177,227737,5,13924180,13924181,-9223372036854775807
N17A4_KV,centroid.motifs,6,227738,7,13924189,13924191,227739,5,13924194,13924195,-9223372036854775807
N17A4_KV,centroid.motifs,7,227740,7,13924203,13924205,227741,5,13924208,13924209,-9223372036854775807
N17A4_KV,centroid.motifs,8,227742,7,13924217,13924219,227743,5,13924222,13924223,-9223372036854775807
N17A4_KV,centroid.motifs,9,227744,7,13924231,13924233,227745,5,13924236,13924237,-9223372036854775807
N17A4_KV,centroid.motifs,10,227746,7,13924245,13924247,227747,5,13924250,13924251,-9223372036854775807
N17A4_KV,centroid.motifs,11,227748,7,13924259,13924261,227749,5,13924264,13924265,-9223372036854775807
N17A4_KV,centroid.motifs,12,227750,7,13924273,13924275,227751,5,13924278,13924279,-9223372036854775807
N17A4_KV,centroid.motifs,13,227752,7,13924287,13924289,227753,5,13924292,13924293,-9223372036854775807
N17A4_KV,centroid.motifs,14,227754,7,13924301,13924303,227755,5,13924306,13924307,-9223372036854775807
N17A4_KV,centroid.motifs,15,227756,7,13924315,13924317,227757,5,13924320,13924321,-9223372036854775807
N17A4_KV,centroid.motifs,16,227758,7,13924329,13924331,227759,5,13924334,13924335,-9223372036854775807
N17A4_KV,centroid.motifs,17,227760,7,13924343,13924345,227761,5,13924348,13924349,-9223372036854775807
N17A4_KV,centroid.motifs,18,227762,7,13924357,13924359,227763,5,13924362,13924363,-9223372036854775807
N17A4_KV,centroid.motifs,19,227764,7,13924371,13924373,227765,5,13924376,13924377,-9223372036854775807
N17A4_KV,centroid.motifs,20,227766,7,13924385,13924387,227767,5,13924390,13924391,-9223372036854775807
N17A4_KV,centroid.motifs,21,227768,7,13924399,13924401,227769,5,13924404,13924405,-9223372036854775807
N17A4_KV,centroid.motifs,22,227770,7,13924413,13924415,227771,5,13924418,13924419,-9223372036854775807
N17A4_KV,centroid.motifs,23,227772,7,13924427,13924429,227773,5,13924432,13924433,-9223372036854775807
N17A4_KV,centroid.motifs,24,227774,7,13924441,13924443,227775,5,13924446,13924447,-9223372036854775807
N17A4_KV,centroid.motifs,25,227776,7,13924455,13924457,227777,5,13924460,13924461,-9223372036854775807
N17A4_KV,centroid.motifs,26,227778,7,13924469,13924471,227779,5,13924474,13924475,-9223372036854775807
N17A4_KV,centroid.motifs,27,227780,7,13924483,13924485,227781,5,13924488,13924489,-9223372036854775807
N17A4_KV,centroid.motifs,28,227782,7,13924497,13924499,227783,5,13924502,13924503,-9223372036854775807
N17A4_KV,centroid.motifs,29,227784,7,13924511,13924513,227785,5,13924516,13924517,-9223372036854775807
N17A4_KV,centroid.motifs,30,227786,7,13924525,13924527,227787,5,13924530,13924531,-9223372036854775807
N17A4_KV,centroid.motifs,31,227788,7,13924539,13924541,227789,5,13924544,13924545,-9223372036854775807
N17A4_KV,centroid.motifs,32,227790,7,13924553,13924555,227791,5,13924558,13924559,-9223372036854775807
N17A4_KV,centroid.motifs,33,227792,7,13924567,13924569,227793,5,13924572,13924573,-9223372036854775807
N17A4_KV,centroid.motifs,34,227794,7,13924581,13924583,227795,5,13924586,13924587,-9223372036854775807
N17A4_KV,centroid.motifs,35,227796,7,13924595,13924597,227797,5,13924600,13924601,-9223372036854775807
N17A4_KV,centroid.motifs,36,227798,7,13924609,13924611,227799,5,13924614,13924615,-9223372036854775807
N17A4_KV,centroid.motifs,37,227800,7,13924623,13924625,227801,5,13924628,13924629,-9223372036854775807
N17A4_KV,centroid.motifs,38,227802,7,13924637,13924639,227803,5,13924642,13924643,-9223372036854775807
N17A4_KV,centroid.motifs,39,227804,7,13924651,13924653,227805,5,13924656,13924657,-9223372036854775807
N17A4_KV,centroid.motifs,40,227806,7,13924665,13924667,227807,5,13924670,13924671,-9223372036854775807
N17A4_KV,centroid.motifs,41,227808,7,13924679,13924681,227809,5,13924684,13924685,-9223372036854775807
N17A4_KV,centroid.motifs,42,227810,7,13924693,13924695,227811,5,13924698,13924699,-9223372036854775807
N17A4_KV,centroid.motifs,43,227812,7,13924707,13924709,227813,5,13924712,13924713,-9223372036854775807
N17A4_KV,centroid.motifs,44,227814,7,13924721,13924723,227815,5,13924726,13924727,-9223372036854775807
N17A4_KV,centroid.motifs,45,227816,7,13924735,13924737,227817,5,13924740,13924741,-9223372036854775807
N17A4_KV,centroid.motifs,46,227818,7,13924749,13924751,227819,5,13924754,13924755,-9223372036854775807
N17A4_KV,centroid.motifs,47,227820,7,13924763,13924765,227821,5,13924768,13924769,-9223372036854775807
N17A4_KV,centroid.motifs,48,227822,7,13924777,13924779,227823,5,13924782,13924783,-9223372036854775807
N17A4_KV,centroid.motifs,49,227824,7,13924791,13924793,227825,5,13924796,13924797,-9223372036854775807
N17A4_KV,centroid.motifs,50,227826,7,13924805,13924807,227827,5,13924810,13924811,-9223372036854775807
N17A4_KV,centroid.motifs,51,227828,7,13924819,13924821,227829,5,13924825,13924826,-9223372036854775807
N17A4_KV,centroid.motifs,52,227830,7,13924834,13924836,227831,5,13924840,13924841,-9223372036854775807
N17A4_KV,centroid.motifs,53,227832,7,13924849,13924851,227833,5,13924855,13924856,-9223372036854775807
N17A4_KV,centroid.motifs,54,227834,7,13924864,13924866,227835,5,13924870,13924871,-9223372036854775807
N17A4_KV,centroid.motifs,55,227836,7,13924879,13924881,227837,5,13924885,13924886,-9223372036854775807
N17A4_KV,centroid.motifs,56,227838,7,13924894,13924896,227839,5,13924900,13924901,-9223372036854775807
N17A4_KV,centroid.motifs,57,227840,7,13924909,13924911,227841,5,13924915,13924916,-9223372036854775807
N17A4_KV,centroid.motifs,58,227842,7,13924924,13924926,227843,5,13924930,13924931,-9223372036854775807
N17A4_KV,centroid.motifs,59,227844,7,13924939,13924941,227845,5,13924945,13924946,-9223372036854775807
N17A4_KV,centroid.motifs,60,227846,7,13924954,13924956,227847,5,13924960,13924961,-9223372036854775807
N17A4_KV,centroid.motifs,61,227848,7,13924969,13924971,227849,5,13924975,13924976,-9223372036854775807
N17A4_KV,centroid.motifs,62,227850,7,13924984,13924986,227851,5,13924990,13924991,-9223372036854775807
N17A4_KV,centroid.motifs,63,227852,7,13924999,13925001,227853,5,13925005,13925006,-9223372036854775807
N17A4_KV,centroid.motifs,64,227854,7,13925014,13925016,227855,5,13925020,13925021,-9223372036854775807
N17A4_KV,centroid.motifs,65,227856,7,13925029,13925031,227857,5,13925035,13925036,-9223372036854775807
N17A4_KV,centroid.motifs,66,227858,7,13925044,13925046,227859,5,13925050,13925051,-9223372036854775807
N17A4_KV,centroid.motifs,67,227860,7,13925059,13925061,227861,5,13925065,13925066,-9223372036854775807
N17A4_KV,centroid.motifs,68,227862,7,13925074,13925076,227863,5,13925080,13925081,-9223372036854775807
N17A4_KV,centroid.motifs,69,227864,7,13925089,13925091,227865,5,13925095,13925096,-9223372036854775807
N17A4_KV,centroid.motifs,70,227866,7,13925104,13925106,227867,5,13925110,13925111,-9223372036854775807
N17A4_KV,centroid.motifs,71,227868,7,13925119,13925121,227869,5,13925125,13925126,-9223372036854775807
N17A4_KV,centroid.motifs,72,227870,7,13925134,13925136,227871,5,13925140,13925141,-9223372036854775807
N17A4_KV,centroid.motifs,73,227872,7,13925149,13925151,227873,5,13925155,13925156,-9223372036854775807
N17A4_KV,centroid.motifs,74,227874,7,13925164,13925166,227875,5,13925170,13925171,-9223372036854775807
N17A4_KV,centroid.motifs,75,227876,7,13925179,13925181,227877,5,13925185,13925186,-9223372036854775807
N17A4_KV,centroid.motifs,76,227878,7,13925194,13925196,227879,5,13925200,13925201,-9223372036854775807
N17A4_KV,centroid.motifs,77,227880,7,13925209,13925211,227881,5,13925215,13925216,-9223372036854775807
N17A4_KV,centroid.motifs,78,227882,7,13925224,13925226,227883,5,13925230,13925231,-9223372036854775807
N17A4_KV,centroid.motifs,79,227884,7,13925239,13925241,227885,5,13925245,13925246,-9223372036854775807
N17A4_KV,centroid.motifs,80,227886,7,13925254,13925256,227887,5,13925260,13925261,-9223372036854775807
N17A4_KV,centroid.motifs,81,227888,7,13925269,13925271,227889,5,13925275,13925276,-9223372036854775807
N17A4_KV,centroid.motifs,82,227890,7,13925284,13925286,227891,5,13925290,13925291,-9223372036854775807
N17A4_KV,centroid.motifs,83,227892,7,13925299,13925301,227893,5,13925305,13925306,-9223372036854775807
N17A4_KV,centroid.motifs,84,227894,7,13925314,13925316,227895,5,13925320,13925321,-9223372036854775807
N17A4_KV,centroid.motifs,85,227896,7,13925329,13925331,227897,5,13925335,13925336,-9223372036854775807
N17A4_KV,centroid.motifs,86,227898,7,13925344,13925346,227899,5,13925350,13925351,-9223372036854775807
N17A4_KV,centroid.motifs,87,227900,7,13925359,13925361,227901,5,13925365,13925366,-9223372036854775807
N17A4_KV,centroid.motifs,88,227902,7,13925374,13925376,227903,5,13925380,13925381,-9223372036854775807
N17A4_KV,centroid.motifs,89,227904,7,13925389,13925391,227905,5,13925395,13925396,-9223372036854775807
N17A4_KV,centroid.motifs,90,227906,7,13925404,13925406,227907,5,13925410,13925411,-9223372036854775807
N17A4_KV,centroid.motifs,91,227908,7,13925419,13925421,227909,5,13925425,13925426,-9223372036854775807
N17A4_KV,centroid.motifs,92,227910,7,13925434,13925436,227911,5,13925440,13925441,-9223372036854775807
N17A4_KV,centroid.motifs,93,227912,7,13925449,13925451,227913,5,13925455,13925456,-9223372036854775807
N17A4_KV,centroid.motifs,94,227914,7,13925464,13925466,227915,5,13925470,13925471,-9223372036854775807
N17A4_KV,centroid.motifs,95,227916,7,13925479,13925481,227917,5,13925485,13925486,-9223372036854775807
N17A4_KV,centroid.motifs,96,227918,7,13925494,13925496,227919,5,13925500,13925501,-9223372036854775807
N17A4_KV,centroid.motifs,97,227920,7,13925509,13925511,227921,5,13925515,13925516,-9223372036854775807
N17A4_KV,centroid.motifs,98,227922,7,13925524,13925526,227923,5,13925530,13925531,-9223372036854775807
N17A4_KV,centroid.motifs,99,227924,7,13925539,13925541,227925,5,13925545,13925546,-9223372036854775807
N17A4_KV,centroid.motifs,100,227926,7,13925554,13925556,227927,5,13925560,13925561,-9223372036854775807
N17A4_KV,centroid.motifs,101,227928,7,13925569,13925571,227929,5,13925575,13925576,-9223372036854775807
N17A4_KV,centroid.motifs,102,227930,7,13925584,13925586,227931,5,13925590,13925591,-9223372036854775807
N17A4_KV,centroid.motifs,103,227932,7,13925599,13925601,227933,5,13925605,13925606,-9223372036854775807
N17A4_KV,centroid.motifs,104,227934,7,13925614,13925616,227935,5,13925620,13925621,-9223372036854775807
N17A4_KV,centroid.motifs,105,227936,7,13925629,13925631,227937,5,13925635,13925636,-9223372036854775807
N17A4_KV,centroid.motifs,106,227938,7,13925644,13925646,227939,5,13925650,13925651,-9223372036854775807
N17A4_KV,centroid.motifs,107,227940,7,13925659,13925661,227941,5,13925665,13925666,-9223372036854775807
N17A4_KV,centroid.motifs,108,227942,7,13925674,13925676,227943,5,13925680,13925681,-9223372036854775807
N17A4_KV,centroid.motifs,109,227944,7,13925689,13925691,227945,5,13925695,13925696,-9223372036854775807
N17A4_KV,centroid.motifs,110,227946,7,13925704,13925706,227947,5,13925710,13925711,-9223372036854775807
N17A4_KV,centroid.motifs,111,227948,7,13925719,13925721,227949,5,13925725,13925726,-9223372036854775807
N17A4_KV,centroid.motifs,112,227950,7,13925734,13925736,227951,5,13925740,13925741,-9223372036854775807
N17A4_KV,centroid.motifs,113,227952,7,13925749,13925751,227953,5,13925755,13925756,-9223372036854775807
N17A4_KV,centroid.motifs,114,227954,7,13925764,13925766,227955,5,13925770,13925771,-9223372036854775807
N17A4_KV,centroid.motifs,115,227956,7,13925779,13925781,227957,5,13925785,13925786,-9223372036854775807
N17A4_KV,centroid.motifs,116,227958,7,13925794,13925796,227959,5,13925800,13925801,-9223372036854775807
N17A4_KV,centroid.motifs,117,227960,7,13925809,13925811,227961,5,13925815,13925816,-9223372036854775807
N17A4_KV,centroid.motifs,118,227962,7,13925824,13925826,227963,5,13925830,13925831,-9223372036854775807
N17A4_KV,centroid.motifs,119,227964,7,13925839,13925841,227965,5,13925845,13925846,-9223372036854775807
N17A4_KV,centroid.motifs,120,227966,7,13925854,13925856,227967,5,13925861,13925862,-9223372036854775807
N17A4_KV,centroid.motifs,121,227968,7,13925870,13925872,227969,5,13925877,13925878,-9223372036854775807
N17A4_KV,centroid.motifs,122,227970,7,13925886,13925888,227971,5,13925893,13925894,-9223372036854775807
N17A4_KV,centroid.motifs,123,227972,7,13925902,13925904,227973,5,13925909,13925910,-9223372036854775807
N17A4_KV,centroid.motifs,124,227974,7,13925918,13925920,227975,5,13925925,13925926,-9223372036854775807
N17A4_KV,centroid.motifs,125,227976,7,13925934,13925936,227977,5,13925941,13925942,-9223372036854775807
N17A4_KV,centroid.motifs,126,227978,7,13925950,13925952,227979,5,13925957,13925958,-9223372036854775807
N17A4_KV,centroid.motifs,127,227980,7,13925966,13925968,227981,5,13925973,13925974,-9223372036854775807
N17A4_KV,centroid.motifs,128,227982,7,13925982,13925984,227983,5,13925989,13925990,-9223372036854775807
N17A4_KV,centroid.motifs,129,227984,7,13925998,13926000,227985,5,13926005,13926006,-9223372036854775807
N17A4_KV,centroid.motifs,130,227986,7,13926014,13926016,227987,5,13926021,13926022,-9223372036854775807
N17A4_KV,centroid.motifs,131,227988,7,13926030,13926032,227989,5,13926037,13926038,-9223372036854775807
N17A4_KV,centroid.motifs,132,227990,7,13926046,13926048,227991,5,13926053,13926054,-9223372036854775807
N17A4_KV,centroid.motifs,133,227992,7,13926062,13926064,227993,5,13926069,13926070,-9223372036854775807
N17A4_KV,centroid.motifs,134,227994,7,13926078,13926080,227995,5,13926085,13926086,-9223372036854775807
N17A4_KV,centroid.motifs,135,227996,7,13926094,13926096,227997,5,13926101,13926102,-9223372036854775807
N17A4_KV,centroid.motifs,136,227998,7,13926110,13926112,227999,5,13926117,13926118,-9223372036854775807
N17A4_KV,centroid.motifs,137,228000,7,13926126,13926128,228001,5,13926133,13926134,-9223372036854775807
N17A4_KV,centroid.motifs,138,228002,7,13926142,13926144,228003,5,13926149,13926150,-9223372036854775807
N17A4_KV,centroid.motifs,139,228004,7,13926158,13926160,228005,5,13926165,13926166,-9223372036854775807
N17A4_KV,centroid.motifs,140,228006,7,13926174,13926176,228007,5,13926181,13926182,-9223372036854775807
N17A4_KV,centroid.motifs,141,228008,7,13926190,13926192,228009,5,13926197,13926198,-9223372036854775807
N17A4_KV,centroid.motifs,142,228010,7,13926206,13926208,228011,5,13926213,13926214,-9223372036854775807
N17A4_KV,centroid.motifs,143,228012,7,13926222,13926224,228013,5,13926229,13926230,-9223372036854775807
N17A4_KV,centroid.motifs,144,228014,7,13926238,13926240,228015,5,13926245,13926246,-9223372036854775807
N17A4_KV,centroid.motifs,145,228016,7,13926254,13926256,228017,5,13926261,13926262,-9223372036854775807
N17A4_KV,centroid.motifs,146,228018,7,13926270,13926272,228019,5,13926277,13926278,-9223372036854775807
N17A4_KV,centroid.motifs,147,228020,7,13926286,13926288,228021,5,13926293,13926294,-9223372036854775807
N17A4_KV,centroid.motifs,148,228022,7,13926302,13926304,228023,5,13926309,13926310,-9223372036854775807
N17A4_KV,centroid.motifs,149,228024,7,13926318,13926320,228025,5,13926325,13926326,-9223372036854775807
N17A4_KV,centroid.motifs,150,228026,7,13926334,13926336,228027,5,13926341,13926342,-9223372036854775807
N17A4_KV,centroid.motifs,151,228028,7,13926350,13926352,228029,5,13926357,13926358,-9223372036854775807
N17A4_KV,centroid.motifs,152,228030,7,13926366,13926368,228031,5,13926373,13926374,-9223372036854775807
N17A4_KV,centroid.motifs,153,228032,7,13926382,13926384,228033,5,13926389,13926390,-9223372036854775807
N17A4_KV,centroid.motifs,154,228034,7,13926398,13926400,228035,5,13926405,13926406,-9223372036854775807
N17A4_KV,centroid.motifs,155,228036,7,13926414,13926416,228037,5,13926421,13926422,-9223372036854775807
N17A4_KV,centroid.motifs,156,228038,7,13926430,13926432,228039,5,13926437,13926438,-9223372036854775807
N17A4_KV,centroid.motifs,157,228040,7,13926446,13926448,228041,5,13926453,13926454,-9223372036854775807
N17A4_KV,centroid.motifs,158,228042,7,13926462,13926464,228043,5,13926469,13926470,-9223372036854775807
N17A4_KV,centroid.motifs,159,228044,7,13926478,13926480,228045,5,13926485,13926486,-9223372036854775807
N17A4_KV,centroid.motifs,160,228046,7,13926494,13926496,228047,5,13926501,13926502,-9223372036854775807
N17A4_KV,centroid.motifs,161,228048,7,13926510,13926512,228049,5,13926517,13926518,-9223372036854775807
N17A4_KV,centroid.motifs,162,228050,7,13926526,13926528,228051,5,13926533,13926534,-9223372036854775807
N17A4_KV,centroid.motifs,163,228052,7,13926542,13926544,228053,5,13926549,13926550,-9223372036854775807
N17A4_KV,centroid.motifs,164,228054,7,13926558,13926560,228055,5,13926565,13926566,-9223372036854775807
N17A4_KV,centroid.motifs,165,228056,7,13926574,13926576,228057,5,13926581,13926582,-9223372036854775807
N17A4_KV,centroid.motifs,166,228058,7,13926590,13926592,228059,5,13926597,13926598,-9223372036854775807
N17A4_KV,centroid.motifs,167,228060,7,13926606,13926608,228061,5,13926613,13926614,-9223372036854775807
N17A4_KV,centroid.motifs,168,228062,7,13926622,13926624,228063,5,13926629,13926630,-9223372036854775807
N17A4_KV,centroid.motifs,169,228064,7,13926638,13926640,228065,5,13926645,13926646,-9223372036854775807
N17A4_KV,centroid.motifs,170,228066,7,13926654,13926656,228067,5,13926661,13926662,-9223372036854775807
N17A4_KV,centroid.motifs,171,228068,7,13926670,13926672,228069,5,13926677,13926678,-9223372036854775807
N17A4_KV,centroid.motifs,172,228070,7,13926686,13926688,228071,5,13926693,13926694,-9223372036854775807
N17A4_KV,centroid.motifs,173,228072,7,13926702,13926704,228073,5,13926709,13926710,-9223372036854775807
N17A4_KV,centroid.motifs,174,228074,7,13926718,13926720,228075,5,13926725,13926726,-9223372036854775807
N17A4_KV,centroid.motifs,175,228076,7,13926734,13926736,228077,5,13926741,13926742,-9223372036854775807
N17A4_KV,centroid.motifs,176,228078,7,13926750,13926752,228079,5,13926757,13926758,-9223372036854775807
N17A4_KV,centroid.motifs,177,228080,7,13926766,13926768,228081,5,13926773,13926774,-9223372036854775807
N17A4_KV,centroid.motifs,178,228082,7,13926782,13926784,228083,5,13926789,13926790,-9223372036854775807
N17A4_KV,centroid.motifs,179,228084,7,13926798,13926800,228085,5,13926805,13926806,-9223372036854775807
N17A4_KV,centroid.motifs,180,228086,7,13926814,13926816,228087,5,13926821,13926822,-9223372036854775807
N17A4_KV,centroid.motifs,181,228088,7,13926830,13926832,228089,5,13926837,13926838,-9223372036854775807
N17A4_KV,centroid.motifs,182,228090,7,13926846,13926848,228091,5,13926853,13926854,-9223372036854775807
N17A4_KV,centroid.motifs,183,228092,7,13926862,13926864,228093,5,13926869,13926870,-9223372036854775807
N17A4_KV,centroid.motifs,184,228094,7,13926878,13926880,228095,5,13926885,13926886,-9223372036854775807
N17A4_KV,centroid.motifs,185,228096,7,13926894,13926896,228097,5,13926901,13926902,-9223372036854775807
N17A4_KV,centroid.motifs,186,228098,7,13926910,13926912,228099,5,13926917,13926918,-9223372036854775807
N17A4_KV,centroid.motifs,187,228100,7,13926926,13926928,228101,5,13926933,13926934,-9223372036854775807
N17A4_KV,centroid.motifs,188,228102,7,13926942,13926944,228103,5,13926949,13926950,-9223372036854775807
N17A4_KV,centroid.motifs,189,228104,7,13926958,13926960,228105,5,13926965,13926966,-9223372036854775807
N17A4_KV,centroid.motifs,190,228106,7,13926974,13926976,228107,5,13926981,13926982,-9223372036854775807
N17A4_KV,centroid.motifs,191,228108,7,13926990,13926992,228109,5,13926997,13926998,-9223372036854775807
N17A4_KV,centroid.motifs,192,228110,7,13927006,13927008,228111,5,13927013,13927014,-9223372036854775807
N17A4_KV,centroid.motifs,193,228112,7,13927022,13927024,228113,5,13927029,13927030,-9223372036854775807
N17A4_KV,centroid.motifs,194,228114,7,13927038,13927040,228115,5,13927046,13927047,-9223372036854775807
N17A4_KV,centroid.motifs,195,228116,7,13927055,13927057,228117,5,13927063,13927064,-9223372036854775807
N17A4_KV,centroid.motifs,196,228118,7,13927072,13927074,228119,5,13927080,13927081,-9223372036854775807
N17A4_KV,centroid.motifs,197,228120,7,13927089,13927091,228121,5,13927097,13927098,-9223372036854775807
N17A4_KV,centroid.motifs,198,228122,7,13927106,13927108,228123,5,13927114,13927115,-9223372036854775807
N17A4_KV,centroid.motifs,199,228124,7,13927123,13927125,228125,5,13927131,13927132,-9223372036854775807
N17A4_KV,centroid.motifs,200,228126,7,13927140,13927142,228127,5,13927148,13927149,-9223372036854775807
N17A4_KV,centroid.motifs,201,228128,7,13927157,13927159,228129,5,13927165,13927166,-9223372036854775807
N17A4_KV,centroid.motifs,202,228130,7,13927174,13927176,228131,5,13927182,13927183,-9223372036854775807
N17A4_KV,centroid.motifs,203,228132,7,13927191,13927193,228133,5,13927199,13927200,-9223372036854775807
N17A4_KV,centroid.motifs,204,228134,7,13927208,13927210,228135,5,13927216,13927217,-9223372036854775807
N17A4_KV,centroid.motifs,205,228136,7,13927225,13927227,228137,5,13927233,13927234,-9223372036854775807
N17A4_KV,centroid.motifs,206,228138,7,13927242,13927244,228139,5,13927250,13927251,-9223372036854775807
N17A4_KV,centroid.motifs,207,228140,7,13927259,13927261,228141,5,13927267,13927268,-9223372036854775807
N17A4_KV,centroid.motifs,208,228142,7,13927276,13927278,228143,5,13927284,13927285,-9223372036854775807
N17A4_KV,centroid.motifs,209,228144,7,13927293,13927295,228145,5,13927301,13927302,-9223372036854775807
N17A4_KV,centroid.motifs,210,228146,7,13927310,13927312,228147,5,13927318,13927319,-9223372036854775807
N17A4_KV,centroid.motifs,211,228148,7,13927327,13927329,228149,5,13927335,13927336,-9223372036854775807
N17A4_KV,centroid.motifs,212,228150,7,13927344,13927346,228151,5,13927352,13927353,-9223372036854775807
N17A4_KV,centroid.motifs,213,228152,7,13927361,13927363,228153,5,13927369,13927370,-9223372036854775807
N17A4_KV,centroid.motifs,214,228154,7,13927378,13927380,228155,5,13927386,13927387,-9223372036854775807
N17A4_KV,centroid.motifs,215,228156,7,13927395,13927397,228157,5,13927403,13927404,-9223372036854775807
N17A4_KV,centroid.motifs,216,228158,7,13927412,13927414,228159,5,13927420,13927421,-9223372036854775807
N17A4_KV,centroid.motifs,217,228160,7,13927429,13927431,228161,5,13927437,13927438,-9223372036854775807
N17A4_KV,centroid.motifs,218,228162,7,13927446,13927448,228163,5,13927454,13927455,-9223372036854775807
N17A4_KV,centroid.motifs,219,228164,7,13927463,13927465,228165,5,13927471,13927472,-9223372036854775807
N17A4_KV,centroid.motifs,220,228166,7,13927480,13927482,228167,5,13927488,13927489,-9223372036854775807
N17A4_KV,centroid.motifs,221,228168,7,13927497,13927499,228169,5,13927505,13927506,-9223372036854775807
N17A4_KV,centroid.motifs,222,228170,7,13927514,13927516,228171,5,13927522,13927523,-9223372036854775807
N17A4_KV,centroid.motifs,223,228172,7,13927531,13927533,228173,5,13927539,13927540,-9223372036854775807
N17A4_KV,centroid.motifs,224,228174,7,13927548,13927550,228175,5,13927556,13927557,-9223372036854775807
N17A4_KV,centroid.motifs,225,228176,7,13927565,13927567,228177,5,13927573,13927574,-9223372036854775807
N17A4_KV,centroid.motifs,226,228178,7,13927582,13927584,228179,5,13927590,13927591,-9223372036854775807
N17A4_KV,centroid.motifs,227,228180,7,13927599,13927601,228181,5,13927607,13927608,-9223372036854775807
N17A4_KV,centroid.motifs,228,228182,7,13927616,13927618,228183,5,13927624,13927625,-9223372036854775807
N17A4_KV,centroid.motifs,229,228184,7,13927633,13927635,228185,5,13927641,13927642,-9223372036854775807
N17A4_KV,centroid.motifs,230,228186,7,13927650,13927652,228187,5,13927658,13927659,-9223372036854775807
N17A4_KV,centroid.motifs,231,228188,7,13927667,13927669,228189,5,13927675,13927676,-9223372036854775807
N17A4_KV,centroid.motifs,232,228190,7,13927684,13927686,228191,5,13927692,13927693,-9223372036854775807
N17A4_KV,centroid.motifs,233,228192,7,13927701,13927703,228193,5,13927709,13927710,-9223372036854775807
N17A4_KV,centroid.motifs,234,228194,7,13927718,13927720,228195,5,13927726,13927727,-9223372036854775807
N17A4_KV,centroid.motifs,235,228196,7,13927735,13927737,228197,5,13927743,13927744,-9223372036854775807
N17A4_KV,centroid.motifs,236,228198,7,13927752,13927754,228199,5,13927760,13927761,-9223372036854775807
N17A4_KV,centroid.motifs,237,228200,7,13927769,13927771,228201,5,13927777,13927778,-9223372036854775807
N17A4_KV,centroid.motifs,238,228202,7,13927786,13927788,228203,5,13927794,13927795,-9223372036854775807
N17A4_KV,centroid.motifs,239,228204,7,13927803,13927805,228205,5,13927811,13927812,-9223372036854775807
N17A4_KV,centroid.motifs,240,228206,7,13927820,13927822,228207,5,13927828,13927829,-9223372036854775807
N17A4_KV,centroid.motifs,241,228208,7,13927837,13927839,228209,5,13927845,13927846,-9223372036854775807
N17A4_KV,centroid.motifs,242,228210,7,13927854,13927856,228211,5,13927862,13927863,-9223372036854775807
N17A4_KV,centroid.motifs,243,228212,7,13927871,13927873,228213,5,13927879,13927880,-9223372036854775807
N17A4_KV,centroid.motifs,244,228214,7,13927888,13927890,228215,5,13927896,13927897,-9223372036854775807
N17A4_KV,centroid.motifs,245,228216,7,13927905,13927907,228217,5,13927913,13927914,-9223372036854775807
N17A4_KV,centroid.motifs,246,228218,7,13927922,13927924,228219,5,13927930,13927931,-9223372036854775807
N17A4_KV,centroid.motifs,247,228220,7,13927939,13927941,228221,5,13927947,13927948,-9223372036854775807
N17A4_KV,centroid.motifs,248,228222,7,13927956,13927958,228223,5,13927964,13927965,-9223372036854775807
N17A4_KV,centroid.motifs,249,228224,7,13927973,13927975,228225,5,13927981,13927982,-9223372036854775807
N17A4_KV,centroid.motifs,250,228226,7,13927990,13927992,228227,5,13927998,13927999,-9223372036854775807
N17A4_KV,centroid.motifs,251,228228,7,13928007,13928009,228229,5,13928015,13928016,-9223372036854775807
N17A4_KV,centroid.motifs,252,228230,7,13928024,13928026,228231,5,13928032,13928033,-9223372036854775807
N17A4_KV,centroid.motifs,253,228232,7,13928041,13928043,228233,5,13928049,13928050,-9223372036854775807
N17A4_KV,centroid.motifs,254,228234,7,13928058,13928060,228235,5,13928066,13928067,-9223372036854775807
N17A4_KV,centroid.motifs,255,228236,7,13928075,13928077,228237,5,13928083,13928084,-9223372036854775807
N17A4_KV,centroid.motifs,256,228238,7,13928092,13928094,228239,5,13928100,13928101,-9223372036854775807
N17A4_KV,centroid.motifs,257,228240,7,13928109,13928111,228241,5,13928117,13928118,-9223372036854775807
N17A4_KV,centroid.motifs,258,228242,7,13928126,13928128,228243,5,13928134,13928135,-9223372036854775807
N17A4_KV,centroid.motifs,259,228244,7,13928143,13928145,228245,5,13928151,13928152,-9223372036854775807
N17A4_KV,centroid.motifs,260,228246,7,13928160,13928162,228247,5,13928168,13928169,-9223372036854775807
N17A4_KV,centroid.motifs,261,228248,7,13928177,13928179,228249,5,13928185,13928186,-9223372036854775807
N17A4_KV,centroid.motifs,262,228250,7,13928194,13928196,228251,5,13928202,13928203,-9223372036854775807
N17A4_KV,centroid.motifs,263,228252,7,13928211,13928213,228253,5,13928219,13928220,-9223372036854775807
N17A4_KV,centroid.motifs,264,228254,7,13928228,13928230,228255,5,13928236,13928237,-9223372036854775807
N17A4_KV,centroid.motifs,265,228256,7,13928245,13928247,228257,5,13928253,13928254,-9223372036854775807
N17A4_KV,centroid.motifs,266,228258,7,13928262,13928264,228259,5,13928270,13928271,-9223372036854775807
N17A4_KV,centroid.motifs,267,228260,7,13928279,13928281,228261,5,13928287,13928288,-9223372036854775807
N17A4_KV,centroid.motifs,268,228262,7,13928296,13928298,228263,5,13928305,13928306,-9223372036854775807
N17A4_KV,centroid.motifs,269,228264,7,13928314,13928316,228265,5,13928323,13928324,-9223372036854775807
N17A4_KV,centroid.motifs,270,228266,7,13928332,13928334,228267,5,13928341,13928342,-9223372036854775807
N17A4_KV,centroid.motifs,271,228268,7,13928350,13928352,228269,5,13928359,13928360,-9223372036854775807
N17A4_KV,centroid.motifs,272,228270,7,13928368,13928370,228271,5,13928377,13928378,-9223372036854775807
N17A4_KV,centroid.motifs,273,228272,7,13928386,13928388,228273,5,13928395,13928396,-9223372036854775807
N17A4_KV,centroid.motifs,274,228274,7,13928404,13928406,228275,5,13928413,13928414,-9223372036854775807
N17A4_KV,centroid.motifs,275,228276,7,13928422,13928424,228277,5,13928431,13928432,-9223372036854775807
N17A4_KV,centroid.motifs,276,228278,7,13928440,13928442,228279,5,13928449,13928450,-9223372036854775807
N17A4_KV,centroid.motifs,277,228280,7,13928458,13928460,228281,5,13928467,13928468,-9223372036854775807
N17A4_KV,centroid.motifs,278,228282,7,13928476,13928478,228283,5,13928485,13928486,-9223372036854775807
N17A4_KV,centroid.motifs,279,228284,7,13928494,13928496,228285,5,13928503,13928504,-9223372036854775807
N17A4_KV,centroid.motifs,280,228286,7,13928512,13928514,228287,5,13928521,13928522,-9223372036854775807
N17A4_KV,centroid.motifs,281,228288,7,13928530,13928532,228289,5,13928539,13928540,-9223372036854775807
N17A4_KV,centroid.motifs,282,228290,7,13928548,13928550,228291,5,13928557,13928558,-9223372036854775807
N17A4_KV,centroid.motifs,283,228292,7,13928566,13928568,228293,5,13928575,13928576,-9223372036854775807
N17A4_KV,centroid.motifs,284,228294,7,13928584,13928586,228295,5,13928593,13928594,-9223372036854775807
N17A4_KV,centroid.motifs,285,228296,7,13928602,13928604,228297,5,13928611,13928612,-9223372036854775807
N17A4_KV,centroid.motifs,286,228298,7,13928620,13928622,228299,5,13928629,13928630,-9223372036854775807
N17A4_KV,centroid.motifs,287,228300,7,13928638,13928640,228301,5,13928647,13928648,-9223372036854775807
N17A4_KV,centroid.motifs,288,228302,7,13928656,13928658,228303,5,13928665,13928666,-9223372036854775807
N17A4_KV,centroid.motifs,289,228304,7,13928674,13928676,228305,5,13928683,13928684,-9223372036854775807
N17A4_KV,centroid.motifs,290,228306,7,13928692,13928694,228307,5,13928701,13928702,-9223372036854775807
N17A4_KV,centroid.motifs,291,228308,7,13928710,13928712,228309,5,13928719,13928720,-9223372036854775807
N17A4_KV,centroid.motifs,292,228310,7,13928728,13928730,228311,5,13928737,13928738,-9223372036854775807
N17A4_KV,centroid.motifs,293,228312,7,13928746,13928748,228313,5,13928755,13928756,-9223372036854775807
N17A4_KV,centroid.motifs,294,228314,7,13928764,13928766,228315,5,13928773,13928774,-9223372036854775807
N17A4_KV,centroid.motifs,295,228316,7,13928782,13928784,228317,5,13928791,13928792,-9223372036854775807
N17A4_KV,centroid.motifs,296,228318,7,13928800,13928802,228319,5,13928809,13928810,-9223372036854775807
N17A4_KV,centroid.motifs,297,228320,7,13928818,13928820,228321,5,13928827,13928828,-9223372036854775807
N17A4_KV,centroid.motifs,298,228322,7,13928836,13928838,228323,5,13928845,13928846,-9223372036854775807
N17A4_KV,centroid.motifs,299,228324,7,13928854,13928856,228325,5,13928863,13928864,-9223372036854775807
N17A4_KV,centroid.motifs,300,228326,7,13928872,13928874,228327,5,13928881,13928882,-9223372036854775807
N17A4_KV,centroid.motifs,301,228328,7,13928890,13928892,228329,5,13928899,13928900,-9223372036854775807
N17A4_KV,centroid.motifs,302,228330,7,13928908,13928910,228331,5,13928917,13928918,-9223372036854775807
N17A4_KV,centroid.motifs,303,228332,7,13928926,13928928,228333,5,13928935,13928936,-9223372036854775807
N17A4_KV,centroid.motifs,304,228334,7,13928944,13928946,228335,5,13928953,13928954,-9223372036854775807
N17A4_KV,centroid.motifs,305,228336,7,13928962,13928964,228337,5,13928971,13928972,-9223372036854775807
N17A4_KV,centroid.motifs,306,228338,7,13928980,13928982,228339,5,13928989,13928990,-9223372036854775807
N17A4_KV,centroid.motifs,307,228340,7,13928998,13929000,228341,5,13929007,13929008,-9223372036854775807
N17A4_KV,centroid.motifs,308,228342,7,13929016,13929018,228343,5,13929025,13929026,-9223372036854775807
N17A4_KV,centroid.motifs,309,228344,7,13929034,13929036,228345,5,13929043,13929044,-9223372036854775807
N17A4_KV,centroid.motifs,310,228346,7,13929052,13929054,228347,5,13929061,13929062,-9223372036854775807
N17A4_KV,centroid.motifs,311,228348,7,13929070,13929072,228349,5,13929079,13929080,-9223372036854775807
N17A4_KV,centroid.motifs,312,228350,7,13929088,13929090,228351,5,13929097,13929098,-9223372036854775807
N17A4_KV,centroid.motifs,313,228352,7,13929106,13929108,228353,5,13929115,13929116,-9223372036854775807
N17A4_KV,centroid.motifs,314,228354,7,13929124,13929126,228355,5,13929133,13929134,-9223372036854775807
N17A4_KV,centroid.motifs,315,228356,7,13929142,13929144,228357,5,13929151,13929152,-9223372036854775807
N17A4_KV,centroid.motifs,316,228358,7,13929160,13929162,228359,5,13929169,13929170,-9223372036854775807
N17A4_KV,centroid.motifs,317,228360,7,13929178,13929180,228361,5,13929187,13929188,-9223372036854775807
N17A4_KV,centroid.motifs,318,228362,7,13929196,13929198,228363,5,13929205,13929206,-9223372036854775807
N17A4_KV,centroid.motifs,319,228364,7,13929214,13929216,228365,5,13929223,13929224,-9223372036854775807
N17A4_KV,centroid.motifs,320,228366,7,13929232,13929234,228367,5,13929241,13929242,-9223372036854775807
N17A4_KV,centroid.motifs,321,228368,7,13929250,13929252,228369,5,13929259,13929260,-9223372036854775807
N17A4_KV,centroid.motifs,322,228370,7,13929268,13929270,228371,5,13929277,13929278,-9223372036854775807
N17A4_KV,centroid.motifs,323,228372,7,13929286,13929288,228373,5,13929295,13929296,-9223372036854775807
N17A4_KV,centroid.motifs,324,228374,7,13929304,13929306,228375,5,13929313,13929314,-9223372036854775807
N17A4_KV,centroid.motifs,325,228376,7,13929322,13929324,228377,5,13929331,13929332,-9223372036854775807
N17A4_KV,centroid.motifs,326,228378,7,13929340,13929342,228379,5,13929349,13929350,-9223372036854775807
N17A4_KV,centroid.motifs,327,228380,7,13929358,13929360,228381,5,13929367,13929368,-9223372036854775807
N17A4_KV,centroid.motifs,328,228382,7,13929376,13929378,228383,5,13929385,13929386,-9223372036854775807
N17A4_KV,centroid.motifs,329,228384,7,13929394,13929396,228385,5,13929403,13929404,-9223372036854775807
N17A4_KV,centroid.motifs,330,228386,7,13929412,13929414,228387,5,13929421,13929422,-9223372036854775807
N17A4_KV,centroid.motifs,331,228388,7,13929430,13929432,228389,5,13929439,13929440,-9223372036854775807
N17A4_KV,centroid.motifs,332,228390,7,13929448,13929450,228391,5,13929457,13929458,-9223372036854775807
N17A4_KV,centroid.motifs,333,228392,7,13929466,13929468,228393,5,13929475,13929476,-9223372036854775807
N17A4_KV,centroid.motifs,334,228394,7,13929484,13929486,228395,5,13929493,13929494,-9223372036854775807
N17A4_KV,centroid.motifs,335,228396,7,13929502,13929504,228397,5,13929511,13929512,-9223372036854775807
N17A4_KV,centroid.motifs,336,228398,7,13929520,13929522,228399,5,13929529,13929530,-9223372036854775807
N17A4_KV,centroid.motifs,337,228400,7,13929538,13929540,228401,5,13929547,13929548,-9223372036854775807
N17A4_KV,centroid.motifs,338,228402,7,13929556,13929558,228403,5,13929565,13929566,-9223372036854775807
N17A4_KV,centroid.motifs,339,228404,7,13929574,13929576,228405,5,13929583,13929584,-9223372036854775807
N17A4_KV,centroid.motifs,340,228406,7,13929592,13929594,228407,5,13929601,13929602,-9223372036854775807
N17A4_KV,centroid.motifs,341,228408,7,13929610,13929612,228409,5,13929615,13929616,-9223372036854775807
N17A4_KV,centroid.motifs,342,228410,7,13929624,13929626,228411,5,13929629,13929630,-9223372036854775807
N17A4_KV,centroid.motifs,343,228412,7,13929638,13929640,228413,5,13929643,13929644,-9223372036854775807
N17A4_KV,centroid.motifs,344,228414,7,13929652,13929654,228415,5,13929657,13929658,-9223372036854775807
N17A4_KV,centroid.motifs,345,228416,7,13929666,13929668,228417,5,13929671,13929672,-9223372036854775807
N17A4_KV,centroid.motifs,346,228418,7,13929680,13929682,228419,5,13929685,13929686,-9223372036854775807
N17A4_KV,centroid.motifs,347,228420,7,13929694,13929696,228421,5,13929699,13929700,-9223372036854775807
N17A4_KV,centroid.motifs,348,228422,7,13929708,13929710,228423,5,13929713,13929714,-9223372036854775807
N17A4_KV,centroid.motifs,349,228424,7,13929722,13929724,228425,5,13929727,13929728,-9223372036854775807
N17A4_KV,centroid.motifs,350,228426,7,13929736,13929738,228427,5,13929741,13929742,-9223372036854775807
N17A4_KV,centroid.motifs,351,228428,7,13929750,13929752,228429,5,13929755,13929756,-9223372036854775807
N17A4_KV,centroid.motifs,352,228430,7,13929764,13929766,228431,5,13929769,13929770,-9223372036854775807
N17A4_KV,centroid.motifs,353,228432,7,13929778,13929780,228433,5,13929783,13929784,-9223372036854775807
N17A4_KV,centroid.motifs,354,228434,7,13929792,13929794,228435,5,13929797,13929798,-9223372036854775807
N17A4_KV,centroid.motifs,355,228436,7,13929806,13929808,228437,5,13929811,13929812,-9223372036854775807
N17A4_KV,centroid.motifs,356,228438,7,13929820,13929822,228439,5,13929825,13929826,-9223372036854775807
N17A4_KV,centroid.motifs,357,228440,7,13929834,13929836,228441,5,13929839,13929840,-9223372036854775807
N17A4_KV,centroid.motifs,358,228442,7,13929848,13929850,228443,5,13929853,13929854,-9223372036854775807
N17A4_KV,centroid.motifs,359,228444,7,13929862,13929864,228445,5,13929867,13929868,-9223372036854775807
N17A4_KV,centroid.motifs,360,228446,7,13929876,13929878,228447,5,13929881,13929882,-9223372036854775807
N17A4_KV,centroid.motifs,361,228448,7,13929890,13929892,228449,5,13929895,13929896,-9223372036854775807
N17A4_KV,centroid.motifs,362,228450,7,13929904,13929906,228451,5,13929909,13929910,-9223372036854775807
N17A4_KV,centroid.motifs,363,228452,7,13929918,13929920,228453,5,13929923,13929924,-9223372036854775807
N17A4_KV,centroid.motifs,364,228454,7,13929932,13929934,228455,5,13929937,13929938,-9223372036854775807
N17A4_KV,centroid.motifs,365,228456,7,13929946,13929948,228457,5,13929951,13929952,-9223372036854775807
N17A4_KV,centroid.motifs,366,228458,7,13929960,13929962,228459,5,13929965,13929966,-9223372036854775807
N17A4_KV,centroid.motifs,367,228460,7,13929974,13929976,228461,5,13929979,13929980,-9223372036854775807
N17A4_KV,centroid.motifs,368,228462,7,13929988,13929990,228463,5,13929993,13929994,-9223372036854775807
N17A4_KV,centroid.motifs,369,228464,7,13930002,13930004,228465,5,13930007,13930008,-9223372036854775807
N17A4_KV,centroid.motifs,370,228466,7,13930016,13930018,228467,5,13930021,13930022,-9223372036854775807
N17A4_KV,centroid.motifs,371,228468,7,13930030,13930032,228469,5,13930035,13930036,-9223372036854775807
N17A4_KV,centroid.motifs,372,228470,7,13930044,13930046,228471,5,13930049,13930050,-9223372036854775807
N17A4_KV,centroid.motifs,373,228472,7,13930058,13930060,228473,5,13930063,13930064,-9223372036854775807
N17A4_KV,centroid.motifs,374,228474,7,13930072,13930074,228475,5,13930077,13930078,-9223372036854775807
N17A4_KV,centroid.motifs,375,228476,7,13930086,13930088,228477,5,13930091,13930092,-9223372036854775807
N17A4_KV,centroid.motifs,376,228478,7,13930100,13930102,228479,5,13930105,13930106,-9223372036854775807
N17A4_KV,centroid.motifs,377,228480,7,13930114,13930116,228481,5,13930120,13930121,-9223372036854775807
N17A4_KV,centroid.motifs,378,228482,7,13930129,13930131,228483,5,13930135,13930136,-9223372036854775807
N17A4_KV,centroid.motifs,379,228484,7,13930144,13930146,228485,5,13930150,13930151,-9223372036854775807
N17A4_KV,centroid.motifs,380,228486,7,13930159,13930161,228487,5,13930165,13930166,-9223372036854775807
N17A4_KV,centroid.motifs,381,228488,7,13930174,13930176,228489,5,13930180,13930181,-9223372036854775807
N17A4_KV,centroid.motifs,382,228490,7,13930189,13930191,228491,5,13930195,13930196,-9223372036854775807
N17A4_KV,centroid.motifs,383,228492,7,13930204,13930206,228493,5,13930210,13930211,-9223372036854775807
N17A4_KV,centroid.motifs,384,228494,7,13930219,13930221,228495,5,13930225,13930226,-9223372036854775807
N17A4_KV,centroid.motifs,385,228496,7,13930234,13930236,228497,5,13930240,13930241,-9223372036854775807
N17A4_KV,centroid.motifs,386,228498,7,13930249,13930251,228499,5,13930255,13930256,-9223372036854775807
N17A4_KV,centroid.motifs,387,228500,7,13930264,13930266,228501,5,13930270,13930271,-9223372036854775807
N17A4_KV,centroid.motifs,388,228502,7,13930279,13930281,228503,5,13930285,13930286,-9223372036854775807
N17A4_KV,centroid.motifs,389,228504,7,13930294,13930296,228505,5,13930300,13930301,-9223372036854775807
N17A4_KV,centroid.motifs,390,228506,7,13930309,13930311,228507,5,13930315,13930316,-9223372036854775807
N17A4_KV,centroid.motifs,391,228508,7,13930324,13930326,228509,5,13930330,13930331,-9223372036854775807
N17A4_KV,centroid.motifs,392,228510,7,13930339,13930341,228511,5,13930345,13930346,-9223372036854775807
N17A4_KV,centroid.motifs,393,228512,7,13930354,13930356,228513,5,13930360,13930361,-9223372036854775807
N17A4_KV,centroid.motifs,394,228514,7,13930369,13930371,228515,5,13930375,13930376,-9223372036854775807
N17A4_KV,centroid.motifs,395,228516,7,13930384,13930386,228517,5,13930390,13930391,-9223372036854775807
N17A4_KV,centroid.motifs,396,228518,7,13930399,13930401,228519,5,13930405,13930406,-9223372036854775807
N17A4_KV,centroid.motifs,397,228520,7,13930414,13930416,228521,5,13930420,13930421,-9223372036854775807
N17A4_KV,centroid.motifs,398,228522,7,13930429,13930431,228523,5,13930435,13930436,-9223372036854775807
N17A4_KV,centroid.motifs,399,228524,7,13930444,13930446,228525,5,13930450,13930451,-9223372036854775807
N17A4_KV,centroid.motifs,400,228526,7,13930459,13930461,228527,5,13930465,13930466,-9223372036854775807
N17A4_KV,centroid.motifs,401,228528,7,13930474,13930476,228529,5,13930480,13930481,-9223372036854775807
N17A4_KV,centroid.motifs,402,228530,7,13930489,13930491,228531,5,13930495,13930496,-9223372036854775807
N17A4_KV,centroid.motifs,403,228532,7,13930504,13930506,228533,5,13930510,13930511,-9223372036854775807
N17A4_KV,centroid.motifs,404,228534,7,13930519,13930521,228535,5,13930525,13930526,-9223372036854775807
N17A4_KV,centroid.motifs,405,228536,7,13930534,13930536,228537,5,13930540,13930541,-9223372036854775807
N17A4_KV,centroid.motifs,406,228538,7,13930549,13930551,228539,5,13930555,13930556,-9223372036854775807
N17A4_KV,centroid.motifs,407,228540,7,13930564,13930566,228541,5,13930570,13930571,-9223372036854775807
N17A4_KV,centroid.motifs,408,228542,7,13930579,13930581,228543,5,13930585,13930586,-9223372036854775807
N17A4_KV,centroid.motifs,409,228544,7,13930594,13930596,228545,5,13930600,13930601,-9223372036854775807
N17A4_KV,centroid.motifs,410,228546,7,13930609,13930611,228547,5,13930615,13930616,-9223372036854775807
N17A4_KV,centroid.motifs,411,228548,7,13930624,13930626,228549,5,13930630,13930631,-9223372036854775807
N17A4_KV,centroid.motifs,412,228550,7,13930639,13930641,228551,5,13930645,13930646,-9223372036854775807
N17A4_KV,centroid.motifs,413,228552,7,13930654,13930656,228553,5,13930660,13930661,-9223372036854775807
N17A4_KV,centroid.motifs,414,228554,7,13930669,13930671,228555,5,13930675,13930676,-9223372036854775807
N17A4_KV,centroid.motifs,415,228556,7,13930684,13930686,228557,5,13930690,13930691,-9223372036854775807
N17A4_KV,centroid.motifs,416,228558,7,13930699,13930701,228559,5,13930705,13930706,-9223372036854775807
N17A4_KV,centroid.motifs,417,228560,7,13930714,13930716,228561,5,13930720,13930721,-9223372036854775807
N17A4_KV,centroid.motifs,418,228562,7,13930729,13930731,228563,5,13930735,13930736,-9223372036854775807
N17A4_KV,centroid.motifs,419,228564,7,13930744,13930746,228565,5,13930750,13930751,-9223372036854775807
N17A4_KV,centroid.motifs,420,228566,7,13930759,13930761,228567,5,13930765,13930766,-9223372036854775807
N17A4_KV,centroid.motifs,421,228568,7,13930774,13930776,228569,5,13930780,13930781,-9223372036854775807
N17A4_KV,centroid.motifs,422,228570,7,13930789,13930791,228571,5,13930795,13930796,-9223372036854775807
N17A4_KV,centroid.motifs,423,228572,7,13930804,13930806,228573,5,13930810,13930811,-9223372036854775807
N17A4_KV,centroid.motifs,424,228574,7,13930819,13930821,228575,5,13930825,13930826,-9223372036854775807
N17A4_KV,centroid.motifs,425,228576,7,13930834,13930836,228577,5,13930840,13930841,-9223372036854775807
N17A4_KV,centroid.motifs,426,228578,7,13930849,13930851,228579,5,13930855,13930856,-9223372036854775807
N17A4_KV,centroid.motifs,427,228580,7,13930864,13930866,228581,5,13930870,13930871,-9223372036854775807
N17A4_KV,centroid.motifs,428,228582,7,13930879,13930881,228583,5,13930885,13930886,-9223372036854775807
N17A4_KV,centroid.motifs,429,228584,7,13930894,13930896,228585,5,13930900,13930901,-9223372036854775807
N17A4_KV,centroid.motifs,430,228586,7,13930909,13930911,228587,5,13930915,13930916,-9223372036854775807
N17A4_KV,centroid.motifs,431,228588,7,13930924,13930926,228589,5,13930930,13930931,-9223372036854775807
N17A4_KV,centroid.motifs,432,228590,7,13930939,13930941,228591,5,13930945,13930946,-9223372036854775807
N17A4_KV,centroid.motifs,433,228592,7,13930954,13930956,228593,5,13930960,13930961,-9223372036854775807
N17A4_KV,centroid.motifs,434,228594,7,13930969,13930971,228595,5,13930975,13930976,-9223372036854775807
N17A4_KV,centroid.motifs,435,228596,7,13930984,13930986,228597,5,13930990,13930991,-9223372036854775807
N17A4_KV,centroid.motifs,436,228598,7,13930999,13931001,228599,5,13931005,13931006,-9223372036854775807
N17A4_KV,centroid.motifs,437,228600,7,13931014,13931016,228601,5,13931020,13931021,-9223372036854775807
N17A4_KV,centroid.motifs,438,228602,7,13931029,13931031,228603,5,13931035,13931036,-9223372036854775807
N17A4_KV,centroid.motifs,439,228604,7,13931044,13931046,228605,5,13931051,13931052,-9223372036854775807
N17A4_KV,centroid.motifs,440,228606,7,13931060,13931062,228607,5,13931067,13931068,-9223372036854775807
N17A4_KV,centroid.motifs,441,228608,7,13931076,13931078,228609,5,13931083,13931084,-9223372036854775807
N17A4_KV,centroid.motifs,442,228610,7,13931092,13931094,228611,5,13931099,13931100,-9223372036854775807
N17A4_KV,centroid.motifs,443,228612,7,13931108,13931110,228613,5,13931115,13931116,-9223372036854775807
N17A4_KV,centroid.motifs,444,228614,7,13931124,13931126,228615,5,13931131,13931132,-9223372036854775807
N17A4_KV,centroid.motifs,445,228616,7,13931140,13931142,228617,5,13931147,13931148,-9223372036854775807
N17A4_KV,centroid.motifs,446,228618,7,13931156,13931158,228619,5,13931163,13931164,-9223372036854775807
N17A4_KV,centroid.motifs,447,228620,7,13931172,13931174,228621,5,13931179,13931180,-9223372036854775807
N17A4_KV,centroid.motifs,448,228622,7,13931188,13931190,228623,5,13931195,13931196,-9223372036854775807
N17A4_KV,centroid.motifs,449,228624,7,13931204,13931206,228625,5,13931211,13931212,-9223372036854775807
N17A4_KV,centroid.motifs,450,228626,7,13931220,13931222,228627,5,13931227,13931228,-9223372036854775807
N17A4_KV,centroid.motifs,451,228628,7,13931236,13931238,228629,5,13931243,13931244,-9223372036854775807
N17A4_KV,centroid.motifs,452,228630,7,13931252,13931254,228631,5,13931259,13931260,-9223372036854775807
N17A4_KV,centroid.motifs,453,228632,7,13931268,13931270,228633,5,13931275,13931276,-9223372036854775807
N17A4_KV,centroid.motifs,454,228634,7,13931284,13931286,228635,5,13931291,13931292,-9223372036854775807
N17A4_KV,centroid.motifs,455,228636,7,13931300,13931302,228637,5,13931307,13931308,-9223372036854775807
N17A4_KV,centroid.motifs,456,228638,7,13931316,13931318,228639,5,13931323,13931324,-9223372036854775807
N17A4_KV,centroid.motifs,457,228640,7,13931332,13931334,228641,5,13931339,13931340,-9223372036854775807
N17A4_KV,centroid.motifs,458,228642,7,13931348,13931350,228643,5,13931355,13931356,-9223372036854775807
N17A4_KV,centroid.motifs,459,228644,7,13931364,13931366,228645,5,13931371,13931372,-9223372036854775807
N17A4_KV,centroid.motifs,460,228646,7,13931380,13931382,228647,5,13931387,13931388,-9223372036854775807
N17A4_KV,centroid.motifs,461,228648,7,13931396,13931398,228649,5,13931403,13931404,-9223372036854775807
N17A4_KV,centroid.motifs,462,228650,7,13931412,13931414,228651,5,13931419,13931420,-9223372036854775807
N17A4_KV,centroid.motifs,463,228652,7,13931428,13931430,228653,5,13931435,13931436,-9223372036854775807
N17A4_KV,centroid.motifs,464,228654,7,13931444,13931446,228655,5,13931451,13931452,-9223372036854775807
N17A4_KV,centroid.motifs,465,228656,7,13931460,13931462,228657,5,13931467,13931468,-9223372036854775807
N17A4_KV,centroid.motifs,466,228658,7,13931476,13931478,228659,5,13931483,13931484,-9223372036854775807
N17A4_KV,centroid.motifs,467,228660,7,13931492,13931494,228661,5,13931499,13931500,-9223372036854775807
N17A4_KV,centroid.motifs,468,228662,7,13931508,13931510,228663,5,13931515,13931516,-9223372036854775807
N17A4_KV,centroid.motifs,469,228664,7,13931524,13931526,228665,5,13931531,13931532,-9223372036854775807
N17A4_KV,centroid.motifs,470,228666,7,13931540,13931542,228667,5,13931547,13931548,-9223372036854775807
N17A4_KV,centroid.motifs,471,228668,7,13931556,13931558,228669,5,13931563,13931564,-9223372036854775807
N17A4_KV,centroid.motifs,472,228670,7,13931572,13931574,228671,5,13931579,13931580,-9223372036854775807
N17A4_KV,centroid.motifs,473,228672,7,13931588,13931590,228673,5,13931595,13931596,-9223372036854775807
N17A4_KV,centroid.motifs,474,228674,7,13931604,13931606,228675,5,13931611,13931612,-9223372036854775807
N17A4_KV,centroid.motifs,475,228676,7,13931620,13931622,228677,5,13931627,13931628,-9223372036854775807
N17A4_KV,centroid.motifs,476,228678,7,13931636,13931638,228679,5,13931643,13931644,-9223372036854775807
N17A4_KV,centroid.motifs,477,228680,7,13931652,13931654,228681,5,13931659,13931660,-9223372036854775807
N17A4_KV,centroid.motifs,478,228682,7,13931668,13931670,228683,5,13931675,13931676,-9223372036854775807
N17A4_KV,centroid.motifs,479,228684,7,13931684,13931686,228685,5,13931691,13931692,-9223372036854775807
N17A4_KV,centroid.motifs,480,228686,7,13931700,13931702,228687,5,13931707,13931708,-9223372036854775807
N17A4_KV,centroid.motifs,481,228688,7,13931716,13931718,228689,5,13931723,13931724,-9223372036854775807
N17A4_KV,centroid.motifs,482,228690,7,13931732,13931734,228691,5,13931739,13931740,-9223372036854775807
N17A4_KV,centroid.motifs,483,228692,7,13931748,13931750,228693,5,13931755,13931756,-9223372036854775807
N17A4_KV,centroid.motifs,484,228694,7,13931764,13931766,228695,5,13931771,13931772,-9223372036854775807
N17A4_KV,centroid.motifs,485,228696,7,13931780,13931782,228697,5,13931787,13931788,-9223372036854775807
N17A4_KV,centroid.motifs,486,228698,7,13931796,13931798,228699,5,13931803,13931804,-9223372036854775807
N17A4_KV,centroid.motifs,487,228700,7,13931812,13931814,228701,5,13931819,13931820,-9223372036854775807
N17A4_KV,centroid.motifs,488,228702,7,13931828,13931830,228703,5,13931835,13931836,-9223372036854775807
N17A4_KV,centroid.motifs,489,228704,7,13931844,13931846,228705,5,13931851,13931852,-9223372036854775807
N17A4_KV,centroid.motifs,490,228706,7,13931860,13931862,228707,5,13931867,13931868,-9223372036854775807
N17A4_KV,centroid.motifs,491,228708,7,13931876,13931878,228709,5,13931883,13931884,-9223372036854775807
N17A4_KV,centroid.motifs,492,228710,7,13931892,13931894,228711,5,13931899,13931900,-9223372036854775807
N17A4_KV,centroid.motifs,493,228712,7,13931908,13931910,228713,5,13931915,13931916,-9223372036854775807
N17A4_KV,centroid.motifs,494,228714,7,13931924,13931926,228715,5,13931931,13931932,-9223372036854775807
N17A4_KV,centroid.motifs,495,228716,7,13931940,13931942,228717,5,13931947,13931948,-9223372036854775807
N17A4_KV,centroid.motifs,496,228718,7,13931956,13931958,228719,5,13931963,13931964,-9223372036854775807
N17A4_KV,centroid.motifs,497,228720,7,13931972,13931974,228721,5,13931979,13931980,-9223372036854775807
N17A4_KV,centroid.motifs,498,228722,7,13931988,13931990,228723,5,13931995,13931996,-9223372036854775807
N17A4_KV,centroid.motifs,499,228724,7,13932004,13932006,228725,5,13932011,13932012,-9223372036854775807
N17A4_KV,centroid.motifs,500,228726,7,13932020,13932022,228727,5,13932027,13932028,-9223372036854775807
N17A4_KV,centroid.motifs,501,228728,7,13932036,13932038,228729,5,13932043,13932044,-9223372036854775807
N17A4_KV,centroid.motifs,502,228730,7,13932052,13932054,228731,5,13932059,13932060,-9223372036854775807
N17A4_KV,centroid.motifs,503,228732,7,13932068,13932070,228733,5,13932075,13932076,-9223372036854775807
N17A4_KV,centroid.motifs,504,228734,7,13932084,13932086,228735,5,13932091,13932092,-9223372036854775807
N17A4_KV,centroid.motifs,505,228736,7,13932100,13932102,228737,5,13932107,13932108,-9223372036854775807
N17A4_KV,centroid.motifs,506,228738,7,13932116,13932118,228739,5,13932123,13932124,-9223372036854775807
N17A4_KV,centroid.motifs,507,228740,7,13932132,13932134,228741,5,13932139,13932140,-9223372036854775807
N17A4_KV,centroid.motifs,508,228742,7,13932148,13932150,228743,5,13932155,13932156,-9223372036854775807
N17A4_KV,centroid.motifs,509,228744,7,13932164,13932166,228745,5,13932172,13932173,-9223372036854775807
N17A4_KV,centroid.motifs,510,228746,7,13932181,13932183,228747,5,13932189,13932190,-9223372036854775807
N17A4_KV,centroid.motifs,511,228748,7,13932198,13932200,228749,5,13932206,13932207,-9223372036854775807
N17A4_DICT,R26.abstraction.g2s.centroids,239570,239570,11,6
N17A4_KV,R26.abstraction.g2s.centroids,0,239571,3,14012321,14012322,239572,11,14012323,0,-9223372036854775807
N17A4_KV,R26.abstraction.g2s.centroids,1,244683,3,14054365,14054366,244684,11,14054367,0,-9223372036854775807
N17A4_KV,R26.abstraction.g2s.centroids,2,250377,3,14101186,14101187,250378,11,14101188,0,-9223372036854775807
N17A4_KV,R26.abstraction.g2s.centroids,3,254729,3,14136961,14136962,254730,11,14136963,0,-9223372036854775807
N17A4_KV,R26.abstraction.g2s.centroids,4,259537,3,14176462,14176463,259538,11,14176464,0,-9223372036854775807
N17A4_KV,R26.abstraction.g2s.centroids,5,264521,3,14217489,14217490,264522,11,14217491,0,-9223372036854775807
N17A4_DICT,centroid.motifs,239572,239572,11,2555
N17A4_KV,centroid.motifs,0,239573,7,14012326,14012328,239574,5,14012331,14012332,-9223372036854775807
N17A4_KV,centroid.motifs,1,239575,7,14012340,14012342,239576,5,14012345,14012346,-9223372036854775807
N17A4_KV,centroid.motifs,2,239577,7,14012354,14012356,239578,5,14012359,14012360,-9223372036854775807
N17A4_KV,centroid.motifs,3,239579,7,14012368,14012370,239580,5,14012373,14012374,-9223372036854775807
N17A4_KV,centroid.motifs,4,239581,7,14012382,14012384,239582,5,14012387,14012388,-9223372036854775807
N17A4_KV,centroid.motifs,5,239583,7,14012396,14012398,239584,5,14012401,14012402,-9223372036854775807
N17A4_KV,centroid.motifs,6,239585,7,14012410,14012412,239586,5,14012415,14012416,-9223372036854775807
N17A4_KV,centroid.motifs,7,239587,7,14012424,14012426,239588,5,14012429,14012430,-9223372036854775807
N17A4_KV,centroid.motifs,8,239589,7,14012438,14012440,239590,5,14012443,14012444,-9223372036854775807
N17A4_KV,centroid.motifs,9,239591,7,14012452,14012454,239592,5,14012457,14012458,-9223372036854775807
N17A4_KV,centroid.motifs,10,239593,7,14012466,14012468,239594,5,14012471,14012472,-9223372036854775807
N17A4_KV,centroid.motifs,11,239595,7,14012480,14012482,239596,5,14012485,14012486,-9223372036854775807
N17A4_KV,centroid.motifs,12,239597,7,14012494,14012496,239598,5,14012499,14012500,-9223372036854775807
N17A4_KV,centroid.motifs,13,239599,7,14012508,14012510,239600,5,14012513,14012514,-9223372036854775807
N17A4_KV,centroid.motifs,14,239601,7,14012522,14012524,239602,5,14012527,14012528,-9223372036854775807
N17A4_KV,centroid.motifs,15,239603,7,14012536,14012538,239604,5,14012541,14012542,-9223372036854775807
N17A4_KV,centroid.motifs,16,239605,7,14012550,14012552,239606,5,14012555,14012556,-9223372036854775807
N17A4_KV,centroid.motifs,17,239607,7,14012564,14012566,239608,5,14012569,14012570,-9223372036854775807
N17A4_KV,centroid.motifs,18,239609,7,14012578,14012580,239610,5,14012583,14012584,-9223372036854775807
N17A4_KV,centroid.motifs,19,239611,7,14012592,14012594,239612,5,14012597,14012598,-9223372036854775807
N17A4_KV,centroid.motifs,20,239613,7,14012606,14012608,239614,5,14012611,14012612,-9223372036854775807
N17A4_KV,centroid.motifs,21,239615,7,14012620,14012622,239616,5,14012625,14012626,-9223372036854775807
N17A4_KV,centroid.motifs,22,239617,7,14012634,14012636,239618,5,14012639,14012640,-9223372036854775807
N17A4_KV,centroid.motifs,23,239619,7,14012648,14012650,239620,5,14012653,14012654,-9223372036854775807
N17A4_KV,centroid.motifs,24,239621,7,14012662,14012664,239622,5,14012667,14012668,-9223372036854775807
N17A4_KV,centroid.motifs,25,239623,7,14012676,14012678,239624,5,14012681,14012682,-9223372036854775807
N17A4_KV,centroid.motifs,26,239625,7,14012690,14012692,239626,5,14012695,14012696,-9223372036854775807
N17A4_KV,centroid.motifs,27,239627,7,14012704,14012706,239628,5,14012709,14012710,-9223372036854775807
N17A4_KV,centroid.motifs,28,239629,7,14012718,14012720,239630,5,14012723,14012724,-9223372036854775807
N17A4_KV,centroid.motifs,29,239631,7,14012732,14012734,239632,5,14012737,14012738,-9223372036854775807
N17A4_KV,centroid.motifs,30,239633,7,14012746,14012748,239634,5,14012751,14012752,-9223372036854775807
N17A4_KV,centroid.motifs,31,239635,7,14012760,14012762,239636,5,14012765,14012766,-9223372036854775807
N17A4_KV,centroid.motifs,32,239637,7,14012774,14012776,239638,5,14012779,14012780,-9223372036854775807
N17A4_KV,centroid.motifs,33,239639,7,14012788,14012790,239640,5,14012793,14012794,-9223372036854775807
N17A4_KV,centroid.motifs,34,239641,7,14012802,14012804,239642,5,14012807,14012808,-9223372036854775807
N17A4_KV,centroid.motifs,35,239643,7,14012816,14012818,239644,5,14012821,14012822,-9223372036854775807
N17A4_KV,centroid.motifs,36,239645,7,14012830,14012832,239646,5,14012835,14012836,-9223372036854775807
N17A4_KV,centroid.motifs,37,239647,7,14012844,14012846,239648,5,14012849,14012850,-9223372036854775807
N17A4_KV,centroid.motifs,38,239649,7,14012858,14012860,239650,5,14012863,14012864,-9223372036854775807
N17A4_KV,centroid.motifs,39,239651,7,14012872,14012874,239652,5,14012877,14012878,-9223372036854775807
N17A4_KV,centroid.motifs,40,239653,7,14012886,14012888,239654,5,14012891,14012892,-9223372036854775807
N17A4_KV,centroid.motifs,41,239655,7,14012900,14012902,239656,5,14012905,14012906,-9223372036854775807
N17A4_KV,centroid.motifs,42,239657,7,14012914,14012916,239658,5,14012919,14012920,-9223372036854775807
N17A4_KV,centroid.motifs,43,239659,7,14012928,14012930,239660,5,14012933,14012934,-9223372036854775807
N17A4_KV,centroid.motifs,44,239661,7,14012942,14012944,239662,5,14012947,14012948,-9223372036854775807
N17A4_KV,centroid.motifs,45,239663,7,14012956,14012958,239664,5,14012961,14012962,-9223372036854775807
N17A4_KV,centroid.motifs,46,239665,7,14012970,14012972,239666,5,14012975,14012976,-9223372036854775807
N17A4_KV,centroid.motifs,47,239667,7,14012984,14012986,239668,5,14012990,14012991,-9223372036854775807
N17A4_KV,centroid.motifs,48,239669,7,14012999,14013001,239670,5,14013005,14013006,-9223372036854775807
N17A4_KV,centroid.motifs,49,239671,7,14013014,14013016,239672,5,14013020,14013021,-9223372036854775807
N17A4_KV,centroid.motifs,50,239673,7,14013029,14013031,239674,5,14013035,14013036,-9223372036854775807
N17A4_KV,centroid.motifs,51,239675,7,14013044,14013046,239676,5,14013050,14013051,-9223372036854775807
N17A4_KV,centroid.motifs,52,239677,7,14013059,14013061,239678,5,14013065,14013066,-9223372036854775807
N17A4_KV,centroid.motifs,53,239679,7,14013074,14013076,239680,5,14013080,14013081,-9223372036854775807
N17A4_KV,centroid.motifs,54,239681,7,14013089,14013091,239682,5,14013095,14013096,-9223372036854775807
N17A4_KV,centroid.motifs,55,239683,7,14013104,14013106,239684,5,14013110,14013111,-9223372036854775807
N17A4_KV,centroid.motifs,56,239685,7,14013119,14013121,239686,5,14013125,14013126,-9223372036854775807
N17A4_KV,centroid.motifs,57,239687,7,14013134,14013136,239688,5,14013140,14013141,-9223372036854775807
N17A4_KV,centroid.motifs,58,239689,7,14013149,14013151,239690,5,14013155,14013156,-9223372036854775807
N17A4_KV,centroid.motifs,59,239691,7,14013164,14013166,239692,5,14013170,14013171,-9223372036854775807
N17A4_KV,centroid.motifs,60,239693,7,14013179,14013181,239694,5,14013185,14013186,-9223372036854775807
N17A4_KV,centroid.motifs,61,239695,7,14013194,14013196,239696,5,14013200,14013201,-9223372036854775807
N17A4_KV,centroid.motifs,62,239697,7,14013209,14013211,239698,5,14013215,14013216,-9223372036854775807
N17A4_KV,centroid.motifs,63,239699,7,14013224,14013226,239700,5,14013230,14013231,-9223372036854775807
N17A4_KV,centroid.motifs,64,239701,7,14013239,14013241,239702,5,14013245,14013246,-9223372036854775807
N17A4_KV,centroid.motifs,65,239703,7,14013254,14013256,239704,5,14013260,14013261,-9223372036854775807
N17A4_KV,centroid.motifs,66,239705,7,14013269,14013271,239706,5,14013275,14013276,-9223372036854775807
N17A4_KV,centroid.motifs,67,239707,7,14013284,14013286,239708,5,14013290,14013291,-9223372036854775807
N17A4_KV,centroid.motifs,68,239709,7,14013299,14013301,239710,5,14013305,14013306,-9223372036854775807
N17A4_KV,centroid.motifs,69,239711,7,14013314,14013316,239712,5,14013320,14013321,-9223372036854775807
N17A4_KV,centroid.motifs,70,239713,7,14013329,14013331,239714,5,14013335,14013336,-9223372036854775807
N17A4_KV,centroid.motifs,71,239715,7,14013344,14013346,239716,5,14013350,14013351,-9223372036854775807
N17A4_KV,centroid.motifs,72,239717,7,14013359,14013361,239718,5,14013365,14013366,-9223372036854775807
N17A4_KV,centroid.motifs,73,239719,7,14013374,14013376,239720,5,14013380,14013381,-9223372036854775807
N17A4_KV,centroid.motifs,74,239721,7,14013389,14013391,239722,5,14013395,14013396,-9223372036854775807
N17A4_KV,centroid.motifs,75,239723,7,14013404,14013406,239724,5,14013410,14013411,-9223372036854775807
N17A4_KV,centroid.motifs,76,239725,7,14013419,14013421,239726,5,14013425,14013426,-9223372036854775807
N17A4_KV,centroid.motifs,77,239727,7,14013434,14013436,239728,5,14013440,14013441,-9223372036854775807
N17A4_KV,centroid.motifs,78,239729,7,14013449,14013451,239730,5,14013455,14013456,-9223372036854775807
N17A4_KV,centroid.motifs,79,239731,7,14013464,14013466,239732,5,14013470,14013471,-9223372036854775807
N17A4_KV,centroid.motifs,80,239733,7,14013479,14013481,239734,5,14013485,14013486,-9223372036854775807
N17A4_KV,centroid.motifs,81,239735,7,14013494,14013496,239736,5,14013500,14013501,-9223372036854775807
N17A4_KV,centroid.motifs,82,239737,7,14013509,14013511,239738,5,14013515,14013516,-9223372036854775807
N17A4_KV,centroid.motifs,83,239739,7,14013524,14013526,239740,5,14013530,14013531,-9223372036854775807
N17A4_KV,centroid.motifs,84,239741,7,14013539,14013541,239742,5,14013545,14013546,-9223372036854775807
N17A4_KV,centroid.motifs,85,239743,7,14013554,14013556,239744,5,14013560,14013561,-9223372036854775807
N17A4_KV,centroid.motifs,86,239745,7,14013569,14013571,239746,5,14013575,14013576,-9223372036854775807
N17A4_KV,centroid.motifs,87,239747,7,14013584,14013586,239748,5,14013590,14013591,-9223372036854775807
N17A4_KV,centroid.motifs,88,239749,7,14013599,14013601,239750,5,14013605,14013606,-9223372036854775807
N17A4_KV,centroid.motifs,89,239751,7,14013614,14013616,239752,5,14013620,14013621,-9223372036854775807
N17A4_KV,centroid.motifs,90,239753,7,14013629,14013631,239754,5,14013635,14013636,-9223372036854775807
N17A4_KV,centroid.motifs,91,239755,7,14013644,14013646,239756,5,14013650,14013651,-9223372036854775807
N17A4_KV,centroid.motifs,92,239757,7,14013659,14013661,239758,5,14013665,14013666,-9223372036854775807
N17A4_KV,centroid.motifs,93,239759,7,14013674,14013676,239760,5,14013680,14013681,-9223372036854775807
N17A4_KV,centroid.motifs,94,239761,7,14013689,14013691,239762,5,14013695,14013696,-9223372036854775807
N17A4_KV,centroid.motifs,95,239763,7,14013704,14013706,239764,5,14013710,14013711,-9223372036854775807
N17A4_KV,centroid.motifs,96,239765,7,14013719,14013721,239766,5,14013725,14013726,-9223372036854775807
N17A4_KV,centroid.motifs,97,239767,7,14013734,14013736,239768,5,14013740,14013741,-9223372036854775807
N17A4_KV,centroid.motifs,98,239769,7,14013749,14013751,239770,5,14013755,14013756,-9223372036854775807
N17A4_KV,centroid.motifs,99,239771,7,14013764,14013766,239772,5,14013770,14013771,-9223372036854775807
N17A4_KV,centroid.motifs,100,239773,7,14013779,14013781,239774,5,14013785,14013786,-9223372036854775807
N17A4_KV,centroid.motifs,101,239775,7,14013794,14013796,239776,5,14013800,14013801,-9223372036854775807
N17A4_KV,centroid.motifs,102,239777,7,14013809,14013811,239778,5,14013816,14013817,-9223372036854775807
N17A4_KV,centroid.motifs,103,239779,7,14013825,14013827,239780,5,14013832,14013833,-9223372036854775807
N17A4_KV,centroid.motifs,104,239781,7,14013841,14013843,239782,5,14013848,14013849,-9223372036854775807
N17A4_KV,centroid.motifs,105,239783,7,14013857,14013859,239784,5,14013864,14013865,-9223372036854775807
N17A4_KV,centroid.motifs,106,239785,7,14013873,14013875,239786,5,14013880,14013881,-9223372036854775807
N17A4_KV,centroid.motifs,107,239787,7,14013889,14013891,239788,5,14013896,14013897,-9223372036854775807
N17A4_KV,centroid.motifs,108,239789,7,14013905,14013907,239790,5,14013912,14013913,-9223372036854775807
N17A4_KV,centroid.motifs,109,239791,7,14013921,14013923,239792,5,14013928,14013929,-9223372036854775807
N17A4_KV,centroid.motifs,110,239793,7,14013937,14013939,239794,5,14013944,14013945,-9223372036854775807
N17A4_KV,centroid.motifs,111,239795,7,14013953,14013955,239796,5,14013960,14013961,-9223372036854775807
N17A4_KV,centroid.motifs,112,239797,7,14013969,14013971,239798,5,14013976,14013977,-9223372036854775807
N17A4_KV,centroid.motifs,113,239799,7,14013985,14013987,239800,5,14013992,14013993,-9223372036854775807
N17A4_KV,centroid.motifs,114,239801,7,14014001,14014003,239802,5,14014008,14014009,-9223372036854775807
N17A4_KV,centroid.motifs,115,239803,7,14014017,14014019,239804,5,14014024,14014025,-9223372036854775807
N17A4_KV,centroid.motifs,116,239805,7,14014033,14014035,239806,5,14014040,14014041,-9223372036854775807
N17A4_KV,centroid.motifs,117,239807,7,14014049,14014051,239808,5,14014056,14014057,-9223372036854775807
N17A4_KV,centroid.motifs,118,239809,7,14014065,14014067,239810,5,14014072,14014073,-9223372036854775807
N17A4_KV,centroid.motifs,119,239811,7,14014081,14014083,239812,5,14014088,14014089,-9223372036854775807
N17A4_KV,centroid.motifs,120,239813,7,14014097,14014099,239814,5,14014104,14014105,-9223372036854775807
N17A4_KV,centroid.motifs,121,239815,7,14014113,14014115,239816,5,14014120,14014121,-9223372036854775807
N17A4_KV,centroid.motifs,122,239817,7,14014129,14014131,239818,5,14014136,14014137,-9223372036854775807
N17A4_KV,centroid.motifs,123,239819,7,14014145,14014147,239820,5,14014152,14014153,-9223372036854775807
N17A4_KV,centroid.motifs,124,239821,7,14014161,14014163,239822,5,14014168,14014169,-9223372036854775807
N17A4_KV,centroid.motifs,125,239823,7,14014177,14014179,239824,5,14014184,14014185,-9223372036854775807
N17A4_KV,centroid.motifs,126,239825,7,14014193,14014195,239826,5,14014200,14014201,-9223372036854775807
N17A4_KV,centroid.motifs,127,239827,7,14014209,14014211,239828,5,14014216,14014217,-9223372036854775807
N17A4_KV,centroid.motifs,128,239829,7,14014225,14014227,239830,5,14014232,14014233,-9223372036854775807
N17A4_KV,centroid.motifs,129,239831,7,14014241,14014243,239832,5,14014248,14014249,-9223372036854775807
N17A4_KV,centroid.motifs,130,239833,7,14014257,14014259,239834,5,14014264,14014265,-9223372036854775807
N17A4_KV,centroid.motifs,131,239835,7,14014273,14014275,239836,5,14014280,14014281,-9223372036854775807
N17A4_KV,centroid.motifs,132,239837,7,14014289,14014291,239838,5,14014296,14014297,-9223372036854775807
N17A4_KV,centroid.motifs,133,239839,7,14014305,14014307,239840,5,14014312,14014313,-9223372036854775807
N17A4_KV,centroid.motifs,134,239841,7,14014321,14014323,239842,5,14014328,14014329,-9223372036854775807
N17A4_KV,centroid.motifs,135,239843,7,14014337,14014339,239844,5,14014344,14014345,-9223372036854775807
N17A4_KV,centroid.motifs,136,239845,7,14014353,14014355,239846,5,14014360,14014361,-9223372036854775807
N17A4_KV,centroid.motifs,137,239847,7,14014369,14014371,239848,5,14014376,14014377,-9223372036854775807
N17A4_KV,centroid.motifs,138,239849,7,14014385,14014387,239850,5,14014392,14014393,-9223372036854775807
N17A4_KV,centroid.motifs,139,239851,7,14014401,14014403,239852,5,14014408,14014409,-9223372036854775807
N17A4_KV,centroid.motifs,140,239853,7,14014417,14014419,239854,5,14014424,14014425,-9223372036854775807
N17A4_KV,centroid.motifs,141,239855,7,14014433,14014435,239856,5,14014440,14014441,-9223372036854775807
N17A4_KV,centroid.motifs,142,239857,7,14014449,14014451,239858,5,14014456,14014457,-9223372036854775807
N17A4_KV,centroid.motifs,143,239859,7,14014465,14014467,239860,5,14014472,14014473,-9223372036854775807
N17A4_KV,centroid.motifs,144,239861,7,14014481,14014483,239862,5,14014488,14014489,-9223372036854775807
N17A4_KV,centroid.motifs,145,239863,7,14014497,14014499,239864,5,14014504,14014505,-9223372036854775807
N17A4_KV,centroid.motifs,146,239865,7,14014513,14014515,239866,5,14014520,14014521,-9223372036854775807
N17A4_KV,centroid.motifs,147,239867,7,14014529,14014531,239868,5,14014536,14014537,-9223372036854775807
N17A4_KV,centroid.motifs,148,239869,7,14014545,14014547,239870,5,14014552,14014553,-9223372036854775807
N17A4_KV,centroid.motifs,149,239871,7,14014561,14014563,239872,5,14014568,14014569,-9223372036854775807
N17A4_KV,centroid.motifs,150,239873,7,14014577,14014579,239874,5,14014584,14014585,-9223372036854775807
N17A4_KV,centroid.motifs,151,239875,7,14014593,14014595,239876,5,14014600,14014601,-9223372036854775807
N17A4_KV,centroid.motifs,152,239877,7,14014609,14014611,239878,5,14014616,14014617,-9223372036854775807
N17A4_KV,centroid.motifs,153,239879,7,14014625,14014627,239880,5,14014632,14014633,-9223372036854775807
N17A4_KV,centroid.motifs,154,239881,7,14014641,14014643,239882,5,14014648,14014649,-9223372036854775807
N17A4_KV,centroid.motifs,155,239883,7,14014657,14014659,239884,5,14014664,14014665,-9223372036854775807
N17A4_KV,centroid.motifs,156,239885,7,14014673,14014675,239886,5,14014681,14014682,-9223372036854775807
N17A4_KV,centroid.motifs,157,239887,7,14014690,14014692,239888,5,14014698,14014699,-9223372036854775807
N17A4_KV,centroid.motifs,158,239889,7,14014707,14014709,239890,5,14014715,14014716,-9223372036854775807
N17A4_KV,centroid.motifs,159,239891,7,14014724,14014726,239892,5,14014732,14014733,-9223372036854775807
N17A4_KV,centroid.motifs,160,239893,7,14014741,14014743,239894,5,14014749,14014750,-9223372036854775807
N17A4_KV,centroid.motifs,161,239895,7,14014758,14014760,239896,5,14014766,14014767,-9223372036854775807
N17A4_KV,centroid.motifs,162,239897,7,14014775,14014777,239898,5,14014783,14014784,-9223372036854775807
N17A4_KV,centroid.motifs,163,239899,7,14014792,14014794,239900,5,14014800,14014801,-9223372036854775807
N17A4_KV,centroid.motifs,164,239901,7,14014809,14014811,239902,5,14014817,14014818,-9223372036854775807
N17A4_KV,centroid.motifs,165,239903,7,14014826,14014828,239904,5,14014834,14014835,-9223372036854775807
N17A4_KV,centroid.motifs,166,239905,7,14014843,14014845,239906,5,14014851,14014852,-9223372036854775807
N17A4_KV,centroid.motifs,167,239907,7,14014860,14014862,239908,5,14014868,14014869,-9223372036854775807
N17A4_KV,centroid.motifs,168,239909,7,14014877,14014879,239910,5,14014885,14014886,-9223372036854775807
N17A4_KV,centroid.motifs,169,239911,7,14014894,14014896,239912,5,14014902,14014903,-9223372036854775807
N17A4_KV,centroid.motifs,170,239913,7,14014911,14014913,239914,5,14014919,14014920,-9223372036854775807
N17A4_KV,centroid.motifs,171,239915,7,14014928,14014930,239916,5,14014936,14014937,-9223372036854775807
N17A4_KV,centroid.motifs,172,239917,7,14014945,14014947,239918,5,14014953,14014954,-9223372036854775807
N17A4_KV,centroid.motifs,173,239919,7,14014962,14014964,239920,5,14014970,14014971,-9223372036854775807
N17A4_KV,centroid.motifs,174,239921,7,14014979,14014981,239922,5,14014987,14014988,-9223372036854775807
N17A4_KV,centroid.motifs,175,239923,7,14014996,14014998,239924,5,14015004,14015005,-9223372036854775807
N17A4_KV,centroid.motifs,176,239925,7,14015013,14015015,239926,5,14015021,14015022,-9223372036854775807
N17A4_KV,centroid.motifs,177,239927,7,14015030,14015032,239928,5,14015038,14015039,-9223372036854775807
N17A4_KV,centroid.motifs,178,239929,7,14015047,14015049,239930,5,14015055,14015056,-9223372036854775807
N17A4_KV,centroid.motifs,179,239931,7,14015064,14015066,239932,5,14015072,14015073,-9223372036854775807
N17A4_KV,centroid.motifs,180,239933,7,14015081,14015083,239934,5,14015089,14015090,-9223372036854775807
N17A4_KV,centroid.motifs,181,239935,7,14015098,14015100,239936,5,14015106,14015107,-9223372036854775807
N17A4_KV,centroid.motifs,182,239937,7,14015115,14015117,239938,5,14015123,14015124,-9223372036854775807
N17A4_KV,centroid.motifs,183,239939,7,14015132,14015134,239940,5,14015140,14015141,-9223372036854775807
N17A4_KV,centroid.motifs,184,239941,7,14015149,14015151,239942,5,14015157,14015158,-9223372036854775807
N17A4_KV,centroid.motifs,185,239943,7,14015166,14015168,239944,5,14015174,14015175,-9223372036854775807
N17A4_KV,centroid.motifs,186,239945,7,14015183,14015185,239946,5,14015191,14015192,-9223372036854775807
N17A4_KV,centroid.motifs,187,239947,7,14015200,14015202,239948,5,14015208,14015209,-9223372036854775807
N17A4_KV,centroid.motifs,188,239949,7,14015217,14015219,239950,5,14015225,14015226,-9223372036854775807
N17A4_KV,centroid.motifs,189,239951,7,14015234,14015236,239952,5,14015242,14015243,-9223372036854775807
N17A4_KV,centroid.motifs,190,239953,7,14015251,14015253,239954,5,14015259,14015260,-9223372036854775807
N17A4_KV,centroid.motifs,191,239955,7,14015268,14015270,239956,5,14015276,14015277,-9223372036854775807
N17A4_KV,centroid.motifs,192,239957,7,14015285,14015287,239958,5,14015293,14015294,-9223372036854775807
N17A4_KV,centroid.motifs,193,239959,7,14015302,14015304,239960,5,14015310,14015311,-9223372036854775807
N17A4_KV,centroid.motifs,194,239961,7,14015319,14015321,239962,5,14015327,14015328,-9223372036854775807
N17A4_KV,centroid.motifs,195,239963,7,14015336,14015338,239964,5,14015344,14015345,-9223372036854775807
N17A4_KV,centroid.motifs,196,239965,7,14015353,14015355,239966,5,14015361,14015362,-9223372036854775807
N17A4_KV,centroid.motifs,197,239967,7,14015370,14015372,239968,5,14015378,14015379,-9223372036854775807
N17A4_KV,centroid.motifs,198,239969,7,14015387,14015389,239970,5,14015395,14015396,-9223372036854775807
N17A4_KV,centroid.motifs,199,239971,7,14015404,14015406,239972,5,14015412,14015413,-9223372036854775807
N17A4_KV,centroid.motifs,200,239973,7,14015421,14015423,239974,5,14015429,14015430,-9223372036854775807
N17A4_KV,centroid.motifs,201,239975,7,14015438,14015440,239976,5,14015446,14015447,-9223372036854775807
N17A4_KV,centroid.motifs,202,239977,7,14015455,14015457,239978,5,14015463,14015464,-9223372036854775807
N17A4_KV,centroid.motifs,203,239979,7,14015472,14015474,239980,5,14015480,14015481,-9223372036854775807
N17A4_KV,centroid.motifs,204,239981,7,14015489,14015491,239982,5,14015497,14015498,-9223372036854775807
N17A4_KV,centroid.motifs,205,239983,7,14015506,14015508,239984,5,14015514,14015515,-9223372036854775807
N17A4_KV,centroid.motifs,206,239985,7,14015523,14015525,239986,5,14015531,14015532,-9223372036854775807
N17A4_KV,centroid.motifs,207,239987,7,14015540,14015542,239988,5,14015548,14015549,-9223372036854775807
N17A4_KV,centroid.motifs,208,239989,7,14015557,14015559,239990,5,14015565,14015566,-9223372036854775807
N17A4_KV,centroid.motifs,209,239991,7,14015574,14015576,239992,5,14015583,14015584,-9223372036854775807
N17A4_KV,centroid.motifs,210,239993,7,14015592,14015594,239994,5,14015601,14015602,-9223372036854775807
N17A4_KV,centroid.motifs,211,239995,7,14015610,14015612,239996,5,14015619,14015620,-9223372036854775807
N17A4_KV,centroid.motifs,212,239997,7,14015628,14015630,239998,5,14015637,14015638,-9223372036854775807
N17A4_KV,centroid.motifs,213,239999,7,14015646,14015648,240000,5,14015655,14015656,-9223372036854775807
N17A4_KV,centroid.motifs,214,240001,7,14015664,14015666,240002,5,14015673,14015674,-9223372036854775807
N17A4_KV,centroid.motifs,215,240003,7,14015682,14015684,240004,5,14015691,14015692,-9223372036854775807
N17A4_KV,centroid.motifs,216,240005,7,14015700,14015702,240006,5,14015709,14015710,-9223372036854775807
N17A4_KV,centroid.motifs,217,240007,7,14015718,14015720,240008,5,14015727,14015728,-9223372036854775807
N17A4_KV,centroid.motifs,218,240009,7,14015736,14015738,240010,5,14015745,14015746,-9223372036854775807
N17A4_KV,centroid.motifs,219,240011,7,14015754,14015756,240012,5,14015763,14015764,-9223372036854775807
N17A4_KV,centroid.motifs,220,240013,7,14015772,14015774,240014,5,14015781,14015782,-9223372036854775807
N17A4_KV,centroid.motifs,221,240015,7,14015790,14015792,240016,5,14015799,14015800,-9223372036854775807
N17A4_KV,centroid.motifs,222,240017,7,14015808,14015810,240018,5,14015817,14015818,-9223372036854775807
N17A4_KV,centroid.motifs,223,240019,7,14015826,14015828,240020,5,14015835,14015836,-9223372036854775807
N17A4_KV,centroid.motifs,224,240021,7,14015844,14015846,240022,5,14015853,14015854,-9223372036854775807
N17A4_KV,centroid.motifs,225,240023,7,14015862,14015864,240024,5,14015871,14015872,-9223372036854775807
N17A4_KV,centroid.motifs,226,240025,7,14015880,14015882,240026,5,14015889,14015890,-9223372036854775807
N17A4_KV,centroid.motifs,227,240027,7,14015898,14015900,240028,5,14015907,14015908,-9223372036854775807
N17A4_KV,centroid.motifs,228,240029,7,14015916,14015918,240030,5,14015925,14015926,-9223372036854775807
N17A4_KV,centroid.motifs,229,240031,7,14015934,14015936,240032,5,14015943,14015944,-9223372036854775807
N17A4_KV,centroid.motifs,230,240033,7,14015952,14015954,240034,5,14015961,14015962,-9223372036854775807
N17A4_KV,centroid.motifs,231,240035,7,14015970,14015972,240036,5,14015979,14015980,-9223372036854775807
N17A4_KV,centroid.motifs,232,240037,7,14015988,14015990,240038,5,14015997,14015998,-9223372036854775807
N17A4_KV,centroid.motifs,233,240039,7,14016006,14016008,240040,5,14016015,14016016,-9223372036854775807
N17A4_KV,centroid.motifs,234,240041,7,14016024,14016026,240042,5,14016033,14016034,-9223372036854775807
N17A4_KV,centroid.motifs,235,240043,7,14016042,14016044,240044,5,14016051,14016052,-9223372036854775807
N17A4_KV,centroid.motifs,236,240045,7,14016060,14016062,240046,5,14016069,14016070,-9223372036854775807
N17A4_KV,centroid.motifs,237,240047,7,14016078,14016080,240048,5,14016087,14016088,-9223372036854775807
N17A4_KV,centroid.motifs,238,240049,7,14016096,14016098,240050,5,14016105,14016106,-9223372036854775807
N17A4_KV,centroid.motifs,239,240051,7,14016114,14016116,240052,5,14016123,14016124,-9223372036854775807
N17A4_KV,centroid.motifs,240,240053,7,14016132,14016134,240054,5,14016141,14016142,-9223372036854775807
N17A4_KV,centroid.motifs,241,240055,7,14016150,14016152,240056,5,14016159,14016160,-9223372036854775807
N17A4_KV,centroid.motifs,242,240057,7,14016168,14016170,240058,5,14016177,14016178,-9223372036854775807
N17A4_KV,centroid.motifs,243,240059,7,14016186,14016188,240060,5,14016195,14016196,-9223372036854775807
N17A4_KV,centroid.motifs,244,240061,7,14016204,14016206,240062,5,14016213,14016214,-9223372036854775807
N17A4_KV,centroid.motifs,245,240063,7,14016222,14016224,240064,5,14016231,14016232,-9223372036854775807
N17A4_KV,centroid.motifs,246,240065,7,14016240,14016242,240066,5,14016249,14016250,-9223372036854775807
N17A4_KV,centroid.motifs,247,240067,7,14016258,14016260,240068,5,14016267,14016268,-9223372036854775807
N17A4_KV,centroid.motifs,248,240069,7,14016276,14016278,240070,5,14016285,14016286,-9223372036854775807
N17A4_KV,centroid.motifs,249,240071,7,14016294,14016296,240072,5,14016303,14016304,-9223372036854775807
N17A4_KV,centroid.motifs,250,240073,7,14016312,14016314,240074,5,14016321,14016322,-9223372036854775807
N17A4_KV,centroid.motifs,251,240075,7,14016330,14016332,240076,5,14016339,14016340,-9223372036854775807
N17A4_KV,centroid.motifs,252,240077,7,14016348,14016350,240078,5,14016357,14016358,-9223372036854775807
N17A4_KV,centroid.motifs,253,240079,7,14016366,14016368,240080,5,14016375,14016376,-9223372036854775807
N17A4_KV,centroid.motifs,254,240081,7,14016384,14016386,240082,5,14016393,14016394,-9223372036854775807
N17A4_KV,centroid.motifs,255,240083,7,14016402,14016404,240084,5,14016411,14016412,-9223372036854775807
N17A4_KV,centroid.motifs,256,240085,7,14016420,14016422,240086,5,14016429,14016430,-9223372036854775807
N17A4_KV,centroid.motifs,257,240087,7,14016438,14016440,240088,5,14016447,14016448,-9223372036854775807
N17A4_KV,centroid.motifs,258,240089,7,14016456,14016458,240090,5,14016465,14016466,-9223372036854775807
N17A4_KV,centroid.motifs,259,240091,7,14016474,14016476,240092,5,14016483,14016484,-9223372036854775807
N17A4_KV,centroid.motifs,260,240093,7,14016492,14016494,240094,5,14016501,14016502,-9223372036854775807
N17A4_KV,centroid.motifs,261,240095,7,14016510,14016512,240096,5,14016515,14016516,-9223372036854775807
N17A4_KV,centroid.motifs,262,240097,7,14016524,14016526,240098,5,14016529,14016530,-9223372036854775807
N17A4_KV,centroid.motifs,263,240099,7,14016538,14016540,240100,5,14016543,14016544,-9223372036854775807
N17A4_KV,centroid.motifs,264,240101,7,14016552,14016554,240102,5,14016557,14016558,-9223372036854775807
N17A4_KV,centroid.motifs,265,240103,7,14016566,14016568,240104,5,14016571,14016572,-9223372036854775807
N17A4_KV,centroid.motifs,266,240105,7,14016580,14016582,240106,5,14016585,14016586,-9223372036854775807
N17A4_KV,centroid.motifs,267,240107,7,14016594,14016596,240108,5,14016599,14016600,-9223372036854775807
N17A4_KV,centroid.motifs,268,240109,7,14016608,14016610,240110,5,14016613,14016614,-9223372036854775807
N17A4_KV,centroid.motifs,269,240111,7,14016622,14016624,240112,5,14016627,14016628,-9223372036854775807
N17A4_KV,centroid.motifs,270,240113,7,14016636,14016638,240114,5,14016641,14016642,-9223372036854775807
N17A4_KV,centroid.motifs,271,240115,7,14016650,14016652,240116,5,14016655,14016656,-9223372036854775807
N17A4_KV,centroid.motifs,272,240117,7,14016664,14016666,240118,5,14016669,14016670,-9223372036854775807
N17A4_KV,centroid.motifs,273,240119,7,14016678,14016680,240120,5,14016683,14016684,-9223372036854775807
N17A4_KV,centroid.motifs,274,240121,7,14016692,14016694,240122,5,14016697,14016698,-9223372036854775807
N17A4_KV,centroid.motifs,275,240123,7,14016706,14016708,240124,5,14016711,14016712,-9223372036854775807
N17A4_KV,centroid.motifs,276,240125,7,14016720,14016722,240126,5,14016725,14016726,-9223372036854775807
N17A4_KV,centroid.motifs,277,240127,7,14016734,14016736,240128,5,14016739,14016740,-9223372036854775807
N17A4_KV,centroid.motifs,278,240129,7,14016748,14016750,240130,5,14016753,14016754,-9223372036854775807
N17A4_KV,centroid.motifs,279,240131,7,14016762,14016764,240132,5,14016767,14016768,-9223372036854775807
N17A4_KV,centroid.motifs,280,240133,7,14016776,14016778,240134,5,14016781,14016782,-9223372036854775807
N17A4_KV,centroid.motifs,281,240135,7,14016790,14016792,240136,5,14016795,14016796,-9223372036854775807
N17A4_KV,centroid.motifs,282,240137,7,14016804,14016806,240138,5,14016809,14016810,-9223372036854775807
N17A4_KV,centroid.motifs,283,240139,7,14016818,14016820,240140,5,14016823,14016824,-9223372036854775807
N17A4_KV,centroid.motifs,284,240141,7,14016832,14016834,240142,5,14016837,14016838,-9223372036854775807
N17A4_KV,centroid.motifs,285,240143,7,14016846,14016848,240144,5,14016851,14016852,-9223372036854775807
N17A4_KV,centroid.motifs,286,240145,7,14016860,14016862,240146,5,14016865,14016866,-9223372036854775807
N17A4_KV,centroid.motifs,287,240147,7,14016874,14016876,240148,5,14016879,14016880,-9223372036854775807
N17A4_KV,centroid.motifs,288,240149,7,14016888,14016890,240150,5,14016893,14016894,-9223372036854775807
N17A4_KV,centroid.motifs,289,240151,7,14016902,14016904,240152,5,14016907,14016908,-9223372036854775807
N17A4_KV,centroid.motifs,290,240153,7,14016916,14016918,240154,5,14016921,14016922,-9223372036854775807
N17A4_KV,centroid.motifs,291,240155,7,14016930,14016932,240156,5,14016935,14016936,-9223372036854775807
N17A4_KV,centroid.motifs,292,240157,7,14016944,14016946,240158,5,14016949,14016950,-9223372036854775807
N17A4_KV,centroid.motifs,293,240159,7,14016958,14016960,240160,5,14016963,14016964,-9223372036854775807
N17A4_KV,centroid.motifs,294,240161,7,14016972,14016974,240162,5,14016978,14016979,-9223372036854775807
N17A4_KV,centroid.motifs,295,240163,7,14016987,14016989,240164,5,14016993,14016994,-9223372036854775807
N17A4_KV,centroid.motifs,296,240165,7,14017002,14017004,240166,5,14017008,14017009,-9223372036854775807
N17A4_KV,centroid.motifs,297,240167,7,14017017,14017019,240168,5,14017023,14017024,-9223372036854775807
N17A4_KV,centroid.motifs,298,240169,7,14017032,14017034,240170,5,14017038,14017039,-9223372036854775807
N17A4_KV,centroid.motifs,299,240171,7,14017047,14017049,240172,5,14017053,14017054,-9223372036854775807
N17A4_KV,centroid.motifs,300,240173,7,14017062,14017064,240174,5,14017068,14017069,-9223372036854775807
N17A4_KV,centroid.motifs,301,240175,7,14017077,14017079,240176,5,14017083,14017084,-9223372036854775807
N17A4_KV,centroid.motifs,302,240177,7,14017092,14017094,240178,5,14017098,14017099,-9223372036854775807
N17A4_KV,centroid.motifs,303,240179,7,14017107,14017109,240180,5,14017113,14017114,-9223372036854775807
N17A4_KV,centroid.motifs,304,240181,7,14017122,14017124,240182,5,14017128,14017129,-9223372036854775807
N17A4_KV,centroid.motifs,305,240183,7,14017137,14017139,240184,5,14017143,14017144,-9223372036854775807
N17A4_KV,centroid.motifs,306,240185,7,14017152,14017154,240186,5,14017158,14017159,-9223372036854775807
N17A4_KV,centroid.motifs,307,240187,7,14017167,14017169,240188,5,14017173,14017174,-9223372036854775807
N17A4_KV,centroid.motifs,308,240189,7,14017182,14017184,240190,5,14017188,14017189,-9223372036854775807
N17A4_KV,centroid.motifs,309,240191,7,14017197,14017199,240192,5,14017203,14017204,-9223372036854775807
N17A4_KV,centroid.motifs,310,240193,7,14017212,14017214,240194,5,14017218,14017219,-9223372036854775807
N17A4_KV,centroid.motifs,311,240195,7,14017227,14017229,240196,5,14017233,14017234,-9223372036854775807
N17A4_KV,centroid.motifs,312,240197,7,14017242,14017244,240198,5,14017248,14017249,-9223372036854775807
N17A4_KV,centroid.motifs,313,240199,7,14017257,14017259,240200,5,14017263,14017264,-9223372036854775807
N17A4_KV,centroid.motifs,314,240201,7,14017272,14017274,240202,5,14017278,14017279,-9223372036854775807
N17A4_KV,centroid.motifs,315,240203,7,14017287,14017289,240204,5,14017293,14017294,-9223372036854775807
N17A4_KV,centroid.motifs,316,240205,7,14017302,14017304,240206,5,14017308,14017309,-9223372036854775807
N17A4_KV,centroid.motifs,317,240207,7,14017317,14017319,240208,5,14017323,14017324,-9223372036854775807
N17A4_KV,centroid.motifs,318,240209,7,14017332,14017334,240210,5,14017338,14017339,-9223372036854775807
N17A4_KV,centroid.motifs,319,240211,7,14017347,14017349,240212,5,14017353,14017354,-9223372036854775807
N17A4_KV,centroid.motifs,320,240213,7,14017362,14017364,240214,5,14017368,14017369,-9223372036854775807
N17A4_KV,centroid.motifs,321,240215,7,14017377,14017379,240216,5,14017383,14017384,-9223372036854775807
N17A4_KV,centroid.motifs,322,240217,7,14017392,14017394,240218,5,14017398,14017399,-9223372036854775807
N17A4_KV,centroid.motifs,323,240219,7,14017407,14017409,240220,5,14017413,14017414,-9223372036854775807
N17A4_KV,centroid.motifs,324,240221,7,14017422,14017424,240222,5,14017428,14017429,-9223372036854775807
N17A4_KV,centroid.motifs,325,240223,7,14017437,14017439,240224,5,14017443,14017444,-9223372036854775807
N17A4_KV,centroid.motifs,326,240225,7,14017452,14017454,240226,5,14017458,14017459,-9223372036854775807
N17A4_KV,centroid.motifs,327,240227,7,14017467,14017469,240228,5,14017473,14017474,-9223372036854775807
N17A4_KV,centroid.motifs,328,240229,7,14017482,14017484,240230,5,14017488,14017489,-9223372036854775807
N17A4_KV,centroid.motifs,329,240231,7,14017497,14017499,240232,5,14017503,14017504,-9223372036854775807
N17A4_KV,centroid.motifs,330,240233,7,14017512,14017514,240234,5,14017518,14017519,-9223372036854775807
N17A4_KV,centroid.motifs,331,240235,7,14017527,14017529,240236,5,14017533,14017534,-9223372036854775807
N17A4_KV,centroid.motifs,332,240237,7,14017542,14017544,240238,5,14017548,14017549,-9223372036854775807
N17A4_KV,centroid.motifs,333,240239,7,14017557,14017559,240240,5,14017563,14017564,-9223372036854775807
N17A4_KV,centroid.motifs,334,240241,7,14017572,14017574,240242,5,14017578,14017579,-9223372036854775807
N17A4_KV,centroid.motifs,335,240243,7,14017587,14017589,240244,5,14017593,14017594,-9223372036854775807
N17A4_KV,centroid.motifs,336,240245,7,14017602,14017604,240246,5,14017608,14017609,-9223372036854775807
N17A4_KV,centroid.motifs,337,240247,7,14017617,14017619,240248,5,14017623,14017624,-9223372036854775807
N17A4_KV,centroid.motifs,338,240249,7,14017632,14017634,240250,5,14017638,14017639,-9223372036854775807
N17A4_KV,centroid.motifs,339,240251,7,14017647,14017649,240252,5,14017653,14017654,-9223372036854775807
N17A4_KV,centroid.motifs,340,240253,7,14017662,14017664,240254,5,14017668,14017669,-9223372036854775807
N17A4_KV,centroid.motifs,341,240255,7,14017677,14017679,240256,5,14017684,14017685,-9223372036854775807
N17A4_KV,centroid.motifs,342,240257,7,14017693,14017695,240258,5,14017700,14017701,-9223372036854775807
N17A4_KV,centroid.motifs,343,240259,7,14017709,14017711,240260,5,14017716,14017717,-9223372036854775807
N17A4_KV,centroid.motifs,344,240261,7,14017725,14017727,240262,5,14017732,14017733,-9223372036854775807
N17A4_KV,centroid.motifs,345,240263,7,14017741,14017743,240264,5,14017748,14017749,-9223372036854775807
N17A4_KV,centroid.motifs,346,240265,7,14017757,14017759,240266,5,14017764,14017765,-9223372036854775807
N17A4_KV,centroid.motifs,347,240267,7,14017773,14017775,240268,5,14017780,14017781,-9223372036854775807
N17A4_KV,centroid.motifs,348,240269,7,14017789,14017791,240270,5,14017796,14017797,-9223372036854775807
N17A4_KV,centroid.motifs,349,240271,7,14017805,14017807,240272,5,14017812,14017813,-9223372036854775807
N17A4_KV,centroid.motifs,350,240273,7,14017821,14017823,240274,5,14017828,14017829,-9223372036854775807
N17A4_KV,centroid.motifs,351,240275,7,14017837,14017839,240276,5,14017844,14017845,-9223372036854775807
N17A4_KV,centroid.motifs,352,240277,7,14017853,14017855,240278,5,14017860,14017861,-9223372036854775807
N17A4_KV,centroid.motifs,353,240279,7,14017869,14017871,240280,5,14017876,14017877,-9223372036854775807
N17A4_KV,centroid.motifs,354,240281,7,14017885,14017887,240282,5,14017892,14017893,-9223372036854775807
N17A4_KV,centroid.motifs,355,240283,7,14017901,14017903,240284,5,14017908,14017909,-9223372036854775807
N17A4_KV,centroid.motifs,356,240285,7,14017917,14017919,240286,5,14017924,14017925,-9223372036854775807
N17A4_KV,centroid.motifs,357,240287,7,14017933,14017935,240288,5,14017940,14017941,-9223372036854775807
N17A4_KV,centroid.motifs,358,240289,7,14017949,14017951,240290,5,14017956,14017957,-9223372036854775807
N17A4_KV,centroid.motifs,359,240291,7,14017965,14017967,240292,5,14017972,14017973,-9223372036854775807
N17A4_KV,centroid.motifs,360,240293,7,14017981,14017983,240294,5,14017988,14017989,-9223372036854775807
N17A4_KV,centroid.motifs,361,240295,7,14017997,14017999,240296,5,14018004,14018005,-9223372036854775807
N17A4_KV,centroid.motifs,362,240297,7,14018013,14018015,240298,5,14018020,14018021,-9223372036854775807
N17A4_KV,centroid.motifs,363,240299,7,14018029,14018031,240300,5,14018036,14018037,-9223372036854775807
N17A4_KV,centroid.motifs,364,240301,7,14018045,14018047,240302,5,14018052,14018053,-9223372036854775807
N17A4_KV,centroid.motifs,365,240303,7,14018061,14018063,240304,5,14018068,14018069,-9223372036854775807
N17A4_KV,centroid.motifs,366,240305,7,14018077,14018079,240306,5,14018084,14018085,-9223372036854775807
N17A4_KV,centroid.motifs,367,240307,7,14018093,14018095,240308,5,14018100,14018101,-9223372036854775807
N17A4_KV,centroid.motifs,368,240309,7,14018109,14018111,240310,5,14018116,14018117,-9223372036854775807
N17A4_KV,centroid.motifs,369,240311,7,14018125,14018127,240312,5,14018132,14018133,-9223372036854775807
N17A4_KV,centroid.motifs,370,240313,7,14018141,14018143,240314,5,14018148,14018149,-9223372036854775807
N17A4_KV,centroid.motifs,371,240315,7,14018157,14018159,240316,5,14018164,14018165,-9223372036854775807
N17A4_KV,centroid.motifs,372,240317,7,14018173,14018175,240318,5,14018180,14018181,-9223372036854775807
N17A4_KV,centroid.motifs,373,240319,7,14018189,14018191,240320,5,14018196,14018197,-9223372036854775807
N17A4_KV,centroid.motifs,374,240321,7,14018205,14018207,240322,5,14018212,14018213,-9223372036854775807
N17A4_KV,centroid.motifs,375,240323,7,14018221,14018223,240324,5,14018228,14018229,-9223372036854775807
N17A4_KV,centroid.motifs,376,240325,7,14018237,14018239,240326,5,14018244,14018245,-9223372036854775807
N17A4_KV,centroid.motifs,377,240327,7,14018253,14018255,240328,5,14018260,14018261,-9223372036854775807
N17A4_KV,centroid.motifs,378,240329,7,14018269,14018271,240330,5,14018276,14018277,-9223372036854775807
N17A4_KV,centroid.motifs,379,240331,7,14018285,14018287,240332,5,14018292,14018293,-9223372036854775807
N17A4_KV,centroid.motifs,380,240333,7,14018301,14018303,240334,5,14018308,14018309,-9223372036854775807
N17A4_KV,centroid.motifs,381,240335,7,14018317,14018319,240336,5,14018324,14018325,-9223372036854775807
N17A4_KV,centroid.motifs,382,240337,7,14018333,14018335,240338,5,14018340,14018341,-9223372036854775807
N17A4_KV,centroid.motifs,383,240339,7,14018349,14018351,240340,5,14018356,14018357,-9223372036854775807
N17A4_KV,centroid.motifs,384,240341,7,14018365,14018367,240342,5,14018372,14018373,-9223372036854775807
N17A4_KV,centroid.motifs,385,240343,7,14018381,14018383,240344,5,14018388,14018389,-9223372036854775807
N17A4_KV,centroid.motifs,386,240345,7,14018397,14018399,240346,5,14018404,14018405,-9223372036854775807
N17A4_KV,centroid.motifs,387,240347,7,14018413,14018415,240348,5,14018420,14018421,-9223372036854775807
N17A4_KV,centroid.motifs,388,240349,7,14018429,14018431,240350,5,14018436,14018437,-9223372036854775807
N17A4_KV,centroid.motifs,389,240351,7,14018445,14018447,240352,5,14018452,14018453,-9223372036854775807
N17A4_KV,centroid.motifs,390,240353,7,14018461,14018463,240354,5,14018468,14018469,-9223372036854775807
N17A4_KV,centroid.motifs,391,240355,7,14018477,14018479,240356,5,14018485,14018486,-9223372036854775807
N17A4_KV,centroid.motifs,392,240357,7,14018494,14018496,240358,5,14018502,14018503,-9223372036854775807
N17A4_KV,centroid.motifs,393,240359,7,14018511,14018513,240360,5,14018519,14018520,-9223372036854775807
N17A4_KV,centroid.motifs,394,240361,7,14018528,14018530,240362,5,14018536,14018537,-9223372036854775807
N17A4_KV,centroid.motifs,395,240363,7,14018545,14018547,240364,5,14018553,14018554,-9223372036854775807
N17A4_KV,centroid.motifs,396,240365,7,14018562,14018564,240366,5,14018570,14018571,-9223372036854775807
N17A4_KV,centroid.motifs,397,240367,7,14018579,14018581,240368,5,14018587,14018588,-9223372036854775807
N17A4_KV,centroid.motifs,398,240369,7,14018596,14018598,240370,5,14018604,14018605,-9223372036854775807
N17A4_KV,centroid.motifs,399,240371,7,14018613,14018615,240372,5,14018621,14018622,-9223372036854775807
N17A4_KV,centroid.motifs,400,240373,7,14018630,14018632,240374,5,14018638,14018639,-9223372036854775807
N17A4_KV,centroid.motifs,401,240375,7,14018647,14018649,240376,5,14018655,14018656,-9223372036854775807
N17A4_KV,centroid.motifs,402,240377,7,14018664,14018666,240378,5,14018672,14018673,-9223372036854775807
N17A4_KV,centroid.motifs,403,240379,7,14018681,14018683,240380,5,14018689,14018690,-9223372036854775807
N17A4_KV,centroid.motifs,404,240381,7,14018698,14018700,240382,5,14018706,14018707,-9223372036854775807
N17A4_KV,centroid.motifs,405,240383,7,14018715,14018717,240384,5,14018723,14018724,-9223372036854775807
N17A4_KV,centroid.motifs,406,240385,7,14018732,14018734,240386,5,14018740,14018741,-9223372036854775807
N17A4_KV,centroid.motifs,407,240387,7,14018749,14018751,240388,5,14018757,14018758,-9223372036854775807
N17A4_KV,centroid.motifs,408,240389,7,14018766,14018768,240390,5,14018774,14018775,-9223372036854775807
N17A4_KV,centroid.motifs,409,240391,7,14018783,14018785,240392,5,14018791,14018792,-9223372036854775807
N17A4_KV,centroid.motifs,410,240393,7,14018800,14018802,240394,5,14018808,14018809,-9223372036854775807
N17A4_KV,centroid.motifs,411,240395,7,14018817,14018819,240396,5,14018825,14018826,-9223372036854775807
N17A4_KV,centroid.motifs,412,240397,7,14018834,14018836,240398,5,14018842,14018843,-9223372036854775807
N17A4_KV,centroid.motifs,413,240399,7,14018851,14018853,240400,5,14018859,14018860,-9223372036854775807
N17A4_KV,centroid.motifs,414,240401,7,14018868,14018870,240402,5,14018876,14018877,-9223372036854775807
N17A4_KV,centroid.motifs,415,240403,7,14018885,14018887,240404,5,14018893,14018894,-9223372036854775807
N17A4_KV,centroid.motifs,416,240405,7,14018902,14018904,240406,5,14018910,14018911,-9223372036854775807
N17A4_KV,centroid.motifs,417,240407,7,14018919,14018921,240408,5,14018927,14018928,-9223372036854775807
N17A4_KV,centroid.motifs,418,240409,7,14018936,14018938,240410,5,14018944,14018945,-9223372036854775807
N17A4_KV,centroid.motifs,419,240411,7,14018953,14018955,240412,5,14018961,14018962,-9223372036854775807
N17A4_KV,centroid.motifs,420,240413,7,14018970,14018972,240414,5,14018978,14018979,-9223372036854775807
N17A4_KV,centroid.motifs,421,240415,7,14018987,14018989,240416,5,14018995,14018996,-9223372036854775807
N17A4_KV,centroid.motifs,422,240417,7,14019004,14019006,240418,5,14019012,14019013,-9223372036854775807
N17A4_KV,centroid.motifs,423,240419,7,14019021,14019023,240420,5,14019029,14019030,-9223372036854775807
N17A4_KV,centroid.motifs,424,240421,7,14019038,14019040,240422,5,14019046,14019047,-9223372036854775807
N17A4_KV,centroid.motifs,425,240423,7,14019055,14019057,240424,5,14019063,14019064,-9223372036854775807
N17A4_KV,centroid.motifs,426,240425,7,14019072,14019074,240426,5,14019080,14019081,-9223372036854775807
N17A4_KV,centroid.motifs,427,240427,7,14019089,14019091,240428,5,14019097,14019098,-9223372036854775807
N17A4_KV,centroid.motifs,428,240429,7,14019106,14019108,240430,5,14019114,14019115,-9223372036854775807
N17A4_KV,centroid.motifs,429,240431,7,14019123,14019125,240432,5,14019131,14019132,-9223372036854775807
N17A4_KV,centroid.motifs,430,240433,7,14019140,14019142,240434,5,14019148,14019149,-9223372036854775807
N17A4_KV,centroid.motifs,431,240435,7,14019157,14019159,240436,5,14019165,14019166,-9223372036854775807
N17A4_KV,centroid.motifs,432,240437,7,14019174,14019176,240438,5,14019182,14019183,-9223372036854775807
N17A4_KV,centroid.motifs,433,240439,7,14019191,14019193,240440,5,14019199,14019200,-9223372036854775807
N17A4_KV,centroid.motifs,434,240441,7,14019208,14019210,240442,5,14019216,14019217,-9223372036854775807
N17A4_KV,centroid.motifs,435,240443,7,14019225,14019227,240444,5,14019233,14019234,-9223372036854775807
N17A4_KV,centroid.motifs,436,240445,7,14019242,14019244,240446,5,14019250,14019251,-9223372036854775807
N17A4_KV,centroid.motifs,437,240447,7,14019259,14019261,240448,5,14019267,14019268,-9223372036854775807
N17A4_KV,centroid.motifs,438,240449,7,14019276,14019278,240450,5,14019284,14019285,-9223372036854775807
N17A4_KV,centroid.motifs,439,240451,7,14019293,14019295,240452,5,14019301,14019302,-9223372036854775807
N17A4_KV,centroid.motifs,440,240453,7,14019310,14019312,240454,5,14019318,14019319,-9223372036854775807
N17A4_KV,centroid.motifs,441,240455,7,14019327,14019329,240456,5,14019336,14019337,-9223372036854775807
N17A4_KV,centroid.motifs,442,240457,7,14019345,14019347,240458,5,14019354,14019355,-9223372036854775807
N17A4_KV,centroid.motifs,443,240459,7,14019363,14019365,240460,5,14019372,14019373,-9223372036854775807
N17A4_KV,centroid.motifs,444,240461,7,14019381,14019383,240462,5,14019390,14019391,-9223372036854775807
N17A4_KV,centroid.motifs,445,240463,7,14019399,14019401,240464,5,14019408,14019409,-9223372036854775807
N17A4_KV,centroid.motifs,446,240465,7,14019417,14019419,240466,5,14019426,14019427,-9223372036854775807
N17A4_KV,centroid.motifs,447,240467,7,14019435,14019437,240468,5,14019444,14019445,-9223372036854775807
N17A4_KV,centroid.motifs,448,240469,7,14019453,14019455,240470,5,14019462,14019463,-9223372036854775807
N17A4_KV,centroid.motifs,449,240471,7,14019471,14019473,240472,5,14019480,14019481,-9223372036854775807
N17A4_KV,centroid.motifs,450,240473,7,14019489,14019491,240474,5,14019498,14019499,-9223372036854775807
N17A4_KV,centroid.motifs,451,240475,7,14019507,14019509,240476,5,14019516,14019517,-9223372036854775807
N17A4_KV,centroid.motifs,452,240477,7,14019525,14019527,240478,5,14019534,14019535,-9223372036854775807
N17A4_KV,centroid.motifs,453,240479,7,14019543,14019545,240480,5,14019552,14019553,-9223372036854775807
N17A4_KV,centroid.motifs,454,240481,7,14019561,14019563,240482,5,14019570,14019571,-9223372036854775807
N17A4_KV,centroid.motifs,455,240483,7,14019579,14019581,240484,5,14019588,14019589,-9223372036854775807
N17A4_KV,centroid.motifs,456,240485,7,14019597,14019599,240486,5,14019606,14019607,-9223372036854775807
N17A4_KV,centroid.motifs,457,240487,7,14019615,14019617,240488,5,14019624,14019625,-9223372036854775807
N17A4_KV,centroid.motifs,458,240489,7,14019633,14019635,240490,5,14019642,14019643,-9223372036854775807
N17A4_KV,centroid.motifs,459,240491,7,14019651,14019653,240492,5,14019660,14019661,-9223372036854775807
N17A4_KV,centroid.motifs,460,240493,7,14019669,14019671,240494,5,14019678,14019679,-9223372036854775807
N17A4_KV,centroid.motifs,461,240495,7,14019687,14019689,240496,5,14019696,14019697,-9223372036854775807
N17A4_KV,centroid.motifs,462,240497,7,14019705,14019707,240498,5,14019714,14019715,-9223372036854775807
N17A4_KV,centroid.motifs,463,240499,7,14019723,14019725,240500,5,14019732,14019733,-9223372036854775807
N17A4_KV,centroid.motifs,464,240501,7,14019741,14019743,240502,5,14019750,14019751,-9223372036854775807
N17A4_KV,centroid.motifs,465,240503,7,14019759,14019761,240504,5,14019768,14019769,-9223372036854775807
N17A4_KV,centroid.motifs,466,240505,7,14019777,14019779,240506,5,14019786,14019787,-9223372036854775807
N17A4_KV,centroid.motifs,467,240507,7,14019795,14019797,240508,5,14019804,14019805,-9223372036854775807
N17A4_KV,centroid.motifs,468,240509,7,14019813,14019815,240510,5,14019822,14019823,-9223372036854775807
N17A4_KV,centroid.motifs,469,240511,7,14019831,14019833,240512,5,14019840,14019841,-9223372036854775807
N17A4_KV,centroid.motifs,470,240513,7,14019849,14019851,240514,5,14019858,14019859,-9223372036854775807
N17A4_KV,centroid.motifs,471,240515,7,14019867,14019869,240516,5,14019876,14019877,-9223372036854775807
N17A4_KV,centroid.motifs,472,240517,7,14019885,14019887,240518,5,14019894,14019895,-9223372036854775807
N17A4_KV,centroid.motifs,473,240519,7,14019903,14019905,240520,5,14019912,14019913,-9223372036854775807
N17A4_KV,centroid.motifs,474,240521,7,14019921,14019923,240522,5,14019930,14019931,-9223372036854775807
N17A4_KV,centroid.motifs,475,240523,7,14019939,14019941,240524,5,14019948,14019949,-9223372036854775807
N17A4_KV,centroid.motifs,476,240525,7,14019957,14019959,240526,5,14019966,14019967,-9223372036854775807
N17A4_KV,centroid.motifs,477,240527,7,14019975,14019977,240528,5,14019984,14019985,-9223372036854775807
N17A4_KV,centroid.motifs,478,240529,7,14019993,14019995,240530,5,14020002,14020003,-9223372036854775807
N17A4_KV,centroid.motifs,479,240531,7,14020011,14020013,240532,5,14020020,14020021,-9223372036854775807
N17A4_KV,centroid.motifs,480,240533,7,14020029,14020031,240534,5,14020038,14020039,-9223372036854775807
N17A4_KV,centroid.motifs,481,240535,7,14020047,14020049,240536,5,14020056,14020057,-9223372036854775807
N17A4_KV,centroid.motifs,482,240537,7,14020065,14020067,240538,5,14020074,14020075,-9223372036854775807
N17A4_KV,centroid.motifs,483,240539,7,14020083,14020085,240540,5,14020092,14020093,-9223372036854775807
N17A4_KV,centroid.motifs,484,240541,7,14020101,14020103,240542,5,14020110,14020111,-9223372036854775807
N17A4_KV,centroid.motifs,485,240543,7,14020119,14020121,240544,5,14020128,14020129,-9223372036854775807
N17A4_KV,centroid.motifs,486,240545,7,14020137,14020139,240546,5,14020146,14020147,-9223372036854775807
N17A4_KV,centroid.motifs,487,240547,7,14020155,14020157,240548,5,14020164,14020165,-9223372036854775807
N17A4_KV,centroid.motifs,488,240549,7,14020173,14020175,240550,5,14020182,14020183,-9223372036854775807
N17A4_KV,centroid.motifs,489,240551,7,14020191,14020193,240552,5,14020200,14020201,-9223372036854775807
N17A4_KV,centroid.motifs,490,240553,7,14020209,14020211,240554,5,14020214,14020215,-9223372036854775807
N17A4_KV,centroid.motifs,491,240555,7,14020223,14020225,240556,5,14020228,14020229,-9223372036854775807
N17A4_KV,centroid.motifs,492,240557,7,14020237,14020239,240558,5,14020242,14020243,-9223372036854775807
N17A4_KV,centroid.motifs,493,240559,7,14020251,14020253,240560,5,14020256,14020257,-9223372036854775807
N17A4_KV,centroid.motifs,494,240561,7,14020265,14020267,240562,5,14020270,14020271,-9223372036854775807
N17A4_KV,centroid.motifs,495,240563,7,14020279,14020281,240564,5,14020284,14020285,-9223372036854775807
N17A4_KV,centroid.motifs,496,240565,7,14020293,14020295,240566,5,14020298,14020299,-9223372036854775807
N17A4_KV,centroid.motifs,497,240567,7,14020307,14020309,240568,5,14020312,14020313,-9223372036854775807
N17A4_KV,centroid.motifs,498,240569,7,14020321,14020323,240570,5,14020326,14020327,-9223372036854775807
N17A4_KV,centroid.motifs,499,240571,7,14020335,14020337,240572,5,14020340,14020341,-9223372036854775807
N17A4_KV,centroid.motifs,500,240573,7,14020349,14020351,240574,5,14020354,14020355,-9223372036854775807
N17A4_KV,centroid.motifs,501,240575,7,14020363,14020365,240576,5,14020368,14020369,-9223372036854775807
N17A4_KV,centroid.motifs,502,240577,7,14020377,14020379,240578,5,14020382,14020383,-9223372036854775807
N17A4_KV,centroid.motifs,503,240579,7,14020391,14020393,240580,5,14020396,14020397,-9223372036854775807
N17A4_KV,centroid.motifs,504,240581,7,14020405,14020407,240582,5,14020410,14020411,-9223372036854775807
N17A4_KV,centroid.motifs,505,240583,7,14020419,14020421,240584,5,14020425,14020426,-9223372036854775807
N17A4_KV,centroid.motifs,506,240585,7,14020434,14020436,240586,5,14020440,14020441,-9223372036854775807
N17A4_KV,centroid.motifs,507,240587,7,14020449,14020451,240588,5,14020455,14020456,-9223372036854775807
N17A4_KV,centroid.motifs,508,240589,7,14020464,14020466,240590,5,14020470,14020471,-9223372036854775807
N17A4_KV,centroid.motifs,509,240591,7,14020479,14020481,240592,5,14020485,14020486,-9223372036854775807
N17A4_KV,centroid.motifs,510,240593,7,14020494,14020496,240594,5,14020500,14020501,-9223372036854775807
N17A4_KV,centroid.motifs,511,240595,7,14020509,14020511,240596,5,14020515,14020516,-9223372036854775807
N17A4_DICT,centroid.motifs,244684,244684,11,2846
N17A4_KV,centroid.motifs,0,244685,7,14054370,14054372,244686,5,14054375,14054376,-9223372036854775807
N17A4_KV,centroid.motifs,1,244687,7,14054384,14054386,244688,5,14054389,14054390,-9223372036854775807
N17A4_KV,centroid.motifs,2,244689,7,14054398,14054400,244690,5,14054403,14054404,-9223372036854775807
N17A4_KV,centroid.motifs,3,244691,7,14054412,14054414,244692,5,14054417,14054418,-9223372036854775807
N17A4_KV,centroid.motifs,4,244693,7,14054426,14054428,244694,5,14054431,14054432,-9223372036854775807
N17A4_KV,centroid.motifs,5,244695,7,14054440,14054442,244696,5,14054445,14054446,-9223372036854775807
N17A4_KV,centroid.motifs,6,244697,7,14054454,14054456,244698,5,14054459,14054460,-9223372036854775807
N17A4_KV,centroid.motifs,7,244699,7,14054468,14054470,244700,5,14054473,14054474,-9223372036854775807
N17A4_KV,centroid.motifs,8,244701,7,14054482,14054484,244702,5,14054487,14054488,-9223372036854775807
N17A4_KV,centroid.motifs,9,244703,7,14054496,14054498,244704,5,14054501,14054502,-9223372036854775807
N17A4_KV,centroid.motifs,10,244705,7,14054510,14054512,244706,5,14054515,14054516,-9223372036854775807
N17A4_KV,centroid.motifs,11,244707,7,14054524,14054526,244708,5,14054529,14054530,-9223372036854775807
N17A4_KV,centroid.motifs,12,244709,7,14054538,14054540,244710,5,14054543,14054544,-9223372036854775807
N17A4_KV,centroid.motifs,13,244711,7,14054552,14054554,244712,5,14054557,14054558,-9223372036854775807
N17A4_KV,centroid.motifs,14,244713,7,14054566,14054568,244714,5,14054571,14054572,-9223372036854775807
N17A4_KV,centroid.motifs,15,244715,7,14054580,14054582,244716,5,14054585,14054586,-9223372036854775807
N17A4_KV,centroid.motifs,16,244717,7,14054594,14054596,244718,5,14054599,14054600,-9223372036854775807
N17A4_KV,centroid.motifs,17,244719,7,14054608,14054610,244720,5,14054613,14054614,-9223372036854775807
N17A4_KV,centroid.motifs,18,244721,7,14054622,14054624,244722,5,14054627,14054628,-9223372036854775807
N17A4_KV,centroid.motifs,19,244723,7,14054636,14054638,244724,5,14054641,14054642,-9223372036854775807
N17A4_KV,centroid.motifs,20,244725,7,14054650,14054652,244726,5,14054655,14054656,-9223372036854775807
N17A4_KV,centroid.motifs,21,244727,7,14054664,14054666,244728,5,14054669,14054670,-9223372036854775807
N17A4_KV,centroid.motifs,22,244729,7,14054678,14054680,244730,5,14054683,14054684,-9223372036854775807
N17A4_KV,centroid.motifs,23,244731,7,14054692,14054694,244732,5,14054697,14054698,-9223372036854775807
N17A4_KV,centroid.motifs,24,244733,7,14054706,14054708,244734,5,14054711,14054712,-9223372036854775807
N17A4_KV,centroid.motifs,25,244735,7,14054720,14054722,244736,5,14054725,14054726,-9223372036854775807
N17A4_KV,centroid.motifs,26,244737,7,14054734,14054736,244738,5,14054739,14054740,-9223372036854775807
N17A4_KV,centroid.motifs,27,244739,7,14054748,14054750,244740,5,14054753,14054754,-9223372036854775807
N17A4_KV,centroid.motifs,28,244741,7,14054762,14054764,244742,5,14054767,14054768,-9223372036854775807
N17A4_KV,centroid.motifs,29,244743,7,14054776,14054778,244744,5,14054781,14054782,-9223372036854775807
N17A4_KV,centroid.motifs,30,244745,7,14054790,14054792,244746,5,14054795,14054796,-9223372036854775807
N17A4_KV,centroid.motifs,31,244747,7,14054804,14054806,244748,5,14054809,14054810,-9223372036854775807
N17A4_KV,centroid.motifs,32,244749,7,14054818,14054820,244750,5,14054823,14054824,-9223372036854775807
N17A4_KV,centroid.motifs,33,244751,7,14054832,14054834,244752,5,14054837,14054838,-9223372036854775807
N17A4_KV,centroid.motifs,34,244753,7,14054846,14054848,244754,5,14054851,14054852,-9223372036854775807
N17A4_KV,centroid.motifs,35,244755,7,14054860,14054862,244756,5,14054865,14054866,-9223372036854775807
N17A4_KV,centroid.motifs,36,244757,7,14054874,14054876,244758,5,14054879,14054880,-9223372036854775807
N17A4_KV,centroid.motifs,37,244759,7,14054888,14054890,244760,5,14054893,14054894,-9223372036854775807
N17A4_KV,centroid.motifs,38,244761,7,14054902,14054904,244762,5,14054907,14054908,-9223372036854775807
N17A4_KV,centroid.motifs,39,244763,7,14054916,14054918,244764,5,14054921,14054922,-9223372036854775807
N17A4_KV,centroid.motifs,40,244765,7,14054930,14054932,244766,5,14054935,14054936,-9223372036854775807
N17A4_KV,centroid.motifs,41,244767,7,14054944,14054946,244768,5,14054949,14054950,-9223372036854775807
N17A4_KV,centroid.motifs,42,244769,7,14054958,14054960,244770,5,14054963,14054964,-9223372036854775807
N17A4_KV,centroid.motifs,43,244771,7,14054972,14054974,244772,5,14054977,14054978,-9223372036854775807
N17A4_KV,centroid.motifs,44,244773,7,14054986,14054988,244774,5,14054991,14054992,-9223372036854775807
N17A4_KV,centroid.motifs,45,244775,7,14055000,14055002,244776,5,14055005,14055006,-9223372036854775807
N17A4_KV,centroid.motifs,46,244777,7,14055014,14055016,244778,5,14055019,14055020,-9223372036854775807
N17A4_KV,centroid.motifs,47,244779,7,14055028,14055030,244780,5,14055033,14055034,-9223372036854775807
N17A4_KV,centroid.motifs,48,244781,7,14055042,14055044,244782,5,14055047,14055048,-9223372036854775807
N17A4_KV,centroid.motifs,49,244783,7,14055056,14055058,244784,5,14055061,14055062,-9223372036854775807
N17A4_KV,centroid.motifs,50,244785,7,14055070,14055072,244786,5,14055075,14055076,-9223372036854775807
N17A4_KV,centroid.motifs,51,244787,7,14055084,14055086,244788,5,14055089,14055090,-9223372036854775807
N17A4_KV,centroid.motifs,52,244789,7,14055098,14055100,244790,5,14055103,14055104,-9223372036854775807
N17A4_KV,centroid.motifs,53,244791,7,14055112,14055114,244792,5,14055117,14055118,-9223372036854775807
N17A4_KV,centroid.motifs,54,244793,7,14055126,14055128,244794,5,14055131,14055132,-9223372036854775807
N17A4_KV,centroid.motifs,55,244795,7,14055140,14055142,244796,5,14055145,14055146,-9223372036854775807
N17A4_KV,centroid.motifs,56,244797,7,14055154,14055156,244798,5,14055159,14055160,-9223372036854775807
N17A4_KV,centroid.motifs,57,244799,7,14055168,14055170,244800,5,14055173,14055174,-9223372036854775807
N17A4_KV,centroid.motifs,58,244801,7,14055182,14055184,244802,5,14055187,14055188,-9223372036854775807
N17A4_KV,centroid.motifs,59,244803,7,14055196,14055198,244804,5,14055201,14055202,-9223372036854775807
N17A4_KV,centroid.motifs,60,244805,7,14055210,14055212,244806,5,14055215,14055216,-9223372036854775807
N17A4_KV,centroid.motifs,61,244807,7,14055224,14055226,244808,5,14055229,14055230,-9223372036854775807
N17A4_KV,centroid.motifs,62,244809,7,14055238,14055240,244810,5,14055243,14055244,-9223372036854775807
N17A4_KV,centroid.motifs,63,244811,7,14055252,14055254,244812,5,14055258,14055259,-9223372036854775807
N17A4_KV,centroid.motifs,64,244813,7,14055267,14055269,244814,5,14055273,14055274,-9223372036854775807
N17A4_KV,centroid.motifs,65,244815,7,14055282,14055284,244816,5,14055288,14055289,-9223372036854775807
N17A4_KV,centroid.motifs,66,244817,7,14055297,14055299,244818,5,14055303,14055304,-9223372036854775807
N17A4_KV,centroid.motifs,67,244819,7,14055312,14055314,244820,5,14055318,14055319,-9223372036854775807
N17A4_KV,centroid.motifs,68,244821,7,14055327,14055329,244822,5,14055333,14055334,-9223372036854775807
N17A4_KV,centroid.motifs,69,244823,7,14055342,14055344,244824,5,14055348,14055349,-9223372036854775807
N17A4_KV,centroid.motifs,70,244825,7,14055357,14055359,244826,5,14055363,14055364,-9223372036854775807
N17A4_KV,centroid.motifs,71,244827,7,14055372,14055374,244828,5,14055378,14055379,-9223372036854775807
N17A4_KV,centroid.motifs,72,244829,7,14055387,14055389,244830,5,14055393,14055394,-9223372036854775807
N17A4_KV,centroid.motifs,73,244831,7,14055402,14055404,244832,5,14055408,14055409,-9223372036854775807
N17A4_KV,centroid.motifs,74,244833,7,14055417,14055419,244834,5,14055423,14055424,-9223372036854775807
N17A4_KV,centroid.motifs,75,244835,7,14055432,14055434,244836,5,14055438,14055439,-9223372036854775807
N17A4_KV,centroid.motifs,76,244837,7,14055447,14055449,244838,5,14055453,14055454,-9223372036854775807
N17A4_KV,centroid.motifs,77,244839,7,14055462,14055464,244840,5,14055468,14055469,-9223372036854775807
N17A4_KV,centroid.motifs,78,244841,7,14055477,14055479,244842,5,14055483,14055484,-9223372036854775807
N17A4_KV,centroid.motifs,79,244843,7,14055492,14055494,244844,5,14055498,14055499,-9223372036854775807
N17A4_KV,centroid.motifs,80,244845,7,14055507,14055509,244846,5,14055513,14055514,-9223372036854775807
N17A4_KV,centroid.motifs,81,244847,7,14055522,14055524,244848,5,14055528,14055529,-9223372036854775807
N17A4_KV,centroid.motifs,82,244849,7,14055537,14055539,244850,5,14055543,14055544,-9223372036854775807
N17A4_KV,centroid.motifs,83,244851,7,14055552,14055554,244852,5,14055558,14055559,-9223372036854775807
N17A4_KV,centroid.motifs,84,244853,7,14055567,14055569,244854,5,14055573,14055574,-9223372036854775807
N17A4_KV,centroid.motifs,85,244855,7,14055582,14055584,244856,5,14055588,14055589,-9223372036854775807
N17A4_KV,centroid.motifs,86,244857,7,14055597,14055599,244858,5,14055603,14055604,-9223372036854775807
N17A4_KV,centroid.motifs,87,244859,7,14055612,14055614,244860,5,14055618,14055619,-9223372036854775807
N17A4_KV,centroid.motifs,88,244861,7,14055627,14055629,244862,5,14055633,14055634,-9223372036854775807
N17A4_KV,centroid.motifs,89,244863,7,14055642,14055644,244864,5,14055648,14055649,-9223372036854775807
N17A4_KV,centroid.motifs,90,244865,7,14055657,14055659,244866,5,14055663,14055664,-9223372036854775807
N17A4_KV,centroid.motifs,91,244867,7,14055672,14055674,244868,5,14055678,14055679,-9223372036854775807
N17A4_KV,centroid.motifs,92,244869,7,14055687,14055689,244870,5,14055693,14055694,-9223372036854775807
N17A4_KV,centroid.motifs,93,244871,7,14055702,14055704,244872,5,14055708,14055709,-9223372036854775807
N17A4_KV,centroid.motifs,94,244873,7,14055717,14055719,244874,5,14055723,14055724,-9223372036854775807
N17A4_KV,centroid.motifs,95,244875,7,14055732,14055734,244876,5,14055738,14055739,-9223372036854775807
N17A4_KV,centroid.motifs,96,244877,7,14055747,14055749,244878,5,14055753,14055754,-9223372036854775807
N17A4_KV,centroid.motifs,97,244879,7,14055762,14055764,244880,5,14055768,14055769,-9223372036854775807
N17A4_KV,centroid.motifs,98,244881,7,14055777,14055779,244882,5,14055783,14055784,-9223372036854775807
N17A4_KV,centroid.motifs,99,244883,7,14055792,14055794,244884,5,14055798,14055799,-9223372036854775807
N17A4_KV,centroid.motifs,100,244885,7,14055807,14055809,244886,5,14055813,14055814,-9223372036854775807
N17A4_KV,centroid.motifs,101,244887,7,14055822,14055824,244888,5,14055828,14055829,-9223372036854775807
N17A4_KV,centroid.motifs,102,244889,7,14055837,14055839,244890,5,14055843,14055844,-9223372036854775807
N17A4_KV,centroid.motifs,103,244891,7,14055852,14055854,244892,5,14055858,14055859,-9223372036854775807
N17A4_KV,centroid.motifs,104,244893,7,14055867,14055869,244894,5,14055873,14055874,-9223372036854775807
N17A4_KV,centroid.motifs,105,244895,7,14055882,14055884,244896,5,14055888,14055889,-9223372036854775807
N17A4_KV,centroid.motifs,106,244897,7,14055897,14055899,244898,5,14055903,14055904,-9223372036854775807
N17A4_KV,centroid.motifs,107,244899,7,14055912,14055914,244900,5,14055918,14055919,-9223372036854775807
N17A4_KV,centroid.motifs,108,244901,7,14055927,14055929,244902,5,14055933,14055934,-9223372036854775807
N17A4_KV,centroid.motifs,109,244903,7,14055942,14055944,244904,5,14055948,14055949,-9223372036854775807
N17A4_KV,centroid.motifs,110,244905,7,14055957,14055959,244906,5,14055963,14055964,-9223372036854775807
N17A4_KV,centroid.motifs,111,244907,7,14055972,14055974,244908,5,14055978,14055979,-9223372036854775807
N17A4_KV,centroid.motifs,112,244909,7,14055987,14055989,244910,5,14055993,14055994,-9223372036854775807
N17A4_KV,centroid.motifs,113,244911,7,14056002,14056004,244912,5,14056008,14056009,-9223372036854775807
N17A4_KV,centroid.motifs,114,244913,7,14056017,14056019,244914,5,14056023,14056024,-9223372036854775807
N17A4_KV,centroid.motifs,115,244915,7,14056032,14056034,244916,5,14056038,14056039,-9223372036854775807
N17A4_KV,centroid.motifs,116,244917,7,14056047,14056049,244918,5,14056053,14056054,-9223372036854775807
N17A4_KV,centroid.motifs,117,244919,7,14056062,14056064,244920,5,14056068,14056069,-9223372036854775807
N17A4_KV,centroid.motifs,118,244921,7,14056077,14056079,244922,5,14056083,14056084,-9223372036854775807
N17A4_KV,centroid.motifs,119,244923,7,14056092,14056094,244924,5,14056098,14056099,-9223372036854775807
N17A4_KV,centroid.motifs,120,244925,7,14056107,14056109,244926,5,14056113,14056114,-9223372036854775807
N17A4_KV,centroid.motifs,121,244927,7,14056122,14056124,244928,5,14056128,14056129,-9223372036854775807
N17A4_KV,centroid.motifs,122,244929,7,14056137,14056139,244930,5,14056143,14056144,-9223372036854775807
N17A4_KV,centroid.motifs,123,244931,7,14056152,14056154,244932,5,14056158,14056159,-9223372036854775807
N17A4_KV,centroid.motifs,124,244933,7,14056167,14056169,244934,5,14056173,14056174,-9223372036854775807
N17A4_KV,centroid.motifs,125,244935,7,14056182,14056184,244936,5,14056188,14056189,-9223372036854775807
N17A4_KV,centroid.motifs,126,244937,7,14056197,14056199,244938,5,14056203,14056204,-9223372036854775807
N17A4_KV,centroid.motifs,127,244939,7,14056212,14056214,244940,5,14056218,14056219,-9223372036854775807
N17A4_KV,centroid.motifs,128,244941,7,14056227,14056229,244942,5,14056233,14056234,-9223372036854775807
N17A4_KV,centroid.motifs,129,244943,7,14056242,14056244,244944,5,14056248,14056249,-9223372036854775807
N17A4_KV,centroid.motifs,130,244945,7,14056257,14056259,244946,5,14056263,14056264,-9223372036854775807
N17A4_KV,centroid.motifs,131,244947,7,14056272,14056274,244948,5,14056278,14056279,-9223372036854775807
N17A4_KV,centroid.motifs,132,244949,7,14056287,14056289,244950,5,14056293,14056294,-9223372036854775807
N17A4_KV,centroid.motifs,133,244951,7,14056302,14056304,244952,5,14056308,14056309,-9223372036854775807
N17A4_KV,centroid.motifs,134,244953,7,14056317,14056319,244954,5,14056324,14056325,-9223372036854775807
N17A4_KV,centroid.motifs,135,244955,7,14056333,14056335,244956,5,14056340,14056341,-9223372036854775807
N17A4_KV,centroid.motifs,136,244957,7,14056349,14056351,244958,5,14056356,14056357,-9223372036854775807
N17A4_KV,centroid.motifs,137,244959,7,14056365,14056367,244960,5,14056372,14056373,-9223372036854775807
N17A4_KV,centroid.motifs,138,244961,7,14056381,14056383,244962,5,14056388,14056389,-9223372036854775807
N17A4_KV,centroid.motifs,139,244963,7,14056397,14056399,244964,5,14056404,14056405,-9223372036854775807
N17A4_KV,centroid.motifs,140,244965,7,14056413,14056415,244966,5,14056420,14056421,-9223372036854775807
N17A4_KV,centroid.motifs,141,244967,7,14056429,14056431,244968,5,14056436,14056437,-9223372036854775807
N17A4_KV,centroid.motifs,142,244969,7,14056445,14056447,244970,5,14056452,14056453,-9223372036854775807
N17A4_KV,centroid.motifs,143,244971,7,14056461,14056463,244972,5,14056468,14056469,-9223372036854775807
N17A4_KV,centroid.motifs,144,244973,7,14056477,14056479,244974,5,14056484,14056485,-9223372036854775807
N17A4_KV,centroid.motifs,145,244975,7,14056493,14056495,244976,5,14056500,14056501,-9223372036854775807
N17A4_KV,centroid.motifs,146,244977,7,14056509,14056511,244978,5,14056516,14056517,-9223372036854775807
N17A4_KV,centroid.motifs,147,244979,7,14056525,14056527,244980,5,14056532,14056533,-9223372036854775807
N17A4_KV,centroid.motifs,148,244981,7,14056541,14056543,244982,5,14056548,14056549,-9223372036854775807
N17A4_KV,centroid.motifs,149,244983,7,14056557,14056559,244984,5,14056564,14056565,-9223372036854775807
N17A4_KV,centroid.motifs,150,244985,7,14056573,14056575,244986,5,14056580,14056581,-9223372036854775807
N17A4_KV,centroid.motifs,151,244987,7,14056589,14056591,244988,5,14056596,14056597,-9223372036854775807
N17A4_KV,centroid.motifs,152,244989,7,14056605,14056607,244990,5,14056612,14056613,-9223372036854775807
N17A4_KV,centroid.motifs,153,244991,7,14056621,14056623,244992,5,14056628,14056629,-9223372036854775807
N17A4_KV,centroid.motifs,154,244993,7,14056637,14056639,244994,5,14056644,14056645,-9223372036854775807
N17A4_KV,centroid.motifs,155,244995,7,14056653,14056655,244996,5,14056660,14056661,-9223372036854775807
N17A4_KV,centroid.motifs,156,244997,7,14056669,14056671,244998,5,14056676,14056677,-9223372036854775807
N17A4_KV,centroid.motifs,157,244999,7,14056685,14056687,245000,5,14056692,14056693,-9223372036854775807
N17A4_KV,centroid.motifs,158,245001,7,14056701,14056703,245002,5,14056708,14056709,-9223372036854775807
N17A4_KV,centroid.motifs,159,245003,7,14056717,14056719,245004,5,14056724,14056725,-9223372036854775807
N17A4_KV,centroid.motifs,160,245005,7,14056733,14056735,245006,5,14056740,14056741,-9223372036854775807
N17A4_KV,centroid.motifs,161,245007,7,14056749,14056751,245008,5,14056756,14056757,-9223372036854775807
N17A4_KV,centroid.motifs,162,245009,7,14056765,14056767,245010,5,14056772,14056773,-9223372036854775807
N17A4_KV,centroid.motifs,163,245011,7,14056781,14056783,245012,5,14056788,14056789,-9223372036854775807
N17A4_KV,centroid.motifs,164,245013,7,14056797,14056799,245014,5,14056804,14056805,-9223372036854775807
N17A4_KV,centroid.motifs,165,245015,7,14056813,14056815,245016,5,14056820,14056821,-9223372036854775807
N17A4_KV,centroid.motifs,166,245017,7,14056829,14056831,245018,5,14056836,14056837,-9223372036854775807
N17A4_KV,centroid.motifs,167,245019,7,14056845,14056847,245020,5,14056852,14056853,-9223372036854775807
N17A4_KV,centroid.motifs,168,245021,7,14056861,14056863,245022,5,14056868,14056869,-9223372036854775807
N17A4_KV,centroid.motifs,169,245023,7,14056877,14056879,245024,5,14056884,14056885,-9223372036854775807
N17A4_KV,centroid.motifs,170,245025,7,14056893,14056895,245026,5,14056900,14056901,-9223372036854775807
N17A4_KV,centroid.motifs,171,245027,7,14056909,14056911,245028,5,14056916,14056917,-9223372036854775807
N17A4_KV,centroid.motifs,172,245029,7,14056925,14056927,245030,5,14056932,14056933,-9223372036854775807
N17A4_KV,centroid.motifs,173,245031,7,14056941,14056943,245032,5,14056948,14056949,-9223372036854775807
N17A4_KV,centroid.motifs,174,245033,7,14056957,14056959,245034,5,14056964,14056965,-9223372036854775807
N17A4_KV,centroid.motifs,175,245035,7,14056973,14056975,245036,5,14056980,14056981,-9223372036854775807
N17A4_KV,centroid.motifs,176,245037,7,14056989,14056991,245038,5,14056996,14056997,-9223372036854775807
N17A4_KV,centroid.motifs,177,245039,7,14057005,14057007,245040,5,14057012,14057013,-9223372036854775807
N17A4_KV,centroid.motifs,178,245041,7,14057021,14057023,245042,5,14057028,14057029,-9223372036854775807
N17A4_KV,centroid.motifs,179,245043,7,14057037,14057039,245044,5,14057044,14057045,-9223372036854775807
N17A4_KV,centroid.motifs,180,245045,7,14057053,14057055,245046,5,14057060,14057061,-9223372036854775807
N17A4_KV,centroid.motifs,181,245047,7,14057069,14057071,245048,5,14057076,14057077,-9223372036854775807
N17A4_KV,centroid.motifs,182,245049,7,14057085,14057087,245050,5,14057092,14057093,-9223372036854775807
N17A4_KV,centroid.motifs,183,245051,7,14057101,14057103,245052,5,14057108,14057109,-9223372036854775807
N17A4_KV,centroid.motifs,184,245053,7,14057117,14057119,245054,5,14057124,14057125,-9223372036854775807
N17A4_KV,centroid.motifs,185,245055,7,14057133,14057135,245056,5,14057140,14057141,-9223372036854775807
N17A4_KV,centroid.motifs,186,245057,7,14057149,14057151,245058,5,14057156,14057157,-9223372036854775807
N17A4_KV,centroid.motifs,187,245059,7,14057165,14057167,245060,5,14057172,14057173,-9223372036854775807
N17A4_KV,centroid.motifs,188,245061,7,14057181,14057183,245062,5,14057188,14057189,-9223372036854775807
N17A4_KV,centroid.motifs,189,245063,7,14057197,14057199,245064,5,14057204,14057205,-9223372036854775807
N17A4_KV,centroid.motifs,190,245065,7,14057213,14057215,245066,5,14057220,14057221,-9223372036854775807
N17A4_KV,centroid.motifs,191,245067,7,14057229,14057231,245068,5,14057236,14057237,-9223372036854775807
N17A4_KV,centroid.motifs,192,245069,7,14057245,14057247,245070,5,14057252,14057253,-9223372036854775807
N17A4_KV,centroid.motifs,193,245071,7,14057261,14057263,245072,5,14057268,14057269,-9223372036854775807
N17A4_KV,centroid.motifs,194,245073,7,14057277,14057279,245074,5,14057284,14057285,-9223372036854775807
N17A4_KV,centroid.motifs,195,245075,7,14057293,14057295,245076,5,14057300,14057301,-9223372036854775807
N17A4_KV,centroid.motifs,196,245077,7,14057309,14057311,245078,5,14057316,14057317,-9223372036854775807
N17A4_KV,centroid.motifs,197,245079,7,14057325,14057327,245080,5,14057332,14057333,-9223372036854775807
N17A4_KV,centroid.motifs,198,245081,7,14057341,14057343,245082,5,14057348,14057349,-9223372036854775807
N17A4_KV,centroid.motifs,199,245083,7,14057357,14057359,245084,5,14057364,14057365,-9223372036854775807
N17A4_KV,centroid.motifs,200,245085,7,14057373,14057375,245086,5,14057380,14057381,-9223372036854775807
N17A4_KV,centroid.motifs,201,245087,7,14057389,14057391,245088,5,14057396,14057397,-9223372036854775807
N17A4_KV,centroid.motifs,202,245089,7,14057405,14057407,245090,5,14057412,14057413,-9223372036854775807
N17A4_KV,centroid.motifs,203,245091,7,14057421,14057423,245092,5,14057428,14057429,-9223372036854775807
N17A4_KV,centroid.motifs,204,245093,7,14057437,14057439,245094,5,14057444,14057445,-9223372036854775807
N17A4_KV,centroid.motifs,205,245095,7,14057453,14057455,245096,5,14057460,14057461,-9223372036854775807
N17A4_KV,centroid.motifs,206,245097,7,14057469,14057471,245098,5,14057477,14057478,-9223372036854775807
N17A4_KV,centroid.motifs,207,245099,7,14057486,14057488,245100,5,14057494,14057495,-9223372036854775807
N17A4_KV,centroid.motifs,208,245101,7,14057503,14057505,245102,5,14057511,14057512,-9223372036854775807
N17A4_KV,centroid.motifs,209,245103,7,14057520,14057522,245104,5,14057528,14057529,-9223372036854775807
N17A4_KV,centroid.motifs,210,245105,7,14057537,14057539,245106,5,14057545,14057546,-9223372036854775807
N17A4_KV,centroid.motifs,211,245107,7,14057554,14057556,245108,5,14057562,14057563,-9223372036854775807
N17A4_KV,centroid.motifs,212,245109,7,14057571,14057573,245110,5,14057579,14057580,-9223372036854775807
N17A4_KV,centroid.motifs,213,245111,7,14057588,14057590,245112,5,14057596,14057597,-9223372036854775807
N17A4_KV,centroid.motifs,214,245113,7,14057605,14057607,245114,5,14057613,14057614,-9223372036854775807
N17A4_KV,centroid.motifs,215,245115,7,14057622,14057624,245116,5,14057630,14057631,-9223372036854775807
N17A4_KV,centroid.motifs,216,245117,7,14057639,14057641,245118,5,14057647,14057648,-9223372036854775807
N17A4_KV,centroid.motifs,217,245119,7,14057656,14057658,245120,5,14057664,14057665,-9223372036854775807
N17A4_KV,centroid.motifs,218,245121,7,14057673,14057675,245122,5,14057681,14057682,-9223372036854775807
N17A4_KV,centroid.motifs,219,245123,7,14057690,14057692,245124,5,14057698,14057699,-9223372036854775807
N17A4_KV,centroid.motifs,220,245125,7,14057707,14057709,245126,5,14057715,14057716,-9223372036854775807
N17A4_KV,centroid.motifs,221,245127,7,14057724,14057726,245128,5,14057732,14057733,-9223372036854775807
N17A4_KV,centroid.motifs,222,245129,7,14057741,14057743,245130,5,14057749,14057750,-9223372036854775807
N17A4_KV,centroid.motifs,223,245131,7,14057758,14057760,245132,5,14057766,14057767,-9223372036854775807
N17A4_KV,centroid.motifs,224,245133,7,14057775,14057777,245134,5,14057783,14057784,-9223372036854775807
N17A4_KV,centroid.motifs,225,245135,7,14057792,14057794,245136,5,14057800,14057801,-9223372036854775807
N17A4_KV,centroid.motifs,226,245137,7,14057809,14057811,245138,5,14057817,14057818,-9223372036854775807
N17A4_KV,centroid.motifs,227,245139,7,14057826,14057828,245140,5,14057834,14057835,-9223372036854775807
N17A4_KV,centroid.motifs,228,245141,7,14057843,14057845,245142,5,14057851,14057852,-9223372036854775807
N17A4_KV,centroid.motifs,229,245143,7,14057860,14057862,245144,5,14057868,14057869,-9223372036854775807
N17A4_KV,centroid.motifs,230,245145,7,14057877,14057879,245146,5,14057885,14057886,-9223372036854775807
N17A4_KV,centroid.motifs,231,245147,7,14057894,14057896,245148,5,14057902,14057903,-9223372036854775807
N17A4_KV,centroid.motifs,232,245149,7,14057911,14057913,245150,5,14057919,14057920,-9223372036854775807
N17A4_KV,centroid.motifs,233,245151,7,14057928,14057930,245152,5,14057936,14057937,-9223372036854775807
N17A4_KV,centroid.motifs,234,245153,7,14057945,14057947,245154,5,14057953,14057954,-9223372036854775807
N17A4_KV,centroid.motifs,235,245155,7,14057962,14057964,245156,5,14057970,14057971,-9223372036854775807
N17A4_KV,centroid.motifs,236,245157,7,14057979,14057981,245158,5,14057987,14057988,-9223372036854775807
N17A4_KV,centroid.motifs,237,245159,7,14057996,14057998,245160,5,14058004,14058005,-9223372036854775807
N17A4_KV,centroid.motifs,238,245161,7,14058013,14058015,245162,5,14058021,14058022,-9223372036854775807
N17A4_KV,centroid.motifs,239,245163,7,14058030,14058032,245164,5,14058038,14058039,-9223372036854775807
N17A4_KV,centroid.motifs,240,245165,7,14058047,14058049,245166,5,14058055,14058056,-9223372036854775807
N17A4_KV,centroid.motifs,241,245167,7,14058064,14058066,245168,5,14058072,14058073,-9223372036854775807
N17A4_KV,centroid.motifs,242,245169,7,14058081,14058083,245170,5,14058089,14058090,-9223372036854775807
N17A4_KV,centroid.motifs,243,245171,7,14058098,14058100,245172,5,14058106,14058107,-9223372036854775807
N17A4_KV,centroid.motifs,244,245173,7,14058115,14058117,245174,5,14058123,14058124,-9223372036854775807
N17A4_KV,centroid.motifs,245,245175,7,14058132,14058134,245176,5,14058140,14058141,-9223372036854775807
N17A4_KV,centroid.motifs,246,245177,7,14058149,14058151,245178,5,14058157,14058158,-9223372036854775807
N17A4_KV,centroid.motifs,247,245179,7,14058166,14058168,245180,5,14058174,14058175,-9223372036854775807
N17A4_KV,centroid.motifs,248,245181,7,14058183,14058185,245182,5,14058191,14058192,-9223372036854775807
N17A4_KV,centroid.motifs,249,245183,7,14058200,14058202,245184,5,14058208,14058209,-9223372036854775807
N17A4_KV,centroid.motifs,250,245185,7,14058217,14058219,245186,5,14058225,14058226,-9223372036854775807
N17A4_KV,centroid.motifs,251,245187,7,14058234,14058236,245188,5,14058242,14058243,-9223372036854775807
N17A4_KV,centroid.motifs,252,245189,7,14058251,14058253,245190,5,14058259,14058260,-9223372036854775807
N17A4_KV,centroid.motifs,253,245191,7,14058268,14058270,245192,5,14058276,14058277,-9223372036854775807
N17A4_KV,centroid.motifs,254,245193,7,14058285,14058287,245194,5,14058293,14058294,-9223372036854775807
N17A4_KV,centroid.motifs,255,245195,7,14058302,14058304,245196,5,14058310,14058311,-9223372036854775807
N17A4_KV,centroid.motifs,256,245197,7,14058319,14058321,245198,5,14058327,14058328,-9223372036854775807
N17A4_KV,centroid.motifs,257,245199,7,14058336,14058338,245200,5,14058344,14058345,-9223372036854775807
N17A4_KV,centroid.motifs,258,245201,7,14058353,14058355,245202,5,14058361,14058362,-9223372036854775807
N17A4_KV,centroid.motifs,259,245203,7,14058370,14058372,245204,5,14058378,14058379,-9223372036854775807
N17A4_KV,centroid.motifs,260,245205,7,14058387,14058389,245206,5,14058395,14058396,-9223372036854775807
N17A4_KV,centroid.motifs,261,245207,7,14058404,14058406,245208,5,14058412,14058413,-9223372036854775807
N17A4_KV,centroid.motifs,262,245209,7,14058421,14058423,245210,5,14058429,14058430,-9223372036854775807
N17A4_KV,centroid.motifs,263,245211,7,14058438,14058440,245212,5,14058446,14058447,-9223372036854775807
N17A4_KV,centroid.motifs,264,245213,7,14058455,14058457,245214,5,14058463,14058464,-9223372036854775807
N17A4_KV,centroid.motifs,265,245215,7,14058472,14058474,245216,5,14058480,14058481,-9223372036854775807
N17A4_KV,centroid.motifs,266,245217,7,14058489,14058491,245218,5,14058497,14058498,-9223372036854775807
N17A4_KV,centroid.motifs,267,245219,7,14058506,14058508,245220,5,14058514,14058515,-9223372036854775807
N17A4_KV,centroid.motifs,268,245221,7,14058523,14058525,245222,5,14058531,14058532,-9223372036854775807
N17A4_KV,centroid.motifs,269,245223,7,14058540,14058542,245224,5,14058548,14058549,-9223372036854775807
N17A4_KV,centroid.motifs,270,245225,7,14058557,14058559,245226,5,14058565,14058566,-9223372036854775807
N17A4_KV,centroid.motifs,271,245227,7,14058574,14058576,245228,5,14058582,14058583,-9223372036854775807
N17A4_KV,centroid.motifs,272,245229,7,14058591,14058593,245230,5,14058599,14058600,-9223372036854775807
N17A4_KV,centroid.motifs,273,245231,7,14058608,14058610,245232,5,14058616,14058617,-9223372036854775807
N17A4_KV,centroid.motifs,274,245233,7,14058625,14058627,245234,5,14058633,14058634,-9223372036854775807
N17A4_KV,centroid.motifs,275,245235,7,14058642,14058644,245236,5,14058650,14058651,-9223372036854775807
N17A4_KV,centroid.motifs,276,245237,7,14058659,14058661,245238,5,14058667,14058668,-9223372036854775807
N17A4_KV,centroid.motifs,277,245239,7,14058676,14058678,245240,5,14058684,14058685,-9223372036854775807
N17A4_KV,centroid.motifs,278,245241,7,14058693,14058695,245242,5,14058702,14058703,-9223372036854775807
N17A4_KV,centroid.motifs,279,245243,7,14058711,14058713,245244,5,14058720,14058721,-9223372036854775807
N17A4_KV,centroid.motifs,280,245245,7,14058729,14058731,245246,5,14058738,14058739,-9223372036854775807
N17A4_KV,centroid.motifs,281,245247,7,14058747,14058749,245248,5,14058756,14058757,-9223372036854775807
N17A4_KV,centroid.motifs,282,245249,7,14058765,14058767,245250,5,14058774,14058775,-9223372036854775807
N17A4_KV,centroid.motifs,283,245251,7,14058783,14058785,245252,5,14058792,14058793,-9223372036854775807
N17A4_KV,centroid.motifs,284,245253,7,14058801,14058803,245254,5,14058810,14058811,-9223372036854775807
N17A4_KV,centroid.motifs,285,245255,7,14058819,14058821,245256,5,14058828,14058829,-9223372036854775807
N17A4_KV,centroid.motifs,286,245257,7,14058837,14058839,245258,5,14058846,14058847,-9223372036854775807
N17A4_KV,centroid.motifs,287,245259,7,14058855,14058857,245260,5,14058864,14058865,-9223372036854775807
N17A4_KV,centroid.motifs,288,245261,7,14058873,14058875,245262,5,14058882,14058883,-9223372036854775807
N17A4_KV,centroid.motifs,289,245263,7,14058891,14058893,245264,5,14058900,14058901,-9223372036854775807
N17A4_KV,centroid.motifs,290,245265,7,14058909,14058911,245266,5,14058918,14058919,-9223372036854775807
N17A4_KV,centroid.motifs,291,245267,7,14058927,14058929,245268,5,14058936,14058937,-9223372036854775807
N17A4_KV,centroid.motifs,292,245269,7,14058945,14058947,245270,5,14058954,14058955,-9223372036854775807
N17A4_KV,centroid.motifs,293,245271,7,14058963,14058965,245272,5,14058972,14058973,-9223372036854775807
N17A4_KV,centroid.motifs,294,245273,7,14058981,14058983,245274,5,14058990,14058991,-9223372036854775807
N17A4_KV,centroid.motifs,295,245275,7,14058999,14059001,245276,5,14059008,14059009,-9223372036854775807
N17A4_KV,centroid.motifs,296,245277,7,14059017,14059019,245278,5,14059026,14059027,-9223372036854775807
N17A4_KV,centroid.motifs,297,245279,7,14059035,14059037,245280,5,14059044,14059045,-9223372036854775807
N17A4_KV,centroid.motifs,298,245281,7,14059053,14059055,245282,5,14059062,14059063,-9223372036854775807
N17A4_KV,centroid.motifs,299,245283,7,14059071,14059073,245284,5,14059080,14059081,-9223372036854775807
N17A4_KV,centroid.motifs,300,245285,7,14059089,14059091,245286,5,14059098,14059099,-9223372036854775807
N17A4_KV,centroid.motifs,301,245287,7,14059107,14059109,245288,5,14059116,14059117,-9223372036854775807
N17A4_KV,centroid.motifs,302,245289,7,14059125,14059127,245290,5,14059134,14059135,-9223372036854775807
N17A4_KV,centroid.motifs,303,245291,7,14059143,14059145,245292,5,14059152,14059153,-9223372036854775807
N17A4_KV,centroid.motifs,304,245293,7,14059161,14059163,245294,5,14059170,14059171,-9223372036854775807
N17A4_KV,centroid.motifs,305,245295,7,14059179,14059181,245296,5,14059188,14059189,-9223372036854775807
N17A4_KV,centroid.motifs,306,245297,7,14059197,14059199,245298,5,14059206,14059207,-9223372036854775807
N17A4_KV,centroid.motifs,307,245299,7,14059215,14059217,245300,5,14059224,14059225,-9223372036854775807
N17A4_KV,centroid.motifs,308,245301,7,14059233,14059235,245302,5,14059242,14059243,-9223372036854775807
N17A4_KV,centroid.motifs,309,245303,7,14059251,14059253,245304,5,14059260,14059261,-9223372036854775807
N17A4_KV,centroid.motifs,310,245305,7,14059269,14059271,245306,5,14059278,14059279,-9223372036854775807
N17A4_KV,centroid.motifs,311,245307,7,14059287,14059289,245308,5,14059296,14059297,-9223372036854775807
N17A4_KV,centroid.motifs,312,245309,7,14059305,14059307,245310,5,14059314,14059315,-9223372036854775807
N17A4_KV,centroid.motifs,313,245311,7,14059323,14059325,245312,5,14059332,14059333,-9223372036854775807
N17A4_KV,centroid.motifs,314,245313,7,14059341,14059343,245314,5,14059350,14059351,-9223372036854775807
N17A4_KV,centroid.motifs,315,245315,7,14059359,14059361,245316,5,14059368,14059369,-9223372036854775807
N17A4_KV,centroid.motifs,316,245317,7,14059377,14059379,245318,5,14059386,14059387,-9223372036854775807
N17A4_KV,centroid.motifs,317,245319,7,14059395,14059397,245320,5,14059404,14059405,-9223372036854775807
N17A4_KV,centroid.motifs,318,245321,7,14059413,14059415,245322,5,14059422,14059423,-9223372036854775807
N17A4_KV,centroid.motifs,319,245323,7,14059431,14059433,245324,5,14059440,14059441,-9223372036854775807
N17A4_KV,centroid.motifs,320,245325,7,14059449,14059451,245326,5,14059458,14059459,-9223372036854775807
N17A4_KV,centroid.motifs,321,245327,7,14059467,14059469,245328,5,14059476,14059477,-9223372036854775807
N17A4_KV,centroid.motifs,322,245329,7,14059485,14059487,245330,5,14059494,14059495,-9223372036854775807
N17A4_KV,centroid.motifs,323,245331,7,14059503,14059505,245332,5,14059512,14059513,-9223372036854775807
N17A4_KV,centroid.motifs,324,245333,7,14059521,14059523,245334,5,14059530,14059531,-9223372036854775807
N17A4_KV,centroid.motifs,325,245335,7,14059539,14059541,245336,5,14059548,14059549,-9223372036854775807
N17A4_KV,centroid.motifs,326,245337,7,14059557,14059559,245338,5,14059566,14059567,-9223372036854775807
N17A4_KV,centroid.motifs,327,245339,7,14059575,14059577,245340,5,14059584,14059585,-9223372036854775807
N17A4_KV,centroid.motifs,328,245341,7,14059593,14059595,245342,5,14059602,14059603,-9223372036854775807
N17A4_KV,centroid.motifs,329,245343,7,14059611,14059613,245344,5,14059620,14059621,-9223372036854775807
N17A4_KV,centroid.motifs,330,245345,7,14059629,14059631,245346,5,14059638,14059639,-9223372036854775807
N17A4_KV,centroid.motifs,331,245347,7,14059647,14059649,245348,5,14059656,14059657,-9223372036854775807
N17A4_KV,centroid.motifs,332,245349,7,14059665,14059667,245350,5,14059674,14059675,-9223372036854775807
N17A4_KV,centroid.motifs,333,245351,7,14059683,14059685,245352,5,14059692,14059693,-9223372036854775807
N17A4_KV,centroid.motifs,334,245353,7,14059701,14059703,245354,5,14059710,14059711,-9223372036854775807
N17A4_KV,centroid.motifs,335,245355,7,14059719,14059721,245356,5,14059728,14059729,-9223372036854775807
N17A4_KV,centroid.motifs,336,245357,7,14059737,14059739,245358,5,14059746,14059747,-9223372036854775807
N17A4_KV,centroid.motifs,337,245359,7,14059755,14059757,245360,5,14059764,14059765,-9223372036854775807
N17A4_KV,centroid.motifs,338,245361,7,14059773,14059775,245362,5,14059782,14059783,-9223372036854775807
N17A4_KV,centroid.motifs,339,245363,7,14059791,14059793,245364,5,14059800,14059801,-9223372036854775807
N17A4_KV,centroid.motifs,340,245365,7,14059809,14059811,245366,5,14059818,14059819,-9223372036854775807
N17A4_KV,centroid.motifs,341,245367,7,14059827,14059829,245368,5,14059836,14059837,-9223372036854775807
N17A4_KV,centroid.motifs,342,245369,7,14059845,14059847,245370,5,14059854,14059855,-9223372036854775807
N17A4_KV,centroid.motifs,343,245371,7,14059863,14059865,245372,5,14059872,14059873,-9223372036854775807
N17A4_KV,centroid.motifs,344,245373,7,14059881,14059883,245374,5,14059890,14059891,-9223372036854775807
N17A4_KV,centroid.motifs,345,245375,7,14059899,14059901,245376,5,14059908,14059909,-9223372036854775807
N17A4_KV,centroid.motifs,346,245377,7,14059917,14059919,245378,5,14059926,14059927,-9223372036854775807
N17A4_KV,centroid.motifs,347,245379,7,14059935,14059937,245380,5,14059944,14059945,-9223372036854775807
N17A4_KV,centroid.motifs,348,245381,7,14059953,14059955,245382,5,14059962,14059963,-9223372036854775807
N17A4_KV,centroid.motifs,349,245383,7,14059971,14059973,245384,5,14059976,14059977,-9223372036854775807
N17A4_KV,centroid.motifs,350,245385,7,14059985,14059987,245386,5,14059990,14059991,-9223372036854775807
N17A4_KV,centroid.motifs,351,245387,7,14059999,14060001,245388,5,14060004,14060005,-9223372036854775807
N17A4_KV,centroid.motifs,352,245389,7,14060013,14060015,245390,5,14060018,14060019,-9223372036854775807
N17A4_KV,centroid.motifs,353,245391,7,14060027,14060029,245392,5,14060032,14060033,-9223372036854775807
N17A4_KV,centroid.motifs,354,245393,7,14060041,14060043,245394,5,14060046,14060047,-9223372036854775807
N17A4_KV,centroid.motifs,355,245395,7,14060055,14060057,245396,5,14060060,14060061,-9223372036854775807
N17A4_KV,centroid.motifs,356,245397,7,14060069,14060071,245398,5,14060074,14060075,-9223372036854775807
N17A4_KV,centroid.motifs,357,245399,7,14060083,14060085,245400,5,14060088,14060089,-9223372036854775807
N17A4_KV,centroid.motifs,358,245401,7,14060097,14060099,245402,5,14060102,14060103,-9223372036854775807
N17A4_KV,centroid.motifs,359,245403,7,14060111,14060113,245404,5,14060116,14060117,-9223372036854775807
N17A4_KV,centroid.motifs,360,245405,7,14060125,14060127,245406,5,14060130,14060131,-9223372036854775807
N17A4_KV,centroid.motifs,361,245407,7,14060139,14060141,245408,5,14060144,14060145,-9223372036854775807
N17A4_KV,centroid.motifs,362,245409,7,14060153,14060155,245410,5,14060158,14060159,-9223372036854775807
N17A4_KV,centroid.motifs,363,245411,7,14060167,14060169,245412,5,14060172,14060173,-9223372036854775807
N17A4_KV,centroid.motifs,364,245413,7,14060181,14060183,245414,5,14060186,14060187,-9223372036854775807
N17A4_KV,centroid.motifs,365,245415,7,14060195,14060197,245416,5,14060200,14060201,-9223372036854775807
N17A4_KV,centroid.motifs,366,245417,7,14060209,14060211,245418,5,14060214,14060215,-9223372036854775807
N17A4_KV,centroid.motifs,367,245419,7,14060223,14060225,245420,5,14060228,14060229,-9223372036854775807
N17A4_KV,centroid.motifs,368,245421,7,14060237,14060239,245422,5,14060242,14060243,-9223372036854775807
N17A4_KV,centroid.motifs,369,245423,7,14060251,14060253,245424,5,14060256,14060257,-9223372036854775807
N17A4_KV,centroid.motifs,370,245425,7,14060265,14060267,245426,5,14060270,14060271,-9223372036854775807
N17A4_KV,centroid.motifs,371,245427,7,14060279,14060281,245428,5,14060284,14060285,-9223372036854775807
N17A4_KV,centroid.motifs,372,245429,7,14060293,14060295,245430,5,14060298,14060299,-9223372036854775807
N17A4_KV,centroid.motifs,373,245431,7,14060307,14060309,245432,5,14060312,14060313,-9223372036854775807
N17A4_KV,centroid.motifs,374,245433,7,14060321,14060323,245434,5,14060326,14060327,-9223372036854775807
N17A4_KV,centroid.motifs,375,245435,7,14060335,14060337,245436,5,14060340,14060341,-9223372036854775807
N17A4_KV,centroid.motifs,376,245437,7,14060349,14060351,245438,5,14060354,14060355,-9223372036854775807
N17A4_KV,centroid.motifs,377,245439,7,14060363,14060365,245440,5,14060368,14060369,-9223372036854775807
N17A4_KV,centroid.motifs,378,245441,7,14060377,14060379,245442,5,14060382,14060383,-9223372036854775807
N17A4_KV,centroid.motifs,379,245443,7,14060391,14060393,245444,5,14060396,14060397,-9223372036854775807
N17A4_KV,centroid.motifs,380,245445,7,14060405,14060407,245446,5,14060410,14060411,-9223372036854775807
N17A4_KV,centroid.motifs,381,245447,7,14060419,14060421,245448,5,14060424,14060425,-9223372036854775807
N17A4_KV,centroid.motifs,382,245449,7,14060433,14060435,245450,5,14060438,14060439,-9223372036854775807
N17A4_KV,centroid.motifs,383,245451,7,14060447,14060449,245452,5,14060452,14060453,-9223372036854775807
N17A4_KV,centroid.motifs,384,245453,7,14060461,14060463,245454,5,14060466,14060467,-9223372036854775807
N17A4_KV,centroid.motifs,385,245455,7,14060475,14060477,245456,5,14060480,14060481,-9223372036854775807
N17A4_KV,centroid.motifs,386,245457,7,14060489,14060491,245458,5,14060495,14060496,-9223372036854775807
N17A4_KV,centroid.motifs,387,245459,7,14060504,14060506,245460,5,14060510,14060511,-9223372036854775807
N17A4_KV,centroid.motifs,388,245461,7,14060519,14060521,245462,5,14060525,14060526,-9223372036854775807
N17A4_KV,centroid.motifs,389,245463,7,14060534,14060536,245464,5,14060540,14060541,-9223372036854775807
N17A4_KV,centroid.motifs,390,245465,7,14060549,14060551,245466,5,14060555,14060556,-9223372036854775807
N17A4_KV,centroid.motifs,391,245467,7,14060564,14060566,245468,5,14060570,14060571,-9223372036854775807
N17A4_KV,centroid.motifs,392,245469,7,14060579,14060581,245470,5,14060585,14060586,-9223372036854775807
N17A4_KV,centroid.motifs,393,245471,7,14060594,14060596,245472,5,14060600,14060601,-9223372036854775807
N17A4_KV,centroid.motifs,394,245473,7,14060609,14060611,245474,5,14060615,14060616,-9223372036854775807
N17A4_KV,centroid.motifs,395,245475,7,14060624,14060626,245476,5,14060630,14060631,-9223372036854775807
N17A4_KV,centroid.motifs,396,245477,7,14060639,14060641,245478,5,14060645,14060646,-9223372036854775807
N17A4_KV,centroid.motifs,397,245479,7,14060654,14060656,245480,5,14060660,14060661,-9223372036854775807
N17A4_KV,centroid.motifs,398,245481,7,14060669,14060671,245482,5,14060675,14060676,-9223372036854775807
N17A4_KV,centroid.motifs,399,245483,7,14060684,14060686,245484,5,14060690,14060691,-9223372036854775807
N17A4_KV,centroid.motifs,400,245485,7,14060699,14060701,245486,5,14060705,14060706,-9223372036854775807
N17A4_KV,centroid.motifs,401,245487,7,14060714,14060716,245488,5,14060720,14060721,-9223372036854775807
N17A4_KV,centroid.motifs,402,245489,7,14060729,14060731,245490,5,14060735,14060736,-9223372036854775807
N17A4_KV,centroid.motifs,403,245491,7,14060744,14060746,245492,5,14060750,14060751,-9223372036854775807
N17A4_KV,centroid.motifs,404,245493,7,14060759,14060761,245494,5,14060765,14060766,-9223372036854775807
N17A4_KV,centroid.motifs,405,245495,7,14060774,14060776,245496,5,14060780,14060781,-9223372036854775807
N17A4_KV,centroid.motifs,406,245497,7,14060789,14060791,245498,5,14060795,14060796,-9223372036854775807
N17A4_KV,centroid.motifs,407,245499,7,14060804,14060806,245500,5,14060810,14060811,-9223372036854775807
N17A4_KV,centroid.motifs,408,245501,7,14060819,14060821,245502,5,14060825,14060826,-9223372036854775807
N17A4_KV,centroid.motifs,409,245503,7,14060834,14060836,245504,5,14060840,14060841,-9223372036854775807
N17A4_KV,centroid.motifs,410,245505,7,14060849,14060851,245506,5,14060855,14060856,-9223372036854775807
N17A4_KV,centroid.motifs,411,245507,7,14060864,14060866,245508,5,14060870,14060871,-9223372036854775807
N17A4_KV,centroid.motifs,412,245509,7,14060879,14060881,245510,5,14060885,14060886,-9223372036854775807
N17A4_KV,centroid.motifs,413,245511,7,14060894,14060896,245512,5,14060900,14060901,-9223372036854775807
N17A4_KV,centroid.motifs,414,245513,7,14060909,14060911,245514,5,14060915,14060916,-9223372036854775807
N17A4_KV,centroid.motifs,415,245515,7,14060924,14060926,245516,5,14060930,14060931,-9223372036854775807
N17A4_KV,centroid.motifs,416,245517,7,14060939,14060941,245518,5,14060945,14060946,-9223372036854775807
N17A4_KV,centroid.motifs,417,245519,7,14060954,14060956,245520,5,14060960,14060961,-9223372036854775807
N17A4_KV,centroid.motifs,418,245521,7,14060969,14060971,245522,5,14060975,14060976,-9223372036854775807
N17A4_KV,centroid.motifs,419,245523,7,14060984,14060986,245524,5,14060990,14060991,-9223372036854775807
N17A4_KV,centroid.motifs,420,245525,7,14060999,14061001,245526,5,14061005,14061006,-9223372036854775807
N17A4_KV,centroid.motifs,421,245527,7,14061014,14061016,245528,5,14061020,14061021,-9223372036854775807
N17A4_KV,centroid.motifs,422,245529,7,14061029,14061031,245530,5,14061035,14061036,-9223372036854775807
N17A4_KV,centroid.motifs,423,245531,7,14061044,14061046,245532,5,14061050,14061051,-9223372036854775807
N17A4_KV,centroid.motifs,424,245533,7,14061059,14061061,245534,5,14061065,14061066,-9223372036854775807
N17A4_KV,centroid.motifs,425,245535,7,14061074,14061076,245536,5,14061080,14061081,-9223372036854775807
N17A4_KV,centroid.motifs,426,245537,7,14061089,14061091,245538,5,14061095,14061096,-9223372036854775807
N17A4_KV,centroid.motifs,427,245539,7,14061104,14061106,245540,5,14061110,14061111,-9223372036854775807
N17A4_KV,centroid.motifs,428,245541,7,14061119,14061121,245542,5,14061125,14061126,-9223372036854775807
N17A4_KV,centroid.motifs,429,245543,7,14061134,14061136,245544,5,14061140,14061141,-9223372036854775807
N17A4_KV,centroid.motifs,430,245545,7,14061149,14061151,245546,5,14061155,14061156,-9223372036854775807
N17A4_KV,centroid.motifs,431,245547,7,14061164,14061166,245548,5,14061170,14061171,-9223372036854775807
N17A4_KV,centroid.motifs,432,245549,7,14061179,14061181,245550,5,14061185,14061186,-9223372036854775807
N17A4_KV,centroid.motifs,433,245551,7,14061194,14061196,245552,5,14061200,14061201,-9223372036854775807
N17A4_KV,centroid.motifs,434,245553,7,14061209,14061211,245554,5,14061215,14061216,-9223372036854775807
N17A4_KV,centroid.motifs,435,245555,7,14061224,14061226,245556,5,14061230,14061231,-9223372036854775807
N17A4_KV,centroid.motifs,436,245557,7,14061239,14061241,245558,5,14061245,14061246,-9223372036854775807
N17A4_KV,centroid.motifs,437,245559,7,14061254,14061256,245560,5,14061260,14061261,-9223372036854775807
N17A4_KV,centroid.motifs,438,245561,7,14061269,14061271,245562,5,14061275,14061276,-9223372036854775807
N17A4_KV,centroid.motifs,439,245563,7,14061284,14061286,245564,5,14061290,14061291,-9223372036854775807
N17A4_KV,centroid.motifs,440,245565,7,14061299,14061301,245566,5,14061306,14061307,-9223372036854775807
N17A4_KV,centroid.motifs,441,245567,7,14061315,14061317,245568,5,14061322,14061323,-9223372036854775807
N17A4_KV,centroid.motifs,442,245569,7,14061331,14061333,245570,5,14061338,14061339,-9223372036854775807
N17A4_KV,centroid.motifs,443,245571,7,14061347,14061349,245572,5,14061354,14061355,-9223372036854775807
N17A4_KV,centroid.motifs,444,245573,7,14061363,14061365,245574,5,14061370,14061371,-9223372036854775807
N17A4_KV,centroid.motifs,445,245575,7,14061379,14061381,245576,5,14061386,14061387,-9223372036854775807
N17A4_KV,centroid.motifs,446,245577,7,14061395,14061397,245578,5,14061402,14061403,-9223372036854775807
N17A4_KV,centroid.motifs,447,245579,7,14061411,14061413,245580,5,14061418,14061419,-9223372036854775807
N17A4_KV,centroid.motifs,448,245581,7,14061427,14061429,245582,5,14061434,14061435,-9223372036854775807
N17A4_KV,centroid.motifs,449,245583,7,14061443,14061445,245584,5,14061450,14061451,-9223372036854775807
N17A4_KV,centroid.motifs,450,245585,7,14061459,14061461,245586,5,14061466,14061467,-9223372036854775807
N17A4_KV,centroid.motifs,451,245587,7,14061475,14061477,245588,5,14061482,14061483,-9223372036854775807
N17A4_KV,centroid.motifs,452,245589,7,14061491,14061493,245590,5,14061498,14061499,-9223372036854775807
N17A4_KV,centroid.motifs,453,245591,7,14061507,14061509,245592,5,14061514,14061515,-9223372036854775807
N17A4_KV,centroid.motifs,454,245593,7,14061523,14061525,245594,5,14061530,14061531,-9223372036854775807
N17A4_KV,centroid.motifs,455,245595,7,14061539,14061541,245596,5,14061546,14061547,-9223372036854775807
N17A4_KV,centroid.motifs,456,245597,7,14061555,14061557,245598,5,14061562,14061563,-9223372036854775807
N17A4_KV,centroid.motifs,457,245599,7,14061571,14061573,245600,5,14061578,14061579,-9223372036854775807
N17A4_KV,centroid.motifs,458,245601,7,14061587,14061589,245602,5,14061594,14061595,-9223372036854775807
N17A4_KV,centroid.motifs,459,245603,7,14061603,14061605,245604,5,14061610,14061611,-9223372036854775807
N17A4_KV,centroid.motifs,460,245605,7,14061619,14061621,245606,5,14061626,14061627,-9223372036854775807
N17A4_KV,centroid.motifs,461,245607,7,14061635,14061637,245608,5,14061642,14061643,-9223372036854775807
N17A4_KV,centroid.motifs,462,245609,7,14061651,14061653,245610,5,14061658,14061659,-9223372036854775807
N17A4_KV,centroid.motifs,463,245611,7,14061667,14061669,245612,5,14061674,14061675,-9223372036854775807
N17A4_KV,centroid.motifs,464,245613,7,14061683,14061685,245614,5,14061690,14061691,-9223372036854775807
N17A4_KV,centroid.motifs,465,245615,7,14061699,14061701,245616,5,14061706,14061707,-9223372036854775807
N17A4_KV,centroid.motifs,466,245617,7,14061715,14061717,245618,5,14061722,14061723,-9223372036854775807
N17A4_KV,centroid.motifs,467,245619,7,14061731,14061733,245620,5,14061738,14061739,-9223372036854775807
N17A4_KV,centroid.motifs,468,245621,7,14061747,14061749,245622,5,14061754,14061755,-9223372036854775807
N17A4_KV,centroid.motifs,469,245623,7,14061763,14061765,245624,5,14061770,14061771,-9223372036854775807
N17A4_KV,centroid.motifs,470,245625,7,14061779,14061781,245626,5,14061786,14061787,-9223372036854775807
N17A4_KV,centroid.motifs,471,245627,7,14061795,14061797,245628,5,14061802,14061803,-9223372036854775807
N17A4_KV,centroid.motifs,472,245629,7,14061811,14061813,245630,5,14061818,14061819,-9223372036854775807
N17A4_KV,centroid.motifs,473,245631,7,14061827,14061829,245632,5,14061834,14061835,-9223372036854775807
N17A4_KV,centroid.motifs,474,245633,7,14061843,14061845,245634,5,14061850,14061851,-9223372036854775807
N17A4_KV,centroid.motifs,475,245635,7,14061859,14061861,245636,5,14061866,14061867,-9223372036854775807
N17A4_KV,centroid.motifs,476,245637,7,14061875,14061877,245638,5,14061882,14061883,-9223372036854775807
N17A4_KV,centroid.motifs,477,245639,7,14061891,14061893,245640,5,14061898,14061899,-9223372036854775807
N17A4_KV,centroid.motifs,478,245641,7,14061907,14061909,245642,5,14061914,14061915,-9223372036854775807
N17A4_KV,centroid.motifs,479,245643,7,14061923,14061925,245644,5,14061930,14061931,-9223372036854775807
N17A4_KV,centroid.motifs,480,245645,7,14061939,14061941,245646,5,14061946,14061947,-9223372036854775807
N17A4_KV,centroid.motifs,481,245647,7,14061955,14061957,245648,5,14061962,14061963,-9223372036854775807
N17A4_KV,centroid.motifs,482,245649,7,14061971,14061973,245650,5,14061978,14061979,-9223372036854775807
N17A4_KV,centroid.motifs,483,245651,7,14061987,14061989,245652,5,14061994,14061995,-9223372036854775807
N17A4_KV,centroid.motifs,484,245653,7,14062003,14062005,245654,5,14062010,14062011,-9223372036854775807
N17A4_KV,centroid.motifs,485,245655,7,14062019,14062021,245656,5,14062026,14062027,-9223372036854775807
N17A4_KV,centroid.motifs,486,245657,7,14062035,14062037,245658,5,14062042,14062043,-9223372036854775807
N17A4_KV,centroid.motifs,487,245659,7,14062051,14062053,245660,5,14062058,14062059,-9223372036854775807
N17A4_KV,centroid.motifs,488,245661,7,14062067,14062069,245662,5,14062074,14062075,-9223372036854775807
N17A4_KV,centroid.motifs,489,245663,7,14062083,14062085,245664,5,14062090,14062091,-9223372036854775807
N17A4_KV,centroid.motifs,490,245665,7,14062099,14062101,245666,5,14062106,14062107,-9223372036854775807
N17A4_KV,centroid.motifs,491,245667,7,14062115,14062117,245668,5,14062122,14062123,-9223372036854775807
N17A4_KV,centroid.motifs,492,245669,7,14062131,14062133,245670,5,14062138,14062139,-9223372036854775807
N17A4_KV,centroid.motifs,493,245671,7,14062147,14062149,245672,5,14062154,14062155,-9223372036854775807
N17A4_KV,centroid.motifs,494,245673,7,14062163,14062165,245674,5,14062170,14062171,-9223372036854775807
N17A4_KV,centroid.motifs,495,245675,7,14062179,14062181,245676,5,14062186,14062187,-9223372036854775807
N17A4_KV,centroid.motifs,496,245677,7,14062195,14062197,245678,5,14062202,14062203,-9223372036854775807
N17A4_KV,centroid.motifs,497,245679,7,14062211,14062213,245680,5,14062218,14062219,-9223372036854775807
N17A4_KV,centroid.motifs,498,245681,7,14062227,14062229,245682,5,14062234,14062235,-9223372036854775807
N17A4_KV,centroid.motifs,499,245683,7,14062243,14062245,245684,5,14062250,14062251,-9223372036854775807
N17A4_KV,centroid.motifs,500,245685,7,14062259,14062261,245686,5,14062266,14062267,-9223372036854775807
N17A4_KV,centroid.motifs,501,245687,7,14062275,14062277,245688,5,14062282,14062283,-9223372036854775807
N17A4_KV,centroid.motifs,502,245689,7,14062291,14062293,245690,5,14062298,14062299,-9223372036854775807
N17A4_KV,centroid.motifs,503,245691,7,14062307,14062309,245692,5,14062315,14062316,-9223372036854775807
N17A4_KV,centroid.motifs,504,245693,7,14062324,14062326,245694,5,14062332,14062333,-9223372036854775807
N17A4_KV,centroid.motifs,505,245695,7,14062341,14062343,245696,5,14062349,14062350,-9223372036854775807
N17A4_KV,centroid.motifs,506,245697,7,14062358,14062360,245698,5,14062366,14062367,-9223372036854775807
N17A4_KV,centroid.motifs,507,245699,7,14062375,14062377,245700,5,14062383,14062384,-9223372036854775807
N17A4_KV,centroid.motifs,508,245701,7,14062392,14062394,245702,5,14062400,14062401,-9223372036854775807
N17A4_KV,centroid.motifs,509,245703,7,14062409,14062411,245704,5,14062417,14062418,-9223372036854775807
N17A4_KV,centroid.motifs,510,245705,7,14062426,14062428,245706,5,14062434,14062435,-9223372036854775807
N17A4_KV,centroid.motifs,511,245707,7,14062443,14062445,245708,5,14062451,14062452,-9223372036854775807
N17A4_DICT,centroid.motifs,250378,250378,11,2175
N17A4_KV,centroid.motifs,0,250379,7,14101191,14101193,250380,5,14101196,14101197,-9223372036854775807
N17A4_KV,centroid.motifs,1,250381,7,14101205,14101207,250382,5,14101210,14101211,-9223372036854775807
N17A4_KV,centroid.motifs,2,250383,7,14101219,14101221,250384,5,14101224,14101225,-9223372036854775807
N17A4_KV,centroid.motifs,3,250385,7,14101233,14101235,250386,5,14101238,14101239,-9223372036854775807
N17A4_KV,centroid.motifs,4,250387,7,14101247,14101249,250388,5,14101252,14101253,-9223372036854775807
N17A4_KV,centroid.motifs,5,250389,7,14101261,14101263,250390,5,14101266,14101267,-9223372036854775807
N17A4_KV,centroid.motifs,6,250391,7,14101275,14101277,250392,5,14101280,14101281,-9223372036854775807
N17A4_KV,centroid.motifs,7,250393,7,14101289,14101291,250394,5,14101294,14101295,-9223372036854775807
N17A4_KV,centroid.motifs,8,250395,7,14101303,14101305,250396,5,14101308,14101309,-9223372036854775807
N17A4_KV,centroid.motifs,9,250397,7,14101317,14101319,250398,5,14101322,14101323,-9223372036854775807
N17A4_KV,centroid.motifs,10,250399,7,14101331,14101333,250400,5,14101336,14101337,-9223372036854775807
N17A4_KV,centroid.motifs,11,250401,7,14101345,14101347,250402,5,14101350,14101351,-9223372036854775807
N17A4_KV,centroid.motifs,12,250403,7,14101359,14101361,250404,5,14101364,14101365,-9223372036854775807
N17A4_KV,centroid.motifs,13,250405,7,14101373,14101375,250406,5,14101378,14101379,-9223372036854775807
N17A4_KV,centroid.motifs,14,250407,7,14101387,14101389,250408,5,14101392,14101393,-9223372036854775807
N17A4_KV,centroid.motifs,15,250409,7,14101401,14101403,250410,5,14101406,14101407,-9223372036854775807
N17A4_KV,centroid.motifs,16,250411,7,14101415,14101417,250412,5,14101420,14101421,-9223372036854775807
N17A4_KV,centroid.motifs,17,250413,7,14101429,14101431,250414,5,14101434,14101435,-9223372036854775807
N17A4_KV,centroid.motifs,18,250415,7,14101443,14101445,250416,5,14101448,14101449,-9223372036854775807
N17A4_KV,centroid.motifs,19,250417,7,14101457,14101459,250418,5,14101462,14101463,-9223372036854775807
N17A4_KV,centroid.motifs,20,250419,7,14101471,14101473,250420,5,14101476,14101477,-9223372036854775807
N17A4_KV,centroid.motifs,21,250421,7,14101485,14101487,250422,5,14101490,14101491,-9223372036854775807
N17A4_KV,centroid.motifs,22,250423,7,14101499,14101501,250424,5,14101504,14101505,-9223372036854775807
N17A4_KV,centroid.motifs,23,250425,7,14101513,14101515,250426,5,14101518,14101519,-9223372036854775807
N17A4_KV,centroid.motifs,24,250427,7,14101527,14101529,250428,5,14101532,14101533,-9223372036854775807
N17A4_KV,centroid.motifs,25,250429,7,14101541,14101543,250430,5,14101546,14101547,-9223372036854775807
N17A4_KV,centroid.motifs,26,250431,7,14101555,14101557,250432,5,14101560,14101561,-9223372036854775807
N17A4_KV,centroid.motifs,27,250433,7,14101569,14101571,250434,5,14101574,14101575,-9223372036854775807
N17A4_KV,centroid.motifs,28,250435,7,14101583,14101585,250436,5,14101588,14101589,-9223372036854775807
N17A4_KV,centroid.motifs,29,250437,7,14101597,14101599,250438,5,14101602,14101603,-9223372036854775807
N17A4_KV,centroid.motifs,30,250439,7,14101611,14101613,250440,5,14101616,14101617,-9223372036854775807
N17A4_KV,centroid.motifs,31,250441,7,14101625,14101627,250442,5,14101630,14101631,-9223372036854775807
N17A4_KV,centroid.motifs,32,250443,7,14101639,14101641,250444,5,14101644,14101645,-9223372036854775807
N17A4_KV,centroid.motifs,33,250445,7,14101653,14101655,250446,5,14101658,14101659,-9223372036854775807
N17A4_KV,centroid.motifs,34,250447,7,14101667,14101669,250448,5,14101672,14101673,-9223372036854775807
N17A4_KV,centroid.motifs,35,250449,7,14101681,14101683,250450,5,14101686,14101687,-9223372036854775807
N17A4_KV,centroid.motifs,36,250451,7,14101695,14101697,250452,5,14101700,14101701,-9223372036854775807
N17A4_KV,centroid.motifs,37,250453,7,14101709,14101711,250454,5,14101714,14101715,-9223372036854775807
N17A4_KV,centroid.motifs,38,250455,7,14101723,14101725,250456,5,14101728,14101729,-9223372036854775807
N17A4_KV,centroid.motifs,39,250457,7,14101737,14101739,250458,5,14101742,14101743,-9223372036854775807
N17A4_KV,centroid.motifs,40,250459,7,14101751,14101753,250460,5,14101756,14101757,-9223372036854775807
N17A4_KV,centroid.motifs,41,250461,7,14101765,14101767,250462,5,14101770,14101771,-9223372036854775807
N17A4_KV,centroid.motifs,42,250463,7,14101779,14101781,250464,5,14101784,14101785,-9223372036854775807
N17A4_KV,centroid.motifs,43,250465,7,14101793,14101795,250466,5,14101798,14101799,-9223372036854775807
N17A4_KV,centroid.motifs,44,250467,7,14101807,14101809,250468,5,14101813,14101814,-9223372036854775807
N17A4_KV,centroid.motifs,45,250469,7,14101822,14101824,250470,5,14101828,14101829,-9223372036854775807
N17A4_KV,centroid.motifs,46,250471,7,14101837,14101839,250472,5,14101843,14101844,-9223372036854775807
N17A4_KV,centroid.motifs,47,250473,7,14101852,14101854,250474,5,14101858,14101859,-9223372036854775807
N17A4_KV,centroid.motifs,48,250475,7,14101867,14101869,250476,5,14101873,14101874,-9223372036854775807
N17A4_KV,centroid.motifs,49,250477,7,14101882,14101884,250478,5,14101888,14101889,-9223372036854775807
N17A4_KV,centroid.motifs,50,250479,7,14101897,14101899,250480,5,14101903,14101904,-9223372036854775807
N17A4_KV,centroid.motifs,51,250481,7,14101912,14101914,250482,5,14101918,14101919,-9223372036854775807
N17A4_KV,centroid.motifs,52,250483,7,14101927,14101929,250484,5,14101933,14101934,-9223372036854775807
N17A4_KV,centroid.motifs,53,250485,7,14101942,14101944,250486,5,14101948,14101949,-9223372036854775807
N17A4_KV,centroid.motifs,54,250487,7,14101957,14101959,250488,5,14101963,14101964,-9223372036854775807
N17A4_KV,centroid.motifs,55,250489,7,14101972,14101974,250490,5,14101978,14101979,-9223372036854775807
N17A4_KV,centroid.motifs,56,250491,7,14101987,14101989,250492,5,14101993,14101994,-9223372036854775807
N17A4_KV,centroid.motifs,57,250493,7,14102002,14102004,250494,5,14102008,14102009,-9223372036854775807
N17A4_KV,centroid.motifs,58,250495,7,14102017,14102019,250496,5,14102023,14102024,-9223372036854775807
N17A4_KV,centroid.motifs,59,250497,7,14102032,14102034,250498,5,14102038,14102039,-9223372036854775807
N17A4_KV,centroid.motifs,60,250499,7,14102047,14102049,250500,5,14102053,14102054,-9223372036854775807
N17A4_KV,centroid.motifs,61,250501,7,14102062,14102064,250502,5,14102068,14102069,-9223372036854775807
N17A4_KV,centroid.motifs,62,250503,7,14102077,14102079,250504,5,14102083,14102084,-9223372036854775807
N17A4_KV,centroid.motifs,63,250505,7,14102092,14102094,250506,5,14102098,14102099,-9223372036854775807
N17A4_KV,centroid.motifs,64,250507,7,14102107,14102109,250508,5,14102113,14102114,-9223372036854775807
N17A4_KV,centroid.motifs,65,250509,7,14102122,14102124,250510,5,14102128,14102129,-9223372036854775807
N17A4_KV,centroid.motifs,66,250511,7,14102137,14102139,250512,5,14102143,14102144,-9223372036854775807
N17A4_KV,centroid.motifs,67,250513,7,14102152,14102154,250514,5,14102158,14102159,-9223372036854775807
N17A4_KV,centroid.motifs,68,250515,7,14102167,14102169,250516,5,14102173,14102174,-9223372036854775807
N17A4_KV,centroid.motifs,69,250517,7,14102182,14102184,250518,5,14102188,14102189,-9223372036854775807
N17A4_KV,centroid.motifs,70,250519,7,14102197,14102199,250520,5,14102203,14102204,-9223372036854775807
N17A4_KV,centroid.motifs,71,250521,7,14102212,14102214,250522,5,14102218,14102219,-9223372036854775807
N17A4_KV,centroid.motifs,72,250523,7,14102227,14102229,250524,5,14102233,14102234,-9223372036854775807
N17A4_KV,centroid.motifs,73,250525,7,14102242,14102244,250526,5,14102248,14102249,-9223372036854775807
N17A4_KV,centroid.motifs,74,250527,7,14102257,14102259,250528,5,14102263,14102264,-9223372036854775807
N17A4_KV,centroid.motifs,75,250529,7,14102272,14102274,250530,5,14102278,14102279,-9223372036854775807
N17A4_KV,centroid.motifs,76,250531,7,14102287,14102289,250532,5,14102293,14102294,-9223372036854775807
N17A4_KV,centroid.motifs,77,250533,7,14102302,14102304,250534,5,14102308,14102309,-9223372036854775807
N17A4_KV,centroid.motifs,78,250535,7,14102317,14102319,250536,5,14102323,14102324,-9223372036854775807
N17A4_KV,centroid.motifs,79,250537,7,14102332,14102334,250538,5,14102338,14102339,-9223372036854775807
N17A4_KV,centroid.motifs,80,250539,7,14102347,14102349,250540,5,14102353,14102354,-9223372036854775807
N17A4_KV,centroid.motifs,81,250541,7,14102362,14102364,250542,5,14102368,14102369,-9223372036854775807
N17A4_KV,centroid.motifs,82,250543,7,14102377,14102379,250544,5,14102383,14102384,-9223372036854775807
N17A4_KV,centroid.motifs,83,250545,7,14102392,14102394,250546,5,14102398,14102399,-9223372036854775807
N17A4_KV,centroid.motifs,84,250547,7,14102407,14102409,250548,5,14102413,14102414,-9223372036854775807
N17A4_KV,centroid.motifs,85,250549,7,14102422,14102424,250550,5,14102428,14102429,-9223372036854775807
N17A4_KV,centroid.motifs,86,250551,7,14102437,14102439,250552,5,14102443,14102444,-9223372036854775807
N17A4_KV,centroid.motifs,87,250553,7,14102452,14102454,250554,5,14102458,14102459,-9223372036854775807
N17A4_KV,centroid.motifs,88,250555,7,14102467,14102469,250556,5,14102473,14102474,-9223372036854775807
N17A4_KV,centroid.motifs,89,250557,7,14102482,14102484,250558,5,14102488,14102489,-9223372036854775807
N17A4_KV,centroid.motifs,90,250559,7,14102497,14102499,250560,5,14102503,14102504,-9223372036854775807
N17A4_KV,centroid.motifs,91,250561,7,14102512,14102514,250562,5,14102518,14102519,-9223372036854775807
N17A4_KV,centroid.motifs,92,250563,7,14102527,14102529,250564,5,14102533,14102534,-9223372036854775807
N17A4_KV,centroid.motifs,93,250565,7,14102542,14102544,250566,5,14102548,14102549,-9223372036854775807
N17A4_KV,centroid.motifs,94,250567,7,14102557,14102559,250568,5,14102563,14102564,-9223372036854775807
N17A4_KV,centroid.motifs,95,250569,7,14102572,14102574,250570,5,14102578,14102579,-9223372036854775807
N17A4_KV,centroid.motifs,96,250571,7,14102587,14102589,250572,5,14102593,14102594,-9223372036854775807
N17A4_KV,centroid.motifs,97,250573,7,14102602,14102604,250574,5,14102608,14102609,-9223372036854775807
N17A4_KV,centroid.motifs,98,250575,7,14102617,14102619,250576,5,14102623,14102624,-9223372036854775807
N17A4_KV,centroid.motifs,99,250577,7,14102632,14102634,250578,5,14102638,14102639,-9223372036854775807
N17A4_KV,centroid.motifs,100,250579,7,14102647,14102649,250580,5,14102654,14102655,-9223372036854775807
N17A4_KV,centroid.motifs,101,250581,7,14102663,14102665,250582,5,14102670,14102671,-9223372036854775807
N17A4_KV,centroid.motifs,102,250583,7,14102679,14102681,250584,5,14102686,14102687,-9223372036854775807
N17A4_KV,centroid.motifs,103,250585,7,14102695,14102697,250586,5,14102702,14102703,-9223372036854775807
N17A4_KV,centroid.motifs,104,250587,7,14102711,14102713,250588,5,14102718,14102719,-9223372036854775807
N17A4_KV,centroid.motifs,105,250589,7,14102727,14102729,250590,5,14102734,14102735,-9223372036854775807
N17A4_KV,centroid.motifs,106,250591,7,14102743,14102745,250592,5,14102750,14102751,-9223372036854775807
N17A4_KV,centroid.motifs,107,250593,7,14102759,14102761,250594,5,14102766,14102767,-9223372036854775807
N17A4_KV,centroid.motifs,108,250595,7,14102775,14102777,250596,5,14102782,14102783,-9223372036854775807
N17A4_KV,centroid.motifs,109,250597,7,14102791,14102793,250598,5,14102798,14102799,-9223372036854775807
N17A4_KV,centroid.motifs,110,250599,7,14102807,14102809,250600,5,14102814,14102815,-9223372036854775807
N17A4_KV,centroid.motifs,111,250601,7,14102823,14102825,250602,5,14102830,14102831,-9223372036854775807
N17A4_KV,centroid.motifs,112,250603,7,14102839,14102841,250604,5,14102846,14102847,-9223372036854775807
N17A4_KV,centroid.motifs,113,250605,7,14102855,14102857,250606,5,14102862,14102863,-9223372036854775807
N17A4_KV,centroid.motifs,114,250607,7,14102871,14102873,250608,5,14102878,14102879,-9223372036854775807
N17A4_KV,centroid.motifs,115,250609,7,14102887,14102889,250610,5,14102894,14102895,-9223372036854775807
N17A4_KV,centroid.motifs,116,250611,7,14102903,14102905,250612,5,14102910,14102911,-9223372036854775807
N17A4_KV,centroid.motifs,117,250613,7,14102919,14102921,250614,5,14102926,14102927,-9223372036854775807
N17A4_KV,centroid.motifs,118,250615,7,14102935,14102937,250616,5,14102942,14102943,-9223372036854775807
N17A4_KV,centroid.motifs,119,250617,7,14102951,14102953,250618,5,14102958,14102959,-9223372036854775807
N17A4_KV,centroid.motifs,120,250619,7,14102967,14102969,250620,5,14102974,14102975,-9223372036854775807
N17A4_KV,centroid.motifs,121,250621,7,14102983,14102985,250622,5,14102990,14102991,-9223372036854775807
N17A4_KV,centroid.motifs,122,250623,7,14102999,14103001,250624,5,14103006,14103007,-9223372036854775807
N17A4_KV,centroid.motifs,123,250625,7,14103015,14103017,250626,5,14103022,14103023,-9223372036854775807
N17A4_KV,centroid.motifs,124,250627,7,14103031,14103033,250628,5,14103038,14103039,-9223372036854775807
N17A4_KV,centroid.motifs,125,250629,7,14103047,14103049,250630,5,14103054,14103055,-9223372036854775807
N17A4_KV,centroid.motifs,126,250631,7,14103063,14103065,250632,5,14103070,14103071,-9223372036854775807
N17A4_KV,centroid.motifs,127,250633,7,14103079,14103081,250634,5,14103086,14103087,-9223372036854775807
N17A4_KV,centroid.motifs,128,250635,7,14103095,14103097,250636,5,14103102,14103103,-9223372036854775807
N17A4_KV,centroid.motifs,129,250637,7,14103111,14103113,250638,5,14103118,14103119,-9223372036854775807
N17A4_KV,centroid.motifs,130,250639,7,14103127,14103129,250640,5,14103134,14103135,-9223372036854775807
N17A4_KV,centroid.motifs,131,250641,7,14103143,14103145,250642,5,14103150,14103151,-9223372036854775807
N17A4_KV,centroid.motifs,132,250643,7,14103159,14103161,250644,5,14103166,14103167,-9223372036854775807
N17A4_KV,centroid.motifs,133,250645,7,14103175,14103177,250646,5,14103182,14103183,-9223372036854775807
N17A4_KV,centroid.motifs,134,250647,7,14103191,14103193,250648,5,14103198,14103199,-9223372036854775807
N17A4_KV,centroid.motifs,135,250649,7,14103207,14103209,250650,5,14103214,14103215,-9223372036854775807
N17A4_KV,centroid.motifs,136,250651,7,14103223,14103225,250652,5,14103230,14103231,-9223372036854775807
N17A4_KV,centroid.motifs,137,250653,7,14103239,14103241,250654,5,14103246,14103247,-9223372036854775807
N17A4_KV,centroid.motifs,138,250655,7,14103255,14103257,250656,5,14103262,14103263,-9223372036854775807
N17A4_KV,centroid.motifs,139,250657,7,14103271,14103273,250658,5,14103278,14103279,-9223372036854775807
N17A4_KV,centroid.motifs,140,250659,7,14103287,14103289,250660,5,14103294,14103295,-9223372036854775807
N17A4_KV,centroid.motifs,141,250661,7,14103303,14103305,250662,5,14103310,14103311,-9223372036854775807
N17A4_KV,centroid.motifs,142,250663,7,14103319,14103321,250664,5,14103326,14103327,-9223372036854775807
N17A4_KV,centroid.motifs,143,250665,7,14103335,14103337,250666,5,14103342,14103343,-9223372036854775807
N17A4_KV,centroid.motifs,144,250667,7,14103351,14103353,250668,5,14103358,14103359,-9223372036854775807
N17A4_KV,centroid.motifs,145,250669,7,14103367,14103369,250670,5,14103374,14103375,-9223372036854775807
N17A4_KV,centroid.motifs,146,250671,7,14103383,14103385,250672,5,14103390,14103391,-9223372036854775807
N17A4_KV,centroid.motifs,147,250673,7,14103399,14103401,250674,5,14103406,14103407,-9223372036854775807
N17A4_KV,centroid.motifs,148,250675,7,14103415,14103417,250676,5,14103422,14103423,-9223372036854775807
N17A4_KV,centroid.motifs,149,250677,7,14103431,14103433,250678,5,14103438,14103439,-9223372036854775807
N17A4_KV,centroid.motifs,150,250679,7,14103447,14103449,250680,5,14103454,14103455,-9223372036854775807
N17A4_KV,centroid.motifs,151,250681,7,14103463,14103465,250682,5,14103470,14103471,-9223372036854775807
N17A4_KV,centroid.motifs,152,250683,7,14103479,14103481,250684,5,14103486,14103487,-9223372036854775807
N17A4_KV,centroid.motifs,153,250685,7,14103495,14103497,250686,5,14103502,14103503,-9223372036854775807
N17A4_KV,centroid.motifs,154,250687,7,14103511,14103513,250688,5,14103518,14103519,-9223372036854775807
N17A4_KV,centroid.motifs,155,250689,7,14103527,14103529,250690,5,14103534,14103535,-9223372036854775807
N17A4_KV,centroid.motifs,156,250691,7,14103543,14103545,250692,5,14103550,14103551,-9223372036854775807
N17A4_KV,centroid.motifs,157,250693,7,14103559,14103561,250694,5,14103566,14103567,-9223372036854775807
N17A4_KV,centroid.motifs,158,250695,7,14103575,14103577,250696,5,14103583,14103584,-9223372036854775807
N17A4_KV,centroid.motifs,159,250697,7,14103592,14103594,250698,5,14103600,14103601,-9223372036854775807
N17A4_KV,centroid.motifs,160,250699,7,14103609,14103611,250700,5,14103617,14103618,-9223372036854775807
N17A4_KV,centroid.motifs,161,250701,7,14103626,14103628,250702,5,14103634,14103635,-9223372036854775807
N17A4_KV,centroid.motifs,162,250703,7,14103643,14103645,250704,5,14103651,14103652,-9223372036854775807
N17A4_KV,centroid.motifs,163,250705,7,14103660,14103662,250706,5,14103668,14103669,-9223372036854775807
N17A4_KV,centroid.motifs,164,250707,7,14103677,14103679,250708,5,14103685,14103686,-9223372036854775807
N17A4_KV,centroid.motifs,165,250709,7,14103694,14103696,250710,5,14103702,14103703,-9223372036854775807
N17A4_KV,centroid.motifs,166,250711,7,14103711,14103713,250712,5,14103719,14103720,-9223372036854775807
N17A4_KV,centroid.motifs,167,250713,7,14103728,14103730,250714,5,14103736,14103737,-9223372036854775807
N17A4_KV,centroid.motifs,168,250715,7,14103745,14103747,250716,5,14103753,14103754,-9223372036854775807
N17A4_KV,centroid.motifs,169,250717,7,14103762,14103764,250718,5,14103770,14103771,-9223372036854775807
N17A4_KV,centroid.motifs,170,250719,7,14103779,14103781,250720,5,14103787,14103788,-9223372036854775807
N17A4_KV,centroid.motifs,171,250721,7,14103796,14103798,250722,5,14103804,14103805,-9223372036854775807
N17A4_KV,centroid.motifs,172,250723,7,14103813,14103815,250724,5,14103821,14103822,-9223372036854775807
N17A4_KV,centroid.motifs,173,250725,7,14103830,14103832,250726,5,14103838,14103839,-9223372036854775807
N17A4_KV,centroid.motifs,174,250727,7,14103847,14103849,250728,5,14103855,14103856,-9223372036854775807
N17A4_KV,centroid.motifs,175,250729,7,14103864,14103866,250730,5,14103872,14103873,-9223372036854775807
N17A4_KV,centroid.motifs,176,250731,7,14103881,14103883,250732,5,14103889,14103890,-9223372036854775807
N17A4_KV,centroid.motifs,177,250733,7,14103898,14103900,250734,5,14103906,14103907,-9223372036854775807
N17A4_KV,centroid.motifs,178,250735,7,14103915,14103917,250736,5,14103923,14103924,-9223372036854775807
N17A4_KV,centroid.motifs,179,250737,7,14103932,14103934,250738,5,14103940,14103941,-9223372036854775807
N17A4_KV,centroid.motifs,180,250739,7,14103949,14103951,250740,5,14103957,14103958,-9223372036854775807
N17A4_KV,centroid.motifs,181,250741,7,14103966,14103968,250742,5,14103974,14103975,-9223372036854775807
N17A4_KV,centroid.motifs,182,250743,7,14103983,14103985,250744,5,14103991,14103992,-9223372036854775807
N17A4_KV,centroid.motifs,183,250745,7,14104000,14104002,250746,5,14104008,14104009,-9223372036854775807
N17A4_KV,centroid.motifs,184,250747,7,14104017,14104019,250748,5,14104025,14104026,-9223372036854775807
N17A4_KV,centroid.motifs,185,250749,7,14104034,14104036,250750,5,14104042,14104043,-9223372036854775807
N17A4_KV,centroid.motifs,186,250751,7,14104051,14104053,250752,5,14104059,14104060,-9223372036854775807
N17A4_KV,centroid.motifs,187,250753,7,14104068,14104070,250754,5,14104076,14104077,-9223372036854775807
N17A4_KV,centroid.motifs,188,250755,7,14104085,14104087,250756,5,14104093,14104094,-9223372036854775807
N17A4_KV,centroid.motifs,189,250757,7,14104102,14104104,250758,5,14104110,14104111,-9223372036854775807
N17A4_KV,centroid.motifs,190,250759,7,14104119,14104121,250760,5,14104127,14104128,-9223372036854775807
N17A4_KV,centroid.motifs,191,250761,7,14104136,14104138,250762,5,14104144,14104145,-9223372036854775807
N17A4_KV,centroid.motifs,192,250763,7,14104153,14104155,250764,5,14104161,14104162,-9223372036854775807
N17A4_KV,centroid.motifs,193,250765,7,14104170,14104172,250766,5,14104178,14104179,-9223372036854775807
N17A4_KV,centroid.motifs,194,250767,7,14104187,14104189,250768,5,14104195,14104196,-9223372036854775807
N17A4_KV,centroid.motifs,195,250769,7,14104204,14104206,250770,5,14104212,14104213,-9223372036854775807
N17A4_KV,centroid.motifs,196,250771,7,14104221,14104223,250772,5,14104229,14104230,-9223372036854775807
N17A4_KV,centroid.motifs,197,250773,7,14104238,14104240,250774,5,14104246,14104247,-9223372036854775807
N17A4_KV,centroid.motifs,198,250775,7,14104255,14104257,250776,5,14104263,14104264,-9223372036854775807
N17A4_KV,centroid.motifs,199,250777,7,14104272,14104274,250778,5,14104280,14104281,-9223372036854775807
N17A4_KV,centroid.motifs,200,250779,7,14104289,14104291,250780,5,14104297,14104298,-9223372036854775807
N17A4_KV,centroid.motifs,201,250781,7,14104306,14104308,250782,5,14104314,14104315,-9223372036854775807
N17A4_KV,centroid.motifs,202,250783,7,14104323,14104325,250784,5,14104331,14104332,-9223372036854775807
N17A4_KV,centroid.motifs,203,250785,7,14104340,14104342,250786,5,14104348,14104349,-9223372036854775807
N17A4_KV,centroid.motifs,204,250787,7,14104357,14104359,250788,5,14104365,14104366,-9223372036854775807
N17A4_KV,centroid.motifs,205,250789,7,14104374,14104376,250790,5,14104382,14104383,-9223372036854775807
N17A4_KV,centroid.motifs,206,250791,7,14104391,14104393,250792,5,14104399,14104400,-9223372036854775807
N17A4_KV,centroid.motifs,207,250793,7,14104408,14104410,250794,5,14104416,14104417,-9223372036854775807
N17A4_KV,centroid.motifs,208,250795,7,14104425,14104427,250796,5,14104433,14104434,-9223372036854775807
N17A4_KV,centroid.motifs,209,250797,7,14104442,14104444,250798,5,14104450,14104451,-9223372036854775807
N17A4_KV,centroid.motifs,210,250799,7,14104459,14104461,250800,5,14104467,14104468,-9223372036854775807
N17A4_KV,centroid.motifs,211,250801,7,14104476,14104478,250802,5,14104484,14104485,-9223372036854775807
N17A4_KV,centroid.motifs,212,250803,7,14104493,14104495,250804,5,14104501,14104502,-9223372036854775807
N17A4_KV,centroid.motifs,213,250805,7,14104510,14104512,250806,5,14104518,14104519,-9223372036854775807
N17A4_KV,centroid.motifs,214,250807,7,14104527,14104529,250808,5,14104535,14104536,-9223372036854775807
N17A4_KV,centroid.motifs,215,250809,7,14104544,14104546,250810,5,14104552,14104553,-9223372036854775807
N17A4_KV,centroid.motifs,216,250811,7,14104561,14104563,250812,5,14104570,14104571,-9223372036854775807
N17A4_KV,centroid.motifs,217,250813,7,14104579,14104581,250814,5,14104588,14104589,-9223372036854775807
N17A4_KV,centroid.motifs,218,250815,7,14104597,14104599,250816,5,14104606,14104607,-9223372036854775807
N17A4_KV,centroid.motifs,219,250817,7,14104615,14104617,250818,5,14104624,14104625,-9223372036854775807
N17A4_KV,centroid.motifs,220,250819,7,14104633,14104635,250820,5,14104642,14104643,-9223372036854775807
N17A4_KV,centroid.motifs,221,250821,7,14104651,14104653,250822,5,14104660,14104661,-9223372036854775807
N17A4_KV,centroid.motifs,222,250823,7,14104669,14104671,250824,5,14104678,14104679,-9223372036854775807
N17A4_KV,centroid.motifs,223,250825,7,14104687,14104689,250826,5,14104696,14104697,-9223372036854775807
N17A4_KV,centroid.motifs,224,250827,7,14104705,14104707,250828,5,14104714,14104715,-9223372036854775807
N17A4_KV,centroid.motifs,225,250829,7,14104723,14104725,250830,5,14104732,14104733,-9223372036854775807
N17A4_KV,centroid.motifs,226,250831,7,14104741,14104743,250832,5,14104750,14104751,-9223372036854775807
N17A4_KV,centroid.motifs,227,250833,7,14104759,14104761,250834,5,14104768,14104769,-9223372036854775807
N17A4_KV,centroid.motifs,228,250835,7,14104777,14104779,250836,5,14104786,14104787,-9223372036854775807
N17A4_KV,centroid.motifs,229,250837,7,14104795,14104797,250838,5,14104804,14104805,-9223372036854775807
N17A4_KV,centroid.motifs,230,250839,7,14104813,14104815,250840,5,14104822,14104823,-9223372036854775807
N17A4_KV,centroid.motifs,231,250841,7,14104831,14104833,250842,5,14104840,14104841,-9223372036854775807
N17A4_KV,centroid.motifs,232,250843,7,14104849,14104851,250844,5,14104858,14104859,-9223372036854775807
N17A4_KV,centroid.motifs,233,250845,7,14104867,14104869,250846,5,14104876,14104877,-9223372036854775807
N17A4_KV,centroid.motifs,234,250847,7,14104885,14104887,250848,5,14104894,14104895,-9223372036854775807
N17A4_KV,centroid.motifs,235,250849,7,14104903,14104905,250850,5,14104912,14104913,-9223372036854775807
N17A4_KV,centroid.motifs,236,250851,7,14104921,14104923,250852,5,14104930,14104931,-9223372036854775807
N17A4_KV,centroid.motifs,237,250853,7,14104939,14104941,250854,5,14104948,14104949,-9223372036854775807
N17A4_KV,centroid.motifs,238,250855,7,14104957,14104959,250856,5,14104966,14104967,-9223372036854775807
N17A4_KV,centroid.motifs,239,250857,7,14104975,14104977,250858,5,14104984,14104985,-9223372036854775807
N17A4_KV,centroid.motifs,240,250859,7,14104993,14104995,250860,5,14105002,14105003,-9223372036854775807
N17A4_KV,centroid.motifs,241,250861,7,14105011,14105013,250862,5,14105020,14105021,-9223372036854775807
N17A4_KV,centroid.motifs,242,250863,7,14105029,14105031,250864,5,14105038,14105039,-9223372036854775807
N17A4_KV,centroid.motifs,243,250865,7,14105047,14105049,250866,5,14105056,14105057,-9223372036854775807
N17A4_KV,centroid.motifs,244,250867,7,14105065,14105067,250868,5,14105074,14105075,-9223372036854775807
N17A4_KV,centroid.motifs,245,250869,7,14105083,14105085,250870,5,14105092,14105093,-9223372036854775807
N17A4_KV,centroid.motifs,246,250871,7,14105101,14105103,250872,5,14105110,14105111,-9223372036854775807
N17A4_KV,centroid.motifs,247,250873,7,14105119,14105121,250874,5,14105128,14105129,-9223372036854775807
N17A4_KV,centroid.motifs,248,250875,7,14105137,14105139,250876,5,14105146,14105147,-9223372036854775807
N17A4_KV,centroid.motifs,249,250877,7,14105155,14105157,250878,5,14105164,14105165,-9223372036854775807
N17A4_KV,centroid.motifs,250,250879,7,14105173,14105175,250880,5,14105182,14105183,-9223372036854775807
N17A4_KV,centroid.motifs,251,250881,7,14105191,14105193,250882,5,14105200,14105201,-9223372036854775807
N17A4_KV,centroid.motifs,252,250883,7,14105209,14105211,250884,5,14105218,14105219,-9223372036854775807
N17A4_KV,centroid.motifs,253,250885,7,14105227,14105229,250886,5,14105236,14105237,-9223372036854775807
N17A4_KV,centroid.motifs,254,250887,7,14105245,14105247,250888,5,14105254,14105255,-9223372036854775807
N17A4_KV,centroid.motifs,255,250889,7,14105263,14105265,250890,5,14105272,14105273,-9223372036854775807
N17A4_KV,centroid.motifs,256,250891,7,14105281,14105283,250892,5,14105290,14105291,-9223372036854775807
N17A4_KV,centroid.motifs,257,250893,7,14105299,14105301,250894,5,14105308,14105309,-9223372036854775807
N17A4_KV,centroid.motifs,258,250895,7,14105317,14105319,250896,5,14105326,14105327,-9223372036854775807
N17A4_KV,centroid.motifs,259,250897,7,14105335,14105337,250898,5,14105344,14105345,-9223372036854775807
N17A4_KV,centroid.motifs,260,250899,7,14105353,14105355,250900,5,14105362,14105363,-9223372036854775807
N17A4_KV,centroid.motifs,261,250901,7,14105371,14105373,250902,5,14105380,14105381,-9223372036854775807
N17A4_KV,centroid.motifs,262,250903,7,14105389,14105391,250904,5,14105398,14105399,-9223372036854775807
N17A4_KV,centroid.motifs,263,250905,7,14105407,14105409,250906,5,14105416,14105417,-9223372036854775807
N17A4_KV,centroid.motifs,264,250907,7,14105425,14105427,250908,5,14105434,14105435,-9223372036854775807
N17A4_KV,centroid.motifs,265,250909,7,14105443,14105445,250910,5,14105452,14105453,-9223372036854775807
N17A4_KV,centroid.motifs,266,250911,7,14105461,14105463,250912,5,14105470,14105471,-9223372036854775807
N17A4_KV,centroid.motifs,267,250913,7,14105479,14105481,250914,5,14105488,14105489,-9223372036854775807
N17A4_KV,centroid.motifs,268,250915,7,14105497,14105499,250916,5,14105506,14105507,-9223372036854775807
N17A4_KV,centroid.motifs,269,250917,7,14105515,14105517,250918,5,14105524,14105525,-9223372036854775807
N17A4_KV,centroid.motifs,270,250919,7,14105533,14105535,250920,5,14105542,14105543,-9223372036854775807
N17A4_KV,centroid.motifs,271,250921,7,14105551,14105553,250922,5,14105560,14105561,-9223372036854775807
N17A4_KV,centroid.motifs,272,250923,7,14105569,14105571,250924,5,14105578,14105579,-9223372036854775807
N17A4_KV,centroid.motifs,273,250925,7,14105587,14105589,250926,5,14105596,14105597,-9223372036854775807
N17A4_KV,centroid.motifs,274,250927,7,14105605,14105607,250928,5,14105610,14105611,-9223372036854775807
N17A4_KV,centroid.motifs,275,250929,7,14105619,14105621,250930,5,14105624,14105625,-9223372036854775807
N17A4_KV,centroid.motifs,276,250931,7,14105633,14105635,250932,5,14105638,14105639,-9223372036854775807
N17A4_KV,centroid.motifs,277,250933,7,14105647,14105649,250934,5,14105652,14105653,-9223372036854775807
N17A4_KV,centroid.motifs,278,250935,7,14105661,14105663,250936,5,14105666,14105667,-9223372036854775807
N17A4_KV,centroid.motifs,279,250937,7,14105675,14105677,250938,5,14105680,14105681,-9223372036854775807
N17A4_KV,centroid.motifs,280,250939,7,14105689,14105691,250940,5,14105694,14105695,-9223372036854775807
N17A4_KV,centroid.motifs,281,250941,7,14105703,14105705,250942,5,14105708,14105709,-9223372036854775807
N17A4_KV,centroid.motifs,282,250943,7,14105717,14105719,250944,5,14105722,14105723,-9223372036854775807
N17A4_KV,centroid.motifs,283,250945,7,14105731,14105733,250946,5,14105736,14105737,-9223372036854775807
N17A4_KV,centroid.motifs,284,250947,7,14105745,14105747,250948,5,14105750,14105751,-9223372036854775807
N17A4_KV,centroid.motifs,285,250949,7,14105759,14105761,250950,5,14105764,14105765,-9223372036854775807
N17A4_KV,centroid.motifs,286,250951,7,14105773,14105775,250952,5,14105778,14105779,-9223372036854775807
N17A4_KV,centroid.motifs,287,250953,7,14105787,14105789,250954,5,14105792,14105793,-9223372036854775807
N17A4_KV,centroid.motifs,288,250955,7,14105801,14105803,250956,5,14105806,14105807,-9223372036854775807
N17A4_KV,centroid.motifs,289,250957,7,14105815,14105817,250958,5,14105820,14105821,-9223372036854775807
N17A4_KV,centroid.motifs,290,250959,7,14105829,14105831,250960,5,14105834,14105835,-9223372036854775807
N17A4_KV,centroid.motifs,291,250961,7,14105843,14105845,250962,5,14105848,14105849,-9223372036854775807
N17A4_KV,centroid.motifs,292,250963,7,14105857,14105859,250964,5,14105862,14105863,-9223372036854775807
N17A4_KV,centroid.motifs,293,250965,7,14105871,14105873,250966,5,14105876,14105877,-9223372036854775807
N17A4_KV,centroid.motifs,294,250967,7,14105885,14105887,250968,5,14105890,14105891,-9223372036854775807
N17A4_KV,centroid.motifs,295,250969,7,14105899,14105901,250970,5,14105904,14105905,-9223372036854775807
N17A4_KV,centroid.motifs,296,250971,7,14105913,14105915,250972,5,14105918,14105919,-9223372036854775807
N17A4_KV,centroid.motifs,297,250973,7,14105927,14105929,250974,5,14105932,14105933,-9223372036854775807
N17A4_KV,centroid.motifs,298,250975,7,14105941,14105943,250976,5,14105946,14105947,-9223372036854775807
N17A4_KV,centroid.motifs,299,250977,7,14105955,14105957,250978,5,14105960,14105961,-9223372036854775807
N17A4_KV,centroid.motifs,300,250979,7,14105969,14105971,250980,5,14105975,14105976,-9223372036854775807
N17A4_KV,centroid.motifs,301,250981,7,14105984,14105986,250982,5,14105990,14105991,-9223372036854775807
N17A4_KV,centroid.motifs,302,250983,7,14105999,14106001,250984,5,14106005,14106006,-9223372036854775807
N17A4_KV,centroid.motifs,303,250985,7,14106014,14106016,250986,5,14106020,14106021,-9223372036854775807
N17A4_KV,centroid.motifs,304,250987,7,14106029,14106031,250988,5,14106035,14106036,-9223372036854775807
N17A4_KV,centroid.motifs,305,250989,7,14106044,14106046,250990,5,14106050,14106051,-9223372036854775807
N17A4_KV,centroid.motifs,306,250991,7,14106059,14106061,250992,5,14106065,14106066,-9223372036854775807
N17A4_KV,centroid.motifs,307,250993,7,14106074,14106076,250994,5,14106080,14106081,-9223372036854775807
N17A4_KV,centroid.motifs,308,250995,7,14106089,14106091,250996,5,14106095,14106096,-9223372036854775807
N17A4_KV,centroid.motifs,309,250997,7,14106104,14106106,250998,5,14106110,14106111,-9223372036854775807
N17A4_KV,centroid.motifs,310,250999,7,14106119,14106121,251000,5,14106125,14106126,-9223372036854775807
N17A4_KV,centroid.motifs,311,251001,7,14106134,14106136,251002,5,14106140,14106141,-9223372036854775807
N17A4_KV,centroid.motifs,312,251003,7,14106149,14106151,251004,5,14106155,14106156,-9223372036854775807
N17A4_KV,centroid.motifs,313,251005,7,14106164,14106166,251006,5,14106170,14106171,-9223372036854775807
N17A4_KV,centroid.motifs,314,251007,7,14106179,14106181,251008,5,14106185,14106186,-9223372036854775807
N17A4_KV,centroid.motifs,315,251009,7,14106194,14106196,251010,5,14106200,14106201,-9223372036854775807
N17A4_KV,centroid.motifs,316,251011,7,14106209,14106211,251012,5,14106215,14106216,-9223372036854775807
N17A4_KV,centroid.motifs,317,251013,7,14106224,14106226,251014,5,14106230,14106231,-9223372036854775807
N17A4_KV,centroid.motifs,318,251015,7,14106239,14106241,251016,5,14106245,14106246,-9223372036854775807
N17A4_KV,centroid.motifs,319,251017,7,14106254,14106256,251018,5,14106260,14106261,-9223372036854775807
N17A4_KV,centroid.motifs,320,251019,7,14106269,14106271,251020,5,14106275,14106276,-9223372036854775807
N17A4_KV,centroid.motifs,321,251021,7,14106284,14106286,251022,5,14106290,14106291,-9223372036854775807
N17A4_KV,centroid.motifs,322,251023,7,14106299,14106301,251024,5,14106305,14106306,-9223372036854775807
N17A4_KV,centroid.motifs,323,251025,7,14106314,14106316,251026,5,14106320,14106321,-9223372036854775807
N17A4_KV,centroid.motifs,324,251027,7,14106329,14106331,251028,5,14106335,14106336,-9223372036854775807
N17A4_KV,centroid.motifs,325,251029,7,14106344,14106346,251030,5,14106350,14106351,-9223372036854775807
N17A4_KV,centroid.motifs,326,251031,7,14106359,14106361,251032,5,14106365,14106366,-9223372036854775807
N17A4_KV,centroid.motifs,327,251033,7,14106374,14106376,251034,5,14106380,14106381,-9223372036854775807
N17A4_KV,centroid.motifs,328,251035,7,14106389,14106391,251036,5,14106395,14106396,-9223372036854775807
N17A4_KV,centroid.motifs,329,251037,7,14106404,14106406,251038,5,14106410,14106411,-9223372036854775807
N17A4_KV,centroid.motifs,330,251039,7,14106419,14106421,251040,5,14106425,14106426,-9223372036854775807
N17A4_KV,centroid.motifs,331,251041,7,14106434,14106436,251042,5,14106440,14106441,-9223372036854775807
N17A4_KV,centroid.motifs,332,251043,7,14106449,14106451,251044,5,14106455,14106456,-9223372036854775807
N17A4_KV,centroid.motifs,333,251045,7,14106464,14106466,251046,5,14106470,14106471,-9223372036854775807
N17A4_KV,centroid.motifs,334,251047,7,14106479,14106481,251048,5,14106485,14106486,-9223372036854775807
N17A4_KV,centroid.motifs,335,251049,7,14106494,14106496,251050,5,14106501,14106502,-9223372036854775807
N17A4_KV,centroid.motifs,336,251051,7,14106510,14106512,251052,5,14106517,14106518,-9223372036854775807
N17A4_KV,centroid.motifs,337,251053,7,14106526,14106528,251054,5,14106533,14106534,-9223372036854775807
N17A4_KV,centroid.motifs,338,251055,7,14106542,14106544,251056,5,14106549,14106550,-9223372036854775807
N17A4_KV,centroid.motifs,339,251057,7,14106558,14106560,251058,5,14106565,14106566,-9223372036854775807
N17A4_KV,centroid.motifs,340,251059,7,14106574,14106576,251060,5,14106581,14106582,-9223372036854775807
N17A4_KV,centroid.motifs,341,251061,7,14106590,14106592,251062,5,14106597,14106598,-9223372036854775807
N17A4_KV,centroid.motifs,342,251063,7,14106606,14106608,251064,5,14106613,14106614,-9223372036854775807
N17A4_KV,centroid.motifs,343,251065,7,14106622,14106624,251066,5,14106629,14106630,-9223372036854775807
N17A4_KV,centroid.motifs,344,251067,7,14106638,14106640,251068,5,14106645,14106646,-9223372036854775807
N17A4_KV,centroid.motifs,345,251069,7,14106654,14106656,251070,5,14106661,14106662,-9223372036854775807
N17A4_KV,centroid.motifs,346,251071,7,14106670,14106672,251072,5,14106677,14106678,-9223372036854775807
N17A4_KV,centroid.motifs,347,251073,7,14106686,14106688,251074,5,14106693,14106694,-9223372036854775807
N17A4_KV,centroid.motifs,348,251075,7,14106702,14106704,251076,5,14106709,14106710,-9223372036854775807
N17A4_KV,centroid.motifs,349,251077,7,14106718,14106720,251078,5,14106725,14106726,-9223372036854775807
N17A4_KV,centroid.motifs,350,251079,7,14106734,14106736,251080,5,14106741,14106742,-9223372036854775807
N17A4_KV,centroid.motifs,351,251081,7,14106750,14106752,251082,5,14106757,14106758,-9223372036854775807
N17A4_KV,centroid.motifs,352,251083,7,14106766,14106768,251084,5,14106773,14106774,-9223372036854775807
N17A4_KV,centroid.motifs,353,251085,7,14106782,14106784,251086,5,14106789,14106790,-9223372036854775807
N17A4_KV,centroid.motifs,354,251087,7,14106798,14106800,251088,5,14106805,14106806,-9223372036854775807
N17A4_KV,centroid.motifs,355,251089,7,14106814,14106816,251090,5,14106821,14106822,-9223372036854775807
N17A4_KV,centroid.motifs,356,251091,7,14106830,14106832,251092,5,14106837,14106838,-9223372036854775807
N17A4_KV,centroid.motifs,357,251093,7,14106846,14106848,251094,5,14106853,14106854,-9223372036854775807
N17A4_KV,centroid.motifs,358,251095,7,14106862,14106864,251096,5,14106869,14106870,-9223372036854775807
N17A4_KV,centroid.motifs,359,251097,7,14106878,14106880,251098,5,14106885,14106886,-9223372036854775807
N17A4_KV,centroid.motifs,360,251099,7,14106894,14106896,251100,5,14106901,14106902,-9223372036854775807
N17A4_KV,centroid.motifs,361,251101,7,14106910,14106912,251102,5,14106917,14106918,-9223372036854775807
N17A4_KV,centroid.motifs,362,251103,7,14106926,14106928,251104,5,14106933,14106934,-9223372036854775807
N17A4_KV,centroid.motifs,363,251105,7,14106942,14106944,251106,5,14106949,14106950,-9223372036854775807
N17A4_KV,centroid.motifs,364,251107,7,14106958,14106960,251108,5,14106965,14106966,-9223372036854775807
N17A4_KV,centroid.motifs,365,251109,7,14106974,14106976,251110,5,14106981,14106982,-9223372036854775807
N17A4_KV,centroid.motifs,366,251111,7,14106990,14106992,251112,5,14106997,14106998,-9223372036854775807
N17A4_KV,centroid.motifs,367,251113,7,14107006,14107008,251114,5,14107013,14107014,-9223372036854775807
N17A4_KV,centroid.motifs,368,251115,7,14107022,14107024,251116,5,14107029,14107030,-9223372036854775807
N17A4_KV,centroid.motifs,369,251117,7,14107038,14107040,251118,5,14107045,14107046,-9223372036854775807
N17A4_KV,centroid.motifs,370,251119,7,14107054,14107056,251120,5,14107061,14107062,-9223372036854775807
N17A4_KV,centroid.motifs,371,251121,7,14107070,14107072,251122,5,14107077,14107078,-9223372036854775807
N17A4_KV,centroid.motifs,372,251123,7,14107086,14107088,251124,5,14107093,14107094,-9223372036854775807
N17A4_KV,centroid.motifs,373,251125,7,14107102,14107104,251126,5,14107109,14107110,-9223372036854775807
N17A4_KV,centroid.motifs,374,251127,7,14107118,14107120,251128,5,14107125,14107126,-9223372036854775807
N17A4_KV,centroid.motifs,375,251129,7,14107134,14107136,251130,5,14107141,14107142,-9223372036854775807
N17A4_KV,centroid.motifs,376,251131,7,14107150,14107152,251132,5,14107158,14107159,-9223372036854775807
N17A4_KV,centroid.motifs,377,251133,7,14107167,14107169,251134,5,14107175,14107176,-9223372036854775807
N17A4_KV,centroid.motifs,378,251135,7,14107184,14107186,251136,5,14107192,14107193,-9223372036854775807
N17A4_KV,centroid.motifs,379,251137,7,14107201,14107203,251138,5,14107209,14107210,-9223372036854775807
N17A4_KV,centroid.motifs,380,251139,7,14107218,14107220,251140,5,14107226,14107227,-9223372036854775807
N17A4_KV,centroid.motifs,381,251141,7,14107235,14107237,251142,5,14107243,14107244,-9223372036854775807
N17A4_KV,centroid.motifs,382,251143,7,14107252,14107254,251144,5,14107260,14107261,-9223372036854775807
N17A4_KV,centroid.motifs,383,251145,7,14107269,14107271,251146,5,14107277,14107278,-9223372036854775807
N17A4_KV,centroid.motifs,384,251147,7,14107286,14107288,251148,5,14107294,14107295,-9223372036854775807
N17A4_KV,centroid.motifs,385,251149,7,14107303,14107305,251150,5,14107311,14107312,-9223372036854775807
N17A4_KV,centroid.motifs,386,251151,7,14107320,14107322,251152,5,14107328,14107329,-9223372036854775807
N17A4_KV,centroid.motifs,387,251153,7,14107337,14107339,251154,5,14107345,14107346,-9223372036854775807
N17A4_KV,centroid.motifs,388,251155,7,14107354,14107356,251156,5,14107362,14107363,-9223372036854775807
N17A4_KV,centroid.motifs,389,251157,7,14107371,14107373,251158,5,14107379,14107380,-9223372036854775807
N17A4_KV,centroid.motifs,390,251159,7,14107388,14107390,251160,5,14107396,14107397,-9223372036854775807
N17A4_KV,centroid.motifs,391,251161,7,14107405,14107407,251162,5,14107413,14107414,-9223372036854775807
N17A4_KV,centroid.motifs,392,251163,7,14107422,14107424,251164,5,14107430,14107431,-9223372036854775807
N17A4_KV,centroid.motifs,393,251165,7,14107439,14107441,251166,5,14107447,14107448,-9223372036854775807
N17A4_KV,centroid.motifs,394,251167,7,14107456,14107458,251168,5,14107464,14107465,-9223372036854775807
N17A4_KV,centroid.motifs,395,251169,7,14107473,14107475,251170,5,14107481,14107482,-9223372036854775807
N17A4_KV,centroid.motifs,396,251171,7,14107490,14107492,251172,5,14107498,14107499,-9223372036854775807
N17A4_KV,centroid.motifs,397,251173,7,14107507,14107509,251174,5,14107515,14107516,-9223372036854775807
N17A4_KV,centroid.motifs,398,251175,7,14107524,14107526,251176,5,14107532,14107533,-9223372036854775807
N17A4_KV,centroid.motifs,399,251177,7,14107541,14107543,251178,5,14107549,14107550,-9223372036854775807
N17A4_KV,centroid.motifs,400,251179,7,14107558,14107560,251180,5,14107566,14107567,-9223372036854775807
N17A4_KV,centroid.motifs,401,251181,7,14107575,14107577,251182,5,14107583,14107584,-9223372036854775807
N17A4_KV,centroid.motifs,402,251183,7,14107592,14107594,251184,5,14107600,14107601,-9223372036854775807
N17A4_KV,centroid.motifs,403,251185,7,14107609,14107611,251186,5,14107617,14107618,-9223372036854775807
N17A4_KV,centroid.motifs,404,251187,7,14107626,14107628,251188,5,14107634,14107635,-9223372036854775807
N17A4_KV,centroid.motifs,405,251189,7,14107643,14107645,251190,5,14107651,14107652,-9223372036854775807
N17A4_KV,centroid.motifs,406,251191,7,14107660,14107662,251192,5,14107668,14107669,-9223372036854775807
N17A4_KV,centroid.motifs,407,251193,7,14107677,14107679,251194,5,14107685,14107686,-9223372036854775807
N17A4_KV,centroid.motifs,408,251195,7,14107694,14107696,251196,5,14107702,14107703,-9223372036854775807
N17A4_KV,centroid.motifs,409,251197,7,14107711,14107713,251198,5,14107719,14107720,-9223372036854775807
N17A4_KV,centroid.motifs,410,251199,7,14107728,14107730,251200,5,14107736,14107737,-9223372036854775807
N17A4_KV,centroid.motifs,411,251201,7,14107745,14107747,251202,5,14107753,14107754,-9223372036854775807
N17A4_KV,centroid.motifs,412,251203,7,14107762,14107764,251204,5,14107770,14107771,-9223372036854775807
N17A4_KV,centroid.motifs,413,251205,7,14107779,14107781,251206,5,14107787,14107788,-9223372036854775807
N17A4_KV,centroid.motifs,414,251207,7,14107796,14107798,251208,5,14107804,14107805,-9223372036854775807
N17A4_KV,centroid.motifs,415,251209,7,14107813,14107815,251210,5,14107821,14107822,-9223372036854775807
N17A4_KV,centroid.motifs,416,251211,7,14107830,14107832,251212,5,14107838,14107839,-9223372036854775807
N17A4_KV,centroid.motifs,417,251213,7,14107847,14107849,251214,5,14107855,14107856,-9223372036854775807
N17A4_KV,centroid.motifs,418,251215,7,14107864,14107866,251216,5,14107873,14107874,-9223372036854775807
N17A4_KV,centroid.motifs,419,251217,7,14107882,14107884,251218,5,14107891,14107892,-9223372036854775807
N17A4_KV,centroid.motifs,420,251219,7,14107900,14107902,251220,5,14107909,14107910,-9223372036854775807
N17A4_KV,centroid.motifs,421,251221,7,14107918,14107920,251222,5,14107927,14107928,-9223372036854775807
N17A4_KV,centroid.motifs,422,251223,7,14107936,14107938,251224,5,14107945,14107946,-9223372036854775807
N17A4_KV,centroid.motifs,423,251225,7,14107954,14107956,251226,5,14107963,14107964,-9223372036854775807
N17A4_KV,centroid.motifs,424,251227,7,14107972,14107974,251228,5,14107981,14107982,-9223372036854775807
N17A4_KV,centroid.motifs,425,251229,7,14107990,14107992,251230,5,14107999,14108000,-9223372036854775807
N17A4_KV,centroid.motifs,426,251231,7,14108008,14108010,251232,5,14108017,14108018,-9223372036854775807
N17A4_KV,centroid.motifs,427,251233,7,14108026,14108028,251234,5,14108035,14108036,-9223372036854775807
N17A4_KV,centroid.motifs,428,251235,7,14108044,14108046,251236,5,14108053,14108054,-9223372036854775807
N17A4_KV,centroid.motifs,429,251237,7,14108062,14108064,251238,5,14108071,14108072,-9223372036854775807
N17A4_KV,centroid.motifs,430,251239,7,14108080,14108082,251240,5,14108089,14108090,-9223372036854775807
N17A4_KV,centroid.motifs,431,251241,7,14108098,14108100,251242,5,14108107,14108108,-9223372036854775807
N17A4_KV,centroid.motifs,432,251243,7,14108116,14108118,251244,5,14108125,14108126,-9223372036854775807
N17A4_KV,centroid.motifs,433,251245,7,14108134,14108136,251246,5,14108143,14108144,-9223372036854775807
N17A4_KV,centroid.motifs,434,251247,7,14108152,14108154,251248,5,14108161,14108162,-9223372036854775807
N17A4_KV,centroid.motifs,435,251249,7,14108170,14108172,251250,5,14108179,14108180,-9223372036854775807
N17A4_KV,centroid.motifs,436,251251,7,14108188,14108190,251252,5,14108197,14108198,-9223372036854775807
N17A4_KV,centroid.motifs,437,251253,7,14108206,14108208,251254,5,14108215,14108216,-9223372036854775807
N17A4_KV,centroid.motifs,438,251255,7,14108224,14108226,251256,5,14108233,14108234,-9223372036854775807
N17A4_KV,centroid.motifs,439,251257,7,14108242,14108244,251258,5,14108251,14108252,-9223372036854775807
N17A4_KV,centroid.motifs,440,251259,7,14108260,14108262,251260,5,14108269,14108270,-9223372036854775807
N17A4_KV,centroid.motifs,441,251261,7,14108278,14108280,251262,5,14108287,14108288,-9223372036854775807
N17A4_KV,centroid.motifs,442,251263,7,14108296,14108298,251264,5,14108305,14108306,-9223372036854775807
N17A4_KV,centroid.motifs,443,251265,7,14108314,14108316,251266,5,14108323,14108324,-9223372036854775807
N17A4_KV,centroid.motifs,444,251267,7,14108332,14108334,251268,5,14108341,14108342,-9223372036854775807
N17A4_KV,centroid.motifs,445,251269,7,14108350,14108352,251270,5,14108359,14108360,-9223372036854775807
N17A4_KV,centroid.motifs,446,251271,7,14108368,14108370,251272,5,14108377,14108378,-9223372036854775807
N17A4_KV,centroid.motifs,447,251273,7,14108386,14108388,251274,5,14108395,14108396,-9223372036854775807
N17A4_KV,centroid.motifs,448,251275,7,14108404,14108406,251276,5,14108413,14108414,-9223372036854775807
N17A4_KV,centroid.motifs,449,251277,7,14108422,14108424,251278,5,14108431,14108432,-9223372036854775807
N17A4_KV,centroid.motifs,450,251279,7,14108440,14108442,251280,5,14108449,14108450,-9223372036854775807
N17A4_KV,centroid.motifs,451,251281,7,14108458,14108460,251282,5,14108467,14108468,-9223372036854775807
N17A4_KV,centroid.motifs,452,251283,7,14108476,14108478,251284,5,14108485,14108486,-9223372036854775807
N17A4_KV,centroid.motifs,453,251285,7,14108494,14108496,251286,5,14108503,14108504,-9223372036854775807
N17A4_KV,centroid.motifs,454,251287,7,14108512,14108514,251288,5,14108521,14108522,-9223372036854775807
N17A4_KV,centroid.motifs,455,251289,7,14108530,14108532,251290,5,14108539,14108540,-9223372036854775807
N17A4_KV,centroid.motifs,456,251291,7,14108548,14108550,251292,5,14108557,14108558,-9223372036854775807
N17A4_KV,centroid.motifs,457,251293,7,14108566,14108568,251294,5,14108575,14108576,-9223372036854775807
N17A4_KV,centroid.motifs,458,251295,7,14108584,14108586,251296,5,14108593,14108594,-9223372036854775807
N17A4_KV,centroid.motifs,459,251297,7,14108602,14108604,251298,5,14108611,14108612,-9223372036854775807
N17A4_KV,centroid.motifs,460,251299,7,14108620,14108622,251300,5,14108625,14108626,-9223372036854775807
N17A4_KV,centroid.motifs,461,251301,7,14108634,14108636,251302,5,14108639,14108640,-9223372036854775807
N17A4_KV,centroid.motifs,462,251303,7,14108648,14108650,251304,5,14108653,14108654,-9223372036854775807
N17A4_KV,centroid.motifs,463,251305,7,14108662,14108664,251306,5,14108667,14108668,-9223372036854775807
N17A4_KV,centroid.motifs,464,251307,7,14108676,14108678,251308,5,14108681,14108682,-9223372036854775807
N17A4_KV,centroid.motifs,465,251309,7,14108690,14108692,251310,5,14108695,14108696,-9223372036854775807
N17A4_KV,centroid.motifs,466,251311,7,14108704,14108706,251312,5,14108709,14108710,-9223372036854775807
N17A4_KV,centroid.motifs,467,251313,7,14108718,14108720,251314,5,14108723,14108724,-9223372036854775807
N17A4_KV,centroid.motifs,468,251315,7,14108732,14108734,251316,5,14108737,14108738,-9223372036854775807
N17A4_KV,centroid.motifs,469,251317,7,14108746,14108748,251318,5,14108751,14108752,-9223372036854775807
N17A4_KV,centroid.motifs,470,251319,7,14108760,14108762,251320,5,14108765,14108766,-9223372036854775807
N17A4_KV,centroid.motifs,471,251321,7,14108774,14108776,251322,5,14108779,14108780,-9223372036854775807
N17A4_KV,centroid.motifs,472,251323,7,14108788,14108790,251324,5,14108793,14108794,-9223372036854775807
N17A4_KV,centroid.motifs,473,251325,7,14108802,14108804,251326,5,14108807,14108808,-9223372036854775807
N17A4_KV,centroid.motifs,474,251327,7,14108816,14108818,251328,5,14108821,14108822,-9223372036854775807
N17A4_KV,centroid.motifs,475,251329,7,14108830,14108832,251330,5,14108835,14108836,-9223372036854775807
N17A4_KV,centroid.motifs,476,251331,7,14108844,14108846,251332,5,14108849,14108850,-9223372036854775807
N17A4_KV,centroid.motifs,477,251333,7,14108858,14108860,251334,5,14108863,14108864,-9223372036854775807
N17A4_KV,centroid.motifs,478,251335,7,14108872,14108874,251336,5,14108877,14108878,-9223372036854775807
N17A4_KV,centroid.motifs,479,251337,7,14108886,14108888,251338,5,14108891,14108892,-9223372036854775807
N17A4_KV,centroid.motifs,480,251339,7,14108900,14108902,251340,5,14108905,14108906,-9223372036854775807
N17A4_KV,centroid.motifs,481,251341,7,14108914,14108916,251342,5,14108919,14108920,-9223372036854775807
N17A4_KV,centroid.motifs,482,251343,7,14108928,14108930,251344,5,14108933,14108934,-9223372036854775807
N17A4_KV,centroid.motifs,483,251345,7,14108942,14108944,251346,5,14108947,14108948,-9223372036854775807
N17A4_KV,centroid.motifs,484,251347,7,14108956,14108958,251348,5,14108961,14108962,-9223372036854775807
N17A4_KV,centroid.motifs,485,251349,7,14108970,14108972,251350,5,14108975,14108976,-9223372036854775807
N17A4_KV,centroid.motifs,486,251351,7,14108984,14108986,251352,5,14108989,14108990,-9223372036854775807
N17A4_KV,centroid.motifs,487,251353,7,14108998,14109000,251354,5,14109003,14109004,-9223372036854775807
N17A4_KV,centroid.motifs,488,251355,7,14109012,14109014,251356,5,14109017,14109018,-9223372036854775807
N17A4_KV,centroid.motifs,489,251357,7,14109026,14109028,251358,5,14109032,14109033,-9223372036854775807
N17A4_KV,centroid.motifs,490,251359,7,14109041,14109043,251360,5,14109047,14109048,-9223372036854775807
N17A4_KV,centroid.motifs,491,251361,7,14109056,14109058,251362,5,14109062,14109063,-9223372036854775807
N17A4_KV,centroid.motifs,492,251363,7,14109071,14109073,251364,5,14109077,14109078,-9223372036854775807
N17A4_KV,centroid.motifs,493,251365,7,14109086,14109088,251366,5,14109092,14109093,-9223372036854775807
N17A4_KV,centroid.motifs,494,251367,7,14109101,14109103,251368,5,14109107,14109108,-9223372036854775807
N17A4_KV,centroid.motifs,495,251369,7,14109116,14109118,251370,5,14109122,14109123,-9223372036854775807
N17A4_KV,centroid.motifs,496,251371,7,14109131,14109133,251372,5,14109137,14109138,-9223372036854775807
N17A4_KV,centroid.motifs,497,251373,7,14109146,14109148,251374,5,14109152,14109153,-9223372036854775807
N17A4_KV,centroid.motifs,498,251375,7,14109161,14109163,251376,5,14109167,14109168,-9223372036854775807
N17A4_KV,centroid.motifs,499,251377,7,14109176,14109178,251378,5,14109182,14109183,-9223372036854775807
N17A4_KV,centroid.motifs,500,251379,7,14109191,14109193,251380,5,14109197,14109198,-9223372036854775807
N17A4_KV,centroid.motifs,501,251381,7,14109206,14109208,251382,5,14109212,14109213,-9223372036854775807
N17A4_KV,centroid.motifs,502,251383,7,14109221,14109223,251384,5,14109227,14109228,-9223372036854775807
N17A4_KV,centroid.motifs,503,251385,7,14109236,14109238,251386,5,14109242,14109243,-9223372036854775807
N17A4_KV,centroid.motifs,504,251387,7,14109251,14109253,251388,5,14109257,14109258,-9223372036854775807
N17A4_KV,centroid.motifs,505,251389,7,14109266,14109268,251390,5,14109272,14109273,-9223372036854775807
N17A4_KV,centroid.motifs,506,251391,7,14109281,14109283,251392,5,14109287,14109288,-9223372036854775807
N17A4_KV,centroid.motifs,507,251393,7,14109296,14109298,251394,5,14109302,14109303,-9223372036854775807
N17A4_KV,centroid.motifs,508,251395,7,14109311,14109313,251396,5,14109317,14109318,-9223372036854775807
N17A4_KV,centroid.motifs,509,251397,7,14109326,14109328,251398,5,14109332,14109333,-9223372036854775807
N17A4_KV,centroid.motifs,510,251399,7,14109341,14109343,251400,5,14109347,14109348,-9223372036854775807
N17A4_KV,centroid.motifs,511,251401,7,14109356,14109358,251402,5,14109362,14109363,-9223372036854775807
N17A4_DICT,centroid.motifs,254730,254730,11,2403
N17A4_KV,centroid.motifs,0,254731,7,14136966,14136968,254732,5,14136971,14136972,-9223372036854775807
N17A4_KV,centroid.motifs,1,254733,7,14136980,14136982,254734,5,14136985,14136986,-9223372036854775807
N17A4_KV,centroid.motifs,2,254735,7,14136994,14136996,254736,5,14136999,14137000,-9223372036854775807
N17A4_KV,centroid.motifs,3,254737,7,14137008,14137010,254738,5,14137013,14137014,-9223372036854775807
N17A4_KV,centroid.motifs,4,254739,7,14137022,14137024,254740,5,14137027,14137028,-9223372036854775807
N17A4_KV,centroid.motifs,5,254741,7,14137036,14137038,254742,5,14137041,14137042,-9223372036854775807
N17A4_KV,centroid.motifs,6,254743,7,14137050,14137052,254744,5,14137055,14137056,-9223372036854775807
N17A4_KV,centroid.motifs,7,254745,7,14137064,14137066,254746,5,14137069,14137070,-9223372036854775807
N17A4_KV,centroid.motifs,8,254747,7,14137078,14137080,254748,5,14137083,14137084,-9223372036854775807
N17A4_KV,centroid.motifs,9,254749,7,14137092,14137094,254750,5,14137097,14137098,-9223372036854775807
N17A4_KV,centroid.motifs,10,254751,7,14137106,14137108,254752,5,14137111,14137112,-9223372036854775807
N17A4_KV,centroid.motifs,11,254753,7,14137120,14137122,254754,5,14137125,14137126,-9223372036854775807
N17A4_KV,centroid.motifs,12,254755,7,14137134,14137136,254756,5,14137139,14137140,-9223372036854775807
N17A4_KV,centroid.motifs,13,254757,7,14137148,14137150,254758,5,14137153,14137154,-9223372036854775807
N17A4_KV,centroid.motifs,14,254759,7,14137162,14137164,254760,5,14137167,14137168,-9223372036854775807
N17A4_KV,centroid.motifs,15,254761,7,14137176,14137178,254762,5,14137181,14137182,-9223372036854775807
N17A4_KV,centroid.motifs,16,254763,7,14137190,14137192,254764,5,14137195,14137196,-9223372036854775807
N17A4_KV,centroid.motifs,17,254765,7,14137204,14137206,254766,5,14137209,14137210,-9223372036854775807
N17A4_KV,centroid.motifs,18,254767,7,14137218,14137220,254768,5,14137223,14137224,-9223372036854775807
N17A4_KV,centroid.motifs,19,254769,7,14137232,14137234,254770,5,14137237,14137238,-9223372036854775807
N17A4_KV,centroid.motifs,20,254771,7,14137246,14137248,254772,5,14137251,14137252,-9223372036854775807
N17A4_KV,centroid.motifs,21,254773,7,14137260,14137262,254774,5,14137265,14137266,-9223372036854775807
N17A4_KV,centroid.motifs,22,254775,7,14137274,14137276,254776,5,14137279,14137280,-9223372036854775807
N17A4_KV,centroid.motifs,23,254777,7,14137288,14137290,254778,5,14137293,14137294,-9223372036854775807
N17A4_KV,centroid.motifs,24,254779,7,14137302,14137304,254780,5,14137307,14137308,-9223372036854775807
N17A4_KV,centroid.motifs,25,254781,7,14137316,14137318,254782,5,14137321,14137322,-9223372036854775807
N17A4_KV,centroid.motifs,26,254783,7,14137330,14137332,254784,5,14137335,14137336,-9223372036854775807
N17A4_KV,centroid.motifs,27,254785,7,14137344,14137346,254786,5,14137349,14137350,-9223372036854775807
N17A4_KV,centroid.motifs,28,254787,7,14137358,14137360,254788,5,14137363,14137364,-9223372036854775807
N17A4_KV,centroid.motifs,29,254789,7,14137372,14137374,254790,5,14137377,14137378,-9223372036854775807
N17A4_KV,centroid.motifs,30,254791,7,14137386,14137388,254792,5,14137391,14137392,-9223372036854775807
N17A4_KV,centroid.motifs,31,254793,7,14137400,14137402,254794,5,14137405,14137406,-9223372036854775807
N17A4_KV,centroid.motifs,32,254795,7,14137414,14137416,254796,5,14137419,14137420,-9223372036854775807
N17A4_KV,centroid.motifs,33,254797,7,14137428,14137430,254798,5,14137433,14137434,-9223372036854775807
N17A4_KV,centroid.motifs,34,254799,7,14137442,14137444,254800,5,14137447,14137448,-9223372036854775807
N17A4_KV,centroid.motifs,35,254801,7,14137456,14137458,254802,5,14137461,14137462,-9223372036854775807
N17A4_KV,centroid.motifs,36,254803,7,14137470,14137472,254804,5,14137475,14137476,-9223372036854775807
N17A4_KV,centroid.motifs,37,254805,7,14137484,14137486,254806,5,14137489,14137490,-9223372036854775807
N17A4_KV,centroid.motifs,38,254807,7,14137498,14137500,254808,5,14137503,14137504,-9223372036854775807
N17A4_KV,centroid.motifs,39,254809,7,14137512,14137514,254810,5,14137517,14137518,-9223372036854775807
N17A4_KV,centroid.motifs,40,254811,7,14137526,14137528,254812,5,14137531,14137532,-9223372036854775807
N17A4_KV,centroid.motifs,41,254813,7,14137540,14137542,254814,5,14137545,14137546,-9223372036854775807
N17A4_KV,centroid.motifs,42,254815,7,14137554,14137556,254816,5,14137559,14137560,-9223372036854775807
N17A4_KV,centroid.motifs,43,254817,7,14137568,14137570,254818,5,14137573,14137574,-9223372036854775807
N17A4_KV,centroid.motifs,44,254819,7,14137582,14137584,254820,5,14137587,14137588,-9223372036854775807
N17A4_KV,centroid.motifs,45,254821,7,14137596,14137598,254822,5,14137601,14137602,-9223372036854775807
N17A4_KV,centroid.motifs,46,254823,7,14137610,14137612,254824,5,14137615,14137616,-9223372036854775807
N17A4_KV,centroid.motifs,47,254825,7,14137624,14137626,254826,5,14137629,14137630,-9223372036854775807
N17A4_KV,centroid.motifs,48,254827,7,14137638,14137640,254828,5,14137643,14137644,-9223372036854775807
N17A4_KV,centroid.motifs,49,254829,7,14137652,14137654,254830,5,14137657,14137658,-9223372036854775807
N17A4_KV,centroid.motifs,50,254831,7,14137666,14137668,254832,5,14137671,14137672,-9223372036854775807
N17A4_KV,centroid.motifs,51,254833,7,14137680,14137682,254834,5,14137686,14137687,-9223372036854775807
N17A4_KV,centroid.motifs,52,254835,7,14137695,14137697,254836,5,14137701,14137702,-9223372036854775807
N17A4_KV,centroid.motifs,53,254837,7,14137710,14137712,254838,5,14137716,14137717,-9223372036854775807
N17A4_KV,centroid.motifs,54,254839,7,14137725,14137727,254840,5,14137731,14137732,-9223372036854775807
N17A4_KV,centroid.motifs,55,254841,7,14137740,14137742,254842,5,14137746,14137747,-9223372036854775807
N17A4_KV,centroid.motifs,56,254843,7,14137755,14137757,254844,5,14137761,14137762,-9223372036854775807
N17A4_KV,centroid.motifs,57,254845,7,14137770,14137772,254846,5,14137776,14137777,-9223372036854775807
N17A4_KV,centroid.motifs,58,254847,7,14137785,14137787,254848,5,14137791,14137792,-9223372036854775807
N17A4_KV,centroid.motifs,59,254849,7,14137800,14137802,254850,5,14137806,14137807,-9223372036854775807
N17A4_KV,centroid.motifs,60,254851,7,14137815,14137817,254852,5,14137821,14137822,-9223372036854775807
N17A4_KV,centroid.motifs,61,254853,7,14137830,14137832,254854,5,14137836,14137837,-9223372036854775807
N17A4_KV,centroid.motifs,62,254855,7,14137845,14137847,254856,5,14137851,14137852,-9223372036854775807
N17A4_KV,centroid.motifs,63,254857,7,14137860,14137862,254858,5,14137866,14137867,-9223372036854775807
N17A4_KV,centroid.motifs,64,254859,7,14137875,14137877,254860,5,14137881,14137882,-9223372036854775807
N17A4_KV,centroid.motifs,65,254861,7,14137890,14137892,254862,5,14137896,14137897,-9223372036854775807
N17A4_KV,centroid.motifs,66,254863,7,14137905,14137907,254864,5,14137911,14137912,-9223372036854775807
N17A4_KV,centroid.motifs,67,254865,7,14137920,14137922,254866,5,14137926,14137927,-9223372036854775807
N17A4_KV,centroid.motifs,68,254867,7,14137935,14137937,254868,5,14137941,14137942,-9223372036854775807
N17A4_KV,centroid.motifs,69,254869,7,14137950,14137952,254870,5,14137956,14137957,-9223372036854775807
N17A4_KV,centroid.motifs,70,254871,7,14137965,14137967,254872,5,14137971,14137972,-9223372036854775807
N17A4_KV,centroid.motifs,71,254873,7,14137980,14137982,254874,5,14137986,14137987,-9223372036854775807
N17A4_KV,centroid.motifs,72,254875,7,14137995,14137997,254876,5,14138001,14138002,-9223372036854775807
N17A4_KV,centroid.motifs,73,254877,7,14138010,14138012,254878,5,14138016,14138017,-9223372036854775807
N17A4_KV,centroid.motifs,74,254879,7,14138025,14138027,254880,5,14138031,14138032,-9223372036854775807
N17A4_KV,centroid.motifs,75,254881,7,14138040,14138042,254882,5,14138046,14138047,-9223372036854775807
N17A4_KV,centroid.motifs,76,254883,7,14138055,14138057,254884,5,14138061,14138062,-9223372036854775807
N17A4_KV,centroid.motifs,77,254885,7,14138070,14138072,254886,5,14138076,14138077,-9223372036854775807
N17A4_KV,centroid.motifs,78,254887,7,14138085,14138087,254888,5,14138091,14138092,-9223372036854775807
N17A4_KV,centroid.motifs,79,254889,7,14138100,14138102,254890,5,14138106,14138107,-9223372036854775807
N17A4_KV,centroid.motifs,80,254891,7,14138115,14138117,254892,5,14138121,14138122,-9223372036854775807
N17A4_KV,centroid.motifs,81,254893,7,14138130,14138132,254894,5,14138136,14138137,-9223372036854775807
N17A4_KV,centroid.motifs,82,254895,7,14138145,14138147,254896,5,14138151,14138152,-9223372036854775807
N17A4_KV,centroid.motifs,83,254897,7,14138160,14138162,254898,5,14138166,14138167,-9223372036854775807
N17A4_KV,centroid.motifs,84,254899,7,14138175,14138177,254900,5,14138181,14138182,-9223372036854775807
N17A4_KV,centroid.motifs,85,254901,7,14138190,14138192,254902,5,14138196,14138197,-9223372036854775807
N17A4_KV,centroid.motifs,86,254903,7,14138205,14138207,254904,5,14138211,14138212,-9223372036854775807
N17A4_KV,centroid.motifs,87,254905,7,14138220,14138222,254906,5,14138226,14138227,-9223372036854775807
N17A4_KV,centroid.motifs,88,254907,7,14138235,14138237,254908,5,14138241,14138242,-9223372036854775807
N17A4_KV,centroid.motifs,89,254909,7,14138250,14138252,254910,5,14138256,14138257,-9223372036854775807
N17A4_KV,centroid.motifs,90,254911,7,14138265,14138267,254912,5,14138271,14138272,-9223372036854775807
N17A4_KV,centroid.motifs,91,254913,7,14138280,14138282,254914,5,14138286,14138287,-9223372036854775807
N17A4_KV,centroid.motifs,92,254915,7,14138295,14138297,254916,5,14138301,14138302,-9223372036854775807
N17A4_KV,centroid.motifs,93,254917,7,14138310,14138312,254918,5,14138316,14138317,-9223372036854775807
N17A4_KV,centroid.motifs,94,254919,7,14138325,14138327,254920,5,14138331,14138332,-9223372036854775807
N17A4_KV,centroid.motifs,95,254921,7,14138340,14138342,254922,5,14138346,14138347,-9223372036854775807
N17A4_KV,centroid.motifs,96,254923,7,14138355,14138357,254924,5,14138361,14138362,-9223372036854775807
N17A4_KV,centroid.motifs,97,254925,7,14138370,14138372,254926,5,14138376,14138377,-9223372036854775807
N17A4_KV,centroid.motifs,98,254927,7,14138385,14138387,254928,5,14138391,14138392,-9223372036854775807
N17A4_KV,centroid.motifs,99,254929,7,14138400,14138402,254930,5,14138406,14138407,-9223372036854775807
N17A4_KV,centroid.motifs,100,254931,7,14138415,14138417,254932,5,14138421,14138422,-9223372036854775807
N17A4_KV,centroid.motifs,101,254933,7,14138430,14138432,254934,5,14138436,14138437,-9223372036854775807
N17A4_KV,centroid.motifs,102,254935,7,14138445,14138447,254936,5,14138451,14138452,-9223372036854775807
N17A4_KV,centroid.motifs,103,254937,7,14138460,14138462,254938,5,14138466,14138467,-9223372036854775807
N17A4_KV,centroid.motifs,104,254939,7,14138475,14138477,254940,5,14138481,14138482,-9223372036854775807
N17A4_KV,centroid.motifs,105,254941,7,14138490,14138492,254942,5,14138497,14138498,-9223372036854775807
N17A4_KV,centroid.motifs,106,254943,7,14138506,14138508,254944,5,14138513,14138514,-9223372036854775807
N17A4_KV,centroid.motifs,107,254945,7,14138522,14138524,254946,5,14138529,14138530,-9223372036854775807
N17A4_KV,centroid.motifs,108,254947,7,14138538,14138540,254948,5,14138545,14138546,-9223372036854775807
N17A4_KV,centroid.motifs,109,254949,7,14138554,14138556,254950,5,14138561,14138562,-9223372036854775807
N17A4_KV,centroid.motifs,110,254951,7,14138570,14138572,254952,5,14138577,14138578,-9223372036854775807
N17A4_KV,centroid.motifs,111,254953,7,14138586,14138588,254954,5,14138593,14138594,-9223372036854775807
N17A4_KV,centroid.motifs,112,254955,7,14138602,14138604,254956,5,14138609,14138610,-9223372036854775807
N17A4_KV,centroid.motifs,113,254957,7,14138618,14138620,254958,5,14138625,14138626,-9223372036854775807
N17A4_KV,centroid.motifs,114,254959,7,14138634,14138636,254960,5,14138641,14138642,-9223372036854775807
N17A4_KV,centroid.motifs,115,254961,7,14138650,14138652,254962,5,14138657,14138658,-9223372036854775807
N17A4_KV,centroid.motifs,116,254963,7,14138666,14138668,254964,5,14138673,14138674,-9223372036854775807
N17A4_KV,centroid.motifs,117,254965,7,14138682,14138684,254966,5,14138689,14138690,-9223372036854775807
N17A4_KV,centroid.motifs,118,254967,7,14138698,14138700,254968,5,14138705,14138706,-9223372036854775807
N17A4_KV,centroid.motifs,119,254969,7,14138714,14138716,254970,5,14138721,14138722,-9223372036854775807
N17A4_KV,centroid.motifs,120,254971,7,14138730,14138732,254972,5,14138737,14138738,-9223372036854775807
N17A4_KV,centroid.motifs,121,254973,7,14138746,14138748,254974,5,14138753,14138754,-9223372036854775807
N17A4_KV,centroid.motifs,122,254975,7,14138762,14138764,254976,5,14138769,14138770,-9223372036854775807
N17A4_KV,centroid.motifs,123,254977,7,14138778,14138780,254978,5,14138785,14138786,-9223372036854775807
N17A4_KV,centroid.motifs,124,254979,7,14138794,14138796,254980,5,14138801,14138802,-9223372036854775807
N17A4_KV,centroid.motifs,125,254981,7,14138810,14138812,254982,5,14138817,14138818,-9223372036854775807
N17A4_KV,centroid.motifs,126,254983,7,14138826,14138828,254984,5,14138833,14138834,-9223372036854775807
N17A4_KV,centroid.motifs,127,254985,7,14138842,14138844,254986,5,14138849,14138850,-9223372036854775807
N17A4_KV,centroid.motifs,128,254987,7,14138858,14138860,254988,5,14138865,14138866,-9223372036854775807
N17A4_KV,centroid.motifs,129,254989,7,14138874,14138876,254990,5,14138881,14138882,-9223372036854775807
N17A4_KV,centroid.motifs,130,254991,7,14138890,14138892,254992,5,14138897,14138898,-9223372036854775807
N17A4_KV,centroid.motifs,131,254993,7,14138906,14138908,254994,5,14138913,14138914,-9223372036854775807
N17A4_KV,centroid.motifs,132,254995,7,14138922,14138924,254996,5,14138929,14138930,-9223372036854775807
N17A4_KV,centroid.motifs,133,254997,7,14138938,14138940,254998,5,14138945,14138946,-9223372036854775807
N17A4_KV,centroid.motifs,134,254999,7,14138954,14138956,255000,5,14138961,14138962,-9223372036854775807
N17A4_KV,centroid.motifs,135,255001,7,14138970,14138972,255002,5,14138977,14138978,-9223372036854775807
N17A4_KV,centroid.motifs,136,255003,7,14138986,14138988,255004,5,14138993,14138994,-9223372036854775807
N17A4_KV,centroid.motifs,137,255005,7,14139002,14139004,255006,5,14139009,14139010,-9223372036854775807
N17A4_KV,centroid.motifs,138,255007,7,14139018,14139020,255008,5,14139025,14139026,-9223372036854775807
N17A4_KV,centroid.motifs,139,255009,7,14139034,14139036,255010,5,14139041,14139042,-9223372036854775807
N17A4_KV,centroid.motifs,140,255011,7,14139050,14139052,255012,5,14139057,14139058,-9223372036854775807
N17A4_KV,centroid.motifs,141,255013,7,14139066,14139068,255014,5,14139073,14139074,-9223372036854775807
N17A4_KV,centroid.motifs,142,255015,7,14139082,14139084,255016,5,14139089,14139090,-9223372036854775807
N17A4_KV,centroid.motifs,143,255017,7,14139098,14139100,255018,5,14139105,14139106,-9223372036854775807
N17A4_KV,centroid.motifs,144,255019,7,14139114,14139116,255020,5,14139121,14139122,-9223372036854775807
N17A4_KV,centroid.motifs,145,255021,7,14139130,14139132,255022,5,14139137,14139138,-9223372036854775807
N17A4_KV,centroid.motifs,146,255023,7,14139146,14139148,255024,5,14139153,14139154,-9223372036854775807
N17A4_KV,centroid.motifs,147,255025,7,14139162,14139164,255026,5,14139169,14139170,-9223372036854775807
N17A4_KV,centroid.motifs,148,255027,7,14139178,14139180,255028,5,14139185,14139186,-9223372036854775807
N17A4_KV,centroid.motifs,149,255029,7,14139194,14139196,255030,5,14139201,14139202,-9223372036854775807
N17A4_KV,centroid.motifs,150,255031,7,14139210,14139212,255032,5,14139217,14139218,-9223372036854775807
N17A4_KV,centroid.motifs,151,255033,7,14139226,14139228,255034,5,14139233,14139234,-9223372036854775807
N17A4_KV,centroid.motifs,152,255035,7,14139242,14139244,255036,5,14139249,14139250,-9223372036854775807
N17A4_KV,centroid.motifs,153,255037,7,14139258,14139260,255038,5,14139265,14139266,-9223372036854775807
N17A4_KV,centroid.motifs,154,255039,7,14139274,14139276,255040,5,14139281,14139282,-9223372036854775807
N17A4_KV,centroid.motifs,155,255041,7,14139290,14139292,255042,5,14139297,14139298,-9223372036854775807
N17A4_KV,centroid.motifs,156,255043,7,14139306,14139308,255044,5,14139313,14139314,-9223372036854775807
N17A4_KV,centroid.motifs,157,255045,7,14139322,14139324,255046,5,14139329,14139330,-9223372036854775807
N17A4_KV,centroid.motifs,158,255047,7,14139338,14139340,255048,5,14139346,14139347,-9223372036854775807
N17A4_KV,centroid.motifs,159,255049,7,14139355,14139357,255050,5,14139363,14139364,-9223372036854775807
N17A4_KV,centroid.motifs,160,255051,7,14139372,14139374,255052,5,14139380,14139381,-9223372036854775807
N17A4_KV,centroid.motifs,161,255053,7,14139389,14139391,255054,5,14139397,14139398,-9223372036854775807
N17A4_KV,centroid.motifs,162,255055,7,14139406,14139408,255056,5,14139414,14139415,-9223372036854775807
N17A4_KV,centroid.motifs,163,255057,7,14139423,14139425,255058,5,14139431,14139432,-9223372036854775807
N17A4_KV,centroid.motifs,164,255059,7,14139440,14139442,255060,5,14139448,14139449,-9223372036854775807
N17A4_KV,centroid.motifs,165,255061,7,14139457,14139459,255062,5,14139465,14139466,-9223372036854775807
N17A4_KV,centroid.motifs,166,255063,7,14139474,14139476,255064,5,14139482,14139483,-9223372036854775807
N17A4_KV,centroid.motifs,167,255065,7,14139491,14139493,255066,5,14139499,14139500,-9223372036854775807
N17A4_KV,centroid.motifs,168,255067,7,14139508,14139510,255068,5,14139516,14139517,-9223372036854775807
N17A4_KV,centroid.motifs,169,255069,7,14139525,14139527,255070,5,14139533,14139534,-9223372036854775807
N17A4_KV,centroid.motifs,170,255071,7,14139542,14139544,255072,5,14139550,14139551,-9223372036854775807
N17A4_KV,centroid.motifs,171,255073,7,14139559,14139561,255074,5,14139567,14139568,-9223372036854775807
N17A4_KV,centroid.motifs,172,255075,7,14139576,14139578,255076,5,14139584,14139585,-9223372036854775807
N17A4_KV,centroid.motifs,173,255077,7,14139593,14139595,255078,5,14139601,14139602,-9223372036854775807
N17A4_KV,centroid.motifs,174,255079,7,14139610,14139612,255080,5,14139618,14139619,-9223372036854775807
N17A4_KV,centroid.motifs,175,255081,7,14139627,14139629,255082,5,14139635,14139636,-9223372036854775807
N17A4_KV,centroid.motifs,176,255083,7,14139644,14139646,255084,5,14139652,14139653,-9223372036854775807
N17A4_KV,centroid.motifs,177,255085,7,14139661,14139663,255086,5,14139669,14139670,-9223372036854775807
N17A4_KV,centroid.motifs,178,255087,7,14139678,14139680,255088,5,14139686,14139687,-9223372036854775807
N17A4_KV,centroid.motifs,179,255089,7,14139695,14139697,255090,5,14139703,14139704,-9223372036854775807
N17A4_KV,centroid.motifs,180,255091,7,14139712,14139714,255092,5,14139720,14139721,-9223372036854775807
N17A4_KV,centroid.motifs,181,255093,7,14139729,14139731,255094,5,14139737,14139738,-9223372036854775807
N17A4_KV,centroid.motifs,182,255095,7,14139746,14139748,255096,5,14139754,14139755,-9223372036854775807
N17A4_KV,centroid.motifs,183,255097,7,14139763,14139765,255098,5,14139771,14139772,-9223372036854775807
N17A4_KV,centroid.motifs,184,255099,7,14139780,14139782,255100,5,14139788,14139789,-9223372036854775807
N17A4_KV,centroid.motifs,185,255101,7,14139797,14139799,255102,5,14139805,14139806,-9223372036854775807
N17A4_KV,centroid.motifs,186,255103,7,14139814,14139816,255104,5,14139822,14139823,-9223372036854775807
N17A4_KV,centroid.motifs,187,255105,7,14139831,14139833,255106,5,14139839,14139840,-9223372036854775807
N17A4_KV,centroid.motifs,188,255107,7,14139848,14139850,255108,5,14139856,14139857,-9223372036854775807
N17A4_KV,centroid.motifs,189,255109,7,14139865,14139867,255110,5,14139873,14139874,-9223372036854775807
N17A4_KV,centroid.motifs,190,255111,7,14139882,14139884,255112,5,14139890,14139891,-9223372036854775807
N17A4_KV,centroid.motifs,191,255113,7,14139899,14139901,255114,5,14139907,14139908,-9223372036854775807
N17A4_KV,centroid.motifs,192,255115,7,14139916,14139918,255116,5,14139924,14139925,-9223372036854775807
N17A4_KV,centroid.motifs,193,255117,7,14139933,14139935,255118,5,14139941,14139942,-9223372036854775807
N17A4_KV,centroid.motifs,194,255119,7,14139950,14139952,255120,5,14139958,14139959,-9223372036854775807
N17A4_KV,centroid.motifs,195,255121,7,14139967,14139969,255122,5,14139975,14139976,-9223372036854775807
N17A4_KV,centroid.motifs,196,255123,7,14139984,14139986,255124,5,14139992,14139993,-9223372036854775807
N17A4_KV,centroid.motifs,197,255125,7,14140001,14140003,255126,5,14140009,14140010,-9223372036854775807
N17A4_KV,centroid.motifs,198,255127,7,14140018,14140020,255128,5,14140026,14140027,-9223372036854775807
N17A4_KV,centroid.motifs,199,255129,7,14140035,14140037,255130,5,14140043,14140044,-9223372036854775807
N17A4_KV,centroid.motifs,200,255131,7,14140052,14140054,255132,5,14140060,14140061,-9223372036854775807
N17A4_KV,centroid.motifs,201,255133,7,14140069,14140071,255134,5,14140077,14140078,-9223372036854775807
N17A4_KV,centroid.motifs,202,255135,7,14140086,14140088,255136,5,14140094,14140095,-9223372036854775807
N17A4_KV,centroid.motifs,203,255137,7,14140103,14140105,255138,5,14140111,14140112,-9223372036854775807
N17A4_KV,centroid.motifs,204,255139,7,14140120,14140122,255140,5,14140128,14140129,-9223372036854775807
N17A4_KV,centroid.motifs,205,255141,7,14140137,14140139,255142,5,14140145,14140146,-9223372036854775807
N17A4_KV,centroid.motifs,206,255143,7,14140154,14140156,255144,5,14140162,14140163,-9223372036854775807
N17A4_KV,centroid.motifs,207,255145,7,14140171,14140173,255146,5,14140179,14140180,-9223372036854775807
N17A4_KV,centroid.motifs,208,255147,7,14140188,14140190,255148,5,14140196,14140197,-9223372036854775807
N17A4_KV,centroid.motifs,209,255149,7,14140205,14140207,255150,5,14140213,14140214,-9223372036854775807
N17A4_KV,centroid.motifs,210,255151,7,14140222,14140224,255152,5,14140231,14140232,-9223372036854775807
N17A4_KV,centroid.motifs,211,255153,7,14140240,14140242,255154,5,14140249,14140250,-9223372036854775807
N17A4_KV,centroid.motifs,212,255155,7,14140258,14140260,255156,5,14140267,14140268,-9223372036854775807
N17A4_KV,centroid.motifs,213,255157,7,14140276,14140278,255158,5,14140285,14140286,-9223372036854775807
N17A4_KV,centroid.motifs,214,255159,7,14140294,14140296,255160,5,14140303,14140304,-9223372036854775807
N17A4_KV,centroid.motifs,215,255161,7,14140312,14140314,255162,5,14140321,14140322,-9223372036854775807
N17A4_KV,centroid.motifs,216,255163,7,14140330,14140332,255164,5,14140339,14140340,-9223372036854775807
N17A4_KV,centroid.motifs,217,255165,7,14140348,14140350,255166,5,14140357,14140358,-9223372036854775807
N17A4_KV,centroid.motifs,218,255167,7,14140366,14140368,255168,5,14140375,14140376,-9223372036854775807
N17A4_KV,centroid.motifs,219,255169,7,14140384,14140386,255170,5,14140393,14140394,-9223372036854775807
N17A4_KV,centroid.motifs,220,255171,7,14140402,14140404,255172,5,14140411,14140412,-9223372036854775807
N17A4_KV,centroid.motifs,221,255173,7,14140420,14140422,255174,5,14140429,14140430,-9223372036854775807
N17A4_KV,centroid.motifs,222,255175,7,14140438,14140440,255176,5,14140447,14140448,-9223372036854775807
N17A4_KV,centroid.motifs,223,255177,7,14140456,14140458,255178,5,14140465,14140466,-9223372036854775807
N17A4_KV,centroid.motifs,224,255179,7,14140474,14140476,255180,5,14140483,14140484,-9223372036854775807
N17A4_KV,centroid.motifs,225,255181,7,14140492,14140494,255182,5,14140501,14140502,-9223372036854775807
N17A4_KV,centroid.motifs,226,255183,7,14140510,14140512,255184,5,14140519,14140520,-9223372036854775807
N17A4_KV,centroid.motifs,227,255185,7,14140528,14140530,255186,5,14140537,14140538,-9223372036854775807
N17A4_KV,centroid.motifs,228,255187,7,14140546,14140548,255188,5,14140555,14140556,-9223372036854775807
N17A4_KV,centroid.motifs,229,255189,7,14140564,14140566,255190,5,14140573,14140574,-9223372036854775807
N17A4_KV,centroid.motifs,230,255191,7,14140582,14140584,255192,5,14140591,14140592,-9223372036854775807
N17A4_KV,centroid.motifs,231,255193,7,14140600,14140602,255194,5,14140609,14140610,-9223372036854775807
N17A4_KV,centroid.motifs,232,255195,7,14140618,14140620,255196,5,14140627,14140628,-9223372036854775807
N17A4_KV,centroid.motifs,233,255197,7,14140636,14140638,255198,5,14140645,14140646,-9223372036854775807
N17A4_KV,centroid.motifs,234,255199,7,14140654,14140656,255200,5,14140663,14140664,-9223372036854775807
N17A4_KV,centroid.motifs,235,255201,7,14140672,14140674,255202,5,14140681,14140682,-9223372036854775807
N17A4_KV,centroid.motifs,236,255203,7,14140690,14140692,255204,5,14140699,14140700,-9223372036854775807
N17A4_KV,centroid.motifs,237,255205,7,14140708,14140710,255206,5,14140717,14140718,-9223372036854775807
N17A4_KV,centroid.motifs,238,255207,7,14140726,14140728,255208,5,14140735,14140736,-9223372036854775807
N17A4_KV,centroid.motifs,239,255209,7,14140744,14140746,255210,5,14140753,14140754,-9223372036854775807
N17A4_KV,centroid.motifs,240,255211,7,14140762,14140764,255212,5,14140771,14140772,-9223372036854775807
N17A4_KV,centroid.motifs,241,255213,7,14140780,14140782,255214,5,14140789,14140790,-9223372036854775807
N17A4_KV,centroid.motifs,242,255215,7,14140798,14140800,255216,5,14140807,14140808,-9223372036854775807
N17A4_KV,centroid.motifs,243,255217,7,14140816,14140818,255218,5,14140825,14140826,-9223372036854775807
N17A4_KV,centroid.motifs,244,255219,7,14140834,14140836,255220,5,14140843,14140844,-9223372036854775807
N17A4_KV,centroid.motifs,245,255221,7,14140852,14140854,255222,5,14140861,14140862,-9223372036854775807
N17A4_KV,centroid.motifs,246,255223,7,14140870,14140872,255224,5,14140879,14140880,-9223372036854775807
N17A4_KV,centroid.motifs,247,255225,7,14140888,14140890,255226,5,14140897,14140898,-9223372036854775807
N17A4_KV,centroid.motifs,248,255227,7,14140906,14140908,255228,5,14140915,14140916,-9223372036854775807
N17A4_KV,centroid.motifs,249,255229,7,14140924,14140926,255230,5,14140933,14140934,-9223372036854775807
N17A4_KV,centroid.motifs,250,255231,7,14140942,14140944,255232,5,14140951,14140952,-9223372036854775807
N17A4_KV,centroid.motifs,251,255233,7,14140960,14140962,255234,5,14140969,14140970,-9223372036854775807
N17A4_KV,centroid.motifs,252,255235,7,14140978,14140980,255236,5,14140987,14140988,-9223372036854775807
N17A4_KV,centroid.motifs,253,255237,7,14140996,14140998,255238,5,14141005,14141006,-9223372036854775807
N17A4_KV,centroid.motifs,254,255239,7,14141014,14141016,255240,5,14141023,14141024,-9223372036854775807
N17A4_KV,centroid.motifs,255,255241,7,14141032,14141034,255242,5,14141041,14141042,-9223372036854775807
N17A4_KV,centroid.motifs,256,255243,7,14141050,14141052,255244,5,14141059,14141060,-9223372036854775807
N17A4_KV,centroid.motifs,257,255245,7,14141068,14141070,255246,5,14141077,14141078,-9223372036854775807
N17A4_KV,centroid.motifs,258,255247,7,14141086,14141088,255248,5,14141095,14141096,-9223372036854775807
N17A4_KV,centroid.motifs,259,255249,7,14141104,14141106,255250,5,14141113,14141114,-9223372036854775807
N17A4_KV,centroid.motifs,260,255251,7,14141122,14141124,255252,5,14141131,14141132,-9223372036854775807
N17A4_KV,centroid.motifs,261,255253,7,14141140,14141142,255254,5,14141145,14141146,-9223372036854775807
N17A4_KV,centroid.motifs,262,255255,7,14141154,14141156,255256,5,14141159,14141160,-9223372036854775807
N17A4_KV,centroid.motifs,263,255257,7,14141168,14141170,255258,5,14141173,14141174,-9223372036854775807
N17A4_KV,centroid.motifs,264,255259,7,14141182,14141184,255260,5,14141187,14141188,-9223372036854775807
N17A4_KV,centroid.motifs,265,255261,7,14141196,14141198,255262,5,14141201,14141202,-9223372036854775807
N17A4_KV,centroid.motifs,266,255263,7,14141210,14141212,255264,5,14141215,14141216,-9223372036854775807
N17A4_KV,centroid.motifs,267,255265,7,14141224,14141226,255266,5,14141229,14141230,-9223372036854775807
N17A4_KV,centroid.motifs,268,255267,7,14141238,14141240,255268,5,14141243,14141244,-9223372036854775807
N17A4_KV,centroid.motifs,269,255269,7,14141252,14141254,255270,5,14141257,14141258,-9223372036854775807
N17A4_KV,centroid.motifs,270,255271,7,14141266,14141268,255272,5,14141271,14141272,-9223372036854775807
N17A4_KV,centroid.motifs,271,255273,7,14141280,14141282,255274,5,14141285,14141286,-9223372036854775807
N17A4_KV,centroid.motifs,272,255275,7,14141294,14141296,255276,5,14141299,14141300,-9223372036854775807
N17A4_KV,centroid.motifs,273,255277,7,14141308,14141310,255278,5,14141313,14141314,-9223372036854775807
N17A4_KV,centroid.motifs,274,255279,7,14141322,14141324,255280,5,14141327,14141328,-9223372036854775807
N17A4_KV,centroid.motifs,275,255281,7,14141336,14141338,255282,5,14141341,14141342,-9223372036854775807
N17A4_KV,centroid.motifs,276,255283,7,14141350,14141352,255284,5,14141355,14141356,-9223372036854775807
N17A4_KV,centroid.motifs,277,255285,7,14141364,14141366,255286,5,14141369,14141370,-9223372036854775807
N17A4_KV,centroid.motifs,278,255287,7,14141378,14141380,255288,5,14141383,14141384,-9223372036854775807
N17A4_KV,centroid.motifs,279,255289,7,14141392,14141394,255290,5,14141397,14141398,-9223372036854775807
N17A4_KV,centroid.motifs,280,255291,7,14141406,14141408,255292,5,14141411,14141412,-9223372036854775807
N17A4_KV,centroid.motifs,281,255293,7,14141420,14141422,255294,5,14141425,14141426,-9223372036854775807
N17A4_KV,centroid.motifs,282,255295,7,14141434,14141436,255296,5,14141439,14141440,-9223372036854775807
N17A4_KV,centroid.motifs,283,255297,7,14141448,14141450,255298,5,14141453,14141454,-9223372036854775807
N17A4_KV,centroid.motifs,284,255299,7,14141462,14141464,255300,5,14141467,14141468,-9223372036854775807
N17A4_KV,centroid.motifs,285,255301,7,14141476,14141478,255302,5,14141481,14141482,-9223372036854775807
N17A4_KV,centroid.motifs,286,255303,7,14141490,14141492,255304,5,14141495,14141496,-9223372036854775807
N17A4_KV,centroid.motifs,287,255305,7,14141504,14141506,255306,5,14141509,14141510,-9223372036854775807
N17A4_KV,centroid.motifs,288,255307,7,14141518,14141520,255308,5,14141523,14141524,-9223372036854775807
N17A4_KV,centroid.motifs,289,255309,7,14141532,14141534,255310,5,14141538,14141539,-9223372036854775807
N17A4_KV,centroid.motifs,290,255311,7,14141547,14141549,255312,5,14141553,14141554,-9223372036854775807
N17A4_KV,centroid.motifs,291,255313,7,14141562,14141564,255314,5,14141568,14141569,-9223372036854775807
N17A4_KV,centroid.motifs,292,255315,7,14141577,14141579,255316,5,14141583,14141584,-9223372036854775807
N17A4_KV,centroid.motifs,293,255317,7,14141592,14141594,255318,5,14141598,14141599,-9223372036854775807
N17A4_KV,centroid.motifs,294,255319,7,14141607,14141609,255320,5,14141613,14141614,-9223372036854775807
N17A4_KV,centroid.motifs,295,255321,7,14141622,14141624,255322,5,14141628,14141629,-9223372036854775807
N17A4_KV,centroid.motifs,296,255323,7,14141637,14141639,255324,5,14141643,14141644,-9223372036854775807
N17A4_KV,centroid.motifs,297,255325,7,14141652,14141654,255326,5,14141658,14141659,-9223372036854775807
N17A4_KV,centroid.motifs,298,255327,7,14141667,14141669,255328,5,14141673,14141674,-9223372036854775807
N17A4_KV,centroid.motifs,299,255329,7,14141682,14141684,255330,5,14141688,14141689,-9223372036854775807
N17A4_KV,centroid.motifs,300,255331,7,14141697,14141699,255332,5,14141703,14141704,-9223372036854775807
N17A4_KV,centroid.motifs,301,255333,7,14141712,14141714,255334,5,14141718,14141719,-9223372036854775807
N17A4_KV,centroid.motifs,302,255335,7,14141727,14141729,255336,5,14141733,14141734,-9223372036854775807
N17A4_KV,centroid.motifs,303,255337,7,14141742,14141744,255338,5,14141748,14141749,-9223372036854775807
N17A4_KV,centroid.motifs,304,255339,7,14141757,14141759,255340,5,14141763,14141764,-9223372036854775807
N17A4_KV,centroid.motifs,305,255341,7,14141772,14141774,255342,5,14141778,14141779,-9223372036854775807
N17A4_KV,centroid.motifs,306,255343,7,14141787,14141789,255344,5,14141793,14141794,-9223372036854775807
N17A4_KV,centroid.motifs,307,255345,7,14141802,14141804,255346,5,14141808,14141809,-9223372036854775807
N17A4_KV,centroid.motifs,308,255347,7,14141817,14141819,255348,5,14141823,14141824,-9223372036854775807
N17A4_KV,centroid.motifs,309,255349,7,14141832,14141834,255350,5,14141838,14141839,-9223372036854775807
N17A4_KV,centroid.motifs,310,255351,7,14141847,14141849,255352,5,14141853,14141854,-9223372036854775807
N17A4_KV,centroid.motifs,311,255353,7,14141862,14141864,255354,5,14141868,14141869,-9223372036854775807
N17A4_KV,centroid.motifs,312,255355,7,14141877,14141879,255356,5,14141883,14141884,-9223372036854775807
N17A4_KV,centroid.motifs,313,255357,7,14141892,14141894,255358,5,14141898,14141899,-9223372036854775807
N17A4_KV,centroid.motifs,314,255359,7,14141907,14141909,255360,5,14141913,14141914,-9223372036854775807
N17A4_KV,centroid.motifs,315,255361,7,14141922,14141924,255362,5,14141928,14141929,-9223372036854775807
N17A4_KV,centroid.motifs,316,255363,7,14141937,14141939,255364,5,14141943,14141944,-9223372036854775807
N17A4_KV,centroid.motifs,317,255365,7,14141952,14141954,255366,5,14141958,14141959,-9223372036854775807
N17A4_KV,centroid.motifs,318,255367,7,14141967,14141969,255368,5,14141973,14141974,-9223372036854775807
N17A4_KV,centroid.motifs,319,255369,7,14141982,14141984,255370,5,14141988,14141989,-9223372036854775807
N17A4_KV,centroid.motifs,320,255371,7,14141997,14141999,255372,5,14142003,14142004,-9223372036854775807
N17A4_KV,centroid.motifs,321,255373,7,14142012,14142014,255374,5,14142018,14142019,-9223372036854775807
N17A4_KV,centroid.motifs,322,255375,7,14142027,14142029,255376,5,14142033,14142034,-9223372036854775807
N17A4_KV,centroid.motifs,323,255377,7,14142042,14142044,255378,5,14142048,14142049,-9223372036854775807
N17A4_KV,centroid.motifs,324,255379,7,14142057,14142059,255380,5,14142063,14142064,-9223372036854775807
N17A4_KV,centroid.motifs,325,255381,7,14142072,14142074,255382,5,14142078,14142079,-9223372036854775807
N17A4_KV,centroid.motifs,326,255383,7,14142087,14142089,255384,5,14142093,14142094,-9223372036854775807
N17A4_KV,centroid.motifs,327,255385,7,14142102,14142104,255386,5,14142108,14142109,-9223372036854775807
N17A4_KV,centroid.motifs,328,255387,7,14142117,14142119,255388,5,14142123,14142124,-9223372036854775807
N17A4_KV,centroid.motifs,329,255389,7,14142132,14142134,255390,5,14142138,14142139,-9223372036854775807
N17A4_KV,centroid.motifs,330,255391,7,14142147,14142149,255392,5,14142153,14142154,-9223372036854775807
N17A4_KV,centroid.motifs,331,255393,7,14142162,14142164,255394,5,14142168,14142169,-9223372036854775807
N17A4_KV,centroid.motifs,332,255395,7,14142177,14142179,255396,5,14142183,14142184,-9223372036854775807
N17A4_KV,centroid.motifs,333,255397,7,14142192,14142194,255398,5,14142198,14142199,-9223372036854775807
N17A4_KV,centroid.motifs,334,255399,7,14142207,14142209,255400,5,14142213,14142214,-9223372036854775807
N17A4_KV,centroid.motifs,335,255401,7,14142222,14142224,255402,5,14142229,14142230,-9223372036854775807
N17A4_KV,centroid.motifs,336,255403,7,14142238,14142240,255404,5,14142245,14142246,-9223372036854775807
N17A4_KV,centroid.motifs,337,255405,7,14142254,14142256,255406,5,14142261,14142262,-9223372036854775807
N17A4_KV,centroid.motifs,338,255407,7,14142270,14142272,255408,5,14142277,14142278,-9223372036854775807
N17A4_KV,centroid.motifs,339,255409,7,14142286,14142288,255410,5,14142293,14142294,-9223372036854775807
N17A4_KV,centroid.motifs,340,255411,7,14142302,14142304,255412,5,14142309,14142310,-9223372036854775807
N17A4_KV,centroid.motifs,341,255413,7,14142318,14142320,255414,5,14142325,14142326,-9223372036854775807
N17A4_KV,centroid.motifs,342,255415,7,14142334,14142336,255416,5,14142341,14142342,-9223372036854775807
N17A4_KV,centroid.motifs,343,255417,7,14142350,14142352,255418,5,14142357,14142358,-9223372036854775807
N17A4_KV,centroid.motifs,344,255419,7,14142366,14142368,255420,5,14142373,14142374,-9223372036854775807
N17A4_KV,centroid.motifs,345,255421,7,14142382,14142384,255422,5,14142389,14142390,-9223372036854775807
N17A4_KV,centroid.motifs,346,255423,7,14142398,14142400,255424,5,14142405,14142406,-9223372036854775807
N17A4_KV,centroid.motifs,347,255425,7,14142414,14142416,255426,5,14142421,14142422,-9223372036854775807
N17A4_KV,centroid.motifs,348,255427,7,14142430,14142432,255428,5,14142437,14142438,-9223372036854775807
N17A4_KV,centroid.motifs,349,255429,7,14142446,14142448,255430,5,14142453,14142454,-9223372036854775807
N17A4_KV,centroid.motifs,350,255431,7,14142462,14142464,255432,5,14142469,14142470,-9223372036854775807
N17A4_KV,centroid.motifs,351,255433,7,14142478,14142480,255434,5,14142485,14142486,-9223372036854775807
N17A4_KV,centroid.motifs,352,255435,7,14142494,14142496,255436,5,14142501,14142502,-9223372036854775807
N17A4_KV,centroid.motifs,353,255437,7,14142510,14142512,255438,5,14142517,14142518,-9223372036854775807
N17A4_KV,centroid.motifs,354,255439,7,14142526,14142528,255440,5,14142533,14142534,-9223372036854775807
N17A4_KV,centroid.motifs,355,255441,7,14142542,14142544,255442,5,14142549,14142550,-9223372036854775807
N17A4_KV,centroid.motifs,356,255443,7,14142558,14142560,255444,5,14142565,14142566,-9223372036854775807
N17A4_KV,centroid.motifs,357,255445,7,14142574,14142576,255446,5,14142581,14142582,-9223372036854775807
N17A4_KV,centroid.motifs,358,255447,7,14142590,14142592,255448,5,14142597,14142598,-9223372036854775807
N17A4_KV,centroid.motifs,359,255449,7,14142606,14142608,255450,5,14142613,14142614,-9223372036854775807
N17A4_KV,centroid.motifs,360,255451,7,14142622,14142624,255452,5,14142629,14142630,-9223372036854775807
N17A4_KV,centroid.motifs,361,255453,7,14142638,14142640,255454,5,14142645,14142646,-9223372036854775807
N17A4_KV,centroid.motifs,362,255455,7,14142654,14142656,255456,5,14142661,14142662,-9223372036854775807
N17A4_KV,centroid.motifs,363,255457,7,14142670,14142672,255458,5,14142677,14142678,-9223372036854775807
N17A4_KV,centroid.motifs,364,255459,7,14142686,14142688,255460,5,14142693,14142694,-9223372036854775807
N17A4_KV,centroid.motifs,365,255461,7,14142702,14142704,255462,5,14142709,14142710,-9223372036854775807
N17A4_KV,centroid.motifs,366,255463,7,14142718,14142720,255464,5,14142725,14142726,-9223372036854775807
N17A4_KV,centroid.motifs,367,255465,7,14142734,14142736,255466,5,14142741,14142742,-9223372036854775807
N17A4_KV,centroid.motifs,368,255467,7,14142750,14142752,255468,5,14142757,14142758,-9223372036854775807
N17A4_KV,centroid.motifs,369,255469,7,14142766,14142768,255470,5,14142773,14142774,-9223372036854775807
N17A4_KV,centroid.motifs,370,255471,7,14142782,14142784,255472,5,14142789,14142790,-9223372036854775807
N17A4_KV,centroid.motifs,371,255473,7,14142798,14142800,255474,5,14142805,14142806,-9223372036854775807
N17A4_KV,centroid.motifs,372,255475,7,14142814,14142816,255476,5,14142821,14142822,-9223372036854775807
N17A4_KV,centroid.motifs,373,255477,7,14142830,14142832,255478,5,14142837,14142838,-9223372036854775807
N17A4_KV,centroid.motifs,374,255479,7,14142846,14142848,255480,5,14142853,14142854,-9223372036854775807
N17A4_KV,centroid.motifs,375,255481,7,14142862,14142864,255482,5,14142869,14142870,-9223372036854775807
N17A4_KV,centroid.motifs,376,255483,7,14142878,14142880,255484,5,14142885,14142886,-9223372036854775807
N17A4_KV,centroid.motifs,377,255485,7,14142894,14142896,255486,5,14142901,14142902,-9223372036854775807
N17A4_KV,centroid.motifs,378,255487,7,14142910,14142912,255488,5,14142917,14142918,-9223372036854775807
N17A4_KV,centroid.motifs,379,255489,7,14142926,14142928,255490,5,14142933,14142934,-9223372036854775807
N17A4_KV,centroid.motifs,380,255491,7,14142942,14142944,255492,5,14142949,14142950,-9223372036854775807
N17A4_KV,centroid.motifs,381,255493,7,14142958,14142960,255494,5,14142965,14142966,-9223372036854775807
N17A4_KV,centroid.motifs,382,255495,7,14142974,14142976,255496,5,14142981,14142982,-9223372036854775807
N17A4_KV,centroid.motifs,383,255497,7,14142990,14142992,255498,5,14142997,14142998,-9223372036854775807
N17A4_KV,centroid.motifs,384,255499,7,14143006,14143008,255500,5,14143013,14143014,-9223372036854775807
N17A4_KV,centroid.motifs,385,255501,7,14143022,14143024,255502,5,14143029,14143030,-9223372036854775807
N17A4_KV,centroid.motifs,386,255503,7,14143038,14143040,255504,5,14143045,14143046,-9223372036854775807
N17A4_KV,centroid.motifs,387,255505,7,14143054,14143056,255506,5,14143062,14143063,-9223372036854775807
N17A4_KV,centroid.motifs,388,255507,7,14143071,14143073,255508,5,14143079,14143080,-9223372036854775807
N17A4_KV,centroid.motifs,389,255509,7,14143088,14143090,255510,5,14143096,14143097,-9223372036854775807
N17A4_KV,centroid.motifs,390,255511,7,14143105,14143107,255512,5,14143113,14143114,-9223372036854775807
N17A4_KV,centroid.motifs,391,255513,7,14143122,14143124,255514,5,14143130,14143131,-9223372036854775807
N17A4_KV,centroid.motifs,392,255515,7,14143139,14143141,255516,5,14143147,14143148,-9223372036854775807
N17A4_KV,centroid.motifs,393,255517,7,14143156,14143158,255518,5,14143164,14143165,-9223372036854775807
N17A4_KV,centroid.motifs,394,255519,7,14143173,14143175,255520,5,14143181,14143182,-9223372036854775807
N17A4_KV,centroid.motifs,395,255521,7,14143190,14143192,255522,5,14143198,14143199,-9223372036854775807
N17A4_KV,centroid.motifs,396,255523,7,14143207,14143209,255524,5,14143215,14143216,-9223372036854775807
N17A4_KV,centroid.motifs,397,255525,7,14143224,14143226,255526,5,14143232,14143233,-9223372036854775807
N17A4_KV,centroid.motifs,398,255527,7,14143241,14143243,255528,5,14143249,14143250,-9223372036854775807
N17A4_KV,centroid.motifs,399,255529,7,14143258,14143260,255530,5,14143266,14143267,-9223372036854775807
N17A4_KV,centroid.motifs,400,255531,7,14143275,14143277,255532,5,14143283,14143284,-9223372036854775807
N17A4_KV,centroid.motifs,401,255533,7,14143292,14143294,255534,5,14143300,14143301,-9223372036854775807
N17A4_KV,centroid.motifs,402,255535,7,14143309,14143311,255536,5,14143317,14143318,-9223372036854775807
N17A4_KV,centroid.motifs,403,255537,7,14143326,14143328,255538,5,14143334,14143335,-9223372036854775807
N17A4_KV,centroid.motifs,404,255539,7,14143343,14143345,255540,5,14143351,14143352,-9223372036854775807
N17A4_KV,centroid.motifs,405,255541,7,14143360,14143362,255542,5,14143368,14143369,-9223372036854775807
N17A4_KV,centroid.motifs,406,255543,7,14143377,14143379,255544,5,14143385,14143386,-9223372036854775807
N17A4_KV,centroid.motifs,407,255545,7,14143394,14143396,255546,5,14143402,14143403,-9223372036854775807
N17A4_KV,centroid.motifs,408,255547,7,14143411,14143413,255548,5,14143419,14143420,-9223372036854775807
N17A4_KV,centroid.motifs,409,255549,7,14143428,14143430,255550,5,14143436,14143437,-9223372036854775807
N17A4_KV,centroid.motifs,410,255551,7,14143445,14143447,255552,5,14143453,14143454,-9223372036854775807
N17A4_KV,centroid.motifs,411,255553,7,14143462,14143464,255554,5,14143470,14143471,-9223372036854775807
N17A4_KV,centroid.motifs,412,255555,7,14143479,14143481,255556,5,14143487,14143488,-9223372036854775807
N17A4_KV,centroid.motifs,413,255557,7,14143496,14143498,255558,5,14143504,14143505,-9223372036854775807
N17A4_KV,centroid.motifs,414,255559,7,14143513,14143515,255560,5,14143521,14143522,-9223372036854775807
N17A4_KV,centroid.motifs,415,255561,7,14143530,14143532,255562,5,14143538,14143539,-9223372036854775807
N17A4_KV,centroid.motifs,416,255563,7,14143547,14143549,255564,5,14143555,14143556,-9223372036854775807
N17A4_KV,centroid.motifs,417,255565,7,14143564,14143566,255566,5,14143572,14143573,-9223372036854775807
N17A4_KV,centroid.motifs,418,255567,7,14143581,14143583,255568,5,14143589,14143590,-9223372036854775807
N17A4_KV,centroid.motifs,419,255569,7,14143598,14143600,255570,5,14143606,14143607,-9223372036854775807
N17A4_KV,centroid.motifs,420,255571,7,14143615,14143617,255572,5,14143623,14143624,-9223372036854775807
N17A4_KV,centroid.motifs,421,255573,7,14143632,14143634,255574,5,14143640,14143641,-9223372036854775807
N17A4_KV,centroid.motifs,422,255575,7,14143649,14143651,255576,5,14143657,14143658,-9223372036854775807
N17A4_KV,centroid.motifs,423,255577,7,14143666,14143668,255578,5,14143674,14143675,-9223372036854775807
N17A4_KV,centroid.motifs,424,255579,7,14143683,14143685,255580,5,14143691,14143692,-9223372036854775807
N17A4_KV,centroid.motifs,425,255581,7,14143700,14143702,255582,5,14143708,14143709,-9223372036854775807
N17A4_KV,centroid.motifs,426,255583,7,14143717,14143719,255584,5,14143725,14143726,-9223372036854775807
N17A4_KV,centroid.motifs,427,255585,7,14143734,14143736,255586,5,14143742,14143743,-9223372036854775807
N17A4_KV,centroid.motifs,428,255587,7,14143751,14143753,255588,5,14143759,14143760,-9223372036854775807
N17A4_KV,centroid.motifs,429,255589,7,14143768,14143770,255590,5,14143776,14143777,-9223372036854775807
N17A4_KV,centroid.motifs,430,255591,7,14143785,14143787,255592,5,14143793,14143794,-9223372036854775807
N17A4_KV,centroid.motifs,431,255593,7,14143802,14143804,255594,5,14143810,14143811,-9223372036854775807
N17A4_KV,centroid.motifs,432,255595,7,14143819,14143821,255596,5,14143827,14143828,-9223372036854775807
N17A4_KV,centroid.motifs,433,255597,7,14143836,14143838,255598,5,14143844,14143845,-9223372036854775807
N17A4_KV,centroid.motifs,434,255599,7,14143853,14143855,255600,5,14143861,14143862,-9223372036854775807
N17A4_KV,centroid.motifs,435,255601,7,14143870,14143872,255602,5,14143878,14143879,-9223372036854775807
N17A4_KV,centroid.motifs,436,255603,7,14143887,14143889,255604,5,14143895,14143896,-9223372036854775807
N17A4_KV,centroid.motifs,437,255605,7,14143904,14143906,255606,5,14143912,14143913,-9223372036854775807
N17A4_KV,centroid.motifs,438,255607,7,14143921,14143923,255608,5,14143929,14143930,-9223372036854775807
N17A4_KV,centroid.motifs,439,255609,7,14143938,14143940,255610,5,14143946,14143947,-9223372036854775807
N17A4_KV,centroid.motifs,440,255611,7,14143955,14143957,255612,5,14143963,14143964,-9223372036854775807
N17A4_KV,centroid.motifs,441,255613,7,14143972,14143974,255614,5,14143981,14143982,-9223372036854775807
N17A4_KV,centroid.motifs,442,255615,7,14143990,14143992,255616,5,14143999,14144000,-9223372036854775807
N17A4_KV,centroid.motifs,443,255617,7,14144008,14144010,255618,5,14144017,14144018,-9223372036854775807
N17A4_KV,centroid.motifs,444,255619,7,14144026,14144028,255620,5,14144035,14144036,-9223372036854775807
N17A4_KV,centroid.motifs,445,255621,7,14144044,14144046,255622,5,14144053,14144054,-9223372036854775807
N17A4_KV,centroid.motifs,446,255623,7,14144062,14144064,255624,5,14144071,14144072,-9223372036854775807
N17A4_KV,centroid.motifs,447,255625,7,14144080,14144082,255626,5,14144089,14144090,-9223372036854775807
N17A4_KV,centroid.motifs,448,255627,7,14144098,14144100,255628,5,14144107,14144108,-9223372036854775807
N17A4_KV,centroid.motifs,449,255629,7,14144116,14144118,255630,5,14144125,14144126,-9223372036854775807
N17A4_KV,centroid.motifs,450,255631,7,14144134,14144136,255632,5,14144143,14144144,-9223372036854775807
N17A4_KV,centroid.motifs,451,255633,7,14144152,14144154,255634,5,14144161,14144162,-9223372036854775807
N17A4_KV,centroid.motifs,452,255635,7,14144170,14144172,255636,5,14144179,14144180,-9223372036854775807
N17A4_KV,centroid.motifs,453,255637,7,14144188,14144190,255638,5,14144197,14144198,-9223372036854775807
N17A4_KV,centroid.motifs,454,255639,7,14144206,14144208,255640,5,14144215,14144216,-9223372036854775807
N17A4_KV,centroid.motifs,455,255641,7,14144224,14144226,255642,5,14144233,14144234,-9223372036854775807
N17A4_KV,centroid.motifs,456,255643,7,14144242,14144244,255644,5,14144251,14144252,-9223372036854775807
N17A4_KV,centroid.motifs,457,255645,7,14144260,14144262,255646,5,14144269,14144270,-9223372036854775807
N17A4_KV,centroid.motifs,458,255647,7,14144278,14144280,255648,5,14144287,14144288,-9223372036854775807
N17A4_KV,centroid.motifs,459,255649,7,14144296,14144298,255650,5,14144305,14144306,-9223372036854775807
N17A4_KV,centroid.motifs,460,255651,7,14144314,14144316,255652,5,14144323,14144324,-9223372036854775807
N17A4_KV,centroid.motifs,461,255653,7,14144332,14144334,255654,5,14144341,14144342,-9223372036854775807
N17A4_KV,centroid.motifs,462,255655,7,14144350,14144352,255656,5,14144359,14144360,-9223372036854775807
N17A4_KV,centroid.motifs,463,255657,7,14144368,14144370,255658,5,14144377,14144378,-9223372036854775807
N17A4_KV,centroid.motifs,464,255659,7,14144386,14144388,255660,5,14144395,14144396,-9223372036854775807
N17A4_KV,centroid.motifs,465,255661,7,14144404,14144406,255662,5,14144413,14144414,-9223372036854775807
N17A4_KV,centroid.motifs,466,255663,7,14144422,14144424,255664,5,14144431,14144432,-9223372036854775807
N17A4_KV,centroid.motifs,467,255665,7,14144440,14144442,255666,5,14144449,14144450,-9223372036854775807
N17A4_KV,centroid.motifs,468,255667,7,14144458,14144460,255668,5,14144467,14144468,-9223372036854775807
N17A4_KV,centroid.motifs,469,255669,7,14144476,14144478,255670,5,14144485,14144486,-9223372036854775807
N17A4_KV,centroid.motifs,470,255671,7,14144494,14144496,255672,5,14144503,14144504,-9223372036854775807
N17A4_KV,centroid.motifs,471,255673,7,14144512,14144514,255674,5,14144521,14144522,-9223372036854775807
N17A4_KV,centroid.motifs,472,255675,7,14144530,14144532,255676,5,14144539,14144540,-9223372036854775807
N17A4_KV,centroid.motifs,473,255677,7,14144548,14144550,255678,5,14144557,14144558,-9223372036854775807
N17A4_KV,centroid.motifs,474,255679,7,14144566,14144568,255680,5,14144575,14144576,-9223372036854775807
N17A4_KV,centroid.motifs,475,255681,7,14144584,14144586,255682,5,14144593,14144594,-9223372036854775807
N17A4_KV,centroid.motifs,476,255683,7,14144602,14144604,255684,5,14144611,14144612,-9223372036854775807
N17A4_KV,centroid.motifs,477,255685,7,14144620,14144622,255686,5,14144629,14144630,-9223372036854775807
N17A4_KV,centroid.motifs,478,255687,7,14144638,14144640,255688,5,14144647,14144648,-9223372036854775807
N17A4_KV,centroid.motifs,479,255689,7,14144656,14144658,255690,5,14144665,14144666,-9223372036854775807
N17A4_KV,centroid.motifs,480,255691,7,14144674,14144676,255692,5,14144683,14144684,-9223372036854775807
N17A4_KV,centroid.motifs,481,255693,7,14144692,14144694,255694,5,14144701,14144702,-9223372036854775807
N17A4_KV,centroid.motifs,482,255695,7,14144710,14144712,255696,5,14144719,14144720,-9223372036854775807
N17A4_KV,centroid.motifs,483,255697,7,14144728,14144730,255698,5,14144737,14144738,-9223372036854775807
N17A4_KV,centroid.motifs,484,255699,7,14144746,14144748,255700,5,14144755,14144756,-9223372036854775807
N17A4_KV,centroid.motifs,485,255701,7,14144764,14144766,255702,5,14144773,14144774,-9223372036854775807
N17A4_KV,centroid.motifs,486,255703,7,14144782,14144784,255704,5,14144791,14144792,-9223372036854775807
N17A4_KV,centroid.motifs,487,255705,7,14144800,14144802,255706,5,14144809,14144810,-9223372036854775807
N17A4_KV,centroid.motifs,488,255707,7,14144818,14144820,255708,5,14144827,14144828,-9223372036854775807
N17A4_KV,centroid.motifs,489,255709,7,14144836,14144838,255710,5,14144845,14144846,-9223372036854775807
N17A4_KV,centroid.motifs,490,255711,7,14144854,14144856,255712,5,14144863,14144864,-9223372036854775807
N17A4_KV,centroid.motifs,491,255713,7,14144872,14144874,255714,5,14144881,14144882,-9223372036854775807
N17A4_KV,centroid.motifs,492,255715,7,14144890,14144892,255716,5,14144899,14144900,-9223372036854775807
N17A4_KV,centroid.motifs,493,255717,7,14144908,14144910,255718,5,14144917,14144918,-9223372036854775807
N17A4_KV,centroid.motifs,494,255719,7,14144926,14144928,255720,5,14144931,14144932,-9223372036854775807
N17A4_KV,centroid.motifs,495,255721,7,14144940,14144942,255722,5,14144945,14144946,-9223372036854775807
N17A4_KV,centroid.motifs,496,255723,7,14144954,14144956,255724,5,14144959,14144960,-9223372036854775807
N17A4_KV,centroid.motifs,497,255725,7,14144968,14144970,255726,5,14144973,14144974,-9223372036854775807
N17A4_KV,centroid.motifs,498,255727,7,14144982,14144984,255728,5,14144987,14144988,-9223372036854775807
N17A4_KV,centroid.motifs,499,255729,7,14144996,14144998,255730,5,14145001,14145002,-9223372036854775807
N17A4_KV,centroid.motifs,500,255731,7,14145010,14145012,255732,5,14145015,14145016,-9223372036854775807
N17A4_KV,centroid.motifs,501,255733,7,14145024,14145026,255734,5,14145029,14145030,-9223372036854775807
N17A4_KV,centroid.motifs,502,255735,7,14145038,14145040,255736,5,14145043,14145044,-9223372036854775807
N17A4_KV,centroid.motifs,503,255737,7,14145052,14145054,255738,5,14145057,14145058,-9223372036854775807
N17A4_KV,centroid.motifs,504,255739,7,14145066,14145068,255740,5,14145071,14145072,-9223372036854775807
N17A4_KV,centroid.motifs,505,255741,7,14145080,14145082,255742,5,14145085,14145086,-9223372036854775807
N17A4_KV,centroid.motifs,506,255743,7,14145094,14145096,255744,5,14145099,14145100,-9223372036854775807
N17A4_KV,centroid.motifs,507,255745,7,14145108,14145110,255746,5,14145113,14145114,-9223372036854775807
N17A4_KV,centroid.motifs,508,255747,7,14145122,14145124,255748,5,14145127,14145128,-9223372036854775807
N17A4_KV,centroid.motifs,509,255749,7,14145136,14145138,255750,5,14145141,14145142,-9223372036854775807
N17A4_KV,centroid.motifs,510,255751,7,14145150,14145152,255752,5,14145155,14145156,-9223372036854775807
N17A4_KV,centroid.motifs,511,255753,7,14145164,14145166,255754,5,14145169,14145170,-9223372036854775807
N17A4_DICT,centroid.motifs,259538,259538,11,2491
N17A4_KV,centroid.motifs,0,259539,7,14176467,14176469,259540,5,14176472,14176473,-9223372036854775807
N17A4_KV,centroid.motifs,1,259541,7,14176481,14176483,259542,5,14176486,14176487,-9223372036854775807
N17A4_KV,centroid.motifs,2,259543,7,14176495,14176497,259544,5,14176500,14176501,-9223372036854775807
N17A4_KV,centroid.motifs,3,259545,7,14176509,14176511,259546,5,14176514,14176515,-9223372036854775807
N17A4_KV,centroid.motifs,4,259547,7,14176523,14176525,259548,5,14176528,14176529,-9223372036854775807
N17A4_KV,centroid.motifs,5,259549,7,14176537,14176539,259550,5,14176542,14176543,-9223372036854775807
N17A4_KV,centroid.motifs,6,259551,7,14176551,14176553,259552,5,14176556,14176557,-9223372036854775807
N17A4_KV,centroid.motifs,7,259553,7,14176565,14176567,259554,5,14176570,14176571,-9223372036854775807
N17A4_KV,centroid.motifs,8,259555,7,14176579,14176581,259556,5,14176584,14176585,-9223372036854775807
N17A4_KV,centroid.motifs,9,259557,7,14176593,14176595,259558,5,14176598,14176599,-9223372036854775807
N17A4_KV,centroid.motifs,10,259559,7,14176607,14176609,259560,5,14176612,14176613,-9223372036854775807
N17A4_KV,centroid.motifs,11,259561,7,14176621,14176623,259562,5,14176626,14176627,-9223372036854775807
N17A4_KV,centroid.motifs,12,259563,7,14176635,14176637,259564,5,14176640,14176641,-9223372036854775807
N17A4_KV,centroid.motifs,13,259565,7,14176649,14176651,259566,5,14176654,14176655,-9223372036854775807
N17A4_KV,centroid.motifs,14,259567,7,14176663,14176665,259568,5,14176668,14176669,-9223372036854775807
N17A4_KV,centroid.motifs,15,259569,7,14176677,14176679,259570,5,14176682,14176683,-9223372036854775807
N17A4_KV,centroid.motifs,16,259571,7,14176691,14176693,259572,5,14176696,14176697,-9223372036854775807
N17A4_KV,centroid.motifs,17,259573,7,14176705,14176707,259574,5,14176710,14176711,-9223372036854775807
N17A4_KV,centroid.motifs,18,259575,7,14176719,14176721,259576,5,14176724,14176725,-9223372036854775807
N17A4_KV,centroid.motifs,19,259577,7,14176733,14176735,259578,5,14176738,14176739,-9223372036854775807
N17A4_KV,centroid.motifs,20,259579,7,14176747,14176749,259580,5,14176752,14176753,-9223372036854775807
N17A4_KV,centroid.motifs,21,259581,7,14176761,14176763,259582,5,14176766,14176767,-9223372036854775807
N17A4_KV,centroid.motifs,22,259583,7,14176775,14176777,259584,5,14176780,14176781,-9223372036854775807
N17A4_KV,centroid.motifs,23,259585,7,14176789,14176791,259586,5,14176794,14176795,-9223372036854775807
N17A4_KV,centroid.motifs,24,259587,7,14176803,14176805,259588,5,14176808,14176809,-9223372036854775807
N17A4_KV,centroid.motifs,25,259589,7,14176817,14176819,259590,5,14176822,14176823,-9223372036854775807
N17A4_KV,centroid.motifs,26,259591,7,14176831,14176833,259592,5,14176836,14176837,-9223372036854775807
N17A4_KV,centroid.motifs,27,259593,7,14176845,14176847,259594,5,14176850,14176851,-9223372036854775807
N17A4_KV,centroid.motifs,28,259595,7,14176859,14176861,259596,5,14176864,14176865,-9223372036854775807
N17A4_KV,centroid.motifs,29,259597,7,14176873,14176875,259598,5,14176878,14176879,-9223372036854775807
N17A4_KV,centroid.motifs,30,259599,7,14176887,14176889,259600,5,14176892,14176893,-9223372036854775807
N17A4_KV,centroid.motifs,31,259601,7,14176901,14176903,259602,5,14176906,14176907,-9223372036854775807
N17A4_KV,centroid.motifs,32,259603,7,14176915,14176917,259604,5,14176920,14176921,-9223372036854775807
N17A4_KV,centroid.motifs,33,259605,7,14176929,14176931,259606,5,14176934,14176935,-9223372036854775807
N17A4_KV,centroid.motifs,34,259607,7,14176943,14176945,259608,5,14176948,14176949,-9223372036854775807
N17A4_KV,centroid.motifs,35,259609,7,14176957,14176959,259610,5,14176962,14176963,-9223372036854775807
N17A4_KV,centroid.motifs,36,259611,7,14176971,14176973,259612,5,14176976,14176977,-9223372036854775807
N17A4_KV,centroid.motifs,37,259613,7,14176985,14176987,259614,5,14176990,14176991,-9223372036854775807
N17A4_KV,centroid.motifs,38,259615,7,14176999,14177001,259616,5,14177004,14177005,-9223372036854775807
N17A4_KV,centroid.motifs,39,259617,7,14177013,14177015,259618,5,14177018,14177019,-9223372036854775807
N17A4_KV,centroid.motifs,40,259619,7,14177027,14177029,259620,5,14177032,14177033,-9223372036854775807
N17A4_KV,centroid.motifs,41,259621,7,14177041,14177043,259622,5,14177046,14177047,-9223372036854775807
N17A4_KV,centroid.motifs,42,259623,7,14177055,14177057,259624,5,14177060,14177061,-9223372036854775807
N17A4_KV,centroid.motifs,43,259625,7,14177069,14177071,259626,5,14177074,14177075,-9223372036854775807
N17A4_KV,centroid.motifs,44,259627,7,14177083,14177085,259628,5,14177088,14177089,-9223372036854775807
N17A4_KV,centroid.motifs,45,259629,7,14177097,14177099,259630,5,14177102,14177103,-9223372036854775807
N17A4_KV,centroid.motifs,46,259631,7,14177111,14177113,259632,5,14177116,14177117,-9223372036854775807
N17A4_KV,centroid.motifs,47,259633,7,14177125,14177127,259634,5,14177130,14177131,-9223372036854775807
N17A4_KV,centroid.motifs,48,259635,7,14177139,14177141,259636,5,14177144,14177145,-9223372036854775807
N17A4_KV,centroid.motifs,49,259637,7,14177153,14177155,259638,5,14177158,14177159,-9223372036854775807
N17A4_KV,centroid.motifs,50,259639,7,14177167,14177169,259640,5,14177172,14177173,-9223372036854775807
N17A4_KV,centroid.motifs,51,259641,7,14177181,14177183,259642,5,14177187,14177188,-9223372036854775807
N17A4_KV,centroid.motifs,52,259643,7,14177196,14177198,259644,5,14177202,14177203,-9223372036854775807
N17A4_KV,centroid.motifs,53,259645,7,14177211,14177213,259646,5,14177217,14177218,-9223372036854775807
N17A4_KV,centroid.motifs,54,259647,7,14177226,14177228,259648,5,14177232,14177233,-9223372036854775807
N17A4_KV,centroid.motifs,55,259649,7,14177241,14177243,259650,5,14177247,14177248,-9223372036854775807
N17A4_KV,centroid.motifs,56,259651,7,14177256,14177258,259652,5,14177262,14177263,-9223372036854775807
N17A4_KV,centroid.motifs,57,259653,7,14177271,14177273,259654,5,14177277,14177278,-9223372036854775807
N17A4_KV,centroid.motifs,58,259655,7,14177286,14177288,259656,5,14177292,14177293,-9223372036854775807
N17A4_KV,centroid.motifs,59,259657,7,14177301,14177303,259658,5,14177307,14177308,-9223372036854775807
N17A4_KV,centroid.motifs,60,259659,7,14177316,14177318,259660,5,14177322,14177323,-9223372036854775807
N17A4_KV,centroid.motifs,61,259661,7,14177331,14177333,259662,5,14177337,14177338,-9223372036854775807
N17A4_KV,centroid.motifs,62,259663,7,14177346,14177348,259664,5,14177352,14177353,-9223372036854775807
N17A4_KV,centroid.motifs,63,259665,7,14177361,14177363,259666,5,14177367,14177368,-9223372036854775807
N17A4_KV,centroid.motifs,64,259667,7,14177376,14177378,259668,5,14177382,14177383,-9223372036854775807
N17A4_KV,centroid.motifs,65,259669,7,14177391,14177393,259670,5,14177397,14177398,-9223372036854775807
N17A4_KV,centroid.motifs,66,259671,7,14177406,14177408,259672,5,14177412,14177413,-9223372036854775807
N17A4_KV,centroid.motifs,67,259673,7,14177421,14177423,259674,5,14177427,14177428,-9223372036854775807
N17A4_KV,centroid.motifs,68,259675,7,14177436,14177438,259676,5,14177442,14177443,-9223372036854775807
N17A4_KV,centroid.motifs,69,259677,7,14177451,14177453,259678,5,14177457,14177458,-9223372036854775807
N17A4_KV,centroid.motifs,70,259679,7,14177466,14177468,259680,5,14177472,14177473,-9223372036854775807
N17A4_KV,centroid.motifs,71,259681,7,14177481,14177483,259682,5,14177487,14177488,-9223372036854775807
N17A4_KV,centroid.motifs,72,259683,7,14177496,14177498,259684,5,14177502,14177503,-9223372036854775807
N17A4_KV,centroid.motifs,73,259685,7,14177511,14177513,259686,5,14177517,14177518,-9223372036854775807
N17A4_KV,centroid.motifs,74,259687,7,14177526,14177528,259688,5,14177532,14177533,-9223372036854775807
N17A4_KV,centroid.motifs,75,259689,7,14177541,14177543,259690,5,14177547,14177548,-9223372036854775807
N17A4_KV,centroid.motifs,76,259691,7,14177556,14177558,259692,5,14177562,14177563,-9223372036854775807
N17A4_KV,centroid.motifs,77,259693,7,14177571,14177573,259694,5,14177577,14177578,-9223372036854775807
N17A4_KV,centroid.motifs,78,259695,7,14177586,14177588,259696,5,14177592,14177593,-9223372036854775807
N17A4_KV,centroid.motifs,79,259697,7,14177601,14177603,259698,5,14177607,14177608,-9223372036854775807
N17A4_KV,centroid.motifs,80,259699,7,14177616,14177618,259700,5,14177622,14177623,-9223372036854775807
N17A4_KV,centroid.motifs,81,259701,7,14177631,14177633,259702,5,14177637,14177638,-9223372036854775807
N17A4_KV,centroid.motifs,82,259703,7,14177646,14177648,259704,5,14177652,14177653,-9223372036854775807
N17A4_KV,centroid.motifs,83,259705,7,14177661,14177663,259706,5,14177667,14177668,-9223372036854775807
N17A4_KV,centroid.motifs,84,259707,7,14177676,14177678,259708,5,14177682,14177683,-9223372036854775807
N17A4_KV,centroid.motifs,85,259709,7,14177691,14177693,259710,5,14177697,14177698,-9223372036854775807
N17A4_KV,centroid.motifs,86,259711,7,14177706,14177708,259712,5,14177712,14177713,-9223372036854775807
N17A4_KV,centroid.motifs,87,259713,7,14177721,14177723,259714,5,14177727,14177728,-9223372036854775807
N17A4_KV,centroid.motifs,88,259715,7,14177736,14177738,259716,5,14177742,14177743,-9223372036854775807
N17A4_KV,centroid.motifs,89,259717,7,14177751,14177753,259718,5,14177757,14177758,-9223372036854775807
N17A4_KV,centroid.motifs,90,259719,7,14177766,14177768,259720,5,14177772,14177773,-9223372036854775807
N17A4_KV,centroid.motifs,91,259721,7,14177781,14177783,259722,5,14177787,14177788,-9223372036854775807
N17A4_KV,centroid.motifs,92,259723,7,14177796,14177798,259724,5,14177802,14177803,-9223372036854775807
N17A4_KV,centroid.motifs,93,259725,7,14177811,14177813,259726,5,14177817,14177818,-9223372036854775807
N17A4_KV,centroid.motifs,94,259727,7,14177826,14177828,259728,5,14177832,14177833,-9223372036854775807
N17A4_KV,centroid.motifs,95,259729,7,14177841,14177843,259730,5,14177847,14177848,-9223372036854775807
N17A4_KV,centroid.motifs,96,259731,7,14177856,14177858,259732,5,14177862,14177863,-9223372036854775807
N17A4_KV,centroid.motifs,97,259733,7,14177871,14177873,259734,5,14177877,14177878,-9223372036854775807
N17A4_KV,centroid.motifs,98,259735,7,14177886,14177888,259736,5,14177892,14177893,-9223372036854775807
N17A4_KV,centroid.motifs,99,259737,7,14177901,14177903,259738,5,14177907,14177908,-9223372036854775807
N17A4_KV,centroid.motifs,100,259739,7,14177916,14177918,259740,5,14177922,14177923,-9223372036854775807
N17A4_KV,centroid.motifs,101,259741,7,14177931,14177933,259742,5,14177937,14177938,-9223372036854775807
N17A4_KV,centroid.motifs,102,259743,7,14177946,14177948,259744,5,14177952,14177953,-9223372036854775807
N17A4_KV,centroid.motifs,103,259745,7,14177961,14177963,259746,5,14177967,14177968,-9223372036854775807
N17A4_KV,centroid.motifs,104,259747,7,14177976,14177978,259748,5,14177982,14177983,-9223372036854775807
N17A4_KV,centroid.motifs,105,259749,7,14177991,14177993,259750,5,14177997,14177998,-9223372036854775807
N17A4_KV,centroid.motifs,106,259751,7,14178006,14178008,259752,5,14178012,14178013,-9223372036854775807
N17A4_KV,centroid.motifs,107,259753,7,14178021,14178023,259754,5,14178027,14178028,-9223372036854775807
N17A4_KV,centroid.motifs,108,259755,7,14178036,14178038,259756,5,14178042,14178043,-9223372036854775807
N17A4_KV,centroid.motifs,109,259757,7,14178051,14178053,259758,5,14178057,14178058,-9223372036854775807
N17A4_KV,centroid.motifs,110,259759,7,14178066,14178068,259760,5,14178072,14178073,-9223372036854775807
N17A4_KV,centroid.motifs,111,259761,7,14178081,14178083,259762,5,14178087,14178088,-9223372036854775807
N17A4_KV,centroid.motifs,112,259763,7,14178096,14178098,259764,5,14178103,14178104,-9223372036854775807
N17A4_KV,centroid.motifs,113,259765,7,14178112,14178114,259766,5,14178119,14178120,-9223372036854775807
N17A4_KV,centroid.motifs,114,259767,7,14178128,14178130,259768,5,14178135,14178136,-9223372036854775807
N17A4_KV,centroid.motifs,115,259769,7,14178144,14178146,259770,5,14178151,14178152,-9223372036854775807
N17A4_KV,centroid.motifs,116,259771,7,14178160,14178162,259772,5,14178167,14178168,-9223372036854775807
N17A4_KV,centroid.motifs,117,259773,7,14178176,14178178,259774,5,14178183,14178184,-9223372036854775807
N17A4_KV,centroid.motifs,118,259775,7,14178192,14178194,259776,5,14178199,14178200,-9223372036854775807
N17A4_KV,centroid.motifs,119,259777,7,14178208,14178210,259778,5,14178215,14178216,-9223372036854775807
N17A4_KV,centroid.motifs,120,259779,7,14178224,14178226,259780,5,14178231,14178232,-9223372036854775807
N17A4_KV,centroid.motifs,121,259781,7,14178240,14178242,259782,5,14178247,14178248,-9223372036854775807
N17A4_KV,centroid.motifs,122,259783,7,14178256,14178258,259784,5,14178263,14178264,-9223372036854775807
N17A4_KV,centroid.motifs,123,259785,7,14178272,14178274,259786,5,14178279,14178280,-9223372036854775807
N17A4_KV,centroid.motifs,124,259787,7,14178288,14178290,259788,5,14178295,14178296,-9223372036854775807
N17A4_KV,centroid.motifs,125,259789,7,14178304,14178306,259790,5,14178311,14178312,-9223372036854775807
N17A4_KV,centroid.motifs,126,259791,7,14178320,14178322,259792,5,14178327,14178328,-9223372036854775807
N17A4_KV,centroid.motifs,127,259793,7,14178336,14178338,259794,5,14178343,14178344,-9223372036854775807
N17A4_KV,centroid.motifs,128,259795,7,14178352,14178354,259796,5,14178359,14178360,-9223372036854775807
N17A4_KV,centroid.motifs,129,259797,7,14178368,14178370,259798,5,14178375,14178376,-9223372036854775807
N17A4_KV,centroid.motifs,130,259799,7,14178384,14178386,259800,5,14178391,14178392,-9223372036854775807
N17A4_KV,centroid.motifs,131,259801,7,14178400,14178402,259802,5,14178407,14178408,-9223372036854775807
N17A4_KV,centroid.motifs,132,259803,7,14178416,14178418,259804,5,14178423,14178424,-9223372036854775807
N17A4_KV,centroid.motifs,133,259805,7,14178432,14178434,259806,5,14178439,14178440,-9223372036854775807
N17A4_KV,centroid.motifs,134,259807,7,14178448,14178450,259808,5,14178455,14178456,-9223372036854775807
N17A4_KV,centroid.motifs,135,259809,7,14178464,14178466,259810,5,14178471,14178472,-9223372036854775807
N17A4_KV,centroid.motifs,136,259811,7,14178480,14178482,259812,5,14178487,14178488,-9223372036854775807
N17A4_KV,centroid.motifs,137,259813,7,14178496,14178498,259814,5,14178503,14178504,-9223372036854775807
N17A4_KV,centroid.motifs,138,259815,7,14178512,14178514,259816,5,14178519,14178520,-9223372036854775807
N17A4_KV,centroid.motifs,139,259817,7,14178528,14178530,259818,5,14178535,14178536,-9223372036854775807
N17A4_KV,centroid.motifs,140,259819,7,14178544,14178546,259820,5,14178551,14178552,-9223372036854775807
N17A4_KV,centroid.motifs,141,259821,7,14178560,14178562,259822,5,14178567,14178568,-9223372036854775807
N17A4_KV,centroid.motifs,142,259823,7,14178576,14178578,259824,5,14178583,14178584,-9223372036854775807
N17A4_KV,centroid.motifs,143,259825,7,14178592,14178594,259826,5,14178599,14178600,-9223372036854775807
N17A4_KV,centroid.motifs,144,259827,7,14178608,14178610,259828,5,14178615,14178616,-9223372036854775807
N17A4_KV,centroid.motifs,145,259829,7,14178624,14178626,259830,5,14178631,14178632,-9223372036854775807
N17A4_KV,centroid.motifs,146,259831,7,14178640,14178642,259832,5,14178647,14178648,-9223372036854775807
N17A4_KV,centroid.motifs,147,259833,7,14178656,14178658,259834,5,14178663,14178664,-9223372036854775807
N17A4_KV,centroid.motifs,148,259835,7,14178672,14178674,259836,5,14178679,14178680,-9223372036854775807
N17A4_KV,centroid.motifs,149,259837,7,14178688,14178690,259838,5,14178695,14178696,-9223372036854775807
N17A4_KV,centroid.motifs,150,259839,7,14178704,14178706,259840,5,14178711,14178712,-9223372036854775807
N17A4_KV,centroid.motifs,151,259841,7,14178720,14178722,259842,5,14178727,14178728,-9223372036854775807
N17A4_KV,centroid.motifs,152,259843,7,14178736,14178738,259844,5,14178743,14178744,-9223372036854775807
N17A4_KV,centroid.motifs,153,259845,7,14178752,14178754,259846,5,14178759,14178760,-9223372036854775807
N17A4_KV,centroid.motifs,154,259847,7,14178768,14178770,259848,5,14178775,14178776,-9223372036854775807
N17A4_KV,centroid.motifs,155,259849,7,14178784,14178786,259850,5,14178791,14178792,-9223372036854775807
N17A4_KV,centroid.motifs,156,259851,7,14178800,14178802,259852,5,14178807,14178808,-9223372036854775807
N17A4_KV,centroid.motifs,157,259853,7,14178816,14178818,259854,5,14178823,14178824,-9223372036854775807
N17A4_KV,centroid.motifs,158,259855,7,14178832,14178834,259856,5,14178839,14178840,-9223372036854775807
N17A4_KV,centroid.motifs,159,259857,7,14178848,14178850,259858,5,14178855,14178856,-9223372036854775807
N17A4_KV,centroid.motifs,160,259859,7,14178864,14178866,259860,5,14178871,14178872,-9223372036854775807
N17A4_KV,centroid.motifs,161,259861,7,14178880,14178882,259862,5,14178887,14178888,-9223372036854775807
N17A4_KV,centroid.motifs,162,259863,7,14178896,14178898,259864,5,14178903,14178904,-9223372036854775807
N17A4_KV,centroid.motifs,163,259865,7,14178912,14178914,259866,5,14178919,14178920,-9223372036854775807
N17A4_KV,centroid.motifs,164,259867,7,14178928,14178930,259868,5,14178935,14178936,-9223372036854775807
N17A4_KV,centroid.motifs,165,259869,7,14178944,14178946,259870,5,14178951,14178952,-9223372036854775807
N17A4_KV,centroid.motifs,166,259871,7,14178960,14178962,259872,5,14178967,14178968,-9223372036854775807
N17A4_KV,centroid.motifs,167,259873,7,14178976,14178978,259874,5,14178983,14178984,-9223372036854775807
N17A4_KV,centroid.motifs,168,259875,7,14178992,14178994,259876,5,14178999,14179000,-9223372036854775807
N17A4_KV,centroid.motifs,169,259877,7,14179008,14179010,259878,5,14179015,14179016,-9223372036854775807
N17A4_KV,centroid.motifs,170,259879,7,14179024,14179026,259880,5,14179031,14179032,-9223372036854775807
N17A4_KV,centroid.motifs,171,259881,7,14179040,14179042,259882,5,14179047,14179048,-9223372036854775807
N17A4_KV,centroid.motifs,172,259883,7,14179056,14179058,259884,5,14179063,14179064,-9223372036854775807
N17A4_KV,centroid.motifs,173,259885,7,14179072,14179074,259886,5,14179079,14179080,-9223372036854775807
N17A4_KV,centroid.motifs,174,259887,7,14179088,14179090,259888,5,14179095,14179096,-9223372036854775807
N17A4_KV,centroid.motifs,175,259889,7,14179104,14179106,259890,5,14179111,14179112,-9223372036854775807
N17A4_KV,centroid.motifs,176,259891,7,14179120,14179122,259892,5,14179128,14179129,-9223372036854775807
N17A4_KV,centroid.motifs,177,259893,7,14179137,14179139,259894,5,14179145,14179146,-9223372036854775807
N17A4_KV,centroid.motifs,178,259895,7,14179154,14179156,259896,5,14179162,14179163,-9223372036854775807
N17A4_KV,centroid.motifs,179,259897,7,14179171,14179173,259898,5,14179179,14179180,-9223372036854775807
N17A4_KV,centroid.motifs,180,259899,7,14179188,14179190,259900,5,14179196,14179197,-9223372036854775807
N17A4_KV,centroid.motifs,181,259901,7,14179205,14179207,259902,5,14179213,14179214,-9223372036854775807
N17A4_KV,centroid.motifs,182,259903,7,14179222,14179224,259904,5,14179230,14179231,-9223372036854775807
N17A4_KV,centroid.motifs,183,259905,7,14179239,14179241,259906,5,14179247,14179248,-9223372036854775807
N17A4_KV,centroid.motifs,184,259907,7,14179256,14179258,259908,5,14179264,14179265,-9223372036854775807
N17A4_KV,centroid.motifs,185,259909,7,14179273,14179275,259910,5,14179281,14179282,-9223372036854775807
N17A4_KV,centroid.motifs,186,259911,7,14179290,14179292,259912,5,14179298,14179299,-9223372036854775807
N17A4_KV,centroid.motifs,187,259913,7,14179307,14179309,259914,5,14179315,14179316,-9223372036854775807
N17A4_KV,centroid.motifs,188,259915,7,14179324,14179326,259916,5,14179332,14179333,-9223372036854775807
N17A4_KV,centroid.motifs,189,259917,7,14179341,14179343,259918,5,14179349,14179350,-9223372036854775807
N17A4_KV,centroid.motifs,190,259919,7,14179358,14179360,259920,5,14179366,14179367,-9223372036854775807
N17A4_KV,centroid.motifs,191,259921,7,14179375,14179377,259922,5,14179383,14179384,-9223372036854775807
N17A4_KV,centroid.motifs,192,259923,7,14179392,14179394,259924,5,14179400,14179401,-9223372036854775807
N17A4_KV,centroid.motifs,193,259925,7,14179409,14179411,259926,5,14179417,14179418,-9223372036854775807
N17A4_KV,centroid.motifs,194,259927,7,14179426,14179428,259928,5,14179434,14179435,-9223372036854775807
N17A4_KV,centroid.motifs,195,259929,7,14179443,14179445,259930,5,14179451,14179452,-9223372036854775807
N17A4_KV,centroid.motifs,196,259931,7,14179460,14179462,259932,5,14179468,14179469,-9223372036854775807
N17A4_KV,centroid.motifs,197,259933,7,14179477,14179479,259934,5,14179485,14179486,-9223372036854775807
N17A4_KV,centroid.motifs,198,259935,7,14179494,14179496,259936,5,14179502,14179503,-9223372036854775807
N17A4_KV,centroid.motifs,199,259937,7,14179511,14179513,259938,5,14179519,14179520,-9223372036854775807
N17A4_KV,centroid.motifs,200,259939,7,14179528,14179530,259940,5,14179536,14179537,-9223372036854775807
N17A4_KV,centroid.motifs,201,259941,7,14179545,14179547,259942,5,14179553,14179554,-9223372036854775807
N17A4_KV,centroid.motifs,202,259943,7,14179562,14179564,259944,5,14179570,14179571,-9223372036854775807
N17A4_KV,centroid.motifs,203,259945,7,14179579,14179581,259946,5,14179587,14179588,-9223372036854775807
N17A4_KV,centroid.motifs,204,259947,7,14179596,14179598,259948,5,14179604,14179605,-9223372036854775807
N17A4_KV,centroid.motifs,205,259949,7,14179613,14179615,259950,5,14179621,14179622,-9223372036854775807
N17A4_KV,centroid.motifs,206,259951,7,14179630,14179632,259952,5,14179638,14179639,-9223372036854775807
N17A4_KV,centroid.motifs,207,259953,7,14179647,14179649,259954,5,14179655,14179656,-9223372036854775807
N17A4_KV,centroid.motifs,208,259955,7,14179664,14179666,259956,5,14179672,14179673,-9223372036854775807
N17A4_KV,centroid.motifs,209,259957,7,14179681,14179683,259958,5,14179689,14179690,-9223372036854775807
N17A4_KV,centroid.motifs,210,259959,7,14179698,14179700,259960,5,14179706,14179707,-9223372036854775807
N17A4_KV,centroid.motifs,211,259961,7,14179715,14179717,259962,5,14179723,14179724,-9223372036854775807
N17A4_KV,centroid.motifs,212,259963,7,14179732,14179734,259964,5,14179740,14179741,-9223372036854775807
N17A4_KV,centroid.motifs,213,259965,7,14179749,14179751,259966,5,14179757,14179758,-9223372036854775807
N17A4_KV,centroid.motifs,214,259967,7,14179766,14179768,259968,5,14179774,14179775,-9223372036854775807
N17A4_KV,centroid.motifs,215,259969,7,14179783,14179785,259970,5,14179791,14179792,-9223372036854775807
N17A4_KV,centroid.motifs,216,259971,7,14179800,14179802,259972,5,14179808,14179809,-9223372036854775807
N17A4_KV,centroid.motifs,217,259973,7,14179817,14179819,259974,5,14179825,14179826,-9223372036854775807
N17A4_KV,centroid.motifs,218,259975,7,14179834,14179836,259976,5,14179842,14179843,-9223372036854775807
N17A4_KV,centroid.motifs,219,259977,7,14179851,14179853,259978,5,14179859,14179860,-9223372036854775807
N17A4_KV,centroid.motifs,220,259979,7,14179868,14179870,259980,5,14179876,14179877,-9223372036854775807
N17A4_KV,centroid.motifs,221,259981,7,14179885,14179887,259982,5,14179893,14179894,-9223372036854775807
N17A4_KV,centroid.motifs,222,259983,7,14179902,14179904,259984,5,14179910,14179911,-9223372036854775807
N17A4_KV,centroid.motifs,223,259985,7,14179919,14179921,259986,5,14179927,14179928,-9223372036854775807
N17A4_KV,centroid.motifs,224,259987,7,14179936,14179938,259988,5,14179944,14179945,-9223372036854775807
N17A4_KV,centroid.motifs,225,259989,7,14179953,14179955,259990,5,14179961,14179962,-9223372036854775807
N17A4_KV,centroid.motifs,226,259991,7,14179970,14179972,259992,5,14179978,14179979,-9223372036854775807
N17A4_KV,centroid.motifs,227,259993,7,14179987,14179989,259994,5,14179995,14179996,-9223372036854775807
N17A4_KV,centroid.motifs,228,259995,7,14180004,14180006,259996,5,14180012,14180013,-9223372036854775807
N17A4_KV,centroid.motifs,229,259997,7,14180021,14180023,259998,5,14180029,14180030,-9223372036854775807
N17A4_KV,centroid.motifs,230,259999,7,14180038,14180040,260000,5,14180046,14180047,-9223372036854775807
N17A4_KV,centroid.motifs,231,260001,7,14180055,14180057,260002,5,14180063,14180064,-9223372036854775807
N17A4_KV,centroid.motifs,232,260003,7,14180072,14180074,260004,5,14180080,14180081,-9223372036854775807
N17A4_KV,centroid.motifs,233,260005,7,14180089,14180091,260006,5,14180097,14180098,-9223372036854775807
N17A4_KV,centroid.motifs,234,260007,7,14180106,14180108,260008,5,14180114,14180115,-9223372036854775807
N17A4_KV,centroid.motifs,235,260009,7,14180123,14180125,260010,5,14180131,14180132,-9223372036854775807
N17A4_KV,centroid.motifs,236,260011,7,14180140,14180142,260012,5,14180148,14180149,-9223372036854775807
N17A4_KV,centroid.motifs,237,260013,7,14180157,14180159,260014,5,14180165,14180166,-9223372036854775807
N17A4_KV,centroid.motifs,238,260015,7,14180174,14180176,260016,5,14180182,14180183,-9223372036854775807
N17A4_KV,centroid.motifs,239,260017,7,14180191,14180193,260018,5,14180199,14180200,-9223372036854775807
N17A4_KV,centroid.motifs,240,260019,7,14180208,14180210,260020,5,14180216,14180217,-9223372036854775807
N17A4_KV,centroid.motifs,241,260021,7,14180225,14180227,260022,5,14180234,14180235,-9223372036854775807
N17A4_KV,centroid.motifs,242,260023,7,14180243,14180245,260024,5,14180252,14180253,-9223372036854775807
N17A4_KV,centroid.motifs,243,260025,7,14180261,14180263,260026,5,14180270,14180271,-9223372036854775807
N17A4_KV,centroid.motifs,244,260027,7,14180279,14180281,260028,5,14180288,14180289,-9223372036854775807
N17A4_KV,centroid.motifs,245,260029,7,14180297,14180299,260030,5,14180306,14180307,-9223372036854775807
N17A4_KV,centroid.motifs,246,260031,7,14180315,14180317,260032,5,14180324,14180325,-9223372036854775807
N17A4_KV,centroid.motifs,247,260033,7,14180333,14180335,260034,5,14180342,14180343,-9223372036854775807
N17A4_KV,centroid.motifs,248,260035,7,14180351,14180353,260036,5,14180360,14180361,-9223372036854775807
N17A4_KV,centroid.motifs,249,260037,7,14180369,14180371,260038,5,14180378,14180379,-9223372036854775807
N17A4_KV,centroid.motifs,250,260039,7,14180387,14180389,260040,5,14180396,14180397,-9223372036854775807
N17A4_KV,centroid.motifs,251,260041,7,14180405,14180407,260042,5,14180414,14180415,-9223372036854775807
N17A4_KV,centroid.motifs,252,260043,7,14180423,14180425,260044,5,14180432,14180433,-9223372036854775807
N17A4_KV,centroid.motifs,253,260045,7,14180441,14180443,260046,5,14180450,14180451,-9223372036854775807
N17A4_KV,centroid.motifs,254,260047,7,14180459,14180461,260048,5,14180468,14180469,-9223372036854775807
N17A4_KV,centroid.motifs,255,260049,7,14180477,14180479,260050,5,14180486,14180487,-9223372036854775807
N17A4_KV,centroid.motifs,256,260051,7,14180495,14180497,260052,5,14180504,14180505,-9223372036854775807
N17A4_KV,centroid.motifs,257,260053,7,14180513,14180515,260054,5,14180522,14180523,-9223372036854775807
N17A4_KV,centroid.motifs,258,260055,7,14180531,14180533,260056,5,14180540,14180541,-9223372036854775807
N17A4_KV,centroid.motifs,259,260057,7,14180549,14180551,260058,5,14180558,14180559,-9223372036854775807
N17A4_KV,centroid.motifs,260,260059,7,14180567,14180569,260060,5,14180576,14180577,-9223372036854775807
N17A4_KV,centroid.motifs,261,260061,7,14180585,14180587,260062,5,14180594,14180595,-9223372036854775807
N17A4_KV,centroid.motifs,262,260063,7,14180603,14180605,260064,5,14180612,14180613,-9223372036854775807
N17A4_KV,centroid.motifs,263,260065,7,14180621,14180623,260066,5,14180630,14180631,-9223372036854775807
N17A4_KV,centroid.motifs,264,260067,7,14180639,14180641,260068,5,14180648,14180649,-9223372036854775807
N17A4_KV,centroid.motifs,265,260069,7,14180657,14180659,260070,5,14180666,14180667,-9223372036854775807
N17A4_KV,centroid.motifs,266,260071,7,14180675,14180677,260072,5,14180684,14180685,-9223372036854775807
N17A4_KV,centroid.motifs,267,260073,7,14180693,14180695,260074,5,14180702,14180703,-9223372036854775807
N17A4_KV,centroid.motifs,268,260075,7,14180711,14180713,260076,5,14180720,14180721,-9223372036854775807
N17A4_KV,centroid.motifs,269,260077,7,14180729,14180731,260078,5,14180738,14180739,-9223372036854775807
N17A4_KV,centroid.motifs,270,260079,7,14180747,14180749,260080,5,14180756,14180757,-9223372036854775807
N17A4_KV,centroid.motifs,271,260081,7,14180765,14180767,260082,5,14180774,14180775,-9223372036854775807
N17A4_KV,centroid.motifs,272,260083,7,14180783,14180785,260084,5,14180792,14180793,-9223372036854775807
N17A4_KV,centroid.motifs,273,260085,7,14180801,14180803,260086,5,14180810,14180811,-9223372036854775807
N17A4_KV,centroid.motifs,274,260087,7,14180819,14180821,260088,5,14180828,14180829,-9223372036854775807
N17A4_KV,centroid.motifs,275,260089,7,14180837,14180839,260090,5,14180846,14180847,-9223372036854775807
N17A4_KV,centroid.motifs,276,260091,7,14180855,14180857,260092,5,14180864,14180865,-9223372036854775807
N17A4_KV,centroid.motifs,277,260093,7,14180873,14180875,260094,5,14180882,14180883,-9223372036854775807
N17A4_KV,centroid.motifs,278,260095,7,14180891,14180893,260096,5,14180900,14180901,-9223372036854775807
N17A4_KV,centroid.motifs,279,260097,7,14180909,14180911,260098,5,14180918,14180919,-9223372036854775807
N17A4_KV,centroid.motifs,280,260099,7,14180927,14180929,260100,5,14180936,14180937,-9223372036854775807
N17A4_KV,centroid.motifs,281,260101,7,14180945,14180947,260102,5,14180954,14180955,-9223372036854775807
N17A4_KV,centroid.motifs,282,260103,7,14180963,14180965,260104,5,14180972,14180973,-9223372036854775807
N17A4_KV,centroid.motifs,283,260105,7,14180981,14180983,260106,5,14180990,14180991,-9223372036854775807
N17A4_KV,centroid.motifs,284,260107,7,14180999,14181001,260108,5,14181008,14181009,-9223372036854775807
N17A4_KV,centroid.motifs,285,260109,7,14181017,14181019,260110,5,14181026,14181027,-9223372036854775807
N17A4_KV,centroid.motifs,286,260111,7,14181035,14181037,260112,5,14181044,14181045,-9223372036854775807
N17A4_KV,centroid.motifs,287,260113,7,14181053,14181055,260114,5,14181062,14181063,-9223372036854775807
N17A4_KV,centroid.motifs,288,260115,7,14181071,14181073,260116,5,14181080,14181081,-9223372036854775807
N17A4_KV,centroid.motifs,289,260117,7,14181089,14181091,260118,5,14181098,14181099,-9223372036854775807
N17A4_KV,centroid.motifs,290,260119,7,14181107,14181109,260120,5,14181116,14181117,-9223372036854775807
N17A4_KV,centroid.motifs,291,260121,7,14181125,14181127,260122,5,14181134,14181135,-9223372036854775807
N17A4_KV,centroid.motifs,292,260123,7,14181143,14181145,260124,5,14181152,14181153,-9223372036854775807
N17A4_KV,centroid.motifs,293,260125,7,14181161,14181163,260126,5,14181170,14181171,-9223372036854775807
N17A4_KV,centroid.motifs,294,260127,7,14181179,14181181,260128,5,14181188,14181189,-9223372036854775807
N17A4_KV,centroid.motifs,295,260129,7,14181197,14181199,260130,5,14181206,14181207,-9223372036854775807
N17A4_KV,centroid.motifs,296,260131,7,14181215,14181217,260132,5,14181224,14181225,-9223372036854775807
N17A4_KV,centroid.motifs,297,260133,7,14181233,14181235,260134,5,14181242,14181243,-9223372036854775807
N17A4_KV,centroid.motifs,298,260135,7,14181251,14181253,260136,5,14181260,14181261,-9223372036854775807
N17A4_KV,centroid.motifs,299,260137,7,14181269,14181271,260138,5,14181278,14181279,-9223372036854775807
N17A4_KV,centroid.motifs,300,260139,7,14181287,14181289,260140,5,14181296,14181297,-9223372036854775807
N17A4_KV,centroid.motifs,301,260141,7,14181305,14181307,260142,5,14181314,14181315,-9223372036854775807
N17A4_KV,centroid.motifs,302,260143,7,14181323,14181325,260144,5,14181332,14181333,-9223372036854775807
N17A4_KV,centroid.motifs,303,260145,7,14181341,14181343,260146,5,14181350,14181351,-9223372036854775807
N17A4_KV,centroid.motifs,304,260147,7,14181359,14181361,260148,5,14181368,14181369,-9223372036854775807
N17A4_KV,centroid.motifs,305,260149,7,14181377,14181379,260150,5,14181386,14181387,-9223372036854775807
N17A4_KV,centroid.motifs,306,260151,7,14181395,14181397,260152,5,14181404,14181405,-9223372036854775807
N17A4_KV,centroid.motifs,307,260153,7,14181413,14181415,260154,5,14181418,14181419,-9223372036854775807
N17A4_KV,centroid.motifs,308,260155,7,14181427,14181429,260156,5,14181432,14181433,-9223372036854775807
N17A4_KV,centroid.motifs,309,260157,7,14181441,14181443,260158,5,14181446,14181447,-9223372036854775807
N17A4_KV,centroid.motifs,310,260159,7,14181455,14181457,260160,5,14181460,14181461,-9223372036854775807
N17A4_KV,centroid.motifs,311,260161,7,14181469,14181471,260162,5,14181474,14181475,-9223372036854775807
N17A4_KV,centroid.motifs,312,260163,7,14181483,14181485,260164,5,14181488,14181489,-9223372036854775807
N17A4_KV,centroid.motifs,313,260165,7,14181497,14181499,260166,5,14181502,14181503,-9223372036854775807
N17A4_KV,centroid.motifs,314,260167,7,14181511,14181513,260168,5,14181516,14181517,-9223372036854775807
N17A4_KV,centroid.motifs,315,260169,7,14181525,14181527,260170,5,14181530,14181531,-9223372036854775807
N17A4_KV,centroid.motifs,316,260171,7,14181539,14181541,260172,5,14181544,14181545,-9223372036854775807
N17A4_KV,centroid.motifs,317,260173,7,14181553,14181555,260174,5,14181558,14181559,-9223372036854775807
N17A4_KV,centroid.motifs,318,260175,7,14181567,14181569,260176,5,14181572,14181573,-9223372036854775807
N17A4_KV,centroid.motifs,319,260177,7,14181581,14181583,260178,5,14181586,14181587,-9223372036854775807
N17A4_KV,centroid.motifs,320,260179,7,14181595,14181597,260180,5,14181600,14181601,-9223372036854775807
N17A4_KV,centroid.motifs,321,260181,7,14181609,14181611,260182,5,14181614,14181615,-9223372036854775807
N17A4_KV,centroid.motifs,322,260183,7,14181623,14181625,260184,5,14181628,14181629,-9223372036854775807
N17A4_KV,centroid.motifs,323,260185,7,14181637,14181639,260186,5,14181642,14181643,-9223372036854775807
N17A4_KV,centroid.motifs,324,260187,7,14181651,14181653,260188,5,14181656,14181657,-9223372036854775807
N17A4_KV,centroid.motifs,325,260189,7,14181665,14181667,260190,5,14181670,14181671,-9223372036854775807
N17A4_KV,centroid.motifs,326,260191,7,14181679,14181681,260192,5,14181684,14181685,-9223372036854775807
N17A4_KV,centroid.motifs,327,260193,7,14181693,14181695,260194,5,14181698,14181699,-9223372036854775807
N17A4_KV,centroid.motifs,328,260195,7,14181707,14181709,260196,5,14181712,14181713,-9223372036854775807
N17A4_KV,centroid.motifs,329,260197,7,14181721,14181723,260198,5,14181726,14181727,-9223372036854775807
N17A4_KV,centroid.motifs,330,260199,7,14181735,14181737,260200,5,14181740,14181741,-9223372036854775807
N17A4_KV,centroid.motifs,331,260201,7,14181749,14181751,260202,5,14181754,14181755,-9223372036854775807
N17A4_KV,centroid.motifs,332,260203,7,14181763,14181765,260204,5,14181768,14181769,-9223372036854775807
N17A4_KV,centroid.motifs,333,260205,7,14181777,14181779,260206,5,14181782,14181783,-9223372036854775807
N17A4_KV,centroid.motifs,334,260207,7,14181791,14181793,260208,5,14181796,14181797,-9223372036854775807
N17A4_KV,centroid.motifs,335,260209,7,14181805,14181807,260210,5,14181810,14181811,-9223372036854775807
N17A4_KV,centroid.motifs,336,260211,7,14181819,14181821,260212,5,14181824,14181825,-9223372036854775807
N17A4_KV,centroid.motifs,337,260213,7,14181833,14181835,260214,5,14181839,14181840,-9223372036854775807
N17A4_KV,centroid.motifs,338,260215,7,14181848,14181850,260216,5,14181854,14181855,-9223372036854775807
N17A4_KV,centroid.motifs,339,260217,7,14181863,14181865,260218,5,14181869,14181870,-9223372036854775807
N17A4_KV,centroid.motifs,340,260219,7,14181878,14181880,260220,5,14181884,14181885,-9223372036854775807
N17A4_KV,centroid.motifs,341,260221,7,14181893,14181895,260222,5,14181899,14181900,-9223372036854775807
N17A4_KV,centroid.motifs,342,260223,7,14181908,14181910,260224,5,14181914,14181915,-9223372036854775807
N17A4_KV,centroid.motifs,343,260225,7,14181923,14181925,260226,5,14181929,14181930,-9223372036854775807
N17A4_KV,centroid.motifs,344,260227,7,14181938,14181940,260228,5,14181944,14181945,-9223372036854775807
N17A4_KV,centroid.motifs,345,260229,7,14181953,14181955,260230,5,14181959,14181960,-9223372036854775807
N17A4_KV,centroid.motifs,346,260231,7,14181968,14181970,260232,5,14181974,14181975,-9223372036854775807
N17A4_KV,centroid.motifs,347,260233,7,14181983,14181985,260234,5,14181989,14181990,-9223372036854775807
N17A4_KV,centroid.motifs,348,260235,7,14181998,14182000,260236,5,14182004,14182005,-9223372036854775807
N17A4_KV,centroid.motifs,349,260237,7,14182013,14182015,260238,5,14182019,14182020,-9223372036854775807
N17A4_KV,centroid.motifs,350,260239,7,14182028,14182030,260240,5,14182034,14182035,-9223372036854775807
N17A4_KV,centroid.motifs,351,260241,7,14182043,14182045,260242,5,14182049,14182050,-9223372036854775807
N17A4_KV,centroid.motifs,352,260243,7,14182058,14182060,260244,5,14182064,14182065,-9223372036854775807
N17A4_KV,centroid.motifs,353,260245,7,14182073,14182075,260246,5,14182079,14182080,-9223372036854775807
N17A4_KV,centroid.motifs,354,260247,7,14182088,14182090,260248,5,14182094,14182095,-9223372036854775807
N17A4_KV,centroid.motifs,355,260249,7,14182103,14182105,260250,5,14182109,14182110,-9223372036854775807
N17A4_KV,centroid.motifs,356,260251,7,14182118,14182120,260252,5,14182124,14182125,-9223372036854775807
N17A4_KV,centroid.motifs,357,260253,7,14182133,14182135,260254,5,14182139,14182140,-9223372036854775807
N17A4_KV,centroid.motifs,358,260255,7,14182148,14182150,260256,5,14182154,14182155,-9223372036854775807
N17A4_KV,centroid.motifs,359,260257,7,14182163,14182165,260258,5,14182169,14182170,-9223372036854775807
N17A4_KV,centroid.motifs,360,260259,7,14182178,14182180,260260,5,14182184,14182185,-9223372036854775807
N17A4_KV,centroid.motifs,361,260261,7,14182193,14182195,260262,5,14182199,14182200,-9223372036854775807
N17A4_KV,centroid.motifs,362,260263,7,14182208,14182210,260264,5,14182214,14182215,-9223372036854775807
N17A4_KV,centroid.motifs,363,260265,7,14182223,14182225,260266,5,14182229,14182230,-9223372036854775807
N17A4_KV,centroid.motifs,364,260267,7,14182238,14182240,260268,5,14182244,14182245,-9223372036854775807
N17A4_KV,centroid.motifs,365,260269,7,14182253,14182255,260270,5,14182259,14182260,-9223372036854775807
N17A4_KV,centroid.motifs,366,260271,7,14182268,14182270,260272,5,14182274,14182275,-9223372036854775807
N17A4_KV,centroid.motifs,367,260273,7,14182283,14182285,260274,5,14182289,14182290,-9223372036854775807
N17A4_KV,centroid.motifs,368,260275,7,14182298,14182300,260276,5,14182304,14182305,-9223372036854775807
N17A4_KV,centroid.motifs,369,260277,7,14182313,14182315,260278,5,14182319,14182320,-9223372036854775807
N17A4_KV,centroid.motifs,370,260279,7,14182328,14182330,260280,5,14182334,14182335,-9223372036854775807
N17A4_KV,centroid.motifs,371,260281,7,14182343,14182345,260282,5,14182349,14182350,-9223372036854775807
N17A4_KV,centroid.motifs,372,260283,7,14182358,14182360,260284,5,14182364,14182365,-9223372036854775807
N17A4_KV,centroid.motifs,373,260285,7,14182373,14182375,260286,5,14182379,14182380,-9223372036854775807
N17A4_KV,centroid.motifs,374,260287,7,14182388,14182390,260288,5,14182394,14182395,-9223372036854775807
N17A4_KV,centroid.motifs,375,260289,7,14182403,14182405,260290,5,14182409,14182410,-9223372036854775807
N17A4_KV,centroid.motifs,376,260291,7,14182418,14182420,260292,5,14182424,14182425,-9223372036854775807
N17A4_KV,centroid.motifs,377,260293,7,14182433,14182435,260294,5,14182439,14182440,-9223372036854775807
N17A4_KV,centroid.motifs,378,260295,7,14182448,14182450,260296,5,14182454,14182455,-9223372036854775807
N17A4_KV,centroid.motifs,379,260297,7,14182463,14182465,260298,5,14182469,14182470,-9223372036854775807
N17A4_KV,centroid.motifs,380,260299,7,14182478,14182480,260300,5,14182484,14182485,-9223372036854775807
N17A4_KV,centroid.motifs,381,260301,7,14182493,14182495,260302,5,14182499,14182500,-9223372036854775807
N17A4_KV,centroid.motifs,382,260303,7,14182508,14182510,260304,5,14182514,14182515,-9223372036854775807
N17A4_KV,centroid.motifs,383,260305,7,14182523,14182525,260306,5,14182529,14182530,-9223372036854775807
N17A4_KV,centroid.motifs,384,260307,7,14182538,14182540,260308,5,14182544,14182545,-9223372036854775807
N17A4_KV,centroid.motifs,385,260309,7,14182553,14182555,260310,5,14182559,14182560,-9223372036854775807
N17A4_KV,centroid.motifs,386,260311,7,14182568,14182570,260312,5,14182574,14182575,-9223372036854775807
N17A4_KV,centroid.motifs,387,260313,7,14182583,14182585,260314,5,14182589,14182590,-9223372036854775807
N17A4_KV,centroid.motifs,388,260315,7,14182598,14182600,260316,5,14182604,14182605,-9223372036854775807
N17A4_KV,centroid.motifs,389,260317,7,14182613,14182615,260318,5,14182619,14182620,-9223372036854775807
N17A4_KV,centroid.motifs,390,260319,7,14182628,14182630,260320,5,14182635,14182636,-9223372036854775807
N17A4_KV,centroid.motifs,391,260321,7,14182644,14182646,260322,5,14182651,14182652,-9223372036854775807
N17A4_KV,centroid.motifs,392,260323,7,14182660,14182662,260324,5,14182667,14182668,-9223372036854775807
N17A4_KV,centroid.motifs,393,260325,7,14182676,14182678,260326,5,14182683,14182684,-9223372036854775807
N17A4_KV,centroid.motifs,394,260327,7,14182692,14182694,260328,5,14182699,14182700,-9223372036854775807
N17A4_KV,centroid.motifs,395,260329,7,14182708,14182710,260330,5,14182715,14182716,-9223372036854775807
N17A4_KV,centroid.motifs,396,260331,7,14182724,14182726,260332,5,14182731,14182732,-9223372036854775807
N17A4_KV,centroid.motifs,397,260333,7,14182740,14182742,260334,5,14182747,14182748,-9223372036854775807
N17A4_KV,centroid.motifs,398,260335,7,14182756,14182758,260336,5,14182763,14182764,-9223372036854775807
N17A4_KV,centroid.motifs,399,260337,7,14182772,14182774,260338,5,14182779,14182780,-9223372036854775807
N17A4_KV,centroid.motifs,400,260339,7,14182788,14182790,260340,5,14182795,14182796,-9223372036854775807
N17A4_KV,centroid.motifs,401,260341,7,14182804,14182806,260342,5,14182811,14182812,-9223372036854775807
N17A4_KV,centroid.motifs,402,260343,7,14182820,14182822,260344,5,14182827,14182828,-9223372036854775807
N17A4_KV,centroid.motifs,403,260345,7,14182836,14182838,260346,5,14182843,14182844,-9223372036854775807
N17A4_KV,centroid.motifs,404,260347,7,14182852,14182854,260348,5,14182859,14182860,-9223372036854775807
N17A4_KV,centroid.motifs,405,260349,7,14182868,14182870,260350,5,14182875,14182876,-9223372036854775807
N17A4_KV,centroid.motifs,406,260351,7,14182884,14182886,260352,5,14182891,14182892,-9223372036854775807
N17A4_KV,centroid.motifs,407,260353,7,14182900,14182902,260354,5,14182907,14182908,-9223372036854775807
N17A4_KV,centroid.motifs,408,260355,7,14182916,14182918,260356,5,14182923,14182924,-9223372036854775807
N17A4_KV,centroid.motifs,409,260357,7,14182932,14182934,260358,5,14182939,14182940,-9223372036854775807
N17A4_KV,centroid.motifs,410,260359,7,14182948,14182950,260360,5,14182955,14182956,-9223372036854775807
N17A4_KV,centroid.motifs,411,260361,7,14182964,14182966,260362,5,14182971,14182972,-9223372036854775807
N17A4_KV,centroid.motifs,412,260363,7,14182980,14182982,260364,5,14182987,14182988,-9223372036854775807
N17A4_KV,centroid.motifs,413,260365,7,14182996,14182998,260366,5,14183003,14183004,-9223372036854775807
N17A4_KV,centroid.motifs,414,260367,7,14183012,14183014,260368,5,14183019,14183020,-9223372036854775807
N17A4_KV,centroid.motifs,415,260369,7,14183028,14183030,260370,5,14183035,14183036,-9223372036854775807
N17A4_KV,centroid.motifs,416,260371,7,14183044,14183046,260372,5,14183051,14183052,-9223372036854775807
N17A4_KV,centroid.motifs,417,260373,7,14183060,14183062,260374,5,14183067,14183068,-9223372036854775807
N17A4_KV,centroid.motifs,418,260375,7,14183076,14183078,260376,5,14183083,14183084,-9223372036854775807
N17A4_KV,centroid.motifs,419,260377,7,14183092,14183094,260378,5,14183099,14183100,-9223372036854775807
N17A4_KV,centroid.motifs,420,260379,7,14183108,14183110,260380,5,14183115,14183116,-9223372036854775807
N17A4_KV,centroid.motifs,421,260381,7,14183124,14183126,260382,5,14183131,14183132,-9223372036854775807
N17A4_KV,centroid.motifs,422,260383,7,14183140,14183142,260384,5,14183147,14183148,-9223372036854775807
N17A4_KV,centroid.motifs,423,260385,7,14183156,14183158,260386,5,14183163,14183164,-9223372036854775807
N17A4_KV,centroid.motifs,424,260387,7,14183172,14183174,260388,5,14183179,14183180,-9223372036854775807
N17A4_KV,centroid.motifs,425,260389,7,14183188,14183190,260390,5,14183195,14183196,-9223372036854775807
N17A4_KV,centroid.motifs,426,260391,7,14183204,14183206,260392,5,14183211,14183212,-9223372036854775807
N17A4_KV,centroid.motifs,427,260393,7,14183220,14183222,260394,5,14183227,14183228,-9223372036854775807
N17A4_KV,centroid.motifs,428,260395,7,14183236,14183238,260396,5,14183243,14183244,-9223372036854775807
N17A4_KV,centroid.motifs,429,260397,7,14183252,14183254,260398,5,14183259,14183260,-9223372036854775807
N17A4_KV,centroid.motifs,430,260399,7,14183268,14183270,260400,5,14183275,14183276,-9223372036854775807
N17A4_KV,centroid.motifs,431,260401,7,14183284,14183286,260402,5,14183291,14183292,-9223372036854775807
N17A4_KV,centroid.motifs,432,260403,7,14183300,14183302,260404,5,14183307,14183308,-9223372036854775807
N17A4_KV,centroid.motifs,433,260405,7,14183316,14183318,260406,5,14183323,14183324,-9223372036854775807
N17A4_KV,centroid.motifs,434,260407,7,14183332,14183334,260408,5,14183339,14183340,-9223372036854775807
N17A4_KV,centroid.motifs,435,260409,7,14183348,14183350,260410,5,14183355,14183356,-9223372036854775807
N17A4_KV,centroid.motifs,436,260411,7,14183364,14183366,260412,5,14183371,14183372,-9223372036854775807
N17A4_KV,centroid.motifs,437,260413,7,14183380,14183382,260414,5,14183387,14183388,-9223372036854775807
N17A4_KV,centroid.motifs,438,260415,7,14183396,14183398,260416,5,14183403,14183404,-9223372036854775807
N17A4_KV,centroid.motifs,439,260417,7,14183412,14183414,260418,5,14183419,14183420,-9223372036854775807
N17A4_KV,centroid.motifs,440,260419,7,14183428,14183430,260420,5,14183435,14183436,-9223372036854775807
N17A4_KV,centroid.motifs,441,260421,7,14183444,14183446,260422,5,14183451,14183452,-9223372036854775807
N17A4_KV,centroid.motifs,442,260423,7,14183460,14183462,260424,5,14183467,14183468,-9223372036854775807
N17A4_KV,centroid.motifs,443,260425,7,14183476,14183478,260426,5,14183483,14183484,-9223372036854775807
N17A4_KV,centroid.motifs,444,260427,7,14183492,14183494,260428,5,14183499,14183500,-9223372036854775807
N17A4_KV,centroid.motifs,445,260429,7,14183508,14183510,260430,5,14183515,14183516,-9223372036854775807
N17A4_KV,centroid.motifs,446,260431,7,14183524,14183526,260432,5,14183531,14183532,-9223372036854775807
N17A4_KV,centroid.motifs,447,260433,7,14183540,14183542,260434,5,14183547,14183548,-9223372036854775807
N17A4_KV,centroid.motifs,448,260435,7,14183556,14183558,260436,5,14183563,14183564,-9223372036854775807
N17A4_KV,centroid.motifs,449,260437,7,14183572,14183574,260438,5,14183579,14183580,-9223372036854775807
N17A4_KV,centroid.motifs,450,260439,7,14183588,14183590,260440,5,14183595,14183596,-9223372036854775807
N17A4_KV,centroid.motifs,451,260441,7,14183604,14183606,260442,5,14183611,14183612,-9223372036854775807
N17A4_KV,centroid.motifs,452,260443,7,14183620,14183622,260444,5,14183628,14183629,-9223372036854775807
N17A4_KV,centroid.motifs,453,260445,7,14183637,14183639,260446,5,14183645,14183646,-9223372036854775807
N17A4_KV,centroid.motifs,454,260447,7,14183654,14183656,260448,5,14183662,14183663,-9223372036854775807
N17A4_KV,centroid.motifs,455,260449,7,14183671,14183673,260450,5,14183679,14183680,-9223372036854775807
N17A4_KV,centroid.motifs,456,260451,7,14183688,14183690,260452,5,14183696,14183697,-9223372036854775807
N17A4_KV,centroid.motifs,457,260453,7,14183705,14183707,260454,5,14183713,14183714,-9223372036854775807
N17A4_KV,centroid.motifs,458,260455,7,14183722,14183724,260456,5,14183730,14183731,-9223372036854775807
N17A4_KV,centroid.motifs,459,260457,7,14183739,14183741,260458,5,14183747,14183748,-9223372036854775807
N17A4_KV,centroid.motifs,460,260459,7,14183756,14183758,260460,5,14183764,14183765,-9223372036854775807
N17A4_KV,centroid.motifs,461,260461,7,14183773,14183775,260462,5,14183781,14183782,-9223372036854775807
N17A4_KV,centroid.motifs,462,260463,7,14183790,14183792,260464,5,14183798,14183799,-9223372036854775807
N17A4_KV,centroid.motifs,463,260465,7,14183807,14183809,260466,5,14183815,14183816,-9223372036854775807
N17A4_KV,centroid.motifs,464,260467,7,14183824,14183826,260468,5,14183832,14183833,-9223372036854775807
N17A4_KV,centroid.motifs,465,260469,7,14183841,14183843,260470,5,14183849,14183850,-9223372036854775807
N17A4_KV,centroid.motifs,466,260471,7,14183858,14183860,260472,5,14183866,14183867,-9223372036854775807
N17A4_KV,centroid.motifs,467,260473,7,14183875,14183877,260474,5,14183883,14183884,-9223372036854775807
N17A4_KV,centroid.motifs,468,260475,7,14183892,14183894,260476,5,14183900,14183901,-9223372036854775807
N17A4_KV,centroid.motifs,469,260477,7,14183909,14183911,260478,5,14183917,14183918,-9223372036854775807
N17A4_KV,centroid.motifs,470,260479,7,14183926,14183928,260480,5,14183934,14183935,-9223372036854775807
N17A4_KV,centroid.motifs,471,260481,7,14183943,14183945,260482,5,14183951,14183952,-9223372036854775807
N17A4_KV,centroid.motifs,472,260483,7,14183960,14183962,260484,5,14183968,14183969,-9223372036854775807
N17A4_KV,centroid.motifs,473,260485,7,14183977,14183979,260486,5,14183985,14183986,-9223372036854775807
N17A4_KV,centroid.motifs,474,260487,7,14183994,14183996,260488,5,14184002,14184003,-9223372036854775807
N17A4_KV,centroid.motifs,475,260489,7,14184011,14184013,260490,5,14184019,14184020,-9223372036854775807
N17A4_KV,centroid.motifs,476,260491,7,14184028,14184030,260492,5,14184036,14184037,-9223372036854775807
N17A4_KV,centroid.motifs,477,260493,7,14184045,14184047,260494,5,14184053,14184054,-9223372036854775807
N17A4_KV,centroid.motifs,478,260495,7,14184062,14184064,260496,5,14184070,14184071,-9223372036854775807
N17A4_KV,centroid.motifs,479,260497,7,14184079,14184081,260498,5,14184087,14184088,-9223372036854775807
N17A4_KV,centroid.motifs,480,260499,7,14184096,14184098,260500,5,14184104,14184105,-9223372036854775807
N17A4_KV,centroid.motifs,481,260501,7,14184113,14184115,260502,5,14184121,14184122,-9223372036854775807
N17A4_KV,centroid.motifs,482,260503,7,14184130,14184132,260504,5,14184138,14184139,-9223372036854775807
N17A4_KV,centroid.motifs,483,260505,7,14184147,14184149,260506,5,14184155,14184156,-9223372036854775807
N17A4_KV,centroid.motifs,484,260507,7,14184164,14184166,260508,5,14184172,14184173,-9223372036854775807
N17A4_KV,centroid.motifs,485,260509,7,14184181,14184183,260510,5,14184189,14184190,-9223372036854775807
N17A4_KV,centroid.motifs,486,260511,7,14184198,14184200,260512,5,14184206,14184207,-9223372036854775807
N17A4_KV,centroid.motifs,487,260513,7,14184215,14184217,260514,5,14184223,14184224,-9223372036854775807
N17A4_KV,centroid.motifs,488,260515,7,14184232,14184234,260516,5,14184240,14184241,-9223372036854775807
N17A4_KV,centroid.motifs,489,260517,7,14184249,14184251,260518,5,14184257,14184258,-9223372036854775807
N17A4_KV,centroid.motifs,490,260519,7,14184266,14184268,260520,5,14184274,14184275,-9223372036854775807
N17A4_KV,centroid.motifs,491,260521,7,14184283,14184285,260522,5,14184291,14184292,-9223372036854775807
N17A4_KV,centroid.motifs,492,260523,7,14184300,14184302,260524,5,14184308,14184309,-9223372036854775807
N17A4_KV,centroid.motifs,493,260525,7,14184317,14184319,260526,5,14184325,14184326,-9223372036854775807
N17A4_KV,centroid.motifs,494,260527,7,14184334,14184336,260528,5,14184342,14184343,-9223372036854775807
N17A4_KV,centroid.motifs,495,260529,7,14184351,14184353,260530,5,14184359,14184360,-9223372036854775807
N17A4_KV,centroid.motifs,496,260531,7,14184368,14184370,260532,5,14184376,14184377,-9223372036854775807
N17A4_KV,centroid.motifs,497,260533,7,14184385,14184387,260534,5,14184393,14184394,-9223372036854775807
N17A4_KV,centroid.motifs,498,260535,7,14184402,14184404,260536,5,14184410,14184411,-9223372036854775807
N17A4_KV,centroid.motifs,499,260537,7,14184419,14184421,260538,5,14184427,14184428,-9223372036854775807
N17A4_KV,centroid.motifs,500,260539,7,14184436,14184438,260540,5,14184444,14184445,-9223372036854775807
N17A4_KV,centroid.motifs,501,260541,7,14184453,14184455,260542,5,14184461,14184462,-9223372036854775807
N17A4_KV,centroid.motifs,502,260543,7,14184470,14184472,260544,5,14184478,14184479,-9223372036854775807
N17A4_KV,centroid.motifs,503,260545,7,14184487,14184489,260546,5,14184495,14184496,-9223372036854775807
N17A4_KV,centroid.motifs,504,260547,7,14184504,14184506,260548,5,14184512,14184513,-9223372036854775807
N17A4_KV,centroid.motifs,505,260549,7,14184521,14184523,260550,5,14184529,14184530,-9223372036854775807
N17A4_KV,centroid.motifs,506,260551,7,14184538,14184540,260552,5,14184546,14184547,-9223372036854775807
N17A4_KV,centroid.motifs,507,260553,7,14184555,14184557,260554,5,14184563,14184564,-9223372036854775807
N17A4_KV,centroid.motifs,508,260555,7,14184572,14184574,260556,5,14184580,14184581,-9223372036854775807
N17A4_KV,centroid.motifs,509,260557,7,14184589,14184591,260558,5,14184597,14184598,-9223372036854775807
N17A4_KV,centroid.motifs,510,260559,7,14184606,14184608,260560,5,14184614,14184615,-9223372036854775807
N17A4_KV,centroid.motifs,511,260561,7,14184623,14184625,260562,5,14184631,14184632,-9223372036854775807
N17A4_DICT,centroid.motifs,264522,264522,11,3011
N17A4_KV,centroid.motifs,0,264523,7,14217494,14217496,264524,5,14217499,14217500,-9223372036854775807
N17A4_KV,centroid.motifs,1,264525,7,14217508,14217510,264526,5,14217513,14217514,-9223372036854775807
N17A4_KV,centroid.motifs,2,264527,7,14217522,14217524,264528,5,14217527,14217528,-9223372036854775807
N17A4_KV,centroid.motifs,3,264529,7,14217536,14217538,264530,5,14217541,14217542,-9223372036854775807
N17A4_KV,centroid.motifs,4,264531,7,14217550,14217552,264532,5,14217555,14217556,-9223372036854775807
N17A4_KV,centroid.motifs,5,264533,7,14217564,14217566,264534,5,14217569,14217570,-9223372036854775807
N17A4_KV,centroid.motifs,6,264535,7,14217578,14217580,264536,5,14217583,14217584,-9223372036854775807
N17A4_KV,centroid.motifs,7,264537,7,14217592,14217594,264538,5,14217597,14217598,-9223372036854775807
N17A4_KV,centroid.motifs,8,264539,7,14217606,14217608,264540,5,14217611,14217612,-9223372036854775807
N17A4_KV,centroid.motifs,9,264541,7,14217620,14217622,264542,5,14217625,14217626,-9223372036854775807
N17A4_KV,centroid.motifs,10,264543,7,14217634,14217636,264544,5,14217639,14217640,-9223372036854775807
N17A4_KV,centroid.motifs,11,264545,7,14217648,14217650,264546,5,14217653,14217654,-9223372036854775807
N17A4_KV,centroid.motifs,12,264547,7,14217662,14217664,264548,5,14217667,14217668,-9223372036854775807
N17A4_KV,centroid.motifs,13,264549,7,14217676,14217678,264550,5,14217681,14217682,-9223372036854775807
N17A4_KV,centroid.motifs,14,264551,7,14217690,14217692,264552,5,14217695,14217696,-9223372036854775807
N17A4_KV,centroid.motifs,15,264553,7,14217704,14217706,264554,5,14217709,14217710,-9223372036854775807
N17A4_KV,centroid.motifs,16,264555,7,14217718,14217720,264556,5,14217723,14217724,-9223372036854775807
N17A4_KV,centroid.motifs,17,264557,7,14217732,14217734,264558,5,14217737,14217738,-9223372036854775807
N17A4_KV,centroid.motifs,18,264559,7,14217746,14217748,264560,5,14217751,14217752,-9223372036854775807
N17A4_KV,centroid.motifs,19,264561,7,14217760,14217762,264562,5,14217765,14217766,-9223372036854775807
N17A4_KV,centroid.motifs,20,264563,7,14217774,14217776,264564,5,14217779,14217780,-9223372036854775807
N17A4_KV,centroid.motifs,21,264565,7,14217788,14217790,264566,5,14217793,14217794,-9223372036854775807
N17A4_KV,centroid.motifs,22,264567,7,14217802,14217804,264568,5,14217807,14217808,-9223372036854775807
N17A4_KV,centroid.motifs,23,264569,7,14217816,14217818,264570,5,14217821,14217822,-9223372036854775807
N17A4_KV,centroid.motifs,24,264571,7,14217830,14217832,264572,5,14217835,14217836,-9223372036854775807
N17A4_KV,centroid.motifs,25,264573,7,14217844,14217846,264574,5,14217849,14217850,-9223372036854775807
N17A4_KV,centroid.motifs,26,264575,7,14217858,14217860,264576,5,14217863,14217864,-9223372036854775807
N17A4_KV,centroid.motifs,27,264577,7,14217872,14217874,264578,5,14217877,14217878,-9223372036854775807
N17A4_KV,centroid.motifs,28,264579,7,14217886,14217888,264580,5,14217891,14217892,-9223372036854775807
N17A4_KV,centroid.motifs,29,264581,7,14217900,14217902,264582,5,14217905,14217906,-9223372036854775807
N17A4_KV,centroid.motifs,30,264583,7,14217914,14217916,264584,5,14217919,14217920,-9223372036854775807
N17A4_KV,centroid.motifs,31,264585,7,14217928,14217930,264586,5,14217933,14217934,-9223372036854775807
N17A4_KV,centroid.motifs,32,264587,7,14217942,14217944,264588,5,14217947,14217948,-9223372036854775807
N17A4_KV,centroid.motifs,33,264589,7,14217956,14217958,264590,5,14217961,14217962,-9223372036854775807
N17A4_KV,centroid.motifs,34,264591,7,14217970,14217972,264592,5,14217975,14217976,-9223372036854775807
N17A4_KV,centroid.motifs,35,264593,7,14217984,14217986,264594,5,14217989,14217990,-9223372036854775807
N17A4_KV,centroid.motifs,36,264595,7,14217998,14218000,264596,5,14218003,14218004,-9223372036854775807
N17A4_KV,centroid.motifs,37,264597,7,14218012,14218014,264598,5,14218017,14218018,-9223372036854775807
N17A4_KV,centroid.motifs,38,264599,7,14218026,14218028,264600,5,14218031,14218032,-9223372036854775807
N17A4_KV,centroid.motifs,39,264601,7,14218040,14218042,264602,5,14218045,14218046,-9223372036854775807
N17A4_KV,centroid.motifs,40,264603,7,14218054,14218056,264604,5,14218068,14218069,-9223372036854775807
N17A4_KV,centroid.motifs,41,264605,7,14218077,14218079,264606,5,14218082,14218083,-9223372036854775807
N17A4_KV,centroid.motifs,42,264607,7,14218091,14218093,264608,5,14218096,14218097,-9223372036854775807
N17A4_KV,centroid.motifs,43,264609,7,14218105,14218107,264610,5,14218110,14218111,-9223372036854775807
N17A4_KV,centroid.motifs,44,264611,7,14218119,14218121,264612,5,14218124,14218125,-9223372036854775807
N17A4_KV,centroid.motifs,45,264613,7,14218133,14218135,264614,5,14218138,14218139,-9223372036854775807
N17A4_KV,centroid.motifs,46,264615,7,14218147,14218149,264616,5,14218152,14218153,-9223372036854775807
N17A4_KV,centroid.motifs,47,264617,7,14218161,14218163,264618,5,14218166,14218167,-9223372036854775807
N17A4_KV,centroid.motifs,48,264619,7,14218175,14218177,264620,5,14218180,14218181,-9223372036854775807
N17A4_KV,centroid.motifs,49,264621,7,14218189,14218191,264622,5,14218194,14218195,-9223372036854775807
N17A4_KV,centroid.motifs,50,264623,7,14218203,14218205,264624,5,14218208,14218209,-9223372036854775807
N17A4_KV,centroid.motifs,51,264625,7,14218217,14218219,264626,5,14218223,14218224,-9223372036854775807
N17A4_KV,centroid.motifs,52,264627,7,14218232,14218234,264628,5,14218238,14218239,-9223372036854775807
N17A4_KV,centroid.motifs,53,264629,7,14218247,14218249,264630,5,14218253,14218254,-9223372036854775807
N17A4_KV,centroid.motifs,54,264631,7,14218262,14218264,264632,5,14218268,14218269,-9223372036854775807
N17A4_KV,centroid.motifs,55,264633,7,14218277,14218279,264634,5,14218283,14218284,-9223372036854775807
N17A4_KV,centroid.motifs,56,264635,7,14218292,14218294,264636,5,14218298,14218299,-9223372036854775807
N17A4_KV,centroid.motifs,57,264637,7,14218307,14218309,264638,5,14218313,14218314,-9223372036854775807
N17A4_KV,centroid.motifs,58,264639,7,14218322,14218324,264640,5,14218328,14218329,-9223372036854775807
N17A4_KV,centroid.motifs,59,264641,7,14218337,14218339,264642,5,14218343,14218344,-9223372036854775807
N17A4_KV,centroid.motifs,60,264643,7,14218352,14218354,264644,5,14218358,14218359,-9223372036854775807
N17A4_KV,centroid.motifs,61,264645,7,14218367,14218369,264646,5,14218373,14218374,-9223372036854775807
N17A4_KV,centroid.motifs,62,264647,7,14218382,14218384,264648,5,14218388,14218389,-9223372036854775807
N17A4_KV,centroid.motifs,63,264649,7,14218397,14218399,264650,5,14218403,14218404,-9223372036854775807
N17A4_KV,centroid.motifs,64,264651,7,14218412,14218414,264652,5,14218418,14218419,-9223372036854775807
N17A4_KV,centroid.motifs,65,264653,7,14218427,14218429,264654,5,14218433,14218434,-9223372036854775807
N17A4_KV,centroid.motifs,66,264655,7,14218442,14218444,264656,5,14218448,14218449,-9223372036854775807
N17A4_KV,centroid.motifs,67,264657,7,14218457,14218459,264658,5,14218463,14218464,-9223372036854775807
N17A4_KV,centroid.motifs,68,264659,7,14218472,14218474,264660,5,14218478,14218479,-9223372036854775807
N17A4_KV,centroid.motifs,69,264661,7,14218487,14218489,264662,5,14218493,14218494,-9223372036854775807
N17A4_KV,centroid.motifs,70,264663,7,14218502,14218504,264664,5,14218508,14218509,-9223372036854775807
N17A4_KV,centroid.motifs,71,264665,7,14218517,14218519,264666,5,14218523,14218524,-9223372036854775807
N17A4_KV,centroid.motifs,72,264667,7,14218532,14218534,264668,5,14218538,14218539,-9223372036854775807
N17A4_KV,centroid.motifs,73,264669,7,14218547,14218549,264670,5,14218553,14218554,-9223372036854775807
N17A4_KV,centroid.motifs,74,264671,7,14218562,14218564,264672,5,14218568,14218569,-9223372036854775807
N17A4_KV,centroid.motifs,75,264673,7,14218577,14218579,264674,5,14218583,14218584,-9223372036854775807
N17A4_KV,centroid.motifs,76,264675,7,14218592,14218594,264676,5,14218598,14218599,-9223372036854775807
N17A4_KV,centroid.motifs,77,264677,7,14218607,14218609,264678,5,14218613,14218614,-9223372036854775807
N17A4_KV,centroid.motifs,78,264679,7,14218622,14218624,264680,5,14218628,14218629,-9223372036854775807
N17A4_KV,centroid.motifs,79,264681,7,14218637,14218639,264682,5,14218643,14218644,-9223372036854775807
N17A4_KV,centroid.motifs,80,264683,7,14218652,14218654,264684,5,14218658,14218659,-9223372036854775807
N17A4_KV,centroid.motifs,81,264685,7,14218667,14218669,264686,5,14218673,14218674,-9223372036854775807
N17A4_KV,centroid.motifs,82,264687,7,14218682,14218684,264688,5,14218688,14218689,-9223372036854775807
N17A4_KV,centroid.motifs,83,264689,7,14218697,14218699,264690,5,14218703,14218704,-9223372036854775807
N17A4_KV,centroid.motifs,84,264691,7,14218712,14218714,264692,5,14218718,14218719,-9223372036854775807
N17A4_KV,centroid.motifs,85,264693,7,14218727,14218729,264694,5,14218733,14218734,-9223372036854775807
N17A4_KV,centroid.motifs,86,264695,7,14218742,14218744,264696,5,14218748,14218749,-9223372036854775807
N17A4_KV,centroid.motifs,87,264697,7,14218757,14218759,264698,5,14218763,14218764,-9223372036854775807
N17A4_KV,centroid.motifs,88,264699,7,14218772,14218774,264700,5,14218778,14218779,-9223372036854775807
N17A4_KV,centroid.motifs,89,264701,7,14218787,14218789,264702,5,14218793,14218794,-9223372036854775807
N17A4_KV,centroid.motifs,90,264703,7,14218802,14218804,264704,5,14218808,14218809,-9223372036854775807
N17A4_KV,centroid.motifs,91,264705,7,14218817,14218819,264706,5,14218823,14218824,-9223372036854775807
N17A4_KV,centroid.motifs,92,264707,7,14218832,14218834,264708,5,14218838,14218839,-9223372036854775807
N17A4_KV,centroid.motifs,93,264709,7,14218847,14218849,264710,5,14218853,14218854,-9223372036854775807
N17A4_KV,centroid.motifs,94,264711,7,14218862,14218864,264712,5,14218868,14218869,-9223372036854775807
N17A4_KV,centroid.motifs,95,264713,7,14218877,14218879,264714,5,14218883,14218884,-9223372036854775807
N17A4_KV,centroid.motifs,96,264715,7,14218892,14218894,264716,5,14218898,14218899,-9223372036854775807
N17A4_KV,centroid.motifs,97,264717,7,14218907,14218909,264718,5,14218913,14218914,-9223372036854775807
N17A4_KV,centroid.motifs,98,264719,7,14218922,14218924,264720,5,14218928,14218929,-9223372036854775807
N17A4_KV,centroid.motifs,99,264721,7,14218937,14218939,264722,5,14218943,14218944,-9223372036854775807
N17A4_KV,centroid.motifs,100,264723,7,14218952,14218954,264724,5,14218958,14218959,-9223372036854775807
N17A4_KV,centroid.motifs,101,264725,7,14218967,14218969,264726,5,14218973,14218974,-9223372036854775807
N17A4_KV,centroid.motifs,102,264727,7,14218982,14218984,264728,5,14218988,14218989,-9223372036854775807
N17A4_KV,centroid.motifs,103,264729,7,14218997,14218999,264730,5,14219003,14219004,-9223372036854775807
N17A4_KV,centroid.motifs,104,264731,7,14219012,14219014,264732,5,14219018,14219019,-9223372036854775807
N17A4_KV,centroid.motifs,105,264733,7,14219027,14219029,264734,5,14219033,14219034,-9223372036854775807
N17A4_KV,centroid.motifs,106,264735,7,14219042,14219044,264736,5,14219048,14219049,-9223372036854775807
N17A4_KV,centroid.motifs,107,264737,7,14219057,14219059,264738,5,14219063,14219064,-9223372036854775807
N17A4_KV,centroid.motifs,108,264739,7,14219072,14219074,264740,5,14219078,14219079,-9223372036854775807
N17A4_KV,centroid.motifs,109,264741,7,14219087,14219089,264742,5,14219093,14219094,-9223372036854775807
N17A4_KV,centroid.motifs,110,264743,7,14219102,14219104,264744,5,14219108,14219109,-9223372036854775807
N17A4_KV,centroid.motifs,111,264745,7,14219117,14219119,264746,5,14219123,14219124,-9223372036854775807
N17A4_KV,centroid.motifs,112,264747,7,14219132,14219134,264748,5,14219138,14219139,-9223372036854775807
N17A4_KV,centroid.motifs,113,264749,7,14219147,14219149,264750,5,14219153,14219154,-9223372036854775807
N17A4_KV,centroid.motifs,114,264751,7,14219162,14219164,264752,5,14219168,14219169,-9223372036854775807
N17A4_KV,centroid.motifs,115,264753,7,14219177,14219179,264754,5,14219183,14219184,-9223372036854775807
N17A4_KV,centroid.motifs,116,264755,7,14219192,14219194,264756,5,14219198,14219199,-9223372036854775807
N17A4_KV,centroid.motifs,117,264757,7,14219207,14219209,264758,5,14219213,14219214,-9223372036854775807
N17A4_KV,centroid.motifs,118,264759,7,14219222,14219224,264760,5,14219228,14219229,-9223372036854775807
N17A4_KV,centroid.motifs,119,264761,7,14219237,14219239,264762,5,14219243,14219244,-9223372036854775807
N17A4_KV,centroid.motifs,120,264763,7,14219252,14219254,264764,5,14219259,14219260,-9223372036854775807
N17A4_KV,centroid.motifs,121,264765,7,14219268,14219270,264766,5,14219275,14219276,-9223372036854775807
N17A4_KV,centroid.motifs,122,264767,7,14219284,14219286,264768,5,14219291,14219292,-9223372036854775807
N17A4_KV,centroid.motifs,123,264769,7,14219300,14219302,264770,5,14219307,14219308,-9223372036854775807
N17A4_KV,centroid.motifs,124,264771,7,14219316,14219318,264772,5,14219323,14219324,-9223372036854775807
N17A4_KV,centroid.motifs,125,264773,7,14219332,14219334,264774,5,14219339,14219340,-9223372036854775807
N17A4_KV,centroid.motifs,126,264775,7,14219348,14219350,264776,5,14219355,14219356,-9223372036854775807
N17A4_KV,centroid.motifs,127,264777,7,14219364,14219366,264778,5,14219371,14219372,-9223372036854775807
N17A4_KV,centroid.motifs,128,264779,7,14219380,14219382,264780,5,14219387,14219388,-9223372036854775807
N17A4_KV,centroid.motifs,129,264781,7,14219396,14219398,264782,5,14219403,14219404,-9223372036854775807
N17A4_KV,centroid.motifs,130,264783,7,14219412,14219414,264784,5,14219419,14219420,-9223372036854775807
N17A4_KV,centroid.motifs,131,264785,7,14219428,14219430,264786,5,14219435,14219436,-9223372036854775807
N17A4_KV,centroid.motifs,132,264787,7,14219444,14219446,264788,5,14219451,14219452,-9223372036854775807
N17A4_KV,centroid.motifs,133,264789,7,14219460,14219462,264790,5,14219467,14219468,-9223372036854775807
N17A4_KV,centroid.motifs,134,264791,7,14219476,14219478,264792,5,14219483,14219484,-9223372036854775807
N17A4_KV,centroid.motifs,135,264793,7,14219492,14219494,264794,5,14219499,14219500,-9223372036854775807
N17A4_KV,centroid.motifs,136,264795,7,14219508,14219510,264796,5,14219515,14219516,-9223372036854775807
N17A4_KV,centroid.motifs,137,264797,7,14219524,14219526,264798,5,14219531,14219532,-9223372036854775807
N17A4_KV,centroid.motifs,138,264799,7,14219540,14219542,264800,5,14219547,14219548,-9223372036854775807
N17A4_KV,centroid.motifs,139,264801,7,14219556,14219558,264802,5,14219563,14219564,-9223372036854775807
N17A4_KV,centroid.motifs,140,264803,7,14219572,14219574,264804,5,14219579,14219580,-9223372036854775807
N17A4_KV,centroid.motifs,141,264805,7,14219588,14219590,264806,5,14219595,14219596,-9223372036854775807
N17A4_KV,centroid.motifs,142,264807,7,14219604,14219606,264808,5,14219611,14219612,-9223372036854775807
N17A4_KV,centroid.motifs,143,264809,7,14219620,14219622,264810,5,14219627,14219628,-9223372036854775807
N17A4_KV,centroid.motifs,144,264811,7,14219636,14219638,264812,5,14219643,14219644,-9223372036854775807
N17A4_KV,centroid.motifs,145,264813,7,14219652,14219654,264814,5,14219659,14219660,-9223372036854775807
N17A4_KV,centroid.motifs,146,264815,7,14219668,14219670,264816,5,14219675,14219676,-9223372036854775807
N17A4_KV,centroid.motifs,147,264817,7,14219684,14219686,264818,5,14219691,14219692,-9223372036854775807
N17A4_KV,centroid.motifs,148,264819,7,14219700,14219702,264820,5,14219707,14219708,-9223372036854775807
N17A4_KV,centroid.motifs,149,264821,7,14219716,14219718,264822,5,14219723,14219724,-9223372036854775807
N17A4_KV,centroid.motifs,150,264823,7,14219732,14219734,264824,5,14219739,14219740,-9223372036854775807
N17A4_KV,centroid.motifs,151,264825,7,14219748,14219750,264826,5,14219755,14219756,-9223372036854775807
N17A4_KV,centroid.motifs,152,264827,7,14219764,14219766,264828,5,14219771,14219772,-9223372036854775807
N17A4_KV,centroid.motifs,153,264829,7,14219780,14219782,264830,5,14219787,14219788,-9223372036854775807
N17A4_KV,centroid.motifs,154,264831,7,14219796,14219798,264832,5,14219803,14219804,-9223372036854775807
N17A4_KV,centroid.motifs,155,264833,7,14219812,14219814,264834,5,14219819,14219820,-9223372036854775807
N17A4_KV,centroid.motifs,156,264835,7,14219828,14219830,264836,5,14219835,14219836,-9223372036854775807
N17A4_KV,centroid.motifs,157,264837,7,14219844,14219846,264838,5,14219851,14219852,-9223372036854775807
N17A4_KV,centroid.motifs,158,264839,7,14219860,14219862,264840,5,14219867,14219868,-9223372036854775807
N17A4_KV,centroid.motifs,159,264841,7,14219876,14219878,264842,5,14219883,14219884,-9223372036854775807
N17A4_KV,centroid.motifs,160,264843,7,14219892,14219894,264844,5,14219899,14219900,-9223372036854775807
N17A4_KV,centroid.motifs,161,264845,7,14219908,14219910,264846,5,14219915,14219916,-9223372036854775807
N17A4_KV,centroid.motifs,162,264847,7,14219924,14219926,264848,5,14219931,14219932,-9223372036854775807
N17A4_KV,centroid.motifs,163,264849,7,14219940,14219942,264850,5,14219947,14219948,-9223372036854775807
N17A4_KV,centroid.motifs,164,264851,7,14219956,14219958,264852,5,14219963,14219964,-9223372036854775807
N17A4_KV,centroid.motifs,165,264853,7,14219972,14219974,264854,5,14219979,14219980,-9223372036854775807
N17A4_KV,centroid.motifs,166,264855,7,14219988,14219990,264856,5,14219995,14219996,-9223372036854775807
N17A4_KV,centroid.motifs,167,264857,7,14220004,14220006,264858,5,14220011,14220012,-9223372036854775807
N17A4_KV,centroid.motifs,168,264859,7,14220020,14220022,264860,5,14220027,14220028,-9223372036854775807
N17A4_KV,centroid.motifs,169,264861,7,14220036,14220038,264862,5,14220043,14220044,-9223372036854775807
N17A4_KV,centroid.motifs,170,264863,7,14220052,14220054,264864,5,14220059,14220060,-9223372036854775807
N17A4_KV,centroid.motifs,171,264865,7,14220068,14220070,264866,5,14220075,14220076,-9223372036854775807
N17A4_KV,centroid.motifs,172,264867,7,14220084,14220086,264868,5,14220091,14220092,-9223372036854775807
N17A4_KV,centroid.motifs,173,264869,7,14220100,14220102,264870,5,14220107,14220108,-9223372036854775807
N17A4_KV,centroid.motifs,174,264871,7,14220116,14220118,264872,5,14220123,14220124,-9223372036854775807
N17A4_KV,centroid.motifs,175,264873,7,14220132,14220134,264874,5,14220139,14220140,-9223372036854775807
N17A4_KV,centroid.motifs,176,264875,7,14220148,14220150,264876,5,14220155,14220156,-9223372036854775807
N17A4_KV,centroid.motifs,177,264877,7,14220164,14220166,264878,5,14220171,14220172,-9223372036854775807
N17A4_KV,centroid.motifs,178,264879,7,14220180,14220182,264880,5,14220187,14220188,-9223372036854775807
N17A4_KV,centroid.motifs,179,264881,7,14220196,14220198,264882,5,14220203,14220204,-9223372036854775807
N17A4_KV,centroid.motifs,180,264883,7,14220212,14220214,264884,5,14220219,14220220,-9223372036854775807
N17A4_KV,centroid.motifs,181,264885,7,14220228,14220230,264886,5,14220235,14220236,-9223372036854775807
N17A4_KV,centroid.motifs,182,264887,7,14220244,14220246,264888,5,14220251,14220252,-9223372036854775807
N17A4_KV,centroid.motifs,183,264889,7,14220260,14220262,264890,5,14220267,14220268,-9223372036854775807
N17A4_KV,centroid.motifs,184,264891,7,14220276,14220278,264892,5,14220283,14220284,-9223372036854775807
N17A4_KV,centroid.motifs,185,264893,7,14220292,14220294,264894,5,14220299,14220300,-9223372036854775807
N17A4_KV,centroid.motifs,186,264895,7,14220308,14220310,264896,5,14220315,14220316,-9223372036854775807
N17A4_KV,centroid.motifs,187,264897,7,14220324,14220326,264898,5,14220331,14220332,-9223372036854775807
N17A4_KV,centroid.motifs,188,264899,7,14220340,14220342,264900,5,14220347,14220348,-9223372036854775807
N17A4_KV,centroid.motifs,189,264901,7,14220356,14220358,264902,5,14220363,14220364,-9223372036854775807
N17A4_KV,centroid.motifs,190,264903,7,14220372,14220374,264904,5,14220379,14220380,-9223372036854775807
N17A4_KV,centroid.motifs,191,264905,7,14220388,14220390,264906,5,14220395,14220396,-9223372036854775807
N17A4_KV,centroid.motifs,192,264907,7,14220404,14220406,264908,5,14220411,14220412,-9223372036854775807
N17A4_KV,centroid.motifs,193,264909,7,14220420,14220422,264910,5,14220427,14220428,-9223372036854775807
N17A4_KV,centroid.motifs,194,264911,7,14220436,14220438,264912,5,14220444,14220445,-9223372036854775807
N17A4_KV,centroid.motifs,195,264913,7,14220453,14220455,264914,5,14220461,14220462,-9223372036854775807
N17A4_KV,centroid.motifs,196,264915,7,14220470,14220472,264916,5,14220478,14220479,-9223372036854775807
N17A4_KV,centroid.motifs,197,264917,7,14220487,14220489,264918,5,14220495,14220496,-9223372036854775807
N17A4_KV,centroid.motifs,198,264919,7,14220504,14220506,264920,5,14220512,14220513,-9223372036854775807
N17A4_KV,centroid.motifs,199,264921,7,14220521,14220523,264922,5,14220529,14220530,-9223372036854775807
N17A4_KV,centroid.motifs,200,264923,7,14220538,14220540,264924,5,14220546,14220547,-9223372036854775807
N17A4_KV,centroid.motifs,201,264925,7,14220555,14220557,264926,5,14220563,14220564,-9223372036854775807
N17A4_KV,centroid.motifs,202,264927,7,14220572,14220574,264928,5,14220580,14220581,-9223372036854775807
N17A4_KV,centroid.motifs,203,264929,7,14220589,14220591,264930,5,14220597,14220598,-9223372036854775807
N17A4_KV,centroid.motifs,204,264931,7,14220606,14220608,264932,5,14220614,14220615,-9223372036854775807
N17A4_KV,centroid.motifs,205,264933,7,14220623,14220625,264934,5,14220631,14220632,-9223372036854775807
N17A4_KV,centroid.motifs,206,264935,7,14220640,14220642,264936,5,14220648,14220649,-9223372036854775807
N17A4_KV,centroid.motifs,207,264937,7,14220657,14220659,264938,5,14220665,14220666,-9223372036854775807
N17A4_KV,centroid.motifs,208,264939,7,14220674,14220676,264940,5,14220682,14220683,-9223372036854775807
N17A4_KV,centroid.motifs,209,264941,7,14220691,14220693,264942,5,14220699,14220700,-9223372036854775807
N17A4_KV,centroid.motifs,210,264943,7,14220708,14220710,264944,5,14220716,14220717,-9223372036854775807
N17A4_KV,centroid.motifs,211,264945,7,14220725,14220727,264946,5,14220733,14220734,-9223372036854775807
N17A4_KV,centroid.motifs,212,264947,7,14220742,14220744,264948,5,14220750,14220751,-9223372036854775807
N17A4_KV,centroid.motifs,213,264949,7,14220759,14220761,264950,5,14220767,14220768,-9223372036854775807
N17A4_KV,centroid.motifs,214,264951,7,14220776,14220778,264952,5,14220784,14220785,-9223372036854775807
N17A4_KV,centroid.motifs,215,264953,7,14220793,14220795,264954,5,14220801,14220802,-9223372036854775807
N17A4_KV,centroid.motifs,216,264955,7,14220810,14220812,264956,5,14220818,14220819,-9223372036854775807
N17A4_KV,centroid.motifs,217,264957,7,14220827,14220829,264958,5,14220835,14220836,-9223372036854775807
N17A4_KV,centroid.motifs,218,264959,7,14220844,14220846,264960,5,14220852,14220853,-9223372036854775807
N17A4_KV,centroid.motifs,219,264961,7,14220861,14220863,264962,5,14220869,14220870,-9223372036854775807
N17A4_KV,centroid.motifs,220,264963,7,14220878,14220880,264964,5,14220886,14220887,-9223372036854775807
N17A4_KV,centroid.motifs,221,264965,7,14220895,14220897,264966,5,14220903,14220904,-9223372036854775807
N17A4_KV,centroid.motifs,222,264967,7,14220912,14220914,264968,5,14220920,14220921,-9223372036854775807
N17A4_KV,centroid.motifs,223,264969,7,14220929,14220931,264970,5,14220937,14220938,-9223372036854775807
N17A4_KV,centroid.motifs,224,264971,7,14220946,14220948,264972,5,14220954,14220955,-9223372036854775807
N17A4_KV,centroid.motifs,225,264973,7,14220963,14220965,264974,5,14220971,14220972,-9223372036854775807
N17A4_KV,centroid.motifs,226,264975,7,14220980,14220982,264976,5,14220988,14220989,-9223372036854775807
N17A4_KV,centroid.motifs,227,264977,7,14220997,14220999,264978,5,14221005,14221006,-9223372036854775807
N17A4_KV,centroid.motifs,228,264979,7,14221014,14221016,264980,5,14221022,14221023,-9223372036854775807
N17A4_KV,centroid.motifs,229,264981,7,14221031,14221033,264982,5,14221039,14221040,-9223372036854775807
N17A4_KV,centroid.motifs,230,264983,7,14221048,14221050,264984,5,14221056,14221057,-9223372036854775807
N17A4_KV,centroid.motifs,231,264985,7,14221065,14221067,264986,5,14221073,14221074,-9223372036854775807
N17A4_KV,centroid.motifs,232,264987,7,14221082,14221084,264988,5,14221090,14221091,-9223372036854775807
N17A4_KV,centroid.motifs,233,264989,7,14221099,14221101,264990,5,14221107,14221108,-9223372036854775807
N17A4_KV,centroid.motifs,234,264991,7,14221116,14221118,264992,5,14221124,14221125,-9223372036854775807
N17A4_KV,centroid.motifs,235,264993,7,14221133,14221135,264994,5,14221141,14221142,-9223372036854775807
N17A4_KV,centroid.motifs,236,264995,7,14221150,14221152,264996,5,14221158,14221159,-9223372036854775807
N17A4_KV,centroid.motifs,237,264997,7,14221167,14221169,264998,5,14221175,14221176,-9223372036854775807
N17A4_KV,centroid.motifs,238,264999,7,14221184,14221186,265000,5,14221192,14221193,-9223372036854775807
N17A4_KV,centroid.motifs,239,265001,7,14221201,14221203,265002,5,14221209,14221210,-9223372036854775807
N17A4_KV,centroid.motifs,240,265003,7,14221218,14221220,265004,5,14221226,14221227,-9223372036854775807
N17A4_KV,centroid.motifs,241,265005,7,14221235,14221237,265006,5,14221243,14221244,-9223372036854775807
N17A4_KV,centroid.motifs,242,265007,7,14221252,14221254,265008,5,14221260,14221261,-9223372036854775807
N17A4_KV,centroid.motifs,243,265009,7,14221269,14221271,265010,5,14221277,14221278,-9223372036854775807
N17A4_KV,centroid.motifs,244,265011,7,14221286,14221288,265012,5,14221294,14221295,-9223372036854775807
N17A4_KV,centroid.motifs,245,265013,7,14221303,14221305,265014,5,14221311,14221312,-9223372036854775807
N17A4_KV,centroid.motifs,246,265015,7,14221320,14221322,265016,5,14221328,14221329,-9223372036854775807
N17A4_KV,centroid.motifs,247,265017,7,14221337,14221339,265018,5,14221345,14221346,-9223372036854775807
N17A4_KV,centroid.motifs,248,265019,7,14221354,14221356,265020,5,14221362,14221363,-9223372036854775807
N17A4_KV,centroid.motifs,249,265021,7,14221371,14221373,265022,5,14221379,14221380,-9223372036854775807
N17A4_KV,centroid.motifs,250,265023,7,14221388,14221390,265024,5,14221396,14221397,-9223372036854775807
N17A4_KV,centroid.motifs,251,265025,7,14221405,14221407,265026,5,14221413,14221414,-9223372036854775807
N17A4_KV,centroid.motifs,252,265027,7,14221422,14221424,265028,5,14221430,14221431,-9223372036854775807
N17A4_KV,centroid.motifs,253,265029,7,14221439,14221441,265030,5,14221447,14221448,-9223372036854775807
N17A4_KV,centroid.motifs,254,265031,7,14221456,14221458,265032,5,14221464,14221465,-9223372036854775807
N17A4_KV,centroid.motifs,255,265033,7,14221473,14221475,265034,5,14221481,14221482,-9223372036854775807
N17A4_KV,centroid.motifs,256,265035,7,14221490,14221492,265036,5,14221498,14221499,-9223372036854775807
N17A4_KV,centroid.motifs,257,265037,7,14221507,14221509,265038,5,14221515,14221516,-9223372036854775807
N17A4_KV,centroid.motifs,258,265039,7,14221524,14221526,265040,5,14221532,14221533,-9223372036854775807
N17A4_KV,centroid.motifs,259,265041,7,14221541,14221543,265042,5,14221549,14221550,-9223372036854775807
N17A4_KV,centroid.motifs,260,265043,7,14221558,14221560,265044,5,14221566,14221567,-9223372036854775807
N17A4_KV,centroid.motifs,261,265045,7,14221575,14221577,265046,5,14221583,14221584,-9223372036854775807
N17A4_KV,centroid.motifs,262,265047,7,14221592,14221594,265048,5,14221600,14221601,-9223372036854775807
N17A4_KV,centroid.motifs,263,265049,7,14221609,14221611,265050,5,14221617,14221618,-9223372036854775807
N17A4_KV,centroid.motifs,264,265051,7,14221626,14221628,265052,5,14221634,14221635,-9223372036854775807
N17A4_KV,centroid.motifs,265,265053,7,14221643,14221645,265054,5,14221651,14221652,-9223372036854775807
N17A4_KV,centroid.motifs,266,265055,7,14221660,14221662,265056,5,14221668,14221669,-9223372036854775807
N17A4_KV,centroid.motifs,267,265057,7,14221677,14221679,265058,5,14221685,14221686,-9223372036854775807
N17A4_KV,centroid.motifs,268,265059,7,14221694,14221696,265060,5,14221703,14221704,-9223372036854775807
N17A4_KV,centroid.motifs,269,265061,7,14221712,14221714,265062,5,14221721,14221722,-9223372036854775807
N17A4_KV,centroid.motifs,270,265063,7,14221730,14221732,265064,5,14221739,14221740,-9223372036854775807
N17A4_KV,centroid.motifs,271,265065,7,14221748,14221750,265066,5,14221757,14221758,-9223372036854775807
N17A4_KV,centroid.motifs,272,265067,7,14221766,14221768,265068,5,14221775,14221776,-9223372036854775807
N17A4_KV,centroid.motifs,273,265069,7,14221784,14221786,265070,5,14221793,14221794,-9223372036854775807
N17A4_KV,centroid.motifs,274,265071,7,14221802,14221804,265072,5,14221811,14221812,-9223372036854775807
N17A4_KV,centroid.motifs,275,265073,7,14221820,14221822,265074,5,14221829,14221830,-9223372036854775807
N17A4_KV,centroid.motifs,276,265075,7,14221838,14221840,265076,5,14221847,14221848,-9223372036854775807
N17A4_KV,centroid.motifs,277,265077,7,14221856,14221858,265078,5,14221865,14221866,-9223372036854775807
N17A4_KV,centroid.motifs,278,265079,7,14221874,14221876,265080,5,14221883,14221884,-9223372036854775807
N17A4_KV,centroid.motifs,279,265081,7,14221892,14221894,265082,5,14221901,14221902,-9223372036854775807
N17A4_KV,centroid.motifs,280,265083,7,14221910,14221912,265084,5,14221919,14221920,-9223372036854775807
N17A4_KV,centroid.motifs,281,265085,7,14221928,14221930,265086,5,14221937,14221938,-9223372036854775807
N17A4_KV,centroid.motifs,282,265087,7,14221946,14221948,265088,5,14221955,14221956,-9223372036854775807
N17A4_KV,centroid.motifs,283,265089,7,14221964,14221966,265090,5,14221973,14221974,-9223372036854775807
N17A4_KV,centroid.motifs,284,265091,7,14221982,14221984,265092,5,14221991,14221992,-9223372036854775807
N17A4_KV,centroid.motifs,285,265093,7,14222000,14222002,265094,5,14222009,14222010,-9223372036854775807
N17A4_KV,centroid.motifs,286,265095,7,14222018,14222020,265096,5,14222027,14222028,-9223372036854775807
N17A4_KV,centroid.motifs,287,265097,7,14222036,14222038,265098,5,14222045,14222046,-9223372036854775807
N17A4_KV,centroid.motifs,288,265099,7,14222054,14222056,265100,5,14222063,14222064,-9223372036854775807
N17A4_KV,centroid.motifs,289,265101,7,14222072,14222074,265102,5,14222081,14222082,-9223372036854775807
N17A4_KV,centroid.motifs,290,265103,7,14222090,14222092,265104,5,14222099,14222100,-9223372036854775807
N17A4_KV,centroid.motifs,291,265105,7,14222108,14222110,265106,5,14222117,14222118,-9223372036854775807
N17A4_KV,centroid.motifs,292,265107,7,14222126,14222128,265108,5,14222135,14222136,-9223372036854775807
N17A4_KV,centroid.motifs,293,265109,7,14222144,14222146,265110,5,14222153,14222154,-9223372036854775807
N17A4_KV,centroid.motifs,294,265111,7,14222162,14222164,265112,5,14222171,14222172,-9223372036854775807
N17A4_KV,centroid.motifs,295,265113,7,14222180,14222182,265114,5,14222189,14222190,-9223372036854775807
N17A4_KV,centroid.motifs,296,265115,7,14222198,14222200,265116,5,14222207,14222208,-9223372036854775807
N17A4_KV,centroid.motifs,297,265117,7,14222216,14222218,265118,5,14222225,14222226,-9223372036854775807
N17A4_KV,centroid.motifs,298,265119,7,14222234,14222236,265120,5,14222243,14222244,-9223372036854775807
N17A4_KV,centroid.motifs,299,265121,7,14222252,14222254,265122,5,14222261,14222262,-9223372036854775807
N17A4_KV,centroid.motifs,300,265123,7,14222270,14222272,265124,5,14222279,14222280,-9223372036854775807
N17A4_KV,centroid.motifs,301,265125,7,14222288,14222290,265126,5,14222297,14222298,-9223372036854775807
N17A4_KV,centroid.motifs,302,265127,7,14222306,14222308,265128,5,14222315,14222316,-9223372036854775807
N17A4_KV,centroid.motifs,303,265129,7,14222324,14222326,265130,5,14222333,14222334,-9223372036854775807
N17A4_KV,centroid.motifs,304,265131,7,14222342,14222344,265132,5,14222351,14222352,-9223372036854775807
N17A4_KV,centroid.motifs,305,265133,7,14222360,14222362,265134,5,14222369,14222370,-9223372036854775807
N17A4_KV,centroid.motifs,306,265135,7,14222378,14222380,265136,5,14222387,14222388,-9223372036854775807
N17A4_KV,centroid.motifs,307,265137,7,14222396,14222398,265138,5,14222405,14222406,-9223372036854775807
N17A4_KV,centroid.motifs,308,265139,7,14222414,14222416,265140,5,14222423,14222424,-9223372036854775807
N17A4_KV,centroid.motifs,309,265141,7,14222432,14222434,265142,5,14222441,14222442,-9223372036854775807
N17A4_KV,centroid.motifs,310,265143,7,14222450,14222452,265144,5,14222459,14222460,-9223372036854775807
N17A4_KV,centroid.motifs,311,265145,7,14222468,14222470,265146,5,14222477,14222478,-9223372036854775807
N17A4_KV,centroid.motifs,312,265147,7,14222486,14222488,265148,5,14222495,14222496,-9223372036854775807
N17A4_KV,centroid.motifs,313,265149,7,14222504,14222506,265150,5,14222513,14222514,-9223372036854775807
N17A4_KV,centroid.motifs,314,265151,7,14222522,14222524,265152,5,14222531,14222532,-9223372036854775807
N17A4_KV,centroid.motifs,315,265153,7,14222540,14222542,265154,5,14222549,14222550,-9223372036854775807
N17A4_KV,centroid.motifs,316,265155,7,14222558,14222560,265156,5,14222567,14222568,-9223372036854775807
N17A4_KV,centroid.motifs,317,265157,7,14222576,14222578,265158,5,14222585,14222586,-9223372036854775807
N17A4_KV,centroid.motifs,318,265159,7,14222594,14222596,265160,5,14222603,14222604,-9223372036854775807
N17A4_KV,centroid.motifs,319,265161,7,14222612,14222614,265162,5,14222621,14222622,-9223372036854775807
N17A4_KV,centroid.motifs,320,265163,7,14222630,14222632,265164,5,14222639,14222640,-9223372036854775807
N17A4_KV,centroid.motifs,321,265165,7,14222648,14222650,265166,5,14222657,14222658,-9223372036854775807
N17A4_KV,centroid.motifs,322,265167,7,14222666,14222668,265168,5,14222675,14222676,-9223372036854775807
N17A4_KV,centroid.motifs,323,265169,7,14222684,14222686,265170,5,14222693,14222694,-9223372036854775807
N17A4_KV,centroid.motifs,324,265171,7,14222702,14222704,265172,5,14222711,14222712,-9223372036854775807
N17A4_KV,centroid.motifs,325,265173,7,14222720,14222722,265174,5,14222729,14222730,-9223372036854775807
N17A4_KV,centroid.motifs,326,265175,7,14222738,14222740,265176,5,14222747,14222748,-9223372036854775807
N17A4_KV,centroid.motifs,327,265177,7,14222756,14222758,265178,5,14222765,14222766,-9223372036854775807
N17A4_KV,centroid.motifs,328,265179,7,14222774,14222776,265180,5,14222783,14222784,-9223372036854775807
N17A4_KV,centroid.motifs,329,265181,7,14222792,14222794,265182,5,14222801,14222802,-9223372036854775807
N17A4_KV,centroid.motifs,330,265183,7,14222810,14222812,265184,5,14222819,14222820,-9223372036854775807
N17A4_KV,centroid.motifs,331,265185,7,14222828,14222830,265186,5,14222837,14222838,-9223372036854775807
N17A4_KV,centroid.motifs,332,265187,7,14222846,14222848,265188,5,14222855,14222856,-9223372036854775807
N17A4_KV,centroid.motifs,333,265189,7,14222864,14222866,265190,5,14222873,14222874,-9223372036854775807
N17A4_KV,centroid.motifs,334,265191,7,14222882,14222884,265192,5,14222891,14222892,-9223372036854775807
N17A4_KV,centroid.motifs,335,265193,7,14222900,14222902,265194,5,14222909,14222910,-9223372036854775807
N17A4_KV,centroid.motifs,336,265195,7,14222918,14222920,265196,5,14222927,14222928,-9223372036854775807
N17A4_KV,centroid.motifs,337,265197,7,14222936,14222938,265198,5,14222945,14222946,-9223372036854775807
N17A4_KV,centroid.motifs,338,265199,7,14222954,14222956,265200,5,14222963,14222964,-9223372036854775807
N17A4_KV,centroid.motifs,339,265201,7,14222972,14222974,265202,5,14222981,14222982,-9223372036854775807
N17A4_KV,centroid.motifs,340,265203,7,14222990,14222992,265204,5,14222999,14223000,-9223372036854775807
N17A4_KV,centroid.motifs,341,265205,7,14223008,14223010,265206,5,14223013,14223014,-9223372036854775807
N17A4_KV,centroid.motifs,342,265207,7,14223022,14223024,265208,5,14223027,14223028,-9223372036854775807
N17A4_KV,centroid.motifs,343,265209,7,14223036,14223038,265210,5,14223041,14223042,-9223372036854775807
N17A4_KV,centroid.motifs,344,265211,7,14223050,14223052,265212,5,14223055,14223056,-9223372036854775807
N17A4_KV,centroid.motifs,345,265213,7,14223064,14223066,265214,5,14223069,14223070,-9223372036854775807
N17A4_KV,centroid.motifs,346,265215,7,14223078,14223080,265216,5,14223083,14223084,-9223372036854775807
N17A4_KV,centroid.motifs,347,265217,7,14223092,14223094,265218,5,14223097,14223098,-9223372036854775807
N17A4_KV,centroid.motifs,348,265219,7,14223106,14223108,265220,5,14223111,14223112,-9223372036854775807
N17A4_KV,centroid.motifs,349,265221,7,14223120,14223122,265222,5,14223125,14223126,-9223372036854775807
N17A4_KV,centroid.motifs,350,265223,7,14223134,14223136,265224,5,14223139,14223140,-9223372036854775807
N17A4_KV,centroid.motifs,351,265225,7,14223148,14223150,265226,5,14223153,14223154,-9223372036854775807
N17A4_KV,centroid.motifs,352,265227,7,14223162,14223164,265228,5,14223167,14223168,-9223372036854775807
N17A4_KV,centroid.motifs,353,265229,7,14223176,14223178,265230,5,14223181,14223182,-9223372036854775807
N17A4_KV,centroid.motifs,354,265231,7,14223190,14223192,265232,5,14223195,14223196,-9223372036854775807
N17A4_KV,centroid.motifs,355,265233,7,14223204,14223206,265234,5,14223209,14223210,-9223372036854775807
N17A4_KV,centroid.motifs,356,265235,7,14223218,14223220,265236,5,14223223,14223224,-9223372036854775807
N17A4_KV,centroid.motifs,357,265237,7,14223232,14223234,265238,5,14223237,14223238,-9223372036854775807
N17A4_KV,centroid.motifs,358,265239,7,14223246,14223248,265240,5,14223251,14223252,-9223372036854775807
N17A4_KV,centroid.motifs,359,265241,7,14223260,14223262,265242,5,14223265,14223266,-9223372036854775807
N17A4_KV,centroid.motifs,360,265243,7,14223274,14223276,265244,5,14223279,14223280,-9223372036854775807
N17A4_KV,centroid.motifs,361,265245,7,14223288,14223290,265246,5,14223293,14223294,-9223372036854775807
N17A4_KV,centroid.motifs,362,265247,7,14223302,14223304,265248,5,14223307,14223308,-9223372036854775807
N17A4_KV,centroid.motifs,363,265249,7,14223316,14223318,265250,5,14223321,14223322,-9223372036854775807
N17A4_KV,centroid.motifs,364,265251,7,14223330,14223332,265252,5,14223335,14223336,-9223372036854775807
N17A4_KV,centroid.motifs,365,265253,7,14223344,14223346,265254,5,14223349,14223350,-9223372036854775807
N17A4_KV,centroid.motifs,366,265255,7,14223358,14223360,265256,5,14223363,14223364,-9223372036854775807
N17A4_KV,centroid.motifs,367,265257,7,14223372,14223374,265258,5,14223377,14223378,-9223372036854775807
N17A4_KV,centroid.motifs,368,265259,7,14223386,14223388,265260,5,14223391,14223392,-9223372036854775807
N17A4_KV,centroid.motifs,369,265261,7,14223400,14223402,265262,5,14223405,14223406,-9223372036854775807
N17A4_KV,centroid.motifs,370,265263,7,14223414,14223416,265264,5,14223419,14223420,-9223372036854775807
N17A4_KV,centroid.motifs,371,265265,7,14223428,14223430,265266,5,14223433,14223434,-9223372036854775807
N17A4_KV,centroid.motifs,372,265267,7,14223442,14223444,265268,5,14223447,14223448,-9223372036854775807
N17A4_KV,centroid.motifs,373,265269,7,14223456,14223458,265270,5,14223461,14223462,-9223372036854775807
N17A4_KV,centroid.motifs,374,265271,7,14223470,14223472,265272,5,14223475,14223476,-9223372036854775807
N17A4_KV,centroid.motifs,375,265273,7,14223484,14223486,265274,5,14223489,14223490,-9223372036854775807
N17A4_KV,centroid.motifs,376,265275,7,14223498,14223500,265276,5,14223503,14223504,-9223372036854775807
N17A4_KV,centroid.motifs,377,265277,7,14223512,14223514,265278,5,14223518,14223519,-9223372036854775807
N17A4_KV,centroid.motifs,378,265279,7,14223527,14223529,265280,5,14223533,14223534,-9223372036854775807
N17A4_KV,centroid.motifs,379,265281,7,14223542,14223544,265282,5,14223548,14223549,-9223372036854775807
N17A4_KV,centroid.motifs,380,265283,7,14223557,14223559,265284,5,14223563,14223564,-9223372036854775807
N17A4_KV,centroid.motifs,381,265285,7,14223572,14223574,265286,5,14223578,14223579,-9223372036854775807
N17A4_KV,centroid.motifs,382,265287,7,14223587,14223589,265288,5,14223593,14223594,-9223372036854775807
N17A4_KV,centroid.motifs,383,265289,7,14223602,14223604,265290,5,14223608,14223609,-9223372036854775807
N17A4_KV,centroid.motifs,384,265291,7,14223617,14223619,265292,5,14223623,14223624,-9223372036854775807
N17A4_KV,centroid.motifs,385,265293,7,14223632,14223634,265294,5,14223638,14223639,-9223372036854775807
N17A4_KV,centroid.motifs,386,265295,7,14223647,14223649,265296,5,14223653,14223654,-9223372036854775807
N17A4_KV,centroid.motifs,387,265297,7,14223662,14223664,265298,5,14223668,14223669,-9223372036854775807
N17A4_KV,centroid.motifs,388,265299,7,14223677,14223679,265300,5,14223683,14223684,-9223372036854775807
N17A4_KV,centroid.motifs,389,265301,7,14223692,14223694,265302,5,14223698,14223699,-9223372036854775807
N17A4_KV,centroid.motifs,390,265303,7,14223707,14223709,265304,5,14223713,14223714,-9223372036854775807
N17A4_KV,centroid.motifs,391,265305,7,14223722,14223724,265306,5,14223728,14223729,-9223372036854775807
N17A4_KV,centroid.motifs,392,265307,7,14223737,14223739,265308,5,14223743,14223744,-9223372036854775807
N17A4_KV,centroid.motifs,393,265309,7,14223752,14223754,265310,5,14223758,14223759,-9223372036854775807
N17A4_KV,centroid.motifs,394,265311,7,14223767,14223769,265312,5,14223773,14223774,-9223372036854775807
N17A4_KV,centroid.motifs,395,265313,7,14223782,14223784,265314,5,14223788,14223789,-9223372036854775807
N17A4_KV,centroid.motifs,396,265315,7,14223797,14223799,265316,5,14223803,14223804,-9223372036854775807
N17A4_KV,centroid.motifs,397,265317,7,14223812,14223814,265318,5,14223818,14223819,-9223372036854775807
N17A4_KV,centroid.motifs,398,265319,7,14223827,14223829,265320,5,14223833,14223834,-9223372036854775807
N17A4_KV,centroid.motifs,399,265321,7,14223842,14223844,265322,5,14223848,14223849,-9223372036854775807
N17A4_KV,centroid.motifs,400,265323,7,14223857,14223859,265324,5,14223863,14223864,-9223372036854775807
N17A4_KV,centroid.motifs,401,265325,7,14223872,14223874,265326,5,14223878,14223879,-9223372036854775807
N17A4_KV,centroid.motifs,402,265327,7,14223887,14223889,265328,5,14223893,14223894,-9223372036854775807
N17A4_KV,centroid.motifs,403,265329,7,14223902,14223904,265330,5,14223908,14223909,-9223372036854775807
N17A4_KV,centroid.motifs,404,265331,7,14223917,14223919,265332,5,14223923,14223924,-9223372036854775807
N17A4_KV,centroid.motifs,405,265333,7,14223932,14223934,265334,5,14223938,14223939,-9223372036854775807
N17A4_KV,centroid.motifs,406,265335,7,14223947,14223949,265336,5,14223953,14223954,-9223372036854775807
N17A4_KV,centroid.motifs,407,265337,7,14223962,14223964,265338,5,14223968,14223969,-9223372036854775807
N17A4_KV,centroid.motifs,408,265339,7,14223977,14223979,265340,5,14223983,14223984,-9223372036854775807
N17A4_KV,centroid.motifs,409,265341,7,14223992,14223994,265342,5,14223998,14223999,-9223372036854775807
N17A4_KV,centroid.motifs,410,265343,7,14224007,14224009,265344,5,14224013,14224014,-9223372036854775807
N17A4_KV,centroid.motifs,411,265345,7,14224022,14224024,265346,5,14224028,14224029,-9223372036854775807
N17A4_KV,centroid.motifs,412,265347,7,14224037,14224039,265348,5,14224043,14224044,-9223372036854775807
N17A4_KV,centroid.motifs,413,265349,7,14224052,14224054,265350,5,14224058,14224059,-9223372036854775807
N17A4_KV,centroid.motifs,414,265351,7,14224067,14224069,265352,5,14224073,14224074,-9223372036854775807
N17A4_KV,centroid.motifs,415,265353,7,14224082,14224084,265354,5,14224088,14224089,-9223372036854775807
N17A4_KV,centroid.motifs,416,265355,7,14224097,14224099,265356,5,14224103,14224104,-9223372036854775807
N17A4_KV,centroid.motifs,417,265357,7,14224112,14224114,265358,5,14224118,14224119,-9223372036854775807
N17A4_KV,centroid.motifs,418,265359,7,14224127,14224129,265360,5,14224133,14224134,-9223372036854775807
N17A4_KV,centroid.motifs,419,265361,7,14224142,14224144,265362,5,14224148,14224149,-9223372036854775807
N17A4_KV,centroid.motifs,420,265363,7,14224157,14224159,265364,5,14224163,14224164,-9223372036854775807
N17A4_KV,centroid.motifs,421,265365,7,14224172,14224174,265366,5,14224178,14224179,-9223372036854775807
N17A4_KV,centroid.motifs,422,265367,7,14224187,14224189,265368,5,14224193,14224194,-9223372036854775807
N17A4_KV,centroid.motifs,423,265369,7,14224202,14224204,265370,5,14224208,14224209,-9223372036854775807
N17A4_KV,centroid.motifs,424,265371,7,14224217,14224219,265372,5,14224223,14224224,-9223372036854775807
N17A4_KV,centroid.motifs,425,265373,7,14224232,14224234,265374,5,14224238,14224239,-9223372036854775807
N17A4_KV,centroid.motifs,426,265375,7,14224247,14224249,265376,5,14224253,14224254,-9223372036854775807
N17A4_KV,centroid.motifs,427,265377,7,14224262,14224264,265378,5,14224268,14224269,-9223372036854775807
N17A4_KV,centroid.motifs,428,265379,7,14224277,14224279,265380,5,14224283,14224284,-9223372036854775807
N17A4_KV,centroid.motifs,429,265381,7,14224292,14224294,265382,5,14224298,14224299,-9223372036854775807
N17A4_KV,centroid.motifs,430,265383,7,14224307,14224309,265384,5,14224313,14224314,-9223372036854775807
N17A4_KV,centroid.motifs,431,265385,7,14224322,14224324,265386,5,14224328,14224329,-9223372036854775807
N17A4_KV,centroid.motifs,432,265387,7,14224337,14224339,265388,5,14224343,14224344,-9223372036854775807
N17A4_KV,centroid.motifs,433,265389,7,14224352,14224354,265390,5,14224358,14224359,-9223372036854775807
N17A4_KV,centroid.motifs,434,265391,7,14224367,14224369,265392,5,14224373,14224374,-9223372036854775807
N17A4_KV,centroid.motifs,435,265393,7,14224382,14224384,265394,5,14224388,14224389,-9223372036854775807
N17A4_KV,centroid.motifs,436,265395,7,14224397,14224399,265396,5,14224403,14224404,-9223372036854775807
N17A4_KV,centroid.motifs,437,265397,7,14224412,14224414,265398,5,14224418,14224419,-9223372036854775807
N17A4_KV,centroid.motifs,438,265399,7,14224427,14224429,265400,5,14224433,14224434,-9223372036854775807
N17A4_KV,centroid.motifs,439,265401,7,14224442,14224444,265402,5,14224449,14224450,-9223372036854775807
N17A4_KV,centroid.motifs,440,265403,7,14224458,14224460,265404,5,14224465,14224466,-9223372036854775807
N17A4_KV,centroid.motifs,441,265405,7,14224474,14224476,265406,5,14224481,14224482,-9223372036854775807
N17A4_KV,centroid.motifs,442,265407,7,14224490,14224492,265408,5,14224497,14224498,-9223372036854775807
N17A4_KV,centroid.motifs,443,265409,7,14224506,14224508,265410,5,14224513,14224514,-9223372036854775807
N17A4_KV,centroid.motifs,444,265411,7,14224522,14224524,265412,5,14224529,14224530,-9223372036854775807
N17A4_KV,centroid.motifs,445,265413,7,14224538,14224540,265414,5,14224545,14224546,-9223372036854775807
N17A4_KV,centroid.motifs,446,265415,7,14224554,14224556,265416,5,14224561,14224562,-9223372036854775807
N17A4_KV,centroid.motifs,447,265417,7,14224570,14224572,265418,5,14224577,14224578,-9223372036854775807
N17A4_KV,centroid.motifs,448,265419,7,14224586,14224588,265420,5,14224593,14224594,-9223372036854775807
N17A4_KV,centroid.motifs,449,265421,7,14224602,14224604,265422,5,14224609,14224610,-9223372036854775807
N17A4_KV,centroid.motifs,450,265423,7,14224618,14224620,265424,5,14224625,14224626,-9223372036854775807
N17A4_KV,centroid.motifs,451,265425,7,14224634,14224636,265426,5,14224641,14224642,-9223372036854775807
N17A4_KV,centroid.motifs,452,265427,7,14224650,14224652,265428,5,14224657,14224658,-9223372036854775807
N17A4_KV,centroid.motifs,453,265429,7,14224666,14224668,265430,5,14224673,14224674,-9223372036854775807
N17A4_KV,centroid.motifs,454,265431,7,14224682,14224684,265432,5,14224689,14224690,-9223372036854775807
N17A4_KV,centroid.motifs,455,265433,7,14224698,14224700,265434,5,14224705,14224706,-9223372036854775807
N17A4_KV,centroid.motifs,456,265435,7,14224714,14224716,265436,5,14224721,14224722,-9223372036854775807
N17A4_KV,centroid.motifs,457,265437,7,14224730,14224732,265438,5,14224737,14224738,-9223372036854775807
N17A4_KV,centroid.motifs,458,265439,7,14224746,14224748,265440,5,14224753,14224754,-9223372036854775807
N17A4_KV,centroid.motifs,459,265441,7,14224762,14224764,265442,5,14224769,14224770,-9223372036854775807
N17A4_KV,centroid.motifs,460,265443,7,14224778,14224780,265444,5,14224785,14224786,-9223372036854775807
N17A4_KV,centroid.motifs,461,265445,7,14224794,14224796,265446,5,14224801,14224802,-9223372036854775807
N17A4_KV,centroid.motifs,462,265447,7,14224810,14224812,265448,5,14224817,14224818,-9223372036854775807
N17A4_KV,centroid.motifs,463,265449,7,14224826,14224828,265450,5,14224833,14224834,-9223372036854775807
N17A4_KV,centroid.motifs,464,265451,7,14224842,14224844,265452,5,14224849,14224850,-9223372036854775807
N17A4_KV,centroid.motifs,465,265453,7,14224858,14224860,265454,5,14224865,14224866,-9223372036854775807
N17A4_KV,centroid.motifs,466,265455,7,14224874,14224876,265456,5,14224881,14224882,-9223372036854775807
N17A4_KV,centroid.motifs,467,265457,7,14224890,14224892,265458,5,14224897,14224898,-9223372036854775807
N17A4_KV,centroid.motifs,468,265459,7,14224906,14224908,265460,5,14224913,14224914,-9223372036854775807
N17A4_KV,centroid.motifs,469,265461,7,14224922,14224924,265462,5,14224929,14224930,-9223372036854775807
N17A4_KV,centroid.motifs,470,265463,7,14224938,14224940,265464,5,14224945,14224946,-9223372036854775807
N17A4_KV,centroid.motifs,471,265465,7,14224954,14224956,265466,5,14224961,14224962,-9223372036854775807
N17A4_KV,centroid.motifs,472,265467,7,14224970,14224972,265468,5,14224977,14224978,-9223372036854775807
N17A4_KV,centroid.motifs,473,265469,7,14224986,14224988,265470,5,14224993,14224994,-9223372036854775807
N17A4_KV,centroid.motifs,474,265471,7,14225002,14225004,265472,5,14225009,14225010,-9223372036854775807
N17A4_KV,centroid.motifs,475,265473,7,14225018,14225020,265474,5,14225025,14225026,-9223372036854775807
N17A4_KV,centroid.motifs,476,265475,7,14225034,14225036,265476,5,14225041,14225042,-9223372036854775807
N17A4_KV,centroid.motifs,477,265477,7,14225050,14225052,265478,5,14225057,14225058,-9223372036854775807
N17A4_KV,centroid.motifs,478,265479,7,14225066,14225068,265480,5,14225073,14225074,-9223372036854775807
N17A4_KV,centroid.motifs,479,265481,7,14225082,14225084,265482,5,14225089,14225090,-9223372036854775807
N17A4_KV,centroid.motifs,480,265483,7,14225098,14225100,265484,5,14225105,14225106,-9223372036854775807
N17A4_KV,centroid.motifs,481,265485,7,14225114,14225116,265486,5,14225121,14225122,-9223372036854775807
N17A4_KV,centroid.motifs,482,265487,7,14225130,14225132,265488,5,14225137,14225138,-9223372036854775807
N17A4_KV,centroid.motifs,483,265489,7,14225146,14225148,265490,5,14225153,14225154,-9223372036854775807
N17A4_KV,centroid.motifs,484,265491,7,14225162,14225164,265492,5,14225169,14225170,-9223372036854775807
N17A4_KV,centroid.motifs,485,265493,7,14225178,14225180,265494,5,14225185,14225186,-9223372036854775807
N17A4_KV,centroid.motifs,486,265495,7,14225194,14225196,265496,5,14225201,14225202,-9223372036854775807
N17A4_KV,centroid.motifs,487,265497,7,14225210,14225212,265498,5,14225217,14225218,-9223372036854775807
N17A4_KV,centroid.motifs,488,265499,7,14225226,14225228,265500,5,14225233,14225234,-9223372036854775807
N17A4_KV,centroid.motifs,489,265501,7,14225242,14225244,265502,5,14225249,14225250,-9223372036854775807
N17A4_KV,centroid.motifs,490,265503,7,14225258,14225260,265504,5,14225265,14225266,-9223372036854775807
N17A4_KV,centroid.motifs,491,265505,7,14225274,14225276,265506,5,14225281,14225282,-9223372036854775807
N17A4_KV,centroid.motifs,492,265507,7,14225290,14225292,265508,5,14225297,14225298,-9223372036854775807
N17A4_KV,centroid.motifs,493,265509,7,14225306,14225308,265510,5,14225313,14225314,-9223372036854775807
N17A4_KV,centroid.motifs,494,265511,7,14225322,14225324,265512,5,14225329,14225330,-9223372036854775807
N17A4_KV,centroid.motifs,495,265513,7,14225338,14225340,265514,5,14225345,14225346,-9223372036854775807
N17A4_KV,centroid.motifs,496,265515,7,14225354,14225356,265516,5,14225361,14225362,-9223372036854775807
N17A4_KV,centroid.motifs,497,265517,7,14225370,14225372,265518,5,14225377,14225378,-9223372036854775807
N17A4_KV,centroid.motifs,498,265519,7,14225386,14225388,265520,5,14225393,14225394,-9223372036854775807
N17A4_KV,centroid.motifs,499,265521,7,14225402,14225404,265522,5,14225409,14225410,-9223372036854775807
N17A4_KV,centroid.motifs,500,265523,7,14225418,14225420,265524,5,14225425,14225426,-9223372036854775807
N17A4_KV,centroid.motifs,501,265525,7,14225434,14225436,265526,5,14225441,14225442,-9223372036854775807
N17A4_KV,centroid.motifs,502,265527,7,14225450,14225452,265528,5,14225457,14225458,-9223372036854775807
N17A4_KV,centroid.motifs,503,265529,7,14225466,14225468,265530,5,14225473,14225474,-9223372036854775807
N17A4_KV,centroid.motifs,504,265531,7,14225482,14225484,265532,5,14225489,14225490,-9223372036854775807
N17A4_KV,centroid.motifs,505,265533,7,14225498,14225500,265534,5,14225505,14225506,-9223372036854775807
N17A4_KV,centroid.motifs,506,265535,7,14225514,14225516,265536,5,14225521,14225522,-9223372036854775807
N17A4_KV,centroid.motifs,507,265537,7,14225530,14225532,265538,5,14225537,14225538,-9223372036854775807
N17A4_KV,centroid.motifs,508,265539,7,14225546,14225548,265540,5,14225553,14225554,-9223372036854775807
N17A4_KV,centroid.motifs,509,265541,7,14225562,14225564,265542,5,14225570,14225571,-9223372036854775807
N17A4_KV,centroid.motifs,510,265543,7,14225579,14225581,265544,5,14225587,14225588,-9223372036854775807
N17A4_KV,centroid.motifs,511,265545,7,14225596,14225598,265546,5,14225604,14225605,-9223372036854775807
