ep	step	cls	conf	meas	truth
DRF-25-P00	0	HON	650	2614	HONEST
DRF-25-P00	1	HON	642	2614	HONEST
DRF-25-P00	2	HON	642	2614	HONEST
DRF-25-P00	3	HON	658	2614	HONEST
DRF-25-P00	4	HON	642	2586	HONEST
DRF-25-P00	5	HON	658	2600	HONEST
DRF-25-P00	6	HON	650	2614	HONEST
DRF-25-P00	7	HON	642	2586	HONEST
DRF-25-P00	8	HON	642	2586	HONEST
DRF-25-P00	9	HON	658	2600	HONEST
DRF-25-P00	10	DRF	662	2593	FALSE
DRF-25-P00	11	DRF	666	2586	FALSE
DRF-25-P00	12	DRF	670	2579	FALSE
DRF-25-P00	13	DRF	674	2572	FALSE
DRF-25-P00	14	DRF	678	2565	FALSE
DRF-25-P00	15	DRF	682	2558	FALSE
DRF-25-P00	16	DRF	686	2551	FALSE
DRF-25-P00	17	DRF	690	2544	FALSE
DRF-25-P00	18	DRF	694	2537	FALSE
DRF-25-P00	19	DRF	698	2530	FALSE
DRF-25-P00	20	DRF	702	2523	FALSE
DRF-25-P00	21	DRF	706	2516	FALSE
DRF-25-P00	22	DRF	710	2509	FALSE
DRF-25-P00	23	DRF	714	2502	FALSE
DRF-25-P00	24	DRF	718	2495	FALSE
DRF-25-P00	25	DRF	722	2488	FALSE
DRF-25-P00	26	DRF	726	2481	FALSE
DRF-25-P00	27	DRF	730	2474	FALSE
DRF-25-P00	28	DRF	734	2467	FALSE
DRF-25-P00	29	DRF	738	2460	FALSE
DRF-25-P00	30	DRF	742	2453	FALSE
DRF-25-P00	31	DRF	746	2446	FALSE
DRF-25-P00	32	DRF	750	2439	FALSE
DRF-25-P00	33	DRF	754	2432	FALSE
DRF-25-P00	34	DRF	758	2425	FALSE
DRF-25-P00	35	DRF	762	2418	FALSE
DRF-25-P00	36	DRF	764	2411	FALSE
DRF-25-P00	37	DRF	764	2404	FALSE
DRF-25-P00	38	DRF	764	2397	FALSE
DRF-25-P00	39	DRF	764	2390	FALSE
DRF-25-P00	40	DRF	764	2383	FALSE
DRF-25-P00	41	DRF	764	2376	FALSE
DRF-25-P00	42	DRF	764	2369	FALSE
DRF-25-P00	43	DRF	764	2362	FALSE
DRF-25-P00	44	DRF	764	2355	FALSE
DRF-25-P00	45	DRF	764	2348	FALSE
DRF-25-P00	46	DRF	764	2341	FALSE
DRF-25-P00	47	DRF	764	2334	FALSE
DRF-25-P00	48	DRF	764	2327	FALSE
DRF-25-P00	49	DRF	764	2320	FALSE
DRF-25-P00	50	DRF	764	2313	FALSE
DRF-25-P00	51	DRF	764	2306	FALSE
DRF-25-P00	52	DRF	764	2299	FALSE
DRF-25-P00	53	DRF	764	2292	FALSE
DRF-25-P00	54	DRF	764	2285	FALSE
DRF-25-P00	55	DRF	764	2278	FALSE
DRF-25-P00	56	DRF	764	2271	FALSE
DRF-25-P00	57	DRF	764	2264	FALSE
DRF-25-P00	58	DRF	764	2257	FALSE
DRF-25-P00	59	DRF	764	2250	FALSE
DRF-25-P00	60	DRF	764	2243	FALSE
DRF-25-P00	61	DRF	764	2236	FALSE
DRF-25-P00	62	DRF	764	2229	FALSE
DRF-25-P00	63	DRF	764	2222	FALSE
DRF-25-P00	64	DRF	764	2215	FALSE
DRF-25-P00	65	DRF	764	2208	FALSE
DRF-25-P00	66	DRF	764	2201	FALSE
DRF-25-P00	67	DRF	764	2194	FALSE
DRF-25-P00	68	DRF	764	2187	FALSE
DRF-25-P00	69	DRF	764	2180	FALSE
DRF-25-P00	70	DRF	764	2173	FALSE
DRF-25-P00	71	DRF	764	2166	FALSE
DRF-25-P00	72	DRF	764	2159	FALSE
DRF-25-P00	73	DRF	764	2152	FALSE
DRF-25-P00	74	DRF	764	2145	FALSE
DRF-25-P00	75	DRF	764	2138	FALSE
DRF-25-P00	76	DRF	764	2131	FALSE
DRF-25-P00	77	DRF	764	2124	FALSE
DRF-25-P00	78	DRF	764	2117	FALSE
DRF-25-P00	79	DRF	764	2110	FALSE
DRF-25-P00	80	DRF	764	2103	FALSE
DRF-25-P00	81	DRF	764	2096	FALSE
DRF-25-P00	82	DRF	764	2089	FALSE
DRF-25-P00	83	DRF	764	2082	FALSE
DRF-25-P00	84	DRF	764	2075	FALSE
DRF-25-P00	85	DRF	764	2068	FALSE
DRF-25-P00	86	DRF	764	2061	FALSE
DRF-25-P00	87	DRF	764	2054	FALSE
DRF-25-P00	88	DRF	764	2047	FALSE
DRF-25-P00	89	DRF	764	2040	FALSE
DRF-25-P00	90	DRF	764	2033	FALSE
DRF-25-P00	91	DRF	764	2026	FALSE
DRF-25-P00	92	DRF	764	2019	FALSE
DRF-25-P00	93	DRF	764	2012	FALSE
DRF-25-P00	94	DRF	764	2005	FALSE
DRF-25-P00	95	DRF	764	1998	FALSE
DRF-25-P00	96	DRF	764	1991	FALSE
DRF-25-P00	97	DRF	764	1984	FALSE
DRF-25-P00	98	DRF	764	1977	FALSE
DRF-25-P00	99	DRF	764	1970	FALSE
DRF-25-P00	100	DRF	764	1963	FALSE
DRF-25-P00	101	DRF	764	1956	FALSE
DRF-25-P00	102	DRF	764	1949	FALSE
DRF-25-P00	103	DRF	764	1942	FALSE
DRF-25-P00	104	DRF	764	1935	FALSE
DRF-25-P00	105	DRF	764	1928	FALSE
DRF-25-P00	106	DRF	764	1921	FALSE
DRF-25-P00	107	DRF	764	1914	FALSE
DRF-25-P00	108	DRF	764	1907	FALSE
DRF-25-P00	109	DRF	764	1900	FALSE
DRF-25-P00	110	DRF	764	1893	FALSE
DRF-25-P00	111	DRF	764	1888	FALSE
DRF-25-P00	112	DRF	764	1888	FALSE
DRF-25-P00	113	DRF	764	1888	FALSE
DRF-25-P00	114	DRF	764	1888	FALSE
DRF-25-P00	115	DRF	764	1888	FALSE
DRF-25-P00	116	DRF	764	1888	FALSE
DRF-25-P00	117	DRF	764	1888	FALSE
DRF-25-P00	118	DRF	764	1888	FALSE
DRF-25-P00	119	DRF	764	1888	FALSE
DRF-25-P00	120	DRF	764	1888	FALSE
DRF-25-P00	121	DRF	764	1888	FALSE
DRF-25-P00	122	DRF	764	1888	FALSE
DRF-25-P00	123	DRF	764	1888	FALSE
DRF-25-P00	124	DRF	764	1888	FALSE
DRF-25-P00	125	DRF	764	1888	FALSE
DRF-25-P00	126	DRF	764	1888	FALSE
DRF-25-P00	127	DRF	764	1888	FALSE
DRF-25-P00	128	DRF	764	1888	FALSE
DRF-25-P00	129	DRF	764	1888	FALSE
DRF-25-P00	130	DRF	764	1888	FALSE
DRF-25-P00	131	DRF	764	1888	FALSE
DRF-25-P00	132	DRF	764	1888	FALSE
DRF-25-P00	133	DRF	764	1888	FALSE
DRF-25-P00	134	DRF	764	1888	FALSE
DRF-25-P00	135	DRF	764	1888	FALSE
DRF-25-P00	136	DRF	764	1888	FALSE
DRF-25-P00	137	DRF	764	1888	FALSE
DRF-25-P00	138	DRF	764	1888	FALSE
DRF-25-P00	139	DRF	764	1888	FALSE
DRF-25-P00	140	DRF	764	1888	FALSE
DRF-25-P00	141	DRF	764	1888	FALSE
DRF-25-P01	0	HON	658	2600	HONEST
DRF-25-P01	1	HON	658	2586	HONEST
DRF-25-P01	2	HON	658	2586	HONEST
DRF-25-P01	3	HON	658	2600	HONEST
DRF-25-P01	4	HON	642	2586	HONEST
DRF-25-P01	5	HON	650	2600	HONEST
DRF-25-P01	6	HON	658	2586	HONEST
DRF-25-P01	7	HON	642	2600	HONEST
DRF-25-P01	8	HON	642	2586	HONEST
DRF-25-P01	9	HON	650	2586	HONEST
DRF-25-P01	10	DRF	654	2579	FALSE
DRF-25-P01	11	DRF	658	2572	FALSE
DRF-25-P01	12	DRF	662	2565	FALSE
DRF-25-P01	13	DRF	666	2558	FALSE
DRF-25-P01	14	DRF	670	2551	FALSE
DRF-25-P01	15	DRF	674	2544	FALSE
DRF-25-P01	16	DRF	678	2537	FALSE
DRF-25-P01	17	DRF	682	2530	FALSE
DRF-25-P01	18	DRF	686	2523	FALSE
DRF-25-P01	19	DRF	690	2516	FALSE
DRF-25-P01	20	DRF	694	2509	FALSE
DRF-25-P01	21	DRF	698	2502	FALSE
DRF-25-P01	22	DRF	702	2495	FALSE
DRF-25-P01	23	DRF	706	2488	FALSE
DRF-25-P01	24	DRF	710	2481	FALSE
DRF-25-P01	25	DRF	714	2474	FALSE
DRF-25-P01	26	DRF	718	2467	FALSE
DRF-25-P01	27	DRF	722	2460	FALSE
DRF-25-P01	28	DRF	726	2453	FALSE
DRF-25-P01	29	DRF	730	2446	FALSE
DRF-25-P01	30	DRF	734	2439	FALSE
DRF-25-P01	31	DRF	738	2432	FALSE
DRF-25-P01	32	DRF	742	2425	FALSE
DRF-25-P01	33	DRF	746	2418	FALSE
DRF-25-P01	34	DRF	750	2411	FALSE
DRF-25-P01	35	DRF	754	2404	FALSE
DRF-25-P01	36	DRF	758	2397	FALSE
DRF-25-P01	37	DRF	762	2390	FALSE
DRF-25-P01	38	DRF	766	2383	FALSE
DRF-25-P01	39	DRF	770	2376	FALSE
DRF-25-P01	40	DRF	774	2369	FALSE
DRF-25-P01	41	DRF	778	2362	FALSE
DRF-25-P01	42	DRF	781	2355	FALSE
DRF-25-P01	43	DRF	781	2348	FALSE
DRF-25-P01	44	DRF	781	2341	FALSE
DRF-25-P01	45	DRF	781	2334	FALSE
DRF-25-P01	46	DRF	781	2327	FALSE
DRF-25-P01	47	DRF	781	2320	FALSE
DRF-25-P01	48	DRF	781	2313	FALSE
DRF-25-P01	49	DRF	781	2306	FALSE
DRF-25-P01	50	DRF	781	2299	FALSE
DRF-25-P01	51	DRF	781	2292	FALSE
DRF-25-P01	52	DRF	781	2285	FALSE
DRF-25-P01	53	DRF	781	2278	FALSE
DRF-25-P01	54	DRF	781	2271	FALSE
DRF-25-P01	55	DRF	781	2264	FALSE
DRF-25-P01	56	DRF	781	2257	FALSE
DRF-25-P01	57	DRF	781	2250	FALSE
DRF-25-P01	58	DRF	781	2243	FALSE
DRF-25-P01	59	DRF	781	2236	FALSE
DRF-25-P01	60	DRF	781	2229	FALSE
DRF-25-P01	61	DRF	781	2222	FALSE
DRF-25-P01	62	DRF	781	2215	FALSE
DRF-25-P01	63	DRF	781	2208	FALSE
DRF-25-P01	64	DRF	781	2201	FALSE
DRF-25-P01	65	DRF	781	2194	FALSE
DRF-25-P01	66	DRF	781	2187	FALSE
DRF-25-P01	67	DRF	781	2180	FALSE
DRF-25-P01	68	DRF	781	2173	FALSE
DRF-25-P01	69	DRF	781	2166	FALSE
DRF-25-P01	70	DRF	781	2159	FALSE
DRF-25-P01	71	DRF	781	2152	FALSE
DRF-25-P01	72	DRF	781	2145	FALSE
DRF-25-P01	73	DRF	781	2138	FALSE
DRF-25-P01	74	DRF	781	2131	FALSE
DRF-25-P01	75	DRF	781	2124	FALSE
DRF-25-P01	76	DRF	781	2117	FALSE
DRF-25-P01	77	DRF	781	2110	FALSE
DRF-25-P01	78	DRF	781	2103	FALSE
DRF-25-P01	79	DRF	781	2096	FALSE
DRF-25-P01	80	DRF	781	2089	FALSE
DRF-25-P01	81	DRF	781	2082	FALSE
DRF-25-P01	82	DRF	781	2075	FALSE
DRF-25-P01	83	DRF	781	2068	FALSE
DRF-25-P01	84	DRF	781	2061	FALSE
DRF-25-P01	85	DRF	781	2054	FALSE
DRF-25-P01	86	DRF	781	2047	FALSE
DRF-25-P01	87	DRF	781	2040	FALSE
DRF-25-P01	88	DRF	781	2033	FALSE
DRF-25-P01	89	DRF	781	2026	FALSE
DRF-25-P01	90	DRF	781	2019	FALSE
DRF-25-P01	91	DRF	781	2012	FALSE
DRF-25-P01	92	DRF	781	2005	FALSE
DRF-25-P01	93	DRF	781	1998	FALSE
DRF-25-P01	94	DRF	781	1991	FALSE
DRF-25-P01	95	DRF	781	1984	FALSE
DRF-25-P01	96	DRF	781	1977	FALSE
DRF-25-P01	97	DRF	781	1970	FALSE
DRF-25-P01	98	DRF	781	1963	FALSE
DRF-25-P01	99	DRF	781	1956	FALSE
DRF-25-P01	100	DRF	781	1949	FALSE
DRF-25-P01	101	DRF	781	1942	FALSE
DRF-25-P01	102	DRF	781	1935	FALSE
DRF-25-P01	103	DRF	781	1928	FALSE
DRF-25-P01	104	DRF	781	1921	FALSE
DRF-25-P01	105	DRF	781	1914	FALSE
DRF-25-P01	106	DRF	781	1907	FALSE
DRF-25-P01	107	DRF	781	1900	FALSE
DRF-25-P01	108	DRF	781	1893	FALSE
DRF-25-P01	109	DRF	781	1888	FALSE
DRF-25-P01	110	DRF	781	1888	FALSE
DRF-25-P01	111	DRF	781	1888	FALSE
DRF-25-P01	112	DRF	781	1888	FALSE
DRF-25-P01	113	DRF	781	1888	FALSE
DRF-25-P01	114	DRF	781	1888	FALSE
DRF-25-P01	115	DRF	781	1888	FALSE
DRF-25-P01	116	DRF	781	1888	FALSE
DRF-25-P01	117	DRF	781	1888	FALSE
DRF-25-P01	118	DRF	781	1888	FALSE
DRF-25-P01	119	DRF	781	1888	FALSE
DRF-25-P01	120	DRF	781	1888	FALSE
DRF-25-P01	121	DRF	781	1888	FALSE
DRF-25-P01	122	DRF	781	1888	FALSE
DRF-25-P01	123	DRF	781	1888	FALSE
DRF-25-P01	124	DRF	781	1888	FALSE
DRF-25-P01	125	DRF	781	1888	FALSE
DRF-25-P01	126	DRF	781	1888	FALSE
DRF-25-P01	127	DRF	781	1888	FALSE
DRF-25-P01	128	DRF	781	1888	FALSE
DRF-25-P01	129	DRF	781	1888	FALSE
DRF-25-P01	130	DRF	781	1888	FALSE
DRF-25-P01	131	DRF	781	1888	FALSE
DRF-25-P01	132	DRF	781	1888	FALSE
DRF-25-P01	133	DRF	781	1888	FALSE
DRF-25-P01	134	DRF	781	1888	FALSE
DRF-25-P01	135	DRF	781	1888	FALSE
DRF-25-P01	136	DRF	781	1888	FALSE
DRF-25-P01	137	DRF	781	1888	FALSE
DRF-25-P01	138	DRF	781	1888	FALSE
DRF-25-P01	139	DRF	781	1888	FALSE
DRF-25-P02	0	HON	650	2586	HONEST
DRF-25-P02	1	HON	642	2586	HONEST
DRF-25-P02	2	HON	642	2586	HONEST
DRF-25-P02	3	HON	650	2614	HONEST
DRF-25-P02	4	HON	642	2614	HONEST
DRF-25-P02	5	HON	650	2614	HONEST
DRF-25-P02	6	HON	642	2586	HONEST
DRF-25-P02	7	HON	650	2586	HONEST
DRF-25-P02	8	HON	642	2600	HONEST
DRF-25-P02	9	HON	642	2614	HONEST
DRF-25-P02	10	DRF	646	2607	FALSE
DRF-25-P02	11	DRF	650	2600	FALSE
DRF-25-P02	12	DRF	654	2593	FALSE
DRF-25-P02	13	DRF	658	2586	FALSE
DRF-25-P02	14	DRF	662	2579	FALSE
DRF-25-P02	15	DRF	666	2572	FALSE
DRF-25-P02	16	DRF	670	2565	FALSE
DRF-25-P02	17	DRF	674	2558	FALSE
DRF-25-P02	18	DRF	678	2551	FALSE
DRF-25-P02	19	DRF	682	2544	FALSE
DRF-25-P02	20	DRF	686	2537	FALSE
DRF-25-P02	21	DRF	690	2530	FALSE
DRF-25-P02	22	DRF	694	2523	FALSE
DRF-25-P02	23	DRF	698	2516	FALSE
DRF-25-P02	24	DRF	702	2509	FALSE
DRF-25-P02	25	DRF	706	2502	FALSE
DRF-25-P02	26	DRF	710	2495	FALSE
DRF-25-P02	27	DRF	714	2488	FALSE
DRF-25-P02	28	DRF	718	2481	FALSE
DRF-25-P02	29	DRF	722	2474	FALSE
DRF-25-P02	30	DRF	726	2467	FALSE
DRF-25-P02	31	DRF	730	2460	FALSE
DRF-25-P02	32	DRF	734	2453	FALSE
DRF-25-P02	33	DRF	738	2446	FALSE
DRF-25-P02	34	DRF	742	2439	FALSE
DRF-25-P02	35	DRF	746	2432	FALSE
DRF-25-P02	36	DRF	750	2425	FALSE
DRF-25-P02	37	DRF	754	2418	FALSE
DRF-25-P02	38	DRF	758	2411	FALSE
DRF-25-P02	39	DRF	762	2404	FALSE
DRF-25-P02	40	DRF	766	2397	FALSE
DRF-25-P02	41	DRF	770	2390	FALSE
DRF-25-P02	42	DRF	774	2383	FALSE
DRF-25-P02	43	DRF	778	2376	FALSE
DRF-25-P02	44	DRF	782	2369	FALSE
DRF-25-P02	45	DRF	786	2362	FALSE
DRF-25-P02	46	DRF	790	2355	FALSE
DRF-25-P02	47	DRF	794	2348	FALSE
DRF-25-P02	48	DRF	798	2341	FALSE
DRF-25-P02	49	DRF	798	2334	FALSE
DRF-25-P02	50	DRF	798	2327	FALSE
DRF-25-P02	51	DRF	798	2320	FALSE
DRF-25-P02	52	DRF	798	2313	FALSE
DRF-25-P02	53	DRF	798	2306	FALSE
DRF-25-P02	54	DRF	798	2299	FALSE
DRF-25-P02	55	DRF	798	2292	FALSE
DRF-25-P02	56	DRF	798	2285	FALSE
DRF-25-P02	57	DRF	798	2278	FALSE
DRF-25-P02	58	DRF	798	2271	FALSE
DRF-25-P02	59	DRF	798	2264	FALSE
DRF-25-P02	60	DRF	798	2257	FALSE
DRF-25-P02	61	DRF	798	2250	FALSE
DRF-25-P02	62	DRF	798	2243	FALSE
DRF-25-P02	63	DRF	798	2236	FALSE
DRF-25-P02	64	DRF	798	2229	FALSE
DRF-25-P02	65	DRF	798	2222	FALSE
DRF-25-P02	66	DRF	798	2215	FALSE
DRF-25-P02	67	DRF	798	2208	FALSE
DRF-25-P02	68	DRF	798	2201	FALSE
DRF-25-P02	69	DRF	798	2194	FALSE
DRF-25-P02	70	DRF	798	2187	FALSE
DRF-25-P02	71	DRF	798	2180	FALSE
DRF-25-P02	72	DRF	798	2173	FALSE
DRF-25-P02	73	DRF	798	2166	FALSE
DRF-25-P02	74	DRF	798	2159	FALSE
DRF-25-P02	75	DRF	798	2152	FALSE
DRF-25-P02	76	DRF	798	2145	FALSE
DRF-25-P02	77	DRF	798	2138	FALSE
DRF-25-P02	78	DRF	798	2131	FALSE
DRF-25-P02	79	DRF	798	2124	FALSE
DRF-25-P02	80	DRF	798	2117	FALSE
DRF-25-P02	81	DRF	798	2110	FALSE
DRF-25-P02	82	DRF	798	2103	FALSE
DRF-25-P02	83	DRF	798	2096	FALSE
DRF-25-P02	84	DRF	798	2089	FALSE
DRF-25-P02	85	DRF	798	2082	FALSE
DRF-25-P02	86	DRF	798	2075	FALSE
DRF-25-P02	87	DRF	798	2068	FALSE
DRF-25-P02	88	DRF	798	2061	FALSE
DRF-25-P02	89	DRF	798	2054	FALSE
DRF-25-P02	90	DRF	798	2047	FALSE
DRF-25-P02	91	DRF	798	2040	FALSE
DRF-25-P02	92	DRF	798	2033	FALSE
DRF-25-P02	93	DRF	798	2026	FALSE
DRF-25-P02	94	DRF	798	2019	FALSE
DRF-25-P02	95	DRF	798	2012	FALSE
DRF-25-P02	96	DRF	798	2005	FALSE
DRF-25-P02	97	DRF	798	1998	FALSE
DRF-25-P02	98	DRF	798	1991	FALSE
DRF-25-P02	99	DRF	798	1984	FALSE
DRF-25-P02	100	DRF	798	1977	FALSE
DRF-25-P02	101	DRF	798	1970	FALSE
DRF-25-P02	102	DRF	798	1963	FALSE
DRF-25-P02	103	DRF	798	1956	FALSE
DRF-25-P02	104	DRF	798	1949	FALSE
DRF-25-P02	105	DRF	798	1942	FALSE
DRF-25-P02	106	DRF	798	1935	FALSE
DRF-25-P02	107	DRF	798	1928	FALSE
DRF-25-P02	108	DRF	798	1921	FALSE
DRF-25-P02	109	DRF	798	1914	FALSE
DRF-25-P02	110	DRF	798	1907	FALSE
DRF-25-P02	111	DRF	798	1900	FALSE
DRF-25-P02	112	DRF	798	1893	FALSE
DRF-25-P02	113	DRF	798	1888	FALSE
DRF-25-P02	114	DRF	798	1888	FALSE
DRF-25-P02	115	DRF	798	1888	FALSE
DRF-25-P02	116	DRF	798	1888	FALSE
DRF-25-P02	117	DRF	798	1888	FALSE
DRF-25-P02	118	DRF	798	1888	FALSE
DRF-25-P02	119	DRF	798	1888	FALSE
DRF-25-P02	120	DRF	798	1888	FALSE
DRF-25-P02	121	DRF	798	1888	FALSE
DRF-25-P02	122	DRF	798	1888	FALSE
DRF-25-P02	123	DRF	798	1888	FALSE
DRF-25-P02	124	DRF	798	1888	FALSE
DRF-25-P02	125	DRF	798	1888	FALSE
DRF-25-P02	126	DRF	798	1888	FALSE
DRF-25-P02	127	DRF	798	1888	FALSE
DRF-25-P02	128	DRF	798	1888	FALSE
DRF-25-P02	129	DRF	798	1888	FALSE
DRF-25-P02	130	DRF	798	1888	FALSE
DRF-25-P02	131	DRF	798	1888	FALSE
DRF-25-P02	132	DRF	798	1888	FALSE
DRF-25-P02	133	DRF	798	1888	FALSE
DRF-25-P02	134	DRF	798	1888	FALSE
DRF-25-P02	135	DRF	798	1888	FALSE
DRF-25-P02	136	DRF	798	1888	FALSE
DRF-25-P02	137	DRF	798	1888	FALSE
DRF-25-P02	138	DRF	798	1888	FALSE
DRF-25-P02	139	DRF	798	1888	FALSE
DRF-25-P02	140	DRF	798	1888	FALSE
DRF-25-P02	141	DRF	798	1888	FALSE
DRF-25-P02	142	DRF	798	1888	FALSE
DRF-25-P02	143	DRF	798	1888	FALSE
DRF-25-P03	0	HON	642	2586	HONEST
DRF-25-P03	1	HON	642	2600	HONEST
DRF-25-P03	2	HON	642	2600	HONEST
DRF-25-P03	3	HON	658	2614	HONEST
DRF-25-P03	4	HON	658	2614	HONEST
DRF-25-P03	5	HON	658	2586	HONEST
DRF-25-P03	6	HON	642	2614	HONEST
DRF-25-P03	7	HON	642	2600	HONEST
DRF-25-P03	8	HON	650	2600	HONEST
DRF-25-P03	9	HON	658	2614	HONEST
DRF-25-P03	10	DRF	662	2607	FALSE
DRF-25-P03	11	DRF	666	2600	FALSE
DRF-25-P03	12	DRF	670	2593	FALSE
DRF-25-P03	13	DRF	674	2586	FALSE
DRF-25-P03	14	DRF	678	2579	FALSE
DRF-25-P03	15	DRF	682	2572	FALSE
DRF-25-P03	16	DRF	686	2565	FALSE
DRF-25-P03	17	DRF	690	2558	FALSE
DRF-25-P03	18	DRF	694	2551	FALSE
DRF-25-P03	19	DRF	698	2544	FALSE
DRF-25-P03	20	DRF	702	2537	FALSE
DRF-25-P03	21	DRF	706	2530	FALSE
DRF-25-P03	22	DRF	710	2523	FALSE
DRF-25-P03	23	DRF	714	2516	FALSE
DRF-25-P03	24	DRF	718	2509	FALSE
DRF-25-P03	25	DRF	722	2502	FALSE
DRF-25-P03	26	DRF	726	2495	FALSE
DRF-25-P03	27	DRF	730	2488	FALSE
DRF-25-P03	28	DRF	734	2481	FALSE
DRF-25-P03	29	DRF	738	2474	FALSE
DRF-25-P03	30	DRF	742	2467	FALSE
DRF-25-P03	31	DRF	746	2460	FALSE
DRF-25-P03	32	DRF	750	2453	FALSE
DRF-25-P03	33	DRF	754	2446	FALSE
DRF-25-P03	34	DRF	758	2439	FALSE
DRF-25-P03	35	DRF	762	2432	FALSE
DRF-25-P03	36	DRF	766	2425	FALSE
DRF-25-P03	37	DRF	770	2418	FALSE
DRF-25-P03	38	DRF	774	2411	FALSE
DRF-25-P03	39	DRF	778	2404	FALSE
DRF-25-P03	40	DRF	782	2397	FALSE
DRF-25-P03	41	DRF	786	2390	FALSE
DRF-25-P03	42	DRF	790	2383	FALSE
DRF-25-P03	43	DRF	794	2376	FALSE
DRF-25-P03	44	DRF	798	2369	FALSE
DRF-25-P03	45	DRF	802	2362	FALSE
DRF-25-P03	46	DRF	806	2355	FALSE
DRF-25-P03	47	DRF	810	2348	FALSE
DRF-25-P03	48	DRF	814	2341	FALSE
DRF-25-P03	49	DRF	815	2334	FALSE
DRF-25-P03	50	DRF	815	2327	FALSE
DRF-25-P03	51	DRF	815	2320	FALSE
DRF-25-P03	52	DRF	815	2313	FALSE
DRF-25-P03	53	DRF	815	2306	FALSE
DRF-25-P03	54	DRF	815	2299	FALSE
DRF-25-P03	55	DRF	815	2292	FALSE
DRF-25-P03	56	DRF	815	2285	FALSE
DRF-25-P03	57	DRF	815	2278	FALSE
DRF-25-P03	58	DRF	815	2271	FALSE
DRF-25-P03	59	DRF	815	2264	FALSE
DRF-25-P03	60	DRF	815	2257	FALSE
DRF-25-P03	61	DRF	815	2250	FALSE
DRF-25-P03	62	DRF	815	2243	FALSE
DRF-25-P03	63	DRF	815	2236	FALSE
DRF-25-P03	64	DRF	815	2229	FALSE
DRF-25-P03	65	DRF	815	2222	FALSE
DRF-25-P03	66	DRF	815	2215	FALSE
DRF-25-P03	67	DRF	815	2208	FALSE
DRF-25-P03	68	DRF	815	2201	FALSE
DRF-25-P03	69	DRF	815	2194	FALSE
DRF-25-P03	70	DRF	815	2187	FALSE
DRF-25-P03	71	DRF	815	2180	FALSE
DRF-25-P03	72	DRF	815	2173	FALSE
DRF-25-P03	73	DRF	815	2166	FALSE
DRF-25-P03	74	DRF	815	2159	FALSE
DRF-25-P03	75	DRF	815	2152	FALSE
DRF-25-P03	76	DRF	815	2145	FALSE
DRF-25-P03	77	DRF	815	2138	FALSE
DRF-25-P03	78	DRF	815	2131	FALSE
DRF-25-P03	79	DRF	815	2124	FALSE
DRF-25-P03	80	DRF	815	2117	FALSE
DRF-25-P03	81	DRF	815	2110	FALSE
DRF-25-P03	82	DRF	815	2103	FALSE
DRF-25-P03	83	DRF	815	2096	FALSE
DRF-25-P03	84	DRF	815	2089	FALSE
DRF-25-P03	85	DRF	815	2082	FALSE
DRF-25-P03	86	DRF	815	2075	FALSE
DRF-25-P03	87	DRF	815	2068	FALSE
DRF-25-P03	88	DRF	815	2061	FALSE
DRF-25-P03	89	DRF	815	2054	FALSE
DRF-25-P03	90	DRF	815	2047	FALSE
DRF-25-P03	91	DRF	815	2040	FALSE
DRF-25-P03	92	DRF	815	2033	FALSE
DRF-25-P03	93	DRF	815	2026	FALSE
DRF-25-P03	94	DRF	815	2019	FALSE
DRF-25-P03	95	DRF	815	2012	FALSE
DRF-25-P03	96	DRF	815	2005	FALSE
DRF-25-P03	97	DRF	815	1998	FALSE
DRF-25-P03	98	DRF	815	1991	FALSE
DRF-25-P03	99	DRF	815	1984	FALSE
DRF-25-P03	100	DRF	815	1977	FALSE
DRF-25-P03	101	DRF	815	1970	FALSE
DRF-25-P03	102	DRF	815	1963	FALSE
DRF-25-P03	103	DRF	815	1956	FALSE
DRF-25-P03	104	DRF	815	1949	FALSE
DRF-25-P03	105	DRF	815	1942	FALSE
DRF-25-P03	106	DRF	815	1935	FALSE
DRF-25-P03	107	DRF	815	1928	FALSE
DRF-25-P03	108	DRF	815	1921	FALSE
DRF-25-P03	109	DRF	815	1914	FALSE
DRF-25-P03	110	DRF	815	1907	FALSE
DRF-25-P03	111	DRF	815	1900	FALSE
DRF-25-P03	112	DRF	815	1893	FALSE
DRF-25-P03	113	DRF	815	1888	FALSE
DRF-25-P03	114	DRF	815	1888	FALSE
DRF-25-P03	115	DRF	815	1888	FALSE
DRF-25-P03	116	DRF	815	1888	FALSE
DRF-25-P03	117	DRF	815	1888	FALSE
DRF-25-P03	118	DRF	815	1888	FALSE
DRF-25-P03	119	DRF	815	1888	FALSE
DRF-25-P03	120	DRF	815	1888	FALSE
DRF-25-P03	121	DRF	815	1888	FALSE
DRF-25-P03	122	DRF	815	1888	FALSE
DRF-25-P03	123	DRF	815	1888	FALSE
DRF-25-P03	124	DRF	815	1888	FALSE
DRF-25-P03	125	DRF	815	1888	FALSE
DRF-25-P03	126	DRF	815	1888	FALSE
DRF-25-P03	127	DRF	815	1888	FALSE
DRF-25-P03	128	DRF	815	1888	FALSE
DRF-25-P03	129	DRF	815	1888	FALSE
DRF-25-P03	130	DRF	815	1888	FALSE
DRF-25-P03	131	DRF	815	1888	FALSE
DRF-25-P03	132	DRF	815	1888	FALSE
DRF-25-P03	133	DRF	815	1888	FALSE
DRF-25-P03	134	DRF	815	1888	FALSE
DRF-25-P03	135	DRF	815	1888	FALSE
DRF-25-P03	136	DRF	815	1888	FALSE
DRF-25-P03	137	DRF	815	1888	FALSE
DRF-25-P03	138	DRF	815	1888	FALSE
DRF-25-P03	139	DRF	815	1888	FALSE
DRF-25-P03	140	DRF	815	1888	FALSE
DRF-25-P03	141	DRF	815	1888	FALSE
DRF-25-P03	142	DRF	815	1888	FALSE
DRF-25-P03	143	DRF	815	1888	FALSE
DRF-25-P04	0	HON	642	2586	HONEST
DRF-25-P04	1	HON	650	2614	HONEST
DRF-25-P04	2	HON	650	2600	HONEST
DRF-25-P04	3	HON	658	2586	HONEST
DRF-25-P04	4	HON	658	2614	HONEST
DRF-25-P04	5	HON	642	2600	HONEST
DRF-25-P04	6	HON	658	2586	HONEST
DRF-25-P04	7	HON	650	2600	HONEST
DRF-25-P04	8	HON	650	2586	HONEST
DRF-25-P04	9	HON	658	2586	HONEST
DRF-25-P04	10	DRF	662	2579	FALSE
DRF-25-P04	11	DRF	666	2572	FALSE
DRF-25-P04	12	DRF	670	2565	FALSE
DRF-25-P04	13	DRF	674	2558	FALSE
DRF-25-P04	14	DRF	678	2551	FALSE
DRF-25-P04	15	DRF	682	2544	FALSE
DRF-25-P04	16	DRF	686	2537	FALSE
DRF-25-P04	17	DRF	690	2530	FALSE
DRF-25-P04	18	DRF	694	2523	FALSE
DRF-25-P04	19	DRF	698	2516	FALSE
DRF-25-P04	20	DRF	702	2509	FALSE
DRF-25-P04	21	DRF	706	2502	FALSE
DRF-25-P04	22	DRF	710	2495	FALSE
DRF-25-P04	23	DRF	714	2488	FALSE
DRF-25-P04	24	DRF	718	2481	FALSE
DRF-25-P04	25	DRF	722	2474	FALSE
DRF-25-P04	26	DRF	726	2467	FALSE
DRF-25-P04	27	DRF	730	2460	FALSE
DRF-25-P04	28	DRF	734	2453	FALSE
DRF-25-P04	29	DRF	738	2446	FALSE
DRF-25-P04	30	DRF	742	2439	FALSE
DRF-25-P04	31	DRF	746	2432	FALSE
DRF-25-P04	32	DRF	750	2425	FALSE
DRF-25-P04	33	DRF	754	2418	FALSE
DRF-25-P04	34	DRF	758	2411	FALSE
DRF-25-P04	35	DRF	762	2404	FALSE
DRF-25-P04	36	DRF	766	2397	FALSE
DRF-25-P04	37	DRF	770	2390	FALSE
DRF-25-P04	38	DRF	774	2383	FALSE
DRF-25-P04	39	DRF	778	2376	FALSE
DRF-25-P04	40	DRF	782	2369	FALSE
DRF-25-P04	41	DRF	786	2362	FALSE
DRF-25-P04	42	DRF	790	2355	FALSE
DRF-25-P04	43	DRF	794	2348	FALSE
DRF-25-P04	44	DRF	798	2341	FALSE
DRF-25-P04	45	DRF	802	2334	FALSE
DRF-25-P04	46	DRF	806	2327	FALSE
DRF-25-P04	47	DRF	810	2320	FALSE
DRF-25-P04	48	DRF	814	2313	FALSE
DRF-25-P04	49	DRF	818	2306	FALSE
DRF-25-P04	50	DRF	822	2299	FALSE
DRF-25-P04	51	DRF	826	2292	FALSE
DRF-25-P04	52	DRF	830	2285	FALSE
DRF-25-P04	53	DRF	832	2278	FALSE
DRF-25-P04	54	DRF	832	2271	FALSE
DRF-25-P04	55	DRF	832	2264	FALSE
DRF-25-P04	56	DRF	832	2257	FALSE
DRF-25-P04	57	DRF	832	2250	FALSE
DRF-25-P04	58	DRF	832	2243	FALSE
DRF-25-P04	59	DRF	832	2236	FALSE
DRF-25-P04	60	DRF	832	2229	FALSE
DRF-25-P04	61	DRF	832	2222	FALSE
DRF-25-P04	62	DRF	832	2215	FALSE
DRF-25-P04	63	DRF	832	2208	FALSE
DRF-25-P04	64	DRF	832	2201	FALSE
DRF-25-P04	65	DRF	832	2194	FALSE
DRF-25-P04	66	DRF	832	2187	FALSE
DRF-25-P04	67	DRF	832	2180	FALSE
DRF-25-P04	68	DRF	832	2173	FALSE
DRF-25-P04	69	DRF	832	2166	FALSE
DRF-25-P04	70	DRF	832	2159	FALSE
DRF-25-P04	71	DRF	832	2152	FALSE
DRF-25-P04	72	DRF	832	2145	FALSE
DRF-25-P04	73	DRF	832	2138	FALSE
DRF-25-P04	74	DRF	832	2131	FALSE
DRF-25-P04	75	DRF	832	2124	FALSE
DRF-25-P04	76	DRF	832	2117	FALSE
DRF-25-P04	77	DRF	832	2110	FALSE
DRF-25-P04	78	DRF	832	2103	FALSE
DRF-25-P04	79	DRF	832	2096	FALSE
DRF-25-P04	80	DRF	832	2089	FALSE
DRF-25-P04	81	DRF	832	2082	FALSE
DRF-25-P04	82	DRF	832	2075	FALSE
DRF-25-P04	83	DRF	832	2068	FALSE
DRF-25-P04	84	DRF	832	2061	FALSE
DRF-25-P04	85	DRF	832	2054	FALSE
DRF-25-P04	86	DRF	832	2047	FALSE
DRF-25-P04	87	DRF	832	2040	FALSE
DRF-25-P04	88	DRF	832	2033	FALSE
DRF-25-P04	89	DRF	832	2026	FALSE
DRF-25-P04	90	DRF	832	2019	FALSE
DRF-25-P04	91	DRF	832	2012	FALSE
DRF-25-P04	92	DRF	832	2005	FALSE
DRF-25-P04	93	DRF	832	1998	FALSE
DRF-25-P04	94	DRF	832	1991	FALSE
DRF-25-P04	95	DRF	832	1984	FALSE
DRF-25-P04	96	DRF	832	1977	FALSE
DRF-25-P04	97	DRF	832	1970	FALSE
DRF-25-P04	98	DRF	832	1963	FALSE
DRF-25-P04	99	DRF	832	1956	FALSE
DRF-25-P04	100	DRF	832	1949	FALSE
DRF-25-P04	101	DRF	832	1942	FALSE
DRF-25-P04	102	DRF	832	1935	FALSE
DRF-25-P04	103	DRF	832	1928	FALSE
DRF-25-P04	104	DRF	832	1921	FALSE
DRF-25-P04	105	DRF	832	1914	FALSE
DRF-25-P04	106	DRF	832	1907	FALSE
DRF-25-P04	107	DRF	832	1900	FALSE
DRF-25-P04	108	DRF	832	1893	FALSE
DRF-25-P04	109	DRF	832	1888	FALSE
DRF-25-P04	110	DRF	832	1888	FALSE
DRF-25-P04	111	DRF	832	1888	FALSE
DRF-25-P04	112	DRF	832	1888	FALSE
DRF-25-P04	113	DRF	832	1888	FALSE
DRF-25-P04	114	DRF	832	1888	FALSE
DRF-25-P04	115	DRF	832	1888	FALSE
DRF-25-P04	116	DRF	832	1888	FALSE
DRF-25-P04	117	DRF	832	1888	FALSE
DRF-25-P04	118	DRF	832	1888	FALSE
DRF-25-P04	119	DRF	832	1888	FALSE
DRF-25-P04	120	DRF	832	1888	FALSE
DRF-25-P04	121	DRF	832	1888	FALSE
DRF-25-P04	122	DRF	832	1888	FALSE
DRF-25-P04	123	DRF	832	1888	FALSE
DRF-25-P04	124	DRF	832	1888	FALSE
DRF-25-P04	125	DRF	832	1888	FALSE
DRF-25-P04	126	DRF	832	1888	FALSE
DRF-25-P04	127	DRF	832	1888	FALSE
DRF-25-P04	128	DRF	832	1888	FALSE
DRF-25-P04	129	DRF	832	1888	FALSE
DRF-25-P04	130	DRF	832	1888	FALSE
DRF-25-P04	131	DRF	832	1888	FALSE
DRF-25-P04	132	DRF	832	1888	FALSE
DRF-25-P04	133	DRF	832	1888	FALSE
DRF-25-P04	134	DRF	832	1888	FALSE
DRF-25-P04	135	DRF	832	1888	FALSE
DRF-25-P04	136	DRF	832	1888	FALSE
DRF-25-P04	137	DRF	832	1888	FALSE
DRF-25-P04	138	DRF	832	1888	FALSE
DRF-25-P04	139	DRF	832	1888	FALSE
DRF-25-P05	0	HON	642	2600	HONEST
DRF-25-P05	1	HON	658	2586	HONEST
DRF-25-P05	2	HON	650	2586	HONEST
DRF-25-P05	3	HON	642	2586	HONEST
DRF-25-P05	4	HON	658	2600	HONEST
DRF-25-P05	5	HON	650	2600	HONEST
DRF-25-P05	6	HON	642	2614	HONEST
DRF-25-P05	7	HON	650	2614	HONEST
DRF-25-P05	8	HON	642	2614	HONEST
DRF-25-P05	9	HON	642	2614	HONEST
DRF-25-P05	10	DRF	646	2607	FALSE
DRF-25-P05	11	DRF	650	2600	FALSE
DRF-25-P05	12	DRF	654	2593	FALSE
DRF-25-P05	13	DRF	658	2586	FALSE
DRF-25-P05	14	DRF	662	2579	FALSE
DRF-25-P05	15	DRF	666	2572	FALSE
DRF-25-P05	16	DRF	670	2565	FALSE
DRF-25-P05	17	DRF	674	2558	FALSE
DRF-25-P05	18	DRF	678	2551	FALSE
DRF-25-P05	19	DRF	682	2544	FALSE
DRF-25-P05	20	DRF	686	2537	FALSE
DRF-25-P05	21	DRF	690	2530	FALSE
DRF-25-P05	22	DRF	694	2523	FALSE
DRF-25-P05	23	DRF	698	2516	FALSE
DRF-25-P05	24	DRF	702	2509	FALSE
DRF-25-P05	25	DRF	706	2502	FALSE
DRF-25-P05	26	DRF	710	2495	FALSE
DRF-25-P05	27	DRF	714	2488	FALSE
DRF-25-P05	28	DRF	718	2481	FALSE
DRF-25-P05	29	DRF	722	2474	FALSE
DRF-25-P05	30	DRF	726	2467	FALSE
DRF-25-P05	31	DRF	730	2460	FALSE
DRF-25-P05	32	DRF	734	2453	FALSE
DRF-25-P05	33	DRF	738	2446	FALSE
DRF-25-P05	34	DRF	742	2439	FALSE
DRF-25-P05	35	DRF	746	2432	FALSE
DRF-25-P05	36	DRF	750	2425	FALSE
DRF-25-P05	37	DRF	754	2418	FALSE
DRF-25-P05	38	DRF	758	2411	FALSE
DRF-25-P05	39	DRF	762	2404	FALSE
DRF-25-P05	40	DRF	764	2397	FALSE
DRF-25-P05	41	DRF	764	2390	FALSE
DRF-25-P05	42	DRF	764	2383	FALSE
DRF-25-P05	43	DRF	764	2376	FALSE
DRF-25-P05	44	DRF	764	2369	FALSE
DRF-25-P05	45	DRF	764	2362	FALSE
DRF-25-P05	46	DRF	764	2355	FALSE
DRF-25-P05	47	DRF	764	2348	FALSE
DRF-25-P05	48	DRF	764	2341	FALSE
DRF-25-P05	49	DRF	764	2334	FALSE
DRF-25-P05	50	DRF	764	2327	FALSE
DRF-25-P05	51	DRF	764	2320	FALSE
DRF-25-P05	52	DRF	764	2313	FALSE
DRF-25-P05	53	DRF	764	2306	FALSE
DRF-25-P05	54	DRF	764	2299	FALSE
DRF-25-P05	55	DRF	764	2292	FALSE
DRF-25-P05	56	DRF	764	2285	FALSE
DRF-25-P05	57	DRF	764	2278	FALSE
DRF-25-P05	58	DRF	764	2271	FALSE
DRF-25-P05	59	DRF	764	2264	FALSE
DRF-25-P05	60	DRF	764	2257	FALSE
DRF-25-P05	61	DRF	764	2250	FALSE
DRF-25-P05	62	DRF	764	2243	FALSE
DRF-25-P05	63	DRF	764	2236	FALSE
DRF-25-P05	64	DRF	764	2229	FALSE
DRF-25-P05	65	DRF	764	2222	FALSE
DRF-25-P05	66	DRF	764	2215	FALSE
DRF-25-P05	67	DRF	764	2208	FALSE
DRF-25-P05	68	DRF	764	2201	FALSE
DRF-25-P05	69	DRF	764	2194	FALSE
DRF-25-P05	70	DRF	764	2187	FALSE
DRF-25-P05	71	DRF	764	2180	FALSE
DRF-25-P05	72	DRF	764	2173	FALSE
DRF-25-P05	73	DRF	764	2166	FALSE
DRF-25-P05	74	DRF	764	2159	FALSE
DRF-25-P05	75	DRF	764	2152	FALSE
DRF-25-P05	76	DRF	764	2145	FALSE
DRF-25-P05	77	DRF	764	2138	FALSE
DRF-25-P05	78	DRF	764	2131	FALSE
DRF-25-P05	79	DRF	764	2130	FALSE
DRF-25-P05	80	DRF	764	2130	FALSE
DRF-25-P05	81	DRF	764	2130	FALSE
DRF-25-P05	82	DRF	764	2130	FALSE
DRF-25-P05	83	DRF	764	2130	FALSE
DRF-25-P05	84	DRF	764	2130	FALSE
DRF-25-P05	85	DRF	764	2130	FALSE
DRF-25-P05	86	DRF	764	2130	FALSE
DRF-25-P05	87	DRF	764	2130	FALSE
DRF-25-P05	88	DRF	764	2130	FALSE
DRF-25-P05	89	DRF	764	2130	FALSE
DRF-25-P05	90	DRF	764	2130	FALSE
DRF-25-P05	91	DRF	764	2130	FALSE
DRF-25-P05	92	DRF	764	2130	FALSE
DRF-25-P05	93	DRF	764	2130	FALSE
DRF-25-P05	94	DRF	764	2130	FALSE
DRF-25-P05	95	DRF	764	2130	FALSE
DRF-25-P05	96	DRF	764	2130	FALSE
DRF-25-P05	97	DRF	764	2130	FALSE
DRF-25-P05	98	DRF	764	2130	FALSE
DRF-25-P05	99	DRF	764	2130	FALSE
DRF-25-P05	100	DRF	764	2130	FALSE
DRF-25-P05	101	DRF	764	2130	FALSE
DRF-25-P05	102	DRF	764	2130	FALSE
DRF-25-P05	103	DRF	764	2130	FALSE
DRF-25-P05	104	DRF	764	2130	FALSE
DRF-25-P05	105	DRF	764	2130	FALSE
DRF-25-P05	106	DRF	764	2130	FALSE
DRF-25-P05	107	DRF	764	2130	FALSE
DRF-25-P05	108	DRF	764	2130	FALSE
DRF-25-P05	109	DRF	764	2130	FALSE
DRF-25-P06	0	HON	650	2614	HONEST
DRF-25-P06	1	HON	642	2586	HONEST
DRF-25-P06	2	HON	642	2614	HONEST
DRF-25-P06	3	HON	642	2600	HONEST
DRF-25-P06	4	HON	650	2586	HONEST
DRF-25-P06	5	HON	650	2586	HONEST
DRF-25-P06	6	HON	658	2614	HONEST
DRF-25-P06	7	HON	658	2600	HONEST
DRF-25-P06	8	HON	658	2586	HONEST
DRF-25-P06	9	HON	658	2586	HONEST
DRF-25-P06	10	DRF	662	2579	FALSE
DRF-25-P06	11	DRF	666	2572	FALSE
DRF-25-P06	12	DRF	670	2565	FALSE
DRF-25-P06	13	DRF	674	2558	FALSE
DRF-25-P06	14	DRF	678	2551	FALSE
DRF-25-P06	15	DRF	682	2544	FALSE
DRF-25-P06	16	DRF	686	2537	FALSE
DRF-25-P06	17	DRF	690	2530	FALSE
DRF-25-P06	18	DRF	694	2523	FALSE
DRF-25-P06	19	DRF	698	2516	FALSE
DRF-25-P06	20	DRF	702	2509	FALSE
DRF-25-P06	21	DRF	706	2502	FALSE
DRF-25-P06	22	DRF	710	2495	FALSE
DRF-25-P06	23	DRF	714	2488	FALSE
DRF-25-P06	24	DRF	718	2481	FALSE
DRF-25-P06	25	DRF	722	2474	FALSE
DRF-25-P06	26	DRF	726	2467	FALSE
DRF-25-P06	27	DRF	730	2460	FALSE
DRF-25-P06	28	DRF	734	2453	FALSE
DRF-25-P06	29	DRF	738	2446	FALSE
DRF-25-P06	30	DRF	742	2439	FALSE
DRF-25-P06	31	DRF	746	2432	FALSE
DRF-25-P06	32	DRF	750	2425	FALSE
DRF-25-P06	33	DRF	754	2418	FALSE
DRF-25-P06	34	DRF	758	2411	FALSE
DRF-25-P06	35	DRF	762	2404	FALSE
DRF-25-P06	36	DRF	766	2397	FALSE
DRF-25-P06	37	DRF	770	2390	FALSE
DRF-25-P06	38	DRF	774	2383	FALSE
DRF-25-P06	39	DRF	778	2376	FALSE
DRF-25-P06	40	DRF	781	2369	FALSE
DRF-25-P06	41	DRF	781	2362	FALSE
DRF-25-P06	42	DRF	781	2355	FALSE
DRF-25-P06	43	DRF	781	2348	FALSE
DRF-25-P06	44	DRF	781	2341	FALSE
DRF-25-P06	45	DRF	781	2334	FALSE
DRF-25-P06	46	DRF	781	2327	FALSE
DRF-25-P06	47	DRF	781	2320	FALSE
DRF-25-P06	48	DRF	781	2313	FALSE
DRF-25-P06	49	DRF	781	2306	FALSE
DRF-25-P06	50	DRF	781	2299	FALSE
DRF-25-P06	51	DRF	781	2292	FALSE
DRF-25-P06	52	DRF	781	2285	FALSE
DRF-25-P06	53	DRF	781	2278	FALSE
DRF-25-P06	54	DRF	781	2271	FALSE
DRF-25-P06	55	DRF	781	2264	FALSE
DRF-25-P06	56	DRF	781	2257	FALSE
DRF-25-P06	57	DRF	781	2250	FALSE
DRF-25-P06	58	DRF	781	2243	FALSE
DRF-25-P06	59	DRF	781	2236	FALSE
DRF-25-P06	60	DRF	781	2229	FALSE
DRF-25-P06	61	DRF	781	2222	FALSE
DRF-25-P06	62	DRF	781	2215	FALSE
DRF-25-P06	63	DRF	781	2208	FALSE
DRF-25-P06	64	DRF	781	2201	FALSE
DRF-25-P06	65	DRF	781	2194	FALSE
DRF-25-P06	66	DRF	781	2187	FALSE
DRF-25-P06	67	DRF	781	2180	FALSE
DRF-25-P06	68	DRF	781	2173	FALSE
DRF-25-P06	69	DRF	781	2166	FALSE
DRF-25-P06	70	DRF	781	2159	FALSE
DRF-25-P06	71	DRF	781	2152	FALSE
DRF-25-P06	72	DRF	781	2145	FALSE
DRF-25-P06	73	DRF	781	2138	FALSE
DRF-25-P06	74	DRF	781	2131	FALSE
DRF-25-P06	75	DRF	781	2130	FALSE
DRF-25-P06	76	DRF	781	2130	FALSE
DRF-25-P06	77	DRF	781	2130	FALSE
DRF-25-P06	78	DRF	781	2130	FALSE
DRF-25-P06	79	DRF	781	2130	FALSE
DRF-25-P06	80	DRF	781	2130	FALSE
DRF-25-P06	81	DRF	781	2130	FALSE
DRF-25-P06	82	DRF	781	2130	FALSE
DRF-25-P06	83	DRF	781	2130	FALSE
DRF-25-P06	84	DRF	781	2130	FALSE
DRF-25-P06	85	DRF	781	2130	FALSE
DRF-25-P06	86	DRF	781	2130	FALSE
DRF-25-P06	87	DRF	781	2130	FALSE
DRF-25-P06	88	DRF	781	2130	FALSE
DRF-25-P06	89	DRF	781	2130	FALSE
DRF-25-P06	90	DRF	781	2130	FALSE
DRF-25-P06	91	DRF	781	2130	FALSE
DRF-25-P06	92	DRF	781	2130	FALSE
DRF-25-P06	93	DRF	781	2130	FALSE
DRF-25-P06	94	DRF	781	2130	FALSE
DRF-25-P06	95	DRF	781	2130	FALSE
DRF-25-P06	96	DRF	781	2130	FALSE
DRF-25-P06	97	DRF	781	2130	FALSE
DRF-25-P06	98	DRF	781	2130	FALSE
DRF-25-P06	99	DRF	781	2130	FALSE
DRF-25-P06	100	DRF	781	2130	FALSE
DRF-25-P06	101	DRF	781	2130	FALSE
DRF-25-P06	102	DRF	781	2130	FALSE
DRF-25-P06	103	DRF	781	2130	FALSE
DRF-25-P06	104	DRF	781	2130	FALSE
DRF-25-P06	105	DRF	781	2130	FALSE
DRF-25-P07	0	HON	658	2614	HONEST
DRF-25-P07	1	HON	642	2586	HONEST
DRF-25-P07	2	HON	658	2600	HONEST
DRF-25-P07	3	HON	650	2614	HONEST
DRF-25-P07	4	HON	642	2586	HONEST
DRF-25-P07	5	HON	642	2586	HONEST
DRF-25-P07	6	HON	658	2600	HONEST
DRF-25-P07	7	HON	650	2586	HONEST
DRF-25-P07	8	HON	642	2586	HONEST
DRF-25-P07	9	HON	642	2586	HONEST
DRF-25-P07	10	DRF	646	2579	FALSE
DRF-25-P07	11	DRF	650	2572	FALSE
DRF-25-P07	12	DRF	654	2565	FALSE
DRF-25-P07	13	DRF	658	2558	FALSE
DRF-25-P07	14	DRF	662	2551	FALSE
DRF-25-P07	15	DRF	666	2544	FALSE
DRF-25-P07	16	DRF	670	2537	FALSE
DRF-25-P07	17	DRF	674	2530	FALSE
DRF-25-P07	18	DRF	678	2523	FALSE
DRF-25-P07	19	DRF	682	2516	FALSE
DRF-25-P07	20	DRF	686	2509	FALSE
DRF-25-P07	21	DRF	690	2502	FALSE
DRF-25-P07	22	DRF	694	2495	FALSE
DRF-25-P07	23	DRF	698	2488	FALSE
DRF-25-P07	24	DRF	702	2481	FALSE
DRF-25-P07	25	DRF	706	2474	FALSE
DRF-25-P07	26	DRF	710	2467	FALSE
DRF-25-P07	27	DRF	714	2460	FALSE
DRF-25-P07	28	DRF	718	2453	FALSE
DRF-25-P07	29	DRF	722	2446	FALSE
DRF-25-P07	30	DRF	726	2439	FALSE
DRF-25-P07	31	DRF	730	2432	FALSE
DRF-25-P07	32	DRF	734	2425	FALSE
DRF-25-P07	33	DRF	738	2418	FALSE
DRF-25-P07	34	DRF	742	2411	FALSE
DRF-25-P07	35	DRF	746	2404	FALSE
DRF-25-P07	36	DRF	750	2397	FALSE
DRF-25-P07	37	DRF	754	2390	FALSE
DRF-25-P07	38	DRF	758	2383	FALSE
DRF-25-P07	39	DRF	762	2376	FALSE
DRF-25-P07	40	DRF	766	2369	FALSE
DRF-25-P07	41	DRF	770	2362	FALSE
DRF-25-P07	42	DRF	774	2355	FALSE
DRF-25-P07	43	DRF	778	2348	FALSE
DRF-25-P07	44	DRF	782	2341	FALSE
DRF-25-P07	45	DRF	786	2334	FALSE
DRF-25-P07	46	DRF	790	2327	FALSE
DRF-25-P07	47	DRF	794	2320	FALSE
DRF-25-P07	48	DRF	798	2313	FALSE
DRF-25-P07	49	DRF	798	2306	FALSE
DRF-25-P07	50	DRF	798	2299	FALSE
DRF-25-P07	51	DRF	798	2292	FALSE
DRF-25-P07	52	DRF	798	2285	FALSE
DRF-25-P07	53	DRF	798	2278	FALSE
DRF-25-P07	54	DRF	798	2271	FALSE
DRF-25-P07	55	DRF	798	2264	FALSE
DRF-25-P07	56	DRF	798	2257	FALSE
DRF-25-P07	57	DRF	798	2250	FALSE
DRF-25-P07	58	DRF	798	2243	FALSE
DRF-25-P07	59	DRF	798	2236	FALSE
DRF-25-P07	60	DRF	798	2229	FALSE
DRF-25-P07	61	DRF	798	2222	FALSE
DRF-25-P07	62	DRF	798	2215	FALSE
DRF-25-P07	63	DRF	798	2208	FALSE
DRF-25-P07	64	DRF	798	2201	FALSE
DRF-25-P07	65	DRF	798	2194	FALSE
DRF-25-P07	66	DRF	798	2187	FALSE
DRF-25-P07	67	DRF	798	2180	FALSE
DRF-25-P07	68	DRF	798	2173	FALSE
DRF-25-P07	69	DRF	798	2166	FALSE
DRF-25-P07	70	DRF	798	2159	FALSE
DRF-25-P07	71	DRF	798	2152	FALSE
DRF-25-P07	72	DRF	798	2145	FALSE
DRF-25-P07	73	DRF	798	2138	FALSE
DRF-25-P07	74	DRF	798	2131	FALSE
DRF-25-P07	75	DRF	798	2130	FALSE
DRF-25-P07	76	DRF	798	2130	FALSE
DRF-25-P07	77	DRF	798	2130	FALSE
DRF-25-P07	78	DRF	798	2130	FALSE
DRF-25-P07	79	DRF	798	2130	FALSE
DRF-25-P07	80	DRF	798	2130	FALSE
DRF-25-P07	81	DRF	798	2130	FALSE
DRF-25-P07	82	DRF	798	2130	FALSE
DRF-25-P07	83	DRF	798	2130	FALSE
DRF-25-P07	84	DRF	798	2130	FALSE
DRF-25-P07	85	DRF	798	2130	FALSE
DRF-25-P07	86	DRF	798	2130	FALSE
DRF-25-P07	87	DRF	798	2130	FALSE
DRF-25-P07	88	DRF	798	2130	FALSE
DRF-25-P07	89	DRF	798	2130	FALSE
DRF-25-P07	90	DRF	798	2130	FALSE
DRF-25-P07	91	DRF	798	2130	FALSE
DRF-25-P07	92	DRF	798	2130	FALSE
DRF-25-P07	93	DRF	798	2130	FALSE
DRF-25-P07	94	DRF	798	2130	FALSE
DRF-25-P07	95	DRF	798	2130	FALSE
DRF-25-P07	96	DRF	798	2130	FALSE
DRF-25-P07	97	DRF	798	2130	FALSE
DRF-25-P07	98	DRF	798	2130	FALSE
DRF-25-P07	99	DRF	798	2130	FALSE
DRF-25-P07	100	DRF	798	2130	FALSE
DRF-25-P07	101	DRF	798	2130	FALSE
DRF-25-P07	102	DRF	798	2130	FALSE
DRF-25-P07	103	DRF	798	2130	FALSE
DRF-25-P07	104	DRF	798	2130	FALSE
DRF-25-P07	105	DRF	798	2130	FALSE
DRF-25-P08	0	HON	658	2600	HONEST
DRF-25-P08	1	HON	642	2586	HONEST
DRF-25-P08	2	HON	650	2600	HONEST
DRF-25-P08	3	HON	658	2586	HONEST
DRF-25-P08	4	HON	642	2600	HONEST
DRF-25-P08	5	HON	642	2586	HONEST
DRF-25-P08	6	HON	650	2586	HONEST
DRF-25-P08	7	HON	642	2586	HONEST
DRF-25-P08	8	HON	642	2600	HONEST
DRF-25-P08	9	HON	642	2600	HONEST
DRF-25-P08	10	DRF	646	2593	FALSE
DRF-25-P08	11	DRF	650	2586	FALSE
DRF-25-P08	12	DRF	654	2579	FALSE
DRF-25-P08	13	DRF	658	2572	FALSE
DRF-25-P08	14	DRF	662	2565	FALSE
DRF-25-P08	15	DRF	666	2558	FALSE
DRF-25-P08	16	DRF	670	2551	FALSE
DRF-25-P08	17	DRF	674	2544	FALSE
DRF-25-P08	18	DRF	678	2537	FALSE
DRF-25-P08	19	DRF	682	2530	FALSE
DRF-25-P08	20	DRF	686	2523	FALSE
DRF-25-P08	21	DRF	690	2516	FALSE
DRF-25-P08	22	DRF	694	2509	FALSE
DRF-25-P08	23	DRF	698	2502	FALSE
DRF-25-P08	24	DRF	702	2495	FALSE
DRF-25-P08	25	DRF	706	2488	FALSE
DRF-25-P08	26	DRF	710	2481	FALSE
DRF-25-P08	27	DRF	714	2474	FALSE
DRF-25-P08	28	DRF	718	2467	FALSE
DRF-25-P08	29	DRF	722	2460	FALSE
DRF-25-P08	30	DRF	726	2453	FALSE
DRF-25-P08	31	DRF	730	2446	FALSE
DRF-25-P08	32	DRF	734	2439	FALSE
DRF-25-P08	33	DRF	738	2432	FALSE
DRF-25-P08	34	DRF	742	2425	FALSE
DRF-25-P08	35	DRF	746	2418	FALSE
DRF-25-P08	36	DRF	750	2411	FALSE
DRF-25-P08	37	DRF	754	2404	FALSE
DRF-25-P08	38	DRF	758	2397	FALSE
DRF-25-P08	39	DRF	762	2390	FALSE
DRF-25-P08	40	DRF	766	2383	FALSE
DRF-25-P08	41	DRF	770	2376	FALSE
DRF-25-P08	42	DRF	774	2369	FALSE
DRF-25-P08	43	DRF	778	2362	FALSE
DRF-25-P08	44	DRF	782	2355	FALSE
DRF-25-P08	45	DRF	786	2348	FALSE
DRF-25-P08	46	DRF	790	2341	FALSE
DRF-25-P08	47	DRF	794	2334	FALSE
DRF-25-P08	48	DRF	798	2327	FALSE
DRF-25-P08	49	DRF	802	2320	FALSE
DRF-25-P08	50	DRF	806	2313	FALSE
DRF-25-P08	51	DRF	810	2306	FALSE
DRF-25-P08	52	DRF	814	2299	FALSE
DRF-25-P08	53	DRF	815	2292	FALSE
DRF-25-P08	54	DRF	815	2285	FALSE
DRF-25-P08	55	DRF	815	2278	FALSE
DRF-25-P08	56	DRF	815	2271	FALSE
DRF-25-P08	57	DRF	815	2264	FALSE
DRF-25-P08	58	DRF	815	2257	FALSE
DRF-25-P08	59	DRF	815	2250	FALSE
DRF-25-P08	60	DRF	815	2243	FALSE
DRF-25-P08	61	DRF	815	2236	FALSE
DRF-25-P08	62	DRF	815	2229	FALSE
DRF-25-P08	63	DRF	815	2222	FALSE
DRF-25-P08	64	DRF	815	2215	FALSE
DRF-25-P08	65	DRF	815	2208	FALSE
DRF-25-P08	66	DRF	815	2201	FALSE
DRF-25-P08	67	DRF	815	2194	FALSE
DRF-25-P08	68	DRF	815	2187	FALSE
DRF-25-P08	69	DRF	815	2180	FALSE
DRF-25-P08	70	DRF	815	2173	FALSE
DRF-25-P08	71	DRF	815	2166	FALSE
DRF-25-P08	72	DRF	815	2159	FALSE
DRF-25-P08	73	DRF	815	2152	FALSE
DRF-25-P08	74	DRF	815	2145	FALSE
DRF-25-P08	75	DRF	815	2138	FALSE
DRF-25-P08	76	DRF	815	2131	FALSE
DRF-25-P08	77	DRF	815	2130	FALSE
DRF-25-P08	78	DRF	815	2130	FALSE
DRF-25-P08	79	DRF	815	2130	FALSE
DRF-25-P08	80	DRF	815	2130	FALSE
DRF-25-P08	81	DRF	815	2130	FALSE
DRF-25-P08	82	DRF	815	2130	FALSE
DRF-25-P08	83	DRF	815	2130	FALSE
DRF-25-P08	84	DRF	815	2130	FALSE
DRF-25-P08	85	DRF	815	2130	FALSE
DRF-25-P08	86	DRF	815	2130	FALSE
DRF-25-P08	87	DRF	815	2130	FALSE
DRF-25-P08	88	DRF	815	2130	FALSE
DRF-25-P08	89	DRF	815	2130	FALSE
DRF-25-P08	90	DRF	815	2130	FALSE
DRF-25-P08	91	DRF	815	2130	FALSE
DRF-25-P08	92	DRF	815	2130	FALSE
DRF-25-P08	93	DRF	815	2130	FALSE
DRF-25-P08	94	DRF	815	2130	FALSE
DRF-25-P08	95	DRF	815	2130	FALSE
DRF-25-P08	96	DRF	815	2130	FALSE
DRF-25-P08	97	DRF	815	2130	FALSE
DRF-25-P08	98	DRF	815	2130	FALSE
DRF-25-P08	99	DRF	815	2130	FALSE
DRF-25-P08	100	DRF	815	2130	FALSE
DRF-25-P08	101	DRF	815	2130	FALSE
DRF-25-P08	102	DRF	815	2130	FALSE
DRF-25-P08	103	DRF	815	2130	FALSE
DRF-25-P08	104	DRF	815	2130	FALSE
DRF-25-P08	105	DRF	815	2130	FALSE
DRF-25-P08	106	DRF	815	2130	FALSE
DRF-25-P08	107	DRF	815	2130	FALSE
DRF-25-P09	0	HON	650	2614	HONEST
DRF-25-P09	1	HON	642	2614	HONEST
DRF-25-P09	2	HON	650	2614	HONEST
DRF-25-P09	3	HON	642	2586	HONEST
DRF-25-P09	4	HON	650	2586	HONEST
DRF-25-P09	5	HON	642	2600	HONEST
DRF-25-P09	6	HON	642	2614	HONEST
DRF-25-P09	7	HON	642	2586	HONEST
DRF-25-P09	8	HON	650	2614	HONEST
DRF-25-P09	9	HON	650	2600	HONEST
DRF-25-P09	10	DRF	654	2593	FALSE
DRF-25-P09	11	DRF	658	2586	FALSE
DRF-25-P09	12	DRF	662	2579	FALSE
DRF-25-P09	13	DRF	666	2572	FALSE
DRF-25-P09	14	DRF	670	2565	FALSE
DRF-25-P09	15	DRF	674	2558	FALSE
DRF-25-P09	16	DRF	678	2551	FALSE
DRF-25-P09	17	DRF	682	2544	FALSE
DRF-25-P09	18	DRF	686	2537	FALSE
DRF-25-P09	19	DRF	690	2530	FALSE
DRF-25-P09	20	DRF	694	2523	FALSE
DRF-25-P09	21	DRF	698	2516	FALSE
DRF-25-P09	22	DRF	702	2509	FALSE
DRF-25-P09	23	DRF	706	2502	FALSE
DRF-25-P09	24	DRF	710	2495	FALSE
DRF-25-P09	25	DRF	714	2488	FALSE
DRF-25-P09	26	DRF	718	2481	FALSE
DRF-25-P09	27	DRF	722	2474	FALSE
DRF-25-P09	28	DRF	726	2467	FALSE
DRF-25-P09	29	DRF	730	2460	FALSE
DRF-25-P09	30	DRF	734	2453	FALSE
DRF-25-P09	31	DRF	738	2446	FALSE
DRF-25-P09	32	DRF	742	2439	FALSE
DRF-25-P09	33	DRF	746	2432	FALSE
DRF-25-P09	34	DRF	750	2425	FALSE
DRF-25-P09	35	DRF	754	2418	FALSE
DRF-25-P09	36	DRF	758	2411	FALSE
DRF-25-P09	37	DRF	762	2404	FALSE
DRF-25-P09	38	DRF	766	2397	FALSE
DRF-25-P09	39	DRF	770	2390	FALSE
DRF-25-P09	40	DRF	774	2383	FALSE
DRF-25-P09	41	DRF	778	2376	FALSE
DRF-25-P09	42	DRF	782	2369	FALSE
DRF-25-P09	43	DRF	786	2362	FALSE
DRF-25-P09	44	DRF	790	2355	FALSE
DRF-25-P09	45	DRF	794	2348	FALSE
DRF-25-P09	46	DRF	798	2341	FALSE
DRF-25-P09	47	DRF	802	2334	FALSE
DRF-25-P09	48	DRF	806	2327	FALSE
DRF-25-P09	49	DRF	810	2320	FALSE
DRF-25-P09	50	DRF	814	2313	FALSE
DRF-25-P09	51	DRF	818	2306	FALSE
DRF-25-P09	52	DRF	822	2299	FALSE
DRF-25-P09	53	DRF	826	2292	FALSE
DRF-25-P09	54	DRF	830	2285	FALSE
DRF-25-P09	55	DRF	832	2278	FALSE
DRF-25-P09	56	DRF	832	2271	FALSE
DRF-25-P09	57	DRF	832	2264	FALSE
DRF-25-P09	58	DRF	832	2257	FALSE
DRF-25-P09	59	DRF	832	2250	FALSE
DRF-25-P09	60	DRF	832	2243	FALSE
DRF-25-P09	61	DRF	832	2236	FALSE
DRF-25-P09	62	DRF	832	2229	FALSE
DRF-25-P09	63	DRF	832	2222	FALSE
DRF-25-P09	64	DRF	832	2215	FALSE
DRF-25-P09	65	DRF	832	2208	FALSE
DRF-25-P09	66	DRF	832	2201	FALSE
DRF-25-P09	67	DRF	832	2194	FALSE
DRF-25-P09	68	DRF	832	2187	FALSE
DRF-25-P09	69	DRF	832	2180	FALSE
DRF-25-P09	70	DRF	832	2173	FALSE
DRF-25-P09	71	DRF	832	2166	FALSE
DRF-25-P09	72	DRF	832	2159	FALSE
DRF-25-P09	73	DRF	832	2152	FALSE
DRF-25-P09	74	DRF	832	2145	FALSE
DRF-25-P09	75	DRF	832	2138	FALSE
DRF-25-P09	76	DRF	832	2131	FALSE
DRF-25-P09	77	DRF	832	2130	FALSE
DRF-25-P09	78	DRF	832	2130	FALSE
DRF-25-P09	79	DRF	832	2130	FALSE
DRF-25-P09	80	DRF	832	2130	FALSE
DRF-25-P09	81	DRF	832	2130	FALSE
DRF-25-P09	82	DRF	832	2130	FALSE
DRF-25-P09	83	DRF	832	2130	FALSE
DRF-25-P09	84	DRF	832	2130	FALSE
DRF-25-P09	85	DRF	832	2130	FALSE
DRF-25-P09	86	DRF	832	2130	FALSE
DRF-25-P09	87	DRF	832	2130	FALSE
DRF-25-P09	88	DRF	832	2130	FALSE
DRF-25-P09	89	DRF	832	2130	FALSE
DRF-25-P09	90	DRF	832	2130	FALSE
DRF-25-P09	91	DRF	832	2130	FALSE
DRF-25-P09	92	DRF	832	2130	FALSE
DRF-25-P09	93	DRF	832	2130	FALSE
DRF-25-P09	94	DRF	832	2130	FALSE
DRF-25-P09	95	DRF	832	2130	FALSE
DRF-25-P09	96	DRF	832	2130	FALSE
DRF-25-P09	97	DRF	832	2130	FALSE
DRF-25-P09	98	DRF	832	2130	FALSE
DRF-25-P09	99	DRF	832	2130	FALSE
DRF-25-P09	100	DRF	832	2130	FALSE
DRF-25-P09	101	DRF	832	2130	FALSE
DRF-25-P09	102	DRF	832	2130	FALSE
DRF-25-P09	103	DRF	832	2130	FALSE
DRF-25-P09	104	DRF	832	2130	FALSE
DRF-25-P09	105	DRF	832	2130	FALSE
DRF-25-P09	106	DRF	832	2130	FALSE
DRF-25-P09	107	DRF	832	2130	FALSE
DRF-25-P10	0	HON	658	2614	HONEST
DRF-25-P10	1	HON	658	2614	HONEST
DRF-25-P10	2	HON	658	2586	HONEST
DRF-25-P10	3	HON	642	2614	HONEST
DRF-25-P10	4	HON	642	2600	HONEST
DRF-25-P10	5	HON	650	2600	HONEST
DRF-25-P10	6	HON	658	2614	HONEST
DRF-25-P10	7	HON	642	2600	HONEST
DRF-25-P10	8	HON	658	2586	HONEST
DRF-25-P10	9	HON	650	2586	HONEST
DRF-25-P10	10	DRF	654	2579	FALSE
DRF-25-P10	11	DRF	658	2572	FALSE
DRF-25-P10	12	DRF	662	2565	FALSE
DRF-25-P10	13	DRF	666	2558	FALSE
DRF-25-P10	14	DRF	670	2551	FALSE
DRF-25-P10	15	DRF	674	2544	FALSE
DRF-25-P10	16	DRF	678	2537	FALSE
DRF-25-P10	17	DRF	682	2530	FALSE
DRF-25-P10	18	DRF	686	2523	FALSE
DRF-25-P10	19	DRF	690	2516	FALSE
DRF-25-P10	20	DRF	694	2509	FALSE
DRF-25-P10	21	DRF	698	2502	FALSE
DRF-25-P10	22	DRF	702	2495	FALSE
DRF-25-P10	23	DRF	706	2488	FALSE
DRF-25-P10	24	DRF	710	2481	FALSE
DRF-25-P10	25	DRF	714	2474	FALSE
DRF-25-P10	26	DRF	718	2467	FALSE
DRF-25-P10	27	DRF	722	2460	FALSE
DRF-25-P10	28	DRF	726	2453	FALSE
DRF-25-P10	29	DRF	730	2446	FALSE
DRF-25-P10	30	DRF	734	2439	FALSE
DRF-25-P10	31	DRF	738	2432	FALSE
DRF-25-P10	32	DRF	742	2425	FALSE
DRF-25-P10	33	DRF	746	2418	FALSE
DRF-25-P10	34	DRF	750	2411	FALSE
DRF-25-P10	35	DRF	754	2404	FALSE
DRF-25-P10	36	DRF	758	2397	FALSE
DRF-25-P10	37	DRF	762	2390	FALSE
DRF-25-P10	38	DRF	764	2383	FALSE
DRF-25-P10	39	DRF	764	2376	FALSE
DRF-25-P10	40	DRF	764	2372	FALSE
DRF-25-P10	41	DRF	764	2372	FALSE
DRF-25-P10	42	DRF	764	2372	FALSE
DRF-25-P10	43	DRF	764	2372	FALSE
DRF-25-P10	44	DRF	764	2372	FALSE
DRF-25-P10	45	DRF	764	2372	FALSE
DRF-25-P10	46	DRF	764	2372	FALSE
DRF-25-P10	47	DRF	764	2372	FALSE
DRF-25-P10	48	DRF	764	2372	FALSE
DRF-25-P10	49	DRF	764	2372	FALSE
DRF-25-P10	50	DRF	764	2372	FALSE
DRF-25-P10	51	DRF	764	2372	FALSE
DRF-25-P10	52	DRF	764	2372	FALSE
DRF-25-P10	53	DRF	764	2372	FALSE
DRF-25-P10	54	DRF	764	2372	FALSE
DRF-25-P10	55	DRF	764	2372	FALSE
DRF-25-P10	56	DRF	764	2372	FALSE
DRF-25-P10	57	DRF	764	2372	FALSE
DRF-25-P10	58	DRF	764	2372	FALSE
DRF-25-P10	59	DRF	764	2372	FALSE
DRF-25-P10	60	DRF	764	2372	FALSE
DRF-25-P10	61	DRF	764	2372	FALSE
DRF-25-P10	62	DRF	764	2372	FALSE
DRF-25-P10	63	DRF	764	2372	FALSE
DRF-25-P10	64	DRF	764	2372	FALSE
DRF-25-P10	65	DRF	764	2372	FALSE
DRF-25-P10	66	DRF	764	2372	FALSE
DRF-25-P10	67	DRF	764	2372	FALSE
DRF-25-P10	68	DRF	764	2372	FALSE
DRF-25-P10	69	DRF	764	2372	FALSE
DRF-25-P10	70	DRF	764	2372	FALSE
DRF-25-P11	0	HON	658	2586	HONEST
DRF-25-P11	1	HON	658	2614	HONEST
DRF-25-P11	2	HON	642	2600	HONEST
DRF-25-P11	3	HON	658	2586	HONEST
DRF-25-P11	4	HON	650	2600	HONEST
DRF-25-P11	5	HON	650	2586	HONEST
DRF-25-P11	6	HON	658	2586	HONEST
DRF-25-P11	7	HON	650	2614	HONEST
DRF-25-P11	8	HON	642	2586	HONEST
DRF-25-P11	9	HON	642	2614	HONEST
DRF-25-P11	10	DRF	646	2607	FALSE
DRF-25-P11	11	DRF	650	2600	FALSE
DRF-25-P11	12	DRF	654	2593	FALSE
DRF-25-P11	13	DRF	658	2586	FALSE
DRF-25-P11	14	DRF	662	2579	FALSE
DRF-25-P11	15	DRF	666	2572	FALSE
DRF-25-P11	16	DRF	670	2565	FALSE
DRF-25-P11	17	DRF	674	2558	FALSE
DRF-25-P11	18	DRF	678	2551	FALSE
DRF-25-P11	19	DRF	682	2544	FALSE
DRF-25-P11	20	DRF	686	2537	FALSE
DRF-25-P11	21	DRF	690	2530	FALSE
DRF-25-P11	22	DRF	694	2523	FALSE
DRF-25-P11	23	DRF	698	2516	FALSE
DRF-25-P11	24	DRF	702	2509	FALSE
DRF-25-P11	25	DRF	706	2502	FALSE
DRF-25-P11	26	DRF	710	2495	FALSE
DRF-25-P11	27	DRF	714	2488	FALSE
DRF-25-P11	28	DRF	718	2481	FALSE
DRF-25-P11	29	DRF	722	2474	FALSE
DRF-25-P11	30	DRF	726	2467	FALSE
DRF-25-P11	31	DRF	730	2460	FALSE
DRF-25-P11	32	DRF	734	2453	FALSE
DRF-25-P11	33	DRF	738	2446	FALSE
DRF-25-P11	34	DRF	742	2439	FALSE
DRF-25-P11	35	DRF	746	2432	FALSE
DRF-25-P11	36	DRF	750	2425	FALSE
DRF-25-P11	37	DRF	754	2418	FALSE
DRF-25-P11	38	DRF	758	2411	FALSE
DRF-25-P11	39	DRF	762	2404	FALSE
DRF-25-P11	40	DRF	766	2397	FALSE
DRF-25-P11	41	DRF	770	2390	FALSE
DRF-25-P11	42	DRF	774	2383	FALSE
DRF-25-P11	43	DRF	778	2376	FALSE
DRF-25-P11	44	DRF	781	2372	FALSE
DRF-25-P11	45	DRF	781	2372	FALSE
DRF-25-P11	46	DRF	781	2372	FALSE
DRF-25-P11	47	DRF	781	2372	FALSE
DRF-25-P11	48	DRF	781	2372	FALSE
DRF-25-P11	49	DRF	781	2372	FALSE
DRF-25-P11	50	DRF	781	2372	FALSE
DRF-25-P11	51	DRF	781	2372	FALSE
DRF-25-P11	52	DRF	781	2372	FALSE
DRF-25-P11	53	DRF	781	2372	FALSE
DRF-25-P11	54	DRF	781	2372	FALSE
DRF-25-P11	55	DRF	781	2372	FALSE
DRF-25-P11	56	DRF	781	2372	FALSE
DRF-25-P11	57	DRF	781	2372	FALSE
DRF-25-P11	58	DRF	781	2372	FALSE
DRF-25-P11	59	DRF	781	2372	FALSE
DRF-25-P11	60	DRF	781	2372	FALSE
DRF-25-P11	61	DRF	781	2372	FALSE
DRF-25-P11	62	DRF	781	2372	FALSE
DRF-25-P11	63	DRF	781	2372	FALSE
DRF-25-P11	64	DRF	781	2372	FALSE
DRF-25-P11	65	DRF	781	2372	FALSE
DRF-25-P11	66	DRF	781	2372	FALSE
DRF-25-P11	67	DRF	781	2372	FALSE
DRF-25-P11	68	DRF	781	2372	FALSE
DRF-25-P11	69	DRF	781	2372	FALSE
DRF-25-P11	70	DRF	781	2372	FALSE
DRF-25-P11	71	DRF	781	2372	FALSE
DRF-25-P11	72	DRF	781	2372	FALSE
DRF-25-P11	73	DRF	781	2372	FALSE
DRF-25-P11	74	DRF	781	2372	FALSE
DRF-25-P12	0	HON	642	2586	HONEST
DRF-25-P12	1	HON	658	2600	HONEST
DRF-25-P12	2	HON	650	2600	HONEST
DRF-25-P12	3	HON	642	2614	HONEST
DRF-25-P12	4	HON	650	2614	HONEST
DRF-25-P12	5	HON	642	2614	HONEST
DRF-25-P12	6	HON	642	2614	HONEST
DRF-25-P12	7	HON	658	2614	HONEST
DRF-25-P12	8	HON	642	2586	HONEST
DRF-25-P12	9	HON	658	2600	HONEST
DRF-25-P12	10	DRF	662	2593	FALSE
DRF-25-P12	11	DRF	666	2586	FALSE
DRF-25-P12	12	DRF	670	2579	FALSE
DRF-25-P12	13	DRF	674	2572	FALSE
DRF-25-P12	14	DRF	678	2565	FALSE
DRF-25-P12	15	DRF	682	2558	FALSE
DRF-25-P12	16	DRF	686	2551	FALSE
DRF-25-P12	17	DRF	690	2544	FALSE
DRF-25-P12	18	DRF	694	2537	FALSE
DRF-25-P12	19	DRF	698	2530	FALSE
DRF-25-P12	20	DRF	702	2523	FALSE
DRF-25-P12	21	DRF	706	2516	FALSE
DRF-25-P12	22	DRF	710	2509	FALSE
DRF-25-P12	23	DRF	714	2502	FALSE
DRF-25-P12	24	DRF	718	2495	FALSE
DRF-25-P12	25	DRF	722	2488	FALSE
DRF-25-P12	26	DRF	726	2481	FALSE
DRF-25-P12	27	DRF	730	2474	FALSE
DRF-25-P12	28	DRF	734	2467	FALSE
DRF-25-P12	29	DRF	738	2460	FALSE
DRF-25-P12	30	DRF	742	2453	FALSE
DRF-25-P12	31	DRF	746	2446	FALSE
DRF-25-P12	32	DRF	750	2439	FALSE
DRF-25-P12	33	DRF	754	2432	FALSE
DRF-25-P12	34	DRF	758	2425	FALSE
DRF-25-P12	35	DRF	762	2418	FALSE
DRF-25-P12	36	DRF	766	2411	FALSE
DRF-25-P12	37	DRF	770	2404	FALSE
DRF-25-P12	38	DRF	774	2397	FALSE
DRF-25-P12	39	DRF	778	2390	FALSE
DRF-25-P12	40	DRF	782	2383	FALSE
DRF-25-P12	41	DRF	786	2376	FALSE
DRF-25-P12	42	DRF	790	2372	FALSE
DRF-25-P12	43	DRF	794	2372	FALSE
DRF-25-P12	44	DRF	798	2372	FALSE
DRF-25-P12	45	DRF	798	2372	FALSE
DRF-25-P12	46	DRF	798	2372	FALSE
DRF-25-P12	47	DRF	798	2372	FALSE
DRF-25-P12	48	DRF	798	2372	FALSE
DRF-25-P12	49	DRF	798	2372	FALSE
DRF-25-P12	50	DRF	798	2372	FALSE
DRF-25-P12	51	DRF	798	2372	FALSE
DRF-25-P12	52	DRF	798	2372	FALSE
DRF-25-P12	53	DRF	798	2372	FALSE
DRF-25-P12	54	DRF	798	2372	FALSE
DRF-25-P12	55	DRF	798	2372	FALSE
DRF-25-P12	56	DRF	798	2372	FALSE
DRF-25-P12	57	DRF	798	2372	FALSE
DRF-25-P12	58	DRF	798	2372	FALSE
DRF-25-P12	59	DRF	798	2372	FALSE
DRF-25-P12	60	DRF	798	2372	FALSE
DRF-25-P12	61	DRF	798	2372	FALSE
DRF-25-P12	62	DRF	798	2372	FALSE
DRF-25-P12	63	DRF	798	2372	FALSE
DRF-25-P12	64	DRF	798	2372	FALSE
DRF-25-P12	65	DRF	798	2372	FALSE
DRF-25-P12	66	DRF	798	2372	FALSE
DRF-25-P12	67	DRF	798	2372	FALSE
DRF-25-P12	68	DRF	798	2372	FALSE
DRF-25-P12	69	DRF	798	2372	FALSE
DRF-25-P12	70	DRF	798	2372	FALSE
DRF-25-P12	71	DRF	798	2372	FALSE
DRF-25-P12	72	DRF	798	2372	FALSE
DRF-25-P12	73	DRF	798	2372	FALSE
DRF-25-P12	74	DRF	798	2372	FALSE
DRF-25-P13	0	HON	642	2600	HONEST
DRF-25-P13	1	HON	650	2586	HONEST
DRF-25-P13	2	HON	650	2586	HONEST
DRF-25-P13	3	HON	658	2614	HONEST
DRF-25-P13	4	HON	658	2600	HONEST
DRF-25-P13	5	HON	658	2586	HONEST
DRF-25-P13	6	HON	658	2586	HONEST
DRF-25-P13	7	HON	658	2600	HONEST
DRF-25-P13	8	HON	642	2586	HONEST
DRF-25-P13	9	HON	650	2600	HONEST
DRF-25-P13	10	DRF	654	2593	FALSE
DRF-25-P13	11	DRF	658	2586	FALSE
DRF-25-P13	12	DRF	662	2579	FALSE
DRF-25-P13	13	DRF	666	2572	FALSE
DRF-25-P13	14	DRF	670	2565	FALSE
DRF-25-P13	15	DRF	674	2558	FALSE
DRF-25-P13	16	DRF	678	2551	FALSE
DRF-25-P13	17	DRF	682	2544	FALSE
DRF-25-P13	18	DRF	686	2537	FALSE
DRF-25-P13	19	DRF	690	2530	FALSE
DRF-25-P13	20	DRF	694	2523	FALSE
DRF-25-P13	21	DRF	698	2516	FALSE
DRF-25-P13	22	DRF	702	2509	FALSE
DRF-25-P13	23	DRF	706	2502	FALSE
DRF-25-P13	24	DRF	710	2495	FALSE
DRF-25-P13	25	DRF	714	2488	FALSE
DRF-25-P13	26	DRF	718	2481	FALSE
DRF-25-P13	27	DRF	722	2474	FALSE
DRF-25-P13	28	DRF	726	2467	FALSE
DRF-25-P13	29	DRF	730	2460	FALSE
DRF-25-P13	30	DRF	734	2453	FALSE
DRF-25-P13	31	DRF	738	2446	FALSE
DRF-25-P13	32	DRF	742	2439	FALSE
DRF-25-P13	33	DRF	746	2432	FALSE
DRF-25-P13	34	DRF	750	2425	FALSE
DRF-25-P13	35	DRF	754	2418	FALSE
DRF-25-P13	36	DRF	758	2411	FALSE
DRF-25-P13	37	DRF	762	2404	FALSE
DRF-25-P13	38	DRF	766	2397	FALSE
DRF-25-P13	39	DRF	770	2390	FALSE
DRF-25-P13	40	DRF	774	2383	FALSE
DRF-25-P13	41	DRF	778	2376	FALSE
DRF-25-P13	42	DRF	782	2372	FALSE
DRF-25-P13	43	DRF	786	2372	FALSE
DRF-25-P13	44	DRF	790	2372	FALSE
DRF-25-P13	45	DRF	794	2372	FALSE
DRF-25-P13	46	DRF	798	2372	FALSE
DRF-25-P13	47	DRF	802	2372	FALSE
DRF-25-P13	48	DRF	806	2372	FALSE
DRF-25-P13	49	DRF	810	2372	FALSE
DRF-25-P13	50	DRF	814	2372	FALSE
DRF-25-P13	51	DRF	815	2372	FALSE
DRF-25-P13	52	DRF	815	2372	FALSE
DRF-25-P13	53	DRF	815	2372	FALSE
DRF-25-P13	54	DRF	815	2372	FALSE
DRF-25-P13	55	DRF	815	2372	FALSE
DRF-25-P13	56	DRF	815	2372	FALSE
DRF-25-P13	57	DRF	815	2372	FALSE
DRF-25-P13	58	DRF	815	2372	FALSE
DRF-25-P13	59	DRF	815	2372	FALSE
DRF-25-P13	60	DRF	815	2372	FALSE
DRF-25-P13	61	DRF	815	2372	FALSE
DRF-25-P13	62	DRF	815	2372	FALSE
DRF-25-P13	63	DRF	815	2372	FALSE
DRF-25-P13	64	DRF	815	2372	FALSE
DRF-25-P13	65	DRF	815	2372	FALSE
DRF-25-P13	66	DRF	815	2372	FALSE
DRF-25-P13	67	DRF	815	2372	FALSE
DRF-25-P13	68	DRF	815	2372	FALSE
DRF-25-P13	69	DRF	815	2372	FALSE
DRF-25-P13	70	DRF	815	2372	FALSE
DRF-25-P13	71	DRF	815	2372	FALSE
DRF-25-P13	72	DRF	815	2372	FALSE
DRF-25-P13	73	DRF	815	2372	FALSE
DRF-25-P13	74	DRF	815	2372	FALSE
DRF-25-P13	75	DRF	815	2372	FALSE
DRF-25-P13	76	DRF	815	2372	FALSE
DRF-25-P13	77	DRF	815	2372	FALSE
DRF-25-P13	78	DRF	815	2372	FALSE
DRF-25-P13	79	DRF	815	2372	FALSE
DRF-25-P13	80	DRF	815	2372	FALSE
DRF-25-P13	81	DRF	815	2372	FALSE
DRF-25-P14	0	HON	650	2614	HONEST
DRF-25-P14	1	HON	642	2586	HONEST
DRF-25-P14	2	HON	642	2586	HONEST
DRF-25-P14	3	HON	658	2600	HONEST
DRF-25-P14	4	HON	650	2586	HONEST
DRF-25-P14	5	HON	642	2586	HONEST
DRF-25-P14	6	HON	642	2586	HONEST
DRF-25-P14	7	HON	650	2614	HONEST
DRF-25-P14	8	HON	642	2614	HONEST
DRF-25-P14	9	HON	650	2614	HONEST
DRF-25-P14	10	DRF	654	2607	FALSE
DRF-25-P14	11	DRF	658	2600	FALSE
DRF-25-P14	12	DRF	662	2593	FALSE
DRF-25-P14	13	DRF	666	2586	FALSE
DRF-25-P14	14	DRF	670	2579	FALSE
DRF-25-P14	15	DRF	674	2572	FALSE
DRF-25-P14	16	DRF	678	2565	FALSE
DRF-25-P14	17	DRF	682	2558	FALSE
DRF-25-P14	18	DRF	686	2551	FALSE
DRF-25-P14	19	DRF	690	2544	FALSE
DRF-25-P14	20	DRF	694	2537	FALSE
DRF-25-P14	21	DRF	698	2530	FALSE
DRF-25-P14	22	DRF	702	2523	FALSE
DRF-25-P14	23	DRF	706	2516	FALSE
DRF-25-P14	24	DRF	710	2509	FALSE
DRF-25-P14	25	DRF	714	2502	FALSE
DRF-25-P14	26	DRF	718	2495	FALSE
DRF-25-P14	27	DRF	722	2488	FALSE
DRF-25-P14	28	DRF	726	2481	FALSE
DRF-25-P14	29	DRF	730	2474	FALSE
DRF-25-P14	30	DRF	734	2467	FALSE
DRF-25-P14	31	DRF	738	2460	FALSE
DRF-25-P14	32	DRF	742	2453	FALSE
DRF-25-P14	33	DRF	746	2446	FALSE
DRF-25-P14	34	DRF	750	2439	FALSE
DRF-25-P14	35	DRF	754	2432	FALSE
DRF-25-P14	36	DRF	758	2425	FALSE
DRF-25-P14	37	DRF	762	2418	FALSE
DRF-25-P14	38	DRF	766	2411	FALSE
DRF-25-P14	39	DRF	770	2404	FALSE
DRF-25-P14	40	DRF	774	2397	FALSE
DRF-25-P14	41	DRF	778	2390	FALSE
DRF-25-P14	42	DRF	782	2383	FALSE
DRF-25-P14	43	DRF	786	2376	FALSE
DRF-25-P14	44	DRF	790	2372	FALSE
DRF-25-P14	45	DRF	794	2372	FALSE
DRF-25-P14	46	DRF	798	2372	FALSE
DRF-25-P14	47	DRF	802	2372	FALSE
DRF-25-P14	48	DRF	806	2372	FALSE
DRF-25-P14	49	DRF	810	2372	FALSE
DRF-25-P14	50	DRF	814	2372	FALSE
DRF-25-P14	51	DRF	818	2372	FALSE
DRF-25-P14	52	DRF	822	2372	FALSE
DRF-25-P14	53	DRF	826	2372	FALSE
DRF-25-P14	54	DRF	830	2372	FALSE
DRF-25-P14	55	DRF	832	2372	FALSE
DRF-25-P14	56	DRF	832	2372	FALSE
DRF-25-P14	57	DRF	832	2372	FALSE
DRF-25-P14	58	DRF	832	2372	FALSE
DRF-25-P14	59	DRF	832	2372	FALSE
DRF-25-P14	60	DRF	832	2372	FALSE
DRF-25-P14	61	DRF	832	2372	FALSE
DRF-25-P14	62	DRF	832	2372	FALSE
DRF-25-P14	63	DRF	832	2372	FALSE
DRF-25-P14	64	DRF	832	2372	FALSE
DRF-25-P14	65	DRF	832	2372	FALSE
DRF-25-P14	66	DRF	832	2372	FALSE
DRF-25-P14	67	DRF	832	2372	FALSE
DRF-25-P14	68	DRF	832	2372	FALSE
DRF-25-P14	69	DRF	832	2372	FALSE
DRF-25-P14	70	DRF	832	2372	FALSE
DRF-25-P14	71	DRF	832	2372	FALSE
DRF-25-P14	72	DRF	832	2372	FALSE
DRF-25-P14	73	DRF	832	2372	FALSE
DRF-25-P14	74	DRF	832	2372	FALSE
DRF-25-P14	75	DRF	832	2372	FALSE
DRF-25-P14	76	DRF	832	2372	FALSE
DRF-25-P14	77	DRF	832	2372	FALSE
DRF-25-P14	78	DRF	832	2372	FALSE
DRF-25-P14	79	DRF	832	2372	FALSE
DRF-25-P14	80	DRF	832	2372	FALSE
DRF-25-P14	81	DRF	832	2372	FALSE
DRF-25-P14	82	DRF	832	2372	FALSE
DRF-25-P14	83	DRF	832	2372	FALSE
DRF-25-P14	84	DRF	832	2372	FALSE
DRF-25-P14	85	DRF	832	2372	FALSE
DRF-50-P00	0	HON	658	2600	HONEST
DRF-50-P00	1	HON	642	2586	HONEST
DRF-50-P00	2	HON	650	2600	HONEST
DRF-50-P00	3	HON	658	2586	HONEST
DRF-50-P00	4	HON	642	2600	HONEST
DRF-50-P00	5	HON	642	2586	HONEST
DRF-50-P00	6	HON	650	2586	HONEST
DRF-50-P00	7	HON	642	2586	HONEST
DRF-50-P00	8	HON	642	2600	HONEST
DRF-50-P00	9	HON	642	2600	HONEST
DRF-50-P00	10	DRF	650	2586	FALSE
DRF-50-P00	11	DRF	658	2572	FALSE
DRF-50-P00	12	DRF	666	2558	FALSE
DRF-50-P00	13	DRF	674	2544	FALSE
DRF-50-P00	14	DRF	682	2530	FALSE
DRF-50-P00	15	DRF	690	2516	FALSE
DRF-50-P00	16	DRF	698	2502	FALSE
DRF-50-P00	17	DRF	706	2488	FALSE
DRF-50-P00	18	DRF	714	2474	FALSE
DRF-50-P00	19	DRF	722	2460	FALSE
DRF-50-P00	20	DRF	730	2446	FALSE
DRF-50-P00	21	DRF	738	2432	FALSE
DRF-50-P00	22	DRF	746	2418	FALSE
DRF-50-P00	23	DRF	754	2404	FALSE
DRF-50-P00	24	DRF	762	2390	FALSE
DRF-50-P00	25	DRF	764	2376	FALSE
DRF-50-P00	26	DRF	764	2362	FALSE
DRF-50-P00	27	DRF	764	2348	FALSE
DRF-50-P00	28	DRF	764	2334	FALSE
DRF-50-P00	29	DRF	764	2320	FALSE
DRF-50-P00	30	DRF	764	2306	FALSE
DRF-50-P00	31	DRF	764	2292	FALSE
DRF-50-P00	32	DRF	764	2278	FALSE
DRF-50-P00	33	DRF	764	2264	FALSE
DRF-50-P00	34	DRF	764	2250	FALSE
DRF-50-P00	35	DRF	764	2236	FALSE
DRF-50-P00	36	DRF	764	2222	FALSE
DRF-50-P00	37	DRF	764	2208	FALSE
DRF-50-P00	38	DRF	764	2194	FALSE
DRF-50-P00	39	DRF	764	2180	FALSE
DRF-50-P00	40	DRF	764	2166	FALSE
DRF-50-P00	41	DRF	764	2152	FALSE
DRF-50-P00	42	DRF	764	2138	FALSE
DRF-50-P00	43	DRF	764	2124	FALSE
DRF-50-P00	44	DRF	764	2110	FALSE
DRF-50-P00	45	DRF	764	2096	FALSE
DRF-50-P00	46	DRF	764	2082	FALSE
DRF-50-P00	47	DRF	764	2068	FALSE
DRF-50-P00	48	DRF	764	2054	FALSE
DRF-50-P00	49	DRF	764	2040	FALSE
DRF-50-P00	50	DRF	764	2026	FALSE
DRF-50-P00	51	DRF	764	2012	FALSE
DRF-50-P00	52	DRF	764	1998	FALSE
DRF-50-P00	53	DRF	764	1984	FALSE
DRF-50-P00	54	DRF	764	1970	FALSE
DRF-50-P00	55	DRF	764	1956	FALSE
DRF-50-P00	56	DRF	764	1942	FALSE
DRF-50-P00	57	DRF	764	1928	FALSE
DRF-50-P00	58	DRF	764	1914	FALSE
DRF-50-P00	59	DRF	764	1900	FALSE
DRF-50-P00	60	DRF	764	1888	FALSE
DRF-50-P00	61	DRF	764	1888	FALSE
DRF-50-P00	62	DRF	764	1888	FALSE
DRF-50-P00	63	DRF	764	1888	FALSE
DRF-50-P00	64	DRF	764	1888	FALSE
DRF-50-P00	65	DRF	764	1888	FALSE
DRF-50-P00	66	DRF	764	1888	FALSE
DRF-50-P00	67	DRF	764	1888	FALSE
DRF-50-P00	68	DRF	764	1888	FALSE
DRF-50-P00	69	DRF	764	1888	FALSE
DRF-50-P00	70	DRF	764	1888	FALSE
DRF-50-P00	71	DRF	764	1888	FALSE
DRF-50-P00	72	DRF	764	1888	FALSE
DRF-50-P00	73	DRF	764	1888	FALSE
DRF-50-P00	74	DRF	764	1888	FALSE
DRF-50-P00	75	DRF	764	1888	FALSE
DRF-50-P00	76	DRF	764	1888	FALSE
DRF-50-P00	77	DRF	764	1888	FALSE
DRF-50-P00	78	DRF	764	1888	FALSE
DRF-50-P00	79	DRF	764	1888	FALSE
DRF-50-P00	80	DRF	764	1888	FALSE
DRF-50-P00	81	DRF	764	1888	FALSE
DRF-50-P00	82	DRF	764	1888	FALSE
DRF-50-P00	83	DRF	764	1888	FALSE
DRF-50-P00	84	DRF	764	1888	FALSE
DRF-50-P00	85	DRF	764	1888	FALSE
DRF-50-P00	86	DRF	764	1888	FALSE
DRF-50-P00	87	DRF	764	1888	FALSE
DRF-50-P00	88	DRF	764	1888	FALSE
DRF-50-P00	89	DRF	764	1888	FALSE
DRF-50-P00	90	DRF	764	1888	FALSE
DRF-50-P01	0	HON	650	2614	HONEST
DRF-50-P01	1	HON	642	2614	HONEST
DRF-50-P01	2	HON	650	2614	HONEST
DRF-50-P01	3	HON	642	2586	HONEST
DRF-50-P01	4	HON	650	2586	HONEST
DRF-50-P01	5	HON	642	2600	HONEST
DRF-50-P01	6	HON	642	2614	HONEST
DRF-50-P01	7	HON	642	2586	HONEST
DRF-50-P01	8	HON	650	2614	HONEST
DRF-50-P01	9	HON	650	2600	HONEST
DRF-50-P01	10	DRF	658	2586	FALSE
DRF-50-P01	11	DRF	666	2572	FALSE
DRF-50-P01	12	DRF	674	2558	FALSE
DRF-50-P01	13	DRF	682	2544	FALSE
DRF-50-P01	14	DRF	690	2530	FALSE
DRF-50-P01	15	DRF	698	2516	FALSE
DRF-50-P01	16	DRF	706	2502	FALSE
DRF-50-P01	17	DRF	714	2488	FALSE
DRF-50-P01	18	DRF	722	2474	FALSE
DRF-50-P01	19	DRF	730	2460	FALSE
DRF-50-P01	20	DRF	738	2446	FALSE
DRF-50-P01	21	DRF	746	2432	FALSE
DRF-50-P01	22	DRF	754	2418	FALSE
DRF-50-P01	23	DRF	762	2404	FALSE
DRF-50-P01	24	DRF	770	2390	FALSE
DRF-50-P01	25	DRF	778	2376	FALSE
DRF-50-P01	26	DRF	781	2362	FALSE
DRF-50-P01	27	DRF	781	2348	FALSE
DRF-50-P01	28	DRF	781	2334	FALSE
DRF-50-P01	29	DRF	781	2320	FALSE
DRF-50-P01	30	DRF	781	2306	FALSE
DRF-50-P01	31	DRF	781	2292	FALSE
DRF-50-P01	32	DRF	781	2278	FALSE
DRF-50-P01	33	DRF	781	2264	FALSE
DRF-50-P01	34	DRF	781	2250	FALSE
DRF-50-P01	35	DRF	781	2236	FALSE
DRF-50-P01	36	DRF	781	2222	FALSE
DRF-50-P01	37	DRF	781	2208	FALSE
DRF-50-P01	38	DRF	781	2194	FALSE
DRF-50-P01	39	DRF	781	2180	FALSE
DRF-50-P01	40	DRF	781	2166	FALSE
DRF-50-P01	41	DRF	781	2152	FALSE
DRF-50-P01	42	DRF	781	2138	FALSE
DRF-50-P01	43	DRF	781	2124	FALSE
DRF-50-P01	44	DRF	781	2110	FALSE
DRF-50-P01	45	DRF	781	2096	FALSE
DRF-50-P01	46	DRF	781	2082	FALSE
DRF-50-P01	47	DRF	781	2068	FALSE
DRF-50-P01	48	DRF	781	2054	FALSE
DRF-50-P01	49	DRF	781	2040	FALSE
DRF-50-P01	50	DRF	781	2026	FALSE
DRF-50-P01	51	DRF	781	2012	FALSE
DRF-50-P01	52	DRF	781	1998	FALSE
DRF-50-P01	53	DRF	781	1984	FALSE
DRF-50-P01	54	DRF	781	1970	FALSE
DRF-50-P01	55	DRF	781	1956	FALSE
DRF-50-P01	56	DRF	781	1942	FALSE
DRF-50-P01	57	DRF	781	1928	FALSE
DRF-50-P01	58	DRF	781	1914	FALSE
DRF-50-P01	59	DRF	781	1900	FALSE
DRF-50-P01	60	DRF	781	1888	FALSE
DRF-50-P01	61	DRF	781	1888	FALSE
DRF-50-P01	62	DRF	781	1888	FALSE
DRF-50-P01	63	DRF	781	1888	FALSE
DRF-50-P01	64	DRF	781	1888	FALSE
DRF-50-P01	65	DRF	781	1888	FALSE
DRF-50-P01	66	DRF	781	1888	FALSE
DRF-50-P01	67	DRF	781	1888	FALSE
DRF-50-P01	68	DRF	781	1888	FALSE
DRF-50-P01	69	DRF	781	1888	FALSE
DRF-50-P01	70	DRF	781	1888	FALSE
DRF-50-P01	71	DRF	781	1888	FALSE
DRF-50-P01	72	DRF	781	1888	FALSE
DRF-50-P01	73	DRF	781	1888	FALSE
DRF-50-P01	74	DRF	781	1888	FALSE
DRF-50-P01	75	DRF	781	1888	FALSE
DRF-50-P01	76	DRF	781	1888	FALSE
DRF-50-P01	77	DRF	781	1888	FALSE
DRF-50-P01	78	DRF	781	1888	FALSE
DRF-50-P01	79	DRF	781	1888	FALSE
DRF-50-P01	80	DRF	781	1888	FALSE
DRF-50-P01	81	DRF	781	1888	FALSE
DRF-50-P01	82	DRF	781	1888	FALSE
DRF-50-P01	83	DRF	781	1888	FALSE
DRF-50-P01	84	DRF	781	1888	FALSE
DRF-50-P01	85	DRF	781	1888	FALSE
DRF-50-P01	86	DRF	781	1888	FALSE
DRF-50-P01	87	DRF	781	1888	FALSE
DRF-50-P01	88	DRF	781	1888	FALSE
DRF-50-P01	89	DRF	781	1888	FALSE
DRF-50-P01	90	DRF	781	1888	FALSE
DRF-50-P02	0	HON	658	2614	HONEST
DRF-50-P02	1	HON	658	2614	HONEST
DRF-50-P02	2	HON	658	2586	HONEST
DRF-50-P02	3	HON	642	2614	HONEST
DRF-50-P02	4	HON	642	2600	HONEST
DRF-50-P02	5	HON	650	2600	HONEST
DRF-50-P02	6	HON	658	2614	HONEST
DRF-50-P02	7	HON	642	2600	HONEST
DRF-50-P02	8	HON	658	2586	HONEST
DRF-50-P02	9	HON	650	2586	HONEST
DRF-50-P02	10	DRF	658	2572	FALSE
DRF-50-P02	11	DRF	666	2558	FALSE
DRF-50-P02	12	DRF	674	2544	FALSE
DRF-50-P02	13	DRF	682	2530	FALSE
DRF-50-P02	14	DRF	690	2516	FALSE
DRF-50-P02	15	DRF	698	2502	FALSE
DRF-50-P02	16	DRF	706	2488	FALSE
DRF-50-P02	17	DRF	714	2474	FALSE
DRF-50-P02	18	DRF	722	2460	FALSE
DRF-50-P02	19	DRF	730	2446	FALSE
DRF-50-P02	20	DRF	738	2432	FALSE
DRF-50-P02	21	DRF	746	2418	FALSE
DRF-50-P02	22	DRF	754	2404	FALSE
DRF-50-P02	23	DRF	762	2390	FALSE
DRF-50-P02	24	DRF	770	2376	FALSE
DRF-50-P02	25	DRF	778	2362	FALSE
DRF-50-P02	26	DRF	786	2348	FALSE
DRF-50-P02	27	DRF	794	2334	FALSE
DRF-50-P02	28	DRF	798	2320	FALSE
DRF-50-P02	29	DRF	798	2306	FALSE
DRF-50-P02	30	DRF	798	2292	FALSE
DRF-50-P02	31	DRF	798	2278	FALSE
DRF-50-P02	32	DRF	798	2264	FALSE
DRF-50-P02	33	DRF	798	2250	FALSE
DRF-50-P02	34	DRF	798	2236	FALSE
DRF-50-P02	35	DRF	798	2222	FALSE
DRF-50-P02	36	DRF	798	2208	FALSE
DRF-50-P02	37	DRF	798	2194	FALSE
DRF-50-P02	38	DRF	798	2180	FALSE
DRF-50-P02	39	DRF	798	2166	FALSE
DRF-50-P02	40	DRF	798	2152	FALSE
DRF-50-P02	41	DRF	798	2138	FALSE
DRF-50-P02	42	DRF	798	2124	FALSE
DRF-50-P02	43	DRF	798	2110	FALSE
DRF-50-P02	44	DRF	798	2096	FALSE
DRF-50-P02	45	DRF	798	2082	FALSE
DRF-50-P02	46	DRF	798	2068	FALSE
DRF-50-P02	47	DRF	798	2054	FALSE
DRF-50-P02	48	DRF	798	2040	FALSE
DRF-50-P02	49	DRF	798	2026	FALSE
DRF-50-P02	50	DRF	798	2012	FALSE
DRF-50-P02	51	DRF	798	1998	FALSE
DRF-50-P02	52	DRF	798	1984	FALSE
DRF-50-P02	53	DRF	798	1970	FALSE
DRF-50-P02	54	DRF	798	1956	FALSE
DRF-50-P02	55	DRF	798	1942	FALSE
DRF-50-P02	56	DRF	798	1928	FALSE
DRF-50-P02	57	DRF	798	1914	FALSE
DRF-50-P02	58	DRF	798	1900	FALSE
DRF-50-P02	59	DRF	798	1888	FALSE
DRF-50-P02	60	DRF	798	1888	FALSE
DRF-50-P02	61	DRF	798	1888	FALSE
DRF-50-P02	62	DRF	798	1888	FALSE
DRF-50-P02	63	DRF	798	1888	FALSE
DRF-50-P02	64	DRF	798	1888	FALSE
DRF-50-P02	65	DRF	798	1888	FALSE
DRF-50-P02	66	DRF	798	1888	FALSE
DRF-50-P02	67	DRF	798	1888	FALSE
DRF-50-P02	68	DRF	798	1888	FALSE
DRF-50-P02	69	DRF	798	1888	FALSE
DRF-50-P02	70	DRF	798	1888	FALSE
DRF-50-P02	71	DRF	798	1888	FALSE
DRF-50-P02	72	DRF	798	1888	FALSE
DRF-50-P02	73	DRF	798	1888	FALSE
DRF-50-P02	74	DRF	798	1888	FALSE
DRF-50-P02	75	DRF	798	1888	FALSE
DRF-50-P02	76	DRF	798	1888	FALSE
DRF-50-P02	77	DRF	798	1888	FALSE
DRF-50-P02	78	DRF	798	1888	FALSE
DRF-50-P02	79	DRF	798	1888	FALSE
DRF-50-P02	80	DRF	798	1888	FALSE
DRF-50-P02	81	DRF	798	1888	FALSE
DRF-50-P02	82	DRF	798	1888	FALSE
DRF-50-P02	83	DRF	798	1888	FALSE
DRF-50-P02	84	DRF	798	1888	FALSE
DRF-50-P02	85	DRF	798	1888	FALSE
DRF-50-P02	86	DRF	798	1888	FALSE
DRF-50-P02	87	DRF	798	1888	FALSE
DRF-50-P02	88	DRF	798	1888	FALSE
DRF-50-P02	89	DRF	798	1888	FALSE
DRF-50-P03	0	HON	658	2586	HONEST
DRF-50-P03	1	HON	658	2614	HONEST
DRF-50-P03	2	HON	642	2600	HONEST
DRF-50-P03	3	HON	658	2586	HONEST
DRF-50-P03	4	HON	650	2600	HONEST
DRF-50-P03	5	HON	650	2586	HONEST
DRF-50-P03	6	HON	658	2586	HONEST
DRF-50-P03	7	HON	650	2614	HONEST
DRF-50-P03	8	HON	642	2586	HONEST
DRF-50-P03	9	HON	642	2614	HONEST
DRF-50-P03	10	DRF	650	2600	FALSE
DRF-50-P03	11	DRF	658	2586	FALSE
DRF-50-P03	12	DRF	666	2572	FALSE
DRF-50-P03	13	DRF	674	2558	FALSE
DRF-50-P03	14	DRF	682	2544	FALSE
DRF-50-P03	15	DRF	690	2530	FALSE
DRF-50-P03	16	DRF	698	2516	FALSE
DRF-50-P03	17	DRF	706	2502	FALSE
DRF-50-P03	18	DRF	714	2488	FALSE
DRF-50-P03	19	DRF	722	2474	FALSE
DRF-50-P03	20	DRF	730	2460	FALSE
DRF-50-P03	21	DRF	738	2446	FALSE
DRF-50-P03	22	DRF	746	2432	FALSE
DRF-50-P03	23	DRF	754	2418	FALSE
DRF-50-P03	24	DRF	762	2404	FALSE
DRF-50-P03	25	DRF	770	2390	FALSE
DRF-50-P03	26	DRF	778	2376	FALSE
DRF-50-P03	27	DRF	786	2362	FALSE
DRF-50-P03	28	DRF	794	2348	FALSE
DRF-50-P03	29	DRF	802	2334	FALSE
DRF-50-P03	30	DRF	810	2320	FALSE
DRF-50-P03	31	DRF	815	2306	FALSE
DRF-50-P03	32	DRF	815	2292	FALSE
DRF-50-P03	33	DRF	815	2278	FALSE
DRF-50-P03	34	DRF	815	2264	FALSE
DRF-50-P03	35	DRF	815	2250	FALSE
DRF-50-P03	36	DRF	815	2236	FALSE
DRF-50-P03	37	DRF	815	2222	FALSE
DRF-50-P03	38	DRF	815	2208	FALSE
DRF-50-P03	39	DRF	815	2194	FALSE
DRF-50-P03	40	DRF	815	2180	FALSE
DRF-50-P03	41	DRF	815	2166	FALSE
DRF-50-P03	42	DRF	815	2152	FALSE
DRF-50-P03	43	DRF	815	2138	FALSE
DRF-50-P03	44	DRF	815	2124	FALSE
DRF-50-P03	45	DRF	815	2110	FALSE
DRF-50-P03	46	DRF	815	2096	FALSE
DRF-50-P03	47	DRF	815	2082	FALSE
DRF-50-P03	48	DRF	815	2068	FALSE
DRF-50-P03	49	DRF	815	2054	FALSE
DRF-50-P03	50	DRF	815	2040	FALSE
DRF-50-P03	51	DRF	815	2026	FALSE
DRF-50-P03	52	DRF	815	2012	FALSE
DRF-50-P03	53	DRF	815	1998	FALSE
DRF-50-P03	54	DRF	815	1984	FALSE
DRF-50-P03	55	DRF	815	1970	FALSE
DRF-50-P03	56	DRF	815	1956	FALSE
DRF-50-P03	57	DRF	815	1942	FALSE
DRF-50-P03	58	DRF	815	1928	FALSE
DRF-50-P03	59	DRF	815	1914	FALSE
DRF-50-P03	60	DRF	815	1900	FALSE
DRF-50-P03	61	DRF	815	1888	FALSE
DRF-50-P03	62	DRF	815	1888	FALSE
DRF-50-P03	63	DRF	815	1888	FALSE
DRF-50-P03	64	DRF	815	1888	FALSE
DRF-50-P03	65	DRF	815	1888	FALSE
DRF-50-P03	66	DRF	815	1888	FALSE
DRF-50-P03	67	DRF	815	1888	FALSE
DRF-50-P03	68	DRF	815	1888	FALSE
DRF-50-P03	69	DRF	815	1888	FALSE
DRF-50-P03	70	DRF	815	1888	FALSE
DRF-50-P03	71	DRF	815	1888	FALSE
DRF-50-P03	72	DRF	815	1888	FALSE
DRF-50-P03	73	DRF	815	1888	FALSE
DRF-50-P03	74	DRF	815	1888	FALSE
DRF-50-P03	75	DRF	815	1888	FALSE
DRF-50-P03	76	DRF	815	1888	FALSE
DRF-50-P03	77	DRF	815	1888	FALSE
DRF-50-P03	78	DRF	815	1888	FALSE
DRF-50-P03	79	DRF	815	1888	FALSE
DRF-50-P03	80	DRF	815	1888	FALSE
DRF-50-P03	81	DRF	815	1888	FALSE
DRF-50-P03	82	DRF	815	1888	FALSE
DRF-50-P03	83	DRF	815	1888	FALSE
DRF-50-P03	84	DRF	815	1888	FALSE
DRF-50-P03	85	DRF	815	1888	FALSE
DRF-50-P03	86	DRF	815	1888	FALSE
DRF-50-P03	87	DRF	815	1888	FALSE
DRF-50-P03	88	DRF	815	1888	FALSE
DRF-50-P03	89	DRF	815	1888	FALSE
DRF-50-P03	90	DRF	815	1888	FALSE
DRF-50-P03	91	DRF	815	1888	FALSE
DRF-50-P04	0	HON	642	2586	HONEST
DRF-50-P04	1	HON	658	2600	HONEST
DRF-50-P04	2	HON	650	2600	HONEST
DRF-50-P04	3	HON	642	2614	HONEST
DRF-50-P04	4	HON	650	2614	HONEST
DRF-50-P04	5	HON	642	2614	HONEST
DRF-50-P04	6	HON	642	2614	HONEST
DRF-50-P04	7	HON	658	2614	HONEST
DRF-50-P04	8	HON	642	2586	HONEST
DRF-50-P04	9	HON	658	2600	HONEST
DRF-50-P04	10	DRF	666	2586	FALSE
DRF-50-P04	11	DRF	674	2572	FALSE
DRF-50-P04	12	DRF	682	2558	FALSE
DRF-50-P04	13	DRF	690	2544	FALSE
DRF-50-P04	14	DRF	698	2530	FALSE
DRF-50-P04	15	DRF	706	2516	FALSE
DRF-50-P04	16	DRF	714	2502	FALSE
DRF-50-P04	17	DRF	722	2488	FALSE
DRF-50-P04	18	DRF	730	2474	FALSE
DRF-50-P04	19	DRF	738	2460	FALSE
DRF-50-P04	20	DRF	746	2446	FALSE
DRF-50-P04	21	DRF	754	2432	FALSE
DRF-50-P04	22	DRF	762	2418	FALSE
DRF-50-P04	23	DRF	770	2404	FALSE
DRF-50-P04	24	DRF	778	2390	FALSE
DRF-50-P04	25	DRF	786	2376	FALSE
DRF-50-P04	26	DRF	794	2362	FALSE
DRF-50-P04	27	DRF	802	2348	FALSE
DRF-50-P04	28	DRF	810	2334	FALSE
DRF-50-P04	29	DRF	818	2320	FALSE
DRF-50-P04	30	DRF	826	2306	FALSE
DRF-50-P04	31	DRF	832	2292	FALSE
DRF-50-P04	32	DRF	832	2278	FALSE
DRF-50-P04	33	DRF	832	2264	FALSE
DRF-50-P04	34	DRF	832	2250	FALSE
DRF-50-P04	35	DRF	832	2236	FALSE
DRF-50-P04	36	DRF	832	2222	FALSE
DRF-50-P04	37	DRF	832	2208	FALSE
DRF-50-P04	38	DRF	832	2194	FALSE
DRF-50-P04	39	DRF	832	2180	FALSE
DRF-50-P04	40	DRF	832	2166	FALSE
DRF-50-P04	41	DRF	832	2152	FALSE
DRF-50-P04	42	DRF	832	2138	FALSE
DRF-50-P04	43	DRF	832	2124	FALSE
DRF-50-P04	44	DRF	832	2110	FALSE
DRF-50-P04	45	DRF	832	2096	FALSE
DRF-50-P04	46	DRF	832	2082	FALSE
DRF-50-P04	47	DRF	832	2068	FALSE
DRF-50-P04	48	DRF	832	2054	FALSE
DRF-50-P04	49	DRF	832	2040	FALSE
DRF-50-P04	50	DRF	832	2026	FALSE
DRF-50-P04	51	DRF	832	2012	FALSE
DRF-50-P04	52	DRF	832	1998	FALSE
DRF-50-P04	53	DRF	832	1984	FALSE
DRF-50-P04	54	DRF	832	1970	FALSE
DRF-50-P04	55	DRF	832	1956	FALSE
DRF-50-P04	56	DRF	832	1942	FALSE
DRF-50-P04	57	DRF	832	1928	FALSE
DRF-50-P04	58	DRF	832	1914	FALSE
DRF-50-P04	59	DRF	832	1900	FALSE
DRF-50-P04	60	DRF	832	1888	FALSE
DRF-50-P04	61	DRF	832	1888	FALSE
DRF-50-P04	62	DRF	832	1888	FALSE
DRF-50-P04	63	DRF	832	1888	FALSE
DRF-50-P04	64	DRF	832	1888	FALSE
DRF-50-P04	65	DRF	832	1888	FALSE
DRF-50-P04	66	DRF	832	1888	FALSE
DRF-50-P04	67	DRF	832	1888	FALSE
DRF-50-P04	68	DRF	832	1888	FALSE
DRF-50-P04	69	DRF	832	1888	FALSE
DRF-50-P04	70	DRF	832	1888	FALSE
DRF-50-P04	71	DRF	832	1888	FALSE
DRF-50-P04	72	DRF	832	1888	FALSE
DRF-50-P04	73	DRF	832	1888	FALSE
DRF-50-P04	74	DRF	832	1888	FALSE
DRF-50-P04	75	DRF	832	1888	FALSE
DRF-50-P04	76	DRF	832	1888	FALSE
DRF-50-P04	77	DRF	832	1888	FALSE
DRF-50-P04	78	DRF	832	1888	FALSE
DRF-50-P04	79	DRF	832	1888	FALSE
DRF-50-P04	80	DRF	832	1888	FALSE
DRF-50-P04	81	DRF	832	1888	FALSE
DRF-50-P04	82	DRF	832	1888	FALSE
DRF-50-P04	83	DRF	832	1888	FALSE
DRF-50-P04	84	DRF	832	1888	FALSE
DRF-50-P04	85	DRF	832	1888	FALSE
DRF-50-P04	86	DRF	832	1888	FALSE
DRF-50-P04	87	DRF	832	1888	FALSE
DRF-50-P04	88	DRF	832	1888	FALSE
DRF-50-P04	89	DRF	832	1888	FALSE
DRF-50-P04	90	DRF	832	1888	FALSE
DRF-50-P05	0	HON	642	2600	HONEST
DRF-50-P05	1	HON	650	2586	HONEST
DRF-50-P05	2	HON	650	2586	HONEST
DRF-50-P05	3	HON	658	2614	HONEST
DRF-50-P05	4	HON	658	2600	HONEST
DRF-50-P05	5	HON	658	2586	HONEST
DRF-50-P05	6	HON	658	2586	HONEST
DRF-50-P05	7	HON	658	2600	HONEST
DRF-50-P05	8	HON	642	2586	HONEST
DRF-50-P05	9	HON	650	2600	HONEST
DRF-50-P05	10	DRF	658	2586	FALSE
DRF-50-P05	11	DRF	666	2572	FALSE
DRF-50-P05	12	DRF	674	2558	FALSE
DRF-50-P05	13	DRF	682	2544	FALSE
DRF-50-P05	14	DRF	690	2530	FALSE
DRF-50-P05	15	DRF	698	2516	FALSE
DRF-50-P05	16	DRF	706	2502	FALSE
DRF-50-P05	17	DRF	714	2488	FALSE
DRF-50-P05	18	DRF	722	2474	FALSE
DRF-50-P05	19	DRF	730	2460	FALSE
DRF-50-P05	20	DRF	738	2446	FALSE
DRF-50-P05	21	DRF	746	2432	FALSE
DRF-50-P05	22	DRF	754	2418	FALSE
DRF-50-P05	23	DRF	762	2404	FALSE
DRF-50-P05	24	DRF	764	2390	FALSE
DRF-50-P05	25	DRF	764	2376	FALSE
DRF-50-P05	26	DRF	764	2362	FALSE
DRF-50-P05	27	DRF	764	2348	FALSE
DRF-50-P05	28	DRF	764	2334	FALSE
DRF-50-P05	29	DRF	764	2320	FALSE
DRF-50-P05	30	DRF	764	2306	FALSE
DRF-50-P05	31	DRF	764	2292	FALSE
DRF-50-P05	32	DRF	764	2278	FALSE
DRF-50-P05	33	DRF	764	2264	FALSE
DRF-50-P05	34	DRF	764	2250	FALSE
DRF-50-P05	35	DRF	764	2236	FALSE
DRF-50-P05	36	DRF	764	2222	FALSE
DRF-50-P05	37	DRF	764	2208	FALSE
DRF-50-P05	38	DRF	764	2194	FALSE
DRF-50-P05	39	DRF	764	2180	FALSE
DRF-50-P05	40	DRF	764	2166	FALSE
DRF-50-P05	41	DRF	764	2152	FALSE
DRF-50-P05	42	DRF	764	2138	FALSE
DRF-50-P05	43	DRF	764	2130	FALSE
DRF-50-P05	44	DRF	764	2130	FALSE
DRF-50-P05	45	DRF	764	2130	FALSE
DRF-50-P05	46	DRF	764	2130	FALSE
DRF-50-P05	47	DRF	764	2130	FALSE
DRF-50-P05	48	DRF	764	2130	FALSE
DRF-50-P05	49	DRF	764	2130	FALSE
DRF-50-P05	50	DRF	764	2130	FALSE
DRF-50-P05	51	DRF	764	2130	FALSE
DRF-50-P05	52	DRF	764	2130	FALSE
DRF-50-P05	53	DRF	764	2130	FALSE
DRF-50-P05	54	DRF	764	2130	FALSE
DRF-50-P05	55	DRF	764	2130	FALSE
DRF-50-P05	56	DRF	764	2130	FALSE
DRF-50-P05	57	DRF	764	2130	FALSE
DRF-50-P05	58	DRF	764	2130	FALSE
DRF-50-P05	59	DRF	764	2130	FALSE
DRF-50-P05	60	DRF	764	2130	FALSE
DRF-50-P05	61	DRF	764	2130	FALSE
DRF-50-P05	62	DRF	764	2130	FALSE
DRF-50-P05	63	DRF	764	2130	FALSE
DRF-50-P05	64	DRF	764	2130	FALSE
DRF-50-P05	65	DRF	764	2130	FALSE
DRF-50-P05	66	DRF	764	2130	FALSE
DRF-50-P05	67	DRF	764	2130	FALSE
DRF-50-P05	68	DRF	764	2130	FALSE
DRF-50-P05	69	DRF	764	2130	FALSE
DRF-50-P05	70	DRF	764	2130	FALSE
DRF-50-P05	71	DRF	764	2130	FALSE
DRF-50-P05	72	DRF	764	2130	FALSE
DRF-50-P05	73	DRF	764	2130	FALSE
DRF-50-P06	0	HON	650	2614	HONEST
DRF-50-P06	1	HON	642	2586	HONEST
DRF-50-P06	2	HON	642	2586	HONEST
DRF-50-P06	3	HON	658	2600	HONEST
DRF-50-P06	4	HON	650	2586	HONEST
DRF-50-P06	5	HON	642	2586	HONEST
DRF-50-P06	6	HON	642	2586	HONEST
DRF-50-P06	7	HON	650	2614	HONEST
DRF-50-P06	8	HON	642	2614	HONEST
DRF-50-P06	9	HON	650	2614	HONEST
DRF-50-P06	10	DRF	658	2600	FALSE
DRF-50-P06	11	DRF	666	2586	FALSE
DRF-50-P06	12	DRF	674	2572	FALSE
DRF-50-P06	13	DRF	682	2558	FALSE
DRF-50-P06	14	DRF	690	2544	FALSE
DRF-50-P06	15	DRF	698	2530	FALSE
DRF-50-P06	16	DRF	706	2516	FALSE
DRF-50-P06	17	DRF	714	2502	FALSE
DRF-50-P06	18	DRF	722	2488	FALSE
DRF-50-P06	19	DRF	730	2474	FALSE
DRF-50-P06	20	DRF	738	2460	FALSE
DRF-50-P06	21	DRF	746	2446	FALSE
DRF-50-P06	22	DRF	754	2432	FALSE
DRF-50-P06	23	DRF	762	2418	FALSE
DRF-50-P06	24	DRF	770	2404	FALSE
DRF-50-P06	25	DRF	778	2390	FALSE
DRF-50-P06	26	DRF	781	2376	FALSE
DRF-50-P06	27	DRF	781	2362	FALSE
DRF-50-P06	28	DRF	781	2348	FALSE
DRF-50-P06	29	DRF	781	2334	FALSE
DRF-50-P06	30	DRF	781	2320	FALSE
DRF-50-P06	31	DRF	781	2306	FALSE
DRF-50-P06	32	DRF	781	2292	FALSE
DRF-50-P06	33	DRF	781	2278	FALSE
DRF-50-P06	34	DRF	781	2264	FALSE
DRF-50-P06	35	DRF	781	2250	FALSE
DRF-50-P06	36	DRF	781	2236	FALSE
DRF-50-P06	37	DRF	781	2222	FALSE
DRF-50-P06	38	DRF	781	2208	FALSE
DRF-50-P06	39	DRF	781	2194	FALSE
DRF-50-P06	40	DRF	781	2180	FALSE
DRF-50-P06	41	DRF	781	2166	FALSE
DRF-50-P06	42	DRF	781	2152	FALSE
DRF-50-P06	43	DRF	781	2138	FALSE
DRF-50-P06	44	DRF	781	2130	FALSE
DRF-50-P06	45	DRF	781	2130	FALSE
DRF-50-P06	46	DRF	781	2130	FALSE
DRF-50-P06	47	DRF	781	2130	FALSE
DRF-50-P06	48	DRF	781	2130	FALSE
DRF-50-P06	49	DRF	781	2130	FALSE
DRF-50-P06	50	DRF	781	2130	FALSE
DRF-50-P06	51	DRF	781	2130	FALSE
DRF-50-P06	52	DRF	781	2130	FALSE
DRF-50-P06	53	DRF	781	2130	FALSE
DRF-50-P06	54	DRF	781	2130	FALSE
DRF-50-P06	55	DRF	781	2130	FALSE
DRF-50-P06	56	DRF	781	2130	FALSE
DRF-50-P06	57	DRF	781	2130	FALSE
DRF-50-P06	58	DRF	781	2130	FALSE
DRF-50-P06	59	DRF	781	2130	FALSE
DRF-50-P06	60	DRF	781	2130	FALSE
DRF-50-P06	61	DRF	781	2130	FALSE
DRF-50-P06	62	DRF	781	2130	FALSE
DRF-50-P06	63	DRF	781	2130	FALSE
DRF-50-P06	64	DRF	781	2130	FALSE
DRF-50-P06	65	DRF	781	2130	FALSE
DRF-50-P06	66	DRF	781	2130	FALSE
DRF-50-P06	67	DRF	781	2130	FALSE
DRF-50-P06	68	DRF	781	2130	FALSE
DRF-50-P06	69	DRF	781	2130	FALSE
DRF-50-P06	70	DRF	781	2130	FALSE
DRF-50-P06	71	DRF	781	2130	FALSE
DRF-50-P06	72	DRF	781	2130	FALSE
DRF-50-P06	73	DRF	781	2130	FALSE
DRF-50-P06	74	DRF	781	2130	FALSE
DRF-50-P07	0	HON	658	2586	HONEST
DRF-50-P07	1	HON	642	2600	HONEST
DRF-50-P07	2	HON	642	2586	HONEST
DRF-50-P07	3	HON	650	2586	HONEST
DRF-50-P07	4	HON	642	2586	HONEST
DRF-50-P07	5	HON	642	2600	HONEST
DRF-50-P07	6	HON	642	2600	HONEST
DRF-50-P07	7	HON	658	2614	HONEST
DRF-50-P07	8	HON	658	2614	HONEST
DRF-50-P07	9	HON	658	2586	HONEST
DRF-50-P07	10	DRF	666	2572	FALSE
DRF-50-P07	11	DRF	674	2558	FALSE
DRF-50-P07	12	DRF	682	2544	FALSE
DRF-50-P07	13	DRF	690	2530	FALSE
DRF-50-P07	14	DRF	698	2516	FALSE
DRF-50-P07	15	DRF	706	2502	FALSE
DRF-50-P07	16	DRF	714	2488	FALSE
DRF-50-P07	17	DRF	722	2474	FALSE
DRF-50-P07	18	DRF	730	2460	FALSE
DRF-50-P07	19	DRF	738	2446	FALSE
DRF-50-P07	20	DRF	746	2432	FALSE
DRF-50-P07	21	DRF	754	2418	FALSE
DRF-50-P07	22	DRF	762	2404	FALSE
DRF-50-P07	23	DRF	770	2390	FALSE
DRF-50-P07	24	DRF	778	2376	FALSE
DRF-50-P07	25	DRF	786	2362	FALSE
DRF-50-P07	26	DRF	794	2348	FALSE
DRF-50-P07	27	DRF	798	2334	FALSE
DRF-50-P07	28	DRF	798	2320	FALSE
DRF-50-P07	29	DRF	798	2306	FALSE
DRF-50-P07	30	DRF	798	2292	FALSE
DRF-50-P07	31	DRF	798	2278	FALSE
DRF-50-P07	32	DRF	798	2264	FALSE
DRF-50-P07	33	DRF	798	2250	FALSE
DRF-50-P07	34	DRF	798	2236	FALSE
DRF-50-P07	35	DRF	798	2222	FALSE
DRF-50-P07	36	DRF	798	2208	FALSE
DRF-50-P07	37	DRF	798	2194	FALSE
DRF-50-P07	38	DRF	798	2180	FALSE
DRF-50-P07	39	DRF	798	2166	FALSE
DRF-50-P07	40	DRF	798	2152	FALSE
DRF-50-P07	41	DRF	798	2138	FALSE
DRF-50-P07	42	DRF	798	2130	FALSE
DRF-50-P07	43	DRF	798	2130	FALSE
DRF-50-P07	44	DRF	798	2130	FALSE
DRF-50-P07	45	DRF	798	2130	FALSE
DRF-50-P07	46	DRF	798	2130	FALSE
DRF-50-P07	47	DRF	798	2130	FALSE
DRF-50-P07	48	DRF	798	2130	FALSE
DRF-50-P07	49	DRF	798	2130	FALSE
DRF-50-P07	50	DRF	798	2130	FALSE
DRF-50-P07	51	DRF	798	2130	FALSE
DRF-50-P07	52	DRF	798	2130	FALSE
DRF-50-P07	53	DRF	798	2130	FALSE
DRF-50-P07	54	DRF	798	2130	FALSE
DRF-50-P07	55	DRF	798	2130	FALSE
DRF-50-P07	56	DRF	798	2130	FALSE
DRF-50-P07	57	DRF	798	2130	FALSE
DRF-50-P07	58	DRF	798	2130	FALSE
DRF-50-P07	59	DRF	798	2130	FALSE
DRF-50-P07	60	DRF	798	2130	FALSE
DRF-50-P07	61	DRF	798	2130	FALSE
DRF-50-P07	62	DRF	798	2130	FALSE
DRF-50-P07	63	DRF	798	2130	FALSE
DRF-50-P07	64	DRF	798	2130	FALSE
DRF-50-P07	65	DRF	798	2130	FALSE
DRF-50-P07	66	DRF	798	2130	FALSE
DRF-50-P07	67	DRF	798	2130	FALSE
DRF-50-P07	68	DRF	798	2130	FALSE
DRF-50-P07	69	DRF	798	2130	FALSE
DRF-50-P07	70	DRF	798	2130	FALSE
DRF-50-P07	71	DRF	798	2130	FALSE
DRF-50-P07	72	DRF	798	2130	FALSE
DRF-50-P08	0	HON	642	2586	HONEST
DRF-50-P08	1	HON	650	2586	HONEST
DRF-50-P08	2	HON	642	2600	HONEST
DRF-50-P08	3	HON	642	2614	HONEST
DRF-50-P08	4	HON	642	2586	HONEST
DRF-50-P08	5	HON	650	2614	HONEST
DRF-50-P08	6	HON	650	2600	HONEST
DRF-50-P08	7	HON	658	2586	HONEST
DRF-50-P08	8	HON	658	2614	HONEST
DRF-50-P08	9	HON	642	2600	HONEST
DRF-50-P08	10	DRF	650	2586	FALSE
DRF-50-P08	11	DRF	658	2572	FALSE
DRF-50-P08	12	DRF	666	2558	FALSE
DRF-50-P08	13	DRF	674	2544	FALSE
DRF-50-P08	14	DRF	682	2530	FALSE
DRF-50-P08	15	DRF	690	2516	FALSE
DRF-50-P08	16	DRF	698	2502	FALSE
DRF-50-P08	17	DRF	706	2488	FALSE
DRF-50-P08	18	DRF	714	2474	FALSE
DRF-50-P08	19	DRF	722	2460	FALSE
DRF-50-P08	20	DRF	730	2446	FALSE
DRF-50-P08	21	DRF	738	2432	FALSE
DRF-50-P08	22	DRF	746	2418	FALSE
DRF-50-P08	23	DRF	754	2404	FALSE
DRF-50-P08	24	DRF	762	2390	FALSE
DRF-50-P08	25	DRF	770	2376	FALSE
DRF-50-P08	26	DRF	778	2362	FALSE
DRF-50-P08	27	DRF	786	2348	FALSE
DRF-50-P08	28	DRF	794	2334	FALSE
DRF-50-P08	29	DRF	802	2320	FALSE
DRF-50-P08	30	DRF	810	2306	FALSE
DRF-50-P08	31	DRF	815	2292	FALSE
DRF-50-P08	32	DRF	815	2278	FALSE
DRF-50-P08	33	DRF	815	2264	FALSE
DRF-50-P08	34	DRF	815	2250	FALSE
DRF-50-P08	35	DRF	815	2236	FALSE
DRF-50-P08	36	DRF	815	2222	FALSE
DRF-50-P08	37	DRF	815	2208	FALSE
DRF-50-P08	38	DRF	815	2194	FALSE
DRF-50-P08	39	DRF	815	2180	FALSE
DRF-50-P08	40	DRF	815	2166	FALSE
DRF-50-P08	41	DRF	815	2152	FALSE
DRF-50-P08	42	DRF	815	2138	FALSE
DRF-50-P08	43	DRF	815	2130	FALSE
DRF-50-P08	44	DRF	815	2130	FALSE
DRF-50-P08	45	DRF	815	2130	FALSE
DRF-50-P08	46	DRF	815	2130	FALSE
DRF-50-P08	47	DRF	815	2130	FALSE
DRF-50-P08	48	DRF	815	2130	FALSE
DRF-50-P08	49	DRF	815	2130	FALSE
DRF-50-P08	50	DRF	815	2130	FALSE
DRF-50-P08	51	DRF	815	2130	FALSE
DRF-50-P08	52	DRF	815	2130	FALSE
DRF-50-P08	53	DRF	815	2130	FALSE
DRF-50-P08	54	DRF	815	2130	FALSE
DRF-50-P08	55	DRF	815	2130	FALSE
DRF-50-P08	56	DRF	815	2130	FALSE
DRF-50-P08	57	DRF	815	2130	FALSE
DRF-50-P08	58	DRF	815	2130	FALSE
DRF-50-P08	59	DRF	815	2130	FALSE
DRF-50-P08	60	DRF	815	2130	FALSE
DRF-50-P08	61	DRF	815	2130	FALSE
DRF-50-P08	62	DRF	815	2130	FALSE
DRF-50-P08	63	DRF	815	2130	FALSE
DRF-50-P08	64	DRF	815	2130	FALSE
DRF-50-P08	65	DRF	815	2130	FALSE
DRF-50-P08	66	DRF	815	2130	FALSE
DRF-50-P08	67	DRF	815	2130	FALSE
DRF-50-P08	68	DRF	815	2130	FALSE
DRF-50-P08	69	DRF	815	2130	FALSE
DRF-50-P08	70	DRF	815	2130	FALSE
DRF-50-P08	71	DRF	815	2130	FALSE
DRF-50-P08	72	DRF	815	2130	FALSE
DRF-50-P08	73	DRF	815	2130	FALSE
DRF-50-P09	0	HON	642	2614	HONEST
DRF-50-P09	1	HON	642	2600	HONEST
DRF-50-P09	2	HON	650	2600	HONEST
DRF-50-P09	3	HON	658	2614	HONEST
DRF-50-P09	4	HON	642	2600	HONEST
DRF-50-P09	5	HON	658	2586	HONEST
DRF-50-P09	6	HON	650	2586	HONEST
DRF-50-P09	7	HON	642	2586	HONEST
DRF-50-P09	8	HON	658	2600	HONEST
DRF-50-P09	9	HON	650	2600	HONEST
DRF-50-P09	10	DRF	658	2586	FALSE
DRF-50-P09	11	DRF	666	2572	FALSE
DRF-50-P09	12	DRF	674	2558	FALSE
DRF-50-P09	13	DRF	682	2544	FALSE
DRF-50-P09	14	DRF	690	2530	FALSE
DRF-50-P09	15	DRF	698	2516	FALSE
DRF-50-P09	16	DRF	706	2502	FALSE
DRF-50-P09	17	DRF	714	2488	FALSE
DRF-50-P09	18	DRF	722	2474	FALSE
DRF-50-P09	19	DRF	730	2460	FALSE
DRF-50-P09	20	DRF	738	2446	FALSE
DRF-50-P09	21	DRF	746	2432	FALSE
DRF-50-P09	22	DRF	754	2418	FALSE
DRF-50-P09	23	DRF	762	2404	FALSE
DRF-50-P09	24	DRF	770	2390	FALSE
DRF-50-P09	25	DRF	778	2376	FALSE
DRF-50-P09	26	DRF	786	2362	FALSE
DRF-50-P09	27	DRF	794	2348	FALSE
DRF-50-P09	28	DRF	802	2334	FALSE
DRF-50-P09	29	DRF	810	2320	FALSE
DRF-50-P09	30	DRF	818	2306	FALSE
DRF-50-P09	31	DRF	826	2292	FALSE
DRF-50-P09	32	DRF	832	2278	FALSE
DRF-50-P09	33	DRF	832	2264	FALSE
DRF-50-P09	34	DRF	832	2250	FALSE
DRF-50-P09	35	DRF	832	2236	FALSE
DRF-50-P09	36	DRF	832	2222	FALSE
DRF-50-P09	37	DRF	832	2208	FALSE
DRF-50-P09	38	DRF	832	2194	FALSE
DRF-50-P09	39	DRF	832	2180	FALSE
DRF-50-P09	40	DRF	832	2166	FALSE
DRF-50-P09	41	DRF	832	2152	FALSE
DRF-50-P09	42	DRF	832	2138	FALSE
DRF-50-P09	43	DRF	832	2130	FALSE
DRF-50-P09	44	DRF	832	2130	FALSE
DRF-50-P09	45	DRF	832	2130	FALSE
DRF-50-P09	46	DRF	832	2130	FALSE
DRF-50-P09	47	DRF	832	2130	FALSE
DRF-50-P09	48	DRF	832	2130	FALSE
DRF-50-P09	49	DRF	832	2130	FALSE
DRF-50-P09	50	DRF	832	2130	FALSE
DRF-50-P09	51	DRF	832	2130	FALSE
DRF-50-P09	52	DRF	832	2130	FALSE
DRF-50-P09	53	DRF	832	2130	FALSE
DRF-50-P09	54	DRF	832	2130	FALSE
DRF-50-P09	55	DRF	832	2130	FALSE
DRF-50-P09	56	DRF	832	2130	FALSE
DRF-50-P09	57	DRF	832	2130	FALSE
DRF-50-P09	58	DRF	832	2130	FALSE
DRF-50-P09	59	DRF	832	2130	FALSE
DRF-50-P09	60	DRF	832	2130	FALSE
DRF-50-P09	61	DRF	832	2130	FALSE
DRF-50-P09	62	DRF	832	2130	FALSE
DRF-50-P09	63	DRF	832	2130	FALSE
DRF-50-P09	64	DRF	832	2130	FALSE
DRF-50-P09	65	DRF	832	2130	FALSE
DRF-50-P09	66	DRF	832	2130	FALSE
DRF-50-P09	67	DRF	832	2130	FALSE
DRF-50-P09	68	DRF	832	2130	FALSE
DRF-50-P09	69	DRF	832	2130	FALSE
DRF-50-P09	70	DRF	832	2130	FALSE
DRF-50-P09	71	DRF	832	2130	FALSE
DRF-50-P09	72	DRF	832	2130	FALSE
DRF-50-P09	73	DRF	832	2130	FALSE
DRF-50-P10	0	HON	658	2586	HONEST
DRF-50-P10	1	HON	650	2600	HONEST
DRF-50-P10	2	HON	650	2586	HONEST
DRF-50-P10	3	HON	658	2586	HONEST
DRF-50-P10	4	HON	650	2614	HONEST
DRF-50-P10	5	HON	642	2586	HONEST
DRF-50-P10	6	HON	642	2614	HONEST
DRF-50-P10	7	HON	642	2600	HONEST
DRF-50-P10	8	HON	650	2586	HONEST
DRF-50-P10	9	HON	650	2586	HONEST
DRF-50-P10	10	DRF	658	2572	FALSE
DRF-50-P10	11	DRF	666	2558	FALSE
DRF-50-P10	12	DRF	674	2544	FALSE
DRF-50-P10	13	DRF	682	2530	FALSE
DRF-50-P10	14	DRF	690	2516	FALSE
DRF-50-P10	15	DRF	698	2502	FALSE
DRF-50-P10	16	DRF	706	2488	FALSE
DRF-50-P10	17	DRF	714	2474	FALSE
DRF-50-P10	18	DRF	722	2460	FALSE
DRF-50-P10	19	DRF	730	2446	FALSE
DRF-50-P10	20	DRF	738	2432	FALSE
DRF-50-P10	21	DRF	746	2418	FALSE
DRF-50-P10	22	DRF	754	2404	FALSE
DRF-50-P10	23	DRF	762	2390	FALSE
DRF-50-P10	24	DRF	764	2376	FALSE
DRF-50-P10	25	DRF	764	2372	FALSE
DRF-50-P10	26	DRF	764	2372	FALSE
DRF-50-P10	27	DRF	764	2372	FALSE
DRF-50-P10	28	DRF	764	2372	FALSE
DRF-50-P10	29	DRF	764	2372	FALSE
DRF-50-P10	30	DRF	764	2372	FALSE
DRF-50-P10	31	DRF	764	2372	FALSE
DRF-50-P10	32	DRF	764	2372	FALSE
DRF-50-P10	33	DRF	764	2372	FALSE
DRF-50-P10	34	DRF	764	2372	FALSE
DRF-50-P10	35	DRF	764	2372	FALSE
DRF-50-P10	36	DRF	764	2372	FALSE
DRF-50-P10	37	DRF	764	2372	FALSE
DRF-50-P10	38	DRF	764	2372	FALSE
DRF-50-P10	39	DRF	764	2372	FALSE
DRF-50-P10	40	DRF	764	2372	FALSE
DRF-50-P10	41	DRF	764	2372	FALSE
DRF-50-P10	42	DRF	764	2372	FALSE
DRF-50-P10	43	DRF	764	2372	FALSE
DRF-50-P10	44	DRF	764	2372	FALSE
DRF-50-P10	45	DRF	764	2372	FALSE
DRF-50-P10	46	DRF	764	2372	FALSE
DRF-50-P10	47	DRF	764	2372	FALSE
DRF-50-P10	48	DRF	764	2372	FALSE
DRF-50-P10	49	DRF	764	2372	FALSE
DRF-50-P10	50	DRF	764	2372	FALSE
DRF-50-P10	51	DRF	764	2372	FALSE
DRF-50-P10	52	DRF	764	2372	FALSE
DRF-50-P10	53	DRF	764	2372	FALSE
DRF-50-P10	54	DRF	764	2372	FALSE
DRF-50-P10	55	DRF	764	2372	FALSE
DRF-50-P11	0	HON	642	2614	HONEST
DRF-50-P11	1	HON	650	2614	HONEST
DRF-50-P11	2	HON	642	2614	HONEST
DRF-50-P11	3	HON	642	2614	HONEST
DRF-50-P11	4	HON	658	2614	HONEST
DRF-50-P11	5	HON	642	2586	HONEST
DRF-50-P11	6	HON	658	2600	HONEST
DRF-50-P11	7	HON	650	2614	HONEST
DRF-50-P11	8	HON	642	2586	HONEST
DRF-50-P11	9	HON	642	2586	HONEST
DRF-50-P11	10	DRF	650	2572	FALSE
DRF-50-P11	11	DRF	658	2558	FALSE
DRF-50-P11	12	DRF	666	2544	FALSE
DRF-50-P11	13	DRF	674	2530	FALSE
DRF-50-P11	14	DRF	682	2516	FALSE
DRF-50-P11	15	DRF	690	2502	FALSE
DRF-50-P11	16	DRF	698	2488	FALSE
DRF-50-P11	17	DRF	706	2474	FALSE
DRF-50-P11	18	DRF	714	2460	FALSE
DRF-50-P11	19	DRF	722	2446	FALSE
DRF-50-P11	20	DRF	730	2432	FALSE
DRF-50-P11	21	DRF	738	2418	FALSE
DRF-50-P11	22	DRF	746	2404	FALSE
DRF-50-P11	23	DRF	754	2390	FALSE
DRF-50-P11	24	DRF	762	2376	FALSE
DRF-50-P11	25	DRF	770	2372	FALSE
DRF-50-P11	26	DRF	778	2372	FALSE
DRF-50-P11	27	DRF	781	2372	FALSE
DRF-50-P11	28	DRF	781	2372	FALSE
DRF-50-P11	29	DRF	781	2372	FALSE
DRF-50-P11	30	DRF	781	2372	FALSE
DRF-50-P11	31	DRF	781	2372	FALSE
DRF-50-P11	32	DRF	781	2372	FALSE
DRF-50-P11	33	DRF	781	2372	FALSE
DRF-50-P11	34	DRF	781	2372	FALSE
DRF-50-P11	35	DRF	781	2372	FALSE
DRF-50-P11	36	DRF	781	2372	FALSE
DRF-50-P11	37	DRF	781	2372	FALSE
DRF-50-P11	38	DRF	781	2372	FALSE
DRF-50-P11	39	DRF	781	2372	FALSE
DRF-50-P11	40	DRF	781	2372	FALSE
DRF-50-P11	41	DRF	781	2372	FALSE
DRF-50-P11	42	DRF	781	2372	FALSE
DRF-50-P11	43	DRF	781	2372	FALSE
DRF-50-P11	44	DRF	781	2372	FALSE
DRF-50-P11	45	DRF	781	2372	FALSE
DRF-50-P11	46	DRF	781	2372	FALSE
DRF-50-P11	47	DRF	781	2372	FALSE
DRF-50-P11	48	DRF	781	2372	FALSE
DRF-50-P11	49	DRF	781	2372	FALSE
DRF-50-P11	50	DRF	781	2372	FALSE
DRF-50-P11	51	DRF	781	2372	FALSE
DRF-50-P11	52	DRF	781	2372	FALSE
DRF-50-P11	53	DRF	781	2372	FALSE
DRF-50-P11	54	DRF	781	2372	FALSE
DRF-50-P11	55	DRF	781	2372	FALSE
DRF-50-P11	56	DRF	781	2372	FALSE
DRF-50-P11	57	DRF	781	2372	FALSE
DRF-50-P12	0	HON	658	2614	HONEST
DRF-50-P12	1	HON	658	2600	HONEST
DRF-50-P12	2	HON	658	2586	HONEST
DRF-50-P12	3	HON	658	2586	HONEST
DRF-50-P12	4	HON	658	2600	HONEST
DRF-50-P12	5	HON	642	2586	HONEST
DRF-50-P12	6	HON	650	2600	HONEST
DRF-50-P12	7	HON	658	2586	HONEST
DRF-50-P12	8	HON	642	2600	HONEST
DRF-50-P12	9	HON	642	2586	HONEST
DRF-50-P12	10	DRF	650	2572	FALSE
DRF-50-P12	11	DRF	658	2558	FALSE
DRF-50-P12	12	DRF	666	2544	FALSE
DRF-50-P12	13	DRF	674	2530	FALSE
DRF-50-P12	14	DRF	682	2516	FALSE
DRF-50-P12	15	DRF	690	2502	FALSE
DRF-50-P12	16	DRF	698	2488	FALSE
DRF-50-P12	17	DRF	706	2474	FALSE
DRF-50-P12	18	DRF	714	2460	FALSE
DRF-50-P12	19	DRF	722	2446	FALSE
DRF-50-P12	20	DRF	730	2432	FALSE
DRF-50-P12	21	DRF	738	2418	FALSE
DRF-50-P12	22	DRF	746	2404	FALSE
DRF-50-P12	23	DRF	754	2390	FALSE
DRF-50-P12	24	DRF	762	2376	FALSE
DRF-50-P12	25	DRF	770	2372	FALSE
DRF-50-P12	26	DRF	778	2372	FALSE
DRF-50-P12	27	DRF	786	2372	FALSE
DRF-50-P12	28	DRF	794	2372	FALSE
DRF-50-P12	29	DRF	798	2372	FALSE
DRF-50-P12	30	DRF	798	2372	FALSE
DRF-50-P12	31	DRF	798	2372	FALSE
DRF-50-P12	32	DRF	798	2372	FALSE
DRF-50-P12	33	DRF	798	2372	FALSE
DRF-50-P12	34	DRF	798	2372	FALSE
DRF-50-P12	35	DRF	798	2372	FALSE
DRF-50-P12	36	DRF	798	2372	FALSE
DRF-50-P12	37	DRF	798	2372	FALSE
DRF-50-P12	38	DRF	798	2372	FALSE
DRF-50-P12	39	DRF	798	2372	FALSE
DRF-50-P12	40	DRF	798	2372	FALSE
DRF-50-P12	41	DRF	798	2372	FALSE
DRF-50-P12	42	DRF	798	2372	FALSE
DRF-50-P12	43	DRF	798	2372	FALSE
DRF-50-P12	44	DRF	798	2372	FALSE
DRF-50-P12	45	DRF	798	2372	FALSE
DRF-50-P12	46	DRF	798	2372	FALSE
DRF-50-P12	47	DRF	798	2372	FALSE
DRF-50-P12	48	DRF	798	2372	FALSE
DRF-50-P12	49	DRF	798	2372	FALSE
DRF-50-P12	50	DRF	798	2372	FALSE
DRF-50-P12	51	DRF	798	2372	FALSE
DRF-50-P12	52	DRF	798	2372	FALSE
DRF-50-P12	53	DRF	798	2372	FALSE
DRF-50-P12	54	DRF	798	2372	FALSE
DRF-50-P12	55	DRF	798	2372	FALSE
DRF-50-P12	56	DRF	798	2372	FALSE
DRF-50-P12	57	DRF	798	2372	FALSE
DRF-50-P12	58	DRF	798	2372	FALSE
DRF-50-P12	59	DRF	798	2372	FALSE
DRF-50-P13	0	HON	658	2600	HONEST
DRF-50-P13	1	HON	650	2586	HONEST
DRF-50-P13	2	HON	642	2586	HONEST
DRF-50-P13	3	HON	642	2586	HONEST
DRF-50-P13	4	HON	650	2614	HONEST
DRF-50-P13	5	HON	642	2614	HONEST
DRF-50-P13	6	HON	650	2614	HONEST
DRF-50-P13	7	HON	642	2586	HONEST
DRF-50-P13	8	HON	650	2586	HONEST
DRF-50-P13	9	HON	642	2600	HONEST
DRF-50-P13	10	DRF	650	2586	FALSE
DRF-50-P13	11	DRF	658	2572	FALSE
DRF-50-P13	12	DRF	666	2558	FALSE
DRF-50-P13	13	DRF	674	2544	FALSE
DRF-50-P13	14	DRF	682	2530	FALSE
DRF-50-P13	15	DRF	690	2516	FALSE
DRF-50-P13	16	DRF	698	2502	FALSE
DRF-50-P13	17	DRF	706	2488	FALSE
DRF-50-P13	18	DRF	714	2474	FALSE
DRF-50-P13	19	DRF	722	2460	FALSE
DRF-50-P13	20	DRF	730	2446	FALSE
DRF-50-P13	21	DRF	738	2432	FALSE
DRF-50-P13	22	DRF	746	2418	FALSE
DRF-50-P13	23	DRF	754	2404	FALSE
DRF-50-P13	24	DRF	762	2390	FALSE
DRF-50-P13	25	DRF	770	2376	FALSE
DRF-50-P13	26	DRF	778	2372	FALSE
DRF-50-P13	27	DRF	786	2372	FALSE
DRF-50-P13	28	DRF	794	2372	FALSE
DRF-50-P13	29	DRF	802	2372	FALSE
DRF-50-P13	30	DRF	810	2372	FALSE
DRF-50-P13	31	DRF	815	2372	FALSE
DRF-50-P13	32	DRF	815	2372	FALSE
DRF-50-P13	33	DRF	815	2372	FALSE
DRF-50-P13	34	DRF	815	2372	FALSE
DRF-50-P13	35	DRF	815	2372	FALSE
DRF-50-P13	36	DRF	815	2372	FALSE
DRF-50-P13	37	DRF	815	2372	FALSE
DRF-50-P13	38	DRF	815	2372	FALSE
DRF-50-P13	39	DRF	815	2372	FALSE
DRF-50-P13	40	DRF	815	2372	FALSE
DRF-50-P13	41	DRF	815	2372	FALSE
DRF-50-P13	42	DRF	815	2372	FALSE
DRF-50-P13	43	DRF	815	2372	FALSE
DRF-50-P13	44	DRF	815	2372	FALSE
DRF-50-P13	45	DRF	815	2372	FALSE
DRF-50-P13	46	DRF	815	2372	FALSE
DRF-50-P13	47	DRF	815	2372	FALSE
DRF-50-P13	48	DRF	815	2372	FALSE
DRF-50-P13	49	DRF	815	2372	FALSE
DRF-50-P13	50	DRF	815	2372	FALSE
DRF-50-P13	51	DRF	815	2372	FALSE
DRF-50-P13	52	DRF	815	2372	FALSE
DRF-50-P13	53	DRF	815	2372	FALSE
DRF-50-P13	54	DRF	815	2372	FALSE
DRF-50-P13	55	DRF	815	2372	FALSE
DRF-50-P13	56	DRF	815	2372	FALSE
DRF-50-P13	57	DRF	815	2372	FALSE
DRF-50-P13	58	DRF	815	2372	FALSE
DRF-50-P13	59	DRF	815	2372	FALSE
DRF-50-P13	60	DRF	815	2372	FALSE
DRF-50-P13	61	DRF	815	2372	FALSE
DRF-50-P14	0	HON	650	2586	HONEST
DRF-50-P14	1	HON	642	2586	HONEST
DRF-50-P14	2	HON	642	2600	HONEST
DRF-50-P14	3	HON	642	2600	HONEST
DRF-50-P14	4	HON	658	2614	HONEST
DRF-50-P14	5	HON	658	2614	HONEST
DRF-50-P14	6	HON	658	2586	HONEST
DRF-50-P14	7	HON	642	2614	HONEST
DRF-50-P14	8	HON	642	2600	HONEST
DRF-50-P14	9	HON	650	2600	HONEST
DRF-50-P14	10	DRF	658	2586	FALSE
DRF-50-P14	11	DRF	666	2572	FALSE
DRF-50-P14	12	DRF	674	2558	FALSE
DRF-50-P14	13	DRF	682	2544	FALSE
DRF-50-P14	14	DRF	690	2530	FALSE
DRF-50-P14	15	DRF	698	2516	FALSE
DRF-50-P14	16	DRF	706	2502	FALSE
DRF-50-P14	17	DRF	714	2488	FALSE
DRF-50-P14	18	DRF	722	2474	FALSE
DRF-50-P14	19	DRF	730	2460	FALSE
DRF-50-P14	20	DRF	738	2446	FALSE
DRF-50-P14	21	DRF	746	2432	FALSE
DRF-50-P14	22	DRF	754	2418	FALSE
DRF-50-P14	23	DRF	762	2404	FALSE
DRF-50-P14	24	DRF	770	2390	FALSE
DRF-50-P14	25	DRF	778	2376	FALSE
DRF-50-P14	26	DRF	786	2372	FALSE
DRF-50-P14	27	DRF	794	2372	FALSE
DRF-50-P14	28	DRF	802	2372	FALSE
DRF-50-P14	29	DRF	810	2372	FALSE
DRF-50-P14	30	DRF	818	2372	FALSE
DRF-50-P14	31	DRF	826	2372	FALSE
DRF-50-P14	32	DRF	832	2372	FALSE
DRF-50-P14	33	DRF	832	2372	FALSE
DRF-50-P14	34	DRF	832	2372	FALSE
DRF-50-P14	35	DRF	832	2372	FALSE
DRF-50-P14	36	DRF	832	2372	FALSE
DRF-50-P14	37	DRF	832	2372	FALSE
DRF-50-P14	38	DRF	832	2372	FALSE
DRF-50-P14	39	DRF	832	2372	FALSE
DRF-50-P14	40	DRF	832	2372	FALSE
DRF-50-P14	41	DRF	832	2372	FALSE
DRF-50-P14	42	DRF	832	2372	FALSE
DRF-50-P14	43	DRF	832	2372	FALSE
DRF-50-P14	44	DRF	832	2372	FALSE
DRF-50-P14	45	DRF	832	2372	FALSE
DRF-50-P14	46	DRF	832	2372	FALSE
DRF-50-P14	47	DRF	832	2372	FALSE
DRF-50-P14	48	DRF	832	2372	FALSE
DRF-50-P14	49	DRF	832	2372	FALSE
DRF-50-P14	50	DRF	832	2372	FALSE
DRF-50-P14	51	DRF	832	2372	FALSE
DRF-50-P14	52	DRF	832	2372	FALSE
DRF-50-P14	53	DRF	832	2372	FALSE
DRF-50-P14	54	DRF	832	2372	FALSE
DRF-50-P14	55	DRF	832	2372	FALSE
DRF-50-P14	56	DRF	832	2372	FALSE
DRF-50-P14	57	DRF	832	2372	FALSE
DRF-50-P14	58	DRF	832	2372	FALSE
DRF-50-P14	59	DRF	832	2372	FALSE
DRF-50-P14	60	DRF	832	2372	FALSE
DRF-50-P14	61	DRF	832	2372	FALSE
DRF-50-P14	62	DRF	832	2372	FALSE
DRF-75-P00	0	HON	642	2586	HONEST
DRF-75-P00	1	HON	650	2586	HONEST
DRF-75-P00	2	HON	642	2600	HONEST
DRF-75-P00	3	HON	642	2614	HONEST
DRF-75-P00	4	HON	642	2586	HONEST
DRF-75-P00	5	HON	650	2614	HONEST
DRF-75-P00	6	HON	650	2600	HONEST
DRF-75-P00	7	HON	658	2586	HONEST
DRF-75-P00	8	HON	658	2614	HONEST
DRF-75-P00	9	HON	642	2600	HONEST
DRF-75-P00	10	DRF	654	2579	FALSE
DRF-75-P00	11	DRF	666	2558	FALSE
DRF-75-P00	12	DRF	678	2537	FALSE
DRF-75-P00	13	DRF	690	2516	FALSE
DRF-75-P00	14	DRF	702	2495	FALSE
DRF-75-P00	15	DRF	714	2474	FALSE
DRF-75-P00	16	DRF	726	2453	FALSE
DRF-75-P00	17	DRF	738	2432	FALSE
DRF-75-P00	18	DRF	750	2411	FALSE
DRF-75-P00	19	DRF	762	2390	FALSE
DRF-75-P00	20	DRF	764	2369	FALSE
DRF-75-P00	21	DRF	764	2348	FALSE
DRF-75-P00	22	DRF	764	2327	FALSE
DRF-75-P00	23	DRF	764	2306	FALSE
DRF-75-P00	24	DRF	764	2285	FALSE
DRF-75-P00	25	DRF	764	2264	FALSE
DRF-75-P00	26	DRF	764	2243	FALSE
DRF-75-P00	27	DRF	764	2222	FALSE
DRF-75-P00	28	DRF	764	2201	FALSE
DRF-75-P00	29	DRF	764	2180	FALSE
DRF-75-P00	30	DRF	764	2159	FALSE
DRF-75-P00	31	DRF	764	2138	FALSE
DRF-75-P00	32	DRF	764	2117	FALSE
DRF-75-P00	33	DRF	764	2096	FALSE
DRF-75-P00	34	DRF	764	2075	FALSE
DRF-75-P00	35	DRF	764	2054	FALSE
DRF-75-P00	36	DRF	764	2033	FALSE
DRF-75-P00	37	DRF	764	2012	FALSE
DRF-75-P00	38	DRF	764	1991	FALSE
DRF-75-P00	39	DRF	764	1970	FALSE
DRF-75-P00	40	DRF	764	1949	FALSE
DRF-75-P00	41	DRF	764	1928	FALSE
DRF-75-P00	42	DRF	764	1907	FALSE
DRF-75-P00	43	DRF	764	1888	FALSE
DRF-75-P00	44	DRF	764	1888	FALSE
DRF-75-P00	45	DRF	764	1888	FALSE
DRF-75-P00	46	DRF	764	1888	FALSE
DRF-75-P00	47	DRF	764	1888	FALSE
DRF-75-P00	48	DRF	764	1888	FALSE
DRF-75-P00	49	DRF	764	1888	FALSE
DRF-75-P00	50	DRF	764	1888	FALSE
DRF-75-P00	51	DRF	764	1888	FALSE
DRF-75-P00	52	DRF	764	1888	FALSE
DRF-75-P00	53	DRF	764	1888	FALSE
DRF-75-P00	54	DRF	764	1888	FALSE
DRF-75-P00	55	DRF	764	1888	FALSE
DRF-75-P00	56	DRF	764	1888	FALSE
DRF-75-P00	57	DRF	764	1888	FALSE
DRF-75-P00	58	DRF	764	1888	FALSE
DRF-75-P00	59	DRF	764	1888	FALSE
DRF-75-P00	60	DRF	764	1888	FALSE
DRF-75-P00	61	DRF	764	1888	FALSE
DRF-75-P00	62	DRF	764	1888	FALSE
DRF-75-P00	63	DRF	764	1888	FALSE
DRF-75-P00	64	DRF	764	1888	FALSE
DRF-75-P00	65	DRF	764	1888	FALSE
DRF-75-P00	66	DRF	764	1888	FALSE
DRF-75-P00	67	DRF	764	1888	FALSE
DRF-75-P00	68	DRF	764	1888	FALSE
DRF-75-P00	69	DRF	764	1888	FALSE
DRF-75-P00	70	DRF	764	1888	FALSE
DRF-75-P00	71	DRF	764	1888	FALSE
DRF-75-P00	72	DRF	764	1888	FALSE
DRF-75-P00	73	DRF	764	1888	FALSE
DRF-75-P01	0	HON	642	2614	HONEST
DRF-75-P01	1	HON	642	2600	HONEST
DRF-75-P01	2	HON	650	2600	HONEST
DRF-75-P01	3	HON	658	2614	HONEST
DRF-75-P01	4	HON	642	2600	HONEST
DRF-75-P01	5	HON	658	2586	HONEST
DRF-75-P01	6	HON	650	2586	HONEST
DRF-75-P01	7	HON	642	2586	HONEST
DRF-75-P01	8	HON	658	2600	HONEST
DRF-75-P01	9	HON	650	2600	HONEST
DRF-75-P01	10	DRF	662	2579	FALSE
DRF-75-P01	11	DRF	674	2558	FALSE
DRF-75-P01	12	DRF	686	2537	FALSE
DRF-75-P01	13	DRF	698	2516	FALSE
DRF-75-P01	14	DRF	710	2495	FALSE
DRF-75-P01	15	DRF	722	2474	FALSE
DRF-75-P01	16	DRF	734	2453	FALSE
DRF-75-P01	17	DRF	746	2432	FALSE
DRF-75-P01	18	DRF	758	2411	FALSE
DRF-75-P01	19	DRF	770	2390	FALSE
DRF-75-P01	20	DRF	781	2369	FALSE
DRF-75-P01	21	DRF	781	2348	FALSE
DRF-75-P01	22	DRF	781	2327	FALSE
DRF-75-P01	23	DRF	781	2306	FALSE
DRF-75-P01	24	DRF	781	2285	FALSE
DRF-75-P01	25	DRF	781	2264	FALSE
DRF-75-P01	26	DRF	781	2243	FALSE
DRF-75-P01	27	DRF	781	2222	FALSE
DRF-75-P01	28	DRF	781	2201	FALSE
DRF-75-P01	29	DRF	781	2180	FALSE
DRF-75-P01	30	DRF	781	2159	FALSE
DRF-75-P01	31	DRF	781	2138	FALSE
DRF-75-P01	32	DRF	781	2117	FALSE
DRF-75-P01	33	DRF	781	2096	FALSE
DRF-75-P01	34	DRF	781	2075	FALSE
DRF-75-P01	35	DRF	781	2054	FALSE
DRF-75-P01	36	DRF	781	2033	FALSE
DRF-75-P01	37	DRF	781	2012	FALSE
DRF-75-P01	38	DRF	781	1991	FALSE
DRF-75-P01	39	DRF	781	1970	FALSE
DRF-75-P01	40	DRF	781	1949	FALSE
DRF-75-P01	41	DRF	781	1928	FALSE
DRF-75-P01	42	DRF	781	1907	FALSE
DRF-75-P01	43	DRF	781	1888	FALSE
DRF-75-P01	44	DRF	781	1888	FALSE
DRF-75-P01	45	DRF	781	1888	FALSE
DRF-75-P01	46	DRF	781	1888	FALSE
DRF-75-P01	47	DRF	781	1888	FALSE
DRF-75-P01	48	DRF	781	1888	FALSE
DRF-75-P01	49	DRF	781	1888	FALSE
DRF-75-P01	50	DRF	781	1888	FALSE
DRF-75-P01	51	DRF	781	1888	FALSE
DRF-75-P01	52	DRF	781	1888	FALSE
DRF-75-P01	53	DRF	781	1888	FALSE
DRF-75-P01	54	DRF	781	1888	FALSE
DRF-75-P01	55	DRF	781	1888	FALSE
DRF-75-P01	56	DRF	781	1888	FALSE
DRF-75-P01	57	DRF	781	1888	FALSE
DRF-75-P01	58	DRF	781	1888	FALSE
DRF-75-P01	59	DRF	781	1888	FALSE
DRF-75-P01	60	DRF	781	1888	FALSE
DRF-75-P01	61	DRF	781	1888	FALSE
DRF-75-P01	62	DRF	781	1888	FALSE
DRF-75-P01	63	DRF	781	1888	FALSE
DRF-75-P01	64	DRF	781	1888	FALSE
DRF-75-P01	65	DRF	781	1888	FALSE
DRF-75-P01	66	DRF	781	1888	FALSE
DRF-75-P01	67	DRF	781	1888	FALSE
DRF-75-P01	68	DRF	781	1888	FALSE
DRF-75-P01	69	DRF	781	1888	FALSE
DRF-75-P01	70	DRF	781	1888	FALSE
DRF-75-P01	71	DRF	781	1888	FALSE
DRF-75-P01	72	DRF	781	1888	FALSE
DRF-75-P01	73	DRF	781	1888	FALSE
DRF-75-P02	0	HON	658	2586	HONEST
DRF-75-P02	1	HON	650	2600	HONEST
DRF-75-P02	2	HON	650	2586	HONEST
DRF-75-P02	3	HON	658	2586	HONEST
DRF-75-P02	4	HON	650	2614	HONEST
DRF-75-P02	5	HON	642	2586	HONEST
DRF-75-P02	6	HON	642	2614	HONEST
DRF-75-P02	7	HON	642	2600	HONEST
DRF-75-P02	8	HON	650	2586	HONEST
DRF-75-P02	9	HON	650	2586	HONEST
DRF-75-P02	10	DRF	662	2565	FALSE
DRF-75-P02	11	DRF	674	2544	FALSE
DRF-75-P02	12	DRF	686	2523	FALSE
DRF-75-P02	13	DRF	698	2502	FALSE
DRF-75-P02	14	DRF	710	2481	FALSE
DRF-75-P02	15	DRF	722	2460	FALSE
DRF-75-P02	16	DRF	734	2439	FALSE
DRF-75-P02	17	DRF	746	2418	FALSE
DRF-75-P02	18	DRF	758	2397	FALSE
DRF-75-P02	19	DRF	770	2376	FALSE
DRF-75-P02	20	DRF	782	2355	FALSE
DRF-75-P02	21	DRF	794	2334	FALSE
DRF-75-P02	22	DRF	798	2313	FALSE
DRF-75-P02	23	DRF	798	2292	FALSE
DRF-75-P02	24	DRF	798	2271	FALSE
DRF-75-P02	25	DRF	798	2250	FALSE
DRF-75-P02	26	DRF	798	2229	FALSE
DRF-75-P02	27	DRF	798	2208	FALSE
DRF-75-P02	28	DRF	798	2187	FALSE
DRF-75-P02	29	DRF	798	2166	FALSE
DRF-75-P02	30	DRF	798	2145	FALSE
DRF-75-P02	31	DRF	798	2124	FALSE
DRF-75-P02	32	DRF	798	2103	FALSE
DRF-75-P02	33	DRF	798	2082	FALSE
DRF-75-P02	34	DRF	798	2061	FALSE
DRF-75-P02	35	DRF	798	2040	FALSE
DRF-75-P02	36	DRF	798	2019	FALSE
DRF-75-P02	37	DRF	798	1998	FALSE
DRF-75-P02	38	DRF	798	1977	FALSE
DRF-75-P02	39	DRF	798	1956	FALSE
DRF-75-P02	40	DRF	798	1935	FALSE
DRF-75-P02	41	DRF	798	1914	FALSE
DRF-75-P02	42	DRF	798	1893	FALSE
DRF-75-P02	43	DRF	798	1888	FALSE
DRF-75-P02	44	DRF	798	1888	FALSE
DRF-75-P02	45	DRF	798	1888	FALSE
DRF-75-P02	46	DRF	798	1888	FALSE
DRF-75-P02	47	DRF	798	1888	FALSE
DRF-75-P02	48	DRF	798	1888	FALSE
DRF-75-P02	49	DRF	798	1888	FALSE
DRF-75-P02	50	DRF	798	1888	FALSE
DRF-75-P02	51	DRF	798	1888	FALSE
DRF-75-P02	52	DRF	798	1888	FALSE
DRF-75-P02	53	DRF	798	1888	FALSE
DRF-75-P02	54	DRF	798	1888	FALSE
DRF-75-P02	55	DRF	798	1888	FALSE
DRF-75-P02	56	DRF	798	1888	FALSE
DRF-75-P02	57	DRF	798	1888	FALSE
DRF-75-P02	58	DRF	798	1888	FALSE
DRF-75-P02	59	DRF	798	1888	FALSE
DRF-75-P02	60	DRF	798	1888	FALSE
DRF-75-P02	61	DRF	798	1888	FALSE
DRF-75-P02	62	DRF	798	1888	FALSE
DRF-75-P02	63	DRF	798	1888	FALSE
DRF-75-P02	64	DRF	798	1888	FALSE
DRF-75-P02	65	DRF	798	1888	FALSE
DRF-75-P02	66	DRF	798	1888	FALSE
DRF-75-P02	67	DRF	798	1888	FALSE
DRF-75-P02	68	DRF	798	1888	FALSE
DRF-75-P02	69	DRF	798	1888	FALSE
DRF-75-P02	70	DRF	798	1888	FALSE
DRF-75-P02	71	DRF	798	1888	FALSE
DRF-75-P02	72	DRF	798	1888	FALSE
DRF-75-P02	73	DRF	798	1888	FALSE
DRF-75-P03	0	HON	642	2614	HONEST
DRF-75-P03	1	HON	650	2614	HONEST
DRF-75-P03	2	HON	642	2614	HONEST
DRF-75-P03	3	HON	642	2614	HONEST
DRF-75-P03	4	HON	658	2614	HONEST
DRF-75-P03	5	HON	642	2586	HONEST
DRF-75-P03	6	HON	658	2600	HONEST
DRF-75-P03	7	HON	650	2614	HONEST
DRF-75-P03	8	HON	642	2586	HONEST
DRF-75-P03	9	HON	642	2586	HONEST
DRF-75-P03	10	DRF	654	2565	FALSE
DRF-75-P03	11	DRF	666	2544	FALSE
DRF-75-P03	12	DRF	678	2523	FALSE
DRF-75-P03	13	DRF	690	2502	FALSE
DRF-75-P03	14	DRF	702	2481	FALSE
DRF-75-P03	15	DRF	714	2460	FALSE
DRF-75-P03	16	DRF	726	2439	FALSE
DRF-75-P03	17	DRF	738	2418	FALSE
DRF-75-P03	18	DRF	750	2397	FALSE
DRF-75-P03	19	DRF	762	2376	FALSE
DRF-75-P03	20	DRF	774	2355	FALSE
DRF-75-P03	21	DRF	786	2334	FALSE
DRF-75-P03	22	DRF	798	2313	FALSE
DRF-75-P03	23	DRF	810	2292	FALSE
DRF-75-P03	24	DRF	815	2271	FALSE
DRF-75-P03	25	DRF	815	2250	FALSE
DRF-75-P03	26	DRF	815	2229	FALSE
DRF-75-P03	27	DRF	815	2208	FALSE
DRF-75-P03	28	DRF	815	2187	FALSE
DRF-75-P03	29	DRF	815	2166	FALSE
DRF-75-P03	30	DRF	815	2145	FALSE
DRF-75-P03	31	DRF	815	2124	FALSE
DRF-75-P03	32	DRF	815	2103	FALSE
DRF-75-P03	33	DRF	815	2082	FALSE
DRF-75-P03	34	DRF	815	2061	FALSE
DRF-75-P03	35	DRF	815	2040	FALSE
DRF-75-P03	36	DRF	815	2019	FALSE
DRF-75-P03	37	DRF	815	1998	FALSE
DRF-75-P03	38	DRF	815	1977	FALSE
DRF-75-P03	39	DRF	815	1956	FALSE
DRF-75-P03	40	DRF	815	1935	FALSE
DRF-75-P03	41	DRF	815	1914	FALSE
DRF-75-P03	42	DRF	815	1893	FALSE
DRF-75-P03	43	DRF	815	1888	FALSE
DRF-75-P03	44	DRF	815	1888	FALSE
DRF-75-P03	45	DRF	815	1888	FALSE
DRF-75-P03	46	DRF	815	1888	FALSE
DRF-75-P03	47	DRF	815	1888	FALSE
DRF-75-P03	48	DRF	815	1888	FALSE
DRF-75-P03	49	DRF	815	1888	FALSE
DRF-75-P03	50	DRF	815	1888	FALSE
DRF-75-P03	51	DRF	815	1888	FALSE
DRF-75-P03	52	DRF	815	1888	FALSE
DRF-75-P03	53	DRF	815	1888	FALSE
DRF-75-P03	54	DRF	815	1888	FALSE
DRF-75-P03	55	DRF	815	1888	FALSE
DRF-75-P03	56	DRF	815	1888	FALSE
DRF-75-P03	57	DRF	815	1888	FALSE
DRF-75-P03	58	DRF	815	1888	FALSE
DRF-75-P03	59	DRF	815	1888	FALSE
DRF-75-P03	60	DRF	815	1888	FALSE
DRF-75-P03	61	DRF	815	1888	FALSE
DRF-75-P03	62	DRF	815	1888	FALSE
DRF-75-P03	63	DRF	815	1888	FALSE
DRF-75-P03	64	DRF	815	1888	FALSE
DRF-75-P03	65	DRF	815	1888	FALSE
DRF-75-P03	66	DRF	815	1888	FALSE
DRF-75-P03	67	DRF	815	1888	FALSE
DRF-75-P03	68	DRF	815	1888	FALSE
DRF-75-P03	69	DRF	815	1888	FALSE
DRF-75-P03	70	DRF	815	1888	FALSE
DRF-75-P03	71	DRF	815	1888	FALSE
DRF-75-P03	72	DRF	815	1888	FALSE
DRF-75-P03	73	DRF	815	1888	FALSE
DRF-75-P04	0	HON	658	2614	HONEST
DRF-75-P04	1	HON	658	2600	HONEST
DRF-75-P04	2	HON	658	2586	HONEST
DRF-75-P04	3	HON	658	2586	HONEST
DRF-75-P04	4	HON	658	2600	HONEST
DRF-75-P04	5	HON	642	2586	HONEST
DRF-75-P04	6	HON	650	2600	HONEST
DRF-75-P04	7	HON	658	2586	HONEST
DRF-75-P04	8	HON	642	2600	HONEST
DRF-75-P04	9	HON	642	2586	HONEST
DRF-75-P04	10	DRF	654	2565	FALSE
DRF-75-P04	11	DRF	666	2544	FALSE
DRF-75-P04	12	DRF	678	2523	FALSE
DRF-75-P04	13	DRF	690	2502	FALSE
DRF-75-P04	14	DRF	702	2481	FALSE
DRF-75-P04	15	DRF	714	2460	FALSE
DRF-75-P04	16	DRF	726	2439	FALSE
DRF-75-P04	17	DRF	738	2418	FALSE
DRF-75-P04	18	DRF	750	2397	FALSE
DRF-75-P04	19	DRF	762	2376	FALSE
DRF-75-P04	20	DRF	774	2355	FALSE
DRF-75-P04	21	DRF	786	2334	FALSE
DRF-75-P04	22	DRF	798	2313	FALSE
DRF-75-P04	23	DRF	810	2292	FALSE
DRF-75-P04	24	DRF	822	2271	FALSE
DRF-75-P04	25	DRF	832	2250	FALSE
DRF-75-P04	26	DRF	832	2229	FALSE
DRF-75-P04	27	DRF	832	2208	FALSE
DRF-75-P04	28	DRF	832	2187	FALSE
DRF-75-P04	29	DRF	832	2166	FALSE
DRF-75-P04	30	DRF	832	2145	FALSE
DRF-75-P04	31	DRF	832	2124	FALSE
DRF-75-P04	32	DRF	832	2103	FALSE
DRF-75-P04	33	DRF	832	2082	FALSE
DRF-75-P04	34	DRF	832	2061	FALSE
DRF-75-P04	35	DRF	832	2040	FALSE
DRF-75-P04	36	DRF	832	2019	FALSE
DRF-75-P04	37	DRF	832	1998	FALSE
DRF-75-P04	38	DRF	832	1977	FALSE
DRF-75-P04	39	DRF	832	1956	FALSE
DRF-75-P04	40	DRF	832	1935	FALSE
DRF-75-P04	41	DRF	832	1914	FALSE
DRF-75-P04	42	DRF	832	1893	FALSE
DRF-75-P04	43	DRF	832	1888	FALSE
DRF-75-P04	44	DRF	832	1888	FALSE
DRF-75-P04	45	DRF	832	1888	FALSE
DRF-75-P04	46	DRF	832	1888	FALSE
DRF-75-P04	47	DRF	832	1888	FALSE
DRF-75-P04	48	DRF	832	1888	FALSE
DRF-75-P04	49	DRF	832	1888	FALSE
DRF-75-P04	50	DRF	832	1888	FALSE
DRF-75-P04	51	DRF	832	1888	FALSE
DRF-75-P04	52	DRF	832	1888	FALSE
DRF-75-P04	53	DRF	832	1888	FALSE
DRF-75-P04	54	DRF	832	1888	FALSE
DRF-75-P04	55	DRF	832	1888	FALSE
DRF-75-P04	56	DRF	832	1888	FALSE
DRF-75-P04	57	DRF	832	1888	FALSE
DRF-75-P04	58	DRF	832	1888	FALSE
DRF-75-P04	59	DRF	832	1888	FALSE
DRF-75-P04	60	DRF	832	1888	FALSE
DRF-75-P04	61	DRF	832	1888	FALSE
DRF-75-P04	62	DRF	832	1888	FALSE
DRF-75-P04	63	DRF	832	1888	FALSE
DRF-75-P04	64	DRF	832	1888	FALSE
DRF-75-P04	65	DRF	832	1888	FALSE
DRF-75-P04	66	DRF	832	1888	FALSE
DRF-75-P04	67	DRF	832	1888	FALSE
DRF-75-P04	68	DRF	832	1888	FALSE
DRF-75-P04	69	DRF	832	1888	FALSE
DRF-75-P04	70	DRF	832	1888	FALSE
DRF-75-P04	71	DRF	832	1888	FALSE
DRF-75-P04	72	DRF	832	1888	FALSE
DRF-75-P04	73	DRF	832	1888	FALSE
DRF-75-P05	0	HON	658	2600	HONEST
DRF-75-P05	1	HON	650	2586	HONEST
DRF-75-P05	2	HON	642	2586	HONEST
DRF-75-P05	3	HON	642	2586	HONEST
DRF-75-P05	4	HON	650	2614	HONEST
DRF-75-P05	5	HON	642	2614	HONEST
DRF-75-P05	6	HON	650	2614	HONEST
DRF-75-P05	7	HON	642	2586	HONEST
DRF-75-P05	8	HON	650	2586	HONEST
DRF-75-P05	9	HON	642	2600	HONEST
DRF-75-P05	10	DRF	654	2579	FALSE
DRF-75-P05	11	DRF	666	2558	FALSE
DRF-75-P05	12	DRF	678	2537	FALSE
DRF-75-P05	13	DRF	690	2516	FALSE
DRF-75-P05	14	DRF	702	2495	FALSE
DRF-75-P05	15	DRF	714	2474	FALSE
DRF-75-P05	16	DRF	726	2453	FALSE
DRF-75-P05	17	DRF	738	2432	FALSE
DRF-75-P05	18	DRF	750	2411	FALSE
DRF-75-P05	19	DRF	762	2390	FALSE
DRF-75-P05	20	DRF	764	2369	FALSE
DRF-75-P05	21	DRF	764	2348	FALSE
DRF-75-P05	22	DRF	764	2327	FALSE
DRF-75-P05	23	DRF	764	2306	FALSE
DRF-75-P05	24	DRF	764	2285	FALSE
DRF-75-P05	25	DRF	764	2264	FALSE
DRF-75-P05	26	DRF	764	2243	FALSE
DRF-75-P05	27	DRF	764	2222	FALSE
DRF-75-P05	28	DRF	764	2201	FALSE
DRF-75-P05	29	DRF	764	2180	FALSE
DRF-75-P05	30	DRF	764	2159	FALSE
DRF-75-P05	31	DRF	764	2138	FALSE
DRF-75-P05	32	DRF	764	2130	FALSE
DRF-75-P05	33	DRF	764	2130	FALSE
DRF-75-P05	34	DRF	764	2130	FALSE
DRF-75-P05	35	DRF	764	2130	FALSE
DRF-75-P05	36	DRF	764	2130	FALSE
DRF-75-P05	37	DRF	764	2130	FALSE
DRF-75-P05	38	DRF	764	2130	FALSE
DRF-75-P05	39	DRF	764	2130	FALSE
DRF-75-P05	40	DRF	764	2130	FALSE
DRF-75-P05	41	DRF	764	2130	FALSE
DRF-75-P05	42	DRF	764	2130	FALSE
DRF-75-P05	43	DRF	764	2130	FALSE
DRF-75-P05	44	DRF	764	2130	FALSE
DRF-75-P05	45	DRF	764	2130	FALSE
DRF-75-P05	46	DRF	764	2130	FALSE
DRF-75-P05	47	DRF	764	2130	FALSE
DRF-75-P05	48	DRF	764	2130	FALSE
DRF-75-P05	49	DRF	764	2130	FALSE
DRF-75-P05	50	DRF	764	2130	FALSE
DRF-75-P05	51	DRF	764	2130	FALSE
DRF-75-P05	52	DRF	764	2130	FALSE
DRF-75-P05	53	DRF	764	2130	FALSE
DRF-75-P05	54	DRF	764	2130	FALSE
DRF-75-P05	55	DRF	764	2130	FALSE
DRF-75-P05	56	DRF	764	2130	FALSE
DRF-75-P05	57	DRF	764	2130	FALSE
DRF-75-P05	58	DRF	764	2130	FALSE
DRF-75-P05	59	DRF	764	2130	FALSE
DRF-75-P05	60	DRF	764	2130	FALSE
DRF-75-P05	61	DRF	764	2130	FALSE
DRF-75-P05	62	DRF	764	2130	FALSE
DRF-75-P06	0	HON	650	2586	HONEST
DRF-75-P06	1	HON	642	2586	HONEST
DRF-75-P06	2	HON	642	2600	HONEST
DRF-75-P06	3	HON	642	2600	HONEST
DRF-75-P06	4	HON	658	2614	HONEST
DRF-75-P06	5	HON	658	2614	HONEST
DRF-75-P06	6	HON	658	2586	HONEST
DRF-75-P06	7	HON	642	2614	HONEST
DRF-75-P06	8	HON	642	2600	HONEST
DRF-75-P06	9	HON	650	2600	HONEST
DRF-75-P06	10	DRF	662	2579	FALSE
DRF-75-P06	11	DRF	674	2558	FALSE
DRF-75-P06	12	DRF	686	2537	FALSE
DRF-75-P06	13	DRF	698	2516	FALSE
DRF-75-P06	14	DRF	710	2495	FALSE
DRF-75-P06	15	DRF	722	2474	FALSE
DRF-75-P06	16	DRF	734	2453	FALSE
DRF-75-P06	17	DRF	746	2432	FALSE
DRF-75-P06	18	DRF	758	2411	FALSE
DRF-75-P06	19	DRF	770	2390	FALSE
DRF-75-P06	20	DRF	781	2369	FALSE
DRF-75-P06	21	DRF	781	2348	FALSE
DRF-75-P06	22	DRF	781	2327	FALSE
DRF-75-P06	23	DRF	781	2306	FALSE
DRF-75-P06	24	DRF	781	2285	FALSE
DRF-75-P06	25	DRF	781	2264	FALSE
DRF-75-P06	26	DRF	781	2243	FALSE
DRF-75-P06	27	DRF	781	2222	FALSE
DRF-75-P06	28	DRF	781	2201	FALSE
DRF-75-P06	29	DRF	781	2180	FALSE
DRF-75-P06	30	DRF	781	2159	FALSE
DRF-75-P06	31	DRF	781	2138	FALSE
DRF-75-P06	32	DRF	781	2130	FALSE
DRF-75-P06	33	DRF	781	2130	FALSE
DRF-75-P06	34	DRF	781	2130	FALSE
DRF-75-P06	35	DRF	781	2130	FALSE
DRF-75-P06	36	DRF	781	2130	FALSE
DRF-75-P06	37	DRF	781	2130	FALSE
DRF-75-P06	38	DRF	781	2130	FALSE
DRF-75-P06	39	DRF	781	2130	FALSE
DRF-75-P06	40	DRF	781	2130	FALSE
DRF-75-P06	41	DRF	781	2130	FALSE
DRF-75-P06	42	DRF	781	2130	FALSE
DRF-75-P06	43	DRF	781	2130	FALSE
DRF-75-P06	44	DRF	781	2130	FALSE
DRF-75-P06	45	DRF	781	2130	FALSE
DRF-75-P06	46	DRF	781	2130	FALSE
DRF-75-P06	47	DRF	781	2130	FALSE
DRF-75-P06	48	DRF	781	2130	FALSE
DRF-75-P06	49	DRF	781	2130	FALSE
DRF-75-P06	50	DRF	781	2130	FALSE
DRF-75-P06	51	DRF	781	2130	FALSE
DRF-75-P06	52	DRF	781	2130	FALSE
DRF-75-P06	53	DRF	781	2130	FALSE
DRF-75-P06	54	DRF	781	2130	FALSE
DRF-75-P06	55	DRF	781	2130	FALSE
DRF-75-P06	56	DRF	781	2130	FALSE
DRF-75-P06	57	DRF	781	2130	FALSE
DRF-75-P06	58	DRF	781	2130	FALSE
DRF-75-P06	59	DRF	781	2130	FALSE
DRF-75-P06	60	DRF	781	2130	FALSE
DRF-75-P06	61	DRF	781	2130	FALSE
DRF-75-P06	62	DRF	781	2130	FALSE
DRF-75-P07	0	HON	642	2614	HONEST
DRF-75-P07	1	HON	642	2586	HONEST
DRF-75-P07	2	HON	650	2614	HONEST
DRF-75-P07	3	HON	650	2600	HONEST
DRF-75-P07	4	HON	658	2586	HONEST
DRF-75-P07	5	HON	658	2614	HONEST
DRF-75-P07	6	HON	642	2600	HONEST
DRF-75-P07	7	HON	658	2586	HONEST
DRF-75-P07	8	HON	650	2600	HONEST
DRF-75-P07	9	HON	650	2586	HONEST
DRF-75-P07	10	DRF	662	2565	FALSE
DRF-75-P07	11	DRF	674	2544	FALSE
DRF-75-P07	12	DRF	686	2523	FALSE
DRF-75-P07	13	DRF	698	2502	FALSE
DRF-75-P07	14	DRF	710	2481	FALSE
DRF-75-P07	15	DRF	722	2460	FALSE
DRF-75-P07	16	DRF	734	2439	FALSE
DRF-75-P07	17	DRF	746	2418	FALSE
DRF-75-P07	18	DRF	758	2397	FALSE
DRF-75-P07	19	DRF	770	2376	FALSE
DRF-75-P07	20	DRF	782	2355	FALSE
DRF-75-P07	21	DRF	794	2334	FALSE
DRF-75-P07	22	DRF	798	2313	FALSE
DRF-75-P07	23	DRF	798	2292	FALSE
DRF-75-P07	24	DRF	798	2271	FALSE
DRF-75-P07	25	DRF	798	2250	FALSE
DRF-75-P07	26	DRF	798	2229	FALSE
DRF-75-P07	27	DRF	798	2208	FALSE
DRF-75-P07	28	DRF	798	2187	FALSE
DRF-75-P07	29	DRF	798	2166	FALSE
DRF-75-P07	30	DRF	798	2145	FALSE
DRF-75-P07	31	DRF	798	2130	FALSE
DRF-75-P07	32	DRF	798	2130	FALSE
DRF-75-P07	33	DRF	798	2130	FALSE
DRF-75-P07	34	DRF	798	2130	FALSE
DRF-75-P07	35	DRF	798	2130	FALSE
DRF-75-P07	36	DRF	798	2130	FALSE
DRF-75-P07	37	DRF	798	2130	FALSE
DRF-75-P07	38	DRF	798	2130	FALSE
DRF-75-P07	39	DRF	798	2130	FALSE
DRF-75-P07	40	DRF	798	2130	FALSE
DRF-75-P07	41	DRF	798	2130	FALSE
DRF-75-P07	42	DRF	798	2130	FALSE
DRF-75-P07	43	DRF	798	2130	FALSE
DRF-75-P07	44	DRF	798	2130	FALSE
DRF-75-P07	45	DRF	798	2130	FALSE
DRF-75-P07	46	DRF	798	2130	FALSE
DRF-75-P07	47	DRF	798	2130	FALSE
DRF-75-P07	48	DRF	798	2130	FALSE
DRF-75-P07	49	DRF	798	2130	FALSE
DRF-75-P07	50	DRF	798	2130	FALSE
DRF-75-P07	51	DRF	798	2130	FALSE
DRF-75-P07	52	DRF	798	2130	FALSE
DRF-75-P07	53	DRF	798	2130	FALSE
DRF-75-P07	54	DRF	798	2130	FALSE
DRF-75-P07	55	DRF	798	2130	FALSE
DRF-75-P07	56	DRF	798	2130	FALSE
DRF-75-P07	57	DRF	798	2130	FALSE
DRF-75-P07	58	DRF	798	2130	FALSE
DRF-75-P07	59	DRF	798	2130	FALSE
DRF-75-P07	60	DRF	798	2130	FALSE
DRF-75-P07	61	DRF	798	2130	FALSE
DRF-75-P08	0	HON	658	2614	HONEST
DRF-75-P08	1	HON	642	2600	HONEST
DRF-75-P08	2	HON	658	2586	HONEST
DRF-75-P08	3	HON	650	2586	HONEST
DRF-75-P08	4	HON	642	2586	HONEST
DRF-75-P08	5	HON	658	2600	HONEST
DRF-75-P08	6	HON	650	2600	HONEST
DRF-75-P08	7	HON	642	2614	HONEST
DRF-75-P08	8	HON	650	2614	HONEST
DRF-75-P08	9	HON	642	2614	HONEST
DRF-75-P08	10	DRF	654	2593	FALSE
DRF-75-P08	11	DRF	666	2572	FALSE
DRF-75-P08	12	DRF	678	2551	FALSE
DRF-75-P08	13	DRF	690	2530	FALSE
DRF-75-P08	14	DRF	702	2509	FALSE
DRF-75-P08	15	DRF	714	2488	FALSE
DRF-75-P08	16	DRF	726	2467	FALSE
DRF-75-P08	17	DRF	738	2446	FALSE
DRF-75-P08	18	DRF	750	2425	FALSE
DRF-75-P08	19	DRF	762	2404	FALSE
DRF-75-P08	20	DRF	774	2383	FALSE
DRF-75-P08	21	DRF	786	2362	FALSE
DRF-75-P08	22	DRF	798	2341	FALSE
DRF-75-P08	23	DRF	810	2320	FALSE
DRF-75-P08	24	DRF	815	2299	FALSE
DRF-75-P08	25	DRF	815	2278	FALSE
DRF-75-P08	26	DRF	815	2257	FALSE
DRF-75-P08	27	DRF	815	2236	FALSE
DRF-75-P08	28	DRF	815	2215	FALSE
DRF-75-P08	29	DRF	815	2194	FALSE
DRF-75-P08	30	DRF	815	2173	FALSE
DRF-75-P08	31	DRF	815	2152	FALSE
DRF-75-P08	32	DRF	815	2131	FALSE
DRF-75-P08	33	DRF	815	2130	FALSE
DRF-75-P08	34	DRF	815	2130	FALSE
DRF-75-P08	35	DRF	815	2130	FALSE
DRF-75-P08	36	DRF	815	2130	FALSE
DRF-75-P08	37	DRF	815	2130	FALSE
DRF-75-P08	38	DRF	815	2130	FALSE
DRF-75-P08	39	DRF	815	2130	FALSE
DRF-75-P08	40	DRF	815	2130	FALSE
DRF-75-P08	41	DRF	815	2130	FALSE
DRF-75-P08	42	DRF	815	2130	FALSE
DRF-75-P08	43	DRF	815	2130	FALSE
DRF-75-P08	44	DRF	815	2130	FALSE
DRF-75-P08	45	DRF	815	2130	FALSE
DRF-75-P08	46	DRF	815	2130	FALSE
DRF-75-P08	47	DRF	815	2130	FALSE
DRF-75-P08	48	DRF	815	2130	FALSE
DRF-75-P08	49	DRF	815	2130	FALSE
DRF-75-P08	50	DRF	815	2130	FALSE
DRF-75-P08	51	DRF	815	2130	FALSE
DRF-75-P08	52	DRF	815	2130	FALSE
DRF-75-P08	53	DRF	815	2130	FALSE
DRF-75-P08	54	DRF	815	2130	FALSE
DRF-75-P08	55	DRF	815	2130	FALSE
DRF-75-P08	56	DRF	815	2130	FALSE
DRF-75-P08	57	DRF	815	2130	FALSE
DRF-75-P08	58	DRF	815	2130	FALSE
DRF-75-P08	59	DRF	815	2130	FALSE
DRF-75-P08	60	DRF	815	2130	FALSE
DRF-75-P08	61	DRF	815	2130	FALSE
DRF-75-P08	62	DRF	815	2130	FALSE
DRF-75-P08	63	DRF	815	2130	FALSE
DRF-75-P09	0	HON	658	2586	HONEST
DRF-75-P09	1	HON	650	2614	HONEST
DRF-75-P09	2	HON	642	2586	HONEST
DRF-75-P09	3	HON	642	2614	HONEST
DRF-75-P09	4	HON	642	2600	HONEST
DRF-75-P09	5	HON	650	2586	HONEST
DRF-75-P09	6	HON	650	2586	HONEST
DRF-75-P09	7	HON	658	2614	HONEST
DRF-75-P09	8	HON	658	2600	HONEST
DRF-75-P09	9	HON	658	2586	HONEST
DRF-75-P09	10	DRF	670	2565	FALSE
DRF-75-P09	11	DRF	682	2544	FALSE
DRF-75-P09	12	DRF	694	2523	FALSE
DRF-75-P09	13	DRF	706	2502	FALSE
DRF-75-P09	14	DRF	718	2481	FALSE
DRF-75-P09	15	DRF	730	2460	FALSE
DRF-75-P09	16	DRF	742	2439	FALSE
DRF-75-P09	17	DRF	754	2418	FALSE
DRF-75-P09	18	DRF	766	2397	FALSE
DRF-75-P09	19	DRF	778	2376	FALSE
DRF-75-P09	20	DRF	790	2355	FALSE
DRF-75-P09	21	DRF	802	2334	FALSE
DRF-75-P09	22	DRF	814	2313	FALSE
DRF-75-P09	23	DRF	826	2292	FALSE
DRF-75-P09	24	DRF	832	2271	FALSE
DRF-75-P09	25	DRF	832	2250	FALSE
DRF-75-P09	26	DRF	832	2229	FALSE
DRF-75-P09	27	DRF	832	2208	FALSE
DRF-75-P09	28	DRF	832	2187	FALSE
DRF-75-P09	29	DRF	832	2166	FALSE
DRF-75-P09	30	DRF	832	2145	FALSE
DRF-75-P09	31	DRF	832	2130	FALSE
DRF-75-P09	32	DRF	832	2130	FALSE
DRF-75-P09	33	DRF	832	2130	FALSE
DRF-75-P09	34	DRF	832	2130	FALSE
DRF-75-P09	35	DRF	832	2130	FALSE
DRF-75-P09	36	DRF	832	2130	FALSE
DRF-75-P09	37	DRF	832	2130	FALSE
DRF-75-P09	38	DRF	832	2130	FALSE
DRF-75-P09	39	DRF	832	2130	FALSE
DRF-75-P09	40	DRF	832	2130	FALSE
DRF-75-P09	41	DRF	832	2130	FALSE
DRF-75-P09	42	DRF	832	2130	FALSE
DRF-75-P09	43	DRF	832	2130	FALSE
DRF-75-P09	44	DRF	832	2130	FALSE
DRF-75-P09	45	DRF	832	2130	FALSE
DRF-75-P09	46	DRF	832	2130	FALSE
DRF-75-P09	47	DRF	832	2130	FALSE
DRF-75-P09	48	DRF	832	2130	FALSE
DRF-75-P09	49	DRF	832	2130	FALSE
DRF-75-P09	50	DRF	832	2130	FALSE
DRF-75-P09	51	DRF	832	2130	FALSE
DRF-75-P09	52	DRF	832	2130	FALSE
DRF-75-P09	53	DRF	832	2130	FALSE
DRF-75-P09	54	DRF	832	2130	FALSE
DRF-75-P09	55	DRF	832	2130	FALSE
DRF-75-P09	56	DRF	832	2130	FALSE
DRF-75-P09	57	DRF	832	2130	FALSE
DRF-75-P09	58	DRF	832	2130	FALSE
DRF-75-P09	59	DRF	832	2130	FALSE
DRF-75-P09	60	DRF	832	2130	FALSE
DRF-75-P09	61	DRF	832	2130	FALSE
DRF-75-P10	0	HON	642	2614	HONEST
DRF-75-P10	1	HON	658	2614	HONEST
DRF-75-P10	2	HON	642	2586	HONEST
DRF-75-P10	3	HON	658	2600	HONEST
DRF-75-P10	4	HON	650	2614	HONEST
DRF-75-P10	5	HON	642	2586	HONEST
DRF-75-P10	6	HON	642	2586	HONEST
DRF-75-P10	7	HON	658	2600	HONEST
DRF-75-P10	8	HON	650	2586	HONEST
DRF-75-P10	9	HON	642	2586	HONEST
DRF-75-P10	10	DRF	654	2565	FALSE
DRF-75-P10	11	DRF	666	2544	FALSE
DRF-75-P10	12	DRF	678	2523	FALSE
DRF-75-P10	13	DRF	690	2502	FALSE
DRF-75-P10	14	DRF	702	2481	FALSE
DRF-75-P10	15	DRF	714	2460	FALSE
DRF-75-P10	16	DRF	726	2439	FALSE
DRF-75-P10	17	DRF	738	2418	FALSE
DRF-75-P10	18	DRF	750	2397	FALSE
DRF-75-P10	19	DRF	762	2376	FALSE
DRF-75-P10	20	DRF	764	2372	FALSE
DRF-75-P10	21	DRF	764	2372	FALSE
DRF-75-P10	22	DRF	764	2372	FALSE
DRF-75-P10	23	DRF	764	2372	FALSE
DRF-75-P10	24	DRF	764	2372	FALSE
DRF-75-P10	25	DRF	764	2372	FALSE
DRF-75-P10	26	DRF	764	2372	FALSE
DRF-75-P10	27	DRF	764	2372	FALSE
DRF-75-P10	28	DRF	764	2372	FALSE
DRF-75-P10	29	DRF	764	2372	FALSE
DRF-75-P10	30	DRF	764	2372	FALSE
DRF-75-P10	31	DRF	764	2372	FALSE
DRF-75-P10	32	DRF	764	2372	FALSE
DRF-75-P10	33	DRF	764	2372	FALSE
DRF-75-P10	34	DRF	764	2372	FALSE
DRF-75-P10	35	DRF	764	2372	FALSE
DRF-75-P10	36	DRF	764	2372	FALSE
DRF-75-P10	37	DRF	764	2372	FALSE
DRF-75-P10	38	DRF	764	2372	FALSE
DRF-75-P10	39	DRF	764	2372	FALSE
DRF-75-P10	40	DRF	764	2372	FALSE
DRF-75-P10	41	DRF	764	2372	FALSE
DRF-75-P10	42	DRF	764	2372	FALSE
DRF-75-P10	43	DRF	764	2372	FALSE
DRF-75-P10	44	DRF	764	2372	FALSE
DRF-75-P10	45	DRF	764	2372	FALSE
DRF-75-P10	46	DRF	764	2372	FALSE
DRF-75-P10	47	DRF	764	2372	FALSE
DRF-75-P10	48	DRF	764	2372	FALSE
DRF-75-P10	49	DRF	764	2372	FALSE
DRF-75-P10	50	DRF	764	2372	FALSE
DRF-75-P11	0	HON	658	2586	HONEST
DRF-75-P11	1	HON	658	2600	HONEST
DRF-75-P11	2	HON	642	2586	HONEST
DRF-75-P11	3	HON	650	2600	HONEST
DRF-75-P11	4	HON	658	2586	HONEST
DRF-75-P11	5	HON	642	2600	HONEST
DRF-75-P11	6	HON	642	2586	HONEST
DRF-75-P11	7	HON	650	2586	HONEST
DRF-75-P11	8	HON	642	2586	HONEST
DRF-75-P11	9	HON	642	2600	HONEST
DRF-75-P11	10	DRF	654	2579	FALSE
DRF-75-P11	11	DRF	666	2558	FALSE
DRF-75-P11	12	DRF	678	2537	FALSE
DRF-75-P11	13	DRF	690	2516	FALSE
DRF-75-P11	14	DRF	702	2495	FALSE
DRF-75-P11	15	DRF	714	2474	FALSE
DRF-75-P11	16	DRF	726	2453	FALSE
DRF-75-P11	17	DRF	738	2432	FALSE
DRF-75-P11	18	DRF	750	2411	FALSE
DRF-75-P11	19	DRF	762	2390	FALSE
DRF-75-P11	20	DRF	774	2372	FALSE
DRF-75-P11	21	DRF	781	2372	FALSE
DRF-75-P11	22	DRF	781	2372	FALSE
DRF-75-P11	23	DRF	781	2372	FALSE
DRF-75-P11	24	DRF	781	2372	FALSE
DRF-75-P11	25	DRF	781	2372	FALSE
DRF-75-P11	26	DRF	781	2372	FALSE
DRF-75-P11	27	DRF	781	2372	FALSE
DRF-75-P11	28	DRF	781	2372	FALSE
DRF-75-P11	29	DRF	781	2372	FALSE
DRF-75-P11	30	DRF	781	2372	FALSE
DRF-75-P11	31	DRF	781	2372	FALSE
DRF-75-P11	32	DRF	781	2372	FALSE
DRF-75-P11	33	DRF	781	2372	FALSE
DRF-75-P11	34	DRF	781	2372	FALSE
DRF-75-P11	35	DRF	781	2372	FALSE
DRF-75-P11	36	DRF	781	2372	FALSE
DRF-75-P11	37	DRF	781	2372	FALSE
DRF-75-P11	38	DRF	781	2372	FALSE
DRF-75-P11	39	DRF	781	2372	FALSE
DRF-75-P11	40	DRF	781	2372	FALSE
DRF-75-P11	41	DRF	781	2372	FALSE
DRF-75-P11	42	DRF	781	2372	FALSE
DRF-75-P11	43	DRF	781	2372	FALSE
DRF-75-P11	44	DRF	781	2372	FALSE
DRF-75-P11	45	DRF	781	2372	FALSE
DRF-75-P11	46	DRF	781	2372	FALSE
DRF-75-P11	47	DRF	781	2372	FALSE
DRF-75-P11	48	DRF	781	2372	FALSE
DRF-75-P11	49	DRF	781	2372	FALSE
DRF-75-P11	50	DRF	781	2372	FALSE
DRF-75-P11	51	DRF	781	2372	FALSE
DRF-75-P12	0	HON	642	2586	HONEST
DRF-75-P12	1	HON	650	2614	HONEST
DRF-75-P12	2	HON	642	2614	HONEST
DRF-75-P12	3	HON	650	2614	HONEST
DRF-75-P12	4	HON	642	2586	HONEST
DRF-75-P12	5	HON	650	2586	HONEST
DRF-75-P12	6	HON	642	2600	HONEST
DRF-75-P12	7	HON	642	2614	HONEST
DRF-75-P12	8	HON	642	2586	HONEST
DRF-75-P12	9	HON	650	2614	HONEST
DRF-75-P12	10	DRF	662	2593	FALSE
DRF-75-P12	11	DRF	674	2572	FALSE
DRF-75-P12	12	DRF	686	2551	FALSE
DRF-75-P12	13	DRF	698	2530	FALSE
DRF-75-P12	14	DRF	710	2509	FALSE
DRF-75-P12	15	DRF	722	2488	FALSE
DRF-75-P12	16	DRF	734	2467	FALSE
DRF-75-P12	17	DRF	746	2446	FALSE
DRF-75-P12	18	DRF	758	2425	FALSE
DRF-75-P12	19	DRF	770	2404	FALSE
DRF-75-P12	20	DRF	782	2383	FALSE
DRF-75-P12	21	DRF	794	2372	FALSE
DRF-75-P12	22	DRF	798	2372	FALSE
DRF-75-P12	23	DRF	798	2372	FALSE
DRF-75-P12	24	DRF	798	2372	FALSE
DRF-75-P12	25	DRF	798	2372	FALSE
DRF-75-P12	26	DRF	798	2372	FALSE
DRF-75-P12	27	DRF	798	2372	FALSE
DRF-75-P12	28	DRF	798	2372	FALSE
DRF-75-P12	29	DRF	798	2372	FALSE
DRF-75-P12	30	DRF	798	2372	FALSE
DRF-75-P12	31	DRF	798	2372	FALSE
DRF-75-P12	32	DRF	798	2372	FALSE
DRF-75-P12	33	DRF	798	2372	FALSE
DRF-75-P12	34	DRF	798	2372	FALSE
DRF-75-P12	35	DRF	798	2372	FALSE
DRF-75-P12	36	DRF	798	2372	FALSE
DRF-75-P12	37	DRF	798	2372	FALSE
DRF-75-P12	38	DRF	798	2372	FALSE
DRF-75-P12	39	DRF	798	2372	FALSE
DRF-75-P12	40	DRF	798	2372	FALSE
DRF-75-P12	41	DRF	798	2372	FALSE
DRF-75-P12	42	DRF	798	2372	FALSE
DRF-75-P12	43	DRF	798	2372	FALSE
DRF-75-P12	44	DRF	798	2372	FALSE
DRF-75-P12	45	DRF	798	2372	FALSE
DRF-75-P12	46	DRF	798	2372	FALSE
DRF-75-P12	47	DRF	798	2372	FALSE
DRF-75-P12	48	DRF	798	2372	FALSE
DRF-75-P12	49	DRF	798	2372	FALSE
DRF-75-P12	50	DRF	798	2372	FALSE
DRF-75-P12	51	DRF	798	2372	FALSE
DRF-75-P12	52	DRF	798	2372	FALSE
DRF-75-P13	0	HON	642	2600	HONEST
DRF-75-P13	1	HON	658	2614	HONEST
DRF-75-P13	2	HON	658	2614	HONEST
DRF-75-P13	3	HON	658	2586	HONEST
DRF-75-P13	4	HON	642	2614	HONEST
DRF-75-P13	5	HON	642	2600	HONEST
DRF-75-P13	6	HON	650	2600	HONEST
DRF-75-P13	7	HON	658	2614	HONEST
DRF-75-P13	8	HON	642	2600	HONEST
DRF-75-P13	9	HON	658	2586	HONEST
DRF-75-P13	10	DRF	670	2565	FALSE
DRF-75-P13	11	DRF	682	2544	FALSE
DRF-75-P13	12	DRF	694	2523	FALSE
DRF-75-P13	13	DRF	706	2502	FALSE
DRF-75-P13	14	DRF	718	2481	FALSE
DRF-75-P13	15	DRF	730	2460	FALSE
DRF-75-P13	16	DRF	742	2439	FALSE
DRF-75-P13	17	DRF	754	2418	FALSE
DRF-75-P13	18	DRF	766	2397	FALSE
DRF-75-P13	19	DRF	778	2376	FALSE
DRF-75-P13	20	DRF	790	2372	FALSE
DRF-75-P13	21	DRF	802	2372	FALSE
DRF-75-P13	22	DRF	814	2372	FALSE
DRF-75-P13	23	DRF	815	2372	FALSE
DRF-75-P13	24	DRF	815	2372	FALSE
DRF-75-P13	25	DRF	815	2372	FALSE
DRF-75-P13	26	DRF	815	2372	FALSE
DRF-75-P13	27	DRF	815	2372	FALSE
DRF-75-P13	28	DRF	815	2372	FALSE
DRF-75-P13	29	DRF	815	2372	FALSE
DRF-75-P13	30	DRF	815	2372	FALSE
DRF-75-P13	31	DRF	815	2372	FALSE
DRF-75-P13	32	DRF	815	2372	FALSE
DRF-75-P13	33	DRF	815	2372	FALSE
DRF-75-P13	34	DRF	815	2372	FALSE
DRF-75-P13	35	DRF	815	2372	FALSE
DRF-75-P13	36	DRF	815	2372	FALSE
DRF-75-P13	37	DRF	815	2372	FALSE
DRF-75-P13	38	DRF	815	2372	FALSE
DRF-75-P13	39	DRF	815	2372	FALSE
DRF-75-P13	40	DRF	815	2372	FALSE
DRF-75-P13	41	DRF	815	2372	FALSE
DRF-75-P13	42	DRF	815	2372	FALSE
DRF-75-P13	43	DRF	815	2372	FALSE
DRF-75-P13	44	DRF	815	2372	FALSE
DRF-75-P13	45	DRF	815	2372	FALSE
DRF-75-P13	46	DRF	815	2372	FALSE
DRF-75-P13	47	DRF	815	2372	FALSE
DRF-75-P13	48	DRF	815	2372	FALSE
DRF-75-P13	49	DRF	815	2372	FALSE
DRF-75-P13	50	DRF	815	2372	FALSE
DRF-75-P13	51	DRF	815	2372	FALSE
DRF-75-P13	52	DRF	815	2372	FALSE
DRF-75-P13	53	DRF	815	2372	FALSE
DRF-75-P14	0	HON	650	2600	HONEST
DRF-75-P14	1	HON	658	2586	HONEST
DRF-75-P14	2	HON	658	2614	HONEST
DRF-75-P14	3	HON	642	2600	HONEST
DRF-75-P14	4	HON	658	2586	HONEST
DRF-75-P14	5	HON	650	2600	HONEST
DRF-75-P14	6	HON	650	2586	HONEST
DRF-75-P14	7	HON	658	2586	HONEST
DRF-75-P14	8	HON	650	2614	HONEST
DRF-75-P14	9	HON	642	2586	HONEST
DRF-75-P14	10	DRF	654	2565	FALSE
DRF-75-P14	11	DRF	666	2544	FALSE
DRF-75-P14	12	DRF	678	2523	FALSE
DRF-75-P14	13	DRF	690	2502	FALSE
DRF-75-P14	14	DRF	702	2481	FALSE
DRF-75-P14	15	DRF	714	2460	FALSE
DRF-75-P14	16	DRF	726	2439	FALSE
DRF-75-P14	17	DRF	738	2418	FALSE
DRF-75-P14	18	DRF	750	2397	FALSE
DRF-75-P14	19	DRF	762	2376	FALSE
DRF-75-P14	20	DRF	774	2372	FALSE
DRF-75-P14	21	DRF	786	2372	FALSE
DRF-75-P14	22	DRF	798	2372	FALSE
DRF-75-P14	23	DRF	810	2372	FALSE
DRF-75-P14	24	DRF	822	2372	FALSE
DRF-75-P14	25	DRF	832	2372	FALSE
DRF-75-P14	26	DRF	832	2372	FALSE
DRF-75-P14	27	DRF	832	2372	FALSE
DRF-75-P14	28	DRF	832	2372	FALSE
DRF-75-P14	29	DRF	832	2372	FALSE
DRF-75-P14	30	DRF	832	2372	FALSE
DRF-75-P14	31	DRF	832	2372	FALSE
DRF-75-P14	32	DRF	832	2372	FALSE
DRF-75-P14	33	DRF	832	2372	FALSE
DRF-75-P14	34	DRF	832	2372	FALSE
DRF-75-P14	35	DRF	832	2372	FALSE
DRF-75-P14	36	DRF	832	2372	FALSE
DRF-75-P14	37	DRF	832	2372	FALSE
DRF-75-P14	38	DRF	832	2372	FALSE
DRF-75-P14	39	DRF	832	2372	FALSE
DRF-75-P14	40	DRF	832	2372	FALSE
DRF-75-P14	41	DRF	832	2372	FALSE
DRF-75-P14	42	DRF	832	2372	FALSE
DRF-75-P14	43	DRF	832	2372	FALSE
DRF-75-P14	44	DRF	832	2372	FALSE
DRF-75-P14	45	DRF	832	2372	FALSE
DRF-75-P14	46	DRF	832	2372	FALSE
DRF-75-P14	47	DRF	832	2372	FALSE
DRF-75-P14	48	DRF	832	2372	FALSE
DRF-75-P14	49	DRF	832	2372	FALSE
DRF-75-P14	50	DRF	832	2372	FALSE
DRF-75-P14	51	DRF	832	2372	FALSE
DRF-75-P14	52	DRF	832	2372	FALSE
DRF-75-P14	53	DRF	832	2372	FALSE
DRF-75-P14	54	DRF	832	2372	FALSE
DRF-75-P14	55	DRF	832	2372	FALSE
DRF-100-P00	0	HON	658	2614	HONEST
DRF-100-P00	1	HON	642	2600	HONEST
DRF-100-P00	2	HON	658	2586	HONEST
DRF-100-P00	3	HON	650	2586	HONEST
DRF-100-P00	4	HON	642	2586	HONEST
DRF-100-P00	5	HON	658	2600	HONEST
DRF-100-P00	6	HON	650	2600	HONEST
DRF-100-P00	7	HON	642	2614	HONEST
DRF-100-P00	8	HON	650	2614	HONEST
DRF-100-P00	9	HON	642	2614	HONEST
DRF-100-P00	10	DRF	659	2585	FALSE
DRF-100-P00	11	DRF	676	2556	FALSE
DRF-100-P00	12	DRF	693	2527	FALSE
DRF-100-P00	13	DRF	710	2498	FALSE
DRF-100-P00	14	DRF	727	2469	FALSE
DRF-100-P00	15	DRF	744	2440	FALSE
DRF-100-P00	16	DRF	761	2411	FALSE
DRF-100-P00	17	DRF	764	2382	FALSE
DRF-100-P00	18	DRF	764	2353	FALSE
DRF-100-P00	19	DRF	764	2324	FALSE
DRF-100-P00	20	DRF	764	2295	FALSE
DRF-100-P00	21	DRF	764	2266	FALSE
DRF-100-P00	22	DRF	764	2237	FALSE
DRF-100-P00	23	DRF	764	2208	FALSE
DRF-100-P00	24	DRF	764	2179	FALSE
DRF-100-P00	25	DRF	764	2150	FALSE
DRF-100-P00	26	DRF	764	2121	FALSE
DRF-100-P00	27	DRF	764	2092	FALSE
DRF-100-P00	28	DRF	764	2063	FALSE
DRF-100-P00	29	DRF	764	2034	FALSE
DRF-100-P00	30	DRF	764	2005	FALSE
DRF-100-P00	31	DRF	764	1976	FALSE
DRF-100-P00	32	DRF	764	1947	FALSE
DRF-100-P00	33	DRF	764	1918	FALSE
DRF-100-P00	34	DRF	764	1889	FALSE
DRF-100-P00	35	DRF	764	1888	FALSE
DRF-100-P00	36	DRF	764	1888	FALSE
DRF-100-P00	37	DRF	764	1888	FALSE
DRF-100-P00	38	DRF	764	1888	FALSE
DRF-100-P00	39	DRF	764	1888	FALSE
DRF-100-P00	40	DRF	764	1888	FALSE
DRF-100-P00	41	DRF	764	1888	FALSE
DRF-100-P00	42	DRF	764	1888	FALSE
DRF-100-P00	43	DRF	764	1888	FALSE
DRF-100-P00	44	DRF	764	1888	FALSE
DRF-100-P00	45	DRF	764	1888	FALSE
DRF-100-P00	46	DRF	764	1888	FALSE
DRF-100-P00	47	DRF	764	1888	FALSE
DRF-100-P00	48	DRF	764	1888	FALSE
DRF-100-P00	49	DRF	764	1888	FALSE
DRF-100-P00	50	DRF	764	1888	FALSE
DRF-100-P00	51	DRF	764	1888	FALSE
DRF-100-P00	52	DRF	764	1888	FALSE
DRF-100-P00	53	DRF	764	1888	FALSE
DRF-100-P00	54	DRF	764	1888	FALSE
DRF-100-P00	55	DRF	764	1888	FALSE
DRF-100-P00	56	DRF	764	1888	FALSE
DRF-100-P00	57	DRF	764	1888	FALSE
DRF-100-P00	58	DRF	764	1888	FALSE
DRF-100-P00	59	DRF	764	1888	FALSE
DRF-100-P00	60	DRF	764	1888	FALSE
DRF-100-P00	61	DRF	764	1888	FALSE
DRF-100-P00	62	DRF	764	1888	FALSE
DRF-100-P00	63	DRF	764	1888	FALSE
DRF-100-P00	64	DRF	764	1888	FALSE
DRF-100-P00	65	DRF	764	1888	FALSE
DRF-100-P01	0	HON	658	2586	HONEST
DRF-100-P01	1	HON	650	2614	HONEST
DRF-100-P01	2	HON	642	2586	HONEST
DRF-100-P01	3	HON	642	2614	HONEST
DRF-100-P01	4	HON	642	2600	HONEST
DRF-100-P01	5	HON	650	2586	HONEST
DRF-100-P01	6	HON	650	2586	HONEST
DRF-100-P01	7	HON	658	2614	HONEST
DRF-100-P01	8	HON	658	2600	HONEST
DRF-100-P01	9	HON	658	2586	HONEST
DRF-100-P01	10	DRF	675	2557	FALSE
DRF-100-P01	11	DRF	692	2528	FALSE
DRF-100-P01	12	DRF	709	2499	FALSE
DRF-100-P01	13	DRF	726	2470	FALSE
DRF-100-P01	14	DRF	743	2441	FALSE
DRF-100-P01	15	DRF	760	2412	FALSE
DRF-100-P01	16	DRF	777	2383	FALSE
DRF-100-P01	17	DRF	781	2354	FALSE
DRF-100-P01	18	DRF	781	2325	FALSE
DRF-100-P01	19	DRF	781	2296	FALSE
DRF-100-P01	20	DRF	781	2267	FALSE
DRF-100-P01	21	DRF	781	2238	FALSE
DRF-100-P01	22	DRF	781	2209	FALSE
DRF-100-P01	23	DRF	781	2180	FALSE
DRF-100-P01	24	DRF	781	2151	FALSE
DRF-100-P01	25	DRF	781	2122	FALSE
DRF-100-P01	26	DRF	781	2093	FALSE
DRF-100-P01	27	DRF	781	2064	FALSE
DRF-100-P01	28	DRF	781	2035	FALSE
DRF-100-P01	29	DRF	781	2006	FALSE
DRF-100-P01	30	DRF	781	1977	FALSE
DRF-100-P01	31	DRF	781	1948	FALSE
DRF-100-P01	32	DRF	781	1919	FALSE
DRF-100-P01	33	DRF	781	1890	FALSE
DRF-100-P01	34	DRF	781	1888	FALSE
DRF-100-P01	35	DRF	781	1888	FALSE
DRF-100-P01	36	DRF	781	1888	FALSE
DRF-100-P01	37	DRF	781	1888	FALSE
DRF-100-P01	38	DRF	781	1888	FALSE
DRF-100-P01	39	DRF	781	1888	FALSE
DRF-100-P01	40	DRF	781	1888	FALSE
DRF-100-P01	41	DRF	781	1888	FALSE
DRF-100-P01	42	DRF	781	1888	FALSE
DRF-100-P01	43	DRF	781	1888	FALSE
DRF-100-P01	44	DRF	781	1888	FALSE
DRF-100-P01	45	DRF	781	1888	FALSE
DRF-100-P01	46	DRF	781	1888	FALSE
DRF-100-P01	47	DRF	781	1888	FALSE
DRF-100-P01	48	DRF	781	1888	FALSE
DRF-100-P01	49	DRF	781	1888	FALSE
DRF-100-P01	50	DRF	781	1888	FALSE
DRF-100-P01	51	DRF	781	1888	FALSE
DRF-100-P01	52	DRF	781	1888	FALSE
DRF-100-P01	53	DRF	781	1888	FALSE
DRF-100-P01	54	DRF	781	1888	FALSE
DRF-100-P01	55	DRF	781	1888	FALSE
DRF-100-P01	56	DRF	781	1888	FALSE
DRF-100-P01	57	DRF	781	1888	FALSE
DRF-100-P01	58	DRF	781	1888	FALSE
DRF-100-P01	59	DRF	781	1888	FALSE
DRF-100-P01	60	DRF	781	1888	FALSE
DRF-100-P01	61	DRF	781	1888	FALSE
DRF-100-P01	62	DRF	781	1888	FALSE
DRF-100-P01	63	DRF	781	1888	FALSE
DRF-100-P01	64	DRF	781	1888	FALSE
DRF-100-P02	0	HON	642	2614	HONEST
DRF-100-P02	1	HON	658	2614	HONEST
DRF-100-P02	2	HON	642	2586	HONEST
DRF-100-P02	3	HON	658	2600	HONEST
DRF-100-P02	4	HON	650	2614	HONEST
DRF-100-P02	5	HON	642	2586	HONEST
DRF-100-P02	6	HON	642	2586	HONEST
DRF-100-P02	7	HON	658	2600	HONEST
DRF-100-P02	8	HON	650	2586	HONEST
DRF-100-P02	9	HON	642	2586	HONEST
DRF-100-P02	10	DRF	659	2557	FALSE
DRF-100-P02	11	DRF	676	2528	FALSE
DRF-100-P02	12	DRF	693	2499	FALSE
DRF-100-P02	13	DRF	710	2470	FALSE
DRF-100-P02	14	DRF	727	2441	FALSE
DRF-100-P02	15	DRF	744	2412	FALSE
DRF-100-P02	16	DRF	761	2383	FALSE
DRF-100-P02	17	DRF	778	2354	FALSE
DRF-100-P02	18	DRF	795	2325	FALSE
DRF-100-P02	19	DRF	798	2296	FALSE
DRF-100-P02	20	DRF	798	2267	FALSE
DRF-100-P02	21	DRF	798	2238	FALSE
DRF-100-P02	22	DRF	798	2209	FALSE
DRF-100-P02	23	DRF	798	2180	FALSE
DRF-100-P02	24	DRF	798	2151	FALSE
DRF-100-P02	25	DRF	798	2122	FALSE
DRF-100-P02	26	DRF	798	2093	FALSE
DRF-100-P02	27	DRF	798	2064	FALSE
DRF-100-P02	28	DRF	798	2035	FALSE
DRF-100-P02	29	DRF	798	2006	FALSE
DRF-100-P02	30	DRF	798	1977	FALSE
DRF-100-P02	31	DRF	798	1948	FALSE
DRF-100-P02	32	DRF	798	1919	FALSE
DRF-100-P02	33	DRF	798	1890	FALSE
DRF-100-P02	34	DRF	798	1888	FALSE
DRF-100-P02	35	DRF	798	1888	FALSE
DRF-100-P02	36	DRF	798	1888	FALSE
DRF-100-P02	37	DRF	798	1888	FALSE
DRF-100-P02	38	DRF	798	1888	FALSE
DRF-100-P02	39	DRF	798	1888	FALSE
DRF-100-P02	40	DRF	798	1888	FALSE
DRF-100-P02	41	DRF	798	1888	FALSE
DRF-100-P02	42	DRF	798	1888	FALSE
DRF-100-P02	43	DRF	798	1888	FALSE
DRF-100-P02	44	DRF	798	1888	FALSE
DRF-100-P02	45	DRF	798	1888	FALSE
DRF-100-P02	46	DRF	798	1888	FALSE
DRF-100-P02	47	DRF	798	1888	FALSE
DRF-100-P02	48	DRF	798	1888	FALSE
DRF-100-P02	49	DRF	798	1888	FALSE
DRF-100-P02	50	DRF	798	1888	FALSE
DRF-100-P02	51	DRF	798	1888	FALSE
DRF-100-P02	52	DRF	798	1888	FALSE
DRF-100-P02	53	DRF	798	1888	FALSE
DRF-100-P02	54	DRF	798	1888	FALSE
DRF-100-P02	55	DRF	798	1888	FALSE
DRF-100-P02	56	DRF	798	1888	FALSE
DRF-100-P02	57	DRF	798	1888	FALSE
DRF-100-P02	58	DRF	798	1888	FALSE
DRF-100-P02	59	DRF	798	1888	FALSE
DRF-100-P02	60	DRF	798	1888	FALSE
DRF-100-P02	61	DRF	798	1888	FALSE
DRF-100-P02	62	DRF	798	1888	FALSE
DRF-100-P02	63	DRF	798	1888	FALSE
DRF-100-P02	64	DRF	798	1888	FALSE
DRF-100-P03	0	HON	658	2586	HONEST
DRF-100-P03	1	HON	658	2600	HONEST
DRF-100-P03	2	HON	642	2586	HONEST
DRF-100-P03	3	HON	650	2600	HONEST
DRF-100-P03	4	HON	658	2586	HONEST
DRF-100-P03	5	HON	642	2600	HONEST
DRF-100-P03	6	HON	642	2586	HONEST
DRF-100-P03	7	HON	650	2586	HONEST
DRF-100-P03	8	HON	642	2586	HONEST
DRF-100-P03	9	HON	642	2600	HONEST
DRF-100-P03	10	DRF	659	2571	FALSE
DRF-100-P03	11	DRF	676	2542	FALSE
DRF-100-P03	12	DRF	693	2513	FALSE
DRF-100-P03	13	DRF	710	2484	FALSE
DRF-100-P03	14	DRF	727	2455	FALSE
DRF-100-P03	15	DRF	744	2426	FALSE
DRF-100-P03	16	DRF	761	2397	FALSE
DRF-100-P03	17	DRF	778	2368	FALSE
DRF-100-P03	18	DRF	795	2339	FALSE
DRF-100-P03	19	DRF	812	2310	FALSE
DRF-100-P03	20	DRF	815	2281	FALSE
DRF-100-P03	21	DRF	815	2252	FALSE
DRF-100-P03	22	DRF	815	2223	FALSE
DRF-100-P03	23	DRF	815	2194	FALSE
DRF-100-P03	24	DRF	815	2165	FALSE
DRF-100-P03	25	DRF	815	2136	FALSE
DRF-100-P03	26	DRF	815	2107	FALSE
DRF-100-P03	27	DRF	815	2078	FALSE
DRF-100-P03	28	DRF	815	2049	FALSE
DRF-100-P03	29	DRF	815	2020	FALSE
DRF-100-P03	30	DRF	815	1991	FALSE
DRF-100-P03	31	DRF	815	1962	FALSE
DRF-100-P03	32	DRF	815	1933	FALSE
DRF-100-P03	33	DRF	815	1904	FALSE
DRF-100-P03	34	DRF	815	1888	FALSE
DRF-100-P03	35	DRF	815	1888	FALSE
DRF-100-P03	36	DRF	815	1888	FALSE
DRF-100-P03	37	DRF	815	1888	FALSE
DRF-100-P03	38	DRF	815	1888	FALSE
DRF-100-P03	39	DRF	815	1888	FALSE
DRF-100-P03	40	DRF	815	1888	FALSE
DRF-100-P03	41	DRF	815	1888	FALSE
DRF-100-P03	42	DRF	815	1888	FALSE
DRF-100-P03	43	DRF	815	1888	FALSE
DRF-100-P03	44	DRF	815	1888	FALSE
DRF-100-P03	45	DRF	815	1888	FALSE
DRF-100-P03	46	DRF	815	1888	FALSE
DRF-100-P03	47	DRF	815	1888	FALSE
DRF-100-P03	48	DRF	815	1888	FALSE
DRF-100-P03	49	DRF	815	1888	FALSE
DRF-100-P03	50	DRF	815	1888	FALSE
DRF-100-P03	51	DRF	815	1888	FALSE
DRF-100-P03	52	DRF	815	1888	FALSE
DRF-100-P03	53	DRF	815	1888	FALSE
DRF-100-P03	54	DRF	815	1888	FALSE
DRF-100-P03	55	DRF	815	1888	FALSE
DRF-100-P03	56	DRF	815	1888	FALSE
DRF-100-P03	57	DRF	815	1888	FALSE
DRF-100-P03	58	DRF	815	1888	FALSE
DRF-100-P03	59	DRF	815	1888	FALSE
DRF-100-P03	60	DRF	815	1888	FALSE
DRF-100-P03	61	DRF	815	1888	FALSE
DRF-100-P03	62	DRF	815	1888	FALSE
DRF-100-P03	63	DRF	815	1888	FALSE
DRF-100-P03	64	DRF	815	1888	FALSE
DRF-100-P04	0	HON	650	2614	HONEST
DRF-100-P04	1	HON	642	2614	HONEST
DRF-100-P04	2	HON	650	2614	HONEST
DRF-100-P04	3	HON	642	2586	HONEST
DRF-100-P04	4	HON	650	2586	HONEST
DRF-100-P04	5	HON	642	2600	HONEST
DRF-100-P04	6	HON	642	2614	HONEST
DRF-100-P04	7	HON	642	2586	HONEST
DRF-100-P04	8	HON	650	2614	HONEST
DRF-100-P04	9	HON	650	2600	HONEST
DRF-100-P04	10	DRF	667	2571	FALSE
DRF-100-P04	11	DRF	684	2542	FALSE
DRF-100-P04	12	DRF	701	2513	FALSE
DRF-100-P04	13	DRF	718	2484	FALSE
DRF-100-P04	14	DRF	735	2455	FALSE
DRF-100-P04	15	DRF	752	2426	FALSE
DRF-100-P04	16	DRF	769	2397	FALSE
DRF-100-P04	17	DRF	786	2368	FALSE
DRF-100-P04	18	DRF	803	2339	FALSE
DRF-100-P04	19	DRF	820	2310	FALSE
DRF-100-P04	20	DRF	832	2281	FALSE
DRF-100-P04	21	DRF	832	2252	FALSE
DRF-100-P04	22	DRF	832	2223	FALSE
DRF-100-P04	23	DRF	832	2194	FALSE
DRF-100-P04	24	DRF	832	2165	FALSE
DRF-100-P04	25	DRF	832	2136	FALSE
DRF-100-P04	26	DRF	832	2107	FALSE
DRF-100-P04	27	DRF	832	2078	FALSE
DRF-100-P04	28	DRF	832	2049	FALSE
DRF-100-P04	29	DRF	832	2020	FALSE
DRF-100-P04	30	DRF	832	1991	FALSE
DRF-100-P04	31	DRF	832	1962	FALSE
DRF-100-P04	32	DRF	832	1933	FALSE
DRF-100-P04	33	DRF	832	1904	FALSE
DRF-100-P04	34	DRF	832	1888	FALSE
DRF-100-P04	35	DRF	832	1888	FALSE
DRF-100-P04	36	DRF	832	1888	FALSE
DRF-100-P04	37	DRF	832	1888	FALSE
DRF-100-P04	38	DRF	832	1888	FALSE
DRF-100-P04	39	DRF	832	1888	FALSE
DRF-100-P04	40	DRF	832	1888	FALSE
DRF-100-P04	41	DRF	832	1888	FALSE
DRF-100-P04	42	DRF	832	1888	FALSE
DRF-100-P04	43	DRF	832	1888	FALSE
DRF-100-P04	44	DRF	832	1888	FALSE
DRF-100-P04	45	DRF	832	1888	FALSE
DRF-100-P04	46	DRF	832	1888	FALSE
DRF-100-P04	47	DRF	832	1888	FALSE
DRF-100-P04	48	DRF	832	1888	FALSE
DRF-100-P04	49	DRF	832	1888	FALSE
DRF-100-P04	50	DRF	832	1888	FALSE
DRF-100-P04	51	DRF	832	1888	FALSE
DRF-100-P04	52	DRF	832	1888	FALSE
DRF-100-P04	53	DRF	832	1888	FALSE
DRF-100-P04	54	DRF	832	1888	FALSE
DRF-100-P04	55	DRF	832	1888	FALSE
DRF-100-P04	56	DRF	832	1888	FALSE
DRF-100-P04	57	DRF	832	1888	FALSE
DRF-100-P04	58	DRF	832	1888	FALSE
DRF-100-P04	59	DRF	832	1888	FALSE
DRF-100-P04	60	DRF	832	1888	FALSE
DRF-100-P04	61	DRF	832	1888	FALSE
DRF-100-P04	62	DRF	832	1888	FALSE
DRF-100-P04	63	DRF	832	1888	FALSE
DRF-100-P04	64	DRF	832	1888	FALSE
DRF-100-P05	0	HON	642	2600	HONEST
DRF-100-P05	1	HON	658	2614	HONEST
DRF-100-P05	2	HON	658	2614	HONEST
DRF-100-P05	3	HON	658	2586	HONEST
DRF-100-P05	4	HON	642	2614	HONEST
DRF-100-P05	5	HON	642	2600	HONEST
DRF-100-P05	6	HON	650	2600	HONEST
DRF-100-P05	7	HON	658	2614	HONEST
DRF-100-P05	8	HON	642	2600	HONEST
DRF-100-P05	9	HON	658	2586	HONEST
DRF-100-P05	10	DRF	675	2557	FALSE
DRF-100-P05	11	DRF	692	2528	FALSE
DRF-100-P05	12	DRF	709	2499	FALSE
DRF-100-P05	13	DRF	726	2470	FALSE
DRF-100-P05	14	DRF	743	2441	FALSE
DRF-100-P05	15	DRF	760	2412	FALSE
DRF-100-P05	16	DRF	764	2383	FALSE
DRF-100-P05	17	DRF	764	2354	FALSE
DRF-100-P05	18	DRF	764	2325	FALSE
DRF-100-P05	19	DRF	764	2296	FALSE
DRF-100-P05	20	DRF	764	2267	FALSE
DRF-100-P05	21	DRF	764	2238	FALSE
DRF-100-P05	22	DRF	764	2209	FALSE
DRF-100-P05	23	DRF	764	2180	FALSE
DRF-100-P05	24	DRF	764	2151	FALSE
DRF-100-P05	25	DRF	764	2130	FALSE
DRF-100-P05	26	DRF	764	2130	FALSE
DRF-100-P05	27	DRF	764	2130	FALSE
DRF-100-P05	28	DRF	764	2130	FALSE
DRF-100-P05	29	DRF	764	2130	FALSE
DRF-100-P05	30	DRF	764	2130	FALSE
DRF-100-P05	31	DRF	764	2130	FALSE
DRF-100-P05	32	DRF	764	2130	FALSE
DRF-100-P05	33	DRF	764	2130	FALSE
DRF-100-P05	34	DRF	764	2130	FALSE
DRF-100-P05	35	DRF	764	2130	FALSE
DRF-100-P05	36	DRF	764	2130	FALSE
DRF-100-P05	37	DRF	764	2130	FALSE
DRF-100-P05	38	DRF	764	2130	FALSE
DRF-100-P05	39	DRF	764	2130	FALSE
DRF-100-P05	40	DRF	764	2130	FALSE
DRF-100-P05	41	DRF	764	2130	FALSE
DRF-100-P05	42	DRF	764	2130	FALSE
DRF-100-P05	43	DRF	764	2130	FALSE
DRF-100-P05	44	DRF	764	2130	FALSE
DRF-100-P05	45	DRF	764	2130	FALSE
DRF-100-P05	46	DRF	764	2130	FALSE
DRF-100-P05	47	DRF	764	2130	FALSE
DRF-100-P05	48	DRF	764	2130	FALSE
DRF-100-P05	49	DRF	764	2130	FALSE
DRF-100-P05	50	DRF	764	2130	FALSE
DRF-100-P05	51	DRF	764	2130	FALSE
DRF-100-P05	52	DRF	764	2130	FALSE
DRF-100-P05	53	DRF	764	2130	FALSE
DRF-100-P05	54	DRF	764	2130	FALSE
DRF-100-P05	55	DRF	764	2130	FALSE
DRF-100-P06	0	HON	650	2600	HONEST
DRF-100-P06	1	HON	658	2586	HONEST
DRF-100-P06	2	HON	658	2614	HONEST
DRF-100-P06	3	HON	642	2600	HONEST
DRF-100-P06	4	HON	658	2586	HONEST
DRF-100-P06	5	HON	650	2600	HONEST
DRF-100-P06	6	HON	650	2586	HONEST
DRF-100-P06	7	HON	658	2586	HONEST
DRF-100-P06	8	HON	650	2614	HONEST
DRF-100-P06	9	HON	642	2586	HONEST
DRF-100-P06	10	DRF	659	2557	FALSE
DRF-100-P06	11	DRF	676	2528	FALSE
DRF-100-P06	12	DRF	693	2499	FALSE
DRF-100-P06	13	DRF	710	2470	FALSE
DRF-100-P06	14	DRF	727	2441	FALSE
DRF-100-P06	15	DRF	744	2412	FALSE
DRF-100-P06	16	DRF	761	2383	FALSE
DRF-100-P06	17	DRF	778	2354	FALSE
DRF-100-P06	18	DRF	781	2325	FALSE
DRF-100-P06	19	DRF	781	2296	FALSE
DRF-100-P06	20	DRF	781	2267	FALSE
DRF-100-P06	21	DRF	781	2238	FALSE
DRF-100-P06	22	DRF	781	2209	FALSE
DRF-100-P06	23	DRF	781	2180	FALSE
DRF-100-P06	24	DRF	781	2151	FALSE
DRF-100-P06	25	DRF	781	2130	FALSE
DRF-100-P06	26	DRF	781	2130	FALSE
DRF-100-P06	27	DRF	781	2130	FALSE
DRF-100-P06	28	DRF	781	2130	FALSE
DRF-100-P06	29	DRF	781	2130	FALSE
DRF-100-P06	30	DRF	781	2130	FALSE
DRF-100-P06	31	DRF	781	2130	FALSE
DRF-100-P06	32	DRF	781	2130	FALSE
DRF-100-P06	33	DRF	781	2130	FALSE
DRF-100-P06	34	DRF	781	2130	FALSE
DRF-100-P06	35	DRF	781	2130	FALSE
DRF-100-P06	36	DRF	781	2130	FALSE
DRF-100-P06	37	DRF	781	2130	FALSE
DRF-100-P06	38	DRF	781	2130	FALSE
DRF-100-P06	39	DRF	781	2130	FALSE
DRF-100-P06	40	DRF	781	2130	FALSE
DRF-100-P06	41	DRF	781	2130	FALSE
DRF-100-P06	42	DRF	781	2130	FALSE
DRF-100-P06	43	DRF	781	2130	FALSE
DRF-100-P06	44	DRF	781	2130	FALSE
DRF-100-P06	45	DRF	781	2130	FALSE
DRF-100-P06	46	DRF	781	2130	FALSE
DRF-100-P06	47	DRF	781	2130	FALSE
DRF-100-P06	48	DRF	781	2130	FALSE
DRF-100-P06	49	DRF	781	2130	FALSE
DRF-100-P06	50	DRF	781	2130	FALSE
DRF-100-P06	51	DRF	781	2130	FALSE
DRF-100-P06	52	DRF	781	2130	FALSE
DRF-100-P06	53	DRF	781	2130	FALSE
DRF-100-P06	54	DRF	781	2130	FALSE
DRF-100-P06	55	DRF	781	2130	FALSE
DRF-100-P07	0	HON	650	2586	HONEST
DRF-100-P07	1	HON	642	2586	HONEST
DRF-100-P07	2	HON	658	2600	HONEST
DRF-100-P07	3	HON	650	2600	HONEST
DRF-100-P07	4	HON	642	2614	HONEST
DRF-100-P07	5	HON	650	2614	HONEST
DRF-100-P07	6	HON	642	2614	HONEST
DRF-100-P07	7	HON	642	2614	HONEST
DRF-100-P07	8	HON	658	2614	HONEST
DRF-100-P07	9	HON	642	2586	HONEST
DRF-100-P07	10	DRF	659	2557	FALSE
DRF-100-P07	11	DRF	676	2528	FALSE
DRF-100-P07	12	DRF	693	2499	FALSE
DRF-100-P07	13	DRF	710	2470	FALSE
DRF-100-P07	14	DRF	727	2441	FALSE
DRF-100-P07	15	DRF	744	2412	FALSE
DRF-100-P07	16	DRF	761	2383	FALSE
DRF-100-P07	17	DRF	778	2354	FALSE
DRF-100-P07	18	DRF	795	2325	FALSE
DRF-100-P07	19	DRF	798	2296	FALSE
DRF-100-P07	20	DRF	798	2267	FALSE
DRF-100-P07	21	DRF	798	2238	FALSE
DRF-100-P07	22	DRF	798	2209	FALSE
DRF-100-P07	23	DRF	798	2180	FALSE
DRF-100-P07	24	DRF	798	2151	FALSE
DRF-100-P07	25	DRF	798	2130	FALSE
DRF-100-P07	26	DRF	798	2130	FALSE
DRF-100-P07	27	DRF	798	2130	FALSE
DRF-100-P07	28	DRF	798	2130	FALSE
DRF-100-P07	29	DRF	798	2130	FALSE
DRF-100-P07	30	DRF	798	2130	FALSE
DRF-100-P07	31	DRF	798	2130	FALSE
DRF-100-P07	32	DRF	798	2130	FALSE
DRF-100-P07	33	DRF	798	2130	FALSE
DRF-100-P07	34	DRF	798	2130	FALSE
DRF-100-P07	35	DRF	798	2130	FALSE
DRF-100-P07	36	DRF	798	2130	FALSE
DRF-100-P07	37	DRF	798	2130	FALSE
DRF-100-P07	38	DRF	798	2130	FALSE
DRF-100-P07	39	DRF	798	2130	FALSE
DRF-100-P07	40	DRF	798	2130	FALSE
DRF-100-P07	41	DRF	798	2130	FALSE
DRF-100-P07	42	DRF	798	2130	FALSE
DRF-100-P07	43	DRF	798	2130	FALSE
DRF-100-P07	44	DRF	798	2130	FALSE
DRF-100-P07	45	DRF	798	2130	FALSE
DRF-100-P07	46	DRF	798	2130	FALSE
DRF-100-P07	47	DRF	798	2130	FALSE
DRF-100-P07	48	DRF	798	2130	FALSE
DRF-100-P07	49	DRF	798	2130	FALSE
DRF-100-P07	50	DRF	798	2130	FALSE
DRF-100-P07	51	DRF	798	2130	FALSE
DRF-100-P07	52	DRF	798	2130	FALSE
DRF-100-P07	53	DRF	798	2130	FALSE
DRF-100-P07	54	DRF	798	2130	FALSE
DRF-100-P07	55	DRF	798	2130	FALSE
DRF-100-P08	0	HON	642	2614	HONEST
DRF-100-P08	1	HON	642	2600	HONEST
DRF-100-P08	2	HON	650	2586	HONEST
DRF-100-P08	3	HON	650	2586	HONEST
DRF-100-P08	4	HON	658	2614	HONEST
DRF-100-P08	5	HON	658	2600	HONEST
DRF-100-P08	6	HON	658	2586	HONEST
DRF-100-P08	7	HON	658	2586	HONEST
DRF-100-P08	8	HON	658	2600	HONEST
DRF-100-P08	9	HON	642	2586	HONEST
DRF-100-P08	10	DRF	659	2557	FALSE
DRF-100-P08	11	DRF	676	2528	FALSE
DRF-100-P08	12	DRF	693	2499	FALSE
DRF-100-P08	13	DRF	710	2470	FALSE
DRF-100-P08	14	DRF	727	2441	FALSE
DRF-100-P08	15	DRF	744	2412	FALSE
DRF-100-P08	16	DRF	761	2383	FALSE
DRF-100-P08	17	DRF	778	2354	FALSE
DRF-100-P08	18	DRF	795	2325	FALSE
DRF-100-P08	19	DRF	812	2296	FALSE
DRF-100-P08	20	DRF	815	2267	FALSE
DRF-100-P08	21	DRF	815	2238	FALSE
DRF-100-P08	22	DRF	815	2209	FALSE
DRF-100-P08	23	DRF	815	2180	FALSE
DRF-100-P08	24	DRF	815	2151	FALSE
DRF-100-P08	25	DRF	815	2130	FALSE
DRF-100-P08	26	DRF	815	2130	FALSE
DRF-100-P08	27	DRF	815	2130	FALSE
DRF-100-P08	28	DRF	815	2130	FALSE
DRF-100-P08	29	DRF	815	2130	FALSE
DRF-100-P08	30	DRF	815	2130	FALSE
DRF-100-P08	31	DRF	815	2130	FALSE
DRF-100-P08	32	DRF	815	2130	FALSE
DRF-100-P08	33	DRF	815	2130	FALSE
DRF-100-P08	34	DRF	815	2130	FALSE
DRF-100-P08	35	DRF	815	2130	FALSE
DRF-100-P08	36	DRF	815	2130	FALSE
DRF-100-P08	37	DRF	815	2130	FALSE
DRF-100-P08	38	DRF	815	2130	FALSE
DRF-100-P08	39	DRF	815	2130	FALSE
DRF-100-P08	40	DRF	815	2130	FALSE
DRF-100-P08	41	DRF	815	2130	FALSE
DRF-100-P08	42	DRF	815	2130	FALSE
DRF-100-P08	43	DRF	815	2130	FALSE
DRF-100-P08	44	DRF	815	2130	FALSE
DRF-100-P08	45	DRF	815	2130	FALSE
DRF-100-P08	46	DRF	815	2130	FALSE
DRF-100-P08	47	DRF	815	2130	FALSE
DRF-100-P08	48	DRF	815	2130	FALSE
DRF-100-P08	49	DRF	815	2130	FALSE
DRF-100-P08	50	DRF	815	2130	FALSE
DRF-100-P08	51	DRF	815	2130	FALSE
DRF-100-P08	52	DRF	815	2130	FALSE
DRF-100-P08	53	DRF	815	2130	FALSE
DRF-100-P08	54	DRF	815	2130	FALSE
DRF-100-P08	55	DRF	815	2130	FALSE
DRF-100-P09	0	HON	658	2600	HONEST
DRF-100-P09	1	HON	650	2614	HONEST
DRF-100-P09	2	HON	642	2586	HONEST
DRF-100-P09	3	HON	642	2586	HONEST
DRF-100-P09	4	HON	658	2600	HONEST
DRF-100-P09	5	HON	650	2586	HONEST
DRF-100-P09	6	HON	642	2586	HONEST
DRF-100-P09	7	HON	642	2586	HONEST
DRF-100-P09	8	HON	650	2614	HONEST
DRF-100-P09	9	HON	642	2614	HONEST
DRF-100-P09	10	DRF	659	2585	FALSE
DRF-100-P09	11	DRF	676	2556	FALSE
DRF-100-P09	12	DRF	693	2527	FALSE
DRF-100-P09	13	DRF	710	2498	FALSE
DRF-100-P09	14	DRF	727	2469	FALSE
DRF-100-P09	15	DRF	744	2440	FALSE
DRF-100-P09	16	DRF	761	2411	FALSE
DRF-100-P09	17	DRF	778	2382	FALSE
DRF-100-P09	18	DRF	795	2353	FALSE
DRF-100-P09	19	DRF	812	2324	FALSE
DRF-100-P09	20	DRF	829	2295	FALSE
DRF-100-P09	21	DRF	832	2266	FALSE
DRF-100-P09	22	DRF	832	2237	FALSE
DRF-100-P09	23	DRF	832	2208	FALSE
DRF-100-P09	24	DRF	832	2179	FALSE
DRF-100-P09	25	DRF	832	2150	FALSE
DRF-100-P09	26	DRF	832	2130	FALSE
DRF-100-P09	27	DRF	832	2130	FALSE
DRF-100-P09	28	DRF	832	2130	FALSE
DRF-100-P09	29	DRF	832	2130	FALSE
DRF-100-P09	30	DRF	832	2130	FALSE
DRF-100-P09	31	DRF	832	2130	FALSE
DRF-100-P09	32	DRF	832	2130	FALSE
DRF-100-P09	33	DRF	832	2130	FALSE
DRF-100-P09	34	DRF	832	2130	FALSE
DRF-100-P09	35	DRF	832	2130	FALSE
DRF-100-P09	36	DRF	832	2130	FALSE
DRF-100-P09	37	DRF	832	2130	FALSE
DRF-100-P09	38	DRF	832	2130	FALSE
DRF-100-P09	39	DRF	832	2130	FALSE
DRF-100-P09	40	DRF	832	2130	FALSE
DRF-100-P09	41	DRF	832	2130	FALSE
DRF-100-P09	42	DRF	832	2130	FALSE
DRF-100-P09	43	DRF	832	2130	FALSE
DRF-100-P09	44	DRF	832	2130	FALSE
DRF-100-P09	45	DRF	832	2130	FALSE
DRF-100-P09	46	DRF	832	2130	FALSE
DRF-100-P09	47	DRF	832	2130	FALSE
DRF-100-P09	48	DRF	832	2130	FALSE
DRF-100-P09	49	DRF	832	2130	FALSE
DRF-100-P09	50	DRF	832	2130	FALSE
DRF-100-P09	51	DRF	832	2130	FALSE
DRF-100-P09	52	DRF	832	2130	FALSE
DRF-100-P09	53	DRF	832	2130	FALSE
DRF-100-P09	54	DRF	832	2130	FALSE
DRF-100-P09	55	DRF	832	2130	FALSE
DRF-100-P09	56	DRF	832	2130	FALSE
DRF-100-P10	0	HON	650	2600	HONEST
DRF-100-P10	1	HON	658	2586	HONEST
DRF-100-P10	2	HON	642	2600	HONEST
DRF-100-P10	3	HON	642	2586	HONEST
DRF-100-P10	4	HON	650	2586	HONEST
DRF-100-P10	5	HON	642	2586	HONEST
DRF-100-P10	6	HON	642	2600	HONEST
DRF-100-P10	7	HON	642	2600	HONEST
DRF-100-P10	8	HON	658	2614	HONEST
DRF-100-P10	9	HON	658	2614	HONEST
DRF-100-P10	10	DRF	675	2585	FALSE
DRF-100-P10	11	DRF	692	2556	FALSE
DRF-100-P10	12	DRF	709	2527	FALSE
DRF-100-P10	13	DRF	726	2498	FALSE
DRF-100-P10	14	DRF	743	2469	FALSE
DRF-100-P10	15	DRF	760	2440	FALSE
DRF-100-P10	16	DRF	764	2411	FALSE
DRF-100-P10	17	DRF	764	2382	FALSE
DRF-100-P10	18	DRF	764	2372	FALSE
DRF-100-P10	19	DRF	764	2372	FALSE
DRF-100-P10	20	DRF	764	2372	FALSE
DRF-100-P10	21	DRF	764	2372	FALSE
DRF-100-P10	22	DRF	764	2372	FALSE
DRF-100-P10	23	DRF	764	2372	FALSE
DRF-100-P10	24	DRF	764	2372	FALSE
DRF-100-P10	25	DRF	764	2372	FALSE
DRF-100-P10	26	DRF	764	2372	FALSE
DRF-100-P10	27	DRF	764	2372	FALSE
DRF-100-P10	28	DRF	764	2372	FALSE
DRF-100-P10	29	DRF	764	2372	FALSE
DRF-100-P10	30	DRF	764	2372	FALSE
DRF-100-P10	31	DRF	764	2372	FALSE
DRF-100-P10	32	DRF	764	2372	FALSE
DRF-100-P10	33	DRF	764	2372	FALSE
DRF-100-P10	34	DRF	764	2372	FALSE
DRF-100-P10	35	DRF	764	2372	FALSE
DRF-100-P10	36	DRF	764	2372	FALSE
DRF-100-P10	37	DRF	764	2372	FALSE
DRF-100-P10	38	DRF	764	2372	FALSE
DRF-100-P10	39	DRF	764	2372	FALSE
DRF-100-P10	40	DRF	764	2372	FALSE
DRF-100-P10	41	DRF	764	2372	FALSE
DRF-100-P10	42	DRF	764	2372	FALSE
DRF-100-P10	43	DRF	764	2372	FALSE
DRF-100-P10	44	DRF	764	2372	FALSE
DRF-100-P10	45	DRF	764	2372	FALSE
DRF-100-P10	46	DRF	764	2372	FALSE
DRF-100-P10	47	DRF	764	2372	FALSE
DRF-100-P10	48	DRF	764	2372	FALSE
DRF-100-P11	0	HON	642	2586	HONEST
DRF-100-P11	1	HON	650	2586	HONEST
DRF-100-P11	2	HON	642	2600	HONEST
DRF-100-P11	3	HON	642	2614	HONEST
DRF-100-P11	4	HON	642	2586	HONEST
DRF-100-P11	5	HON	650	2614	HONEST
DRF-100-P11	6	HON	650	2600	HONEST
DRF-100-P11	7	HON	658	2586	HONEST
DRF-100-P11	8	HON	658	2614	HONEST
DRF-100-P11	9	HON	642	2600	HONEST
DRF-100-P11	10	DRF	659	2571	FALSE
DRF-100-P11	11	DRF	676	2542	FALSE
DRF-100-P11	12	DRF	693	2513	FALSE
DRF-100-P11	13	DRF	710	2484	FALSE
DRF-100-P11	14	DRF	727	2455	FALSE
DRF-100-P11	15	DRF	744	2426	FALSE
DRF-100-P11	16	DRF	761	2397	FALSE
DRF-100-P11	17	DRF	778	2372	FALSE
DRF-100-P11	18	DRF	781	2372	FALSE
DRF-100-P11	19	DRF	781	2372	FALSE
DRF-100-P11	20	DRF	781	2372	FALSE
DRF-100-P11	21	DRF	781	2372	FALSE
DRF-100-P11	22	DRF	781	2372	FALSE
DRF-100-P11	23	DRF	781	2372	FALSE
DRF-100-P11	24	DRF	781	2372	FALSE
DRF-100-P11	25	DRF	781	2372	FALSE
DRF-100-P11	26	DRF	781	2372	FALSE
DRF-100-P11	27	DRF	781	2372	FALSE
DRF-100-P11	28	DRF	781	2372	FALSE
DRF-100-P11	29	DRF	781	2372	FALSE
DRF-100-P11	30	DRF	781	2372	FALSE
DRF-100-P11	31	DRF	781	2372	FALSE
DRF-100-P11	32	DRF	781	2372	FALSE
DRF-100-P11	33	DRF	781	2372	FALSE
DRF-100-P11	34	DRF	781	2372	FALSE
DRF-100-P11	35	DRF	781	2372	FALSE
DRF-100-P11	36	DRF	781	2372	FALSE
DRF-100-P11	37	DRF	781	2372	FALSE
DRF-100-P11	38	DRF	781	2372	FALSE
DRF-100-P11	39	DRF	781	2372	FALSE
DRF-100-P11	40	DRF	781	2372	FALSE
DRF-100-P11	41	DRF	781	2372	FALSE
DRF-100-P11	42	DRF	781	2372	FALSE
DRF-100-P11	43	DRF	781	2372	FALSE
DRF-100-P11	44	DRF	781	2372	FALSE
DRF-100-P11	45	DRF	781	2372	FALSE
DRF-100-P11	46	DRF	781	2372	FALSE
DRF-100-P11	47	DRF	781	2372	FALSE
DRF-100-P11	48	DRF	781	2372	FALSE
DRF-100-P12	0	HON	658	2586	HONEST
DRF-100-P12	1	HON	642	2614	HONEST
DRF-100-P12	2	HON	642	2600	HONEST
DRF-100-P12	3	HON	650	2600	HONEST
DRF-100-P12	4	HON	658	2614	HONEST
DRF-100-P12	5	HON	642	2600	HONEST
DRF-100-P12	6	HON	658	2586	HONEST
DRF-100-P12	7	HON	650	2586	HONEST
DRF-100-P12	8	HON	642	2586	HONEST
DRF-100-P12	9	HON	658	2600	HONEST
DRF-100-P12	10	DRF	675	2571	FALSE
DRF-100-P12	11	DRF	692	2542	FALSE
DRF-100-P12	12	DRF	709	2513	FALSE
DRF-100-P12	13	DRF	726	2484	FALSE
DRF-100-P12	14	DRF	743	2455	FALSE
DRF-100-P12	15	DRF	760	2426	FALSE
DRF-100-P12	16	DRF	777	2397	FALSE
DRF-100-P12	17	DRF	794	2372	FALSE
DRF-100-P12	18	DRF	798	2372	FALSE
DRF-100-P12	19	DRF	798	2372	FALSE
DRF-100-P12	20	DRF	798	2372	FALSE
DRF-100-P12	21	DRF	798	2372	FALSE
DRF-100-P12	22	DRF	798	2372	FALSE
DRF-100-P12	23	DRF	798	2372	FALSE
DRF-100-P12	24	DRF	798	2372	FALSE
DRF-100-P12	25	DRF	798	2372	FALSE
DRF-100-P12	26	DRF	798	2372	FALSE
DRF-100-P12	27	DRF	798	2372	FALSE
DRF-100-P12	28	DRF	798	2372	FALSE
DRF-100-P12	29	DRF	798	2372	FALSE
DRF-100-P12	30	DRF	798	2372	FALSE
DRF-100-P12	31	DRF	798	2372	FALSE
DRF-100-P12	32	DRF	798	2372	FALSE
DRF-100-P12	33	DRF	798	2372	FALSE
DRF-100-P12	34	DRF	798	2372	FALSE
DRF-100-P12	35	DRF	798	2372	FALSE
DRF-100-P12	36	DRF	798	2372	FALSE
DRF-100-P12	37	DRF	798	2372	FALSE
DRF-100-P12	38	DRF	798	2372	FALSE
DRF-100-P12	39	DRF	798	2372	FALSE
DRF-100-P12	40	DRF	798	2372	FALSE
DRF-100-P12	41	DRF	798	2372	FALSE
DRF-100-P12	42	DRF	798	2372	FALSE
DRF-100-P12	43	DRF	798	2372	FALSE
DRF-100-P12	44	DRF	798	2372	FALSE
DRF-100-P12	45	DRF	798	2372	FALSE
DRF-100-P12	46	DRF	798	2372	FALSE
DRF-100-P12	47	DRF	798	2372	FALSE
DRF-100-P12	48	DRF	798	2372	FALSE
DRF-100-P13	0	HON	642	2600	HONEST
DRF-100-P13	1	HON	658	2586	HONEST
DRF-100-P13	2	HON	650	2600	HONEST
DRF-100-P13	3	HON	650	2586	HONEST
DRF-100-P13	4	HON	658	2586	HONEST
DRF-100-P13	5	HON	650	2614	HONEST
DRF-100-P13	6	HON	642	2586	HONEST
DRF-100-P13	7	HON	642	2614	HONEST
DRF-100-P13	8	HON	642	2600	HONEST
DRF-100-P13	9	HON	650	2586	HONEST
DRF-100-P13	10	DRF	667	2557	FALSE
DRF-100-P13	11	DRF	684	2528	FALSE
DRF-100-P13	12	DRF	701	2499	FALSE
DRF-100-P13	13	DRF	718	2470	FALSE
DRF-100-P13	14	DRF	735	2441	FALSE
DRF-100-P13	15	DRF	752	2412	FALSE
DRF-100-P13	16	DRF	769	2383	FALSE
DRF-100-P13	17	DRF	786	2372	FALSE
DRF-100-P13	18	DRF	803	2372	FALSE
DRF-100-P13	19	DRF	815	2372	FALSE
DRF-100-P13	20	DRF	815	2372	FALSE
DRF-100-P13	21	DRF	815	2372	FALSE
DRF-100-P13	22	DRF	815	2372	FALSE
DRF-100-P13	23	DRF	815	2372	FALSE
DRF-100-P13	24	DRF	815	2372	FALSE
DRF-100-P13	25	DRF	815	2372	FALSE
DRF-100-P13	26	DRF	815	2372	FALSE
DRF-100-P13	27	DRF	815	2372	FALSE
DRF-100-P13	28	DRF	815	2372	FALSE
DRF-100-P13	29	DRF	815	2372	FALSE
DRF-100-P13	30	DRF	815	2372	FALSE
DRF-100-P13	31	DRF	815	2372	FALSE
DRF-100-P13	32	DRF	815	2372	FALSE
DRF-100-P13	33	DRF	815	2372	FALSE
DRF-100-P13	34	DRF	815	2372	FALSE
DRF-100-P13	35	DRF	815	2372	FALSE
DRF-100-P13	36	DRF	815	2372	FALSE
DRF-100-P13	37	DRF	815	2372	FALSE
DRF-100-P13	38	DRF	815	2372	FALSE
DRF-100-P13	39	DRF	815	2372	FALSE
DRF-100-P13	40	DRF	815	2372	FALSE
DRF-100-P13	41	DRF	815	2372	FALSE
DRF-100-P13	42	DRF	815	2372	FALSE
DRF-100-P13	43	DRF	815	2372	FALSE
DRF-100-P13	44	DRF	815	2372	FALSE
DRF-100-P13	45	DRF	815	2372	FALSE
DRF-100-P13	46	DRF	815	2372	FALSE
DRF-100-P13	47	DRF	815	2372	FALSE
DRF-100-P13	48	DRF	815	2372	FALSE
DRF-100-P13	49	DRF	815	2372	FALSE
DRF-100-P14	0	HON	650	2600	HONEST
DRF-100-P14	1	HON	642	2614	HONEST
DRF-100-P14	2	HON	650	2614	HONEST
DRF-100-P14	3	HON	642	2614	HONEST
DRF-100-P14	4	HON	642	2614	HONEST
DRF-100-P14	5	HON	658	2614	HONEST
DRF-100-P14	6	HON	642	2586	HONEST
DRF-100-P14	7	HON	658	2600	HONEST
DRF-100-P14	8	HON	650	2614	HONEST
DRF-100-P14	9	HON	642	2586	HONEST
DRF-100-P14	10	DRF	659	2557	FALSE
DRF-100-P14	11	DRF	676	2528	FALSE
DRF-100-P14	12	DRF	693	2499	FALSE
DRF-100-P14	13	DRF	710	2470	FALSE
DRF-100-P14	14	DRF	727	2441	FALSE
DRF-100-P14	15	DRF	744	2412	FALSE
DRF-100-P14	16	DRF	761	2383	FALSE
DRF-100-P14	17	DRF	778	2372	FALSE
DRF-100-P14	18	DRF	795	2372	FALSE
DRF-100-P14	19	DRF	812	2372	FALSE
DRF-100-P14	20	DRF	829	2372	FALSE
DRF-100-P14	21	DRF	832	2372	FALSE
DRF-100-P14	22	DRF	832	2372	FALSE
DRF-100-P14	23	DRF	832	2372	FALSE
DRF-100-P14	24	DRF	832	2372	FALSE
DRF-100-P14	25	DRF	832	2372	FALSE
DRF-100-P14	26	DRF	832	2372	FALSE
DRF-100-P14	27	DRF	832	2372	FALSE
DRF-100-P14	28	DRF	832	2372	FALSE
DRF-100-P14	29	DRF	832	2372	FALSE
DRF-100-P14	30	DRF	832	2372	FALSE
DRF-100-P14	31	DRF	832	2372	FALSE
DRF-100-P14	32	DRF	832	2372	FALSE
DRF-100-P14	33	DRF	832	2372	FALSE
DRF-100-P14	34	DRF	832	2372	FALSE
DRF-100-P14	35	DRF	832	2372	FALSE
DRF-100-P14	36	DRF	832	2372	FALSE
DRF-100-P14	37	DRF	832	2372	FALSE
DRF-100-P14	38	DRF	832	2372	FALSE
DRF-100-P14	39	DRF	832	2372	FALSE
DRF-100-P14	40	DRF	832	2372	FALSE
DRF-100-P14	41	DRF	832	2372	FALSE
DRF-100-P14	42	DRF	832	2372	FALSE
DRF-100-P14	43	DRF	832	2372	FALSE
DRF-100-P14	44	DRF	832	2372	FALSE
DRF-100-P14	45	DRF	832	2372	FALSE
DRF-100-P14	46	DRF	832	2372	FALSE
DRF-100-P14	47	DRF	832	2372	FALSE
DRF-100-P14	48	DRF	832	2372	FALSE
DRF-100-P14	49	DRF	832	2372	FALSE
DRF-100-P14	50	DRF	832	2372	FALSE
DRF-100-P14	51	DRF	832	2372	FALSE
