ST_TS 0 2 3 0 0 0 0 0 0 0 0 0 0 0 0 0 0
ST_TS 25 27 31 0 0 0 0 0 0 7 0 0 0 6 0 0 0
ST_DELIB 30 2 1 1 6 10 1 0 0
ST_DELIB 30 5 1 1 6 10 1 0 0
ST_DELIB 30 3 1 1 6 10 1 0 0
ST_DELIB 30 6 1 1 6 10 1 0 0
ST_DELIB 30 8 1 1 6 10 1 0 0
ST_DELIB 30 23 1 1 6 10 1 0 0
ST_DELIB 30 26 1 1 6 10 1 0 0
ST_DELIB 30 13 1 1 6 10 1 0 0
ST_DELIB 31 2 1 1 6 10 1 0 0
ST_DELIB 31 5 1 1 6 10 1 0 0
ST_DELIB 31 8 1 1 6 10 1 0 0
ST_DELIB 31 3 1 1 6 10 1 0 0
ST_DELIB 31 6 1 1 6 10 1 0 0
ST_DELIB 31 23 1 1 6 10 1 0 0
ST_DELIB 31 26 1 1 6 10 1 0 0
ST_DELIB 31 13 1 1 6 10 1 0 0
ST_DELIB 32 2 1 1 6 10 1 0 0
ST_DELIB 32 5 1 1 6 10 1 0 0
ST_DELIB 32 8 1 1 6 10 1 0 0
ST_DELIB 32 3 1 1 6 10 1 0 0
ST_DELIB 32 6 1 1 6 10 1 0 0
ST_DELIB 32 23 1 1 6 10 1 0 0
ST_DELIB 32 26 1 1 6 10 1 0 0
ST_DELIB 32 13 1 1 6 10 1 0 0
ST_DELIB 33 2 1 1 6 10 1 0 0
ST_DELIB 33 5 1 1 6 10 1 0 0
ST_DELIB 33 8 1 1 6 10 1 0 0
ST_DELIB 33 3 1 1 6 10 1 0 0
ST_DELIB 33 6 1 1 6 10 1 0 0
ST_DELIB 33 23 1 1 6 10 1 0 0
ST_DELIB 33 26 1 1 6 10 1 0 0
ST_DELIB 33 13 1 1 6 10 1 0 0
ST_DELIB 34 2 1 1 6 10 1 0 0
ST_DELIB 34 5 1 1 6 10 1 0 0
ST_DELIB 34 8 1 1 6 10 1 0 0
ST_DELIB 34 3 1 1 6 10 1 0 0
ST_DELIB 34 6 1 1 6 10 1 0 0
ST_DELIB 34 23 1 1 6 10 1 0 0
ST_DELIB 34 26 1 1 6 10 1 0 0
ST_DELIB 34 13 1 1 6 10 1 0 0
ST_DELIB 35 2 1 1 6 10 1 0 0
ST_DELIB 35 5 1 1 6 10 1 0 0
ST_DELIB 35 8 1 1 6 10 1 0 0
ST_DELIB 35 3 1 1 6 10 1 0 0
ST_DELIB 35 6 1 1 6 10 1 0 0
ST_DELIB 35 12 1 1 6 10 1 0 0
ST_DELIB 35 23 1 1 6 10 1 0 0
ST_DELIB 35 26 1 1 6 10 1 0 0
ST_DELIB 36 2 1 1 6 10 1 0 0
ST_DELIB 36 5 1 1 6 10 1 0 0
ST_DELIB 36 8 1 1 6 10 1 0 0
ST_DELIB 36 13 1 1 6 10 1 0 0
ST_DELIB 36 3 1 1 6 10 1 0 0
ST_DELIB 36 6 1 1 6 10 1 0 0
ST_DELIB 36 12 1 1 6 10 1 0 0
ST_DELIB 36 23 1 1 6 10 1 0 0
ST_DELIB 37 2 1 1 6 10 1 0 0
ST_DELIB 37 5 1 1 6 10 1 0 0
ST_DELIB 37 8 1 1 6 10 1 0 0
ST_DELIB 37 13 1 1 6 10 1 0 0
ST_DELIB 37 3 1 1 6 10 1 0 0
ST_DELIB 37 6 1 1 6 10 1 0 0
ST_DELIB 37 12 1 1 6 10 1 0 0
ST_DELIB 37 23 1 1 6 10 1 0 0
ST_DELIB 38 2 1 1 6 10 1 0 0
ST_DELIB 38 5 1 1 6 10 1 0 0
ST_DELIB 38 8 1 1 6 10 1 0 0
ST_DELIB 38 13 1 1 6 10 1 0 0
ST_DELIB 38 3 1 1 6 10 1 0 0
ST_DELIB 38 6 1 1 6 10 1 0 0
ST_DELIB 38 12 1 1 6 10 1 0 0
ST_DELIB 38 15 1 1 6 10 1 0 0
ST_DELIB 39 2 1 1 6 10 1 0 0
ST_DELIB 39 5 1 1 6 10 1 0 0
ST_DELIB 39 8 1 1 6 10 1 0 0
ST_DELIB 39 13 1 1 6 10 1 0 0
ST_DELIB 39 16 1 1 6 10 1 0 0
ST_DELIB 39 3 1 1 6 10 1 0 0
ST_DELIB 39 6 1 1 6 10 1 0 0
ST_DELIB 39 12 1 1 6 10 1 0 0
ST_DELIB 40 2 1 1 6 10 1 0 0
ST_DELIB 40 5 1 1 6 10 1 0 0
ST_DELIB 40 8 1 1 6 10 1 0 0
ST_DELIB 40 13 1 1 6 10 1 0 0
ST_DELIB 40 16 1 1 6 10 1 0 0
ST_DELIB 40 3 1 1 6 10 1 0 0
ST_DELIB 40 6 1 1 6 10 1 0 0
ST_DELIB 40 12 1 1 6 10 1 0 0
ST_DELIB 41 2 1 1 6 10 1 0 0
ST_DELIB 41 5 1 1 6 10 1 0 0
ST_DELIB 41 8 1 1 6 10 1 0 0
ST_DELIB 41 13 1 1 6 10 1 0 0
ST_DELIB 41 16 1 1 6 10 1 0 0
ST_DELIB 41 3 1 1 6 10 1 0 0
ST_DELIB 41 6 1 1 6 10 1 0 0
ST_DELIB 41 12 1 1 6 10 1 0 0
ST_DELIB 42 2 1 1 6 10 1 0 0
ST_DELIB 42 5 1 1 6 10 1 0 0
ST_DELIB 42 8 1 1 6 10 1 0 0
ST_DELIB 42 13 1 1 6 10 1 0 0
ST_DELIB 42 16 1 1 6 10 1 0 0
ST_DELIB 42 3 1 1 6 10 1 0 0
ST_DELIB 42 6 1 1 6 10 1 0 0
ST_DELIB 42 12 1 1 6 10 1 0 0
ST_DELIB 43 2 1 1 6 10 1 0 0
ST_DELIB 43 5 1 1 6 10 1 0 0
ST_DELIB 43 8 1 1 6 10 1 0 0
ST_DELIB 43 13 1 1 6 10 1 0 0
ST_DELIB 43 16 1 1 6 10 1 0 0
ST_DELIB 43 3 1 1 6 10 1 0 0
ST_DELIB 43 6 1 1 6 10 1 0 0
ST_DELIB 43 12 1 1 6 10 1 0 0
ST_DELIB 44 2 1 1 6 10 1 0 0
ST_DELIB 44 5 1 1 6 10 1 0 0
ST_DELIB 44 8 1 1 6 10 1 0 0
ST_DELIB 44 13 1 1 6 10 1 0 0
ST_DELIB 44 16 1 1 6 10 1 0 0
ST_DELIB 44 3 1 1 6 10 1 0 0
ST_DELIB 44 6 1 1 6 10 1 0 0
ST_DELIB 44 12 1 1 6 10 1 0 0
ST_DELIB 45 2 1 1 6 10 1 0 0
ST_DELIB 45 5 1 1 6 10 1 0 0
ST_DELIB 45 8 1 1 6 10 1 0 0
ST_DELIB 45 13 1 1 6 10 1 0 0
ST_DELIB 45 16 1 1 6 10 1 0 0
ST_DELIB 45 22 1 1 6 10 1 0 0
ST_DELIB 45 3 1 1 6 10 1 0 0
ST_DELIB 45 6 1 1 6 10 1 0 0
ST_DELIB 46 2 1 1 6 10 1 0 0
ST_DELIB 46 5 1 1 6 10 1 0 0
ST_DELIB 46 8 1 1 6 10 1 0 0
ST_DELIB 46 23 1 1 6 10 1 0 0
ST_DELIB 46 13 1 1 6 10 1 0 0
ST_DELIB 46 16 1 1 6 10 1 0 0
ST_DELIB 46 22 1 1 6 10 1 0 0
ST_DELIB 46 3 1 1 6 10 1 0 0
ST_DELIB 47 2 1 1 6 10 1 0 0
ST_DELIB 47 5 1 1 6 10 1 0 0
ST_DELIB 47 8 1 1 6 10 1 0 0
ST_DELIB 47 23 1 1 6 10 1 0 0
ST_DELIB 47 13 1 1 6 10 1 0 0
ST_DELIB 47 16 1 1 6 10 1 0 0
ST_DELIB 47 22 1 1 6 10 1 0 0
ST_DELIB 47 3 1 1 6 10 1 0 0
ST_DELIB 48 2 1 1 6 10 1 0 0
ST_DELIB 48 5 1 1 6 10 1 0 0
ST_DELIB 48 8 1 1 6 10 1 0 0
ST_DELIB 48 23 1 1 6 10 1 0 0
ST_DELIB 48 13 1 1 6 10 1 0 0
ST_DELIB 48 16 1 1 6 10 1 0 0
ST_DELIB 48 22 1 1 6 10 1 0 0
ST_DELIB 48 25 1 1 6 10 1 0 0
ST_DELIB 49 2 1 1 6 10 1 0 0
ST_DELIB 49 5 1 1 6 10 1 0 0
ST_DELIB 49 8 1 1 6 10 1 0 0
ST_DELIB 49 23 1 1 6 10 1 0 0
ST_DELIB 49 26 1 1 6 10 1 0 0
ST_DELIB 49 13 1 1 6 10 1 0 0
ST_DELIB 49 16 1 1 6 10 1 0 0
ST_DELIB 49 22 1 1 6 10 1 0 0
ST_TS 50 32 213 0 0 0 0 0 11 15 0 20 160 15 0 0 0
ST_DELIB 50 2 1 1 6 10 1 0 0
ST_DELIB 50 5 1 1 6 10 1 0 0
ST_DELIB 50 8 1 1 6 10 1 0 0
ST_DELIB 50 23 1 1 6 10 1 0 0
ST_DELIB 50 26 1 1 6 10 1 0 0
ST_DELIB 50 13 1 1 6 10 1 0 0
ST_DELIB 50 16 1 1 6 10 1 0 0
ST_DELIB 50 22 1 1 6 10 1 0 0
ST_DELIB 51 2 1 1 6 10 1 0 0
ST_DELIB 51 5 1 1 6 10 1 0 0
ST_DELIB 51 8 1 1 6 10 1 0 0
ST_DELIB 51 23 1 1 6 10 1 0 0
ST_DELIB 51 26 1 1 6 10 1 0 0
ST_DELIB 51 13 1 1 6 10 1 0 0
ST_DELIB 51 16 1 1 6 10 1 0 0
ST_DELIB 51 22 1 1 6 10 1 0 0
ST_DELIB 52 2 1 1 6 10 1 0 0
ST_DELIB 52 5 1 1 6 10 1 0 0
ST_DELIB 52 8 1 1 6 10 1 0 0
ST_DELIB 52 23 1 1 6 10 1 0 0
ST_DELIB 52 26 1 1 6 10 1 0 0
ST_DELIB 52 13 1 1 6 10 1 0 0
ST_DELIB 52 16 1 1 6 10 1 0 0
ST_DELIB 52 22 1 1 6 10 1 0 0
ST_DELIB 53 2 1 1 6 10 1 0 0
ST_DELIB 53 5 1 1 6 10 1 0 0
ST_DELIB 53 8 1 1 6 10 1 0 0
ST_DELIB 53 23 1 1 6 10 1 0 0
ST_DELIB 53 26 1 1 6 10 1 0 0
ST_DELIB 53 13 1 1 6 10 1 0 0
ST_DELIB 53 16 1 1 6 10 1 0 0
ST_DELIB 53 22 1 1 6 10 1 0 0
ST_DELIB 54 2 1 1 6 10 1 0 0
ST_DELIB 54 5 1 1 6 10 1 0 0
ST_DELIB 54 8 1 1 6 10 1 0 0
ST_DELIB 54 23 1 1 6 10 1 0 0
ST_DELIB 54 26 1 1 6 10 1 0 0
ST_DELIB 54 13 1 1 6 10 1 0 0
ST_DELIB 54 16 1 1 6 10 1 0 0
ST_DELIB 54 22 1 1 6 10 1 0 0
ST_DELIB 55 2 1 1 6 10 1 0 0
ST_DELIB 55 5 1 1 6 10 1 0 0
ST_DELIB 55 8 1 1 6 10 1 0 0
ST_DELIB 55 23 1 1 6 10 1 0 0
ST_DELIB 55 26 1 1 6 10 1 0 0
ST_DELIB 55 13 1 1 6 10 1 0 0
ST_DELIB 55 16 1 1 6 10 1 0 0
ST_DELIB 55 22 1 1 6 10 1 0 0
ST_DELIB 56 2 1 1 6 10 1 0 0
ST_DELIB 56 5 1 1 6 10 1 0 0
ST_DELIB 56 8 1 1 6 10 1 0 0
ST_DELIB 56 23 1 1 6 10 1 0 0
ST_DELIB 56 26 1 1 6 10 1 0 0
ST_DELIB 56 13 1 1 6 10 1 0 0
ST_DELIB 56 16 1 1 6 10 1 0 0
ST_DELIB 56 22 1 1 6 10 1 0 0
ST_DELIB 57 9 3 1 1 80 4 2 1
ST_DELIB 57 2 1 1 6 10 1 0 0
ST_DELIB 57 5 1 1 6 10 1 0 0
ST_DELIB 57 8 1 1 6 10 1 0 0
ST_DELIB 57 23 1 1 6 10 1 0 0
ST_DELIB 57 26 1 1 6 10 1 0 0
ST_DELIB 57 13 1 1 6 10 1 0 0
ST_DELIB 57 16 1 1 6 10 1 0 0
ST_DELIB 57 22 1 1 6 10 1 0 0
ST_DELIB 58 10 3 1 1 80 4 2 1
ST_DELIB 58 2 1 1 6 10 1 0 0
ST_DELIB 58 5 1 1 6 10 1 0 0
ST_DELIB 58 8 1 1 6 10 1 0 0
ST_DELIB 58 23 1 1 6 10 1 0 0
ST_DELIB 58 26 1 1 6 10 1 0 0
ST_DELIB 58 13 1 1 6 10 1 0 0
ST_DELIB 58 16 1 1 6 10 1 0 0
ST_DELIB 58 22 1 1 6 10 1 0 0
ST_DELIB 59 11 3 1 1 80 4 2 1
ST_DELIB 59 2 1 1 6 10 1 0 0
ST_DELIB 59 5 1 1 6 10 1 0 0
ST_DELIB 59 8 1 1 6 10 1 0 0
ST_DELIB 59 23 1 1 6 10 1 0 0
ST_DELIB 59 26 1 1 6 10 1 0 0
ST_DELIB 59 13 1 1 6 10 1 0 0
ST_DELIB 59 16 1 1 6 10 1 0 0
ST_DELIB 59 22 1 1 6 10 1 0 0
ST_DELIB 60 2 1 1 6 10 1 0 0
ST_DELIB 60 5 1 1 6 10 1 0 0
ST_DELIB 60 8 1 1 6 10 1 0 0
ST_DELIB 60 23 1 1 6 10 1 0 0
ST_DELIB 60 26 1 1 6 10 1 0 0
ST_DELIB 60 13 1 1 6 10 1 0 0
ST_DELIB 60 16 1 1 6 10 1 0 0
ST_DELIB 60 22 1 1 6 10 1 0 0
ST_DELIB 61 2 1 1 6 10 1 0 0
ST_DELIB 61 5 1 1 6 10 1 0 0
ST_DELIB 61 8 1 1 6 10 1 0 0
ST_DELIB 61 23 1 1 6 10 1 0 0
ST_DELIB 61 26 1 1 6 10 1 0 0
ST_DELIB 61 13 1 1 6 10 1 0 0
ST_DELIB 61 16 1 1 6 10 1 0 0
ST_DELIB 61 22 1 1 6 10 1 0 0
ST_DELIB 62 2 1 1 6 10 1 0 0
ST_DELIB 62 5 1 1 6 10 1 0 0
ST_DELIB 62 8 1 1 6 10 1 0 0
ST_DELIB 62 23 1 1 6 10 1 0 0
ST_DELIB 62 26 1 1 6 10 1 0 0
ST_DELIB 62 13 1 1 6 10 1 0 0
ST_DELIB 62 16 1 1 6 10 1 0 0
ST_DELIB 62 22 1 1 6 10 1 0 0
ST_DELIB 63 2 1 1 6 10 1 0 0
ST_DELIB 63 5 1 1 6 10 1 0 0
ST_DELIB 63 8 1 1 6 10 1 0 0
ST_DELIB 63 23 1 1 6 10 1 0 0
ST_DELIB 63 26 1 1 6 10 1 0 0
ST_DELIB 63 13 1 1 6 10 1 0 0
ST_DELIB 63 16 1 1 6 10 1 0 0
ST_DELIB 63 22 1 1 6 10 1 0 0
ST_DELIB 64 2 1 1 6 10 1 0 0
ST_DELIB 64 5 1 1 6 10 1 0 0
ST_DELIB 64 8 1 1 6 10 1 0 0
ST_DELIB 64 23 1 1 6 10 1 0 0
ST_DELIB 64 26 1 1 6 10 1 0 0
ST_DELIB 64 13 1 1 6 10 1 0 0
ST_DELIB 64 16 1 1 6 10 1 0 0
ST_DELIB 64 22 1 1 6 10 1 0 0
ST_DELIB 65 2 1 1 6 10 1 0 0
ST_DELIB 65 5 1 1 6 10 1 0 0
ST_DELIB 65 8 1 1 6 10 1 0 0
ST_DELIB 65 23 1 1 6 10 1 0 0
ST_DELIB 65 26 1 1 6 10 1 0 0
ST_DELIB 65 13 1 1 6 10 1 0 0
ST_DELIB 65 16 1 1 6 10 1 0 0
ST_DELIB 65 22 1 1 6 10 1 0 0
ST_DELIB 66 2 1 1 6 10 1 0 0
ST_DELIB 66 5 1 1 6 10 1 0 0
ST_DELIB 66 8 1 1 6 10 1 0 0
ST_DELIB 66 23 1 1 6 10 1 0 0
ST_DELIB 66 26 1 1 6 10 1 0 0
ST_DELIB 66 13 1 1 6 10 1 0 0
ST_DELIB 66 16 1 1 6 10 1 0 0
ST_DELIB 66 22 1 1 6 10 1 0 0
ST_DELIB 67 19 3 1 1 80 4 2 1
ST_DELIB 67 2 1 1 6 10 1 0 0
ST_DELIB 67 5 1 1 6 10 1 0 0
ST_DELIB 67 8 1 1 6 10 1 0 0
ST_DELIB 67 23 1 1 6 10 1 0 0
ST_DELIB 67 26 1 1 6 10 1 0 0
ST_DELIB 67 13 1 1 6 10 1 0 0
ST_DELIB 67 16 1 1 6 10 1 0 0
ST_DELIB 67 22 1 1 6 10 1 0 0
ST_DELIB 68 20 3 1 1 80 4 2 1
ST_DELIB 68 2 1 1 6 10 1 0 0
ST_DELIB 68 5 1 1 6 10 1 0 0
ST_DELIB 68 8 1 1 6 10 1 0 0
ST_DELIB 68 23 1 1 6 10 1 0 0
ST_DELIB 68 26 1 1 6 10 1 0 0
ST_DELIB 68 13 1 1 6 10 1 0 0
ST_DELIB 68 16 1 1 6 10 1 0 0
ST_DELIB 68 22 1 1 6 10 1 0 0
ST_DELIB 69 21 3 1 1 80 4 2 1
ST_DELIB 69 2 1 1 6 10 1 0 0
ST_DELIB 69 5 1 1 6 10 1 0 0
ST_DELIB 69 8 1 1 6 10 1 0 0
ST_DELIB 69 23 1 1 6 10 1 0 0
ST_DELIB 69 26 1 1 6 10 1 0 0
ST_DELIB 69 13 1 1 6 10 1 0 0
ST_DELIB 69 16 1 1 6 10 1 0 0
ST_DELIB 69 22 1 1 6 10 1 0 0
ST_DELIB 70 2 1 1 6 10 1 0 0
ST_DELIB 70 5 1 1 6 10 1 0 0
ST_DELIB 70 8 1 1 6 10 1 0 0
ST_DELIB 70 23 1 1 6 10 1 0 0
ST_DELIB 70 26 1 1 6 10 1 0 0
ST_DELIB 70 13 1 1 6 10 1 0 0
ST_DELIB 70 16 1 1 6 10 1 0 0
ST_DELIB 70 22 1 1 6 10 1 0 0
ST_DELIB 71 2 1 1 6 10 1 0 0
ST_DELIB 71 5 1 1 6 10 1 0 0
ST_DELIB 71 8 1 1 6 10 1 0 0
ST_DELIB 71 23 1 1 6 10 1 0 0
ST_DELIB 71 26 1 1 6 10 1 0 0
ST_DELIB 71 13 1 1 6 10 1 0 0
ST_DELIB 71 16 1 1 6 10 1 0 0
ST_DELIB 71 22 1 1 6 10 1 0 0
ST_DELIB 72 2 1 1 6 10 1 0 0
ST_DELIB 72 5 1 1 6 10 1 0 0
ST_DELIB 72 8 1 1 6 10 1 0 0
ST_DELIB 72 23 1 1 6 10 1 0 0
ST_DELIB 72 26 1 1 6 10 1 0 0
ST_DELIB 72 13 1 1 6 10 1 0 0
ST_DELIB 72 16 1 1 6 10 1 0 0
ST_DELIB 72 22 1 1 6 10 1 0 0
ST_DELIB 73 2 1 1 6 10 1 0 0
ST_DELIB 73 5 1 1 6 10 1 0 0
ST_DELIB 73 8 1 1 6 10 1 0 0
ST_DELIB 73 23 1 1 6 10 1 0 0
ST_DELIB 73 26 1 1 6 10 1 0 0
ST_DELIB 73 13 1 1 6 10 1 0 0
ST_DELIB 73 16 1 1 6 10 1 0 0
ST_DELIB 73 22 1 1 6 10 1 0 0
ST_DELIB 74 2 1 1 6 10 1 0 0
ST_DELIB 74 5 1 1 6 10 1 0 0
ST_DELIB 74 8 1 1 6 10 1 0 0
ST_DELIB 74 23 1 1 6 10 1 0 0
ST_DELIB 74 26 1 1 6 10 1 0 0
ST_DELIB 74 13 1 1 6 10 1 0 0
ST_DELIB 74 16 1 1 6 10 1 0 0
ST_DELIB 74 22 1 1 6 10 1 0 0
ST_TS 75 32 431 0 0 0 0 0 15 22 0 45 360 21 0 0 0
ST_DELIB 75 2 1 1 6 10 1 0 0
ST_DELIB 75 5 1 1 6 10 1 0 0
ST_DELIB 75 8 1 1 6 10 1 0 0
ST_DELIB 75 23 1 1 6 10 1 0 0
ST_DELIB 75 26 1 1 6 10 1 0 0
ST_DELIB 75 13 1 1 6 10 1 0 0
ST_DELIB 75 16 1 1 6 10 1 0 0
ST_DELIB 75 22 1 1 6 10 1 0 0
ST_DELIB 76 2 1 1 6 10 1 0 0
ST_DELIB 76 5 1 1 6 10 1 0 0
ST_DELIB 76 8 1 1 6 10 1 0 0
ST_DELIB 76 23 1 1 6 10 1 0 0
ST_DELIB 76 26 1 1 6 10 1 0 0
ST_DELIB 76 13 1 1 6 10 1 0 0
ST_DELIB 76 16 1 1 6 10 1 0 0
ST_DELIB 76 22 1 1 6 10 1 0 0
ST_DELIB 77 29 3 1 1 80 4 2 1
ST_DELIB 77 2 1 1 6 10 1 0 0
ST_DELIB 77 5 1 1 6 10 1 0 0
ST_DELIB 77 8 1 1 6 10 1 0 0
ST_DELIB 77 23 1 1 6 10 1 0 0
ST_DELIB 77 26 1 1 6 10 1 0 0
ST_DELIB 77 13 1 1 6 10 1 0 0
ST_DELIB 77 16 1 1 6 10 1 0 0
ST_DELIB 77 22 1 1 6 10 1 0 0
ST_DELIB 78 30 3 1 1 80 4 2 1
ST_DELIB 78 2 1 1 6 10 1 0 0
ST_DELIB 78 5 1 1 6 10 1 0 0
ST_DELIB 78 8 1 1 6 10 1 0 0
ST_DELIB 78 23 1 1 6 10 1 0 0
ST_DELIB 78 26 1 1 6 10 1 0 0
ST_DELIB 78 13 1 1 6 10 1 0 0
ST_DELIB 78 16 1 1 6 10 1 0 0
ST_DELIB 78 22 1 1 6 10 1 0 0
ST_DELIB 79 31 3 1 1 80 4 2 1
ST_DELIB 79 2 1 1 6 10 1 0 0
ST_DELIB 79 5 1 1 6 10 1 0 0
ST_DELIB 79 8 1 1 6 10 1 0 0
ST_DELIB 79 23 1 1 6 10 1 0 0
ST_DELIB 79 26 1 1 6 10 1 0 0
ST_DELIB 79 13 1 1 6 10 1 0 0
ST_DELIB 79 16 1 1 6 10 1 0 0
ST_DELIB 79 22 1 1 6 10 1 0 0
ST_DELIB 80 2 1 1 6 10 1 0 0
ST_DELIB 80 5 1 1 6 10 1 0 0
ST_DELIB 80 8 1 1 6 10 1 0 0
ST_DELIB 80 23 1 1 6 10 1 0 0
ST_DELIB 80 26 1 1 6 10 1 0 0
ST_DELIB 80 13 1 1 6 10 1 0 0
ST_DELIB 80 16 1 1 6 10 1 0 0
ST_DELIB 80 22 1 1 6 10 1 0 0
ST_DELIB 81 2 1 1 6 10 1 0 0
ST_DELIB 81 5 1 1 6 10 1 0 0
ST_DELIB 81 8 1 1 6 10 1 0 0
ST_DELIB 81 23 1 1 6 10 1 0 0
ST_DELIB 81 26 1 1 6 10 1 0 0
ST_DELIB 81 13 1 1 6 10 1 0 0
ST_DELIB 81 16 1 1 6 10 1 0 0
ST_DELIB 81 22 1 1 6 10 1 0 0
ST_DELIB 82 9 3 1 1 80 4 3 1
ST_DELIB 82 2 1 1 6 10 1 0 0
ST_DELIB 82 5 1 1 6 10 1 0 0
ST_DELIB 82 8 1 1 6 10 1 0 0
ST_DELIB 82 23 1 1 6 10 1 0 0
ST_DELIB 82 26 1 1 6 10 1 0 0
ST_DELIB 82 13 1 1 6 10 1 0 0
ST_DELIB 82 16 1 1 6 10 1 0 0
ST_DELIB 82 22 1 1 6 10 1 0 0
ST_DELIB 83 10 3 1 1 80 4 3 1
ST_DELIB 83 2 1 1 6 10 1 0 0
ST_DELIB 83 5 1 1 6 10 1 0 0
ST_DELIB 83 8 1 1 6 10 1 0 0
ST_DELIB 83 23 1 1 6 10 1 0 0
ST_DELIB 83 26 1 1 6 10 1 0 0
ST_DELIB 83 13 1 1 6 10 1 0 0
ST_DELIB 83 16 1 1 6 10 1 0 0
ST_DELIB 83 22 1 1 6 10 1 0 0
ST_DELIB 84 11 3 1 1 80 4 3 1
ST_DELIB 84 2 1 1 6 10 1 0 0
ST_DELIB 84 5 1 1 6 10 1 0 0
ST_DELIB 84 8 1 1 6 10 1 0 0
ST_DELIB 84 23 1 1 6 10 1 0 0
ST_DELIB 84 26 1 1 6 10 1 0 0
ST_DELIB 84 13 1 1 6 10 1 0 0
ST_DELIB 84 16 1 1 6 10 1 0 0
ST_DELIB 84 22 1 1 6 10 1 0 0
ST_DELIB 85 2 1 1 6 10 1 0 0
ST_DELIB 85 5 1 1 6 10 1 0 0
ST_DELIB 85 8 1 1 6 10 1 0 0
ST_DELIB 85 23 1 1 6 10 1 0 0
ST_DELIB 85 26 1 1 6 10 1 0 0
ST_DELIB 85 13 1 1 6 10 1 0 0
ST_DELIB 85 16 1 1 6 10 1 0 0
ST_DELIB 85 22 1 1 6 10 1 0 0
ST_DELIB 86 2 1 1 6 10 1 0 0
ST_DELIB 86 5 1 1 6 10 1 0 0
ST_DELIB 86 8 1 1 6 10 1 0 0
ST_DELIB 86 23 1 1 6 10 1 0 0
ST_DELIB 86 26 1 1 6 10 1 0 0
ST_DELIB 86 13 1 1 6 10 1 0 0
ST_DELIB 86 16 1 1 6 10 1 0 0
ST_DELIB 86 22 1 1 6 10 1 0 0
ST_DELIB 87 2 1 1 6 10 1 0 0
ST_DELIB 87 5 1 1 6 10 1 0 0
ST_DELIB 87 8 1 1 6 10 1 0 0
ST_DELIB 87 23 1 1 6 10 1 0 0
ST_DELIB 87 26 1 1 6 10 1 0 0
ST_DELIB 87 13 1 1 6 10 1 0 0
ST_DELIB 87 16 1 1 6 10 1 0 0
ST_DELIB 87 22 1 1 6 10 1 0 0
ST_DELIB 88 2 1 1 6 10 1 0 0
ST_DELIB 88 5 1 1 6 10 1 0 0
ST_DELIB 88 8 1 1 6 10 1 0 0
ST_DELIB 88 23 1 1 6 10 1 0 0
ST_DELIB 88 26 1 1 6 10 1 0 0
ST_DELIB 88 13 1 1 6 10 1 0 0
ST_DELIB 88 16 1 1 6 10 1 0 0
ST_DELIB 88 22 1 1 6 10 1 0 0
ST_DELIB 89 2 1 1 6 10 1 0 0
ST_DELIB 89 5 1 1 6 10 1 0 0
ST_DELIB 89 8 1 1 6 10 1 0 0
ST_DELIB 89 23 1 1 6 10 1 0 0
ST_DELIB 89 26 1 1 6 10 1 0 0
ST_DELIB 89 13 1 1 6 10 1 0 0
ST_DELIB 89 16 1 1 6 10 1 0 0
ST_DELIB 89 22 1 1 6 10 1 0 0
ST_DELIB 90 2 1 1 6 10 1 0 0
ST_DELIB 90 5 1 1 6 10 1 0 0
ST_DELIB 90 8 1 1 6 10 1 0 0
ST_DELIB 90 23 1 1 6 10 1 0 0
ST_DELIB 90 26 1 1 6 10 1 0 0
ST_DELIB 90 13 1 1 6 10 1 0 0
ST_DELIB 90 16 1 1 6 10 1 0 0
ST_DELIB 90 22 1 1 6 10 1 0 0
ST_DELIB 91 2 1 1 6 10 1 0 0
ST_DELIB 91 5 1 1 6 10 1 0 0
ST_DELIB 91 8 1 1 6 10 1 0 0
ST_DELIB 91 23 1 1 6 10 1 0 0
ST_DELIB 91 26 1 1 6 10 1 0 0
ST_DELIB 91 13 1 1 6 10 1 0 0
ST_DELIB 91 16 1 1 6 10 1 0 0
ST_DELIB 91 22 1 1 6 10 1 0 0
ST_DELIB 92 19 3 1 1 80 4 3 1
ST_DELIB 92 2 1 1 6 10 1 0 0
ST_DELIB 92 5 1 1 6 10 1 0 0
ST_DELIB 92 8 1 1 6 10 1 0 0
ST_DELIB 92 23 1 1 6 10 1 0 0
ST_DELIB 92 26 1 1 6 10 1 0 0
ST_DELIB 92 13 1 1 6 10 1 0 0
ST_DELIB 92 16 1 1 6 10 1 0 0
ST_DELIB 92 22 1 1 6 10 1 0 0
ST_DELIB 93 20 3 1 1 80 4 3 1
ST_DELIB 93 2 1 1 6 10 1 0 0
ST_DELIB 93 5 1 1 6 10 1 0 0
ST_DELIB 93 8 1 1 6 10 1 0 0
ST_DELIB 93 23 1 1 6 10 1 0 0
ST_DELIB 93 26 1 1 6 10 1 0 0
ST_DELIB 93 13 1 1 6 10 1 0 0
ST_DELIB 93 16 1 1 6 10 1 0 0
ST_DELIB 93 22 1 1 6 10 1 0 0
ST_DELIB 94 21 3 1 1 80 4 3 1
ST_DELIB 94 2 1 1 6 10 1 0 0
ST_DELIB 94 5 1 1 6 10 1 0 0
ST_DELIB 94 8 1 1 6 10 1 0 0
ST_DELIB 94 23 1 1 6 10 1 0 0
ST_DELIB 94 26 1 1 6 10 1 0 0
ST_DELIB 94 13 1 1 6 10 1 0 0
ST_DELIB 94 16 1 1 6 10 1 0 0
ST_DELIB 94 22 1 1 6 10 1 0 0
ST_DELIB 95 2 1 1 6 10 1 0 0
ST_DELIB 95 5 1 1 6 10 1 0 0
ST_DELIB 95 8 1 1 6 10 1 0 0
ST_DELIB 95 23 1 1 6 10 1 0 0
ST_DELIB 95 26 1 1 6 10 1 0 0
ST_DELIB 95 13 1 1 6 10 1 0 0
ST_DELIB 95 16 1 1 6 10 1 0 0
ST_DELIB 95 22 1 1 6 10 1 0 0
ST_DELIB 96 2 1 1 6 10 1 0 0
ST_DELIB 96 5 1 1 6 10 1 0 0
ST_DELIB 96 8 1 1 6 10 1 0 0
ST_DELIB 96 23 1 1 6 10 1 0 0
ST_DELIB 96 26 1 1 6 10 1 0 0
ST_DELIB 96 13 1 1 6 10 1 0 0
ST_DELIB 96 16 1 1 6 10 1 0 0
ST_DELIB 96 22 1 1 6 10 1 0 0
ST_DELIB 97 2 1 1 6 10 1 0 0
ST_DELIB 97 5 1 1 6 10 1 0 0
ST_DELIB 97 8 1 1 6 10 1 0 0
ST_DELIB 97 23 1 1 6 10 1 0 0
ST_DELIB 97 26 1 1 6 10 1 0 0
ST_DELIB 97 13 1 1 6 10 1 0 0
ST_DELIB 97 16 1 1 6 10 1 0 0
ST_DELIB 97 22 1 1 6 10 1 0 0
ST_DELIB 98 2 1 1 6 10 1 0 0
ST_DELIB 98 5 1 1 6 10 1 0 0
ST_DELIB 98 8 1 1 6 10 1 0 0
ST_DELIB 98 23 1 1 6 10 1 0 0
ST_DELIB 98 26 1 1 6 10 1 0 0
ST_DELIB 98 13 1 1 6 10 1 0 0
ST_DELIB 98 16 1 1 6 10 1 0 0
ST_DELIB 98 22 1 1 6 10 1 0 0
ST_DELIB 99 2 1 1 6 10 1 0 0
ST_DELIB 99 5 1 1 6 10 1 0 0
ST_DELIB 99 8 1 1 6 10 1 0 0
ST_DELIB 99 23 1 1 6 10 1 0 0
ST_DELIB 99 26 1 1 6 10 1 0 0
ST_DELIB 99 13 1 1 6 10 1 0 0
ST_DELIB 99 16 1 1 6 10 1 0 0
ST_DELIB 99 22 1 1 6 10 1 0 0
ST_TS 100 32 641 0 0 0 0 0 15 30 0 70 560 30 0 0 0
ST_DELIB 100 2 1 1 6 10 1 0 0
ST_DELIB 100 5 1 1 6 10 1 0 0
ST_DELIB 100 8 1 1 6 10 1 0 0
ST_DELIB 100 23 1 1 6 10 1 0 0
ST_DELIB 100 26 1 1 6 10 1 0 0
ST_DELIB 100 13 1 1 6 10 1 0 0
ST_DELIB 100 16 1 1 6 10 1 0 0
ST_DELIB 100 22 1 1 6 10 1 0 0
ST_DELIB 101 2 1 1 6 10 1 0 0
ST_DELIB 101 5 1 1 6 10 1 0 0
ST_DELIB 101 8 1 1 6 10 1 0 0
ST_DELIB 101 23 1 1 6 10 1 0 0
ST_DELIB 101 26 1 1 6 10 1 0 0
ST_DELIB 101 13 1 1 6 10 1 0 0
ST_DELIB 101 16 1 1 6 10 1 0 0
ST_DELIB 101 22 1 1 6 10 1 0 0
ST_DELIB 102 29 3 1 1 80 4 3 1
ST_DELIB 102 2 1 1 6 10 1 0 0
ST_DELIB 102 5 1 1 6 10 1 0 0
ST_DELIB 102 8 1 1 6 10 1 0 0
ST_DELIB 102 23 1 1 6 10 1 0 0
ST_DELIB 102 26 1 1 6 10 1 0 0
ST_DELIB 102 13 1 1 6 10 1 0 0
ST_DELIB 102 16 1 1 6 10 1 0 0
ST_DELIB 102 22 1 1 6 10 1 0 0
ST_DELIB 103 30 3 1 1 80 4 3 1
ST_DELIB 103 2 1 1 6 10 1 0 0
ST_DELIB 103 5 1 1 6 10 1 0 0
ST_DELIB 103 8 1 1 6 10 1 0 0
ST_DELIB 103 23 1 1 6 10 1 0 0
ST_DELIB 103 26 1 1 6 10 1 0 0
ST_DELIB 103 13 1 1 6 10 1 0 0
ST_DELIB 103 16 1 1 6 10 1 0 0
ST_DELIB 103 22 1 1 6 10 1 0 0
ST_DELIB 104 31 3 1 1 80 4 3 1
ST_DELIB 104 2 1 1 6 10 1 0 0
ST_DELIB 104 5 1 1 6 10 1 0 0
ST_DELIB 104 8 1 1 6 10 1 0 0
ST_DELIB 104 23 1 1 6 10 1 0 0
ST_DELIB 104 26 1 1 6 10 1 0 0
ST_DELIB 104 13 1 1 6 10 1 0 0
ST_DELIB 104 16 1 1 6 10 1 0 0
ST_DELIB 104 22 1 1 6 10 1 0 0
ST_DELIB 105 2 1 1 6 10 1 0 0
ST_DELIB 105 5 1 1 6 10 1 0 0
ST_DELIB 105 8 1 1 6 10 1 0 0
ST_DELIB 105 23 1 1 6 10 1 0 0
ST_DELIB 105 26 1 1 6 10 1 0 0
ST_DELIB 105 13 1 1 6 10 1 0 0
ST_DELIB 105 16 1 1 6 10 1 0 0
ST_DELIB 105 22 1 1 6 10 1 0 0
ST_DELIB 106 2 1 1 6 10 1 0 0
ST_DELIB 106 5 1 1 6 10 1 0 0
ST_DELIB 106 8 1 1 6 10 1 0 0
ST_DELIB 106 23 1 1 6 10 1 0 0
ST_DELIB 106 26 1 1 6 10 1 0 0
ST_DELIB 106 13 1 1 6 10 1 0 0
ST_DELIB 106 16 1 1 6 10 1 0 0
ST_DELIB 106 22 1 1 6 10 1 0 0
ST_DELIB 107 9 3 1 1 80 4 4 1
ST_DELIB 108 10 3 1 1 80 4 4 1
ST_DELIB 109 11 3 1 1 80 4 4 1
ST_DELIB 110 2 1 1 6 10 1 0 0
ST_DELIB 110 5 1 1 6 10 1 0 0
ST_DELIB 110 8 1 1 6 10 1 0 0
ST_DELIB 110 23 1 1 6 10 1 0 0
ST_DELIB 110 26 1 1 6 10 1 0 0
ST_DELIB 110 13 1 1 6 10 1 0 0
ST_DELIB 110 16 1 1 6 10 1 0 0
ST_DELIB 110 22 1 1 6 10 1 0 0
ST_DELIB 111 2 1 1 6 10 1 0 0
ST_DELIB 111 5 1 1 6 10 1 0 0
ST_DELIB 111 8 1 1 6 10 1 0 0
ST_DELIB 111 23 1 1 6 10 1 0 0
ST_DELIB 111 26 1 1 6 10 1 0 0
ST_DELIB 111 13 1 1 6 10 1 0 0
ST_DELIB 111 16 1 1 6 10 1 0 0
ST_DELIB 111 22 1 1 6 10 1 0 0
ST_DELIB 112 2 1 1 6 10 1 0 0
ST_DELIB 112 5 1 1 6 10 1 0 0
ST_DELIB 112 8 1 1 6 10 1 0 0
ST_DELIB 112 23 1 1 6 10 1 0 0
ST_DELIB 112 26 1 1 6 10 1 0 0
ST_DELIB 112 13 1 1 6 10 1 0 0
ST_DELIB 112 16 1 1 6 10 1 0 0
ST_DELIB 112 22 1 1 6 10 1 0 0
ST_DELIB 113 2 1 1 6 10 1 0 0
ST_DELIB 113 5 1 1 6 10 1 0 0
ST_DELIB 113 8 1 1 6 10 1 0 0
ST_DELIB 113 23 1 1 6 10 1 0 0
ST_DELIB 113 26 1 1 6 10 1 0 0
ST_DELIB 113 13 1 1 6 10 1 0 0
ST_DELIB 113 16 1 1 6 10 1 0 0
ST_DELIB 113 22 1 1 6 10 1 0 0
ST_DELIB 114 2 1 1 6 10 1 0 0
ST_DELIB 114 5 1 1 6 10 1 0 0
ST_DELIB 114 8 1 1 6 10 1 0 0
ST_DELIB 114 23 1 1 6 10 1 0 0
ST_DELIB 114 26 1 1 6 10 1 0 0
ST_DELIB 114 13 1 1 6 10 1 0 0
ST_DELIB 114 16 1 1 6 10 1 0 0
ST_DELIB 114 22 1 1 6 10 1 0 0
ST_DELIB 115 2 1 1 6 10 1 0 0
ST_DELIB 115 5 1 1 6 10 1 0 0
ST_DELIB 115 8 1 1 6 10 1 0 0
ST_DELIB 115 23 1 1 6 10 1 0 0
ST_DELIB 115 26 1 1 6 10 1 0 0
ST_DELIB 115 13 1 1 6 10 1 0 0
ST_DELIB 115 16 1 1 6 10 1 0 0
ST_DELIB 115 22 1 1 6 10 1 0 0
ST_DELIB 116 2 1 1 6 10 1 0 0
ST_DELIB 116 5 1 1 6 10 1 0 0
ST_DELIB 116 8 1 1 6 10 1 0 0
ST_DELIB 116 23 1 1 6 10 1 0 0
ST_DELIB 116 26 1 1 6 10 1 0 0
ST_DELIB 116 13 1 1 6 10 1 0 0
ST_DELIB 116 16 1 1 6 10 1 0 0
ST_DELIB 116 22 1 1 6 10 1 0 0
ST_DELIB 117 19 3 1 1 80 4 4 1
ST_DELIB 118 20 3 1 1 80 4 4 1
ST_DELIB 119 21 3 1 1 80 4 4 1
ST_DELIB 120 2 1 1 6 10 1 0 0
ST_DELIB 120 5 1 1 6 10 1 0 0
ST_DELIB 120 8 1 1 6 10 1 0 0
ST_DELIB 120 23 1 1 6 10 1 0 0
ST_DELIB 120 26 1 1 6 10 1 0 0
ST_DELIB 120 13 1 1 6 10 1 0 0
ST_DELIB 120 16 1 1 6 10 1 0 0
ST_DELIB 120 22 1 1 6 10 1 0 0
ST_DELIB 121 2 1 1 6 10 1 0 0
ST_DELIB 121 5 1 1 6 10 1 0 0
ST_DELIB 121 8 1 1 6 10 1 0 0
ST_DELIB 121 23 1 1 6 10 1 0 0
ST_DELIB 121 26 1 1 6 10 1 0 0
ST_DELIB 121 13 1 1 6 10 1 0 0
ST_DELIB 121 16 1 1 6 10 1 0 0
ST_DELIB 121 22 1 1 6 10 1 0 0
ST_DELIB 122 2 1 1 6 10 1 0 0
ST_DELIB 122 5 1 1 6 10 1 0 0
ST_DELIB 122 8 1 1 6 10 1 0 0
ST_DELIB 122 23 1 1 6 10 1 0 0
ST_DELIB 122 26 1 1 6 10 1 0 0
ST_DELIB 122 13 1 1 6 10 1 0 0
ST_DELIB 122 16 1 1 6 10 1 0 0
ST_DELIB 122 22 1 1 6 10 1 0 0
ST_DELIB 123 2 1 1 6 10 1 0 0
ST_DELIB 123 5 1 1 6 10 1 0 0
ST_DELIB 123 8 1 1 6 10 1 0 0
ST_DELIB 123 23 1 1 6 10 1 0 0
ST_DELIB 123 26 1 1 6 10 1 0 0
ST_DELIB 123 13 1 1 6 10 1 0 0
ST_DELIB 123 16 1 1 6 10 1 0 0
ST_DELIB 123 22 1 1 6 10 1 0 0
ST_DELIB 124 2 1 1 6 10 1 0 0
ST_DELIB 124 5 1 1 6 10 1 0 0
ST_DELIB 124 8 1 1 6 10 1 0 0
ST_DELIB 124 23 1 1 6 10 1 0 0
ST_DELIB 124 26 1 1 6 10 1 0 0
ST_DELIB 124 13 1 1 6 10 1 0 0
ST_DELIB 124 16 1 1 6 10 1 0 0
ST_DELIB 124 22 1 1 6 10 1 0 0
ST_TS 125 32 823 24 0 6 0 0 9 37 0 89 712 36 6 300 6
ST_DELIB 125 2 1 1 6 10 1 0 0
ST_DELIB 125 5 1 1 6 10 1 0 0
ST_DELIB 125 8 1 1 6 10 1 0 0
ST_DELIB 125 23 1 1 6 10 1 0 0
ST_DELIB 125 26 1 1 6 10 1 0 0
ST_DELIB 125 13 1 1 6 10 1 0 0
ST_DELIB 125 16 1 1 6 10 1 0 0
ST_DELIB 125 22 1 1 6 10 1 0 0
ST_DELIB 126 2 1 1 6 10 1 0 0
ST_DELIB 126 5 1 1 6 10 1 0 0
ST_DELIB 126 8 1 1 6 10 1 0 0
ST_DELIB 126 23 1 1 6 10 1 0 0
ST_DELIB 126 26 1 1 6 10 1 0 0
ST_DELIB 126 13 1 1 6 10 1 0 0
ST_DELIB 126 16 1 1 6 10 1 0 0
ST_DELIB 126 22 1 1 6 10 1 0 0
ST_DELIB 127 29 3 1 1 80 4 4 1
ST_DELIB 128 30 3 1 1 80 4 4 1
ST_DELIB 129 31 3 1 1 80 4 4 1
ST_DELIB 130 2 1 1 6 10 1 0 0
ST_DELIB 130 5 1 1 6 10 1 0 0
ST_DELIB 130 8 1 1 6 10 1 0 0
ST_DELIB 130 23 1 1 6 10 1 0 0
ST_DELIB 130 26 1 1 6 10 1 0 0
ST_DELIB 130 13 1 1 6 10 1 0 0
ST_DELIB 130 16 1 1 6 10 1 0 0
ST_DELIB 130 22 1 1 6 10 1 0 0
ST_DELIB 131 2 1 1 6 10 1 0 0
ST_DELIB 131 5 1 1 6 10 1 0 0
ST_DELIB 131 8 1 1 6 10 1 0 0
ST_DELIB 131 23 1 1 6 10 1 0 0
ST_DELIB 131 26 1 1 6 10 1 0 0
ST_DELIB 131 13 1 1 6 10 1 0 0
ST_DELIB 131 16 1 1 6 10 1 0 0
ST_DELIB 131 22 1 1 6 10 1 0 0
ST_DELIB 132 2 1 1 6 10 1 0 0
ST_DELIB 132 5 1 1 6 10 1 0 0
ST_DELIB 132 8 1 1 6 10 1 0 0
ST_DELIB 132 23 1 1 6 10 1 0 0
ST_DELIB 132 26 1 1 6 10 1 0 0
ST_DELIB 132 13 1 1 6 10 1 0 0
ST_DELIB 132 16 1 1 6 10 1 0 0
ST_DELIB 132 22 1 1 6 10 1 0 0
ST_DELIB 133 2 1 1 6 10 1 0 0
ST_DELIB 133 5 1 1 6 10 1 0 0
ST_DELIB 133 8 1 1 6 10 1 0 0
ST_DELIB 133 23 1 1 6 10 1 0 0
ST_DELIB 133 26 1 1 6 10 1 0 0
ST_DELIB 133 13 1 1 6 10 1 0 0
ST_DELIB 133 16 1 1 6 10 1 0 0
ST_DELIB 133 22 1 1 6 10 1 0 0
ST_DELIB 134 2 1 1 6 10 1 0 0
ST_DELIB 134 5 1 1 6 10 1 0 0
ST_DELIB 134 8 1 1 6 10 1 0 0
ST_DELIB 134 23 1 1 6 10 1 0 0
ST_DELIB 134 26 1 1 6 10 1 0 0
ST_DELIB 134 13 1 1 6 10 1 0 0
ST_DELIB 134 16 1 1 6 10 1 0 0
ST_DELIB 134 22 1 1 6 10 1 0 0
ST_DELIB 135 2 1 1 6 10 1 0 0
ST_DELIB 135 5 1 1 6 10 1 0 0
ST_DELIB 135 8 1 1 6 10 1 0 0
ST_DELIB 135 23 1 1 6 10 1 0 0
ST_DELIB 135 26 1 1 6 10 1 0 0
ST_DELIB 135 13 1 1 6 10 1 0 0
ST_DELIB 135 16 1 1 6 10 1 0 0
ST_DELIB 135 22 1 1 6 10 1 0 0
ST_DELIB 136 2 1 1 6 10 1 0 0
ST_DELIB 136 5 1 1 6 10 1 0 0
ST_DELIB 136 8 1 1 6 10 1 0 0
ST_DELIB 136 23 1 1 6 10 1 0 0
ST_DELIB 136 26 1 1 6 10 1 0 0
ST_DELIB 136 13 1 1 6 10 1 0 0
ST_DELIB 136 16 1 1 6 10 1 0 0
ST_DELIB 136 22 1 1 6 10 1 0 0
ST_DELIB 137 2 1 1 6 10 1 0 0
ST_DELIB 137 5 1 1 6 10 1 0 0
ST_DELIB 137 8 1 1 6 10 1 0 0
ST_DELIB 137 23 1 1 6 10 1 0 0
ST_DELIB 137 26 1 1 6 10 1 0 0
ST_DELIB 137 13 1 1 6 10 1 0 0
ST_DELIB 137 16 1 1 6 10 1 0 0
ST_DELIB 137 22 1 1 6 10 1 0 0
ST_DELIB 138 2 1 1 6 10 1 0 0
ST_DELIB 138 5 1 1 6 10 1 0 0
ST_DELIB 138 8 1 1 6 10 1 0 0
ST_DELIB 138 23 1 1 6 10 1 0 0
ST_DELIB 138 26 1 1 6 10 1 0 0
ST_DELIB 138 13 1 1 6 10 1 0 0
ST_DELIB 138 16 1 1 6 10 1 0 0
ST_DELIB 138 22 1 1 6 10 1 0 0
ST_DELIB 139 2 1 1 6 10 1 0 0
ST_DELIB 139 5 1 1 6 10 1 0 0
ST_DELIB 139 8 1 1 6 10 1 0 0
ST_DELIB 139 23 1 1 6 10 1 0 0
ST_DELIB 139 26 1 1 6 10 1 0 0
ST_DELIB 139 13 1 1 6 10 1 0 0
ST_DELIB 139 16 1 1 6 10 1 0 0
ST_DELIB 139 22 1 1 6 10 1 0 0
ST_DELIB 140 2 1 1 6 10 1 0 0
ST_DELIB 140 5 1 1 6 10 1 0 0
ST_DELIB 140 8 1 1 6 10 1 0 0
ST_DELIB 140 23 1 1 6 10 1 0 0
ST_DELIB 140 26 1 1 6 10 1 0 0
ST_DELIB 140 13 1 1 6 10 1 0 0
ST_DELIB 140 16 1 1 6 10 1 0 0
ST_DELIB 140 22 1 1 6 10 1 0 0
ST_DELIB 141 2 1 1 6 10 1 0 0
ST_DELIB 141 5 1 1 6 10 1 0 0
ST_DELIB 141 8 1 1 6 10 1 0 0
ST_DELIB 141 23 1 1 6 10 1 0 0
ST_DELIB 141 26 1 1 6 10 1 0 0
ST_DELIB 141 13 1 1 6 10 1 0 0
ST_DELIB 141 16 1 1 6 10 1 0 0
ST_DELIB 141 22 1 1 6 10 1 0 0
ST_DELIB 142 2 1 1 6 10 1 0 0
ST_DELIB 142 5 1 1 6 10 1 0 0
ST_DELIB 142 8 1 1 6 10 1 0 0
ST_DELIB 142 23 1 1 6 10 1 0 0
ST_DELIB 142 26 1 1 6 10 1 0 0
ST_DELIB 142 13 1 1 6 10 1 0 0
ST_DELIB 142 16 1 1 6 10 1 0 0
ST_DELIB 142 22 1 1 6 10 1 0 0
ST_DELIB 143 2 1 1 6 10 1 0 0
ST_DELIB 143 5 1 1 6 10 1 0 0
ST_DELIB 143 8 1 1 6 10 1 0 0
ST_DELIB 143 23 1 1 6 10 1 0 0
ST_DELIB 143 26 1 1 6 10 1 0 0
ST_DELIB 143 13 1 1 6 10 1 0 0
ST_DELIB 143 16 1 1 6 10 1 0 0
ST_DELIB 143 22 1 1 6 10 1 0 0
ST_DELIB 144 2 1 1 6 10 1 0 0
ST_DELIB 144 5 1 1 6 10 1 0 0
ST_DELIB 144 8 1 1 6 10 1 0 0
ST_DELIB 144 23 1 1 6 10 1 0 0
ST_DELIB 144 26 1 1 6 10 1 0 0
ST_DELIB 144 13 1 1 6 10 1 0 0
ST_DELIB 144 16 1 1 6 10 1 0 0
ST_DELIB 144 22 1 1 6 10 1 0 0
ST_DELIB 145 2 1 1 6 10 1 0 0
ST_DELIB 145 5 1 1 6 10 1 0 0
ST_DELIB 145 8 1 1 6 10 1 0 0
ST_DELIB 145 23 1 1 6 10 1 0 0
ST_DELIB 145 26 1 1 6 10 1 0 0
ST_DELIB 145 13 1 1 6 10 1 0 0
ST_DELIB 145 16 1 1 6 10 1 0 0
ST_DELIB 145 22 1 1 6 10 1 0 0
ST_DELIB 146 2 1 1 6 10 1 0 0
ST_DELIB 146 5 1 1 6 10 1 0 0
ST_DELIB 146 8 1 1 6 10 1 0 0
ST_DELIB 146 23 1 1 6 10 1 0 0
ST_DELIB 146 26 1 1 6 10 1 0 0
ST_DELIB 146 13 1 1 6 10 1 0 0
ST_DELIB 146 16 1 1 6 10 1 0 0
ST_DELIB 146 22 1 1 6 10 1 0 0
ST_DELIB 147 2 1 1 6 10 1 0 0
ST_DELIB 147 5 1 1 6 10 1 0 0
ST_DELIB 147 8 1 1 6 10 1 0 0
ST_DELIB 147 23 1 1 6 10 1 0 0
ST_DELIB 147 26 1 1 6 10 1 0 0
ST_DELIB 147 13 1 1 6 10 1 0 0
ST_DELIB 147 16 1 1 6 10 1 0 0
ST_DELIB 147 22 1 1 6 10 1 0 0
ST_DELIB 148 2 1 1 6 10 1 0 0
ST_DELIB 148 5 1 1 6 10 1 0 0
ST_DELIB 148 8 1 1 6 10 1 0 0
ST_DELIB 148 23 1 1 6 10 1 0 0
ST_DELIB 148 26 1 1 6 10 1 0 0
ST_DELIB 148 13 1 1 6 10 1 0 0
ST_DELIB 148 16 1 1 6 10 1 0 0
ST_DELIB 148 22 1 1 6 10 1 0 0
ST_DELIB 149 2 1 1 6 10 1 0 0
ST_DELIB 149 5 1 1 6 10 1 0 0
ST_DELIB 149 8 1 1 6 10 1 0 0
ST_DELIB 149 23 1 1 6 10 1 0 0
ST_DELIB 149 26 1 1 6 10 1 0 0
ST_DELIB 149 13 1 1 6 10 1 0 0
ST_DELIB 149 16 1 1 6 10 1 0 0
ST_DELIB 149 22 1 1 6 10 1 0 0
ST_TS 150 32 1023 36 0 9 0 0 12 45 0 111 888 45 9 450 9
ST_DELIB 150 2 1 1 6 10 1 0 0
ST_DELIB 150 5 1 1 6 10 1 0 0
ST_DELIB 150 8 1 1 6 10 1 0 0
ST_DELIB 150 23 1 1 6 10 1 0 0
ST_DELIB 150 26 1 1 6 10 1 0 0
ST_DELIB 150 13 1 1 6 10 1 0 0
ST_DELIB 150 16 1 1 6 10 1 0 0
ST_DELIB 150 22 1 1 6 10 1 0 0
ST_DELIB 151 2 1 1 6 10 1 0 0
ST_DELIB 151 5 1 1 6 10 1 0 0
ST_DELIB 151 8 1 1 6 10 1 0 0
ST_DELIB 151 23 1 1 6 10 1 0 0
ST_DELIB 151 26 1 1 6 10 1 0 0
ST_DELIB 151 13 1 1 6 10 1 0 0
ST_DELIB 151 16 1 1 6 10 1 0 0
ST_DELIB 151 22 1 1 6 10 1 0 0
ST_DELIB 152 2 1 1 6 10 1 0 0
ST_DELIB 152 5 1 1 6 10 1 0 0
ST_DELIB 152 8 1 1 6 10 1 0 0
ST_DELIB 152 23 1 1 6 10 1 0 0
ST_DELIB 152 26 1 1 6 10 1 0 0
ST_DELIB 152 13 1 1 6 10 1 0 0
ST_DELIB 152 16 1 1 6 10 1 0 0
ST_DELIB 152 22 1 1 6 10 1 0 0
ST_DELIB 153 2 1 1 6 10 1 0 0
ST_DELIB 153 5 1 1 6 10 1 0 0
ST_DELIB 153 8 1 1 6 10 1 0 0
ST_DELIB 153 23 1 1 6 10 1 0 0
ST_DELIB 153 26 1 1 6 10 1 0 0
ST_DELIB 153 13 1 1 6 10 1 0 0
ST_DELIB 153 16 1 1 6 10 1 0 0
ST_DELIB 153 22 1 1 6 10 1 0 0
ST_DELIB 154 2 1 1 6 10 1 0 0
ST_DELIB 154 5 1 1 6 10 1 0 0
ST_DELIB 154 8 1 1 6 10 1 0 0
ST_DELIB 154 23 1 1 6 10 1 0 0
ST_DELIB 154 26 1 1 6 10 1 0 0
ST_DELIB 154 13 1 1 6 10 1 0 0
ST_DELIB 154 16 1 1 6 10 1 0 0
ST_DELIB 154 22 1 1 6 10 1 0 0
ST_DELIB 155 2 1 1 6 10 1 0 0
ST_DELIB 155 5 1 1 6 10 1 0 0
ST_DELIB 155 8 1 1 6 10 1 0 0
ST_DELIB 155 23 1 1 6 10 1 0 0
ST_DELIB 155 26 1 1 6 10 1 0 0
ST_DELIB 155 13 1 1 6 10 1 0 0
ST_DELIB 155 16 1 1 6 10 1 0 0
ST_DELIB 155 22 1 1 6 10 1 0 0
ST_DELIB 156 2 1 1 6 10 1 0 0
ST_DELIB 156 5 1 1 6 10 1 0 0
ST_DELIB 156 8 1 1 6 10 1 0 0
ST_DELIB 156 23 1 1 6 10 1 0 0
ST_DELIB 156 26 1 1 6 10 1 0 0
ST_DELIB 156 13 1 1 6 10 1 0 0
ST_DELIB 156 16 1 1 6 10 1 0 0
ST_DELIB 156 22 1 1 6 10 1 0 0
ST_DELIB 157 9 3 1 1 80 4 2 1
ST_DELIB 157 2 1 1 6 10 1 0 0
ST_DELIB 157 5 1 1 6 10 1 0 0
ST_DELIB 157 8 1 1 6 10 1 0 0
ST_DELIB 157 23 1 1 6 10 1 0 0
ST_DELIB 157 26 1 1 6 10 1 0 0
ST_DELIB 157 13 1 1 6 10 1 0 0
ST_DELIB 157 16 1 1 6 10 1 0 0
ST_DELIB 157 22 1 1 6 10 1 0 0
ST_DELIB 158 10 3 1 1 80 4 2 1
ST_DELIB 158 2 1 1 6 10 1 0 0
ST_DELIB 158 5 1 1 6 10 1 0 0
ST_DELIB 158 8 1 1 6 10 1 0 0
ST_DELIB 158 23 1 1 6 10 1 0 0
ST_DELIB 158 26 1 1 6 10 1 0 0
ST_DELIB 158 13 1 1 6 10 1 0 0
ST_DELIB 158 16 1 1 6 10 1 0 0
ST_DELIB 158 22 1 1 6 10 1 0 0
ST_DELIB 159 11 3 1 1 80 4 2 1
ST_DELIB 159 2 1 1 6 10 1 0 0
ST_DELIB 159 5 1 1 6 10 1 0 0
ST_DELIB 159 8 1 1 6 10 1 0 0
ST_DELIB 159 23 1 1 6 10 1 0 0
ST_DELIB 159 26 1 1 6 10 1 0 0
ST_DELIB 159 13 1 1 6 10 1 0 0
ST_DELIB 159 16 1 1 6 10 1 0 0
ST_DELIB 159 22 1 1 6 10 1 0 0
ST_DELIB 160 2 1 1 6 10 1 0 0
ST_DELIB 160 5 1 1 6 10 1 0 0
ST_DELIB 160 8 1 1 6 10 1 0 0
ST_DELIB 160 23 1 1 6 10 1 0 0
ST_DELIB 160 26 1 1 6 10 1 0 0
ST_DELIB 160 13 1 1 6 10 1 0 0
ST_DELIB 160 16 1 1 6 10 1 0 0
ST_DELIB 160 22 1 1 6 10 1 0 0
ST_DELIB 161 2 1 1 6 10 1 0 0
ST_DELIB 161 5 1 1 6 10 1 0 0
ST_DELIB 161 8 1 1 6 10 1 0 0
ST_DELIB 161 23 1 1 6 10 1 0 0
ST_DELIB 161 26 1 1 6 10 1 0 0
ST_DELIB 161 13 1 1 6 10 1 0 0
ST_DELIB 161 16 1 1 6 10 1 0 0
ST_DELIB 161 22 1 1 6 10 1 0 0
ST_DELIB 162 2 1 1 6 10 1 0 0
ST_DELIB 162 5 1 1 6 10 1 0 0
ST_DELIB 162 8 1 1 6 10 1 0 0
ST_DELIB 162 23 1 1 6 10 1 0 0
ST_DELIB 162 26 1 1 6 10 1 0 0
ST_DELIB 162 13 1 1 6 10 1 0 0
ST_DELIB 162 16 1 1 6 10 1 0 0
ST_DELIB 162 22 1 1 6 10 1 0 0
ST_DELIB 163 2 1 1 6 10 1 0 0
ST_DELIB 163 5 1 1 6 10 1 0 0
ST_DELIB 163 8 1 1 6 10 1 0 0
ST_DELIB 163 23 1 1 6 10 1 0 0
ST_DELIB 163 26 1 1 6 10 1 0 0
ST_DELIB 163 13 1 1 6 10 1 0 0
ST_DELIB 163 16 1 1 6 10 1 0 0
ST_DELIB 163 22 1 1 6 10 1 0 0
ST_DELIB 164 2 1 1 6 10 1 0 0
ST_DELIB 164 5 1 1 6 10 1 0 0
ST_DELIB 164 8 1 1 6 10 1 0 0
ST_DELIB 164 23 1 1 6 10 1 0 0
ST_DELIB 164 26 1 1 6 10 1 0 0
ST_DELIB 164 13 1 1 6 10 1 0 0
ST_DELIB 164 16 1 1 6 10 1 0 0
ST_DELIB 164 22 1 1 6 10 1 0 0
ST_DELIB 165 2 1 1 6 10 1 0 0
ST_DELIB 165 5 1 1 6 10 1 0 0
ST_DELIB 165 8 1 1 6 10 1 0 0
ST_DELIB 165 23 1 1 6 10 1 0 0
ST_DELIB 165 26 1 1 6 10 1 0 0
ST_DELIB 165 13 1 1 6 10 1 0 0
ST_DELIB 165 16 1 1 6 10 1 0 0
ST_DELIB 165 22 1 1 6 10 1 0 0
ST_DELIB 166 2 1 1 6 10 1 0 0
ST_DELIB 166 5 1 1 6 10 1 0 0
ST_DELIB 166 8 1 1 6 10 1 0 0
ST_DELIB 166 23 1 1 6 10 1 0 0
ST_DELIB 166 26 1 1 6 10 1 0 0
ST_DELIB 166 13 1 1 6 10 1 0 0
ST_DELIB 166 16 1 1 6 10 1 0 0
ST_DELIB 166 22 1 1 6 10 1 0 0
ST_DELIB 167 19 3 1 1 80 4 2 1
ST_DELIB 167 2 1 1 6 10 1 0 0
ST_DELIB 167 5 1 1 6 10 1 0 0
ST_DELIB 167 8 1 1 6 10 1 0 0
ST_DELIB 167 23 1 1 6 10 1 0 0
ST_DELIB 167 26 1 1 6 10 1 0 0
ST_DELIB 167 13 1 1 6 10 1 0 0
ST_DELIB 167 16 1 1 6 10 1 0 0
ST_DELIB 167 22 1 1 6 10 1 0 0
ST_DELIB 168 20 3 1 1 80 4 2 1
ST_DELIB 168 2 1 1 6 10 1 0 0
ST_DELIB 168 5 1 1 6 10 1 0 0
ST_DELIB 168 8 1 1 6 10 1 0 0
ST_DELIB 168 23 1 1 6 10 1 0 0
ST_DELIB 168 26 1 1 6 10 1 0 0
ST_DELIB 168 13 1 1 6 10 1 0 0
ST_DELIB 168 16 1 1 6 10 1 0 0
ST_DELIB 168 22 1 1 6 10 1 0 0
ST_DELIB 169 21 3 1 1 80 4 2 1
ST_DELIB 169 2 1 1 6 10 1 0 0
ST_DELIB 169 5 1 1 6 10 1 0 0
ST_DELIB 169 8 1 1 6 10 1 0 0
ST_DELIB 169 23 1 1 6 10 1 0 0
ST_DELIB 169 26 1 1 6 10 1 0 0
ST_DELIB 169 13 1 1 6 10 1 0 0
ST_DELIB 169 16 1 1 6 10 1 0 0
ST_DELIB 169 22 1 1 6 10 1 0 0
ST_DELIB 170 2 1 1 6 10 1 0 0
ST_DELIB 170 5 1 1 6 10 1 0 0
ST_DELIB 170 8 1 1 6 10 1 0 0
ST_DELIB 170 23 1 1 6 10 1 0 0
ST_DELIB 170 26 1 1 6 10 1 0 0
ST_DELIB 170 13 1 1 6 10 1 0 0
ST_DELIB 170 16 1 1 6 10 1 0 0
ST_DELIB 170 22 1 1 6 10 1 0 0
ST_DELIB 171 2 1 1 6 10 1 0 0
ST_DELIB 171 5 1 1 6 10 1 0 0
ST_DELIB 171 8 1 1 6 10 1 0 0
ST_DELIB 171 23 1 1 6 10 1 0 0
ST_DELIB 171 26 1 1 6 10 1 0 0
ST_DELIB 171 13 1 1 6 10 1 0 0
ST_DELIB 171 16 1 1 6 10 1 0 0
ST_DELIB 171 22 1 1 6 10 1 0 0
ST_DELIB 172 2 1 1 6 10 1 0 0
ST_DELIB 172 5 1 1 6 10 1 0 0
ST_DELIB 172 8 1 1 6 10 1 0 0
ST_DELIB 172 23 1 1 6 10 1 0 0
ST_DELIB 172 26 1 1 6 10 1 0 0
ST_DELIB 172 13 1 1 6 10 1 0 0
ST_DELIB 172 16 1 1 6 10 1 0 0
ST_DELIB 172 22 1 1 6 10 1 0 0
ST_DELIB 173 2 1 1 6 10 1 0 0
ST_DELIB 173 5 1 1 6 10 1 0 0
ST_DELIB 173 8 1 1 6 10 1 0 0
ST_DELIB 173 23 1 1 6 10 1 0 0
ST_DELIB 173 26 1 1 6 10 1 0 0
ST_DELIB 173 13 1 1 6 10 1 0 0
ST_DELIB 173 16 1 1 6 10 1 0 0
ST_DELIB 173 22 1 1 6 10 1 0 0
ST_DELIB 174 2 1 1 6 10 1 0 0
ST_DELIB 174 5 1 1 6 10 1 0 0
ST_DELIB 174 8 1 1 6 10 1 0 0
ST_DELIB 174 23 1 1 6 10 1 0 0
ST_DELIB 174 26 1 1 6 10 1 0 0
ST_DELIB 174 13 1 1 6 10 1 0 0
ST_DELIB 174 16 1 1 6 10 1 0 0
ST_DELIB 174 22 1 1 6 10 1 0 0
ST_TS 175 32 1235 36 0 9 0 0 15 52 0 136 1088 51 9 450 9
ST_DELIB 175 2 1 1 6 10 1 0 0
ST_DELIB 175 5 1 1 6 10 1 0 0
ST_DELIB 175 8 1 1 6 10 1 0 0
ST_DELIB 175 23 1 1 6 10 1 0 0
ST_DELIB 175 26 1 1 6 10 1 0 0
ST_DELIB 175 13 1 1 6 10 1 0 0
ST_DELIB 175 16 1 1 6 10 1 0 0
ST_DELIB 175 22 1 1 6 10 1 0 0
ST_DELIB 176 2 1 1 6 10 1 0 0
ST_DELIB 176 5 1 1 6 10 1 0 0
ST_DELIB 176 8 1 1 6 10 1 0 0
ST_DELIB 176 23 1 1 6 10 1 0 0
ST_DELIB 176 26 1 1 6 10 1 0 0
ST_DELIB 176 13 1 1 6 10 1 0 0
ST_DELIB 176 16 1 1 6 10 1 0 0
ST_DELIB 176 22 1 1 6 10 1 0 0
ST_DELIB 177 29 3 1 1 80 4 2 1
ST_DELIB 177 2 1 1 6 10 1 0 0
ST_DELIB 177 5 1 1 6 10 1 0 0
ST_DELIB 177 8 1 1 6 10 1 0 0
ST_DELIB 177 23 1 1 6 10 1 0 0
ST_DELIB 177 26 1 1 6 10 1 0 0
ST_DELIB 177 13 1 1 6 10 1 0 0
ST_DELIB 177 16 1 1 6 10 1 0 0
ST_DELIB 177 22 1 1 6 10 1 0 0
ST_DELIB 178 30 3 1 1 80 4 2 1
ST_DELIB 178 2 1 1 6 10 1 0 0
ST_DELIB 178 5 1 1 6 10 1 0 0
ST_DELIB 178 8 1 1 6 10 1 0 0
ST_DELIB 178 23 1 1 6 10 1 0 0
ST_DELIB 178 26 1 1 6 10 1 0 0
ST_DELIB 178 13 1 1 6 10 1 0 0
ST_DELIB 178 16 1 1 6 10 1 0 0
ST_DELIB 178 22 1 1 6 10 1 0 0
ST_DELIB 179 31 3 1 1 80 4 2 1
ST_DELIB 179 2 1 1 6 10 1 0 0
ST_DELIB 179 5 1 1 6 10 1 0 0
ST_DELIB 179 8 1 1 6 10 1 0 0
ST_DELIB 179 23 1 1 6 10 1 0 0
ST_DELIB 179 26 1 1 6 10 1 0 0
ST_DELIB 179 13 1 1 6 10 1 0 0
ST_DELIB 179 16 1 1 6 10 1 0 0
ST_DELIB 179 22 1 1 6 10 1 0 0
ST_DELIB 180 2 1 1 6 10 1 0 0
ST_DELIB 180 5 1 1 6 10 1 0 0
ST_DELIB 180 8 1 1 6 10 1 0 0
ST_DELIB 180 23 1 1 6 10 1 0 0
ST_DELIB 180 26 1 1 6 10 1 0 0
ST_DELIB 180 13 1 1 6 10 1 0 0
ST_DELIB 180 16 1 1 6 10 1 0 0
ST_DELIB 180 22 1 1 6 10 1 0 0
ST_DELIB 181 2 1 1 6 10 1 0 0
ST_DELIB 181 5 1 1 6 10 1 0 0
ST_DELIB 181 8 1 1 6 10 1 0 0
ST_DELIB 181 23 1 1 6 10 1 0 0
ST_DELIB 181 26 1 1 6 10 1 0 0
ST_DELIB 181 13 1 1 6 10 1 0 0
ST_DELIB 181 16 1 1 6 10 1 0 0
ST_DELIB 181 22 1 1 6 10 1 0 0
ST_DELIB 182 9 3 1 1 80 4 3 1
ST_DELIB 182 2 1 1 6 10 1 0 0
ST_DELIB 182 5 1 1 6 10 1 0 0
ST_DELIB 182 8 1 1 6 10 1 0 0
ST_DELIB 182 23 1 1 6 10 1 0 0
ST_DELIB 182 26 1 1 6 10 1 0 0
ST_DELIB 182 13 1 1 6 10 1 0 0
ST_DELIB 182 16 1 1 6 10 1 0 0
ST_DELIB 182 22 1 1 6 10 1 0 0
ST_DELIB 183 10 3 1 1 80 4 3 1
ST_DELIB 183 2 1 1 6 10 1 0 0
ST_DELIB 183 5 1 1 6 10 1 0 0
ST_DELIB 183 8 1 1 6 10 1 0 0
ST_DELIB 183 23 1 1 6 10 1 0 0
ST_DELIB 183 26 1 1 6 10 1 0 0
ST_DELIB 183 13 1 1 6 10 1 0 0
ST_DELIB 183 16 1 1 6 10 1 0 0
ST_DELIB 183 22 1 1 6 10 1 0 0
ST_DELIB 184 11 3 1 1 80 4 3 1
ST_DELIB 184 2 1 1 6 10 1 0 0
ST_DELIB 184 5 1 1 6 10 1 0 0
ST_DELIB 184 8 1 1 6 10 1 0 0
ST_DELIB 184 23 1 1 6 10 1 0 0
ST_DELIB 184 26 1 1 6 10 1 0 0
ST_DELIB 184 13 1 1 6 10 1 0 0
ST_DELIB 184 16 1 1 6 10 1 0 0
ST_DELIB 184 22 1 1 6 10 1 0 0
ST_DELIB 185 2 1 1 6 10 1 0 0
ST_DELIB 185 5 1 1 6 10 1 0 0
ST_DELIB 185 8 1 1 6 10 1 0 0
ST_DELIB 185 23 1 1 6 10 1 0 0
ST_DELIB 185 26 1 1 6 10 1 0 0
ST_DELIB 185 13 1 1 6 10 1 0 0
ST_DELIB 185 16 1 1 6 10 1 0 0
ST_DELIB 185 22 1 1 6 10 1 0 0
ST_DELIB 186 2 1 1 6 10 1 0 0
ST_DELIB 186 5 1 1 6 10 1 0 0
ST_DELIB 186 8 1 1 6 10 1 0 0
ST_DELIB 186 23 1 1 6 10 1 0 0
ST_DELIB 186 26 1 1 6 10 1 0 0
ST_DELIB 186 13 1 1 6 10 1 0 0
ST_DELIB 186 16 1 1 6 10 1 0 0
ST_DELIB 186 22 1 1 6 10 1 0 0
ST_DELIB 187 2 1 1 6 10 1 0 0
ST_DELIB 187 5 1 1 6 10 1 0 0
ST_DELIB 187 8 1 1 6 10 1 0 0
ST_DELIB 187 23 1 1 6 10 1 0 0
ST_DELIB 187 26 1 1 6 10 1 0 0
ST_DELIB 187 13 1 1 6 10 1 0 0
ST_DELIB 187 16 1 1 6 10 1 0 0
ST_DELIB 187 22 1 1 6 10 1 0 0
ST_DELIB 188 2 1 1 6 10 1 0 0
ST_DELIB 188 5 1 1 6 10 1 0 0
ST_DELIB 188 8 1 1 6 10 1 0 0
ST_DELIB 188 23 1 1 6 10 1 0 0
ST_DELIB 188 26 1 1 6 10 1 0 0
ST_DELIB 188 13 1 1 6 10 1 0 0
ST_DELIB 188 16 1 1 6 10 1 0 0
ST_DELIB 188 22 1 1 6 10 1 0 0
ST_DELIB 189 2 1 1 6 10 1 0 0
ST_DELIB 189 5 1 1 6 10 1 0 0
ST_DELIB 189 8 1 1 6 10 1 0 0
ST_DELIB 189 23 1 1 6 10 1 0 0
ST_DELIB 189 26 1 1 6 10 1 0 0
ST_DELIB 189 13 1 1 6 10 1 0 0
ST_DELIB 189 16 1 1 6 10 1 0 0
ST_DELIB 189 22 1 1 6 10 1 0 0
ST_DELIB 190 2 1 1 6 10 1 0 0
ST_DELIB 190 5 1 1 6 10 1 0 0
ST_DELIB 190 8 1 1 6 10 1 0 0
ST_DELIB 190 23 1 1 6 10 1 0 0
ST_DELIB 190 26 1 1 6 10 1 0 0
ST_DELIB 190 13 1 1 6 10 1 0 0
ST_DELIB 190 16 1 1 6 10 1 0 0
ST_DELIB 190 22 1 1 6 10 1 0 0
ST_DELIB 191 2 1 1 6 10 1 0 0
ST_DELIB 191 5 1 1 6 10 1 0 0
ST_DELIB 191 8 1 1 6 10 1 0 0
ST_DELIB 191 23 1 1 6 10 1 0 0
ST_DELIB 191 26 1 1 6 10 1 0 0
ST_DELIB 191 13 1 1 6 10 1 0 0
ST_DELIB 191 16 1 1 6 10 1 0 0
ST_DELIB 191 22 1 1 6 10 1 0 0
ST_DELIB 192 19 3 1 1 80 4 3 1
ST_DELIB 192 2 1 1 6 10 1 0 0
ST_DELIB 192 5 1 1 6 10 1 0 0
ST_DELIB 192 8 1 1 6 10 1 0 0
ST_DELIB 192 23 1 1 6 10 1 0 0
ST_DELIB 192 26 1 1 6 10 1 0 0
ST_DELIB 192 13 1 1 6 10 1 0 0
ST_DELIB 192 16 1 1 6 10 1 0 0
ST_DELIB 192 22 1 1 6 10 1 0 0
ST_DELIB 193 20 3 1 1 80 4 3 1
ST_DELIB 193 2 1 1 6 10 1 0 0
ST_DELIB 193 5 1 1 6 10 1 0 0
ST_DELIB 193 8 1 1 6 10 1 0 0
ST_DELIB 193 23 1 1 6 10 1 0 0
ST_DELIB 193 26 1 1 6 10 1 0 0
ST_DELIB 193 13 1 1 6 10 1 0 0
ST_DELIB 193 16 1 1 6 10 1 0 0
ST_DELIB 193 22 1 1 6 10 1 0 0
ST_DELIB 194 21 3 1 1 80 4 3 1
ST_DELIB 194 2 1 1 6 10 1 0 0
ST_DELIB 194 5 1 1 6 10 1 0 0
ST_DELIB 194 8 1 1 6 10 1 0 0
ST_DELIB 194 23 1 1 6 10 1 0 0
ST_DELIB 194 26 1 1 6 10 1 0 0
ST_DELIB 194 13 1 1 6 10 1 0 0
ST_DELIB 194 16 1 1 6 10 1 0 0
ST_DELIB 194 22 1 1 6 10 1 0 0
ST_DELIB 195 2 1 1 6 10 1 0 0
ST_DELIB 195 5 1 1 6 10 1 0 0
ST_DELIB 195 8 1 1 6 10 1 0 0
ST_DELIB 195 23 1 1 6 10 1 0 0
ST_DELIB 195 26 1 1 6 10 1 0 0
ST_DELIB 195 13 1 1 6 10 1 0 0
ST_DELIB 195 16 1 1 6 10 1 0 0
ST_DELIB 195 22 1 1 6 10 1 0 0
ST_DELIB 196 2 1 1 6 10 1 0 0
ST_DELIB 196 5 1 1 6 10 1 0 0
ST_DELIB 196 8 1 1 6 10 1 0 0
ST_DELIB 196 23 1 1 6 10 1 0 0
ST_DELIB 196 26 1 1 6 10 1 0 0
ST_DELIB 196 13 1 1 6 10 1 0 0
ST_DELIB 196 16 1 1 6 10 1 0 0
ST_DELIB 196 22 1 1 6 10 1 0 0
ST_DELIB 197 2 1 1 6 10 1 0 0
ST_DELIB 197 5 1 1 6 10 1 0 0
ST_DELIB 197 8 1 1 6 10 1 0 0
ST_DELIB 197 23 1 1 6 10 1 0 0
ST_DELIB 197 26 1 1 6 10 1 0 0
ST_DELIB 197 13 1 1 6 10 1 0 0
ST_DELIB 197 16 1 1 6 10 1 0 0
ST_DELIB 197 22 1 1 6 10 1 0 0
ST_DELIB 198 2 1 1 6 10 1 0 0
ST_DELIB 198 5 1 1 6 10 1 0 0
ST_DELIB 198 8 1 1 6 10 1 0 0
ST_DELIB 198 23 1 1 6 10 1 0 0
ST_DELIB 198 26 1 1 6 10 1 0 0
ST_DELIB 198 13 1 1 6 10 1 0 0
ST_DELIB 198 16 1 1 6 10 1 0 0
ST_DELIB 198 22 1 1 6 10 1 0 0
ST_DELIB 199 2 1 1 6 10 1 0 0
ST_DELIB 199 5 1 1 6 10 1 0 0
ST_DELIB 199 8 1 1 6 10 1 0 0
ST_DELIB 199 23 1 1 6 10 1 0 0
ST_DELIB 199 26 1 1 6 10 1 0 0
ST_DELIB 199 13 1 1 6 10 1 0 0
ST_DELIB 199 16 1 1 6 10 1 0 0
ST_DELIB 199 22 1 1 6 10 1 0 0
ST_TS 200 32 1444 36 0 9 0 0 15 60 0 161 1288 60 9 450 9
ST_DELIB 200 2 1 1 6 10 1 0 0
ST_DELIB 200 5 1 1 6 10 1 0 0
ST_DELIB 200 8 1 1 6 10 1 0 0
ST_DELIB 200 23 1 1 6 10 1 0 0
ST_DELIB 200 26 1 1 6 10 1 0 0
ST_DELIB 200 13 1 1 6 10 1 0 0
ST_DELIB 200 16 1 1 6 10 1 0 0
ST_DELIB 200 22 1 1 6 10 1 0 0
ST_DELIB 201 2 1 1 6 10 1 0 0
ST_DELIB 201 5 1 1 6 10 1 0 0
ST_DELIB 201 8 1 1 6 10 1 0 0
ST_DELIB 201 23 1 1 6 10 1 0 0
ST_DELIB 201 26 1 1 6 10 1 0 0
ST_DELIB 201 13 1 1 6 10 1 0 0
ST_DELIB 201 16 1 1 6 10 1 0 0
ST_DELIB 201 22 1 1 6 10 1 0 0
ST_DELIB 202 29 3 1 1 80 4 3 1
ST_DELIB 202 2 1 1 6 10 1 0 0
ST_DELIB 202 5 1 1 6 10 1 0 0
ST_DELIB 202 8 1 1 6 10 1 0 0
ST_DELIB 202 23 1 1 6 10 1 0 0
ST_DELIB 202 26 1 1 6 10 1 0 0
ST_DELIB 202 13 1 1 6 10 1 0 0
ST_DELIB 202 16 1 1 6 10 1 0 0
ST_DELIB 202 22 1 1 6 10 1 0 0
ST_DELIB 203 30 3 1 1 80 4 3 1
ST_DELIB 203 2 1 1 6 10 1 0 0
ST_DELIB 203 5 1 1 6 10 1 0 0
ST_DELIB 203 8 1 1 6 10 1 0 0
ST_DELIB 203 23 1 1 6 10 1 0 0
ST_DELIB 203 26 1 1 6 10 1 0 0
ST_DELIB 203 13 1 1 6 10 1 0 0
ST_DELIB 203 16 1 1 6 10 1 0 0
ST_DELIB 203 22 1 1 6 10 1 0 0
ST_DELIB 204 31 3 1 1 80 4 3 1
ST_DELIB 204 2 1 1 6 10 1 0 0
ST_DELIB 204 5 1 1 6 10 1 0 0
ST_DELIB 204 8 1 1 6 10 1 0 0
ST_DELIB 204 23 1 1 6 10 1 0 0
ST_DELIB 204 26 1 1 6 10 1 0 0
ST_DELIB 204 13 1 1 6 10 1 0 0
ST_DELIB 204 16 1 1 6 10 1 0 0
ST_DELIB 204 22 1 1 6 10 1 0 0
ST_DELIB 205 2 1 1 6 10 1 0 0
ST_DELIB 205 5 1 1 6 10 1 0 0
ST_DELIB 205 8 1 1 6 10 1 0 0
ST_DELIB 205 23 1 1 6 10 1 0 0
ST_DELIB 205 26 1 1 6 10 1 0 0
ST_DELIB 205 13 1 1 6 10 1 0 0
ST_DELIB 205 16 1 1 6 10 1 0 0
ST_DELIB 205 22 1 1 6 10 1 0 0
ST_DELIB 206 2 1 1 6 10 1 0 0
ST_DELIB 206 5 1 1 6 10 1 0 0
ST_DELIB 206 8 1 1 6 10 1 0 0
ST_DELIB 206 23 1 1 6 10 1 0 0
ST_DELIB 206 26 1 1 6 10 1 0 0
ST_DELIB 206 13 1 1 6 10 1 0 0
ST_DELIB 206 16 1 1 6 10 1 0 0
ST_DELIB 206 22 1 1 6 10 1 0 0
ST_DELIB 207 9 3 1 1 80 4 4 1
ST_DELIB 208 10 3 1 1 80 4 4 1
ST_DELIB 209 11 3 1 1 80 4 4 1
ST_DELIB 210 2 1 1 6 10 1 0 0
ST_DELIB 210 5 1 1 6 10 1 0 0
ST_DELIB 210 8 1 1 6 10 1 0 0
ST_DELIB 210 23 1 1 6 10 1 0 0
ST_DELIB 210 26 1 1 6 10 1 0 0
ST_DELIB 210 13 1 1 6 10 1 0 0
ST_DELIB 210 16 1 1 6 10 1 0 0
ST_DELIB 210 22 1 1 6 10 1 0 0
ST_DELIB 211 2 1 1 6 10 1 0 0
ST_DELIB 211 5 1 1 6 10 1 0 0
ST_DELIB 211 8 1 1 6 10 1 0 0
ST_DELIB 211 23 1 1 6 10 1 0 0
ST_DELIB 211 26 1 1 6 10 1 0 0
ST_DELIB 211 13 1 1 6 10 1 0 0
ST_DELIB 211 16 1 1 6 10 1 0 0
ST_DELIB 211 22 1 1 6 10 1 0 0
ST_DELIB 212 2 1 1 6 10 1 0 0
ST_DELIB 212 5 1 1 6 10 1 0 0
ST_DELIB 212 8 1 1 6 10 1 0 0
ST_DELIB 212 23 1 1 6 10 1 0 0
ST_DELIB 212 26 1 1 6 10 1 0 0
ST_DELIB 212 13 1 1 6 10 1 0 0
ST_DELIB 212 16 1 1 6 10 1 0 0
ST_DELIB 212 22 1 1 6 10 1 0 0
ST_DELIB 213 2 1 1 6 10 1 0 0
ST_DELIB 213 5 1 1 6 10 1 0 0
ST_DELIB 213 8 1 1 6 10 1 0 0
ST_DELIB 213 23 1 1 6 10 1 0 0
ST_DELIB 213 26 1 1 6 10 1 0 0
ST_DELIB 213 13 1 1 6 10 1 0 0
ST_DELIB 213 16 1 1 6 10 1 0 0
ST_DELIB 213 22 1 1 6 10 1 0 0
ST_DELIB 214 2 1 1 6 10 1 0 0
ST_DELIB 214 5 1 1 6 10 1 0 0
ST_DELIB 214 8 1 1 6 10 1 0 0
ST_DELIB 214 23 1 1 6 10 1 0 0
ST_DELIB 214 26 1 1 6 10 1 0 0
ST_DELIB 214 13 1 1 6 10 1 0 0
ST_DELIB 214 16 1 1 6 10 1 0 0
ST_DELIB 214 22 1 1 6 10 1 0 0
ST_DELIB 215 2 1 1 6 10 1 0 0
ST_DELIB 215 5 1 1 6 10 1 0 0
ST_DELIB 215 8 1 1 6 10 1 0 0
ST_DELIB 215 23 1 1 6 10 1 0 0
ST_DELIB 215 26 1 1 6 10 1 0 0
ST_DELIB 215 13 1 1 6 10 1 0 0
ST_DELIB 215 16 1 1 6 10 1 0 0
ST_DELIB 215 22 1 1 6 10 1 0 0
ST_DELIB 216 2 1 1 6 10 1 0 0
ST_DELIB 216 5 1 1 6 10 1 0 0
ST_DELIB 216 8 1 1 6 10 1 0 0
ST_DELIB 216 23 1 1 6 10 1 0 0
ST_DELIB 216 26 1 1 6 10 1 0 0
ST_DELIB 216 13 1 1 6 10 1 0 0
ST_DELIB 216 16 1 1 6 10 1 0 0
ST_DELIB 216 22 1 1 6 10 1 0 0
ST_DELIB 217 19 3 1 1 80 4 4 1
ST_DELIB 218 20 3 1 1 80 4 4 1
ST_DELIB 219 21 3 1 1 80 4 4 1
ST_DELIB 220 2 1 1 6 10 1 0 0
ST_DELIB 220 5 1 1 6 10 1 0 0
ST_DELIB 220 8 1 1 6 10 1 0 0
ST_DELIB 220 23 1 1 6 10 1 0 0
ST_DELIB 220 26 1 1 6 10 1 0 0
ST_DELIB 220 13 1 1 6 10 1 0 0
ST_DELIB 220 16 1 1 6 10 1 0 0
ST_DELIB 220 22 1 1 6 10 1 0 0
ST_DELIB 221 2 1 1 6 10 1 0 0
ST_DELIB 221 5 1 1 6 10 1 0 0
ST_DELIB 221 8 1 1 6 10 1 0 0
ST_DELIB 221 23 1 1 6 10 1 0 0
ST_DELIB 221 26 1 1 6 10 1 0 0
ST_DELIB 221 13 1 1 6 10 1 0 0
ST_DELIB 221 16 1 1 6 10 1 0 0
ST_DELIB 221 22 1 1 6 10 1 0 0
ST_DELIB 222 2 1 1 6 10 1 0 0
ST_DELIB 222 5 1 1 6 10 1 0 0
ST_DELIB 222 8 1 1 6 10 1 0 0
ST_DELIB 222 23 1 1 6 10 1 0 0
ST_DELIB 222 26 1 1 6 10 1 0 0
ST_DELIB 222 13 1 1 6 10 1 0 0
ST_DELIB 222 16 1 1 6 10 1 0 0
ST_DELIB 222 22 1 1 6 10 1 0 0
ST_DELIB 223 2 1 1 6 10 1 0 0
ST_DELIB 223 5 1 1 6 10 1 0 0
ST_DELIB 223 8 1 1 6 10 1 0 0
ST_DELIB 223 23 1 1 6 10 1 0 0
ST_DELIB 223 26 1 1 6 10 1 0 0
ST_DELIB 223 13 1 1 6 10 1 0 0
ST_DELIB 223 16 1 1 6 10 1 0 0
ST_DELIB 223 22 1 1 6 10 1 0 0
ST_DELIB 224 2 1 1 6 10 1 0 0
ST_DELIB 224 5 1 1 6 10 1 0 0
ST_DELIB 224 8 1 1 6 10 1 0 0
ST_DELIB 224 23 1 1 6 10 1 0 0
ST_DELIB 224 26 1 1 6 10 1 0 0
ST_DELIB 224 13 1 1 6 10 1 0 0
ST_DELIB 224 16 1 1 6 10 1 0 0
ST_DELIB 224 22 1 1 6 10 1 0 0
ST_TS 225 32 1626 60 0 15 0 0 9 67 0 180 1440 66 15 750 15
ST_DELIB 225 2 1 1 6 10 1 0 0
ST_DELIB 225 5 1 1 6 10 1 0 0
ST_DELIB 225 8 1 1 6 10 1 0 0
ST_DELIB 225 23 1 1 6 10 1 0 0
ST_DELIB 225 26 1 1 6 10 1 0 0
ST_DELIB 225 13 1 1 6 10 1 0 0
ST_DELIB 225 16 1 1 6 10 1 0 0
ST_DELIB 225 22 1 1 6 10 1 0 0
ST_DELIB 226 2 1 1 6 10 1 0 0
ST_DELIB 226 5 1 1 6 10 1 0 0
ST_DELIB 226 8 1 1 6 10 1 0 0
ST_DELIB 226 23 1 1 6 10 1 0 0
ST_DELIB 226 26 1 1 6 10 1 0 0
ST_DELIB 226 13 1 1 6 10 1 0 0
ST_DELIB 226 16 1 1 6 10 1 0 0
ST_DELIB 226 22 1 1 6 10 1 0 0
ST_DELIB 227 29 3 1 1 80 4 4 1
ST_DELIB 228 30 3 1 1 80 4 4 1
ST_DELIB 229 31 3 1 1 80 4 4 1
ST_DELIB 230 2 1 1 6 10 1 0 0
ST_DELIB 230 5 1 1 6 10 1 0 0
ST_DELIB 230 8 1 1 6 10 1 0 0
ST_DELIB 230 23 1 1 6 10 1 0 0
ST_DELIB 230 26 1 1 6 10 1 0 0
ST_DELIB 230 13 1 1 6 10 1 0 0
ST_DELIB 230 16 1 1 6 10 1 0 0
ST_DELIB 230 22 1 1 6 10 1 0 0
ST_DELIB 231 2 1 1 6 10 1 0 0
ST_DELIB 231 5 1 1 6 10 1 0 0
ST_DELIB 231 8 1 1 6 10 1 0 0
ST_DELIB 231 23 1 1 6 10 1 0 0
ST_DELIB 231 26 1 1 6 10 1 0 0
ST_DELIB 231 13 1 1 6 10 1 0 0
ST_DELIB 231 16 1 1 6 10 1 0 0
ST_DELIB 231 22 1 1 6 10 1 0 0
ST_DELIB 232 2 1 1 6 10 1 0 0
ST_DELIB 232 5 1 1 6 10 1 0 0
ST_DELIB 232 8 1 1 6 10 1 0 0
ST_DELIB 232 23 1 1 6 10 1 0 0
ST_DELIB 232 26 1 1 6 10 1 0 0
ST_DELIB 232 13 1 1 6 10 1 0 0
ST_DELIB 232 16 1 1 6 10 1 0 0
ST_DELIB 232 22 1 1 6 10 1 0 0
ST_DELIB 233 2 1 1 6 10 1 0 0
ST_DELIB 233 5 1 1 6 10 1 0 0
ST_DELIB 233 8 1 1 6 10 1 0 0
ST_DELIB 233 23 1 1 6 10 1 0 0
ST_DELIB 233 26 1 1 6 10 1 0 0
ST_DELIB 233 13 1 1 6 10 1 0 0
ST_DELIB 233 16 1 1 6 10 1 0 0
ST_DELIB 233 22 1 1 6 10 1 0 0
ST_DELIB 234 2 1 1 6 10 1 0 0
ST_DELIB 234 5 1 1 6 10 1 0 0
ST_DELIB 234 8 1 1 6 10 1 0 0
ST_DELIB 234 23 1 1 6 10 1 0 0
ST_DELIB 234 26 1 1 6 10 1 0 0
ST_DELIB 234 13 1 1 6 10 1 0 0
ST_DELIB 234 16 1 1 6 10 1 0 0
ST_DELIB 234 22 1 1 6 10 1 0 0
ST_DELIB 235 2 1 1 6 10 1 0 0
ST_DELIB 235 5 1 1 6 10 1 0 0
ST_DELIB 235 8 1 1 6 10 1 0 0
ST_DELIB 235 23 1 1 6 10 1 0 0
ST_DELIB 235 26 1 1 6 10 1 0 0
ST_DELIB 235 13 1 1 6 10 1 0 0
ST_DELIB 235 16 1 1 6 10 1 0 0
ST_DELIB 235 22 1 1 6 10 1 0 0
ST_DELIB 236 2 1 1 6 10 1 0 0
ST_DELIB 236 5 1 1 6 10 1 0 0
ST_DELIB 236 8 1 1 6 10 1 0 0
ST_DELIB 236 23 1 1 6 10 1 0 0
ST_DELIB 236 26 1 1 6 10 1 0 0
ST_DELIB 236 13 1 1 6 10 1 0 0
ST_DELIB 236 16 1 1 6 10 1 0 0
ST_DELIB 236 22 1 1 6 10 1 0 0
ST_DELIB 237 2 1 1 6 10 1 0 0
ST_DELIB 237 5 1 1 6 10 1 0 0
ST_DELIB 237 8 1 1 6 10 1 0 0
ST_DELIB 237 23 1 1 6 10 1 0 0
ST_DELIB 237 26 1 1 6 10 1 0 0
ST_DELIB 237 13 1 1 6 10 1 0 0
ST_DELIB 237 16 1 1 6 10 1 0 0
ST_DELIB 237 22 1 1 6 10 1 0 0
ST_DELIB 238 2 1 1 6 10 1 0 0
ST_DELIB 238 5 1 1 6 10 1 0 0
ST_DELIB 238 8 1 1 6 10 1 0 0
ST_DELIB 238 23 1 1 6 10 1 0 0
ST_DELIB 238 26 1 1 6 10 1 0 0
ST_DELIB 238 13 1 1 6 10 1 0 0
ST_DELIB 238 16 1 1 6 10 1 0 0
ST_DELIB 238 22 1 1 6 10 1 0 0
ST_DELIB 239 2 1 1 6 10 1 0 0
ST_DELIB 239 5 1 1 6 10 1 0 0
ST_DELIB 239 8 1 1 6 10 1 0 0
ST_DELIB 239 23 1 1 6 10 1 0 0
ST_DELIB 239 26 1 1 6 10 1 0 0
ST_DELIB 239 13 1 1 6 10 1 0 0
ST_DELIB 239 16 1 1 6 10 1 0 0
ST_DELIB 239 22 1 1 6 10 1 0 0
ST_DELIB 240 2 1 1 6 10 1 0 0
ST_DELIB 240 5 1 1 6 10 1 0 0
ST_DELIB 240 8 1 1 6 10 1 0 0
ST_DELIB 240 23 1 1 6 10 1 0 0
ST_DELIB 240 26 1 1 6 10 1 0 0
ST_DELIB 240 13 1 1 6 10 1 0 0
ST_DELIB 240 16 1 1 6 10 1 0 0
ST_DELIB 240 22 1 1 6 10 1 0 0
ST_DELIB 241 2 1 1 6 10 1 0 0
ST_DELIB 241 5 1 1 6 10 1 0 0
ST_DELIB 241 8 1 1 6 10 1 0 0
ST_DELIB 241 23 1 1 6 10 1 0 0
ST_DELIB 241 26 1 1 6 10 1 0 0
ST_DELIB 241 13 1 1 6 10 1 0 0
ST_DELIB 241 16 1 1 6 10 1 0 0
ST_DELIB 241 22 1 1 6 10 1 0 0
ST_DELIB 242 2 1 1 6 10 1 0 0
ST_DELIB 242 5 1 1 6 10 1 0 0
ST_DELIB 242 8 1 1 6 10 1 0 0
ST_DELIB 242 23 1 1 6 10 1 0 0
ST_DELIB 242 26 1 1 6 10 1 0 0
ST_DELIB 242 13 1 1 6 10 1 0 0
ST_DELIB 242 16 1 1 6 10 1 0 0
ST_DELIB 242 22 1 1 6 10 1 0 0
ST_DELIB 243 2 1 1 6 10 1 0 0
ST_DELIB 243 5 1 1 6 10 1 0 0
ST_DELIB 243 8 1 1 6 10 1 0 0
ST_DELIB 243 23 1 1 6 10 1 0 0
ST_DELIB 243 26 1 1 6 10 1 0 0
ST_DELIB 243 13 1 1 6 10 1 0 0
ST_DELIB 243 16 1 1 6 10 1 0 0
ST_DELIB 243 22 1 1 6 10 1 0 0
ST_DELIB 244 2 1 1 6 10 1 0 0
ST_DELIB 244 5 1 1 6 10 1 0 0
ST_DELIB 244 8 1 1 6 10 1 0 0
ST_DELIB 244 23 1 1 6 10 1 0 0
ST_DELIB 244 26 1 1 6 10 1 0 0
ST_DELIB 244 13 1 1 6 10 1 0 0
ST_DELIB 244 16 1 1 6 10 1 0 0
ST_DELIB 244 22 1 1 6 10 1 0 0
ST_DELIB 245 2 1 1 6 10 1 0 0
ST_DELIB 245 5 1 1 6 10 1 0 0
ST_DELIB 245 8 1 1 6 10 1 0 0
ST_DELIB 245 23 1 1 6 10 1 0 0
ST_DELIB 245 26 1 1 6 10 1 0 0
ST_DELIB 245 13 1 1 6 10 1 0 0
ST_DELIB 245 16 1 1 6 10 1 0 0
ST_DELIB 245 22 1 1 6 10 1 0 0
ST_DELIB 246 2 1 1 6 10 1 0 0
ST_DELIB 246 5 1 1 6 10 1 0 0
ST_DELIB 246 8 1 1 6 10 1 0 0
ST_DELIB 246 23 1 1 6 10 1 0 0
ST_DELIB 246 26 1 1 6 10 1 0 0
ST_DELIB 246 13 1 1 6 10 1 0 0
ST_DELIB 246 16 1 1 6 10 1 0 0
ST_DELIB 246 22 1 1 6 10 1 0 0
ST_DELIB 247 2 1 1 6 10 1 0 0
ST_DELIB 247 5 1 1 6 10 1 0 0
ST_DELIB 247 8 1 1 6 10 1 0 0
ST_DELIB 247 23 1 1 6 10 1 0 0
ST_DELIB 247 26 1 1 6 10 1 0 0
ST_DELIB 247 13 1 1 6 10 1 0 0
ST_DELIB 247 16 1 1 6 10 1 0 0
ST_DELIB 247 22 1 1 6 10 1 0 0
ST_DELIB 248 2 1 1 6 10 1 0 0
ST_DELIB 248 5 1 1 6 10 1 0 0
ST_DELIB 248 8 1 1 6 10 1 0 0
ST_DELIB 248 23 1 1 6 10 1 0 0
ST_DELIB 248 26 1 1 6 10 1 0 0
ST_DELIB 248 13 1 1 6 10 1 0 0
ST_DELIB 248 16 1 1 6 10 1 0 0
ST_DELIB 248 22 1 1 6 10 1 0 0
ST_DELIB 249 2 1 1 6 10 1 0 0
ST_DELIB 249 5 1 1 6 10 1 0 0
ST_DELIB 249 8 1 1 6 10 1 0 0
ST_DELIB 249 23 1 1 6 10 1 0 0
ST_DELIB 249 26 1 1 6 10 1 0 0
ST_DELIB 249 13 1 1 6 10 1 0 0
ST_DELIB 249 16 1 1 6 10 1 0 0
ST_DELIB 249 22 1 1 6 10 1 0 0
ST_TS 250 32 1826 72 0 18 0 0 12 75 0 202 1616 75 18 900 18
ST_DELIB 250 2 1 1 6 10 1 0 0
ST_DELIB 250 5 1 1 6 10 1 0 0
ST_DELIB 250 8 1 1 6 10 1 0 0
ST_DELIB 250 23 1 1 6 10 1 0 0
ST_DELIB 250 26 1 1 6 10 1 0 0
ST_DELIB 250 13 1 1 6 10 1 0 0
ST_DELIB 250 16 1 1 6 10 1 0 0
ST_DELIB 250 22 1 1 6 10 1 0 0
ST_DELIB 251 2 1 1 6 10 1 0 0
ST_DELIB 251 5 1 1 6 10 1 0 0
ST_DELIB 251 8 1 1 6 10 1 0 0
ST_DELIB 251 23 1 1 6 10 1 0 0
ST_DELIB 251 26 1 1 6 10 1 0 0
ST_DELIB 251 13 1 1 6 10 1 0 0
ST_DELIB 251 16 1 1 6 10 1 0 0
ST_DELIB 251 22 1 1 6 10 1 0 0
ST_DELIB 252 2 1 1 6 10 1 0 0
ST_DELIB 252 5 1 1 6 10 1 0 0
ST_DELIB 252 8 1 1 6 10 1 0 0
ST_DELIB 252 23 1 1 6 10 1 0 0
ST_DELIB 252 26 1 1 6 10 1 0 0
ST_DELIB 252 13 1 1 6 10 1 0 0
ST_DELIB 252 16 1 1 6 10 1 0 0
ST_DELIB 252 22 1 1 6 10 1 0 0
ST_DELIB 253 2 1 1 6 10 1 0 0
ST_DELIB 253 5 1 1 6 10 1 0 0
ST_DELIB 253 8 1 1 6 10 1 0 0
ST_DELIB 253 23 1 1 6 10 1 0 0
ST_DELIB 253 26 1 1 6 10 1 0 0
ST_DELIB 253 13 1 1 6 10 1 0 0
ST_DELIB 253 16 1 1 6 10 1 0 0
ST_DELIB 253 22 1 1 6 10 1 0 0
ST_DELIB 254 2 1 1 6 10 1 0 0
ST_DELIB 254 5 1 1 6 10 1 0 0
ST_DELIB 254 8 1 1 6 10 1 0 0
ST_DELIB 254 23 1 1 6 10 1 0 0
ST_DELIB 254 26 1 1 6 10 1 0 0
ST_DELIB 254 13 1 1 6 10 1 0 0
ST_DELIB 254 16 1 1 6 10 1 0 0
ST_DELIB 254 22 1 1 6 10 1 0 0
ST_DELIB 255 2 1 1 6 10 1 0 0
ST_DELIB 255 5 1 1 6 10 1 0 0
ST_DELIB 255 8 1 1 6 10 1 0 0
ST_DELIB 255 23 1 1 6 10 1 0 0
ST_DELIB 255 26 1 1 6 10 1 0 0
ST_DELIB 255 13 1 1 6 10 1 0 0
ST_DELIB 255 16 1 1 6 10 1 0 0
ST_DELIB 255 22 1 1 6 10 1 0 0
ST_DELIB 256 2 1 1 6 10 1 0 0
ST_DELIB 256 5 1 1 6 10 1 0 0
ST_DELIB 256 8 1 1 6 10 1 0 0
ST_DELIB 256 23 1 1 6 10 1 0 0
ST_DELIB 256 26 1 1 6 10 1 0 0
ST_DELIB 256 13 1 1 6 10 1 0 0
ST_DELIB 256 16 1 1 6 10 1 0 0
ST_DELIB 256 22 1 1 6 10 1 0 0
ST_DELIB 257 9 3 1 1 80 4 2 1
ST_DELIB 257 2 1 1 6 10 1 0 0
ST_DELIB 257 5 1 1 6 10 1 0 0
ST_DELIB 257 8 1 1 6 10 1 0 0
ST_DELIB 257 23 1 1 6 10 1 0 0
ST_DELIB 257 26 1 1 6 10 1 0 0
ST_DELIB 257 13 1 1 6 10 1 0 0
ST_DELIB 257 16 1 1 6 10 1 0 0
ST_DELIB 257 22 1 1 6 10 1 0 0
ST_DELIB 258 10 3 1 1 80 4 2 1
ST_DELIB 258 2 1 1 6 10 1 0 0
ST_DELIB 258 5 1 1 6 10 1 0 0
ST_DELIB 258 8 1 1 6 10 1 0 0
ST_DELIB 258 23 1 1 6 10 1 0 0
ST_DELIB 258 26 1 1 6 10 1 0 0
ST_DELIB 258 13 1 1 6 10 1 0 0
ST_DELIB 258 16 1 1 6 10 1 0 0
ST_DELIB 258 22 1 1 6 10 1 0 0
ST_DELIB 259 11 3 1 1 80 4 2 1
ST_DELIB 259 2 1 1 6 10 1 0 0
ST_DELIB 259 5 1 1 6 10 1 0 0
ST_DELIB 259 8 1 1 6 10 1 0 0
ST_DELIB 259 23 1 1 6 10 1 0 0
ST_DELIB 259 26 1 1 6 10 1 0 0
ST_DELIB 259 13 1 1 6 10 1 0 0
ST_DELIB 259 16 1 1 6 10 1 0 0
ST_DELIB 259 22 1 1 6 10 1 0 0
ST_DELIB 260 2 1 1 6 10 1 0 0
ST_DELIB 260 5 1 1 6 10 1 0 0
ST_DELIB 260 8 1 1 6 10 1 0 0
ST_DELIB 260 23 1 1 6 10 1 0 0
ST_DELIB 260 26 1 1 6 10 1 0 0
ST_DELIB 260 13 1 1 6 10 1 0 0
ST_DELIB 260 16 1 1 6 10 1 0 0
ST_DELIB 260 22 1 1 6 10 1 0 0
ST_DELIB 261 2 1 1 6 10 1 0 0
ST_DELIB 261 5 1 1 6 10 1 0 0
ST_DELIB 261 8 1 1 6 10 1 0 0
ST_DELIB 261 23 1 1 6 10 1 0 0
ST_DELIB 261 26 1 1 6 10 1 0 0
ST_DELIB 261 13 1 1 6 10 1 0 0
ST_DELIB 261 16 1 1 6 10 1 0 0
ST_DELIB 261 22 1 1 6 10 1 0 0
ST_DELIB 262 2 1 1 6 10 1 0 0
ST_DELIB 262 5 1 1 6 10 1 0 0
ST_DELIB 262 8 1 1 6 10 1 0 0
ST_DELIB 262 23 1 1 6 10 1 0 0
ST_DELIB 262 26 1 1 6 10 1 0 0
ST_DELIB 262 13 1 1 6 10 1 0 0
ST_DELIB 262 16 1 1 6 10 1 0 0
ST_DELIB 262 22 1 1 6 10 1 0 0
ST_DELIB 263 2 1 1 6 10 1 0 0
ST_DELIB 263 5 1 1 6 10 1 0 0
ST_DELIB 263 8 1 1 6 10 1 0 0
ST_DELIB 263 23 1 1 6 10 1 0 0
ST_DELIB 263 26 1 1 6 10 1 0 0
ST_DELIB 263 13 1 1 6 10 1 0 0
ST_DELIB 263 16 1 1 6 10 1 0 0
ST_DELIB 263 22 1 1 6 10 1 0 0
ST_DELIB 264 2 1 1 6 10 1 0 0
ST_DELIB 264 5 1 1 6 10 1 0 0
ST_DELIB 264 8 1 1 6 10 1 0 0
ST_DELIB 264 23 1 1 6 10 1 0 0
ST_DELIB 264 26 1 1 6 10 1 0 0
ST_DELIB 264 13 1 1 6 10 1 0 0
ST_DELIB 264 16 1 1 6 10 1 0 0
ST_DELIB 264 22 1 1 6 10 1 0 0
ST_DELIB 265 2 1 1 6 10 1 0 0
ST_DELIB 265 5 1 1 6 10 1 0 0
ST_DELIB 265 8 1 1 6 10 1 0 0
ST_DELIB 265 23 1 1 6 10 1 0 0
ST_DELIB 265 26 1 1 6 10 1 0 0
ST_DELIB 265 13 1 1 6 10 1 0 0
ST_DELIB 265 16 1 1 6 10 1 0 0
ST_DELIB 265 22 1 1 6 10 1 0 0
ST_DELIB 266 2 1 1 6 10 1 0 0
ST_DELIB 266 5 1 1 6 10 1 0 0
ST_DELIB 266 8 1 1 6 10 1 0 0
ST_DELIB 266 23 1 1 6 10 1 0 0
ST_DELIB 266 26 1 1 6 10 1 0 0
ST_DELIB 266 13 1 1 6 10 1 0 0
ST_DELIB 266 16 1 1 6 10 1 0 0
ST_DELIB 266 22 1 1 6 10 1 0 0
ST_DELIB 267 19 3 1 1 80 4 2 1
ST_DELIB 267 2 1 1 6 10 1 0 0
ST_DELIB 267 5 1 1 6 10 1 0 0
ST_DELIB 267 8 1 1 6 10 1 0 0
ST_DELIB 267 23 1 1 6 10 1 0 0
ST_DELIB 267 26 1 1 6 10 1 0 0
ST_DELIB 267 13 1 1 6 10 1 0 0
ST_DELIB 267 16 1 1 6 10 1 0 0
ST_DELIB 267 22 1 1 6 10 1 0 0
ST_DELIB 268 20 3 1 1 80 4 2 1
ST_DELIB 268 2 1 1 6 10 1 0 0
ST_DELIB 268 5 1 1 6 10 1 0 0
ST_DELIB 268 8 1 1 6 10 1 0 0
ST_DELIB 268 23 1 1 6 10 1 0 0
ST_DELIB 268 26 1 1 6 10 1 0 0
ST_DELIB 268 13 1 1 6 10 1 0 0
ST_DELIB 268 16 1 1 6 10 1 0 0
ST_DELIB 268 22 1 1 6 10 1 0 0
ST_DELIB 269 21 3 1 1 80 4 2 1
ST_DELIB 269 2 1 1 6 10 1 0 0
ST_DELIB 269 5 1 1 6 10 1 0 0
ST_DELIB 269 8 1 1 6 10 1 0 0
ST_DELIB 269 23 1 1 6 10 1 0 0
ST_DELIB 269 26 1 1 6 10 1 0 0
ST_DELIB 269 13 1 1 6 10 1 0 0
ST_DELIB 269 16 1 1 6 10 1 0 0
ST_DELIB 269 22 1 1 6 10 1 0 0
ST_DELIB 270 2 1 1 6 10 1 0 0
ST_DELIB 270 5 1 1 6 10 1 0 0
ST_DELIB 270 8 1 1 6 10 1 0 0
ST_DELIB 270 23 1 1 6 10 1 0 0
ST_DELIB 270 26 1 1 6 10 1 0 0
ST_DELIB 270 13 1 1 6 10 1 0 0
ST_DELIB 270 16 1 1 6 10 1 0 0
ST_DELIB 270 22 1 1 6 10 1 0 0
ST_DELIB 271 2 1 1 6 10 1 0 0
ST_DELIB 271 5 1 1 6 10 1 0 0
ST_DELIB 271 8 1 1 6 10 1 0 0
ST_DELIB 271 23 1 1 6 10 1 0 0
ST_DELIB 271 26 1 1 6 10 1 0 0
ST_DELIB 271 13 1 1 6 10 1 0 0
ST_DELIB 271 16 1 1 6 10 1 0 0
ST_DELIB 271 22 1 1 6 10 1 0 0
ST_DELIB 272 2 1 1 6 10 1 0 0
ST_DELIB 272 5 1 1 6 10 1 0 0
ST_DELIB 272 8 1 1 6 10 1 0 0
ST_DELIB 272 23 1 1 6 10 1 0 0
ST_DELIB 272 26 1 1 6 10 1 0 0
ST_DELIB 272 13 1 1 6 10 1 0 0
ST_DELIB 272 16 1 1 6 10 1 0 0
ST_DELIB 272 22 1 1 6 10 1 0 0
ST_DELIB 273 2 1 1 6 10 1 0 0
ST_DELIB 273 5 1 1 6 10 1 0 0
ST_DELIB 273 8 1 1 6 10 1 0 0
ST_DELIB 273 23 1 1 6 10 1 0 0
ST_DELIB 273 26 1 1 6 10 1 0 0
ST_DELIB 273 13 1 1 6 10 1 0 0
ST_DELIB 273 16 1 1 6 10 1 0 0
ST_DELIB 273 22 1 1 6 10 1 0 0
ST_DELIB 274 2 1 1 6 10 1 0 0
ST_DELIB 274 5 1 1 6 10 1 0 0
ST_DELIB 274 8 1 1 6 10 1 0 0
ST_DELIB 274 23 1 1 6 10 1 0 0
ST_DELIB 274 26 1 1 6 10 1 0 0
ST_DELIB 274 13 1 1 6 10 1 0 0
ST_DELIB 274 16 1 1 6 10 1 0 0
ST_DELIB 274 22 1 1 6 10 1 0 0
ST_TS 275 32 2038 72 0 18 0 0 15 82 0 227 1816 81 18 900 18
ST_DELIB 275 2 1 1 6 10 1 0 0
ST_DELIB 275 5 1 1 6 10 1 0 0
ST_DELIB 275 8 1 1 6 10 1 0 0
ST_DELIB 275 23 1 1 6 10 1 0 0
ST_DELIB 275 26 1 1 6 10 1 0 0
ST_DELIB 275 13 1 1 6 10 1 0 0
ST_DELIB 275 16 1 1 6 10 1 0 0
ST_DELIB 275 22 1 1 6 10 1 0 0
ST_DELIB 276 2 1 1 6 10 1 0 0
ST_DELIB 276 5 1 1 6 10 1 0 0
ST_DELIB 276 8 1 1 6 10 1 0 0
ST_DELIB 276 23 1 1 6 10 1 0 0
ST_DELIB 276 26 1 1 6 10 1 0 0
ST_DELIB 276 13 1 1 6 10 1 0 0
ST_DELIB 276 16 1 1 6 10 1 0 0
ST_DELIB 276 22 1 1 6 10 1 0 0
ST_DELIB 277 29 3 1 1 80 4 2 1
ST_DELIB 277 2 1 1 6 10 1 0 0
ST_DELIB 277 5 1 1 6 10 1 0 0
ST_DELIB 277 8 1 1 6 10 1 0 0
ST_DELIB 277 23 1 1 6 10 1 0 0
ST_DELIB 277 26 1 1 6 10 1 0 0
ST_DELIB 277 13 1 1 6 10 1 0 0
ST_DELIB 277 16 1 1 6 10 1 0 0
ST_DELIB 277 22 1 1 6 10 1 0 0
ST_DELIB 278 30 3 1 1 80 4 2 1
ST_DELIB 278 2 1 1 6 10 1 0 0
ST_DELIB 278 5 1 1 6 10 1 0 0
ST_DELIB 278 8 1 1 6 10 1 0 0
ST_DELIB 278 23 1 1 6 10 1 0 0
ST_DELIB 278 26 1 1 6 10 1 0 0
ST_DELIB 278 13 1 1 6 10 1 0 0
ST_DELIB 278 16 1 1 6 10 1 0 0
ST_DELIB 278 22 1 1 6 10 1 0 0
ST_DELIB 279 31 3 1 1 80 4 2 1
ST_DELIB 279 2 1 1 6 10 1 0 0
ST_DELIB 279 5 1 1 6 10 1 0 0
ST_DELIB 279 8 1 1 6 10 1 0 0
ST_DELIB 279 23 1 1 6 10 1 0 0
ST_DELIB 279 26 1 1 6 10 1 0 0
ST_DELIB 279 13 1 1 6 10 1 0 0
ST_DELIB 279 16 1 1 6 10 1 0 0
ST_DELIB 279 22 1 1 6 10 1 0 0
ST_DELIB 280 2 1 1 6 10 1 0 0
ST_DELIB 280 5 1 1 6 10 1 0 0
ST_DELIB 280 8 1 1 6 10 1 0 0
ST_DELIB 280 23 1 1 6 10 1 0 0
ST_DELIB 280 26 1 1 6 10 1 0 0
ST_DELIB 280 13 1 1 6 10 1 0 0
ST_DELIB 280 16 1 1 6 10 1 0 0
ST_DELIB 280 22 1 1 6 10 1 0 0
ST_DELIB 281 2 1 1 6 10 1 0 0
ST_DELIB 281 5 1 1 6 10 1 0 0
ST_DELIB 281 8 1 1 6 10 1 0 0
ST_DELIB 281 23 1 1 6 10 1 0 0
ST_DELIB 281 26 1 1 6 10 1 0 0
ST_DELIB 281 13 1 1 6 10 1 0 0
ST_DELIB 281 16 1 1 6 10 1 0 0
ST_DELIB 281 22 1 1 6 10 1 0 0
ST_DELIB 282 9 3 1 1 80 4 3 1
ST_DELIB 282 2 1 1 6 10 1 0 0
ST_DELIB 282 5 1 1 6 10 1 0 0
ST_DELIB 282 8 1 1 6 10 1 0 0
ST_DELIB 282 23 1 1 6 10 1 0 0
ST_DELIB 282 26 1 1 6 10 1 0 0
ST_DELIB 282 13 1 1 6 10 1 0 0
ST_DELIB 282 16 1 1 6 10 1 0 0
ST_DELIB 282 22 1 1 6 10 1 0 0
ST_DELIB 283 10 3 1 1 80 4 3 1
ST_DELIB 283 2 1 1 6 10 1 0 0
ST_DELIB 283 5 1 1 6 10 1 0 0
ST_DELIB 283 8 1 1 6 10 1 0 0
ST_DELIB 283 23 1 1 6 10 1 0 0
ST_DELIB 283 26 1 1 6 10 1 0 0
ST_DELIB 283 13 1 1 6 10 1 0 0
ST_DELIB 283 16 1 1 6 10 1 0 0
ST_DELIB 283 22 1 1 6 10 1 0 0
ST_DELIB 284 11 3 1 1 80 4 3 1
ST_DELIB 284 2 1 1 6 10 1 0 0
ST_DELIB 284 5 1 1 6 10 1 0 0
ST_DELIB 284 8 1 1 6 10 1 0 0
ST_DELIB 284 23 1 1 6 10 1 0 0
ST_DELIB 284 26 1 1 6 10 1 0 0
ST_DELIB 284 13 1 1 6 10 1 0 0
ST_DELIB 284 16 1 1 6 10 1 0 0
ST_DELIB 284 22 1 1 6 10 1 0 0
ST_DELIB 285 2 1 1 6 10 1 0 0
ST_DELIB 285 5 1 1 6 10 1 0 0
ST_DELIB 285 8 1 1 6 10 1 0 0
ST_DELIB 285 23 1 1 6 10 1 0 0
ST_DELIB 285 26 1 1 6 10 1 0 0
ST_DELIB 285 13 1 1 6 10 1 0 0
ST_DELIB 285 16 1 1 6 10 1 0 0
ST_DELIB 285 22 1 1 6 10 1 0 0
ST_DELIB 286 2 1 1 6 10 1 0 0
ST_DELIB 286 5 1 1 6 10 1 0 0
ST_DELIB 286 8 1 1 6 10 1 0 0
ST_DELIB 286 23 1 1 6 10 1 0 0
ST_DELIB 286 26 1 1 6 10 1 0 0
ST_DELIB 286 13 1 1 6 10 1 0 0
ST_DELIB 286 16 1 1 6 10 1 0 0
ST_DELIB 286 22 1 1 6 10 1 0 0
ST_DELIB 287 2 1 1 6 10 1 0 0
ST_DELIB 287 5 1 1 6 10 1 0 0
ST_DELIB 287 8 1 1 6 10 1 0 0
ST_DELIB 287 23 1 1 6 10 1 0 0
ST_DELIB 287 26 1 1 6 10 1 0 0
ST_DELIB 287 13 1 1 6 10 1 0 0
ST_DELIB 287 16 1 1 6 10 1 0 0
ST_DELIB 287 22 1 1 6 10 1 0 0
ST_DELIB 288 2 1 1 6 10 1 0 0
ST_DELIB 288 5 1 1 6 10 1 0 0
ST_DELIB 288 8 1 1 6 10 1 0 0
ST_DELIB 288 23 1 1 6 10 1 0 0
ST_DELIB 288 26 1 1 6 10 1 0 0
ST_DELIB 288 13 1 1 6 10 1 0 0
ST_DELIB 288 16 1 1 6 10 1 0 0
ST_DELIB 288 22 1 1 6 10 1 0 0
ST_DELIB 289 2 1 1 6 10 1 0 0
ST_DELIB 289 5 1 1 6 10 1 0 0
ST_DELIB 289 8 1 1 6 10 1 0 0
ST_DELIB 289 23 1 1 6 10 1 0 0
ST_DELIB 289 26 1 1 6 10 1 0 0
ST_DELIB 289 13 1 1 6 10 1 0 0
ST_DELIB 289 16 1 1 6 10 1 0 0
ST_DELIB 289 22 1 1 6 10 1 0 0
ST_DELIB 290 2 1 1 6 10 1 0 0
ST_DELIB 290 5 1 1 6 10 1 0 0
ST_DELIB 290 8 1 1 6 10 1 0 0
ST_DELIB 290 23 1 1 6 10 1 0 0
ST_DELIB 290 26 1 1 6 10 1 0 0
ST_DELIB 290 13 1 1 6 10 1 0 0
ST_DELIB 290 16 1 1 6 10 1 0 0
ST_DELIB 290 22 1 1 6 10 1 0 0
ST_DELIB 291 2 1 1 6 10 1 0 0
ST_DELIB 291 5 1 1 6 10 1 0 0
ST_DELIB 291 8 1 1 6 10 1 0 0
ST_DELIB 291 23 1 1 6 10 1 0 0
ST_DELIB 291 26 1 1 6 10 1 0 0
ST_DELIB 291 13 1 1 6 10 1 0 0
ST_DELIB 291 16 1 1 6 10 1 0 0
ST_DELIB 291 22 1 1 6 10 1 0 0
ST_DELIB 292 19 3 1 1 80 4 3 1
ST_DELIB 292 2 1 1 6 10 1 0 0
ST_DELIB 292 5 1 1 6 10 1 0 0
ST_DELIB 292 8 1 1 6 10 1 0 0
ST_DELIB 292 23 1 1 6 10 1 0 0
ST_DELIB 292 26 1 1 6 10 1 0 0
ST_DELIB 292 13 1 1 6 10 1 0 0
ST_DELIB 292 16 1 1 6 10 1 0 0
ST_DELIB 292 22 1 1 6 10 1 0 0
ST_DELIB 293 20 3 1 1 80 4 3 1
ST_DELIB 293 2 1 1 6 10 1 0 0
ST_DELIB 293 5 1 1 6 10 1 0 0
ST_DELIB 293 8 1 1 6 10 1 0 0
ST_DELIB 293 23 1 1 6 10 1 0 0
ST_DELIB 293 26 1 1 6 10 1 0 0
ST_DELIB 293 13 1 1 6 10 1 0 0
ST_DELIB 293 16 1 1 6 10 1 0 0
ST_DELIB 293 22 1 1 6 10 1 0 0
ST_DELIB 294 21 3 1 1 80 4 3 1
ST_DELIB 294 2 1 1 6 10 1 0 0
ST_DELIB 294 5 1 1 6 10 1 0 0
ST_DELIB 294 8 1 1 6 10 1 0 0
ST_DELIB 294 23 1 1 6 10 1 0 0
ST_DELIB 294 26 1 1 6 10 1 0 0
ST_DELIB 294 13 1 1 6 10 1 0 0
ST_DELIB 294 16 1 1 6 10 1 0 0
ST_DELIB 294 22 1 1 6 10 1 0 0
ST_DELIB 295 2 1 1 6 10 1 0 0
ST_DELIB 295 5 1 1 6 10 1 0 0
ST_DELIB 295 8 1 1 6 10 1 0 0
ST_DELIB 295 23 1 1 6 10 1 0 0
ST_DELIB 295 26 1 1 6 10 1 0 0
ST_DELIB 295 13 1 1 6 10 1 0 0
ST_DELIB 295 16 1 1 6 10 1 0 0
ST_DELIB 295 22 1 1 6 10 1 0 0
ST_DELIB 296 2 1 1 6 10 1 0 0
ST_DELIB 296 5 1 1 6 10 1 0 0
ST_DELIB 296 8 1 1 6 10 1 0 0
ST_DELIB 296 23 1 1 6 10 1 0 0
ST_DELIB 296 26 1 1 6 10 1 0 0
ST_DELIB 296 13 1 1 6 10 1 0 0
ST_DELIB 296 16 1 1 6 10 1 0 0
ST_DELIB 296 22 1 1 6 10 1 0 0
ST_DELIB 297 2 1 1 6 10 1 0 0
ST_DELIB 297 5 1 1 6 10 1 0 0
ST_DELIB 297 8 1 1 6 10 1 0 0
ST_DELIB 297 23 1 1 6 10 1 0 0
ST_DELIB 297 26 1 1 6 10 1 0 0
ST_DELIB 297 13 1 1 6 10 1 0 0
ST_DELIB 297 16 1 1 6 10 1 0 0
ST_DELIB 297 22 1 1 6 10 1 0 0
ST_DELIB 298 2 1 1 6 10 1 0 0
ST_DELIB 298 5 1 1 6 10 1 0 0
ST_DELIB 298 8 1 1 6 10 1 0 0
ST_DELIB 298 23 1 1 6 10 1 0 0
ST_DELIB 298 26 1 1 6 10 1 0 0
ST_DELIB 298 13 1 1 6 10 1 0 0
ST_DELIB 298 16 1 1 6 10 1 0 0
ST_DELIB 298 22 1 1 6 10 1 0 0
ST_DELIB 299 2 1 1 6 10 1 0 0
ST_DELIB 299 5 1 1 6 10 1 0 0
ST_DELIB 299 8 1 1 6 10 1 0 0
ST_DELIB 299 23 1 1 6 10 1 0 0
ST_DELIB 299 26 1 1 6 10 1 0 0
ST_DELIB 299 13 1 1 6 10 1 0 0
ST_DELIB 299 16 1 1 6 10 1 0 0
ST_DELIB 299 22 1 1 6 10 1 0 0
ST_TS 300 32 2247 72 0 18 0 0 15 90 0 252 2016 90 18 900 18
ST_DELIB 300 2 1 1 6 10 1 0 0
ST_DELIB 300 5 1 1 6 10 1 0 0
ST_DELIB 300 8 1 1 6 10 1 0 0
ST_DELIB 300 23 1 1 6 10 1 0 0
ST_DELIB 300 26 1 1 6 10 1 0 0
ST_DELIB 300 13 1 1 6 10 1 0 0
ST_DELIB 300 16 1 1 6 10 1 0 0
ST_DELIB 300 22 1 1 6 10 1 0 0
ST_DELIB 301 2 1 1 6 10 1 0 0
ST_DELIB 301 5 1 1 6 10 1 0 0
ST_DELIB 301 8 1 1 6 10 1 0 0
ST_DELIB 301 23 1 1 6 10 1 0 0
ST_DELIB 301 26 1 1 6 10 1 0 0
ST_DELIB 301 13 1 1 6 10 1 0 0
ST_DELIB 301 16 1 1 6 10 1 0 0
ST_DELIB 301 22 1 1 6 10 1 0 0
ST_DELIB 302 29 3 1 1 80 4 3 1
ST_DELIB 302 2 1 1 6 10 1 0 0
ST_DELIB 302 5 1 1 6 10 1 0 0
ST_DELIB 302 8 1 1 6 10 1 0 0
ST_DELIB 302 23 1 1 6 10 1 0 0
ST_DELIB 302 26 1 1 6 10 1 0 0
ST_DELIB 302 13 1 1 6 10 1 0 0
ST_DELIB 302 16 1 1 6 10 1 0 0
ST_DELIB 302 22 1 1 6 10 1 0 0
ST_DELIB 303 30 3 1 1 80 4 3 1
ST_DELIB 303 2 1 1 6 10 1 0 0
ST_DELIB 303 5 1 1 6 10 1 0 0
ST_DELIB 303 8 1 1 6 10 1 0 0
ST_DELIB 303 23 1 1 6 10 1 0 0
ST_DELIB 303 26 1 1 6 10 1 0 0
ST_DELIB 303 13 1 1 6 10 1 0 0
ST_DELIB 303 16 1 1 6 10 1 0 0
ST_DELIB 303 22 1 1 6 10 1 0 0
ST_DELIB 304 31 3 1 1 80 4 3 1
ST_DELIB 304 2 1 1 6 10 1 0 0
ST_DELIB 304 5 1 1 6 10 1 0 0
ST_DELIB 304 8 1 1 6 10 1 0 0
ST_DELIB 304 23 1 1 6 10 1 0 0
ST_DELIB 304 26 1 1 6 10 1 0 0
ST_DELIB 304 13 1 1 6 10 1 0 0
ST_DELIB 304 16 1 1 6 10 1 0 0
ST_DELIB 304 22 1 1 6 10 1 0 0
ST_DELIB 305 2 1 1 6 10 1 0 0
ST_DELIB 305 5 1 1 6 10 1 0 0
ST_DELIB 305 8 1 1 6 10 1 0 0
ST_DELIB 305 23 1 1 6 10 1 0 0
ST_DELIB 305 26 1 1 6 10 1 0 0
ST_DELIB 305 13 1 1 6 10 1 0 0
ST_DELIB 305 16 1 1 6 10 1 0 0
ST_DELIB 305 22 1 1 6 10 1 0 0
ST_DELIB 306 2 1 1 6 10 1 0 0
ST_DELIB 306 5 1 1 6 10 1 0 0
ST_DELIB 306 8 1 1 6 10 1 0 0
ST_DELIB 306 23 1 1 6 10 1 0 0
ST_DELIB 306 26 1 1 6 10 1 0 0
ST_DELIB 306 13 1 1 6 10 1 0 0
ST_DELIB 306 16 1 1 6 10 1 0 0
ST_DELIB 306 22 1 1 6 10 1 0 0
ST_DELIB 307 9 3 1 1 80 4 4 1
ST_DELIB 308 10 3 1 1 80 4 4 1
ST_DELIB 309 11 3 1 1 80 4 4 1
ST_DELIB 310 2 1 1 6 10 1 0 0
ST_DELIB 310 5 1 1 6 10 1 0 0
ST_DELIB 310 8 1 1 6 10 1 0 0
ST_DELIB 310 23 1 1 6 10 1 0 0
ST_DELIB 310 26 1 1 6 10 1 0 0
ST_DELIB 310 13 1 1 6 10 1 0 0
ST_DELIB 310 16 1 1 6 10 1 0 0
ST_DELIB 310 22 1 1 6 10 1 0 0
ST_DELIB 311 2 1 1 6 10 1 0 0
ST_DELIB 311 5 1 1 6 10 1 0 0
ST_DELIB 311 8 1 1 6 10 1 0 0
ST_DELIB 311 23 1 1 6 10 1 0 0
ST_DELIB 311 26 1 1 6 10 1 0 0
ST_DELIB 311 13 1 1 6 10 1 0 0
ST_DELIB 311 16 1 1 6 10 1 0 0
ST_DELIB 311 22 1 1 6 10 1 0 0
ST_DELIB 312 2 1 1 6 10 1 0 0
ST_DELIB 312 5 1 1 6 10 1 0 0
ST_DELIB 312 8 1 1 6 10 1 0 0
ST_DELIB 312 23 1 1 6 10 1 0 0
ST_DELIB 312 26 1 1 6 10 1 0 0
ST_DELIB 312 13 1 1 6 10 1 0 0
ST_DELIB 312 16 1 1 6 10 1 0 0
ST_DELIB 312 22 1 1 6 10 1 0 0
ST_DELIB 313 2 1 1 6 10 1 0 0
ST_DELIB 313 5 1 1 6 10 1 0 0
ST_DELIB 313 8 1 1 6 10 1 0 0
ST_DELIB 313 23 1 1 6 10 1 0 0
ST_DELIB 313 26 1 1 6 10 1 0 0
ST_DELIB 313 13 1 1 6 10 1 0 0
ST_DELIB 313 16 1 1 6 10 1 0 0
ST_DELIB 313 22 1 1 6 10 1 0 0
ST_DELIB 314 2 1 1 6 10 1 0 0
ST_DELIB 314 5 1 1 6 10 1 0 0
ST_DELIB 314 8 1 1 6 10 1 0 0
ST_DELIB 314 23 1 1 6 10 1 0 0
ST_DELIB 314 26 1 1 6 10 1 0 0
ST_DELIB 314 13 1 1 6 10 1 0 0
ST_DELIB 314 16 1 1 6 10 1 0 0
ST_DELIB 314 22 1 1 6 10 1 0 0
ST_DELIB 315 2 1 1 6 10 1 0 0
ST_DELIB 315 5 1 1 6 10 1 0 0
ST_DELIB 315 8 1 1 6 10 1 0 0
ST_DELIB 315 23 1 1 6 10 1 0 0
ST_DELIB 315 26 1 1 6 10 1 0 0
ST_DELIB 315 13 1 1 6 10 1 0 0
ST_DELIB 315 16 1 1 6 10 1 0 0
ST_DELIB 315 22 1 1 6 10 1 0 0
ST_DELIB 316 2 1 1 6 10 1 0 0
ST_DELIB 316 5 1 1 6 10 1 0 0
ST_DELIB 316 8 1 1 6 10 1 0 0
ST_DELIB 316 23 1 1 6 10 1 0 0
ST_DELIB 316 26 1 1 6 10 1 0 0
ST_DELIB 316 13 1 1 6 10 1 0 0
ST_DELIB 316 16 1 1 6 10 1 0 0
ST_DELIB 316 22 1 1 6 10 1 0 0
ST_DELIB 317 19 3 1 1 80 4 4 1
ST_DELIB 318 20 3 1 1 80 4 4 1
ST_DELIB 319 21 3 1 1 80 4 4 1
ST_DELIB 320 2 1 1 6 10 1 0 0
ST_DELIB 320 5 1 1 6 10 1 0 0
ST_DELIB 320 8 1 1 6 10 1 0 0
ST_DELIB 320 23 1 1 6 10 1 0 0
ST_DELIB 320 26 1 1 6 10 1 0 0
ST_DELIB 320 13 1 1 6 10 1 0 0
ST_DELIB 320 16 1 1 6 10 1 0 0
ST_DELIB 320 22 1 1 6 10 1 0 0
ST_DELIB 321 2 1 1 6 10 1 0 0
ST_DELIB 321 5 1 1 6 10 1 0 0
ST_DELIB 321 8 1 1 6 10 1 0 0
ST_DELIB 321 23 1 1 6 10 1 0 0
ST_DELIB 321 26 1 1 6 10 1 0 0
ST_DELIB 321 13 1 1 6 10 1 0 0
ST_DELIB 321 16 1 1 6 10 1 0 0
ST_DELIB 321 22 1 1 6 10 1 0 0
ST_DELIB 322 2 1 1 6 10 1 0 0
ST_DELIB 322 5 1 1 6 10 1 0 0
ST_DELIB 322 8 1 1 6 10 1 0 0
ST_DELIB 322 23 1 1 6 10 1 0 0
ST_DELIB 322 26 1 1 6 10 1 0 0
ST_DELIB 322 13 1 1 6 10 1 0 0
ST_DELIB 322 16 1 1 6 10 1 0 0
ST_DELIB 322 22 1 1 6 10 1 0 0
ST_DELIB 323 2 1 1 6 10 1 0 0
ST_DELIB 323 5 1 1 6 10 1 0 0
ST_DELIB 323 8 1 1 6 10 1 0 0
ST_DELIB 323 23 1 1 6 10 1 0 0
ST_DELIB 323 26 1 1 6 10 1 0 0
ST_DELIB 323 13 1 1 6 10 1 0 0
ST_DELIB 323 16 1 1 6 10 1 0 0
ST_DELIB 323 22 1 1 6 10 1 0 0
ST_DELIB 324 2 1 1 6 10 1 0 0
ST_DELIB 324 5 1 1 6 10 1 0 0
ST_DELIB 324 8 1 1 6 10 1 0 0
ST_DELIB 324 23 1 1 6 10 1 0 0
ST_DELIB 324 26 1 1 6 10 1 0 0
ST_DELIB 324 13 1 1 6 10 1 0 0
ST_DELIB 324 16 1 1 6 10 1 0 0
ST_DELIB 324 22 1 1 6 10 1 0 0
ST_TS 325 32 2429 96 0 24 0 0 9 97 0 271 2168 96 24 1200 24
ST_DELIB 325 2 1 1 6 10 1 0 0
ST_DELIB 325 5 1 1 6 10 1 0 0
ST_DELIB 325 8 1 1 6 10 1 0 0
ST_DELIB 325 23 1 1 6 10 1 0 0
ST_DELIB 325 26 1 1 6 10 1 0 0
ST_DELIB 325 13 1 1 6 10 1 0 0
ST_DELIB 325 16 1 1 6 10 1 0 0
ST_DELIB 325 22 1 1 6 10 1 0 0
ST_DELIB 326 2 1 1 6 10 1 0 0
ST_DELIB 326 5 1 1 6 10 1 0 0
ST_DELIB 326 8 1 1 6 10 1 0 0
ST_DELIB 326 23 1 1 6 10 1 0 0
ST_DELIB 326 26 1 1 6 10 1 0 0
ST_DELIB 326 13 1 1 6 10 1 0 0
ST_DELIB 326 16 1 1 6 10 1 0 0
ST_DELIB 326 22 1 1 6 10 1 0 0
ST_DELIB 327 29 3 1 1 80 4 4 1
ST_DELIB 328 30 3 1 1 80 4 4 1
ST_DELIB 329 31 3 1 1 80 4 4 1
ST_DELIB 330 2 1 1 6 10 1 0 0
ST_DELIB 330 5 1 1 6 10 1 0 0
ST_DELIB 330 8 1 1 6 10 1 0 0
ST_DELIB 330 23 1 1 6 10 1 0 0
ST_DELIB 330 26 1 1 6 10 1 0 0
ST_DELIB 330 13 1 1 6 10 1 0 0
ST_DELIB 330 16 1 1 6 10 1 0 0
ST_DELIB 330 22 1 1 6 10 1 0 0
ST_DELIB 331 2 1 1 6 10 1 0 0
ST_DELIB 331 5 1 1 6 10 1 0 0
ST_DELIB 331 8 1 1 6 10 1 0 0
ST_DELIB 331 23 1 1 6 10 1 0 0
ST_DELIB 331 26 1 1 6 10 1 0 0
ST_DELIB 331 13 1 1 6 10 1 0 0
ST_DELIB 331 16 1 1 6 10 1 0 0
ST_DELIB 331 22 1 1 6 10 1 0 0
ST_DELIB 332 2 1 1 6 10 1 0 0
ST_DELIB 332 5 1 1 6 10 1 0 0
ST_DELIB 332 8 1 1 6 10 1 0 0
ST_DELIB 332 23 1 1 6 10 1 0 0
ST_DELIB 332 26 1 1 6 10 1 0 0
ST_DELIB 332 13 1 1 6 10 1 0 0
ST_DELIB 332 16 1 1 6 10 1 0 0
ST_DELIB 332 22 1 1 6 10 1 0 0
ST_DELIB 333 2 1 1 6 10 1 0 0
ST_DELIB 333 5 1 1 6 10 1 0 0
ST_DELIB 333 8 1 1 6 10 1 0 0
ST_DELIB 333 23 1 1 6 10 1 0 0
ST_DELIB 333 26 1 1 6 10 1 0 0
ST_DELIB 333 13 1 1 6 10 1 0 0
ST_DELIB 333 16 1 1 6 10 1 0 0
ST_DELIB 333 22 1 1 6 10 1 0 0
ST_DELIB 334 2 1 1 6 10 1 0 0
ST_DELIB 334 5 1 1 6 10 1 0 0
ST_DELIB 334 8 1 1 6 10 1 0 0
ST_DELIB 334 23 1 1 6 10 1 0 0
ST_DELIB 334 26 1 1 6 10 1 0 0
ST_DELIB 334 13 1 1 6 10 1 0 0
ST_DELIB 334 16 1 1 6 10 1 0 0
ST_DELIB 334 22 1 1 6 10 1 0 0
ST_DELIB 335 2 1 1 6 10 1 0 0
ST_DELIB 335 5 1 1 6 10 1 0 0
ST_DELIB 335 8 1 1 6 10 1 0 0
ST_DELIB 335 23 1 1 6 10 1 0 0
ST_DELIB 335 26 1 1 6 10 1 0 0
ST_DELIB 335 13 1 1 6 10 1 0 0
ST_DELIB 335 16 1 1 6 10 1 0 0
ST_DELIB 335 22 1 1 6 10 1 0 0
ST_DELIB 336 2 1 1 6 10 1 0 0
ST_DELIB 336 5 1 1 6 10 1 0 0
ST_DELIB 336 8 1 1 6 10 1 0 0
ST_DELIB 336 23 1 1 6 10 1 0 0
ST_DELIB 336 26 1 1 6 10 1 0 0
ST_DELIB 336 13 1 1 6 10 1 0 0
ST_DELIB 336 16 1 1 6 10 1 0 0
ST_DELIB 336 22 1 1 6 10 1 0 0
ST_DELIB 337 2 1 1 6 10 1 0 0
ST_DELIB 337 5 1 1 6 10 1 0 0
ST_DELIB 337 8 1 1 6 10 1 0 0
ST_DELIB 337 23 1 1 6 10 1 0 0
ST_DELIB 337 26 1 1 6 10 1 0 0
ST_DELIB 337 13 1 1 6 10 1 0 0
ST_DELIB 337 16 1 1 6 10 1 0 0
ST_DELIB 337 22 1 1 6 10 1 0 0
ST_DELIB 338 2 1 1 6 10 1 0 0
ST_DELIB 338 5 1 1 6 10 1 0 0
ST_DELIB 338 8 1 1 6 10 1 0 0
ST_DELIB 338 23 1 1 6 10 1 0 0
ST_DELIB 338 26 1 1 6 10 1 0 0
ST_DELIB 338 13 1 1 6 10 1 0 0
ST_DELIB 338 16 1 1 6 10 1 0 0
ST_DELIB 338 22 1 1 6 10 1 0 0
ST_DELIB 339 2 1 1 6 10 1 0 0
ST_DELIB 339 5 1 1 6 10 1 0 0
ST_DELIB 339 8 1 1 6 10 1 0 0
ST_DELIB 339 23 1 1 6 10 1 0 0
ST_DELIB 339 26 1 1 6 10 1 0 0
ST_DELIB 339 13 1 1 6 10 1 0 0
ST_DELIB 339 16 1 1 6 10 1 0 0
ST_DELIB 339 22 1 1 6 10 1 0 0
ST_DELIB 340 2 1 1 6 10 1 0 0
ST_DELIB 340 5 1 1 6 10 1 0 0
ST_DELIB 340 8 1 1 6 10 1 0 0
ST_DELIB 340 23 1 1 6 10 1 0 0
ST_DELIB 340 26 1 1 6 10 1 0 0
ST_DELIB 340 13 1 1 6 10 1 0 0
ST_DELIB 340 16 1 1 6 10 1 0 0
ST_DELIB 340 22 1 1 6 10 1 0 0
ST_DELIB 341 2 1 1 6 10 1 0 0
ST_DELIB 341 5 1 1 6 10 1 0 0
ST_DELIB 341 8 1 1 6 10 1 0 0
ST_DELIB 341 23 1 1 6 10 1 0 0
ST_DELIB 341 26 1 1 6 10 1 0 0
ST_DELIB 341 13 1 1 6 10 1 0 0
ST_DELIB 341 16 1 1 6 10 1 0 0
ST_DELIB 341 22 1 1 6 10 1 0 0
ST_DELIB 342 2 1 1 6 10 1 0 0
ST_DELIB 342 5 1 1 6 10 1 0 0
ST_DELIB 342 8 1 1 6 10 1 0 0
ST_DELIB 342 23 1 1 6 10 1 0 0
ST_DELIB 342 26 1 1 6 10 1 0 0
ST_DELIB 342 13 1 1 6 10 1 0 0
ST_DELIB 342 16 1 1 6 10 1 0 0
ST_DELIB 342 22 1 1 6 10 1 0 0
ST_DELIB 343 2 1 1 6 10 1 0 0
ST_DELIB 343 5 1 1 6 10 1 0 0
ST_DELIB 343 8 1 1 6 10 1 0 0
ST_DELIB 343 23 1 1 6 10 1 0 0
ST_DELIB 343 26 1 1 6 10 1 0 0
ST_DELIB 343 13 1 1 6 10 1 0 0
ST_DELIB 343 16 1 1 6 10 1 0 0
ST_DELIB 343 22 1 1 6 10 1 0 0
ST_DELIB 344 2 1 1 6 10 1 0 0
ST_DELIB 344 5 1 1 6 10 1 0 0
ST_DELIB 344 8 1 1 6 10 1 0 0
ST_DELIB 344 23 1 1 6 10 1 0 0
ST_DELIB 344 26 1 1 6 10 1 0 0
ST_DELIB 344 13 1 1 6 10 1 0 0
ST_DELIB 344 16 1 1 6 10 1 0 0
ST_DELIB 344 22 1 1 6 10 1 0 0
ST_DELIB 345 2 1 1 6 10 1 0 0
ST_DELIB 345 5 1 1 6 10 1 0 0
ST_DELIB 345 8 1 1 6 10 1 0 0
ST_DELIB 345 23 1 1 6 10 1 0 0
ST_DELIB 345 26 1 1 6 10 1 0 0
ST_DELIB 345 13 1 1 6 10 1 0 0
ST_DELIB 345 16 1 1 6 10 1 0 0
ST_DELIB 345 22 1 1 6 10 1 0 0
ST_DELIB 346 2 1 1 6 10 1 0 0
ST_DELIB 346 5 1 1 6 10 1 0 0
ST_DELIB 346 8 1 1 6 10 1 0 0
ST_DELIB 346 23 1 1 6 10 1 0 0
ST_DELIB 346 26 1 1 6 10 1 0 0
ST_DELIB 346 13 1 1 6 10 1 0 0
ST_DELIB 346 16 1 1 6 10 1 0 0
ST_DELIB 346 22 1 1 6 10 1 0 0
ST_DELIB 347 2 1 1 6 10 1 0 0
ST_DELIB 347 5 1 1 6 10 1 0 0
ST_DELIB 347 8 1 1 6 10 1 0 0
ST_DELIB 347 23 1 1 6 10 1 0 0
ST_DELIB 347 26 1 1 6 10 1 0 0
ST_DELIB 347 13 1 1 6 10 1 0 0
ST_DELIB 347 16 1 1 6 10 1 0 0
ST_DELIB 347 22 1 1 6 10 1 0 0
ST_DELIB 348 2 1 1 6 10 1 0 0
ST_DELIB 348 5 1 1 6 10 1 0 0
ST_DELIB 348 8 1 1 6 10 1 0 0
ST_DELIB 348 23 1 1 6 10 1 0 0
ST_DELIB 348 26 1 1 6 10 1 0 0
ST_DELIB 348 13 1 1 6 10 1 0 0
ST_DELIB 348 16 1 1 6 10 1 0 0
ST_DELIB 348 22 1 1 6 10 1 0 0
ST_DELIB 349 2 1 1 6 10 1 0 0
ST_DELIB 349 5 1 1 6 10 1 0 0
ST_DELIB 349 8 1 1 6 10 1 0 0
ST_DELIB 349 23 1 1 6 10 1 0 0
ST_DELIB 349 26 1 1 6 10 1 0 0
ST_DELIB 349 13 1 1 6 10 1 0 0
ST_DELIB 349 16 1 1 6 10 1 0 0
ST_DELIB 349 22 1 1 6 10 1 0 0
ST_TS 350 32 2629 108 0 27 0 0 12 105 0 293 2344 105 27 1350 27
ST_DELIB 350 2 1 1 6 10 1 0 0
ST_DELIB 350 5 1 1 6 10 1 0 0
ST_DELIB 350 8 1 1 6 10 1 0 0
ST_DELIB 350 23 1 1 6 10 1 0 0
ST_DELIB 350 26 1 1 6 10 1 0 0
ST_DELIB 350 13 1 1 6 10 1 0 0
ST_DELIB 350 16 1 1 6 10 1 0 0
ST_DELIB 350 22 1 1 6 10 1 0 0
ST_DELIB 351 2 1 1 6 10 1 0 0
ST_DELIB 351 5 1 1 6 10 1 0 0
ST_DELIB 351 8 1 1 6 10 1 0 0
ST_DELIB 351 23 1 1 6 10 1 0 0
ST_DELIB 351 26 1 1 6 10 1 0 0
ST_DELIB 351 13 1 1 6 10 1 0 0
ST_DELIB 351 16 1 1 6 10 1 0 0
ST_DELIB 351 22 1 1 6 10 1 0 0
ST_DELIB 352 2 1 1 6 10 1 0 0
ST_DELIB 352 5 1 1 6 10 1 0 0
ST_DELIB 352 8 1 1 6 10 1 0 0
ST_DELIB 352 23 1 1 6 10 1 0 0
ST_DELIB 352 26 1 1 6 10 1 0 0
ST_DELIB 352 13 1 1 6 10 1 0 0
ST_DELIB 352 16 1 1 6 10 1 0 0
ST_DELIB 352 22 1 1 6 10 1 0 0
ST_DELIB 353 2 1 1 6 10 1 0 0
ST_DELIB 353 5 1 1 6 10 1 0 0
ST_DELIB 353 8 1 1 6 10 1 0 0
ST_DELIB 353 23 1 1 6 10 1 0 0
ST_DELIB 353 26 1 1 6 10 1 0 0
ST_DELIB 353 13 1 1 6 10 1 0 0
ST_DELIB 353 16 1 1 6 10 1 0 0
ST_DELIB 353 22 1 1 6 10 1 0 0
ST_DELIB 354 2 1 1 6 10 1 0 0
ST_DELIB 354 5 1 1 6 10 1 0 0
ST_DELIB 354 8 1 1 6 10 1 0 0
ST_DELIB 354 23 1 1 6 10 1 0 0
ST_DELIB 354 26 1 1 6 10 1 0 0
ST_DELIB 354 13 1 1 6 10 1 0 0
ST_DELIB 354 16 1 1 6 10 1 0 0
ST_DELIB 354 22 1 1 6 10 1 0 0
ST_DELIB 355 2 1 1 6 10 1 0 0
ST_DELIB 355 5 1 1 6 10 1 0 0
ST_DELIB 355 8 1 1 6 10 1 0 0
ST_DELIB 355 23 1 1 6 10 1 0 0
ST_DELIB 355 26 1 1 6 10 1 0 0
ST_DELIB 355 13 1 1 6 10 1 0 0
ST_DELIB 355 16 1 1 6 10 1 0 0
ST_DELIB 355 22 1 1 6 10 1 0 0
ST_DELIB 356 2 1 1 6 10 1 0 0
ST_DELIB 356 5 1 1 6 10 1 0 0
ST_DELIB 356 8 1 1 6 10 1 0 0
ST_DELIB 356 23 1 1 6 10 1 0 0
ST_DELIB 356 26 1 1 6 10 1 0 0
ST_DELIB 356 13 1 1 6 10 1 0 0
ST_DELIB 356 16 1 1 6 10 1 0 0
ST_DELIB 356 22 1 1 6 10 1 0 0
ST_DELIB 357 9 3 1 1 80 4 2 1
ST_DELIB 357 2 1 1 6 10 1 0 0
ST_DELIB 357 5 1 1 6 10 1 0 0
ST_DELIB 357 8 1 1 6 10 1 0 0
ST_DELIB 357 23 1 1 6 10 1 0 0
ST_DELIB 357 26 1 1 6 10 1 0 0
ST_DELIB 357 13 1 1 6 10 1 0 0
ST_DELIB 357 16 1 1 6 10 1 0 0
ST_DELIB 357 22 1 1 6 10 1 0 0
ST_DELIB 358 10 3 1 1 80 4 2 1
ST_DELIB 358 2 1 1 6 10 1 0 0
ST_DELIB 358 5 1 1 6 10 1 0 0
ST_DELIB 358 8 1 1 6 10 1 0 0
ST_DELIB 358 23 1 1 6 10 1 0 0
ST_DELIB 358 26 1 1 6 10 1 0 0
ST_DELIB 358 13 1 1 6 10 1 0 0
ST_DELIB 358 16 1 1 6 10 1 0 0
ST_DELIB 358 22 1 1 6 10 1 0 0
ST_DELIB 359 11 3 1 1 80 4 2 1
ST_DELIB 359 2 1 1 6 10 1 0 0
ST_DELIB 359 5 1 1 6 10 1 0 0
ST_DELIB 359 8 1 1 6 10 1 0 0
ST_DELIB 359 23 1 1 6 10 1 0 0
ST_DELIB 359 26 1 1 6 10 1 0 0
ST_DELIB 359 13 1 1 6 10 1 0 0
ST_DELIB 359 16 1 1 6 10 1 0 0
ST_DELIB 359 22 1 1 6 10 1 0 0
ST_DELIB 360 2 1 1 6 10 1 0 0
ST_DELIB 360 5 1 1 6 10 1 0 0
ST_DELIB 360 8 1 1 6 10 1 0 0
ST_DELIB 360 23 1 1 6 10 1 0 0
ST_DELIB 360 26 1 1 6 10 1 0 0
ST_DELIB 360 13 1 1 6 10 1 0 0
ST_DELIB 360 16 1 1 6 10 1 0 0
ST_DELIB 360 22 1 1 6 10 1 0 0
ST_DELIB 361 2 1 1 6 10 1 0 0
ST_DELIB 361 5 1 1 6 10 1 0 0
ST_DELIB 361 8 1 1 6 10 1 0 0
ST_DELIB 361 23 1 1 6 10 1 0 0
ST_DELIB 361 26 1 1 6 10 1 0 0
ST_DELIB 361 13 1 1 6 10 1 0 0
ST_DELIB 361 16 1 1 6 10 1 0 0
ST_DELIB 361 22 1 1 6 10 1 0 0
ST_DELIB 362 2 1 1 6 10 1 0 0
ST_DELIB 362 5 1 1 6 10 1 0 0
ST_DELIB 362 8 1 1 6 10 1 0 0
ST_DELIB 362 23 1 1 6 10 1 0 0
ST_DELIB 362 26 1 1 6 10 1 0 0
ST_DELIB 362 13 1 1 6 10 1 0 0
ST_DELIB 362 16 1 1 6 10 1 0 0
ST_DELIB 362 22 1 1 6 10 1 0 0
ST_DELIB 363 2 1 1 6 10 1 0 0
ST_DELIB 363 5 1 1 6 10 1 0 0
ST_DELIB 363 8 1 1 6 10 1 0 0
ST_DELIB 363 23 1 1 6 10 1 0 0
ST_DELIB 363 26 1 1 6 10 1 0 0
ST_DELIB 363 13 1 1 6 10 1 0 0
ST_DELIB 363 16 1 1 6 10 1 0 0
ST_DELIB 363 22 1 1 6 10 1 0 0
ST_DELIB 364 2 1 1 6 10 1 0 0
ST_DELIB 364 5 1 1 6 10 1 0 0
ST_DELIB 364 8 1 1 6 10 1 0 0
ST_DELIB 364 23 1 1 6 10 1 0 0
ST_DELIB 364 26 1 1 6 10 1 0 0
ST_DELIB 364 13 1 1 6 10 1 0 0
ST_DELIB 364 16 1 1 6 10 1 0 0
ST_DELIB 364 22 1 1 6 10 1 0 0
ST_DELIB 365 2 1 1 6 10 1 0 0
ST_DELIB 365 5 1 1 6 10 1 0 0
ST_DELIB 365 8 1 1 6 10 1 0 0
ST_DELIB 365 23 1 1 6 10 1 0 0
ST_DELIB 365 26 1 1 6 10 1 0 0
ST_DELIB 365 13 1 1 6 10 1 0 0
ST_DELIB 365 16 1 1 6 10 1 0 0
ST_DELIB 365 22 1 1 6 10 1 0 0
ST_DELIB 366 2 1 1 6 10 1 0 0
ST_DELIB 366 5 1 1 6 10 1 0 0
ST_DELIB 366 8 1 1 6 10 1 0 0
ST_DELIB 366 23 1 1 6 10 1 0 0
ST_DELIB 366 26 1 1 6 10 1 0 0
ST_DELIB 366 13 1 1 6 10 1 0 0
ST_DELIB 366 16 1 1 6 10 1 0 0
ST_DELIB 366 22 1 1 6 10 1 0 0
ST_DELIB 367 19 3 1 1 80 4 2 1
ST_DELIB 367 2 1 1 6 10 1 0 0
ST_DELIB 367 5 1 1 6 10 1 0 0
ST_DELIB 367 8 1 1 6 10 1 0 0
ST_DELIB 367 23 1 1 6 10 1 0 0
ST_DELIB 367 26 1 1 6 10 1 0 0
ST_DELIB 367 13 1 1 6 10 1 0 0
ST_DELIB 367 16 1 1 6 10 1 0 0
ST_DELIB 367 22 1 1 6 10 1 0 0
ST_DELIB 368 20 3 1 1 80 4 2 1
ST_DELIB 368 2 1 1 6 10 1 0 0
ST_DELIB 368 5 1 1 6 10 1 0 0
ST_DELIB 368 8 1 1 6 10 1 0 0
ST_DELIB 368 23 1 1 6 10 1 0 0
ST_DELIB 368 26 1 1 6 10 1 0 0
ST_DELIB 368 13 1 1 6 10 1 0 0
ST_DELIB 368 16 1 1 6 10 1 0 0
ST_DELIB 368 22 1 1 6 10 1 0 0
ST_DELIB 369 21 3 1 1 80 4 2 1
ST_DELIB 369 2 1 1 6 10 1 0 0
ST_DELIB 369 5 1 1 6 10 1 0 0
ST_DELIB 369 8 1 1 6 10 1 0 0
ST_DELIB 369 23 1 1 6 10 1 0 0
ST_DELIB 369 26 1 1 6 10 1 0 0
ST_DELIB 369 13 1 1 6 10 1 0 0
ST_DELIB 369 16 1 1 6 10 1 0 0
ST_DELIB 369 22 1 1 6 10 1 0 0
ST_DELIB 370 2 1 1 6 10 1 0 0
ST_DELIB 370 5 1 1 6 10 1 0 0
ST_DELIB 370 8 1 1 6 10 1 0 0
ST_DELIB 370 23 1 1 6 10 1 0 0
ST_DELIB 370 26 1 1 6 10 1 0 0
ST_DELIB 370 13 1 1 6 10 1 0 0
ST_DELIB 370 16 1 1 6 10 1 0 0
ST_DELIB 370 22 1 1 6 10 1 0 0
ST_DELIB 371 2 1 1 6 10 1 0 0
ST_DELIB 371 5 1 1 6 10 1 0 0
ST_DELIB 371 8 1 1 6 10 1 0 0
ST_DELIB 371 23 1 1 6 10 1 0 0
ST_DELIB 371 26 1 1 6 10 1 0 0
ST_DELIB 371 13 1 1 6 10 1 0 0
ST_DELIB 371 16 1 1 6 10 1 0 0
ST_DELIB 371 22 1 1 6 10 1 0 0
ST_DELIB 372 2 1 1 6 10 1 0 0
ST_DELIB 372 5 1 1 6 10 1 0 0
ST_DELIB 372 8 1 1 6 10 1 0 0
ST_DELIB 372 23 1 1 6 10 1 0 0
ST_DELIB 372 26 1 1 6 10 1 0 0
ST_DELIB 372 13 1 1 6 10 1 0 0
ST_DELIB 372 16 1 1 6 10 1 0 0
ST_DELIB 372 22 1 1 6 10 1 0 0
ST_DELIB 373 2 1 1 6 10 1 0 0
ST_DELIB 373 5 1 1 6 10 1 0 0
ST_DELIB 373 8 1 1 6 10 1 0 0
ST_DELIB 373 23 1 1 6 10 1 0 0
ST_DELIB 373 26 1 1 6 10 1 0 0
ST_DELIB 373 13 1 1 6 10 1 0 0
ST_DELIB 373 16 1 1 6 10 1 0 0
ST_DELIB 373 22 1 1 6 10 1 0 0
ST_DELIB 374 2 1 1 6 10 1 0 0
ST_DELIB 374 5 1 1 6 10 1 0 0
ST_DELIB 374 8 1 1 6 10 1 0 0
ST_DELIB 374 23 1 1 6 10 1 0 0
ST_DELIB 374 26 1 1 6 10 1 0 0
ST_DELIB 374 13 1 1 6 10 1 0 0
ST_DELIB 374 16 1 1 6 10 1 0 0
ST_DELIB 374 22 1 1 6 10 1 0 0
ST_TS 375 32 2841 108 0 27 0 0 15 112 0 318 2544 111 27 1350 27
ST_DELIB 375 2 1 1 6 10 1 0 0
ST_DELIB 375 5 1 1 6 10 1 0 0
ST_DELIB 375 8 1 1 6 10 1 0 0
ST_DELIB 375 23 1 1 6 10 1 0 0
ST_DELIB 375 26 1 1 6 10 1 0 0
ST_DELIB 375 13 1 1 6 10 1 0 0
ST_DELIB 375 16 1 1 6 10 1 0 0
ST_DELIB 375 22 1 1 6 10 1 0 0
ST_DELIB 376 2 1 1 6 10 1 0 0
ST_DELIB 376 5 1 1 6 10 1 0 0
ST_DELIB 376 8 1 1 6 10 1 0 0
ST_DELIB 376 23 1 1 6 10 1 0 0
ST_DELIB 376 26 1 1 6 10 1 0 0
ST_DELIB 376 13 1 1 6 10 1 0 0
ST_DELIB 376 16 1 1 6 10 1 0 0
ST_DELIB 376 22 1 1 6 10 1 0 0
ST_DELIB 377 29 3 1 1 80 4 2 1
ST_DELIB 377 2 1 1 6 10 1 0 0
ST_DELIB 377 5 1 1 6 10 1 0 0
ST_DELIB 377 8 1 1 6 10 1 0 0
ST_DELIB 377 23 1 1 6 10 1 0 0
ST_DELIB 377 26 1 1 6 10 1 0 0
ST_DELIB 377 13 1 1 6 10 1 0 0
ST_DELIB 377 16 1 1 6 10 1 0 0
ST_DELIB 377 22 1 1 6 10 1 0 0
ST_DELIB 378 30 3 1 1 80 4 2 1
ST_DELIB 378 2 1 1 6 10 1 0 0
ST_DELIB 378 5 1 1 6 10 1 0 0
ST_DELIB 378 8 1 1 6 10 1 0 0
ST_DELIB 378 23 1 1 6 10 1 0 0
ST_DELIB 378 26 1 1 6 10 1 0 0
ST_DELIB 378 13 1 1 6 10 1 0 0
ST_DELIB 378 16 1 1 6 10 1 0 0
ST_DELIB 378 22 1 1 6 10 1 0 0
ST_DELIB 379 31 3 1 1 80 4 2 1
ST_DELIB 379 2 1 1 6 10 1 0 0
ST_DELIB 379 5 1 1 6 10 1 0 0
ST_DELIB 379 8 1 1 6 10 1 0 0
ST_DELIB 379 23 1 1 6 10 1 0 0
ST_DELIB 379 26 1 1 6 10 1 0 0
ST_DELIB 379 13 1 1 6 10 1 0 0
ST_DELIB 379 16 1 1 6 10 1 0 0
ST_DELIB 379 22 1 1 6 10 1 0 0
ST_DELIB 380 2 1 1 6 10 1 0 0
ST_DELIB 380 5 1 1 6 10 1 0 0
ST_DELIB 380 8 1 1 6 10 1 0 0
ST_DELIB 380 23 1 1 6 10 1 0 0
ST_DELIB 380 26 1 1 6 10 1 0 0
ST_DELIB 380 13 1 1 6 10 1 0 0
ST_DELIB 380 16 1 1 6 10 1 0 0
ST_DELIB 380 22 1 1 6 10 1 0 0
ST_DELIB 381 2 1 1 6 10 1 0 0
ST_DELIB 381 5 1 1 6 10 1 0 0
ST_DELIB 381 8 1 1 6 10 1 0 0
ST_DELIB 381 23 1 1 6 10 1 0 0
ST_DELIB 381 26 1 1 6 10 1 0 0
ST_DELIB 381 13 1 1 6 10 1 0 0
ST_DELIB 381 16 1 1 6 10 1 0 0
ST_DELIB 381 22 1 1 6 10 1 0 0
ST_DELIB 382 9 3 1 1 80 4 3 1
ST_DELIB 382 2 1 1 6 10 1 0 0
ST_DELIB 382 5 1 1 6 10 1 0 0
ST_DELIB 382 8 1 1 6 10 1 0 0
ST_DELIB 382 23 1 1 6 10 1 0 0
ST_DELIB 382 26 1 1 6 10 1 0 0
ST_DELIB 382 13 1 1 6 10 1 0 0
ST_DELIB 382 16 1 1 6 10 1 0 0
ST_DELIB 382 22 1 1 6 10 1 0 0
ST_DELIB 383 10 3 1 1 80 4 3 1
ST_DELIB 383 2 1 1 6 10 1 0 0
ST_DELIB 383 5 1 1 6 10 1 0 0
ST_DELIB 383 8 1 1 6 10 1 0 0
ST_DELIB 383 23 1 1 6 10 1 0 0
ST_DELIB 383 26 1 1 6 10 1 0 0
ST_DELIB 383 13 1 1 6 10 1 0 0
ST_DELIB 383 16 1 1 6 10 1 0 0
ST_DELIB 383 22 1 1 6 10 1 0 0
ST_DELIB 384 11 3 1 1 80 4 3 1
ST_DELIB 384 2 1 1 6 10 1 0 0
ST_DELIB 384 5 1 1 6 10 1 0 0
ST_DELIB 384 8 1 1 6 10 1 0 0
ST_DELIB 384 23 1 1 6 10 1 0 0
ST_DELIB 384 26 1 1 6 10 1 0 0
ST_DELIB 384 13 1 1 6 10 1 0 0
ST_DELIB 384 16 1 1 6 10 1 0 0
ST_DELIB 384 22 1 1 6 10 1 0 0
ST_DELIB 385 2 1 1 6 10 1 0 0
ST_DELIB 385 5 1 1 6 10 1 0 0
ST_DELIB 385 8 1 1 6 10 1 0 0
ST_DELIB 385 23 1 1 6 10 1 0 0
ST_DELIB 385 26 1 1 6 10 1 0 0
ST_DELIB 385 13 1 1 6 10 1 0 0
ST_DELIB 385 16 1 1 6 10 1 0 0
ST_DELIB 385 22 1 1 6 10 1 0 0
ST_DELIB 386 2 1 1 6 10 1 0 0
ST_DELIB 386 5 1 1 6 10 1 0 0
ST_DELIB 386 8 1 1 6 10 1 0 0
ST_DELIB 386 23 1 1 6 10 1 0 0
ST_DELIB 386 26 1 1 6 10 1 0 0
ST_DELIB 386 13 1 1 6 10 1 0 0
ST_DELIB 386 16 1 1 6 10 1 0 0
ST_DELIB 386 22 1 1 6 10 1 0 0
ST_DELIB 387 2 1 1 6 10 1 0 0
ST_DELIB 387 5 1 1 6 10 1 0 0
ST_DELIB 387 8 1 1 6 10 1 0 0
ST_DELIB 387 23 1 1 6 10 1 0 0
ST_DELIB 387 26 1 1 6 10 1 0 0
ST_DELIB 387 13 1 1 6 10 1 0 0
ST_DELIB 387 16 1 1 6 10 1 0 0
ST_DELIB 387 22 1 1 6 10 1 0 0
ST_DELIB 388 2 1 1 6 10 1 0 0
ST_DELIB 388 5 1 1 6 10 1 0 0
ST_DELIB 388 8 1 1 6 10 1 0 0
ST_DELIB 388 23 1 1 6 10 1 0 0
ST_DELIB 388 26 1 1 6 10 1 0 0
ST_DELIB 388 13 1 1 6 10 1 0 0
ST_DELIB 388 16 1 1 6 10 1 0 0
ST_DELIB 388 22 1 1 6 10 1 0 0
ST_DELIB 389 2 1 1 6 10 1 0 0
ST_DELIB 389 5 1 1 6 10 1 0 0
ST_DELIB 389 8 1 1 6 10 1 0 0
ST_DELIB 389 23 1 1 6 10 1 0 0
ST_DELIB 389 26 1 1 6 10 1 0 0
ST_DELIB 389 13 1 1 6 10 1 0 0
ST_DELIB 389 16 1 1 6 10 1 0 0
ST_DELIB 389 22 1 1 6 10 1 0 0
ST_DELIB 390 2 1 1 6 10 1 0 0
ST_DELIB 390 5 1 1 6 10 1 0 0
ST_DELIB 390 8 1 1 6 10 1 0 0
ST_DELIB 390 23 1 1 6 10 1 0 0
ST_DELIB 390 26 1 1 6 10 1 0 0
ST_DELIB 390 13 1 1 6 10 1 0 0
ST_DELIB 390 16 1 1 6 10 1 0 0
ST_DELIB 390 22 1 1 6 10 1 0 0
ST_DELIB 391 2 1 1 6 10 1 0 0
ST_DELIB 391 5 1 1 6 10 1 0 0
ST_DELIB 391 8 1 1 6 10 1 0 0
ST_DELIB 391 23 1 1 6 10 1 0 0
ST_DELIB 391 26 1 1 6 10 1 0 0
ST_DELIB 391 13 1 1 6 10 1 0 0
ST_DELIB 391 16 1 1 6 10 1 0 0
ST_DELIB 391 22 1 1 6 10 1 0 0
ST_DELIB 392 19 3 1 1 80 4 3 1
ST_DELIB 392 2 1 1 6 10 1 0 0
ST_DELIB 392 5 1 1 6 10 1 0 0
ST_DELIB 392 8 1 1 6 10 1 0 0
ST_DELIB 392 23 1 1 6 10 1 0 0
ST_DELIB 392 26 1 1 6 10 1 0 0
ST_DELIB 392 13 1 1 6 10 1 0 0
ST_DELIB 392 16 1 1 6 10 1 0 0
ST_DELIB 392 22 1 1 6 10 1 0 0
ST_DELIB 393 20 3 1 1 80 4 3 1
ST_DELIB 393 2 1 1 6 10 1 0 0
ST_DELIB 393 5 1 1 6 10 1 0 0
ST_DELIB 393 8 1 1 6 10 1 0 0
ST_DELIB 393 23 1 1 6 10 1 0 0
ST_DELIB 393 26 1 1 6 10 1 0 0
ST_DELIB 393 13 1 1 6 10 1 0 0
ST_DELIB 393 16 1 1 6 10 1 0 0
ST_DELIB 393 22 1 1 6 10 1 0 0
ST_DELIB 394 21 3 1 1 80 4 3 1
ST_DELIB 394 2 1 1 6 10 1 0 0
ST_DELIB 394 5 1 1 6 10 1 0 0
ST_DELIB 394 8 1 1 6 10 1 0 0
ST_DELIB 394 23 1 1 6 10 1 0 0
ST_DELIB 394 26 1 1 6 10 1 0 0
ST_DELIB 394 13 1 1 6 10 1 0 0
ST_DELIB 394 16 1 1 6 10 1 0 0
ST_DELIB 394 22 1 1 6 10 1 0 0
ST_DELIB 395 2 1 1 6 10 1 0 0
ST_DELIB 395 5 1 1 6 10 1 0 0
ST_DELIB 395 8 1 1 6 10 1 0 0
ST_DELIB 395 23 1 1 6 10 1 0 0
ST_DELIB 395 26 1 1 6 10 1 0 0
ST_DELIB 395 13 1 1 6 10 1 0 0
ST_DELIB 395 16 1 1 6 10 1 0 0
ST_DELIB 395 22 1 1 6 10 1 0 0
ST_DELIB 396 2 1 1 6 10 1 0 0
ST_DELIB 396 5 1 1 6 10 1 0 0
ST_DELIB 396 8 1 1 6 10 1 0 0
ST_DELIB 396 23 1 1 6 10 1 0 0
ST_DELIB 396 26 1 1 6 10 1 0 0
ST_DELIB 396 13 1 1 6 10 1 0 0
ST_DELIB 396 16 1 1 6 10 1 0 0
ST_DELIB 396 22 1 1 6 10 1 0 0
ST_DELIB 397 2 1 1 6 10 1 0 0
ST_DELIB 397 5 1 1 6 10 1 0 0
ST_DELIB 397 8 1 1 6 10 1 0 0
ST_DELIB 397 23 1 1 6 10 1 0 0
ST_DELIB 397 26 1 1 6 10 1 0 0
ST_DELIB 397 13 1 1 6 10 1 0 0
ST_DELIB 397 16 1 1 6 10 1 0 0
ST_DELIB 397 22 1 1 6 10 1 0 0
ST_DELIB 398 2 1 1 6 10 1 0 0
ST_DELIB 398 5 1 1 6 10 1 0 0
ST_DELIB 398 8 1 1 6 10 1 0 0
ST_DELIB 398 23 1 1 6 10 1 0 0
ST_DELIB 398 26 1 1 6 10 1 0 0
ST_DELIB 398 13 1 1 6 10 1 0 0
ST_DELIB 398 16 1 1 6 10 1 0 0
ST_DELIB 398 22 1 1 6 10 1 0 0
ST_DELIB 399 2 1 1 6 10 1 0 0
ST_DELIB 399 5 1 1 6 10 1 0 0
ST_DELIB 399 8 1 1 6 10 1 0 0
ST_DELIB 399 23 1 1 6 10 1 0 0
ST_DELIB 399 26 1 1 6 10 1 0 0
ST_DELIB 399 13 1 1 6 10 1 0 0
ST_DELIB 399 16 1 1 6 10 1 0 0
ST_DELIB 399 22 1 1 6 10 1 0 0
ST_TS 400 32 3050 108 0 27 0 0 15 120 0 343 2744 120 27 1350 27
ST_DELIB 400 2 1 1 6 10 1 0 0
ST_DELIB 400 5 1 1 6 10 1 0 0
ST_DELIB 400 8 1 1 6 10 1 0 0
ST_DELIB 400 23 1 1 6 10 1 0 0
ST_DELIB 400 26 1 1 6 10 1 0 0
ST_DELIB 400 13 1 1 6 10 1 0 0
ST_DELIB 400 16 1 1 6 10 1 0 0
ST_DELIB 400 22 1 1 6 10 1 0 0
ST_DELIB 401 2 1 1 6 10 1 0 0
ST_DELIB 401 5 1 1 6 10 1 0 0
ST_DELIB 401 8 1 1 6 10 1 0 0
ST_DELIB 401 23 1 1 6 10 1 0 0
ST_DELIB 401 26 1 1 6 10 1 0 0
ST_DELIB 401 13 1 1 6 10 1 0 0
ST_DELIB 401 16 1 1 6 10 1 0 0
ST_DELIB 401 22 1 1 6 10 1 0 0
ST_DELIB 402 29 3 1 1 80 4 3 1
ST_DELIB 402 2 1 1 6 10 1 0 0
ST_DELIB 402 5 1 1 6 10 1 0 0
ST_DELIB 402 8 1 1 6 10 1 0 0
ST_DELIB 402 23 1 1 6 10 1 0 0
ST_DELIB 402 26 1 1 6 10 1 0 0
ST_DELIB 402 13 1 1 6 10 1 0 0
ST_DELIB 402 16 1 1 6 10 1 0 0
ST_DELIB 402 22 1 1 6 10 1 0 0
ST_DELIB 403 30 3 1 1 80 4 3 1
ST_DELIB 403 2 1 1 6 10 1 0 0
ST_DELIB 403 5 1 1 6 10 1 0 0
ST_DELIB 403 8 1 1 6 10 1 0 0
ST_DELIB 403 23 1 1 6 10 1 0 0
ST_DELIB 403 26 1 1 6 10 1 0 0
ST_DELIB 403 13 1 1 6 10 1 0 0
ST_DELIB 403 16 1 1 6 10 1 0 0
ST_DELIB 403 22 1 1 6 10 1 0 0
ST_DELIB 404 31 3 1 1 80 4 3 1
ST_DELIB 404 2 1 1 6 10 1 0 0
ST_DELIB 404 5 1 1 6 10 1 0 0
ST_DELIB 404 8 1 1 6 10 1 0 0
ST_DELIB 404 23 1 1 6 10 1 0 0
ST_DELIB 404 26 1 1 6 10 1 0 0
ST_DELIB 404 13 1 1 6 10 1 0 0
ST_DELIB 404 16 1 1 6 10 1 0 0
ST_DELIB 404 22 1 1 6 10 1 0 0
ST_DELIB 405 2 1 1 6 10 1 0 0
ST_DELIB 405 5 1 1 6 10 1 0 0
ST_DELIB 405 8 1 1 6 10 1 0 0
ST_DELIB 405 23 1 1 6 10 1 0 0
ST_DELIB 405 26 1 1 6 10 1 0 0
ST_DELIB 405 13 1 1 6 10 1 0 0
ST_DELIB 405 16 1 1 6 10 1 0 0
ST_DELIB 405 22 1 1 6 10 1 0 0
ST_DELIB 406 2 1 1 6 10 1 0 0
ST_DELIB 406 5 1 1 6 10 1 0 0
ST_DELIB 406 8 1 1 6 10 1 0 0
ST_DELIB 406 23 1 1 6 10 1 0 0
ST_DELIB 406 26 1 1 6 10 1 0 0
ST_DELIB 406 13 1 1 6 10 1 0 0
ST_DELIB 406 16 1 1 6 10 1 0 0
ST_DELIB 406 22 1 1 6 10 1 0 0
ST_DELIB 407 9 3 1 1 80 4 4 1
ST_DELIB 408 10 3 1 1 80 4 4 1
ST_DELIB 409 11 3 1 1 80 4 4 1
ST_DELIB 410 2 1 1 6 10 1 0 0
ST_DELIB 410 5 1 1 6 10 1 0 0
ST_DELIB 410 8 1 1 6 10 1 0 0
ST_DELIB 410 23 1 1 6 10 1 0 0
ST_DELIB 410 26 1 1 6 10 1 0 0
ST_DELIB 410 13 1 1 6 10 1 0 0
ST_DELIB 410 16 1 1 6 10 1 0 0
ST_DELIB 410 22 1 1 6 10 1 0 0
ST_DELIB 411 2 1 1 6 10 1 0 0
ST_DELIB 411 5 1 1 6 10 1 0 0
ST_DELIB 411 8 1 1 6 10 1 0 0
ST_DELIB 411 23 1 1 6 10 1 0 0
ST_DELIB 411 26 1 1 6 10 1 0 0
ST_DELIB 411 13 1 1 6 10 1 0 0
ST_DELIB 411 16 1 1 6 10 1 0 0
ST_DELIB 411 22 1 1 6 10 1 0 0
ST_DELIB 412 2 1 1 6 10 1 0 0
ST_DELIB 412 5 1 1 6 10 1 0 0
ST_DELIB 412 8 1 1 6 10 1 0 0
ST_DELIB 412 23 1 1 6 10 1 0 0
ST_DELIB 412 26 1 1 6 10 1 0 0
ST_DELIB 412 13 1 1 6 10 1 0 0
ST_DELIB 412 16 1 1 6 10 1 0 0
ST_DELIB 412 22 1 1 6 10 1 0 0
ST_DELIB 413 2 1 1 6 10 1 0 0
ST_DELIB 413 5 1 1 6 10 1 0 0
ST_DELIB 413 8 1 1 6 10 1 0 0
ST_DELIB 413 23 1 1 6 10 1 0 0
ST_DELIB 413 26 1 1 6 10 1 0 0
ST_DELIB 413 13 1 1 6 10 1 0 0
ST_DELIB 413 16 1 1 6 10 1 0 0
ST_DELIB 413 22 1 1 6 10 1 0 0
ST_DELIB 414 2 1 1 6 10 1 0 0
ST_DELIB 414 5 1 1 6 10 1 0 0
ST_DELIB 414 8 1 1 6 10 1 0 0
ST_DELIB 414 23 1 1 6 10 1 0 0
ST_DELIB 414 26 1 1 6 10 1 0 0
ST_DELIB 414 13 1 1 6 10 1 0 0
ST_DELIB 414 16 1 1 6 10 1 0 0
ST_DELIB 414 22 1 1 6 10 1 0 0
ST_DELIB 415 2 1 1 6 10 1 0 0
ST_DELIB 415 5 1 1 6 10 1 0 0
ST_DELIB 415 8 1 1 6 10 1 0 0
ST_DELIB 415 23 1 1 6 10 1 0 0
ST_DELIB 415 26 1 1 6 10 1 0 0
ST_DELIB 415 13 1 1 6 10 1 0 0
ST_DELIB 415 16 1 1 6 10 1 0 0
ST_DELIB 415 22 1 1 6 10 1 0 0
ST_DELIB 416 2 1 1 6 10 1 0 0
ST_DELIB 416 5 1 1 6 10 1 0 0
ST_DELIB 416 8 1 1 6 10 1 0 0
ST_DELIB 416 23 1 1 6 10 1 0 0
ST_DELIB 416 26 1 1 6 10 1 0 0
ST_DELIB 416 13 1 1 6 10 1 0 0
ST_DELIB 416 16 1 1 6 10 1 0 0
ST_DELIB 416 22 1 1 6 10 1 0 0
ST_DELIB 417 19 3 1 1 80 4 4 1
ST_DELIB 418 20 3 1 1 80 4 4 1
ST_DELIB 419 21 3 1 1 80 4 4 1
ST_DELIB 420 2 1 1 6 10 1 0 0
ST_DELIB 420 5 1 1 6 10 1 0 0
ST_DELIB 420 8 1 1 6 10 1 0 0
ST_DELIB 420 23 1 1 6 10 1 0 0
ST_DELIB 420 26 1 1 6 10 1 0 0
ST_DELIB 420 13 1 1 6 10 1 0 0
ST_DELIB 420 16 1 1 6 10 1 0 0
ST_DELIB 420 22 1 1 6 10 1 0 0
ST_DELIB 421 2 1 1 6 10 1 0 0
ST_DELIB 421 5 1 1 6 10 1 0 0
ST_DELIB 421 8 1 1 6 10 1 0 0
ST_DELIB 421 23 1 1 6 10 1 0 0
ST_DELIB 421 26 1 1 6 10 1 0 0
ST_DELIB 421 13 1 1 6 10 1 0 0
ST_DELIB 421 16 1 1 6 10 1 0 0
ST_DELIB 421 22 1 1 6 10 1 0 0
ST_DELIB 422 2 1 1 6 10 1 0 0
ST_DELIB 422 5 1 1 6 10 1 0 0
ST_DELIB 422 8 1 1 6 10 1 0 0
ST_DELIB 422 23 1 1 6 10 1 0 0
ST_DELIB 422 26 1 1 6 10 1 0 0
ST_DELIB 422 13 1 1 6 10 1 0 0
ST_DELIB 422 16 1 1 6 10 1 0 0
ST_DELIB 422 22 1 1 6 10 1 0 0
ST_DELIB 423 2 1 1 6 10 1 0 0
ST_DELIB 423 5 1 1 6 10 1 0 0
ST_DELIB 423 8 1 1 6 10 1 0 0
ST_DELIB 423 23 1 1 6 10 1 0 0
ST_DELIB 423 26 1 1 6 10 1 0 0
ST_DELIB 423 13 1 1 6 10 1 0 0
ST_DELIB 423 16 1 1 6 10 1 0 0
ST_DELIB 423 22 1 1 6 10 1 0 0
ST_DELIB 424 2 1 1 6 10 1 0 0
ST_DELIB 424 5 1 1 6 10 1 0 0
ST_DELIB 424 8 1 1 6 10 1 0 0
ST_DELIB 424 23 1 1 6 10 1 0 0
ST_DELIB 424 26 1 1 6 10 1 0 0
ST_DELIB 424 13 1 1 6 10 1 0 0
ST_DELIB 424 16 1 1 6 10 1 0 0
ST_DELIB 424 22 1 1 6 10 1 0 0
ST_TS 425 32 3232 132 0 33 0 0 9 127 0 362 2896 126 33 1650 33
ST_DELIB 425 2 1 1 6 10 1 0 0
ST_DELIB 425 5 1 1 6 10 1 0 0
ST_DELIB 425 8 1 1 6 10 1 0 0
ST_DELIB 425 23 1 1 6 10 1 0 0
ST_DELIB 425 26 1 1 6 10 1 0 0
ST_DELIB 425 13 1 1 6 10 1 0 0
ST_DELIB 425 16 1 1 6 10 1 0 0
ST_DELIB 425 22 1 1 6 10 1 0 0
ST_DELIB 426 2 1 1 6 10 1 0 0
ST_DELIB 426 5 1 1 6 10 1 0 0
ST_DELIB 426 8 1 1 6 10 1 0 0
ST_DELIB 426 23 1 1 6 10 1 0 0
ST_DELIB 426 26 1 1 6 10 1 0 0
ST_DELIB 426 13 1 1 6 10 1 0 0
ST_DELIB 426 16 1 1 6 10 1 0 0
ST_DELIB 426 22 1 1 6 10 1 0 0
ST_DELIB 427 29 3 1 1 80 4 4 1
ST_DELIB 428 30 3 1 1 80 4 4 1
ST_DELIB 429 31 3 1 1 80 4 4 1
ST_DELIB 430 2 1 1 6 10 1 0 0
ST_DELIB 430 5 1 1 6 10 1 0 0
ST_DELIB 430 8 1 1 6 10 1 0 0
ST_DELIB 430 23 1 1 6 10 1 0 0
ST_DELIB 430 26 1 1 6 10 1 0 0
ST_DELIB 430 13 1 1 6 10 1 0 0
ST_DELIB 430 16 1 1 6 10 1 0 0
ST_DELIB 430 22 1 1 6 10 1 0 0
ST_DELIB 431 2 1 1 6 10 1 0 0
ST_DELIB 431 5 1 1 6 10 1 0 0
ST_DELIB 431 8 1 1 6 10 1 0 0
ST_DELIB 431 23 1 1 6 10 1 0 0
ST_DELIB 431 26 1 1 6 10 1 0 0
ST_DELIB 431 13 1 1 6 10 1 0 0
ST_DELIB 431 16 1 1 6 10 1 0 0
ST_DELIB 431 22 1 1 6 10 1 0 0
ST_DELIB 432 2 1 1 6 10 1 0 0
ST_DELIB 432 5 1 1 6 10 1 0 0
ST_DELIB 432 8 1 1 6 10 1 0 0
ST_DELIB 432 23 1 1 6 10 1 0 0
ST_DELIB 432 26 1 1 6 10 1 0 0
ST_DELIB 432 13 1 1 6 10 1 0 0
ST_DELIB 432 16 1 1 6 10 1 0 0
ST_DELIB 432 22 1 1 6 10 1 0 0
ST_DELIB 433 2 1 1 6 10 1 0 0
ST_DELIB 433 5 1 1 6 10 1 0 0
ST_DELIB 433 8 1 1 6 10 1 0 0
ST_DELIB 433 23 1 1 6 10 1 0 0
ST_DELIB 433 26 1 1 6 10 1 0 0
ST_DELIB 433 13 1 1 6 10 1 0 0
ST_DELIB 433 16 1 1 6 10 1 0 0
ST_DELIB 433 22 1 1 6 10 1 0 0
ST_DELIB 434 2 1 1 6 10 1 0 0
ST_DELIB 434 5 1 1 6 10 1 0 0
ST_DELIB 434 8 1 1 6 10 1 0 0
ST_DELIB 434 23 1 1 6 10 1 0 0
ST_DELIB 434 26 1 1 6 10 1 0 0
ST_DELIB 434 13 1 1 6 10 1 0 0
ST_DELIB 434 16 1 1 6 10 1 0 0
ST_DELIB 434 22 1 1 6 10 1 0 0
ST_DELIB 435 2 1 1 6 10 1 0 0
ST_DELIB 435 5 1 1 6 10 1 0 0
ST_DELIB 435 8 1 1 6 10 1 0 0
ST_DELIB 435 23 1 1 6 10 1 0 0
ST_DELIB 435 26 1 1 6 10 1 0 0
ST_DELIB 435 13 1 1 6 10 1 0 0
ST_DELIB 435 16 1 1 6 10 1 0 0
ST_DELIB 435 22 1 1 6 10 1 0 0
ST_DELIB 436 2 1 1 6 10 1 0 0
ST_DELIB 436 5 1 1 6 10 1 0 0
ST_DELIB 436 8 1 1 6 10 1 0 0
ST_DELIB 436 23 1 1 6 10 1 0 0
ST_DELIB 436 26 1 1 6 10 1 0 0
ST_DELIB 436 13 1 1 6 10 1 0 0
ST_DELIB 436 16 1 1 6 10 1 0 0
ST_DELIB 436 22 1 1 6 10 1 0 0
ST_DELIB 437 2 1 1 6 10 1 0 0
ST_DELIB 437 5 1 1 6 10 1 0 0
ST_DELIB 437 8 1 1 6 10 1 0 0
ST_DELIB 437 23 1 1 6 10 1 0 0
ST_DELIB 437 26 1 1 6 10 1 0 0
ST_DELIB 437 13 1 1 6 10 1 0 0
ST_DELIB 437 16 1 1 6 10 1 0 0
ST_DELIB 437 22 1 1 6 10 1 0 0
ST_DELIB 438 2 1 1 6 10 1 0 0
ST_DELIB 438 5 1 1 6 10 1 0 0
ST_DELIB 438 8 1 1 6 10 1 0 0
ST_DELIB 438 23 1 1 6 10 1 0 0
ST_DELIB 438 26 1 1 6 10 1 0 0
ST_DELIB 438 13 1 1 6 10 1 0 0
ST_DELIB 438 16 1 1 6 10 1 0 0
ST_DELIB 438 22 1 1 6 10 1 0 0
ST_DELIB 439 2 1 1 6 10 1 0 0
ST_DELIB 439 5 1 1 6 10 1 0 0
ST_DELIB 439 8 1 1 6 10 1 0 0
ST_DELIB 439 23 1 1 6 10 1 0 0
ST_DELIB 439 26 1 1 6 10 1 0 0
ST_DELIB 439 13 1 1 6 10 1 0 0
ST_DELIB 439 16 1 1 6 10 1 0 0
ST_DELIB 439 22 1 1 6 10 1 0 0
ST_DELIB 440 2 1 1 6 10 1 0 0
ST_DELIB 440 5 1 1 6 10 1 0 0
ST_DELIB 440 8 1 1 6 10 1 0 0
ST_DELIB 440 23 1 1 6 10 1 0 0
ST_DELIB 440 26 1 1 6 10 1 0 0
ST_DELIB 440 13 1 1 6 10 1 0 0
ST_DELIB 440 16 1 1 6 10 1 0 0
ST_DELIB 440 22 1 1 6 10 1 0 0
ST_DELIB 441 2 1 1 6 10 1 0 0
ST_DELIB 441 5 1 1 6 10 1 0 0
ST_DELIB 441 8 1 1 6 10 1 0 0
ST_DELIB 441 23 1 1 6 10 1 0 0
ST_DELIB 441 26 1 1 6 10 1 0 0
ST_DELIB 441 13 1 1 6 10 1 0 0
ST_DELIB 441 16 1 1 6 10 1 0 0
ST_DELIB 441 22 1 1 6 10 1 0 0
ST_DELIB 442 2 1 1 6 10 1 0 0
ST_DELIB 442 5 1 1 6 10 1 0 0
ST_DELIB 442 8 1 1 6 10 1 0 0
ST_DELIB 442 23 1 1 6 10 1 0 0
ST_DELIB 442 26 1 1 6 10 1 0 0
ST_DELIB 442 13 1 1 6 10 1 0 0
ST_DELIB 442 16 1 1 6 10 1 0 0
ST_DELIB 442 22 1 1 6 10 1 0 0
ST_DELIB 443 2 1 1 6 10 1 0 0
ST_DELIB 443 5 1 1 6 10 1 0 0
ST_DELIB 443 8 1 1 6 10 1 0 0
ST_DELIB 443 23 1 1 6 10 1 0 0
ST_DELIB 443 26 1 1 6 10 1 0 0
ST_DELIB 443 13 1 1 6 10 1 0 0
ST_DELIB 443 16 1 1 6 10 1 0 0
ST_DELIB 443 22 1 1 6 10 1 0 0
ST_DELIB 444 2 1 1 6 10 1 0 0
ST_DELIB 444 5 1 1 6 10 1 0 0
ST_DELIB 444 8 1 1 6 10 1 0 0
ST_DELIB 444 23 1 1 6 10 1 0 0
ST_DELIB 444 26 1 1 6 10 1 0 0
ST_DELIB 444 13 1 1 6 10 1 0 0
ST_DELIB 444 16 1 1 6 10 1 0 0
ST_DELIB 444 22 1 1 6 10 1 0 0
ST_DELIB 445 2 1 1 6 10 1 0 0
ST_DELIB 445 5 1 1 6 10 1 0 0
ST_DELIB 445 8 1 1 6 10 1 0 0
ST_DELIB 445 23 1 1 6 10 1 0 0
ST_DELIB 445 26 1 1 6 10 1 0 0
ST_DELIB 445 13 1 1 6 10 1 0 0
ST_DELIB 445 16 1 1 6 10 1 0 0
ST_DELIB 445 22 1 1 6 10 1 0 0
ST_DELIB 446 2 1 1 6 10 1 0 0
ST_DELIB 446 5 1 1 6 10 1 0 0
ST_DELIB 446 8 1 1 6 10 1 0 0
ST_DELIB 446 23 1 1 6 10 1 0 0
ST_DELIB 446 26 1 1 6 10 1 0 0
ST_DELIB 446 13 1 1 6 10 1 0 0
ST_DELIB 446 16 1 1 6 10 1 0 0
ST_DELIB 446 22 1 1 6 10 1 0 0
ST_DELIB 447 2 1 1 6 10 1 0 0
ST_DELIB 447 5 1 1 6 10 1 0 0
ST_DELIB 447 8 1 1 6 10 1 0 0
ST_DELIB 447 23 1 1 6 10 1 0 0
ST_DELIB 447 26 1 1 6 10 1 0 0
ST_DELIB 447 13 1 1 6 10 1 0 0
ST_DELIB 447 16 1 1 6 10 1 0 0
ST_DELIB 447 22 1 1 6 10 1 0 0
ST_DELIB 448 2 1 1 6 10 1 0 0
ST_DELIB 448 5 1 1 6 10 1 0 0
ST_DELIB 448 8 1 1 6 10 1 0 0
ST_DELIB 448 23 1 1 6 10 1 0 0
ST_DELIB 448 26 1 1 6 10 1 0 0
ST_DELIB 448 13 1 1 6 10 1 0 0
ST_DELIB 448 16 1 1 6 10 1 0 0
ST_DELIB 448 22 1 1 6 10 1 0 0
ST_DELIB 449 2 1 1 6 10 1 0 0
ST_DELIB 449 5 1 1 6 10 1 0 0
ST_DELIB 449 8 1 1 6 10 1 0 0
ST_DELIB 449 23 1 1 6 10 1 0 0
ST_DELIB 449 26 1 1 6 10 1 0 0
ST_DELIB 449 13 1 1 6 10 1 0 0
ST_DELIB 449 16 1 1 6 10 1 0 0
ST_DELIB 449 22 1 1 6 10 1 0 0
ST_TS 450 32 3432 144 0 36 0 0 12 135 0 384 3072 135 36 1800 36
ST_DELIB 450 2 1 1 6 10 1 0 0
ST_DELIB 450 5 1 1 6 10 1 0 0
ST_DELIB 450 8 1 1 6 10 1 0 0
ST_DELIB 450 23 1 1 6 10 1 0 0
ST_DELIB 450 26 1 1 6 10 1 0 0
ST_DELIB 450 13 1 1 6 10 1 0 0
ST_DELIB 450 16 1 1 6 10 1 0 0
ST_DELIB 450 22 1 1 6 10 1 0 0
ST_DELIB 451 2 1 1 6 10 1 0 0
ST_DELIB 451 5 1 1 6 10 1 0 0
ST_DELIB 451 8 1 1 6 10 1 0 0
ST_DELIB 451 23 1 1 6 10 1 0 0
ST_DELIB 451 26 1 1 6 10 1 0 0
ST_DELIB 451 13 1 1 6 10 1 0 0
ST_DELIB 451 16 1 1 6 10 1 0 0
ST_DELIB 451 22 1 1 6 10 1 0 0
ST_DELIB 452 2 1 1 6 10 1 0 0
ST_DELIB 452 5 1 1 6 10 1 0 0
ST_DELIB 452 8 1 1 6 10 1 0 0
ST_DELIB 452 23 1 1 6 10 1 0 0
ST_DELIB 452 26 1 1 6 10 1 0 0
ST_DELIB 452 13 1 1 6 10 1 0 0
ST_DELIB 452 16 1 1 6 10 1 0 0
ST_DELIB 452 22 1 1 6 10 1 0 0
ST_DELIB 453 2 1 1 6 10 1 0 0
ST_DELIB 453 5 1 1 6 10 1 0 0
ST_DELIB 453 8 1 1 6 10 1 0 0
ST_DELIB 453 23 1 1 6 10 1 0 0
ST_DELIB 453 26 1 1 6 10 1 0 0
ST_DELIB 453 13 1 1 6 10 1 0 0
ST_DELIB 453 16 1 1 6 10 1 0 0
ST_DELIB 453 22 1 1 6 10 1 0 0
ST_DELIB 454 2 1 1 6 10 1 0 0
ST_DELIB 454 5 1 1 6 10 1 0 0
ST_DELIB 454 8 1 1 6 10 1 0 0
ST_DELIB 454 23 1 1 6 10 1 0 0
ST_DELIB 454 26 1 1 6 10 1 0 0
ST_DELIB 454 13 1 1 6 10 1 0 0
ST_DELIB 454 16 1 1 6 10 1 0 0
ST_DELIB 454 22 1 1 6 10 1 0 0
ST_DELIB 455 2 1 1 6 10 1 0 0
ST_DELIB 455 5 1 1 6 10 1 0 0
ST_DELIB 455 8 1 1 6 10 1 0 0
ST_DELIB 455 23 1 1 6 10 1 0 0
ST_DELIB 455 26 1 1 6 10 1 0 0
ST_DELIB 455 13 1 1 6 10 1 0 0
ST_DELIB 455 16 1 1 6 10 1 0 0
ST_DELIB 455 22 1 1 6 10 1 0 0
ST_DELIB 456 2 1 1 6 10 1 0 0
ST_DELIB 456 5 1 1 6 10 1 0 0
ST_DELIB 456 8 1 1 6 10 1 0 0
ST_DELIB 456 23 1 1 6 10 1 0 0
ST_DELIB 456 26 1 1 6 10 1 0 0
ST_DELIB 456 13 1 1 6 10 1 0 0
ST_DELIB 456 16 1 1 6 10 1 0 0
ST_DELIB 456 22 1 1 6 10 1 0 0
ST_DELIB 457 9 3 1 1 80 4 2 1
ST_DELIB 457 2 1 1 6 10 1 0 0
ST_DELIB 457 5 1 1 6 10 1 0 0
ST_DELIB 457 8 1 1 6 10 1 0 0
ST_DELIB 457 23 1 1 6 10 1 0 0
ST_DELIB 457 26 1 1 6 10 1 0 0
ST_DELIB 457 13 1 1 6 10 1 0 0
ST_DELIB 457 16 1 1 6 10 1 0 0
ST_DELIB 457 22 1 1 6 10 1 0 0
ST_DELIB 458 10 3 1 1 80 4 2 1
ST_DELIB 458 2 1 1 6 10 1 0 0
ST_DELIB 458 5 1 1 6 10 1 0 0
ST_DELIB 458 8 1 1 6 10 1 0 0
ST_DELIB 458 23 1 1 6 10 1 0 0
ST_DELIB 458 26 1 1 6 10 1 0 0
ST_DELIB 458 13 1 1 6 10 1 0 0
ST_DELIB 458 16 1 1 6 10 1 0 0
ST_DELIB 458 22 1 1 6 10 1 0 0
ST_DELIB 459 11 3 1 1 80 4 2 1
ST_DELIB 459 2 1 1 6 10 1 0 0
ST_DELIB 459 5 1 1 6 10 1 0 0
ST_DELIB 459 8 1 1 6 10 1 0 0
ST_DELIB 459 23 1 1 6 10 1 0 0
ST_DELIB 459 26 1 1 6 10 1 0 0
ST_DELIB 459 13 1 1 6 10 1 0 0
ST_DELIB 459 16 1 1 6 10 1 0 0
ST_DELIB 459 22 1 1 6 10 1 0 0
ST_DELIB 460 2 1 1 6 10 1 0 0
ST_DELIB 460 5 1 1 6 10 1 0 0
ST_DELIB 460 8 1 1 6 10 1 0 0
ST_DELIB 460 23 1 1 6 10 1 0 0
ST_DELIB 460 26 1 1 6 10 1 0 0
ST_DELIB 460 13 1 1 6 10 1 0 0
ST_DELIB 460 16 1 1 6 10 1 0 0
ST_DELIB 460 22 1 1 6 10 1 0 0
ST_DELIB 461 2 1 1 6 10 1 0 0
ST_DELIB 461 5 1 1 6 10 1 0 0
ST_DELIB 461 8 1 1 6 10 1 0 0
ST_DELIB 461 23 1 1 6 10 1 0 0
ST_DELIB 461 26 1 1 6 10 1 0 0
ST_DELIB 461 13 1 1 6 10 1 0 0
ST_DELIB 461 16 1 1 6 10 1 0 0
ST_DELIB 461 22 1 1 6 10 1 0 0
ST_DELIB 462 2 1 1 6 10 1 0 0
ST_DELIB 462 5 1 1 6 10 1 0 0
ST_DELIB 462 8 1 1 6 10 1 0 0
ST_DELIB 462 23 1 1 6 10 1 0 0
ST_DELIB 462 26 1 1 6 10 1 0 0
ST_DELIB 462 13 1 1 6 10 1 0 0
ST_DELIB 462 16 1 1 6 10 1 0 0
ST_DELIB 462 22 1 1 6 10 1 0 0
ST_DELIB 463 2 1 1 6 10 1 0 0
ST_DELIB 463 5 1 1 6 10 1 0 0
ST_DELIB 463 8 1 1 6 10 1 0 0
ST_DELIB 463 23 1 1 6 10 1 0 0
ST_DELIB 463 26 1 1 6 10 1 0 0
ST_DELIB 463 13 1 1 6 10 1 0 0
ST_DELIB 463 16 1 1 6 10 1 0 0
ST_DELIB 463 22 1 1 6 10 1 0 0
ST_DELIB 464 2 1 1 6 10 1 0 0
ST_DELIB 464 5 1 1 6 10 1 0 0
ST_DELIB 464 8 1 1 6 10 1 0 0
ST_DELIB 464 23 1 1 6 10 1 0 0
ST_DELIB 464 26 1 1 6 10 1 0 0
ST_DELIB 464 13 1 1 6 10 1 0 0
ST_DELIB 464 16 1 1 6 10 1 0 0
ST_DELIB 464 22 1 1 6 10 1 0 0
ST_DELIB 465 2 1 1 6 10 1 0 0
ST_DELIB 465 5 1 1 6 10 1 0 0
ST_DELIB 465 8 1 1 6 10 1 0 0
ST_DELIB 465 23 1 1 6 10 1 0 0
ST_DELIB 465 26 1 1 6 10 1 0 0
ST_DELIB 465 13 1 1 6 10 1 0 0
ST_DELIB 465 16 1 1 6 10 1 0 0
ST_DELIB 465 22 1 1 6 10 1 0 0
ST_DELIB 466 2 1 1 6 10 1 0 0
ST_DELIB 466 5 1 1 6 10 1 0 0
ST_DELIB 466 8 1 1 6 10 1 0 0
ST_DELIB 466 23 1 1 6 10 1 0 0
ST_DELIB 466 26 1 1 6 10 1 0 0
ST_DELIB 466 13 1 1 6 10 1 0 0
ST_DELIB 466 16 1 1 6 10 1 0 0
ST_DELIB 466 22 1 1 6 10 1 0 0
ST_DELIB 467 19 3 1 1 80 4 2 1
ST_DELIB 467 2 1 1 6 10 1 0 0
ST_DELIB 467 5 1 1 6 10 1 0 0
ST_DELIB 467 8 1 1 6 10 1 0 0
ST_DELIB 467 23 1 1 6 10 1 0 0
ST_DELIB 467 26 1 1 6 10 1 0 0
ST_DELIB 467 13 1 1 6 10 1 0 0
ST_DELIB 467 16 1 1 6 10 1 0 0
ST_DELIB 467 22 1 1 6 10 1 0 0
ST_DELIB 468 20 3 1 1 80 4 2 1
ST_DELIB 468 2 1 1 6 10 1 0 0
ST_DELIB 468 5 1 1 6 10 1 0 0
ST_DELIB 468 8 1 1 6 10 1 0 0
ST_DELIB 468 23 1 1 6 10 1 0 0
ST_DELIB 468 26 1 1 6 10 1 0 0
ST_DELIB 468 13 1 1 6 10 1 0 0
ST_DELIB 468 16 1 1 6 10 1 0 0
ST_DELIB 468 22 1 1 6 10 1 0 0
ST_DELIB 469 21 3 1 1 80 4 2 1
ST_DELIB 469 2 1 1 6 10 1 0 0
ST_DELIB 469 5 1 1 6 10 1 0 0
ST_DELIB 469 8 1 1 6 10 1 0 0
ST_DELIB 469 23 1 1 6 10 1 0 0
ST_DELIB 469 26 1 1 6 10 1 0 0
ST_DELIB 469 13 1 1 6 10 1 0 0
ST_DELIB 469 16 1 1 6 10 1 0 0
ST_DELIB 469 22 1 1 6 10 1 0 0
ST_DELIB 470 2 1 1 6 10 1 0 0
ST_DELIB 470 5 1 1 6 10 1 0 0
ST_DELIB 470 8 1 1 6 10 1 0 0
ST_DELIB 470 23 1 1 6 10 1 0 0
ST_DELIB 470 26 1 1 6 10 1 0 0
ST_DELIB 470 13 1 1 6 10 1 0 0
ST_DELIB 470 16 1 1 6 10 1 0 0
ST_DELIB 470 22 1 1 6 10 1 0 0
ST_DELIB 471 2 1 1 6 10 1 0 0
ST_DELIB 471 5 1 1 6 10 1 0 0
ST_DELIB 471 8 1 1 6 10 1 0 0
ST_DELIB 471 23 1 1 6 10 1 0 0
ST_DELIB 471 26 1 1 6 10 1 0 0
ST_DELIB 471 13 1 1 6 10 1 0 0
ST_DELIB 471 16 1 1 6 10 1 0 0
ST_DELIB 471 22 1 1 6 10 1 0 0
ST_DELIB 472 2 1 1 6 10 1 0 0
ST_DELIB 472 5 1 1 6 10 1 0 0
ST_DELIB 472 8 1 1 6 10 1 0 0
ST_DELIB 472 23 1 1 6 10 1 0 0
ST_DELIB 472 26 1 1 6 10 1 0 0
ST_DELIB 472 13 1 1 6 10 1 0 0
ST_DELIB 472 16 1 1 6 10 1 0 0
ST_DELIB 472 22 1 1 6 10 1 0 0
ST_DELIB 473 2 1 1 6 10 1 0 0
ST_DELIB 473 5 1 1 6 10 1 0 0
ST_DELIB 473 8 1 1 6 10 1 0 0
ST_DELIB 473 23 1 1 6 10 1 0 0
ST_DELIB 473 26 1 1 6 10 1 0 0
ST_DELIB 473 13 1 1 6 10 1 0 0
ST_DELIB 473 16 1 1 6 10 1 0 0
ST_DELIB 473 22 1 1 6 10 1 0 0
ST_DELIB 474 2 1 1 6 10 1 0 0
ST_DELIB 474 5 1 1 6 10 1 0 0
ST_DELIB 474 8 1 1 6 10 1 0 0
ST_DELIB 474 23 1 1 6 10 1 0 0
ST_DELIB 474 26 1 1 6 10 1 0 0
ST_DELIB 474 13 1 1 6 10 1 0 0
ST_DELIB 474 16 1 1 6 10 1 0 0
ST_DELIB 474 22 1 1 6 10 1 0 0
ST_TS 475 32 3644 144 0 36 0 0 15 142 0 409 3272 141 36 1800 36
ST_DELIB 475 2 1 1 6 10 1 0 0
ST_DELIB 475 5 1 1 6 10 1 0 0
ST_DELIB 475 8 1 1 6 10 1 0 0
ST_DELIB 475 23 1 1 6 10 1 0 0
ST_DELIB 475 26 1 1 6 10 1 0 0
ST_DELIB 475 13 1 1 6 10 1 0 0
ST_DELIB 475 16 1 1 6 10 1 0 0
ST_DELIB 475 22 1 1 6 10 1 0 0
ST_DELIB 476 2 1 1 6 10 1 0 0
ST_DELIB 476 5 1 1 6 10 1 0 0
ST_DELIB 476 8 1 1 6 10 1 0 0
ST_DELIB 476 23 1 1 6 10 1 0 0
ST_DELIB 476 26 1 1 6 10 1 0 0
ST_DELIB 476 13 1 1 6 10 1 0 0
ST_DELIB 476 16 1 1 6 10 1 0 0
ST_DELIB 476 22 1 1 6 10 1 0 0
ST_DELIB 477 29 3 1 1 80 4 2 1
ST_DELIB 477 2 1 1 6 10 1 0 0
ST_DELIB 477 5 1 1 6 10 1 0 0
ST_DELIB 477 8 1 1 6 10 1 0 0
ST_DELIB 477 23 1 1 6 10 1 0 0
ST_DELIB 477 26 1 1 6 10 1 0 0
ST_DELIB 477 13 1 1 6 10 1 0 0
ST_DELIB 477 16 1 1 6 10 1 0 0
ST_DELIB 477 22 1 1 6 10 1 0 0
ST_DELIB 478 30 3 1 1 80 4 2 1
ST_DELIB 478 2 1 1 6 10 1 0 0
ST_DELIB 478 5 1 1 6 10 1 0 0
ST_DELIB 478 8 1 1 6 10 1 0 0
ST_DELIB 478 23 1 1 6 10 1 0 0
ST_DELIB 478 26 1 1 6 10 1 0 0
ST_DELIB 478 13 1 1 6 10 1 0 0
ST_DELIB 478 16 1 1 6 10 1 0 0
ST_DELIB 478 22 1 1 6 10 1 0 0
ST_DELIB 479 31 3 1 1 80 4 2 1
ST_DELIB 479 2 1 1 6 10 1 0 0
ST_DELIB 479 5 1 1 6 10 1 0 0
ST_DELIB 479 8 1 1 6 10 1 0 0
ST_DELIB 479 23 1 1 6 10 1 0 0
ST_DELIB 479 26 1 1 6 10 1 0 0
ST_DELIB 479 13 1 1 6 10 1 0 0
ST_DELIB 479 16 1 1 6 10 1 0 0
ST_DELIB 479 22 1 1 6 10 1 0 0
ST_DELIB 480 2 1 1 6 10 1 0 0
ST_DELIB 480 5 1 1 6 10 1 0 0
ST_DELIB 480 8 1 1 6 10 1 0 0
ST_DELIB 480 23 1 1 6 10 1 0 0
ST_DELIB 480 26 1 1 6 10 1 0 0
ST_DELIB 480 13 1 1 6 10 1 0 0
ST_DELIB 480 16 1 1 6 10 1 0 0
ST_DELIB 480 22 1 1 6 10 1 0 0
ST_DELIB 481 2 1 1 6 10 1 0 0
ST_DELIB 481 5 1 1 6 10 1 0 0
ST_DELIB 481 8 1 1 6 10 1 0 0
ST_DELIB 481 23 1 1 6 10 1 0 0
ST_DELIB 481 26 1 1 6 10 1 0 0
ST_DELIB 481 13 1 1 6 10 1 0 0
ST_DELIB 481 16 1 1 6 10 1 0 0
ST_DELIB 481 22 1 1 6 10 1 0 0
ST_DELIB 482 9 3 1 1 80 4 3 1
ST_DELIB 482 2 1 1 6 10 1 0 0
ST_DELIB 482 5 1 1 6 10 1 0 0
ST_DELIB 482 8 1 1 6 10 1 0 0
ST_DELIB 482 23 1 1 6 10 1 0 0
ST_DELIB 482 26 1 1 6 10 1 0 0
ST_DELIB 482 13 1 1 6 10 1 0 0
ST_DELIB 482 16 1 1 6 10 1 0 0
ST_DELIB 482 22 1 1 6 10 1 0 0
ST_DELIB 483 10 3 1 1 80 4 3 1
ST_DELIB 483 2 1 1 6 10 1 0 0
ST_DELIB 483 5 1 1 6 10 1 0 0
ST_DELIB 483 8 1 1 6 10 1 0 0
ST_DELIB 483 23 1 1 6 10 1 0 0
ST_DELIB 483 26 1 1 6 10 1 0 0
ST_DELIB 483 13 1 1 6 10 1 0 0
ST_DELIB 483 16 1 1 6 10 1 0 0
ST_DELIB 483 22 1 1 6 10 1 0 0
ST_DELIB 484 11 3 1 1 80 4 3 1
ST_DELIB 484 2 1 1 6 10 1 0 0
ST_DELIB 484 5 1 1 6 10 1 0 0
ST_DELIB 484 8 1 1 6 10 1 0 0
ST_DELIB 484 23 1 1 6 10 1 0 0
ST_DELIB 484 26 1 1 6 10 1 0 0
ST_DELIB 484 13 1 1 6 10 1 0 0
ST_DELIB 484 16 1 1 6 10 1 0 0
ST_DELIB 484 22 1 1 6 10 1 0 0
ST_DELIB 485 2 1 1 6 10 1 0 0
ST_DELIB 485 5 1 1 6 10 1 0 0
ST_DELIB 485 8 1 1 6 10 1 0 0
ST_DELIB 485 23 1 1 6 10 1 0 0
ST_DELIB 485 26 1 1 6 10 1 0 0
ST_DELIB 485 13 1 1 6 10 1 0 0
ST_DELIB 485 16 1 1 6 10 1 0 0
ST_DELIB 485 22 1 1 6 10 1 0 0
ST_DELIB 486 2 1 1 6 10 1 0 0
ST_DELIB 486 5 1 1 6 10 1 0 0
ST_DELIB 486 8 1 1 6 10 1 0 0
ST_DELIB 486 23 1 1 6 10 1 0 0
ST_DELIB 486 26 1 1 6 10 1 0 0
ST_DELIB 486 13 1 1 6 10 1 0 0
ST_DELIB 486 16 1 1 6 10 1 0 0
ST_DELIB 486 22 1 1 6 10 1 0 0
ST_DELIB 487 2 1 1 6 10 1 0 0
ST_DELIB 487 5 1 1 6 10 1 0 0
ST_DELIB 487 8 1 1 6 10 1 0 0
ST_DELIB 487 23 1 1 6 10 1 0 0
ST_DELIB 487 26 1 1 6 10 1 0 0
ST_DELIB 487 13 1 1 6 10 1 0 0
ST_DELIB 487 16 1 1 6 10 1 0 0
ST_DELIB 487 22 1 1 6 10 1 0 0
ST_DELIB 488 2 1 1 6 10 1 0 0
ST_DELIB 488 5 1 1 6 10 1 0 0
ST_DELIB 488 8 1 1 6 10 1 0 0
ST_DELIB 488 23 1 1 6 10 1 0 0
ST_DELIB 488 26 1 1 6 10 1 0 0
ST_DELIB 488 13 1 1 6 10 1 0 0
ST_DELIB 488 16 1 1 6 10 1 0 0
ST_DELIB 488 22 1 1 6 10 1 0 0
ST_DELIB 489 2 1 1 6 10 1 0 0
ST_DELIB 489 5 1 1 6 10 1 0 0
ST_DELIB 489 8 1 1 6 10 1 0 0
ST_DELIB 489 23 1 1 6 10 1 0 0
ST_DELIB 489 26 1 1 6 10 1 0 0
ST_DELIB 489 13 1 1 6 10 1 0 0
ST_DELIB 489 16 1 1 6 10 1 0 0
ST_DELIB 489 22 1 1 6 10 1 0 0
ST_DELIB 490 2 1 1 6 10 1 0 0
ST_DELIB 490 5 1 1 6 10 1 0 0
ST_DELIB 490 8 1 1 6 10 1 0 0
ST_DELIB 490 23 1 1 6 10 1 0 0
ST_DELIB 490 26 1 1 6 10 1 0 0
ST_DELIB 490 13 1 1 6 10 1 0 0
ST_DELIB 490 16 1 1 6 10 1 0 0
ST_DELIB 490 22 1 1 6 10 1 0 0
ST_DELIB 491 2 1 1 6 10 1 0 0
ST_DELIB 491 5 1 1 6 10 1 0 0
ST_DELIB 491 8 1 1 6 10 1 0 0
ST_DELIB 491 23 1 1 6 10 1 0 0
ST_DELIB 491 26 1 1 6 10 1 0 0
ST_DELIB 491 13 1 1 6 10 1 0 0
ST_DELIB 491 16 1 1 6 10 1 0 0
ST_DELIB 491 22 1 1 6 10 1 0 0
ST_DELIB 492 19 3 1 1 80 4 3 1
ST_DELIB 492 2 1 1 6 10 1 0 0
ST_DELIB 492 5 1 1 6 10 1 0 0
ST_DELIB 492 8 1 1 6 10 1 0 0
ST_DELIB 492 23 1 1 6 10 1 0 0
ST_DELIB 492 26 1 1 6 10 1 0 0
ST_DELIB 492 13 1 1 6 10 1 0 0
ST_DELIB 492 16 1 1 6 10 1 0 0
ST_DELIB 492 22 1 1 6 10 1 0 0
ST_DELIB 493 20 3 1 1 80 4 3 1
ST_DELIB 493 2 1 1 6 10 1 0 0
ST_DELIB 493 5 1 1 6 10 1 0 0
ST_DELIB 493 8 1 1 6 10 1 0 0
ST_DELIB 493 23 1 1 6 10 1 0 0
ST_DELIB 493 26 1 1 6 10 1 0 0
ST_DELIB 493 13 1 1 6 10 1 0 0
ST_DELIB 493 16 1 1 6 10 1 0 0
ST_DELIB 493 22 1 1 6 10 1 0 0
ST_DELIB 494 21 3 1 1 80 4 3 1
ST_DELIB 494 2 1 1 6 10 1 0 0
ST_DELIB 494 5 1 1 6 10 1 0 0
ST_DELIB 494 8 1 1 6 10 1 0 0
ST_DELIB 494 23 1 1 6 10 1 0 0
ST_DELIB 494 26 1 1 6 10 1 0 0
ST_DELIB 494 13 1 1 6 10 1 0 0
ST_DELIB 494 16 1 1 6 10 1 0 0
ST_DELIB 494 22 1 1 6 10 1 0 0
ST_DELIB 495 2 1 1 6 10 1 0 0
ST_DELIB 495 5 1 1 6 10 1 0 0
ST_DELIB 495 8 1 1 6 10 1 0 0
ST_DELIB 495 23 1 1 6 10 1 0 0
ST_DELIB 495 26 1 1 6 10 1 0 0
ST_DELIB 495 13 1 1 6 10 1 0 0
ST_DELIB 495 16 1 1 6 10 1 0 0
ST_DELIB 495 22 1 1 6 10 1 0 0
ST_DELIB 496 2 1 1 6 10 1 0 0
ST_DELIB 496 5 1 1 6 10 1 0 0
ST_DELIB 496 8 1 1 6 10 1 0 0
ST_DELIB 496 23 1 1 6 10 1 0 0
ST_DELIB 496 26 1 1 6 10 1 0 0
ST_DELIB 496 13 1 1 6 10 1 0 0
ST_DELIB 496 16 1 1 6 10 1 0 0
ST_DELIB 496 22 1 1 6 10 1 0 0
ST_DELIB 497 2 1 1 6 10 1 0 0
ST_DELIB 497 5 1 1 6 10 1 0 0
ST_DELIB 497 8 1 1 6 10 1 0 0
ST_DELIB 497 23 1 1 6 10 1 0 0
ST_DELIB 497 26 1 1 6 10 1 0 0
ST_DELIB 497 13 1 1 6 10 1 0 0
ST_DELIB 497 16 1 1 6 10 1 0 0
ST_DELIB 497 22 1 1 6 10 1 0 0
ST_DELIB 498 2 1 1 6 10 1 0 0
ST_DELIB 498 5 1 1 6 10 1 0 0
ST_DELIB 498 8 1 1 6 10 1 0 0
ST_DELIB 498 23 1 1 6 10 1 0 0
ST_DELIB 498 26 1 1 6 10 1 0 0
ST_DELIB 498 13 1 1 6 10 1 0 0
ST_DELIB 498 16 1 1 6 10 1 0 0
ST_DELIB 498 22 1 1 6 10 1 0 0
ST_DELIB 499 2 1 1 6 10 1 0 0
ST_DELIB 499 5 1 1 6 10 1 0 0
ST_DELIB 499 8 1 1 6 10 1 0 0
ST_DELIB 499 23 1 1 6 10 1 0 0
ST_DELIB 499 26 1 1 6 10 1 0 0
ST_DELIB 499 13 1 1 6 10 1 0 0
ST_DELIB 499 16 1 1 6 10 1 0 0
ST_DELIB 499 22 1 1 6 10 1 0 0
ST_TS 500 32 3853 144 0 36 0 0 15 150 0 434 3472 150 36 1800 36
ST_CELL 11 1 1 0
ST_AUDIT_N 3853
ST_DROPS 434
ST_ABANDONS 3472
ST_ABANDON_Q 3472 0 0 0
ST_METRIC 2 36 36
ST_METRIC 7 75 1
ST_METRIC 6 0 6
ST_A_SUMMARY 36 0 0 144 0
ST_LEDGER 3853 323652
CL_CHECK,ck_replay,0,0
CL_CHECK,ck_refusals_clean,0,0
CL_CHECK,ck_core_live,1,1
CL_CHECK,ck_strength_lineage,1,1
CL_CHECK,ck_strength_lineage,1,1
CL_CHECK,ck_strength_lineage,1,1
CL_CHECK,ck_strength_lineage,1,1
CL_CHECK,ck_strength_lineage,1,1
CL_CHECK,ck_strength_lineage,1,1
CL_CHECK,ck_strength_lineage,1,1
CL_CHECK,ck_strength_lineage,1,1
CL_CHECK,ck_strength_lineage,1,1
CL_CHECK,ck_strength_lineage,1,1
CL_CHECK,ck_strength_lineage,1,1
CL_CHECK,ck_strength_lineage,1,1
CL_CHECK,ck_strength_lineage,1,1
CL_CHECK,ck_strength_lineage,1,1
CL_CHECK,ck_strength_lineage,1,1
CL_CHECK,ck_strength_lineage,1,1
CL_CHECK,ck_strength_lineage,1,1
CL_CHECK,ck_strength_lineage,1,1
CL_CHECK,ck_strength_lineage,1,1
CL_CHECK,ck_strength_lineage,1,1
CL_CHECK,ck_strength_lineage,1,1
CL_CHECK,ck_strength_lineage,1,1
CL_CHECK,ck_strength_lineage,1,1
CL_CHECK,ck_strength_lineage,1,1
CL_CHECK,ck_strength_lineage,1,1
CL_CHECK,ck_strength_lineage,1,1
CL_CHECK,ck_strength_lineage,1,1
CL_CHECK,ck_strength_lineage,1,1
CL_CHECK,ck_strength_lineage,1,1
CL_CHECK,ck_strength_lineage,1,1
CL_CHECK,ck_strength_lineage,1,1
CL_CHECK,ck_strength_lineage,1,1
CL_CHECK,ck_strength_lineage,1,1
CL_CHECK,ck_strength_lineage,1,1
CL_CHECK,ck_strength_lineage,1,1
CL_CHECK,ck_strength_lineage,1,1
CL_CHECK,ck_strength_lineage,1,1
CL_CHECK,ck_strength_lineage,1,1
CL_CHECK,ck_strength_lineage,1,1
CL_CHECK,ck_strength_lineage,1,1
CL_CHECK,ck_strength_lineage,1,1
CL_CHECK,ck_strength_lineage,1,1
CL_CHECK,ck_strength_lineage,1,1
CL_CHECK,ck_strength_lineage,1,1
CL_CHECK,ck_strength_lineage,1,1
CL_CHECK,ck_strength_lineage,1,1
CL_CHECK,ck_strength_lineage,1,1
CL_CHECK,ck_strength_lineage,1,1
CL_CHECK,ck_strength_lineage,1,1
CL_CHECK,ck_strength_lineage,1,1
CL_CHECK,ck_strength_lineage,1,1
CL_CHECK,ck_strength_lineage,1,1
CL_CHECK,ck_strength_lineage,1,1
CL_CHECK,ck_strength_lineage,1,1
CL_CHECK,ck_strength_lineage,1,1
CL_CHECK,ck_strength_lineage,1,1
CL_CHECK,ck_strength_lineage,1,1
CL_CHECK,ck_strength_lineage,1,1
CL_CHECK,ck_strength_lineage,1,1
CL_CHECK,ck_strength_lineage,1,1
CL_CHECK,ck_strength_lineage,1,1
CL_CHECK,ck_strength_lineage,1,1
CL_CHECK,ck_strength_lineage,1,1
CL_CHECK,ck_strength_lineage,1,1
CL_CHECK,ck_strength_lineage,1,1
CL_CHECK,ck_strength_lineage,1,1
CL_CHECK,ck_strength_lineage,1,1
CL_CHECK,ck_strength_lineage,1,1
CL_CHECK,ck_strength_lineage,1,1
CL_CHECK,ck_strength_lineage,1,1
CL_CHECK,ck_strength_lineage,1,1
CL_CHECK,ck_strength_lineage,1,1
CL_CHECK,ck_strength_lineage,1,1
CL_CHECK,ck_strength_lineage,1,1
CL_CHECK,ck_strength_lineage,1,1
CL_CHECK,ck_strength_lineage,1,1
CL_CHECK,ck_strength_lineage,1,1
CL_CHECK,ck_strength_lineage,1,1
CL_CHECK,ck_strength_lineage,1,1
CL_CHECK,ck_strength_lineage,1,1
CL_CHECK,ck_strength_lineage,1,1
CL_CHECK,ck_strength_lineage,1,1
CL_CHECK,ck_strength_lineage,1,1
CL_CHECK,ck_strength_lineage,1,1
CL_CHECK,ck_strength_lineage,1,1
CL_CHECK,ck_strength_lineage,1,1
CL_CHECK,ck_strength_lineage,1,1
CL_CHECK,ck_strength_lineage,1,1
CL_CHECK,ck_strength_lineage,1,1
CL_CHECK,ck_strength_lineage,1,1
CL_CHECK,ck_strength_lineage,1,1
CL_CHECK,ck_strength_lineage,1,1
CL_CHECK,ck_strength_lineage,1,1
CL_CHECK,ck_strength_lineage,1,1
CL_CHECK,ck_strength_lineage,1,1
CL_CHECK,ck_strength_lineage,1,1
CL_CHECK,ck_strength_lineage,1,1
CL_CHECK,ck_strength_lineage,1,1
CL_CHECK,ck_strength_lineage,1,1
CL_CHECK,ck_strength_lineage,1,1
CL_CHECK,ck_strength_lineage,1,1
CL_CHECK,ck_strength_lineage,1,1
CL_CHECK,ck_strength_lineage,1,1
CL_CHECK,ck_strength_lineage,1,1
CL_CHECK,ck_strength_lineage,1,1
CL_CHECK,ck_strength_lineage,1,1
CL_CHECK,ck_strength_lineage,1,1
CL_CHECK,ck_strength_lineage,1,1
CL_CHECK,ck_strength_lineage,1,1
CL_CHECK,ck_strength_lineage,1,1
CL_CHECK,ck_strength_lineage,1,1
CL_CHECK,ck_strength_lineage,1,1
CL_CHECK,ck_strength_lineage,1,1
CL_CHECK,ck_strength_lineage,1,1
CL_CHECK,ck_strength_lineage,1,1
CL_CHECK,ck_strength_lineage,1,1
CL_CHECK,ck_strength_lineage,1,1
CL_CHECK,ck_strength_lineage,1,1
CL_CHECK,ck_strength_lineage,1,1
CL_CHECK,ck_strength_lineage,1,1
CL_CHECK,ck_strength_lineage,1,1
CL_CHECK,ck_strength_lineage,1,1
CL_CHECK,ck_strength_lineage,1,1
CL_CHECK,ck_strength_lineage,1,1
CL_CHECK,ck_strength_lineage,1,1
CL_CHECK,ck_strength_lineage,1,1
CL_CHECK,ck_strength_lineage,1,1
CL_CHECK,ck_strength_lineage,1,1
CL_CHECK,ck_strength_lineage,1,1
CL_CHECK,ck_strength_lineage,1,1
CL_CHECK,ck_strength_lineage,1,1
CL_CHECK,ck_strength_lineage,1,1
CL_CHECK,ck_strength_lineage,1,1
CL_CHECK,ck_strength_lineage,1,1
CL_CHECK,ck_strength_lineage,1,1
CL_CHECK,ck_strength_lineage,1,1
CL_CHECK,ck_strength_lineage,1,1
CL_CHECK,ck_strength_lineage,1,1
CL_CHECK,ck_strength_lineage,1,1
CL_CHECK,ck_strength_lineage,1,1
CL_CHECK,ck_strength_lineage,1,1
CL_CHECK,ck_strength_lineage,1,1
CL_CHECK,ck_strength_lineage,1,1
CL_CHECK,ck_strength_lineage,1,1
CL_CHECK,ck_strength_lineage,1,1
CL_CHECK,ck_strength_lineage,1,1
CL_CHECK,ck_strength_lineage,1,1
CL_CHECK,ck_strength_lineage,1,1
CL_CHECK,ck_strength_lineage,1,1
CL_CHECK,ck_strength_lineage,1,1
CL_CHECK,ck_strength_lineage,1,1
CL_CHECK,ck_strength_lineage,1,1
CL_CHECK,ck_strength_lineage,1,1
CL_CHECK,ck_strength_lineage,1,1
CL_CHECK,ck_strength_lineage,1,1
CL_CHECK,ck_strength_lineage,1,1
CL_CHECK,ck_strength_lineage,1,1
CL_CHECK,ck_strength_lineage,1,1
CL_CHECK,ck_strength_lineage,1,1
CL_CHECK,ck_del_cite_count,4,4
CL_CHECK,ck_del_cite_genuine,1,1
CL_CHECK,ck_del_cite_genuine,1,1
CL_CHECK,ck_del_cite_genuine,1,1
CL_CHECK,ck_del_cite_genuine,1,1
CL_CHECK,ck_del_cite_distinct,4,4
CL_CHECK,ck_del_justify,1,1
CL_CHECK,ck_del_cite_count,4,4
CL_CHECK,ck_del_cite_genuine,1,1
CL_CHECK,ck_del_cite_genuine,1,1
CL_CHECK,ck_del_cite_genuine,1,1
CL_CHECK,ck_del_cite_genuine,1,1
CL_CHECK,ck_del_cite_distinct,4,4
CL_CHECK,ck_del_justify,1,1
CL_CHECK,ck_del_cite_count,4,4
CL_CHECK,ck_del_cite_genuine,1,1
CL_CHECK,ck_del_cite_genuine,1,1
CL_CHECK,ck_del_cite_genuine,1,1
CL_CHECK,ck_del_cite_genuine,1,1
CL_CHECK,ck_del_cite_distinct,4,4
CL_CHECK,ck_del_justify,1,1
CL_CHECK,ck_del_cite_count,4,4
CL_CHECK,ck_del_cite_genuine,1,1
CL_CHECK,ck_del_cite_genuine,1,1
CL_CHECK,ck_del_cite_genuine,1,1
CL_CHECK,ck_del_cite_genuine,1,1
CL_CHECK,ck_del_cite_distinct,4,4
CL_CHECK,ck_del_justify,1,1
CL_CHECK,ck_del_cite_count,4,4
CL_CHECK,ck_del_cite_genuine,1,1
CL_CHECK,ck_del_cite_genuine,1,1
CL_CHECK,ck_del_cite_genuine,1,1
CL_CHECK,ck_del_cite_genuine,1,1
CL_CHECK,ck_del_cite_distinct,4,4
CL_CHECK,ck_del_justify,1,1
CL_CHECK,ck_del_cite_count,4,4
CL_CHECK,ck_del_cite_genuine,1,1
CL_CHECK,ck_del_cite_genuine,1,1
CL_CHECK,ck_del_cite_genuine,1,1
CL_CHECK,ck_del_cite_genuine,1,1
CL_CHECK,ck_del_cite_distinct,4,4
CL_CHECK,ck_del_justify,1,1
CL_CHECK,ck_del_cite_count,4,4
CL_CHECK,ck_del_cite_genuine,1,1
CL_CHECK,ck_del_cite_genuine,1,1
CL_CHECK,ck_del_cite_genuine,1,1
CL_CHECK,ck_del_cite_genuine,1,1
CL_CHECK,ck_del_cite_distinct,4,4
CL_CHECK,ck_del_justify,1,1
CL_CHECK,ck_del_cite_count,4,4
CL_CHECK,ck_del_cite_genuine,1,1
CL_CHECK,ck_del_cite_genuine,1,1
CL_CHECK,ck_del_cite_genuine,1,1
CL_CHECK,ck_del_cite_genuine,1,1
CL_CHECK,ck_del_cite_distinct,4,4
CL_CHECK,ck_del_justify,1,1
CL_CHECK,ck_del_cite_count,4,4
CL_CHECK,ck_del_cite_genuine,1,1
CL_CHECK,ck_del_cite_genuine,1,1
CL_CHECK,ck_del_cite_genuine,1,1
CL_CHECK,ck_del_cite_genuine,1,1
CL_CHECK,ck_del_cite_distinct,4,4
CL_CHECK,ck_del_justify,1,1
CL_CHECK,ck_del_cite_count,4,4
CL_CHECK,ck_del_cite_genuine,1,1
CL_CHECK,ck_del_cite_genuine,1,1
CL_CHECK,ck_del_cite_genuine,1,1
CL_CHECK,ck_del_cite_genuine,1,1
CL_CHECK,ck_del_cite_distinct,4,4
CL_CHECK,ck_del_justify,1,1
CL_CHECK,ck_del_cite_count,4,4
CL_CHECK,ck_del_cite_genuine,1,1
CL_CHECK,ck_del_cite_genuine,1,1
CL_CHECK,ck_del_cite_genuine,1,1
CL_CHECK,ck_del_cite_genuine,1,1
CL_CHECK,ck_del_cite_distinct,4,4
CL_CHECK,ck_del_justify,1,1
CL_CHECK,ck_del_cite_count,4,4
CL_CHECK,ck_del_cite_genuine,1,1
CL_CHECK,ck_del_cite_genuine,1,1
CL_CHECK,ck_del_cite_genuine,1,1
CL_CHECK,ck_del_cite_genuine,1,1
CL_CHECK,ck_del_cite_distinct,4,4
CL_CHECK,ck_del_justify,1,1
CL_CHECK,ck_del_cite_count,4,4
CL_CHECK,ck_del_cite_genuine,1,1
CL_CHECK,ck_del_cite_genuine,1,1
CL_CHECK,ck_del_cite_genuine,1,1
CL_CHECK,ck_del_cite_genuine,1,1
CL_CHECK,ck_del_cite_distinct,4,4
CL_CHECK,ck_del_justify,1,1
CL_CHECK,ck_del_cite_count,4,4
CL_CHECK,ck_del_cite_genuine,1,1
CL_CHECK,ck_del_cite_genuine,1,1
CL_CHECK,ck_del_cite_genuine,1,1
CL_CHECK,ck_del_cite_genuine,1,1
CL_CHECK,ck_del_cite_distinct,4,4
CL_CHECK,ck_del_justify,1,1
CL_CHECK,ck_del_cite_count,4,4
CL_CHECK,ck_del_cite_genuine,1,1
CL_CHECK,ck_del_cite_genuine,1,1
CL_CHECK,ck_del_cite_genuine,1,1
CL_CHECK,ck_del_cite_genuine,1,1
CL_CHECK,ck_del_cite_distinct,4,4
CL_CHECK,ck_del_justify,1,1
CL_CHECK,ck_del_cite_count,4,4
CL_CHECK,ck_del_cite_genuine,1,1
CL_CHECK,ck_del_cite_genuine,1,1
CL_CHECK,ck_del_cite_genuine,1,1
CL_CHECK,ck_del_cite_genuine,1,1
CL_CHECK,ck_del_cite_distinct,4,4
CL_CHECK,ck_del_justify,1,1
CL_CHECK,ck_del_cite_count,4,4
CL_CHECK,ck_del_cite_genuine,1,1
CL_CHECK,ck_del_cite_genuine,1,1
CL_CHECK,ck_del_cite_genuine,1,1
CL_CHECK,ck_del_cite_genuine,1,1
CL_CHECK,ck_del_cite_distinct,4,4
CL_CHECK,ck_del_justify,1,1
CL_CHECK,ck_del_cite_count,4,4
CL_CHECK,ck_del_cite_genuine,1,1
CL_CHECK,ck_del_cite_genuine,1,1
CL_CHECK,ck_del_cite_genuine,1,1
CL_CHECK,ck_del_cite_genuine,1,1
CL_CHECK,ck_del_cite_distinct,4,4
CL_CHECK,ck_del_justify,1,1
CL_CHECK,ck_del_cite_count,4,4
CL_CHECK,ck_del_cite_genuine,1,1
CL_CHECK,ck_del_cite_genuine,1,1
CL_CHECK,ck_del_cite_genuine,1,1
CL_CHECK,ck_del_cite_genuine,1,1
CL_CHECK,ck_del_cite_distinct,4,4
CL_CHECK,ck_del_justify,1,1
CL_CHECK,ck_del_cite_count,4,4
CL_CHECK,ck_del_cite_genuine,1,1
CL_CHECK,ck_del_cite_genuine,1,1
CL_CHECK,ck_del_cite_genuine,1,1
CL_CHECK,ck_del_cite_genuine,1,1
CL_CHECK,ck_del_cite_distinct,4,4
CL_CHECK,ck_del_justify,1,1
CL_CHECK,ck_del_cite_count,4,4
CL_CHECK,ck_del_cite_genuine,1,1
CL_CHECK,ck_del_cite_genuine,1,1
CL_CHECK,ck_del_cite_genuine,1,1
CL_CHECK,ck_del_cite_genuine,1,1
CL_CHECK,ck_del_cite_distinct,4,4
CL_CHECK,ck_del_justify,1,1
CL_CHECK,ck_del_cite_count,4,4
CL_CHECK,ck_del_cite_genuine,1,1
CL_CHECK,ck_del_cite_genuine,1,1
CL_CHECK,ck_del_cite_genuine,1,1
CL_CHECK,ck_del_cite_genuine,1,1
CL_CHECK,ck_del_cite_distinct,4,4
CL_CHECK,ck_del_justify,1,1
CL_CHECK,ck_del_cite_count,4,4
CL_CHECK,ck_del_cite_genuine,1,1
CL_CHECK,ck_del_cite_genuine,1,1
CL_CHECK,ck_del_cite_genuine,1,1
CL_CHECK,ck_del_cite_genuine,1,1
CL_CHECK,ck_del_cite_distinct,4,4
CL_CHECK,ck_del_justify,1,1
CL_CHECK,ck_del_cite_count,4,4
CL_CHECK,ck_del_cite_genuine,1,1
CL_CHECK,ck_del_cite_genuine,1,1
CL_CHECK,ck_del_cite_genuine,1,1
CL_CHECK,ck_del_cite_genuine,1,1
CL_CHECK,ck_del_cite_distinct,4,4
CL_CHECK,ck_del_justify,1,1
CL_CHECK,ck_del_cite_count,4,4
CL_CHECK,ck_del_cite_genuine,1,1
CL_CHECK,ck_del_cite_genuine,1,1
CL_CHECK,ck_del_cite_genuine,1,1
CL_CHECK,ck_del_cite_genuine,1,1
CL_CHECK,ck_del_cite_distinct,4,4
CL_CHECK,ck_del_justify,1,1
CL_CHECK,ck_del_cite_count,4,4
CL_CHECK,ck_del_cite_genuine,1,1
CL_CHECK,ck_del_cite_genuine,1,1
CL_CHECK,ck_del_cite_genuine,1,1
CL_CHECK,ck_del_cite_genuine,1,1
CL_CHECK,ck_del_cite_distinct,4,4
CL_CHECK,ck_del_justify,1,1
CL_CHECK,ck_del_cite_count,4,4
CL_CHECK,ck_del_cite_genuine,1,1
CL_CHECK,ck_del_cite_genuine,1,1
CL_CHECK,ck_del_cite_genuine,1,1
CL_CHECK,ck_del_cite_genuine,1,1
CL_CHECK,ck_del_cite_distinct,4,4
CL_CHECK,ck_del_justify,1,1
CL_CHECK,ck_del_cite_count,4,4
CL_CHECK,ck_del_cite_genuine,1,1
CL_CHECK,ck_del_cite_genuine,1,1
CL_CHECK,ck_del_cite_genuine,1,1
CL_CHECK,ck_del_cite_genuine,1,1
CL_CHECK,ck_del_cite_distinct,4,4
CL_CHECK,ck_del_justify,1,1
CL_CHECK,ck_del_cite_count,4,4
CL_CHECK,ck_del_cite_genuine,1,1
CL_CHECK,ck_del_cite_genuine,1,1
CL_CHECK,ck_del_cite_genuine,1,1
CL_CHECK,ck_del_cite_genuine,1,1
CL_CHECK,ck_del_cite_distinct,4,4
CL_CHECK,ck_del_justify,1,1
CL_CHECK,ck_del_cite_count,4,4
CL_CHECK,ck_del_cite_genuine,1,1
CL_CHECK,ck_del_cite_genuine,1,1
CL_CHECK,ck_del_cite_genuine,1,1
CL_CHECK,ck_del_cite_genuine,1,1
CL_CHECK,ck_del_cite_distinct,4,4
CL_CHECK,ck_del_justify,1,1
CL_CHECK,ck_del_cite_count,4,4
CL_CHECK,ck_del_cite_genuine,1,1
CL_CHECK,ck_del_cite_genuine,1,1
CL_CHECK,ck_del_cite_genuine,1,1
CL_CHECK,ck_del_cite_genuine,1,1
CL_CHECK,ck_del_cite_distinct,4,4
CL_CHECK,ck_del_justify,1,1
CL_CHECK,ck_del_cite_count,4,4
CL_CHECK,ck_del_cite_genuine,1,1
CL_CHECK,ck_del_cite_genuine,1,1
CL_CHECK,ck_del_cite_genuine,1,1
CL_CHECK,ck_del_cite_genuine,1,1
CL_CHECK,ck_del_cite_distinct,4,4
CL_CHECK,ck_del_justify,1,1
CL_CHECK,ck_del_cite_count,4,4
CL_CHECK,ck_del_cite_genuine,1,1
CL_CHECK,ck_del_cite_genuine,1,1
CL_CHECK,ck_del_cite_genuine,1,1
CL_CHECK,ck_del_cite_genuine,1,1
CL_CHECK,ck_del_cite_distinct,4,4
CL_CHECK,ck_del_justify,1,1
CL_CHECK,ck_del_cite_count,4,4
CL_CHECK,ck_del_cite_genuine,1,1
CL_CHECK,ck_del_cite_genuine,1,1
CL_CHECK,ck_del_cite_genuine,1,1
CL_CHECK,ck_del_cite_genuine,1,1
CL_CHECK,ck_del_cite_distinct,4,4
CL_CHECK,ck_del_justify,1,1
CL_CHECK,ck_del_cite_count,4,4
CL_CHECK,ck_del_cite_genuine,1,1
CL_CHECK,ck_del_cite_genuine,1,1
CL_CHECK,ck_del_cite_genuine,1,1
CL_CHECK,ck_del_cite_genuine,1,1
CL_CHECK,ck_del_cite_distinct,4,4
CL_CHECK,ck_del_justify,1,1
CL_CHECK,ck_del_cite_count,4,4
CL_CHECK,ck_del_cite_genuine,1,1
CL_CHECK,ck_del_cite_genuine,1,1
CL_CHECK,ck_del_cite_genuine,1,1
CL_CHECK,ck_del_cite_genuine,1,1
CL_CHECK,ck_del_cite_distinct,4,4
CL_CHECK,ck_del_justify,1,1
CL_CHECK,ck_no_bad_kill,0,0
CL_CHECK,ck_no_bad_forcepin,0,0
CL_CHECK,ck_no_bad_code,0,0
CL_CHECK,ck_no_bad_role,0,0
CL_CHECK,ck_no_bad_pexp,0,0
CL_CHECK,ck_no_bad_recycle,0,0
ST_FINGERPRINT -686212142
ST_INVALID 0
ST_DONE
