r2a_shapetrans_0000.img	TRIANGLE	102	31	49056	1	WITHHOLD	0000000000000000000000000000000000000000000000000000000000000000	1	533	37587023e378c09e0f9a434dba37a074ef29cfcaa1d264fd75c27296e3779a2e
r2a_shapetrans_0001.img	TRIANGLE	102	31	48311	1	WITHHOLD	0000000000000000000000000000000000000000000000000000000000000000	1	336	3dc5b4ab780b33d2db1fd5f6c1c5749fefb858c325b4f8c1d41d949c248e3d85
r2a_shapetrans_0002.img	TRIANGLE	102	31	48090	1	WITHHOLD	0000000000000000000000000000000000000000000000000000000000000000	1	342	1066a2c9f5f6c983ffe6bcfaa3182d1a9c1ee829d808d81d4a302b9b938556d8
r2a_shapetrans_0003.img	TRIANGLE	102	31	49411	1	WITHHOLD	0000000000000000000000000000000000000000000000000000000000000000	1	575	8ce5c46a5eea741c1558c6b87dc0c2f0a39c0cab7f29a1e8a8d59bbb32b75a4c
r2a_shapetrans_0004.img	TRIANGLE	102	31	48227	1	WITHHOLD	0000000000000000000000000000000000000000000000000000000000000000	1	306	d89bb996d35c39aaafe7d57aeb1a313a2556dbba1915b2d7b0c29dbbb327f11f
r2a_shapetrans_0005.img	TRIANGLE	102	31	47606	1	WITHHOLD	0000000000000000000000000000000000000000000000000000000000000000	1	396	2d7d273fab1ed5af091335f6458f036f908bca8751b0f4558e1e7d2a46ffead2
r2a_shapetrans_0006.img	TRIANGLE	171	31	46654	1	WITHHOLD	0000000000000000000000000000000000000000000000000000000000000000	0	362	6611c3848aa626c958d390ea7ce3b3fb00f37d9d1a761532fe017b93558de357
r2a_shapetrans_0007.img	TRIANGLE	102	31	48924	1	WITHHOLD	0000000000000000000000000000000000000000000000000000000000000000	1	592	fa0bf84d28bd81c90c5644cf32c0ca697cd1fa4e7f2228b51e649bda79600e76
r2a_shapetrans_0008.img	TRIANGLE	102	31	47440	1	WITHHOLD	0000000000000000000000000000000000000000000000000000000000000000	1	332	598cb744e0b3e211ce714618e8b4d9da2f971ddd59e5b3ab92e2aa21a9f5d1e1
r2a_shapetrans_0009.img	TRIANGLE	171	31	47074	1	WITHHOLD	0000000000000000000000000000000000000000000000000000000000000000	0	429	07df2a31640316b20ac059de6ff7993b7e891483eb7e6e287ae05cf8429cff89
r2a_shapetrans_0010.img	TRIANGLE	102	31	51659	1	WITHHOLD	0000000000000000000000000000000000000000000000000000000000000000	1	512	470a23c6cbb5c6ad4b805bcc953608de69cca868acb7949c2831cd86956f0ee2
r2a_shapetrans_0011.img	TRIANGLE	171	31	47071	1	WITHHOLD	0000000000000000000000000000000000000000000000000000000000000000	0	306	52eebf891230b9f9351ff7636dece110cdf6f63877c6626d150301665ccb8a29
r2a_shapetrans_0012.img	TRIANGLE	171	31	50396	1	WITHHOLD	0000000000000000000000000000000000000000000000000000000000000000	0	190	3348a712d310fe9da5fc731ec68bbf3bb1903cae2edd7b019d40faa7e6b6d9e7
r2a_shapetrans_0013.img	CIRCLE	326	179	49163	1	WITHHOLD	0000000000000000000000000000000000000000000000000000000000000000	1	908	b0f9a9218e9f92d65ee6c4a3a65c9ef44747c6bdcaf95db27b20d7e50cadbac7
r2a_shapetrans_0014.img	SQUARE	90	15	47217	1	WITHHOLD	0000000000000000000000000000000000000000000000000000000000000000	0	629	5eaa7710f02101703aecb3dba25f8ff13b3b509a6cf0b8633884858d4ec6c2b9
r2a_shapetrans_0015.img	TRIANGLE	102	31	48569	1	WITHHOLD	0000000000000000000000000000000000000000000000000000000000000000	1	343	12219b9b847c18ef51ce8456f45ee3f9efe66d17ffc642bdeeba95016c7cfa9f
r2a_shapetrans_0016.img	TRIANGLE	171	31	47366	1	WITHHOLD	0000000000000000000000000000000000000000000000000000000000000000	0	543	9759aae48d83bf1d745a406e5e2de6fb11f7a4ae85bedb131b9ce3fb58a7ffeb
r2a_shapetrans_0017.img	TRIANGLE	171	31	48920	1	WITHHOLD	0000000000000000000000000000000000000000000000000000000000000000	0	316	15b8e777f67743fff6536c12992fa79f42bfbca7aa053fc44598e7d7ce3a3257
r2a_shapetrans_0018.img	TRIANGLE	102	31	49015	1	WITHHOLD	0000000000000000000000000000000000000000000000000000000000000000	1	582	369a4012034647d0a4c8d4b9593bdf3c0de78e65ba941c65d7bc4a8e25493de9
r2a_shapetrans_0019.img	TRIANGLE	102	31	48264	1	WITHHOLD	0000000000000000000000000000000000000000000000000000000000000000	1	300	47454cc69373dd7cb3076ea424649af6727fd02680e3a329f5204e0fa8c40a15
r2a_shapetrans_0020.img	TRIANGLE	102	31	48047	1	WITHHOLD	0000000000000000000000000000000000000000000000000000000000000000	1	454	9cea10447b04986820f02fa2e31cb40a77d39adefe359e324627f58226ae8633
r2a_shapetrans_0021.img	TRIANGLE	102	31	48625	1	WITHHOLD	0000000000000000000000000000000000000000000000000000000000000000	1	439	838534d376d0fc7bcbf8f5eda36e1c2ac3c4c20183d9a403b6a3f1e26195e61b
r2a_shapetrans_0022.img	TRIANGLE	171	31	47481	1	WITHHOLD	0000000000000000000000000000000000000000000000000000000000000000	0	487	0a99a6225789fa3d8a358d07d8624861ea1c5205f35b0f48137f7b890748bf15
r2a_shapetrans_0023.img	TRIANGLE	171	31	46835	1	WITHHOLD	0000000000000000000000000000000000000000000000000000000000000000	0	370	6e4d61220aeb5a81ad994a4a66736a05045e6ca46b1bbb925472487b525c2a95
r2a_shapetrans_0024.img	TRIANGLE	171	31	46710	1	WITHHOLD	0000000000000000000000000000000000000000000000000000000000000000	0	368	9298dfe73f75eeceec1c8e0d2adcf85c2fdb74661fce0fa274b0d3a17b50f2c1
r2a_shapetrans_0025.img	TRIANGLE	102	31	49632	1	WITHHOLD	0000000000000000000000000000000000000000000000000000000000000000	1	581	d724697a59c87a11c58ea63b78bbc24548e2596eb48116b1b7310b9d2d5b4ac7
r2a_shapetrans_0026.img	TRIANGLE	171	31	47098	1	WITHHOLD	0000000000000000000000000000000000000000000000000000000000000000	0	494	d04bcacd2adbca986e7072f20ffe117d93f116b8dfc555f42b759b6394bd43e8
r2a_shapetrans_0027.img	TRIANGLE	102	31	49180	1	WITHHOLD	0000000000000000000000000000000000000000000000000000000000000000	1	592	00ec32270d4eb3452e56227df3430b1e5afa8a1e0bd0a4bf1c209cde5f8b7954
r2a_shapetrans_0028.img	CIRCLE	538	175	47168	1	WITHHOLD	0000000000000000000000000000000000000000000000000000000000000000	0	906	875ede093806c39736b6151d71f4341dc68deb4e62a865c9215f67f391662fdc
r2a_shapetrans_0029.img	TRIANGLE	171	31	46844	1	WITHHOLD	0000000000000000000000000000000000000000000000000000000000000000	0	419	ccb9c0f3eeed8e2597376629d42833ba7fd1d7eca28e0705ffb8ad194ebecf16
r2a_shapetrans_0030.img	TRIANGLE	3	1	49239	1	WITHHOLD	0000000000000000000000000000000000000000000000000000000000000000	1	621	7e51ffa163b1733174bd573a138c446f0f505aa7c60024bdc8eb4ea14713403e
r2a_shapetrans_0031.img	CIRCLE	326	179	49275	1	WITHHOLD	0000000000000000000000000000000000000000000000000000000000000000	1	908	0528a2492509d7370d419a0dbc5cfa5d525c2dc21132449880ef2a83dcb4af36
r2a_shapetrans_0032.img	SQUARE	79	23	49587	1	WITHHOLD	0000000000000000000000000000000000000000000000000000000000000000	1	633	28966f07c76ef37e5b0671f59a0e4197c7adf24995bca2b764c7868f4f093a7e
r2a_shapetrans_0033.img	TRIANGLE	102	31	48397	1	WITHHOLD	0000000000000000000000000000000000000000000000000000000000000000	1	324	63f16128f4f59567741b25a8d905dce8575369560c81908d1aea699ad1720ce7
r2a_shapetrans_0034.img	TRIANGLE	171	31	51012	1	WITHHOLD	0000000000000000000000000000000000000000000000000000000000000000	0	452	7d414ffa9171dfbb7e20f65184b40fb4427629ecaf2c4068c8a9f2277074da40
r2a_shapetrans_0035.img	SQUARE	19	5	48280	1	WITHHOLD	0000000000000000000000000000000000000000000000000000000000000000	1	816	36b4c66a2650ada14ed203821d9fe40f9a96f8fff4134a29126ed67722268c63
r2a_shapetrans_0036.img	TRIANGLE	102	31	49133	1	WITHHOLD	0000000000000000000000000000000000000000000000000000000000000000	1	473	9ebb7bb6826659460b1120d3c9cc67e7b292c007f34a2f02ed89664dfc68e4e0
r2a_shapetrans_0037.img	TRIANGLE	102	31	47866	1	WITHHOLD	0000000000000000000000000000000000000000000000000000000000000000	1	366	6869abed97aed37331880ef28daceb3f4645f9346b03e42b4cccd9208144518f
r2a_shapetrans_0038.img	CIRCLE	616	241	47534	1	WITHHOLD	0000000000000000000000000000000000000000000000000000000000000000	0	939	bd6464ab57317add34028f46e6ad4644aa23a4aa29718da3d946e3c5815a6b76
r2a_shapetrans_0039.img	TRIANGLE	102	31	48435	1	WITHHOLD	0000000000000000000000000000000000000000000000000000000000000000	1	498	3c85462256c8a12bc6fde0277fd87c751b48907445ac3f98acbe21f4cb262c31
r2a_shapetrans_0040.img	TRIANGLE	171	31	49783	1	WITHHOLD	0000000000000000000000000000000000000000000000000000000000000000	0	261	cd3a79a690538d2feeecf32ffee81c13938d975bbba69731bdc73e7736411aa2
r2a_shapetrans_0041.img	CIRCLE	206	79	48222	1	WITHHOLD	0000000000000000000000000000000000000000000000000000000000000000	1	858	2eacf85ee4e1a72b1819271592f314fd5e2cab8652d45e67782ef02801aec4f6
r2a_shapetrans_0042.img	TRIANGLE	102	31	48436	1	WITHHOLD	0000000000000000000000000000000000000000000000000000000000000000	1	572	5b58e66f625b71ded5968235f65c5e70fa789b1ae8b500904393611d9527eb0c
r2a_shapetrans_0043.img	TRIANGLE	102	31	48261	1	WITHHOLD	0000000000000000000000000000000000000000000000000000000000000000	1	385	2b57e49ace3be2024fa2ad07b2f8cdee097576cf3e1331082fbed5e630e5c260
r2a_shapetrans_0044.img	TRIANGLE	102	31	48716	1	WITHHOLD	0000000000000000000000000000000000000000000000000000000000000000	1	593	1d6c3ae1c5c59e834fbf7f92dcd98ca7d3968085d4a8247842e820c91d83ad9e
r2a_shapetrans_0045.img	TRIANGLE	102	31	49532	1	WITHHOLD	0000000000000000000000000000000000000000000000000000000000000000	1	566	69178cee3576f709f54c32efb8df435383734d9df64dbf8d3fb013999c0c51d6
r2a_shapetrans_0046.img	TRIANGLE	171	31	46964	1	WITHHOLD	0000000000000000000000000000000000000000000000000000000000000000	0	345	b0ccc69d40b1ac33537183e0e6c39bb47848c94034c25f727cda5da3f3d2d9f5
r2a_shapetrans_0047.img	SQUARE	102	31	48847	1	WITHHOLD	0000000000000000000000000000000000000000000000000000000000000000	1	715	9b91d0398ba799a75256973870ec1714e889188f98fdb52c1da552977f8e6aa2
r2a_shapetrans_0048.img	TRIANGLE	171	31	50780	1	WITHHOLD	0000000000000000000000000000000000000000000000000000000000000000	0	227	8cd9482afbef25a055ec42150d7d8854d3fbdb1072b2f3d7f624b2a9f0eb6fe4
r2a_shapetrans_0049.img	TRIANGLE	171	31	46947	1	WITHHOLD	0000000000000000000000000000000000000000000000000000000000000000	0	508	447b82018bfc94eb4d808533e7a996344b89b294c34c3a9bf3989fd5b40eadd0
r2a_shapetrans_0050.img	TRIANGLE	171	31	46971	1	WITHHOLD	0000000000000000000000000000000000000000000000000000000000000000	0	397	51d7979d755f269e85dfc1d2edc7ba93f32bdcfe7b01e5baf2de5a332fc28ea9
r2a_shapetrans_0051.img	TRIANGLE	171	31	47187	1	WITHHOLD	0000000000000000000000000000000000000000000000000000000000000000	0	424	7d8ba7b96fd91b0bf0666d8812963df78206749e2d9c48558514f44cb756df00
r2a_shapetrans_0052.img	TRIANGLE	102	31	48661	1	WITHHOLD	0000000000000000000000000000000000000000000000000000000000000000	1	568	a4fbb98706e6302b511807c780c08504c3da5169010d28fd44ad4b9cebc6f78b
r2a_shapetrans_0053.img	SQUARE	171	31	47614	1	WITHHOLD	0000000000000000000000000000000000000000000000000000000000000000	0	721	9c2799de5b9d5c25d374868a1b6a5ce3f28b53e9a875329754c95977500c7670
r2a_shapetrans_0054.img	SQUARE	171	31	47129	1	WITHHOLD	0000000000000000000000000000000000000000000000000000000000000000	0	705	e89eb70a7f24b71c8b92e6373c4561ef28dbf5550d4f90f8177b83a8dbfad309
r2a_shapetrans_0055.img	TRIANGLE	171	31	47357	1	WITHHOLD	0000000000000000000000000000000000000000000000000000000000000000	0	485	2d6b05980288b0aef4711fc2ed4abc673b4aff9a70dd2304ca93e7f88ef9312f
r2a_shapetrans_0056.img	SQUARE	102	31	49142	1	WITHHOLD	0000000000000000000000000000000000000000000000000000000000000000	1	691	ca43f43a155572d0606dae4a26d0467e5f01ccce83786310b8088a5f7e8ca0fa
r2a_shapetrans_0057.img	TRIANGLE	102	31	48560	1	WITHHOLD	0000000000000000000000000000000000000000000000000000000000000000	1	415	89513851885c9a27ce94a8cf85b0328c89dea0561655c57ccf1163c9a0d546d8
r2a_shapetrans_0058.img	TRIANGLE	171	31	47204	1	WITHHOLD	0000000000000000000000000000000000000000000000000000000000000000	0	553	1f55fe42405c0e69c4e3378d9d324626f53310f1e8a53d3f857c0832db0e47d1
r2a_shapetrans_0059.img	TRIANGLE	102	31	48288	1	WITHHOLD	0000000000000000000000000000000000000000000000000000000000000000	1	267	3b92cd0aa47f37c7e7991fb048701d3907b23d8961db39a168d45caeca39ad2e
r2a_shapetrans_0060.img	SQUARE	102	31	48894	1	WITHHOLD	0000000000000000000000000000000000000000000000000000000000000000	1	747	f265f4f2916bb489b69926780012e70a495d85203e72a634dd5da04fa2b27476
r2a_shapetrans_0061.img	TRIANGLE	171	31	47322	1	WITHHOLD	0000000000000000000000000000000000000000000000000000000000000000	0	469	fe6644afc13478ac15ffb9717ea295bfd241c9351865abb75d8ee2e48c64edf3
r2a_shapetrans_0062.img	TRIANGLE	171	31	46835	1	WITHHOLD	0000000000000000000000000000000000000000000000000000000000000000	0	478	82e346f10665f695296902215ade99f67d493953d3553f0aa58fa75b0dd34b68
r2a_shapetrans_0063.img	TRIANGLE	102	31	48396	1	WITHHOLD	0000000000000000000000000000000000000000000000000000000000000000	1	309	84560f7ea0c6612f90a2609a33b5be2cc32f45198836f89028702394cd0d6522
r2a_shapetrans_0064.img	TRIANGLE	102	31	48825	1	WITHHOLD	0000000000000000000000000000000000000000000000000000000000000000	1	554	92afed5aa29b8c970bd0c08ad823feef9636425ba1947499b448b3dbbfd8706d
r2a_shapetrans_0065.img	TRIANGLE	171	31	47009	1	WITHHOLD	0000000000000000000000000000000000000000000000000000000000000000	0	441	411f13218e4274d3aeb5f361b74b4ec9dae7d3badff417a25513575b7704be50
r2a_shapetrans_0066.img	SQUARE	33	9	49498	1	WITHHOLD	0000000000000000000000000000000000000000000000000000000000000000	1	626	d9ca48a1746dcc15e7f05a7ddc9d12c8d8dddeb6b571fb8deb5aaeec52d32e89
r2a_shapetrans_0067.img	TRIANGLE	102	31	48993	1	WITHHOLD	0000000000000000000000000000000000000000000000000000000000000000	1	543	850e5ca0e8d9319db2b1a12f04cd2f8352a5a2570a21dcda858e95eefd5f161c
r2a_shapetrans_0068.img	TRIANGLE	171	31	47033	1	WITHHOLD	0000000000000000000000000000000000000000000000000000000000000000	0	590	b14ed88a38f180f687d5b5bdaa8418f2c06bbc21ad2a1c7ac9b53d0fd6180475
r2a_shapetrans_0069.img	TRIANGLE	102	31	48944	1	WITHHOLD	0000000000000000000000000000000000000000000000000000000000000000	1	601	a6387a0b30ee563b265787a024d26666e95b4114c93af268d6dae4f8dffd0763
r2a_shapetrans_0070.img	TRIANGLE	171	31	47046	1	WITHHOLD	0000000000000000000000000000000000000000000000000000000000000000	0	468	2c00a9f8a30539ea12023681cb2e3b3d8ddfe9f7493ea93d41ac4aef65476d36
r2a_shapetrans_0071.img	TRIANGLE	102	31	48498	1	WITHHOLD	0000000000000000000000000000000000000000000000000000000000000000	1	324	a7a7ff10088d0edb64cc31870735f860ce2be018ee89eddbddd947dd87ecd339
r2a_shapetrans_0072.img	SQUARE	171	31	47536	1	WITHHOLD	0000000000000000000000000000000000000000000000000000000000000000	0	701	a508f96a82b87419afa531497522db7ce76dc847dcc3311d906d3e00a94aac1a
r2a_shapetrans_0073.img	TRIANGLE	171	31	46734	1	WITHHOLD	0000000000000000000000000000000000000000000000000000000000000000	0	338	c29c2b4a78c370d41dbed8721312b9abde3202ee3b9466e7509a3f10cb836956
r2a_shapetrans_0074.img	TRIANGLE	171	31	46890	1	WITHHOLD	0000000000000000000000000000000000000000000000000000000000000000	0	505	26fdb29df8f0c211f269c75702bb5177b71b4636e7213fdbfdfd7e65e2d1ab72
r2a_shapetrans_0075.img	TRIANGLE	171	31	47139	1	WITHHOLD	0000000000000000000000000000000000000000000000000000000000000000	0	440	ed77538e08e57a5b1768aa6be923f96c37fe0836bd6129f18b8bf2e08e681b96
r2a_shapetrans_0076.img	TRIANGLE	102	31	48540	1	WITHHOLD	0000000000000000000000000000000000000000000000000000000000000000	1	577	e657965a26a0a2e710865f6e9eff359711c73022d76ba8cb7727d5d5a24c69aa
r2a_shapetrans_0077.img	TRIANGLE	171	31	46744	1	WITHHOLD	0000000000000000000000000000000000000000000000000000000000000000	0	329	fab3ddbad136f62255a3eb58ee9660f0f0f682598c0011663890785d41f40fe5
r2a_shapetrans_0078.img	TRIANGLE	102	31	48389	1	WITHHOLD	0000000000000000000000000000000000000000000000000000000000000000	1	241	c9fec8d1329dffc7e3cd55b2f77d551eaf26b18c5f9c03681a8010a1940844c8
r2a_shapetrans_0079.img	TRIANGLE	171	31	46766	1	WITHHOLD	0000000000000000000000000000000000000000000000000000000000000000	0	404	dd93aea631d191cc0873c4d76deea60afe47a0d771253342b20bd5ab8d62b26f
r2a_shapetrans_0080.img	TRIANGLE	102	31	48422	1	WITHHOLD	0000000000000000000000000000000000000000000000000000000000000000	1	329	1465cdef86245bad09fc12a705f28ce1dad17aede928b749ad20417ffcb0d7ea
r2a_shapetrans_0081.img	TRIANGLE	171	31	47256	1	WITHHOLD	0000000000000000000000000000000000000000000000000000000000000000	0	420	424b5ccda664a6e4f5b82820b7b347c94a75445d1a44e8a85c1a658f7b78a90a
r2a_shapetrans_0082.img	TRIANGLE	102	31	48881	1	WITHHOLD	0000000000000000000000000000000000000000000000000000000000000000	1	442	6cf04fcde792e11d31dce1684e4fe60da34acbf145870968098ded5ecc521923
r2a_shapetrans_0083.img	TRIANGLE	102	31	50111	1	WITHHOLD	0000000000000000000000000000000000000000000000000000000000000000	1	232	4055f36c765910d0edbd439c5551d5c7aeb6bf95c54445936f4f07eb9c122b7f
r2a_shapetrans_0084.img	CIRCLE	223	89	48403	1	WITHHOLD	0000000000000000000000000000000000000000000000000000000000000000	1	863	dc6b5648e74071117225d4a76d2caa34e5c36b145d94b57585f74ebf01f53db1
r2a_shapetrans_0085.img	TRIANGLE	102	31	49125	1	WITHHOLD	0000000000000000000000000000000000000000000000000000000000000000	1	503	5c778c0c803c32bc07f56a0ea2264be4f09b3abea6a95013a8c2da3bbce3b00b
r2a_shapetrans_0086.img	TRIANGLE	102	31	48172	1	WITHHOLD	0000000000000000000000000000000000000000000000000000000000000000	1	364	7015a2c309e63660f79674d9416c99a3d9c4661a5c3a413c433478729ada5ebd
r2a_shapetrans_0087.img	TRIANGLE	54	15	49430	1	WITHHOLD	0000000000000000000000000000000000000000000000000000000000000000	1	614	45962ca2061c62dc4cd93e20803752b3e5feb8c913cbcbcf5d6ca8d1a6882d2e
r2a_shapetrans_0088.img	TRIANGLE	102	31	48422	1	WITHHOLD	0000000000000000000000000000000000000000000000000000000000000000	1	526	e068ce6d00a04cf675146c50f0b734f0c5ed20524d0a72ee05e187ce4d98ed0f
r2a_shapetrans_0089.img	TRIANGLE	171	31	46806	1	WITHHOLD	0000000000000000000000000000000000000000000000000000000000000000	0	365	5d7edbf4251f71ed74220c5d4984b2e3e3885fd1bcc0c35309ab511cac0cec82
r2a_shapetrans_0090.img	SQUARE	102	31	49530	1	WITHHOLD	0000000000000000000000000000000000000000000000000000000000000000	1	644	7c627ba36e4017c7ef485eaa09b7f36af8a1e43f2834de7bb9a0120908b8a4cc
r2a_shapetrans_0091.img	TRIANGLE	102	31	48399	1	WITHHOLD	0000000000000000000000000000000000000000000000000000000000000000	1	321	53b0f98688565a4f8b1fb6056ec00b91c13d149a51b16c311f8d325f785410b4
r2a_shapetrans_0092.img	SQUARE	171	31	47268	1	WITHHOLD	0000000000000000000000000000000000000000000000000000000000000000	0	647	b3dac290f38ddfa0b9bcf6875c7ad32e396e749ee324cbedecd7a82fb874958b
r2a_shapetrans_0093.img	TRIANGLE	102	31	48152	1	WITHHOLD	0000000000000000000000000000000000000000000000000000000000000000	1	413	b3aaedb0a9552325c526cafbe5bc191f445013f64b0f19fb356c187e8ab8e32f
r2a_shapetrans_0094.img	SQUARE	171	31	47107	1	WITHHOLD	0000000000000000000000000000000000000000000000000000000000000000	0	795	f584df8b224dbe8d2342b262360c51487c9d0a3db1402f83d0e1d7abb54f82f3
r2a_shapetrans_0095.img	SQUARE	102	31	48422	1	WITHHOLD	0000000000000000000000000000000000000000000000000000000000000000	1	739	1ce14444f301bdaaebfc5ad03deffb5de9f7230e930fdd0c9e327daca87817d9
r2a_shapetrans_0096.img	TRIANGLE	102	31	48510	1	WITHHOLD	0000000000000000000000000000000000000000000000000000000000000000	1	483	ce7fd3fdc761468ff1cb04713edebe46d1160b7ae4e75644ca359f0e6f5fc0e3
r2a_shapetrans_0097.img	SQUARE	102	31	48263	1	WITHHOLD	0000000000000000000000000000000000000000000000000000000000000000	1	662	2c77b3228633ece44eac113c5707ba02d2d3dbeebe4cc11bbee1eaac95b40f60
r2a_shapetrans_0098.img	TRIANGLE	67	19	49684	1	WITHHOLD	0000000000000000000000000000000000000000000000000000000000000000	1	612	3a9ec137d25c600b78edfdfe721498c5728d2f28ac4975db3e9df2b7fad55bfc
r2a_shapetrans_0099.img	TRIANGLE	102	31	49171	1	WITHHOLD	0000000000000000000000000000000000000000000000000000000000000000	1	495	ecb01ca07067cb1cec8b578ab3cedfc9955dd4da8f6593b293e25a3e428d94da
r2a_shapetrans_0100.img	TRIANGLE	171	31	47240	1	WITHHOLD	0000000000000000000000000000000000000000000000000000000000000000	0	597	c971e71b5e5e510973a2a98f9ed2fff5949243a9975702275ac01a5c737194b9
r2a_shapetrans_0101.img	TRIANGLE	171	31	47288	1	WITHHOLD	0000000000000000000000000000000000000000000000000000000000000000	0	504	72c1904267a8ca7dc1ded0237b5c17d08e8b87a3e69c0bc2abe06e6426251d81
r2a_shapetrans_0102.img	SQUARE	97	29	49527	1	WITHHOLD	0000000000000000000000000000000000000000000000000000000000000000	1	636	b29cb7035d6e5c6d72a1e286d0d2dd359fb6ca1ea2485b90740e8be6a84ec335
r2a_shapetrans_0103.img	TRIANGLE	171	31	47267	1	WITHHOLD	0000000000000000000000000000000000000000000000000000000000000000	0	432	cb2ba689c4129fda3218d15559c291af0ca812ab819868e47f0ee70763d468e5
r2a_shapetrans_0104.img	TRIANGLE	102	31	48084	1	WITHHOLD	0000000000000000000000000000000000000000000000000000000000000000	1	263	063e72c7b3387b1a4d053853e444d5496c8e098f0a96daa11703e0ac02f90102
r2a_shapetrans_0105.img	TRIANGLE	171	31	50495	1	WITHHOLD	0000000000000000000000000000000000000000000000000000000000000000	0	384	b13f09ca4d6f17835410f4a818a8c3211ad4a966517459ffb9f3ea42413e01d9
r2a_shapetrans_0106.img	TRIANGLE	102	31	48433	1	WITHHOLD	0000000000000000000000000000000000000000000000000000000000000000	1	448	2b7a321900e9b1345a014c77ff55f6e9348846593e9d833266cf4ad2ef03a8f3
r2a_shapetrans_0107.img	TRIANGLE	102	31	49167	1	WITHHOLD	0000000000000000000000000000000000000000000000000000000000000000	1	464	9611c0b6774ba82ac4129965b6f8bcdb87e3dd95bba863fcf33fc55d0e559521
r2a_shapetrans_0108.img	TRIANGLE	171	31	47389	1	WITHHOLD	0000000000000000000000000000000000000000000000000000000000000000	0	578	08a88d713b871a98549410f86b9499b512cf9b7829bd85530ae4c8bb25ce0928
r2a_shapetrans_0109.img	CIRCLE	523	165	47699	1	WITHHOLD	0000000000000000000000000000000000000000000000000000000000000000	0	901	9d14690d490be0a15239163a4e328fdaa4590af80f0bb942f0aed072d35db4cb
r2a_shapetrans_0110.img	TRIANGLE	102	31	48246	1	WITHHOLD	0000000000000000000000000000000000000000000000000000000000000000	1	311	0fceeb7ecd22e003759d5f5c257ad3d90398198b678293f71a93187a92445cb0
r2a_shapetrans_0111.img	SQUARE	32	5	47439	1	WITHHOLD	0000000000000000000000000000000000000000000000000000000000000000	0	624	89a6ced8608448eb6de2edd907fbfee353475f0a0f5d89f7d394f81f49b23043
r2a_shapetrans_0112.img	TRIANGLE	171	31	48959	1	WITHHOLD	0000000000000000000000000000000000000000000000000000000000000000	0	318	e8461458be677ddf3da1f0a5ef8479d14e37c1073540b0763a10ecffd6976dfd
r2a_shapetrans_0113.img	TRIANGLE	102	31	47996	1	WITHHOLD	0000000000000000000000000000000000000000000000000000000000000000	1	346	fdbde30a11cf6d3369f2980ad61f18125afd25bb25bc3687b1945cc5fe707658
r2a_shapetrans_0114.img	TRIANGLE	171	31	50749	1	WITHHOLD	0000000000000000000000000000000000000000000000000000000000000000	0	293	6ec0c2fe5a156b030c70bcf6e194d1eae6de9fbd6388eba653fc9264e5b933af
r2a_shapetrans_0115.img	CIRCLE	586	213	47517	1	WITHHOLD	0000000000000000000000000000000000000000000000000000000000000000	0	925	2e98392b02397a7c554fc6926548471c661f3411f26bea39efa2a9f822070337
r2a_shapetrans_0116.img	TRIANGLE	171	31	47530	1	WITHHOLD	0000000000000000000000000000000000000000000000000000000000000000	0	509	b0ea8cbb69f6e4da2ff6a174b7f0e39ffd7ea99642046d3561c18f3373b35466
r2a_shapetrans_0117.img	CIRCLE	189	35	47419	1	WITHHOLD	0000000000000000000000000000000000000000000000000000000000000000	0	836	8b7a5d2301ea7e98a80cb444c6eb25bb1de68d52f7a9e7784189db8fc45eee80
r2a_shapetrans_0118.img	TRIANGLE	171	31	46645	1	WITHHOLD	0000000000000000000000000000000000000000000000000000000000000000	0	405	5e4f937124ebae3f79b9442a6797482ffab4f92094c13b6c4f7db7dd8f8d9a54
r2a_shapetrans_0119.img	TRIANGLE	102	31	48975	1	WITHHOLD	0000000000000000000000000000000000000000000000000000000000000000	1	595	d5969fff5a0fb2f9aee604f848a8754c499589701fda7b46dfee30a12691192b
r2a_shapetrans_0120.img	TRIANGLE	171	31	51010	1	WITHHOLD	0000000000000000000000000000000000000000000000000000000000000000	0	247	d79199caf29c5582e7506f19e8f87f5e02fd3cc19e0f21f10ec093d04312b69a
r2a_shapetrans_0121.img	TRIANGLE	102	31	48946	1	WITHHOLD	0000000000000000000000000000000000000000000000000000000000000000	1	534	fd5319fa2255729215dbcf0ddb3033a18d44909ad501eea2748063144279f5eb
r2a_shapetrans_0122.img	TRIANGLE	171	31	47292	1	WITHHOLD	0000000000000000000000000000000000000000000000000000000000000000	0	179	1bb7934a08401b85c903d9f203d28747489df794d387e45246400b9809b564cc
r2a_shapetrans_0123.img	SQUARE	171	31	47009	1	WITHHOLD	0000000000000000000000000000000000000000000000000000000000000000	0	677	a268cf849192ab7f3de85abb8e3a14c102f20d0015057b58f4589062f3575d29
r2a_shapetrans_0124.img	TRIANGLE	102	31	49160	1	WITHHOLD	0000000000000000000000000000000000000000000000000000000000000000	1	233	a41ad3df580cd8e4a5e78dcc4ae28a192556c21effee1541b03d2cb3b36093fb
r2a_shapetrans_0125.img	TRIANGLE	171	31	47033	1	WITHHOLD	0000000000000000000000000000000000000000000000000000000000000000	0	471	e41d61ed74d4ebbf7e885f0f5a5e3f0ec790a9e3ba5cb50ef063e6d80f745525
r2a_shapetrans_0126.img	TRIANGLE	102	31	49615	1	WITHHOLD	0000000000000000000000000000000000000000000000000000000000000000	1	171	1cf37cbb9e35df900dceb3c183bc2118f03b1fceb6200d9b715dafcbcc1ab06a
r2a_shapetrans_0127.img	TRIANGLE	171	31	49871	1	WITHHOLD	0000000000000000000000000000000000000000000000000000000000000000	0	320	dcc8b3e5dae6f0fee8655e279c74cc7eb781bb002da46092ad2791cf8c3b45e7
r2a_shapetrans_0128.img	TRIANGLE	171	31	47057	1	WITHHOLD	0000000000000000000000000000000000000000000000000000000000000000	0	404	2487f17027d4c5b75d4b99775691bf33c896e06d8292c7d5ee29a93d74eff942
r2a_shapetrans_0129.img	CIRCLE	361	85	47333	1	WITHHOLD	0000000000000000000000000000000000000000000000000000000000000000	0	861	8af73ba141c9fbd8bc0b95178f51889be223cc1c9ab5b353e7678812b95bd755
r2a_shapetrans_0130.img	TRIANGLE	102	31	48636	1	WITHHOLD	0000000000000000000000000000000000000000000000000000000000000000	1	605	75eb5266e5eb186ffa2c8fe3aec3a11e9bc046ac9f2bbfac881d82c3a6f1f2fd
r2a_shapetrans_0131.img	TRIANGLE	102	31	48400	1	WITHHOLD	0000000000000000000000000000000000000000000000000000000000000000	1	333	24f50102354fa9c03be579cd21dc9f854bb05b52a6cb4b7ca1339ac606590a29
r2a_shapetrans_0132.img	TRIANGLE	171	31	46908	1	WITHHOLD	0000000000000000000000000000000000000000000000000000000000000000	0	342	306e7dda809c7fe6d498142bda5ad5e8ba2dc9e3c7506985adfcecd46e200ca5
r2a_shapetrans_0133.img	TRIANGLE	102	31	49241	1	WITHHOLD	0000000000000000000000000000000000000000000000000000000000000000	1	594	80ca01a0c74ee5836e69316434d82f04525a27d3ac78f6ea0d9713ca357aaac0
r2a_shapetrans_0134.img	TRIANGLE	102	31	48682	1	WITHHOLD	0000000000000000000000000000000000000000000000000000000000000000	1	291	bbe757fb7c64572bf7f199ba1d7299666f16293c7a61a0d0770860492493b61f
r2a_shapetrans_0135.img	SQUARE	142	25	47643	1	WITHHOLD	0000000000000000000000000000000000000000000000000000000000000000	0	634	1d069a3e45e0e3f172208d67877b1de808fc9497fcd89593e3ad7304d95c04fd
r2a_shapetrans_0136.img	CIRCLE	480	139	47634	1	WITHHOLD	0000000000000000000000000000000000000000000000000000000000000000	0	888	e0ba02fe31ab840e66512de4838229a977545abc75838dc232e3ac4e8363287e
r2a_shapetrans_0137.img	TRIANGLE	171	31	47069	1	WITHHOLD	0000000000000000000000000000000000000000000000000000000000000000	0	381	e34d4ef8161ab449a7a242e050d9c805731aed990445b97c288474471bc90ed3
r2a_shapetrans_0138.img	TRIANGLE	102	31	48058	1	WITHHOLD	0000000000000000000000000000000000000000000000000000000000000000	1	291	c841bde093e8119c019c1c2879684ab06a32973276f0a9d76fc75e0ff40567ee
r2a_shapetrans_0139.img	SQUARE	85	25	49224	1	WITHHOLD	0000000000000000000000000000000000000000000000000000000000000000	1	634	4ee0fa3f76f524fa4bfb1bf47c527181bb4d1caedc8e7ba8edaba4976cbc9143
r2a_shapetrans_0140.img	CIRCLE	334	189	48825	1	WITHHOLD	0000000000000000000000000000000000000000000000000000000000000000	1	913	bb6fab7b72fe65b0c67a7444422f5db69feae9ddfd6b826b967de62389556d20
r2a_shapetrans_0141.img	TRIANGLE	171	31	46975	1	WITHHOLD	0000000000000000000000000000000000000000000000000000000000000000	0	507	19895d1a6d39dad66f57147e351b28b4fe4fa21e3a4108b99a74a8fce46b11f6
r2a_shapetrans_0142.img	TRIANGLE	102	31	48236	1	WITHHOLD	0000000000000000000000000000000000000000000000000000000000000000	1	385	aec3f7ff152825e861210999c889030928dc03b5f7f15d5d68879c3d0acf6620
r2a_shapetrans_0143.img	SQUARE	33	9	49215	1	WITHHOLD	0000000000000000000000000000000000000000000000000000000000000000	1	626	d2a3f9edd09a70cafc3c3954d61c34e3af871a151a4480583b4e906eb90551ec
r2a_shapetrans_0144.img	SQUARE	102	31	49140	1	WITHHOLD	0000000000000000000000000000000000000000000000000000000000000000	1	660	d873207ddbef2b9af4764853d399bbc460117d50e2a1aeb8e9ac5f119166823c
r2a_shapetrans_0145.img	TRIANGLE	102	31	48263	1	WITHHOLD	0000000000000000000000000000000000000000000000000000000000000000	1	511	ec28b4cc6877f9cfca796beb1738db0d66b4a354dc13d8de936d8de9bb32a71f
r2a_shapetrans_0146.img	TRIANGLE	171	31	47220	1	WITHHOLD	0000000000000000000000000000000000000000000000000000000000000000	0	428	62b0b740c092d16253d52e188ec74c1ec4e67b397bdc8a825d9876e0954065e6
r2a_shapetrans_0147.img	TRIANGLE	171	31	47576	1	WITHHOLD	0000000000000000000000000000000000000000000000000000000000000000	0	546	208733ab50bd8b28af5ae25e251b7d3cabc8913a07d4c28ca92fdf9ed6236709
r2a_shapetrans_0148.img	SQUARE	91	27	48739	1	WITHHOLD	0000000000000000000000000000000000000000000000000000000000000000	1	805	bda50118ad9b360c4eecc7c7622b69a59f9d7ac1c3c654abf3e03691ae0a0e14
r2a_shapetrans_0149.img	TRIANGLE	171	31	46953	1	WITHHOLD	0000000000000000000000000000000000000000000000000000000000000000	0	419	5e11bd3b681eb82ee73947c930b829ee80996a18982a62de2560f1b73420f86e
r2a_shapetrans_0150.img	CIRCLE	362	229	49094	1	WITHHOLD	0000000000000000000000000000000000000000000000000000000000000000	1	933	be315dd96471508e6e2e4ad751cc885efec4ceb3a0a46e5306054c9bc3b10188
r2a_shapetrans_0151.img	TRIANGLE	171	31	48869	1	WITHHOLD	0000000000000000000000000000000000000000000000000000000000000000	0	228	bb501ba7a89192070ff7f079fabb763baef06b214809980a6272862cc4c98f44
r2a_shapetrans_0152.img	TRIANGLE	102	31	49864	1	WITHHOLD	0000000000000000000000000000000000000000000000000000000000000000	1	269	9ebd3e4ce007c65c5254de65807fefed8c981bd5b07ed0b9f195203c1e19c8d8
r2a_shapetrans_0153.img	TRIANGLE	171	31	49971	1	WITHHOLD	0000000000000000000000000000000000000000000000000000000000000000	0	196	a0e2deac18d9010f61a19eb5ecbebdbfebc445167529f6440c76ec4af06d960f
r2a_shapetrans_0154.img	TRIANGLE	171	31	46735	1	WITHHOLD	0000000000000000000000000000000000000000000000000000000000000000	0	403	5c211c1ab6f0bbfdc81be41a4f7be8d42aebde2b916ddbf1f10948babe1f4615
r2a_shapetrans_0155.img	TRIANGLE	171	31	46891	1	WITHHOLD	0000000000000000000000000000000000000000000000000000000000000000	0	504	1375d0c3da3dcf02fba324dded4b0143f6d5aac20cdef1412ba3f5c0f11d21ed
r2a_shapetrans_0156.img	SQUARE	102	31	48988	1	WITHHOLD	0000000000000000000000000000000000000000000000000000000000000000	1	732	622bd08abd29e98b9f533b89873eb91ab2a12dc69a64aa5ad577a31399497c53
r2a_shapetrans_0157.img	SQUARE	102	31	49442	1	WITHHOLD	0000000000000000000000000000000000000000000000000000000000000000	1	644	a699c3aafa5b7f07a710db1fb6f443c816f9a7adf4907619ae849e002ba1fff7
r2a_shapetrans_0158.img	TRIANGLE	102	31	49485	1	WITHHOLD	0000000000000000000000000000000000000000000000000000000000000000	1	599	d1d74dffc4e07e9e4cab6085d9062cab9b4bf6aef9a9e9dba1090ce8401b0969
r2a_shapetrans_0159.img	TRIANGLE	171	31	46861	1	WITHHOLD	0000000000000000000000000000000000000000000000000000000000000000	0	241	930732cc2579cc647014a9723474916a870449e20403b8e2ca8f82b0656b5597
r2a_shapetrans_0160.img	TRIANGLE	102	31	49236	1	WITHHOLD	0000000000000000000000000000000000000000000000000000000000000000	1	397	6ed50a70f09918b64b4c206498acd2dafc271742835e8eb6f61670528bec0ffc
r2a_shapetrans_0161.img	TRIANGLE	102	31	47762	1	WITHHOLD	0000000000000000000000000000000000000000000000000000000000000000	1	344	06134e34fcc060e7d6f086e443db16e4765a4defaaaabf5505c63f400a36e7a9
r2a_shapetrans_0162.img	CIRCLE	142	47	48451	1	WITHHOLD	0000000000000000000000000000000000000000000000000000000000000000	1	842	fd0ed1e3860bb974cd60bcc47dde46ede7a527ef45effb5abe2363da45f2230e
r2a_shapetrans_0163.img	TRIANGLE	102	31	51578	1	WITHHOLD	0000000000000000000000000000000000000000000000000000000000000000	1	428	ae58d0373ffa7b58c001f47731ba479358ddbaba644386b5bbec1ba8b8df94c9
r2a_shapetrans_0164.img	TRIANGLE	102	31	51621	1	WITHHOLD	0000000000000000000000000000000000000000000000000000000000000000	1	322	2d9193686405ac0241a2821643ee18220f2ce28f4c941452134c7e15988f70e4
r2a_shapetrans_0165.img	TRIANGLE	171	31	50360	1	WITHHOLD	0000000000000000000000000000000000000000000000000000000000000000	0	290	bab511f4d4ad4dcb5461e8f459a5a5571e8420b29e23597becac537ed24e2221
r2a_shapetrans_0166.img	TRIANGLE	102	31	49141	1	WITHHOLD	0000000000000000000000000000000000000000000000000000000000000000	1	569	16638f6d73b9e714d15613700e035ad68ec72cc801f7801d9e5ec3d0c12aa0e2
r2a_shapetrans_0167.img	SQUARE	171	31	47253	1	WITHHOLD	0000000000000000000000000000000000000000000000000000000000000000	0	666	88b84facafef81eb7f460776286b2a33bdd625a2439a803f45a1e0db00e13d73
r2a_shapetrans_0168.img	TRIANGLE	171	31	48973	1	WITHHOLD	0000000000000000000000000000000000000000000000000000000000000000	0	204	1edee27421587fb29fe55875c1ebe1eb7040b57c28671d8273f00cf479b20833
r2a_shapetrans_0169.img	SQUARE	171	31	47156	1	WITHHOLD	0000000000000000000000000000000000000000000000000000000000000000	0	742	0c14057e9a9b378adc687430f15e270199a8a173ed63ca331f615df281e9abed
r2a_shapetrans_0170.img	TRIANGLE	102	31	48157	1	WITHHOLD	0000000000000000000000000000000000000000000000000000000000000000	1	580	9ca2977d17d4502db4966bd8bfff29eef8449313f2ed57388deb038b3f166181
r2a_shapetrans_0171.img	TRIANGLE	102	31	49158	1	WITHHOLD	0000000000000000000000000000000000000000000000000000000000000000	1	524	914cb59363cf075ce81ee61e68d535075607546d9019183e18b2a08d333fedb6
r2a_shapetrans_0172.img	TRIANGLE	171	31	51039	1	WITHHOLD	0000000000000000000000000000000000000000000000000000000000000000	0	265	c3286b44503678f0af6f8850cc1d9bc9280af3207b3a45c73452f3ee8ff61e09
r2a_shapetrans_0173.img	TRIANGLE	102	31	47406	1	WITHHOLD	0000000000000000000000000000000000000000000000000000000000000000	1	170	5d1934a1ceb3b7cb9ac715a2b92183a0354e1d9f61942958a9ac78a9eea2bd65
r2a_shapetrans_0174.img	TRIANGLE	102	31	51480	1	WITHHOLD	0000000000000000000000000000000000000000000000000000000000000000	1	298	28d706c2c67b34c8fe1e99aa7797b35f28bc37570b62b18a509098b6f1c95fc3
r2a_shapetrans_0175.img	TRIANGLE	171	31	46570	1	WITHHOLD	0000000000000000000000000000000000000000000000000000000000000000	0	277	6021eab7039511d00694df978a05d32a44e789f6bffdda7ed3f78839c1528ed5
r2a_shapetrans_0176.img	TRIANGLE	102	31	48731	1	WITHHOLD	0000000000000000000000000000000000000000000000000000000000000000	1	515	003c89724ab926a1282f4b261a8aa4996145d1e9bc6a7b62e6bb3bce7ee01905
r2a_shapetrans_0177.img	TRIANGLE	102	31	49211	1	WITHHOLD	0000000000000000000000000000000000000000000000000000000000000000	1	592	27157f477ccbbd6d7ab693cbeec38892d0b3ee233ecd4dfbc5d9410a685865ca
r2a_shapetrans_0178.img	TRIANGLE	102	31	48517	1	WITHHOLD	0000000000000000000000000000000000000000000000000000000000000000	1	325	63112697fa8b4856f88a5d273c46cf2acc81743035bd0de4a90bdecdd3b0aa8b
r2a_shapetrans_0179.img	TRIANGLE	171	31	46929	1	WITHHOLD	0000000000000000000000000000000000000000000000000000000000000000	0	437	2433a34658027ff8dd0d9247d2c99d717f5c30dedb7a1b577285368f601fa980
r2a_shapetrans_0180.img	TRIANGLE	171	31	50668	1	WITHHOLD	0000000000000000000000000000000000000000000000000000000000000000	0	391	0292535a0a8aa0b887803fed97596a97ca7cf851f7d1af8ce40ad5cf05005481
r2a_shapetrans_0181.img	CIRCLE	356	83	47642	1	WITHHOLD	0000000000000000000000000000000000000000000000000000000000000000	0	860	ff59f809b847fcc459a0581896f3d189e99a37bbf57c595c380d48e4f764ae28
r2a_shapetrans_0182.img	CIRCLE	416	107	47199	1	WITHHOLD	0000000000000000000000000000000000000000000000000000000000000000	0	872	700fb28c21f323f83fc5591d96ab4906fd8090eae80c0210a34134d345179887
r2a_shapetrans_0183.img	TRIANGLE	102	31	48961	1	WITHHOLD	0000000000000000000000000000000000000000000000000000000000000000	1	389	eba6ceae267fc7c790cb4aadd900e1301dd8bf6d9a18303ee237d0ef3fc6e55e
r2a_shapetrans_0184.img	TRIANGLE	102	31	48471	1	WITHHOLD	0000000000000000000000000000000000000000000000000000000000000000	1	408	7a8533e45704eada20a17db7aa6fa1c1c3e2ae62c0657d76d7c0103b57a82f18
r2a_shapetrans_0185.img	CIRCLE	33	9	48885	1	WITHHOLD	0000000000000000000000000000000000000000000000000000000000000000	1	823	7da375757cb7c524d435828a378109af7e8da126b89b25c1e2410274d74d37c8
r2a_shapetrans_0186.img	TRIANGLE	40	11	49015	1	WITHHOLD	0000000000000000000000000000000000000000000000000000000000000000	1	616	7bda4515f5b305968be26e4866d1ed3293cc217dde5e973be4e144bddac6313d
r2a_shapetrans_0187.img	TRIANGLE	102	31	48157	1	WITHHOLD	0000000000000000000000000000000000000000000000000000000000000000	1	285	11ef06537da651921f473fac674d47c23f476f137c96516440be7ffe351c8259
r2a_shapetrans_0188.img	TRIANGLE	102	31	47878	1	WITHHOLD	0000000000000000000000000000000000000000000000000000000000000000	1	451	5e0a84995ad709c4be6a7dd28f09366e47fe564a1d23c38fa4c2da2e22cfda5d
r2a_shapetrans_0189.img	SQUARE	152	27	48048	1	WITHHOLD	0000000000000000000000000000000000000000000000000000000000000000	0	635	32bf5deb18200020978a1d5f25be484451e9e803592cc42ecaa467bdaf4ef2a2
r2a_shapetrans_0190.img	SQUARE	11	3	48377	1	WITHHOLD	0000000000000000000000000000000000000000000000000000000000000000	1	817	946eecaf7411291758605d43df0ada2e2822c185eddc5ed9db1d8f87230b058a
r2a_shapetrans_0191.img	TRIANGLE	171	31	47062	1	WITHHOLD	0000000000000000000000000000000000000000000000000000000000000000	0	453	0d5f926c34f32ad9348e987a97fca10d9023cd291d0c0fbff1e154a00f9c0c28
r2a_shapetrans_0192.img	TRIANGLE	171	31	47680	1	WITHHOLD	0000000000000000000000000000000000000000000000000000000000000000	0	538	0ca3effa288374df6984bbf55b0654bb0932516588e00433e4939d12e418dcb2
r2a_shapetrans_0193.img	TRIANGLE	171	31	50658	1	WITHHOLD	0000000000000000000000000000000000000000000000000000000000000000	0	466	d2ef9f23a31698ef30e40a1bc6944333f619b5feff52084208624da3173db54a
r2a_shapetrans_0194.img	TRIANGLE	60	17	49421	1	WITHHOLD	0000000000000000000000000000000000000000000000000000000000000000	1	613	9f0e265112449b0d83481a75eed6cc9c283e43721b187239fa2323484b32b7a0
r2a_shapetrans_0195.img	TRIANGLE	171	31	47339	1	WITHHOLD	0000000000000000000000000000000000000000000000000000000000000000	0	495	5421eefc9757714d3a8ca3e1867b3581960097c7515c5df8067f9b2369b08802
r2a_shapetrans_0196.img	TRIANGLE	102	31	48436	1	WITHHOLD	0000000000000000000000000000000000000000000000000000000000000000	1	394	e27377d2efc47f879b10a1de7fe4e57b4590e82505855327f208a90fb20ee721
r2a_shapetrans_0197.img	TRIANGLE	102	31	48208	1	WITHHOLD	0000000000000000000000000000000000000000000000000000000000000000	1	425	4bafcc6a635243ef4326a1e45a2f026478af4e309f32a04ec76a3bf3d31be02b
r2a_shapetrans_0198.img	TRIANGLE	171	31	46910	1	WITHHOLD	0000000000000000000000000000000000000000000000000000000000000000	0	335	bb03ed8a490be6ede4d7501940bd4f5ab5ae8f81ded84f13278be7d8aa4361d7
r2a_shapetrans_0199.img	TRIANGLE	171	31	47530	1	WITHHOLD	0000000000000000000000000000000000000000000000000000000000000000	0	590	45832546963050711fd9eaa681ffe198d3c808786d95a41cb5743e98cf2d6212
r2a_shapetrans_0200.img	TRIANGLE	102	31	48199	1	WITHHOLD	0000000000000000000000000000000000000000000000000000000000000000	1	447	77ab1b87ad4b384f87d55d528a26e6fd2a285bfec4cf97ce8d1703b22906ae77
r2a_shapetrans_0201.img	CIRCLE	488	143	47176	1	WITHHOLD	0000000000000000000000000000000000000000000000000000000000000000	0	890	a19beb796e9bd2982680233340b21ece5ce56affcc0fd1c1cb8b845521f75cbd
r2a_shapetrans_0202.img	TRIANGLE	79	23	48620	1	WITHHOLD	0000000000000000000000000000000000000000000000000000000000000000	1	610	2841edaaf1b2521e0ba6dbf098277ed61461f2dd608c1b34813b017bdb05f6b1
r2a_shapetrans_0203.img	CIRCLE	79	23	48924	1	WITHHOLD	0000000000000000000000000000000000000000000000000000000000000000	1	830	e773806fa33c2dd552dc0a11ed3736e370712a464af6906b7b3f06ee13423ea6
r2a_shapetrans_0204.img	TRIANGLE	102	31	48974	1	WITHHOLD	0000000000000000000000000000000000000000000000000000000000000000	1	508	483efc87bac14df74ab7db80423e3ea0ac1f8d3db7194a0ed264245a2ae4d835
r2a_shapetrans_0205.img	SQUARE	6	1	47258	1	WITHHOLD	0000000000000000000000000000000000000000000000000000000000000000	0	622	286423127657a9363c26fb2d98a4ac6ebda726ad810b5a3aaf12a2cce16f289d
r2a_shapetrans_0206.img	TRIANGLE	171	31	46785	1	WITHHOLD	0000000000000000000000000000000000000000000000000000000000000000	0	443	e116a79f8bad55c10fdaa44c67d96a2654eb718da29e103f0043e7a1076eb665
r2a_shapetrans_0207.img	CIRCLE	128	41	48647	1	WITHHOLD	0000000000000000000000000000000000000000000000000000000000000000	1	839	e1f310b00535fb5674c61204f447741272b5797c8a00f81f13b2e6f149ef8f37
r2a_shapetrans_0208.img	TRIANGLE	102	31	48687	1	WITHHOLD	0000000000000000000000000000000000000000000000000000000000000000	1	358	f9c5e7d3c906b6b9d99e02282ec22301c16789c1d8c8f20979c4aff0b19fbc96
r2a_shapetrans_0209.img	TRIANGLE	102	31	49356	1	WITHHOLD	0000000000000000000000000000000000000000000000000000000000000000	1	260	66d765dc6aa5e8645a3b54f3390e1bbfceb9fb3ad7f69adf1d16f84e7a6146f7
r2a_shapetrans_0210.img	TRIANGLE	102	31	48424	1	WITHHOLD	0000000000000000000000000000000000000000000000000000000000000000	1	597	f8e091af2631843ca47ec85efc3403b2487fdb8be464113dfefc3876d92928ef
r2a_shapetrans_0211.img	TRIANGLE	102	31	47856	1	WITHHOLD	0000000000000000000000000000000000000000000000000000000000000000	1	510	b38174d5a82eb2d2698f6b1d586bb59aef53eb699457d1743413787a2324a00c
r2a_shapetrans_0212.img	TRIANGLE	102	31	48253	1	WITHHOLD	0000000000000000000000000000000000000000000000000000000000000000	1	367	d4829580c8b7f163d4e08891b6ec22ee2452dc9a1a1911e3a396bb81a47441ae
r2a_shapetrans_0213.img	TRIANGLE	102	31	47671	1	WITHHOLD	0000000000000000000000000000000000000000000000000000000000000000	1	219	df4cf9ed47ecf095bf3cc78a02b5f7156452e29e059efb23df3ed7f3db503b79
r2a_shapetrans_0214.img	TRIANGLE	102	31	48573	1	WITHHOLD	0000000000000000000000000000000000000000000000000000000000000000	1	606	14b07d8906176797a3857f2df3b45adf8acea6da5ae1fda49443b618fca6ac5f
r2a_shapetrans_0215.img	TRIANGLE	171	31	46969	1	WITHHOLD	0000000000000000000000000000000000000000000000000000000000000000	0	350	51239fe8f196db04d87d090bf28d939359b1395233da70d9b7cad9a8c4428f0e
r2a_shapetrans_0216.img	TRIANGLE	102	31	47916	1	WITHHOLD	0000000000000000000000000000000000000000000000000000000000000000	1	425	5ef00a2082ff5c9b2af3836493aa61f4b417613d79b869aad1634b8dde848945
r2a_shapetrans_0217.img	TRIANGLE	171	31	46927	1	WITHHOLD	0000000000000000000000000000000000000000000000000000000000000000	0	446	25f724a00076045c0120664adb0ae116aa0b5ff11f58bc9c3f9262791e4a9ab0
r2a_shapetrans_0218.img	TRIANGLE	171	31	50020	1	WITHHOLD	0000000000000000000000000000000000000000000000000000000000000000	0	175	38511c3adb5d838555a19c0a0dd9d22992f61ca3417b64e4e34eccc6faa0bb7d
r2a_shapetrans_0219.img	TRIANGLE	102	31	49182	1	WITHHOLD	0000000000000000000000000000000000000000000000000000000000000000	1	598	655ffe2c0193e23ba6fc77654e4a6c4c73b165e91cec88abafa32be598887b3d
r2a_shapetrans_0220.img	SQUARE	171	31	47432	1	WITHHOLD	0000000000000000000000000000000000000000000000000000000000000000	0	640	8395d018a19f7f933f44fc584cb82fbcbc4f22afddca9b913ff1d22a21c6878c
r2a_shapetrans_0221.img	CIRCLE	272	125	48841	1	WITHHOLD	0000000000000000000000000000000000000000000000000000000000000000	1	881	4fb69302165c303e5b7d5444694c622321d55a193304e80bdae7f6189caac8ef
r2a_shapetrans_0222.img	SQUARE	102	31	49233	1	WITHHOLD	0000000000000000000000000000000000000000000000000000000000000000	1	640	20a9f4cba2725fac470e61253a71408d10959dbe9258e5005a9ae3ddf0516ee4
r2a_shapetrans_0223.img	SQUARE	19	5	48724	1	WITHHOLD	0000000000000000000000000000000000000000000000000000000000000000	1	816	c7c97a236b9b6fe6666fd3640a0d4a6352e8aa62fe36875c8940d6f7de1944e4
r2a_shapetrans_0224.img	TRIANGLE	102	31	47837	1	WITHHOLD	0000000000000000000000000000000000000000000000000000000000000000	1	340	f78701a7bd63983b6b563f1bc1391a59556c941ca8b2361831748e625e3ea12d
r2a_shapetrans_0225.img	TRIANGLE	102	31	48360	1	WITHHOLD	0000000000000000000000000000000000000000000000000000000000000000	1	539	7fcca939e6fafa9661907db5fc4799deb3b28ada85efe78ffbc222206a09ddf9
r2a_shapetrans_0226.img	SQUARE	171	31	47384	1	WITHHOLD	0000000000000000000000000000000000000000000000000000000000000000	0	692	0c4d368eb4929b220e05327bf96a575c3ba61b30578ea9bbe8ae40924c09bf14
r2a_shapetrans_0227.img	TRIANGLE	102	31	51819	1	WITHHOLD	0000000000000000000000000000000000000000000000000000000000000000	1	475	5c27d76fcbf233b4cf0c5b7e97f9d65422b4687df231c1964c19edec73fae8df
r2a_shapetrans_0228.img	TRIANGLE	171	31	46867	1	WITHHOLD	0000000000000000000000000000000000000000000000000000000000000000	0	400	f2dd86e69e48ac9f138fef989e3cd7d826d791f78eac2022930a0a3e35374001
r2a_shapetrans_0229.img	TRIANGLE	171	31	46822	1	WITHHOLD	0000000000000000000000000000000000000000000000000000000000000000	0	429	18f64bbb1c9b8aad35760dd9ec4cbd926fd3caf420ee5ad8dffab7897847b117
r2a_shapetrans_0230.img	TRIANGLE	102	31	47995	1	WITHHOLD	0000000000000000000000000000000000000000000000000000000000000000	1	300	ad01a20a46a8157f3ee14bba3d5a8781e1d0238c689fd94ecb20894f63331e2c
r2a_shapetrans_0231.img	TRIANGLE	171	31	47890	1	WITHHOLD	0000000000000000000000000000000000000000000000000000000000000000	0	544	f8ea691d9209b7c7adf51219ae43fb525bbd81eec9d1b5d5a8745a04b32c2dba
r2a_shapetrans_0232.img	TRIANGLE	102	31	48430	1	WITHHOLD	0000000000000000000000000000000000000000000000000000000000000000	1	537	951faf8973cca46338c4614e85aaeea5cd26840e52a03a164ff517238eb91c6a
r2a_shapetrans_0233.img	TRIANGLE	171	31	47935	1	WITHHOLD	0000000000000000000000000000000000000000000000000000000000000000	0	290	ba4da0b7e0e7b4a2d95ef0ec257dd35368ea25e095598b6ab937fcdfee19438e
r2a_shapetrans_0234.img	CIRCLE	112	19	47363	1	WITHHOLD	0000000000000000000000000000000000000000000000000000000000000000	0	828	52237b94ecfaca35f99ccceb65e380907bb4dbb53a8bef829c3e5e46b994637e
r2a_shapetrans_0235.img	SQUARE	171	31	47421	1	WITHHOLD	0000000000000000000000000000000000000000000000000000000000000000	0	732	755bfc08de64f499d8b9931c2fb2f4d7d482c288d276efa126e20d3bd72cb2e8
r2a_shapetrans_0236.img	TRIANGLE	171	31	47353	1	WITHHOLD	0000000000000000000000000000000000000000000000000000000000000000	0	300	d2c3331b09b9fe3086d01e261f858699d3a192664bd2917174de29ef57acf11a
r2a_shapetrans_0237.img	TRIANGLE	171	31	47036	1	WITHHOLD	0000000000000000000000000000000000000000000000000000000000000000	0	285	04fbbbbe73bafbb0667e26732def3057f5d0a10da8ca9a77ccdae31e7278d49c
r2a_shapetrans_0238.img	TRIANGLE	171	31	47187	1	WITHHOLD	0000000000000000000000000000000000000000000000000000000000000000	0	412	6b85604bf2b7e591bc468518003f3159fde2d0ec960293d15225ad2fd3b53236
r2a_shapetrans_0239.img	CIRCLE	317	169	48916	1	WITHHOLD	0000000000000000000000000000000000000000000000000000000000000000	1	903	df326fa5a1193cd3c39c2410a27cb117592e1383d8e1c2109aa9f7f5277c47c8
r2a_shapetrans_0240.img	TRIANGLE	171	31	46850	1	WITHHOLD	0000000000000000000000000000000000000000000000000000000000000000	0	517	3182f374f8076e32723075d7c06aa5b2bc28f16c9ecc9044f3182430dac64134
r2a_shapetrans_0241.img	SQUARE	171	31	47386	1	WITHHOLD	0000000000000000000000000000000000000000000000000000000000000000	0	729	d60ad540fef4b1f31419fe7361072fab3640c1ee685851fc4bd9219dba9deddb
r2a_shapetrans_0242.img	TRIANGLE	102	31	49300	1	WITHHOLD	0000000000000000000000000000000000000000000000000000000000000000	1	556	1d78e686dd74153401fc64c4a82c76d4ad9cc3fc90f0e9cade4e3abc4bc89e10
r2a_shapetrans_0243.img	CIRCLE	458	127	47055	1	WITHHOLD	0000000000000000000000000000000000000000000000000000000000000000	0	882	a7690b7c2e74595fdfffead20d4b289ab7e97e62ec523b485c84b5fa62d07068
r2a_shapetrans_0244.img	TRIANGLE	102	31	48166	1	WITHHOLD	0000000000000000000000000000000000000000000000000000000000000000	1	366	55b80ddb3786d830381a76f0bccc1085e671c221fb821ee528f57aa2609f696a
r2a_shapetrans_0245.img	TRIANGLE	102	31	48338	1	WITHHOLD	0000000000000000000000000000000000000000000000000000000000000000	1	367	f12668e5a1cb0a7e1ab3e6ec29aa6a8638af93e897b99714153a1596725cd834
r2a_shapetrans_0246.img	SQUARE	102	31	47942	1	WITHHOLD	0000000000000000000000000000000000000000000000000000000000000000	1	708	86f536920e08c5deeb1007ddf62d043dbc15bc7d9f1290698eace609d4a90fce
r2a_shapetrans_0247.img	TRIANGLE	102	31	47606	1	WITHHOLD	0000000000000000000000000000000000000000000000000000000000000000	1	358	5997f8e279bc0a7307dc87e0b40ad351eadcd2f1d8f704282fa0b83fb32f8970
r2a_shapetrans_0248.img	TRIANGLE	102	31	47590	1	WITHHOLD	0000000000000000000000000000000000000000000000000000000000000000	1	304	e0d35e631829d5f360445ad1a44384d5f77d931b71cb4afebcd44eb306119be1
r2a_shapetrans_0249.img	TRIANGLE	171	31	50347	1	WITHHOLD	0000000000000000000000000000000000000000000000000000000000000000	0	300	a86c4063ff4eb8f96bd9378f1bb36e34e115220924953a2d53315bbf6238eb89
r2a_shapetrans_0250.img	SQUARE	171	31	47481	1	WITHHOLD	0000000000000000000000000000000000000000000000000000000000000000	0	722	40db8d6ddd10a725c1110bea6b99c5d943f08f6816a22448c52f42d678898cfb
r2a_shapetrans_0251.img	TRIANGLE	171	31	46908	1	WITHHOLD	0000000000000000000000000000000000000000000000000000000000000000	0	476	189b2fe5359fccdc0fcbc22a00e6adbf204451f216da68a4542b51e3ad767845
r2a_shapetrans_0252.img	TRIANGLE	152	27	47489	1	WITHHOLD	0000000000000000000000000000000000000000000000000000000000000000	0	608	69e21608b014666789db1718b2c64789e54401a1963151a26793d5e753081225
r2a_shapetrans_0253.img	TRIANGLE	171	31	50784	1	WITHHOLD	0000000000000000000000000000000000000000000000000000000000000000	0	346	0376a23cc7beeb7e516e2fa4c744ac939297538d29be5815863d6a74ccc746b3
r2a_shapetrans_0254.img	TRIANGLE	171	31	47066	1	WITHHOLD	0000000000000000000000000000000000000000000000000000000000000000	0	555	80118d1cf4155887af6b2c934876803b8b102f8ff9cf8576fcd2ab817ef6f6e8
r2a_shapetrans_0255.img	CIRCLE	138	45	48521	1	WITHHOLD	0000000000000000000000000000000000000000000000000000000000000000	1	841	8b32ca2409dc6fffb128a1e2b336f3cd92bc3287c0398f3960f03b68d2ff4331
r2a_shapetrans_0256.img	SQUARE	102	31	48180	1	WITHHOLD	0000000000000000000000000000000000000000000000000000000000000000	1	793	93e3404ad36087b3d797877643100b9fa0021c2f7c97d546a80b6dafd31a0e55
r2a_shapetrans_0257.img	TRIANGLE	102	31	49282	1	WITHHOLD	0000000000000000000000000000000000000000000000000000000000000000	1	594	ab3b7ce1acbaa5b45885536cf5467123d13189e8a54b14fa3cac125bf4bc912d
r2a_shapetrans_0258.img	TRIANGLE	171	31	50986	1	WITHHOLD	0000000000000000000000000000000000000000000000000000000000000000	0	431	32b37750b469189903d3697324ae177c832cc72dbac3a955b51b5f9fc326dbd0
r2a_shapetrans_0259.img	TRIANGLE	171	31	48635	1	WITHHOLD	0000000000000000000000000000000000000000000000000000000000000000	0	559	30efb26093eb6bb7e73e0bc8c43da42601d945e7dae29edd6bc59f3bb2a24d0f
r2a_shapetrans_0260.img	TRIANGLE	102	31	49470	1	WITHHOLD	0000000000000000000000000000000000000000000000000000000000000000	1	586	88e70b5fcaf3426205e01d0a87020243d404c6f824cf0e337ae54952d0b01802
r2a_shapetrans_0261.img	TRIANGLE	171	31	46606	1	WITHHOLD	0000000000000000000000000000000000000000000000000000000000000000	0	443	820ba27deff338048835634d8a9c8b707eed895114bde9ecb7c029e8fa2f6a91
r2a_shapetrans_0262.img	TRIANGLE	102	31	49088	1	WITHHOLD	0000000000000000000000000000000000000000000000000000000000000000	1	429	8ef131f3ec383d89cd2cd6321a33b70f05c54ff74b210da135b00964fd57f603
r2a_shapetrans_0263.img	TRIANGLE	171	31	49552	1	WITHHOLD	0000000000000000000000000000000000000000000000000000000000000000	0	534	ae5691579a03480ee3afa0e4088b29fc37b9b73f77017337b121fd9b2b5525df
r2a_shapetrans_0264.img	TRIANGLE	102	31	47918	1	WITHHOLD	0000000000000000000000000000000000000000000000000000000000000000	1	220	9a35ba69f6a5e3f3e225d334a6cd0e61055abae70e87104de042c58552a8d4d1
r2a_shapetrans_0265.img	SQUARE	102	31	48837	1	WITHHOLD	0000000000000000000000000000000000000000000000000000000000000000	1	735	eb60265a12aa819b159728ec4ea3cfe02d7ec59a731eff8a8c322361c88fc21f
r2a_shapetrans_0266.img	TRIANGLE	102	31	48698	1	WITHHOLD	0000000000000000000000000000000000000000000000000000000000000000	1	568	aaef0d66011126ed53076f9541df023affc7200a4cf9153e75350211ae805020
r2a_shapetrans_0267.img	TRIANGLE	171	31	46756	1	WITHHOLD	0000000000000000000000000000000000000000000000000000000000000000	0	378	6ef7415e16f0157d0d07488ff7f9b2281dbe1c0ee41e63895b5a8e1dd93e695c
r2a_shapetrans_0268.img	CIRCLE	354	217	48704	1	WITHHOLD	0000000000000000000000000000000000000000000000000000000000000000	1	927	d492c88dbdbf0036e21a6136504a6a6fcda20b5c46af7d3a2775629a5ccc1847
r2a_shapetrans_0269.img	TRIANGLE	171	31	50014	1	WITHHOLD	0000000000000000000000000000000000000000000000000000000000000000	0	301	45686c92d15591061d7fa70324feb41689e3cf4579a01b001047cb412506bdc8
r2a_shapetrans_0270.img	TRIANGLE	102	31	48377	1	WITHHOLD	0000000000000000000000000000000000000000000000000000000000000000	1	167	c64a21da3a2cb2231180d088a20ad90d6e3cb2a4d7382b8343287fad84661916
r2a_shapetrans_0271.img	TRIANGLE	171	31	47893	1	WITHHOLD	0000000000000000000000000000000000000000000000000000000000000000	0	528	b710df23471d54babc02de0cb51ddbaf18825279e1ca144d4498c936b73339ad
r2a_shapetrans_0272.img	TRIANGLE	102	31	51938	1	WITHHOLD	0000000000000000000000000000000000000000000000000000000000000000	1	283	0ed235f312f07de09e5264ab3e49e6b0d64f8d6528aa9cee68732bdda397be30
r2a_shapetrans_0273.img	TRIANGLE	171	31	46792	1	WITHHOLD	0000000000000000000000000000000000000000000000000000000000000000	0	417	fe86d87a92076619559dbafe5007ccd98c7dddf2b0983ebd64e52764a2923a12
r2a_shapetrans_0274.img	TRIANGLE	171	31	47035	1	WITHHOLD	0000000000000000000000000000000000000000000000000000000000000000	0	507	93325d178a16735ad4e0cdd8c423f2c2efc8a412e1e05db765d43fc773c7cd1a
r2a_shapetrans_0275.img	TRIANGLE	171	31	50031	1	WITHHOLD	0000000000000000000000000000000000000000000000000000000000000000	0	284	ad7395207d39cea5984bcb5240850c2dfff4b0494314f372202c768aef55a7ce
r2a_shapetrans_0276.img	TRIANGLE	102	31	49094	1	WITHHOLD	0000000000000000000000000000000000000000000000000000000000000000	1	583	48d616e412a822c1af442e637432ae63f6f37bfe4876f88a153fd3b77843356a
r2a_shapetrans_0277.img	TRIANGLE	102	31	48176	1	WITHHOLD	0000000000000000000000000000000000000000000000000000000000000000	1	234	2fc316c8f78b4898988e557313b7021d0aa0c38547c6eb13f9a024a4dc5a920a
r2a_shapetrans_0278.img	TRIANGLE	171	31	46888	1	WITHHOLD	0000000000000000000000000000000000000000000000000000000000000000	0	428	35e7b7d11ad9e865ca46961f9717bee283d96c7fd7ab9992eefb87ea3e82fa18
r2a_shapetrans_0279.img	TRIANGLE	171	31	47258	1	WITHHOLD	0000000000000000000000000000000000000000000000000000000000000000	0	564	e6f38d7c98cd0606a0645d478ba3ddadb50584a65aed9a38726c91724803cc4d
r2a_shapetrans_0280.img	TRIANGLE	102	31	48666	1	WITHHOLD	0000000000000000000000000000000000000000000000000000000000000000	1	519	103a7dfae18e31b68f7f6daaa44438fef23da4ddb658e5fdf8b9b6487c9b4989
r2a_shapetrans_0281.img	SQUARE	102	31	49458	1	WITHHOLD	0000000000000000000000000000000000000000000000000000000000000000	1	653	54b51d8bb532996749a6aa39dd38f312af2c53e830e59bfc45652d0548f9841b
r2a_shapetrans_0282.img	TRIANGLE	102	31	47880	1	WITHHOLD	0000000000000000000000000000000000000000000000000000000000000000	1	406	ac8a828f7dbcccd4218bdf5e22009ec65694bb2805836266c0f4eaeeb0015aa3
r2a_shapetrans_0283.img	SQUARE	171	31	47415	1	WITHHOLD	0000000000000000000000000000000000000000000000000000000000000000	0	642	db582e24d389eedb86e2aeab2d2b87343024f9714cec8c0139ccd46ce1e58923
r2a_shapetrans_0284.img	CIRCLE	138	45	48856	1	WITHHOLD	0000000000000000000000000000000000000000000000000000000000000000	1	841	88a2dbeb68f57d21b90061c01e17a3d8d63047cd5e2f303f1719432bbf381f5c
r2a_shapetrans_0285.img	TRIANGLE	171	31	46968	1	WITHHOLD	0000000000000000000000000000000000000000000000000000000000000000	0	443	7b7a304a636914b8fed43b860c38ef3ba5d9fd8e7721bc81ccef83d625b5e5fb
r2a_shapetrans_0286.img	TRIANGLE	171	31	50218	1	WITHHOLD	0000000000000000000000000000000000000000000000000000000000000000	0	352	aa7f0838367f4c13474b4f1239b901bf2d3126190075368a64f42fa86a9d8c84
r2a_shapetrans_0287.img	TRIANGLE	79	23	49335	1	WITHHOLD	0000000000000000000000000000000000000000000000000000000000000000	1	610	424a1953a827b932737beaacf7e952412594cdc60a6989612c28492fd480508a
r2a_shapetrans_0288.img	TRIANGLE	171	31	48165	1	WITHHOLD	0000000000000000000000000000000000000000000000000000000000000000	0	375	73a1a07d5404f788b753eb4952feb241de310d56509229526edd91f666b6b1aa
r2a_shapetrans_0289.img	TRIANGLE	102	31	48957	1	WITHHOLD	0000000000000000000000000000000000000000000000000000000000000000	1	564	6fa7bffa526a2e015d6462d3b617c3dd4f9040e8be8348e65896cd88f6eb0ccd
r2a_shapetrans_0290.img	TRIANGLE	102	31	50697	1	WITHHOLD	0000000000000000000000000000000000000000000000000000000000000000	1	192	e37673ddcd7a8015e9daf075a79e123e511285ae8cb3e50257af4523e9286a3a
r2a_shapetrans_0291.img	TRIANGLE	171	31	48382	1	WITHHOLD	0000000000000000000000000000000000000000000000000000000000000000	0	242	e49d0b22fdd4a2c99dd9b21a1fada28ddaa1d844d194d519ed6704a2718c843a
r2a_shapetrans_0292.img	TRIANGLE	102	31	48401	1	WITHHOLD	0000000000000000000000000000000000000000000000000000000000000000	1	356	4afa70850e27ca05c63b4b779d8cece6efa05d0f168b3f0b0006dc8c14d39f93
r2a_shapetrans_0293.img	SQUARE	171	31	47445	1	WITHHOLD	0000000000000000000000000000000000000000000000000000000000000000	0	680	06bac0f992c525512337c72531641998bb05caaefeb8031077a1cde7bb0ee060
r2a_shapetrans_0294.img	TRIANGLE	102	31	47957	1	WITHHOLD	0000000000000000000000000000000000000000000000000000000000000000	1	367	b3e8ed3d0a74716689d76e0a7ca16db0dfb8c985a151f513f656a271853d6a95
r2a_shapetrans_0295.img	TRIANGLE	102	31	47733	1	WITHHOLD	0000000000000000000000000000000000000000000000000000000000000000	1	235	db25d5fd2f1b473b2c95a37aeb60347c951da78cd30ef48871bc966412406495
r2a_shapetrans_0296.img	TRIANGLE	102	31	48805	1	WITHHOLD	0000000000000000000000000000000000000000000000000000000000000000	1	598	4f31d47cf11d83ae881ba89771869dc9add5a509f3d37f4c6223a44a61d55e9d
r2a_shapetrans_0297.img	TRIANGLE	19	3	47188	1	WITHHOLD	0000000000000000000000000000000000000000000000000000000000000000	0	620	bf159d33ce1a89941502c063e8ff3f637caa8f86893dbe567450e154063c90ed
r2a_shapetrans_0298.img	SQUARE	171	31	47581	1	WITHHOLD	0000000000000000000000000000000000000000000000000000000000000000	0	728	57ff3f1dedfc0b70d6fe5277be27b4eea0defe9cbca299b750a574970fc11f48
r2a_shapetrans_0299.img	TRIANGLE	171	31	47016	1	WITHHOLD	0000000000000000000000000000000000000000000000000000000000000000	0	388	14ebb323a01ac24851fa2e12f3c6bcd0bc1b2f36ae901c91ab0098d95d3633ee
r2a_shapetrans_0300.img	TRIANGLE	102	31	47622	1	WITHHOLD	0000000000000000000000000000000000000000000000000000000000000000	1	430	e922583080b4b7335adb9200588021cde3c389d780bf9215b38c0ffc747ba969
r2a_shapetrans_0301.img	TRIANGLE	171	31	47339	1	WITHHOLD	0000000000000000000000000000000000000000000000000000000000000000	0	463	4554779844de2fd9584c05f5bd5ee7cb09da114c29f9c9d43159fd3e68d0cbaf
r2a_shapetrans_0302.img	TRIANGLE	171	31	46761	1	WITHHOLD	0000000000000000000000000000000000000000000000000000000000000000	0	383	6d4fa807d38e46f82c582e4aaaa7e6850250e652a22ff0c693209b35bbfa529d
r2a_shapetrans_0303.img	SQUARE	32	5	47471	1	WITHHOLD	0000000000000000000000000000000000000000000000000000000000000000	0	624	2f9ccb87cf119c9bd293cbb1522c634ff99eb949fc100471337b0720a076ff8b
r2a_shapetrans_0304.img	TRIANGLE	102	31	48014	1	WITHHOLD	0000000000000000000000000000000000000000000000000000000000000000	1	281	983e6d5326366196dda8486358affc0e9674e038bfe08e925bfb8307f7e955c2
r2a_shapetrans_0305.img	TRIANGLE	171	31	49212	1	WITHHOLD	0000000000000000000000000000000000000000000000000000000000000000	0	256	e094dadca8bc213f1a4b14f4cf259ca354bbdb98c429d98e43be94ccdccbf08a
r2a_shapetrans_0306.img	TRIANGLE	171	31	47797	1	WITHHOLD	0000000000000000000000000000000000000000000000000000000000000000	0	164	e615350d42f9a3d449d2840400e82e0169f55900aaa2c345a5410c1a322f5fe5
r2a_shapetrans_0307.img	TRIANGLE	102	31	48123	1	WITHHOLD	0000000000000000000000000000000000000000000000000000000000000000	1	360	4b0d050b5a48ece3309bb540183d1064f943eacf0975f8265180386b66102cfc
r2a_shapetrans_0308.img	TRIANGLE	102	31	50318	1	WITHHOLD	0000000000000000000000000000000000000000000000000000000000000000	1	324	8b1df221c62a23e5d20fd2f3a809e14e2012be7069fa9fd733eb6ee3d31dc2ff
r2a_shapetrans_0309.img	TRIANGLE	171	31	46979	1	WITHHOLD	0000000000000000000000000000000000000000000000000000000000000000	0	438	75d12748cbc005ad3711fb183ac57eb8592cdf5c977f6276cbf49ce4dfef357b
r2a_shapetrans_0310.img	TRIANGLE	102	31	48054	1	WITHHOLD	0000000000000000000000000000000000000000000000000000000000000000	1	495	632d220669179e561949e63f184180e4f878783c47be4199b2b98bf5ba3573fc
r2a_shapetrans_0311.img	TRIANGLE	91	27	49639	1	WITHHOLD	0000000000000000000000000000000000000000000000000000000000000000	1	608	1f4e1152a2bacbfdd46e0e7ffe53cdf789825ba5cbf3450401aa92d41a2b860d
r2a_shapetrans_0312.img	TRIANGLE	102	31	48284	1	WITHHOLD	0000000000000000000000000000000000000000000000000000000000000000	1	349	7e1fa7bfdf3bb839f464c3586dc336ddad54338bcf1a371dfd63361c2c3c30e7
r2a_shapetrans_0313.img	TRIANGLE	102	31	48158	1	WITHHOLD	0000000000000000000000000000000000000000000000000000000000000000	1	517	9b9b4a275e35a3c86ee1cffb23c29f41ebfb6f4d9f923cdd1200d67b5e3b2fb9
r2a_shapetrans_0314.img	TRIANGLE	171	31	46661	1	WITHHOLD	0000000000000000000000000000000000000000000000000000000000000000	0	298	49cadb69d12699dd0744d5def48a81bf6744c43bf0aa29d4001de6e88464d242
r2a_shapetrans_0315.img	SQUARE	102	31	48921	1	WITHHOLD	0000000000000000000000000000000000000000000000000000000000000000	1	657	f21a76cefa7ef37ec52f1b63680bb1ebd4963f8c4e03dabaff36c89ca7473b23
r2a_shapetrans_0316.img	TRIANGLE	102	31	48771	1	WITHHOLD	0000000000000000000000000000000000000000000000000000000000000000	1	567	69df100775016384a42190c28a9ef6f27303b9759ffb27a494c1a903d1a8854a
r2a_shapetrans_0317.img	SQUARE	102	31	48968	1	WITHHOLD	0000000000000000000000000000000000000000000000000000000000000000	1	653	3d7dea13ebccbe0d75e50acae74f021d9622c4eaa509d7fbb8479c13ab4ee9f6
r2a_shapetrans_0318.img	TRIANGLE	102	31	48354	1	WITHHOLD	0000000000000000000000000000000000000000000000000000000000000000	1	295	c27da6a0237c40d9e52e734bd3f8b7f2ef63fd21f8af17792ed33bf1cb6c02b4
r2a_shapetrans_0319.img	TRIANGLE	102	31	49102	1	WITHHOLD	0000000000000000000000000000000000000000000000000000000000000000	1	459	dc0c3b5ef1cde974f762e3178534b8b11fead853965e0c07104271967acc3796
r2a_shapetrans_0320.img	SQUARE	85	25	48738	1	WITHHOLD	0000000000000000000000000000000000000000000000000000000000000000	1	806	589f2f11826192c4a919a96da30817328cb5f18a02c03c3731db45ceb0ed8176
r2a_shapetrans_0321.img	TRIANGLE	102	31	48293	1	WITHHOLD	0000000000000000000000000000000000000000000000000000000000000000	1	280	9e320d721d57726a437cfbeeb351464941a1ee99b9ae91a3794aae317c1d44f7
r2a_shapetrans_0322.img	TRIANGLE	171	31	50064	1	WITHHOLD	0000000000000000000000000000000000000000000000000000000000000000	0	376	74ec2f6c8153dc131aff7b56446efc793d86e35b42ab0e3c300c5f63fb5615d3
r2a_shapetrans_0323.img	TRIANGLE	102	31	52862	1	WITHHOLD	0000000000000000000000000000000000000000000000000000000000000000	1	260	95d27e3e4be9f861005d947ec988113ef5c21398cf20c8d5649b62be16ab643f
r2a_shapetrans_0324.img	TRIANGLE	171	31	50255	1	WITHHOLD	0000000000000000000000000000000000000000000000000000000000000000	0	257	0adb7f6377d597c9d05ad44107732bfb0bfe85e5d4e3c05d7a5fb456952a824f
r2a_shapetrans_0325.img	TRIANGLE	102	31	49438	1	WITHHOLD	0000000000000000000000000000000000000000000000000000000000000000	1	601	f7e9e062abb70e99929a0106380c9938b29b81059d9bc6983c3759a71dd80bc6
r2a_shapetrans_0326.img	TRIANGLE	102	31	48302	1	WITHHOLD	0000000000000000000000000000000000000000000000000000000000000000	1	358	7e71711a5017220b228c01bc464535a9859a9ed4d117255bd213cf43274a627b
r2a_shapetrans_0327.img	TRIANGLE	102	31	50822	1	WITHHOLD	0000000000000000000000000000000000000000000000000000000000000000	1	478	a9ae38089e5d805380bb1c345070c5f6853ccc83aa9c1bff7f7a83f17784d38e
r2a_shapetrans_0328.img	TRIANGLE	171	31	47833	1	WITHHOLD	0000000000000000000000000000000000000000000000000000000000000000	0	96	08757e80e3949fa2ced4d4a015e5f8acb12733660c828dfe2e658e941abdb144
r2a_shapetrans_0329.img	TRIANGLE	102	31	49220	1	WITHHOLD	0000000000000000000000000000000000000000000000000000000000000000	1	534	15aaa497bd3a3f5eef6528a31e157c01f59829cf60a9f538c21774ea26cb42fa
r2a_shapetrans_0330.img	TRIANGLE	171	31	50143	1	WITHHOLD	0000000000000000000000000000000000000000000000000000000000000000	0	407	182f3058fbfb6282153c0fba985d8594e2524f704b0e17d2a8776024b6fb7d29
r2a_shapetrans_0331.img	TRIANGLE	102	31	48374	1	WITHHOLD	0000000000000000000000000000000000000000000000000000000000000000	1	399	07128d91d113cc15f31355132f0c5abd975d4c31cf5868e44c297cbd7a7216e5
r2a_shapetrans_0332.img	TRIANGLE	171	31	50127	1	WITHHOLD	0000000000000000000000000000000000000000000000000000000000000000	0	330	aa63cc1edd7344483635064752171d10fd2a929bf09cc33a39d00f54cb1241b8
r2a_shapetrans_0333.img	CIRCLE	206	39	47128	1	WITHHOLD	0000000000000000000000000000000000000000000000000000000000000000	0	838	6a6c8316fd66a52df7d9c730a23444daaca449a4c654bbe8ee1121d885b2ba5d
r2a_shapetrans_0334.img	TRIANGLE	171	31	47017	1	WITHHOLD	0000000000000000000000000000000000000000000000000000000000000000	0	495	8282b61eff4eda0791231d91935f51a59c72a7118e3affa409cbe5e54ebd7fab
r2a_shapetrans_0335.img	SQUARE	102	31	49141	1	WITHHOLD	0000000000000000000000000000000000000000000000000000000000000000	1	781	d49f01eadf88343e08ed428a1c7785aa12c623e58b0a8641a5fff2f26372529b
r2a_shapetrans_0336.img	TRIANGLE	171	31	47807	1	WITHHOLD	0000000000000000000000000000000000000000000000000000000000000000	0	554	590e89898edba364e452bfc8395e4f49e9fc605458f6c6b93adf3fa21eb45be5
r2a_shapetrans_0337.img	TRIANGLE	102	31	51579	1	WITHHOLD	0000000000000000000000000000000000000000000000000000000000000000	1	578	65e05d2d7882ecfca9dfe585a77d256fc84e30cf36e5e02efb6d2f9f75d7e9ec
r2a_shapetrans_0338.img	TRIANGLE	171	31	46984	1	WITHHOLD	0000000000000000000000000000000000000000000000000000000000000000	0	448	58fdf2ddb38827887318c69908ba48545092d00033b13c6115be4f70bdef9209
r2a_shapetrans_0339.img	TRIANGLE	47	13	49241	1	WITHHOLD	0000000000000000000000000000000000000000000000000000000000000000	1	615	b01adb4eaa81b8b721988ebddd69fab597c76acf865e3ed4a07707b1443f7e98
r2a_shapetrans_0340.img	TRIANGLE	102	31	48809	1	WITHHOLD	0000000000000000000000000000000000000000000000000000000000000000	1	592	8fbc1e0c675e52cdda449044cf8194bd18f44f078bb3c8eee359aa7682ea9e0f
r2a_shapetrans_0341.img	TRIANGLE	102	31	48219	1	WITHHOLD	0000000000000000000000000000000000000000000000000000000000000000	1	177	44ba4a1776052acc3e7e423fda179bad68bafd4d5d16c1847166be7075e4f431
r2a_shapetrans_0342.img	SQUARE	132	23	47299	1	WITHHOLD	0000000000000000000000000000000000000000000000000000000000000000	0	633	a54103948b19d4161e9d8b5f602676c9cce804e26ea3fa25c6d7f0fed02059d9
r2a_shapetrans_0343.img	TRIANGLE	102	31	48727	1	WITHHOLD	0000000000000000000000000000000000000000000000000000000000000000	1	570	d70fd0f39656f68524984da96d9404c04e3847474e1ba10f67807c08a0287183
r2a_shapetrans_0344.img	SQUARE	112	19	47667	1	WITHHOLD	0000000000000000000000000000000000000000000000000000000000000000	0	631	e28d16cd2e9b92d984c5a765db976d223340730a6e2b6003bbff33aac7bef91f
r2a_shapetrans_0345.img	TRIANGLE	171	31	48243	1	WITHHOLD	0000000000000000000000000000000000000000000000000000000000000000	0	604	d7a2a7d67d1ffda4a56a0b56b97853d5673095ac60e82d1d8fb230c55404120a
r2a_shapetrans_0346.img	SQUARE	102	31	48989	1	WITHHOLD	0000000000000000000000000000000000000000000000000000000000000000	1	672	70635741e5ce702f4c21340bb279a63a5de6e37dc94403edaf409dd34b2a2818
r2a_shapetrans_0347.img	TRIANGLE	132	23	47137	1	WITHHOLD	0000000000000000000000000000000000000000000000000000000000000000	0	610	5ef78adbc60cab9542fc35911f100707984daea92c9d8831264c4e46988c90ea
r2a_shapetrans_0348.img	TRIANGLE	102	31	48846	1	WITHHOLD	0000000000000000000000000000000000000000000000000000000000000000	1	507	662360015c289a18a27b582f204c2f8526ea9d4d45ee4bdfcfcc6c7aee1d193d
r2a_shapetrans_0349.img	TRIANGLE	47	13	48938	1	WITHHOLD	0000000000000000000000000000000000000000000000000000000000000000	1	615	de4fea542bb4eac8c08e2dcca1419dd3eec338a8c17545b0bf150759fa9447d3
r2a_shapetrans_0350.img	CIRCLE	133	43	49216	1	WITHHOLD	0000000000000000000000000000000000000000000000000000000000000000	1	840	be0e85c975ddcd4aa487b2f64624faa1dfdb9de0fa6f50bb6e19e4af59116d3e
r2a_shapetrans_0351.img	TRIANGLE	102	31	48702	1	WITHHOLD	0000000000000000000000000000000000000000000000000000000000000000	1	603	902ac2c800590924f475ebaa6cc44ecc9ebc0c748fcb88be8bc1fcd284e38c64
r2a_shapetrans_0352.img	TRIANGLE	102	31	48944	1	WITHHOLD	0000000000000000000000000000000000000000000000000000000000000000	1	583	3830e48d7504fd44ef14f0c795ac5c0eb665ab5ec97cd9cc2859e0a65572bc08
r2a_shapetrans_0353.img	TRIANGLE	171	31	49529	1	WITHHOLD	0000000000000000000000000000000000000000000000000000000000000000	0	238	a2d1a1966225f70b541cfd82f19722668f167a3d8ba8d4f0b98ed57acf4c6f08
r2a_shapetrans_0354.img	TRIANGLE	102	31	48229	1	WITHHOLD	0000000000000000000000000000000000000000000000000000000000000000	1	371	b7d2134b791525f9d53ad48f57d9a33f984716b2debd44ce2f2ff53cec133369
r2a_shapetrans_0355.img	TRIANGLE	102	31	48228	1	WITHHOLD	0000000000000000000000000000000000000000000000000000000000000000	1	274	d9c1468b5ec0796e81c7c3d8c4a41d7315b07b5f6130400dfe0f4adba77657a7
r2a_shapetrans_0356.img	TRIANGLE	102	31	49680	1	WITHHOLD	0000000000000000000000000000000000000000000000000000000000000000	1	586	46267f24a2e116d6c400a442e8762ce49df87eea6d916bf91283639cbd0ee38d
r2a_shapetrans_0357.img	TRIANGLE	171	31	50506	1	WITHHOLD	0000000000000000000000000000000000000000000000000000000000000000	0	399	d6afeab232f330853874014ee06ab2af828fafd1a40b2077586e5cf403c98be5
r2a_shapetrans_0358.img	CIRCLE	329	183	48990	1	WITHHOLD	0000000000000000000000000000000000000000000000000000000000000000	1	910	5c6e79b162825f9e5e107485d2834aebe4917512e6b86bbb36856bc57785fb3a
r2a_shapetrans_0359.img	TRIANGLE	171	31	46547	1	WITHHOLD	0000000000000000000000000000000000000000000000000000000000000000	0	395	abcef6cd3ce8311fb4cc6aef68fcec1fde9f5198d9caf83cd904b6e969559b36
r2a_shapetrans_0360.img	TRIANGLE	102	31	47985	1	WITHHOLD	0000000000000000000000000000000000000000000000000000000000000000	1	265	ee7d4bb4adb6738e8e94453f1e1f7ef3f522b8f6a6079178df766371882f705c
r2a_shapetrans_0361.img	SQUARE	102	31	51977	1	WITHHOLD	0000000000000000000000000000000000000000000000000000000000000000	1	646	0993b254861041933bbd18205a616663f60f084f96dac0bd175c4a531ae82b83
r2a_shapetrans_0362.img	TRIANGLE	102	31	49423	1	WITHHOLD	0000000000000000000000000000000000000000000000000000000000000000	1	597	23c23ab92c75fff3957c4aab5a706d29a5bac3ea1996e4aca096ed6877d53d28
r2a_shapetrans_0363.img	TRIANGLE	171	31	46609	1	WITHHOLD	0000000000000000000000000000000000000000000000000000000000000000	0	270	5c3b6929707e8cbe4b23cd20f219ba2a9e71c2f76b05a8a9a896d88df490ec3a
r2a_shapetrans_0364.img	TRIANGLE	102	31	48465	1	WITHHOLD	0000000000000000000000000000000000000000000000000000000000000000	1	223	7136dc8331ae26af6c86eae23160138ee2b9fadef4e5eb3cba9614ab8477e5a4
r2a_shapetrans_0365.img	TRIANGLE	171	31	47211	1	WITHHOLD	0000000000000000000000000000000000000000000000000000000000000000	0	410	093ee9dacb33e70cef1617da678d1dda9515e3d7bec1514cb19eb26963c66cd8
r2a_shapetrans_0366.img	TRIANGLE	102	31	48325	1	WITHHOLD	0000000000000000000000000000000000000000000000000000000000000000	1	364	90d1a3f18bcf3494cfa0bfbead64b12e0eea4ed9f25d464d8b6d83aecf369156
r2a_shapetrans_0367.img	TRIANGLE	102	31	49034	1	WITHHOLD	0000000000000000000000000000000000000000000000000000000000000000	1	479	6086abd5c7a8bbc1bbaea6e6f8c4e51d449bb2d17febde9697f8b9dbc914ecf4
r2a_shapetrans_0368.img	TRIANGLE	102	31	48100	1	WITHHOLD	0000000000000000000000000000000000000000000000000000000000000000	1	360	dbe03ccabce43360ab17caea2bae4c3a4f2ae848b58a7342132f851e6e70d79c
r2a_shapetrans_0369.img	TRIANGLE	171	31	46896	1	WITHHOLD	0000000000000000000000000000000000000000000000000000000000000000	0	487	8cb2b093d8fc4d400ab6925028ffe30ba0edeaa7aa95f31b2362e992fa70933f
r2a_shapetrans_0370.img	TRIANGLE	102	31	51381	1	WITHHOLD	0000000000000000000000000000000000000000000000000000000000000000	1	262	589bc3815036323194eaa0f3ba00c178924c14daac395575dac170fd30a80043
r2a_shapetrans_0371.img	SQUARE	102	31	48431	1	WITHHOLD	0000000000000000000000000000000000000000000000000000000000000000	1	743	33e7b244b68a0af0fd2c7f1a406d9fca0f684028638834d408d6272cb9a90def
r2a_shapetrans_0372.img	TRIANGLE	102	31	47835	1	WITHHOLD	0000000000000000000000000000000000000000000000000000000000000000	1	345	37d0d0f2d0c4a7084aaa6d6d1d96bb8b527f9966d520e39a34689d93e9566913
r2a_shapetrans_0373.img	CIRCLE	327	181	49252	1	WITHHOLD	0000000000000000000000000000000000000000000000000000000000000000	1	909	b29d82b861537dd37bd8e67e087f130063ae8b822385d6bc90f02a6077bf7737
r2a_shapetrans_0374.img	TRIANGLE	102	31	48280	1	WITHHOLD	0000000000000000000000000000000000000000000000000000000000000000	1	302	3a859ecf8d5a579be2dbc951658f2f27619c9a7b621b217b5f23bad4febb77a6
r2a_shapetrans_0375.img	TRIANGLE	102	31	48043	1	WITHHOLD	0000000000000000000000000000000000000000000000000000000000000000	1	273	f690a0381e28078ca7f10850887947b906d89a9794377d15273d38acc292a8d2
r2a_shapetrans_0376.img	CIRCLE	160	55	49244	1	WITHHOLD	0000000000000000000000000000000000000000000000000000000000000000	1	846	f9786d9c9716e5e2bd1b51ed72e963f0cd61e385101bf9362f4b22bf971af8b1
r2a_shapetrans_0377.img	TRIANGLE	171	31	48700	1	WITHHOLD	0000000000000000000000000000000000000000000000000000000000000000	0	335	350ee22d9d664d4a51a54049a89c2b777c92883538079310ad67519d6495298a
r2a_shapetrans_0378.img	TRIANGLE	102	31	48136	1	WITHHOLD	0000000000000000000000000000000000000000000000000000000000000000	1	412	635d6a270b5c69e091b8c9c6c9b6f86db7421d952335902a55bb019c78fd341c
r2a_shapetrans_0379.img	TRIANGLE	102	31	48568	1	WITHHOLD	0000000000000000000000000000000000000000000000000000000000000000	1	406	84a91dba231425fab97ce05a4832f0c0db0ee877b3279dd70ba7269e2530079d
r2a_shapetrans_0380.img	TRIANGLE	171	31	46877	1	WITHHOLD	0000000000000000000000000000000000000000000000000000000000000000	0	519	79778e895d6bb6ed77cd0df67f8f01c7103c37f481ffec5fcc2dfc83f0aa4cc7
r2a_shapetrans_0381.img	CIRCLE	203	77	48791	1	WITHHOLD	0000000000000000000000000000000000000000000000000000000000000000	1	857	a1becde5fa16fd5dfeb128123763230f6a85ad02fa25131834e7ee7c78dd729a
r2a_shapetrans_0382.img	CIRCLE	296	147	48949	1	WITHHOLD	0000000000000000000000000000000000000000000000000000000000000000	1	892	f4e026a928ee88be4d243795e0ae195884824b4dc978099196d2a4dfe276df6b
r2a_shapetrans_0383.img	TRIANGLE	102	31	48231	1	WITHHOLD	0000000000000000000000000000000000000000000000000000000000000000	1	397	6eb094cca1cebe273f4a46a82fe7bccfdecb660b9a3f8f7fb156f1d48ffcab50
r2a_shapetrans_0384.img	TRIANGLE	102	31	48273	1	WITHHOLD	0000000000000000000000000000000000000000000000000000000000000000	1	409	230c0b44ecd6d2975a55e6e4a6e3e42f9a219a92832de2289d2847a098e785cb
r2a_shapetrans_0385.img	TRIANGLE	102	31	49071	1	WITHHOLD	0000000000000000000000000000000000000000000000000000000000000000	1	491	25897c27545a85b2bc64130a6690d85179960e0ecece364adedb6a0896933229
r2a_shapetrans_0386.img	TRIANGLE	171	31	47140	1	WITHHOLD	0000000000000000000000000000000000000000000000000000000000000000	0	562	32219f428e551403ac919bd323d492097366d3ba11d8d2aa76bb9778af9d41ee
r2a_shapetrans_0387.img	TRIANGLE	102	31	51247	1	WITHHOLD	0000000000000000000000000000000000000000000000000000000000000000	1	353	1b2fbf2147b8fede56d8c6ab086f759a58899d0d58007d73a696b8357d5b617b
r2a_shapetrans_0388.img	TRIANGLE	102	31	47958	1	WITHHOLD	0000000000000000000000000000000000000000000000000000000000000000	1	441	0e4346023d484a397d92619e670db20baa8f61706ea256d4da141a273e0fe4d2
r2a_shapetrans_0389.img	TRIANGLE	102	31	48200	1	WITHHOLD	0000000000000000000000000000000000000000000000000000000000000000	1	351	b0d513a859ebac3ec4dc715c4020cc5b633a61f6bfcc1cd2d0ee88cf21e57eaa
r2a_shapetrans_0390.img	TRIANGLE	102	31	48538	1	WITHHOLD	0000000000000000000000000000000000000000000000000000000000000000	1	333	b74cb569b78dc4498ed3523e98b027dde34a505816c191bde247bb6cbdd52b53
r2a_shapetrans_0391.img	TRIANGLE	171	31	46687	1	WITHHOLD	0000000000000000000000000000000000000000000000000000000000000000	0	449	2bc692d968c13834dff1c2a8f7ad16117fd62f86022ad69d1ad20ff29e377f9f
r2a_shapetrans_0392.img	TRIANGLE	171	31	46809	1	WITHHOLD	0000000000000000000000000000000000000000000000000000000000000000	0	453	eea72a7ec9b769ae5c7d6d3899a1ad75e28d919885edd48befc169c6f906bb37
r2a_shapetrans_0393.img	TRIANGLE	171	31	48784	1	WITHHOLD	0000000000000000000000000000000000000000000000000000000000000000	0	321	d5886467100b0774d705717d20a9019f8cb758461c22f60c156e6f08a7ff5e96
r2a_shapetrans_0394.img	CIRCLE	402	101	47490	1	WITHHOLD	0000000000000000000000000000000000000000000000000000000000000000	0	869	f03ec528c98f8172276779cc99d11fa135a62dfc91fa3c8edbf44f5a55e71482
r2a_shapetrans_0395.img	SQUARE	171	31	47172	1	WITHHOLD	0000000000000000000000000000000000000000000000000000000000000000	0	696	a93cae523530f5bf0cb0dcba60de586cc5ae110ea8a6ce8b38a1091c6e7d1688
r2a_shapetrans_0396.img	TRIANGLE	171	31	49480	1	WITHHOLD	0000000000000000000000000000000000000000000000000000000000000000	0	278	6d5528b59b906452baa14ec26859ffcf7bbff497ecb5902e3c3e24fd07cec830
r2a_shapetrans_0397.img	TRIANGLE	102	31	48426	1	WITHHOLD	0000000000000000000000000000000000000000000000000000000000000000	1	339	fe007e5d5d8a0f73122309b38b97a0228d13ed917cd6859e19a2a468d18dc1d4
r2a_shapetrans_0398.img	SQUARE	171	31	47313	1	WITHHOLD	0000000000000000000000000000000000000000000000000000000000000000	0	754	0dc401ab05d8c4c180784322bb0bcf3965cfd5e8a52a2d13d5efe4bbc55f19c9
r2a_shapetrans_0399.img	TRIANGLE	102	31	48991	1	WITHHOLD	0000000000000000000000000000000000000000000000000000000000000000	1	544	d1d2799df74d9b866033efa5cbbcd798cff57d04369ae090d00d7388e45149f7
r2a_shapetrans_0400.img	TRIANGLE	171	31	47407	1	WITHHOLD	0000000000000000000000000000000000000000000000000000000000000000	0	434	e3fcc3d40395a016b0161b7b647a30f0ceb5a717e75f06c6c18c96c24bc3771f
r2a_shapetrans_0401.img	CIRCLE	336	191	48440	1	WITHHOLD	0000000000000000000000000000000000000000000000000000000000000000	1	914	a1bb9f37b5400b57b1ca7eca240a86e181c45ffcc0b1b2cda588b67004e729f4
r2a_shapetrans_0402.img	SQUARE	90	15	48612	1	WITHHOLD	0000000000000000000000000000000000000000000000000000000000000000	0	629	ea1a558636eafe0e19f9a9e3260f16652f439d8246454963943405fb43185e10
r2a_shapetrans_0403.img	TRIANGLE	171	31	47490	1	WITHHOLD	0000000000000000000000000000000000000000000000000000000000000000	0	415	2c3b56fccdde4cb54cf3a0f3592e7f449f12eb4126758598ba9d765e2eb2cc5a
r2a_shapetrans_0404.img	CIRCLE	584	211	48219	1	WITHHOLD	0000000000000000000000000000000000000000000000000000000000000000	0	924	9c8d4a28a8787a2eb55ffbf4981aa716585b74b92a828f6819a4c8fa10665002
r2a_shapetrans_0405.img	SQUARE	171	31	47706	1	WITHHOLD	0000000000000000000000000000000000000000000000000000000000000000	0	650	8667b9b44d2bb8f9cf6ab0f9c6c17cc076081682b3e514ad374f7ca87df4465e
r2a_shapetrans_0406.img	TRIANGLE	171	31	47223	1	WITHHOLD	0000000000000000000000000000000000000000000000000000000000000000	0	416	e3508b95a362a8f7a1010ec3ba17b01816ff5d70577dbabf652d77ea478d6aca
r2a_shapetrans_0407.img	TRIANGLE	171	31	47163	1	WITHHOLD	0000000000000000000000000000000000000000000000000000000000000000	0	421	da81e002220fc4b2276897d4fb98ea024109336673a36351757617512f6d7771
r2a_shapetrans_0408.img	SQUARE	171	31	47838	1	WITHHOLD	0000000000000000000000000000000000000000000000000000000000000000	0	663	8f8f12d5f16694f05c29cf09993dba2b7fe025a898074c56c418e9f77bc47176
r2a_shapetrans_0409.img	CIRCLE	373	247	49003	1	WITHHOLD	0000000000000000000000000000000000000000000000000000000000000000	1	942	1bc6dc70fb8be6874e16bcfd7228377d630261f4667fa8f084218d16f80ca1c0
r2a_shapetrans_0410.img	SQUARE	171	31	47707	1	WITHHOLD	0000000000000000000000000000000000000000000000000000000000000000	0	697	3d26553e2713721be8bfd28e4091d1dd88e948193f5d579a44f9cf385a9203d5
r2a_shapetrans_0411.img	TRIANGLE	122	21	47722	1	WITHHOLD	0000000000000000000000000000000000000000000000000000000000000000	0	611	3c40542058a39f3e369424231aad87430b0ea80e85c9c784c19b6c8a712877dc
r2a_shapetrans_0412.img	CIRCLE	400	301	49035	1	WITHHOLD	0000000000000000000000000000000000000000000000000000000000000000	1	969	1e510d414f63766b78df4458236515ceadac42ea9bf5fc8c403e1671453cf926
r2a_shapetrans_0413.img	CIRCLE	552	185	47630	1	WITHHOLD	0000000000000000000000000000000000000000000000000000000000000000	0	911	7de57415f93f6e96c51b007573b24c03aad1304246e8ac750a6d3c3950cf3591
r2a_shapetrans_0414.img	TRIANGLE	171	31	47192	1	WITHHOLD	0000000000000000000000000000000000000000000000000000000000000000	0	421	22cc8c6cb36c85e15cc0488d38ea5ee5f62ed82c8151e323be857592a7bb4c34
r2a_shapetrans_0415.img	TRIANGLE	85	25	49314	1	WITHHOLD	0000000000000000000000000000000000000000000000000000000000000000	1	609	94803eef0df6a123a662375182ee6a0a14a434050179a7f8f1a7d63b6b11c894
r2a_shapetrans_0416.img	SQUARE	162	29	48280	1	WITHHOLD	0000000000000000000000000000000000000000000000000000000000000000	0	636	68732d4767c8f313cfd20c701f425297ea7cdbbfe6c153c76bd0bc5acdfb42ea
r2a_shapetrans_0417.img	CIRCLE	671	307	48145	1	WITHHOLD	0000000000000000000000000000000000000000000000000000000000000000	0	972	c65f1f2ceef1f3c981ed6da9fbab5e7db6cfe8de406d91f5f0791b2c21c5f0c1
r2a_shapetrans_0418.img	SQUARE	162	29	47790	1	WITHHOLD	0000000000000000000000000000000000000000000000000000000000000000	0	636	189009bc6ecc3811cf0d9cf30375ae55126684daf3576553bd7b6c3988eb8460
r2a_shapetrans_0419.img	TRIANGLE	102	31	48668	1	WITHHOLD	0000000000000000000000000000000000000000000000000000000000000000	1	418	87cad1452beaf9bc256c2ad229cdec3e6e98e8415cc4f07c5d01f5809db9203b
r2a_shapetrans_0420.img	SQUARE	101	17	47794	1	WITHHOLD	0000000000000000000000000000000000000000000000000000000000000000	0	630	6832fc6fb7dd867b9a16ddc006f54b511aa743e645224abe542833d986842a84
r2a_shapetrans_0421.img	SQUARE	171	31	47789	1	WITHHOLD	0000000000000000000000000000000000000000000000000000000000000000	0	656	a5d502f7e6556926c535315f0f4a94672ab2a5d7bd0f08aa95b7e99cfa331620
r2a_shapetrans_0422.img	CIRCLE	538	175	48141	1	WITHHOLD	0000000000000000000000000000000000000000000000000000000000000000	0	906	ac2963930c8fa0d26293c1a63bbd6f1042acbc16f4302bd8d364ec18f3fdc239
r2a_shapetrans_0423.img	TRIANGLE	102	31	48754	1	WITHHOLD	0000000000000000000000000000000000000000000000000000000000000000	1	415	8f1ad9dece18f67e066e1b9aad3ed696d450ed2e1c861e36efde7e5df9344184
r2a_shapetrans_0424.img	SQUARE	102	31	48766	1	WITHHOLD	0000000000000000000000000000000000000000000000000000000000000000	1	655	170875b50e2f4b253fb2d674485afcd77a1227dd537611c16cde2814b692b769
r2a_shapetrans_0425.img	TRIANGLE	171	31	47046	1	WITHHOLD	0000000000000000000000000000000000000000000000000000000000000000	0	409	36f340cb98da304883440b516b058d96eb2f1f06bb9081e26f0e30ae778e6c32
r2a_shapetrans_0426.img	CIRCLE	668	303	47600	1	WITHHOLD	0000000000000000000000000000000000000000000000000000000000000000	0	970	16989f00d9fe4191b4ecb21cb20915fc7027120cb839d31f24a50325882c44e5
r2a_shapetrans_0427.img	SQUARE	171	31	47903	1	WITHHOLD	0000000000000000000000000000000000000000000000000000000000000000	0	637	bab373364ab912ec5391448dbd2cfe250ab005fe0a428361046169819022859a
r2a_shapetrans_0428.img	CIRCLE	546	181	47954	1	WITHHOLD	0000000000000000000000000000000000000000000000000000000000000000	0	909	d6d629725f56afb81c885152aaa79a281b7da18ab83180673770c75b923c2a59
r2a_shapetrans_0429.img	CIRCLE	622	247	48080	1	WITHHOLD	0000000000000000000000000000000000000000000000000000000000000000	0	942	748a0c74cb3dfffa42a8b791d5ec6b714d0f51726a5e861407377ab4452efe98
r2a_shapetrans_0430.img	TRIANGLE	171	31	47507	1	WITHHOLD	0000000000000000000000000000000000000000000000000000000000000000	0	414	06c6474bf274dbbb7b5bbb812f08c876f4c7c41b073c8ccb2433fc89958f614e
r2a_shapetrans_0431.img	TRIANGLE	171	31	47159	1	WITHHOLD	0000000000000000000000000000000000000000000000000000000000000000	0	424	bdc84cb8a3aa08d0fe83611518f12f215eb946f41c99ac5437b0e560c3672903
r2a_shapetrans_0432.img	CIRCLE	570	199	47935	1	WITHHOLD	0000000000000000000000000000000000000000000000000000000000000000	0	918	eb1e2d7142afccbf37f4489e28e4e159352cd8a906a7c0b2873fef0cda46045b
r2a_shapetrans_0433.img	SQUARE	79	23	49174	1	WITHHOLD	0000000000000000000000000000000000000000000000000000000000000000	1	633	c69dbe4fb5820e6046ad00a2fdaf202c913bd0ca9affe9db880b974cec3f261c
r2a_shapetrans_0434.img	TRIANGLE	171	31	48738	1	WITHHOLD	0000000000000000000000000000000000000000000000000000000000000000	0	202	6c11231465e67289055ed1a7a3d4ae5bb8fc5bfc0341225de0350799ad9b100c
r2a_shapetrans_0435.img	TRIANGLE	102	31	49043	1	WITHHOLD	0000000000000000000000000000000000000000000000000000000000000000	1	605	3722b617b4ab9f51d511daa86d6baeb7696a4db5736eb3724efbe9b12f93e938
r2a_shapetrans_0436.img	CIRCLE	552	185	47372	1	WITHHOLD	0000000000000000000000000000000000000000000000000000000000000000	0	911	79aa446fe617e8e575a10ceb190a800ef3770fe8f917cc3ae79e58ee22000d34
r2a_shapetrans_0437.img	SQUARE	171	31	48024	1	WITHHOLD	0000000000000000000000000000000000000000000000000000000000000000	0	640	36392cb94e68596f338067eb08057274a0015f8021b83013f0ff15570c206337
r2a_shapetrans_0438.img	TRIANGLE	102	31	48389	1	WITHHOLD	0000000000000000000000000000000000000000000000000000000000000000	1	289	8ada1cf6689230051606e4637782c4e6d149f0507b4ba66ad6ce3711b8f99545
r2a_shapetrans_0439.img	CIRCLE	272	125	49624	1	WITHHOLD	0000000000000000000000000000000000000000000000000000000000000000	1	881	b848940bc343cc84db1ec7f3206c4cd0228d2c339bda9342a19d2759c21fe44a
r2a_shapetrans_0440.img	CIRCLE	554	187	47707	1	WITHHOLD	0000000000000000000000000000000000000000000000000000000000000000	0	912	e2f9507c341e9d273cdc230d62aba6880e6eda3692aea0c9d522aad3083c485c
r2a_shapetrans_0441.img	SQUARE	171	31	47633	1	WITHHOLD	0000000000000000000000000000000000000000000000000000000000000000	0	663	96a25d61f8805d569d8e5e638f8b0f30b62fa5804edbd19ceab088213538051d
r2a_shapetrans_0442.img	CIRCLE	633	259	48085	1	WITHHOLD	0000000000000000000000000000000000000000000000000000000000000000	0	948	d5301291a4c4a8ea7f7e4b106e9e98b1439d1c52dc334e5aa8a2fea8fa8ab359
r2a_shapetrans_0443.img	TRIANGLE	102	31	47870	1	WITHHOLD	0000000000000000000000000000000000000000000000000000000000000000	1	451	f83f920d05e7af9907bce65b6f6d4581783f0b1171d58c335b5542cc3a6ae6fe
r2a_shapetrans_0444.img	CIRCLE	532	171	47536	1	WITHHOLD	0000000000000000000000000000000000000000000000000000000000000000	0	904	d2bcaa1bde787c39f2828aa0f99d45ab6019f7c6b2baa8495d0a398f0c847dcf
r2a_shapetrans_0445.img	CIRCLE	600	225	47979	1	WITHHOLD	0000000000000000000000000000000000000000000000000000000000000000	0	931	544072edc24dfe07d69d7486754732951113c6abb0a92e455e10519300c61e97
r2a_shapetrans_0446.img	TRIANGLE	171	31	47165	1	WITHHOLD	0000000000000000000000000000000000000000000000000000000000000000	0	428	19846ff9bbd9f2fa144003858e17cee419d9ec50f0ce9abd11826053543b246b
r2a_shapetrans_0447.img	TRIANGLE	171	31	47448	1	WITHHOLD	0000000000000000000000000000000000000000000000000000000000000000	0	412	d5cfe7cdbb8b69c53df646a3a99de5efe2b33984ced9d0a7051340b9da3d656b
r2a_shapetrans_0448.img	SQUARE	171	31	47835	1	WITHHOLD	0000000000000000000000000000000000000000000000000000000000000000	0	648	e843e50f2d0b38b4a205fa07a347c532f819a794c9ad3d7dc9e71906927e849d
r2a_shapetrans_0449.img	TRIANGLE	171	31	47247	1	WITHHOLD	0000000000000000000000000000000000000000000000000000000000000000	0	427	250edd1459478559a5c927e7d62712424f26f0b2a880e4b1783cd8d8024eeea6
r2a_shapetrans_0450.img	CIRCLE	689	333	47394	1	WITHHOLD	0000000000000000000000000000000000000000000000000000000000000000	0	985	5048b93289ff49d9ed40740e3be6612925ee485c2179470c81f68872d83975e8
r2a_shapetrans_0451.img	CIRCLE	602	227	47914	1	WITHHOLD	0000000000000000000000000000000000000000000000000000000000000000	0	932	0f8ae875dc4526eb37693796240ce1f11dbd065d53f7f068354502d379eccc24
r2a_shapetrans_0452.img	TRIANGLE	171	31	47709	1	WITHHOLD	0000000000000000000000000000000000000000000000000000000000000000	0	596	78a4b9fb7aa17325df8259123c23074999889fbeeeeff8f19e17fe184c702217
r2a_shapetrans_0453.img	SQUARE	171	31	47958	1	WITHHOLD	0000000000000000000000000000000000000000000000000000000000000000	0	649	1c0dbb4e589c5d0718caf6f1a78c1605bf50ae7454d850260edaafa2c23d8285
r2a_shapetrans_0454.img	SQUARE	171	31	47841	1	WITHHOLD	0000000000000000000000000000000000000000000000000000000000000000	0	639	3d7f71f737eecfd773ad06c536e617b45bd543af3b7e0b335bbc66149c0ba18f
r2a_shapetrans_0455.img	TRIANGLE	171	31	47087	1	WITHHOLD	0000000000000000000000000000000000000000000000000000000000000000	0	439	082bf8af5650f5c8f9a10fd10e3389977771822b06158283fff7070b94bc901e
r2a_shapetrans_0456.img	TRIANGLE	132	23	48017	1	WITHHOLD	0000000000000000000000000000000000000000000000000000000000000000	0	610	9d4010bbea2b98d485bf6763a74fd719e0ad946bcebcfcb78399591644888d6a
r2a_shapetrans_0457.img	TRIANGLE	171	31	47442	1	WITHHOLD	0000000000000000000000000000000000000000000000000000000000000000	0	421	8faa7322d1c9f37ad3162d894ad2e3ff187bffaa6327aabcbd75d7e432eaabcc
r2a_shapetrans_0458.img	SQUARE	67	19	48309	1	WITHHOLD	0000000000000000000000000000000000000000000000000000000000000000	1	631	3809b50619d9606f533a8bf0e3f9eff82a82b3a0f9a0f53698947c4ea48356d7
r2a_shapetrans_0459.img	TRIANGLE	171	31	47612	1	WITHHOLD	0000000000000000000000000000000000000000000000000000000000000000	0	428	b22481a5a9832df08d28c56025fa11cc143041bf68addb3410c6488d59dfa399
r2a_shapetrans_0460.img	SQUARE	171	31	47632	1	WITHHOLD	0000000000000000000000000000000000000000000000000000000000000000	0	642	4e9824165aedc08665ef8d1139f554c80b0cdfedafc492779e35f3acfcb21017
r2a_shapetrans_0461.img	SQUARE	171	31	48558	1	WITHHOLD	0000000000000000000000000000000000000000000000000000000000000000	0	641	dc9a91bdc9a2d20ea450e3975e4fcbcbdce6a956976141c7c54e7126e36e89c7
r2a_shapetrans_0462.img	SQUARE	19	3	48247	1	WITHHOLD	0000000000000000000000000000000000000000000000000000000000000000	0	623	c76ce1ccec4db72bc22d9e6dc6f3d160a243cb6a86ba7f553af8b6a729250453
r2a_shapetrans_0463.img	CIRCLE	376	253	48791	1	WITHHOLD	0000000000000000000000000000000000000000000000000000000000000000	1	945	d69134c5a35609493d952bd548618b247b79bbfa125e596ccd9570429c0d4273
r2a_shapetrans_0464.img	CIRCLE	385	269	48304	1	WITHHOLD	0000000000000000000000000000000000000000000000000000000000000000	1	953	b92bdfa6fb9da9f9360f714b483a836a9fc7fdfdee1b9817408e889aaeed6573
r2a_shapetrans_0465.img	SQUARE	102	31	48888	1	WITHHOLD	0000000000000000000000000000000000000000000000000000000000000000	1	641	865df4f6de92c9ab7c901081da9a8637b562320c20bad2752bccb03175d97c82
r2a_shapetrans_0466.img	TRIANGLE	171	31	47235	1	WITHHOLD	0000000000000000000000000000000000000000000000000000000000000000	0	424	21182d5e6409cf80b0f42726621b62037945d4f9ddf65714f6f4d3ee0c7490a4
r2a_shapetrans_0467.img	SQUARE	102	31	48789	1	WITHHOLD	0000000000000000000000000000000000000000000000000000000000000000	1	665	fb0b68251536463581056a38e77554757c381b70542863525682e0ea403bfc53
r2a_shapetrans_0468.img	TRIANGLE	102	31	49873	1	WITHHOLD	0000000000000000000000000000000000000000000000000000000000000000	1	291	b92793ceb1a0cfa379ae16783b653639d156bd9728b44cabba53d2738515cfaf
r2a_shapetrans_0469.img	TRIANGLE	102	31	49058	1	WITHHOLD	0000000000000000000000000000000000000000000000000000000000000000	1	430	1a734d5a28945f786be49fcfb2d4b272599a6a2883012ec4ecd1e5b2cf6f1196
r2a_shapetrans_0470.img	TRIANGLE	171	31	47438	1	WITHHOLD	0000000000000000000000000000000000000000000000000000000000000000	0	403	90fccef767ebdb92c8a2ec917d890bfa2426f052d27e151ff141b4ec99243392
r2a_shapetrans_0471.img	CIRCLE	484	141	47562	1	WITHHOLD	0000000000000000000000000000000000000000000000000000000000000000	0	889	0170d3286b041c37b8fdf1484463e2bd58532ef17bb8a6be575d912c678ad6d1
r2a_shapetrans_0472.img	TRIANGLE	102	31	48143	1	WITHHOLD	0000000000000000000000000000000000000000000000000000000000000000	1	436	ee4a3ded43e825c50c465b7a56d8552807b13210a075f40d3cd4d6b43778c555
r2a_shapetrans_0473.img	TRIANGLE	102	31	49103	1	WITHHOLD	0000000000000000000000000000000000000000000000000000000000000000	1	428	086f2110e9ae0da2ec773b0aefc2e666fa0cf687a9ece6b14538bd9538285f97
r2a_shapetrans_0474.img	TRIANGLE	102	31	49656	1	WITHHOLD	0000000000000000000000000000000000000000000000000000000000000000	1	405	973420be279c7673a4a1bd898573ba12c525e51f6db2f930d71ebbee0cacb3a8
r2a_shapetrans_0475.img	TRIANGLE	171	31	47127	1	WITHHOLD	0000000000000000000000000000000000000000000000000000000000000000	0	469	fdfb4accf4a828ff638e785773c8b4b1a53daac0a223bbd54144e0b28aa3b0ba
r2a_shapetrans_0476.img	SQUARE	171	31	47600	1	WITHHOLD	0000000000000000000000000000000000000000000000000000000000000000	0	637	0d832d036baf36f2e11ac062a0bdc2defdec3f7152279c9e3f3a2946fea658ad
r2a_shapetrans_0477.img	CIRCLE	560	191	47549	1	WITHHOLD	0000000000000000000000000000000000000000000000000000000000000000	0	914	f1e20f5340d3fa7ed0f73c0a5d92e3e666461dbae8d330ce18e6d81bcb1a19e6
r2a_shapetrans_0478.img	CIRCLE	416	341	48126	1	WITHHOLD	0000000000000000000000000000000000000000000000000000000000000000	1	989	6db83c0dafbd657b87035f549c9128fc67152a85f7d14a8a1f7e46c19f4681cd
r2a_shapetrans_0479.img	SQUARE	56	9	47635	1	WITHHOLD	0000000000000000000000000000000000000000000000000000000000000000	0	626	f87c7a9ee8846be5c16710894ff0932f5bce90efc7a114342af83bf121058a77
r2a_shapetrans_0480.img	TRIANGLE	102	31	48821	1	WITHHOLD	0000000000000000000000000000000000000000000000000000000000000000	1	213	b2d31a5c0cd6cdd67b5d31010da63a15ea73075404237cbe2669aab29bb496e3
r2a_shapetrans_0481.img	TRIANGLE	91	27	48654	1	WITHHOLD	0000000000000000000000000000000000000000000000000000000000000000	1	608	ba7ee543f9de8ca91cb06a01b6c5464025c97200b47debe2bf3252a697eb4a61
r2a_shapetrans_0482.img	CIRCLE	640	267	47657	1	WITHHOLD	0000000000000000000000000000000000000000000000000000000000000000	0	952	7fcdeeec27d18a3dccaafc2a1a6e428d069425ca27dffd9d40fe0f521186b8ca
r2a_shapetrans_0483.img	TRIANGLE	171	31	47202	1	WITHHOLD	0000000000000000000000000000000000000000000000000000000000000000	0	420	606e939f5d507e1a240f58f388cf4a557320607b8272742ca6887fa8e8cda14e
r2a_shapetrans_0484.img	TRIANGLE	6	1	48319	1	WITHHOLD	0000000000000000000000000000000000000000000000000000000000000000	0	621	a2e6c33b0ac1739ce3159a65ea0feba5bb1fd2d574ff7a9309298a5e39969475
r2a_shapetrans_0485.img	SQUARE	171	31	48391	1	WITHHOLD	0000000000000000000000000000000000000000000000000000000000000000	0	652	dd6d2c1fe80d11b29b1051285d5079e6a3250061d81d8fffb2f832ef1dd743b9
r2a_shapetrans_0486.img	SQUARE	171	31	47523	1	WITHHOLD	0000000000000000000000000000000000000000000000000000000000000000	0	638	13722f5f60bcfb82ded20620198628bb697443e386a12a9ac2fe0d9c536fb638
r2a_shapetrans_0487.img	SQUARE	171	31	48378	1	WITHHOLD	0000000000000000000000000000000000000000000000000000000000000000	0	644	c396faf4444747f8ecc835f6ae534c31f8a581a87090104717b05e09166f0137
r2a_shapetrans_0488.img	SQUARE	171	31	47996	1	WITHHOLD	0000000000000000000000000000000000000000000000000000000000000000	0	641	57d09702c5546ca79bd688f8309a9a0e2d9641c18034b54bd017432d6aa06c6c
r2a_shapetrans_0489.img	CIRCLE	600	225	47978	1	WITHHOLD	0000000000000000000000000000000000000000000000000000000000000000	0	931	40951f26916ba0dee7bdc372f21211922e6c80e0a4361b99ab3944d3c1ff0c03
r2a_shapetrans_0490.img	CIRCLE	651	281	47983	1	WITHHOLD	0000000000000000000000000000000000000000000000000000000000000000	0	959	ac8970d79abc789b0cadc9ab5efd413d3b1694f3d8512e37702117c9aa1cb307
r2a_shapetrans_0491.img	CIRCLE	593	219	47524	1	WITHHOLD	0000000000000000000000000000000000000000000000000000000000000000	0	928	1cf79cb8a7aa9c68df4c03ee6a752f4c4da2b7232ee34cf0ca350c3fa2dd9e8c
r2a_shapetrans_0492.img	TRIANGLE	171	31	47155	1	WITHHOLD	0000000000000000000000000000000000000000000000000000000000000000	0	415	915effcdfb0f971991c91cd53c27c080349febb03e686b0bd0ced63a10d27a7d
r2a_shapetrans_0493.img	SQUARE	171	31	48520	1	WITHHOLD	0000000000000000000000000000000000000000000000000000000000000000	0	661	1cd1ed630c7b1cc3b4658e406cd50633eb5a67c78e25f36b8d1023e2e1bded6d
r2a_shapetrans_0494.img	TRIANGLE	171	31	47535	1	WITHHOLD	0000000000000000000000000000000000000000000000000000000000000000	0	412	bb61a9ef13a698ac5f417e3b162b690002c1e3d80f134f50c07b22208efc3f31
r2a_shapetrans_0495.img	TRIANGLE	171	31	47181	1	WITHHOLD	0000000000000000000000000000000000000000000000000000000000000000	0	436	be070e9a35bc8d41208374d103d3aac2706761a5dfcf8fad0f289e2d9b02eb27
r2a_shapetrans_0496.img	SQUARE	171	31	47886	1	WITHHOLD	0000000000000000000000000000000000000000000000000000000000000000	0	653	57cf5eac0d61c16551598304cb279f82320b273dc3a69b1969bf2f566a405fbc
r2a_shapetrans_0497.img	CIRCLE	582	209	47626	1	WITHHOLD	0000000000000000000000000000000000000000000000000000000000000000	0	923	efb2a788c2683db3520a5c5e8f7edb2a838c0750aa5c0f9d43131e37a6082879
r2a_shapetrans_0498.img	TRIANGLE	101	17	47901	1	WITHHOLD	0000000000000000000000000000000000000000000000000000000000000000	0	613	e43c17153740a94e5bc0cb4048a9b291328adf77d8d9f81ffec62c5a8c16c836
r2a_shapetrans_0499.img	TRIANGLE	171	31	48465	1	WITHHOLD	0000000000000000000000000000000000000000000000000000000000000000	0	601	e4ace4853336e17f0cb0f65f0eccd22eaded67bb4fb1ce14846dd0314e461973
r2a_shapetrans_0500.img	TRIANGLE	102	31	48867	1	WITHHOLD	0000000000000000000000000000000000000000000000000000000000000000	1	299	6a551c33b13da859984c88064892aeae4d46e2b03b0d4b5424f22080dee354ea
r2a_shapetrans_0501.img	TRIANGLE	102	31	48353	1	WITHHOLD	0000000000000000000000000000000000000000000000000000000000000000	1	435	c3cf5b31bd949a3518ed8a3e3eff1d50182e507316501d28ae1b161e44035293
r2a_shapetrans_0502.img	TRIANGLE	102	31	48074	1	WITHHOLD	0000000000000000000000000000000000000000000000000000000000000000	1	436	ba7f62f5077ec1cf4fd1549c83089375f203ddd2b954fb2ac11bfd41ab5865b5
r2a_shapetrans_0503.img	CIRCLE	610	235	47413	1	WITHHOLD	0000000000000000000000000000000000000000000000000000000000000000	0	936	b6611e5010cfbb312e7e1373ac9c0b5a0d50bbb4f1e48e3a6984f3750a895343
r2a_shapetrans_0504.img	SQUARE	171	31	48558	1	WITHHOLD	0000000000000000000000000000000000000000000000000000000000000000	0	655	0daa57169db23e824c0853927780f2396896a486a432fdd6c513cc496076e2e7
r2a_shapetrans_0505.img	SQUARE	171	31	48331	1	WITHHOLD	0000000000000000000000000000000000000000000000000000000000000000	0	654	dfedb2ccd4d0ba9a5d65c7f720e33a925910cc43d02c983ecb173ad07f3f490a
r2a_shapetrans_0506.img	CIRCLE	562	193	47989	1	WITHHOLD	0000000000000000000000000000000000000000000000000000000000000000	0	915	eb91241cbd44a9f2403b77a261d1b5b5d4b909962c59cb4d3fdca3e07ad42377
r2a_shapetrans_0507.img	TRIANGLE	171	31	47374	1	WITHHOLD	0000000000000000000000000000000000000000000000000000000000000000	0	414	f38a66aaf04ad02f122225f112536ef925eccc8eb3384af6aeb68f70fc4755fd
r2a_shapetrans_0508.img	SQUARE	171	31	48012	1	WITHHOLD	0000000000000000000000000000000000000000000000000000000000000000	0	639	fcdfeaaa619b32d8ab1d5991a986b7ca4e66efe34319490d512a39e2f1aae145
r2a_shapetrans_0509.img	TRIANGLE	171	31	47111	1	WITHHOLD	0000000000000000000000000000000000000000000000000000000000000000	0	439	6e61f3a22750f6da043988e64d6796c49c2d4d8103a51c7d61a42852c8e1fe0b
r2a_shapetrans_0510.img	SQUARE	171	31	47840	1	WITHHOLD	0000000000000000000000000000000000000000000000000000000000000000	0	672	3259f507ca744d54fcd930cc1b865735b9f6a5a5a61da776238fd078ad0a8377
r2a_shapetrans_0511.img	CIRCLE	684	325	47933	1	WITHHOLD	0000000000000000000000000000000000000000000000000000000000000000	0	981	495458c3830bcbd28a568aa1f551ca0a65c16dbffdfce45b64985bbb1a8e4c69
r2a_shapetrans_0512.img	SQUARE	102	31	48418	1	WITHHOLD	0000000000000000000000000000000000000000000000000000000000000000	1	678	a15b23c15aa48e49c280bcc6f12579a75b2e414125770d3a7164693a2b9039b2
r2a_shapetrans_0513.img	TRIANGLE	171	31	47164	1	WITHHOLD	0000000000000000000000000000000000000000000000000000000000000000	0	435	6833296b56b48895d24069d84fe452be7f926423d4dd9ed4d6305225d92c541f
r2a_shapetrans_0514.img	TRIANGLE	171	31	47298	1	WITHHOLD	0000000000000000000000000000000000000000000000000000000000000000	0	429	9de3748940bc49614c4aa3ce671ea99c86c592743f097d1d1964c93652e8b178
r2a_shapetrans_0515.img	CIRCLE	385	271	49385	1	WITHHOLD	0000000000000000000000000000000000000000000000000000000000000000	1	954	85c06d075cdedadffc7915f89f8991dcf9f1acfbbb503719ce40366e3918b2f6
r2a_shapetrans_0516.img	SQUARE	102	31	48767	1	WITHHOLD	0000000000000000000000000000000000000000000000000000000000000000	1	675	66a2198da5982429381c395ffdd848022e041953560ca0cea3a3173b4f499ec9
r2a_shapetrans_0517.img	CIRCLE	488	143	47379	1	WITHHOLD	0000000000000000000000000000000000000000000000000000000000000000	0	890	69dafd1fa2b0ad33a8dab36ccd0fd8eea3bf710d953d12c367602906733998cd
r2a_shapetrans_0518.img	CIRCLE	622	247	47708	1	WITHHOLD	0000000000000000000000000000000000000000000000000000000000000000	0	942	a5913367f4309dbf4eaf646466f8606f84b1ae75ad64f3232e196e349dff534a
r2a_shapetrans_0519.img	SQUARE	171	31	47939	1	WITHHOLD	0000000000000000000000000000000000000000000000000000000000000000	0	658	c886059952be1adb9cfe41fcf3e3c29c4711dc7ea75a7e76c5e1b0e2f7de2061
r2a_shapetrans_0520.img	TRIANGLE	171	31	47243	1	WITHHOLD	0000000000000000000000000000000000000000000000000000000000000000	0	425	ef3539e2cd4c442d81bd4448b7adc55229be8697a71460a65b632c5028824344
r2a_shapetrans_0521.img	SQUARE	90	15	47752	1	WITHHOLD	0000000000000000000000000000000000000000000000000000000000000000	0	629	011877928ef99b0e4ba874b595bd32ded713a17763c91327a9ed125ab28dd52c
r2a_shapetrans_0522.img	SQUARE	171	31	48384	1	WITHHOLD	0000000000000000000000000000000000000000000000000000000000000000	0	651	392f840a190e9407aff15377c4e954b95aa6a8cd11af352b50c63df612a30632
r2a_shapetrans_0523.img	SQUARE	171	31	48541	1	WITHHOLD	0000000000000000000000000000000000000000000000000000000000000000	0	651	549712fd7fbbd84a1254573b1acf4251d31081b5203a3123839b832f99e3e346
r2a_shapetrans_0524.img	CIRCLE	640	267	48049	1	WITHHOLD	0000000000000000000000000000000000000000000000000000000000000000	0	952	24c545039729ad223d2da243a5640641af6cbc440769105a79ebb051823fe1a5
r2a_shapetrans_0525.img	TRIANGLE	171	31	47238	1	WITHHOLD	0000000000000000000000000000000000000000000000000000000000000000	0	429	6deb377dd8b6c6dc1e3d5724451e1d4ca27e3d9333486a7566b6663ed77903ea
r2a_shapetrans_0526.img	TRIANGLE	6	1	47722	1	WITHHOLD	0000000000000000000000000000000000000000000000000000000000000000	0	621	c1502fc5a12c7ad0436f1b099bdf6cef0ef943e1e0e16c5873cbf9a6ecd64a5f
r2a_shapetrans_0527.img	CIRCLE	614	239	47778	1	WITHHOLD	0000000000000000000000000000000000000000000000000000000000000000	0	938	305bccd05074610227ad7d6a36cb668db4a486f69aad4a6e10844fc7654b32da
r2a_shapetrans_0528.img	TRIANGLE	171	31	47110	1	WITHHOLD	0000000000000000000000000000000000000000000000000000000000000000	0	412	5ef0c802141f20d5ac498e72f3ded0c266c8308a1280aa8e5b9b0e8a72612705
r2a_shapetrans_0529.img	TRIANGLE	102	31	48089	1	WITHHOLD	0000000000000000000000000000000000000000000000000000000000000000	1	450	b025447bcdb2970058f8b6fc5de32118651c4cf7f5fc7425cb095e1c08fe83a8
r2a_shapetrans_0530.img	CIRCLE	664	297	47577	1	WITHHOLD	0000000000000000000000000000000000000000000000000000000000000000	0	967	37dcc6e105f4cc26115f8f99594c20ec1b4a00e262ad2a93264709848fccff25
r2a_shapetrans_0531.img	TRIANGLE	171	31	47413	1	WITHHOLD	0000000000000000000000000000000000000000000000000000000000000000	0	415	ba49095547fcbfb5a835b52ebcfb079ac078cccf81fd03af471531ff2ff57780
r2a_shapetrans_0532.img	SQUARE	112	19	48537	1	WITHHOLD	0000000000000000000000000000000000000000000000000000000000000000	0	631	a3ba98f5365eceec997bf32caebdbeee9f72a1494054bd042d0cebc90d02884e
r2a_shapetrans_0533.img	CIRCLE	593	219	47699	1	WITHHOLD	0000000000000000000000000000000000000000000000000000000000000000	0	928	125d903505b6c49525d9ded4af4ce18cb8f603a7eebebfe040b6aee4621fbb03
r2a_shapetrans_0534.img	CIRCLE	680	319	47956	1	WITHHOLD	0000000000000000000000000000000000000000000000000000000000000000	0	978	b6808f9bebaf2e049268ee5c4e9c0a3fb8f60256f904cbd93e64c188c5136ff1
r2a_shapetrans_0535.img	TRIANGLE	171	31	47601	1	WITHHOLD	0000000000000000000000000000000000000000000000000000000000000000	0	419	1c7087255e62d3276f92096201e7846fe293856ceb5b0d307cd343b401926039
r2a_shapetrans_0536.img	SQUARE	171	31	47658	1	WITHHOLD	0000000000000000000000000000000000000000000000000000000000000000	0	641	576304f0dccf43f7fa48e3ed2ce3349e773ecbe83dc12e4c32d97ba5c553fb90
r2a_shapetrans_0537.img	CIRCLE	376	253	48575	1	WITHHOLD	0000000000000000000000000000000000000000000000000000000000000000	1	945	78ca2ad8265c491eaf756be0bc43afad38c8cc33cc9fdb03075341424a3bfef3
r2a_shapetrans_0538.img	TRIANGLE	171	31	47328	1	WITHHOLD	0000000000000000000000000000000000000000000000000000000000000000	0	422	4c934d0c84f78a849612eec5412471ae3928d5a7f9ea17a370e2c4111fcee3e2
r2a_shapetrans_0539.img	TRIANGLE	142	25	48568	1	WITHHOLD	0000000000000000000000000000000000000000000000000000000000000000	0	609	be85f95f0339190f21b6387d1f89638111c9f2b717d06bfbe7a6f9475d1aa364
r2a_shapetrans_0540.img	TRIANGLE	171	31	47435	1	WITHHOLD	0000000000000000000000000000000000000000000000000000000000000000	0	418	9879b178a43ffc06032d551bbbe967441f4d9b5665f01666eef9061c39a552ff
r2a_shapetrans_0541.img	SQUARE	171	31	48004	1	WITHHOLD	0000000000000000000000000000000000000000000000000000000000000000	0	654	2f0f1811a1ada6a0f18b70d59d807334653c8487eb67c6eb4c1e268a4edb3ca5
r2a_shapetrans_0542.img	SQUARE	171	31	47813	1	WITHHOLD	0000000000000000000000000000000000000000000000000000000000000000	0	641	64ccfb70be8f75e26a64695a60172a2fea0981b7839fd29c60c900622d87339b
r2a_shapetrans_0543.img	TRIANGLE	102	31	48357	1	WITHHOLD	0000000000000000000000000000000000000000000000000000000000000000	1	205	aca8c639a3000ce27e61b17aa9b4ca401d892b87d9462fb183f0ea2bbdaa1b17
r2a_shapetrans_0544.img	CIRCLE	433	115	47373	1	WITHHOLD	0000000000000000000000000000000000000000000000000000000000000000	0	876	aec0750577fc6b820ba866e03f3e3f26785ce69ca57e30a776cf35fda1a00015
r2a_shapetrans_0545.img	SQUARE	102	31	48740	1	WITHHOLD	0000000000000000000000000000000000000000000000000000000000000000	1	637	01a795451f601992ab515e0cd86eb5fabceb6dff7f1aa1144c62dd371bf38dc2
r2a_shapetrans_0546.img	CIRCLE	595	221	47398	1	WITHHOLD	0000000000000000000000000000000000000000000000000000000000000000	0	929	ac5f2a9851b58748abbb46cf4977bccca8f9cef45a83230c3daef31ea75dfcc4
r2a_shapetrans_0547.img	TRIANGLE	171	31	47284	1	WITHHOLD	0000000000000000000000000000000000000000000000000000000000000000	0	435	48d6fe183daf00b971bfa62431c8d6faa5c737b4a57ba1f8695d9d56aa1da5b3
r2a_shapetrans_0548.img	TRIANGLE	171	31	47410	1	WITHHOLD	0000000000000000000000000000000000000000000000000000000000000000	0	426	fbef991b7d2549eb391f21277ee9e9835f1bd2a40498724b6c9c7a714dee3b90
r2a_shapetrans_0549.img	SQUARE	171	31	48337	1	WITHHOLD	0000000000000000000000000000000000000000000000000000000000000000	0	670	1e13a653082fb412db8564a9bec416b0868b5116c7f476695ea6f8da4074e770
r2a_shapetrans_0550.img	TRIANGLE	102	31	48148	1	WITHHOLD	0000000000000000000000000000000000000000000000000000000000000000	1	429	6a48f0c0c8136637c68c8f1eb402b3cd57682e58f79353f21a8c0ad74dfe3381
r2a_shapetrans_0551.img	TRIANGLE	171	31	47287	1	WITHHOLD	0000000000000000000000000000000000000000000000000000000000000000	0	426	74a3e4ef1e12dc7bf38617119376bb4c84e6f9112ef2ca5dd799ceede428046c
r2a_shapetrans_0552.img	CIRCLE	582	209	47526	1	WITHHOLD	0000000000000000000000000000000000000000000000000000000000000000	0	923	a6f79cd531be586398185b352b4d9aaa92b20c6abd622b407255d3c4fee5d8fb
r2a_shapetrans_0553.img	TRIANGLE	102	31	48758	1	WITHHOLD	0000000000000000000000000000000000000000000000000000000000000000	1	408	e483cfaad19f5d077710db9a533a28b0db18fb096bd0fbea19f665b6e741802c
r2a_shapetrans_0554.img	CIRCLE	618	243	47743	1	WITHHOLD	0000000000000000000000000000000000000000000000000000000000000000	0	940	41e2b8d11cda1c9889a2ed76083c81b4e1a2d648dd1dd37d76cb37925236e063
r2a_shapetrans_0555.img	CIRCLE	591	217	47369	1	WITHHOLD	0000000000000000000000000000000000000000000000000000000000000000	0	927	6d516836bbaa2bd2fbf449f848bb7aa55e411d9ed617d99e92a1d83e65ad2007
r2a_shapetrans_0556.img	TRIANGLE	90	15	47793	1	WITHHOLD	0000000000000000000000000000000000000000000000000000000000000000	0	614	bdae2b396e016d0d6cf07abdebc0e4d47a7c8a2ab73850eab2e323a945a6aee0
r2a_shapetrans_0557.img	CIRCLE	670	305	47386	1	WITHHOLD	0000000000000000000000000000000000000000000000000000000000000000	0	971	2cc9576d93b2b50bafdc25903e948d5a29bcdd0b0fc1ba4eb89d18e58fd0d202
r2a_shapetrans_0558.img	TRIANGLE	102	31	49023	1	WITHHOLD	0000000000000000000000000000000000000000000000000000000000000000	1	305	71ef9bf61d9c262702bee6263123eedc4aae6132a3ba14726e06c636d00af334
r2a_shapetrans_0559.img	CIRCLE	322	175	48436	1	WITHHOLD	0000000000000000000000000000000000000000000000000000000000000000	1	906	9991b8d4befff02c89c9011627ad7bb84675330c4eab80deb4f08a6973be3e6f
r2a_shapetrans_0560.img	TRIANGLE	171	31	47196	1	WITHHOLD	0000000000000000000000000000000000000000000000000000000000000000	0	434	136d8a674119fd97e3bd3da3f3be30393545c55180e75ee65621152fd8c0d5f6
r2a_shapetrans_0561.img	CIRCLE	332	187	48359	1	WITHHOLD	0000000000000000000000000000000000000000000000000000000000000000	1	912	1938e0ef9e989c031c1b5df5a40f5ce572a151a2d5ef59bdfc1db2ccddf1165b
r2a_shapetrans_0562.img	CIRCLE	584	211	47957	1	WITHHOLD	0000000000000000000000000000000000000000000000000000000000000000	0	924	f33872ad3d770ba14389e581cd778edb0db4bcddbda9c18b2cd537976d9f9ead
r2a_shapetrans_0563.img	TRIANGLE	171	31	47233	1	WITHHOLD	0000000000000000000000000000000000000000000000000000000000000000	0	421	8d7ec6f0302f08ca6642b955d4db31b6ec474c419ee31658f1cdc030a05b0d35
r2a_shapetrans_0564.img	SQUARE	56	9	47791	1	WITHHOLD	0000000000000000000000000000000000000000000000000000000000000000	0	626	a328081aa452aac4874e345fed11f6c2b6cbc8ba6afc7732e174f10b09f3a0bf
r2a_shapetrans_0565.img	TRIANGLE	171	31	49854	1	WITHHOLD	0000000000000000000000000000000000000000000000000000000000000000	0	231	47012528b82a68c699e87262646ef5eab2739babb10ebd67f89a5bd5f805a763
r2a_shapetrans_0566.img	SQUARE	171	31	48539	1	WITHHOLD	0000000000000000000000000000000000000000000000000000000000000000	0	644	6a3db90fdc43fbe8528d402b14f06759f9f431a0f32a09ad0a2287d544ef350a
r2a_shapetrans_0567.img	SQUARE	171	31	47530	1	WITHHOLD	0000000000000000000000000000000000000000000000000000000000000000	0	661	ba216fa69091ab06477052318f575d50743c901033737f47f300a4164b74ebe1
r2a_shapetrans_0568.img	SQUARE	44	7	48110	1	WITHHOLD	0000000000000000000000000000000000000000000000000000000000000000	0	625	1a23b0dbef0752be17d8439709816e318f2fe2c5c9b8fb3ec4299f535add10c6
r2a_shapetrans_0569.img	TRIANGLE	171	31	49979	1	WITHHOLD	0000000000000000000000000000000000000000000000000000000000000000	0	352	7e8720f1563d18e6e51d78196e9e3fa4d9353f6bba0643977efb93ab6d021412
r2a_shapetrans_0570.img	CIRCLE	610	235	48029	1	WITHHOLD	0000000000000000000000000000000000000000000000000000000000000000	0	936	b5ee1c8d40fd21e0b40dbd01b3929df7de9579b88a9bef716a54cb07a1489a7c
r2a_shapetrans_0571.img	TRIANGLE	171	31	47516	1	WITHHOLD	0000000000000000000000000000000000000000000000000000000000000000	0	440	f75857bbd9f6207172bc81b695fedd83e1b3d2c873b38ff400d0bf6a3309686c
r2a_shapetrans_0572.img	TRIANGLE	171	31	47174	1	WITHHOLD	0000000000000000000000000000000000000000000000000000000000000000	0	409	e24fd3838d79dbe9a405dc0bea754b074aba824e9b5988b0e83d5139fc590c02
r2a_shapetrans_0573.img	TRIANGLE	171	31	47133	1	WITHHOLD	0000000000000000000000000000000000000000000000000000000000000000	0	414	269e6b3dfd5b83fca58c85100d0568be29d54ce7c300eb8a96b16ca8efaf5e93
r2a_shapetrans_0574.img	CIRCLE	642	269	48095	1	WITHHOLD	0000000000000000000000000000000000000000000000000000000000000000	0	953	dfb32c1c3c5105f28a426ba11f5a2705558248a93f0916fd7dd2dab0b85df669
r2a_shapetrans_0575.img	TRIANGLE	171	31	47357	1	WITHHOLD	0000000000000000000000000000000000000000000000000000000000000000	0	422	8122dff84148044170437f25a365f72064d15da5efa39727d723729b28014691
r2a_shapetrans_0576.img	CIRCLE	491	145	47595	1	WITHHOLD	0000000000000000000000000000000000000000000000000000000000000000	0	891	20747b893765dcb82d33a3b0379e8d2f60c79e31b6ad4aa0a563ac588fb05354
r2a_shapetrans_0577.img	SQUARE	171	31	48270	1	WITHHOLD	0000000000000000000000000000000000000000000000000000000000000000	0	653	9c414adb90652cc171096cf294798f3b340a2954ddb6e444104d8522be0836b9
r2a_shapetrans_0578.img	CIRCLE	494	147	47875	1	WITHHOLD	0000000000000000000000000000000000000000000000000000000000000000	0	892	f2d9f57499c2eab95a1767a12c1c58c828c445076f5c1469d083f77ef88edcfb
r2a_shapetrans_0579.img	CIRCLE	377	255	49300	1	WITHHOLD	0000000000000000000000000000000000000000000000000000000000000000	1	946	7a53a48545cc6a0fa42aaa8c6f1be7cf556c2a4fcbd52ea586d3142dc868a86c
r2a_shapetrans_0580.img	TRIANGLE	122	21	47949	1	WITHHOLD	0000000000000000000000000000000000000000000000000000000000000000	0	611	be757e4b45011d5bbfbc3796d72c6e8c30997b6d776054775d8724ca177e8a0d
r2a_shapetrans_0581.img	CIRCLE	593	219	47443	1	WITHHOLD	0000000000000000000000000000000000000000000000000000000000000000	0	928	3c01c0f67f2dd40fd95422fffe837337d4f18bc33d87dba356d3a7a433c07d08
r2a_shapetrans_0582.img	CIRCLE	373	247	48319	1	WITHHOLD	0000000000000000000000000000000000000000000000000000000000000000	1	942	5791b17c3d5d66ed55c67db98ffc112b15dd6c3f1db83fbecbca17fd2642c642
r2a_shapetrans_0583.img	CIRCLE	572	201	47601	1	WITHHOLD	0000000000000000000000000000000000000000000000000000000000000000	0	919	12d318663a385f0b334259940778f2f9c808a4f3d95d7c98c5e7fb0661ba2aa0
r2a_shapetrans_0584.img	CIRCLE	532	171	47824	1	WITHHOLD	0000000000000000000000000000000000000000000000000000000000000000	0	904	ab34ac43b54755cfc07f5fa83245ded992a6d942b320c095ad6dafc2721e83e2
r2a_shapetrans_0585.img	TRIANGLE	171	31	47295	1	WITHHOLD	0000000000000000000000000000000000000000000000000000000000000000	0	413	ac83e3bf7c9af76354e090a3ec1e22d63f6990d38a6de2efe5a92a1bfbb38eaf
r2a_shapetrans_0586.img	SQUARE	79	13	47909	1	WITHHOLD	0000000000000000000000000000000000000000000000000000000000000000	0	628	73f9c7c950cf45d9294921cc09fc3a733c2f6d98be44134360d2ab46e8da9106
r2a_shapetrans_0587.img	SQUARE	122	21	48364	1	WITHHOLD	0000000000000000000000000000000000000000000000000000000000000000	0	632	ce8caa3868e2b5d6ed82a92c7c9b82c352554156f52e668ab7547430181dcd20
r2a_shapetrans_0588.img	CIRCLE	575	203	47491	1	WITHHOLD	0000000000000000000000000000000000000000000000000000000000000000	0	920	9f1898ea409520f5e3b2c17c0a9302d40d5b8bdba4b7be8f3fe8ff6390e6a2dd
r2a_shapetrans_0589.img	TRIANGLE	171	31	47289	1	WITHHOLD	0000000000000000000000000000000000000000000000000000000000000000	0	430	9643dcea66f207dd601fe2630a23a8bc7d263829ab108facb1006d374c47fe20
r2a_shapetrans_0590.img	SQUARE	171	31	48410	1	WITHHOLD	0000000000000000000000000000000000000000000000000000000000000000	0	648	5287a25d5e56a04a440a5b685e69203e1bc4b677ff846f05264ccef78e1916fe
r2a_shapetrans_0591.img	SQUARE	102	31	48683	1	WITHHOLD	0000000000000000000000000000000000000000000000000000000000000000	1	649	12f96c97858be98e0ef300d8b1883defeb2aa08c8d2c514cd9ad7f4c22a2f180
r2a_shapetrans_0592.img	TRIANGLE	122	21	47812	1	WITHHOLD	0000000000000000000000000000000000000000000000000000000000000000	0	611	970b96b1fe34e4939ac9a98190abd1b74892683ddc5d87633369a9f00d2148bf
r2a_shapetrans_0593.img	CIRCLE	402	307	49421	1	WITHHOLD	0000000000000000000000000000000000000000000000000000000000000000	1	972	321720494dc6e711167f3a3a9e3991dee2eee218628d61f2422f3b9c04d67b02
r2a_shapetrans_0594.img	TRIANGLE	102	31	48110	1	WITHHOLD	0000000000000000000000000000000000000000000000000000000000000000	1	438	4979b20198dc9111290171997c36c8bb8a8541b24c9cfbd2a7d045b29f847ce0
r2a_shapetrans_0595.img	TRIANGLE	102	31	48233	1	WITHHOLD	0000000000000000000000000000000000000000000000000000000000000000	1	431	20772e314850f77b8e454d07b7982002e7ea19e20e1633318c9a40cfc46fb5b6
r2a_shapetrans_0596.img	TRIANGLE	171	31	47138	1	WITHHOLD	0000000000000000000000000000000000000000000000000000000000000000	0	440	75076a134624cc3715ef2433a9d650dbef3173ed9e0f81fe878f6ee8f5fbaffa
r2a_shapetrans_0597.img	SQUARE	171	31	48299	1	WITHHOLD	0000000000000000000000000000000000000000000000000000000000000000	0	650	90b55902fd147762372649eed7fbdd99549fda45634e2d62eaa7a3a1474d8658
r2a_shapetrans_0598.img	SQUARE	171	31	48280	1	WITHHOLD	0000000000000000000000000000000000000000000000000000000000000000	0	673	d595bdceb6a50da2069a153f28991784cee4accf7cfd18c2f4981b328ccc51e4
r2a_shapetrans_0599.img	SQUARE	171	31	47879	1	WITHHOLD	0000000000000000000000000000000000000000000000000000000000000000	0	640	622d2fdd186186dd9f8ab5571c8d02c8e9dec53be1a95fe86ccbc619be782f41
r2a_shapetrans_0600.img	SQUARE	102	31	49511	1	WITHHOLD	0000000000000000000000000000000000000000000000000000000000000000	1	638	9648d4e55a4822e2e72830ea406bc0d04a55b22722fbf7b22a730d1bf2bab1a1
r2a_shapetrans_0601.img	SQUARE	171	31	48190	1	WITHHOLD	0000000000000000000000000000000000000000000000000000000000000000	0	655	7061663ceeaca540b590fe85a395df62c11ff6efbabac88b3b0704d2d0650f69
r2a_shapetrans_0602.img	TRIANGLE	171	31	47466	1	WITHHOLD	0000000000000000000000000000000000000000000000000000000000000000	0	412	f5dd79cbf699f72c3b5ec5852f354d8830e2033551583f9eb558787864e9a0fb
r2a_shapetrans_0603.img	SQUARE	171	31	47689	1	WITHHOLD	0000000000000000000000000000000000000000000000000000000000000000	0	637	2b2567baa48a3f93728580e7cb317c71267304b23125f355ced563cef77d6fd4
r2a_shapetrans_0604.img	SQUARE	171	31	48644	1	WITHHOLD	0000000000000000000000000000000000000000000000000000000000000000	0	642	a3b125f56d492812db871a969155f4693c4b355fac006cbe0e9ee09c45241bfe
r2a_shapetrans_0605.img	TRIANGLE	171	31	47152	1	WITHHOLD	0000000000000000000000000000000000000000000000000000000000000000	0	466	4245855a221714e3e57690d18d8fd5fb8108e6cbc6497de0fcbd060fde20c4ff
r2a_shapetrans_0606.img	TRIANGLE	171	31	47163	1	WITHHOLD	0000000000000000000000000000000000000000000000000000000000000000	0	437	b7adce7e8458947827a1014b6b90e9bbb31c628b2d5a7cdad598900dcb5fb80d
r2a_shapetrans_0607.img	SQUARE	171	31	48056	1	WITHHOLD	0000000000000000000000000000000000000000000000000000000000000000	0	644	dbb5ea6ea87913f7a241d5c6411ad7ac7d39a4e556c68802615e1102e8c7ec3e
r2a_shapetrans_0608.img	CIRCLE	360	225	48604	1	WITHHOLD	0000000000000000000000000000000000000000000000000000000000000000	1	931	537847f9a81ea26bf50e336d860791fddf0492d5a84164d160467a56f7107f3b
r2a_shapetrans_0609.img	CIRCLE	618	243	47792	1	WITHHOLD	0000000000000000000000000000000000000000000000000000000000000000	0	940	f0ab4dd5453932a7fb547c0bd5b2da0bf7e3ed3d856cf4c16264a79581d6badc
r2a_shapetrans_0610.img	TRIANGLE	171	31	47283	1	WITHHOLD	0000000000000000000000000000000000000000000000000000000000000000	0	431	83742d169654e81c58dfa0142b68a9a659c461ca61015479ba8a25dae4294149
r2a_shapetrans_0611.img	SQUARE	56	9	48238	1	WITHHOLD	0000000000000000000000000000000000000000000000000000000000000000	0	626	3cb46920791b65127ea0f9d7131877bd6d89d1bf3dc7e74fd1a30d1c3ddec2ad
r2a_shapetrans_0612.img	TRIANGLE	102	31	48743	1	WITHHOLD	0000000000000000000000000000000000000000000000000000000000000000	1	420	ffbed04220315fade68850467ef666e2d20c893284a39bd9b5a47c1ee809a4d9
r2a_shapetrans_0613.img	TRIANGLE	102	31	48367	1	WITHHOLD	0000000000000000000000000000000000000000000000000000000000000000	1	435	46c1290e4f88c7c8b2255bf0348283314c51664e13ee3ab3f26e9ac4e3e8441b
r2a_shapetrans_0614.img	SQUARE	171	31	48126	1	WITHHOLD	0000000000000000000000000000000000000000000000000000000000000000	0	662	c027502c3bdaf568241fec0cc6bfc5e0d31d2a3b005651c60e72a0786d3d50dc
r2a_shapetrans_0615.img	TRIANGLE	171	31	47106	1	WITHHOLD	0000000000000000000000000000000000000000000000000000000000000000	0	455	c0390ce195c69ac93d15f258f42cdbfb16f31fad3e0eccdec9ee2e8ae9a99915
r2a_shapetrans_0616.img	SQUARE	171	31	47795	1	WITHHOLD	0000000000000000000000000000000000000000000000000000000000000000	0	644	d45f2de21fa770952d8dea2a955e3c250ae82c0c840d7ea2e1976d32b472af3d
r2a_shapetrans_0617.img	TRIANGLE	102	31	48057	1	WITHHOLD	0000000000000000000000000000000000000000000000000000000000000000	1	249	929f22e5caf71d5649452a629f0eec4ef199e9776ef370eb0a095ef3c5d5aea6
r2a_shapetrans_0618.img	SQUARE	171	31	48657	1	WITHHOLD	0000000000000000000000000000000000000000000000000000000000000000	0	638	0e43e6382093fce4b2495c122591651c7c3b512c28e32f58250b1423b53bca3e
r2a_shapetrans_0619.img	TRIANGLE	47	13	49624	1	WITHHOLD	0000000000000000000000000000000000000000000000000000000000000000	1	615	8d21fd1539903e284659ad4db8301d6e6b033eda64b5616e384079fa6aa6e204
r2a_shapetrans_0620.img	CIRCLE	618	243	47404	1	WITHHOLD	0000000000000000000000000000000000000000000000000000000000000000	0	940	c912c6f1b1f3d8b8d4561cfa5117b4c0c186c6d62a3b8555d1f1bda53d46f8a4
r2a_shapetrans_0621.img	CIRCLE	546	181	47851	1	WITHHOLD	0000000000000000000000000000000000000000000000000000000000000000	0	909	03c619dfea3cfc9ddb9502f4909055493ce8756580e8101092197ecdd2402582
r2a_shapetrans_0622.img	CIRCLE	661	293	47786	1	WITHHOLD	0000000000000000000000000000000000000000000000000000000000000000	0	965	522e2a1f5279452cb53aa45cab9438964b465903978935dff49f91b14c0f7450
r2a_shapetrans_0623.img	TRIANGLE	171	31	47085	1	WITHHOLD	0000000000000000000000000000000000000000000000000000000000000000	0	459	097c6649c24bacafc082c7eb282a9bed014f8f56224963eca882aad3b38c850c
r2a_shapetrans_0624.img	CIRCLE	350	211	48582	1	WITHHOLD	0000000000000000000000000000000000000000000000000000000000000000	1	924	6d13e03003ef2433e43d3d88c8beb8a625b1a7435941beacfaab386bcc38ccf0
r2a_shapetrans_0625.img	CIRCLE	579	207	47599	1	WITHHOLD	0000000000000000000000000000000000000000000000000000000000000000	0	922	d1e674fb76a0ab5261925468eef3ce45c2f255d25249be23dcb0fa4d732aca0f
r2a_shapetrans_0626.img	CIRCLE	292	143	48154	1	WITHHOLD	0000000000000000000000000000000000000000000000000000000000000000	1	890	cc0fa088b1988dc83c331a80d30d5351de7d9be42b221425e9b902db09dcb2b3
r2a_shapetrans_0627.img	SQUARE	102	31	48287	1	WITHHOLD	0000000000000000000000000000000000000000000000000000000000000000	1	646	21a20a1696008a4f1059685941d4fd04ecefdc7e5d552894eda1b7b7f03a6e09
r2a_shapetrans_0628.img	TRIANGLE	171	31	50985	1	WITHHOLD	0000000000000000000000000000000000000000000000000000000000000000	0	398	cc59e0004a256d22c4ff06dd088b34e0cba742d25cfc7ee03d3fd7df197dbc27
r2a_shapetrans_0629.img	TRIANGLE	102	31	49219	1	WITHHOLD	0000000000000000000000000000000000000000000000000000000000000000	1	216	d0b058bc257ad07ff58415417cd982f8b6c1b3dea0e204d775639f76d6492199
r2a_shapetrans_0630.img	SQUARE	132	23	48006	1	WITHHOLD	0000000000000000000000000000000000000000000000000000000000000000	0	633	3a83c4aa911ef701f6a2215dfd55ec64b8363792538a94ae8c79b7be67c054ef
r2a_shapetrans_0631.img	TRIANGLE	171	31	47209	1	WITHHOLD	0000000000000000000000000000000000000000000000000000000000000000	0	430	430c1a7d21df61e13a7ceb3c26f401407783e32e4f513be53a46ac5d3bddcbcf
r2a_shapetrans_0632.img	CIRCLE	355	219	48735	1	WITHHOLD	0000000000000000000000000000000000000000000000000000000000000000	1	928	68bf6dd8dd09ff3af9ff9a2f7f43026ace19735117aeb7ee032851c3c2860812
r2a_shapetrans_0633.img	CIRCLE	661	293	47641	1	WITHHOLD	0000000000000000000000000000000000000000000000000000000000000000	0	965	33b757a1a0e7e90f7d83c399ced67e842ebceb08877c7bb1cb5f79e898e33ade
r2a_shapetrans_0634.img	TRIANGLE	102	31	48688	1	WITHHOLD	0000000000000000000000000000000000000000000000000000000000000000	1	424	1548d579efde9defdc671e1929b25415f55c327dbb5bd9267981d49c26ae6483
r2a_shapetrans_0635.img	SQUARE	171	31	48129	1	WITHHOLD	0000000000000000000000000000000000000000000000000000000000000000	0	645	c2580fdcc849dfc4c854f8abc4e9917bbf4e09dd5c89ed70c306f1f3bd5060e2
r2a_shapetrans_0636.img	TRIANGLE	102	31	47954	1	WITHHOLD	0000000000000000000000000000000000000000000000000000000000000000	1	418	ce85ad31569e3046346402965e217dda43a0d7c3a6f60bc22ae7d409f45fde62
r2a_shapetrans_0637.img	TRIANGLE	171	31	47580	1	WITHHOLD	0000000000000000000000000000000000000000000000000000000000000000	0	431	cb1b0d2aeb75e5b7e3f06984755883abe214dcee21be7e9b0967c55255d53b48
r2a_shapetrans_0638.img	SQUARE	171	31	47664	1	WITHHOLD	0000000000000000000000000000000000000000000000000000000000000000	0	645	7f33b528e8966f7addbfb4e1ff7422413829b7bb8277bfaa35542fd5d7809fc1
r2a_shapetrans_0639.img	CIRCLE	381	263	50047	1	WITHHOLD	0000000000000000000000000000000000000000000000000000000000000000	1	950	9cbe36882be82b3f98700bcb4e624868f11147f7e466515e377a4240f1dd9118
r2a_shapetrans_0640.img	TRIANGLE	102	31	48664	1	WITHHOLD	0000000000000000000000000000000000000000000000000000000000000000	1	416	a7f4e0f5cc5ab48ba919bb79f990bc938d4ba1a6cea801e8332f62a464b92634
r2a_shapetrans_0641.img	CIRCLE	658	289	47966	1	WITHHOLD	0000000000000000000000000000000000000000000000000000000000000000	0	963	6191f129a77d0ee93d338d9a7a3e5560df637c5ed3eb96411f99c84097eb4de8
r2a_shapetrans_0642.img	SQUARE	171	31	48031	1	WITHHOLD	0000000000000000000000000000000000000000000000000000000000000000	0	637	41d2e28e399c1926b0685d003756f371c34c58b807559b1fe9b381dc8915d418
r2a_shapetrans_0643.img	CIRCLE	546	181	47545	1	WITHHOLD	0000000000000000000000000000000000000000000000000000000000000000	0	909	e484fd495cc29e38b4471c3641bbfdbb1ff418c9fa9f1163029f252e575e408e
r2a_shapetrans_0644.img	CIRCLE	659	291	47842	1	WITHHOLD	0000000000000000000000000000000000000000000000000000000000000000	0	964	3124310b3286b7a4d084159d5b2111a5d716a9bb0686a21f141ba979817b6a39
r2a_shapetrans_0645.img	TRIANGLE	102	31	48561	1	WITHHOLD	0000000000000000000000000000000000000000000000000000000000000000	1	424	b440bf8853be3afa31526716289747708bb5647a5e32c755d43baa0f75d1904f
r2a_shapetrans_0646.img	TRIANGLE	171	31	47319	1	WITHHOLD	0000000000000000000000000000000000000000000000000000000000000000	0	444	123a4c3e8679d36db8534422a99d0e6f96c9171e960b41e7cc3f789ec8444c22
r2a_shapetrans_0647.img	TRIANGLE	171	31	47406	1	WITHHOLD	0000000000000000000000000000000000000000000000000000000000000000	0	438	b37f1de89abe6030e9d09afcc2e032224fc7fadd735bd787b78e7d8a01851032
r2a_shapetrans_0648.img	SQUARE	102	31	49477	1	WITHHOLD	0000000000000000000000000000000000000000000000000000000000000000	1	649	6cfe4a67854f33c97c5e78d2be5556e46f1c7416ea83f7fdf6832ef0df20a4d5
r2a_shapetrans_0649.img	SQUARE	102	31	49585	1	WITHHOLD	0000000000000000000000000000000000000000000000000000000000000000	1	641	fca5182996037f19a88c40a697f3bce414e185b2dcb86f83ca76076d5918f15d
r2a_shapetrans_0650.img	CIRCLE	337	193	48858	1	WITHHOLD	0000000000000000000000000000000000000000000000000000000000000000	1	915	b54eabb75f56874980793c0c7f14d5222e31cdce24cc1d70f772b203454b9f18
r2a_shapetrans_0651.img	TRIANGLE	171	31	47764	1	WITHHOLD	0000000000000000000000000000000000000000000000000000000000000000	0	370	c858d749390f49d336b57792025865901b74f5a2a27f9c50d542519f6aafeae7
r2a_shapetrans_0652.img	TRIANGLE	171	31	47164	1	WITHHOLD	0000000000000000000000000000000000000000000000000000000000000000	0	421	f0d900a9b4aa6523daf488f23ec511a0d5dac47e8bda95a0f08727936b8edd9f
r2a_shapetrans_0653.img	TRIANGLE	171	31	47243	1	WITHHOLD	0000000000000000000000000000000000000000000000000000000000000000	0	419	1c2efca971e5af52f4f3be6c81e6960e3eae84afd6ad31c2700dea97131b244b
r2a_shapetrans_0654.img	CIRCLE	631	257	48035	1	WITHHOLD	0000000000000000000000000000000000000000000000000000000000000000	0	947	a03e1bbab168558505e76a816364172dca42a4d7498d669fb1f5c9351db7035d
r2a_shapetrans_0655.img	TRIANGLE	102	31	47722	1	WITHHOLD	0000000000000000000000000000000000000000000000000000000000000000	1	437	8db680c0bc30759c533c22e9c6b725951c08023ede0b712df84821cf74aee414
r2a_shapetrans_0656.img	TRIANGLE	171	31	47451	1	WITHHOLD	0000000000000000000000000000000000000000000000000000000000000000	0	443	bc3cab6fb9fc9ec237623983381ba8c6b7f482b76635590339ce6f5fc58b2379
r2a_shapetrans_0657.img	TRIANGLE	171	31	50990	1	WITHHOLD	0000000000000000000000000000000000000000000000000000000000000000	0	261	76e984bd2e9436ce9ce95e91df1f2e08e6a0909e9cfc5c01ed39eb48bd758992
r2a_shapetrans_0658.img	CIRCLE	670	305	47877	1	WITHHOLD	0000000000000000000000000000000000000000000000000000000000000000	0	971	36ff18b953ff43126022b0a47b140c7e2b4ec8866df71f5ff0e1b868117da416
r2a_shapetrans_0659.img	CIRCLE	655	285	47736	1	WITHHOLD	0000000000000000000000000000000000000000000000000000000000000000	0	961	1c680b794c9beee823abc9743e582a8bece4a12def3037adfeee2b5bb39ef405
r2a_shapetrans_0660.img	CIRCLE	409	323	48719	1	WITHHOLD	0000000000000000000000000000000000000000000000000000000000000000	1	980	7479b52bf9da885a9e5bb9c34dcb64629a1112c2d63a28f131e70afde33f373d
r2a_shapetrans_0661.img	CIRCLE	602	227	47373	1	WITHHOLD	0000000000000000000000000000000000000000000000000000000000000000	0	932	64d60f3403137b189fe2a2a96733530450c847dd5f4922f55c787ee2752af891
r2a_shapetrans_0662.img	CIRCLE	575	203	47553	1	WITHHOLD	0000000000000000000000000000000000000000000000000000000000000000	0	920	612e60406652f169444e43e806a288b450a9e08e5d264dc10c6039e272a43f98
r2a_shapetrans_0663.img	TRIANGLE	102	31	49449	1	WITHHOLD	0000000000000000000000000000000000000000000000000000000000000000	1	414	f70e27dc7d4ab20e3b50692683e76b6045d2dc94fdebd819e56db99bd35652f6
r2a_shapetrans_0664.img	CIRCLE	491	145	47482	1	WITHHOLD	0000000000000000000000000000000000000000000000000000000000000000	0	891	8fa2e2bbb33ce13b2e38efeb941b872e9b04ce177c0900f0e1173c47afe99366
r2a_shapetrans_0665.img	CIRCLE	620	245	47552	1	WITHHOLD	0000000000000000000000000000000000000000000000000000000000000000	0	941	5d26f60c690a893ae1f419faec4b7336c8969883794fe1be8498261dbce3dbd8
r2a_shapetrans_0666.img	TRIANGLE	171	31	47455	1	WITHHOLD	0000000000000000000000000000000000000000000000000000000000000000	0	423	e70060fa471035a72dbc39bbec18e1a5a26c3619cdbfd31721860ba4a2e381e7
r2a_shapetrans_0667.img	TRIANGLE	171	31	47223	1	WITHHOLD	0000000000000000000000000000000000000000000000000000000000000000	0	419	95d2e024d0e547a4925e9b9a0d234dfe7584203804072600577b4785f6442c69
r2a_shapetrans_0668.img	TRIANGLE	79	23	48487	1	WITHHOLD	0000000000000000000000000000000000000000000000000000000000000000	1	610	12222ae7ba66e1346bb4325ce72b17f79efe13d695644f62d885b25ecf3250b0
r2a_shapetrans_0669.img	TRIANGLE	171	31	47548	1	WITHHOLD	0000000000000000000000000000000000000000000000000000000000000000	0	420	afb5639c36132c7717e85ecc1c0262e5de3df6b59b3b92e67d602bc4eeefa51d
r2a_shapetrans_0670.img	SQUARE	152	27	47617	1	WITHHOLD	0000000000000000000000000000000000000000000000000000000000000000	0	635	3f4f7f985e3492e88393e768822a1ec86b7d669d1603800dac9cbce74ce142d0
r2a_shapetrans_0671.img	CIRCLE	673	309	47730	1	WITHHOLD	0000000000000000000000000000000000000000000000000000000000000000	0	973	942c1ec6fb585c586bfb4d2b0e48a24362f871f2da606c92e36a3d40461aa581
r2a_shapetrans_0672.img	TRIANGLE	171	31	47473	1	WITHHOLD	0000000000000000000000000000000000000000000000000000000000000000	0	425	7c1c7fa2ed5c084cb5928f72dc519e1e474923543fe08b01a7d4f27a64d58c21
r2a_shapetrans_0673.img	SQUARE	79	13	47860	1	WITHHOLD	0000000000000000000000000000000000000000000000000000000000000000	0	628	e683a6ed374c52ae2befd7057849dd619320a6108f779d4300b151c6832817db
r2a_shapetrans_0674.img	SQUARE	162	29	48029	1	WITHHOLD	0000000000000000000000000000000000000000000000000000000000000000	0	636	af1e8a2356efb7f457963b831e155bd7f1f30fec0493714e00d568424440c0e9
r2a_shapetrans_0675.img	TRIANGLE	171	31	47409	1	WITHHOLD	0000000000000000000000000000000000000000000000000000000000000000	0	433	edd8d776f48f2872d421cfbca06c7297295e47f10b2c598040bee98f5c56b437
r2a_shapetrans_0676.img	SQUARE	171	31	48254	1	WITHHOLD	0000000000000000000000000000000000000000000000000000000000000000	0	650	0a399cf0ada70d5e0a57041366373f250c7dc4e6e8c6795a5b5af42e232464a7
r2a_shapetrans_0677.img	SQUARE	171	31	48215	1	WITHHOLD	0000000000000000000000000000000000000000000000000000000000000000	0	646	a42ae32ff6087105faf96bf111f150d31e7eed4966361a161cade3651d6ca20e
r2a_shapetrans_0678.img	TRIANGLE	102	31	48815	1	WITHHOLD	0000000000000000000000000000000000000000000000000000000000000000	1	167	f9cab64c884333dd6ce0779ad6b99783d608020d950202281bf155cd3ef01585
r2a_shapetrans_0679.img	CIRCLE	535	173	47393	1	WITHHOLD	0000000000000000000000000000000000000000000000000000000000000000	0	905	8efb567b73b44198c05e1c1df889c749eb5b2eaab3c9055262c29186266e7560
r2a_shapetrans_0680.img	SQUARE	102	31	48846	1	WITHHOLD	0000000000000000000000000000000000000000000000000000000000000000	1	668	13a69f391bec4a4b323afdfca1758629032cda68d1c2169b222a4731259c07a9
r2a_shapetrans_0681.img	TRIANGLE	102	31	49124	1	WITHHOLD	0000000000000000000000000000000000000000000000000000000000000000	1	237	40c6511728a258b0a4701ba40af99230e5c72fbeaca85350cc72e915ee4613eb
r2a_shapetrans_0682.img	CIRCLE	327	181	49074	1	WITHHOLD	0000000000000000000000000000000000000000000000000000000000000000	1	909	2c581bfc370d1ecf38fe07813c2b5d99b7a845413576e63adc0d8a69419929e2
r2a_shapetrans_0683.img	SQUARE	171	31	48071	1	WITHHOLD	0000000000000000000000000000000000000000000000000000000000000000	0	660	724172a682eff2d35105feedcc256a856d7641ca9feae979f563dd0e8645ddd9
r2a_shapetrans_0684.img	CIRCLE	355	219	48376	1	WITHHOLD	0000000000000000000000000000000000000000000000000000000000000000	1	928	25332710179d338542b6b8a42d8bafcf9d0cf0e01f88d9e782e4b8214859dc3c
r2a_shapetrans_0685.img	TRIANGLE	68	11	47634	1	WITHHOLD	0000000000000000000000000000000000000000000000000000000000000000	0	616	f2a0285b53002f0e7550ca82309d62c1d7efe7e8eeb6f115128a2c48bad35c71
r2a_shapetrans_0686.img	SQUARE	171	31	48062	1	WITHHOLD	0000000000000000000000000000000000000000000000000000000000000000	0	655	03c6d7028ad07ecb48d773cab2ee21f1312c8015b4963db2e1f09307abca8223
r2a_shapetrans_0687.img	TRIANGLE	102	31	48983	1	WITHHOLD	0000000000000000000000000000000000000000000000000000000000000000	1	459	b743292d72ae58df103832eff166c893d8eedf605d5aa6fa3f6edc04e40265da
r2a_shapetrans_0688.img	CIRCLE	357	221	48884	1	WITHHOLD	0000000000000000000000000000000000000000000000000000000000000000	1	929	c3b168da9843d2bd80aceac6fdeb22fb5c193ae3045fb4f1cdbf723b26ca2bc2
r2a_shapetrans_0689.img	SQUARE	102	31	49148	1	WITHHOLD	0000000000000000000000000000000000000000000000000000000000000000	1	652	4b4e908c8521b43d39b1f2473482cb9e9e7463d0c36d518376bfc1906c58cbac
r2a_shapetrans_0690.img	CIRCLE	296	147	48556	1	WITHHOLD	0000000000000000000000000000000000000000000000000000000000000000	1	892	58663e1441c6d6390e5b6b8e990bbb94b68dc6020c687060c026cb596bf9d6a2
r2a_shapetrans_0691.img	CIRCLE	604	229	47369	1	WITHHOLD	0000000000000000000000000000000000000000000000000000000000000000	0	933	7a859d953cea46b8ca0b3df175e35737ee30a920187b5a3aed9049c79544f718
r2a_shapetrans_0692.img	TRIANGLE	171	31	47520	1	WITHHOLD	0000000000000000000000000000000000000000000000000000000000000000	0	409	ce3b8d11aa9341efa2de073ea2e5495280bb024f00c14ac80b495788bdecaaaa
r2a_shapetrans_0693.img	TRIANGLE	102	31	47873	1	WITHHOLD	0000000000000000000000000000000000000000000000000000000000000000	1	442	a03c7e6ac8f37223b4a4472572f1ce7f995fd5c58e9b384e9a846b31fb209d63
r2a_shapetrans_0694.img	CIRCLE	554	187	47829	1	WITHHOLD	0000000000000000000000000000000000000000000000000000000000000000	0	912	81cead6c77bc72fd60da7f4947845f01dddc4dadeaf9f2e6bfc76217c6fd1df4
r2a_shapetrans_0695.img	SQUARE	101	17	47966	1	WITHHOLD	0000000000000000000000000000000000000000000000000000000000000000	0	630	b071a3ffcd05f46f7d9883356d20525e517796a7efabe8bc4d9f732624f9217c
r2a_shapetrans_0696.img	TRIANGLE	171	31	47380	1	WITHHOLD	0000000000000000000000000000000000000000000000000000000000000000	0	448	762e4e96738a2fc052f3554300cf2ee67e5bbad55cff728ccb9ba621fa7de516
r2a_shapetrans_0697.img	TRIANGLE	102	31	48794	1	WITHHOLD	0000000000000000000000000000000000000000000000000000000000000000	1	181	9b874d76876b8e6d3e9d2a114cd5b1082a04721ceacf618ac0e84a2934f6d3da
r2a_shapetrans_0698.img	SQUARE	171	31	47804	1	WITHHOLD	0000000000000000000000000000000000000000000000000000000000000000	0	679	d00c4139245409ff94a6f068631b40e8712ec8b2353f14f50278967c5ca3533b
r2a_shapetrans_0699.img	CIRCLE	529	169	47534	1	WITHHOLD	0000000000000000000000000000000000000000000000000000000000000000	0	903	cccc9ec4b3d82e4df2e738288ad8d49d7c19554876697c8fd4a4fee142a7de6a
r2a_shapetrans_0700.img	CIRCLE	317	169	48710	1	WITHHOLD	0000000000000000000000000000000000000000000000000000000000000000	1	903	d1dacaace24707d8a5d7966351d5a4b98dedadb1e678e6c06fe132dfb87684a5
r2a_shapetrans_0701.img	TRIANGLE	171	31	47114	1	WITHHOLD	0000000000000000000000000000000000000000000000000000000000000000	0	438	759df4f77b2f454a664f446f7b0c77a16e1aefbdd98ed09f1f37c804e9e566c0
r2a_shapetrans_0702.img	TRIANGLE	171	31	47324	1	WITHHOLD	0000000000000000000000000000000000000000000000000000000000000000	0	437	a33e4bbf6fc888566c1385fcaed8a7e64a6b4cf84070dcb2aba15888ee2bb4b4
r2a_shapetrans_0703.img	TRIANGLE	171	31	47416	1	WITHHOLD	0000000000000000000000000000000000000000000000000000000000000000	0	430	ad83448790e28b7c714495460e6ca089e9797a0b0160145a5c4e2b1f902cb2ef
r2a_shapetrans_0704.img	CIRCLE	608	233	47366	1	WITHHOLD	0000000000000000000000000000000000000000000000000000000000000000	0	935	974a930329c3c2670b4a108aeffdc600a2a4592a152766b48d8ab2e7efcf7183
r2a_shapetrans_0705.img	CIRCLE	606	231	48147	1	WITHHOLD	0000000000000000000000000000000000000000000000000000000000000000	0	934	1ff1d7fcc280430be0115a102e3b9d9b783c5927a378e3aef13de90e1a0bd500
r2a_shapetrans_0706.img	SQUARE	32	5	48379	1	WITHHOLD	0000000000000000000000000000000000000000000000000000000000000000	0	624	ebd1e371970e3626e58030d8b17eedceeeea1535666783481542146531ad2040
r2a_shapetrans_0707.img	CIRCLE	640	267	47493	1	WITHHOLD	0000000000000000000000000000000000000000000000000000000000000000	0	952	7f8812520af1a53ef1067b6a7d557785238a48cf85d1720213ab008e0709b10f
r2a_shapetrans_0708.img	TRIANGLE	171	31	47564	1	WITHHOLD	0000000000000000000000000000000000000000000000000000000000000000	0	600	98d3309d65e67706108cd1a9d5d62815f4e8b231ddff5052fb06ba70a29aa03e
r2a_shapetrans_0709.img	TRIANGLE	102	31	48600	1	WITHHOLD	0000000000000000000000000000000000000000000000000000000000000000	1	244	697e8036953aeb640e57b93dc390ad735234ec86193d783b5d34557292e80aa9
r2a_shapetrans_0710.img	SQUARE	102	31	49479	1	WITHHOLD	0000000000000000000000000000000000000000000000000000000000000000	1	647	6e70f1c731790f1bc6bd9c13120d98204a592006ea6809897f2812e967e72031
r2a_shapetrans_0711.img	CIRCLE	541	177	47574	1	WITHHOLD	0000000000000000000000000000000000000000000000000000000000000000	0	907	344b9cd983a9ba615a19ce23b4a8ea435f828e150253920903ac41a6daef72d7
r2a_shapetrans_0712.img	CIRCLE	680	319	47984	1	WITHHOLD	0000000000000000000000000000000000000000000000000000000000000000	0	978	00acc5fe913005dba44e36b17ac57a3f6a523d3008a9b7d97ab56e49146ad2ab
r2a_shapetrans_0713.img	TRIANGLE	171	31	47502	1	WITHHOLD	0000000000000000000000000000000000000000000000000000000000000000	0	415	4408719553bf7c91b9b719f777d048014fad2e5e380eecd4f3eeb5e74e88f250
r2a_shapetrans_0714.img	SQUARE	90	15	47934	1	WITHHOLD	0000000000000000000000000000000000000000000000000000000000000000	0	629	9293c87f2330262476087645c402bb063d028bd3412e208ea54c08d332a0495c
r2a_shapetrans_0715.img	TRIANGLE	102	31	48348	1	WITHHOLD	0000000000000000000000000000000000000000000000000000000000000000	1	409	5c27e540d2646b827dd3e8d0a135e4ee91f6e6cba16589d87b573716e50d9895
r2a_shapetrans_0716.img	CIRCLE	557	189	47562	1	WITHHOLD	0000000000000000000000000000000000000000000000000000000000000000	0	913	fa7f6bdd33b12e440459754803117feba34ced0229f5b12a5efb9e230ce48ab3
r2a_shapetrans_0717.img	SQUARE	68	11	47744	1	WITHHOLD	0000000000000000000000000000000000000000000000000000000000000000	0	627	b260455e2db640e42f94457d8cce8b3ea2b0ac6a6e164cef4a86b15badff8588
r2a_shapetrans_0718.img	CIRCLE	535	173	47561	1	WITHHOLD	0000000000000000000000000000000000000000000000000000000000000000	0	905	649b47cd724f9fee8c38cf5713d4d13a478e9193afb99bc25f7f1c2bf45334bd
r2a_shapetrans_0719.img	CIRCLE	643	271	47539	1	WITHHOLD	0000000000000000000000000000000000000000000000000000000000000000	0	954	2ea4f37ee3890c7ed16f719d94f3c442b569e67c22009a661819ee86383e6d3e
r2a_shapetrans_0720.img	TRIANGLE	171	31	47226	1	WITHHOLD	0000000000000000000000000000000000000000000000000000000000000000	0	437	821e9f981f96ab51cb51dd973dd5de0da8c463160d78db3b4d1a49eabefe3e6b
r2a_shapetrans_0721.img	CIRCLE	671	307	47677	1	WITHHOLD	0000000000000000000000000000000000000000000000000000000000000000	0	972	ca6e3837c650eac8bbbcaa8ffc420ce4f01a5ae3d8b68127ba58aa8131fb276f
r2a_shapetrans_0722.img	TRIANGLE	6	1	47761	1	WITHHOLD	0000000000000000000000000000000000000000000000000000000000000000	0	621	bb09d6ccbd725601c30662597acb662c107e5fb5c9f22c9a6fd0d2b572870692
r2a_shapetrans_0723.img	SQUARE	171	31	47636	1	WITHHOLD	0000000000000000000000000000000000000000000000000000000000000000	0	644	51acdd19a1ab18959d12497ffef6caf6f0bb383010a8664e762d87182741042f
r2a_shapetrans_0724.img	TRIANGLE	171	31	47119	1	WITHHOLD	0000000000000000000000000000000000000000000000000000000000000000	0	427	af21f872bf58a7e345b553a1dd67343ee8b448f75a1aa0a6b603853aba15a8da
r2a_shapetrans_0725.img	SQUARE	102	31	49195	1	WITHHOLD	0000000000000000000000000000000000000000000000000000000000000000	1	646	3d1b1610f5893ba1fca4026c3ed1ecaf663c45a49f43fc67108174067f8f7068
r2a_shapetrans_0726.img	CIRCLE	602	227	47838	1	WITHHOLD	0000000000000000000000000000000000000000000000000000000000000000	0	932	d90e00a2d8adabc9f3937722d1747a587d5260be5e2f096fa89e22d0f500c67a
r2a_shapetrans_0727.img	SQUARE	122	21	47697	1	WITHHOLD	0000000000000000000000000000000000000000000000000000000000000000	0	632	4d2fe86a091ca483b33e72bc416cf04cfdb3f22243f66cd76d49140f2defc97d
r2a_shapetrans_0728.img	SQUARE	162	29	48543	1	WITHHOLD	0000000000000000000000000000000000000000000000000000000000000000	0	636	d60de4cd3e0321fde9dc9ad6ff1d60cc76d70425c482783d6248cf8bff7dc62b
r2a_shapetrans_0729.img	TRIANGLE	171	31	47237	1	WITHHOLD	0000000000000000000000000000000000000000000000000000000000000000	0	431	3859467f8abfe9d794799f570bd28300051c57927bb1f2506f04c74f628bf227
r2a_shapetrans_0730.img	CIRCLE	446	121	47486	1	WITHHOLD	0000000000000000000000000000000000000000000000000000000000000000	0	879	631e0fae338829b1498913603edd080805a73ae858124b4d484c044f4216d07f
r2a_shapetrans_0731.img	TRIANGLE	171	31	47115	1	WITHHOLD	0000000000000000000000000000000000000000000000000000000000000000	0	398	f156bb63228aaac303d49fd6a769d79faf06b8f382e4332726544e1210c9e2d1
r2a_shapetrans_0732.img	CIRCLE	546	181	47676	1	WITHHOLD	0000000000000000000000000000000000000000000000000000000000000000	0	909	a2ba16249f4573c8c1f69704201278d3fff3a80d45de79528a2a43ea239b2d8e
r2a_shapetrans_0733.img	TRIANGLE	102	31	48699	1	WITHHOLD	0000000000000000000000000000000000000000000000000000000000000000	1	390	6f3c3dc531aa840b34e70c3611ebd30837f14336455ea1bd34823619cd537729
r2a_shapetrans_0734.img	SQUARE	171	31	48338	1	WITHHOLD	0000000000000000000000000000000000000000000000000000000000000000	0	650	13465154045d2b3ee691f6995e996a0383b7b57b8578b043ba06decf5658bfcc
r2a_shapetrans_0735.img	TRIANGLE	171	31	47435	1	WITHHOLD	0000000000000000000000000000000000000000000000000000000000000000	0	394	67065a075d669c2830edacbb7be5d610973ba8d5ec87c70491b9ad4b65372529
r2a_shapetrans_0736.img	CIRCLE	631	257	47541	1	WITHHOLD	0000000000000000000000000000000000000000000000000000000000000000	0	947	656e6c3f4faf5646884e6afd66853326a085d297081027da2fabe1461d3a32a8
r2a_shapetrans_0737.img	SQUARE	171	31	47729	1	WITHHOLD	0000000000000000000000000000000000000000000000000000000000000000	0	681	c6623bf75404d2cd3d091f45db34ad51482c0c8398669869c3e5b044b9c72550
r2a_shapetrans_0738.img	TRIANGLE	102	31	49068	1	WITHHOLD	0000000000000000000000000000000000000000000000000000000000000000	1	353	9549e5e98013cb4a471b61517695fba21e76c4cf9dabe052912b3596c16cdece
r2a_shapetrans_0739.img	CIRCLE	560	191	47467	1	WITHHOLD	0000000000000000000000000000000000000000000000000000000000000000	0	914	788a1384af3da59130c7eb177b801a2cd1339d7e9a9a1f3832f7383fbaef07dc
r2a_shapetrans_0740.img	TRIANGLE	171	31	47246	1	WITHHOLD	0000000000000000000000000000000000000000000000000000000000000000	0	447	a5353d306ce026464962a9425a87e80063697aefe13687b5a2ed9612cecc4481
r2a_shapetrans_0741.img	CIRCLE	582	209	47392	1	WITHHOLD	0000000000000000000000000000000000000000000000000000000000000000	0	923	0d31b64114eb419e14573b5617dcb555dff7ef5bd240ad9b068b0cab6a197320
r2a_shapetrans_0742.img	CIRCLE	622	247	47768	1	WITHHOLD	0000000000000000000000000000000000000000000000000000000000000000	0	942	4afb62f978ffd11109a484335846e9cdee3ad73cc0ebb2edd5c61753edaa408d
r2a_shapetrans_0743.img	CIRCLE	306	157	48858	1	WITHHOLD	0000000000000000000000000000000000000000000000000000000000000000	1	897	75612659993088231f9d8d19c613e7deebba35eb107cb252fb90139319a4c09d
r2a_shapetrans_0744.img	SQUARE	171	31	48398	1	WITHHOLD	0000000000000000000000000000000000000000000000000000000000000000	0	664	1cb66ebca53f0ca42e1184bca9072cdd3fa10d45c3a036a033ef4ebb67c795f3
r2a_shapetrans_0745.img	CIRCLE	382	265	48348	1	WITHHOLD	0000000000000000000000000000000000000000000000000000000000000000	1	951	5d1b87e2528b628aae4faf75928aa0034c2a01b6e78aa9fa3838a012947ab0bf
r2a_shapetrans_0746.img	SQUARE	79	13	48477	1	WITHHOLD	0000000000000000000000000000000000000000000000000000000000000000	0	628	4136cfd2f9fdbd6e050ce22ed4c0d5902b8dcde60a08895e641b19e2337767d7
r2a_shapetrans_0747.img	SQUARE	19	3	48221	1	WITHHOLD	0000000000000000000000000000000000000000000000000000000000000000	0	623	82a75f7947c10b2fcdb44381ff7a3133527f71667d826e5f0ea6ad27fc7c596e
r2a_shapetrans_0748.img	CIRCLE	560	191	47653	1	WITHHOLD	0000000000000000000000000000000000000000000000000000000000000000	0	914	b0a21cfe93a9522d354be887e9620eec72e4cdada2ebc7bc4f74a0683b3d52a4
r2a_shapetrans_0749.img	SQUARE	6	1	48528	1	WITHHOLD	0000000000000000000000000000000000000000000000000000000000000000	0	622	c580273f99ac336d587cb447688f46a3176f96c4b9db013a859fccbcf54826a8
r2a_shapetrans_0750.img	CIRCLE	298	149	49350	1	WITHHOLD	0000000000000000000000000000000000000000000000000000000000000000	1	893	bd387dca0896aab6add2f4c0608a320bdf4182c68bf8ed2d12898cd71b5d3931
r2a_shapetrans_0751.img	TRIANGLE	102	31	48218	1	WITHHOLD	0000000000000000000000000000000000000000000000000000000000000000	1	205	92a9e0f9ce477e784f3202cc7952659b24f31f6c510b2ddc4ddaedde16f0db5f
r2a_shapetrans_0752.img	TRIANGLE	102	31	48771	1	WITHHOLD	0000000000000000000000000000000000000000000000000000000000000000	1	442	67dd7f66d7ae3fe8d168cd35d35c4b04d948225b50f8db29bc3a5e3924faaa15
r2a_shapetrans_0753.img	TRIANGLE	171	31	47411	1	WITHHOLD	0000000000000000000000000000000000000000000000000000000000000000	0	412	8f1db746c6fc019868570909683b232904107cd62ed4da8af21a8e52171dc80d
r2a_shapetrans_0754.img	TRIANGLE	171	31	47152	1	WITHHOLD	0000000000000000000000000000000000000000000000000000000000000000	0	420	01322bd6575b62a35b0aed02250e4f18d5199006af9fbc86240d7bc2547b0b9e
r2a_shapetrans_0755.img	CIRCLE	586	213	47833	1	WITHHOLD	0000000000000000000000000000000000000000000000000000000000000000	0	925	974e2c7a8314ae62a92a4ebd53402cd9da4dee1ab4e61ecbe352d422776615e1
r2a_shapetrans_0756.img	TRIANGLE	171	31	47707	1	WITHHOLD	0000000000000000000000000000000000000000000000000000000000000000	0	604	a2fb002cfee640617b28985bb461b8a107850435203d0721e3f502d1ac940d25
r2a_shapetrans_0757.img	TRIANGLE	171	31	47189	1	WITHHOLD	0000000000000000000000000000000000000000000000000000000000000000	0	433	68d32389e5a8fd5a562a23c560426073a7bee64f632c703fb083031814d969f9
r2a_shapetrans_0758.img	CIRCLE	315	167	48976	1	WITHHOLD	0000000000000000000000000000000000000000000000000000000000000000	1	902	4428f850f6209b82a439e76e94f9bce1104ef9283c174fb745b1646f5afd2a74
r2a_shapetrans_0759.img	TRIANGLE	171	31	47296	1	WITHHOLD	0000000000000000000000000000000000000000000000000000000000000000	0	414	511c9c5fa9b721fdda4589edc9cd945e0fe896ef568548a9613e6dfa6f116bf0
r2a_shapetrans_0760.img	TRIANGLE	102	31	48612	1	WITHHOLD	0000000000000000000000000000000000000000000000000000000000000000	1	423	2fe7fded5b7fbcae69ce9829222e185ebe9459adc0f464e9b0b596d0c0f30631
r2a_shapetrans_0761.img	TRIANGLE	6	1	48243	1	WITHHOLD	0000000000000000000000000000000000000000000000000000000000000000	0	621	80ee6f4084cb83871f4bb0607f5df6e805d2b120406c94cdecbde80d2ad12bee
r2a_shapetrans_0762.img	SQUARE	102	31	49177	1	WITHHOLD	0000000000000000000000000000000000000000000000000000000000000000	1	642	63d4c516b567d1ee979b090639eea339a8dbc833496f3123c84b31af08c9e165
r2a_shapetrans_0763.img	TRIANGLE	171	31	47150	1	WITHHOLD	0000000000000000000000000000000000000000000000000000000000000000	0	432	a12107218078442411891b12fba9e2768777998024d5836dc7f301a6cffd6983
r2a_shapetrans_0764.img	SQUARE	171	31	48003	1	WITHHOLD	0000000000000000000000000000000000000000000000000000000000000000	0	648	70b9bd6ae88ef66111ce779af41a61ae4a7dd042542cb1c31199457a9d68d380
r2a_shapetrans_0765.img	TRIANGLE	171	31	47218	1	WITHHOLD	0000000000000000000000000000000000000000000000000000000000000000	0	409	4beb3f165fb9ace1450e02542b380a7b8a065c925328bccb416f73932e90826f
r2a_shapetrans_0766.img	CIRCLE	597	223	47782	1	WITHHOLD	0000000000000000000000000000000000000000000000000000000000000000	0	930	7b0f1fa55b7425073cc73863f61e8ffdf8a8ca32141a7c1b8a0f997103ec6be2
r2a_shapetrans_0767.img	CIRCLE	554	187	47785	1	WITHHOLD	0000000000000000000000000000000000000000000000000000000000000000	0	912	c86278772746fcdba1646b3946aeec808b814320f412d54c2b71afc8879d1dff
r2a_shapetrans_0768.img	TRIANGLE	171	31	47644	1	WITHHOLD	0000000000000000000000000000000000000000000000000000000000000000	0	424	cf3e84d5c4b8b5e4b4da60351ba5985cd498e6bc24ed7fcdca59718e91e15fca
r2a_shapetrans_0769.img	SQUARE	171	31	48124	1	WITHHOLD	0000000000000000000000000000000000000000000000000000000000000000	0	648	f03066ed5ffbc88b3abb152210793b773ebaa0c951d7389311d86172b75e3efb
r2a_shapetrans_0770.img	TRIANGLE	44	7	48231	1	WITHHOLD	0000000000000000000000000000000000000000000000000000000000000000	0	618	9ed4a93aee11cbf9a8d917df840dedf6176ef859225b80fd013f38ba9948b82b
r2a_shapetrans_0771.img	TRIANGLE	171	31	47270	1	WITHHOLD	0000000000000000000000000000000000000000000000000000000000000000	0	423	35a34451249d1245024d640f170f0840efa0424ec9bd0ad02a87f9372d796f6b
r2a_shapetrans_0772.img	SQUARE	90	15	48220	1	WITHHOLD	0000000000000000000000000000000000000000000000000000000000000000	0	629	0777a3f043427760b9e5f122cb12a08faf03b0c7f8ba07b7a657c19070983280
r2a_shapetrans_0773.img	CIRCLE	572	201	47737	1	WITHHOLD	0000000000000000000000000000000000000000000000000000000000000000	0	919	b46690a722645f4651e68d1316328c45033650aa23d8ba7f669d3eeb7c8fe6c1
r2a_shapetrans_0774.img	SQUARE	102	31	48328	1	WITHHOLD	0000000000000000000000000000000000000000000000000000000000000000	1	664	a6642eb8021e7bb5dcacc682600dae9b0abd3f03ab9e99a39b5c3e11ff015141
r2a_shapetrans_0775.img	TRIANGLE	102	31	48822	1	WITHHOLD	0000000000000000000000000000000000000000000000000000000000000000	1	428	dce7f3703e8e9a3d63ab6c2abf58d22a07bff7e1a5cc09fe355937dd4046e6a1
r2a_shapetrans_0776.img	CIRCLE	282	59	47396	1	WITHHOLD	0000000000000000000000000000000000000000000000000000000000000000	0	848	320071b10b674292905cb976293b596a70bc558ef048498a719851e7770e53c4
r2a_shapetrans_0777.img	TRIANGLE	171	31	48491	1	WITHHOLD	0000000000000000000000000000000000000000000000000000000000000000	0	356	ce1c542d768a349070937f5d2b484522fd60ad00f38fec07ddd2abc71366854b
r2a_shapetrans_0778.img	CIRCLE	514	159	47509	1	WITHHOLD	0000000000000000000000000000000000000000000000000000000000000000	0	898	ed5a98f39f3feef728739847308c8029c7bbbd3a504c0affc827f5ab59372661
r2a_shapetrans_0779.img	CIRCLE	612	237	47477	1	WITHHOLD	0000000000000000000000000000000000000000000000000000000000000000	0	937	c7f030915d6194993b1c708b478c92288fa23b7dcbda07ec7cdf706f6d56f5cb
r2a_shapetrans_0780.img	CIRCLE	570	199	47619	1	WITHHOLD	0000000000000000000000000000000000000000000000000000000000000000	0	918	8887bd17bdca974427a2b6cb5fd6792b6ad8e262f398327f9315084a3fdcae4c
r2a_shapetrans_0781.img	CIRCLE	635	261	47684	1	WITHHOLD	0000000000000000000000000000000000000000000000000000000000000000	0	949	ac62fdc110300c024e64864117dcfe4eda6106da5752babe90f385c971d2fdd1
r2a_shapetrans_0782.img	TRIANGLE	171	31	47419	1	WITHHOLD	0000000000000000000000000000000000000000000000000000000000000000	0	437	bc784fe466cd3dd1a7f0dbdc1dd76c46774245d1faae20577076e5b28967718e
r2a_shapetrans_0783.img	CIRCLE	313	165	48967	1	WITHHOLD	0000000000000000000000000000000000000000000000000000000000000000	1	901	efe30cefc23ee10fb33b8205382d09d05509e3889758250c1c2cd332fcdf7053
r2a_shapetrans_0784.img	TRIANGLE	171	31	47362	1	WITHHOLD	0000000000000000000000000000000000000000000000000000000000000000	0	425	cadd2dcf8ac3c63843ceb5f3f6c759ff97eeffa03aec1ee13eb74dbfc1c002f9
r2a_shapetrans_0785.img	SQUARE	171	31	47710	1	WITHHOLD	0000000000000000000000000000000000000000000000000000000000000000	0	641	8206e5622ac0acd1967c9dd6f3a5991c66fe3e11df30bac7e767fe33d43d07f1
r2a_shapetrans_0786.img	CIRCLE	575	203	47523	1	WITHHOLD	0000000000000000000000000000000000000000000000000000000000000000	0	920	4c64e79582f7fa97064586be153b8fe51c99ccf244f7b5d7451d1d76f9fbc592
r2a_shapetrans_0787.img	CIRCLE	535	173	47619	1	WITHHOLD	0000000000000000000000000000000000000000000000000000000000000000	0	905	48b29bcc0157cf7be0c632956a634b73f0ace587ddc33a4cb21f451020c0771e
r2a_shapetrans_0788.img	TRIANGLE	171	31	47262	1	WITHHOLD	0000000000000000000000000000000000000000000000000000000000000000	0	429	f3d4044491bf88e199fc8f6f86a5a26534011ca4568143aae63e404718f2edf7
r2a_shapetrans_0789.img	TRIANGLE	102	31	48674	1	WITHHOLD	0000000000000000000000000000000000000000000000000000000000000000	1	423	dfa76bfe5e438c0f032636346722ebff1386afd6d254bf0c9528d9e7d802502d
r2a_shapetrans_0790.img	TRIANGLE	171	31	47187	1	WITHHOLD	0000000000000000000000000000000000000000000000000000000000000000	0	424	1b8b6b2397235ac9f4d31d49398ed003d0ce4388b9567cd1099dc25c81d696a0
r2a_shapetrans_0791.img	CIRCLE	360	225	49554	1	WITHHOLD	0000000000000000000000000000000000000000000000000000000000000000	1	931	d6a73eb8e01a14c904d3d985d2753823e035e2c24b7c82faf7978e62f5b2fad1
r2a_shapetrans_0792.img	CIRCLE	653	283	47615	1	WITHHOLD	0000000000000000000000000000000000000000000000000000000000000000	0	960	6988538910697ef90d9db14658534a1c2f43f8629e11045917a0b994c31b7643
r2a_shapetrans_0793.img	CIRCLE	638	265	47775	1	WITHHOLD	0000000000000000000000000000000000000000000000000000000000000000	0	951	3821835e791acbfb5ca8a5be8ea5f565ed293ecbf4bb50faa5652e9919b3543b
r2a_shapetrans_0794.img	CIRCLE	681	321	47383	1	WITHHOLD	0000000000000000000000000000000000000000000000000000000000000000	0	979	1e84ff9ca5c0f1b9c111793a13f3534c08cb762ec2bb9b65c89b42e27484cb9f
r2a_shapetrans_0795.img	TRIANGLE	102	31	48637	1	WITHHOLD	0000000000000000000000000000000000000000000000000000000000000000	1	195	74de87e5cebd1ad59e03523c56e42b3f5276cf6d5e00da1912df9cd7d19f813f
r2a_shapetrans_0796.img	TRIANGLE	171	31	47182	1	WITHHOLD	0000000000000000000000000000000000000000000000000000000000000000	0	408	e1e10b96240c2b28723eb0797f08d53e2bb048ea4f39c82f44358bd1f1e87485
r2a_shapetrans_0797.img	SQUARE	171	31	48119	1	WITHHOLD	0000000000000000000000000000000000000000000000000000000000000000	0	637	e4fd70b9ab2f2dbb08a8dc620b3d39ae97b8e0bf0ccad6e665181095445c8c61
r2a_shapetrans_0798.img	CIRCLE	312	163	48379	1	WITHHOLD	0000000000000000000000000000000000000000000000000000000000000000	1	900	a22885a0e228de138fd4bb5a501ae3eff6cb7f267c6e16021b92759767ea9ef0
r2a_shapetrans_0799.img	SQUARE	112	19	48079	1	WITHHOLD	0000000000000000000000000000000000000000000000000000000000000000	0	631	bba6d03ec7c2b55fca49f2cd2a5396a501d80922c493a5bd23954e6cc138eeff
r2a_shapetrans_0800.img	SQUARE	102	31	49299	1	WITHHOLD	0000000000000000000000000000000000000000000000000000000000000000	1	637	05eebd8c724731cef6786104e9afb15f1c0359c332e0e957ba0cec72d2de3983
r2a_shapetrans_0801.img	CIRCLE	339	195	49355	1	WITHHOLD	0000000000000000000000000000000000000000000000000000000000000000	1	916	0f8f42d68191f9499f137dbca7c7142abd48fc8c67358b4d3455f19f41aa4d79
r2a_shapetrans_0802.img	SQUARE	171	31	47701	1	WITHHOLD	0000000000000000000000000000000000000000000000000000000000000000	0	637	ad402171518760fe507efa6262ac1a5dd8e1349e1f74957b79867a63ff4d7759
r2a_shapetrans_0803.img	TRIANGLE	171	31	47494	1	WITHHOLD	0000000000000000000000000000000000000000000000000000000000000000	0	424	ac4327f07a296a6691634815276ccf3ff813cbb8ef5dad52ece05b74590a1ee9
r2a_shapetrans_0804.img	CIRCLE	378	257	48564	1	WITHHOLD	0000000000000000000000000000000000000000000000000000000000000000	1	947	59cefad3bf92462d9003fcc08459b296bae987d1f6cf93dd4400cf60812ada78
r2a_shapetrans_0805.img	TRIANGLE	171	31	47497	1	WITHHOLD	0000000000000000000000000000000000000000000000000000000000000000	0	421	cef61a3202ff3958ad456eb442e0f04f0b6ade44730e2ed58113643d6de3a22e
r2a_shapetrans_0806.img	CIRCLE	336	191	49006	1	WITHHOLD	0000000000000000000000000000000000000000000000000000000000000000	1	914	7cbfa7af0672f5e50079e96700cba59c55011641cc6be925b34576b98aafda3f
r2a_shapetrans_0807.img	TRIANGLE	102	31	48702	1	WITHHOLD	0000000000000000000000000000000000000000000000000000000000000000	1	434	bff7c1a102c678fc8c6968bd8512dde21e9ad880b575605933235047efb941fa
r2a_shapetrans_0808.img	CIRCLE	415	339	48342	1	WITHHOLD	0000000000000000000000000000000000000000000000000000000000000000	1	988	d55b86fe09ca836a29900daaa76f7b466687d4c6d6eb30392f6c774f30289032
r2a_shapetrans_0809.img	TRIANGLE	171	31	47245	1	WITHHOLD	0000000000000000000000000000000000000000000000000000000000000000	0	453	9643eaf2cfc6e5b0ae91bcefe249bd1290bcc41d2027493e0c594dbb1b3126ac
r2a_shapetrans_0810.img	SQUARE	6	1	47572	1	WITHHOLD	0000000000000000000000000000000000000000000000000000000000000000	0	622	a6328a2e89d060d9d19a1877b98a48d506893168797b4360c2f9c94765c0c7cd
r2a_shapetrans_0811.img	CIRCLE	244	103	48117	1	WITHHOLD	0000000000000000000000000000000000000000000000000000000000000000	1	870	2395c8776c60c931aa93be39e969f2b0cb6e33f9ea4b9bd8ed0c3ec983d74d84
r2a_shapetrans_0812.img	TRIANGLE	102	31	48555	1	WITHHOLD	0000000000000000000000000000000000000000000000000000000000000000	1	440	e43fdd01a5ec1d2613901a00a44ca70134f5150464605340173f6f93bbc3b0fa
r2a_shapetrans_0813.img	TRIANGLE	102	31	48856	1	WITHHOLD	0000000000000000000000000000000000000000000000000000000000000000	1	334	93b983c2805ecceae66266074004c895588ad59c0cedf8b99a815637150289aa
r2a_shapetrans_0814.img	TRIANGLE	171	31	47208	1	WITHHOLD	0000000000000000000000000000000000000000000000000000000000000000	0	436	6f1574c1967be1a05051431f774d6f0edb39fdd8081fcf5fcde21798fa84d47e
r2a_shapetrans_0815.img	SQUARE	152	27	47853	1	WITHHOLD	0000000000000000000000000000000000000000000000000000000000000000	0	635	b7c6aa872f4b4f59ce8d389732a99567fa90ff78689e0e9c3560dacb1db15e62
r2a_shapetrans_0816.img	CIRCLE	520	163	48101	1	WITHHOLD	0000000000000000000000000000000000000000000000000000000000000000	0	900	0ad5fc76d5ccff9cf16298f4613d6f460642c3d5f55d96b668567ecc3920fcf1
r2a_shapetrans_0817.img	TRIANGLE	102	31	48347	1	WITHHOLD	0000000000000000000000000000000000000000000000000000000000000000	1	319	3e3c8ea8b4a31e6a4f3d0e1f233e70555960a232a49c358e83b3bb035df6bca4
r2a_shapetrans_0818.img	CIRCLE	678	317	48044	1	WITHHOLD	0000000000000000000000000000000000000000000000000000000000000000	0	977	3ea49ef34b1d2d2ea7710dc77b60fc9ae6a6f11d1b3b56a40ede793b82942a2e
r2a_shapetrans_0819.img	TRIANGLE	171	31	47162	1	WITHHOLD	0000000000000000000000000000000000000000000000000000000000000000	0	414	052822a4b8aed4c2bd1205b7f28a96fc5a6e4882a64fa116c090cb362c9a6e03
r2a_shapetrans_0820.img	SQUARE	73	21	48473	1	WITHHOLD	0000000000000000000000000000000000000000000000000000000000000000	1	632	2c434762c98ccd29086e56a96d40e90562399e5a5e6a6abb94ef05906e937a8a
r2a_shapetrans_0821.img	CIRCLE	562	193	47984	1	WITHHOLD	0000000000000000000000000000000000000000000000000000000000000000	0	915	70e161f9cae5e44703faba0ae13e7cb9379a672346dedb82eb098a2d54cf30b5
r2a_shapetrans_0822.img	SQUARE	32	5	48308	1	WITHHOLD	0000000000000000000000000000000000000000000000000000000000000000	0	624	bfdd04cf89ad93b199d26c6c73014b8a6031b244f64cc088e24b285ee0d89efa
r2a_shapetrans_0823.img	SQUARE	102	31	48657	1	WITHHOLD	0000000000000000000000000000000000000000000000000000000000000000	1	655	3e943efdad1d43fe06d0ba903cbbfaec7b2c5118c9f909425d0e02cfa7099f16
r2a_shapetrans_0824.img	TRIANGLE	102	31	48425	1	WITHHOLD	0000000000000000000000000000000000000000000000000000000000000000	1	425	1a83bccaa4c3aa8047aec05dd1ae1304b9eb6f85c69ae9e2b51c9e88c84e9341
r2a_shapetrans_0825.img	SQUARE	152	27	47599	1	WITHHOLD	0000000000000000000000000000000000000000000000000000000000000000	0	635	836df61344db6da1ff0342985dce910731ef9fd5bada6aa37ab2d06e934752e5
r2a_shapetrans_0826.img	CIRCLE	373	247	48309	1	WITHHOLD	0000000000000000000000000000000000000000000000000000000000000000	1	942	e5a0c21ffbe95b079b8e7773ecc99186683c0a4aec2cac8854980359eb479a89
r2a_shapetrans_0827.img	SQUARE	171	31	47761	1	WITHHOLD	0000000000000000000000000000000000000000000000000000000000000000	0	648	9bb72613b72772d3051eb8341871912fe241d54c03a76028f53880d3449217d1
r2a_shapetrans_0828.img	SQUARE	102	31	48108	1	WITHHOLD	0000000000000000000000000000000000000000000000000000000000000000	1	671	b870498b58d152617b95ea0ad18cad40c29841b6cb7c22763094f81d437d53ae
r2a_shapetrans_0829.img	CIRCLE	324	177	48695	1	WITHHOLD	0000000000000000000000000000000000000000000000000000000000000000	1	907	f83ba89b7ed49a7436b086eecb9aca66f5988f66f361f1bb8434913568d309eb
r2a_shapetrans_0830.img	TRIANGLE	102	31	47901	1	WITHHOLD	0000000000000000000000000000000000000000000000000000000000000000	1	419	eef4a12931caac679af0cf3fae313c742373210be5f3758d93cea4913bd2ec3d
r2a_shapetrans_0831.img	CIRCLE	379	259	48550	1	WITHHOLD	0000000000000000000000000000000000000000000000000000000000000000	1	948	70d9fb921661224d7054e1c7373dd2e860c414e3017311a5ae0564ce79f059a5
r2a_shapetrans_0832.img	SQUARE	32	5	47668	1	WITHHOLD	0000000000000000000000000000000000000000000000000000000000000000	0	624	84720270a7a650c5ef3ad530b39b981a7639250cc583e4757396244cdb5357c6
r2a_shapetrans_0833.img	CIRCLE	511	157	47556	1	WITHHOLD	0000000000000000000000000000000000000000000000000000000000000000	0	897	dc8a2f9e9cd694d4f6a02996d1a96425a813b340483d4275e4fbe0b4672da752
r2a_shapetrans_0834.img	CIRCLE	267	121	48239	1	WITHHOLD	0000000000000000000000000000000000000000000000000000000000000000	1	879	cfeb11f4d8282d678e6c128974fed01140672c99504f856d91180fa13b7e8bda
r2a_shapetrans_0835.img	CIRCLE	595	221	48070	1	WITHHOLD	0000000000000000000000000000000000000000000000000000000000000000	0	929	c3b23eceb7c3ccd9eeb344eeeefccca15ed45edbe813869f55b8ea67adf87c7a
r2a_shapetrans_0836.img	CIRCLE	625	251	47786	1	WITHHOLD	0000000000000000000000000000000000000000000000000000000000000000	0	944	9cfa581a7dcdccef0aed3fa947300f0038bd88bebd403710c7faf308fd47defd
r2a_shapetrans_0837.img	CIRCLE	535	173	47815	1	WITHHOLD	0000000000000000000000000000000000000000000000000000000000000000	0	905	d6ccaf90b7978a912a10d058f120b211f291142c313a6853c9f331d6d43b55de
r2a_shapetrans_0838.img	TRIANGLE	171	31	47566	1	WITHHOLD	0000000000000000000000000000000000000000000000000000000000000000	0	433	ed86746a8ba0b9a40112594d8c35352daf8e43ce33db0ac206428a1ebc02921f
r2a_shapetrans_0839.img	TRIANGLE	102	31	49741	1	WITHHOLD	0000000000000000000000000000000000000000000000000000000000000000	1	197	922551df6c874b4cc0131b56d894fccd88da6bb9bdcd7d60814198bac8df3de8
r2a_shapetrans_0840.img	TRIANGLE	102	31	47976	1	WITHHOLD	0000000000000000000000000000000000000000000000000000000000000000	1	414	c831166e30fa1e07070089d7047cbc17984800840e6d10c44a5945e82ce346df
r2a_shapetrans_0841.img	SQUARE	102	31	49125	1	WITHHOLD	0000000000000000000000000000000000000000000000000000000000000000	1	644	c00d8a144f654f72ca6d27a1de85fcdd51b5db10f76e3a02b543f236fcb32c45
r2a_shapetrans_0842.img	TRIANGLE	171	31	47186	1	WITHHOLD	0000000000000000000000000000000000000000000000000000000000000000	0	414	a8d0c57928e61271e534a91c6217d281acc2c25ad6ddaea7bc526f20946e9d3a
r2a_shapetrans_0843.img	CIRCLE	429	113	47453	1	WITHHOLD	0000000000000000000000000000000000000000000000000000000000000000	0	875	393396866ae18ad31dbd234ef84283b188ca2b87c236995a8ab86ac3801ceb1c
r2a_shapetrans_0844.img	TRIANGLE	11	3	49411	1	WITHHOLD	0000000000000000000000000000000000000000000000000000000000000000	1	620	b913b456cc21631e54c02a004877ab4e6e4bfa601af82a9929d148c946a6d33d
r2a_shapetrans_0845.img	CIRCLE	366	235	48199	1	WITHHOLD	0000000000000000000000000000000000000000000000000000000000000000	1	936	d7010e0358b0cc640891a665c7e94dd727a96a2de909c60d791b14e28f12a401
r2a_shapetrans_0846.img	SQUARE	44	7	48429	1	WITHHOLD	0000000000000000000000000000000000000000000000000000000000000000	0	625	a000cb9ef69ba0e0c2d404463b4efbfa34a01d7c5b9f5c6eeb88917e80f997d5
r2a_shapetrans_0847.img	CIRCLE	511	157	47457	1	WITHHOLD	0000000000000000000000000000000000000000000000000000000000000000	0	897	daf5c4d6e7ebd20bfd053e04a9795e7219a9414ffdcd23d72c6dfc655571095b
r2a_shapetrans_0848.img	CIRCLE	589	215	48069	1	WITHHOLD	0000000000000000000000000000000000000000000000000000000000000000	0	926	03ee026eeacdcf6e3bf927f9246b666ca5edb02c3a1ac6c688cb5a605490c93f
r2a_shapetrans_0849.img	CIRCLE	529	169	47865	1	WITHHOLD	0000000000000000000000000000000000000000000000000000000000000000	0	903	f4aaaa873fef4e0e99b4115fa06a39f5fd39ba5cc69aecd6d5a20fcaa2e46512
r2a_shapetrans_0850.img	TRIANGLE	171	31	50875	1	WITHHOLD	0000000000000000000000000000000000000000000000000000000000000000	0	274	e5255c27af58820cc2c2206968c6dd868cc587e0fbc23ff66f361ef22623b70e
r2a_shapetrans_0851.img	TRIANGLE	171	31	47126	1	WITHHOLD	0000000000000000000000000000000000000000000000000000000000000000	0	441	1f7d34755c10777e754231857f2ae4dab7a07a213ae339a2f45461e74f0e15f0
r2a_shapetrans_0852.img	TRIANGLE	171	31	50059	1	WITHHOLD	0000000000000000000000000000000000000000000000000000000000000000	0	387	0a14f3a083f03375c7ccbc5ee67479872bcc8322009af0045ac6faa2910ea302
r2a_shapetrans_0853.img	TRIANGLE	171	31	50180	1	WITHHOLD	0000000000000000000000000000000000000000000000000000000000000000	0	460	575fcbdce4b1763c64fa0ed28ad56bb2922d4f9667613ce4ef399fed0020e0aa
r2a_shapetrans_0854.img	TRIANGLE	171	31	49439	1	WITHHOLD	0000000000000000000000000000000000000000000000000000000000000000	0	447	136b7ee6cd9e6842f9197b03fa877a8fa914dfbeb2f8af80759cfa1ad6630e1a
r2a_shapetrans_0855.img	TRIANGLE	171	31	50485	1	WITHHOLD	0000000000000000000000000000000000000000000000000000000000000000	0	296	63b761c948ffdd64fc1587e9e12261035e188e16e6b6bc236a07f138bcda1f90
r2a_shapetrans_0856.img	TRIANGLE	171	31	50665	1	WITHHOLD	0000000000000000000000000000000000000000000000000000000000000000	0	215	9db2a69eb09d9eb6f34457c72dee12e2f186047a1b0936479ebddb4eb6bb0694
r2a_shapetrans_0857.img	TRIANGLE	171	31	50485	1	WITHHOLD	0000000000000000000000000000000000000000000000000000000000000000	0	360	d89632586d1d23fab17f4486165485febf72818002d43ae988d7f76c65eb5304
r2a_shapetrans_0858.img	TRIANGLE	171	31	51023	1	WITHHOLD	0000000000000000000000000000000000000000000000000000000000000000	0	306	d518bf667ef13c9a7ff71d2449bd24eb0c4cc29bba54a4424e877c8b8cc4521a
r2a_shapetrans_0859.img	TRIANGLE	171	31	50962	1	WITHHOLD	0000000000000000000000000000000000000000000000000000000000000000	0	343	abf20c942105d1ae07dd679f01724ab0227822cdcc53319c01a43f19b529e390
r2a_shapetrans_0860.img	TRIANGLE	171	31	49066	1	WITHHOLD	0000000000000000000000000000000000000000000000000000000000000000	0	383	17febb70825425bf4195264c89e5f0ac499c05568c7847ae93adea0a180c2881
r2a_shapetrans_0861.img	TRIANGLE	171	31	48815	1	WITHHOLD	0000000000000000000000000000000000000000000000000000000000000000	0	329	5c6b22fed74c9112263700c9273e59a6b2fe8fdad81a700a98f3397bf3aad3ea
r2a_shapetrans_0862.img	TRIANGLE	171	31	50406	1	WITHHOLD	0000000000000000000000000000000000000000000000000000000000000000	0	397	2916d543806469a3cc1c67288c430f1f0a2806a11be3773332959b3602a154e7
r2a_shapetrans_0863.img	TRIANGLE	171	31	50251	1	WITHHOLD	0000000000000000000000000000000000000000000000000000000000000000	0	240	ca08db3070cf3e2984134e06238924b748d31bbd7a7652fbf40e23514c5878bd
r2a_shapetrans_0864.img	TRIANGLE	171	31	50462	1	WITHHOLD	0000000000000000000000000000000000000000000000000000000000000000	0	213	a82e7b15f115f9b0ccd8a2b0ff9e00aeebba8ffc738d9b091b469f0267a3215d
r2a_shapetrans_0865.img	TRIANGLE	171	31	50666	1	WITHHOLD	0000000000000000000000000000000000000000000000000000000000000000	0	462	36e68fa9224fdb6ff7457b933f80799099807d2a0e4e3913b3c08dd131b9a72c
r2a_shapetrans_0866.img	TRIANGLE	102	31	50886	1	WITHHOLD	0000000000000000000000000000000000000000000000000000000000000000	1	318	c79bf08e6c8cc5bd1c462a91cb32a0bfede824a9bc90d107a5225da4e8847298
r2a_shapetrans_0867.img	TRIANGLE	102	31	48741	1	WITHHOLD	0000000000000000000000000000000000000000000000000000000000000000	1	397	be66068d76ce0cd8bd7ba18c7b59812525552221873cd10cd747739f317cd7bf
r2a_shapetrans_0868.img	TRIANGLE	171	31	48607	1	WITHHOLD	0000000000000000000000000000000000000000000000000000000000000000	0	242	4042355af25a56d9eda7ae29226a877a59011fd32feba0d43550067662cdf264
r2a_shapetrans_0869.img	TRIANGLE	171	31	48034	1	WITHHOLD	0000000000000000000000000000000000000000000000000000000000000000	0	367	6339a4903faf8b68a9ac4d9fbab781e56be42567eeb6c4ae1feb6a060445e786
r2a_shapetrans_0870.img	TRIANGLE	171	31	49652	1	WITHHOLD	0000000000000000000000000000000000000000000000000000000000000000	0	199	c5f3c3811a3667143cbec512f04cd91a5fb69698d7d3b7dc5d1b5ba549d25bae
r2a_shapetrans_0871.img	TRIANGLE	171	31	49757	1	WITHHOLD	0000000000000000000000000000000000000000000000000000000000000000	0	211	448ce6ed0014432bfdc8573c67b674ae34030a4fd53502c8caa30313bbc06f4d
r2a_shapetrans_0872.img	TRIANGLE	171	31	50564	1	WITHHOLD	0000000000000000000000000000000000000000000000000000000000000000	0	290	fd9db6f86014bd3d681fa6128559ca558ee23fb2011f9082fe83907076a42a6b
r2a_shapetrans_0873.img	TRIANGLE	171	31	50750	1	WITHHOLD	0000000000000000000000000000000000000000000000000000000000000000	0	348	9557ce216d5ca5d3fb8abca891e5ccc95332b3b5c4ebeb2dd1caf10cf12482dd
r2a_shapetrans_0874.img	TRIANGLE	171	31	49947	1	WITHHOLD	0000000000000000000000000000000000000000000000000000000000000000	0	375	a17689be91439f44d119ba5c6ff73ccfd3607abbe9aca712a4c28bbfdedc7227
r2a_shapetrans_0875.img	TRIANGLE	102	31	50772	1	WITHHOLD	0000000000000000000000000000000000000000000000000000000000000000	1	368	1bf32ff6512ba4f6926fef9a6ac6524fbeff00c5f23a5d02cf72c2ae380c0e73
r2a_shapetrans_0876.img	TRIANGLE	171	31	50843	1	WITHHOLD	0000000000000000000000000000000000000000000000000000000000000000	0	309	aa75da382e378a09dd041486bea922eae5e55efc55a290c4c8a63e99e80a19aa
r2a_shapetrans_0877.img	TRIANGLE	171	31	50251	1	WITHHOLD	0000000000000000000000000000000000000000000000000000000000000000	0	405	63da6ac3914c497f497b9c4811f49f39d38f694b2ee11f3d9bf81e1b42cfc006
r2a_shapetrans_0878.img	TRIANGLE	102	31	51414	1	WITHHOLD	0000000000000000000000000000000000000000000000000000000000000000	1	378	02b4578572a815f7d244700a7ae5fab3757f6426d632a01ac41a1637e905886b
r2a_shapetrans_0879.img	TRIANGLE	171	31	50248	1	WITHHOLD	0000000000000000000000000000000000000000000000000000000000000000	0	185	6697346976aa880880e84f972d10085bfdfdb645eb835ecdf3983c3f0fd31f0b
r2a_shapetrans_0880.img	TRIANGLE	171	31	50417	1	WITHHOLD	0000000000000000000000000000000000000000000000000000000000000000	0	285	308b3810f1331b65dd838b398efc611b7fc801883af6af9314db1f4fc7ef693b
r2a_shapetrans_0881.img	TRIANGLE	171	31	48563	1	WITHHOLD	0000000000000000000000000000000000000000000000000000000000000000	0	205	409e9d1acf467f9fa35b75996a65112faeb426b51b003ffd8af4f7d4e8cd5ac1
r2a_shapetrans_0882.img	TRIANGLE	102	31	52139	1	WITHHOLD	0000000000000000000000000000000000000000000000000000000000000000	1	453	690183debeb5ffc5d46ba724ccebe667ee040700c4e51c633659692cad346a9c
r2a_shapetrans_0883.img	TRIANGLE	102	31	52010	1	WITHHOLD	0000000000000000000000000000000000000000000000000000000000000000	1	282	33960225a666d484b4c5682615960d9c0c3ba60ac4f6cef5028e31ac57bb048d
r2a_shapetrans_0884.img	TRIANGLE	171	31	50369	1	WITHHOLD	0000000000000000000000000000000000000000000000000000000000000000	0	345	4918578d11549f8f1681667d90d39764957ac002cd98312c59baa207638c2eaf
r2a_shapetrans_0885.img	TRIANGLE	102	31	51065	1	WITHHOLD	0000000000000000000000000000000000000000000000000000000000000000	1	216	cc0284d0a082e4fe8acbb83e35776b57328393388c5271ffbba3fcf1c0407d17
r2a_shapetrans_0886.img	TRIANGLE	171	31	49427	1	WITHHOLD	0000000000000000000000000000000000000000000000000000000000000000	0	396	eeed4e222b4ab8de08fd0c37c5f2564181203f6a2ea220246a9422f6949cb763
r2a_shapetrans_0887.img	TRIANGLE	171	31	49336	1	WITHHOLD	0000000000000000000000000000000000000000000000000000000000000000	0	274	ec792a54ad77bed247ab8d4e8d9abf8c7fcebb1a4e030901596a0acfc06e66fb
r2a_shapetrans_0888.img	TRIANGLE	171	31	49907	1	WITHHOLD	0000000000000000000000000000000000000000000000000000000000000000	0	203	60e555f6d899e7eb22dfca79e640434e56a0a5fdc67a93917933648bd80b7fa8
r2a_shapetrans_0889.img	TRIANGLE	171	31	50486	1	WITHHOLD	0000000000000000000000000000000000000000000000000000000000000000	0	183	114018102c09eceeee7dbaa9236e6c7cbb5d10d08e87b721544d305e31e8e41f
r2a_shapetrans_0890.img	TRIANGLE	171	31	49579	1	WITHHOLD	0000000000000000000000000000000000000000000000000000000000000000	0	353	a414f04800917b13b333dfd5af0fb7e9d34fdc8622e1a1564d5ad99180e7bd9e
r2a_shapetrans_0891.img	TRIANGLE	102	31	52757	1	WITHHOLD	0000000000000000000000000000000000000000000000000000000000000000	1	245	cf36c13c1934ae264c7d5e91ce0c7b0b06ccee131b617ffae2d4445900073409
r2a_shapetrans_0892.img	TRIANGLE	171	31	48447	1	WITHHOLD	0000000000000000000000000000000000000000000000000000000000000000	0	188	6c1b6a8db5d5248cf990608c4b5d19ac444a18db1a471c219e1f6a3e12a00773
r2a_shapetrans_0893.img	TRIANGLE	171	31	50391	1	WITHHOLD	0000000000000000000000000000000000000000000000000000000000000000	0	183	8851573ecb5bc92b0022245e73e9987876e1b43d24c1c2941aa62581eb21d597
r2a_shapetrans_0894.img	TRIANGLE	171	31	49920	1	WITHHOLD	0000000000000000000000000000000000000000000000000000000000000000	0	235	522259165b916787ba7aa8fc33b5488c731837455519ec17874c24bbd3cec607
r2a_shapetrans_0895.img	TRIANGLE	171	31	50969	1	WITHHOLD	0000000000000000000000000000000000000000000000000000000000000000	0	236	7b8cc2c9fa976ab8deef38820c58c103118d0d51076acf1e63a59e3f1afeb6df
r2a_shapetrans_0896.img	SQUARE	102	31	49783	1	WITHHOLD	0000000000000000000000000000000000000000000000000000000000000000	1	637	8120039055b3ed2e05476dcf17de360260c0c18f65d1cb35d4f1739bf2d31190
r2a_shapetrans_0897.img	TRIANGLE	102	31	50052	1	WITHHOLD	0000000000000000000000000000000000000000000000000000000000000000	1	227	c4eb384c1795346b38802f7214cbc3a295c87bf3004ac0833bb870c617e96672
r2a_shapetrans_0898.img	TRIANGLE	171	31	49732	1	WITHHOLD	0000000000000000000000000000000000000000000000000000000000000000	0	364	cd7c0865b04f838af551e07753deb9356c243fee2afb7ad8e80a3209c68b0fb7
r2a_shapetrans_0899.img	TRIANGLE	171	31	50744	1	WITHHOLD	0000000000000000000000000000000000000000000000000000000000000000	0	255	c43d00ac076bd1bde62828d7e642585654ec47a741121d73b065b1c48ab84360
r2a_shapetrans_0900.img	TRIANGLE	171	31	50117	1	WITHHOLD	0000000000000000000000000000000000000000000000000000000000000000	0	487	2db68b5e41b4ae56086fbf2789d5ae501a667bb70304ade87d6b7ec4dbeaf8b5
r2a_shapetrans_0901.img	TRIANGLE	171	31	49671	1	WITHHOLD	0000000000000000000000000000000000000000000000000000000000000000	0	294	ca877e11729dfca739fcf90c991601fc88fa4d1e52e44e31707a926ed289572f
r2a_shapetrans_0902.img	TRIANGLE	102	31	51278	1	WITHHOLD	0000000000000000000000000000000000000000000000000000000000000000	1	239	5899ba8fb558df181d3f67fd7556ce53e1a256d8fe4cfbb08f33228b4c73e5cd
r2a_shapetrans_0903.img	TRIANGLE	171	31	50269	1	WITHHOLD	0000000000000000000000000000000000000000000000000000000000000000	0	278	129a16baf093b4f77c37f2cd583d1720b40210bc925e5cf540c15736bd56ebc2
r2a_shapetrans_0904.img	TRIANGLE	171	31	49530	1	WITHHOLD	0000000000000000000000000000000000000000000000000000000000000000	0	318	d98d2587b53b86831075211628a3e77583d21d4c035dd827ed7f7a7c0a5bc379
r2a_shapetrans_0905.img	TRIANGLE	171	31	50626	1	WITHHOLD	0000000000000000000000000000000000000000000000000000000000000000	0	270	910a3035931c725578abb93e7b0f5a7501cbaaf48260600ade151a29f9ca16b8
r2a_shapetrans_0906.img	TRIANGLE	171	31	50657	1	WITHHOLD	0000000000000000000000000000000000000000000000000000000000000000	0	463	ea2dfc688f6ed43a76b53106930c197fa73eb6ad0f2590084f3e10bf9889f88c
r2a_shapetrans_0907.img	TRIANGLE	171	31	50064	1	WITHHOLD	0000000000000000000000000000000000000000000000000000000000000000	0	313	9e126487af635009d92b255d9dd6481800d2a2be5a5f4f0653f13b8674781633
r2a_shapetrans_0908.img	TRIANGLE	171	31	49809	1	WITHHOLD	0000000000000000000000000000000000000000000000000000000000000000	0	303	34ae24166b749a62ae26cc9415b22e3e0b94fdf41d112101c8be91f7015e6100
r2a_shapetrans_0909.img	TRIANGLE	171	31	50344	1	WITHHOLD	0000000000000000000000000000000000000000000000000000000000000000	0	415	c7c0617bf53c42171a2fdde6b8b060b52e01c5ba03a5e66c3e25d1026d6adfe4
r2a_shapetrans_0910.img	TRIANGLE	102	31	49736	1	WITHHOLD	0000000000000000000000000000000000000000000000000000000000000000	1	176	90278bd18bb2ba2bc708226dfe97c22e5e1656a490f0c103ff0add599667cc9d
r2a_shapetrans_0911.img	TRIANGLE	171	31	49585	1	WITHHOLD	0000000000000000000000000000000000000000000000000000000000000000	0	319	faecb6e1d727a04ea6b61e4176a6bad423b64646f2a37f4e0dd77f3af208e130
r2a_shapetrans_0912.img	TRIANGLE	171	31	48296	1	WITHHOLD	0000000000000000000000000000000000000000000000000000000000000000	0	476	85be3126bb2839cd333b381ee6d4e4aaa69f7cc74ca870368231fbeed1e132e6
r2a_shapetrans_0913.img	TRIANGLE	102	31	49841	1	WITHHOLD	0000000000000000000000000000000000000000000000000000000000000000	1	265	c78512ff45faeaf4281b092d6851376366167ad75737cd1b3ff8ddc8cbe407a6
r2a_shapetrans_0914.img	TRIANGLE	102	31	50222	1	WITHHOLD	0000000000000000000000000000000000000000000000000000000000000000	1	235	3c67eb74e275910d083a04f3e46403027f5531f614151ac1e7948fba70502558
r2a_shapetrans_0915.img	TRIANGLE	171	31	48106	1	WITHHOLD	0000000000000000000000000000000000000000000000000000000000000000	0	365	5d5fd10c7fb61029290dfe03ad5f639d90d85a13c47615f21fd600d6172a0c29
r2a_shapetrans_0916.img	TRIANGLE	171	31	48706	1	WITHHOLD	0000000000000000000000000000000000000000000000000000000000000000	0	210	942a9023730488e8f36d3dee342040aa42768a29b61d571d2c6b40648fc0d44d
r2a_shapetrans_0917.img	TRIANGLE	171	31	49618	1	WITHHOLD	0000000000000000000000000000000000000000000000000000000000000000	0	363	47e1083d6ed3a0eb337a25a7ac0947896ca34485651aa8948c87a76c35de6454
r2a_shapetrans_0918.img	TRIANGLE	102	31	51698	1	WITHHOLD	0000000000000000000000000000000000000000000000000000000000000000	1	241	f50e08242ace48b188c9d23b7cc2f6f98c1f2c060f386afa70c7828b8f4ae50e
r2a_shapetrans_0919.img	TRIANGLE	171	31	50498	1	WITHHOLD	0000000000000000000000000000000000000000000000000000000000000000	0	365	610a3851c44295399dc0ace4a0d257357878e47f52162d0b1f6dc5c771adce1a
r2a_shapetrans_0920.img	TRIANGLE	171	31	50233	1	WITHHOLD	0000000000000000000000000000000000000000000000000000000000000000	0	392	81e834348435e046cbf21b1b23e4162863f93bd66aa2617979265226ebf3ff29
r2a_shapetrans_0921.img	TRIANGLE	171	31	50309	1	WITHHOLD	0000000000000000000000000000000000000000000000000000000000000000	0	355	fa98d4dcd0ceefa7752cbc393e6c0136377b3259780074fd0e52b7a0c2d7a439
r2a_shapetrans_0922.img	TRIANGLE	171	31	49005	1	WITHHOLD	0000000000000000000000000000000000000000000000000000000000000000	0	223	b7713bccbd55b6b544662033dbf6617b7652421eb04c44528027fa83402dd30d
r2a_shapetrans_0923.img	TRIANGLE	171	31	48862	1	WITHHOLD	0000000000000000000000000000000000000000000000000000000000000000	0	211	b6096eeedfce9704707d76e536132abc4cc966677a06f4cb7bf394d5b7f68013
r2a_shapetrans_0924.img	TRIANGLE	171	31	48621	1	WITHHOLD	0000000000000000000000000000000000000000000000000000000000000000	0	360	2fdf9457bb99829f70edd1349684387dcb87fb832564983a0796dbab3a9e0416
r2a_shapetrans_0925.img	TRIANGLE	171	31	49381	1	WITHHOLD	0000000000000000000000000000000000000000000000000000000000000000	0	360	1270d111aefd03e3db0871226e9a70a406a5d9ecce031296308e9293d9588625
r2a_shapetrans_0926.img	TRIANGLE	171	31	50472	1	WITHHOLD	0000000000000000000000000000000000000000000000000000000000000000	0	472	fd2c47d3b12117081389c406a900c889667a27be51ca1dd0fb346fc9b6fe0666
r2a_shapetrans_0927.img	TRIANGLE	171	31	48141	1	WITHHOLD	0000000000000000000000000000000000000000000000000000000000000000	0	164	d6ba39ff3e03ad5fa8628b7dce855de4307972026212614d5663a0520fbd25f6
r2a_shapetrans_0928.img	TRIANGLE	102	31	51404	1	WITHHOLD	0000000000000000000000000000000000000000000000000000000000000000	1	323	5595c2e1238d3ca99cb9b09fb2b98c367c82676f8aee935dd5c71c56fcc25e3e
r2a_shapetrans_0929.img	TRIANGLE	171	31	49628	1	WITHHOLD	0000000000000000000000000000000000000000000000000000000000000000	0	332	ce8834fdcd7ba1170bec0a06e962887bb31c89bac4760975e839e022acaeba0d
r2a_shapetrans_0930.img	TRIANGLE	171	31	48913	1	WITHHOLD	0000000000000000000000000000000000000000000000000000000000000000	0	333	7ad2550210f01c86c2ee27d0409acfd7d5dbf2e268f5bff344ca98c866d421d8
r2a_shapetrans_0931.img	TRIANGLE	171	31	51011	1	WITHHOLD	0000000000000000000000000000000000000000000000000000000000000000	0	400	66603f5c673e3e315754f2d85a4bc827d1c922306db61225f4f6d98218b764ba
r2a_shapetrans_0932.img	TRIANGLE	171	31	50520	1	WITHHOLD	0000000000000000000000000000000000000000000000000000000000000000	0	464	556aa3af39722a6d065342df42ab34a290f15eb4c291333be424a2d12f4ea06c
r2a_shapetrans_0933.img	TRIANGLE	171	31	49865	1	WITHHOLD	0000000000000000000000000000000000000000000000000000000000000000	0	320	6311b822841f5d10ebbbb850cace3fcd22d182d7f8db8f196ffba8a8b577f773
r2a_shapetrans_0934.img	TRIANGLE	171	31	49127	1	WITHHOLD	0000000000000000000000000000000000000000000000000000000000000000	0	251	a8ffc4a0409c177480ce4a1fad8df2477460757c8884323f659e9ffde5754e01
r2a_shapetrans_0935.img	TRIANGLE	171	31	50040	1	WITHHOLD	0000000000000000000000000000000000000000000000000000000000000000	0	432	853512e9825b601dd86ff0ede165a099cbe905aba7486e26a8059314995f72e8
r2a_shapetrans_0936.img	TRIANGLE	171	31	48022	1	WITHHOLD	0000000000000000000000000000000000000000000000000000000000000000	0	582	c249d0f29ae8dad649e9532300cd6d4cee3101876d31f24c81852577b5b1524f
r2a_shapetrans_0937.img	TRIANGLE	171	31	50561	1	WITHHOLD	0000000000000000000000000000000000000000000000000000000000000000	0	360	7ef786d4fdb6ba3bff4ff5183315e02b6468815d8777d4b5953621a8d103eec0
r2a_shapetrans_0938.img	TRIANGLE	171	31	47751	1	WITHHOLD	0000000000000000000000000000000000000000000000000000000000000000	0	445	a0c67d94b04cca02c56888a464e7abd58dab301be8ce90d9873a84f655961a45
r2a_shapetrans_0939.img	TRIANGLE	171	31	49671	1	WITHHOLD	0000000000000000000000000000000000000000000000000000000000000000	0	484	3a09e1febeacce3b225617d6e36996c5363889ab5eef8be5b3fb658a23e46ba4
r2a_shapetrans_0940.img	TRIANGLE	171	31	50993	1	WITHHOLD	0000000000000000000000000000000000000000000000000000000000000000	0	166	6230859db79977e8f5518b4c6e77fc21bfee71c1310d30a155e0688ae463186a
r2a_shapetrans_0941.img	TRIANGLE	171	31	50655	1	WITHHOLD	0000000000000000000000000000000000000000000000000000000000000000	0	492	f81e07fd551a07e9926a715fbe6651d3441ce532220feaa68c4e1719b2f8ac63
r2a_shapetrans_0942.img	TRIANGLE	171	31	50323	1	WITHHOLD	0000000000000000000000000000000000000000000000000000000000000000	0	219	d7021bbe5cd9849496fa9eb31ccb546e9b87e2b21476711806d24bb71d6900c4
r2a_shapetrans_0943.img	TRIANGLE	171	31	50697	1	WITHHOLD	0000000000000000000000000000000000000000000000000000000000000000	0	442	e9f5c9fbb7c841dbf669f4df32d686de705dff669bd5028abd5d375d7c599bbf
r2a_shapetrans_0944.img	TRIANGLE	171	31	49412	1	WITHHOLD	0000000000000000000000000000000000000000000000000000000000000000	0	320	767cc8e05e38eae9e7592867dc47135cc05f0726db3ed7ad93f7d2b60eb11505
r2a_shapetrans_0945.img	SQUARE	171	31	49291	1	WITHHOLD	0000000000000000000000000000000000000000000000000000000000000000	0	651	a03d2adfe7f69ff2eb0742d92bc339102042ba0e22987fd489286df421bf70bb
r2a_shapetrans_0946.img	TRIANGLE	171	31	50181	1	WITHHOLD	0000000000000000000000000000000000000000000000000000000000000000	0	374	07fbdc1154e089365677f4b2b0d7b460d1e7877aaf0977e6aff76333264554a0
r2a_shapetrans_0947.img	TRIANGLE	171	31	48631	1	WITHHOLD	0000000000000000000000000000000000000000000000000000000000000000	0	330	f5665ba18250dd7164f5ee241b6559d10b8bce009afd6bac85d9200b10c9e494
r2a_shapetrans_0948.img	TRIANGLE	171	31	49225	1	WITHHOLD	0000000000000000000000000000000000000000000000000000000000000000	0	273	a1f949b854df90241a7681fc3c94a96775234af6cdabe1a702c401bd0d84d4df
r2a_shapetrans_0949.img	TRIANGLE	171	31	49455	1	WITHHOLD	0000000000000000000000000000000000000000000000000000000000000000	0	293	29920f4e8faf7cda11dfbd4b84c4e02cc398812c7b74b5e4e96a912a384a125e
r2a_shapetrans_0950.img	TRIANGLE	171	31	50939	1	WITHHOLD	0000000000000000000000000000000000000000000000000000000000000000	0	492	f08b6ce374672569cdd24872ee0e055c7577004e097e17ec9515b4b2f33cf70d
r2a_shapetrans_0951.img	TRIANGLE	171	31	50098	1	WITHHOLD	0000000000000000000000000000000000000000000000000000000000000000	0	232	ed6ad230b3ed55aaad5af81099da43cfd86a30222d84211c3929909c3826f711
r2a_shapetrans_0952.img	TRIANGLE	171	31	50487	1	WITHHOLD	0000000000000000000000000000000000000000000000000000000000000000	0	272	0eb0698a4aba38340579d0a76b747249dc6df8dc843e47dfba50812177551e81
r2a_shapetrans_0953.img	TRIANGLE	171	31	48884	1	WITHHOLD	0000000000000000000000000000000000000000000000000000000000000000	0	127	8078a56a708fa7f9a395ae13cb96781aaa85df2add44af3af0eb104206f078ab
r2a_shapetrans_0954.img	TRIANGLE	171	31	50465	1	WITHHOLD	0000000000000000000000000000000000000000000000000000000000000000	0	407	94096e48a5455f43f18a3882d00f1ad297c13cbe0206b5e68538cb31b95ae828
r2a_shapetrans_0955.img	TRIANGLE	102	31	50792	1	WITHHOLD	0000000000000000000000000000000000000000000000000000000000000000	1	239	88030b3c8ea3d85d610f0ec15da5fd3d4f5a99087e53e4d0dda75c5ce24468a2
r2a_shapetrans_0956.img	TRIANGLE	171	31	49807	1	WITHHOLD	0000000000000000000000000000000000000000000000000000000000000000	0	261	551980e30bd8984cd46cddfd5a0071171747d37fcb248d922cdb732292e7fe4b
r2a_shapetrans_0957.img	TRIANGLE	102	31	48237	1	WITHHOLD	0000000000000000000000000000000000000000000000000000000000000000	1	363	dca98f464ef121719363f92a3ada0c80025deb81f11c05dc55b55a7e6b780b13
r2a_shapetrans_0958.img	TRIANGLE	171	31	48508	1	WITHHOLD	0000000000000000000000000000000000000000000000000000000000000000	0	308	8b55793bc4ecb9b555df2175fb8b8c8250441e4f123c5083562f6967a6f9d1e8
r2a_shapetrans_0959.img	TRIANGLE	171	31	50123	1	WITHHOLD	0000000000000000000000000000000000000000000000000000000000000000	0	193	e07715a83712648ee171e276ee406475ae51f04c4fdadf9f0f7ababe02bb87ef
r2a_shapetrans_0960.img	TRIANGLE	171	31	50529	1	WITHHOLD	0000000000000000000000000000000000000000000000000000000000000000	0	432	bdd303184b75d8deb64b36713a7959e398b0624d40a055cf50d937444dc23aa8
r2a_shapetrans_0961.img	TRIANGLE	171	31	49403	1	WITHHOLD	0000000000000000000000000000000000000000000000000000000000000000	0	245	9f2e6e6576ca7b9e89983b682983ebf5582c81ab7b03ce7022fbbbcce2ef85da
r2a_shapetrans_0962.img	TRIANGLE	171	31	49541	1	WITHHOLD	0000000000000000000000000000000000000000000000000000000000000000	0	304	192e3e91c94eb6ac38f7ce26cc212454ac970d888a8a3bd32de81ff201cb831a
r2a_shapetrans_0963.img	TRIANGLE	102	31	50472	1	WITHHOLD	0000000000000000000000000000000000000000000000000000000000000000	1	548	ed1b7e7dceed04a1cf35bb35ca4199c6b69d7bf558d7148274185f2ded239797
r2a_shapetrans_0964.img	TRIANGLE	171	31	50482	1	WITHHOLD	0000000000000000000000000000000000000000000000000000000000000000	0	414	44ab4dbb63387ef342c213084acc67bf8c91a7db265808dd9035db635fab0bb2
r2a_shapetrans_0965.img	TRIANGLE	102	31	50155	1	WITHHOLD	0000000000000000000000000000000000000000000000000000000000000000	1	247	f8ea4feaad163413dea9b09ca37fd714ed23cbc2c6438cb45c20360c4fe5ff4f
r2a_shapetrans_0966.img	TRIANGLE	171	31	49447	1	WITHHOLD	0000000000000000000000000000000000000000000000000000000000000000	0	523	7d919fca3cdca8a1f6b32324f63f510fbfb223999f1707e83d4c27ad2b38f98b
r2a_shapetrans_0967.img	TRIANGLE	171	31	49040	1	WITHHOLD	0000000000000000000000000000000000000000000000000000000000000000	0	184	c066ad3a37d9b8ca1762c02164d19749cc53aa0a0394d5766db2e3296a342a63
r2a_shapetrans_0968.img	TRIANGLE	102	31	50736	1	WITHHOLD	0000000000000000000000000000000000000000000000000000000000000000	1	298	a854dd44a57a1374fb613cbef173c7a6500c1a20076f5bced4b6033ef4081582
r2a_shapetrans_0969.img	TRIANGLE	171	31	49742	1	WITHHOLD	0000000000000000000000000000000000000000000000000000000000000000	0	384	9ce74b7239782c7b3b3653d23308b5fd83b40e10f43ee03fa2b4c4e89d543939
r2a_shapetrans_0970.img	TRIANGLE	102	31	51156	1	WITHHOLD	0000000000000000000000000000000000000000000000000000000000000000	1	371	82730c2e15fc26d1d91a0dee0a27d96c9c396f1dc1be3f5eaf25288a0527aa52
r2a_shapetrans_0971.img	TRIANGLE	171	31	50019	1	WITHHOLD	0000000000000000000000000000000000000000000000000000000000000000	0	449	8233c0709e0825bb5000888630dcf39d9bc9504adf3ad06c64f16d547e2c7468
r2a_shapetrans_0972.img	CIRCLE	572	201	47737	1	WITHHOLD	0000000000000000000000000000000000000000000000000000000000000000	0	919	ba7846174e0383dfa4df9077913897fb628d948c4d603fe3ee560b9856e4f5ce
r2a_shapetrans_0973.img	TRIANGLE	171	31	49587	1	WITHHOLD	0000000000000000000000000000000000000000000000000000000000000000	0	274	02f27a1f5b6534a053be846bb7e925dfd4ca17bf8e89bebaa6edbbf481c8322b
r2a_shapetrans_0974.img	TRIANGLE	102	31	51309	1	WITHHOLD	0000000000000000000000000000000000000000000000000000000000000000	1	249	cdd2221e5bff394ad70589b4a610c91db214f7dc80942ffc2934ac9ded4c82b5
r2a_shapetrans_0975.img	TRIANGLE	171	31	51000	1	WITHHOLD	0000000000000000000000000000000000000000000000000000000000000000	0	268	c367525e8ccbad41fbc74368b2e655bcb4cfbe7fc846bd13fbccec81b8acf9b3
r2a_shapetrans_0976.img	TRIANGLE	171	31	48625	1	WITHHOLD	0000000000000000000000000000000000000000000000000000000000000000	0	132	520ed7b0d288f26004dab696ad72773d995287e961215842ff67b6d697668829
r2a_shapetrans_0977.img	TRIANGLE	171	31	51022	1	WITHHOLD	0000000000000000000000000000000000000000000000000000000000000000	0	331	09376298d887317d75f66aab8f84238ae2646543f0ad5e8135637b8cdc76e6e5
r2a_shapetrans_0978.img	TRIANGLE	171	31	50513	1	WITHHOLD	0000000000000000000000000000000000000000000000000000000000000000	0	351	e8c72cc20515b35f126ec938ce5c62d55c4690783116006a913baff3b33851ce
r2a_shapetrans_0979.img	TRIANGLE	171	31	48385	1	WITHHOLD	0000000000000000000000000000000000000000000000000000000000000000	0	568	619ea5553246504d5335ab8cdd06ab41e6c8c0e0d8556b652f027f3358a5e345
r2a_shapetrans_0980.img	TRIANGLE	171	31	49007	1	WITHHOLD	0000000000000000000000000000000000000000000000000000000000000000	0	229	2b60c22baf377f3d01deff9196409112aab7bc87104fa4b867e902d55f3788dd
r2a_shapetrans_0981.img	TRIANGLE	171	31	50101	1	WITHHOLD	0000000000000000000000000000000000000000000000000000000000000000	0	171	91e2e34a9c023c79687003a57509fb59df07da6f7ade417d27358c5fde8e6075
r2a_shapetrans_0982.img	TRIANGLE	171	31	50206	1	WITHHOLD	0000000000000000000000000000000000000000000000000000000000000000	0	556	2dce1354076e465388d977b40db9b8faed8564150fbaac2403e3f48bf79922d1
r2a_shapetrans_0983.img	TRIANGLE	102	31	51980	1	WITHHOLD	0000000000000000000000000000000000000000000000000000000000000000	1	476	3d4e2f79e184773dc5d2df9fc144b6c481d5080ce4da64576e56402dcd46b668
r2a_shapetrans_0984.img	TRIANGLE	171	31	49239	1	WITHHOLD	0000000000000000000000000000000000000000000000000000000000000000	0	154	4ea7d31e074890fb3f688d2a49f80d798d97a9bd863cb821e095c9e275f68782
r2a_shapetrans_0985.img	TRIANGLE	171	31	50644	1	WITHHOLD	0000000000000000000000000000000000000000000000000000000000000000	0	278	440af21d11533f9c111816741667922e7ba4bc567087b59f9b12de30b6f29c31
r2a_shapetrans_0986.img	TRIANGLE	171	31	50605	1	WITHHOLD	0000000000000000000000000000000000000000000000000000000000000000	0	489	128c7e32f06e8006d93196df2b245b76a20f77c24e0f3e205f1f7a61d2641d34
r2a_shapetrans_0987.img	TRIANGLE	171	31	49901	1	WITHHOLD	0000000000000000000000000000000000000000000000000000000000000000	0	418	4239656a535e86810f87a0957f4b9fe70d0e095c77763212605007a2329843ec
r2a_shapetrans_0988.img	TRIANGLE	102	31	51078	1	WITHHOLD	0000000000000000000000000000000000000000000000000000000000000000	1	474	920321a4515ab76d7765fe00d39b835e584a4a826c9b1a0ae4500b60d7792681
r2a_shapetrans_0989.img	TRIANGLE	171	31	49095	1	WITHHOLD	0000000000000000000000000000000000000000000000000000000000000000	0	315	2d8a8c6f9afbef943be421f57065a2648aaac418c51c60348acd05126ba1297d
r2a_shapetrans_0990.img	TRIANGLE	171	31	48379	1	WITHHOLD	0000000000000000000000000000000000000000000000000000000000000000	0	344	f4ffa1539289b1c70718263ce5fbeb3e26aea5b28d084f714cde014a6c4be86c
r2a_shapetrans_0991.img	SQUARE	162	29	48009	1	WITHHOLD	0000000000000000000000000000000000000000000000000000000000000000	0	636	61edd8533556decc987ae56e79a988aa65e30e68848507922989ee97fa63ee09
r2a_shapetrans_0992.img	TRIANGLE	171	31	49352	1	WITHHOLD	0000000000000000000000000000000000000000000000000000000000000000	0	358	f0e9d78577ea67d4ed1c933e931d6d8f527d287a310145c9ed705e3f9ce11a50
r2a_shapetrans_0993.img	TRIANGLE	171	31	47207	1	WITHHOLD	0000000000000000000000000000000000000000000000000000000000000000	0	448	d6d9b6cbd34093dffc3d53777ab5471b021d9169b36289c67af5c9e8d510ad5f
r2a_shapetrans_0994.img	TRIANGLE	171	31	50553	1	WITHHOLD	0000000000000000000000000000000000000000000000000000000000000000	0	320	829f2aea38a1c31875439cd543989c12436d2d0a6f1087a4327f4565aebd7b7b
r2a_shapetrans_0995.img	TRIANGLE	171	31	49614	1	WITHHOLD	0000000000000000000000000000000000000000000000000000000000000000	0	400	520d8c44973f8a6d8b3cf50fa4738d510edabd89d990a0abbf9fa17fddc2abae
r2a_shapetrans_0996.img	TRIANGLE	171	31	50604	1	WITHHOLD	0000000000000000000000000000000000000000000000000000000000000000	0	225	e68453eedb3e5e43e21feaa47bc020c98ee9e8d1825adf7559e2d67318cb14cf
r2a_shapetrans_0997.img	TRIANGLE	102	31	49499	1	WITHHOLD	0000000000000000000000000000000000000000000000000000000000000000	1	131	7b0e7d52de10baca0b0b0efaab3681eafdbe091b7b584e21bdb569e4c839e381
r2a_shapetrans_0998.img	TRIANGLE	171	31	51019	1	WITHHOLD	0000000000000000000000000000000000000000000000000000000000000000	0	338	75777cf204d62d41e49a94dc51d01145c79e4e1cd1b3520645c97b2300a34af3
r2a_shapetrans_0999.img	TRIANGLE	171	31	50647	1	WITHHOLD	0000000000000000000000000000000000000000000000000000000000000000	0	445	ab20226777a5b14f477f2316adbffa53539341dcb72901f87be6d6e92f6ac0a3
r2a_shapetrans_1000.img	TRIANGLE	171	31	50765	1	WITHHOLD	0000000000000000000000000000000000000000000000000000000000000000	0	403	e644e1a1877677c32b138a1a0c9b470e04691d5e6ed5107f96c5e2bc51e895d3
r2a_shapetrans_1001.img	TRIANGLE	171	31	51036	1	WITHHOLD	0000000000000000000000000000000000000000000000000000000000000000	0	229	f2ec24686a3346d1aa5b67f995563e59fb5db20893518bce4c3f6814199e2803
r2a_shapetrans_1002.img	TRIANGLE	171	31	51039	1	WITHHOLD	0000000000000000000000000000000000000000000000000000000000000000	0	261	35a3b1ad1e11759b666f8fad72dc98a5ee491af131fb00857e3db88594d59105
r2a_shapetrans_1003.img	SQUARE	56	9	48528	1	WITHHOLD	0000000000000000000000000000000000000000000000000000000000000000	0	626	e7d2ce92a7e94a095f1a3c3978025f8e416e686843b7999111183d2ee1f870c3
r2a_shapetrans_1004.img	TRIANGLE	171	31	50902	1	WITHHOLD	0000000000000000000000000000000000000000000000000000000000000000	0	401	572565dacffcb7972ab9baa119dbe8e8b67bf3cabd08611db85c09144a0eb4a5
r2a_shapetrans_1005.img	TRIANGLE	102	31	50528	1	WITHHOLD	0000000000000000000000000000000000000000000000000000000000000000	1	182	68af62143e70f03eef5e187fdce3b22082534cd6ffaa7630d5c7502c91ac0e6b
r2a_shapetrans_1006.img	TRIANGLE	171	31	50760	1	WITHHOLD	0000000000000000000000000000000000000000000000000000000000000000	0	187	4e4c9fa105cdab156de3188dfe97679ae1a1f4190b5937d7e1f0ebae5ad64546
r2a_shapetrans_1007.img	TRIANGLE	171	31	50121	1	WITHHOLD	0000000000000000000000000000000000000000000000000000000000000000	0	295	8faf456d47854ef4d2fb4a9f18f3bab3da2893b919f96cd07fe02e9673e03edd
r2a_shapetrans_1008.img	TRIANGLE	171	31	49884	1	WITHHOLD	0000000000000000000000000000000000000000000000000000000000000000	0	318	339155733b841671f86583941cc19c4d4920f63c52bdf2a8595ca3ec3140fef2
r2a_shapetrans_1009.img	TRIANGLE	171	31	51038	1	WITHHOLD	0000000000000000000000000000000000000000000000000000000000000000	0	278	0d03d01484000a5d8579c50fd93d592a4b715925fc0606d82c5fb8c2650e6e72
r2a_shapetrans_1010.img	TRIANGLE	102	31	49573	1	WITHHOLD	0000000000000000000000000000000000000000000000000000000000000000	1	350	44e841a80bff8fd11437022bc85fd52fc329be125b15df708d4fe7a8ffd39ecf
r2a_shapetrans_1011.img	TRIANGLE	171	31	48666	1	WITHHOLD	0000000000000000000000000000000000000000000000000000000000000000	0	278	455affc6153d8e83c6aabfa0f91e94c6dd11b8e3103fac766e2250eb8dfb9c48
r2a_shapetrans_1012.img	TRIANGLE	171	31	48912	1	WITHHOLD	0000000000000000000000000000000000000000000000000000000000000000	0	220	8a5a5ca97bdf22a08b9896e5c3619314ef994f71e5b452b2915a36200c1e6cef
r2a_shapetrans_1013.img	TRIANGLE	171	31	50412	1	WITHHOLD	0000000000000000000000000000000000000000000000000000000000000000	0	301	7422ddda62199033e5d8649f7281656034ab44819c002159483d0130333cf1c5
r2a_shapetrans_1014.img	TRIANGLE	102	31	50647	1	WITHHOLD	0000000000000000000000000000000000000000000000000000000000000000	1	349	ec8077746ffce6780b36229877a922d601a94175201d1d52be31c5066ed558e3
r2a_shapetrans_1015.img	TRIANGLE	171	31	50446	1	WITHHOLD	0000000000000000000000000000000000000000000000000000000000000000	0	549	addf957d6a17365f84cf6506a88938995aa590cb3be0dfb29698fe27a56f7775
r2a_shapetrans_1016.img	TRIANGLE	171	31	49296	1	WITHHOLD	0000000000000000000000000000000000000000000000000000000000000000	0	167	a60ec3509a856a0fa32b3a2bb7a1ef71d773f8a6e4ca2b30eec9de43c1f0846f
r2a_shapetrans_1017.img	TRIANGLE	171	31	50186	1	WITHHOLD	0000000000000000000000000000000000000000000000000000000000000000	0	371	0ec9fd305eb6e5a52dd0a0742af36aceeef1f595046c56020ffeb8e3882408ed
r2a_shapetrans_1018.img	TRIANGLE	171	31	50544	1	WITHHOLD	0000000000000000000000000000000000000000000000000000000000000000	0	209	1ee4a22bd5706a8b3e119aec9b4720d4560c8c5b8b7467afed75e0c5cb467328
r2a_shapetrans_1019.img	TRIANGLE	171	31	50552	1	WITHHOLD	0000000000000000000000000000000000000000000000000000000000000000	0	466	28e8b88fa50b13c54e68d2dc0563d5475d97e5a796fc8bed3d154a7946c3530f
r2a_shapetrans_1020.img	TRIANGLE	171	31	47733	1	WITHHOLD	0000000000000000000000000000000000000000000000000000000000000000	0	213	bc77775aa34e08c2cd174e1eb7c08c3ecb4dc431ef7ffcc5d30ad81bd5ad1f6b
r2a_shapetrans_1021.img	TRIANGLE	171	31	47975	1	WITHHOLD	0000000000000000000000000000000000000000000000000000000000000000	0	360	1dc05006b91b56fe098f095a69c99310dedad27a9de322deaf779d895d745802
r2a_shapetrans_1022.img	TRIANGLE	102	31	50634	1	WITHHOLD	0000000000000000000000000000000000000000000000000000000000000000	1	244	3745796b83b4039d6c5a42f6396a284402ce4b8094f7d7e81b1aa15909354ca0
r2a_shapetrans_1023.img	TRIANGLE	171	31	50711	1	WITHHOLD	0000000000000000000000000000000000000000000000000000000000000000	0	329	e92a1f747d885bc89f8e465d56e867df1e5f8697e167953cdbea1df40c5fd2d6
r2a_shapetrans_1024.img	TRIANGLE	171	31	49692	1	WITHHOLD	0000000000000000000000000000000000000000000000000000000000000000	0	230	f0152a5e4b83c579fe8dbf31e28085181f5c5f28bcc42c598192de3724e52603
r2a_shapetrans_1025.img	TRIANGLE	171	31	48766	1	WITHHOLD	0000000000000000000000000000000000000000000000000000000000000000	0	270	5ac4baeff68f0ad088c28c423fe49f14961122730a1abbe1ea5d907b7b11b5f4
r2a_shapetrans_1026.img	TRIANGLE	102	31	49525	1	WITHHOLD	0000000000000000000000000000000000000000000000000000000000000000	1	244	78d46ad5edaf6054d84618cfd8595fa488524a67351af30daeca869cbe685c16
r2a_shapetrans_1027.img	TRIANGLE	171	31	51033	1	WITHHOLD	0000000000000000000000000000000000000000000000000000000000000000	0	201	38934ac9673f3001cedbef6fa11d6bc6003a0c39cf5841ff6b10dc76ba6037fb
r2a_shapetrans_1028.img	TRIANGLE	171	31	48530	1	WITHHOLD	0000000000000000000000000000000000000000000000000000000000000000	0	249	c5d8c077f9ff73514523b10282cc70974e5256f8af428a33c4a8a4ada0332336
r2a_shapetrans_1029.img	TRIANGLE	102	31	49749	1	WITHHOLD	0000000000000000000000000000000000000000000000000000000000000000	1	153	9c34cce1f5497758b754959101b205e30ab303e2511ee82ed7d0c89e093b7dce
r2a_shapetrans_1030.img	TRIANGLE	171	31	49851	1	WITHHOLD	0000000000000000000000000000000000000000000000000000000000000000	0	255	358f4025f7b86b16d11dd4134a47c6ee0f357fd197c5140d5d7854df6d32e52b
r2a_shapetrans_1031.img	TRIANGLE	171	31	50429	1	WITHHOLD	0000000000000000000000000000000000000000000000000000000000000000	0	335	6f356d016cf49857fe65d221485237ecb4d8b2f1ca5253df93b01220482f7465
r2a_shapetrans_1032.img	TRIANGLE	171	31	47920	1	WITHHOLD	0000000000000000000000000000000000000000000000000000000000000000	0	455	7ebc6905ac61c691c384e4da8afd6d4884c22c3252c8bf9dcd86bda5e894317e
r2a_shapetrans_1033.img	CIRCLE	292	143	49250	1	WITHHOLD	0000000000000000000000000000000000000000000000000000000000000000	1	890	2a49c5ea0e4b213e403f5d503f86783f2c9d098920cbee6aefa812a7a55b7193
r2a_shapetrans_1034.img	TRIANGLE	102	31	49215	1	WITHHOLD	0000000000000000000000000000000000000000000000000000000000000000	1	287	a26755124d296a984fcecc90be57c558f37cb2bf727d98c32f0b496e07ee7380
r2a_shapetrans_1035.img	TRIANGLE	171	31	48153	1	WITHHOLD	0000000000000000000000000000000000000000000000000000000000000000	0	195	9cf47ee7d30197c92369609a404f956efb9a2c42bff5e1e083e8070f729bb61a
r2a_shapetrans_1036.img	TRIANGLE	102	31	51391	1	WITHHOLD	0000000000000000000000000000000000000000000000000000000000000000	1	258	6bdab0cbfc8c8d18a4a2533f0df7b2691095a8c3c702a3f371543a35ee8cf064
r2a_shapetrans_1037.img	TRIANGLE	102	31	52371	1	WITHHOLD	0000000000000000000000000000000000000000000000000000000000000000	1	352	eb0b8fb156bbb5aa0abe0d93f5503aa7cc3f6459e330708fe0094fa5360a9f21
r2a_shapetrans_1038.img	TRIANGLE	171	31	50966	1	WITHHOLD	0000000000000000000000000000000000000000000000000000000000000000	0	454	538dc0a1812b3e6c300d5b34d503cb72f90ffce11e5a84b848bb74167e7c139d
r2a_shapetrans_1039.img	TRIANGLE	171	31	50291	1	WITHHOLD	0000000000000000000000000000000000000000000000000000000000000000	0	242	b17e05ccca17ba3e1ff647b50efeaf46d8c098dd049bd71dcb255f2fbd436904
r2a_shapetrans_1040.img	TRIANGLE	171	31	50021	1	WITHHOLD	0000000000000000000000000000000000000000000000000000000000000000	0	354	e68071f211e0a7e1ecb76c0e88fbb194d63e105f75441e9bf55e6fc1c1f3eef6
r2a_shapetrans_1041.img	TRIANGLE	171	31	49984	1	WITHHOLD	0000000000000000000000000000000000000000000000000000000000000000	0	390	801ee5298f7fe9bf9cfc3ffdeef905baef1cf0ccf2c533017d4800f7d085264b
r2a_shapetrans_1042.img	TRIANGLE	171	31	50974	1	WITHHOLD	0000000000000000000000000000000000000000000000000000000000000000	0	405	c4b87609da80083a78b8834739344cff657527784261aaa7be24ea14a1899061
r2a_shapetrans_1043.img	TRIANGLE	171	31	50480	1	WITHHOLD	0000000000000000000000000000000000000000000000000000000000000000	0	404	d328afc275a3a3573013ed1a474ce67da10d09c4bfc7e5ddf783845327e0240c
r2a_shapetrans_1044.img	TRIANGLE	102	31	51488	1	WITHHOLD	0000000000000000000000000000000000000000000000000000000000000000	1	365	e2bee505341232a090e4f90da08ef72684e0b45f1f57786edf8a18c12347f7d9
r2a_shapetrans_1045.img	TRIANGLE	171	31	51016	1	WITHHOLD	0000000000000000000000000000000000000000000000000000000000000000	0	413	447061f733c76d401a60b28cf3438fbabff488f7ac7a95263043a2eba069be5a
r2a_shapetrans_1046.img	TRIANGLE	102	31	51944	1	WITHHOLD	0000000000000000000000000000000000000000000000000000000000000000	1	375	b2e9f5aae7fc44f03891ee0f243d65d3b32f680b6e102fa02376d1778d6f7b7c
r2a_shapetrans_1047.img	TRIANGLE	171	31	49941	1	WITHHOLD	0000000000000000000000000000000000000000000000000000000000000000	0	240	1fdc748de86e8c243835dab224c2260fd90acffb0428693f83facb9c00f3332a
r2a_shapetrans_1048.img	TRIANGLE	171	31	50003	1	WITHHOLD	0000000000000000000000000000000000000000000000000000000000000000	0	354	dd0ec4a0c5dfe2cd5489a4e268c6f0ba6345edcc0eb291eb81b3b16eeb8cffa1
r2a_shapetrans_1049.img	TRIANGLE	171	31	48463	1	WITHHOLD	0000000000000000000000000000000000000000000000000000000000000000	0	185	03629350e2b2411389f02db0957849f7211bac6842a3c16686b7a7f7af5d4d4c
r2a_shapetrans_1050.img	TRIANGLE	171	31	48491	1	WITHHOLD	0000000000000000000000000000000000000000000000000000000000000000	0	326	3f0f53e448e10e5c2ca5e3b10e4383e9f44c1d74d3e4eb4fff12f9db3218c8a8
r2a_shapetrans_1051.img	TRIANGLE	171	31	49362	1	WITHHOLD	0000000000000000000000000000000000000000000000000000000000000000	0	202	459da798c78a8e9dfcd1f6e0aff7b757ef3155c1a2cb8d36ab93a63855d224ce
r2a_shapetrans_1052.img	TRIANGLE	171	31	50191	1	WITHHOLD	0000000000000000000000000000000000000000000000000000000000000000	0	379	9010ebb352ec7f113ae4fbfab5472a52cff22f0afa93f964a2eabb2f4a9ec48e
r2a_shapetrans_1053.img	TRIANGLE	171	31	50206	1	WITHHOLD	0000000000000000000000000000000000000000000000000000000000000000	0	356	55db11252ded3e5db3af97b11e4ed1cf1ceaaeffe26f2d26dcfa39b06669a65b
r2a_shapetrans_1054.img	TRIANGLE	171	31	48227	1	WITHHOLD	0000000000000000000000000000000000000000000000000000000000000000	0	155	7d38798bc933ad09675d8158423aed7fb7fb74c4ffb21945cddda29f7abcd390
r2a_shapetrans_1055.img	TRIANGLE	171	31	50358	1	WITHHOLD	0000000000000000000000000000000000000000000000000000000000000000	0	349	d0dc6b977a21433c5fec74b4d09ec4638ea4ac727f67a55189ab5c565c2c8ed1
r2a_shapetrans_1056.img	TRIANGLE	171	31	51030	1	WITHHOLD	0000000000000000000000000000000000000000000000000000000000000000	0	220	e6669eaf5fe37dbd7c8b7ec5123a3a389b9bff916a48b9109c16bac53d48c5a8
r2a_shapetrans_1057.img	TRIANGLE	171	31	49827	1	WITHHOLD	0000000000000000000000000000000000000000000000000000000000000000	0	440	7ba53c8cb22c927c622738f3d3ded04d7a8ecc02bf4b451b199a277367217d6a
r2a_shapetrans_1058.img	TRIANGLE	171	31	49434	1	WITHHOLD	0000000000000000000000000000000000000000000000000000000000000000	0	370	b4204d9143969a4d28112f038b40d3fb5a5d642c10c240c3068b0a380605cc4d
r2a_shapetrans_1059.img	TRIANGLE	102	31	49983	1	WITHHOLD	0000000000000000000000000000000000000000000000000000000000000000	1	372	bafb22fc6c6c4cfbe635d6a514f496359c9019d5adc12a0ee8b1ef23f920330f
r2a_shapetrans_1060.img	TRIANGLE	171	31	49543	1	WITHHOLD	0000000000000000000000000000000000000000000000000000000000000000	0	349	6ef7bb4a30234dc2c2f21a9490d0286478622fce3cd7f05a693d4798b85e2e22
r2a_shapetrans_1061.img	TRIANGLE	171	31	49537	1	WITHHOLD	0000000000000000000000000000000000000000000000000000000000000000	0	214	77cdbb3733d1f354af5eb40ae6fd77704967ef86178d7f68f1554bb950b36d5a
r2a_shapetrans_1062.img	TRIANGLE	171	31	49537	1	WITHHOLD	0000000000000000000000000000000000000000000000000000000000000000	0	386	17bc19cf485471e4f472acb3069140c78d0900551c9530d49f01cf5270328cd3
r2a_shapetrans_1063.img	TRIANGLE	171	31	50403	1	WITHHOLD	0000000000000000000000000000000000000000000000000000000000000000	0	408	b129f3b01e5e1c8fd7e16aca25c59c01ad02bee4a659b6af36fc3218ef46e73e
r2a_shapetrans_1064.img	TRIANGLE	171	31	50286	1	WITHHOLD	0000000000000000000000000000000000000000000000000000000000000000	0	223	029cbf029e341ed650fda4093025e5605b9e3d2abbb8eecd6135b75251aaac7a
r2a_shapetrans_1065.img	TRIANGLE	171	31	48897	1	WITHHOLD	0000000000000000000000000000000000000000000000000000000000000000	0	304	71ce7567a5015d8a52233ca7a350ee571be14b6fd970beac9aadc948f8099ed8
r2a_shapetrans_1066.img	TRIANGLE	171	31	49593	1	WITHHOLD	0000000000000000000000000000000000000000000000000000000000000000	0	392	be01e059bd2f3b39156c98cb6d0cf3bc594710ee7c9e8655d9756097bd150b9a
r2a_shapetrans_1067.img	TRIANGLE	171	31	50127	1	WITHHOLD	0000000000000000000000000000000000000000000000000000000000000000	0	259	18a41e3fbd1b71f172ef204ceace1656c82e08ec96f9040103194f8b2b6238b1
r2a_shapetrans_1068.img	TRIANGLE	171	31	50663	1	WITHHOLD	0000000000000000000000000000000000000000000000000000000000000000	0	234	418ec75814b4027fc935fb477dbd6c36c43690b21e9db63ad46f62271a8f38ec
r2a_shapetrans_1069.img	TRIANGLE	171	31	50908	1	WITHHOLD	0000000000000000000000000000000000000000000000000000000000000000	0	377	a863b7ca6c11fb96b81b9789090c41f235e498472eeaf8a3760ae5858da3bfcf
r2a_shapetrans_1070.img	TRIANGLE	171	31	50116	1	WITHHOLD	0000000000000000000000000000000000000000000000000000000000000000	0	299	7f68e0dbe2fe0df4f06f85091c6e6ea561ac6e734181067cff3c29048a5a491d
r2a_shapetrans_1071.img	TRIANGLE	171	31	48234	1	WITHHOLD	0000000000000000000000000000000000000000000000000000000000000000	0	138	a53366a5601b69b2bc965057c65f058545b87bd8a1666b5bc5d36448ceda32e3
r2a_shapetrans_1072.img	TRIANGLE	171	31	49640	1	WITHHOLD	0000000000000000000000000000000000000000000000000000000000000000	0	199	50d5e17a9cc465b41c6eec8c6b86af7f96bfa056e6da1aebd94064dd4369c583
r2a_shapetrans_1073.img	TRIANGLE	171	31	50741	1	WITHHOLD	0000000000000000000000000000000000000000000000000000000000000000	0	169	7371fe7c266c0a304e84b374e600c9ca1808ae40ce62ce35be69e2d696cbed18
r2a_shapetrans_1074.img	TRIANGLE	102	31	50697	1	WITHHOLD	0000000000000000000000000000000000000000000000000000000000000000	1	530	0aec67cd629c67dcbc5cbd1a5c8227b159b144f29050e4f0b785fb1f34c65d6e
r2a_shapetrans_1075.img	TRIANGLE	171	31	49518	1	WITHHOLD	0000000000000000000000000000000000000000000000000000000000000000	0	365	0d02a1e8574208678575316cc575385bae70242ce2ba9b8ada6e809f995b265f
r2a_shapetrans_1076.img	TRIANGLE	171	31	50421	1	WITHHOLD	0000000000000000000000000000000000000000000000000000000000000000	0	323	d529f929f85f752a4cdcde1a8f817a3b2df0cebe4fa840b27f806d8ca66b12f8
r2a_shapetrans_1077.img	TRIANGLE	171	31	48143	1	WITHHOLD	0000000000000000000000000000000000000000000000000000000000000000	0	166	fd32f4922586b24ec3a701c7fb2ae27e7e4f51858e3cc064b90109d1015d5f03
r2a_shapetrans_1078.img	TRIANGLE	102	31	51528	1	WITHHOLD	0000000000000000000000000000000000000000000000000000000000000000	1	287	e00d75154b7a8ef9a6179f603750768782cc8a2aa4ed73e3c4812e8cae1711a5
r2a_shapetrans_1079.img	TRIANGLE	171	31	49694	1	WITHHOLD	0000000000000000000000000000000000000000000000000000000000000000	0	452	a1ae599ef05d7b6b17309d34bb70031a30d825c1b2aa38bf2ada121a58477a4a
r2a_shapetrans_1080.img	TRIANGLE	171	31	51014	1	WITHHOLD	0000000000000000000000000000000000000000000000000000000000000000	0	380	ce45137592e2771ebe2e0d480df9661bedab312e6f00a4e0e214378a310cbb5d
r2a_shapetrans_1081.img	TRIANGLE	171	31	50365	1	WITHHOLD	0000000000000000000000000000000000000000000000000000000000000000	0	144	edbac6038d9d7877ad3ffd3ce16706ffb8003ab8cf1795e4f31ebc7ff8bf61dc
r2a_shapetrans_1082.img	TRIANGLE	171	31	50019	1	WITHHOLD	0000000000000000000000000000000000000000000000000000000000000000	0	316	34ada689b7ad363a5e48c89327e5a5ea75b868ab0d05086951b539e13bb1a6b6
r2a_shapetrans_1083.img	TRIANGLE	102	31	49884	1	WITHHOLD	0000000000000000000000000000000000000000000000000000000000000000	1	435	5b4d2a3016f94e6659b25c0e605721db3e7082aaf5844110a84263b35341eb39
r2a_shapetrans_1084.img	TRIANGLE	102	31	51851	1	WITHHOLD	0000000000000000000000000000000000000000000000000000000000000000	1	226	2fc3b0ad5dccd1e2ef6c2148bd9922a23a63909ee72f6500b476dea4d759e207
r2a_shapetrans_1085.img	TRIANGLE	171	31	50476	1	WITHHOLD	0000000000000000000000000000000000000000000000000000000000000000	0	290	81aef645a0f1796e4cffc7626896cef3cc5e657135a058c509cd99ae84af7b43
r2a_shapetrans_1086.img	TRIANGLE	102	31	51274	1	WITHHOLD	0000000000000000000000000000000000000000000000000000000000000000	1	405	354da7145ea56cced3291876ccc45d15a31c280bd3dded04a47e56a42c9538d1
r2a_shapetrans_1087.img	TRIANGLE	102	31	50806	1	WITHHOLD	0000000000000000000000000000000000000000000000000000000000000000	1	277	597b1486b3bf22fc811dc23a1c0c6d9a20005f72124b05a78461f996a56f7881
r2a_shapetrans_1088.img	TRIANGLE	171	31	50181	1	WITHHOLD	0000000000000000000000000000000000000000000000000000000000000000	0	305	40126582cdd7d7b0d1d43b84bc425c6020152a69eaa6971ea4f4110e15eeaa30
r2a_shapetrans_1089.img	TRIANGLE	171	31	50006	1	WITHHOLD	0000000000000000000000000000000000000000000000000000000000000000	0	306	570a694a4283828569b32ad03d197d076fabb77d3e9b963359a01b0ca0698362
r2a_shapetrans_1090.img	TRIANGLE	102	31	51476	1	WITHHOLD	0000000000000000000000000000000000000000000000000000000000000000	1	348	125956cb108133ea05bf96cf080e7a64a01eed784c89b23eff7c1ef34baa8699
r2a_shapetrans_1091.img	TRIANGLE	171	31	51015	1	WITHHOLD	0000000000000000000000000000000000000000000000000000000000000000	0	288	dcd2abb4936ff585ba0e4b192e22c4d4faa1eb4d6bb632f3c884f627fa77a892
r2a_shapetrans_1092.img	TRIANGLE	171	31	49340	1	WITHHOLD	0000000000000000000000000000000000000000000000000000000000000000	0	458	5ef106528f74e40f2a9f90b58c8e87f8a58ee71e17c08618ec213640a1e75ea4
r2a_shapetrans_1093.img	TRIANGLE	171	31	48792	1	WITHHOLD	0000000000000000000000000000000000000000000000000000000000000000	0	253	0ccc84fa06733b9aca791635cd4970047dbf097183330dfa37ab796b85bac799
r2a_shapetrans_1094.img	TRIANGLE	102	31	51652	1	WITHHOLD	0000000000000000000000000000000000000000000000000000000000000000	1	331	95e6c035deb9de1994de4d34a594ab4c015c0a69eb54abdfd094700f6cde9bca
r2a_shapetrans_1095.img	TRIANGLE	171	31	50202	1	WITHHOLD	0000000000000000000000000000000000000000000000000000000000000000	0	302	ed34fb6065dc24c3fa8ae52cf496cd0857f09213ff0b4a6cf6e56512332826be
r2a_shapetrans_1096.img	TRIANGLE	102	31	50366	1	WITHHOLD	0000000000000000000000000000000000000000000000000000000000000000	1	202	a50401528e3d686a162da5937b52eb38f27603f6891789960e0e2c601ef22b9a
r2a_shapetrans_1097.img	TRIANGLE	171	31	50227	1	WITHHOLD	0000000000000000000000000000000000000000000000000000000000000000	0	355	45b6e0d4d90fb2b9d59591677fa57516c06b527ed500fcf31348cce7e16c569d
r2a_shapetrans_1098.img	TRIANGLE	171	31	50153	1	WITHHOLD	0000000000000000000000000000000000000000000000000000000000000000	0	192	259350a8ae18f6878d4dee42c271f2c90675f95896c6d0a6c70ad7aff271b822
r2a_shapetrans_1099.img	TRIANGLE	171	31	49886	1	WITHHOLD	0000000000000000000000000000000000000000000000000000000000000000	0	270	81d388bc5bf3e477d95590128d0dc3c690d88d860d5b8a2663df45a4e20d57a4
r2a_shapetrans_1100.img	TRIANGLE	102	31	53051	1	WITHHOLD	0000000000000000000000000000000000000000000000000000000000000000	1	459	ade99fe0d4851eec1a75e4ea3c8b793d987c5daf77de6344a55dfcd9bd4a0bd7
r2a_shapetrans_1101.img	TRIANGLE	171	31	49996	1	WITHHOLD	0000000000000000000000000000000000000000000000000000000000000000	0	505	d0b574a0dfcf3ace331f9695c4b0771be7bc5cb2978ddf6486f1a9977cd5ec1a
r2a_shapetrans_1102.img	TRIANGLE	171	31	50694	1	WITHHOLD	0000000000000000000000000000000000000000000000000000000000000000	0	316	c90df644b89f1dd50fb2f4dab124f870f65ac333f951894836d05a7e1ca766c1
r2a_shapetrans_1103.img	TRIANGLE	171	31	50259	1	WITHHOLD	0000000000000000000000000000000000000000000000000000000000000000	0	338	940d202db3c4fb20571d9112f6f8bc7f672c54952774f4428a8cd2d1032b9858
r2a_shapetrans_1104.img	TRIANGLE	171	31	50135	1	WITHHOLD	0000000000000000000000000000000000000000000000000000000000000000	0	231	4035db375ff70edb79ecee6b2db3d1695ff0b50756f217d133c910914c6ee182
r2a_shapetrans_1105.img	TRIANGLE	171	31	49887	1	WITHHOLD	0000000000000000000000000000000000000000000000000000000000000000	0	450	e113528150bc54827aa6ee6e197fb6685fffc3785d2f41928677069219f317a6
r2a_shapetrans_1106.img	TRIANGLE	171	31	50916	1	WITHHOLD	0000000000000000000000000000000000000000000000000000000000000000	0	451	3e5e9159704c3ba277dee44d88733899aabefc7386424b70d7890e866aa74e2a
r2a_shapetrans_1107.img	TRIANGLE	171	31	49023	1	WITHHOLD	0000000000000000000000000000000000000000000000000000000000000000	0	495	52f4d4184a2b1db3b8830e605442b27ffd8cf33fa4839d5fbcbf10296f0372d2
r2a_shapetrans_1108.img	TRIANGLE	102	31	50577	1	WITHHOLD	0000000000000000000000000000000000000000000000000000000000000000	1	257	1dbb05e3a162951267e6e9249f6242cc05a37b722cb92f697a6c2b58da2fc654
r2a_shapetrans_1109.img	TRIANGLE	171	31	50309	1	WITHHOLD	0000000000000000000000000000000000000000000000000000000000000000	0	284	a36474f80b360eafa31245555d39172d042a669ad934622a1cc663b27e329fb1
r2a_shapetrans_1110.img	TRIANGLE	171	31	49879	1	WITHHOLD	0000000000000000000000000000000000000000000000000000000000000000	0	301	d59cb4c515f7b305828584118ee0d85b9569aeb66968d85aee1e550abb92a881
r2a_shapetrans_1111.img	TRIANGLE	102	31	47945	1	WITHHOLD	0000000000000000000000000000000000000000000000000000000000000000	1	426	97451b9eb229e5bb1ba0918888921f2b19df5816b9beaa57797124d0f8160d7b
r2a_shapetrans_1112.img	TRIANGLE	171	31	50018	1	WITHHOLD	0000000000000000000000000000000000000000000000000000000000000000	0	279	f389312917581e6fa9be949188a092461f3de70a9796b3e8cd6f8ea8770d634a
r2a_shapetrans_1113.img	TRIANGLE	171	31	50275	1	WITHHOLD	0000000000000000000000000000000000000000000000000000000000000000	0	404	f8f4fa2be0eb560d919163242b23a96c7c1e0a2ad3ef9f00449e511dfb986e90
r2a_shapetrans_1114.img	SQUARE	171	31	49102	1	WITHHOLD	0000000000000000000000000000000000000000000000000000000000000000	0	654	37408a619800495a1972a3778e4cf135e6e844cb70a868413a14f62ea480522c
r2a_shapetrans_1115.img	TRIANGLE	102	31	50672	1	WITHHOLD	0000000000000000000000000000000000000000000000000000000000000000	1	250	671c5c2aa3fb09db311d3edc02eb3852458e525135d6e07789420fcc2f0d0690
r2a_shapetrans_1116.img	TRIANGLE	171	31	51012	1	WITHHOLD	0000000000000000000000000000000000000000000000000000000000000000	0	476	96b7edbb079e4e9761ecd9fa93dede527235285cab2fe62c23b0596108375c84
r2a_shapetrans_1117.img	TRIANGLE	102	31	48357	1	WITHHOLD	0000000000000000000000000000000000000000000000000000000000000000	1	439	d1339a7242968fa7193c4fec849698a82a903c15a134d2a20d44ca98e0d95673
r2a_shapetrans_1118.img	TRIANGLE	171	31	48908	1	WITHHOLD	0000000000000000000000000000000000000000000000000000000000000000	0	308	12b3df8785be1b112029933c66c200e6507bbd242b2ebe5f4ff8d334b976afc1
r2a_shapetrans_1119.img	TRIANGLE	102	31	52001	1	WITHHOLD	0000000000000000000000000000000000000000000000000000000000000000	1	420	44377cb567053a4cbc972d3728c0fceb11519e4c174317a7cb50e3cf37f7ec27
r2a_shapetrans_1120.img	CIRCLE	610	235	47795	1	WITHHOLD	0000000000000000000000000000000000000000000000000000000000000000	0	936	f57f29e768cdc06cc17fb9154f8c259c96f0ba385efe6898f0bc12a1d60e890e
r2a_shapetrans_1121.img	TRIANGLE	171	31	49685	1	WITHHOLD	0000000000000000000000000000000000000000000000000000000000000000	0	386	2bee30c4b7f10ed7729d59081ceb1a1d5135f9503a4ad872d3eeaec677682ff3
r2a_shapetrans_1122.img	SQUARE	32	5	48246	1	WITHHOLD	0000000000000000000000000000000000000000000000000000000000000000	0	624	e939b6e8e618518b51258d9f79d88eb4db61ac913f876a621b132bba87b44f53
r2a_shapetrans_1123.img	TRIANGLE	171	31	49992	1	WITHHOLD	0000000000000000000000000000000000000000000000000000000000000000	0	350	754d14219c2d6925cf8a65280753118c9aaab186ccab77bdfd65e63d3255609a
r2a_shapetrans_1124.img	TRIANGLE	171	31	48865	1	WITHHOLD	0000000000000000000000000000000000000000000000000000000000000000	0	227	9743abbdefaee4cf23deab0241c3988d052f66d2d209daa40c149eb0359ab766
r2a_shapetrans_1125.img	TRIANGLE	102	31	49599	1	WITHHOLD	0000000000000000000000000000000000000000000000000000000000000000	1	434	0fe393c6076b63759c0a1b73a53a7c550b819ab0667b0415fce34a674284932d
r2a_shapetrans_1126.img	TRIANGLE	171	31	50526	1	WITHHOLD	0000000000000000000000000000000000000000000000000000000000000000	0	454	eb02c5304ca5543bf6c8da8ee4bb4794b82eb4d06ba81824666728d4b4f79ab9
r2a_shapetrans_1127.img	TRIANGLE	171	31	48821	1	WITHHOLD	0000000000000000000000000000000000000000000000000000000000000000	0	339	d76ac04e401cf1fffe7da9ad67e28f1a0a7e174f8d1587e09cf75565e54a4bd3
r2a_shapetrans_1128.img	TRIANGLE	102	31	50845	1	WITHHOLD	0000000000000000000000000000000000000000000000000000000000000000	1	327	c537ce21be895d81573865b09541c73e141943ed3442d35498732fe111f15904
r2a_shapetrans_1129.img	TRIANGLE	171	31	50100	1	WITHHOLD	0000000000000000000000000000000000000000000000000000000000000000	0	252	0fa0dfbb4275286bd22fb1ab73ed6514486ad5cf84c555454f89906209a42f69
r2a_shapetrans_1130.img	TRIANGLE	171	31	49012	1	WITHHOLD	0000000000000000000000000000000000000000000000000000000000000000	0	316	665311dd8268f76eeceaf6a1959da2d5337db8a27705366d4928cd57e740411a
r2a_shapetrans_1131.img	TRIANGLE	171	31	50361	1	WITHHOLD	0000000000000000000000000000000000000000000000000000000000000000	0	356	b6d2a282ca8c1d3c6fdf3d3d2033f8ebcd3d2757f8c69762b75e99a6a06964b2
r2a_shapetrans_1132.img	TRIANGLE	171	31	49628	1	WITHHOLD	0000000000000000000000000000000000000000000000000000000000000000	0	216	358c9258b2c84eba83fd24452d0ce8f0cb26d3f9e223dff19dc1c79aaf3f61be
r2a_shapetrans_1133.img	TRIANGLE	171	31	50597	1	WITHHOLD	0000000000000000000000000000000000000000000000000000000000000000	0	278	0f4904084c3093a124cfaf32affee0b12d4a7ffb92be18ea97440a8551db1097
r2a_shapetrans_1134.img	TRIANGLE	171	31	50918	1	WITHHOLD	0000000000000000000000000000000000000000000000000000000000000000	0	507	8d7d442d53ca666b649b7b0df24984f233a54a5ac292b9799c2416eac4b0fc10
r2a_shapetrans_1135.img	TRIANGLE	171	31	50948	1	WITHHOLD	0000000000000000000000000000000000000000000000000000000000000000	0	263	e9cc2005db5190a0d8450f12ca3a0491fb22df2a2a9761bf96e3648eaf514015
r2a_shapetrans_1136.img	TRIANGLE	171	31	49340	1	WITHHOLD	0000000000000000000000000000000000000000000000000000000000000000	0	442	35b73fe2f716b2c03f688c9cd92d712b2561fc4efea0d0887018fde28397ad9b
r2a_shapetrans_1137.img	TRIANGLE	171	31	49441	1	WITHHOLD	0000000000000000000000000000000000000000000000000000000000000000	0	299	656b5c5563b046cba1d9a5d29ff4584fbf24b996d4783c483a8f79554a231009
r2a_shapetrans_1138.img	CIRCLE	612	237	49520	1	WITHHOLD	0000000000000000000000000000000000000000000000000000000000000000	0	937	1370f03a9ae306a2c9758e6e7900941f137decd5aa34b6990c38de7dbb427e84
r2a_shapetrans_1139.img	TRIANGLE	171	31	48259	1	WITHHOLD	0000000000000000000000000000000000000000000000000000000000000000	0	276	9b36ba3b2258b662d8120f5675999980f6b2ad7e956a7728797d4445e1369538
r2a_shapetrans_1140.img	TRIANGLE	171	31	50951	1	WITHHOLD	0000000000000000000000000000000000000000000000000000000000000000	0	440	32c4922f48ed04df6033a1955da9999dfcec37421a7e92af4bcc9e0a94f8ffc9
r2a_shapetrans_1141.img	TRIANGLE	171	31	48916	1	WITHHOLD	0000000000000000000000000000000000000000000000000000000000000000	0	190	58ca19dcd6b125aa50e43eed1729f117433e23b78b1f3b79c45da261accbe12c
r2a_shapetrans_1142.img	TRIANGLE	171	31	51036	1	WITHHOLD	0000000000000000000000000000000000000000000000000000000000000000	0	386	be26de897b3b27a3ac4f74636404b838876392ef0bcb0e9f73e1d049dac5fa18
r2a_shapetrans_1143.img	TRIANGLE	171	31	49130	1	WITHHOLD	0000000000000000000000000000000000000000000000000000000000000000	0	286	cb41a996ba9f2557bdc4f9a772a9a04403e750baed6a72479e0725feed21b17c
r2a_shapetrans_1144.img	TRIANGLE	171	31	49711	1	WITHHOLD	0000000000000000000000000000000000000000000000000000000000000000	0	335	f6b08b3f36a8861f1d6e1915c632f2e63737d97da50416ebfb4f493f8c095c37
r2a_shapetrans_1145.img	TRIANGLE	171	31	50304	1	WITHHOLD	0000000000000000000000000000000000000000000000000000000000000000	0	366	7ec1a28e29a796dde5d3ba79e88651eda7c1086ba21d1308641d71ffb1a188c2
r2a_shapetrans_1146.img	TRIANGLE	102	31	53412	1	WITHHOLD	0000000000000000000000000000000000000000000000000000000000000000	1	408	f2a7dd7dedf813bbdaeb89da300122b38d4fe5310934775610029de161da40e5
r2a_shapetrans_1147.img	TRIANGLE	171	31	49348	1	WITHHOLD	0000000000000000000000000000000000000000000000000000000000000000	0	276	c6105bae5761fb80b4d38e0b836e2e33f73a928938c3c3295e59ea96137b5c54
r2a_shapetrans_1148.img	TRIANGLE	171	31	49812	1	WITHHOLD	0000000000000000000000000000000000000000000000000000000000000000	0	245	565cde073bbd7112b509e53f8b6f76666d95fa6c3ffdd0b711cf5231bfda35eb
r2a_shapetrans_1149.img	TRIANGLE	171	31	50611	1	WITHHOLD	0000000000000000000000000000000000000000000000000000000000000000	0	390	5f4da7ef80ab3baf4c068302f40866ebe0fda133c12277565674d41ffa44669a
r2n_shapetrans_0000.img	CIRCLE	532	171	47799	1	WITHHOLD	0000000000000000000000000000000000000000000000000000000000000000	0	904	c2b911206a4a1a187c07e5653118453d17858602b863205849870407afa2160d
r2n_shapetrans_0001.img	TRIANGLE	171	31	46895	1	WITHHOLD	0000000000000000000000000000000000000000000000000000000000000000	0	433	ed13272f9999dd9c0d2bd095860cdbd06027553af144f6c86a2c792437058e8f
r2n_shapetrans_0002.img	SQUARE	171	31	47292	1	WITHHOLD	0000000000000000000000000000000000000000000000000000000000000000	0	654	6e3d6456a3af36d2433a87ac82ee3a8ab3bedb894d6e79ce08c07c151ec86c14
r2n_shapetrans_0003.img	CIRCLE	535	173	47679	1	WITHHOLD	0000000000000000000000000000000000000000000000000000000000000000	0	905	c6f9c58f068d980f58e9475ed3609f59e4ef0d2b2b1f5ab8b52f5e8854338165
r2n_shapetrans_0004.img	TRIANGLE	171	31	46935	1	WITHHOLD	0000000000000000000000000000000000000000000000000000000000000000	0	412	6f9de1fd639e813dec6bb16252e83082cd6abfd089903523d515b9fa778abc64
r2n_shapetrans_0005.img	TRIANGLE	19	3	47446	1	WITHHOLD	0000000000000000000000000000000000000000000000000000000000000000	0	620	19f07bed99326872ee32a385f2675069cb86df283e93d2a3e7d11ea37d484e3c
r2n_shapetrans_0006.img	CIRCLE	511	157	47112	1	WITHHOLD	0000000000000000000000000000000000000000000000000000000000000000	0	897	0441010695d0342ff376cf1bdbad917f19c1fe2909aca114dffc3d8c02f755aa
r2n_shapetrans_0007.img	TRIANGLE	102	31	50056	1	WITHHOLD	0000000000000000000000000000000000000000000000000000000000000000	1	429	3c173463f274dc3b32a66bd3690da8ef6f74156de0cfaf813e3b43799b2a5a04
r2n_shapetrans_0008.img	TRIANGLE	32	5	47606	1	WITHHOLD	0000000000000000000000000000000000000000000000000000000000000000	0	619	af38fb112b4536e1c998f53b4616105838eca0e43d8db71564d1d1ba934c35ab
r2n_shapetrans_0009.img	CIRCLE	622	247	47763	1	WITHHOLD	0000000000000000000000000000000000000000000000000000000000000000	0	942	64469cfc70f3f49ffa423a8aad5dddfc458d4086d09c9aec8b6bf822ea9fc94c
r2n_shapetrans_0010.img	TRIANGLE	171	31	47214	1	WITHHOLD	0000000000000000000000000000000000000000000000000000000000000000	0	431	2442413e51049630fc0553a2ec31c0a31fb4d433ac5e52aa251b4cf4f699022b
r2n_shapetrans_0011.img	SQUARE	132	23	47645	1	WITHHOLD	0000000000000000000000000000000000000000000000000000000000000000	0	633	7e7dcfc01dbf1bade3d22eb60f4642089f17c273b2ec06268b13004a1c2f3c57
r2n_shapetrans_0012.img	CIRCLE	546	181	47516	1	WITHHOLD	0000000000000000000000000000000000000000000000000000000000000000	0	909	f79fef8cb603f4da090c3c1b6d0edcd1e554a0c5bd948ebf542ac007fda44673
r2n_shapetrans_0013.img	TRIANGLE	171	31	47247	1	WITHHOLD	0000000000000000000000000000000000000000000000000000000000000000	0	406	cbbb4bd380ca394966dc427f4842b2d183ce00f214163a00f943dd101b6bdc88
r2n_shapetrans_0014.img	SQUARE	112	19	47450	1	WITHHOLD	0000000000000000000000000000000000000000000000000000000000000000	0	631	b1d6a95cbe8aed6d90182fbf16a695dc70832d1254d21963d510642fa7aa6ccc
r2n_shapetrans_0015.img	CIRCLE	638	265	47888	1	WITHHOLD	0000000000000000000000000000000000000000000000000000000000000000	0	951	c278b0c3c620ff741194f253eec9a20168fb3da5f885540205233b6e93d74dcd
r2n_shapetrans_0016.img	TRIANGLE	171	31	46919	1	WITHHOLD	0000000000000000000000000000000000000000000000000000000000000000	0	415	571c37f4f1e0a8d891ecf40b940a493f299fbc210b70b0279e74a79bd0acecdf
r2n_shapetrans_0017.img	SQUARE	44	7	48242	1	WITHHOLD	0000000000000000000000000000000000000000000000000000000000000000	0	625	7e5408620cf6b41a2170ef1114fd0c07c3eba68fbc915d1e094afe6d8ebca714
r2n_shapetrans_0018.img	CIRCLE	514	159	47470	1	WITHHOLD	0000000000000000000000000000000000000000000000000000000000000000	0	898	50b373d3cd6d2df116c8b942c4df623dbbebb9885b30b60c4e3cfbee6f402d48
r2n_shapetrans_0019.img	TRIANGLE	171	31	47151	1	WITHHOLD	0000000000000000000000000000000000000000000000000000000000000000	0	416	3087f737d444b27ff9c4d97199c43024eeb291ff58648b5267821ed3252ea800
r2n_shapetrans_0020.img	SQUARE	171	31	48229	1	WITHHOLD	0000000000000000000000000000000000000000000000000000000000000000	0	647	d580385afa74c0deba6be2ab56331f6b1f791744a8106b0674e7fdb752d9d424
r2n_shapetrans_0021.img	CIRCLE	494	147	47289	1	WITHHOLD	0000000000000000000000000000000000000000000000000000000000000000	0	892	f323d70a82f83841277c8ea5d2759fd7fe10b32920bac699c3a552b5dc339930
r2n_shapetrans_0022.img	TRIANGLE	171	31	47065	1	WITHHOLD	0000000000000000000000000000000000000000000000000000000000000000	0	422	d765ef4771866245c57fcf768feca4b6e0813c4663f04e067ef627417feeb893
r2n_shapetrans_0023.img	SQUARE	171	31	47709	1	WITHHOLD	0000000000000000000000000000000000000000000000000000000000000000	0	648	70029342dacc842a099934c4a9904bf6bb55dace7ec1a66cba37f4d582a81489
r2n_shapetrans_0024.img	CIRCLE	544	179	47529	1	WITHHOLD	0000000000000000000000000000000000000000000000000000000000000000	0	908	b0d9f58d6eed4ecc22136f8615549ca2877d1dfd79266540150f692ef3f85a84
r2n_shapetrans_0025.img	TRIANGLE	171	31	46933	1	WITHHOLD	0000000000000000000000000000000000000000000000000000000000000000	0	422	7ddcbcc82faef5f5bef73c9279ef6b4b144fd99d250894f23fc7e0a158a3e555
r2n_shapetrans_0026.img	SQUARE	171	31	47757	1	WITHHOLD	0000000000000000000000000000000000000000000000000000000000000000	0	670	fc053fb4ce7fe780a19ee4f658cf36fe48e98b9dd71f2bbd7718f15d48c982b8
r2n_shapetrans_0027.img	TRIANGLE	102	31	52837	1	WITHHOLD	0000000000000000000000000000000000000000000000000000000000000000	1	540	c40f835440ef3082d0a8bc81498fe33ced414bf6be12c03c3c81a06f8b665f6d
r2n_shapetrans_0028.img	TRIANGLE	171	31	47138	1	WITHHOLD	0000000000000000000000000000000000000000000000000000000000000000	0	426	18922d224a6aa1902816763f694a191befb1a66da3ff6c66a7b33b856084cfd3
r2n_shapetrans_0029.img	SQUARE	171	31	47992	1	WITHHOLD	0000000000000000000000000000000000000000000000000000000000000000	0	649	44f8b85ef2b9e8d891ca72468874dd28ab662f2daa880cf5c9b2dcc29bed4973
r2n_shapetrans_0030.img	CIRCLE	501	151	47122	1	WITHHOLD	0000000000000000000000000000000000000000000000000000000000000000	0	894	d497a92abb6dc7595240804bd0215b84980884a9fb546089dcc1c8a3ea35377e
r2n_shapetrans_0031.img	TRIANGLE	171	31	47098	1	WITHHOLD	0000000000000000000000000000000000000000000000000000000000000000	0	442	caa2b50563dda7b998c7612a057195bd1e33fe54c7c8f80eafcaa230b36921e3
r2n_shapetrans_0032.img	SQUARE	132	23	48067	1	WITHHOLD	0000000000000000000000000000000000000000000000000000000000000000	0	633	2b52c6ef9c317571f86e475263fd5bab7670e70355e9be89c29ecd2430323f58
r2n_shapetrans_0033.img	CIRCLE	616	241	47681	1	WITHHOLD	0000000000000000000000000000000000000000000000000000000000000000	0	939	1d86301ac323f2ab422d63ff475f26cbb377901baffe4cfebc4ff3954ce541ef
r2n_shapetrans_0034.img	TRIANGLE	171	31	49274	1	WITHHOLD	0000000000000000000000000000000000000000000000000000000000000000	0	288	88688c9fefe3ac2e511c3f570098df2058a78f2aca03fab83b0c9f8f9fe29535
r2n_shapetrans_0035.img	SQUARE	171	31	47754	1	WITHHOLD	0000000000000000000000000000000000000000000000000000000000000000	0	642	666282230849e2c38f782946c7aad5186e8dba6d3a13ed5df7fe78781ef78c9e
r2n_shapetrans_0036.img	CIRCLE	541	177	47319	1	WITHHOLD	0000000000000000000000000000000000000000000000000000000000000000	0	907	bab169f5ee791327a89722f63c9242c5ae8815ffec9d3b2586a92e62ba4f1bfa
r2n_shapetrans_0037.img	TRIANGLE	171	31	47065	1	WITHHOLD	0000000000000000000000000000000000000000000000000000000000000000	0	404	7ff05bbef2d0a3adf4675f65d7ce532df363d885c498346056d1c6e8a237b3a1
r2n_shapetrans_0038.img	SQUARE	171	31	47686	1	WITHHOLD	0000000000000000000000000000000000000000000000000000000000000000	0	660	636340129cf350e06498683ffb95da023a3817266f6feada3de8c1bc4792ace9
r2n_shapetrans_0039.img	CIRCLE	469	133	47102	1	WITHHOLD	0000000000000000000000000000000000000000000000000000000000000000	0	885	548f1422af4aa073b48047942fb46ce6d13e9eeede4a9997316b93e7f4d88eaf
r2n_shapetrans_0040.img	TRIANGLE	171	31	47237	1	WITHHOLD	0000000000000000000000000000000000000000000000000000000000000000	0	436	e34c3693f548831c30f5d25e63da6ab7c3d2da18038f74efe8bddd1800794161
r2n_shapetrans_0041.img	TRIANGLE	171	31	50195	1	WITHHOLD	0000000000000000000000000000000000000000000000000000000000000000	0	312	a52542041afad4db7a0f7728a66cb100626c34ad3b6416ec621884090a9cae8a
r2n_shapetrans_0042.img	CIRCLE	575	203	47675	1	WITHHOLD	0000000000000000000000000000000000000000000000000000000000000000	0	920	de4bfb891ae64adbd6436bb92c70f04a1a6524b1358cd9c36c44a58aabf8ba89
r2n_shapetrans_0043.img	TRIANGLE	171	31	47061	1	WITHHOLD	0000000000000000000000000000000000000000000000000000000000000000	0	451	6d2da90c52a202b159dfdc05d83376552a7fc82cf8c8c796ca8e742ca7c59e66
r2n_shapetrans_0044.img	SQUARE	171	31	47292	1	WITHHOLD	0000000000000000000000000000000000000000000000000000000000000000	0	658	c2fd8bbef0dfb1ded0a02cba1643f72c29867248d1400d31418c69c9b9649a06
r2n_shapetrans_0045.img	CIRCLE	557	189	47346	1	WITHHOLD	0000000000000000000000000000000000000000000000000000000000000000	0	913	7663073bb4f1872970bd20926b8eef4d032f6cd1515fa5ab8ef99379ad1c9264
r2n_shapetrans_0046.img	TRIANGLE	171	31	47321	1	WITHHOLD	0000000000000000000000000000000000000000000000000000000000000000	0	415	ea930776c89e9510e6dd7db6409049a98fedef5dc93d094a935a415fffbfbebd
r2n_shapetrans_0047.img	SQUARE	171	31	47393	1	WITHHOLD	0000000000000000000000000000000000000000000000000000000000000000	0	642	2e4a29e84718f9f7c6013da9f8acafba15588d51213d3174eff1711a91e3f952
r2n_shapetrans_0048.img	CIRCLE	249	107	50037	1	WITHHOLD	0000000000000000000000000000000000000000000000000000000000000000	1	872	f38b0f9ce6b7f154d72404a569c335eafb8870ed018d011e83d219a43aec2ac7
r2n_shapetrans_0049.img	TRIANGLE	171	31	47281	1	WITHHOLD	0000000000000000000000000000000000000000000000000000000000000000	0	448	667b267001902238f646e448c4bbf2bd730d6d2fae48e940d285377765120184
r2n_shapetrans_0050.img	TRIANGLE	6	1	47888	1	WITHHOLD	0000000000000000000000000000000000000000000000000000000000000000	0	621	16259d8bc340b8f03c8f2f7a400a1af57225e20be056e96ac56185dacfaac4b4
r2n_shapetrans_0051.img	CIRCLE	557	189	47537	1	WITHHOLD	0000000000000000000000000000000000000000000000000000000000000000	0	913	d403ae2a6606116606585c59cd74ae8069bcb3b9f8c73af0a96dfc8b91896873
r2n_shapetrans_0052.img	TRIANGLE	171	31	47338	1	WITHHOLD	0000000000000000000000000000000000000000000000000000000000000000	0	421	8aae0b8bd84417e3b4596e0da562428f31e6667e5b27b4c43ba153356c31c922
r2n_shapetrans_0053.img	SQUARE	171	31	47925	1	WITHHOLD	0000000000000000000000000000000000000000000000000000000000000000	0	639	e7147c676b1fc26c439dbb37d411b7ba516d70b5f04cf47f3af110790db778e0
r2n_shapetrans_0054.img	CIRCLE	544	179	47448	1	WITHHOLD	0000000000000000000000000000000000000000000000000000000000000000	0	908	0e9f48ad837c5462c0ec105e88e9afccfda1163c32f6c65dc6aa1ed13613bf63
r2n_shapetrans_0055.img	TRIANGLE	171	31	47127	1	WITHHOLD	0000000000000000000000000000000000000000000000000000000000000000	0	411	b2326a147b496ec42461de7b93f16eb6c11a1bafb79d780c2761aa9497e3f80d
r2n_shapetrans_0056.img	SQUARE	171	31	48234	1	WITHHOLD	0000000000000000000000000000000000000000000000000000000000000000	0	647	230bff468f6bf010b1d0a0ebffe95e22bf3a02df7bb0cfd47677c6b162c98293
r2n_shapetrans_0057.img	CIRCLE	665	299	47622	1	WITHHOLD	0000000000000000000000000000000000000000000000000000000000000000	0	968	eece11b5ff2e451cc338eee4f44db4e28593862a4a189e9caa9d9f742b72be4a
r2n_shapetrans_0058.img	TRIANGLE	171	31	47255	1	WITHHOLD	0000000000000000000000000000000000000000000000000000000000000000	0	429	8b86ffc77b8e1687c3e73e15f161a20146596b33a06d8ac8dd64ef1c1b96deee
r2n_shapetrans_0059.img	TRIANGLE	56	9	47365	1	WITHHOLD	0000000000000000000000000000000000000000000000000000000000000000	0	617	8548cfd8f39c8fad89da54fb7683caaf8bc77c13952ba1c86f8bae7522d89589
r2n_shapetrans_0060.img	CIRCLE	526	167	47630	1	WITHHOLD	0000000000000000000000000000000000000000000000000000000000000000	0	902	868bdc47748b64caabc34bf32c4979ec9ad709dd90d97d0a1fd13d7e53902966
r2n_shapetrans_0061.img	TRIANGLE	171	31	48446	1	WITHHOLD	0000000000000000000000000000000000000000000000000000000000000000	0	186	5deeb7535d773adbe38db18302bca0f6a5f562d43d0163b4c04665e5cc6ca71e
r2n_shapetrans_0062.img	TRIANGLE	32	5	47917	1	WITHHOLD	0000000000000000000000000000000000000000000000000000000000000000	0	619	64cde66476fbb1adebd9d311aa42e20caa137fd83ef0183727e064af6a06e46d
r2n_shapetrans_0063.img	CIRCLE	624	249	47563	1	WITHHOLD	0000000000000000000000000000000000000000000000000000000000000000	0	943	149dd03caa5605ebd7333080837edf143d09d140072c7281425e2649d066b10c
r2n_shapetrans_0064.img	TRIANGLE	171	31	46952	1	WITHHOLD	0000000000000000000000000000000000000000000000000000000000000000	0	435	374cec8b74a1a5e00ee5bba847b49b459bc1d2987864ad3c499fb3b1132ff814
r2n_shapetrans_0065.img	SQUARE	171	31	47338	1	WITHHOLD	0000000000000000000000000000000000000000000000000000000000000000	0	642	88ae6119b6d922fa842df59030cb5780d9b0ad5df2257b8f156e82753634a85c
r2n_shapetrans_0066.img	CIRCLE	546	181	47787	1	WITHHOLD	0000000000000000000000000000000000000000000000000000000000000000	0	909	e1a205e3120fcf65bb9ddf9b894ff6f16ebbb94ed7069a2556724d1019beaf26
r2n_shapetrans_0067.img	TRIANGLE	171	31	47177	1	WITHHOLD	0000000000000000000000000000000000000000000000000000000000000000	0	439	5ea3da7dbe91c30254d25d0635d63d4cc6d3d15e4df647c0c82a08c367529266
r2n_shapetrans_0068.img	SQUARE	90	15	47760	1	WITHHOLD	0000000000000000000000000000000000000000000000000000000000000000	0	629	bb3019892001ff324a7db7177cbfaa705803a071c6453e509388915cc484ef78
r2n_shapetrans_0069.img	CIRCLE	622	247	47715	1	WITHHOLD	0000000000000000000000000000000000000000000000000000000000000000	0	942	4f03ee34dac20eff40340ec19b6c24aaff9342fbc0b0e2c83e8f7f73ecc8ba97
r2n_shapetrans_0070.img	TRIANGLE	171	31	47102	1	WITHHOLD	0000000000000000000000000000000000000000000000000000000000000000	0	436	e09d564b288e8c17b87b482768105f65c52519d6f4e04691b52de054001d6810
r2n_shapetrans_0071.img	SQUARE	142	25	47740	1	WITHHOLD	0000000000000000000000000000000000000000000000000000000000000000	0	634	ef23f94c9370c36fd315423346e3107c1d1bbc30c893f807c8d2cc8f5ae829c7
r2n_shapetrans_0072.img	CIRCLE	575	203	47730	1	WITHHOLD	0000000000000000000000000000000000000000000000000000000000000000	0	920	37167e88240bf2397ccb0e7ccdc15ea4ff83c68b6b8cfa00cde583d68321f988
r2n_shapetrans_0073.img	TRIANGLE	171	31	47113	1	WITHHOLD	0000000000000000000000000000000000000000000000000000000000000000	0	433	e4dc03d7057830021a1dd16ff0e9acf2589151c0f8aa541e92bc1fe67a880ad6
r2n_shapetrans_0074.img	SQUARE	19	3	47981	1	WITHHOLD	0000000000000000000000000000000000000000000000000000000000000000	0	623	15ad5578a7c10c9f7ef1b805dc5b290c94b563eab1e4d894b6ac8dbadef5a716
r2n_shapetrans_0075.img	CIRCLE	606	231	47575	1	WITHHOLD	0000000000000000000000000000000000000000000000000000000000000000	0	934	6bcd717d107eb5c0e3af210df670e3ce25922ca01c90c1bab359af1e5b1bbdcf
r2n_shapetrans_0076.img	TRIANGLE	171	31	46985	1	WITHHOLD	0000000000000000000000000000000000000000000000000000000000000000	0	434	a917fb61f0033d2e2fdc89af0002481f10c3b7daf8c9b7bc95dcec1e2b955bce
r2n_shapetrans_0077.img	TRIANGLE	101	17	47640	1	WITHHOLD	0000000000000000000000000000000000000000000000000000000000000000	0	613	0afcd1eeaf6f7679bb7fc0df85629ea8ada4401e3af828d2fedf35b4f3da3977
r2n_shapetrans_0078.img	CIRCLE	673	309	47390	1	WITHHOLD	0000000000000000000000000000000000000000000000000000000000000000	0	973	8b03abcdfab41a806bb62c64ff00cbfc35e30212f88d5c899f2edba0649b9306
r2n_shapetrans_0079.img	TRIANGLE	171	31	47142	1	WITHHOLD	0000000000000000000000000000000000000000000000000000000000000000	0	421	ed623c950dcaa74a34768344cd97ea4c4ad010e923f4909e35ef767c38434d10
r2n_shapetrans_0080.img	SQUARE	171	31	47405	1	WITHHOLD	0000000000000000000000000000000000000000000000000000000000000000	0	650	87a5ff0a9cfc1896ca1236879cf109d9b7227620359f2ce7cb3a196e7a139a4a
r2n_shapetrans_0081.img	CIRCLE	562	193	47499	1	WITHHOLD	0000000000000000000000000000000000000000000000000000000000000000	0	915	4beb11a6271a33dbf56c0fe402ea47deeee2e26356cacd1ca615234addb8c370
r2n_shapetrans_0082.img	TRIANGLE	171	31	47135	1	WITHHOLD	0000000000000000000000000000000000000000000000000000000000000000	0	426	6e6f504c709df90379d7a0e5efe690c6acd9cddc10a28b5cb9f8826702b468d3
r2n_shapetrans_0083.img	TRIANGLE	44	7	47500	1	WITHHOLD	0000000000000000000000000000000000000000000000000000000000000000	0	618	757f54f5766bd7262c94ffdccf5d9a81e3177594db9f0e8a929ebf083dd62ec1
r2n_shapetrans_0084.img	CIRCLE	454	125	47133	1	WITHHOLD	0000000000000000000000000000000000000000000000000000000000000000	0	881	5cd7b6d6be45b2336e26283c313f86d5cdaf6093b0cfd9c8c4d66297f2ed876d
r2n_shapetrans_0085.img	TRIANGLE	171	31	47153	1	WITHHOLD	0000000000000000000000000000000000000000000000000000000000000000	0	444	a66c673cbaed5e60ed9b8d8bffca657a4ede7f66d0e412a0b255cd1f84f2f8c9
r2n_shapetrans_0086.img	SQUARE	171	31	47931	1	WITHHOLD	0000000000000000000000000000000000000000000000000000000000000000	0	649	dfdda8bc15354c6bf606f10cb60c7decd9384dbd7140275d7cbf9301a5a553f9
r2n_shapetrans_0087.img	CIRCLE	602	227	47620	1	WITHHOLD	0000000000000000000000000000000000000000000000000000000000000000	0	932	74c09422c568fdd6932d5859a7fe196fbeb6f5c4dfe5a15c695721464ec9603b
r2n_shapetrans_0088.img	TRIANGLE	171	31	47344	1	WITHHOLD	0000000000000000000000000000000000000000000000000000000000000000	0	415	c9055293eeed3dbc64884121308bd691b82e833deb7f23a78e59bfd2807980ff
r2n_shapetrans_0089.img	SQUARE	171	31	48151	1	WITHHOLD	0000000000000000000000000000000000000000000000000000000000000000	0	637	3d7e0ed1f151bc0a0fa2fa77550b4a87d6d6acf9b4127adb26528db562eabe93
r2n_shapetrans_0090.img	CIRCLE	538	175	47527	1	WITHHOLD	0000000000000000000000000000000000000000000000000000000000000000	0	906	4e2c064f5da81a742b1c99b80991e7668e089f44c6b1a05091165fc645907fdf
r2n_shapetrans_0091.img	TRIANGLE	171	31	46900	1	WITHHOLD	0000000000000000000000000000000000000000000000000000000000000000	0	414	94c2d4810683f7c432bf5cf1f5f267129d1c923436b62f900861a5e3b5351b9f
r2n_shapetrans_0092.img	SQUARE	171	31	47329	1	WITHHOLD	0000000000000000000000000000000000000000000000000000000000000000	0	663	cf25a033c99ee697bcb8a554ff5183d3c92d74b0b77d490ce5c58878543b43a2
r2n_shapetrans_0093.img	CIRCLE	488	143	47461	1	WITHHOLD	0000000000000000000000000000000000000000000000000000000000000000	0	890	4240f11c2da0633dc91699bb74fa9dc5de170ac7ba0b05a075e93d3f2769bf39
r2n_shapetrans_0094.img	TRIANGLE	171	31	46950	1	WITHHOLD	0000000000000000000000000000000000000000000000000000000000000000	0	434	fe63e3b41d92c46b299dcdb890445ab3afe3c83643ffd8079f235166757d92fa
r2n_shapetrans_0095.img	SQUARE	171	31	47461	1	WITHHOLD	0000000000000000000000000000000000000000000000000000000000000000	0	648	7c5df7cac0d276cd563b60b3d51b2a56b524801e0bc3ac057468ea468a265e3c
r2n_shapetrans_0096.img	CIRCLE	544	179	47437	1	WITHHOLD	0000000000000000000000000000000000000000000000000000000000000000	0	908	e3af9a3196127bfa18110d6deab999f7694b9b0d742ecda5410a377f3a9259c5
r2n_shapetrans_0097.img	TRIANGLE	171	31	47012	1	WITHHOLD	0000000000000000000000000000000000000000000000000000000000000000	0	416	0cdbfb2b5e26b19cd914cff6db9dcf7402db5678c8c37388a30ffefa1c865cd7
r2n_shapetrans_0098.img	SQUARE	171	31	48071	1	WITHHOLD	0000000000000000000000000000000000000000000000000000000000000000	0	645	e2d8936b8fa746a5ff3de0ad796ce320f67d86b6f8b9bf5eb6b6dc896054c645
r2n_shapetrans_0099.img	CIRCLE	579	207	47545	1	WITHHOLD	0000000000000000000000000000000000000000000000000000000000000000	0	922	fe2baadffe68cc05c1658b49b356dbb6fb1443c36ea1356e7762c83b1b13b881
r2n_shapetrans_0100.img	TRIANGLE	171	31	47310	1	WITHHOLD	0000000000000000000000000000000000000000000000000000000000000000	0	422	13ff71c278139dce623bf922d27dd83d818642c5caf6a86e7cd53f5f6f55aed4
r2n_shapetrans_0101.img	TRIANGLE	33	9	50214	1	WITHHOLD	0000000000000000000000000000000000000000000000000000000000000000	1	617	c7528cdec9f248cbe7cc7809c87b02c7759f46c52f4bc30d257c949645e0770a
r2n_shapetrans_0102.img	CIRCLE	570	199	47178	1	WITHHOLD	0000000000000000000000000000000000000000000000000000000000000000	0	918	993f9f02cc6cadd6966bf0d85803254acf3896e0c59efb77a339acdaf78d83b9
r2n_shapetrans_0103.img	TRIANGLE	171	31	46959	1	WITHHOLD	0000000000000000000000000000000000000000000000000000000000000000	0	441	711b8ac8619457968c84e1b0970821991d7af8d6a29c838dc91ec5f0a491b44d
r2n_shapetrans_0104.img	SQUARE	44	7	48002	1	WITHHOLD	0000000000000000000000000000000000000000000000000000000000000000	0	625	813c32de8bbc4c31c6b0266100680d3ed88c9e5434bfa87a9ab12e363d2c2a60
r2n_shapetrans_0105.img	CIRCLE	624	249	47659	1	WITHHOLD	0000000000000000000000000000000000000000000000000000000000000000	0	943	8cf450747df8aed236b1bc4cffdbc5ffa69e884d7679e79dbfd8f9702f5b5d18
r2n_shapetrans_0106.img	TRIANGLE	171	31	47178	1	WITHHOLD	0000000000000000000000000000000000000000000000000000000000000000	0	419	3a94ad7cf922b3ab85e7a4d749030e54c3a685016bc9236c165394ca2a599a3b
r2n_shapetrans_0107.img	SQUARE	171	31	47789	1	WITHHOLD	0000000000000000000000000000000000000000000000000000000000000000	0	653	588eefe09cd2c0c6dcba106b7c1869fc54dc5a5565a826b515317920bac6a663
r2n_shapetrans_0108.img	CIRCLE	650	279	47737	1	WITHHOLD	0000000000000000000000000000000000000000000000000000000000000000	0	958	8c0fc761a2d7283eaf61234306bb7c07c94fac494748b46208c71a28ca8326f0
r2n_shapetrans_0109.img	TRIANGLE	171	31	47144	1	WITHHOLD	0000000000000000000000000000000000000000000000000000000000000000	0	429	52bf8b4816c88246de7437e46738259b1c2cfc7be360872ad64d9511331a7703
r2n_shapetrans_0110.img	SQUARE	171	31	48282	1	WITHHOLD	0000000000000000000000000000000000000000000000000000000000000000	0	644	2c35442c78ff2d7c35e5eb84848592cab4087754281ed97eb2793a6d954516e5
r2n_shapetrans_0111.img	CIRCLE	488	143	47461	1	WITHHOLD	0000000000000000000000000000000000000000000000000000000000000000	0	890	bdd1ce69dab9c250d8d0c24ace917280e44552e0947d4f2c0207106684056683
r2n_shapetrans_0112.img	TRIANGLE	171	31	47370	1	WITHHOLD	0000000000000000000000000000000000000000000000000000000000000000	0	425	51d6837eec691fed2934a2c65706a9001f298262f6d1980c685338e67d091017
r2n_shapetrans_0113.img	SQUARE	171	31	47756	1	WITHHOLD	0000000000000000000000000000000000000000000000000000000000000000	0	669	87f05cc053f76aa41053766c7c1d9163108c6a2f60c3a365e26944df8ce96efc
r2n_shapetrans_0114.img	CIRCLE	541	177	47861	1	WITHHOLD	0000000000000000000000000000000000000000000000000000000000000000	0	907	0ce113a5cba39dc09e7619bb7092da1f7662909e970871b61f41e7a96c6748e9
r2n_shapetrans_0115.img	TRIANGLE	171	31	46818	1	WITHHOLD	0000000000000000000000000000000000000000000000000000000000000000	0	426	dee6324253134951acf4e91ed23fcc98dcccc2ec32e9b7e23f9d6b8ab08f2e27
r2n_shapetrans_0116.img	SQUARE	101	17	48239	1	WITHHOLD	0000000000000000000000000000000000000000000000000000000000000000	0	630	4a3bec68baad04f3fe070d42404ec07be37f4378531be1d8f2095525fd447d2c
r2n_shapetrans_0117.img	CIRCLE	604	229	47576	1	WITHHOLD	0000000000000000000000000000000000000000000000000000000000000000	0	933	075fec1d884c74dadb602dff266917cba0a44f3220d967ff4167ba66e8e20c15
r2n_shapetrans_0118.img	TRIANGLE	102	31	51298	1	WITHHOLD	0000000000000000000000000000000000000000000000000000000000000000	1	411	a610304ba171fb549a0891b3d6d7b31cf2cf0f33dd68a787e28c2c1c25626682
r2n_shapetrans_0119.img	TRIANGLE	19	3	47605	1	WITHHOLD	0000000000000000000000000000000000000000000000000000000000000000	0	620	78e7c03330df94ebe79526231c1b111ed47976e9c840176278d8ee29809144ea
r2n_shapetrans_0120.img	CIRCLE	377	255	49350	1	WITHHOLD	0000000000000000000000000000000000000000000000000000000000000000	1	946	37defa390e721646adaa28fcb387c057a6af5be7b6b355881184c6b09972b0d8
r2n_shapetrans_0121.img	TRIANGLE	171	31	47136	1	WITHHOLD	0000000000000000000000000000000000000000000000000000000000000000	0	442	0dd30fe81ead80d9da3165b2579ee7d15c9f97677a40d1cb4e2b9ad589837b1e
r2n_shapetrans_0122.img	SQUARE	171	31	47343	1	WITHHOLD	0000000000000000000000000000000000000000000000000000000000000000	0	644	7d2286bd7bbbd0e71651327d928ddf0774f43f20dad37d4c8445d9d96dcd0e48
r2n_shapetrans_0123.img	CIRCLE	572	201	47087	1	WITHHOLD	0000000000000000000000000000000000000000000000000000000000000000	0	919	a5ed96d8fb5a6703983a0bb3b3d62e4af6a036895a8f04fdf8a7acadf9e02dd7
r2n_shapetrans_0124.img	TRIANGLE	171	31	47271	1	WITHHOLD	0000000000000000000000000000000000000000000000000000000000000000	0	408	5407760b7d481af153d033443ed656a353beac5fe5396ae192f87035ef098739
r2n_shapetrans_0125.img	TRIANGLE	44	7	47432	1	WITHHOLD	0000000000000000000000000000000000000000000000000000000000000000	0	618	1ceecfaebb1b219b9d8ce56e11fb0ef08194afa33e9898de8cccadef1af25008
r2n_shapetrans_0126.img	CIRCLE	667	301	47447	1	WITHHOLD	0000000000000000000000000000000000000000000000000000000000000000	0	969	7e0f01d3d4909c2299e0a7c88742ed281d47f3ab870786545bf5b1f8ad2ab82d
r2n_shapetrans_0127.img	TRIANGLE	171	31	50473	1	WITHHOLD	0000000000000000000000000000000000000000000000000000000000000000	0	222	ba078a2eb50d2815f122d0b43e91362dc48c87d7f599507f42f9c4b1eb1bd981
r2n_shapetrans_0128.img	SQUARE	171	31	48024	1	WITHHOLD	0000000000000000000000000000000000000000000000000000000000000000	0	642	8d6a081c7fef6bfdfe16ffe1e2a0a0d44dfc942f32a369afcb36f50f931b7656
r2n_shapetrans_0129.img	CIRCLE	466	131	47352	1	WITHHOLD	0000000000000000000000000000000000000000000000000000000000000000	0	884	f73d1948bed28598684b527dff80c68a9906518b56f3915fe6ec6cbaca839918
r2n_shapetrans_0130.img	TRIANGLE	171	31	47123	1	WITHHOLD	0000000000000000000000000000000000000000000000000000000000000000	0	437	7386020c3fe6d4bf5c6c17150100b76ff5f92caabe62ddd787121231f7d245b3
r2n_shapetrans_0131.img	SQUARE	171	31	48232	1	WITHHOLD	0000000000000000000000000000000000000000000000000000000000000000	0	646	9c013c53cadcae66d332a4d0701a745841fc3e4b3d718f27d31b157d7b4f6f91
r2n_shapetrans_0132.img	CIRCLE	541	177	47818	1	WITHHOLD	0000000000000000000000000000000000000000000000000000000000000000	0	907	4197ec7ef7cb3a70fa46765892100eb9ad7c8b4978b72ea73e98623fe3d2b235
r2n_shapetrans_0133.img	TRIANGLE	171	31	46880	1	WITHHOLD	0000000000000000000000000000000000000000000000000000000000000000	0	419	96787a4602f206c9e46554a33f72d8ae53a863cae9bd233214ca2cf193c3b0e9
r2n_shapetrans_0134.img	SQUARE	44	7	48021	1	WITHHOLD	0000000000000000000000000000000000000000000000000000000000000000	0	625	af39d2102213c6a50418c19865c328951adc83046d53a7a2ea3789806d13012f
r2n_shapetrans_0135.img	CIRCLE	653	283	47659	1	WITHHOLD	0000000000000000000000000000000000000000000000000000000000000000	0	960	8654ce8620d2bcce0027484024d6818c94e41c30cfe3caf53585d7571d66b5e5
r2n_shapetrans_0136.img	TRIANGLE	171	31	47255	1	WITHHOLD	0000000000000000000000000000000000000000000000000000000000000000	0	430	dc3ba66e7bc56c11848eeb5e655f628f12a023c1dd42ee0f2a59990b34413d38
r2n_shapetrans_0137.img	SQUARE	171	31	47794	1	WITHHOLD	0000000000000000000000000000000000000000000000000000000000000000	0	661	d179a76949e96e3ae52c86c6ac3a6b5a39d1d5ffdcc5221e20c1cebf41d06ca3
r2n_shapetrans_0138.img	CIRCLE	612	237	47782	1	WITHHOLD	0000000000000000000000000000000000000000000000000000000000000000	0	937	191853089e129166d96c564fe4e32d724f63ee60bf17b5cc8bb6254f0b79402a
r2n_shapetrans_0139.img	TRIANGLE	171	31	47064	1	WITHHOLD	0000000000000000000000000000000000000000000000000000000000000000	0	436	1e3513bccb7b448d62dd9b51304d285e7973e99eb6f1a42551221c0877c245e4
r2n_shapetrans_0140.img	SQUARE	171	31	47686	1	WITHHOLD	0000000000000000000000000000000000000000000000000000000000000000	0	637	f665dc4de1127883debae2dfe780591238325a0a2e7f5683ba3e6f267bf33ad7
r2n_shapetrans_0141.img	CIRCLE	608	233	47657	1	WITHHOLD	0000000000000000000000000000000000000000000000000000000000000000	0	935	3e728d8d0f3d4b0f54829b822d90f25f9d28538ed92d8a3e93c4f0070341924a
r2n_shapetrans_0142.img	TRIANGLE	171	31	47113	1	WITHHOLD	0000000000000000000000000000000000000000000000000000000000000000	0	436	3cf344c0d846934c5c63cd16dbb9a51fc861bb54862ab221bc1d42c7c0ae7ccf
r2n_shapetrans_0143.img	SQUARE	171	31	47548	1	WITHHOLD	0000000000000000000000000000000000000000000000000000000000000000	0	638	475cb1861996167cca21204017daa01102517f5161d59980f4af20edb7b734f5
r2n_shapetrans_0144.img	CIRCLE	650	279	47508	1	WITHHOLD	0000000000000000000000000000000000000000000000000000000000000000	0	958	f37b8ba66fec725ffa56566347745d1cbfdb847af14f97879beae25b042446eb
r2n_shapetrans_0145.img	TRIANGLE	102	31	48221	1	WITHHOLD	0000000000000000000000000000000000000000000000000000000000000000	1	443	9474e9fd80c137b3e5a1528e122aec00073596b7195978c9eaeb21937100f109
r2n_shapetrans_0146.img	TRIANGLE	171	31	47957	1	WITHHOLD	0000000000000000000000000000000000000000000000000000000000000000	0	602	d2ff857523a5e5e7d4de5f4c178a5555ad4109dc81d695613482254e41796830
r2n_shapetrans_0147.img	CIRCLE	484	141	47140	1	WITHHOLD	0000000000000000000000000000000000000000000000000000000000000000	0	889	ed7e33270b542a0b0d26e0e0d128d928f8024d1cb843e5cdbae90207c2b62ec0
r2n_shapetrans_0148.img	TRIANGLE	171	31	47279	1	WITHHOLD	0000000000000000000000000000000000000000000000000000000000000000	0	425	986c1a8c697a2022f048b7c44c7f4760f5ff5a9a2f6aa7cafa939c9a8d9e8997
r2n_shapetrans_0149.img	SQUARE	171	31	47923	1	WITHHOLD	0000000000000000000000000000000000000000000000000000000000000000	0	647	18469632ec59fec7a5a3a077d03963d5ce67de197f7d196cb4586b75b4895a80
r2n_shapetrans_0150.img	CIRCLE	668	303	47610	1	WITHHOLD	0000000000000000000000000000000000000000000000000000000000000000	0	970	6837790ed00422cb11187bdf469ec19bbeba2b55aa1eeae18ad72876bcc8cc15
r2n_shapetrans_0151.img	TRIANGLE	171	31	47038	1	WITHHOLD	0000000000000000000000000000000000000000000000000000000000000000	0	436	0e95a3efdc073de3309a094786aae8040c12f53ad70e91f043e01191534eb5ee
r2n_shapetrans_0152.img	TRIANGLE	142	25	47808	1	WITHHOLD	0000000000000000000000000000000000000000000000000000000000000000	0	609	023b5d78f457bf4a942ea6160c2827510d5dcb9482674f4e92b4111b7da6946a
r2n_shapetrans_0153.img	CIRCLE	614	239	47484	1	WITHHOLD	0000000000000000000000000000000000000000000000000000000000000000	0	938	92eed46ded781904694b08e55fb860568ca979d465872c0c4e62fe1af903f0ae
r2n_shapetrans_0154.img	TRIANGLE	171	31	46968	1	WITHHOLD	0000000000000000000000000000000000000000000000000000000000000000	0	407	93405a3cf28e7123b4642234f43dfa9bf3242633a5aef451736f1b87800d22ad
r2n_shapetrans_0155.img	SQUARE	171	31	47909	1	WITHHOLD	0000000000000000000000000000000000000000000000000000000000000000	0	652	486b91d1e1b9b021d38ddad0c9887ed1a6a85a767e6a3e09723cee48080af144
r2n_shapetrans_0156.img	CIRCLE	526	167	47535	1	WITHHOLD	0000000000000000000000000000000000000000000000000000000000000000	0	902	30b28688d09f8d15479a41468443937264b63433b9793502a2615b170045af6f
r2n_shapetrans_0157.img	TRIANGLE	171	31	47221	1	WITHHOLD	0000000000000000000000000000000000000000000000000000000000000000	0	430	9d16bdc4d6b0531750cd1eb02ef8f3953663c14d00ceb516a6856f23847e6150
r2n_shapetrans_0158.img	SQUARE	171	31	47429	1	WITHHOLD	0000000000000000000000000000000000000000000000000000000000000000	0	644	7edff572f480d567aa858c6ba7aefb267ce3279c8659617d30245a12410ccd4f
r2n_shapetrans_0159.img	CIRCLE	517	161	47494	1	WITHHOLD	0000000000000000000000000000000000000000000000000000000000000000	0	899	da6a09edbf0060634a79f68c254c6407a99ac798f92084f83a3903635694331b
r2n_shapetrans_0160.img	TRIANGLE	171	31	47091	1	WITHHOLD	0000000000000000000000000000000000000000000000000000000000000000	0	418	fa8f380af94271c76b50940c6451b4c889d64cf4113c90e97c151b630ef27d14
r2n_shapetrans_0161.img	SQUARE	171	31	47648	1	WITHHOLD	0000000000000000000000000000000000000000000000000000000000000000	0	644	2674eb6e57300a84c61d0a6024fc7556a182eb585826b9613fc1cfccad63e882
r2n_shapetrans_0162.img	CIRCLE	504	153	47284	1	WITHHOLD	0000000000000000000000000000000000000000000000000000000000000000	0	895	ef0c769e4842a69dd19325ca5c65c4d6558107969dfe79a01b4cf5d5e7ffb70e
r2n_shapetrans_0163.img	TRIANGLE	171	31	47228	1	WITHHOLD	0000000000000000000000000000000000000000000000000000000000000000	0	422	d6af193e89c8439d353f6b78239f803e98348f143a47fe8d8fce921c93844883
r2n_shapetrans_0164.img	SQUARE	171	31	48266	1	WITHHOLD	0000000000000000000000000000000000000000000000000000000000000000	0	658	8a4a4c377315843e97fdef9c1fd9f3dd843064d892ed2c3765ad2384d4c62b8e
r2n_shapetrans_0165.img	TRIANGLE	102	31	50917	1	WITHHOLD	0000000000000000000000000000000000000000000000000000000000000000	1	310	4cb8174fbc76aa56ad68797ce1696a75c5fff1d50fdf9af0f77b42d07811a190
r2n_shapetrans_0166.img	TRIANGLE	171	31	47278	1	WITHHOLD	0000000000000000000000000000000000000000000000000000000000000000	0	424	2d22bb5928834e3eb5d2381ec1a05baf0a71bbd274408af8adc1c32eb7a1d8a9
r2n_shapetrans_0167.img	SQUARE	171	31	48038	1	WITHHOLD	0000000000000000000000000000000000000000000000000000000000000000	0	641	7d18322103fc2f991fbd8282160c050f8173fe4aecdd629db7a66a8b8041bba1
r2n_shapetrans_0168.img	CIRCLE	618	243	47514	1	WITHHOLD	0000000000000000000000000000000000000000000000000000000000000000	0	940	48808983f76a65619e2bea8b6ac1b78e40fa668fd65f3f718f0c1b23e9b199ea
r2n_shapetrans_0169.img	TRIANGLE	171	31	47232	1	WITHHOLD	0000000000000000000000000000000000000000000000000000000000000000	0	432	6e23cd494e570a5c7fe702ce531588644222dd97282af1a600f6d3c76b09a80e
r2n_shapetrans_0170.img	SQUARE	171	31	47689	1	WITHHOLD	0000000000000000000000000000000000000000000000000000000000000000	0	663	1e23043652da9dbc38635fc7620a061698bb914c23f24cb817046daa044071cf
r2n_shapetrans_0171.img	CIRCLE	625	251	47552	1	WITHHOLD	0000000000000000000000000000000000000000000000000000000000000000	0	944	f2d14524b824e996da632eab819e3eeaf4f32c3ce8e2f6c08327091b33d999c0
r2n_shapetrans_0172.img	TRIANGLE	171	31	46840	1	WITHHOLD	0000000000000000000000000000000000000000000000000000000000000000	0	443	caee6df4c62fafbb272eaeee15e109b6f0abdea6a2c820778e5a1a9a27b9543f
r2n_shapetrans_0173.img	SQUARE	122	21	48136	1	WITHHOLD	0000000000000000000000000000000000000000000000000000000000000000	0	632	a652df5a6e42aa2640d4ea32f7e2ae4f9e9a565be00d891af33fdf07f0652459
r2n_shapetrans_0174.img	CIRCLE	608	233	47370	1	WITHHOLD	0000000000000000000000000000000000000000000000000000000000000000	0	935	eec55c907c3c5d73ecfafa8ece0fcc680fc04c23d8451c22e6f10a55594a197b
r2n_shapetrans_0175.img	TRIANGLE	171	31	51005	1	WITHHOLD	0000000000000000000000000000000000000000000000000000000000000000	0	273	1364c013f97fd6b6d0588f6a14c74abf2041b06cde7b0eec42129c6f1fc98aff
r2n_shapetrans_0176.img	SQUARE	171	31	47553	1	WITHHOLD	0000000000000000000000000000000000000000000000000000000000000000	0	642	02bcf81a8367a1d0436101a1dbd7239568566e8828baa8c6721693f706884412
r2n_shapetrans_0177.img	CIRCLE	631	257	47866	1	WITHHOLD	0000000000000000000000000000000000000000000000000000000000000000	0	947	c078660cb417dee50f4f72805a1a88a4ab914c19d9e2f2b40bc7375305ea88d9
r2n_shapetrans_0178.img	TRIANGLE	171	31	47237	1	WITHHOLD	0000000000000000000000000000000000000000000000000000000000000000	0	434	798939bc47888ab7b6e1eddba060eecae32487fd5f7a662dfcd05647101e58a6
r2n_shapetrans_0179.img	TRIANGLE	132	23	47333	1	WITHHOLD	0000000000000000000000000000000000000000000000000000000000000000	0	610	e285b14dd4437859dbb9b0beec64abb664f3587577ebdfc1152fa2e63d0176ee
r2n_shapetrans_0180.img	CIRCLE	662	295	47394	1	WITHHOLD	0000000000000000000000000000000000000000000000000000000000000000	0	966	63534457bcecc590afb38366a38b00034d3f3a6a8c22ea667a0ceada17ce5f56
r2n_shapetrans_0181.img	TRIANGLE	171	31	48757	1	WITHHOLD	0000000000000000000000000000000000000000000000000000000000000000	0	183	5e7dcb3fbcd091aa3ea6bd955fecb587eacec37a108a86920d7ac06e5ccc6d09
r2n_shapetrans_0182.img	SQUARE	171	31	47800	1	WITHHOLD	0000000000000000000000000000000000000000000000000000000000000000	0	649	75c679b65a483ce156f909934b596750ef49140b530f0c54e8da815acf985159
r2n_shapetrans_0183.img	CIRCLE	604	229	47479	1	WITHHOLD	0000000000000000000000000000000000000000000000000000000000000000	0	933	edeb1b01b789a5eefdafe330aeb87bce590ccd73286dd13542fee9233b93196c
r2n_shapetrans_0184.img	TRIANGLE	171	31	47267	1	WITHHOLD	0000000000000000000000000000000000000000000000000000000000000000	0	434	2b77a749b2ae35c1551c5087d7c2c3b12f14afbe944eb70fa1dd7c75b465b4cc
r2n_shapetrans_0185.img	SQUARE	19	3	47355	1	WITHHOLD	0000000000000000000000000000000000000000000000000000000000000000	0	623	6a818194c6899f40b57ae79b75839543df4ab1693b23a0eb56c8d1b5631bbe45
r2n_shapetrans_0186.img	CIRCLE	673	309	47473	1	WITHHOLD	0000000000000000000000000000000000000000000000000000000000000000	0	973	0ebf459e1fd88e7ab7663d83d62b6b8d59db229fb1e4815d4537dd8a3fd1838d
r2n_shapetrans_0187.img	TRIANGLE	171	31	47236	1	WITHHOLD	0000000000000000000000000000000000000000000000000000000000000000	0	407	61ff58d69696796ea2a713be24591245b10b7fa220870971006e0ffe1c899ebf
r2n_shapetrans_0188.img	TRIANGLE	79	13	48304	1	WITHHOLD	0000000000000000000000000000000000000000000000000000000000000000	0	615	fde49846cadbfbf2f35054ff85c8368a4f7044e184812870621751083a803140
r2n_shapetrans_0189.img	TRIANGLE	171	31	50352	1	WITHHOLD	0000000000000000000000000000000000000000000000000000000000000000	0	204	ac56cdbeef2bfaa65d23fbb055762f1c47788b8d559c8541e84b13f64ffb5437
r2n_shapetrans_0190.img	TRIANGLE	171	31	46971	1	WITHHOLD	0000000000000000000000000000000000000000000000000000000000000000	0	391	8f61e7f44e4e2a241402fc5d66f6628e937ed73ae1010fe9175b6307857795d7
r2n_shapetrans_0191.img	SQUARE	19	3	47943	1	WITHHOLD	0000000000000000000000000000000000000000000000000000000000000000	0	623	aeaf62731832532ced35a72c3f3f5d567bcd3ec58f6b717646249c7b1f1cabf9
r2n_shapetrans_0192.img	CIRCLE	546	181	47638	1	WITHHOLD	0000000000000000000000000000000000000000000000000000000000000000	0	909	618c51f062cc4dee5c00445273216ed5255955b8c0991d8d076768f64191e80e
r2n_shapetrans_0193.img	TRIANGLE	171	31	47128	1	WITHHOLD	0000000000000000000000000000000000000000000000000000000000000000	0	433	4ace75897e98fb919fdf88925f0d13d3382bbd0caf5fb14f85929fa2e6690150
r2n_shapetrans_0194.img	SQUARE	171	31	47554	1	WITHHOLD	0000000000000000000000000000000000000000000000000000000000000000	0	651	50fa1fac3440dc1eb01d75c82fd49d6442002d91230be05eda68f27b6d86ee42
r2n_shapetrans_0195.img	CIRCLE	668	303	47771	1	WITHHOLD	0000000000000000000000000000000000000000000000000000000000000000	0	970	5a75bee22eab21bee66cbf85683eb5d7e748b4bb0b3f87661d324aa91cfaf9af
r2n_shapetrans_0196.img	TRIANGLE	171	31	47276	1	WITHHOLD	0000000000000000000000000000000000000000000000000000000000000000	0	401	d8d5ec2461e087340b956a9917bad4e8b1273498847ff1498b99a76effbc4170
r2n_shapetrans_0197.img	SQUARE	171	31	47930	1	WITHHOLD	0000000000000000000000000000000000000000000000000000000000000000	0	676	57348ac2122a0c80a8880bf856ef73ae01495e8fc1ac25d77ce326f494f32378
r2n_shapetrans_0198.img	CIRCLE	643	271	47211	1	WITHHOLD	0000000000000000000000000000000000000000000000000000000000000000	0	954	20aca9f1ca462d3b6d5f7f4b63a4e64843b50c53de45bcaee31b6f989c8afa00
r2n_shapetrans_0199.img	TRIANGLE	171	31	47267	1	WITHHOLD	0000000000000000000000000000000000000000000000000000000000000000	0	430	636ff63a42d180686ed063d2b7ce037c65221c08a2d8c27dfe6b98e347ed7660
r2n_shapetrans_0200.img	SQUARE	152	27	47536	1	WITHHOLD	0000000000000000000000000000000000000000000000000000000000000000	0	635	04e973764f4b0da8fae59e048860dc9341c41d14333bb3e5e6dbffb1cfdd1669
r2n_shapetrans_0201.img	CIRCLE	656	287	47596	1	WITHHOLD	0000000000000000000000000000000000000000000000000000000000000000	0	962	fa352545db98e21472c121c2dbecc53b1f31db81603d34d73d1b6be8de032ebb
r2n_shapetrans_0202.img	TRIANGLE	171	31	47001	1	WITHHOLD	0000000000000000000000000000000000000000000000000000000000000000	0	420	64820d29edf4fd9d2acc001e3f178eb2d056f7a03eebdebe2d7672d44c241341
r2n_shapetrans_0203.img	SQUARE	171	31	48228	1	WITHHOLD	0000000000000000000000000000000000000000000000000000000000000000	0	642	c8e8d07125d7e32f65bc4dcb3b53f4fb58359abad70a11454d5dfe0243d2d59d
r2n_shapetrans_0204.img	CIRCLE	640	267	47601	1	WITHHOLD	0000000000000000000000000000000000000000000000000000000000000000	0	952	f405374c429b3f73c069127cfa0c1e4b982b377572226c9def55cc63a92298e4
r2n_shapetrans_0205.img	TRIANGLE	102	31	49470	1	WITHHOLD	0000000000000000000000000000000000000000000000000000000000000000	1	428	492ca762990f3606dd4034807b18f1e99cfa82cabba533bf33a35d2ac8b9cfc4
r2n_shapetrans_0206.img	SQUARE	171	31	48224	1	WITHHOLD	0000000000000000000000000000000000000000000000000000000000000000	0	643	e233b8675ec31a71c7cfc89039fa90b2a208705e99795299abb2798605bd0c8b
r2n_shapetrans_0207.img	CIRCLE	491	145	47462	1	WITHHOLD	0000000000000000000000000000000000000000000000000000000000000000	0	891	d065c9882e03d9385d37d9a0754299b45a30cf555a101b6a41023ac5ad31da94
r2n_shapetrans_0208.img	TRIANGLE	171	31	46886	1	WITHHOLD	0000000000000000000000000000000000000000000000000000000000000000	0	403	1c4245fb7f8ee08a09209bbcc32f60e63f100340af2a04cf6df27f2f471ad7ea
r2n_shapetrans_0209.img	SQUARE	171	31	48152	1	WITHHOLD	0000000000000000000000000000000000000000000000000000000000000000	0	646	d53d454ef4345faf11722dd05e10e6ee19423c3ab2b3481fbce15e6d3ea98e76
r2n_shapetrans_0210.img	CIRCLE	363	231	49704	1	WITHHOLD	0000000000000000000000000000000000000000000000000000000000000000	1	934	921caf2f7c7b10ed896604d1a634f39c6c8aabfc5c8df6e3a6310bca23daee94
r2n_shapetrans_0211.img	TRIANGLE	171	31	47333	1	WITHHOLD	0000000000000000000000000000000000000000000000000000000000000000	0	438	fa0b59dab2d37f6d6b4c3382e3a3d5843f543a3f452aaa11515dd4166b76a054
r2n_shapetrans_0212.img	TRIANGLE	44	7	47386	1	WITHHOLD	0000000000000000000000000000000000000000000000000000000000000000	0	618	225e1fa17aed75d54b8ce56065e5e2672eabcb32acd09e94f1f44bc0103e2827
r2n_shapetrans_0213.img	CIRCLE	575	203	47353	1	WITHHOLD	0000000000000000000000000000000000000000000000000000000000000000	0	920	a32adbe69715dab035503684b10e34c9902b8861dbeb033475f20d8004ad4475
r2n_shapetrans_0214.img	TRIANGLE	171	31	46965	1	WITHHOLD	0000000000000000000000000000000000000000000000000000000000000000	0	422	1207dde43762504dde9bfd08ea3b628e9375cf64b0ed968ea52c4a80c39246b5
r2n_shapetrans_0215.img	TRIANGLE	112	19	48048	1	WITHHOLD	0000000000000000000000000000000000000000000000000000000000000000	0	612	50dace18c5d32fd8d298b56ea54fdf79b10da618d2f655765dc66624025db5b5
r2n_shapetrans_0216.img	CIRCLE	595	221	47188	1	WITHHOLD	0000000000000000000000000000000000000000000000000000000000000000	0	929	807c97995ad69bef7334a6cf3398b15b855d71b43c964b6d709abfbb5beeac5c
r2n_shapetrans_0217.img	TRIANGLE	171	31	46982	1	WITHHOLD	0000000000000000000000000000000000000000000000000000000000000000	0	458	7e37e0c226f1f2e7838980a2bad8c870cf8b88b8775f436bbddc3c4fb7151afa
r2n_shapetrans_0218.img	SQUARE	171	31	47874	1	WITHHOLD	0000000000000000000000000000000000000000000000000000000000000000	0	652	06604e3644f62a9270ef9d7296efef0e9f3579390b1d1e5e774c4686c79cf757
r2n_shapetrans_0219.img	CIRCLE	565	195	47290	1	WITHHOLD	0000000000000000000000000000000000000000000000000000000000000000	0	916	cb489f91764864f7d1b19e37f5d2f5026b1bb3339bb4cb87bb76589c90f62fe2
r2n_shapetrans_0220.img	TRIANGLE	171	31	48744	1	WITHHOLD	0000000000000000000000000000000000000000000000000000000000000000	0	220	279ae931b10d353f28d88751cf20802cb432d564d3930664ab713f3cf5b2e33c
r2n_shapetrans_0221.img	SQUARE	171	31	47274	1	WITHHOLD	0000000000000000000000000000000000000000000000000000000000000000	0	638	dadd83e439ceac9dd1954396ad10a2d865f5bc8d7c2553950e5f6358f46f5aad
r2n_shapetrans_0222.img	CIRCLE	541	177	47147	1	WITHHOLD	0000000000000000000000000000000000000000000000000000000000000000	0	907	40d64e59a5b20126cc25ebd764e9d0d2d67d05b65464bdfb6d09fe3e457d18e8
r2n_shapetrans_0223.img	TRIANGLE	171	31	46958	1	WITHHOLD	0000000000000000000000000000000000000000000000000000000000000000	0	449	a1e0916e5782081c2d987d5688af7802f0c783b81d406460fbb932419a1962d7
r2n_shapetrans_0224.img	SQUARE	171	31	47514	1	WITHHOLD	0000000000000000000000000000000000000000000000000000000000000000	0	638	1da414153e4317bd0aabf1cce627445a835570980eb034c22e094a6634cf0860
r2n_shapetrans_0225.img	CIRCLE	494	147	47198	1	WITHHOLD	0000000000000000000000000000000000000000000000000000000000000000	0	892	57f9c1c332cb422d9794caf90c077911b5c26f075ba7d1291e1e7d88f9b92153
r2n_shapetrans_0226.img	TRIANGLE	171	31	50363	1	WITHHOLD	0000000000000000000000000000000000000000000000000000000000000000	0	416	df9e0806888d9b863ddd18402c1a69b8de6c504c6d0d10558a98f86c2f2c29a3
r2n_shapetrans_0227.img	SQUARE	19	3	48123	1	WITHHOLD	0000000000000000000000000000000000000000000000000000000000000000	0	623	cf630597c42a9828a09ca80a78bdb9c00f5437daad3d1f336b40f1405554c5d9
r2n_shapetrans_0228.img	TRIANGLE	171	31	51000	1	WITHHOLD	0000000000000000000000000000000000000000000000000000000000000000	0	432	ca695099e95af8bf5018ce5ef776660dc7225d36f2da92be37fda996cf13151d
r2n_shapetrans_0229.img	TRIANGLE	171	31	46974	1	WITHHOLD	0000000000000000000000000000000000000000000000000000000000000000	0	437	aae67538b8b11368220db2e0bb04c47989b42cf9d98702b90e04ba19706d4565
r2n_shapetrans_0230.img	SQUARE	171	31	47364	1	WITHHOLD	0000000000000000000000000000000000000000000000000000000000000000	0	641	a25d9aa1e4dc5b2300a0031494c63fa3dd4c046416d7736b56199e0159fe6c2e
r2n_shapetrans_0231.img	CIRCLE	693	339	47391	1	WITHHOLD	0000000000000000000000000000000000000000000000000000000000000000	0	988	b111f0b1fb0618f15ac343019ff050c844c57a20078615614c04e017d9d4dd3b
r2n_shapetrans_0232.img	TRIANGLE	171	31	46900	1	WITHHOLD	0000000000000000000000000000000000000000000000000000000000000000	0	429	612e679453bc831be3589dd44f30d119b42c9afc807b98987d1abd2ef80a9661
r2n_shapetrans_0233.img	SQUARE	142	25	47605	1	WITHHOLD	0000000000000000000000000000000000000000000000000000000000000000	0	634	016f859fd64acfdbbb77ac92034b6212fee72ff33cffd2a9972a174820cde899
r2n_shapetrans_0234.img	CIRCLE	356	83	47115	1	WITHHOLD	0000000000000000000000000000000000000000000000000000000000000000	0	860	45b67fea3c362bc6a5553269fe397f59b5f18457b2d37975a6b42ffbcc1efdac
r2n_shapetrans_0235.img	TRIANGLE	171	31	47045	1	WITHHOLD	0000000000000000000000000000000000000000000000000000000000000000	0	444	792b12dbb0a73bf0435155300954165f8f6baed7d2e08ab981ff2c7b6d38a4ed
r2n_shapetrans_0236.img	SQUARE	171	31	47774	1	WITHHOLD	0000000000000000000000000000000000000000000000000000000000000000	0	637	bcda3815d8ae2255c7a7a3663cbe8c43129ed8c3a1d07c15b13ea6347a404800
r2n_shapetrans_0237.img	CIRCLE	577	205	47464	1	WITHHOLD	0000000000000000000000000000000000000000000000000000000000000000	0	921	23e168184a3ed778ad51e8b7a970471b5378104896e5f5e4620c4bd507ac4077
r2n_shapetrans_0238.img	TRIANGLE	171	31	46850	1	WITHHOLD	0000000000000000000000000000000000000000000000000000000000000000	0	415	c528f219b69eabf348f57f3b6fa8415b7a60f797b623c57bc1efc9dba5aa02d5
r2n_shapetrans_0239.img	TRIANGLE	56	9	47426	1	WITHHOLD	0000000000000000000000000000000000000000000000000000000000000000	0	617	e79a0b5b4406df618c05aa1c186d5188b5580fce7f9461aef8320fe6b4f17ce6
r2n_shapetrans_0240.img	CIRCLE	614	239	47174	1	WITHHOLD	0000000000000000000000000000000000000000000000000000000000000000	0	938	e902eae83dd83566f947d60cd5c5543f3a81ee2ed2545d865b79d95d55626bff
r2n_shapetrans_0241.img	TRIANGLE	171	31	47094	1	WITHHOLD	0000000000000000000000000000000000000000000000000000000000000000	0	434	1025645486726e81b8cd94a799d9cf67db5ae3e6c2b3c544a4c88873059265a9
r2n_shapetrans_0242.img	SQUARE	122	21	48263	1	WITHHOLD	0000000000000000000000000000000000000000000000000000000000000000	0	632	debc82d8ae06b9d46808e453b73b4e9a6aecd6d4ecf45a544c0493251c036400
r2n_shapetrans_0243.img	CIRCLE	416	107	47302	1	WITHHOLD	0000000000000000000000000000000000000000000000000000000000000000	0	872	53cfb11d42647272897c8879b3abc3e341f802f751f22be53c45c6f5178c2842
r2n_shapetrans_0244.img	TRIANGLE	171	31	47301	1	WITHHOLD	0000000000000000000000000000000000000000000000000000000000000000	0	435	0b281162e038a77b564388d1a6562179a4d351b0c3cc4645950625133e299ca5
r2n_shapetrans_0245.img	SQUARE	101	17	47965	1	WITHHOLD	0000000000000000000000000000000000000000000000000000000000000000	0	630	2f6d63cb650e77618b9646e3ee7cd30c19a08c17e69587813a8c6143f9a3910a
r2n_shapetrans_0246.img	CIRCLE	602	227	47727	1	WITHHOLD	0000000000000000000000000000000000000000000000000000000000000000	0	932	f03a8355364cbf193968d6e83e8d2c93f8ab7d9255b19f077cfdcef0413cd36f
r2n_shapetrans_0247.img	TRIANGLE	171	31	46892	1	WITHHOLD	0000000000000000000000000000000000000000000000000000000000000000	0	392	b2bad6c0cab8e8bc102d1c292861cd73f6ce48fe1f415c19afede7ce374c3e9e
r2n_shapetrans_0248.img	SQUARE	171	31	48010	1	WITHHOLD	0000000000000000000000000000000000000000000000000000000000000000	0	644	2b32956a38f4b27bf1efeeb6650146077a7a89ea02e42e3b480ae340f97fe0ae
r2n_shapetrans_0249.img	CIRCLE	514	159	47347	1	WITHHOLD	0000000000000000000000000000000000000000000000000000000000000000	0	898	f61865330561e5b805cde389a64442c551c542fe34f0a2b39ce2d9c3d6edca7b
r2n_shapetrans_0250.img	TRIANGLE	171	31	46875	1	WITHHOLD	0000000000000000000000000000000000000000000000000000000000000000	0	443	ea0e7bfdeded4bfd98dafa0eb6ca2e352ae30edd207c6b67175ac9bf08c1cda5
r2n_shapetrans_0251.img	TRIANGLE	162	29	47699	1	WITHHOLD	0000000000000000000000000000000000000000000000000000000000000000	0	607	b2470271d69b64878facf78b4526dbd658502a92e1b767e9d9e9ac358fda5f47
r2n_shapetrans_0252.img	CIRCLE	397	99	47100	1	WITHHOLD	0000000000000000000000000000000000000000000000000000000000000000	0	868	cfb715090b9dbb597e4a91d47a04987a8c78fc8ab6046008654b737b68ef343d
r2n_shapetrans_0253.img	TRIANGLE	171	31	46885	1	WITHHOLD	0000000000000000000000000000000000000000000000000000000000000000	0	414	1c8e8178a8e823e5b34ecb5a87fa206994cf6b78d6f61b38bd058fb3697fab6a
r2n_shapetrans_0254.img	SQUARE	90	15	48151	1	WITHHOLD	0000000000000000000000000000000000000000000000000000000000000000	0	629	c33addce81becc70ed4b51c925f82b36ff9e0e6bc16be6cef4e7f482eabb9ccc
r2n_shapetrans_0255.img	CIRCLE	638	265	47729	1	WITHHOLD	0000000000000000000000000000000000000000000000000000000000000000	0	951	6b867fe2f00f258ffe0f13ce5190930d16f3969b4c814c91afaf5e0a72a8020c
r2n_shapetrans_0256.img	TRIANGLE	171	31	47027	1	WITHHOLD	0000000000000000000000000000000000000000000000000000000000000000	0	437	6ea29f7a39b8ba654c4b927946be369bbf7bff702a33b36bc392f181ad78e094
r2n_shapetrans_0257.img	SQUARE	171	31	47590	1	WITHHOLD	0000000000000000000000000000000000000000000000000000000000000000	0	639	1c367d98c9c002ae10571d468c63d375ef33869782d97794c71ad51fda6a39e9
r2n_shapetrans_0258.img	CIRCLE	638	265	47281	1	WITHHOLD	0000000000000000000000000000000000000000000000000000000000000000	0	951	d477f69daba2b27ecd118bdc7196abe47bebefea075255cc9deb0b2de5d825e1
r2n_shapetrans_0259.img	TRIANGLE	171	31	47272	1	WITHHOLD	0000000000000000000000000000000000000000000000000000000000000000	0	421	7a311972e08a65ae56b9291a0db61422339ca3830bc5e3c6aef61f353817b934
r2n_shapetrans_0260.img	SQUARE	56	9	47582	1	WITHHOLD	0000000000000000000000000000000000000000000000000000000000000000	0	626	b1a63ca4869cf956c7130568e039eae567be1232a20466c171384716dfe062d3
r2n_shapetrans_0261.img	CIRCLE	501	151	47692	1	WITHHOLD	0000000000000000000000000000000000000000000000000000000000000000	0	894	5fde1eee68a80e22207d13ba39d612f81ad85fecaa0f7f4fc3fafd4a61b84670
r2n_shapetrans_0262.img	TRIANGLE	171	31	47344	1	WITHHOLD	0000000000000000000000000000000000000000000000000000000000000000	0	423	7a96428253100f12dd1a948a5fd5615a78e88ada3673255de5b604b3146298aa
r2n_shapetrans_0263.img	SQUARE	171	31	47781	1	WITHHOLD	0000000000000000000000000000000000000000000000000000000000000000	0	638	40ae0d8637e77f4ada7c667e8e3b9946a91d8692f603461b780a1b316efff4a7
r2n_shapetrans_0264.img	CIRCLE	565	195	47176	1	WITHHOLD	0000000000000000000000000000000000000000000000000000000000000000	0	916	9034ed539dba54d9b763f31159650569acc1001aa33e4d201dc0c8c1a4bac8b0
r2n_shapetrans_0265.img	TRIANGLE	171	31	47043	1	WITHHOLD	0000000000000000000000000000000000000000000000000000000000000000	0	440	4b018beecae0cecc72235cb68a87f144d1b47433897aa41f52d1ac9a4a2deeb5
r2n_shapetrans_0266.img	SQUARE	171	31	47446	1	WITHHOLD	0000000000000000000000000000000000000000000000000000000000000000	0	653	3dd7f69657ba51839129e9a04a4887e46737cc3b1f5c48104ced7579dc09226c
r2n_shapetrans_0267.img	CIRCLE	636	263	47668	1	WITHHOLD	0000000000000000000000000000000000000000000000000000000000000000	0	950	e7018d61c4fc05159734bf387bb3f6e8a687fcbb87f4a6a7a50315037c8a87fb
r2n_shapetrans_0268.img	TRIANGLE	171	31	47079	1	WITHHOLD	0000000000000000000000000000000000000000000000000000000000000000	0	434	8ebcf3fc65bf72d5fe1c49b433780e61c4fc8186d77e8334357291c91ef047f9
r2n_shapetrans_0269.img	SQUARE	152	27	47723	1	WITHHOLD	0000000000000000000000000000000000000000000000000000000000000000	0	635	85f251845dae6693fe3c6677b32f3fa4afb858b271a4a9edca8fdad0e9f0acc3
r2n_shapetrans_0270.img	CIRCLE	614	239	47808	1	WITHHOLD	0000000000000000000000000000000000000000000000000000000000000000	0	938	a0f42b183d3522ede19c24a4e7b08e6c2c3ce055ae851b36f3bbd618f5d3f8e7
r2n_shapetrans_0271.img	TRIANGLE	171	31	47174	1	WITHHOLD	0000000000000000000000000000000000000000000000000000000000000000	0	405	f0198c1c41eee4c84c4104d6aee5997f4f3656aeae519d14d3f0507761cffdc9
r2n_shapetrans_0272.img	SQUARE	171	31	47915	1	WITHHOLD	0000000000000000000000000000000000000000000000000000000000000000	0	656	12a59c845177ae91d7a638e54301f53374b0e04b78231bb3b7dd64002e6e5ee8
r2n_shapetrans_0273.img	CIRCLE	602	227	47170	1	WITHHOLD	0000000000000000000000000000000000000000000000000000000000000000	0	932	53da47f74f547d567b751c5b97eeebf74204400dafe03f80569614f1032fe9f7
r2n_shapetrans_0274.img	TRIANGLE	171	31	47198	1	WITHHOLD	0000000000000000000000000000000000000000000000000000000000000000	0	441	16b29b613edfc5b595057374a9cdc07dbbb2849d6d38497b989a57184b3abbaf
r2n_shapetrans_0275.img	SQUARE	171	31	47573	1	WITHHOLD	0000000000000000000000000000000000000000000000000000000000000000	0	647	881cd50977aec7467bce313ca8d98be4a7e5f9386e0e5095dcdcdb137a07ded3
r2n_shapetrans_0276.img	CIRCLE	597	223	47745	1	WITHHOLD	0000000000000000000000000000000000000000000000000000000000000000	0	930	d44ad2aa99eb677d8f4e7f72288000e04c7a9654ac0fbd514852f883e4433525
r2n_shapetrans_0277.img	TRIANGLE	171	31	47230	1	WITHHOLD	0000000000000000000000000000000000000000000000000000000000000000	0	418	a013c3d17c6fc97bdc40a75c17409d2079a8688c5ecc58e6cc06f4529b0cd5df
r2n_shapetrans_0278.img	SQUARE	171	31	47526	1	WITHHOLD	0000000000000000000000000000000000000000000000000000000000000000	0	659	2b1cd2c0a4da66554bdc4b2bf397bc64480aece7f0671f846a077724e4ed7a42
r2n_shapetrans_0279.img	CIRCLE	625	251	47229	1	WITHHOLD	0000000000000000000000000000000000000000000000000000000000000000	0	944	fa20bb60252a858080b2d524f446b36291bf0c3f86f24357b92065c2ffd591c4
r2n_shapetrans_0280.img	TRIANGLE	171	31	46846	1	WITHHOLD	0000000000000000000000000000000000000000000000000000000000000000	0	448	925ee49d3b1fbbcf64c80fd01c8fddd37736086bb6285455324bd9ebc9a7bcd3
r2n_shapetrans_0281.img	SQUARE	171	31	47616	1	WITHHOLD	0000000000000000000000000000000000000000000000000000000000000000	0	646	d9ebdbc3e29617503dd59e974cb68df50cf8a48a48da8cd1a3792cd894c3f0d0
r2n_shapetrans_0282.img	CIRCLE	631	257	47716	1	WITHHOLD	0000000000000000000000000000000000000000000000000000000000000000	0	947	c7d6c9f77c796a1c0e9da4311e41d9531ffba0ff781ecd16fe7ca44b66820c15
r2n_shapetrans_0283.img	TRIANGLE	171	31	47244	1	WITHHOLD	0000000000000000000000000000000000000000000000000000000000000000	0	437	22918ad35ab9744dde289fccf1f11bc2f2efa021b6ad3f772909bd6e48367d88
r2n_shapetrans_0284.img	TRIANGLE	142	25	47922	1	WITHHOLD	0000000000000000000000000000000000000000000000000000000000000000	0	609	c7a166ed142f18226c8f7f48430a9f266d991f15fabef08b56837848cd709f5c
r2n_shapetrans_0285.img	CIRCLE	664	297	47720	1	WITHHOLD	0000000000000000000000000000000000000000000000000000000000000000	0	967	f25320be6840b8a80210dc11f742555d78e6d94d180a515b7a68f30c32976b3e
r2n_shapetrans_0286.img	TRIANGLE	171	31	46895	1	WITHHOLD	0000000000000000000000000000000000000000000000000000000000000000	0	444	773ddb92121e728c129537171ecf56063e9d973d0fe3d4c20e9aaebc895e6a6b
r2n_shapetrans_0287.img	SQUARE	132	23	47890	1	WITHHOLD	0000000000000000000000000000000000000000000000000000000000000000	0	633	d6a61b7804b958e9bda18c40de431fb6bf733b333eca72c6e8dc2fcca79d2e74
r2n_shapetrans_0288.img	CIRCLE	586	213	47846	1	WITHHOLD	0000000000000000000000000000000000000000000000000000000000000000	0	925	f72b915ee23a32ee73b841a20bdc2f4167acc85472310e915757aa2f3d306da7
r2n_shapetrans_0289.img	TRIANGLE	171	31	46918	1	WITHHOLD	0000000000000000000000000000000000000000000000000000000000000000	0	425	a621a364507196bc347c829e478c3517441529855fb9f63f40aa2b9df2a2f28c
r2n_shapetrans_0290.img	SQUARE	32	5	47997	1	WITHHOLD	0000000000000000000000000000000000000000000000000000000000000000	0	624	d7ba433278b1e423d3eeaec25c1d1d598817152b0154f3f2e91581fc7649043b
r2n_shapetrans_0291.img	CIRCLE	523	165	47290	1	WITHHOLD	0000000000000000000000000000000000000000000000000000000000000000	0	901	09ffc2ced0ee8f53e81039f82e1d3bee049b3e7dffc8d2f60ce105a576194776
r2n_shapetrans_0292.img	TRIANGLE	171	31	46826	1	WITHHOLD	0000000000000000000000000000000000000000000000000000000000000000	0	430	b6181d14a990c99850a046be20c09670818668c0631a6d71d563e3554cf8af16
r2n_shapetrans_0293.img	SQUARE	171	31	48033	1	WITHHOLD	0000000000000000000000000000000000000000000000000000000000000000	0	638	576b8f551896abc3d868ca2a15838b9d760c9c1a1f7900db42ba543ef4fd9050
r2n_shapetrans_0294.img	CIRCLE	610	235	47325	1	WITHHOLD	0000000000000000000000000000000000000000000000000000000000000000	0	936	f6b5295d6cf755065c90e9a323d02fc0725c0e8d120ee3885968f8e93832f16b
r2n_shapetrans_0295.img	TRIANGLE	171	31	47070	1	WITHHOLD	0000000000000000000000000000000000000000000000000000000000000000	0	421	d9c1e96badb452d526fd387c1cb4d9c3874b90d5ed43af943cfd31e8ee352450
r2n_shapetrans_0296.img	SQUARE	68	11	47666	1	WITHHOLD	0000000000000000000000000000000000000000000000000000000000000000	0	627	295d995e226eda0d99ca6cf6e4a60d7319471217fedd72f579ef307595ed2f96
r2n_shapetrans_0297.img	CIRCLE	494	147	47280	1	WITHHOLD	0000000000000000000000000000000000000000000000000000000000000000	0	892	1d503a8071e4920ffdce59d3d026b6a8f4982810d6f0919f56284eb4f3edc116
r2n_shapetrans_0298.img	TRIANGLE	171	31	47107	1	WITHHOLD	0000000000000000000000000000000000000000000000000000000000000000	0	450	7bc343e5cc1caa0e9404d5253fcfa41c006518857fca3b3551b6a3758d2ab5c4
r2n_shapetrans_0299.img	SQUARE	79	13	48006	1	WITHHOLD	0000000000000000000000000000000000000000000000000000000000000000	0	628	d50e06ef98cffc045b4777947cfe349a5e3050a45d94b3c0a49e6ff65a582e98
r2n_shapetrans_0300.img	TRIANGLE	171	31	48381	1	WITHHOLD	0000000000000000000000000000000000000000000000000000000000000000	0	357	7831bf4463743fc4cfe633cee4acc05155e0c0980d9d5577a0bc2cbd5c595f0d
r2n_shapetrans_0301.img	TRIANGLE	171	31	46905	1	WITHHOLD	0000000000000000000000000000000000000000000000000000000000000000	0	427	cbcb3d749fcf39bbf5abce89d599c6b0984e92669cc1575a60656430a4699eb1
r2n_shapetrans_0302.img	SQUARE	171	31	47620	1	WITHHOLD	0000000000000000000000000000000000000000000000000000000000000000	0	648	2c70f2fb9c5889e54b2537f5898490a5c762a9d394b3efb0206d22a3abdd8120
r2n_shapetrans_0303.img	CIRCLE	466	131	47396	1	WITHHOLD	0000000000000000000000000000000000000000000000000000000000000000	0	884	524c250645e80cd0a30b23487e8ec4fef22b2c26540e34bc2cf8b651513bb369
r2n_shapetrans_0304.img	TRIANGLE	171	31	47061	1	WITHHOLD	0000000000000000000000000000000000000000000000000000000000000000	0	421	1b387df851e49e5503ffe27de63168f33de649a96c6c75c79ecfa4e65f2ccf97
r2n_shapetrans_0305.img	SQUARE	102	31	49057	1	WITHHOLD	0000000000000000000000000000000000000000000000000000000000000000	1	639	021d7680ae9603c20a3f4505152b52466e4ff609977cf0d8b255f23c1b0f8550
r2n_shapetrans_0306.img	CIRCLE	557	189	47759	1	WITHHOLD	0000000000000000000000000000000000000000000000000000000000000000	0	913	50bf55cc4d2d082f149b623692ae9b4bf4a5a9148d072627eecf4991c91b23b0
r2n_shapetrans_0307.img	TRIANGLE	171	31	46902	1	WITHHOLD	0000000000000000000000000000000000000000000000000000000000000000	0	424	a842b52a6639697140c13fd2942be1c94ef93b7abcc971c218f36d81fa99b284
r2n_shapetrans_0308.img	TRIANGLE	102	31	50801	1	WITHHOLD	0000000000000000000000000000000000000000000000000000000000000000	1	420	1444dec31182ce55e84abbe3a4b1b3628085beda55f4ff100570ef90cf02ee14
r2n_shapetrans_0309.img	CIRCLE	595	221	47343	1	WITHHOLD	0000000000000000000000000000000000000000000000000000000000000000	0	929	33ef7ad32fcfebf18f2618a695fdd188fee5564ce6da641c2f7b415361f1b597
r2n_shapetrans_0310.img	TRIANGLE	171	31	47197	1	WITHHOLD	0000000000000000000000000000000000000000000000000000000000000000	0	440	35b4601c7264ae82d39345ad39f51eb796c349d6c078a43f17762bf194518bd3
r2n_shapetrans_0311.img	SQUARE	171	31	47517	1	WITHHOLD	0000000000000000000000000000000000000000000000000000000000000000	0	652	d904ce0527b65ce305c40d1ebd120f3b9f05900b69e11d7d30ab8dc20f27270c
r2n_shapetrans_0312.img	CIRCLE	593	219	47262	1	WITHHOLD	0000000000000000000000000000000000000000000000000000000000000000	0	928	145b58231a7402f39b0d8f8b9803ddc0b4363676ccae975032519a0d032a2f07
r2n_shapetrans_0313.img	TRIANGLE	171	31	47060	1	WITHHOLD	0000000000000000000000000000000000000000000000000000000000000000	0	419	d987ab73b179b5cc62bbe3acf41f8313dbdde6ac0c7114a330ddb50302179605
r2n_shapetrans_0314.img	SQUARE	171	31	47984	1	WITHHOLD	0000000000000000000000000000000000000000000000000000000000000000	0	637	b53c8f5dc4ad49bf70ba8c07d160948a9742bb2d7eb5455be021e1afd7e45324
r2n_shapetrans_0315.img	CIRCLE	627	253	47768	1	WITHHOLD	0000000000000000000000000000000000000000000000000000000000000000	0	945	7bd11c50de4a5c2c0d55d1c69926043d769d2c5ea8ba5cfe9b0b3638b892eb5e
r2n_shapetrans_0316.img	TRIANGLE	171	31	47107	1	WITHHOLD	0000000000000000000000000000000000000000000000000000000000000000	0	433	b66581e56480b0a4ab45b92b5604d25abd88071ebec77bcb8ecb15f2876b18e1
r2n_shapetrans_0317.img	SQUARE	171	31	48190	1	WITHHOLD	0000000000000000000000000000000000000000000000000000000000000000	0	646	cb109b14b1611578ffbd9cc9c733fa6cf9f503622fbbcb44602c0f77bcdb3c48
r2n_shapetrans_0318.img	CIRCLE	579	207	47700	1	WITHHOLD	0000000000000000000000000000000000000000000000000000000000000000	0	922	a487124f378316db0b5327cc0cb4c40fd5abdd0876ca77ab7f8ac77861601887
r2n_shapetrans_0319.img	TRIANGLE	171	31	47328	1	WITHHOLD	0000000000000000000000000000000000000000000000000000000000000000	0	440	6d7825a0ccb17cc0a5235ce6286c72a203ebf0f3b2df2076acc2858326154265
r2n_shapetrans_0320.img	SQUARE	171	31	48041	1	WITHHOLD	0000000000000000000000000000000000000000000000000000000000000000	0	640	24bfd5f2cc4b7c5afc0bce7566d46398787917a0b04ea61bf1fccdb8d8a5f056
r2n_shapetrans_0321.img	CIRCLE	546	181	47755	1	WITHHOLD	0000000000000000000000000000000000000000000000000000000000000000	0	909	37cc171008157cf431658f6f6d12c1ecc4887a59f8dd0e978241bbf16c9c5b70
r2n_shapetrans_0322.img	TRIANGLE	171	31	47138	1	WITHHOLD	0000000000000000000000000000000000000000000000000000000000000000	0	437	355ef41a6458fe986d9d3faed0b2640394c88202ea8a54ecadcb00878ad8dc00
r2n_shapetrans_0323.img	SQUARE	171	31	47801	1	WITHHOLD	0000000000000000000000000000000000000000000000000000000000000000	0	658	493547bf859e48227a952cef61d875fc91c7086461e1b2badf9fc8295223455e
r2n_shapetrans_0324.img	CIRCLE	450	123	47448	1	WITHHOLD	0000000000000000000000000000000000000000000000000000000000000000	0	880	0ddebc1c2f7d2b814256ec3b9ef0287e99ec9adf96a99f762111a45d08e80ce5
r2n_shapetrans_0325.img	TRIANGLE	171	31	47319	1	WITHHOLD	0000000000000000000000000000000000000000000000000000000000000000	0	437	f71f20297e32fd347c9ffa606e753f545c192ec3eb0f86a3ef6af22f83d9ee3d
r2n_shapetrans_0326.img	SQUARE	142	25	47532	1	WITHHOLD	0000000000000000000000000000000000000000000000000000000000000000	0	634	7118e60366a07f7543cb8d1e9b2b75bb4c9fe8799202eaecbe4a9ed672ba7916
r2n_shapetrans_0327.img	CIRCLE	526	167	47533	1	WITHHOLD	0000000000000000000000000000000000000000000000000000000000000000	0	902	5b6efa36f22d88be76754b357c21b04561866be1ae032346494a10c7bbf89627
r2n_shapetrans_0328.img	TRIANGLE	171	31	49661	1	WITHHOLD	0000000000000000000000000000000000000000000000000000000000000000	0	214	7f21b62c8eb46a9b8578fb62a6242f389dda7336e493ade16dc4fed3c1db90f2
r2n_shapetrans_0329.img	SQUARE	56	9	47704	1	WITHHOLD	0000000000000000000000000000000000000000000000000000000000000000	0	626	d042a9cc91b76829a3bb42fb8ad46a42d4cc4b360f72872f46cf309e4cfae7cc
r2n_shapetrans_0330.img	CIRCLE	511	157	47191	1	WITHHOLD	0000000000000000000000000000000000000000000000000000000000000000	0	897	639d89a3806ac6bb0229d7c553de076b3edec0793d419dca6941056fbd5ffc3d
r2n_shapetrans_0331.img	TRIANGLE	171	31	47049	1	WITHHOLD	0000000000000000000000000000000000000000000000000000000000000000	0	407	3f2f84386554da93133c6d0ae69591404320c59ebe5896493bd00d0d9b31e3e5
r2n_shapetrans_0332.img	SQUARE	171	31	47548	1	WITHHOLD	0000000000000000000000000000000000000000000000000000000000000000	0	657	646affdd05c689a02717e91c384b5583a40d9ab51d390b0c17a99aab68b1f599
r2n_shapetrans_0333.img	CIRCLE	529	169	47187	1	WITHHOLD	0000000000000000000000000000000000000000000000000000000000000000	0	903	a04f685c4081f2755cae3d500f0d231e82262eb17429dd8229caa62659d48841
r2n_shapetrans_0334.img	TRIANGLE	171	31	47161	1	WITHHOLD	0000000000000000000000000000000000000000000000000000000000000000	0	410	7b2af4140e6077ca686019f6362cbe605cf824b7e95f5593e5fb11b7f88e2370
r2n_shapetrans_0335.img	SQUARE	32	5	47544	1	WITHHOLD	0000000000000000000000000000000000000000000000000000000000000000	0	624	de98e4baa09b6fc15618395fd418faa5b5c32b65ada95512b7b9b1da36635add
r2n_shapetrans_0336.img	CIRCLE	643	271	47650	1	WITHHOLD	0000000000000000000000000000000000000000000000000000000000000000	0	954	b6553b8b0b880623d6de517bf164187e53d35fea691908fafbe48f57dcb09be5
r2n_shapetrans_0337.img	TRIANGLE	171	31	46914	1	WITHHOLD	0000000000000000000000000000000000000000000000000000000000000000	0	424	cfb24492ad216890f21cef7ed36de8bda3cacd3fbc2f7774041fae5c7ceb98a4
r2n_shapetrans_0338.img	SQUARE	171	31	47924	1	WITHHOLD	0000000000000000000000000000000000000000000000000000000000000000	0	647	5021be35616c8d32c69f81d00a9df7eaa460da66a73b28fbf485c17808207289
r2n_shapetrans_0339.img	CIRCLE	541	177	47710	1	WITHHOLD	0000000000000000000000000000000000000000000000000000000000000000	0	907	4d1a68d5cf5164d0514b3fa9b9bdb25b28753cfc616050b028e2bb8ed47b5be3
r2n_shapetrans_0340.img	TRIANGLE	171	31	47119	1	WITHHOLD	0000000000000000000000000000000000000000000000000000000000000000	0	426	1ae4074cca5cbc43bac4dd5040a7318a01ba08be0d4834915b41b0415f7c131b
r2n_shapetrans_0341.img	SQUARE	171	31	47352	1	WITHHOLD	0000000000000000000000000000000000000000000000000000000000000000	0	646	89507e770bbc2d2669cc627ddb4a791389d62a517a8e2c5ec803b85fbf821e51
r2n_shapetrans_0342.img	CIRCLE	625	251	47090	1	WITHHOLD	0000000000000000000000000000000000000000000000000000000000000000	0	944	48b4c8caa77e11bd2914aa2082c16e91752c3f9dd63303ee69df0e6226d2c8b1
r2n_shapetrans_0343.img	TRIANGLE	171	31	46840	1	WITHHOLD	0000000000000000000000000000000000000000000000000000000000000000	0	406	642a6b123d1dfebd1fc6f1c09ce0b367317c63f933ea01392bd7da9a8ec79ccd
r2n_shapetrans_0344.img	SQUARE	132	23	47661	1	WITHHOLD	0000000000000000000000000000000000000000000000000000000000000000	0	633	0d8d8cbcf06e6f2d19e360619bf0939bf18d7068f51514e60d23b15749690725
r2n_shapetrans_0345.img	CIRCLE	565	195	47672	1	WITHHOLD	0000000000000000000000000000000000000000000000000000000000000000	0	916	4fc5a82ae23a74358a39cd1d04452584d614cdc5fa45e19b06042bc5850f723c
r2n_shapetrans_0346.img	TRIANGLE	171	31	47268	1	WITHHOLD	0000000000000000000000000000000000000000000000000000000000000000	0	417	e24f0bd3269339fb25fa5fa04f3d297f42d1f6bef3cf9829c852048da582e43c
r2n_shapetrans_0347.img	SQUARE	171	31	47595	1	WITHHOLD	0000000000000000000000000000000000000000000000000000000000000000	0	641	1643294b7fd0d741bb39b1a33d1819b9ed161ea62056160a81f88e88a2ee3b9e
r2n_shapetrans_0348.img	CIRCLE	648	277	47541	1	WITHHOLD	0000000000000000000000000000000000000000000000000000000000000000	0	957	9af1f3365978ef98447b3995227eea17e9d542f0bec5b863399ab6af9618626d
r2n_shapetrans_0349.img	TRIANGLE	171	31	47272	1	WITHHOLD	0000000000000000000000000000000000000000000000000000000000000000	0	412	41f3f800e4136e33fa10e0865efe6834ca0b777d1c0f0d9e0166159fb2b86e01
r2n_shapetrans_0350.img	SQUARE	171	31	47480	1	WITHHOLD	0000000000000000000000000000000000000000000000000000000000000000	0	648	679832814aa2dd63535cb5c84ab53971aa8327bf5a80a37093ada101ea240b1c
r2n_shapetrans_0351.img	CIRCLE	604	229	47216	1	WITHHOLD	0000000000000000000000000000000000000000000000000000000000000000	0	933	f4e6fbbfeb4a01d494039b02ce840e0b6415aed875325707670500ef0df177d2
r2n_shapetrans_0352.img	TRIANGLE	171	31	47323	1	WITHHOLD	0000000000000000000000000000000000000000000000000000000000000000	0	418	54b299bb514c19049c2568d32cd462c45f57ae9b936f1a36969d35ee17d42f73
r2n_shapetrans_0353.img	SQUARE	171	31	47321	1	WITHHOLD	0000000000000000000000000000000000000000000000000000000000000000	0	656	9dbd342f22c66ae8449d4df9e0b404e175326a6bcdccc4a79c5e1a218f48a6e8
r2n_shapetrans_0354.img	CIRCLE	612	237	47483	1	WITHHOLD	0000000000000000000000000000000000000000000000000000000000000000	0	937	419181f2471d0ea2fc2b272fe2e7e08018fb9c8e18031b73a104b103e8144f01
r2n_shapetrans_0355.img	TRIANGLE	171	31	46900	1	WITHHOLD	0000000000000000000000000000000000000000000000000000000000000000	0	424	8aad0658e938bea2e3ee7fd7749d6fb5f998c0bf8588162114da0d8f8d998e05
r2n_shapetrans_0356.img	SQUARE	142	25	47548	1	WITHHOLD	0000000000000000000000000000000000000000000000000000000000000000	0	634	57d83e197f16e1f43cc6090ed9d01c503fe08823fb650886a429411859db3497
r2n_shapetrans_0357.img	CIRCLE	477	137	47298	1	WITHHOLD	0000000000000000000000000000000000000000000000000000000000000000	0	887	967f727d44655110357626d89d37b666deba0789d1792269ef24a95e70c7c0fa
r2n_shapetrans_0358.img	TRIANGLE	171	31	46823	1	WITHHOLD	0000000000000000000000000000000000000000000000000000000000000000	0	421	3800588a7f607d178d9f2520f33a462d657775fbc5014b96e41bef101cff9756
r2n_shapetrans_0359.img	SQUARE	56	9	47919	1	WITHHOLD	0000000000000000000000000000000000000000000000000000000000000000	0	626	8c4ecde398d95349f6f4a57b40de0f118e07d9bad275cb2af3e78c2db7955e3b
r2n_shapetrans_0360.img	CIRCLE	582	209	47843	1	WITHHOLD	0000000000000000000000000000000000000000000000000000000000000000	0	923	0f1c8109c003372fb096d951982a2b3a640728514920d5ebc64cba02b6955559
r2n_shapetrans_0361.img	TRIANGLE	171	31	46938	1	WITHHOLD	0000000000000000000000000000000000000000000000000000000000000000	0	426	6907488f68a0a2b6c7e5e322a431812720877491b25ac1c63f982a5226547e11
r2n_shapetrans_0362.img	TRIANGLE	171	31	47683	1	WITHHOLD	0000000000000000000000000000000000000000000000000000000000000000	0	603	bdc77d9ab945c8ac32d1d9ab0c6dfd4d3e58065e45c698396bf398d5d8241714
r2n_shapetrans_0363.img	CIRCLE	643	271	47345	1	WITHHOLD	0000000000000000000000000000000000000000000000000000000000000000	0	954	2edd48108c0c0b52a40cee1d7a74f756207bedf2d71852e99c21eaecc0b053cc
r2n_shapetrans_0364.img	TRIANGLE	171	31	47010	1	WITHHOLD	0000000000000000000000000000000000000000000000000000000000000000	0	421	3111c1b0c0496db9c545e57eebac4b422c19c1206d4664c78e6c7e141f011b17
r2n_shapetrans_0365.img	SQUARE	171	31	47870	1	WITHHOLD	0000000000000000000000000000000000000000000000000000000000000000	0	643	1a7539007acef3bba034a63142bee79929e11769bd474a257a338940e54068f4
r2n_shapetrans_0366.img	CIRCLE	620	245	47487	1	WITHHOLD	0000000000000000000000000000000000000000000000000000000000000000	0	941	27063a8a00c334d811f35a6d837d93719efd7335347f8e3e4988cf61a179f830
r2n_shapetrans_0367.img	TRIANGLE	171	31	46893	1	WITHHOLD	0000000000000000000000000000000000000000000000000000000000000000	0	415	1e84e366037e1e16e9bf93077e8d1e17a29759edf872a23424018a9a42f59ec0
r2n_shapetrans_0368.img	SQUARE	171	31	48085	1	WITHHOLD	0000000000000000000000000000000000000000000000000000000000000000	0	662	de4ec383b67cbc597fc875e099b9f4143c1b6d340323629c2c04a56f57b2b14c
r2n_shapetrans_0369.img	CIRCLE	653	283	47267	1	WITHHOLD	0000000000000000000000000000000000000000000000000000000000000000	0	960	b336bdf91809d49198c96bfcdf6c48f6d2e7f907df7ebd5b5e883d8fb7a5f830
r2n_shapetrans_0370.img	TRIANGLE	171	31	46999	1	WITHHOLD	0000000000000000000000000000000000000000000000000000000000000000	0	425	94c538eef1a741b079126716c75d4dddb85a5efd17cf261a35c6461ab76ec6ad
r2n_shapetrans_0371.img	SQUARE	19	3	47974	1	WITHHOLD	0000000000000000000000000000000000000000000000000000000000000000	0	623	8a2ae7b0e5293ea3170af203c96309b45188116a89a8ca621c95615cb9316477
r2n_shapetrans_0372.img	CIRCLE	560	191	47280	1	WITHHOLD	0000000000000000000000000000000000000000000000000000000000000000	0	914	81d5f4c4dfbd973e347ab908b5576ef22025a299bff0a945b5277f8d11a5bf1b
r2n_shapetrans_0373.img	TRIANGLE	171	31	47174	1	WITHHOLD	0000000000000000000000000000000000000000000000000000000000000000	0	429	4538cb4a716482ad6eaa5a08e1f93aa6ba4e96ed73a3f410b66ab927d23f2a70
r2n_shapetrans_0374.img	SQUARE	171	31	48043	1	WITHHOLD	0000000000000000000000000000000000000000000000000000000000000000	0	649	3c0bcf578a133473171c773ab31c404c1e4b87032056cfdb43576891960cc8f0
r2n_shapetrans_0375.img	CIRCLE	562	193	47114	1	WITHHOLD	0000000000000000000000000000000000000000000000000000000000000000	0	915	a42f000bba75d7fbf6776f93d132210d2c17b700a0577e808a45515ff022e5c0
r2n_shapetrans_0376.img	TRIANGLE	171	31	46861	1	WITHHOLD	0000000000000000000000000000000000000000000000000000000000000000	0	421	e3b00921780298dd7d93e60ce23fc6d9de437201dcefd7f22d88c9ff7f99f6cf
r2n_shapetrans_0377.img	SQUARE	171	31	47613	1	WITHHOLD	0000000000000000000000000000000000000000000000000000000000000000	0	644	404b4dd24a28a6e980bb84cc8c040159e866529548a1eae2e10d4540ff5bd205
r2n_shapetrans_0378.img	CIRCLE	670	305	47611	1	WITHHOLD	0000000000000000000000000000000000000000000000000000000000000000	0	971	334580ded6f906a923b72c89b0fcc79fb8f41d0c5c92dfe1c275e8f508d2aa3a
r2n_shapetrans_0379.img	TRIANGLE	171	31	47021	1	WITHHOLD	0000000000000000000000000000000000000000000000000000000000000000	0	426	5ffd281131f4c3daa595bca2018a282b8fc8b761c729480dc130e430ae2c0cac
r2n_shapetrans_0380.img	SQUARE	171	31	48003	1	WITHHOLD	0000000000000000000000000000000000000000000000000000000000000000	0	647	01028d1896ba0f4f15ab854ecf874aa6755cf9c240767bd2c9f44cf164c6b5f0
r2n_shapetrans_0381.img	CIRCLE	618	243	47681	1	WITHHOLD	0000000000000000000000000000000000000000000000000000000000000000	0	940	32c591edb6761379f8eb2bd0f15ae5fcb4780e864ad3d8f20f7c938ea6b5308d
r2n_shapetrans_0382.img	TRIANGLE	171	31	47069	1	WITHHOLD	0000000000000000000000000000000000000000000000000000000000000000	0	425	83dae89e339ecdd0f4a7177124ddb26a8e35d6f1d9c7332a0ec783ec17f831fd
r2n_shapetrans_0383.img	SQUARE	162	29	48075	1	WITHHOLD	0000000000000000000000000000000000000000000000000000000000000000	0	636	dfbd83c0c1a950d75fa5f05bd9770e7f93f84b11c21d93132a83513f6d105e4f
r2n_shapetrans_0384.img	CIRCLE	577	205	47464	1	WITHHOLD	0000000000000000000000000000000000000000000000000000000000000000	0	921	ed50ae9688a7421aaf261f164d6334a46cdfbbbd2c8c90c2177961986cc62541
r2n_shapetrans_0385.img	TRIANGLE	171	31	47275	1	WITHHOLD	0000000000000000000000000000000000000000000000000000000000000000	0	413	755ad67ea95b5c1e6fb8da5fb7f59dde850a20e401ab4b1254d58e2c858d03ca
r2n_shapetrans_0386.img	TRIANGLE	32	5	47302	1	WITHHOLD	0000000000000000000000000000000000000000000000000000000000000000	0	619	af384d827f6b78de0e1a15cc8ac44e66997dd2f57e3110c87b78cf5f087b59f5
r2n_shapetrans_0387.img	CIRCLE	610	235	47532	1	WITHHOLD	0000000000000000000000000000000000000000000000000000000000000000	0	936	0ec0b1cfb094660ee6ebc8c52991d3bc0b9d912d7997b3055f430e9bc1cad2f8
r2n_shapetrans_0388.img	TRIANGLE	171	31	46972	1	WITHHOLD	0000000000000000000000000000000000000000000000000000000000000000	0	432	d48f19d348fa7f2f4e66712d6b11c2b057b9f815b8b4a716a29f2e2583c863ee
r2n_shapetrans_0389.img	SQUARE	112	19	47534	1	WITHHOLD	0000000000000000000000000000000000000000000000000000000000000000	0	631	879e86f4a8edc0c4cf42e42aa082208492c0f3c9fd086e6f962b3035ec7f79dd
r2n_shapetrans_0390.img	CIRCLE	529	169	47238	1	WITHHOLD	0000000000000000000000000000000000000000000000000000000000000000	0	903	4a8040385eea8cc1cf0437e940a4695045a240cd20ea68df9ca9e1d1b514e61c
r2n_shapetrans_0391.img	TRIANGLE	171	31	47115	1	WITHHOLD	0000000000000000000000000000000000000000000000000000000000000000	0	426	c5043fcda4058a5af17c2cb6e066c8e1d58dcd221c1de91c16fd15bc52cbdd69
r2n_shapetrans_0392.img	TRIANGLE	171	31	47849	1	WITHHOLD	0000000000000000000000000000000000000000000000000000000000000000	0	606	6c13894dface521888ce358ed58abb15d338ebc2d6afd8fb33d14fe46998782b
r2n_shapetrans_0393.img	CIRCLE	480	139	47106	1	WITHHOLD	0000000000000000000000000000000000000000000000000000000000000000	0	888	71451c5822038808307f3d3168ef35081a1b769950ae9d43b829f92b43225edf
r2n_shapetrans_0394.img	TRIANGLE	171	31	47149	1	WITHHOLD	0000000000000000000000000000000000000000000000000000000000000000	0	425	a640eb42be2cdf67dac45f0e349d92161be17e5b05567d14edc42e292b1bafea
r2n_shapetrans_0395.img	SQUARE	101	17	48211	1	WITHHOLD	0000000000000000000000000000000000000000000000000000000000000000	0	630	0bdb19efc5e9b9fc91c452c1956d4376c3e09d68f2e784aff735c149e32c5eb2
r2n_shapetrans_0396.img	CIRCLE	535	173	47607	1	WITHHOLD	0000000000000000000000000000000000000000000000000000000000000000	0	905	9d7e9e07979fb2e33f98dfc01411c395e8f50a75f05b3c943b8159e79f728e5e
r2n_shapetrans_0397.img	TRIANGLE	171	31	47235	1	WITHHOLD	0000000000000000000000000000000000000000000000000000000000000000	0	445	69643d73a66ff254d28a501dbcfe1fd3abf9676082b30a92fb5bc36dba161c84
r2n_shapetrans_0398.img	SQUARE	6	1	47816	1	WITHHOLD	0000000000000000000000000000000000000000000000000000000000000000	0	622	2ca75fa2c80550207393e0c4262133217b316da4bb09f845b91c5f7125a39e4a
r2n_shapetrans_0399.img	CIRCLE	488	143	47224	1	WITHHOLD	0000000000000000000000000000000000000000000000000000000000000000	0	890	ed25cdafb5fe8e2578ef23874136d18fa57aa8db6b3d93d2560743a8166fd9ee
r2n_shapetrans_0400.img	TRIANGLE	171	31	47182	1	WITHHOLD	0000000000000000000000000000000000000000000000000000000000000000	0	438	99cb6f0c22f242d9bb12ad4a43bcf784c0c38b10500c864b0a95e1499d433271
r2n_shapetrans_0401.img	SQUARE	171	31	48175	1	WITHHOLD	0000000000000000000000000000000000000000000000000000000000000000	0	642	abec8ec7a57706cc0a86f7f0266fa543f8017f765f642c5a77f6a90430acb50f
r2n_shapetrans_0402.img	CIRCLE	689	333	47579	1	WITHHOLD	0000000000000000000000000000000000000000000000000000000000000000	0	985	6046fe8641f13a85707742f4a2808a86585047d4beeffb84c93d462a88b8c804
r2n_shapetrans_0403.img	TRIANGLE	171	31	46965	1	WITHHOLD	0000000000000000000000000000000000000000000000000000000000000000	0	414	2363edc3e9d26309b67658db4bb4054b522bdb823f1708c25af73233e3be7ca5
r2n_shapetrans_0404.img	SQUARE	171	31	48028	1	WITHHOLD	0000000000000000000000000000000000000000000000000000000000000000	0	670	74388c10de110f016a31a2c54edcba8730b7f6e1dce8df3e3a42d8b644329f9e
r2n_shapetrans_0405.img	CIRCLE	651	281	47139	1	WITHHOLD	0000000000000000000000000000000000000000000000000000000000000000	0	959	b2bb0460946f19994feba4b5577765121b00ad0a414e06d721843e79dc193f74
r2n_shapetrans_0406.img	TRIANGLE	102	31	50677	1	WITHHOLD	0000000000000000000000000000000000000000000000000000000000000000	1	556	8499fe0396ed4c7d617b5e28394681269d4b58107db27170615e5db8aab3f29f
r2n_shapetrans_0407.img	SQUARE	171	31	48199	1	WITHHOLD	0000000000000000000000000000000000000000000000000000000000000000	0	655	dd0619857cbf9d813b3f9e2932b7a2c29191c78209d7d1ffd36e16711ac51e56
r2n_shapetrans_0408.img	CIRCLE	544	179	47543	1	WITHHOLD	0000000000000000000000000000000000000000000000000000000000000000	0	908	528ffbb248ba871a0865934d877358e77a269e6e5c0f4136d2b9d9f1c161ab50
r2n_shapetrans_0409.img	TRIANGLE	171	31	47276	1	WITHHOLD	0000000000000000000000000000000000000000000000000000000000000000	0	421	683c0bd7ba5aa0cef8c982784ca527f8c27c582761713f49665717754fc4e35f
r2n_shapetrans_0410.img	SQUARE	171	31	47495	1	WITHHOLD	0000000000000000000000000000000000000000000000000000000000000000	0	651	7cc238aac174410e8765ae623ff11d1413ccffcad83f166ad3f2c7f529fef95f
r2n_shapetrans_0411.img	CIRCLE	570	199	47835	1	WITHHOLD	0000000000000000000000000000000000000000000000000000000000000000	0	918	cd466d3456928f6a67bcdde7ff27b9c5cbba98d4a7c67f31c6c5f377f146e955
r2n_shapetrans_0412.img	TRIANGLE	171	31	47319	1	WITHHOLD	0000000000000000000000000000000000000000000000000000000000000000	0	403	55753866203043a2ecff4ffdf60fcbe1a984ee7ae6d454b830336ea146a64aaf
r2n_shapetrans_0413.img	SQUARE	171	31	47296	1	WITHHOLD	0000000000000000000000000000000000000000000000000000000000000000	0	637	36883cf054e94524477328f6faf1868a00c073f3a5385d42b20dc471fe464e95
r2n_shapetrans_0414.img	CIRCLE	529	169	47300	1	WITHHOLD	0000000000000000000000000000000000000000000000000000000000000000	0	903	e4c299484f83cf90c220efa362031875e58b95d5486de3016033d3120664b5eb
r2n_shapetrans_0415.img	TRIANGLE	171	31	47317	1	WITHHOLD	0000000000000000000000000000000000000000000000000000000000000000	0	429	583f9e1bda0b82bc13186bac1b26f5b9c5ee7b103a74814199f1992dbbbb5721
r2n_shapetrans_0416.img	SQUARE	171	31	47824	1	WITHHOLD	0000000000000000000000000000000000000000000000000000000000000000	0	660	69703fd9e48c148b835eb80641af4705ffa75f3a381a15bfe8a4bbf1b30f35d6
r2n_shapetrans_0417.img	CIRCLE	688	331	47351	1	WITHHOLD	0000000000000000000000000000000000000000000000000000000000000000	0	984	f358b8533abe8f03b26c09256ba1ff6dc79fb1e8242b6cd267c72b69d4d1302e
r2n_shapetrans_0418.img	TRIANGLE	171	31	47261	1	WITHHOLD	0000000000000000000000000000000000000000000000000000000000000000	0	450	894846087ec291545ffea5a31ad6a79e497d82636644e66035d1c9822d2a4141
r2n_shapetrans_0419.img	SQUARE	171	31	47785	1	WITHHOLD	0000000000000000000000000000000000000000000000000000000000000000	0	640	95aeb24b76f21fb38a70609c5d7a2650ee50488375ca7eff9c2b26bb1045245e
r2n_shapetrans_0420.img	CIRCLE	682	323	47820	1	WITHHOLD	0000000000000000000000000000000000000000000000000000000000000000	0	980	2f59ed1f62bbad7f3b1afaee2b8dd29441b55b1f93d3cd6dacba417da453a300
r2n_shapetrans_0421.img	TRIANGLE	171	31	49636	1	WITHHOLD	0000000000000000000000000000000000000000000000000000000000000000	0	507	13324d6110cc12b7f07b1374268559b1401a09ef3129e8f2d30dabc0d5e88eb2
r2n_shapetrans_0422.img	SQUARE	171	31	47349	1	WITHHOLD	0000000000000000000000000000000000000000000000000000000000000000	0	665	dcf2bab681969df6b4d1cee0906a4f95b73698698087ca318995a0bcac98f3ee
r2n_shapetrans_0423.img	CIRCLE	446	121	47213	1	WITHHOLD	0000000000000000000000000000000000000000000000000000000000000000	0	879	a0b8553a657edf9f0bb8f279f5c8799a269752769432a6dbca25153df61ac2f5
r2n_shapetrans_0424.img	TRIANGLE	171	31	47265	1	WITHHOLD	0000000000000000000000000000000000000000000000000000000000000000	0	449	2aebdce5d3eec737e641ae83243851dbc34705d0c7a0770be4c1c5cba0cd7c72
r2n_shapetrans_0425.img	TRIANGLE	90	15	47639	1	WITHHOLD	0000000000000000000000000000000000000000000000000000000000000000	0	614	a490dc0152eff928ae1885ac1f5530306b839cba712a3d63fef7a4256f3d40a2
r2n_shapetrans_0426.img	CIRCLE	707	363	47559	1	INSTALL	0000000000000000000000000000000000000000000000000000000000000000	0	1000	906abc3d5497336a7f91d0c684153a6b17f8d8c699dbdc32aa4e907d0a76b0a8
r2n_shapetrans_0427.img	TRIANGLE	171	31	47188	1	WITHHOLD	0000000000000000000000000000000000000000000000000000000000000000	0	446	9f6283b803565336d6fc203f93065758769c08eb51a5e5bebd7437f551e1943a
r2n_shapetrans_0428.img	SQUARE	171	31	47664	1	WITHHOLD	0000000000000000000000000000000000000000000000000000000000000000	0	637	7dcf7590462cf51e66c6fd24faa25082f6c8b8537a769da932bf8cb36f76a7f7
r2n_shapetrans_0429.img	CIRCLE	618	243	47713	1	WITHHOLD	0000000000000000000000000000000000000000000000000000000000000000	0	940	c5b048169c2b071a48202b584ed2804c9e824a8ff4bf796e9c2ab3a61418ba4f
r2n_shapetrans_0430.img	TRIANGLE	171	31	46894	1	WITHHOLD	0000000000000000000000000000000000000000000000000000000000000000	0	433	39abca6f8d2c0b5ebf35206a1004035acf581fca4fa220b43708541fc7de29f7
r2n_shapetrans_0431.img	SQUARE	171	31	47814	1	WITHHOLD	0000000000000000000000000000000000000000000000000000000000000000	0	662	591858619db19cc1665757db3b165b9f8853d03b6fa7c8de653c99bf95d7cc36
r2n_shapetrans_0432.img	CIRCLE	514	159	47387	1	WITHHOLD	0000000000000000000000000000000000000000000000000000000000000000	0	898	45573ab8ee90ea70bdfc3d999c008fc6366633e4f2879f994b3cc3ce7159c433
r2n_shapetrans_0433.img	TRIANGLE	171	31	47198	1	WITHHOLD	0000000000000000000000000000000000000000000000000000000000000000	0	441	75d09f33b55dabc24ed1e46d73c7b4fc63333eb62f4bd7a0c695d6d89762fce3
r2n_shapetrans_0434.img	TRIANGLE	68	11	47654	1	WITHHOLD	0000000000000000000000000000000000000000000000000000000000000000	0	616	6aa2ffb3a49329b61e033cdc596057efdcf7c02f1c13c7d8ee1743144eeb2950
r2n_shapetrans_0435.img	CIRCLE	597	223	47329	1	WITHHOLD	0000000000000000000000000000000000000000000000000000000000000000	0	930	abbe7d4267271028fe2567981fe2d07e793ee85225fd6c60cf80d3d35a0058cc
r2n_shapetrans_0436.img	TRIANGLE	171	31	47111	1	WITHHOLD	0000000000000000000000000000000000000000000000000000000000000000	0	441	08cbfb3174d2df1f423115da387d37c53d4ec324e570c6fda5642a4777377af9
r2n_shapetrans_0437.img	SQUARE	90	15	47647	1	WITHHOLD	0000000000000000000000000000000000000000000000000000000000000000	0	629	85b6f9403f158caa81bb3402a3d9494988f363ebd0ee604b29664d5cfa722819
r2n_shapetrans_0438.img	CIRCLE	591	217	47401	1	WITHHOLD	0000000000000000000000000000000000000000000000000000000000000000	0	927	7b483241a5cf8ab11a16a72a4e0d78f37e6c26598776177df2833dbc02626778
r2n_shapetrans_0439.img	TRIANGLE	171	31	46816	1	WITHHOLD	0000000000000000000000000000000000000000000000000000000000000000	0	458	30b0ee3de682791e3b9b57d155f222b1d57fddaf8a111b8f419413def0179fed
r2n_shapetrans_0440.img	SQUARE	171	31	47901	1	WITHHOLD	0000000000000000000000000000000000000000000000000000000000000000	0	651	54342e495d08c8d280cc980ae0cb573c57307814ded183c1aed2b0314609781b
r2n_shapetrans_0441.img	CIRCLE	608	233	47848	1	WITHHOLD	0000000000000000000000000000000000000000000000000000000000000000	0	935	dcbbf69f23ae5425494c799712da018e46550ae39f1b37d392744630e1ab2461
r2n_shapetrans_0442.img	TRIANGLE	171	31	46860	1	WITHHOLD	0000000000000000000000000000000000000000000000000000000000000000	0	435	3e357cd2c1508aa9ade419ded098764405d26cfe69674439ad0be5d7de6e263e
r2n_shapetrans_0443.img	TRIANGLE	101	17	47269	1	WITHHOLD	0000000000000000000000000000000000000000000000000000000000000000	0	613	9203513d8258f8a95a233a907419b24472d86bc4d938b703cf3b945aae66a56e
r2n_shapetrans_0444.img	CIRCLE	591	217	47614	1	WITHHOLD	0000000000000000000000000000000000000000000000000000000000000000	0	927	53b9f3050483363b43b4cdc0f6770f5883dead82ec1372536b2eeedc4f6b3cbd
r2n_shapetrans_0445.img	TRIANGLE	171	31	46939	1	WITHHOLD	0000000000000000000000000000000000000000000000000000000000000000	0	403	6da024e1bb0946112d34667fd6f43e9556214513223d913abaeb0178d6c6e6bf
r2n_shapetrans_0446.img	SQUARE	162	29	47636	1	WITHHOLD	0000000000000000000000000000000000000000000000000000000000000000	0	636	3eff3025a046070bf308079ee757e96c55c46cc64553ce01ae2f8ee18b4253bb
r2n_shapetrans_0447.img	CIRCLE	674	311	47798	1	WITHHOLD	0000000000000000000000000000000000000000000000000000000000000000	0	974	ddff4dff6c3243ebd32303228fb26c2d96c84d8702fdf561c85d895e7d7967dd
r2n_shapetrans_0448.img	TRIANGLE	171	31	46904	1	WITHHOLD	0000000000000000000000000000000000000000000000000000000000000000	0	435	424c73b6c96d11474ac5225203f72b80d0b8ff287756e23c316b1e1a44496ead
r2n_shapetrans_0449.img	SQUARE	171	31	48285	1	WITHHOLD	0000000000000000000000000000000000000000000000000000000000000000	0	639	8e93a3d9599ff057342259d84ed993299c490e0a2df899a6e4ced66eea3bc39f
r2n_shapetrans_0450.img	CIRCLE	661	293	47402	1	WITHHOLD	0000000000000000000000000000000000000000000000000000000000000000	0	965	acba6fbe1d0ce8b29c0b99b6ce967767f7b1806c788cd994f9f173c91c43c0a0
r2n_shapetrans_0451.img	TRIANGLE	171	31	47271	1	WITHHOLD	0000000000000000000000000000000000000000000000000000000000000000	0	434	9db13b7fc33d343483abcc1df6bcae84e21b3547052a0915bc6a12d4e07e2bee
r2n_shapetrans_0452.img	SQUARE	90	15	47831	1	WITHHOLD	0000000000000000000000000000000000000000000000000000000000000000	0	629	01d7904dfa791f2d4c99861209e625de6c0e2c2fd0c848719b67d3aab0576370
r2n_shapetrans_0453.img	CIRCLE	577	205	47160	1	WITHHOLD	0000000000000000000000000000000000000000000000000000000000000000	0	921	d7039db8e94c4179e32825388ba4865e3170e7e47d2b6020db2a45e68edf6258
r2n_shapetrans_0454.img	TRIANGLE	171	31	46883	1	WITHHOLD	0000000000000000000000000000000000000000000000000000000000000000	0	452	8c3ed27c78d84c6c0c6e24b36b5c4ce30e90be9d73dde99cfa815662fa67d0af
r2n_shapetrans_0455.img	SQUARE	171	31	48233	1	WITHHOLD	0000000000000000000000000000000000000000000000000000000000000000	0	648	d947a51b95c83215a7889580ce482786ba86d81eef67c5a738693401ba1c594e
r2n_shapetrans_0456.img	CIRCLE	631	257	47143	1	WITHHOLD	0000000000000000000000000000000000000000000000000000000000000000	0	947	6ec32689a2eddc9f98fc333c6a39fb1c51f13b1fe0d9eb28beb606287c0485bb
r2n_shapetrans_0457.img	TRIANGLE	171	31	47189	1	WITHHOLD	0000000000000000000000000000000000000000000000000000000000000000	0	437	028eb91a0a1afaf421d4e31f64585b31a868c24797cfa5b304929f4ae97e8966
r2n_shapetrans_0458.img	SQUARE	171	31	47554	1	WITHHOLD	0000000000000000000000000000000000000000000000000000000000000000	0	659	0de9537e9eb00f16cca7d1bfad90cf3aa38ab87e3145f0dbe6ea1ffae7707b3d
r2n_shapetrans_0459.img	CIRCLE	501	151	47111	1	WITHHOLD	0000000000000000000000000000000000000000000000000000000000000000	0	894	a81453e3b6def49fdefa81ead656f553cf9540b1e025b33955d90afb5124b113
r2n_shapetrans_0460.img	TRIANGLE	171	31	46825	1	WITHHOLD	0000000000000000000000000000000000000000000000000000000000000000	0	407	e224d9eebf91b55d7c6e9deea7276e314dfe2ada42e137bb7da2136871234206
r2n_shapetrans_0461.img	SQUARE	101	17	47683	1	WITHHOLD	0000000000000000000000000000000000000000000000000000000000000000	0	630	15216c3f199b8a04b629437689ce95a98e85dcee27cc268a2cd7e829a28845ea
r2n_shapetrans_0462.img	TRIANGLE	171	31	49518	1	WITHHOLD	0000000000000000000000000000000000000000000000000000000000000000	0	359	b099687593138df9c4b2f7f33817139c8b402a4edd62fc3740998a0ec2f1e768
r2n_shapetrans_0463.img	TRIANGLE	171	31	46889	1	WITHHOLD	0000000000000000000000000000000000000000000000000000000000000000	0	406	39f3b36fd2f84bd452afe5b5941be1fed67c8c76c27cc792a786f3d22e6f6d9f
r2n_shapetrans_0464.img	SQUARE	171	31	47575	1	WITHHOLD	0000000000000000000000000000000000000000000000000000000000000000	0	648	6a1467677fb127b45631a49469e197fa9a29e13a7be1cf32ded804833c9d10c1
r2n_shapetrans_0465.img	CIRCLE	633	259	47348	1	WITHHOLD	0000000000000000000000000000000000000000000000000000000000000000	0	948	c2a848298725497229c512f1ae89eb78aff397fa1275d60554d7c59c4d7eef75
r2n_shapetrans_0466.img	TRIANGLE	102	31	49953	1	WITHHOLD	0000000000000000000000000000000000000000000000000000000000000000	1	420	5d39e57cc934a8b8632e42480eb7203aacf51898e6fe3979fdfe681b59a7dfc1
r2n_shapetrans_0467.img	SQUARE	171	31	48203	1	WITHHOLD	0000000000000000000000000000000000000000000000000000000000000000	0	652	b6812224b8e8d0cdb6da9cc22e544b2aae0210aa2f60b4e4e2a8751c52a50535
r2n_shapetrans_0468.img	CIRCLE	538	175	47781	1	WITHHOLD	0000000000000000000000000000000000000000000000000000000000000000	0	906	9d6cbcd77c87c24b18c929aeff52b2c2b9dfcddb0fce2b6845adb04c0096271c
r2n_shapetrans_0469.img	TRIANGLE	171	31	47180	1	WITHHOLD	0000000000000000000000000000000000000000000000000000000000000000	0	438	86afc06bf19e27cba85676b5a2e723e83fc89a8b78fec56f92c52c4069534613
r2n_shapetrans_0470.img	SQUARE	171	31	47707	1	WITHHOLD	0000000000000000000000000000000000000000000000000000000000000000	0	649	ae9f96ece0f3dfe2d609c4b9b73fc93275083e9cc0ba11af7721cb4f625ce104
r2n_shapetrans_0471.img	CIRCLE	546	181	47709	1	WITHHOLD	0000000000000000000000000000000000000000000000000000000000000000	0	909	cb368a0be062cf242b49980bc374aad3a0bdad9eba494355d85a740d3b83e462
r2n_shapetrans_0472.img	TRIANGLE	171	31	47211	1	WITHHOLD	0000000000000000000000000000000000000000000000000000000000000000	0	434	5d7ece8995c01b7d5b7d07a8f8dc483d48c0abddbec6fd6836ab44df09d61108
r2n_shapetrans_0473.img	SQUARE	171	31	48143	1	WITHHOLD	0000000000000000000000000000000000000000000000000000000000000000	0	657	4d0d66be44847ed4d6c37e0317e4d0b268e7a4dd0ad06eb0d6ba06af25c7a8c4
r2n_shapetrans_0474.img	CIRCLE	674	311	47677	1	WITHHOLD	0000000000000000000000000000000000000000000000000000000000000000	0	974	ec54a9aab7935aeea7746d284654ea4d242773241ccb7db96cf195c79b5874c5
r2n_shapetrans_0475.img	TRIANGLE	171	31	47106	1	WITHHOLD	0000000000000000000000000000000000000000000000000000000000000000	0	432	793ee8172c9a3289d7fcdbc63fce69f3b905b381ca323f6c895bece746c4b1bf
r2n_shapetrans_0476.img	SQUARE	162	29	47596	1	WITHHOLD	0000000000000000000000000000000000000000000000000000000000000000	0	636	a2a595e87d488cbd36c591828826988d9d4e4a8746a473e09315ec82cc4ed708
r2n_shapetrans_0477.img	CIRCLE	532	171	47513	1	WITHHOLD	0000000000000000000000000000000000000000000000000000000000000000	0	904	89b97082b62f039a412d9ffd18fd1bdfbcea9fe5f46634be3e38beb1a0d63f75
r2n_shapetrans_0478.img	TRIANGLE	171	31	47132	1	WITHHOLD	0000000000000000000000000000000000000000000000000000000000000000	0	439	e0aa3b34998ab6f56154107782d9f5b5a603a7d3d5073410133db267bbefe40a
r2n_shapetrans_0479.img	SQUARE	171	31	48007	1	WITHHOLD	0000000000000000000000000000000000000000000000000000000000000000	0	642	f7890b2ca8a9f305fefedab92c8e053e8c5aaa2d8742a02319231870e4e140f4
r2n_shapetrans_0480.img	CIRCLE	586	213	47184	1	WITHHOLD	0000000000000000000000000000000000000000000000000000000000000000	0	925	ae0fd4f349c79170343e3b86ac181a1d817ad8a72d3faa2159d080c0067e944a
r2n_shapetrans_0481.img	TRIANGLE	171	31	51038	1	WITHHOLD	0000000000000000000000000000000000000000000000000000000000000000	0	259	0c204966998d69a9fa00f5dba6bae748f3f2220a3003db6acc7330e56f655271
r2n_shapetrans_0482.img	TRIANGLE	171	31	47493	1	WITHHOLD	0000000000000000000000000000000000000000000000000000000000000000	0	604	c36b6974a95e804c24160598bc120af4a1b6292c8a1cb72900ad6695c4793817
r2n_shapetrans_0483.img	CIRCLE	549	183	47390	1	WITHHOLD	0000000000000000000000000000000000000000000000000000000000000000	0	910	93ebb68b1faf33b7608a4e9ed5e15ea82471a7d8b46230c7506661945548a0f2
r2n_shapetrans_0484.img	TRIANGLE	171	31	46933	1	WITHHOLD	0000000000000000000000000000000000000000000000000000000000000000	0	410	2a460049b4a72a8be93a24a169bb5f99dac3a4b9af7923b813248d797a2d9b08
r2n_shapetrans_0485.img	SQUARE	171	31	48175	1	WITHHOLD	0000000000000000000000000000000000000000000000000000000000000000	0	658	bf92fc01e09b0b1633c02e0a06ebe66aadcd2f1a6906cc769abe50f90d9b502e
r2n_shapetrans_0486.img	CIRCLE	658	289	47861	1	WITHHOLD	0000000000000000000000000000000000000000000000000000000000000000	0	963	4325c2b107ac50ddb1053bd237fdee3f3d235e88e608af647d93218406b8543d
r2n_shapetrans_0487.img	TRIANGLE	171	31	49574	1	WITHHOLD	0000000000000000000000000000000000000000000000000000000000000000	0	368	41ed1ec38ad50c0e38c76ea8803b37fbd78185e3894b642380dedc580126dfcb
r2n_shapetrans_0488.img	SQUARE	171	31	47646	1	WITHHOLD	0000000000000000000000000000000000000000000000000000000000000000	0	640	509afa7536d7d57c13aabd86eb30c0a339ede3a823b637db8d5e8c316eb57e36
r2n_shapetrans_0489.img	CIRCLE	562	193	47328	1	WITHHOLD	0000000000000000000000000000000000000000000000000000000000000000	0	915	8e03acd3f85b3d82d416504b37b6086dd152427694ba6ec311d169688104e771
r2n_shapetrans_0490.img	TRIANGLE	171	31	47317	1	WITHHOLD	0000000000000000000000000000000000000000000000000000000000000000	0	439	9dd4a81228e05e11cd63c6f7486568aa7fb263cc1f65bd789ac22d571b4c43b4
r2n_shapetrans_0491.img	TRIANGLE	19	3	47391	1	WITHHOLD	0000000000000000000000000000000000000000000000000000000000000000	0	620	f1b3dacce5c6deb8ce0ab9bcdb7137885b631f28be96d8d8aab63b0c85384b62
r2n_shapetrans_0492.img	CIRCLE	608	233	47310	1	WITHHOLD	0000000000000000000000000000000000000000000000000000000000000000	0	935	38dccaffc506e43ede1698e8fcf2cf046629971270d8e3c7f08d8d829c864680
r2n_shapetrans_0493.img	TRIANGLE	171	31	46965	1	WITHHOLD	0000000000000000000000000000000000000000000000000000000000000000	0	424	df3645bd7fc41735383fa096e660b0fed015d0e4265e58ec69df16301a41ad5b
r2n_shapetrans_0494.img	TRIANGLE	112	19	48120	1	WITHHOLD	0000000000000000000000000000000000000000000000000000000000000000	0	612	18a31dfb5d92644d6e9d7a9e48e8fcbfba37aaea26e2ec4ed178e2205fcc4fb9
r2n_shapetrans_0495.img	CIRCLE	577	205	47231	1	WITHHOLD	0000000000000000000000000000000000000000000000000000000000000000	0	921	6437153e73ee962b9132a55f32d3df1d7a7cb5fd12cce0bbbedd8bba4a96c7a9
r2n_shapetrans_0496.img	TRIANGLE	171	31	49384	1	WITHHOLD	0000000000000000000000000000000000000000000000000000000000000000	0	339	fece0104b2628348fdd40aa834a1fef2dde2b897ea510738879a611b00a4b713
r2n_shapetrans_0497.img	SQUARE	171	31	47420	1	WITHHOLD	0000000000000000000000000000000000000000000000000000000000000000	0	683	d9c1d42b85019972cfc6c40b4c57a30321801c5884bb7a2d9a76ab6a30c97b0d
r2n_shapetrans_0498.img	CIRCLE	606	231	47099	1	WITHHOLD	0000000000000000000000000000000000000000000000000000000000000000	0	934	f7fdfba1ea821d85222b15c73c5d5fafac358c9ff4365d4b855faae7f19675ce
r2n_shapetrans_0499.img	TRIANGLE	102	31	49568	1	WITHHOLD	0000000000000000000000000000000000000000000000000000000000000000	1	144	a53c970cfdb61a6723776f91b80cb975a2d01a96b9dfc0b8d4715c319b16d8ee
r2n_shapetrans_0500.img	SQUARE	171	31	47899	1	WITHHOLD	0000000000000000000000000000000000000000000000000000000000000000	0	655	009061b6d421cc2abca516b3dbcc7d05c263e3f42fdf1c7d178a4044f89159b7
r2n_shapetrans_0501.img	CIRCLE	565	195	47677	1	WITHHOLD	0000000000000000000000000000000000000000000000000000000000000000	0	916	a5a87a0610f743e1c83e1e6a5c7dc4a53ea0445890c117509c369ac642c38f9c
r2n_shapetrans_0502.img	TRIANGLE	171	31	46927	1	WITHHOLD	0000000000000000000000000000000000000000000000000000000000000000	0	453	0184b54465dcd0628b0019b81acdbf338c88a40a9b0f5a8766faae24f2eae409
r2n_shapetrans_0503.img	SQUARE	112	19	47884	1	WITHHOLD	0000000000000000000000000000000000000000000000000000000000000000	0	631	63de0d8fc7e221670734c9a368617f0aef3215f8c79d5d00259138fdaae8d46a
r2n_shapetrans_0504.img	CIRCLE	572	201	47676	1	WITHHOLD	0000000000000000000000000000000000000000000000000000000000000000	0	919	81a6ea013e4033806de2150cd6684617b14ba7c57c3b184542ab053f85260ff4
r2n_shapetrans_0505.img	TRIANGLE	171	31	47259	1	WITHHOLD	0000000000000000000000000000000000000000000000000000000000000000	0	416	10d65920c8e8484b5f1d6730b78efeb7ef369781a91c62e1da1d5647d185758f
r2n_shapetrans_0506.img	TRIANGLE	132	23	47632	1	WITHHOLD	0000000000000000000000000000000000000000000000000000000000000000	0	610	4f82bdfa14382bf5009905bba34f32e61943060f92c7f719bbe99890f2f3f9cf
r2n_shapetrans_0507.img	CIRCLE	501	151	47260	1	WITHHOLD	0000000000000000000000000000000000000000000000000000000000000000	0	894	abfcba87d51960b478a885fcd2e9eaef89659a800d62ac93cde0a32439847967
r2n_shapetrans_0508.img	TRIANGLE	171	31	47165	1	WITHHOLD	0000000000000000000000000000000000000000000000000000000000000000	0	422	247a553017948bfad563218876565e2916370e351cb26c0324167415b47073cf
r2n_shapetrans_0509.img	SQUARE	101	17	47757	1	WITHHOLD	0000000000000000000000000000000000000000000000000000000000000000	0	630	eb4a7f0e38e05209c6113b30b7fa039de81a4771643940b6d61ff519d6a195e8
r2n_shapetrans_0510.img	CIRCLE	407	103	47102	1	WITHHOLD	0000000000000000000000000000000000000000000000000000000000000000	0	870	6afca7e361947c161acdf7170360d7d86ccf3e2814f899d9d246ff10f5f3138f
r2n_shapetrans_0511.img	TRIANGLE	171	31	47036	1	WITHHOLD	0000000000000000000000000000000000000000000000000000000000000000	0	439	a08ebf6fed7ff6b75278ba8aecea8e37bdefd0947afba2842b3ed19910cc4395
r2n_shapetrans_0512.img	TRIANGLE	171	31	47665	1	WITHHOLD	0000000000000000000000000000000000000000000000000000000000000000	0	604	f486845c203c153633a26a7b95193c5d14c6f72598185a8d2cd59dfaa19ae4a4
r2n_shapetrans_0513.img	CIRCLE	582	209	47135	1	WITHHOLD	0000000000000000000000000000000000000000000000000000000000000000	0	923	2094f66118cc23914d6e1c3b2d2c7b3b65786533b2091579e5a4c0e7ec7be963
r2n_shapetrans_0514.img	TRIANGLE	171	31	46984	1	WITHHOLD	0000000000000000000000000000000000000000000000000000000000000000	0	434	754700bf208c787d46972ade6727dfcf03b4d5d6f3e4531b215d14c51cc3153d
r2n_shapetrans_0515.img	SQUARE	32	5	47626	1	WITHHOLD	0000000000000000000000000000000000000000000000000000000000000000	0	624	3e00c12a5450c98c15d90abb9dad9b28a9163051e1f9644a398342f26947b7c9
r2n_shapetrans_0516.img	CIRCLE	532	171	47238	1	WITHHOLD	0000000000000000000000000000000000000000000000000000000000000000	0	904	6ec3253b43a0ec2cbc945b8c3db4cf3f30060d1e420dc0714c9f91fa1de43bb2
r2n_shapetrans_0517.img	TRIANGLE	171	31	47028	1	WITHHOLD	0000000000000000000000000000000000000000000000000000000000000000	0	457	6cc284ff2ac51481b76319524fdc083f9a8ed50a9660f63a7a5449485405d663
r2n_shapetrans_0518.img	SQUARE	171	31	48172	1	WITHHOLD	0000000000000000000000000000000000000000000000000000000000000000	0	640	dd3e61652f6f74bf31fbc5506059a182dd47eb628fafe6990433524e267fcb49
r2n_shapetrans_0519.img	CIRCLE	678	317	47344	1	WITHHOLD	0000000000000000000000000000000000000000000000000000000000000000	0	977	d0a386f0cf541bae5471fc5b8e93fc7564d7def3a50f6671a27eec3b9e5e5ba1
r2n_shapetrans_0520.img	TRIANGLE	171	31	51026	1	WITHHOLD	0000000000000000000000000000000000000000000000000000000000000000	0	274	720ad56bf432bca7b2c069c120bdafcd684bb0ecfd2d4be5d079e3de3e0a189f
r2n_shapetrans_0521.img	SQUARE	56	9	48266	1	WITHHOLD	0000000000000000000000000000000000000000000000000000000000000000	0	626	c292231469aedd82b7b77b82d7f170c76aa30aec9855d478be8875fdfb695ed3
r2n_shapetrans_0522.img	CIRCLE	577	205	47725	1	WITHHOLD	0000000000000000000000000000000000000000000000000000000000000000	0	921	3b8d362a4acb4bc79fe065a88deef6c82bd5a584236384ef7057e3b337505586
r2n_shapetrans_0523.img	TRIANGLE	171	31	46868	1	WITHHOLD	0000000000000000000000000000000000000000000000000000000000000000	0	447	d9bccfd640a0b87d7853c30c301d8f96c8b860279bbc6e871dad25d42ef704a8
r2n_shapetrans_0524.img	SQUARE	102	31	48679	1	WITHHOLD	0000000000000000000000000000000000000000000000000000000000000000	1	654	e00d9f135e193c8cb9a429a32f690bc0c8d95b6b1590742406b4cea9fd340e64
r2n_shapetrans_0525.img	CIRCLE	673	309	47265	1	WITHHOLD	0000000000000000000000000000000000000000000000000000000000000000	0	973	71c551fbe97544223aa37a4ad2f923b8bd57f56873f02594ed62a96968f3ce6d
r2n_shapetrans_0526.img	TRIANGLE	171	31	47198	1	WITHHOLD	0000000000000000000000000000000000000000000000000000000000000000	0	447	31f8c851e7d36f9d9ffc7264631fb2ad10f364d5ee807f1eafe070f17691ebc0
r2n_shapetrans_0527.img	SQUARE	171	31	47748	1	WITHHOLD	0000000000000000000000000000000000000000000000000000000000000000	0	654	851b5e5631105221afcfb6020fcb241d145c1fbe24ecb17455dc62d876077cda
r2n_shapetrans_0528.img	CIRCLE	593	219	47401	1	WITHHOLD	0000000000000000000000000000000000000000000000000000000000000000	0	928	4974ac7a8bfc8b9370762c001ad7b937f2c0e290930a0cf322b088caf766591f
r2n_shapetrans_0529.img	TRIANGLE	171	31	47122	1	WITHHOLD	0000000000000000000000000000000000000000000000000000000000000000	0	433	60001b4277ac55b197dd1c7159c02d5e43bfd8bfeb9360e3418418e482fa4d1c
r2n_shapetrans_0530.img	SQUARE	171	31	47554	1	WITHHOLD	0000000000000000000000000000000000000000000000000000000000000000	0	658	e144d8274309e16007885d27ed9c407d773df398f00a2d7997f014092b524f12
r2n_shapetrans_0531.img	CIRCLE	529	169	47430	1	WITHHOLD	0000000000000000000000000000000000000000000000000000000000000000	0	903	8c24af9433808e0b64c6475e70fc34203602b66edf6f1ba17339603d7aef29ec
r2n_shapetrans_0532.img	TRIANGLE	171	31	47350	1	WITHHOLD	0000000000000000000000000000000000000000000000000000000000000000	0	418	9900e0f3e49902862f3c71482954bddc70d8740ef3f78b005ad6f68756eb2779
r2n_shapetrans_0533.img	SQUARE	162	29	47445	1	WITHHOLD	0000000000000000000000000000000000000000000000000000000000000000	0	636	b69abe334820895b84ed41d7d10221ec96f8bf494f5a76b41cffe7d951b38746
r2n_shapetrans_0534.img	CIRCLE	589	215	47378	1	WITHHOLD	0000000000000000000000000000000000000000000000000000000000000000	0	926	41ca360e088eb86ca1cc309a02ec188e24320e2d9c96e88e4e3b9e454aa3d9c9
r2n_shapetrans_0535.img	TRIANGLE	171	31	47260	1	WITHHOLD	0000000000000000000000000000000000000000000000000000000000000000	0	406	4f155b3316f8f66c7145d2223db9fba4a2b8e295ab0a326e192bf0015cf2ad6d
r2n_shapetrans_0536.img	SQUARE	56	9	47340	1	WITHHOLD	0000000000000000000000000000000000000000000000000000000000000000	0	626	5b2d3d50ad5a0707cd9867c6963b153ce22cb73a9c2746f3332b7ae5d9902774
r2n_shapetrans_0537.img	CIRCLE	651	281	47865	1	WITHHOLD	0000000000000000000000000000000000000000000000000000000000000000	0	959	b299520b82519a49c661367cf30ae6bd477938569a074e4e6e3dc7736c7c2081
r2n_shapetrans_0538.img	TRIANGLE	171	31	47006	1	WITHHOLD	0000000000000000000000000000000000000000000000000000000000000000	0	418	ac960b9942a3078975a5517e6c636c46bf0ad27392b67d930c2ce6e074ab7aca
r2n_shapetrans_0539.img	TRIANGLE	112	19	48260	1	WITHHOLD	0000000000000000000000000000000000000000000000000000000000000000	0	612	464d21ed184ecf0828dd5f3dfdff07afd597557bffe1c1aabdc790d335985855
r2n_shapetrans_0540.img	CIRCLE	575	203	47372	1	WITHHOLD	0000000000000000000000000000000000000000000000000000000000000000	0	920	c51af75fd5c833856a1fe23551061c5331a1314849e2bca7bcb75927c6539206
r2n_shapetrans_0541.img	TRIANGLE	171	31	47199	1	WITHHOLD	0000000000000000000000000000000000000000000000000000000000000000	0	417	f005d853052cc7739902bbba3cd8ebbf29ba8e2973f0e81ec6ec171f28cd3249
r2n_shapetrans_0542.img	SQUARE	171	31	48274	1	WITHHOLD	0000000000000000000000000000000000000000000000000000000000000000	0	677	2a346853dd99d4214c5b6d98431a09abf764c9b82b18ed65e260a5705063f0ee
r2n_shapetrans_0543.img	CIRCLE	584	211	47447	1	WITHHOLD	0000000000000000000000000000000000000000000000000000000000000000	0	924	a2ec076b9d3724fcc366835a1ae5956b639d73a982f8454361737ac491b38a5d
r2n_shapetrans_0544.img	TRIANGLE	102	31	52650	1	WITHHOLD	0000000000000000000000000000000000000000000000000000000000000000	1	467	27b91063f8dcf1f0ac811ac6687fa438d9e3247cf730e9745453df80319d204d
r2n_shapetrans_0545.img	SQUARE	171	31	48087	1	WITHHOLD	0000000000000000000000000000000000000000000000000000000000000000	0	651	7a7641ba4f98cb629098d791069dd85805aaa469f78157f6c6d4a457a6476a0c
r2n_shapetrans_0546.img	CIRCLE	577	205	47182	1	WITHHOLD	0000000000000000000000000000000000000000000000000000000000000000	0	921	cda7bdfaf451a180338580ed4a45cacde4e63271e9f1e5d3ad0e52b6c82f295e
r2n_shapetrans_0547.img	TRIANGLE	171	31	46841	1	WITHHOLD	0000000000000000000000000000000000000000000000000000000000000000	0	430	b96f7029bbe236058bc84cc6731774baa2cd946cb3067e1ed9361a1dc84892ad
r2n_shapetrans_0548.img	TRIANGLE	44	7	47649	1	WITHHOLD	0000000000000000000000000000000000000000000000000000000000000000	0	618	07c0a75ab195fcbfe28728d7650c760cd2dcc6e41d0746fadff8f5a8f8dab9a5
r2n_shapetrans_0549.img	CIRCLE	668	303	47448	1	WITHHOLD	0000000000000000000000000000000000000000000000000000000000000000	0	970	128d084164ef82ed1c1b92a6d727fc0584251b478ec2f9397aa80e3a99d6889a
r2n_shapetrans_0550.img	TRIANGLE	171	31	47264	1	WITHHOLD	0000000000000000000000000000000000000000000000000000000000000000	0	407	0a3d95a13b74dfac392003c52c4d7f8af6358ac58b0d86032e555b392c3f4d12
r2n_shapetrans_0551.img	TRIANGLE	112	19	47542	1	WITHHOLD	0000000000000000000000000000000000000000000000000000000000000000	0	612	66d5008b1c69d0a10496a96f779d5f3eb0e96619367d7722592034db2db4fa6d
r2n_shapetrans_0552.img	CIRCLE	367	87	47152	1	WITHHOLD	0000000000000000000000000000000000000000000000000000000000000000	0	862	8669abca70985f726cde6fe54979290acbb2db5cb472e06ed079b398aeedf1ef
r2n_shapetrans_0553.img	TRIANGLE	171	31	47243	1	WITHHOLD	0000000000000000000000000000000000000000000000000000000000000000	0	429	264816bd45a9e70e7ad4211dee126acc16f0a4c93cc8bc0585875c43f0a0e57e
r2n_shapetrans_0554.img	SQUARE	122	21	48120	1	WITHHOLD	0000000000000000000000000000000000000000000000000000000000000000	0	632	aefb658defcb2f4bb77d3fb2aad03a2374f26b6d002622ac15b5a16ed162c1ff
r2n_shapetrans_0555.img	CIRCLE	554	187	47671	1	WITHHOLD	0000000000000000000000000000000000000000000000000000000000000000	0	912	08b2c5aa77fbc6e9166ecaced94d0a4720cebc87f6356162a9693835a3d7b6ed
r2n_shapetrans_0556.img	TRIANGLE	171	31	47343	1	WITHHOLD	0000000000000000000000000000000000000000000000000000000000000000	0	413	ded330350326bdc231940b52b3b99785788b30adb31c1c06e4d57f7dadbb652f
r2n_shapetrans_0557.img	TRIANGLE	90	15	47628	1	WITHHOLD	0000000000000000000000000000000000000000000000000000000000000000	0	614	2698c22ba8463e93163fb87fe7d419bdae2cc75bc0df13ea9bd045819c3dd769
r2n_shapetrans_0558.img	CIRCLE	538	175	47658	1	WITHHOLD	0000000000000000000000000000000000000000000000000000000000000000	0	906	88b2a55c6ce5a1ee777c02349e1fd96ba9a322472e7b2835efe48f3da22a333d
r2n_shapetrans_0559.img	TRIANGLE	171	31	46816	1	WITHHOLD	0000000000000000000000000000000000000000000000000000000000000000	0	424	678f4ebb82837c6fee708ea120e991fb12b88f8ab71fc08fc10534b05879fee0
r2n_shapetrans_0560.img	SQUARE	171	31	47679	1	WITHHOLD	0000000000000000000000000000000000000000000000000000000000000000	0	658	985452fae735d7231c7834438498ad19569fa884410c806be6dd859526776d4f
r2n_shapetrans_0561.img	CIRCLE	638	265	47706	1	WITHHOLD	0000000000000000000000000000000000000000000000000000000000000000	0	951	ee8936cc9315eb705f13f03e549c87c88eccc1291f46fb06703fd4ac497c4432
r2n_shapetrans_0562.img	TRIANGLE	171	31	46930	1	WITHHOLD	0000000000000000000000000000000000000000000000000000000000000000	0	437	c8cf97cd5c100aea6af6d945d73c55cdd94b07be97449d53380d514c1d953642
r2n_shapetrans_0563.img	SQUARE	122	21	47635	1	WITHHOLD	0000000000000000000000000000000000000000000000000000000000000000	0	632	2eee139f24298275714b902a221d87dec63c9382fa61601d0ced3554f5a677bd
r2n_shapetrans_0564.img	CIRCLE	629	255	47494	1	WITHHOLD	0000000000000000000000000000000000000000000000000000000000000000	0	946	cb53c3c9ab0ef86fc3b4f6cbe0a4bda04be0239459c6d01fa9d4416f90955316
r2n_shapetrans_0565.img	TRIANGLE	171	31	47207	1	WITHHOLD	0000000000000000000000000000000000000000000000000000000000000000	0	413	d674d711d25f1b8121643308614db921ae489de3f5e178762ca20de3a6c2d65d
r2n_shapetrans_0566.img	TRIANGLE	32	5	48201	1	WITHHOLD	0000000000000000000000000000000000000000000000000000000000000000	0	619	5e8c76cf0a0813302b10693311c252a68ea547e3aeb5770556d26fc300510994
r2n_shapetrans_0567.img	CIRCLE	631	257	47846	1	WITHHOLD	0000000000000000000000000000000000000000000000000000000000000000	0	947	f0597f8ae47479997d37e649d9a4702c6e600b8214f23c48a96d26debc40bd5c
r2n_shapetrans_0568.img	TRIANGLE	171	31	47170	1	WITHHOLD	0000000000000000000000000000000000000000000000000000000000000000	0	417	a30060433dd8e0a0f9e1343ce5830654ec9d3463b4fb8b47a6b7e05481f30750
r2n_shapetrans_0569.img	SQUARE	122	21	47538	1	WITHHOLD	0000000000000000000000000000000000000000000000000000000000000000	0	632	ab777ef54e93159f77616c49fcb32c45c9f03bcf6a2aa0dbbdc1f55aaf005c6c
r2n_shapetrans_0570.img	CIRCLE	604	229	47622	1	WITHHOLD	0000000000000000000000000000000000000000000000000000000000000000	0	933	bd4036206bf20e394c88e2b63ae04deb87bd7ffc07247b4d57b4639f07f42237
r2n_shapetrans_0571.img	TRIANGLE	171	31	47171	1	WITHHOLD	0000000000000000000000000000000000000000000000000000000000000000	0	447	784628c0bd6cc2f3533805b4fbcfbccfe2fcfcf74fec78fd983fb9652f4053d7
r2n_shapetrans_0572.img	SQUARE	171	31	47437	1	WITHHOLD	0000000000000000000000000000000000000000000000000000000000000000	0	675	0a3afb9df5fcc384b2d1003ed138c8ecbbaff3b5266ef0b995aff5899b052494
r2n_shapetrans_0573.img	CIRCLE	627	253	47335	1	WITHHOLD	0000000000000000000000000000000000000000000000000000000000000000	0	945	303c4ca0f0e267db85b1c35016105096a9473bd8ba3262a522826c81c89ee577
r2n_shapetrans_0574.img	TRIANGLE	171	31	46902	1	WITHHOLD	0000000000000000000000000000000000000000000000000000000000000000	0	431	603409f36a18f14352a0932f0cd7d0316a2f47e9f179fdfdcbc358c0c08c1330
r2n_shapetrans_0575.img	SQUARE	152	27	47346	1	WITHHOLD	0000000000000000000000000000000000000000000000000000000000000000	0	635	4c97e30c1996076ed648514650fa085f8e457a4c570386d7786b0d631d2d357e
r2n_shapetrans_0576.img	CIRCLE	597	223	47142	1	WITHHOLD	0000000000000000000000000000000000000000000000000000000000000000	0	930	721458f6886a839bc1cae5fc7dec58d810c4a61b0e9953ab7fb152e30a24c398
r2n_shapetrans_0577.img	TRIANGLE	171	31	47180	1	WITHHOLD	0000000000000000000000000000000000000000000000000000000000000000	0	418	3a2eb258319e2358afcf137bb10a7937e4f5e20da9d4e592b23548560ae60bbe
r2n_shapetrans_0578.img	SQUARE	171	31	47751	1	WITHHOLD	0000000000000000000000000000000000000000000000000000000000000000	0	642	7e89a98ce8d32da841c96e2ab9461f92e2e5f74259674ab380bba721fa14b788
r2n_shapetrans_0579.img	CIRCLE	520	163	47681	1	WITHHOLD	0000000000000000000000000000000000000000000000000000000000000000	0	900	322eaa654b34010e2b6fef44b3fa957fc8a8d00dd36752cf4b73cec625f19c2a
r2n_shapetrans_0580.img	TRIANGLE	171	31	47255	1	WITHHOLD	0000000000000000000000000000000000000000000000000000000000000000	0	414	5d0ada0966344472680e356ea0c33df96c1e8b758696a6f90d606468f4222f30
r2n_shapetrans_0581.img	SQUARE	171	31	47986	1	WITHHOLD	0000000000000000000000000000000000000000000000000000000000000000	0	681	d2c4e978e4138ae6e266e0e13a440bbf3522bf7230f81e260cd43fa661ddfe5a
r2n_shapetrans_0582.img	CIRCLE	541	177	47540	1	WITHHOLD	0000000000000000000000000000000000000000000000000000000000000000	0	907	ef9b4b8129e8948f8f1e701a192a89499a38de3510e328fb1d04144f5e753ed9
r2n_shapetrans_0583.img	TRIANGLE	171	31	51017	1	WITHHOLD	0000000000000000000000000000000000000000000000000000000000000000	0	246	5089c95929a18f93721bed594b87ae9a3875b99e1345c446f82126a89960e5be
r2n_shapetrans_0584.img	SQUARE	122	21	47539	1	WITHHOLD	0000000000000000000000000000000000000000000000000000000000000000	0	632	8c86cdc2d5d38556936e57e41695548d426fddb61a167a1e055e0d3dc8f9f5bd
r2n_shapetrans_0585.img	CIRCLE	579	207	47465	1	WITHHOLD	0000000000000000000000000000000000000000000000000000000000000000	0	922	1e3e95ba7c8b16ad813756d1d0aa47b1c381d98cfb65d60e140e20a4fded703e
r2n_shapetrans_0586.img	TRIANGLE	102	31	51312	1	WITHHOLD	0000000000000000000000000000000000000000000000000000000000000000	1	404	9997a0f55a3eb923a82fe545355ba208c625f2ece8ef38d1a5b46e89d4d31138
r2n_shapetrans_0587.img	SQUARE	171	31	47885	1	WITHHOLD	0000000000000000000000000000000000000000000000000000000000000000	0	645	87a0a29a89cb5962ab6c556eda4653a964f5b684e91ebf3e6f30cbc1a52c3832
r2n_shapetrans_0588.img	CIRCLE	511	157	47228	1	WITHHOLD	0000000000000000000000000000000000000000000000000000000000000000	0	897	d6b7d1ac06bfd19ea0a5741e1084304fa0997529555cac341dc7d78be81a1b3a
r2n_shapetrans_0589.img	TRIANGLE	171	31	46987	1	WITHHOLD	0000000000000000000000000000000000000000000000000000000000000000	0	429	7dd6bffd1957f3de6d36f3c6c02ab33831059610ce721f801e4e1ea0208d4b66
r2n_shapetrans_0590.img	SQUARE	68	11	47519	1	WITHHOLD	0000000000000000000000000000000000000000000000000000000000000000	0	627	f3f94c0cddc0f942b720b363c6b67f64cf91cb7c005dc171f389ff77d3949083
r2n_shapetrans_0591.img	CIRCLE	618	243	47466	1	WITHHOLD	0000000000000000000000000000000000000000000000000000000000000000	0	940	21598edbebaf9e2c4241373eae1ccfadf15bd26f148af6240048362c69ea82b3
r2n_shapetrans_0592.img	TRIANGLE	171	31	46864	1	WITHHOLD	0000000000000000000000000000000000000000000000000000000000000000	0	421	c5d6fabd92c14244c3174d003a7f3a3b5336e8e358dbcab31fd2ddc77018f377
r2n_shapetrans_0593.img	SQUARE	171	31	47751	1	WITHHOLD	0000000000000000000000000000000000000000000000000000000000000000	0	656	e8ccca5c226e16d6bf2575651072579624da9e9c7be9dca18abccc45ebad7f3a
r2n_shapetrans_0594.img	CIRCLE	579	207	47678	1	WITHHOLD	0000000000000000000000000000000000000000000000000000000000000000	0	922	0bf2f9766a4110bb7bbae1763e279129f7f6e7c139caed61d67b62ea43e1ec10
r2n_shapetrans_0595.img	TRIANGLE	171	31	46867	1	WITHHOLD	0000000000000000000000000000000000000000000000000000000000000000	0	421	b6334549a4fcfb7f92694b25ebdef8a3b1c5de04fe843ca4572b2ecf2afee1e6
r2n_shapetrans_0596.img	SQUARE	171	31	47349	1	WITHHOLD	0000000000000000000000000000000000000000000000000000000000000000	0	663	b5e82fa35ce8efd9f88a918036947ca73dd463d5b273cf72cf80fc039a5afdd7
r2n_shapetrans_0597.img	CIRCLE	579	207	47256	1	WITHHOLD	0000000000000000000000000000000000000000000000000000000000000000	0	922	5e638b7de6280750e0aa0d83a0f9f5deb8873b1e3135d29410a03e8c148aaf56
r2n_shapetrans_0598.img	TRIANGLE	171	31	46988	1	WITHHOLD	0000000000000000000000000000000000000000000000000000000000000000	0	427	670c99b117b229a86c23d09d7aa974c7f2a00c00b2584cab9a9d97fc6928e765
r2n_shapetrans_0599.img	SQUARE	171	31	48320	1	WITHHOLD	0000000000000000000000000000000000000000000000000000000000000000	0	637	bfa84850dfcfaff69b5053b2cb456ddb11fc0a398ced88d8a393d7c8ac4084ac
r2n_shapetrans_0600.img	CIRCLE	604	229	47621	1	WITHHOLD	0000000000000000000000000000000000000000000000000000000000000000	0	933	c3fe9957eac405febba2050c4b54d55c3ba22408f8a278d439207fca65e6bd38
r2n_shapetrans_0601.img	TRIANGLE	171	31	47139	1	WITHHOLD	0000000000000000000000000000000000000000000000000000000000000000	0	434	545cd1a5c0da399541d9056940de532991e37dd823f8d8e0379336a3cb4d0c3b
r2n_shapetrans_0602.img	SQUARE	6	1	47571	1	WITHHOLD	0000000000000000000000000000000000000000000000000000000000000000	0	622	db989838ba10d6488199daea77b1cdfe26f401fb8491c8f421d3c74f5d22d4ff
r2n_shapetrans_0603.img	CIRCLE	589	215	47315	1	WITHHOLD	0000000000000000000000000000000000000000000000000000000000000000	0	926	e46e5f872281714909355f251a3911423b146773c12cdf54e923f6021038e9c4
r2n_shapetrans_0604.img	TRIANGLE	171	31	47213	1	WITHHOLD	0000000000000000000000000000000000000000000000000000000000000000	0	422	fbd6c591c021597d748b509aa2bf0acf980e6f79399007a1033e2d5854f831bf
r2n_shapetrans_0605.img	SQUARE	68	11	48105	1	WITHHOLD	0000000000000000000000000000000000000000000000000000000000000000	0	627	5d6686003797855e31a5a3245049b831533559184631c942dbae5dd52f3cbcba
r2n_shapetrans_0606.img	CIRCLE	397	99	47256	1	WITHHOLD	0000000000000000000000000000000000000000000000000000000000000000	0	868	23f230ff10e4e9b4bbfbd8fbbc87696b7a3c7e6f7943630ad0ca4bbe44e3f01b
r2n_shapetrans_0607.img	TRIANGLE	171	31	46976	1	WITHHOLD	0000000000000000000000000000000000000000000000000000000000000000	0	434	deda771a337609d62acbe7ca82041563608424bafa85a6269a1a27de49cc03bd
r2n_shapetrans_0608.img	SQUARE	171	31	47408	1	WITHHOLD	0000000000000000000000000000000000000000000000000000000000000000	0	664	c05904fba28583a936fa3c595e438dd328554cb95c516aeb9afb89942bd12126
r2n_shapetrans_0609.img	CIRCLE	572	201	47661	1	WITHHOLD	0000000000000000000000000000000000000000000000000000000000000000	0	919	6eb8d23ba14fb4d80d5ac8bf4cd3faf9dfbd7e1312870f96802159a29566f356
r2n_shapetrans_0610.img	TRIANGLE	171	31	47166	1	WITHHOLD	0000000000000000000000000000000000000000000000000000000000000000	0	430	8950b10fa6407996cb7e359bb98b57ac22ee10125faa544c49899a8adf80869c
r2n_shapetrans_0611.img	SQUARE	171	31	47380	1	WITHHOLD	0000000000000000000000000000000000000000000000000000000000000000	0	651	bfa99b3235372dd2d65eb53bd285defb0b7fcbdba18d1ad415fc4be69eeff565
r2n_shapetrans_0612.img	CIRCLE	552	185	47718	1	WITHHOLD	0000000000000000000000000000000000000000000000000000000000000000	0	911	d2b62170732efb20f62d3d12d1a7fb4444b610fad808bdfe65455f77f43b07d5
r2n_shapetrans_0613.img	TRIANGLE	171	31	46883	1	WITHHOLD	0000000000000000000000000000000000000000000000000000000000000000	0	456	ca8aafe7945ad02f4b6d217de2862848a3ccf055a503ebcdf7cab3e2d4ece1b2
r2n_shapetrans_0614.img	SQUARE	90	15	47972	1	WITHHOLD	0000000000000000000000000000000000000000000000000000000000000000	0	629	82cda3f3ea630f044944de9a4252bc39f3c10673877e687b5e24abeface04563
r2n_shapetrans_0615.img	CIRCLE	627	253	47093	1	WITHHOLD	0000000000000000000000000000000000000000000000000000000000000000	0	945	8b69086925884a90edef448e916f272b98f05241ed5e381e91613c4cdc239318
r2n_shapetrans_0616.img	TRIANGLE	171	31	47132	1	WITHHOLD	0000000000000000000000000000000000000000000000000000000000000000	0	417	7dcd11fc815fc9f21c3a63cb8d3523a5a3c8cde96c724ec992c9903392b0398a
r2n_shapetrans_0617.img	SQUARE	152	27	47647	1	WITHHOLD	0000000000000000000000000000000000000000000000000000000000000000	0	635	5fb2abe210eb89716ee81b12a9137cd5a0fcf6e080a7b6e696b9dc27ab2bea3f
r2n_shapetrans_0618.img	CIRCLE	658	289	47156	1	WITHHOLD	0000000000000000000000000000000000000000000000000000000000000000	0	963	5b1d97a781bae9189ae1a381355c6cddab413ddf77a7189b03b50b3af8be3a3c
r2n_shapetrans_0619.img	TRIANGLE	171	31	47101	1	WITHHOLD	0000000000000000000000000000000000000000000000000000000000000000	0	431	cd2906940ab7dd018ee97ed091cce95b5fc6d41408b49791c69ab85a144fa0a2
r2n_shapetrans_0620.img	TRIANGLE	171	31	49018	1	WITHHOLD	0000000000000000000000000000000000000000000000000000000000000000	0	263	bbb8c5623edad87d24171404653f47bcba008cec7bebc671f1be87cc81c66fda
r2n_shapetrans_0621.img	CIRCLE	635	261	47677	1	WITHHOLD	0000000000000000000000000000000000000000000000000000000000000000	0	949	defc230c4dfb884d4d1c43b6133d5559f389e85265da26f7cf18eef0f01d950f
r2n_shapetrans_0622.img	TRIANGLE	171	31	47155	1	WITHHOLD	0000000000000000000000000000000000000000000000000000000000000000	0	423	1c6c7678156f26be49fb21f95a98cb08b81f3d3c52ce73f94b81a1feee13e20b
r2n_shapetrans_0623.img	SQUARE	171	31	48179	1	WITHHOLD	0000000000000000000000000000000000000000000000000000000000000000	0	656	e2cbd581cfae34e72bb6668a7fa7b7223508d161f22e904b3947a69cf3675f1c
r2n_shapetrans_0624.img	CIRCLE	614	239	47271	1	WITHHOLD	0000000000000000000000000000000000000000000000000000000000000000	0	938	fb07a9743d913f038099e65fb76d0ddeb1efaf283b5c36fc76344e3eedd38fb1
r2n_shapetrans_0625.img	TRIANGLE	171	31	47162	1	WITHHOLD	0000000000000000000000000000000000000000000000000000000000000000	0	432	4fd1b4d5f764bd0a89b65f6f49830841acf662a9ad37dc99ff8c59095965e972
r2n_shapetrans_0626.img	SQUARE	90	15	47900	1	WITHHOLD	0000000000000000000000000000000000000000000000000000000000000000	0	629	b4ab62e367d8b310f890003f6ff6f067fc395e2c2f6b76ab228342f348a23ecd
r2n_shapetrans_0627.img	CIRCLE	631	257	47256	1	WITHHOLD	0000000000000000000000000000000000000000000000000000000000000000	0	947	019b542acba3fbf0d8440a028b8c87615eff6f06aae1fe984d849efa6c3c2f45
r2n_shapetrans_0628.img	TRIANGLE	171	31	47113	1	WITHHOLD	0000000000000000000000000000000000000000000000000000000000000000	0	441	ae824eac5ebca255ed5993140210d829c7aacc028ed87e56e16a4692c411ccbc
r2n_shapetrans_0629.img	SQUARE	171	31	47972	1	WITHHOLD	0000000000000000000000000000000000000000000000000000000000000000	0	676	db621d012ca4a37c65d2dd73ea77adc9f84b45e3506ae5c3e2b098ac729674a0
r2n_shapetrans_0630.img	CIRCLE	633	259	47476	1	WITHHOLD	0000000000000000000000000000000000000000000000000000000000000000	0	948	fc4f6462268079a708984fba7d499dfaa3fada4fccdaba09e0a7d5f0acba7702
r2n_shapetrans_0631.img	TRIANGLE	171	31	46963	1	WITHHOLD	0000000000000000000000000000000000000000000000000000000000000000	0	432	b503c60ea8bad6f1d37385f4dabe2823a3a59bca7aa0e292b5ad660bf628aede
r2n_shapetrans_0632.img	SQUARE	19	3	48024	1	WITHHOLD	0000000000000000000000000000000000000000000000000000000000000000	0	623	7819f98e279b5e5c1acc01fe448077268506ca52ff10899bc3be5e83e27c21f9
r2n_shapetrans_0633.img	CIRCLE	618	243	47537	1	WITHHOLD	0000000000000000000000000000000000000000000000000000000000000000	0	940	4a17273bbe9f785203aea530bbec9e7231806ed8684512e0e37afd55b381759e
r2n_shapetrans_0634.img	TRIANGLE	171	31	47120	1	WITHHOLD	0000000000000000000000000000000000000000000000000000000000000000	0	440	19437e75b9daac6a163a9a8815daa277014896f024dff9398f978bc1e24658be
r2n_shapetrans_0635.img	SQUARE	171	31	48050	1	WITHHOLD	0000000000000000000000000000000000000000000000000000000000000000	0	649	45a8132edb8b89e88a4137af310108b12d0448af8e57cd54567f3150cdf958fc
r2n_shapetrans_0636.img	CIRCLE	538	175	47364	1	WITHHOLD	0000000000000000000000000000000000000000000000000000000000000000	0	906	349a98e7b2d191a8b9c37ff089c9790940a4f2b9042ee3b1929beaa2704c4511
r2n_shapetrans_0637.img	TRIANGLE	171	31	47088	1	WITHHOLD	0000000000000000000000000000000000000000000000000000000000000000	0	417	21d56944e3d9e03950e113522460112af0487fc2feffef848443b66f15f72696
r2n_shapetrans_0638.img	SQUARE	171	31	47663	1	WITHHOLD	0000000000000000000000000000000000000000000000000000000000000000	0	651	ab4ff773a188f9b136a2e8f5c1be0ed49146279a6bf34ebd94cc06b25b1a09d3
r2n_shapetrans_0639.img	CIRCLE	606	231	47817	1	WITHHOLD	0000000000000000000000000000000000000000000000000000000000000000	0	934	53e179e572d17a6690e381a8a67ad5d6ff5872371623e2a392d7ec2b5f381873
r2n_shapetrans_0640.img	TRIANGLE	171	31	47316	1	WITHHOLD	0000000000000000000000000000000000000000000000000000000000000000	0	435	f073d4cd90145d928b15f061372b8bef883d40d9ab4a18366773af100e7a26cf
r2n_shapetrans_0641.img	SQUARE	171	31	48175	1	WITHHOLD	0000000000000000000000000000000000000000000000000000000000000000	0	641	d0d9726a92cf75776790f7401d7f1a7bb38264154bce60e460271409a0a463a7
r2n_shapetrans_0642.img	CIRCLE	618	243	47631	1	WITHHOLD	0000000000000000000000000000000000000000000000000000000000000000	0	940	06cb82d6c4eb7fa0b9160203e6b7dfc1dbc5d6e8ef954b5b0691bf1a60ed3dc9
r2n_shapetrans_0643.img	TRIANGLE	171	31	48689	1	WITHHOLD	0000000000000000000000000000000000000000000000000000000000000000	0	578	bca45bf6c746719aa04e80e14a194535ea7b60c2115351c1fbbd165b1ec5837b
r2n_shapetrans_0644.img	SQUARE	171	31	47415	1	WITHHOLD	0000000000000000000000000000000000000000000000000000000000000000	0	647	00da164b7296a24db891df3ec4d3b84d476e7a6841e8a862da89943233174e3c
r2n_shapetrans_0645.img	CIRCLE	625	251	47889	1	WITHHOLD	0000000000000000000000000000000000000000000000000000000000000000	0	944	14302995d555c2ad2457a3889abcb6b4d3b4757cb76b6c2f2e7e520158b9c32a
r2n_shapetrans_0646.img	TRIANGLE	171	31	47196	1	WITHHOLD	0000000000000000000000000000000000000000000000000000000000000000	0	416	149883b3dd8fcbe2d5b64c8b791e9dcd0480d74cf72716244d1723a2a6f3fcf9
r2n_shapetrans_0647.img	SQUARE	44	7	47293	1	WITHHOLD	0000000000000000000000000000000000000000000000000000000000000000	0	625	a507de515acf77fce60e5b13d343a0f84985d5089aef1d1c028d1f62cf4eb771
r2n_shapetrans_0648.img	CIRCLE	586	213	47731	1	WITHHOLD	0000000000000000000000000000000000000000000000000000000000000000	0	925	79d928f108ed19076b8a5166baa4b99caa96be34b65e7e2ec258f9b3a742f17d
r2n_shapetrans_0649.img	TRIANGLE	171	31	47302	1	WITHHOLD	0000000000000000000000000000000000000000000000000000000000000000	0	429	efaa3bc49837c76733597ec02d13e961ccfa9365da980a59914c63424a0f696e
r2n_shapetrans_0650.img	SQUARE	56	9	48289	1	WITHHOLD	0000000000000000000000000000000000000000000000000000000000000000	0	626	bed0a51db9d071b7907a3400a3d6abbd53ea3be7f4fae355f53f8b5203581926
r2n_shapetrans_0651.img	CIRCLE	618	243	47712	1	WITHHOLD	0000000000000000000000000000000000000000000000000000000000000000	0	940	61638f6c949866bce5cc7eb549f74559f02e69d0e35a312a9097e506ff10eb84
r2n_shapetrans_0652.img	TRIANGLE	171	31	47230	1	WITHHOLD	0000000000000000000000000000000000000000000000000000000000000000	0	424	197b0170f1f9e580a7d02329280415cb33d444cca3b7cfc381b7e8d876a91885
r2n_shapetrans_0653.img	SQUARE	171	31	48088	1	WITHHOLD	0000000000000000000000000000000000000000000000000000000000000000	0	637	7aed31fbf68fd0b52df23d018ee106062250a7db0d97a56d3992b066210c690d
r2n_shapetrans_0654.img	CIRCLE	562	193	47876	1	WITHHOLD	0000000000000000000000000000000000000000000000000000000000000000	0	915	68dff29198d88fd94ebe4a22f45d52768853737c2a2b6f4263e416c0027c51e4
r2n_shapetrans_0655.img	TRIANGLE	171	31	47232	1	WITHHOLD	0000000000000000000000000000000000000000000000000000000000000000	0	435	3b2a00da7907375a5bb50674b600010e5c9400b8f6edc55dc57b8127de324395
r2n_shapetrans_0656.img	SQUARE	171	31	47806	1	WITHHOLD	0000000000000000000000000000000000000000000000000000000000000000	0	640	12fc9855a353b01db559769f36a8d26047e892119933d943700776e356d49fb4
r2n_shapetrans_0657.img	CIRCLE	653	283	47841	1	WITHHOLD	0000000000000000000000000000000000000000000000000000000000000000	0	960	88453b7e497f84ec2cd7c2c3dbdf6dc0eef13583df1d49a65de5b5bbf4539c0e
r2n_shapetrans_0658.img	TRIANGLE	171	31	48744	1	WITHHOLD	0000000000000000000000000000000000000000000000000000000000000000	0	275	543cd9c998bed687c29caf1ef96ee1950ae8048f73bbc896b2bb6960c49bd8f0
r2n_shapetrans_0659.img	SQUARE	32	5	48125	1	WITHHOLD	0000000000000000000000000000000000000000000000000000000000000000	0	624	fd74bc25a3177c8bda3c11c4254ec2251b688842ec6134ec684f292b8e2be297
r2n_shapetrans_0660.img	CIRCLE	514	159	47125	1	WITHHOLD	0000000000000000000000000000000000000000000000000000000000000000	0	898	d5917ee5c671e0215204bc97ee85c3e007bcb4d5e2b601a764d40041a4f7be1e
r2n_shapetrans_0661.img	TRIANGLE	171	31	47006	1	WITHHOLD	0000000000000000000000000000000000000000000000000000000000000000	0	420	37108942bee822d9ea1e3718af490a535250f3669105ee1fb92043ac3348e571
r2n_shapetrans_0662.img	SQUARE	171	31	47620	1	WITHHOLD	0000000000000000000000000000000000000000000000000000000000000000	0	643	99d75686c5b0863edcacbef52648e02eea3c1da05e16cf9263918d5b2197331a
r2n_shapetrans_0663.img	CIRCLE	640	267	47747	1	WITHHOLD	0000000000000000000000000000000000000000000000000000000000000000	0	952	046837d3117a4d7a4e525783266a6781b1d59160b752e78d79d4b89039310e3a
r2n_shapetrans_0664.img	TRIANGLE	171	31	46888	1	WITHHOLD	0000000000000000000000000000000000000000000000000000000000000000	0	428	da85485b1f53103cbde8df571a4b072cc61a80c902e7cb52461edc3605f9f886
r2n_shapetrans_0665.img	SQUARE	171	31	47787	1	WITHHOLD	0000000000000000000000000000000000000000000000000000000000000000	0	647	f27634d199fbb567038392ac8db4424094f7c7ec562d3ecacf7afb281c5d18eb
r2n_shapetrans_0666.img	CIRCLE	665	299	47276	1	WITHHOLD	0000000000000000000000000000000000000000000000000000000000000000	0	968	3242654bc403cc14937208f205f3e289cb5a8438c97cef38d70bc2ba97025897
r2n_shapetrans_0667.img	TRIANGLE	171	31	47163	1	WITHHOLD	0000000000000000000000000000000000000000000000000000000000000000	0	433	917b1fdc4451ec01e85f2784a6050c32ff652efbc3c6c9e1d549d430faca69d4
r2n_shapetrans_0668.img	SQUARE	132	23	47281	1	WITHHOLD	0000000000000000000000000000000000000000000000000000000000000000	0	633	98896b92e2489b34dafb3970ddfd5df46aa60d163887471b59f83eedc4413734
r2n_shapetrans_0669.img	CIRCLE	554	187	47339	1	WITHHOLD	0000000000000000000000000000000000000000000000000000000000000000	0	912	15198430b152eba5f8778f64fb2f61fb00dd1318664b8d03e46470076f0d0e4e
r2n_shapetrans_0670.img	TRIANGLE	171	31	47052	1	WITHHOLD	0000000000000000000000000000000000000000000000000000000000000000	0	438	88ad83e4b7b5493b81cd299ba11a931d4561ae84f1698ecbc2e24a632c68abe7
r2n_shapetrans_0671.img	SQUARE	122	21	48263	1	WITHHOLD	0000000000000000000000000000000000000000000000000000000000000000	0	632	3b0e7e409c32dd33850cbed3069c2097b9d2c44bb2da9cb4d42fd25e065d0371
r2n_shapetrans_0672.img	CIRCLE	382	93	47150	1	WITHHOLD	0000000000000000000000000000000000000000000000000000000000000000	0	865	c8eb444f2fe2e88b19a3e7281305fc717d68de2d694a85902ba6933405b5f448
r2n_shapetrans_0673.img	TRIANGLE	171	31	47215	1	WITHHOLD	0000000000000000000000000000000000000000000000000000000000000000	0	449	4e872f408cd23eca32d6117ceff3876aea401d5ffffb52d7c3ac4cf70c180a2b
r2n_shapetrans_0674.img	TRIANGLE	101	17	47811	1	WITHHOLD	0000000000000000000000000000000000000000000000000000000000000000	0	613	4a0e2290ae8f366fb0ad2290aeb06182b216f9bb6e6eedac9f7711bc351f26f6
r2n_shapetrans_0675.img	CIRCLE	645	273	47588	1	WITHHOLD	0000000000000000000000000000000000000000000000000000000000000000	0	955	4babb5b8a0658baa6c86d7e77f447ce9b5801476a410fe5c4ae7d76f228e287e
r2n_shapetrans_0676.img	TRIANGLE	171	31	47060	1	WITHHOLD	0000000000000000000000000000000000000000000000000000000000000000	0	437	aa9c604d434bc54380e416fba29479f6ed7040efffe1ecf4ac26431149af777e
r2n_shapetrans_0677.img	SQUARE	171	31	47863	1	WITHHOLD	0000000000000000000000000000000000000000000000000000000000000000	0	659	e6de616674629b5e77cd868951595e999865c613f7aa477b24a1f9fbae9bb49a
r2n_shapetrans_0678.img	CIRCLE	604	229	47431	1	WITHHOLD	0000000000000000000000000000000000000000000000000000000000000000	0	933	a1ffd17adb29bc47079f825534c77998bef592119aa5e0e7f028699bd97d0b9c
r2n_shapetrans_0679.img	TRIANGLE	171	31	46843	1	WITHHOLD	0000000000000000000000000000000000000000000000000000000000000000	0	450	3da5630de6d4117df78fd73cd8ced8d302c5c797db4fe990ba842b6d66d860c3
r2n_shapetrans_0680.img	SQUARE	19	3	47699	1	WITHHOLD	0000000000000000000000000000000000000000000000000000000000000000	0	623	e97a5bfa4c2fe2af1dadaf55228e97a99f7c6df1019eb788d8e260794169b3b4
r2n_shapetrans_0681.img	CIRCLE	640	267	47187	1	WITHHOLD	0000000000000000000000000000000000000000000000000000000000000000	0	952	fec89cc13c7b9378a0cd89fe82b3254e042f46e0b2d5d3255df416516c2cf628
r2n_shapetrans_0682.img	TRIANGLE	171	31	47305	1	WITHHOLD	0000000000000000000000000000000000000000000000000000000000000000	0	436	2d3ba3264e099dde13d08506fbedab062cb17cae468865aaa2043ce3385d67bd
r2n_shapetrans_0683.img	SQUARE	6	1	48200	1	WITHHOLD	0000000000000000000000000000000000000000000000000000000000000000	0	622	b8288406bd49daa1e2c79126336cf62c62ad85dd1df894e3d50ad5c0ac3ac759
r2n_shapetrans_0684.img	CIRCLE	462	129	47217	1	WITHHOLD	0000000000000000000000000000000000000000000000000000000000000000	0	883	b84167f4e0ea42d55620a1dd9c764d3fea0dedf24245ee9ebf5ef01b54c09e07
r2n_shapetrans_0685.img	TRIANGLE	171	31	47275	1	WITHHOLD	0000000000000000000000000000000000000000000000000000000000000000	0	421	1304f12c8461ac605c1af9d2e24cedf72426e84b05b9d1de22bedc70a3b22ed5
r2n_shapetrans_0686.img	SQUARE	171	31	47694	1	WITHHOLD	0000000000000000000000000000000000000000000000000000000000000000	0	640	e5f8faecb80b59e0ac99903c4524d34b2eb4a48587446f21a567ade302d59560
r2n_shapetrans_0687.img	CIRCLE	600	225	47679	1	WITHHOLD	0000000000000000000000000000000000000000000000000000000000000000	0	931	52f71ec4e163bddf84aac5fe41735561620bf0aca6d67bcb9e466fdff52579e0
r2n_shapetrans_0688.img	TRIANGLE	171	31	47174	1	WITHHOLD	0000000000000000000000000000000000000000000000000000000000000000	0	416	8897b58ba86cc102f3f8fff1fd199c1fa715ba267a6aebaa2c093f5d6aadca81
r2n_shapetrans_0689.img	SQUARE	171	31	47561	1	WITHHOLD	0000000000000000000000000000000000000000000000000000000000000000	0	646	aaaef23995af3c5f66f2e44b1514b72743366d6ace90a48e004252c72e643dc1
r2n_shapetrans_0690.img	CIRCLE	557	189	47419	1	WITHHOLD	0000000000000000000000000000000000000000000000000000000000000000	0	913	6bad593cc26b8cbb8e99b302060030b5e369b09d8888a16a5ed048ba12674566
r2n_shapetrans_0691.img	TRIANGLE	171	31	47278	1	WITHHOLD	0000000000000000000000000000000000000000000000000000000000000000	0	422	0dc193537a4fbb5251b1fdb469b33a130fb146e2d40e36d090fdbc93dfa00318
r2n_shapetrans_0692.img	SQUARE	60	17	49255	1	WITHHOLD	0000000000000000000000000000000000000000000000000000000000000000	1	630	140bf8e34490eeabf9815a1d1acd2ef209aa4978ca035f32861fb392aec79d07
r2n_shapetrans_0693.img	CIRCLE	575	203	47180	1	WITHHOLD	0000000000000000000000000000000000000000000000000000000000000000	0	920	3a90d43f11f07b179c0f5d52aabe71efa2021a2f2456827f5e0743b5a2ba2026
r2n_shapetrans_0694.img	TRIANGLE	171	31	47073	1	WITHHOLD	0000000000000000000000000000000000000000000000000000000000000000	0	427	77cad190289b3edfec10deaa15d6c89e8e8ccdcfe3416f6d19f9164022412985
r2n_shapetrans_0695.img	SQUARE	171	31	47424	1	WITHHOLD	0000000000000000000000000000000000000000000000000000000000000000	0	640	31a591dd73af7527a76e76211e036670ae320684721ac79984ec4313a89d4e53
r2n_shapetrans_0696.img	CIRCLE	684	325	47720	1	WITHHOLD	0000000000000000000000000000000000000000000000000000000000000000	0	981	ac54e4633bc3a5d3b45f51d7568ff06a6afcb4c5a656aaa6a3c939d1ebd9c5cd
r2n_shapetrans_0697.img	TRIANGLE	171	31	47325	1	WITHHOLD	0000000000000000000000000000000000000000000000000000000000000000	0	417	9d86681ad1b4a7c7560a62b5a7615065ac5b8c1f0b93bc35011bf8227c0705b1
r2n_shapetrans_0698.img	SQUARE	142	25	47376	1	WITHHOLD	0000000000000000000000000000000000000000000000000000000000000000	0	634	261b8565ca85667c52ad15fdd52dee73be509a25cad2172a55cb8a692f8d59e7
r2n_shapetrans_0699.img	CIRCLE	631	257	47758	1	WITHHOLD	0000000000000000000000000000000000000000000000000000000000000000	0	947	9e8941a5eafe7e64b90826226e7723ccb7271696c24305f3710438b83da787bf
r2n_shapetrans_0700.img	TRIANGLE	171	31	46826	1	WITHHOLD	0000000000000000000000000000000000000000000000000000000000000000	0	449	9b07a3027d7db1265603db465cccd902bd8ca5dd4e7e9bb326704bfe7629e3fd
r2n_shapetrans_0701.img	SQUARE	112	19	47785	1	WITHHOLD	0000000000000000000000000000000000000000000000000000000000000000	0	631	19ebf489497a4353bdea36fd0beb8b5d06a55da06488f12c8470da98a77acb25
r2n_shapetrans_0702.img	CIRCLE	466	131	47307	1	WITHHOLD	0000000000000000000000000000000000000000000000000000000000000000	0	884	11c3e6ea6f7b738a9b40b1125abc6843360542bd06d8a390d163163bd71dc7bb
r2n_shapetrans_0703.img	TRIANGLE	171	31	46886	1	WITHHOLD	0000000000000000000000000000000000000000000000000000000000000000	0	438	217a888791e9f2e67e39173c9f29056fd77a963b51c675aa59df6d58ae13b084
r2n_shapetrans_0704.img	SQUARE	171	31	48103	1	WITHHOLD	0000000000000000000000000000000000000000000000000000000000000000	0	646	c1be1b7584b0d6b55e9cc97e752c6829349fe1ad241f628cd51bbe1477dcbabc
r2n_shapetrans_0705.img	CIRCLE	491	145	47460	1	WITHHOLD	0000000000000000000000000000000000000000000000000000000000000000	0	891	d331e0b4cff458108975a75ab8ad6d3e02d30aeb82e0a29b24fb8985e856621d
r2n_shapetrans_0706.img	TRIANGLE	171	31	46902	1	WITHHOLD	0000000000000000000000000000000000000000000000000000000000000000	0	424	475661dcdcd7a9a35f9602ae49d9a21a0312b0d6afc9babd9949247c31695590
r2n_shapetrans_0707.img	SQUARE	171	31	47514	1	WITHHOLD	0000000000000000000000000000000000000000000000000000000000000000	0	652	5a39bf0d8799bf75e6352c9a508409f0d54a93c0b39e0d36c4060b8e62a74305
r2n_shapetrans_0708.img	CIRCLE	416	107	47346	1	WITHHOLD	0000000000000000000000000000000000000000000000000000000000000000	0	872	b0f884fbf5da968db728ef664c5560cd4964d7b3fa4ae4e93c55148072b9749f
r2n_shapetrans_0709.img	TRIANGLE	171	31	47185	1	WITHHOLD	0000000000000000000000000000000000000000000000000000000000000000	0	421	bc44d848afbe12b179f1c8b38e277eb5502719264d9b08b88679d117f9aa59b4
r2n_shapetrans_0710.img	SQUARE	171	31	47642	1	WITHHOLD	0000000000000000000000000000000000000000000000000000000000000000	0	640	a217706058e5ca54e50a90d76250f2ee9bfb8463dca1a9ff1e4dea13e2329e7c
r2n_shapetrans_0711.img	CIRCLE	633	259	47840	1	WITHHOLD	0000000000000000000000000000000000000000000000000000000000000000	0	948	7e66a438c332a572e59639d4178b52237ae580df6cba98e82dc70695a46cae1f
r2n_shapetrans_0712.img	TRIANGLE	171	31	46960	1	WITHHOLD	0000000000000000000000000000000000000000000000000000000000000000	0	424	c508a7d89de442945511c42ff51a40915224ca1c77dc81a06415800e62bb008c
r2n_shapetrans_0713.img	SQUARE	152	27	48240	1	WITHHOLD	0000000000000000000000000000000000000000000000000000000000000000	0	635	7a25c0f1b483cb1df23f413ff59a946f9bc19766e2fda0030a708373597e62c7
r2n_shapetrans_0714.img	CIRCLE	546	181	47359	1	WITHHOLD	0000000000000000000000000000000000000000000000000000000000000000	0	909	7c3005c715098e3f635645cde68d7edb2e37a42d8dc8030f1187abb4db052ef6
r2n_shapetrans_0715.img	TRIANGLE	171	31	47272	1	WITHHOLD	0000000000000000000000000000000000000000000000000000000000000000	0	436	c52898d0c9eb222a2c428151fece56ed7f18cdb38fb0348ddfd00b863b52a45d
r2n_shapetrans_0716.img	TRIANGLE	152	27	47543	1	WITHHOLD	0000000000000000000000000000000000000000000000000000000000000000	0	608	553716a237fadabe221af774501309557193acee205bf38aaa3d48e784112b17
r2n_shapetrans_0717.img	CIRCLE	655	285	47291	1	WITHHOLD	0000000000000000000000000000000000000000000000000000000000000000	0	961	aa938c67c228012c0b54434325918c8ddac1c6a2f893020c185c9541b0609245
r2n_shapetrans_0718.img	TRIANGLE	171	31	49315	1	WITHHOLD	0000000000000000000000000000000000000000000000000000000000000000	0	377	e7af1a64bfb5be9bd5e382e46e9406a2745601ced1f10f1f7d061a103a94e824
r2n_shapetrans_0719.img	SQUARE	40	11	50851	1	WITHHOLD	0000000000000000000000000000000000000000000000000000000000000000	1	627	693f0c8520bb2b25bf843a89a5d5877c8d815e693b2a84484c1b005c60a9eda5
r2n_shapetrans_0720.img	CIRCLE	526	167	47675	1	WITHHOLD	0000000000000000000000000000000000000000000000000000000000000000	0	902	bbedaeaf4ec4f67b7beaa88e9e94ebb03b24a004fcd3da26f4643ae54ac91a79
r2n_shapetrans_0721.img	TRIANGLE	171	31	47078	1	WITHHOLD	0000000000000000000000000000000000000000000000000000000000000000	0	424	299dd03618fcd459e5cd9c13188da919964da0cfd7d3254e4748727696d24dbb
r2n_shapetrans_0722.img	SQUARE	171	31	48156	1	WITHHOLD	0000000000000000000000000000000000000000000000000000000000000000	0	665	c2cb011aa8f35a84ddccb203817b5eecc52f85af99284786e9cf47bb49d962cd
r2n_shapetrans_0723.img	CIRCLE	538	175	47333	1	WITHHOLD	0000000000000000000000000000000000000000000000000000000000000000	0	906	dde26ac1df86f23a8875b6e316cf143b5150ac741146b2b84d60b2f2e48a11b7
r2n_shapetrans_0724.img	TRIANGLE	171	31	47137	1	WITHHOLD	0000000000000000000000000000000000000000000000000000000000000000	0	419	f3415e50690e933422021ea95627693dd824e0ebab1000a573eb500aa897344c
r2n_shapetrans_0725.img	SQUARE	44	7	47331	1	WITHHOLD	0000000000000000000000000000000000000000000000000000000000000000	0	625	f5d11c795fc5e511d176200fe70122168b8bf2e5a54ee678076e4e803075e04b
r2n_shapetrans_0726.img	CIRCLE	589	215	47292	1	WITHHOLD	0000000000000000000000000000000000000000000000000000000000000000	0	926	aa5a2479810170cd9e597c423bc2a2fd90e5c60e77ec563f1d1a9df8fba945bc
r2n_shapetrans_0727.img	TRIANGLE	171	31	46817	1	WITHHOLD	0000000000000000000000000000000000000000000000000000000000000000	0	426	aa666b2fb46cf4ae563e0b4b8b605c2f56735a50e8a0f2c4254678eab827d94d
r2n_shapetrans_0728.img	SQUARE	171	31	47373	1	WITHHOLD	0000000000000000000000000000000000000000000000000000000000000000	0	641	3ea33a071cdaa83281d2605a3a252ac55d29f9ee45c3cfc92d8a5f63ebfb676b
r2n_shapetrans_0729.img	CIRCLE	616	241	47338	1	WITHHOLD	0000000000000000000000000000000000000000000000000000000000000000	0	939	ee604859d81953840967eca4a71c0a0d9ec19dfe32bbfede0b8a6f3f89dc838d
r2n_shapetrans_0730.img	TRIANGLE	171	31	46907	1	WITHHOLD	0000000000000000000000000000000000000000000000000000000000000000	0	419	0a1fc531b5fc8cee6bb3840c086752679e393eb6c4d1c8071b0e1fcb37af9e22
r2n_shapetrans_0731.img	SQUARE	142	25	47945	1	WITHHOLD	0000000000000000000000000000000000000000000000000000000000000000	0	634	18362b9a8856d5f9b90edd379dbee627986c7abfc0378ecf2bc61141934be1b3
r2n_shapetrans_0732.img	CIRCLE	584	211	47736	1	WITHHOLD	0000000000000000000000000000000000000000000000000000000000000000	0	924	b2d642d3e7e8b66ad830eb928f36d65d3cd0d667631ce8652a115e02e0177e96
r2n_shapetrans_0733.img	TRIANGLE	171	31	47019	1	WITHHOLD	0000000000000000000000000000000000000000000000000000000000000000	0	442	28ad4b0e10bc7cca14c67db7f95d2183bb32eb3dec5b0aaa50cdef1010a5eb52
r2n_shapetrans_0734.img	SQUARE	56	9	48058	1	WITHHOLD	0000000000000000000000000000000000000000000000000000000000000000	0	626	930765ac1a8768a693824651fe77b57fa7fdbc1208b690f542684b9b45aad2eb
r2n_shapetrans_0735.img	CIRCLE	575	203	47866	1	WITHHOLD	0000000000000000000000000000000000000000000000000000000000000000	0	920	f57d0096ddd3ae98edb0ebd30f67f27864d31f014d104ef575efec4bd67588e8
r2n_shapetrans_0736.img	TRIANGLE	171	31	47163	1	WITHHOLD	0000000000000000000000000000000000000000000000000000000000000000	0	420	68f5432f7d8db699909dbdc1328bbe61ab7b49ae51b944134e63fe267982b1ee
r2n_shapetrans_0737.img	SQUARE	171	31	48311	1	WITHHOLD	0000000000000000000000000000000000000000000000000000000000000000	0	651	735c15d1128b7fc5d75231fd53e65635e1ee30dcbb7bd5fcc5a653baec1cf91a
r2n_shapetrans_0738.img	CIRCLE	579	207	47701	1	WITHHOLD	0000000000000000000000000000000000000000000000000000000000000000	0	922	c5ae58826f2e8f1476acc959b09c6469e898fcc5acc72f014539f4a06e21bfd1
r2n_shapetrans_0739.img	TRIANGLE	171	31	47161	1	WITHHOLD	0000000000000000000000000000000000000000000000000000000000000000	0	426	d3ec3923ab886817ab2dee832363485f09f2d5fbbd236e6b41fcc80423a842a5
r2n_shapetrans_0740.img	SQUARE	171	31	47903	1	WITHHOLD	0000000000000000000000000000000000000000000000000000000000000000	0	639	2a397faf974320c3f967ca42b6c0430a185ea0f023530819e8646c75c205cbd7
r2n_shapetrans_0741.img	CIRCLE	667	301	47112	1	WITHHOLD	0000000000000000000000000000000000000000000000000000000000000000	0	969	c1d95fd644b8771e878d7a5d814812f40bd123671af2db8e3f049b8a47c572c0
r2n_shapetrans_0742.img	TRIANGLE	171	31	46821	1	WITHHOLD	0000000000000000000000000000000000000000000000000000000000000000	0	440	230104225abec1ae4b2ac7b429d64a63ad1602e62d357ec6af45d2b110131a8a
r2n_shapetrans_0743.img	SQUARE	171	31	48108	1	WITHHOLD	0000000000000000000000000000000000000000000000000000000000000000	0	650	69d16a1aa4f1a7aca5b0c697536d7a55875e952b5a932985576cc534ec235589
r2n_shapetrans_0744.img	CIRCLE	535	173	47198	1	WITHHOLD	0000000000000000000000000000000000000000000000000000000000000000	0	905	a04afe96259ae056b862eb33c1397f45573643a5d5ea789a1a942d611ecdc267
r2n_shapetrans_0745.img	TRIANGLE	171	31	49752	1	WITHHOLD	0000000000000000000000000000000000000000000000000000000000000000	0	389	dafdfd60288d1276c90de64865360578b56eec8b8c217c8be7702102829c3b26
r2n_shapetrans_0746.img	SQUARE	171	31	47929	1	WITHHOLD	0000000000000000000000000000000000000000000000000000000000000000	0	664	218fdfda5c627ff418a508826498b6c24627348125a0c6d61a51b6492b904771
r2n_shapetrans_0747.img	CIRCLE	591	217	47213	1	WITHHOLD	0000000000000000000000000000000000000000000000000000000000000000	0	927	f9178e498c0f76095950b161841a6c8a9b82842c3e5eaac83da372ea8e2efa90
r2n_shapetrans_0748.img	TRIANGLE	102	31	48916	1	WITHHOLD	0000000000000000000000000000000000000000000000000000000000000000	1	418	1af91a6815ca859f771001dd31718fcf61371f07c6a7f2a579e3c95f6d9a9d09
r2n_shapetrans_0749.img	SQUARE	171	31	48205	1	WITHHOLD	0000000000000000000000000000000000000000000000000000000000000000	0	637	357d56117cfe71df3ab30955914144a1502f54dccef961bb65929805f1b1beea
r2n_shapetrans_0750.img	CIRCLE	625	251	47696	1	WITHHOLD	0000000000000000000000000000000000000000000000000000000000000000	0	944	96f6c3ac65d4ac3e67a9942e803bc285e8f992ee4e5294cfa03e4f1099b1b7f1
r2n_shapetrans_0751.img	TRIANGLE	171	31	46864	1	WITHHOLD	0000000000000000000000000000000000000000000000000000000000000000	0	408	f8fe0127a4e0e83e95e20b1a6270e61d09ae4ff6170904544f9f6c2273c32da9
r2n_shapetrans_0752.img	SQUARE	171	31	47340	1	WITHHOLD	0000000000000000000000000000000000000000000000000000000000000000	0	688	e5a2fc103167ffd12b0951235d33e00b1ca7b3c553b8ffe3cc6586d1aa21b3c0
r2n_shapetrans_0753.img	CIRCLE	520	163	47850	1	WITHHOLD	0000000000000000000000000000000000000000000000000000000000000000	0	900	763e7ba9cb7d6de9f04ad36df968b3f9d916025b1adcd30d802bd182ed59113f
r2n_shapetrans_0754.img	TRIANGLE	171	31	46961	1	WITHHOLD	0000000000000000000000000000000000000000000000000000000000000000	0	426	190a66351edb072d18f6fc4719c9ed9d043f10a82ffcd682a328e7d6372bcf10
r2n_shapetrans_0755.img	SQUARE	171	31	47558	1	WITHHOLD	0000000000000000000000000000000000000000000000000000000000000000	0	642	b0c2fcac59402d81bff91e79f93d601a21c0aa15c7c8d3cf64aaba4105c14f9c
r2n_shapetrans_0756.img	CIRCLE	394	289	48977	1	WITHHOLD	0000000000000000000000000000000000000000000000000000000000000000	1	963	7474f6ac47ebfe2686587a1459ba35a113e1e8197faa7af47048f4a1add306b2
r2n_shapetrans_0757.img	TRIANGLE	171	31	47213	1	WITHHOLD	0000000000000000000000000000000000000000000000000000000000000000	0	435	2cd7c7f65058c7689600f62abf24380c9ef8ae96e8fd47d234ced8dfd5e306ce
r2n_shapetrans_0758.img	SQUARE	171	31	47689	1	WITHHOLD	0000000000000000000000000000000000000000000000000000000000000000	0	640	f7909809cc6d1394c6c190c1f3ede20c391d4521e6749fee456355cb9ebbdfa7
r2n_shapetrans_0759.img	CIRCLE	584	211	47857	1	WITHHOLD	0000000000000000000000000000000000000000000000000000000000000000	0	924	8857d97cc4a45dee75cd25cffee4dd46d056c8dd5340c371c9867c913e3d84f5
r2n_shapetrans_0760.img	TRIANGLE	171	31	46841	1	WITHHOLD	0000000000000000000000000000000000000000000000000000000000000000	0	444	d157a14f58651933727c80e0003e479d24b6dd0f98b76455f59d8c868d573af4
r2n_shapetrans_0761.img	SQUARE	171	31	48224	1	WITHHOLD	0000000000000000000000000000000000000000000000000000000000000000	0	670	a95be264f887f36dce7892760b3025a9bbd2a74221109c13e4f5d85edb0f011b
r2n_shapetrans_0762.img	CIRCLE	627	253	47278	1	WITHHOLD	0000000000000000000000000000000000000000000000000000000000000000	0	945	f181c51e632a8c59dc8c883bf62f57302e059a74c451164a17e23aa006505415
r2n_shapetrans_0763.img	TRIANGLE	171	31	47016	1	WITHHOLD	0000000000000000000000000000000000000000000000000000000000000000	0	417	5020a5301c9debc037dc1508e270458310693a6f19554c34fc6273c233e9e157
r2n_shapetrans_0764.img	SQUARE	171	31	47327	1	WITHHOLD	0000000000000000000000000000000000000000000000000000000000000000	0	648	6d385a16aa29208a69ec406a319f641f45b17d304fc3dc9fd6eb82a11604d2df
r2n_shapetrans_0765.img	CIRCLE	647	275	47896	1	WITHHOLD	0000000000000000000000000000000000000000000000000000000000000000	0	956	b2d6063e43d2438de0a9cce31611616d05fc795938073afeb2502d7c743201f4
r2n_shapetrans_0766.img	TRIANGLE	171	31	46835	1	WITHHOLD	0000000000000000000000000000000000000000000000000000000000000000	0	421	b43e61e83f1b8a2540e3283b3a6087c4ed24e7baec34c20cb4c833014c84e6e1
r2n_shapetrans_0767.img	TRIANGLE	162	29	48064	1	WITHHOLD	0000000000000000000000000000000000000000000000000000000000000000	0	607	76142bfb9e1736a35f7c98d716e02b8e3bd0f0d3ed4cfdb8a0202bf7c15fe590
r2n_shapetrans_0768.img	CIRCLE	604	229	47415	1	WITHHOLD	0000000000000000000000000000000000000000000000000000000000000000	0	933	e924c618dc4ebd5b93d6294ec278e5c2ca133d04cfdf6220d73d7afa5887cec8
r2n_shapetrans_0769.img	TRIANGLE	171	31	47049	1	WITHHOLD	0000000000000000000000000000000000000000000000000000000000000000	0	422	082f1cbb97b1326a27ea69c9e0de589b57481f01999833c50b75955636963a17
r2n_shapetrans_0770.img	SQUARE	171	31	47426	1	WITHHOLD	0000000000000000000000000000000000000000000000000000000000000000	0	666	815aebdf71631d738b11a2137a02648c27e4a842bc4d3782674ee6bae22c0f5c
r2n_shapetrans_0771.img	CIRCLE	655	285	47692	1	WITHHOLD	0000000000000000000000000000000000000000000000000000000000000000	0	961	ab10ec482720a9b796de2d461e75a7d7f12149f242e3bad45b82f90c502879a0
r2n_shapetrans_0772.img	TRIANGLE	171	31	46860	1	WITHHOLD	0000000000000000000000000000000000000000000000000000000000000000	0	416	dd56a650fc3a7723500ad2e156674012354af580f58c6c83eb9405db54e81860
r2n_shapetrans_0773.img	SQUARE	122	21	47324	1	WITHHOLD	0000000000000000000000000000000000000000000000000000000000000000	0	632	a71ad5e8b922c598d2ff110baae018f56463c3f817874ac71f3fab4758f4f4d5
r2n_shapetrans_0774.img	CIRCLE	477	137	47130	1	WITHHOLD	0000000000000000000000000000000000000000000000000000000000000000	0	887	f643656067849630d003f9db8f738699018f0b9c9bfec8c20cfb32081f61fdeb
r2n_shapetrans_0775.img	TRIANGLE	171	31	46868	1	WITHHOLD	0000000000000000000000000000000000000000000000000000000000000000	0	413	e1dfbfbb7fbdfddd8fc6ba229efce826ac21a3a5ae3395b58cb655dcf2437c32
r2n_shapetrans_0776.img	SQUARE	171	31	48038	1	WITHHOLD	0000000000000000000000000000000000000000000000000000000000000000	0	640	ee90d66c19ebcb04395d7d7652554f01ca4d8025b70a74fa54097a2811f0f207
r2n_shapetrans_0777.img	CIRCLE	392	97	47087	1	WITHHOLD	0000000000000000000000000000000000000000000000000000000000000000	0	867	aa5162c5228ed8c1077e40ba7e4a52a6e91833a91ebe06e7270e7bdf478e24c4
r2n_shapetrans_0778.img	TRIANGLE	171	31	46929	1	WITHHOLD	0000000000000000000000000000000000000000000000000000000000000000	0	448	d7f82c2ecb09f9a55da4a9b68ccee28502d161a1a5771aef8339b4e90a86e978
r2n_shapetrans_0779.img	SQUARE	68	11	47874	1	WITHHOLD	0000000000000000000000000000000000000000000000000000000000000000	0	627	abc0ff75b71293c8da178d3ebe637315f33ca3cfb624a5f08e25287bce17215a
r2n_shapetrans_0780.img	CIRCLE	514	159	47209	1	WITHHOLD	0000000000000000000000000000000000000000000000000000000000000000	0	898	92ddf669dca72d30107ad820eb861bd341269accfeccefd409f189923f1df6f1
r2n_shapetrans_0781.img	TRIANGLE	171	31	47209	1	WITHHOLD	0000000000000000000000000000000000000000000000000000000000000000	0	433	51065fd4d0ffa7dbc1a3f2af658ac8229e67962ae9a1d73b88af4f508dc6c813
r2n_shapetrans_0782.img	SQUARE	90	15	48236	1	WITHHOLD	0000000000000000000000000000000000000000000000000000000000000000	0	629	3a1060e8aed0791225ba524c78fba475459301f76efdc2e1ef3c017f6af48b2a
r2n_shapetrans_0783.img	CIRCLE	658	289	47773	1	WITHHOLD	0000000000000000000000000000000000000000000000000000000000000000	0	963	d8ed672ec9c1299eddb165c77218f64bb207d17e746bb4b1c4fcd494ff44bef9
r2n_shapetrans_0784.img	TRIANGLE	171	31	51024	1	WITHHOLD	0000000000000000000000000000000000000000000000000000000000000000	0	226	bcd62e1bcad3272ec0a363284a7f1a2e0a7d836c0ff092393a19308f8f71be30
r2n_shapetrans_0785.img	SQUARE	171	31	47692	1	WITHHOLD	0000000000000000000000000000000000000000000000000000000000000000	0	645	5c861faac963d2a19b93bdf5694b1ad2a8d8f63ca31d29b065dc405404a1878f
r2n_shapetrans_0786.img	CIRCLE	659	291	47836	1	WITHHOLD	0000000000000000000000000000000000000000000000000000000000000000	0	964	fcd82e5637df120e50027c839a78b0bbf352cf42e13fcef5d744bc3c0e6c2012
r2n_shapetrans_0787.img	TRIANGLE	171	31	50128	1	WITHHOLD	0000000000000000000000000000000000000000000000000000000000000000	0	405	ff946e99a89dcf55ac603c318565ebe7d49e27b436d81f68eed5f456e7acad9f
r2n_shapetrans_0788.img	TRIANGLE	171	31	50455	1	WITHHOLD	0000000000000000000000000000000000000000000000000000000000000000	0	423	d63cbe5f024051abc0efa375668ed281f9d8f826d0e7b295e54d24427b202a6a
r2n_shapetrans_0789.img	CIRCLE	544	179	47111	1	WITHHOLD	0000000000000000000000000000000000000000000000000000000000000000	0	908	98a2d9307211aa6071f1acc6b63e471f6e026c151c3851b7dd49ce89ba05f232
r2n_shapetrans_0790.img	TRIANGLE	171	31	47186	1	WITHHOLD	0000000000000000000000000000000000000000000000000000000000000000	0	409	602c64d675fb8dab4fd6ea4f2f532a1dee93c5cc918a818c305d25cb1ee6d3cd
r2n_shapetrans_0791.img	TRIANGLE	101	17	47393	1	WITHHOLD	0000000000000000000000000000000000000000000000000000000000000000	0	613	82a9386b5c5e19896dec8e873c117e9ff02e4dcb68104b97f4487ece23749af0
r2n_shapetrans_0792.img	CIRCLE	640	267	47209	1	WITHHOLD	0000000000000000000000000000000000000000000000000000000000000000	0	952	8d73da663d672a3b554119b832b682017ed853de49224391d0bfe3f120f91c1a
r2n_shapetrans_0793.img	TRIANGLE	171	31	46834	1	WITHHOLD	0000000000000000000000000000000000000000000000000000000000000000	0	413	0c91acc2175c7523196bf5fbd444d078530b941f0d278903cceaeb88d243bda4
r2n_shapetrans_0794.img	SQUARE	171	31	47612	1	WITHHOLD	0000000000000000000000000000000000000000000000000000000000000000	0	660	e1e67e32c0213dd0c4e9294ff6cd80726eaca793d39e55a4582d239aa4ceda6a
r2n_shapetrans_0795.img	CIRCLE	557	189	47854	1	WITHHOLD	0000000000000000000000000000000000000000000000000000000000000000	0	913	066d06e9da215589aee831ed1a4f236ba239c276d124e639948bb1a0c88824b9
r2n_shapetrans_0796.img	TRIANGLE	171	31	50663	1	WITHHOLD	0000000000000000000000000000000000000000000000000000000000000000	0	235	a68c077d2576982be7f81c05ceb0a7229f6a2afe4f0835528f9b6295162c9993
r2n_shapetrans_0797.img	TRIANGLE	101	17	47683	1	WITHHOLD	0000000000000000000000000000000000000000000000000000000000000000	0	613	dba8943de536f7dca9b43481c99f2153a40a8805b31df1f21052bd4a054f9d67
r2n_shapetrans_0798.img	CIRCLE	402	305	48586	1	WITHHOLD	0000000000000000000000000000000000000000000000000000000000000000	1	971	dad682642a9afda9e97febae1c1c5583c4da535f11fb978fc4f338aa85bbebbf
r2n_shapetrans_0799.img	TRIANGLE	171	31	47075	1	WITHHOLD	0000000000000000000000000000000000000000000000000000000000000000	0	427	47f1f5f6d22df7f5236d4c6603d7f3d30656a0507d5ae93c2d85516da6ff09a5
r2n_shapetrans_0800.img	SQUARE	56	9	47664	1	WITHHOLD	0000000000000000000000000000000000000000000000000000000000000000	0	626	12248aa4589ddc5d0ec70641042f53d152e5c808fda4c257379bcf9716995d16
r2n_shapetrans_0801.img	CIRCLE	586	213	47611	1	WITHHOLD	0000000000000000000000000000000000000000000000000000000000000000	0	925	fb94a6cb147954d0d223f1137e2ae5d685eda4026d085982125c214fafd0b7f4
r2n_shapetrans_0802.img	TRIANGLE	171	31	49854	1	WITHHOLD	0000000000000000000000000000000000000000000000000000000000000000	0	365	8529e9cf4643594da9e12a966b7b16f0e06f41908fec928f4dda50308a77479f
r2n_shapetrans_0803.img	SQUARE	171	31	48090	1	WITHHOLD	0000000000000000000000000000000000000000000000000000000000000000	0	638	6ef706fcea7393534b0d2211e6514f0c955369569569b8a3f2b1fcf8bdc0f689
r2n_shapetrans_0804.img	CIRCLE	600	225	47440	1	WITHHOLD	0000000000000000000000000000000000000000000000000000000000000000	0	931	a465a9f9f2e6b8b34abf664535e31022f04bfb76b7e10a24af41407d1315e6eb
r2n_shapetrans_0805.img	TRIANGLE	171	31	50983	1	WITHHOLD	0000000000000000000000000000000000000000000000000000000000000000	0	417	f7a7495a85026a89fd150c1f19c4bf9963f5f9a8da5a01e793e7b3b665467757
r2n_shapetrans_0806.img	TRIANGLE	171	31	47862	1	WITHHOLD	0000000000000000000000000000000000000000000000000000000000000000	0	603	ea76568f906e7432fc01be5c803753c96e8411ef265fa68fcbd429e5cc0b4950
r2n_shapetrans_0807.img	CIRCLE	591	217	47498	1	WITHHOLD	0000000000000000000000000000000000000000000000000000000000000000	0	927	72b92927cfe7ebed09ccf272b24ca2b5fd2875c9bf1170df14339083a8129fae
r2n_shapetrans_0808.img	TRIANGLE	171	31	46948	1	WITHHOLD	0000000000000000000000000000000000000000000000000000000000000000	0	449	04d7db5db9065cd69baa9d576cbed0df1e9a4daf8205f46e8e9ef372dc585336
r2n_shapetrans_0809.img	TRIANGLE	90	15	48009	1	WITHHOLD	0000000000000000000000000000000000000000000000000000000000000000	0	614	46b375e6e214e6c13f7e3302fe75419e39927962bbbc48fe47c9cb5f05f7a33f
r2n_shapetrans_0810.img	CIRCLE	560	191	47569	1	WITHHOLD	0000000000000000000000000000000000000000000000000000000000000000	0	914	aa87afe7c4e71087e545785ca9561024d7b2c216ff73146b5994acbf7f2bd02b
r2n_shapetrans_0811.img	TRIANGLE	171	31	47136	1	WITHHOLD	0000000000000000000000000000000000000000000000000000000000000000	0	414	0dceacdf77adf38865f7f865420e1a305d47d41a18b0afb282483b1aa119889d
r2n_shapetrans_0812.img	SQUARE	171	31	48014	1	WITHHOLD	0000000000000000000000000000000000000000000000000000000000000000	0	652	49acb2b25be3ea68b60b07f1eb85d879cec86d4672c4da5970bc553c8929e0fa
r2n_shapetrans_0813.img	CIRCLE	488	143	47141	1	WITHHOLD	0000000000000000000000000000000000000000000000000000000000000000	0	890	1fabf47d17dd2784fb0df44cfa48a2be336164a7e199307b4fb24ab4f6a528a6
r2n_shapetrans_0814.img	TRIANGLE	171	31	47183	1	WITHHOLD	0000000000000000000000000000000000000000000000000000000000000000	0	444	3298ad2e2c1dc422698f2b86c7f4c3ae8e823c17be4a8cce5847a5df0e4235c5
r2n_shapetrans_0815.img	SQUARE	171	31	47335	1	WITHHOLD	0000000000000000000000000000000000000000000000000000000000000000	0	641	e0057d37e1f6620d2971c0bc27e64651f86bea772c0d2a571d02e1b578b56d69
r2n_shapetrans_0816.img	CIRCLE	681	321	47487	1	WITHHOLD	0000000000000000000000000000000000000000000000000000000000000000	0	979	9adf63336100319c512a471aaa6908be7e9ab7b12dc4340c0ede05241fde6cc5
r2n_shapetrans_0817.img	TRIANGLE	171	31	47247	1	WITHHOLD	0000000000000000000000000000000000000000000000000000000000000000	0	425	5ebabfd207c7d8ed7a2d59ddc4eba9840630139765feb18bf5b1fe430d796b75
r2n_shapetrans_0818.img	SQUARE	152	27	47935	1	WITHHOLD	0000000000000000000000000000000000000000000000000000000000000000	0	635	1efeb7dc7d0788101f8331aa8fab11b65d91b8a5c4ddc00e66a91035784b7335
r2n_shapetrans_0819.img	CIRCLE	650	279	47165	1	WITHHOLD	0000000000000000000000000000000000000000000000000000000000000000	0	958	1da144a99258c8210324a6bb30a010239a353ee6038fc333b6c47da8da51f8be
r2n_shapetrans_0820.img	TRIANGLE	171	31	46940	1	WITHHOLD	0000000000000000000000000000000000000000000000000000000000000000	0	436	4ac1d72953c4010fcfa403c25b4c004a9081296467c8414a8b605c16501f9561
r2n_shapetrans_0821.img	SQUARE	171	31	48053	1	WITHHOLD	0000000000000000000000000000000000000000000000000000000000000000	0	645	a139e3b95aafb58f1f9065e3ea6ee084d2e437e7f78b272b213ac127d8bca59a
r2n_shapetrans_0822.img	CIRCLE	612	237	47372	1	WITHHOLD	0000000000000000000000000000000000000000000000000000000000000000	0	937	d2f62418d57f375f8520f76a7795a4d1381f16f606e4182fa32037bb0ced4690
r2n_shapetrans_0823.img	TRIANGLE	171	31	47212	1	WITHHOLD	0000000000000000000000000000000000000000000000000000000000000000	0	442	20bbd640351a18b597a8b8f2c2aa8165a00ac0f1617f8f71da92fbec0692db55
r2n_shapetrans_0824.img	SQUARE	171	31	48318	1	WITHHOLD	0000000000000000000000000000000000000000000000000000000000000000	0	637	519b159cb65322ae944d5fcbc1dad5567f91ac152c6c6c47681c51e6e2d49e3b
r2n_shapetrans_0825.img	CIRCLE	612	237	47373	1	WITHHOLD	0000000000000000000000000000000000000000000000000000000000000000	0	937	3cc1615e27771c7d71da513c37c69e4ad12df1c89f7f264fa2316cbc0ab98bfb
r2n_shapetrans_0826.img	TRIANGLE	171	31	47276	1	WITHHOLD	0000000000000000000000000000000000000000000000000000000000000000	0	416	30a990466dcd6246225b5462b576aa4d6c4bc61aa82aaf28a004a02b6fbf61cf
r2n_shapetrans_0827.img	SQUARE	56	9	47990	1	WITHHOLD	0000000000000000000000000000000000000000000000000000000000000000	0	626	a7b19920bd7b92994e4c9a34fb5046e78befbc8534cfd074a03e96378ada54c0
r2n_shapetrans_0828.img	TRIANGLE	171	31	48979	1	WITHHOLD	0000000000000000000000000000000000000000000000000000000000000000	0	242	89d6d12f623c4c6c5e22977fdaed976005249aaf79a43b539dfdc1c226da7419
r2n_shapetrans_0829.img	TRIANGLE	171	31	47033	1	WITHHOLD	0000000000000000000000000000000000000000000000000000000000000000	0	433	5992bfaa39a759d2a0687a49297ba5fddf0ca73a159d3cef15730c26708aea0f
r2n_shapetrans_0830.img	SQUARE	32	5	47290	1	WITHHOLD	0000000000000000000000000000000000000000000000000000000000000000	0	624	141bdab3007a0fd67bb18c78845525eff9d37c76039642a2ea0d02204ecaea64
r2n_shapetrans_0831.img	CIRCLE	707	363	47562	1	INSTALL	0000000000000000000000000000000000000000000000000000000000000000	0	1002	4282fed3543c20ffb332ddf4e9cf9a8a95305c37609b9e99c5586775bd5b5271
r2n_shapetrans_0832.img	TRIANGLE	171	31	50807	1	WITHHOLD	0000000000000000000000000000000000000000000000000000000000000000	0	389	68073249bcdd2e1b1a21e58eee9d43d0573ca43acfb6bb52976c4174d6f9f8e0
r2n_shapetrans_0833.img	TRIANGLE	152	27	47649	1	WITHHOLD	0000000000000000000000000000000000000000000000000000000000000000	0	608	c690d0ccac7586da4a796d36eb88ff99f4cde3b90e3a69d1fd039fe6aef024fa
r2n_shapetrans_0834.img	CIRCLE	608	233	47864	1	WITHHOLD	0000000000000000000000000000000000000000000000000000000000000000	0	935	e594ea3b14e39f956ebc8921f19c56518f7c6c2bd85026ebe5aa1e348740cf2e
r2n_shapetrans_0835.img	TRIANGLE	171	31	47163	1	WITHHOLD	0000000000000000000000000000000000000000000000000000000000000000	0	428	59ec0f30564dc274a8676e774180063586437ac205e53b4dcfaf54633d0e9419
r2n_shapetrans_0836.img	SQUARE	132	23	47828	1	WITHHOLD	0000000000000000000000000000000000000000000000000000000000000000	0	633	8519b71b7a79e6765230484cb13ec4d3b869dda281059c675f4508259125c24c
r2n_shapetrans_0837.img	CIRCLE	462	129	47305	1	WITHHOLD	0000000000000000000000000000000000000000000000000000000000000000	0	883	f027866a2d0d24884a8b08cda51494e9309a13f1827d7416c6333351f8999e08
r2n_shapetrans_0838.img	TRIANGLE	171	31	46889	1	WITHHOLD	0000000000000000000000000000000000000000000000000000000000000000	0	441	52b93c8bdc6d0fc39188bbaff90a16298c226444d73b287f8675e60963a6271d
r2n_shapetrans_0839.img	SQUARE	171	31	47845	1	WITHHOLD	0000000000000000000000000000000000000000000000000000000000000000	0	646	df9b8ebdf48e565e23b57a142d86348ed51b02e6b066840f69f7410b41640651
r2n_shapetrans_0840.img	CIRCLE	690	335	47091	1	WITHHOLD	0000000000000000000000000000000000000000000000000000000000000000	0	986	6afa21bddfe28eb99b2e40edfa9748c020c03b2a29b2298cd273c6df3389cf57
r2n_shapetrans_0841.img	TRIANGLE	171	31	47014	1	WITHHOLD	0000000000000000000000000000000000000000000000000000000000000000	0	455	68314245a12b9abfc543f5b5242b683fb1efc565be81d46ab208fc908e136446
r2n_shapetrans_0842.img	SQUARE	171	31	47576	1	WITHHOLD	0000000000000000000000000000000000000000000000000000000000000000	0	658	6bcbe4753a44c9b957309327c634b630c8a40e1a9aad63fe6c9be5ecf37c8cad
r2n_shapetrans_0843.img	CIRCLE	653	283	47474	1	WITHHOLD	0000000000000000000000000000000000000000000000000000000000000000	0	960	8d01642b8530ba3e4fed0b656d9cd7b504294b91fc0fc34d6fcdca8183821cd6
r2n_shapetrans_0844.img	TRIANGLE	171	31	46937	1	WITHHOLD	0000000000000000000000000000000000000000000000000000000000000000	0	440	5b8f046ef1cc12267d468d49cd4dd8bdbc4eb09f09fdd8ea8802411594f671e3
r2n_shapetrans_0845.img	SQUARE	152	27	47744	1	WITHHOLD	0000000000000000000000000000000000000000000000000000000000000000	0	635	6639c51b1beb5eb0c482d925b682c3df42754131b1956f5b6255cec860eb0e8f
r2n_shapetrans_0846.img	CIRCLE	616	241	47758	1	WITHHOLD	0000000000000000000000000000000000000000000000000000000000000000	0	939	6a645eaf8503fa09af8e61bbd85e17ce069dc26dcddf90765ab256dc12a2d469
r2n_shapetrans_0847.img	TRIANGLE	171	31	47309	1	WITHHOLD	0000000000000000000000000000000000000000000000000000000000000000	0	405	294e2fd4769e488bf7b4507dfb278d07998b9eab7d0823947ff625331fa6b169
r2n_shapetrans_0848.img	SQUARE	90	15	47362	1	WITHHOLD	0000000000000000000000000000000000000000000000000000000000000000	0	629	010aaed661487c1474a844aa0310530026781e43cdb095cd2ea93d14d38b9a59
r2n_shapetrans_0849.img	CIRCLE	650	279	47912	1	WITHHOLD	0000000000000000000000000000000000000000000000000000000000000000	0	958	200b39a0fd094fe2da222293fb3b24353ae36ec2f0a29096e01053125cccda05
r2n_shapetrans_0850.img	TRIANGLE	171	31	46941	1	WITHHOLD	0000000000000000000000000000000000000000000000000000000000000000	0	418	c61eb53bfab7868dad3e91b49c53e855a781369cf1244158b8d299bbce8c1059
r2n_shapetrans_0851.img	SQUARE	171	31	48086	1	WITHHOLD	0000000000000000000000000000000000000000000000000000000000000000	0	651	db7adcacfae726cc4955d2dd3e420e8493fe189698c81b2fb90b77f5825e902d
r2n_shapetrans_0852.img	CIRCLE	488	143	47173	1	WITHHOLD	0000000000000000000000000000000000000000000000000000000000000000	0	890	1d0a8b80227621739b9da5b309530fc268785a35e5089d6a1635a19c9d30ee30
r2n_shapetrans_0853.img	TRIANGLE	171	31	47112	1	WITHHOLD	0000000000000000000000000000000000000000000000000000000000000000	0	423	fe8bb726e6b8b24654dc052af3db19af39ac241076a0172fe1520075c26eee86
r2n_shapetrans_0854.img	SQUARE	171	31	48174	1	WITHHOLD	0000000000000000000000000000000000000000000000000000000000000000	0	646	f99fc1b05b9e8691ffb0ee03c941b21bcf8bbceba5e5e16a94c379706c29dfc8
r2n_shapetrans_0855.img	CIRCLE	616	241	47824	1	WITHHOLD	0000000000000000000000000000000000000000000000000000000000000000	0	939	4e5341fc6480acc323d330e9d1cdedb88eab28c9eb0fba8949797797d27d83a8
r2n_shapetrans_0856.img	TRIANGLE	171	31	46838	1	WITHHOLD	0000000000000000000000000000000000000000000000000000000000000000	0	423	9f29457cb4a543caab61428e540f3ac42bf5d7f24295da6b44585c5962e21b0b
r2n_shapetrans_0857.img	SQUARE	152	27	47334	1	WITHHOLD	0000000000000000000000000000000000000000000000000000000000000000	0	635	140b92b582fca726a632848d16e64289f7576d826e09ee898b450a336030cee1
r2n_shapetrans_0858.img	CIRCLE	671	307	47672	1	WITHHOLD	0000000000000000000000000000000000000000000000000000000000000000	0	972	74d75dda936053ca2f8149c3267651038d251e70265d15adc0a190952069546b
r2n_shapetrans_0859.img	TRIANGLE	171	31	47102	1	WITHHOLD	0000000000000000000000000000000000000000000000000000000000000000	0	410	72aa369b531a2d6562bf063db918df55cadd4c413848ad4ec1b7af3a1dd5267b
r2n_shapetrans_0860.img	TRIANGLE	132	23	48015	1	WITHHOLD	0000000000000000000000000000000000000000000000000000000000000000	0	610	d62bf2eae748f0263bedf03acfb5d9e6aa6940937ea81f4a474d8c17f825a501
r2n_shapetrans_0861.img	CIRCLE	618	243	47748	1	WITHHOLD	0000000000000000000000000000000000000000000000000000000000000000	0	940	7cd5ee865f8206462eb9e7f027a0228a5c133b138bf70231ad64bace88744a12
r2n_shapetrans_0862.img	TRIANGLE	171	31	47143	1	WITHHOLD	0000000000000000000000000000000000000000000000000000000000000000	0	433	c1ede98d1913e928350d04d5ab7072fd9b0b84e38ce64b43ce1ba942f106f233
r2n_shapetrans_0863.img	SQUARE	79	13	48161	1	WITHHOLD	0000000000000000000000000000000000000000000000000000000000000000	0	628	9cc8f2c92da93e5141e691113c16cb4c5365211a6001b0b67f3e3ff8eec2de91
r2n_shapetrans_0864.img	CIRCLE	694	341	47509	1	WITHHOLD	0000000000000000000000000000000000000000000000000000000000000000	0	989	c62b0204081e1e88f4ce142b78445b9aed05796a00b9709b7eb3cd3a0e26a9ab
r2n_shapetrans_0865.img	TRIANGLE	171	31	46912	1	WITHHOLD	0000000000000000000000000000000000000000000000000000000000000000	0	447	6d961372857063d068584b075a514776c143b291a864b9a29b4ed7af048b8e81
r2n_shapetrans_0866.img	TRIANGLE	90	15	48084	1	WITHHOLD	0000000000000000000000000000000000000000000000000000000000000000	0	614	453b662228ab7212d641b20258b3929ea21ad93f599458c173a28bf891810a36
r2n_shapetrans_0867.img	CIRCLE	549	183	47323	1	WITHHOLD	0000000000000000000000000000000000000000000000000000000000000000	0	910	60d3ec0a2618684820705f124c3b3afe4b77522b5e12fef0c11ba1ccd68425e8
r2n_shapetrans_0868.img	TRIANGLE	171	31	47062	1	WITHHOLD	0000000000000000000000000000000000000000000000000000000000000000	0	451	ae9ee5b8da9fc65b413fc80ab32c8715bd37588be07c58887d4bc770483a8de0
r2n_shapetrans_0869.img	TRIANGLE	171	31	47321	1	WITHHOLD	0000000000000000000000000000000000000000000000000000000000000000	0	595	e80589caf7aaa06ea788ee233da5e35369d1719753cb8b65439ab851bbc26446
r2n_shapetrans_0870.img	CIRCLE	638	265	47147	1	WITHHOLD	0000000000000000000000000000000000000000000000000000000000000000	0	951	cda13e1ad4611bc7acc428cdf9b0854e2035d59eb4b095ecaef42d8ffffe0b3a
r2n_shapetrans_0871.img	TRIANGLE	171	31	47294	1	WITHHOLD	0000000000000000000000000000000000000000000000000000000000000000	0	417	17c12999f93f3270ce0115002ea27d91ed14db6be025722d7cc5ae237609b188
r2n_shapetrans_0872.img	SQUARE	171	31	47623	1	WITHHOLD	0000000000000000000000000000000000000000000000000000000000000000	0	649	8b9d8afa224dac0e9b284b4c20d1673c9a736c9afa42892b2440eb5db471c31f
r2n_shapetrans_0873.img	CIRCLE	579	207	47807	1	WITHHOLD	0000000000000000000000000000000000000000000000000000000000000000	0	922	fa0ee8b64a71792e9696e678cbece360c6e05f814d077d04cabbaf0fa862ea3e
r2n_shapetrans_0874.img	TRIANGLE	171	31	47087	1	WITHHOLD	0000000000000000000000000000000000000000000000000000000000000000	0	429	eecd785522f2bafcabc90f53cbaa87761328963bbf8d1754a5656ae6327c2e88
r2n_shapetrans_0875.img	SQUARE	142	25	48321	1	WITHHOLD	0000000000000000000000000000000000000000000000000000000000000000	0	634	c2911a02bbe463de1ffe0372910c89ec039d15a62cf29261fc1ed872b721771e
r2n_shapetrans_0876.img	CIRCLE	562	193	47852	1	WITHHOLD	0000000000000000000000000000000000000000000000000000000000000000	0	915	a945d776fd1c587a908582711b6de466e97891c9fbd9bf398b45d30fbad2b230
r2n_shapetrans_0877.img	TRIANGLE	171	31	47286	1	WITHHOLD	0000000000000000000000000000000000000000000000000000000000000000	0	426	0c2a0cf7bbaae749be15f8ff419fd9a5c1525646f6daeb20d2fa767245401040
r2n_shapetrans_0878.img	SQUARE	132	23	48175	1	WITHHOLD	0000000000000000000000000000000000000000000000000000000000000000	0	633	42e4a696143650c2c9cb125e31a2b0c55e04eeaf09ff6eaf3710c999b2227c47
r2n_shapetrans_0879.img	CIRCLE	674	311	47075	1	WITHHOLD	0000000000000000000000000000000000000000000000000000000000000000	0	974	9b62a8b746bbe5b584705493ae5ee8f349bdb67320003dca24ad6431d960a0c6
r2n_shapetrans_0880.img	TRIANGLE	171	31	47103	1	WITHHOLD	0000000000000000000000000000000000000000000000000000000000000000	0	437	f098b19fa154a36cbe4299af0e12de290b44272894d0fb44be597ddbb5ef8aa6
r2n_shapetrans_0881.img	SQUARE	79	13	47744	1	WITHHOLD	0000000000000000000000000000000000000000000000000000000000000000	0	628	6dc77fba2bc874be28fad7139269bceb042d8a6b21b6e43f35b3b5026a414d0e
r2n_shapetrans_0882.img	CIRCLE	600	225	47414	1	WITHHOLD	0000000000000000000000000000000000000000000000000000000000000000	0	931	112aaf3d5b7ac25952fc4ceaeff2b51cc202189f247fb79b0bc3ba4128e0df2b
r2n_shapetrans_0883.img	TRIANGLE	171	31	47021	1	WITHHOLD	0000000000000000000000000000000000000000000000000000000000000000	0	413	ecc280c8a6ce0c8172defd60e2c521acda24b345d9e3dabe018129eb48a5f1f0
r2n_shapetrans_0884.img	SQUARE	171	31	48283	1	WITHHOLD	0000000000000000000000000000000000000000000000000000000000000000	0	651	e0da8a5870d093a2f1eef4d4090b0b01e4575545904d833323f5a8ede50dd3a4
r2n_shapetrans_0885.img	TRIANGLE	171	31	50800	1	WITHHOLD	0000000000000000000000000000000000000000000000000000000000000000	0	351	4b764fdfe893709b9515b50c1e3f07f11c71dbe26244aa128855f7ab55877aeb
r2n_shapetrans_0886.img	TRIANGLE	171	31	47064	1	WITHHOLD	0000000000000000000000000000000000000000000000000000000000000000	0	412	2c4e4c844731a8912b78e29b31d07c899ca9dc67320d384ff135522c87a62e75
r2n_shapetrans_0887.img	SQUARE	171	31	47523	1	WITHHOLD	0000000000000000000000000000000000000000000000000000000000000000	0	674	253fe7c316e670e2bad9f235c32900c72561681917fd09d79211f548d5440452
r2n_shapetrans_0888.img	CIRCLE	572	201	47309	1	WITHHOLD	0000000000000000000000000000000000000000000000000000000000000000	0	919	bc90a4ae41b49ce6cfa1b014b6a3204d072a3ca26e1d328b3b7e64d9d4063d58
r2n_shapetrans_0889.img	TRIANGLE	171	31	50082	1	WITHHOLD	0000000000000000000000000000000000000000000000000000000000000000	0	291	3131ede6738bb6d31a3e2e9a08ee5fb0a108477995eba0d7e7052bf5adab1d55
r2n_shapetrans_0890.img	TRIANGLE	162	29	47731	1	WITHHOLD	0000000000000000000000000000000000000000000000000000000000000000	0	607	bfd608bf67db33972c39e7a602ed34547661ad329ea1e7032e6569bdbeceae31
r2n_shapetrans_0891.img	CIRCLE	659	291	47272	1	WITHHOLD	0000000000000000000000000000000000000000000000000000000000000000	0	964	c4c51fb8cf1933992eabd8d2edc8998c8b576d670d7558aa4b5fc7d844fabfe9
r2n_shapetrans_0892.img	TRIANGLE	171	31	47100	1	WITHHOLD	0000000000000000000000000000000000000000000000000000000000000000	0	426	c1c9791ea9ca6252c3ff70c6a0b54f60f069749f88d138e06c920479f156ba87
r2n_shapetrans_0893.img	SQUARE	171	31	48303	1	WITHHOLD	0000000000000000000000000000000000000000000000000000000000000000	0	639	023106851e15a0bf4242a0cccc27e47a74349b72135e6fe1ce50a18a184fabbe
r2n_shapetrans_0894.img	CIRCLE	544	179	47079	1	WITHHOLD	0000000000000000000000000000000000000000000000000000000000000000	0	908	d0a246ccbbe29aafa4e8c06cf3d5000bdf10570f6db1392402787e714ac81cb0
r2n_shapetrans_0895.img	TRIANGLE	171	31	46954	1	WITHHOLD	0000000000000000000000000000000000000000000000000000000000000000	0	436	4d50a79cc7317c587863a7f178c02fa510b991481ebd614bdabc7ace724bee58
r2n_shapetrans_0896.img	SQUARE	171	31	48223	1	WITHHOLD	0000000000000000000000000000000000000000000000000000000000000000	0	640	f755fd15dfb0e084a477724b535ff6462af3307a0888cfd047264d59bfc7d3b3
r2n_shapetrans_0897.img	CIRCLE	523	165	47257	1	WITHHOLD	0000000000000000000000000000000000000000000000000000000000000000	0	901	65a240827e52d9b301f909c3ba36fd4317941c94bbf2df8c3477d830b857a002
r2n_shapetrans_0898.img	TRIANGLE	171	31	47054	1	WITHHOLD	0000000000000000000000000000000000000000000000000000000000000000	0	434	34e3fa288f876addd77c8260a13fb065772377b06e08f155260ee1d97e14324d
r2n_shapetrans_0899.img	SQUARE	90	15	47553	1	WITHHOLD	0000000000000000000000000000000000000000000000000000000000000000	0	629	ba521d6c9d85e0968207d348e3be6aa9ad3413c15e861b32a81a4a86e7f96641
r2n_shapetrans_0900.img	CIRCLE	664	297	47111	1	WITHHOLD	0000000000000000000000000000000000000000000000000000000000000000	0	967	c69e26964ca57027d549c2c4e07d674886f889faa7ea47cecd18694a84daf6a3
r2n_shapetrans_0901.img	TRIANGLE	171	31	46961	1	WITHHOLD	0000000000000000000000000000000000000000000000000000000000000000	0	435	2f47706c2183a86c80843f84eae538b6aac95f1b42a094d287266abab19e77d1
r2n_shapetrans_0902.img	SQUARE	171	31	47302	1	WITHHOLD	0000000000000000000000000000000000000000000000000000000000000000	0	658	846e52f95b9fbfef9284a77a5f13047b15c485cc9e28fce53288732552ad193b
r2n_shapetrans_0903.img	CIRCLE	549	183	47381	1	WITHHOLD	0000000000000000000000000000000000000000000000000000000000000000	0	910	dcd04b8245081e6f5ab98a878af8be03c5f9401cb56c9def6f793aa248f16c96
r2n_shapetrans_0904.img	TRIANGLE	171	31	46860	1	WITHHOLD	0000000000000000000000000000000000000000000000000000000000000000	0	389	b386dca4dded463a658e254ab12192dd4998c54269b88e029aec9e49d1bffdab
r2n_shapetrans_0905.img	SQUARE	171	31	47340	1	WITHHOLD	0000000000000000000000000000000000000000000000000000000000000000	0	657	bb4585a8c11ee2d3b34e342cb0e4149221a50f9108b07a028211d188d9c5139c
r2n_shapetrans_0906.img	CIRCLE	648	277	47752	1	WITHHOLD	0000000000000000000000000000000000000000000000000000000000000000	0	957	358c8aa9484129e0d1bfd33f70cdcd7f18b5c942f191120cfc6236d12f1be64a
r2n_shapetrans_0907.img	TRIANGLE	171	31	47033	1	WITHHOLD	0000000000000000000000000000000000000000000000000000000000000000	0	433	ab147564734ef494ec0113bea81348a1fda127719af840510291c804f7b5098b
r2n_shapetrans_0908.img	SQUARE	171	31	47320	1	WITHHOLD	0000000000000000000000000000000000000000000000000000000000000000	0	646	bccfb68adf15e82b72407f5f3054e9fb49deb17812dbaca71b6cbadea2c67a1b
r2n_shapetrans_0909.img	TRIANGLE	171	31	50203	1	WITHHOLD	0000000000000000000000000000000000000000000000000000000000000000	0	269	52bcc7d5e153ee3a0d1d12f99043f8d9b8caea88abfa7ecf6dede750879a90ca
r2n_shapetrans_0910.img	TRIANGLE	171	31	47096	1	WITHHOLD	0000000000000000000000000000000000000000000000000000000000000000	0	456	72a633e88c19a12b7cb61d5609685af388ea871d8af71a741c71e2e12b957f39
r2n_shapetrans_0911.img	TRIANGLE	19	3	47940	1	WITHHOLD	0000000000000000000000000000000000000000000000000000000000000000	0	620	eea15f23f1f1a3fb9e7966e565a0a4250fac70b37e34f1f65fcb56bf8dac06db
r2n_shapetrans_0912.img	CIRCLE	624	249	47806	1	WITHHOLD	0000000000000000000000000000000000000000000000000000000000000000	0	943	1d6017a67e2a0ccfa39706df8878224e735779da8d4b64a999c3d9cb89f7f921
r2n_shapetrans_0913.img	TRIANGLE	171	31	46873	1	WITHHOLD	0000000000000000000000000000000000000000000000000000000000000000	0	432	0a3e82bc9ec0cecc6ef31e220bd063fccbc18ef6ddc7067e7532158dfa613251
r2n_shapetrans_0914.img	SQUARE	171	31	48140	1	WITHHOLD	0000000000000000000000000000000000000000000000000000000000000000	0	663	efe045f1c63b6ab5dc92d6bcaa55ee2adae89fe17ab6f2058ccdebd5ef5c11f5
r2n_shapetrans_0915.img	CIRCLE	670	305	47129	1	WITHHOLD	0000000000000000000000000000000000000000000000000000000000000000	0	971	4df7370125411b9f7618cc10762e9e1a115eab5cbd3bd2ba1236936124c939fd
r2n_shapetrans_0916.img	TRIANGLE	171	31	46818	1	WITHHOLD	0000000000000000000000000000000000000000000000000000000000000000	0	446	993dafa3497bd64273b709cc04e2793f6e1099a01ca75f2a2ded50cb932522ff
r2n_shapetrans_0917.img	TRIANGLE	6	1	47843	1	WITHHOLD	0000000000000000000000000000000000000000000000000000000000000000	0	621	45e09c795a9ce1a858462a69de318a46367933a26f6b4a7096b53df90edd5575
r2n_shapetrans_0918.img	CIRCLE	602	227	47263	1	WITHHOLD	0000000000000000000000000000000000000000000000000000000000000000	0	932	103700aed92c4fc5677d94a2dde85589577bf5bcce0e18df028e9ebd9ec8faf1
r2n_shapetrans_0919.img	TRIANGLE	171	31	46849	1	WITHHOLD	0000000000000000000000000000000000000000000000000000000000000000	0	455	aaf097c51e901a6cb2fa2bdf080415a5d0b3dc70a4660eea175d6798dfb24ac0
r2n_shapetrans_0920.img	SQUARE	171	31	47949	1	WITHHOLD	0000000000000000000000000000000000000000000000000000000000000000	0	649	41250aee8f2d88a14e7f7d08f5f7d41e84c36521ee6ac7490185ab14b4266f56
r2n_shapetrans_0921.img	CIRCLE	614	239	47660	1	WITHHOLD	0000000000000000000000000000000000000000000000000000000000000000	0	938	d01b70ff3a3c7396175d80c85d2e3c0563c38dd43c0a016c28c2fc40f8c9203b
r2n_shapetrans_0922.img	TRIANGLE	171	31	46969	1	WITHHOLD	0000000000000000000000000000000000000000000000000000000000000000	0	449	9ecf71bce3615b810f80f64b544541a13bb8f032f9cbc00dea4855b1d98fa1ad
r2n_shapetrans_0923.img	SQUARE	171	31	47601	1	WITHHOLD	0000000000000000000000000000000000000000000000000000000000000000	0	654	5be5d641f940a6368bb7e6101b227c78f094ea67c2f4293a5cc4445000013983
r2n_shapetrans_0924.img	CIRCLE	575	203	47603	1	WITHHOLD	0000000000000000000000000000000000000000000000000000000000000000	0	920	0e884377c2774354e87d9aee55feec1134df44add5b7f91aea1d9f4fd652cd0a
r2n_shapetrans_0925.img	TRIANGLE	171	31	47054	1	WITHHOLD	0000000000000000000000000000000000000000000000000000000000000000	0	414	6282aec2be3915451351500509d63d9a6d366b1e544146d61f9731a55edbe90a
r2n_shapetrans_0926.img	SQUARE	171	31	47909	1	WITHHOLD	0000000000000000000000000000000000000000000000000000000000000000	0	641	b80e48acd3aa892bcdbcb13fb03385c80a2ff15b4887a141536dec3831190d71
r2n_shapetrans_0927.img	CIRCLE	616	241	47185	1	WITHHOLD	0000000000000000000000000000000000000000000000000000000000000000	0	939	08f663a87378c982e1ca6cc00f770514ae0845eff05b2d96261f0090e7d401d4
r2n_shapetrans_0928.img	TRIANGLE	171	31	47061	1	WITHHOLD	0000000000000000000000000000000000000000000000000000000000000000	0	422	17dc4557a532fc89c0c040d2cdb48a78c107e6e493b0ab553068f364ac6bc34b
r2n_shapetrans_0929.img	SQUARE	171	31	47830	1	WITHHOLD	0000000000000000000000000000000000000000000000000000000000000000	0	639	35fdeb7475f7cbc9028c22e46b7664d24f4350adf6ad4d491e69db0c4a7b55b1
r2n_shapetrans_0930.img	CIRCLE	546	181	47220	1	WITHHOLD	0000000000000000000000000000000000000000000000000000000000000000	0	909	5995089c796f62b8c84c6cfcd653933a32f44efb50da7d08b3aab93f7cd8272e
r2n_shapetrans_0931.img	TRIANGLE	171	31	47085	1	WITHHOLD	0000000000000000000000000000000000000000000000000000000000000000	0	417	4cbbc217b0e3c82921f735c4021d7c6b6b138998e87ac6273393f6a358e07513
r2n_shapetrans_0932.img	SQUARE	56	9	47749	1	WITHHOLD	0000000000000000000000000000000000000000000000000000000000000000	0	626	c4b083d06d82c6e806ad6831be27ae12512f1871f54dbe36d382535105a3a5c1
r2n_shapetrans_0933.img	CIRCLE	636	263	47887	1	WITHHOLD	0000000000000000000000000000000000000000000000000000000000000000	0	950	29683769ccf539207af9ed7d118894d1c9f779aeb2c2c66beea631a3be3b570c
r2n_shapetrans_0934.img	TRIANGLE	171	31	47223	1	WITHHOLD	0000000000000000000000000000000000000000000000000000000000000000	0	414	d70a00a6a0fa7fb1404dd5be950dec3df37499de2c83a508fd4ece64691ed411
r2n_shapetrans_0935.img	SQUARE	171	31	47704	1	WITHHOLD	0000000000000000000000000000000000000000000000000000000000000000	0	640	a7a43170eb83d61d35ffe5a1b2f7c83f735e72705365304b03455b8b7447da20
r2n_shapetrans_0936.img	CIRCLE	552	185	47099	1	WITHHOLD	0000000000000000000000000000000000000000000000000000000000000000	0	911	363e073b7279b113db5c20e3c3574649201ad1619c7ddab0fd741de88cfbf07b
r2n_shapetrans_0937.img	TRIANGLE	171	31	47135	1	WITHHOLD	0000000000000000000000000000000000000000000000000000000000000000	0	414	b139026680d01a5123eb713133f6849359aa7cea4025d88205c5ef13a388aca1
r2n_shapetrans_0938.img	SQUARE	171	31	47926	1	WITHHOLD	0000000000000000000000000000000000000000000000000000000000000000	0	651	a10bd7aa01e18450b1bd09b58be76c6e1324a03b5b80b29c7e07148422359cce
r2n_shapetrans_0939.img	CIRCLE	577	205	47464	1	WITHHOLD	0000000000000000000000000000000000000000000000000000000000000000	0	921	f55a2caefbeb417058346e68cfbd77920d9a16b60b2cd82345279c10831faae5
r2n_shapetrans_0940.img	TRIANGLE	171	31	47251	1	WITHHOLD	0000000000000000000000000000000000000000000000000000000000000000	0	442	2b896ddce9f953bf1abb90597f5ce234e321e0c95f984b7ea14ba772bf9e587e
r2n_shapetrans_0941.img	SQUARE	171	31	47421	1	WITHHOLD	0000000000000000000000000000000000000000000000000000000000000000	0	642	bbea8c0b48a786b91e2ee1b18215080924bc3472b5459d8205b1f396fcdc472e
r2n_shapetrans_0942.img	CIRCLE	514	159	47071	1	WITHHOLD	0000000000000000000000000000000000000000000000000000000000000000	0	898	f7e89c3dc228e8c1914b3f806e17d676f968ef83502b32051260dc9eae0fc8e8
r2n_shapetrans_0943.img	TRIANGLE	171	31	47275	1	WITHHOLD	0000000000000000000000000000000000000000000000000000000000000000	0	438	73e0b48ffa9918d444ae420f9fbcb6060bda83117e9b1ad4432064276bfb7fde
r2n_shapetrans_0944.img	SQUARE	171	31	47707	1	WITHHOLD	0000000000000000000000000000000000000000000000000000000000000000	0	670	f7c6e61b7a897df5db6246075859d66af43a1df99d4c156fcc1e4af060acf1ae
r2n_shapetrans_0945.img	CIRCLE	625	251	47536	1	WITHHOLD	0000000000000000000000000000000000000000000000000000000000000000	0	944	1b7c5cf13ad5693091b784db04c0dc1c2d6085cba2b8d742593f727aecb5a63d
r2n_shapetrans_0946.img	TRIANGLE	171	31	46939	1	WITHHOLD	0000000000000000000000000000000000000000000000000000000000000000	0	420	dd5146978667b80d1ad52d841dc4156f63a8e217c541284159d079d50098c59c
r2n_shapetrans_0947.img	SQUARE	171	31	47338	1	WITHHOLD	0000000000000000000000000000000000000000000000000000000000000000	0	694	f13e6eedfa02d003f729373e6579c8e3955b7dd799295f2ff55987da254efefd
r2n_shapetrans_0948.img	CIRCLE	671	307	47876	1	WITHHOLD	0000000000000000000000000000000000000000000000000000000000000000	0	972	f86728a344201850d7688ff6a3acf2e28bbb3430535fec62869b94335aff080a
r2n_shapetrans_0949.img	TRIANGLE	171	31	47086	1	WITHHOLD	0000000000000000000000000000000000000000000000000000000000000000	0	414	9693a82f5b8249f46beda4bbd7de1a74376ababe3c9738942d3f3b772f113be1
r2n_shapetrans_0950.img	SQUARE	79	13	47344	1	WITHHOLD	0000000000000000000000000000000000000000000000000000000000000000	0	628	18912e2c1fe7f275e5bb97cf5ac86b2fa7414e9efcf24a0a44393963923fda13
r2n_shapetrans_0951.img	CIRCLE	653	283	47843	1	WITHHOLD	0000000000000000000000000000000000000000000000000000000000000000	0	960	862e1d1f4e32027ff940404330fd5186c084e357e294dea0e6df446a8699faa9
r2n_shapetrans_0952.img	TRIANGLE	171	31	46858	1	WITHHOLD	0000000000000000000000000000000000000000000000000000000000000000	0	434	ea9a2f57e6f086da9670ac622c1c4728020adede03049a6de78c80ea8ccbb147
r2n_shapetrans_0953.img	SQUARE	171	31	47892	1	WITHHOLD	0000000000000000000000000000000000000000000000000000000000000000	0	647	d37702e7f99dbec3b68564e6a57ce2149c25f052f76981c084665bd29837a615
r2n_shapetrans_0954.img	CIRCLE	604	229	47576	1	WITHHOLD	0000000000000000000000000000000000000000000000000000000000000000	0	933	9b3efe502a6b1c89f44eb370df6a52764ec4cdee720301741031732713fb09b3
r2n_shapetrans_0955.img	TRIANGLE	171	31	47252	1	WITHHOLD	0000000000000000000000000000000000000000000000000000000000000000	0	411	36569a2a51b9170d465e4d39cdb989f2e5a947d20bae80a903c961165051218f
r2n_shapetrans_0956.img	SQUARE	171	31	47436	1	WITHHOLD	0000000000000000000000000000000000000000000000000000000000000000	0	666	869b8a06cff41c987b90e2fa81151c84d4b06e2a03ccf0a6d67b6a77edf6a0f0
r2n_shapetrans_0957.img	CIRCLE	429	113	47349	1	WITHHOLD	0000000000000000000000000000000000000000000000000000000000000000	0	875	08555ca625212f729ab91ea71692318f119529d1f7975d13cae5cc4649223b2c
r2n_shapetrans_0958.img	TRIANGLE	171	31	47168	1	WITHHOLD	0000000000000000000000000000000000000000000000000000000000000000	0	419	3315b7894f0c4d135b2cc7ffd5653786077761f85b19de09aeccf9c7f9448d41
r2n_shapetrans_0959.img	SQUARE	68	11	48031	1	WITHHOLD	0000000000000000000000000000000000000000000000000000000000000000	0	627	ccdd4f6c7b172921b29b66896734103a8fb7b54bc2a855524d72f45ec794de86
r2n_shapetrans_0960.img	CIRCLE	541	177	47203	1	WITHHOLD	0000000000000000000000000000000000000000000000000000000000000000	0	907	725a3b741eb94a4c8d53b046179f587aecdd006c18d19c7a0898134e4fc646da
r2n_shapetrans_0961.img	TRIANGLE	171	31	47193	1	WITHHOLD	0000000000000000000000000000000000000000000000000000000000000000	0	414	d824dc6d895d9e31de3c8a53aef0caf6d3913091a1b2ebac3c05b06e524cbf91
r2n_shapetrans_0962.img	SQUARE	32	5	47320	1	WITHHOLD	0000000000000000000000000000000000000000000000000000000000000000	0	624	1fc1096d711865ef8de8b7115044b2561cfeb6dc21443704195d93e71cdc77c5
r2n_shapetrans_0963.img	CIRCLE	671	307	47478	1	WITHHOLD	0000000000000000000000000000000000000000000000000000000000000000	0	972	088d94881292ba9b0764ab7096eebd5548abde99830679b11ef5c2fbd6720e64
r2n_shapetrans_0964.img	TRIANGLE	171	31	47126	1	WITHHOLD	0000000000000000000000000000000000000000000000000000000000000000	0	424	ac64a775bc3fae80b8a4fc65d3727143e4c599d917144d9c50be86ce64721759
r2n_shapetrans_0965.img	SQUARE	6	1	47813	1	WITHHOLD	0000000000000000000000000000000000000000000000000000000000000000	0	622	297ffbc0299d896b81348d3190064ba39ca6d56a8905ed917c3127c8426767d8
r2n_shapetrans_0966.img	CIRCLE	565	195	47493	1	WITHHOLD	0000000000000000000000000000000000000000000000000000000000000000	0	916	203c0f0129173e189d9af2e36fddb027090ba0bbf6659d02a2f5fe5c02ec08ba
r2n_shapetrans_0967.img	TRIANGLE	171	31	46907	1	WITHHOLD	0000000000000000000000000000000000000000000000000000000000000000	0	434	17824dc5318db10f2aa8bfddc7c8e0bac0bcb9b1e29acc70bd05ff7961e26764
r2n_shapetrans_0968.img	SQUARE	171	31	47785	1	WITHHOLD	0000000000000000000000000000000000000000000000000000000000000000	0	651	990319e0420bd0c6e81c11d5f1f601ff61433d035729ed67d7bad4e698f5c693
r2n_shapetrans_0969.img	CIRCLE	544	179	47111	1	WITHHOLD	0000000000000000000000000000000000000000000000000000000000000000	0	908	047a6ded92fb6f82cd53bc7ebef5469bf6538be155e5472be53dfe3dd322efad
r2n_shapetrans_0970.img	TRIANGLE	171	31	47005	1	WITHHOLD	0000000000000000000000000000000000000000000000000000000000000000	0	430	04dc7808e5186f442c12c2a83c3077141ed1f9913b14475672b5fa59b52769e9
r2n_shapetrans_0971.img	SQUARE	171	31	47969	1	WITHHOLD	0000000000000000000000000000000000000000000000000000000000000000	0	648	233d4f24d62738fb44ab86d329bee6815d1690e108cefd13d9e454ba6e7dcc42
r2n_shapetrans_0972.img	CIRCLE	586	213	47235	1	WITHHOLD	0000000000000000000000000000000000000000000000000000000000000000	0	925	6a18cdd5d48ed08831442d05ab0f00f1f2f0caa0c347197af0070fd49ab74fb1
r2n_shapetrans_0973.img	TRIANGLE	171	31	47187	1	WITHHOLD	0000000000000000000000000000000000000000000000000000000000000000	0	422	7e6db0ab5193b4f57069b8cf2ee848cd92c001f0578310a6f520f46615340ecb
r2n_shapetrans_0974.img	TRIANGLE	142	25	47737	1	WITHHOLD	0000000000000000000000000000000000000000000000000000000000000000	0	609	4d0e7d57bee60b96f34701b04cbe34d2651c865b126c7afbd0692f323051ea4e
r2n_shapetrans_0975.img	CIRCLE	491	145	47246	1	WITHHOLD	0000000000000000000000000000000000000000000000000000000000000000	0	891	5788ddfaf11750bdf71f8c2fe73cfecc5c10b24220b305e0ce7a2585fc9f3646
r2n_shapetrans_0976.img	TRIANGLE	171	31	47068	1	WITHHOLD	0000000000000000000000000000000000000000000000000000000000000000	0	410	9de589e8583d88af8c9f553102ed61dd077414f3441907f6649b3e1b883ca7b5
r2n_shapetrans_0977.img	SQUARE	56	9	47718	1	WITHHOLD	0000000000000000000000000000000000000000000000000000000000000000	0	626	08bdeee6dbe1a971d7b0669e0263f6cc301745dd7111971c5accae80dbc568a2
r2n_shapetrans_0978.img	CIRCLE	544	179	47306	1	WITHHOLD	0000000000000000000000000000000000000000000000000000000000000000	0	908	33c7d097d68eecc347139b4ff143e06243f1827c5f4e3d1e61a5373c10360432
r2n_shapetrans_0979.img	TRIANGLE	171	31	47291	1	WITHHOLD	0000000000000000000000000000000000000000000000000000000000000000	0	426	8aa009431ef99732794a6f183aaf8ab24720a047d9dfa7f6ea1e864b7ebe765e
r2n_shapetrans_0980.img	SQUARE	152	27	47916	1	WITHHOLD	0000000000000000000000000000000000000000000000000000000000000000	0	635	878c5cee26de7d7d00ebbabac2b6496c814380d29d82b658098ea9855e004dec
r2n_shapetrans_0981.img	CIRCLE	501	151	47111	1	WITHHOLD	0000000000000000000000000000000000000000000000000000000000000000	0	894	84ab74f4fc3b3b99f4c73fca34a6a40594fd349bc0d0e99a9f93bd8c2c1bbfaf
r2n_shapetrans_0982.img	TRIANGLE	171	31	46837	1	WITHHOLD	0000000000000000000000000000000000000000000000000000000000000000	0	426	0f63fe83b5bd53a7e7f868c805ad1dafd9374e098e6889820bd6153cbe36af7e
r2n_shapetrans_0983.img	TRIANGLE	171	31	47611	1	WITHHOLD	0000000000000000000000000000000000000000000000000000000000000000	0	600	d87951ec237dc9994ced31262d10d4d25c55d3415f30aad585e38328ee731221
r2n_shapetrans_0984.img	CIRCLE	494	147	47643	1	WITHHOLD	0000000000000000000000000000000000000000000000000000000000000000	0	892	3afcfecdf7015be9a64d6b43ed4243322b0feba9c98be8eada06bf7adc7a0f23
r2n_shapetrans_0985.img	TRIANGLE	171	31	47002	1	WITHHOLD	0000000000000000000000000000000000000000000000000000000000000000	0	445	562e27a2351c503807c75ee5e1ed30713754b06d789e4aa0a3dbf0b51bda6812
r2n_shapetrans_0986.img	SQUARE	171	31	47699	1	WITHHOLD	0000000000000000000000000000000000000000000000000000000000000000	0	654	25fbefba7dcee05b92b496b0c33975ba8a65f7d04330c028c3353f65f33948e5
r2n_shapetrans_0987.img	CIRCLE	538	175	47240	1	WITHHOLD	0000000000000000000000000000000000000000000000000000000000000000	0	906	5f4b44adbce705b92b7104e0c33528e2f0c4f4887f7638cd26fb2c47f301f2e3
r2n_shapetrans_0988.img	TRIANGLE	171	31	47193	1	WITHHOLD	0000000000000000000000000000000000000000000000000000000000000000	0	450	202e1ca006368a4fea63d4e50e8e93bf6d3e2ff22db6cf3e434df4a3bfdf9fb8
r2n_shapetrans_0989.img	TRIANGLE	162	29	47852	1	WITHHOLD	0000000000000000000000000000000000000000000000000000000000000000	0	607	6584f26db64f2d543ae4bd9641d92c0e98f7780945ee1e3882dd3c93a81e99cb
r2n_shapetrans_0990.img	CIRCLE	595	221	47898	1	WITHHOLD	0000000000000000000000000000000000000000000000000000000000000000	0	929	eee7b810facff0a077a5ddba1df7b3c4f186b18689eb0144d0aa51fc9b549370
r2n_shapetrans_0991.img	TRIANGLE	171	31	46901	1	WITHHOLD	0000000000000000000000000000000000000000000000000000000000000000	0	438	74cdabf19cd8aac4f4e5f65e3a84a56575d34be1dac1e6cfa2e68f9ddef624be
r2n_shapetrans_0992.img	TRIANGLE	101	17	47705	1	WITHHOLD	0000000000000000000000000000000000000000000000000000000000000000	0	613	7a4cbacc600f980f73140683e6ad7a7a4d3f2e4dea0b17fa69e3b1562ff85169
r2n_shapetrans_0993.img	CIRCLE	593	219	47742	1	WITHHOLD	0000000000000000000000000000000000000000000000000000000000000000	0	928	5e51cba26a277d9b5c52d56ee86dfc43f2d7b0f74cf32ebf308eac99d24dcbe4
r2n_shapetrans_0994.img	TRIANGLE	171	31	47286	1	WITHHOLD	0000000000000000000000000000000000000000000000000000000000000000	0	421	09c3604a9d6b88de72e100f01ccc7e79c3179ca9464b1f729f8c72a4f131a524
r2n_shapetrans_0995.img	SQUARE	32	5	48177	1	WITHHOLD	0000000000000000000000000000000000000000000000000000000000000000	0	624	2cbab12b2c41d98982b02cd8f5c163850615bf0676d18cb2358cc36ae2b5cdb5
r2n_shapetrans_0996.img	CIRCLE	659	291	47910	1	WITHHOLD	0000000000000000000000000000000000000000000000000000000000000000	0	964	245e5887e984b67d95403d3b507386560381fe7f130a473b81ba2a33d6efa512
r2n_shapetrans_0997.img	TRIANGLE	171	31	47207	1	WITHHOLD	0000000000000000000000000000000000000000000000000000000000000000	0	446	10518cc501528fa66862043beaa38c0700b67bacd69bfcce9766b07e5fb013b9
r2n_shapetrans_0998.img	SQUARE	171	31	48322	1	WITHHOLD	0000000000000000000000000000000000000000000000000000000000000000	0	660	15146fd2b033f693a6994abf78c1c4d42bc31d02a327517624aca6986531c8b3
r2n_shapetrans_0999.img	CIRCLE	466	131	47419	1	WITHHOLD	0000000000000000000000000000000000000000000000000000000000000000	0	884	8e01c6caa5f68fa7a15ffb6562fc8d269642d9e3abd96dcefba577426d98414e
r2n_shapetrans_1000.img	TRIANGLE	171	31	49876	1	WITHHOLD	0000000000000000000000000000000000000000000000000000000000000000	0	350	54eca5510f88f549daa24b5a0375f606fdf763877ac94c779167bae14e9673b2
r2n_shapetrans_1001.img	SQUARE	162	29	47397	1	WITHHOLD	0000000000000000000000000000000000000000000000000000000000000000	0	636	f1331be7e3534c2c9b8a15408404c201532c39a8d8e6cdcc6e98398621402324
r2n_shapetrans_1002.img	CIRCLE	526	167	47129	1	WITHHOLD	0000000000000000000000000000000000000000000000000000000000000000	0	902	b75a90f8c2d08edc3a0e097a01cd83d1b9c5f4551b38a1bec992fca323feb63f
r2n_shapetrans_1003.img	TRIANGLE	171	31	47273	1	WITHHOLD	0000000000000000000000000000000000000000000000000000000000000000	0	400	622d7826b71a256abe147c7a9f251a41a364f83b45a05ea58091290c1eb09053
r2n_shapetrans_1004.img	SQUARE	171	31	48001	1	WITHHOLD	0000000000000000000000000000000000000000000000000000000000000000	0	652	161285f57b13ff337e81855253eb891ff78dd1918d374128a4a41252d9b35531
r2n_shapetrans_1005.img	CIRCLE	514	159	47414	1	WITHHOLD	0000000000000000000000000000000000000000000000000000000000000000	0	898	1392f3d1b178893fea61607d3e3e75854e4138c838eaad2ae86d6475277cbe9f
r2n_shapetrans_1006.img	TRIANGLE	171	31	47111	1	WITHHOLD	0000000000000000000000000000000000000000000000000000000000000000	0	428	520e133771c208e5b128368345668b1c1cf89ecbf2ae50027392926a9047b008
r2n_shapetrans_1007.img	SQUARE	171	31	47600	1	WITHHOLD	0000000000000000000000000000000000000000000000000000000000000000	0	642	e5ca0be210cef50691bf91539713f2c312c94284063796cca6745e80eafc66f0
r2n_shapetrans_1008.img	CIRCLE	517	161	47115	1	WITHHOLD	0000000000000000000000000000000000000000000000000000000000000000	0	899	5e4034737bf2e0f6fdf49802949aa0d32a41660adf1d1445d5eadd5626813700
r2n_shapetrans_1009.img	TRIANGLE	171	31	46973	1	WITHHOLD	0000000000000000000000000000000000000000000000000000000000000000	0	425	0d7fac9ef87334c3d8803f87428104bf6a35a688ae9916c2e822549f6e89e9fe
r2n_shapetrans_1010.img	SQUARE	79	13	47634	1	WITHHOLD	0000000000000000000000000000000000000000000000000000000000000000	0	628	4bc3c3867c563d134e9c2d1249d1fbe771000e0e8f778462e3d63601e9622961
r2n_shapetrans_1011.img	CIRCLE	557	189	47326	1	WITHHOLD	0000000000000000000000000000000000000000000000000000000000000000	0	913	e80b73decedf1a1bc9492933e54a2dd41d58d6a21c3b847619d4c2a783557d86
r2n_shapetrans_1012.img	TRIANGLE	171	31	47311	1	WITHHOLD	0000000000000000000000000000000000000000000000000000000000000000	0	426	26afa92b2ad7b3a29de74e0c153ef9fa6abc39fb3067f017e24bdb1e8f12835e
r2n_shapetrans_1013.img	SQUARE	171	31	47391	1	WITHHOLD	0000000000000000000000000000000000000000000000000000000000000000	0	644	5c139ea1f605cced5e6303db36cc439d427224c2c83f201cb9960112d18b75e8
r2n_shapetrans_1014.img	CIRCLE	595	221	47732	1	WITHHOLD	0000000000000000000000000000000000000000000000000000000000000000	0	929	f1b295d7ad03a52102cdd4cc7cdbfe1f898eac69d39ff58ca65e31ed140660fe
r2n_shapetrans_1015.img	TRIANGLE	171	31	46825	1	WITHHOLD	0000000000000000000000000000000000000000000000000000000000000000	0	436	b8b34d2b410f3853fef910ce2faf4d5805f971a2a6f1210b172b0f7697feb94d
r2n_shapetrans_1016.img	SQUARE	101	17	48330	1	WITHHOLD	0000000000000000000000000000000000000000000000000000000000000000	0	630	69185c072d5d81e5f5bc7813ce09e462abef7603a276bd1132cf7baf294302b8
r2n_shapetrans_1017.img	CIRCLE	552	185	47221	1	WITHHOLD	0000000000000000000000000000000000000000000000000000000000000000	0	911	cea491a24d2916dd09922e1a31612c5d3f4484d50ce2cde0775bab2449a3e657
r2n_shapetrans_1018.img	TRIANGLE	171	31	47171	1	WITHHOLD	0000000000000000000000000000000000000000000000000000000000000000	0	437	c1e7b96570d21dd470838a69e5215009957e2a918589c3bfc4733b7403653c6f
r2n_shapetrans_1019.img	TRIANGLE	6	1	47460	1	WITHHOLD	0000000000000000000000000000000000000000000000000000000000000000	0	621	1bc7dbcc761d8a982bbd9295d07b8a277463a00ba023780d3f725911844d3f81
r2n_shapetrans_1020.img	CIRCLE	618	243	47171	1	WITHHOLD	0000000000000000000000000000000000000000000000000000000000000000	0	940	c3eead0ba310c27cf91250d1983428a9c33f582dacace6ae2ba7cdf1474a21e4
r2n_shapetrans_1021.img	TRIANGLE	171	31	47190	1	WITHHOLD	0000000000000000000000000000000000000000000000000000000000000000	0	444	399704d99f4cdd28eeaafa736c9696950a94e4ee2a08f6682604429ba7e297f2
r2n_shapetrans_1022.img	SQUARE	171	31	47282	1	WITHHOLD	0000000000000000000000000000000000000000000000000000000000000000	0	644	a9b3809d8e1f78f35b7b6bb363df370604947a2c0b075a8509c86816a7bdcdea
r2n_shapetrans_1023.img	CIRCLE	684	325	47499	1	WITHHOLD	0000000000000000000000000000000000000000000000000000000000000000	0	981	5fd6633f9d5abacdaeed520250eb5020aa4c9eaca082ac4f83d8777c10f17367
r2n_shapetrans_1024.img	TRIANGLE	171	31	46955	1	WITHHOLD	0000000000000000000000000000000000000000000000000000000000000000	0	408	685d4b70620374bc4e1ed701292908bcf9a91f7581c3359eaf70e878e37cb86c
r2n_shapetrans_1025.img	TRIANGLE	56	9	47729	1	WITHHOLD	0000000000000000000000000000000000000000000000000000000000000000	0	617	7157395d87ab2821ce6f6a803937c3de44c26b5f469f60f6dc9a1e381903d7af
r2n_shapetrans_1026.img	CIRCLE	549	183	47308	1	WITHHOLD	0000000000000000000000000000000000000000000000000000000000000000	0	910	1f992a936a30b092958346bc159935c0fb691dd0c74d38c5e235b1082ba3e4cb
r2n_shapetrans_1027.img	TRIANGLE	171	31	46848	1	WITHHOLD	0000000000000000000000000000000000000000000000000000000000000000	0	452	4b4ddadff91e8d5356ac2af0d1eb54090d4dcebfd7aba82c4ef090af527b47cd
r2n_shapetrans_1028.img	SQUARE	171	31	47808	1	WITHHOLD	0000000000000000000000000000000000000000000000000000000000000000	0	653	d1a8bce8685f38362d9146243e0a6a37a2d90f77c4e6e9925adb47e0c28e633e
r2n_shapetrans_1029.img	CIRCLE	562	193	47314	1	WITHHOLD	0000000000000000000000000000000000000000000000000000000000000000	0	915	1cd569621f402578db505b89720804125c62381b1f99806e0be1c5d512083ac1
r2n_shapetrans_1030.img	TRIANGLE	171	31	47273	1	WITHHOLD	0000000000000000000000000000000000000000000000000000000000000000	0	415	e8cd4246d5b9a58ebb16a7759bc637e8c83336266ad20a108bdd8c3164f68808
r2n_shapetrans_1031.img	SQUARE	142	25	48054	1	WITHHOLD	0000000000000000000000000000000000000000000000000000000000000000	0	634	08ef206c651a4558749e0c132aea216e9555bb9eccc2177b111a041aa8b69070
r2n_shapetrans_1032.img	CIRCLE	579	207	47712	1	WITHHOLD	0000000000000000000000000000000000000000000000000000000000000000	0	922	4eb07203174818353b121a5d4547bf975d445258e3d0431147c309106b18d41d
r2n_shapetrans_1033.img	TRIANGLE	171	31	47028	1	WITHHOLD	0000000000000000000000000000000000000000000000000000000000000000	0	417	5bb4421b779bfaf51485319d1c451f5681eea657dddca5dfbc173cf365832217
r2n_shapetrans_1034.img	SQUARE	171	31	47929	1	WITHHOLD	0000000000000000000000000000000000000000000000000000000000000000	0	645	f4850098b793c223a8f7463d0aa93242d0590c1f00bb407e15433a0e2e3516ab
r2n_shapetrans_1035.img	CIRCLE	659	291	47688	1	WITHHOLD	0000000000000000000000000000000000000000000000000000000000000000	0	964	05eba79b8b06d70ca4a67b1b0ba91aaa488fdb6bf57a457a04babe8274f9318b
r2n_shapetrans_1036.img	TRIANGLE	171	31	47049	1	WITHHOLD	0000000000000000000000000000000000000000000000000000000000000000	0	427	dc2fd5dc1b527157c9bccf219ef0de1d08adec914a4dc234e8362173f28f76d3
r2n_shapetrans_1037.img	SQUARE	32	5	47613	1	WITHHOLD	0000000000000000000000000000000000000000000000000000000000000000	0	624	5f99a61ad0de3f22a2e30f12d07990d943d824e139565110d424f0f44b034051
r2n_shapetrans_1038.img	CIRCLE	620	245	47163	1	WITHHOLD	0000000000000000000000000000000000000000000000000000000000000000	0	941	e7a3975825e0b587dd9c2052ab5a8d9ee7cec19c8440801d7bdb779357f6c1a8
r2n_shapetrans_1039.img	TRIANGLE	171	31	47211	1	WITHHOLD	0000000000000000000000000000000000000000000000000000000000000000	0	430	b7cff642ccef284571a8186f8afac6df6daa05d3b57c0a72ae73911f1df96249
r2n_shapetrans_1040.img	TRIANGLE	32	5	47369	1	WITHHOLD	0000000000000000000000000000000000000000000000000000000000000000	0	619	9a7e124bd69af3f81646c3bcfb1e887b2350bca46f424e5b666c7ea23feea53b
r2n_shapetrans_1041.img	CIRCLE	523	165	47657	1	WITHHOLD	0000000000000000000000000000000000000000000000000000000000000000	0	901	336678348f1440babf38eb8565f899fd5402b162ac555077458aa65ff4e1adfa
r2n_shapetrans_1042.img	TRIANGLE	171	31	46916	1	WITHHOLD	0000000000000000000000000000000000000000000000000000000000000000	0	425	9e46efebd41c0eaa55ac3981a8b2481596f78a0234d25d19eee70ae388580dbf
r2n_shapetrans_1043.img	SQUARE	19	3	47611	1	WITHHOLD	0000000000000000000000000000000000000000000000000000000000000000	0	623	6948207ebf1838cf5d32f176b18b539a760bd813c725d0e1cbbb8f2f744669de
r2n_shapetrans_1044.img	CIRCLE	567	197	47274	1	WITHHOLD	0000000000000000000000000000000000000000000000000000000000000000	0	917	485cadffb35e7f280f8cc3f00a3782f67f6a5a4a6050079f6b6626a56691aa79
r2n_shapetrans_1045.img	TRIANGLE	102	31	50737	1	WITHHOLD	0000000000000000000000000000000000000000000000000000000000000000	1	62	546e7f204e31d8a84a31dd8cc6111ad70dcdc95344fe251e9df0b8777fc02ae3
r2n_shapetrans_1046.img	SQUARE	171	31	47915	1	WITHHOLD	0000000000000000000000000000000000000000000000000000000000000000	0	654	9f5278ede6e503008361c886e652ecdadca68d378724b474cb9df3ba55759b5e
r2n_shapetrans_1047.img	CIRCLE	676	313	47329	1	WITHHOLD	0000000000000000000000000000000000000000000000000000000000000000	0	975	a6a486c385f2a3b6686ec36f6f11253147ba883e6a51b18068b24904fe03da7a
r2n_shapetrans_1048.img	TRIANGLE	171	31	47161	1	WITHHOLD	0000000000000000000000000000000000000000000000000000000000000000	0	432	fdfbfe2bd85a04547770628e6dee502fc568ee46695d6308908e715fd105c16e
r2n_shapetrans_1049.img	SQUARE	171	31	47631	1	WITHHOLD	0000000000000000000000000000000000000000000000000000000000000000	0	649	cf70f2eedea38d5bea0dd272d2874e13b02896f50c2354cbd98d7c64d3caf8af
r2n_shapetrans_1050.img	CIRCLE	538	175	47736	1	WITHHOLD	0000000000000000000000000000000000000000000000000000000000000000	0	906	c275587f463da74093b9817165c1d94c01ddc3620304c5b55486ff48e6143e5d
r2n_shapetrans_1051.img	TRIANGLE	171	31	47044	1	WITHHOLD	0000000000000000000000000000000000000000000000000000000000000000	0	433	a1cf3706ed821a0ac1855f5fa3ec19be1b351d768ab18273283fd71fdd768cfd
r2n_shapetrans_1052.img	SQUARE	171	31	47963	1	WITHHOLD	0000000000000000000000000000000000000000000000000000000000000000	0	641	68a18b2ceb57e7b907a1534c6a9e6de728d7e4363ea10e322df5f5f57f898d77
r2n_shapetrans_1053.img	CIRCLE	640	267	47285	1	WITHHOLD	0000000000000000000000000000000000000000000000000000000000000000	0	952	dcb0baa0f519312e1f04d888c2219fee5ac307105b8d4f7e216ce9300b9b5f26
r2n_shapetrans_1054.img	TRIANGLE	171	31	47307	1	WITHHOLD	0000000000000000000000000000000000000000000000000000000000000000	0	433	b7fd26185a3ca7ea9a9cbf444ca5a35764997a98c66ef28d65215812ca47ed79
r2n_shapetrans_1055.img	SQUARE	171	31	47502	1	WITHHOLD	0000000000000000000000000000000000000000000000000000000000000000	0	669	83f5cc721e6d08afbfee219e6e227cecc2b70ba1d172178709434a9ef7000811
r2n_shapetrans_1056.img	CIRCLE	567	197	47156	1	WITHHOLD	0000000000000000000000000000000000000000000000000000000000000000	0	917	7ee114a94213e07b21eaaccdbd85aa596847a883710c3e6d359e691e9d0370d2
r2n_shapetrans_1057.img	TRIANGLE	171	31	46977	1	WITHHOLD	0000000000000000000000000000000000000000000000000000000000000000	0	416	b41cfac5db21a45c3676f02a54dfbfec6dd6496f91998712312c8d95fd4499c2
r2n_shapetrans_1058.img	TRIANGLE	101	17	47419	1	WITHHOLD	0000000000000000000000000000000000000000000000000000000000000000	0	613	0187247126662335252aa08ee823b9612098c7b57654eddbd6bca3ab25e4c0df
r2n_shapetrans_1059.img	CIRCLE	651	281	47120	1	WITHHOLD	0000000000000000000000000000000000000000000000000000000000000000	0	959	2acafbb1608cc49ea3a34f63ec2715884535242e9e13a9b9f8edd4880214a1eb
r2n_shapetrans_1060.img	TRIANGLE	171	31	47021	1	WITHHOLD	0000000000000000000000000000000000000000000000000000000000000000	0	412	93bf8f69a39944d695059b73414d20c2293758c2ce8c8d296a7e64866c745eeb
r2n_shapetrans_1061.img	SQUARE	90	15	47385	1	WITHHOLD	0000000000000000000000000000000000000000000000000000000000000000	0	629	d5cc3102089a858be805b5085a25100a2d445061a4bb8556421ff65fa69a31aa
r2n_shapetrans_1062.img	CIRCLE	523	165	47105	1	WITHHOLD	0000000000000000000000000000000000000000000000000000000000000000	0	901	c4d2875f9b2ea7a86fa89184772f84905376b363a7a171c9deb3a7581d745f98
r2n_shapetrans_1063.img	TRIANGLE	171	31	47289	1	WITHHOLD	0000000000000000000000000000000000000000000000000000000000000000	0	436	cf6996352ab854d133f648d717fdc96f60cfbcfb6d00dfdcfebf2129dc5b9047
r2n_shapetrans_1064.img	SQUARE	132	23	47323	1	WITHHOLD	0000000000000000000000000000000000000000000000000000000000000000	0	633	e35cbae7840c152ed454f529a051bf3c23a944c7ed545a72a0076c0bad02b338
r2n_shapetrans_1065.img	CIRCLE	616	241	47486	1	WITHHOLD	0000000000000000000000000000000000000000000000000000000000000000	0	939	8fefad48f899c671d7ee8b656b9fd7fce277acfcc06a94a8cfa073f3d85a350f
r2n_shapetrans_1066.img	TRIANGLE	171	31	46894	1	WITHHOLD	0000000000000000000000000000000000000000000000000000000000000000	0	433	9fbaacbb18f6659ddacb0b72d6e04e04096897b0622f4124fcc6d869c47e3913
r2n_shapetrans_1067.img	SQUARE	171	31	48032	1	WITHHOLD	0000000000000000000000000000000000000000000000000000000000000000	0	641	2a99b68544992666db91dda32163273fdd095f43401dfe90aaaf2fc791b134b6
r2n_shapetrans_1068.img	CIRCLE	511	157	47492	1	WITHHOLD	0000000000000000000000000000000000000000000000000000000000000000	0	897	52b07be7ce27a683d28b5085773d87122c6ae114cc310a1569eeea485dfeec18
r2n_shapetrans_1069.img	TRIANGLE	171	31	46815	1	WITHHOLD	0000000000000000000000000000000000000000000000000000000000000000	0	431	4410059975b2e2ec91ff9a3585af90e01ca5b65d673bb200e61d04911145ed37
r2n_shapetrans_1070.img	SQUARE	19	3	47975	1	WITHHOLD	0000000000000000000000000000000000000000000000000000000000000000	0	623	c4329f396555cd7a138b71e4fadda3f216fa2e5c2cd1f926917664e8cf7236cf
r2n_shapetrans_1071.img	CIRCLE	546	181	47240	1	WITHHOLD	0000000000000000000000000000000000000000000000000000000000000000	0	909	1bd01c0ecf096e6c8ed3ad36f5787f5cbef1e63351e3d7fae2afa21ddd4698ae
r2n_shapetrans_1072.img	TRIANGLE	171	31	47056	1	WITHHOLD	0000000000000000000000000000000000000000000000000000000000000000	0	418	c250c24a537e0bdf793538f6da2f1c7d7d62810005ef21496bbbc38311b0b71a
r2n_shapetrans_1073.img	SQUARE	132	23	48191	1	WITHHOLD	0000000000000000000000000000000000000000000000000000000000000000	0	633	e2c8843a737e93d0a826141751c09c3761856d6341a9c6a98089c0e3ada99aa7
r2n_shapetrans_1074.img	CIRCLE	575	203	47534	1	WITHHOLD	0000000000000000000000000000000000000000000000000000000000000000	0	920	38b70a7155765a0fba57835dedf253cf42689129ccb493c29a681131c4b7944d
r2n_shapetrans_1075.img	TRIANGLE	171	31	49292	1	WITHHOLD	0000000000000000000000000000000000000000000000000000000000000000	0	245	0096748e2a5f79329fe75d3adab6860c38ba91d0b6808098703f6c6d1756e6f5
r2n_shapetrans_1076.img	TRIANGLE	90	15	48288	1	WITHHOLD	0000000000000000000000000000000000000000000000000000000000000000	0	614	9a45772b2b984aff659816168c0b8499ae6a9bc8867895765ab171a2d6df3ac0
r2n_shapetrans_1077.img	CIRCLE	610	235	47876	1	WITHHOLD	0000000000000000000000000000000000000000000000000000000000000000	0	936	eb8e54fc391e4887cd4d0ead52de8f87a4ec6fb84fd3837dce97390a09f45706
r2n_shapetrans_1078.img	TRIANGLE	171	31	47230	1	WITHHOLD	0000000000000000000000000000000000000000000000000000000000000000	0	431	7b4dbeb357763dbf4270aa6ad68e158c48628f14c54d3b2ecc7fdc1f7c4299f9
r2n_shapetrans_1079.img	SQUARE	171	31	47474	1	WITHHOLD	0000000000000000000000000000000000000000000000000000000000000000	0	696	a53dda16c6062f5ee3dfc1de434bbfc5d1d0503b8a55ccac93927b80bd6492c6
r2n_shapetrans_1080.img	CIRCLE	591	217	47901	1	WITHHOLD	0000000000000000000000000000000000000000000000000000000000000000	0	927	fe85e63bb9f9d0d671b4d3a8639035254ecdad75bcc6a78f6a2e9f3a9beab7f8
r2n_shapetrans_1081.img	TRIANGLE	171	31	47090	1	WITHHOLD	0000000000000000000000000000000000000000000000000000000000000000	0	439	34e1c0421ee38ba1b7527d6e6d088551b4bb5fea8b9be3b3986995139e5be0c8
r2n_shapetrans_1082.img	SQUARE	171	31	47647	1	WITHHOLD	0000000000000000000000000000000000000000000000000000000000000000	0	667	b37ff6ed7451845aebff67b2469303520a47bbb69913de07ec28e92eef379735
r2n_shapetrans_1083.img	CIRCLE	579	207	47090	1	WITHHOLD	0000000000000000000000000000000000000000000000000000000000000000	0	922	d59ff287e2903b05127e0943885a192e265bcdf32ab5d64327787a45128855e1
r2n_shapetrans_1084.img	TRIANGLE	171	31	47047	1	WITHHOLD	0000000000000000000000000000000000000000000000000000000000000000	0	439	20a0129a3a2369a83ceae7d169f6eeccf8f159de0f7c519dad607edff7ee1121
r2n_shapetrans_1085.img	SQUARE	32	5	47717	1	WITHHOLD	0000000000000000000000000000000000000000000000000000000000000000	0	624	2d7e5c18549f2e85f7d3c4d5981a55eee2b787a95ea9fdc9bbf9a7a16433c9f7
r2n_shapetrans_1086.img	CIRCLE	624	249	47804	1	WITHHOLD	0000000000000000000000000000000000000000000000000000000000000000	0	943	49852d45c5053e3c4df3dfbe6e5565b7edd56d6c524797de4abc7c3e8b691ba3
r2n_shapetrans_1087.img	TRIANGLE	102	31	52197	1	WITHHOLD	0000000000000000000000000000000000000000000000000000000000000000	1	438	e769994bc5e5eb912d1c0ac4dcbb90d1963126da6299cb421d3cf12aee45c4b3
r2n_shapetrans_1088.img	SQUARE	162	29	47303	1	WITHHOLD	0000000000000000000000000000000000000000000000000000000000000000	0	636	51a73f4bf97a760fadd3d74d3ce6d38f01bc9b57ae50d8e093b2422caffeeb13
r2n_shapetrans_1089.img	CIRCLE	532	171	47813	1	WITHHOLD	0000000000000000000000000000000000000000000000000000000000000000	0	904	7f52c0d6bd2188af64da4dbaa05fe22971b2e37a2ce0edde697e75547c659000
r2n_shapetrans_1090.img	TRIANGLE	171	31	47174	1	WITHHOLD	0000000000000000000000000000000000000000000000000000000000000000	0	427	f9e3685ec12e9f06685b89b529dcccf547243416f755820a2609af456abdc2a3
r2n_shapetrans_1091.img	SQUARE	171	31	47505	1	WITHHOLD	0000000000000000000000000000000000000000000000000000000000000000	0	656	c8ae7c72cc073a62c6f2c10dfa0521e259dd9574a50b4c7de8fcf7bb61fc8fd7
r2n_shapetrans_1092.img	CIRCLE	565	195	47314	1	WITHHOLD	0000000000000000000000000000000000000000000000000000000000000000	0	916	bb6f58220d3d9eefa0e44817adf2ade5da526ec8606dcc2f6653aa0652011d2d
r2n_shapetrans_1093.img	TRIANGLE	171	31	50084	1	WITHHOLD	0000000000000000000000000000000000000000000000000000000000000000	0	381	2c41b5b9c5ffb93cac48355f02252feb5f4263a21538ffc9e67d532c04d0b2e1
r2n_shapetrans_1094.img	SQUARE	6	1	47705	1	WITHHOLD	0000000000000000000000000000000000000000000000000000000000000000	0	622	5a813836117a5155f785de6c7c2469181aa5234c168f45c67be1eb50929db2e4
r2n_shapetrans_1095.img	CIRCLE	565	195	47156	1	WITHHOLD	0000000000000000000000000000000000000000000000000000000000000000	0	916	5e8237e38f5eaa0a9b59c310f65b9dfed597057770744b5f570aaaaa99495ca3
r2n_shapetrans_1096.img	TRIANGLE	102	31	52234	1	WITHHOLD	0000000000000000000000000000000000000000000000000000000000000000	1	331	ab8a7ce6e77b90586eccfdc9f7ce5f822b94adc2a96e53d54f4ffe3d71af600a
r2n_shapetrans_1097.img	SQUARE	171	31	47698	1	WITHHOLD	0000000000000000000000000000000000000000000000000000000000000000	0	649	cb6636f1228d42f00dfcd9e4ffff32ebfb1b0311bd0b4714eeae4e3b4ed1049c
r2n_shapetrans_1098.img	CIRCLE	645	273	47469	1	WITHHOLD	0000000000000000000000000000000000000000000000000000000000000000	0	955	fbec51028e788199ec6000802ee469137ede68126a21fbfcc1fab9b8a84372d9
r2n_shapetrans_1099.img	TRIANGLE	171	31	47250	1	WITHHOLD	0000000000000000000000000000000000000000000000000000000000000000	0	405	51ce58db44be06757f2b5733cd4bda6a3c33413f9cf0dd7f1be2850ec64a48cf
r2n_shapetrans_1100.img	SQUARE	171	31	48128	1	WITHHOLD	0000000000000000000000000000000000000000000000000000000000000000	0	662	3ec6b218617fe9a81c807f5f0b19c028b25f1a9b4487a532fbe7e15766efbe7a
r2n_shapetrans_1101.img	CIRCLE	624	249	47816	1	WITHHOLD	0000000000000000000000000000000000000000000000000000000000000000	0	943	69f4b9265cb284c935205d77c0a1fd789c19ae4e57a06c0f0a0377f907cfb0c8
r2n_shapetrans_1102.img	TRIANGLE	171	31	46987	1	WITHHOLD	0000000000000000000000000000000000000000000000000000000000000000	0	408	cb143153198f58ff86779ba93338c4ff9c97964e1f97e04b1d3236cedf977658
r2n_shapetrans_1103.img	SQUARE	171	31	47566	1	WITHHOLD	0000000000000000000000000000000000000000000000000000000000000000	0	643	8c53f9d9d2d5dbf686a5de19a44b17f76e7a42dda3e1386ba4351885da12b0b1
r2n_shapetrans_1104.img	CIRCLE	620	245	47918	1	WITHHOLD	0000000000000000000000000000000000000000000000000000000000000000	0	941	689f4cde9608161b8094b56fb3194fdb788210ff5ba593d883ac91aa32bf89d3
r2n_shapetrans_1105.img	TRIANGLE	171	31	46919	1	WITHHOLD	0000000000000000000000000000000000000000000000000000000000000000	0	436	aba147061ee6477073d7f06eea5150e1e5e03e562cc9bfde031a71568621cc46
r2n_shapetrans_1106.img	TRIANGLE	142	25	48124	1	WITHHOLD	0000000000000000000000000000000000000000000000000000000000000000	0	609	e313202537e2d3832eee27b71b76a81786c134355c123da4ffc313eb1148de5a
r2n_shapetrans_1107.img	CIRCLE	557	189	47364	1	WITHHOLD	0000000000000000000000000000000000000000000000000000000000000000	0	913	3992dfb66542527d70b59235e51a5265609f92f3fcb648004932116c7b08dd3e
r2n_shapetrans_1108.img	TRIANGLE	171	31	46825	1	WITHHOLD	0000000000000000000000000000000000000000000000000000000000000000	0	415	796ef437d8e66a9d7787422279e28aee9006f495dfe4ba1e0e1a725ca349b5f1
r2n_shapetrans_1109.img	SQUARE	79	13	47976	1	WITHHOLD	0000000000000000000000000000000000000000000000000000000000000000	0	628	1ecdcf78ccf2a4ce5d124c38c7218575e8c9ad69e96eb9e6da53e604b09e4867
r2n_shapetrans_1110.img	CIRCLE	606	231	47826	1	WITHHOLD	0000000000000000000000000000000000000000000000000000000000000000	0	934	811fbc95a228b4bdad46b112c8d918a58c3216541223d9d435e3b60bc53363d0
r2n_shapetrans_1111.img	TRIANGLE	171	31	47109	1	WITHHOLD	0000000000000000000000000000000000000000000000000000000000000000	0	431	5fd03438e96b22714de6da36a5329cea0ac5c286e200bda40550ba67b2eb29ee
r2n_shapetrans_1112.img	SQUARE	56	9	47322	1	WITHHOLD	0000000000000000000000000000000000000000000000000000000000000000	0	626	bad779400abc1e4a72d4deb3e3809e03e1cb4a81404b03881bdf88dbcf565d81
r2n_shapetrans_1113.img	CIRCLE	618	243	47316	1	WITHHOLD	0000000000000000000000000000000000000000000000000000000000000000	0	940	94885ccf3730d6d67a85112cb218ad45c64541cec42386b00129f2df455d35d7
r2n_shapetrans_1114.img	TRIANGLE	171	31	47305	1	WITHHOLD	0000000000000000000000000000000000000000000000000000000000000000	0	436	a1728b276e7791fb1172f965cfe6f9f9959b91bf49df4e1c4812a000d0d696b5
r2n_shapetrans_1115.img	SQUARE	171	31	48163	1	WITHHOLD	0000000000000000000000000000000000000000000000000000000000000000	0	642	586bff38667e50485c42b6bbfbfba8eeb7f146c93591ff1fb912dad3e31cb4ae
r2n_shapetrans_1116.img	CIRCLE	498	149	47638	1	WITHHOLD	0000000000000000000000000000000000000000000000000000000000000000	0	893	5651169ad3ca48977011afec0b0571a90518285f45e03e0436fc5187736c633b
r2n_shapetrans_1117.img	TRIANGLE	171	31	46930	1	WITHHOLD	0000000000000000000000000000000000000000000000000000000000000000	0	407	59020c6c9a02348e86a847c9d1be5171c27e66984be69850904e0a85043bfbf5
r2n_shapetrans_1118.img	SQUARE	171	31	47749	1	WITHHOLD	0000000000000000000000000000000000000000000000000000000000000000	0	684	0d35ff780cb05369f0deafa6c1cbc9b8f171afa7a54cb5d505dda9fc4c2f73b6
r2n_shapetrans_1119.img	CIRCLE	661	293	47357	1	WITHHOLD	0000000000000000000000000000000000000000000000000000000000000000	0	965	6c27d1ca789045a00bacb09ee664747dcd18c895f5573dc136d7f114849d3f54
r2n_shapetrans_1120.img	TRIANGLE	171	31	47245	1	WITHHOLD	0000000000000000000000000000000000000000000000000000000000000000	0	425	5ccaf7309e5a85ac692123c9d538a287bee979fc373a30f1e63057b51386f592
r2n_shapetrans_1121.img	TRIANGLE	44	7	47636	1	WITHHOLD	0000000000000000000000000000000000000000000000000000000000000000	0	618	59ecd7ad92303dffce45a2457ea63c0f9db400bbed3635c8ea43af5950846823
r2n_shapetrans_1122.img	CIRCLE	602	227	47263	1	WITHHOLD	0000000000000000000000000000000000000000000000000000000000000000	0	932	41299abab694bcacbf735a200f72f4c9b378e0859ada5f7281e331412c3d355c
r2n_shapetrans_1123.img	TRIANGLE	171	31	46898	1	WITHHOLD	0000000000000000000000000000000000000000000000000000000000000000	0	453	941b576800d45795495d8c9043a64caf67f2153c0610de5dfa218e29e210fcd3
r2n_shapetrans_1124.img	SQUARE	171	31	47823	1	WITHHOLD	0000000000000000000000000000000000000000000000000000000000000000	0	638	59f9a87e8d16427b4ad74f8e04b80518f238feea58725ec1d5a9c45bd28e6493
r2n_shapetrans_1125.img	CIRCLE	593	219	47556	1	WITHHOLD	0000000000000000000000000000000000000000000000000000000000000000	0	928	d77375968a2a22c1736f2705ad979f63624d8a8a324abc6f99668e2c84275f54
r2n_shapetrans_1126.img	TRIANGLE	171	31	46923	1	WITHHOLD	0000000000000000000000000000000000000000000000000000000000000000	0	452	51ffe793565dfec31446fd49386d2bb01dc2c9d0f2ffb8bf4f1e47f31d56b1fb
r2n_shapetrans_1127.img	SQUARE	142	25	48343	1	WITHHOLD	0000000000000000000000000000000000000000000000000000000000000000	0	634	d0cf4b0fca574469309c68218420c47d71175bec640f113f7b465e8c63bb1327
r2n_shapetrans_1128.img	CIRCLE	612	237	47651	1	WITHHOLD	0000000000000000000000000000000000000000000000000000000000000000	0	937	1763b708032dd6dcf8ef9954a74faeb97e976a8d683dd6d1d584053c5e0db63e
r2n_shapetrans_1129.img	TRIANGLE	171	31	47301	1	WITHHOLD	0000000000000000000000000000000000000000000000000000000000000000	0	432	7b0a9e34e6adf86b34364d7d1bddf29e3de3d518f077551c5389bb018b20f141
r2n_shapetrans_1130.img	SQUARE	56	9	47774	1	WITHHOLD	0000000000000000000000000000000000000000000000000000000000000000	0	626	5898987f1683791e3bfd290cdf7b7edc30d24a56002760d880b2eb00b964786d
r2n_shapetrans_1131.img	CIRCLE	625	251	47733	1	WITHHOLD	0000000000000000000000000000000000000000000000000000000000000000	0	944	9a263121d8118be65f6a539a0c2d65998e33fbc481fdd5311455284915e5b1f7
r2n_shapetrans_1132.img	TRIANGLE	171	31	47077	1	WITHHOLD	0000000000000000000000000000000000000000000000000000000000000000	0	412	f07b1305c4ef2190376cd4799ce7318b416230731e785856984cc65109c64c18
r2n_shapetrans_1133.img	SQUARE	142	25	48206	1	WITHHOLD	0000000000000000000000000000000000000000000000000000000000000000	0	634	fdac0d46d0e8ce57489f52f8740695b62b7748895e0dce96fa40026aee752bb5
r2n_shapetrans_1134.img	CIRCLE	560	191	47116	1	WITHHOLD	0000000000000000000000000000000000000000000000000000000000000000	0	914	8b0c5181648e53fcdb1faac302092247fb4abe1bfe4a773f4c3c8139122aa744
r2n_shapetrans_1135.img	TRIANGLE	171	31	46834	1	WITHHOLD	0000000000000000000000000000000000000000000000000000000000000000	0	448	c793bd04eb4e0aba167f19b2a9f60dc182fffd31da1991ade72539941ff7b087
r2n_shapetrans_1136.img	SQUARE	171	31	48222	1	WITHHOLD	0000000000000000000000000000000000000000000000000000000000000000	0	657	66316d733160f8398e0a5493ac43ed6f4e2478f83643bd74adc65d2f9c9c244f
r2n_shapetrans_1137.img	CIRCLE	643	271	47782	1	WITHHOLD	0000000000000000000000000000000000000000000000000000000000000000	0	954	041a4a9cf9b4eedae131d8763198eebe6978e3d8f97152d75634ce06be1d7ce5
r2n_shapetrans_1138.img	TRIANGLE	171	31	47352	1	WITHHOLD	0000000000000000000000000000000000000000000000000000000000000000	0	423	da294b273e22ebd2a2231eb559d920d8159f0b7ce8380f4cdba35d542be05bdc
r2n_shapetrans_1139.img	TRIANGLE	122	21	47495	1	WITHHOLD	0000000000000000000000000000000000000000000000000000000000000000	0	611	3f6c171397570f63308bbaf364c45b4bde694e2ea62937310c81681682fe1bb5
r2n_shapetrans_1140.img	CIRCLE	625	251	47736	1	WITHHOLD	0000000000000000000000000000000000000000000000000000000000000000	0	944	2dd1d8190b4043373f03bac848d5f097e43b36a35fde4cd153ca484191b2ce4c
r2n_shapetrans_1141.img	TRIANGLE	171	31	47258	1	WITHHOLD	0000000000000000000000000000000000000000000000000000000000000000	0	427	ab19019fb5acc6c215b50991ba8054f44f2d5df17d16dadc0e20b8e6b53075a7
r2n_shapetrans_1142.img	SQUARE	152	27	47959	1	WITHHOLD	0000000000000000000000000000000000000000000000000000000000000000	0	635	39dae7578b88a31472463c4ad578dac0866e8f86a0b6d65f3b0e7b4b13854c04
r2n_shapetrans_1143.img	CIRCLE	614	239	47271	1	WITHHOLD	0000000000000000000000000000000000000000000000000000000000000000	0	938	4a4313213daf85d58577208ff10e44fb1a9d3388697dfea709b897598f4a4d24
r2n_shapetrans_1144.img	TRIANGLE	171	31	47201	1	WITHHOLD	0000000000000000000000000000000000000000000000000000000000000000	0	417	ef852e7b06ccef07d0b4d813fa57d5613c26da7626467a61f9569b133d6d8713
r2n_shapetrans_1145.img	SQUARE	171	31	48077	1	WITHHOLD	0000000000000000000000000000000000000000000000000000000000000000	0	654	343747da24da667220838b6eec755516da43c84e61fb480b6a326cea308b2ed6
r2n_shapetrans_1146.img	CIRCLE	661	293	47690	1	WITHHOLD	0000000000000000000000000000000000000000000000000000000000000000	0	965	ce909f219d996355527665c6bfb9f75a24616a392e886a8099de1cdbda056487
r2n_shapetrans_1147.img	TRIANGLE	171	31	46829	1	WITHHOLD	0000000000000000000000000000000000000000000000000000000000000000	0	444	f0527f234de8450d0781b02f3957d8a76a0b0ed1af03d3324f69074b9b7b6476
r2n_shapetrans_1148.img	TRIANGLE	68	11	47841	1	WITHHOLD	0000000000000000000000000000000000000000000000000000000000000000	0	616	88ebb1a980bcc5ac05ffd5c53c03c506e9bc1a819cb593b126117b09e2e60331
r2n_shapetrans_1149.img	CIRCLE	595	221	47263	1	WITHHOLD	0000000000000000000000000000000000000000000000000000000000000000	0	929	9037f8c937462cc92d13c988c768b7e6138f1491fcf5590fe44d2eeca0702d71
r2n_shapetrans_1150.img	TRIANGLE	171	31	47028	1	WITHHOLD	0000000000000000000000000000000000000000000000000000000000000000	0	446	cb8d6622edfb26ac58fb30451c941cbd95276264eddf7be2b58e9c68a39f7892
r2n_shapetrans_1151.img	SQUARE	32	5	48075	1	WITHHOLD	0000000000000000000000000000000000000000000000000000000000000000	0	624	85370878be2c41fadd5dae2d99aff83a18abd8747b53fc86b3afa9ccc89084de
r2n_shapetrans_1152.img	CIRCLE	544	179	47645	1	WITHHOLD	0000000000000000000000000000000000000000000000000000000000000000	0	908	9927a363f8d4734395fb7ddbe512fe86175d532dd9e7b2a70a84e2674688dc39
r2n_shapetrans_1153.img	TRIANGLE	171	31	46968	1	WITHHOLD	0000000000000000000000000000000000000000000000000000000000000000	0	422	8f2cd9b6b89dcc58c31b76bbb5ec0513db4e6306201f8d9d6e936dc1cb982928
r2n_shapetrans_1154.img	SQUARE	171	31	48013	1	WITHHOLD	0000000000000000000000000000000000000000000000000000000000000000	0	685	10b5eeff3c2e8b5733b1d88bcae80c4d08a25b841622bc9c8bc2134a3b62f3fd
r2n_shapetrans_1155.img	CIRCLE	624	249	47825	1	WITHHOLD	0000000000000000000000000000000000000000000000000000000000000000	0	943	64b330e5c28fb9d8bb41ced4c326d904ba2ef3a34d4f79261df2e8f52bb88d6c
r2n_shapetrans_1156.img	TRIANGLE	171	31	46869	1	WITHHOLD	0000000000000000000000000000000000000000000000000000000000000000	0	430	3917a6a04bb8fe1ea347004b6d19cd6b5acd00d5d43744256c9a785ad53f9917
r2n_shapetrans_1157.img	SQUARE	68	11	47494	1	WITHHOLD	0000000000000000000000000000000000000000000000000000000000000000	0	627	e541c221adeb48d02f980afe52f83060e410ff248cfcdf139c29b7c57e789f8f
r2n_shapetrans_1158.img	TRIANGLE	171	31	48643	1	WITHHOLD	0000000000000000000000000000000000000000000000000000000000000000	0	150	f4d125943e43644ec9056fc00e98be4e4483ebef5c7559a69f4229dd1339f210
r2n_shapetrans_1159.img	TRIANGLE	171	31	46884	1	WITHHOLD	0000000000000000000000000000000000000000000000000000000000000000	0	407	67a43cbb26479b6c5e8a3aeeb5d96359564fcad863607caaf4fc973d7a9e6f49
r2n_shapetrans_1160.img	SQUARE	171	31	48048	1	WITHHOLD	0000000000000000000000000000000000000000000000000000000000000000	0	651	67c9efb727cfe2056b42914459f9bb22c0d3d66b06a00697dbadf45e9c90a232
r2n_shapetrans_1161.img	CIRCLE	565	195	47247	1	WITHHOLD	0000000000000000000000000000000000000000000000000000000000000000	0	916	39441a0a0e0543dedfda92199f0a9ffd97fc221ff9187c04d52f1c84d69827fd
r2n_shapetrans_1162.img	TRIANGLE	171	31	46951	1	WITHHOLD	0000000000000000000000000000000000000000000000000000000000000000	0	436	018e0deeaa72f482a5f40c982d4618f170dfe2acd6a6e50632fcbdb21c419770
r2n_shapetrans_1163.img	SQUARE	90	15	48104	1	WITHHOLD	0000000000000000000000000000000000000000000000000000000000000000	0	629	223fae1e8885e747f11c9585e37b4a77e4aa9e41e0397809b0bb9b937af10520
r2n_shapetrans_1164.img	CIRCLE	665	299	47257	1	WITHHOLD	0000000000000000000000000000000000000000000000000000000000000000	0	968	c62a04f0704ccfa77c04ead685fe6825a2c470f6aa136f9df64fb37e436d5f73
r2n_shapetrans_1165.img	TRIANGLE	171	31	47070	1	WITHHOLD	0000000000000000000000000000000000000000000000000000000000000000	0	425	7180bc501e85986f2e086d1b9bcff2a1c737b404a422b0bd9b59836d3b352c9f
r2n_shapetrans_1166.img	TRIANGLE	19	3	47634	1	WITHHOLD	0000000000000000000000000000000000000000000000000000000000000000	0	620	7c390de94c701a2abb67b2a5751e97b8c7ea151be023c3405fe4a60dff8e1600
r2n_shapetrans_1167.img	CIRCLE	624	249	47446	1	WITHHOLD	0000000000000000000000000000000000000000000000000000000000000000	0	943	f29d43c1b38c07c28f64cd2df09aad9cc3eed47200db0ab36261871a5250f842
r2n_shapetrans_1168.img	TRIANGLE	171	31	47092	1	WITHHOLD	0000000000000000000000000000000000000000000000000000000000000000	0	425	cb8e949538b421b9c9ef6b3dc1c75028fc113e106f014b4af2f89c83d15cd2f8
r2n_shapetrans_1169.img	SQUARE	68	11	47530	1	WITHHOLD	0000000000000000000000000000000000000000000000000000000000000000	0	627	e4f02a0a5321512f3b651f7d2cba9dfc33b589ea3dbbb160463e6fe92d8d3b72
r2n_shapetrans_1170.img	CIRCLE	597	223	47876	1	WITHHOLD	0000000000000000000000000000000000000000000000000000000000000000	0	930	98b742f20518632ea9e8f64dcb23e213c0f6c0bec3ed387fa3b35447ca708952
r2n_shapetrans_1171.img	TRIANGLE	171	31	46978	1	WITHHOLD	0000000000000000000000000000000000000000000000000000000000000000	0	405	552d63c3a42a6d277a846bf279d6a18b4e32adf095a1d2bdac535f8fdaba9461
r2n_shapetrans_1172.img	SQUARE	90	15	47326	1	WITHHOLD	0000000000000000000000000000000000000000000000000000000000000000	0	629	5e9b20e463564e2f5e7c6b3cc35105fd4d0157539f2d7a1b551e021499e802f3
r2n_shapetrans_1173.img	CIRCLE	593	219	47817	1	WITHHOLD	0000000000000000000000000000000000000000000000000000000000000000	0	928	115e5ec87d3b30e80f649406457000be74492ccfff8b158dc1f87bf06ae73307
r2n_shapetrans_1174.img	TRIANGLE	171	31	47195	1	WITHHOLD	0000000000000000000000000000000000000000000000000000000000000000	0	416	2a3b19acb5ccab53a64451a5941cc6d13e16e6924be6f0ef667ace582740e23d
r2n_shapetrans_1175.img	SQUARE	171	31	47599	1	WITHHOLD	0000000000000000000000000000000000000000000000000000000000000000	0	644	5da2159f5b79233cfe36f4827fb7f570cbbc260e5e3f27680fa670d446f519ea
r2n_shapetrans_1176.img	CIRCLE	591	217	47708	1	WITHHOLD	0000000000000000000000000000000000000000000000000000000000000000	0	927	be37481b4e79cc11d057914cfb15b9dc57f54542fa50151d7a6a33f9a7672780
r2n_shapetrans_1177.img	TRIANGLE	171	31	47028	1	WITHHOLD	0000000000000000000000000000000000000000000000000000000000000000	0	437	fb81c2a8fc8edf741369d177c05a458d7cf55090446096a563089b6134a2997d
r2n_shapetrans_1178.img	SQUARE	122	21	47462	1	WITHHOLD	0000000000000000000000000000000000000000000000000000000000000000	0	632	908ad76f61f5e66aca9d8fbe5c9fbfcd2d5553a5efa63f48d3e1b04bc906fca8
r2n_shapetrans_1179.img	CIRCLE	640	267	47552	1	WITHHOLD	0000000000000000000000000000000000000000000000000000000000000000	0	952	6863311463e9b76383da25fc35ffb8be0fe4edd7bf4881925fd7a0e206de9091
r2n_shapetrans_1180.img	TRIANGLE	171	31	46832	1	WITHHOLD	0000000000000000000000000000000000000000000000000000000000000000	0	401	8e98be3d766fd4b3035b152e8116870d39831645906602060e5be9067c8fc33c
r2n_shapetrans_1181.img	SQUARE	6	1	47834	1	WITHHOLD	0000000000000000000000000000000000000000000000000000000000000000	0	622	58e44f2b9a0a35221f75af1b529518f018f07f38ffb9c832bd1e476ad3eb8817
r2n_shapetrans_1182.img	CIRCLE	595	221	47817	1	WITHHOLD	0000000000000000000000000000000000000000000000000000000000000000	0	929	2b3ef3a5e5ce6fc9956f755a758c603c4a7d2d4c1458ac2072025c157c16b12a
r2n_shapetrans_1183.img	TRIANGLE	171	31	47189	1	WITHHOLD	0000000000000000000000000000000000000000000000000000000000000000	0	435	fef075495a7d978fed188c133e8d778ae466d4f5fde3c87ecac4ad3fbaa85985
r2n_shapetrans_1184.img	TRIANGLE	68	11	47808	1	WITHHOLD	0000000000000000000000000000000000000000000000000000000000000000	0	616	096aeb8a739d2254d1322bc2306676280daeb365d3dd63edd7317b0fa7fd8433
r2n_shapetrans_1185.img	CIRCLE	677	315	47268	1	WITHHOLD	0000000000000000000000000000000000000000000000000000000000000000	0	976	084a9686d7c2b00ce943cddd5511b9993783004a277c4b134c9b2f880fe47fb1
r2n_shapetrans_1186.img	TRIANGLE	171	31	47274	1	WITHHOLD	0000000000000000000000000000000000000000000000000000000000000000	0	452	073e84067f85ba974b9499cad6bb141a750e2cef9765f645c93d6bbd80971ba8
r2n_shapetrans_1187.img	SQUARE	142	25	47721	1	WITHHOLD	0000000000000000000000000000000000000000000000000000000000000000	0	634	b9c3b9045647655e86f17a65d8eaa51d1270dbb5a478ccac24ba04cdfde91673
r2n_shapetrans_1188.img	CIRCLE	602	227	47131	1	WITHHOLD	0000000000000000000000000000000000000000000000000000000000000000	0	932	7892e8f64a111ced5c8eb760a0842c32f174813b5726a7d5dcbb669fd15881ef
r2n_shapetrans_1189.img	TRIANGLE	171	31	47068	1	WITHHOLD	0000000000000000000000000000000000000000000000000000000000000000	0	418	973798df9c24c1f4be86134e495268e3c99606adc8ec96fe1cfaa365761985e6
r2n_shapetrans_1190.img	SQUARE	171	31	47443	1	WITHHOLD	0000000000000000000000000000000000000000000000000000000000000000	0	650	a27b5291b078dd46e0aebd92ee2fa28ce4cc0d84e64c10b88b16ab0b61c11e79
r2n_shapetrans_1191.img	CIRCLE	629	255	47699	1	WITHHOLD	0000000000000000000000000000000000000000000000000000000000000000	0	946	928430d20b91adf544663c2d41cad75c6085179ea0d41da7706d58425a4e6b7b
r2n_shapetrans_1192.img	TRIANGLE	171	31	47255	1	WITHHOLD	0000000000000000000000000000000000000000000000000000000000000000	0	401	c6b9dfcd3028888ca9109fd7150d78254c4a045502e6be04fa31af9dc97df6a8
r2n_shapetrans_1193.img	SQUARE	171	31	47408	1	WITHHOLD	0000000000000000000000000000000000000000000000000000000000000000	0	671	f3273dc9b2adce3e3eee475c65de5fdb050b1e60b0498123196800424376d3df
r2n_shapetrans_1194.img	CIRCLE	541	177	47238	1	WITHHOLD	0000000000000000000000000000000000000000000000000000000000000000	0	907	776e05dcc9a4b253d54c9d5ecc21a181797672ce28753be60d8a628af3dccbda
r2n_shapetrans_1195.img	TRIANGLE	171	31	47206	1	WITHHOLD	0000000000000000000000000000000000000000000000000000000000000000	0	432	16aec31d3b309f3eca31e612e850c51c9dee8bb1312fe1697300bdf9259ea259
r2n_shapetrans_1196.img	SQUARE	68	11	47726	1	WITHHOLD	0000000000000000000000000000000000000000000000000000000000000000	0	627	b5abf1acc2503456f509309323f5cd48cdab9380ba533c7c1e712a842f431c8b
r2n_shapetrans_1197.img	CIRCLE	602	227	47575	1	WITHHOLD	0000000000000000000000000000000000000000000000000000000000000000	0	932	9a5c8e0fb974cf45693a319a0b3570bffeb8862a8f3758ba6ac5f888810306ed
r2n_shapetrans_1198.img	TRIANGLE	171	31	47039	1	WITHHOLD	0000000000000000000000000000000000000000000000000000000000000000	0	408	df9e32d46ff21e9965651d4a0c5caa7899e0e224dd68a3088a39bf3afc5ba82a
r2n_shapetrans_1199.img	SQUARE	162	29	48321	1	WITHHOLD	0000000000000000000000000000000000000000000000000000000000000000	0	636	a8f9fe0b6204314b917da434ab8a90e0070bd155cdec1875fc62af7f83b824b9
r2n_shapetrans_1200.img	CIRCLE	520	163	47599	1	WITHHOLD	0000000000000000000000000000000000000000000000000000000000000000	0	900	9bfa8028ac60bbaf76e552e2af29de21a3a47b33eb8362ba2c4175290d251a4c
r2n_shapetrans_1201.img	TRIANGLE	171	31	46859	1	WITHHOLD	0000000000000000000000000000000000000000000000000000000000000000	0	431	02c5d7d5bad0808249e34448bc37a8e159fb67c0532647384b8eb600b77ebc55
r2n_shapetrans_1202.img	SQUARE	171	31	47380	1	WITHHOLD	0000000000000000000000000000000000000000000000000000000000000000	0	646	6a3eba866b07acdd753f1913d97210dcde742c48832dd0f3092fe7a3317c4689
r2n_shapetrans_1203.img	CIRCLE	678	317	47569	1	WITHHOLD	0000000000000000000000000000000000000000000000000000000000000000	0	977	8c18bdb40bca20ae1a461a8c9c0d26a8f148aaa18b838e850f7f917fa7a9217f
r2n_shapetrans_1204.img	TRIANGLE	171	31	47127	1	WITHHOLD	0000000000000000000000000000000000000000000000000000000000000000	0	410	b9a6101adff75184edad164445eb2fcf9e80cf86b8eef5caf2a2384c3f918965
r2n_shapetrans_1205.img	SQUARE	171	31	47694	1	WITHHOLD	0000000000000000000000000000000000000000000000000000000000000000	0	643	0a26d771d56c52e2e8b0c7217b15890aa2589a49fb8a96c17338a08d6e17aeb6
r2n_shapetrans_1206.img	CIRCLE	674	311	47503	1	WITHHOLD	0000000000000000000000000000000000000000000000000000000000000000	0	974	7bde7230c4954ad8569bc398a2741d1a22b69ff63a858ffb0e33b3d40a5fc25b
r2n_shapetrans_1207.img	TRIANGLE	171	31	46894	1	WITHHOLD	0000000000000000000000000000000000000000000000000000000000000000	0	432	33598a31e390fc78cd93c44d117d37d4513eb68dcbb79bdc3d95b28c83e35936
r2n_shapetrans_1208.img	SQUARE	171	31	48277	1	WITHHOLD	0000000000000000000000000000000000000000000000000000000000000000	0	667	17a43b068348fa420837160cc7c0ed7f0115a4ee5142c265fd2a0298a9785676
r2n_shapetrans_1209.img	CIRCLE	648	277	47069	1	WITHHOLD	0000000000000000000000000000000000000000000000000000000000000000	0	957	e85648cc5d7a3cff32a3b7eb1d81556100af9f664ce75879d2a58074016fd2da
r2n_shapetrans_1210.img	TRIANGLE	171	31	47106	1	WITHHOLD	0000000000000000000000000000000000000000000000000000000000000000	0	426	f00bd97dee139267b48ccbe1db78036491661874a5efe04a816934a84c1e14aa
r2n_shapetrans_1211.img	SQUARE	171	31	47360	1	WITHHOLD	0000000000000000000000000000000000000000000000000000000000000000	0	638	ff8f8eea07cf71f23fd5416834f9f37bec42f681cd20cf04eb9dbb407c3a77c1
r2n_shapetrans_1212.img	CIRCLE	645	273	47880	1	WITHHOLD	0000000000000000000000000000000000000000000000000000000000000000	0	955	9146143912e3f95ae6c3d49cff92a0024bc7dabe8bfbe22a561ad38219c9d62c
r2n_shapetrans_1213.img	TRIANGLE	171	31	47225	1	WITHHOLD	0000000000000000000000000000000000000000000000000000000000000000	0	431	e6d033c2a35b00bc345cc8c3dbbda6082aa81312213d7b2ed3203b8c8789edd6
r2n_shapetrans_1214.img	SQUARE	171	31	48108	1	WITHHOLD	0000000000000000000000000000000000000000000000000000000000000000	0	648	cd1e8defdfdd26af741d30bc0ee78501c3834732c92c605a2b0ba57b6c465cf3
r2n_shapetrans_1215.img	CIRCLE	491	145	47107	1	WITHHOLD	0000000000000000000000000000000000000000000000000000000000000000	0	891	be97d6419d417927555ce3617ddbf8b27845adb01987c04423d083c0b97bdad5
r2n_shapetrans_1216.img	TRIANGLE	171	31	47201	1	WITHHOLD	0000000000000000000000000000000000000000000000000000000000000000	0	432	997237cc40f8af67b593e8c28e994283f7ab0a08d4ec2bfc0983a172b7b134b8
r2n_shapetrans_1217.img	TRIANGLE	112	19	47348	1	WITHHOLD	0000000000000000000000000000000000000000000000000000000000000000	0	612	d285de49f3ab84a1ffacdb490880283c34b363a77509461ef66bb062662f3ded
r2n_shapetrans_1218.img	CIRCLE	600	225	47226	1	WITHHOLD	0000000000000000000000000000000000000000000000000000000000000000	0	931	861828f581013dc1f13ca66e87eb4d8046a40f217c5b5467ab978ac599f2bf1c
r2n_shapetrans_1219.img	TRIANGLE	171	31	47332	1	WITHHOLD	0000000000000000000000000000000000000000000000000000000000000000	0	434	9af0f83a4459a7df466c37b69d5813042274ae694c511c95a7dfccd597f31167
r2n_shapetrans_1220.img	SQUARE	112	19	48063	1	WITHHOLD	0000000000000000000000000000000000000000000000000000000000000000	0	631	6a012251621c3be0f618f6953f7a519c2b713550f776bb37197d339e4998f6cf
r2n_shapetrans_1221.img	CIRCLE	579	207	47681	1	WITHHOLD	0000000000000000000000000000000000000000000000000000000000000000	0	922	ddc09191d76c30a9a20b415982bdd35793c9c507c4665389f89e23d1c121769a
r2n_shapetrans_1222.img	TRIANGLE	171	31	47235	1	WITHHOLD	0000000000000000000000000000000000000000000000000000000000000000	0	416	c7664043fc7d800c704033ec9a7ef8aa1ebd1324529e11a29c79c553c49a492e
r2n_shapetrans_1223.img	SQUARE	162	29	48120	1	WITHHOLD	0000000000000000000000000000000000000000000000000000000000000000	0	636	19fca94f29a2f41cac5c3de0168b5a0bd77ca4156951f4d737178c2c86113ce3
r2n_shapetrans_1224.img	CIRCLE	538	175	47585	1	WITHHOLD	0000000000000000000000000000000000000000000000000000000000000000	0	906	13025b07899e53f4c9efb4523a5563f29235c796b684db1d0dda329ac9eb5411
r2n_shapetrans_1225.img	TRIANGLE	171	31	47268	1	WITHHOLD	0000000000000000000000000000000000000000000000000000000000000000	0	407	c1401b09c0975b205b907d5890df68a08414a65c5506d0b07533f01e8f5216e5
r2n_shapetrans_1226.img	SQUARE	171	31	48290	1	WITHHOLD	0000000000000000000000000000000000000000000000000000000000000000	0	648	388d4748195948c40a1a532239778ce9cbc23f36b33c45cd44dc54883ea925c5
r2n_shapetrans_1227.img	CIRCLE	635	261	47840	1	WITHHOLD	0000000000000000000000000000000000000000000000000000000000000000	0	949	a1e327329449162dba2bc79fd71aa9984c623281469c2ae07d3ef0a742b21607
r2n_shapetrans_1228.img	TRIANGLE	171	31	47071	1	WITHHOLD	0000000000000000000000000000000000000000000000000000000000000000	0	428	09cbf0eda4b710e18968894b1cb5dcc8ff24047fbdc2c591ab0c0f6c6912886f
r2n_shapetrans_1229.img	SQUARE	132	23	48138	1	WITHHOLD	0000000000000000000000000000000000000000000000000000000000000000	0	633	677a91fa743c42d90fdb3c87cceb2b3363bf570dd3fba64b7ab126d746dbac0f
r2n_shapetrans_1230.img	CIRCLE	608	233	47719	1	WITHHOLD	0000000000000000000000000000000000000000000000000000000000000000	0	935	9f1e254d1b6c905b0c8d81f8178d2cd88dab220c9c954ae66b01f6d97c6290d5
r2n_shapetrans_1231.img	TRIANGLE	171	31	47085	1	WITHHOLD	0000000000000000000000000000000000000000000000000000000000000000	0	435	871b6382a85b19e6fbc94610aa178fc91507748fe4f12ebe3c799e2ff6eb3f68
r2n_shapetrans_1232.img	SQUARE	122	21	48101	1	WITHHOLD	0000000000000000000000000000000000000000000000000000000000000000	0	632	c5485168eb1cadacac8dd488a0aebb7ef7fffc0b2ecad14c5c72710703f16e51
r2n_shapetrans_1233.img	CIRCLE	577	205	47685	1	WITHHOLD	0000000000000000000000000000000000000000000000000000000000000000	0	921	9dfefa07df43dccda9679830808dfc6afc28d0278ea3b267796c5df765765633
r2n_shapetrans_1234.img	TRIANGLE	171	31	46906	1	WITHHOLD	0000000000000000000000000000000000000000000000000000000000000000	0	416	bf56ac944cb8956fc1705f54d961a111c47a83bb1ad25ce148b23c5e95b95677
r2n_shapetrans_1235.img	SQUARE	171	31	47302	1	WITHHOLD	0000000000000000000000000000000000000000000000000000000000000000	0	654	6ba11f7e30abcd8746005f89a253c5b4a01aa56781babeb3d4e0588dfb0c89e1
r2n_shapetrans_1236.img	CIRCLE	552	185	47308	1	WITHHOLD	0000000000000000000000000000000000000000000000000000000000000000	0	911	70ffe9542e33732a10c35836eb477f9d1c8480ad0b0b73daa00e1cc2a822e63d
r2n_shapetrans_1237.img	TRIANGLE	171	31	46883	1	WITHHOLD	0000000000000000000000000000000000000000000000000000000000000000	0	424	096041ef3bf31fb82ba997295b5598cf915be7f04b87ea1dbcdd2dac3d2103fc
r2n_shapetrans_1238.img	SQUARE	102	31	51159	1	WITHHOLD	0000000000000000000000000000000000000000000000000000000000000000	1	643	3c73f32bf7cb1404c6d79349cabe21a8e98bd5337e3468c6815b8f4115bcef5e
r2n_shapetrans_1239.img	CIRCLE	572	201	47450	1	WITHHOLD	0000000000000000000000000000000000000000000000000000000000000000	0	919	c73671d21e7f6fecb1403547a82cf983f5e6b79a15fe87f8a02d6395e9d6fd87
r2n_shapetrans_1240.img	TRIANGLE	171	31	46982	1	WITHHOLD	0000000000000000000000000000000000000000000000000000000000000000	0	403	e269eb987e36cca733140cb8e1e0ffac16d8a578e08c2257078a8a4655dcfdf4
r2n_shapetrans_1241.img	SQUARE	171	31	48301	1	WITHHOLD	0000000000000000000000000000000000000000000000000000000000000000	0	657	dc78d3885731cfb3624a624f4116e8a8d73b5d7df7026919fec468f73bfb370b
r2n_shapetrans_1242.img	CIRCLE	584	211	47539	1	WITHHOLD	0000000000000000000000000000000000000000000000000000000000000000	0	924	d122ca0504a2ab9ae72addafbbf0186590eda6b3cb8462e07b0adaec814b9b46
r2n_shapetrans_1243.img	TRIANGLE	171	31	47147	1	WITHHOLD	0000000000000000000000000000000000000000000000000000000000000000	0	423	dd41b7b129cbcd4f5b1cb2a627d9fd9ba9219210a9e7e7af6fefd723a4c36b8a
r2n_shapetrans_1244.img	TRIANGLE	32	5	47331	1	WITHHOLD	0000000000000000000000000000000000000000000000000000000000000000	0	619	6ce201655f35cc2ca66fbbafc206af0da58506d84e9eb077d95ec4fe06654963
r2n_shapetrans_1245.img	CIRCLE	529	169	47362	1	WITHHOLD	0000000000000000000000000000000000000000000000000000000000000000	0	903	dd31389e8f25e74f2a9e0f2d62db5251c1ccd9827551529293c4e6a2c040f1e8
r2n_shapetrans_1246.img	TRIANGLE	171	31	47187	1	WITHHOLD	0000000000000000000000000000000000000000000000000000000000000000	0	446	c549800b5169f4b0e742508da3533d9e3f6c5e66d909bb890d9ea321be8f05af
r2n_shapetrans_1247.img	SQUARE	32	5	47909	1	WITHHOLD	0000000000000000000000000000000000000000000000000000000000000000	0	624	f92a9158a81ef7e07651c7c6b87a40ff5e5bc7afa6bf7cb226f6abc2b27761d6
r2n_shapetrans_1248.img	CIRCLE	557	189	47878	1	WITHHOLD	0000000000000000000000000000000000000000000000000000000000000000	0	913	8a6931259c9370c15e0e242f80317d304cd3521dffbe365b52e15ce7a263ef1c
r2n_shapetrans_1249.img	TRIANGLE	171	31	47282	1	WITHHOLD	0000000000000000000000000000000000000000000000000000000000000000	0	410	2e760cc0d979ea3f4dfe16888b73edf116a2fa823a291ade41385cd6410a405e
r2n_shapetrans_1250.img	SQUARE	171	31	47895	1	WITHHOLD	0000000000000000000000000000000000000000000000000000000000000000	0	654	2c9dcfe047b23e5005aad7f6a00dedd755cc0094b1f2b2ed2e73e3f26b19d3e3
r2n_shapetrans_1251.img	CIRCLE	625	251	47407	1	WITHHOLD	0000000000000000000000000000000000000000000000000000000000000000	0	944	2ada2a82cccbb01f2322acbaaa740efa47c935f7b0bda7b70c93aa0cf2186ed7
r2n_shapetrans_1252.img	TRIANGLE	171	31	47036	1	WITHHOLD	0000000000000000000000000000000000000000000000000000000000000000	0	431	ccbfa6835f3bd9f137a43730644633fc8ebeb293420ae07992d7495f6daea4d9
r2n_shapetrans_1253.img	SQUARE	171	31	47790	1	WITHHOLD	0000000000000000000000000000000000000000000000000000000000000000	0	652	ebdd354a117d156760a27438dfe63c8a84babb741f70e6c6e0f005473765a180
r2n_shapetrans_1254.img	CIRCLE	664	297	47454	1	WITHHOLD	0000000000000000000000000000000000000000000000000000000000000000	0	967	904dcb195690d677f51d6e2af584a6d7af670b79e1976975225bc022eebe4bba
r2n_shapetrans_1255.img	TRIANGLE	171	31	46859	1	WITHHOLD	0000000000000000000000000000000000000000000000000000000000000000	0	428	d4bb77f8ede9c6c1960987dfb0c2a85e5f64f894d8a3032f3fe658d275757e54
r2n_shapetrans_1256.img	SQUARE	19	3	47912	1	WITHHOLD	0000000000000000000000000000000000000000000000000000000000000000	0	623	2eaec3794769bf831bd8761cef2c52b60dcb61f81fede5057f63dc39da2f5866
r2n_shapetrans_1257.img	CIRCLE	610	235	47625	1	WITHHOLD	0000000000000000000000000000000000000000000000000000000000000000	0	936	b1f1b292f33cbed94316a14aeda54a4da69cfcf67c3228add7cf37efa7df87fb
r2n_shapetrans_1258.img	TRIANGLE	171	31	47368	1	WITHHOLD	0000000000000000000000000000000000000000000000000000000000000000	0	430	ae733874aed3a987e7ca8099a419a929b2d1a5a361c952ffb58d0b476f0e899e
r2n_shapetrans_1259.img	TRIANGLE	44	7	48185	1	WITHHOLD	0000000000000000000000000000000000000000000000000000000000000000	0	618	659d1897ecf7f1cf7a0716cb63b95ac2365eaec887242927e0474e4886297b52
r2n_shapetrans_1260.img	CIRCLE	491	145	47225	1	WITHHOLD	0000000000000000000000000000000000000000000000000000000000000000	0	891	724d96a663eab573ac4da4ffc6464f816de73a581f7545ff64ffc9f3c41ce424
r2n_shapetrans_1261.img	TRIANGLE	171	31	46975	1	WITHHOLD	0000000000000000000000000000000000000000000000000000000000000000	0	415	f763c10a95bd8bc2170b86a577649dbccfeb2dbe80c8e63322ee543b893f6cb2
r2n_shapetrans_1262.img	SQUARE	112	19	47506	1	WITHHOLD	0000000000000000000000000000000000000000000000000000000000000000	0	631	22b1e805b2a7be693e14e4170023eba41a9a775bb93245a6dea73484eb686c4a
r2n_shapetrans_1263.img	CIRCLE	498	149	47227	1	WITHHOLD	0000000000000000000000000000000000000000000000000000000000000000	0	893	0e89508c04bb98c6c9bc5de0d5ef8b45fa24b5f5eb70c7adb6c49816e13e1188
r2n_shapetrans_1264.img	TRIANGLE	171	31	47168	1	WITHHOLD	0000000000000000000000000000000000000000000000000000000000000000	0	416	4dc2e39479bc6599850785a8de724cd09caef27b1188b2dcd7e1baa511c3a41d
r2n_shapetrans_1265.img	SQUARE	171	31	47379	1	WITHHOLD	0000000000000000000000000000000000000000000000000000000000000000	0	662	400da8ff6392b65a5d5bfeaea5c981afd21fbd379792453fc9bc6985513f3f92
r2n_shapetrans_1266.img	CIRCLE	671	307	47451	1	WITHHOLD	0000000000000000000000000000000000000000000000000000000000000000	0	972	e63862f7496a047c24877807c99407c7998dbe12d93ab8803223075497badc62
r2n_shapetrans_1267.img	TRIANGLE	171	31	47156	1	WITHHOLD	0000000000000000000000000000000000000000000000000000000000000000	0	428	b2d27bd039421f945278692f1a420052f388bca903dd6f2cd855cd0627ecdc15
r2n_shapetrans_1268.img	SQUARE	171	31	48245	1	WITHHOLD	0000000000000000000000000000000000000000000000000000000000000000	0	642	9ac43836cf0b518b00ac1d4e013c4e5c5492ed6cfdd954d1d3012511c8bae01f
r2n_shapetrans_1269.img	CIRCLE	684	325	47185	1	WITHHOLD	0000000000000000000000000000000000000000000000000000000000000000	0	981	f260431a5c26dadfc39004e36b110ea5d5f8fdf0bda57c8c57793bf4602197b7
r2n_shapetrans_1270.img	TRIANGLE	171	31	46879	1	WITHHOLD	0000000000000000000000000000000000000000000000000000000000000000	0	432	f949203de07a6f3339771c926f9d1dc7433939b1c2cc29bd3e0185720e9c48cf
r2n_shapetrans_1271.img	SQUARE	171	31	47576	1	WITHHOLD	0000000000000000000000000000000000000000000000000000000000000000	0	641	1c1ed85fa14413c924a8a7c751f773796fce9c3c5390126c0c2b3def269ce081
r2n_shapetrans_1272.img	CIRCLE	664	297	47454	1	WITHHOLD	0000000000000000000000000000000000000000000000000000000000000000	0	967	11bbf58ffafa18462d6137f741415c44f25719dd601c280e1cf5f28f350ef539
r2n_shapetrans_1273.img	TRIANGLE	171	31	46838	1	WITHHOLD	0000000000000000000000000000000000000000000000000000000000000000	0	433	46c6db62937e826696c8eff246fe7fa330a6ae8aaad52dc98deebf5b11f3423c
r2n_shapetrans_1274.img	SQUARE	101	17	48231	1	WITHHOLD	0000000000000000000000000000000000000000000000000000000000000000	0	630	3e00510ad802fdd840def80ddd35055c996f4a79f88dccdc60dba80aefdb5c7e
r2n_shapetrans_1275.img	CIRCLE	577	205	47464	1	WITHHOLD	0000000000000000000000000000000000000000000000000000000000000000	0	921	8274dc3bf52a08d43e2d4dec53e567890cc4b31d5ddf72f08c952ceff173dbe9
r2n_shapetrans_1276.img	TRIANGLE	171	31	46824	1	WITHHOLD	0000000000000000000000000000000000000000000000000000000000000000	0	444	771f321ccb028f8846b085356daa2f0180fff1a64dfe6aeb860de7be627df099
r2n_shapetrans_1277.img	SQUARE	171	31	47551	1	WITHHOLD	0000000000000000000000000000000000000000000000000000000000000000	0	664	94c8467916bac485be79f680145fe58e3e4ccc2d79458539992f10183f066538
r2n_shapetrans_1278.img	CIRCLE	591	217	47813	1	WITHHOLD	0000000000000000000000000000000000000000000000000000000000000000	0	927	acbd70f3f980b8259fc5333e5e55b45617408e606f2b88569cd6ad6b6f8708b5
r2n_shapetrans_1279.img	TRIANGLE	171	31	46878	1	WITHHOLD	0000000000000000000000000000000000000000000000000000000000000000	0	396	7c78cadee8eae5218954aa0053879dce02fb053e33296718320b4f41116d825f
r2n_shapetrans_1280.img	SQUARE	122	21	48239	1	WITHHOLD	0000000000000000000000000000000000000000000000000000000000000000	0	632	7c9c02ff209457c6b519a13905ff22286e1d9c15839c1bbdbdb7d585e45607e0
r2n_shapetrans_1281.img	CIRCLE	640	267	47389	1	WITHHOLD	0000000000000000000000000000000000000000000000000000000000000000	0	952	c8bc4d07172cac5c28c7675424038c89df04d8882d4638ccdb6ac7b9aa5938cd
r2n_shapetrans_1282.img	TRIANGLE	171	31	47097	1	WITHHOLD	0000000000000000000000000000000000000000000000000000000000000000	0	431	ad88625049c5ebbd69571935c6527f6d42d52c62cf093133905d97feabaad551
r2n_shapetrans_1283.img	SQUARE	90	15	48050	1	WITHHOLD	0000000000000000000000000000000000000000000000000000000000000000	0	629	a6c0a30e6e3a3a08a52d50e5f11a6490c715e88f4fd5ed236473f418d0542de5
r2n_shapetrans_1284.img	CIRCLE	579	207	47791	1	WITHHOLD	0000000000000000000000000000000000000000000000000000000000000000	0	922	f32cc80a6ebe4156e9d8c0393ba161942e8d787ab9b5c9aa38182b7db690d9dd
r2n_shapetrans_1285.img	TRIANGLE	171	31	46980	1	WITHHOLD	0000000000000000000000000000000000000000000000000000000000000000	0	444	97e1346249111c0be7c7a46e408f2fd946e2c57fd7cf16d70d86a9c1b671517a
r2n_shapetrans_1286.img	SQUARE	56	9	48168	1	WITHHOLD	0000000000000000000000000000000000000000000000000000000000000000	0	626	2cc7b062f4da92b402d32787ece14c7704f9f6f47feac9543eb442e9eb2d6943
r2n_shapetrans_1287.img	CIRCLE	511	157	47393	1	WITHHOLD	0000000000000000000000000000000000000000000000000000000000000000	0	897	d706253ac10aafdfc92235e94f421c5cf43ce44632d193d6345a7ac2b6c4fdcf
r2n_shapetrans_1288.img	TRIANGLE	171	31	46958	1	WITHHOLD	0000000000000000000000000000000000000000000000000000000000000000	0	402	0e647f5b3ea76e8dd12dc14ae083e66041da77e68c9295c8658ac777d2c0f43d
r2n_shapetrans_1289.img	SQUARE	171	31	47554	1	WITHHOLD	0000000000000000000000000000000000000000000000000000000000000000	0	646	5011c4bfb9b1d2abdee72616a3f8fd36d8e89fdae980f5b86aa1f09276eaf3d9
r2n_shapetrans_1290.img	CIRCLE	511	157	47573	1	WITHHOLD	0000000000000000000000000000000000000000000000000000000000000000	0	897	8f873a95572833d8534547fafcef0aaf35c49f926ef374917366a95dee86e370
r2n_shapetrans_1291.img	TRIANGLE	171	31	47207	1	WITHHOLD	0000000000000000000000000000000000000000000000000000000000000000	0	434	fdc482c8337b2ffd668b008988ad1d009213cf573982918622df86f1a7182562
r2n_shapetrans_1292.img	SQUARE	171	31	47560	1	WITHHOLD	0000000000000000000000000000000000000000000000000000000000000000	0	640	f64d1da8cd7e7a6009182f9dd073d83b008cfbc11b7ff2b1469bc0c250df99eb
r2n_shapetrans_1293.img	CIRCLE	597	223	47391	1	WITHHOLD	0000000000000000000000000000000000000000000000000000000000000000	0	930	53e2effeec4d0be92156a57ebc4eba399314a7b88c1d0ddd495831c7483b877f
r2n_shapetrans_1294.img	TRIANGLE	171	31	46980	1	WITHHOLD	0000000000000000000000000000000000000000000000000000000000000000	0	437	68603673db576c7d64fde498da8ce96e806f3eecb7ad594a337f715cb7036c25
r2n_shapetrans_1295.img	SQUARE	102	31	48863	1	WITHHOLD	0000000000000000000000000000000000000000000000000000000000000000	1	644	a2932df018f6b8b05ff5bb489222a178d9b2e3146a8a9d3a870b6566f53a2a3f
