R_shapetrans_0000	shapetrans	r2n_shapetrans_0000.img	r2q/companions/recall/r2q_recall_shapetrans_0000_g.img	r2q/companions/recall/r2q_recall_shapetrans_0000_p1.img	r2q/companions/recall/r2q_recall_shapetrans_0000_p2.img	r2q/companions/recall/r2q_recall_shapetrans_0000_p3.img	CIRCLE
R_shapetrans_0001	shapetrans	r2n_shapetrans_0001.img	r2q/companions/recall/r2q_recall_shapetrans_0001_g.img	r2q/companions/recall/r2q_recall_shapetrans_0001_p1.img	r2q/companions/recall/r2q_recall_shapetrans_0001_p2.img	r2q/companions/recall/r2q_recall_shapetrans_0001_p3.img	TRIANGLE
R_shapetrans_0002	shapetrans	r2n_shapetrans_0002.img	r2q/companions/recall/r2q_recall_shapetrans_0002_g.img	r2q/companions/recall/r2q_recall_shapetrans_0002_p1.img	r2q/companions/recall/r2q_recall_shapetrans_0002_p2.img	r2q/companions/recall/r2q_recall_shapetrans_0002_p3.img	SQUARE
R_shapetrans_0003	shapetrans	r2n_shapetrans_0003.img	r2q/companions/recall/r2q_recall_shapetrans_0003_g.img	r2q/companions/recall/r2q_recall_shapetrans_0003_p1.img	r2q/companions/recall/r2q_recall_shapetrans_0003_p2.img	r2q/companions/recall/r2q_recall_shapetrans_0003_p3.img	CIRCLE
R_shapetrans_0004	shapetrans	r2n_shapetrans_0004.img	r2q/companions/recall/r2q_recall_shapetrans_0004_g.img	r2q/companions/recall/r2q_recall_shapetrans_0004_p1.img	r2q/companions/recall/r2q_recall_shapetrans_0004_p2.img	r2q/companions/recall/r2q_recall_shapetrans_0004_p3.img	TRIANGLE
R_shapetrans_0005	shapetrans	r2n_shapetrans_0005.img	r2q/companions/recall/r2q_recall_shapetrans_0005_g.img	r2q/companions/recall/r2q_recall_shapetrans_0005_p1.img	r2q/companions/recall/r2q_recall_shapetrans_0005_p2.img	r2q/companions/recall/r2q_recall_shapetrans_0005_p3.img	SQUARE
R_shapetrans_0006	shapetrans	r2n_shapetrans_0006.img	r2q/companions/recall/r2q_recall_shapetrans_0006_g.img	r2q/companions/recall/r2q_recall_shapetrans_0006_p1.img	r2q/companions/recall/r2q_recall_shapetrans_0006_p2.img	r2q/companions/recall/r2q_recall_shapetrans_0006_p3.img	CIRCLE
R_shapetrans_0007	shapetrans	r2n_shapetrans_0007.img	r2q/companions/recall/r2q_recall_shapetrans_0007_g.img	r2q/companions/recall/r2q_recall_shapetrans_0007_p1.img	r2q/companions/recall/r2q_recall_shapetrans_0007_p2.img	r2q/companions/recall/r2q_recall_shapetrans_0007_p3.img	TRIANGLE
R_shapetrans_0008	shapetrans	r2n_shapetrans_0008.img	r2q/companions/recall/r2q_recall_shapetrans_0008_g.img	r2q/companions/recall/r2q_recall_shapetrans_0008_p1.img	r2q/companions/recall/r2q_recall_shapetrans_0008_p2.img	r2q/companions/recall/r2q_recall_shapetrans_0008_p3.img	SQUARE
R_shapetrans_0009	shapetrans	r2n_shapetrans_0009.img	r2q/companions/recall/r2q_recall_shapetrans_0009_g.img	r2q/companions/recall/r2q_recall_shapetrans_0009_p1.img	r2q/companions/recall/r2q_recall_shapetrans_0009_p2.img	r2q/companions/recall/r2q_recall_shapetrans_0009_p3.img	CIRCLE
R_shapetrans_0010	shapetrans	r2n_shapetrans_0010.img	r2q/companions/recall/r2q_recall_shapetrans_0010_g.img	r2q/companions/recall/r2q_recall_shapetrans_0010_p1.img	r2q/companions/recall/r2q_recall_shapetrans_0010_p2.img	r2q/companions/recall/r2q_recall_shapetrans_0010_p3.img	TRIANGLE
R_shapetrans_0011	shapetrans	r2n_shapetrans_0011.img	r2q/companions/recall/r2q_recall_shapetrans_0011_g.img	r2q/companions/recall/r2q_recall_shapetrans_0011_p1.img	r2q/companions/recall/r2q_recall_shapetrans_0011_p2.img	r2q/companions/recall/r2q_recall_shapetrans_0011_p3.img	SQUARE
R_shapetrans_0012	shapetrans	r2n_shapetrans_0012.img	r2q/companions/recall/r2q_recall_shapetrans_0012_g.img	r2q/companions/recall/r2q_recall_shapetrans_0012_p1.img	r2q/companions/recall/r2q_recall_shapetrans_0012_p2.img	r2q/companions/recall/r2q_recall_shapetrans_0012_p3.img	CIRCLE
R_shapetrans_0013	shapetrans	r2n_shapetrans_0013.img	r2q/companions/recall/r2q_recall_shapetrans_0013_g.img	r2q/companions/recall/r2q_recall_shapetrans_0013_p1.img	r2q/companions/recall/r2q_recall_shapetrans_0013_p2.img	r2q/companions/recall/r2q_recall_shapetrans_0013_p3.img	TRIANGLE
R_shapetrans_0014	shapetrans	r2n_shapetrans_0014.img	r2q/companions/recall/r2q_recall_shapetrans_0014_g.img	r2q/companions/recall/r2q_recall_shapetrans_0014_p1.img	r2q/companions/recall/r2q_recall_shapetrans_0014_p2.img	r2q/companions/recall/r2q_recall_shapetrans_0014_p3.img	SQUARE
R_shapetrans_0015	shapetrans	r2n_shapetrans_0015.img	r2q/companions/recall/r2q_recall_shapetrans_0015_g.img	r2q/companions/recall/r2q_recall_shapetrans_0015_p1.img	r2q/companions/recall/r2q_recall_shapetrans_0015_p2.img	r2q/companions/recall/r2q_recall_shapetrans_0015_p3.img	CIRCLE
R_shapetrans_0016	shapetrans	r2n_shapetrans_0016.img	r2q/companions/recall/r2q_recall_shapetrans_0016_g.img	r2q/companions/recall/r2q_recall_shapetrans_0016_p1.img	r2q/companions/recall/r2q_recall_shapetrans_0016_p2.img	r2q/companions/recall/r2q_recall_shapetrans_0016_p3.img	TRIANGLE
R_shapetrans_0017	shapetrans	r2n_shapetrans_0017.img	r2q/companions/recall/r2q_recall_shapetrans_0017_g.img	r2q/companions/recall/r2q_recall_shapetrans_0017_p1.img	r2q/companions/recall/r2q_recall_shapetrans_0017_p2.img	r2q/companions/recall/r2q_recall_shapetrans_0017_p3.img	SQUARE
R_shapetrans_0018	shapetrans	r2n_shapetrans_0018.img	r2q/companions/recall/r2q_recall_shapetrans_0018_g.img	r2q/companions/recall/r2q_recall_shapetrans_0018_p1.img	r2q/companions/recall/r2q_recall_shapetrans_0018_p2.img	r2q/companions/recall/r2q_recall_shapetrans_0018_p3.img	CIRCLE
R_shapetrans_0019	shapetrans	r2n_shapetrans_0019.img	r2q/companions/recall/r2q_recall_shapetrans_0019_g.img	r2q/companions/recall/r2q_recall_shapetrans_0019_p1.img	r2q/companions/recall/r2q_recall_shapetrans_0019_p2.img	r2q/companions/recall/r2q_recall_shapetrans_0019_p3.img	TRIANGLE
R_shapetrans_0020	shapetrans	r2n_shapetrans_0020.img	r2q/companions/recall/r2q_recall_shapetrans_0020_g.img	r2q/companions/recall/r2q_recall_shapetrans_0020_p1.img	r2q/companions/recall/r2q_recall_shapetrans_0020_p2.img	r2q/companions/recall/r2q_recall_shapetrans_0020_p3.img	SQUARE
R_shapetrans_0021	shapetrans	r2n_shapetrans_0021.img	r2q/companions/recall/r2q_recall_shapetrans_0021_g.img	r2q/companions/recall/r2q_recall_shapetrans_0021_p1.img	r2q/companions/recall/r2q_recall_shapetrans_0021_p2.img	r2q/companions/recall/r2q_recall_shapetrans_0021_p3.img	CIRCLE
R_shapetrans_0022	shapetrans	r2n_shapetrans_0022.img	r2q/companions/recall/r2q_recall_shapetrans_0022_g.img	r2q/companions/recall/r2q_recall_shapetrans_0022_p1.img	r2q/companions/recall/r2q_recall_shapetrans_0022_p2.img	r2q/companions/recall/r2q_recall_shapetrans_0022_p3.img	TRIANGLE
R_shapetrans_0023	shapetrans	r2n_shapetrans_0023.img	r2q/companions/recall/r2q_recall_shapetrans_0023_g.img	r2q/companions/recall/r2q_recall_shapetrans_0023_p1.img	r2q/companions/recall/r2q_recall_shapetrans_0023_p2.img	r2q/companions/recall/r2q_recall_shapetrans_0023_p3.img	SQUARE
R_shapetrans_0024	shapetrans	r2n_shapetrans_0024.img	r2q/companions/recall/r2q_recall_shapetrans_0024_g.img	r2q/companions/recall/r2q_recall_shapetrans_0024_p1.img	r2q/companions/recall/r2q_recall_shapetrans_0024_p2.img	r2q/companions/recall/r2q_recall_shapetrans_0024_p3.img	CIRCLE
R_shapetrans_0025	shapetrans	r2n_shapetrans_0025.img	r2q/companions/recall/r2q_recall_shapetrans_0025_g.img	r2q/companions/recall/r2q_recall_shapetrans_0025_p1.img	r2q/companions/recall/r2q_recall_shapetrans_0025_p2.img	r2q/companions/recall/r2q_recall_shapetrans_0025_p3.img	TRIANGLE
R_shapetrans_0026	shapetrans	r2n_shapetrans_0026.img	r2q/companions/recall/r2q_recall_shapetrans_0026_g.img	r2q/companions/recall/r2q_recall_shapetrans_0026_p1.img	r2q/companions/recall/r2q_recall_shapetrans_0026_p2.img	r2q/companions/recall/r2q_recall_shapetrans_0026_p3.img	SQUARE
R_shapetrans_0027	shapetrans	r2n_shapetrans_0027.img	r2q/companions/recall/r2q_recall_shapetrans_0027_g.img	r2q/companions/recall/r2q_recall_shapetrans_0027_p1.img	r2q/companions/recall/r2q_recall_shapetrans_0027_p2.img	r2q/companions/recall/r2q_recall_shapetrans_0027_p3.img	CIRCLE
R_shapetrans_0028	shapetrans	r2n_shapetrans_0028.img	r2q/companions/recall/r2q_recall_shapetrans_0028_g.img	r2q/companions/recall/r2q_recall_shapetrans_0028_p1.img	r2q/companions/recall/r2q_recall_shapetrans_0028_p2.img	r2q/companions/recall/r2q_recall_shapetrans_0028_p3.img	TRIANGLE
R_shapetrans_0029	shapetrans	r2n_shapetrans_0029.img	r2q/companions/recall/r2q_recall_shapetrans_0029_g.img	r2q/companions/recall/r2q_recall_shapetrans_0029_p1.img	r2q/companions/recall/r2q_recall_shapetrans_0029_p2.img	r2q/companions/recall/r2q_recall_shapetrans_0029_p3.img	SQUARE
R_shapetrans_0030	shapetrans	r2n_shapetrans_0030.img	r2q/companions/recall/r2q_recall_shapetrans_0030_g.img	r2q/companions/recall/r2q_recall_shapetrans_0030_p1.img	r2q/companions/recall/r2q_recall_shapetrans_0030_p2.img	r2q/companions/recall/r2q_recall_shapetrans_0030_p3.img	CIRCLE
R_shapetrans_0031	shapetrans	r2n_shapetrans_0031.img	r2q/companions/recall/r2q_recall_shapetrans_0031_g.img	r2q/companions/recall/r2q_recall_shapetrans_0031_p1.img	r2q/companions/recall/r2q_recall_shapetrans_0031_p2.img	r2q/companions/recall/r2q_recall_shapetrans_0031_p3.img	TRIANGLE
R_shapetrans_0032	shapetrans	r2n_shapetrans_0032.img	r2q/companions/recall/r2q_recall_shapetrans_0032_g.img	r2q/companions/recall/r2q_recall_shapetrans_0032_p1.img	r2q/companions/recall/r2q_recall_shapetrans_0032_p2.img	r2q/companions/recall/r2q_recall_shapetrans_0032_p3.img	SQUARE
R_shapetrans_0033	shapetrans	r2n_shapetrans_0033.img	r2q/companions/recall/r2q_recall_shapetrans_0033_g.img	r2q/companions/recall/r2q_recall_shapetrans_0033_p1.img	r2q/companions/recall/r2q_recall_shapetrans_0033_p2.img	r2q/companions/recall/r2q_recall_shapetrans_0033_p3.img	CIRCLE
R_shapetrans_0034	shapetrans	r2n_shapetrans_0034.img	r2q/companions/recall/r2q_recall_shapetrans_0034_g.img	r2q/companions/recall/r2q_recall_shapetrans_0034_p1.img	r2q/companions/recall/r2q_recall_shapetrans_0034_p2.img	r2q/companions/recall/r2q_recall_shapetrans_0034_p3.img	TRIANGLE
R_shapetrans_0035	shapetrans	r2n_shapetrans_0035.img	r2q/companions/recall/r2q_recall_shapetrans_0035_g.img	r2q/companions/recall/r2q_recall_shapetrans_0035_p1.img	r2q/companions/recall/r2q_recall_shapetrans_0035_p2.img	r2q/companions/recall/r2q_recall_shapetrans_0035_p3.img	SQUARE
R_shapetrans_0036	shapetrans	r2n_shapetrans_0036.img	r2q/companions/recall/r2q_recall_shapetrans_0036_g.img	r2q/companions/recall/r2q_recall_shapetrans_0036_p1.img	r2q/companions/recall/r2q_recall_shapetrans_0036_p2.img	r2q/companions/recall/r2q_recall_shapetrans_0036_p3.img	CIRCLE
R_shapetrans_0037	shapetrans	r2n_shapetrans_0037.img	r2q/companions/recall/r2q_recall_shapetrans_0037_g.img	r2q/companions/recall/r2q_recall_shapetrans_0037_p1.img	r2q/companions/recall/r2q_recall_shapetrans_0037_p2.img	r2q/companions/recall/r2q_recall_shapetrans_0037_p3.img	TRIANGLE
R_shapetrans_0038	shapetrans	r2n_shapetrans_0038.img	r2q/companions/recall/r2q_recall_shapetrans_0038_g.img	r2q/companions/recall/r2q_recall_shapetrans_0038_p1.img	r2q/companions/recall/r2q_recall_shapetrans_0038_p2.img	r2q/companions/recall/r2q_recall_shapetrans_0038_p3.img	SQUARE
R_shapetrans_0039	shapetrans	r2n_shapetrans_0039.img	r2q/companions/recall/r2q_recall_shapetrans_0039_g.img	r2q/companions/recall/r2q_recall_shapetrans_0039_p1.img	r2q/companions/recall/r2q_recall_shapetrans_0039_p2.img	r2q/companions/recall/r2q_recall_shapetrans_0039_p3.img	CIRCLE
R_shapetrans_0040	shapetrans	r2n_shapetrans_0040.img	r2q/companions/recall/r2q_recall_shapetrans_0040_g.img	r2q/companions/recall/r2q_recall_shapetrans_0040_p1.img	r2q/companions/recall/r2q_recall_shapetrans_0040_p2.img	r2q/companions/recall/r2q_recall_shapetrans_0040_p3.img	TRIANGLE
R_shapetrans_0041	shapetrans	r2n_shapetrans_0041.img	r2q/companions/recall/r2q_recall_shapetrans_0041_g.img	r2q/companions/recall/r2q_recall_shapetrans_0041_p1.img	r2q/companions/recall/r2q_recall_shapetrans_0041_p2.img	r2q/companions/recall/r2q_recall_shapetrans_0041_p3.img	SQUARE
R_shapetrans_0042	shapetrans	r2n_shapetrans_0042.img	r2q/companions/recall/r2q_recall_shapetrans_0042_g.img	r2q/companions/recall/r2q_recall_shapetrans_0042_p1.img	r2q/companions/recall/r2q_recall_shapetrans_0042_p2.img	r2q/companions/recall/r2q_recall_shapetrans_0042_p3.img	CIRCLE
R_shapetrans_0043	shapetrans	r2n_shapetrans_0043.img	r2q/companions/recall/r2q_recall_shapetrans_0043_g.img	r2q/companions/recall/r2q_recall_shapetrans_0043_p1.img	r2q/companions/recall/r2q_recall_shapetrans_0043_p2.img	r2q/companions/recall/r2q_recall_shapetrans_0043_p3.img	TRIANGLE
R_shapetrans_0044	shapetrans	r2n_shapetrans_0044.img	r2q/companions/recall/r2q_recall_shapetrans_0044_g.img	r2q/companions/recall/r2q_recall_shapetrans_0044_p1.img	r2q/companions/recall/r2q_recall_shapetrans_0044_p2.img	r2q/companions/recall/r2q_recall_shapetrans_0044_p3.img	SQUARE
R_shapetrans_0045	shapetrans	r2n_shapetrans_0045.img	r2q/companions/recall/r2q_recall_shapetrans_0045_g.img	r2q/companions/recall/r2q_recall_shapetrans_0045_p1.img	r2q/companions/recall/r2q_recall_shapetrans_0045_p2.img	r2q/companions/recall/r2q_recall_shapetrans_0045_p3.img	CIRCLE
R_shapetrans_0046	shapetrans	r2n_shapetrans_0046.img	r2q/companions/recall/r2q_recall_shapetrans_0046_g.img	r2q/companions/recall/r2q_recall_shapetrans_0046_p1.img	r2q/companions/recall/r2q_recall_shapetrans_0046_p2.img	r2q/companions/recall/r2q_recall_shapetrans_0046_p3.img	TRIANGLE
R_shapetrans_0047	shapetrans	r2n_shapetrans_0047.img	r2q/companions/recall/r2q_recall_shapetrans_0047_g.img	r2q/companions/recall/r2q_recall_shapetrans_0047_p1.img	r2q/companions/recall/r2q_recall_shapetrans_0047_p2.img	r2q/companions/recall/r2q_recall_shapetrans_0047_p3.img	SQUARE
R_shapetrans_0048	shapetrans	r2n_shapetrans_0048.img	r2q/companions/recall/r2q_recall_shapetrans_0048_g.img	r2q/companions/recall/r2q_recall_shapetrans_0048_p1.img	r2q/companions/recall/r2q_recall_shapetrans_0048_p2.img	r2q/companions/recall/r2q_recall_shapetrans_0048_p3.img	CIRCLE
R_shapetrans_0049	shapetrans	r2n_shapetrans_0049.img	r2q/companions/recall/r2q_recall_shapetrans_0049_g.img	r2q/companions/recall/r2q_recall_shapetrans_0049_p1.img	r2q/companions/recall/r2q_recall_shapetrans_0049_p2.img	r2q/companions/recall/r2q_recall_shapetrans_0049_p3.img	TRIANGLE
R_shapetrans_0050	shapetrans	r2n_shapetrans_0050.img	r2q/companions/recall/r2q_recall_shapetrans_0050_g.img	r2q/companions/recall/r2q_recall_shapetrans_0050_p1.img	r2q/companions/recall/r2q_recall_shapetrans_0050_p2.img	r2q/companions/recall/r2q_recall_shapetrans_0050_p3.img	SQUARE
R_shapetrans_0051	shapetrans	r2n_shapetrans_0051.img	r2q/companions/recall/r2q_recall_shapetrans_0051_g.img	r2q/companions/recall/r2q_recall_shapetrans_0051_p1.img	r2q/companions/recall/r2q_recall_shapetrans_0051_p2.img	r2q/companions/recall/r2q_recall_shapetrans_0051_p3.img	CIRCLE
R_shapetrans_0052	shapetrans	r2n_shapetrans_0052.img	r2q/companions/recall/r2q_recall_shapetrans_0052_g.img	r2q/companions/recall/r2q_recall_shapetrans_0052_p1.img	r2q/companions/recall/r2q_recall_shapetrans_0052_p2.img	r2q/companions/recall/r2q_recall_shapetrans_0052_p3.img	TRIANGLE
R_shapetrans_0053	shapetrans	r2n_shapetrans_0053.img	r2q/companions/recall/r2q_recall_shapetrans_0053_g.img	r2q/companions/recall/r2q_recall_shapetrans_0053_p1.img	r2q/companions/recall/r2q_recall_shapetrans_0053_p2.img	r2q/companions/recall/r2q_recall_shapetrans_0053_p3.img	SQUARE
R_shapetrans_0054	shapetrans	r2n_shapetrans_0054.img	r2q/companions/recall/r2q_recall_shapetrans_0054_g.img	r2q/companions/recall/r2q_recall_shapetrans_0054_p1.img	r2q/companions/recall/r2q_recall_shapetrans_0054_p2.img	r2q/companions/recall/r2q_recall_shapetrans_0054_p3.img	CIRCLE
R_shapetrans_0055	shapetrans	r2n_shapetrans_0055.img	r2q/companions/recall/r2q_recall_shapetrans_0055_g.img	r2q/companions/recall/r2q_recall_shapetrans_0055_p1.img	r2q/companions/recall/r2q_recall_shapetrans_0055_p2.img	r2q/companions/recall/r2q_recall_shapetrans_0055_p3.img	TRIANGLE
R_shapetrans_0056	shapetrans	r2n_shapetrans_0056.img	r2q/companions/recall/r2q_recall_shapetrans_0056_g.img	r2q/companions/recall/r2q_recall_shapetrans_0056_p1.img	r2q/companions/recall/r2q_recall_shapetrans_0056_p2.img	r2q/companions/recall/r2q_recall_shapetrans_0056_p3.img	SQUARE
R_shapetrans_0057	shapetrans	r2n_shapetrans_0057.img	r2q/companions/recall/r2q_recall_shapetrans_0057_g.img	r2q/companions/recall/r2q_recall_shapetrans_0057_p1.img	r2q/companions/recall/r2q_recall_shapetrans_0057_p2.img	r2q/companions/recall/r2q_recall_shapetrans_0057_p3.img	CIRCLE
R_shapetrans_0058	shapetrans	r2n_shapetrans_0058.img	r2q/companions/recall/r2q_recall_shapetrans_0058_g.img	r2q/companions/recall/r2q_recall_shapetrans_0058_p1.img	r2q/companions/recall/r2q_recall_shapetrans_0058_p2.img	r2q/companions/recall/r2q_recall_shapetrans_0058_p3.img	TRIANGLE
R_shapetrans_0059	shapetrans	r2n_shapetrans_0059.img	r2q/companions/recall/r2q_recall_shapetrans_0059_g.img	r2q/companions/recall/r2q_recall_shapetrans_0059_p1.img	r2q/companions/recall/r2q_recall_shapetrans_0059_p2.img	r2q/companions/recall/r2q_recall_shapetrans_0059_p3.img	SQUARE
R_shapetrans_0060	shapetrans	r2n_shapetrans_0060.img	r2q/companions/recall/r2q_recall_shapetrans_0060_g.img	r2q/companions/recall/r2q_recall_shapetrans_0060_p1.img	r2q/companions/recall/r2q_recall_shapetrans_0060_p2.img	r2q/companions/recall/r2q_recall_shapetrans_0060_p3.img	CIRCLE
R_shapetrans_0061	shapetrans	r2n_shapetrans_0061.img	r2q/companions/recall/r2q_recall_shapetrans_0061_g.img	r2q/companions/recall/r2q_recall_shapetrans_0061_p1.img	r2q/companions/recall/r2q_recall_shapetrans_0061_p2.img	r2q/companions/recall/r2q_recall_shapetrans_0061_p3.img	TRIANGLE
R_shapetrans_0062	shapetrans	r2n_shapetrans_0062.img	r2q/companions/recall/r2q_recall_shapetrans_0062_g.img	r2q/companions/recall/r2q_recall_shapetrans_0062_p1.img	r2q/companions/recall/r2q_recall_shapetrans_0062_p2.img	r2q/companions/recall/r2q_recall_shapetrans_0062_p3.img	SQUARE
R_shapetrans_0063	shapetrans	r2n_shapetrans_0063.img	r2q/companions/recall/r2q_recall_shapetrans_0063_g.img	r2q/companions/recall/r2q_recall_shapetrans_0063_p1.img	r2q/companions/recall/r2q_recall_shapetrans_0063_p2.img	r2q/companions/recall/r2q_recall_shapetrans_0063_p3.img	CIRCLE
R_shapetrans_0064	shapetrans	r2n_shapetrans_0064.img	r2q/companions/recall/r2q_recall_shapetrans_0064_g.img	r2q/companions/recall/r2q_recall_shapetrans_0064_p1.img	r2q/companions/recall/r2q_recall_shapetrans_0064_p2.img	r2q/companions/recall/r2q_recall_shapetrans_0064_p3.img	TRIANGLE
R_shapetrans_0065	shapetrans	r2n_shapetrans_0065.img	r2q/companions/recall/r2q_recall_shapetrans_0065_g.img	r2q/companions/recall/r2q_recall_shapetrans_0065_p1.img	r2q/companions/recall/r2q_recall_shapetrans_0065_p2.img	r2q/companions/recall/r2q_recall_shapetrans_0065_p3.img	SQUARE
R_shapetrans_0066	shapetrans	r2n_shapetrans_0066.img	r2q/companions/recall/r2q_recall_shapetrans_0066_g.img	r2q/companions/recall/r2q_recall_shapetrans_0066_p1.img	r2q/companions/recall/r2q_recall_shapetrans_0066_p2.img	r2q/companions/recall/r2q_recall_shapetrans_0066_p3.img	CIRCLE
R_shapetrans_0067	shapetrans	r2n_shapetrans_0067.img	r2q/companions/recall/r2q_recall_shapetrans_0067_g.img	r2q/companions/recall/r2q_recall_shapetrans_0067_p1.img	r2q/companions/recall/r2q_recall_shapetrans_0067_p2.img	r2q/companions/recall/r2q_recall_shapetrans_0067_p3.img	TRIANGLE
R_shapetrans_0068	shapetrans	r2n_shapetrans_0068.img	r2q/companions/recall/r2q_recall_shapetrans_0068_g.img	r2q/companions/recall/r2q_recall_shapetrans_0068_p1.img	r2q/companions/recall/r2q_recall_shapetrans_0068_p2.img	r2q/companions/recall/r2q_recall_shapetrans_0068_p3.img	SQUARE
R_shapetrans_0069	shapetrans	r2n_shapetrans_0069.img	r2q/companions/recall/r2q_recall_shapetrans_0069_g.img	r2q/companions/recall/r2q_recall_shapetrans_0069_p1.img	r2q/companions/recall/r2q_recall_shapetrans_0069_p2.img	r2q/companions/recall/r2q_recall_shapetrans_0069_p3.img	CIRCLE
R_shapetrans_0070	shapetrans	r2n_shapetrans_0070.img	r2q/companions/recall/r2q_recall_shapetrans_0070_g.img	r2q/companions/recall/r2q_recall_shapetrans_0070_p1.img	r2q/companions/recall/r2q_recall_shapetrans_0070_p2.img	r2q/companions/recall/r2q_recall_shapetrans_0070_p3.img	TRIANGLE
R_shapetrans_0071	shapetrans	r2n_shapetrans_0071.img	r2q/companions/recall/r2q_recall_shapetrans_0071_g.img	r2q/companions/recall/r2q_recall_shapetrans_0071_p1.img	r2q/companions/recall/r2q_recall_shapetrans_0071_p2.img	r2q/companions/recall/r2q_recall_shapetrans_0071_p3.img	SQUARE
R_shapetrans_0072	shapetrans	r2n_shapetrans_0072.img	r2q/companions/recall/r2q_recall_shapetrans_0072_g.img	r2q/companions/recall/r2q_recall_shapetrans_0072_p1.img	r2q/companions/recall/r2q_recall_shapetrans_0072_p2.img	r2q/companions/recall/r2q_recall_shapetrans_0072_p3.img	CIRCLE
R_shapetrans_0073	shapetrans	r2n_shapetrans_0073.img	r2q/companions/recall/r2q_recall_shapetrans_0073_g.img	r2q/companions/recall/r2q_recall_shapetrans_0073_p1.img	r2q/companions/recall/r2q_recall_shapetrans_0073_p2.img	r2q/companions/recall/r2q_recall_shapetrans_0073_p3.img	TRIANGLE
R_shapetrans_0074	shapetrans	r2n_shapetrans_0074.img	r2q/companions/recall/r2q_recall_shapetrans_0074_g.img	r2q/companions/recall/r2q_recall_shapetrans_0074_p1.img	r2q/companions/recall/r2q_recall_shapetrans_0074_p2.img	r2q/companions/recall/r2q_recall_shapetrans_0074_p3.img	SQUARE
R_shapetrans_0075	shapetrans	r2n_shapetrans_0075.img	r2q/companions/recall/r2q_recall_shapetrans_0075_g.img	r2q/companions/recall/r2q_recall_shapetrans_0075_p1.img	r2q/companions/recall/r2q_recall_shapetrans_0075_p2.img	r2q/companions/recall/r2q_recall_shapetrans_0075_p3.img	CIRCLE
R_shapetrans_0076	shapetrans	r2n_shapetrans_0076.img	r2q/companions/recall/r2q_recall_shapetrans_0076_g.img	r2q/companions/recall/r2q_recall_shapetrans_0076_p1.img	r2q/companions/recall/r2q_recall_shapetrans_0076_p2.img	r2q/companions/recall/r2q_recall_shapetrans_0076_p3.img	TRIANGLE
R_shapetrans_0077	shapetrans	r2n_shapetrans_0077.img	r2q/companions/recall/r2q_recall_shapetrans_0077_g.img	r2q/companions/recall/r2q_recall_shapetrans_0077_p1.img	r2q/companions/recall/r2q_recall_shapetrans_0077_p2.img	r2q/companions/recall/r2q_recall_shapetrans_0077_p3.img	SQUARE
R_shapetrans_0078	shapetrans	r2n_shapetrans_0078.img	r2q/companions/recall/r2q_recall_shapetrans_0078_g.img	r2q/companions/recall/r2q_recall_shapetrans_0078_p1.img	r2q/companions/recall/r2q_recall_shapetrans_0078_p2.img	r2q/companions/recall/r2q_recall_shapetrans_0078_p3.img	CIRCLE
R_shapetrans_0079	shapetrans	r2n_shapetrans_0079.img	r2q/companions/recall/r2q_recall_shapetrans_0079_g.img	r2q/companions/recall/r2q_recall_shapetrans_0079_p1.img	r2q/companions/recall/r2q_recall_shapetrans_0079_p2.img	r2q/companions/recall/r2q_recall_shapetrans_0079_p3.img	TRIANGLE
R_shapetrans_0080	shapetrans	r2n_shapetrans_0080.img	r2q/companions/recall/r2q_recall_shapetrans_0080_g.img	r2q/companions/recall/r2q_recall_shapetrans_0080_p1.img	r2q/companions/recall/r2q_recall_shapetrans_0080_p2.img	r2q/companions/recall/r2q_recall_shapetrans_0080_p3.img	SQUARE
R_shapetrans_0081	shapetrans	r2n_shapetrans_0081.img	r2q/companions/recall/r2q_recall_shapetrans_0081_g.img	r2q/companions/recall/r2q_recall_shapetrans_0081_p1.img	r2q/companions/recall/r2q_recall_shapetrans_0081_p2.img	r2q/companions/recall/r2q_recall_shapetrans_0081_p3.img	CIRCLE
R_shapetrans_0082	shapetrans	r2n_shapetrans_0082.img	r2q/companions/recall/r2q_recall_shapetrans_0082_g.img	r2q/companions/recall/r2q_recall_shapetrans_0082_p1.img	r2q/companions/recall/r2q_recall_shapetrans_0082_p2.img	r2q/companions/recall/r2q_recall_shapetrans_0082_p3.img	TRIANGLE
R_shapetrans_0083	shapetrans	r2n_shapetrans_0083.img	r2q/companions/recall/r2q_recall_shapetrans_0083_g.img	r2q/companions/recall/r2q_recall_shapetrans_0083_p1.img	r2q/companions/recall/r2q_recall_shapetrans_0083_p2.img	r2q/companions/recall/r2q_recall_shapetrans_0083_p3.img	SQUARE
R_shapetrans_0084	shapetrans	r2n_shapetrans_0084.img	r2q/companions/recall/r2q_recall_shapetrans_0084_g.img	r2q/companions/recall/r2q_recall_shapetrans_0084_p1.img	r2q/companions/recall/r2q_recall_shapetrans_0084_p2.img	r2q/companions/recall/r2q_recall_shapetrans_0084_p3.img	CIRCLE
R_shapetrans_0085	shapetrans	r2n_shapetrans_0085.img	r2q/companions/recall/r2q_recall_shapetrans_0085_g.img	r2q/companions/recall/r2q_recall_shapetrans_0085_p1.img	r2q/companions/recall/r2q_recall_shapetrans_0085_p2.img	r2q/companions/recall/r2q_recall_shapetrans_0085_p3.img	TRIANGLE
R_shapetrans_0086	shapetrans	r2n_shapetrans_0086.img	r2q/companions/recall/r2q_recall_shapetrans_0086_g.img	r2q/companions/recall/r2q_recall_shapetrans_0086_p1.img	r2q/companions/recall/r2q_recall_shapetrans_0086_p2.img	r2q/companions/recall/r2q_recall_shapetrans_0086_p3.img	SQUARE
R_shapetrans_0087	shapetrans	r2n_shapetrans_0087.img	r2q/companions/recall/r2q_recall_shapetrans_0087_g.img	r2q/companions/recall/r2q_recall_shapetrans_0087_p1.img	r2q/companions/recall/r2q_recall_shapetrans_0087_p2.img	r2q/companions/recall/r2q_recall_shapetrans_0087_p3.img	CIRCLE
R_shapetrans_0088	shapetrans	r2n_shapetrans_0088.img	r2q/companions/recall/r2q_recall_shapetrans_0088_g.img	r2q/companions/recall/r2q_recall_shapetrans_0088_p1.img	r2q/companions/recall/r2q_recall_shapetrans_0088_p2.img	r2q/companions/recall/r2q_recall_shapetrans_0088_p3.img	TRIANGLE
R_shapetrans_0089	shapetrans	r2n_shapetrans_0089.img	r2q/companions/recall/r2q_recall_shapetrans_0089_g.img	r2q/companions/recall/r2q_recall_shapetrans_0089_p1.img	r2q/companions/recall/r2q_recall_shapetrans_0089_p2.img	r2q/companions/recall/r2q_recall_shapetrans_0089_p3.img	SQUARE
R_shapetrans_0090	shapetrans	r2n_shapetrans_0090.img	r2q/companions/recall/r2q_recall_shapetrans_0090_g.img	r2q/companions/recall/r2q_recall_shapetrans_0090_p1.img	r2q/companions/recall/r2q_recall_shapetrans_0090_p2.img	r2q/companions/recall/r2q_recall_shapetrans_0090_p3.img	CIRCLE
R_shapetrans_0091	shapetrans	r2n_shapetrans_0091.img	r2q/companions/recall/r2q_recall_shapetrans_0091_g.img	r2q/companions/recall/r2q_recall_shapetrans_0091_p1.img	r2q/companions/recall/r2q_recall_shapetrans_0091_p2.img	r2q/companions/recall/r2q_recall_shapetrans_0091_p3.img	TRIANGLE
R_shapetrans_0092	shapetrans	r2n_shapetrans_0092.img	r2q/companions/recall/r2q_recall_shapetrans_0092_g.img	r2q/companions/recall/r2q_recall_shapetrans_0092_p1.img	r2q/companions/recall/r2q_recall_shapetrans_0092_p2.img	r2q/companions/recall/r2q_recall_shapetrans_0092_p3.img	SQUARE
R_shapetrans_0093	shapetrans	r2n_shapetrans_0093.img	r2q/companions/recall/r2q_recall_shapetrans_0093_g.img	r2q/companions/recall/r2q_recall_shapetrans_0093_p1.img	r2q/companions/recall/r2q_recall_shapetrans_0093_p2.img	r2q/companions/recall/r2q_recall_shapetrans_0093_p3.img	CIRCLE
R_shapetrans_0094	shapetrans	r2n_shapetrans_0094.img	r2q/companions/recall/r2q_recall_shapetrans_0094_g.img	r2q/companions/recall/r2q_recall_shapetrans_0094_p1.img	r2q/companions/recall/r2q_recall_shapetrans_0094_p2.img	r2q/companions/recall/r2q_recall_shapetrans_0094_p3.img	TRIANGLE
R_shapetrans_0095	shapetrans	r2n_shapetrans_0095.img	r2q/companions/recall/r2q_recall_shapetrans_0095_g.img	r2q/companions/recall/r2q_recall_shapetrans_0095_p1.img	r2q/companions/recall/r2q_recall_shapetrans_0095_p2.img	r2q/companions/recall/r2q_recall_shapetrans_0095_p3.img	SQUARE
R_shapetrans_0096	shapetrans	r2n_shapetrans_0096.img	r2q/companions/recall/r2q_recall_shapetrans_0096_g.img	r2q/companions/recall/r2q_recall_shapetrans_0096_p1.img	r2q/companions/recall/r2q_recall_shapetrans_0096_p2.img	r2q/companions/recall/r2q_recall_shapetrans_0096_p3.img	CIRCLE
R_shapetrans_0097	shapetrans	r2n_shapetrans_0097.img	r2q/companions/recall/r2q_recall_shapetrans_0097_g.img	r2q/companions/recall/r2q_recall_shapetrans_0097_p1.img	r2q/companions/recall/r2q_recall_shapetrans_0097_p2.img	r2q/companions/recall/r2q_recall_shapetrans_0097_p3.img	TRIANGLE
R_shapetrans_0098	shapetrans	r2n_shapetrans_0098.img	r2q/companions/recall/r2q_recall_shapetrans_0098_g.img	r2q/companions/recall/r2q_recall_shapetrans_0098_p1.img	r2q/companions/recall/r2q_recall_shapetrans_0098_p2.img	r2q/companions/recall/r2q_recall_shapetrans_0098_p3.img	SQUARE
R_shapetrans_0099	shapetrans	r2n_shapetrans_0099.img	r2q/companions/recall/r2q_recall_shapetrans_0099_g.img	r2q/companions/recall/r2q_recall_shapetrans_0099_p1.img	r2q/companions/recall/r2q_recall_shapetrans_0099_p2.img	r2q/companions/recall/r2q_recall_shapetrans_0099_p3.img	CIRCLE
R_shapetrans_0100	shapetrans	r2n_shapetrans_0100.img	r2q/companions/recall/r2q_recall_shapetrans_0100_g.img	r2q/companions/recall/r2q_recall_shapetrans_0100_p1.img	r2q/companions/recall/r2q_recall_shapetrans_0100_p2.img	r2q/companions/recall/r2q_recall_shapetrans_0100_p3.img	TRIANGLE
R_shapetrans_0101	shapetrans	r2n_shapetrans_0101.img	r2q/companions/recall/r2q_recall_shapetrans_0101_g.img	r2q/companions/recall/r2q_recall_shapetrans_0101_p1.img	r2q/companions/recall/r2q_recall_shapetrans_0101_p2.img	r2q/companions/recall/r2q_recall_shapetrans_0101_p3.img	SQUARE
R_shapetrans_0102	shapetrans	r2n_shapetrans_0102.img	r2q/companions/recall/r2q_recall_shapetrans_0102_g.img	r2q/companions/recall/r2q_recall_shapetrans_0102_p1.img	r2q/companions/recall/r2q_recall_shapetrans_0102_p2.img	r2q/companions/recall/r2q_recall_shapetrans_0102_p3.img	CIRCLE
R_shapetrans_0103	shapetrans	r2n_shapetrans_0103.img	r2q/companions/recall/r2q_recall_shapetrans_0103_g.img	r2q/companions/recall/r2q_recall_shapetrans_0103_p1.img	r2q/companions/recall/r2q_recall_shapetrans_0103_p2.img	r2q/companions/recall/r2q_recall_shapetrans_0103_p3.img	TRIANGLE
R_shapetrans_0104	shapetrans	r2n_shapetrans_0104.img	r2q/companions/recall/r2q_recall_shapetrans_0104_g.img	r2q/companions/recall/r2q_recall_shapetrans_0104_p1.img	r2q/companions/recall/r2q_recall_shapetrans_0104_p2.img	r2q/companions/recall/r2q_recall_shapetrans_0104_p3.img	SQUARE
R_shapetrans_0105	shapetrans	r2n_shapetrans_0105.img	r2q/companions/recall/r2q_recall_shapetrans_0105_g.img	r2q/companions/recall/r2q_recall_shapetrans_0105_p1.img	r2q/companions/recall/r2q_recall_shapetrans_0105_p2.img	r2q/companions/recall/r2q_recall_shapetrans_0105_p3.img	CIRCLE
R_shapetrans_0106	shapetrans	r2n_shapetrans_0106.img	r2q/companions/recall/r2q_recall_shapetrans_0106_g.img	r2q/companions/recall/r2q_recall_shapetrans_0106_p1.img	r2q/companions/recall/r2q_recall_shapetrans_0106_p2.img	r2q/companions/recall/r2q_recall_shapetrans_0106_p3.img	TRIANGLE
R_shapetrans_0107	shapetrans	r2n_shapetrans_0107.img	r2q/companions/recall/r2q_recall_shapetrans_0107_g.img	r2q/companions/recall/r2q_recall_shapetrans_0107_p1.img	r2q/companions/recall/r2q_recall_shapetrans_0107_p2.img	r2q/companions/recall/r2q_recall_shapetrans_0107_p3.img	SQUARE
R_shapetrans_0108	shapetrans	r2n_shapetrans_0108.img	r2q/companions/recall/r2q_recall_shapetrans_0108_g.img	r2q/companions/recall/r2q_recall_shapetrans_0108_p1.img	r2q/companions/recall/r2q_recall_shapetrans_0108_p2.img	r2q/companions/recall/r2q_recall_shapetrans_0108_p3.img	CIRCLE
R_shapetrans_0109	shapetrans	r2n_shapetrans_0109.img	r2q/companions/recall/r2q_recall_shapetrans_0109_g.img	r2q/companions/recall/r2q_recall_shapetrans_0109_p1.img	r2q/companions/recall/r2q_recall_shapetrans_0109_p2.img	r2q/companions/recall/r2q_recall_shapetrans_0109_p3.img	TRIANGLE
R_shapetrans_0110	shapetrans	r2n_shapetrans_0110.img	r2q/companions/recall/r2q_recall_shapetrans_0110_g.img	r2q/companions/recall/r2q_recall_shapetrans_0110_p1.img	r2q/companions/recall/r2q_recall_shapetrans_0110_p2.img	r2q/companions/recall/r2q_recall_shapetrans_0110_p3.img	SQUARE
R_shapetrans_0111	shapetrans	r2n_shapetrans_0111.img	r2q/companions/recall/r2q_recall_shapetrans_0111_g.img	r2q/companions/recall/r2q_recall_shapetrans_0111_p1.img	r2q/companions/recall/r2q_recall_shapetrans_0111_p2.img	r2q/companions/recall/r2q_recall_shapetrans_0111_p3.img	CIRCLE
R_shapetrans_0112	shapetrans	r2n_shapetrans_0112.img	r2q/companions/recall/r2q_recall_shapetrans_0112_g.img	r2q/companions/recall/r2q_recall_shapetrans_0112_p1.img	r2q/companions/recall/r2q_recall_shapetrans_0112_p2.img	r2q/companions/recall/r2q_recall_shapetrans_0112_p3.img	TRIANGLE
R_shapetrans_0113	shapetrans	r2n_shapetrans_0113.img	r2q/companions/recall/r2q_recall_shapetrans_0113_g.img	r2q/companions/recall/r2q_recall_shapetrans_0113_p1.img	r2q/companions/recall/r2q_recall_shapetrans_0113_p2.img	r2q/companions/recall/r2q_recall_shapetrans_0113_p3.img	SQUARE
R_shapetrans_0114	shapetrans	r2n_shapetrans_0114.img	r2q/companions/recall/r2q_recall_shapetrans_0114_g.img	r2q/companions/recall/r2q_recall_shapetrans_0114_p1.img	r2q/companions/recall/r2q_recall_shapetrans_0114_p2.img	r2q/companions/recall/r2q_recall_shapetrans_0114_p3.img	CIRCLE
R_shapetrans_0115	shapetrans	r2n_shapetrans_0115.img	r2q/companions/recall/r2q_recall_shapetrans_0115_g.img	r2q/companions/recall/r2q_recall_shapetrans_0115_p1.img	r2q/companions/recall/r2q_recall_shapetrans_0115_p2.img	r2q/companions/recall/r2q_recall_shapetrans_0115_p3.img	TRIANGLE
R_shapetrans_0116	shapetrans	r2n_shapetrans_0116.img	r2q/companions/recall/r2q_recall_shapetrans_0116_g.img	r2q/companions/recall/r2q_recall_shapetrans_0116_p1.img	r2q/companions/recall/r2q_recall_shapetrans_0116_p2.img	r2q/companions/recall/r2q_recall_shapetrans_0116_p3.img	SQUARE
R_shapetrans_0117	shapetrans	r2n_shapetrans_0117.img	r2q/companions/recall/r2q_recall_shapetrans_0117_g.img	r2q/companions/recall/r2q_recall_shapetrans_0117_p1.img	r2q/companions/recall/r2q_recall_shapetrans_0117_p2.img	r2q/companions/recall/r2q_recall_shapetrans_0117_p3.img	CIRCLE
R_shapetrans_0118	shapetrans	r2n_shapetrans_0118.img	r2q/companions/recall/r2q_recall_shapetrans_0118_g.img	r2q/companions/recall/r2q_recall_shapetrans_0118_p1.img	r2q/companions/recall/r2q_recall_shapetrans_0118_p2.img	r2q/companions/recall/r2q_recall_shapetrans_0118_p3.img	TRIANGLE
R_shapetrans_0119	shapetrans	r2n_shapetrans_0119.img	r2q/companions/recall/r2q_recall_shapetrans_0119_g.img	r2q/companions/recall/r2q_recall_shapetrans_0119_p1.img	r2q/companions/recall/r2q_recall_shapetrans_0119_p2.img	r2q/companions/recall/r2q_recall_shapetrans_0119_p3.img	SQUARE
R_shapetrans_0120	shapetrans	r2n_shapetrans_0120.img	r2q/companions/recall/r2q_recall_shapetrans_0120_g.img	r2q/companions/recall/r2q_recall_shapetrans_0120_p1.img	r2q/companions/recall/r2q_recall_shapetrans_0120_p2.img	r2q/companions/recall/r2q_recall_shapetrans_0120_p3.img	CIRCLE
R_shapetrans_0121	shapetrans	r2n_shapetrans_0121.img	r2q/companions/recall/r2q_recall_shapetrans_0121_g.img	r2q/companions/recall/r2q_recall_shapetrans_0121_p1.img	r2q/companions/recall/r2q_recall_shapetrans_0121_p2.img	r2q/companions/recall/r2q_recall_shapetrans_0121_p3.img	TRIANGLE
R_shapetrans_0122	shapetrans	r2n_shapetrans_0122.img	r2q/companions/recall/r2q_recall_shapetrans_0122_g.img	r2q/companions/recall/r2q_recall_shapetrans_0122_p1.img	r2q/companions/recall/r2q_recall_shapetrans_0122_p2.img	r2q/companions/recall/r2q_recall_shapetrans_0122_p3.img	SQUARE
R_shapetrans_0123	shapetrans	r2n_shapetrans_0123.img	r2q/companions/recall/r2q_recall_shapetrans_0123_g.img	r2q/companions/recall/r2q_recall_shapetrans_0123_p1.img	r2q/companions/recall/r2q_recall_shapetrans_0123_p2.img	r2q/companions/recall/r2q_recall_shapetrans_0123_p3.img	CIRCLE
R_shapetrans_0124	shapetrans	r2n_shapetrans_0124.img	r2q/companions/recall/r2q_recall_shapetrans_0124_g.img	r2q/companions/recall/r2q_recall_shapetrans_0124_p1.img	r2q/companions/recall/r2q_recall_shapetrans_0124_p2.img	r2q/companions/recall/r2q_recall_shapetrans_0124_p3.img	TRIANGLE
R_shapetrans_0125	shapetrans	r2n_shapetrans_0125.img	r2q/companions/recall/r2q_recall_shapetrans_0125_g.img	r2q/companions/recall/r2q_recall_shapetrans_0125_p1.img	r2q/companions/recall/r2q_recall_shapetrans_0125_p2.img	r2q/companions/recall/r2q_recall_shapetrans_0125_p3.img	SQUARE
R_shapetrans_0126	shapetrans	r2n_shapetrans_0126.img	r2q/companions/recall/r2q_recall_shapetrans_0126_g.img	r2q/companions/recall/r2q_recall_shapetrans_0126_p1.img	r2q/companions/recall/r2q_recall_shapetrans_0126_p2.img	r2q/companions/recall/r2q_recall_shapetrans_0126_p3.img	CIRCLE
R_shapetrans_0127	shapetrans	r2n_shapetrans_0127.img	r2q/companions/recall/r2q_recall_shapetrans_0127_g.img	r2q/companions/recall/r2q_recall_shapetrans_0127_p1.img	r2q/companions/recall/r2q_recall_shapetrans_0127_p2.img	r2q/companions/recall/r2q_recall_shapetrans_0127_p3.img	TRIANGLE
R_shapetrans_0128	shapetrans	r2n_shapetrans_0128.img	r2q/companions/recall/r2q_recall_shapetrans_0128_g.img	r2q/companions/recall/r2q_recall_shapetrans_0128_p1.img	r2q/companions/recall/r2q_recall_shapetrans_0128_p2.img	r2q/companions/recall/r2q_recall_shapetrans_0128_p3.img	SQUARE
R_shapetrans_0129	shapetrans	r2n_shapetrans_0129.img	r2q/companions/recall/r2q_recall_shapetrans_0129_g.img	r2q/companions/recall/r2q_recall_shapetrans_0129_p1.img	r2q/companions/recall/r2q_recall_shapetrans_0129_p2.img	r2q/companions/recall/r2q_recall_shapetrans_0129_p3.img	CIRCLE
R_shapetrans_0130	shapetrans	r2n_shapetrans_0130.img	r2q/companions/recall/r2q_recall_shapetrans_0130_g.img	r2q/companions/recall/r2q_recall_shapetrans_0130_p1.img	r2q/companions/recall/r2q_recall_shapetrans_0130_p2.img	r2q/companions/recall/r2q_recall_shapetrans_0130_p3.img	TRIANGLE
R_shapetrans_0131	shapetrans	r2n_shapetrans_0131.img	r2q/companions/recall/r2q_recall_shapetrans_0131_g.img	r2q/companions/recall/r2q_recall_shapetrans_0131_p1.img	r2q/companions/recall/r2q_recall_shapetrans_0131_p2.img	r2q/companions/recall/r2q_recall_shapetrans_0131_p3.img	SQUARE
R_shapetrans_0132	shapetrans	r2n_shapetrans_0132.img	r2q/companions/recall/r2q_recall_shapetrans_0132_g.img	r2q/companions/recall/r2q_recall_shapetrans_0132_p1.img	r2q/companions/recall/r2q_recall_shapetrans_0132_p2.img	r2q/companions/recall/r2q_recall_shapetrans_0132_p3.img	CIRCLE
R_shapetrans_0133	shapetrans	r2n_shapetrans_0133.img	r2q/companions/recall/r2q_recall_shapetrans_0133_g.img	r2q/companions/recall/r2q_recall_shapetrans_0133_p1.img	r2q/companions/recall/r2q_recall_shapetrans_0133_p2.img	r2q/companions/recall/r2q_recall_shapetrans_0133_p3.img	TRIANGLE
R_shapetrans_0134	shapetrans	r2n_shapetrans_0134.img	r2q/companions/recall/r2q_recall_shapetrans_0134_g.img	r2q/companions/recall/r2q_recall_shapetrans_0134_p1.img	r2q/companions/recall/r2q_recall_shapetrans_0134_p2.img	r2q/companions/recall/r2q_recall_shapetrans_0134_p3.img	SQUARE
R_shapetrans_0135	shapetrans	r2n_shapetrans_0135.img	r2q/companions/recall/r2q_recall_shapetrans_0135_g.img	r2q/companions/recall/r2q_recall_shapetrans_0135_p1.img	r2q/companions/recall/r2q_recall_shapetrans_0135_p2.img	r2q/companions/recall/r2q_recall_shapetrans_0135_p3.img	CIRCLE
R_shapetrans_0136	shapetrans	r2n_shapetrans_0136.img	r2q/companions/recall/r2q_recall_shapetrans_0136_g.img	r2q/companions/recall/r2q_recall_shapetrans_0136_p1.img	r2q/companions/recall/r2q_recall_shapetrans_0136_p2.img	r2q/companions/recall/r2q_recall_shapetrans_0136_p3.img	TRIANGLE
R_shapetrans_0137	shapetrans	r2n_shapetrans_0137.img	r2q/companions/recall/r2q_recall_shapetrans_0137_g.img	r2q/companions/recall/r2q_recall_shapetrans_0137_p1.img	r2q/companions/recall/r2q_recall_shapetrans_0137_p2.img	r2q/companions/recall/r2q_recall_shapetrans_0137_p3.img	SQUARE
R_shapetrans_0138	shapetrans	r2n_shapetrans_0138.img	r2q/companions/recall/r2q_recall_shapetrans_0138_g.img	r2q/companions/recall/r2q_recall_shapetrans_0138_p1.img	r2q/companions/recall/r2q_recall_shapetrans_0138_p2.img	r2q/companions/recall/r2q_recall_shapetrans_0138_p3.img	CIRCLE
R_shapetrans_0139	shapetrans	r2n_shapetrans_0139.img	r2q/companions/recall/r2q_recall_shapetrans_0139_g.img	r2q/companions/recall/r2q_recall_shapetrans_0139_p1.img	r2q/companions/recall/r2q_recall_shapetrans_0139_p2.img	r2q/companions/recall/r2q_recall_shapetrans_0139_p3.img	TRIANGLE
R_shapetrans_0140	shapetrans	r2n_shapetrans_0140.img	r2q/companions/recall/r2q_recall_shapetrans_0140_g.img	r2q/companions/recall/r2q_recall_shapetrans_0140_p1.img	r2q/companions/recall/r2q_recall_shapetrans_0140_p2.img	r2q/companions/recall/r2q_recall_shapetrans_0140_p3.img	SQUARE
R_shapetrans_0141	shapetrans	r2n_shapetrans_0141.img	r2q/companions/recall/r2q_recall_shapetrans_0141_g.img	r2q/companions/recall/r2q_recall_shapetrans_0141_p1.img	r2q/companions/recall/r2q_recall_shapetrans_0141_p2.img	r2q/companions/recall/r2q_recall_shapetrans_0141_p3.img	CIRCLE
R_shapetrans_0142	shapetrans	r2n_shapetrans_0142.img	r2q/companions/recall/r2q_recall_shapetrans_0142_g.img	r2q/companions/recall/r2q_recall_shapetrans_0142_p1.img	r2q/companions/recall/r2q_recall_shapetrans_0142_p2.img	r2q/companions/recall/r2q_recall_shapetrans_0142_p3.img	TRIANGLE
R_shapetrans_0143	shapetrans	r2n_shapetrans_0143.img	r2q/companions/recall/r2q_recall_shapetrans_0143_g.img	r2q/companions/recall/r2q_recall_shapetrans_0143_p1.img	r2q/companions/recall/r2q_recall_shapetrans_0143_p2.img	r2q/companions/recall/r2q_recall_shapetrans_0143_p3.img	SQUARE
R_shapetrans_0144	shapetrans	r2n_shapetrans_0144.img	r2q/companions/recall/r2q_recall_shapetrans_0144_g.img	r2q/companions/recall/r2q_recall_shapetrans_0144_p1.img	r2q/companions/recall/r2q_recall_shapetrans_0144_p2.img	r2q/companions/recall/r2q_recall_shapetrans_0144_p3.img	CIRCLE
R_shapetrans_0145	shapetrans	r2n_shapetrans_0145.img	r2q/companions/recall/r2q_recall_shapetrans_0145_g.img	r2q/companions/recall/r2q_recall_shapetrans_0145_p1.img	r2q/companions/recall/r2q_recall_shapetrans_0145_p2.img	r2q/companions/recall/r2q_recall_shapetrans_0145_p3.img	TRIANGLE
R_shapetrans_0146	shapetrans	r2n_shapetrans_0146.img	r2q/companions/recall/r2q_recall_shapetrans_0146_g.img	r2q/companions/recall/r2q_recall_shapetrans_0146_p1.img	r2q/companions/recall/r2q_recall_shapetrans_0146_p2.img	r2q/companions/recall/r2q_recall_shapetrans_0146_p3.img	SQUARE
R_shapetrans_0147	shapetrans	r2n_shapetrans_0147.img	r2q/companions/recall/r2q_recall_shapetrans_0147_g.img	r2q/companions/recall/r2q_recall_shapetrans_0147_p1.img	r2q/companions/recall/r2q_recall_shapetrans_0147_p2.img	r2q/companions/recall/r2q_recall_shapetrans_0147_p3.img	CIRCLE
R_shapetrans_0148	shapetrans	r2n_shapetrans_0148.img	r2q/companions/recall/r2q_recall_shapetrans_0148_g.img	r2q/companions/recall/r2q_recall_shapetrans_0148_p1.img	r2q/companions/recall/r2q_recall_shapetrans_0148_p2.img	r2q/companions/recall/r2q_recall_shapetrans_0148_p3.img	TRIANGLE
R_shapetrans_0149	shapetrans	r2n_shapetrans_0149.img	r2q/companions/recall/r2q_recall_shapetrans_0149_g.img	r2q/companions/recall/r2q_recall_shapetrans_0149_p1.img	r2q/companions/recall/r2q_recall_shapetrans_0149_p2.img	r2q/companions/recall/r2q_recall_shapetrans_0149_p3.img	SQUARE
R_shapetrans_0150	shapetrans	r2n_shapetrans_0150.img	r2q/companions/recall/r2q_recall_shapetrans_0150_g.img	r2q/companions/recall/r2q_recall_shapetrans_0150_p1.img	r2q/companions/recall/r2q_recall_shapetrans_0150_p2.img	r2q/companions/recall/r2q_recall_shapetrans_0150_p3.img	CIRCLE
R_shapetrans_0151	shapetrans	r2n_shapetrans_0151.img	r2q/companions/recall/r2q_recall_shapetrans_0151_g.img	r2q/companions/recall/r2q_recall_shapetrans_0151_p1.img	r2q/companions/recall/r2q_recall_shapetrans_0151_p2.img	r2q/companions/recall/r2q_recall_shapetrans_0151_p3.img	TRIANGLE
R_shapetrans_0152	shapetrans	r2n_shapetrans_0152.img	r2q/companions/recall/r2q_recall_shapetrans_0152_g.img	r2q/companions/recall/r2q_recall_shapetrans_0152_p1.img	r2q/companions/recall/r2q_recall_shapetrans_0152_p2.img	r2q/companions/recall/r2q_recall_shapetrans_0152_p3.img	SQUARE
R_shapetrans_0153	shapetrans	r2n_shapetrans_0153.img	r2q/companions/recall/r2q_recall_shapetrans_0153_g.img	r2q/companions/recall/r2q_recall_shapetrans_0153_p1.img	r2q/companions/recall/r2q_recall_shapetrans_0153_p2.img	r2q/companions/recall/r2q_recall_shapetrans_0153_p3.img	CIRCLE
R_shapetrans_0154	shapetrans	r2n_shapetrans_0154.img	r2q/companions/recall/r2q_recall_shapetrans_0154_g.img	r2q/companions/recall/r2q_recall_shapetrans_0154_p1.img	r2q/companions/recall/r2q_recall_shapetrans_0154_p2.img	r2q/companions/recall/r2q_recall_shapetrans_0154_p3.img	TRIANGLE
R_shapetrans_0155	shapetrans	r2n_shapetrans_0155.img	r2q/companions/recall/r2q_recall_shapetrans_0155_g.img	r2q/companions/recall/r2q_recall_shapetrans_0155_p1.img	r2q/companions/recall/r2q_recall_shapetrans_0155_p2.img	r2q/companions/recall/r2q_recall_shapetrans_0155_p3.img	SQUARE
R_shapetrans_0156	shapetrans	r2n_shapetrans_0156.img	r2q/companions/recall/r2q_recall_shapetrans_0156_g.img	r2q/companions/recall/r2q_recall_shapetrans_0156_p1.img	r2q/companions/recall/r2q_recall_shapetrans_0156_p2.img	r2q/companions/recall/r2q_recall_shapetrans_0156_p3.img	CIRCLE
R_shapetrans_0157	shapetrans	r2n_shapetrans_0157.img	r2q/companions/recall/r2q_recall_shapetrans_0157_g.img	r2q/companions/recall/r2q_recall_shapetrans_0157_p1.img	r2q/companions/recall/r2q_recall_shapetrans_0157_p2.img	r2q/companions/recall/r2q_recall_shapetrans_0157_p3.img	TRIANGLE
R_shapetrans_0158	shapetrans	r2n_shapetrans_0158.img	r2q/companions/recall/r2q_recall_shapetrans_0158_g.img	r2q/companions/recall/r2q_recall_shapetrans_0158_p1.img	r2q/companions/recall/r2q_recall_shapetrans_0158_p2.img	r2q/companions/recall/r2q_recall_shapetrans_0158_p3.img	SQUARE
R_shapetrans_0159	shapetrans	r2n_shapetrans_0159.img	r2q/companions/recall/r2q_recall_shapetrans_0159_g.img	r2q/companions/recall/r2q_recall_shapetrans_0159_p1.img	r2q/companions/recall/r2q_recall_shapetrans_0159_p2.img	r2q/companions/recall/r2q_recall_shapetrans_0159_p3.img	CIRCLE
R_shapetrans_0160	shapetrans	r2n_shapetrans_0160.img	r2q/companions/recall/r2q_recall_shapetrans_0160_g.img	r2q/companions/recall/r2q_recall_shapetrans_0160_p1.img	r2q/companions/recall/r2q_recall_shapetrans_0160_p2.img	r2q/companions/recall/r2q_recall_shapetrans_0160_p3.img	TRIANGLE
R_shapetrans_0161	shapetrans	r2n_shapetrans_0161.img	r2q/companions/recall/r2q_recall_shapetrans_0161_g.img	r2q/companions/recall/r2q_recall_shapetrans_0161_p1.img	r2q/companions/recall/r2q_recall_shapetrans_0161_p2.img	r2q/companions/recall/r2q_recall_shapetrans_0161_p3.img	SQUARE
R_shapetrans_0162	shapetrans	r2n_shapetrans_0162.img	r2q/companions/recall/r2q_recall_shapetrans_0162_g.img	r2q/companions/recall/r2q_recall_shapetrans_0162_p1.img	r2q/companions/recall/r2q_recall_shapetrans_0162_p2.img	r2q/companions/recall/r2q_recall_shapetrans_0162_p3.img	CIRCLE
R_shapetrans_0163	shapetrans	r2n_shapetrans_0163.img	r2q/companions/recall/r2q_recall_shapetrans_0163_g.img	r2q/companions/recall/r2q_recall_shapetrans_0163_p1.img	r2q/companions/recall/r2q_recall_shapetrans_0163_p2.img	r2q/companions/recall/r2q_recall_shapetrans_0163_p3.img	TRIANGLE
R_shapetrans_0164	shapetrans	r2n_shapetrans_0164.img	r2q/companions/recall/r2q_recall_shapetrans_0164_g.img	r2q/companions/recall/r2q_recall_shapetrans_0164_p1.img	r2q/companions/recall/r2q_recall_shapetrans_0164_p2.img	r2q/companions/recall/r2q_recall_shapetrans_0164_p3.img	SQUARE
R_shapetrans_0165	shapetrans	r2n_shapetrans_0165.img	r2q/companions/recall/r2q_recall_shapetrans_0165_g.img	r2q/companions/recall/r2q_recall_shapetrans_0165_p1.img	r2q/companions/recall/r2q_recall_shapetrans_0165_p2.img	r2q/companions/recall/r2q_recall_shapetrans_0165_p3.img	CIRCLE
R_shapetrans_0166	shapetrans	r2n_shapetrans_0166.img	r2q/companions/recall/r2q_recall_shapetrans_0166_g.img	r2q/companions/recall/r2q_recall_shapetrans_0166_p1.img	r2q/companions/recall/r2q_recall_shapetrans_0166_p2.img	r2q/companions/recall/r2q_recall_shapetrans_0166_p3.img	TRIANGLE
R_shapetrans_0167	shapetrans	r2n_shapetrans_0167.img	r2q/companions/recall/r2q_recall_shapetrans_0167_g.img	r2q/companions/recall/r2q_recall_shapetrans_0167_p1.img	r2q/companions/recall/r2q_recall_shapetrans_0167_p2.img	r2q/companions/recall/r2q_recall_shapetrans_0167_p3.img	SQUARE
R_shapetrans_0168	shapetrans	r2n_shapetrans_0168.img	r2q/companions/recall/r2q_recall_shapetrans_0168_g.img	r2q/companions/recall/r2q_recall_shapetrans_0168_p1.img	r2q/companions/recall/r2q_recall_shapetrans_0168_p2.img	r2q/companions/recall/r2q_recall_shapetrans_0168_p3.img	CIRCLE
R_shapetrans_0169	shapetrans	r2n_shapetrans_0169.img	r2q/companions/recall/r2q_recall_shapetrans_0169_g.img	r2q/companions/recall/r2q_recall_shapetrans_0169_p1.img	r2q/companions/recall/r2q_recall_shapetrans_0169_p2.img	r2q/companions/recall/r2q_recall_shapetrans_0169_p3.img	TRIANGLE
R_shapetrans_0170	shapetrans	r2n_shapetrans_0170.img	r2q/companions/recall/r2q_recall_shapetrans_0170_g.img	r2q/companions/recall/r2q_recall_shapetrans_0170_p1.img	r2q/companions/recall/r2q_recall_shapetrans_0170_p2.img	r2q/companions/recall/r2q_recall_shapetrans_0170_p3.img	SQUARE
R_shapetrans_0171	shapetrans	r2n_shapetrans_0171.img	r2q/companions/recall/r2q_recall_shapetrans_0171_g.img	r2q/companions/recall/r2q_recall_shapetrans_0171_p1.img	r2q/companions/recall/r2q_recall_shapetrans_0171_p2.img	r2q/companions/recall/r2q_recall_shapetrans_0171_p3.img	CIRCLE
R_shapetrans_0172	shapetrans	r2n_shapetrans_0172.img	r2q/companions/recall/r2q_recall_shapetrans_0172_g.img	r2q/companions/recall/r2q_recall_shapetrans_0172_p1.img	r2q/companions/recall/r2q_recall_shapetrans_0172_p2.img	r2q/companions/recall/r2q_recall_shapetrans_0172_p3.img	TRIANGLE
R_shapetrans_0173	shapetrans	r2n_shapetrans_0173.img	r2q/companions/recall/r2q_recall_shapetrans_0173_g.img	r2q/companions/recall/r2q_recall_shapetrans_0173_p1.img	r2q/companions/recall/r2q_recall_shapetrans_0173_p2.img	r2q/companions/recall/r2q_recall_shapetrans_0173_p3.img	SQUARE
R_shapetrans_0174	shapetrans	r2n_shapetrans_0174.img	r2q/companions/recall/r2q_recall_shapetrans_0174_g.img	r2q/companions/recall/r2q_recall_shapetrans_0174_p1.img	r2q/companions/recall/r2q_recall_shapetrans_0174_p2.img	r2q/companions/recall/r2q_recall_shapetrans_0174_p3.img	CIRCLE
R_shapetrans_0175	shapetrans	r2n_shapetrans_0175.img	r2q/companions/recall/r2q_recall_shapetrans_0175_g.img	r2q/companions/recall/r2q_recall_shapetrans_0175_p1.img	r2q/companions/recall/r2q_recall_shapetrans_0175_p2.img	r2q/companions/recall/r2q_recall_shapetrans_0175_p3.img	TRIANGLE
R_shapetrans_0176	shapetrans	r2n_shapetrans_0176.img	r2q/companions/recall/r2q_recall_shapetrans_0176_g.img	r2q/companions/recall/r2q_recall_shapetrans_0176_p1.img	r2q/companions/recall/r2q_recall_shapetrans_0176_p2.img	r2q/companions/recall/r2q_recall_shapetrans_0176_p3.img	SQUARE
R_shapetrans_0177	shapetrans	r2n_shapetrans_0177.img	r2q/companions/recall/r2q_recall_shapetrans_0177_g.img	r2q/companions/recall/r2q_recall_shapetrans_0177_p1.img	r2q/companions/recall/r2q_recall_shapetrans_0177_p2.img	r2q/companions/recall/r2q_recall_shapetrans_0177_p3.img	CIRCLE
R_shapetrans_0178	shapetrans	r2n_shapetrans_0178.img	r2q/companions/recall/r2q_recall_shapetrans_0178_g.img	r2q/companions/recall/r2q_recall_shapetrans_0178_p1.img	r2q/companions/recall/r2q_recall_shapetrans_0178_p2.img	r2q/companions/recall/r2q_recall_shapetrans_0178_p3.img	TRIANGLE
R_shapetrans_0179	shapetrans	r2n_shapetrans_0179.img	r2q/companions/recall/r2q_recall_shapetrans_0179_g.img	r2q/companions/recall/r2q_recall_shapetrans_0179_p1.img	r2q/companions/recall/r2q_recall_shapetrans_0179_p2.img	r2q/companions/recall/r2q_recall_shapetrans_0179_p3.img	SQUARE
R_shapetrans_0180	shapetrans	r2n_shapetrans_0180.img	r2q/companions/recall/r2q_recall_shapetrans_0180_g.img	r2q/companions/recall/r2q_recall_shapetrans_0180_p1.img	r2q/companions/recall/r2q_recall_shapetrans_0180_p2.img	r2q/companions/recall/r2q_recall_shapetrans_0180_p3.img	CIRCLE
R_shapetrans_0181	shapetrans	r2n_shapetrans_0181.img	r2q/companions/recall/r2q_recall_shapetrans_0181_g.img	r2q/companions/recall/r2q_recall_shapetrans_0181_p1.img	r2q/companions/recall/r2q_recall_shapetrans_0181_p2.img	r2q/companions/recall/r2q_recall_shapetrans_0181_p3.img	TRIANGLE
R_shapetrans_0182	shapetrans	r2n_shapetrans_0182.img	r2q/companions/recall/r2q_recall_shapetrans_0182_g.img	r2q/companions/recall/r2q_recall_shapetrans_0182_p1.img	r2q/companions/recall/r2q_recall_shapetrans_0182_p2.img	r2q/companions/recall/r2q_recall_shapetrans_0182_p3.img	SQUARE
R_shapetrans_0183	shapetrans	r2n_shapetrans_0183.img	r2q/companions/recall/r2q_recall_shapetrans_0183_g.img	r2q/companions/recall/r2q_recall_shapetrans_0183_p1.img	r2q/companions/recall/r2q_recall_shapetrans_0183_p2.img	r2q/companions/recall/r2q_recall_shapetrans_0183_p3.img	CIRCLE
R_shapetrans_0184	shapetrans	r2n_shapetrans_0184.img	r2q/companions/recall/r2q_recall_shapetrans_0184_g.img	r2q/companions/recall/r2q_recall_shapetrans_0184_p1.img	r2q/companions/recall/r2q_recall_shapetrans_0184_p2.img	r2q/companions/recall/r2q_recall_shapetrans_0184_p3.img	TRIANGLE
R_shapetrans_0185	shapetrans	r2n_shapetrans_0185.img	r2q/companions/recall/r2q_recall_shapetrans_0185_g.img	r2q/companions/recall/r2q_recall_shapetrans_0185_p1.img	r2q/companions/recall/r2q_recall_shapetrans_0185_p2.img	r2q/companions/recall/r2q_recall_shapetrans_0185_p3.img	SQUARE
R_shapetrans_0186	shapetrans	r2n_shapetrans_0186.img	r2q/companions/recall/r2q_recall_shapetrans_0186_g.img	r2q/companions/recall/r2q_recall_shapetrans_0186_p1.img	r2q/companions/recall/r2q_recall_shapetrans_0186_p2.img	r2q/companions/recall/r2q_recall_shapetrans_0186_p3.img	CIRCLE
R_shapetrans_0187	shapetrans	r2n_shapetrans_0187.img	r2q/companions/recall/r2q_recall_shapetrans_0187_g.img	r2q/companions/recall/r2q_recall_shapetrans_0187_p1.img	r2q/companions/recall/r2q_recall_shapetrans_0187_p2.img	r2q/companions/recall/r2q_recall_shapetrans_0187_p3.img	TRIANGLE
R_shapetrans_0188	shapetrans	r2n_shapetrans_0188.img	r2q/companions/recall/r2q_recall_shapetrans_0188_g.img	r2q/companions/recall/r2q_recall_shapetrans_0188_p1.img	r2q/companions/recall/r2q_recall_shapetrans_0188_p2.img	r2q/companions/recall/r2q_recall_shapetrans_0188_p3.img	SQUARE
R_shapetrans_0189	shapetrans	r2n_shapetrans_0189.img	r2q/companions/recall/r2q_recall_shapetrans_0189_g.img	r2q/companions/recall/r2q_recall_shapetrans_0189_p1.img	r2q/companions/recall/r2q_recall_shapetrans_0189_p2.img	r2q/companions/recall/r2q_recall_shapetrans_0189_p3.img	CIRCLE
R_shapetrans_0190	shapetrans	r2n_shapetrans_0190.img	r2q/companions/recall/r2q_recall_shapetrans_0190_g.img	r2q/companions/recall/r2q_recall_shapetrans_0190_p1.img	r2q/companions/recall/r2q_recall_shapetrans_0190_p2.img	r2q/companions/recall/r2q_recall_shapetrans_0190_p3.img	TRIANGLE
R_shapetrans_0191	shapetrans	r2n_shapetrans_0191.img	r2q/companions/recall/r2q_recall_shapetrans_0191_g.img	r2q/companions/recall/r2q_recall_shapetrans_0191_p1.img	r2q/companions/recall/r2q_recall_shapetrans_0191_p2.img	r2q/companions/recall/r2q_recall_shapetrans_0191_p3.img	SQUARE
R_shapetrans_0192	shapetrans	r2n_shapetrans_0192.img	r2q/companions/recall/r2q_recall_shapetrans_0192_g.img	r2q/companions/recall/r2q_recall_shapetrans_0192_p1.img	r2q/companions/recall/r2q_recall_shapetrans_0192_p2.img	r2q/companions/recall/r2q_recall_shapetrans_0192_p3.img	CIRCLE
R_shapetrans_0193	shapetrans	r2n_shapetrans_0193.img	r2q/companions/recall/r2q_recall_shapetrans_0193_g.img	r2q/companions/recall/r2q_recall_shapetrans_0193_p1.img	r2q/companions/recall/r2q_recall_shapetrans_0193_p2.img	r2q/companions/recall/r2q_recall_shapetrans_0193_p3.img	TRIANGLE
R_shapetrans_0194	shapetrans	r2n_shapetrans_0194.img	r2q/companions/recall/r2q_recall_shapetrans_0194_g.img	r2q/companions/recall/r2q_recall_shapetrans_0194_p1.img	r2q/companions/recall/r2q_recall_shapetrans_0194_p2.img	r2q/companions/recall/r2q_recall_shapetrans_0194_p3.img	SQUARE
R_shapetrans_0195	shapetrans	r2n_shapetrans_0195.img	r2q/companions/recall/r2q_recall_shapetrans_0195_g.img	r2q/companions/recall/r2q_recall_shapetrans_0195_p1.img	r2q/companions/recall/r2q_recall_shapetrans_0195_p2.img	r2q/companions/recall/r2q_recall_shapetrans_0195_p3.img	CIRCLE
R_shapetrans_0196	shapetrans	r2n_shapetrans_0196.img	r2q/companions/recall/r2q_recall_shapetrans_0196_g.img	r2q/companions/recall/r2q_recall_shapetrans_0196_p1.img	r2q/companions/recall/r2q_recall_shapetrans_0196_p2.img	r2q/companions/recall/r2q_recall_shapetrans_0196_p3.img	TRIANGLE
R_shapetrans_0197	shapetrans	r2n_shapetrans_0197.img	r2q/companions/recall/r2q_recall_shapetrans_0197_g.img	r2q/companions/recall/r2q_recall_shapetrans_0197_p1.img	r2q/companions/recall/r2q_recall_shapetrans_0197_p2.img	r2q/companions/recall/r2q_recall_shapetrans_0197_p3.img	SQUARE
R_shapetrans_0198	shapetrans	r2n_shapetrans_0198.img	r2q/companions/recall/r2q_recall_shapetrans_0198_g.img	r2q/companions/recall/r2q_recall_shapetrans_0198_p1.img	r2q/companions/recall/r2q_recall_shapetrans_0198_p2.img	r2q/companions/recall/r2q_recall_shapetrans_0198_p3.img	CIRCLE
R_shapetrans_0199	shapetrans	r2n_shapetrans_0199.img	r2q/companions/recall/r2q_recall_shapetrans_0199_g.img	r2q/companions/recall/r2q_recall_shapetrans_0199_p1.img	r2q/companions/recall/r2q_recall_shapetrans_0199_p2.img	r2q/companions/recall/r2q_recall_shapetrans_0199_p3.img	TRIANGLE
R_shapetrans_0200	shapetrans	r2n_shapetrans_0200.img	r2q/companions/recall/r2q_recall_shapetrans_0200_g.img	r2q/companions/recall/r2q_recall_shapetrans_0200_p1.img	r2q/companions/recall/r2q_recall_shapetrans_0200_p2.img	r2q/companions/recall/r2q_recall_shapetrans_0200_p3.img	SQUARE
R_shapetrans_0201	shapetrans	r2n_shapetrans_0201.img	r2q/companions/recall/r2q_recall_shapetrans_0201_g.img	r2q/companions/recall/r2q_recall_shapetrans_0201_p1.img	r2q/companions/recall/r2q_recall_shapetrans_0201_p2.img	r2q/companions/recall/r2q_recall_shapetrans_0201_p3.img	CIRCLE
R_shapetrans_0202	shapetrans	r2n_shapetrans_0202.img	r2q/companions/recall/r2q_recall_shapetrans_0202_g.img	r2q/companions/recall/r2q_recall_shapetrans_0202_p1.img	r2q/companions/recall/r2q_recall_shapetrans_0202_p2.img	r2q/companions/recall/r2q_recall_shapetrans_0202_p3.img	TRIANGLE
R_shapetrans_0203	shapetrans	r2n_shapetrans_0203.img	r2q/companions/recall/r2q_recall_shapetrans_0203_g.img	r2q/companions/recall/r2q_recall_shapetrans_0203_p1.img	r2q/companions/recall/r2q_recall_shapetrans_0203_p2.img	r2q/companions/recall/r2q_recall_shapetrans_0203_p3.img	SQUARE
R_shapetrans_0204	shapetrans	r2n_shapetrans_0204.img	r2q/companions/recall/r2q_recall_shapetrans_0204_g.img	r2q/companions/recall/r2q_recall_shapetrans_0204_p1.img	r2q/companions/recall/r2q_recall_shapetrans_0204_p2.img	r2q/companions/recall/r2q_recall_shapetrans_0204_p3.img	CIRCLE
R_shapetrans_0205	shapetrans	r2n_shapetrans_0205.img	r2q/companions/recall/r2q_recall_shapetrans_0205_g.img	r2q/companions/recall/r2q_recall_shapetrans_0205_p1.img	r2q/companions/recall/r2q_recall_shapetrans_0205_p2.img	r2q/companions/recall/r2q_recall_shapetrans_0205_p3.img	TRIANGLE
R_shapetrans_0206	shapetrans	r2n_shapetrans_0206.img	r2q/companions/recall/r2q_recall_shapetrans_0206_g.img	r2q/companions/recall/r2q_recall_shapetrans_0206_p1.img	r2q/companions/recall/r2q_recall_shapetrans_0206_p2.img	r2q/companions/recall/r2q_recall_shapetrans_0206_p3.img	SQUARE
R_shapetrans_0207	shapetrans	r2n_shapetrans_0207.img	r2q/companions/recall/r2q_recall_shapetrans_0207_g.img	r2q/companions/recall/r2q_recall_shapetrans_0207_p1.img	r2q/companions/recall/r2q_recall_shapetrans_0207_p2.img	r2q/companions/recall/r2q_recall_shapetrans_0207_p3.img	CIRCLE
R_shapetrans_0208	shapetrans	r2n_shapetrans_0208.img	r2q/companions/recall/r2q_recall_shapetrans_0208_g.img	r2q/companions/recall/r2q_recall_shapetrans_0208_p1.img	r2q/companions/recall/r2q_recall_shapetrans_0208_p2.img	r2q/companions/recall/r2q_recall_shapetrans_0208_p3.img	TRIANGLE
R_shapetrans_0209	shapetrans	r2n_shapetrans_0209.img	r2q/companions/recall/r2q_recall_shapetrans_0209_g.img	r2q/companions/recall/r2q_recall_shapetrans_0209_p1.img	r2q/companions/recall/r2q_recall_shapetrans_0209_p2.img	r2q/companions/recall/r2q_recall_shapetrans_0209_p3.img	SQUARE
R_shapetrans_0210	shapetrans	r2n_shapetrans_0210.img	r2q/companions/recall/r2q_recall_shapetrans_0210_g.img	r2q/companions/recall/r2q_recall_shapetrans_0210_p1.img	r2q/companions/recall/r2q_recall_shapetrans_0210_p2.img	r2q/companions/recall/r2q_recall_shapetrans_0210_p3.img	CIRCLE
R_shapetrans_0211	shapetrans	r2n_shapetrans_0211.img	r2q/companions/recall/r2q_recall_shapetrans_0211_g.img	r2q/companions/recall/r2q_recall_shapetrans_0211_p1.img	r2q/companions/recall/r2q_recall_shapetrans_0211_p2.img	r2q/companions/recall/r2q_recall_shapetrans_0211_p3.img	TRIANGLE
R_shapetrans_0212	shapetrans	r2n_shapetrans_0212.img	r2q/companions/recall/r2q_recall_shapetrans_0212_g.img	r2q/companions/recall/r2q_recall_shapetrans_0212_p1.img	r2q/companions/recall/r2q_recall_shapetrans_0212_p2.img	r2q/companions/recall/r2q_recall_shapetrans_0212_p3.img	SQUARE
R_shapetrans_0213	shapetrans	r2n_shapetrans_0213.img	r2q/companions/recall/r2q_recall_shapetrans_0213_g.img	r2q/companions/recall/r2q_recall_shapetrans_0213_p1.img	r2q/companions/recall/r2q_recall_shapetrans_0213_p2.img	r2q/companions/recall/r2q_recall_shapetrans_0213_p3.img	CIRCLE
R_shapetrans_0214	shapetrans	r2n_shapetrans_0214.img	r2q/companions/recall/r2q_recall_shapetrans_0214_g.img	r2q/companions/recall/r2q_recall_shapetrans_0214_p1.img	r2q/companions/recall/r2q_recall_shapetrans_0214_p2.img	r2q/companions/recall/r2q_recall_shapetrans_0214_p3.img	TRIANGLE
R_shapetrans_0215	shapetrans	r2n_shapetrans_0215.img	r2q/companions/recall/r2q_recall_shapetrans_0215_g.img	r2q/companions/recall/r2q_recall_shapetrans_0215_p1.img	r2q/companions/recall/r2q_recall_shapetrans_0215_p2.img	r2q/companions/recall/r2q_recall_shapetrans_0215_p3.img	SQUARE
R_shapetrans_0216	shapetrans	r2n_shapetrans_0216.img	r2q/companions/recall/r2q_recall_shapetrans_0216_g.img	r2q/companions/recall/r2q_recall_shapetrans_0216_p1.img	r2q/companions/recall/r2q_recall_shapetrans_0216_p2.img	r2q/companions/recall/r2q_recall_shapetrans_0216_p3.img	CIRCLE
R_shapetrans_0217	shapetrans	r2n_shapetrans_0217.img	r2q/companions/recall/r2q_recall_shapetrans_0217_g.img	r2q/companions/recall/r2q_recall_shapetrans_0217_p1.img	r2q/companions/recall/r2q_recall_shapetrans_0217_p2.img	r2q/companions/recall/r2q_recall_shapetrans_0217_p3.img	TRIANGLE
R_shapetrans_0218	shapetrans	r2n_shapetrans_0218.img	r2q/companions/recall/r2q_recall_shapetrans_0218_g.img	r2q/companions/recall/r2q_recall_shapetrans_0218_p1.img	r2q/companions/recall/r2q_recall_shapetrans_0218_p2.img	r2q/companions/recall/r2q_recall_shapetrans_0218_p3.img	SQUARE
R_shapetrans_0219	shapetrans	r2n_shapetrans_0219.img	r2q/companions/recall/r2q_recall_shapetrans_0219_g.img	r2q/companions/recall/r2q_recall_shapetrans_0219_p1.img	r2q/companions/recall/r2q_recall_shapetrans_0219_p2.img	r2q/companions/recall/r2q_recall_shapetrans_0219_p3.img	CIRCLE
R_shapetrans_0220	shapetrans	r2n_shapetrans_0220.img	r2q/companions/recall/r2q_recall_shapetrans_0220_g.img	r2q/companions/recall/r2q_recall_shapetrans_0220_p1.img	r2q/companions/recall/r2q_recall_shapetrans_0220_p2.img	r2q/companions/recall/r2q_recall_shapetrans_0220_p3.img	TRIANGLE
R_shapetrans_0221	shapetrans	r2n_shapetrans_0221.img	r2q/companions/recall/r2q_recall_shapetrans_0221_g.img	r2q/companions/recall/r2q_recall_shapetrans_0221_p1.img	r2q/companions/recall/r2q_recall_shapetrans_0221_p2.img	r2q/companions/recall/r2q_recall_shapetrans_0221_p3.img	SQUARE
R_shapetrans_0222	shapetrans	r2n_shapetrans_0222.img	r2q/companions/recall/r2q_recall_shapetrans_0222_g.img	r2q/companions/recall/r2q_recall_shapetrans_0222_p1.img	r2q/companions/recall/r2q_recall_shapetrans_0222_p2.img	r2q/companions/recall/r2q_recall_shapetrans_0222_p3.img	CIRCLE
R_shapetrans_0223	shapetrans	r2n_shapetrans_0223.img	r2q/companions/recall/r2q_recall_shapetrans_0223_g.img	r2q/companions/recall/r2q_recall_shapetrans_0223_p1.img	r2q/companions/recall/r2q_recall_shapetrans_0223_p2.img	r2q/companions/recall/r2q_recall_shapetrans_0223_p3.img	TRIANGLE
R_shapetrans_0224	shapetrans	r2n_shapetrans_0224.img	r2q/companions/recall/r2q_recall_shapetrans_0224_g.img	r2q/companions/recall/r2q_recall_shapetrans_0224_p1.img	r2q/companions/recall/r2q_recall_shapetrans_0224_p2.img	r2q/companions/recall/r2q_recall_shapetrans_0224_p3.img	SQUARE
R_shapetrans_0225	shapetrans	r2n_shapetrans_0225.img	r2q/companions/recall/r2q_recall_shapetrans_0225_g.img	r2q/companions/recall/r2q_recall_shapetrans_0225_p1.img	r2q/companions/recall/r2q_recall_shapetrans_0225_p2.img	r2q/companions/recall/r2q_recall_shapetrans_0225_p3.img	CIRCLE
R_shapetrans_0226	shapetrans	r2n_shapetrans_0226.img	r2q/companions/recall/r2q_recall_shapetrans_0226_g.img	r2q/companions/recall/r2q_recall_shapetrans_0226_p1.img	r2q/companions/recall/r2q_recall_shapetrans_0226_p2.img	r2q/companions/recall/r2q_recall_shapetrans_0226_p3.img	TRIANGLE
R_shapetrans_0227	shapetrans	r2n_shapetrans_0227.img	r2q/companions/recall/r2q_recall_shapetrans_0227_g.img	r2q/companions/recall/r2q_recall_shapetrans_0227_p1.img	r2q/companions/recall/r2q_recall_shapetrans_0227_p2.img	r2q/companions/recall/r2q_recall_shapetrans_0227_p3.img	SQUARE
R_shapetrans_0228	shapetrans	r2n_shapetrans_0228.img	r2q/companions/recall/r2q_recall_shapetrans_0228_g.img	r2q/companions/recall/r2q_recall_shapetrans_0228_p1.img	r2q/companions/recall/r2q_recall_shapetrans_0228_p2.img	r2q/companions/recall/r2q_recall_shapetrans_0228_p3.img	CIRCLE
R_shapetrans_0229	shapetrans	r2n_shapetrans_0229.img	r2q/companions/recall/r2q_recall_shapetrans_0229_g.img	r2q/companions/recall/r2q_recall_shapetrans_0229_p1.img	r2q/companions/recall/r2q_recall_shapetrans_0229_p2.img	r2q/companions/recall/r2q_recall_shapetrans_0229_p3.img	TRIANGLE
R_shapetrans_0230	shapetrans	r2n_shapetrans_0230.img	r2q/companions/recall/r2q_recall_shapetrans_0230_g.img	r2q/companions/recall/r2q_recall_shapetrans_0230_p1.img	r2q/companions/recall/r2q_recall_shapetrans_0230_p2.img	r2q/companions/recall/r2q_recall_shapetrans_0230_p3.img	SQUARE
R_shapetrans_0231	shapetrans	r2n_shapetrans_0231.img	r2q/companions/recall/r2q_recall_shapetrans_0231_g.img	r2q/companions/recall/r2q_recall_shapetrans_0231_p1.img	r2q/companions/recall/r2q_recall_shapetrans_0231_p2.img	r2q/companions/recall/r2q_recall_shapetrans_0231_p3.img	CIRCLE
R_shapetrans_0232	shapetrans	r2n_shapetrans_0232.img	r2q/companions/recall/r2q_recall_shapetrans_0232_g.img	r2q/companions/recall/r2q_recall_shapetrans_0232_p1.img	r2q/companions/recall/r2q_recall_shapetrans_0232_p2.img	r2q/companions/recall/r2q_recall_shapetrans_0232_p3.img	TRIANGLE
R_shapetrans_0233	shapetrans	r2n_shapetrans_0233.img	r2q/companions/recall/r2q_recall_shapetrans_0233_g.img	r2q/companions/recall/r2q_recall_shapetrans_0233_p1.img	r2q/companions/recall/r2q_recall_shapetrans_0233_p2.img	r2q/companions/recall/r2q_recall_shapetrans_0233_p3.img	SQUARE
R_shapetrans_0234	shapetrans	r2n_shapetrans_0234.img	r2q/companions/recall/r2q_recall_shapetrans_0234_g.img	r2q/companions/recall/r2q_recall_shapetrans_0234_p1.img	r2q/companions/recall/r2q_recall_shapetrans_0234_p2.img	r2q/companions/recall/r2q_recall_shapetrans_0234_p3.img	CIRCLE
R_shapetrans_0235	shapetrans	r2n_shapetrans_0235.img	r2q/companions/recall/r2q_recall_shapetrans_0235_g.img	r2q/companions/recall/r2q_recall_shapetrans_0235_p1.img	r2q/companions/recall/r2q_recall_shapetrans_0235_p2.img	r2q/companions/recall/r2q_recall_shapetrans_0235_p3.img	TRIANGLE
R_shapetrans_0236	shapetrans	r2n_shapetrans_0236.img	r2q/companions/recall/r2q_recall_shapetrans_0236_g.img	r2q/companions/recall/r2q_recall_shapetrans_0236_p1.img	r2q/companions/recall/r2q_recall_shapetrans_0236_p2.img	r2q/companions/recall/r2q_recall_shapetrans_0236_p3.img	SQUARE
R_shapetrans_0237	shapetrans	r2n_shapetrans_0237.img	r2q/companions/recall/r2q_recall_shapetrans_0237_g.img	r2q/companions/recall/r2q_recall_shapetrans_0237_p1.img	r2q/companions/recall/r2q_recall_shapetrans_0237_p2.img	r2q/companions/recall/r2q_recall_shapetrans_0237_p3.img	CIRCLE
R_shapetrans_0238	shapetrans	r2n_shapetrans_0238.img	r2q/companions/recall/r2q_recall_shapetrans_0238_g.img	r2q/companions/recall/r2q_recall_shapetrans_0238_p1.img	r2q/companions/recall/r2q_recall_shapetrans_0238_p2.img	r2q/companions/recall/r2q_recall_shapetrans_0238_p3.img	TRIANGLE
R_shapetrans_0239	shapetrans	r2n_shapetrans_0239.img	r2q/companions/recall/r2q_recall_shapetrans_0239_g.img	r2q/companions/recall/r2q_recall_shapetrans_0239_p1.img	r2q/companions/recall/r2q_recall_shapetrans_0239_p2.img	r2q/companions/recall/r2q_recall_shapetrans_0239_p3.img	SQUARE
R_shapetrans_0240	shapetrans	r2n_shapetrans_0240.img	r2q/companions/recall/r2q_recall_shapetrans_0240_g.img	r2q/companions/recall/r2q_recall_shapetrans_0240_p1.img	r2q/companions/recall/r2q_recall_shapetrans_0240_p2.img	r2q/companions/recall/r2q_recall_shapetrans_0240_p3.img	CIRCLE
R_shapetrans_0241	shapetrans	r2n_shapetrans_0241.img	r2q/companions/recall/r2q_recall_shapetrans_0241_g.img	r2q/companions/recall/r2q_recall_shapetrans_0241_p1.img	r2q/companions/recall/r2q_recall_shapetrans_0241_p2.img	r2q/companions/recall/r2q_recall_shapetrans_0241_p3.img	TRIANGLE
R_shapetrans_0242	shapetrans	r2n_shapetrans_0242.img	r2q/companions/recall/r2q_recall_shapetrans_0242_g.img	r2q/companions/recall/r2q_recall_shapetrans_0242_p1.img	r2q/companions/recall/r2q_recall_shapetrans_0242_p2.img	r2q/companions/recall/r2q_recall_shapetrans_0242_p3.img	SQUARE
R_shapetrans_0243	shapetrans	r2n_shapetrans_0243.img	r2q/companions/recall/r2q_recall_shapetrans_0243_g.img	r2q/companions/recall/r2q_recall_shapetrans_0243_p1.img	r2q/companions/recall/r2q_recall_shapetrans_0243_p2.img	r2q/companions/recall/r2q_recall_shapetrans_0243_p3.img	CIRCLE
R_shapetrans_0244	shapetrans	r2n_shapetrans_0244.img	r2q/companions/recall/r2q_recall_shapetrans_0244_g.img	r2q/companions/recall/r2q_recall_shapetrans_0244_p1.img	r2q/companions/recall/r2q_recall_shapetrans_0244_p2.img	r2q/companions/recall/r2q_recall_shapetrans_0244_p3.img	TRIANGLE
R_shapetrans_0245	shapetrans	r2n_shapetrans_0245.img	r2q/companions/recall/r2q_recall_shapetrans_0245_g.img	r2q/companions/recall/r2q_recall_shapetrans_0245_p1.img	r2q/companions/recall/r2q_recall_shapetrans_0245_p2.img	r2q/companions/recall/r2q_recall_shapetrans_0245_p3.img	SQUARE
R_shapetrans_0246	shapetrans	r2n_shapetrans_0246.img	r2q/companions/recall/r2q_recall_shapetrans_0246_g.img	r2q/companions/recall/r2q_recall_shapetrans_0246_p1.img	r2q/companions/recall/r2q_recall_shapetrans_0246_p2.img	r2q/companions/recall/r2q_recall_shapetrans_0246_p3.img	CIRCLE
R_shapetrans_0247	shapetrans	r2n_shapetrans_0247.img	r2q/companions/recall/r2q_recall_shapetrans_0247_g.img	r2q/companions/recall/r2q_recall_shapetrans_0247_p1.img	r2q/companions/recall/r2q_recall_shapetrans_0247_p2.img	r2q/companions/recall/r2q_recall_shapetrans_0247_p3.img	TRIANGLE
R_shapetrans_0248	shapetrans	r2n_shapetrans_0248.img	r2q/companions/recall/r2q_recall_shapetrans_0248_g.img	r2q/companions/recall/r2q_recall_shapetrans_0248_p1.img	r2q/companions/recall/r2q_recall_shapetrans_0248_p2.img	r2q/companions/recall/r2q_recall_shapetrans_0248_p3.img	SQUARE
R_shapetrans_0249	shapetrans	r2n_shapetrans_0249.img	r2q/companions/recall/r2q_recall_shapetrans_0249_g.img	r2q/companions/recall/r2q_recall_shapetrans_0249_p1.img	r2q/companions/recall/r2q_recall_shapetrans_0249_p2.img	r2q/companions/recall/r2q_recall_shapetrans_0249_p3.img	CIRCLE
R_shapetrans_0250	shapetrans	r2n_shapetrans_0250.img	r2q/companions/recall/r2q_recall_shapetrans_0250_g.img	r2q/companions/recall/r2q_recall_shapetrans_0250_p1.img	r2q/companions/recall/r2q_recall_shapetrans_0250_p2.img	r2q/companions/recall/r2q_recall_shapetrans_0250_p3.img	TRIANGLE
R_shapetrans_0251	shapetrans	r2n_shapetrans_0251.img	r2q/companions/recall/r2q_recall_shapetrans_0251_g.img	r2q/companions/recall/r2q_recall_shapetrans_0251_p1.img	r2q/companions/recall/r2q_recall_shapetrans_0251_p2.img	r2q/companions/recall/r2q_recall_shapetrans_0251_p3.img	SQUARE
R_shapetrans_0252	shapetrans	r2n_shapetrans_0252.img	r2q/companions/recall/r2q_recall_shapetrans_0252_g.img	r2q/companions/recall/r2q_recall_shapetrans_0252_p1.img	r2q/companions/recall/r2q_recall_shapetrans_0252_p2.img	r2q/companions/recall/r2q_recall_shapetrans_0252_p3.img	CIRCLE
R_shapetrans_0253	shapetrans	r2n_shapetrans_0253.img	r2q/companions/recall/r2q_recall_shapetrans_0253_g.img	r2q/companions/recall/r2q_recall_shapetrans_0253_p1.img	r2q/companions/recall/r2q_recall_shapetrans_0253_p2.img	r2q/companions/recall/r2q_recall_shapetrans_0253_p3.img	TRIANGLE
R_shapetrans_0254	shapetrans	r2n_shapetrans_0254.img	r2q/companions/recall/r2q_recall_shapetrans_0254_g.img	r2q/companions/recall/r2q_recall_shapetrans_0254_p1.img	r2q/companions/recall/r2q_recall_shapetrans_0254_p2.img	r2q/companions/recall/r2q_recall_shapetrans_0254_p3.img	SQUARE
R_shapetrans_0255	shapetrans	r2n_shapetrans_0255.img	r2q/companions/recall/r2q_recall_shapetrans_0255_g.img	r2q/companions/recall/r2q_recall_shapetrans_0255_p1.img	r2q/companions/recall/r2q_recall_shapetrans_0255_p2.img	r2q/companions/recall/r2q_recall_shapetrans_0255_p3.img	CIRCLE
R_shapetrans_0256	shapetrans	r2n_shapetrans_0256.img	r2q/companions/recall/r2q_recall_shapetrans_0256_g.img	r2q/companions/recall/r2q_recall_shapetrans_0256_p1.img	r2q/companions/recall/r2q_recall_shapetrans_0256_p2.img	r2q/companions/recall/r2q_recall_shapetrans_0256_p3.img	TRIANGLE
R_shapetrans_0257	shapetrans	r2n_shapetrans_0257.img	r2q/companions/recall/r2q_recall_shapetrans_0257_g.img	r2q/companions/recall/r2q_recall_shapetrans_0257_p1.img	r2q/companions/recall/r2q_recall_shapetrans_0257_p2.img	r2q/companions/recall/r2q_recall_shapetrans_0257_p3.img	SQUARE
R_shapetrans_0258	shapetrans	r2n_shapetrans_0258.img	r2q/companions/recall/r2q_recall_shapetrans_0258_g.img	r2q/companions/recall/r2q_recall_shapetrans_0258_p1.img	r2q/companions/recall/r2q_recall_shapetrans_0258_p2.img	r2q/companions/recall/r2q_recall_shapetrans_0258_p3.img	CIRCLE
R_shapetrans_0259	shapetrans	r2n_shapetrans_0259.img	r2q/companions/recall/r2q_recall_shapetrans_0259_g.img	r2q/companions/recall/r2q_recall_shapetrans_0259_p1.img	r2q/companions/recall/r2q_recall_shapetrans_0259_p2.img	r2q/companions/recall/r2q_recall_shapetrans_0259_p3.img	TRIANGLE
R_shapetrans_0260	shapetrans	r2n_shapetrans_0260.img	r2q/companions/recall/r2q_recall_shapetrans_0260_g.img	r2q/companions/recall/r2q_recall_shapetrans_0260_p1.img	r2q/companions/recall/r2q_recall_shapetrans_0260_p2.img	r2q/companions/recall/r2q_recall_shapetrans_0260_p3.img	SQUARE
R_shapetrans_0261	shapetrans	r2n_shapetrans_0261.img	r2q/companions/recall/r2q_recall_shapetrans_0261_g.img	r2q/companions/recall/r2q_recall_shapetrans_0261_p1.img	r2q/companions/recall/r2q_recall_shapetrans_0261_p2.img	r2q/companions/recall/r2q_recall_shapetrans_0261_p3.img	CIRCLE
R_shapetrans_0262	shapetrans	r2n_shapetrans_0262.img	r2q/companions/recall/r2q_recall_shapetrans_0262_g.img	r2q/companions/recall/r2q_recall_shapetrans_0262_p1.img	r2q/companions/recall/r2q_recall_shapetrans_0262_p2.img	r2q/companions/recall/r2q_recall_shapetrans_0262_p3.img	TRIANGLE
R_shapetrans_0263	shapetrans	r2n_shapetrans_0263.img	r2q/companions/recall/r2q_recall_shapetrans_0263_g.img	r2q/companions/recall/r2q_recall_shapetrans_0263_p1.img	r2q/companions/recall/r2q_recall_shapetrans_0263_p2.img	r2q/companions/recall/r2q_recall_shapetrans_0263_p3.img	SQUARE
R_shapetrans_0264	shapetrans	r2n_shapetrans_0264.img	r2q/companions/recall/r2q_recall_shapetrans_0264_g.img	r2q/companions/recall/r2q_recall_shapetrans_0264_p1.img	r2q/companions/recall/r2q_recall_shapetrans_0264_p2.img	r2q/companions/recall/r2q_recall_shapetrans_0264_p3.img	CIRCLE
R_shapetrans_0265	shapetrans	r2n_shapetrans_0265.img	r2q/companions/recall/r2q_recall_shapetrans_0265_g.img	r2q/companions/recall/r2q_recall_shapetrans_0265_p1.img	r2q/companions/recall/r2q_recall_shapetrans_0265_p2.img	r2q/companions/recall/r2q_recall_shapetrans_0265_p3.img	TRIANGLE
R_shapetrans_0266	shapetrans	r2n_shapetrans_0266.img	r2q/companions/recall/r2q_recall_shapetrans_0266_g.img	r2q/companions/recall/r2q_recall_shapetrans_0266_p1.img	r2q/companions/recall/r2q_recall_shapetrans_0266_p2.img	r2q/companions/recall/r2q_recall_shapetrans_0266_p3.img	SQUARE
R_shapetrans_0267	shapetrans	r2n_shapetrans_0267.img	r2q/companions/recall/r2q_recall_shapetrans_0267_g.img	r2q/companions/recall/r2q_recall_shapetrans_0267_p1.img	r2q/companions/recall/r2q_recall_shapetrans_0267_p2.img	r2q/companions/recall/r2q_recall_shapetrans_0267_p3.img	CIRCLE
R_shapetrans_0268	shapetrans	r2n_shapetrans_0268.img	r2q/companions/recall/r2q_recall_shapetrans_0268_g.img	r2q/companions/recall/r2q_recall_shapetrans_0268_p1.img	r2q/companions/recall/r2q_recall_shapetrans_0268_p2.img	r2q/companions/recall/r2q_recall_shapetrans_0268_p3.img	TRIANGLE
R_shapetrans_0269	shapetrans	r2n_shapetrans_0269.img	r2q/companions/recall/r2q_recall_shapetrans_0269_g.img	r2q/companions/recall/r2q_recall_shapetrans_0269_p1.img	r2q/companions/recall/r2q_recall_shapetrans_0269_p2.img	r2q/companions/recall/r2q_recall_shapetrans_0269_p3.img	SQUARE
R_shapetrans_0270	shapetrans	r2n_shapetrans_0270.img	r2q/companions/recall/r2q_recall_shapetrans_0270_g.img	r2q/companions/recall/r2q_recall_shapetrans_0270_p1.img	r2q/companions/recall/r2q_recall_shapetrans_0270_p2.img	r2q/companions/recall/r2q_recall_shapetrans_0270_p3.img	CIRCLE
R_shapetrans_0271	shapetrans	r2n_shapetrans_0271.img	r2q/companions/recall/r2q_recall_shapetrans_0271_g.img	r2q/companions/recall/r2q_recall_shapetrans_0271_p1.img	r2q/companions/recall/r2q_recall_shapetrans_0271_p2.img	r2q/companions/recall/r2q_recall_shapetrans_0271_p3.img	TRIANGLE
R_shapetrans_0272	shapetrans	r2n_shapetrans_0272.img	r2q/companions/recall/r2q_recall_shapetrans_0272_g.img	r2q/companions/recall/r2q_recall_shapetrans_0272_p1.img	r2q/companions/recall/r2q_recall_shapetrans_0272_p2.img	r2q/companions/recall/r2q_recall_shapetrans_0272_p3.img	SQUARE
R_shapetrans_0273	shapetrans	r2n_shapetrans_0273.img	r2q/companions/recall/r2q_recall_shapetrans_0273_g.img	r2q/companions/recall/r2q_recall_shapetrans_0273_p1.img	r2q/companions/recall/r2q_recall_shapetrans_0273_p2.img	r2q/companions/recall/r2q_recall_shapetrans_0273_p3.img	CIRCLE
R_shapetrans_0274	shapetrans	r2n_shapetrans_0274.img	r2q/companions/recall/r2q_recall_shapetrans_0274_g.img	r2q/companions/recall/r2q_recall_shapetrans_0274_p1.img	r2q/companions/recall/r2q_recall_shapetrans_0274_p2.img	r2q/companions/recall/r2q_recall_shapetrans_0274_p3.img	TRIANGLE
R_shapetrans_0275	shapetrans	r2n_shapetrans_0275.img	r2q/companions/recall/r2q_recall_shapetrans_0275_g.img	r2q/companions/recall/r2q_recall_shapetrans_0275_p1.img	r2q/companions/recall/r2q_recall_shapetrans_0275_p2.img	r2q/companions/recall/r2q_recall_shapetrans_0275_p3.img	SQUARE
R_shapetrans_0276	shapetrans	r2n_shapetrans_0276.img	r2q/companions/recall/r2q_recall_shapetrans_0276_g.img	r2q/companions/recall/r2q_recall_shapetrans_0276_p1.img	r2q/companions/recall/r2q_recall_shapetrans_0276_p2.img	r2q/companions/recall/r2q_recall_shapetrans_0276_p3.img	CIRCLE
R_shapetrans_0277	shapetrans	r2n_shapetrans_0277.img	r2q/companions/recall/r2q_recall_shapetrans_0277_g.img	r2q/companions/recall/r2q_recall_shapetrans_0277_p1.img	r2q/companions/recall/r2q_recall_shapetrans_0277_p2.img	r2q/companions/recall/r2q_recall_shapetrans_0277_p3.img	TRIANGLE
R_shapetrans_0278	shapetrans	r2n_shapetrans_0278.img	r2q/companions/recall/r2q_recall_shapetrans_0278_g.img	r2q/companions/recall/r2q_recall_shapetrans_0278_p1.img	r2q/companions/recall/r2q_recall_shapetrans_0278_p2.img	r2q/companions/recall/r2q_recall_shapetrans_0278_p3.img	SQUARE
R_shapetrans_0279	shapetrans	r2n_shapetrans_0279.img	r2q/companions/recall/r2q_recall_shapetrans_0279_g.img	r2q/companions/recall/r2q_recall_shapetrans_0279_p1.img	r2q/companions/recall/r2q_recall_shapetrans_0279_p2.img	r2q/companions/recall/r2q_recall_shapetrans_0279_p3.img	CIRCLE
R_shapetrans_0280	shapetrans	r2n_shapetrans_0280.img	r2q/companions/recall/r2q_recall_shapetrans_0280_g.img	r2q/companions/recall/r2q_recall_shapetrans_0280_p1.img	r2q/companions/recall/r2q_recall_shapetrans_0280_p2.img	r2q/companions/recall/r2q_recall_shapetrans_0280_p3.img	TRIANGLE
R_shapetrans_0281	shapetrans	r2n_shapetrans_0281.img	r2q/companions/recall/r2q_recall_shapetrans_0281_g.img	r2q/companions/recall/r2q_recall_shapetrans_0281_p1.img	r2q/companions/recall/r2q_recall_shapetrans_0281_p2.img	r2q/companions/recall/r2q_recall_shapetrans_0281_p3.img	SQUARE
R_shapetrans_0282	shapetrans	r2n_shapetrans_0282.img	r2q/companions/recall/r2q_recall_shapetrans_0282_g.img	r2q/companions/recall/r2q_recall_shapetrans_0282_p1.img	r2q/companions/recall/r2q_recall_shapetrans_0282_p2.img	r2q/companions/recall/r2q_recall_shapetrans_0282_p3.img	CIRCLE
R_shapetrans_0283	shapetrans	r2n_shapetrans_0283.img	r2q/companions/recall/r2q_recall_shapetrans_0283_g.img	r2q/companions/recall/r2q_recall_shapetrans_0283_p1.img	r2q/companions/recall/r2q_recall_shapetrans_0283_p2.img	r2q/companions/recall/r2q_recall_shapetrans_0283_p3.img	TRIANGLE
R_shapetrans_0284	shapetrans	r2n_shapetrans_0284.img	r2q/companions/recall/r2q_recall_shapetrans_0284_g.img	r2q/companions/recall/r2q_recall_shapetrans_0284_p1.img	r2q/companions/recall/r2q_recall_shapetrans_0284_p2.img	r2q/companions/recall/r2q_recall_shapetrans_0284_p3.img	SQUARE
R_shapetrans_0285	shapetrans	r2n_shapetrans_0285.img	r2q/companions/recall/r2q_recall_shapetrans_0285_g.img	r2q/companions/recall/r2q_recall_shapetrans_0285_p1.img	r2q/companions/recall/r2q_recall_shapetrans_0285_p2.img	r2q/companions/recall/r2q_recall_shapetrans_0285_p3.img	CIRCLE
R_shapetrans_0286	shapetrans	r2n_shapetrans_0286.img	r2q/companions/recall/r2q_recall_shapetrans_0286_g.img	r2q/companions/recall/r2q_recall_shapetrans_0286_p1.img	r2q/companions/recall/r2q_recall_shapetrans_0286_p2.img	r2q/companions/recall/r2q_recall_shapetrans_0286_p3.img	TRIANGLE
R_shapetrans_0287	shapetrans	r2n_shapetrans_0287.img	r2q/companions/recall/r2q_recall_shapetrans_0287_g.img	r2q/companions/recall/r2q_recall_shapetrans_0287_p1.img	r2q/companions/recall/r2q_recall_shapetrans_0287_p2.img	r2q/companions/recall/r2q_recall_shapetrans_0287_p3.img	SQUARE
R_shapetrans_0288	shapetrans	r2n_shapetrans_0288.img	r2q/companions/recall/r2q_recall_shapetrans_0288_g.img	r2q/companions/recall/r2q_recall_shapetrans_0288_p1.img	r2q/companions/recall/r2q_recall_shapetrans_0288_p2.img	r2q/companions/recall/r2q_recall_shapetrans_0288_p3.img	CIRCLE
R_shapetrans_0289	shapetrans	r2n_shapetrans_0289.img	r2q/companions/recall/r2q_recall_shapetrans_0289_g.img	r2q/companions/recall/r2q_recall_shapetrans_0289_p1.img	r2q/companions/recall/r2q_recall_shapetrans_0289_p2.img	r2q/companions/recall/r2q_recall_shapetrans_0289_p3.img	TRIANGLE
R_shapetrans_0290	shapetrans	r2n_shapetrans_0290.img	r2q/companions/recall/r2q_recall_shapetrans_0290_g.img	r2q/companions/recall/r2q_recall_shapetrans_0290_p1.img	r2q/companions/recall/r2q_recall_shapetrans_0290_p2.img	r2q/companions/recall/r2q_recall_shapetrans_0290_p3.img	SQUARE
R_shapetrans_0291	shapetrans	r2n_shapetrans_0291.img	r2q/companions/recall/r2q_recall_shapetrans_0291_g.img	r2q/companions/recall/r2q_recall_shapetrans_0291_p1.img	r2q/companions/recall/r2q_recall_shapetrans_0291_p2.img	r2q/companions/recall/r2q_recall_shapetrans_0291_p3.img	CIRCLE
R_shapetrans_0292	shapetrans	r2n_shapetrans_0292.img	r2q/companions/recall/r2q_recall_shapetrans_0292_g.img	r2q/companions/recall/r2q_recall_shapetrans_0292_p1.img	r2q/companions/recall/r2q_recall_shapetrans_0292_p2.img	r2q/companions/recall/r2q_recall_shapetrans_0292_p3.img	TRIANGLE
R_shapetrans_0293	shapetrans	r2n_shapetrans_0293.img	r2q/companions/recall/r2q_recall_shapetrans_0293_g.img	r2q/companions/recall/r2q_recall_shapetrans_0293_p1.img	r2q/companions/recall/r2q_recall_shapetrans_0293_p2.img	r2q/companions/recall/r2q_recall_shapetrans_0293_p3.img	SQUARE
R_shapetrans_0294	shapetrans	r2n_shapetrans_0294.img	r2q/companions/recall/r2q_recall_shapetrans_0294_g.img	r2q/companions/recall/r2q_recall_shapetrans_0294_p1.img	r2q/companions/recall/r2q_recall_shapetrans_0294_p2.img	r2q/companions/recall/r2q_recall_shapetrans_0294_p3.img	CIRCLE
R_shapetrans_0295	shapetrans	r2n_shapetrans_0295.img	r2q/companions/recall/r2q_recall_shapetrans_0295_g.img	r2q/companions/recall/r2q_recall_shapetrans_0295_p1.img	r2q/companions/recall/r2q_recall_shapetrans_0295_p2.img	r2q/companions/recall/r2q_recall_shapetrans_0295_p3.img	TRIANGLE
R_shapetrans_0296	shapetrans	r2n_shapetrans_0296.img	r2q/companions/recall/r2q_recall_shapetrans_0296_g.img	r2q/companions/recall/r2q_recall_shapetrans_0296_p1.img	r2q/companions/recall/r2q_recall_shapetrans_0296_p2.img	r2q/companions/recall/r2q_recall_shapetrans_0296_p3.img	SQUARE
R_shapetrans_0297	shapetrans	r2n_shapetrans_0297.img	r2q/companions/recall/r2q_recall_shapetrans_0297_g.img	r2q/companions/recall/r2q_recall_shapetrans_0297_p1.img	r2q/companions/recall/r2q_recall_shapetrans_0297_p2.img	r2q/companions/recall/r2q_recall_shapetrans_0297_p3.img	CIRCLE
R_shapetrans_0298	shapetrans	r2n_shapetrans_0298.img	r2q/companions/recall/r2q_recall_shapetrans_0298_g.img	r2q/companions/recall/r2q_recall_shapetrans_0298_p1.img	r2q/companions/recall/r2q_recall_shapetrans_0298_p2.img	r2q/companions/recall/r2q_recall_shapetrans_0298_p3.img	TRIANGLE
R_shapetrans_0299	shapetrans	r2n_shapetrans_0299.img	r2q/companions/recall/r2q_recall_shapetrans_0299_g.img	r2q/companions/recall/r2q_recall_shapetrans_0299_p1.img	r2q/companions/recall/r2q_recall_shapetrans_0299_p2.img	r2q/companions/recall/r2q_recall_shapetrans_0299_p3.img	SQUARE
R_shapetrans_0300	shapetrans	r2n_shapetrans_0300.img	r2q/companions/recall/r2q_recall_shapetrans_0300_g.img	r2q/companions/recall/r2q_recall_shapetrans_0300_p1.img	r2q/companions/recall/r2q_recall_shapetrans_0300_p2.img	r2q/companions/recall/r2q_recall_shapetrans_0300_p3.img	CIRCLE
R_shapetrans_0301	shapetrans	r2n_shapetrans_0301.img	r2q/companions/recall/r2q_recall_shapetrans_0301_g.img	r2q/companions/recall/r2q_recall_shapetrans_0301_p1.img	r2q/companions/recall/r2q_recall_shapetrans_0301_p2.img	r2q/companions/recall/r2q_recall_shapetrans_0301_p3.img	TRIANGLE
R_shapetrans_0302	shapetrans	r2n_shapetrans_0302.img	r2q/companions/recall/r2q_recall_shapetrans_0302_g.img	r2q/companions/recall/r2q_recall_shapetrans_0302_p1.img	r2q/companions/recall/r2q_recall_shapetrans_0302_p2.img	r2q/companions/recall/r2q_recall_shapetrans_0302_p3.img	SQUARE
R_shapetrans_0303	shapetrans	r2n_shapetrans_0303.img	r2q/companions/recall/r2q_recall_shapetrans_0303_g.img	r2q/companions/recall/r2q_recall_shapetrans_0303_p1.img	r2q/companions/recall/r2q_recall_shapetrans_0303_p2.img	r2q/companions/recall/r2q_recall_shapetrans_0303_p3.img	CIRCLE
R_shapetrans_0304	shapetrans	r2n_shapetrans_0304.img	r2q/companions/recall/r2q_recall_shapetrans_0304_g.img	r2q/companions/recall/r2q_recall_shapetrans_0304_p1.img	r2q/companions/recall/r2q_recall_shapetrans_0304_p2.img	r2q/companions/recall/r2q_recall_shapetrans_0304_p3.img	TRIANGLE
R_shapetrans_0305	shapetrans	r2n_shapetrans_0305.img	r2q/companions/recall/r2q_recall_shapetrans_0305_g.img	r2q/companions/recall/r2q_recall_shapetrans_0305_p1.img	r2q/companions/recall/r2q_recall_shapetrans_0305_p2.img	r2q/companions/recall/r2q_recall_shapetrans_0305_p3.img	SQUARE
R_shapetrans_0306	shapetrans	r2n_shapetrans_0306.img	r2q/companions/recall/r2q_recall_shapetrans_0306_g.img	r2q/companions/recall/r2q_recall_shapetrans_0306_p1.img	r2q/companions/recall/r2q_recall_shapetrans_0306_p2.img	r2q/companions/recall/r2q_recall_shapetrans_0306_p3.img	CIRCLE
R_shapetrans_0307	shapetrans	r2n_shapetrans_0307.img	r2q/companions/recall/r2q_recall_shapetrans_0307_g.img	r2q/companions/recall/r2q_recall_shapetrans_0307_p1.img	r2q/companions/recall/r2q_recall_shapetrans_0307_p2.img	r2q/companions/recall/r2q_recall_shapetrans_0307_p3.img	TRIANGLE
R_shapetrans_0308	shapetrans	r2n_shapetrans_0308.img	r2q/companions/recall/r2q_recall_shapetrans_0308_g.img	r2q/companions/recall/r2q_recall_shapetrans_0308_p1.img	r2q/companions/recall/r2q_recall_shapetrans_0308_p2.img	r2q/companions/recall/r2q_recall_shapetrans_0308_p3.img	SQUARE
R_shapetrans_0309	shapetrans	r2n_shapetrans_0309.img	r2q/companions/recall/r2q_recall_shapetrans_0309_g.img	r2q/companions/recall/r2q_recall_shapetrans_0309_p1.img	r2q/companions/recall/r2q_recall_shapetrans_0309_p2.img	r2q/companions/recall/r2q_recall_shapetrans_0309_p3.img	CIRCLE
R_shapetrans_0310	shapetrans	r2n_shapetrans_0310.img	r2q/companions/recall/r2q_recall_shapetrans_0310_g.img	r2q/companions/recall/r2q_recall_shapetrans_0310_p1.img	r2q/companions/recall/r2q_recall_shapetrans_0310_p2.img	r2q/companions/recall/r2q_recall_shapetrans_0310_p3.img	TRIANGLE
R_shapetrans_0311	shapetrans	r2n_shapetrans_0311.img	r2q/companions/recall/r2q_recall_shapetrans_0311_g.img	r2q/companions/recall/r2q_recall_shapetrans_0311_p1.img	r2q/companions/recall/r2q_recall_shapetrans_0311_p2.img	r2q/companions/recall/r2q_recall_shapetrans_0311_p3.img	SQUARE
R_shapetrans_0312	shapetrans	r2n_shapetrans_0312.img	r2q/companions/recall/r2q_recall_shapetrans_0312_g.img	r2q/companions/recall/r2q_recall_shapetrans_0312_p1.img	r2q/companions/recall/r2q_recall_shapetrans_0312_p2.img	r2q/companions/recall/r2q_recall_shapetrans_0312_p3.img	CIRCLE
R_shapetrans_0313	shapetrans	r2n_shapetrans_0313.img	r2q/companions/recall/r2q_recall_shapetrans_0313_g.img	r2q/companions/recall/r2q_recall_shapetrans_0313_p1.img	r2q/companions/recall/r2q_recall_shapetrans_0313_p2.img	r2q/companions/recall/r2q_recall_shapetrans_0313_p3.img	TRIANGLE
R_shapetrans_0314	shapetrans	r2n_shapetrans_0314.img	r2q/companions/recall/r2q_recall_shapetrans_0314_g.img	r2q/companions/recall/r2q_recall_shapetrans_0314_p1.img	r2q/companions/recall/r2q_recall_shapetrans_0314_p2.img	r2q/companions/recall/r2q_recall_shapetrans_0314_p3.img	SQUARE
R_shapetrans_0315	shapetrans	r2n_shapetrans_0315.img	r2q/companions/recall/r2q_recall_shapetrans_0315_g.img	r2q/companions/recall/r2q_recall_shapetrans_0315_p1.img	r2q/companions/recall/r2q_recall_shapetrans_0315_p2.img	r2q/companions/recall/r2q_recall_shapetrans_0315_p3.img	CIRCLE
R_shapetrans_0316	shapetrans	r2n_shapetrans_0316.img	r2q/companions/recall/r2q_recall_shapetrans_0316_g.img	r2q/companions/recall/r2q_recall_shapetrans_0316_p1.img	r2q/companions/recall/r2q_recall_shapetrans_0316_p2.img	r2q/companions/recall/r2q_recall_shapetrans_0316_p3.img	TRIANGLE
R_shapetrans_0317	shapetrans	r2n_shapetrans_0317.img	r2q/companions/recall/r2q_recall_shapetrans_0317_g.img	r2q/companions/recall/r2q_recall_shapetrans_0317_p1.img	r2q/companions/recall/r2q_recall_shapetrans_0317_p2.img	r2q/companions/recall/r2q_recall_shapetrans_0317_p3.img	SQUARE
R_shapetrans_0318	shapetrans	r2n_shapetrans_0318.img	r2q/companions/recall/r2q_recall_shapetrans_0318_g.img	r2q/companions/recall/r2q_recall_shapetrans_0318_p1.img	r2q/companions/recall/r2q_recall_shapetrans_0318_p2.img	r2q/companions/recall/r2q_recall_shapetrans_0318_p3.img	CIRCLE
R_shapetrans_0319	shapetrans	r2n_shapetrans_0319.img	r2q/companions/recall/r2q_recall_shapetrans_0319_g.img	r2q/companions/recall/r2q_recall_shapetrans_0319_p1.img	r2q/companions/recall/r2q_recall_shapetrans_0319_p2.img	r2q/companions/recall/r2q_recall_shapetrans_0319_p3.img	TRIANGLE
R_shapetrans_0320	shapetrans	r2n_shapetrans_0320.img	r2q/companions/recall/r2q_recall_shapetrans_0320_g.img	r2q/companions/recall/r2q_recall_shapetrans_0320_p1.img	r2q/companions/recall/r2q_recall_shapetrans_0320_p2.img	r2q/companions/recall/r2q_recall_shapetrans_0320_p3.img	SQUARE
R_shapetrans_0321	shapetrans	r2n_shapetrans_0321.img	r2q/companions/recall/r2q_recall_shapetrans_0321_g.img	r2q/companions/recall/r2q_recall_shapetrans_0321_p1.img	r2q/companions/recall/r2q_recall_shapetrans_0321_p2.img	r2q/companions/recall/r2q_recall_shapetrans_0321_p3.img	CIRCLE
R_shapetrans_0322	shapetrans	r2n_shapetrans_0322.img	r2q/companions/recall/r2q_recall_shapetrans_0322_g.img	r2q/companions/recall/r2q_recall_shapetrans_0322_p1.img	r2q/companions/recall/r2q_recall_shapetrans_0322_p2.img	r2q/companions/recall/r2q_recall_shapetrans_0322_p3.img	TRIANGLE
R_shapetrans_0323	shapetrans	r2n_shapetrans_0323.img	r2q/companions/recall/r2q_recall_shapetrans_0323_g.img	r2q/companions/recall/r2q_recall_shapetrans_0323_p1.img	r2q/companions/recall/r2q_recall_shapetrans_0323_p2.img	r2q/companions/recall/r2q_recall_shapetrans_0323_p3.img	SQUARE
R_shapetrans_0324	shapetrans	r2n_shapetrans_0324.img	r2q/companions/recall/r2q_recall_shapetrans_0324_g.img	r2q/companions/recall/r2q_recall_shapetrans_0324_p1.img	r2q/companions/recall/r2q_recall_shapetrans_0324_p2.img	r2q/companions/recall/r2q_recall_shapetrans_0324_p3.img	CIRCLE
R_shapetrans_0325	shapetrans	r2n_shapetrans_0325.img	r2q/companions/recall/r2q_recall_shapetrans_0325_g.img	r2q/companions/recall/r2q_recall_shapetrans_0325_p1.img	r2q/companions/recall/r2q_recall_shapetrans_0325_p2.img	r2q/companions/recall/r2q_recall_shapetrans_0325_p3.img	TRIANGLE
R_shapetrans_0326	shapetrans	r2n_shapetrans_0326.img	r2q/companions/recall/r2q_recall_shapetrans_0326_g.img	r2q/companions/recall/r2q_recall_shapetrans_0326_p1.img	r2q/companions/recall/r2q_recall_shapetrans_0326_p2.img	r2q/companions/recall/r2q_recall_shapetrans_0326_p3.img	SQUARE
R_shapetrans_0327	shapetrans	r2n_shapetrans_0327.img	r2q/companions/recall/r2q_recall_shapetrans_0327_g.img	r2q/companions/recall/r2q_recall_shapetrans_0327_p1.img	r2q/companions/recall/r2q_recall_shapetrans_0327_p2.img	r2q/companions/recall/r2q_recall_shapetrans_0327_p3.img	CIRCLE
R_shapetrans_0328	shapetrans	r2n_shapetrans_0328.img	r2q/companions/recall/r2q_recall_shapetrans_0328_g.img	r2q/companions/recall/r2q_recall_shapetrans_0328_p1.img	r2q/companions/recall/r2q_recall_shapetrans_0328_p2.img	r2q/companions/recall/r2q_recall_shapetrans_0328_p3.img	TRIANGLE
R_shapetrans_0329	shapetrans	r2n_shapetrans_0329.img	r2q/companions/recall/r2q_recall_shapetrans_0329_g.img	r2q/companions/recall/r2q_recall_shapetrans_0329_p1.img	r2q/companions/recall/r2q_recall_shapetrans_0329_p2.img	r2q/companions/recall/r2q_recall_shapetrans_0329_p3.img	SQUARE
R_shapetrans_0330	shapetrans	r2n_shapetrans_0330.img	r2q/companions/recall/r2q_recall_shapetrans_0330_g.img	r2q/companions/recall/r2q_recall_shapetrans_0330_p1.img	r2q/companions/recall/r2q_recall_shapetrans_0330_p2.img	r2q/companions/recall/r2q_recall_shapetrans_0330_p3.img	CIRCLE
R_shapetrans_0331	shapetrans	r2n_shapetrans_0331.img	r2q/companions/recall/r2q_recall_shapetrans_0331_g.img	r2q/companions/recall/r2q_recall_shapetrans_0331_p1.img	r2q/companions/recall/r2q_recall_shapetrans_0331_p2.img	r2q/companions/recall/r2q_recall_shapetrans_0331_p3.img	TRIANGLE
R_shapetrans_0332	shapetrans	r2n_shapetrans_0332.img	r2q/companions/recall/r2q_recall_shapetrans_0332_g.img	r2q/companions/recall/r2q_recall_shapetrans_0332_p1.img	r2q/companions/recall/r2q_recall_shapetrans_0332_p2.img	r2q/companions/recall/r2q_recall_shapetrans_0332_p3.img	SQUARE
R_shapetrans_0333	shapetrans	r2n_shapetrans_0333.img	r2q/companions/recall/r2q_recall_shapetrans_0333_g.img	r2q/companions/recall/r2q_recall_shapetrans_0333_p1.img	r2q/companions/recall/r2q_recall_shapetrans_0333_p2.img	r2q/companions/recall/r2q_recall_shapetrans_0333_p3.img	CIRCLE
R_shapetrans_0334	shapetrans	r2n_shapetrans_0334.img	r2q/companions/recall/r2q_recall_shapetrans_0334_g.img	r2q/companions/recall/r2q_recall_shapetrans_0334_p1.img	r2q/companions/recall/r2q_recall_shapetrans_0334_p2.img	r2q/companions/recall/r2q_recall_shapetrans_0334_p3.img	TRIANGLE
R_shapetrans_0335	shapetrans	r2n_shapetrans_0335.img	r2q/companions/recall/r2q_recall_shapetrans_0335_g.img	r2q/companions/recall/r2q_recall_shapetrans_0335_p1.img	r2q/companions/recall/r2q_recall_shapetrans_0335_p2.img	r2q/companions/recall/r2q_recall_shapetrans_0335_p3.img	SQUARE
R_shapetrans_0336	shapetrans	r2n_shapetrans_0336.img	r2q/companions/recall/r2q_recall_shapetrans_0336_g.img	r2q/companions/recall/r2q_recall_shapetrans_0336_p1.img	r2q/companions/recall/r2q_recall_shapetrans_0336_p2.img	r2q/companions/recall/r2q_recall_shapetrans_0336_p3.img	CIRCLE
R_shapetrans_0337	shapetrans	r2n_shapetrans_0337.img	r2q/companions/recall/r2q_recall_shapetrans_0337_g.img	r2q/companions/recall/r2q_recall_shapetrans_0337_p1.img	r2q/companions/recall/r2q_recall_shapetrans_0337_p2.img	r2q/companions/recall/r2q_recall_shapetrans_0337_p3.img	TRIANGLE
R_shapetrans_0338	shapetrans	r2n_shapetrans_0338.img	r2q/companions/recall/r2q_recall_shapetrans_0338_g.img	r2q/companions/recall/r2q_recall_shapetrans_0338_p1.img	r2q/companions/recall/r2q_recall_shapetrans_0338_p2.img	r2q/companions/recall/r2q_recall_shapetrans_0338_p3.img	SQUARE
R_shapetrans_0339	shapetrans	r2n_shapetrans_0339.img	r2q/companions/recall/r2q_recall_shapetrans_0339_g.img	r2q/companions/recall/r2q_recall_shapetrans_0339_p1.img	r2q/companions/recall/r2q_recall_shapetrans_0339_p2.img	r2q/companions/recall/r2q_recall_shapetrans_0339_p3.img	CIRCLE
R_shapetrans_0340	shapetrans	r2n_shapetrans_0340.img	r2q/companions/recall/r2q_recall_shapetrans_0340_g.img	r2q/companions/recall/r2q_recall_shapetrans_0340_p1.img	r2q/companions/recall/r2q_recall_shapetrans_0340_p2.img	r2q/companions/recall/r2q_recall_shapetrans_0340_p3.img	TRIANGLE
R_shapetrans_0341	shapetrans	r2n_shapetrans_0341.img	r2q/companions/recall/r2q_recall_shapetrans_0341_g.img	r2q/companions/recall/r2q_recall_shapetrans_0341_p1.img	r2q/companions/recall/r2q_recall_shapetrans_0341_p2.img	r2q/companions/recall/r2q_recall_shapetrans_0341_p3.img	SQUARE
R_shapetrans_0342	shapetrans	r2n_shapetrans_0342.img	r2q/companions/recall/r2q_recall_shapetrans_0342_g.img	r2q/companions/recall/r2q_recall_shapetrans_0342_p1.img	r2q/companions/recall/r2q_recall_shapetrans_0342_p2.img	r2q/companions/recall/r2q_recall_shapetrans_0342_p3.img	CIRCLE
R_shapetrans_0343	shapetrans	r2n_shapetrans_0343.img	r2q/companions/recall/r2q_recall_shapetrans_0343_g.img	r2q/companions/recall/r2q_recall_shapetrans_0343_p1.img	r2q/companions/recall/r2q_recall_shapetrans_0343_p2.img	r2q/companions/recall/r2q_recall_shapetrans_0343_p3.img	TRIANGLE
R_shapetrans_0344	shapetrans	r2n_shapetrans_0344.img	r2q/companions/recall/r2q_recall_shapetrans_0344_g.img	r2q/companions/recall/r2q_recall_shapetrans_0344_p1.img	r2q/companions/recall/r2q_recall_shapetrans_0344_p2.img	r2q/companions/recall/r2q_recall_shapetrans_0344_p3.img	SQUARE
R_shapetrans_0345	shapetrans	r2n_shapetrans_0345.img	r2q/companions/recall/r2q_recall_shapetrans_0345_g.img	r2q/companions/recall/r2q_recall_shapetrans_0345_p1.img	r2q/companions/recall/r2q_recall_shapetrans_0345_p2.img	r2q/companions/recall/r2q_recall_shapetrans_0345_p3.img	CIRCLE
R_shapetrans_0346	shapetrans	r2n_shapetrans_0346.img	r2q/companions/recall/r2q_recall_shapetrans_0346_g.img	r2q/companions/recall/r2q_recall_shapetrans_0346_p1.img	r2q/companions/recall/r2q_recall_shapetrans_0346_p2.img	r2q/companions/recall/r2q_recall_shapetrans_0346_p3.img	TRIANGLE
R_shapetrans_0347	shapetrans	r2n_shapetrans_0347.img	r2q/companions/recall/r2q_recall_shapetrans_0347_g.img	r2q/companions/recall/r2q_recall_shapetrans_0347_p1.img	r2q/companions/recall/r2q_recall_shapetrans_0347_p2.img	r2q/companions/recall/r2q_recall_shapetrans_0347_p3.img	SQUARE
R_shapetrans_0348	shapetrans	r2n_shapetrans_0348.img	r2q/companions/recall/r2q_recall_shapetrans_0348_g.img	r2q/companions/recall/r2q_recall_shapetrans_0348_p1.img	r2q/companions/recall/r2q_recall_shapetrans_0348_p2.img	r2q/companions/recall/r2q_recall_shapetrans_0348_p3.img	CIRCLE
R_shapetrans_0349	shapetrans	r2n_shapetrans_0349.img	r2q/companions/recall/r2q_recall_shapetrans_0349_g.img	r2q/companions/recall/r2q_recall_shapetrans_0349_p1.img	r2q/companions/recall/r2q_recall_shapetrans_0349_p2.img	r2q/companions/recall/r2q_recall_shapetrans_0349_p3.img	TRIANGLE
R_shapetrans_0350	shapetrans	r2n_shapetrans_0350.img	r2q/companions/recall/r2q_recall_shapetrans_0350_g.img	r2q/companions/recall/r2q_recall_shapetrans_0350_p1.img	r2q/companions/recall/r2q_recall_shapetrans_0350_p2.img	r2q/companions/recall/r2q_recall_shapetrans_0350_p3.img	SQUARE
R_shapetrans_0351	shapetrans	r2n_shapetrans_0351.img	r2q/companions/recall/r2q_recall_shapetrans_0351_g.img	r2q/companions/recall/r2q_recall_shapetrans_0351_p1.img	r2q/companions/recall/r2q_recall_shapetrans_0351_p2.img	r2q/companions/recall/r2q_recall_shapetrans_0351_p3.img	CIRCLE
R_shapetrans_0352	shapetrans	r2n_shapetrans_0352.img	r2q/companions/recall/r2q_recall_shapetrans_0352_g.img	r2q/companions/recall/r2q_recall_shapetrans_0352_p1.img	r2q/companions/recall/r2q_recall_shapetrans_0352_p2.img	r2q/companions/recall/r2q_recall_shapetrans_0352_p3.img	TRIANGLE
R_shapetrans_0353	shapetrans	r2n_shapetrans_0353.img	r2q/companions/recall/r2q_recall_shapetrans_0353_g.img	r2q/companions/recall/r2q_recall_shapetrans_0353_p1.img	r2q/companions/recall/r2q_recall_shapetrans_0353_p2.img	r2q/companions/recall/r2q_recall_shapetrans_0353_p3.img	SQUARE
R_shapetrans_0354	shapetrans	r2n_shapetrans_0354.img	r2q/companions/recall/r2q_recall_shapetrans_0354_g.img	r2q/companions/recall/r2q_recall_shapetrans_0354_p1.img	r2q/companions/recall/r2q_recall_shapetrans_0354_p2.img	r2q/companions/recall/r2q_recall_shapetrans_0354_p3.img	CIRCLE
R_shapetrans_0355	shapetrans	r2n_shapetrans_0355.img	r2q/companions/recall/r2q_recall_shapetrans_0355_g.img	r2q/companions/recall/r2q_recall_shapetrans_0355_p1.img	r2q/companions/recall/r2q_recall_shapetrans_0355_p2.img	r2q/companions/recall/r2q_recall_shapetrans_0355_p3.img	TRIANGLE
R_shapetrans_0356	shapetrans	r2n_shapetrans_0356.img	r2q/companions/recall/r2q_recall_shapetrans_0356_g.img	r2q/companions/recall/r2q_recall_shapetrans_0356_p1.img	r2q/companions/recall/r2q_recall_shapetrans_0356_p2.img	r2q/companions/recall/r2q_recall_shapetrans_0356_p3.img	SQUARE
R_shapetrans_0357	shapetrans	r2n_shapetrans_0357.img	r2q/companions/recall/r2q_recall_shapetrans_0357_g.img	r2q/companions/recall/r2q_recall_shapetrans_0357_p1.img	r2q/companions/recall/r2q_recall_shapetrans_0357_p2.img	r2q/companions/recall/r2q_recall_shapetrans_0357_p3.img	CIRCLE
R_shapetrans_0358	shapetrans	r2n_shapetrans_0358.img	r2q/companions/recall/r2q_recall_shapetrans_0358_g.img	r2q/companions/recall/r2q_recall_shapetrans_0358_p1.img	r2q/companions/recall/r2q_recall_shapetrans_0358_p2.img	r2q/companions/recall/r2q_recall_shapetrans_0358_p3.img	TRIANGLE
R_shapetrans_0359	shapetrans	r2n_shapetrans_0359.img	r2q/companions/recall/r2q_recall_shapetrans_0359_g.img	r2q/companions/recall/r2q_recall_shapetrans_0359_p1.img	r2q/companions/recall/r2q_recall_shapetrans_0359_p2.img	r2q/companions/recall/r2q_recall_shapetrans_0359_p3.img	SQUARE
R_shapetrans_0360	shapetrans	r2n_shapetrans_0360.img	r2q/companions/recall/r2q_recall_shapetrans_0360_g.img	r2q/companions/recall/r2q_recall_shapetrans_0360_p1.img	r2q/companions/recall/r2q_recall_shapetrans_0360_p2.img	r2q/companions/recall/r2q_recall_shapetrans_0360_p3.img	CIRCLE
R_shapetrans_0361	shapetrans	r2n_shapetrans_0361.img	r2q/companions/recall/r2q_recall_shapetrans_0361_g.img	r2q/companions/recall/r2q_recall_shapetrans_0361_p1.img	r2q/companions/recall/r2q_recall_shapetrans_0361_p2.img	r2q/companions/recall/r2q_recall_shapetrans_0361_p3.img	TRIANGLE
R_shapetrans_0362	shapetrans	r2n_shapetrans_0362.img	r2q/companions/recall/r2q_recall_shapetrans_0362_g.img	r2q/companions/recall/r2q_recall_shapetrans_0362_p1.img	r2q/companions/recall/r2q_recall_shapetrans_0362_p2.img	r2q/companions/recall/r2q_recall_shapetrans_0362_p3.img	SQUARE
R_shapetrans_0363	shapetrans	r2n_shapetrans_0363.img	r2q/companions/recall/r2q_recall_shapetrans_0363_g.img	r2q/companions/recall/r2q_recall_shapetrans_0363_p1.img	r2q/companions/recall/r2q_recall_shapetrans_0363_p2.img	r2q/companions/recall/r2q_recall_shapetrans_0363_p3.img	CIRCLE
R_shapetrans_0364	shapetrans	r2n_shapetrans_0364.img	r2q/companions/recall/r2q_recall_shapetrans_0364_g.img	r2q/companions/recall/r2q_recall_shapetrans_0364_p1.img	r2q/companions/recall/r2q_recall_shapetrans_0364_p2.img	r2q/companions/recall/r2q_recall_shapetrans_0364_p3.img	TRIANGLE
R_shapetrans_0365	shapetrans	r2n_shapetrans_0365.img	r2q/companions/recall/r2q_recall_shapetrans_0365_g.img	r2q/companions/recall/r2q_recall_shapetrans_0365_p1.img	r2q/companions/recall/r2q_recall_shapetrans_0365_p2.img	r2q/companions/recall/r2q_recall_shapetrans_0365_p3.img	SQUARE
R_shapetrans_0366	shapetrans	r2n_shapetrans_0366.img	r2q/companions/recall/r2q_recall_shapetrans_0366_g.img	r2q/companions/recall/r2q_recall_shapetrans_0366_p1.img	r2q/companions/recall/r2q_recall_shapetrans_0366_p2.img	r2q/companions/recall/r2q_recall_shapetrans_0366_p3.img	CIRCLE
R_shapetrans_0367	shapetrans	r2n_shapetrans_0367.img	r2q/companions/recall/r2q_recall_shapetrans_0367_g.img	r2q/companions/recall/r2q_recall_shapetrans_0367_p1.img	r2q/companions/recall/r2q_recall_shapetrans_0367_p2.img	r2q/companions/recall/r2q_recall_shapetrans_0367_p3.img	TRIANGLE
R_shapetrans_0368	shapetrans	r2n_shapetrans_0368.img	r2q/companions/recall/r2q_recall_shapetrans_0368_g.img	r2q/companions/recall/r2q_recall_shapetrans_0368_p1.img	r2q/companions/recall/r2q_recall_shapetrans_0368_p2.img	r2q/companions/recall/r2q_recall_shapetrans_0368_p3.img	SQUARE
R_shapetrans_0369	shapetrans	r2n_shapetrans_0369.img	r2q/companions/recall/r2q_recall_shapetrans_0369_g.img	r2q/companions/recall/r2q_recall_shapetrans_0369_p1.img	r2q/companions/recall/r2q_recall_shapetrans_0369_p2.img	r2q/companions/recall/r2q_recall_shapetrans_0369_p3.img	CIRCLE
R_shapetrans_0370	shapetrans	r2n_shapetrans_0370.img	r2q/companions/recall/r2q_recall_shapetrans_0370_g.img	r2q/companions/recall/r2q_recall_shapetrans_0370_p1.img	r2q/companions/recall/r2q_recall_shapetrans_0370_p2.img	r2q/companions/recall/r2q_recall_shapetrans_0370_p3.img	TRIANGLE
R_shapetrans_0371	shapetrans	r2n_shapetrans_0371.img	r2q/companions/recall/r2q_recall_shapetrans_0371_g.img	r2q/companions/recall/r2q_recall_shapetrans_0371_p1.img	r2q/companions/recall/r2q_recall_shapetrans_0371_p2.img	r2q/companions/recall/r2q_recall_shapetrans_0371_p3.img	SQUARE
R_shapetrans_0372	shapetrans	r2n_shapetrans_0372.img	r2q/companions/recall/r2q_recall_shapetrans_0372_g.img	r2q/companions/recall/r2q_recall_shapetrans_0372_p1.img	r2q/companions/recall/r2q_recall_shapetrans_0372_p2.img	r2q/companions/recall/r2q_recall_shapetrans_0372_p3.img	CIRCLE
R_shapetrans_0373	shapetrans	r2n_shapetrans_0373.img	r2q/companions/recall/r2q_recall_shapetrans_0373_g.img	r2q/companions/recall/r2q_recall_shapetrans_0373_p1.img	r2q/companions/recall/r2q_recall_shapetrans_0373_p2.img	r2q/companions/recall/r2q_recall_shapetrans_0373_p3.img	TRIANGLE
R_shapetrans_0374	shapetrans	r2n_shapetrans_0374.img	r2q/companions/recall/r2q_recall_shapetrans_0374_g.img	r2q/companions/recall/r2q_recall_shapetrans_0374_p1.img	r2q/companions/recall/r2q_recall_shapetrans_0374_p2.img	r2q/companions/recall/r2q_recall_shapetrans_0374_p3.img	SQUARE
R_shapetrans_0375	shapetrans	r2n_shapetrans_0375.img	r2q/companions/recall/r2q_recall_shapetrans_0375_g.img	r2q/companions/recall/r2q_recall_shapetrans_0375_p1.img	r2q/companions/recall/r2q_recall_shapetrans_0375_p2.img	r2q/companions/recall/r2q_recall_shapetrans_0375_p3.img	CIRCLE
R_shapetrans_0376	shapetrans	r2n_shapetrans_0376.img	r2q/companions/recall/r2q_recall_shapetrans_0376_g.img	r2q/companions/recall/r2q_recall_shapetrans_0376_p1.img	r2q/companions/recall/r2q_recall_shapetrans_0376_p2.img	r2q/companions/recall/r2q_recall_shapetrans_0376_p3.img	TRIANGLE
R_shapetrans_0377	shapetrans	r2n_shapetrans_0377.img	r2q/companions/recall/r2q_recall_shapetrans_0377_g.img	r2q/companions/recall/r2q_recall_shapetrans_0377_p1.img	r2q/companions/recall/r2q_recall_shapetrans_0377_p2.img	r2q/companions/recall/r2q_recall_shapetrans_0377_p3.img	SQUARE
R_shapetrans_0378	shapetrans	r2n_shapetrans_0378.img	r2q/companions/recall/r2q_recall_shapetrans_0378_g.img	r2q/companions/recall/r2q_recall_shapetrans_0378_p1.img	r2q/companions/recall/r2q_recall_shapetrans_0378_p2.img	r2q/companions/recall/r2q_recall_shapetrans_0378_p3.img	CIRCLE
R_shapetrans_0379	shapetrans	r2n_shapetrans_0379.img	r2q/companions/recall/r2q_recall_shapetrans_0379_g.img	r2q/companions/recall/r2q_recall_shapetrans_0379_p1.img	r2q/companions/recall/r2q_recall_shapetrans_0379_p2.img	r2q/companions/recall/r2q_recall_shapetrans_0379_p3.img	TRIANGLE
R_shapetrans_0380	shapetrans	r2n_shapetrans_0380.img	r2q/companions/recall/r2q_recall_shapetrans_0380_g.img	r2q/companions/recall/r2q_recall_shapetrans_0380_p1.img	r2q/companions/recall/r2q_recall_shapetrans_0380_p2.img	r2q/companions/recall/r2q_recall_shapetrans_0380_p3.img	SQUARE
R_shapetrans_0381	shapetrans	r2n_shapetrans_0381.img	r2q/companions/recall/r2q_recall_shapetrans_0381_g.img	r2q/companions/recall/r2q_recall_shapetrans_0381_p1.img	r2q/companions/recall/r2q_recall_shapetrans_0381_p2.img	r2q/companions/recall/r2q_recall_shapetrans_0381_p3.img	CIRCLE
R_shapetrans_0382	shapetrans	r2n_shapetrans_0382.img	r2q/companions/recall/r2q_recall_shapetrans_0382_g.img	r2q/companions/recall/r2q_recall_shapetrans_0382_p1.img	r2q/companions/recall/r2q_recall_shapetrans_0382_p2.img	r2q/companions/recall/r2q_recall_shapetrans_0382_p3.img	TRIANGLE
R_shapetrans_0383	shapetrans	r2n_shapetrans_0383.img	r2q/companions/recall/r2q_recall_shapetrans_0383_g.img	r2q/companions/recall/r2q_recall_shapetrans_0383_p1.img	r2q/companions/recall/r2q_recall_shapetrans_0383_p2.img	r2q/companions/recall/r2q_recall_shapetrans_0383_p3.img	SQUARE
R_shapetrans_0384	shapetrans	r2n_shapetrans_0384.img	r2q/companions/recall/r2q_recall_shapetrans_0384_g.img	r2q/companions/recall/r2q_recall_shapetrans_0384_p1.img	r2q/companions/recall/r2q_recall_shapetrans_0384_p2.img	r2q/companions/recall/r2q_recall_shapetrans_0384_p3.img	CIRCLE
R_shapetrans_0385	shapetrans	r2n_shapetrans_0385.img	r2q/companions/recall/r2q_recall_shapetrans_0385_g.img	r2q/companions/recall/r2q_recall_shapetrans_0385_p1.img	r2q/companions/recall/r2q_recall_shapetrans_0385_p2.img	r2q/companions/recall/r2q_recall_shapetrans_0385_p3.img	TRIANGLE
R_shapetrans_0386	shapetrans	r2n_shapetrans_0386.img	r2q/companions/recall/r2q_recall_shapetrans_0386_g.img	r2q/companions/recall/r2q_recall_shapetrans_0386_p1.img	r2q/companions/recall/r2q_recall_shapetrans_0386_p2.img	r2q/companions/recall/r2q_recall_shapetrans_0386_p3.img	SQUARE
R_shapetrans_0387	shapetrans	r2n_shapetrans_0387.img	r2q/companions/recall/r2q_recall_shapetrans_0387_g.img	r2q/companions/recall/r2q_recall_shapetrans_0387_p1.img	r2q/companions/recall/r2q_recall_shapetrans_0387_p2.img	r2q/companions/recall/r2q_recall_shapetrans_0387_p3.img	CIRCLE
R_shapetrans_0388	shapetrans	r2n_shapetrans_0388.img	r2q/companions/recall/r2q_recall_shapetrans_0388_g.img	r2q/companions/recall/r2q_recall_shapetrans_0388_p1.img	r2q/companions/recall/r2q_recall_shapetrans_0388_p2.img	r2q/companions/recall/r2q_recall_shapetrans_0388_p3.img	TRIANGLE
R_shapetrans_0389	shapetrans	r2n_shapetrans_0389.img	r2q/companions/recall/r2q_recall_shapetrans_0389_g.img	r2q/companions/recall/r2q_recall_shapetrans_0389_p1.img	r2q/companions/recall/r2q_recall_shapetrans_0389_p2.img	r2q/companions/recall/r2q_recall_shapetrans_0389_p3.img	SQUARE
R_shapetrans_0390	shapetrans	r2n_shapetrans_0390.img	r2q/companions/recall/r2q_recall_shapetrans_0390_g.img	r2q/companions/recall/r2q_recall_shapetrans_0390_p1.img	r2q/companions/recall/r2q_recall_shapetrans_0390_p2.img	r2q/companions/recall/r2q_recall_shapetrans_0390_p3.img	CIRCLE
R_shapetrans_0391	shapetrans	r2n_shapetrans_0391.img	r2q/companions/recall/r2q_recall_shapetrans_0391_g.img	r2q/companions/recall/r2q_recall_shapetrans_0391_p1.img	r2q/companions/recall/r2q_recall_shapetrans_0391_p2.img	r2q/companions/recall/r2q_recall_shapetrans_0391_p3.img	TRIANGLE
R_shapetrans_0392	shapetrans	r2n_shapetrans_0392.img	r2q/companions/recall/r2q_recall_shapetrans_0392_g.img	r2q/companions/recall/r2q_recall_shapetrans_0392_p1.img	r2q/companions/recall/r2q_recall_shapetrans_0392_p2.img	r2q/companions/recall/r2q_recall_shapetrans_0392_p3.img	SQUARE
R_shapetrans_0393	shapetrans	r2n_shapetrans_0393.img	r2q/companions/recall/r2q_recall_shapetrans_0393_g.img	r2q/companions/recall/r2q_recall_shapetrans_0393_p1.img	r2q/companions/recall/r2q_recall_shapetrans_0393_p2.img	r2q/companions/recall/r2q_recall_shapetrans_0393_p3.img	CIRCLE
R_shapetrans_0394	shapetrans	r2n_shapetrans_0394.img	r2q/companions/recall/r2q_recall_shapetrans_0394_g.img	r2q/companions/recall/r2q_recall_shapetrans_0394_p1.img	r2q/companions/recall/r2q_recall_shapetrans_0394_p2.img	r2q/companions/recall/r2q_recall_shapetrans_0394_p3.img	TRIANGLE
R_shapetrans_0395	shapetrans	r2n_shapetrans_0395.img	r2q/companions/recall/r2q_recall_shapetrans_0395_g.img	r2q/companions/recall/r2q_recall_shapetrans_0395_p1.img	r2q/companions/recall/r2q_recall_shapetrans_0395_p2.img	r2q/companions/recall/r2q_recall_shapetrans_0395_p3.img	SQUARE
R_shapetrans_0396	shapetrans	r2n_shapetrans_0396.img	r2q/companions/recall/r2q_recall_shapetrans_0396_g.img	r2q/companions/recall/r2q_recall_shapetrans_0396_p1.img	r2q/companions/recall/r2q_recall_shapetrans_0396_p2.img	r2q/companions/recall/r2q_recall_shapetrans_0396_p3.img	CIRCLE
R_shapetrans_0397	shapetrans	r2n_shapetrans_0397.img	r2q/companions/recall/r2q_recall_shapetrans_0397_g.img	r2q/companions/recall/r2q_recall_shapetrans_0397_p1.img	r2q/companions/recall/r2q_recall_shapetrans_0397_p2.img	r2q/companions/recall/r2q_recall_shapetrans_0397_p3.img	TRIANGLE
R_shapetrans_0398	shapetrans	r2n_shapetrans_0398.img	r2q/companions/recall/r2q_recall_shapetrans_0398_g.img	r2q/companions/recall/r2q_recall_shapetrans_0398_p1.img	r2q/companions/recall/r2q_recall_shapetrans_0398_p2.img	r2q/companions/recall/r2q_recall_shapetrans_0398_p3.img	SQUARE
R_shapetrans_0399	shapetrans	r2n_shapetrans_0399.img	r2q/companions/recall/r2q_recall_shapetrans_0399_g.img	r2q/companions/recall/r2q_recall_shapetrans_0399_p1.img	r2q/companions/recall/r2q_recall_shapetrans_0399_p2.img	r2q/companions/recall/r2q_recall_shapetrans_0399_p3.img	CIRCLE
R_shapetrans_0400	shapetrans	r2n_shapetrans_0400.img	r2q/companions/recall/r2q_recall_shapetrans_0400_g.img	r2q/companions/recall/r2q_recall_shapetrans_0400_p1.img	r2q/companions/recall/r2q_recall_shapetrans_0400_p2.img	r2q/companions/recall/r2q_recall_shapetrans_0400_p3.img	TRIANGLE
R_shapetrans_0401	shapetrans	r2n_shapetrans_0401.img	r2q/companions/recall/r2q_recall_shapetrans_0401_g.img	r2q/companions/recall/r2q_recall_shapetrans_0401_p1.img	r2q/companions/recall/r2q_recall_shapetrans_0401_p2.img	r2q/companions/recall/r2q_recall_shapetrans_0401_p3.img	SQUARE
R_shapetrans_0402	shapetrans	r2n_shapetrans_0402.img	r2q/companions/recall/r2q_recall_shapetrans_0402_g.img	r2q/companions/recall/r2q_recall_shapetrans_0402_p1.img	r2q/companions/recall/r2q_recall_shapetrans_0402_p2.img	r2q/companions/recall/r2q_recall_shapetrans_0402_p3.img	CIRCLE
R_shapetrans_0403	shapetrans	r2n_shapetrans_0403.img	r2q/companions/recall/r2q_recall_shapetrans_0403_g.img	r2q/companions/recall/r2q_recall_shapetrans_0403_p1.img	r2q/companions/recall/r2q_recall_shapetrans_0403_p2.img	r2q/companions/recall/r2q_recall_shapetrans_0403_p3.img	TRIANGLE
R_shapetrans_0404	shapetrans	r2n_shapetrans_0404.img	r2q/companions/recall/r2q_recall_shapetrans_0404_g.img	r2q/companions/recall/r2q_recall_shapetrans_0404_p1.img	r2q/companions/recall/r2q_recall_shapetrans_0404_p2.img	r2q/companions/recall/r2q_recall_shapetrans_0404_p3.img	SQUARE
R_shapetrans_0405	shapetrans	r2n_shapetrans_0405.img	r2q/companions/recall/r2q_recall_shapetrans_0405_g.img	r2q/companions/recall/r2q_recall_shapetrans_0405_p1.img	r2q/companions/recall/r2q_recall_shapetrans_0405_p2.img	r2q/companions/recall/r2q_recall_shapetrans_0405_p3.img	CIRCLE
R_shapetrans_0406	shapetrans	r2n_shapetrans_0406.img	r2q/companions/recall/r2q_recall_shapetrans_0406_g.img	r2q/companions/recall/r2q_recall_shapetrans_0406_p1.img	r2q/companions/recall/r2q_recall_shapetrans_0406_p2.img	r2q/companions/recall/r2q_recall_shapetrans_0406_p3.img	TRIANGLE
R_shapetrans_0407	shapetrans	r2n_shapetrans_0407.img	r2q/companions/recall/r2q_recall_shapetrans_0407_g.img	r2q/companions/recall/r2q_recall_shapetrans_0407_p1.img	r2q/companions/recall/r2q_recall_shapetrans_0407_p2.img	r2q/companions/recall/r2q_recall_shapetrans_0407_p3.img	SQUARE
R_shapetrans_0408	shapetrans	r2n_shapetrans_0408.img	r2q/companions/recall/r2q_recall_shapetrans_0408_g.img	r2q/companions/recall/r2q_recall_shapetrans_0408_p1.img	r2q/companions/recall/r2q_recall_shapetrans_0408_p2.img	r2q/companions/recall/r2q_recall_shapetrans_0408_p3.img	CIRCLE
R_shapetrans_0409	shapetrans	r2n_shapetrans_0409.img	r2q/companions/recall/r2q_recall_shapetrans_0409_g.img	r2q/companions/recall/r2q_recall_shapetrans_0409_p1.img	r2q/companions/recall/r2q_recall_shapetrans_0409_p2.img	r2q/companions/recall/r2q_recall_shapetrans_0409_p3.img	TRIANGLE
R_shapetrans_0410	shapetrans	r2n_shapetrans_0410.img	r2q/companions/recall/r2q_recall_shapetrans_0410_g.img	r2q/companions/recall/r2q_recall_shapetrans_0410_p1.img	r2q/companions/recall/r2q_recall_shapetrans_0410_p2.img	r2q/companions/recall/r2q_recall_shapetrans_0410_p3.img	SQUARE
R_shapetrans_0411	shapetrans	r2n_shapetrans_0411.img	r2q/companions/recall/r2q_recall_shapetrans_0411_g.img	r2q/companions/recall/r2q_recall_shapetrans_0411_p1.img	r2q/companions/recall/r2q_recall_shapetrans_0411_p2.img	r2q/companions/recall/r2q_recall_shapetrans_0411_p3.img	CIRCLE
R_shapetrans_0412	shapetrans	r2n_shapetrans_0412.img	r2q/companions/recall/r2q_recall_shapetrans_0412_g.img	r2q/companions/recall/r2q_recall_shapetrans_0412_p1.img	r2q/companions/recall/r2q_recall_shapetrans_0412_p2.img	r2q/companions/recall/r2q_recall_shapetrans_0412_p3.img	TRIANGLE
R_shapetrans_0413	shapetrans	r2n_shapetrans_0413.img	r2q/companions/recall/r2q_recall_shapetrans_0413_g.img	r2q/companions/recall/r2q_recall_shapetrans_0413_p1.img	r2q/companions/recall/r2q_recall_shapetrans_0413_p2.img	r2q/companions/recall/r2q_recall_shapetrans_0413_p3.img	SQUARE
R_shapetrans_0414	shapetrans	r2n_shapetrans_0414.img	r2q/companions/recall/r2q_recall_shapetrans_0414_g.img	r2q/companions/recall/r2q_recall_shapetrans_0414_p1.img	r2q/companions/recall/r2q_recall_shapetrans_0414_p2.img	r2q/companions/recall/r2q_recall_shapetrans_0414_p3.img	CIRCLE
R_shapetrans_0415	shapetrans	r2n_shapetrans_0415.img	r2q/companions/recall/r2q_recall_shapetrans_0415_g.img	r2q/companions/recall/r2q_recall_shapetrans_0415_p1.img	r2q/companions/recall/r2q_recall_shapetrans_0415_p2.img	r2q/companions/recall/r2q_recall_shapetrans_0415_p3.img	TRIANGLE
R_shapetrans_0416	shapetrans	r2n_shapetrans_0416.img	r2q/companions/recall/r2q_recall_shapetrans_0416_g.img	r2q/companions/recall/r2q_recall_shapetrans_0416_p1.img	r2q/companions/recall/r2q_recall_shapetrans_0416_p2.img	r2q/companions/recall/r2q_recall_shapetrans_0416_p3.img	SQUARE
R_shapetrans_0417	shapetrans	r2n_shapetrans_0417.img	r2q/companions/recall/r2q_recall_shapetrans_0417_g.img	r2q/companions/recall/r2q_recall_shapetrans_0417_p1.img	r2q/companions/recall/r2q_recall_shapetrans_0417_p2.img	r2q/companions/recall/r2q_recall_shapetrans_0417_p3.img	CIRCLE
R_shapetrans_0418	shapetrans	r2n_shapetrans_0418.img	r2q/companions/recall/r2q_recall_shapetrans_0418_g.img	r2q/companions/recall/r2q_recall_shapetrans_0418_p1.img	r2q/companions/recall/r2q_recall_shapetrans_0418_p2.img	r2q/companions/recall/r2q_recall_shapetrans_0418_p3.img	TRIANGLE
R_shapetrans_0419	shapetrans	r2n_shapetrans_0419.img	r2q/companions/recall/r2q_recall_shapetrans_0419_g.img	r2q/companions/recall/r2q_recall_shapetrans_0419_p1.img	r2q/companions/recall/r2q_recall_shapetrans_0419_p2.img	r2q/companions/recall/r2q_recall_shapetrans_0419_p3.img	SQUARE
R_shapetrans_0420	shapetrans	r2n_shapetrans_0420.img	r2q/companions/recall/r2q_recall_shapetrans_0420_g.img	r2q/companions/recall/r2q_recall_shapetrans_0420_p1.img	r2q/companions/recall/r2q_recall_shapetrans_0420_p2.img	r2q/companions/recall/r2q_recall_shapetrans_0420_p3.img	CIRCLE
R_shapetrans_0421	shapetrans	r2n_shapetrans_0421.img	r2q/companions/recall/r2q_recall_shapetrans_0421_g.img	r2q/companions/recall/r2q_recall_shapetrans_0421_p1.img	r2q/companions/recall/r2q_recall_shapetrans_0421_p2.img	r2q/companions/recall/r2q_recall_shapetrans_0421_p3.img	TRIANGLE
R_shapetrans_0422	shapetrans	r2n_shapetrans_0422.img	r2q/companions/recall/r2q_recall_shapetrans_0422_g.img	r2q/companions/recall/r2q_recall_shapetrans_0422_p1.img	r2q/companions/recall/r2q_recall_shapetrans_0422_p2.img	r2q/companions/recall/r2q_recall_shapetrans_0422_p3.img	SQUARE
R_shapetrans_0423	shapetrans	r2n_shapetrans_0423.img	r2q/companions/recall/r2q_recall_shapetrans_0423_g.img	r2q/companions/recall/r2q_recall_shapetrans_0423_p1.img	r2q/companions/recall/r2q_recall_shapetrans_0423_p2.img	r2q/companions/recall/r2q_recall_shapetrans_0423_p3.img	CIRCLE
R_shapetrans_0424	shapetrans	r2n_shapetrans_0424.img	r2q/companions/recall/r2q_recall_shapetrans_0424_g.img	r2q/companions/recall/r2q_recall_shapetrans_0424_p1.img	r2q/companions/recall/r2q_recall_shapetrans_0424_p2.img	r2q/companions/recall/r2q_recall_shapetrans_0424_p3.img	TRIANGLE
R_shapetrans_0425	shapetrans	r2n_shapetrans_0425.img	r2q/companions/recall/r2q_recall_shapetrans_0425_g.img	r2q/companions/recall/r2q_recall_shapetrans_0425_p1.img	r2q/companions/recall/r2q_recall_shapetrans_0425_p2.img	r2q/companions/recall/r2q_recall_shapetrans_0425_p3.img	SQUARE
R_shapetrans_0426	shapetrans	r2n_shapetrans_0426.img	r2q/companions/recall/r2q_recall_shapetrans_0426_g.img	r2q/companions/recall/r2q_recall_shapetrans_0426_p1.img	r2q/companions/recall/r2q_recall_shapetrans_0426_p2.img	r2q/companions/recall/r2q_recall_shapetrans_0426_p3.img	CIRCLE
R_shapetrans_0427	shapetrans	r2n_shapetrans_0427.img	r2q/companions/recall/r2q_recall_shapetrans_0427_g.img	r2q/companions/recall/r2q_recall_shapetrans_0427_p1.img	r2q/companions/recall/r2q_recall_shapetrans_0427_p2.img	r2q/companions/recall/r2q_recall_shapetrans_0427_p3.img	TRIANGLE
R_shapetrans_0428	shapetrans	r2n_shapetrans_0428.img	r2q/companions/recall/r2q_recall_shapetrans_0428_g.img	r2q/companions/recall/r2q_recall_shapetrans_0428_p1.img	r2q/companions/recall/r2q_recall_shapetrans_0428_p2.img	r2q/companions/recall/r2q_recall_shapetrans_0428_p3.img	SQUARE
R_shapetrans_0429	shapetrans	r2n_shapetrans_0429.img	r2q/companions/recall/r2q_recall_shapetrans_0429_g.img	r2q/companions/recall/r2q_recall_shapetrans_0429_p1.img	r2q/companions/recall/r2q_recall_shapetrans_0429_p2.img	r2q/companions/recall/r2q_recall_shapetrans_0429_p3.img	CIRCLE
R_shapetrans_0430	shapetrans	r2n_shapetrans_0430.img	r2q/companions/recall/r2q_recall_shapetrans_0430_g.img	r2q/companions/recall/r2q_recall_shapetrans_0430_p1.img	r2q/companions/recall/r2q_recall_shapetrans_0430_p2.img	r2q/companions/recall/r2q_recall_shapetrans_0430_p3.img	TRIANGLE
R_shapetrans_0431	shapetrans	r2n_shapetrans_0431.img	r2q/companions/recall/r2q_recall_shapetrans_0431_g.img	r2q/companions/recall/r2q_recall_shapetrans_0431_p1.img	r2q/companions/recall/r2q_recall_shapetrans_0431_p2.img	r2q/companions/recall/r2q_recall_shapetrans_0431_p3.img	SQUARE
R_shapetrans_0432	shapetrans	r2n_shapetrans_0432.img	r2q/companions/recall/r2q_recall_shapetrans_0432_g.img	r2q/companions/recall/r2q_recall_shapetrans_0432_p1.img	r2q/companions/recall/r2q_recall_shapetrans_0432_p2.img	r2q/companions/recall/r2q_recall_shapetrans_0432_p3.img	CIRCLE
R_shapetrans_0433	shapetrans	r2n_shapetrans_0433.img	r2q/companions/recall/r2q_recall_shapetrans_0433_g.img	r2q/companions/recall/r2q_recall_shapetrans_0433_p1.img	r2q/companions/recall/r2q_recall_shapetrans_0433_p2.img	r2q/companions/recall/r2q_recall_shapetrans_0433_p3.img	TRIANGLE
R_shapetrans_0434	shapetrans	r2n_shapetrans_0434.img	r2q/companions/recall/r2q_recall_shapetrans_0434_g.img	r2q/companions/recall/r2q_recall_shapetrans_0434_p1.img	r2q/companions/recall/r2q_recall_shapetrans_0434_p2.img	r2q/companions/recall/r2q_recall_shapetrans_0434_p3.img	SQUARE
R_shapetrans_0435	shapetrans	r2n_shapetrans_0435.img	r2q/companions/recall/r2q_recall_shapetrans_0435_g.img	r2q/companions/recall/r2q_recall_shapetrans_0435_p1.img	r2q/companions/recall/r2q_recall_shapetrans_0435_p2.img	r2q/companions/recall/r2q_recall_shapetrans_0435_p3.img	CIRCLE
R_shapetrans_0436	shapetrans	r2n_shapetrans_0436.img	r2q/companions/recall/r2q_recall_shapetrans_0436_g.img	r2q/companions/recall/r2q_recall_shapetrans_0436_p1.img	r2q/companions/recall/r2q_recall_shapetrans_0436_p2.img	r2q/companions/recall/r2q_recall_shapetrans_0436_p3.img	TRIANGLE
R_shapetrans_0437	shapetrans	r2n_shapetrans_0437.img	r2q/companions/recall/r2q_recall_shapetrans_0437_g.img	r2q/companions/recall/r2q_recall_shapetrans_0437_p1.img	r2q/companions/recall/r2q_recall_shapetrans_0437_p2.img	r2q/companions/recall/r2q_recall_shapetrans_0437_p3.img	SQUARE
R_shapetrans_0438	shapetrans	r2n_shapetrans_0438.img	r2q/companions/recall/r2q_recall_shapetrans_0438_g.img	r2q/companions/recall/r2q_recall_shapetrans_0438_p1.img	r2q/companions/recall/r2q_recall_shapetrans_0438_p2.img	r2q/companions/recall/r2q_recall_shapetrans_0438_p3.img	CIRCLE
R_shapetrans_0439	shapetrans	r2n_shapetrans_0439.img	r2q/companions/recall/r2q_recall_shapetrans_0439_g.img	r2q/companions/recall/r2q_recall_shapetrans_0439_p1.img	r2q/companions/recall/r2q_recall_shapetrans_0439_p2.img	r2q/companions/recall/r2q_recall_shapetrans_0439_p3.img	TRIANGLE
R_shapetrans_0440	shapetrans	r2n_shapetrans_0440.img	r2q/companions/recall/r2q_recall_shapetrans_0440_g.img	r2q/companions/recall/r2q_recall_shapetrans_0440_p1.img	r2q/companions/recall/r2q_recall_shapetrans_0440_p2.img	r2q/companions/recall/r2q_recall_shapetrans_0440_p3.img	SQUARE
R_shapetrans_0441	shapetrans	r2n_shapetrans_0441.img	r2q/companions/recall/r2q_recall_shapetrans_0441_g.img	r2q/companions/recall/r2q_recall_shapetrans_0441_p1.img	r2q/companions/recall/r2q_recall_shapetrans_0441_p2.img	r2q/companions/recall/r2q_recall_shapetrans_0441_p3.img	CIRCLE
R_shapetrans_0442	shapetrans	r2n_shapetrans_0442.img	r2q/companions/recall/r2q_recall_shapetrans_0442_g.img	r2q/companions/recall/r2q_recall_shapetrans_0442_p1.img	r2q/companions/recall/r2q_recall_shapetrans_0442_p2.img	r2q/companions/recall/r2q_recall_shapetrans_0442_p3.img	TRIANGLE
R_shapetrans_0443	shapetrans	r2n_shapetrans_0443.img	r2q/companions/recall/r2q_recall_shapetrans_0443_g.img	r2q/companions/recall/r2q_recall_shapetrans_0443_p1.img	r2q/companions/recall/r2q_recall_shapetrans_0443_p2.img	r2q/companions/recall/r2q_recall_shapetrans_0443_p3.img	SQUARE
R_shapetrans_0444	shapetrans	r2n_shapetrans_0444.img	r2q/companions/recall/r2q_recall_shapetrans_0444_g.img	r2q/companions/recall/r2q_recall_shapetrans_0444_p1.img	r2q/companions/recall/r2q_recall_shapetrans_0444_p2.img	r2q/companions/recall/r2q_recall_shapetrans_0444_p3.img	CIRCLE
R_shapetrans_0445	shapetrans	r2n_shapetrans_0445.img	r2q/companions/recall/r2q_recall_shapetrans_0445_g.img	r2q/companions/recall/r2q_recall_shapetrans_0445_p1.img	r2q/companions/recall/r2q_recall_shapetrans_0445_p2.img	r2q/companions/recall/r2q_recall_shapetrans_0445_p3.img	TRIANGLE
R_shapetrans_0446	shapetrans	r2n_shapetrans_0446.img	r2q/companions/recall/r2q_recall_shapetrans_0446_g.img	r2q/companions/recall/r2q_recall_shapetrans_0446_p1.img	r2q/companions/recall/r2q_recall_shapetrans_0446_p2.img	r2q/companions/recall/r2q_recall_shapetrans_0446_p3.img	SQUARE
R_shapetrans_0447	shapetrans	r2n_shapetrans_0447.img	r2q/companions/recall/r2q_recall_shapetrans_0447_g.img	r2q/companions/recall/r2q_recall_shapetrans_0447_p1.img	r2q/companions/recall/r2q_recall_shapetrans_0447_p2.img	r2q/companions/recall/r2q_recall_shapetrans_0447_p3.img	CIRCLE
R_shapetrans_0448	shapetrans	r2n_shapetrans_0448.img	r2q/companions/recall/r2q_recall_shapetrans_0448_g.img	r2q/companions/recall/r2q_recall_shapetrans_0448_p1.img	r2q/companions/recall/r2q_recall_shapetrans_0448_p2.img	r2q/companions/recall/r2q_recall_shapetrans_0448_p3.img	TRIANGLE
R_shapetrans_0449	shapetrans	r2n_shapetrans_0449.img	r2q/companions/recall/r2q_recall_shapetrans_0449_g.img	r2q/companions/recall/r2q_recall_shapetrans_0449_p1.img	r2q/companions/recall/r2q_recall_shapetrans_0449_p2.img	r2q/companions/recall/r2q_recall_shapetrans_0449_p3.img	SQUARE
R_shapetrans_0450	shapetrans	r2n_shapetrans_0450.img	r2q/companions/recall/r2q_recall_shapetrans_0450_g.img	r2q/companions/recall/r2q_recall_shapetrans_0450_p1.img	r2q/companions/recall/r2q_recall_shapetrans_0450_p2.img	r2q/companions/recall/r2q_recall_shapetrans_0450_p3.img	CIRCLE
R_shapetrans_0451	shapetrans	r2n_shapetrans_0451.img	r2q/companions/recall/r2q_recall_shapetrans_0451_g.img	r2q/companions/recall/r2q_recall_shapetrans_0451_p1.img	r2q/companions/recall/r2q_recall_shapetrans_0451_p2.img	r2q/companions/recall/r2q_recall_shapetrans_0451_p3.img	TRIANGLE
R_shapetrans_0452	shapetrans	r2n_shapetrans_0452.img	r2q/companions/recall/r2q_recall_shapetrans_0452_g.img	r2q/companions/recall/r2q_recall_shapetrans_0452_p1.img	r2q/companions/recall/r2q_recall_shapetrans_0452_p2.img	r2q/companions/recall/r2q_recall_shapetrans_0452_p3.img	SQUARE
R_shapetrans_0453	shapetrans	r2n_shapetrans_0453.img	r2q/companions/recall/r2q_recall_shapetrans_0453_g.img	r2q/companions/recall/r2q_recall_shapetrans_0453_p1.img	r2q/companions/recall/r2q_recall_shapetrans_0453_p2.img	r2q/companions/recall/r2q_recall_shapetrans_0453_p3.img	CIRCLE
R_shapetrans_0454	shapetrans	r2n_shapetrans_0454.img	r2q/companions/recall/r2q_recall_shapetrans_0454_g.img	r2q/companions/recall/r2q_recall_shapetrans_0454_p1.img	r2q/companions/recall/r2q_recall_shapetrans_0454_p2.img	r2q/companions/recall/r2q_recall_shapetrans_0454_p3.img	TRIANGLE
R_shapetrans_0455	shapetrans	r2n_shapetrans_0455.img	r2q/companions/recall/r2q_recall_shapetrans_0455_g.img	r2q/companions/recall/r2q_recall_shapetrans_0455_p1.img	r2q/companions/recall/r2q_recall_shapetrans_0455_p2.img	r2q/companions/recall/r2q_recall_shapetrans_0455_p3.img	SQUARE
R_shapetrans_0456	shapetrans	r2n_shapetrans_0456.img	r2q/companions/recall/r2q_recall_shapetrans_0456_g.img	r2q/companions/recall/r2q_recall_shapetrans_0456_p1.img	r2q/companions/recall/r2q_recall_shapetrans_0456_p2.img	r2q/companions/recall/r2q_recall_shapetrans_0456_p3.img	CIRCLE
R_shapetrans_0457	shapetrans	r2n_shapetrans_0457.img	r2q/companions/recall/r2q_recall_shapetrans_0457_g.img	r2q/companions/recall/r2q_recall_shapetrans_0457_p1.img	r2q/companions/recall/r2q_recall_shapetrans_0457_p2.img	r2q/companions/recall/r2q_recall_shapetrans_0457_p3.img	TRIANGLE
R_shapetrans_0458	shapetrans	r2n_shapetrans_0458.img	r2q/companions/recall/r2q_recall_shapetrans_0458_g.img	r2q/companions/recall/r2q_recall_shapetrans_0458_p1.img	r2q/companions/recall/r2q_recall_shapetrans_0458_p2.img	r2q/companions/recall/r2q_recall_shapetrans_0458_p3.img	SQUARE
R_shapetrans_0459	shapetrans	r2n_shapetrans_0459.img	r2q/companions/recall/r2q_recall_shapetrans_0459_g.img	r2q/companions/recall/r2q_recall_shapetrans_0459_p1.img	r2q/companions/recall/r2q_recall_shapetrans_0459_p2.img	r2q/companions/recall/r2q_recall_shapetrans_0459_p3.img	CIRCLE
R_shapetrans_0460	shapetrans	r2n_shapetrans_0460.img	r2q/companions/recall/r2q_recall_shapetrans_0460_g.img	r2q/companions/recall/r2q_recall_shapetrans_0460_p1.img	r2q/companions/recall/r2q_recall_shapetrans_0460_p2.img	r2q/companions/recall/r2q_recall_shapetrans_0460_p3.img	TRIANGLE
R_shapetrans_0461	shapetrans	r2n_shapetrans_0461.img	r2q/companions/recall/r2q_recall_shapetrans_0461_g.img	r2q/companions/recall/r2q_recall_shapetrans_0461_p1.img	r2q/companions/recall/r2q_recall_shapetrans_0461_p2.img	r2q/companions/recall/r2q_recall_shapetrans_0461_p3.img	SQUARE
R_shapetrans_0462	shapetrans	r2n_shapetrans_0462.img	r2q/companions/recall/r2q_recall_shapetrans_0462_g.img	r2q/companions/recall/r2q_recall_shapetrans_0462_p1.img	r2q/companions/recall/r2q_recall_shapetrans_0462_p2.img	r2q/companions/recall/r2q_recall_shapetrans_0462_p3.img	CIRCLE
R_shapetrans_0463	shapetrans	r2n_shapetrans_0463.img	r2q/companions/recall/r2q_recall_shapetrans_0463_g.img	r2q/companions/recall/r2q_recall_shapetrans_0463_p1.img	r2q/companions/recall/r2q_recall_shapetrans_0463_p2.img	r2q/companions/recall/r2q_recall_shapetrans_0463_p3.img	TRIANGLE
R_shapetrans_0464	shapetrans	r2n_shapetrans_0464.img	r2q/companions/recall/r2q_recall_shapetrans_0464_g.img	r2q/companions/recall/r2q_recall_shapetrans_0464_p1.img	r2q/companions/recall/r2q_recall_shapetrans_0464_p2.img	r2q/companions/recall/r2q_recall_shapetrans_0464_p3.img	SQUARE
R_shapetrans_0465	shapetrans	r2n_shapetrans_0465.img	r2q/companions/recall/r2q_recall_shapetrans_0465_g.img	r2q/companions/recall/r2q_recall_shapetrans_0465_p1.img	r2q/companions/recall/r2q_recall_shapetrans_0465_p2.img	r2q/companions/recall/r2q_recall_shapetrans_0465_p3.img	CIRCLE
R_shapetrans_0466	shapetrans	r2n_shapetrans_0466.img	r2q/companions/recall/r2q_recall_shapetrans_0466_g.img	r2q/companions/recall/r2q_recall_shapetrans_0466_p1.img	r2q/companions/recall/r2q_recall_shapetrans_0466_p2.img	r2q/companions/recall/r2q_recall_shapetrans_0466_p3.img	TRIANGLE
R_shapetrans_0467	shapetrans	r2n_shapetrans_0467.img	r2q/companions/recall/r2q_recall_shapetrans_0467_g.img	r2q/companions/recall/r2q_recall_shapetrans_0467_p1.img	r2q/companions/recall/r2q_recall_shapetrans_0467_p2.img	r2q/companions/recall/r2q_recall_shapetrans_0467_p3.img	SQUARE
R_shapetrans_0468	shapetrans	r2n_shapetrans_0468.img	r2q/companions/recall/r2q_recall_shapetrans_0468_g.img	r2q/companions/recall/r2q_recall_shapetrans_0468_p1.img	r2q/companions/recall/r2q_recall_shapetrans_0468_p2.img	r2q/companions/recall/r2q_recall_shapetrans_0468_p3.img	CIRCLE
R_shapetrans_0469	shapetrans	r2n_shapetrans_0469.img	r2q/companions/recall/r2q_recall_shapetrans_0469_g.img	r2q/companions/recall/r2q_recall_shapetrans_0469_p1.img	r2q/companions/recall/r2q_recall_shapetrans_0469_p2.img	r2q/companions/recall/r2q_recall_shapetrans_0469_p3.img	TRIANGLE
R_shapetrans_0470	shapetrans	r2n_shapetrans_0470.img	r2q/companions/recall/r2q_recall_shapetrans_0470_g.img	r2q/companions/recall/r2q_recall_shapetrans_0470_p1.img	r2q/companions/recall/r2q_recall_shapetrans_0470_p2.img	r2q/companions/recall/r2q_recall_shapetrans_0470_p3.img	SQUARE
R_shapetrans_0471	shapetrans	r2n_shapetrans_0471.img	r2q/companions/recall/r2q_recall_shapetrans_0471_g.img	r2q/companions/recall/r2q_recall_shapetrans_0471_p1.img	r2q/companions/recall/r2q_recall_shapetrans_0471_p2.img	r2q/companions/recall/r2q_recall_shapetrans_0471_p3.img	CIRCLE
R_shapetrans_0472	shapetrans	r2n_shapetrans_0472.img	r2q/companions/recall/r2q_recall_shapetrans_0472_g.img	r2q/companions/recall/r2q_recall_shapetrans_0472_p1.img	r2q/companions/recall/r2q_recall_shapetrans_0472_p2.img	r2q/companions/recall/r2q_recall_shapetrans_0472_p3.img	TRIANGLE
R_shapetrans_0473	shapetrans	r2n_shapetrans_0473.img	r2q/companions/recall/r2q_recall_shapetrans_0473_g.img	r2q/companions/recall/r2q_recall_shapetrans_0473_p1.img	r2q/companions/recall/r2q_recall_shapetrans_0473_p2.img	r2q/companions/recall/r2q_recall_shapetrans_0473_p3.img	SQUARE
R_shapetrans_0474	shapetrans	r2n_shapetrans_0474.img	r2q/companions/recall/r2q_recall_shapetrans_0474_g.img	r2q/companions/recall/r2q_recall_shapetrans_0474_p1.img	r2q/companions/recall/r2q_recall_shapetrans_0474_p2.img	r2q/companions/recall/r2q_recall_shapetrans_0474_p3.img	CIRCLE
R_shapetrans_0475	shapetrans	r2n_shapetrans_0475.img	r2q/companions/recall/r2q_recall_shapetrans_0475_g.img	r2q/companions/recall/r2q_recall_shapetrans_0475_p1.img	r2q/companions/recall/r2q_recall_shapetrans_0475_p2.img	r2q/companions/recall/r2q_recall_shapetrans_0475_p3.img	TRIANGLE
R_shapetrans_0476	shapetrans	r2n_shapetrans_0476.img	r2q/companions/recall/r2q_recall_shapetrans_0476_g.img	r2q/companions/recall/r2q_recall_shapetrans_0476_p1.img	r2q/companions/recall/r2q_recall_shapetrans_0476_p2.img	r2q/companions/recall/r2q_recall_shapetrans_0476_p3.img	SQUARE
R_shapetrans_0477	shapetrans	r2n_shapetrans_0477.img	r2q/companions/recall/r2q_recall_shapetrans_0477_g.img	r2q/companions/recall/r2q_recall_shapetrans_0477_p1.img	r2q/companions/recall/r2q_recall_shapetrans_0477_p2.img	r2q/companions/recall/r2q_recall_shapetrans_0477_p3.img	CIRCLE
R_shapetrans_0478	shapetrans	r2n_shapetrans_0478.img	r2q/companions/recall/r2q_recall_shapetrans_0478_g.img	r2q/companions/recall/r2q_recall_shapetrans_0478_p1.img	r2q/companions/recall/r2q_recall_shapetrans_0478_p2.img	r2q/companions/recall/r2q_recall_shapetrans_0478_p3.img	TRIANGLE
R_shapetrans_0479	shapetrans	r2n_shapetrans_0479.img	r2q/companions/recall/r2q_recall_shapetrans_0479_g.img	r2q/companions/recall/r2q_recall_shapetrans_0479_p1.img	r2q/companions/recall/r2q_recall_shapetrans_0479_p2.img	r2q/companions/recall/r2q_recall_shapetrans_0479_p3.img	SQUARE
R_shapetrans_0480	shapetrans	r2n_shapetrans_0480.img	r2q/companions/recall/r2q_recall_shapetrans_0480_g.img	r2q/companions/recall/r2q_recall_shapetrans_0480_p1.img	r2q/companions/recall/r2q_recall_shapetrans_0480_p2.img	r2q/companions/recall/r2q_recall_shapetrans_0480_p3.img	CIRCLE
R_shapetrans_0481	shapetrans	r2n_shapetrans_0481.img	r2q/companions/recall/r2q_recall_shapetrans_0481_g.img	r2q/companions/recall/r2q_recall_shapetrans_0481_p1.img	r2q/companions/recall/r2q_recall_shapetrans_0481_p2.img	r2q/companions/recall/r2q_recall_shapetrans_0481_p3.img	TRIANGLE
R_shapetrans_0482	shapetrans	r2n_shapetrans_0482.img	r2q/companions/recall/r2q_recall_shapetrans_0482_g.img	r2q/companions/recall/r2q_recall_shapetrans_0482_p1.img	r2q/companions/recall/r2q_recall_shapetrans_0482_p2.img	r2q/companions/recall/r2q_recall_shapetrans_0482_p3.img	SQUARE
R_shapetrans_0483	shapetrans	r2n_shapetrans_0483.img	r2q/companions/recall/r2q_recall_shapetrans_0483_g.img	r2q/companions/recall/r2q_recall_shapetrans_0483_p1.img	r2q/companions/recall/r2q_recall_shapetrans_0483_p2.img	r2q/companions/recall/r2q_recall_shapetrans_0483_p3.img	CIRCLE
R_shapetrans_0484	shapetrans	r2n_shapetrans_0484.img	r2q/companions/recall/r2q_recall_shapetrans_0484_g.img	r2q/companions/recall/r2q_recall_shapetrans_0484_p1.img	r2q/companions/recall/r2q_recall_shapetrans_0484_p2.img	r2q/companions/recall/r2q_recall_shapetrans_0484_p3.img	TRIANGLE
R_shapetrans_0485	shapetrans	r2n_shapetrans_0485.img	r2q/companions/recall/r2q_recall_shapetrans_0485_g.img	r2q/companions/recall/r2q_recall_shapetrans_0485_p1.img	r2q/companions/recall/r2q_recall_shapetrans_0485_p2.img	r2q/companions/recall/r2q_recall_shapetrans_0485_p3.img	SQUARE
R_shapetrans_0486	shapetrans	r2n_shapetrans_0486.img	r2q/companions/recall/r2q_recall_shapetrans_0486_g.img	r2q/companions/recall/r2q_recall_shapetrans_0486_p1.img	r2q/companions/recall/r2q_recall_shapetrans_0486_p2.img	r2q/companions/recall/r2q_recall_shapetrans_0486_p3.img	CIRCLE
R_shapetrans_0487	shapetrans	r2n_shapetrans_0487.img	r2q/companions/recall/r2q_recall_shapetrans_0487_g.img	r2q/companions/recall/r2q_recall_shapetrans_0487_p1.img	r2q/companions/recall/r2q_recall_shapetrans_0487_p2.img	r2q/companions/recall/r2q_recall_shapetrans_0487_p3.img	TRIANGLE
R_shapetrans_0488	shapetrans	r2n_shapetrans_0488.img	r2q/companions/recall/r2q_recall_shapetrans_0488_g.img	r2q/companions/recall/r2q_recall_shapetrans_0488_p1.img	r2q/companions/recall/r2q_recall_shapetrans_0488_p2.img	r2q/companions/recall/r2q_recall_shapetrans_0488_p3.img	SQUARE
R_shapetrans_0489	shapetrans	r2n_shapetrans_0489.img	r2q/companions/recall/r2q_recall_shapetrans_0489_g.img	r2q/companions/recall/r2q_recall_shapetrans_0489_p1.img	r2q/companions/recall/r2q_recall_shapetrans_0489_p2.img	r2q/companions/recall/r2q_recall_shapetrans_0489_p3.img	CIRCLE
R_shapetrans_0490	shapetrans	r2n_shapetrans_0490.img	r2q/companions/recall/r2q_recall_shapetrans_0490_g.img	r2q/companions/recall/r2q_recall_shapetrans_0490_p1.img	r2q/companions/recall/r2q_recall_shapetrans_0490_p2.img	r2q/companions/recall/r2q_recall_shapetrans_0490_p3.img	TRIANGLE
R_shapetrans_0491	shapetrans	r2n_shapetrans_0491.img	r2q/companions/recall/r2q_recall_shapetrans_0491_g.img	r2q/companions/recall/r2q_recall_shapetrans_0491_p1.img	r2q/companions/recall/r2q_recall_shapetrans_0491_p2.img	r2q/companions/recall/r2q_recall_shapetrans_0491_p3.img	SQUARE
R_shapetrans_0492	shapetrans	r2n_shapetrans_0492.img	r2q/companions/recall/r2q_recall_shapetrans_0492_g.img	r2q/companions/recall/r2q_recall_shapetrans_0492_p1.img	r2q/companions/recall/r2q_recall_shapetrans_0492_p2.img	r2q/companions/recall/r2q_recall_shapetrans_0492_p3.img	CIRCLE
R_shapetrans_0493	shapetrans	r2n_shapetrans_0493.img	r2q/companions/recall/r2q_recall_shapetrans_0493_g.img	r2q/companions/recall/r2q_recall_shapetrans_0493_p1.img	r2q/companions/recall/r2q_recall_shapetrans_0493_p2.img	r2q/companions/recall/r2q_recall_shapetrans_0493_p3.img	TRIANGLE
R_shapetrans_0494	shapetrans	r2n_shapetrans_0494.img	r2q/companions/recall/r2q_recall_shapetrans_0494_g.img	r2q/companions/recall/r2q_recall_shapetrans_0494_p1.img	r2q/companions/recall/r2q_recall_shapetrans_0494_p2.img	r2q/companions/recall/r2q_recall_shapetrans_0494_p3.img	SQUARE
R_shapetrans_0495	shapetrans	r2n_shapetrans_0495.img	r2q/companions/recall/r2q_recall_shapetrans_0495_g.img	r2q/companions/recall/r2q_recall_shapetrans_0495_p1.img	r2q/companions/recall/r2q_recall_shapetrans_0495_p2.img	r2q/companions/recall/r2q_recall_shapetrans_0495_p3.img	CIRCLE
R_shapetrans_0496	shapetrans	r2n_shapetrans_0496.img	r2q/companions/recall/r2q_recall_shapetrans_0496_g.img	r2q/companions/recall/r2q_recall_shapetrans_0496_p1.img	r2q/companions/recall/r2q_recall_shapetrans_0496_p2.img	r2q/companions/recall/r2q_recall_shapetrans_0496_p3.img	TRIANGLE
R_shapetrans_0497	shapetrans	r2n_shapetrans_0497.img	r2q/companions/recall/r2q_recall_shapetrans_0497_g.img	r2q/companions/recall/r2q_recall_shapetrans_0497_p1.img	r2q/companions/recall/r2q_recall_shapetrans_0497_p2.img	r2q/companions/recall/r2q_recall_shapetrans_0497_p3.img	SQUARE
R_shapetrans_0498	shapetrans	r2n_shapetrans_0498.img	r2q/companions/recall/r2q_recall_shapetrans_0498_g.img	r2q/companions/recall/r2q_recall_shapetrans_0498_p1.img	r2q/companions/recall/r2q_recall_shapetrans_0498_p2.img	r2q/companions/recall/r2q_recall_shapetrans_0498_p3.img	CIRCLE
R_shapetrans_0499	shapetrans	r2n_shapetrans_0499.img	r2q/companions/recall/r2q_recall_shapetrans_0499_g.img	r2q/companions/recall/r2q_recall_shapetrans_0499_p1.img	r2q/companions/recall/r2q_recall_shapetrans_0499_p2.img	r2q/companions/recall/r2q_recall_shapetrans_0499_p3.img	TRIANGLE
R_shapetrans_0500	shapetrans	r2n_shapetrans_0500.img	r2q/companions/recall/r2q_recall_shapetrans_0500_g.img	r2q/companions/recall/r2q_recall_shapetrans_0500_p1.img	r2q/companions/recall/r2q_recall_shapetrans_0500_p2.img	r2q/companions/recall/r2q_recall_shapetrans_0500_p3.img	SQUARE
R_shapetrans_0501	shapetrans	r2n_shapetrans_0501.img	r2q/companions/recall/r2q_recall_shapetrans_0501_g.img	r2q/companions/recall/r2q_recall_shapetrans_0501_p1.img	r2q/companions/recall/r2q_recall_shapetrans_0501_p2.img	r2q/companions/recall/r2q_recall_shapetrans_0501_p3.img	CIRCLE
R_shapetrans_0502	shapetrans	r2n_shapetrans_0502.img	r2q/companions/recall/r2q_recall_shapetrans_0502_g.img	r2q/companions/recall/r2q_recall_shapetrans_0502_p1.img	r2q/companions/recall/r2q_recall_shapetrans_0502_p2.img	r2q/companions/recall/r2q_recall_shapetrans_0502_p3.img	TRIANGLE
R_shapetrans_0503	shapetrans	r2n_shapetrans_0503.img	r2q/companions/recall/r2q_recall_shapetrans_0503_g.img	r2q/companions/recall/r2q_recall_shapetrans_0503_p1.img	r2q/companions/recall/r2q_recall_shapetrans_0503_p2.img	r2q/companions/recall/r2q_recall_shapetrans_0503_p3.img	SQUARE
R_shapetrans_0504	shapetrans	r2n_shapetrans_0504.img	r2q/companions/recall/r2q_recall_shapetrans_0504_g.img	r2q/companions/recall/r2q_recall_shapetrans_0504_p1.img	r2q/companions/recall/r2q_recall_shapetrans_0504_p2.img	r2q/companions/recall/r2q_recall_shapetrans_0504_p3.img	CIRCLE
R_shapetrans_0505	shapetrans	r2n_shapetrans_0505.img	r2q/companions/recall/r2q_recall_shapetrans_0505_g.img	r2q/companions/recall/r2q_recall_shapetrans_0505_p1.img	r2q/companions/recall/r2q_recall_shapetrans_0505_p2.img	r2q/companions/recall/r2q_recall_shapetrans_0505_p3.img	TRIANGLE
R_shapetrans_0506	shapetrans	r2n_shapetrans_0506.img	r2q/companions/recall/r2q_recall_shapetrans_0506_g.img	r2q/companions/recall/r2q_recall_shapetrans_0506_p1.img	r2q/companions/recall/r2q_recall_shapetrans_0506_p2.img	r2q/companions/recall/r2q_recall_shapetrans_0506_p3.img	SQUARE
R_shapetrans_0507	shapetrans	r2n_shapetrans_0507.img	r2q/companions/recall/r2q_recall_shapetrans_0507_g.img	r2q/companions/recall/r2q_recall_shapetrans_0507_p1.img	r2q/companions/recall/r2q_recall_shapetrans_0507_p2.img	r2q/companions/recall/r2q_recall_shapetrans_0507_p3.img	CIRCLE
R_shapetrans_0508	shapetrans	r2n_shapetrans_0508.img	r2q/companions/recall/r2q_recall_shapetrans_0508_g.img	r2q/companions/recall/r2q_recall_shapetrans_0508_p1.img	r2q/companions/recall/r2q_recall_shapetrans_0508_p2.img	r2q/companions/recall/r2q_recall_shapetrans_0508_p3.img	TRIANGLE
R_shapetrans_0509	shapetrans	r2n_shapetrans_0509.img	r2q/companions/recall/r2q_recall_shapetrans_0509_g.img	r2q/companions/recall/r2q_recall_shapetrans_0509_p1.img	r2q/companions/recall/r2q_recall_shapetrans_0509_p2.img	r2q/companions/recall/r2q_recall_shapetrans_0509_p3.img	SQUARE
R_shapetrans_0510	shapetrans	r2n_shapetrans_0510.img	r2q/companions/recall/r2q_recall_shapetrans_0510_g.img	r2q/companions/recall/r2q_recall_shapetrans_0510_p1.img	r2q/companions/recall/r2q_recall_shapetrans_0510_p2.img	r2q/companions/recall/r2q_recall_shapetrans_0510_p3.img	CIRCLE
R_shapetrans_0511	shapetrans	r2n_shapetrans_0511.img	r2q/companions/recall/r2q_recall_shapetrans_0511_g.img	r2q/companions/recall/r2q_recall_shapetrans_0511_p1.img	r2q/companions/recall/r2q_recall_shapetrans_0511_p2.img	r2q/companions/recall/r2q_recall_shapetrans_0511_p3.img	TRIANGLE
R_shapetrans_0512	shapetrans	r2n_shapetrans_0512.img	r2q/companions/recall/r2q_recall_shapetrans_0512_g.img	r2q/companions/recall/r2q_recall_shapetrans_0512_p1.img	r2q/companions/recall/r2q_recall_shapetrans_0512_p2.img	r2q/companions/recall/r2q_recall_shapetrans_0512_p3.img	SQUARE
R_shapetrans_0513	shapetrans	r2n_shapetrans_0513.img	r2q/companions/recall/r2q_recall_shapetrans_0513_g.img	r2q/companions/recall/r2q_recall_shapetrans_0513_p1.img	r2q/companions/recall/r2q_recall_shapetrans_0513_p2.img	r2q/companions/recall/r2q_recall_shapetrans_0513_p3.img	CIRCLE
R_shapetrans_0514	shapetrans	r2n_shapetrans_0514.img	r2q/companions/recall/r2q_recall_shapetrans_0514_g.img	r2q/companions/recall/r2q_recall_shapetrans_0514_p1.img	r2q/companions/recall/r2q_recall_shapetrans_0514_p2.img	r2q/companions/recall/r2q_recall_shapetrans_0514_p3.img	TRIANGLE
R_shapetrans_0515	shapetrans	r2n_shapetrans_0515.img	r2q/companions/recall/r2q_recall_shapetrans_0515_g.img	r2q/companions/recall/r2q_recall_shapetrans_0515_p1.img	r2q/companions/recall/r2q_recall_shapetrans_0515_p2.img	r2q/companions/recall/r2q_recall_shapetrans_0515_p3.img	SQUARE
R_shapetrans_0516	shapetrans	r2n_shapetrans_0516.img	r2q/companions/recall/r2q_recall_shapetrans_0516_g.img	r2q/companions/recall/r2q_recall_shapetrans_0516_p1.img	r2q/companions/recall/r2q_recall_shapetrans_0516_p2.img	r2q/companions/recall/r2q_recall_shapetrans_0516_p3.img	CIRCLE
R_shapetrans_0517	shapetrans	r2n_shapetrans_0517.img	r2q/companions/recall/r2q_recall_shapetrans_0517_g.img	r2q/companions/recall/r2q_recall_shapetrans_0517_p1.img	r2q/companions/recall/r2q_recall_shapetrans_0517_p2.img	r2q/companions/recall/r2q_recall_shapetrans_0517_p3.img	TRIANGLE
R_shapetrans_0518	shapetrans	r2n_shapetrans_0518.img	r2q/companions/recall/r2q_recall_shapetrans_0518_g.img	r2q/companions/recall/r2q_recall_shapetrans_0518_p1.img	r2q/companions/recall/r2q_recall_shapetrans_0518_p2.img	r2q/companions/recall/r2q_recall_shapetrans_0518_p3.img	SQUARE
R_shapetrans_0519	shapetrans	r2n_shapetrans_0519.img	r2q/companions/recall/r2q_recall_shapetrans_0519_g.img	r2q/companions/recall/r2q_recall_shapetrans_0519_p1.img	r2q/companions/recall/r2q_recall_shapetrans_0519_p2.img	r2q/companions/recall/r2q_recall_shapetrans_0519_p3.img	CIRCLE
R_shapetrans_0520	shapetrans	r2n_shapetrans_0520.img	r2q/companions/recall/r2q_recall_shapetrans_0520_g.img	r2q/companions/recall/r2q_recall_shapetrans_0520_p1.img	r2q/companions/recall/r2q_recall_shapetrans_0520_p2.img	r2q/companions/recall/r2q_recall_shapetrans_0520_p3.img	TRIANGLE
R_shapetrans_0521	shapetrans	r2n_shapetrans_0521.img	r2q/companions/recall/r2q_recall_shapetrans_0521_g.img	r2q/companions/recall/r2q_recall_shapetrans_0521_p1.img	r2q/companions/recall/r2q_recall_shapetrans_0521_p2.img	r2q/companions/recall/r2q_recall_shapetrans_0521_p3.img	SQUARE
R_shapetrans_0522	shapetrans	r2n_shapetrans_0522.img	r2q/companions/recall/r2q_recall_shapetrans_0522_g.img	r2q/companions/recall/r2q_recall_shapetrans_0522_p1.img	r2q/companions/recall/r2q_recall_shapetrans_0522_p2.img	r2q/companions/recall/r2q_recall_shapetrans_0522_p3.img	CIRCLE
R_shapetrans_0523	shapetrans	r2n_shapetrans_0523.img	r2q/companions/recall/r2q_recall_shapetrans_0523_g.img	r2q/companions/recall/r2q_recall_shapetrans_0523_p1.img	r2q/companions/recall/r2q_recall_shapetrans_0523_p2.img	r2q/companions/recall/r2q_recall_shapetrans_0523_p3.img	TRIANGLE
R_shapetrans_0524	shapetrans	r2n_shapetrans_0524.img	r2q/companions/recall/r2q_recall_shapetrans_0524_g.img	r2q/companions/recall/r2q_recall_shapetrans_0524_p1.img	r2q/companions/recall/r2q_recall_shapetrans_0524_p2.img	r2q/companions/recall/r2q_recall_shapetrans_0524_p3.img	SQUARE
R_shapetrans_0525	shapetrans	r2n_shapetrans_0525.img	r2q/companions/recall/r2q_recall_shapetrans_0525_g.img	r2q/companions/recall/r2q_recall_shapetrans_0525_p1.img	r2q/companions/recall/r2q_recall_shapetrans_0525_p2.img	r2q/companions/recall/r2q_recall_shapetrans_0525_p3.img	CIRCLE
R_shapetrans_0526	shapetrans	r2n_shapetrans_0526.img	r2q/companions/recall/r2q_recall_shapetrans_0526_g.img	r2q/companions/recall/r2q_recall_shapetrans_0526_p1.img	r2q/companions/recall/r2q_recall_shapetrans_0526_p2.img	r2q/companions/recall/r2q_recall_shapetrans_0526_p3.img	TRIANGLE
R_shapetrans_0527	shapetrans	r2n_shapetrans_0527.img	r2q/companions/recall/r2q_recall_shapetrans_0527_g.img	r2q/companions/recall/r2q_recall_shapetrans_0527_p1.img	r2q/companions/recall/r2q_recall_shapetrans_0527_p2.img	r2q/companions/recall/r2q_recall_shapetrans_0527_p3.img	SQUARE
R_shapetrans_0528	shapetrans	r2n_shapetrans_0528.img	r2q/companions/recall/r2q_recall_shapetrans_0528_g.img	r2q/companions/recall/r2q_recall_shapetrans_0528_p1.img	r2q/companions/recall/r2q_recall_shapetrans_0528_p2.img	r2q/companions/recall/r2q_recall_shapetrans_0528_p3.img	CIRCLE
R_shapetrans_0529	shapetrans	r2n_shapetrans_0529.img	r2q/companions/recall/r2q_recall_shapetrans_0529_g.img	r2q/companions/recall/r2q_recall_shapetrans_0529_p1.img	r2q/companions/recall/r2q_recall_shapetrans_0529_p2.img	r2q/companions/recall/r2q_recall_shapetrans_0529_p3.img	TRIANGLE
R_shapetrans_0530	shapetrans	r2n_shapetrans_0530.img	r2q/companions/recall/r2q_recall_shapetrans_0530_g.img	r2q/companions/recall/r2q_recall_shapetrans_0530_p1.img	r2q/companions/recall/r2q_recall_shapetrans_0530_p2.img	r2q/companions/recall/r2q_recall_shapetrans_0530_p3.img	SQUARE
R_shapetrans_0531	shapetrans	r2n_shapetrans_0531.img	r2q/companions/recall/r2q_recall_shapetrans_0531_g.img	r2q/companions/recall/r2q_recall_shapetrans_0531_p1.img	r2q/companions/recall/r2q_recall_shapetrans_0531_p2.img	r2q/companions/recall/r2q_recall_shapetrans_0531_p3.img	CIRCLE
R_shapetrans_0532	shapetrans	r2n_shapetrans_0532.img	r2q/companions/recall/r2q_recall_shapetrans_0532_g.img	r2q/companions/recall/r2q_recall_shapetrans_0532_p1.img	r2q/companions/recall/r2q_recall_shapetrans_0532_p2.img	r2q/companions/recall/r2q_recall_shapetrans_0532_p3.img	TRIANGLE
R_shapetrans_0533	shapetrans	r2n_shapetrans_0533.img	r2q/companions/recall/r2q_recall_shapetrans_0533_g.img	r2q/companions/recall/r2q_recall_shapetrans_0533_p1.img	r2q/companions/recall/r2q_recall_shapetrans_0533_p2.img	r2q/companions/recall/r2q_recall_shapetrans_0533_p3.img	SQUARE
R_shapetrans_0534	shapetrans	r2n_shapetrans_0534.img	r2q/companions/recall/r2q_recall_shapetrans_0534_g.img	r2q/companions/recall/r2q_recall_shapetrans_0534_p1.img	r2q/companions/recall/r2q_recall_shapetrans_0534_p2.img	r2q/companions/recall/r2q_recall_shapetrans_0534_p3.img	CIRCLE
R_shapetrans_0535	shapetrans	r2n_shapetrans_0535.img	r2q/companions/recall/r2q_recall_shapetrans_0535_g.img	r2q/companions/recall/r2q_recall_shapetrans_0535_p1.img	r2q/companions/recall/r2q_recall_shapetrans_0535_p2.img	r2q/companions/recall/r2q_recall_shapetrans_0535_p3.img	TRIANGLE
R_shapetrans_0536	shapetrans	r2n_shapetrans_0536.img	r2q/companions/recall/r2q_recall_shapetrans_0536_g.img	r2q/companions/recall/r2q_recall_shapetrans_0536_p1.img	r2q/companions/recall/r2q_recall_shapetrans_0536_p2.img	r2q/companions/recall/r2q_recall_shapetrans_0536_p3.img	SQUARE
R_shapetrans_0537	shapetrans	r2n_shapetrans_0537.img	r2q/companions/recall/r2q_recall_shapetrans_0537_g.img	r2q/companions/recall/r2q_recall_shapetrans_0537_p1.img	r2q/companions/recall/r2q_recall_shapetrans_0537_p2.img	r2q/companions/recall/r2q_recall_shapetrans_0537_p3.img	CIRCLE
R_shapetrans_0538	shapetrans	r2n_shapetrans_0538.img	r2q/companions/recall/r2q_recall_shapetrans_0538_g.img	r2q/companions/recall/r2q_recall_shapetrans_0538_p1.img	r2q/companions/recall/r2q_recall_shapetrans_0538_p2.img	r2q/companions/recall/r2q_recall_shapetrans_0538_p3.img	TRIANGLE
R_shapetrans_0539	shapetrans	r2n_shapetrans_0539.img	r2q/companions/recall/r2q_recall_shapetrans_0539_g.img	r2q/companions/recall/r2q_recall_shapetrans_0539_p1.img	r2q/companions/recall/r2q_recall_shapetrans_0539_p2.img	r2q/companions/recall/r2q_recall_shapetrans_0539_p3.img	SQUARE
R_shapetrans_0540	shapetrans	r2n_shapetrans_0540.img	r2q/companions/recall/r2q_recall_shapetrans_0540_g.img	r2q/companions/recall/r2q_recall_shapetrans_0540_p1.img	r2q/companions/recall/r2q_recall_shapetrans_0540_p2.img	r2q/companions/recall/r2q_recall_shapetrans_0540_p3.img	CIRCLE
R_shapetrans_0541	shapetrans	r2n_shapetrans_0541.img	r2q/companions/recall/r2q_recall_shapetrans_0541_g.img	r2q/companions/recall/r2q_recall_shapetrans_0541_p1.img	r2q/companions/recall/r2q_recall_shapetrans_0541_p2.img	r2q/companions/recall/r2q_recall_shapetrans_0541_p3.img	TRIANGLE
R_shapetrans_0542	shapetrans	r2n_shapetrans_0542.img	r2q/companions/recall/r2q_recall_shapetrans_0542_g.img	r2q/companions/recall/r2q_recall_shapetrans_0542_p1.img	r2q/companions/recall/r2q_recall_shapetrans_0542_p2.img	r2q/companions/recall/r2q_recall_shapetrans_0542_p3.img	SQUARE
R_shapetrans_0543	shapetrans	r2n_shapetrans_0543.img	r2q/companions/recall/r2q_recall_shapetrans_0543_g.img	r2q/companions/recall/r2q_recall_shapetrans_0543_p1.img	r2q/companions/recall/r2q_recall_shapetrans_0543_p2.img	r2q/companions/recall/r2q_recall_shapetrans_0543_p3.img	CIRCLE
R_shapetrans_0544	shapetrans	r2n_shapetrans_0544.img	r2q/companions/recall/r2q_recall_shapetrans_0544_g.img	r2q/companions/recall/r2q_recall_shapetrans_0544_p1.img	r2q/companions/recall/r2q_recall_shapetrans_0544_p2.img	r2q/companions/recall/r2q_recall_shapetrans_0544_p3.img	TRIANGLE
R_shapetrans_0545	shapetrans	r2n_shapetrans_0545.img	r2q/companions/recall/r2q_recall_shapetrans_0545_g.img	r2q/companions/recall/r2q_recall_shapetrans_0545_p1.img	r2q/companions/recall/r2q_recall_shapetrans_0545_p2.img	r2q/companions/recall/r2q_recall_shapetrans_0545_p3.img	SQUARE
R_shapetrans_0546	shapetrans	r2n_shapetrans_0546.img	r2q/companions/recall/r2q_recall_shapetrans_0546_g.img	r2q/companions/recall/r2q_recall_shapetrans_0546_p1.img	r2q/companions/recall/r2q_recall_shapetrans_0546_p2.img	r2q/companions/recall/r2q_recall_shapetrans_0546_p3.img	CIRCLE
R_shapetrans_0547	shapetrans	r2n_shapetrans_0547.img	r2q/companions/recall/r2q_recall_shapetrans_0547_g.img	r2q/companions/recall/r2q_recall_shapetrans_0547_p1.img	r2q/companions/recall/r2q_recall_shapetrans_0547_p2.img	r2q/companions/recall/r2q_recall_shapetrans_0547_p3.img	TRIANGLE
R_shapetrans_0548	shapetrans	r2n_shapetrans_0548.img	r2q/companions/recall/r2q_recall_shapetrans_0548_g.img	r2q/companions/recall/r2q_recall_shapetrans_0548_p1.img	r2q/companions/recall/r2q_recall_shapetrans_0548_p2.img	r2q/companions/recall/r2q_recall_shapetrans_0548_p3.img	SQUARE
R_shapetrans_0549	shapetrans	r2n_shapetrans_0549.img	r2q/companions/recall/r2q_recall_shapetrans_0549_g.img	r2q/companions/recall/r2q_recall_shapetrans_0549_p1.img	r2q/companions/recall/r2q_recall_shapetrans_0549_p2.img	r2q/companions/recall/r2q_recall_shapetrans_0549_p3.img	CIRCLE
R_shapetrans_0550	shapetrans	r2n_shapetrans_0550.img	r2q/companions/recall/r2q_recall_shapetrans_0550_g.img	r2q/companions/recall/r2q_recall_shapetrans_0550_p1.img	r2q/companions/recall/r2q_recall_shapetrans_0550_p2.img	r2q/companions/recall/r2q_recall_shapetrans_0550_p3.img	TRIANGLE
R_shapetrans_0551	shapetrans	r2n_shapetrans_0551.img	r2q/companions/recall/r2q_recall_shapetrans_0551_g.img	r2q/companions/recall/r2q_recall_shapetrans_0551_p1.img	r2q/companions/recall/r2q_recall_shapetrans_0551_p2.img	r2q/companions/recall/r2q_recall_shapetrans_0551_p3.img	SQUARE
R_shapetrans_0552	shapetrans	r2n_shapetrans_0552.img	r2q/companions/recall/r2q_recall_shapetrans_0552_g.img	r2q/companions/recall/r2q_recall_shapetrans_0552_p1.img	r2q/companions/recall/r2q_recall_shapetrans_0552_p2.img	r2q/companions/recall/r2q_recall_shapetrans_0552_p3.img	CIRCLE
R_shapetrans_0553	shapetrans	r2n_shapetrans_0553.img	r2q/companions/recall/r2q_recall_shapetrans_0553_g.img	r2q/companions/recall/r2q_recall_shapetrans_0553_p1.img	r2q/companions/recall/r2q_recall_shapetrans_0553_p2.img	r2q/companions/recall/r2q_recall_shapetrans_0553_p3.img	TRIANGLE
R_shapetrans_0554	shapetrans	r2n_shapetrans_0554.img	r2q/companions/recall/r2q_recall_shapetrans_0554_g.img	r2q/companions/recall/r2q_recall_shapetrans_0554_p1.img	r2q/companions/recall/r2q_recall_shapetrans_0554_p2.img	r2q/companions/recall/r2q_recall_shapetrans_0554_p3.img	SQUARE
R_shapetrans_0555	shapetrans	r2n_shapetrans_0555.img	r2q/companions/recall/r2q_recall_shapetrans_0555_g.img	r2q/companions/recall/r2q_recall_shapetrans_0555_p1.img	r2q/companions/recall/r2q_recall_shapetrans_0555_p2.img	r2q/companions/recall/r2q_recall_shapetrans_0555_p3.img	CIRCLE
R_shapetrans_0556	shapetrans	r2n_shapetrans_0556.img	r2q/companions/recall/r2q_recall_shapetrans_0556_g.img	r2q/companions/recall/r2q_recall_shapetrans_0556_p1.img	r2q/companions/recall/r2q_recall_shapetrans_0556_p2.img	r2q/companions/recall/r2q_recall_shapetrans_0556_p3.img	TRIANGLE
R_shapetrans_0557	shapetrans	r2n_shapetrans_0557.img	r2q/companions/recall/r2q_recall_shapetrans_0557_g.img	r2q/companions/recall/r2q_recall_shapetrans_0557_p1.img	r2q/companions/recall/r2q_recall_shapetrans_0557_p2.img	r2q/companions/recall/r2q_recall_shapetrans_0557_p3.img	SQUARE
R_shapetrans_0558	shapetrans	r2n_shapetrans_0558.img	r2q/companions/recall/r2q_recall_shapetrans_0558_g.img	r2q/companions/recall/r2q_recall_shapetrans_0558_p1.img	r2q/companions/recall/r2q_recall_shapetrans_0558_p2.img	r2q/companions/recall/r2q_recall_shapetrans_0558_p3.img	CIRCLE
R_shapetrans_0559	shapetrans	r2n_shapetrans_0559.img	r2q/companions/recall/r2q_recall_shapetrans_0559_g.img	r2q/companions/recall/r2q_recall_shapetrans_0559_p1.img	r2q/companions/recall/r2q_recall_shapetrans_0559_p2.img	r2q/companions/recall/r2q_recall_shapetrans_0559_p3.img	TRIANGLE
R_shapetrans_0560	shapetrans	r2n_shapetrans_0560.img	r2q/companions/recall/r2q_recall_shapetrans_0560_g.img	r2q/companions/recall/r2q_recall_shapetrans_0560_p1.img	r2q/companions/recall/r2q_recall_shapetrans_0560_p2.img	r2q/companions/recall/r2q_recall_shapetrans_0560_p3.img	SQUARE
R_shapetrans_0561	shapetrans	r2n_shapetrans_0561.img	r2q/companions/recall/r2q_recall_shapetrans_0561_g.img	r2q/companions/recall/r2q_recall_shapetrans_0561_p1.img	r2q/companions/recall/r2q_recall_shapetrans_0561_p2.img	r2q/companions/recall/r2q_recall_shapetrans_0561_p3.img	CIRCLE
R_shapetrans_0562	shapetrans	r2n_shapetrans_0562.img	r2q/companions/recall/r2q_recall_shapetrans_0562_g.img	r2q/companions/recall/r2q_recall_shapetrans_0562_p1.img	r2q/companions/recall/r2q_recall_shapetrans_0562_p2.img	r2q/companions/recall/r2q_recall_shapetrans_0562_p3.img	TRIANGLE
R_shapetrans_0563	shapetrans	r2n_shapetrans_0563.img	r2q/companions/recall/r2q_recall_shapetrans_0563_g.img	r2q/companions/recall/r2q_recall_shapetrans_0563_p1.img	r2q/companions/recall/r2q_recall_shapetrans_0563_p2.img	r2q/companions/recall/r2q_recall_shapetrans_0563_p3.img	SQUARE
R_shapetrans_0564	shapetrans	r2n_shapetrans_0564.img	r2q/companions/recall/r2q_recall_shapetrans_0564_g.img	r2q/companions/recall/r2q_recall_shapetrans_0564_p1.img	r2q/companions/recall/r2q_recall_shapetrans_0564_p2.img	r2q/companions/recall/r2q_recall_shapetrans_0564_p3.img	CIRCLE
R_shapetrans_0565	shapetrans	r2n_shapetrans_0565.img	r2q/companions/recall/r2q_recall_shapetrans_0565_g.img	r2q/companions/recall/r2q_recall_shapetrans_0565_p1.img	r2q/companions/recall/r2q_recall_shapetrans_0565_p2.img	r2q/companions/recall/r2q_recall_shapetrans_0565_p3.img	TRIANGLE
R_shapetrans_0566	shapetrans	r2n_shapetrans_0566.img	r2q/companions/recall/r2q_recall_shapetrans_0566_g.img	r2q/companions/recall/r2q_recall_shapetrans_0566_p1.img	r2q/companions/recall/r2q_recall_shapetrans_0566_p2.img	r2q/companions/recall/r2q_recall_shapetrans_0566_p3.img	SQUARE
R_shapetrans_0567	shapetrans	r2n_shapetrans_0567.img	r2q/companions/recall/r2q_recall_shapetrans_0567_g.img	r2q/companions/recall/r2q_recall_shapetrans_0567_p1.img	r2q/companions/recall/r2q_recall_shapetrans_0567_p2.img	r2q/companions/recall/r2q_recall_shapetrans_0567_p3.img	CIRCLE
R_shapetrans_0568	shapetrans	r2n_shapetrans_0568.img	r2q/companions/recall/r2q_recall_shapetrans_0568_g.img	r2q/companions/recall/r2q_recall_shapetrans_0568_p1.img	r2q/companions/recall/r2q_recall_shapetrans_0568_p2.img	r2q/companions/recall/r2q_recall_shapetrans_0568_p3.img	TRIANGLE
R_shapetrans_0569	shapetrans	r2n_shapetrans_0569.img	r2q/companions/recall/r2q_recall_shapetrans_0569_g.img	r2q/companions/recall/r2q_recall_shapetrans_0569_p1.img	r2q/companions/recall/r2q_recall_shapetrans_0569_p2.img	r2q/companions/recall/r2q_recall_shapetrans_0569_p3.img	SQUARE
R_shapetrans_0570	shapetrans	r2n_shapetrans_0570.img	r2q/companions/recall/r2q_recall_shapetrans_0570_g.img	r2q/companions/recall/r2q_recall_shapetrans_0570_p1.img	r2q/companions/recall/r2q_recall_shapetrans_0570_p2.img	r2q/companions/recall/r2q_recall_shapetrans_0570_p3.img	CIRCLE
R_shapetrans_0571	shapetrans	r2n_shapetrans_0571.img	r2q/companions/recall/r2q_recall_shapetrans_0571_g.img	r2q/companions/recall/r2q_recall_shapetrans_0571_p1.img	r2q/companions/recall/r2q_recall_shapetrans_0571_p2.img	r2q/companions/recall/r2q_recall_shapetrans_0571_p3.img	TRIANGLE
R_shapetrans_0572	shapetrans	r2n_shapetrans_0572.img	r2q/companions/recall/r2q_recall_shapetrans_0572_g.img	r2q/companions/recall/r2q_recall_shapetrans_0572_p1.img	r2q/companions/recall/r2q_recall_shapetrans_0572_p2.img	r2q/companions/recall/r2q_recall_shapetrans_0572_p3.img	SQUARE
R_shapetrans_0573	shapetrans	r2n_shapetrans_0573.img	r2q/companions/recall/r2q_recall_shapetrans_0573_g.img	r2q/companions/recall/r2q_recall_shapetrans_0573_p1.img	r2q/companions/recall/r2q_recall_shapetrans_0573_p2.img	r2q/companions/recall/r2q_recall_shapetrans_0573_p3.img	CIRCLE
R_shapetrans_0574	shapetrans	r2n_shapetrans_0574.img	r2q/companions/recall/r2q_recall_shapetrans_0574_g.img	r2q/companions/recall/r2q_recall_shapetrans_0574_p1.img	r2q/companions/recall/r2q_recall_shapetrans_0574_p2.img	r2q/companions/recall/r2q_recall_shapetrans_0574_p3.img	TRIANGLE
R_shapetrans_0575	shapetrans	r2n_shapetrans_0575.img	r2q/companions/recall/r2q_recall_shapetrans_0575_g.img	r2q/companions/recall/r2q_recall_shapetrans_0575_p1.img	r2q/companions/recall/r2q_recall_shapetrans_0575_p2.img	r2q/companions/recall/r2q_recall_shapetrans_0575_p3.img	SQUARE
R_shapetrans_0576	shapetrans	r2n_shapetrans_0576.img	r2q/companions/recall/r2q_recall_shapetrans_0576_g.img	r2q/companions/recall/r2q_recall_shapetrans_0576_p1.img	r2q/companions/recall/r2q_recall_shapetrans_0576_p2.img	r2q/companions/recall/r2q_recall_shapetrans_0576_p3.img	CIRCLE
R_shapetrans_0577	shapetrans	r2n_shapetrans_0577.img	r2q/companions/recall/r2q_recall_shapetrans_0577_g.img	r2q/companions/recall/r2q_recall_shapetrans_0577_p1.img	r2q/companions/recall/r2q_recall_shapetrans_0577_p2.img	r2q/companions/recall/r2q_recall_shapetrans_0577_p3.img	TRIANGLE
R_shapetrans_0578	shapetrans	r2n_shapetrans_0578.img	r2q/companions/recall/r2q_recall_shapetrans_0578_g.img	r2q/companions/recall/r2q_recall_shapetrans_0578_p1.img	r2q/companions/recall/r2q_recall_shapetrans_0578_p2.img	r2q/companions/recall/r2q_recall_shapetrans_0578_p3.img	SQUARE
R_shapetrans_0579	shapetrans	r2n_shapetrans_0579.img	r2q/companions/recall/r2q_recall_shapetrans_0579_g.img	r2q/companions/recall/r2q_recall_shapetrans_0579_p1.img	r2q/companions/recall/r2q_recall_shapetrans_0579_p2.img	r2q/companions/recall/r2q_recall_shapetrans_0579_p3.img	CIRCLE
R_shapetrans_0580	shapetrans	r2n_shapetrans_0580.img	r2q/companions/recall/r2q_recall_shapetrans_0580_g.img	r2q/companions/recall/r2q_recall_shapetrans_0580_p1.img	r2q/companions/recall/r2q_recall_shapetrans_0580_p2.img	r2q/companions/recall/r2q_recall_shapetrans_0580_p3.img	TRIANGLE
R_shapetrans_0581	shapetrans	r2n_shapetrans_0581.img	r2q/companions/recall/r2q_recall_shapetrans_0581_g.img	r2q/companions/recall/r2q_recall_shapetrans_0581_p1.img	r2q/companions/recall/r2q_recall_shapetrans_0581_p2.img	r2q/companions/recall/r2q_recall_shapetrans_0581_p3.img	SQUARE
R_shapetrans_0582	shapetrans	r2n_shapetrans_0582.img	r2q/companions/recall/r2q_recall_shapetrans_0582_g.img	r2q/companions/recall/r2q_recall_shapetrans_0582_p1.img	r2q/companions/recall/r2q_recall_shapetrans_0582_p2.img	r2q/companions/recall/r2q_recall_shapetrans_0582_p3.img	CIRCLE
R_shapetrans_0583	shapetrans	r2n_shapetrans_0583.img	r2q/companions/recall/r2q_recall_shapetrans_0583_g.img	r2q/companions/recall/r2q_recall_shapetrans_0583_p1.img	r2q/companions/recall/r2q_recall_shapetrans_0583_p2.img	r2q/companions/recall/r2q_recall_shapetrans_0583_p3.img	TRIANGLE
R_shapetrans_0584	shapetrans	r2n_shapetrans_0584.img	r2q/companions/recall/r2q_recall_shapetrans_0584_g.img	r2q/companions/recall/r2q_recall_shapetrans_0584_p1.img	r2q/companions/recall/r2q_recall_shapetrans_0584_p2.img	r2q/companions/recall/r2q_recall_shapetrans_0584_p3.img	SQUARE
R_shapetrans_0585	shapetrans	r2n_shapetrans_0585.img	r2q/companions/recall/r2q_recall_shapetrans_0585_g.img	r2q/companions/recall/r2q_recall_shapetrans_0585_p1.img	r2q/companions/recall/r2q_recall_shapetrans_0585_p2.img	r2q/companions/recall/r2q_recall_shapetrans_0585_p3.img	CIRCLE
R_shapetrans_0586	shapetrans	r2n_shapetrans_0586.img	r2q/companions/recall/r2q_recall_shapetrans_0586_g.img	r2q/companions/recall/r2q_recall_shapetrans_0586_p1.img	r2q/companions/recall/r2q_recall_shapetrans_0586_p2.img	r2q/companions/recall/r2q_recall_shapetrans_0586_p3.img	TRIANGLE
R_shapetrans_0587	shapetrans	r2n_shapetrans_0587.img	r2q/companions/recall/r2q_recall_shapetrans_0587_g.img	r2q/companions/recall/r2q_recall_shapetrans_0587_p1.img	r2q/companions/recall/r2q_recall_shapetrans_0587_p2.img	r2q/companions/recall/r2q_recall_shapetrans_0587_p3.img	SQUARE
R_shapetrans_0588	shapetrans	r2n_shapetrans_0588.img	r2q/companions/recall/r2q_recall_shapetrans_0588_g.img	r2q/companions/recall/r2q_recall_shapetrans_0588_p1.img	r2q/companions/recall/r2q_recall_shapetrans_0588_p2.img	r2q/companions/recall/r2q_recall_shapetrans_0588_p3.img	CIRCLE
R_shapetrans_0589	shapetrans	r2n_shapetrans_0589.img	r2q/companions/recall/r2q_recall_shapetrans_0589_g.img	r2q/companions/recall/r2q_recall_shapetrans_0589_p1.img	r2q/companions/recall/r2q_recall_shapetrans_0589_p2.img	r2q/companions/recall/r2q_recall_shapetrans_0589_p3.img	TRIANGLE
R_shapetrans_0590	shapetrans	r2n_shapetrans_0590.img	r2q/companions/recall/r2q_recall_shapetrans_0590_g.img	r2q/companions/recall/r2q_recall_shapetrans_0590_p1.img	r2q/companions/recall/r2q_recall_shapetrans_0590_p2.img	r2q/companions/recall/r2q_recall_shapetrans_0590_p3.img	SQUARE
R_shapetrans_0591	shapetrans	r2n_shapetrans_0591.img	r2q/companions/recall/r2q_recall_shapetrans_0591_g.img	r2q/companions/recall/r2q_recall_shapetrans_0591_p1.img	r2q/companions/recall/r2q_recall_shapetrans_0591_p2.img	r2q/companions/recall/r2q_recall_shapetrans_0591_p3.img	CIRCLE
R_shapetrans_0592	shapetrans	r2n_shapetrans_0592.img	r2q/companions/recall/r2q_recall_shapetrans_0592_g.img	r2q/companions/recall/r2q_recall_shapetrans_0592_p1.img	r2q/companions/recall/r2q_recall_shapetrans_0592_p2.img	r2q/companions/recall/r2q_recall_shapetrans_0592_p3.img	TRIANGLE
R_shapetrans_0593	shapetrans	r2n_shapetrans_0593.img	r2q/companions/recall/r2q_recall_shapetrans_0593_g.img	r2q/companions/recall/r2q_recall_shapetrans_0593_p1.img	r2q/companions/recall/r2q_recall_shapetrans_0593_p2.img	r2q/companions/recall/r2q_recall_shapetrans_0593_p3.img	SQUARE
R_shapetrans_0594	shapetrans	r2n_shapetrans_0594.img	r2q/companions/recall/r2q_recall_shapetrans_0594_g.img	r2q/companions/recall/r2q_recall_shapetrans_0594_p1.img	r2q/companions/recall/r2q_recall_shapetrans_0594_p2.img	r2q/companions/recall/r2q_recall_shapetrans_0594_p3.img	CIRCLE
R_shapetrans_0595	shapetrans	r2n_shapetrans_0595.img	r2q/companions/recall/r2q_recall_shapetrans_0595_g.img	r2q/companions/recall/r2q_recall_shapetrans_0595_p1.img	r2q/companions/recall/r2q_recall_shapetrans_0595_p2.img	r2q/companions/recall/r2q_recall_shapetrans_0595_p3.img	TRIANGLE
R_shapetrans_0596	shapetrans	r2n_shapetrans_0596.img	r2q/companions/recall/r2q_recall_shapetrans_0596_g.img	r2q/companions/recall/r2q_recall_shapetrans_0596_p1.img	r2q/companions/recall/r2q_recall_shapetrans_0596_p2.img	r2q/companions/recall/r2q_recall_shapetrans_0596_p3.img	SQUARE
R_shapetrans_0597	shapetrans	r2n_shapetrans_0597.img	r2q/companions/recall/r2q_recall_shapetrans_0597_g.img	r2q/companions/recall/r2q_recall_shapetrans_0597_p1.img	r2q/companions/recall/r2q_recall_shapetrans_0597_p2.img	r2q/companions/recall/r2q_recall_shapetrans_0597_p3.img	CIRCLE
R_shapetrans_0598	shapetrans	r2n_shapetrans_0598.img	r2q/companions/recall/r2q_recall_shapetrans_0598_g.img	r2q/companions/recall/r2q_recall_shapetrans_0598_p1.img	r2q/companions/recall/r2q_recall_shapetrans_0598_p2.img	r2q/companions/recall/r2q_recall_shapetrans_0598_p3.img	TRIANGLE
R_shapetrans_0599	shapetrans	r2n_shapetrans_0599.img	r2q/companions/recall/r2q_recall_shapetrans_0599_g.img	r2q/companions/recall/r2q_recall_shapetrans_0599_p1.img	r2q/companions/recall/r2q_recall_shapetrans_0599_p2.img	r2q/companions/recall/r2q_recall_shapetrans_0599_p3.img	SQUARE
R_shapetrans_0600	shapetrans	r2n_shapetrans_0600.img	r2q/companions/recall/r2q_recall_shapetrans_0600_g.img	r2q/companions/recall/r2q_recall_shapetrans_0600_p1.img	r2q/companions/recall/r2q_recall_shapetrans_0600_p2.img	r2q/companions/recall/r2q_recall_shapetrans_0600_p3.img	CIRCLE
R_shapetrans_0601	shapetrans	r2n_shapetrans_0601.img	r2q/companions/recall/r2q_recall_shapetrans_0601_g.img	r2q/companions/recall/r2q_recall_shapetrans_0601_p1.img	r2q/companions/recall/r2q_recall_shapetrans_0601_p2.img	r2q/companions/recall/r2q_recall_shapetrans_0601_p3.img	TRIANGLE
R_shapetrans_0602	shapetrans	r2n_shapetrans_0602.img	r2q/companions/recall/r2q_recall_shapetrans_0602_g.img	r2q/companions/recall/r2q_recall_shapetrans_0602_p1.img	r2q/companions/recall/r2q_recall_shapetrans_0602_p2.img	r2q/companions/recall/r2q_recall_shapetrans_0602_p3.img	SQUARE
R_shapetrans_0603	shapetrans	r2n_shapetrans_0603.img	r2q/companions/recall/r2q_recall_shapetrans_0603_g.img	r2q/companions/recall/r2q_recall_shapetrans_0603_p1.img	r2q/companions/recall/r2q_recall_shapetrans_0603_p2.img	r2q/companions/recall/r2q_recall_shapetrans_0603_p3.img	CIRCLE
R_shapetrans_0604	shapetrans	r2n_shapetrans_0604.img	r2q/companions/recall/r2q_recall_shapetrans_0604_g.img	r2q/companions/recall/r2q_recall_shapetrans_0604_p1.img	r2q/companions/recall/r2q_recall_shapetrans_0604_p2.img	r2q/companions/recall/r2q_recall_shapetrans_0604_p3.img	TRIANGLE
R_shapetrans_0605	shapetrans	r2n_shapetrans_0605.img	r2q/companions/recall/r2q_recall_shapetrans_0605_g.img	r2q/companions/recall/r2q_recall_shapetrans_0605_p1.img	r2q/companions/recall/r2q_recall_shapetrans_0605_p2.img	r2q/companions/recall/r2q_recall_shapetrans_0605_p3.img	SQUARE
R_shapetrans_0606	shapetrans	r2n_shapetrans_0606.img	r2q/companions/recall/r2q_recall_shapetrans_0606_g.img	r2q/companions/recall/r2q_recall_shapetrans_0606_p1.img	r2q/companions/recall/r2q_recall_shapetrans_0606_p2.img	r2q/companions/recall/r2q_recall_shapetrans_0606_p3.img	CIRCLE
R_shapetrans_0607	shapetrans	r2n_shapetrans_0607.img	r2q/companions/recall/r2q_recall_shapetrans_0607_g.img	r2q/companions/recall/r2q_recall_shapetrans_0607_p1.img	r2q/companions/recall/r2q_recall_shapetrans_0607_p2.img	r2q/companions/recall/r2q_recall_shapetrans_0607_p3.img	TRIANGLE
R_shapetrans_0608	shapetrans	r2n_shapetrans_0608.img	r2q/companions/recall/r2q_recall_shapetrans_0608_g.img	r2q/companions/recall/r2q_recall_shapetrans_0608_p1.img	r2q/companions/recall/r2q_recall_shapetrans_0608_p2.img	r2q/companions/recall/r2q_recall_shapetrans_0608_p3.img	SQUARE
R_shapetrans_0609	shapetrans	r2n_shapetrans_0609.img	r2q/companions/recall/r2q_recall_shapetrans_0609_g.img	r2q/companions/recall/r2q_recall_shapetrans_0609_p1.img	r2q/companions/recall/r2q_recall_shapetrans_0609_p2.img	r2q/companions/recall/r2q_recall_shapetrans_0609_p3.img	CIRCLE
R_shapetrans_0610	shapetrans	r2n_shapetrans_0610.img	r2q/companions/recall/r2q_recall_shapetrans_0610_g.img	r2q/companions/recall/r2q_recall_shapetrans_0610_p1.img	r2q/companions/recall/r2q_recall_shapetrans_0610_p2.img	r2q/companions/recall/r2q_recall_shapetrans_0610_p3.img	TRIANGLE
R_shapetrans_0611	shapetrans	r2n_shapetrans_0611.img	r2q/companions/recall/r2q_recall_shapetrans_0611_g.img	r2q/companions/recall/r2q_recall_shapetrans_0611_p1.img	r2q/companions/recall/r2q_recall_shapetrans_0611_p2.img	r2q/companions/recall/r2q_recall_shapetrans_0611_p3.img	SQUARE
R_shapetrans_0612	shapetrans	r2n_shapetrans_0612.img	r2q/companions/recall/r2q_recall_shapetrans_0612_g.img	r2q/companions/recall/r2q_recall_shapetrans_0612_p1.img	r2q/companions/recall/r2q_recall_shapetrans_0612_p2.img	r2q/companions/recall/r2q_recall_shapetrans_0612_p3.img	CIRCLE
R_shapetrans_0613	shapetrans	r2n_shapetrans_0613.img	r2q/companions/recall/r2q_recall_shapetrans_0613_g.img	r2q/companions/recall/r2q_recall_shapetrans_0613_p1.img	r2q/companions/recall/r2q_recall_shapetrans_0613_p2.img	r2q/companions/recall/r2q_recall_shapetrans_0613_p3.img	TRIANGLE
R_shapetrans_0614	shapetrans	r2n_shapetrans_0614.img	r2q/companions/recall/r2q_recall_shapetrans_0614_g.img	r2q/companions/recall/r2q_recall_shapetrans_0614_p1.img	r2q/companions/recall/r2q_recall_shapetrans_0614_p2.img	r2q/companions/recall/r2q_recall_shapetrans_0614_p3.img	SQUARE
R_shapetrans_0615	shapetrans	r2n_shapetrans_0615.img	r2q/companions/recall/r2q_recall_shapetrans_0615_g.img	r2q/companions/recall/r2q_recall_shapetrans_0615_p1.img	r2q/companions/recall/r2q_recall_shapetrans_0615_p2.img	r2q/companions/recall/r2q_recall_shapetrans_0615_p3.img	CIRCLE
R_shapetrans_0616	shapetrans	r2n_shapetrans_0616.img	r2q/companions/recall/r2q_recall_shapetrans_0616_g.img	r2q/companions/recall/r2q_recall_shapetrans_0616_p1.img	r2q/companions/recall/r2q_recall_shapetrans_0616_p2.img	r2q/companions/recall/r2q_recall_shapetrans_0616_p3.img	TRIANGLE
R_shapetrans_0617	shapetrans	r2n_shapetrans_0617.img	r2q/companions/recall/r2q_recall_shapetrans_0617_g.img	r2q/companions/recall/r2q_recall_shapetrans_0617_p1.img	r2q/companions/recall/r2q_recall_shapetrans_0617_p2.img	r2q/companions/recall/r2q_recall_shapetrans_0617_p3.img	SQUARE
R_shapetrans_0618	shapetrans	r2n_shapetrans_0618.img	r2q/companions/recall/r2q_recall_shapetrans_0618_g.img	r2q/companions/recall/r2q_recall_shapetrans_0618_p1.img	r2q/companions/recall/r2q_recall_shapetrans_0618_p2.img	r2q/companions/recall/r2q_recall_shapetrans_0618_p3.img	CIRCLE
R_shapetrans_0619	shapetrans	r2n_shapetrans_0619.img	r2q/companions/recall/r2q_recall_shapetrans_0619_g.img	r2q/companions/recall/r2q_recall_shapetrans_0619_p1.img	r2q/companions/recall/r2q_recall_shapetrans_0619_p2.img	r2q/companions/recall/r2q_recall_shapetrans_0619_p3.img	TRIANGLE
R_shapetrans_0620	shapetrans	r2n_shapetrans_0620.img	r2q/companions/recall/r2q_recall_shapetrans_0620_g.img	r2q/companions/recall/r2q_recall_shapetrans_0620_p1.img	r2q/companions/recall/r2q_recall_shapetrans_0620_p2.img	r2q/companions/recall/r2q_recall_shapetrans_0620_p3.img	SQUARE
R_shapetrans_0621	shapetrans	r2n_shapetrans_0621.img	r2q/companions/recall/r2q_recall_shapetrans_0621_g.img	r2q/companions/recall/r2q_recall_shapetrans_0621_p1.img	r2q/companions/recall/r2q_recall_shapetrans_0621_p2.img	r2q/companions/recall/r2q_recall_shapetrans_0621_p3.img	CIRCLE
R_shapetrans_0622	shapetrans	r2n_shapetrans_0622.img	r2q/companions/recall/r2q_recall_shapetrans_0622_g.img	r2q/companions/recall/r2q_recall_shapetrans_0622_p1.img	r2q/companions/recall/r2q_recall_shapetrans_0622_p2.img	r2q/companions/recall/r2q_recall_shapetrans_0622_p3.img	TRIANGLE
R_shapetrans_0623	shapetrans	r2n_shapetrans_0623.img	r2q/companions/recall/r2q_recall_shapetrans_0623_g.img	r2q/companions/recall/r2q_recall_shapetrans_0623_p1.img	r2q/companions/recall/r2q_recall_shapetrans_0623_p2.img	r2q/companions/recall/r2q_recall_shapetrans_0623_p3.img	SQUARE
R_shapetrans_0624	shapetrans	r2n_shapetrans_0624.img	r2q/companions/recall/r2q_recall_shapetrans_0624_g.img	r2q/companions/recall/r2q_recall_shapetrans_0624_p1.img	r2q/companions/recall/r2q_recall_shapetrans_0624_p2.img	r2q/companions/recall/r2q_recall_shapetrans_0624_p3.img	CIRCLE
R_shapetrans_0625	shapetrans	r2n_shapetrans_0625.img	r2q/companions/recall/r2q_recall_shapetrans_0625_g.img	r2q/companions/recall/r2q_recall_shapetrans_0625_p1.img	r2q/companions/recall/r2q_recall_shapetrans_0625_p2.img	r2q/companions/recall/r2q_recall_shapetrans_0625_p3.img	TRIANGLE
R_shapetrans_0626	shapetrans	r2n_shapetrans_0626.img	r2q/companions/recall/r2q_recall_shapetrans_0626_g.img	r2q/companions/recall/r2q_recall_shapetrans_0626_p1.img	r2q/companions/recall/r2q_recall_shapetrans_0626_p2.img	r2q/companions/recall/r2q_recall_shapetrans_0626_p3.img	SQUARE
R_shapetrans_0627	shapetrans	r2n_shapetrans_0627.img	r2q/companions/recall/r2q_recall_shapetrans_0627_g.img	r2q/companions/recall/r2q_recall_shapetrans_0627_p1.img	r2q/companions/recall/r2q_recall_shapetrans_0627_p2.img	r2q/companions/recall/r2q_recall_shapetrans_0627_p3.img	CIRCLE
R_shapetrans_0628	shapetrans	r2n_shapetrans_0628.img	r2q/companions/recall/r2q_recall_shapetrans_0628_g.img	r2q/companions/recall/r2q_recall_shapetrans_0628_p1.img	r2q/companions/recall/r2q_recall_shapetrans_0628_p2.img	r2q/companions/recall/r2q_recall_shapetrans_0628_p3.img	TRIANGLE
R_shapetrans_0629	shapetrans	r2n_shapetrans_0629.img	r2q/companions/recall/r2q_recall_shapetrans_0629_g.img	r2q/companions/recall/r2q_recall_shapetrans_0629_p1.img	r2q/companions/recall/r2q_recall_shapetrans_0629_p2.img	r2q/companions/recall/r2q_recall_shapetrans_0629_p3.img	SQUARE
R_shapetrans_0630	shapetrans	r2n_shapetrans_0630.img	r2q/companions/recall/r2q_recall_shapetrans_0630_g.img	r2q/companions/recall/r2q_recall_shapetrans_0630_p1.img	r2q/companions/recall/r2q_recall_shapetrans_0630_p2.img	r2q/companions/recall/r2q_recall_shapetrans_0630_p3.img	CIRCLE
R_shapetrans_0631	shapetrans	r2n_shapetrans_0631.img	r2q/companions/recall/r2q_recall_shapetrans_0631_g.img	r2q/companions/recall/r2q_recall_shapetrans_0631_p1.img	r2q/companions/recall/r2q_recall_shapetrans_0631_p2.img	r2q/companions/recall/r2q_recall_shapetrans_0631_p3.img	TRIANGLE
R_shapetrans_0632	shapetrans	r2n_shapetrans_0632.img	r2q/companions/recall/r2q_recall_shapetrans_0632_g.img	r2q/companions/recall/r2q_recall_shapetrans_0632_p1.img	r2q/companions/recall/r2q_recall_shapetrans_0632_p2.img	r2q/companions/recall/r2q_recall_shapetrans_0632_p3.img	SQUARE
R_shapetrans_0633	shapetrans	r2n_shapetrans_0633.img	r2q/companions/recall/r2q_recall_shapetrans_0633_g.img	r2q/companions/recall/r2q_recall_shapetrans_0633_p1.img	r2q/companions/recall/r2q_recall_shapetrans_0633_p2.img	r2q/companions/recall/r2q_recall_shapetrans_0633_p3.img	CIRCLE
R_shapetrans_0634	shapetrans	r2n_shapetrans_0634.img	r2q/companions/recall/r2q_recall_shapetrans_0634_g.img	r2q/companions/recall/r2q_recall_shapetrans_0634_p1.img	r2q/companions/recall/r2q_recall_shapetrans_0634_p2.img	r2q/companions/recall/r2q_recall_shapetrans_0634_p3.img	TRIANGLE
R_shapetrans_0635	shapetrans	r2n_shapetrans_0635.img	r2q/companions/recall/r2q_recall_shapetrans_0635_g.img	r2q/companions/recall/r2q_recall_shapetrans_0635_p1.img	r2q/companions/recall/r2q_recall_shapetrans_0635_p2.img	r2q/companions/recall/r2q_recall_shapetrans_0635_p3.img	SQUARE
R_shapetrans_0636	shapetrans	r2n_shapetrans_0636.img	r2q/companions/recall/r2q_recall_shapetrans_0636_g.img	r2q/companions/recall/r2q_recall_shapetrans_0636_p1.img	r2q/companions/recall/r2q_recall_shapetrans_0636_p2.img	r2q/companions/recall/r2q_recall_shapetrans_0636_p3.img	CIRCLE
R_shapetrans_0637	shapetrans	r2n_shapetrans_0637.img	r2q/companions/recall/r2q_recall_shapetrans_0637_g.img	r2q/companions/recall/r2q_recall_shapetrans_0637_p1.img	r2q/companions/recall/r2q_recall_shapetrans_0637_p2.img	r2q/companions/recall/r2q_recall_shapetrans_0637_p3.img	TRIANGLE
R_shapetrans_0638	shapetrans	r2n_shapetrans_0638.img	r2q/companions/recall/r2q_recall_shapetrans_0638_g.img	r2q/companions/recall/r2q_recall_shapetrans_0638_p1.img	r2q/companions/recall/r2q_recall_shapetrans_0638_p2.img	r2q/companions/recall/r2q_recall_shapetrans_0638_p3.img	SQUARE
R_shapetrans_0639	shapetrans	r2n_shapetrans_0639.img	r2q/companions/recall/r2q_recall_shapetrans_0639_g.img	r2q/companions/recall/r2q_recall_shapetrans_0639_p1.img	r2q/companions/recall/r2q_recall_shapetrans_0639_p2.img	r2q/companions/recall/r2q_recall_shapetrans_0639_p3.img	CIRCLE
R_shapetrans_0640	shapetrans	r2n_shapetrans_0640.img	r2q/companions/recall/r2q_recall_shapetrans_0640_g.img	r2q/companions/recall/r2q_recall_shapetrans_0640_p1.img	r2q/companions/recall/r2q_recall_shapetrans_0640_p2.img	r2q/companions/recall/r2q_recall_shapetrans_0640_p3.img	TRIANGLE
R_shapetrans_0641	shapetrans	r2n_shapetrans_0641.img	r2q/companions/recall/r2q_recall_shapetrans_0641_g.img	r2q/companions/recall/r2q_recall_shapetrans_0641_p1.img	r2q/companions/recall/r2q_recall_shapetrans_0641_p2.img	r2q/companions/recall/r2q_recall_shapetrans_0641_p3.img	SQUARE
R_shapetrans_0642	shapetrans	r2n_shapetrans_0642.img	r2q/companions/recall/r2q_recall_shapetrans_0642_g.img	r2q/companions/recall/r2q_recall_shapetrans_0642_p1.img	r2q/companions/recall/r2q_recall_shapetrans_0642_p2.img	r2q/companions/recall/r2q_recall_shapetrans_0642_p3.img	CIRCLE
R_shapetrans_0643	shapetrans	r2n_shapetrans_0643.img	r2q/companions/recall/r2q_recall_shapetrans_0643_g.img	r2q/companions/recall/r2q_recall_shapetrans_0643_p1.img	r2q/companions/recall/r2q_recall_shapetrans_0643_p2.img	r2q/companions/recall/r2q_recall_shapetrans_0643_p3.img	TRIANGLE
R_shapetrans_0644	shapetrans	r2n_shapetrans_0644.img	r2q/companions/recall/r2q_recall_shapetrans_0644_g.img	r2q/companions/recall/r2q_recall_shapetrans_0644_p1.img	r2q/companions/recall/r2q_recall_shapetrans_0644_p2.img	r2q/companions/recall/r2q_recall_shapetrans_0644_p3.img	SQUARE
R_shapetrans_0645	shapetrans	r2n_shapetrans_0645.img	r2q/companions/recall/r2q_recall_shapetrans_0645_g.img	r2q/companions/recall/r2q_recall_shapetrans_0645_p1.img	r2q/companions/recall/r2q_recall_shapetrans_0645_p2.img	r2q/companions/recall/r2q_recall_shapetrans_0645_p3.img	CIRCLE
R_shapetrans_0646	shapetrans	r2n_shapetrans_0646.img	r2q/companions/recall/r2q_recall_shapetrans_0646_g.img	r2q/companions/recall/r2q_recall_shapetrans_0646_p1.img	r2q/companions/recall/r2q_recall_shapetrans_0646_p2.img	r2q/companions/recall/r2q_recall_shapetrans_0646_p3.img	TRIANGLE
R_shapetrans_0647	shapetrans	r2n_shapetrans_0647.img	r2q/companions/recall/r2q_recall_shapetrans_0647_g.img	r2q/companions/recall/r2q_recall_shapetrans_0647_p1.img	r2q/companions/recall/r2q_recall_shapetrans_0647_p2.img	r2q/companions/recall/r2q_recall_shapetrans_0647_p3.img	SQUARE
R_shapetrans_0648	shapetrans	r2n_shapetrans_0648.img	r2q/companions/recall/r2q_recall_shapetrans_0648_g.img	r2q/companions/recall/r2q_recall_shapetrans_0648_p1.img	r2q/companions/recall/r2q_recall_shapetrans_0648_p2.img	r2q/companions/recall/r2q_recall_shapetrans_0648_p3.img	CIRCLE
R_shapetrans_0649	shapetrans	r2n_shapetrans_0649.img	r2q/companions/recall/r2q_recall_shapetrans_0649_g.img	r2q/companions/recall/r2q_recall_shapetrans_0649_p1.img	r2q/companions/recall/r2q_recall_shapetrans_0649_p2.img	r2q/companions/recall/r2q_recall_shapetrans_0649_p3.img	TRIANGLE
R_shapetrans_0650	shapetrans	r2n_shapetrans_0650.img	r2q/companions/recall/r2q_recall_shapetrans_0650_g.img	r2q/companions/recall/r2q_recall_shapetrans_0650_p1.img	r2q/companions/recall/r2q_recall_shapetrans_0650_p2.img	r2q/companions/recall/r2q_recall_shapetrans_0650_p3.img	SQUARE
R_shapetrans_0651	shapetrans	r2n_shapetrans_0651.img	r2q/companions/recall/r2q_recall_shapetrans_0651_g.img	r2q/companions/recall/r2q_recall_shapetrans_0651_p1.img	r2q/companions/recall/r2q_recall_shapetrans_0651_p2.img	r2q/companions/recall/r2q_recall_shapetrans_0651_p3.img	CIRCLE
R_shapetrans_0652	shapetrans	r2n_shapetrans_0652.img	r2q/companions/recall/r2q_recall_shapetrans_0652_g.img	r2q/companions/recall/r2q_recall_shapetrans_0652_p1.img	r2q/companions/recall/r2q_recall_shapetrans_0652_p2.img	r2q/companions/recall/r2q_recall_shapetrans_0652_p3.img	TRIANGLE
R_shapetrans_0653	shapetrans	r2n_shapetrans_0653.img	r2q/companions/recall/r2q_recall_shapetrans_0653_g.img	r2q/companions/recall/r2q_recall_shapetrans_0653_p1.img	r2q/companions/recall/r2q_recall_shapetrans_0653_p2.img	r2q/companions/recall/r2q_recall_shapetrans_0653_p3.img	SQUARE
R_shapetrans_0654	shapetrans	r2n_shapetrans_0654.img	r2q/companions/recall/r2q_recall_shapetrans_0654_g.img	r2q/companions/recall/r2q_recall_shapetrans_0654_p1.img	r2q/companions/recall/r2q_recall_shapetrans_0654_p2.img	r2q/companions/recall/r2q_recall_shapetrans_0654_p3.img	CIRCLE
R_shapetrans_0655	shapetrans	r2n_shapetrans_0655.img	r2q/companions/recall/r2q_recall_shapetrans_0655_g.img	r2q/companions/recall/r2q_recall_shapetrans_0655_p1.img	r2q/companions/recall/r2q_recall_shapetrans_0655_p2.img	r2q/companions/recall/r2q_recall_shapetrans_0655_p3.img	TRIANGLE
R_shapetrans_0656	shapetrans	r2n_shapetrans_0656.img	r2q/companions/recall/r2q_recall_shapetrans_0656_g.img	r2q/companions/recall/r2q_recall_shapetrans_0656_p1.img	r2q/companions/recall/r2q_recall_shapetrans_0656_p2.img	r2q/companions/recall/r2q_recall_shapetrans_0656_p3.img	SQUARE
R_shapetrans_0657	shapetrans	r2n_shapetrans_0657.img	r2q/companions/recall/r2q_recall_shapetrans_0657_g.img	r2q/companions/recall/r2q_recall_shapetrans_0657_p1.img	r2q/companions/recall/r2q_recall_shapetrans_0657_p2.img	r2q/companions/recall/r2q_recall_shapetrans_0657_p3.img	CIRCLE
R_shapetrans_0658	shapetrans	r2n_shapetrans_0658.img	r2q/companions/recall/r2q_recall_shapetrans_0658_g.img	r2q/companions/recall/r2q_recall_shapetrans_0658_p1.img	r2q/companions/recall/r2q_recall_shapetrans_0658_p2.img	r2q/companions/recall/r2q_recall_shapetrans_0658_p3.img	TRIANGLE
R_shapetrans_0659	shapetrans	r2n_shapetrans_0659.img	r2q/companions/recall/r2q_recall_shapetrans_0659_g.img	r2q/companions/recall/r2q_recall_shapetrans_0659_p1.img	r2q/companions/recall/r2q_recall_shapetrans_0659_p2.img	r2q/companions/recall/r2q_recall_shapetrans_0659_p3.img	SQUARE
R_shapetrans_0660	shapetrans	r2n_shapetrans_0660.img	r2q/companions/recall/r2q_recall_shapetrans_0660_g.img	r2q/companions/recall/r2q_recall_shapetrans_0660_p1.img	r2q/companions/recall/r2q_recall_shapetrans_0660_p2.img	r2q/companions/recall/r2q_recall_shapetrans_0660_p3.img	CIRCLE
R_shapetrans_0661	shapetrans	r2n_shapetrans_0661.img	r2q/companions/recall/r2q_recall_shapetrans_0661_g.img	r2q/companions/recall/r2q_recall_shapetrans_0661_p1.img	r2q/companions/recall/r2q_recall_shapetrans_0661_p2.img	r2q/companions/recall/r2q_recall_shapetrans_0661_p3.img	TRIANGLE
R_shapetrans_0662	shapetrans	r2n_shapetrans_0662.img	r2q/companions/recall/r2q_recall_shapetrans_0662_g.img	r2q/companions/recall/r2q_recall_shapetrans_0662_p1.img	r2q/companions/recall/r2q_recall_shapetrans_0662_p2.img	r2q/companions/recall/r2q_recall_shapetrans_0662_p3.img	SQUARE
R_shapetrans_0663	shapetrans	r2n_shapetrans_0663.img	r2q/companions/recall/r2q_recall_shapetrans_0663_g.img	r2q/companions/recall/r2q_recall_shapetrans_0663_p1.img	r2q/companions/recall/r2q_recall_shapetrans_0663_p2.img	r2q/companions/recall/r2q_recall_shapetrans_0663_p3.img	CIRCLE
R_shapetrans_0664	shapetrans	r2n_shapetrans_0664.img	r2q/companions/recall/r2q_recall_shapetrans_0664_g.img	r2q/companions/recall/r2q_recall_shapetrans_0664_p1.img	r2q/companions/recall/r2q_recall_shapetrans_0664_p2.img	r2q/companions/recall/r2q_recall_shapetrans_0664_p3.img	TRIANGLE
R_shapetrans_0665	shapetrans	r2n_shapetrans_0665.img	r2q/companions/recall/r2q_recall_shapetrans_0665_g.img	r2q/companions/recall/r2q_recall_shapetrans_0665_p1.img	r2q/companions/recall/r2q_recall_shapetrans_0665_p2.img	r2q/companions/recall/r2q_recall_shapetrans_0665_p3.img	SQUARE
R_shapetrans_0666	shapetrans	r2n_shapetrans_0666.img	r2q/companions/recall/r2q_recall_shapetrans_0666_g.img	r2q/companions/recall/r2q_recall_shapetrans_0666_p1.img	r2q/companions/recall/r2q_recall_shapetrans_0666_p2.img	r2q/companions/recall/r2q_recall_shapetrans_0666_p3.img	CIRCLE
R_shapetrans_0667	shapetrans	r2n_shapetrans_0667.img	r2q/companions/recall/r2q_recall_shapetrans_0667_g.img	r2q/companions/recall/r2q_recall_shapetrans_0667_p1.img	r2q/companions/recall/r2q_recall_shapetrans_0667_p2.img	r2q/companions/recall/r2q_recall_shapetrans_0667_p3.img	TRIANGLE
R_shapetrans_0668	shapetrans	r2n_shapetrans_0668.img	r2q/companions/recall/r2q_recall_shapetrans_0668_g.img	r2q/companions/recall/r2q_recall_shapetrans_0668_p1.img	r2q/companions/recall/r2q_recall_shapetrans_0668_p2.img	r2q/companions/recall/r2q_recall_shapetrans_0668_p3.img	SQUARE
R_shapetrans_0669	shapetrans	r2n_shapetrans_0669.img	r2q/companions/recall/r2q_recall_shapetrans_0669_g.img	r2q/companions/recall/r2q_recall_shapetrans_0669_p1.img	r2q/companions/recall/r2q_recall_shapetrans_0669_p2.img	r2q/companions/recall/r2q_recall_shapetrans_0669_p3.img	CIRCLE
R_shapetrans_0670	shapetrans	r2n_shapetrans_0670.img	r2q/companions/recall/r2q_recall_shapetrans_0670_g.img	r2q/companions/recall/r2q_recall_shapetrans_0670_p1.img	r2q/companions/recall/r2q_recall_shapetrans_0670_p2.img	r2q/companions/recall/r2q_recall_shapetrans_0670_p3.img	TRIANGLE
R_shapetrans_0671	shapetrans	r2n_shapetrans_0671.img	r2q/companions/recall/r2q_recall_shapetrans_0671_g.img	r2q/companions/recall/r2q_recall_shapetrans_0671_p1.img	r2q/companions/recall/r2q_recall_shapetrans_0671_p2.img	r2q/companions/recall/r2q_recall_shapetrans_0671_p3.img	SQUARE
R_shapetrans_0672	shapetrans	r2n_shapetrans_0672.img	r2q/companions/recall/r2q_recall_shapetrans_0672_g.img	r2q/companions/recall/r2q_recall_shapetrans_0672_p1.img	r2q/companions/recall/r2q_recall_shapetrans_0672_p2.img	r2q/companions/recall/r2q_recall_shapetrans_0672_p3.img	CIRCLE
R_shapetrans_0673	shapetrans	r2n_shapetrans_0673.img	r2q/companions/recall/r2q_recall_shapetrans_0673_g.img	r2q/companions/recall/r2q_recall_shapetrans_0673_p1.img	r2q/companions/recall/r2q_recall_shapetrans_0673_p2.img	r2q/companions/recall/r2q_recall_shapetrans_0673_p3.img	TRIANGLE
R_shapetrans_0674	shapetrans	r2n_shapetrans_0674.img	r2q/companions/recall/r2q_recall_shapetrans_0674_g.img	r2q/companions/recall/r2q_recall_shapetrans_0674_p1.img	r2q/companions/recall/r2q_recall_shapetrans_0674_p2.img	r2q/companions/recall/r2q_recall_shapetrans_0674_p3.img	SQUARE
R_shapetrans_0675	shapetrans	r2n_shapetrans_0675.img	r2q/companions/recall/r2q_recall_shapetrans_0675_g.img	r2q/companions/recall/r2q_recall_shapetrans_0675_p1.img	r2q/companions/recall/r2q_recall_shapetrans_0675_p2.img	r2q/companions/recall/r2q_recall_shapetrans_0675_p3.img	CIRCLE
R_shapetrans_0676	shapetrans	r2n_shapetrans_0676.img	r2q/companions/recall/r2q_recall_shapetrans_0676_g.img	r2q/companions/recall/r2q_recall_shapetrans_0676_p1.img	r2q/companions/recall/r2q_recall_shapetrans_0676_p2.img	r2q/companions/recall/r2q_recall_shapetrans_0676_p3.img	TRIANGLE
R_shapetrans_0677	shapetrans	r2n_shapetrans_0677.img	r2q/companions/recall/r2q_recall_shapetrans_0677_g.img	r2q/companions/recall/r2q_recall_shapetrans_0677_p1.img	r2q/companions/recall/r2q_recall_shapetrans_0677_p2.img	r2q/companions/recall/r2q_recall_shapetrans_0677_p3.img	SQUARE
R_shapetrans_0678	shapetrans	r2n_shapetrans_0678.img	r2q/companions/recall/r2q_recall_shapetrans_0678_g.img	r2q/companions/recall/r2q_recall_shapetrans_0678_p1.img	r2q/companions/recall/r2q_recall_shapetrans_0678_p2.img	r2q/companions/recall/r2q_recall_shapetrans_0678_p3.img	CIRCLE
R_shapetrans_0679	shapetrans	r2n_shapetrans_0679.img	r2q/companions/recall/r2q_recall_shapetrans_0679_g.img	r2q/companions/recall/r2q_recall_shapetrans_0679_p1.img	r2q/companions/recall/r2q_recall_shapetrans_0679_p2.img	r2q/companions/recall/r2q_recall_shapetrans_0679_p3.img	TRIANGLE
R_shapetrans_0680	shapetrans	r2n_shapetrans_0680.img	r2q/companions/recall/r2q_recall_shapetrans_0680_g.img	r2q/companions/recall/r2q_recall_shapetrans_0680_p1.img	r2q/companions/recall/r2q_recall_shapetrans_0680_p2.img	r2q/companions/recall/r2q_recall_shapetrans_0680_p3.img	SQUARE
R_shapetrans_0681	shapetrans	r2n_shapetrans_0681.img	r2q/companions/recall/r2q_recall_shapetrans_0681_g.img	r2q/companions/recall/r2q_recall_shapetrans_0681_p1.img	r2q/companions/recall/r2q_recall_shapetrans_0681_p2.img	r2q/companions/recall/r2q_recall_shapetrans_0681_p3.img	CIRCLE
R_shapetrans_0682	shapetrans	r2n_shapetrans_0682.img	r2q/companions/recall/r2q_recall_shapetrans_0682_g.img	r2q/companions/recall/r2q_recall_shapetrans_0682_p1.img	r2q/companions/recall/r2q_recall_shapetrans_0682_p2.img	r2q/companions/recall/r2q_recall_shapetrans_0682_p3.img	TRIANGLE
R_shapetrans_0683	shapetrans	r2n_shapetrans_0683.img	r2q/companions/recall/r2q_recall_shapetrans_0683_g.img	r2q/companions/recall/r2q_recall_shapetrans_0683_p1.img	r2q/companions/recall/r2q_recall_shapetrans_0683_p2.img	r2q/companions/recall/r2q_recall_shapetrans_0683_p3.img	SQUARE
R_shapetrans_0684	shapetrans	r2n_shapetrans_0684.img	r2q/companions/recall/r2q_recall_shapetrans_0684_g.img	r2q/companions/recall/r2q_recall_shapetrans_0684_p1.img	r2q/companions/recall/r2q_recall_shapetrans_0684_p2.img	r2q/companions/recall/r2q_recall_shapetrans_0684_p3.img	CIRCLE
R_shapetrans_0685	shapetrans	r2n_shapetrans_0685.img	r2q/companions/recall/r2q_recall_shapetrans_0685_g.img	r2q/companions/recall/r2q_recall_shapetrans_0685_p1.img	r2q/companions/recall/r2q_recall_shapetrans_0685_p2.img	r2q/companions/recall/r2q_recall_shapetrans_0685_p3.img	TRIANGLE
R_shapetrans_0686	shapetrans	r2n_shapetrans_0686.img	r2q/companions/recall/r2q_recall_shapetrans_0686_g.img	r2q/companions/recall/r2q_recall_shapetrans_0686_p1.img	r2q/companions/recall/r2q_recall_shapetrans_0686_p2.img	r2q/companions/recall/r2q_recall_shapetrans_0686_p3.img	SQUARE
R_shapetrans_0687	shapetrans	r2n_shapetrans_0687.img	r2q/companions/recall/r2q_recall_shapetrans_0687_g.img	r2q/companions/recall/r2q_recall_shapetrans_0687_p1.img	r2q/companions/recall/r2q_recall_shapetrans_0687_p2.img	r2q/companions/recall/r2q_recall_shapetrans_0687_p3.img	CIRCLE
R_shapetrans_0688	shapetrans	r2n_shapetrans_0688.img	r2q/companions/recall/r2q_recall_shapetrans_0688_g.img	r2q/companions/recall/r2q_recall_shapetrans_0688_p1.img	r2q/companions/recall/r2q_recall_shapetrans_0688_p2.img	r2q/companions/recall/r2q_recall_shapetrans_0688_p3.img	TRIANGLE
R_shapetrans_0689	shapetrans	r2n_shapetrans_0689.img	r2q/companions/recall/r2q_recall_shapetrans_0689_g.img	r2q/companions/recall/r2q_recall_shapetrans_0689_p1.img	r2q/companions/recall/r2q_recall_shapetrans_0689_p2.img	r2q/companions/recall/r2q_recall_shapetrans_0689_p3.img	SQUARE
R_shapetrans_0690	shapetrans	r2n_shapetrans_0690.img	r2q/companions/recall/r2q_recall_shapetrans_0690_g.img	r2q/companions/recall/r2q_recall_shapetrans_0690_p1.img	r2q/companions/recall/r2q_recall_shapetrans_0690_p2.img	r2q/companions/recall/r2q_recall_shapetrans_0690_p3.img	CIRCLE
R_shapetrans_0691	shapetrans	r2n_shapetrans_0691.img	r2q/companions/recall/r2q_recall_shapetrans_0691_g.img	r2q/companions/recall/r2q_recall_shapetrans_0691_p1.img	r2q/companions/recall/r2q_recall_shapetrans_0691_p2.img	r2q/companions/recall/r2q_recall_shapetrans_0691_p3.img	TRIANGLE
R_shapetrans_0692	shapetrans	r2n_shapetrans_0692.img	r2q/companions/recall/r2q_recall_shapetrans_0692_g.img	r2q/companions/recall/r2q_recall_shapetrans_0692_p1.img	r2q/companions/recall/r2q_recall_shapetrans_0692_p2.img	r2q/companions/recall/r2q_recall_shapetrans_0692_p3.img	SQUARE
R_shapetrans_0693	shapetrans	r2n_shapetrans_0693.img	r2q/companions/recall/r2q_recall_shapetrans_0693_g.img	r2q/companions/recall/r2q_recall_shapetrans_0693_p1.img	r2q/companions/recall/r2q_recall_shapetrans_0693_p2.img	r2q/companions/recall/r2q_recall_shapetrans_0693_p3.img	CIRCLE
R_shapetrans_0694	shapetrans	r2n_shapetrans_0694.img	r2q/companions/recall/r2q_recall_shapetrans_0694_g.img	r2q/companions/recall/r2q_recall_shapetrans_0694_p1.img	r2q/companions/recall/r2q_recall_shapetrans_0694_p2.img	r2q/companions/recall/r2q_recall_shapetrans_0694_p3.img	TRIANGLE
R_shapetrans_0695	shapetrans	r2n_shapetrans_0695.img	r2q/companions/recall/r2q_recall_shapetrans_0695_g.img	r2q/companions/recall/r2q_recall_shapetrans_0695_p1.img	r2q/companions/recall/r2q_recall_shapetrans_0695_p2.img	r2q/companions/recall/r2q_recall_shapetrans_0695_p3.img	SQUARE
R_shapetrans_0696	shapetrans	r2n_shapetrans_0696.img	r2q/companions/recall/r2q_recall_shapetrans_0696_g.img	r2q/companions/recall/r2q_recall_shapetrans_0696_p1.img	r2q/companions/recall/r2q_recall_shapetrans_0696_p2.img	r2q/companions/recall/r2q_recall_shapetrans_0696_p3.img	CIRCLE
R_shapetrans_0697	shapetrans	r2n_shapetrans_0697.img	r2q/companions/recall/r2q_recall_shapetrans_0697_g.img	r2q/companions/recall/r2q_recall_shapetrans_0697_p1.img	r2q/companions/recall/r2q_recall_shapetrans_0697_p2.img	r2q/companions/recall/r2q_recall_shapetrans_0697_p3.img	TRIANGLE
R_shapetrans_0698	shapetrans	r2n_shapetrans_0698.img	r2q/companions/recall/r2q_recall_shapetrans_0698_g.img	r2q/companions/recall/r2q_recall_shapetrans_0698_p1.img	r2q/companions/recall/r2q_recall_shapetrans_0698_p2.img	r2q/companions/recall/r2q_recall_shapetrans_0698_p3.img	SQUARE
R_shapetrans_0699	shapetrans	r2n_shapetrans_0699.img	r2q/companions/recall/r2q_recall_shapetrans_0699_g.img	r2q/companions/recall/r2q_recall_shapetrans_0699_p1.img	r2q/companions/recall/r2q_recall_shapetrans_0699_p2.img	r2q/companions/recall/r2q_recall_shapetrans_0699_p3.img	CIRCLE
R_shapetrans_0700	shapetrans	r2n_shapetrans_0700.img	r2q/companions/recall/r2q_recall_shapetrans_0700_g.img	r2q/companions/recall/r2q_recall_shapetrans_0700_p1.img	r2q/companions/recall/r2q_recall_shapetrans_0700_p2.img	r2q/companions/recall/r2q_recall_shapetrans_0700_p3.img	TRIANGLE
R_shapetrans_0701	shapetrans	r2n_shapetrans_0701.img	r2q/companions/recall/r2q_recall_shapetrans_0701_g.img	r2q/companions/recall/r2q_recall_shapetrans_0701_p1.img	r2q/companions/recall/r2q_recall_shapetrans_0701_p2.img	r2q/companions/recall/r2q_recall_shapetrans_0701_p3.img	SQUARE
R_shapetrans_0702	shapetrans	r2n_shapetrans_0702.img	r2q/companions/recall/r2q_recall_shapetrans_0702_g.img	r2q/companions/recall/r2q_recall_shapetrans_0702_p1.img	r2q/companions/recall/r2q_recall_shapetrans_0702_p2.img	r2q/companions/recall/r2q_recall_shapetrans_0702_p3.img	CIRCLE
R_shapetrans_0703	shapetrans	r2n_shapetrans_0703.img	r2q/companions/recall/r2q_recall_shapetrans_0703_g.img	r2q/companions/recall/r2q_recall_shapetrans_0703_p1.img	r2q/companions/recall/r2q_recall_shapetrans_0703_p2.img	r2q/companions/recall/r2q_recall_shapetrans_0703_p3.img	TRIANGLE
R_shapetrans_0704	shapetrans	r2n_shapetrans_0704.img	r2q/companions/recall/r2q_recall_shapetrans_0704_g.img	r2q/companions/recall/r2q_recall_shapetrans_0704_p1.img	r2q/companions/recall/r2q_recall_shapetrans_0704_p2.img	r2q/companions/recall/r2q_recall_shapetrans_0704_p3.img	SQUARE
R_shapetrans_0705	shapetrans	r2n_shapetrans_0705.img	r2q/companions/recall/r2q_recall_shapetrans_0705_g.img	r2q/companions/recall/r2q_recall_shapetrans_0705_p1.img	r2q/companions/recall/r2q_recall_shapetrans_0705_p2.img	r2q/companions/recall/r2q_recall_shapetrans_0705_p3.img	CIRCLE
R_shapetrans_0706	shapetrans	r2n_shapetrans_0706.img	r2q/companions/recall/r2q_recall_shapetrans_0706_g.img	r2q/companions/recall/r2q_recall_shapetrans_0706_p1.img	r2q/companions/recall/r2q_recall_shapetrans_0706_p2.img	r2q/companions/recall/r2q_recall_shapetrans_0706_p3.img	TRIANGLE
R_shapetrans_0707	shapetrans	r2n_shapetrans_0707.img	r2q/companions/recall/r2q_recall_shapetrans_0707_g.img	r2q/companions/recall/r2q_recall_shapetrans_0707_p1.img	r2q/companions/recall/r2q_recall_shapetrans_0707_p2.img	r2q/companions/recall/r2q_recall_shapetrans_0707_p3.img	SQUARE
R_shapetrans_0708	shapetrans	r2n_shapetrans_0708.img	r2q/companions/recall/r2q_recall_shapetrans_0708_g.img	r2q/companions/recall/r2q_recall_shapetrans_0708_p1.img	r2q/companions/recall/r2q_recall_shapetrans_0708_p2.img	r2q/companions/recall/r2q_recall_shapetrans_0708_p3.img	CIRCLE
R_shapetrans_0709	shapetrans	r2n_shapetrans_0709.img	r2q/companions/recall/r2q_recall_shapetrans_0709_g.img	r2q/companions/recall/r2q_recall_shapetrans_0709_p1.img	r2q/companions/recall/r2q_recall_shapetrans_0709_p2.img	r2q/companions/recall/r2q_recall_shapetrans_0709_p3.img	TRIANGLE
R_shapetrans_0710	shapetrans	r2n_shapetrans_0710.img	r2q/companions/recall/r2q_recall_shapetrans_0710_g.img	r2q/companions/recall/r2q_recall_shapetrans_0710_p1.img	r2q/companions/recall/r2q_recall_shapetrans_0710_p2.img	r2q/companions/recall/r2q_recall_shapetrans_0710_p3.img	SQUARE
R_shapetrans_0711	shapetrans	r2n_shapetrans_0711.img	r2q/companions/recall/r2q_recall_shapetrans_0711_g.img	r2q/companions/recall/r2q_recall_shapetrans_0711_p1.img	r2q/companions/recall/r2q_recall_shapetrans_0711_p2.img	r2q/companions/recall/r2q_recall_shapetrans_0711_p3.img	CIRCLE
R_shapetrans_0712	shapetrans	r2n_shapetrans_0712.img	r2q/companions/recall/r2q_recall_shapetrans_0712_g.img	r2q/companions/recall/r2q_recall_shapetrans_0712_p1.img	r2q/companions/recall/r2q_recall_shapetrans_0712_p2.img	r2q/companions/recall/r2q_recall_shapetrans_0712_p3.img	TRIANGLE
R_shapetrans_0713	shapetrans	r2n_shapetrans_0713.img	r2q/companions/recall/r2q_recall_shapetrans_0713_g.img	r2q/companions/recall/r2q_recall_shapetrans_0713_p1.img	r2q/companions/recall/r2q_recall_shapetrans_0713_p2.img	r2q/companions/recall/r2q_recall_shapetrans_0713_p3.img	SQUARE
R_shapetrans_0714	shapetrans	r2n_shapetrans_0714.img	r2q/companions/recall/r2q_recall_shapetrans_0714_g.img	r2q/companions/recall/r2q_recall_shapetrans_0714_p1.img	r2q/companions/recall/r2q_recall_shapetrans_0714_p2.img	r2q/companions/recall/r2q_recall_shapetrans_0714_p3.img	CIRCLE
R_shapetrans_0715	shapetrans	r2n_shapetrans_0715.img	r2q/companions/recall/r2q_recall_shapetrans_0715_g.img	r2q/companions/recall/r2q_recall_shapetrans_0715_p1.img	r2q/companions/recall/r2q_recall_shapetrans_0715_p2.img	r2q/companions/recall/r2q_recall_shapetrans_0715_p3.img	TRIANGLE
R_shapetrans_0716	shapetrans	r2n_shapetrans_0716.img	r2q/companions/recall/r2q_recall_shapetrans_0716_g.img	r2q/companions/recall/r2q_recall_shapetrans_0716_p1.img	r2q/companions/recall/r2q_recall_shapetrans_0716_p2.img	r2q/companions/recall/r2q_recall_shapetrans_0716_p3.img	SQUARE
R_shapetrans_0717	shapetrans	r2n_shapetrans_0717.img	r2q/companions/recall/r2q_recall_shapetrans_0717_g.img	r2q/companions/recall/r2q_recall_shapetrans_0717_p1.img	r2q/companions/recall/r2q_recall_shapetrans_0717_p2.img	r2q/companions/recall/r2q_recall_shapetrans_0717_p3.img	CIRCLE
R_shapetrans_0718	shapetrans	r2n_shapetrans_0718.img	r2q/companions/recall/r2q_recall_shapetrans_0718_g.img	r2q/companions/recall/r2q_recall_shapetrans_0718_p1.img	r2q/companions/recall/r2q_recall_shapetrans_0718_p2.img	r2q/companions/recall/r2q_recall_shapetrans_0718_p3.img	TRIANGLE
R_shapetrans_0719	shapetrans	r2n_shapetrans_0719.img	r2q/companions/recall/r2q_recall_shapetrans_0719_g.img	r2q/companions/recall/r2q_recall_shapetrans_0719_p1.img	r2q/companions/recall/r2q_recall_shapetrans_0719_p2.img	r2q/companions/recall/r2q_recall_shapetrans_0719_p3.img	SQUARE
R_shapetrans_0720	shapetrans	r2n_shapetrans_0720.img	r2q/companions/recall/r2q_recall_shapetrans_0720_g.img	r2q/companions/recall/r2q_recall_shapetrans_0720_p1.img	r2q/companions/recall/r2q_recall_shapetrans_0720_p2.img	r2q/companions/recall/r2q_recall_shapetrans_0720_p3.img	CIRCLE
R_shapetrans_0721	shapetrans	r2n_shapetrans_0721.img	r2q/companions/recall/r2q_recall_shapetrans_0721_g.img	r2q/companions/recall/r2q_recall_shapetrans_0721_p1.img	r2q/companions/recall/r2q_recall_shapetrans_0721_p2.img	r2q/companions/recall/r2q_recall_shapetrans_0721_p3.img	TRIANGLE
R_shapetrans_0722	shapetrans	r2n_shapetrans_0722.img	r2q/companions/recall/r2q_recall_shapetrans_0722_g.img	r2q/companions/recall/r2q_recall_shapetrans_0722_p1.img	r2q/companions/recall/r2q_recall_shapetrans_0722_p2.img	r2q/companions/recall/r2q_recall_shapetrans_0722_p3.img	SQUARE
R_shapetrans_0723	shapetrans	r2n_shapetrans_0723.img	r2q/companions/recall/r2q_recall_shapetrans_0723_g.img	r2q/companions/recall/r2q_recall_shapetrans_0723_p1.img	r2q/companions/recall/r2q_recall_shapetrans_0723_p2.img	r2q/companions/recall/r2q_recall_shapetrans_0723_p3.img	CIRCLE
R_shapetrans_0724	shapetrans	r2n_shapetrans_0724.img	r2q/companions/recall/r2q_recall_shapetrans_0724_g.img	r2q/companions/recall/r2q_recall_shapetrans_0724_p1.img	r2q/companions/recall/r2q_recall_shapetrans_0724_p2.img	r2q/companions/recall/r2q_recall_shapetrans_0724_p3.img	TRIANGLE
R_shapetrans_0725	shapetrans	r2n_shapetrans_0725.img	r2q/companions/recall/r2q_recall_shapetrans_0725_g.img	r2q/companions/recall/r2q_recall_shapetrans_0725_p1.img	r2q/companions/recall/r2q_recall_shapetrans_0725_p2.img	r2q/companions/recall/r2q_recall_shapetrans_0725_p3.img	SQUARE
R_shapetrans_0726	shapetrans	r2n_shapetrans_0726.img	r2q/companions/recall/r2q_recall_shapetrans_0726_g.img	r2q/companions/recall/r2q_recall_shapetrans_0726_p1.img	r2q/companions/recall/r2q_recall_shapetrans_0726_p2.img	r2q/companions/recall/r2q_recall_shapetrans_0726_p3.img	CIRCLE
R_shapetrans_0727	shapetrans	r2n_shapetrans_0727.img	r2q/companions/recall/r2q_recall_shapetrans_0727_g.img	r2q/companions/recall/r2q_recall_shapetrans_0727_p1.img	r2q/companions/recall/r2q_recall_shapetrans_0727_p2.img	r2q/companions/recall/r2q_recall_shapetrans_0727_p3.img	TRIANGLE
R_shapetrans_0728	shapetrans	r2n_shapetrans_0728.img	r2q/companions/recall/r2q_recall_shapetrans_0728_g.img	r2q/companions/recall/r2q_recall_shapetrans_0728_p1.img	r2q/companions/recall/r2q_recall_shapetrans_0728_p2.img	r2q/companions/recall/r2q_recall_shapetrans_0728_p3.img	SQUARE
R_shapetrans_0729	shapetrans	r2n_shapetrans_0729.img	r2q/companions/recall/r2q_recall_shapetrans_0729_g.img	r2q/companions/recall/r2q_recall_shapetrans_0729_p1.img	r2q/companions/recall/r2q_recall_shapetrans_0729_p2.img	r2q/companions/recall/r2q_recall_shapetrans_0729_p3.img	CIRCLE
R_shapetrans_0730	shapetrans	r2n_shapetrans_0730.img	r2q/companions/recall/r2q_recall_shapetrans_0730_g.img	r2q/companions/recall/r2q_recall_shapetrans_0730_p1.img	r2q/companions/recall/r2q_recall_shapetrans_0730_p2.img	r2q/companions/recall/r2q_recall_shapetrans_0730_p3.img	TRIANGLE
R_shapetrans_0731	shapetrans	r2n_shapetrans_0731.img	r2q/companions/recall/r2q_recall_shapetrans_0731_g.img	r2q/companions/recall/r2q_recall_shapetrans_0731_p1.img	r2q/companions/recall/r2q_recall_shapetrans_0731_p2.img	r2q/companions/recall/r2q_recall_shapetrans_0731_p3.img	SQUARE
R_shapetrans_0732	shapetrans	r2n_shapetrans_0732.img	r2q/companions/recall/r2q_recall_shapetrans_0732_g.img	r2q/companions/recall/r2q_recall_shapetrans_0732_p1.img	r2q/companions/recall/r2q_recall_shapetrans_0732_p2.img	r2q/companions/recall/r2q_recall_shapetrans_0732_p3.img	CIRCLE
R_shapetrans_0733	shapetrans	r2n_shapetrans_0733.img	r2q/companions/recall/r2q_recall_shapetrans_0733_g.img	r2q/companions/recall/r2q_recall_shapetrans_0733_p1.img	r2q/companions/recall/r2q_recall_shapetrans_0733_p2.img	r2q/companions/recall/r2q_recall_shapetrans_0733_p3.img	TRIANGLE
R_shapetrans_0734	shapetrans	r2n_shapetrans_0734.img	r2q/companions/recall/r2q_recall_shapetrans_0734_g.img	r2q/companions/recall/r2q_recall_shapetrans_0734_p1.img	r2q/companions/recall/r2q_recall_shapetrans_0734_p2.img	r2q/companions/recall/r2q_recall_shapetrans_0734_p3.img	SQUARE
R_shapetrans_0735	shapetrans	r2n_shapetrans_0735.img	r2q/companions/recall/r2q_recall_shapetrans_0735_g.img	r2q/companions/recall/r2q_recall_shapetrans_0735_p1.img	r2q/companions/recall/r2q_recall_shapetrans_0735_p2.img	r2q/companions/recall/r2q_recall_shapetrans_0735_p3.img	CIRCLE
R_shapetrans_0736	shapetrans	r2n_shapetrans_0736.img	r2q/companions/recall/r2q_recall_shapetrans_0736_g.img	r2q/companions/recall/r2q_recall_shapetrans_0736_p1.img	r2q/companions/recall/r2q_recall_shapetrans_0736_p2.img	r2q/companions/recall/r2q_recall_shapetrans_0736_p3.img	TRIANGLE
R_shapetrans_0737	shapetrans	r2n_shapetrans_0737.img	r2q/companions/recall/r2q_recall_shapetrans_0737_g.img	r2q/companions/recall/r2q_recall_shapetrans_0737_p1.img	r2q/companions/recall/r2q_recall_shapetrans_0737_p2.img	r2q/companions/recall/r2q_recall_shapetrans_0737_p3.img	SQUARE
R_shapetrans_0738	shapetrans	r2n_shapetrans_0738.img	r2q/companions/recall/r2q_recall_shapetrans_0738_g.img	r2q/companions/recall/r2q_recall_shapetrans_0738_p1.img	r2q/companions/recall/r2q_recall_shapetrans_0738_p2.img	r2q/companions/recall/r2q_recall_shapetrans_0738_p3.img	CIRCLE
R_shapetrans_0739	shapetrans	r2n_shapetrans_0739.img	r2q/companions/recall/r2q_recall_shapetrans_0739_g.img	r2q/companions/recall/r2q_recall_shapetrans_0739_p1.img	r2q/companions/recall/r2q_recall_shapetrans_0739_p2.img	r2q/companions/recall/r2q_recall_shapetrans_0739_p3.img	TRIANGLE
R_shapetrans_0740	shapetrans	r2n_shapetrans_0740.img	r2q/companions/recall/r2q_recall_shapetrans_0740_g.img	r2q/companions/recall/r2q_recall_shapetrans_0740_p1.img	r2q/companions/recall/r2q_recall_shapetrans_0740_p2.img	r2q/companions/recall/r2q_recall_shapetrans_0740_p3.img	SQUARE
R_shapetrans_0741	shapetrans	r2n_shapetrans_0741.img	r2q/companions/recall/r2q_recall_shapetrans_0741_g.img	r2q/companions/recall/r2q_recall_shapetrans_0741_p1.img	r2q/companions/recall/r2q_recall_shapetrans_0741_p2.img	r2q/companions/recall/r2q_recall_shapetrans_0741_p3.img	CIRCLE
R_shapetrans_0742	shapetrans	r2n_shapetrans_0742.img	r2q/companions/recall/r2q_recall_shapetrans_0742_g.img	r2q/companions/recall/r2q_recall_shapetrans_0742_p1.img	r2q/companions/recall/r2q_recall_shapetrans_0742_p2.img	r2q/companions/recall/r2q_recall_shapetrans_0742_p3.img	TRIANGLE
R_shapetrans_0743	shapetrans	r2n_shapetrans_0743.img	r2q/companions/recall/r2q_recall_shapetrans_0743_g.img	r2q/companions/recall/r2q_recall_shapetrans_0743_p1.img	r2q/companions/recall/r2q_recall_shapetrans_0743_p2.img	r2q/companions/recall/r2q_recall_shapetrans_0743_p3.img	SQUARE
R_shapetrans_0744	shapetrans	r2n_shapetrans_0744.img	r2q/companions/recall/r2q_recall_shapetrans_0744_g.img	r2q/companions/recall/r2q_recall_shapetrans_0744_p1.img	r2q/companions/recall/r2q_recall_shapetrans_0744_p2.img	r2q/companions/recall/r2q_recall_shapetrans_0744_p3.img	CIRCLE
R_shapetrans_0745	shapetrans	r2n_shapetrans_0745.img	r2q/companions/recall/r2q_recall_shapetrans_0745_g.img	r2q/companions/recall/r2q_recall_shapetrans_0745_p1.img	r2q/companions/recall/r2q_recall_shapetrans_0745_p2.img	r2q/companions/recall/r2q_recall_shapetrans_0745_p3.img	TRIANGLE
R_shapetrans_0746	shapetrans	r2n_shapetrans_0746.img	r2q/companions/recall/r2q_recall_shapetrans_0746_g.img	r2q/companions/recall/r2q_recall_shapetrans_0746_p1.img	r2q/companions/recall/r2q_recall_shapetrans_0746_p2.img	r2q/companions/recall/r2q_recall_shapetrans_0746_p3.img	SQUARE
R_shapetrans_0747	shapetrans	r2n_shapetrans_0747.img	r2q/companions/recall/r2q_recall_shapetrans_0747_g.img	r2q/companions/recall/r2q_recall_shapetrans_0747_p1.img	r2q/companions/recall/r2q_recall_shapetrans_0747_p2.img	r2q/companions/recall/r2q_recall_shapetrans_0747_p3.img	CIRCLE
R_shapetrans_0748	shapetrans	r2n_shapetrans_0748.img	r2q/companions/recall/r2q_recall_shapetrans_0748_g.img	r2q/companions/recall/r2q_recall_shapetrans_0748_p1.img	r2q/companions/recall/r2q_recall_shapetrans_0748_p2.img	r2q/companions/recall/r2q_recall_shapetrans_0748_p3.img	TRIANGLE
R_shapetrans_0749	shapetrans	r2n_shapetrans_0749.img	r2q/companions/recall/r2q_recall_shapetrans_0749_g.img	r2q/companions/recall/r2q_recall_shapetrans_0749_p1.img	r2q/companions/recall/r2q_recall_shapetrans_0749_p2.img	r2q/companions/recall/r2q_recall_shapetrans_0749_p3.img	SQUARE
R_shapetrans_0750	shapetrans	r2n_shapetrans_0750.img	r2q/companions/recall/r2q_recall_shapetrans_0750_g.img	r2q/companions/recall/r2q_recall_shapetrans_0750_p1.img	r2q/companions/recall/r2q_recall_shapetrans_0750_p2.img	r2q/companions/recall/r2q_recall_shapetrans_0750_p3.img	CIRCLE
R_shapetrans_0751	shapetrans	r2n_shapetrans_0751.img	r2q/companions/recall/r2q_recall_shapetrans_0751_g.img	r2q/companions/recall/r2q_recall_shapetrans_0751_p1.img	r2q/companions/recall/r2q_recall_shapetrans_0751_p2.img	r2q/companions/recall/r2q_recall_shapetrans_0751_p3.img	TRIANGLE
R_shapetrans_0752	shapetrans	r2n_shapetrans_0752.img	r2q/companions/recall/r2q_recall_shapetrans_0752_g.img	r2q/companions/recall/r2q_recall_shapetrans_0752_p1.img	r2q/companions/recall/r2q_recall_shapetrans_0752_p2.img	r2q/companions/recall/r2q_recall_shapetrans_0752_p3.img	SQUARE
R_shapetrans_0753	shapetrans	r2n_shapetrans_0753.img	r2q/companions/recall/r2q_recall_shapetrans_0753_g.img	r2q/companions/recall/r2q_recall_shapetrans_0753_p1.img	r2q/companions/recall/r2q_recall_shapetrans_0753_p2.img	r2q/companions/recall/r2q_recall_shapetrans_0753_p3.img	CIRCLE
R_shapetrans_0754	shapetrans	r2n_shapetrans_0754.img	r2q/companions/recall/r2q_recall_shapetrans_0754_g.img	r2q/companions/recall/r2q_recall_shapetrans_0754_p1.img	r2q/companions/recall/r2q_recall_shapetrans_0754_p2.img	r2q/companions/recall/r2q_recall_shapetrans_0754_p3.img	TRIANGLE
R_shapetrans_0755	shapetrans	r2n_shapetrans_0755.img	r2q/companions/recall/r2q_recall_shapetrans_0755_g.img	r2q/companions/recall/r2q_recall_shapetrans_0755_p1.img	r2q/companions/recall/r2q_recall_shapetrans_0755_p2.img	r2q/companions/recall/r2q_recall_shapetrans_0755_p3.img	SQUARE
R_shapetrans_0756	shapetrans	r2n_shapetrans_0756.img	r2q/companions/recall/r2q_recall_shapetrans_0756_g.img	r2q/companions/recall/r2q_recall_shapetrans_0756_p1.img	r2q/companions/recall/r2q_recall_shapetrans_0756_p2.img	r2q/companions/recall/r2q_recall_shapetrans_0756_p3.img	CIRCLE
R_shapetrans_0757	shapetrans	r2n_shapetrans_0757.img	r2q/companions/recall/r2q_recall_shapetrans_0757_g.img	r2q/companions/recall/r2q_recall_shapetrans_0757_p1.img	r2q/companions/recall/r2q_recall_shapetrans_0757_p2.img	r2q/companions/recall/r2q_recall_shapetrans_0757_p3.img	TRIANGLE
R_shapetrans_0758	shapetrans	r2n_shapetrans_0758.img	r2q/companions/recall/r2q_recall_shapetrans_0758_g.img	r2q/companions/recall/r2q_recall_shapetrans_0758_p1.img	r2q/companions/recall/r2q_recall_shapetrans_0758_p2.img	r2q/companions/recall/r2q_recall_shapetrans_0758_p3.img	SQUARE
R_shapetrans_0759	shapetrans	r2n_shapetrans_0759.img	r2q/companions/recall/r2q_recall_shapetrans_0759_g.img	r2q/companions/recall/r2q_recall_shapetrans_0759_p1.img	r2q/companions/recall/r2q_recall_shapetrans_0759_p2.img	r2q/companions/recall/r2q_recall_shapetrans_0759_p3.img	CIRCLE
R_shapetrans_0760	shapetrans	r2n_shapetrans_0760.img	r2q/companions/recall/r2q_recall_shapetrans_0760_g.img	r2q/companions/recall/r2q_recall_shapetrans_0760_p1.img	r2q/companions/recall/r2q_recall_shapetrans_0760_p2.img	r2q/companions/recall/r2q_recall_shapetrans_0760_p3.img	TRIANGLE
R_shapetrans_0761	shapetrans	r2n_shapetrans_0761.img	r2q/companions/recall/r2q_recall_shapetrans_0761_g.img	r2q/companions/recall/r2q_recall_shapetrans_0761_p1.img	r2q/companions/recall/r2q_recall_shapetrans_0761_p2.img	r2q/companions/recall/r2q_recall_shapetrans_0761_p3.img	SQUARE
R_shapetrans_0762	shapetrans	r2n_shapetrans_0762.img	r2q/companions/recall/r2q_recall_shapetrans_0762_g.img	r2q/companions/recall/r2q_recall_shapetrans_0762_p1.img	r2q/companions/recall/r2q_recall_shapetrans_0762_p2.img	r2q/companions/recall/r2q_recall_shapetrans_0762_p3.img	CIRCLE
R_shapetrans_0763	shapetrans	r2n_shapetrans_0763.img	r2q/companions/recall/r2q_recall_shapetrans_0763_g.img	r2q/companions/recall/r2q_recall_shapetrans_0763_p1.img	r2q/companions/recall/r2q_recall_shapetrans_0763_p2.img	r2q/companions/recall/r2q_recall_shapetrans_0763_p3.img	TRIANGLE
R_shapetrans_0764	shapetrans	r2n_shapetrans_0764.img	r2q/companions/recall/r2q_recall_shapetrans_0764_g.img	r2q/companions/recall/r2q_recall_shapetrans_0764_p1.img	r2q/companions/recall/r2q_recall_shapetrans_0764_p2.img	r2q/companions/recall/r2q_recall_shapetrans_0764_p3.img	SQUARE
R_shapetrans_0765	shapetrans	r2n_shapetrans_0765.img	r2q/companions/recall/r2q_recall_shapetrans_0765_g.img	r2q/companions/recall/r2q_recall_shapetrans_0765_p1.img	r2q/companions/recall/r2q_recall_shapetrans_0765_p2.img	r2q/companions/recall/r2q_recall_shapetrans_0765_p3.img	CIRCLE
R_shapetrans_0766	shapetrans	r2n_shapetrans_0766.img	r2q/companions/recall/r2q_recall_shapetrans_0766_g.img	r2q/companions/recall/r2q_recall_shapetrans_0766_p1.img	r2q/companions/recall/r2q_recall_shapetrans_0766_p2.img	r2q/companions/recall/r2q_recall_shapetrans_0766_p3.img	TRIANGLE
R_shapetrans_0767	shapetrans	r2n_shapetrans_0767.img	r2q/companions/recall/r2q_recall_shapetrans_0767_g.img	r2q/companions/recall/r2q_recall_shapetrans_0767_p1.img	r2q/companions/recall/r2q_recall_shapetrans_0767_p2.img	r2q/companions/recall/r2q_recall_shapetrans_0767_p3.img	SQUARE
R_shapetrans_0768	shapetrans	r2n_shapetrans_0768.img	r2q/companions/recall/r2q_recall_shapetrans_0768_g.img	r2q/companions/recall/r2q_recall_shapetrans_0768_p1.img	r2q/companions/recall/r2q_recall_shapetrans_0768_p2.img	r2q/companions/recall/r2q_recall_shapetrans_0768_p3.img	CIRCLE
R_shapetrans_0769	shapetrans	r2n_shapetrans_0769.img	r2q/companions/recall/r2q_recall_shapetrans_0769_g.img	r2q/companions/recall/r2q_recall_shapetrans_0769_p1.img	r2q/companions/recall/r2q_recall_shapetrans_0769_p2.img	r2q/companions/recall/r2q_recall_shapetrans_0769_p3.img	TRIANGLE
R_shapetrans_0770	shapetrans	r2n_shapetrans_0770.img	r2q/companions/recall/r2q_recall_shapetrans_0770_g.img	r2q/companions/recall/r2q_recall_shapetrans_0770_p1.img	r2q/companions/recall/r2q_recall_shapetrans_0770_p2.img	r2q/companions/recall/r2q_recall_shapetrans_0770_p3.img	SQUARE
R_shapetrans_0771	shapetrans	r2n_shapetrans_0771.img	r2q/companions/recall/r2q_recall_shapetrans_0771_g.img	r2q/companions/recall/r2q_recall_shapetrans_0771_p1.img	r2q/companions/recall/r2q_recall_shapetrans_0771_p2.img	r2q/companions/recall/r2q_recall_shapetrans_0771_p3.img	CIRCLE
R_shapetrans_0772	shapetrans	r2n_shapetrans_0772.img	r2q/companions/recall/r2q_recall_shapetrans_0772_g.img	r2q/companions/recall/r2q_recall_shapetrans_0772_p1.img	r2q/companions/recall/r2q_recall_shapetrans_0772_p2.img	r2q/companions/recall/r2q_recall_shapetrans_0772_p3.img	TRIANGLE
R_shapetrans_0773	shapetrans	r2n_shapetrans_0773.img	r2q/companions/recall/r2q_recall_shapetrans_0773_g.img	r2q/companions/recall/r2q_recall_shapetrans_0773_p1.img	r2q/companions/recall/r2q_recall_shapetrans_0773_p2.img	r2q/companions/recall/r2q_recall_shapetrans_0773_p3.img	SQUARE
R_shapetrans_0774	shapetrans	r2n_shapetrans_0774.img	r2q/companions/recall/r2q_recall_shapetrans_0774_g.img	r2q/companions/recall/r2q_recall_shapetrans_0774_p1.img	r2q/companions/recall/r2q_recall_shapetrans_0774_p2.img	r2q/companions/recall/r2q_recall_shapetrans_0774_p3.img	CIRCLE
R_shapetrans_0775	shapetrans	r2n_shapetrans_0775.img	r2q/companions/recall/r2q_recall_shapetrans_0775_g.img	r2q/companions/recall/r2q_recall_shapetrans_0775_p1.img	r2q/companions/recall/r2q_recall_shapetrans_0775_p2.img	r2q/companions/recall/r2q_recall_shapetrans_0775_p3.img	TRIANGLE
R_shapetrans_0776	shapetrans	r2n_shapetrans_0776.img	r2q/companions/recall/r2q_recall_shapetrans_0776_g.img	r2q/companions/recall/r2q_recall_shapetrans_0776_p1.img	r2q/companions/recall/r2q_recall_shapetrans_0776_p2.img	r2q/companions/recall/r2q_recall_shapetrans_0776_p3.img	SQUARE
R_shapetrans_0777	shapetrans	r2n_shapetrans_0777.img	r2q/companions/recall/r2q_recall_shapetrans_0777_g.img	r2q/companions/recall/r2q_recall_shapetrans_0777_p1.img	r2q/companions/recall/r2q_recall_shapetrans_0777_p2.img	r2q/companions/recall/r2q_recall_shapetrans_0777_p3.img	CIRCLE
R_shapetrans_0778	shapetrans	r2n_shapetrans_0778.img	r2q/companions/recall/r2q_recall_shapetrans_0778_g.img	r2q/companions/recall/r2q_recall_shapetrans_0778_p1.img	r2q/companions/recall/r2q_recall_shapetrans_0778_p2.img	r2q/companions/recall/r2q_recall_shapetrans_0778_p3.img	TRIANGLE
R_shapetrans_0779	shapetrans	r2n_shapetrans_0779.img	r2q/companions/recall/r2q_recall_shapetrans_0779_g.img	r2q/companions/recall/r2q_recall_shapetrans_0779_p1.img	r2q/companions/recall/r2q_recall_shapetrans_0779_p2.img	r2q/companions/recall/r2q_recall_shapetrans_0779_p3.img	SQUARE
R_shapetrans_0780	shapetrans	r2n_shapetrans_0780.img	r2q/companions/recall/r2q_recall_shapetrans_0780_g.img	r2q/companions/recall/r2q_recall_shapetrans_0780_p1.img	r2q/companions/recall/r2q_recall_shapetrans_0780_p2.img	r2q/companions/recall/r2q_recall_shapetrans_0780_p3.img	CIRCLE
R_shapetrans_0781	shapetrans	r2n_shapetrans_0781.img	r2q/companions/recall/r2q_recall_shapetrans_0781_g.img	r2q/companions/recall/r2q_recall_shapetrans_0781_p1.img	r2q/companions/recall/r2q_recall_shapetrans_0781_p2.img	r2q/companions/recall/r2q_recall_shapetrans_0781_p3.img	TRIANGLE
R_shapetrans_0782	shapetrans	r2n_shapetrans_0782.img	r2q/companions/recall/r2q_recall_shapetrans_0782_g.img	r2q/companions/recall/r2q_recall_shapetrans_0782_p1.img	r2q/companions/recall/r2q_recall_shapetrans_0782_p2.img	r2q/companions/recall/r2q_recall_shapetrans_0782_p3.img	SQUARE
R_shapetrans_0783	shapetrans	r2n_shapetrans_0783.img	r2q/companions/recall/r2q_recall_shapetrans_0783_g.img	r2q/companions/recall/r2q_recall_shapetrans_0783_p1.img	r2q/companions/recall/r2q_recall_shapetrans_0783_p2.img	r2q/companions/recall/r2q_recall_shapetrans_0783_p3.img	CIRCLE
R_shapetrans_0784	shapetrans	r2n_shapetrans_0784.img	r2q/companions/recall/r2q_recall_shapetrans_0784_g.img	r2q/companions/recall/r2q_recall_shapetrans_0784_p1.img	r2q/companions/recall/r2q_recall_shapetrans_0784_p2.img	r2q/companions/recall/r2q_recall_shapetrans_0784_p3.img	TRIANGLE
R_shapetrans_0785	shapetrans	r2n_shapetrans_0785.img	r2q/companions/recall/r2q_recall_shapetrans_0785_g.img	r2q/companions/recall/r2q_recall_shapetrans_0785_p1.img	r2q/companions/recall/r2q_recall_shapetrans_0785_p2.img	r2q/companions/recall/r2q_recall_shapetrans_0785_p3.img	SQUARE
R_shapetrans_0786	shapetrans	r2n_shapetrans_0786.img	r2q/companions/recall/r2q_recall_shapetrans_0786_g.img	r2q/companions/recall/r2q_recall_shapetrans_0786_p1.img	r2q/companions/recall/r2q_recall_shapetrans_0786_p2.img	r2q/companions/recall/r2q_recall_shapetrans_0786_p3.img	CIRCLE
R_shapetrans_0787	shapetrans	r2n_shapetrans_0787.img	r2q/companions/recall/r2q_recall_shapetrans_0787_g.img	r2q/companions/recall/r2q_recall_shapetrans_0787_p1.img	r2q/companions/recall/r2q_recall_shapetrans_0787_p2.img	r2q/companions/recall/r2q_recall_shapetrans_0787_p3.img	TRIANGLE
R_shapetrans_0788	shapetrans	r2n_shapetrans_0788.img	r2q/companions/recall/r2q_recall_shapetrans_0788_g.img	r2q/companions/recall/r2q_recall_shapetrans_0788_p1.img	r2q/companions/recall/r2q_recall_shapetrans_0788_p2.img	r2q/companions/recall/r2q_recall_shapetrans_0788_p3.img	SQUARE
R_shapetrans_0789	shapetrans	r2n_shapetrans_0789.img	r2q/companions/recall/r2q_recall_shapetrans_0789_g.img	r2q/companions/recall/r2q_recall_shapetrans_0789_p1.img	r2q/companions/recall/r2q_recall_shapetrans_0789_p2.img	r2q/companions/recall/r2q_recall_shapetrans_0789_p3.img	CIRCLE
R_shapetrans_0790	shapetrans	r2n_shapetrans_0790.img	r2q/companions/recall/r2q_recall_shapetrans_0790_g.img	r2q/companions/recall/r2q_recall_shapetrans_0790_p1.img	r2q/companions/recall/r2q_recall_shapetrans_0790_p2.img	r2q/companions/recall/r2q_recall_shapetrans_0790_p3.img	TRIANGLE
R_shapetrans_0791	shapetrans	r2n_shapetrans_0791.img	r2q/companions/recall/r2q_recall_shapetrans_0791_g.img	r2q/companions/recall/r2q_recall_shapetrans_0791_p1.img	r2q/companions/recall/r2q_recall_shapetrans_0791_p2.img	r2q/companions/recall/r2q_recall_shapetrans_0791_p3.img	SQUARE
R_shapetrans_0792	shapetrans	r2n_shapetrans_0792.img	r2q/companions/recall/r2q_recall_shapetrans_0792_g.img	r2q/companions/recall/r2q_recall_shapetrans_0792_p1.img	r2q/companions/recall/r2q_recall_shapetrans_0792_p2.img	r2q/companions/recall/r2q_recall_shapetrans_0792_p3.img	CIRCLE
R_shapetrans_0793	shapetrans	r2n_shapetrans_0793.img	r2q/companions/recall/r2q_recall_shapetrans_0793_g.img	r2q/companions/recall/r2q_recall_shapetrans_0793_p1.img	r2q/companions/recall/r2q_recall_shapetrans_0793_p2.img	r2q/companions/recall/r2q_recall_shapetrans_0793_p3.img	TRIANGLE
R_shapetrans_0794	shapetrans	r2n_shapetrans_0794.img	r2q/companions/recall/r2q_recall_shapetrans_0794_g.img	r2q/companions/recall/r2q_recall_shapetrans_0794_p1.img	r2q/companions/recall/r2q_recall_shapetrans_0794_p2.img	r2q/companions/recall/r2q_recall_shapetrans_0794_p3.img	SQUARE
R_shapetrans_0795	shapetrans	r2n_shapetrans_0795.img	r2q/companions/recall/r2q_recall_shapetrans_0795_g.img	r2q/companions/recall/r2q_recall_shapetrans_0795_p1.img	r2q/companions/recall/r2q_recall_shapetrans_0795_p2.img	r2q/companions/recall/r2q_recall_shapetrans_0795_p3.img	CIRCLE
R_shapetrans_0796	shapetrans	r2n_shapetrans_0796.img	r2q/companions/recall/r2q_recall_shapetrans_0796_g.img	r2q/companions/recall/r2q_recall_shapetrans_0796_p1.img	r2q/companions/recall/r2q_recall_shapetrans_0796_p2.img	r2q/companions/recall/r2q_recall_shapetrans_0796_p3.img	TRIANGLE
R_shapetrans_0797	shapetrans	r2n_shapetrans_0797.img	r2q/companions/recall/r2q_recall_shapetrans_0797_g.img	r2q/companions/recall/r2q_recall_shapetrans_0797_p1.img	r2q/companions/recall/r2q_recall_shapetrans_0797_p2.img	r2q/companions/recall/r2q_recall_shapetrans_0797_p3.img	SQUARE
R_shapetrans_0798	shapetrans	r2n_shapetrans_0798.img	r2q/companions/recall/r2q_recall_shapetrans_0798_g.img	r2q/companions/recall/r2q_recall_shapetrans_0798_p1.img	r2q/companions/recall/r2q_recall_shapetrans_0798_p2.img	r2q/companions/recall/r2q_recall_shapetrans_0798_p3.img	CIRCLE
R_shapetrans_0799	shapetrans	r2n_shapetrans_0799.img	r2q/companions/recall/r2q_recall_shapetrans_0799_g.img	r2q/companions/recall/r2q_recall_shapetrans_0799_p1.img	r2q/companions/recall/r2q_recall_shapetrans_0799_p2.img	r2q/companions/recall/r2q_recall_shapetrans_0799_p3.img	TRIANGLE
R_shapetrans_0800	shapetrans	r2n_shapetrans_0800.img	r2q/companions/recall/r2q_recall_shapetrans_0800_g.img	r2q/companions/recall/r2q_recall_shapetrans_0800_p1.img	r2q/companions/recall/r2q_recall_shapetrans_0800_p2.img	r2q/companions/recall/r2q_recall_shapetrans_0800_p3.img	SQUARE
R_shapetrans_0801	shapetrans	r2n_shapetrans_0801.img	r2q/companions/recall/r2q_recall_shapetrans_0801_g.img	r2q/companions/recall/r2q_recall_shapetrans_0801_p1.img	r2q/companions/recall/r2q_recall_shapetrans_0801_p2.img	r2q/companions/recall/r2q_recall_shapetrans_0801_p3.img	CIRCLE
R_shapetrans_0802	shapetrans	r2n_shapetrans_0802.img	r2q/companions/recall/r2q_recall_shapetrans_0802_g.img	r2q/companions/recall/r2q_recall_shapetrans_0802_p1.img	r2q/companions/recall/r2q_recall_shapetrans_0802_p2.img	r2q/companions/recall/r2q_recall_shapetrans_0802_p3.img	TRIANGLE
R_shapetrans_0803	shapetrans	r2n_shapetrans_0803.img	r2q/companions/recall/r2q_recall_shapetrans_0803_g.img	r2q/companions/recall/r2q_recall_shapetrans_0803_p1.img	r2q/companions/recall/r2q_recall_shapetrans_0803_p2.img	r2q/companions/recall/r2q_recall_shapetrans_0803_p3.img	SQUARE
R_shapetrans_0804	shapetrans	r2n_shapetrans_0804.img	r2q/companions/recall/r2q_recall_shapetrans_0804_g.img	r2q/companions/recall/r2q_recall_shapetrans_0804_p1.img	r2q/companions/recall/r2q_recall_shapetrans_0804_p2.img	r2q/companions/recall/r2q_recall_shapetrans_0804_p3.img	CIRCLE
R_shapetrans_0805	shapetrans	r2n_shapetrans_0805.img	r2q/companions/recall/r2q_recall_shapetrans_0805_g.img	r2q/companions/recall/r2q_recall_shapetrans_0805_p1.img	r2q/companions/recall/r2q_recall_shapetrans_0805_p2.img	r2q/companions/recall/r2q_recall_shapetrans_0805_p3.img	TRIANGLE
R_shapetrans_0806	shapetrans	r2n_shapetrans_0806.img	r2q/companions/recall/r2q_recall_shapetrans_0806_g.img	r2q/companions/recall/r2q_recall_shapetrans_0806_p1.img	r2q/companions/recall/r2q_recall_shapetrans_0806_p2.img	r2q/companions/recall/r2q_recall_shapetrans_0806_p3.img	SQUARE
R_shapetrans_0807	shapetrans	r2n_shapetrans_0807.img	r2q/companions/recall/r2q_recall_shapetrans_0807_g.img	r2q/companions/recall/r2q_recall_shapetrans_0807_p1.img	r2q/companions/recall/r2q_recall_shapetrans_0807_p2.img	r2q/companions/recall/r2q_recall_shapetrans_0807_p3.img	CIRCLE
R_shapetrans_0808	shapetrans	r2n_shapetrans_0808.img	r2q/companions/recall/r2q_recall_shapetrans_0808_g.img	r2q/companions/recall/r2q_recall_shapetrans_0808_p1.img	r2q/companions/recall/r2q_recall_shapetrans_0808_p2.img	r2q/companions/recall/r2q_recall_shapetrans_0808_p3.img	TRIANGLE
R_shapetrans_0809	shapetrans	r2n_shapetrans_0809.img	r2q/companions/recall/r2q_recall_shapetrans_0809_g.img	r2q/companions/recall/r2q_recall_shapetrans_0809_p1.img	r2q/companions/recall/r2q_recall_shapetrans_0809_p2.img	r2q/companions/recall/r2q_recall_shapetrans_0809_p3.img	SQUARE
R_shapetrans_0810	shapetrans	r2n_shapetrans_0810.img	r2q/companions/recall/r2q_recall_shapetrans_0810_g.img	r2q/companions/recall/r2q_recall_shapetrans_0810_p1.img	r2q/companions/recall/r2q_recall_shapetrans_0810_p2.img	r2q/companions/recall/r2q_recall_shapetrans_0810_p3.img	CIRCLE
R_shapetrans_0811	shapetrans	r2n_shapetrans_0811.img	r2q/companions/recall/r2q_recall_shapetrans_0811_g.img	r2q/companions/recall/r2q_recall_shapetrans_0811_p1.img	r2q/companions/recall/r2q_recall_shapetrans_0811_p2.img	r2q/companions/recall/r2q_recall_shapetrans_0811_p3.img	TRIANGLE
R_shapetrans_0812	shapetrans	r2n_shapetrans_0812.img	r2q/companions/recall/r2q_recall_shapetrans_0812_g.img	r2q/companions/recall/r2q_recall_shapetrans_0812_p1.img	r2q/companions/recall/r2q_recall_shapetrans_0812_p2.img	r2q/companions/recall/r2q_recall_shapetrans_0812_p3.img	SQUARE
R_shapetrans_0813	shapetrans	r2n_shapetrans_0813.img	r2q/companions/recall/r2q_recall_shapetrans_0813_g.img	r2q/companions/recall/r2q_recall_shapetrans_0813_p1.img	r2q/companions/recall/r2q_recall_shapetrans_0813_p2.img	r2q/companions/recall/r2q_recall_shapetrans_0813_p3.img	CIRCLE
R_shapetrans_0814	shapetrans	r2n_shapetrans_0814.img	r2q/companions/recall/r2q_recall_shapetrans_0814_g.img	r2q/companions/recall/r2q_recall_shapetrans_0814_p1.img	r2q/companions/recall/r2q_recall_shapetrans_0814_p2.img	r2q/companions/recall/r2q_recall_shapetrans_0814_p3.img	TRIANGLE
R_shapetrans_0815	shapetrans	r2n_shapetrans_0815.img	r2q/companions/recall/r2q_recall_shapetrans_0815_g.img	r2q/companions/recall/r2q_recall_shapetrans_0815_p1.img	r2q/companions/recall/r2q_recall_shapetrans_0815_p2.img	r2q/companions/recall/r2q_recall_shapetrans_0815_p3.img	SQUARE
R_shapetrans_0816	shapetrans	r2n_shapetrans_0816.img	r2q/companions/recall/r2q_recall_shapetrans_0816_g.img	r2q/companions/recall/r2q_recall_shapetrans_0816_p1.img	r2q/companions/recall/r2q_recall_shapetrans_0816_p2.img	r2q/companions/recall/r2q_recall_shapetrans_0816_p3.img	CIRCLE
R_shapetrans_0817	shapetrans	r2n_shapetrans_0817.img	r2q/companions/recall/r2q_recall_shapetrans_0817_g.img	r2q/companions/recall/r2q_recall_shapetrans_0817_p1.img	r2q/companions/recall/r2q_recall_shapetrans_0817_p2.img	r2q/companions/recall/r2q_recall_shapetrans_0817_p3.img	TRIANGLE
R_shapetrans_0818	shapetrans	r2n_shapetrans_0818.img	r2q/companions/recall/r2q_recall_shapetrans_0818_g.img	r2q/companions/recall/r2q_recall_shapetrans_0818_p1.img	r2q/companions/recall/r2q_recall_shapetrans_0818_p2.img	r2q/companions/recall/r2q_recall_shapetrans_0818_p3.img	SQUARE
R_shapetrans_0819	shapetrans	r2n_shapetrans_0819.img	r2q/companions/recall/r2q_recall_shapetrans_0819_g.img	r2q/companions/recall/r2q_recall_shapetrans_0819_p1.img	r2q/companions/recall/r2q_recall_shapetrans_0819_p2.img	r2q/companions/recall/r2q_recall_shapetrans_0819_p3.img	CIRCLE
R_shapetrans_0820	shapetrans	r2n_shapetrans_0820.img	r2q/companions/recall/r2q_recall_shapetrans_0820_g.img	r2q/companions/recall/r2q_recall_shapetrans_0820_p1.img	r2q/companions/recall/r2q_recall_shapetrans_0820_p2.img	r2q/companions/recall/r2q_recall_shapetrans_0820_p3.img	TRIANGLE
R_shapetrans_0821	shapetrans	r2n_shapetrans_0821.img	r2q/companions/recall/r2q_recall_shapetrans_0821_g.img	r2q/companions/recall/r2q_recall_shapetrans_0821_p1.img	r2q/companions/recall/r2q_recall_shapetrans_0821_p2.img	r2q/companions/recall/r2q_recall_shapetrans_0821_p3.img	SQUARE
R_shapetrans_0822	shapetrans	r2n_shapetrans_0822.img	r2q/companions/recall/r2q_recall_shapetrans_0822_g.img	r2q/companions/recall/r2q_recall_shapetrans_0822_p1.img	r2q/companions/recall/r2q_recall_shapetrans_0822_p2.img	r2q/companions/recall/r2q_recall_shapetrans_0822_p3.img	CIRCLE
R_shapetrans_0823	shapetrans	r2n_shapetrans_0823.img	r2q/companions/recall/r2q_recall_shapetrans_0823_g.img	r2q/companions/recall/r2q_recall_shapetrans_0823_p1.img	r2q/companions/recall/r2q_recall_shapetrans_0823_p2.img	r2q/companions/recall/r2q_recall_shapetrans_0823_p3.img	TRIANGLE
R_shapetrans_0824	shapetrans	r2n_shapetrans_0824.img	r2q/companions/recall/r2q_recall_shapetrans_0824_g.img	r2q/companions/recall/r2q_recall_shapetrans_0824_p1.img	r2q/companions/recall/r2q_recall_shapetrans_0824_p2.img	r2q/companions/recall/r2q_recall_shapetrans_0824_p3.img	SQUARE
R_shapetrans_0825	shapetrans	r2n_shapetrans_0825.img	r2q/companions/recall/r2q_recall_shapetrans_0825_g.img	r2q/companions/recall/r2q_recall_shapetrans_0825_p1.img	r2q/companions/recall/r2q_recall_shapetrans_0825_p2.img	r2q/companions/recall/r2q_recall_shapetrans_0825_p3.img	CIRCLE
R_shapetrans_0826	shapetrans	r2n_shapetrans_0826.img	r2q/companions/recall/r2q_recall_shapetrans_0826_g.img	r2q/companions/recall/r2q_recall_shapetrans_0826_p1.img	r2q/companions/recall/r2q_recall_shapetrans_0826_p2.img	r2q/companions/recall/r2q_recall_shapetrans_0826_p3.img	TRIANGLE
R_shapetrans_0827	shapetrans	r2n_shapetrans_0827.img	r2q/companions/recall/r2q_recall_shapetrans_0827_g.img	r2q/companions/recall/r2q_recall_shapetrans_0827_p1.img	r2q/companions/recall/r2q_recall_shapetrans_0827_p2.img	r2q/companions/recall/r2q_recall_shapetrans_0827_p3.img	SQUARE
R_shapetrans_0828	shapetrans	r2n_shapetrans_0828.img	r2q/companions/recall/r2q_recall_shapetrans_0828_g.img	r2q/companions/recall/r2q_recall_shapetrans_0828_p1.img	r2q/companions/recall/r2q_recall_shapetrans_0828_p2.img	r2q/companions/recall/r2q_recall_shapetrans_0828_p3.img	CIRCLE
R_shapetrans_0829	shapetrans	r2n_shapetrans_0829.img	r2q/companions/recall/r2q_recall_shapetrans_0829_g.img	r2q/companions/recall/r2q_recall_shapetrans_0829_p1.img	r2q/companions/recall/r2q_recall_shapetrans_0829_p2.img	r2q/companions/recall/r2q_recall_shapetrans_0829_p3.img	TRIANGLE
R_shapetrans_0830	shapetrans	r2n_shapetrans_0830.img	r2q/companions/recall/r2q_recall_shapetrans_0830_g.img	r2q/companions/recall/r2q_recall_shapetrans_0830_p1.img	r2q/companions/recall/r2q_recall_shapetrans_0830_p2.img	r2q/companions/recall/r2q_recall_shapetrans_0830_p3.img	SQUARE
R_shapetrans_0831	shapetrans	r2n_shapetrans_0831.img	r2q/companions/recall/r2q_recall_shapetrans_0831_g.img	r2q/companions/recall/r2q_recall_shapetrans_0831_p1.img	r2q/companions/recall/r2q_recall_shapetrans_0831_p2.img	r2q/companions/recall/r2q_recall_shapetrans_0831_p3.img	CIRCLE
R_shapetrans_0832	shapetrans	r2n_shapetrans_0832.img	r2q/companions/recall/r2q_recall_shapetrans_0832_g.img	r2q/companions/recall/r2q_recall_shapetrans_0832_p1.img	r2q/companions/recall/r2q_recall_shapetrans_0832_p2.img	r2q/companions/recall/r2q_recall_shapetrans_0832_p3.img	TRIANGLE
R_shapetrans_0833	shapetrans	r2n_shapetrans_0833.img	r2q/companions/recall/r2q_recall_shapetrans_0833_g.img	r2q/companions/recall/r2q_recall_shapetrans_0833_p1.img	r2q/companions/recall/r2q_recall_shapetrans_0833_p2.img	r2q/companions/recall/r2q_recall_shapetrans_0833_p3.img	SQUARE
R_shapetrans_0834	shapetrans	r2n_shapetrans_0834.img	r2q/companions/recall/r2q_recall_shapetrans_0834_g.img	r2q/companions/recall/r2q_recall_shapetrans_0834_p1.img	r2q/companions/recall/r2q_recall_shapetrans_0834_p2.img	r2q/companions/recall/r2q_recall_shapetrans_0834_p3.img	CIRCLE
R_shapetrans_0835	shapetrans	r2n_shapetrans_0835.img	r2q/companions/recall/r2q_recall_shapetrans_0835_g.img	r2q/companions/recall/r2q_recall_shapetrans_0835_p1.img	r2q/companions/recall/r2q_recall_shapetrans_0835_p2.img	r2q/companions/recall/r2q_recall_shapetrans_0835_p3.img	TRIANGLE
R_shapetrans_0836	shapetrans	r2n_shapetrans_0836.img	r2q/companions/recall/r2q_recall_shapetrans_0836_g.img	r2q/companions/recall/r2q_recall_shapetrans_0836_p1.img	r2q/companions/recall/r2q_recall_shapetrans_0836_p2.img	r2q/companions/recall/r2q_recall_shapetrans_0836_p3.img	SQUARE
R_shapetrans_0837	shapetrans	r2n_shapetrans_0837.img	r2q/companions/recall/r2q_recall_shapetrans_0837_g.img	r2q/companions/recall/r2q_recall_shapetrans_0837_p1.img	r2q/companions/recall/r2q_recall_shapetrans_0837_p2.img	r2q/companions/recall/r2q_recall_shapetrans_0837_p3.img	CIRCLE
R_shapetrans_0838	shapetrans	r2n_shapetrans_0838.img	r2q/companions/recall/r2q_recall_shapetrans_0838_g.img	r2q/companions/recall/r2q_recall_shapetrans_0838_p1.img	r2q/companions/recall/r2q_recall_shapetrans_0838_p2.img	r2q/companions/recall/r2q_recall_shapetrans_0838_p3.img	TRIANGLE
R_shapetrans_0839	shapetrans	r2n_shapetrans_0839.img	r2q/companions/recall/r2q_recall_shapetrans_0839_g.img	r2q/companions/recall/r2q_recall_shapetrans_0839_p1.img	r2q/companions/recall/r2q_recall_shapetrans_0839_p2.img	r2q/companions/recall/r2q_recall_shapetrans_0839_p3.img	SQUARE
R_shapetrans_0840	shapetrans	r2n_shapetrans_0840.img	r2q/companions/recall/r2q_recall_shapetrans_0840_g.img	r2q/companions/recall/r2q_recall_shapetrans_0840_p1.img	r2q/companions/recall/r2q_recall_shapetrans_0840_p2.img	r2q/companions/recall/r2q_recall_shapetrans_0840_p3.img	CIRCLE
R_shapetrans_0841	shapetrans	r2n_shapetrans_0841.img	r2q/companions/recall/r2q_recall_shapetrans_0841_g.img	r2q/companions/recall/r2q_recall_shapetrans_0841_p1.img	r2q/companions/recall/r2q_recall_shapetrans_0841_p2.img	r2q/companions/recall/r2q_recall_shapetrans_0841_p3.img	TRIANGLE
R_shapetrans_0842	shapetrans	r2n_shapetrans_0842.img	r2q/companions/recall/r2q_recall_shapetrans_0842_g.img	r2q/companions/recall/r2q_recall_shapetrans_0842_p1.img	r2q/companions/recall/r2q_recall_shapetrans_0842_p2.img	r2q/companions/recall/r2q_recall_shapetrans_0842_p3.img	SQUARE
R_shapetrans_0843	shapetrans	r2n_shapetrans_0843.img	r2q/companions/recall/r2q_recall_shapetrans_0843_g.img	r2q/companions/recall/r2q_recall_shapetrans_0843_p1.img	r2q/companions/recall/r2q_recall_shapetrans_0843_p2.img	r2q/companions/recall/r2q_recall_shapetrans_0843_p3.img	CIRCLE
R_shapetrans_0844	shapetrans	r2n_shapetrans_0844.img	r2q/companions/recall/r2q_recall_shapetrans_0844_g.img	r2q/companions/recall/r2q_recall_shapetrans_0844_p1.img	r2q/companions/recall/r2q_recall_shapetrans_0844_p2.img	r2q/companions/recall/r2q_recall_shapetrans_0844_p3.img	TRIANGLE
R_shapetrans_0845	shapetrans	r2n_shapetrans_0845.img	r2q/companions/recall/r2q_recall_shapetrans_0845_g.img	r2q/companions/recall/r2q_recall_shapetrans_0845_p1.img	r2q/companions/recall/r2q_recall_shapetrans_0845_p2.img	r2q/companions/recall/r2q_recall_shapetrans_0845_p3.img	SQUARE
R_shapetrans_0846	shapetrans	r2n_shapetrans_0846.img	r2q/companions/recall/r2q_recall_shapetrans_0846_g.img	r2q/companions/recall/r2q_recall_shapetrans_0846_p1.img	r2q/companions/recall/r2q_recall_shapetrans_0846_p2.img	r2q/companions/recall/r2q_recall_shapetrans_0846_p3.img	CIRCLE
R_shapetrans_0847	shapetrans	r2n_shapetrans_0847.img	r2q/companions/recall/r2q_recall_shapetrans_0847_g.img	r2q/companions/recall/r2q_recall_shapetrans_0847_p1.img	r2q/companions/recall/r2q_recall_shapetrans_0847_p2.img	r2q/companions/recall/r2q_recall_shapetrans_0847_p3.img	TRIANGLE
R_shapetrans_0848	shapetrans	r2n_shapetrans_0848.img	r2q/companions/recall/r2q_recall_shapetrans_0848_g.img	r2q/companions/recall/r2q_recall_shapetrans_0848_p1.img	r2q/companions/recall/r2q_recall_shapetrans_0848_p2.img	r2q/companions/recall/r2q_recall_shapetrans_0848_p3.img	SQUARE
R_shapetrans_0849	shapetrans	r2n_shapetrans_0849.img	r2q/companions/recall/r2q_recall_shapetrans_0849_g.img	r2q/companions/recall/r2q_recall_shapetrans_0849_p1.img	r2q/companions/recall/r2q_recall_shapetrans_0849_p2.img	r2q/companions/recall/r2q_recall_shapetrans_0849_p3.img	CIRCLE
R_shapetrans_0850	shapetrans	r2n_shapetrans_0850.img	r2q/companions/recall/r2q_recall_shapetrans_0850_g.img	r2q/companions/recall/r2q_recall_shapetrans_0850_p1.img	r2q/companions/recall/r2q_recall_shapetrans_0850_p2.img	r2q/companions/recall/r2q_recall_shapetrans_0850_p3.img	TRIANGLE
R_shapetrans_0851	shapetrans	r2n_shapetrans_0851.img	r2q/companions/recall/r2q_recall_shapetrans_0851_g.img	r2q/companions/recall/r2q_recall_shapetrans_0851_p1.img	r2q/companions/recall/r2q_recall_shapetrans_0851_p2.img	r2q/companions/recall/r2q_recall_shapetrans_0851_p3.img	SQUARE
R_shapetrans_0852	shapetrans	r2n_shapetrans_0852.img	r2q/companions/recall/r2q_recall_shapetrans_0852_g.img	r2q/companions/recall/r2q_recall_shapetrans_0852_p1.img	r2q/companions/recall/r2q_recall_shapetrans_0852_p2.img	r2q/companions/recall/r2q_recall_shapetrans_0852_p3.img	CIRCLE
R_shapetrans_0853	shapetrans	r2n_shapetrans_0853.img	r2q/companions/recall/r2q_recall_shapetrans_0853_g.img	r2q/companions/recall/r2q_recall_shapetrans_0853_p1.img	r2q/companions/recall/r2q_recall_shapetrans_0853_p2.img	r2q/companions/recall/r2q_recall_shapetrans_0853_p3.img	TRIANGLE
R_shapetrans_0854	shapetrans	r2n_shapetrans_0854.img	r2q/companions/recall/r2q_recall_shapetrans_0854_g.img	r2q/companions/recall/r2q_recall_shapetrans_0854_p1.img	r2q/companions/recall/r2q_recall_shapetrans_0854_p2.img	r2q/companions/recall/r2q_recall_shapetrans_0854_p3.img	SQUARE
R_shapetrans_0855	shapetrans	r2n_shapetrans_0855.img	r2q/companions/recall/r2q_recall_shapetrans_0855_g.img	r2q/companions/recall/r2q_recall_shapetrans_0855_p1.img	r2q/companions/recall/r2q_recall_shapetrans_0855_p2.img	r2q/companions/recall/r2q_recall_shapetrans_0855_p3.img	CIRCLE
R_shapetrans_0856	shapetrans	r2n_shapetrans_0856.img	r2q/companions/recall/r2q_recall_shapetrans_0856_g.img	r2q/companions/recall/r2q_recall_shapetrans_0856_p1.img	r2q/companions/recall/r2q_recall_shapetrans_0856_p2.img	r2q/companions/recall/r2q_recall_shapetrans_0856_p3.img	TRIANGLE
R_shapetrans_0857	shapetrans	r2n_shapetrans_0857.img	r2q/companions/recall/r2q_recall_shapetrans_0857_g.img	r2q/companions/recall/r2q_recall_shapetrans_0857_p1.img	r2q/companions/recall/r2q_recall_shapetrans_0857_p2.img	r2q/companions/recall/r2q_recall_shapetrans_0857_p3.img	SQUARE
R_shapetrans_0858	shapetrans	r2n_shapetrans_0858.img	r2q/companions/recall/r2q_recall_shapetrans_0858_g.img	r2q/companions/recall/r2q_recall_shapetrans_0858_p1.img	r2q/companions/recall/r2q_recall_shapetrans_0858_p2.img	r2q/companions/recall/r2q_recall_shapetrans_0858_p3.img	CIRCLE
R_shapetrans_0859	shapetrans	r2n_shapetrans_0859.img	r2q/companions/recall/r2q_recall_shapetrans_0859_g.img	r2q/companions/recall/r2q_recall_shapetrans_0859_p1.img	r2q/companions/recall/r2q_recall_shapetrans_0859_p2.img	r2q/companions/recall/r2q_recall_shapetrans_0859_p3.img	TRIANGLE
R_shapetrans_0860	shapetrans	r2n_shapetrans_0860.img	r2q/companions/recall/r2q_recall_shapetrans_0860_g.img	r2q/companions/recall/r2q_recall_shapetrans_0860_p1.img	r2q/companions/recall/r2q_recall_shapetrans_0860_p2.img	r2q/companions/recall/r2q_recall_shapetrans_0860_p3.img	SQUARE
R_shapetrans_0861	shapetrans	r2n_shapetrans_0861.img	r2q/companions/recall/r2q_recall_shapetrans_0861_g.img	r2q/companions/recall/r2q_recall_shapetrans_0861_p1.img	r2q/companions/recall/r2q_recall_shapetrans_0861_p2.img	r2q/companions/recall/r2q_recall_shapetrans_0861_p3.img	CIRCLE
R_shapetrans_0862	shapetrans	r2n_shapetrans_0862.img	r2q/companions/recall/r2q_recall_shapetrans_0862_g.img	r2q/companions/recall/r2q_recall_shapetrans_0862_p1.img	r2q/companions/recall/r2q_recall_shapetrans_0862_p2.img	r2q/companions/recall/r2q_recall_shapetrans_0862_p3.img	TRIANGLE
R_shapetrans_0863	shapetrans	r2n_shapetrans_0863.img	r2q/companions/recall/r2q_recall_shapetrans_0863_g.img	r2q/companions/recall/r2q_recall_shapetrans_0863_p1.img	r2q/companions/recall/r2q_recall_shapetrans_0863_p2.img	r2q/companions/recall/r2q_recall_shapetrans_0863_p3.img	SQUARE
R_shapetrans_0864	shapetrans	r2n_shapetrans_0864.img	r2q/companions/recall/r2q_recall_shapetrans_0864_g.img	r2q/companions/recall/r2q_recall_shapetrans_0864_p1.img	r2q/companions/recall/r2q_recall_shapetrans_0864_p2.img	r2q/companions/recall/r2q_recall_shapetrans_0864_p3.img	CIRCLE
R_shapetrans_0865	shapetrans	r2n_shapetrans_0865.img	r2q/companions/recall/r2q_recall_shapetrans_0865_g.img	r2q/companions/recall/r2q_recall_shapetrans_0865_p1.img	r2q/companions/recall/r2q_recall_shapetrans_0865_p2.img	r2q/companions/recall/r2q_recall_shapetrans_0865_p3.img	TRIANGLE
R_shapetrans_0866	shapetrans	r2n_shapetrans_0866.img	r2q/companions/recall/r2q_recall_shapetrans_0866_g.img	r2q/companions/recall/r2q_recall_shapetrans_0866_p1.img	r2q/companions/recall/r2q_recall_shapetrans_0866_p2.img	r2q/companions/recall/r2q_recall_shapetrans_0866_p3.img	SQUARE
R_shapetrans_0867	shapetrans	r2n_shapetrans_0867.img	r2q/companions/recall/r2q_recall_shapetrans_0867_g.img	r2q/companions/recall/r2q_recall_shapetrans_0867_p1.img	r2q/companions/recall/r2q_recall_shapetrans_0867_p2.img	r2q/companions/recall/r2q_recall_shapetrans_0867_p3.img	CIRCLE
R_shapetrans_0868	shapetrans	r2n_shapetrans_0868.img	r2q/companions/recall/r2q_recall_shapetrans_0868_g.img	r2q/companions/recall/r2q_recall_shapetrans_0868_p1.img	r2q/companions/recall/r2q_recall_shapetrans_0868_p2.img	r2q/companions/recall/r2q_recall_shapetrans_0868_p3.img	TRIANGLE
R_shapetrans_0869	shapetrans	r2n_shapetrans_0869.img	r2q/companions/recall/r2q_recall_shapetrans_0869_g.img	r2q/companions/recall/r2q_recall_shapetrans_0869_p1.img	r2q/companions/recall/r2q_recall_shapetrans_0869_p2.img	r2q/companions/recall/r2q_recall_shapetrans_0869_p3.img	SQUARE
R_shapetrans_0870	shapetrans	r2n_shapetrans_0870.img	r2q/companions/recall/r2q_recall_shapetrans_0870_g.img	r2q/companions/recall/r2q_recall_shapetrans_0870_p1.img	r2q/companions/recall/r2q_recall_shapetrans_0870_p2.img	r2q/companions/recall/r2q_recall_shapetrans_0870_p3.img	CIRCLE
R_shapetrans_0871	shapetrans	r2n_shapetrans_0871.img	r2q/companions/recall/r2q_recall_shapetrans_0871_g.img	r2q/companions/recall/r2q_recall_shapetrans_0871_p1.img	r2q/companions/recall/r2q_recall_shapetrans_0871_p2.img	r2q/companions/recall/r2q_recall_shapetrans_0871_p3.img	TRIANGLE
R_shapetrans_0872	shapetrans	r2n_shapetrans_0872.img	r2q/companions/recall/r2q_recall_shapetrans_0872_g.img	r2q/companions/recall/r2q_recall_shapetrans_0872_p1.img	r2q/companions/recall/r2q_recall_shapetrans_0872_p2.img	r2q/companions/recall/r2q_recall_shapetrans_0872_p3.img	SQUARE
R_shapetrans_0873	shapetrans	r2n_shapetrans_0873.img	r2q/companions/recall/r2q_recall_shapetrans_0873_g.img	r2q/companions/recall/r2q_recall_shapetrans_0873_p1.img	r2q/companions/recall/r2q_recall_shapetrans_0873_p2.img	r2q/companions/recall/r2q_recall_shapetrans_0873_p3.img	CIRCLE
R_shapetrans_0874	shapetrans	r2n_shapetrans_0874.img	r2q/companions/recall/r2q_recall_shapetrans_0874_g.img	r2q/companions/recall/r2q_recall_shapetrans_0874_p1.img	r2q/companions/recall/r2q_recall_shapetrans_0874_p2.img	r2q/companions/recall/r2q_recall_shapetrans_0874_p3.img	TRIANGLE
R_shapetrans_0875	shapetrans	r2n_shapetrans_0875.img	r2q/companions/recall/r2q_recall_shapetrans_0875_g.img	r2q/companions/recall/r2q_recall_shapetrans_0875_p1.img	r2q/companions/recall/r2q_recall_shapetrans_0875_p2.img	r2q/companions/recall/r2q_recall_shapetrans_0875_p3.img	SQUARE
R_shapetrans_0876	shapetrans	r2n_shapetrans_0876.img	r2q/companions/recall/r2q_recall_shapetrans_0876_g.img	r2q/companions/recall/r2q_recall_shapetrans_0876_p1.img	r2q/companions/recall/r2q_recall_shapetrans_0876_p2.img	r2q/companions/recall/r2q_recall_shapetrans_0876_p3.img	CIRCLE
R_shapetrans_0877	shapetrans	r2n_shapetrans_0877.img	r2q/companions/recall/r2q_recall_shapetrans_0877_g.img	r2q/companions/recall/r2q_recall_shapetrans_0877_p1.img	r2q/companions/recall/r2q_recall_shapetrans_0877_p2.img	r2q/companions/recall/r2q_recall_shapetrans_0877_p3.img	TRIANGLE
R_shapetrans_0878	shapetrans	r2n_shapetrans_0878.img	r2q/companions/recall/r2q_recall_shapetrans_0878_g.img	r2q/companions/recall/r2q_recall_shapetrans_0878_p1.img	r2q/companions/recall/r2q_recall_shapetrans_0878_p2.img	r2q/companions/recall/r2q_recall_shapetrans_0878_p3.img	SQUARE
R_shapetrans_0879	shapetrans	r2n_shapetrans_0879.img	r2q/companions/recall/r2q_recall_shapetrans_0879_g.img	r2q/companions/recall/r2q_recall_shapetrans_0879_p1.img	r2q/companions/recall/r2q_recall_shapetrans_0879_p2.img	r2q/companions/recall/r2q_recall_shapetrans_0879_p3.img	CIRCLE
R_shapetrans_0880	shapetrans	r2n_shapetrans_0880.img	r2q/companions/recall/r2q_recall_shapetrans_0880_g.img	r2q/companions/recall/r2q_recall_shapetrans_0880_p1.img	r2q/companions/recall/r2q_recall_shapetrans_0880_p2.img	r2q/companions/recall/r2q_recall_shapetrans_0880_p3.img	TRIANGLE
R_shapetrans_0881	shapetrans	r2n_shapetrans_0881.img	r2q/companions/recall/r2q_recall_shapetrans_0881_g.img	r2q/companions/recall/r2q_recall_shapetrans_0881_p1.img	r2q/companions/recall/r2q_recall_shapetrans_0881_p2.img	r2q/companions/recall/r2q_recall_shapetrans_0881_p3.img	SQUARE
R_shapetrans_0882	shapetrans	r2n_shapetrans_0882.img	r2q/companions/recall/r2q_recall_shapetrans_0882_g.img	r2q/companions/recall/r2q_recall_shapetrans_0882_p1.img	r2q/companions/recall/r2q_recall_shapetrans_0882_p2.img	r2q/companions/recall/r2q_recall_shapetrans_0882_p3.img	CIRCLE
R_shapetrans_0883	shapetrans	r2n_shapetrans_0883.img	r2q/companions/recall/r2q_recall_shapetrans_0883_g.img	r2q/companions/recall/r2q_recall_shapetrans_0883_p1.img	r2q/companions/recall/r2q_recall_shapetrans_0883_p2.img	r2q/companions/recall/r2q_recall_shapetrans_0883_p3.img	TRIANGLE
R_shapetrans_0884	shapetrans	r2n_shapetrans_0884.img	r2q/companions/recall/r2q_recall_shapetrans_0884_g.img	r2q/companions/recall/r2q_recall_shapetrans_0884_p1.img	r2q/companions/recall/r2q_recall_shapetrans_0884_p2.img	r2q/companions/recall/r2q_recall_shapetrans_0884_p3.img	SQUARE
R_shapetrans_0885	shapetrans	r2n_shapetrans_0885.img	r2q/companions/recall/r2q_recall_shapetrans_0885_g.img	r2q/companions/recall/r2q_recall_shapetrans_0885_p1.img	r2q/companions/recall/r2q_recall_shapetrans_0885_p2.img	r2q/companions/recall/r2q_recall_shapetrans_0885_p3.img	CIRCLE
R_shapetrans_0886	shapetrans	r2n_shapetrans_0886.img	r2q/companions/recall/r2q_recall_shapetrans_0886_g.img	r2q/companions/recall/r2q_recall_shapetrans_0886_p1.img	r2q/companions/recall/r2q_recall_shapetrans_0886_p2.img	r2q/companions/recall/r2q_recall_shapetrans_0886_p3.img	TRIANGLE
R_shapetrans_0887	shapetrans	r2n_shapetrans_0887.img	r2q/companions/recall/r2q_recall_shapetrans_0887_g.img	r2q/companions/recall/r2q_recall_shapetrans_0887_p1.img	r2q/companions/recall/r2q_recall_shapetrans_0887_p2.img	r2q/companions/recall/r2q_recall_shapetrans_0887_p3.img	SQUARE
R_shapetrans_0888	shapetrans	r2n_shapetrans_0888.img	r2q/companions/recall/r2q_recall_shapetrans_0888_g.img	r2q/companions/recall/r2q_recall_shapetrans_0888_p1.img	r2q/companions/recall/r2q_recall_shapetrans_0888_p2.img	r2q/companions/recall/r2q_recall_shapetrans_0888_p3.img	CIRCLE
R_shapetrans_0889	shapetrans	r2n_shapetrans_0889.img	r2q/companions/recall/r2q_recall_shapetrans_0889_g.img	r2q/companions/recall/r2q_recall_shapetrans_0889_p1.img	r2q/companions/recall/r2q_recall_shapetrans_0889_p2.img	r2q/companions/recall/r2q_recall_shapetrans_0889_p3.img	TRIANGLE
R_shapetrans_0890	shapetrans	r2n_shapetrans_0890.img	r2q/companions/recall/r2q_recall_shapetrans_0890_g.img	r2q/companions/recall/r2q_recall_shapetrans_0890_p1.img	r2q/companions/recall/r2q_recall_shapetrans_0890_p2.img	r2q/companions/recall/r2q_recall_shapetrans_0890_p3.img	SQUARE
R_shapetrans_0891	shapetrans	r2n_shapetrans_0891.img	r2q/companions/recall/r2q_recall_shapetrans_0891_g.img	r2q/companions/recall/r2q_recall_shapetrans_0891_p1.img	r2q/companions/recall/r2q_recall_shapetrans_0891_p2.img	r2q/companions/recall/r2q_recall_shapetrans_0891_p3.img	CIRCLE
R_shapetrans_0892	shapetrans	r2n_shapetrans_0892.img	r2q/companions/recall/r2q_recall_shapetrans_0892_g.img	r2q/companions/recall/r2q_recall_shapetrans_0892_p1.img	r2q/companions/recall/r2q_recall_shapetrans_0892_p2.img	r2q/companions/recall/r2q_recall_shapetrans_0892_p3.img	TRIANGLE
R_shapetrans_0893	shapetrans	r2n_shapetrans_0893.img	r2q/companions/recall/r2q_recall_shapetrans_0893_g.img	r2q/companions/recall/r2q_recall_shapetrans_0893_p1.img	r2q/companions/recall/r2q_recall_shapetrans_0893_p2.img	r2q/companions/recall/r2q_recall_shapetrans_0893_p3.img	SQUARE
R_shapetrans_0894	shapetrans	r2n_shapetrans_0894.img	r2q/companions/recall/r2q_recall_shapetrans_0894_g.img	r2q/companions/recall/r2q_recall_shapetrans_0894_p1.img	r2q/companions/recall/r2q_recall_shapetrans_0894_p2.img	r2q/companions/recall/r2q_recall_shapetrans_0894_p3.img	CIRCLE
R_shapetrans_0895	shapetrans	r2n_shapetrans_0895.img	r2q/companions/recall/r2q_recall_shapetrans_0895_g.img	r2q/companions/recall/r2q_recall_shapetrans_0895_p1.img	r2q/companions/recall/r2q_recall_shapetrans_0895_p2.img	r2q/companions/recall/r2q_recall_shapetrans_0895_p3.img	TRIANGLE
R_shapetrans_0896	shapetrans	r2n_shapetrans_0896.img	r2q/companions/recall/r2q_recall_shapetrans_0896_g.img	r2q/companions/recall/r2q_recall_shapetrans_0896_p1.img	r2q/companions/recall/r2q_recall_shapetrans_0896_p2.img	r2q/companions/recall/r2q_recall_shapetrans_0896_p3.img	SQUARE
R_shapetrans_0897	shapetrans	r2n_shapetrans_0897.img	r2q/companions/recall/r2q_recall_shapetrans_0897_g.img	r2q/companions/recall/r2q_recall_shapetrans_0897_p1.img	r2q/companions/recall/r2q_recall_shapetrans_0897_p2.img	r2q/companions/recall/r2q_recall_shapetrans_0897_p3.img	CIRCLE
R_shapetrans_0898	shapetrans	r2n_shapetrans_0898.img	r2q/companions/recall/r2q_recall_shapetrans_0898_g.img	r2q/companions/recall/r2q_recall_shapetrans_0898_p1.img	r2q/companions/recall/r2q_recall_shapetrans_0898_p2.img	r2q/companions/recall/r2q_recall_shapetrans_0898_p3.img	TRIANGLE
R_shapetrans_0899	shapetrans	r2n_shapetrans_0899.img	r2q/companions/recall/r2q_recall_shapetrans_0899_g.img	r2q/companions/recall/r2q_recall_shapetrans_0899_p1.img	r2q/companions/recall/r2q_recall_shapetrans_0899_p2.img	r2q/companions/recall/r2q_recall_shapetrans_0899_p3.img	SQUARE
R_shapetrans_0900	shapetrans	r2n_shapetrans_0900.img	r2q/companions/recall/r2q_recall_shapetrans_0900_g.img	r2q/companions/recall/r2q_recall_shapetrans_0900_p1.img	r2q/companions/recall/r2q_recall_shapetrans_0900_p2.img	r2q/companions/recall/r2q_recall_shapetrans_0900_p3.img	CIRCLE
R_shapetrans_0901	shapetrans	r2n_shapetrans_0901.img	r2q/companions/recall/r2q_recall_shapetrans_0901_g.img	r2q/companions/recall/r2q_recall_shapetrans_0901_p1.img	r2q/companions/recall/r2q_recall_shapetrans_0901_p2.img	r2q/companions/recall/r2q_recall_shapetrans_0901_p3.img	TRIANGLE
R_shapetrans_0902	shapetrans	r2n_shapetrans_0902.img	r2q/companions/recall/r2q_recall_shapetrans_0902_g.img	r2q/companions/recall/r2q_recall_shapetrans_0902_p1.img	r2q/companions/recall/r2q_recall_shapetrans_0902_p2.img	r2q/companions/recall/r2q_recall_shapetrans_0902_p3.img	SQUARE
R_shapetrans_0903	shapetrans	r2n_shapetrans_0903.img	r2q/companions/recall/r2q_recall_shapetrans_0903_g.img	r2q/companions/recall/r2q_recall_shapetrans_0903_p1.img	r2q/companions/recall/r2q_recall_shapetrans_0903_p2.img	r2q/companions/recall/r2q_recall_shapetrans_0903_p3.img	CIRCLE
R_shapetrans_0904	shapetrans	r2n_shapetrans_0904.img	r2q/companions/recall/r2q_recall_shapetrans_0904_g.img	r2q/companions/recall/r2q_recall_shapetrans_0904_p1.img	r2q/companions/recall/r2q_recall_shapetrans_0904_p2.img	r2q/companions/recall/r2q_recall_shapetrans_0904_p3.img	TRIANGLE
R_shapetrans_0905	shapetrans	r2n_shapetrans_0905.img	r2q/companions/recall/r2q_recall_shapetrans_0905_g.img	r2q/companions/recall/r2q_recall_shapetrans_0905_p1.img	r2q/companions/recall/r2q_recall_shapetrans_0905_p2.img	r2q/companions/recall/r2q_recall_shapetrans_0905_p3.img	SQUARE
R_shapetrans_0906	shapetrans	r2n_shapetrans_0906.img	r2q/companions/recall/r2q_recall_shapetrans_0906_g.img	r2q/companions/recall/r2q_recall_shapetrans_0906_p1.img	r2q/companions/recall/r2q_recall_shapetrans_0906_p2.img	r2q/companions/recall/r2q_recall_shapetrans_0906_p3.img	CIRCLE
R_shapetrans_0907	shapetrans	r2n_shapetrans_0907.img	r2q/companions/recall/r2q_recall_shapetrans_0907_g.img	r2q/companions/recall/r2q_recall_shapetrans_0907_p1.img	r2q/companions/recall/r2q_recall_shapetrans_0907_p2.img	r2q/companions/recall/r2q_recall_shapetrans_0907_p3.img	TRIANGLE
R_shapetrans_0908	shapetrans	r2n_shapetrans_0908.img	r2q/companions/recall/r2q_recall_shapetrans_0908_g.img	r2q/companions/recall/r2q_recall_shapetrans_0908_p1.img	r2q/companions/recall/r2q_recall_shapetrans_0908_p2.img	r2q/companions/recall/r2q_recall_shapetrans_0908_p3.img	SQUARE
R_shapetrans_0909	shapetrans	r2n_shapetrans_0909.img	r2q/companions/recall/r2q_recall_shapetrans_0909_g.img	r2q/companions/recall/r2q_recall_shapetrans_0909_p1.img	r2q/companions/recall/r2q_recall_shapetrans_0909_p2.img	r2q/companions/recall/r2q_recall_shapetrans_0909_p3.img	CIRCLE
R_shapetrans_0910	shapetrans	r2n_shapetrans_0910.img	r2q/companions/recall/r2q_recall_shapetrans_0910_g.img	r2q/companions/recall/r2q_recall_shapetrans_0910_p1.img	r2q/companions/recall/r2q_recall_shapetrans_0910_p2.img	r2q/companions/recall/r2q_recall_shapetrans_0910_p3.img	TRIANGLE
R_shapetrans_0911	shapetrans	r2n_shapetrans_0911.img	r2q/companions/recall/r2q_recall_shapetrans_0911_g.img	r2q/companions/recall/r2q_recall_shapetrans_0911_p1.img	r2q/companions/recall/r2q_recall_shapetrans_0911_p2.img	r2q/companions/recall/r2q_recall_shapetrans_0911_p3.img	SQUARE
R_shapetrans_0912	shapetrans	r2n_shapetrans_0912.img	r2q/companions/recall/r2q_recall_shapetrans_0912_g.img	r2q/companions/recall/r2q_recall_shapetrans_0912_p1.img	r2q/companions/recall/r2q_recall_shapetrans_0912_p2.img	r2q/companions/recall/r2q_recall_shapetrans_0912_p3.img	CIRCLE
R_shapetrans_0913	shapetrans	r2n_shapetrans_0913.img	r2q/companions/recall/r2q_recall_shapetrans_0913_g.img	r2q/companions/recall/r2q_recall_shapetrans_0913_p1.img	r2q/companions/recall/r2q_recall_shapetrans_0913_p2.img	r2q/companions/recall/r2q_recall_shapetrans_0913_p3.img	TRIANGLE
R_shapetrans_0914	shapetrans	r2n_shapetrans_0914.img	r2q/companions/recall/r2q_recall_shapetrans_0914_g.img	r2q/companions/recall/r2q_recall_shapetrans_0914_p1.img	r2q/companions/recall/r2q_recall_shapetrans_0914_p2.img	r2q/companions/recall/r2q_recall_shapetrans_0914_p3.img	SQUARE
R_shapetrans_0915	shapetrans	r2n_shapetrans_0915.img	r2q/companions/recall/r2q_recall_shapetrans_0915_g.img	r2q/companions/recall/r2q_recall_shapetrans_0915_p1.img	r2q/companions/recall/r2q_recall_shapetrans_0915_p2.img	r2q/companions/recall/r2q_recall_shapetrans_0915_p3.img	CIRCLE
R_shapetrans_0916	shapetrans	r2n_shapetrans_0916.img	r2q/companions/recall/r2q_recall_shapetrans_0916_g.img	r2q/companions/recall/r2q_recall_shapetrans_0916_p1.img	r2q/companions/recall/r2q_recall_shapetrans_0916_p2.img	r2q/companions/recall/r2q_recall_shapetrans_0916_p3.img	TRIANGLE
R_shapetrans_0917	shapetrans	r2n_shapetrans_0917.img	r2q/companions/recall/r2q_recall_shapetrans_0917_g.img	r2q/companions/recall/r2q_recall_shapetrans_0917_p1.img	r2q/companions/recall/r2q_recall_shapetrans_0917_p2.img	r2q/companions/recall/r2q_recall_shapetrans_0917_p3.img	SQUARE
R_shapetrans_0918	shapetrans	r2n_shapetrans_0918.img	r2q/companions/recall/r2q_recall_shapetrans_0918_g.img	r2q/companions/recall/r2q_recall_shapetrans_0918_p1.img	r2q/companions/recall/r2q_recall_shapetrans_0918_p2.img	r2q/companions/recall/r2q_recall_shapetrans_0918_p3.img	CIRCLE
R_shapetrans_0919	shapetrans	r2n_shapetrans_0919.img	r2q/companions/recall/r2q_recall_shapetrans_0919_g.img	r2q/companions/recall/r2q_recall_shapetrans_0919_p1.img	r2q/companions/recall/r2q_recall_shapetrans_0919_p2.img	r2q/companions/recall/r2q_recall_shapetrans_0919_p3.img	TRIANGLE
R_shapetrans_0920	shapetrans	r2n_shapetrans_0920.img	r2q/companions/recall/r2q_recall_shapetrans_0920_g.img	r2q/companions/recall/r2q_recall_shapetrans_0920_p1.img	r2q/companions/recall/r2q_recall_shapetrans_0920_p2.img	r2q/companions/recall/r2q_recall_shapetrans_0920_p3.img	SQUARE
R_shapetrans_0921	shapetrans	r2n_shapetrans_0921.img	r2q/companions/recall/r2q_recall_shapetrans_0921_g.img	r2q/companions/recall/r2q_recall_shapetrans_0921_p1.img	r2q/companions/recall/r2q_recall_shapetrans_0921_p2.img	r2q/companions/recall/r2q_recall_shapetrans_0921_p3.img	CIRCLE
R_shapetrans_0922	shapetrans	r2n_shapetrans_0922.img	r2q/companions/recall/r2q_recall_shapetrans_0922_g.img	r2q/companions/recall/r2q_recall_shapetrans_0922_p1.img	r2q/companions/recall/r2q_recall_shapetrans_0922_p2.img	r2q/companions/recall/r2q_recall_shapetrans_0922_p3.img	TRIANGLE
R_shapetrans_0923	shapetrans	r2n_shapetrans_0923.img	r2q/companions/recall/r2q_recall_shapetrans_0923_g.img	r2q/companions/recall/r2q_recall_shapetrans_0923_p1.img	r2q/companions/recall/r2q_recall_shapetrans_0923_p2.img	r2q/companions/recall/r2q_recall_shapetrans_0923_p3.img	SQUARE
R_shapetrans_0924	shapetrans	r2n_shapetrans_0924.img	r2q/companions/recall/r2q_recall_shapetrans_0924_g.img	r2q/companions/recall/r2q_recall_shapetrans_0924_p1.img	r2q/companions/recall/r2q_recall_shapetrans_0924_p2.img	r2q/companions/recall/r2q_recall_shapetrans_0924_p3.img	CIRCLE
R_shapetrans_0925	shapetrans	r2n_shapetrans_0925.img	r2q/companions/recall/r2q_recall_shapetrans_0925_g.img	r2q/companions/recall/r2q_recall_shapetrans_0925_p1.img	r2q/companions/recall/r2q_recall_shapetrans_0925_p2.img	r2q/companions/recall/r2q_recall_shapetrans_0925_p3.img	TRIANGLE
R_shapetrans_0926	shapetrans	r2n_shapetrans_0926.img	r2q/companions/recall/r2q_recall_shapetrans_0926_g.img	r2q/companions/recall/r2q_recall_shapetrans_0926_p1.img	r2q/companions/recall/r2q_recall_shapetrans_0926_p2.img	r2q/companions/recall/r2q_recall_shapetrans_0926_p3.img	SQUARE
R_shapetrans_0927	shapetrans	r2n_shapetrans_0927.img	r2q/companions/recall/r2q_recall_shapetrans_0927_g.img	r2q/companions/recall/r2q_recall_shapetrans_0927_p1.img	r2q/companions/recall/r2q_recall_shapetrans_0927_p2.img	r2q/companions/recall/r2q_recall_shapetrans_0927_p3.img	CIRCLE
R_shapetrans_0928	shapetrans	r2n_shapetrans_0928.img	r2q/companions/recall/r2q_recall_shapetrans_0928_g.img	r2q/companions/recall/r2q_recall_shapetrans_0928_p1.img	r2q/companions/recall/r2q_recall_shapetrans_0928_p2.img	r2q/companions/recall/r2q_recall_shapetrans_0928_p3.img	TRIANGLE
R_shapetrans_0929	shapetrans	r2n_shapetrans_0929.img	r2q/companions/recall/r2q_recall_shapetrans_0929_g.img	r2q/companions/recall/r2q_recall_shapetrans_0929_p1.img	r2q/companions/recall/r2q_recall_shapetrans_0929_p2.img	r2q/companions/recall/r2q_recall_shapetrans_0929_p3.img	SQUARE
R_shapetrans_0930	shapetrans	r2n_shapetrans_0930.img	r2q/companions/recall/r2q_recall_shapetrans_0930_g.img	r2q/companions/recall/r2q_recall_shapetrans_0930_p1.img	r2q/companions/recall/r2q_recall_shapetrans_0930_p2.img	r2q/companions/recall/r2q_recall_shapetrans_0930_p3.img	CIRCLE
R_shapetrans_0931	shapetrans	r2n_shapetrans_0931.img	r2q/companions/recall/r2q_recall_shapetrans_0931_g.img	r2q/companions/recall/r2q_recall_shapetrans_0931_p1.img	r2q/companions/recall/r2q_recall_shapetrans_0931_p2.img	r2q/companions/recall/r2q_recall_shapetrans_0931_p3.img	TRIANGLE
R_shapetrans_0932	shapetrans	r2n_shapetrans_0932.img	r2q/companions/recall/r2q_recall_shapetrans_0932_g.img	r2q/companions/recall/r2q_recall_shapetrans_0932_p1.img	r2q/companions/recall/r2q_recall_shapetrans_0932_p2.img	r2q/companions/recall/r2q_recall_shapetrans_0932_p3.img	SQUARE
R_shapetrans_0933	shapetrans	r2n_shapetrans_0933.img	r2q/companions/recall/r2q_recall_shapetrans_0933_g.img	r2q/companions/recall/r2q_recall_shapetrans_0933_p1.img	r2q/companions/recall/r2q_recall_shapetrans_0933_p2.img	r2q/companions/recall/r2q_recall_shapetrans_0933_p3.img	CIRCLE
R_shapetrans_0934	shapetrans	r2n_shapetrans_0934.img	r2q/companions/recall/r2q_recall_shapetrans_0934_g.img	r2q/companions/recall/r2q_recall_shapetrans_0934_p1.img	r2q/companions/recall/r2q_recall_shapetrans_0934_p2.img	r2q/companions/recall/r2q_recall_shapetrans_0934_p3.img	TRIANGLE
R_shapetrans_0935	shapetrans	r2n_shapetrans_0935.img	r2q/companions/recall/r2q_recall_shapetrans_0935_g.img	r2q/companions/recall/r2q_recall_shapetrans_0935_p1.img	r2q/companions/recall/r2q_recall_shapetrans_0935_p2.img	r2q/companions/recall/r2q_recall_shapetrans_0935_p3.img	SQUARE
R_shapetrans_0936	shapetrans	r2n_shapetrans_0936.img	r2q/companions/recall/r2q_recall_shapetrans_0936_g.img	r2q/companions/recall/r2q_recall_shapetrans_0936_p1.img	r2q/companions/recall/r2q_recall_shapetrans_0936_p2.img	r2q/companions/recall/r2q_recall_shapetrans_0936_p3.img	CIRCLE
R_shapetrans_0937	shapetrans	r2n_shapetrans_0937.img	r2q/companions/recall/r2q_recall_shapetrans_0937_g.img	r2q/companions/recall/r2q_recall_shapetrans_0937_p1.img	r2q/companions/recall/r2q_recall_shapetrans_0937_p2.img	r2q/companions/recall/r2q_recall_shapetrans_0937_p3.img	TRIANGLE
R_shapetrans_0938	shapetrans	r2n_shapetrans_0938.img	r2q/companions/recall/r2q_recall_shapetrans_0938_g.img	r2q/companions/recall/r2q_recall_shapetrans_0938_p1.img	r2q/companions/recall/r2q_recall_shapetrans_0938_p2.img	r2q/companions/recall/r2q_recall_shapetrans_0938_p3.img	SQUARE
R_shapetrans_0939	shapetrans	r2n_shapetrans_0939.img	r2q/companions/recall/r2q_recall_shapetrans_0939_g.img	r2q/companions/recall/r2q_recall_shapetrans_0939_p1.img	r2q/companions/recall/r2q_recall_shapetrans_0939_p2.img	r2q/companions/recall/r2q_recall_shapetrans_0939_p3.img	CIRCLE
R_shapetrans_0940	shapetrans	r2n_shapetrans_0940.img	r2q/companions/recall/r2q_recall_shapetrans_0940_g.img	r2q/companions/recall/r2q_recall_shapetrans_0940_p1.img	r2q/companions/recall/r2q_recall_shapetrans_0940_p2.img	r2q/companions/recall/r2q_recall_shapetrans_0940_p3.img	TRIANGLE
R_shapetrans_0941	shapetrans	r2n_shapetrans_0941.img	r2q/companions/recall/r2q_recall_shapetrans_0941_g.img	r2q/companions/recall/r2q_recall_shapetrans_0941_p1.img	r2q/companions/recall/r2q_recall_shapetrans_0941_p2.img	r2q/companions/recall/r2q_recall_shapetrans_0941_p3.img	SQUARE
R_shapetrans_0942	shapetrans	r2n_shapetrans_0942.img	r2q/companions/recall/r2q_recall_shapetrans_0942_g.img	r2q/companions/recall/r2q_recall_shapetrans_0942_p1.img	r2q/companions/recall/r2q_recall_shapetrans_0942_p2.img	r2q/companions/recall/r2q_recall_shapetrans_0942_p3.img	CIRCLE
R_shapetrans_0943	shapetrans	r2n_shapetrans_0943.img	r2q/companions/recall/r2q_recall_shapetrans_0943_g.img	r2q/companions/recall/r2q_recall_shapetrans_0943_p1.img	r2q/companions/recall/r2q_recall_shapetrans_0943_p2.img	r2q/companions/recall/r2q_recall_shapetrans_0943_p3.img	TRIANGLE
R_shapetrans_0944	shapetrans	r2n_shapetrans_0944.img	r2q/companions/recall/r2q_recall_shapetrans_0944_g.img	r2q/companions/recall/r2q_recall_shapetrans_0944_p1.img	r2q/companions/recall/r2q_recall_shapetrans_0944_p2.img	r2q/companions/recall/r2q_recall_shapetrans_0944_p3.img	SQUARE
R_shapetrans_0945	shapetrans	r2n_shapetrans_0945.img	r2q/companions/recall/r2q_recall_shapetrans_0945_g.img	r2q/companions/recall/r2q_recall_shapetrans_0945_p1.img	r2q/companions/recall/r2q_recall_shapetrans_0945_p2.img	r2q/companions/recall/r2q_recall_shapetrans_0945_p3.img	CIRCLE
R_shapetrans_0946	shapetrans	r2n_shapetrans_0946.img	r2q/companions/recall/r2q_recall_shapetrans_0946_g.img	r2q/companions/recall/r2q_recall_shapetrans_0946_p1.img	r2q/companions/recall/r2q_recall_shapetrans_0946_p2.img	r2q/companions/recall/r2q_recall_shapetrans_0946_p3.img	TRIANGLE
R_shapetrans_0947	shapetrans	r2n_shapetrans_0947.img	r2q/companions/recall/r2q_recall_shapetrans_0947_g.img	r2q/companions/recall/r2q_recall_shapetrans_0947_p1.img	r2q/companions/recall/r2q_recall_shapetrans_0947_p2.img	r2q/companions/recall/r2q_recall_shapetrans_0947_p3.img	SQUARE
R_shapetrans_0948	shapetrans	r2n_shapetrans_0948.img	r2q/companions/recall/r2q_recall_shapetrans_0948_g.img	r2q/companions/recall/r2q_recall_shapetrans_0948_p1.img	r2q/companions/recall/r2q_recall_shapetrans_0948_p2.img	r2q/companions/recall/r2q_recall_shapetrans_0948_p3.img	CIRCLE
R_shapetrans_0949	shapetrans	r2n_shapetrans_0949.img	r2q/companions/recall/r2q_recall_shapetrans_0949_g.img	r2q/companions/recall/r2q_recall_shapetrans_0949_p1.img	r2q/companions/recall/r2q_recall_shapetrans_0949_p2.img	r2q/companions/recall/r2q_recall_shapetrans_0949_p3.img	TRIANGLE
R_shapetrans_0950	shapetrans	r2n_shapetrans_0950.img	r2q/companions/recall/r2q_recall_shapetrans_0950_g.img	r2q/companions/recall/r2q_recall_shapetrans_0950_p1.img	r2q/companions/recall/r2q_recall_shapetrans_0950_p2.img	r2q/companions/recall/r2q_recall_shapetrans_0950_p3.img	SQUARE
R_shapetrans_0951	shapetrans	r2n_shapetrans_0951.img	r2q/companions/recall/r2q_recall_shapetrans_0951_g.img	r2q/companions/recall/r2q_recall_shapetrans_0951_p1.img	r2q/companions/recall/r2q_recall_shapetrans_0951_p2.img	r2q/companions/recall/r2q_recall_shapetrans_0951_p3.img	CIRCLE
R_shapetrans_0952	shapetrans	r2n_shapetrans_0952.img	r2q/companions/recall/r2q_recall_shapetrans_0952_g.img	r2q/companions/recall/r2q_recall_shapetrans_0952_p1.img	r2q/companions/recall/r2q_recall_shapetrans_0952_p2.img	r2q/companions/recall/r2q_recall_shapetrans_0952_p3.img	TRIANGLE
R_shapetrans_0953	shapetrans	r2n_shapetrans_0953.img	r2q/companions/recall/r2q_recall_shapetrans_0953_g.img	r2q/companions/recall/r2q_recall_shapetrans_0953_p1.img	r2q/companions/recall/r2q_recall_shapetrans_0953_p2.img	r2q/companions/recall/r2q_recall_shapetrans_0953_p3.img	SQUARE
R_shapetrans_0954	shapetrans	r2n_shapetrans_0954.img	r2q/companions/recall/r2q_recall_shapetrans_0954_g.img	r2q/companions/recall/r2q_recall_shapetrans_0954_p1.img	r2q/companions/recall/r2q_recall_shapetrans_0954_p2.img	r2q/companions/recall/r2q_recall_shapetrans_0954_p3.img	CIRCLE
R_shapetrans_0955	shapetrans	r2n_shapetrans_0955.img	r2q/companions/recall/r2q_recall_shapetrans_0955_g.img	r2q/companions/recall/r2q_recall_shapetrans_0955_p1.img	r2q/companions/recall/r2q_recall_shapetrans_0955_p2.img	r2q/companions/recall/r2q_recall_shapetrans_0955_p3.img	TRIANGLE
R_shapetrans_0956	shapetrans	r2n_shapetrans_0956.img	r2q/companions/recall/r2q_recall_shapetrans_0956_g.img	r2q/companions/recall/r2q_recall_shapetrans_0956_p1.img	r2q/companions/recall/r2q_recall_shapetrans_0956_p2.img	r2q/companions/recall/r2q_recall_shapetrans_0956_p3.img	SQUARE
R_shapetrans_0957	shapetrans	r2n_shapetrans_0957.img	r2q/companions/recall/r2q_recall_shapetrans_0957_g.img	r2q/companions/recall/r2q_recall_shapetrans_0957_p1.img	r2q/companions/recall/r2q_recall_shapetrans_0957_p2.img	r2q/companions/recall/r2q_recall_shapetrans_0957_p3.img	CIRCLE
R_shapetrans_0958	shapetrans	r2n_shapetrans_0958.img	r2q/companions/recall/r2q_recall_shapetrans_0958_g.img	r2q/companions/recall/r2q_recall_shapetrans_0958_p1.img	r2q/companions/recall/r2q_recall_shapetrans_0958_p2.img	r2q/companions/recall/r2q_recall_shapetrans_0958_p3.img	TRIANGLE
R_shapetrans_0959	shapetrans	r2n_shapetrans_0959.img	r2q/companions/recall/r2q_recall_shapetrans_0959_g.img	r2q/companions/recall/r2q_recall_shapetrans_0959_p1.img	r2q/companions/recall/r2q_recall_shapetrans_0959_p2.img	r2q/companions/recall/r2q_recall_shapetrans_0959_p3.img	SQUARE
R_shapetrans_0960	shapetrans	r2n_shapetrans_0960.img	r2q/companions/recall/r2q_recall_shapetrans_0960_g.img	r2q/companions/recall/r2q_recall_shapetrans_0960_p1.img	r2q/companions/recall/r2q_recall_shapetrans_0960_p2.img	r2q/companions/recall/r2q_recall_shapetrans_0960_p3.img	CIRCLE
R_shapetrans_0961	shapetrans	r2n_shapetrans_0961.img	r2q/companions/recall/r2q_recall_shapetrans_0961_g.img	r2q/companions/recall/r2q_recall_shapetrans_0961_p1.img	r2q/companions/recall/r2q_recall_shapetrans_0961_p2.img	r2q/companions/recall/r2q_recall_shapetrans_0961_p3.img	TRIANGLE
R_shapetrans_0962	shapetrans	r2n_shapetrans_0962.img	r2q/companions/recall/r2q_recall_shapetrans_0962_g.img	r2q/companions/recall/r2q_recall_shapetrans_0962_p1.img	r2q/companions/recall/r2q_recall_shapetrans_0962_p2.img	r2q/companions/recall/r2q_recall_shapetrans_0962_p3.img	SQUARE
R_shapetrans_0963	shapetrans	r2n_shapetrans_0963.img	r2q/companions/recall/r2q_recall_shapetrans_0963_g.img	r2q/companions/recall/r2q_recall_shapetrans_0963_p1.img	r2q/companions/recall/r2q_recall_shapetrans_0963_p2.img	r2q/companions/recall/r2q_recall_shapetrans_0963_p3.img	CIRCLE
R_shapetrans_0964	shapetrans	r2n_shapetrans_0964.img	r2q/companions/recall/r2q_recall_shapetrans_0964_g.img	r2q/companions/recall/r2q_recall_shapetrans_0964_p1.img	r2q/companions/recall/r2q_recall_shapetrans_0964_p2.img	r2q/companions/recall/r2q_recall_shapetrans_0964_p3.img	TRIANGLE
R_shapetrans_0965	shapetrans	r2n_shapetrans_0965.img	r2q/companions/recall/r2q_recall_shapetrans_0965_g.img	r2q/companions/recall/r2q_recall_shapetrans_0965_p1.img	r2q/companions/recall/r2q_recall_shapetrans_0965_p2.img	r2q/companions/recall/r2q_recall_shapetrans_0965_p3.img	SQUARE
R_shapetrans_0966	shapetrans	r2n_shapetrans_0966.img	r2q/companions/recall/r2q_recall_shapetrans_0966_g.img	r2q/companions/recall/r2q_recall_shapetrans_0966_p1.img	r2q/companions/recall/r2q_recall_shapetrans_0966_p2.img	r2q/companions/recall/r2q_recall_shapetrans_0966_p3.img	CIRCLE
R_shapetrans_0967	shapetrans	r2n_shapetrans_0967.img	r2q/companions/recall/r2q_recall_shapetrans_0967_g.img	r2q/companions/recall/r2q_recall_shapetrans_0967_p1.img	r2q/companions/recall/r2q_recall_shapetrans_0967_p2.img	r2q/companions/recall/r2q_recall_shapetrans_0967_p3.img	TRIANGLE
R_shapetrans_0968	shapetrans	r2n_shapetrans_0968.img	r2q/companions/recall/r2q_recall_shapetrans_0968_g.img	r2q/companions/recall/r2q_recall_shapetrans_0968_p1.img	r2q/companions/recall/r2q_recall_shapetrans_0968_p2.img	r2q/companions/recall/r2q_recall_shapetrans_0968_p3.img	SQUARE
R_shapetrans_0969	shapetrans	r2n_shapetrans_0969.img	r2q/companions/recall/r2q_recall_shapetrans_0969_g.img	r2q/companions/recall/r2q_recall_shapetrans_0969_p1.img	r2q/companions/recall/r2q_recall_shapetrans_0969_p2.img	r2q/companions/recall/r2q_recall_shapetrans_0969_p3.img	CIRCLE
R_shapetrans_0970	shapetrans	r2n_shapetrans_0970.img	r2q/companions/recall/r2q_recall_shapetrans_0970_g.img	r2q/companions/recall/r2q_recall_shapetrans_0970_p1.img	r2q/companions/recall/r2q_recall_shapetrans_0970_p2.img	r2q/companions/recall/r2q_recall_shapetrans_0970_p3.img	TRIANGLE
R_shapetrans_0971	shapetrans	r2n_shapetrans_0971.img	r2q/companions/recall/r2q_recall_shapetrans_0971_g.img	r2q/companions/recall/r2q_recall_shapetrans_0971_p1.img	r2q/companions/recall/r2q_recall_shapetrans_0971_p2.img	r2q/companions/recall/r2q_recall_shapetrans_0971_p3.img	SQUARE
R_shapetrans_0972	shapetrans	r2n_shapetrans_0972.img	r2q/companions/recall/r2q_recall_shapetrans_0972_g.img	r2q/companions/recall/r2q_recall_shapetrans_0972_p1.img	r2q/companions/recall/r2q_recall_shapetrans_0972_p2.img	r2q/companions/recall/r2q_recall_shapetrans_0972_p3.img	CIRCLE
R_shapetrans_0973	shapetrans	r2n_shapetrans_0973.img	r2q/companions/recall/r2q_recall_shapetrans_0973_g.img	r2q/companions/recall/r2q_recall_shapetrans_0973_p1.img	r2q/companions/recall/r2q_recall_shapetrans_0973_p2.img	r2q/companions/recall/r2q_recall_shapetrans_0973_p3.img	TRIANGLE
R_shapetrans_0974	shapetrans	r2n_shapetrans_0974.img	r2q/companions/recall/r2q_recall_shapetrans_0974_g.img	r2q/companions/recall/r2q_recall_shapetrans_0974_p1.img	r2q/companions/recall/r2q_recall_shapetrans_0974_p2.img	r2q/companions/recall/r2q_recall_shapetrans_0974_p3.img	SQUARE
R_shapetrans_0975	shapetrans	r2n_shapetrans_0975.img	r2q/companions/recall/r2q_recall_shapetrans_0975_g.img	r2q/companions/recall/r2q_recall_shapetrans_0975_p1.img	r2q/companions/recall/r2q_recall_shapetrans_0975_p2.img	r2q/companions/recall/r2q_recall_shapetrans_0975_p3.img	CIRCLE
R_shapetrans_0976	shapetrans	r2n_shapetrans_0976.img	r2q/companions/recall/r2q_recall_shapetrans_0976_g.img	r2q/companions/recall/r2q_recall_shapetrans_0976_p1.img	r2q/companions/recall/r2q_recall_shapetrans_0976_p2.img	r2q/companions/recall/r2q_recall_shapetrans_0976_p3.img	TRIANGLE
R_shapetrans_0977	shapetrans	r2n_shapetrans_0977.img	r2q/companions/recall/r2q_recall_shapetrans_0977_g.img	r2q/companions/recall/r2q_recall_shapetrans_0977_p1.img	r2q/companions/recall/r2q_recall_shapetrans_0977_p2.img	r2q/companions/recall/r2q_recall_shapetrans_0977_p3.img	SQUARE
R_shapetrans_0978	shapetrans	r2n_shapetrans_0978.img	r2q/companions/recall/r2q_recall_shapetrans_0978_g.img	r2q/companions/recall/r2q_recall_shapetrans_0978_p1.img	r2q/companions/recall/r2q_recall_shapetrans_0978_p2.img	r2q/companions/recall/r2q_recall_shapetrans_0978_p3.img	CIRCLE
R_shapetrans_0979	shapetrans	r2n_shapetrans_0979.img	r2q/companions/recall/r2q_recall_shapetrans_0979_g.img	r2q/companions/recall/r2q_recall_shapetrans_0979_p1.img	r2q/companions/recall/r2q_recall_shapetrans_0979_p2.img	r2q/companions/recall/r2q_recall_shapetrans_0979_p3.img	TRIANGLE
R_shapetrans_0980	shapetrans	r2n_shapetrans_0980.img	r2q/companions/recall/r2q_recall_shapetrans_0980_g.img	r2q/companions/recall/r2q_recall_shapetrans_0980_p1.img	r2q/companions/recall/r2q_recall_shapetrans_0980_p2.img	r2q/companions/recall/r2q_recall_shapetrans_0980_p3.img	SQUARE
R_shapetrans_0981	shapetrans	r2n_shapetrans_0981.img	r2q/companions/recall/r2q_recall_shapetrans_0981_g.img	r2q/companions/recall/r2q_recall_shapetrans_0981_p1.img	r2q/companions/recall/r2q_recall_shapetrans_0981_p2.img	r2q/companions/recall/r2q_recall_shapetrans_0981_p3.img	CIRCLE
R_shapetrans_0982	shapetrans	r2n_shapetrans_0982.img	r2q/companions/recall/r2q_recall_shapetrans_0982_g.img	r2q/companions/recall/r2q_recall_shapetrans_0982_p1.img	r2q/companions/recall/r2q_recall_shapetrans_0982_p2.img	r2q/companions/recall/r2q_recall_shapetrans_0982_p3.img	TRIANGLE
R_shapetrans_0983	shapetrans	r2n_shapetrans_0983.img	r2q/companions/recall/r2q_recall_shapetrans_0983_g.img	r2q/companions/recall/r2q_recall_shapetrans_0983_p1.img	r2q/companions/recall/r2q_recall_shapetrans_0983_p2.img	r2q/companions/recall/r2q_recall_shapetrans_0983_p3.img	SQUARE
R_shapetrans_0984	shapetrans	r2n_shapetrans_0984.img	r2q/companions/recall/r2q_recall_shapetrans_0984_g.img	r2q/companions/recall/r2q_recall_shapetrans_0984_p1.img	r2q/companions/recall/r2q_recall_shapetrans_0984_p2.img	r2q/companions/recall/r2q_recall_shapetrans_0984_p3.img	CIRCLE
R_shapetrans_0985	shapetrans	r2n_shapetrans_0985.img	r2q/companions/recall/r2q_recall_shapetrans_0985_g.img	r2q/companions/recall/r2q_recall_shapetrans_0985_p1.img	r2q/companions/recall/r2q_recall_shapetrans_0985_p2.img	r2q/companions/recall/r2q_recall_shapetrans_0985_p3.img	TRIANGLE
R_shapetrans_0986	shapetrans	r2n_shapetrans_0986.img	r2q/companions/recall/r2q_recall_shapetrans_0986_g.img	r2q/companions/recall/r2q_recall_shapetrans_0986_p1.img	r2q/companions/recall/r2q_recall_shapetrans_0986_p2.img	r2q/companions/recall/r2q_recall_shapetrans_0986_p3.img	SQUARE
R_shapetrans_0987	shapetrans	r2n_shapetrans_0987.img	r2q/companions/recall/r2q_recall_shapetrans_0987_g.img	r2q/companions/recall/r2q_recall_shapetrans_0987_p1.img	r2q/companions/recall/r2q_recall_shapetrans_0987_p2.img	r2q/companions/recall/r2q_recall_shapetrans_0987_p3.img	CIRCLE
R_shapetrans_0988	shapetrans	r2n_shapetrans_0988.img	r2q/companions/recall/r2q_recall_shapetrans_0988_g.img	r2q/companions/recall/r2q_recall_shapetrans_0988_p1.img	r2q/companions/recall/r2q_recall_shapetrans_0988_p2.img	r2q/companions/recall/r2q_recall_shapetrans_0988_p3.img	TRIANGLE
R_shapetrans_0989	shapetrans	r2n_shapetrans_0989.img	r2q/companions/recall/r2q_recall_shapetrans_0989_g.img	r2q/companions/recall/r2q_recall_shapetrans_0989_p1.img	r2q/companions/recall/r2q_recall_shapetrans_0989_p2.img	r2q/companions/recall/r2q_recall_shapetrans_0989_p3.img	SQUARE
R_shapetrans_0990	shapetrans	r2n_shapetrans_0990.img	r2q/companions/recall/r2q_recall_shapetrans_0990_g.img	r2q/companions/recall/r2q_recall_shapetrans_0990_p1.img	r2q/companions/recall/r2q_recall_shapetrans_0990_p2.img	r2q/companions/recall/r2q_recall_shapetrans_0990_p3.img	CIRCLE
R_shapetrans_0991	shapetrans	r2n_shapetrans_0991.img	r2q/companions/recall/r2q_recall_shapetrans_0991_g.img	r2q/companions/recall/r2q_recall_shapetrans_0991_p1.img	r2q/companions/recall/r2q_recall_shapetrans_0991_p2.img	r2q/companions/recall/r2q_recall_shapetrans_0991_p3.img	TRIANGLE
R_shapetrans_0992	shapetrans	r2n_shapetrans_0992.img	r2q/companions/recall/r2q_recall_shapetrans_0992_g.img	r2q/companions/recall/r2q_recall_shapetrans_0992_p1.img	r2q/companions/recall/r2q_recall_shapetrans_0992_p2.img	r2q/companions/recall/r2q_recall_shapetrans_0992_p3.img	SQUARE
R_shapetrans_0993	shapetrans	r2n_shapetrans_0993.img	r2q/companions/recall/r2q_recall_shapetrans_0993_g.img	r2q/companions/recall/r2q_recall_shapetrans_0993_p1.img	r2q/companions/recall/r2q_recall_shapetrans_0993_p2.img	r2q/companions/recall/r2q_recall_shapetrans_0993_p3.img	CIRCLE
R_shapetrans_0994	shapetrans	r2n_shapetrans_0994.img	r2q/companions/recall/r2q_recall_shapetrans_0994_g.img	r2q/companions/recall/r2q_recall_shapetrans_0994_p1.img	r2q/companions/recall/r2q_recall_shapetrans_0994_p2.img	r2q/companions/recall/r2q_recall_shapetrans_0994_p3.img	TRIANGLE
R_shapetrans_0995	shapetrans	r2n_shapetrans_0995.img	r2q/companions/recall/r2q_recall_shapetrans_0995_g.img	r2q/companions/recall/r2q_recall_shapetrans_0995_p1.img	r2q/companions/recall/r2q_recall_shapetrans_0995_p2.img	r2q/companions/recall/r2q_recall_shapetrans_0995_p3.img	SQUARE
R_shapetrans_0996	shapetrans	r2n_shapetrans_0996.img	r2q/companions/recall/r2q_recall_shapetrans_0996_g.img	r2q/companions/recall/r2q_recall_shapetrans_0996_p1.img	r2q/companions/recall/r2q_recall_shapetrans_0996_p2.img	r2q/companions/recall/r2q_recall_shapetrans_0996_p3.img	CIRCLE
R_shapetrans_0997	shapetrans	r2n_shapetrans_0997.img	r2q/companions/recall/r2q_recall_shapetrans_0997_g.img	r2q/companions/recall/r2q_recall_shapetrans_0997_p1.img	r2q/companions/recall/r2q_recall_shapetrans_0997_p2.img	r2q/companions/recall/r2q_recall_shapetrans_0997_p3.img	TRIANGLE
R_shapetrans_0998	shapetrans	r2n_shapetrans_0998.img	r2q/companions/recall/r2q_recall_shapetrans_0998_g.img	r2q/companions/recall/r2q_recall_shapetrans_0998_p1.img	r2q/companions/recall/r2q_recall_shapetrans_0998_p2.img	r2q/companions/recall/r2q_recall_shapetrans_0998_p3.img	SQUARE
R_shapetrans_0999	shapetrans	r2n_shapetrans_0999.img	r2q/companions/recall/r2q_recall_shapetrans_0999_g.img	r2q/companions/recall/r2q_recall_shapetrans_0999_p1.img	r2q/companions/recall/r2q_recall_shapetrans_0999_p2.img	r2q/companions/recall/r2q_recall_shapetrans_0999_p3.img	CIRCLE
R_shapetrans_1000	shapetrans	r2n_shapetrans_1000.img	r2q/companions/recall/r2q_recall_shapetrans_1000_g.img	r2q/companions/recall/r2q_recall_shapetrans_1000_p1.img	r2q/companions/recall/r2q_recall_shapetrans_1000_p2.img	r2q/companions/recall/r2q_recall_shapetrans_1000_p3.img	TRIANGLE
R_shapetrans_1001	shapetrans	r2n_shapetrans_1001.img	r2q/companions/recall/r2q_recall_shapetrans_1001_g.img	r2q/companions/recall/r2q_recall_shapetrans_1001_p1.img	r2q/companions/recall/r2q_recall_shapetrans_1001_p2.img	r2q/companions/recall/r2q_recall_shapetrans_1001_p3.img	SQUARE
R_shapetrans_1002	shapetrans	r2n_shapetrans_1002.img	r2q/companions/recall/r2q_recall_shapetrans_1002_g.img	r2q/companions/recall/r2q_recall_shapetrans_1002_p1.img	r2q/companions/recall/r2q_recall_shapetrans_1002_p2.img	r2q/companions/recall/r2q_recall_shapetrans_1002_p3.img	CIRCLE
R_shapetrans_1003	shapetrans	r2n_shapetrans_1003.img	r2q/companions/recall/r2q_recall_shapetrans_1003_g.img	r2q/companions/recall/r2q_recall_shapetrans_1003_p1.img	r2q/companions/recall/r2q_recall_shapetrans_1003_p2.img	r2q/companions/recall/r2q_recall_shapetrans_1003_p3.img	TRIANGLE
R_shapetrans_1004	shapetrans	r2n_shapetrans_1004.img	r2q/companions/recall/r2q_recall_shapetrans_1004_g.img	r2q/companions/recall/r2q_recall_shapetrans_1004_p1.img	r2q/companions/recall/r2q_recall_shapetrans_1004_p2.img	r2q/companions/recall/r2q_recall_shapetrans_1004_p3.img	SQUARE
R_shapetrans_1005	shapetrans	r2n_shapetrans_1005.img	r2q/companions/recall/r2q_recall_shapetrans_1005_g.img	r2q/companions/recall/r2q_recall_shapetrans_1005_p1.img	r2q/companions/recall/r2q_recall_shapetrans_1005_p2.img	r2q/companions/recall/r2q_recall_shapetrans_1005_p3.img	CIRCLE
R_shapetrans_1006	shapetrans	r2n_shapetrans_1006.img	r2q/companions/recall/r2q_recall_shapetrans_1006_g.img	r2q/companions/recall/r2q_recall_shapetrans_1006_p1.img	r2q/companions/recall/r2q_recall_shapetrans_1006_p2.img	r2q/companions/recall/r2q_recall_shapetrans_1006_p3.img	TRIANGLE
R_shapetrans_1007	shapetrans	r2n_shapetrans_1007.img	r2q/companions/recall/r2q_recall_shapetrans_1007_g.img	r2q/companions/recall/r2q_recall_shapetrans_1007_p1.img	r2q/companions/recall/r2q_recall_shapetrans_1007_p2.img	r2q/companions/recall/r2q_recall_shapetrans_1007_p3.img	SQUARE
