0000000000000000000000000000000000000000000000000000000000000000|0000000000000000000000000000000000000000000000000000000000000000|0|3|rt4_TMB-5_A18F_0_0000.r24|2|1|RICH|690|0|2200|0000000000000000000000000000000000000000000000000000000000000000|DARK|1|690|DISP=ACCEPT_INSTALL|DETAIL=a18f
0000000000000000000000000000000000000000000000000000000000000000|0000000000000000000000000000000000000000000000000000000000000000|0|3|rt4_TMB-5_A18F_0_0001.r24|2|1|RICH|692|0|2200|0000000000000000000000000000000000000000000000000000000000000000|DARK|1|692|DISP=ACCEPT_INSTALL|DETAIL=a18f
0000000000000000000000000000000000000000000000000000000000000000|0000000000000000000000000000000000000000000000000000000000000000|0|3|rt4_TMB-5_A18F_0_0002.r24|2|1|RICH|694|0|2200|0000000000000000000000000000000000000000000000000000000000000000|DARK|1|694|DISP=ACCEPT_INSTALL|DETAIL=a18f
0000000000000000000000000000000000000000000000000000000000000000|0000000000000000000000000000000000000000000000000000000000000000|0|3|rt4_TMB-5_A18F_0_0003.r24|2|1|RICH|690|0|2180|0000000000000000000000000000000000000000000000000000000000000000|DARK|1|690|DISP=ACCEPT_INSTALL|DETAIL=a18f
0000000000000000000000000000000000000000000000000000000000000000|0000000000000000000000000000000000000000000000000000000000000000|0|3|rt4_TMB-5_A18F_0_0004.r24|2|1|RICH|692|0|2180|0000000000000000000000000000000000000000000000000000000000000000|DARK|1|692|DISP=ACCEPT_INSTALL|DETAIL=a18f
0000000000000000000000000000000000000000000000000000000000000000|0000000000000000000000000000000000000000000000000000000000000000|0|3|rt4_TMB-5_A18F_0_0005.r24|2|1|RICH|696|0|2200|0000000000000000000000000000000000000000000000000000000000000000|DARK|1|696|DISP=ACCEPT_INSTALL|DETAIL=a18f
0000000000000000000000000000000000000000000000000000000000000000|0000000000000000000000000000000000000000000000000000000000000000|0|3|rt4_TMB-5_A18F_0_0006.r24|2|1|RICH|698|0|2200|0000000000000000000000000000000000000000000000000000000000000000|DARK|1|698|DISP=ACCEPT_INSTALL|DETAIL=a18f
0000000000000000000000000000000000000000000000000000000000000000|0000000000000000000000000000000000000000000000000000000000000000|0|3|rt4_TMB-5_A18F_0_0007.r24|2|1|RICH|700|0|2200|0000000000000000000000000000000000000000000000000000000000000000|DARK|1|700|DISP=ACCEPT_INSTALL|DETAIL=a18f
0000000000000000000000000000000000000000000000000000000000000000|0000000000000000000000000000000000000000000000000000000000000000|0|3|rt4_TMB-5_A18F_0_0008.r24|2|1|RICH|694|0|2180|0000000000000000000000000000000000000000000000000000000000000000|DARK|1|694|DISP=ACCEPT_INSTALL|DETAIL=a18f
0000000000000000000000000000000000000000000000000000000000000000|0000000000000000000000000000000000000000000000000000000000000000|0|3|rt4_TMB-5_A18F_0_0009.r24|2|1|RICH|696|0|2180|0000000000000000000000000000000000000000000000000000000000000000|DARK|1|696|DISP=ACCEPT_INSTALL|DETAIL=a18f
0000000000000000000000000000000000000000000000000000000000000000|0000000000000000000000000000000000000000000000000000000000000000|0|3|rt4_TMB-5_A18F_0_0010.r24|2|1|RICH|702|0|2200|0000000000000000000000000000000000000000000000000000000000000000|DARK|1|702|DISP=ACCEPT_INSTALL|DETAIL=a18f
0000000000000000000000000000000000000000000000000000000000000000|0000000000000000000000000000000000000000000000000000000000000000|0|3|rt4_TMB-5_A18F_0_0011.r24|2|1|RICH|704|0|2200|0000000000000000000000000000000000000000000000000000000000000000|DARK|1|704|DISP=ACCEPT_INSTALL|DETAIL=a18f
0000000000000000000000000000000000000000000000000000000000000000|0000000000000000000000000000000000000000000000000000000000000000|0|3|rt4_TMB-5_A18F_0_0012.r24|2|1|RICH|706|0|2200|0000000000000000000000000000000000000000000000000000000000000000|DARK|1|706|DISP=ACCEPT_INSTALL|DETAIL=a18f
0000000000000000000000000000000000000000000000000000000000000000|0000000000000000000000000000000000000000000000000000000000000000|0|3|rt4_TMB-5_A18F_0_0013.r24|2|1|RICH|698|0|2180|0000000000000000000000000000000000000000000000000000000000000000|DARK|1|698|DISP=ACCEPT_INSTALL|DETAIL=a18f
0000000000000000000000000000000000000000000000000000000000000000|0000000000000000000000000000000000000000000000000000000000000000|0|3|rt4_TMB-5_A18F_0_0014.r24|2|1|RICH|700|0|2180|0000000000000000000000000000000000000000000000000000000000000000|DARK|1|700|DISP=ACCEPT_INSTALL|DETAIL=a18f
0000000000000000000000000000000000000000000000000000000000000000|0000000000000000000000000000000000000000000000000000000000000000|0|3|rt4_TMB-5_A18F_0_0015.r24|2|1|RICH|708|0|2200|0000000000000000000000000000000000000000000000000000000000000000|DARK|1|708|DISP=ACCEPT_INSTALL|DETAIL=a18f
0000000000000000000000000000000000000000000000000000000000000000|0000000000000000000000000000000000000000000000000000000000000000|0|3|rt4_TMB-5_A18F_0_0016.r24|2|1|RICH|710|0|2200|0000000000000000000000000000000000000000000000000000000000000000|DARK|1|710|DISP=ACCEPT_INSTALL|DETAIL=a18f
0000000000000000000000000000000000000000000000000000000000000000|0000000000000000000000000000000000000000000000000000000000000000|0|3|rt4_TMB-5_A18F_0_0017.r24|2|1|RICH|712|0|2200|0000000000000000000000000000000000000000000000000000000000000000|DARK|1|712|DISP=ACCEPT_INSTALL|DETAIL=a18f
0000000000000000000000000000000000000000000000000000000000000000|0000000000000000000000000000000000000000000000000000000000000000|0|3|rt4_TMB-5_A18F_0_0018.r24|2|1|RICH|702|0|2180|0000000000000000000000000000000000000000000000000000000000000000|DARK|1|702|DISP=ACCEPT_INSTALL|DETAIL=a18f
0000000000000000000000000000000000000000000000000000000000000000|0000000000000000000000000000000000000000000000000000000000000000|0|3|rt4_TMB-5_A18F_0_0019.r24|2|1|RICH|704|0|2180|0000000000000000000000000000000000000000000000000000000000000000|DARK|1|704|DISP=ACCEPT_INSTALL|DETAIL=a18f
0000000000000000000000000000000000000000000000000000000000000000|0000000000000000000000000000000000000000000000000000000000000000|0|3|rt4_TMB-5_A18F_0_0020.r24|2|1|RICH|714|0|2200|0000000000000000000000000000000000000000000000000000000000000000|DARK|1|714|DISP=ACCEPT_INSTALL|DETAIL=a18f
0000000000000000000000000000000000000000000000000000000000000000|0000000000000000000000000000000000000000000000000000000000000000|0|3|rt4_TMB-5_A18F_0_0021.r24|2|1|RICH|716|0|2200|0000000000000000000000000000000000000000000000000000000000000000|DARK|1|716|DISP=ACCEPT_INSTALL|DETAIL=a18f
0000000000000000000000000000000000000000000000000000000000000000|0000000000000000000000000000000000000000000000000000000000000000|0|3|rt4_TMB-5_A18F_0_0022.r24|2|1|RICH|718|0|2200|0000000000000000000000000000000000000000000000000000000000000000|DARK|1|718|DISP=ACCEPT_INSTALL|DETAIL=a18f
0000000000000000000000000000000000000000000000000000000000000000|0000000000000000000000000000000000000000000000000000000000000000|0|3|rt4_TMB-5_A18F_0_0023.r24|2|1|RICH|706|0|2180|0000000000000000000000000000000000000000000000000000000000000000|DARK|1|706|DISP=ACCEPT_INSTALL|DETAIL=a18f
0000000000000000000000000000000000000000000000000000000000000000|0000000000000000000000000000000000000000000000000000000000000000|0|3|rt4_TMB-5_A18F_0_0024.r24|2|1|RICH|708|0|2180|0000000000000000000000000000000000000000000000000000000000000000|DARK|1|708|DISP=ACCEPT_INSTALL|DETAIL=a18f
0000000000000000000000000000000000000000000000000000000000000000|0000000000000000000000000000000000000000000000000000000000000000|0|3|rt4_TMB-5_A18F_0_0025.r24|2|1|RICH|720|0|2200|0000000000000000000000000000000000000000000000000000000000000000|DARK|1|720|DISP=ACCEPT_INSTALL|DETAIL=a18f
0000000000000000000000000000000000000000000000000000000000000000|0000000000000000000000000000000000000000000000000000000000000000|0|3|rt4_TMB-5_A18F_0_0026.r24|2|1|RICH|722|0|2200|0000000000000000000000000000000000000000000000000000000000000000|DARK|1|722|DISP=ACCEPT_INSTALL|DETAIL=a18f
0000000000000000000000000000000000000000000000000000000000000000|0000000000000000000000000000000000000000000000000000000000000000|0|3|rt4_TMB-5_A18F_0_0027.r24|2|1|RICH|724|0|2200|0000000000000000000000000000000000000000000000000000000000000000|DARK|1|724|DISP=ACCEPT_INSTALL|DETAIL=a18f
0000000000000000000000000000000000000000000000000000000000000000|0000000000000000000000000000000000000000000000000000000000000000|0|3|rt4_TMB-5_A18F_0_0028.r24|2|1|RICH|710|0|2180|0000000000000000000000000000000000000000000000000000000000000000|DARK|1|710|DISP=ACCEPT_INSTALL|DETAIL=a18f
0000000000000000000000000000000000000000000000000000000000000000|0000000000000000000000000000000000000000000000000000000000000000|0|3|rt4_TMB-5_A18F_0_0029.r24|2|1|RICH|712|0|2180|0000000000000000000000000000000000000000000000000000000000000000|DARK|1|712|DISP=ACCEPT_INSTALL|DETAIL=a18f
0000000000000000000000000000000000000000000000000000000000000000|0000000000000000000000000000000000000000000000000000000000000000|0|3|rt4_TMB-5_A18F_0_0030.r24|2|1|RICH|726|0|2200|0000000000000000000000000000000000000000000000000000000000000000|DARK|1|726|DISP=ACCEPT_INSTALL|DETAIL=a18f
0000000000000000000000000000000000000000000000000000000000000000|0000000000000000000000000000000000000000000000000000000000000000|0|3|rt4_TMB-5_A18F_0_0031.r24|2|1|RICH|728|0|2200|0000000000000000000000000000000000000000000000000000000000000000|DARK|1|728|DISP=ACCEPT_INSTALL|DETAIL=a18f
0000000000000000000000000000000000000000000000000000000000000000|0000000000000000000000000000000000000000000000000000000000000000|0|3|rt4_TMB-5_A18F_0_0032.r24|2|1|RICH|730|0|2200|0000000000000000000000000000000000000000000000000000000000000000|DARK|1|730|DISP=ACCEPT_INSTALL|DETAIL=a18f
0000000000000000000000000000000000000000000000000000000000000000|0000000000000000000000000000000000000000000000000000000000000000|0|3|rt4_TMB-5_A18F_0_0033.r24|2|1|RICH|714|0|2180|0000000000000000000000000000000000000000000000000000000000000000|DARK|1|714|DISP=ACCEPT_INSTALL|DETAIL=a18f
0000000000000000000000000000000000000000000000000000000000000000|0000000000000000000000000000000000000000000000000000000000000000|0|3|rt4_TMB-5_A18F_0_0034.r24|2|1|RICH|716|0|2180|0000000000000000000000000000000000000000000000000000000000000000|DARK|1|716|DISP=ACCEPT_INSTALL|DETAIL=a18f
0000000000000000000000000000000000000000000000000000000000000000|0000000000000000000000000000000000000000000000000000000000000000|0|3|rt4_TMB-5_A18F_0_0035.r24|2|1|RICH|646|0|2700|0000000000000000000000000000000000000000000000000000000000000000|DARK|1|646|DISP=ACCEPT_INSTALL|DETAIL=a18f
0000000000000000000000000000000000000000000000000000000000000000|0000000000000000000000000000000000000000000000000000000000000000|0|3|rt4_TMB-5_A18F_0_0036.r24|2|1|RICH|648|0|2700|0000000000000000000000000000000000000000000000000000000000000000|DARK|1|648|DISP=ACCEPT_INSTALL|DETAIL=a18f
0000000000000000000000000000000000000000000000000000000000000000|0000000000000000000000000000000000000000000000000000000000000000|0|3|rt4_TMB-5_A18F_0_0037.r24|2|1|RICH|650|0|2700|0000000000000000000000000000000000000000000000000000000000000000|DARK|1|650|DISP=ACCEPT_INSTALL|DETAIL=a18f
0000000000000000000000000000000000000000000000000000000000000000|0000000000000000000000000000000000000000000000000000000000000000|0|3|rt4_TMB-5_A18F_0_0038.r24|2|1|RICH|718|0|2180|0000000000000000000000000000000000000000000000000000000000000000|DARK|1|718|DISP=ACCEPT_INSTALL|DETAIL=a18f
0000000000000000000000000000000000000000000000000000000000000000|0000000000000000000000000000000000000000000000000000000000000000|0|3|rt4_TMB-5_A18F_0_0039.r24|2|1|RICH|720|0|2180|0000000000000000000000000000000000000000000000000000000000000000|DARK|1|720|DISP=ACCEPT_INSTALL|DETAIL=a18f
0000000000000000000000000000000000000000000000000000000000000000|0000000000000000000000000000000000000000000000000000000000000000|0|3|rt4_TMB-5_A18F_0_0040.r24|2|1|RICH|652|0|2700|0000000000000000000000000000000000000000000000000000000000000000|DARK|1|652|DISP=ACCEPT_INSTALL|DETAIL=a18f
0000000000000000000000000000000000000000000000000000000000000000|0000000000000000000000000000000000000000000000000000000000000000|0|3|rt4_TMB-5_A18F_0_0041.r24|2|1|RICH|654|0|2700|0000000000000000000000000000000000000000000000000000000000000000|DARK|1|654|DISP=ACCEPT_INSTALL|DETAIL=a18f
0000000000000000000000000000000000000000000000000000000000000000|0000000000000000000000000000000000000000000000000000000000000000|0|3|rt4_TMB-5_A18F_0_0042.r24|2|1|RICH|656|0|2700|0000000000000000000000000000000000000000000000000000000000000000|DARK|1|656|DISP=ACCEPT_INSTALL|DETAIL=a18f
0000000000000000000000000000000000000000000000000000000000000000|0000000000000000000000000000000000000000000000000000000000000000|0|3|rt4_TMB-5_A18F_0_0043.r24|2|1|RICH|722|0|2180|0000000000000000000000000000000000000000000000000000000000000000|DARK|1|722|DISP=ACCEPT_INSTALL|DETAIL=a18f
0000000000000000000000000000000000000000000000000000000000000000|0000000000000000000000000000000000000000000000000000000000000000|0|3|rt4_TMB-5_A18F_0_0044.r24|2|1|RICH|724|0|2180|0000000000000000000000000000000000000000000000000000000000000000|DARK|1|724|DISP=ACCEPT_INSTALL|DETAIL=a18f
0000000000000000000000000000000000000000000000000000000000000000|0000000000000000000000000000000000000000000000000000000000000000|0|3|rt4_TMB-5_A18F_0_0045.r24|2|1|RICH|658|0|2700|0000000000000000000000000000000000000000000000000000000000000000|DARK|1|658|DISP=ACCEPT_INSTALL|DETAIL=a18f
0000000000000000000000000000000000000000000000000000000000000000|0000000000000000000000000000000000000000000000000000000000000000|0|3|rt4_TMB-5_A18F_0_0046.r24|2|1|RICH|660|0|2700|0000000000000000000000000000000000000000000000000000000000000000|DARK|1|660|DISP=ACCEPT_INSTALL|DETAIL=a18f
0000000000000000000000000000000000000000000000000000000000000000|0000000000000000000000000000000000000000000000000000000000000000|0|3|rt4_TMB-5_A18F_0_0047.r24|2|1|RICH|662|0|2700|0000000000000000000000000000000000000000000000000000000000000000|DARK|1|662|DISP=ACCEPT_INSTALL|DETAIL=a18f
0000000000000000000000000000000000000000000000000000000000000000|0000000000000000000000000000000000000000000000000000000000000000|0|3|rt4_TMB-5_A18F_0_0048.r24|2|1|RICH|726|0|2180|0000000000000000000000000000000000000000000000000000000000000000|DARK|1|726|DISP=ACCEPT_INSTALL|DETAIL=a18f
0000000000000000000000000000000000000000000000000000000000000000|0000000000000000000000000000000000000000000000000000000000000000|0|3|rt4_TMB-5_A18F_0_0049.r24|2|1|RICH|728|0|2180|0000000000000000000000000000000000000000000000000000000000000000|DARK|1|728|DISP=ACCEPT_INSTALL|DETAIL=a18f
0000000000000000000000000000000000000000000000000000000000000000|0000000000000000000000000000000000000000000000000000000000000000|0|3|rt4_TMB-5_A18F_0_0050.r24|2|1|RICH|664|0|2700|0000000000000000000000000000000000000000000000000000000000000000|DARK|1|664|DISP=ACCEPT_INSTALL|DETAIL=a18f
0000000000000000000000000000000000000000000000000000000000000000|0000000000000000000000000000000000000000000000000000000000000000|0|3|rt4_TMB-5_A18F_0_0051.r24|2|1|RICH|666|0|2700|0000000000000000000000000000000000000000000000000000000000000000|DARK|1|666|DISP=ACCEPT_INSTALL|DETAIL=a18f
0000000000000000000000000000000000000000000000000000000000000000|0000000000000000000000000000000000000000000000000000000000000000|0|3|rt4_TMB-5_A18F_0_0052.r24|2|1|RICH|668|0|2700|0000000000000000000000000000000000000000000000000000000000000000|DARK|1|668|DISP=ACCEPT_INSTALL|DETAIL=a18f
0000000000000000000000000000000000000000000000000000000000000000|0000000000000000000000000000000000000000000000000000000000000000|0|3|rt4_TMB-5_A18F_0_0053.r24|2|1|RICH|730|0|2180|0000000000000000000000000000000000000000000000000000000000000000|DARK|1|730|DISP=ACCEPT_INSTALL|DETAIL=a18f
0000000000000000000000000000000000000000000000000000000000000000|0000000000000000000000000000000000000000000000000000000000000000|0|3|rt4_TMB-5_A18F_0_0054.r24|2|1|RICH|690|0|2220|0000000000000000000000000000000000000000000000000000000000000000|DARK|1|690|DISP=ACCEPT_INSTALL|DETAIL=a18f
0000000000000000000000000000000000000000000000000000000000000000|0000000000000000000000000000000000000000000000000000000000000000|0|3|rt4_TMB-5_A18F_0_0055.r24|2|1|RICH|670|0|2700|0000000000000000000000000000000000000000000000000000000000000000|DARK|1|670|DISP=ACCEPT_INSTALL|DETAIL=a18f
0000000000000000000000000000000000000000000000000000000000000000|0000000000000000000000000000000000000000000000000000000000000000|0|3|rt4_TMB-5_A18F_0_0056.r24|2|1|RICH|672|0|2700|0000000000000000000000000000000000000000000000000000000000000000|DARK|1|672|DISP=ACCEPT_INSTALL|DETAIL=a18f
0000000000000000000000000000000000000000000000000000000000000000|0000000000000000000000000000000000000000000000000000000000000000|0|3|rt4_TMB-5_A18F_0_0057.r24|2|1|RICH|674|0|2700|0000000000000000000000000000000000000000000000000000000000000000|DARK|1|674|DISP=ACCEPT_INSTALL|DETAIL=a18f
0000000000000000000000000000000000000000000000000000000000000000|0000000000000000000000000000000000000000000000000000000000000000|0|3|rt4_TMB-5_A18F_0_0058.r24|2|1|RICH|692|0|2220|0000000000000000000000000000000000000000000000000000000000000000|DARK|1|692|DISP=ACCEPT_INSTALL|DETAIL=a18f
0000000000000000000000000000000000000000000000000000000000000000|0000000000000000000000000000000000000000000000000000000000000000|0|3|rt4_TMB-5_A18F_0_0059.r24|2|1|RICH|694|0|2220|0000000000000000000000000000000000000000000000000000000000000000|DARK|1|694|DISP=ACCEPT_INSTALL|DETAIL=a18f
0000000000000000000000000000000000000000000000000000000000000000|0000000000000000000000000000000000000000000000000000000000000000|0|3|rt4_TMB-5_A18F_0_0060.r24|2|1|RICH|676|0|2700|0000000000000000000000000000000000000000000000000000000000000000|DARK|1|676|DISP=ACCEPT_INSTALL|DETAIL=a18f
0000000000000000000000000000000000000000000000000000000000000000|0000000000000000000000000000000000000000000000000000000000000000|0|3|rt4_TMB-5_A18F_0_0061.r24|2|1|RICH|678|0|2700|0000000000000000000000000000000000000000000000000000000000000000|DARK|1|678|DISP=ACCEPT_INSTALL|DETAIL=a18f
0000000000000000000000000000000000000000000000000000000000000000|0000000000000000000000000000000000000000000000000000000000000000|0|3|rt4_TMB-5_A18F_0_0062.r24|2|1|RICH|680|0|2700|0000000000000000000000000000000000000000000000000000000000000000|DARK|1|680|DISP=ACCEPT_INSTALL|DETAIL=a18f
0000000000000000000000000000000000000000000000000000000000000000|0000000000000000000000000000000000000000000000000000000000000000|0|3|rt4_TMB-5_A18F_0_0063.r24|2|1|RICH|696|0|2220|0000000000000000000000000000000000000000000000000000000000000000|DARK|1|696|DISP=ACCEPT_INSTALL|DETAIL=a18f
0000000000000000000000000000000000000000000000000000000000000000|0000000000000000000000000000000000000000000000000000000000000000|0|3|rt4_TMB-5_A18F_0_0064.r24|2|1|RICH|698|0|2220|0000000000000000000000000000000000000000000000000000000000000000|DARK|1|698|DISP=ACCEPT_INSTALL|DETAIL=a18f
0000000000000000000000000000000000000000000000000000000000000000|0000000000000000000000000000000000000000000000000000000000000000|0|3|rt4_TMB-5_A18F_0_0065.r24|2|1|RICH|682|0|2700|0000000000000000000000000000000000000000000000000000000000000000|DARK|1|682|DISP=ACCEPT_INSTALL|DETAIL=a18f
0000000000000000000000000000000000000000000000000000000000000000|0000000000000000000000000000000000000000000000000000000000000000|0|3|rt4_TMB-5_A18F_0_0066.r24|2|1|RICH|684|0|2700|0000000000000000000000000000000000000000000000000000000000000000|DARK|1|684|DISP=ACCEPT_INSTALL|DETAIL=a18f
0000000000000000000000000000000000000000000000000000000000000000|0000000000000000000000000000000000000000000000000000000000000000|0|3|rt4_TMB-5_A18F_0_0067.r24|2|1|RICH|686|0|2700|0000000000000000000000000000000000000000000000000000000000000000|DARK|1|686|DISP=ACCEPT_INSTALL|DETAIL=a18f
0000000000000000000000000000000000000000000000000000000000000000|0000000000000000000000000000000000000000000000000000000000000000|0|3|rt4_TMB-5_A18F_0_0068.r24|2|1|RICH|700|0|2220|0000000000000000000000000000000000000000000000000000000000000000|DARK|1|700|DISP=ACCEPT_INSTALL|DETAIL=a18f
0000000000000000000000000000000000000000000000000000000000000000|0000000000000000000000000000000000000000000000000000000000000000|0|3|rt4_TMB-5_A18F_0_0069.r24|2|1|RICH|702|0|2220|0000000000000000000000000000000000000000000000000000000000000000|DARK|1|702|DISP=ACCEPT_INSTALL|DETAIL=a18f
0000000000000000000000000000000000000000000000000000000000000000|0000000000000000000000000000000000000000000000000000000000000000|0|3|rt4_TMB-5_A18F_0_0070.r24|2|1|RICH|688|0|2700|0000000000000000000000000000000000000000000000000000000000000000|DARK|1|688|DISP=ACCEPT_INSTALL|DETAIL=a18f
0000000000000000000000000000000000000000000000000000000000000000|0000000000000000000000000000000000000000000000000000000000000000|0|3|rt4_TMB-5_A18F_0_0071.r24|2|1|RICH|690|0|2700|0000000000000000000000000000000000000000000000000000000000000000|DARK|1|690|DISP=ACCEPT_INSTALL|DETAIL=a18f
0000000000000000000000000000000000000000000000000000000000000000|0000000000000000000000000000000000000000000000000000000000000000|0|3|rt4_TMB-5_A18F_0_0072.r24|2|1|RICH|692|0|2700|0000000000000000000000000000000000000000000000000000000000000000|DARK|1|692|DISP=ACCEPT_INSTALL|DETAIL=a18f
0000000000000000000000000000000000000000000000000000000000000000|0000000000000000000000000000000000000000000000000000000000000000|0|3|rt4_TMB-5_A18F_0_0073.r24|2|1|RICH|704|0|2220|0000000000000000000000000000000000000000000000000000000000000000|DARK|1|704|DISP=ACCEPT_INSTALL|DETAIL=a18f
0000000000000000000000000000000000000000000000000000000000000000|0000000000000000000000000000000000000000000000000000000000000000|0|3|rt4_TMB-5_A18F_0_0074.r24|2|1|RICH|706|0|2220|0000000000000000000000000000000000000000000000000000000000000000|DARK|1|706|DISP=ACCEPT_INSTALL|DETAIL=a18f
0000000000000000000000000000000000000000000000000000000000000000|0000000000000000000000000000000000000000000000000000000000000000|0|3|rt4_TMB-5_A18F_0_0075.r24|2|1|RICH|694|0|2700|0000000000000000000000000000000000000000000000000000000000000000|DARK|1|694|DISP=ACCEPT_INSTALL|DETAIL=a18f
0000000000000000000000000000000000000000000000000000000000000000|0000000000000000000000000000000000000000000000000000000000000000|0|3|rt4_TMB-5_A18F_0_0076.r24|2|1|RICH|696|0|2700|0000000000000000000000000000000000000000000000000000000000000000|DARK|1|696|DISP=ACCEPT_INSTALL|DETAIL=a18f
0000000000000000000000000000000000000000000000000000000000000000|0000000000000000000000000000000000000000000000000000000000000000|0|3|rt4_TMB-5_A18F_0_0077.r24|2|1|RICH|698|0|2700|0000000000000000000000000000000000000000000000000000000000000000|DARK|1|698|DISP=ACCEPT_INSTALL|DETAIL=a18f
0000000000000000000000000000000000000000000000000000000000000000|0000000000000000000000000000000000000000000000000000000000000000|0|3|rt4_TMB-5_A18F_0_0078.r24|2|1|RICH|708|0|2220|0000000000000000000000000000000000000000000000000000000000000000|DARK|1|708|DISP=ACCEPT_INSTALL|DETAIL=a18f
0000000000000000000000000000000000000000000000000000000000000000|0000000000000000000000000000000000000000000000000000000000000000|0|3|rt4_TMB-5_A18F_0_0079.r24|2|1|RICH|710|0|2220|0000000000000000000000000000000000000000000000000000000000000000|DARK|1|710|DISP=ACCEPT_INSTALL|DETAIL=a18f
0000000000000000000000000000000000000000000000000000000000000000|0000000000000000000000000000000000000000000000000000000000000000|0|3|rt4_TMB-5_A18F_0_0080.r24|2|1|RICH|700|0|2700|0000000000000000000000000000000000000000000000000000000000000000|DARK|1|700|DISP=ACCEPT_INSTALL|DETAIL=a18f
0000000000000000000000000000000000000000000000000000000000000000|0000000000000000000000000000000000000000000000000000000000000000|0|3|rt4_TMB-5_A18F_0_0081.r24|2|1|RICH|702|0|2700|0000000000000000000000000000000000000000000000000000000000000000|DARK|1|702|DISP=ACCEPT_INSTALL|DETAIL=a18f
0000000000000000000000000000000000000000000000000000000000000000|0000000000000000000000000000000000000000000000000000000000000000|0|3|rt4_TMB-5_A18F_0_0082.r24|2|1|RICH|704|0|2700|0000000000000000000000000000000000000000000000000000000000000000|DARK|1|704|DISP=ACCEPT_INSTALL|DETAIL=a18f
0000000000000000000000000000000000000000000000000000000000000000|0000000000000000000000000000000000000000000000000000000000000000|0|3|rt4_TMB-5_A18F_0_0083.r24|2|1|RICH|712|0|2220|0000000000000000000000000000000000000000000000000000000000000000|DARK|1|712|DISP=ACCEPT_INSTALL|DETAIL=a18f
0000000000000000000000000000000000000000000000000000000000000000|0000000000000000000000000000000000000000000000000000000000000000|0|3|rt4_TMB-5_A18F_0_0084.r24|2|1|RICH|714|0|2220|0000000000000000000000000000000000000000000000000000000000000000|DARK|1|714|DISP=ACCEPT_INSTALL|DETAIL=a18f
0000000000000000000000000000000000000000000000000000000000000000|0000000000000000000000000000000000000000000000000000000000000000|0|3|rt4_TMB-5_A18F_0_0085.r24|2|1|RICH|706|0|2700|0000000000000000000000000000000000000000000000000000000000000000|DARK|1|706|DISP=ACCEPT_INSTALL|DETAIL=a18f
0000000000000000000000000000000000000000000000000000000000000000|0000000000000000000000000000000000000000000000000000000000000000|0|3|rt4_TMB-5_A18F_0_0086.r24|2|1|RICH|708|0|2700|0000000000000000000000000000000000000000000000000000000000000000|DARK|1|708|DISP=ACCEPT_INSTALL|DETAIL=a18f
0000000000000000000000000000000000000000000000000000000000000000|0000000000000000000000000000000000000000000000000000000000000000|0|3|rt4_TMB-5_A18F_0_0087.r24|2|1|RICH|710|0|2700|0000000000000000000000000000000000000000000000000000000000000000|DARK|1|710|DISP=ACCEPT_INSTALL|DETAIL=a18f
0000000000000000000000000000000000000000000000000000000000000000|0000000000000000000000000000000000000000000000000000000000000000|0|3|rt4_TMB-5_A18F_0_0088.r24|2|1|RICH|716|0|2220|0000000000000000000000000000000000000000000000000000000000000000|DARK|1|716|DISP=ACCEPT_INSTALL|DETAIL=a18f
0000000000000000000000000000000000000000000000000000000000000000|0000000000000000000000000000000000000000000000000000000000000000|0|3|rt4_TMB-5_A18F_0_0089.r24|2|1|RICH|718|0|2220|0000000000000000000000000000000000000000000000000000000000000000|DARK|1|718|DISP=ACCEPT_INSTALL|DETAIL=a18f
0000000000000000000000000000000000000000000000000000000000000000|0000000000000000000000000000000000000000000000000000000000000000|0|3|rt4_TMB-5_A18F_0_0090.r24|2|1|RICH|712|0|2700|0000000000000000000000000000000000000000000000000000000000000000|DARK|1|712|DISP=ACCEPT_INSTALL|DETAIL=a18f
0000000000000000000000000000000000000000000000000000000000000000|0000000000000000000000000000000000000000000000000000000000000000|0|3|rt4_TMB-5_A18F_0_0091.r24|2|1|RICH|714|0|2700|0000000000000000000000000000000000000000000000000000000000000000|DARK|1|714|DISP=ACCEPT_INSTALL|DETAIL=a18f
0000000000000000000000000000000000000000000000000000000000000000|0000000000000000000000000000000000000000000000000000000000000000|0|3|rt4_TMB-5_A18F_0_0092.r24|2|1|RICH|716|0|2700|0000000000000000000000000000000000000000000000000000000000000000|DARK|1|716|DISP=ACCEPT_INSTALL|DETAIL=a18f
0000000000000000000000000000000000000000000000000000000000000000|0000000000000000000000000000000000000000000000000000000000000000|0|3|rt4_TMB-5_A18F_0_0093.r24|2|1|RICH|720|0|2220|0000000000000000000000000000000000000000000000000000000000000000|DARK|1|720|DISP=ACCEPT_INSTALL|DETAIL=a18f
0000000000000000000000000000000000000000000000000000000000000000|0000000000000000000000000000000000000000000000000000000000000000|0|3|rt4_TMB-5_A18F_0_0094.r24|2|1|RICH|722|0|2220|0000000000000000000000000000000000000000000000000000000000000000|DARK|1|722|DISP=ACCEPT_INSTALL|DETAIL=a18f
0000000000000000000000000000000000000000000000000000000000000000|0000000000000000000000000000000000000000000000000000000000000000|0|3|rt4_TMB-5_A18F_0_0095.r24|2|1|RICH|718|0|2700|0000000000000000000000000000000000000000000000000000000000000000|DARK|1|718|DISP=ACCEPT_INSTALL|DETAIL=a18f
0000000000000000000000000000000000000000000000000000000000000000|0000000000000000000000000000000000000000000000000000000000000000|0|3|rt4_TMB-5_A18F_0_0096.r24|2|1|RICH|720|0|2700|0000000000000000000000000000000000000000000000000000000000000000|DARK|1|720|DISP=ACCEPT_INSTALL|DETAIL=a18f
0000000000000000000000000000000000000000000000000000000000000000|0000000000000000000000000000000000000000000000000000000000000000|0|3|rt4_TMB-5_A18F_0_0097.r24|2|1|RICH|722|0|2700|0000000000000000000000000000000000000000000000000000000000000000|DARK|1|722|DISP=ACCEPT_INSTALL|DETAIL=a18f
0000000000000000000000000000000000000000000000000000000000000000|0000000000000000000000000000000000000000000000000000000000000000|0|3|rt4_TMB-5_A18F_0_0098.r24|2|1|RICH|724|0|2220|0000000000000000000000000000000000000000000000000000000000000000|DARK|1|724|DISP=ACCEPT_INSTALL|DETAIL=a18f
0000000000000000000000000000000000000000000000000000000000000000|0000000000000000000000000000000000000000000000000000000000000000|0|3|rt4_TMB-5_A18F_0_0099.r24|2|1|RICH|726|0|2220|0000000000000000000000000000000000000000000000000000000000000000|DARK|1|726|DISP=ACCEPT_INSTALL|DETAIL=a18f
0000000000000000000000000000000000000000000000000000000000000000|0000000000000000000000000000000000000000000000000000000000000000|0|3|rt4_TMB-5_A18F_0_0100.r24|2|1|RICH|724|0|2700|0000000000000000000000000000000000000000000000000000000000000000|DARK|1|724|DISP=ACCEPT_INSTALL|DETAIL=a18f
0000000000000000000000000000000000000000000000000000000000000000|0000000000000000000000000000000000000000000000000000000000000000|0|3|rt4_TMB-5_A18F_0_0101.r24|2|1|RICH|726|0|2700|0000000000000000000000000000000000000000000000000000000000000000|DARK|1|726|DISP=ACCEPT_INSTALL|DETAIL=a18f
0000000000000000000000000000000000000000000000000000000000000000|0000000000000000000000000000000000000000000000000000000000000000|0|3|rt4_TMB-5_A18F_0_0102.r24|2|1|RICH|728|0|2700|0000000000000000000000000000000000000000000000000000000000000000|DARK|1|728|DISP=ACCEPT_INSTALL|DETAIL=a18f
0000000000000000000000000000000000000000000000000000000000000000|0000000000000000000000000000000000000000000000000000000000000000|0|3|rt4_TMB-5_A18F_0_0103.r24|2|1|RICH|728|0|2220|0000000000000000000000000000000000000000000000000000000000000000|DARK|1|728|DISP=ACCEPT_INSTALL|DETAIL=a18f
0000000000000000000000000000000000000000000000000000000000000000|0000000000000000000000000000000000000000000000000000000000000000|0|3|rt4_TMB-5_A18F_0_0104.r24|2|1|RICH|730|0|2220|0000000000000000000000000000000000000000000000000000000000000000|DARK|1|730|DISP=ACCEPT_INSTALL|DETAIL=a18f
0000000000000000000000000000000000000000000000000000000000000000|0000000000000000000000000000000000000000000000000000000000000000|0|3|rt4_TMB-5_A18F_0_0105.r24|2|1|RICH|730|0|2700|0000000000000000000000000000000000000000000000000000000000000000|DARK|1|730|DISP=ACCEPT_INSTALL|DETAIL=a18f
0000000000000000000000000000000000000000000000000000000000000000|0000000000000000000000000000000000000000000000000000000000000000|0|3|rt4_TMB-5_A18F_0_0106.r24|2|1|RICH|732|0|2700|0000000000000000000000000000000000000000000000000000000000000000|DARK|1|732|DISP=ACCEPT_INSTALL|DETAIL=a18f
0000000000000000000000000000000000000000000000000000000000000000|0000000000000000000000000000000000000000000000000000000000000000|0|3|rt4_TMB-5_A18F_0_0107.r24|2|1|RICH|734|0|2700|0000000000000000000000000000000000000000000000000000000000000000|DARK|1|734|DISP=ACCEPT_INSTALL|DETAIL=a18f
0000000000000000000000000000000000000000000000000000000000000000|0000000000000000000000000000000000000000000000000000000000000000|0|3|rt4_TMB-5_A18F_0_0108.r24|2|1|RICH|632|0|2680|0000000000000000000000000000000000000000000000000000000000000000|DARK|1|632|DISP=ACCEPT_INSTALL|DETAIL=a18f
0000000000000000000000000000000000000000000000000000000000000000|0000000000000000000000000000000000000000000000000000000000000000|0|3|rt4_TMB-5_A18F_0_0109.r24|2|1|RICH|634|0|2680|0000000000000000000000000000000000000000000000000000000000000000|DARK|1|634|DISP=ACCEPT_INSTALL|DETAIL=a18f
0000000000000000000000000000000000000000000000000000000000000000|0000000000000000000000000000000000000000000000000000000000000000|0|3|rt4_TMB-5_A18F_0_0110.r24|2|1|RICH|736|0|2700|0000000000000000000000000000000000000000000000000000000000000000|DARK|1|736|DISP=ACCEPT_INSTALL|DETAIL=a18f
0000000000000000000000000000000000000000000000000000000000000000|0000000000000000000000000000000000000000000000000000000000000000|0|3|rt4_TMB-5_A18F_0_0111.r24|2|1|RICH|738|0|2700|0000000000000000000000000000000000000000000000000000000000000000|DARK|1|738|DISP=ACCEPT_INSTALL|DETAIL=a18f
0000000000000000000000000000000000000000000000000000000000000000|0000000000000000000000000000000000000000000000000000000000000000|0|3|rt4_TMB-5_A18F_0_0112.r24|2|1|RICH|740|0|2700|0000000000000000000000000000000000000000000000000000000000000000|DARK|1|740|DISP=ACCEPT_INSTALL|DETAIL=a18f
0000000000000000000000000000000000000000000000000000000000000000|0000000000000000000000000000000000000000000000000000000000000000|0|3|rt4_TMB-5_A18F_0_0113.r24|2|1|RICH|636|0|2680|0000000000000000000000000000000000000000000000000000000000000000|DARK|1|636|DISP=ACCEPT_INSTALL|DETAIL=a18f
0000000000000000000000000000000000000000000000000000000000000000|0000000000000000000000000000000000000000000000000000000000000000|0|3|rt4_TMB-5_A18F_0_0114.r24|2|1|RICH|638|0|2680|0000000000000000000000000000000000000000000000000000000000000000|DARK|1|638|DISP=ACCEPT_INSTALL|DETAIL=a18f
0000000000000000000000000000000000000000000000000000000000000000|0000000000000000000000000000000000000000000000000000000000000000|0|3|rt4_TMB-5_A18F_0_0115.r24|2|1|RICH|742|0|2700|0000000000000000000000000000000000000000000000000000000000000000|DARK|1|742|DISP=ACCEPT_INSTALL|DETAIL=a18f
0000000000000000000000000000000000000000000000000000000000000000|0000000000000000000000000000000000000000000000000000000000000000|0|3|rt4_TMB-5_A18F_0_0116.r24|2|1|RICH|744|0|2700|0000000000000000000000000000000000000000000000000000000000000000|DARK|1|744|DISP=ACCEPT_INSTALL|DETAIL=a18f
0000000000000000000000000000000000000000000000000000000000000000|0000000000000000000000000000000000000000000000000000000000000000|0|3|rt4_TMB-5_A18F_0_0117.r24|2|1|RICH|746|0|2700|0000000000000000000000000000000000000000000000000000000000000000|DARK|1|746|DISP=ACCEPT_INSTALL|DETAIL=a18f
0000000000000000000000000000000000000000000000000000000000000000|0000000000000000000000000000000000000000000000000000000000000000|0|3|rt4_TMB-5_A18F_0_0118.r24|2|1|RICH|640|0|2680|0000000000000000000000000000000000000000000000000000000000000000|DARK|1|640|DISP=ACCEPT_INSTALL|DETAIL=a18f
0000000000000000000000000000000000000000000000000000000000000000|0000000000000000000000000000000000000000000000000000000000000000|0|3|rt4_TMB-5_A18F_0_0119.r24|2|1|RICH|642|0|2680|0000000000000000000000000000000000000000000000000000000000000000|DARK|1|642|DISP=ACCEPT_INSTALL|DETAIL=a18f
0000000000000000000000000000000000000000000000000000000000000000|0000000000000000000000000000000000000000000000000000000000000000|0|3|rt4_TMB-5_A18F_0_0120.r24|2|1|RICH|748|0|2700|0000000000000000000000000000000000000000000000000000000000000000|DARK|1|748|DISP=ACCEPT_INSTALL|DETAIL=a18f
0000000000000000000000000000000000000000000000000000000000000000|0000000000000000000000000000000000000000000000000000000000000000|0|3|rt4_TMB-5_A18F_0_0121.r24|2|1|RICH|750|0|2700|0000000000000000000000000000000000000000000000000000000000000000|DARK|1|750|DISP=ACCEPT_INSTALL|DETAIL=a18f
0000000000000000000000000000000000000000000000000000000000000000|0000000000000000000000000000000000000000000000000000000000000000|0|3|rt4_TMB-5_A18F_0_0122.r24|2|1|RICH|752|0|2700|0000000000000000000000000000000000000000000000000000000000000000|DARK|1|752|DISP=ACCEPT_INSTALL|DETAIL=a18f
0000000000000000000000000000000000000000000000000000000000000000|0000000000000000000000000000000000000000000000000000000000000000|0|3|rt4_TMB-5_A18F_0_0123.r24|2|1|RICH|644|0|2680|0000000000000000000000000000000000000000000000000000000000000000|DARK|1|644|DISP=ACCEPT_INSTALL|DETAIL=a18f
0000000000000000000000000000000000000000000000000000000000000000|0000000000000000000000000000000000000000000000000000000000000000|0|3|rt4_TMB-5_A18F_0_0124.r24|2|1|RICH|646|0|2680|0000000000000000000000000000000000000000000000000000000000000000|DARK|1|646|DISP=ACCEPT_INSTALL|DETAIL=a18f
0000000000000000000000000000000000000000000000000000000000000000|0000000000000000000000000000000000000000000000000000000000000000|0|3|rt4_TMB-5_A18F_0_0125.r24|2|1|RICH|754|0|2700|0000000000000000000000000000000000000000000000000000000000000000|DARK|1|754|DISP=ACCEPT_INSTALL|DETAIL=a18f
0000000000000000000000000000000000000000000000000000000000000000|0000000000000000000000000000000000000000000000000000000000000000|0|3|rt4_TMB-5_A18F_0_0126.r24|2|1|RICH|756|0|2700|0000000000000000000000000000000000000000000000000000000000000000|DARK|1|756|DISP=ACCEPT_INSTALL|DETAIL=a18f
0000000000000000000000000000000000000000000000000000000000000000|0000000000000000000000000000000000000000000000000000000000000000|0|3|rt4_TMB-5_A18F_0_0127.r24|2|1|RICH|758|0|2700|0000000000000000000000000000000000000000000000000000000000000000|DARK|1|758|DISP=ACCEPT_INSTALL|DETAIL=a18f
0000000000000000000000000000000000000000000000000000000000000000|0000000000000000000000000000000000000000000000000000000000000000|0|3|rt4_TMB-5_A18F_0_0128.r24|2|1|RICH|648|0|2680|0000000000000000000000000000000000000000000000000000000000000000|DARK|1|648|DISP=ACCEPT_INSTALL|DETAIL=a18f
0000000000000000000000000000000000000000000000000000000000000000|0000000000000000000000000000000000000000000000000000000000000000|0|3|rt4_TMB-5_A18F_0_0129.r24|2|1|RICH|650|0|2680|0000000000000000000000000000000000000000000000000000000000000000|DARK|1|650|DISP=ACCEPT_INSTALL|DETAIL=a18f
0000000000000000000000000000000000000000000000000000000000000000|0000000000000000000000000000000000000000000000000000000000000000|0|3|rt4_TMB-5_A18F_0_0130.r24|2|1|RICH|760|0|2700|0000000000000000000000000000000000000000000000000000000000000000|DARK|1|760|DISP=ACCEPT_INSTALL|DETAIL=a18f
0000000000000000000000000000000000000000000000000000000000000000|0000000000000000000000000000000000000000000000000000000000000000|0|3|rt4_TMB-5_A18F_0_0131.r24|2|1|RICH|762|0|2700|0000000000000000000000000000000000000000000000000000000000000000|DARK|1|762|DISP=ACCEPT_INSTALL|DETAIL=a18f
0000000000000000000000000000000000000000000000000000000000000000|0000000000000000000000000000000000000000000000000000000000000000|0|3|rt4_TMB-5_A18F_0_0132.r24|2|1|RICH|764|0|2700|0000000000000000000000000000000000000000000000000000000000000000|DARK|1|764|DISP=ACCEPT_INSTALL|DETAIL=a18f
0000000000000000000000000000000000000000000000000000000000000000|0000000000000000000000000000000000000000000000000000000000000000|0|3|rt4_TMB-5_A18F_0_0133.r24|2|1|RICH|652|0|2680|0000000000000000000000000000000000000000000000000000000000000000|DARK|1|652|DISP=ACCEPT_INSTALL|DETAIL=a18f
0000000000000000000000000000000000000000000000000000000000000000|0000000000000000000000000000000000000000000000000000000000000000|0|3|rt4_TMB-5_A18F_0_0134.r24|2|1|RICH|654|0|2680|0000000000000000000000000000000000000000000000000000000000000000|DARK|1|654|DISP=ACCEPT_INSTALL|DETAIL=a18f
0000000000000000000000000000000000000000000000000000000000000000|0000000000000000000000000000000000000000000000000000000000000000|0|3|rt4_TMB-5_A18F_0_0135.r24|2|1|RICH|766|0|2700|0000000000000000000000000000000000000000000000000000000000000000|DARK|1|766|DISP=ACCEPT_INSTALL|DETAIL=a18f
0000000000000000000000000000000000000000000000000000000000000000|0000000000000000000000000000000000000000000000000000000000000000|0|3|rt4_TMB-5_A18F_0_0136.r24|2|1|RICH|768|0|2700|0000000000000000000000000000000000000000000000000000000000000000|DARK|1|768|DISP=ACCEPT_INSTALL|DETAIL=a18f
0000000000000000000000000000000000000000000000000000000000000000|0000000000000000000000000000000000000000000000000000000000000000|0|3|rt4_TMB-5_A18F_0_0137.r24|2|1|RICH|770|0|2700|0000000000000000000000000000000000000000000000000000000000000000|DARK|1|770|DISP=ACCEPT_INSTALL|DETAIL=a18f
0000000000000000000000000000000000000000000000000000000000000000|0000000000000000000000000000000000000000000000000000000000000000|0|3|rt4_TMB-5_A18F_0_0138.r24|2|1|RICH|656|0|2680|0000000000000000000000000000000000000000000000000000000000000000|DARK|1|656|DISP=ACCEPT_INSTALL|DETAIL=a18f
0000000000000000000000000000000000000000000000000000000000000000|0000000000000000000000000000000000000000000000000000000000000000|0|3|rt4_TMB-5_A18F_0_0139.r24|2|1|RICH|658|0|2680|0000000000000000000000000000000000000000000000000000000000000000|DARK|1|658|DISP=ACCEPT_INSTALL|DETAIL=a18f
0000000000000000000000000000000000000000000000000000000000000000|0000000000000000000000000000000000000000000000000000000000000000|0|3|rt4_TMB-5_A18F_0_0140.r24|2|1|RICH|772|0|2700|0000000000000000000000000000000000000000000000000000000000000000|DARK|1|772|DISP=ACCEPT_INSTALL|DETAIL=a18f
0000000000000000000000000000000000000000000000000000000000000000|0000000000000000000000000000000000000000000000000000000000000000|0|3|rt4_TMB-5_A18F_0_0141.r24|2|1|RICH|774|0|2700|0000000000000000000000000000000000000000000000000000000000000000|DARK|1|774|DISP=ACCEPT_INSTALL|DETAIL=a18f
0000000000000000000000000000000000000000000000000000000000000000|0000000000000000000000000000000000000000000000000000000000000000|0|3|rt4_TMB-5_A18F_0_0142.r24|2|1|RICH|776|0|2700|0000000000000000000000000000000000000000000000000000000000000000|DARK|1|776|DISP=ACCEPT_INSTALL|DETAIL=a18f
0000000000000000000000000000000000000000000000000000000000000000|0000000000000000000000000000000000000000000000000000000000000000|0|3|rt4_TMB-5_A18F_0_0143.r24|2|1|RICH|660|0|2680|0000000000000000000000000000000000000000000000000000000000000000|DARK|1|660|DISP=ACCEPT_INSTALL|DETAIL=a18f
0000000000000000000000000000000000000000000000000000000000000000|0000000000000000000000000000000000000000000000000000000000000000|0|3|rt4_TMB-5_A18F_0_0144.r24|2|1|RICH|662|0|2680|0000000000000000000000000000000000000000000000000000000000000000|DARK|1|662|DISP=ACCEPT_INSTALL|DETAIL=a18f
0000000000000000000000000000000000000000000000000000000000000000|0000000000000000000000000000000000000000000000000000000000000000|0|3|rt4_TMB-5_A18F_0_0145.r24|2|1|RICH|778|0|2700|0000000000000000000000000000000000000000000000000000000000000000|DARK|1|778|DISP=ACCEPT_INSTALL|DETAIL=a18f
0000000000000000000000000000000000000000000000000000000000000000|0000000000000000000000000000000000000000000000000000000000000000|0|3|rt4_TMB-5_A18F_0_0146.r24|2|1|RICH|780|0|2700|0000000000000000000000000000000000000000000000000000000000000000|DARK|1|780|DISP=ACCEPT_INSTALL|DETAIL=a18f
0000000000000000000000000000000000000000000000000000000000000000|0000000000000000000000000000000000000000000000000000000000000000|0|3|rt4_TMB-5_A18F_0_0147.r24|2|1|RICH|782|0|2700|0000000000000000000000000000000000000000000000000000000000000000|DARK|1|782|DISP=ACCEPT_INSTALL|DETAIL=a18f
0000000000000000000000000000000000000000000000000000000000000000|0000000000000000000000000000000000000000000000000000000000000000|0|3|rt4_TMB-5_A18F_0_0148.r24|2|1|RICH|664|0|2680|0000000000000000000000000000000000000000000000000000000000000000|DARK|1|664|DISP=ACCEPT_INSTALL|DETAIL=a18f
0000000000000000000000000000000000000000000000000000000000000000|0000000000000000000000000000000000000000000000000000000000000000|0|3|rt4_TMB-5_A18F_0_0149.r24|2|1|RICH|666|0|2680|0000000000000000000000000000000000000000000000000000000000000000|DARK|1|666|DISP=ACCEPT_INSTALL|DETAIL=a18f
0000000000000000000000000000000000000000000000000000000000000000|0000000000000000000000000000000000000000000000000000000000000000|0|3|rt4_TMB-5_A18F_0_0150.r24|2|1|RICH|784|0|2700|0000000000000000000000000000000000000000000000000000000000000000|DARK|1|784|DISP=ACCEPT_INSTALL|DETAIL=a18f
0000000000000000000000000000000000000000000000000000000000000000|0000000000000000000000000000000000000000000000000000000000000000|0|3|rt4_TMB-5_A18F_0_0151.r24|2|1|RICH|786|0|2700|0000000000000000000000000000000000000000000000000000000000000000|DARK|1|786|DISP=ACCEPT_INSTALL|DETAIL=a18f
0000000000000000000000000000000000000000000000000000000000000000|0000000000000000000000000000000000000000000000000000000000000000|0|3|rt4_TMB-5_A18F_0_0152.r24|2|1|RICH|788|0|2700|0000000000000000000000000000000000000000000000000000000000000000|DARK|1|788|DISP=ACCEPT_INSTALL|DETAIL=a18f
0000000000000000000000000000000000000000000000000000000000000000|0000000000000000000000000000000000000000000000000000000000000000|0|3|rt4_TMB-5_A18F_0_0153.r24|2|1|RICH|668|0|2680|0000000000000000000000000000000000000000000000000000000000000000|DARK|1|668|DISP=ACCEPT_INSTALL|DETAIL=a18f
0000000000000000000000000000000000000000000000000000000000000000|0000000000000000000000000000000000000000000000000000000000000000|0|3|rt4_TMB-5_A18F_0_0154.r24|2|1|RICH|670|0|2680|0000000000000000000000000000000000000000000000000000000000000000|DARK|1|670|DISP=ACCEPT_INSTALL|DETAIL=a18f
0000000000000000000000000000000000000000000000000000000000000000|0000000000000000000000000000000000000000000000000000000000000000|0|3|rt4_TMB-5_A18F_0_0155.r24|2|1|RICH|790|0|2700|0000000000000000000000000000000000000000000000000000000000000000|DARK|1|790|DISP=ACCEPT_INSTALL|DETAIL=a18f
0000000000000000000000000000000000000000000000000000000000000000|0000000000000000000000000000000000000000000000000000000000000000|0|3|rt4_TMB-5_A18F_0_0156.r24|2|1|RICH|792|0|2700|0000000000000000000000000000000000000000000000000000000000000000|DARK|1|792|DISP=ACCEPT_INSTALL|DETAIL=a18f
0000000000000000000000000000000000000000000000000000000000000000|0000000000000000000000000000000000000000000000000000000000000000|0|3|rt4_TMB-5_A18F_0_0157.r24|2|1|RICH|794|0|2700|0000000000000000000000000000000000000000000000000000000000000000|DARK|1|794|DISP=ACCEPT_INSTALL|DETAIL=a18f
0000000000000000000000000000000000000000000000000000000000000000|0000000000000000000000000000000000000000000000000000000000000000|0|3|rt4_TMB-5_A18F_0_0158.r24|2|1|RICH|672|0|2680|0000000000000000000000000000000000000000000000000000000000000000|DARK|1|672|DISP=ACCEPT_INSTALL|DETAIL=a18f
0000000000000000000000000000000000000000000000000000000000000000|0000000000000000000000000000000000000000000000000000000000000000|0|3|rt4_TMB-5_A18F_0_0159.r24|2|1|RICH|674|0|2680|0000000000000000000000000000000000000000000000000000000000000000|DARK|1|674|DISP=ACCEPT_INSTALL|DETAIL=a18f
0000000000000000000000000000000000000000000000000000000000000000|0000000000000000000000000000000000000000000000000000000000000000|0|3|rt4_TMB-5_A18F_0_0160.r24|2|1|RICH|796|0|2700|0000000000000000000000000000000000000000000000000000000000000000|DARK|1|796|DISP=ACCEPT_INSTALL|DETAIL=a18f
0000000000000000000000000000000000000000000000000000000000000000|0000000000000000000000000000000000000000000000000000000000000000|0|3|rt4_TMB-5_A18F_0_0161.r24|2|1|RICH|798|0|2700|0000000000000000000000000000000000000000000000000000000000000000|DARK|1|798|DISP=ACCEPT_INSTALL|DETAIL=a18f
0000000000000000000000000000000000000000000000000000000000000000|0000000000000000000000000000000000000000000000000000000000000000|0|3|rt4_TMB-5_A18F_0_0162.r24|2|1|RICH|800|0|2700|0000000000000000000000000000000000000000000000000000000000000000|DARK|1|800|DISP=ACCEPT_INSTALL|DETAIL=a18f
0000000000000000000000000000000000000000000000000000000000000000|0000000000000000000000000000000000000000000000000000000000000000|0|3|rt4_TMB-5_A18F_0_0163.r24|2|1|RICH|676|0|2680|0000000000000000000000000000000000000000000000000000000000000000|DARK|1|676|DISP=ACCEPT_INSTALL|DETAIL=a18f
0000000000000000000000000000000000000000000000000000000000000000|0000000000000000000000000000000000000000000000000000000000000000|0|3|rt4_TMB-5_A18F_0_0164.r24|2|1|RICH|678|0|2680|0000000000000000000000000000000000000000000000000000000000000000|DARK|1|678|DISP=ACCEPT_INSTALL|DETAIL=a18f
0000000000000000000000000000000000000000000000000000000000000000|0000000000000000000000000000000000000000000000000000000000000000|0|3|rt4_TMB-5_A18F_0_0165.r24|2|1|RICH|802|0|2700|0000000000000000000000000000000000000000000000000000000000000000|DARK|1|802|DISP=ACCEPT_INSTALL|DETAIL=a18f
0000000000000000000000000000000000000000000000000000000000000000|0000000000000000000000000000000000000000000000000000000000000000|0|3|rt4_TMB-5_A18F_0_0166.r24|2|1|RICH|804|0|2700|0000000000000000000000000000000000000000000000000000000000000000|DARK|1|804|DISP=ACCEPT_INSTALL|DETAIL=a18f
0000000000000000000000000000000000000000000000000000000000000000|0000000000000000000000000000000000000000000000000000000000000000|0|3|rt4_TMB-5_A18F_0_0167.r24|2|1|RICH|806|0|2700|0000000000000000000000000000000000000000000000000000000000000000|DARK|1|806|DISP=ACCEPT_INSTALL|DETAIL=a18f
0000000000000000000000000000000000000000000000000000000000000000|0000000000000000000000000000000000000000000000000000000000000000|0|3|rt4_TMB-5_A18F_0_0168.r24|2|1|RICH|680|0|2680|0000000000000000000000000000000000000000000000000000000000000000|DARK|1|680|DISP=ACCEPT_INSTALL|DETAIL=a18f
0000000000000000000000000000000000000000000000000000000000000000|0000000000000000000000000000000000000000000000000000000000000000|0|3|rt4_TMB-5_A18F_0_0169.r24|2|1|RICH|682|0|2680|0000000000000000000000000000000000000000000000000000000000000000|DARK|1|682|DISP=ACCEPT_INSTALL|DETAIL=a18f
0000000000000000000000000000000000000000000000000000000000000000|0000000000000000000000000000000000000000000000000000000000000000|0|3|rt4_TMB-5_A18F_0_0170.r24|2|1|RICH|808|0|2700|0000000000000000000000000000000000000000000000000000000000000000|DARK|1|808|DISP=ACCEPT_INSTALL|DETAIL=a18f
0000000000000000000000000000000000000000000000000000000000000000|0000000000000000000000000000000000000000000000000000000000000000|0|3|rt4_TMB-5_A18F_0_0171.r24|2|1|RICH|810|0|2700|0000000000000000000000000000000000000000000000000000000000000000|DARK|1|810|DISP=ACCEPT_INSTALL|DETAIL=a18f
0000000000000000000000000000000000000000000000000000000000000000|0000000000000000000000000000000000000000000000000000000000000000|0|3|rt4_TMB-5_A18F_0_0172.r24|2|1|RICH|812|0|2700|0000000000000000000000000000000000000000000000000000000000000000|DARK|1|812|DISP=ACCEPT_INSTALL|DETAIL=a18f
0000000000000000000000000000000000000000000000000000000000000000|0000000000000000000000000000000000000000000000000000000000000000|0|3|rt4_TMB-5_A18F_0_0173.r24|2|1|RICH|684|0|2680|0000000000000000000000000000000000000000000000000000000000000000|DARK|1|684|DISP=ACCEPT_INSTALL|DETAIL=a18f
0000000000000000000000000000000000000000000000000000000000000000|0000000000000000000000000000000000000000000000000000000000000000|0|3|rt4_TMB-5_A18F_0_0174.r24|2|1|RICH|686|0|2680|0000000000000000000000000000000000000000000000000000000000000000|DARK|1|686|DISP=ACCEPT_INSTALL|DETAIL=a18f
0000000000000000000000000000000000000000000000000000000000000000|0000000000000000000000000000000000000000000000000000000000000000|0|3|rt4_TMB-5_A18F_0_0175.r24|2|1|RICH|814|0|2700|0000000000000000000000000000000000000000000000000000000000000000|DARK|1|814|DISP=ACCEPT_INSTALL|DETAIL=a18f
0000000000000000000000000000000000000000000000000000000000000000|0000000000000000000000000000000000000000000000000000000000000000|0|3|rt4_TMB-5_A18F_0_0176.r24|2|1|RICH|816|0|2700|0000000000000000000000000000000000000000000000000000000000000000|DARK|1|816|DISP=ACCEPT_INSTALL|DETAIL=a18f
0000000000000000000000000000000000000000000000000000000000000000|0000000000000000000000000000000000000000000000000000000000000000|0|3|rt4_TMB-5_A18F_0_0177.r24|2|1|RICH|818|0|2700|0000000000000000000000000000000000000000000000000000000000000000|DARK|1|818|DISP=ACCEPT_INSTALL|DETAIL=a18f
0000000000000000000000000000000000000000000000000000000000000000|0000000000000000000000000000000000000000000000000000000000000000|0|3|rt4_TMB-5_A18F_0_0178.r24|2|1|RICH|688|0|2680|0000000000000000000000000000000000000000000000000000000000000000|DARK|1|688|DISP=ACCEPT_INSTALL|DETAIL=a18f
0000000000000000000000000000000000000000000000000000000000000000|0000000000000000000000000000000000000000000000000000000000000000|0|3|rt4_TMB-5_A18F_0_0179.r24|2|1|RICH|690|0|2680|0000000000000000000000000000000000000000000000000000000000000000|DARK|1|690|DISP=ACCEPT_INSTALL|DETAIL=a18f
0000000000000000000000000000000000000000000000000000000000000000|0000000000000000000000000000000000000000000000000000000000000000|0|3|rt4_TMB-5_A18F_0_0180.r24|2|1|RICH|820|0|2700|0000000000000000000000000000000000000000000000000000000000000000|DARK|1|820|DISP=ACCEPT_INSTALL|DETAIL=a18f
0000000000000000000000000000000000000000000000000000000000000000|0000000000000000000000000000000000000000000000000000000000000000|0|3|rt4_TMB-5_A18F_0_0181.r24|2|1|RICH|822|0|2700|0000000000000000000000000000000000000000000000000000000000000000|DARK|1|822|DISP=ACCEPT_INSTALL|DETAIL=a18f
0000000000000000000000000000000000000000000000000000000000000000|0000000000000000000000000000000000000000000000000000000000000000|0|3|rt4_TMB-5_A18F_0_0182.r24|2|1|RICH|824|0|2700|0000000000000000000000000000000000000000000000000000000000000000|DARK|1|824|DISP=ACCEPT_INSTALL|DETAIL=a18f
0000000000000000000000000000000000000000000000000000000000000000|0000000000000000000000000000000000000000000000000000000000000000|0|3|rt4_TMB-5_A18F_0_0183.r24|2|1|RICH|692|0|2680|0000000000000000000000000000000000000000000000000000000000000000|DARK|1|692|DISP=ACCEPT_INSTALL|DETAIL=a18f
0000000000000000000000000000000000000000000000000000000000000000|0000000000000000000000000000000000000000000000000000000000000000|0|3|rt4_TMB-5_A18F_0_0184.r24|2|1|RICH|694|0|2680|0000000000000000000000000000000000000000000000000000000000000000|DARK|1|694|DISP=ACCEPT_INSTALL|DETAIL=a18f
0000000000000000000000000000000000000000000000000000000000000000|0000000000000000000000000000000000000000000000000000000000000000|0|3|rt4_TMB-5_A18F_0_0185.r24|2|1|RICH|826|0|2700|0000000000000000000000000000000000000000000000000000000000000000|DARK|1|826|DISP=ACCEPT_INSTALL|DETAIL=a18f
0000000000000000000000000000000000000000000000000000000000000000|0000000000000000000000000000000000000000000000000000000000000000|0|3|rt4_TMB-5_A18F_0_0186.r24|2|1|RICH|828|0|2700|0000000000000000000000000000000000000000000000000000000000000000|DARK|1|828|DISP=ACCEPT_INSTALL|DETAIL=a18f
0000000000000000000000000000000000000000000000000000000000000000|0000000000000000000000000000000000000000000000000000000000000000|0|3|rt4_TMB-5_A18F_0_0187.r24|2|1|RICH|830|0|2700|0000000000000000000000000000000000000000000000000000000000000000|DARK|1|830|DISP=ACCEPT_INSTALL|DETAIL=a18f
0000000000000000000000000000000000000000000000000000000000000000|0000000000000000000000000000000000000000000000000000000000000000|0|3|rt4_TMB-5_A18F_0_0188.r24|2|1|RICH|696|0|2680|0000000000000000000000000000000000000000000000000000000000000000|DARK|1|696|DISP=ACCEPT_INSTALL|DETAIL=a18f
0000000000000000000000000000000000000000000000000000000000000000|0000000000000000000000000000000000000000000000000000000000000000|0|3|rt4_TMB-5_A18F_0_0189.r24|2|1|RICH|698|0|2680|0000000000000000000000000000000000000000000000000000000000000000|DARK|1|698|DISP=ACCEPT_INSTALL|DETAIL=a18f
0000000000000000000000000000000000000000000000000000000000000000|0000000000000000000000000000000000000000000000000000000000000000|0|3|rt4_TMB-5_A18F_0_0190.r24|2|1|RICH|832|0|2700|0000000000000000000000000000000000000000000000000000000000000000|DARK|1|832|DISP=ACCEPT_INSTALL|DETAIL=a18f
0000000000000000000000000000000000000000000000000000000000000000|0000000000000000000000000000000000000000000000000000000000000000|0|3|rt4_TMB-5_A18F_0_0191.r24|2|1|RICH|834|0|2700|0000000000000000000000000000000000000000000000000000000000000000|DARK|1|834|DISP=ACCEPT_INSTALL|DETAIL=a18f
0000000000000000000000000000000000000000000000000000000000000000|0000000000000000000000000000000000000000000000000000000000000000|0|3|rt4_TMB-5_A18F_0_0192.r24|2|1|RICH|836|0|2700|0000000000000000000000000000000000000000000000000000000000000000|DARK|1|836|DISP=ACCEPT_INSTALL|DETAIL=a18f
0000000000000000000000000000000000000000000000000000000000000000|0000000000000000000000000000000000000000000000000000000000000000|0|3|rt4_TMB-5_A18F_0_0193.r24|2|1|RICH|700|0|2680|0000000000000000000000000000000000000000000000000000000000000000|DARK|1|700|DISP=ACCEPT_INSTALL|DETAIL=a18f
0000000000000000000000000000000000000000000000000000000000000000|0000000000000000000000000000000000000000000000000000000000000000|0|3|rt4_TMB-5_A18F_0_0194.r24|2|1|RICH|702|0|2680|0000000000000000000000000000000000000000000000000000000000000000|DARK|1|702|DISP=ACCEPT_INSTALL|DETAIL=a18f
0000000000000000000000000000000000000000000000000000000000000000|0000000000000000000000000000000000000000000000000000000000000000|0|3|rt4_TMB-5_A18F_0_0195.r24|2|1|RICH|838|0|2700|0000000000000000000000000000000000000000000000000000000000000000|DARK|1|838|DISP=ACCEPT_INSTALL|DETAIL=a18f
0000000000000000000000000000000000000000000000000000000000000000|0000000000000000000000000000000000000000000000000000000000000000|0|3|rt4_TMB-5_A18F_0_0196.r24|2|1|RICH|840|0|2700|0000000000000000000000000000000000000000000000000000000000000000|DARK|1|840|DISP=ACCEPT_INSTALL|DETAIL=a18f
0000000000000000000000000000000000000000000000000000000000000000|0000000000000000000000000000000000000000000000000000000000000000|0|3|rt4_TMB-5_A18F_0_0197.r24|2|1|RICH|842|0|2700|0000000000000000000000000000000000000000000000000000000000000000|DARK|1|842|DISP=ACCEPT_INSTALL|DETAIL=a18f
0000000000000000000000000000000000000000000000000000000000000000|0000000000000000000000000000000000000000000000000000000000000000|0|3|rt4_TMB-5_A18F_0_0198.r24|2|1|RICH|704|0|2680|0000000000000000000000000000000000000000000000000000000000000000|DARK|1|704|DISP=ACCEPT_INSTALL|DETAIL=a18f
0000000000000000000000000000000000000000000000000000000000000000|0000000000000000000000000000000000000000000000000000000000000000|0|3|rt4_TMB-5_A18F_0_0199.r24|2|1|RICH|706|0|2680|0000000000000000000000000000000000000000000000000000000000000000|DARK|1|706|DISP=ACCEPT_INSTALL|DETAIL=a18f
0000000000000000000000000000000000000000000000000000000000000000|0000000000000000000000000000000000000000000000000000000000000000|0|3|rt4_TMB-5_A18F_0_0200.r24|2|1|RICH|844|0|2700|0000000000000000000000000000000000000000000000000000000000000000|DARK|1|844|DISP=ACCEPT_INSTALL|DETAIL=a18f
0000000000000000000000000000000000000000000000000000000000000000|0000000000000000000000000000000000000000000000000000000000000000|0|3|rt4_TMB-5_A18F_0_0201.r24|2|1|RICH|846|0|2700|0000000000000000000000000000000000000000000000000000000000000000|DARK|1|846|DISP=ACCEPT_INSTALL|DETAIL=a18f
0000000000000000000000000000000000000000000000000000000000000000|0000000000000000000000000000000000000000000000000000000000000000|0|3|rt4_TMB-5_A18F_0_0202.r24|2|1|RICH|848|0|2700|0000000000000000000000000000000000000000000000000000000000000000|DARK|1|848|DISP=ACCEPT_INSTALL|DETAIL=a18f
0000000000000000000000000000000000000000000000000000000000000000|0000000000000000000000000000000000000000000000000000000000000000|0|3|rt4_TMB-5_A18F_0_0203.r24|2|1|RICH|708|0|2680|0000000000000000000000000000000000000000000000000000000000000000|DARK|1|708|DISP=ACCEPT_INSTALL|DETAIL=a18f
0000000000000000000000000000000000000000000000000000000000000000|0000000000000000000000000000000000000000000000000000000000000000|0|3|rt4_TMB-5_A18F_0_0204.r24|2|1|RICH|710|0|2680|0000000000000000000000000000000000000000000000000000000000000000|DARK|1|710|DISP=ACCEPT_INSTALL|DETAIL=a18f
0000000000000000000000000000000000000000000000000000000000000000|0000000000000000000000000000000000000000000000000000000000000000|0|3|rt4_TMB-5_A18F_0_0205.r24|2|1|RICH|850|0|2700|0000000000000000000000000000000000000000000000000000000000000000|DARK|1|850|DISP=ACCEPT_INSTALL|DETAIL=a18f
0000000000000000000000000000000000000000000000000000000000000000|0000000000000000000000000000000000000000000000000000000000000000|0|3|rt4_TMB-5_A18F_0_0206.r24|2|1|RICH|852|0|2700|0000000000000000000000000000000000000000000000000000000000000000|DARK|1|852|DISP=ACCEPT_INSTALL|DETAIL=a18f
0000000000000000000000000000000000000000000000000000000000000000|0000000000000000000000000000000000000000000000000000000000000000|0|3|rt4_TMB-5_A18F_0_0207.r24|2|1|RICH|854|0|2700|0000000000000000000000000000000000000000000000000000000000000000|DARK|1|854|DISP=ACCEPT_INSTALL|DETAIL=a18f
0000000000000000000000000000000000000000000000000000000000000000|0000000000000000000000000000000000000000000000000000000000000000|0|3|rt4_TMB-5_A18F_0_0208.r24|2|1|RICH|712|0|2680|0000000000000000000000000000000000000000000000000000000000000000|DARK|1|712|DISP=ACCEPT_INSTALL|DETAIL=a18f
0000000000000000000000000000000000000000000000000000000000000000|0000000000000000000000000000000000000000000000000000000000000000|0|3|rt4_TMB-5_A18F_0_0209.r24|2|1|RICH|714|0|2680|0000000000000000000000000000000000000000000000000000000000000000|DARK|1|714|DISP=ACCEPT_INSTALL|DETAIL=a18f
0000000000000000000000000000000000000000000000000000000000000000|0000000000000000000000000000000000000000000000000000000000000000|0|3|rt4_TMB-5_A18F_0_0210.r24|2|1|RICH|856|0|2700|0000000000000000000000000000000000000000000000000000000000000000|DARK|1|856|DISP=ACCEPT_INSTALL|DETAIL=a18f
0000000000000000000000000000000000000000000000000000000000000000|0000000000000000000000000000000000000000000000000000000000000000|0|3|rt4_TMB-5_A18F_0_0211.r24|2|1|RICH|858|0|2700|0000000000000000000000000000000000000000000000000000000000000000|DARK|1|858|DISP=ACCEPT_INSTALL|DETAIL=a18f
0000000000000000000000000000000000000000000000000000000000000000|0000000000000000000000000000000000000000000000000000000000000000|0|3|rt4_TMB-5_A18F_0_0212.r24|2|1|RICH|860|0|2700|0000000000000000000000000000000000000000000000000000000000000000|DARK|1|860|DISP=ACCEPT_INSTALL|DETAIL=a18f
0000000000000000000000000000000000000000000000000000000000000000|0000000000000000000000000000000000000000000000000000000000000000|0|3|rt4_TMB-5_A18F_0_0213.r24|2|1|RICH|716|0|2680|0000000000000000000000000000000000000000000000000000000000000000|DARK|1|716|DISP=ACCEPT_INSTALL|DETAIL=a18f
0000000000000000000000000000000000000000000000000000000000000000|0000000000000000000000000000000000000000000000000000000000000000|0|3|rt4_TMB-5_A18F_0_0214.r24|2|1|RICH|718|0|2680|0000000000000000000000000000000000000000000000000000000000000000|DARK|1|718|DISP=ACCEPT_INSTALL|DETAIL=a18f
0000000000000000000000000000000000000000000000000000000000000000|0000000000000000000000000000000000000000000000000000000000000000|0|3|rt4_TMB-5_A18F_0_0215.r24|2|1|RICH|862|0|2700|0000000000000000000000000000000000000000000000000000000000000000|DARK|1|862|DISP=ACCEPT_INSTALL|DETAIL=a18f
0000000000000000000000000000000000000000000000000000000000000000|0000000000000000000000000000000000000000000000000000000000000000|0|3|rt4_TMB-5_A18F_0_0216.r24|2|1|RICH|864|0|2700|0000000000000000000000000000000000000000000000000000000000000000|DARK|1|864|DISP=ACCEPT_INSTALL|DETAIL=a18f
0000000000000000000000000000000000000000000000000000000000000000|0000000000000000000000000000000000000000000000000000000000000000|0|3|rt4_TMB-5_A18F_0_0217.r24|2|1|RICH|866|0|2700|0000000000000000000000000000000000000000000000000000000000000000|DARK|1|866|DISP=ACCEPT_INSTALL|DETAIL=a18f
0000000000000000000000000000000000000000000000000000000000000000|0000000000000000000000000000000000000000000000000000000000000000|0|3|rt4_TMB-5_A18F_0_0218.r24|2|1|RICH|720|0|2680|0000000000000000000000000000000000000000000000000000000000000000|DARK|1|720|DISP=ACCEPT_INSTALL|DETAIL=a18f
0000000000000000000000000000000000000000000000000000000000000000|0000000000000000000000000000000000000000000000000000000000000000|0|3|rt4_TMB-5_A18F_0_0219.r24|2|1|RICH|722|0|2680|0000000000000000000000000000000000000000000000000000000000000000|DARK|1|722|DISP=ACCEPT_INSTALL|DETAIL=a18f
0000000000000000000000000000000000000000000000000000000000000000|0000000000000000000000000000000000000000000000000000000000000000|0|3|rt4_TMB-5_A18F_0_0220.r24|2|1|RICH|868|0|2700|0000000000000000000000000000000000000000000000000000000000000000|DARK|1|868|DISP=ACCEPT_INSTALL|DETAIL=a18f
0000000000000000000000000000000000000000000000000000000000000000|0000000000000000000000000000000000000000000000000000000000000000|0|3|rt4_TMB-5_A18F_0_0221.r24|2|1|RICH|690|0|3200|0000000000000000000000000000000000000000000000000000000000000000|DARK|1|690|DISP=ACCEPT_INSTALL|DETAIL=a18f
0000000000000000000000000000000000000000000000000000000000000000|0000000000000000000000000000000000000000000000000000000000000000|0|3|rt4_TMB-5_A18F_0_0222.r24|2|1|RICH|692|0|3200|0000000000000000000000000000000000000000000000000000000000000000|DARK|1|692|DISP=ACCEPT_INSTALL|DETAIL=a18f
0000000000000000000000000000000000000000000000000000000000000000|0000000000000000000000000000000000000000000000000000000000000000|0|3|rt4_TMB-5_A18F_0_0223.r24|2|1|RICH|724|0|2680|0000000000000000000000000000000000000000000000000000000000000000|DARK|1|724|DISP=ACCEPT_INSTALL|DETAIL=a18f
0000000000000000000000000000000000000000000000000000000000000000|0000000000000000000000000000000000000000000000000000000000000000|0|3|rt4_TMB-5_A18F_0_0224.r24|2|1|RICH|726|0|2680|0000000000000000000000000000000000000000000000000000000000000000|DARK|1|726|DISP=ACCEPT_INSTALL|DETAIL=a18f
0000000000000000000000000000000000000000000000000000000000000000|0000000000000000000000000000000000000000000000000000000000000000|0|3|rt4_TMB-5_A18F_0_0225.r24|2|1|RICH|694|0|3200|0000000000000000000000000000000000000000000000000000000000000000|DARK|1|694|DISP=ACCEPT_INSTALL|DETAIL=a18f
0000000000000000000000000000000000000000000000000000000000000000|0000000000000000000000000000000000000000000000000000000000000000|0|3|rt4_TMB-5_A18F_0_0226.r24|2|1|RICH|696|0|3200|0000000000000000000000000000000000000000000000000000000000000000|DARK|1|696|DISP=ACCEPT_INSTALL|DETAIL=a18f
0000000000000000000000000000000000000000000000000000000000000000|0000000000000000000000000000000000000000000000000000000000000000|0|3|rt4_TMB-5_A18F_0_0227.r24|2|1|RICH|698|0|3200|0000000000000000000000000000000000000000000000000000000000000000|DARK|1|698|DISP=ACCEPT_INSTALL|DETAIL=a18f
0000000000000000000000000000000000000000000000000000000000000000|0000000000000000000000000000000000000000000000000000000000000000|0|3|rt4_TMB-5_A18F_0_0228.r24|2|1|RICH|728|0|2680|0000000000000000000000000000000000000000000000000000000000000000|DARK|1|728|DISP=ACCEPT_INSTALL|DETAIL=a18f
0000000000000000000000000000000000000000000000000000000000000000|0000000000000000000000000000000000000000000000000000000000000000|0|3|rt4_TMB-5_A18F_0_0229.r24|2|1|RICH|730|0|2680|0000000000000000000000000000000000000000000000000000000000000000|DARK|1|730|DISP=ACCEPT_INSTALL|DETAIL=a18f
0000000000000000000000000000000000000000000000000000000000000000|0000000000000000000000000000000000000000000000000000000000000000|0|3|rt4_TMB-5_A18F_0_0230.r24|2|1|RICH|700|0|3200|0000000000000000000000000000000000000000000000000000000000000000|DARK|1|700|DISP=ACCEPT_INSTALL|DETAIL=a18f
0000000000000000000000000000000000000000000000000000000000000000|0000000000000000000000000000000000000000000000000000000000000000|0|3|rt4_TMB-5_A18F_0_0231.r24|2|1|RICH|702|0|3200|0000000000000000000000000000000000000000000000000000000000000000|DARK|1|702|DISP=ACCEPT_INSTALL|DETAIL=a18f
0000000000000000000000000000000000000000000000000000000000000000|0000000000000000000000000000000000000000000000000000000000000000|0|3|rt4_TMB-5_A18F_0_0232.r24|2|1|RICH|704|0|3200|0000000000000000000000000000000000000000000000000000000000000000|DARK|1|704|DISP=ACCEPT_INSTALL|DETAIL=a18f
0000000000000000000000000000000000000000000000000000000000000000|0000000000000000000000000000000000000000000000000000000000000000|0|3|rt4_TMB-5_A18F_0_0233.r24|2|1|RICH|732|0|2680|0000000000000000000000000000000000000000000000000000000000000000|DARK|1|732|DISP=ACCEPT_INSTALL|DETAIL=a18f
0000000000000000000000000000000000000000000000000000000000000000|0000000000000000000000000000000000000000000000000000000000000000|0|3|rt4_TMB-5_A18F_0_0234.r24|2|1|RICH|734|0|2680|0000000000000000000000000000000000000000000000000000000000000000|DARK|1|734|DISP=ACCEPT_INSTALL|DETAIL=a18f
0000000000000000000000000000000000000000000000000000000000000000|0000000000000000000000000000000000000000000000000000000000000000|0|3|rt4_TMB-5_A18F_0_0235.r24|2|1|RICH|706|0|3200|0000000000000000000000000000000000000000000000000000000000000000|DARK|1|706|DISP=ACCEPT_INSTALL|DETAIL=a18f
0000000000000000000000000000000000000000000000000000000000000000|0000000000000000000000000000000000000000000000000000000000000000|0|3|rt4_TMB-5_A18F_0_0236.r24|2|1|RICH|708|0|3200|0000000000000000000000000000000000000000000000000000000000000000|DARK|1|708|DISP=ACCEPT_INSTALL|DETAIL=a18f
0000000000000000000000000000000000000000000000000000000000000000|0000000000000000000000000000000000000000000000000000000000000000|0|3|rt4_TMB-5_A18F_0_0237.r24|2|1|RICH|710|0|3200|0000000000000000000000000000000000000000000000000000000000000000|DARK|1|710|DISP=ACCEPT_INSTALL|DETAIL=a18f
0000000000000000000000000000000000000000000000000000000000000000|0000000000000000000000000000000000000000000000000000000000000000|0|3|rt4_TMB-5_A18F_0_0238.r24|2|1|RICH|736|0|2680|0000000000000000000000000000000000000000000000000000000000000000|DARK|1|736|DISP=ACCEPT_INSTALL|DETAIL=a18f
0000000000000000000000000000000000000000000000000000000000000000|0000000000000000000000000000000000000000000000000000000000000000|0|3|rt4_TMB-5_A18F_0_0239.r24|2|1|RICH|738|0|2680|0000000000000000000000000000000000000000000000000000000000000000|DARK|1|738|DISP=ACCEPT_INSTALL|DETAIL=a18f
0000000000000000000000000000000000000000000000000000000000000000|0000000000000000000000000000000000000000000000000000000000000000|0|3|rt4_TMB-5_A18F_0_0240.r24|2|1|RICH|712|0|3200|0000000000000000000000000000000000000000000000000000000000000000|DARK|1|712|DISP=ACCEPT_INSTALL|DETAIL=a18f
0000000000000000000000000000000000000000000000000000000000000000|0000000000000000000000000000000000000000000000000000000000000000|0|3|rt4_TMB-5_A18F_0_0241.r24|2|1|RICH|714|0|3200|0000000000000000000000000000000000000000000000000000000000000000|DARK|1|714|DISP=ACCEPT_INSTALL|DETAIL=a18f
0000000000000000000000000000000000000000000000000000000000000000|0000000000000000000000000000000000000000000000000000000000000000|0|3|rt4_TMB-5_A18F_0_0242.r24|2|1|RICH|716|0|3200|0000000000000000000000000000000000000000000000000000000000000000|DARK|1|716|DISP=ACCEPT_INSTALL|DETAIL=a18f
0000000000000000000000000000000000000000000000000000000000000000|0000000000000000000000000000000000000000000000000000000000000000|0|3|rt4_TMB-5_A18F_0_0243.r24|2|1|RICH|740|0|2680|0000000000000000000000000000000000000000000000000000000000000000|DARK|1|740|DISP=ACCEPT_INSTALL|DETAIL=a18f
0000000000000000000000000000000000000000000000000000000000000000|0000000000000000000000000000000000000000000000000000000000000000|0|3|rt4_TMB-5_A18F_0_0244.r24|2|1|RICH|742|0|2680|0000000000000000000000000000000000000000000000000000000000000000|DARK|1|742|DISP=ACCEPT_INSTALL|DETAIL=a18f
0000000000000000000000000000000000000000000000000000000000000000|0000000000000000000000000000000000000000000000000000000000000000|0|3|rt4_TMB-5_A18F_0_0245.r24|2|1|RICH|718|0|3200|0000000000000000000000000000000000000000000000000000000000000000|DARK|1|718|DISP=ACCEPT_INSTALL|DETAIL=a18f
0000000000000000000000000000000000000000000000000000000000000000|0000000000000000000000000000000000000000000000000000000000000000|0|3|rt4_TMB-5_A18F_0_0246.r24|2|1|RICH|720|0|3200|0000000000000000000000000000000000000000000000000000000000000000|DARK|1|720|DISP=ACCEPT_INSTALL|DETAIL=a18f
0000000000000000000000000000000000000000000000000000000000000000|0000000000000000000000000000000000000000000000000000000000000000|0|3|rt4_TMB-5_A18F_0_0247.r24|2|1|RICH|722|0|3200|0000000000000000000000000000000000000000000000000000000000000000|DARK|1|722|DISP=ACCEPT_INSTALL|DETAIL=a18f
0000000000000000000000000000000000000000000000000000000000000000|0000000000000000000000000000000000000000000000000000000000000000|0|3|rt4_TMB-5_A18F_0_0248.r24|2|1|RICH|744|0|2680|0000000000000000000000000000000000000000000000000000000000000000|DARK|1|744|DISP=ACCEPT_INSTALL|DETAIL=a18f
0000000000000000000000000000000000000000000000000000000000000000|0000000000000000000000000000000000000000000000000000000000000000|0|3|rt4_TMB-5_A18F_0_0249.r24|2|1|RICH|746|0|2680|0000000000000000000000000000000000000000000000000000000000000000|DARK|1|746|DISP=ACCEPT_INSTALL|DETAIL=a18f
0000000000000000000000000000000000000000000000000000000000000000|0000000000000000000000000000000000000000000000000000000000000000|0|3|rt4_TMB-5_A18F_0_0250.r24|2|1|RICH|724|0|3200|0000000000000000000000000000000000000000000000000000000000000000|DARK|1|724|DISP=ACCEPT_INSTALL|DETAIL=a18f
0000000000000000000000000000000000000000000000000000000000000000|0000000000000000000000000000000000000000000000000000000000000000|0|3|rt4_TMB-5_A18F_0_0251.r24|2|1|RICH|726|0|3200|0000000000000000000000000000000000000000000000000000000000000000|DARK|1|726|DISP=ACCEPT_INSTALL|DETAIL=a18f
0000000000000000000000000000000000000000000000000000000000000000|0000000000000000000000000000000000000000000000000000000000000000|0|3|rt4_TMB-5_A18F_0_0252.r24|2|1|RICH|728|0|3200|0000000000000000000000000000000000000000000000000000000000000000|DARK|1|728|DISP=ACCEPT_INSTALL|DETAIL=a18f
0000000000000000000000000000000000000000000000000000000000000000|0000000000000000000000000000000000000000000000000000000000000000|0|3|rt4_TMB-5_A18F_0_0253.r24|2|1|RICH|748|0|2680|0000000000000000000000000000000000000000000000000000000000000000|DARK|1|748|DISP=ACCEPT_INSTALL|DETAIL=a18f
0000000000000000000000000000000000000000000000000000000000000000|0000000000000000000000000000000000000000000000000000000000000000|0|3|rt4_TMB-5_A18F_0_0254.r24|2|1|RICH|750|0|2680|0000000000000000000000000000000000000000000000000000000000000000|DARK|1|750|DISP=ACCEPT_INSTALL|DETAIL=a18f
0000000000000000000000000000000000000000000000000000000000000000|0000000000000000000000000000000000000000000000000000000000000000|0|3|rt4_TMB-5_A18F_0_0255.r24|2|1|RICH|730|0|3200|0000000000000000000000000000000000000000000000000000000000000000|DARK|1|730|DISP=ACCEPT_INSTALL|DETAIL=a18f
0000000000000000000000000000000000000000000000000000000000000000|0000000000000000000000000000000000000000000000000000000000000000|0|3|rt4_TMB-5_A18F_0_0256.r24|2|1|RICH|690|0|3700|0000000000000000000000000000000000000000000000000000000000000000|DARK|1|690|DISP=ACCEPT_INSTALL|DETAIL=a18f
0000000000000000000000000000000000000000000000000000000000000000|0000000000000000000000000000000000000000000000000000000000000000|0|3|rt4_TMB-5_A18F_0_0257.r24|2|1|RICH|692|0|3700|0000000000000000000000000000000000000000000000000000000000000000|DARK|1|692|DISP=ACCEPT_INSTALL|DETAIL=a18f
0000000000000000000000000000000000000000000000000000000000000000|0000000000000000000000000000000000000000000000000000000000000000|0|3|rt4_TMB-5_A18F_0_0258.r24|2|1|RICH|752|0|2680|0000000000000000000000000000000000000000000000000000000000000000|DARK|1|752|DISP=ACCEPT_INSTALL|DETAIL=a18f
0000000000000000000000000000000000000000000000000000000000000000|0000000000000000000000000000000000000000000000000000000000000000|0|3|rt4_TMB-5_A18F_0_0259.r24|2|1|RICH|754|0|2680|0000000000000000000000000000000000000000000000000000000000000000|DARK|1|754|DISP=ACCEPT_INSTALL|DETAIL=a18f
0000000000000000000000000000000000000000000000000000000000000000|0000000000000000000000000000000000000000000000000000000000000000|0|3|rt4_TMB-5_A18F_0_0260.r24|2|1|RICH|694|0|3700|0000000000000000000000000000000000000000000000000000000000000000|DARK|1|694|DISP=ACCEPT_INSTALL|DETAIL=a18f
0000000000000000000000000000000000000000000000000000000000000000|0000000000000000000000000000000000000000000000000000000000000000|0|3|rt4_TMB-5_A18F_0_0261.r24|2|1|RICH|696|0|3700|0000000000000000000000000000000000000000000000000000000000000000|DARK|1|696|DISP=ACCEPT_INSTALL|DETAIL=a18f
0000000000000000000000000000000000000000000000000000000000000000|0000000000000000000000000000000000000000000000000000000000000000|0|3|rt4_TMB-5_A18F_0_0262.r24|2|1|RICH|698|0|3700|0000000000000000000000000000000000000000000000000000000000000000|DARK|1|698|DISP=ACCEPT_INSTALL|DETAIL=a18f
0000000000000000000000000000000000000000000000000000000000000000|0000000000000000000000000000000000000000000000000000000000000000|0|3|rt4_TMB-5_A18F_0_0263.r24|2|1|RICH|756|0|2680|0000000000000000000000000000000000000000000000000000000000000000|DARK|1|756|DISP=ACCEPT_INSTALL|DETAIL=a18f
0000000000000000000000000000000000000000000000000000000000000000|0000000000000000000000000000000000000000000000000000000000000000|0|3|rt4_TMB-5_A18F_0_0264.r24|2|1|RICH|758|0|2680|0000000000000000000000000000000000000000000000000000000000000000|DARK|1|758|DISP=ACCEPT_INSTALL|DETAIL=a18f
0000000000000000000000000000000000000000000000000000000000000000|0000000000000000000000000000000000000000000000000000000000000000|0|3|rt4_TMB-5_A18F_0_0265.r24|2|1|RICH|700|0|3700|0000000000000000000000000000000000000000000000000000000000000000|DARK|1|700|DISP=ACCEPT_INSTALL|DETAIL=a18f
0000000000000000000000000000000000000000000000000000000000000000|0000000000000000000000000000000000000000000000000000000000000000|0|3|rt4_TMB-5_A18F_0_0266.r24|2|1|RICH|702|0|3700|0000000000000000000000000000000000000000000000000000000000000000|DARK|1|702|DISP=ACCEPT_INSTALL|DETAIL=a18f
0000000000000000000000000000000000000000000000000000000000000000|0000000000000000000000000000000000000000000000000000000000000000|0|3|rt4_TMB-5_A18F_0_0267.r24|2|1|RICH|704|0|3700|0000000000000000000000000000000000000000000000000000000000000000|DARK|1|704|DISP=ACCEPT_INSTALL|DETAIL=a18f
0000000000000000000000000000000000000000000000000000000000000000|0000000000000000000000000000000000000000000000000000000000000000|0|3|rt4_TMB-5_A18F_0_0268.r24|2|1|RICH|760|0|2680|0000000000000000000000000000000000000000000000000000000000000000|DARK|1|760|DISP=ACCEPT_INSTALL|DETAIL=a18f
0000000000000000000000000000000000000000000000000000000000000000|0000000000000000000000000000000000000000000000000000000000000000|0|3|rt4_TMB-5_A18F_0_0269.r24|2|1|RICH|762|0|2680|0000000000000000000000000000000000000000000000000000000000000000|DARK|1|762|DISP=ACCEPT_INSTALL|DETAIL=a18f
0000000000000000000000000000000000000000000000000000000000000000|0000000000000000000000000000000000000000000000000000000000000000|0|3|rt4_TMB-5_A18F_0_0270.r24|2|1|RICH|706|0|3700|0000000000000000000000000000000000000000000000000000000000000000|DARK|1|706|DISP=ACCEPT_INSTALL|DETAIL=a18f
0000000000000000000000000000000000000000000000000000000000000000|0000000000000000000000000000000000000000000000000000000000000000|0|3|rt4_TMB-5_A18F_0_0271.r24|2|1|RICH|708|0|3700|0000000000000000000000000000000000000000000000000000000000000000|DARK|1|708|DISP=ACCEPT_INSTALL|DETAIL=a18f
0000000000000000000000000000000000000000000000000000000000000000|0000000000000000000000000000000000000000000000000000000000000000|0|3|rt4_TMB-5_A18F_0_0272.r24|2|1|RICH|710|0|3700|0000000000000000000000000000000000000000000000000000000000000000|DARK|1|710|DISP=ACCEPT_INSTALL|DETAIL=a18f
0000000000000000000000000000000000000000000000000000000000000000|0000000000000000000000000000000000000000000000000000000000000000|0|3|rt4_TMB-5_A18F_0_0273.r24|2|1|RICH|764|0|2680|0000000000000000000000000000000000000000000000000000000000000000|DARK|1|764|DISP=ACCEPT_INSTALL|DETAIL=a18f
0000000000000000000000000000000000000000000000000000000000000000|0000000000000000000000000000000000000000000000000000000000000000|0|3|rt4_TMB-5_A18F_0_0274.r24|2|1|RICH|766|0|2680|0000000000000000000000000000000000000000000000000000000000000000|DARK|1|766|DISP=ACCEPT_INSTALL|DETAIL=a18f
0000000000000000000000000000000000000000000000000000000000000000|0000000000000000000000000000000000000000000000000000000000000000|0|3|rt4_TMB-5_A18F_0_0275.r24|2|1|RICH|712|0|3700|0000000000000000000000000000000000000000000000000000000000000000|DARK|1|712|DISP=ACCEPT_INSTALL|DETAIL=a18f
0000000000000000000000000000000000000000000000000000000000000000|0000000000000000000000000000000000000000000000000000000000000000|0|3|rt4_TMB-5_A18F_0_0276.r24|2|1|RICH|714|0|3700|0000000000000000000000000000000000000000000000000000000000000000|DARK|1|714|DISP=ACCEPT_INSTALL|DETAIL=a18f
0000000000000000000000000000000000000000000000000000000000000000|0000000000000000000000000000000000000000000000000000000000000000|0|3|rt4_TMB-5_A18F_0_0277.r24|2|1|RICH|716|0|3700|0000000000000000000000000000000000000000000000000000000000000000|DARK|1|716|DISP=ACCEPT_INSTALL|DETAIL=a18f
0000000000000000000000000000000000000000000000000000000000000000|0000000000000000000000000000000000000000000000000000000000000000|0|3|rt4_TMB-5_A18F_0_0278.r24|2|1|RICH|768|0|2680|0000000000000000000000000000000000000000000000000000000000000000|DARK|1|768|DISP=ACCEPT_INSTALL|DETAIL=a18f
0000000000000000000000000000000000000000000000000000000000000000|0000000000000000000000000000000000000000000000000000000000000000|0|3|rt4_TMB-5_A18F_0_0279.r24|2|1|RICH|770|0|2680|0000000000000000000000000000000000000000000000000000000000000000|DARK|1|770|DISP=ACCEPT_INSTALL|DETAIL=a18f
0000000000000000000000000000000000000000000000000000000000000000|0000000000000000000000000000000000000000000000000000000000000000|0|3|rt4_TMB-5_A18F_0_0280.r24|2|1|RICH|718|0|3700|0000000000000000000000000000000000000000000000000000000000000000|DARK|1|718|DISP=ACCEPT_INSTALL|DETAIL=a18f
0000000000000000000000000000000000000000000000000000000000000000|0000000000000000000000000000000000000000000000000000000000000000|0|3|rt4_TMB-5_A18F_0_0281.r24|2|1|RICH|720|0|3700|0000000000000000000000000000000000000000000000000000000000000000|DARK|1|720|DISP=ACCEPT_INSTALL|DETAIL=a18f
0000000000000000000000000000000000000000000000000000000000000000|0000000000000000000000000000000000000000000000000000000000000000|0|3|rt4_TMB-5_A18F_0_0282.r24|2|1|RICH|722|0|3700|0000000000000000000000000000000000000000000000000000000000000000|DARK|1|722|DISP=ACCEPT_INSTALL|DETAIL=a18f
0000000000000000000000000000000000000000000000000000000000000000|0000000000000000000000000000000000000000000000000000000000000000|0|3|rt4_TMB-5_A18F_0_0283.r24|2|1|RICH|772|0|2680|0000000000000000000000000000000000000000000000000000000000000000|DARK|1|772|DISP=ACCEPT_INSTALL|DETAIL=a18f
0000000000000000000000000000000000000000000000000000000000000000|0000000000000000000000000000000000000000000000000000000000000000|0|3|rt4_TMB-5_A18F_0_0284.r24|2|1|RICH|774|0|2680|0000000000000000000000000000000000000000000000000000000000000000|DARK|1|774|DISP=ACCEPT_INSTALL|DETAIL=a18f
0000000000000000000000000000000000000000000000000000000000000000|0000000000000000000000000000000000000000000000000000000000000000|0|3|rt4_TMB-5_A18F_0_0285.r24|2|1|RICH|724|0|3700|0000000000000000000000000000000000000000000000000000000000000000|DARK|1|724|DISP=ACCEPT_INSTALL|DETAIL=a18f
0000000000000000000000000000000000000000000000000000000000000000|0000000000000000000000000000000000000000000000000000000000000000|0|3|rt4_TMB-5_A18F_0_0286.r24|2|1|RICH|726|0|3700|0000000000000000000000000000000000000000000000000000000000000000|DARK|1|726|DISP=ACCEPT_INSTALL|DETAIL=a18f
0000000000000000000000000000000000000000000000000000000000000000|0000000000000000000000000000000000000000000000000000000000000000|0|3|rt4_TMB-5_A18F_0_0287.r24|2|1|RICH|728|0|3700|0000000000000000000000000000000000000000000000000000000000000000|DARK|1|728|DISP=ACCEPT_INSTALL|DETAIL=a18f
0000000000000000000000000000000000000000000000000000000000000000|0000000000000000000000000000000000000000000000000000000000000000|0|3|rt4_TMB-5_A18F_0_0288.r24|2|1|RICH|776|0|2680|0000000000000000000000000000000000000000000000000000000000000000|DARK|1|776|DISP=ACCEPT_INSTALL|DETAIL=a18f
0000000000000000000000000000000000000000000000000000000000000000|0000000000000000000000000000000000000000000000000000000000000000|0|3|rt4_TMB-5_A18F_0_0289.r24|2|1|RICH|778|0|2680|0000000000000000000000000000000000000000000000000000000000000000|DARK|1|778|DISP=ACCEPT_INSTALL|DETAIL=a18f
0000000000000000000000000000000000000000000000000000000000000000|0000000000000000000000000000000000000000000000000000000000000000|0|3|rt4_TMB-5_A18F_0_0290.r24|2|1|RICH|730|0|3700|0000000000000000000000000000000000000000000000000000000000000000|DARK|1|730|DISP=ACCEPT_INSTALL|DETAIL=a18f
0000000000000000000000000000000000000000000000000000000000000000|0000000000000000000000000000000000000000000000000000000000000000|0|3|rt4_TMB-5_A18F_0_0291.r24|2|1|RICH|690|0|4200|0000000000000000000000000000000000000000000000000000000000000000|DARK|1|690|DISP=ACCEPT_INSTALL|DETAIL=a18f
0000000000000000000000000000000000000000000000000000000000000000|0000000000000000000000000000000000000000000000000000000000000000|0|3|rt4_TMB-5_A18F_0_0292.r24|2|1|RICH|692|0|4200|0000000000000000000000000000000000000000000000000000000000000000|DARK|1|692|DISP=ACCEPT_INSTALL|DETAIL=a18f
0000000000000000000000000000000000000000000000000000000000000000|0000000000000000000000000000000000000000000000000000000000000000|0|3|rt4_TMB-5_A18F_0_0293.r24|2|1|RICH|780|0|2680|0000000000000000000000000000000000000000000000000000000000000000|DARK|1|780|DISP=ACCEPT_INSTALL|DETAIL=a18f
0000000000000000000000000000000000000000000000000000000000000000|0000000000000000000000000000000000000000000000000000000000000000|0|3|rt4_TMB-5_A18F_0_0294.r24|2|1|RICH|782|0|2680|0000000000000000000000000000000000000000000000000000000000000000|DARK|1|782|DISP=ACCEPT_INSTALL|DETAIL=a18f
0000000000000000000000000000000000000000000000000000000000000000|0000000000000000000000000000000000000000000000000000000000000000|0|3|rt4_TMB-5_A18F_0_0295.r24|2|1|RICH|694|0|4200|0000000000000000000000000000000000000000000000000000000000000000|DARK|1|694|DISP=ACCEPT_INSTALL|DETAIL=a18f
0000000000000000000000000000000000000000000000000000000000000000|0000000000000000000000000000000000000000000000000000000000000000|0|3|rt4_TMB-5_A18F_0_0296.r24|2|1|RICH|696|0|4200|0000000000000000000000000000000000000000000000000000000000000000|DARK|1|696|DISP=ACCEPT_INSTALL|DETAIL=a18f
0000000000000000000000000000000000000000000000000000000000000000|0000000000000000000000000000000000000000000000000000000000000000|0|3|rt4_TMB-5_A18F_0_0297.r24|2|1|RICH|698|0|4200|0000000000000000000000000000000000000000000000000000000000000000|DARK|1|698|DISP=ACCEPT_INSTALL|DETAIL=a18f
0000000000000000000000000000000000000000000000000000000000000000|0000000000000000000000000000000000000000000000000000000000000000|0|3|rt4_TMB-5_A18F_0_0298.r24|2|1|RICH|784|0|2680|0000000000000000000000000000000000000000000000000000000000000000|DARK|1|784|DISP=ACCEPT_INSTALL|DETAIL=a18f
0000000000000000000000000000000000000000000000000000000000000000|0000000000000000000000000000000000000000000000000000000000000000|0|3|rt4_TMB-5_A18F_0_0299.r24|2|1|RICH|786|0|2680|0000000000000000000000000000000000000000000000000000000000000000|DARK|1|786|DISP=ACCEPT_INSTALL|DETAIL=a18f
0000000000000000000000000000000000000000000000000000000000000000|0000000000000000000000000000000000000000000000000000000000000000|0|3|rt4_TMB-5_A18F_0_0300.r24|2|1|RICH|700|0|4200|0000000000000000000000000000000000000000000000000000000000000000|DARK|1|700|DISP=ACCEPT_INSTALL|DETAIL=a18f
0000000000000000000000000000000000000000000000000000000000000000|0000000000000000000000000000000000000000000000000000000000000000|0|3|rt4_TMB-5_A18F_0_0301.r24|2|1|RICH|702|0|4200|0000000000000000000000000000000000000000000000000000000000000000|DARK|1|702|DISP=ACCEPT_INSTALL|DETAIL=a18f
0000000000000000000000000000000000000000000000000000000000000000|0000000000000000000000000000000000000000000000000000000000000000|0|3|rt4_TMB-5_A18F_0_0302.r24|2|1|RICH|704|0|4200|0000000000000000000000000000000000000000000000000000000000000000|DARK|1|704|DISP=ACCEPT_INSTALL|DETAIL=a18f
0000000000000000000000000000000000000000000000000000000000000000|0000000000000000000000000000000000000000000000000000000000000000|0|3|rt4_TMB-5_A18F_0_0303.r24|2|1|RICH|788|0|2680|0000000000000000000000000000000000000000000000000000000000000000|DARK|1|788|DISP=ACCEPT_INSTALL|DETAIL=a18f
0000000000000000000000000000000000000000000000000000000000000000|0000000000000000000000000000000000000000000000000000000000000000|0|3|rt4_TMB-5_A18F_0_0304.r24|2|1|RICH|790|0|2680|0000000000000000000000000000000000000000000000000000000000000000|DARK|1|790|DISP=ACCEPT_INSTALL|DETAIL=a18f
0000000000000000000000000000000000000000000000000000000000000000|0000000000000000000000000000000000000000000000000000000000000000|0|3|rt4_TMB-5_A18F_0_0305.r24|2|1|RICH|706|0|4200|0000000000000000000000000000000000000000000000000000000000000000|DARK|1|706|DISP=ACCEPT_INSTALL|DETAIL=a18f
0000000000000000000000000000000000000000000000000000000000000000|0000000000000000000000000000000000000000000000000000000000000000|0|3|rt4_TMB-5_A18F_0_0306.r24|2|1|RICH|708|0|4200|0000000000000000000000000000000000000000000000000000000000000000|DARK|1|708|DISP=ACCEPT_INSTALL|DETAIL=a18f
0000000000000000000000000000000000000000000000000000000000000000|0000000000000000000000000000000000000000000000000000000000000000|0|3|rt4_TMB-5_A18F_0_0307.r24|2|1|RICH|710|0|4200|0000000000000000000000000000000000000000000000000000000000000000|DARK|1|710|DISP=ACCEPT_INSTALL|DETAIL=a18f
0000000000000000000000000000000000000000000000000000000000000000|0000000000000000000000000000000000000000000000000000000000000000|0|3|rt4_TMB-5_A18F_0_0308.r24|2|1|RICH|792|0|2680|0000000000000000000000000000000000000000000000000000000000000000|DARK|1|792|DISP=ACCEPT_INSTALL|DETAIL=a18f
0000000000000000000000000000000000000000000000000000000000000000|0000000000000000000000000000000000000000000000000000000000000000|0|3|rt4_TMB-5_A18F_0_0309.r24|2|1|RICH|794|0|2680|0000000000000000000000000000000000000000000000000000000000000000|DARK|1|794|DISP=ACCEPT_INSTALL|DETAIL=a18f
0000000000000000000000000000000000000000000000000000000000000000|0000000000000000000000000000000000000000000000000000000000000000|0|3|rt4_TMB-5_A18F_0_0310.r24|2|1|RICH|712|0|4200|0000000000000000000000000000000000000000000000000000000000000000|DARK|1|712|DISP=ACCEPT_INSTALL|DETAIL=a18f
0000000000000000000000000000000000000000000000000000000000000000|0000000000000000000000000000000000000000000000000000000000000000|0|3|rt4_TMB-5_A18F_0_0311.r24|2|1|RICH|714|0|4200|0000000000000000000000000000000000000000000000000000000000000000|DARK|1|714|DISP=ACCEPT_INSTALL|DETAIL=a18f
0000000000000000000000000000000000000000000000000000000000000000|0000000000000000000000000000000000000000000000000000000000000000|0|3|rt4_TMB-5_A18F_0_0312.r24|2|1|RICH|716|0|4200|0000000000000000000000000000000000000000000000000000000000000000|DARK|1|716|DISP=ACCEPT_INSTALL|DETAIL=a18f
0000000000000000000000000000000000000000000000000000000000000000|0000000000000000000000000000000000000000000000000000000000000000|0|3|rt4_TMB-5_A18F_0_0313.r24|2|1|RICH|796|0|2680|0000000000000000000000000000000000000000000000000000000000000000|DARK|1|796|DISP=ACCEPT_INSTALL|DETAIL=a18f
0000000000000000000000000000000000000000000000000000000000000000|0000000000000000000000000000000000000000000000000000000000000000|0|3|rt4_TMB-5_A18F_0_0314.r24|2|1|RICH|798|0|2680|0000000000000000000000000000000000000000000000000000000000000000|DARK|1|798|DISP=ACCEPT_INSTALL|DETAIL=a18f
0000000000000000000000000000000000000000000000000000000000000000|0000000000000000000000000000000000000000000000000000000000000000|0|3|rt4_TMB-5_A18F_0_0315.r24|2|1|RICH|718|0|4200|0000000000000000000000000000000000000000000000000000000000000000|DARK|1|718|DISP=ACCEPT_INSTALL|DETAIL=a18f
0000000000000000000000000000000000000000000000000000000000000000|0000000000000000000000000000000000000000000000000000000000000000|0|3|rt4_TMB-5_A18F_0_0316.r24|2|1|RICH|720|0|4200|0000000000000000000000000000000000000000000000000000000000000000|DARK|1|720|DISP=ACCEPT_INSTALL|DETAIL=a18f
0000000000000000000000000000000000000000000000000000000000000000|0000000000000000000000000000000000000000000000000000000000000000|0|3|rt4_TMB-5_A18F_0_0317.r24|2|1|RICH|722|0|4200|0000000000000000000000000000000000000000000000000000000000000000|DARK|1|722|DISP=ACCEPT_INSTALL|DETAIL=a18f
0000000000000000000000000000000000000000000000000000000000000000|0000000000000000000000000000000000000000000000000000000000000000|0|3|rt4_TMB-5_A18F_0_0318.r24|2|1|RICH|800|0|2680|0000000000000000000000000000000000000000000000000000000000000000|DARK|1|800|DISP=ACCEPT_INSTALL|DETAIL=a18f
0000000000000000000000000000000000000000000000000000000000000000|0000000000000000000000000000000000000000000000000000000000000000|0|3|rt4_TMB-5_A18F_0_0319.r24|2|1|RICH|802|0|2680|0000000000000000000000000000000000000000000000000000000000000000|DARK|1|802|DISP=ACCEPT_INSTALL|DETAIL=a18f
0000000000000000000000000000000000000000000000000000000000000000|0000000000000000000000000000000000000000000000000000000000000000|0|3|rt4_TMB-5_A18F_0_0320.r24|2|1|RICH|724|0|4200|0000000000000000000000000000000000000000000000000000000000000000|DARK|1|724|DISP=ACCEPT_INSTALL|DETAIL=a18f
0000000000000000000000000000000000000000000000000000000000000000|0000000000000000000000000000000000000000000000000000000000000000|0|3|rt4_TMB-5_A18F_0_0321.r24|2|1|RICH|726|0|4200|0000000000000000000000000000000000000000000000000000000000000000|DARK|1|726|DISP=ACCEPT_INSTALL|DETAIL=a18f
0000000000000000000000000000000000000000000000000000000000000000|0000000000000000000000000000000000000000000000000000000000000000|0|3|rt4_TMB-5_A18F_0_0322.r24|2|1|RICH|728|0|4200|0000000000000000000000000000000000000000000000000000000000000000|DARK|1|728|DISP=ACCEPT_INSTALL|DETAIL=a18f
0000000000000000000000000000000000000000000000000000000000000000|0000000000000000000000000000000000000000000000000000000000000000|0|3|rt4_TMB-5_A18F_0_0323.r24|2|1|RICH|804|0|2680|0000000000000000000000000000000000000000000000000000000000000000|DARK|1|804|DISP=ACCEPT_INSTALL|DETAIL=a18f
0000000000000000000000000000000000000000000000000000000000000000|0000000000000000000000000000000000000000000000000000000000000000|0|3|rt4_TMB-5_A18F_0_0324.r24|2|1|RICH|806|0|2680|0000000000000000000000000000000000000000000000000000000000000000|DARK|1|806|DISP=ACCEPT_INSTALL|DETAIL=a18f
0000000000000000000000000000000000000000000000000000000000000000|0000000000000000000000000000000000000000000000000000000000000000|0|3|rt4_TMB-5_A18F_0_0325.r24|2|1|RICH|730|0|4200|0000000000000000000000000000000000000000000000000000000000000000|DARK|1|730|DISP=ACCEPT_INSTALL|DETAIL=a18f
0000000000000000000000000000000000000000000000000000000000000000|0000000000000000000000000000000000000000000000000000000000000000|0|3|rt4_TMB-5_A18F_0_0326.r24|2|1|RICH|690|0|2200|0000000000000000000000000000000000000000000000000000000000000000|DARK|1|690|DISP=ACCEPT_INSTALL|DETAIL=a18f
0000000000000000000000000000000000000000000000000000000000000000|0000000000000000000000000000000000000000000000000000000000000000|0|3|rt4_TMB-5_A18F_0_0327.r24|2|1|RICH|692|0|2200|0000000000000000000000000000000000000000000000000000000000000000|DARK|1|692|DISP=ACCEPT_INSTALL|DETAIL=a18f
0000000000000000000000000000000000000000000000000000000000000000|0000000000000000000000000000000000000000000000000000000000000000|0|3|rt4_TMB-5_A18F_0_0328.r24|2|1|RICH|808|0|2680|0000000000000000000000000000000000000000000000000000000000000000|DARK|1|808|DISP=ACCEPT_INSTALL|DETAIL=a18f
0000000000000000000000000000000000000000000000000000000000000000|0000000000000000000000000000000000000000000000000000000000000000|0|3|rt4_TMB-5_A18F_0_0329.r24|2|1|RICH|810|0|2680|0000000000000000000000000000000000000000000000000000000000000000|DARK|1|810|DISP=ACCEPT_INSTALL|DETAIL=a18f
0000000000000000000000000000000000000000000000000000000000000000|0000000000000000000000000000000000000000000000000000000000000000|0|3|rt4_TMB-5_A18F_0_0330.r24|2|1|RICH|694|0|2200|0000000000000000000000000000000000000000000000000000000000000000|DARK|1|694|DISP=ACCEPT_INSTALL|DETAIL=a18f
0000000000000000000000000000000000000000000000000000000000000000|0000000000000000000000000000000000000000000000000000000000000000|0|3|rt4_TMB-5_A18F_0_0331.r24|2|1|RICH|696|0|2200|0000000000000000000000000000000000000000000000000000000000000000|DARK|1|696|DISP=ACCEPT_INSTALL|DETAIL=a18f
0000000000000000000000000000000000000000000000000000000000000000|0000000000000000000000000000000000000000000000000000000000000000|0|3|rt4_TMB-5_A18F_0_0332.r24|2|1|RICH|698|0|2200|0000000000000000000000000000000000000000000000000000000000000000|DARK|1|698|DISP=ACCEPT_INSTALL|DETAIL=a18f
0000000000000000000000000000000000000000000000000000000000000000|0000000000000000000000000000000000000000000000000000000000000000|0|3|rt4_TMB-5_A18F_0_0333.r24|2|1|RICH|812|0|2680|0000000000000000000000000000000000000000000000000000000000000000|DARK|1|812|DISP=ACCEPT_INSTALL|DETAIL=a18f
0000000000000000000000000000000000000000000000000000000000000000|0000000000000000000000000000000000000000000000000000000000000000|0|3|rt4_TMB-5_A18F_0_0334.r24|2|1|RICH|814|0|2680|0000000000000000000000000000000000000000000000000000000000000000|DARK|1|814|DISP=ACCEPT_INSTALL|DETAIL=a18f
0000000000000000000000000000000000000000000000000000000000000000|0000000000000000000000000000000000000000000000000000000000000000|0|3|rt4_TMB-5_A18F_0_0335.r24|2|1|RICH|700|0|2200|0000000000000000000000000000000000000000000000000000000000000000|DARK|1|700|DISP=ACCEPT_INSTALL|DETAIL=a18f
0000000000000000000000000000000000000000000000000000000000000000|0000000000000000000000000000000000000000000000000000000000000000|0|3|rt4_TMB-5_A18F_0_0336.r24|2|1|RICH|702|0|2200|0000000000000000000000000000000000000000000000000000000000000000|DARK|1|702|DISP=ACCEPT_INSTALL|DETAIL=a18f
0000000000000000000000000000000000000000000000000000000000000000|0000000000000000000000000000000000000000000000000000000000000000|0|3|rt4_TMB-5_A18F_0_0337.r24|2|1|RICH|704|0|2200|0000000000000000000000000000000000000000000000000000000000000000|DARK|1|704|DISP=ACCEPT_INSTALL|DETAIL=a18f
0000000000000000000000000000000000000000000000000000000000000000|0000000000000000000000000000000000000000000000000000000000000000|0|3|rt4_TMB-5_A18F_0_0338.r24|2|1|RICH|816|0|2680|0000000000000000000000000000000000000000000000000000000000000000|DARK|1|816|DISP=ACCEPT_INSTALL|DETAIL=a18f
0000000000000000000000000000000000000000000000000000000000000000|0000000000000000000000000000000000000000000000000000000000000000|0|3|rt4_TMB-5_A18F_0_0339.r24|2|1|RICH|818|0|2680|0000000000000000000000000000000000000000000000000000000000000000|DARK|1|818|DISP=ACCEPT_INSTALL|DETAIL=a18f
0000000000000000000000000000000000000000000000000000000000000000|0000000000000000000000000000000000000000000000000000000000000000|0|3|rt4_TMB-5_A18F_0_0340.r24|2|1|RICH|706|0|2200|0000000000000000000000000000000000000000000000000000000000000000|DARK|1|706|DISP=ACCEPT_INSTALL|DETAIL=a18f
0000000000000000000000000000000000000000000000000000000000000000|0000000000000000000000000000000000000000000000000000000000000000|0|3|rt4_TMB-5_A18F_0_0341.r24|2|1|RICH|708|0|2200|0000000000000000000000000000000000000000000000000000000000000000|DARK|1|708|DISP=ACCEPT_INSTALL|DETAIL=a18f
0000000000000000000000000000000000000000000000000000000000000000|0000000000000000000000000000000000000000000000000000000000000000|0|3|rt4_TMB-5_A18F_0_0342.r24|2|1|RICH|710|0|2200|0000000000000000000000000000000000000000000000000000000000000000|DARK|1|710|DISP=ACCEPT_INSTALL|DETAIL=a18f
0000000000000000000000000000000000000000000000000000000000000000|0000000000000000000000000000000000000000000000000000000000000000|0|3|rt4_TMB-5_A18F_0_0343.r24|2|1|RICH|820|0|2680|0000000000000000000000000000000000000000000000000000000000000000|DARK|1|820|DISP=ACCEPT_INSTALL|DETAIL=a18f
0000000000000000000000000000000000000000000000000000000000000000|0000000000000000000000000000000000000000000000000000000000000000|0|3|rt4_TMB-5_A18F_0_0344.r24|2|1|RICH|822|0|2680|0000000000000000000000000000000000000000000000000000000000000000|DARK|1|822|DISP=ACCEPT_INSTALL|DETAIL=a18f
0000000000000000000000000000000000000000000000000000000000000000|0000000000000000000000000000000000000000000000000000000000000000|0|3|rt4_TMB-5_A18F_0_0345.r24|2|1|RICH|712|0|2200|0000000000000000000000000000000000000000000000000000000000000000|DARK|1|712|DISP=ACCEPT_INSTALL|DETAIL=a18f
0000000000000000000000000000000000000000000000000000000000000000|0000000000000000000000000000000000000000000000000000000000000000|0|3|rt4_TMB-5_A18F_0_0346.r24|2|1|RICH|714|0|2200|0000000000000000000000000000000000000000000000000000000000000000|DARK|1|714|DISP=ACCEPT_INSTALL|DETAIL=a18f
0000000000000000000000000000000000000000000000000000000000000000|0000000000000000000000000000000000000000000000000000000000000000|0|3|rt4_TMB-5_A18F_0_0347.r24|2|1|RICH|716|0|2200|0000000000000000000000000000000000000000000000000000000000000000|DARK|1|716|DISP=ACCEPT_INSTALL|DETAIL=a18f
0000000000000000000000000000000000000000000000000000000000000000|0000000000000000000000000000000000000000000000000000000000000000|0|3|rt4_TMB-5_A18F_0_0348.r24|2|1|RICH|824|0|2680|0000000000000000000000000000000000000000000000000000000000000000|DARK|1|824|DISP=ACCEPT_INSTALL|DETAIL=a18f
0000000000000000000000000000000000000000000000000000000000000000|0000000000000000000000000000000000000000000000000000000000000000|0|3|rt4_TMB-5_A18F_0_0349.r24|2|1|RICH|826|0|2680|0000000000000000000000000000000000000000000000000000000000000000|DARK|1|826|DISP=ACCEPT_INSTALL|DETAIL=a18f
0000000000000000000000000000000000000000000000000000000000000000|0000000000000000000000000000000000000000000000000000000000000000|0|3|rt4_TMB-5_A18F_0_0350.r24|2|1|RICH|718|0|2200|0000000000000000000000000000000000000000000000000000000000000000|DARK|1|718|DISP=ACCEPT_INSTALL|DETAIL=a18f
0000000000000000000000000000000000000000000000000000000000000000|0000000000000000000000000000000000000000000000000000000000000000|0|3|rt4_TMB-5_A18F_0_0351.r24|2|1|RICH|720|0|2200|0000000000000000000000000000000000000000000000000000000000000000|DARK|1|720|DISP=ACCEPT_INSTALL|DETAIL=a18f
0000000000000000000000000000000000000000000000000000000000000000|0000000000000000000000000000000000000000000000000000000000000000|0|3|rt4_TMB-5_A18F_0_0352.r24|2|1|RICH|722|0|2200|0000000000000000000000000000000000000000000000000000000000000000|DARK|1|722|DISP=ACCEPT_INSTALL|DETAIL=a18f
0000000000000000000000000000000000000000000000000000000000000000|0000000000000000000000000000000000000000000000000000000000000000|0|3|rt4_TMB-5_A18F_0_0353.r24|2|1|RICH|828|0|2680|0000000000000000000000000000000000000000000000000000000000000000|DARK|1|828|DISP=ACCEPT_INSTALL|DETAIL=a18f
0000000000000000000000000000000000000000000000000000000000000000|0000000000000000000000000000000000000000000000000000000000000000|0|3|rt4_TMB-5_A18F_0_0354.r24|2|1|RICH|830|0|2680|0000000000000000000000000000000000000000000000000000000000000000|DARK|1|830|DISP=ACCEPT_INSTALL|DETAIL=a18f
0000000000000000000000000000000000000000000000000000000000000000|0000000000000000000000000000000000000000000000000000000000000000|0|3|rt4_TMB-5_A18F_0_0355.r24|2|1|RICH|724|0|2200|0000000000000000000000000000000000000000000000000000000000000000|DARK|1|724|DISP=ACCEPT_INSTALL|DETAIL=a18f
0000000000000000000000000000000000000000000000000000000000000000|0000000000000000000000000000000000000000000000000000000000000000|0|3|rt4_TMB-5_A18F_0_0356.r24|2|1|RICH|726|0|2200|0000000000000000000000000000000000000000000000000000000000000000|DARK|1|726|DISP=ACCEPT_INSTALL|DETAIL=a18f
0000000000000000000000000000000000000000000000000000000000000000|0000000000000000000000000000000000000000000000000000000000000000|0|3|rt4_TMB-5_A18F_0_0357.r24|2|1|RICH|728|0|2200|0000000000000000000000000000000000000000000000000000000000000000|DARK|1|728|DISP=ACCEPT_INSTALL|DETAIL=a18f
0000000000000000000000000000000000000000000000000000000000000000|0000000000000000000000000000000000000000000000000000000000000000|0|3|rt4_TMB-5_A18F_0_0358.r24|2|1|RICH|832|0|2680|0000000000000000000000000000000000000000000000000000000000000000|DARK|1|832|DISP=ACCEPT_INSTALL|DETAIL=a18f
0000000000000000000000000000000000000000000000000000000000000000|0000000000000000000000000000000000000000000000000000000000000000|0|3|rt4_TMB-5_A18F_0_0359.r24|2|1|RICH|834|0|2680|0000000000000000000000000000000000000000000000000000000000000000|DARK|1|834|DISP=ACCEPT_INSTALL|DETAIL=a18f
0000000000000000000000000000000000000000000000000000000000000000|0000000000000000000000000000000000000000000000000000000000000000|0|3|rt4_TMB-5_A18F_0_0360.r24|2|1|RICH|730|0|2200|0000000000000000000000000000000000000000000000000000000000000000|DARK|1|730|DISP=ACCEPT_INSTALL|DETAIL=a18f
0000000000000000000000000000000000000000000000000000000000000000|0000000000000000000000000000000000000000000000000000000000000000|0|3|rt4_TMB-5_A18F_0_0361.r24|2|1|RICH|646|0|2700|0000000000000000000000000000000000000000000000000000000000000000|DARK|1|646|DISP=ACCEPT_INSTALL|DETAIL=a18f
0000000000000000000000000000000000000000000000000000000000000000|0000000000000000000000000000000000000000000000000000000000000000|0|3|rt4_TMB-5_A18F_0_0362.r24|2|1|RICH|648|0|2700|0000000000000000000000000000000000000000000000000000000000000000|DARK|1|648|DISP=ACCEPT_INSTALL|DETAIL=a18f
0000000000000000000000000000000000000000000000000000000000000000|0000000000000000000000000000000000000000000000000000000000000000|0|3|rt4_TMB-5_A18F_0_0363.r24|2|1|RICH|836|0|2680|0000000000000000000000000000000000000000000000000000000000000000|DARK|1|836|DISP=ACCEPT_INSTALL|DETAIL=a18f
0000000000000000000000000000000000000000000000000000000000000000|0000000000000000000000000000000000000000000000000000000000000000|0|3|rt4_TMB-5_A18F_0_0364.r24|2|1|RICH|838|0|2680|0000000000000000000000000000000000000000000000000000000000000000|DARK|1|838|DISP=ACCEPT_INSTALL|DETAIL=a18f
0000000000000000000000000000000000000000000000000000000000000000|0000000000000000000000000000000000000000000000000000000000000000|0|3|rt4_TMB-5_A18F_0_0365.r24|2|1|RICH|650|0|2700|0000000000000000000000000000000000000000000000000000000000000000|DARK|1|650|DISP=ACCEPT_INSTALL|DETAIL=a18f
0000000000000000000000000000000000000000000000000000000000000000|0000000000000000000000000000000000000000000000000000000000000000|0|3|rt4_TMB-5_A18F_0_0366.r24|2|1|RICH|652|0|2700|0000000000000000000000000000000000000000000000000000000000000000|DARK|1|652|DISP=ACCEPT_INSTALL|DETAIL=a18f
0000000000000000000000000000000000000000000000000000000000000000|0000000000000000000000000000000000000000000000000000000000000000|0|3|rt4_TMB-5_A18F_0_0367.r24|2|1|RICH|654|0|2700|0000000000000000000000000000000000000000000000000000000000000000|DARK|1|654|DISP=ACCEPT_INSTALL|DETAIL=a18f
0000000000000000000000000000000000000000000000000000000000000000|0000000000000000000000000000000000000000000000000000000000000000|0|3|rt4_TMB-5_A18F_0_0368.r24|2|1|RICH|840|0|2680|0000000000000000000000000000000000000000000000000000000000000000|DARK|1|840|DISP=ACCEPT_INSTALL|DETAIL=a18f
0000000000000000000000000000000000000000000000000000000000000000|0000000000000000000000000000000000000000000000000000000000000000|0|3|rt4_TMB-5_A18F_0_0369.r24|2|1|RICH|842|0|2680|0000000000000000000000000000000000000000000000000000000000000000|DARK|1|842|DISP=ACCEPT_INSTALL|DETAIL=a18f
0000000000000000000000000000000000000000000000000000000000000000|0000000000000000000000000000000000000000000000000000000000000000|0|3|rt4_TMB-5_A18F_0_0370.r24|2|1|RICH|656|0|2700|0000000000000000000000000000000000000000000000000000000000000000|DARK|1|656|DISP=ACCEPT_INSTALL|DETAIL=a18f
0000000000000000000000000000000000000000000000000000000000000000|0000000000000000000000000000000000000000000000000000000000000000|0|3|rt4_TMB-5_A18F_0_0371.r24|2|1|RICH|658|0|2700|0000000000000000000000000000000000000000000000000000000000000000|DARK|1|658|DISP=ACCEPT_INSTALL|DETAIL=a18f
0000000000000000000000000000000000000000000000000000000000000000|0000000000000000000000000000000000000000000000000000000000000000|0|3|rt4_TMB-5_A18F_0_0372.r24|2|1|RICH|660|0|2700|0000000000000000000000000000000000000000000000000000000000000000|DARK|1|660|DISP=ACCEPT_INSTALL|DETAIL=a18f
0000000000000000000000000000000000000000000000000000000000000000|0000000000000000000000000000000000000000000000000000000000000000|0|3|rt4_TMB-5_A18F_0_0373.r24|2|1|RICH|844|0|2680|0000000000000000000000000000000000000000000000000000000000000000|DARK|1|844|DISP=ACCEPT_INSTALL|DETAIL=a18f
0000000000000000000000000000000000000000000000000000000000000000|0000000000000000000000000000000000000000000000000000000000000000|0|3|rt4_TMB-5_A18F_0_0374.r24|2|1|RICH|846|0|2680|0000000000000000000000000000000000000000000000000000000000000000|DARK|1|846|DISP=ACCEPT_INSTALL|DETAIL=a18f
0000000000000000000000000000000000000000000000000000000000000000|0000000000000000000000000000000000000000000000000000000000000000|0|3|rt4_TMB-5_A18F_0_0375.r24|2|1|RICH|662|0|2700|0000000000000000000000000000000000000000000000000000000000000000|DARK|1|662|DISP=ACCEPT_INSTALL|DETAIL=a18f
0000000000000000000000000000000000000000000000000000000000000000|0000000000000000000000000000000000000000000000000000000000000000|0|3|rt4_TMB-5_A18F_0_0376.r24|2|1|RICH|664|0|2700|0000000000000000000000000000000000000000000000000000000000000000|DARK|1|664|DISP=ACCEPT_INSTALL|DETAIL=a18f
0000000000000000000000000000000000000000000000000000000000000000|0000000000000000000000000000000000000000000000000000000000000000|0|3|rt4_TMB-5_A18F_0_0377.r24|2|1|RICH|666|0|2700|0000000000000000000000000000000000000000000000000000000000000000|DARK|1|666|DISP=ACCEPT_INSTALL|DETAIL=a18f
0000000000000000000000000000000000000000000000000000000000000000|0000000000000000000000000000000000000000000000000000000000000000|0|3|rt4_TMB-5_A18F_0_0378.r24|2|1|RICH|848|0|2680|0000000000000000000000000000000000000000000000000000000000000000|DARK|1|848|DISP=ACCEPT_INSTALL|DETAIL=a18f
0000000000000000000000000000000000000000000000000000000000000000|0000000000000000000000000000000000000000000000000000000000000000|0|3|rt4_TMB-5_A18F_0_0379.r24|2|1|RICH|850|0|2680|0000000000000000000000000000000000000000000000000000000000000000|DARK|1|850|DISP=ACCEPT_INSTALL|DETAIL=a18f
0000000000000000000000000000000000000000000000000000000000000000|0000000000000000000000000000000000000000000000000000000000000000|0|3|rt4_TMB-5_A18F_0_0380.r24|2|1|RICH|668|0|2700|0000000000000000000000000000000000000000000000000000000000000000|DARK|1|668|DISP=ACCEPT_INSTALL|DETAIL=a18f
0000000000000000000000000000000000000000000000000000000000000000|0000000000000000000000000000000000000000000000000000000000000000|0|3|rt4_TMB-5_A18F_0_0381.r24|2|1|RICH|670|0|2700|0000000000000000000000000000000000000000000000000000000000000000|DARK|1|670|DISP=ACCEPT_INSTALL|DETAIL=a18f
0000000000000000000000000000000000000000000000000000000000000000|0000000000000000000000000000000000000000000000000000000000000000|0|3|rt4_TMB-5_A18F_0_0382.r24|2|1|RICH|672|0|2700|0000000000000000000000000000000000000000000000000000000000000000|DARK|1|672|DISP=ACCEPT_INSTALL|DETAIL=a18f
0000000000000000000000000000000000000000000000000000000000000000|0000000000000000000000000000000000000000000000000000000000000000|0|3|rt4_TMB-5_A18F_0_0383.r24|2|1|RICH|852|0|2680|0000000000000000000000000000000000000000000000000000000000000000|DARK|1|852|DISP=ACCEPT_INSTALL|DETAIL=a18f
0000000000000000000000000000000000000000000000000000000000000000|0000000000000000000000000000000000000000000000000000000000000000|0|3|rt4_TMB-5_A18F_0_0384.r24|2|1|RICH|854|0|2680|0000000000000000000000000000000000000000000000000000000000000000|DARK|1|854|DISP=ACCEPT_INSTALL|DETAIL=a18f
0000000000000000000000000000000000000000000000000000000000000000|0000000000000000000000000000000000000000000000000000000000000000|0|3|rt4_TMB-5_A18F_0_0385.r24|2|1|RICH|674|0|2700|0000000000000000000000000000000000000000000000000000000000000000|DARK|1|674|DISP=ACCEPT_INSTALL|DETAIL=a18f
0000000000000000000000000000000000000000000000000000000000000000|0000000000000000000000000000000000000000000000000000000000000000|0|3|rt4_TMB-5_A18F_0_0386.r24|2|1|RICH|676|0|2700|0000000000000000000000000000000000000000000000000000000000000000|DARK|1|676|DISP=ACCEPT_INSTALL|DETAIL=a18f
0000000000000000000000000000000000000000000000000000000000000000|0000000000000000000000000000000000000000000000000000000000000000|0|3|rt4_TMB-5_A18F_0_0387.r24|2|1|RICH|678|0|2700|0000000000000000000000000000000000000000000000000000000000000000|DARK|1|678|DISP=ACCEPT_INSTALL|DETAIL=a18f
0000000000000000000000000000000000000000000000000000000000000000|0000000000000000000000000000000000000000000000000000000000000000|0|3|rt4_TMB-5_A18F_0_0388.r24|2|1|RICH|856|0|2680|0000000000000000000000000000000000000000000000000000000000000000|DARK|1|856|DISP=ACCEPT_INSTALL|DETAIL=a18f
0000000000000000000000000000000000000000000000000000000000000000|0000000000000000000000000000000000000000000000000000000000000000|0|3|rt4_TMB-5_A18F_0_0389.r24|2|1|RICH|858|0|2680|0000000000000000000000000000000000000000000000000000000000000000|DARK|1|858|DISP=ACCEPT_INSTALL|DETAIL=a18f
0000000000000000000000000000000000000000000000000000000000000000|0000000000000000000000000000000000000000000000000000000000000000|0|3|rt4_TMB-5_A18F_0_0390.r24|2|1|RICH|680|0|2700|0000000000000000000000000000000000000000000000000000000000000000|DARK|1|680|DISP=ACCEPT_INSTALL|DETAIL=a18f
0000000000000000000000000000000000000000000000000000000000000000|0000000000000000000000000000000000000000000000000000000000000000|0|3|rt4_TMB-5_A18F_0_0391.r24|2|1|RICH|682|0|2700|0000000000000000000000000000000000000000000000000000000000000000|DARK|1|682|DISP=ACCEPT_INSTALL|DETAIL=a18f
0000000000000000000000000000000000000000000000000000000000000000|0000000000000000000000000000000000000000000000000000000000000000|0|3|rt4_TMB-5_A18F_0_0392.r24|2|1|RICH|684|0|2700|0000000000000000000000000000000000000000000000000000000000000000|DARK|1|684|DISP=ACCEPT_INSTALL|DETAIL=a18f
0000000000000000000000000000000000000000000000000000000000000000|0000000000000000000000000000000000000000000000000000000000000000|0|3|rt4_TMB-5_A18F_0_0393.r24|2|1|RICH|860|0|2680|0000000000000000000000000000000000000000000000000000000000000000|DARK|1|860|DISP=ACCEPT_INSTALL|DETAIL=a18f
0000000000000000000000000000000000000000000000000000000000000000|0000000000000000000000000000000000000000000000000000000000000000|0|3|rt4_TMB-5_A18F_0_0394.r24|2|1|RICH|862|0|2680|0000000000000000000000000000000000000000000000000000000000000000|DARK|1|862|DISP=ACCEPT_INSTALL|DETAIL=a18f
0000000000000000000000000000000000000000000000000000000000000000|0000000000000000000000000000000000000000000000000000000000000000|0|3|rt4_TMB-5_A18F_0_0395.r24|2|1|RICH|686|0|2700|0000000000000000000000000000000000000000000000000000000000000000|DARK|1|686|DISP=ACCEPT_INSTALL|DETAIL=a18f
0000000000000000000000000000000000000000000000000000000000000000|0000000000000000000000000000000000000000000000000000000000000000|0|3|rt4_TMB-5_A18F_0_0396.r24|2|1|RICH|688|0|2700|0000000000000000000000000000000000000000000000000000000000000000|DARK|1|688|DISP=ACCEPT_INSTALL|DETAIL=a18f
0000000000000000000000000000000000000000000000000000000000000000|0000000000000000000000000000000000000000000000000000000000000000|0|3|rt4_TMB-5_A18F_0_0397.r24|2|1|RICH|690|0|2700|0000000000000000000000000000000000000000000000000000000000000000|DARK|1|690|DISP=ACCEPT_INSTALL|DETAIL=a18f
0000000000000000000000000000000000000000000000000000000000000000|0000000000000000000000000000000000000000000000000000000000000000|0|3|rt4_TMB-5_A18F_0_0398.r24|2|1|RICH|864|0|2680|0000000000000000000000000000000000000000000000000000000000000000|DARK|1|864|DISP=ACCEPT_INSTALL|DETAIL=a18f
0000000000000000000000000000000000000000000000000000000000000000|0000000000000000000000000000000000000000000000000000000000000000|0|3|rt4_TMB-5_A18F_0_0399.r24|2|1|RICH|866|0|2680|0000000000000000000000000000000000000000000000000000000000000000|DARK|1|866|DISP=ACCEPT_INSTALL|DETAIL=a18f
0000000000000000000000000000000000000000000000000000000000000000|0000000000000000000000000000000000000000000000000000000000000000|0|3|rt4_TMB-5_A18F_0_0400.r24|2|1|RICH|692|0|2700|0000000000000000000000000000000000000000000000000000000000000000|DARK|1|692|DISP=ACCEPT_INSTALL|DETAIL=a18f
0000000000000000000000000000000000000000000000000000000000000000|0000000000000000000000000000000000000000000000000000000000000000|0|3|rt4_TMB-5_A18F_0_0401.r24|2|1|RICH|694|0|2700|0000000000000000000000000000000000000000000000000000000000000000|DARK|1|694|DISP=ACCEPT_INSTALL|DETAIL=a18f
0000000000000000000000000000000000000000000000000000000000000000|0000000000000000000000000000000000000000000000000000000000000000|0|3|rt4_TMB-5_A18F_0_0402.r24|2|1|RICH|696|0|2700|0000000000000000000000000000000000000000000000000000000000000000|DARK|1|696|DISP=ACCEPT_INSTALL|DETAIL=a18f
0000000000000000000000000000000000000000000000000000000000000000|0000000000000000000000000000000000000000000000000000000000000000|0|3|rt4_TMB-5_A18F_0_0403.r24|2|1|RICH|868|0|2680|0000000000000000000000000000000000000000000000000000000000000000|DARK|1|868|DISP=ACCEPT_INSTALL|DETAIL=a18f
0000000000000000000000000000000000000000000000000000000000000000|0000000000000000000000000000000000000000000000000000000000000000|0|3|rt4_TMB-5_A18F_0_0404.r24|2|1|RICH|624|0|2690|0000000000000000000000000000000000000000000000000000000000000000|DARK|1|624|DISP=ACCEPT_INSTALL|DETAIL=a18f
0000000000000000000000000000000000000000000000000000000000000000|0000000000000000000000000000000000000000000000000000000000000000|0|3|rt4_TMB-5_A18F_0_0405.r24|2|1|RICH|698|0|2700|0000000000000000000000000000000000000000000000000000000000000000|DARK|1|698|DISP=ACCEPT_INSTALL|DETAIL=a18f
0000000000000000000000000000000000000000000000000000000000000000|0000000000000000000000000000000000000000000000000000000000000000|0|3|rt4_TMB-5_A18F_0_0406.r24|2|1|RICH|700|0|2700|0000000000000000000000000000000000000000000000000000000000000000|DARK|1|700|DISP=ACCEPT_INSTALL|DETAIL=a18f
0000000000000000000000000000000000000000000000000000000000000000|0000000000000000000000000000000000000000000000000000000000000000|0|3|rt4_TMB-5_A18F_0_0407.r24|2|1|RICH|702|0|2700|0000000000000000000000000000000000000000000000000000000000000000|DARK|1|702|DISP=ACCEPT_INSTALL|DETAIL=a18f
0000000000000000000000000000000000000000000000000000000000000000|0000000000000000000000000000000000000000000000000000000000000000|0|3|rt4_TMB-5_A18F_0_0408.r24|2|1|RICH|626|0|2690|0000000000000000000000000000000000000000000000000000000000000000|DARK|1|626|DISP=ACCEPT_INSTALL|DETAIL=a18f
0000000000000000000000000000000000000000000000000000000000000000|0000000000000000000000000000000000000000000000000000000000000000|0|3|rt4_TMB-5_A18F_0_0409.r24|2|1|RICH|628|0|2690|0000000000000000000000000000000000000000000000000000000000000000|DARK|1|628|DISP=ACCEPT_INSTALL|DETAIL=a18f
0000000000000000000000000000000000000000000000000000000000000000|0000000000000000000000000000000000000000000000000000000000000000|0|3|rt4_TMB-5_A18F_0_0410.r24|2|1|RICH|704|0|2700|0000000000000000000000000000000000000000000000000000000000000000|DARK|1|704|DISP=ACCEPT_INSTALL|DETAIL=a18f
0000000000000000000000000000000000000000000000000000000000000000|0000000000000000000000000000000000000000000000000000000000000000|0|3|rt4_TMB-5_A18F_0_0411.r24|2|1|RICH|706|0|2700|0000000000000000000000000000000000000000000000000000000000000000|DARK|1|706|DISP=ACCEPT_INSTALL|DETAIL=a18f
0000000000000000000000000000000000000000000000000000000000000000|0000000000000000000000000000000000000000000000000000000000000000|0|3|rt4_TMB-5_A18F_0_0412.r24|2|1|RICH|708|0|2700|0000000000000000000000000000000000000000000000000000000000000000|DARK|1|708|DISP=ACCEPT_INSTALL|DETAIL=a18f
0000000000000000000000000000000000000000000000000000000000000000|0000000000000000000000000000000000000000000000000000000000000000|0|3|rt4_TMB-5_A18F_0_0413.r24|2|1|RICH|630|0|2690|0000000000000000000000000000000000000000000000000000000000000000|DARK|1|630|DISP=ACCEPT_INSTALL|DETAIL=a18f
0000000000000000000000000000000000000000000000000000000000000000|0000000000000000000000000000000000000000000000000000000000000000|0|3|rt4_TMB-5_A18F_0_0414.r24|2|1|RICH|632|0|2690|0000000000000000000000000000000000000000000000000000000000000000|DARK|1|632|DISP=ACCEPT_INSTALL|DETAIL=a18f
0000000000000000000000000000000000000000000000000000000000000000|0000000000000000000000000000000000000000000000000000000000000000|0|3|rt4_TMB-5_A18F_0_0415.r24|2|1|RICH|710|0|2700|0000000000000000000000000000000000000000000000000000000000000000|DARK|1|710|DISP=ACCEPT_INSTALL|DETAIL=a18f
0000000000000000000000000000000000000000000000000000000000000000|0000000000000000000000000000000000000000000000000000000000000000|0|3|rt4_TMB-5_A18F_0_0416.r24|2|1|RICH|712|0|2700|0000000000000000000000000000000000000000000000000000000000000000|DARK|1|712|DISP=ACCEPT_INSTALL|DETAIL=a18f
0000000000000000000000000000000000000000000000000000000000000000|0000000000000000000000000000000000000000000000000000000000000000|0|3|rt4_TMB-5_A18F_0_0417.r24|2|1|RICH|714|0|2700|0000000000000000000000000000000000000000000000000000000000000000|DARK|1|714|DISP=ACCEPT_INSTALL|DETAIL=a18f
0000000000000000000000000000000000000000000000000000000000000000|0000000000000000000000000000000000000000000000000000000000000000|0|3|rt4_TMB-5_A18F_0_0418.r24|2|1|RICH|634|0|2690|0000000000000000000000000000000000000000000000000000000000000000|DARK|1|634|DISP=ACCEPT_INSTALL|DETAIL=a18f
0000000000000000000000000000000000000000000000000000000000000000|0000000000000000000000000000000000000000000000000000000000000000|0|3|rt4_TMB-5_A18F_0_0419.r24|2|1|RICH|636|0|2690|0000000000000000000000000000000000000000000000000000000000000000|DARK|1|636|DISP=ACCEPT_INSTALL|DETAIL=a18f
0000000000000000000000000000000000000000000000000000000000000000|0000000000000000000000000000000000000000000000000000000000000000|0|3|rt4_TMB-5_A18F_0_0420.r24|2|1|RICH|716|0|2700|0000000000000000000000000000000000000000000000000000000000000000|DARK|1|716|DISP=ACCEPT_INSTALL|DETAIL=a18f
0000000000000000000000000000000000000000000000000000000000000000|0000000000000000000000000000000000000000000000000000000000000000|0|3|rt4_TMB-5_A18F_0_0421.r24|2|1|RICH|718|0|2700|0000000000000000000000000000000000000000000000000000000000000000|DARK|1|718|DISP=ACCEPT_INSTALL|DETAIL=a18f
0000000000000000000000000000000000000000000000000000000000000000|0000000000000000000000000000000000000000000000000000000000000000|0|3|rt4_TMB-5_A18F_0_0422.r24|2|1|RICH|720|0|2700|0000000000000000000000000000000000000000000000000000000000000000|DARK|1|720|DISP=ACCEPT_INSTALL|DETAIL=a18f
0000000000000000000000000000000000000000000000000000000000000000|0000000000000000000000000000000000000000000000000000000000000000|0|3|rt4_TMB-5_A18F_0_0423.r24|2|1|RICH|638|0|2690|0000000000000000000000000000000000000000000000000000000000000000|DARK|1|638|DISP=ACCEPT_INSTALL|DETAIL=a18f
0000000000000000000000000000000000000000000000000000000000000000|0000000000000000000000000000000000000000000000000000000000000000|0|3|rt4_TMB-5_A18F_0_0424.r24|2|1|RICH|640|0|2690|0000000000000000000000000000000000000000000000000000000000000000|DARK|1|640|DISP=ACCEPT_INSTALL|DETAIL=a18f
0000000000000000000000000000000000000000000000000000000000000000|0000000000000000000000000000000000000000000000000000000000000000|0|3|rt4_TMB-5_A18F_0_0425.r24|2|1|RICH|722|0|2700|0000000000000000000000000000000000000000000000000000000000000000|DARK|1|722|DISP=ACCEPT_INSTALL|DETAIL=a18f
0000000000000000000000000000000000000000000000000000000000000000|0000000000000000000000000000000000000000000000000000000000000000|0|3|rt4_TMB-5_A18F_0_0426.r24|2|1|RICH|724|0|2700|0000000000000000000000000000000000000000000000000000000000000000|DARK|1|724|DISP=ACCEPT_INSTALL|DETAIL=a18f
0000000000000000000000000000000000000000000000000000000000000000|0000000000000000000000000000000000000000000000000000000000000000|0|3|rt4_TMB-5_A18F_0_0427.r24|2|1|RICH|726|0|2700|0000000000000000000000000000000000000000000000000000000000000000|DARK|1|726|DISP=ACCEPT_INSTALL|DETAIL=a18f
0000000000000000000000000000000000000000000000000000000000000000|0000000000000000000000000000000000000000000000000000000000000000|0|3|rt4_TMB-5_A18F_0_0428.r24|2|1|RICH|642|0|2690|0000000000000000000000000000000000000000000000000000000000000000|DARK|1|642|DISP=ACCEPT_INSTALL|DETAIL=a18f
0000000000000000000000000000000000000000000000000000000000000000|0000000000000000000000000000000000000000000000000000000000000000|0|3|rt4_TMB-5_A18F_0_0429.r24|2|1|RICH|644|0|2690|0000000000000000000000000000000000000000000000000000000000000000|DARK|1|644|DISP=ACCEPT_INSTALL|DETAIL=a18f
0000000000000000000000000000000000000000000000000000000000000000|0000000000000000000000000000000000000000000000000000000000000000|0|3|rt4_TMB-5_A18F_0_0430.r24|2|1|RICH|728|0|2700|0000000000000000000000000000000000000000000000000000000000000000|DARK|1|728|DISP=ACCEPT_INSTALL|DETAIL=a18f
0000000000000000000000000000000000000000000000000000000000000000|0000000000000000000000000000000000000000000000000000000000000000|0|3|rt4_TMB-5_A18F_0_0431.r24|2|1|RICH|730|0|2700|0000000000000000000000000000000000000000000000000000000000000000|DARK|1|730|DISP=ACCEPT_INSTALL|DETAIL=a18f
0000000000000000000000000000000000000000000000000000000000000000|0000000000000000000000000000000000000000000000000000000000000000|0|3|rt4_TMB-5_A18F_0_0432.r24|2|1|RICH|732|0|2700|0000000000000000000000000000000000000000000000000000000000000000|DARK|1|732|DISP=ACCEPT_INSTALL|DETAIL=a18f
0000000000000000000000000000000000000000000000000000000000000000|0000000000000000000000000000000000000000000000000000000000000000|0|3|rt4_TMB-5_A18F_0_0433.r24|2|1|RICH|646|0|2690|0000000000000000000000000000000000000000000000000000000000000000|DARK|1|646|DISP=ACCEPT_INSTALL|DETAIL=a18f
0000000000000000000000000000000000000000000000000000000000000000|0000000000000000000000000000000000000000000000000000000000000000|0|3|rt4_TMB-5_A18F_0_0434.r24|2|1|RICH|648|0|2690|0000000000000000000000000000000000000000000000000000000000000000|DARK|1|648|DISP=ACCEPT_INSTALL|DETAIL=a18f
0000000000000000000000000000000000000000000000000000000000000000|0000000000000000000000000000000000000000000000000000000000000000|0|3|rt4_TMB-5_A18F_0_0435.r24|2|1|RICH|734|0|2700|0000000000000000000000000000000000000000000000000000000000000000|DARK|1|734|DISP=ACCEPT_INSTALL|DETAIL=a18f
0000000000000000000000000000000000000000000000000000000000000000|0000000000000000000000000000000000000000000000000000000000000000|0|3|rt4_TMB-5_A18F_0_0436.r24|2|1|RICH|736|0|2700|0000000000000000000000000000000000000000000000000000000000000000|DARK|1|736|DISP=ACCEPT_INSTALL|DETAIL=a18f
0000000000000000000000000000000000000000000000000000000000000000|0000000000000000000000000000000000000000000000000000000000000000|0|3|rt4_TMB-5_A18F_0_0437.r24|2|1|RICH|738|0|2700|0000000000000000000000000000000000000000000000000000000000000000|DARK|1|738|DISP=ACCEPT_INSTALL|DETAIL=a18f
0000000000000000000000000000000000000000000000000000000000000000|0000000000000000000000000000000000000000000000000000000000000000|0|3|rt4_TMB-5_A18F_0_0438.r24|2|1|RICH|650|0|2690|0000000000000000000000000000000000000000000000000000000000000000|DARK|1|650|DISP=ACCEPT_INSTALL|DETAIL=a18f
0000000000000000000000000000000000000000000000000000000000000000|0000000000000000000000000000000000000000000000000000000000000000|0|3|rt4_TMB-5_A18F_0_0439.r24|2|1|RICH|652|0|2690|0000000000000000000000000000000000000000000000000000000000000000|DARK|1|652|DISP=ACCEPT_INSTALL|DETAIL=a18f
0000000000000000000000000000000000000000000000000000000000000000|0000000000000000000000000000000000000000000000000000000000000000|0|3|rt4_TMB-5_A18F_0_0440.r24|2|1|RICH|740|0|2700|0000000000000000000000000000000000000000000000000000000000000000|DARK|1|740|DISP=ACCEPT_INSTALL|DETAIL=a18f
0000000000000000000000000000000000000000000000000000000000000000|0000000000000000000000000000000000000000000000000000000000000000|0|3|rt4_TMB-5_A18F_0_0441.r24|2|1|RICH|742|0|2700|0000000000000000000000000000000000000000000000000000000000000000|DARK|1|742|DISP=ACCEPT_INSTALL|DETAIL=a18f
0000000000000000000000000000000000000000000000000000000000000000|0000000000000000000000000000000000000000000000000000000000000000|0|3|rt4_TMB-5_A18F_0_0442.r24|2|1|RICH|744|0|2700|0000000000000000000000000000000000000000000000000000000000000000|DARK|1|744|DISP=ACCEPT_INSTALL|DETAIL=a18f
0000000000000000000000000000000000000000000000000000000000000000|0000000000000000000000000000000000000000000000000000000000000000|0|3|rt4_TMB-5_A18F_0_0443.r24|2|1|RICH|654|0|2690|0000000000000000000000000000000000000000000000000000000000000000|DARK|1|654|DISP=ACCEPT_INSTALL|DETAIL=a18f
0000000000000000000000000000000000000000000000000000000000000000|0000000000000000000000000000000000000000000000000000000000000000|0|3|rt4_TMB-5_A18F_0_0444.r24|2|1|RICH|656|0|2690|0000000000000000000000000000000000000000000000000000000000000000|DARK|1|656|DISP=ACCEPT_INSTALL|DETAIL=a18f
0000000000000000000000000000000000000000000000000000000000000000|0000000000000000000000000000000000000000000000000000000000000000|0|3|rt4_TMB-5_A18F_0_0445.r24|2|1|RICH|746|0|2700|0000000000000000000000000000000000000000000000000000000000000000|DARK|1|746|DISP=ACCEPT_INSTALL|DETAIL=a18f
0000000000000000000000000000000000000000000000000000000000000000|0000000000000000000000000000000000000000000000000000000000000000|0|3|rt4_TMB-5_A18F_0_0446.r24|2|1|RICH|748|0|2700|0000000000000000000000000000000000000000000000000000000000000000|DARK|1|748|DISP=ACCEPT_INSTALL|DETAIL=a18f
0000000000000000000000000000000000000000000000000000000000000000|0000000000000000000000000000000000000000000000000000000000000000|0|3|rt4_TMB-5_A18F_0_0447.r24|2|1|RICH|750|0|2700|0000000000000000000000000000000000000000000000000000000000000000|DARK|1|750|DISP=ACCEPT_INSTALL|DETAIL=a18f
0000000000000000000000000000000000000000000000000000000000000000|0000000000000000000000000000000000000000000000000000000000000000|0|3|rt4_TMB-5_A18F_0_0448.r24|2|1|RICH|658|0|2690|0000000000000000000000000000000000000000000000000000000000000000|DARK|1|658|DISP=ACCEPT_INSTALL|DETAIL=a18f
0000000000000000000000000000000000000000000000000000000000000000|0000000000000000000000000000000000000000000000000000000000000000|0|3|rt4_TMB-5_A18F_0_0449.r24|2|1|RICH|660|0|2690|0000000000000000000000000000000000000000000000000000000000000000|DARK|1|660|DISP=ACCEPT_INSTALL|DETAIL=a18f
0000000000000000000000000000000000000000000000000000000000000000|0000000000000000000000000000000000000000000000000000000000000000|0|3|rt4_TMB-5_A18F_0_0450.r24|2|1|RICH|752|0|2700|0000000000000000000000000000000000000000000000000000000000000000|DARK|1|752|DISP=ACCEPT_INSTALL|DETAIL=a18f
0000000000000000000000000000000000000000000000000000000000000000|0000000000000000000000000000000000000000000000000000000000000000|0|3|rt4_TMB-5_A18F_0_0451.r24|2|1|RICH|754|0|2700|0000000000000000000000000000000000000000000000000000000000000000|DARK|1|754|DISP=ACCEPT_INSTALL|DETAIL=a18f
0000000000000000000000000000000000000000000000000000000000000000|0000000000000000000000000000000000000000000000000000000000000000|0|3|rt4_TMB-5_A18F_0_0452.r24|2|1|RICH|756|0|2700|0000000000000000000000000000000000000000000000000000000000000000|DARK|1|756|DISP=ACCEPT_INSTALL|DETAIL=a18f
0000000000000000000000000000000000000000000000000000000000000000|0000000000000000000000000000000000000000000000000000000000000000|0|3|rt4_TMB-5_A18F_0_0453.r24|2|1|RICH|662|0|2690|0000000000000000000000000000000000000000000000000000000000000000|DARK|1|662|DISP=ACCEPT_INSTALL|DETAIL=a18f
0000000000000000000000000000000000000000000000000000000000000000|0000000000000000000000000000000000000000000000000000000000000000|0|3|rt4_TMB-5_A18F_0_0454.r24|2|1|RICH|664|0|2690|0000000000000000000000000000000000000000000000000000000000000000|DARK|1|664|DISP=ACCEPT_INSTALL|DETAIL=a18f
0000000000000000000000000000000000000000000000000000000000000000|0000000000000000000000000000000000000000000000000000000000000000|0|3|rt4_TMB-5_A18F_0_0455.r24|2|1|RICH|758|0|2700|0000000000000000000000000000000000000000000000000000000000000000|DARK|1|758|DISP=ACCEPT_INSTALL|DETAIL=a18f
0000000000000000000000000000000000000000000000000000000000000000|0000000000000000000000000000000000000000000000000000000000000000|0|3|rt4_TMB-5_A18F_0_0456.r24|2|1|RICH|760|0|2700|0000000000000000000000000000000000000000000000000000000000000000|DARK|1|760|DISP=ACCEPT_INSTALL|DETAIL=a18f
0000000000000000000000000000000000000000000000000000000000000000|0000000000000000000000000000000000000000000000000000000000000000|0|3|rt4_TMB-5_A18F_0_0457.r24|2|1|RICH|762|0|2700|0000000000000000000000000000000000000000000000000000000000000000|DARK|1|762|DISP=ACCEPT_INSTALL|DETAIL=a18f
0000000000000000000000000000000000000000000000000000000000000000|0000000000000000000000000000000000000000000000000000000000000000|0|3|rt4_TMB-5_A18F_0_0458.r24|2|1|RICH|666|0|2690|0000000000000000000000000000000000000000000000000000000000000000|DARK|1|666|DISP=ACCEPT_INSTALL|DETAIL=a18f
0000000000000000000000000000000000000000000000000000000000000000|0000000000000000000000000000000000000000000000000000000000000000|0|3|rt4_TMB-5_A18F_0_0459.r24|2|1|RICH|668|0|2690|0000000000000000000000000000000000000000000000000000000000000000|DARK|1|668|DISP=ACCEPT_INSTALL|DETAIL=a18f
0000000000000000000000000000000000000000000000000000000000000000|0000000000000000000000000000000000000000000000000000000000000000|0|3|rt4_TMB-5_A18F_0_0460.r24|2|1|RICH|764|0|2700|0000000000000000000000000000000000000000000000000000000000000000|DARK|1|764|DISP=ACCEPT_INSTALL|DETAIL=a18f
0000000000000000000000000000000000000000000000000000000000000000|0000000000000000000000000000000000000000000000000000000000000000|0|3|rt4_TMB-5_A18F_0_0461.r24|2|1|RICH|766|0|2700|0000000000000000000000000000000000000000000000000000000000000000|DARK|1|766|DISP=ACCEPT_INSTALL|DETAIL=a18f
0000000000000000000000000000000000000000000000000000000000000000|0000000000000000000000000000000000000000000000000000000000000000|0|3|rt4_TMB-5_A18F_0_0462.r24|2|1|RICH|768|0|2700|0000000000000000000000000000000000000000000000000000000000000000|DARK|1|768|DISP=ACCEPT_INSTALL|DETAIL=a18f
0000000000000000000000000000000000000000000000000000000000000000|0000000000000000000000000000000000000000000000000000000000000000|0|3|rt4_TMB-5_A18F_0_0463.r24|2|1|RICH|670|0|2690|0000000000000000000000000000000000000000000000000000000000000000|DARK|1|670|DISP=ACCEPT_INSTALL|DETAIL=a18f
0000000000000000000000000000000000000000000000000000000000000000|0000000000000000000000000000000000000000000000000000000000000000|0|3|rt4_TMB-5_A18F_0_0464.r24|2|1|RICH|672|0|2690|0000000000000000000000000000000000000000000000000000000000000000|DARK|1|672|DISP=ACCEPT_INSTALL|DETAIL=a18f
0000000000000000000000000000000000000000000000000000000000000000|0000000000000000000000000000000000000000000000000000000000000000|0|3|rt4_TMB-5_A18F_0_0465.r24|2|1|RICH|770|0|2700|0000000000000000000000000000000000000000000000000000000000000000|DARK|1|770|DISP=ACCEPT_INSTALL|DETAIL=a18f
0000000000000000000000000000000000000000000000000000000000000000|0000000000000000000000000000000000000000000000000000000000000000|0|3|rt4_TMB-5_A18F_0_0466.r24|2|1|RICH|772|0|2700|0000000000000000000000000000000000000000000000000000000000000000|DARK|1|772|DISP=ACCEPT_INSTALL|DETAIL=a18f
0000000000000000000000000000000000000000000000000000000000000000|0000000000000000000000000000000000000000000000000000000000000000|0|3|rt4_TMB-5_A18F_0_0467.r24|2|1|RICH|774|0|2700|0000000000000000000000000000000000000000000000000000000000000000|DARK|1|774|DISP=ACCEPT_INSTALL|DETAIL=a18f
0000000000000000000000000000000000000000000000000000000000000000|0000000000000000000000000000000000000000000000000000000000000000|0|3|rt4_TMB-5_A18F_0_0468.r24|2|1|RICH|674|0|2690|0000000000000000000000000000000000000000000000000000000000000000|DARK|1|674|DISP=ACCEPT_INSTALL|DETAIL=a18f
0000000000000000000000000000000000000000000000000000000000000000|0000000000000000000000000000000000000000000000000000000000000000|0|3|rt4_TMB-5_A18F_0_0469.r24|2|1|RICH|676|0|2690|0000000000000000000000000000000000000000000000000000000000000000|DARK|1|676|DISP=ACCEPT_INSTALL|DETAIL=a18f
0000000000000000000000000000000000000000000000000000000000000000|0000000000000000000000000000000000000000000000000000000000000000|0|3|rt4_TMB-5_A18F_0_0470.r24|2|1|RICH|776|0|2700|0000000000000000000000000000000000000000000000000000000000000000|DARK|1|776|DISP=ACCEPT_INSTALL|DETAIL=a18f
0000000000000000000000000000000000000000000000000000000000000000|0000000000000000000000000000000000000000000000000000000000000000|0|3|rt4_TMB-5_A18F_0_0471.r24|2|1|RICH|778|0|2700|0000000000000000000000000000000000000000000000000000000000000000|DARK|1|778|DISP=ACCEPT_INSTALL|DETAIL=a18f
0000000000000000000000000000000000000000000000000000000000000000|0000000000000000000000000000000000000000000000000000000000000000|0|3|rt4_TMB-5_A18F_0_0472.r24|2|1|RICH|780|0|2700|0000000000000000000000000000000000000000000000000000000000000000|DARK|1|780|DISP=ACCEPT_INSTALL|DETAIL=a18f
0000000000000000000000000000000000000000000000000000000000000000|0000000000000000000000000000000000000000000000000000000000000000|0|3|rt4_TMB-5_A18F_0_0473.r24|2|1|RICH|678|0|2690|0000000000000000000000000000000000000000000000000000000000000000|DARK|1|678|DISP=ACCEPT_INSTALL|DETAIL=a18f
0000000000000000000000000000000000000000000000000000000000000000|0000000000000000000000000000000000000000000000000000000000000000|0|3|rt4_TMB-5_A18F_0_0474.r24|2|1|RICH|680|0|2690|0000000000000000000000000000000000000000000000000000000000000000|DARK|1|680|DISP=ACCEPT_INSTALL|DETAIL=a18f
0000000000000000000000000000000000000000000000000000000000000000|0000000000000000000000000000000000000000000000000000000000000000|0|3|rt4_TMB-5_A18F_0_0475.r24|2|1|RICH|782|0|2700|0000000000000000000000000000000000000000000000000000000000000000|DARK|1|782|DISP=ACCEPT_INSTALL|DETAIL=a18f
0000000000000000000000000000000000000000000000000000000000000000|0000000000000000000000000000000000000000000000000000000000000000|0|3|rt4_TMB-5_A18F_0_0476.r24|2|1|RICH|784|0|2700|0000000000000000000000000000000000000000000000000000000000000000|DARK|1|784|DISP=ACCEPT_INSTALL|DETAIL=a18f
0000000000000000000000000000000000000000000000000000000000000000|0000000000000000000000000000000000000000000000000000000000000000|0|3|rt4_TMB-5_A18F_0_0477.r24|2|1|RICH|786|0|2700|0000000000000000000000000000000000000000000000000000000000000000|DARK|1|786|DISP=ACCEPT_INSTALL|DETAIL=a18f
0000000000000000000000000000000000000000000000000000000000000000|0000000000000000000000000000000000000000000000000000000000000000|0|3|rt4_TMB-5_A18F_0_0478.r24|2|1|RICH|682|0|2690|0000000000000000000000000000000000000000000000000000000000000000|DARK|1|682|DISP=ACCEPT_INSTALL|DETAIL=a18f
0000000000000000000000000000000000000000000000000000000000000000|0000000000000000000000000000000000000000000000000000000000000000|0|3|rt4_TMB-5_A18F_0_0479.r24|2|1|RICH|684|0|2690|0000000000000000000000000000000000000000000000000000000000000000|DARK|1|684|DISP=ACCEPT_INSTALL|DETAIL=a18f
0000000000000000000000000000000000000000000000000000000000000000|0000000000000000000000000000000000000000000000000000000000000000|0|3|rt4_TMB-5_A18F_0_0480.r24|2|1|RICH|788|0|2700|0000000000000000000000000000000000000000000000000000000000000000|DARK|1|788|DISP=ACCEPT_INSTALL|DETAIL=a18f
0000000000000000000000000000000000000000000000000000000000000000|0000000000000000000000000000000000000000000000000000000000000000|0|3|rt4_TMB-5_A18F_0_0481.r24|2|1|RICH|790|0|2700|0000000000000000000000000000000000000000000000000000000000000000|DARK|1|790|DISP=ACCEPT_INSTALL|DETAIL=a18f
0000000000000000000000000000000000000000000000000000000000000000|0000000000000000000000000000000000000000000000000000000000000000|0|3|rt4_TMB-5_A18F_0_0482.r24|2|1|RICH|792|0|2700|0000000000000000000000000000000000000000000000000000000000000000|DARK|1|792|DISP=ACCEPT_INSTALL|DETAIL=a18f
0000000000000000000000000000000000000000000000000000000000000000|0000000000000000000000000000000000000000000000000000000000000000|0|3|rt4_TMB-5_A18F_0_0483.r24|2|1|RICH|686|0|2690|0000000000000000000000000000000000000000000000000000000000000000|DARK|1|686|DISP=ACCEPT_INSTALL|DETAIL=a18f
0000000000000000000000000000000000000000000000000000000000000000|0000000000000000000000000000000000000000000000000000000000000000|0|3|rt4_TMB-5_A18F_0_0484.r24|2|1|RICH|688|0|2690|0000000000000000000000000000000000000000000000000000000000000000|DARK|1|688|DISP=ACCEPT_INSTALL|DETAIL=a18f
0000000000000000000000000000000000000000000000000000000000000000|0000000000000000000000000000000000000000000000000000000000000000|0|3|rt4_TMB-5_A18F_0_0485.r24|2|1|RICH|794|0|2700|0000000000000000000000000000000000000000000000000000000000000000|DARK|1|794|DISP=ACCEPT_INSTALL|DETAIL=a18f
0000000000000000000000000000000000000000000000000000000000000000|0000000000000000000000000000000000000000000000000000000000000000|0|3|rt4_TMB-5_A18F_0_0486.r24|2|1|RICH|796|0|2700|0000000000000000000000000000000000000000000000000000000000000000|DARK|1|796|DISP=ACCEPT_INSTALL|DETAIL=a18f
0000000000000000000000000000000000000000000000000000000000000000|0000000000000000000000000000000000000000000000000000000000000000|0|3|rt4_TMB-5_A18F_0_0487.r24|2|1|RICH|798|0|2700|0000000000000000000000000000000000000000000000000000000000000000|DARK|1|798|DISP=ACCEPT_INSTALL|DETAIL=a18f
0000000000000000000000000000000000000000000000000000000000000000|0000000000000000000000000000000000000000000000000000000000000000|0|3|rt4_TMB-5_A18F_0_0488.r24|2|1|RICH|690|0|2690|0000000000000000000000000000000000000000000000000000000000000000|DARK|1|690|DISP=ACCEPT_INSTALL|DETAIL=a18f
0000000000000000000000000000000000000000000000000000000000000000|0000000000000000000000000000000000000000000000000000000000000000|0|3|rt4_TMB-5_A18F_0_0489.r24|2|1|RICH|692|0|2690|0000000000000000000000000000000000000000000000000000000000000000|DARK|1|692|DISP=ACCEPT_INSTALL|DETAIL=a18f
0000000000000000000000000000000000000000000000000000000000000000|0000000000000000000000000000000000000000000000000000000000000000|0|3|rt4_TMB-5_A18F_0_0490.r24|2|1|RICH|800|0|2700|0000000000000000000000000000000000000000000000000000000000000000|DARK|1|800|DISP=ACCEPT_INSTALL|DETAIL=a18f
0000000000000000000000000000000000000000000000000000000000000000|0000000000000000000000000000000000000000000000000000000000000000|0|3|rt4_TMB-5_A18F_0_0491.r24|2|1|RICH|802|0|2700|0000000000000000000000000000000000000000000000000000000000000000|DARK|1|802|DISP=ACCEPT_INSTALL|DETAIL=a18f
0000000000000000000000000000000000000000000000000000000000000000|0000000000000000000000000000000000000000000000000000000000000000|0|3|rt4_TMB-5_A18F_0_0492.r24|2|1|RICH|804|0|2700|0000000000000000000000000000000000000000000000000000000000000000|DARK|1|804|DISP=ACCEPT_INSTALL|DETAIL=a18f
0000000000000000000000000000000000000000000000000000000000000000|0000000000000000000000000000000000000000000000000000000000000000|0|3|rt4_TMB-5_A18F_0_0493.r24|2|1|RICH|694|0|2690|0000000000000000000000000000000000000000000000000000000000000000|DARK|1|694|DISP=ACCEPT_INSTALL|DETAIL=a18f
0000000000000000000000000000000000000000000000000000000000000000|0000000000000000000000000000000000000000000000000000000000000000|0|3|rt4_TMB-5_A18F_0_0494.r24|2|1|RICH|696|0|2690|0000000000000000000000000000000000000000000000000000000000000000|DARK|1|696|DISP=ACCEPT_INSTALL|DETAIL=a18f
0000000000000000000000000000000000000000000000000000000000000000|0000000000000000000000000000000000000000000000000000000000000000|0|3|rt4_TMB-5_A18F_0_0495.r24|2|1|RICH|806|0|2700|0000000000000000000000000000000000000000000000000000000000000000|DARK|1|806|DISP=ACCEPT_INSTALL|DETAIL=a18f
0000000000000000000000000000000000000000000000000000000000000000|0000000000000000000000000000000000000000000000000000000000000000|0|3|rt4_TMB-5_A18F_0_0496.r24|2|1|RICH|808|0|2700|0000000000000000000000000000000000000000000000000000000000000000|DARK|1|808|DISP=ACCEPT_INSTALL|DETAIL=a18f
0000000000000000000000000000000000000000000000000000000000000000|0000000000000000000000000000000000000000000000000000000000000000|0|3|rt4_TMB-5_A18F_0_0497.r24|2|1|RICH|810|0|2700|0000000000000000000000000000000000000000000000000000000000000000|DARK|1|810|DISP=ACCEPT_INSTALL|DETAIL=a18f
0000000000000000000000000000000000000000000000000000000000000000|0000000000000000000000000000000000000000000000000000000000000000|0|3|rt4_TMB-5_A18F_0_0498.r24|2|1|RICH|698|0|2690|0000000000000000000000000000000000000000000000000000000000000000|DARK|1|698|DISP=ACCEPT_INSTALL|DETAIL=a18f
0000000000000000000000000000000000000000000000000000000000000000|0000000000000000000000000000000000000000000000000000000000000000|0|3|rt4_TMB-5_A18F_0_0499.r24|2|1|RICH|700|0|2690|0000000000000000000000000000000000000000000000000000000000000000|DARK|1|700|DISP=ACCEPT_INSTALL|DETAIL=a18f
