0000000000000000000000000000000000000000000000000000000000000000|0000000000000000000000000000000000000000000000000000000000000000|0|3|rt4_TMB-5_MAP_g_5000.r24|2|1|RICH|698|0|2720|0000000000000000000000000000000000000000000000000000000000000000|RICH|1|698|DISP=ACCEPT_INSTALL|DETAIL=map
0000000000000000000000000000000000000000000000000000000000000000|0000000000000000000000000000000000000000000000000000000000000000|0|3|rt4_TMB-5_MAP_g_5001.r24|2|1|RICH|698|0|2730|0000000000000000000000000000000000000000000000000000000000000000|RICH|1|698|DISP=ACCEPT_INSTALL|DETAIL=map
0000000000000000000000000000000000000000000000000000000000000000|0000000000000000000000000000000000000000000000000000000000000000|0|3|rt4_TMB-5_MAP_g_5002.r24|2|1|RICH|698|0|2740|0000000000000000000000000000000000000000000000000000000000000000|RICH|1|698|DISP=ACCEPT_INSTALL|DETAIL=map
0000000000000000000000000000000000000000000000000000000000000000|0000000000000000000000000000000000000000000000000000000000000000|0|3|rt4_TMB-5_MAP_g_5003.r24|2|1|RICH|698|0|2750|0000000000000000000000000000000000000000000000000000000000000000|RICH|1|698|DISP=ACCEPT_INSTALL|DETAIL=map
0000000000000000000000000000000000000000000000000000000000000000|0000000000000000000000000000000000000000000000000000000000000000|0|3|rt4_TMB-5_MAP_g_5004.r24|2|1|RICH|698|0|2760|0000000000000000000000000000000000000000000000000000000000000000|RICH|1|698|DISP=ACCEPT_INSTALL|DETAIL=map
0000000000000000000000000000000000000000000000000000000000000000|0000000000000000000000000000000000000000000000000000000000000000|0|3|rt4_TMB-5_MAP_g_5005.r24|2|1|RICH|698|0|2770|0000000000000000000000000000000000000000000000000000000000000000|RICH|1|698|DISP=ACCEPT_INSTALL|DETAIL=map
0000000000000000000000000000000000000000000000000000000000000000|0000000000000000000000000000000000000000000000000000000000000000|0|3|rt4_TMB-5_MAP_g_5006.r24|2|1|RICH|698|0|2780|0000000000000000000000000000000000000000000000000000000000000000|RICH|1|698|DISP=ACCEPT_INSTALL|DETAIL=map
0000000000000000000000000000000000000000000000000000000000000000|0000000000000000000000000000000000000000000000000000000000000000|0|3|rt4_TMB-5_MAP_g_5007.r24|2|1|RICH|698|0|2790|0000000000000000000000000000000000000000000000000000000000000000|RICH|1|698|DISP=ACCEPT_INSTALL|DETAIL=map
0000000000000000000000000000000000000000000000000000000000000000|0000000000000000000000000000000000000000000000000000000000000000|0|3|rt4_TMB-5_MAP_g_5008.r24|2|1|RICH|698|0|2800|0000000000000000000000000000000000000000000000000000000000000000|RICH|1|698|DISP=ACCEPT_INSTALL|DETAIL=map
0000000000000000000000000000000000000000000000000000000000000000|0000000000000000000000000000000000000000000000000000000000000000|0|3|rt4_TMB-5_MAP_g_5009.r24|2|1|RICH|698|0|2810|0000000000000000000000000000000000000000000000000000000000000000|RICH|1|698|DISP=ACCEPT_INSTALL|DETAIL=map
0000000000000000000000000000000000000000000000000000000000000000|0000000000000000000000000000000000000000000000000000000000000000|0|3|rt4_TMB-5_MAP_g_5010.r24|2|1|RICH|698|0|2820|0000000000000000000000000000000000000000000000000000000000000000|RICH|1|698|DISP=ACCEPT_INSTALL|DETAIL=map
0000000000000000000000000000000000000000000000000000000000000000|0000000000000000000000000000000000000000000000000000000000000000|0|3|rt4_TMB-5_MAP_g_5011.r24|2|1|RICH|698|0|2830|0000000000000000000000000000000000000000000000000000000000000000|RICH|1|698|DISP=ACCEPT_INSTALL|DETAIL=map
0000000000000000000000000000000000000000000000000000000000000000|0000000000000000000000000000000000000000000000000000000000000000|0|3|rt4_TMB-5_MAP_g_5012.r24|2|1|RICH|698|0|2840|0000000000000000000000000000000000000000000000000000000000000000|RICH|1|698|DISP=ACCEPT_INSTALL|DETAIL=map
0000000000000000000000000000000000000000000000000000000000000000|0000000000000000000000000000000000000000000000000000000000000000|0|3|rt4_TMB-5_MAP_g_5013.r24|2|1|RICH|698|0|2850|0000000000000000000000000000000000000000000000000000000000000000|RICH|1|698|DISP=ACCEPT_INSTALL|DETAIL=map
0000000000000000000000000000000000000000000000000000000000000000|0000000000000000000000000000000000000000000000000000000000000000|0|3|rt4_TMB-5_MAP_g_5014.r24|2|1|RICH|698|0|2860|0000000000000000000000000000000000000000000000000000000000000000|RICH|1|698|DISP=ACCEPT_INSTALL|DETAIL=map
0000000000000000000000000000000000000000000000000000000000000000|0000000000000000000000000000000000000000000000000000000000000000|0|3|rt4_TMB-5_MAP_g_5015.r24|2|1|RICH|698|0|2870|0000000000000000000000000000000000000000000000000000000000000000|RICH|1|698|DISP=ACCEPT_INSTALL|DETAIL=map
0000000000000000000000000000000000000000000000000000000000000000|0000000000000000000000000000000000000000000000000000000000000000|0|3|rt4_TMB-5_MAP_g_5016.r24|2|1|RICH|698|0|2880|0000000000000000000000000000000000000000000000000000000000000000|RICH|1|698|DISP=ACCEPT_INSTALL|DETAIL=map
0000000000000000000000000000000000000000000000000000000000000000|0000000000000000000000000000000000000000000000000000000000000000|0|3|rt4_TMB-5_MAP_g_5017.r24|2|1|RICH|698|0|2890|0000000000000000000000000000000000000000000000000000000000000000|RICH|1|698|DISP=ACCEPT_INSTALL|DETAIL=map
0000000000000000000000000000000000000000000000000000000000000000|0000000000000000000000000000000000000000000000000000000000000000|0|3|rt4_TMB-5_MAP_g_5018.r24|2|1|RICH|698|0|2900|0000000000000000000000000000000000000000000000000000000000000000|RICH|1|698|DISP=ACCEPT_INSTALL|DETAIL=map
0000000000000000000000000000000000000000000000000000000000000000|0000000000000000000000000000000000000000000000000000000000000000|0|3|rt4_TMB-5_MAP_g_5019.r24|2|1|RICH|698|0|2920|0000000000000000000000000000000000000000000000000000000000000000|RICH|1|698|DISP=ACCEPT_INSTALL|DETAIL=map
0000000000000000000000000000000000000000000000000000000000000000|0000000000000000000000000000000000000000000000000000000000000000|0|3|rt4_TMB-5_MAP_g_5020.r24|2|1|RICH|698|0|2940|0000000000000000000000000000000000000000000000000000000000000000|RICH|1|698|DISP=ACCEPT_INSTALL|DETAIL=map
0000000000000000000000000000000000000000000000000000000000000000|0000000000000000000000000000000000000000000000000000000000000000|0|3|rt4_TMB-5_MAP_g_5021.r24|2|1|RICH|698|0|2960|0000000000000000000000000000000000000000000000000000000000000000|RICH|1|698|DISP=ACCEPT_INSTALL|DETAIL=map
0000000000000000000000000000000000000000000000000000000000000000|0000000000000000000000000000000000000000000000000000000000000000|0|3|rt4_TMB-5_MAP_g_5022.r24|2|1|RICH|698|0|2980|0000000000000000000000000000000000000000000000000000000000000000|RICH|1|698|DISP=ACCEPT_INSTALL|DETAIL=map
0000000000000000000000000000000000000000000000000000000000000000|0000000000000000000000000000000000000000000000000000000000000000|0|3|rt4_TMB-5_MAP_g_5023.r24|2|1|RICH|698|0|3000|0000000000000000000000000000000000000000000000000000000000000000|RICH|1|698|DISP=ACCEPT_INSTALL|DETAIL=map
0000000000000000000000000000000000000000000000000000000000000000|0000000000000000000000000000000000000000000000000000000000000000|0|3|rt4_TMB-5_MAP_g_5024.r24|2|1|RICH|698|0|3020|0000000000000000000000000000000000000000000000000000000000000000|RICH|1|698|DISP=ACCEPT_INSTALL|DETAIL=map
0000000000000000000000000000000000000000000000000000000000000000|0000000000000000000000000000000000000000000000000000000000000000|0|3|rt4_TMB-5_MAP_g_5025.r24|2|1|RICH|698|0|3040|0000000000000000000000000000000000000000000000000000000000000000|RICH|1|698|DISP=ACCEPT_INSTALL|DETAIL=map
0000000000000000000000000000000000000000000000000000000000000000|0000000000000000000000000000000000000000000000000000000000000000|0|3|rt4_TMB-5_MAP_g_5026.r24|2|1|RICH|698|0|3060|0000000000000000000000000000000000000000000000000000000000000000|RICH|1|698|DISP=ACCEPT_INSTALL|DETAIL=map
0000000000000000000000000000000000000000000000000000000000000000|0000000000000000000000000000000000000000000000000000000000000000|0|3|rt4_TMB-5_MAP_g_5027.r24|2|1|RICH|698|0|3080|0000000000000000000000000000000000000000000000000000000000000000|RICH|1|698|DISP=ACCEPT_INSTALL|DETAIL=map
0000000000000000000000000000000000000000000000000000000000000000|0000000000000000000000000000000000000000000000000000000000000000|0|3|rt4_TMB-5_MAP_g_5028.r24|2|1|RICH|698|0|3100|0000000000000000000000000000000000000000000000000000000000000000|RICH|1|698|DISP=ACCEPT_INSTALL|DETAIL=map
0000000000000000000000000000000000000000000000000000000000000000|0000000000000000000000000000000000000000000000000000000000000000|0|3|rt4_TMB-5_MAP_g_5029.r24|2|1|RICH|698|0|3120|0000000000000000000000000000000000000000000000000000000000000000|RICH|1|698|DISP=ACCEPT_INSTALL|DETAIL=map
0000000000000000000000000000000000000000000000000000000000000000|0000000000000000000000000000000000000000000000000000000000000000|0|3|rt4_TMB-5_MAP_g_5030.r24|2|1|RICH|698|0|3140|0000000000000000000000000000000000000000000000000000000000000000|RICH|1|698|DISP=ACCEPT_INSTALL|DETAIL=map
0000000000000000000000000000000000000000000000000000000000000000|0000000000000000000000000000000000000000000000000000000000000000|0|3|rt4_TMB-5_MAP_g_5031.r24|2|1|RICH|698|0|3160|0000000000000000000000000000000000000000000000000000000000000000|RICH|1|698|DISP=ACCEPT_INSTALL|DETAIL=map
0000000000000000000000000000000000000000000000000000000000000000|0000000000000000000000000000000000000000000000000000000000000000|0|3|rt4_TMB-5_MAP_g_5032.r24|2|1|RICH|698|0|3180|0000000000000000000000000000000000000000000000000000000000000000|RICH|1|698|DISP=ACCEPT_INSTALL|DETAIL=map
0000000000000000000000000000000000000000000000000000000000000000|0000000000000000000000000000000000000000000000000000000000000000|0|3|rt4_TMB-5_MAP_g_5033.r24|2|1|RICH|698|0|3200|0000000000000000000000000000000000000000000000000000000000000000|RICH|1|698|DISP=ACCEPT_INSTALL|DETAIL=map
0000000000000000000000000000000000000000000000000000000000000000|0000000000000000000000000000000000000000000000000000000000000000|0|3|rt4_TMB-5_MAP_g_5034.r24|2|1|RICH|698|0|3220|0000000000000000000000000000000000000000000000000000000000000000|RICH|1|698|DISP=ACCEPT_INSTALL|DETAIL=map
0000000000000000000000000000000000000000000000000000000000000000|0000000000000000000000000000000000000000000000000000000000000000|0|3|rt4_TMB-5_MAP_g_5035.r24|2|1|RICH|698|0|3240|0000000000000000000000000000000000000000000000000000000000000000|RICH|1|698|DISP=ACCEPT_INSTALL|DETAIL=map
0000000000000000000000000000000000000000000000000000000000000000|0000000000000000000000000000000000000000000000000000000000000000|0|3|rt4_TMB-5_MAP_g_5036.r24|2|1|RICH|698|0|3260|0000000000000000000000000000000000000000000000000000000000000000|RICH|1|698|DISP=ACCEPT_INSTALL|DETAIL=map
0000000000000000000000000000000000000000000000000000000000000000|0000000000000000000000000000000000000000000000000000000000000000|0|3|rt4_TMB-5_MAP_g_5037.r24|2|1|RICH|698|0|3280|0000000000000000000000000000000000000000000000000000000000000000|RICH|1|698|DISP=ACCEPT_INSTALL|DETAIL=map
0000000000000000000000000000000000000000000000000000000000000000|0000000000000000000000000000000000000000000000000000000000000000|0|3|rt4_TMB-5_MAP_g_5038.r24|2|1|RICH|698|0|3300|0000000000000000000000000000000000000000000000000000000000000000|RICH|1|698|DISP=ACCEPT_INSTALL|DETAIL=map
0000000000000000000000000000000000000000000000000000000000000000|0000000000000000000000000000000000000000000000000000000000000000|0|3|rt4_TMB-5_MAP_g_5039.r24|2|1|RICH|698|0|3320|0000000000000000000000000000000000000000000000000000000000000000|RICH|1|698|DISP=ACCEPT_INSTALL|DETAIL=map
0000000000000000000000000000000000000000000000000000000000000000|0000000000000000000000000000000000000000000000000000000000000000|0|3|rt4_TMB-5_MAP_g_5040.r24|2|1|RICH|698|0|3340|0000000000000000000000000000000000000000000000000000000000000000|RICH|1|698|DISP=ACCEPT_INSTALL|DETAIL=map
0000000000000000000000000000000000000000000000000000000000000000|0000000000000000000000000000000000000000000000000000000000000000|0|3|rt4_TMB-5_MAP_g_5041.r24|2|1|RICH|698|0|3360|0000000000000000000000000000000000000000000000000000000000000000|RICH|1|698|DISP=ACCEPT_INSTALL|DETAIL=map
0000000000000000000000000000000000000000000000000000000000000000|0000000000000000000000000000000000000000000000000000000000000000|0|3|rt4_TMB-5_MAP_g_5042.r24|2|1|RICH|698|0|3380|0000000000000000000000000000000000000000000000000000000000000000|RICH|1|698|DISP=ACCEPT_INSTALL|DETAIL=map
0000000000000000000000000000000000000000000000000000000000000000|0000000000000000000000000000000000000000000000000000000000000000|0|3|rt4_TMB-5_MAP_g_5043.r24|2|1|RICH|698|0|3400|0000000000000000000000000000000000000000000000000000000000000000|RICH|1|698|DISP=ACCEPT_INSTALL|DETAIL=map
0000000000000000000000000000000000000000000000000000000000000000|0000000000000000000000000000000000000000000000000000000000000000|0|3|rt4_TMB-5_MAP_g_5044.r24|2|1|RICH|698|0|3420|0000000000000000000000000000000000000000000000000000000000000000|RICH|1|698|DISP=ACCEPT_INSTALL|DETAIL=map
0000000000000000000000000000000000000000000000000000000000000000|0000000000000000000000000000000000000000000000000000000000000000|0|3|rt4_TMB-5_MAP_g_5045.r24|2|1|RICH|698|0|3440|0000000000000000000000000000000000000000000000000000000000000000|RICH|1|698|DISP=ACCEPT_INSTALL|DETAIL=map
0000000000000000000000000000000000000000000000000000000000000000|0000000000000000000000000000000000000000000000000000000000000000|0|3|rt4_TMB-5_MAP_g_5046.r24|2|1|RICH|698|0|3460|0000000000000000000000000000000000000000000000000000000000000000|RICH|1|698|DISP=ACCEPT_INSTALL|DETAIL=map
0000000000000000000000000000000000000000000000000000000000000000|0000000000000000000000000000000000000000000000000000000000000000|0|3|rt4_TMB-5_MAP_g_5047.r24|2|1|RICH|698|0|3480|0000000000000000000000000000000000000000000000000000000000000000|RICH|1|698|DISP=ACCEPT_INSTALL|DETAIL=map
0000000000000000000000000000000000000000000000000000000000000000|0000000000000000000000000000000000000000000000000000000000000000|0|3|rt4_TMB-5_MAP_g_5048.r24|2|1|RICH|698|0|3500|0000000000000000000000000000000000000000000000000000000000000000|RICH|1|698|DISP=ACCEPT_INSTALL|DETAIL=map
0000000000000000000000000000000000000000000000000000000000000000|0000000000000000000000000000000000000000000000000000000000000000|0|3|rt4_TMB-5_MAP_g_5049.r24|2|1|RICH|698|0|3520|0000000000000000000000000000000000000000000000000000000000000000|RICH|1|698|DISP=ACCEPT_INSTALL|DETAIL=map
0000000000000000000000000000000000000000000000000000000000000000|0000000000000000000000000000000000000000000000000000000000000000|0|3|rt4_TMB-5_MAP_g_5050.r24|2|1|RICH|698|0|3540|0000000000000000000000000000000000000000000000000000000000000000|RICH|1|698|DISP=ACCEPT_INSTALL|DETAIL=map
0000000000000000000000000000000000000000000000000000000000000000|0000000000000000000000000000000000000000000000000000000000000000|0|3|rt4_TMB-5_MAP_g_5051.r24|2|1|RICH|698|0|3560|0000000000000000000000000000000000000000000000000000000000000000|RICH|1|698|DISP=ACCEPT_INSTALL|DETAIL=map
0000000000000000000000000000000000000000000000000000000000000000|0000000000000000000000000000000000000000000000000000000000000000|0|3|rt4_TMB-5_MAP_g_5052.r24|2|1|RICH|698|0|3580|0000000000000000000000000000000000000000000000000000000000000000|RICH|1|698|DISP=ACCEPT_INSTALL|DETAIL=map
0000000000000000000000000000000000000000000000000000000000000000|0000000000000000000000000000000000000000000000000000000000000000|0|3|rt4_TMB-5_MAP_g_5053.r24|2|1|RICH|698|0|3600|0000000000000000000000000000000000000000000000000000000000000000|RICH|1|698|DISP=ACCEPT_INSTALL|DETAIL=map
0000000000000000000000000000000000000000000000000000000000000000|0000000000000000000000000000000000000000000000000000000000000000|0|3|rt4_TMB-5_MAP_g_5054.r24|2|1|RICH|698|0|3620|0000000000000000000000000000000000000000000000000000000000000000|RICH|1|698|DISP=ACCEPT_INSTALL|DETAIL=map
0000000000000000000000000000000000000000000000000000000000000000|0000000000000000000000000000000000000000000000000000000000000000|0|3|rt4_TMB-5_MAP_g_5055.r24|2|1|RICH|698|0|3640|0000000000000000000000000000000000000000000000000000000000000000|RICH|1|698|DISP=ACCEPT_INSTALL|DETAIL=map
0000000000000000000000000000000000000000000000000000000000000000|0000000000000000000000000000000000000000000000000000000000000000|0|3|rt4_TMB-5_MAP_g_5056.r24|2|1|RICH|698|0|3660|0000000000000000000000000000000000000000000000000000000000000000|RICH|1|698|DISP=ACCEPT_INSTALL|DETAIL=map
0000000000000000000000000000000000000000000000000000000000000000|0000000000000000000000000000000000000000000000000000000000000000|0|3|rt4_TMB-5_MAP_g_5057.r24|2|1|RICH|698|0|3680|0000000000000000000000000000000000000000000000000000000000000000|RICH|1|698|DISP=ACCEPT_INSTALL|DETAIL=map
0000000000000000000000000000000000000000000000000000000000000000|0000000000000000000000000000000000000000000000000000000000000000|0|3|rt4_TMB-5_MAP_g_5058.r24|2|1|RICH|698|0|3700|0000000000000000000000000000000000000000000000000000000000000000|RICH|1|698|DISP=ACCEPT_INSTALL|DETAIL=map
0000000000000000000000000000000000000000000000000000000000000000|0000000000000000000000000000000000000000000000000000000000000000|0|3|rt4_TMB-5_MAP_g_5059.r24|2|1|RICH|698|0|3720|0000000000000000000000000000000000000000000000000000000000000000|RICH|1|698|DISP=ACCEPT_INSTALL|DETAIL=map
0000000000000000000000000000000000000000000000000000000000000000|0000000000000000000000000000000000000000000000000000000000000000|0|3|rt4_TMB-5_MAP_g_5060.r24|2|1|RICH|698|0|3740|0000000000000000000000000000000000000000000000000000000000000000|RICH|1|698|DISP=ACCEPT_INSTALL|DETAIL=map
0000000000000000000000000000000000000000000000000000000000000000|0000000000000000000000000000000000000000000000000000000000000000|0|3|rt4_TMB-5_MAP_g_5061.r24|2|1|RICH|698|0|3760|0000000000000000000000000000000000000000000000000000000000000000|RICH|1|698|DISP=ACCEPT_INSTALL|DETAIL=map
0000000000000000000000000000000000000000000000000000000000000000|0000000000000000000000000000000000000000000000000000000000000000|0|3|rt4_TMB-5_MAP_g_5062.r24|2|1|RICH|698|0|3780|0000000000000000000000000000000000000000000000000000000000000000|RICH|1|698|DISP=ACCEPT_INSTALL|DETAIL=map
0000000000000000000000000000000000000000000000000000000000000000|0000000000000000000000000000000000000000000000000000000000000000|0|3|rt4_TMB-5_MAP_g_5063.r24|2|1|RICH|698|0|3800|0000000000000000000000000000000000000000000000000000000000000000|RICH|1|698|DISP=ACCEPT_INSTALL|DETAIL=map
0000000000000000000000000000000000000000000000000000000000000000|0000000000000000000000000000000000000000000000000000000000000000|0|3|rt4_TMB-5_MAP_g_5064.r24|2|1|RICH|698|0|3820|0000000000000000000000000000000000000000000000000000000000000000|RICH|1|698|DISP=ACCEPT_INSTALL|DETAIL=map
0000000000000000000000000000000000000000000000000000000000000000|0000000000000000000000000000000000000000000000000000000000000000|0|3|rt4_TMB-5_MAP_g_5065.r24|2|1|RICH|698|0|3840|0000000000000000000000000000000000000000000000000000000000000000|RICH|1|698|DISP=ACCEPT_INSTALL|DETAIL=map
0000000000000000000000000000000000000000000000000000000000000000|0000000000000000000000000000000000000000000000000000000000000000|0|3|rt4_TMB-5_MAP_g_5066.r24|2|1|RICH|698|0|3860|0000000000000000000000000000000000000000000000000000000000000000|RICH|1|698|DISP=ACCEPT_INSTALL|DETAIL=map
0000000000000000000000000000000000000000000000000000000000000000|0000000000000000000000000000000000000000000000000000000000000000|0|3|rt4_TMB-5_MAP_g_5067.r24|2|1|RICH|698|0|3880|0000000000000000000000000000000000000000000000000000000000000000|RICH|1|698|DISP=ACCEPT_INSTALL|DETAIL=map
0000000000000000000000000000000000000000000000000000000000000000|0000000000000000000000000000000000000000000000000000000000000000|0|3|rt4_TMB-5_MAP_g_5068.r24|2|1|RICH|698|0|3900|0000000000000000000000000000000000000000000000000000000000000000|RICH|1|698|DISP=ACCEPT_INSTALL|DETAIL=map
0000000000000000000000000000000000000000000000000000000000000000|0000000000000000000000000000000000000000000000000000000000000000|0|3|rt4_TMB-5_MAP_g_5069.r24|2|1|RICH|698|0|3920|0000000000000000000000000000000000000000000000000000000000000000|RICH|1|698|DISP=ACCEPT_INSTALL|DETAIL=map
0000000000000000000000000000000000000000000000000000000000000000|0000000000000000000000000000000000000000000000000000000000000000|0|3|rt4_TMB-5_MAP_g_5070.r24|2|1|RICH|698|0|3940|0000000000000000000000000000000000000000000000000000000000000000|RICH|1|698|DISP=ACCEPT_INSTALL|DETAIL=map
0000000000000000000000000000000000000000000000000000000000000000|0000000000000000000000000000000000000000000000000000000000000000|0|3|rt4_TMB-5_MAP_g_5071.r24|2|1|RICH|698|0|3960|0000000000000000000000000000000000000000000000000000000000000000|RICH|1|698|DISP=ACCEPT_INSTALL|DETAIL=map
0000000000000000000000000000000000000000000000000000000000000000|0000000000000000000000000000000000000000000000000000000000000000|0|3|rt4_TMB-5_MAP_g_5072.r24|2|1|RICH|698|0|3980|0000000000000000000000000000000000000000000000000000000000000000|RICH|1|698|DISP=ACCEPT_INSTALL|DETAIL=map
0000000000000000000000000000000000000000000000000000000000000000|0000000000000000000000000000000000000000000000000000000000000000|0|3|rt4_TMB-5_MAP_g_5073.r24|2|1|RICH|698|0|4000|0000000000000000000000000000000000000000000000000000000000000000|RICH|1|698|DISP=ACCEPT_INSTALL|DETAIL=map
0000000000000000000000000000000000000000000000000000000000000000|0000000000000000000000000000000000000000000000000000000000000000|0|3|rt4_TMB-5_MAP_g_5074.r24|2|1|RICH|698|0|4020|0000000000000000000000000000000000000000000000000000000000000000|RICH|1|698|DISP=ACCEPT_INSTALL|DETAIL=map
0000000000000000000000000000000000000000000000000000000000000000|0000000000000000000000000000000000000000000000000000000000000000|0|3|rt4_TMB-5_MAP_g_5075.r24|2|1|RICH|698|0|4040|0000000000000000000000000000000000000000000000000000000000000000|RICH|1|698|DISP=ACCEPT_INSTALL|DETAIL=map
0000000000000000000000000000000000000000000000000000000000000000|0000000000000000000000000000000000000000000000000000000000000000|0|3|rt4_TMB-5_MAP_g_5076.r24|2|1|RICH|698|0|4060|0000000000000000000000000000000000000000000000000000000000000000|RICH|1|698|DISP=ACCEPT_INSTALL|DETAIL=map
0000000000000000000000000000000000000000000000000000000000000000|0000000000000000000000000000000000000000000000000000000000000000|0|3|rt4_TMB-5_MAP_g_5077.r24|2|1|RICH|698|0|4080|0000000000000000000000000000000000000000000000000000000000000000|RICH|1|698|DISP=ACCEPT_INSTALL|DETAIL=map
0000000000000000000000000000000000000000000000000000000000000000|0000000000000000000000000000000000000000000000000000000000000000|0|3|rt4_TMB-5_MAP_g_5078.r24|2|1|RICH|698|0|4100|0000000000000000000000000000000000000000000000000000000000000000|RICH|1|698|DISP=ACCEPT_INSTALL|DETAIL=map
0000000000000000000000000000000000000000000000000000000000000000|0000000000000000000000000000000000000000000000000000000000000000|0|3|rt4_TMB-5_MAP_g_5079.r24|2|1|RICH|698|0|4120|0000000000000000000000000000000000000000000000000000000000000000|RICH|1|698|DISP=ACCEPT_INSTALL|DETAIL=map
0000000000000000000000000000000000000000000000000000000000000000|0000000000000000000000000000000000000000000000000000000000000000|0|3|rt4_TMB-5_MAP_g_5080.r24|2|1|RICH|698|0|4140|0000000000000000000000000000000000000000000000000000000000000000|RICH|1|698|DISP=ACCEPT_INSTALL|DETAIL=map
0000000000000000000000000000000000000000000000000000000000000000|0000000000000000000000000000000000000000000000000000000000000000|0|3|rt4_TMB-5_MAP_g_5081.r24|2|1|RICH|698|0|4160|0000000000000000000000000000000000000000000000000000000000000000|RICH|1|698|DISP=ACCEPT_INSTALL|DETAIL=map
0000000000000000000000000000000000000000000000000000000000000000|0000000000000000000000000000000000000000000000000000000000000000|0|3|rt4_TMB-5_MAP_g_5082.r24|2|1|RICH|698|0|4180|0000000000000000000000000000000000000000000000000000000000000000|RICH|1|698|DISP=ACCEPT_INSTALL|DETAIL=map
0000000000000000000000000000000000000000000000000000000000000000|0000000000000000000000000000000000000000000000000000000000000000|0|3|rt4_TMB-5_MAP_g_5083.r24|2|1|RICH|698|0|4200|0000000000000000000000000000000000000000000000000000000000000000|RICH|1|698|DISP=ACCEPT_INSTALL|DETAIL=map
0000000000000000000000000000000000000000000000000000000000000000|0000000000000000000000000000000000000000000000000000000000000000|0|3|rt4_TMB-5_MAP_g_5084.r24|2|1|RICH|698|0|4220|0000000000000000000000000000000000000000000000000000000000000000|RICH|1|698|DISP=ACCEPT_INSTALL|DETAIL=map
0000000000000000000000000000000000000000000000000000000000000000|0000000000000000000000000000000000000000000000000000000000000000|0|3|rt4_TMB-5_MAP_g_5085.r24|2|1|RICH|698|0|4240|0000000000000000000000000000000000000000000000000000000000000000|RICH|1|698|DISP=ACCEPT_INSTALL|DETAIL=map
0000000000000000000000000000000000000000000000000000000000000000|0000000000000000000000000000000000000000000000000000000000000000|0|3|rt4_TMB-5_MAP_g_5086.r24|2|1|RICH|698|0|4260|0000000000000000000000000000000000000000000000000000000000000000|RICH|1|698|DISP=ACCEPT_INSTALL|DETAIL=map
0000000000000000000000000000000000000000000000000000000000000000|0000000000000000000000000000000000000000000000000000000000000000|0|3|rt4_TMB-5_MAP_g_5087.r24|2|1|RICH|698|0|4280|0000000000000000000000000000000000000000000000000000000000000000|RICH|1|698|DISP=ACCEPT_INSTALL|DETAIL=map
0000000000000000000000000000000000000000000000000000000000000000|0000000000000000000000000000000000000000000000000000000000000000|0|3|rt4_TMB-5_MAP_g_5088.r24|2|1|RICH|698|0|4300|0000000000000000000000000000000000000000000000000000000000000000|RICH|1|698|DISP=ACCEPT_INSTALL|DETAIL=map
0000000000000000000000000000000000000000000000000000000000000000|0000000000000000000000000000000000000000000000000000000000000000|0|3|rt4_TMB-5_MAP_g_5089.r24|2|1|RICH|698|0|4320|0000000000000000000000000000000000000000000000000000000000000000|RICH|1|698|DISP=ACCEPT_INSTALL|DETAIL=map
0000000000000000000000000000000000000000000000000000000000000000|0000000000000000000000000000000000000000000000000000000000000000|0|3|rt4_TMB-5_MAP_g_5090.r24|2|1|RICH|698|0|4340|0000000000000000000000000000000000000000000000000000000000000000|RICH|1|698|DISP=ACCEPT_INSTALL|DETAIL=map
0000000000000000000000000000000000000000000000000000000000000000|0000000000000000000000000000000000000000000000000000000000000000|0|3|rt4_TMB-5_MAP_g_5091.r24|2|1|RICH|698|0|4360|0000000000000000000000000000000000000000000000000000000000000000|RICH|1|698|DISP=ACCEPT_INSTALL|DETAIL=map
0000000000000000000000000000000000000000000000000000000000000000|0000000000000000000000000000000000000000000000000000000000000000|0|3|rt4_TMB-5_MAP_g_5092.r24|2|1|RICH|698|0|4380|0000000000000000000000000000000000000000000000000000000000000000|RICH|1|698|DISP=ACCEPT_INSTALL|DETAIL=map
0000000000000000000000000000000000000000000000000000000000000000|0000000000000000000000000000000000000000000000000000000000000000|0|3|rt4_TMB-5_MAP_g_5093.r24|2|1|RICH|698|0|4400|0000000000000000000000000000000000000000000000000000000000000000|RICH|1|698|DISP=ACCEPT_INSTALL|DETAIL=map
0000000000000000000000000000000000000000000000000000000000000000|0000000000000000000000000000000000000000000000000000000000000000|0|3|rt4_TMB-5_MAP_g_5094.r24|2|1|RICH|698|0|4420|0000000000000000000000000000000000000000000000000000000000000000|RICH|1|698|DISP=ACCEPT_INSTALL|DETAIL=map
0000000000000000000000000000000000000000000000000000000000000000|0000000000000000000000000000000000000000000000000000000000000000|0|3|rt4_TMB-5_MAP_g_5095.r24|2|1|RICH|698|0|4440|0000000000000000000000000000000000000000000000000000000000000000|RICH|1|698|DISP=ACCEPT_INSTALL|DETAIL=map
0000000000000000000000000000000000000000000000000000000000000000|0000000000000000000000000000000000000000000000000000000000000000|0|3|rt4_TMB-5_MAP_g_5096.r24|2|1|RICH|698|0|4460|0000000000000000000000000000000000000000000000000000000000000000|RICH|1|698|DISP=ACCEPT_INSTALL|DETAIL=map
0000000000000000000000000000000000000000000000000000000000000000|0000000000000000000000000000000000000000000000000000000000000000|0|3|rt4_TMB-5_MAP_g_5097.r24|2|1|RICH|698|0|4480|0000000000000000000000000000000000000000000000000000000000000000|RICH|1|698|DISP=ACCEPT_INSTALL|DETAIL=map
0000000000000000000000000000000000000000000000000000000000000000|0000000000000000000000000000000000000000000000000000000000000000|0|3|rt4_TMB-5_MAP_g_5098.r24|2|1|RICH|698|0|4500|0000000000000000000000000000000000000000000000000000000000000000|RICH|1|698|DISP=ACCEPT_INSTALL|DETAIL=map
0000000000000000000000000000000000000000000000000000000000000000|0000000000000000000000000000000000000000000000000000000000000000|0|3|rt4_TMB-5_MAP_g_5099.r24|2|1|RICH|698|0|4520|0000000000000000000000000000000000000000000000000000000000000000|RICH|1|698|DISP=ACCEPT_INSTALL|DETAIL=map
0000000000000000000000000000000000000000000000000000000000000000|0000000000000000000000000000000000000000000000000000000000000000|0|3|rt4_TMB-5_MAP_g_5100.r24|2|1|RICH|698|0|4540|0000000000000000000000000000000000000000000000000000000000000000|RICH|1|698|DISP=ACCEPT_INSTALL|DETAIL=map
0000000000000000000000000000000000000000000000000000000000000000|0000000000000000000000000000000000000000000000000000000000000000|0|3|rt4_TMB-5_MAP_g_5101.r24|2|1|RICH|698|0|4560|0000000000000000000000000000000000000000000000000000000000000000|RICH|1|698|DISP=ACCEPT_INSTALL|DETAIL=map
0000000000000000000000000000000000000000000000000000000000000000|0000000000000000000000000000000000000000000000000000000000000000|0|3|rt4_TMB-5_MAP_g_5102.r24|2|1|RICH|698|0|4580|0000000000000000000000000000000000000000000000000000000000000000|RICH|1|698|DISP=ACCEPT_INSTALL|DETAIL=map
0000000000000000000000000000000000000000000000000000000000000000|0000000000000000000000000000000000000000000000000000000000000000|0|3|rt4_TMB-5_MAP_g_5103.r24|2|1|RICH|698|0|4600|0000000000000000000000000000000000000000000000000000000000000000|RICH|1|698|DISP=ACCEPT_INSTALL|DETAIL=map
0000000000000000000000000000000000000000000000000000000000000000|0000000000000000000000000000000000000000000000000000000000000000|0|3|rt4_TMB-5_MAP_g_5104.r24|2|1|RICH|698|0|4620|0000000000000000000000000000000000000000000000000000000000000000|RICH|1|698|DISP=ACCEPT_INSTALL|DETAIL=map
0000000000000000000000000000000000000000000000000000000000000000|0000000000000000000000000000000000000000000000000000000000000000|0|3|rt4_TMB-5_MAP_g_5105.r24|2|1|RICH|698|0|4640|0000000000000000000000000000000000000000000000000000000000000000|RICH|1|698|DISP=ACCEPT_INSTALL|DETAIL=map
0000000000000000000000000000000000000000000000000000000000000000|0000000000000000000000000000000000000000000000000000000000000000|0|3|rt4_TMB-5_MAP_g_5106.r24|2|1|RICH|698|0|4660|0000000000000000000000000000000000000000000000000000000000000000|RICH|1|698|DISP=ACCEPT_INSTALL|DETAIL=map
0000000000000000000000000000000000000000000000000000000000000000|0000000000000000000000000000000000000000000000000000000000000000|0|3|rt4_TMB-5_MAP_g_5107.r24|2|1|RICH|698|0|4680|0000000000000000000000000000000000000000000000000000000000000000|RICH|1|698|DISP=ACCEPT_INSTALL|DETAIL=map
0000000000000000000000000000000000000000000000000000000000000000|0000000000000000000000000000000000000000000000000000000000000000|0|3|rt4_TMB-5_MAP_g_5108.r24|2|1|RICH|698|0|4700|0000000000000000000000000000000000000000000000000000000000000000|RICH|1|698|DISP=ACCEPT_INSTALL|DETAIL=map
0000000000000000000000000000000000000000000000000000000000000000|0000000000000000000000000000000000000000000000000000000000000000|0|3|rt4_TMB-5_MAP_g_5109.r24|2|1|RICH|700|0|400|0000000000000000000000000000000000000000000000000000000000000000|RICH|1|700|DISP=ACCEPT_INSTALL|DETAIL=map
0000000000000000000000000000000000000000000000000000000000000000|0000000000000000000000000000000000000000000000000000000000000000|0|3|rt4_TMB-5_MAP_g_5110.r24|2|1|RICH|700|0|600|0000000000000000000000000000000000000000000000000000000000000000|RICH|1|700|DISP=ACCEPT_INSTALL|DETAIL=map
0000000000000000000000000000000000000000000000000000000000000000|0000000000000000000000000000000000000000000000000000000000000000|0|3|rt4_TMB-5_MAP_g_5111.r24|2|1|RICH|700|0|620|0000000000000000000000000000000000000000000000000000000000000000|RICH|1|700|DISP=ACCEPT_INSTALL|DETAIL=map
0000000000000000000000000000000000000000000000000000000000000000|0000000000000000000000000000000000000000000000000000000000000000|0|3|rt4_TMB-5_MAP_g_5112.r24|2|1|RICH|700|0|640|0000000000000000000000000000000000000000000000000000000000000000|RICH|1|700|DISP=ACCEPT_INSTALL|DETAIL=map
0000000000000000000000000000000000000000000000000000000000000000|0000000000000000000000000000000000000000000000000000000000000000|0|3|rt4_TMB-5_MAP_g_5113.r24|2|1|RICH|700|0|660|0000000000000000000000000000000000000000000000000000000000000000|RICH|1|700|DISP=ACCEPT_INSTALL|DETAIL=map
0000000000000000000000000000000000000000000000000000000000000000|0000000000000000000000000000000000000000000000000000000000000000|0|3|rt4_TMB-5_MAP_g_5114.r24|2|1|RICH|700|0|680|0000000000000000000000000000000000000000000000000000000000000000|RICH|1|700|DISP=ACCEPT_INSTALL|DETAIL=map
0000000000000000000000000000000000000000000000000000000000000000|0000000000000000000000000000000000000000000000000000000000000000|0|3|rt4_TMB-5_MAP_g_5115.r24|2|1|RICH|700|0|700|0000000000000000000000000000000000000000000000000000000000000000|RICH|1|700|DISP=ACCEPT_INSTALL|DETAIL=map
0000000000000000000000000000000000000000000000000000000000000000|0000000000000000000000000000000000000000000000000000000000000000|0|3|rt4_TMB-5_MAP_g_5116.r24|2|1|RICH|700|0|720|0000000000000000000000000000000000000000000000000000000000000000|RICH|1|700|DISP=ACCEPT_INSTALL|DETAIL=map
0000000000000000000000000000000000000000000000000000000000000000|0000000000000000000000000000000000000000000000000000000000000000|0|3|rt4_TMB-5_MAP_g_5117.r24|2|1|RICH|700|0|740|0000000000000000000000000000000000000000000000000000000000000000|RICH|1|700|DISP=ACCEPT_INSTALL|DETAIL=map
0000000000000000000000000000000000000000000000000000000000000000|0000000000000000000000000000000000000000000000000000000000000000|0|3|rt4_TMB-5_MAP_g_5118.r24|2|1|RICH|700|0|760|0000000000000000000000000000000000000000000000000000000000000000|RICH|1|700|DISP=ACCEPT_INSTALL|DETAIL=map
0000000000000000000000000000000000000000000000000000000000000000|0000000000000000000000000000000000000000000000000000000000000000|0|3|rt4_TMB-5_MAP_g_5119.r24|2|1|RICH|700|0|780|0000000000000000000000000000000000000000000000000000000000000000|RICH|1|700|DISP=ACCEPT_INSTALL|DETAIL=map
0000000000000000000000000000000000000000000000000000000000000000|0000000000000000000000000000000000000000000000000000000000000000|0|3|rt4_TMB-5_MAP_g_5120.r24|2|1|RICH|700|0|800|0000000000000000000000000000000000000000000000000000000000000000|RICH|1|700|DISP=ACCEPT_INSTALL|DETAIL=map
0000000000000000000000000000000000000000000000000000000000000000|0000000000000000000000000000000000000000000000000000000000000000|0|3|rt4_TMB-5_MAP_g_5121.r24|2|1|RICH|700|0|820|0000000000000000000000000000000000000000000000000000000000000000|RICH|1|700|DISP=ACCEPT_INSTALL|DETAIL=map
0000000000000000000000000000000000000000000000000000000000000000|0000000000000000000000000000000000000000000000000000000000000000|0|3|rt4_TMB-5_MAP_g_5122.r24|2|1|RICH|700|0|840|0000000000000000000000000000000000000000000000000000000000000000|RICH|1|700|DISP=ACCEPT_INSTALL|DETAIL=map
0000000000000000000000000000000000000000000000000000000000000000|0000000000000000000000000000000000000000000000000000000000000000|0|3|rt4_TMB-5_MAP_g_5123.r24|2|1|RICH|700|0|860|0000000000000000000000000000000000000000000000000000000000000000|RICH|1|700|DISP=ACCEPT_INSTALL|DETAIL=map
0000000000000000000000000000000000000000000000000000000000000000|0000000000000000000000000000000000000000000000000000000000000000|0|3|rt4_TMB-5_MAP_g_5124.r24|2|1|RICH|700|0|880|0000000000000000000000000000000000000000000000000000000000000000|RICH|1|700|DISP=ACCEPT_INSTALL|DETAIL=map
0000000000000000000000000000000000000000000000000000000000000000|0000000000000000000000000000000000000000000000000000000000000000|0|3|rt4_TMB-5_MAP_g_5125.r24|2|1|RICH|700|0|900|0000000000000000000000000000000000000000000000000000000000000000|RICH|1|700|DISP=ACCEPT_INSTALL|DETAIL=map
0000000000000000000000000000000000000000000000000000000000000000|0000000000000000000000000000000000000000000000000000000000000000|0|3|rt4_TMB-5_MAP_g_5126.r24|2|1|RICH|700|0|920|0000000000000000000000000000000000000000000000000000000000000000|RICH|1|700|DISP=ACCEPT_INSTALL|DETAIL=map
0000000000000000000000000000000000000000000000000000000000000000|0000000000000000000000000000000000000000000000000000000000000000|0|3|rt4_TMB-5_MAP_g_5127.r24|2|1|RICH|700|0|940|0000000000000000000000000000000000000000000000000000000000000000|RICH|1|700|DISP=ACCEPT_INSTALL|DETAIL=map
0000000000000000000000000000000000000000000000000000000000000000|0000000000000000000000000000000000000000000000000000000000000000|0|3|rt4_TMB-5_MAP_g_5128.r24|2|1|RICH|700|0|960|0000000000000000000000000000000000000000000000000000000000000000|RICH|1|700|DISP=ACCEPT_INSTALL|DETAIL=map
0000000000000000000000000000000000000000000000000000000000000000|0000000000000000000000000000000000000000000000000000000000000000|0|3|rt4_TMB-5_MAP_g_5129.r24|2|1|RICH|700|0|980|0000000000000000000000000000000000000000000000000000000000000000|RICH|1|700|DISP=ACCEPT_INSTALL|DETAIL=map
0000000000000000000000000000000000000000000000000000000000000000|0000000000000000000000000000000000000000000000000000000000000000|0|3|rt4_TMB-5_MAP_g_5130.r24|2|1|RICH|700|0|1000|0000000000000000000000000000000000000000000000000000000000000000|RICH|1|700|DISP=ACCEPT_INSTALL|DETAIL=map
0000000000000000000000000000000000000000000000000000000000000000|0000000000000000000000000000000000000000000000000000000000000000|0|3|rt4_TMB-5_MAP_g_5131.r24|2|1|RICH|700|0|1020|0000000000000000000000000000000000000000000000000000000000000000|RICH|1|700|DISP=ACCEPT_INSTALL|DETAIL=map
0000000000000000000000000000000000000000000000000000000000000000|0000000000000000000000000000000000000000000000000000000000000000|0|3|rt4_TMB-5_MAP_g_5132.r24|2|1|RICH|700|0|1040|0000000000000000000000000000000000000000000000000000000000000000|RICH|1|700|DISP=ACCEPT_INSTALL|DETAIL=map
0000000000000000000000000000000000000000000000000000000000000000|0000000000000000000000000000000000000000000000000000000000000000|0|3|rt4_TMB-5_MAP_g_5133.r24|2|1|RICH|700|0|1060|0000000000000000000000000000000000000000000000000000000000000000|RICH|1|700|DISP=ACCEPT_INSTALL|DETAIL=map
0000000000000000000000000000000000000000000000000000000000000000|0000000000000000000000000000000000000000000000000000000000000000|0|3|rt4_TMB-5_MAP_g_5134.r24|2|1|RICH|700|0|1080|0000000000000000000000000000000000000000000000000000000000000000|RICH|1|700|DISP=ACCEPT_INSTALL|DETAIL=map
0000000000000000000000000000000000000000000000000000000000000000|0000000000000000000000000000000000000000000000000000000000000000|0|3|rt4_TMB-5_MAP_g_5135.r24|2|1|RICH|700|0|1100|0000000000000000000000000000000000000000000000000000000000000000|RICH|1|700|DISP=ACCEPT_INSTALL|DETAIL=map
0000000000000000000000000000000000000000000000000000000000000000|0000000000000000000000000000000000000000000000000000000000000000|0|3|rt4_TMB-5_MAP_g_5136.r24|2|1|RICH|700|0|1120|0000000000000000000000000000000000000000000000000000000000000000|RICH|1|700|DISP=ACCEPT_INSTALL|DETAIL=map
0000000000000000000000000000000000000000000000000000000000000000|0000000000000000000000000000000000000000000000000000000000000000|0|3|rt4_TMB-5_MAP_g_5137.r24|2|1|RICH|700|0|1140|0000000000000000000000000000000000000000000000000000000000000000|RICH|1|700|DISP=ACCEPT_INSTALL|DETAIL=map
0000000000000000000000000000000000000000000000000000000000000000|0000000000000000000000000000000000000000000000000000000000000000|0|3|rt4_TMB-5_MAP_g_5138.r24|2|1|RICH|700|0|1160|0000000000000000000000000000000000000000000000000000000000000000|RICH|1|700|DISP=ACCEPT_INSTALL|DETAIL=map
0000000000000000000000000000000000000000000000000000000000000000|0000000000000000000000000000000000000000000000000000000000000000|0|3|rt4_TMB-5_MAP_g_5139.r24|2|1|RICH|700|0|1180|0000000000000000000000000000000000000000000000000000000000000000|RICH|1|700|DISP=ACCEPT_INSTALL|DETAIL=map
0000000000000000000000000000000000000000000000000000000000000000|0000000000000000000000000000000000000000000000000000000000000000|0|3|rt4_TMB-5_MAP_g_5140.r24|2|1|RICH|700|0|1200|0000000000000000000000000000000000000000000000000000000000000000|RICH|1|700|DISP=ACCEPT_INSTALL|DETAIL=map
0000000000000000000000000000000000000000000000000000000000000000|0000000000000000000000000000000000000000000000000000000000000000|0|3|rt4_TMB-5_MAP_g_5141.r24|2|1|RICH|700|0|1220|0000000000000000000000000000000000000000000000000000000000000000|RICH|1|700|DISP=ACCEPT_INSTALL|DETAIL=map
0000000000000000000000000000000000000000000000000000000000000000|0000000000000000000000000000000000000000000000000000000000000000|0|3|rt4_TMB-5_MAP_g_5142.r24|2|1|RICH|700|0|1240|0000000000000000000000000000000000000000000000000000000000000000|RICH|1|700|DISP=ACCEPT_INSTALL|DETAIL=map
0000000000000000000000000000000000000000000000000000000000000000|0000000000000000000000000000000000000000000000000000000000000000|0|3|rt4_TMB-5_MAP_g_5143.r24|2|1|RICH|700|0|1260|0000000000000000000000000000000000000000000000000000000000000000|RICH|1|700|DISP=ACCEPT_INSTALL|DETAIL=map
0000000000000000000000000000000000000000000000000000000000000000|0000000000000000000000000000000000000000000000000000000000000000|0|3|rt4_TMB-5_MAP_g_5144.r24|2|1|RICH|700|0|1280|0000000000000000000000000000000000000000000000000000000000000000|RICH|1|700|DISP=ACCEPT_INSTALL|DETAIL=map
0000000000000000000000000000000000000000000000000000000000000000|0000000000000000000000000000000000000000000000000000000000000000|0|3|rt4_TMB-5_MAP_g_5145.r24|2|1|RICH|700|0|1300|0000000000000000000000000000000000000000000000000000000000000000|RICH|1|700|DISP=ACCEPT_INSTALL|DETAIL=map
0000000000000000000000000000000000000000000000000000000000000000|0000000000000000000000000000000000000000000000000000000000000000|0|3|rt4_TMB-5_MAP_g_5146.r24|2|1|RICH|700|0|1320|0000000000000000000000000000000000000000000000000000000000000000|RICH|1|700|DISP=ACCEPT_INSTALL|DETAIL=map
0000000000000000000000000000000000000000000000000000000000000000|0000000000000000000000000000000000000000000000000000000000000000|0|3|rt4_TMB-5_MAP_g_5147.r24|2|1|RICH|700|0|1340|0000000000000000000000000000000000000000000000000000000000000000|RICH|1|700|DISP=ACCEPT_INSTALL|DETAIL=map
0000000000000000000000000000000000000000000000000000000000000000|0000000000000000000000000000000000000000000000000000000000000000|0|3|rt4_TMB-5_MAP_g_5148.r24|2|1|RICH|700|0|1360|0000000000000000000000000000000000000000000000000000000000000000|RICH|1|700|DISP=ACCEPT_INSTALL|DETAIL=map
0000000000000000000000000000000000000000000000000000000000000000|0000000000000000000000000000000000000000000000000000000000000000|0|3|rt4_TMB-5_MAP_g_5149.r24|2|1|RICH|700|0|1380|0000000000000000000000000000000000000000000000000000000000000000|RICH|1|700|DISP=ACCEPT_INSTALL|DETAIL=map
0000000000000000000000000000000000000000000000000000000000000000|0000000000000000000000000000000000000000000000000000000000000000|0|3|rt4_TMB-5_MAP_g_5150.r24|2|1|RICH|700|0|1400|0000000000000000000000000000000000000000000000000000000000000000|RICH|1|700|DISP=ACCEPT_INSTALL|DETAIL=map
0000000000000000000000000000000000000000000000000000000000000000|0000000000000000000000000000000000000000000000000000000000000000|0|3|rt4_TMB-5_MAP_g_5151.r24|2|1|RICH|700|0|1420|0000000000000000000000000000000000000000000000000000000000000000|RICH|1|700|DISP=ACCEPT_INSTALL|DETAIL=map
0000000000000000000000000000000000000000000000000000000000000000|0000000000000000000000000000000000000000000000000000000000000000|0|3|rt4_TMB-5_MAP_g_5152.r24|2|1|RICH|700|0|1440|0000000000000000000000000000000000000000000000000000000000000000|RICH|1|700|DISP=ACCEPT_INSTALL|DETAIL=map
0000000000000000000000000000000000000000000000000000000000000000|0000000000000000000000000000000000000000000000000000000000000000|0|3|rt4_TMB-5_MAP_g_5153.r24|2|1|RICH|700|0|1460|0000000000000000000000000000000000000000000000000000000000000000|RICH|1|700|DISP=ACCEPT_INSTALL|DETAIL=map
0000000000000000000000000000000000000000000000000000000000000000|0000000000000000000000000000000000000000000000000000000000000000|0|3|rt4_TMB-5_MAP_g_5154.r24|2|1|RICH|700|0|1480|0000000000000000000000000000000000000000000000000000000000000000|RICH|1|700|DISP=ACCEPT_INSTALL|DETAIL=map
0000000000000000000000000000000000000000000000000000000000000000|0000000000000000000000000000000000000000000000000000000000000000|0|3|rt4_TMB-5_MAP_g_5155.r24|2|1|RICH|700|0|1500|0000000000000000000000000000000000000000000000000000000000000000|RICH|1|700|DISP=ACCEPT_INSTALL|DETAIL=map
0000000000000000000000000000000000000000000000000000000000000000|0000000000000000000000000000000000000000000000000000000000000000|0|3|rt4_TMB-5_MAP_g_5156.r24|2|1|RICH|700|0|1520|0000000000000000000000000000000000000000000000000000000000000000|RICH|1|700|DISP=ACCEPT_INSTALL|DETAIL=map
0000000000000000000000000000000000000000000000000000000000000000|0000000000000000000000000000000000000000000000000000000000000000|0|3|rt4_TMB-5_MAP_g_5157.r24|2|1|RICH|700|0|1540|0000000000000000000000000000000000000000000000000000000000000000|RICH|1|700|DISP=ACCEPT_INSTALL|DETAIL=map
0000000000000000000000000000000000000000000000000000000000000000|0000000000000000000000000000000000000000000000000000000000000000|0|3|rt4_TMB-5_MAP_g_5158.r24|2|1|RICH|700|0|1560|0000000000000000000000000000000000000000000000000000000000000000|RICH|1|700|DISP=ACCEPT_INSTALL|DETAIL=map
0000000000000000000000000000000000000000000000000000000000000000|0000000000000000000000000000000000000000000000000000000000000000|0|3|rt4_TMB-5_MAP_g_5159.r24|2|1|RICH|700|0|1580|0000000000000000000000000000000000000000000000000000000000000000|RICH|1|700|DISP=ACCEPT_INSTALL|DETAIL=map
0000000000000000000000000000000000000000000000000000000000000000|0000000000000000000000000000000000000000000000000000000000000000|0|3|rt4_TMB-5_MAP_g_5160.r24|2|1|RICH|700|0|1600|0000000000000000000000000000000000000000000000000000000000000000|RICH|1|700|DISP=ACCEPT_INSTALL|DETAIL=map
0000000000000000000000000000000000000000000000000000000000000000|0000000000000000000000000000000000000000000000000000000000000000|0|3|rt4_TMB-5_MAP_g_5161.r24|2|1|RICH|700|0|1620|0000000000000000000000000000000000000000000000000000000000000000|RICH|1|700|DISP=ACCEPT_INSTALL|DETAIL=map
0000000000000000000000000000000000000000000000000000000000000000|0000000000000000000000000000000000000000000000000000000000000000|0|3|rt4_TMB-5_MAP_g_5162.r24|2|1|RICH|700|0|1640|0000000000000000000000000000000000000000000000000000000000000000|RICH|1|700|DISP=ACCEPT_INSTALL|DETAIL=map
0000000000000000000000000000000000000000000000000000000000000000|0000000000000000000000000000000000000000000000000000000000000000|0|3|rt4_TMB-5_MAP_g_5163.r24|2|1|RICH|700|0|1660|0000000000000000000000000000000000000000000000000000000000000000|RICH|1|700|DISP=ACCEPT_INSTALL|DETAIL=map
0000000000000000000000000000000000000000000000000000000000000000|0000000000000000000000000000000000000000000000000000000000000000|0|3|rt4_TMB-5_MAP_g_5164.r24|2|1|RICH|700|0|1680|0000000000000000000000000000000000000000000000000000000000000000|RICH|1|700|DISP=ACCEPT_INSTALL|DETAIL=map
0000000000000000000000000000000000000000000000000000000000000000|0000000000000000000000000000000000000000000000000000000000000000|0|3|rt4_TMB-5_MAP_g_5165.r24|2|1|RICH|700|0|1700|0000000000000000000000000000000000000000000000000000000000000000|RICH|1|700|DISP=ACCEPT_INSTALL|DETAIL=map
0000000000000000000000000000000000000000000000000000000000000000|0000000000000000000000000000000000000000000000000000000000000000|0|3|rt4_TMB-5_MAP_g_5166.r24|2|1|RICH|700|0|1720|0000000000000000000000000000000000000000000000000000000000000000|RICH|1|700|DISP=ACCEPT_INSTALL|DETAIL=map
0000000000000000000000000000000000000000000000000000000000000000|0000000000000000000000000000000000000000000000000000000000000000|0|3|rt4_TMB-5_MAP_g_5167.r24|2|1|RICH|700|0|1740|0000000000000000000000000000000000000000000000000000000000000000|RICH|1|700|DISP=ACCEPT_INSTALL|DETAIL=map
0000000000000000000000000000000000000000000000000000000000000000|0000000000000000000000000000000000000000000000000000000000000000|0|3|rt4_TMB-5_MAP_g_5168.r24|2|1|RICH|700|0|1760|0000000000000000000000000000000000000000000000000000000000000000|RICH|1|700|DISP=ACCEPT_INSTALL|DETAIL=map
0000000000000000000000000000000000000000000000000000000000000000|0000000000000000000000000000000000000000000000000000000000000000|0|3|rt4_TMB-5_MAP_g_5169.r24|2|1|RICH|700|0|1780|0000000000000000000000000000000000000000000000000000000000000000|RICH|1|700|DISP=ACCEPT_INSTALL|DETAIL=map
0000000000000000000000000000000000000000000000000000000000000000|0000000000000000000000000000000000000000000000000000000000000000|0|3|rt4_TMB-5_MAP_g_5170.r24|2|1|RICH|700|0|1800|0000000000000000000000000000000000000000000000000000000000000000|RICH|1|700|DISP=ACCEPT_INSTALL|DETAIL=map
0000000000000000000000000000000000000000000000000000000000000000|0000000000000000000000000000000000000000000000000000000000000000|0|3|rt4_TMB-5_MAP_g_5171.r24|2|1|RICH|700|0|1820|0000000000000000000000000000000000000000000000000000000000000000|RICH|1|700|DISP=ACCEPT_INSTALL|DETAIL=map
0000000000000000000000000000000000000000000000000000000000000000|0000000000000000000000000000000000000000000000000000000000000000|0|3|rt4_TMB-5_MAP_g_5172.r24|2|1|RICH|700|0|1840|0000000000000000000000000000000000000000000000000000000000000000|RICH|1|700|DISP=ACCEPT_INSTALL|DETAIL=map
0000000000000000000000000000000000000000000000000000000000000000|0000000000000000000000000000000000000000000000000000000000000000|0|3|rt4_TMB-5_MAP_g_5173.r24|2|1|RICH|700|0|1860|0000000000000000000000000000000000000000000000000000000000000000|RICH|1|700|DISP=ACCEPT_INSTALL|DETAIL=map
0000000000000000000000000000000000000000000000000000000000000000|0000000000000000000000000000000000000000000000000000000000000000|0|3|rt4_TMB-5_MAP_g_5174.r24|2|1|RICH|700|0|1880|0000000000000000000000000000000000000000000000000000000000000000|RICH|1|700|DISP=ACCEPT_INSTALL|DETAIL=map
0000000000000000000000000000000000000000000000000000000000000000|0000000000000000000000000000000000000000000000000000000000000000|0|3|rt4_TMB-5_MAP_g_5175.r24|2|1|RICH|700|0|1900|0000000000000000000000000000000000000000000000000000000000000000|RICH|1|700|DISP=ACCEPT_INSTALL|DETAIL=map
0000000000000000000000000000000000000000000000000000000000000000|0000000000000000000000000000000000000000000000000000000000000000|0|3|rt4_TMB-5_MAP_g_5176.r24|2|1|RICH|700|0|1920|0000000000000000000000000000000000000000000000000000000000000000|RICH|1|700|DISP=ACCEPT_INSTALL|DETAIL=map
0000000000000000000000000000000000000000000000000000000000000000|0000000000000000000000000000000000000000000000000000000000000000|0|3|rt4_TMB-5_MAP_g_5177.r24|2|1|RICH|700|0|1940|0000000000000000000000000000000000000000000000000000000000000000|RICH|1|700|DISP=ACCEPT_INSTALL|DETAIL=map
0000000000000000000000000000000000000000000000000000000000000000|0000000000000000000000000000000000000000000000000000000000000000|0|3|rt4_TMB-5_MAP_g_5178.r24|2|1|RICH|700|0|1960|0000000000000000000000000000000000000000000000000000000000000000|RICH|1|700|DISP=ACCEPT_INSTALL|DETAIL=map
0000000000000000000000000000000000000000000000000000000000000000|0000000000000000000000000000000000000000000000000000000000000000|0|3|rt4_TMB-5_MAP_g_5179.r24|2|1|RICH|700|0|1980|0000000000000000000000000000000000000000000000000000000000000000|RICH|1|700|DISP=ACCEPT_INSTALL|DETAIL=map
0000000000000000000000000000000000000000000000000000000000000000|0000000000000000000000000000000000000000000000000000000000000000|0|3|rt4_TMB-5_MAP_g_5180.r24|2|1|RICH|700|0|2000|0000000000000000000000000000000000000000000000000000000000000000|RICH|1|700|DISP=ACCEPT_INSTALL|DETAIL=map
0000000000000000000000000000000000000000000000000000000000000000|0000000000000000000000000000000000000000000000000000000000000000|0|3|rt4_TMB-5_MAP_g_5181.r24|2|1|RICH|700|0|2020|0000000000000000000000000000000000000000000000000000000000000000|RICH|1|700|DISP=ACCEPT_INSTALL|DETAIL=map
0000000000000000000000000000000000000000000000000000000000000000|0000000000000000000000000000000000000000000000000000000000000000|0|3|rt4_TMB-5_MAP_g_5182.r24|2|1|RICH|700|0|2040|0000000000000000000000000000000000000000000000000000000000000000|RICH|1|700|DISP=ACCEPT_INSTALL|DETAIL=map
0000000000000000000000000000000000000000000000000000000000000000|0000000000000000000000000000000000000000000000000000000000000000|0|3|rt4_TMB-5_MAP_g_5183.r24|2|1|RICH|700|0|2060|0000000000000000000000000000000000000000000000000000000000000000|RICH|1|700|DISP=ACCEPT_INSTALL|DETAIL=map
0000000000000000000000000000000000000000000000000000000000000000|0000000000000000000000000000000000000000000000000000000000000000|0|3|rt4_TMB-5_MAP_g_5184.r24|2|1|RICH|700|0|2080|0000000000000000000000000000000000000000000000000000000000000000|RICH|1|700|DISP=ACCEPT_INSTALL|DETAIL=map
0000000000000000000000000000000000000000000000000000000000000000|0000000000000000000000000000000000000000000000000000000000000000|0|3|rt4_TMB-5_MAP_g_5185.r24|2|1|RICH|700|0|2100|0000000000000000000000000000000000000000000000000000000000000000|RICH|1|700|DISP=ACCEPT_INSTALL|DETAIL=map
0000000000000000000000000000000000000000000000000000000000000000|0000000000000000000000000000000000000000000000000000000000000000|0|3|rt4_TMB-5_MAP_g_5186.r24|2|1|RICH|700|0|2120|0000000000000000000000000000000000000000000000000000000000000000|RICH|1|700|DISP=ACCEPT_INSTALL|DETAIL=map
0000000000000000000000000000000000000000000000000000000000000000|0000000000000000000000000000000000000000000000000000000000000000|0|3|rt4_TMB-5_MAP_g_5187.r24|2|1|RICH|700|0|2140|0000000000000000000000000000000000000000000000000000000000000000|RICH|1|700|DISP=ACCEPT_INSTALL|DETAIL=map
0000000000000000000000000000000000000000000000000000000000000000|0000000000000000000000000000000000000000000000000000000000000000|0|3|rt4_TMB-5_MAP_g_5188.r24|2|1|RICH|700|0|2160|0000000000000000000000000000000000000000000000000000000000000000|RICH|1|700|DISP=ACCEPT_INSTALL|DETAIL=map
0000000000000000000000000000000000000000000000000000000000000000|0000000000000000000000000000000000000000000000000000000000000000|0|3|rt4_TMB-5_MAP_g_5189.r24|2|1|RICH|700|0|2180|0000000000000000000000000000000000000000000000000000000000000000|RICH|1|700|DISP=ACCEPT_INSTALL|DETAIL=map
0000000000000000000000000000000000000000000000000000000000000000|0000000000000000000000000000000000000000000000000000000000000000|0|3|rt4_TMB-5_MAP_g_5190.r24|2|1|RICH|700|0|2200|0000000000000000000000000000000000000000000000000000000000000000|RICH|1|700|DISP=ACCEPT_INSTALL|DETAIL=map
0000000000000000000000000000000000000000000000000000000000000000|0000000000000000000000000000000000000000000000000000000000000000|0|3|rt4_TMB-5_MAP_g_5191.r24|2|1|RICH|700|0|2220|0000000000000000000000000000000000000000000000000000000000000000|RICH|1|700|DISP=ACCEPT_INSTALL|DETAIL=map
0000000000000000000000000000000000000000000000000000000000000000|0000000000000000000000000000000000000000000000000000000000000000|0|3|rt4_TMB-5_MAP_g_5192.r24|2|1|RICH|700|0|2240|0000000000000000000000000000000000000000000000000000000000000000|RICH|1|700|DISP=ACCEPT_INSTALL|DETAIL=map
0000000000000000000000000000000000000000000000000000000000000000|0000000000000000000000000000000000000000000000000000000000000000|0|3|rt4_TMB-5_MAP_g_5193.r24|2|1|RICH|700|0|2260|0000000000000000000000000000000000000000000000000000000000000000|RICH|1|700|DISP=ACCEPT_INSTALL|DETAIL=map
0000000000000000000000000000000000000000000000000000000000000000|0000000000000000000000000000000000000000000000000000000000000000|0|3|rt4_TMB-5_MAP_g_5194.r24|2|1|RICH|700|0|2280|0000000000000000000000000000000000000000000000000000000000000000|RICH|1|700|DISP=ACCEPT_INSTALL|DETAIL=map
0000000000000000000000000000000000000000000000000000000000000000|0000000000000000000000000000000000000000000000000000000000000000|0|3|rt4_TMB-5_MAP_g_5195.r24|2|1|RICH|700|0|2300|0000000000000000000000000000000000000000000000000000000000000000|RICH|1|700|DISP=ACCEPT_INSTALL|DETAIL=map
0000000000000000000000000000000000000000000000000000000000000000|0000000000000000000000000000000000000000000000000000000000000000|0|3|rt4_TMB-5_MAP_g_5196.r24|2|1|RICH|700|0|2320|0000000000000000000000000000000000000000000000000000000000000000|RICH|1|700|DISP=ACCEPT_INSTALL|DETAIL=map
0000000000000000000000000000000000000000000000000000000000000000|0000000000000000000000000000000000000000000000000000000000000000|0|3|rt4_TMB-5_MAP_g_5197.r24|2|1|RICH|700|0|2340|0000000000000000000000000000000000000000000000000000000000000000|RICH|1|700|DISP=ACCEPT_INSTALL|DETAIL=map
0000000000000000000000000000000000000000000000000000000000000000|0000000000000000000000000000000000000000000000000000000000000000|0|3|rt4_TMB-5_MAP_g_5198.r24|2|1|RICH|700|0|2360|0000000000000000000000000000000000000000000000000000000000000000|RICH|1|700|DISP=ACCEPT_INSTALL|DETAIL=map
0000000000000000000000000000000000000000000000000000000000000000|0000000000000000000000000000000000000000000000000000000000000000|0|3|rt4_TMB-5_MAP_g_5199.r24|2|1|RICH|700|0|2380|0000000000000000000000000000000000000000000000000000000000000000|RICH|1|700|DISP=ACCEPT_INSTALL|DETAIL=map
0000000000000000000000000000000000000000000000000000000000000000|0000000000000000000000000000000000000000000000000000000000000000|0|3|rt4_TMB-5_MAP_g_5200.r24|2|1|RICH|700|0|2400|0000000000000000000000000000000000000000000000000000000000000000|RICH|1|700|DISP=ACCEPT_INSTALL|DETAIL=map
0000000000000000000000000000000000000000000000000000000000000000|0000000000000000000000000000000000000000000000000000000000000000|0|3|rt4_TMB-5_MAP_g_5201.r24|2|1|RICH|700|0|2410|0000000000000000000000000000000000000000000000000000000000000000|RICH|1|700|DISP=ACCEPT_INSTALL|DETAIL=map
0000000000000000000000000000000000000000000000000000000000000000|0000000000000000000000000000000000000000000000000000000000000000|0|3|rt4_TMB-5_MAP_g_5202.r24|2|1|RICH|700|0|2420|0000000000000000000000000000000000000000000000000000000000000000|RICH|1|700|DISP=ACCEPT_INSTALL|DETAIL=map
0000000000000000000000000000000000000000000000000000000000000000|0000000000000000000000000000000000000000000000000000000000000000|0|3|rt4_TMB-5_MAP_g_5203.r24|2|1|RICH|700|0|2430|0000000000000000000000000000000000000000000000000000000000000000|RICH|1|700|DISP=ACCEPT_INSTALL|DETAIL=map
0000000000000000000000000000000000000000000000000000000000000000|0000000000000000000000000000000000000000000000000000000000000000|0|3|rt4_TMB-5_MAP_g_5204.r24|2|1|RICH|700|0|2440|0000000000000000000000000000000000000000000000000000000000000000|RICH|1|700|DISP=ACCEPT_INSTALL|DETAIL=map
0000000000000000000000000000000000000000000000000000000000000000|0000000000000000000000000000000000000000000000000000000000000000|0|3|rt4_TMB-5_MAP_g_5205.r24|2|1|RICH|700|0|2450|0000000000000000000000000000000000000000000000000000000000000000|RICH|1|700|DISP=ACCEPT_INSTALL|DETAIL=map
0000000000000000000000000000000000000000000000000000000000000000|0000000000000000000000000000000000000000000000000000000000000000|0|3|rt4_TMB-5_MAP_g_5206.r24|2|1|RICH|700|0|2460|0000000000000000000000000000000000000000000000000000000000000000|RICH|1|700|DISP=ACCEPT_INSTALL|DETAIL=map
0000000000000000000000000000000000000000000000000000000000000000|0000000000000000000000000000000000000000000000000000000000000000|0|3|rt4_TMB-5_MAP_g_5207.r24|2|1|RICH|700|0|2470|0000000000000000000000000000000000000000000000000000000000000000|RICH|1|700|DISP=ACCEPT_INSTALL|DETAIL=map
0000000000000000000000000000000000000000000000000000000000000000|0000000000000000000000000000000000000000000000000000000000000000|0|3|rt4_TMB-5_MAP_g_5208.r24|2|1|RICH|700|0|2480|0000000000000000000000000000000000000000000000000000000000000000|RICH|1|700|DISP=ACCEPT_INSTALL|DETAIL=map
0000000000000000000000000000000000000000000000000000000000000000|0000000000000000000000000000000000000000000000000000000000000000|0|3|rt4_TMB-5_MAP_g_5209.r24|2|1|RICH|700|0|2490|0000000000000000000000000000000000000000000000000000000000000000|RICH|1|700|DISP=ACCEPT_INSTALL|DETAIL=map
0000000000000000000000000000000000000000000000000000000000000000|0000000000000000000000000000000000000000000000000000000000000000|0|3|rt4_TMB-5_MAP_g_5210.r24|2|1|RICH|700|0|2500|0000000000000000000000000000000000000000000000000000000000000000|RICH|1|700|DISP=ACCEPT_INSTALL|DETAIL=map
0000000000000000000000000000000000000000000000000000000000000000|0000000000000000000000000000000000000000000000000000000000000000|0|3|rt4_TMB-5_MAP_g_5211.r24|2|1|RICH|700|0|2510|0000000000000000000000000000000000000000000000000000000000000000|RICH|1|700|DISP=ACCEPT_INSTALL|DETAIL=map
0000000000000000000000000000000000000000000000000000000000000000|0000000000000000000000000000000000000000000000000000000000000000|0|3|rt4_TMB-5_MAP_g_5212.r24|2|1|RICH|700|0|2520|0000000000000000000000000000000000000000000000000000000000000000|RICH|1|700|DISP=ACCEPT_INSTALL|DETAIL=map
0000000000000000000000000000000000000000000000000000000000000000|0000000000000000000000000000000000000000000000000000000000000000|0|3|rt4_TMB-5_MAP_g_5213.r24|2|1|RICH|700|0|2530|0000000000000000000000000000000000000000000000000000000000000000|RICH|1|700|DISP=ACCEPT_INSTALL|DETAIL=map
0000000000000000000000000000000000000000000000000000000000000000|0000000000000000000000000000000000000000000000000000000000000000|0|3|rt4_TMB-5_MAP_g_5214.r24|2|1|RICH|700|0|2540|0000000000000000000000000000000000000000000000000000000000000000|RICH|1|700|DISP=ACCEPT_INSTALL|DETAIL=map
0000000000000000000000000000000000000000000000000000000000000000|0000000000000000000000000000000000000000000000000000000000000000|0|3|rt4_TMB-5_MAP_g_5215.r24|2|1|RICH|700|0|2550|0000000000000000000000000000000000000000000000000000000000000000|RICH|1|700|DISP=ACCEPT_INSTALL|DETAIL=map
0000000000000000000000000000000000000000000000000000000000000000|0000000000000000000000000000000000000000000000000000000000000000|0|3|rt4_TMB-5_MAP_g_5216.r24|2|1|RICH|700|0|2560|0000000000000000000000000000000000000000000000000000000000000000|RICH|1|700|DISP=ACCEPT_INSTALL|DETAIL=map
0000000000000000000000000000000000000000000000000000000000000000|0000000000000000000000000000000000000000000000000000000000000000|0|3|rt4_TMB-5_MAP_g_5217.r24|2|1|RICH|700|0|2570|0000000000000000000000000000000000000000000000000000000000000000|RICH|1|700|DISP=ACCEPT_INSTALL|DETAIL=map
0000000000000000000000000000000000000000000000000000000000000000|0000000000000000000000000000000000000000000000000000000000000000|0|3|rt4_TMB-5_MAP_g_5218.r24|2|1|RICH|700|0|2580|0000000000000000000000000000000000000000000000000000000000000000|RICH|1|700|DISP=ACCEPT_INSTALL|DETAIL=map
0000000000000000000000000000000000000000000000000000000000000000|0000000000000000000000000000000000000000000000000000000000000000|0|3|rt4_TMB-5_MAP_g_5219.r24|2|1|RICH|700|0|2590|0000000000000000000000000000000000000000000000000000000000000000|RICH|1|700|DISP=ACCEPT_INSTALL|DETAIL=map
0000000000000000000000000000000000000000000000000000000000000000|0000000000000000000000000000000000000000000000000000000000000000|0|3|rt4_TMB-5_MAP_g_5220.r24|2|1|RICH|700|0|2600|0000000000000000000000000000000000000000000000000000000000000000|RICH|1|700|DISP=ACCEPT_INSTALL|DETAIL=map
0000000000000000000000000000000000000000000000000000000000000000|0000000000000000000000000000000000000000000000000000000000000000|0|3|rt4_TMB-5_MAP_g_5221.r24|2|1|RICH|700|0|2610|0000000000000000000000000000000000000000000000000000000000000000|RICH|1|700|DISP=ACCEPT_INSTALL|DETAIL=map
0000000000000000000000000000000000000000000000000000000000000000|0000000000000000000000000000000000000000000000000000000000000000|0|3|rt4_TMB-5_MAP_g_5222.r24|2|1|RICH|700|0|2620|0000000000000000000000000000000000000000000000000000000000000000|RICH|1|700|DISP=ACCEPT_INSTALL|DETAIL=map
0000000000000000000000000000000000000000000000000000000000000000|0000000000000000000000000000000000000000000000000000000000000000|0|3|rt4_TMB-5_MAP_g_5223.r24|2|1|RICH|700|0|2630|0000000000000000000000000000000000000000000000000000000000000000|RICH|1|700|DISP=ACCEPT_INSTALL|DETAIL=map
0000000000000000000000000000000000000000000000000000000000000000|0000000000000000000000000000000000000000000000000000000000000000|0|3|rt4_TMB-5_MAP_g_5224.r24|2|1|RICH|700|0|2640|0000000000000000000000000000000000000000000000000000000000000000|RICH|1|700|DISP=ACCEPT_INSTALL|DETAIL=map
0000000000000000000000000000000000000000000000000000000000000000|0000000000000000000000000000000000000000000000000000000000000000|0|3|rt4_TMB-5_MAP_g_5225.r24|2|1|RICH|700|0|2650|0000000000000000000000000000000000000000000000000000000000000000|RICH|1|700|DISP=ACCEPT_INSTALL|DETAIL=map
0000000000000000000000000000000000000000000000000000000000000000|0000000000000000000000000000000000000000000000000000000000000000|0|3|rt4_TMB-5_MAP_g_5226.r24|2|1|RICH|700|0|2660|0000000000000000000000000000000000000000000000000000000000000000|RICH|1|700|DISP=ACCEPT_INSTALL|DETAIL=map
0000000000000000000000000000000000000000000000000000000000000000|0000000000000000000000000000000000000000000000000000000000000000|0|3|rt4_TMB-5_MAP_g_5227.r24|2|1|RICH|700|0|2670|0000000000000000000000000000000000000000000000000000000000000000|RICH|1|700|DISP=ACCEPT_INSTALL|DETAIL=map
0000000000000000000000000000000000000000000000000000000000000000|0000000000000000000000000000000000000000000000000000000000000000|0|3|rt4_TMB-5_MAP_g_5228.r24|2|1|RICH|700|0|2680|0000000000000000000000000000000000000000000000000000000000000000|RICH|1|700|DISP=ACCEPT_INSTALL|DETAIL=map
0000000000000000000000000000000000000000000000000000000000000000|0000000000000000000000000000000000000000000000000000000000000000|0|3|rt4_TMB-5_MAP_g_5229.r24|2|1|RICH|700|0|2690|0000000000000000000000000000000000000000000000000000000000000000|RICH|1|700|DISP=ACCEPT_INSTALL|DETAIL=map
0000000000000000000000000000000000000000000000000000000000000000|0000000000000000000000000000000000000000000000000000000000000000|0|3|rt4_TMB-5_MAP_g_5230.r24|2|1|RICH|700|0|2700|0000000000000000000000000000000000000000000000000000000000000000|RICH|1|700|DISP=ACCEPT_INSTALL|DETAIL=map
0000000000000000000000000000000000000000000000000000000000000000|0000000000000000000000000000000000000000000000000000000000000000|0|3|rt4_TMB-5_MAP_g_5231.r24|2|1|RICH|700|0|2710|0000000000000000000000000000000000000000000000000000000000000000|RICH|1|700|DISP=ACCEPT_INSTALL|DETAIL=map
0000000000000000000000000000000000000000000000000000000000000000|0000000000000000000000000000000000000000000000000000000000000000|0|3|rt4_TMB-5_MAP_g_5232.r24|2|1|RICH|700|0|2720|0000000000000000000000000000000000000000000000000000000000000000|RICH|1|700|DISP=ACCEPT_INSTALL|DETAIL=map
0000000000000000000000000000000000000000000000000000000000000000|0000000000000000000000000000000000000000000000000000000000000000|0|3|rt4_TMB-5_MAP_g_5233.r24|2|1|RICH|700|0|2730|0000000000000000000000000000000000000000000000000000000000000000|RICH|1|700|DISP=ACCEPT_INSTALL|DETAIL=map
0000000000000000000000000000000000000000000000000000000000000000|0000000000000000000000000000000000000000000000000000000000000000|0|3|rt4_TMB-5_MAP_g_5234.r24|2|1|RICH|700|0|2740|0000000000000000000000000000000000000000000000000000000000000000|RICH|1|700|DISP=ACCEPT_INSTALL|DETAIL=map
0000000000000000000000000000000000000000000000000000000000000000|0000000000000000000000000000000000000000000000000000000000000000|0|3|rt4_TMB-5_MAP_g_5235.r24|2|1|RICH|700|0|2750|0000000000000000000000000000000000000000000000000000000000000000|RICH|1|700|DISP=ACCEPT_INSTALL|DETAIL=map
0000000000000000000000000000000000000000000000000000000000000000|0000000000000000000000000000000000000000000000000000000000000000|0|3|rt4_TMB-5_MAP_g_5236.r24|2|1|RICH|700|0|2760|0000000000000000000000000000000000000000000000000000000000000000|RICH|1|700|DISP=ACCEPT_INSTALL|DETAIL=map
0000000000000000000000000000000000000000000000000000000000000000|0000000000000000000000000000000000000000000000000000000000000000|0|3|rt4_TMB-5_MAP_g_5237.r24|2|1|RICH|700|0|2770|0000000000000000000000000000000000000000000000000000000000000000|RICH|1|700|DISP=ACCEPT_INSTALL|DETAIL=map
0000000000000000000000000000000000000000000000000000000000000000|0000000000000000000000000000000000000000000000000000000000000000|0|3|rt4_TMB-5_MAP_g_5238.r24|2|1|RICH|700|0|2780|0000000000000000000000000000000000000000000000000000000000000000|RICH|1|700|DISP=ACCEPT_INSTALL|DETAIL=map
0000000000000000000000000000000000000000000000000000000000000000|0000000000000000000000000000000000000000000000000000000000000000|0|3|rt4_TMB-5_MAP_g_5239.r24|2|1|RICH|700|0|2790|0000000000000000000000000000000000000000000000000000000000000000|RICH|1|700|DISP=ACCEPT_INSTALL|DETAIL=map
0000000000000000000000000000000000000000000000000000000000000000|0000000000000000000000000000000000000000000000000000000000000000|0|3|rt4_TMB-5_MAP_g_5240.r24|2|1|RICH|700|0|2800|0000000000000000000000000000000000000000000000000000000000000000|RICH|1|700|DISP=ACCEPT_INSTALL|DETAIL=map
0000000000000000000000000000000000000000000000000000000000000000|0000000000000000000000000000000000000000000000000000000000000000|0|3|rt4_TMB-5_MAP_g_5241.r24|2|1|RICH|700|0|2810|0000000000000000000000000000000000000000000000000000000000000000|RICH|1|700|DISP=ACCEPT_INSTALL|DETAIL=map
0000000000000000000000000000000000000000000000000000000000000000|0000000000000000000000000000000000000000000000000000000000000000|0|3|rt4_TMB-5_MAP_g_5242.r24|2|1|RICH|700|0|2820|0000000000000000000000000000000000000000000000000000000000000000|RICH|1|700|DISP=ACCEPT_INSTALL|DETAIL=map
0000000000000000000000000000000000000000000000000000000000000000|0000000000000000000000000000000000000000000000000000000000000000|0|3|rt4_TMB-5_MAP_g_5243.r24|2|1|RICH|700|0|2830|0000000000000000000000000000000000000000000000000000000000000000|RICH|1|700|DISP=ACCEPT_INSTALL|DETAIL=map
0000000000000000000000000000000000000000000000000000000000000000|0000000000000000000000000000000000000000000000000000000000000000|0|3|rt4_TMB-5_MAP_g_5244.r24|2|1|RICH|700|0|2840|0000000000000000000000000000000000000000000000000000000000000000|RICH|1|700|DISP=ACCEPT_INSTALL|DETAIL=map
0000000000000000000000000000000000000000000000000000000000000000|0000000000000000000000000000000000000000000000000000000000000000|0|3|rt4_TMB-5_MAP_g_5245.r24|2|1|RICH|700|0|2850|0000000000000000000000000000000000000000000000000000000000000000|RICH|1|700|DISP=ACCEPT_INSTALL|DETAIL=map
0000000000000000000000000000000000000000000000000000000000000000|0000000000000000000000000000000000000000000000000000000000000000|0|3|rt4_TMB-5_MAP_g_5246.r24|2|1|RICH|700|0|2860|0000000000000000000000000000000000000000000000000000000000000000|RICH|1|700|DISP=ACCEPT_INSTALL|DETAIL=map
0000000000000000000000000000000000000000000000000000000000000000|0000000000000000000000000000000000000000000000000000000000000000|0|3|rt4_TMB-5_MAP_g_5247.r24|2|1|RICH|700|0|2870|0000000000000000000000000000000000000000000000000000000000000000|RICH|1|700|DISP=ACCEPT_INSTALL|DETAIL=map
0000000000000000000000000000000000000000000000000000000000000000|0000000000000000000000000000000000000000000000000000000000000000|0|3|rt4_TMB-5_MAP_g_5248.r24|2|1|RICH|700|0|2880|0000000000000000000000000000000000000000000000000000000000000000|RICH|1|700|DISP=ACCEPT_INSTALL|DETAIL=map
0000000000000000000000000000000000000000000000000000000000000000|0000000000000000000000000000000000000000000000000000000000000000|0|3|rt4_TMB-5_MAP_g_5249.r24|2|1|RICH|700|0|2890|0000000000000000000000000000000000000000000000000000000000000000|RICH|1|700|DISP=ACCEPT_INSTALL|DETAIL=map
0000000000000000000000000000000000000000000000000000000000000000|0000000000000000000000000000000000000000000000000000000000000000|0|3|rt4_TMB-5_MAP_g_5250.r24|2|1|RICH|700|0|2900|0000000000000000000000000000000000000000000000000000000000000000|RICH|1|700|DISP=ACCEPT_INSTALL|DETAIL=map
0000000000000000000000000000000000000000000000000000000000000000|0000000000000000000000000000000000000000000000000000000000000000|0|3|rt4_TMB-5_MAP_g_5251.r24|2|1|RICH|700|0|2920|0000000000000000000000000000000000000000000000000000000000000000|RICH|1|700|DISP=ACCEPT_INSTALL|DETAIL=map
0000000000000000000000000000000000000000000000000000000000000000|0000000000000000000000000000000000000000000000000000000000000000|0|3|rt4_TMB-5_MAP_g_5252.r24|2|1|RICH|700|0|2940|0000000000000000000000000000000000000000000000000000000000000000|RICH|1|700|DISP=ACCEPT_INSTALL|DETAIL=map
0000000000000000000000000000000000000000000000000000000000000000|0000000000000000000000000000000000000000000000000000000000000000|0|3|rt4_TMB-5_MAP_g_5253.r24|2|1|RICH|700|0|2960|0000000000000000000000000000000000000000000000000000000000000000|RICH|1|700|DISP=ACCEPT_INSTALL|DETAIL=map
0000000000000000000000000000000000000000000000000000000000000000|0000000000000000000000000000000000000000000000000000000000000000|0|3|rt4_TMB-5_MAP_g_5254.r24|2|1|RICH|700|0|2980|0000000000000000000000000000000000000000000000000000000000000000|RICH|1|700|DISP=ACCEPT_INSTALL|DETAIL=map
0000000000000000000000000000000000000000000000000000000000000000|0000000000000000000000000000000000000000000000000000000000000000|0|3|rt4_TMB-5_MAP_g_5255.r24|2|1|RICH|700|0|3000|0000000000000000000000000000000000000000000000000000000000000000|RICH|1|700|DISP=ACCEPT_INSTALL|DETAIL=map
0000000000000000000000000000000000000000000000000000000000000000|0000000000000000000000000000000000000000000000000000000000000000|0|3|rt4_TMB-5_MAP_g_5256.r24|2|1|RICH|700|0|3020|0000000000000000000000000000000000000000000000000000000000000000|RICH|1|700|DISP=ACCEPT_INSTALL|DETAIL=map
0000000000000000000000000000000000000000000000000000000000000000|0000000000000000000000000000000000000000000000000000000000000000|0|3|rt4_TMB-5_MAP_g_5257.r24|2|1|RICH|700|0|3040|0000000000000000000000000000000000000000000000000000000000000000|RICH|1|700|DISP=ACCEPT_INSTALL|DETAIL=map
0000000000000000000000000000000000000000000000000000000000000000|0000000000000000000000000000000000000000000000000000000000000000|0|3|rt4_TMB-5_MAP_g_5258.r24|2|1|RICH|700|0|3060|0000000000000000000000000000000000000000000000000000000000000000|RICH|1|700|DISP=ACCEPT_INSTALL|DETAIL=map
0000000000000000000000000000000000000000000000000000000000000000|0000000000000000000000000000000000000000000000000000000000000000|0|3|rt4_TMB-5_MAP_g_5259.r24|2|1|RICH|700|0|3080|0000000000000000000000000000000000000000000000000000000000000000|RICH|1|700|DISP=ACCEPT_INSTALL|DETAIL=map
0000000000000000000000000000000000000000000000000000000000000000|0000000000000000000000000000000000000000000000000000000000000000|0|3|rt4_TMB-5_MAP_g_5260.r24|2|1|RICH|700|0|3100|0000000000000000000000000000000000000000000000000000000000000000|RICH|1|700|DISP=ACCEPT_INSTALL|DETAIL=map
0000000000000000000000000000000000000000000000000000000000000000|0000000000000000000000000000000000000000000000000000000000000000|0|3|rt4_TMB-5_MAP_g_5261.r24|2|1|RICH|700|0|3120|0000000000000000000000000000000000000000000000000000000000000000|RICH|1|700|DISP=ACCEPT_INSTALL|DETAIL=map
0000000000000000000000000000000000000000000000000000000000000000|0000000000000000000000000000000000000000000000000000000000000000|0|3|rt4_TMB-5_MAP_g_5262.r24|2|1|RICH|700|0|3140|0000000000000000000000000000000000000000000000000000000000000000|RICH|1|700|DISP=ACCEPT_INSTALL|DETAIL=map
0000000000000000000000000000000000000000000000000000000000000000|0000000000000000000000000000000000000000000000000000000000000000|0|3|rt4_TMB-5_MAP_g_5263.r24|2|1|RICH|700|0|3160|0000000000000000000000000000000000000000000000000000000000000000|RICH|1|700|DISP=ACCEPT_INSTALL|DETAIL=map
0000000000000000000000000000000000000000000000000000000000000000|0000000000000000000000000000000000000000000000000000000000000000|0|3|rt4_TMB-5_MAP_g_5264.r24|2|1|RICH|700|0|3180|0000000000000000000000000000000000000000000000000000000000000000|RICH|1|700|DISP=ACCEPT_INSTALL|DETAIL=map
0000000000000000000000000000000000000000000000000000000000000000|0000000000000000000000000000000000000000000000000000000000000000|0|3|rt4_TMB-5_MAP_g_5265.r24|2|1|RICH|700|0|3200|0000000000000000000000000000000000000000000000000000000000000000|RICH|1|700|DISP=ACCEPT_INSTALL|DETAIL=map
0000000000000000000000000000000000000000000000000000000000000000|0000000000000000000000000000000000000000000000000000000000000000|0|3|rt4_TMB-5_MAP_g_5266.r24|2|1|RICH|700|0|3220|0000000000000000000000000000000000000000000000000000000000000000|RICH|1|700|DISP=ACCEPT_INSTALL|DETAIL=map
0000000000000000000000000000000000000000000000000000000000000000|0000000000000000000000000000000000000000000000000000000000000000|0|3|rt4_TMB-5_MAP_g_5267.r24|2|1|RICH|700|0|3240|0000000000000000000000000000000000000000000000000000000000000000|RICH|1|700|DISP=ACCEPT_INSTALL|DETAIL=map
0000000000000000000000000000000000000000000000000000000000000000|0000000000000000000000000000000000000000000000000000000000000000|0|3|rt4_TMB-5_MAP_g_5268.r24|2|1|RICH|700|0|3260|0000000000000000000000000000000000000000000000000000000000000000|RICH|1|700|DISP=ACCEPT_INSTALL|DETAIL=map
0000000000000000000000000000000000000000000000000000000000000000|0000000000000000000000000000000000000000000000000000000000000000|0|3|rt4_TMB-5_MAP_g_5269.r24|2|1|RICH|700|0|3280|0000000000000000000000000000000000000000000000000000000000000000|RICH|1|700|DISP=ACCEPT_INSTALL|DETAIL=map
0000000000000000000000000000000000000000000000000000000000000000|0000000000000000000000000000000000000000000000000000000000000000|0|3|rt4_TMB-5_MAP_g_5270.r24|2|1|RICH|700|0|3300|0000000000000000000000000000000000000000000000000000000000000000|RICH|1|700|DISP=ACCEPT_INSTALL|DETAIL=map
0000000000000000000000000000000000000000000000000000000000000000|0000000000000000000000000000000000000000000000000000000000000000|0|3|rt4_TMB-5_MAP_g_5271.r24|2|1|RICH|700|0|3320|0000000000000000000000000000000000000000000000000000000000000000|RICH|1|700|DISP=ACCEPT_INSTALL|DETAIL=map
0000000000000000000000000000000000000000000000000000000000000000|0000000000000000000000000000000000000000000000000000000000000000|0|3|rt4_TMB-5_MAP_g_5272.r24|2|1|RICH|700|0|3340|0000000000000000000000000000000000000000000000000000000000000000|RICH|1|700|DISP=ACCEPT_INSTALL|DETAIL=map
0000000000000000000000000000000000000000000000000000000000000000|0000000000000000000000000000000000000000000000000000000000000000|0|3|rt4_TMB-5_MAP_g_5273.r24|2|1|RICH|700|0|3360|0000000000000000000000000000000000000000000000000000000000000000|RICH|1|700|DISP=ACCEPT_INSTALL|DETAIL=map
0000000000000000000000000000000000000000000000000000000000000000|0000000000000000000000000000000000000000000000000000000000000000|0|3|rt4_TMB-5_MAP_g_5274.r24|2|1|RICH|700|0|3380|0000000000000000000000000000000000000000000000000000000000000000|RICH|1|700|DISP=ACCEPT_INSTALL|DETAIL=map
0000000000000000000000000000000000000000000000000000000000000000|0000000000000000000000000000000000000000000000000000000000000000|0|3|rt4_TMB-5_MAP_g_5275.r24|2|1|RICH|700|0|3400|0000000000000000000000000000000000000000000000000000000000000000|RICH|1|700|DISP=ACCEPT_INSTALL|DETAIL=map
0000000000000000000000000000000000000000000000000000000000000000|0000000000000000000000000000000000000000000000000000000000000000|0|3|rt4_TMB-5_MAP_g_5276.r24|2|1|RICH|700|0|3420|0000000000000000000000000000000000000000000000000000000000000000|RICH|1|700|DISP=ACCEPT_INSTALL|DETAIL=map
0000000000000000000000000000000000000000000000000000000000000000|0000000000000000000000000000000000000000000000000000000000000000|0|3|rt4_TMB-5_MAP_g_5277.r24|2|1|RICH|700|0|3440|0000000000000000000000000000000000000000000000000000000000000000|RICH|1|700|DISP=ACCEPT_INSTALL|DETAIL=map
0000000000000000000000000000000000000000000000000000000000000000|0000000000000000000000000000000000000000000000000000000000000000|0|3|rt4_TMB-5_MAP_g_5278.r24|2|1|RICH|700|0|3460|0000000000000000000000000000000000000000000000000000000000000000|RICH|1|700|DISP=ACCEPT_INSTALL|DETAIL=map
0000000000000000000000000000000000000000000000000000000000000000|0000000000000000000000000000000000000000000000000000000000000000|0|3|rt4_TMB-5_MAP_g_5279.r24|2|1|RICH|700|0|3480|0000000000000000000000000000000000000000000000000000000000000000|RICH|1|700|DISP=ACCEPT_INSTALL|DETAIL=map
0000000000000000000000000000000000000000000000000000000000000000|0000000000000000000000000000000000000000000000000000000000000000|0|3|rt4_TMB-5_MAP_g_5280.r24|2|1|RICH|700|0|3500|0000000000000000000000000000000000000000000000000000000000000000|RICH|1|700|DISP=ACCEPT_INSTALL|DETAIL=map
0000000000000000000000000000000000000000000000000000000000000000|0000000000000000000000000000000000000000000000000000000000000000|0|3|rt4_TMB-5_MAP_g_5281.r24|2|1|RICH|700|0|3520|0000000000000000000000000000000000000000000000000000000000000000|RICH|1|700|DISP=ACCEPT_INSTALL|DETAIL=map
0000000000000000000000000000000000000000000000000000000000000000|0000000000000000000000000000000000000000000000000000000000000000|0|3|rt4_TMB-5_MAP_g_5282.r24|2|1|RICH|700|0|3540|0000000000000000000000000000000000000000000000000000000000000000|RICH|1|700|DISP=ACCEPT_INSTALL|DETAIL=map
0000000000000000000000000000000000000000000000000000000000000000|0000000000000000000000000000000000000000000000000000000000000000|0|3|rt4_TMB-5_MAP_g_5283.r24|2|1|RICH|700|0|3560|0000000000000000000000000000000000000000000000000000000000000000|RICH|1|700|DISP=ACCEPT_INSTALL|DETAIL=map
0000000000000000000000000000000000000000000000000000000000000000|0000000000000000000000000000000000000000000000000000000000000000|0|3|rt4_TMB-5_MAP_g_5284.r24|2|1|RICH|700|0|3580|0000000000000000000000000000000000000000000000000000000000000000|RICH|1|700|DISP=ACCEPT_INSTALL|DETAIL=map
0000000000000000000000000000000000000000000000000000000000000000|0000000000000000000000000000000000000000000000000000000000000000|0|3|rt4_TMB-5_MAP_g_5285.r24|2|1|RICH|700|0|3600|0000000000000000000000000000000000000000000000000000000000000000|RICH|1|700|DISP=ACCEPT_INSTALL|DETAIL=map
0000000000000000000000000000000000000000000000000000000000000000|0000000000000000000000000000000000000000000000000000000000000000|0|3|rt4_TMB-5_MAP_g_5286.r24|2|1|RICH|700|0|3620|0000000000000000000000000000000000000000000000000000000000000000|RICH|1|700|DISP=ACCEPT_INSTALL|DETAIL=map
0000000000000000000000000000000000000000000000000000000000000000|0000000000000000000000000000000000000000000000000000000000000000|0|3|rt4_TMB-5_MAP_g_5287.r24|2|1|RICH|700|0|3640|0000000000000000000000000000000000000000000000000000000000000000|RICH|1|700|DISP=ACCEPT_INSTALL|DETAIL=map
0000000000000000000000000000000000000000000000000000000000000000|0000000000000000000000000000000000000000000000000000000000000000|0|3|rt4_TMB-5_MAP_g_5288.r24|2|1|RICH|700|0|3660|0000000000000000000000000000000000000000000000000000000000000000|RICH|1|700|DISP=ACCEPT_INSTALL|DETAIL=map
0000000000000000000000000000000000000000000000000000000000000000|0000000000000000000000000000000000000000000000000000000000000000|0|3|rt4_TMB-5_MAP_g_5289.r24|2|1|RICH|700|0|3680|0000000000000000000000000000000000000000000000000000000000000000|RICH|1|700|DISP=ACCEPT_INSTALL|DETAIL=map
0000000000000000000000000000000000000000000000000000000000000000|0000000000000000000000000000000000000000000000000000000000000000|0|3|rt4_TMB-5_MAP_g_5290.r24|2|1|RICH|700|0|3700|0000000000000000000000000000000000000000000000000000000000000000|RICH|1|700|DISP=ACCEPT_INSTALL|DETAIL=map
0000000000000000000000000000000000000000000000000000000000000000|0000000000000000000000000000000000000000000000000000000000000000|0|3|rt4_TMB-5_MAP_g_5291.r24|2|1|RICH|700|0|3720|0000000000000000000000000000000000000000000000000000000000000000|RICH|1|700|DISP=ACCEPT_INSTALL|DETAIL=map
0000000000000000000000000000000000000000000000000000000000000000|0000000000000000000000000000000000000000000000000000000000000000|0|3|rt4_TMB-5_MAP_g_5292.r24|2|1|RICH|700|0|3740|0000000000000000000000000000000000000000000000000000000000000000|RICH|1|700|DISP=ACCEPT_INSTALL|DETAIL=map
0000000000000000000000000000000000000000000000000000000000000000|0000000000000000000000000000000000000000000000000000000000000000|0|3|rt4_TMB-5_MAP_g_5293.r24|2|1|RICH|700|0|3760|0000000000000000000000000000000000000000000000000000000000000000|RICH|1|700|DISP=ACCEPT_INSTALL|DETAIL=map
0000000000000000000000000000000000000000000000000000000000000000|0000000000000000000000000000000000000000000000000000000000000000|0|3|rt4_TMB-5_MAP_g_5294.r24|2|1|RICH|700|0|3780|0000000000000000000000000000000000000000000000000000000000000000|RICH|1|700|DISP=ACCEPT_INSTALL|DETAIL=map
0000000000000000000000000000000000000000000000000000000000000000|0000000000000000000000000000000000000000000000000000000000000000|0|3|rt4_TMB-5_MAP_g_5295.r24|2|1|RICH|700|0|3800|0000000000000000000000000000000000000000000000000000000000000000|RICH|1|700|DISP=ACCEPT_INSTALL|DETAIL=map
0000000000000000000000000000000000000000000000000000000000000000|0000000000000000000000000000000000000000000000000000000000000000|0|3|rt4_TMB-5_MAP_g_5296.r24|2|1|RICH|700|0|3820|0000000000000000000000000000000000000000000000000000000000000000|RICH|1|700|DISP=ACCEPT_INSTALL|DETAIL=map
0000000000000000000000000000000000000000000000000000000000000000|0000000000000000000000000000000000000000000000000000000000000000|0|3|rt4_TMB-5_MAP_g_5297.r24|2|1|RICH|700|0|3840|0000000000000000000000000000000000000000000000000000000000000000|RICH|1|700|DISP=ACCEPT_INSTALL|DETAIL=map
0000000000000000000000000000000000000000000000000000000000000000|0000000000000000000000000000000000000000000000000000000000000000|0|3|rt4_TMB-5_MAP_g_5298.r24|2|1|RICH|700|0|3860|0000000000000000000000000000000000000000000000000000000000000000|RICH|1|700|DISP=ACCEPT_INSTALL|DETAIL=map
0000000000000000000000000000000000000000000000000000000000000000|0000000000000000000000000000000000000000000000000000000000000000|0|3|rt4_TMB-5_MAP_g_5299.r24|2|1|RICH|700|0|3880|0000000000000000000000000000000000000000000000000000000000000000|RICH|1|700|DISP=ACCEPT_INSTALL|DETAIL=map
0000000000000000000000000000000000000000000000000000000000000000|0000000000000000000000000000000000000000000000000000000000000000|0|3|rt4_TMB-5_MAP_g_5300.r24|2|1|RICH|700|0|3900|0000000000000000000000000000000000000000000000000000000000000000|RICH|1|700|DISP=ACCEPT_INSTALL|DETAIL=map
0000000000000000000000000000000000000000000000000000000000000000|0000000000000000000000000000000000000000000000000000000000000000|0|3|rt4_TMB-5_MAP_g_5301.r24|2|1|RICH|700|0|3920|0000000000000000000000000000000000000000000000000000000000000000|RICH|1|700|DISP=ACCEPT_INSTALL|DETAIL=map
0000000000000000000000000000000000000000000000000000000000000000|0000000000000000000000000000000000000000000000000000000000000000|0|3|rt4_TMB-5_MAP_g_5302.r24|2|1|RICH|700|0|3940|0000000000000000000000000000000000000000000000000000000000000000|RICH|1|700|DISP=ACCEPT_INSTALL|DETAIL=map
0000000000000000000000000000000000000000000000000000000000000000|0000000000000000000000000000000000000000000000000000000000000000|0|3|rt4_TMB-5_MAP_g_5303.r24|2|1|RICH|700|0|3960|0000000000000000000000000000000000000000000000000000000000000000|RICH|1|700|DISP=ACCEPT_INSTALL|DETAIL=map
0000000000000000000000000000000000000000000000000000000000000000|0000000000000000000000000000000000000000000000000000000000000000|0|3|rt4_TMB-5_MAP_g_5304.r24|2|1|RICH|700|0|3980|0000000000000000000000000000000000000000000000000000000000000000|RICH|1|700|DISP=ACCEPT_INSTALL|DETAIL=map
0000000000000000000000000000000000000000000000000000000000000000|0000000000000000000000000000000000000000000000000000000000000000|0|3|rt4_TMB-5_MAP_g_5305.r24|2|1|RICH|700|0|4000|0000000000000000000000000000000000000000000000000000000000000000|RICH|1|700|DISP=ACCEPT_INSTALL|DETAIL=map
0000000000000000000000000000000000000000000000000000000000000000|0000000000000000000000000000000000000000000000000000000000000000|0|3|rt4_TMB-5_MAP_g_5306.r24|2|1|RICH|700|0|4020|0000000000000000000000000000000000000000000000000000000000000000|RICH|1|700|DISP=ACCEPT_INSTALL|DETAIL=map
0000000000000000000000000000000000000000000000000000000000000000|0000000000000000000000000000000000000000000000000000000000000000|0|3|rt4_TMB-5_MAP_g_5307.r24|2|1|RICH|700|0|4040|0000000000000000000000000000000000000000000000000000000000000000|RICH|1|700|DISP=ACCEPT_INSTALL|DETAIL=map
0000000000000000000000000000000000000000000000000000000000000000|0000000000000000000000000000000000000000000000000000000000000000|0|3|rt4_TMB-5_MAP_g_5308.r24|2|1|RICH|700|0|4060|0000000000000000000000000000000000000000000000000000000000000000|RICH|1|700|DISP=ACCEPT_INSTALL|DETAIL=map
0000000000000000000000000000000000000000000000000000000000000000|0000000000000000000000000000000000000000000000000000000000000000|0|3|rt4_TMB-5_MAP_g_5309.r24|2|1|RICH|700|0|4080|0000000000000000000000000000000000000000000000000000000000000000|RICH|1|700|DISP=ACCEPT_INSTALL|DETAIL=map
0000000000000000000000000000000000000000000000000000000000000000|0000000000000000000000000000000000000000000000000000000000000000|0|3|rt4_TMB-5_MAP_g_5310.r24|2|1|RICH|700|0|4100|0000000000000000000000000000000000000000000000000000000000000000|RICH|1|700|DISP=ACCEPT_INSTALL|DETAIL=map
0000000000000000000000000000000000000000000000000000000000000000|0000000000000000000000000000000000000000000000000000000000000000|0|3|rt4_TMB-5_MAP_g_5311.r24|2|1|RICH|700|0|4120|0000000000000000000000000000000000000000000000000000000000000000|RICH|1|700|DISP=ACCEPT_INSTALL|DETAIL=map
0000000000000000000000000000000000000000000000000000000000000000|0000000000000000000000000000000000000000000000000000000000000000|0|3|rt4_TMB-5_MAP_g_5312.r24|2|1|RICH|700|0|4140|0000000000000000000000000000000000000000000000000000000000000000|RICH|1|700|DISP=ACCEPT_INSTALL|DETAIL=map
0000000000000000000000000000000000000000000000000000000000000000|0000000000000000000000000000000000000000000000000000000000000000|0|3|rt4_TMB-5_MAP_g_5313.r24|2|1|RICH|700|0|4160|0000000000000000000000000000000000000000000000000000000000000000|RICH|1|700|DISP=ACCEPT_INSTALL|DETAIL=map
0000000000000000000000000000000000000000000000000000000000000000|0000000000000000000000000000000000000000000000000000000000000000|0|3|rt4_TMB-5_MAP_g_5314.r24|2|1|RICH|700|0|4180|0000000000000000000000000000000000000000000000000000000000000000|RICH|1|700|DISP=ACCEPT_INSTALL|DETAIL=map
0000000000000000000000000000000000000000000000000000000000000000|0000000000000000000000000000000000000000000000000000000000000000|0|3|rt4_TMB-5_MAP_g_5315.r24|2|1|RICH|700|0|4200|0000000000000000000000000000000000000000000000000000000000000000|RICH|1|700|DISP=ACCEPT_INSTALL|DETAIL=map
0000000000000000000000000000000000000000000000000000000000000000|0000000000000000000000000000000000000000000000000000000000000000|0|3|rt4_TMB-5_MAP_g_5316.r24|2|1|RICH|700|0|4220|0000000000000000000000000000000000000000000000000000000000000000|RICH|1|700|DISP=ACCEPT_INSTALL|DETAIL=map
0000000000000000000000000000000000000000000000000000000000000000|0000000000000000000000000000000000000000000000000000000000000000|0|3|rt4_TMB-5_MAP_g_5317.r24|2|1|RICH|700|0|4240|0000000000000000000000000000000000000000000000000000000000000000|RICH|1|700|DISP=ACCEPT_INSTALL|DETAIL=map
0000000000000000000000000000000000000000000000000000000000000000|0000000000000000000000000000000000000000000000000000000000000000|0|3|rt4_TMB-5_MAP_g_5318.r24|2|1|RICH|700|0|4260|0000000000000000000000000000000000000000000000000000000000000000|RICH|1|700|DISP=ACCEPT_INSTALL|DETAIL=map
0000000000000000000000000000000000000000000000000000000000000000|0000000000000000000000000000000000000000000000000000000000000000|0|3|rt4_TMB-5_MAP_g_5319.r24|2|1|RICH|700|0|4280|0000000000000000000000000000000000000000000000000000000000000000|RICH|1|700|DISP=ACCEPT_INSTALL|DETAIL=map
0000000000000000000000000000000000000000000000000000000000000000|0000000000000000000000000000000000000000000000000000000000000000|0|3|rt4_TMB-5_MAP_g_5320.r24|2|1|RICH|700|0|4300|0000000000000000000000000000000000000000000000000000000000000000|RICH|1|700|DISP=ACCEPT_INSTALL|DETAIL=map
0000000000000000000000000000000000000000000000000000000000000000|0000000000000000000000000000000000000000000000000000000000000000|0|3|rt4_TMB-5_MAP_g_5321.r24|2|1|RICH|700|0|4320|0000000000000000000000000000000000000000000000000000000000000000|RICH|1|700|DISP=ACCEPT_INSTALL|DETAIL=map
0000000000000000000000000000000000000000000000000000000000000000|0000000000000000000000000000000000000000000000000000000000000000|0|3|rt4_TMB-5_MAP_g_5322.r24|2|1|RICH|700|0|4340|0000000000000000000000000000000000000000000000000000000000000000|RICH|1|700|DISP=ACCEPT_INSTALL|DETAIL=map
0000000000000000000000000000000000000000000000000000000000000000|0000000000000000000000000000000000000000000000000000000000000000|0|3|rt4_TMB-5_MAP_g_5323.r24|2|1|RICH|700|0|4360|0000000000000000000000000000000000000000000000000000000000000000|RICH|1|700|DISP=ACCEPT_INSTALL|DETAIL=map
0000000000000000000000000000000000000000000000000000000000000000|0000000000000000000000000000000000000000000000000000000000000000|0|3|rt4_TMB-5_MAP_g_5324.r24|2|1|RICH|700|0|4380|0000000000000000000000000000000000000000000000000000000000000000|RICH|1|700|DISP=ACCEPT_INSTALL|DETAIL=map
0000000000000000000000000000000000000000000000000000000000000000|0000000000000000000000000000000000000000000000000000000000000000|0|3|rt4_TMB-5_MAP_g_5325.r24|2|1|RICH|700|0|4400|0000000000000000000000000000000000000000000000000000000000000000|RICH|1|700|DISP=ACCEPT_INSTALL|DETAIL=map
0000000000000000000000000000000000000000000000000000000000000000|0000000000000000000000000000000000000000000000000000000000000000|0|3|rt4_TMB-5_MAP_g_5326.r24|2|1|RICH|700|0|4420|0000000000000000000000000000000000000000000000000000000000000000|RICH|1|700|DISP=ACCEPT_INSTALL|DETAIL=map
0000000000000000000000000000000000000000000000000000000000000000|0000000000000000000000000000000000000000000000000000000000000000|0|3|rt4_TMB-5_MAP_g_5327.r24|2|1|RICH|700|0|4440|0000000000000000000000000000000000000000000000000000000000000000|RICH|1|700|DISP=ACCEPT_INSTALL|DETAIL=map
0000000000000000000000000000000000000000000000000000000000000000|0000000000000000000000000000000000000000000000000000000000000000|0|3|rt4_TMB-5_MAP_g_5328.r24|2|1|RICH|700|0|4460|0000000000000000000000000000000000000000000000000000000000000000|RICH|1|700|DISP=ACCEPT_INSTALL|DETAIL=map
0000000000000000000000000000000000000000000000000000000000000000|0000000000000000000000000000000000000000000000000000000000000000|0|3|rt4_TMB-5_MAP_g_5329.r24|2|1|RICH|700|0|4480|0000000000000000000000000000000000000000000000000000000000000000|RICH|1|700|DISP=ACCEPT_INSTALL|DETAIL=map
0000000000000000000000000000000000000000000000000000000000000000|0000000000000000000000000000000000000000000000000000000000000000|0|3|rt4_TMB-5_MAP_g_5330.r24|2|1|RICH|700|0|4500|0000000000000000000000000000000000000000000000000000000000000000|RICH|1|700|DISP=ACCEPT_INSTALL|DETAIL=map
0000000000000000000000000000000000000000000000000000000000000000|0000000000000000000000000000000000000000000000000000000000000000|0|3|rt4_TMB-5_MAP_g_5331.r24|2|1|RICH|700|0|4520|0000000000000000000000000000000000000000000000000000000000000000|RICH|1|700|DISP=ACCEPT_INSTALL|DETAIL=map
0000000000000000000000000000000000000000000000000000000000000000|0000000000000000000000000000000000000000000000000000000000000000|0|3|rt4_TMB-5_MAP_g_5332.r24|2|1|RICH|700|0|4540|0000000000000000000000000000000000000000000000000000000000000000|RICH|1|700|DISP=ACCEPT_INSTALL|DETAIL=map
0000000000000000000000000000000000000000000000000000000000000000|0000000000000000000000000000000000000000000000000000000000000000|0|3|rt4_TMB-5_MAP_g_5333.r24|2|1|RICH|700|0|4560|0000000000000000000000000000000000000000000000000000000000000000|RICH|1|700|DISP=ACCEPT_INSTALL|DETAIL=map
0000000000000000000000000000000000000000000000000000000000000000|0000000000000000000000000000000000000000000000000000000000000000|0|3|rt4_TMB-5_MAP_g_5334.r24|2|1|RICH|700|0|4580|0000000000000000000000000000000000000000000000000000000000000000|RICH|1|700|DISP=ACCEPT_INSTALL|DETAIL=map
0000000000000000000000000000000000000000000000000000000000000000|0000000000000000000000000000000000000000000000000000000000000000|0|3|rt4_TMB-5_MAP_g_5335.r24|2|1|RICH|700|0|4600|0000000000000000000000000000000000000000000000000000000000000000|RICH|1|700|DISP=ACCEPT_INSTALL|DETAIL=map
0000000000000000000000000000000000000000000000000000000000000000|0000000000000000000000000000000000000000000000000000000000000000|0|3|rt4_TMB-5_MAP_g_5336.r24|2|1|RICH|700|0|4620|0000000000000000000000000000000000000000000000000000000000000000|RICH|1|700|DISP=ACCEPT_INSTALL|DETAIL=map
0000000000000000000000000000000000000000000000000000000000000000|0000000000000000000000000000000000000000000000000000000000000000|0|3|rt4_TMB-5_MAP_g_5337.r24|2|1|RICH|700|0|4640|0000000000000000000000000000000000000000000000000000000000000000|RICH|1|700|DISP=ACCEPT_INSTALL|DETAIL=map
0000000000000000000000000000000000000000000000000000000000000000|0000000000000000000000000000000000000000000000000000000000000000|0|3|rt4_TMB-5_MAP_g_5338.r24|2|1|RICH|700|0|4660|0000000000000000000000000000000000000000000000000000000000000000|RICH|1|700|DISP=ACCEPT_INSTALL|DETAIL=map
0000000000000000000000000000000000000000000000000000000000000000|0000000000000000000000000000000000000000000000000000000000000000|0|3|rt4_TMB-5_MAP_g_5339.r24|2|1|RICH|700|0|4680|0000000000000000000000000000000000000000000000000000000000000000|RICH|1|700|DISP=ACCEPT_INSTALL|DETAIL=map
0000000000000000000000000000000000000000000000000000000000000000|0000000000000000000000000000000000000000000000000000000000000000|0|3|rt4_TMB-5_MAP_g_5340.r24|2|1|RICH|700|0|4700|0000000000000000000000000000000000000000000000000000000000000000|RICH|1|700|DISP=ACCEPT_INSTALL|DETAIL=map
0000000000000000000000000000000000000000000000000000000000000000|0000000000000000000000000000000000000000000000000000000000000000|0|3|rt4_TMB-5_MAP_g_5341.r24|2|1|RICH|700|0|4800|0000000000000000000000000000000000000000000000000000000000000000|RICH|1|700|DISP=ACCEPT_INSTALL|DETAIL=map
0000000000000000000000000000000000000000000000000000000000000000|0000000000000000000000000000000000000000000000000000000000000000|0|3|rt4_TMB-5_MAP_g_5342.r24|2|1|RICH|702|0|600|0000000000000000000000000000000000000000000000000000000000000000|RICH|1|702|DISP=ACCEPT_INSTALL|DETAIL=map
0000000000000000000000000000000000000000000000000000000000000000|0000000000000000000000000000000000000000000000000000000000000000|0|3|rt4_TMB-5_MAP_g_5343.r24|2|1|RICH|702|0|620|0000000000000000000000000000000000000000000000000000000000000000|RICH|1|702|DISP=ACCEPT_INSTALL|DETAIL=map
0000000000000000000000000000000000000000000000000000000000000000|0000000000000000000000000000000000000000000000000000000000000000|0|3|rt4_TMB-5_MAP_g_5344.r24|2|1|RICH|702|0|640|0000000000000000000000000000000000000000000000000000000000000000|RICH|1|702|DISP=ACCEPT_INSTALL|DETAIL=map
0000000000000000000000000000000000000000000000000000000000000000|0000000000000000000000000000000000000000000000000000000000000000|0|3|rt4_TMB-5_MAP_g_5345.r24|2|1|RICH|702|0|660|0000000000000000000000000000000000000000000000000000000000000000|RICH|1|702|DISP=ACCEPT_INSTALL|DETAIL=map
0000000000000000000000000000000000000000000000000000000000000000|0000000000000000000000000000000000000000000000000000000000000000|0|3|rt4_TMB-5_MAP_g_5346.r24|2|1|RICH|702|0|680|0000000000000000000000000000000000000000000000000000000000000000|RICH|1|702|DISP=ACCEPT_INSTALL|DETAIL=map
0000000000000000000000000000000000000000000000000000000000000000|0000000000000000000000000000000000000000000000000000000000000000|0|3|rt4_TMB-5_MAP_g_5347.r24|2|1|RICH|702|0|700|0000000000000000000000000000000000000000000000000000000000000000|RICH|1|702|DISP=ACCEPT_INSTALL|DETAIL=map
0000000000000000000000000000000000000000000000000000000000000000|0000000000000000000000000000000000000000000000000000000000000000|0|3|rt4_TMB-5_MAP_g_5348.r24|2|1|RICH|702|0|720|0000000000000000000000000000000000000000000000000000000000000000|RICH|1|702|DISP=ACCEPT_INSTALL|DETAIL=map
0000000000000000000000000000000000000000000000000000000000000000|0000000000000000000000000000000000000000000000000000000000000000|0|3|rt4_TMB-5_MAP_g_5349.r24|2|1|RICH|702|0|740|0000000000000000000000000000000000000000000000000000000000000000|RICH|1|702|DISP=ACCEPT_INSTALL|DETAIL=map
0000000000000000000000000000000000000000000000000000000000000000|0000000000000000000000000000000000000000000000000000000000000000|0|3|rt4_TMB-5_MAP_g_5350.r24|2|1|RICH|702|0|760|0000000000000000000000000000000000000000000000000000000000000000|RICH|1|702|DISP=ACCEPT_INSTALL|DETAIL=map
0000000000000000000000000000000000000000000000000000000000000000|0000000000000000000000000000000000000000000000000000000000000000|0|3|rt4_TMB-5_MAP_g_5351.r24|2|1|RICH|702|0|780|0000000000000000000000000000000000000000000000000000000000000000|RICH|1|702|DISP=ACCEPT_INSTALL|DETAIL=map
0000000000000000000000000000000000000000000000000000000000000000|0000000000000000000000000000000000000000000000000000000000000000|0|3|rt4_TMB-5_MAP_g_5352.r24|2|1|RICH|702|0|800|0000000000000000000000000000000000000000000000000000000000000000|RICH|1|702|DISP=ACCEPT_INSTALL|DETAIL=map
0000000000000000000000000000000000000000000000000000000000000000|0000000000000000000000000000000000000000000000000000000000000000|0|3|rt4_TMB-5_MAP_g_5353.r24|2|1|RICH|702|0|820|0000000000000000000000000000000000000000000000000000000000000000|RICH|1|702|DISP=ACCEPT_INSTALL|DETAIL=map
0000000000000000000000000000000000000000000000000000000000000000|0000000000000000000000000000000000000000000000000000000000000000|0|3|rt4_TMB-5_MAP_g_5354.r24|2|1|RICH|702|0|840|0000000000000000000000000000000000000000000000000000000000000000|RICH|1|702|DISP=ACCEPT_INSTALL|DETAIL=map
0000000000000000000000000000000000000000000000000000000000000000|0000000000000000000000000000000000000000000000000000000000000000|0|3|rt4_TMB-5_MAP_g_5355.r24|2|1|RICH|702|0|860|0000000000000000000000000000000000000000000000000000000000000000|RICH|1|702|DISP=ACCEPT_INSTALL|DETAIL=map
0000000000000000000000000000000000000000000000000000000000000000|0000000000000000000000000000000000000000000000000000000000000000|0|3|rt4_TMB-5_MAP_g_5356.r24|2|1|RICH|702|0|880|0000000000000000000000000000000000000000000000000000000000000000|RICH|1|702|DISP=ACCEPT_INSTALL|DETAIL=map
0000000000000000000000000000000000000000000000000000000000000000|0000000000000000000000000000000000000000000000000000000000000000|0|3|rt4_TMB-5_MAP_g_5357.r24|2|1|RICH|702|0|900|0000000000000000000000000000000000000000000000000000000000000000|RICH|1|702|DISP=ACCEPT_INSTALL|DETAIL=map
0000000000000000000000000000000000000000000000000000000000000000|0000000000000000000000000000000000000000000000000000000000000000|0|3|rt4_TMB-5_MAP_g_5358.r24|2|1|RICH|702|0|920|0000000000000000000000000000000000000000000000000000000000000000|RICH|1|702|DISP=ACCEPT_INSTALL|DETAIL=map
0000000000000000000000000000000000000000000000000000000000000000|0000000000000000000000000000000000000000000000000000000000000000|0|3|rt4_TMB-5_MAP_g_5359.r24|2|1|RICH|702|0|940|0000000000000000000000000000000000000000000000000000000000000000|RICH|1|702|DISP=ACCEPT_INSTALL|DETAIL=map
0000000000000000000000000000000000000000000000000000000000000000|0000000000000000000000000000000000000000000000000000000000000000|0|3|rt4_TMB-5_MAP_g_5360.r24|2|1|RICH|702|0|960|0000000000000000000000000000000000000000000000000000000000000000|RICH|1|702|DISP=ACCEPT_INSTALL|DETAIL=map
0000000000000000000000000000000000000000000000000000000000000000|0000000000000000000000000000000000000000000000000000000000000000|0|3|rt4_TMB-5_MAP_g_5361.r24|2|1|RICH|702|0|980|0000000000000000000000000000000000000000000000000000000000000000|RICH|1|702|DISP=ACCEPT_INSTALL|DETAIL=map
0000000000000000000000000000000000000000000000000000000000000000|0000000000000000000000000000000000000000000000000000000000000000|0|3|rt4_TMB-5_MAP_g_5362.r24|2|1|RICH|702|0|1000|0000000000000000000000000000000000000000000000000000000000000000|RICH|1|702|DISP=ACCEPT_INSTALL|DETAIL=map
0000000000000000000000000000000000000000000000000000000000000000|0000000000000000000000000000000000000000000000000000000000000000|0|3|rt4_TMB-5_MAP_g_5363.r24|2|1|RICH|702|0|1020|0000000000000000000000000000000000000000000000000000000000000000|RICH|1|702|DISP=ACCEPT_INSTALL|DETAIL=map
0000000000000000000000000000000000000000000000000000000000000000|0000000000000000000000000000000000000000000000000000000000000000|0|3|rt4_TMB-5_MAP_g_5364.r24|2|1|RICH|702|0|1040|0000000000000000000000000000000000000000000000000000000000000000|RICH|1|702|DISP=ACCEPT_INSTALL|DETAIL=map
0000000000000000000000000000000000000000000000000000000000000000|0000000000000000000000000000000000000000000000000000000000000000|0|3|rt4_TMB-5_MAP_g_5365.r24|2|1|RICH|702|0|1060|0000000000000000000000000000000000000000000000000000000000000000|RICH|1|702|DISP=ACCEPT_INSTALL|DETAIL=map
0000000000000000000000000000000000000000000000000000000000000000|0000000000000000000000000000000000000000000000000000000000000000|0|3|rt4_TMB-5_MAP_g_5366.r24|2|1|RICH|702|0|1080|0000000000000000000000000000000000000000000000000000000000000000|RICH|1|702|DISP=ACCEPT_INSTALL|DETAIL=map
0000000000000000000000000000000000000000000000000000000000000000|0000000000000000000000000000000000000000000000000000000000000000|0|3|rt4_TMB-5_MAP_g_5367.r24|2|1|RICH|702|0|1100|0000000000000000000000000000000000000000000000000000000000000000|RICH|1|702|DISP=ACCEPT_INSTALL|DETAIL=map
0000000000000000000000000000000000000000000000000000000000000000|0000000000000000000000000000000000000000000000000000000000000000|0|3|rt4_TMB-5_MAP_g_5368.r24|2|1|RICH|702|0|1120|0000000000000000000000000000000000000000000000000000000000000000|RICH|1|702|DISP=ACCEPT_INSTALL|DETAIL=map
0000000000000000000000000000000000000000000000000000000000000000|0000000000000000000000000000000000000000000000000000000000000000|0|3|rt4_TMB-5_MAP_g_5369.r24|2|1|RICH|702|0|1140|0000000000000000000000000000000000000000000000000000000000000000|RICH|1|702|DISP=ACCEPT_INSTALL|DETAIL=map
0000000000000000000000000000000000000000000000000000000000000000|0000000000000000000000000000000000000000000000000000000000000000|0|3|rt4_TMB-5_MAP_g_5370.r24|2|1|RICH|702|0|1160|0000000000000000000000000000000000000000000000000000000000000000|RICH|1|702|DISP=ACCEPT_INSTALL|DETAIL=map
0000000000000000000000000000000000000000000000000000000000000000|0000000000000000000000000000000000000000000000000000000000000000|0|3|rt4_TMB-5_MAP_g_5371.r24|2|1|RICH|702|0|1180|0000000000000000000000000000000000000000000000000000000000000000|RICH|1|702|DISP=ACCEPT_INSTALL|DETAIL=map
0000000000000000000000000000000000000000000000000000000000000000|0000000000000000000000000000000000000000000000000000000000000000|0|3|rt4_TMB-5_MAP_g_5372.r24|2|1|RICH|702|0|1200|0000000000000000000000000000000000000000000000000000000000000000|RICH|1|702|DISP=ACCEPT_INSTALL|DETAIL=map
0000000000000000000000000000000000000000000000000000000000000000|0000000000000000000000000000000000000000000000000000000000000000|0|3|rt4_TMB-5_MAP_g_5373.r24|2|1|RICH|702|0|1220|0000000000000000000000000000000000000000000000000000000000000000|RICH|1|702|DISP=ACCEPT_INSTALL|DETAIL=map
0000000000000000000000000000000000000000000000000000000000000000|0000000000000000000000000000000000000000000000000000000000000000|0|3|rt4_TMB-5_MAP_g_5374.r24|2|1|RICH|702|0|1240|0000000000000000000000000000000000000000000000000000000000000000|RICH|1|702|DISP=ACCEPT_INSTALL|DETAIL=map
0000000000000000000000000000000000000000000000000000000000000000|0000000000000000000000000000000000000000000000000000000000000000|0|3|rt4_TMB-5_MAP_g_5375.r24|2|1|RICH|702|0|1260|0000000000000000000000000000000000000000000000000000000000000000|RICH|1|702|DISP=ACCEPT_INSTALL|DETAIL=map
0000000000000000000000000000000000000000000000000000000000000000|0000000000000000000000000000000000000000000000000000000000000000|0|3|rt4_TMB-5_MAP_g_5376.r24|2|1|RICH|702|0|1280|0000000000000000000000000000000000000000000000000000000000000000|RICH|1|702|DISP=ACCEPT_INSTALL|DETAIL=map
0000000000000000000000000000000000000000000000000000000000000000|0000000000000000000000000000000000000000000000000000000000000000|0|3|rt4_TMB-5_MAP_g_5377.r24|2|1|RICH|702|0|1300|0000000000000000000000000000000000000000000000000000000000000000|RICH|1|702|DISP=ACCEPT_INSTALL|DETAIL=map
0000000000000000000000000000000000000000000000000000000000000000|0000000000000000000000000000000000000000000000000000000000000000|0|3|rt4_TMB-5_MAP_g_5378.r24|2|1|RICH|702|0|1320|0000000000000000000000000000000000000000000000000000000000000000|RICH|1|702|DISP=ACCEPT_INSTALL|DETAIL=map
0000000000000000000000000000000000000000000000000000000000000000|0000000000000000000000000000000000000000000000000000000000000000|0|3|rt4_TMB-5_MAP_g_5379.r24|2|1|RICH|702|0|1340|0000000000000000000000000000000000000000000000000000000000000000|RICH|1|702|DISP=ACCEPT_INSTALL|DETAIL=map
0000000000000000000000000000000000000000000000000000000000000000|0000000000000000000000000000000000000000000000000000000000000000|0|3|rt4_TMB-5_MAP_g_5380.r24|2|1|RICH|702|0|1360|0000000000000000000000000000000000000000000000000000000000000000|RICH|1|702|DISP=ACCEPT_INSTALL|DETAIL=map
0000000000000000000000000000000000000000000000000000000000000000|0000000000000000000000000000000000000000000000000000000000000000|0|3|rt4_TMB-5_MAP_g_5381.r24|2|1|RICH|702|0|1380|0000000000000000000000000000000000000000000000000000000000000000|RICH|1|702|DISP=ACCEPT_INSTALL|DETAIL=map
0000000000000000000000000000000000000000000000000000000000000000|0000000000000000000000000000000000000000000000000000000000000000|0|3|rt4_TMB-5_MAP_g_5382.r24|2|1|RICH|702|0|1400|0000000000000000000000000000000000000000000000000000000000000000|RICH|1|702|DISP=ACCEPT_INSTALL|DETAIL=map
0000000000000000000000000000000000000000000000000000000000000000|0000000000000000000000000000000000000000000000000000000000000000|0|3|rt4_TMB-5_MAP_g_5383.r24|2|1|RICH|702|0|1420|0000000000000000000000000000000000000000000000000000000000000000|RICH|1|702|DISP=ACCEPT_INSTALL|DETAIL=map
0000000000000000000000000000000000000000000000000000000000000000|0000000000000000000000000000000000000000000000000000000000000000|0|3|rt4_TMB-5_MAP_g_5384.r24|2|1|RICH|702|0|1440|0000000000000000000000000000000000000000000000000000000000000000|RICH|1|702|DISP=ACCEPT_INSTALL|DETAIL=map
0000000000000000000000000000000000000000000000000000000000000000|0000000000000000000000000000000000000000000000000000000000000000|0|3|rt4_TMB-5_MAP_g_5385.r24|2|1|RICH|702|0|1460|0000000000000000000000000000000000000000000000000000000000000000|RICH|1|702|DISP=ACCEPT_INSTALL|DETAIL=map
0000000000000000000000000000000000000000000000000000000000000000|0000000000000000000000000000000000000000000000000000000000000000|0|3|rt4_TMB-5_MAP_g_5386.r24|2|1|RICH|702|0|1480|0000000000000000000000000000000000000000000000000000000000000000|RICH|1|702|DISP=ACCEPT_INSTALL|DETAIL=map
0000000000000000000000000000000000000000000000000000000000000000|0000000000000000000000000000000000000000000000000000000000000000|0|3|rt4_TMB-5_MAP_g_5387.r24|2|1|RICH|702|0|1500|0000000000000000000000000000000000000000000000000000000000000000|RICH|1|702|DISP=ACCEPT_INSTALL|DETAIL=map
0000000000000000000000000000000000000000000000000000000000000000|0000000000000000000000000000000000000000000000000000000000000000|0|3|rt4_TMB-5_MAP_g_5388.r24|2|1|RICH|702|0|1520|0000000000000000000000000000000000000000000000000000000000000000|RICH|1|702|DISP=ACCEPT_INSTALL|DETAIL=map
0000000000000000000000000000000000000000000000000000000000000000|0000000000000000000000000000000000000000000000000000000000000000|0|3|rt4_TMB-5_MAP_g_5389.r24|2|1|RICH|702|0|1540|0000000000000000000000000000000000000000000000000000000000000000|RICH|1|702|DISP=ACCEPT_INSTALL|DETAIL=map
0000000000000000000000000000000000000000000000000000000000000000|0000000000000000000000000000000000000000000000000000000000000000|0|3|rt4_TMB-5_MAP_g_5390.r24|2|1|RICH|702|0|1560|0000000000000000000000000000000000000000000000000000000000000000|RICH|1|702|DISP=ACCEPT_INSTALL|DETAIL=map
0000000000000000000000000000000000000000000000000000000000000000|0000000000000000000000000000000000000000000000000000000000000000|0|3|rt4_TMB-5_MAP_g_5391.r24|2|1|RICH|702|0|1580|0000000000000000000000000000000000000000000000000000000000000000|RICH|1|702|DISP=ACCEPT_INSTALL|DETAIL=map
0000000000000000000000000000000000000000000000000000000000000000|0000000000000000000000000000000000000000000000000000000000000000|0|3|rt4_TMB-5_MAP_g_5392.r24|2|1|RICH|702|0|1600|0000000000000000000000000000000000000000000000000000000000000000|RICH|1|702|DISP=ACCEPT_INSTALL|DETAIL=map
0000000000000000000000000000000000000000000000000000000000000000|0000000000000000000000000000000000000000000000000000000000000000|0|3|rt4_TMB-5_MAP_g_5393.r24|2|1|RICH|702|0|1620|0000000000000000000000000000000000000000000000000000000000000000|RICH|1|702|DISP=ACCEPT_INSTALL|DETAIL=map
0000000000000000000000000000000000000000000000000000000000000000|0000000000000000000000000000000000000000000000000000000000000000|0|3|rt4_TMB-5_MAP_g_5394.r24|2|1|RICH|702|0|1640|0000000000000000000000000000000000000000000000000000000000000000|RICH|1|702|DISP=ACCEPT_INSTALL|DETAIL=map
0000000000000000000000000000000000000000000000000000000000000000|0000000000000000000000000000000000000000000000000000000000000000|0|3|rt4_TMB-5_MAP_g_5395.r24|2|1|RICH|702|0|1660|0000000000000000000000000000000000000000000000000000000000000000|RICH|1|702|DISP=ACCEPT_INSTALL|DETAIL=map
0000000000000000000000000000000000000000000000000000000000000000|0000000000000000000000000000000000000000000000000000000000000000|0|3|rt4_TMB-5_MAP_g_5396.r24|2|1|RICH|702|0|1680|0000000000000000000000000000000000000000000000000000000000000000|RICH|1|702|DISP=ACCEPT_INSTALL|DETAIL=map
0000000000000000000000000000000000000000000000000000000000000000|0000000000000000000000000000000000000000000000000000000000000000|0|3|rt4_TMB-5_MAP_g_5397.r24|2|1|RICH|702|0|1700|0000000000000000000000000000000000000000000000000000000000000000|RICH|1|702|DISP=ACCEPT_INSTALL|DETAIL=map
0000000000000000000000000000000000000000000000000000000000000000|0000000000000000000000000000000000000000000000000000000000000000|0|3|rt4_TMB-5_MAP_g_5398.r24|2|1|RICH|702|0|1720|0000000000000000000000000000000000000000000000000000000000000000|RICH|1|702|DISP=ACCEPT_INSTALL|DETAIL=map
0000000000000000000000000000000000000000000000000000000000000000|0000000000000000000000000000000000000000000000000000000000000000|0|3|rt4_TMB-5_MAP_g_5399.r24|2|1|RICH|702|0|1740|0000000000000000000000000000000000000000000000000000000000000000|RICH|1|702|DISP=ACCEPT_INSTALL|DETAIL=map
0000000000000000000000000000000000000000000000000000000000000000|0000000000000000000000000000000000000000000000000000000000000000|0|3|rt4_TMB-5_MAP_g_5400.r24|2|1|RICH|702|0|1760|0000000000000000000000000000000000000000000000000000000000000000|RICH|1|702|DISP=ACCEPT_INSTALL|DETAIL=map
0000000000000000000000000000000000000000000000000000000000000000|0000000000000000000000000000000000000000000000000000000000000000|0|3|rt4_TMB-5_MAP_g_5401.r24|2|1|RICH|702|0|1780|0000000000000000000000000000000000000000000000000000000000000000|RICH|1|702|DISP=ACCEPT_INSTALL|DETAIL=map
0000000000000000000000000000000000000000000000000000000000000000|0000000000000000000000000000000000000000000000000000000000000000|0|3|rt4_TMB-5_MAP_g_5402.r24|2|1|RICH|702|0|1800|0000000000000000000000000000000000000000000000000000000000000000|RICH|1|702|DISP=ACCEPT_INSTALL|DETAIL=map
0000000000000000000000000000000000000000000000000000000000000000|0000000000000000000000000000000000000000000000000000000000000000|0|3|rt4_TMB-5_MAP_g_5403.r24|2|1|RICH|702|0|1820|0000000000000000000000000000000000000000000000000000000000000000|RICH|1|702|DISP=ACCEPT_INSTALL|DETAIL=map
0000000000000000000000000000000000000000000000000000000000000000|0000000000000000000000000000000000000000000000000000000000000000|0|3|rt4_TMB-5_MAP_g_5404.r24|2|1|RICH|702|0|1840|0000000000000000000000000000000000000000000000000000000000000000|RICH|1|702|DISP=ACCEPT_INSTALL|DETAIL=map
0000000000000000000000000000000000000000000000000000000000000000|0000000000000000000000000000000000000000000000000000000000000000|0|3|rt4_TMB-5_MAP_g_5405.r24|2|1|RICH|702|0|1860|0000000000000000000000000000000000000000000000000000000000000000|RICH|1|702|DISP=ACCEPT_INSTALL|DETAIL=map
0000000000000000000000000000000000000000000000000000000000000000|0000000000000000000000000000000000000000000000000000000000000000|0|3|rt4_TMB-5_MAP_g_5406.r24|2|1|RICH|702|0|1880|0000000000000000000000000000000000000000000000000000000000000000|RICH|1|702|DISP=ACCEPT_INSTALL|DETAIL=map
0000000000000000000000000000000000000000000000000000000000000000|0000000000000000000000000000000000000000000000000000000000000000|0|3|rt4_TMB-5_MAP_g_5407.r24|2|1|RICH|702|0|1900|0000000000000000000000000000000000000000000000000000000000000000|RICH|1|702|DISP=ACCEPT_INSTALL|DETAIL=map
0000000000000000000000000000000000000000000000000000000000000000|0000000000000000000000000000000000000000000000000000000000000000|0|3|rt4_TMB-5_MAP_g_5408.r24|2|1|RICH|702|0|1920|0000000000000000000000000000000000000000000000000000000000000000|RICH|1|702|DISP=ACCEPT_INSTALL|DETAIL=map
0000000000000000000000000000000000000000000000000000000000000000|0000000000000000000000000000000000000000000000000000000000000000|0|3|rt4_TMB-5_MAP_g_5409.r24|2|1|RICH|702|0|1940|0000000000000000000000000000000000000000000000000000000000000000|RICH|1|702|DISP=ACCEPT_INSTALL|DETAIL=map
0000000000000000000000000000000000000000000000000000000000000000|0000000000000000000000000000000000000000000000000000000000000000|0|3|rt4_TMB-5_MAP_g_5410.r24|2|1|RICH|702|0|1960|0000000000000000000000000000000000000000000000000000000000000000|RICH|1|702|DISP=ACCEPT_INSTALL|DETAIL=map
0000000000000000000000000000000000000000000000000000000000000000|0000000000000000000000000000000000000000000000000000000000000000|0|3|rt4_TMB-5_MAP_g_5411.r24|2|1|RICH|702|0|1980|0000000000000000000000000000000000000000000000000000000000000000|RICH|1|702|DISP=ACCEPT_INSTALL|DETAIL=map
0000000000000000000000000000000000000000000000000000000000000000|0000000000000000000000000000000000000000000000000000000000000000|0|3|rt4_TMB-5_MAP_g_5412.r24|2|1|RICH|702|0|2000|0000000000000000000000000000000000000000000000000000000000000000|RICH|1|702|DISP=ACCEPT_INSTALL|DETAIL=map
0000000000000000000000000000000000000000000000000000000000000000|0000000000000000000000000000000000000000000000000000000000000000|0|3|rt4_TMB-5_MAP_g_5413.r24|2|1|RICH|702|0|2020|0000000000000000000000000000000000000000000000000000000000000000|RICH|1|702|DISP=ACCEPT_INSTALL|DETAIL=map
0000000000000000000000000000000000000000000000000000000000000000|0000000000000000000000000000000000000000000000000000000000000000|0|3|rt4_TMB-5_MAP_g_5414.r24|2|1|RICH|702|0|2040|0000000000000000000000000000000000000000000000000000000000000000|RICH|1|702|DISP=ACCEPT_INSTALL|DETAIL=map
0000000000000000000000000000000000000000000000000000000000000000|0000000000000000000000000000000000000000000000000000000000000000|0|3|rt4_TMB-5_MAP_g_5415.r24|2|1|RICH|702|0|2060|0000000000000000000000000000000000000000000000000000000000000000|RICH|1|702|DISP=ACCEPT_INSTALL|DETAIL=map
0000000000000000000000000000000000000000000000000000000000000000|0000000000000000000000000000000000000000000000000000000000000000|0|3|rt4_TMB-5_MAP_g_5416.r24|2|1|RICH|702|0|2080|0000000000000000000000000000000000000000000000000000000000000000|RICH|1|702|DISP=ACCEPT_INSTALL|DETAIL=map
0000000000000000000000000000000000000000000000000000000000000000|0000000000000000000000000000000000000000000000000000000000000000|0|3|rt4_TMB-5_MAP_g_5417.r24|2|1|RICH|702|0|2100|0000000000000000000000000000000000000000000000000000000000000000|RICH|1|702|DISP=ACCEPT_INSTALL|DETAIL=map
0000000000000000000000000000000000000000000000000000000000000000|0000000000000000000000000000000000000000000000000000000000000000|0|3|rt4_TMB-5_MAP_g_5418.r24|2|1|RICH|702|0|2120|0000000000000000000000000000000000000000000000000000000000000000|RICH|1|702|DISP=ACCEPT_INSTALL|DETAIL=map
0000000000000000000000000000000000000000000000000000000000000000|0000000000000000000000000000000000000000000000000000000000000000|0|3|rt4_TMB-5_MAP_g_5419.r24|2|1|RICH|702|0|2140|0000000000000000000000000000000000000000000000000000000000000000|RICH|1|702|DISP=ACCEPT_INSTALL|DETAIL=map
0000000000000000000000000000000000000000000000000000000000000000|0000000000000000000000000000000000000000000000000000000000000000|0|3|rt4_TMB-5_MAP_g_5420.r24|2|1|RICH|702|0|2160|0000000000000000000000000000000000000000000000000000000000000000|RICH|1|702|DISP=ACCEPT_INSTALL|DETAIL=map
0000000000000000000000000000000000000000000000000000000000000000|0000000000000000000000000000000000000000000000000000000000000000|0|3|rt4_TMB-5_MAP_g_5421.r24|2|1|RICH|702|0|2180|0000000000000000000000000000000000000000000000000000000000000000|RICH|1|702|DISP=ACCEPT_INSTALL|DETAIL=map
0000000000000000000000000000000000000000000000000000000000000000|0000000000000000000000000000000000000000000000000000000000000000|0|3|rt4_TMB-5_MAP_g_5422.r24|2|1|RICH|702|0|2200|0000000000000000000000000000000000000000000000000000000000000000|RICH|1|702|DISP=ACCEPT_INSTALL|DETAIL=map
0000000000000000000000000000000000000000000000000000000000000000|0000000000000000000000000000000000000000000000000000000000000000|0|3|rt4_TMB-5_MAP_g_5423.r24|2|1|RICH|702|0|2220|0000000000000000000000000000000000000000000000000000000000000000|RICH|1|702|DISP=ACCEPT_INSTALL|DETAIL=map
0000000000000000000000000000000000000000000000000000000000000000|0000000000000000000000000000000000000000000000000000000000000000|0|3|rt4_TMB-5_MAP_g_5424.r24|2|1|RICH|702|0|2240|0000000000000000000000000000000000000000000000000000000000000000|RICH|1|702|DISP=ACCEPT_INSTALL|DETAIL=map
0000000000000000000000000000000000000000000000000000000000000000|0000000000000000000000000000000000000000000000000000000000000000|0|3|rt4_TMB-5_MAP_g_5425.r24|2|1|RICH|702|0|2260|0000000000000000000000000000000000000000000000000000000000000000|RICH|1|702|DISP=ACCEPT_INSTALL|DETAIL=map
0000000000000000000000000000000000000000000000000000000000000000|0000000000000000000000000000000000000000000000000000000000000000|0|3|rt4_TMB-5_MAP_g_5426.r24|2|1|RICH|702|0|2280|0000000000000000000000000000000000000000000000000000000000000000|RICH|1|702|DISP=ACCEPT_INSTALL|DETAIL=map
0000000000000000000000000000000000000000000000000000000000000000|0000000000000000000000000000000000000000000000000000000000000000|0|3|rt4_TMB-5_MAP_g_5427.r24|2|1|RICH|702|0|2300|0000000000000000000000000000000000000000000000000000000000000000|RICH|1|702|DISP=ACCEPT_INSTALL|DETAIL=map
0000000000000000000000000000000000000000000000000000000000000000|0000000000000000000000000000000000000000000000000000000000000000|0|3|rt4_TMB-5_MAP_g_5428.r24|2|1|RICH|702|0|2320|0000000000000000000000000000000000000000000000000000000000000000|RICH|1|702|DISP=ACCEPT_INSTALL|DETAIL=map
0000000000000000000000000000000000000000000000000000000000000000|0000000000000000000000000000000000000000000000000000000000000000|0|3|rt4_TMB-5_MAP_g_5429.r24|2|1|RICH|702|0|2340|0000000000000000000000000000000000000000000000000000000000000000|RICH|1|702|DISP=ACCEPT_INSTALL|DETAIL=map
0000000000000000000000000000000000000000000000000000000000000000|0000000000000000000000000000000000000000000000000000000000000000|0|3|rt4_TMB-5_MAP_g_5430.r24|2|1|RICH|702|0|2360|0000000000000000000000000000000000000000000000000000000000000000|RICH|1|702|DISP=ACCEPT_INSTALL|DETAIL=map
0000000000000000000000000000000000000000000000000000000000000000|0000000000000000000000000000000000000000000000000000000000000000|0|3|rt4_TMB-5_MAP_g_5431.r24|2|1|RICH|702|0|2380|0000000000000000000000000000000000000000000000000000000000000000|RICH|1|702|DISP=ACCEPT_INSTALL|DETAIL=map
0000000000000000000000000000000000000000000000000000000000000000|0000000000000000000000000000000000000000000000000000000000000000|0|3|rt4_TMB-5_MAP_g_5432.r24|2|1|RICH|702|0|2400|0000000000000000000000000000000000000000000000000000000000000000|RICH|1|702|DISP=ACCEPT_INSTALL|DETAIL=map
0000000000000000000000000000000000000000000000000000000000000000|0000000000000000000000000000000000000000000000000000000000000000|0|3|rt4_TMB-5_MAP_g_5433.r24|2|1|RICH|702|0|2410|0000000000000000000000000000000000000000000000000000000000000000|RICH|1|702|DISP=ACCEPT_INSTALL|DETAIL=map
0000000000000000000000000000000000000000000000000000000000000000|0000000000000000000000000000000000000000000000000000000000000000|0|3|rt4_TMB-5_MAP_g_5434.r24|2|1|RICH|702|0|2420|0000000000000000000000000000000000000000000000000000000000000000|RICH|1|702|DISP=ACCEPT_INSTALL|DETAIL=map
0000000000000000000000000000000000000000000000000000000000000000|0000000000000000000000000000000000000000000000000000000000000000|0|3|rt4_TMB-5_MAP_g_5435.r24|2|1|RICH|702|0|2430|0000000000000000000000000000000000000000000000000000000000000000|RICH|1|702|DISP=ACCEPT_INSTALL|DETAIL=map
0000000000000000000000000000000000000000000000000000000000000000|0000000000000000000000000000000000000000000000000000000000000000|0|3|rt4_TMB-5_MAP_g_5436.r24|2|1|RICH|702|0|2440|0000000000000000000000000000000000000000000000000000000000000000|RICH|1|702|DISP=ACCEPT_INSTALL|DETAIL=map
0000000000000000000000000000000000000000000000000000000000000000|0000000000000000000000000000000000000000000000000000000000000000|0|3|rt4_TMB-5_MAP_g_5437.r24|2|1|RICH|702|0|2450|0000000000000000000000000000000000000000000000000000000000000000|RICH|1|702|DISP=ACCEPT_INSTALL|DETAIL=map
0000000000000000000000000000000000000000000000000000000000000000|0000000000000000000000000000000000000000000000000000000000000000|0|3|rt4_TMB-5_MAP_g_5438.r24|2|1|RICH|702|0|2460|0000000000000000000000000000000000000000000000000000000000000000|RICH|1|702|DISP=ACCEPT_INSTALL|DETAIL=map
0000000000000000000000000000000000000000000000000000000000000000|0000000000000000000000000000000000000000000000000000000000000000|0|3|rt4_TMB-5_MAP_g_5439.r24|2|1|RICH|702|0|2470|0000000000000000000000000000000000000000000000000000000000000000|RICH|1|702|DISP=ACCEPT_INSTALL|DETAIL=map
0000000000000000000000000000000000000000000000000000000000000000|0000000000000000000000000000000000000000000000000000000000000000|0|3|rt4_TMB-5_MAP_g_5440.r24|2|1|RICH|702|0|2480|0000000000000000000000000000000000000000000000000000000000000000|RICH|1|702|DISP=ACCEPT_INSTALL|DETAIL=map
0000000000000000000000000000000000000000000000000000000000000000|0000000000000000000000000000000000000000000000000000000000000000|0|3|rt4_TMB-5_MAP_g_5441.r24|2|1|RICH|702|0|2490|0000000000000000000000000000000000000000000000000000000000000000|RICH|1|702|DISP=ACCEPT_INSTALL|DETAIL=map
0000000000000000000000000000000000000000000000000000000000000000|0000000000000000000000000000000000000000000000000000000000000000|0|3|rt4_TMB-5_MAP_g_5442.r24|2|1|RICH|702|0|2500|0000000000000000000000000000000000000000000000000000000000000000|RICH|1|702|DISP=ACCEPT_INSTALL|DETAIL=map
0000000000000000000000000000000000000000000000000000000000000000|0000000000000000000000000000000000000000000000000000000000000000|0|3|rt4_TMB-5_MAP_g_5443.r24|2|1|RICH|702|0|2510|0000000000000000000000000000000000000000000000000000000000000000|RICH|1|702|DISP=ACCEPT_INSTALL|DETAIL=map
0000000000000000000000000000000000000000000000000000000000000000|0000000000000000000000000000000000000000000000000000000000000000|0|3|rt4_TMB-5_MAP_g_5444.r24|2|1|RICH|702|0|2520|0000000000000000000000000000000000000000000000000000000000000000|RICH|1|702|DISP=ACCEPT_INSTALL|DETAIL=map
0000000000000000000000000000000000000000000000000000000000000000|0000000000000000000000000000000000000000000000000000000000000000|0|3|rt4_TMB-5_MAP_g_5445.r24|2|1|RICH|702|0|2530|0000000000000000000000000000000000000000000000000000000000000000|RICH|1|702|DISP=ACCEPT_INSTALL|DETAIL=map
0000000000000000000000000000000000000000000000000000000000000000|0000000000000000000000000000000000000000000000000000000000000000|0|3|rt4_TMB-5_MAP_g_5446.r24|2|1|RICH|702|0|2540|0000000000000000000000000000000000000000000000000000000000000000|RICH|1|702|DISP=ACCEPT_INSTALL|DETAIL=map
0000000000000000000000000000000000000000000000000000000000000000|0000000000000000000000000000000000000000000000000000000000000000|0|3|rt4_TMB-5_MAP_g_5447.r24|2|1|RICH|702|0|2550|0000000000000000000000000000000000000000000000000000000000000000|RICH|1|702|DISP=ACCEPT_INSTALL|DETAIL=map
0000000000000000000000000000000000000000000000000000000000000000|0000000000000000000000000000000000000000000000000000000000000000|0|3|rt4_TMB-5_MAP_g_5448.r24|2|1|RICH|702|0|2560|0000000000000000000000000000000000000000000000000000000000000000|RICH|1|702|DISP=ACCEPT_INSTALL|DETAIL=map
0000000000000000000000000000000000000000000000000000000000000000|0000000000000000000000000000000000000000000000000000000000000000|0|3|rt4_TMB-5_MAP_g_5449.r24|2|1|RICH|702|0|2570|0000000000000000000000000000000000000000000000000000000000000000|RICH|1|702|DISP=ACCEPT_INSTALL|DETAIL=map
0000000000000000000000000000000000000000000000000000000000000000|0000000000000000000000000000000000000000000000000000000000000000|0|3|rt4_TMB-5_MAP_g_5450.r24|2|1|RICH|702|0|2580|0000000000000000000000000000000000000000000000000000000000000000|RICH|1|702|DISP=ACCEPT_INSTALL|DETAIL=map
0000000000000000000000000000000000000000000000000000000000000000|0000000000000000000000000000000000000000000000000000000000000000|0|3|rt4_TMB-5_MAP_g_5451.r24|2|1|RICH|702|0|2590|0000000000000000000000000000000000000000000000000000000000000000|RICH|1|702|DISP=ACCEPT_INSTALL|DETAIL=map
0000000000000000000000000000000000000000000000000000000000000000|0000000000000000000000000000000000000000000000000000000000000000|0|3|rt4_TMB-5_MAP_g_5452.r24|2|1|RICH|702|0|2600|0000000000000000000000000000000000000000000000000000000000000000|RICH|1|702|DISP=ACCEPT_INSTALL|DETAIL=map
0000000000000000000000000000000000000000000000000000000000000000|0000000000000000000000000000000000000000000000000000000000000000|0|3|rt4_TMB-5_MAP_g_5453.r24|2|1|RICH|702|0|2610|0000000000000000000000000000000000000000000000000000000000000000|RICH|1|702|DISP=ACCEPT_INSTALL|DETAIL=map
0000000000000000000000000000000000000000000000000000000000000000|0000000000000000000000000000000000000000000000000000000000000000|0|3|rt4_TMB-5_MAP_g_5454.r24|2|1|RICH|702|0|2620|0000000000000000000000000000000000000000000000000000000000000000|RICH|1|702|DISP=ACCEPT_INSTALL|DETAIL=map
0000000000000000000000000000000000000000000000000000000000000000|0000000000000000000000000000000000000000000000000000000000000000|0|3|rt4_TMB-5_MAP_g_5455.r24|2|1|RICH|702|0|2630|0000000000000000000000000000000000000000000000000000000000000000|RICH|1|702|DISP=ACCEPT_INSTALL|DETAIL=map
0000000000000000000000000000000000000000000000000000000000000000|0000000000000000000000000000000000000000000000000000000000000000|0|3|rt4_TMB-5_MAP_g_5456.r24|2|1|RICH|702|0|2640|0000000000000000000000000000000000000000000000000000000000000000|RICH|1|702|DISP=ACCEPT_INSTALL|DETAIL=map
0000000000000000000000000000000000000000000000000000000000000000|0000000000000000000000000000000000000000000000000000000000000000|0|3|rt4_TMB-5_MAP_g_5457.r24|2|1|RICH|702|0|2650|0000000000000000000000000000000000000000000000000000000000000000|RICH|1|702|DISP=ACCEPT_INSTALL|DETAIL=map
0000000000000000000000000000000000000000000000000000000000000000|0000000000000000000000000000000000000000000000000000000000000000|0|3|rt4_TMB-5_MAP_g_5458.r24|2|1|RICH|702|0|2660|0000000000000000000000000000000000000000000000000000000000000000|RICH|1|702|DISP=ACCEPT_INSTALL|DETAIL=map
0000000000000000000000000000000000000000000000000000000000000000|0000000000000000000000000000000000000000000000000000000000000000|0|3|rt4_TMB-5_MAP_g_5459.r24|2|1|RICH|702|0|2670|0000000000000000000000000000000000000000000000000000000000000000|RICH|1|702|DISP=ACCEPT_INSTALL|DETAIL=map
0000000000000000000000000000000000000000000000000000000000000000|0000000000000000000000000000000000000000000000000000000000000000|0|3|rt4_TMB-5_MAP_g_5460.r24|2|1|RICH|702|0|2680|0000000000000000000000000000000000000000000000000000000000000000|RICH|1|702|DISP=ACCEPT_INSTALL|DETAIL=map
0000000000000000000000000000000000000000000000000000000000000000|0000000000000000000000000000000000000000000000000000000000000000|0|3|rt4_TMB-5_MAP_g_5461.r24|2|1|RICH|702|0|2690|0000000000000000000000000000000000000000000000000000000000000000|RICH|1|702|DISP=ACCEPT_INSTALL|DETAIL=map
0000000000000000000000000000000000000000000000000000000000000000|0000000000000000000000000000000000000000000000000000000000000000|0|3|rt4_TMB-5_MAP_g_5462.r24|2|1|RICH|702|0|2700|0000000000000000000000000000000000000000000000000000000000000000|RICH|1|702|DISP=ACCEPT_INSTALL|DETAIL=map
0000000000000000000000000000000000000000000000000000000000000000|0000000000000000000000000000000000000000000000000000000000000000|0|3|rt4_TMB-5_MAP_g_5463.r24|2|1|RICH|702|0|2710|0000000000000000000000000000000000000000000000000000000000000000|RICH|1|702|DISP=ACCEPT_INSTALL|DETAIL=map
0000000000000000000000000000000000000000000000000000000000000000|0000000000000000000000000000000000000000000000000000000000000000|0|3|rt4_TMB-5_MAP_g_5464.r24|2|1|RICH|702|0|2720|0000000000000000000000000000000000000000000000000000000000000000|RICH|1|702|DISP=ACCEPT_INSTALL|DETAIL=map
0000000000000000000000000000000000000000000000000000000000000000|0000000000000000000000000000000000000000000000000000000000000000|0|3|rt4_TMB-5_MAP_g_5465.r24|2|1|RICH|702|0|2730|0000000000000000000000000000000000000000000000000000000000000000|RICH|1|702|DISP=ACCEPT_INSTALL|DETAIL=map
0000000000000000000000000000000000000000000000000000000000000000|0000000000000000000000000000000000000000000000000000000000000000|0|3|rt4_TMB-5_MAP_g_5466.r24|2|1|RICH|702|0|2740|0000000000000000000000000000000000000000000000000000000000000000|RICH|1|702|DISP=ACCEPT_INSTALL|DETAIL=map
0000000000000000000000000000000000000000000000000000000000000000|0000000000000000000000000000000000000000000000000000000000000000|0|3|rt4_TMB-5_MAP_g_5467.r24|2|1|RICH|702|0|2750|0000000000000000000000000000000000000000000000000000000000000000|RICH|1|702|DISP=ACCEPT_INSTALL|DETAIL=map
0000000000000000000000000000000000000000000000000000000000000000|0000000000000000000000000000000000000000000000000000000000000000|0|3|rt4_TMB-5_MAP_g_5468.r24|2|1|RICH|702|0|2760|0000000000000000000000000000000000000000000000000000000000000000|RICH|1|702|DISP=ACCEPT_INSTALL|DETAIL=map
0000000000000000000000000000000000000000000000000000000000000000|0000000000000000000000000000000000000000000000000000000000000000|0|3|rt4_TMB-5_MAP_g_5469.r24|2|1|RICH|702|0|2770|0000000000000000000000000000000000000000000000000000000000000000|RICH|1|702|DISP=ACCEPT_INSTALL|DETAIL=map
0000000000000000000000000000000000000000000000000000000000000000|0000000000000000000000000000000000000000000000000000000000000000|0|3|rt4_TMB-5_MAP_g_5470.r24|2|1|RICH|702|0|2780|0000000000000000000000000000000000000000000000000000000000000000|RICH|1|702|DISP=ACCEPT_INSTALL|DETAIL=map
0000000000000000000000000000000000000000000000000000000000000000|0000000000000000000000000000000000000000000000000000000000000000|0|3|rt4_TMB-5_MAP_g_5471.r24|2|1|RICH|702|0|2790|0000000000000000000000000000000000000000000000000000000000000000|RICH|1|702|DISP=ACCEPT_INSTALL|DETAIL=map
0000000000000000000000000000000000000000000000000000000000000000|0000000000000000000000000000000000000000000000000000000000000000|0|3|rt4_TMB-5_MAP_g_5472.r24|2|1|RICH|702|0|2800|0000000000000000000000000000000000000000000000000000000000000000|RICH|1|702|DISP=ACCEPT_INSTALL|DETAIL=map
0000000000000000000000000000000000000000000000000000000000000000|0000000000000000000000000000000000000000000000000000000000000000|0|3|rt4_TMB-5_MAP_g_5473.r24|2|1|RICH|702|0|2810|0000000000000000000000000000000000000000000000000000000000000000|RICH|1|702|DISP=ACCEPT_INSTALL|DETAIL=map
0000000000000000000000000000000000000000000000000000000000000000|0000000000000000000000000000000000000000000000000000000000000000|0|3|rt4_TMB-5_MAP_g_5474.r24|2|1|RICH|702|0|2820|0000000000000000000000000000000000000000000000000000000000000000|RICH|1|702|DISP=ACCEPT_INSTALL|DETAIL=map
0000000000000000000000000000000000000000000000000000000000000000|0000000000000000000000000000000000000000000000000000000000000000|0|3|rt4_TMB-5_MAP_g_5475.r24|2|1|RICH|702|0|2830|0000000000000000000000000000000000000000000000000000000000000000|RICH|1|702|DISP=ACCEPT_INSTALL|DETAIL=map
0000000000000000000000000000000000000000000000000000000000000000|0000000000000000000000000000000000000000000000000000000000000000|0|3|rt4_TMB-5_MAP_g_5476.r24|2|1|RICH|702|0|2840|0000000000000000000000000000000000000000000000000000000000000000|RICH|1|702|DISP=ACCEPT_INSTALL|DETAIL=map
0000000000000000000000000000000000000000000000000000000000000000|0000000000000000000000000000000000000000000000000000000000000000|0|3|rt4_TMB-5_MAP_g_5477.r24|2|1|RICH|702|0|2850|0000000000000000000000000000000000000000000000000000000000000000|RICH|1|702|DISP=ACCEPT_INSTALL|DETAIL=map
0000000000000000000000000000000000000000000000000000000000000000|0000000000000000000000000000000000000000000000000000000000000000|0|3|rt4_TMB-5_MAP_g_5478.r24|2|1|RICH|702|0|2860|0000000000000000000000000000000000000000000000000000000000000000|RICH|1|702|DISP=ACCEPT_INSTALL|DETAIL=map
0000000000000000000000000000000000000000000000000000000000000000|0000000000000000000000000000000000000000000000000000000000000000|0|3|rt4_TMB-5_MAP_g_5479.r24|2|1|RICH|702|0|2870|0000000000000000000000000000000000000000000000000000000000000000|RICH|1|702|DISP=ACCEPT_INSTALL|DETAIL=map
0000000000000000000000000000000000000000000000000000000000000000|0000000000000000000000000000000000000000000000000000000000000000|0|3|rt4_TMB-5_MAP_g_5480.r24|2|1|RICH|702|0|2880|0000000000000000000000000000000000000000000000000000000000000000|RICH|1|702|DISP=ACCEPT_INSTALL|DETAIL=map
0000000000000000000000000000000000000000000000000000000000000000|0000000000000000000000000000000000000000000000000000000000000000|0|3|rt4_TMB-5_MAP_g_5481.r24|2|1|RICH|702|0|2890|0000000000000000000000000000000000000000000000000000000000000000|RICH|1|702|DISP=ACCEPT_INSTALL|DETAIL=map
0000000000000000000000000000000000000000000000000000000000000000|0000000000000000000000000000000000000000000000000000000000000000|0|3|rt4_TMB-5_MAP_g_5482.r24|2|1|RICH|702|0|2900|0000000000000000000000000000000000000000000000000000000000000000|RICH|1|702|DISP=ACCEPT_INSTALL|DETAIL=map
0000000000000000000000000000000000000000000000000000000000000000|0000000000000000000000000000000000000000000000000000000000000000|0|3|rt4_TMB-5_MAP_g_5483.r24|2|1|RICH|702|0|2920|0000000000000000000000000000000000000000000000000000000000000000|RICH|1|702|DISP=ACCEPT_INSTALL|DETAIL=map
0000000000000000000000000000000000000000000000000000000000000000|0000000000000000000000000000000000000000000000000000000000000000|0|3|rt4_TMB-5_MAP_g_5484.r24|2|1|RICH|702|0|2940|0000000000000000000000000000000000000000000000000000000000000000|RICH|1|702|DISP=ACCEPT_INSTALL|DETAIL=map
0000000000000000000000000000000000000000000000000000000000000000|0000000000000000000000000000000000000000000000000000000000000000|0|3|rt4_TMB-5_MAP_g_5485.r24|2|1|RICH|702|0|2960|0000000000000000000000000000000000000000000000000000000000000000|RICH|1|702|DISP=ACCEPT_INSTALL|DETAIL=map
0000000000000000000000000000000000000000000000000000000000000000|0000000000000000000000000000000000000000000000000000000000000000|0|3|rt4_TMB-5_MAP_g_5486.r24|2|1|RICH|702|0|2980|0000000000000000000000000000000000000000000000000000000000000000|RICH|1|702|DISP=ACCEPT_INSTALL|DETAIL=map
0000000000000000000000000000000000000000000000000000000000000000|0000000000000000000000000000000000000000000000000000000000000000|0|3|rt4_TMB-5_MAP_g_5487.r24|2|1|RICH|702|0|3000|0000000000000000000000000000000000000000000000000000000000000000|RICH|1|702|DISP=ACCEPT_INSTALL|DETAIL=map
0000000000000000000000000000000000000000000000000000000000000000|0000000000000000000000000000000000000000000000000000000000000000|0|3|rt4_TMB-5_MAP_g_5488.r24|2|1|RICH|702|0|3020|0000000000000000000000000000000000000000000000000000000000000000|RICH|1|702|DISP=ACCEPT_INSTALL|DETAIL=map
0000000000000000000000000000000000000000000000000000000000000000|0000000000000000000000000000000000000000000000000000000000000000|0|3|rt4_TMB-5_MAP_g_5489.r24|2|1|RICH|702|0|3040|0000000000000000000000000000000000000000000000000000000000000000|RICH|1|702|DISP=ACCEPT_INSTALL|DETAIL=map
0000000000000000000000000000000000000000000000000000000000000000|0000000000000000000000000000000000000000000000000000000000000000|0|3|rt4_TMB-5_MAP_g_5490.r24|2|1|RICH|702|0|3060|0000000000000000000000000000000000000000000000000000000000000000|RICH|1|702|DISP=ACCEPT_INSTALL|DETAIL=map
0000000000000000000000000000000000000000000000000000000000000000|0000000000000000000000000000000000000000000000000000000000000000|0|3|rt4_TMB-5_MAP_g_5491.r24|2|1|RICH|702|0|3080|0000000000000000000000000000000000000000000000000000000000000000|RICH|1|702|DISP=ACCEPT_INSTALL|DETAIL=map
0000000000000000000000000000000000000000000000000000000000000000|0000000000000000000000000000000000000000000000000000000000000000|0|3|rt4_TMB-5_MAP_g_5492.r24|2|1|RICH|702|0|3100|0000000000000000000000000000000000000000000000000000000000000000|RICH|1|702|DISP=ACCEPT_INSTALL|DETAIL=map
0000000000000000000000000000000000000000000000000000000000000000|0000000000000000000000000000000000000000000000000000000000000000|0|3|rt4_TMB-5_MAP_g_5493.r24|2|1|RICH|702|0|3120|0000000000000000000000000000000000000000000000000000000000000000|RICH|1|702|DISP=ACCEPT_INSTALL|DETAIL=map
0000000000000000000000000000000000000000000000000000000000000000|0000000000000000000000000000000000000000000000000000000000000000|0|3|rt4_TMB-5_MAP_g_5494.r24|2|1|RICH|702|0|3140|0000000000000000000000000000000000000000000000000000000000000000|RICH|1|702|DISP=ACCEPT_INSTALL|DETAIL=map
0000000000000000000000000000000000000000000000000000000000000000|0000000000000000000000000000000000000000000000000000000000000000|0|3|rt4_TMB-5_MAP_g_5495.r24|2|1|RICH|702|0|3160|0000000000000000000000000000000000000000000000000000000000000000|RICH|1|702|DISP=ACCEPT_INSTALL|DETAIL=map
0000000000000000000000000000000000000000000000000000000000000000|0000000000000000000000000000000000000000000000000000000000000000|0|3|rt4_TMB-5_MAP_g_5496.r24|2|1|RICH|702|0|3180|0000000000000000000000000000000000000000000000000000000000000000|RICH|1|702|DISP=ACCEPT_INSTALL|DETAIL=map
0000000000000000000000000000000000000000000000000000000000000000|0000000000000000000000000000000000000000000000000000000000000000|0|3|rt4_TMB-5_MAP_g_5497.r24|2|1|RICH|702|0|3200|0000000000000000000000000000000000000000000000000000000000000000|RICH|1|702|DISP=ACCEPT_INSTALL|DETAIL=map
0000000000000000000000000000000000000000000000000000000000000000|0000000000000000000000000000000000000000000000000000000000000000|0|3|rt4_TMB-5_MAP_g_5498.r24|2|1|RICH|702|0|3220|0000000000000000000000000000000000000000000000000000000000000000|RICH|1|702|DISP=ACCEPT_INSTALL|DETAIL=map
0000000000000000000000000000000000000000000000000000000000000000|0000000000000000000000000000000000000000000000000000000000000000|0|3|rt4_TMB-5_MAP_g_5499.r24|2|1|RICH|702|0|3240|0000000000000000000000000000000000000000000000000000000000000000|RICH|1|702|DISP=ACCEPT_INSTALL|DETAIL=map
