0000000000000000000000000000000000000000000000000000000000000000|0000000000000000000000000000000000000000000000000000000000000000|0|3|rt4_TMB-5_MAP_g_2000.r24|2|1|RICH|614|0|2440|0000000000000000000000000000000000000000000000000000000000000000|RICH|1|614|DISP=ACCEPT_INSTALL|DETAIL=map
0000000000000000000000000000000000000000000000000000000000000000|0000000000000000000000000000000000000000000000000000000000000000|0|3|rt4_TMB-5_MAP_g_2001.r24|2|1|RICH|614|0|2450|0000000000000000000000000000000000000000000000000000000000000000|RICH|1|614|DISP=ACCEPT_INSTALL|DETAIL=map
0000000000000000000000000000000000000000000000000000000000000000|0000000000000000000000000000000000000000000000000000000000000000|0|3|rt4_TMB-5_MAP_g_2002.r24|2|1|RICH|614|0|2460|0000000000000000000000000000000000000000000000000000000000000000|RICH|1|614|DISP=ACCEPT_INSTALL|DETAIL=map
0000000000000000000000000000000000000000000000000000000000000000|0000000000000000000000000000000000000000000000000000000000000000|0|3|rt4_TMB-5_MAP_g_2003.r24|2|1|RICH|614|0|2470|0000000000000000000000000000000000000000000000000000000000000000|RICH|1|614|DISP=ACCEPT_INSTALL|DETAIL=map
0000000000000000000000000000000000000000000000000000000000000000|0000000000000000000000000000000000000000000000000000000000000000|0|3|rt4_TMB-5_MAP_g_2004.r24|2|1|RICH|614|0|2480|0000000000000000000000000000000000000000000000000000000000000000|RICH|1|614|DISP=ACCEPT_INSTALL|DETAIL=map
0000000000000000000000000000000000000000000000000000000000000000|0000000000000000000000000000000000000000000000000000000000000000|0|3|rt4_TMB-5_MAP_g_2005.r24|2|1|RICH|614|0|2490|0000000000000000000000000000000000000000000000000000000000000000|RICH|1|614|DISP=ACCEPT_INSTALL|DETAIL=map
0000000000000000000000000000000000000000000000000000000000000000|0000000000000000000000000000000000000000000000000000000000000000|0|3|rt4_TMB-5_MAP_g_2006.r24|2|1|RICH|614|0|2500|0000000000000000000000000000000000000000000000000000000000000000|RICH|1|614|DISP=ACCEPT_INSTALL|DETAIL=map
0000000000000000000000000000000000000000000000000000000000000000|0000000000000000000000000000000000000000000000000000000000000000|0|3|rt4_TMB-5_MAP_g_2007.r24|2|1|RICH|614|0|2510|0000000000000000000000000000000000000000000000000000000000000000|RICH|1|614|DISP=ACCEPT_INSTALL|DETAIL=map
0000000000000000000000000000000000000000000000000000000000000000|0000000000000000000000000000000000000000000000000000000000000000|0|3|rt4_TMB-5_MAP_g_2008.r24|2|1|RICH|614|0|2520|0000000000000000000000000000000000000000000000000000000000000000|RICH|1|614|DISP=ACCEPT_INSTALL|DETAIL=map
0000000000000000000000000000000000000000000000000000000000000000|0000000000000000000000000000000000000000000000000000000000000000|0|3|rt4_TMB-5_MAP_g_2009.r24|2|1|RICH|614|0|2530|0000000000000000000000000000000000000000000000000000000000000000|RICH|1|614|DISP=ACCEPT_INSTALL|DETAIL=map
0000000000000000000000000000000000000000000000000000000000000000|0000000000000000000000000000000000000000000000000000000000000000|0|3|rt4_TMB-5_MAP_g_2010.r24|2|1|RICH|614|0|2540|0000000000000000000000000000000000000000000000000000000000000000|RICH|1|614|DISP=ACCEPT_INSTALL|DETAIL=map
0000000000000000000000000000000000000000000000000000000000000000|0000000000000000000000000000000000000000000000000000000000000000|0|3|rt4_TMB-5_MAP_g_2011.r24|2|1|RICH|614|0|2550|0000000000000000000000000000000000000000000000000000000000000000|RICH|1|614|DISP=ACCEPT_INSTALL|DETAIL=map
0000000000000000000000000000000000000000000000000000000000000000|0000000000000000000000000000000000000000000000000000000000000000|0|3|rt4_TMB-5_MAP_g_2012.r24|2|1|RICH|614|0|2560|0000000000000000000000000000000000000000000000000000000000000000|RICH|1|614|DISP=ACCEPT_INSTALL|DETAIL=map
0000000000000000000000000000000000000000000000000000000000000000|0000000000000000000000000000000000000000000000000000000000000000|0|3|rt4_TMB-5_MAP_g_2013.r24|2|1|RICH|614|0|2570|0000000000000000000000000000000000000000000000000000000000000000|RICH|1|614|DISP=ACCEPT_INSTALL|DETAIL=map
0000000000000000000000000000000000000000000000000000000000000000|0000000000000000000000000000000000000000000000000000000000000000|0|3|rt4_TMB-5_MAP_g_2014.r24|2|1|RICH|614|0|2580|0000000000000000000000000000000000000000000000000000000000000000|RICH|1|614|DISP=ACCEPT_INSTALL|DETAIL=map
0000000000000000000000000000000000000000000000000000000000000000|0000000000000000000000000000000000000000000000000000000000000000|0|3|rt4_TMB-5_MAP_g_2015.r24|2|1|RICH|614|0|2590|0000000000000000000000000000000000000000000000000000000000000000|RICH|1|614|DISP=ACCEPT_INSTALL|DETAIL=map
0000000000000000000000000000000000000000000000000000000000000000|0000000000000000000000000000000000000000000000000000000000000000|0|3|rt4_TMB-5_MAP_g_2016.r24|2|1|RICH|614|0|2600|0000000000000000000000000000000000000000000000000000000000000000|RICH|1|614|DISP=ACCEPT_INSTALL|DETAIL=map
0000000000000000000000000000000000000000000000000000000000000000|0000000000000000000000000000000000000000000000000000000000000000|0|3|rt4_TMB-5_MAP_g_2017.r24|2|1|RICH|614|0|2610|0000000000000000000000000000000000000000000000000000000000000000|RICH|1|614|DISP=ACCEPT_INSTALL|DETAIL=map
0000000000000000000000000000000000000000000000000000000000000000|0000000000000000000000000000000000000000000000000000000000000000|0|3|rt4_TMB-5_MAP_g_2018.r24|2|1|RICH|614|0|2620|0000000000000000000000000000000000000000000000000000000000000000|RICH|1|614|DISP=ACCEPT_INSTALL|DETAIL=map
0000000000000000000000000000000000000000000000000000000000000000|0000000000000000000000000000000000000000000000000000000000000000|0|3|rt4_TMB-5_MAP_g_2019.r24|2|1|RICH|614|0|2630|0000000000000000000000000000000000000000000000000000000000000000|RICH|1|614|DISP=ACCEPT_INSTALL|DETAIL=map
0000000000000000000000000000000000000000000000000000000000000000|0000000000000000000000000000000000000000000000000000000000000000|0|3|rt4_TMB-5_MAP_g_2020.r24|2|1|RICH|614|0|2640|0000000000000000000000000000000000000000000000000000000000000000|RICH|1|614|DISP=ACCEPT_INSTALL|DETAIL=map
0000000000000000000000000000000000000000000000000000000000000000|0000000000000000000000000000000000000000000000000000000000000000|0|3|rt4_TMB-5_MAP_g_2021.r24|2|1|RICH|614|0|2650|0000000000000000000000000000000000000000000000000000000000000000|RICH|1|614|DISP=ACCEPT_INSTALL|DETAIL=map
0000000000000000000000000000000000000000000000000000000000000000|0000000000000000000000000000000000000000000000000000000000000000|0|3|rt4_TMB-5_MAP_g_2022.r24|2|1|RICH|614|0|2660|0000000000000000000000000000000000000000000000000000000000000000|RICH|1|614|DISP=ACCEPT_INSTALL|DETAIL=map
0000000000000000000000000000000000000000000000000000000000000000|0000000000000000000000000000000000000000000000000000000000000000|0|3|rt4_TMB-5_MAP_g_2023.r24|2|1|RICH|614|0|2670|0000000000000000000000000000000000000000000000000000000000000000|RICH|1|614|DISP=ACCEPT_INSTALL|DETAIL=map
0000000000000000000000000000000000000000000000000000000000000000|0000000000000000000000000000000000000000000000000000000000000000|0|3|rt4_TMB-5_MAP_g_2024.r24|2|1|RICH|614|0|2680|0000000000000000000000000000000000000000000000000000000000000000|RICH|1|614|DISP=ACCEPT_INSTALL|DETAIL=map
0000000000000000000000000000000000000000000000000000000000000000|0000000000000000000000000000000000000000000000000000000000000000|0|3|rt4_TMB-5_MAP_g_2025.r24|2|1|RICH|614|0|2690|0000000000000000000000000000000000000000000000000000000000000000|RICH|1|614|DISP=ACCEPT_INSTALL|DETAIL=map
0000000000000000000000000000000000000000000000000000000000000000|0000000000000000000000000000000000000000000000000000000000000000|0|3|rt4_TMB-5_MAP_g_2026.r24|2|1|RICH|614|0|2700|0000000000000000000000000000000000000000000000000000000000000000|RICH|1|614|DISP=ACCEPT_INSTALL|DETAIL=map
0000000000000000000000000000000000000000000000000000000000000000|0000000000000000000000000000000000000000000000000000000000000000|0|3|rt4_TMB-5_MAP_g_2027.r24|2|1|RICH|614|0|2710|0000000000000000000000000000000000000000000000000000000000000000|RICH|1|614|DISP=ACCEPT_INSTALL|DETAIL=map
0000000000000000000000000000000000000000000000000000000000000000|0000000000000000000000000000000000000000000000000000000000000000|0|3|rt4_TMB-5_MAP_g_2028.r24|2|1|RICH|614|0|2720|0000000000000000000000000000000000000000000000000000000000000000|RICH|1|614|DISP=ACCEPT_INSTALL|DETAIL=map
0000000000000000000000000000000000000000000000000000000000000000|0000000000000000000000000000000000000000000000000000000000000000|0|3|rt4_TMB-5_MAP_g_2029.r24|2|1|RICH|614|0|2730|0000000000000000000000000000000000000000000000000000000000000000|RICH|1|614|DISP=ACCEPT_INSTALL|DETAIL=map
0000000000000000000000000000000000000000000000000000000000000000|0000000000000000000000000000000000000000000000000000000000000000|0|3|rt4_TMB-5_MAP_g_2030.r24|2|1|RICH|614|0|2740|0000000000000000000000000000000000000000000000000000000000000000|RICH|1|614|DISP=ACCEPT_INSTALL|DETAIL=map
0000000000000000000000000000000000000000000000000000000000000000|0000000000000000000000000000000000000000000000000000000000000000|0|3|rt4_TMB-5_MAP_g_2031.r24|2|1|RICH|614|0|2750|0000000000000000000000000000000000000000000000000000000000000000|RICH|1|614|DISP=ACCEPT_INSTALL|DETAIL=map
0000000000000000000000000000000000000000000000000000000000000000|0000000000000000000000000000000000000000000000000000000000000000|0|3|rt4_TMB-5_MAP_g_2032.r24|2|1|RICH|614|0|2760|0000000000000000000000000000000000000000000000000000000000000000|RICH|1|614|DISP=ACCEPT_INSTALL|DETAIL=map
0000000000000000000000000000000000000000000000000000000000000000|0000000000000000000000000000000000000000000000000000000000000000|0|3|rt4_TMB-5_MAP_g_2033.r24|2|1|RICH|614|0|2770|0000000000000000000000000000000000000000000000000000000000000000|RICH|1|614|DISP=ACCEPT_INSTALL|DETAIL=map
0000000000000000000000000000000000000000000000000000000000000000|0000000000000000000000000000000000000000000000000000000000000000|0|3|rt4_TMB-5_MAP_g_2034.r24|2|1|RICH|614|0|2780|0000000000000000000000000000000000000000000000000000000000000000|RICH|1|614|DISP=ACCEPT_INSTALL|DETAIL=map
0000000000000000000000000000000000000000000000000000000000000000|0000000000000000000000000000000000000000000000000000000000000000|0|3|rt4_TMB-5_MAP_g_2035.r24|2|1|RICH|614|0|2790|0000000000000000000000000000000000000000000000000000000000000000|RICH|1|614|DISP=ACCEPT_INSTALL|DETAIL=map
0000000000000000000000000000000000000000000000000000000000000000|0000000000000000000000000000000000000000000000000000000000000000|0|3|rt4_TMB-5_MAP_g_2036.r24|2|1|RICH|614|0|2800|0000000000000000000000000000000000000000000000000000000000000000|RICH|1|614|DISP=ACCEPT_INSTALL|DETAIL=map
0000000000000000000000000000000000000000000000000000000000000000|0000000000000000000000000000000000000000000000000000000000000000|0|3|rt4_TMB-5_MAP_g_2037.r24|2|1|RICH|614|0|2810|0000000000000000000000000000000000000000000000000000000000000000|RICH|1|614|DISP=ACCEPT_INSTALL|DETAIL=map
0000000000000000000000000000000000000000000000000000000000000000|0000000000000000000000000000000000000000000000000000000000000000|0|3|rt4_TMB-5_MAP_g_2038.r24|2|1|RICH|614|0|2820|0000000000000000000000000000000000000000000000000000000000000000|RICH|1|614|DISP=ACCEPT_INSTALL|DETAIL=map
0000000000000000000000000000000000000000000000000000000000000000|0000000000000000000000000000000000000000000000000000000000000000|0|3|rt4_TMB-5_MAP_g_2039.r24|2|1|RICH|614|0|2830|0000000000000000000000000000000000000000000000000000000000000000|RICH|1|614|DISP=ACCEPT_INSTALL|DETAIL=map
0000000000000000000000000000000000000000000000000000000000000000|0000000000000000000000000000000000000000000000000000000000000000|0|3|rt4_TMB-5_MAP_g_2040.r24|2|1|RICH|614|0|2840|0000000000000000000000000000000000000000000000000000000000000000|RICH|1|614|DISP=ACCEPT_INSTALL|DETAIL=map
0000000000000000000000000000000000000000000000000000000000000000|0000000000000000000000000000000000000000000000000000000000000000|0|3|rt4_TMB-5_MAP_g_2041.r24|2|1|RICH|614|0|2850|0000000000000000000000000000000000000000000000000000000000000000|RICH|1|614|DISP=ACCEPT_INSTALL|DETAIL=map
0000000000000000000000000000000000000000000000000000000000000000|0000000000000000000000000000000000000000000000000000000000000000|0|3|rt4_TMB-5_MAP_g_2042.r24|2|1|RICH|614|0|2860|0000000000000000000000000000000000000000000000000000000000000000|RICH|1|614|DISP=ACCEPT_INSTALL|DETAIL=map
0000000000000000000000000000000000000000000000000000000000000000|0000000000000000000000000000000000000000000000000000000000000000|0|3|rt4_TMB-5_MAP_g_2043.r24|2|1|RICH|614|0|2870|0000000000000000000000000000000000000000000000000000000000000000|RICH|1|614|DISP=ACCEPT_INSTALL|DETAIL=map
0000000000000000000000000000000000000000000000000000000000000000|0000000000000000000000000000000000000000000000000000000000000000|0|3|rt4_TMB-5_MAP_g_2044.r24|2|1|RICH|614|0|2880|0000000000000000000000000000000000000000000000000000000000000000|RICH|1|614|DISP=ACCEPT_INSTALL|DETAIL=map
0000000000000000000000000000000000000000000000000000000000000000|0000000000000000000000000000000000000000000000000000000000000000|0|3|rt4_TMB-5_MAP_g_2045.r24|2|1|RICH|614|0|2890|0000000000000000000000000000000000000000000000000000000000000000|RICH|1|614|DISP=ACCEPT_INSTALL|DETAIL=map
0000000000000000000000000000000000000000000000000000000000000000|0000000000000000000000000000000000000000000000000000000000000000|0|3|rt4_TMB-5_MAP_g_2046.r24|2|1|RICH|614|0|2900|0000000000000000000000000000000000000000000000000000000000000000|RICH|1|614|DISP=ACCEPT_INSTALL|DETAIL=map
0000000000000000000000000000000000000000000000000000000000000000|0000000000000000000000000000000000000000000000000000000000000000|0|3|rt4_TMB-5_MAP_g_2047.r24|2|1|RICH|616|0|2400|0000000000000000000000000000000000000000000000000000000000000000|RICH|1|616|DISP=ACCEPT_INSTALL|DETAIL=map
0000000000000000000000000000000000000000000000000000000000000000|0000000000000000000000000000000000000000000000000000000000000000|0|3|rt4_TMB-5_MAP_g_2048.r24|2|1|RICH|616|0|2410|0000000000000000000000000000000000000000000000000000000000000000|RICH|1|616|DISP=ACCEPT_INSTALL|DETAIL=map
0000000000000000000000000000000000000000000000000000000000000000|0000000000000000000000000000000000000000000000000000000000000000|0|3|rt4_TMB-5_MAP_g_2049.r24|2|1|RICH|616|0|2420|0000000000000000000000000000000000000000000000000000000000000000|RICH|1|616|DISP=ACCEPT_INSTALL|DETAIL=map
0000000000000000000000000000000000000000000000000000000000000000|0000000000000000000000000000000000000000000000000000000000000000|0|3|rt4_TMB-5_MAP_g_2050.r24|2|1|RICH|616|0|2430|0000000000000000000000000000000000000000000000000000000000000000|RICH|1|616|DISP=ACCEPT_INSTALL|DETAIL=map
0000000000000000000000000000000000000000000000000000000000000000|0000000000000000000000000000000000000000000000000000000000000000|0|3|rt4_TMB-5_MAP_g_2051.r24|2|1|RICH|616|0|2440|0000000000000000000000000000000000000000000000000000000000000000|RICH|1|616|DISP=ACCEPT_INSTALL|DETAIL=map
0000000000000000000000000000000000000000000000000000000000000000|0000000000000000000000000000000000000000000000000000000000000000|0|3|rt4_TMB-5_MAP_g_2052.r24|2|1|RICH|616|0|2450|0000000000000000000000000000000000000000000000000000000000000000|RICH|1|616|DISP=ACCEPT_INSTALL|DETAIL=map
0000000000000000000000000000000000000000000000000000000000000000|0000000000000000000000000000000000000000000000000000000000000000|0|3|rt4_TMB-5_MAP_g_2053.r24|2|1|RICH|616|0|2460|0000000000000000000000000000000000000000000000000000000000000000|RICH|1|616|DISP=ACCEPT_INSTALL|DETAIL=map
0000000000000000000000000000000000000000000000000000000000000000|0000000000000000000000000000000000000000000000000000000000000000|0|3|rt4_TMB-5_MAP_g_2054.r24|2|1|RICH|616|0|2470|0000000000000000000000000000000000000000000000000000000000000000|RICH|1|616|DISP=ACCEPT_INSTALL|DETAIL=map
0000000000000000000000000000000000000000000000000000000000000000|0000000000000000000000000000000000000000000000000000000000000000|0|3|rt4_TMB-5_MAP_g_2055.r24|2|1|RICH|616|0|2480|0000000000000000000000000000000000000000000000000000000000000000|RICH|1|616|DISP=ACCEPT_INSTALL|DETAIL=map
0000000000000000000000000000000000000000000000000000000000000000|0000000000000000000000000000000000000000000000000000000000000000|0|3|rt4_TMB-5_MAP_g_2056.r24|2|1|RICH|616|0|2490|0000000000000000000000000000000000000000000000000000000000000000|RICH|1|616|DISP=ACCEPT_INSTALL|DETAIL=map
0000000000000000000000000000000000000000000000000000000000000000|0000000000000000000000000000000000000000000000000000000000000000|0|3|rt4_TMB-5_MAP_g_2057.r24|2|1|RICH|616|0|2500|0000000000000000000000000000000000000000000000000000000000000000|RICH|1|616|DISP=ACCEPT_INSTALL|DETAIL=map
0000000000000000000000000000000000000000000000000000000000000000|0000000000000000000000000000000000000000000000000000000000000000|0|3|rt4_TMB-5_MAP_g_2058.r24|2|1|RICH|616|0|2510|0000000000000000000000000000000000000000000000000000000000000000|RICH|1|616|DISP=ACCEPT_INSTALL|DETAIL=map
0000000000000000000000000000000000000000000000000000000000000000|0000000000000000000000000000000000000000000000000000000000000000|0|3|rt4_TMB-5_MAP_g_2059.r24|2|1|RICH|616|0|2520|0000000000000000000000000000000000000000000000000000000000000000|RICH|1|616|DISP=ACCEPT_INSTALL|DETAIL=map
0000000000000000000000000000000000000000000000000000000000000000|0000000000000000000000000000000000000000000000000000000000000000|0|3|rt4_TMB-5_MAP_g_2060.r24|2|1|RICH|616|0|2530|0000000000000000000000000000000000000000000000000000000000000000|RICH|1|616|DISP=ACCEPT_INSTALL|DETAIL=map
0000000000000000000000000000000000000000000000000000000000000000|0000000000000000000000000000000000000000000000000000000000000000|0|3|rt4_TMB-5_MAP_g_2061.r24|2|1|RICH|616|0|2540|0000000000000000000000000000000000000000000000000000000000000000|RICH|1|616|DISP=ACCEPT_INSTALL|DETAIL=map
0000000000000000000000000000000000000000000000000000000000000000|0000000000000000000000000000000000000000000000000000000000000000|0|3|rt4_TMB-5_MAP_g_2062.r24|2|1|RICH|616|0|2550|0000000000000000000000000000000000000000000000000000000000000000|RICH|1|616|DISP=ACCEPT_INSTALL|DETAIL=map
0000000000000000000000000000000000000000000000000000000000000000|0000000000000000000000000000000000000000000000000000000000000000|0|3|rt4_TMB-5_MAP_g_2063.r24|2|1|RICH|616|0|2560|0000000000000000000000000000000000000000000000000000000000000000|RICH|1|616|DISP=ACCEPT_INSTALL|DETAIL=map
0000000000000000000000000000000000000000000000000000000000000000|0000000000000000000000000000000000000000000000000000000000000000|0|3|rt4_TMB-5_MAP_g_2064.r24|2|1|RICH|616|0|2570|0000000000000000000000000000000000000000000000000000000000000000|RICH|1|616|DISP=ACCEPT_INSTALL|DETAIL=map
0000000000000000000000000000000000000000000000000000000000000000|0000000000000000000000000000000000000000000000000000000000000000|0|3|rt4_TMB-5_MAP_g_2065.r24|2|1|RICH|616|0|2580|0000000000000000000000000000000000000000000000000000000000000000|RICH|1|616|DISP=ACCEPT_INSTALL|DETAIL=map
0000000000000000000000000000000000000000000000000000000000000000|0000000000000000000000000000000000000000000000000000000000000000|0|3|rt4_TMB-5_MAP_g_2066.r24|2|1|RICH|616|0|2590|0000000000000000000000000000000000000000000000000000000000000000|RICH|1|616|DISP=ACCEPT_INSTALL|DETAIL=map
0000000000000000000000000000000000000000000000000000000000000000|0000000000000000000000000000000000000000000000000000000000000000|0|3|rt4_TMB-5_MAP_g_2067.r24|2|1|RICH|616|0|2600|0000000000000000000000000000000000000000000000000000000000000000|RICH|1|616|DISP=ACCEPT_INSTALL|DETAIL=map
0000000000000000000000000000000000000000000000000000000000000000|0000000000000000000000000000000000000000000000000000000000000000|0|3|rt4_TMB-5_MAP_g_2068.r24|2|1|RICH|616|0|2610|0000000000000000000000000000000000000000000000000000000000000000|RICH|1|616|DISP=ACCEPT_INSTALL|DETAIL=map
0000000000000000000000000000000000000000000000000000000000000000|0000000000000000000000000000000000000000000000000000000000000000|0|3|rt4_TMB-5_MAP_g_2069.r24|2|1|RICH|616|0|2620|0000000000000000000000000000000000000000000000000000000000000000|RICH|1|616|DISP=ACCEPT_INSTALL|DETAIL=map
0000000000000000000000000000000000000000000000000000000000000000|0000000000000000000000000000000000000000000000000000000000000000|0|3|rt4_TMB-5_MAP_g_2070.r24|2|1|RICH|616|0|2630|0000000000000000000000000000000000000000000000000000000000000000|RICH|1|616|DISP=ACCEPT_INSTALL|DETAIL=map
0000000000000000000000000000000000000000000000000000000000000000|0000000000000000000000000000000000000000000000000000000000000000|0|3|rt4_TMB-5_MAP_g_2071.r24|2|1|RICH|616|0|2640|0000000000000000000000000000000000000000000000000000000000000000|RICH|1|616|DISP=ACCEPT_INSTALL|DETAIL=map
0000000000000000000000000000000000000000000000000000000000000000|0000000000000000000000000000000000000000000000000000000000000000|0|3|rt4_TMB-5_MAP_g_2072.r24|2|1|RICH|616|0|2650|0000000000000000000000000000000000000000000000000000000000000000|RICH|1|616|DISP=ACCEPT_INSTALL|DETAIL=map
0000000000000000000000000000000000000000000000000000000000000000|0000000000000000000000000000000000000000000000000000000000000000|0|3|rt4_TMB-5_MAP_g_2073.r24|2|1|RICH|616|0|2660|0000000000000000000000000000000000000000000000000000000000000000|RICH|1|616|DISP=ACCEPT_INSTALL|DETAIL=map
0000000000000000000000000000000000000000000000000000000000000000|0000000000000000000000000000000000000000000000000000000000000000|0|3|rt4_TMB-5_MAP_g_2074.r24|2|1|RICH|616|0|2670|0000000000000000000000000000000000000000000000000000000000000000|RICH|1|616|DISP=ACCEPT_INSTALL|DETAIL=map
0000000000000000000000000000000000000000000000000000000000000000|0000000000000000000000000000000000000000000000000000000000000000|0|3|rt4_TMB-5_MAP_g_2075.r24|2|1|RICH|616|0|2680|0000000000000000000000000000000000000000000000000000000000000000|RICH|1|616|DISP=ACCEPT_INSTALL|DETAIL=map
0000000000000000000000000000000000000000000000000000000000000000|0000000000000000000000000000000000000000000000000000000000000000|0|3|rt4_TMB-5_MAP_g_2076.r24|2|1|RICH|616|0|2690|0000000000000000000000000000000000000000000000000000000000000000|RICH|1|616|DISP=ACCEPT_INSTALL|DETAIL=map
0000000000000000000000000000000000000000000000000000000000000000|0000000000000000000000000000000000000000000000000000000000000000|0|3|rt4_TMB-5_MAP_g_2077.r24|2|1|RICH|616|0|2700|0000000000000000000000000000000000000000000000000000000000000000|RICH|1|616|DISP=ACCEPT_INSTALL|DETAIL=map
0000000000000000000000000000000000000000000000000000000000000000|0000000000000000000000000000000000000000000000000000000000000000|0|3|rt4_TMB-5_MAP_g_2078.r24|2|1|RICH|616|0|2710|0000000000000000000000000000000000000000000000000000000000000000|RICH|1|616|DISP=ACCEPT_INSTALL|DETAIL=map
0000000000000000000000000000000000000000000000000000000000000000|0000000000000000000000000000000000000000000000000000000000000000|0|3|rt4_TMB-5_MAP_g_2079.r24|2|1|RICH|616|0|2720|0000000000000000000000000000000000000000000000000000000000000000|RICH|1|616|DISP=ACCEPT_INSTALL|DETAIL=map
0000000000000000000000000000000000000000000000000000000000000000|0000000000000000000000000000000000000000000000000000000000000000|0|3|rt4_TMB-5_MAP_g_2080.r24|2|1|RICH|616|0|2730|0000000000000000000000000000000000000000000000000000000000000000|RICH|1|616|DISP=ACCEPT_INSTALL|DETAIL=map
0000000000000000000000000000000000000000000000000000000000000000|0000000000000000000000000000000000000000000000000000000000000000|0|3|rt4_TMB-5_MAP_g_2081.r24|2|1|RICH|616|0|2740|0000000000000000000000000000000000000000000000000000000000000000|RICH|1|616|DISP=ACCEPT_INSTALL|DETAIL=map
0000000000000000000000000000000000000000000000000000000000000000|0000000000000000000000000000000000000000000000000000000000000000|0|3|rt4_TMB-5_MAP_g_2082.r24|2|1|RICH|616|0|2750|0000000000000000000000000000000000000000000000000000000000000000|RICH|1|616|DISP=ACCEPT_INSTALL|DETAIL=map
0000000000000000000000000000000000000000000000000000000000000000|0000000000000000000000000000000000000000000000000000000000000000|0|3|rt4_TMB-5_MAP_g_2083.r24|2|1|RICH|616|0|2760|0000000000000000000000000000000000000000000000000000000000000000|RICH|1|616|DISP=ACCEPT_INSTALL|DETAIL=map
0000000000000000000000000000000000000000000000000000000000000000|0000000000000000000000000000000000000000000000000000000000000000|0|3|rt4_TMB-5_MAP_g_2084.r24|2|1|RICH|616|0|2770|0000000000000000000000000000000000000000000000000000000000000000|RICH|1|616|DISP=ACCEPT_INSTALL|DETAIL=map
0000000000000000000000000000000000000000000000000000000000000000|0000000000000000000000000000000000000000000000000000000000000000|0|3|rt4_TMB-5_MAP_g_2085.r24|2|1|RICH|616|0|2780|0000000000000000000000000000000000000000000000000000000000000000|RICH|1|616|DISP=ACCEPT_INSTALL|DETAIL=map
0000000000000000000000000000000000000000000000000000000000000000|0000000000000000000000000000000000000000000000000000000000000000|0|3|rt4_TMB-5_MAP_g_2086.r24|2|1|RICH|616|0|2790|0000000000000000000000000000000000000000000000000000000000000000|RICH|1|616|DISP=ACCEPT_INSTALL|DETAIL=map
0000000000000000000000000000000000000000000000000000000000000000|0000000000000000000000000000000000000000000000000000000000000000|0|3|rt4_TMB-5_MAP_g_2087.r24|2|1|RICH|616|0|2800|0000000000000000000000000000000000000000000000000000000000000000|RICH|1|616|DISP=ACCEPT_INSTALL|DETAIL=map
0000000000000000000000000000000000000000000000000000000000000000|0000000000000000000000000000000000000000000000000000000000000000|0|3|rt4_TMB-5_MAP_g_2088.r24|2|1|RICH|616|0|2810|0000000000000000000000000000000000000000000000000000000000000000|RICH|1|616|DISP=ACCEPT_INSTALL|DETAIL=map
0000000000000000000000000000000000000000000000000000000000000000|0000000000000000000000000000000000000000000000000000000000000000|0|3|rt4_TMB-5_MAP_g_2089.r24|2|1|RICH|616|0|2820|0000000000000000000000000000000000000000000000000000000000000000|RICH|1|616|DISP=ACCEPT_INSTALL|DETAIL=map
0000000000000000000000000000000000000000000000000000000000000000|0000000000000000000000000000000000000000000000000000000000000000|0|3|rt4_TMB-5_MAP_g_2090.r24|2|1|RICH|616|0|2830|0000000000000000000000000000000000000000000000000000000000000000|RICH|1|616|DISP=ACCEPT_INSTALL|DETAIL=map
0000000000000000000000000000000000000000000000000000000000000000|0000000000000000000000000000000000000000000000000000000000000000|0|3|rt4_TMB-5_MAP_g_2091.r24|2|1|RICH|616|0|2840|0000000000000000000000000000000000000000000000000000000000000000|RICH|1|616|DISP=ACCEPT_INSTALL|DETAIL=map
0000000000000000000000000000000000000000000000000000000000000000|0000000000000000000000000000000000000000000000000000000000000000|0|3|rt4_TMB-5_MAP_g_2092.r24|2|1|RICH|616|0|2850|0000000000000000000000000000000000000000000000000000000000000000|RICH|1|616|DISP=ACCEPT_INSTALL|DETAIL=map
0000000000000000000000000000000000000000000000000000000000000000|0000000000000000000000000000000000000000000000000000000000000000|0|3|rt4_TMB-5_MAP_g_2093.r24|2|1|RICH|616|0|2860|0000000000000000000000000000000000000000000000000000000000000000|RICH|1|616|DISP=ACCEPT_INSTALL|DETAIL=map
0000000000000000000000000000000000000000000000000000000000000000|0000000000000000000000000000000000000000000000000000000000000000|0|3|rt4_TMB-5_MAP_g_2094.r24|2|1|RICH|616|0|2870|0000000000000000000000000000000000000000000000000000000000000000|RICH|1|616|DISP=ACCEPT_INSTALL|DETAIL=map
0000000000000000000000000000000000000000000000000000000000000000|0000000000000000000000000000000000000000000000000000000000000000|0|3|rt4_TMB-5_MAP_g_2095.r24|2|1|RICH|616|0|2880|0000000000000000000000000000000000000000000000000000000000000000|RICH|1|616|DISP=ACCEPT_INSTALL|DETAIL=map
0000000000000000000000000000000000000000000000000000000000000000|0000000000000000000000000000000000000000000000000000000000000000|0|3|rt4_TMB-5_MAP_g_2096.r24|2|1|RICH|616|0|2890|0000000000000000000000000000000000000000000000000000000000000000|RICH|1|616|DISP=ACCEPT_INSTALL|DETAIL=map
0000000000000000000000000000000000000000000000000000000000000000|0000000000000000000000000000000000000000000000000000000000000000|0|3|rt4_TMB-5_MAP_g_2097.r24|2|1|RICH|616|0|2900|0000000000000000000000000000000000000000000000000000000000000000|RICH|1|616|DISP=ACCEPT_INSTALL|DETAIL=map
0000000000000000000000000000000000000000000000000000000000000000|0000000000000000000000000000000000000000000000000000000000000000|0|3|rt4_TMB-5_MAP_g_2098.r24|2|1|RICH|618|0|2400|0000000000000000000000000000000000000000000000000000000000000000|RICH|1|618|DISP=ACCEPT_INSTALL|DETAIL=map
0000000000000000000000000000000000000000000000000000000000000000|0000000000000000000000000000000000000000000000000000000000000000|0|3|rt4_TMB-5_MAP_g_2099.r24|2|1|RICH|618|0|2410|0000000000000000000000000000000000000000000000000000000000000000|RICH|1|618|DISP=ACCEPT_INSTALL|DETAIL=map
0000000000000000000000000000000000000000000000000000000000000000|0000000000000000000000000000000000000000000000000000000000000000|0|3|rt4_TMB-5_MAP_g_2100.r24|2|1|RICH|618|0|2420|0000000000000000000000000000000000000000000000000000000000000000|RICH|1|618|DISP=ACCEPT_INSTALL|DETAIL=map
0000000000000000000000000000000000000000000000000000000000000000|0000000000000000000000000000000000000000000000000000000000000000|0|3|rt4_TMB-5_MAP_g_2101.r24|2|1|RICH|618|0|2430|0000000000000000000000000000000000000000000000000000000000000000|RICH|1|618|DISP=ACCEPT_INSTALL|DETAIL=map
0000000000000000000000000000000000000000000000000000000000000000|0000000000000000000000000000000000000000000000000000000000000000|0|3|rt4_TMB-5_MAP_g_2102.r24|2|1|RICH|618|0|2440|0000000000000000000000000000000000000000000000000000000000000000|RICH|1|618|DISP=ACCEPT_INSTALL|DETAIL=map
0000000000000000000000000000000000000000000000000000000000000000|0000000000000000000000000000000000000000000000000000000000000000|0|3|rt4_TMB-5_MAP_g_2103.r24|2|1|RICH|618|0|2450|0000000000000000000000000000000000000000000000000000000000000000|RICH|1|618|DISP=ACCEPT_INSTALL|DETAIL=map
0000000000000000000000000000000000000000000000000000000000000000|0000000000000000000000000000000000000000000000000000000000000000|0|3|rt4_TMB-5_MAP_g_2104.r24|2|1|RICH|618|0|2460|0000000000000000000000000000000000000000000000000000000000000000|RICH|1|618|DISP=ACCEPT_INSTALL|DETAIL=map
0000000000000000000000000000000000000000000000000000000000000000|0000000000000000000000000000000000000000000000000000000000000000|0|3|rt4_TMB-5_MAP_g_2105.r24|2|1|RICH|618|0|2470|0000000000000000000000000000000000000000000000000000000000000000|RICH|1|618|DISP=ACCEPT_INSTALL|DETAIL=map
0000000000000000000000000000000000000000000000000000000000000000|0000000000000000000000000000000000000000000000000000000000000000|0|3|rt4_TMB-5_MAP_g_2106.r24|2|1|RICH|618|0|2480|0000000000000000000000000000000000000000000000000000000000000000|RICH|1|618|DISP=ACCEPT_INSTALL|DETAIL=map
0000000000000000000000000000000000000000000000000000000000000000|0000000000000000000000000000000000000000000000000000000000000000|0|3|rt4_TMB-5_MAP_g_2107.r24|2|1|RICH|618|0|2490|0000000000000000000000000000000000000000000000000000000000000000|RICH|1|618|DISP=ACCEPT_INSTALL|DETAIL=map
0000000000000000000000000000000000000000000000000000000000000000|0000000000000000000000000000000000000000000000000000000000000000|0|3|rt4_TMB-5_MAP_g_2108.r24|2|1|RICH|618|0|2500|0000000000000000000000000000000000000000000000000000000000000000|RICH|1|618|DISP=ACCEPT_INSTALL|DETAIL=map
0000000000000000000000000000000000000000000000000000000000000000|0000000000000000000000000000000000000000000000000000000000000000|0|3|rt4_TMB-5_MAP_g_2109.r24|2|1|RICH|618|0|2510|0000000000000000000000000000000000000000000000000000000000000000|RICH|1|618|DISP=ACCEPT_INSTALL|DETAIL=map
0000000000000000000000000000000000000000000000000000000000000000|0000000000000000000000000000000000000000000000000000000000000000|0|3|rt4_TMB-5_MAP_g_2110.r24|2|1|RICH|618|0|2520|0000000000000000000000000000000000000000000000000000000000000000|RICH|1|618|DISP=ACCEPT_INSTALL|DETAIL=map
0000000000000000000000000000000000000000000000000000000000000000|0000000000000000000000000000000000000000000000000000000000000000|0|3|rt4_TMB-5_MAP_g_2111.r24|2|1|RICH|618|0|2530|0000000000000000000000000000000000000000000000000000000000000000|RICH|1|618|DISP=ACCEPT_INSTALL|DETAIL=map
0000000000000000000000000000000000000000000000000000000000000000|0000000000000000000000000000000000000000000000000000000000000000|0|3|rt4_TMB-5_MAP_g_2112.r24|2|1|RICH|618|0|2540|0000000000000000000000000000000000000000000000000000000000000000|RICH|1|618|DISP=ACCEPT_INSTALL|DETAIL=map
0000000000000000000000000000000000000000000000000000000000000000|0000000000000000000000000000000000000000000000000000000000000000|0|3|rt4_TMB-5_MAP_g_2113.r24|2|1|RICH|618|0|2550|0000000000000000000000000000000000000000000000000000000000000000|RICH|1|618|DISP=ACCEPT_INSTALL|DETAIL=map
0000000000000000000000000000000000000000000000000000000000000000|0000000000000000000000000000000000000000000000000000000000000000|0|3|rt4_TMB-5_MAP_g_2114.r24|2|1|RICH|618|0|2560|0000000000000000000000000000000000000000000000000000000000000000|RICH|1|618|DISP=ACCEPT_INSTALL|DETAIL=map
0000000000000000000000000000000000000000000000000000000000000000|0000000000000000000000000000000000000000000000000000000000000000|0|3|rt4_TMB-5_MAP_g_2115.r24|2|1|RICH|618|0|2570|0000000000000000000000000000000000000000000000000000000000000000|RICH|1|618|DISP=ACCEPT_INSTALL|DETAIL=map
0000000000000000000000000000000000000000000000000000000000000000|0000000000000000000000000000000000000000000000000000000000000000|0|3|rt4_TMB-5_MAP_g_2116.r24|2|1|RICH|618|0|2580|0000000000000000000000000000000000000000000000000000000000000000|RICH|1|618|DISP=ACCEPT_INSTALL|DETAIL=map
0000000000000000000000000000000000000000000000000000000000000000|0000000000000000000000000000000000000000000000000000000000000000|0|3|rt4_TMB-5_MAP_g_2117.r24|2|1|RICH|618|0|2590|0000000000000000000000000000000000000000000000000000000000000000|RICH|1|618|DISP=ACCEPT_INSTALL|DETAIL=map
0000000000000000000000000000000000000000000000000000000000000000|0000000000000000000000000000000000000000000000000000000000000000|0|3|rt4_TMB-5_MAP_g_2118.r24|2|1|RICH|618|0|2600|0000000000000000000000000000000000000000000000000000000000000000|RICH|1|618|DISP=ACCEPT_INSTALL|DETAIL=map
0000000000000000000000000000000000000000000000000000000000000000|0000000000000000000000000000000000000000000000000000000000000000|0|3|rt4_TMB-5_MAP_g_2119.r24|2|1|RICH|618|0|2610|0000000000000000000000000000000000000000000000000000000000000000|RICH|1|618|DISP=ACCEPT_INSTALL|DETAIL=map
0000000000000000000000000000000000000000000000000000000000000000|0000000000000000000000000000000000000000000000000000000000000000|0|3|rt4_TMB-5_MAP_g_2120.r24|2|1|RICH|618|0|2620|0000000000000000000000000000000000000000000000000000000000000000|RICH|1|618|DISP=ACCEPT_INSTALL|DETAIL=map
0000000000000000000000000000000000000000000000000000000000000000|0000000000000000000000000000000000000000000000000000000000000000|0|3|rt4_TMB-5_MAP_g_2121.r24|2|1|RICH|618|0|2630|0000000000000000000000000000000000000000000000000000000000000000|RICH|1|618|DISP=ACCEPT_INSTALL|DETAIL=map
0000000000000000000000000000000000000000000000000000000000000000|0000000000000000000000000000000000000000000000000000000000000000|0|3|rt4_TMB-5_MAP_g_2122.r24|2|1|RICH|618|0|2640|0000000000000000000000000000000000000000000000000000000000000000|RICH|1|618|DISP=ACCEPT_INSTALL|DETAIL=map
0000000000000000000000000000000000000000000000000000000000000000|0000000000000000000000000000000000000000000000000000000000000000|0|3|rt4_TMB-5_MAP_g_2123.r24|2|1|RICH|618|0|2650|0000000000000000000000000000000000000000000000000000000000000000|RICH|1|618|DISP=ACCEPT_INSTALL|DETAIL=map
0000000000000000000000000000000000000000000000000000000000000000|0000000000000000000000000000000000000000000000000000000000000000|0|3|rt4_TMB-5_MAP_g_2124.r24|2|1|RICH|618|0|2660|0000000000000000000000000000000000000000000000000000000000000000|RICH|1|618|DISP=ACCEPT_INSTALL|DETAIL=map
0000000000000000000000000000000000000000000000000000000000000000|0000000000000000000000000000000000000000000000000000000000000000|0|3|rt4_TMB-5_MAP_g_2125.r24|2|1|RICH|618|0|2670|0000000000000000000000000000000000000000000000000000000000000000|RICH|1|618|DISP=ACCEPT_INSTALL|DETAIL=map
0000000000000000000000000000000000000000000000000000000000000000|0000000000000000000000000000000000000000000000000000000000000000|0|3|rt4_TMB-5_MAP_g_2126.r24|2|1|RICH|618|0|2680|0000000000000000000000000000000000000000000000000000000000000000|RICH|1|618|DISP=ACCEPT_INSTALL|DETAIL=map
0000000000000000000000000000000000000000000000000000000000000000|0000000000000000000000000000000000000000000000000000000000000000|0|3|rt4_TMB-5_MAP_g_2127.r24|2|1|RICH|618|0|2690|0000000000000000000000000000000000000000000000000000000000000000|RICH|1|618|DISP=ACCEPT_INSTALL|DETAIL=map
0000000000000000000000000000000000000000000000000000000000000000|0000000000000000000000000000000000000000000000000000000000000000|0|3|rt4_TMB-5_MAP_g_2128.r24|2|1|RICH|618|0|2700|0000000000000000000000000000000000000000000000000000000000000000|RICH|1|618|DISP=ACCEPT_INSTALL|DETAIL=map
0000000000000000000000000000000000000000000000000000000000000000|0000000000000000000000000000000000000000000000000000000000000000|0|3|rt4_TMB-5_MAP_g_2129.r24|2|1|RICH|618|0|2710|0000000000000000000000000000000000000000000000000000000000000000|RICH|1|618|DISP=ACCEPT_INSTALL|DETAIL=map
0000000000000000000000000000000000000000000000000000000000000000|0000000000000000000000000000000000000000000000000000000000000000|0|3|rt4_TMB-5_MAP_g_2130.r24|2|1|RICH|618|0|2720|0000000000000000000000000000000000000000000000000000000000000000|RICH|1|618|DISP=ACCEPT_INSTALL|DETAIL=map
0000000000000000000000000000000000000000000000000000000000000000|0000000000000000000000000000000000000000000000000000000000000000|0|3|rt4_TMB-5_MAP_g_2131.r24|2|1|RICH|618|0|2730|0000000000000000000000000000000000000000000000000000000000000000|RICH|1|618|DISP=ACCEPT_INSTALL|DETAIL=map
0000000000000000000000000000000000000000000000000000000000000000|0000000000000000000000000000000000000000000000000000000000000000|0|3|rt4_TMB-5_MAP_g_2132.r24|2|1|RICH|618|0|2740|0000000000000000000000000000000000000000000000000000000000000000|RICH|1|618|DISP=ACCEPT_INSTALL|DETAIL=map
0000000000000000000000000000000000000000000000000000000000000000|0000000000000000000000000000000000000000000000000000000000000000|0|3|rt4_TMB-5_MAP_g_2133.r24|2|1|RICH|618|0|2750|0000000000000000000000000000000000000000000000000000000000000000|RICH|1|618|DISP=ACCEPT_INSTALL|DETAIL=map
0000000000000000000000000000000000000000000000000000000000000000|0000000000000000000000000000000000000000000000000000000000000000|0|3|rt4_TMB-5_MAP_g_2134.r24|2|1|RICH|618|0|2760|0000000000000000000000000000000000000000000000000000000000000000|RICH|1|618|DISP=ACCEPT_INSTALL|DETAIL=map
0000000000000000000000000000000000000000000000000000000000000000|0000000000000000000000000000000000000000000000000000000000000000|0|3|rt4_TMB-5_MAP_g_2135.r24|2|1|RICH|618|0|2770|0000000000000000000000000000000000000000000000000000000000000000|RICH|1|618|DISP=ACCEPT_INSTALL|DETAIL=map
0000000000000000000000000000000000000000000000000000000000000000|0000000000000000000000000000000000000000000000000000000000000000|0|3|rt4_TMB-5_MAP_g_2136.r24|2|1|RICH|618|0|2780|0000000000000000000000000000000000000000000000000000000000000000|RICH|1|618|DISP=ACCEPT_INSTALL|DETAIL=map
0000000000000000000000000000000000000000000000000000000000000000|0000000000000000000000000000000000000000000000000000000000000000|0|3|rt4_TMB-5_MAP_g_2137.r24|2|1|RICH|618|0|2790|0000000000000000000000000000000000000000000000000000000000000000|RICH|1|618|DISP=ACCEPT_INSTALL|DETAIL=map
0000000000000000000000000000000000000000000000000000000000000000|0000000000000000000000000000000000000000000000000000000000000000|0|3|rt4_TMB-5_MAP_g_2138.r24|2|1|RICH|618|0|2800|0000000000000000000000000000000000000000000000000000000000000000|RICH|1|618|DISP=ACCEPT_INSTALL|DETAIL=map
0000000000000000000000000000000000000000000000000000000000000000|0000000000000000000000000000000000000000000000000000000000000000|0|3|rt4_TMB-5_MAP_g_2139.r24|2|1|RICH|618|0|2810|0000000000000000000000000000000000000000000000000000000000000000|RICH|1|618|DISP=ACCEPT_INSTALL|DETAIL=map
0000000000000000000000000000000000000000000000000000000000000000|0000000000000000000000000000000000000000000000000000000000000000|0|3|rt4_TMB-5_MAP_g_2140.r24|2|1|RICH|618|0|2820|0000000000000000000000000000000000000000000000000000000000000000|RICH|1|618|DISP=ACCEPT_INSTALL|DETAIL=map
0000000000000000000000000000000000000000000000000000000000000000|0000000000000000000000000000000000000000000000000000000000000000|0|3|rt4_TMB-5_MAP_g_2141.r24|2|1|RICH|618|0|2830|0000000000000000000000000000000000000000000000000000000000000000|RICH|1|618|DISP=ACCEPT_INSTALL|DETAIL=map
0000000000000000000000000000000000000000000000000000000000000000|0000000000000000000000000000000000000000000000000000000000000000|0|3|rt4_TMB-5_MAP_g_2142.r24|2|1|RICH|618|0|2840|0000000000000000000000000000000000000000000000000000000000000000|RICH|1|618|DISP=ACCEPT_INSTALL|DETAIL=map
0000000000000000000000000000000000000000000000000000000000000000|0000000000000000000000000000000000000000000000000000000000000000|0|3|rt4_TMB-5_MAP_g_2143.r24|2|1|RICH|618|0|2850|0000000000000000000000000000000000000000000000000000000000000000|RICH|1|618|DISP=ACCEPT_INSTALL|DETAIL=map
0000000000000000000000000000000000000000000000000000000000000000|0000000000000000000000000000000000000000000000000000000000000000|0|3|rt4_TMB-5_MAP_g_2144.r24|2|1|RICH|618|0|2860|0000000000000000000000000000000000000000000000000000000000000000|RICH|1|618|DISP=ACCEPT_INSTALL|DETAIL=map
0000000000000000000000000000000000000000000000000000000000000000|0000000000000000000000000000000000000000000000000000000000000000|0|3|rt4_TMB-5_MAP_g_2145.r24|2|1|RICH|618|0|2870|0000000000000000000000000000000000000000000000000000000000000000|RICH|1|618|DISP=ACCEPT_INSTALL|DETAIL=map
0000000000000000000000000000000000000000000000000000000000000000|0000000000000000000000000000000000000000000000000000000000000000|0|3|rt4_TMB-5_MAP_g_2146.r24|2|1|RICH|618|0|2880|0000000000000000000000000000000000000000000000000000000000000000|RICH|1|618|DISP=ACCEPT_INSTALL|DETAIL=map
0000000000000000000000000000000000000000000000000000000000000000|0000000000000000000000000000000000000000000000000000000000000000|0|3|rt4_TMB-5_MAP_g_2147.r24|2|1|RICH|618|0|2890|0000000000000000000000000000000000000000000000000000000000000000|RICH|1|618|DISP=ACCEPT_INSTALL|DETAIL=map
0000000000000000000000000000000000000000000000000000000000000000|0000000000000000000000000000000000000000000000000000000000000000|0|3|rt4_TMB-5_MAP_g_2148.r24|2|1|RICH|618|0|2900|0000000000000000000000000000000000000000000000000000000000000000|RICH|1|618|DISP=ACCEPT_INSTALL|DETAIL=map
0000000000000000000000000000000000000000000000000000000000000000|0000000000000000000000000000000000000000000000000000000000000000|0|3|rt4_TMB-5_MAP_g_2149.r24|2|1|RICH|620|0|2400|0000000000000000000000000000000000000000000000000000000000000000|RICH|1|620|DISP=ACCEPT_INSTALL|DETAIL=map
0000000000000000000000000000000000000000000000000000000000000000|0000000000000000000000000000000000000000000000000000000000000000|0|3|rt4_TMB-5_MAP_g_2150.r24|2|1|RICH|620|0|2410|0000000000000000000000000000000000000000000000000000000000000000|RICH|1|620|DISP=ACCEPT_INSTALL|DETAIL=map
0000000000000000000000000000000000000000000000000000000000000000|0000000000000000000000000000000000000000000000000000000000000000|0|3|rt4_TMB-5_MAP_g_2151.r24|2|1|RICH|620|0|2420|0000000000000000000000000000000000000000000000000000000000000000|RICH|1|620|DISP=ACCEPT_INSTALL|DETAIL=map
0000000000000000000000000000000000000000000000000000000000000000|0000000000000000000000000000000000000000000000000000000000000000|0|3|rt4_TMB-5_MAP_g_2152.r24|2|1|RICH|620|0|2430|0000000000000000000000000000000000000000000000000000000000000000|RICH|1|620|DISP=ACCEPT_INSTALL|DETAIL=map
0000000000000000000000000000000000000000000000000000000000000000|0000000000000000000000000000000000000000000000000000000000000000|0|3|rt4_TMB-5_MAP_g_2153.r24|2|1|RICH|620|0|2440|0000000000000000000000000000000000000000000000000000000000000000|RICH|1|620|DISP=ACCEPT_INSTALL|DETAIL=map
0000000000000000000000000000000000000000000000000000000000000000|0000000000000000000000000000000000000000000000000000000000000000|0|3|rt4_TMB-5_MAP_g_2154.r24|2|1|RICH|620|0|2450|0000000000000000000000000000000000000000000000000000000000000000|RICH|1|620|DISP=ACCEPT_INSTALL|DETAIL=map
0000000000000000000000000000000000000000000000000000000000000000|0000000000000000000000000000000000000000000000000000000000000000|0|3|rt4_TMB-5_MAP_g_2155.r24|2|1|RICH|620|0|2460|0000000000000000000000000000000000000000000000000000000000000000|RICH|1|620|DISP=ACCEPT_INSTALL|DETAIL=map
0000000000000000000000000000000000000000000000000000000000000000|0000000000000000000000000000000000000000000000000000000000000000|0|3|rt4_TMB-5_MAP_g_2156.r24|2|1|RICH|620|0|2470|0000000000000000000000000000000000000000000000000000000000000000|RICH|1|620|DISP=ACCEPT_INSTALL|DETAIL=map
0000000000000000000000000000000000000000000000000000000000000000|0000000000000000000000000000000000000000000000000000000000000000|0|3|rt4_TMB-5_MAP_g_2157.r24|2|1|RICH|620|0|2480|0000000000000000000000000000000000000000000000000000000000000000|RICH|1|620|DISP=ACCEPT_INSTALL|DETAIL=map
0000000000000000000000000000000000000000000000000000000000000000|0000000000000000000000000000000000000000000000000000000000000000|0|3|rt4_TMB-5_MAP_g_2158.r24|2|1|RICH|620|0|2490|0000000000000000000000000000000000000000000000000000000000000000|RICH|1|620|DISP=ACCEPT_INSTALL|DETAIL=map
0000000000000000000000000000000000000000000000000000000000000000|0000000000000000000000000000000000000000000000000000000000000000|0|3|rt4_TMB-5_MAP_g_2159.r24|2|1|RICH|620|0|2500|0000000000000000000000000000000000000000000000000000000000000000|RICH|1|620|DISP=ACCEPT_INSTALL|DETAIL=map
0000000000000000000000000000000000000000000000000000000000000000|0000000000000000000000000000000000000000000000000000000000000000|0|3|rt4_TMB-5_MAP_g_2160.r24|2|1|RICH|620|0|2510|0000000000000000000000000000000000000000000000000000000000000000|RICH|1|620|DISP=ACCEPT_INSTALL|DETAIL=map
0000000000000000000000000000000000000000000000000000000000000000|0000000000000000000000000000000000000000000000000000000000000000|0|3|rt4_TMB-5_MAP_g_2161.r24|2|1|RICH|620|0|2520|0000000000000000000000000000000000000000000000000000000000000000|RICH|1|620|DISP=ACCEPT_INSTALL|DETAIL=map
0000000000000000000000000000000000000000000000000000000000000000|0000000000000000000000000000000000000000000000000000000000000000|0|3|rt4_TMB-5_MAP_g_2162.r24|2|1|RICH|620|0|2530|0000000000000000000000000000000000000000000000000000000000000000|RICH|1|620|DISP=ACCEPT_INSTALL|DETAIL=map
0000000000000000000000000000000000000000000000000000000000000000|0000000000000000000000000000000000000000000000000000000000000000|0|3|rt4_TMB-5_MAP_g_2163.r24|2|1|RICH|620|0|2540|0000000000000000000000000000000000000000000000000000000000000000|RICH|1|620|DISP=ACCEPT_INSTALL|DETAIL=map
0000000000000000000000000000000000000000000000000000000000000000|0000000000000000000000000000000000000000000000000000000000000000|0|3|rt4_TMB-5_MAP_g_2164.r24|2|1|RICH|620|0|2550|0000000000000000000000000000000000000000000000000000000000000000|RICH|1|620|DISP=ACCEPT_INSTALL|DETAIL=map
0000000000000000000000000000000000000000000000000000000000000000|0000000000000000000000000000000000000000000000000000000000000000|0|3|rt4_TMB-5_MAP_g_2165.r24|2|1|RICH|620|0|2560|0000000000000000000000000000000000000000000000000000000000000000|RICH|1|620|DISP=ACCEPT_INSTALL|DETAIL=map
0000000000000000000000000000000000000000000000000000000000000000|0000000000000000000000000000000000000000000000000000000000000000|0|3|rt4_TMB-5_MAP_g_2166.r24|2|1|RICH|620|0|2570|0000000000000000000000000000000000000000000000000000000000000000|RICH|1|620|DISP=ACCEPT_INSTALL|DETAIL=map
0000000000000000000000000000000000000000000000000000000000000000|0000000000000000000000000000000000000000000000000000000000000000|0|3|rt4_TMB-5_MAP_g_2167.r24|2|1|RICH|620|0|2580|0000000000000000000000000000000000000000000000000000000000000000|RICH|1|620|DISP=ACCEPT_INSTALL|DETAIL=map
0000000000000000000000000000000000000000000000000000000000000000|0000000000000000000000000000000000000000000000000000000000000000|0|3|rt4_TMB-5_MAP_g_2168.r24|2|1|RICH|620|0|2590|0000000000000000000000000000000000000000000000000000000000000000|RICH|1|620|DISP=ACCEPT_INSTALL|DETAIL=map
0000000000000000000000000000000000000000000000000000000000000000|0000000000000000000000000000000000000000000000000000000000000000|0|3|rt4_TMB-5_MAP_g_2169.r24|2|1|RICH|620|0|2600|0000000000000000000000000000000000000000000000000000000000000000|RICH|1|620|DISP=ACCEPT_INSTALL|DETAIL=map
0000000000000000000000000000000000000000000000000000000000000000|0000000000000000000000000000000000000000000000000000000000000000|0|3|rt4_TMB-5_MAP_g_2170.r24|2|1|RICH|620|0|2610|0000000000000000000000000000000000000000000000000000000000000000|RICH|1|620|DISP=ACCEPT_INSTALL|DETAIL=map
0000000000000000000000000000000000000000000000000000000000000000|0000000000000000000000000000000000000000000000000000000000000000|0|3|rt4_TMB-5_MAP_g_2171.r24|2|1|RICH|620|0|2620|0000000000000000000000000000000000000000000000000000000000000000|RICH|1|620|DISP=ACCEPT_INSTALL|DETAIL=map
0000000000000000000000000000000000000000000000000000000000000000|0000000000000000000000000000000000000000000000000000000000000000|0|3|rt4_TMB-5_MAP_g_2172.r24|2|1|RICH|620|0|2630|0000000000000000000000000000000000000000000000000000000000000000|RICH|1|620|DISP=ACCEPT_INSTALL|DETAIL=map
0000000000000000000000000000000000000000000000000000000000000000|0000000000000000000000000000000000000000000000000000000000000000|0|3|rt4_TMB-5_MAP_g_2173.r24|2|1|RICH|620|0|2640|0000000000000000000000000000000000000000000000000000000000000000|RICH|1|620|DISP=ACCEPT_INSTALL|DETAIL=map
0000000000000000000000000000000000000000000000000000000000000000|0000000000000000000000000000000000000000000000000000000000000000|0|3|rt4_TMB-5_MAP_g_2174.r24|2|1|RICH|620|0|2650|0000000000000000000000000000000000000000000000000000000000000000|RICH|1|620|DISP=ACCEPT_INSTALL|DETAIL=map
0000000000000000000000000000000000000000000000000000000000000000|0000000000000000000000000000000000000000000000000000000000000000|0|3|rt4_TMB-5_MAP_g_2175.r24|2|1|RICH|620|0|2660|0000000000000000000000000000000000000000000000000000000000000000|RICH|1|620|DISP=ACCEPT_INSTALL|DETAIL=map
0000000000000000000000000000000000000000000000000000000000000000|0000000000000000000000000000000000000000000000000000000000000000|0|3|rt4_TMB-5_MAP_g_2176.r24|2|1|RICH|620|0|2670|0000000000000000000000000000000000000000000000000000000000000000|RICH|1|620|DISP=ACCEPT_INSTALL|DETAIL=map
0000000000000000000000000000000000000000000000000000000000000000|0000000000000000000000000000000000000000000000000000000000000000|0|3|rt4_TMB-5_MAP_g_2177.r24|2|1|RICH|620|0|2680|0000000000000000000000000000000000000000000000000000000000000000|RICH|1|620|DISP=ACCEPT_INSTALL|DETAIL=map
0000000000000000000000000000000000000000000000000000000000000000|0000000000000000000000000000000000000000000000000000000000000000|0|3|rt4_TMB-5_MAP_g_2178.r24|2|1|RICH|620|0|2690|0000000000000000000000000000000000000000000000000000000000000000|RICH|1|620|DISP=ACCEPT_INSTALL|DETAIL=map
0000000000000000000000000000000000000000000000000000000000000000|0000000000000000000000000000000000000000000000000000000000000000|0|3|rt4_TMB-5_MAP_g_2179.r24|2|1|RICH|620|0|2700|0000000000000000000000000000000000000000000000000000000000000000|RICH|1|620|DISP=ACCEPT_INSTALL|DETAIL=map
0000000000000000000000000000000000000000000000000000000000000000|0000000000000000000000000000000000000000000000000000000000000000|0|3|rt4_TMB-5_MAP_g_2180.r24|2|1|RICH|620|0|2710|0000000000000000000000000000000000000000000000000000000000000000|RICH|1|620|DISP=ACCEPT_INSTALL|DETAIL=map
0000000000000000000000000000000000000000000000000000000000000000|0000000000000000000000000000000000000000000000000000000000000000|0|3|rt4_TMB-5_MAP_g_2181.r24|2|1|RICH|620|0|2720|0000000000000000000000000000000000000000000000000000000000000000|RICH|1|620|DISP=ACCEPT_INSTALL|DETAIL=map
0000000000000000000000000000000000000000000000000000000000000000|0000000000000000000000000000000000000000000000000000000000000000|0|3|rt4_TMB-5_MAP_g_2182.r24|2|1|RICH|620|0|2730|0000000000000000000000000000000000000000000000000000000000000000|RICH|1|620|DISP=ACCEPT_INSTALL|DETAIL=map
0000000000000000000000000000000000000000000000000000000000000000|0000000000000000000000000000000000000000000000000000000000000000|0|3|rt4_TMB-5_MAP_g_2183.r24|2|1|RICH|620|0|2740|0000000000000000000000000000000000000000000000000000000000000000|RICH|1|620|DISP=ACCEPT_INSTALL|DETAIL=map
0000000000000000000000000000000000000000000000000000000000000000|0000000000000000000000000000000000000000000000000000000000000000|0|3|rt4_TMB-5_MAP_g_2184.r24|2|1|RICH|620|0|2750|0000000000000000000000000000000000000000000000000000000000000000|RICH|1|620|DISP=ACCEPT_INSTALL|DETAIL=map
0000000000000000000000000000000000000000000000000000000000000000|0000000000000000000000000000000000000000000000000000000000000000|0|3|rt4_TMB-5_MAP_g_2185.r24|2|1|RICH|620|0|2760|0000000000000000000000000000000000000000000000000000000000000000|RICH|1|620|DISP=ACCEPT_INSTALL|DETAIL=map
0000000000000000000000000000000000000000000000000000000000000000|0000000000000000000000000000000000000000000000000000000000000000|0|3|rt4_TMB-5_MAP_g_2186.r24|2|1|RICH|620|0|2770|0000000000000000000000000000000000000000000000000000000000000000|RICH|1|620|DISP=ACCEPT_INSTALL|DETAIL=map
0000000000000000000000000000000000000000000000000000000000000000|0000000000000000000000000000000000000000000000000000000000000000|0|3|rt4_TMB-5_MAP_g_2187.r24|2|1|RICH|620|0|2780|0000000000000000000000000000000000000000000000000000000000000000|RICH|1|620|DISP=ACCEPT_INSTALL|DETAIL=map
0000000000000000000000000000000000000000000000000000000000000000|0000000000000000000000000000000000000000000000000000000000000000|0|3|rt4_TMB-5_MAP_g_2188.r24|2|1|RICH|620|0|2790|0000000000000000000000000000000000000000000000000000000000000000|RICH|1|620|DISP=ACCEPT_INSTALL|DETAIL=map
0000000000000000000000000000000000000000000000000000000000000000|0000000000000000000000000000000000000000000000000000000000000000|0|3|rt4_TMB-5_MAP_g_2189.r24|2|1|RICH|620|0|2800|0000000000000000000000000000000000000000000000000000000000000000|RICH|1|620|DISP=ACCEPT_INSTALL|DETAIL=map
0000000000000000000000000000000000000000000000000000000000000000|0000000000000000000000000000000000000000000000000000000000000000|0|3|rt4_TMB-5_MAP_g_2190.r24|2|1|RICH|620|0|2810|0000000000000000000000000000000000000000000000000000000000000000|RICH|1|620|DISP=ACCEPT_INSTALL|DETAIL=map
0000000000000000000000000000000000000000000000000000000000000000|0000000000000000000000000000000000000000000000000000000000000000|0|3|rt4_TMB-5_MAP_g_2191.r24|2|1|RICH|620|0|2820|0000000000000000000000000000000000000000000000000000000000000000|RICH|1|620|DISP=ACCEPT_INSTALL|DETAIL=map
0000000000000000000000000000000000000000000000000000000000000000|0000000000000000000000000000000000000000000000000000000000000000|0|3|rt4_TMB-5_MAP_g_2192.r24|2|1|RICH|620|0|2830|0000000000000000000000000000000000000000000000000000000000000000|RICH|1|620|DISP=ACCEPT_INSTALL|DETAIL=map
0000000000000000000000000000000000000000000000000000000000000000|0000000000000000000000000000000000000000000000000000000000000000|0|3|rt4_TMB-5_MAP_g_2193.r24|2|1|RICH|620|0|2840|0000000000000000000000000000000000000000000000000000000000000000|RICH|1|620|DISP=ACCEPT_INSTALL|DETAIL=map
0000000000000000000000000000000000000000000000000000000000000000|0000000000000000000000000000000000000000000000000000000000000000|0|3|rt4_TMB-5_MAP_g_2194.r24|2|1|RICH|620|0|2850|0000000000000000000000000000000000000000000000000000000000000000|RICH|1|620|DISP=ACCEPT_INSTALL|DETAIL=map
0000000000000000000000000000000000000000000000000000000000000000|0000000000000000000000000000000000000000000000000000000000000000|0|3|rt4_TMB-5_MAP_g_2195.r24|2|1|RICH|620|0|2860|0000000000000000000000000000000000000000000000000000000000000000|RICH|1|620|DISP=ACCEPT_INSTALL|DETAIL=map
0000000000000000000000000000000000000000000000000000000000000000|0000000000000000000000000000000000000000000000000000000000000000|0|3|rt4_TMB-5_MAP_g_2196.r24|2|1|RICH|620|0|2870|0000000000000000000000000000000000000000000000000000000000000000|RICH|1|620|DISP=ACCEPT_INSTALL|DETAIL=map
0000000000000000000000000000000000000000000000000000000000000000|0000000000000000000000000000000000000000000000000000000000000000|0|3|rt4_TMB-5_MAP_g_2197.r24|2|1|RICH|620|0|2880|0000000000000000000000000000000000000000000000000000000000000000|RICH|1|620|DISP=ACCEPT_INSTALL|DETAIL=map
0000000000000000000000000000000000000000000000000000000000000000|0000000000000000000000000000000000000000000000000000000000000000|0|3|rt4_TMB-5_MAP_g_2198.r24|2|1|RICH|620|0|2890|0000000000000000000000000000000000000000000000000000000000000000|RICH|1|620|DISP=ACCEPT_INSTALL|DETAIL=map
0000000000000000000000000000000000000000000000000000000000000000|0000000000000000000000000000000000000000000000000000000000000000|0|3|rt4_TMB-5_MAP_g_2199.r24|2|1|RICH|620|0|2900|0000000000000000000000000000000000000000000000000000000000000000|RICH|1|620|DISP=ACCEPT_INSTALL|DETAIL=map
0000000000000000000000000000000000000000000000000000000000000000|0000000000000000000000000000000000000000000000000000000000000000|0|3|rt4_TMB-5_MAP_g_2200.r24|2|1|RICH|622|0|2400|0000000000000000000000000000000000000000000000000000000000000000|RICH|1|622|DISP=ACCEPT_INSTALL|DETAIL=map
0000000000000000000000000000000000000000000000000000000000000000|0000000000000000000000000000000000000000000000000000000000000000|0|3|rt4_TMB-5_MAP_g_2201.r24|2|1|RICH|622|0|2410|0000000000000000000000000000000000000000000000000000000000000000|RICH|1|622|DISP=ACCEPT_INSTALL|DETAIL=map
0000000000000000000000000000000000000000000000000000000000000000|0000000000000000000000000000000000000000000000000000000000000000|0|3|rt4_TMB-5_MAP_g_2202.r24|2|1|RICH|622|0|2420|0000000000000000000000000000000000000000000000000000000000000000|RICH|1|622|DISP=ACCEPT_INSTALL|DETAIL=map
0000000000000000000000000000000000000000000000000000000000000000|0000000000000000000000000000000000000000000000000000000000000000|0|3|rt4_TMB-5_MAP_g_2203.r24|2|1|RICH|622|0|2430|0000000000000000000000000000000000000000000000000000000000000000|RICH|1|622|DISP=ACCEPT_INSTALL|DETAIL=map
0000000000000000000000000000000000000000000000000000000000000000|0000000000000000000000000000000000000000000000000000000000000000|0|3|rt4_TMB-5_MAP_g_2204.r24|2|1|RICH|622|0|2440|0000000000000000000000000000000000000000000000000000000000000000|RICH|1|622|DISP=ACCEPT_INSTALL|DETAIL=map
0000000000000000000000000000000000000000000000000000000000000000|0000000000000000000000000000000000000000000000000000000000000000|0|3|rt4_TMB-5_MAP_g_2205.r24|2|1|RICH|622|0|2450|0000000000000000000000000000000000000000000000000000000000000000|RICH|1|622|DISP=ACCEPT_INSTALL|DETAIL=map
0000000000000000000000000000000000000000000000000000000000000000|0000000000000000000000000000000000000000000000000000000000000000|0|3|rt4_TMB-5_MAP_g_2206.r24|2|1|RICH|622|0|2460|0000000000000000000000000000000000000000000000000000000000000000|RICH|1|622|DISP=ACCEPT_INSTALL|DETAIL=map
0000000000000000000000000000000000000000000000000000000000000000|0000000000000000000000000000000000000000000000000000000000000000|0|3|rt4_TMB-5_MAP_g_2207.r24|2|1|RICH|622|0|2470|0000000000000000000000000000000000000000000000000000000000000000|RICH|1|622|DISP=ACCEPT_INSTALL|DETAIL=map
0000000000000000000000000000000000000000000000000000000000000000|0000000000000000000000000000000000000000000000000000000000000000|0|3|rt4_TMB-5_MAP_g_2208.r24|2|1|RICH|622|0|2480|0000000000000000000000000000000000000000000000000000000000000000|RICH|1|622|DISP=ACCEPT_INSTALL|DETAIL=map
0000000000000000000000000000000000000000000000000000000000000000|0000000000000000000000000000000000000000000000000000000000000000|0|3|rt4_TMB-5_MAP_g_2209.r24|2|1|RICH|622|0|2490|0000000000000000000000000000000000000000000000000000000000000000|RICH|1|622|DISP=ACCEPT_INSTALL|DETAIL=map
0000000000000000000000000000000000000000000000000000000000000000|0000000000000000000000000000000000000000000000000000000000000000|0|3|rt4_TMB-5_MAP_g_2210.r24|2|1|RICH|622|0|2500|0000000000000000000000000000000000000000000000000000000000000000|RICH|1|622|DISP=ACCEPT_INSTALL|DETAIL=map
0000000000000000000000000000000000000000000000000000000000000000|0000000000000000000000000000000000000000000000000000000000000000|0|3|rt4_TMB-5_MAP_g_2211.r24|2|1|RICH|622|0|2510|0000000000000000000000000000000000000000000000000000000000000000|RICH|1|622|DISP=ACCEPT_INSTALL|DETAIL=map
0000000000000000000000000000000000000000000000000000000000000000|0000000000000000000000000000000000000000000000000000000000000000|0|3|rt4_TMB-5_MAP_g_2212.r24|2|1|RICH|622|0|2520|0000000000000000000000000000000000000000000000000000000000000000|RICH|1|622|DISP=ACCEPT_INSTALL|DETAIL=map
0000000000000000000000000000000000000000000000000000000000000000|0000000000000000000000000000000000000000000000000000000000000000|0|3|rt4_TMB-5_MAP_g_2213.r24|2|1|RICH|622|0|2530|0000000000000000000000000000000000000000000000000000000000000000|RICH|1|622|DISP=ACCEPT_INSTALL|DETAIL=map
0000000000000000000000000000000000000000000000000000000000000000|0000000000000000000000000000000000000000000000000000000000000000|0|3|rt4_TMB-5_MAP_g_2214.r24|2|1|RICH|622|0|2540|0000000000000000000000000000000000000000000000000000000000000000|RICH|1|622|DISP=ACCEPT_INSTALL|DETAIL=map
0000000000000000000000000000000000000000000000000000000000000000|0000000000000000000000000000000000000000000000000000000000000000|0|3|rt4_TMB-5_MAP_g_2215.r24|2|1|RICH|622|0|2550|0000000000000000000000000000000000000000000000000000000000000000|RICH|1|622|DISP=ACCEPT_INSTALL|DETAIL=map
0000000000000000000000000000000000000000000000000000000000000000|0000000000000000000000000000000000000000000000000000000000000000|0|3|rt4_TMB-5_MAP_g_2216.r24|2|1|RICH|622|0|2560|0000000000000000000000000000000000000000000000000000000000000000|RICH|1|622|DISP=ACCEPT_INSTALL|DETAIL=map
0000000000000000000000000000000000000000000000000000000000000000|0000000000000000000000000000000000000000000000000000000000000000|0|3|rt4_TMB-5_MAP_g_2217.r24|2|1|RICH|622|0|2570|0000000000000000000000000000000000000000000000000000000000000000|RICH|1|622|DISP=ACCEPT_INSTALL|DETAIL=map
0000000000000000000000000000000000000000000000000000000000000000|0000000000000000000000000000000000000000000000000000000000000000|0|3|rt4_TMB-5_MAP_g_2218.r24|2|1|RICH|622|0|2580|0000000000000000000000000000000000000000000000000000000000000000|RICH|1|622|DISP=ACCEPT_INSTALL|DETAIL=map
0000000000000000000000000000000000000000000000000000000000000000|0000000000000000000000000000000000000000000000000000000000000000|0|3|rt4_TMB-5_MAP_g_2219.r24|2|1|RICH|622|0|2590|0000000000000000000000000000000000000000000000000000000000000000|RICH|1|622|DISP=ACCEPT_INSTALL|DETAIL=map
0000000000000000000000000000000000000000000000000000000000000000|0000000000000000000000000000000000000000000000000000000000000000|0|3|rt4_TMB-5_MAP_g_2220.r24|2|1|RICH|622|0|2600|0000000000000000000000000000000000000000000000000000000000000000|RICH|1|622|DISP=ACCEPT_INSTALL|DETAIL=map
0000000000000000000000000000000000000000000000000000000000000000|0000000000000000000000000000000000000000000000000000000000000000|0|3|rt4_TMB-5_MAP_g_2221.r24|2|1|RICH|622|0|2610|0000000000000000000000000000000000000000000000000000000000000000|RICH|1|622|DISP=ACCEPT_INSTALL|DETAIL=map
0000000000000000000000000000000000000000000000000000000000000000|0000000000000000000000000000000000000000000000000000000000000000|0|3|rt4_TMB-5_MAP_g_2222.r24|2|1|RICH|622|0|2620|0000000000000000000000000000000000000000000000000000000000000000|RICH|1|622|DISP=ACCEPT_INSTALL|DETAIL=map
0000000000000000000000000000000000000000000000000000000000000000|0000000000000000000000000000000000000000000000000000000000000000|0|3|rt4_TMB-5_MAP_g_2223.r24|2|1|RICH|622|0|2630|0000000000000000000000000000000000000000000000000000000000000000|RICH|1|622|DISP=ACCEPT_INSTALL|DETAIL=map
0000000000000000000000000000000000000000000000000000000000000000|0000000000000000000000000000000000000000000000000000000000000000|0|3|rt4_TMB-5_MAP_g_2224.r24|2|1|RICH|622|0|2640|0000000000000000000000000000000000000000000000000000000000000000|RICH|1|622|DISP=ACCEPT_INSTALL|DETAIL=map
0000000000000000000000000000000000000000000000000000000000000000|0000000000000000000000000000000000000000000000000000000000000000|0|3|rt4_TMB-5_MAP_g_2225.r24|2|1|RICH|622|0|2650|0000000000000000000000000000000000000000000000000000000000000000|RICH|1|622|DISP=ACCEPT_INSTALL|DETAIL=map
0000000000000000000000000000000000000000000000000000000000000000|0000000000000000000000000000000000000000000000000000000000000000|0|3|rt4_TMB-5_MAP_g_2226.r24|2|1|RICH|622|0|2660|0000000000000000000000000000000000000000000000000000000000000000|RICH|1|622|DISP=ACCEPT_INSTALL|DETAIL=map
0000000000000000000000000000000000000000000000000000000000000000|0000000000000000000000000000000000000000000000000000000000000000|0|3|rt4_TMB-5_MAP_g_2227.r24|2|1|RICH|622|0|2670|0000000000000000000000000000000000000000000000000000000000000000|RICH|1|622|DISP=ACCEPT_INSTALL|DETAIL=map
0000000000000000000000000000000000000000000000000000000000000000|0000000000000000000000000000000000000000000000000000000000000000|0|3|rt4_TMB-5_MAP_g_2228.r24|2|1|RICH|622|0|2680|0000000000000000000000000000000000000000000000000000000000000000|RICH|1|622|DISP=ACCEPT_INSTALL|DETAIL=map
0000000000000000000000000000000000000000000000000000000000000000|0000000000000000000000000000000000000000000000000000000000000000|0|3|rt4_TMB-5_MAP_g_2229.r24|2|1|RICH|622|0|2690|0000000000000000000000000000000000000000000000000000000000000000|RICH|1|622|DISP=ACCEPT_INSTALL|DETAIL=map
0000000000000000000000000000000000000000000000000000000000000000|0000000000000000000000000000000000000000000000000000000000000000|0|3|rt4_TMB-5_MAP_g_2230.r24|2|1|RICH|622|0|2700|0000000000000000000000000000000000000000000000000000000000000000|RICH|1|622|DISP=ACCEPT_INSTALL|DETAIL=map
0000000000000000000000000000000000000000000000000000000000000000|0000000000000000000000000000000000000000000000000000000000000000|0|3|rt4_TMB-5_MAP_g_2231.r24|2|1|RICH|622|0|2710|0000000000000000000000000000000000000000000000000000000000000000|RICH|1|622|DISP=ACCEPT_INSTALL|DETAIL=map
0000000000000000000000000000000000000000000000000000000000000000|0000000000000000000000000000000000000000000000000000000000000000|0|3|rt4_TMB-5_MAP_g_2232.r24|2|1|RICH|622|0|2720|0000000000000000000000000000000000000000000000000000000000000000|RICH|1|622|DISP=ACCEPT_INSTALL|DETAIL=map
0000000000000000000000000000000000000000000000000000000000000000|0000000000000000000000000000000000000000000000000000000000000000|0|3|rt4_TMB-5_MAP_g_2233.r24|2|1|RICH|622|0|2730|0000000000000000000000000000000000000000000000000000000000000000|RICH|1|622|DISP=ACCEPT_INSTALL|DETAIL=map
0000000000000000000000000000000000000000000000000000000000000000|0000000000000000000000000000000000000000000000000000000000000000|0|3|rt4_TMB-5_MAP_g_2234.r24|2|1|RICH|622|0|2740|0000000000000000000000000000000000000000000000000000000000000000|RICH|1|622|DISP=ACCEPT_INSTALL|DETAIL=map
0000000000000000000000000000000000000000000000000000000000000000|0000000000000000000000000000000000000000000000000000000000000000|0|3|rt4_TMB-5_MAP_g_2235.r24|2|1|RICH|622|0|2750|0000000000000000000000000000000000000000000000000000000000000000|RICH|1|622|DISP=ACCEPT_INSTALL|DETAIL=map
0000000000000000000000000000000000000000000000000000000000000000|0000000000000000000000000000000000000000000000000000000000000000|0|3|rt4_TMB-5_MAP_g_2236.r24|2|1|RICH|622|0|2760|0000000000000000000000000000000000000000000000000000000000000000|RICH|1|622|DISP=ACCEPT_INSTALL|DETAIL=map
0000000000000000000000000000000000000000000000000000000000000000|0000000000000000000000000000000000000000000000000000000000000000|0|3|rt4_TMB-5_MAP_g_2237.r24|2|1|RICH|622|0|2770|0000000000000000000000000000000000000000000000000000000000000000|RICH|1|622|DISP=ACCEPT_INSTALL|DETAIL=map
0000000000000000000000000000000000000000000000000000000000000000|0000000000000000000000000000000000000000000000000000000000000000|0|3|rt4_TMB-5_MAP_g_2238.r24|2|1|RICH|622|0|2780|0000000000000000000000000000000000000000000000000000000000000000|RICH|1|622|DISP=ACCEPT_INSTALL|DETAIL=map
0000000000000000000000000000000000000000000000000000000000000000|0000000000000000000000000000000000000000000000000000000000000000|0|3|rt4_TMB-5_MAP_g_2239.r24|2|1|RICH|622|0|2790|0000000000000000000000000000000000000000000000000000000000000000|RICH|1|622|DISP=ACCEPT_INSTALL|DETAIL=map
0000000000000000000000000000000000000000000000000000000000000000|0000000000000000000000000000000000000000000000000000000000000000|0|3|rt4_TMB-5_MAP_g_2240.r24|2|1|RICH|622|0|2800|0000000000000000000000000000000000000000000000000000000000000000|RICH|1|622|DISP=ACCEPT_INSTALL|DETAIL=map
0000000000000000000000000000000000000000000000000000000000000000|0000000000000000000000000000000000000000000000000000000000000000|0|3|rt4_TMB-5_MAP_g_2241.r24|2|1|RICH|622|0|2810|0000000000000000000000000000000000000000000000000000000000000000|RICH|1|622|DISP=ACCEPT_INSTALL|DETAIL=map
0000000000000000000000000000000000000000000000000000000000000000|0000000000000000000000000000000000000000000000000000000000000000|0|3|rt4_TMB-5_MAP_g_2242.r24|2|1|RICH|622|0|2820|0000000000000000000000000000000000000000000000000000000000000000|RICH|1|622|DISP=ACCEPT_INSTALL|DETAIL=map
0000000000000000000000000000000000000000000000000000000000000000|0000000000000000000000000000000000000000000000000000000000000000|0|3|rt4_TMB-5_MAP_g_2243.r24|2|1|RICH|622|0|2830|0000000000000000000000000000000000000000000000000000000000000000|RICH|1|622|DISP=ACCEPT_INSTALL|DETAIL=map
0000000000000000000000000000000000000000000000000000000000000000|0000000000000000000000000000000000000000000000000000000000000000|0|3|rt4_TMB-5_MAP_g_2244.r24|2|1|RICH|622|0|2840|0000000000000000000000000000000000000000000000000000000000000000|RICH|1|622|DISP=ACCEPT_INSTALL|DETAIL=map
0000000000000000000000000000000000000000000000000000000000000000|0000000000000000000000000000000000000000000000000000000000000000|0|3|rt4_TMB-5_MAP_g_2245.r24|2|1|RICH|622|0|2850|0000000000000000000000000000000000000000000000000000000000000000|RICH|1|622|DISP=ACCEPT_INSTALL|DETAIL=map
0000000000000000000000000000000000000000000000000000000000000000|0000000000000000000000000000000000000000000000000000000000000000|0|3|rt4_TMB-5_MAP_g_2246.r24|2|1|RICH|622|0|2860|0000000000000000000000000000000000000000000000000000000000000000|RICH|1|622|DISP=ACCEPT_INSTALL|DETAIL=map
0000000000000000000000000000000000000000000000000000000000000000|0000000000000000000000000000000000000000000000000000000000000000|0|3|rt4_TMB-5_MAP_g_2247.r24|2|1|RICH|622|0|2870|0000000000000000000000000000000000000000000000000000000000000000|RICH|1|622|DISP=ACCEPT_INSTALL|DETAIL=map
0000000000000000000000000000000000000000000000000000000000000000|0000000000000000000000000000000000000000000000000000000000000000|0|3|rt4_TMB-5_MAP_g_2248.r24|2|1|RICH|622|0|2880|0000000000000000000000000000000000000000000000000000000000000000|RICH|1|622|DISP=ACCEPT_INSTALL|DETAIL=map
0000000000000000000000000000000000000000000000000000000000000000|0000000000000000000000000000000000000000000000000000000000000000|0|3|rt4_TMB-5_MAP_g_2249.r24|2|1|RICH|622|0|2890|0000000000000000000000000000000000000000000000000000000000000000|RICH|1|622|DISP=ACCEPT_INSTALL|DETAIL=map
0000000000000000000000000000000000000000000000000000000000000000|0000000000000000000000000000000000000000000000000000000000000000|0|3|rt4_TMB-5_MAP_g_2250.r24|2|1|RICH|622|0|2900|0000000000000000000000000000000000000000000000000000000000000000|RICH|1|622|DISP=ACCEPT_INSTALL|DETAIL=map
0000000000000000000000000000000000000000000000000000000000000000|0000000000000000000000000000000000000000000000000000000000000000|0|3|rt4_TMB-5_MAP_g_2251.r24|2|1|RICH|624|0|2400|0000000000000000000000000000000000000000000000000000000000000000|RICH|1|624|DISP=ACCEPT_INSTALL|DETAIL=map
0000000000000000000000000000000000000000000000000000000000000000|0000000000000000000000000000000000000000000000000000000000000000|0|3|rt4_TMB-5_MAP_g_2252.r24|2|1|RICH|624|0|2410|0000000000000000000000000000000000000000000000000000000000000000|RICH|1|624|DISP=ACCEPT_INSTALL|DETAIL=map
0000000000000000000000000000000000000000000000000000000000000000|0000000000000000000000000000000000000000000000000000000000000000|0|3|rt4_TMB-5_MAP_g_2253.r24|2|1|RICH|624|0|2420|0000000000000000000000000000000000000000000000000000000000000000|RICH|1|624|DISP=ACCEPT_INSTALL|DETAIL=map
0000000000000000000000000000000000000000000000000000000000000000|0000000000000000000000000000000000000000000000000000000000000000|0|3|rt4_TMB-5_MAP_g_2254.r24|2|1|RICH|624|0|2430|0000000000000000000000000000000000000000000000000000000000000000|RICH|1|624|DISP=ACCEPT_INSTALL|DETAIL=map
0000000000000000000000000000000000000000000000000000000000000000|0000000000000000000000000000000000000000000000000000000000000000|0|3|rt4_TMB-5_MAP_g_2255.r24|2|1|RICH|624|0|2440|0000000000000000000000000000000000000000000000000000000000000000|RICH|1|624|DISP=ACCEPT_INSTALL|DETAIL=map
0000000000000000000000000000000000000000000000000000000000000000|0000000000000000000000000000000000000000000000000000000000000000|0|3|rt4_TMB-5_MAP_g_2256.r24|2|1|RICH|624|0|2450|0000000000000000000000000000000000000000000000000000000000000000|RICH|1|624|DISP=ACCEPT_INSTALL|DETAIL=map
0000000000000000000000000000000000000000000000000000000000000000|0000000000000000000000000000000000000000000000000000000000000000|0|3|rt4_TMB-5_MAP_g_2257.r24|2|1|RICH|624|0|2460|0000000000000000000000000000000000000000000000000000000000000000|RICH|1|624|DISP=ACCEPT_INSTALL|DETAIL=map
0000000000000000000000000000000000000000000000000000000000000000|0000000000000000000000000000000000000000000000000000000000000000|0|3|rt4_TMB-5_MAP_g_2258.r24|2|1|RICH|624|0|2470|0000000000000000000000000000000000000000000000000000000000000000|RICH|1|624|DISP=ACCEPT_INSTALL|DETAIL=map
0000000000000000000000000000000000000000000000000000000000000000|0000000000000000000000000000000000000000000000000000000000000000|0|3|rt4_TMB-5_MAP_g_2259.r24|2|1|RICH|624|0|2480|0000000000000000000000000000000000000000000000000000000000000000|RICH|1|624|DISP=ACCEPT_INSTALL|DETAIL=map
0000000000000000000000000000000000000000000000000000000000000000|0000000000000000000000000000000000000000000000000000000000000000|0|3|rt4_TMB-5_MAP_g_2260.r24|2|1|RICH|624|0|2490|0000000000000000000000000000000000000000000000000000000000000000|RICH|1|624|DISP=ACCEPT_INSTALL|DETAIL=map
0000000000000000000000000000000000000000000000000000000000000000|0000000000000000000000000000000000000000000000000000000000000000|0|3|rt4_TMB-5_MAP_g_2261.r24|2|1|RICH|624|0|2500|0000000000000000000000000000000000000000000000000000000000000000|RICH|1|624|DISP=ACCEPT_INSTALL|DETAIL=map
0000000000000000000000000000000000000000000000000000000000000000|0000000000000000000000000000000000000000000000000000000000000000|0|3|rt4_TMB-5_MAP_g_2262.r24|2|1|RICH|624|0|2510|0000000000000000000000000000000000000000000000000000000000000000|RICH|1|624|DISP=ACCEPT_INSTALL|DETAIL=map
0000000000000000000000000000000000000000000000000000000000000000|0000000000000000000000000000000000000000000000000000000000000000|0|3|rt4_TMB-5_MAP_g_2263.r24|2|1|RICH|624|0|2520|0000000000000000000000000000000000000000000000000000000000000000|RICH|1|624|DISP=ACCEPT_INSTALL|DETAIL=map
0000000000000000000000000000000000000000000000000000000000000000|0000000000000000000000000000000000000000000000000000000000000000|0|3|rt4_TMB-5_MAP_g_2264.r24|2|1|RICH|624|0|2530|0000000000000000000000000000000000000000000000000000000000000000|RICH|1|624|DISP=ACCEPT_INSTALL|DETAIL=map
0000000000000000000000000000000000000000000000000000000000000000|0000000000000000000000000000000000000000000000000000000000000000|0|3|rt4_TMB-5_MAP_g_2265.r24|2|1|RICH|624|0|2540|0000000000000000000000000000000000000000000000000000000000000000|RICH|1|624|DISP=ACCEPT_INSTALL|DETAIL=map
0000000000000000000000000000000000000000000000000000000000000000|0000000000000000000000000000000000000000000000000000000000000000|0|3|rt4_TMB-5_MAP_g_2266.r24|2|1|RICH|624|0|2550|0000000000000000000000000000000000000000000000000000000000000000|RICH|1|624|DISP=ACCEPT_INSTALL|DETAIL=map
0000000000000000000000000000000000000000000000000000000000000000|0000000000000000000000000000000000000000000000000000000000000000|0|3|rt4_TMB-5_MAP_g_2267.r24|2|1|RICH|624|0|2560|0000000000000000000000000000000000000000000000000000000000000000|RICH|1|624|DISP=ACCEPT_INSTALL|DETAIL=map
0000000000000000000000000000000000000000000000000000000000000000|0000000000000000000000000000000000000000000000000000000000000000|0|3|rt4_TMB-5_MAP_g_2268.r24|2|1|RICH|624|0|2570|0000000000000000000000000000000000000000000000000000000000000000|RICH|1|624|DISP=ACCEPT_INSTALL|DETAIL=map
0000000000000000000000000000000000000000000000000000000000000000|0000000000000000000000000000000000000000000000000000000000000000|0|3|rt4_TMB-5_MAP_g_2269.r24|2|1|RICH|624|0|2580|0000000000000000000000000000000000000000000000000000000000000000|RICH|1|624|DISP=ACCEPT_INSTALL|DETAIL=map
0000000000000000000000000000000000000000000000000000000000000000|0000000000000000000000000000000000000000000000000000000000000000|0|3|rt4_TMB-5_MAP_g_2270.r24|2|1|RICH|624|0|2590|0000000000000000000000000000000000000000000000000000000000000000|RICH|1|624|DISP=ACCEPT_INSTALL|DETAIL=map
0000000000000000000000000000000000000000000000000000000000000000|0000000000000000000000000000000000000000000000000000000000000000|0|3|rt4_TMB-5_MAP_g_2271.r24|2|1|RICH|624|0|2600|0000000000000000000000000000000000000000000000000000000000000000|RICH|1|624|DISP=ACCEPT_INSTALL|DETAIL=map
0000000000000000000000000000000000000000000000000000000000000000|0000000000000000000000000000000000000000000000000000000000000000|0|3|rt4_TMB-5_MAP_g_2272.r24|2|1|RICH|624|0|2610|0000000000000000000000000000000000000000000000000000000000000000|RICH|1|624|DISP=ACCEPT_INSTALL|DETAIL=map
0000000000000000000000000000000000000000000000000000000000000000|0000000000000000000000000000000000000000000000000000000000000000|0|3|rt4_TMB-5_MAP_g_2273.r24|2|1|RICH|624|0|2620|0000000000000000000000000000000000000000000000000000000000000000|RICH|1|624|DISP=ACCEPT_INSTALL|DETAIL=map
0000000000000000000000000000000000000000000000000000000000000000|0000000000000000000000000000000000000000000000000000000000000000|0|3|rt4_TMB-5_MAP_g_2274.r24|2|1|RICH|624|0|2630|0000000000000000000000000000000000000000000000000000000000000000|RICH|1|624|DISP=ACCEPT_INSTALL|DETAIL=map
0000000000000000000000000000000000000000000000000000000000000000|0000000000000000000000000000000000000000000000000000000000000000|0|3|rt4_TMB-5_MAP_g_2275.r24|2|1|RICH|624|0|2640|0000000000000000000000000000000000000000000000000000000000000000|RICH|1|624|DISP=ACCEPT_INSTALL|DETAIL=map
0000000000000000000000000000000000000000000000000000000000000000|0000000000000000000000000000000000000000000000000000000000000000|0|3|rt4_TMB-5_MAP_g_2276.r24|2|1|RICH|624|0|2650|0000000000000000000000000000000000000000000000000000000000000000|RICH|1|624|DISP=ACCEPT_INSTALL|DETAIL=map
0000000000000000000000000000000000000000000000000000000000000000|0000000000000000000000000000000000000000000000000000000000000000|0|3|rt4_TMB-5_MAP_g_2277.r24|2|1|RICH|624|0|2660|0000000000000000000000000000000000000000000000000000000000000000|RICH|1|624|DISP=ACCEPT_INSTALL|DETAIL=map
0000000000000000000000000000000000000000000000000000000000000000|0000000000000000000000000000000000000000000000000000000000000000|0|3|rt4_TMB-5_MAP_g_2278.r24|2|1|RICH|624|0|2670|0000000000000000000000000000000000000000000000000000000000000000|RICH|1|624|DISP=ACCEPT_INSTALL|DETAIL=map
0000000000000000000000000000000000000000000000000000000000000000|0000000000000000000000000000000000000000000000000000000000000000|0|3|rt4_TMB-5_MAP_g_2279.r24|2|1|RICH|624|0|2680|0000000000000000000000000000000000000000000000000000000000000000|RICH|1|624|DISP=ACCEPT_INSTALL|DETAIL=map
0000000000000000000000000000000000000000000000000000000000000000|0000000000000000000000000000000000000000000000000000000000000000|0|3|rt4_TMB-5_MAP_g_2280.r24|2|1|RICH|624|0|2690|0000000000000000000000000000000000000000000000000000000000000000|RICH|1|624|DISP=ACCEPT_INSTALL|DETAIL=map
0000000000000000000000000000000000000000000000000000000000000000|0000000000000000000000000000000000000000000000000000000000000000|0|3|rt4_TMB-5_MAP_g_2281.r24|2|1|RICH|624|0|2700|0000000000000000000000000000000000000000000000000000000000000000|RICH|1|624|DISP=ACCEPT_INSTALL|DETAIL=map
0000000000000000000000000000000000000000000000000000000000000000|0000000000000000000000000000000000000000000000000000000000000000|0|3|rt4_TMB-5_MAP_g_2282.r24|2|1|RICH|624|0|2710|0000000000000000000000000000000000000000000000000000000000000000|RICH|1|624|DISP=ACCEPT_INSTALL|DETAIL=map
0000000000000000000000000000000000000000000000000000000000000000|0000000000000000000000000000000000000000000000000000000000000000|0|3|rt4_TMB-5_MAP_g_2283.r24|2|1|RICH|624|0|2720|0000000000000000000000000000000000000000000000000000000000000000|RICH|1|624|DISP=ACCEPT_INSTALL|DETAIL=map
0000000000000000000000000000000000000000000000000000000000000000|0000000000000000000000000000000000000000000000000000000000000000|0|3|rt4_TMB-5_MAP_g_2284.r24|2|1|RICH|624|0|2730|0000000000000000000000000000000000000000000000000000000000000000|RICH|1|624|DISP=ACCEPT_INSTALL|DETAIL=map
0000000000000000000000000000000000000000000000000000000000000000|0000000000000000000000000000000000000000000000000000000000000000|0|3|rt4_TMB-5_MAP_g_2285.r24|2|1|RICH|624|0|2740|0000000000000000000000000000000000000000000000000000000000000000|RICH|1|624|DISP=ACCEPT_INSTALL|DETAIL=map
0000000000000000000000000000000000000000000000000000000000000000|0000000000000000000000000000000000000000000000000000000000000000|0|3|rt4_TMB-5_MAP_g_2286.r24|2|1|RICH|624|0|2750|0000000000000000000000000000000000000000000000000000000000000000|RICH|1|624|DISP=ACCEPT_INSTALL|DETAIL=map
0000000000000000000000000000000000000000000000000000000000000000|0000000000000000000000000000000000000000000000000000000000000000|0|3|rt4_TMB-5_MAP_g_2287.r24|2|1|RICH|624|0|2760|0000000000000000000000000000000000000000000000000000000000000000|RICH|1|624|DISP=ACCEPT_INSTALL|DETAIL=map
0000000000000000000000000000000000000000000000000000000000000000|0000000000000000000000000000000000000000000000000000000000000000|0|3|rt4_TMB-5_MAP_g_2288.r24|2|1|RICH|624|0|2770|0000000000000000000000000000000000000000000000000000000000000000|RICH|1|624|DISP=ACCEPT_INSTALL|DETAIL=map
0000000000000000000000000000000000000000000000000000000000000000|0000000000000000000000000000000000000000000000000000000000000000|0|3|rt4_TMB-5_MAP_g_2289.r24|2|1|RICH|624|0|2780|0000000000000000000000000000000000000000000000000000000000000000|RICH|1|624|DISP=ACCEPT_INSTALL|DETAIL=map
0000000000000000000000000000000000000000000000000000000000000000|0000000000000000000000000000000000000000000000000000000000000000|0|3|rt4_TMB-5_MAP_g_2290.r24|2|1|RICH|624|0|2790|0000000000000000000000000000000000000000000000000000000000000000|RICH|1|624|DISP=ACCEPT_INSTALL|DETAIL=map
0000000000000000000000000000000000000000000000000000000000000000|0000000000000000000000000000000000000000000000000000000000000000|0|3|rt4_TMB-5_MAP_g_2291.r24|2|1|RICH|624|0|2800|0000000000000000000000000000000000000000000000000000000000000000|RICH|1|624|DISP=ACCEPT_INSTALL|DETAIL=map
0000000000000000000000000000000000000000000000000000000000000000|0000000000000000000000000000000000000000000000000000000000000000|0|3|rt4_TMB-5_MAP_g_2292.r24|2|1|RICH|624|0|2810|0000000000000000000000000000000000000000000000000000000000000000|RICH|1|624|DISP=ACCEPT_INSTALL|DETAIL=map
0000000000000000000000000000000000000000000000000000000000000000|0000000000000000000000000000000000000000000000000000000000000000|0|3|rt4_TMB-5_MAP_g_2293.r24|2|1|RICH|624|0|2820|0000000000000000000000000000000000000000000000000000000000000000|RICH|1|624|DISP=ACCEPT_INSTALL|DETAIL=map
0000000000000000000000000000000000000000000000000000000000000000|0000000000000000000000000000000000000000000000000000000000000000|0|3|rt4_TMB-5_MAP_g_2294.r24|2|1|RICH|624|0|2830|0000000000000000000000000000000000000000000000000000000000000000|RICH|1|624|DISP=ACCEPT_INSTALL|DETAIL=map
0000000000000000000000000000000000000000000000000000000000000000|0000000000000000000000000000000000000000000000000000000000000000|0|3|rt4_TMB-5_MAP_g_2295.r24|2|1|RICH|624|0|2840|0000000000000000000000000000000000000000000000000000000000000000|RICH|1|624|DISP=ACCEPT_INSTALL|DETAIL=map
0000000000000000000000000000000000000000000000000000000000000000|0000000000000000000000000000000000000000000000000000000000000000|0|3|rt4_TMB-5_MAP_g_2296.r24|2|1|RICH|624|0|2850|0000000000000000000000000000000000000000000000000000000000000000|RICH|1|624|DISP=ACCEPT_INSTALL|DETAIL=map
0000000000000000000000000000000000000000000000000000000000000000|0000000000000000000000000000000000000000000000000000000000000000|0|3|rt4_TMB-5_MAP_g_2297.r24|2|1|RICH|624|0|2860|0000000000000000000000000000000000000000000000000000000000000000|RICH|1|624|DISP=ACCEPT_INSTALL|DETAIL=map
0000000000000000000000000000000000000000000000000000000000000000|0000000000000000000000000000000000000000000000000000000000000000|0|3|rt4_TMB-5_MAP_g_2298.r24|2|1|RICH|624|0|2870|0000000000000000000000000000000000000000000000000000000000000000|RICH|1|624|DISP=ACCEPT_INSTALL|DETAIL=map
0000000000000000000000000000000000000000000000000000000000000000|0000000000000000000000000000000000000000000000000000000000000000|0|3|rt4_TMB-5_MAP_g_2299.r24|2|1|RICH|624|0|2880|0000000000000000000000000000000000000000000000000000000000000000|RICH|1|624|DISP=ACCEPT_INSTALL|DETAIL=map
0000000000000000000000000000000000000000000000000000000000000000|0000000000000000000000000000000000000000000000000000000000000000|0|3|rt4_TMB-5_MAP_g_2300.r24|2|1|RICH|624|0|2890|0000000000000000000000000000000000000000000000000000000000000000|RICH|1|624|DISP=ACCEPT_INSTALL|DETAIL=map
0000000000000000000000000000000000000000000000000000000000000000|0000000000000000000000000000000000000000000000000000000000000000|0|3|rt4_TMB-5_MAP_g_2301.r24|2|1|RICH|624|0|2900|0000000000000000000000000000000000000000000000000000000000000000|RICH|1|624|DISP=ACCEPT_INSTALL|DETAIL=map
0000000000000000000000000000000000000000000000000000000000000000|0000000000000000000000000000000000000000000000000000000000000000|0|3|rt4_TMB-5_MAP_g_2302.r24|2|1|RICH|626|0|2400|0000000000000000000000000000000000000000000000000000000000000000|RICH|1|626|DISP=ACCEPT_INSTALL|DETAIL=map
0000000000000000000000000000000000000000000000000000000000000000|0000000000000000000000000000000000000000000000000000000000000000|0|3|rt4_TMB-5_MAP_g_2303.r24|2|1|RICH|626|0|2410|0000000000000000000000000000000000000000000000000000000000000000|RICH|1|626|DISP=ACCEPT_INSTALL|DETAIL=map
0000000000000000000000000000000000000000000000000000000000000000|0000000000000000000000000000000000000000000000000000000000000000|0|3|rt4_TMB-5_MAP_g_2304.r24|2|1|RICH|626|0|2420|0000000000000000000000000000000000000000000000000000000000000000|RICH|1|626|DISP=ACCEPT_INSTALL|DETAIL=map
0000000000000000000000000000000000000000000000000000000000000000|0000000000000000000000000000000000000000000000000000000000000000|0|3|rt4_TMB-5_MAP_g_2305.r24|2|1|RICH|626|0|2430|0000000000000000000000000000000000000000000000000000000000000000|RICH|1|626|DISP=ACCEPT_INSTALL|DETAIL=map
0000000000000000000000000000000000000000000000000000000000000000|0000000000000000000000000000000000000000000000000000000000000000|0|3|rt4_TMB-5_MAP_g_2306.r24|2|1|RICH|626|0|2440|0000000000000000000000000000000000000000000000000000000000000000|RICH|1|626|DISP=ACCEPT_INSTALL|DETAIL=map
0000000000000000000000000000000000000000000000000000000000000000|0000000000000000000000000000000000000000000000000000000000000000|0|3|rt4_TMB-5_MAP_g_2307.r24|2|1|RICH|626|0|2450|0000000000000000000000000000000000000000000000000000000000000000|RICH|1|626|DISP=ACCEPT_INSTALL|DETAIL=map
0000000000000000000000000000000000000000000000000000000000000000|0000000000000000000000000000000000000000000000000000000000000000|0|3|rt4_TMB-5_MAP_g_2308.r24|2|1|RICH|626|0|2460|0000000000000000000000000000000000000000000000000000000000000000|RICH|1|626|DISP=ACCEPT_INSTALL|DETAIL=map
0000000000000000000000000000000000000000000000000000000000000000|0000000000000000000000000000000000000000000000000000000000000000|0|3|rt4_TMB-5_MAP_g_2309.r24|2|1|RICH|626|0|2470|0000000000000000000000000000000000000000000000000000000000000000|RICH|1|626|DISP=ACCEPT_INSTALL|DETAIL=map
0000000000000000000000000000000000000000000000000000000000000000|0000000000000000000000000000000000000000000000000000000000000000|0|3|rt4_TMB-5_MAP_g_2310.r24|2|1|RICH|626|0|2480|0000000000000000000000000000000000000000000000000000000000000000|RICH|1|626|DISP=ACCEPT_INSTALL|DETAIL=map
0000000000000000000000000000000000000000000000000000000000000000|0000000000000000000000000000000000000000000000000000000000000000|0|3|rt4_TMB-5_MAP_g_2311.r24|2|1|RICH|626|0|2490|0000000000000000000000000000000000000000000000000000000000000000|RICH|1|626|DISP=ACCEPT_INSTALL|DETAIL=map
0000000000000000000000000000000000000000000000000000000000000000|0000000000000000000000000000000000000000000000000000000000000000|0|3|rt4_TMB-5_MAP_g_2312.r24|2|1|RICH|626|0|2500|0000000000000000000000000000000000000000000000000000000000000000|RICH|1|626|DISP=ACCEPT_INSTALL|DETAIL=map
0000000000000000000000000000000000000000000000000000000000000000|0000000000000000000000000000000000000000000000000000000000000000|0|3|rt4_TMB-5_MAP_g_2313.r24|2|1|RICH|626|0|2510|0000000000000000000000000000000000000000000000000000000000000000|RICH|1|626|DISP=ACCEPT_INSTALL|DETAIL=map
0000000000000000000000000000000000000000000000000000000000000000|0000000000000000000000000000000000000000000000000000000000000000|0|3|rt4_TMB-5_MAP_g_2314.r24|2|1|RICH|626|0|2520|0000000000000000000000000000000000000000000000000000000000000000|RICH|1|626|DISP=ACCEPT_INSTALL|DETAIL=map
0000000000000000000000000000000000000000000000000000000000000000|0000000000000000000000000000000000000000000000000000000000000000|0|3|rt4_TMB-5_MAP_g_2315.r24|2|1|RICH|626|0|2530|0000000000000000000000000000000000000000000000000000000000000000|RICH|1|626|DISP=ACCEPT_INSTALL|DETAIL=map
0000000000000000000000000000000000000000000000000000000000000000|0000000000000000000000000000000000000000000000000000000000000000|0|3|rt4_TMB-5_MAP_g_2316.r24|2|1|RICH|626|0|2540|0000000000000000000000000000000000000000000000000000000000000000|RICH|1|626|DISP=ACCEPT_INSTALL|DETAIL=map
0000000000000000000000000000000000000000000000000000000000000000|0000000000000000000000000000000000000000000000000000000000000000|0|3|rt4_TMB-5_MAP_g_2317.r24|2|1|RICH|626|0|2550|0000000000000000000000000000000000000000000000000000000000000000|RICH|1|626|DISP=ACCEPT_INSTALL|DETAIL=map
0000000000000000000000000000000000000000000000000000000000000000|0000000000000000000000000000000000000000000000000000000000000000|0|3|rt4_TMB-5_MAP_g_2318.r24|2|1|RICH|626|0|2560|0000000000000000000000000000000000000000000000000000000000000000|RICH|1|626|DISP=ACCEPT_INSTALL|DETAIL=map
0000000000000000000000000000000000000000000000000000000000000000|0000000000000000000000000000000000000000000000000000000000000000|0|3|rt4_TMB-5_MAP_g_2319.r24|2|1|RICH|626|0|2570|0000000000000000000000000000000000000000000000000000000000000000|RICH|1|626|DISP=ACCEPT_INSTALL|DETAIL=map
0000000000000000000000000000000000000000000000000000000000000000|0000000000000000000000000000000000000000000000000000000000000000|0|3|rt4_TMB-5_MAP_g_2320.r24|2|1|RICH|626|0|2580|0000000000000000000000000000000000000000000000000000000000000000|RICH|1|626|DISP=ACCEPT_INSTALL|DETAIL=map
0000000000000000000000000000000000000000000000000000000000000000|0000000000000000000000000000000000000000000000000000000000000000|0|3|rt4_TMB-5_MAP_g_2321.r24|2|1|RICH|626|0|2590|0000000000000000000000000000000000000000000000000000000000000000|RICH|1|626|DISP=ACCEPT_INSTALL|DETAIL=map
0000000000000000000000000000000000000000000000000000000000000000|0000000000000000000000000000000000000000000000000000000000000000|0|3|rt4_TMB-5_MAP_g_2322.r24|2|1|RICH|626|0|2600|0000000000000000000000000000000000000000000000000000000000000000|RICH|1|626|DISP=ACCEPT_INSTALL|DETAIL=map
0000000000000000000000000000000000000000000000000000000000000000|0000000000000000000000000000000000000000000000000000000000000000|0|3|rt4_TMB-5_MAP_g_2323.r24|2|1|RICH|626|0|2610|0000000000000000000000000000000000000000000000000000000000000000|RICH|1|626|DISP=ACCEPT_INSTALL|DETAIL=map
0000000000000000000000000000000000000000000000000000000000000000|0000000000000000000000000000000000000000000000000000000000000000|0|3|rt4_TMB-5_MAP_g_2324.r24|2|1|RICH|626|0|2620|0000000000000000000000000000000000000000000000000000000000000000|RICH|1|626|DISP=ACCEPT_INSTALL|DETAIL=map
0000000000000000000000000000000000000000000000000000000000000000|0000000000000000000000000000000000000000000000000000000000000000|0|3|rt4_TMB-5_MAP_g_2325.r24|2|1|RICH|626|0|2630|0000000000000000000000000000000000000000000000000000000000000000|RICH|1|626|DISP=ACCEPT_INSTALL|DETAIL=map
0000000000000000000000000000000000000000000000000000000000000000|0000000000000000000000000000000000000000000000000000000000000000|0|3|rt4_TMB-5_MAP_g_2326.r24|2|1|RICH|626|0|2640|0000000000000000000000000000000000000000000000000000000000000000|RICH|1|626|DISP=ACCEPT_INSTALL|DETAIL=map
0000000000000000000000000000000000000000000000000000000000000000|0000000000000000000000000000000000000000000000000000000000000000|0|3|rt4_TMB-5_MAP_g_2327.r24|2|1|RICH|626|0|2650|0000000000000000000000000000000000000000000000000000000000000000|RICH|1|626|DISP=ACCEPT_INSTALL|DETAIL=map
0000000000000000000000000000000000000000000000000000000000000000|0000000000000000000000000000000000000000000000000000000000000000|0|3|rt4_TMB-5_MAP_g_2328.r24|2|1|RICH|626|0|2660|0000000000000000000000000000000000000000000000000000000000000000|RICH|1|626|DISP=ACCEPT_INSTALL|DETAIL=map
0000000000000000000000000000000000000000000000000000000000000000|0000000000000000000000000000000000000000000000000000000000000000|0|3|rt4_TMB-5_MAP_g_2329.r24|2|1|RICH|626|0|2670|0000000000000000000000000000000000000000000000000000000000000000|RICH|1|626|DISP=ACCEPT_INSTALL|DETAIL=map
0000000000000000000000000000000000000000000000000000000000000000|0000000000000000000000000000000000000000000000000000000000000000|0|3|rt4_TMB-5_MAP_g_2330.r24|2|1|RICH|626|0|2680|0000000000000000000000000000000000000000000000000000000000000000|RICH|1|626|DISP=ACCEPT_INSTALL|DETAIL=map
0000000000000000000000000000000000000000000000000000000000000000|0000000000000000000000000000000000000000000000000000000000000000|0|3|rt4_TMB-5_MAP_g_2331.r24|2|1|RICH|626|0|2690|0000000000000000000000000000000000000000000000000000000000000000|RICH|1|626|DISP=ACCEPT_INSTALL|DETAIL=map
0000000000000000000000000000000000000000000000000000000000000000|0000000000000000000000000000000000000000000000000000000000000000|0|3|rt4_TMB-5_MAP_g_2332.r24|2|1|RICH|626|0|2700|0000000000000000000000000000000000000000000000000000000000000000|RICH|1|626|DISP=ACCEPT_INSTALL|DETAIL=map
0000000000000000000000000000000000000000000000000000000000000000|0000000000000000000000000000000000000000000000000000000000000000|0|3|rt4_TMB-5_MAP_g_2333.r24|2|1|RICH|626|0|2710|0000000000000000000000000000000000000000000000000000000000000000|RICH|1|626|DISP=ACCEPT_INSTALL|DETAIL=map
0000000000000000000000000000000000000000000000000000000000000000|0000000000000000000000000000000000000000000000000000000000000000|0|3|rt4_TMB-5_MAP_g_2334.r24|2|1|RICH|626|0|2720|0000000000000000000000000000000000000000000000000000000000000000|RICH|1|626|DISP=ACCEPT_INSTALL|DETAIL=map
0000000000000000000000000000000000000000000000000000000000000000|0000000000000000000000000000000000000000000000000000000000000000|0|3|rt4_TMB-5_MAP_g_2335.r24|2|1|RICH|626|0|2730|0000000000000000000000000000000000000000000000000000000000000000|RICH|1|626|DISP=ACCEPT_INSTALL|DETAIL=map
0000000000000000000000000000000000000000000000000000000000000000|0000000000000000000000000000000000000000000000000000000000000000|0|3|rt4_TMB-5_MAP_g_2336.r24|2|1|RICH|626|0|2740|0000000000000000000000000000000000000000000000000000000000000000|RICH|1|626|DISP=ACCEPT_INSTALL|DETAIL=map
0000000000000000000000000000000000000000000000000000000000000000|0000000000000000000000000000000000000000000000000000000000000000|0|3|rt4_TMB-5_MAP_g_2337.r24|2|1|RICH|626|0|2750|0000000000000000000000000000000000000000000000000000000000000000|RICH|1|626|DISP=ACCEPT_INSTALL|DETAIL=map
0000000000000000000000000000000000000000000000000000000000000000|0000000000000000000000000000000000000000000000000000000000000000|0|3|rt4_TMB-5_MAP_g_2338.r24|2|1|RICH|626|0|2760|0000000000000000000000000000000000000000000000000000000000000000|RICH|1|626|DISP=ACCEPT_INSTALL|DETAIL=map
0000000000000000000000000000000000000000000000000000000000000000|0000000000000000000000000000000000000000000000000000000000000000|0|3|rt4_TMB-5_MAP_g_2339.r24|2|1|RICH|626|0|2770|0000000000000000000000000000000000000000000000000000000000000000|RICH|1|626|DISP=ACCEPT_INSTALL|DETAIL=map
0000000000000000000000000000000000000000000000000000000000000000|0000000000000000000000000000000000000000000000000000000000000000|0|3|rt4_TMB-5_MAP_g_2340.r24|2|1|RICH|626|0|2780|0000000000000000000000000000000000000000000000000000000000000000|RICH|1|626|DISP=ACCEPT_INSTALL|DETAIL=map
0000000000000000000000000000000000000000000000000000000000000000|0000000000000000000000000000000000000000000000000000000000000000|0|3|rt4_TMB-5_MAP_g_2341.r24|2|1|RICH|626|0|2790|0000000000000000000000000000000000000000000000000000000000000000|RICH|1|626|DISP=ACCEPT_INSTALL|DETAIL=map
0000000000000000000000000000000000000000000000000000000000000000|0000000000000000000000000000000000000000000000000000000000000000|0|3|rt4_TMB-5_MAP_g_2342.r24|2|1|RICH|626|0|2800|0000000000000000000000000000000000000000000000000000000000000000|RICH|1|626|DISP=ACCEPT_INSTALL|DETAIL=map
0000000000000000000000000000000000000000000000000000000000000000|0000000000000000000000000000000000000000000000000000000000000000|0|3|rt4_TMB-5_MAP_g_2343.r24|2|1|RICH|626|0|2810|0000000000000000000000000000000000000000000000000000000000000000|RICH|1|626|DISP=ACCEPT_INSTALL|DETAIL=map
0000000000000000000000000000000000000000000000000000000000000000|0000000000000000000000000000000000000000000000000000000000000000|0|3|rt4_TMB-5_MAP_g_2344.r24|2|1|RICH|626|0|2820|0000000000000000000000000000000000000000000000000000000000000000|RICH|1|626|DISP=ACCEPT_INSTALL|DETAIL=map
0000000000000000000000000000000000000000000000000000000000000000|0000000000000000000000000000000000000000000000000000000000000000|0|3|rt4_TMB-5_MAP_g_2345.r24|2|1|RICH|626|0|2830|0000000000000000000000000000000000000000000000000000000000000000|RICH|1|626|DISP=ACCEPT_INSTALL|DETAIL=map
0000000000000000000000000000000000000000000000000000000000000000|0000000000000000000000000000000000000000000000000000000000000000|0|3|rt4_TMB-5_MAP_g_2346.r24|2|1|RICH|626|0|2840|0000000000000000000000000000000000000000000000000000000000000000|RICH|1|626|DISP=ACCEPT_INSTALL|DETAIL=map
0000000000000000000000000000000000000000000000000000000000000000|0000000000000000000000000000000000000000000000000000000000000000|0|3|rt4_TMB-5_MAP_g_2347.r24|2|1|RICH|626|0|2850|0000000000000000000000000000000000000000000000000000000000000000|RICH|1|626|DISP=ACCEPT_INSTALL|DETAIL=map
0000000000000000000000000000000000000000000000000000000000000000|0000000000000000000000000000000000000000000000000000000000000000|0|3|rt4_TMB-5_MAP_g_2348.r24|2|1|RICH|626|0|2860|0000000000000000000000000000000000000000000000000000000000000000|RICH|1|626|DISP=ACCEPT_INSTALL|DETAIL=map
0000000000000000000000000000000000000000000000000000000000000000|0000000000000000000000000000000000000000000000000000000000000000|0|3|rt4_TMB-5_MAP_g_2349.r24|2|1|RICH|626|0|2870|0000000000000000000000000000000000000000000000000000000000000000|RICH|1|626|DISP=ACCEPT_INSTALL|DETAIL=map
0000000000000000000000000000000000000000000000000000000000000000|0000000000000000000000000000000000000000000000000000000000000000|0|3|rt4_TMB-5_MAP_g_2350.r24|2|1|RICH|626|0|2880|0000000000000000000000000000000000000000000000000000000000000000|RICH|1|626|DISP=ACCEPT_INSTALL|DETAIL=map
0000000000000000000000000000000000000000000000000000000000000000|0000000000000000000000000000000000000000000000000000000000000000|0|3|rt4_TMB-5_MAP_g_2351.r24|2|1|RICH|626|0|2890|0000000000000000000000000000000000000000000000000000000000000000|RICH|1|626|DISP=ACCEPT_INSTALL|DETAIL=map
0000000000000000000000000000000000000000000000000000000000000000|0000000000000000000000000000000000000000000000000000000000000000|0|3|rt4_TMB-5_MAP_g_2352.r24|2|1|RICH|626|0|2900|0000000000000000000000000000000000000000000000000000000000000000|RICH|1|626|DISP=ACCEPT_INSTALL|DETAIL=map
0000000000000000000000000000000000000000000000000000000000000000|0000000000000000000000000000000000000000000000000000000000000000|0|3|rt4_TMB-5_MAP_g_2353.r24|2|1|RICH|628|0|2400|0000000000000000000000000000000000000000000000000000000000000000|RICH|1|628|DISP=ACCEPT_INSTALL|DETAIL=map
0000000000000000000000000000000000000000000000000000000000000000|0000000000000000000000000000000000000000000000000000000000000000|0|3|rt4_TMB-5_MAP_g_2354.r24|2|1|RICH|628|0|2410|0000000000000000000000000000000000000000000000000000000000000000|RICH|1|628|DISP=ACCEPT_INSTALL|DETAIL=map
0000000000000000000000000000000000000000000000000000000000000000|0000000000000000000000000000000000000000000000000000000000000000|0|3|rt4_TMB-5_MAP_g_2355.r24|2|1|RICH|628|0|2420|0000000000000000000000000000000000000000000000000000000000000000|RICH|1|628|DISP=ACCEPT_INSTALL|DETAIL=map
0000000000000000000000000000000000000000000000000000000000000000|0000000000000000000000000000000000000000000000000000000000000000|0|3|rt4_TMB-5_MAP_g_2356.r24|2|1|RICH|628|0|2430|0000000000000000000000000000000000000000000000000000000000000000|RICH|1|628|DISP=ACCEPT_INSTALL|DETAIL=map
0000000000000000000000000000000000000000000000000000000000000000|0000000000000000000000000000000000000000000000000000000000000000|0|3|rt4_TMB-5_MAP_g_2357.r24|2|1|RICH|628|0|2440|0000000000000000000000000000000000000000000000000000000000000000|RICH|1|628|DISP=ACCEPT_INSTALL|DETAIL=map
0000000000000000000000000000000000000000000000000000000000000000|0000000000000000000000000000000000000000000000000000000000000000|0|3|rt4_TMB-5_MAP_g_2358.r24|2|1|RICH|628|0|2450|0000000000000000000000000000000000000000000000000000000000000000|RICH|1|628|DISP=ACCEPT_INSTALL|DETAIL=map
0000000000000000000000000000000000000000000000000000000000000000|0000000000000000000000000000000000000000000000000000000000000000|0|3|rt4_TMB-5_MAP_g_2359.r24|2|1|RICH|628|0|2460|0000000000000000000000000000000000000000000000000000000000000000|RICH|1|628|DISP=ACCEPT_INSTALL|DETAIL=map
0000000000000000000000000000000000000000000000000000000000000000|0000000000000000000000000000000000000000000000000000000000000000|0|3|rt4_TMB-5_MAP_g_2360.r24|2|1|RICH|628|0|2470|0000000000000000000000000000000000000000000000000000000000000000|RICH|1|628|DISP=ACCEPT_INSTALL|DETAIL=map
0000000000000000000000000000000000000000000000000000000000000000|0000000000000000000000000000000000000000000000000000000000000000|0|3|rt4_TMB-5_MAP_g_2361.r24|2|1|RICH|628|0|2480|0000000000000000000000000000000000000000000000000000000000000000|RICH|1|628|DISP=ACCEPT_INSTALL|DETAIL=map
0000000000000000000000000000000000000000000000000000000000000000|0000000000000000000000000000000000000000000000000000000000000000|0|3|rt4_TMB-5_MAP_g_2362.r24|2|1|RICH|628|0|2490|0000000000000000000000000000000000000000000000000000000000000000|RICH|1|628|DISP=ACCEPT_INSTALL|DETAIL=map
0000000000000000000000000000000000000000000000000000000000000000|0000000000000000000000000000000000000000000000000000000000000000|0|3|rt4_TMB-5_MAP_g_2363.r24|2|1|RICH|628|0|2500|0000000000000000000000000000000000000000000000000000000000000000|RICH|1|628|DISP=ACCEPT_INSTALL|DETAIL=map
0000000000000000000000000000000000000000000000000000000000000000|0000000000000000000000000000000000000000000000000000000000000000|0|3|rt4_TMB-5_MAP_g_2364.r24|2|1|RICH|628|0|2510|0000000000000000000000000000000000000000000000000000000000000000|RICH|1|628|DISP=ACCEPT_INSTALL|DETAIL=map
0000000000000000000000000000000000000000000000000000000000000000|0000000000000000000000000000000000000000000000000000000000000000|0|3|rt4_TMB-5_MAP_g_2365.r24|2|1|RICH|628|0|2520|0000000000000000000000000000000000000000000000000000000000000000|RICH|1|628|DISP=ACCEPT_INSTALL|DETAIL=map
0000000000000000000000000000000000000000000000000000000000000000|0000000000000000000000000000000000000000000000000000000000000000|0|3|rt4_TMB-5_MAP_g_2366.r24|2|1|RICH|628|0|2530|0000000000000000000000000000000000000000000000000000000000000000|RICH|1|628|DISP=ACCEPT_INSTALL|DETAIL=map
0000000000000000000000000000000000000000000000000000000000000000|0000000000000000000000000000000000000000000000000000000000000000|0|3|rt4_TMB-5_MAP_g_2367.r24|2|1|RICH|628|0|2540|0000000000000000000000000000000000000000000000000000000000000000|RICH|1|628|DISP=ACCEPT_INSTALL|DETAIL=map
0000000000000000000000000000000000000000000000000000000000000000|0000000000000000000000000000000000000000000000000000000000000000|0|3|rt4_TMB-5_MAP_g_2368.r24|2|1|RICH|628|0|2550|0000000000000000000000000000000000000000000000000000000000000000|RICH|1|628|DISP=ACCEPT_INSTALL|DETAIL=map
0000000000000000000000000000000000000000000000000000000000000000|0000000000000000000000000000000000000000000000000000000000000000|0|3|rt4_TMB-5_MAP_g_2369.r24|2|1|RICH|628|0|2560|0000000000000000000000000000000000000000000000000000000000000000|RICH|1|628|DISP=ACCEPT_INSTALL|DETAIL=map
0000000000000000000000000000000000000000000000000000000000000000|0000000000000000000000000000000000000000000000000000000000000000|0|3|rt4_TMB-5_MAP_g_2370.r24|2|1|RICH|628|0|2570|0000000000000000000000000000000000000000000000000000000000000000|RICH|1|628|DISP=ACCEPT_INSTALL|DETAIL=map
0000000000000000000000000000000000000000000000000000000000000000|0000000000000000000000000000000000000000000000000000000000000000|0|3|rt4_TMB-5_MAP_g_2371.r24|2|1|RICH|628|0|2580|0000000000000000000000000000000000000000000000000000000000000000|RICH|1|628|DISP=ACCEPT_INSTALL|DETAIL=map
0000000000000000000000000000000000000000000000000000000000000000|0000000000000000000000000000000000000000000000000000000000000000|0|3|rt4_TMB-5_MAP_g_2372.r24|2|1|RICH|628|0|2590|0000000000000000000000000000000000000000000000000000000000000000|RICH|1|628|DISP=ACCEPT_INSTALL|DETAIL=map
0000000000000000000000000000000000000000000000000000000000000000|0000000000000000000000000000000000000000000000000000000000000000|0|3|rt4_TMB-5_MAP_g_2373.r24|2|1|RICH|628|0|2600|0000000000000000000000000000000000000000000000000000000000000000|RICH|1|628|DISP=ACCEPT_INSTALL|DETAIL=map
0000000000000000000000000000000000000000000000000000000000000000|0000000000000000000000000000000000000000000000000000000000000000|0|3|rt4_TMB-5_MAP_g_2374.r24|2|1|RICH|628|0|2610|0000000000000000000000000000000000000000000000000000000000000000|RICH|1|628|DISP=ACCEPT_INSTALL|DETAIL=map
0000000000000000000000000000000000000000000000000000000000000000|0000000000000000000000000000000000000000000000000000000000000000|0|3|rt4_TMB-5_MAP_g_2375.r24|2|1|RICH|628|0|2620|0000000000000000000000000000000000000000000000000000000000000000|RICH|1|628|DISP=ACCEPT_INSTALL|DETAIL=map
0000000000000000000000000000000000000000000000000000000000000000|0000000000000000000000000000000000000000000000000000000000000000|0|3|rt4_TMB-5_MAP_g_2376.r24|2|1|RICH|628|0|2630|0000000000000000000000000000000000000000000000000000000000000000|RICH|1|628|DISP=ACCEPT_INSTALL|DETAIL=map
0000000000000000000000000000000000000000000000000000000000000000|0000000000000000000000000000000000000000000000000000000000000000|0|3|rt4_TMB-5_MAP_g_2377.r24|2|1|RICH|628|0|2640|0000000000000000000000000000000000000000000000000000000000000000|RICH|1|628|DISP=ACCEPT_INSTALL|DETAIL=map
0000000000000000000000000000000000000000000000000000000000000000|0000000000000000000000000000000000000000000000000000000000000000|0|3|rt4_TMB-5_MAP_g_2378.r24|2|1|RICH|628|0|2650|0000000000000000000000000000000000000000000000000000000000000000|RICH|1|628|DISP=ACCEPT_INSTALL|DETAIL=map
0000000000000000000000000000000000000000000000000000000000000000|0000000000000000000000000000000000000000000000000000000000000000|0|3|rt4_TMB-5_MAP_g_2379.r24|2|1|RICH|628|0|2660|0000000000000000000000000000000000000000000000000000000000000000|RICH|1|628|DISP=ACCEPT_INSTALL|DETAIL=map
0000000000000000000000000000000000000000000000000000000000000000|0000000000000000000000000000000000000000000000000000000000000000|0|3|rt4_TMB-5_MAP_g_2380.r24|2|1|RICH|628|0|2670|0000000000000000000000000000000000000000000000000000000000000000|RICH|1|628|DISP=ACCEPT_INSTALL|DETAIL=map
0000000000000000000000000000000000000000000000000000000000000000|0000000000000000000000000000000000000000000000000000000000000000|0|3|rt4_TMB-5_MAP_g_2381.r24|2|1|RICH|628|0|2680|0000000000000000000000000000000000000000000000000000000000000000|RICH|1|628|DISP=ACCEPT_INSTALL|DETAIL=map
0000000000000000000000000000000000000000000000000000000000000000|0000000000000000000000000000000000000000000000000000000000000000|0|3|rt4_TMB-5_MAP_g_2382.r24|2|1|RICH|628|0|2690|0000000000000000000000000000000000000000000000000000000000000000|RICH|1|628|DISP=ACCEPT_INSTALL|DETAIL=map
0000000000000000000000000000000000000000000000000000000000000000|0000000000000000000000000000000000000000000000000000000000000000|0|3|rt4_TMB-5_MAP_g_2383.r24|2|1|RICH|628|0|2700|0000000000000000000000000000000000000000000000000000000000000000|RICH|1|628|DISP=ACCEPT_INSTALL|DETAIL=map
0000000000000000000000000000000000000000000000000000000000000000|0000000000000000000000000000000000000000000000000000000000000000|0|3|rt4_TMB-5_MAP_g_2384.r24|2|1|RICH|628|0|2710|0000000000000000000000000000000000000000000000000000000000000000|RICH|1|628|DISP=ACCEPT_INSTALL|DETAIL=map
0000000000000000000000000000000000000000000000000000000000000000|0000000000000000000000000000000000000000000000000000000000000000|0|3|rt4_TMB-5_MAP_g_2385.r24|2|1|RICH|628|0|2720|0000000000000000000000000000000000000000000000000000000000000000|RICH|1|628|DISP=ACCEPT_INSTALL|DETAIL=map
0000000000000000000000000000000000000000000000000000000000000000|0000000000000000000000000000000000000000000000000000000000000000|0|3|rt4_TMB-5_MAP_g_2386.r24|2|1|RICH|628|0|2730|0000000000000000000000000000000000000000000000000000000000000000|RICH|1|628|DISP=ACCEPT_INSTALL|DETAIL=map
0000000000000000000000000000000000000000000000000000000000000000|0000000000000000000000000000000000000000000000000000000000000000|0|3|rt4_TMB-5_MAP_g_2387.r24|2|1|RICH|628|0|2740|0000000000000000000000000000000000000000000000000000000000000000|RICH|1|628|DISP=ACCEPT_INSTALL|DETAIL=map
0000000000000000000000000000000000000000000000000000000000000000|0000000000000000000000000000000000000000000000000000000000000000|0|3|rt4_TMB-5_MAP_g_2388.r24|2|1|RICH|628|0|2750|0000000000000000000000000000000000000000000000000000000000000000|RICH|1|628|DISP=ACCEPT_INSTALL|DETAIL=map
0000000000000000000000000000000000000000000000000000000000000000|0000000000000000000000000000000000000000000000000000000000000000|0|3|rt4_TMB-5_MAP_g_2389.r24|2|1|RICH|628|0|2760|0000000000000000000000000000000000000000000000000000000000000000|RICH|1|628|DISP=ACCEPT_INSTALL|DETAIL=map
0000000000000000000000000000000000000000000000000000000000000000|0000000000000000000000000000000000000000000000000000000000000000|0|3|rt4_TMB-5_MAP_g_2390.r24|2|1|RICH|628|0|2770|0000000000000000000000000000000000000000000000000000000000000000|RICH|1|628|DISP=ACCEPT_INSTALL|DETAIL=map
0000000000000000000000000000000000000000000000000000000000000000|0000000000000000000000000000000000000000000000000000000000000000|0|3|rt4_TMB-5_MAP_g_2391.r24|2|1|RICH|628|0|2780|0000000000000000000000000000000000000000000000000000000000000000|RICH|1|628|DISP=ACCEPT_INSTALL|DETAIL=map
0000000000000000000000000000000000000000000000000000000000000000|0000000000000000000000000000000000000000000000000000000000000000|0|3|rt4_TMB-5_MAP_g_2392.r24|2|1|RICH|628|0|2790|0000000000000000000000000000000000000000000000000000000000000000|RICH|1|628|DISP=ACCEPT_INSTALL|DETAIL=map
0000000000000000000000000000000000000000000000000000000000000000|0000000000000000000000000000000000000000000000000000000000000000|0|3|rt4_TMB-5_MAP_g_2393.r24|2|1|RICH|628|0|2800|0000000000000000000000000000000000000000000000000000000000000000|RICH|1|628|DISP=ACCEPT_INSTALL|DETAIL=map
0000000000000000000000000000000000000000000000000000000000000000|0000000000000000000000000000000000000000000000000000000000000000|0|3|rt4_TMB-5_MAP_g_2394.r24|2|1|RICH|628|0|2810|0000000000000000000000000000000000000000000000000000000000000000|RICH|1|628|DISP=ACCEPT_INSTALL|DETAIL=map
0000000000000000000000000000000000000000000000000000000000000000|0000000000000000000000000000000000000000000000000000000000000000|0|3|rt4_TMB-5_MAP_g_2395.r24|2|1|RICH|628|0|2820|0000000000000000000000000000000000000000000000000000000000000000|RICH|1|628|DISP=ACCEPT_INSTALL|DETAIL=map
0000000000000000000000000000000000000000000000000000000000000000|0000000000000000000000000000000000000000000000000000000000000000|0|3|rt4_TMB-5_MAP_g_2396.r24|2|1|RICH|628|0|2830|0000000000000000000000000000000000000000000000000000000000000000|RICH|1|628|DISP=ACCEPT_INSTALL|DETAIL=map
0000000000000000000000000000000000000000000000000000000000000000|0000000000000000000000000000000000000000000000000000000000000000|0|3|rt4_TMB-5_MAP_g_2397.r24|2|1|RICH|628|0|2840|0000000000000000000000000000000000000000000000000000000000000000|RICH|1|628|DISP=ACCEPT_INSTALL|DETAIL=map
0000000000000000000000000000000000000000000000000000000000000000|0000000000000000000000000000000000000000000000000000000000000000|0|3|rt4_TMB-5_MAP_g_2398.r24|2|1|RICH|628|0|2850|0000000000000000000000000000000000000000000000000000000000000000|RICH|1|628|DISP=ACCEPT_INSTALL|DETAIL=map
0000000000000000000000000000000000000000000000000000000000000000|0000000000000000000000000000000000000000000000000000000000000000|0|3|rt4_TMB-5_MAP_g_2399.r24|2|1|RICH|628|0|2860|0000000000000000000000000000000000000000000000000000000000000000|RICH|1|628|DISP=ACCEPT_INSTALL|DETAIL=map
0000000000000000000000000000000000000000000000000000000000000000|0000000000000000000000000000000000000000000000000000000000000000|0|3|rt4_TMB-5_MAP_g_2400.r24|2|1|RICH|628|0|2870|0000000000000000000000000000000000000000000000000000000000000000|RICH|1|628|DISP=ACCEPT_INSTALL|DETAIL=map
0000000000000000000000000000000000000000000000000000000000000000|0000000000000000000000000000000000000000000000000000000000000000|0|3|rt4_TMB-5_MAP_g_2401.r24|2|1|RICH|628|0|2880|0000000000000000000000000000000000000000000000000000000000000000|RICH|1|628|DISP=ACCEPT_INSTALL|DETAIL=map
0000000000000000000000000000000000000000000000000000000000000000|0000000000000000000000000000000000000000000000000000000000000000|0|3|rt4_TMB-5_MAP_g_2402.r24|2|1|RICH|628|0|2890|0000000000000000000000000000000000000000000000000000000000000000|RICH|1|628|DISP=ACCEPT_INSTALL|DETAIL=map
0000000000000000000000000000000000000000000000000000000000000000|0000000000000000000000000000000000000000000000000000000000000000|0|3|rt4_TMB-5_MAP_g_2403.r24|2|1|RICH|628|0|2900|0000000000000000000000000000000000000000000000000000000000000000|RICH|1|628|DISP=ACCEPT_INSTALL|DETAIL=map
0000000000000000000000000000000000000000000000000000000000000000|0000000000000000000000000000000000000000000000000000000000000000|0|3|rt4_TMB-5_MAP_g_2404.r24|2|1|RICH|630|0|2400|0000000000000000000000000000000000000000000000000000000000000000|RICH|1|630|DISP=ACCEPT_INSTALL|DETAIL=map
0000000000000000000000000000000000000000000000000000000000000000|0000000000000000000000000000000000000000000000000000000000000000|0|3|rt4_TMB-5_MAP_g_2405.r24|2|1|RICH|630|0|2410|0000000000000000000000000000000000000000000000000000000000000000|RICH|1|630|DISP=ACCEPT_INSTALL|DETAIL=map
0000000000000000000000000000000000000000000000000000000000000000|0000000000000000000000000000000000000000000000000000000000000000|0|3|rt4_TMB-5_MAP_g_2406.r24|2|1|RICH|630|0|2420|0000000000000000000000000000000000000000000000000000000000000000|RICH|1|630|DISP=ACCEPT_INSTALL|DETAIL=map
0000000000000000000000000000000000000000000000000000000000000000|0000000000000000000000000000000000000000000000000000000000000000|0|3|rt4_TMB-5_MAP_g_2407.r24|2|1|RICH|630|0|2430|0000000000000000000000000000000000000000000000000000000000000000|RICH|1|630|DISP=ACCEPT_INSTALL|DETAIL=map
0000000000000000000000000000000000000000000000000000000000000000|0000000000000000000000000000000000000000000000000000000000000000|0|3|rt4_TMB-5_MAP_g_2408.r24|2|1|RICH|630|0|2440|0000000000000000000000000000000000000000000000000000000000000000|RICH|1|630|DISP=ACCEPT_INSTALL|DETAIL=map
0000000000000000000000000000000000000000000000000000000000000000|0000000000000000000000000000000000000000000000000000000000000000|0|3|rt4_TMB-5_MAP_g_2409.r24|2|1|RICH|630|0|2450|0000000000000000000000000000000000000000000000000000000000000000|RICH|1|630|DISP=ACCEPT_INSTALL|DETAIL=map
0000000000000000000000000000000000000000000000000000000000000000|0000000000000000000000000000000000000000000000000000000000000000|0|3|rt4_TMB-5_MAP_g_2410.r24|2|1|RICH|630|0|2460|0000000000000000000000000000000000000000000000000000000000000000|RICH|1|630|DISP=ACCEPT_INSTALL|DETAIL=map
0000000000000000000000000000000000000000000000000000000000000000|0000000000000000000000000000000000000000000000000000000000000000|0|3|rt4_TMB-5_MAP_g_2411.r24|2|1|RICH|630|0|2470|0000000000000000000000000000000000000000000000000000000000000000|RICH|1|630|DISP=ACCEPT_INSTALL|DETAIL=map
0000000000000000000000000000000000000000000000000000000000000000|0000000000000000000000000000000000000000000000000000000000000000|0|3|rt4_TMB-5_MAP_g_2412.r24|2|1|RICH|630|0|2480|0000000000000000000000000000000000000000000000000000000000000000|RICH|1|630|DISP=ACCEPT_INSTALL|DETAIL=map
0000000000000000000000000000000000000000000000000000000000000000|0000000000000000000000000000000000000000000000000000000000000000|0|3|rt4_TMB-5_MAP_g_2413.r24|2|1|RICH|630|0|2490|0000000000000000000000000000000000000000000000000000000000000000|RICH|1|630|DISP=ACCEPT_INSTALL|DETAIL=map
0000000000000000000000000000000000000000000000000000000000000000|0000000000000000000000000000000000000000000000000000000000000000|0|3|rt4_TMB-5_MAP_g_2414.r24|2|1|RICH|630|0|2500|0000000000000000000000000000000000000000000000000000000000000000|RICH|1|630|DISP=ACCEPT_INSTALL|DETAIL=map
0000000000000000000000000000000000000000000000000000000000000000|0000000000000000000000000000000000000000000000000000000000000000|0|3|rt4_TMB-5_MAP_g_2415.r24|2|1|RICH|630|0|2510|0000000000000000000000000000000000000000000000000000000000000000|RICH|1|630|DISP=ACCEPT_INSTALL|DETAIL=map
0000000000000000000000000000000000000000000000000000000000000000|0000000000000000000000000000000000000000000000000000000000000000|0|3|rt4_TMB-5_MAP_g_2416.r24|2|1|RICH|630|0|2520|0000000000000000000000000000000000000000000000000000000000000000|RICH|1|630|DISP=ACCEPT_INSTALL|DETAIL=map
0000000000000000000000000000000000000000000000000000000000000000|0000000000000000000000000000000000000000000000000000000000000000|0|3|rt4_TMB-5_MAP_g_2417.r24|2|1|RICH|630|0|2530|0000000000000000000000000000000000000000000000000000000000000000|RICH|1|630|DISP=ACCEPT_INSTALL|DETAIL=map
0000000000000000000000000000000000000000000000000000000000000000|0000000000000000000000000000000000000000000000000000000000000000|0|3|rt4_TMB-5_MAP_g_2418.r24|2|1|RICH|630|0|2540|0000000000000000000000000000000000000000000000000000000000000000|RICH|1|630|DISP=ACCEPT_INSTALL|DETAIL=map
0000000000000000000000000000000000000000000000000000000000000000|0000000000000000000000000000000000000000000000000000000000000000|0|3|rt4_TMB-5_MAP_g_2419.r24|2|1|RICH|630|0|2550|0000000000000000000000000000000000000000000000000000000000000000|RICH|1|630|DISP=ACCEPT_INSTALL|DETAIL=map
0000000000000000000000000000000000000000000000000000000000000000|0000000000000000000000000000000000000000000000000000000000000000|0|3|rt4_TMB-5_MAP_g_2420.r24|2|1|RICH|630|0|2560|0000000000000000000000000000000000000000000000000000000000000000|RICH|1|630|DISP=ACCEPT_INSTALL|DETAIL=map
0000000000000000000000000000000000000000000000000000000000000000|0000000000000000000000000000000000000000000000000000000000000000|0|3|rt4_TMB-5_MAP_g_2421.r24|2|1|RICH|630|0|2570|0000000000000000000000000000000000000000000000000000000000000000|RICH|1|630|DISP=ACCEPT_INSTALL|DETAIL=map
0000000000000000000000000000000000000000000000000000000000000000|0000000000000000000000000000000000000000000000000000000000000000|0|3|rt4_TMB-5_MAP_g_2422.r24|2|1|RICH|630|0|2580|0000000000000000000000000000000000000000000000000000000000000000|RICH|1|630|DISP=ACCEPT_INSTALL|DETAIL=map
0000000000000000000000000000000000000000000000000000000000000000|0000000000000000000000000000000000000000000000000000000000000000|0|3|rt4_TMB-5_MAP_g_2423.r24|2|1|RICH|630|0|2590|0000000000000000000000000000000000000000000000000000000000000000|RICH|1|630|DISP=ACCEPT_INSTALL|DETAIL=map
0000000000000000000000000000000000000000000000000000000000000000|0000000000000000000000000000000000000000000000000000000000000000|0|3|rt4_TMB-5_MAP_g_2424.r24|2|1|RICH|630|0|2600|0000000000000000000000000000000000000000000000000000000000000000|RICH|1|630|DISP=ACCEPT_INSTALL|DETAIL=map
0000000000000000000000000000000000000000000000000000000000000000|0000000000000000000000000000000000000000000000000000000000000000|0|3|rt4_TMB-5_MAP_g_2425.r24|2|1|RICH|630|0|2610|0000000000000000000000000000000000000000000000000000000000000000|RICH|1|630|DISP=ACCEPT_INSTALL|DETAIL=map
0000000000000000000000000000000000000000000000000000000000000000|0000000000000000000000000000000000000000000000000000000000000000|0|3|rt4_TMB-5_MAP_g_2426.r24|2|1|RICH|630|0|2620|0000000000000000000000000000000000000000000000000000000000000000|RICH|1|630|DISP=ACCEPT_INSTALL|DETAIL=map
0000000000000000000000000000000000000000000000000000000000000000|0000000000000000000000000000000000000000000000000000000000000000|0|3|rt4_TMB-5_MAP_g_2427.r24|2|1|RICH|630|0|2630|0000000000000000000000000000000000000000000000000000000000000000|RICH|1|630|DISP=ACCEPT_INSTALL|DETAIL=map
0000000000000000000000000000000000000000000000000000000000000000|0000000000000000000000000000000000000000000000000000000000000000|0|3|rt4_TMB-5_MAP_g_2428.r24|2|1|RICH|630|0|2640|0000000000000000000000000000000000000000000000000000000000000000|RICH|1|630|DISP=ACCEPT_INSTALL|DETAIL=map
0000000000000000000000000000000000000000000000000000000000000000|0000000000000000000000000000000000000000000000000000000000000000|0|3|rt4_TMB-5_MAP_g_2429.r24|2|1|RICH|630|0|2650|0000000000000000000000000000000000000000000000000000000000000000|RICH|1|630|DISP=ACCEPT_INSTALL|DETAIL=map
0000000000000000000000000000000000000000000000000000000000000000|0000000000000000000000000000000000000000000000000000000000000000|0|3|rt4_TMB-5_MAP_g_2430.r24|2|1|RICH|630|0|2660|0000000000000000000000000000000000000000000000000000000000000000|RICH|1|630|DISP=ACCEPT_INSTALL|DETAIL=map
0000000000000000000000000000000000000000000000000000000000000000|0000000000000000000000000000000000000000000000000000000000000000|0|3|rt4_TMB-5_MAP_g_2431.r24|2|1|RICH|630|0|2670|0000000000000000000000000000000000000000000000000000000000000000|RICH|1|630|DISP=ACCEPT_INSTALL|DETAIL=map
0000000000000000000000000000000000000000000000000000000000000000|0000000000000000000000000000000000000000000000000000000000000000|0|3|rt4_TMB-5_MAP_g_2432.r24|2|1|RICH|630|0|2680|0000000000000000000000000000000000000000000000000000000000000000|RICH|1|630|DISP=ACCEPT_INSTALL|DETAIL=map
0000000000000000000000000000000000000000000000000000000000000000|0000000000000000000000000000000000000000000000000000000000000000|0|3|rt4_TMB-5_MAP_g_2433.r24|2|1|RICH|630|0|2690|0000000000000000000000000000000000000000000000000000000000000000|RICH|1|630|DISP=ACCEPT_INSTALL|DETAIL=map
0000000000000000000000000000000000000000000000000000000000000000|0000000000000000000000000000000000000000000000000000000000000000|0|3|rt4_TMB-5_MAP_g_2434.r24|2|1|RICH|630|0|2700|0000000000000000000000000000000000000000000000000000000000000000|RICH|1|630|DISP=ACCEPT_INSTALL|DETAIL=map
0000000000000000000000000000000000000000000000000000000000000000|0000000000000000000000000000000000000000000000000000000000000000|0|3|rt4_TMB-5_MAP_g_2435.r24|2|1|RICH|630|0|2710|0000000000000000000000000000000000000000000000000000000000000000|RICH|1|630|DISP=ACCEPT_INSTALL|DETAIL=map
0000000000000000000000000000000000000000000000000000000000000000|0000000000000000000000000000000000000000000000000000000000000000|0|3|rt4_TMB-5_MAP_g_2436.r24|2|1|RICH|630|0|2720|0000000000000000000000000000000000000000000000000000000000000000|RICH|1|630|DISP=ACCEPT_INSTALL|DETAIL=map
0000000000000000000000000000000000000000000000000000000000000000|0000000000000000000000000000000000000000000000000000000000000000|0|3|rt4_TMB-5_MAP_g_2437.r24|2|1|RICH|630|0|2730|0000000000000000000000000000000000000000000000000000000000000000|RICH|1|630|DISP=ACCEPT_INSTALL|DETAIL=map
0000000000000000000000000000000000000000000000000000000000000000|0000000000000000000000000000000000000000000000000000000000000000|0|3|rt4_TMB-5_MAP_g_2438.r24|2|1|RICH|630|0|2740|0000000000000000000000000000000000000000000000000000000000000000|RICH|1|630|DISP=ACCEPT_INSTALL|DETAIL=map
0000000000000000000000000000000000000000000000000000000000000000|0000000000000000000000000000000000000000000000000000000000000000|0|3|rt4_TMB-5_MAP_g_2439.r24|2|1|RICH|630|0|2750|0000000000000000000000000000000000000000000000000000000000000000|RICH|1|630|DISP=ACCEPT_INSTALL|DETAIL=map
0000000000000000000000000000000000000000000000000000000000000000|0000000000000000000000000000000000000000000000000000000000000000|0|3|rt4_TMB-5_MAP_g_2440.r24|2|1|RICH|630|0|2760|0000000000000000000000000000000000000000000000000000000000000000|RICH|1|630|DISP=ACCEPT_INSTALL|DETAIL=map
0000000000000000000000000000000000000000000000000000000000000000|0000000000000000000000000000000000000000000000000000000000000000|0|3|rt4_TMB-5_MAP_g_2441.r24|2|1|RICH|630|0|2770|0000000000000000000000000000000000000000000000000000000000000000|RICH|1|630|DISP=ACCEPT_INSTALL|DETAIL=map
0000000000000000000000000000000000000000000000000000000000000000|0000000000000000000000000000000000000000000000000000000000000000|0|3|rt4_TMB-5_MAP_g_2442.r24|2|1|RICH|630|0|2780|0000000000000000000000000000000000000000000000000000000000000000|RICH|1|630|DISP=ACCEPT_INSTALL|DETAIL=map
0000000000000000000000000000000000000000000000000000000000000000|0000000000000000000000000000000000000000000000000000000000000000|0|3|rt4_TMB-5_MAP_g_2443.r24|2|1|RICH|630|0|2790|0000000000000000000000000000000000000000000000000000000000000000|RICH|1|630|DISP=ACCEPT_INSTALL|DETAIL=map
0000000000000000000000000000000000000000000000000000000000000000|0000000000000000000000000000000000000000000000000000000000000000|0|3|rt4_TMB-5_MAP_g_2444.r24|2|1|RICH|630|0|2800|0000000000000000000000000000000000000000000000000000000000000000|RICH|1|630|DISP=ACCEPT_INSTALL|DETAIL=map
0000000000000000000000000000000000000000000000000000000000000000|0000000000000000000000000000000000000000000000000000000000000000|0|3|rt4_TMB-5_MAP_g_2445.r24|2|1|RICH|630|0|2810|0000000000000000000000000000000000000000000000000000000000000000|RICH|1|630|DISP=ACCEPT_INSTALL|DETAIL=map
0000000000000000000000000000000000000000000000000000000000000000|0000000000000000000000000000000000000000000000000000000000000000|0|3|rt4_TMB-5_MAP_g_2446.r24|2|1|RICH|630|0|2820|0000000000000000000000000000000000000000000000000000000000000000|RICH|1|630|DISP=ACCEPT_INSTALL|DETAIL=map
0000000000000000000000000000000000000000000000000000000000000000|0000000000000000000000000000000000000000000000000000000000000000|0|3|rt4_TMB-5_MAP_g_2447.r24|2|1|RICH|630|0|2830|0000000000000000000000000000000000000000000000000000000000000000|RICH|1|630|DISP=ACCEPT_INSTALL|DETAIL=map
0000000000000000000000000000000000000000000000000000000000000000|0000000000000000000000000000000000000000000000000000000000000000|0|3|rt4_TMB-5_MAP_g_2448.r24|2|1|RICH|630|0|2840|0000000000000000000000000000000000000000000000000000000000000000|RICH|1|630|DISP=ACCEPT_INSTALL|DETAIL=map
0000000000000000000000000000000000000000000000000000000000000000|0000000000000000000000000000000000000000000000000000000000000000|0|3|rt4_TMB-5_MAP_g_2449.r24|2|1|RICH|630|0|2850|0000000000000000000000000000000000000000000000000000000000000000|RICH|1|630|DISP=ACCEPT_INSTALL|DETAIL=map
0000000000000000000000000000000000000000000000000000000000000000|0000000000000000000000000000000000000000000000000000000000000000|0|3|rt4_TMB-5_MAP_g_2450.r24|2|1|RICH|630|0|2860|0000000000000000000000000000000000000000000000000000000000000000|RICH|1|630|DISP=ACCEPT_INSTALL|DETAIL=map
0000000000000000000000000000000000000000000000000000000000000000|0000000000000000000000000000000000000000000000000000000000000000|0|3|rt4_TMB-5_MAP_g_2451.r24|2|1|RICH|630|0|2870|0000000000000000000000000000000000000000000000000000000000000000|RICH|1|630|DISP=ACCEPT_INSTALL|DETAIL=map
0000000000000000000000000000000000000000000000000000000000000000|0000000000000000000000000000000000000000000000000000000000000000|0|3|rt4_TMB-5_MAP_g_2452.r24|2|1|RICH|630|0|2880|0000000000000000000000000000000000000000000000000000000000000000|RICH|1|630|DISP=ACCEPT_INSTALL|DETAIL=map
0000000000000000000000000000000000000000000000000000000000000000|0000000000000000000000000000000000000000000000000000000000000000|0|3|rt4_TMB-5_MAP_g_2453.r24|2|1|RICH|630|0|2890|0000000000000000000000000000000000000000000000000000000000000000|RICH|1|630|DISP=ACCEPT_INSTALL|DETAIL=map
0000000000000000000000000000000000000000000000000000000000000000|0000000000000000000000000000000000000000000000000000000000000000|0|3|rt4_TMB-5_MAP_g_2454.r24|2|1|RICH|630|0|2900|0000000000000000000000000000000000000000000000000000000000000000|RICH|1|630|DISP=ACCEPT_INSTALL|DETAIL=map
0000000000000000000000000000000000000000000000000000000000000000|0000000000000000000000000000000000000000000000000000000000000000|0|3|rt4_TMB-5_MAP_g_2455.r24|2|1|RICH|632|0|2400|0000000000000000000000000000000000000000000000000000000000000000|RICH|1|632|DISP=ACCEPT_INSTALL|DETAIL=map
0000000000000000000000000000000000000000000000000000000000000000|0000000000000000000000000000000000000000000000000000000000000000|0|3|rt4_TMB-5_MAP_g_2456.r24|2|1|RICH|632|0|2410|0000000000000000000000000000000000000000000000000000000000000000|RICH|1|632|DISP=ACCEPT_INSTALL|DETAIL=map
0000000000000000000000000000000000000000000000000000000000000000|0000000000000000000000000000000000000000000000000000000000000000|0|3|rt4_TMB-5_MAP_g_2457.r24|2|1|RICH|632|0|2420|0000000000000000000000000000000000000000000000000000000000000000|RICH|1|632|DISP=ACCEPT_INSTALL|DETAIL=map
0000000000000000000000000000000000000000000000000000000000000000|0000000000000000000000000000000000000000000000000000000000000000|0|3|rt4_TMB-5_MAP_g_2458.r24|2|1|RICH|632|0|2430|0000000000000000000000000000000000000000000000000000000000000000|RICH|1|632|DISP=ACCEPT_INSTALL|DETAIL=map
0000000000000000000000000000000000000000000000000000000000000000|0000000000000000000000000000000000000000000000000000000000000000|0|3|rt4_TMB-5_MAP_g_2459.r24|2|1|RICH|632|0|2440|0000000000000000000000000000000000000000000000000000000000000000|RICH|1|632|DISP=ACCEPT_INSTALL|DETAIL=map
0000000000000000000000000000000000000000000000000000000000000000|0000000000000000000000000000000000000000000000000000000000000000|0|3|rt4_TMB-5_MAP_g_2460.r24|2|1|RICH|632|0|2450|0000000000000000000000000000000000000000000000000000000000000000|RICH|1|632|DISP=ACCEPT_INSTALL|DETAIL=map
0000000000000000000000000000000000000000000000000000000000000000|0000000000000000000000000000000000000000000000000000000000000000|0|3|rt4_TMB-5_MAP_g_2461.r24|2|1|RICH|632|0|2460|0000000000000000000000000000000000000000000000000000000000000000|RICH|1|632|DISP=ACCEPT_INSTALL|DETAIL=map
0000000000000000000000000000000000000000000000000000000000000000|0000000000000000000000000000000000000000000000000000000000000000|0|3|rt4_TMB-5_MAP_g_2462.r24|2|1|RICH|632|0|2470|0000000000000000000000000000000000000000000000000000000000000000|RICH|1|632|DISP=ACCEPT_INSTALL|DETAIL=map
0000000000000000000000000000000000000000000000000000000000000000|0000000000000000000000000000000000000000000000000000000000000000|0|3|rt4_TMB-5_MAP_g_2463.r24|2|1|RICH|632|0|2480|0000000000000000000000000000000000000000000000000000000000000000|RICH|1|632|DISP=ACCEPT_INSTALL|DETAIL=map
0000000000000000000000000000000000000000000000000000000000000000|0000000000000000000000000000000000000000000000000000000000000000|0|3|rt4_TMB-5_MAP_g_2464.r24|2|1|RICH|632|0|2490|0000000000000000000000000000000000000000000000000000000000000000|RICH|1|632|DISP=ACCEPT_INSTALL|DETAIL=map
0000000000000000000000000000000000000000000000000000000000000000|0000000000000000000000000000000000000000000000000000000000000000|0|3|rt4_TMB-5_MAP_g_2465.r24|2|1|RICH|632|0|2500|0000000000000000000000000000000000000000000000000000000000000000|RICH|1|632|DISP=ACCEPT_INSTALL|DETAIL=map
0000000000000000000000000000000000000000000000000000000000000000|0000000000000000000000000000000000000000000000000000000000000000|0|3|rt4_TMB-5_MAP_g_2466.r24|2|1|RICH|632|0|2510|0000000000000000000000000000000000000000000000000000000000000000|RICH|1|632|DISP=ACCEPT_INSTALL|DETAIL=map
0000000000000000000000000000000000000000000000000000000000000000|0000000000000000000000000000000000000000000000000000000000000000|0|3|rt4_TMB-5_MAP_g_2467.r24|2|1|RICH|632|0|2520|0000000000000000000000000000000000000000000000000000000000000000|RICH|1|632|DISP=ACCEPT_INSTALL|DETAIL=map
0000000000000000000000000000000000000000000000000000000000000000|0000000000000000000000000000000000000000000000000000000000000000|0|3|rt4_TMB-5_MAP_g_2468.r24|2|1|RICH|632|0|2530|0000000000000000000000000000000000000000000000000000000000000000|RICH|1|632|DISP=ACCEPT_INSTALL|DETAIL=map
0000000000000000000000000000000000000000000000000000000000000000|0000000000000000000000000000000000000000000000000000000000000000|0|3|rt4_TMB-5_MAP_g_2469.r24|2|1|RICH|632|0|2540|0000000000000000000000000000000000000000000000000000000000000000|RICH|1|632|DISP=ACCEPT_INSTALL|DETAIL=map
0000000000000000000000000000000000000000000000000000000000000000|0000000000000000000000000000000000000000000000000000000000000000|0|3|rt4_TMB-5_MAP_g_2470.r24|2|1|RICH|632|0|2550|0000000000000000000000000000000000000000000000000000000000000000|RICH|1|632|DISP=ACCEPT_INSTALL|DETAIL=map
0000000000000000000000000000000000000000000000000000000000000000|0000000000000000000000000000000000000000000000000000000000000000|0|3|rt4_TMB-5_MAP_g_2471.r24|2|1|RICH|632|0|2560|0000000000000000000000000000000000000000000000000000000000000000|RICH|1|632|DISP=ACCEPT_INSTALL|DETAIL=map
0000000000000000000000000000000000000000000000000000000000000000|0000000000000000000000000000000000000000000000000000000000000000|0|3|rt4_TMB-5_MAP_g_2472.r24|2|1|RICH|632|0|2570|0000000000000000000000000000000000000000000000000000000000000000|RICH|1|632|DISP=ACCEPT_INSTALL|DETAIL=map
0000000000000000000000000000000000000000000000000000000000000000|0000000000000000000000000000000000000000000000000000000000000000|0|3|rt4_TMB-5_MAP_g_2473.r24|2|1|RICH|632|0|2580|0000000000000000000000000000000000000000000000000000000000000000|RICH|1|632|DISP=ACCEPT_INSTALL|DETAIL=map
0000000000000000000000000000000000000000000000000000000000000000|0000000000000000000000000000000000000000000000000000000000000000|0|3|rt4_TMB-5_MAP_g_2474.r24|2|1|RICH|632|0|2590|0000000000000000000000000000000000000000000000000000000000000000|RICH|1|632|DISP=ACCEPT_INSTALL|DETAIL=map
0000000000000000000000000000000000000000000000000000000000000000|0000000000000000000000000000000000000000000000000000000000000000|0|3|rt4_TMB-5_MAP_g_2475.r24|2|1|RICH|632|0|2600|0000000000000000000000000000000000000000000000000000000000000000|RICH|1|632|DISP=ACCEPT_INSTALL|DETAIL=map
0000000000000000000000000000000000000000000000000000000000000000|0000000000000000000000000000000000000000000000000000000000000000|0|3|rt4_TMB-5_MAP_g_2476.r24|2|1|RICH|632|0|2610|0000000000000000000000000000000000000000000000000000000000000000|RICH|1|632|DISP=ACCEPT_INSTALL|DETAIL=map
0000000000000000000000000000000000000000000000000000000000000000|0000000000000000000000000000000000000000000000000000000000000000|0|3|rt4_TMB-5_MAP_g_2477.r24|2|1|RICH|632|0|2620|0000000000000000000000000000000000000000000000000000000000000000|RICH|1|632|DISP=ACCEPT_INSTALL|DETAIL=map
0000000000000000000000000000000000000000000000000000000000000000|0000000000000000000000000000000000000000000000000000000000000000|0|3|rt4_TMB-5_MAP_g_2478.r24|2|1|RICH|632|0|2630|0000000000000000000000000000000000000000000000000000000000000000|RICH|1|632|DISP=ACCEPT_INSTALL|DETAIL=map
0000000000000000000000000000000000000000000000000000000000000000|0000000000000000000000000000000000000000000000000000000000000000|0|3|rt4_TMB-5_MAP_g_2479.r24|2|1|RICH|632|0|2640|0000000000000000000000000000000000000000000000000000000000000000|RICH|1|632|DISP=ACCEPT_INSTALL|DETAIL=map
0000000000000000000000000000000000000000000000000000000000000000|0000000000000000000000000000000000000000000000000000000000000000|0|3|rt4_TMB-5_MAP_g_2480.r24|2|1|RICH|632|0|2650|0000000000000000000000000000000000000000000000000000000000000000|RICH|1|632|DISP=ACCEPT_INSTALL|DETAIL=map
0000000000000000000000000000000000000000000000000000000000000000|0000000000000000000000000000000000000000000000000000000000000000|0|3|rt4_TMB-5_MAP_g_2481.r24|2|1|RICH|632|0|2660|0000000000000000000000000000000000000000000000000000000000000000|RICH|1|632|DISP=ACCEPT_INSTALL|DETAIL=map
0000000000000000000000000000000000000000000000000000000000000000|0000000000000000000000000000000000000000000000000000000000000000|0|3|rt4_TMB-5_MAP_g_2482.r24|2|1|RICH|632|0|2670|0000000000000000000000000000000000000000000000000000000000000000|RICH|1|632|DISP=ACCEPT_INSTALL|DETAIL=map
0000000000000000000000000000000000000000000000000000000000000000|0000000000000000000000000000000000000000000000000000000000000000|0|3|rt4_TMB-5_MAP_g_2483.r24|2|1|RICH|632|0|2680|0000000000000000000000000000000000000000000000000000000000000000|RICH|1|632|DISP=ACCEPT_INSTALL|DETAIL=map
0000000000000000000000000000000000000000000000000000000000000000|0000000000000000000000000000000000000000000000000000000000000000|0|3|rt4_TMB-5_MAP_g_2484.r24|2|1|RICH|632|0|2690|0000000000000000000000000000000000000000000000000000000000000000|RICH|1|632|DISP=ACCEPT_INSTALL|DETAIL=map
0000000000000000000000000000000000000000000000000000000000000000|0000000000000000000000000000000000000000000000000000000000000000|0|3|rt4_TMB-5_MAP_g_2485.r24|2|1|RICH|632|0|2700|0000000000000000000000000000000000000000000000000000000000000000|RICH|1|632|DISP=ACCEPT_INSTALL|DETAIL=map
0000000000000000000000000000000000000000000000000000000000000000|0000000000000000000000000000000000000000000000000000000000000000|0|3|rt4_TMB-5_MAP_g_2486.r24|2|1|RICH|632|0|2710|0000000000000000000000000000000000000000000000000000000000000000|RICH|1|632|DISP=ACCEPT_INSTALL|DETAIL=map
0000000000000000000000000000000000000000000000000000000000000000|0000000000000000000000000000000000000000000000000000000000000000|0|3|rt4_TMB-5_MAP_g_2487.r24|2|1|RICH|632|0|2720|0000000000000000000000000000000000000000000000000000000000000000|RICH|1|632|DISP=ACCEPT_INSTALL|DETAIL=map
0000000000000000000000000000000000000000000000000000000000000000|0000000000000000000000000000000000000000000000000000000000000000|0|3|rt4_TMB-5_MAP_g_2488.r24|2|1|RICH|632|0|2730|0000000000000000000000000000000000000000000000000000000000000000|RICH|1|632|DISP=ACCEPT_INSTALL|DETAIL=map
0000000000000000000000000000000000000000000000000000000000000000|0000000000000000000000000000000000000000000000000000000000000000|0|3|rt4_TMB-5_MAP_g_2489.r24|2|1|RICH|632|0|2740|0000000000000000000000000000000000000000000000000000000000000000|RICH|1|632|DISP=ACCEPT_INSTALL|DETAIL=map
0000000000000000000000000000000000000000000000000000000000000000|0000000000000000000000000000000000000000000000000000000000000000|0|3|rt4_TMB-5_MAP_g_2490.r24|2|1|RICH|632|0|2750|0000000000000000000000000000000000000000000000000000000000000000|RICH|1|632|DISP=ACCEPT_INSTALL|DETAIL=map
0000000000000000000000000000000000000000000000000000000000000000|0000000000000000000000000000000000000000000000000000000000000000|0|3|rt4_TMB-5_MAP_g_2491.r24|2|1|RICH|632|0|2760|0000000000000000000000000000000000000000000000000000000000000000|RICH|1|632|DISP=ACCEPT_INSTALL|DETAIL=map
0000000000000000000000000000000000000000000000000000000000000000|0000000000000000000000000000000000000000000000000000000000000000|0|3|rt4_TMB-5_MAP_g_2492.r24|2|1|RICH|632|0|2770|0000000000000000000000000000000000000000000000000000000000000000|RICH|1|632|DISP=ACCEPT_INSTALL|DETAIL=map
0000000000000000000000000000000000000000000000000000000000000000|0000000000000000000000000000000000000000000000000000000000000000|0|3|rt4_TMB-5_MAP_g_2493.r24|2|1|RICH|632|0|2780|0000000000000000000000000000000000000000000000000000000000000000|RICH|1|632|DISP=ACCEPT_INSTALL|DETAIL=map
0000000000000000000000000000000000000000000000000000000000000000|0000000000000000000000000000000000000000000000000000000000000000|0|3|rt4_TMB-5_MAP_g_2494.r24|2|1|RICH|632|0|2790|0000000000000000000000000000000000000000000000000000000000000000|RICH|1|632|DISP=ACCEPT_INSTALL|DETAIL=map
0000000000000000000000000000000000000000000000000000000000000000|0000000000000000000000000000000000000000000000000000000000000000|0|3|rt4_TMB-5_MAP_g_2495.r24|2|1|RICH|632|0|2800|0000000000000000000000000000000000000000000000000000000000000000|RICH|1|632|DISP=ACCEPT_INSTALL|DETAIL=map
0000000000000000000000000000000000000000000000000000000000000000|0000000000000000000000000000000000000000000000000000000000000000|0|3|rt4_TMB-5_MAP_g_2496.r24|2|1|RICH|632|0|2810|0000000000000000000000000000000000000000000000000000000000000000|RICH|1|632|DISP=ACCEPT_INSTALL|DETAIL=map
0000000000000000000000000000000000000000000000000000000000000000|0000000000000000000000000000000000000000000000000000000000000000|0|3|rt4_TMB-5_MAP_g_2497.r24|2|1|RICH|632|0|2820|0000000000000000000000000000000000000000000000000000000000000000|RICH|1|632|DISP=ACCEPT_INSTALL|DETAIL=map
0000000000000000000000000000000000000000000000000000000000000000|0000000000000000000000000000000000000000000000000000000000000000|0|3|rt4_TMB-5_MAP_g_2498.r24|2|1|RICH|632|0|2830|0000000000000000000000000000000000000000000000000000000000000000|RICH|1|632|DISP=ACCEPT_INSTALL|DETAIL=map
0000000000000000000000000000000000000000000000000000000000000000|0000000000000000000000000000000000000000000000000000000000000000|0|3|rt4_TMB-5_MAP_g_2499.r24|2|1|RICH|632|0|2840|0000000000000000000000000000000000000000000000000000000000000000|RICH|1|632|DISP=ACCEPT_INSTALL|DETAIL=map
