ST_TS 0 2 3 0 0 0 0 0 0 0 0 0 0 0 0 0 0
ST_TS 25 27 29 0 0 0 0 0 0 7 0 0 0 0 0 0 0
ST_DELIB 30 2 1 1 6 10 1 0 0
ST_DELIB 30 5 1 1 6 10 1 0 0
ST_DELIB 30 3 1 1 6 10 1 0 0
ST_DELIB 30 6 1 1 6 10 1 0 0
ST_DELIB 30 8 1 1 6 10 1 0 0
ST_DELIB 30 11 1 1 6 10 1 0 0
ST_DELIB 30 23 1 1 6 10 1 0 0
ST_DELIB 30 26 1 1 6 10 1 0 0
ST_DELIB 31 2 1 1 6 10 1 0 0
ST_DELIB 31 5 1 1 6 10 1 0 0
ST_DELIB 31 8 1 1 6 10 1 0 0
ST_DELIB 31 3 1 1 6 10 1 0 0
ST_DELIB 31 6 1 1 6 10 1 0 0
ST_DELIB 31 11 1 1 6 10 1 0 0
ST_DELIB 31 23 1 1 6 10 1 0 0
ST_DELIB 31 26 1 1 6 10 1 0 0
ST_DELIB 32 2 1 1 6 10 1 0 0
ST_DELIB 32 5 1 1 6 10 1 0 0
ST_DELIB 32 8 1 1 6 10 1 0 0
ST_DELIB 32 3 1 1 6 10 1 0 0
ST_DELIB 32 6 1 1 6 10 1 0 0
ST_DELIB 32 9 1 1 6 10 1 0 0
ST_DELIB 32 11 1 1 6 10 1 0 0
ST_DELIB 32 23 1 1 6 10 1 0 0
ST_DELIB 33 2 1 1 6 10 1 0 0
ST_DELIB 33 5 1 1 6 10 1 0 0
ST_DELIB 33 8 1 1 6 10 1 0 0
ST_DELIB 33 3 1 1 6 10 1 0 0
ST_DELIB 33 6 1 1 6 10 1 0 0
ST_DELIB 33 9 1 1 6 10 1 0 0
ST_DELIB 33 11 1 1 6 10 1 0 0
ST_DELIB 33 23 1 1 6 10 1 0 0
ST_DELIB 34 2 1 1 6 10 1 0 0
ST_DELIB 34 5 1 1 6 10 1 0 0
ST_DELIB 34 8 1 1 6 10 1 0 0
ST_DELIB 34 11 1 1 6 10 1 0 0
ST_DELIB 34 3 1 1 6 10 1 0 0
ST_DELIB 34 6 1 1 6 10 1 0 0
ST_DELIB 34 9 1 1 6 10 1 0 0
ST_DELIB 34 23 1 1 6 10 1 0 0
ST_DELIB 35 2 1 1 6 10 1 0 0
ST_DELIB 35 5 1 1 6 10 1 0 0
ST_DELIB 35 8 1 1 6 10 1 0 0
ST_DELIB 35 11 1 1 6 10 1 0 0
ST_DELIB 35 3 1 1 6 10 1 0 0
ST_DELIB 35 6 1 1 6 10 1 0 0
ST_DELIB 35 9 1 1 6 10 1 0 0
ST_DELIB 35 12 1 1 6 10 1 0 0
ST_DELIB 36 2 1 1 6 10 1 0 0
ST_DELIB 36 5 1 1 6 10 1 0 0
ST_DELIB 36 8 1 1 6 10 1 0 0
ST_DELIB 36 11 1 1 6 10 1 0 0
ST_DELIB 36 13 1 1 6 10 1 0 0
ST_DELIB 36 3 1 1 6 10 1 0 0
ST_DELIB 36 6 1 1 6 10 1 0 0
ST_DELIB 36 9 1 1 6 10 1 0 0
ST_DELIB 37 2 1 1 6 10 1 0 0
ST_DELIB 37 5 1 1 6 10 1 0 0
ST_DELIB 37 8 1 1 6 10 1 0 0
ST_DELIB 37 11 1 1 6 10 1 0 0
ST_DELIB 37 13 1 1 6 10 1 0 0
ST_DELIB 37 3 1 1 6 10 1 0 0
ST_DELIB 37 6 1 1 6 10 1 0 0
ST_DELIB 37 9 1 1 6 10 1 0 0
ST_DELIB 38 2 1 1 6 10 1 0 0
ST_DELIB 38 5 1 1 6 10 1 0 0
ST_DELIB 38 8 1 1 6 10 1 0 0
ST_DELIB 38 11 1 1 6 10 1 0 0
ST_DELIB 38 13 1 1 6 10 1 0 0
ST_DELIB 38 3 1 1 6 10 1 0 0
ST_DELIB 38 6 1 1 6 10 1 0 0
ST_DELIB 38 9 1 1 6 10 1 0 0
ST_DELIB 39 2 1 1 6 10 1 0 0
ST_DELIB 39 5 1 1 6 10 1 0 0
ST_DELIB 39 8 1 1 6 10 1 0 0
ST_DELIB 39 11 1 1 6 10 1 0 0
ST_DELIB 39 13 1 1 6 10 1 0 0
ST_DELIB 39 16 1 1 6 10 1 0 0
ST_DELIB 39 3 1 1 6 10 1 0 0
ST_DELIB 39 6 1 1 6 10 1 0 0
ST_DELIB 40 2 1 1 6 10 1 0 0
ST_DELIB 40 5 1 1 6 10 1 0 0
ST_DELIB 40 8 1 1 6 10 1 0 0
ST_DELIB 40 11 1 1 6 10 1 0 0
ST_DELIB 40 13 1 1 6 10 1 0 0
ST_DELIB 40 16 1 1 6 10 1 0 0
ST_DELIB 40 3 1 1 6 10 1 0 0
ST_DELIB 40 6 1 1 6 10 1 0 0
ST_DELIB 41 2 1 1 6 10 1 0 0
ST_DELIB 41 5 1 1 6 10 1 0 0
ST_DELIB 41 8 1 1 6 10 1 0 0
ST_DELIB 41 11 1 1 6 10 1 0 0
ST_DELIB 41 13 1 1 6 10 1 0 0
ST_DELIB 41 16 1 1 6 10 1 0 0
ST_DELIB 41 3 1 1 6 10 1 0 0
ST_DELIB 41 6 1 1 6 10 1 0 0
ST_DELIB 42 2 1 1 6 10 1 0 0
ST_DELIB 42 5 1 1 6 10 1 0 0
ST_DELIB 42 8 1 1 6 10 1 0 0
ST_DELIB 42 11 1 1 6 10 1 0 0
ST_DELIB 42 13 1 1 6 10 1 0 0
ST_DELIB 42 16 1 1 6 10 1 0 0
ST_DELIB 42 19 1 1 6 10 1 0 0
ST_DELIB 42 3 1 1 6 10 1 0 0
ST_DELIB 43 2 1 1 6 10 1 0 0
ST_DELIB 43 5 1 1 6 10 1 0 0
ST_DELIB 43 8 1 1 6 10 1 0 0
ST_DELIB 43 11 1 1 6 10 1 0 0
ST_DELIB 43 13 1 1 6 10 1 0 0
ST_DELIB 43 16 1 1 6 10 1 0 0
ST_DELIB 43 19 1 1 6 10 1 0 0
ST_DELIB 43 3 1 1 6 10 1 0 0
ST_DELIB 44 2 1 1 6 10 1 0 0
ST_DELIB 44 5 1 1 6 10 1 0 0
ST_DELIB 44 8 1 1 6 10 1 0 0
ST_DELIB 44 11 1 1 6 10 1 0 0
ST_DELIB 44 13 1 1 6 10 1 0 0
ST_DELIB 44 16 1 1 6 10 1 0 0
ST_DELIB 44 19 1 1 6 10 1 0 0
ST_DELIB 44 3 1 1 6 10 1 0 0
ST_DELIB 45 2 1 1 6 10 1 0 0
ST_DELIB 45 5 1 1 6 10 1 0 0
ST_DELIB 45 8 1 1 6 10 1 0 0
ST_DELIB 45 11 1 1 6 10 1 0 0
ST_DELIB 45 13 1 1 6 10 1 0 0
ST_DELIB 45 16 1 1 6 10 1 0 0
ST_DELIB 45 19 1 1 6 10 1 0 0
ST_DELIB 45 22 1 1 6 10 1 0 0
ST_DELIB 46 2 1 1 6 10 1 0 0
ST_DELIB 46 5 1 1 6 10 1 0 0
ST_DELIB 46 8 1 1 6 10 1 0 0
ST_DELIB 46 11 1 1 6 10 1 0 0
ST_DELIB 46 23 1 1 6 10 1 0 0
ST_DELIB 46 13 1 1 6 10 1 0 0
ST_DELIB 46 16 1 1 6 10 1 0 0
ST_DELIB 46 19 1 1 6 10 1 0 0
ST_DELIB 47 2 1 1 6 10 1 0 0
ST_DELIB 47 5 1 1 6 10 1 0 0
ST_DELIB 47 8 1 1 6 10 1 0 0
ST_DELIB 47 11 1 1 6 10 1 0 0
ST_DELIB 47 23 1 1 6 10 1 0 0
ST_DELIB 47 13 1 1 6 10 1 0 0
ST_DELIB 47 16 1 1 6 10 1 0 0
ST_DELIB 47 19 1 1 6 10 1 0 0
ST_DELIB 48 2 1 1 6 10 1 0 0
ST_DELIB 48 5 1 1 6 10 1 0 0
ST_DELIB 48 8 1 1 6 10 1 0 0
ST_DELIB 48 11 1 1 6 10 1 0 0
ST_DELIB 48 23 1 1 6 10 1 0 0
ST_DELIB 48 13 1 1 6 10 1 0 0
ST_DELIB 48 16 1 1 6 10 1 0 0
ST_DELIB 48 19 1 1 6 10 1 0 0
ST_DELIB 49 2 1 1 6 10 1 0 0
ST_DELIB 49 5 1 1 6 10 1 0 0
ST_DELIB 49 8 1 1 6 10 1 0 0
ST_DELIB 49 11 1 1 6 10 1 0 0
ST_DELIB 49 23 1 1 6 10 1 0 0
ST_DELIB 49 26 1 1 6 10 1 0 0
ST_DELIB 49 13 1 1 6 10 1 0 0
ST_DELIB 49 16 1 1 6 10 1 0 0
ST_TS 50 32 201 0 0 0 0 0 7 15 0 20 160 0 0 0 0
ST_DELIB 50 2 1 1 6 10 1 0 0
ST_DELIB 50 5 1 1 6 10 1 0 0
ST_DELIB 50 8 1 1 6 10 1 0 0
ST_DELIB 50 11 1 1 6 10 1 0 0
ST_DELIB 50 23 1 1 6 10 1 0 0
ST_DELIB 50 26 1 1 6 10 1 0 0
ST_DELIB 50 13 1 1 6 10 1 0 0
ST_DELIB 50 16 1 1 6 10 1 0 0
ST_DELIB 51 2 1 1 6 10 1 0 0
ST_DELIB 51 5 1 1 6 10 1 0 0
ST_DELIB 51 8 1 1 6 10 1 0 0
ST_DELIB 51 11 1 1 6 10 1 0 0
ST_DELIB 51 23 1 1 6 10 1 0 0
ST_DELIB 51 26 1 1 6 10 1 0 0
ST_DELIB 51 13 1 1 6 10 1 0 0
ST_DELIB 51 16 1 1 6 10 1 0 0
ST_DELIB 52 2 1 1 6 10 1 0 0
ST_DELIB 52 5 1 1 6 10 1 0 0
ST_DELIB 52 8 1 1 6 10 1 0 0
ST_DELIB 52 11 1 1 6 10 1 0 0
ST_DELIB 52 23 1 1 6 10 1 0 0
ST_DELIB 52 26 1 1 6 10 1 0 0
ST_DELIB 52 29 1 1 6 10 1 0 0
ST_DELIB 52 13 1 1 6 10 1 0 0
ST_DELIB 53 2 1 1 6 10 1 0 0
ST_DELIB 53 5 1 1 6 10 1 0 0
ST_DELIB 53 8 1 1 6 10 1 0 0
ST_DELIB 53 11 1 1 6 10 1 0 0
ST_DELIB 53 23 1 1 6 10 1 0 0
ST_DELIB 53 26 1 1 6 10 1 0 0
ST_DELIB 53 29 1 1 6 10 1 0 0
ST_DELIB 53 13 1 1 6 10 1 0 0
ST_DELIB 54 2 1 1 6 10 1 0 0
ST_DELIB 54 5 1 1 6 10 1 0 0
ST_DELIB 54 8 1 1 6 10 1 0 0
ST_DELIB 54 11 1 1 6 10 1 0 0
ST_DELIB 54 23 1 1 6 10 1 0 0
ST_DELIB 54 26 1 1 6 10 1 0 0
ST_DELIB 54 29 1 1 6 10 1 0 0
ST_DELIB 54 13 1 1 6 10 1 0 0
ST_DELIB 55 2 1 1 6 10 1 0 0
ST_DELIB 55 5 1 1 6 10 1 0 0
ST_DELIB 55 8 1 1 6 10 1 0 0
ST_DELIB 55 11 1 1 6 10 1 0 0
ST_DELIB 55 23 1 1 6 10 1 0 0
ST_DELIB 55 26 1 1 6 10 1 0 0
ST_DELIB 55 29 1 1 6 10 1 0 0
ST_DELIB 55 13 1 1 6 10 1 0 0
ST_DELIB 56 2 1 1 6 10 1 0 0
ST_DELIB 56 5 1 1 6 10 1 0 0
ST_DELIB 56 8 1 1 6 10 1 0 0
ST_DELIB 56 11 1 1 6 10 1 0 0
ST_DELIB 56 23 1 1 6 10 1 0 0
ST_DELIB 56 26 1 1 6 10 1 0 0
ST_DELIB 56 29 1 1 6 10 1 0 0
ST_DELIB 56 13 1 1 6 10 1 0 0
ST_DELIB 57 2 1 1 6 10 1 0 0
ST_DELIB 57 5 1 1 6 10 1 0 0
ST_DELIB 57 8 1 1 6 10 1 0 0
ST_DELIB 57 11 1 1 6 10 1 0 0
ST_DELIB 57 23 1 1 6 10 1 0 0
ST_DELIB 57 26 1 1 6 10 1 0 0
ST_DELIB 57 29 1 1 6 10 1 0 0
ST_DELIB 57 13 1 1 6 10 1 0 0
ST_DELIB 58 2 1 1 6 10 1 0 0
ST_DELIB 58 5 1 1 6 10 1 0 0
ST_DELIB 58 8 1 1 6 10 1 0 0
ST_DELIB 58 11 1 1 6 10 1 0 0
ST_DELIB 58 23 1 1 6 10 1 0 0
ST_DELIB 58 26 1 1 6 10 1 0 0
ST_DELIB 58 29 1 1 6 10 1 0 0
ST_DELIB 58 13 1 1 6 10 1 0 0
ST_DELIB 59 2 1 1 6 10 1 0 0
ST_DELIB 59 5 1 1 6 10 1 0 0
ST_DELIB 59 8 1 1 6 10 1 0 0
ST_DELIB 59 11 1 1 6 10 1 0 0
ST_DELIB 59 23 1 1 6 10 1 0 0
ST_DELIB 59 26 1 1 6 10 1 0 0
ST_DELIB 59 29 1 1 6 10 1 0 0
ST_DELIB 59 13 1 1 6 10 1 0 0
ST_DELIB 60 2 1 1 6 10 1 0 0
ST_DELIB 60 5 1 1 6 10 1 0 0
ST_DELIB 60 8 1 1 6 10 1 0 0
ST_DELIB 60 11 1 1 6 10 1 0 0
ST_DELIB 60 23 1 1 6 10 1 0 0
ST_DELIB 60 26 1 1 6 10 1 0 0
ST_DELIB 60 29 1 1 6 10 1 0 0
ST_DELIB 60 13 1 1 6 10 1 0 0
ST_DELIB 61 2 1 1 6 10 1 0 0
ST_DELIB 61 5 1 1 6 10 1 0 0
ST_DELIB 61 8 1 1 6 10 1 0 0
ST_DELIB 61 11 1 1 6 10 1 0 0
ST_DELIB 61 23 1 1 6 10 1 0 0
ST_DELIB 61 26 1 1 6 10 1 0 0
ST_DELIB 61 29 1 1 6 10 1 0 0
ST_DELIB 61 13 1 1 6 10 1 0 0
ST_DELIB 62 2 1 1 6 10 1 0 0
ST_DELIB 62 5 1 1 6 10 1 0 0
ST_DELIB 62 8 1 1 6 10 1 0 0
ST_DELIB 62 11 1 1 6 10 1 0 0
ST_DELIB 62 23 1 1 6 10 1 0 0
ST_DELIB 62 26 1 1 6 10 1 0 0
ST_DELIB 62 29 1 1 6 10 1 0 0
ST_DELIB 62 13 1 1 6 10 1 0 0
ST_DELIB 63 2 1 1 6 10 1 0 0
ST_DELIB 63 5 1 1 6 10 1 0 0
ST_DELIB 63 8 1 1 6 10 1 0 0
ST_DELIB 63 11 1 1 6 10 1 0 0
ST_DELIB 63 23 1 1 6 10 1 0 0
ST_DELIB 63 26 1 1 6 10 1 0 0
ST_DELIB 63 29 1 1 6 10 1 0 0
ST_DELIB 63 13 1 1 6 10 1 0 0
ST_DELIB 64 2 1 1 6 10 1 0 0
ST_DELIB 64 5 1 1 6 10 1 0 0
ST_DELIB 64 8 1 1 6 10 1 0 0
ST_DELIB 64 11 1 1 6 10 1 0 0
ST_DELIB 64 23 1 1 6 10 1 0 0
ST_DELIB 64 26 1 1 6 10 1 0 0
ST_DELIB 64 29 1 1 6 10 1 0 0
ST_DELIB 64 13 1 1 6 10 1 0 0
ST_DELIB 65 2 1 1 6 10 1 0 0
ST_DELIB 65 5 1 1 6 10 1 0 0
ST_DELIB 65 8 1 1 6 10 1 0 0
ST_DELIB 65 11 1 1 6 10 1 0 0
ST_DELIB 65 23 1 1 6 10 1 0 0
ST_DELIB 65 26 1 1 6 10 1 0 0
ST_DELIB 65 29 1 1 6 10 1 0 0
ST_DELIB 65 13 1 1 6 10 1 0 0
ST_DELIB 66 2 1 1 6 10 1 0 0
ST_DELIB 66 5 1 1 6 10 1 0 0
ST_DELIB 66 8 1 1 6 10 1 0 0
ST_DELIB 66 11 1 1 6 10 1 0 0
ST_DELIB 66 23 1 1 6 10 1 0 0
ST_DELIB 66 26 1 1 6 10 1 0 0
ST_DELIB 66 29 1 1 6 10 1 0 0
ST_DELIB 66 13 1 1 6 10 1 0 0
ST_DELIB 67 2 1 1 6 10 1 0 0
ST_DELIB 67 5 1 1 6 10 1 0 0
ST_DELIB 67 8 1 1 6 10 1 0 0
ST_DELIB 67 11 1 1 6 10 1 0 0
ST_DELIB 67 23 1 1 6 10 1 0 0
ST_DELIB 67 26 1 1 6 10 1 0 0
ST_DELIB 67 29 1 1 6 10 1 0 0
ST_DELIB 67 13 1 1 6 10 1 0 0
ST_DELIB 68 2 1 1 6 10 1 0 0
ST_DELIB 68 5 1 1 6 10 1 0 0
ST_DELIB 68 8 1 1 6 10 1 0 0
ST_DELIB 68 11 1 1 6 10 1 0 0
ST_DELIB 68 23 1 1 6 10 1 0 0
ST_DELIB 68 26 1 1 6 10 1 0 0
ST_DELIB 68 29 1 1 6 10 1 0 0
ST_DELIB 68 13 1 1 6 10 1 0 0
ST_DELIB 69 2 1 1 6 10 1 0 0
ST_DELIB 69 5 1 1 6 10 1 0 0
ST_DELIB 69 8 1 1 6 10 1 0 0
ST_DELIB 69 11 1 1 6 10 1 0 0
ST_DELIB 69 23 1 1 6 10 1 0 0
ST_DELIB 69 26 1 1 6 10 1 0 0
ST_DELIB 69 29 1 1 6 10 1 0 0
ST_DELIB 69 13 1 1 6 10 1 0 0
ST_DELIB 70 2 1 1 6 10 1 0 0
ST_DELIB 70 5 1 1 6 10 1 0 0
ST_DELIB 70 8 1 1 6 10 1 0 0
ST_DELIB 70 11 1 1 6 10 1 0 0
ST_DELIB 70 23 1 1 6 10 1 0 0
ST_DELIB 70 26 1 1 6 10 1 0 0
ST_DELIB 70 29 1 1 6 10 1 0 0
ST_DELIB 70 13 1 1 6 10 1 0 0
ST_DELIB 71 2 1 1 6 10 1 0 0
ST_DELIB 71 5 1 1 6 10 1 0 0
ST_DELIB 71 8 1 1 6 10 1 0 0
ST_DELIB 71 11 1 1 6 10 1 0 0
ST_DELIB 71 23 1 1 6 10 1 0 0
ST_DELIB 71 26 1 1 6 10 1 0 0
ST_DELIB 71 29 1 1 6 10 1 0 0
ST_DELIB 71 13 1 1 6 10 1 0 0
ST_DELIB 72 2 1 1 6 10 1 0 0
ST_DELIB 72 5 1 1 6 10 1 0 0
ST_DELIB 72 8 1 1 6 10 1 0 0
ST_DELIB 72 11 1 1 6 10 1 0 0
ST_DELIB 72 23 1 1 6 10 1 0 0
ST_DELIB 72 26 1 1 6 10 1 0 0
ST_DELIB 72 29 1 1 6 10 1 0 0
ST_DELIB 72 13 1 1 6 10 1 0 0
ST_DELIB 73 2 1 1 6 10 1 0 0
ST_DELIB 73 5 1 1 6 10 1 0 0
ST_DELIB 73 8 1 1 6 10 1 0 0
ST_DELIB 73 11 1 1 6 10 1 0 0
ST_DELIB 73 23 1 1 6 10 1 0 0
ST_DELIB 73 26 1 1 6 10 1 0 0
ST_DELIB 73 29 1 1 6 10 1 0 0
ST_DELIB 73 13 1 1 6 10 1 0 0
ST_DELIB 74 2 1 1 6 10 1 0 0
ST_DELIB 74 5 1 1 6 10 1 0 0
ST_DELIB 74 8 1 1 6 10 1 0 0
ST_DELIB 74 11 1 1 6 10 1 0 0
ST_DELIB 74 23 1 1 6 10 1 0 0
ST_DELIB 74 26 1 1 6 10 1 0 0
ST_DELIB 74 29 1 1 6 10 1 0 0
ST_DELIB 74 13 1 1 6 10 1 0 0
ST_TS 75 32 410 0 0 0 0 0 9 22 0 45 360 0 0 0 0
ST_DELIB 75 2 1 1 6 10 1 0 0
ST_DELIB 75 5 1 1 6 10 1 0 0
ST_DELIB 75 8 1 1 6 10 1 0 0
ST_DELIB 75 11 1 1 6 10 1 0 0
ST_DELIB 75 23 1 1 6 10 1 0 0
ST_DELIB 75 26 1 1 6 10 1 0 0
ST_DELIB 75 29 1 1 6 10 1 0 0
ST_DELIB 75 13 1 1 6 10 1 0 0
ST_DELIB 76 2 1 1 6 10 1 0 0
ST_DELIB 76 5 1 1 6 10 1 0 0
ST_DELIB 76 8 1 1 6 10 1 0 0
ST_DELIB 76 11 1 1 6 10 1 0 0
ST_DELIB 76 23 1 1 6 10 1 0 0
ST_DELIB 76 26 1 1 6 10 1 0 0
ST_DELIB 76 29 1 1 6 10 1 0 0
ST_DELIB 76 13 1 1 6 10 1 0 0
ST_DELIB 77 2 1 1 6 10 1 0 0
ST_DELIB 77 5 1 1 6 10 1 0 0
ST_DELIB 77 8 1 1 6 10 1 0 0
ST_DELIB 77 11 1 1 6 10 1 0 0
ST_DELIB 77 23 1 1 6 10 1 0 0
ST_DELIB 77 26 1 1 6 10 1 0 0
ST_DELIB 77 29 1 1 6 10 1 0 0
ST_DELIB 77 13 1 1 6 10 1 0 0
ST_DELIB 78 2 1 1 6 10 1 0 0
ST_DELIB 78 5 1 1 6 10 1 0 0
ST_DELIB 78 8 1 1 6 10 1 0 0
ST_DELIB 78 11 1 1 6 10 1 0 0
ST_DELIB 78 23 1 1 6 10 1 0 0
ST_DELIB 78 26 1 1 6 10 1 0 0
ST_DELIB 78 29 1 1 6 10 1 0 0
ST_DELIB 78 13 1 1 6 10 1 0 0
ST_DELIB 79 2 1 1 6 10 1 0 0
ST_DELIB 79 5 1 1 6 10 1 0 0
ST_DELIB 79 8 1 1 6 10 1 0 0
ST_DELIB 79 11 1 1 6 10 1 0 0
ST_DELIB 79 23 1 1 6 10 1 0 0
ST_DELIB 79 26 1 1 6 10 1 0 0
ST_DELIB 79 29 1 1 6 10 1 0 0
ST_DELIB 79 13 1 1 6 10 1 0 0
ST_DELIB 80 2 1 1 6 10 1 0 0
ST_DELIB 80 5 1 1 6 10 1 0 0
ST_DELIB 80 8 1 1 6 10 1 0 0
ST_DELIB 80 11 1 1 6 10 1 0 0
ST_DELIB 80 23 1 1 6 10 1 0 0
ST_DELIB 80 26 1 1 6 10 1 0 0
ST_DELIB 80 29 1 1 6 10 1 0 0
ST_DELIB 80 13 1 1 6 10 1 0 0
ST_DELIB 81 2 1 1 6 10 1 0 0
ST_DELIB 81 5 1 1 6 10 1 0 0
ST_DELIB 81 8 1 1 6 10 1 0 0
ST_DELIB 81 11 1 1 6 10 1 0 0
ST_DELIB 81 23 1 1 6 10 1 0 0
ST_DELIB 81 26 1 1 6 10 1 0 0
ST_DELIB 81 29 1 1 6 10 1 0 0
ST_DELIB 81 13 1 1 6 10 1 0 0
ST_DELIB 82 2 1 1 6 10 1 0 0
ST_DELIB 82 5 1 1 6 10 1 0 0
ST_DELIB 82 8 1 1 6 10 1 0 0
ST_DELIB 82 11 1 1 6 10 1 0 0
ST_DELIB 82 23 1 1 6 10 1 0 0
ST_DELIB 82 26 1 1 6 10 1 0 0
ST_DELIB 82 29 1 1 6 10 1 0 0
ST_DELIB 82 13 1 1 6 10 1 0 0
ST_DELIB 83 2 1 1 6 10 1 0 0
ST_DELIB 83 5 1 1 6 10 1 0 0
ST_DELIB 83 8 1 1 6 10 1 0 0
ST_DELIB 83 11 1 1 6 10 1 0 0
ST_DELIB 83 23 1 1 6 10 1 0 0
ST_DELIB 83 26 1 1 6 10 1 0 0
ST_DELIB 83 29 1 1 6 10 1 0 0
ST_DELIB 83 13 1 1 6 10 1 0 0
ST_DELIB 84 2 1 1 6 10 1 0 0
ST_DELIB 84 5 1 1 6 10 1 0 0
ST_DELIB 84 8 1 1 6 10 1 0 0
ST_DELIB 84 11 1 1 6 10 1 0 0
ST_DELIB 84 23 1 1 6 10 1 0 0
ST_DELIB 84 26 1 1 6 10 1 0 0
ST_DELIB 84 29 1 1 6 10 1 0 0
ST_DELIB 84 13 1 1 6 10 1 0 0
ST_DELIB 85 2 1 1 6 10 1 0 0
ST_DELIB 85 5 1 1 6 10 1 0 0
ST_DELIB 85 8 1 1 6 10 1 0 0
ST_DELIB 85 11 1 1 6 10 1 0 0
ST_DELIB 85 23 1 1 6 10 1 0 0
ST_DELIB 85 26 1 1 6 10 1 0 0
ST_DELIB 85 29 1 1 6 10 1 0 0
ST_DELIB 85 13 1 1 6 10 1 0 0
ST_DELIB 86 2 1 1 6 10 1 0 0
ST_DELIB 86 5 1 1 6 10 1 0 0
ST_DELIB 86 8 1 1 6 10 1 0 0
ST_DELIB 86 11 1 1 6 10 1 0 0
ST_DELIB 86 23 1 1 6 10 1 0 0
ST_DELIB 86 26 1 1 6 10 1 0 0
ST_DELIB 86 29 1 1 6 10 1 0 0
ST_DELIB 86 13 1 1 6 10 1 0 0
ST_DELIB 87 2 1 1 6 10 1 0 0
ST_DELIB 87 5 1 1 6 10 1 0 0
ST_DELIB 87 8 1 1 6 10 1 0 0
ST_DELIB 87 11 1 1 6 10 1 0 0
ST_DELIB 87 23 1 1 6 10 1 0 0
ST_DELIB 87 26 1 1 6 10 1 0 0
ST_DELIB 87 29 1 1 6 10 1 0 0
ST_DELIB 87 13 1 1 6 10 1 0 0
ST_DELIB 88 2 1 1 6 10 1 0 0
ST_DELIB 88 5 1 1 6 10 1 0 0
ST_DELIB 88 8 1 1 6 10 1 0 0
ST_DELIB 88 11 1 1 6 10 1 0 0
ST_DELIB 88 23 1 1 6 10 1 0 0
ST_DELIB 88 26 1 1 6 10 1 0 0
ST_DELIB 88 29 1 1 6 10 1 0 0
ST_DELIB 88 13 1 1 6 10 1 0 0
ST_DELIB 89 2 1 1 6 10 1 0 0
ST_DELIB 89 5 1 1 6 10 1 0 0
ST_DELIB 89 8 1 1 6 10 1 0 0
ST_DELIB 89 11 1 1 6 10 1 0 0
ST_DELIB 89 23 1 1 6 10 1 0 0
ST_DELIB 89 26 1 1 6 10 1 0 0
ST_DELIB 89 29 1 1 6 10 1 0 0
ST_DELIB 89 13 1 1 6 10 1 0 0
ST_DELIB 90 2 1 1 6 10 1 0 0
ST_DELIB 90 5 1 1 6 10 1 0 0
ST_DELIB 90 8 1 1 6 10 1 0 0
ST_DELIB 90 11 1 1 6 10 1 0 0
ST_DELIB 90 23 1 1 6 10 1 0 0
ST_DELIB 90 26 1 1 6 10 1 0 0
ST_DELIB 90 29 1 1 6 10 1 0 0
ST_DELIB 90 13 1 1 6 10 1 0 0
ST_DELIB 91 2 1 1 6 10 1 0 0
ST_DELIB 91 5 1 1 6 10 1 0 0
ST_DELIB 91 8 1 1 6 10 1 0 0
ST_DELIB 91 11 1 1 6 10 1 0 0
ST_DELIB 91 23 1 1 6 10 1 0 0
ST_DELIB 91 26 1 1 6 10 1 0 0
ST_DELIB 91 29 1 1 6 10 1 0 0
ST_DELIB 91 13 1 1 6 10 1 0 0
ST_DELIB 92 2 1 1 6 10 1 0 0
ST_DELIB 92 5 1 1 6 10 1 0 0
ST_DELIB 92 8 1 1 6 10 1 0 0
ST_DELIB 92 11 1 1 6 10 1 0 0
ST_DELIB 92 23 1 1 6 10 1 0 0
ST_DELIB 92 26 1 1 6 10 1 0 0
ST_DELIB 92 29 1 1 6 10 1 0 0
ST_DELIB 92 13 1 1 6 10 1 0 0
ST_DELIB 93 2 1 1 6 10 1 0 0
ST_DELIB 93 5 1 1 6 10 1 0 0
ST_DELIB 93 8 1 1 6 10 1 0 0
ST_DELIB 93 11 1 1 6 10 1 0 0
ST_DELIB 93 23 1 1 6 10 1 0 0
ST_DELIB 93 26 1 1 6 10 1 0 0
ST_DELIB 93 29 1 1 6 10 1 0 0
ST_DELIB 93 13 1 1 6 10 1 0 0
ST_DELIB 94 2 1 1 6 10 1 0 0
ST_DELIB 94 5 1 1 6 10 1 0 0
ST_DELIB 94 8 1 1 6 10 1 0 0
ST_DELIB 94 11 1 1 6 10 1 0 0
ST_DELIB 94 23 1 1 6 10 1 0 0
ST_DELIB 94 26 1 1 6 10 1 0 0
ST_DELIB 94 29 1 1 6 10 1 0 0
ST_DELIB 94 13 1 1 6 10 1 0 0
ST_DELIB 95 2 1 1 6 10 1 0 0
ST_DELIB 95 5 1 1 6 10 1 0 0
ST_DELIB 95 8 1 1 6 10 1 0 0
ST_DELIB 95 11 1 1 6 10 1 0 0
ST_DELIB 95 23 1 1 6 10 1 0 0
ST_DELIB 95 26 1 1 6 10 1 0 0
ST_DELIB 95 29 1 1 6 10 1 0 0
ST_DELIB 95 13 1 1 6 10 1 0 0
ST_DELIB 96 2 1 1 6 10 1 0 0
ST_DELIB 96 5 1 1 6 10 1 0 0
ST_DELIB 96 8 1 1 6 10 1 0 0
ST_DELIB 96 11 1 1 6 10 1 0 0
ST_DELIB 96 23 1 1 6 10 1 0 0
ST_DELIB 96 26 1 1 6 10 1 0 0
ST_DELIB 96 29 1 1 6 10 1 0 0
ST_DELIB 96 13 1 1 6 10 1 0 0
ST_DELIB 97 2 1 1 6 10 1 0 0
ST_DELIB 97 5 1 1 6 10 1 0 0
ST_DELIB 97 8 1 1 6 10 1 0 0
ST_DELIB 97 11 1 1 6 10 1 0 0
ST_DELIB 97 23 1 1 6 10 1 0 0
ST_DELIB 97 26 1 1 6 10 1 0 0
ST_DELIB 97 29 1 1 6 10 1 0 0
ST_DELIB 97 13 1 1 6 10 1 0 0
ST_DELIB 98 2 1 1 6 10 1 0 0
ST_DELIB 98 5 1 1 6 10 1 0 0
ST_DELIB 98 8 1 1 6 10 1 0 0
ST_DELIB 98 11 1 1 6 10 1 0 0
ST_DELIB 98 23 1 1 6 10 1 0 0
ST_DELIB 98 26 1 1 6 10 1 0 0
ST_DELIB 98 29 1 1 6 10 1 0 0
ST_DELIB 98 13 1 1 6 10 1 0 0
ST_DELIB 99 2 1 1 6 10 1 0 0
ST_DELIB 99 5 1 1 6 10 1 0 0
ST_DELIB 99 8 1 1 6 10 1 0 0
ST_DELIB 99 11 1 1 6 10 1 0 0
ST_DELIB 99 23 1 1 6 10 1 0 0
ST_DELIB 99 26 1 1 6 10 1 0 0
ST_DELIB 99 29 1 1 6 10 1 0 0
ST_DELIB 99 13 1 1 6 10 1 0 0
ST_TS 100 32 612 0 0 0 0 0 9 30 0 70 560 0 0 0 0
ST_DELIB 100 2 1 1 6 10 1 0 0
ST_DELIB 100 5 1 1 6 10 1 0 0
ST_DELIB 100 8 1 1 6 10 1 0 0
ST_DELIB 100 11 1 1 6 10 1 0 0
ST_DELIB 100 23 1 1 6 10 1 0 0
ST_DELIB 100 26 1 1 6 10 1 0 0
ST_DELIB 100 29 1 1 6 10 1 0 0
ST_DELIB 100 13 1 1 6 10 1 0 0
ST_DELIB 100 2 2 1 6 10 1 0 0
ST_DELIB 100 5 2 1 6 10 1 0 0
ST_DELIB 100 8 2 1 6 10 1 0 0
ST_DELIB 100 11 2 1 6 10 1 0 0
ST_DELIB 100 23 2 1 6 10 1 0 0
ST_DELIB 100 26 2 1 6 10 1 0 0
ST_DELIB 100 29 2 1 6 10 1 0 0
ST_DELIB 100 13 2 1 6 10 1 0 0
ST_DELIB 101 2 1 1 6 10 1 0 0
ST_DELIB 101 5 1 1 6 10 1 0 0
ST_DELIB 101 8 1 1 6 10 1 0 0
ST_DELIB 101 11 1 1 6 10 1 0 0
ST_DELIB 101 23 1 1 6 10 1 0 0
ST_DELIB 101 26 1 1 6 10 1 0 0
ST_DELIB 101 29 1 1 6 10 1 0 0
ST_DELIB 101 13 1 1 6 10 1 0 0
ST_DELIB 102 2 1 1 6 10 1 0 0
ST_DELIB 102 5 1 1 6 10 1 0 0
ST_DELIB 102 8 1 1 6 10 1 0 0
ST_DELIB 102 11 1 1 6 10 1 0 0
ST_DELIB 102 23 1 1 6 10 1 0 0
ST_DELIB 102 26 1 1 6 10 1 0 0
ST_DELIB 102 29 1 1 6 10 1 0 0
ST_DELIB 102 13 1 1 6 10 1 0 0
ST_DELIB 103 2 1 1 6 10 1 0 0
ST_DELIB 103 5 1 1 6 10 1 0 0
ST_DELIB 103 8 1 1 6 10 1 0 0
ST_DELIB 103 11 1 1 6 10 1 0 0
ST_DELIB 103 23 1 1 6 10 1 0 0
ST_DELIB 103 26 1 1 6 10 1 0 0
ST_DELIB 103 29 1 1 6 10 1 0 0
ST_DELIB 103 13 1 1 6 10 1 0 0
ST_DELIB 104 2 1 1 6 10 1 0 0
ST_DELIB 104 5 1 1 6 10 1 0 0
ST_DELIB 104 8 1 1 6 10 1 0 0
ST_DELIB 104 11 1 1 6 10 1 0 0
ST_DELIB 104 23 1 1 6 10 1 0 0
ST_DELIB 104 26 1 1 6 10 1 0 0
ST_DELIB 104 29 1 1 6 10 1 0 0
ST_DELIB 104 13 1 1 6 10 1 0 0
ST_DELIB 105 2 1 1 6 10 1 0 0
ST_DELIB 105 5 1 1 6 10 1 0 0
ST_DELIB 105 8 1 1 6 10 1 0 0
ST_DELIB 105 11 1 1 6 10 1 0 0
ST_DELIB 105 23 1 1 6 10 1 0 0
ST_DELIB 105 26 1 1 6 10 1 0 0
ST_DELIB 105 29 1 1 6 10 1 0 0
ST_DELIB 105 13 1 1 6 10 1 0 0
ST_DELIB 106 2 1 1 6 10 1 0 0
ST_DELIB 106 5 1 1 6 10 1 0 0
ST_DELIB 106 8 1 1 6 10 1 0 0
ST_DELIB 106 11 1 1 6 10 1 0 0
ST_DELIB 106 23 1 1 6 10 1 0 0
ST_DELIB 106 26 1 1 6 10 1 0 0
ST_DELIB 106 29 1 1 6 10 1 0 0
ST_DELIB 106 13 1 1 6 10 1 0 0
ST_DELIB 107 2 1 1 6 10 1 0 0
ST_DELIB 107 5 1 1 6 10 1 0 0
ST_DELIB 107 8 1 1 6 10 1 0 0
ST_DELIB 107 11 1 1 6 10 1 0 0
ST_DELIB 107 23 1 1 6 10 1 0 0
ST_DELIB 107 26 1 1 6 10 1 0 0
ST_DELIB 107 29 1 1 6 10 1 0 0
ST_DELIB 107 13 1 1 6 10 1 0 0
ST_DELIB 108 2 1 1 6 10 1 0 0
ST_DELIB 108 5 1 1 6 10 1 0 0
ST_DELIB 108 8 1 1 6 10 1 0 0
ST_DELIB 108 11 1 1 6 10 1 0 0
ST_DELIB 108 23 1 1 6 10 1 0 0
ST_DELIB 108 26 1 1 6 10 1 0 0
ST_DELIB 108 29 1 1 6 10 1 0 0
ST_DELIB 108 13 1 1 6 10 1 0 0
ST_DELIB 109 2 1 1 6 10 1 0 0
ST_DELIB 109 5 1 1 6 10 1 0 0
ST_DELIB 109 8 1 1 6 10 1 0 0
ST_DELIB 109 11 1 1 6 10 1 0 0
ST_DELIB 109 23 1 1 6 10 1 0 0
ST_DELIB 109 26 1 1 6 10 1 0 0
ST_DELIB 109 29 1 1 6 10 1 0 0
ST_DELIB 109 13 1 1 6 10 1 0 0
ST_DELIB 110 2 1 1 6 10 1 0 0
ST_DELIB 110 5 1 1 6 10 1 0 0
ST_DELIB 110 8 1 1 6 10 1 0 0
ST_DELIB 110 11 1 1 6 10 1 0 0
ST_DELIB 110 23 1 1 6 10 1 0 0
ST_DELIB 110 26 1 1 6 10 1 0 0
ST_DELIB 110 29 1 1 6 10 1 0 0
ST_DELIB 110 13 1 1 6 10 1 0 0
ST_DELIB 111 2 1 1 6 10 1 0 0
ST_DELIB 111 5 1 1 6 10 1 0 0
ST_DELIB 111 8 1 1 6 10 1 0 0
ST_DELIB 111 11 1 1 6 10 1 0 0
ST_DELIB 111 23 1 1 6 10 1 0 0
ST_DELIB 111 26 1 1 6 10 1 0 0
ST_DELIB 111 29 1 1 6 10 1 0 0
ST_DELIB 111 13 1 1 6 10 1 0 0
ST_DELIB 112 2 1 1 6 10 1 0 0
ST_DELIB 112 5 1 1 6 10 1 0 0
ST_DELIB 112 8 1 1 6 10 1 0 0
ST_DELIB 112 11 1 1 6 10 1 0 0
ST_DELIB 112 23 1 1 6 10 1 0 0
ST_DELIB 112 26 1 1 6 10 1 0 0
ST_DELIB 112 29 1 1 6 10 1 0 0
ST_DELIB 112 13 1 1 6 10 1 0 0
ST_DELIB 113 2 1 1 6 10 1 0 0
ST_DELIB 113 5 1 1 6 10 1 0 0
ST_DELIB 113 8 1 1 6 10 1 0 0
ST_DELIB 113 11 1 1 6 10 1 0 0
ST_DELIB 113 23 1 1 6 10 1 0 0
ST_DELIB 113 26 1 1 6 10 1 0 0
ST_DELIB 113 29 1 1 6 10 1 0 0
ST_DELIB 113 13 1 1 6 10 1 0 0
ST_DELIB 114 2 1 1 6 10 1 0 0
ST_DELIB 114 5 1 1 6 10 1 0 0
ST_DELIB 114 8 1 1 6 10 1 0 0
ST_DELIB 114 11 1 1 6 10 1 0 0
ST_DELIB 114 23 1 1 6 10 1 0 0
ST_DELIB 114 26 1 1 6 10 1 0 0
ST_DELIB 114 29 1 1 6 10 1 0 0
ST_DELIB 114 13 1 1 6 10 1 0 0
ST_DELIB 115 2 1 1 6 10 1 0 0
ST_DELIB 115 5 1 1 6 10 1 0 0
ST_DELIB 115 8 1 1 6 10 1 0 0
ST_DELIB 115 11 1 1 6 10 1 0 0
ST_DELIB 115 23 1 1 6 10 1 0 0
ST_DELIB 115 26 1 1 6 10 1 0 0
ST_DELIB 115 29 1 1 6 10 1 0 0
ST_DELIB 115 13 1 1 6 10 1 0 0
ST_DELIB 116 2 1 1 6 10 1 0 0
ST_DELIB 116 5 1 1 6 10 1 0 0
ST_DELIB 116 8 1 1 6 10 1 0 0
ST_DELIB 116 11 1 1 6 10 1 0 0
ST_DELIB 116 23 1 1 6 10 1 0 0
ST_DELIB 116 26 1 1 6 10 1 0 0
ST_DELIB 116 29 1 1 6 10 1 0 0
ST_DELIB 116 13 1 1 6 10 1 0 0
ST_DELIB 117 2 1 1 6 10 1 0 0
ST_DELIB 117 5 1 1 6 10 1 0 0
ST_DELIB 117 8 1 1 6 10 1 0 0
ST_DELIB 117 11 1 1 6 10 1 0 0
ST_DELIB 117 23 1 1 6 10 1 0 0
ST_DELIB 117 26 1 1 6 10 1 0 0
ST_DELIB 117 29 1 1 6 10 1 0 0
ST_DELIB 117 13 1 1 6 10 1 0 0
ST_DELIB 118 2 1 1 6 10 1 0 0
ST_DELIB 118 5 1 1 6 10 1 0 0
ST_DELIB 118 8 1 1 6 10 1 0 0
ST_DELIB 118 11 1 1 6 10 1 0 0
ST_DELIB 118 23 1 1 6 10 1 0 0
ST_DELIB 118 26 1 1 6 10 1 0 0
ST_DELIB 118 29 1 1 6 10 1 0 0
ST_DELIB 118 13 1 1 6 10 1 0 0
ST_DELIB 119 2 1 1 6 10 1 0 0
ST_DELIB 119 5 1 1 6 10 1 0 0
ST_DELIB 119 8 1 1 6 10 1 0 0
ST_DELIB 119 11 1 1 6 10 1 0 0
ST_DELIB 119 23 1 1 6 10 1 0 0
ST_DELIB 119 26 1 1 6 10 1 0 0
ST_DELIB 119 29 1 1 6 10 1 0 0
ST_DELIB 119 13 1 1 6 10 1 0 0
ST_DELIB 120 2 1 1 6 10 1 0 0
ST_DELIB 120 5 1 1 6 10 1 0 0
ST_DELIB 120 8 1 1 6 10 1 0 0
ST_DELIB 120 11 1 1 6 10 1 0 0
ST_DELIB 120 23 1 1 6 10 1 0 0
ST_DELIB 120 26 1 1 6 10 1 0 0
ST_DELIB 120 29 1 1 6 10 1 0 0
ST_DELIB 120 13 1 1 6 10 1 0 0
ST_DELIB 121 2 1 1 6 10 1 0 0
ST_DELIB 121 5 1 1 6 10 1 0 0
ST_DELIB 121 8 1 1 6 10 1 0 0
ST_DELIB 121 11 1 1 6 10 1 0 0
ST_DELIB 121 23 1 1 6 10 1 0 0
ST_DELIB 121 26 1 1 6 10 1 0 0
ST_DELIB 121 29 1 1 6 10 1 0 0
ST_DELIB 121 13 1 1 6 10 1 0 0
ST_DELIB 122 2 1 1 6 10 1 0 0
ST_DELIB 122 5 1 1 6 10 1 0 0
ST_DELIB 122 8 1 1 6 10 1 0 0
ST_DELIB 122 11 1 1 6 10 1 0 0
ST_DELIB 122 23 1 1 6 10 1 0 0
ST_DELIB 122 26 1 1 6 10 1 0 0
ST_DELIB 122 29 1 1 6 10 1 0 0
ST_DELIB 122 13 1 1 6 10 1 0 0
ST_DELIB 123 2 1 1 6 10 1 0 0
ST_DELIB 123 5 1 1 6 10 1 0 0
ST_DELIB 123 8 1 1 6 10 1 0 0
ST_DELIB 123 11 1 1 6 10 1 0 0
ST_DELIB 123 23 1 1 6 10 1 0 0
ST_DELIB 123 26 1 1 6 10 1 0 0
ST_DELIB 123 29 1 1 6 10 1 0 0
ST_DELIB 123 13 1 1 6 10 1 0 0
ST_DELIB 124 2 1 1 6 10 1 0 0
ST_DELIB 124 5 1 1 6 10 1 0 0
ST_DELIB 124 8 1 1 6 10 1 0 0
ST_DELIB 124 11 1 1 6 10 1 0 0
ST_DELIB 124 23 1 1 6 10 1 0 0
ST_DELIB 124 26 1 1 6 10 1 0 0
ST_DELIB 124 29 1 1 6 10 1 0 0
ST_DELIB 124 13 1 1 6 10 1 0 0
ST_TS 125 32 820 0 0 0 0 0 9 37 0 95 768 0 0 0 0
ST_DELIB 125 2 1 1 6 10 1 0 0
ST_DELIB 125 5 1 1 6 10 1 0 0
ST_DELIB 125 8 1 1 6 10 1 0 0
ST_DELIB 125 11 1 1 6 10 1 0 0
ST_DELIB 125 23 1 1 6 10 1 0 0
ST_DELIB 125 26 1 1 6 10 1 0 0
ST_DELIB 125 29 1 1 6 10 1 0 0
ST_DELIB 125 13 1 1 6 10 1 0 0
ST_DELIB 126 2 1 1 6 10 1 0 0
ST_DELIB 126 5 1 1 6 10 1 0 0
ST_DELIB 126 8 1 1 6 10 1 0 0
ST_DELIB 126 11 1 1 6 10 1 0 0
ST_DELIB 126 23 1 1 6 10 1 0 0
ST_DELIB 126 26 1 1 6 10 1 0 0
ST_DELIB 126 29 1 1 6 10 1 0 0
ST_DELIB 126 13 1 1 6 10 1 0 0
ST_DELIB 127 2 1 1 6 10 1 0 0
ST_DELIB 127 5 1 1 6 10 1 0 0
ST_DELIB 127 8 1 1 6 10 1 0 0
ST_DELIB 127 11 1 1 6 10 1 0 0
ST_DELIB 127 23 1 1 6 10 1 0 0
ST_DELIB 127 26 1 1 6 10 1 0 0
ST_DELIB 127 29 1 1 6 10 1 0 0
ST_DELIB 127 13 1 1 6 10 1 0 0
ST_DELIB 128 2 1 1 6 10 1 0 0
ST_DELIB 128 5 1 1 6 10 1 0 0
ST_DELIB 128 8 1 1 6 10 1 0 0
ST_DELIB 128 11 1 1 6 10 1 0 0
ST_DELIB 128 23 1 1 6 10 1 0 0
ST_DELIB 128 26 1 1 6 10 1 0 0
ST_DELIB 128 29 1 1 6 10 1 0 0
ST_DELIB 128 13 1 1 6 10 1 0 0
ST_DELIB 129 2 1 1 6 10 1 0 0
ST_DELIB 129 5 1 1 6 10 1 0 0
ST_DELIB 129 8 1 1 6 10 1 0 0
ST_DELIB 129 11 1 1 6 10 1 0 0
ST_DELIB 129 23 1 1 6 10 1 0 0
ST_DELIB 129 26 1 1 6 10 1 0 0
ST_DELIB 129 29 1 1 6 10 1 0 0
ST_DELIB 129 13 1 1 6 10 1 0 0
ST_DELIB 130 2 1 1 6 10 1 0 0
ST_DELIB 130 5 1 1 6 10 1 0 0
ST_DELIB 130 8 1 1 6 10 1 0 0
ST_DELIB 130 11 1 1 6 10 1 0 0
ST_DELIB 130 23 1 1 6 10 1 0 0
ST_DELIB 130 26 1 1 6 10 1 0 0
ST_DELIB 130 29 1 1 6 10 1 0 0
ST_DELIB 130 13 1 1 6 10 1 0 0
ST_DELIB 131 2 1 1 6 10 1 0 0
ST_DELIB 131 5 1 1 6 10 1 0 0
ST_DELIB 131 8 1 1 6 10 1 0 0
ST_DELIB 131 11 1 1 6 10 1 0 0
ST_DELIB 131 23 1 1 6 10 1 0 0
ST_DELIB 131 26 1 1 6 10 1 0 0
ST_DELIB 131 29 1 1 6 10 1 0 0
ST_DELIB 131 13 1 1 6 10 1 0 0
ST_DELIB 132 2 1 1 6 10 1 0 0
ST_DELIB 132 5 1 1 6 10 1 0 0
ST_DELIB 132 8 1 1 6 10 1 0 0
ST_DELIB 132 11 1 1 6 10 1 0 0
ST_DELIB 132 23 1 1 6 10 1 0 0
ST_DELIB 132 26 1 1 6 10 1 0 0
ST_DELIB 132 29 1 1 6 10 1 0 0
ST_DELIB 132 13 1 1 6 10 1 0 0
ST_DELIB 133 2 1 1 6 10 1 0 0
ST_DELIB 133 5 1 1 6 10 1 0 0
ST_DELIB 133 8 1 1 6 10 1 0 0
ST_DELIB 133 11 1 1 6 10 1 0 0
ST_DELIB 133 23 1 1 6 10 1 0 0
ST_DELIB 133 26 1 1 6 10 1 0 0
ST_DELIB 133 29 1 1 6 10 1 0 0
ST_DELIB 133 13 1 1 6 10 1 0 0
ST_DELIB 134 2 1 1 6 10 1 0 0
ST_DELIB 134 5 1 1 6 10 1 0 0
ST_DELIB 134 8 1 1 6 10 1 0 0
ST_DELIB 134 11 1 1 6 10 1 0 0
ST_DELIB 134 23 1 1 6 10 1 0 0
ST_DELIB 134 26 1 1 6 10 1 0 0
ST_DELIB 134 29 1 1 6 10 1 0 0
ST_DELIB 134 13 1 1 6 10 1 0 0
ST_DELIB 135 2 1 1 6 10 1 0 0
ST_DELIB 135 5 1 1 6 10 1 0 0
ST_DELIB 135 8 1 1 6 10 1 0 0
ST_DELIB 135 11 1 1 6 10 1 0 0
ST_DELIB 135 23 1 1 6 10 1 0 0
ST_DELIB 135 26 1 1 6 10 1 0 0
ST_DELIB 135 29 1 1 6 10 1 0 0
ST_DELIB 135 13 1 1 6 10 1 0 0
ST_DELIB 136 2 1 1 6 10 1 0 0
ST_DELIB 136 5 1 1 6 10 1 0 0
ST_DELIB 136 8 1 1 6 10 1 0 0
ST_DELIB 136 11 1 1 6 10 1 0 0
ST_DELIB 136 23 1 1 6 10 1 0 0
ST_DELIB 136 26 1 1 6 10 1 0 0
ST_DELIB 136 29 1 1 6 10 1 0 0
ST_DELIB 136 13 1 1 6 10 1 0 0
ST_DELIB 137 2 1 1 6 10 1 0 0
ST_DELIB 137 5 1 1 6 10 1 0 0
ST_DELIB 137 8 1 1 6 10 1 0 0
ST_DELIB 137 11 1 1 6 10 1 0 0
ST_DELIB 137 23 1 1 6 10 1 0 0
ST_DELIB 137 26 1 1 6 10 1 0 0
ST_DELIB 137 29 1 1 6 10 1 0 0
ST_DELIB 137 13 1 1 6 10 1 0 0
ST_DELIB 138 2 1 1 6 10 1 0 0
ST_DELIB 138 5 1 1 6 10 1 0 0
ST_DELIB 138 8 1 1 6 10 1 0 0
ST_DELIB 138 11 1 1 6 10 1 0 0
ST_DELIB 138 23 1 1 6 10 1 0 0
ST_DELIB 138 26 1 1 6 10 1 0 0
ST_DELIB 138 29 1 1 6 10 1 0 0
ST_DELIB 138 13 1 1 6 10 1 0 0
ST_DELIB 139 2 1 1 6 10 1 0 0
ST_DELIB 139 5 1 1 6 10 1 0 0
ST_DELIB 139 8 1 1 6 10 1 0 0
ST_DELIB 139 11 1 1 6 10 1 0 0
ST_DELIB 139 23 1 1 6 10 1 0 0
ST_DELIB 139 26 1 1 6 10 1 0 0
ST_DELIB 139 29 1 1 6 10 1 0 0
ST_DELIB 139 13 1 1 6 10 1 0 0
ST_DELIB 140 2 1 1 6 10 1 0 0
ST_DELIB 140 5 1 1 6 10 1 0 0
ST_DELIB 140 8 1 1 6 10 1 0 0
ST_DELIB 140 11 1 1 6 10 1 0 0
ST_DELIB 140 23 1 1 6 10 1 0 0
ST_DELIB 140 26 1 1 6 10 1 0 0
ST_DELIB 140 29 1 1 6 10 1 0 0
ST_DELIB 140 13 1 1 6 10 1 0 0
ST_DELIB 141 2 1 1 6 10 1 0 0
ST_DELIB 141 5 1 1 6 10 1 0 0
ST_DELIB 141 8 1 1 6 10 1 0 0
ST_DELIB 141 11 1 1 6 10 1 0 0
ST_DELIB 141 23 1 1 6 10 1 0 0
ST_DELIB 141 26 1 1 6 10 1 0 0
ST_DELIB 141 29 1 1 6 10 1 0 0
ST_DELIB 141 13 1 1 6 10 1 0 0
ST_DELIB 142 2 1 1 6 10 1 0 0
ST_DELIB 142 5 1 1 6 10 1 0 0
ST_DELIB 142 8 1 1 6 10 1 0 0
ST_DELIB 142 11 1 1 6 10 1 0 0
ST_DELIB 142 23 1 1 6 10 1 0 0
ST_DELIB 142 26 1 1 6 10 1 0 0
ST_DELIB 142 29 1 1 6 10 1 0 0
ST_DELIB 142 13 1 1 6 10 1 0 0
ST_DELIB 143 2 1 1 6 10 1 0 0
ST_DELIB 143 5 1 1 6 10 1 0 0
ST_DELIB 143 8 1 1 6 10 1 0 0
ST_DELIB 143 11 1 1 6 10 1 0 0
ST_DELIB 143 23 1 1 6 10 1 0 0
ST_DELIB 143 26 1 1 6 10 1 0 0
ST_DELIB 143 29 1 1 6 10 1 0 0
ST_DELIB 143 13 1 1 6 10 1 0 0
ST_DELIB 144 2 1 1 6 10 1 0 0
ST_DELIB 144 5 1 1 6 10 1 0 0
ST_DELIB 144 8 1 1 6 10 1 0 0
ST_DELIB 144 11 1 1 6 10 1 0 0
ST_DELIB 144 23 1 1 6 10 1 0 0
ST_DELIB 144 26 1 1 6 10 1 0 0
ST_DELIB 144 29 1 1 6 10 1 0 0
ST_DELIB 144 13 1 1 6 10 1 0 0
ST_DELIB 145 2 1 1 6 10 1 0 0
ST_DELIB 145 5 1 1 6 10 1 0 0
ST_DELIB 145 8 1 1 6 10 1 0 0
ST_DELIB 145 11 1 1 6 10 1 0 0
ST_DELIB 145 23 1 1 6 10 1 0 0
ST_DELIB 145 26 1 1 6 10 1 0 0
ST_DELIB 145 29 1 1 6 10 1 0 0
ST_DELIB 145 13 1 1 6 10 1 0 0
ST_DELIB 146 2 1 1 6 10 1 0 0
ST_DELIB 146 5 1 1 6 10 1 0 0
ST_DELIB 146 8 1 1 6 10 1 0 0
ST_DELIB 146 11 1 1 6 10 1 0 0
ST_DELIB 146 23 1 1 6 10 1 0 0
ST_DELIB 146 26 1 1 6 10 1 0 0
ST_DELIB 146 29 1 1 6 10 1 0 0
ST_DELIB 146 13 1 1 6 10 1 0 0
ST_DELIB 147 2 1 1 6 10 1 0 0
ST_DELIB 147 5 1 1 6 10 1 0 0
ST_DELIB 147 8 1 1 6 10 1 0 0
ST_DELIB 147 11 1 1 6 10 1 0 0
ST_DELIB 147 23 1 1 6 10 1 0 0
ST_DELIB 147 26 1 1 6 10 1 0 0
ST_DELIB 147 29 1 1 6 10 1 0 0
ST_DELIB 147 13 1 1 6 10 1 0 0
ST_DELIB 148 2 1 1 6 10 1 0 0
ST_DELIB 148 5 1 1 6 10 1 0 0
ST_DELIB 148 8 1 1 6 10 1 0 0
ST_DELIB 148 11 1 1 6 10 1 0 0
ST_DELIB 148 23 1 1 6 10 1 0 0
ST_DELIB 148 26 1 1 6 10 1 0 0
ST_DELIB 148 29 1 1 6 10 1 0 0
ST_DELIB 148 13 1 1 6 10 1 0 0
ST_DELIB 149 2 1 1 6 10 1 0 0
ST_DELIB 149 5 1 1 6 10 1 0 0
ST_DELIB 149 8 1 1 6 10 1 0 0
ST_DELIB 149 11 1 1 6 10 1 0 0
ST_DELIB 149 23 1 1 6 10 1 0 0
ST_DELIB 149 26 1 1 6 10 1 0 0
ST_DELIB 149 29 1 1 6 10 1 0 0
ST_DELIB 149 13 1 1 6 10 1 0 0
ST_TS 150 32 1020 0 0 0 0 0 9 45 0 120 968 0 0 0 0
ST_DELIB 150 2 1 1 6 10 1 0 0
ST_DELIB 150 5 1 1 6 10 1 0 0
ST_DELIB 150 8 1 1 6 10 1 0 0
ST_DELIB 150 11 1 1 6 10 1 0 0
ST_DELIB 150 23 1 1 6 10 1 0 0
ST_DELIB 150 26 1 1 6 10 1 0 0
ST_DELIB 150 29 1 1 6 10 1 0 0
ST_DELIB 150 13 1 1 6 10 1 0 0
ST_DELIB 151 2 1 1 6 10 1 0 0
ST_DELIB 151 5 1 1 6 10 1 0 0
ST_DELIB 151 8 1 1 6 10 1 0 0
ST_DELIB 151 11 1 1 6 10 1 0 0
ST_DELIB 151 23 1 1 6 10 1 0 0
ST_DELIB 151 26 1 1 6 10 1 0 0
ST_DELIB 151 29 1 1 6 10 1 0 0
ST_DELIB 151 13 1 1 6 10 1 0 0
ST_DELIB 152 2 1 1 6 10 1 0 0
ST_DELIB 152 5 1 1 6 10 1 0 0
ST_DELIB 152 8 1 1 6 10 1 0 0
ST_DELIB 152 11 1 1 6 10 1 0 0
ST_DELIB 152 23 1 1 6 10 1 0 0
ST_DELIB 152 26 1 1 6 10 1 0 0
ST_DELIB 152 29 1 1 6 10 1 0 0
ST_DELIB 152 13 1 1 6 10 1 0 0
ST_DELIB 153 2 1 1 6 10 1 0 0
ST_DELIB 153 5 1 1 6 10 1 0 0
ST_DELIB 153 8 1 1 6 10 1 0 0
ST_DELIB 153 11 1 1 6 10 1 0 0
ST_DELIB 153 23 1 1 6 10 1 0 0
ST_DELIB 153 26 1 1 6 10 1 0 0
ST_DELIB 153 29 1 1 6 10 1 0 0
ST_DELIB 153 13 1 1 6 10 1 0 0
ST_DELIB 154 2 1 1 6 10 1 0 0
ST_DELIB 154 5 1 1 6 10 1 0 0
ST_DELIB 154 8 1 1 6 10 1 0 0
ST_DELIB 154 11 1 1 6 10 1 0 0
ST_DELIB 154 23 1 1 6 10 1 0 0
ST_DELIB 154 26 1 1 6 10 1 0 0
ST_DELIB 154 29 1 1 6 10 1 0 0
ST_DELIB 154 13 1 1 6 10 1 0 0
ST_DELIB 155 2 1 1 6 10 1 0 0
ST_DELIB 155 5 1 1 6 10 1 0 0
ST_DELIB 155 8 1 1 6 10 1 0 0
ST_DELIB 155 11 1 1 6 10 1 0 0
ST_DELIB 155 23 1 1 6 10 1 0 0
ST_DELIB 155 26 1 1 6 10 1 0 0
ST_DELIB 155 29 1 1 6 10 1 0 0
ST_DELIB 155 13 1 1 6 10 1 0 0
ST_DELIB 156 2 1 1 6 10 1 0 0
ST_DELIB 156 5 1 1 6 10 1 0 0
ST_DELIB 156 8 1 1 6 10 1 0 0
ST_DELIB 156 11 1 1 6 10 1 0 0
ST_DELIB 156 23 1 1 6 10 1 0 0
ST_DELIB 156 26 1 1 6 10 1 0 0
ST_DELIB 156 29 1 1 6 10 1 0 0
ST_DELIB 156 13 1 1 6 10 1 0 0
ST_DELIB 157 2 1 1 6 10 1 0 0
ST_DELIB 157 5 1 1 6 10 1 0 0
ST_DELIB 157 8 1 1 6 10 1 0 0
ST_DELIB 157 11 1 1 6 10 1 0 0
ST_DELIB 157 23 1 1 6 10 1 0 0
ST_DELIB 157 26 1 1 6 10 1 0 0
ST_DELIB 157 29 1 1 6 10 1 0 0
ST_DELIB 157 13 1 1 6 10 1 0 0
ST_DELIB 158 2 1 1 6 10 1 0 0
ST_DELIB 158 5 1 1 6 10 1 0 0
ST_DELIB 158 8 1 1 6 10 1 0 0
ST_DELIB 158 11 1 1 6 10 1 0 0
ST_DELIB 158 23 1 1 6 10 1 0 0
ST_DELIB 158 26 1 1 6 10 1 0 0
ST_DELIB 158 29 1 1 6 10 1 0 0
ST_DELIB 158 13 1 1 6 10 1 0 0
ST_DELIB 159 2 1 1 6 10 1 0 0
ST_DELIB 159 5 1 1 6 10 1 0 0
ST_DELIB 159 8 1 1 6 10 1 0 0
ST_DELIB 159 11 1 1 6 10 1 0 0
ST_DELIB 159 23 1 1 6 10 1 0 0
ST_DELIB 159 26 1 1 6 10 1 0 0
ST_DELIB 159 29 1 1 6 10 1 0 0
ST_DELIB 159 13 1 1 6 10 1 0 0
ST_DELIB 160 2 1 1 6 10 1 0 0
ST_DELIB 160 5 1 1 6 10 1 0 0
ST_DELIB 160 8 1 1 6 10 1 0 0
ST_DELIB 160 11 1 1 6 10 1 0 0
ST_DELIB 160 23 1 1 6 10 1 0 0
ST_DELIB 160 26 1 1 6 10 1 0 0
ST_DELIB 160 29 1 1 6 10 1 0 0
ST_DELIB 160 13 1 1 6 10 1 0 0
ST_DELIB 161 2 1 1 6 10 1 0 0
ST_DELIB 161 5 1 1 6 10 1 0 0
ST_DELIB 161 8 1 1 6 10 1 0 0
ST_DELIB 161 11 1 1 6 10 1 0 0
ST_DELIB 161 23 1 1 6 10 1 0 0
ST_DELIB 161 26 1 1 6 10 1 0 0
ST_DELIB 161 29 1 1 6 10 1 0 0
ST_DELIB 161 13 1 1 6 10 1 0 0
ST_DELIB 162 2 1 1 6 10 1 0 0
ST_DELIB 162 5 1 1 6 10 1 0 0
ST_DELIB 162 8 1 1 6 10 1 0 0
ST_DELIB 162 11 1 1 6 10 1 0 0
ST_DELIB 162 23 1 1 6 10 1 0 0
ST_DELIB 162 26 1 1 6 10 1 0 0
ST_DELIB 162 29 1 1 6 10 1 0 0
ST_DELIB 162 13 1 1 6 10 1 0 0
ST_DELIB 163 2 1 1 6 10 1 0 0
ST_DELIB 163 5 1 1 6 10 1 0 0
ST_DELIB 163 8 1 1 6 10 1 0 0
ST_DELIB 163 11 1 1 6 10 1 0 0
ST_DELIB 163 23 1 1 6 10 1 0 0
ST_DELIB 163 26 1 1 6 10 1 0 0
ST_DELIB 163 29 1 1 6 10 1 0 0
ST_DELIB 163 13 1 1 6 10 1 0 0
ST_DELIB 164 2 1 1 6 10 1 0 0
ST_DELIB 164 5 1 1 6 10 1 0 0
ST_DELIB 164 8 1 1 6 10 1 0 0
ST_DELIB 164 11 1 1 6 10 1 0 0
ST_DELIB 164 23 1 1 6 10 1 0 0
ST_DELIB 164 26 1 1 6 10 1 0 0
ST_DELIB 164 29 1 1 6 10 1 0 0
ST_DELIB 164 13 1 1 6 10 1 0 0
ST_DELIB 165 2 1 1 6 10 1 0 0
ST_DELIB 165 5 1 1 6 10 1 0 0
ST_DELIB 165 8 1 1 6 10 1 0 0
ST_DELIB 165 11 1 1 6 10 1 0 0
ST_DELIB 165 23 1 1 6 10 1 0 0
ST_DELIB 165 26 1 1 6 10 1 0 0
ST_DELIB 165 29 1 1 6 10 1 0 0
ST_DELIB 165 13 1 1 6 10 1 0 0
ST_DELIB 166 2 1 1 6 10 1 0 0
ST_DELIB 166 5 1 1 6 10 1 0 0
ST_DELIB 166 8 1 1 6 10 1 0 0
ST_DELIB 166 11 1 1 6 10 1 0 0
ST_DELIB 166 23 1 1 6 10 1 0 0
ST_DELIB 166 26 1 1 6 10 1 0 0
ST_DELIB 166 29 1 1 6 10 1 0 0
ST_DELIB 166 13 1 1 6 10 1 0 0
ST_DELIB 167 2 1 1 6 10 1 0 0
ST_DELIB 167 5 1 1 6 10 1 0 0
ST_DELIB 167 8 1 1 6 10 1 0 0
ST_DELIB 167 11 1 1 6 10 1 0 0
ST_DELIB 167 23 1 1 6 10 1 0 0
ST_DELIB 167 26 1 1 6 10 1 0 0
ST_DELIB 167 29 1 1 6 10 1 0 0
ST_DELIB 167 13 1 1 6 10 1 0 0
ST_DELIB 168 2 1 1 6 10 1 0 0
ST_DELIB 168 5 1 1 6 10 1 0 0
ST_DELIB 168 8 1 1 6 10 1 0 0
ST_DELIB 168 11 1 1 6 10 1 0 0
ST_DELIB 168 23 1 1 6 10 1 0 0
ST_DELIB 168 26 1 1 6 10 1 0 0
ST_DELIB 168 29 1 1 6 10 1 0 0
ST_DELIB 168 13 1 1 6 10 1 0 0
ST_DELIB 169 2 1 1 6 10 1 0 0
ST_DELIB 169 5 1 1 6 10 1 0 0
ST_DELIB 169 8 1 1 6 10 1 0 0
ST_DELIB 169 11 1 1 6 10 1 0 0
ST_DELIB 169 23 1 1 6 10 1 0 0
ST_DELIB 169 26 1 1 6 10 1 0 0
ST_DELIB 169 29 1 1 6 10 1 0 0
ST_DELIB 169 13 1 1 6 10 1 0 0
ST_DELIB 170 2 1 1 6 10 1 0 0
ST_DELIB 170 5 1 1 6 10 1 0 0
ST_DELIB 170 8 1 1 6 10 1 0 0
ST_DELIB 170 11 1 1 6 10 1 0 0
ST_DELIB 170 23 1 1 6 10 1 0 0
ST_DELIB 170 26 1 1 6 10 1 0 0
ST_DELIB 170 29 1 1 6 10 1 0 0
ST_DELIB 170 13 1 1 6 10 1 0 0
ST_DELIB 171 2 1 1 6 10 1 0 0
ST_DELIB 171 5 1 1 6 10 1 0 0
ST_DELIB 171 8 1 1 6 10 1 0 0
ST_DELIB 171 11 1 1 6 10 1 0 0
ST_DELIB 171 23 1 1 6 10 1 0 0
ST_DELIB 171 26 1 1 6 10 1 0 0
ST_DELIB 171 29 1 1 6 10 1 0 0
ST_DELIB 171 13 1 1 6 10 1 0 0
ST_DELIB 172 2 1 1 6 10 1 0 0
ST_DELIB 172 5 1 1 6 10 1 0 0
ST_DELIB 172 8 1 1 6 10 1 0 0
ST_DELIB 172 11 1 1 6 10 1 0 0
ST_DELIB 172 23 1 1 6 10 1 0 0
ST_DELIB 172 26 1 1 6 10 1 0 0
ST_DELIB 172 29 1 1 6 10 1 0 0
ST_DELIB 172 13 1 1 6 10 1 0 0
ST_DELIB 173 2 1 1 6 10 1 0 0
ST_DELIB 173 5 1 1 6 10 1 0 0
ST_DELIB 173 8 1 1 6 10 1 0 0
ST_DELIB 173 11 1 1 6 10 1 0 0
ST_DELIB 173 23 1 1 6 10 1 0 0
ST_DELIB 173 26 1 1 6 10 1 0 0
ST_DELIB 173 29 1 1 6 10 1 0 0
ST_DELIB 173 13 1 1 6 10 1 0 0
ST_DELIB 174 2 1 1 6 10 1 0 0
ST_DELIB 174 5 1 1 6 10 1 0 0
ST_DELIB 174 8 1 1 6 10 1 0 0
ST_DELIB 174 11 1 1 6 10 1 0 0
ST_DELIB 174 23 1 1 6 10 1 0 0
ST_DELIB 174 26 1 1 6 10 1 0 0
ST_DELIB 174 29 1 1 6 10 1 0 0
ST_DELIB 174 13 1 1 6 10 1 0 0
ST_TS 175 32 1220 0 0 0 0 0 9 52 0 145 1168 0 0 0 0
ST_DELIB 175 2 1 1 6 10 1 0 0
ST_DELIB 175 5 1 1 6 10 1 0 0
ST_DELIB 175 8 1 1 6 10 1 0 0
ST_DELIB 175 11 1 1 6 10 1 0 0
ST_DELIB 175 23 1 1 6 10 1 0 0
ST_DELIB 175 26 1 1 6 10 1 0 0
ST_DELIB 175 29 1 1 6 10 1 0 0
ST_DELIB 175 13 1 1 6 10 1 0 0
ST_DELIB 176 2 1 1 6 10 1 0 0
ST_DELIB 176 5 1 1 6 10 1 0 0
ST_DELIB 176 8 1 1 6 10 1 0 0
ST_DELIB 176 11 1 1 6 10 1 0 0
ST_DELIB 176 23 1 1 6 10 1 0 0
ST_DELIB 176 26 1 1 6 10 1 0 0
ST_DELIB 176 29 1 1 6 10 1 0 0
ST_DELIB 176 13 1 1 6 10 1 0 0
ST_DELIB 177 2 1 1 6 10 1 0 0
ST_DELIB 177 5 1 1 6 10 1 0 0
ST_DELIB 177 8 1 1 6 10 1 0 0
ST_DELIB 177 11 1 1 6 10 1 0 0
ST_DELIB 177 23 1 1 6 10 1 0 0
ST_DELIB 177 26 1 1 6 10 1 0 0
ST_DELIB 177 29 1 1 6 10 1 0 0
ST_DELIB 177 13 1 1 6 10 1 0 0
ST_DELIB 178 2 1 1 6 10 1 0 0
ST_DELIB 178 5 1 1 6 10 1 0 0
ST_DELIB 178 8 1 1 6 10 1 0 0
ST_DELIB 178 11 1 1 6 10 1 0 0
ST_DELIB 178 23 1 1 6 10 1 0 0
ST_DELIB 178 26 1 1 6 10 1 0 0
ST_DELIB 178 29 1 1 6 10 1 0 0
ST_DELIB 178 13 1 1 6 10 1 0 0
ST_DELIB 179 2 1 1 6 10 1 0 0
ST_DELIB 179 5 1 1 6 10 1 0 0
ST_DELIB 179 8 1 1 6 10 1 0 0
ST_DELIB 179 11 1 1 6 10 1 0 0
ST_DELIB 179 23 1 1 6 10 1 0 0
ST_DELIB 179 26 1 1 6 10 1 0 0
ST_DELIB 179 29 1 1 6 10 1 0 0
ST_DELIB 179 13 1 1 6 10 1 0 0
ST_DELIB 180 2 1 1 6 10 1 0 0
ST_DELIB 180 5 1 1 6 10 1 0 0
ST_DELIB 180 8 1 1 6 10 1 0 0
ST_DELIB 180 11 1 1 6 10 1 0 0
ST_DELIB 180 23 1 1 6 10 1 0 0
ST_DELIB 180 26 1 1 6 10 1 0 0
ST_DELIB 180 29 1 1 6 10 1 0 0
ST_DELIB 180 13 1 1 6 10 1 0 0
ST_DELIB 181 2 1 1 6 10 1 0 0
ST_DELIB 181 5 1 1 6 10 1 0 0
ST_DELIB 181 8 1 1 6 10 1 0 0
ST_DELIB 181 11 1 1 6 10 1 0 0
ST_DELIB 181 23 1 1 6 10 1 0 0
ST_DELIB 181 26 1 1 6 10 1 0 0
ST_DELIB 181 29 1 1 6 10 1 0 0
ST_DELIB 181 13 1 1 6 10 1 0 0
ST_DELIB 182 2 1 1 6 10 1 0 0
ST_DELIB 182 5 1 1 6 10 1 0 0
ST_DELIB 182 8 1 1 6 10 1 0 0
ST_DELIB 182 11 1 1 6 10 1 0 0
ST_DELIB 182 23 1 1 6 10 1 0 0
ST_DELIB 182 26 1 1 6 10 1 0 0
ST_DELIB 182 29 1 1 6 10 1 0 0
ST_DELIB 182 13 1 1 6 10 1 0 0
ST_DELIB 183 2 1 1 6 10 1 0 0
ST_DELIB 183 5 1 1 6 10 1 0 0
ST_DELIB 183 8 1 1 6 10 1 0 0
ST_DELIB 183 11 1 1 6 10 1 0 0
ST_DELIB 183 23 1 1 6 10 1 0 0
ST_DELIB 183 26 1 1 6 10 1 0 0
ST_DELIB 183 29 1 1 6 10 1 0 0
ST_DELIB 183 13 1 1 6 10 1 0 0
ST_DELIB 184 2 1 1 6 10 1 0 0
ST_DELIB 184 5 1 1 6 10 1 0 0
ST_DELIB 184 8 1 1 6 10 1 0 0
ST_DELIB 184 11 1 1 6 10 1 0 0
ST_DELIB 184 23 1 1 6 10 1 0 0
ST_DELIB 184 26 1 1 6 10 1 0 0
ST_DELIB 184 29 1 1 6 10 1 0 0
ST_DELIB 184 13 1 1 6 10 1 0 0
ST_DELIB 185 2 1 1 6 10 1 0 0
ST_DELIB 185 5 1 1 6 10 1 0 0
ST_DELIB 185 8 1 1 6 10 1 0 0
ST_DELIB 185 11 1 1 6 10 1 0 0
ST_DELIB 185 23 1 1 6 10 1 0 0
ST_DELIB 185 26 1 1 6 10 1 0 0
ST_DELIB 185 29 1 1 6 10 1 0 0
ST_DELIB 185 13 1 1 6 10 1 0 0
ST_DELIB 186 2 1 1 6 10 1 0 0
ST_DELIB 186 5 1 1 6 10 1 0 0
ST_DELIB 186 8 1 1 6 10 1 0 0
ST_DELIB 186 11 1 1 6 10 1 0 0
ST_DELIB 186 23 1 1 6 10 1 0 0
ST_DELIB 186 26 1 1 6 10 1 0 0
ST_DELIB 186 29 1 1 6 10 1 0 0
ST_DELIB 186 13 1 1 6 10 1 0 0
ST_DELIB 187 2 1 1 6 10 1 0 0
ST_DELIB 187 5 1 1 6 10 1 0 0
ST_DELIB 187 8 1 1 6 10 1 0 0
ST_DELIB 187 11 1 1 6 10 1 0 0
ST_DELIB 187 23 1 1 6 10 1 0 0
ST_DELIB 187 26 1 1 6 10 1 0 0
ST_DELIB 187 29 1 1 6 10 1 0 0
ST_DELIB 187 13 1 1 6 10 1 0 0
ST_DELIB 188 2 1 1 6 10 1 0 0
ST_DELIB 188 5 1 1 6 10 1 0 0
ST_DELIB 188 8 1 1 6 10 1 0 0
ST_DELIB 188 11 1 1 6 10 1 0 0
ST_DELIB 188 23 1 1 6 10 1 0 0
ST_DELIB 188 26 1 1 6 10 1 0 0
ST_DELIB 188 29 1 1 6 10 1 0 0
ST_DELIB 188 13 1 1 6 10 1 0 0
ST_DELIB 189 2 1 1 6 10 1 0 0
ST_DELIB 189 5 1 1 6 10 1 0 0
ST_DELIB 189 8 1 1 6 10 1 0 0
ST_DELIB 189 11 1 1 6 10 1 0 0
ST_DELIB 189 23 1 1 6 10 1 0 0
ST_DELIB 189 26 1 1 6 10 1 0 0
ST_DELIB 189 29 1 1 6 10 1 0 0
ST_DELIB 189 13 1 1 6 10 1 0 0
ST_DELIB 190 2 1 1 6 10 1 0 0
ST_DELIB 190 5 1 1 6 10 1 0 0
ST_DELIB 190 8 1 1 6 10 1 0 0
ST_DELIB 190 11 1 1 6 10 1 0 0
ST_DELIB 190 23 1 1 6 10 1 0 0
ST_DELIB 190 26 1 1 6 10 1 0 0
ST_DELIB 190 29 1 1 6 10 1 0 0
ST_DELIB 190 13 1 1 6 10 1 0 0
ST_DELIB 191 2 1 1 6 10 1 0 0
ST_DELIB 191 5 1 1 6 10 1 0 0
ST_DELIB 191 8 1 1 6 10 1 0 0
ST_DELIB 191 11 1 1 6 10 1 0 0
ST_DELIB 191 23 1 1 6 10 1 0 0
ST_DELIB 191 26 1 1 6 10 1 0 0
ST_DELIB 191 29 1 1 6 10 1 0 0
ST_DELIB 191 13 1 1 6 10 1 0 0
ST_DELIB 192 2 1 1 6 10 1 0 0
ST_DELIB 192 5 1 1 6 10 1 0 0
ST_DELIB 192 8 1 1 6 10 1 0 0
ST_DELIB 192 11 1 1 6 10 1 0 0
ST_DELIB 192 23 1 1 6 10 1 0 0
ST_DELIB 192 26 1 1 6 10 1 0 0
ST_DELIB 192 29 1 1 6 10 1 0 0
ST_DELIB 192 13 1 1 6 10 1 0 0
ST_DELIB 193 2 1 1 6 10 1 0 0
ST_DELIB 193 5 1 1 6 10 1 0 0
ST_DELIB 193 8 1 1 6 10 1 0 0
ST_DELIB 193 11 1 1 6 10 1 0 0
ST_DELIB 193 23 1 1 6 10 1 0 0
ST_DELIB 193 26 1 1 6 10 1 0 0
ST_DELIB 193 29 1 1 6 10 1 0 0
ST_DELIB 193 13 1 1 6 10 1 0 0
ST_DELIB 194 2 1 1 6 10 1 0 0
ST_DELIB 194 5 1 1 6 10 1 0 0
ST_DELIB 194 8 1 1 6 10 1 0 0
ST_DELIB 194 11 1 1 6 10 1 0 0
ST_DELIB 194 23 1 1 6 10 1 0 0
ST_DELIB 194 26 1 1 6 10 1 0 0
ST_DELIB 194 29 1 1 6 10 1 0 0
ST_DELIB 194 13 1 1 6 10 1 0 0
ST_DELIB 195 2 1 1 6 10 1 0 0
ST_DELIB 195 5 1 1 6 10 1 0 0
ST_DELIB 195 8 1 1 6 10 1 0 0
ST_DELIB 195 11 1 1 6 10 1 0 0
ST_DELIB 195 23 1 1 6 10 1 0 0
ST_DELIB 195 26 1 1 6 10 1 0 0
ST_DELIB 195 29 1 1 6 10 1 0 0
ST_DELIB 195 13 1 1 6 10 1 0 0
ST_DELIB 196 2 1 1 6 10 1 0 0
ST_DELIB 196 5 1 1 6 10 1 0 0
ST_DELIB 196 8 1 1 6 10 1 0 0
ST_DELIB 196 11 1 1 6 10 1 0 0
ST_DELIB 196 23 1 1 6 10 1 0 0
ST_DELIB 196 26 1 1 6 10 1 0 0
ST_DELIB 196 29 1 1 6 10 1 0 0
ST_DELIB 196 13 1 1 6 10 1 0 0
ST_DELIB 197 2 1 1 6 10 1 0 0
ST_DELIB 197 5 1 1 6 10 1 0 0
ST_DELIB 197 8 1 1 6 10 1 0 0
ST_DELIB 197 11 1 1 6 10 1 0 0
ST_DELIB 197 23 1 1 6 10 1 0 0
ST_DELIB 197 26 1 1 6 10 1 0 0
ST_DELIB 197 29 1 1 6 10 1 0 0
ST_DELIB 197 13 1 1 6 10 1 0 0
ST_DELIB 198 2 1 1 6 10 1 0 0
ST_DELIB 198 5 1 1 6 10 1 0 0
ST_DELIB 198 8 1 1 6 10 1 0 0
ST_DELIB 198 11 1 1 6 10 1 0 0
ST_DELIB 198 23 1 1 6 10 1 0 0
ST_DELIB 198 26 1 1 6 10 1 0 0
ST_DELIB 198 29 1 1 6 10 1 0 0
ST_DELIB 198 13 1 1 6 10 1 0 0
ST_DELIB 199 2 1 1 6 10 1 0 0
ST_DELIB 199 5 1 1 6 10 1 0 0
ST_DELIB 199 8 1 1 6 10 1 0 0
ST_DELIB 199 11 1 1 6 10 1 0 0
ST_DELIB 199 23 1 1 6 10 1 0 0
ST_DELIB 199 26 1 1 6 10 1 0 0
ST_DELIB 199 29 1 1 6 10 1 0 0
ST_DELIB 199 13 1 1 6 10 1 0 0
ST_TS 200 32 1420 0 0 0 0 0 9 60 0 170 1368 0 0 0 0
ST_DELIB 200 2 1 1 6 10 1 0 0
ST_DELIB 200 5 1 1 6 10 1 0 0
ST_DELIB 200 8 1 1 6 10 1 0 0
ST_DELIB 200 11 1 1 6 10 1 0 0
ST_DELIB 200 23 1 1 6 10 1 0 0
ST_DELIB 200 26 1 1 6 10 1 0 0
ST_DELIB 200 29 1 1 6 10 1 0 0
ST_DELIB 200 13 1 1 6 10 1 0 0
ST_DELIB 200 2 2 1 6 10 1 0 0
ST_DELIB 200 5 2 1 6 10 1 0 0
ST_DELIB 200 8 2 1 6 10 1 0 0
ST_DELIB 200 11 2 1 6 10 1 0 0
ST_DELIB 200 23 2 1 6 10 1 0 0
ST_DELIB 200 26 2 1 6 10 1 0 0
ST_DELIB 200 29 2 1 6 10 1 0 0
ST_DELIB 200 13 2 1 6 10 1 0 0
ST_DELIB 201 2 1 1 6 10 1 0 0
ST_DELIB 201 5 1 1 6 10 1 0 0
ST_DELIB 201 8 1 1 6 10 1 0 0
ST_DELIB 201 11 1 1 6 10 1 0 0
ST_DELIB 201 23 1 1 6 10 1 0 0
ST_DELIB 201 26 1 1 6 10 1 0 0
ST_DELIB 201 29 1 1 6 10 1 0 0
ST_DELIB 201 13 1 1 6 10 1 0 0
ST_DELIB 202 2 1 1 6 10 1 0 0
ST_DELIB 202 5 1 1 6 10 1 0 0
ST_DELIB 202 8 1 1 6 10 1 0 0
ST_DELIB 202 11 1 1 6 10 1 0 0
ST_DELIB 202 23 1 1 6 10 1 0 0
ST_DELIB 202 26 1 1 6 10 1 0 0
ST_DELIB 202 29 1 1 6 10 1 0 0
ST_DELIB 202 13 1 1 6 10 1 0 0
ST_DELIB 203 2 1 1 6 10 1 0 0
ST_DELIB 203 5 1 1 6 10 1 0 0
ST_DELIB 203 8 1 1 6 10 1 0 0
ST_DELIB 203 11 1 1 6 10 1 0 0
ST_DELIB 203 23 1 1 6 10 1 0 0
ST_DELIB 203 26 1 1 6 10 1 0 0
ST_DELIB 203 29 1 1 6 10 1 0 0
ST_DELIB 203 13 1 1 6 10 1 0 0
ST_DELIB 204 2 1 1 6 10 1 0 0
ST_DELIB 204 5 1 1 6 10 1 0 0
ST_DELIB 204 8 1 1 6 10 1 0 0
ST_DELIB 204 11 1 1 6 10 1 0 0
ST_DELIB 204 23 1 1 6 10 1 0 0
ST_DELIB 204 26 1 1 6 10 1 0 0
ST_DELIB 204 29 1 1 6 10 1 0 0
ST_DELIB 204 13 1 1 6 10 1 0 0
ST_DELIB 205 2 1 1 6 10 1 0 0
ST_DELIB 205 5 1 1 6 10 1 0 0
ST_DELIB 205 8 1 1 6 10 1 0 0
ST_DELIB 205 11 1 1 6 10 1 0 0
ST_DELIB 205 23 1 1 6 10 1 0 0
ST_DELIB 205 26 1 1 6 10 1 0 0
ST_DELIB 205 29 1 1 6 10 1 0 0
ST_DELIB 205 13 1 1 6 10 1 0 0
ST_DELIB 206 2 1 1 6 10 1 0 0
ST_DELIB 206 5 1 1 6 10 1 0 0
ST_DELIB 206 8 1 1 6 10 1 0 0
ST_DELIB 206 11 1 1 6 10 1 0 0
ST_DELIB 206 23 1 1 6 10 1 0 0
ST_DELIB 206 26 1 1 6 10 1 0 0
ST_DELIB 206 29 1 1 6 10 1 0 0
ST_DELIB 206 13 1 1 6 10 1 0 0
ST_DELIB 207 2 1 1 6 10 1 0 0
ST_DELIB 207 5 1 1 6 10 1 0 0
ST_DELIB 207 8 1 1 6 10 1 0 0
ST_DELIB 207 11 1 1 6 10 1 0 0
ST_DELIB 207 23 1 1 6 10 1 0 0
ST_DELIB 207 26 1 1 6 10 1 0 0
ST_DELIB 207 29 1 1 6 10 1 0 0
ST_DELIB 207 13 1 1 6 10 1 0 0
ST_DELIB 208 2 1 1 6 10 1 0 0
ST_DELIB 208 5 1 1 6 10 1 0 0
ST_DELIB 208 8 1 1 6 10 1 0 0
ST_DELIB 208 11 1 1 6 10 1 0 0
ST_DELIB 208 23 1 1 6 10 1 0 0
ST_DELIB 208 26 1 1 6 10 1 0 0
ST_DELIB 208 29 1 1 6 10 1 0 0
ST_DELIB 208 13 1 1 6 10 1 0 0
ST_DELIB 209 2 1 1 6 10 1 0 0
ST_DELIB 209 5 1 1 6 10 1 0 0
ST_DELIB 209 8 1 1 6 10 1 0 0
ST_DELIB 209 11 1 1 6 10 1 0 0
ST_DELIB 209 23 1 1 6 10 1 0 0
ST_DELIB 209 26 1 1 6 10 1 0 0
ST_DELIB 209 29 1 1 6 10 1 0 0
ST_DELIB 209 13 1 1 6 10 1 0 0
ST_DELIB 210 2 1 1 6 10 1 0 0
ST_DELIB 210 5 1 1 6 10 1 0 0
ST_DELIB 210 8 1 1 6 10 1 0 0
ST_DELIB 210 11 1 1 6 10 1 0 0
ST_DELIB 210 23 1 1 6 10 1 0 0
ST_DELIB 210 26 1 1 6 10 1 0 0
ST_DELIB 210 29 1 1 6 10 1 0 0
ST_DELIB 210 13 1 1 6 10 1 0 0
ST_DELIB 211 2 1 1 6 10 1 0 0
ST_DELIB 211 5 1 1 6 10 1 0 0
ST_DELIB 211 8 1 1 6 10 1 0 0
ST_DELIB 211 11 1 1 6 10 1 0 0
ST_DELIB 211 23 1 1 6 10 1 0 0
ST_DELIB 211 26 1 1 6 10 1 0 0
ST_DELIB 211 29 1 1 6 10 1 0 0
ST_DELIB 211 13 1 1 6 10 1 0 0
ST_DELIB 212 2 1 1 6 10 1 0 0
ST_DELIB 212 5 1 1 6 10 1 0 0
ST_DELIB 212 8 1 1 6 10 1 0 0
ST_DELIB 212 11 1 1 6 10 1 0 0
ST_DELIB 212 23 1 1 6 10 1 0 0
ST_DELIB 212 26 1 1 6 10 1 0 0
ST_DELIB 212 29 1 1 6 10 1 0 0
ST_DELIB 212 13 1 1 6 10 1 0 0
ST_DELIB 213 2 1 1 6 10 1 0 0
ST_DELIB 213 5 1 1 6 10 1 0 0
ST_DELIB 213 8 1 1 6 10 1 0 0
ST_DELIB 213 11 1 1 6 10 1 0 0
ST_DELIB 213 23 1 1 6 10 1 0 0
ST_DELIB 213 26 1 1 6 10 1 0 0
ST_DELIB 213 29 1 1 6 10 1 0 0
ST_DELIB 213 13 1 1 6 10 1 0 0
ST_DELIB 214 2 1 1 6 10 1 0 0
ST_DELIB 214 5 1 1 6 10 1 0 0
ST_DELIB 214 8 1 1 6 10 1 0 0
ST_DELIB 214 11 1 1 6 10 1 0 0
ST_DELIB 214 23 1 1 6 10 1 0 0
ST_DELIB 214 26 1 1 6 10 1 0 0
ST_DELIB 214 29 1 1 6 10 1 0 0
ST_DELIB 214 13 1 1 6 10 1 0 0
ST_DELIB 215 2 1 1 6 10 1 0 0
ST_DELIB 215 5 1 1 6 10 1 0 0
ST_DELIB 215 8 1 1 6 10 1 0 0
ST_DELIB 215 11 1 1 6 10 1 0 0
ST_DELIB 215 23 1 1 6 10 1 0 0
ST_DELIB 215 26 1 1 6 10 1 0 0
ST_DELIB 215 29 1 1 6 10 1 0 0
ST_DELIB 215 13 1 1 6 10 1 0 0
ST_DELIB 216 2 1 1 6 10 1 0 0
ST_DELIB 216 5 1 1 6 10 1 0 0
ST_DELIB 216 8 1 1 6 10 1 0 0
ST_DELIB 216 11 1 1 6 10 1 0 0
ST_DELIB 216 23 1 1 6 10 1 0 0
ST_DELIB 216 26 1 1 6 10 1 0 0
ST_DELIB 216 29 1 1 6 10 1 0 0
ST_DELIB 216 13 1 1 6 10 1 0 0
ST_DELIB 217 2 1 1 6 10 1 0 0
ST_DELIB 217 5 1 1 6 10 1 0 0
ST_DELIB 217 8 1 1 6 10 1 0 0
ST_DELIB 217 11 1 1 6 10 1 0 0
ST_DELIB 217 23 1 1 6 10 1 0 0
ST_DELIB 217 26 1 1 6 10 1 0 0
ST_DELIB 217 29 1 1 6 10 1 0 0
ST_DELIB 217 13 1 1 6 10 1 0 0
ST_DELIB 218 2 1 1 6 10 1 0 0
ST_DELIB 218 5 1 1 6 10 1 0 0
ST_DELIB 218 8 1 1 6 10 1 0 0
ST_DELIB 218 11 1 1 6 10 1 0 0
ST_DELIB 218 23 1 1 6 10 1 0 0
ST_DELIB 218 26 1 1 6 10 1 0 0
ST_DELIB 218 29 1 1 6 10 1 0 0
ST_DELIB 218 13 1 1 6 10 1 0 0
ST_DELIB 219 2 1 1 6 10 1 0 0
ST_DELIB 219 5 1 1 6 10 1 0 0
ST_DELIB 219 8 1 1 6 10 1 0 0
ST_DELIB 219 11 1 1 6 10 1 0 0
ST_DELIB 219 23 1 1 6 10 1 0 0
ST_DELIB 219 26 1 1 6 10 1 0 0
ST_DELIB 219 29 1 1 6 10 1 0 0
ST_DELIB 219 13 1 1 6 10 1 0 0
ST_DELIB 220 2 1 1 6 10 1 0 0
ST_DELIB 220 5 1 1 6 10 1 0 0
ST_DELIB 220 8 1 1 6 10 1 0 0
ST_DELIB 220 11 1 1 6 10 1 0 0
ST_DELIB 220 23 1 1 6 10 1 0 0
ST_DELIB 220 26 1 1 6 10 1 0 0
ST_DELIB 220 29 1 1 6 10 1 0 0
ST_DELIB 220 13 1 1 6 10 1 0 0
ST_DELIB 221 2 1 1 6 10 1 0 0
ST_DELIB 221 5 1 1 6 10 1 0 0
ST_DELIB 221 8 1 1 6 10 1 0 0
ST_DELIB 221 11 1 1 6 10 1 0 0
ST_DELIB 221 23 1 1 6 10 1 0 0
ST_DELIB 221 26 1 1 6 10 1 0 0
ST_DELIB 221 29 1 1 6 10 1 0 0
ST_DELIB 221 13 1 1 6 10 1 0 0
ST_DELIB 222 2 1 1 6 10 1 0 0
ST_DELIB 222 5 1 1 6 10 1 0 0
ST_DELIB 222 8 1 1 6 10 1 0 0
ST_DELIB 222 11 1 1 6 10 1 0 0
ST_DELIB 222 23 1 1 6 10 1 0 0
ST_DELIB 222 26 1 1 6 10 1 0 0
ST_DELIB 222 29 1 1 6 10 1 0 0
ST_DELIB 222 13 1 1 6 10 1 0 0
ST_DELIB 223 2 1 1 6 10 1 0 0
ST_DELIB 223 5 1 1 6 10 1 0 0
ST_DELIB 223 8 1 1 6 10 1 0 0
ST_DELIB 223 11 1 1 6 10 1 0 0
ST_DELIB 223 23 1 1 6 10 1 0 0
ST_DELIB 223 26 1 1 6 10 1 0 0
ST_DELIB 223 29 1 1 6 10 1 0 0
ST_DELIB 223 13 1 1 6 10 1 0 0
ST_DELIB 224 2 1 1 6 10 1 0 0
ST_DELIB 224 5 1 1 6 10 1 0 0
ST_DELIB 224 8 1 1 6 10 1 0 0
ST_DELIB 224 11 1 1 6 10 1 0 0
ST_DELIB 224 23 1 1 6 10 1 0 0
ST_DELIB 224 26 1 1 6 10 1 0 0
ST_DELIB 224 29 1 1 6 10 1 0 0
ST_DELIB 224 13 1 1 6 10 1 0 0
ST_TS 225 32 1628 0 0 0 0 0 9 67 0 195 1576 0 0 0 0
ST_DELIB 225 2 1 1 6 10 1 0 0
ST_DELIB 225 5 1 1 6 10 1 0 0
ST_DELIB 225 8 1 1 6 10 1 0 0
ST_DELIB 225 11 1 1 6 10 1 0 0
ST_DELIB 225 23 1 1 6 10 1 0 0
ST_DELIB 225 26 1 1 6 10 1 0 0
ST_DELIB 225 29 1 1 6 10 1 0 0
ST_DELIB 225 13 1 1 6 10 1 0 0
ST_DELIB 226 2 1 1 6 10 1 0 0
ST_DELIB 226 5 1 1 6 10 1 0 0
ST_DELIB 226 8 1 1 6 10 1 0 0
ST_DELIB 226 11 1 1 6 10 1 0 0
ST_DELIB 226 23 1 1 6 10 1 0 0
ST_DELIB 226 26 1 1 6 10 1 0 0
ST_DELIB 226 29 1 1 6 10 1 0 0
ST_DELIB 226 13 1 1 6 10 1 0 0
ST_DELIB 227 2 1 1 6 10 1 0 0
ST_DELIB 227 5 1 1 6 10 1 0 0
ST_DELIB 227 8 1 1 6 10 1 0 0
ST_DELIB 227 11 1 1 6 10 1 0 0
ST_DELIB 227 23 1 1 6 10 1 0 0
ST_DELIB 227 26 1 1 6 10 1 0 0
ST_DELIB 227 29 1 1 6 10 1 0 0
ST_DELIB 227 13 1 1 6 10 1 0 0
ST_DELIB 228 2 1 1 6 10 1 0 0
ST_DELIB 228 5 1 1 6 10 1 0 0
ST_DELIB 228 8 1 1 6 10 1 0 0
ST_DELIB 228 11 1 1 6 10 1 0 0
ST_DELIB 228 23 1 1 6 10 1 0 0
ST_DELIB 228 26 1 1 6 10 1 0 0
ST_DELIB 228 29 1 1 6 10 1 0 0
ST_DELIB 228 13 1 1 6 10 1 0 0
ST_DELIB 229 2 1 1 6 10 1 0 0
ST_DELIB 229 5 1 1 6 10 1 0 0
ST_DELIB 229 8 1 1 6 10 1 0 0
ST_DELIB 229 11 1 1 6 10 1 0 0
ST_DELIB 229 23 1 1 6 10 1 0 0
ST_DELIB 229 26 1 1 6 10 1 0 0
ST_DELIB 229 29 1 1 6 10 1 0 0
ST_DELIB 229 13 1 1 6 10 1 0 0
ST_DELIB 230 2 1 1 6 10 1 0 0
ST_DELIB 230 5 1 1 6 10 1 0 0
ST_DELIB 230 8 1 1 6 10 1 0 0
ST_DELIB 230 11 1 1 6 10 1 0 0
ST_DELIB 230 23 1 1 6 10 1 0 0
ST_DELIB 230 26 1 1 6 10 1 0 0
ST_DELIB 230 29 1 1 6 10 1 0 0
ST_DELIB 230 13 1 1 6 10 1 0 0
ST_DELIB 231 2 1 1 6 10 1 0 0
ST_DELIB 231 5 1 1 6 10 1 0 0
ST_DELIB 231 8 1 1 6 10 1 0 0
ST_DELIB 231 11 1 1 6 10 1 0 0
ST_DELIB 231 23 1 1 6 10 1 0 0
ST_DELIB 231 26 1 1 6 10 1 0 0
ST_DELIB 231 29 1 1 6 10 1 0 0
ST_DELIB 231 13 1 1 6 10 1 0 0
ST_DELIB 232 2 1 1 6 10 1 0 0
ST_DELIB 232 5 1 1 6 10 1 0 0
ST_DELIB 232 8 1 1 6 10 1 0 0
ST_DELIB 232 11 1 1 6 10 1 0 0
ST_DELIB 232 23 1 1 6 10 1 0 0
ST_DELIB 232 26 1 1 6 10 1 0 0
ST_DELIB 232 29 1 1 6 10 1 0 0
ST_DELIB 232 13 1 1 6 10 1 0 0
ST_DELIB 233 2 1 1 6 10 1 0 0
ST_DELIB 233 5 1 1 6 10 1 0 0
ST_DELIB 233 8 1 1 6 10 1 0 0
ST_DELIB 233 11 1 1 6 10 1 0 0
ST_DELIB 233 23 1 1 6 10 1 0 0
ST_DELIB 233 26 1 1 6 10 1 0 0
ST_DELIB 233 29 1 1 6 10 1 0 0
ST_DELIB 233 13 1 1 6 10 1 0 0
ST_DELIB 234 2 1 1 6 10 1 0 0
ST_DELIB 234 5 1 1 6 10 1 0 0
ST_DELIB 234 8 1 1 6 10 1 0 0
ST_DELIB 234 11 1 1 6 10 1 0 0
ST_DELIB 234 23 1 1 6 10 1 0 0
ST_DELIB 234 26 1 1 6 10 1 0 0
ST_DELIB 234 29 1 1 6 10 1 0 0
ST_DELIB 234 13 1 1 6 10 1 0 0
ST_DELIB 235 2 1 1 6 10 1 0 0
ST_DELIB 235 5 1 1 6 10 1 0 0
ST_DELIB 235 8 1 1 6 10 1 0 0
ST_DELIB 235 11 1 1 6 10 1 0 0
ST_DELIB 235 23 1 1 6 10 1 0 0
ST_DELIB 235 26 1 1 6 10 1 0 0
ST_DELIB 235 29 1 1 6 10 1 0 0
ST_DELIB 235 13 1 1 6 10 1 0 0
ST_DELIB 236 2 1 1 6 10 1 0 0
ST_DELIB 236 5 1 1 6 10 1 0 0
ST_DELIB 236 8 1 1 6 10 1 0 0
ST_DELIB 236 11 1 1 6 10 1 0 0
ST_DELIB 236 23 1 1 6 10 1 0 0
ST_DELIB 236 26 1 1 6 10 1 0 0
ST_DELIB 236 29 1 1 6 10 1 0 0
ST_DELIB 236 13 1 1 6 10 1 0 0
ST_DELIB 237 2 1 1 6 10 1 0 0
ST_DELIB 237 5 1 1 6 10 1 0 0
ST_DELIB 237 8 1 1 6 10 1 0 0
ST_DELIB 237 11 1 1 6 10 1 0 0
ST_DELIB 237 23 1 1 6 10 1 0 0
ST_DELIB 237 26 1 1 6 10 1 0 0
ST_DELIB 237 29 1 1 6 10 1 0 0
ST_DELIB 237 13 1 1 6 10 1 0 0
ST_DELIB 238 2 1 1 6 10 1 0 0
ST_DELIB 238 5 1 1 6 10 1 0 0
ST_DELIB 238 8 1 1 6 10 1 0 0
ST_DELIB 238 11 1 1 6 10 1 0 0
ST_DELIB 238 23 1 1 6 10 1 0 0
ST_DELIB 238 26 1 1 6 10 1 0 0
ST_DELIB 238 29 1 1 6 10 1 0 0
ST_DELIB 238 13 1 1 6 10 1 0 0
ST_DELIB 239 2 1 1 6 10 1 0 0
ST_DELIB 239 5 1 1 6 10 1 0 0
ST_DELIB 239 8 1 1 6 10 1 0 0
ST_DELIB 239 11 1 1 6 10 1 0 0
ST_DELIB 239 23 1 1 6 10 1 0 0
ST_DELIB 239 26 1 1 6 10 1 0 0
ST_DELIB 239 29 1 1 6 10 1 0 0
ST_DELIB 239 13 1 1 6 10 1 0 0
ST_DELIB 240 2 1 1 6 10 1 0 0
ST_DELIB 240 5 1 1 6 10 1 0 0
ST_DELIB 240 8 1 1 6 10 1 0 0
ST_DELIB 240 11 1 1 6 10 1 0 0
ST_DELIB 240 23 1 1 6 10 1 0 0
ST_DELIB 240 26 1 1 6 10 1 0 0
ST_DELIB 240 29 1 1 6 10 1 0 0
ST_DELIB 240 13 1 1 6 10 1 0 0
ST_DELIB 241 2 1 1 6 10 1 0 0
ST_DELIB 241 5 1 1 6 10 1 0 0
ST_DELIB 241 8 1 1 6 10 1 0 0
ST_DELIB 241 11 1 1 6 10 1 0 0
ST_DELIB 241 23 1 1 6 10 1 0 0
ST_DELIB 241 26 1 1 6 10 1 0 0
ST_DELIB 241 29 1 1 6 10 1 0 0
ST_DELIB 241 13 1 1 6 10 1 0 0
ST_DELIB 242 2 1 1 6 10 1 0 0
ST_DELIB 242 5 1 1 6 10 1 0 0
ST_DELIB 242 8 1 1 6 10 1 0 0
ST_DELIB 242 11 1 1 6 10 1 0 0
ST_DELIB 242 23 1 1 6 10 1 0 0
ST_DELIB 242 26 1 1 6 10 1 0 0
ST_DELIB 242 29 1 1 6 10 1 0 0
ST_DELIB 242 13 1 1 6 10 1 0 0
ST_DELIB 243 2 1 1 6 10 1 0 0
ST_DELIB 243 5 1 1 6 10 1 0 0
ST_DELIB 243 8 1 1 6 10 1 0 0
ST_DELIB 243 11 1 1 6 10 1 0 0
ST_DELIB 243 23 1 1 6 10 1 0 0
ST_DELIB 243 26 1 1 6 10 1 0 0
ST_DELIB 243 29 1 1 6 10 1 0 0
ST_DELIB 243 13 1 1 6 10 1 0 0
ST_DELIB 244 2 1 1 6 10 1 0 0
ST_DELIB 244 5 1 1 6 10 1 0 0
ST_DELIB 244 8 1 1 6 10 1 0 0
ST_DELIB 244 11 1 1 6 10 1 0 0
ST_DELIB 244 23 1 1 6 10 1 0 0
ST_DELIB 244 26 1 1 6 10 1 0 0
ST_DELIB 244 29 1 1 6 10 1 0 0
ST_DELIB 244 13 1 1 6 10 1 0 0
ST_DELIB 245 2 1 1 6 10 1 0 0
ST_DELIB 245 5 1 1 6 10 1 0 0
ST_DELIB 245 8 1 1 6 10 1 0 0
ST_DELIB 245 11 1 1 6 10 1 0 0
ST_DELIB 245 23 1 1 6 10 1 0 0
ST_DELIB 245 26 1 1 6 10 1 0 0
ST_DELIB 245 29 1 1 6 10 1 0 0
ST_DELIB 245 13 1 1 6 10 1 0 0
ST_DELIB 246 2 1 1 6 10 1 0 0
ST_DELIB 246 5 1 1 6 10 1 0 0
ST_DELIB 246 8 1 1 6 10 1 0 0
ST_DELIB 246 11 1 1 6 10 1 0 0
ST_DELIB 246 23 1 1 6 10 1 0 0
ST_DELIB 246 26 1 1 6 10 1 0 0
ST_DELIB 246 29 1 1 6 10 1 0 0
ST_DELIB 246 13 1 1 6 10 1 0 0
ST_DELIB 247 2 1 1 6 10 1 0 0
ST_DELIB 247 5 1 1 6 10 1 0 0
ST_DELIB 247 8 1 1 6 10 1 0 0
ST_DELIB 247 11 1 1 6 10 1 0 0
ST_DELIB 247 23 1 1 6 10 1 0 0
ST_DELIB 247 26 1 1 6 10 1 0 0
ST_DELIB 247 29 1 1 6 10 1 0 0
ST_DELIB 247 13 1 1 6 10 1 0 0
ST_DELIB 248 2 1 1 6 10 1 0 0
ST_DELIB 248 5 1 1 6 10 1 0 0
ST_DELIB 248 8 1 1 6 10 1 0 0
ST_DELIB 248 11 1 1 6 10 1 0 0
ST_DELIB 248 23 1 1 6 10 1 0 0
ST_DELIB 248 26 1 1 6 10 1 0 0
ST_DELIB 248 29 1 1 6 10 1 0 0
ST_DELIB 248 13 1 1 6 10 1 0 0
ST_DELIB 249 2 1 1 6 10 1 0 0
ST_DELIB 249 5 1 1 6 10 1 0 0
ST_DELIB 249 8 1 1 6 10 1 0 0
ST_DELIB 249 11 1 1 6 10 1 0 0
ST_DELIB 249 23 1 1 6 10 1 0 0
ST_DELIB 249 26 1 1 6 10 1 0 0
ST_DELIB 249 29 1 1 6 10 1 0 0
ST_DELIB 249 13 1 1 6 10 1 0 0
ST_TS 250 32 1828 0 0 0 0 0 9 75 0 220 1776 0 0 0 0
ST_DELIB 250 2 1 1 6 10 1 0 0
ST_DELIB 250 5 1 1 6 10 1 0 0
ST_DELIB 250 8 1 1 6 10 1 0 0
ST_DELIB 250 11 1 1 6 10 1 0 0
ST_DELIB 250 23 1 1 6 10 1 0 0
ST_DELIB 250 26 1 1 6 10 1 0 0
ST_DELIB 250 29 1 1 6 10 1 0 0
ST_DELIB 250 13 1 1 6 10 1 0 0
ST_DELIB 251 2 1 1 6 10 1 0 0
ST_DELIB 251 5 1 1 6 10 1 0 0
ST_DELIB 251 8 1 1 6 10 1 0 0
ST_DELIB 251 11 1 1 6 10 1 0 0
ST_DELIB 251 23 1 1 6 10 1 0 0
ST_DELIB 251 26 1 1 6 10 1 0 0
ST_DELIB 251 29 1 1 6 10 1 0 0
ST_DELIB 251 13 1 1 6 10 1 0 0
ST_DELIB 252 2 1 1 6 10 1 0 0
ST_DELIB 252 5 1 1 6 10 1 0 0
ST_DELIB 252 8 1 1 6 10 1 0 0
ST_DELIB 252 11 1 1 6 10 1 0 0
ST_DELIB 252 23 1 1 6 10 1 0 0
ST_DELIB 252 26 1 1 6 10 1 0 0
ST_DELIB 252 29 1 1 6 10 1 0 0
ST_DELIB 252 13 1 1 6 10 1 0 0
ST_DELIB 253 2 1 1 6 10 1 0 0
ST_DELIB 253 5 1 1 6 10 1 0 0
ST_DELIB 253 8 1 1 6 10 1 0 0
ST_DELIB 253 11 1 1 6 10 1 0 0
ST_DELIB 253 23 1 1 6 10 1 0 0
ST_DELIB 253 26 1 1 6 10 1 0 0
ST_DELIB 253 29 1 1 6 10 1 0 0
ST_DELIB 253 13 1 1 6 10 1 0 0
ST_DELIB 254 2 1 1 6 10 1 0 0
ST_DELIB 254 5 1 1 6 10 1 0 0
ST_DELIB 254 8 1 1 6 10 1 0 0
ST_DELIB 254 11 1 1 6 10 1 0 0
ST_DELIB 254 23 1 1 6 10 1 0 0
ST_DELIB 254 26 1 1 6 10 1 0 0
ST_DELIB 254 29 1 1 6 10 1 0 0
ST_DELIB 254 13 1 1 6 10 1 0 0
ST_DELIB 255 2 1 1 6 10 1 0 0
ST_DELIB 255 5 1 1 6 10 1 0 0
ST_DELIB 255 8 1 1 6 10 1 0 0
ST_DELIB 255 11 1 1 6 10 1 0 0
ST_DELIB 255 23 1 1 6 10 1 0 0
ST_DELIB 255 26 1 1 6 10 1 0 0
ST_DELIB 255 29 1 1 6 10 1 0 0
ST_DELIB 255 13 1 1 6 10 1 0 0
ST_DELIB 256 2 1 1 6 10 1 0 0
ST_DELIB 256 5 1 1 6 10 1 0 0
ST_DELIB 256 8 1 1 6 10 1 0 0
ST_DELIB 256 11 1 1 6 10 1 0 0
ST_DELIB 256 23 1 1 6 10 1 0 0
ST_DELIB 256 26 1 1 6 10 1 0 0
ST_DELIB 256 29 1 1 6 10 1 0 0
ST_DELIB 256 13 1 1 6 10 1 0 0
ST_DELIB 257 2 1 1 6 10 1 0 0
ST_DELIB 257 5 1 1 6 10 1 0 0
ST_DELIB 257 8 1 1 6 10 1 0 0
ST_DELIB 257 11 1 1 6 10 1 0 0
ST_DELIB 257 23 1 1 6 10 1 0 0
ST_DELIB 257 26 1 1 6 10 1 0 0
ST_DELIB 257 29 1 1 6 10 1 0 0
ST_DELIB 257 13 1 1 6 10 1 0 0
ST_DELIB 258 2 1 1 6 10 1 0 0
ST_DELIB 258 5 1 1 6 10 1 0 0
ST_DELIB 258 8 1 1 6 10 1 0 0
ST_DELIB 258 11 1 1 6 10 1 0 0
ST_DELIB 258 23 1 1 6 10 1 0 0
ST_DELIB 258 26 1 1 6 10 1 0 0
ST_DELIB 258 29 1 1 6 10 1 0 0
ST_DELIB 258 13 1 1 6 10 1 0 0
ST_DELIB 259 2 1 1 6 10 1 0 0
ST_DELIB 259 5 1 1 6 10 1 0 0
ST_DELIB 259 8 1 1 6 10 1 0 0
ST_DELIB 259 11 1 1 6 10 1 0 0
ST_DELIB 259 23 1 1 6 10 1 0 0
ST_DELIB 259 26 1 1 6 10 1 0 0
ST_DELIB 259 29 1 1 6 10 1 0 0
ST_DELIB 259 13 1 1 6 10 1 0 0
ST_DELIB 260 2 1 1 6 10 1 0 0
ST_DELIB 260 5 1 1 6 10 1 0 0
ST_DELIB 260 8 1 1 6 10 1 0 0
ST_DELIB 260 11 1 1 6 10 1 0 0
ST_DELIB 260 23 1 1 6 10 1 0 0
ST_DELIB 260 26 1 1 6 10 1 0 0
ST_DELIB 260 29 1 1 6 10 1 0 0
ST_DELIB 260 13 1 1 6 10 1 0 0
ST_DELIB 261 2 1 1 6 10 1 0 0
ST_DELIB 261 5 1 1 6 10 1 0 0
ST_DELIB 261 8 1 1 6 10 1 0 0
ST_DELIB 261 11 1 1 6 10 1 0 0
ST_DELIB 261 23 1 1 6 10 1 0 0
ST_DELIB 261 26 1 1 6 10 1 0 0
ST_DELIB 261 29 1 1 6 10 1 0 0
ST_DELIB 261 13 1 1 6 10 1 0 0
ST_DELIB 262 2 1 1 6 10 1 0 0
ST_DELIB 262 5 1 1 6 10 1 0 0
ST_DELIB 262 8 1 1 6 10 1 0 0
ST_DELIB 262 11 1 1 6 10 1 0 0
ST_DELIB 262 23 1 1 6 10 1 0 0
ST_DELIB 262 26 1 1 6 10 1 0 0
ST_DELIB 262 29 1 1 6 10 1 0 0
ST_DELIB 262 13 1 1 6 10 1 0 0
ST_DELIB 263 2 1 1 6 10 1 0 0
ST_DELIB 263 5 1 1 6 10 1 0 0
ST_DELIB 263 8 1 1 6 10 1 0 0
ST_DELIB 263 11 1 1 6 10 1 0 0
ST_DELIB 263 23 1 1 6 10 1 0 0
ST_DELIB 263 26 1 1 6 10 1 0 0
ST_DELIB 263 29 1 1 6 10 1 0 0
ST_DELIB 263 13 1 1 6 10 1 0 0
ST_DELIB 264 2 1 1 6 10 1 0 0
ST_DELIB 264 5 1 1 6 10 1 0 0
ST_DELIB 264 8 1 1 6 10 1 0 0
ST_DELIB 264 11 1 1 6 10 1 0 0
ST_DELIB 264 23 1 1 6 10 1 0 0
ST_DELIB 264 26 1 1 6 10 1 0 0
ST_DELIB 264 29 1 1 6 10 1 0 0
ST_DELIB 264 13 1 1 6 10 1 0 0
ST_DELIB 265 2 1 1 6 10 1 0 0
ST_DELIB 265 5 1 1 6 10 1 0 0
ST_DELIB 265 8 1 1 6 10 1 0 0
ST_DELIB 265 11 1 1 6 10 1 0 0
ST_DELIB 265 23 1 1 6 10 1 0 0
ST_DELIB 265 26 1 1 6 10 1 0 0
ST_DELIB 265 29 1 1 6 10 1 0 0
ST_DELIB 265 13 1 1 6 10 1 0 0
ST_DELIB 266 2 1 1 6 10 1 0 0
ST_DELIB 266 5 1 1 6 10 1 0 0
ST_DELIB 266 8 1 1 6 10 1 0 0
ST_DELIB 266 11 1 1 6 10 1 0 0
ST_DELIB 266 23 1 1 6 10 1 0 0
ST_DELIB 266 26 1 1 6 10 1 0 0
ST_DELIB 266 29 1 1 6 10 1 0 0
ST_DELIB 266 13 1 1 6 10 1 0 0
ST_DELIB 267 2 1 1 6 10 1 0 0
ST_DELIB 267 5 1 1 6 10 1 0 0
ST_DELIB 267 8 1 1 6 10 1 0 0
ST_DELIB 267 11 1 1 6 10 1 0 0
ST_DELIB 267 23 1 1 6 10 1 0 0
ST_DELIB 267 26 1 1 6 10 1 0 0
ST_DELIB 267 29 1 1 6 10 1 0 0
ST_DELIB 267 13 1 1 6 10 1 0 0
ST_DELIB 268 2 1 1 6 10 1 0 0
ST_DELIB 268 5 1 1 6 10 1 0 0
ST_DELIB 268 8 1 1 6 10 1 0 0
ST_DELIB 268 11 1 1 6 10 1 0 0
ST_DELIB 268 23 1 1 6 10 1 0 0
ST_DELIB 268 26 1 1 6 10 1 0 0
ST_DELIB 268 29 1 1 6 10 1 0 0
ST_DELIB 268 13 1 1 6 10 1 0 0
ST_DELIB 269 2 1 1 6 10 1 0 0
ST_DELIB 269 5 1 1 6 10 1 0 0
ST_DELIB 269 8 1 1 6 10 1 0 0
ST_DELIB 269 11 1 1 6 10 1 0 0
ST_DELIB 269 23 1 1 6 10 1 0 0
ST_DELIB 269 26 1 1 6 10 1 0 0
ST_DELIB 269 29 1 1 6 10 1 0 0
ST_DELIB 269 13 1 1 6 10 1 0 0
ST_DELIB 270 2 1 1 6 10 1 0 0
ST_DELIB 270 5 1 1 6 10 1 0 0
ST_DELIB 270 8 1 1 6 10 1 0 0
ST_DELIB 270 11 1 1 6 10 1 0 0
ST_DELIB 270 23 1 1 6 10 1 0 0
ST_DELIB 270 26 1 1 6 10 1 0 0
ST_DELIB 270 29 1 1 6 10 1 0 0
ST_DELIB 270 13 1 1 6 10 1 0 0
ST_DELIB 271 2 1 1 6 10 1 0 0
ST_DELIB 271 5 1 1 6 10 1 0 0
ST_DELIB 271 8 1 1 6 10 1 0 0
ST_DELIB 271 11 1 1 6 10 1 0 0
ST_DELIB 271 23 1 1 6 10 1 0 0
ST_DELIB 271 26 1 1 6 10 1 0 0
ST_DELIB 271 29 1 1 6 10 1 0 0
ST_DELIB 271 13 1 1 6 10 1 0 0
ST_DELIB 272 2 1 1 6 10 1 0 0
ST_DELIB 272 5 1 1 6 10 1 0 0
ST_DELIB 272 8 1 1 6 10 1 0 0
ST_DELIB 272 11 1 1 6 10 1 0 0
ST_DELIB 272 23 1 1 6 10 1 0 0
ST_DELIB 272 26 1 1 6 10 1 0 0
ST_DELIB 272 29 1 1 6 10 1 0 0
ST_DELIB 272 13 1 1 6 10 1 0 0
ST_DELIB 273 2 1 1 6 10 1 0 0
ST_DELIB 273 5 1 1 6 10 1 0 0
ST_DELIB 273 8 1 1 6 10 1 0 0
ST_DELIB 273 11 1 1 6 10 1 0 0
ST_DELIB 273 23 1 1 6 10 1 0 0
ST_DELIB 273 26 1 1 6 10 1 0 0
ST_DELIB 273 29 1 1 6 10 1 0 0
ST_DELIB 273 13 1 1 6 10 1 0 0
ST_DELIB 274 2 1 1 6 10 1 0 0
ST_DELIB 274 5 1 1 6 10 1 0 0
ST_DELIB 274 8 1 1 6 10 1 0 0
ST_DELIB 274 11 1 1 6 10 1 0 0
ST_DELIB 274 23 1 1 6 10 1 0 0
ST_DELIB 274 26 1 1 6 10 1 0 0
ST_DELIB 274 29 1 1 6 10 1 0 0
ST_DELIB 274 13 1 1 6 10 1 0 0
ST_TS 275 32 2028 0 0 0 0 0 9 82 0 245 1976 0 0 0 0
ST_DELIB 275 2 1 1 6 10 1 0 0
ST_DELIB 275 5 1 1 6 10 1 0 0
ST_DELIB 275 8 1 1 6 10 1 0 0
ST_DELIB 275 11 1 1 6 10 1 0 0
ST_DELIB 275 23 1 1 6 10 1 0 0
ST_DELIB 275 26 1 1 6 10 1 0 0
ST_DELIB 275 29 1 1 6 10 1 0 0
ST_DELIB 275 13 1 1 6 10 1 0 0
ST_DELIB 276 2 1 1 6 10 1 0 0
ST_DELIB 276 5 1 1 6 10 1 0 0
ST_DELIB 276 8 1 1 6 10 1 0 0
ST_DELIB 276 11 1 1 6 10 1 0 0
ST_DELIB 276 23 1 1 6 10 1 0 0
ST_DELIB 276 26 1 1 6 10 1 0 0
ST_DELIB 276 29 1 1 6 10 1 0 0
ST_DELIB 276 13 1 1 6 10 1 0 0
ST_DELIB 277 2 1 1 6 10 1 0 0
ST_DELIB 277 5 1 1 6 10 1 0 0
ST_DELIB 277 8 1 1 6 10 1 0 0
ST_DELIB 277 11 1 1 6 10 1 0 0
ST_DELIB 277 23 1 1 6 10 1 0 0
ST_DELIB 277 26 1 1 6 10 1 0 0
ST_DELIB 277 29 1 1 6 10 1 0 0
ST_DELIB 277 13 1 1 6 10 1 0 0
ST_DELIB 278 2 1 1 6 10 1 0 0
ST_DELIB 278 5 1 1 6 10 1 0 0
ST_DELIB 278 8 1 1 6 10 1 0 0
ST_DELIB 278 11 1 1 6 10 1 0 0
ST_DELIB 278 23 1 1 6 10 1 0 0
ST_DELIB 278 26 1 1 6 10 1 0 0
ST_DELIB 278 29 1 1 6 10 1 0 0
ST_DELIB 278 13 1 1 6 10 1 0 0
ST_DELIB 279 2 1 1 6 10 1 0 0
ST_DELIB 279 5 1 1 6 10 1 0 0
ST_DELIB 279 8 1 1 6 10 1 0 0
ST_DELIB 279 11 1 1 6 10 1 0 0
ST_DELIB 279 23 1 1 6 10 1 0 0
ST_DELIB 279 26 1 1 6 10 1 0 0
ST_DELIB 279 29 1 1 6 10 1 0 0
ST_DELIB 279 13 1 1 6 10 1 0 0
ST_DELIB 280 2 1 1 6 10 1 0 0
ST_DELIB 280 5 1 1 6 10 1 0 0
ST_DELIB 280 8 1 1 6 10 1 0 0
ST_DELIB 280 11 1 1 6 10 1 0 0
ST_DELIB 280 23 1 1 6 10 1 0 0
ST_DELIB 280 26 1 1 6 10 1 0 0
ST_DELIB 280 29 1 1 6 10 1 0 0
ST_DELIB 280 13 1 1 6 10 1 0 0
ST_DELIB 281 2 1 1 6 10 1 0 0
ST_DELIB 281 5 1 1 6 10 1 0 0
ST_DELIB 281 8 1 1 6 10 1 0 0
ST_DELIB 281 11 1 1 6 10 1 0 0
ST_DELIB 281 23 1 1 6 10 1 0 0
ST_DELIB 281 26 1 1 6 10 1 0 0
ST_DELIB 281 29 1 1 6 10 1 0 0
ST_DELIB 281 13 1 1 6 10 1 0 0
ST_DELIB 282 2 1 1 6 10 1 0 0
ST_DELIB 282 5 1 1 6 10 1 0 0
ST_DELIB 282 8 1 1 6 10 1 0 0
ST_DELIB 282 11 1 1 6 10 1 0 0
ST_DELIB 282 23 1 1 6 10 1 0 0
ST_DELIB 282 26 1 1 6 10 1 0 0
ST_DELIB 282 29 1 1 6 10 1 0 0
ST_DELIB 282 13 1 1 6 10 1 0 0
ST_DELIB 283 2 1 1 6 10 1 0 0
ST_DELIB 283 5 1 1 6 10 1 0 0
ST_DELIB 283 8 1 1 6 10 1 0 0
ST_DELIB 283 11 1 1 6 10 1 0 0
ST_DELIB 283 23 1 1 6 10 1 0 0
ST_DELIB 283 26 1 1 6 10 1 0 0
ST_DELIB 283 29 1 1 6 10 1 0 0
ST_DELIB 283 13 1 1 6 10 1 0 0
ST_DELIB 284 2 1 1 6 10 1 0 0
ST_DELIB 284 5 1 1 6 10 1 0 0
ST_DELIB 284 8 1 1 6 10 1 0 0
ST_DELIB 284 11 1 1 6 10 1 0 0
ST_DELIB 284 23 1 1 6 10 1 0 0
ST_DELIB 284 26 1 1 6 10 1 0 0
ST_DELIB 284 29 1 1 6 10 1 0 0
ST_DELIB 284 13 1 1 6 10 1 0 0
ST_DELIB 285 2 1 1 6 10 1 0 0
ST_DELIB 285 5 1 1 6 10 1 0 0
ST_DELIB 285 8 1 1 6 10 1 0 0
ST_DELIB 285 11 1 1 6 10 1 0 0
ST_DELIB 285 23 1 1 6 10 1 0 0
ST_DELIB 285 26 1 1 6 10 1 0 0
ST_DELIB 285 29 1 1 6 10 1 0 0
ST_DELIB 285 13 1 1 6 10 1 0 0
ST_DELIB 286 2 1 1 6 10 1 0 0
ST_DELIB 286 5 1 1 6 10 1 0 0
ST_DELIB 286 8 1 1 6 10 1 0 0
ST_DELIB 286 11 1 1 6 10 1 0 0
ST_DELIB 286 23 1 1 6 10 1 0 0
ST_DELIB 286 26 1 1 6 10 1 0 0
ST_DELIB 286 29 1 1 6 10 1 0 0
ST_DELIB 286 13 1 1 6 10 1 0 0
ST_DELIB 287 2 1 1 6 10 1 0 0
ST_DELIB 287 5 1 1 6 10 1 0 0
ST_DELIB 287 8 1 1 6 10 1 0 0
ST_DELIB 287 11 1 1 6 10 1 0 0
ST_DELIB 287 23 1 1 6 10 1 0 0
ST_DELIB 287 26 1 1 6 10 1 0 0
ST_DELIB 287 29 1 1 6 10 1 0 0
ST_DELIB 287 13 1 1 6 10 1 0 0
ST_DELIB 288 2 1 1 6 10 1 0 0
ST_DELIB 288 5 1 1 6 10 1 0 0
ST_DELIB 288 8 1 1 6 10 1 0 0
ST_DELIB 288 11 1 1 6 10 1 0 0
ST_DELIB 288 23 1 1 6 10 1 0 0
ST_DELIB 288 26 1 1 6 10 1 0 0
ST_DELIB 288 29 1 1 6 10 1 0 0
ST_DELIB 288 13 1 1 6 10 1 0 0
ST_DELIB 289 2 1 1 6 10 1 0 0
ST_DELIB 289 5 1 1 6 10 1 0 0
ST_DELIB 289 8 1 1 6 10 1 0 0
ST_DELIB 289 11 1 1 6 10 1 0 0
ST_DELIB 289 23 1 1 6 10 1 0 0
ST_DELIB 289 26 1 1 6 10 1 0 0
ST_DELIB 289 29 1 1 6 10 1 0 0
ST_DELIB 289 13 1 1 6 10 1 0 0
ST_DELIB 290 2 1 1 6 10 1 0 0
ST_DELIB 290 5 1 1 6 10 1 0 0
ST_DELIB 290 8 1 1 6 10 1 0 0
ST_DELIB 290 11 1 1 6 10 1 0 0
ST_DELIB 290 23 1 1 6 10 1 0 0
ST_DELIB 290 26 1 1 6 10 1 0 0
ST_DELIB 290 29 1 1 6 10 1 0 0
ST_DELIB 290 13 1 1 6 10 1 0 0
ST_DELIB 291 2 1 1 6 10 1 0 0
ST_DELIB 291 5 1 1 6 10 1 0 0
ST_DELIB 291 8 1 1 6 10 1 0 0
ST_DELIB 291 11 1 1 6 10 1 0 0
ST_DELIB 291 23 1 1 6 10 1 0 0
ST_DELIB 291 26 1 1 6 10 1 0 0
ST_DELIB 291 29 1 1 6 10 1 0 0
ST_DELIB 291 13 1 1 6 10 1 0 0
ST_DELIB 292 2 1 1 6 10 1 0 0
ST_DELIB 292 5 1 1 6 10 1 0 0
ST_DELIB 292 8 1 1 6 10 1 0 0
ST_DELIB 292 11 1 1 6 10 1 0 0
ST_DELIB 292 23 1 1 6 10 1 0 0
ST_DELIB 292 26 1 1 6 10 1 0 0
ST_DELIB 292 29 1 1 6 10 1 0 0
ST_DELIB 292 13 1 1 6 10 1 0 0
ST_DELIB 293 2 1 1 6 10 1 0 0
ST_DELIB 293 5 1 1 6 10 1 0 0
ST_DELIB 293 8 1 1 6 10 1 0 0
ST_DELIB 293 11 1 1 6 10 1 0 0
ST_DELIB 293 23 1 1 6 10 1 0 0
ST_DELIB 293 26 1 1 6 10 1 0 0
ST_DELIB 293 29 1 1 6 10 1 0 0
ST_DELIB 293 13 1 1 6 10 1 0 0
ST_DELIB 294 2 1 1 6 10 1 0 0
ST_DELIB 294 5 1 1 6 10 1 0 0
ST_DELIB 294 8 1 1 6 10 1 0 0
ST_DELIB 294 11 1 1 6 10 1 0 0
ST_DELIB 294 23 1 1 6 10 1 0 0
ST_DELIB 294 26 1 1 6 10 1 0 0
ST_DELIB 294 29 1 1 6 10 1 0 0
ST_DELIB 294 13 1 1 6 10 1 0 0
ST_DELIB 295 2 1 1 6 10 1 0 0
ST_DELIB 295 5 1 1 6 10 1 0 0
ST_DELIB 295 8 1 1 6 10 1 0 0
ST_DELIB 295 11 1 1 6 10 1 0 0
ST_DELIB 295 23 1 1 6 10 1 0 0
ST_DELIB 295 26 1 1 6 10 1 0 0
ST_DELIB 295 29 1 1 6 10 1 0 0
ST_DELIB 295 13 1 1 6 10 1 0 0
ST_DELIB 296 2 1 1 6 10 1 0 0
ST_DELIB 296 5 1 1 6 10 1 0 0
ST_DELIB 296 8 1 1 6 10 1 0 0
ST_DELIB 296 11 1 1 6 10 1 0 0
ST_DELIB 296 23 1 1 6 10 1 0 0
ST_DELIB 296 26 1 1 6 10 1 0 0
ST_DELIB 296 29 1 1 6 10 1 0 0
ST_DELIB 296 13 1 1 6 10 1 0 0
ST_DELIB 297 2 1 1 6 10 1 0 0
ST_DELIB 297 5 1 1 6 10 1 0 0
ST_DELIB 297 8 1 1 6 10 1 0 0
ST_DELIB 297 11 1 1 6 10 1 0 0
ST_DELIB 297 23 1 1 6 10 1 0 0
ST_DELIB 297 26 1 1 6 10 1 0 0
ST_DELIB 297 29 1 1 6 10 1 0 0
ST_DELIB 297 13 1 1 6 10 1 0 0
ST_DELIB 298 2 1 1 6 10 1 0 0
ST_DELIB 298 5 1 1 6 10 1 0 0
ST_DELIB 298 8 1 1 6 10 1 0 0
ST_DELIB 298 11 1 1 6 10 1 0 0
ST_DELIB 298 23 1 1 6 10 1 0 0
ST_DELIB 298 26 1 1 6 10 1 0 0
ST_DELIB 298 29 1 1 6 10 1 0 0
ST_DELIB 298 13 1 1 6 10 1 0 0
ST_DELIB 299 2 1 1 6 10 1 0 0
ST_DELIB 299 5 1 1 6 10 1 0 0
ST_DELIB 299 8 1 1 6 10 1 0 0
ST_DELIB 299 11 1 1 6 10 1 0 0
ST_DELIB 299 23 1 1 6 10 1 0 0
ST_DELIB 299 26 1 1 6 10 1 0 0
ST_DELIB 299 29 1 1 6 10 1 0 0
ST_DELIB 299 13 1 1 6 10 1 0 0
ST_TS 300 32 2228 0 0 0 0 0 9 90 0 270 2176 0 0 0 0
ST_DELIB 300 2 1 1 6 10 1 0 0
ST_DELIB 300 5 1 1 6 10 1 0 0
ST_DELIB 300 8 1 1 6 10 1 0 0
ST_DELIB 300 11 1 1 6 10 1 0 0
ST_DELIB 300 23 1 1 6 10 1 0 0
ST_DELIB 300 26 1 1 6 10 1 0 0
ST_DELIB 300 29 1 1 6 10 1 0 0
ST_DELIB 300 13 1 1 6 10 1 0 0
ST_DELIB 300 2 2 1 6 10 1 0 0
ST_DELIB 300 5 2 1 6 10 1 0 0
ST_DELIB 300 8 2 1 6 10 1 0 0
ST_DELIB 300 11 2 1 6 10 1 0 0
ST_DELIB 300 23 2 1 6 10 1 0 0
ST_DELIB 300 26 2 1 6 10 1 0 0
ST_DELIB 300 29 2 1 6 10 1 0 0
ST_DELIB 300 13 2 1 6 10 1 0 0
ST_DELIB 301 2 1 1 6 10 1 0 0
ST_DELIB 301 5 1 1 6 10 1 0 0
ST_DELIB 301 8 1 1 6 10 1 0 0
ST_DELIB 301 11 1 1 6 10 1 0 0
ST_DELIB 301 23 1 1 6 10 1 0 0
ST_DELIB 301 26 1 1 6 10 1 0 0
ST_DELIB 301 29 1 1 6 10 1 0 0
ST_DELIB 301 13 1 1 6 10 1 0 0
ST_DELIB 302 2 1 1 6 10 1 0 0
ST_DELIB 302 5 1 1 6 10 1 0 0
ST_DELIB 302 8 1 1 6 10 1 0 0
ST_DELIB 302 11 1 1 6 10 1 0 0
ST_DELIB 302 23 1 1 6 10 1 0 0
ST_DELIB 302 26 1 1 6 10 1 0 0
ST_DELIB 302 29 1 1 6 10 1 0 0
ST_DELIB 302 13 1 1 6 10 1 0 0
ST_DELIB 303 2 1 1 6 10 1 0 0
ST_DELIB 303 5 1 1 6 10 1 0 0
ST_DELIB 303 8 1 1 6 10 1 0 0
ST_DELIB 303 11 1 1 6 10 1 0 0
ST_DELIB 303 23 1 1 6 10 1 0 0
ST_DELIB 303 26 1 1 6 10 1 0 0
ST_DELIB 303 29 1 1 6 10 1 0 0
ST_DELIB 303 13 1 1 6 10 1 0 0
ST_DELIB 304 2 1 1 6 10 1 0 0
ST_DELIB 304 5 1 1 6 10 1 0 0
ST_DELIB 304 8 1 1 6 10 1 0 0
ST_DELIB 304 11 1 1 6 10 1 0 0
ST_DELIB 304 23 1 1 6 10 1 0 0
ST_DELIB 304 26 1 1 6 10 1 0 0
ST_DELIB 304 29 1 1 6 10 1 0 0
ST_DELIB 304 13 1 1 6 10 1 0 0
ST_DELIB 305 2 1 1 6 10 1 0 0
ST_DELIB 305 5 1 1 6 10 1 0 0
ST_DELIB 305 8 1 1 6 10 1 0 0
ST_DELIB 305 11 1 1 6 10 1 0 0
ST_DELIB 305 23 1 1 6 10 1 0 0
ST_DELIB 305 26 1 1 6 10 1 0 0
ST_DELIB 305 29 1 1 6 10 1 0 0
ST_DELIB 305 13 1 1 6 10 1 0 0
ST_DELIB 306 2 1 1 6 10 1 0 0
ST_DELIB 306 5 1 1 6 10 1 0 0
ST_DELIB 306 8 1 1 6 10 1 0 0
ST_DELIB 306 11 1 1 6 10 1 0 0
ST_DELIB 306 23 1 1 6 10 1 0 0
ST_DELIB 306 26 1 1 6 10 1 0 0
ST_DELIB 306 29 1 1 6 10 1 0 0
ST_DELIB 306 13 1 1 6 10 1 0 0
ST_DELIB 307 2 1 1 6 10 1 0 0
ST_DELIB 307 5 1 1 6 10 1 0 0
ST_DELIB 307 8 1 1 6 10 1 0 0
ST_DELIB 307 11 1 1 6 10 1 0 0
ST_DELIB 307 23 1 1 6 10 1 0 0
ST_DELIB 307 26 1 1 6 10 1 0 0
ST_DELIB 307 29 1 1 6 10 1 0 0
ST_DELIB 307 13 1 1 6 10 1 0 0
ST_DELIB 308 2 1 1 6 10 1 0 0
ST_DELIB 308 5 1 1 6 10 1 0 0
ST_DELIB 308 8 1 1 6 10 1 0 0
ST_DELIB 308 11 1 1 6 10 1 0 0
ST_DELIB 308 23 1 1 6 10 1 0 0
ST_DELIB 308 26 1 1 6 10 1 0 0
ST_DELIB 308 29 1 1 6 10 1 0 0
ST_DELIB 308 13 1 1 6 10 1 0 0
ST_DELIB 309 2 1 1 6 10 1 0 0
ST_DELIB 309 5 1 1 6 10 1 0 0
ST_DELIB 309 8 1 1 6 10 1 0 0
ST_DELIB 309 11 1 1 6 10 1 0 0
ST_DELIB 309 23 1 1 6 10 1 0 0
ST_DELIB 309 26 1 1 6 10 1 0 0
ST_DELIB 309 29 1 1 6 10 1 0 0
ST_DELIB 309 13 1 1 6 10 1 0 0
ST_DELIB 310 2 1 1 6 10 1 0 0
ST_DELIB 310 5 1 1 6 10 1 0 0
ST_DELIB 310 8 1 1 6 10 1 0 0
ST_DELIB 310 11 1 1 6 10 1 0 0
ST_DELIB 310 23 1 1 6 10 1 0 0
ST_DELIB 310 26 1 1 6 10 1 0 0
ST_DELIB 310 29 1 1 6 10 1 0 0
ST_DELIB 310 13 1 1 6 10 1 0 0
ST_DELIB 311 2 1 1 6 10 1 0 0
ST_DELIB 311 5 1 1 6 10 1 0 0
ST_DELIB 311 8 1 1 6 10 1 0 0
ST_DELIB 311 11 1 1 6 10 1 0 0
ST_DELIB 311 23 1 1 6 10 1 0 0
ST_DELIB 311 26 1 1 6 10 1 0 0
ST_DELIB 311 29 1 1 6 10 1 0 0
ST_DELIB 311 13 1 1 6 10 1 0 0
ST_DELIB 312 2 1 1 6 10 1 0 0
ST_DELIB 312 5 1 1 6 10 1 0 0
ST_DELIB 312 8 1 1 6 10 1 0 0
ST_DELIB 312 11 1 1 6 10 1 0 0
ST_DELIB 312 23 1 1 6 10 1 0 0
ST_DELIB 312 26 1 1 6 10 1 0 0
ST_DELIB 312 29 1 1 6 10 1 0 0
ST_DELIB 312 13 1 1 6 10 1 0 0
ST_DELIB 313 2 1 1 6 10 1 0 0
ST_DELIB 313 5 1 1 6 10 1 0 0
ST_DELIB 313 8 1 1 6 10 1 0 0
ST_DELIB 313 11 1 1 6 10 1 0 0
ST_DELIB 313 23 1 1 6 10 1 0 0
ST_DELIB 313 26 1 1 6 10 1 0 0
ST_DELIB 313 29 1 1 6 10 1 0 0
ST_DELIB 313 13 1 1 6 10 1 0 0
ST_DELIB 314 2 1 1 6 10 1 0 0
ST_DELIB 314 5 1 1 6 10 1 0 0
ST_DELIB 314 8 1 1 6 10 1 0 0
ST_DELIB 314 11 1 1 6 10 1 0 0
ST_DELIB 314 23 1 1 6 10 1 0 0
ST_DELIB 314 26 1 1 6 10 1 0 0
ST_DELIB 314 29 1 1 6 10 1 0 0
ST_DELIB 314 13 1 1 6 10 1 0 0
ST_DELIB 315 2 1 1 6 10 1 0 0
ST_DELIB 315 5 1 1 6 10 1 0 0
ST_DELIB 315 8 1 1 6 10 1 0 0
ST_DELIB 315 11 1 1 6 10 1 0 0
ST_DELIB 315 23 1 1 6 10 1 0 0
ST_DELIB 315 26 1 1 6 10 1 0 0
ST_DELIB 315 29 1 1 6 10 1 0 0
ST_DELIB 315 13 1 1 6 10 1 0 0
ST_DELIB 316 2 1 1 6 10 1 0 0
ST_DELIB 316 5 1 1 6 10 1 0 0
ST_DELIB 316 8 1 1 6 10 1 0 0
ST_DELIB 316 11 1 1 6 10 1 0 0
ST_DELIB 316 23 1 1 6 10 1 0 0
ST_DELIB 316 26 1 1 6 10 1 0 0
ST_DELIB 316 29 1 1 6 10 1 0 0
ST_DELIB 316 13 1 1 6 10 1 0 0
ST_DELIB 317 2 1 1 6 10 1 0 0
ST_DELIB 317 5 1 1 6 10 1 0 0
ST_DELIB 317 8 1 1 6 10 1 0 0
ST_DELIB 317 11 1 1 6 10 1 0 0
ST_DELIB 317 23 1 1 6 10 1 0 0
ST_DELIB 317 26 1 1 6 10 1 0 0
ST_DELIB 317 29 1 1 6 10 1 0 0
ST_DELIB 317 13 1 1 6 10 1 0 0
ST_DELIB 318 2 1 1 6 10 1 0 0
ST_DELIB 318 5 1 1 6 10 1 0 0
ST_DELIB 318 8 1 1 6 10 1 0 0
ST_DELIB 318 11 1 1 6 10 1 0 0
ST_DELIB 318 23 1 1 6 10 1 0 0
ST_DELIB 318 26 1 1 6 10 1 0 0
ST_DELIB 318 29 1 1 6 10 1 0 0
ST_DELIB 318 13 1 1 6 10 1 0 0
ST_DELIB 319 2 1 1 6 10 1 0 0
ST_DELIB 319 5 1 1 6 10 1 0 0
ST_DELIB 319 8 1 1 6 10 1 0 0
ST_DELIB 319 11 1 1 6 10 1 0 0
ST_DELIB 319 23 1 1 6 10 1 0 0
ST_DELIB 319 26 1 1 6 10 1 0 0
ST_DELIB 319 29 1 1 6 10 1 0 0
ST_DELIB 319 13 1 1 6 10 1 0 0
ST_DELIB 320 2 1 1 6 10 1 0 0
ST_DELIB 320 5 1 1 6 10 1 0 0
ST_DELIB 320 8 1 1 6 10 1 0 0
ST_DELIB 320 11 1 1 6 10 1 0 0
ST_DELIB 320 23 1 1 6 10 1 0 0
ST_DELIB 320 26 1 1 6 10 1 0 0
ST_DELIB 320 29 1 1 6 10 1 0 0
ST_DELIB 320 13 1 1 6 10 1 0 0
ST_DELIB 321 2 1 1 6 10 1 0 0
ST_DELIB 321 5 1 1 6 10 1 0 0
ST_DELIB 321 8 1 1 6 10 1 0 0
ST_DELIB 321 11 1 1 6 10 1 0 0
ST_DELIB 321 23 1 1 6 10 1 0 0
ST_DELIB 321 26 1 1 6 10 1 0 0
ST_DELIB 321 29 1 1 6 10 1 0 0
ST_DELIB 321 13 1 1 6 10 1 0 0
ST_DELIB 322 2 1 1 6 10 1 0 0
ST_DELIB 322 5 1 1 6 10 1 0 0
ST_DELIB 322 8 1 1 6 10 1 0 0
ST_DELIB 322 11 1 1 6 10 1 0 0
ST_DELIB 322 23 1 1 6 10 1 0 0
ST_DELIB 322 26 1 1 6 10 1 0 0
ST_DELIB 322 29 1 1 6 10 1 0 0
ST_DELIB 322 13 1 1 6 10 1 0 0
ST_DELIB 323 2 1 1 6 10 1 0 0
ST_DELIB 323 5 1 1 6 10 1 0 0
ST_DELIB 323 8 1 1 6 10 1 0 0
ST_DELIB 323 11 1 1 6 10 1 0 0
ST_DELIB 323 23 1 1 6 10 1 0 0
ST_DELIB 323 26 1 1 6 10 1 0 0
ST_DELIB 323 29 1 1 6 10 1 0 0
ST_DELIB 323 13 1 1 6 10 1 0 0
ST_DELIB 324 2 1 1 6 10 1 0 0
ST_DELIB 324 5 1 1 6 10 1 0 0
ST_DELIB 324 8 1 1 6 10 1 0 0
ST_DELIB 324 11 1 1 6 10 1 0 0
ST_DELIB 324 23 1 1 6 10 1 0 0
ST_DELIB 324 26 1 1 6 10 1 0 0
ST_DELIB 324 29 1 1 6 10 1 0 0
ST_DELIB 324 13 1 1 6 10 1 0 0
ST_TS 325 32 2436 0 0 0 0 0 9 97 0 295 2384 0 0 0 0
ST_DELIB 325 2 1 1 6 10 1 0 0
ST_DELIB 325 5 1 1 6 10 1 0 0
ST_DELIB 325 8 1 1 6 10 1 0 0
ST_DELIB 325 11 1 1 6 10 1 0 0
ST_DELIB 325 23 1 1 6 10 1 0 0
ST_DELIB 325 26 1 1 6 10 1 0 0
ST_DELIB 325 29 1 1 6 10 1 0 0
ST_DELIB 325 13 1 1 6 10 1 0 0
ST_DELIB 326 2 1 1 6 10 1 0 0
ST_DELIB 326 5 1 1 6 10 1 0 0
ST_DELIB 326 8 1 1 6 10 1 0 0
ST_DELIB 326 11 1 1 6 10 1 0 0
ST_DELIB 326 23 1 1 6 10 1 0 0
ST_DELIB 326 26 1 1 6 10 1 0 0
ST_DELIB 326 29 1 1 6 10 1 0 0
ST_DELIB 326 13 1 1 6 10 1 0 0
ST_DELIB 327 2 1 1 6 10 1 0 0
ST_DELIB 327 5 1 1 6 10 1 0 0
ST_DELIB 327 8 1 1 6 10 1 0 0
ST_DELIB 327 11 1 1 6 10 1 0 0
ST_DELIB 327 23 1 1 6 10 1 0 0
ST_DELIB 327 26 1 1 6 10 1 0 0
ST_DELIB 327 29 1 1 6 10 1 0 0
ST_DELIB 327 13 1 1 6 10 1 0 0
ST_DELIB 328 2 1 1 6 10 1 0 0
ST_DELIB 328 5 1 1 6 10 1 0 0
ST_DELIB 328 8 1 1 6 10 1 0 0
ST_DELIB 328 11 1 1 6 10 1 0 0
ST_DELIB 328 23 1 1 6 10 1 0 0
ST_DELIB 328 26 1 1 6 10 1 0 0
ST_DELIB 328 29 1 1 6 10 1 0 0
ST_DELIB 328 13 1 1 6 10 1 0 0
ST_DELIB 329 2 1 1 6 10 1 0 0
ST_DELIB 329 5 1 1 6 10 1 0 0
ST_DELIB 329 8 1 1 6 10 1 0 0
ST_DELIB 329 11 1 1 6 10 1 0 0
ST_DELIB 329 23 1 1 6 10 1 0 0
ST_DELIB 329 26 1 1 6 10 1 0 0
ST_DELIB 329 29 1 1 6 10 1 0 0
ST_DELIB 329 13 1 1 6 10 1 0 0
ST_DELIB 330 2 1 1 6 10 1 0 0
ST_DELIB 330 5 1 1 6 10 1 0 0
ST_DELIB 330 8 1 1 6 10 1 0 0
ST_DELIB 330 11 1 1 6 10 1 0 0
ST_DELIB 330 23 1 1 6 10 1 0 0
ST_DELIB 330 26 1 1 6 10 1 0 0
ST_DELIB 330 29 1 1 6 10 1 0 0
ST_DELIB 330 13 1 1 6 10 1 0 0
ST_DELIB 331 2 1 1 6 10 1 0 0
ST_DELIB 331 5 1 1 6 10 1 0 0
ST_DELIB 331 8 1 1 6 10 1 0 0
ST_DELIB 331 11 1 1 6 10 1 0 0
ST_DELIB 331 23 1 1 6 10 1 0 0
ST_DELIB 331 26 1 1 6 10 1 0 0
ST_DELIB 331 29 1 1 6 10 1 0 0
ST_DELIB 331 13 1 1 6 10 1 0 0
ST_DELIB 332 2 1 1 6 10 1 0 0
ST_DELIB 332 5 1 1 6 10 1 0 0
ST_DELIB 332 8 1 1 6 10 1 0 0
ST_DELIB 332 11 1 1 6 10 1 0 0
ST_DELIB 332 23 1 1 6 10 1 0 0
ST_DELIB 332 26 1 1 6 10 1 0 0
ST_DELIB 332 29 1 1 6 10 1 0 0
ST_DELIB 332 13 1 1 6 10 1 0 0
ST_DELIB 333 2 1 1 6 10 1 0 0
ST_DELIB 333 5 1 1 6 10 1 0 0
ST_DELIB 333 8 1 1 6 10 1 0 0
ST_DELIB 333 11 1 1 6 10 1 0 0
ST_DELIB 333 23 1 1 6 10 1 0 0
ST_DELIB 333 26 1 1 6 10 1 0 0
ST_DELIB 333 29 1 1 6 10 1 0 0
ST_DELIB 333 13 1 1 6 10 1 0 0
ST_DELIB 334 2 1 1 6 10 1 0 0
ST_DELIB 334 5 1 1 6 10 1 0 0
ST_DELIB 334 8 1 1 6 10 1 0 0
ST_DELIB 334 11 1 1 6 10 1 0 0
ST_DELIB 334 23 1 1 6 10 1 0 0
ST_DELIB 334 26 1 1 6 10 1 0 0
ST_DELIB 334 29 1 1 6 10 1 0 0
ST_DELIB 334 13 1 1 6 10 1 0 0
ST_DELIB 335 2 1 1 6 10 1 0 0
ST_DELIB 335 5 1 1 6 10 1 0 0
ST_DELIB 335 8 1 1 6 10 1 0 0
ST_DELIB 335 11 1 1 6 10 1 0 0
ST_DELIB 335 23 1 1 6 10 1 0 0
ST_DELIB 335 26 1 1 6 10 1 0 0
ST_DELIB 335 29 1 1 6 10 1 0 0
ST_DELIB 335 13 1 1 6 10 1 0 0
ST_DELIB 336 2 1 1 6 10 1 0 0
ST_DELIB 336 5 1 1 6 10 1 0 0
ST_DELIB 336 8 1 1 6 10 1 0 0
ST_DELIB 336 11 1 1 6 10 1 0 0
ST_DELIB 336 23 1 1 6 10 1 0 0
ST_DELIB 336 26 1 1 6 10 1 0 0
ST_DELIB 336 29 1 1 6 10 1 0 0
ST_DELIB 336 13 1 1 6 10 1 0 0
ST_DELIB 337 2 1 1 6 10 1 0 0
ST_DELIB 337 5 1 1 6 10 1 0 0
ST_DELIB 337 8 1 1 6 10 1 0 0
ST_DELIB 337 11 1 1 6 10 1 0 0
ST_DELIB 337 23 1 1 6 10 1 0 0
ST_DELIB 337 26 1 1 6 10 1 0 0
ST_DELIB 337 29 1 1 6 10 1 0 0
ST_DELIB 337 13 1 1 6 10 1 0 0
ST_DELIB 338 2 1 1 6 10 1 0 0
ST_DELIB 338 5 1 1 6 10 1 0 0
ST_DELIB 338 8 1 1 6 10 1 0 0
ST_DELIB 338 11 1 1 6 10 1 0 0
ST_DELIB 338 23 1 1 6 10 1 0 0
ST_DELIB 338 26 1 1 6 10 1 0 0
ST_DELIB 338 29 1 1 6 10 1 0 0
ST_DELIB 338 13 1 1 6 10 1 0 0
ST_DELIB 339 2 1 1 6 10 1 0 0
ST_DELIB 339 5 1 1 6 10 1 0 0
ST_DELIB 339 8 1 1 6 10 1 0 0
ST_DELIB 339 11 1 1 6 10 1 0 0
ST_DELIB 339 23 1 1 6 10 1 0 0
ST_DELIB 339 26 1 1 6 10 1 0 0
ST_DELIB 339 29 1 1 6 10 1 0 0
ST_DELIB 339 13 1 1 6 10 1 0 0
ST_DELIB 340 2 1 1 6 10 1 0 0
ST_DELIB 340 5 1 1 6 10 1 0 0
ST_DELIB 340 8 1 1 6 10 1 0 0
ST_DELIB 340 11 1 1 6 10 1 0 0
ST_DELIB 340 23 1 1 6 10 1 0 0
ST_DELIB 340 26 1 1 6 10 1 0 0
ST_DELIB 340 29 1 1 6 10 1 0 0
ST_DELIB 340 13 1 1 6 10 1 0 0
ST_DELIB 341 2 1 1 6 10 1 0 0
ST_DELIB 341 5 1 1 6 10 1 0 0
ST_DELIB 341 8 1 1 6 10 1 0 0
ST_DELIB 341 11 1 1 6 10 1 0 0
ST_DELIB 341 23 1 1 6 10 1 0 0
ST_DELIB 341 26 1 1 6 10 1 0 0
ST_DELIB 341 29 1 1 6 10 1 0 0
ST_DELIB 341 13 1 1 6 10 1 0 0
ST_DELIB 342 2 1 1 6 10 1 0 0
ST_DELIB 342 5 1 1 6 10 1 0 0
ST_DELIB 342 8 1 1 6 10 1 0 0
ST_DELIB 342 11 1 1 6 10 1 0 0
ST_DELIB 342 23 1 1 6 10 1 0 0
ST_DELIB 342 26 1 1 6 10 1 0 0
ST_DELIB 342 29 1 1 6 10 1 0 0
ST_DELIB 342 13 1 1 6 10 1 0 0
ST_DELIB 343 2 1 1 6 10 1 0 0
ST_DELIB 343 5 1 1 6 10 1 0 0
ST_DELIB 343 8 1 1 6 10 1 0 0
ST_DELIB 343 11 1 1 6 10 1 0 0
ST_DELIB 343 23 1 1 6 10 1 0 0
ST_DELIB 343 26 1 1 6 10 1 0 0
ST_DELIB 343 29 1 1 6 10 1 0 0
ST_DELIB 343 13 1 1 6 10 1 0 0
ST_DELIB 344 2 1 1 6 10 1 0 0
ST_DELIB 344 5 1 1 6 10 1 0 0
ST_DELIB 344 8 1 1 6 10 1 0 0
ST_DELIB 344 11 1 1 6 10 1 0 0
ST_DELIB 344 23 1 1 6 10 1 0 0
ST_DELIB 344 26 1 1 6 10 1 0 0
ST_DELIB 344 29 1 1 6 10 1 0 0
ST_DELIB 344 13 1 1 6 10 1 0 0
ST_DELIB 345 2 1 1 6 10 1 0 0
ST_DELIB 345 5 1 1 6 10 1 0 0
ST_DELIB 345 8 1 1 6 10 1 0 0
ST_DELIB 345 11 1 1 6 10 1 0 0
ST_DELIB 345 23 1 1 6 10 1 0 0
ST_DELIB 345 26 1 1 6 10 1 0 0
ST_DELIB 345 29 1 1 6 10 1 0 0
ST_DELIB 345 13 1 1 6 10 1 0 0
ST_DELIB 346 2 1 1 6 10 1 0 0
ST_DELIB 346 5 1 1 6 10 1 0 0
ST_DELIB 346 8 1 1 6 10 1 0 0
ST_DELIB 346 11 1 1 6 10 1 0 0
ST_DELIB 346 23 1 1 6 10 1 0 0
ST_DELIB 346 26 1 1 6 10 1 0 0
ST_DELIB 346 29 1 1 6 10 1 0 0
ST_DELIB 346 13 1 1 6 10 1 0 0
ST_DELIB 347 2 1 1 6 10 1 0 0
ST_DELIB 347 5 1 1 6 10 1 0 0
ST_DELIB 347 8 1 1 6 10 1 0 0
ST_DELIB 347 11 1 1 6 10 1 0 0
ST_DELIB 347 23 1 1 6 10 1 0 0
ST_DELIB 347 26 1 1 6 10 1 0 0
ST_DELIB 347 29 1 1 6 10 1 0 0
ST_DELIB 347 13 1 1 6 10 1 0 0
ST_DELIB 348 2 1 1 6 10 1 0 0
ST_DELIB 348 5 1 1 6 10 1 0 0
ST_DELIB 348 8 1 1 6 10 1 0 0
ST_DELIB 348 11 1 1 6 10 1 0 0
ST_DELIB 348 23 1 1 6 10 1 0 0
ST_DELIB 348 26 1 1 6 10 1 0 0
ST_DELIB 348 29 1 1 6 10 1 0 0
ST_DELIB 348 13 1 1 6 10 1 0 0
ST_DELIB 349 2 1 1 6 10 1 0 0
ST_DELIB 349 5 1 1 6 10 1 0 0
ST_DELIB 349 8 1 1 6 10 1 0 0
ST_DELIB 349 11 1 1 6 10 1 0 0
ST_DELIB 349 23 1 1 6 10 1 0 0
ST_DELIB 349 26 1 1 6 10 1 0 0
ST_DELIB 349 29 1 1 6 10 1 0 0
ST_DELIB 349 13 1 1 6 10 1 0 0
ST_TS 350 32 2636 0 0 0 0 0 9 105 0 320 2584 0 0 0 0
ST_DELIB 350 2 1 1 6 10 1 0 0
ST_DELIB 350 5 1 1 6 10 1 0 0
ST_DELIB 350 8 1 1 6 10 1 0 0
ST_DELIB 350 11 1 1 6 10 1 0 0
ST_DELIB 350 23 1 1 6 10 1 0 0
ST_DELIB 350 26 1 1 6 10 1 0 0
ST_DELIB 350 29 1 1 6 10 1 0 0
ST_DELIB 350 13 1 1 6 10 1 0 0
ST_DELIB 351 2 1 1 6 10 1 0 0
ST_DELIB 351 5 1 1 6 10 1 0 0
ST_DELIB 351 8 1 1 6 10 1 0 0
ST_DELIB 351 11 1 1 6 10 1 0 0
ST_DELIB 351 23 1 1 6 10 1 0 0
ST_DELIB 351 26 1 1 6 10 1 0 0
ST_DELIB 351 29 1 1 6 10 1 0 0
ST_DELIB 351 13 1 1 6 10 1 0 0
ST_DELIB 352 2 1 1 6 10 1 0 0
ST_DELIB 352 5 1 1 6 10 1 0 0
ST_DELIB 352 8 1 1 6 10 1 0 0
ST_DELIB 352 11 1 1 6 10 1 0 0
ST_DELIB 352 23 1 1 6 10 1 0 0
ST_DELIB 352 26 1 1 6 10 1 0 0
ST_DELIB 352 29 1 1 6 10 1 0 0
ST_DELIB 352 13 1 1 6 10 1 0 0
ST_DELIB 353 2 1 1 6 10 1 0 0
ST_DELIB 353 5 1 1 6 10 1 0 0
ST_DELIB 353 8 1 1 6 10 1 0 0
ST_DELIB 353 11 1 1 6 10 1 0 0
ST_DELIB 353 23 1 1 6 10 1 0 0
ST_DELIB 353 26 1 1 6 10 1 0 0
ST_DELIB 353 29 1 1 6 10 1 0 0
ST_DELIB 353 13 1 1 6 10 1 0 0
ST_DELIB 354 2 1 1 6 10 1 0 0
ST_DELIB 354 5 1 1 6 10 1 0 0
ST_DELIB 354 8 1 1 6 10 1 0 0
ST_DELIB 354 11 1 1 6 10 1 0 0
ST_DELIB 354 23 1 1 6 10 1 0 0
ST_DELIB 354 26 1 1 6 10 1 0 0
ST_DELIB 354 29 1 1 6 10 1 0 0
ST_DELIB 354 13 1 1 6 10 1 0 0
ST_DELIB 355 2 1 1 6 10 1 0 0
ST_DELIB 355 5 1 1 6 10 1 0 0
ST_DELIB 355 8 1 1 6 10 1 0 0
ST_DELIB 355 11 1 1 6 10 1 0 0
ST_DELIB 355 23 1 1 6 10 1 0 0
ST_DELIB 355 26 1 1 6 10 1 0 0
ST_DELIB 355 29 1 1 6 10 1 0 0
ST_DELIB 355 13 1 1 6 10 1 0 0
ST_DELIB 356 2 1 1 6 10 1 0 0
ST_DELIB 356 5 1 1 6 10 1 0 0
ST_DELIB 356 8 1 1 6 10 1 0 0
ST_DELIB 356 11 1 1 6 10 1 0 0
ST_DELIB 356 23 1 1 6 10 1 0 0
ST_DELIB 356 26 1 1 6 10 1 0 0
ST_DELIB 356 29 1 1 6 10 1 0 0
ST_DELIB 356 13 1 1 6 10 1 0 0
ST_DELIB 357 2 1 1 6 10 1 0 0
ST_DELIB 357 5 1 1 6 10 1 0 0
ST_DELIB 357 8 1 1 6 10 1 0 0
ST_DELIB 357 11 1 1 6 10 1 0 0
ST_DELIB 357 23 1 1 6 10 1 0 0
ST_DELIB 357 26 1 1 6 10 1 0 0
ST_DELIB 357 29 1 1 6 10 1 0 0
ST_DELIB 357 13 1 1 6 10 1 0 0
ST_DELIB 358 2 1 1 6 10 1 0 0
ST_DELIB 358 5 1 1 6 10 1 0 0
ST_DELIB 358 8 1 1 6 10 1 0 0
ST_DELIB 358 11 1 1 6 10 1 0 0
ST_DELIB 358 23 1 1 6 10 1 0 0
ST_DELIB 358 26 1 1 6 10 1 0 0
ST_DELIB 358 29 1 1 6 10 1 0 0
ST_DELIB 358 13 1 1 6 10 1 0 0
ST_DELIB 359 2 1 1 6 10 1 0 0
ST_DELIB 359 5 1 1 6 10 1 0 0
ST_DELIB 359 8 1 1 6 10 1 0 0
ST_DELIB 359 11 1 1 6 10 1 0 0
ST_DELIB 359 23 1 1 6 10 1 0 0
ST_DELIB 359 26 1 1 6 10 1 0 0
ST_DELIB 359 29 1 1 6 10 1 0 0
ST_DELIB 359 13 1 1 6 10 1 0 0
ST_DELIB 360 2 1 1 6 10 1 0 0
ST_DELIB 360 5 1 1 6 10 1 0 0
ST_DELIB 360 8 1 1 6 10 1 0 0
ST_DELIB 360 11 1 1 6 10 1 0 0
ST_DELIB 360 23 1 1 6 10 1 0 0
ST_DELIB 360 26 1 1 6 10 1 0 0
ST_DELIB 360 29 1 1 6 10 1 0 0
ST_DELIB 360 13 1 1 6 10 1 0 0
ST_DELIB 361 2 1 1 6 10 1 0 0
ST_DELIB 361 5 1 1 6 10 1 0 0
ST_DELIB 361 8 1 1 6 10 1 0 0
ST_DELIB 361 11 1 1 6 10 1 0 0
ST_DELIB 361 23 1 1 6 10 1 0 0
ST_DELIB 361 26 1 1 6 10 1 0 0
ST_DELIB 361 29 1 1 6 10 1 0 0
ST_DELIB 361 13 1 1 6 10 1 0 0
ST_DELIB 362 2 1 1 6 10 1 0 0
ST_DELIB 362 5 1 1 6 10 1 0 0
ST_DELIB 362 8 1 1 6 10 1 0 0
ST_DELIB 362 11 1 1 6 10 1 0 0
ST_DELIB 362 23 1 1 6 10 1 0 0
ST_DELIB 362 26 1 1 6 10 1 0 0
ST_DELIB 362 29 1 1 6 10 1 0 0
ST_DELIB 362 13 1 1 6 10 1 0 0
ST_DELIB 363 2 1 1 6 10 1 0 0
ST_DELIB 363 5 1 1 6 10 1 0 0
ST_DELIB 363 8 1 1 6 10 1 0 0
ST_DELIB 363 11 1 1 6 10 1 0 0
ST_DELIB 363 23 1 1 6 10 1 0 0
ST_DELIB 363 26 1 1 6 10 1 0 0
ST_DELIB 363 29 1 1 6 10 1 0 0
ST_DELIB 363 13 1 1 6 10 1 0 0
ST_DELIB 364 2 1 1 6 10 1 0 0
ST_DELIB 364 5 1 1 6 10 1 0 0
ST_DELIB 364 8 1 1 6 10 1 0 0
ST_DELIB 364 11 1 1 6 10 1 0 0
ST_DELIB 364 23 1 1 6 10 1 0 0
ST_DELIB 364 26 1 1 6 10 1 0 0
ST_DELIB 364 29 1 1 6 10 1 0 0
ST_DELIB 364 13 1 1 6 10 1 0 0
ST_DELIB 365 2 1 1 6 10 1 0 0
ST_DELIB 365 5 1 1 6 10 1 0 0
ST_DELIB 365 8 1 1 6 10 1 0 0
ST_DELIB 365 11 1 1 6 10 1 0 0
ST_DELIB 365 23 1 1 6 10 1 0 0
ST_DELIB 365 26 1 1 6 10 1 0 0
ST_DELIB 365 29 1 1 6 10 1 0 0
ST_DELIB 365 13 1 1 6 10 1 0 0
ST_DELIB 366 2 1 1 6 10 1 0 0
ST_DELIB 366 5 1 1 6 10 1 0 0
ST_DELIB 366 8 1 1 6 10 1 0 0
ST_DELIB 366 11 1 1 6 10 1 0 0
ST_DELIB 366 23 1 1 6 10 1 0 0
ST_DELIB 366 26 1 1 6 10 1 0 0
ST_DELIB 366 29 1 1 6 10 1 0 0
ST_DELIB 366 13 1 1 6 10 1 0 0
ST_DELIB 367 2 1 1 6 10 1 0 0
ST_DELIB 367 5 1 1 6 10 1 0 0
ST_DELIB 367 8 1 1 6 10 1 0 0
ST_DELIB 367 11 1 1 6 10 1 0 0
ST_DELIB 367 23 1 1 6 10 1 0 0
ST_DELIB 367 26 1 1 6 10 1 0 0
ST_DELIB 367 29 1 1 6 10 1 0 0
ST_DELIB 367 13 1 1 6 10 1 0 0
ST_DELIB 368 2 1 1 6 10 1 0 0
ST_DELIB 368 5 1 1 6 10 1 0 0
ST_DELIB 368 8 1 1 6 10 1 0 0
ST_DELIB 368 11 1 1 6 10 1 0 0
ST_DELIB 368 23 1 1 6 10 1 0 0
ST_DELIB 368 26 1 1 6 10 1 0 0
ST_DELIB 368 29 1 1 6 10 1 0 0
ST_DELIB 368 13 1 1 6 10 1 0 0
ST_DELIB 369 2 1 1 6 10 1 0 0
ST_DELIB 369 5 1 1 6 10 1 0 0
ST_DELIB 369 8 1 1 6 10 1 0 0
ST_DELIB 369 11 1 1 6 10 1 0 0
ST_DELIB 369 23 1 1 6 10 1 0 0
ST_DELIB 369 26 1 1 6 10 1 0 0
ST_DELIB 369 29 1 1 6 10 1 0 0
ST_DELIB 369 13 1 1 6 10 1 0 0
ST_DELIB 370 2 1 1 6 10 1 0 0
ST_DELIB 370 5 1 1 6 10 1 0 0
ST_DELIB 370 8 1 1 6 10 1 0 0
ST_DELIB 370 11 1 1 6 10 1 0 0
ST_DELIB 370 23 1 1 6 10 1 0 0
ST_DELIB 370 26 1 1 6 10 1 0 0
ST_DELIB 370 29 1 1 6 10 1 0 0
ST_DELIB 370 13 1 1 6 10 1 0 0
ST_DELIB 371 2 1 1 6 10 1 0 0
ST_DELIB 371 5 1 1 6 10 1 0 0
ST_DELIB 371 8 1 1 6 10 1 0 0
ST_DELIB 371 11 1 1 6 10 1 0 0
ST_DELIB 371 23 1 1 6 10 1 0 0
ST_DELIB 371 26 1 1 6 10 1 0 0
ST_DELIB 371 29 1 1 6 10 1 0 0
ST_DELIB 371 13 1 1 6 10 1 0 0
ST_DELIB 372 2 1 1 6 10 1 0 0
ST_DELIB 372 5 1 1 6 10 1 0 0
ST_DELIB 372 8 1 1 6 10 1 0 0
ST_DELIB 372 11 1 1 6 10 1 0 0
ST_DELIB 372 23 1 1 6 10 1 0 0
ST_DELIB 372 26 1 1 6 10 1 0 0
ST_DELIB 372 29 1 1 6 10 1 0 0
ST_DELIB 372 13 1 1 6 10 1 0 0
ST_DELIB 373 2 1 1 6 10 1 0 0
ST_DELIB 373 5 1 1 6 10 1 0 0
ST_DELIB 373 8 1 1 6 10 1 0 0
ST_DELIB 373 11 1 1 6 10 1 0 0
ST_DELIB 373 23 1 1 6 10 1 0 0
ST_DELIB 373 26 1 1 6 10 1 0 0
ST_DELIB 373 29 1 1 6 10 1 0 0
ST_DELIB 373 13 1 1 6 10 1 0 0
ST_DELIB 374 2 1 1 6 10 1 0 0
ST_DELIB 374 5 1 1 6 10 1 0 0
ST_DELIB 374 8 1 1 6 10 1 0 0
ST_DELIB 374 11 1 1 6 10 1 0 0
ST_DELIB 374 23 1 1 6 10 1 0 0
ST_DELIB 374 26 1 1 6 10 1 0 0
ST_DELIB 374 29 1 1 6 10 1 0 0
ST_DELIB 374 13 1 1 6 10 1 0 0
ST_TS 375 32 2836 0 0 0 0 0 9 112 0 345 2784 0 0 0 0
ST_DELIB 375 2 1 1 6 10 1 0 0
ST_DELIB 375 5 1 1 6 10 1 0 0
ST_DELIB 375 8 1 1 6 10 1 0 0
ST_DELIB 375 11 1 1 6 10 1 0 0
ST_DELIB 375 23 1 1 6 10 1 0 0
ST_DELIB 375 26 1 1 6 10 1 0 0
ST_DELIB 375 29 1 1 6 10 1 0 0
ST_DELIB 375 13 1 1 6 10 1 0 0
ST_DELIB 376 2 1 1 6 10 1 0 0
ST_DELIB 376 5 1 1 6 10 1 0 0
ST_DELIB 376 8 1 1 6 10 1 0 0
ST_DELIB 376 11 1 1 6 10 1 0 0
ST_DELIB 376 23 1 1 6 10 1 0 0
ST_DELIB 376 26 1 1 6 10 1 0 0
ST_DELIB 376 29 1 1 6 10 1 0 0
ST_DELIB 376 13 1 1 6 10 1 0 0
ST_DELIB 377 2 1 1 6 10 1 0 0
ST_DELIB 377 5 1 1 6 10 1 0 0
ST_DELIB 377 8 1 1 6 10 1 0 0
ST_DELIB 377 11 1 1 6 10 1 0 0
ST_DELIB 377 23 1 1 6 10 1 0 0
ST_DELIB 377 26 1 1 6 10 1 0 0
ST_DELIB 377 29 1 1 6 10 1 0 0
ST_DELIB 377 13 1 1 6 10 1 0 0
ST_DELIB 378 2 1 1 6 10 1 0 0
ST_DELIB 378 5 1 1 6 10 1 0 0
ST_DELIB 378 8 1 1 6 10 1 0 0
ST_DELIB 378 11 1 1 6 10 1 0 0
ST_DELIB 378 23 1 1 6 10 1 0 0
ST_DELIB 378 26 1 1 6 10 1 0 0
ST_DELIB 378 29 1 1 6 10 1 0 0
ST_DELIB 378 13 1 1 6 10 1 0 0
ST_DELIB 379 2 1 1 6 10 1 0 0
ST_DELIB 379 5 1 1 6 10 1 0 0
ST_DELIB 379 8 1 1 6 10 1 0 0
ST_DELIB 379 11 1 1 6 10 1 0 0
ST_DELIB 379 23 1 1 6 10 1 0 0
ST_DELIB 379 26 1 1 6 10 1 0 0
ST_DELIB 379 29 1 1 6 10 1 0 0
ST_DELIB 379 13 1 1 6 10 1 0 0
ST_DELIB 380 2 1 1 6 10 1 0 0
ST_DELIB 380 5 1 1 6 10 1 0 0
ST_DELIB 380 8 1 1 6 10 1 0 0
ST_DELIB 380 11 1 1 6 10 1 0 0
ST_DELIB 380 23 1 1 6 10 1 0 0
ST_DELIB 380 26 1 1 6 10 1 0 0
ST_DELIB 380 29 1 1 6 10 1 0 0
ST_DELIB 380 13 1 1 6 10 1 0 0
ST_DELIB 381 2 1 1 6 10 1 0 0
ST_DELIB 381 5 1 1 6 10 1 0 0
ST_DELIB 381 8 1 1 6 10 1 0 0
ST_DELIB 381 11 1 1 6 10 1 0 0
ST_DELIB 381 23 1 1 6 10 1 0 0
ST_DELIB 381 26 1 1 6 10 1 0 0
ST_DELIB 381 29 1 1 6 10 1 0 0
ST_DELIB 381 13 1 1 6 10 1 0 0
ST_DELIB 382 2 1 1 6 10 1 0 0
ST_DELIB 382 5 1 1 6 10 1 0 0
ST_DELIB 382 8 1 1 6 10 1 0 0
ST_DELIB 382 11 1 1 6 10 1 0 0
ST_DELIB 382 23 1 1 6 10 1 0 0
ST_DELIB 382 26 1 1 6 10 1 0 0
ST_DELIB 382 29 1 1 6 10 1 0 0
ST_DELIB 382 13 1 1 6 10 1 0 0
ST_DELIB 383 2 1 1 6 10 1 0 0
ST_DELIB 383 5 1 1 6 10 1 0 0
ST_DELIB 383 8 1 1 6 10 1 0 0
ST_DELIB 383 11 1 1 6 10 1 0 0
ST_DELIB 383 23 1 1 6 10 1 0 0
ST_DELIB 383 26 1 1 6 10 1 0 0
ST_DELIB 383 29 1 1 6 10 1 0 0
ST_DELIB 383 13 1 1 6 10 1 0 0
ST_DELIB 384 2 1 1 6 10 1 0 0
ST_DELIB 384 5 1 1 6 10 1 0 0
ST_DELIB 384 8 1 1 6 10 1 0 0
ST_DELIB 384 11 1 1 6 10 1 0 0
ST_DELIB 384 23 1 1 6 10 1 0 0
ST_DELIB 384 26 1 1 6 10 1 0 0
ST_DELIB 384 29 1 1 6 10 1 0 0
ST_DELIB 384 13 1 1 6 10 1 0 0
ST_DELIB 385 2 1 1 6 10 1 0 0
ST_DELIB 385 5 1 1 6 10 1 0 0
ST_DELIB 385 8 1 1 6 10 1 0 0
ST_DELIB 385 11 1 1 6 10 1 0 0
ST_DELIB 385 23 1 1 6 10 1 0 0
ST_DELIB 385 26 1 1 6 10 1 0 0
ST_DELIB 385 29 1 1 6 10 1 0 0
ST_DELIB 385 13 1 1 6 10 1 0 0
ST_DELIB 386 2 1 1 6 10 1 0 0
ST_DELIB 386 5 1 1 6 10 1 0 0
ST_DELIB 386 8 1 1 6 10 1 0 0
ST_DELIB 386 11 1 1 6 10 1 0 0
ST_DELIB 386 23 1 1 6 10 1 0 0
ST_DELIB 386 26 1 1 6 10 1 0 0
ST_DELIB 386 29 1 1 6 10 1 0 0
ST_DELIB 386 13 1 1 6 10 1 0 0
ST_DELIB 387 2 1 1 6 10 1 0 0
ST_DELIB 387 5 1 1 6 10 1 0 0
ST_DELIB 387 8 1 1 6 10 1 0 0
ST_DELIB 387 11 1 1 6 10 1 0 0
ST_DELIB 387 23 1 1 6 10 1 0 0
ST_DELIB 387 26 1 1 6 10 1 0 0
ST_DELIB 387 29 1 1 6 10 1 0 0
ST_DELIB 387 13 1 1 6 10 1 0 0
ST_DELIB 388 2 1 1 6 10 1 0 0
ST_DELIB 388 5 1 1 6 10 1 0 0
ST_DELIB 388 8 1 1 6 10 1 0 0
ST_DELIB 388 11 1 1 6 10 1 0 0
ST_DELIB 388 23 1 1 6 10 1 0 0
ST_DELIB 388 26 1 1 6 10 1 0 0
ST_DELIB 388 29 1 1 6 10 1 0 0
ST_DELIB 388 13 1 1 6 10 1 0 0
ST_DELIB 389 2 1 1 6 10 1 0 0
ST_DELIB 389 5 1 1 6 10 1 0 0
ST_DELIB 389 8 1 1 6 10 1 0 0
ST_DELIB 389 11 1 1 6 10 1 0 0
ST_DELIB 389 23 1 1 6 10 1 0 0
ST_DELIB 389 26 1 1 6 10 1 0 0
ST_DELIB 389 29 1 1 6 10 1 0 0
ST_DELIB 389 13 1 1 6 10 1 0 0
ST_DELIB 390 2 1 1 6 10 1 0 0
ST_DELIB 390 5 1 1 6 10 1 0 0
ST_DELIB 390 8 1 1 6 10 1 0 0
ST_DELIB 390 11 1 1 6 10 1 0 0
ST_DELIB 390 23 1 1 6 10 1 0 0
ST_DELIB 390 26 1 1 6 10 1 0 0
ST_DELIB 390 29 1 1 6 10 1 0 0
ST_DELIB 390 13 1 1 6 10 1 0 0
ST_DELIB 391 2 1 1 6 10 1 0 0
ST_DELIB 391 5 1 1 6 10 1 0 0
ST_DELIB 391 8 1 1 6 10 1 0 0
ST_DELIB 391 11 1 1 6 10 1 0 0
ST_DELIB 391 23 1 1 6 10 1 0 0
ST_DELIB 391 26 1 1 6 10 1 0 0
ST_DELIB 391 29 1 1 6 10 1 0 0
ST_DELIB 391 13 1 1 6 10 1 0 0
ST_DELIB 392 2 1 1 6 10 1 0 0
ST_DELIB 392 5 1 1 6 10 1 0 0
ST_DELIB 392 8 1 1 6 10 1 0 0
ST_DELIB 392 11 1 1 6 10 1 0 0
ST_DELIB 392 23 1 1 6 10 1 0 0
ST_DELIB 392 26 1 1 6 10 1 0 0
ST_DELIB 392 29 1 1 6 10 1 0 0
ST_DELIB 392 13 1 1 6 10 1 0 0
ST_DELIB 393 2 1 1 6 10 1 0 0
ST_DELIB 393 5 1 1 6 10 1 0 0
ST_DELIB 393 8 1 1 6 10 1 0 0
ST_DELIB 393 11 1 1 6 10 1 0 0
ST_DELIB 393 23 1 1 6 10 1 0 0
ST_DELIB 393 26 1 1 6 10 1 0 0
ST_DELIB 393 29 1 1 6 10 1 0 0
ST_DELIB 393 13 1 1 6 10 1 0 0
ST_DELIB 394 2 1 1 6 10 1 0 0
ST_DELIB 394 5 1 1 6 10 1 0 0
ST_DELIB 394 8 1 1 6 10 1 0 0
ST_DELIB 394 11 1 1 6 10 1 0 0
ST_DELIB 394 23 1 1 6 10 1 0 0
ST_DELIB 394 26 1 1 6 10 1 0 0
ST_DELIB 394 29 1 1 6 10 1 0 0
ST_DELIB 394 13 1 1 6 10 1 0 0
ST_DELIB 395 2 1 1 6 10 1 0 0
ST_DELIB 395 5 1 1 6 10 1 0 0
ST_DELIB 395 8 1 1 6 10 1 0 0
ST_DELIB 395 11 1 1 6 10 1 0 0
ST_DELIB 395 23 1 1 6 10 1 0 0
ST_DELIB 395 26 1 1 6 10 1 0 0
ST_DELIB 395 29 1 1 6 10 1 0 0
ST_DELIB 395 13 1 1 6 10 1 0 0
ST_DELIB 396 2 1 1 6 10 1 0 0
ST_DELIB 396 5 1 1 6 10 1 0 0
ST_DELIB 396 8 1 1 6 10 1 0 0
ST_DELIB 396 11 1 1 6 10 1 0 0
ST_DELIB 396 23 1 1 6 10 1 0 0
ST_DELIB 396 26 1 1 6 10 1 0 0
ST_DELIB 396 29 1 1 6 10 1 0 0
ST_DELIB 396 13 1 1 6 10 1 0 0
ST_DELIB 397 2 1 1 6 10 1 0 0
ST_DELIB 397 5 1 1 6 10 1 0 0
ST_DELIB 397 8 1 1 6 10 1 0 0
ST_DELIB 397 11 1 1 6 10 1 0 0
ST_DELIB 397 23 1 1 6 10 1 0 0
ST_DELIB 397 26 1 1 6 10 1 0 0
ST_DELIB 397 29 1 1 6 10 1 0 0
ST_DELIB 397 13 1 1 6 10 1 0 0
ST_DELIB 398 2 1 1 6 10 1 0 0
ST_DELIB 398 5 1 1 6 10 1 0 0
ST_DELIB 398 8 1 1 6 10 1 0 0
ST_DELIB 398 11 1 1 6 10 1 0 0
ST_DELIB 398 23 1 1 6 10 1 0 0
ST_DELIB 398 26 1 1 6 10 1 0 0
ST_DELIB 398 29 1 1 6 10 1 0 0
ST_DELIB 398 13 1 1 6 10 1 0 0
ST_DELIB 399 2 1 1 6 10 1 0 0
ST_DELIB 399 5 1 1 6 10 1 0 0
ST_DELIB 399 8 1 1 6 10 1 0 0
ST_DELIB 399 11 1 1 6 10 1 0 0
ST_DELIB 399 23 1 1 6 10 1 0 0
ST_DELIB 399 26 1 1 6 10 1 0 0
ST_DELIB 399 29 1 1 6 10 1 0 0
ST_DELIB 399 13 1 1 6 10 1 0 0
ST_TS 400 32 3036 0 0 0 0 0 9 120 0 370 2984 0 0 0 0
ST_DELIB 400 2 1 1 6 10 1 0 0
ST_DELIB 400 5 1 1 6 10 1 0 0
ST_DELIB 400 8 1 1 6 10 1 0 0
ST_DELIB 400 11 1 1 6 10 1 0 0
ST_DELIB 400 23 1 1 6 10 1 0 0
ST_DELIB 400 26 1 1 6 10 1 0 0
ST_DELIB 400 29 1 1 6 10 1 0 0
ST_DELIB 400 13 1 1 6 10 1 0 0
ST_DELIB 400 2 2 1 6 10 1 0 0
ST_DELIB 400 5 2 1 6 10 1 0 0
ST_DELIB 400 8 2 1 6 10 1 0 0
ST_DELIB 400 11 2 1 6 10 1 0 0
ST_DELIB 400 23 2 1 6 10 1 0 0
ST_DELIB 400 26 2 1 6 10 1 0 0
ST_DELIB 400 29 2 1 6 10 1 0 0
ST_DELIB 400 13 2 1 6 10 1 0 0
ST_DELIB 401 2 1 1 6 10 1 0 0
ST_DELIB 401 5 1 1 6 10 1 0 0
ST_DELIB 401 8 1 1 6 10 1 0 0
ST_DELIB 401 11 1 1 6 10 1 0 0
ST_DELIB 401 23 1 1 6 10 1 0 0
ST_DELIB 401 26 1 1 6 10 1 0 0
ST_DELIB 401 29 1 1 6 10 1 0 0
ST_DELIB 401 13 1 1 6 10 1 0 0
ST_DELIB 402 2 1 1 6 10 1 0 0
ST_DELIB 402 5 1 1 6 10 1 0 0
ST_DELIB 402 8 1 1 6 10 1 0 0
ST_DELIB 402 11 1 1 6 10 1 0 0
ST_DELIB 402 23 1 1 6 10 1 0 0
ST_DELIB 402 26 1 1 6 10 1 0 0
ST_DELIB 402 29 1 1 6 10 1 0 0
ST_DELIB 402 13 1 1 6 10 1 0 0
ST_DELIB 403 2 1 1 6 10 1 0 0
ST_DELIB 403 5 1 1 6 10 1 0 0
ST_DELIB 403 8 1 1 6 10 1 0 0
ST_DELIB 403 11 1 1 6 10 1 0 0
ST_DELIB 403 23 1 1 6 10 1 0 0
ST_DELIB 403 26 1 1 6 10 1 0 0
ST_DELIB 403 29 1 1 6 10 1 0 0
ST_DELIB 403 13 1 1 6 10 1 0 0
ST_DELIB 404 2 1 1 6 10 1 0 0
ST_DELIB 404 5 1 1 6 10 1 0 0
ST_DELIB 404 8 1 1 6 10 1 0 0
ST_DELIB 404 11 1 1 6 10 1 0 0
ST_DELIB 404 23 1 1 6 10 1 0 0
ST_DELIB 404 26 1 1 6 10 1 0 0
ST_DELIB 404 29 1 1 6 10 1 0 0
ST_DELIB 404 13 1 1 6 10 1 0 0
ST_DELIB 405 2 1 1 6 10 1 0 0
ST_DELIB 405 5 1 1 6 10 1 0 0
ST_DELIB 405 8 1 1 6 10 1 0 0
ST_DELIB 405 11 1 1 6 10 1 0 0
ST_DELIB 405 23 1 1 6 10 1 0 0
ST_DELIB 405 26 1 1 6 10 1 0 0
ST_DELIB 405 29 1 1 6 10 1 0 0
ST_DELIB 405 13 1 1 6 10 1 0 0
ST_DELIB 406 2 1 1 6 10 1 0 0
ST_DELIB 406 5 1 1 6 10 1 0 0
ST_DELIB 406 8 1 1 6 10 1 0 0
ST_DELIB 406 11 1 1 6 10 1 0 0
ST_DELIB 406 23 1 1 6 10 1 0 0
ST_DELIB 406 26 1 1 6 10 1 0 0
ST_DELIB 406 29 1 1 6 10 1 0 0
ST_DELIB 406 13 1 1 6 10 1 0 0
ST_DELIB 407 2 1 1 6 10 1 0 0
ST_DELIB 407 5 1 1 6 10 1 0 0
ST_DELIB 407 8 1 1 6 10 1 0 0
ST_DELIB 407 11 1 1 6 10 1 0 0
ST_DELIB 407 23 1 1 6 10 1 0 0
ST_DELIB 407 26 1 1 6 10 1 0 0
ST_DELIB 407 29 1 1 6 10 1 0 0
ST_DELIB 407 13 1 1 6 10 1 0 0
ST_DELIB 408 2 1 1 6 10 1 0 0
ST_DELIB 408 5 1 1 6 10 1 0 0
ST_DELIB 408 8 1 1 6 10 1 0 0
ST_DELIB 408 11 1 1 6 10 1 0 0
ST_DELIB 408 23 1 1 6 10 1 0 0
ST_DELIB 408 26 1 1 6 10 1 0 0
ST_DELIB 408 29 1 1 6 10 1 0 0
ST_DELIB 408 13 1 1 6 10 1 0 0
ST_DELIB 409 2 1 1 6 10 1 0 0
ST_DELIB 409 5 1 1 6 10 1 0 0
ST_DELIB 409 8 1 1 6 10 1 0 0
ST_DELIB 409 11 1 1 6 10 1 0 0
ST_DELIB 409 23 1 1 6 10 1 0 0
ST_DELIB 409 26 1 1 6 10 1 0 0
ST_DELIB 409 29 1 1 6 10 1 0 0
ST_DELIB 409 13 1 1 6 10 1 0 0
ST_DELIB 410 2 1 1 6 10 1 0 0
ST_DELIB 410 5 1 1 6 10 1 0 0
ST_DELIB 410 8 1 1 6 10 1 0 0
ST_DELIB 410 11 1 1 6 10 1 0 0
ST_DELIB 410 23 1 1 6 10 1 0 0
ST_DELIB 410 26 1 1 6 10 1 0 0
ST_DELIB 410 29 1 1 6 10 1 0 0
ST_DELIB 410 13 1 1 6 10 1 0 0
ST_DELIB 411 2 1 1 6 10 1 0 0
ST_DELIB 411 5 1 1 6 10 1 0 0
ST_DELIB 411 8 1 1 6 10 1 0 0
ST_DELIB 411 11 1 1 6 10 1 0 0
ST_DELIB 411 23 1 1 6 10 1 0 0
ST_DELIB 411 26 1 1 6 10 1 0 0
ST_DELIB 411 29 1 1 6 10 1 0 0
ST_DELIB 411 13 1 1 6 10 1 0 0
ST_DELIB 412 2 1 1 6 10 1 0 0
ST_DELIB 412 5 1 1 6 10 1 0 0
ST_DELIB 412 8 1 1 6 10 1 0 0
ST_DELIB 412 11 1 1 6 10 1 0 0
ST_DELIB 412 23 1 1 6 10 1 0 0
ST_DELIB 412 26 1 1 6 10 1 0 0
ST_DELIB 412 29 1 1 6 10 1 0 0
ST_DELIB 412 13 1 1 6 10 1 0 0
ST_DELIB 413 2 1 1 6 10 1 0 0
ST_DELIB 413 5 1 1 6 10 1 0 0
ST_DELIB 413 8 1 1 6 10 1 0 0
ST_DELIB 413 11 1 1 6 10 1 0 0
ST_DELIB 413 23 1 1 6 10 1 0 0
ST_DELIB 413 26 1 1 6 10 1 0 0
ST_DELIB 413 29 1 1 6 10 1 0 0
ST_DELIB 413 13 1 1 6 10 1 0 0
ST_DELIB 414 2 1 1 6 10 1 0 0
ST_DELIB 414 5 1 1 6 10 1 0 0
ST_DELIB 414 8 1 1 6 10 1 0 0
ST_DELIB 414 11 1 1 6 10 1 0 0
ST_DELIB 414 23 1 1 6 10 1 0 0
ST_DELIB 414 26 1 1 6 10 1 0 0
ST_DELIB 414 29 1 1 6 10 1 0 0
ST_DELIB 414 13 1 1 6 10 1 0 0
ST_DELIB 415 2 1 1 6 10 1 0 0
ST_DELIB 415 5 1 1 6 10 1 0 0
ST_DELIB 415 8 1 1 6 10 1 0 0
ST_DELIB 415 11 1 1 6 10 1 0 0
ST_DELIB 415 23 1 1 6 10 1 0 0
ST_DELIB 415 26 1 1 6 10 1 0 0
ST_DELIB 415 29 1 1 6 10 1 0 0
ST_DELIB 415 13 1 1 6 10 1 0 0
ST_DELIB 416 2 1 1 6 10 1 0 0
ST_DELIB 416 5 1 1 6 10 1 0 0
ST_DELIB 416 8 1 1 6 10 1 0 0
ST_DELIB 416 11 1 1 6 10 1 0 0
ST_DELIB 416 23 1 1 6 10 1 0 0
ST_DELIB 416 26 1 1 6 10 1 0 0
ST_DELIB 416 29 1 1 6 10 1 0 0
ST_DELIB 416 13 1 1 6 10 1 0 0
ST_DELIB 417 2 1 1 6 10 1 0 0
ST_DELIB 417 5 1 1 6 10 1 0 0
ST_DELIB 417 8 1 1 6 10 1 0 0
ST_DELIB 417 11 1 1 6 10 1 0 0
ST_DELIB 417 23 1 1 6 10 1 0 0
ST_DELIB 417 26 1 1 6 10 1 0 0
ST_DELIB 417 29 1 1 6 10 1 0 0
ST_DELIB 417 13 1 1 6 10 1 0 0
ST_DELIB 418 2 1 1 6 10 1 0 0
ST_DELIB 418 5 1 1 6 10 1 0 0
ST_DELIB 418 8 1 1 6 10 1 0 0
ST_DELIB 418 11 1 1 6 10 1 0 0
ST_DELIB 418 23 1 1 6 10 1 0 0
ST_DELIB 418 26 1 1 6 10 1 0 0
ST_DELIB 418 29 1 1 6 10 1 0 0
ST_DELIB 418 13 1 1 6 10 1 0 0
ST_DELIB 419 2 1 1 6 10 1 0 0
ST_DELIB 419 5 1 1 6 10 1 0 0
ST_DELIB 419 8 1 1 6 10 1 0 0
ST_DELIB 419 11 1 1 6 10 1 0 0
ST_DELIB 419 23 1 1 6 10 1 0 0
ST_DELIB 419 26 1 1 6 10 1 0 0
ST_DELIB 419 29 1 1 6 10 1 0 0
ST_DELIB 419 13 1 1 6 10 1 0 0
ST_DELIB 420 2 1 1 6 10 1 0 0
ST_DELIB 420 5 1 1 6 10 1 0 0
ST_DELIB 420 8 1 1 6 10 1 0 0
ST_DELIB 420 11 1 1 6 10 1 0 0
ST_DELIB 420 23 1 1 6 10 1 0 0
ST_DELIB 420 26 1 1 6 10 1 0 0
ST_DELIB 420 29 1 1 6 10 1 0 0
ST_DELIB 420 13 1 1 6 10 1 0 0
ST_DELIB 421 2 1 1 6 10 1 0 0
ST_DELIB 421 5 1 1 6 10 1 0 0
ST_DELIB 421 8 1 1 6 10 1 0 0
ST_DELIB 421 11 1 1 6 10 1 0 0
ST_DELIB 421 23 1 1 6 10 1 0 0
ST_DELIB 421 26 1 1 6 10 1 0 0
ST_DELIB 421 29 1 1 6 10 1 0 0
ST_DELIB 421 13 1 1 6 10 1 0 0
ST_DELIB 422 2 1 1 6 10 1 0 0
ST_DELIB 422 5 1 1 6 10 1 0 0
ST_DELIB 422 8 1 1 6 10 1 0 0
ST_DELIB 422 11 1 1 6 10 1 0 0
ST_DELIB 422 23 1 1 6 10 1 0 0
ST_DELIB 422 26 1 1 6 10 1 0 0
ST_DELIB 422 29 1 1 6 10 1 0 0
ST_DELIB 422 13 1 1 6 10 1 0 0
ST_DELIB 423 2 1 1 6 10 1 0 0
ST_DELIB 423 5 1 1 6 10 1 0 0
ST_DELIB 423 8 1 1 6 10 1 0 0
ST_DELIB 423 11 1 1 6 10 1 0 0
ST_DELIB 423 23 1 1 6 10 1 0 0
ST_DELIB 423 26 1 1 6 10 1 0 0
ST_DELIB 423 29 1 1 6 10 1 0 0
ST_DELIB 423 13 1 1 6 10 1 0 0
ST_DELIB 424 2 1 1 6 10 1 0 0
ST_DELIB 424 5 1 1 6 10 1 0 0
ST_DELIB 424 8 1 1 6 10 1 0 0
ST_DELIB 424 11 1 1 6 10 1 0 0
ST_DELIB 424 23 1 1 6 10 1 0 0
ST_DELIB 424 26 1 1 6 10 1 0 0
ST_DELIB 424 29 1 1 6 10 1 0 0
ST_DELIB 424 13 1 1 6 10 1 0 0
ST_TS 425 32 3244 0 0 0 0 0 9 127 0 395 3192 0 0 0 0
ST_DELIB 425 2 1 1 6 10 1 0 0
ST_DELIB 425 5 1 1 6 10 1 0 0
ST_DELIB 425 8 1 1 6 10 1 0 0
ST_DELIB 425 11 1 1 6 10 1 0 0
ST_DELIB 425 23 1 1 6 10 1 0 0
ST_DELIB 425 26 1 1 6 10 1 0 0
ST_DELIB 425 29 1 1 6 10 1 0 0
ST_DELIB 425 13 1 1 6 10 1 0 0
ST_DELIB 426 2 1 1 6 10 1 0 0
ST_DELIB 426 5 1 1 6 10 1 0 0
ST_DELIB 426 8 1 1 6 10 1 0 0
ST_DELIB 426 11 1 1 6 10 1 0 0
ST_DELIB 426 23 1 1 6 10 1 0 0
ST_DELIB 426 26 1 1 6 10 1 0 0
ST_DELIB 426 29 1 1 6 10 1 0 0
ST_DELIB 426 13 1 1 6 10 1 0 0
ST_DELIB 427 2 1 1 6 10 1 0 0
ST_DELIB 427 5 1 1 6 10 1 0 0
ST_DELIB 427 8 1 1 6 10 1 0 0
ST_DELIB 427 11 1 1 6 10 1 0 0
ST_DELIB 427 23 1 1 6 10 1 0 0
ST_DELIB 427 26 1 1 6 10 1 0 0
ST_DELIB 427 29 1 1 6 10 1 0 0
ST_DELIB 427 13 1 1 6 10 1 0 0
ST_DELIB 428 2 1 1 6 10 1 0 0
ST_DELIB 428 5 1 1 6 10 1 0 0
ST_DELIB 428 8 1 1 6 10 1 0 0
ST_DELIB 428 11 1 1 6 10 1 0 0
ST_DELIB 428 23 1 1 6 10 1 0 0
ST_DELIB 428 26 1 1 6 10 1 0 0
ST_DELIB 428 29 1 1 6 10 1 0 0
ST_DELIB 428 13 1 1 6 10 1 0 0
ST_DELIB 429 2 1 1 6 10 1 0 0
ST_DELIB 429 5 1 1 6 10 1 0 0
ST_DELIB 429 8 1 1 6 10 1 0 0
ST_DELIB 429 11 1 1 6 10 1 0 0
ST_DELIB 429 23 1 1 6 10 1 0 0
ST_DELIB 429 26 1 1 6 10 1 0 0
ST_DELIB 429 29 1 1 6 10 1 0 0
ST_DELIB 429 13 1 1 6 10 1 0 0
ST_DELIB 430 2 1 1 6 10 1 0 0
ST_DELIB 430 5 1 1 6 10 1 0 0
ST_DELIB 430 8 1 1 6 10 1 0 0
ST_DELIB 430 11 1 1 6 10 1 0 0
ST_DELIB 430 23 1 1 6 10 1 0 0
ST_DELIB 430 26 1 1 6 10 1 0 0
ST_DELIB 430 29 1 1 6 10 1 0 0
ST_DELIB 430 13 1 1 6 10 1 0 0
ST_DELIB 431 2 1 1 6 10 1 0 0
ST_DELIB 431 5 1 1 6 10 1 0 0
ST_DELIB 431 8 1 1 6 10 1 0 0
ST_DELIB 431 11 1 1 6 10 1 0 0
ST_DELIB 431 23 1 1 6 10 1 0 0
ST_DELIB 431 26 1 1 6 10 1 0 0
ST_DELIB 431 29 1 1 6 10 1 0 0
ST_DELIB 431 13 1 1 6 10 1 0 0
ST_DELIB 432 2 1 1 6 10 1 0 0
ST_DELIB 432 5 1 1 6 10 1 0 0
ST_DELIB 432 8 1 1 6 10 1 0 0
ST_DELIB 432 11 1 1 6 10 1 0 0
ST_DELIB 432 23 1 1 6 10 1 0 0
ST_DELIB 432 26 1 1 6 10 1 0 0
ST_DELIB 432 29 1 1 6 10 1 0 0
ST_DELIB 432 13 1 1 6 10 1 0 0
ST_DELIB 433 2 1 1 6 10 1 0 0
ST_DELIB 433 5 1 1 6 10 1 0 0
ST_DELIB 433 8 1 1 6 10 1 0 0
ST_DELIB 433 11 1 1 6 10 1 0 0
ST_DELIB 433 23 1 1 6 10 1 0 0
ST_DELIB 433 26 1 1 6 10 1 0 0
ST_DELIB 433 29 1 1 6 10 1 0 0
ST_DELIB 433 13 1 1 6 10 1 0 0
ST_DELIB 434 2 1 1 6 10 1 0 0
ST_DELIB 434 5 1 1 6 10 1 0 0
ST_DELIB 434 8 1 1 6 10 1 0 0
ST_DELIB 434 11 1 1 6 10 1 0 0
ST_DELIB 434 23 1 1 6 10 1 0 0
ST_DELIB 434 26 1 1 6 10 1 0 0
ST_DELIB 434 29 1 1 6 10 1 0 0
ST_DELIB 434 13 1 1 6 10 1 0 0
ST_DELIB 435 2 1 1 6 10 1 0 0
ST_DELIB 435 5 1 1 6 10 1 0 0
ST_DELIB 435 8 1 1 6 10 1 0 0
ST_DELIB 435 11 1 1 6 10 1 0 0
ST_DELIB 435 23 1 1 6 10 1 0 0
ST_DELIB 435 26 1 1 6 10 1 0 0
ST_DELIB 435 29 1 1 6 10 1 0 0
ST_DELIB 435 13 1 1 6 10 1 0 0
ST_DELIB 436 2 1 1 6 10 1 0 0
ST_DELIB 436 5 1 1 6 10 1 0 0
ST_DELIB 436 8 1 1 6 10 1 0 0
ST_DELIB 436 11 1 1 6 10 1 0 0
ST_DELIB 436 23 1 1 6 10 1 0 0
ST_DELIB 436 26 1 1 6 10 1 0 0
ST_DELIB 436 29 1 1 6 10 1 0 0
ST_DELIB 436 13 1 1 6 10 1 0 0
ST_DELIB 437 2 1 1 6 10 1 0 0
ST_DELIB 437 5 1 1 6 10 1 0 0
ST_DELIB 437 8 1 1 6 10 1 0 0
ST_DELIB 437 11 1 1 6 10 1 0 0
ST_DELIB 437 23 1 1 6 10 1 0 0
ST_DELIB 437 26 1 1 6 10 1 0 0
ST_DELIB 437 29 1 1 6 10 1 0 0
ST_DELIB 437 13 1 1 6 10 1 0 0
ST_DELIB 438 2 1 1 6 10 1 0 0
ST_DELIB 438 5 1 1 6 10 1 0 0
ST_DELIB 438 8 1 1 6 10 1 0 0
ST_DELIB 438 11 1 1 6 10 1 0 0
ST_DELIB 438 23 1 1 6 10 1 0 0
ST_DELIB 438 26 1 1 6 10 1 0 0
ST_DELIB 438 29 1 1 6 10 1 0 0
ST_DELIB 438 13 1 1 6 10 1 0 0
ST_DELIB 439 2 1 1 6 10 1 0 0
ST_DELIB 439 5 1 1 6 10 1 0 0
ST_DELIB 439 8 1 1 6 10 1 0 0
ST_DELIB 439 11 1 1 6 10 1 0 0
ST_DELIB 439 23 1 1 6 10 1 0 0
ST_DELIB 439 26 1 1 6 10 1 0 0
ST_DELIB 439 29 1 1 6 10 1 0 0
ST_DELIB 439 13 1 1 6 10 1 0 0
ST_DELIB 440 2 1 1 6 10 1 0 0
ST_DELIB 440 5 1 1 6 10 1 0 0
ST_DELIB 440 8 1 1 6 10 1 0 0
ST_DELIB 440 11 1 1 6 10 1 0 0
ST_DELIB 440 23 1 1 6 10 1 0 0
ST_DELIB 440 26 1 1 6 10 1 0 0
ST_DELIB 440 29 1 1 6 10 1 0 0
ST_DELIB 440 13 1 1 6 10 1 0 0
ST_DELIB 441 2 1 1 6 10 1 0 0
ST_DELIB 441 5 1 1 6 10 1 0 0
ST_DELIB 441 8 1 1 6 10 1 0 0
ST_DELIB 441 11 1 1 6 10 1 0 0
ST_DELIB 441 23 1 1 6 10 1 0 0
ST_DELIB 441 26 1 1 6 10 1 0 0
ST_DELIB 441 29 1 1 6 10 1 0 0
ST_DELIB 441 13 1 1 6 10 1 0 0
ST_DELIB 442 2 1 1 6 10 1 0 0
ST_DELIB 442 5 1 1 6 10 1 0 0
ST_DELIB 442 8 1 1 6 10 1 0 0
ST_DELIB 442 11 1 1 6 10 1 0 0
ST_DELIB 442 23 1 1 6 10 1 0 0
ST_DELIB 442 26 1 1 6 10 1 0 0
ST_DELIB 442 29 1 1 6 10 1 0 0
ST_DELIB 442 13 1 1 6 10 1 0 0
ST_DELIB 443 2 1 1 6 10 1 0 0
ST_DELIB 443 5 1 1 6 10 1 0 0
ST_DELIB 443 8 1 1 6 10 1 0 0
ST_DELIB 443 11 1 1 6 10 1 0 0
ST_DELIB 443 23 1 1 6 10 1 0 0
ST_DELIB 443 26 1 1 6 10 1 0 0
ST_DELIB 443 29 1 1 6 10 1 0 0
ST_DELIB 443 13 1 1 6 10 1 0 0
ST_DELIB 444 2 1 1 6 10 1 0 0
ST_DELIB 444 5 1 1 6 10 1 0 0
ST_DELIB 444 8 1 1 6 10 1 0 0
ST_DELIB 444 11 1 1 6 10 1 0 0
ST_DELIB 444 23 1 1 6 10 1 0 0
ST_DELIB 444 26 1 1 6 10 1 0 0
ST_DELIB 444 29 1 1 6 10 1 0 0
ST_DELIB 444 13 1 1 6 10 1 0 0
ST_DELIB 445 2 1 1 6 10 1 0 0
ST_DELIB 445 5 1 1 6 10 1 0 0
ST_DELIB 445 8 1 1 6 10 1 0 0
ST_DELIB 445 11 1 1 6 10 1 0 0
ST_DELIB 445 23 1 1 6 10 1 0 0
ST_DELIB 445 26 1 1 6 10 1 0 0
ST_DELIB 445 29 1 1 6 10 1 0 0
ST_DELIB 445 13 1 1 6 10 1 0 0
ST_DELIB 446 2 1 1 6 10 1 0 0
ST_DELIB 446 5 1 1 6 10 1 0 0
ST_DELIB 446 8 1 1 6 10 1 0 0
ST_DELIB 446 11 1 1 6 10 1 0 0
ST_DELIB 446 23 1 1 6 10 1 0 0
ST_DELIB 446 26 1 1 6 10 1 0 0
ST_DELIB 446 29 1 1 6 10 1 0 0
ST_DELIB 446 13 1 1 6 10 1 0 0
ST_DELIB 447 2 1 1 6 10 1 0 0
ST_DELIB 447 5 1 1 6 10 1 0 0
ST_DELIB 447 8 1 1 6 10 1 0 0
ST_DELIB 447 11 1 1 6 10 1 0 0
ST_DELIB 447 23 1 1 6 10 1 0 0
ST_DELIB 447 26 1 1 6 10 1 0 0
ST_DELIB 447 29 1 1 6 10 1 0 0
ST_DELIB 447 13 1 1 6 10 1 0 0
ST_DELIB 448 2 1 1 6 10 1 0 0
ST_DELIB 448 5 1 1 6 10 1 0 0
ST_DELIB 448 8 1 1 6 10 1 0 0
ST_DELIB 448 11 1 1 6 10 1 0 0
ST_DELIB 448 23 1 1 6 10 1 0 0
ST_DELIB 448 26 1 1 6 10 1 0 0
ST_DELIB 448 29 1 1 6 10 1 0 0
ST_DELIB 448 13 1 1 6 10 1 0 0
ST_DELIB 449 2 1 1 6 10 1 0 0
ST_DELIB 449 5 1 1 6 10 1 0 0
ST_DELIB 449 8 1 1 6 10 1 0 0
ST_DELIB 449 11 1 1 6 10 1 0 0
ST_DELIB 449 23 1 1 6 10 1 0 0
ST_DELIB 449 26 1 1 6 10 1 0 0
ST_DELIB 449 29 1 1 6 10 1 0 0
ST_DELIB 449 13 1 1 6 10 1 0 0
ST_TS 450 32 3444 0 0 0 0 0 9 135 0 420 3392 0 0 0 0
ST_DELIB 450 2 1 1 6 10 1 0 0
ST_DELIB 450 5 1 1 6 10 1 0 0
ST_DELIB 450 8 1 1 6 10 1 0 0
ST_DELIB 450 11 1 1 6 10 1 0 0
ST_DELIB 450 23 1 1 6 10 1 0 0
ST_DELIB 450 26 1 1 6 10 1 0 0
ST_DELIB 450 29 1 1 6 10 1 0 0
ST_DELIB 450 13 1 1 6 10 1 0 0
ST_DELIB 451 2 1 1 6 10 1 0 0
ST_DELIB 451 5 1 1 6 10 1 0 0
ST_DELIB 451 8 1 1 6 10 1 0 0
ST_DELIB 451 11 1 1 6 10 1 0 0
ST_DELIB 451 23 1 1 6 10 1 0 0
ST_DELIB 451 26 1 1 6 10 1 0 0
ST_DELIB 451 29 1 1 6 10 1 0 0
ST_DELIB 451 13 1 1 6 10 1 0 0
ST_DELIB 452 2 1 1 6 10 1 0 0
ST_DELIB 452 5 1 1 6 10 1 0 0
ST_DELIB 452 8 1 1 6 10 1 0 0
ST_DELIB 452 11 1 1 6 10 1 0 0
ST_DELIB 452 23 1 1 6 10 1 0 0
ST_DELIB 452 26 1 1 6 10 1 0 0
ST_DELIB 452 29 1 1 6 10 1 0 0
ST_DELIB 452 13 1 1 6 10 1 0 0
ST_DELIB 453 2 1 1 6 10 1 0 0
ST_DELIB 453 5 1 1 6 10 1 0 0
ST_DELIB 453 8 1 1 6 10 1 0 0
ST_DELIB 453 11 1 1 6 10 1 0 0
ST_DELIB 453 23 1 1 6 10 1 0 0
ST_DELIB 453 26 1 1 6 10 1 0 0
ST_DELIB 453 29 1 1 6 10 1 0 0
ST_DELIB 453 13 1 1 6 10 1 0 0
ST_DELIB 454 2 1 1 6 10 1 0 0
ST_DELIB 454 5 1 1 6 10 1 0 0
ST_DELIB 454 8 1 1 6 10 1 0 0
ST_DELIB 454 11 1 1 6 10 1 0 0
ST_DELIB 454 23 1 1 6 10 1 0 0
ST_DELIB 454 26 1 1 6 10 1 0 0
ST_DELIB 454 29 1 1 6 10 1 0 0
ST_DELIB 454 13 1 1 6 10 1 0 0
ST_DELIB 455 2 1 1 6 10 1 0 0
ST_DELIB 455 5 1 1 6 10 1 0 0
ST_DELIB 455 8 1 1 6 10 1 0 0
ST_DELIB 455 11 1 1 6 10 1 0 0
ST_DELIB 455 23 1 1 6 10 1 0 0
ST_DELIB 455 26 1 1 6 10 1 0 0
ST_DELIB 455 29 1 1 6 10 1 0 0
ST_DELIB 455 13 1 1 6 10 1 0 0
ST_DELIB 456 2 1 1 6 10 1 0 0
ST_DELIB 456 5 1 1 6 10 1 0 0
ST_DELIB 456 8 1 1 6 10 1 0 0
ST_DELIB 456 11 1 1 6 10 1 0 0
ST_DELIB 456 23 1 1 6 10 1 0 0
ST_DELIB 456 26 1 1 6 10 1 0 0
ST_DELIB 456 29 1 1 6 10 1 0 0
ST_DELIB 456 13 1 1 6 10 1 0 0
ST_DELIB 457 2 1 1 6 10 1 0 0
ST_DELIB 457 5 1 1 6 10 1 0 0
ST_DELIB 457 8 1 1 6 10 1 0 0
ST_DELIB 457 11 1 1 6 10 1 0 0
ST_DELIB 457 23 1 1 6 10 1 0 0
ST_DELIB 457 26 1 1 6 10 1 0 0
ST_DELIB 457 29 1 1 6 10 1 0 0
ST_DELIB 457 13 1 1 6 10 1 0 0
ST_DELIB 458 2 1 1 6 10 1 0 0
ST_DELIB 458 5 1 1 6 10 1 0 0
ST_DELIB 458 8 1 1 6 10 1 0 0
ST_DELIB 458 11 1 1 6 10 1 0 0
ST_DELIB 458 23 1 1 6 10 1 0 0
ST_DELIB 458 26 1 1 6 10 1 0 0
ST_DELIB 458 29 1 1 6 10 1 0 0
ST_DELIB 458 13 1 1 6 10 1 0 0
ST_DELIB 459 2 1 1 6 10 1 0 0
ST_DELIB 459 5 1 1 6 10 1 0 0
ST_DELIB 459 8 1 1 6 10 1 0 0
ST_DELIB 459 11 1 1 6 10 1 0 0
ST_DELIB 459 23 1 1 6 10 1 0 0
ST_DELIB 459 26 1 1 6 10 1 0 0
ST_DELIB 459 29 1 1 6 10 1 0 0
ST_DELIB 459 13 1 1 6 10 1 0 0
ST_DELIB 460 2 1 1 6 10 1 0 0
ST_DELIB 460 5 1 1 6 10 1 0 0
ST_DELIB 460 8 1 1 6 10 1 0 0
ST_DELIB 460 11 1 1 6 10 1 0 0
ST_DELIB 460 23 1 1 6 10 1 0 0
ST_DELIB 460 26 1 1 6 10 1 0 0
ST_DELIB 460 29 1 1 6 10 1 0 0
ST_DELIB 460 13 1 1 6 10 1 0 0
ST_DELIB 461 2 1 1 6 10 1 0 0
ST_DELIB 461 5 1 1 6 10 1 0 0
ST_DELIB 461 8 1 1 6 10 1 0 0
ST_DELIB 461 11 1 1 6 10 1 0 0
ST_DELIB 461 23 1 1 6 10 1 0 0
ST_DELIB 461 26 1 1 6 10 1 0 0
ST_DELIB 461 29 1 1 6 10 1 0 0
ST_DELIB 461 13 1 1 6 10 1 0 0
ST_DELIB 462 2 1 1 6 10 1 0 0
ST_DELIB 462 5 1 1 6 10 1 0 0
ST_DELIB 462 8 1 1 6 10 1 0 0
ST_DELIB 462 11 1 1 6 10 1 0 0
ST_DELIB 462 23 1 1 6 10 1 0 0
ST_DELIB 462 26 1 1 6 10 1 0 0
ST_DELIB 462 29 1 1 6 10 1 0 0
ST_DELIB 462 13 1 1 6 10 1 0 0
ST_DELIB 463 2 1 1 6 10 1 0 0
ST_DELIB 463 5 1 1 6 10 1 0 0
ST_DELIB 463 8 1 1 6 10 1 0 0
ST_DELIB 463 11 1 1 6 10 1 0 0
ST_DELIB 463 23 1 1 6 10 1 0 0
ST_DELIB 463 26 1 1 6 10 1 0 0
ST_DELIB 463 29 1 1 6 10 1 0 0
ST_DELIB 463 13 1 1 6 10 1 0 0
ST_DELIB 464 2 1 1 6 10 1 0 0
ST_DELIB 464 5 1 1 6 10 1 0 0
ST_DELIB 464 8 1 1 6 10 1 0 0
ST_DELIB 464 11 1 1 6 10 1 0 0
ST_DELIB 464 23 1 1 6 10 1 0 0
ST_DELIB 464 26 1 1 6 10 1 0 0
ST_DELIB 464 29 1 1 6 10 1 0 0
ST_DELIB 464 13 1 1 6 10 1 0 0
ST_DELIB 465 2 1 1 6 10 1 0 0
ST_DELIB 465 5 1 1 6 10 1 0 0
ST_DELIB 465 8 1 1 6 10 1 0 0
ST_DELIB 465 11 1 1 6 10 1 0 0
ST_DELIB 465 23 1 1 6 10 1 0 0
ST_DELIB 465 26 1 1 6 10 1 0 0
ST_DELIB 465 29 1 1 6 10 1 0 0
ST_DELIB 465 13 1 1 6 10 1 0 0
ST_DELIB 466 2 1 1 6 10 1 0 0
ST_DELIB 466 5 1 1 6 10 1 0 0
ST_DELIB 466 8 1 1 6 10 1 0 0
ST_DELIB 466 11 1 1 6 10 1 0 0
ST_DELIB 466 23 1 1 6 10 1 0 0
ST_DELIB 466 26 1 1 6 10 1 0 0
ST_DELIB 466 29 1 1 6 10 1 0 0
ST_DELIB 466 13 1 1 6 10 1 0 0
ST_DELIB 467 2 1 1 6 10 1 0 0
ST_DELIB 467 5 1 1 6 10 1 0 0
ST_DELIB 467 8 1 1 6 10 1 0 0
ST_DELIB 467 11 1 1 6 10 1 0 0
ST_DELIB 467 23 1 1 6 10 1 0 0
ST_DELIB 467 26 1 1 6 10 1 0 0
ST_DELIB 467 29 1 1 6 10 1 0 0
ST_DELIB 467 13 1 1 6 10 1 0 0
ST_DELIB 468 2 1 1 6 10 1 0 0
ST_DELIB 468 5 1 1 6 10 1 0 0
ST_DELIB 468 8 1 1 6 10 1 0 0
ST_DELIB 468 11 1 1 6 10 1 0 0
ST_DELIB 468 23 1 1 6 10 1 0 0
ST_DELIB 468 26 1 1 6 10 1 0 0
ST_DELIB 468 29 1 1 6 10 1 0 0
ST_DELIB 468 13 1 1 6 10 1 0 0
ST_DELIB 469 2 1 1 6 10 1 0 0
ST_DELIB 469 5 1 1 6 10 1 0 0
ST_DELIB 469 8 1 1 6 10 1 0 0
ST_DELIB 469 11 1 1 6 10 1 0 0
ST_DELIB 469 23 1 1 6 10 1 0 0
ST_DELIB 469 26 1 1 6 10 1 0 0
ST_DELIB 469 29 1 1 6 10 1 0 0
ST_DELIB 469 13 1 1 6 10 1 0 0
ST_DELIB 470 2 1 1 6 10 1 0 0
ST_DELIB 470 5 1 1 6 10 1 0 0
ST_DELIB 470 8 1 1 6 10 1 0 0
ST_DELIB 470 11 1 1 6 10 1 0 0
ST_DELIB 470 23 1 1 6 10 1 0 0
ST_DELIB 470 26 1 1 6 10 1 0 0
ST_DELIB 470 29 1 1 6 10 1 0 0
ST_DELIB 470 13 1 1 6 10 1 0 0
ST_DELIB 471 2 1 1 6 10 1 0 0
ST_DELIB 471 5 1 1 6 10 1 0 0
ST_DELIB 471 8 1 1 6 10 1 0 0
ST_DELIB 471 11 1 1 6 10 1 0 0
ST_DELIB 471 23 1 1 6 10 1 0 0
ST_DELIB 471 26 1 1 6 10 1 0 0
ST_DELIB 471 29 1 1 6 10 1 0 0
ST_DELIB 471 13 1 1 6 10 1 0 0
ST_DELIB 472 2 1 1 6 10 1 0 0
ST_DELIB 472 5 1 1 6 10 1 0 0
ST_DELIB 472 8 1 1 6 10 1 0 0
ST_DELIB 472 11 1 1 6 10 1 0 0
ST_DELIB 472 23 1 1 6 10 1 0 0
ST_DELIB 472 26 1 1 6 10 1 0 0
ST_DELIB 472 29 1 1 6 10 1 0 0
ST_DELIB 472 13 1 1 6 10 1 0 0
ST_DELIB 473 2 1 1 6 10 1 0 0
ST_DELIB 473 5 1 1 6 10 1 0 0
ST_DELIB 473 8 1 1 6 10 1 0 0
ST_DELIB 473 11 1 1 6 10 1 0 0
ST_DELIB 473 23 1 1 6 10 1 0 0
ST_DELIB 473 26 1 1 6 10 1 0 0
ST_DELIB 473 29 1 1 6 10 1 0 0
ST_DELIB 473 13 1 1 6 10 1 0 0
ST_DELIB 474 2 1 1 6 10 1 0 0
ST_DELIB 474 5 1 1 6 10 1 0 0
ST_DELIB 474 8 1 1 6 10 1 0 0
ST_DELIB 474 11 1 1 6 10 1 0 0
ST_DELIB 474 23 1 1 6 10 1 0 0
ST_DELIB 474 26 1 1 6 10 1 0 0
ST_DELIB 474 29 1 1 6 10 1 0 0
ST_DELIB 474 13 1 1 6 10 1 0 0
ST_TS 475 32 3644 0 0 0 0 0 9 142 0 445 3592 0 0 0 0
ST_DELIB 475 2 1 1 6 10 1 0 0
ST_DELIB 475 5 1 1 6 10 1 0 0
ST_DELIB 475 8 1 1 6 10 1 0 0
ST_DELIB 475 11 1 1 6 10 1 0 0
ST_DELIB 475 23 1 1 6 10 1 0 0
ST_DELIB 475 26 1 1 6 10 1 0 0
ST_DELIB 475 29 1 1 6 10 1 0 0
ST_DELIB 475 13 1 1 6 10 1 0 0
ST_DELIB 476 2 1 1 6 10 1 0 0
ST_DELIB 476 5 1 1 6 10 1 0 0
ST_DELIB 476 8 1 1 6 10 1 0 0
ST_DELIB 476 11 1 1 6 10 1 0 0
ST_DELIB 476 23 1 1 6 10 1 0 0
ST_DELIB 476 26 1 1 6 10 1 0 0
ST_DELIB 476 29 1 1 6 10 1 0 0
ST_DELIB 476 13 1 1 6 10 1 0 0
ST_DELIB 477 2 1 1 6 10 1 0 0
ST_DELIB 477 5 1 1 6 10 1 0 0
ST_DELIB 477 8 1 1 6 10 1 0 0
ST_DELIB 477 11 1 1 6 10 1 0 0
ST_DELIB 477 23 1 1 6 10 1 0 0
ST_DELIB 477 26 1 1 6 10 1 0 0
ST_DELIB 477 29 1 1 6 10 1 0 0
ST_DELIB 477 13 1 1 6 10 1 0 0
ST_DELIB 478 2 1 1 6 10 1 0 0
ST_DELIB 478 5 1 1 6 10 1 0 0
ST_DELIB 478 8 1 1 6 10 1 0 0
ST_DELIB 478 11 1 1 6 10 1 0 0
ST_DELIB 478 23 1 1 6 10 1 0 0
ST_DELIB 478 26 1 1 6 10 1 0 0
ST_DELIB 478 29 1 1 6 10 1 0 0
ST_DELIB 478 13 1 1 6 10 1 0 0
ST_DELIB 479 2 1 1 6 10 1 0 0
ST_DELIB 479 5 1 1 6 10 1 0 0
ST_DELIB 479 8 1 1 6 10 1 0 0
ST_DELIB 479 11 1 1 6 10 1 0 0
ST_DELIB 479 23 1 1 6 10 1 0 0
ST_DELIB 479 26 1 1 6 10 1 0 0
ST_DELIB 479 29 1 1 6 10 1 0 0
ST_DELIB 479 13 1 1 6 10 1 0 0
ST_DELIB 480 2 1 1 6 10 1 0 0
ST_DELIB 480 5 1 1 6 10 1 0 0
ST_DELIB 480 8 1 1 6 10 1 0 0
ST_DELIB 480 11 1 1 6 10 1 0 0
ST_DELIB 480 23 1 1 6 10 1 0 0
ST_DELIB 480 26 1 1 6 10 1 0 0
ST_DELIB 480 29 1 1 6 10 1 0 0
ST_DELIB 480 13 1 1 6 10 1 0 0
ST_DELIB 481 2 1 1 6 10 1 0 0
ST_DELIB 481 5 1 1 6 10 1 0 0
ST_DELIB 481 8 1 1 6 10 1 0 0
ST_DELIB 481 11 1 1 6 10 1 0 0
ST_DELIB 481 23 1 1 6 10 1 0 0
ST_DELIB 481 26 1 1 6 10 1 0 0
ST_DELIB 481 29 1 1 6 10 1 0 0
ST_DELIB 481 13 1 1 6 10 1 0 0
ST_DELIB 482 2 1 1 6 10 1 0 0
ST_DELIB 482 5 1 1 6 10 1 0 0
ST_DELIB 482 8 1 1 6 10 1 0 0
ST_DELIB 482 11 1 1 6 10 1 0 0
ST_DELIB 482 23 1 1 6 10 1 0 0
ST_DELIB 482 26 1 1 6 10 1 0 0
ST_DELIB 482 29 1 1 6 10 1 0 0
ST_DELIB 482 13 1 1 6 10 1 0 0
ST_DELIB 483 2 1 1 6 10 1 0 0
ST_DELIB 483 5 1 1 6 10 1 0 0
ST_DELIB 483 8 1 1 6 10 1 0 0
ST_DELIB 483 11 1 1 6 10 1 0 0
ST_DELIB 483 23 1 1 6 10 1 0 0
ST_DELIB 483 26 1 1 6 10 1 0 0
ST_DELIB 483 29 1 1 6 10 1 0 0
ST_DELIB 483 13 1 1 6 10 1 0 0
ST_DELIB 484 2 1 1 6 10 1 0 0
ST_DELIB 484 5 1 1 6 10 1 0 0
ST_DELIB 484 8 1 1 6 10 1 0 0
ST_DELIB 484 11 1 1 6 10 1 0 0
ST_DELIB 484 23 1 1 6 10 1 0 0
ST_DELIB 484 26 1 1 6 10 1 0 0
ST_DELIB 484 29 1 1 6 10 1 0 0
ST_DELIB 484 13 1 1 6 10 1 0 0
ST_DELIB 485 2 1 1 6 10 1 0 0
ST_DELIB 485 5 1 1 6 10 1 0 0
ST_DELIB 485 8 1 1 6 10 1 0 0
ST_DELIB 485 11 1 1 6 10 1 0 0
ST_DELIB 485 23 1 1 6 10 1 0 0
ST_DELIB 485 26 1 1 6 10 1 0 0
ST_DELIB 485 29 1 1 6 10 1 0 0
ST_DELIB 485 13 1 1 6 10 1 0 0
ST_DELIB 486 2 1 1 6 10 1 0 0
ST_DELIB 486 5 1 1 6 10 1 0 0
ST_DELIB 486 8 1 1 6 10 1 0 0
ST_DELIB 486 11 1 1 6 10 1 0 0
ST_DELIB 486 23 1 1 6 10 1 0 0
ST_DELIB 486 26 1 1 6 10 1 0 0
ST_DELIB 486 29 1 1 6 10 1 0 0
ST_DELIB 486 13 1 1 6 10 1 0 0
ST_DELIB 487 2 1 1 6 10 1 0 0
ST_DELIB 487 5 1 1 6 10 1 0 0
ST_DELIB 487 8 1 1 6 10 1 0 0
ST_DELIB 487 11 1 1 6 10 1 0 0
ST_DELIB 487 23 1 1 6 10 1 0 0
ST_DELIB 487 26 1 1 6 10 1 0 0
ST_DELIB 487 29 1 1 6 10 1 0 0
ST_DELIB 487 13 1 1 6 10 1 0 0
ST_DELIB 488 2 1 1 6 10 1 0 0
ST_DELIB 488 5 1 1 6 10 1 0 0
ST_DELIB 488 8 1 1 6 10 1 0 0
ST_DELIB 488 11 1 1 6 10 1 0 0
ST_DELIB 488 23 1 1 6 10 1 0 0
ST_DELIB 488 26 1 1 6 10 1 0 0
ST_DELIB 488 29 1 1 6 10 1 0 0
ST_DELIB 488 13 1 1 6 10 1 0 0
ST_DELIB 489 2 1 1 6 10 1 0 0
ST_DELIB 489 5 1 1 6 10 1 0 0
ST_DELIB 489 8 1 1 6 10 1 0 0
ST_DELIB 489 11 1 1 6 10 1 0 0
ST_DELIB 489 23 1 1 6 10 1 0 0
ST_DELIB 489 26 1 1 6 10 1 0 0
ST_DELIB 489 29 1 1 6 10 1 0 0
ST_DELIB 489 13 1 1 6 10 1 0 0
ST_DELIB 490 2 1 1 6 10 1 0 0
ST_DELIB 490 5 1 1 6 10 1 0 0
ST_DELIB 490 8 1 1 6 10 1 0 0
ST_DELIB 490 11 1 1 6 10 1 0 0
ST_DELIB 490 23 1 1 6 10 1 0 0
ST_DELIB 490 26 1 1 6 10 1 0 0
ST_DELIB 490 29 1 1 6 10 1 0 0
ST_DELIB 490 13 1 1 6 10 1 0 0
ST_DELIB 491 2 1 1 6 10 1 0 0
ST_DELIB 491 5 1 1 6 10 1 0 0
ST_DELIB 491 8 1 1 6 10 1 0 0
ST_DELIB 491 11 1 1 6 10 1 0 0
ST_DELIB 491 23 1 1 6 10 1 0 0
ST_DELIB 491 26 1 1 6 10 1 0 0
ST_DELIB 491 29 1 1 6 10 1 0 0
ST_DELIB 491 13 1 1 6 10 1 0 0
ST_DELIB 492 2 1 1 6 10 1 0 0
ST_DELIB 492 5 1 1 6 10 1 0 0
ST_DELIB 492 8 1 1 6 10 1 0 0
ST_DELIB 492 11 1 1 6 10 1 0 0
ST_DELIB 492 23 1 1 6 10 1 0 0
ST_DELIB 492 26 1 1 6 10 1 0 0
ST_DELIB 492 29 1 1 6 10 1 0 0
ST_DELIB 492 13 1 1 6 10 1 0 0
ST_DELIB 493 2 1 1 6 10 1 0 0
ST_DELIB 493 5 1 1 6 10 1 0 0
ST_DELIB 493 8 1 1 6 10 1 0 0
ST_DELIB 493 11 1 1 6 10 1 0 0
ST_DELIB 493 23 1 1 6 10 1 0 0
ST_DELIB 493 26 1 1 6 10 1 0 0
ST_DELIB 493 29 1 1 6 10 1 0 0
ST_DELIB 493 13 1 1 6 10 1 0 0
ST_DELIB 494 2 1 1 6 10 1 0 0
ST_DELIB 494 5 1 1 6 10 1 0 0
ST_DELIB 494 8 1 1 6 10 1 0 0
ST_DELIB 494 11 1 1 6 10 1 0 0
ST_DELIB 494 23 1 1 6 10 1 0 0
ST_DELIB 494 26 1 1 6 10 1 0 0
ST_DELIB 494 29 1 1 6 10 1 0 0
ST_DELIB 494 13 1 1 6 10 1 0 0
ST_DELIB 495 2 1 1 6 10 1 0 0
ST_DELIB 495 5 1 1 6 10 1 0 0
ST_DELIB 495 8 1 1 6 10 1 0 0
ST_DELIB 495 11 1 1 6 10 1 0 0
ST_DELIB 495 23 1 1 6 10 1 0 0
ST_DELIB 495 26 1 1 6 10 1 0 0
ST_DELIB 495 29 1 1 6 10 1 0 0
ST_DELIB 495 13 1 1 6 10 1 0 0
ST_DELIB 496 2 1 1 6 10 1 0 0
ST_DELIB 496 5 1 1 6 10 1 0 0
ST_DELIB 496 8 1 1 6 10 1 0 0
ST_DELIB 496 11 1 1 6 10 1 0 0
ST_DELIB 496 23 1 1 6 10 1 0 0
ST_DELIB 496 26 1 1 6 10 1 0 0
ST_DELIB 496 29 1 1 6 10 1 0 0
ST_DELIB 496 13 1 1 6 10 1 0 0
ST_DELIB 497 2 1 1 6 10 1 0 0
ST_DELIB 497 5 1 1 6 10 1 0 0
ST_DELIB 497 8 1 1 6 10 1 0 0
ST_DELIB 497 11 1 1 6 10 1 0 0
ST_DELIB 497 23 1 1 6 10 1 0 0
ST_DELIB 497 26 1 1 6 10 1 0 0
ST_DELIB 497 29 1 1 6 10 1 0 0
ST_DELIB 497 13 1 1 6 10 1 0 0
ST_DELIB 498 2 1 1 6 10 1 0 0
ST_DELIB 498 5 1 1 6 10 1 0 0
ST_DELIB 498 8 1 1 6 10 1 0 0
ST_DELIB 498 11 1 1 6 10 1 0 0
ST_DELIB 498 23 1 1 6 10 1 0 0
ST_DELIB 498 26 1 1 6 10 1 0 0
ST_DELIB 498 29 1 1 6 10 1 0 0
ST_DELIB 498 13 1 1 6 10 1 0 0
ST_DELIB 499 2 1 1 6 10 1 0 0
ST_DELIB 499 5 1 1 6 10 1 0 0
ST_DELIB 499 8 1 1 6 10 1 0 0
ST_DELIB 499 11 1 1 6 10 1 0 0
ST_DELIB 499 23 1 1 6 10 1 0 0
ST_DELIB 499 26 1 1 6 10 1 0 0
ST_DELIB 499 29 1 1 6 10 1 0 0
ST_DELIB 499 13 1 1 6 10 1 0 0
ST_TS 500 32 3844 0 0 0 0 0 9 150 0 470 3792 0 0 0 0
ST_CELL 11 0 1 0
ST_AUDIT_N 3844
ST_DROPS 470
ST_ABANDONS 3792
ST_ABANDON_Q 3792 0 0 0
ST_METRIC 1 9 9
ST_METRIC 8 1 1
ST_METRIC 9 1 1
ST_METRIC 10 30 500
ST_METRIC 11 9 150
ST_A_SUMMARY 0 0 0 0 0
ST_LEDGER 3844 322896
CL_CHECK,ck_replay,0,0
CL_CHECK,ck_refusals_clean,0,0
CL_CHECK,ck_core_live,1,1
CL_CHECK,ck_strength_lineage,1,1
CL_CHECK,ck_strength_lineage,1,1
CL_CHECK,ck_strength_lineage,1,1
CL_CHECK,ck_strength_lineage,1,1
CL_CHECK,ck_strength_lineage,1,1
CL_CHECK,ck_strength_lineage,1,1
CL_CHECK,ck_strength_lineage,1,1
CL_CHECK,ck_strength_lineage,1,1
CL_CHECK,ck_strength_lineage,1,1
CL_CHECK,ck_strength_lineage,1,1
CL_CHECK,ck_strength_lineage,1,1
CL_CHECK,ck_strength_lineage,1,1
CL_CHECK,ck_strength_lineage,1,1
CL_CHECK,ck_strength_lineage,1,1
CL_CHECK,ck_strength_lineage,1,1
CL_CHECK,ck_strength_lineage,1,1
CL_CHECK,ck_strength_lineage,1,1
CL_CHECK,ck_strength_lineage,1,1
CL_CHECK,ck_strength_lineage,1,1
CL_CHECK,ck_strength_lineage,1,1
CL_CHECK,ck_strength_lineage,1,1
CL_CHECK,ck_strength_lineage,1,1
CL_CHECK,ck_strength_lineage,1,1
CL_CHECK,ck_strength_lineage,1,1
CL_CHECK,ck_strength_lineage,1,1
CL_CHECK,ck_strength_lineage,1,1
CL_CHECK,ck_strength_lineage,1,1
CL_CHECK,ck_strength_lineage,1,1
CL_CHECK,ck_strength_lineage,1,1
CL_CHECK,ck_strength_lineage,1,1
CL_CHECK,ck_strength_lineage,1,1
CL_CHECK,ck_strength_lineage,1,1
CL_CHECK,ck_strength_lineage,1,1
CL_CHECK,ck_strength_lineage,1,1
CL_CHECK,ck_strength_lineage,1,1
CL_CHECK,ck_strength_lineage,1,1
CL_CHECK,ck_strength_lineage,1,1
CL_CHECK,ck_strength_lineage,1,1
CL_CHECK,ck_strength_lineage,1,1
CL_CHECK,ck_strength_lineage,1,1
CL_CHECK,ck_strength_lineage,1,1
CL_CHECK,ck_strength_lineage,1,1
CL_CHECK,ck_strength_lineage,1,1
CL_CHECK,ck_strength_lineage,1,1
CL_CHECK,ck_strength_lineage,1,1
CL_CHECK,ck_strength_lineage,1,1
CL_CHECK,ck_strength_lineage,1,1
CL_CHECK,ck_strength_lineage,1,1
CL_CHECK,ck_no_bad_kill,0,0
CL_CHECK,ck_no_bad_forcepin,0,0
CL_CHECK,ck_no_bad_code,0,0
CL_CHECK,ck_no_bad_role,0,0
CL_CHECK,ck_no_bad_pexp,0,0
CL_CHECK,ck_no_bad_recycle,0,0
ST_FINGERPRINT 804625935
ST_INVALID 0
ST_DONE
