0000000000000000000000000000000000000000000000000000000000000000|0000000000000000000000000000000000000000000000000000000000000000|0|3|rt4_TMB-5_A18F_0_0000.r24|2|1|RICH|690|0|1660|0000000000000000000000000000000000000000000000000000000000000000|DARK|1|690|DISP=ACCEPT_INSTALL|DETAIL=rt3_A18F_0
0000000000000000000000000000000000000000000000000000000000000000|0000000000000000000000000000000000000000000000000000000000000000|0|3|rt4_TMB-5_A18F_0_0001.r24|2|1|RICH|692|0|1660|0000000000000000000000000000000000000000000000000000000000000000|DARK|1|692|DISP=ACCEPT_INSTALL|DETAIL=rt3_A18F_0
0000000000000000000000000000000000000000000000000000000000000000|0000000000000000000000000000000000000000000000000000000000000000|0|3|rt4_TMB-5_A18F_0_0002.r24|2|1|RICH|694|0|1660|0000000000000000000000000000000000000000000000000000000000000000|DARK|1|694|DISP=ACCEPT_INSTALL|DETAIL=rt3_A18F_0
0000000000000000000000000000000000000000000000000000000000000000|0000000000000000000000000000000000000000000000000000000000000000|0|3|rt4_TMB-5_A18F_0_0003.r24|2|1|RICH|690|0|1680|0000000000000000000000000000000000000000000000000000000000000000|DARK|1|690|DISP=ACCEPT_INSTALL|DETAIL=rt3_A18F_0
0000000000000000000000000000000000000000000000000000000000000000|0000000000000000000000000000000000000000000000000000000000000000|0|3|rt4_TMB-5_A18F_0_0004.r24|2|1|RICH|692|0|1680|0000000000000000000000000000000000000000000000000000000000000000|DARK|1|692|DISP=ACCEPT_INSTALL|DETAIL=rt3_A18F_0
0000000000000000000000000000000000000000000000000000000000000000|0000000000000000000000000000000000000000000000000000000000000000|0|3|rt4_TMB-5_A18F_0_0005.r24|2|1|RICH|696|0|1660|0000000000000000000000000000000000000000000000000000000000000000|DARK|1|696|DISP=ACCEPT_INSTALL|DETAIL=rt3_A18F_0
0000000000000000000000000000000000000000000000000000000000000000|0000000000000000000000000000000000000000000000000000000000000000|0|3|rt4_TMB-5_A18F_0_0006.r24|2|1|RICH|698|0|1660|0000000000000000000000000000000000000000000000000000000000000000|DARK|1|698|DISP=ACCEPT_INSTALL|DETAIL=rt3_A18F_0
0000000000000000000000000000000000000000000000000000000000000000|0000000000000000000000000000000000000000000000000000000000000000|0|3|rt4_TMB-5_A18F_0_0007.r24|2|1|RICH|700|0|1660|0000000000000000000000000000000000000000000000000000000000000000|DARK|1|700|DISP=ACCEPT_INSTALL|DETAIL=rt3_A18F_0
0000000000000000000000000000000000000000000000000000000000000000|0000000000000000000000000000000000000000000000000000000000000000|0|3|rt4_TMB-5_A18F_0_0008.r24|2|1|RICH|694|0|1680|0000000000000000000000000000000000000000000000000000000000000000|DARK|1|694|DISP=ACCEPT_INSTALL|DETAIL=rt3_A18F_0
0000000000000000000000000000000000000000000000000000000000000000|0000000000000000000000000000000000000000000000000000000000000000|0|3|rt4_TMB-5_A18F_0_0009.r24|2|1|RICH|696|0|1680|0000000000000000000000000000000000000000000000000000000000000000|DARK|1|696|DISP=ACCEPT_INSTALL|DETAIL=rt3_A18F_0
0000000000000000000000000000000000000000000000000000000000000000|0000000000000000000000000000000000000000000000000000000000000000|0|3|rt4_TMB-5_A18F_0_0010.r24|2|1|RICH|702|0|1660|0000000000000000000000000000000000000000000000000000000000000000|DARK|1|702|DISP=ACCEPT_INSTALL|DETAIL=rt3_A18F_0
0000000000000000000000000000000000000000000000000000000000000000|0000000000000000000000000000000000000000000000000000000000000000|0|3|rt4_TMB-5_A18F_0_0011.r24|2|1|RICH|704|0|1660|0000000000000000000000000000000000000000000000000000000000000000|DARK|1|704|DISP=ACCEPT_INSTALL|DETAIL=rt3_A18F_0
0000000000000000000000000000000000000000000000000000000000000000|0000000000000000000000000000000000000000000000000000000000000000|0|3|rt4_TMB-5_A18F_0_0012.r24|2|1|RICH|706|0|1660|0000000000000000000000000000000000000000000000000000000000000000|DARK|1|706|DISP=ACCEPT_INSTALL|DETAIL=rt3_A18F_0
0000000000000000000000000000000000000000000000000000000000000000|0000000000000000000000000000000000000000000000000000000000000000|0|3|rt4_TMB-5_A18F_0_0013.r24|2|1|RICH|698|0|1680|0000000000000000000000000000000000000000000000000000000000000000|DARK|1|698|DISP=ACCEPT_INSTALL|DETAIL=rt3_A18F_0
0000000000000000000000000000000000000000000000000000000000000000|0000000000000000000000000000000000000000000000000000000000000000|0|3|rt4_TMB-5_A18F_0_0014.r24|2|1|RICH|700|0|1680|0000000000000000000000000000000000000000000000000000000000000000|DARK|1|700|DISP=ACCEPT_INSTALL|DETAIL=rt3_A18F_0
0000000000000000000000000000000000000000000000000000000000000000|0000000000000000000000000000000000000000000000000000000000000000|0|3|rt4_TMB-5_A18F_0_0015.r24|2|1|RICH|708|0|1660|0000000000000000000000000000000000000000000000000000000000000000|DARK|1|708|DISP=ACCEPT_INSTALL|DETAIL=rt3_A18F_0
0000000000000000000000000000000000000000000000000000000000000000|0000000000000000000000000000000000000000000000000000000000000000|0|3|rt4_TMB-5_A18F_0_0016.r24|2|1|RICH|710|0|1660|0000000000000000000000000000000000000000000000000000000000000000|DARK|1|710|DISP=ACCEPT_INSTALL|DETAIL=rt3_A18F_0
0000000000000000000000000000000000000000000000000000000000000000|0000000000000000000000000000000000000000000000000000000000000000|0|3|rt4_TMB-5_A18F_0_0017.r24|2|1|RICH|712|0|1660|0000000000000000000000000000000000000000000000000000000000000000|DARK|1|712|DISP=ACCEPT_INSTALL|DETAIL=rt3_A18F_0
0000000000000000000000000000000000000000000000000000000000000000|0000000000000000000000000000000000000000000000000000000000000000|0|3|rt4_TMB-5_A18F_0_0018.r24|2|1|RICH|702|0|1680|0000000000000000000000000000000000000000000000000000000000000000|DARK|1|702|DISP=ACCEPT_INSTALL|DETAIL=rt3_A18F_0
0000000000000000000000000000000000000000000000000000000000000000|0000000000000000000000000000000000000000000000000000000000000000|0|3|rt4_TMB-5_A18F_0_0019.r24|2|1|RICH|704|0|1680|0000000000000000000000000000000000000000000000000000000000000000|DARK|1|704|DISP=ACCEPT_INSTALL|DETAIL=rt3_A18F_0
0000000000000000000000000000000000000000000000000000000000000000|0000000000000000000000000000000000000000000000000000000000000000|0|3|rt4_TMB-5_A18F_0_0020.r24|2|1|RICH|714|0|1660|0000000000000000000000000000000000000000000000000000000000000000|DARK|1|714|DISP=ACCEPT_INSTALL|DETAIL=rt3_A18F_0
0000000000000000000000000000000000000000000000000000000000000000|0000000000000000000000000000000000000000000000000000000000000000|0|3|rt4_TMB-5_A18F_0_0021.r24|2|1|RICH|716|0|1660|0000000000000000000000000000000000000000000000000000000000000000|DARK|1|716|DISP=ACCEPT_INSTALL|DETAIL=rt3_A18F_0
0000000000000000000000000000000000000000000000000000000000000000|0000000000000000000000000000000000000000000000000000000000000000|0|3|rt4_TMB-5_A18F_0_0022.r24|2|1|RICH|718|0|1660|0000000000000000000000000000000000000000000000000000000000000000|DARK|1|718|DISP=ACCEPT_INSTALL|DETAIL=rt3_A18F_0
0000000000000000000000000000000000000000000000000000000000000000|0000000000000000000000000000000000000000000000000000000000000000|0|3|rt4_TMB-5_A18F_0_0023.r24|2|1|RICH|706|0|1680|0000000000000000000000000000000000000000000000000000000000000000|DARK|1|706|DISP=ACCEPT_INSTALL|DETAIL=rt3_A18F_0
0000000000000000000000000000000000000000000000000000000000000000|0000000000000000000000000000000000000000000000000000000000000000|0|3|rt4_TMB-5_A18F_0_0024.r24|2|1|RICH|708|0|1680|0000000000000000000000000000000000000000000000000000000000000000|DARK|1|708|DISP=ACCEPT_INSTALL|DETAIL=rt3_A18F_0
0000000000000000000000000000000000000000000000000000000000000000|0000000000000000000000000000000000000000000000000000000000000000|0|3|rt4_TMB-5_A18F_0_0025.r24|2|1|RICH|720|0|1660|0000000000000000000000000000000000000000000000000000000000000000|DARK|1|720|DISP=ACCEPT_INSTALL|DETAIL=rt3_A18F_0
0000000000000000000000000000000000000000000000000000000000000000|0000000000000000000000000000000000000000000000000000000000000000|0|3|rt4_TMB-5_A18F_0_0026.r24|2|1|RICH|722|0|1660|0000000000000000000000000000000000000000000000000000000000000000|DARK|1|722|DISP=ACCEPT_INSTALL|DETAIL=rt3_A18F_0
0000000000000000000000000000000000000000000000000000000000000000|0000000000000000000000000000000000000000000000000000000000000000|0|3|rt4_TMB-5_A18F_0_0027.r24|2|1|RICH|724|0|1660|0000000000000000000000000000000000000000000000000000000000000000|DARK|1|724|DISP=ACCEPT_INSTALL|DETAIL=rt3_A18F_0
0000000000000000000000000000000000000000000000000000000000000000|0000000000000000000000000000000000000000000000000000000000000000|0|3|rt4_TMB-5_A18F_0_0028.r24|2|1|RICH|710|0|1680|0000000000000000000000000000000000000000000000000000000000000000|DARK|1|710|DISP=ACCEPT_INSTALL|DETAIL=rt3_A18F_0
0000000000000000000000000000000000000000000000000000000000000000|0000000000000000000000000000000000000000000000000000000000000000|0|3|rt4_TMB-5_A18F_0_0029.r24|2|1|RICH|712|0|1680|0000000000000000000000000000000000000000000000000000000000000000|DARK|1|712|DISP=ACCEPT_INSTALL|DETAIL=rt3_A18F_0
0000000000000000000000000000000000000000000000000000000000000000|0000000000000000000000000000000000000000000000000000000000000000|0|3|rt4_TMB-5_A18F_0_0030.r24|2|1|RICH|726|0|1660|0000000000000000000000000000000000000000000000000000000000000000|DARK|1|726|DISP=ACCEPT_INSTALL|DETAIL=rt3_A18F_0
0000000000000000000000000000000000000000000000000000000000000000|0000000000000000000000000000000000000000000000000000000000000000|0|3|rt4_TMB-5_A18F_0_0031.r24|2|1|RICH|728|0|1660|0000000000000000000000000000000000000000000000000000000000000000|DARK|1|728|DISP=ACCEPT_INSTALL|DETAIL=rt3_A18F_0
0000000000000000000000000000000000000000000000000000000000000000|0000000000000000000000000000000000000000000000000000000000000000|0|3|rt4_TMB-5_A18F_0_0032.r24|2|1|RICH|730|0|1660|0000000000000000000000000000000000000000000000000000000000000000|DARK|1|730|DISP=ACCEPT_INSTALL|DETAIL=rt3_A18F_0
0000000000000000000000000000000000000000000000000000000000000000|0000000000000000000000000000000000000000000000000000000000000000|0|3|rt4_TMB-5_A18F_0_0033.r24|2|1|RICH|714|0|1680|0000000000000000000000000000000000000000000000000000000000000000|DARK|1|714|DISP=ACCEPT_INSTALL|DETAIL=rt3_A18F_0
0000000000000000000000000000000000000000000000000000000000000000|0000000000000000000000000000000000000000000000000000000000000000|0|3|rt4_TMB-5_A18F_0_0034.r24|2|1|RICH|716|0|1680|0000000000000000000000000000000000000000000000000000000000000000|DARK|1|716|DISP=ACCEPT_INSTALL|DETAIL=rt3_A18F_0
0000000000000000000000000000000000000000000000000000000000000000|0000000000000000000000000000000000000000000000000000000000000000|0|3|rt4_TMB-5_A18F_0_0035.r24|2|1|RICH|552|0|2400|0000000000000000000000000000000000000000000000000000000000000000|DARK|1|552|DISP=ACCEPT_INSTALL|DETAIL=rt3_A18F_0
0000000000000000000000000000000000000000000000000000000000000000|0000000000000000000000000000000000000000000000000000000000000000|0|3|rt4_TMB-5_A18F_0_0036.r24|2|1|RICH|554|0|2400|0000000000000000000000000000000000000000000000000000000000000000|DARK|1|554|DISP=ACCEPT_INSTALL|DETAIL=rt3_A18F_0
0000000000000000000000000000000000000000000000000000000000000000|0000000000000000000000000000000000000000000000000000000000000000|0|3|rt4_TMB-5_A18F_0_0037.r24|2|1|RICH|556|0|2400|0000000000000000000000000000000000000000000000000000000000000000|DARK|1|556|DISP=ACCEPT_INSTALL|DETAIL=rt3_A18F_0
0000000000000000000000000000000000000000000000000000000000000000|0000000000000000000000000000000000000000000000000000000000000000|0|3|rt4_TMB-5_A18F_0_0038.r24|2|1|RICH|718|0|1680|0000000000000000000000000000000000000000000000000000000000000000|DARK|1|718|DISP=ACCEPT_INSTALL|DETAIL=rt3_A18F_0
0000000000000000000000000000000000000000000000000000000000000000|0000000000000000000000000000000000000000000000000000000000000000|0|3|rt4_TMB-5_A18F_0_0039.r24|2|1|RICH|720|0|1680|0000000000000000000000000000000000000000000000000000000000000000|DARK|1|720|DISP=ACCEPT_INSTALL|DETAIL=rt3_A18F_0
0000000000000000000000000000000000000000000000000000000000000000|0000000000000000000000000000000000000000000000000000000000000000|0|3|rt4_TMB-5_A18F_0_0040.r24|2|1|RICH|558|0|2400|0000000000000000000000000000000000000000000000000000000000000000|DARK|1|558|DISP=ACCEPT_INSTALL|DETAIL=rt3_A18F_0
0000000000000000000000000000000000000000000000000000000000000000|0000000000000000000000000000000000000000000000000000000000000000|0|3|rt4_TMB-5_A18F_0_0041.r24|2|1|RICH|560|0|2400|0000000000000000000000000000000000000000000000000000000000000000|DARK|1|560|DISP=ACCEPT_INSTALL|DETAIL=rt3_A18F_0
0000000000000000000000000000000000000000000000000000000000000000|0000000000000000000000000000000000000000000000000000000000000000|0|3|rt4_TMB-5_A18F_0_0042.r24|2|1|RICH|562|0|2400|0000000000000000000000000000000000000000000000000000000000000000|DARK|1|562|DISP=ACCEPT_INSTALL|DETAIL=rt3_A18F_0
0000000000000000000000000000000000000000000000000000000000000000|0000000000000000000000000000000000000000000000000000000000000000|0|3|rt4_TMB-5_A18F_0_0043.r24|2|1|RICH|722|0|1680|0000000000000000000000000000000000000000000000000000000000000000|DARK|1|722|DISP=ACCEPT_INSTALL|DETAIL=rt3_A18F_0
0000000000000000000000000000000000000000000000000000000000000000|0000000000000000000000000000000000000000000000000000000000000000|0|3|rt4_TMB-5_A18F_0_0044.r24|2|1|RICH|724|0|1680|0000000000000000000000000000000000000000000000000000000000000000|DARK|1|724|DISP=ACCEPT_INSTALL|DETAIL=rt3_A18F_0
0000000000000000000000000000000000000000000000000000000000000000|0000000000000000000000000000000000000000000000000000000000000000|0|3|rt4_TMB-5_A18F_0_0045.r24|2|1|RICH|564|0|2400|0000000000000000000000000000000000000000000000000000000000000000|DARK|1|564|DISP=ACCEPT_INSTALL|DETAIL=rt3_A18F_0
0000000000000000000000000000000000000000000000000000000000000000|0000000000000000000000000000000000000000000000000000000000000000|0|3|rt4_TMB-5_A18F_0_0046.r24|2|1|RICH|566|0|2400|0000000000000000000000000000000000000000000000000000000000000000|DARK|1|566|DISP=ACCEPT_INSTALL|DETAIL=rt3_A18F_0
0000000000000000000000000000000000000000000000000000000000000000|0000000000000000000000000000000000000000000000000000000000000000|0|3|rt4_TMB-5_A18F_0_0047.r24|2|1|RICH|568|0|2400|0000000000000000000000000000000000000000000000000000000000000000|DARK|1|568|DISP=ACCEPT_INSTALL|DETAIL=rt3_A18F_0
0000000000000000000000000000000000000000000000000000000000000000|0000000000000000000000000000000000000000000000000000000000000000|0|3|rt4_TMB-5_A18F_0_0048.r24|2|1|RICH|726|0|1680|0000000000000000000000000000000000000000000000000000000000000000|DARK|1|726|DISP=ACCEPT_INSTALL|DETAIL=rt3_A18F_0
0000000000000000000000000000000000000000000000000000000000000000|0000000000000000000000000000000000000000000000000000000000000000|0|3|rt4_TMB-5_A18F_0_0049.r24|2|1|RICH|728|0|1680|0000000000000000000000000000000000000000000000000000000000000000|DARK|1|728|DISP=ACCEPT_INSTALL|DETAIL=rt3_A18F_0
0000000000000000000000000000000000000000000000000000000000000000|0000000000000000000000000000000000000000000000000000000000000000|0|3|rt4_TMB-5_A18F_0_0050.r24|2|1|RICH|570|0|2400|0000000000000000000000000000000000000000000000000000000000000000|DARK|1|570|DISP=ACCEPT_INSTALL|DETAIL=rt3_A18F_0
0000000000000000000000000000000000000000000000000000000000000000|0000000000000000000000000000000000000000000000000000000000000000|0|3|rt4_TMB-5_A18F_0_0051.r24|2|1|RICH|850|0|2400|0000000000000000000000000000000000000000000000000000000000000000|DARK|1|850|DISP=ACCEPT_INSTALL|DETAIL=rt3_A18F_0
0000000000000000000000000000000000000000000000000000000000000000|0000000000000000000000000000000000000000000000000000000000000000|0|3|rt4_TMB-5_A18F_0_0052.r24|2|1|RICH|852|0|2400|0000000000000000000000000000000000000000000000000000000000000000|DARK|1|852|DISP=ACCEPT_INSTALL|DETAIL=rt3_A18F_0
0000000000000000000000000000000000000000000000000000000000000000|0000000000000000000000000000000000000000000000000000000000000000|0|3|rt4_TMB-5_A18F_0_0053.r24|2|1|RICH|730|0|1680|0000000000000000000000000000000000000000000000000000000000000000|DARK|1|730|DISP=ACCEPT_INSTALL|DETAIL=rt3_A18F_0
0000000000000000000000000000000000000000000000000000000000000000|0000000000000000000000000000000000000000000000000000000000000000|0|3|rt4_TMB-5_A18F_0_0054.r24|2|1|RICH|572|0|2400|0000000000000000000000000000000000000000000000000000000000000000|DARK|1|572|DISP=ACCEPT_INSTALL|DETAIL=rt3_A18F_0
0000000000000000000000000000000000000000000000000000000000000000|0000000000000000000000000000000000000000000000000000000000000000|0|3|rt4_TMB-5_A18F_0_0055.r24|2|1|RICH|854|0|2400|0000000000000000000000000000000000000000000000000000000000000000|DARK|1|854|DISP=ACCEPT_INSTALL|DETAIL=rt3_A18F_0
0000000000000000000000000000000000000000000000000000000000000000|0000000000000000000000000000000000000000000000000000000000000000|0|3|rt4_TMB-5_A18F_0_0056.r24|2|1|RICH|856|0|2400|0000000000000000000000000000000000000000000000000000000000000000|DARK|1|856|DISP=ACCEPT_INSTALL|DETAIL=rt3_A18F_0
0000000000000000000000000000000000000000000000000000000000000000|0000000000000000000000000000000000000000000000000000000000000000|0|3|rt4_TMB-5_A18F_0_0057.r24|2|1|RICH|858|0|2400|0000000000000000000000000000000000000000000000000000000000000000|DARK|1|858|DISP=ACCEPT_INSTALL|DETAIL=rt3_A18F_0
0000000000000000000000000000000000000000000000000000000000000000|0000000000000000000000000000000000000000000000000000000000000000|0|3|rt4_TMB-5_A18F_0_0058.r24|2|1|RICH|574|0|2400|0000000000000000000000000000000000000000000000000000000000000000|DARK|1|574|DISP=ACCEPT_INSTALL|DETAIL=rt3_A18F_0
0000000000000000000000000000000000000000000000000000000000000000|0000000000000000000000000000000000000000000000000000000000000000|0|3|rt4_TMB-5_A18F_0_0059.r24|2|1|RICH|576|0|2400|0000000000000000000000000000000000000000000000000000000000000000|DARK|1|576|DISP=ACCEPT_INSTALL|DETAIL=rt3_A18F_0
0000000000000000000000000000000000000000000000000000000000000000|0000000000000000000000000000000000000000000000000000000000000000|0|3|rt4_TMB-5_A18F_0_0060.r24|2|1|RICH|860|0|2400|0000000000000000000000000000000000000000000000000000000000000000|DARK|1|860|DISP=ACCEPT_INSTALL|DETAIL=rt3_A18F_0
0000000000000000000000000000000000000000000000000000000000000000|0000000000000000000000000000000000000000000000000000000000000000|0|3|rt4_TMB-5_A18F_0_0061.r24|2|1|RICH|862|0|2400|0000000000000000000000000000000000000000000000000000000000000000|DARK|1|862|DISP=ACCEPT_INSTALL|DETAIL=rt3_A18F_0
0000000000000000000000000000000000000000000000000000000000000000|0000000000000000000000000000000000000000000000000000000000000000|0|3|rt4_TMB-5_A18F_0_0062.r24|2|1|RICH|864|0|2400|0000000000000000000000000000000000000000000000000000000000000000|DARK|1|864|DISP=ACCEPT_INSTALL|DETAIL=rt3_A18F_0
0000000000000000000000000000000000000000000000000000000000000000|0000000000000000000000000000000000000000000000000000000000000000|0|3|rt4_TMB-5_A18F_0_0063.r24|2|1|RICH|578|0|2400|0000000000000000000000000000000000000000000000000000000000000000|DARK|1|578|DISP=ACCEPT_INSTALL|DETAIL=rt3_A18F_0
0000000000000000000000000000000000000000000000000000000000000000|0000000000000000000000000000000000000000000000000000000000000000|0|3|rt4_TMB-5_A18F_0_0064.r24|2|1|RICH|580|0|2400|0000000000000000000000000000000000000000000000000000000000000000|DARK|1|580|DISP=ACCEPT_INSTALL|DETAIL=rt3_A18F_0
0000000000000000000000000000000000000000000000000000000000000000|0000000000000000000000000000000000000000000000000000000000000000|0|3|rt4_TMB-5_A18F_0_0065.r24|2|1|RICH|866|0|2400|0000000000000000000000000000000000000000000000000000000000000000|DARK|1|866|DISP=ACCEPT_INSTALL|DETAIL=rt3_A18F_0
0000000000000000000000000000000000000000000000000000000000000000|0000000000000000000000000000000000000000000000000000000000000000|0|3|rt4_TMB-5_A18F_0_0066.r24|2|1|RICH|868|0|2400|0000000000000000000000000000000000000000000000000000000000000000|DARK|1|868|DISP=ACCEPT_INSTALL|DETAIL=rt3_A18F_0
0000000000000000000000000000000000000000000000000000000000000000|0000000000000000000000000000000000000000000000000000000000000000|0|3|rt4_TMB-5_A18F_0_0067.r24|2|1|RICH|552|0|2410|0000000000000000000000000000000000000000000000000000000000000000|DARK|1|552|DISP=ACCEPT_INSTALL|DETAIL=rt3_A18F_0
0000000000000000000000000000000000000000000000000000000000000000|0000000000000000000000000000000000000000000000000000000000000000|0|3|rt4_TMB-5_A18F_0_0068.r24|2|1|RICH|582|0|2400|0000000000000000000000000000000000000000000000000000000000000000|DARK|1|582|DISP=ACCEPT_INSTALL|DETAIL=rt3_A18F_0
0000000000000000000000000000000000000000000000000000000000000000|0000000000000000000000000000000000000000000000000000000000000000|0|3|rt4_TMB-5_A18F_0_0069.r24|2|1|RICH|584|0|2400|0000000000000000000000000000000000000000000000000000000000000000|DARK|1|584|DISP=ACCEPT_INSTALL|DETAIL=rt3_A18F_0
0000000000000000000000000000000000000000000000000000000000000000|0000000000000000000000000000000000000000000000000000000000000000|0|3|rt4_TMB-5_A18F_0_0070.r24|2|1|RICH|554|0|2410|0000000000000000000000000000000000000000000000000000000000000000|DARK|1|554|DISP=ACCEPT_INSTALL|DETAIL=rt3_A18F_0
0000000000000000000000000000000000000000000000000000000000000000|0000000000000000000000000000000000000000000000000000000000000000|0|3|rt4_TMB-5_A18F_0_0071.r24|2|1|RICH|556|0|2410|0000000000000000000000000000000000000000000000000000000000000000|DARK|1|556|DISP=ACCEPT_INSTALL|DETAIL=rt3_A18F_0
0000000000000000000000000000000000000000000000000000000000000000|0000000000000000000000000000000000000000000000000000000000000000|0|3|rt4_TMB-5_A18F_0_0072.r24|2|1|RICH|558|0|2410|0000000000000000000000000000000000000000000000000000000000000000|DARK|1|558|DISP=ACCEPT_INSTALL|DETAIL=rt3_A18F_0
0000000000000000000000000000000000000000000000000000000000000000|0000000000000000000000000000000000000000000000000000000000000000|0|3|rt4_TMB-5_A18F_0_0073.r24|2|1|RICH|586|0|2400|0000000000000000000000000000000000000000000000000000000000000000|DARK|1|586|DISP=ACCEPT_INSTALL|DETAIL=rt3_A18F_0
0000000000000000000000000000000000000000000000000000000000000000|0000000000000000000000000000000000000000000000000000000000000000|0|3|rt4_TMB-5_A18F_0_0074.r24|2|1|RICH|588|0|2400|0000000000000000000000000000000000000000000000000000000000000000|DARK|1|588|DISP=ACCEPT_INSTALL|DETAIL=rt3_A18F_0
0000000000000000000000000000000000000000000000000000000000000000|0000000000000000000000000000000000000000000000000000000000000000|0|3|rt4_TMB-5_A18F_0_0075.r24|2|1|RICH|560|0|2410|0000000000000000000000000000000000000000000000000000000000000000|DARK|1|560|DISP=ACCEPT_INSTALL|DETAIL=rt3_A18F_0
0000000000000000000000000000000000000000000000000000000000000000|0000000000000000000000000000000000000000000000000000000000000000|0|3|rt4_TMB-5_A18F_0_0076.r24|2|1|RICH|562|0|2410|0000000000000000000000000000000000000000000000000000000000000000|DARK|1|562|DISP=ACCEPT_INSTALL|DETAIL=rt3_A18F_0
0000000000000000000000000000000000000000000000000000000000000000|0000000000000000000000000000000000000000000000000000000000000000|0|3|rt4_TMB-5_A18F_0_0077.r24|2|1|RICH|564|0|2410|0000000000000000000000000000000000000000000000000000000000000000|DARK|1|564|DISP=ACCEPT_INSTALL|DETAIL=rt3_A18F_0
0000000000000000000000000000000000000000000000000000000000000000|0000000000000000000000000000000000000000000000000000000000000000|0|3|rt4_TMB-5_A18F_0_0078.r24|2|1|RICH|590|0|2400|0000000000000000000000000000000000000000000000000000000000000000|DARK|1|590|DISP=ACCEPT_INSTALL|DETAIL=rt3_A18F_0
0000000000000000000000000000000000000000000000000000000000000000|0000000000000000000000000000000000000000000000000000000000000000|0|3|rt4_TMB-5_A18F_0_0079.r24|2|1|RICH|592|0|2400|0000000000000000000000000000000000000000000000000000000000000000|DARK|1|592|DISP=ACCEPT_INSTALL|DETAIL=rt3_A18F_0
0000000000000000000000000000000000000000000000000000000000000000|0000000000000000000000000000000000000000000000000000000000000000|0|3|rt4_TMB-5_A18F_0_0080.r24|2|1|RICH|566|0|2410|0000000000000000000000000000000000000000000000000000000000000000|DARK|1|566|DISP=ACCEPT_INSTALL|DETAIL=rt3_A18F_0
0000000000000000000000000000000000000000000000000000000000000000|0000000000000000000000000000000000000000000000000000000000000000|0|3|rt4_TMB-5_A18F_0_0081.r24|2|1|RICH|568|0|2410|0000000000000000000000000000000000000000000000000000000000000000|DARK|1|568|DISP=ACCEPT_INSTALL|DETAIL=rt3_A18F_0
0000000000000000000000000000000000000000000000000000000000000000|0000000000000000000000000000000000000000000000000000000000000000|0|3|rt4_TMB-5_A18F_0_0082.r24|2|1|RICH|570|0|2410|0000000000000000000000000000000000000000000000000000000000000000|DARK|1|570|DISP=ACCEPT_INSTALL|DETAIL=rt3_A18F_0
0000000000000000000000000000000000000000000000000000000000000000|0000000000000000000000000000000000000000000000000000000000000000|0|3|rt4_TMB-5_A18F_0_0083.r24|2|1|RICH|594|0|2400|0000000000000000000000000000000000000000000000000000000000000000|DARK|1|594|DISP=ACCEPT_INSTALL|DETAIL=rt3_A18F_0
0000000000000000000000000000000000000000000000000000000000000000|0000000000000000000000000000000000000000000000000000000000000000|0|3|rt4_TMB-5_A18F_0_0084.r24|2|1|RICH|826|0|2400|0000000000000000000000000000000000000000000000000000000000000000|DARK|1|826|DISP=ACCEPT_INSTALL|DETAIL=rt3_A18F_0
0000000000000000000000000000000000000000000000000000000000000000|0000000000000000000000000000000000000000000000000000000000000000|0|3|rt4_TMB-5_A18F_0_0085.r24|2|1|RICH|850|0|2410|0000000000000000000000000000000000000000000000000000000000000000|DARK|1|850|DISP=ACCEPT_INSTALL|DETAIL=rt3_A18F_0
0000000000000000000000000000000000000000000000000000000000000000|0000000000000000000000000000000000000000000000000000000000000000|0|3|rt4_TMB-5_A18F_0_0086.r24|2|1|RICH|852|0|2410|0000000000000000000000000000000000000000000000000000000000000000|DARK|1|852|DISP=ACCEPT_INSTALL|DETAIL=rt3_A18F_0
0000000000000000000000000000000000000000000000000000000000000000|0000000000000000000000000000000000000000000000000000000000000000|0|3|rt4_TMB-5_A18F_0_0087.r24|2|1|RICH|854|0|2410|0000000000000000000000000000000000000000000000000000000000000000|DARK|1|854|DISP=ACCEPT_INSTALL|DETAIL=rt3_A18F_0
0000000000000000000000000000000000000000000000000000000000000000|0000000000000000000000000000000000000000000000000000000000000000|0|3|rt4_TMB-5_A18F_0_0088.r24|2|1|RICH|828|0|2400|0000000000000000000000000000000000000000000000000000000000000000|DARK|1|828|DISP=ACCEPT_INSTALL|DETAIL=rt3_A18F_0
0000000000000000000000000000000000000000000000000000000000000000|0000000000000000000000000000000000000000000000000000000000000000|0|3|rt4_TMB-5_A18F_0_0089.r24|2|1|RICH|830|0|2400|0000000000000000000000000000000000000000000000000000000000000000|DARK|1|830|DISP=ACCEPT_INSTALL|DETAIL=rt3_A18F_0
0000000000000000000000000000000000000000000000000000000000000000|0000000000000000000000000000000000000000000000000000000000000000|0|3|rt4_TMB-5_A18F_0_0090.r24|2|1|RICH|856|0|2410|0000000000000000000000000000000000000000000000000000000000000000|DARK|1|856|DISP=ACCEPT_INSTALL|DETAIL=rt3_A18F_0
0000000000000000000000000000000000000000000000000000000000000000|0000000000000000000000000000000000000000000000000000000000000000|0|3|rt4_TMB-5_A18F_0_0091.r24|2|1|RICH|858|0|2410|0000000000000000000000000000000000000000000000000000000000000000|DARK|1|858|DISP=ACCEPT_INSTALL|DETAIL=rt3_A18F_0
0000000000000000000000000000000000000000000000000000000000000000|0000000000000000000000000000000000000000000000000000000000000000|0|3|rt4_TMB-5_A18F_0_0092.r24|2|1|RICH|860|0|2410|0000000000000000000000000000000000000000000000000000000000000000|DARK|1|860|DISP=ACCEPT_INSTALL|DETAIL=rt3_A18F_0
0000000000000000000000000000000000000000000000000000000000000000|0000000000000000000000000000000000000000000000000000000000000000|0|3|rt4_TMB-5_A18F_0_0093.r24|2|1|RICH|832|0|2400|0000000000000000000000000000000000000000000000000000000000000000|DARK|1|832|DISP=ACCEPT_INSTALL|DETAIL=rt3_A18F_0
0000000000000000000000000000000000000000000000000000000000000000|0000000000000000000000000000000000000000000000000000000000000000|0|3|rt4_TMB-5_A18F_0_0094.r24|2|1|RICH|834|0|2400|0000000000000000000000000000000000000000000000000000000000000000|DARK|1|834|DISP=ACCEPT_INSTALL|DETAIL=rt3_A18F_0
0000000000000000000000000000000000000000000000000000000000000000|0000000000000000000000000000000000000000000000000000000000000000|0|3|rt4_TMB-5_A18F_0_0095.r24|2|1|RICH|862|0|2410|0000000000000000000000000000000000000000000000000000000000000000|DARK|1|862|DISP=ACCEPT_INSTALL|DETAIL=rt3_A18F_0
0000000000000000000000000000000000000000000000000000000000000000|0000000000000000000000000000000000000000000000000000000000000000|0|3|rt4_TMB-5_A18F_0_0096.r24|2|1|RICH|864|0|2410|0000000000000000000000000000000000000000000000000000000000000000|DARK|1|864|DISP=ACCEPT_INSTALL|DETAIL=rt3_A18F_0
0000000000000000000000000000000000000000000000000000000000000000|0000000000000000000000000000000000000000000000000000000000000000|0|3|rt4_TMB-5_A18F_0_0097.r24|2|1|RICH|866|0|2410|0000000000000000000000000000000000000000000000000000000000000000|DARK|1|866|DISP=ACCEPT_INSTALL|DETAIL=rt3_A18F_0
0000000000000000000000000000000000000000000000000000000000000000|0000000000000000000000000000000000000000000000000000000000000000|0|3|rt4_TMB-5_A18F_0_0098.r24|2|1|RICH|836|0|2400|0000000000000000000000000000000000000000000000000000000000000000|DARK|1|836|DISP=ACCEPT_INSTALL|DETAIL=rt3_A18F_0
0000000000000000000000000000000000000000000000000000000000000000|0000000000000000000000000000000000000000000000000000000000000000|0|3|rt4_TMB-5_A18F_0_0099.r24|2|1|RICH|838|0|2400|0000000000000000000000000000000000000000000000000000000000000000|DARK|1|838|DISP=ACCEPT_INSTALL|DETAIL=rt3_A18F_0
0000000000000000000000000000000000000000000000000000000000000000|0000000000000000000000000000000000000000000000000000000000000000|0|3|rt4_TMB-5_A18F_0_0100.r24|2|1|RICH|868|0|2410|0000000000000000000000000000000000000000000000000000000000000000|DARK|1|868|DISP=ACCEPT_INSTALL|DETAIL=rt3_A18F_0
0000000000000000000000000000000000000000000000000000000000000000|0000000000000000000000000000000000000000000000000000000000000000|0|3|rt4_TMB-5_A18F_0_0101.r24|2|1|RICH|552|0|2420|0000000000000000000000000000000000000000000000000000000000000000|DARK|1|552|DISP=ACCEPT_INSTALL|DETAIL=rt3_A18F_0
0000000000000000000000000000000000000000000000000000000000000000|0000000000000000000000000000000000000000000000000000000000000000|0|3|rt4_TMB-5_A18F_0_0102.r24|2|1|RICH|554|0|2420|0000000000000000000000000000000000000000000000000000000000000000|DARK|1|554|DISP=ACCEPT_INSTALL|DETAIL=rt3_A18F_0
0000000000000000000000000000000000000000000000000000000000000000|0000000000000000000000000000000000000000000000000000000000000000|0|3|rt4_TMB-5_A18F_0_0103.r24|2|1|RICH|840|0|2400|0000000000000000000000000000000000000000000000000000000000000000|DARK|1|840|DISP=ACCEPT_INSTALL|DETAIL=rt3_A18F_0
0000000000000000000000000000000000000000000000000000000000000000|0000000000000000000000000000000000000000000000000000000000000000|0|3|rt4_TMB-5_A18F_0_0104.r24|2|1|RICH|842|0|2400|0000000000000000000000000000000000000000000000000000000000000000|DARK|1|842|DISP=ACCEPT_INSTALL|DETAIL=rt3_A18F_0
0000000000000000000000000000000000000000000000000000000000000000|0000000000000000000000000000000000000000000000000000000000000000|0|3|rt4_TMB-5_A18F_0_0105.r24|2|1|RICH|556|0|2420|0000000000000000000000000000000000000000000000000000000000000000|DARK|1|556|DISP=ACCEPT_INSTALL|DETAIL=rt3_A18F_0
0000000000000000000000000000000000000000000000000000000000000000|0000000000000000000000000000000000000000000000000000000000000000|0|3|rt4_TMB-5_A18F_0_0106.r24|2|1|RICH|558|0|2420|0000000000000000000000000000000000000000000000000000000000000000|DARK|1|558|DISP=ACCEPT_INSTALL|DETAIL=rt3_A18F_0
0000000000000000000000000000000000000000000000000000000000000000|0000000000000000000000000000000000000000000000000000000000000000|0|3|rt4_TMB-5_A18F_0_0107.r24|2|1|RICH|560|0|2420|0000000000000000000000000000000000000000000000000000000000000000|DARK|1|560|DISP=ACCEPT_INSTALL|DETAIL=rt3_A18F_0
0000000000000000000000000000000000000000000000000000000000000000|0000000000000000000000000000000000000000000000000000000000000000|0|3|rt4_TMB-5_A18F_0_0108.r24|2|1|RICH|844|0|2400|0000000000000000000000000000000000000000000000000000000000000000|DARK|1|844|DISP=ACCEPT_INSTALL|DETAIL=rt3_A18F_0
0000000000000000000000000000000000000000000000000000000000000000|0000000000000000000000000000000000000000000000000000000000000000|0|3|rt4_TMB-5_A18F_0_0109.r24|2|1|RICH|846|0|2400|0000000000000000000000000000000000000000000000000000000000000000|DARK|1|846|DISP=ACCEPT_INSTALL|DETAIL=rt3_A18F_0
0000000000000000000000000000000000000000000000000000000000000000|0000000000000000000000000000000000000000000000000000000000000000|0|3|rt4_TMB-5_A18F_0_0110.r24|2|1|RICH|562|0|2420|0000000000000000000000000000000000000000000000000000000000000000|DARK|1|562|DISP=ACCEPT_INSTALL|DETAIL=rt3_A18F_0
0000000000000000000000000000000000000000000000000000000000000000|0000000000000000000000000000000000000000000000000000000000000000|0|3|rt4_TMB-5_A18F_0_0111.r24|2|1|RICH|564|0|2420|0000000000000000000000000000000000000000000000000000000000000000|DARK|1|564|DISP=ACCEPT_INSTALL|DETAIL=rt3_A18F_0
0000000000000000000000000000000000000000000000000000000000000000|0000000000000000000000000000000000000000000000000000000000000000|0|3|rt4_TMB-5_A18F_0_0112.r24|2|1|RICH|566|0|2420|0000000000000000000000000000000000000000000000000000000000000000|DARK|1|566|DISP=ACCEPT_INSTALL|DETAIL=rt3_A18F_0
0000000000000000000000000000000000000000000000000000000000000000|0000000000000000000000000000000000000000000000000000000000000000|0|3|rt4_TMB-5_A18F_0_0113.r24|2|1|RICH|848|0|2400|0000000000000000000000000000000000000000000000000000000000000000|DARK|1|848|DISP=ACCEPT_INSTALL|DETAIL=rt3_A18F_0
0000000000000000000000000000000000000000000000000000000000000000|0000000000000000000000000000000000000000000000000000000000000000|0|3|rt4_TMB-5_A18F_0_0114.r24|2|1|RICH|572|0|2410|0000000000000000000000000000000000000000000000000000000000000000|DARK|1|572|DISP=ACCEPT_INSTALL|DETAIL=rt3_A18F_0
0000000000000000000000000000000000000000000000000000000000000000|0000000000000000000000000000000000000000000000000000000000000000|0|3|rt4_TMB-5_A18F_0_0115.r24|2|1|RICH|568|0|2420|0000000000000000000000000000000000000000000000000000000000000000|DARK|1|568|DISP=ACCEPT_INSTALL|DETAIL=rt3_A18F_0
0000000000000000000000000000000000000000000000000000000000000000|0000000000000000000000000000000000000000000000000000000000000000|0|3|rt4_TMB-5_A18F_0_0116.r24|2|1|RICH|570|0|2420|0000000000000000000000000000000000000000000000000000000000000000|DARK|1|570|DISP=ACCEPT_INSTALL|DETAIL=rt3_A18F_0
0000000000000000000000000000000000000000000000000000000000000000|0000000000000000000000000000000000000000000000000000000000000000|0|3|rt4_TMB-5_A18F_0_0117.r24|2|1|RICH|850|0|2420|0000000000000000000000000000000000000000000000000000000000000000|DARK|1|850|DISP=ACCEPT_INSTALL|DETAIL=rt3_A18F_0
0000000000000000000000000000000000000000000000000000000000000000|0000000000000000000000000000000000000000000000000000000000000000|0|3|rt4_TMB-5_A18F_0_0118.r24|2|1|RICH|574|0|2410|0000000000000000000000000000000000000000000000000000000000000000|DARK|1|574|DISP=ACCEPT_INSTALL|DETAIL=rt3_A18F_0
0000000000000000000000000000000000000000000000000000000000000000|0000000000000000000000000000000000000000000000000000000000000000|0|3|rt4_TMB-5_A18F_0_0119.r24|2|1|RICH|576|0|2410|0000000000000000000000000000000000000000000000000000000000000000|DARK|1|576|DISP=ACCEPT_INSTALL|DETAIL=rt3_A18F_0
0000000000000000000000000000000000000000000000000000000000000000|0000000000000000000000000000000000000000000000000000000000000000|0|3|rt4_TMB-5_A18F_0_0120.r24|2|1|RICH|852|0|2420|0000000000000000000000000000000000000000000000000000000000000000|DARK|1|852|DISP=ACCEPT_INSTALL|DETAIL=rt3_A18F_0
0000000000000000000000000000000000000000000000000000000000000000|0000000000000000000000000000000000000000000000000000000000000000|0|3|rt4_TMB-5_A18F_0_0121.r24|2|1|RICH|854|0|2420|0000000000000000000000000000000000000000000000000000000000000000|DARK|1|854|DISP=ACCEPT_INSTALL|DETAIL=rt3_A18F_0
0000000000000000000000000000000000000000000000000000000000000000|0000000000000000000000000000000000000000000000000000000000000000|0|3|rt4_TMB-5_A18F_0_0122.r24|2|1|RICH|856|0|2420|0000000000000000000000000000000000000000000000000000000000000000|DARK|1|856|DISP=ACCEPT_INSTALL|DETAIL=rt3_A18F_0
0000000000000000000000000000000000000000000000000000000000000000|0000000000000000000000000000000000000000000000000000000000000000|0|3|rt4_TMB-5_A18F_0_0123.r24|2|1|RICH|578|0|2410|0000000000000000000000000000000000000000000000000000000000000000|DARK|1|578|DISP=ACCEPT_INSTALL|DETAIL=rt3_A18F_0
0000000000000000000000000000000000000000000000000000000000000000|0000000000000000000000000000000000000000000000000000000000000000|0|3|rt4_TMB-5_A18F_0_0124.r24|2|1|RICH|580|0|2410|0000000000000000000000000000000000000000000000000000000000000000|DARK|1|580|DISP=ACCEPT_INSTALL|DETAIL=rt3_A18F_0
0000000000000000000000000000000000000000000000000000000000000000|0000000000000000000000000000000000000000000000000000000000000000|0|3|rt4_TMB-5_A18F_0_0125.r24|2|1|RICH|858|0|2420|0000000000000000000000000000000000000000000000000000000000000000|DARK|1|858|DISP=ACCEPT_INSTALL|DETAIL=rt3_A18F_0
0000000000000000000000000000000000000000000000000000000000000000|0000000000000000000000000000000000000000000000000000000000000000|0|3|rt4_TMB-5_A18F_0_0126.r24|2|1|RICH|860|0|2420|0000000000000000000000000000000000000000000000000000000000000000|DARK|1|860|DISP=ACCEPT_INSTALL|DETAIL=rt3_A18F_0
0000000000000000000000000000000000000000000000000000000000000000|0000000000000000000000000000000000000000000000000000000000000000|0|3|rt4_TMB-5_A18F_0_0127.r24|2|1|RICH|862|0|2420|0000000000000000000000000000000000000000000000000000000000000000|DARK|1|862|DISP=ACCEPT_INSTALL|DETAIL=rt3_A18F_0
0000000000000000000000000000000000000000000000000000000000000000|0000000000000000000000000000000000000000000000000000000000000000|0|3|rt4_TMB-5_A18F_0_0128.r24|2|1|RICH|582|0|2410|0000000000000000000000000000000000000000000000000000000000000000|DARK|1|582|DISP=ACCEPT_INSTALL|DETAIL=rt3_A18F_0
0000000000000000000000000000000000000000000000000000000000000000|0000000000000000000000000000000000000000000000000000000000000000|0|3|rt4_TMB-5_A18F_0_0129.r24|2|1|RICH|584|0|2410|0000000000000000000000000000000000000000000000000000000000000000|DARK|1|584|DISP=ACCEPT_INSTALL|DETAIL=rt3_A18F_0
0000000000000000000000000000000000000000000000000000000000000000|0000000000000000000000000000000000000000000000000000000000000000|0|3|rt4_TMB-5_A18F_0_0130.r24|2|1|RICH|864|0|2420|0000000000000000000000000000000000000000000000000000000000000000|DARK|1|864|DISP=ACCEPT_INSTALL|DETAIL=rt3_A18F_0
0000000000000000000000000000000000000000000000000000000000000000|0000000000000000000000000000000000000000000000000000000000000000|0|3|rt4_TMB-5_A18F_0_0131.r24|2|1|RICH|866|0|2420|0000000000000000000000000000000000000000000000000000000000000000|DARK|1|866|DISP=ACCEPT_INSTALL|DETAIL=rt3_A18F_0
0000000000000000000000000000000000000000000000000000000000000000|0000000000000000000000000000000000000000000000000000000000000000|0|3|rt4_TMB-5_A18F_0_0132.r24|2|1|RICH|868|0|2420|0000000000000000000000000000000000000000000000000000000000000000|DARK|1|868|DISP=ACCEPT_INSTALL|DETAIL=rt3_A18F_0
0000000000000000000000000000000000000000000000000000000000000000|0000000000000000000000000000000000000000000000000000000000000000|0|3|rt4_TMB-5_A18F_0_0133.r24|2|1|RICH|586|0|2410|0000000000000000000000000000000000000000000000000000000000000000|DARK|1|586|DISP=ACCEPT_INSTALL|DETAIL=rt3_A18F_0
0000000000000000000000000000000000000000000000000000000000000000|0000000000000000000000000000000000000000000000000000000000000000|0|3|rt4_TMB-5_A18F_0_0134.r24|2|1|RICH|588|0|2410|0000000000000000000000000000000000000000000000000000000000000000|DARK|1|588|DISP=ACCEPT_INSTALL|DETAIL=rt3_A18F_0
0000000000000000000000000000000000000000000000000000000000000000|0000000000000000000000000000000000000000000000000000000000000000|0|3|rt4_TMB-5_A18F_0_0135.r24|2|1|RICH|552|0|2430|0000000000000000000000000000000000000000000000000000000000000000|DARK|1|552|DISP=ACCEPT_INSTALL|DETAIL=rt3_A18F_0
0000000000000000000000000000000000000000000000000000000000000000|0000000000000000000000000000000000000000000000000000000000000000|0|3|rt4_TMB-5_A18F_0_0136.r24|2|1|RICH|554|0|2430|0000000000000000000000000000000000000000000000000000000000000000|DARK|1|554|DISP=ACCEPT_INSTALL|DETAIL=rt3_A18F_0
0000000000000000000000000000000000000000000000000000000000000000|0000000000000000000000000000000000000000000000000000000000000000|0|3|rt4_TMB-5_A18F_0_0137.r24|2|1|RICH|556|0|2430|0000000000000000000000000000000000000000000000000000000000000000|DARK|1|556|DISP=ACCEPT_INSTALL|DETAIL=rt3_A18F_0
0000000000000000000000000000000000000000000000000000000000000000|0000000000000000000000000000000000000000000000000000000000000000|0|3|rt4_TMB-5_A18F_0_0138.r24|2|1|RICH|590|0|2410|0000000000000000000000000000000000000000000000000000000000000000|DARK|1|590|DISP=ACCEPT_INSTALL|DETAIL=rt3_A18F_0
0000000000000000000000000000000000000000000000000000000000000000|0000000000000000000000000000000000000000000000000000000000000000|0|3|rt4_TMB-5_A18F_0_0139.r24|2|1|RICH|592|0|2410|0000000000000000000000000000000000000000000000000000000000000000|DARK|1|592|DISP=ACCEPT_INSTALL|DETAIL=rt3_A18F_0
0000000000000000000000000000000000000000000000000000000000000000|0000000000000000000000000000000000000000000000000000000000000000|0|3|rt4_TMB-5_A18F_0_0140.r24|2|1|RICH|558|0|2430|0000000000000000000000000000000000000000000000000000000000000000|DARK|1|558|DISP=ACCEPT_INSTALL|DETAIL=rt3_A18F_0
0000000000000000000000000000000000000000000000000000000000000000|0000000000000000000000000000000000000000000000000000000000000000|0|3|rt4_TMB-5_A18F_0_0141.r24|2|1|RICH|560|0|2430|0000000000000000000000000000000000000000000000000000000000000000|DARK|1|560|DISP=ACCEPT_INSTALL|DETAIL=rt3_A18F_0
0000000000000000000000000000000000000000000000000000000000000000|0000000000000000000000000000000000000000000000000000000000000000|0|3|rt4_TMB-5_A18F_0_0142.r24|2|1|RICH|562|0|2430|0000000000000000000000000000000000000000000000000000000000000000|DARK|1|562|DISP=ACCEPT_INSTALL|DETAIL=rt3_A18F_0
0000000000000000000000000000000000000000000000000000000000000000|0000000000000000000000000000000000000000000000000000000000000000|0|3|rt4_TMB-5_A18F_0_0143.r24|2|1|RICH|594|0|2410|0000000000000000000000000000000000000000000000000000000000000000|DARK|1|594|DISP=ACCEPT_INSTALL|DETAIL=rt3_A18F_0
0000000000000000000000000000000000000000000000000000000000000000|0000000000000000000000000000000000000000000000000000000000000000|0|3|rt4_TMB-5_A18F_0_0144.r24|2|1|RICH|826|0|2410|0000000000000000000000000000000000000000000000000000000000000000|DARK|1|826|DISP=ACCEPT_INSTALL|DETAIL=rt3_A18F_0
0000000000000000000000000000000000000000000000000000000000000000|0000000000000000000000000000000000000000000000000000000000000000|0|3|rt4_TMB-5_A18F_0_0145.r24|2|1|RICH|564|0|2430|0000000000000000000000000000000000000000000000000000000000000000|DARK|1|564|DISP=ACCEPT_INSTALL|DETAIL=rt3_A18F_0
0000000000000000000000000000000000000000000000000000000000000000|0000000000000000000000000000000000000000000000000000000000000000|0|3|rt4_TMB-5_A18F_0_0146.r24|2|1|RICH|566|0|2430|0000000000000000000000000000000000000000000000000000000000000000|DARK|1|566|DISP=ACCEPT_INSTALL|DETAIL=rt3_A18F_0
0000000000000000000000000000000000000000000000000000000000000000|0000000000000000000000000000000000000000000000000000000000000000|0|3|rt4_TMB-5_A18F_0_0147.r24|2|1|RICH|568|0|2430|0000000000000000000000000000000000000000000000000000000000000000|DARK|1|568|DISP=ACCEPT_INSTALL|DETAIL=rt3_A18F_0
0000000000000000000000000000000000000000000000000000000000000000|0000000000000000000000000000000000000000000000000000000000000000|0|3|rt4_TMB-5_A18F_0_0148.r24|2|1|RICH|828|0|2410|0000000000000000000000000000000000000000000000000000000000000000|DARK|1|828|DISP=ACCEPT_INSTALL|DETAIL=rt3_A18F_0
0000000000000000000000000000000000000000000000000000000000000000|0000000000000000000000000000000000000000000000000000000000000000|0|3|rt4_TMB-5_A18F_0_0149.r24|2|1|RICH|830|0|2410|0000000000000000000000000000000000000000000000000000000000000000|DARK|1|830|DISP=ACCEPT_INSTALL|DETAIL=rt3_A18F_0
0000000000000000000000000000000000000000000000000000000000000000|0000000000000000000000000000000000000000000000000000000000000000|0|3|rt4_TMB-5_A18F_0_0150.r24|2|1|RICH|570|0|2430|0000000000000000000000000000000000000000000000000000000000000000|DARK|1|570|DISP=ACCEPT_INSTALL|DETAIL=rt3_A18F_0
0000000000000000000000000000000000000000000000000000000000000000|0000000000000000000000000000000000000000000000000000000000000000|0|3|rt4_TMB-5_A18F_0_0151.r24|2|1|RICH|850|0|2430|0000000000000000000000000000000000000000000000000000000000000000|DARK|1|850|DISP=ACCEPT_INSTALL|DETAIL=rt3_A18F_0
0000000000000000000000000000000000000000000000000000000000000000|0000000000000000000000000000000000000000000000000000000000000000|0|3|rt4_TMB-5_A18F_0_0152.r24|2|1|RICH|852|0|2430|0000000000000000000000000000000000000000000000000000000000000000|DARK|1|852|DISP=ACCEPT_INSTALL|DETAIL=rt3_A18F_0
0000000000000000000000000000000000000000000000000000000000000000|0000000000000000000000000000000000000000000000000000000000000000|0|3|rt4_TMB-5_A18F_0_0153.r24|2|1|RICH|832|0|2410|0000000000000000000000000000000000000000000000000000000000000000|DARK|1|832|DISP=ACCEPT_INSTALL|DETAIL=rt3_A18F_0
0000000000000000000000000000000000000000000000000000000000000000|0000000000000000000000000000000000000000000000000000000000000000|0|3|rt4_TMB-5_A18F_0_0154.r24|2|1|RICH|834|0|2410|0000000000000000000000000000000000000000000000000000000000000000|DARK|1|834|DISP=ACCEPT_INSTALL|DETAIL=rt3_A18F_0
0000000000000000000000000000000000000000000000000000000000000000|0000000000000000000000000000000000000000000000000000000000000000|0|3|rt4_TMB-5_A18F_0_0155.r24|2|1|RICH|854|0|2430|0000000000000000000000000000000000000000000000000000000000000000|DARK|1|854|DISP=ACCEPT_INSTALL|DETAIL=rt3_A18F_0
0000000000000000000000000000000000000000000000000000000000000000|0000000000000000000000000000000000000000000000000000000000000000|0|3|rt4_TMB-5_A18F_0_0156.r24|2|1|RICH|856|0|2430|0000000000000000000000000000000000000000000000000000000000000000|DARK|1|856|DISP=ACCEPT_INSTALL|DETAIL=rt3_A18F_0
0000000000000000000000000000000000000000000000000000000000000000|0000000000000000000000000000000000000000000000000000000000000000|0|3|rt4_TMB-5_A18F_0_0157.r24|2|1|RICH|858|0|2430|0000000000000000000000000000000000000000000000000000000000000000|DARK|1|858|DISP=ACCEPT_INSTALL|DETAIL=rt3_A18F_0
0000000000000000000000000000000000000000000000000000000000000000|0000000000000000000000000000000000000000000000000000000000000000|0|3|rt4_TMB-5_A18F_0_0158.r24|2|1|RICH|836|0|2410|0000000000000000000000000000000000000000000000000000000000000000|DARK|1|836|DISP=ACCEPT_INSTALL|DETAIL=rt3_A18F_0
0000000000000000000000000000000000000000000000000000000000000000|0000000000000000000000000000000000000000000000000000000000000000|0|3|rt4_TMB-5_A18F_0_0159.r24|2|1|RICH|838|0|2410|0000000000000000000000000000000000000000000000000000000000000000|DARK|1|838|DISP=ACCEPT_INSTALL|DETAIL=rt3_A18F_0
0000000000000000000000000000000000000000000000000000000000000000|0000000000000000000000000000000000000000000000000000000000000000|0|3|rt4_TMB-5_A18F_0_0160.r24|2|1|RICH|860|0|2430|0000000000000000000000000000000000000000000000000000000000000000|DARK|1|860|DISP=ACCEPT_INSTALL|DETAIL=rt3_A18F_0
0000000000000000000000000000000000000000000000000000000000000000|0000000000000000000000000000000000000000000000000000000000000000|0|3|rt4_TMB-5_A18F_0_0161.r24|2|1|RICH|862|0|2430|0000000000000000000000000000000000000000000000000000000000000000|DARK|1|862|DISP=ACCEPT_INSTALL|DETAIL=rt3_A18F_0
0000000000000000000000000000000000000000000000000000000000000000|0000000000000000000000000000000000000000000000000000000000000000|0|3|rt4_TMB-5_A18F_0_0162.r24|2|1|RICH|864|0|2430|0000000000000000000000000000000000000000000000000000000000000000|DARK|1|864|DISP=ACCEPT_INSTALL|DETAIL=rt3_A18F_0
0000000000000000000000000000000000000000000000000000000000000000|0000000000000000000000000000000000000000000000000000000000000000|0|3|rt4_TMB-5_A18F_0_0163.r24|2|1|RICH|840|0|2410|0000000000000000000000000000000000000000000000000000000000000000|DARK|1|840|DISP=ACCEPT_INSTALL|DETAIL=rt3_A18F_0
0000000000000000000000000000000000000000000000000000000000000000|0000000000000000000000000000000000000000000000000000000000000000|0|3|rt4_TMB-5_A18F_0_0164.r24|2|1|RICH|842|0|2410|0000000000000000000000000000000000000000000000000000000000000000|DARK|1|842|DISP=ACCEPT_INSTALL|DETAIL=rt3_A18F_0
0000000000000000000000000000000000000000000000000000000000000000|0000000000000000000000000000000000000000000000000000000000000000|0|3|rt4_TMB-5_A18F_0_0165.r24|2|1|RICH|866|0|2430|0000000000000000000000000000000000000000000000000000000000000000|DARK|1|866|DISP=ACCEPT_INSTALL|DETAIL=rt3_A18F_0
0000000000000000000000000000000000000000000000000000000000000000|0000000000000000000000000000000000000000000000000000000000000000|0|3|rt4_TMB-5_A18F_0_0166.r24|2|1|RICH|868|0|2430|0000000000000000000000000000000000000000000000000000000000000000|DARK|1|868|DISP=ACCEPT_INSTALL|DETAIL=rt3_A18F_0
0000000000000000000000000000000000000000000000000000000000000000|0000000000000000000000000000000000000000000000000000000000000000|0|3|rt4_TMB-5_A18F_0_0167.r24|2|1|RICH|552|0|2440|0000000000000000000000000000000000000000000000000000000000000000|DARK|1|552|DISP=ACCEPT_INSTALL|DETAIL=rt3_A18F_0
0000000000000000000000000000000000000000000000000000000000000000|0000000000000000000000000000000000000000000000000000000000000000|0|3|rt4_TMB-5_A18F_0_0168.r24|2|1|RICH|844|0|2410|0000000000000000000000000000000000000000000000000000000000000000|DARK|1|844|DISP=ACCEPT_INSTALL|DETAIL=rt3_A18F_0
0000000000000000000000000000000000000000000000000000000000000000|0000000000000000000000000000000000000000000000000000000000000000|0|3|rt4_TMB-5_A18F_0_0169.r24|2|1|RICH|846|0|2410|0000000000000000000000000000000000000000000000000000000000000000|DARK|1|846|DISP=ACCEPT_INSTALL|DETAIL=rt3_A18F_0
0000000000000000000000000000000000000000000000000000000000000000|0000000000000000000000000000000000000000000000000000000000000000|0|3|rt4_TMB-5_A18F_0_0170.r24|2|1|RICH|554|0|2440|0000000000000000000000000000000000000000000000000000000000000000|DARK|1|554|DISP=ACCEPT_INSTALL|DETAIL=rt3_A18F_0
0000000000000000000000000000000000000000000000000000000000000000|0000000000000000000000000000000000000000000000000000000000000000|0|3|rt4_TMB-5_A18F_0_0171.r24|2|1|RICH|556|0|2440|0000000000000000000000000000000000000000000000000000000000000000|DARK|1|556|DISP=ACCEPT_INSTALL|DETAIL=rt3_A18F_0
0000000000000000000000000000000000000000000000000000000000000000|0000000000000000000000000000000000000000000000000000000000000000|0|3|rt4_TMB-5_A18F_0_0172.r24|2|1|RICH|558|0|2440|0000000000000000000000000000000000000000000000000000000000000000|DARK|1|558|DISP=ACCEPT_INSTALL|DETAIL=rt3_A18F_0
0000000000000000000000000000000000000000000000000000000000000000|0000000000000000000000000000000000000000000000000000000000000000|0|3|rt4_TMB-5_A18F_0_0173.r24|2|1|RICH|848|0|2410|0000000000000000000000000000000000000000000000000000000000000000|DARK|1|848|DISP=ACCEPT_INSTALL|DETAIL=rt3_A18F_0
0000000000000000000000000000000000000000000000000000000000000000|0000000000000000000000000000000000000000000000000000000000000000|0|3|rt4_TMB-5_A18F_0_0174.r24|2|1|RICH|572|0|2420|0000000000000000000000000000000000000000000000000000000000000000|DARK|1|572|DISP=ACCEPT_INSTALL|DETAIL=rt3_A18F_0
0000000000000000000000000000000000000000000000000000000000000000|0000000000000000000000000000000000000000000000000000000000000000|0|3|rt4_TMB-5_A18F_0_0175.r24|2|1|RICH|560|0|2440|0000000000000000000000000000000000000000000000000000000000000000|DARK|1|560|DISP=ACCEPT_INSTALL|DETAIL=rt3_A18F_0
0000000000000000000000000000000000000000000000000000000000000000|0000000000000000000000000000000000000000000000000000000000000000|0|3|rt4_TMB-5_A18F_0_0176.r24|2|1|RICH|562|0|2440|0000000000000000000000000000000000000000000000000000000000000000|DARK|1|562|DISP=ACCEPT_INSTALL|DETAIL=rt3_A18F_0
0000000000000000000000000000000000000000000000000000000000000000|0000000000000000000000000000000000000000000000000000000000000000|0|3|rt4_TMB-5_A18F_0_0177.r24|2|1|RICH|564|0|2440|0000000000000000000000000000000000000000000000000000000000000000|DARK|1|564|DISP=ACCEPT_INSTALL|DETAIL=rt3_A18F_0
0000000000000000000000000000000000000000000000000000000000000000|0000000000000000000000000000000000000000000000000000000000000000|0|3|rt4_TMB-5_A18F_0_0178.r24|2|1|RICH|574|0|2420|0000000000000000000000000000000000000000000000000000000000000000|DARK|1|574|DISP=ACCEPT_INSTALL|DETAIL=rt3_A18F_0
0000000000000000000000000000000000000000000000000000000000000000|0000000000000000000000000000000000000000000000000000000000000000|0|3|rt4_TMB-5_A18F_0_0179.r24|2|1|RICH|576|0|2420|0000000000000000000000000000000000000000000000000000000000000000|DARK|1|576|DISP=ACCEPT_INSTALL|DETAIL=rt3_A18F_0
0000000000000000000000000000000000000000000000000000000000000000|0000000000000000000000000000000000000000000000000000000000000000|0|3|rt4_TMB-5_A18F_0_0180.r24|2|1|RICH|566|0|2440|0000000000000000000000000000000000000000000000000000000000000000|DARK|1|566|DISP=ACCEPT_INSTALL|DETAIL=rt3_A18F_0
0000000000000000000000000000000000000000000000000000000000000000|0000000000000000000000000000000000000000000000000000000000000000|0|3|rt4_TMB-5_A18F_0_0181.r24|2|1|RICH|568|0|2440|0000000000000000000000000000000000000000000000000000000000000000|DARK|1|568|DISP=ACCEPT_INSTALL|DETAIL=rt3_A18F_0
0000000000000000000000000000000000000000000000000000000000000000|0000000000000000000000000000000000000000000000000000000000000000|0|3|rt4_TMB-5_A18F_0_0182.r24|2|1|RICH|570|0|2440|0000000000000000000000000000000000000000000000000000000000000000|DARK|1|570|DISP=ACCEPT_INSTALL|DETAIL=rt3_A18F_0
0000000000000000000000000000000000000000000000000000000000000000|0000000000000000000000000000000000000000000000000000000000000000|0|3|rt4_TMB-5_A18F_0_0183.r24|2|1|RICH|578|0|2420|0000000000000000000000000000000000000000000000000000000000000000|DARK|1|578|DISP=ACCEPT_INSTALL|DETAIL=rt3_A18F_0
0000000000000000000000000000000000000000000000000000000000000000|0000000000000000000000000000000000000000000000000000000000000000|0|3|rt4_TMB-5_A18F_0_0184.r24|2|1|RICH|580|0|2420|0000000000000000000000000000000000000000000000000000000000000000|DARK|1|580|DISP=ACCEPT_INSTALL|DETAIL=rt3_A18F_0
0000000000000000000000000000000000000000000000000000000000000000|0000000000000000000000000000000000000000000000000000000000000000|0|3|rt4_TMB-5_A18F_0_0185.r24|2|1|RICH|850|0|2440|0000000000000000000000000000000000000000000000000000000000000000|DARK|1|850|DISP=ACCEPT_INSTALL|DETAIL=rt3_A18F_0
0000000000000000000000000000000000000000000000000000000000000000|0000000000000000000000000000000000000000000000000000000000000000|0|3|rt4_TMB-5_A18F_0_0186.r24|2|1|RICH|852|0|2440|0000000000000000000000000000000000000000000000000000000000000000|DARK|1|852|DISP=ACCEPT_INSTALL|DETAIL=rt3_A18F_0
0000000000000000000000000000000000000000000000000000000000000000|0000000000000000000000000000000000000000000000000000000000000000|0|3|rt4_TMB-5_A18F_0_0187.r24|2|1|RICH|854|0|2440|0000000000000000000000000000000000000000000000000000000000000000|DARK|1|854|DISP=ACCEPT_INSTALL|DETAIL=rt3_A18F_0
0000000000000000000000000000000000000000000000000000000000000000|0000000000000000000000000000000000000000000000000000000000000000|0|3|rt4_TMB-5_A18F_0_0188.r24|2|1|RICH|582|0|2420|0000000000000000000000000000000000000000000000000000000000000000|DARK|1|582|DISP=ACCEPT_INSTALL|DETAIL=rt3_A18F_0
0000000000000000000000000000000000000000000000000000000000000000|0000000000000000000000000000000000000000000000000000000000000000|0|3|rt4_TMB-5_A18F_0_0189.r24|2|1|RICH|584|0|2420|0000000000000000000000000000000000000000000000000000000000000000|DARK|1|584|DISP=ACCEPT_INSTALL|DETAIL=rt3_A18F_0
0000000000000000000000000000000000000000000000000000000000000000|0000000000000000000000000000000000000000000000000000000000000000|0|3|rt4_TMB-5_A18F_0_0190.r24|2|1|RICH|856|0|2440|0000000000000000000000000000000000000000000000000000000000000000|DARK|1|856|DISP=ACCEPT_INSTALL|DETAIL=rt3_A18F_0
0000000000000000000000000000000000000000000000000000000000000000|0000000000000000000000000000000000000000000000000000000000000000|0|3|rt4_TMB-5_A18F_0_0191.r24|2|1|RICH|858|0|2440|0000000000000000000000000000000000000000000000000000000000000000|DARK|1|858|DISP=ACCEPT_INSTALL|DETAIL=rt3_A18F_0
0000000000000000000000000000000000000000000000000000000000000000|0000000000000000000000000000000000000000000000000000000000000000|0|3|rt4_TMB-5_A18F_0_0192.r24|2|1|RICH|860|0|2440|0000000000000000000000000000000000000000000000000000000000000000|DARK|1|860|DISP=ACCEPT_INSTALL|DETAIL=rt3_A18F_0
0000000000000000000000000000000000000000000000000000000000000000|0000000000000000000000000000000000000000000000000000000000000000|0|3|rt4_TMB-5_A18F_0_0193.r24|2|1|RICH|586|0|2420|0000000000000000000000000000000000000000000000000000000000000000|DARK|1|586|DISP=ACCEPT_INSTALL|DETAIL=rt3_A18F_0
0000000000000000000000000000000000000000000000000000000000000000|0000000000000000000000000000000000000000000000000000000000000000|0|3|rt4_TMB-5_A18F_0_0194.r24|2|1|RICH|588|0|2420|0000000000000000000000000000000000000000000000000000000000000000|DARK|1|588|DISP=ACCEPT_INSTALL|DETAIL=rt3_A18F_0
0000000000000000000000000000000000000000000000000000000000000000|0000000000000000000000000000000000000000000000000000000000000000|0|3|rt4_TMB-5_A18F_0_0195.r24|2|1|RICH|862|0|2440|0000000000000000000000000000000000000000000000000000000000000000|DARK|1|862|DISP=ACCEPT_INSTALL|DETAIL=rt3_A18F_0
0000000000000000000000000000000000000000000000000000000000000000|0000000000000000000000000000000000000000000000000000000000000000|0|3|rt4_TMB-5_A18F_0_0196.r24|2|1|RICH|864|0|2440|0000000000000000000000000000000000000000000000000000000000000000|DARK|1|864|DISP=ACCEPT_INSTALL|DETAIL=rt3_A18F_0
0000000000000000000000000000000000000000000000000000000000000000|0000000000000000000000000000000000000000000000000000000000000000|0|3|rt4_TMB-5_A18F_0_0197.r24|2|1|RICH|866|0|2440|0000000000000000000000000000000000000000000000000000000000000000|DARK|1|866|DISP=ACCEPT_INSTALL|DETAIL=rt3_A18F_0
0000000000000000000000000000000000000000000000000000000000000000|0000000000000000000000000000000000000000000000000000000000000000|0|3|rt4_TMB-5_A18F_0_0198.r24|2|1|RICH|590|0|2420|0000000000000000000000000000000000000000000000000000000000000000|DARK|1|590|DISP=ACCEPT_INSTALL|DETAIL=rt3_A18F_0
0000000000000000000000000000000000000000000000000000000000000000|0000000000000000000000000000000000000000000000000000000000000000|0|3|rt4_TMB-5_A18F_0_0199.r24|2|1|RICH|592|0|2420|0000000000000000000000000000000000000000000000000000000000000000|DARK|1|592|DISP=ACCEPT_INSTALL|DETAIL=rt3_A18F_0
0000000000000000000000000000000000000000000000000000000000000000|0000000000000000000000000000000000000000000000000000000000000000|0|3|rt4_TMB-5_A18F_0_0200.r24|2|1|RICH|868|0|2440|0000000000000000000000000000000000000000000000000000000000000000|DARK|1|868|DISP=ACCEPT_INSTALL|DETAIL=rt3_A18F_0
0000000000000000000000000000000000000000000000000000000000000000|0000000000000000000000000000000000000000000000000000000000000000|0|3|rt4_TMB-5_A18F_0_0201.r24|2|1|RICH|552|0|2450|0000000000000000000000000000000000000000000000000000000000000000|DARK|1|552|DISP=ACCEPT_INSTALL|DETAIL=rt3_A18F_0
0000000000000000000000000000000000000000000000000000000000000000|0000000000000000000000000000000000000000000000000000000000000000|0|3|rt4_TMB-5_A18F_0_0202.r24|2|1|RICH|554|0|2450|0000000000000000000000000000000000000000000000000000000000000000|DARK|1|554|DISP=ACCEPT_INSTALL|DETAIL=rt3_A18F_0
0000000000000000000000000000000000000000000000000000000000000000|0000000000000000000000000000000000000000000000000000000000000000|0|3|rt4_TMB-5_A18F_0_0203.r24|2|1|RICH|594|0|2420|0000000000000000000000000000000000000000000000000000000000000000|DARK|1|594|DISP=ACCEPT_INSTALL|DETAIL=rt3_A18F_0
0000000000000000000000000000000000000000000000000000000000000000|0000000000000000000000000000000000000000000000000000000000000000|0|3|rt4_TMB-5_A18F_0_0204.r24|2|1|RICH|826|0|2420|0000000000000000000000000000000000000000000000000000000000000000|DARK|1|826|DISP=ACCEPT_INSTALL|DETAIL=rt3_A18F_0
0000000000000000000000000000000000000000000000000000000000000000|0000000000000000000000000000000000000000000000000000000000000000|0|3|rt4_TMB-5_A18F_0_0205.r24|2|1|RICH|556|0|2450|0000000000000000000000000000000000000000000000000000000000000000|DARK|1|556|DISP=ACCEPT_INSTALL|DETAIL=rt3_A18F_0
0000000000000000000000000000000000000000000000000000000000000000|0000000000000000000000000000000000000000000000000000000000000000|0|3|rt4_TMB-5_A18F_0_0206.r24|2|1|RICH|558|0|2450|0000000000000000000000000000000000000000000000000000000000000000|DARK|1|558|DISP=ACCEPT_INSTALL|DETAIL=rt3_A18F_0
0000000000000000000000000000000000000000000000000000000000000000|0000000000000000000000000000000000000000000000000000000000000000|0|3|rt4_TMB-5_A18F_0_0207.r24|2|1|RICH|560|0|2450|0000000000000000000000000000000000000000000000000000000000000000|DARK|1|560|DISP=ACCEPT_INSTALL|DETAIL=rt3_A18F_0
0000000000000000000000000000000000000000000000000000000000000000|0000000000000000000000000000000000000000000000000000000000000000|0|3|rt4_TMB-5_A18F_0_0208.r24|2|1|RICH|828|0|2420|0000000000000000000000000000000000000000000000000000000000000000|DARK|1|828|DISP=ACCEPT_INSTALL|DETAIL=rt3_A18F_0
0000000000000000000000000000000000000000000000000000000000000000|0000000000000000000000000000000000000000000000000000000000000000|0|3|rt4_TMB-5_A18F_0_0209.r24|2|1|RICH|830|0|2420|0000000000000000000000000000000000000000000000000000000000000000|DARK|1|830|DISP=ACCEPT_INSTALL|DETAIL=rt3_A18F_0
0000000000000000000000000000000000000000000000000000000000000000|0000000000000000000000000000000000000000000000000000000000000000|0|3|rt4_TMB-5_A18F_0_0210.r24|2|1|RICH|562|0|2450|0000000000000000000000000000000000000000000000000000000000000000|DARK|1|562|DISP=ACCEPT_INSTALL|DETAIL=rt3_A18F_0
0000000000000000000000000000000000000000000000000000000000000000|0000000000000000000000000000000000000000000000000000000000000000|0|3|rt4_TMB-5_A18F_0_0211.r24|2|1|RICH|564|0|2450|0000000000000000000000000000000000000000000000000000000000000000|DARK|1|564|DISP=ACCEPT_INSTALL|DETAIL=rt3_A18F_0
0000000000000000000000000000000000000000000000000000000000000000|0000000000000000000000000000000000000000000000000000000000000000|0|3|rt4_TMB-5_A18F_0_0212.r24|2|1|RICH|566|0|2450|0000000000000000000000000000000000000000000000000000000000000000|DARK|1|566|DISP=ACCEPT_INSTALL|DETAIL=rt3_A18F_0
0000000000000000000000000000000000000000000000000000000000000000|0000000000000000000000000000000000000000000000000000000000000000|0|3|rt4_TMB-5_A18F_0_0213.r24|2|1|RICH|832|0|2420|0000000000000000000000000000000000000000000000000000000000000000|DARK|1|832|DISP=ACCEPT_INSTALL|DETAIL=rt3_A18F_0
0000000000000000000000000000000000000000000000000000000000000000|0000000000000000000000000000000000000000000000000000000000000000|0|3|rt4_TMB-5_A18F_0_0214.r24|2|1|RICH|834|0|2420|0000000000000000000000000000000000000000000000000000000000000000|DARK|1|834|DISP=ACCEPT_INSTALL|DETAIL=rt3_A18F_0
0000000000000000000000000000000000000000000000000000000000000000|0000000000000000000000000000000000000000000000000000000000000000|0|3|rt4_TMB-5_A18F_0_0215.r24|2|1|RICH|568|0|2450|0000000000000000000000000000000000000000000000000000000000000000|DARK|1|568|DISP=ACCEPT_INSTALL|DETAIL=rt3_A18F_0
0000000000000000000000000000000000000000000000000000000000000000|0000000000000000000000000000000000000000000000000000000000000000|0|3|rt4_TMB-5_A18F_0_0216.r24|2|1|RICH|570|0|2450|0000000000000000000000000000000000000000000000000000000000000000|DARK|1|570|DISP=ACCEPT_INSTALL|DETAIL=rt3_A18F_0
0000000000000000000000000000000000000000000000000000000000000000|0000000000000000000000000000000000000000000000000000000000000000|0|3|rt4_TMB-5_A18F_0_0217.r24|2|1|RICH|850|0|2450|0000000000000000000000000000000000000000000000000000000000000000|DARK|1|850|DISP=ACCEPT_INSTALL|DETAIL=rt3_A18F_0
0000000000000000000000000000000000000000000000000000000000000000|0000000000000000000000000000000000000000000000000000000000000000|0|3|rt4_TMB-5_A18F_0_0218.r24|2|1|RICH|836|0|2420|0000000000000000000000000000000000000000000000000000000000000000|DARK|1|836|DISP=ACCEPT_INSTALL|DETAIL=rt3_A18F_0
0000000000000000000000000000000000000000000000000000000000000000|0000000000000000000000000000000000000000000000000000000000000000|0|3|rt4_TMB-5_A18F_0_0219.r24|2|1|RICH|838|0|2420|0000000000000000000000000000000000000000000000000000000000000000|DARK|1|838|DISP=ACCEPT_INSTALL|DETAIL=rt3_A18F_0
0000000000000000000000000000000000000000000000000000000000000000|0000000000000000000000000000000000000000000000000000000000000000|0|3|rt4_TMB-5_A18F_0_0220.r24|2|1|RICH|852|0|2450|0000000000000000000000000000000000000000000000000000000000000000|DARK|1|852|DISP=ACCEPT_INSTALL|DETAIL=rt3_A18F_0
0000000000000000000000000000000000000000000000000000000000000000|0000000000000000000000000000000000000000000000000000000000000000|0|3|rt4_TMB-5_A18F_0_0221.r24|2|1|RICH|854|0|2450|0000000000000000000000000000000000000000000000000000000000000000|DARK|1|854|DISP=ACCEPT_INSTALL|DETAIL=rt3_A18F_0
0000000000000000000000000000000000000000000000000000000000000000|0000000000000000000000000000000000000000000000000000000000000000|0|3|rt4_TMB-5_A18F_0_0222.r24|2|1|RICH|856|0|2450|0000000000000000000000000000000000000000000000000000000000000000|DARK|1|856|DISP=ACCEPT_INSTALL|DETAIL=rt3_A18F_0
0000000000000000000000000000000000000000000000000000000000000000|0000000000000000000000000000000000000000000000000000000000000000|0|3|rt4_TMB-5_A18F_0_0223.r24|2|1|RICH|840|0|2420|0000000000000000000000000000000000000000000000000000000000000000|DARK|1|840|DISP=ACCEPT_INSTALL|DETAIL=rt3_A18F_0
0000000000000000000000000000000000000000000000000000000000000000|0000000000000000000000000000000000000000000000000000000000000000|0|3|rt4_TMB-5_A18F_0_0224.r24|2|1|RICH|842|0|2420|0000000000000000000000000000000000000000000000000000000000000000|DARK|1|842|DISP=ACCEPT_INSTALL|DETAIL=rt3_A18F_0
0000000000000000000000000000000000000000000000000000000000000000|0000000000000000000000000000000000000000000000000000000000000000|0|3|rt4_TMB-5_A18F_0_0225.r24|2|1|RICH|858|0|2450|0000000000000000000000000000000000000000000000000000000000000000|DARK|1|858|DISP=ACCEPT_INSTALL|DETAIL=rt3_A18F_0
0000000000000000000000000000000000000000000000000000000000000000|0000000000000000000000000000000000000000000000000000000000000000|0|3|rt4_TMB-5_A18F_0_0226.r24|2|1|RICH|860|0|2450|0000000000000000000000000000000000000000000000000000000000000000|DARK|1|860|DISP=ACCEPT_INSTALL|DETAIL=rt3_A18F_0
0000000000000000000000000000000000000000000000000000000000000000|0000000000000000000000000000000000000000000000000000000000000000|0|3|rt4_TMB-5_A18F_0_0227.r24|2|1|RICH|862|0|2450|0000000000000000000000000000000000000000000000000000000000000000|DARK|1|862|DISP=ACCEPT_INSTALL|DETAIL=rt3_A18F_0
0000000000000000000000000000000000000000000000000000000000000000|0000000000000000000000000000000000000000000000000000000000000000|0|3|rt4_TMB-5_A18F_0_0228.r24|2|1|RICH|844|0|2420|0000000000000000000000000000000000000000000000000000000000000000|DARK|1|844|DISP=ACCEPT_INSTALL|DETAIL=rt3_A18F_0
0000000000000000000000000000000000000000000000000000000000000000|0000000000000000000000000000000000000000000000000000000000000000|0|3|rt4_TMB-5_A18F_0_0229.r24|2|1|RICH|846|0|2420|0000000000000000000000000000000000000000000000000000000000000000|DARK|1|846|DISP=ACCEPT_INSTALL|DETAIL=rt3_A18F_0
0000000000000000000000000000000000000000000000000000000000000000|0000000000000000000000000000000000000000000000000000000000000000|0|3|rt4_TMB-5_A18F_0_0230.r24|2|1|RICH|864|0|2450|0000000000000000000000000000000000000000000000000000000000000000|DARK|1|864|DISP=ACCEPT_INSTALL|DETAIL=rt3_A18F_0
0000000000000000000000000000000000000000000000000000000000000000|0000000000000000000000000000000000000000000000000000000000000000|0|3|rt4_TMB-5_A18F_0_0231.r24|2|1|RICH|866|0|2450|0000000000000000000000000000000000000000000000000000000000000000|DARK|1|866|DISP=ACCEPT_INSTALL|DETAIL=rt3_A18F_0
0000000000000000000000000000000000000000000000000000000000000000|0000000000000000000000000000000000000000000000000000000000000000|0|3|rt4_TMB-5_A18F_0_0232.r24|2|1|RICH|868|0|2450|0000000000000000000000000000000000000000000000000000000000000000|DARK|1|868|DISP=ACCEPT_INSTALL|DETAIL=rt3_A18F_0
0000000000000000000000000000000000000000000000000000000000000000|0000000000000000000000000000000000000000000000000000000000000000|0|3|rt4_TMB-5_A18F_0_0233.r24|2|1|RICH|848|0|2420|0000000000000000000000000000000000000000000000000000000000000000|DARK|1|848|DISP=ACCEPT_INSTALL|DETAIL=rt3_A18F_0
0000000000000000000000000000000000000000000000000000000000000000|0000000000000000000000000000000000000000000000000000000000000000|0|3|rt4_TMB-5_A18F_0_0234.r24|2|1|RICH|572|0|2430|0000000000000000000000000000000000000000000000000000000000000000|DARK|1|572|DISP=ACCEPT_INSTALL|DETAIL=rt3_A18F_0
0000000000000000000000000000000000000000000000000000000000000000|0000000000000000000000000000000000000000000000000000000000000000|0|3|rt4_TMB-5_A18F_0_0235.r24|2|1|RICH|552|0|2460|0000000000000000000000000000000000000000000000000000000000000000|DARK|1|552|DISP=ACCEPT_INSTALL|DETAIL=rt3_A18F_0
0000000000000000000000000000000000000000000000000000000000000000|0000000000000000000000000000000000000000000000000000000000000000|0|3|rt4_TMB-5_A18F_0_0236.r24|2|1|RICH|554|0|2460|0000000000000000000000000000000000000000000000000000000000000000|DARK|1|554|DISP=ACCEPT_INSTALL|DETAIL=rt3_A18F_0
0000000000000000000000000000000000000000000000000000000000000000|0000000000000000000000000000000000000000000000000000000000000000|0|3|rt4_TMB-5_A18F_0_0237.r24|2|1|RICH|556|0|2460|0000000000000000000000000000000000000000000000000000000000000000|DARK|1|556|DISP=ACCEPT_INSTALL|DETAIL=rt3_A18F_0
0000000000000000000000000000000000000000000000000000000000000000|0000000000000000000000000000000000000000000000000000000000000000|0|3|rt4_TMB-5_A18F_0_0238.r24|2|1|RICH|574|0|2430|0000000000000000000000000000000000000000000000000000000000000000|DARK|1|574|DISP=ACCEPT_INSTALL|DETAIL=rt3_A18F_0
0000000000000000000000000000000000000000000000000000000000000000|0000000000000000000000000000000000000000000000000000000000000000|0|3|rt4_TMB-5_A18F_0_0239.r24|2|1|RICH|576|0|2430|0000000000000000000000000000000000000000000000000000000000000000|DARK|1|576|DISP=ACCEPT_INSTALL|DETAIL=rt3_A18F_0
0000000000000000000000000000000000000000000000000000000000000000|0000000000000000000000000000000000000000000000000000000000000000|0|3|rt4_TMB-5_A18F_0_0240.r24|2|1|RICH|558|0|2460|0000000000000000000000000000000000000000000000000000000000000000|DARK|1|558|DISP=ACCEPT_INSTALL|DETAIL=rt3_A18F_0
0000000000000000000000000000000000000000000000000000000000000000|0000000000000000000000000000000000000000000000000000000000000000|0|3|rt4_TMB-5_A18F_0_0241.r24|2|1|RICH|560|0|2460|0000000000000000000000000000000000000000000000000000000000000000|DARK|1|560|DISP=ACCEPT_INSTALL|DETAIL=rt3_A18F_0
0000000000000000000000000000000000000000000000000000000000000000|0000000000000000000000000000000000000000000000000000000000000000|0|3|rt4_TMB-5_A18F_0_0242.r24|2|1|RICH|562|0|2460|0000000000000000000000000000000000000000000000000000000000000000|DARK|1|562|DISP=ACCEPT_INSTALL|DETAIL=rt3_A18F_0
0000000000000000000000000000000000000000000000000000000000000000|0000000000000000000000000000000000000000000000000000000000000000|0|3|rt4_TMB-5_A18F_0_0243.r24|2|1|RICH|578|0|2430|0000000000000000000000000000000000000000000000000000000000000000|DARK|1|578|DISP=ACCEPT_INSTALL|DETAIL=rt3_A18F_0
0000000000000000000000000000000000000000000000000000000000000000|0000000000000000000000000000000000000000000000000000000000000000|0|3|rt4_TMB-5_A18F_0_0244.r24|2|1|RICH|580|0|2430|0000000000000000000000000000000000000000000000000000000000000000|DARK|1|580|DISP=ACCEPT_INSTALL|DETAIL=rt3_A18F_0
0000000000000000000000000000000000000000000000000000000000000000|0000000000000000000000000000000000000000000000000000000000000000|0|3|rt4_TMB-5_A18F_0_0245.r24|2|1|RICH|564|0|2460|0000000000000000000000000000000000000000000000000000000000000000|DARK|1|564|DISP=ACCEPT_INSTALL|DETAIL=rt3_A18F_0
0000000000000000000000000000000000000000000000000000000000000000|0000000000000000000000000000000000000000000000000000000000000000|0|3|rt4_TMB-5_A18F_0_0246.r24|2|1|RICH|566|0|2460|0000000000000000000000000000000000000000000000000000000000000000|DARK|1|566|DISP=ACCEPT_INSTALL|DETAIL=rt3_A18F_0
0000000000000000000000000000000000000000000000000000000000000000|0000000000000000000000000000000000000000000000000000000000000000|0|3|rt4_TMB-5_A18F_0_0247.r24|2|1|RICH|568|0|2460|0000000000000000000000000000000000000000000000000000000000000000|DARK|1|568|DISP=ACCEPT_INSTALL|DETAIL=rt3_A18F_0
0000000000000000000000000000000000000000000000000000000000000000|0000000000000000000000000000000000000000000000000000000000000000|0|3|rt4_TMB-5_A18F_0_0248.r24|2|1|RICH|582|0|2430|0000000000000000000000000000000000000000000000000000000000000000|DARK|1|582|DISP=ACCEPT_INSTALL|DETAIL=rt3_A18F_0
0000000000000000000000000000000000000000000000000000000000000000|0000000000000000000000000000000000000000000000000000000000000000|0|3|rt4_TMB-5_A18F_0_0249.r24|2|1|RICH|584|0|2430|0000000000000000000000000000000000000000000000000000000000000000|DARK|1|584|DISP=ACCEPT_INSTALL|DETAIL=rt3_A18F_0
0000000000000000000000000000000000000000000000000000000000000000|0000000000000000000000000000000000000000000000000000000000000000|0|3|rt4_TMB-5_A18F_0_0250.r24|2|1|RICH|570|0|2460|0000000000000000000000000000000000000000000000000000000000000000|DARK|1|570|DISP=ACCEPT_INSTALL|DETAIL=rt3_A18F_0
0000000000000000000000000000000000000000000000000000000000000000|0000000000000000000000000000000000000000000000000000000000000000|0|3|rt4_TMB-5_A18F_0_0251.r24|2|1|RICH|850|0|2460|0000000000000000000000000000000000000000000000000000000000000000|DARK|1|850|DISP=ACCEPT_INSTALL|DETAIL=rt3_A18F_0
0000000000000000000000000000000000000000000000000000000000000000|0000000000000000000000000000000000000000000000000000000000000000|0|3|rt4_TMB-5_A18F_0_0252.r24|2|1|RICH|852|0|2460|0000000000000000000000000000000000000000000000000000000000000000|DARK|1|852|DISP=ACCEPT_INSTALL|DETAIL=rt3_A18F_0
0000000000000000000000000000000000000000000000000000000000000000|0000000000000000000000000000000000000000000000000000000000000000|0|3|rt4_TMB-5_A18F_0_0253.r24|2|1|RICH|586|0|2430|0000000000000000000000000000000000000000000000000000000000000000|DARK|1|586|DISP=ACCEPT_INSTALL|DETAIL=rt3_A18F_0
0000000000000000000000000000000000000000000000000000000000000000|0000000000000000000000000000000000000000000000000000000000000000|0|3|rt4_TMB-5_A18F_0_0254.r24|2|1|RICH|588|0|2430|0000000000000000000000000000000000000000000000000000000000000000|DARK|1|588|DISP=ACCEPT_INSTALL|DETAIL=rt3_A18F_0
0000000000000000000000000000000000000000000000000000000000000000|0000000000000000000000000000000000000000000000000000000000000000|0|3|rt4_TMB-5_A18F_0_0255.r24|2|1|RICH|854|0|2460|0000000000000000000000000000000000000000000000000000000000000000|DARK|1|854|DISP=ACCEPT_INSTALL|DETAIL=rt3_A18F_0
0000000000000000000000000000000000000000000000000000000000000000|0000000000000000000000000000000000000000000000000000000000000000|0|3|rt4_TMB-5_A18F_0_0256.r24|2|1|RICH|856|0|2460|0000000000000000000000000000000000000000000000000000000000000000|DARK|1|856|DISP=ACCEPT_INSTALL|DETAIL=rt3_A18F_0
0000000000000000000000000000000000000000000000000000000000000000|0000000000000000000000000000000000000000000000000000000000000000|0|3|rt4_TMB-5_A18F_0_0257.r24|2|1|RICH|858|0|2460|0000000000000000000000000000000000000000000000000000000000000000|DARK|1|858|DISP=ACCEPT_INSTALL|DETAIL=rt3_A18F_0
0000000000000000000000000000000000000000000000000000000000000000|0000000000000000000000000000000000000000000000000000000000000000|0|3|rt4_TMB-5_A18F_0_0258.r24|2|1|RICH|590|0|2430|0000000000000000000000000000000000000000000000000000000000000000|DARK|1|590|DISP=ACCEPT_INSTALL|DETAIL=rt3_A18F_0
0000000000000000000000000000000000000000000000000000000000000000|0000000000000000000000000000000000000000000000000000000000000000|0|3|rt4_TMB-5_A18F_0_0259.r24|2|1|RICH|592|0|2430|0000000000000000000000000000000000000000000000000000000000000000|DARK|1|592|DISP=ACCEPT_INSTALL|DETAIL=rt3_A18F_0
0000000000000000000000000000000000000000000000000000000000000000|0000000000000000000000000000000000000000000000000000000000000000|0|3|rt4_TMB-5_A18F_0_0260.r24|2|1|RICH|860|0|2460|0000000000000000000000000000000000000000000000000000000000000000|DARK|1|860|DISP=ACCEPT_INSTALL|DETAIL=rt3_A18F_0
0000000000000000000000000000000000000000000000000000000000000000|0000000000000000000000000000000000000000000000000000000000000000|0|3|rt4_TMB-5_A18F_0_0261.r24|2|1|RICH|862|0|2460|0000000000000000000000000000000000000000000000000000000000000000|DARK|1|862|DISP=ACCEPT_INSTALL|DETAIL=rt3_A18F_0
0000000000000000000000000000000000000000000000000000000000000000|0000000000000000000000000000000000000000000000000000000000000000|0|3|rt4_TMB-5_A18F_0_0262.r24|2|1|RICH|864|0|2460|0000000000000000000000000000000000000000000000000000000000000000|DARK|1|864|DISP=ACCEPT_INSTALL|DETAIL=rt3_A18F_0
0000000000000000000000000000000000000000000000000000000000000000|0000000000000000000000000000000000000000000000000000000000000000|0|3|rt4_TMB-5_A18F_0_0263.r24|2|1|RICH|594|0|2430|0000000000000000000000000000000000000000000000000000000000000000|DARK|1|594|DISP=ACCEPT_INSTALL|DETAIL=rt3_A18F_0
0000000000000000000000000000000000000000000000000000000000000000|0000000000000000000000000000000000000000000000000000000000000000|0|3|rt4_TMB-5_A18F_0_0264.r24|2|1|RICH|826|0|2430|0000000000000000000000000000000000000000000000000000000000000000|DARK|1|826|DISP=ACCEPT_INSTALL|DETAIL=rt3_A18F_0
0000000000000000000000000000000000000000000000000000000000000000|0000000000000000000000000000000000000000000000000000000000000000|0|3|rt4_TMB-5_A18F_0_0265.r24|2|1|RICH|866|0|2460|0000000000000000000000000000000000000000000000000000000000000000|DARK|1|866|DISP=ACCEPT_INSTALL|DETAIL=rt3_A18F_0
0000000000000000000000000000000000000000000000000000000000000000|0000000000000000000000000000000000000000000000000000000000000000|0|3|rt4_TMB-5_A18F_0_0266.r24|2|1|RICH|868|0|2460|0000000000000000000000000000000000000000000000000000000000000000|DARK|1|868|DISP=ACCEPT_INSTALL|DETAIL=rt3_A18F_0
0000000000000000000000000000000000000000000000000000000000000000|0000000000000000000000000000000000000000000000000000000000000000|0|3|rt4_TMB-5_A18F_0_0267.r24|2|1|RICH|552|0|2470|0000000000000000000000000000000000000000000000000000000000000000|DARK|1|552|DISP=ACCEPT_INSTALL|DETAIL=rt3_A18F_0
0000000000000000000000000000000000000000000000000000000000000000|0000000000000000000000000000000000000000000000000000000000000000|0|3|rt4_TMB-5_A18F_0_0268.r24|2|1|RICH|828|0|2430|0000000000000000000000000000000000000000000000000000000000000000|DARK|1|828|DISP=ACCEPT_INSTALL|DETAIL=rt3_A18F_0
0000000000000000000000000000000000000000000000000000000000000000|0000000000000000000000000000000000000000000000000000000000000000|0|3|rt4_TMB-5_A18F_0_0269.r24|2|1|RICH|830|0|2430|0000000000000000000000000000000000000000000000000000000000000000|DARK|1|830|DISP=ACCEPT_INSTALL|DETAIL=rt3_A18F_0
0000000000000000000000000000000000000000000000000000000000000000|0000000000000000000000000000000000000000000000000000000000000000|0|3|rt4_TMB-5_A18F_0_0270.r24|2|1|RICH|554|0|2470|0000000000000000000000000000000000000000000000000000000000000000|DARK|1|554|DISP=ACCEPT_INSTALL|DETAIL=rt3_A18F_0
0000000000000000000000000000000000000000000000000000000000000000|0000000000000000000000000000000000000000000000000000000000000000|0|3|rt4_TMB-5_A18F_0_0271.r24|2|1|RICH|556|0|2470|0000000000000000000000000000000000000000000000000000000000000000|DARK|1|556|DISP=ACCEPT_INSTALL|DETAIL=rt3_A18F_0
0000000000000000000000000000000000000000000000000000000000000000|0000000000000000000000000000000000000000000000000000000000000000|0|3|rt4_TMB-5_A18F_0_0272.r24|2|1|RICH|558|0|2470|0000000000000000000000000000000000000000000000000000000000000000|DARK|1|558|DISP=ACCEPT_INSTALL|DETAIL=rt3_A18F_0
0000000000000000000000000000000000000000000000000000000000000000|0000000000000000000000000000000000000000000000000000000000000000|0|3|rt4_TMB-5_A18F_0_0273.r24|2|1|RICH|832|0|2430|0000000000000000000000000000000000000000000000000000000000000000|DARK|1|832|DISP=ACCEPT_INSTALL|DETAIL=rt3_A18F_0
0000000000000000000000000000000000000000000000000000000000000000|0000000000000000000000000000000000000000000000000000000000000000|0|3|rt4_TMB-5_A18F_0_0274.r24|2|1|RICH|834|0|2430|0000000000000000000000000000000000000000000000000000000000000000|DARK|1|834|DISP=ACCEPT_INSTALL|DETAIL=rt3_A18F_0
0000000000000000000000000000000000000000000000000000000000000000|0000000000000000000000000000000000000000000000000000000000000000|0|3|rt4_TMB-5_A18F_0_0275.r24|2|1|RICH|560|0|2470|0000000000000000000000000000000000000000000000000000000000000000|DARK|1|560|DISP=ACCEPT_INSTALL|DETAIL=rt3_A18F_0
0000000000000000000000000000000000000000000000000000000000000000|0000000000000000000000000000000000000000000000000000000000000000|0|3|rt4_TMB-5_A18F_0_0276.r24|2|1|RICH|562|0|2470|0000000000000000000000000000000000000000000000000000000000000000|DARK|1|562|DISP=ACCEPT_INSTALL|DETAIL=rt3_A18F_0
0000000000000000000000000000000000000000000000000000000000000000|0000000000000000000000000000000000000000000000000000000000000000|0|3|rt4_TMB-5_A18F_0_0277.r24|2|1|RICH|564|0|2470|0000000000000000000000000000000000000000000000000000000000000000|DARK|1|564|DISP=ACCEPT_INSTALL|DETAIL=rt3_A18F_0
0000000000000000000000000000000000000000000000000000000000000000|0000000000000000000000000000000000000000000000000000000000000000|0|3|rt4_TMB-5_A18F_0_0278.r24|2|1|RICH|836|0|2430|0000000000000000000000000000000000000000000000000000000000000000|DARK|1|836|DISP=ACCEPT_INSTALL|DETAIL=rt3_A18F_0
0000000000000000000000000000000000000000000000000000000000000000|0000000000000000000000000000000000000000000000000000000000000000|0|3|rt4_TMB-5_A18F_0_0279.r24|2|1|RICH|838|0|2430|0000000000000000000000000000000000000000000000000000000000000000|DARK|1|838|DISP=ACCEPT_INSTALL|DETAIL=rt3_A18F_0
0000000000000000000000000000000000000000000000000000000000000000|0000000000000000000000000000000000000000000000000000000000000000|0|3|rt4_TMB-5_A18F_0_0280.r24|2|1|RICH|566|0|2470|0000000000000000000000000000000000000000000000000000000000000000|DARK|1|566|DISP=ACCEPT_INSTALL|DETAIL=rt3_A18F_0
0000000000000000000000000000000000000000000000000000000000000000|0000000000000000000000000000000000000000000000000000000000000000|0|3|rt4_TMB-5_A18F_0_0281.r24|2|1|RICH|568|0|2470|0000000000000000000000000000000000000000000000000000000000000000|DARK|1|568|DISP=ACCEPT_INSTALL|DETAIL=rt3_A18F_0
0000000000000000000000000000000000000000000000000000000000000000|0000000000000000000000000000000000000000000000000000000000000000|0|3|rt4_TMB-5_A18F_0_0282.r24|2|1|RICH|570|0|2470|0000000000000000000000000000000000000000000000000000000000000000|DARK|1|570|DISP=ACCEPT_INSTALL|DETAIL=rt3_A18F_0
0000000000000000000000000000000000000000000000000000000000000000|0000000000000000000000000000000000000000000000000000000000000000|0|3|rt4_TMB-5_A18F_0_0283.r24|2|1|RICH|840|0|2430|0000000000000000000000000000000000000000000000000000000000000000|DARK|1|840|DISP=ACCEPT_INSTALL|DETAIL=rt3_A18F_0
0000000000000000000000000000000000000000000000000000000000000000|0000000000000000000000000000000000000000000000000000000000000000|0|3|rt4_TMB-5_A18F_0_0284.r24|2|1|RICH|842|0|2430|0000000000000000000000000000000000000000000000000000000000000000|DARK|1|842|DISP=ACCEPT_INSTALL|DETAIL=rt3_A18F_0
0000000000000000000000000000000000000000000000000000000000000000|0000000000000000000000000000000000000000000000000000000000000000|0|3|rt4_TMB-5_A18F_0_0285.r24|2|1|RICH|850|0|2470|0000000000000000000000000000000000000000000000000000000000000000|DARK|1|850|DISP=ACCEPT_INSTALL|DETAIL=rt3_A18F_0
0000000000000000000000000000000000000000000000000000000000000000|0000000000000000000000000000000000000000000000000000000000000000|0|3|rt4_TMB-5_A18F_0_0286.r24|2|1|RICH|852|0|2470|0000000000000000000000000000000000000000000000000000000000000000|DARK|1|852|DISP=ACCEPT_INSTALL|DETAIL=rt3_A18F_0
0000000000000000000000000000000000000000000000000000000000000000|0000000000000000000000000000000000000000000000000000000000000000|0|3|rt4_TMB-5_A18F_0_0287.r24|2|1|RICH|854|0|2470|0000000000000000000000000000000000000000000000000000000000000000|DARK|1|854|DISP=ACCEPT_INSTALL|DETAIL=rt3_A18F_0
0000000000000000000000000000000000000000000000000000000000000000|0000000000000000000000000000000000000000000000000000000000000000|0|3|rt4_TMB-5_A18F_0_0288.r24|2|1|RICH|844|0|2430|0000000000000000000000000000000000000000000000000000000000000000|DARK|1|844|DISP=ACCEPT_INSTALL|DETAIL=rt3_A18F_0
0000000000000000000000000000000000000000000000000000000000000000|0000000000000000000000000000000000000000000000000000000000000000|0|3|rt4_TMB-5_A18F_0_0289.r24|2|1|RICH|846|0|2430|0000000000000000000000000000000000000000000000000000000000000000|DARK|1|846|DISP=ACCEPT_INSTALL|DETAIL=rt3_A18F_0
0000000000000000000000000000000000000000000000000000000000000000|0000000000000000000000000000000000000000000000000000000000000000|0|3|rt4_TMB-5_A18F_0_0290.r24|2|1|RICH|856|0|2470|0000000000000000000000000000000000000000000000000000000000000000|DARK|1|856|DISP=ACCEPT_INSTALL|DETAIL=rt3_A18F_0
0000000000000000000000000000000000000000000000000000000000000000|0000000000000000000000000000000000000000000000000000000000000000|0|3|rt4_TMB-5_A18F_0_0291.r24|2|1|RICH|858|0|2470|0000000000000000000000000000000000000000000000000000000000000000|DARK|1|858|DISP=ACCEPT_INSTALL|DETAIL=rt3_A18F_0
0000000000000000000000000000000000000000000000000000000000000000|0000000000000000000000000000000000000000000000000000000000000000|0|3|rt4_TMB-5_A18F_0_0292.r24|2|1|RICH|860|0|2470|0000000000000000000000000000000000000000000000000000000000000000|DARK|1|860|DISP=ACCEPT_INSTALL|DETAIL=rt3_A18F_0
0000000000000000000000000000000000000000000000000000000000000000|0000000000000000000000000000000000000000000000000000000000000000|0|3|rt4_TMB-5_A18F_0_0293.r24|2|1|RICH|848|0|2430|0000000000000000000000000000000000000000000000000000000000000000|DARK|1|848|DISP=ACCEPT_INSTALL|DETAIL=rt3_A18F_0
0000000000000000000000000000000000000000000000000000000000000000|0000000000000000000000000000000000000000000000000000000000000000|0|3|rt4_TMB-5_A18F_0_0294.r24|2|1|RICH|572|0|2440|0000000000000000000000000000000000000000000000000000000000000000|DARK|1|572|DISP=ACCEPT_INSTALL|DETAIL=rt3_A18F_0
0000000000000000000000000000000000000000000000000000000000000000|0000000000000000000000000000000000000000000000000000000000000000|0|3|rt4_TMB-5_A18F_0_0295.r24|2|1|RICH|862|0|2470|0000000000000000000000000000000000000000000000000000000000000000|DARK|1|862|DISP=ACCEPT_INSTALL|DETAIL=rt3_A18F_0
0000000000000000000000000000000000000000000000000000000000000000|0000000000000000000000000000000000000000000000000000000000000000|0|3|rt4_TMB-5_A18F_0_0296.r24|2|1|RICH|864|0|2470|0000000000000000000000000000000000000000000000000000000000000000|DARK|1|864|DISP=ACCEPT_INSTALL|DETAIL=rt3_A18F_0
0000000000000000000000000000000000000000000000000000000000000000|0000000000000000000000000000000000000000000000000000000000000000|0|3|rt4_TMB-5_A18F_0_0297.r24|2|1|RICH|866|0|2470|0000000000000000000000000000000000000000000000000000000000000000|DARK|1|866|DISP=ACCEPT_INSTALL|DETAIL=rt3_A18F_0
0000000000000000000000000000000000000000000000000000000000000000|0000000000000000000000000000000000000000000000000000000000000000|0|3|rt4_TMB-5_A18F_0_0298.r24|2|1|RICH|574|0|2440|0000000000000000000000000000000000000000000000000000000000000000|DARK|1|574|DISP=ACCEPT_INSTALL|DETAIL=rt3_A18F_0
0000000000000000000000000000000000000000000000000000000000000000|0000000000000000000000000000000000000000000000000000000000000000|0|3|rt4_TMB-5_A18F_0_0299.r24|2|1|RICH|576|0|2440|0000000000000000000000000000000000000000000000000000000000000000|DARK|1|576|DISP=ACCEPT_INSTALL|DETAIL=rt3_A18F_0
0000000000000000000000000000000000000000000000000000000000000000|0000000000000000000000000000000000000000000000000000000000000000|0|3|rt4_TMB-5_A18F_0_0300.r24|2|1|RICH|868|0|2470|0000000000000000000000000000000000000000000000000000000000000000|DARK|1|868|DISP=ACCEPT_INSTALL|DETAIL=rt3_A18F_0
0000000000000000000000000000000000000000000000000000000000000000|0000000000000000000000000000000000000000000000000000000000000000|0|3|rt4_TMB-5_A18F_0_0301.r24|2|1|RICH|552|0|2480|0000000000000000000000000000000000000000000000000000000000000000|DARK|1|552|DISP=ACCEPT_INSTALL|DETAIL=rt3_A18F_0
0000000000000000000000000000000000000000000000000000000000000000|0000000000000000000000000000000000000000000000000000000000000000|0|3|rt4_TMB-5_A18F_0_0302.r24|2|1|RICH|554|0|2480|0000000000000000000000000000000000000000000000000000000000000000|DARK|1|554|DISP=ACCEPT_INSTALL|DETAIL=rt3_A18F_0
0000000000000000000000000000000000000000000000000000000000000000|0000000000000000000000000000000000000000000000000000000000000000|0|3|rt4_TMB-5_A18F_0_0303.r24|2|1|RICH|578|0|2440|0000000000000000000000000000000000000000000000000000000000000000|DARK|1|578|DISP=ACCEPT_INSTALL|DETAIL=rt3_A18F_0
0000000000000000000000000000000000000000000000000000000000000000|0000000000000000000000000000000000000000000000000000000000000000|0|3|rt4_TMB-5_A18F_0_0304.r24|2|1|RICH|580|0|2440|0000000000000000000000000000000000000000000000000000000000000000|DARK|1|580|DISP=ACCEPT_INSTALL|DETAIL=rt3_A18F_0
0000000000000000000000000000000000000000000000000000000000000000|0000000000000000000000000000000000000000000000000000000000000000|0|3|rt4_TMB-5_A18F_0_0305.r24|2|1|RICH|556|0|2480|0000000000000000000000000000000000000000000000000000000000000000|DARK|1|556|DISP=ACCEPT_INSTALL|DETAIL=rt3_A18F_0
0000000000000000000000000000000000000000000000000000000000000000|0000000000000000000000000000000000000000000000000000000000000000|0|3|rt4_TMB-5_A18F_0_0306.r24|2|1|RICH|558|0|2480|0000000000000000000000000000000000000000000000000000000000000000|DARK|1|558|DISP=ACCEPT_INSTALL|DETAIL=rt3_A18F_0
0000000000000000000000000000000000000000000000000000000000000000|0000000000000000000000000000000000000000000000000000000000000000|0|3|rt4_TMB-5_A18F_0_0307.r24|2|1|RICH|560|0|2480|0000000000000000000000000000000000000000000000000000000000000000|DARK|1|560|DISP=ACCEPT_INSTALL|DETAIL=rt3_A18F_0
0000000000000000000000000000000000000000000000000000000000000000|0000000000000000000000000000000000000000000000000000000000000000|0|3|rt4_TMB-5_A18F_0_0308.r24|2|1|RICH|582|0|2440|0000000000000000000000000000000000000000000000000000000000000000|DARK|1|582|DISP=ACCEPT_INSTALL|DETAIL=rt3_A18F_0
0000000000000000000000000000000000000000000000000000000000000000|0000000000000000000000000000000000000000000000000000000000000000|0|3|rt4_TMB-5_A18F_0_0309.r24|2|1|RICH|584|0|2440|0000000000000000000000000000000000000000000000000000000000000000|DARK|1|584|DISP=ACCEPT_INSTALL|DETAIL=rt3_A18F_0
0000000000000000000000000000000000000000000000000000000000000000|0000000000000000000000000000000000000000000000000000000000000000|0|3|rt4_TMB-5_A18F_0_0310.r24|2|1|RICH|562|0|2480|0000000000000000000000000000000000000000000000000000000000000000|DARK|1|562|DISP=ACCEPT_INSTALL|DETAIL=rt3_A18F_0
0000000000000000000000000000000000000000000000000000000000000000|0000000000000000000000000000000000000000000000000000000000000000|0|3|rt4_TMB-5_A18F_0_0311.r24|2|1|RICH|564|0|2480|0000000000000000000000000000000000000000000000000000000000000000|DARK|1|564|DISP=ACCEPT_INSTALL|DETAIL=rt3_A18F_0
0000000000000000000000000000000000000000000000000000000000000000|0000000000000000000000000000000000000000000000000000000000000000|0|3|rt4_TMB-5_A18F_0_0312.r24|2|1|RICH|566|0|2480|0000000000000000000000000000000000000000000000000000000000000000|DARK|1|566|DISP=ACCEPT_INSTALL|DETAIL=rt3_A18F_0
0000000000000000000000000000000000000000000000000000000000000000|0000000000000000000000000000000000000000000000000000000000000000|0|3|rt4_TMB-5_A18F_0_0313.r24|2|1|RICH|586|0|2440|0000000000000000000000000000000000000000000000000000000000000000|DARK|1|586|DISP=ACCEPT_INSTALL|DETAIL=rt3_A18F_0
0000000000000000000000000000000000000000000000000000000000000000|0000000000000000000000000000000000000000000000000000000000000000|0|3|rt4_TMB-5_A18F_0_0314.r24|2|1|RICH|588|0|2440|0000000000000000000000000000000000000000000000000000000000000000|DARK|1|588|DISP=ACCEPT_INSTALL|DETAIL=rt3_A18F_0
0000000000000000000000000000000000000000000000000000000000000000|0000000000000000000000000000000000000000000000000000000000000000|0|3|rt4_TMB-5_A18F_0_0315.r24|2|1|RICH|568|0|2480|0000000000000000000000000000000000000000000000000000000000000000|DARK|1|568|DISP=ACCEPT_INSTALL|DETAIL=rt3_A18F_0
0000000000000000000000000000000000000000000000000000000000000000|0000000000000000000000000000000000000000000000000000000000000000|0|3|rt4_TMB-5_A18F_0_0316.r24|2|1|RICH|570|0|2480|0000000000000000000000000000000000000000000000000000000000000000|DARK|1|570|DISP=ACCEPT_INSTALL|DETAIL=rt3_A18F_0
0000000000000000000000000000000000000000000000000000000000000000|0000000000000000000000000000000000000000000000000000000000000000|0|3|rt4_TMB-5_A18F_0_0317.r24|2|1|RICH|850|0|2480|0000000000000000000000000000000000000000000000000000000000000000|DARK|1|850|DISP=ACCEPT_INSTALL|DETAIL=rt3_A18F_0
0000000000000000000000000000000000000000000000000000000000000000|0000000000000000000000000000000000000000000000000000000000000000|0|3|rt4_TMB-5_A18F_0_0318.r24|2|1|RICH|590|0|2440|0000000000000000000000000000000000000000000000000000000000000000|DARK|1|590|DISP=ACCEPT_INSTALL|DETAIL=rt3_A18F_0
0000000000000000000000000000000000000000000000000000000000000000|0000000000000000000000000000000000000000000000000000000000000000|0|3|rt4_TMB-5_A18F_0_0319.r24|2|1|RICH|592|0|2440|0000000000000000000000000000000000000000000000000000000000000000|DARK|1|592|DISP=ACCEPT_INSTALL|DETAIL=rt3_A18F_0
0000000000000000000000000000000000000000000000000000000000000000|0000000000000000000000000000000000000000000000000000000000000000|0|3|rt4_TMB-5_A18F_0_0320.r24|2|1|RICH|852|0|2480|0000000000000000000000000000000000000000000000000000000000000000|DARK|1|852|DISP=ACCEPT_INSTALL|DETAIL=rt3_A18F_0
0000000000000000000000000000000000000000000000000000000000000000|0000000000000000000000000000000000000000000000000000000000000000|0|3|rt4_TMB-5_A18F_0_0321.r24|2|1|RICH|854|0|2480|0000000000000000000000000000000000000000000000000000000000000000|DARK|1|854|DISP=ACCEPT_INSTALL|DETAIL=rt3_A18F_0
0000000000000000000000000000000000000000000000000000000000000000|0000000000000000000000000000000000000000000000000000000000000000|0|3|rt4_TMB-5_A18F_0_0322.r24|2|1|RICH|856|0|2480|0000000000000000000000000000000000000000000000000000000000000000|DARK|1|856|DISP=ACCEPT_INSTALL|DETAIL=rt3_A18F_0
0000000000000000000000000000000000000000000000000000000000000000|0000000000000000000000000000000000000000000000000000000000000000|0|3|rt4_TMB-5_A18F_0_0323.r24|2|1|RICH|594|0|2440|0000000000000000000000000000000000000000000000000000000000000000|DARK|1|594|DISP=ACCEPT_INSTALL|DETAIL=rt3_A18F_0
0000000000000000000000000000000000000000000000000000000000000000|0000000000000000000000000000000000000000000000000000000000000000|0|3|rt4_TMB-5_A18F_0_0324.r24|2|1|RICH|826|0|2440|0000000000000000000000000000000000000000000000000000000000000000|DARK|1|826|DISP=ACCEPT_INSTALL|DETAIL=rt3_A18F_0
0000000000000000000000000000000000000000000000000000000000000000|0000000000000000000000000000000000000000000000000000000000000000|0|3|rt4_TMB-5_A18F_0_0325.r24|2|1|RICH|858|0|2480|0000000000000000000000000000000000000000000000000000000000000000|DARK|1|858|DISP=ACCEPT_INSTALL|DETAIL=rt3_A18F_0
0000000000000000000000000000000000000000000000000000000000000000|0000000000000000000000000000000000000000000000000000000000000000|0|3|rt4_TMB-5_A18F_0_0326.r24|2|1|RICH|860|0|2480|0000000000000000000000000000000000000000000000000000000000000000|DARK|1|860|DISP=ACCEPT_INSTALL|DETAIL=rt3_A18F_0
0000000000000000000000000000000000000000000000000000000000000000|0000000000000000000000000000000000000000000000000000000000000000|0|3|rt4_TMB-5_A18F_0_0327.r24|2|1|RICH|862|0|2480|0000000000000000000000000000000000000000000000000000000000000000|DARK|1|862|DISP=ACCEPT_INSTALL|DETAIL=rt3_A18F_0
0000000000000000000000000000000000000000000000000000000000000000|0000000000000000000000000000000000000000000000000000000000000000|0|3|rt4_TMB-5_A18F_0_0328.r24|2|1|RICH|828|0|2440|0000000000000000000000000000000000000000000000000000000000000000|DARK|1|828|DISP=ACCEPT_INSTALL|DETAIL=rt3_A18F_0
0000000000000000000000000000000000000000000000000000000000000000|0000000000000000000000000000000000000000000000000000000000000000|0|3|rt4_TMB-5_A18F_0_0329.r24|2|1|RICH|830|0|2440|0000000000000000000000000000000000000000000000000000000000000000|DARK|1|830|DISP=ACCEPT_INSTALL|DETAIL=rt3_A18F_0
0000000000000000000000000000000000000000000000000000000000000000|0000000000000000000000000000000000000000000000000000000000000000|0|3|rt4_TMB-5_A18F_0_0330.r24|2|1|RICH|864|0|2480|0000000000000000000000000000000000000000000000000000000000000000|DARK|1|864|DISP=ACCEPT_INSTALL|DETAIL=rt3_A18F_0
0000000000000000000000000000000000000000000000000000000000000000|0000000000000000000000000000000000000000000000000000000000000000|0|3|rt4_TMB-5_A18F_0_0331.r24|2|1|RICH|866|0|2480|0000000000000000000000000000000000000000000000000000000000000000|DARK|1|866|DISP=ACCEPT_INSTALL|DETAIL=rt3_A18F_0
0000000000000000000000000000000000000000000000000000000000000000|0000000000000000000000000000000000000000000000000000000000000000|0|3|rt4_TMB-5_A18F_0_0332.r24|2|1|RICH|868|0|2480|0000000000000000000000000000000000000000000000000000000000000000|DARK|1|868|DISP=ACCEPT_INSTALL|DETAIL=rt3_A18F_0
0000000000000000000000000000000000000000000000000000000000000000|0000000000000000000000000000000000000000000000000000000000000000|0|3|rt4_TMB-5_A18F_0_0333.r24|2|1|RICH|832|0|2440|0000000000000000000000000000000000000000000000000000000000000000|DARK|1|832|DISP=ACCEPT_INSTALL|DETAIL=rt3_A18F_0
0000000000000000000000000000000000000000000000000000000000000000|0000000000000000000000000000000000000000000000000000000000000000|0|3|rt4_TMB-5_A18F_0_0334.r24|2|1|RICH|834|0|2440|0000000000000000000000000000000000000000000000000000000000000000|DARK|1|834|DISP=ACCEPT_INSTALL|DETAIL=rt3_A18F_0
0000000000000000000000000000000000000000000000000000000000000000|0000000000000000000000000000000000000000000000000000000000000000|0|3|rt4_TMB-5_A18F_0_0335.r24|2|1|RICH|552|0|2490|0000000000000000000000000000000000000000000000000000000000000000|DARK|1|552|DISP=ACCEPT_INSTALL|DETAIL=rt3_A18F_0
0000000000000000000000000000000000000000000000000000000000000000|0000000000000000000000000000000000000000000000000000000000000000|0|3|rt4_TMB-5_A18F_0_0336.r24|2|1|RICH|554|0|2490|0000000000000000000000000000000000000000000000000000000000000000|DARK|1|554|DISP=ACCEPT_INSTALL|DETAIL=rt3_A18F_0
0000000000000000000000000000000000000000000000000000000000000000|0000000000000000000000000000000000000000000000000000000000000000|0|3|rt4_TMB-5_A18F_0_0337.r24|2|1|RICH|556|0|2490|0000000000000000000000000000000000000000000000000000000000000000|DARK|1|556|DISP=ACCEPT_INSTALL|DETAIL=rt3_A18F_0
0000000000000000000000000000000000000000000000000000000000000000|0000000000000000000000000000000000000000000000000000000000000000|0|3|rt4_TMB-5_A18F_0_0338.r24|2|1|RICH|836|0|2440|0000000000000000000000000000000000000000000000000000000000000000|DARK|1|836|DISP=ACCEPT_INSTALL|DETAIL=rt3_A18F_0
0000000000000000000000000000000000000000000000000000000000000000|0000000000000000000000000000000000000000000000000000000000000000|0|3|rt4_TMB-5_A18F_0_0339.r24|2|1|RICH|838|0|2440|0000000000000000000000000000000000000000000000000000000000000000|DARK|1|838|DISP=ACCEPT_INSTALL|DETAIL=rt3_A18F_0
0000000000000000000000000000000000000000000000000000000000000000|0000000000000000000000000000000000000000000000000000000000000000|0|3|rt4_TMB-5_A18F_0_0340.r24|2|1|RICH|558|0|2490|0000000000000000000000000000000000000000000000000000000000000000|DARK|1|558|DISP=ACCEPT_INSTALL|DETAIL=rt3_A18F_0
0000000000000000000000000000000000000000000000000000000000000000|0000000000000000000000000000000000000000000000000000000000000000|0|3|rt4_TMB-5_A18F_0_0341.r24|2|1|RICH|560|0|2490|0000000000000000000000000000000000000000000000000000000000000000|DARK|1|560|DISP=ACCEPT_INSTALL|DETAIL=rt3_A18F_0
0000000000000000000000000000000000000000000000000000000000000000|0000000000000000000000000000000000000000000000000000000000000000|0|3|rt4_TMB-5_A18F_0_0342.r24|2|1|RICH|562|0|2490|0000000000000000000000000000000000000000000000000000000000000000|DARK|1|562|DISP=ACCEPT_INSTALL|DETAIL=rt3_A18F_0
0000000000000000000000000000000000000000000000000000000000000000|0000000000000000000000000000000000000000000000000000000000000000|0|3|rt4_TMB-5_A18F_0_0343.r24|2|1|RICH|840|0|2440|0000000000000000000000000000000000000000000000000000000000000000|DARK|1|840|DISP=ACCEPT_INSTALL|DETAIL=rt3_A18F_0
0000000000000000000000000000000000000000000000000000000000000000|0000000000000000000000000000000000000000000000000000000000000000|0|3|rt4_TMB-5_A18F_0_0344.r24|2|1|RICH|842|0|2440|0000000000000000000000000000000000000000000000000000000000000000|DARK|1|842|DISP=ACCEPT_INSTALL|DETAIL=rt3_A18F_0
0000000000000000000000000000000000000000000000000000000000000000|0000000000000000000000000000000000000000000000000000000000000000|0|3|rt4_TMB-5_A18F_0_0345.r24|2|1|RICH|564|0|2490|0000000000000000000000000000000000000000000000000000000000000000|DARK|1|564|DISP=ACCEPT_INSTALL|DETAIL=rt3_A18F_0
0000000000000000000000000000000000000000000000000000000000000000|0000000000000000000000000000000000000000000000000000000000000000|0|3|rt4_TMB-5_A18F_0_0346.r24|2|1|RICH|566|0|2490|0000000000000000000000000000000000000000000000000000000000000000|DARK|1|566|DISP=ACCEPT_INSTALL|DETAIL=rt3_A18F_0
0000000000000000000000000000000000000000000000000000000000000000|0000000000000000000000000000000000000000000000000000000000000000|0|3|rt4_TMB-5_A18F_0_0347.r24|2|1|RICH|568|0|2490|0000000000000000000000000000000000000000000000000000000000000000|DARK|1|568|DISP=ACCEPT_INSTALL|DETAIL=rt3_A18F_0
0000000000000000000000000000000000000000000000000000000000000000|0000000000000000000000000000000000000000000000000000000000000000|0|3|rt4_TMB-5_A18F_0_0348.r24|2|1|RICH|844|0|2440|0000000000000000000000000000000000000000000000000000000000000000|DARK|1|844|DISP=ACCEPT_INSTALL|DETAIL=rt3_A18F_0
0000000000000000000000000000000000000000000000000000000000000000|0000000000000000000000000000000000000000000000000000000000000000|0|3|rt4_TMB-5_A18F_0_0349.r24|2|1|RICH|846|0|2440|0000000000000000000000000000000000000000000000000000000000000000|DARK|1|846|DISP=ACCEPT_INSTALL|DETAIL=rt3_A18F_0
0000000000000000000000000000000000000000000000000000000000000000|0000000000000000000000000000000000000000000000000000000000000000|0|3|rt4_TMB-5_A18F_0_0350.r24|2|1|RICH|570|0|2490|0000000000000000000000000000000000000000000000000000000000000000|DARK|1|570|DISP=ACCEPT_INSTALL|DETAIL=rt3_A18F_0
0000000000000000000000000000000000000000000000000000000000000000|0000000000000000000000000000000000000000000000000000000000000000|0|3|rt4_TMB-5_A18F_0_0351.r24|2|1|RICH|850|0|2490|0000000000000000000000000000000000000000000000000000000000000000|DARK|1|850|DISP=ACCEPT_INSTALL|DETAIL=rt3_A18F_0
0000000000000000000000000000000000000000000000000000000000000000|0000000000000000000000000000000000000000000000000000000000000000|0|3|rt4_TMB-5_A18F_0_0352.r24|2|1|RICH|852|0|2490|0000000000000000000000000000000000000000000000000000000000000000|DARK|1|852|DISP=ACCEPT_INSTALL|DETAIL=rt3_A18F_0
0000000000000000000000000000000000000000000000000000000000000000|0000000000000000000000000000000000000000000000000000000000000000|0|3|rt4_TMB-5_A18F_0_0353.r24|2|1|RICH|848|0|2440|0000000000000000000000000000000000000000000000000000000000000000|DARK|1|848|DISP=ACCEPT_INSTALL|DETAIL=rt3_A18F_0
0000000000000000000000000000000000000000000000000000000000000000|0000000000000000000000000000000000000000000000000000000000000000|0|3|rt4_TMB-5_A18F_0_0354.r24|2|1|RICH|572|0|2450|0000000000000000000000000000000000000000000000000000000000000000|DARK|1|572|DISP=ACCEPT_INSTALL|DETAIL=rt3_A18F_0
0000000000000000000000000000000000000000000000000000000000000000|0000000000000000000000000000000000000000000000000000000000000000|0|3|rt4_TMB-5_A18F_0_0355.r24|2|1|RICH|854|0|2490|0000000000000000000000000000000000000000000000000000000000000000|DARK|1|854|DISP=ACCEPT_INSTALL|DETAIL=rt3_A18F_0
0000000000000000000000000000000000000000000000000000000000000000|0000000000000000000000000000000000000000000000000000000000000000|0|3|rt4_TMB-5_A18F_0_0356.r24|2|1|RICH|856|0|2490|0000000000000000000000000000000000000000000000000000000000000000|DARK|1|856|DISP=ACCEPT_INSTALL|DETAIL=rt3_A18F_0
0000000000000000000000000000000000000000000000000000000000000000|0000000000000000000000000000000000000000000000000000000000000000|0|3|rt4_TMB-5_A18F_0_0357.r24|2|1|RICH|858|0|2490|0000000000000000000000000000000000000000000000000000000000000000|DARK|1|858|DISP=ACCEPT_INSTALL|DETAIL=rt3_A18F_0
0000000000000000000000000000000000000000000000000000000000000000|0000000000000000000000000000000000000000000000000000000000000000|0|3|rt4_TMB-5_A18F_0_0358.r24|2|1|RICH|574|0|2450|0000000000000000000000000000000000000000000000000000000000000000|DARK|1|574|DISP=ACCEPT_INSTALL|DETAIL=rt3_A18F_0
0000000000000000000000000000000000000000000000000000000000000000|0000000000000000000000000000000000000000000000000000000000000000|0|3|rt4_TMB-5_A18F_0_0359.r24|2|1|RICH|576|0|2450|0000000000000000000000000000000000000000000000000000000000000000|DARK|1|576|DISP=ACCEPT_INSTALL|DETAIL=rt3_A18F_0
0000000000000000000000000000000000000000000000000000000000000000|0000000000000000000000000000000000000000000000000000000000000000|0|3|rt4_TMB-5_A18F_0_0360.r24|2|1|RICH|860|0|2490|0000000000000000000000000000000000000000000000000000000000000000|DARK|1|860|DISP=ACCEPT_INSTALL|DETAIL=rt3_A18F_0
0000000000000000000000000000000000000000000000000000000000000000|0000000000000000000000000000000000000000000000000000000000000000|0|3|rt4_TMB-5_A18F_0_0361.r24|2|1|RICH|862|0|2490|0000000000000000000000000000000000000000000000000000000000000000|DARK|1|862|DISP=ACCEPT_INSTALL|DETAIL=rt3_A18F_0
0000000000000000000000000000000000000000000000000000000000000000|0000000000000000000000000000000000000000000000000000000000000000|0|3|rt4_TMB-5_A18F_0_0362.r24|2|1|RICH|864|0|2490|0000000000000000000000000000000000000000000000000000000000000000|DARK|1|864|DISP=ACCEPT_INSTALL|DETAIL=rt3_A18F_0
0000000000000000000000000000000000000000000000000000000000000000|0000000000000000000000000000000000000000000000000000000000000000|0|3|rt4_TMB-5_A18F_0_0363.r24|2|1|RICH|578|0|2450|0000000000000000000000000000000000000000000000000000000000000000|DARK|1|578|DISP=ACCEPT_INSTALL|DETAIL=rt3_A18F_0
0000000000000000000000000000000000000000000000000000000000000000|0000000000000000000000000000000000000000000000000000000000000000|0|3|rt4_TMB-5_A18F_0_0364.r24|2|1|RICH|580|0|2450|0000000000000000000000000000000000000000000000000000000000000000|DARK|1|580|DISP=ACCEPT_INSTALL|DETAIL=rt3_A18F_0
0000000000000000000000000000000000000000000000000000000000000000|0000000000000000000000000000000000000000000000000000000000000000|0|3|rt4_TMB-5_A18F_0_0365.r24|2|1|RICH|866|0|2490|0000000000000000000000000000000000000000000000000000000000000000|DARK|1|866|DISP=ACCEPT_INSTALL|DETAIL=rt3_A18F_0
0000000000000000000000000000000000000000000000000000000000000000|0000000000000000000000000000000000000000000000000000000000000000|0|3|rt4_TMB-5_A18F_0_0366.r24|2|1|RICH|868|0|2490|0000000000000000000000000000000000000000000000000000000000000000|DARK|1|868|DISP=ACCEPT_INSTALL|DETAIL=rt3_A18F_0
0000000000000000000000000000000000000000000000000000000000000000|0000000000000000000000000000000000000000000000000000000000000000|0|3|rt4_TMB-5_A18F_0_0367.r24|2|1|RICH|552|0|2500|0000000000000000000000000000000000000000000000000000000000000000|DARK|1|552|DISP=ACCEPT_INSTALL|DETAIL=rt3_A18F_0
0000000000000000000000000000000000000000000000000000000000000000|0000000000000000000000000000000000000000000000000000000000000000|0|3|rt4_TMB-5_A18F_0_0368.r24|2|1|RICH|582|0|2450|0000000000000000000000000000000000000000000000000000000000000000|DARK|1|582|DISP=ACCEPT_INSTALL|DETAIL=rt3_A18F_0
0000000000000000000000000000000000000000000000000000000000000000|0000000000000000000000000000000000000000000000000000000000000000|0|3|rt4_TMB-5_A18F_0_0369.r24|2|1|RICH|584|0|2450|0000000000000000000000000000000000000000000000000000000000000000|DARK|1|584|DISP=ACCEPT_INSTALL|DETAIL=rt3_A18F_0
0000000000000000000000000000000000000000000000000000000000000000|0000000000000000000000000000000000000000000000000000000000000000|0|3|rt4_TMB-5_A18F_0_0370.r24|2|1|RICH|554|0|2500|0000000000000000000000000000000000000000000000000000000000000000|DARK|1|554|DISP=ACCEPT_INSTALL|DETAIL=rt3_A18F_0
0000000000000000000000000000000000000000000000000000000000000000|0000000000000000000000000000000000000000000000000000000000000000|0|3|rt4_TMB-5_A18F_0_0371.r24|2|1|RICH|556|0|2500|0000000000000000000000000000000000000000000000000000000000000000|DARK|1|556|DISP=ACCEPT_INSTALL|DETAIL=rt3_A18F_0
0000000000000000000000000000000000000000000000000000000000000000|0000000000000000000000000000000000000000000000000000000000000000|0|3|rt4_TMB-5_A18F_0_0372.r24|2|1|RICH|558|0|2500|0000000000000000000000000000000000000000000000000000000000000000|DARK|1|558|DISP=ACCEPT_INSTALL|DETAIL=rt3_A18F_0
0000000000000000000000000000000000000000000000000000000000000000|0000000000000000000000000000000000000000000000000000000000000000|0|3|rt4_TMB-5_A18F_0_0373.r24|2|1|RICH|586|0|2450|0000000000000000000000000000000000000000000000000000000000000000|DARK|1|586|DISP=ACCEPT_INSTALL|DETAIL=rt3_A18F_0
0000000000000000000000000000000000000000000000000000000000000000|0000000000000000000000000000000000000000000000000000000000000000|0|3|rt4_TMB-5_A18F_0_0374.r24|2|1|RICH|588|0|2450|0000000000000000000000000000000000000000000000000000000000000000|DARK|1|588|DISP=ACCEPT_INSTALL|DETAIL=rt3_A18F_0
0000000000000000000000000000000000000000000000000000000000000000|0000000000000000000000000000000000000000000000000000000000000000|0|3|rt4_TMB-5_A18F_0_0375.r24|2|1|RICH|560|0|2500|0000000000000000000000000000000000000000000000000000000000000000|DARK|1|560|DISP=ACCEPT_INSTALL|DETAIL=rt3_A18F_0
0000000000000000000000000000000000000000000000000000000000000000|0000000000000000000000000000000000000000000000000000000000000000|0|3|rt4_TMB-5_A18F_0_0376.r24|2|1|RICH|562|0|2500|0000000000000000000000000000000000000000000000000000000000000000|DARK|1|562|DISP=ACCEPT_INSTALL|DETAIL=rt3_A18F_0
0000000000000000000000000000000000000000000000000000000000000000|0000000000000000000000000000000000000000000000000000000000000000|0|3|rt4_TMB-5_A18F_0_0377.r24|2|1|RICH|564|0|2500|0000000000000000000000000000000000000000000000000000000000000000|DARK|1|564|DISP=ACCEPT_INSTALL|DETAIL=rt3_A18F_0
0000000000000000000000000000000000000000000000000000000000000000|0000000000000000000000000000000000000000000000000000000000000000|0|3|rt4_TMB-5_A18F_0_0378.r24|2|1|RICH|590|0|2450|0000000000000000000000000000000000000000000000000000000000000000|DARK|1|590|DISP=ACCEPT_INSTALL|DETAIL=rt3_A18F_0
0000000000000000000000000000000000000000000000000000000000000000|0000000000000000000000000000000000000000000000000000000000000000|0|3|rt4_TMB-5_A18F_0_0379.r24|2|1|RICH|592|0|2450|0000000000000000000000000000000000000000000000000000000000000000|DARK|1|592|DISP=ACCEPT_INSTALL|DETAIL=rt3_A18F_0
0000000000000000000000000000000000000000000000000000000000000000|0000000000000000000000000000000000000000000000000000000000000000|0|3|rt4_TMB-5_A18F_0_0380.r24|2|1|RICH|566|0|2500|0000000000000000000000000000000000000000000000000000000000000000|DARK|1|566|DISP=ACCEPT_INSTALL|DETAIL=rt3_A18F_0
0000000000000000000000000000000000000000000000000000000000000000|0000000000000000000000000000000000000000000000000000000000000000|0|3|rt4_TMB-5_A18F_0_0381.r24|2|1|RICH|568|0|2500|0000000000000000000000000000000000000000000000000000000000000000|DARK|1|568|DISP=ACCEPT_INSTALL|DETAIL=rt3_A18F_0
0000000000000000000000000000000000000000000000000000000000000000|0000000000000000000000000000000000000000000000000000000000000000|0|3|rt4_TMB-5_A18F_0_0382.r24|2|1|RICH|570|0|2500|0000000000000000000000000000000000000000000000000000000000000000|DARK|1|570|DISP=ACCEPT_INSTALL|DETAIL=rt3_A18F_0
0000000000000000000000000000000000000000000000000000000000000000|0000000000000000000000000000000000000000000000000000000000000000|0|3|rt4_TMB-5_A18F_0_0383.r24|2|1|RICH|594|0|2450|0000000000000000000000000000000000000000000000000000000000000000|DARK|1|594|DISP=ACCEPT_INSTALL|DETAIL=rt3_A18F_0
0000000000000000000000000000000000000000000000000000000000000000|0000000000000000000000000000000000000000000000000000000000000000|0|3|rt4_TMB-5_A18F_0_0384.r24|2|1|RICH|826|0|2450|0000000000000000000000000000000000000000000000000000000000000000|DARK|1|826|DISP=ACCEPT_INSTALL|DETAIL=rt3_A18F_0
0000000000000000000000000000000000000000000000000000000000000000|0000000000000000000000000000000000000000000000000000000000000000|0|3|rt4_TMB-5_A18F_0_0385.r24|2|1|RICH|850|0|2500|0000000000000000000000000000000000000000000000000000000000000000|DARK|1|850|DISP=ACCEPT_INSTALL|DETAIL=rt3_A18F_0
0000000000000000000000000000000000000000000000000000000000000000|0000000000000000000000000000000000000000000000000000000000000000|0|3|rt4_TMB-5_A18F_0_0386.r24|2|1|RICH|852|0|2500|0000000000000000000000000000000000000000000000000000000000000000|DARK|1|852|DISP=ACCEPT_INSTALL|DETAIL=rt3_A18F_0
0000000000000000000000000000000000000000000000000000000000000000|0000000000000000000000000000000000000000000000000000000000000000|0|3|rt4_TMB-5_A18F_0_0387.r24|2|1|RICH|854|0|2500|0000000000000000000000000000000000000000000000000000000000000000|DARK|1|854|DISP=ACCEPT_INSTALL|DETAIL=rt3_A18F_0
0000000000000000000000000000000000000000000000000000000000000000|0000000000000000000000000000000000000000000000000000000000000000|0|3|rt4_TMB-5_A18F_0_0388.r24|2|1|RICH|828|0|2450|0000000000000000000000000000000000000000000000000000000000000000|DARK|1|828|DISP=ACCEPT_INSTALL|DETAIL=rt3_A18F_0
0000000000000000000000000000000000000000000000000000000000000000|0000000000000000000000000000000000000000000000000000000000000000|0|3|rt4_TMB-5_A18F_0_0389.r24|2|1|RICH|830|0|2450|0000000000000000000000000000000000000000000000000000000000000000|DARK|1|830|DISP=ACCEPT_INSTALL|DETAIL=rt3_A18F_0
0000000000000000000000000000000000000000000000000000000000000000|0000000000000000000000000000000000000000000000000000000000000000|0|3|rt4_TMB-5_A18F_0_0390.r24|2|1|RICH|856|0|2500|0000000000000000000000000000000000000000000000000000000000000000|DARK|1|856|DISP=ACCEPT_INSTALL|DETAIL=rt3_A18F_0
0000000000000000000000000000000000000000000000000000000000000000|0000000000000000000000000000000000000000000000000000000000000000|0|3|rt4_TMB-5_A18F_0_0391.r24|2|1|RICH|858|0|2500|0000000000000000000000000000000000000000000000000000000000000000|DARK|1|858|DISP=ACCEPT_INSTALL|DETAIL=rt3_A18F_0
0000000000000000000000000000000000000000000000000000000000000000|0000000000000000000000000000000000000000000000000000000000000000|0|3|rt4_TMB-5_A18F_0_0392.r24|2|1|RICH|860|0|2500|0000000000000000000000000000000000000000000000000000000000000000|DARK|1|860|DISP=ACCEPT_INSTALL|DETAIL=rt3_A18F_0
0000000000000000000000000000000000000000000000000000000000000000|0000000000000000000000000000000000000000000000000000000000000000|0|3|rt4_TMB-5_A18F_0_0393.r24|2|1|RICH|832|0|2450|0000000000000000000000000000000000000000000000000000000000000000|DARK|1|832|DISP=ACCEPT_INSTALL|DETAIL=rt3_A18F_0
0000000000000000000000000000000000000000000000000000000000000000|0000000000000000000000000000000000000000000000000000000000000000|0|3|rt4_TMB-5_A18F_0_0394.r24|2|1|RICH|834|0|2450|0000000000000000000000000000000000000000000000000000000000000000|DARK|1|834|DISP=ACCEPT_INSTALL|DETAIL=rt3_A18F_0
0000000000000000000000000000000000000000000000000000000000000000|0000000000000000000000000000000000000000000000000000000000000000|0|3|rt4_TMB-5_A18F_0_0395.r24|2|1|RICH|862|0|2500|0000000000000000000000000000000000000000000000000000000000000000|DARK|1|862|DISP=ACCEPT_INSTALL|DETAIL=rt3_A18F_0
0000000000000000000000000000000000000000000000000000000000000000|0000000000000000000000000000000000000000000000000000000000000000|0|3|rt4_TMB-5_A18F_0_0396.r24|2|1|RICH|864|0|2500|0000000000000000000000000000000000000000000000000000000000000000|DARK|1|864|DISP=ACCEPT_INSTALL|DETAIL=rt3_A18F_0
0000000000000000000000000000000000000000000000000000000000000000|0000000000000000000000000000000000000000000000000000000000000000|0|3|rt4_TMB-5_A18F_0_0397.r24|2|1|RICH|866|0|2500|0000000000000000000000000000000000000000000000000000000000000000|DARK|1|866|DISP=ACCEPT_INSTALL|DETAIL=rt3_A18F_0
0000000000000000000000000000000000000000000000000000000000000000|0000000000000000000000000000000000000000000000000000000000000000|0|3|rt4_TMB-5_A18F_0_0398.r24|2|1|RICH|836|0|2450|0000000000000000000000000000000000000000000000000000000000000000|DARK|1|836|DISP=ACCEPT_INSTALL|DETAIL=rt3_A18F_0
0000000000000000000000000000000000000000000000000000000000000000|0000000000000000000000000000000000000000000000000000000000000000|0|3|rt4_TMB-5_A18F_0_0399.r24|2|1|RICH|838|0|2450|0000000000000000000000000000000000000000000000000000000000000000|DARK|1|838|DISP=ACCEPT_INSTALL|DETAIL=rt3_A18F_0
0000000000000000000000000000000000000000000000000000000000000000|0000000000000000000000000000000000000000000000000000000000000000|0|3|rt4_TMB-5_A18F_0_0400.r24|2|1|RICH|868|0|2500|0000000000000000000000000000000000000000000000000000000000000000|DARK|1|868|DISP=ACCEPT_INSTALL|DETAIL=rt3_A18F_0
0000000000000000000000000000000000000000000000000000000000000000|0000000000000000000000000000000000000000000000000000000000000000|0|3|rt4_TMB-5_A18F_0_0401.r24|2|1|RICH|552|0|2510|0000000000000000000000000000000000000000000000000000000000000000|DARK|1|552|DISP=ACCEPT_INSTALL|DETAIL=rt3_A18F_0
0000000000000000000000000000000000000000000000000000000000000000|0000000000000000000000000000000000000000000000000000000000000000|0|3|rt4_TMB-5_A18F_0_0402.r24|2|1|RICH|554|0|2510|0000000000000000000000000000000000000000000000000000000000000000|DARK|1|554|DISP=ACCEPT_INSTALL|DETAIL=rt3_A18F_0
0000000000000000000000000000000000000000000000000000000000000000|0000000000000000000000000000000000000000000000000000000000000000|0|3|rt4_TMB-5_A18F_0_0403.r24|2|1|RICH|840|0|2450|0000000000000000000000000000000000000000000000000000000000000000|DARK|1|840|DISP=ACCEPT_INSTALL|DETAIL=rt3_A18F_0
0000000000000000000000000000000000000000000000000000000000000000|0000000000000000000000000000000000000000000000000000000000000000|0|3|rt4_TMB-5_A18F_0_0404.r24|2|1|RICH|842|0|2450|0000000000000000000000000000000000000000000000000000000000000000|DARK|1|842|DISP=ACCEPT_INSTALL|DETAIL=rt3_A18F_0
0000000000000000000000000000000000000000000000000000000000000000|0000000000000000000000000000000000000000000000000000000000000000|0|3|rt4_TMB-5_A18F_0_0405.r24|2|1|RICH|556|0|2510|0000000000000000000000000000000000000000000000000000000000000000|DARK|1|556|DISP=ACCEPT_INSTALL|DETAIL=rt3_A18F_0
0000000000000000000000000000000000000000000000000000000000000000|0000000000000000000000000000000000000000000000000000000000000000|0|3|rt4_TMB-5_A18F_0_0406.r24|2|1|RICH|558|0|2510|0000000000000000000000000000000000000000000000000000000000000000|DARK|1|558|DISP=ACCEPT_INSTALL|DETAIL=rt3_A18F_0
0000000000000000000000000000000000000000000000000000000000000000|0000000000000000000000000000000000000000000000000000000000000000|0|3|rt4_TMB-5_A18F_0_0407.r24|2|1|RICH|560|0|2510|0000000000000000000000000000000000000000000000000000000000000000|DARK|1|560|DISP=ACCEPT_INSTALL|DETAIL=rt3_A18F_0
0000000000000000000000000000000000000000000000000000000000000000|0000000000000000000000000000000000000000000000000000000000000000|0|3|rt4_TMB-5_A18F_0_0408.r24|2|1|RICH|844|0|2450|0000000000000000000000000000000000000000000000000000000000000000|DARK|1|844|DISP=ACCEPT_INSTALL|DETAIL=rt3_A18F_0
0000000000000000000000000000000000000000000000000000000000000000|0000000000000000000000000000000000000000000000000000000000000000|0|3|rt4_TMB-5_A18F_0_0409.r24|2|1|RICH|846|0|2450|0000000000000000000000000000000000000000000000000000000000000000|DARK|1|846|DISP=ACCEPT_INSTALL|DETAIL=rt3_A18F_0
0000000000000000000000000000000000000000000000000000000000000000|0000000000000000000000000000000000000000000000000000000000000000|0|3|rt4_TMB-5_A18F_0_0410.r24|2|1|RICH|562|0|2510|0000000000000000000000000000000000000000000000000000000000000000|DARK|1|562|DISP=ACCEPT_INSTALL|DETAIL=rt3_A18F_0
0000000000000000000000000000000000000000000000000000000000000000|0000000000000000000000000000000000000000000000000000000000000000|0|3|rt4_TMB-5_A18F_0_0411.r24|2|1|RICH|564|0|2510|0000000000000000000000000000000000000000000000000000000000000000|DARK|1|564|DISP=ACCEPT_INSTALL|DETAIL=rt3_A18F_0
0000000000000000000000000000000000000000000000000000000000000000|0000000000000000000000000000000000000000000000000000000000000000|0|3|rt4_TMB-5_A18F_0_0412.r24|2|1|RICH|566|0|2510|0000000000000000000000000000000000000000000000000000000000000000|DARK|1|566|DISP=ACCEPT_INSTALL|DETAIL=rt3_A18F_0
0000000000000000000000000000000000000000000000000000000000000000|0000000000000000000000000000000000000000000000000000000000000000|0|3|rt4_TMB-5_A18F_0_0413.r24|2|1|RICH|848|0|2450|0000000000000000000000000000000000000000000000000000000000000000|DARK|1|848|DISP=ACCEPT_INSTALL|DETAIL=rt3_A18F_0
0000000000000000000000000000000000000000000000000000000000000000|0000000000000000000000000000000000000000000000000000000000000000|0|3|rt4_TMB-5_A18F_0_0414.r24|2|1|RICH|572|0|2460|0000000000000000000000000000000000000000000000000000000000000000|DARK|1|572|DISP=ACCEPT_INSTALL|DETAIL=rt3_A18F_0
0000000000000000000000000000000000000000000000000000000000000000|0000000000000000000000000000000000000000000000000000000000000000|0|3|rt4_TMB-5_A18F_0_0415.r24|2|1|RICH|568|0|2510|0000000000000000000000000000000000000000000000000000000000000000|DARK|1|568|DISP=ACCEPT_INSTALL|DETAIL=rt3_A18F_0
0000000000000000000000000000000000000000000000000000000000000000|0000000000000000000000000000000000000000000000000000000000000000|0|3|rt4_TMB-5_A18F_0_0416.r24|2|1|RICH|570|0|2510|0000000000000000000000000000000000000000000000000000000000000000|DARK|1|570|DISP=ACCEPT_INSTALL|DETAIL=rt3_A18F_0
0000000000000000000000000000000000000000000000000000000000000000|0000000000000000000000000000000000000000000000000000000000000000|0|3|rt4_TMB-5_A18F_0_0417.r24|2|1|RICH|850|0|2510|0000000000000000000000000000000000000000000000000000000000000000|DARK|1|850|DISP=ACCEPT_INSTALL|DETAIL=rt3_A18F_0
0000000000000000000000000000000000000000000000000000000000000000|0000000000000000000000000000000000000000000000000000000000000000|0|3|rt4_TMB-5_A18F_0_0418.r24|2|1|RICH|574|0|2460|0000000000000000000000000000000000000000000000000000000000000000|DARK|1|574|DISP=ACCEPT_INSTALL|DETAIL=rt3_A18F_0
0000000000000000000000000000000000000000000000000000000000000000|0000000000000000000000000000000000000000000000000000000000000000|0|3|rt4_TMB-5_A18F_0_0419.r24|2|1|RICH|576|0|2460|0000000000000000000000000000000000000000000000000000000000000000|DARK|1|576|DISP=ACCEPT_INSTALL|DETAIL=rt3_A18F_0
0000000000000000000000000000000000000000000000000000000000000000|0000000000000000000000000000000000000000000000000000000000000000|0|3|rt4_TMB-5_A18F_0_0420.r24|2|1|RICH|852|0|2510|0000000000000000000000000000000000000000000000000000000000000000|DARK|1|852|DISP=ACCEPT_INSTALL|DETAIL=rt3_A18F_0
0000000000000000000000000000000000000000000000000000000000000000|0000000000000000000000000000000000000000000000000000000000000000|0|3|rt4_TMB-5_A18F_0_0421.r24|2|1|RICH|854|0|2510|0000000000000000000000000000000000000000000000000000000000000000|DARK|1|854|DISP=ACCEPT_INSTALL|DETAIL=rt3_A18F_0
0000000000000000000000000000000000000000000000000000000000000000|0000000000000000000000000000000000000000000000000000000000000000|0|3|rt4_TMB-5_A18F_0_0422.r24|2|1|RICH|856|0|2510|0000000000000000000000000000000000000000000000000000000000000000|DARK|1|856|DISP=ACCEPT_INSTALL|DETAIL=rt3_A18F_0
0000000000000000000000000000000000000000000000000000000000000000|0000000000000000000000000000000000000000000000000000000000000000|0|3|rt4_TMB-5_A18F_0_0423.r24|2|1|RICH|578|0|2460|0000000000000000000000000000000000000000000000000000000000000000|DARK|1|578|DISP=ACCEPT_INSTALL|DETAIL=rt3_A18F_0
0000000000000000000000000000000000000000000000000000000000000000|0000000000000000000000000000000000000000000000000000000000000000|0|3|rt4_TMB-5_A18F_0_0424.r24|2|1|RICH|580|0|2460|0000000000000000000000000000000000000000000000000000000000000000|DARK|1|580|DISP=ACCEPT_INSTALL|DETAIL=rt3_A18F_0
0000000000000000000000000000000000000000000000000000000000000000|0000000000000000000000000000000000000000000000000000000000000000|0|3|rt4_TMB-5_A18F_0_0425.r24|2|1|RICH|858|0|2510|0000000000000000000000000000000000000000000000000000000000000000|DARK|1|858|DISP=ACCEPT_INSTALL|DETAIL=rt3_A18F_0
0000000000000000000000000000000000000000000000000000000000000000|0000000000000000000000000000000000000000000000000000000000000000|0|3|rt4_TMB-5_A18F_0_0426.r24|2|1|RICH|860|0|2510|0000000000000000000000000000000000000000000000000000000000000000|DARK|1|860|DISP=ACCEPT_INSTALL|DETAIL=rt3_A18F_0
0000000000000000000000000000000000000000000000000000000000000000|0000000000000000000000000000000000000000000000000000000000000000|0|3|rt4_TMB-5_A18F_0_0427.r24|2|1|RICH|862|0|2510|0000000000000000000000000000000000000000000000000000000000000000|DARK|1|862|DISP=ACCEPT_INSTALL|DETAIL=rt3_A18F_0
0000000000000000000000000000000000000000000000000000000000000000|0000000000000000000000000000000000000000000000000000000000000000|0|3|rt4_TMB-5_A18F_0_0428.r24|2|1|RICH|582|0|2460|0000000000000000000000000000000000000000000000000000000000000000|DARK|1|582|DISP=ACCEPT_INSTALL|DETAIL=rt3_A18F_0
0000000000000000000000000000000000000000000000000000000000000000|0000000000000000000000000000000000000000000000000000000000000000|0|3|rt4_TMB-5_A18F_0_0429.r24|2|1|RICH|584|0|2460|0000000000000000000000000000000000000000000000000000000000000000|DARK|1|584|DISP=ACCEPT_INSTALL|DETAIL=rt3_A18F_0
0000000000000000000000000000000000000000000000000000000000000000|0000000000000000000000000000000000000000000000000000000000000000|0|3|rt4_TMB-5_A18F_0_0430.r24|2|1|RICH|864|0|2510|0000000000000000000000000000000000000000000000000000000000000000|DARK|1|864|DISP=ACCEPT_INSTALL|DETAIL=rt3_A18F_0
0000000000000000000000000000000000000000000000000000000000000000|0000000000000000000000000000000000000000000000000000000000000000|0|3|rt4_TMB-5_A18F_0_0431.r24|2|1|RICH|866|0|2510|0000000000000000000000000000000000000000000000000000000000000000|DARK|1|866|DISP=ACCEPT_INSTALL|DETAIL=rt3_A18F_0
0000000000000000000000000000000000000000000000000000000000000000|0000000000000000000000000000000000000000000000000000000000000000|0|3|rt4_TMB-5_A18F_0_0432.r24|2|1|RICH|868|0|2510|0000000000000000000000000000000000000000000000000000000000000000|DARK|1|868|DISP=ACCEPT_INSTALL|DETAIL=rt3_A18F_0
0000000000000000000000000000000000000000000000000000000000000000|0000000000000000000000000000000000000000000000000000000000000000|0|3|rt4_TMB-5_A18F_0_0433.r24|2|1|RICH|586|0|2460|0000000000000000000000000000000000000000000000000000000000000000|DARK|1|586|DISP=ACCEPT_INSTALL|DETAIL=rt3_A18F_0
0000000000000000000000000000000000000000000000000000000000000000|0000000000000000000000000000000000000000000000000000000000000000|0|3|rt4_TMB-5_A18F_0_0434.r24|2|1|RICH|588|0|2460|0000000000000000000000000000000000000000000000000000000000000000|DARK|1|588|DISP=ACCEPT_INSTALL|DETAIL=rt3_A18F_0
0000000000000000000000000000000000000000000000000000000000000000|0000000000000000000000000000000000000000000000000000000000000000|0|3|rt4_TMB-5_A18F_0_0435.r24|2|1|RICH|552|0|2520|0000000000000000000000000000000000000000000000000000000000000000|DARK|1|552|DISP=ACCEPT_INSTALL|DETAIL=rt3_A18F_0
0000000000000000000000000000000000000000000000000000000000000000|0000000000000000000000000000000000000000000000000000000000000000|0|3|rt4_TMB-5_A18F_0_0436.r24|2|1|RICH|554|0|2520|0000000000000000000000000000000000000000000000000000000000000000|DARK|1|554|DISP=ACCEPT_INSTALL|DETAIL=rt3_A18F_0
0000000000000000000000000000000000000000000000000000000000000000|0000000000000000000000000000000000000000000000000000000000000000|0|3|rt4_TMB-5_A18F_0_0437.r24|2|1|RICH|556|0|2520|0000000000000000000000000000000000000000000000000000000000000000|DARK|1|556|DISP=ACCEPT_INSTALL|DETAIL=rt3_A18F_0
0000000000000000000000000000000000000000000000000000000000000000|0000000000000000000000000000000000000000000000000000000000000000|0|3|rt4_TMB-5_A18F_0_0438.r24|2|1|RICH|590|0|2460|0000000000000000000000000000000000000000000000000000000000000000|DARK|1|590|DISP=ACCEPT_INSTALL|DETAIL=rt3_A18F_0
0000000000000000000000000000000000000000000000000000000000000000|0000000000000000000000000000000000000000000000000000000000000000|0|3|rt4_TMB-5_A18F_0_0439.r24|2|1|RICH|592|0|2460|0000000000000000000000000000000000000000000000000000000000000000|DARK|1|592|DISP=ACCEPT_INSTALL|DETAIL=rt3_A18F_0
0000000000000000000000000000000000000000000000000000000000000000|0000000000000000000000000000000000000000000000000000000000000000|0|3|rt4_TMB-5_A18F_0_0440.r24|2|1|RICH|558|0|2520|0000000000000000000000000000000000000000000000000000000000000000|DARK|1|558|DISP=ACCEPT_INSTALL|DETAIL=rt3_A18F_0
0000000000000000000000000000000000000000000000000000000000000000|0000000000000000000000000000000000000000000000000000000000000000|0|3|rt4_TMB-5_A18F_0_0441.r24|2|1|RICH|560|0|2520|0000000000000000000000000000000000000000000000000000000000000000|DARK|1|560|DISP=ACCEPT_INSTALL|DETAIL=rt3_A18F_0
0000000000000000000000000000000000000000000000000000000000000000|0000000000000000000000000000000000000000000000000000000000000000|0|3|rt4_TMB-5_A18F_0_0442.r24|2|1|RICH|562|0|2520|0000000000000000000000000000000000000000000000000000000000000000|DARK|1|562|DISP=ACCEPT_INSTALL|DETAIL=rt3_A18F_0
0000000000000000000000000000000000000000000000000000000000000000|0000000000000000000000000000000000000000000000000000000000000000|0|3|rt4_TMB-5_A18F_0_0443.r24|2|1|RICH|594|0|2460|0000000000000000000000000000000000000000000000000000000000000000|DARK|1|594|DISP=ACCEPT_INSTALL|DETAIL=rt3_A18F_0
0000000000000000000000000000000000000000000000000000000000000000|0000000000000000000000000000000000000000000000000000000000000000|0|3|rt4_TMB-5_A18F_0_0444.r24|2|1|RICH|826|0|2460|0000000000000000000000000000000000000000000000000000000000000000|DARK|1|826|DISP=ACCEPT_INSTALL|DETAIL=rt3_A18F_0
0000000000000000000000000000000000000000000000000000000000000000|0000000000000000000000000000000000000000000000000000000000000000|0|3|rt4_TMB-5_A18F_0_0445.r24|2|1|RICH|564|0|2520|0000000000000000000000000000000000000000000000000000000000000000|DARK|1|564|DISP=ACCEPT_INSTALL|DETAIL=rt3_A18F_0
0000000000000000000000000000000000000000000000000000000000000000|0000000000000000000000000000000000000000000000000000000000000000|0|3|rt4_TMB-5_A18F_0_0446.r24|2|1|RICH|566|0|2520|0000000000000000000000000000000000000000000000000000000000000000|DARK|1|566|DISP=ACCEPT_INSTALL|DETAIL=rt3_A18F_0
0000000000000000000000000000000000000000000000000000000000000000|0000000000000000000000000000000000000000000000000000000000000000|0|3|rt4_TMB-5_A18F_0_0447.r24|2|1|RICH|568|0|2520|0000000000000000000000000000000000000000000000000000000000000000|DARK|1|568|DISP=ACCEPT_INSTALL|DETAIL=rt3_A18F_0
0000000000000000000000000000000000000000000000000000000000000000|0000000000000000000000000000000000000000000000000000000000000000|0|3|rt4_TMB-5_A18F_0_0448.r24|2|1|RICH|828|0|2460|0000000000000000000000000000000000000000000000000000000000000000|DARK|1|828|DISP=ACCEPT_INSTALL|DETAIL=rt3_A18F_0
0000000000000000000000000000000000000000000000000000000000000000|0000000000000000000000000000000000000000000000000000000000000000|0|3|rt4_TMB-5_A18F_0_0449.r24|2|1|RICH|830|0|2460|0000000000000000000000000000000000000000000000000000000000000000|DARK|1|830|DISP=ACCEPT_INSTALL|DETAIL=rt3_A18F_0
0000000000000000000000000000000000000000000000000000000000000000|0000000000000000000000000000000000000000000000000000000000000000|0|3|rt4_TMB-5_A18F_0_0450.r24|2|1|RICH|570|0|2520|0000000000000000000000000000000000000000000000000000000000000000|DARK|1|570|DISP=ACCEPT_INSTALL|DETAIL=rt3_A18F_0
0000000000000000000000000000000000000000000000000000000000000000|0000000000000000000000000000000000000000000000000000000000000000|0|3|rt4_TMB-5_A18F_0_0451.r24|2|1|RICH|850|0|2520|0000000000000000000000000000000000000000000000000000000000000000|DARK|1|850|DISP=ACCEPT_INSTALL|DETAIL=rt3_A18F_0
0000000000000000000000000000000000000000000000000000000000000000|0000000000000000000000000000000000000000000000000000000000000000|0|3|rt4_TMB-5_A18F_0_0452.r24|2|1|RICH|852|0|2520|0000000000000000000000000000000000000000000000000000000000000000|DARK|1|852|DISP=ACCEPT_INSTALL|DETAIL=rt3_A18F_0
0000000000000000000000000000000000000000000000000000000000000000|0000000000000000000000000000000000000000000000000000000000000000|0|3|rt4_TMB-5_A18F_0_0453.r24|2|1|RICH|832|0|2460|0000000000000000000000000000000000000000000000000000000000000000|DARK|1|832|DISP=ACCEPT_INSTALL|DETAIL=rt3_A18F_0
0000000000000000000000000000000000000000000000000000000000000000|0000000000000000000000000000000000000000000000000000000000000000|0|3|rt4_TMB-5_A18F_0_0454.r24|2|1|RICH|834|0|2460|0000000000000000000000000000000000000000000000000000000000000000|DARK|1|834|DISP=ACCEPT_INSTALL|DETAIL=rt3_A18F_0
0000000000000000000000000000000000000000000000000000000000000000|0000000000000000000000000000000000000000000000000000000000000000|0|3|rt4_TMB-5_A18F_0_0455.r24|2|1|RICH|854|0|2520|0000000000000000000000000000000000000000000000000000000000000000|DARK|1|854|DISP=ACCEPT_INSTALL|DETAIL=rt3_A18F_0
0000000000000000000000000000000000000000000000000000000000000000|0000000000000000000000000000000000000000000000000000000000000000|0|3|rt4_TMB-5_A18F_0_0456.r24|2|1|RICH|856|0|2520|0000000000000000000000000000000000000000000000000000000000000000|DARK|1|856|DISP=ACCEPT_INSTALL|DETAIL=rt3_A18F_0
0000000000000000000000000000000000000000000000000000000000000000|0000000000000000000000000000000000000000000000000000000000000000|0|3|rt4_TMB-5_A18F_0_0457.r24|2|1|RICH|858|0|2520|0000000000000000000000000000000000000000000000000000000000000000|DARK|1|858|DISP=ACCEPT_INSTALL|DETAIL=rt3_A18F_0
0000000000000000000000000000000000000000000000000000000000000000|0000000000000000000000000000000000000000000000000000000000000000|0|3|rt4_TMB-5_A18F_0_0458.r24|2|1|RICH|836|0|2460|0000000000000000000000000000000000000000000000000000000000000000|DARK|1|836|DISP=ACCEPT_INSTALL|DETAIL=rt3_A18F_0
0000000000000000000000000000000000000000000000000000000000000000|0000000000000000000000000000000000000000000000000000000000000000|0|3|rt4_TMB-5_A18F_0_0459.r24|2|1|RICH|838|0|2460|0000000000000000000000000000000000000000000000000000000000000000|DARK|1|838|DISP=ACCEPT_INSTALL|DETAIL=rt3_A18F_0
0000000000000000000000000000000000000000000000000000000000000000|0000000000000000000000000000000000000000000000000000000000000000|0|3|rt4_TMB-5_A18F_0_0460.r24|2|1|RICH|860|0|2520|0000000000000000000000000000000000000000000000000000000000000000|DARK|1|860|DISP=ACCEPT_INSTALL|DETAIL=rt3_A18F_0
0000000000000000000000000000000000000000000000000000000000000000|0000000000000000000000000000000000000000000000000000000000000000|0|3|rt4_TMB-5_A18F_0_0461.r24|2|1|RICH|862|0|2520|0000000000000000000000000000000000000000000000000000000000000000|DARK|1|862|DISP=ACCEPT_INSTALL|DETAIL=rt3_A18F_0
0000000000000000000000000000000000000000000000000000000000000000|0000000000000000000000000000000000000000000000000000000000000000|0|3|rt4_TMB-5_A18F_0_0462.r24|2|1|RICH|864|0|2520|0000000000000000000000000000000000000000000000000000000000000000|DARK|1|864|DISP=ACCEPT_INSTALL|DETAIL=rt3_A18F_0
0000000000000000000000000000000000000000000000000000000000000000|0000000000000000000000000000000000000000000000000000000000000000|0|3|rt4_TMB-5_A18F_0_0463.r24|2|1|RICH|840|0|2460|0000000000000000000000000000000000000000000000000000000000000000|DARK|1|840|DISP=ACCEPT_INSTALL|DETAIL=rt3_A18F_0
0000000000000000000000000000000000000000000000000000000000000000|0000000000000000000000000000000000000000000000000000000000000000|0|3|rt4_TMB-5_A18F_0_0464.r24|2|1|RICH|842|0|2460|0000000000000000000000000000000000000000000000000000000000000000|DARK|1|842|DISP=ACCEPT_INSTALL|DETAIL=rt3_A18F_0
0000000000000000000000000000000000000000000000000000000000000000|0000000000000000000000000000000000000000000000000000000000000000|0|3|rt4_TMB-5_A18F_0_0465.r24|2|1|RICH|866|0|2520|0000000000000000000000000000000000000000000000000000000000000000|DARK|1|866|DISP=ACCEPT_INSTALL|DETAIL=rt3_A18F_0
0000000000000000000000000000000000000000000000000000000000000000|0000000000000000000000000000000000000000000000000000000000000000|0|3|rt4_TMB-5_A18F_0_0466.r24|2|1|RICH|868|0|2520|0000000000000000000000000000000000000000000000000000000000000000|DARK|1|868|DISP=ACCEPT_INSTALL|DETAIL=rt3_A18F_0
0000000000000000000000000000000000000000000000000000000000000000|0000000000000000000000000000000000000000000000000000000000000000|0|3|rt4_TMB-5_A18F_0_0467.r24|2|1|RICH|552|0|2530|0000000000000000000000000000000000000000000000000000000000000000|DARK|1|552|DISP=ACCEPT_INSTALL|DETAIL=rt3_A18F_0
0000000000000000000000000000000000000000000000000000000000000000|0000000000000000000000000000000000000000000000000000000000000000|0|3|rt4_TMB-5_A18F_0_0468.r24|2|1|RICH|844|0|2460|0000000000000000000000000000000000000000000000000000000000000000|DARK|1|844|DISP=ACCEPT_INSTALL|DETAIL=rt3_A18F_0
0000000000000000000000000000000000000000000000000000000000000000|0000000000000000000000000000000000000000000000000000000000000000|0|3|rt4_TMB-5_A18F_0_0469.r24|2|1|RICH|846|0|2460|0000000000000000000000000000000000000000000000000000000000000000|DARK|1|846|DISP=ACCEPT_INSTALL|DETAIL=rt3_A18F_0
0000000000000000000000000000000000000000000000000000000000000000|0000000000000000000000000000000000000000000000000000000000000000|0|3|rt4_TMB-5_A18F_0_0470.r24|2|1|RICH|554|0|2530|0000000000000000000000000000000000000000000000000000000000000000|DARK|1|554|DISP=ACCEPT_INSTALL|DETAIL=rt3_A18F_0
0000000000000000000000000000000000000000000000000000000000000000|0000000000000000000000000000000000000000000000000000000000000000|0|3|rt4_TMB-5_A18F_0_0471.r24|2|1|RICH|556|0|2530|0000000000000000000000000000000000000000000000000000000000000000|DARK|1|556|DISP=ACCEPT_INSTALL|DETAIL=rt3_A18F_0
0000000000000000000000000000000000000000000000000000000000000000|0000000000000000000000000000000000000000000000000000000000000000|0|3|rt4_TMB-5_A18F_0_0472.r24|2|1|RICH|558|0|2530|0000000000000000000000000000000000000000000000000000000000000000|DARK|1|558|DISP=ACCEPT_INSTALL|DETAIL=rt3_A18F_0
0000000000000000000000000000000000000000000000000000000000000000|0000000000000000000000000000000000000000000000000000000000000000|0|3|rt4_TMB-5_A18F_0_0473.r24|2|1|RICH|848|0|2460|0000000000000000000000000000000000000000000000000000000000000000|DARK|1|848|DISP=ACCEPT_INSTALL|DETAIL=rt3_A18F_0
0000000000000000000000000000000000000000000000000000000000000000|0000000000000000000000000000000000000000000000000000000000000000|0|3|rt4_TMB-5_A18F_0_0474.r24|2|1|RICH|572|0|2470|0000000000000000000000000000000000000000000000000000000000000000|DARK|1|572|DISP=ACCEPT_INSTALL|DETAIL=rt3_A18F_0
0000000000000000000000000000000000000000000000000000000000000000|0000000000000000000000000000000000000000000000000000000000000000|0|3|rt4_TMB-5_A18F_0_0475.r24|2|1|RICH|560|0|2530|0000000000000000000000000000000000000000000000000000000000000000|DARK|1|560|DISP=ACCEPT_INSTALL|DETAIL=rt3_A18F_0
0000000000000000000000000000000000000000000000000000000000000000|0000000000000000000000000000000000000000000000000000000000000000|0|3|rt4_TMB-5_A18F_0_0476.r24|2|1|RICH|562|0|2530|0000000000000000000000000000000000000000000000000000000000000000|DARK|1|562|DISP=ACCEPT_INSTALL|DETAIL=rt3_A18F_0
0000000000000000000000000000000000000000000000000000000000000000|0000000000000000000000000000000000000000000000000000000000000000|0|3|rt4_TMB-5_A18F_0_0477.r24|2|1|RICH|564|0|2530|0000000000000000000000000000000000000000000000000000000000000000|DARK|1|564|DISP=ACCEPT_INSTALL|DETAIL=rt3_A18F_0
0000000000000000000000000000000000000000000000000000000000000000|0000000000000000000000000000000000000000000000000000000000000000|0|3|rt4_TMB-5_A18F_0_0478.r24|2|1|RICH|574|0|2470|0000000000000000000000000000000000000000000000000000000000000000|DARK|1|574|DISP=ACCEPT_INSTALL|DETAIL=rt3_A18F_0
0000000000000000000000000000000000000000000000000000000000000000|0000000000000000000000000000000000000000000000000000000000000000|0|3|rt4_TMB-5_A18F_0_0479.r24|2|1|RICH|576|0|2470|0000000000000000000000000000000000000000000000000000000000000000|DARK|1|576|DISP=ACCEPT_INSTALL|DETAIL=rt3_A18F_0
0000000000000000000000000000000000000000000000000000000000000000|0000000000000000000000000000000000000000000000000000000000000000|0|3|rt4_TMB-5_A18F_0_0480.r24|2|1|RICH|566|0|2530|0000000000000000000000000000000000000000000000000000000000000000|DARK|1|566|DISP=ACCEPT_INSTALL|DETAIL=rt3_A18F_0
0000000000000000000000000000000000000000000000000000000000000000|0000000000000000000000000000000000000000000000000000000000000000|0|3|rt4_TMB-5_A18F_0_0481.r24|2|1|RICH|568|0|2530|0000000000000000000000000000000000000000000000000000000000000000|DARK|1|568|DISP=ACCEPT_INSTALL|DETAIL=rt3_A18F_0
0000000000000000000000000000000000000000000000000000000000000000|0000000000000000000000000000000000000000000000000000000000000000|0|3|rt4_TMB-5_A18F_0_0482.r24|2|1|RICH|570|0|2530|0000000000000000000000000000000000000000000000000000000000000000|DARK|1|570|DISP=ACCEPT_INSTALL|DETAIL=rt3_A18F_0
0000000000000000000000000000000000000000000000000000000000000000|0000000000000000000000000000000000000000000000000000000000000000|0|3|rt4_TMB-5_A18F_0_0483.r24|2|1|RICH|578|0|2470|0000000000000000000000000000000000000000000000000000000000000000|DARK|1|578|DISP=ACCEPT_INSTALL|DETAIL=rt3_A18F_0
0000000000000000000000000000000000000000000000000000000000000000|0000000000000000000000000000000000000000000000000000000000000000|0|3|rt4_TMB-5_A18F_0_0484.r24|2|1|RICH|580|0|2470|0000000000000000000000000000000000000000000000000000000000000000|DARK|1|580|DISP=ACCEPT_INSTALL|DETAIL=rt3_A18F_0
0000000000000000000000000000000000000000000000000000000000000000|0000000000000000000000000000000000000000000000000000000000000000|0|3|rt4_TMB-5_A18F_0_0485.r24|2|1|RICH|850|0|2530|0000000000000000000000000000000000000000000000000000000000000000|DARK|1|850|DISP=ACCEPT_INSTALL|DETAIL=rt3_A18F_0
0000000000000000000000000000000000000000000000000000000000000000|0000000000000000000000000000000000000000000000000000000000000000|0|3|rt4_TMB-5_A18F_0_0486.r24|2|1|RICH|852|0|2530|0000000000000000000000000000000000000000000000000000000000000000|DARK|1|852|DISP=ACCEPT_INSTALL|DETAIL=rt3_A18F_0
0000000000000000000000000000000000000000000000000000000000000000|0000000000000000000000000000000000000000000000000000000000000000|0|3|rt4_TMB-5_A18F_0_0487.r24|2|1|RICH|854|0|2530|0000000000000000000000000000000000000000000000000000000000000000|DARK|1|854|DISP=ACCEPT_INSTALL|DETAIL=rt3_A18F_0
0000000000000000000000000000000000000000000000000000000000000000|0000000000000000000000000000000000000000000000000000000000000000|0|3|rt4_TMB-5_A18F_0_0488.r24|2|1|RICH|582|0|2470|0000000000000000000000000000000000000000000000000000000000000000|DARK|1|582|DISP=ACCEPT_INSTALL|DETAIL=rt3_A18F_0
0000000000000000000000000000000000000000000000000000000000000000|0000000000000000000000000000000000000000000000000000000000000000|0|3|rt4_TMB-5_A18F_0_0489.r24|2|1|RICH|584|0|2470|0000000000000000000000000000000000000000000000000000000000000000|DARK|1|584|DISP=ACCEPT_INSTALL|DETAIL=rt3_A18F_0
0000000000000000000000000000000000000000000000000000000000000000|0000000000000000000000000000000000000000000000000000000000000000|0|3|rt4_TMB-5_A18F_0_0490.r24|2|1|RICH|856|0|2530|0000000000000000000000000000000000000000000000000000000000000000|DARK|1|856|DISP=ACCEPT_INSTALL|DETAIL=rt3_A18F_0
0000000000000000000000000000000000000000000000000000000000000000|0000000000000000000000000000000000000000000000000000000000000000|0|3|rt4_TMB-5_A18F_0_0491.r24|2|1|RICH|858|0|2530|0000000000000000000000000000000000000000000000000000000000000000|DARK|1|858|DISP=ACCEPT_INSTALL|DETAIL=rt3_A18F_0
0000000000000000000000000000000000000000000000000000000000000000|0000000000000000000000000000000000000000000000000000000000000000|0|3|rt4_TMB-5_A18F_0_0492.r24|2|1|RICH|860|0|2530|0000000000000000000000000000000000000000000000000000000000000000|DARK|1|860|DISP=ACCEPT_INSTALL|DETAIL=rt3_A18F_0
0000000000000000000000000000000000000000000000000000000000000000|0000000000000000000000000000000000000000000000000000000000000000|0|3|rt4_TMB-5_A18F_0_0493.r24|2|1|RICH|586|0|2470|0000000000000000000000000000000000000000000000000000000000000000|DARK|1|586|DISP=ACCEPT_INSTALL|DETAIL=rt3_A18F_0
0000000000000000000000000000000000000000000000000000000000000000|0000000000000000000000000000000000000000000000000000000000000000|0|3|rt4_TMB-5_A18F_0_0494.r24|2|1|RICH|588|0|2470|0000000000000000000000000000000000000000000000000000000000000000|DARK|1|588|DISP=ACCEPT_INSTALL|DETAIL=rt3_A18F_0
0000000000000000000000000000000000000000000000000000000000000000|0000000000000000000000000000000000000000000000000000000000000000|0|3|rt4_TMB-5_A18F_0_0495.r24|2|1|RICH|862|0|2530|0000000000000000000000000000000000000000000000000000000000000000|DARK|1|862|DISP=ACCEPT_INSTALL|DETAIL=rt3_A18F_0
0000000000000000000000000000000000000000000000000000000000000000|0000000000000000000000000000000000000000000000000000000000000000|0|3|rt4_TMB-5_A18F_0_0496.r24|2|1|RICH|864|0|2530|0000000000000000000000000000000000000000000000000000000000000000|DARK|1|864|DISP=ACCEPT_INSTALL|DETAIL=rt3_A18F_0
0000000000000000000000000000000000000000000000000000000000000000|0000000000000000000000000000000000000000000000000000000000000000|0|3|rt4_TMB-5_A18F_0_0497.r24|2|1|RICH|866|0|2530|0000000000000000000000000000000000000000000000000000000000000000|DARK|1|866|DISP=ACCEPT_INSTALL|DETAIL=rt3_A18F_0
0000000000000000000000000000000000000000000000000000000000000000|0000000000000000000000000000000000000000000000000000000000000000|0|3|rt4_TMB-5_A18F_0_0498.r24|2|1|RICH|590|0|2470|0000000000000000000000000000000000000000000000000000000000000000|DARK|1|590|DISP=ACCEPT_INSTALL|DETAIL=rt3_A18F_0
0000000000000000000000000000000000000000000000000000000000000000|0000000000000000000000000000000000000000000000000000000000000000|0|3|rt4_TMB-5_A18F_0_0499.r24|2|1|RICH|592|0|2470|0000000000000000000000000000000000000000000000000000000000000000|DARK|1|592|DISP=ACCEPT_INSTALL|DETAIL=rt3_A18F_0
