0000000000000000000000000000000000000000000000000000000000000000|0000000000000000000000000000000000000000000000000000000000000000|0|3|rt4_TMB-5_MAP_g1_06500.r24|2|1|RICH|544|0|2780|0000000000000000000000000000000000000000000000000000000000000000|RICH|1|544|DISP=ACCEPT_INSTALL|DETAIL=rt3_map_g1
0000000000000000000000000000000000000000000000000000000000000000|0000000000000000000000000000000000000000000000000000000000000000|0|3|rt4_TMB-5_MAP_g1_06501.r24|2|1|RICH|546|0|2780|0000000000000000000000000000000000000000000000000000000000000000|RICH|1|546|DISP=ACCEPT_INSTALL|DETAIL=rt3_map_g1
0000000000000000000000000000000000000000000000000000000000000000|0000000000000000000000000000000000000000000000000000000000000000|0|3|rt4_TMB-5_MAP_g1_06502.r24|2|1|RICH|548|0|2780|0000000000000000000000000000000000000000000000000000000000000000|RICH|1|548|DISP=ACCEPT_INSTALL|DETAIL=rt3_map_g1
0000000000000000000000000000000000000000000000000000000000000000|0000000000000000000000000000000000000000000000000000000000000000|0|3|rt4_TMB-5_MAP_g1_06503.r24|2|1|RICH|550|0|2780|0000000000000000000000000000000000000000000000000000000000000000|RICH|1|550|DISP=ACCEPT_INSTALL|DETAIL=rt3_map_g1
0000000000000000000000000000000000000000000000000000000000000000|0000000000000000000000000000000000000000000000000000000000000000|0|3|rt4_TMB-5_MAP_g1_06504.r24|2|1|RICH|552|0|2780|0000000000000000000000000000000000000000000000000000000000000000|RICH|1|552|DISP=ACCEPT_INSTALL|DETAIL=rt3_map_g1
0000000000000000000000000000000000000000000000000000000000000000|0000000000000000000000000000000000000000000000000000000000000000|0|3|rt4_TMB-5_MAP_g1_06505.r24|2|1|RICH|554|0|2780|0000000000000000000000000000000000000000000000000000000000000000|RICH|1|554|DISP=ACCEPT_INSTALL|DETAIL=rt3_map_g1
0000000000000000000000000000000000000000000000000000000000000000|0000000000000000000000000000000000000000000000000000000000000000|0|3|rt4_TMB-5_MAP_g1_06506.r24|2|1|RICH|556|0|2780|0000000000000000000000000000000000000000000000000000000000000000|RICH|1|556|DISP=ACCEPT_INSTALL|DETAIL=rt3_map_g1
0000000000000000000000000000000000000000000000000000000000000000|0000000000000000000000000000000000000000000000000000000000000000|0|3|rt4_TMB-5_MAP_g1_06507.r24|2|1|RICH|558|0|2780|0000000000000000000000000000000000000000000000000000000000000000|RICH|1|558|DISP=ACCEPT_INSTALL|DETAIL=rt3_map_g1
0000000000000000000000000000000000000000000000000000000000000000|0000000000000000000000000000000000000000000000000000000000000000|0|3|rt4_TMB-5_MAP_g1_06508.r24|2|1|RICH|560|0|2780|0000000000000000000000000000000000000000000000000000000000000000|RICH|1|560|DISP=ACCEPT_INSTALL|DETAIL=rt3_map_g1
0000000000000000000000000000000000000000000000000000000000000000|0000000000000000000000000000000000000000000000000000000000000000|0|3|rt4_TMB-5_MAP_g1_06509.r24|2|1|RICH|562|0|2780|0000000000000000000000000000000000000000000000000000000000000000|RICH|1|562|DISP=ACCEPT_INSTALL|DETAIL=rt3_map_g1
0000000000000000000000000000000000000000000000000000000000000000|0000000000000000000000000000000000000000000000000000000000000000|0|3|rt4_TMB-5_MAP_g1_06510.r24|2|1|RICH|564|0|2780|0000000000000000000000000000000000000000000000000000000000000000|RICH|1|564|DISP=ACCEPT_INSTALL|DETAIL=rt3_map_g1
0000000000000000000000000000000000000000000000000000000000000000|0000000000000000000000000000000000000000000000000000000000000000|0|3|rt4_TMB-5_MAP_g1_06511.r24|2|1|RICH|566|0|2780|0000000000000000000000000000000000000000000000000000000000000000|RICH|1|566|DISP=ACCEPT_INSTALL|DETAIL=rt3_map_g1
0000000000000000000000000000000000000000000000000000000000000000|0000000000000000000000000000000000000000000000000000000000000000|0|3|rt4_TMB-5_MAP_g1_06512.r24|2|1|RICH|568|0|2780|0000000000000000000000000000000000000000000000000000000000000000|RICH|1|568|DISP=ACCEPT_INSTALL|DETAIL=rt3_map_g1
0000000000000000000000000000000000000000000000000000000000000000|0000000000000000000000000000000000000000000000000000000000000000|0|3|rt4_TMB-5_MAP_g1_06513.r24|2|1|RICH|570|0|2780|0000000000000000000000000000000000000000000000000000000000000000|RICH|1|570|DISP=ACCEPT_INSTALL|DETAIL=rt3_map_g1
0000000000000000000000000000000000000000000000000000000000000000|0000000000000000000000000000000000000000000000000000000000000000|0|3|rt4_TMB-5_MAP_g1_06514.r24|2|1|RICH|572|0|2780|0000000000000000000000000000000000000000000000000000000000000000|RICH|1|572|DISP=ACCEPT_INSTALL|DETAIL=rt3_map_g1
0000000000000000000000000000000000000000000000000000000000000000|0000000000000000000000000000000000000000000000000000000000000000|0|3|rt4_TMB-5_MAP_g1_06515.r24|2|1|RICH|574|0|2780|0000000000000000000000000000000000000000000000000000000000000000|RICH|1|574|DISP=ACCEPT_INSTALL|DETAIL=rt3_map_g1
0000000000000000000000000000000000000000000000000000000000000000|0000000000000000000000000000000000000000000000000000000000000000|0|3|rt4_TMB-5_MAP_g1_06516.r24|2|1|RICH|576|0|2780|0000000000000000000000000000000000000000000000000000000000000000|RICH|1|576|DISP=ACCEPT_INSTALL|DETAIL=rt3_map_g1
0000000000000000000000000000000000000000000000000000000000000000|0000000000000000000000000000000000000000000000000000000000000000|0|3|rt4_TMB-5_MAP_g1_06517.r24|2|1|RICH|578|0|2780|0000000000000000000000000000000000000000000000000000000000000000|RICH|1|578|DISP=ACCEPT_INSTALL|DETAIL=rt3_map_g1
0000000000000000000000000000000000000000000000000000000000000000|0000000000000000000000000000000000000000000000000000000000000000|0|3|rt4_TMB-5_MAP_g1_06518.r24|2|1|RICH|580|0|2780|0000000000000000000000000000000000000000000000000000000000000000|RICH|1|580|DISP=ACCEPT_INSTALL|DETAIL=rt3_map_g1
0000000000000000000000000000000000000000000000000000000000000000|0000000000000000000000000000000000000000000000000000000000000000|0|3|rt4_TMB-5_MAP_g1_06519.r24|2|1|RICH|582|0|2780|0000000000000000000000000000000000000000000000000000000000000000|RICH|1|582|DISP=ACCEPT_INSTALL|DETAIL=rt3_map_g1
0000000000000000000000000000000000000000000000000000000000000000|0000000000000000000000000000000000000000000000000000000000000000|0|3|rt4_TMB-5_MAP_g1_06520.r24|2|1|RICH|584|0|2780|0000000000000000000000000000000000000000000000000000000000000000|RICH|1|584|DISP=ACCEPT_INSTALL|DETAIL=rt3_map_g1
0000000000000000000000000000000000000000000000000000000000000000|0000000000000000000000000000000000000000000000000000000000000000|0|3|rt4_TMB-5_MAP_g1_06521.r24|2|1|RICH|586|0|2780|0000000000000000000000000000000000000000000000000000000000000000|RICH|1|586|DISP=ACCEPT_INSTALL|DETAIL=rt3_map_g1
0000000000000000000000000000000000000000000000000000000000000000|0000000000000000000000000000000000000000000000000000000000000000|0|3|rt4_TMB-5_MAP_g1_06522.r24|2|1|RICH|588|0|2780|0000000000000000000000000000000000000000000000000000000000000000|RICH|1|588|DISP=ACCEPT_INSTALL|DETAIL=rt3_map_g1
0000000000000000000000000000000000000000000000000000000000000000|0000000000000000000000000000000000000000000000000000000000000000|0|3|rt4_TMB-5_MAP_g1_06523.r24|2|1|RICH|590|0|2780|0000000000000000000000000000000000000000000000000000000000000000|RICH|1|590|DISP=ACCEPT_INSTALL|DETAIL=rt3_map_g1
0000000000000000000000000000000000000000000000000000000000000000|0000000000000000000000000000000000000000000000000000000000000000|0|3|rt4_TMB-5_MAP_g1_06524.r24|2|1|RICH|592|0|2780|0000000000000000000000000000000000000000000000000000000000000000|RICH|1|592|DISP=ACCEPT_INSTALL|DETAIL=rt3_map_g1
0000000000000000000000000000000000000000000000000000000000000000|0000000000000000000000000000000000000000000000000000000000000000|0|3|rt4_TMB-5_MAP_g1_06525.r24|2|1|RICH|594|0|2780|0000000000000000000000000000000000000000000000000000000000000000|RICH|1|594|DISP=ACCEPT_INSTALL|DETAIL=rt3_map_g1
0000000000000000000000000000000000000000000000000000000000000000|0000000000000000000000000000000000000000000000000000000000000000|0|3|rt4_TMB-5_MAP_g1_06526.r24|2|1|RICH|596|0|2780|0000000000000000000000000000000000000000000000000000000000000000|RICH|1|596|DISP=ACCEPT_INSTALL|DETAIL=rt3_map_g1
0000000000000000000000000000000000000000000000000000000000000000|0000000000000000000000000000000000000000000000000000000000000000|0|3|rt4_TMB-5_MAP_g1_06527.r24|2|1|RICH|598|0|2780|0000000000000000000000000000000000000000000000000000000000000000|RICH|1|598|DISP=ACCEPT_INSTALL|DETAIL=rt3_map_g1
0000000000000000000000000000000000000000000000000000000000000000|0000000000000000000000000000000000000000000000000000000000000000|0|3|rt4_TMB-5_MAP_g1_06528.r24|2|1|RICH|600|0|2780|0000000000000000000000000000000000000000000000000000000000000000|RICH|1|600|DISP=ACCEPT_INSTALL|DETAIL=rt3_map_g1
0000000000000000000000000000000000000000000000000000000000000000|0000000000000000000000000000000000000000000000000000000000000000|0|3|rt4_TMB-5_MAP_g1_06529.r24|2|1|RICH|602|0|2780|0000000000000000000000000000000000000000000000000000000000000000|RICH|1|602|DISP=ACCEPT_INSTALL|DETAIL=rt3_map_g1
0000000000000000000000000000000000000000000000000000000000000000|0000000000000000000000000000000000000000000000000000000000000000|0|3|rt4_TMB-5_MAP_g1_06530.r24|2|1|RICH|604|0|2780|0000000000000000000000000000000000000000000000000000000000000000|RICH|1|604|DISP=ACCEPT_INSTALL|DETAIL=rt3_map_g1
0000000000000000000000000000000000000000000000000000000000000000|0000000000000000000000000000000000000000000000000000000000000000|0|3|rt4_TMB-5_MAP_g1_06531.r24|2|1|RICH|606|0|2780|0000000000000000000000000000000000000000000000000000000000000000|RICH|1|606|DISP=ACCEPT_INSTALL|DETAIL=rt3_map_g1
0000000000000000000000000000000000000000000000000000000000000000|0000000000000000000000000000000000000000000000000000000000000000|0|3|rt4_TMB-5_MAP_g1_06532.r24|2|1|RICH|608|0|2780|0000000000000000000000000000000000000000000000000000000000000000|RICH|1|608|DISP=ACCEPT_INSTALL|DETAIL=rt3_map_g1
0000000000000000000000000000000000000000000000000000000000000000|0000000000000000000000000000000000000000000000000000000000000000|0|3|rt4_TMB-5_MAP_g1_06533.r24|2|1|RICH|610|0|2780|0000000000000000000000000000000000000000000000000000000000000000|RICH|1|610|DISP=ACCEPT_INSTALL|DETAIL=rt3_map_g1
0000000000000000000000000000000000000000000000000000000000000000|0000000000000000000000000000000000000000000000000000000000000000|0|3|rt4_TMB-5_MAP_g1_06534.r24|2|1|RICH|612|0|2780|0000000000000000000000000000000000000000000000000000000000000000|RICH|1|612|DISP=ACCEPT_INSTALL|DETAIL=rt3_map_g1
0000000000000000000000000000000000000000000000000000000000000000|0000000000000000000000000000000000000000000000000000000000000000|0|3|rt4_TMB-5_MAP_g1_06535.r24|2|1|RICH|614|0|2780|0000000000000000000000000000000000000000000000000000000000000000|RICH|1|614|DISP=ACCEPT_INSTALL|DETAIL=rt3_map_g1
0000000000000000000000000000000000000000000000000000000000000000|0000000000000000000000000000000000000000000000000000000000000000|0|3|rt4_TMB-5_MAP_g1_06536.r24|2|1|RICH|616|0|2780|0000000000000000000000000000000000000000000000000000000000000000|RICH|1|616|DISP=ACCEPT_INSTALL|DETAIL=rt3_map_g1
0000000000000000000000000000000000000000000000000000000000000000|0000000000000000000000000000000000000000000000000000000000000000|0|3|rt4_TMB-5_MAP_g1_06537.r24|2|1|RICH|618|0|2780|0000000000000000000000000000000000000000000000000000000000000000|RICH|1|618|DISP=ACCEPT_INSTALL|DETAIL=rt3_map_g1
0000000000000000000000000000000000000000000000000000000000000000|0000000000000000000000000000000000000000000000000000000000000000|0|3|rt4_TMB-5_MAP_g1_06538.r24|2|1|RICH|620|0|2780|0000000000000000000000000000000000000000000000000000000000000000|RICH|1|620|DISP=ACCEPT_INSTALL|DETAIL=rt3_map_g1
0000000000000000000000000000000000000000000000000000000000000000|0000000000000000000000000000000000000000000000000000000000000000|0|3|rt4_TMB-5_MAP_g1_06539.r24|2|1|RICH|622|0|2780|0000000000000000000000000000000000000000000000000000000000000000|RICH|1|622|DISP=ACCEPT_INSTALL|DETAIL=rt3_map_g1
0000000000000000000000000000000000000000000000000000000000000000|0000000000000000000000000000000000000000000000000000000000000000|0|3|rt4_TMB-5_MAP_g1_06540.r24|2|1|RICH|624|0|2780|0000000000000000000000000000000000000000000000000000000000000000|RICH|1|624|DISP=ACCEPT_INSTALL|DETAIL=rt3_map_g1
0000000000000000000000000000000000000000000000000000000000000000|0000000000000000000000000000000000000000000000000000000000000000|0|3|rt4_TMB-5_MAP_g1_06541.r24|2|1|RICH|626|0|2780|0000000000000000000000000000000000000000000000000000000000000000|RICH|1|626|DISP=ACCEPT_INSTALL|DETAIL=rt3_map_g1
0000000000000000000000000000000000000000000000000000000000000000|0000000000000000000000000000000000000000000000000000000000000000|0|3|rt4_TMB-5_MAP_g1_06542.r24|2|1|RICH|628|0|2780|0000000000000000000000000000000000000000000000000000000000000000|RICH|1|628|DISP=ACCEPT_INSTALL|DETAIL=rt3_map_g1
0000000000000000000000000000000000000000000000000000000000000000|0000000000000000000000000000000000000000000000000000000000000000|0|3|rt4_TMB-5_MAP_g1_06543.r24|2|1|RICH|630|0|2780|0000000000000000000000000000000000000000000000000000000000000000|RICH|1|630|DISP=ACCEPT_INSTALL|DETAIL=rt3_map_g1
0000000000000000000000000000000000000000000000000000000000000000|0000000000000000000000000000000000000000000000000000000000000000|0|3|rt4_TMB-5_MAP_g1_06544.r24|2|1|RICH|632|0|2780|0000000000000000000000000000000000000000000000000000000000000000|RICH|1|632|DISP=ACCEPT_INSTALL|DETAIL=rt3_map_g1
0000000000000000000000000000000000000000000000000000000000000000|0000000000000000000000000000000000000000000000000000000000000000|0|3|rt4_TMB-5_MAP_g1_06545.r24|2|1|RICH|634|0|2780|0000000000000000000000000000000000000000000000000000000000000000|RICH|1|634|DISP=ACCEPT_INSTALL|DETAIL=rt3_map_g1
0000000000000000000000000000000000000000000000000000000000000000|0000000000000000000000000000000000000000000000000000000000000000|0|3|rt4_TMB-5_MAP_g1_06546.r24|2|1|RICH|636|0|2780|0000000000000000000000000000000000000000000000000000000000000000|RICH|1|636|DISP=ACCEPT_INSTALL|DETAIL=rt3_map_g1
0000000000000000000000000000000000000000000000000000000000000000|0000000000000000000000000000000000000000000000000000000000000000|0|3|rt4_TMB-5_MAP_g1_06547.r24|2|1|RICH|638|0|2780|0000000000000000000000000000000000000000000000000000000000000000|RICH|1|638|DISP=ACCEPT_INSTALL|DETAIL=rt3_map_g1
0000000000000000000000000000000000000000000000000000000000000000|0000000000000000000000000000000000000000000000000000000000000000|0|3|rt4_TMB-5_MAP_g1_06548.r24|2|1|RICH|640|0|2780|0000000000000000000000000000000000000000000000000000000000000000|RICH|1|640|DISP=ACCEPT_INSTALL|DETAIL=rt3_map_g1
0000000000000000000000000000000000000000000000000000000000000000|0000000000000000000000000000000000000000000000000000000000000000|0|3|rt4_TMB-5_MAP_g1_06549.r24|2|1|RICH|642|0|2780|0000000000000000000000000000000000000000000000000000000000000000|RICH|1|642|DISP=ACCEPT_INSTALL|DETAIL=rt3_map_g1
0000000000000000000000000000000000000000000000000000000000000000|0000000000000000000000000000000000000000000000000000000000000000|0|3|rt4_TMB-5_MAP_g1_06550.r24|2|1|RICH|644|0|2780|0000000000000000000000000000000000000000000000000000000000000000|RICH|1|644|DISP=ACCEPT_INSTALL|DETAIL=rt3_map_g1
0000000000000000000000000000000000000000000000000000000000000000|0000000000000000000000000000000000000000000000000000000000000000|0|3|rt4_TMB-5_MAP_g1_06551.r24|2|1|RICH|646|0|2780|0000000000000000000000000000000000000000000000000000000000000000|RICH|1|646|DISP=ACCEPT_INSTALL|DETAIL=rt3_map_g1
0000000000000000000000000000000000000000000000000000000000000000|0000000000000000000000000000000000000000000000000000000000000000|0|3|rt4_TMB-5_MAP_g1_06552.r24|2|1|RICH|648|0|2780|0000000000000000000000000000000000000000000000000000000000000000|RICH|1|648|DISP=ACCEPT_INSTALL|DETAIL=rt3_map_g1
0000000000000000000000000000000000000000000000000000000000000000|0000000000000000000000000000000000000000000000000000000000000000|0|3|rt4_TMB-5_MAP_g1_06553.r24|2|1|RICH|650|0|2780|0000000000000000000000000000000000000000000000000000000000000000|RICH|1|650|DISP=ACCEPT_INSTALL|DETAIL=rt3_map_g1
0000000000000000000000000000000000000000000000000000000000000000|0000000000000000000000000000000000000000000000000000000000000000|0|3|rt4_TMB-5_MAP_g1_06554.r24|2|1|RICH|652|0|2780|0000000000000000000000000000000000000000000000000000000000000000|RICH|1|652|DISP=ACCEPT_INSTALL|DETAIL=rt3_map_g1
0000000000000000000000000000000000000000000000000000000000000000|0000000000000000000000000000000000000000000000000000000000000000|0|3|rt4_TMB-5_MAP_g1_06555.r24|2|1|RICH|654|0|2780|0000000000000000000000000000000000000000000000000000000000000000|RICH|1|654|DISP=ACCEPT_INSTALL|DETAIL=rt3_map_g1
0000000000000000000000000000000000000000000000000000000000000000|0000000000000000000000000000000000000000000000000000000000000000|0|3|rt4_TMB-5_MAP_g1_06556.r24|2|1|RICH|656|0|2780|0000000000000000000000000000000000000000000000000000000000000000|RICH|1|656|DISP=ACCEPT_INSTALL|DETAIL=rt3_map_g1
0000000000000000000000000000000000000000000000000000000000000000|0000000000000000000000000000000000000000000000000000000000000000|0|3|rt4_TMB-5_MAP_g1_06557.r24|2|1|RICH|658|0|2780|0000000000000000000000000000000000000000000000000000000000000000|RICH|1|658|DISP=ACCEPT_INSTALL|DETAIL=rt3_map_g1
0000000000000000000000000000000000000000000000000000000000000000|0000000000000000000000000000000000000000000000000000000000000000|0|3|rt4_TMB-5_MAP_g1_06558.r24|2|1|RICH|660|0|2780|0000000000000000000000000000000000000000000000000000000000000000|RICH|1|660|DISP=ACCEPT_INSTALL|DETAIL=rt3_map_g1
0000000000000000000000000000000000000000000000000000000000000000|0000000000000000000000000000000000000000000000000000000000000000|0|3|rt4_TMB-5_MAP_g1_06559.r24|2|1|RICH|662|0|2780|0000000000000000000000000000000000000000000000000000000000000000|RICH|1|662|DISP=ACCEPT_INSTALL|DETAIL=rt3_map_g1
0000000000000000000000000000000000000000000000000000000000000000|0000000000000000000000000000000000000000000000000000000000000000|0|3|rt4_TMB-5_MAP_g1_06560.r24|2|1|RICH|664|0|2780|0000000000000000000000000000000000000000000000000000000000000000|RICH|1|664|DISP=ACCEPT_INSTALL|DETAIL=rt3_map_g1
0000000000000000000000000000000000000000000000000000000000000000|0000000000000000000000000000000000000000000000000000000000000000|0|3|rt4_TMB-5_MAP_g1_06561.r24|2|1|RICH|666|0|2780|0000000000000000000000000000000000000000000000000000000000000000|RICH|1|666|DISP=ACCEPT_INSTALL|DETAIL=rt3_map_g1
0000000000000000000000000000000000000000000000000000000000000000|0000000000000000000000000000000000000000000000000000000000000000|0|3|rt4_TMB-5_MAP_g1_06562.r24|2|1|RICH|668|0|2780|0000000000000000000000000000000000000000000000000000000000000000|RICH|1|668|DISP=ACCEPT_INSTALL|DETAIL=rt3_map_g1
0000000000000000000000000000000000000000000000000000000000000000|0000000000000000000000000000000000000000000000000000000000000000|0|3|rt4_TMB-5_MAP_g1_06563.r24|2|1|RICH|670|0|2780|0000000000000000000000000000000000000000000000000000000000000000|RICH|1|670|DISP=ACCEPT_INSTALL|DETAIL=rt3_map_g1
0000000000000000000000000000000000000000000000000000000000000000|0000000000000000000000000000000000000000000000000000000000000000|0|3|rt4_TMB-5_MAP_g1_06564.r24|2|1|RICH|672|0|2780|0000000000000000000000000000000000000000000000000000000000000000|RICH|1|672|DISP=ACCEPT_INSTALL|DETAIL=rt3_map_g1
0000000000000000000000000000000000000000000000000000000000000000|0000000000000000000000000000000000000000000000000000000000000000|0|3|rt4_TMB-5_MAP_g1_06565.r24|2|1|RICH|674|0|2780|0000000000000000000000000000000000000000000000000000000000000000|RICH|1|674|DISP=ACCEPT_INSTALL|DETAIL=rt3_map_g1
0000000000000000000000000000000000000000000000000000000000000000|0000000000000000000000000000000000000000000000000000000000000000|0|3|rt4_TMB-5_MAP_g1_06566.r24|2|1|RICH|676|0|2780|0000000000000000000000000000000000000000000000000000000000000000|RICH|1|676|DISP=ACCEPT_INSTALL|DETAIL=rt3_map_g1
0000000000000000000000000000000000000000000000000000000000000000|0000000000000000000000000000000000000000000000000000000000000000|0|3|rt4_TMB-5_MAP_g1_06567.r24|2|1|RICH|678|0|2780|0000000000000000000000000000000000000000000000000000000000000000|RICH|1|678|DISP=ACCEPT_INSTALL|DETAIL=rt3_map_g1
0000000000000000000000000000000000000000000000000000000000000000|0000000000000000000000000000000000000000000000000000000000000000|0|3|rt4_TMB-5_MAP_g1_06568.r24|2|1|RICH|680|0|2780|0000000000000000000000000000000000000000000000000000000000000000|RICH|1|680|DISP=ACCEPT_INSTALL|DETAIL=rt3_map_g1
0000000000000000000000000000000000000000000000000000000000000000|0000000000000000000000000000000000000000000000000000000000000000|0|3|rt4_TMB-5_MAP_g1_06569.r24|2|1|RICH|682|0|2780|0000000000000000000000000000000000000000000000000000000000000000|RICH|1|682|DISP=ACCEPT_INSTALL|DETAIL=rt3_map_g1
0000000000000000000000000000000000000000000000000000000000000000|0000000000000000000000000000000000000000000000000000000000000000|0|3|rt4_TMB-5_MAP_g1_06570.r24|2|1|RICH|684|0|2780|0000000000000000000000000000000000000000000000000000000000000000|RICH|1|684|DISP=ACCEPT_INSTALL|DETAIL=rt3_map_g1
0000000000000000000000000000000000000000000000000000000000000000|0000000000000000000000000000000000000000000000000000000000000000|0|3|rt4_TMB-5_MAP_g1_06571.r24|2|1|RICH|686|0|2780|0000000000000000000000000000000000000000000000000000000000000000|RICH|1|686|DISP=ACCEPT_INSTALL|DETAIL=rt3_map_g1
0000000000000000000000000000000000000000000000000000000000000000|0000000000000000000000000000000000000000000000000000000000000000|0|3|rt4_TMB-5_MAP_g1_06572.r24|2|1|RICH|688|0|2780|0000000000000000000000000000000000000000000000000000000000000000|RICH|1|688|DISP=ACCEPT_INSTALL|DETAIL=rt3_map_g1
0000000000000000000000000000000000000000000000000000000000000000|0000000000000000000000000000000000000000000000000000000000000000|0|3|rt4_TMB-5_MAP_g1_06573.r24|2|1|RICH|690|0|2780|0000000000000000000000000000000000000000000000000000000000000000|RICH|1|690|DISP=ACCEPT_INSTALL|DETAIL=rt3_map_g1
0000000000000000000000000000000000000000000000000000000000000000|0000000000000000000000000000000000000000000000000000000000000000|0|3|rt4_TMB-5_MAP_g1_06574.r24|2|1|RICH|692|0|2780|0000000000000000000000000000000000000000000000000000000000000000|RICH|1|692|DISP=ACCEPT_INSTALL|DETAIL=rt3_map_g1
0000000000000000000000000000000000000000000000000000000000000000|0000000000000000000000000000000000000000000000000000000000000000|0|3|rt4_TMB-5_MAP_g1_06575.r24|2|1|RICH|694|0|2780|0000000000000000000000000000000000000000000000000000000000000000|RICH|1|694|DISP=ACCEPT_INSTALL|DETAIL=rt3_map_g1
0000000000000000000000000000000000000000000000000000000000000000|0000000000000000000000000000000000000000000000000000000000000000|0|3|rt4_TMB-5_MAP_g1_06576.r24|2|1|RICH|696|0|2780|0000000000000000000000000000000000000000000000000000000000000000|RICH|1|696|DISP=ACCEPT_INSTALL|DETAIL=rt3_map_g1
0000000000000000000000000000000000000000000000000000000000000000|0000000000000000000000000000000000000000000000000000000000000000|0|3|rt4_TMB-5_MAP_g1_06577.r24|2|1|RICH|698|0|2780|0000000000000000000000000000000000000000000000000000000000000000|RICH|1|698|DISP=ACCEPT_INSTALL|DETAIL=rt3_map_g1
0000000000000000000000000000000000000000000000000000000000000000|0000000000000000000000000000000000000000000000000000000000000000|0|3|rt4_TMB-5_MAP_g1_06578.r24|2|1|RICH|700|0|2780|0000000000000000000000000000000000000000000000000000000000000000|RICH|1|700|DISP=ACCEPT_INSTALL|DETAIL=rt3_map_g1
0000000000000000000000000000000000000000000000000000000000000000|0000000000000000000000000000000000000000000000000000000000000000|0|3|rt4_TMB-5_MAP_g1_06579.r24|2|1|RICH|702|0|2780|0000000000000000000000000000000000000000000000000000000000000000|RICH|1|702|DISP=ACCEPT_INSTALL|DETAIL=rt3_map_g1
0000000000000000000000000000000000000000000000000000000000000000|0000000000000000000000000000000000000000000000000000000000000000|0|3|rt4_TMB-5_MAP_g1_06580.r24|2|1|RICH|704|0|2780|0000000000000000000000000000000000000000000000000000000000000000|RICH|1|704|DISP=ACCEPT_INSTALL|DETAIL=rt3_map_g1
0000000000000000000000000000000000000000000000000000000000000000|0000000000000000000000000000000000000000000000000000000000000000|0|3|rt4_TMB-5_MAP_g1_06581.r24|2|1|RICH|706|0|2780|0000000000000000000000000000000000000000000000000000000000000000|RICH|1|706|DISP=ACCEPT_INSTALL|DETAIL=rt3_map_g1
0000000000000000000000000000000000000000000000000000000000000000|0000000000000000000000000000000000000000000000000000000000000000|0|3|rt4_TMB-5_MAP_g1_06582.r24|2|1|RICH|708|0|2780|0000000000000000000000000000000000000000000000000000000000000000|RICH|1|708|DISP=ACCEPT_INSTALL|DETAIL=rt3_map_g1
0000000000000000000000000000000000000000000000000000000000000000|0000000000000000000000000000000000000000000000000000000000000000|0|3|rt4_TMB-5_MAP_g1_06583.r24|2|1|RICH|710|0|2780|0000000000000000000000000000000000000000000000000000000000000000|RICH|1|710|DISP=ACCEPT_INSTALL|DETAIL=rt3_map_g1
0000000000000000000000000000000000000000000000000000000000000000|0000000000000000000000000000000000000000000000000000000000000000|0|3|rt4_TMB-5_MAP_g1_06584.r24|2|1|RICH|712|0|2780|0000000000000000000000000000000000000000000000000000000000000000|RICH|1|712|DISP=ACCEPT_INSTALL|DETAIL=rt3_map_g1
0000000000000000000000000000000000000000000000000000000000000000|0000000000000000000000000000000000000000000000000000000000000000|0|3|rt4_TMB-5_MAP_g1_06585.r24|2|1|RICH|714|0|2780|0000000000000000000000000000000000000000000000000000000000000000|RICH|1|714|DISP=ACCEPT_INSTALL|DETAIL=rt3_map_g1
0000000000000000000000000000000000000000000000000000000000000000|0000000000000000000000000000000000000000000000000000000000000000|0|3|rt4_TMB-5_MAP_g1_06586.r24|2|1|RICH|716|0|2780|0000000000000000000000000000000000000000000000000000000000000000|RICH|1|716|DISP=ACCEPT_INSTALL|DETAIL=rt3_map_g1
0000000000000000000000000000000000000000000000000000000000000000|0000000000000000000000000000000000000000000000000000000000000000|0|3|rt4_TMB-5_MAP_g1_06587.r24|2|1|RICH|718|0|2780|0000000000000000000000000000000000000000000000000000000000000000|RICH|1|718|DISP=ACCEPT_INSTALL|DETAIL=rt3_map_g1
0000000000000000000000000000000000000000000000000000000000000000|0000000000000000000000000000000000000000000000000000000000000000|0|3|rt4_TMB-5_MAP_g1_06588.r24|2|1|RICH|720|0|2780|0000000000000000000000000000000000000000000000000000000000000000|RICH|1|720|DISP=ACCEPT_INSTALL|DETAIL=rt3_map_g1
0000000000000000000000000000000000000000000000000000000000000000|0000000000000000000000000000000000000000000000000000000000000000|0|3|rt4_TMB-5_MAP_g1_06589.r24|2|1|RICH|722|0|2780|0000000000000000000000000000000000000000000000000000000000000000|RICH|1|722|DISP=ACCEPT_INSTALL|DETAIL=rt3_map_g1
0000000000000000000000000000000000000000000000000000000000000000|0000000000000000000000000000000000000000000000000000000000000000|0|3|rt4_TMB-5_MAP_g1_06590.r24|2|1|RICH|724|0|2780|0000000000000000000000000000000000000000000000000000000000000000|RICH|1|724|DISP=ACCEPT_INSTALL|DETAIL=rt3_map_g1
0000000000000000000000000000000000000000000000000000000000000000|0000000000000000000000000000000000000000000000000000000000000000|0|3|rt4_TMB-5_MAP_g1_06591.r24|2|1|RICH|726|0|2780|0000000000000000000000000000000000000000000000000000000000000000|RICH|1|726|DISP=ACCEPT_INSTALL|DETAIL=rt3_map_g1
0000000000000000000000000000000000000000000000000000000000000000|0000000000000000000000000000000000000000000000000000000000000000|0|3|rt4_TMB-5_MAP_g1_06592.r24|2|1|RICH|728|0|2780|0000000000000000000000000000000000000000000000000000000000000000|RICH|1|728|DISP=ACCEPT_INSTALL|DETAIL=rt3_map_g1
0000000000000000000000000000000000000000000000000000000000000000|0000000000000000000000000000000000000000000000000000000000000000|0|3|rt4_TMB-5_MAP_g1_06593.r24|2|1|RICH|730|0|2780|0000000000000000000000000000000000000000000000000000000000000000|RICH|1|730|DISP=ACCEPT_INSTALL|DETAIL=rt3_map_g1
0000000000000000000000000000000000000000000000000000000000000000|0000000000000000000000000000000000000000000000000000000000000000|0|3|rt4_TMB-5_MAP_g1_06594.r24|2|1|RICH|732|0|2780|0000000000000000000000000000000000000000000000000000000000000000|RICH|1|732|DISP=ACCEPT_INSTALL|DETAIL=rt3_map_g1
0000000000000000000000000000000000000000000000000000000000000000|0000000000000000000000000000000000000000000000000000000000000000|0|3|rt4_TMB-5_MAP_g1_06595.r24|2|1|RICH|734|0|2780|0000000000000000000000000000000000000000000000000000000000000000|RICH|1|734|DISP=ACCEPT_INSTALL|DETAIL=rt3_map_g1
0000000000000000000000000000000000000000000000000000000000000000|0000000000000000000000000000000000000000000000000000000000000000|0|3|rt4_TMB-5_MAP_g1_06596.r24|2|1|RICH|736|0|2780|0000000000000000000000000000000000000000000000000000000000000000|RICH|1|736|DISP=ACCEPT_INSTALL|DETAIL=rt3_map_g1
0000000000000000000000000000000000000000000000000000000000000000|0000000000000000000000000000000000000000000000000000000000000000|0|3|rt4_TMB-5_MAP_g1_06597.r24|2|1|RICH|738|0|2780|0000000000000000000000000000000000000000000000000000000000000000|RICH|1|738|DISP=ACCEPT_INSTALL|DETAIL=rt3_map_g1
0000000000000000000000000000000000000000000000000000000000000000|0000000000000000000000000000000000000000000000000000000000000000|0|3|rt4_TMB-5_MAP_g1_06598.r24|2|1|RICH|740|0|2780|0000000000000000000000000000000000000000000000000000000000000000|RICH|1|740|DISP=ACCEPT_INSTALL|DETAIL=rt3_map_g1
0000000000000000000000000000000000000000000000000000000000000000|0000000000000000000000000000000000000000000000000000000000000000|0|3|rt4_TMB-5_MAP_g1_06599.r24|2|1|RICH|742|0|2780|0000000000000000000000000000000000000000000000000000000000000000|RICH|1|742|DISP=ACCEPT_INSTALL|DETAIL=rt3_map_g1
0000000000000000000000000000000000000000000000000000000000000000|0000000000000000000000000000000000000000000000000000000000000000|0|3|rt4_TMB-5_MAP_g1_06600.r24|2|1|RICH|744|0|2780|0000000000000000000000000000000000000000000000000000000000000000|RICH|1|744|DISP=ACCEPT_INSTALL|DETAIL=rt3_map_g1
0000000000000000000000000000000000000000000000000000000000000000|0000000000000000000000000000000000000000000000000000000000000000|0|3|rt4_TMB-5_MAP_g1_06601.r24|2|1|RICH|746|0|2780|0000000000000000000000000000000000000000000000000000000000000000|RICH|1|746|DISP=ACCEPT_INSTALL|DETAIL=rt3_map_g1
0000000000000000000000000000000000000000000000000000000000000000|0000000000000000000000000000000000000000000000000000000000000000|0|3|rt4_TMB-5_MAP_g1_06602.r24|2|1|RICH|748|0|2780|0000000000000000000000000000000000000000000000000000000000000000|RICH|1|748|DISP=ACCEPT_INSTALL|DETAIL=rt3_map_g1
0000000000000000000000000000000000000000000000000000000000000000|0000000000000000000000000000000000000000000000000000000000000000|0|3|rt4_TMB-5_MAP_g1_06603.r24|2|1|RICH|750|0|2780|0000000000000000000000000000000000000000000000000000000000000000|RICH|1|750|DISP=ACCEPT_INSTALL|DETAIL=rt3_map_g1
0000000000000000000000000000000000000000000000000000000000000000|0000000000000000000000000000000000000000000000000000000000000000|0|3|rt4_TMB-5_MAP_g1_06604.r24|2|1|RICH|752|0|2780|0000000000000000000000000000000000000000000000000000000000000000|RICH|1|752|DISP=ACCEPT_INSTALL|DETAIL=rt3_map_g1
0000000000000000000000000000000000000000000000000000000000000000|0000000000000000000000000000000000000000000000000000000000000000|0|3|rt4_TMB-5_MAP_g1_06605.r24|2|1|RICH|754|0|2780|0000000000000000000000000000000000000000000000000000000000000000|RICH|1|754|DISP=ACCEPT_INSTALL|DETAIL=rt3_map_g1
0000000000000000000000000000000000000000000000000000000000000000|0000000000000000000000000000000000000000000000000000000000000000|0|3|rt4_TMB-5_MAP_g1_06606.r24|2|1|RICH|756|0|2780|0000000000000000000000000000000000000000000000000000000000000000|RICH|1|756|DISP=ACCEPT_INSTALL|DETAIL=rt3_map_g1
0000000000000000000000000000000000000000000000000000000000000000|0000000000000000000000000000000000000000000000000000000000000000|0|3|rt4_TMB-5_MAP_g1_06607.r24|2|1|RICH|758|0|2780|0000000000000000000000000000000000000000000000000000000000000000|RICH|1|758|DISP=ACCEPT_INSTALL|DETAIL=rt3_map_g1
0000000000000000000000000000000000000000000000000000000000000000|0000000000000000000000000000000000000000000000000000000000000000|0|3|rt4_TMB-5_MAP_g1_06608.r24|2|1|RICH|760|0|2780|0000000000000000000000000000000000000000000000000000000000000000|RICH|1|760|DISP=ACCEPT_INSTALL|DETAIL=rt3_map_g1
0000000000000000000000000000000000000000000000000000000000000000|0000000000000000000000000000000000000000000000000000000000000000|0|3|rt4_TMB-5_MAP_g1_06609.r24|2|1|RICH|762|0|2780|0000000000000000000000000000000000000000000000000000000000000000|RICH|1|762|DISP=ACCEPT_INSTALL|DETAIL=rt3_map_g1
0000000000000000000000000000000000000000000000000000000000000000|0000000000000000000000000000000000000000000000000000000000000000|0|3|rt4_TMB-5_MAP_g1_06610.r24|2|1|RICH|764|0|2780|0000000000000000000000000000000000000000000000000000000000000000|RICH|1|764|DISP=ACCEPT_INSTALL|DETAIL=rt3_map_g1
0000000000000000000000000000000000000000000000000000000000000000|0000000000000000000000000000000000000000000000000000000000000000|0|3|rt4_TMB-5_MAP_g1_06611.r24|2|1|RICH|766|0|2780|0000000000000000000000000000000000000000000000000000000000000000|RICH|1|766|DISP=ACCEPT_INSTALL|DETAIL=rt3_map_g1
0000000000000000000000000000000000000000000000000000000000000000|0000000000000000000000000000000000000000000000000000000000000000|0|3|rt4_TMB-5_MAP_g1_06612.r24|2|1|RICH|768|0|2780|0000000000000000000000000000000000000000000000000000000000000000|RICH|1|768|DISP=ACCEPT_INSTALL|DETAIL=rt3_map_g1
0000000000000000000000000000000000000000000000000000000000000000|0000000000000000000000000000000000000000000000000000000000000000|0|3|rt4_TMB-5_MAP_g1_06613.r24|2|1|RICH|770|0|2780|0000000000000000000000000000000000000000000000000000000000000000|RICH|1|770|DISP=ACCEPT_INSTALL|DETAIL=rt3_map_g1
0000000000000000000000000000000000000000000000000000000000000000|0000000000000000000000000000000000000000000000000000000000000000|0|3|rt4_TMB-5_MAP_g1_06614.r24|2|1|RICH|772|0|2780|0000000000000000000000000000000000000000000000000000000000000000|RICH|1|772|DISP=ACCEPT_INSTALL|DETAIL=rt3_map_g1
0000000000000000000000000000000000000000000000000000000000000000|0000000000000000000000000000000000000000000000000000000000000000|0|3|rt4_TMB-5_MAP_g1_06615.r24|2|1|RICH|774|0|2780|0000000000000000000000000000000000000000000000000000000000000000|RICH|1|774|DISP=ACCEPT_INSTALL|DETAIL=rt3_map_g1
0000000000000000000000000000000000000000000000000000000000000000|0000000000000000000000000000000000000000000000000000000000000000|0|3|rt4_TMB-5_MAP_g1_06616.r24|2|1|RICH|776|0|2780|0000000000000000000000000000000000000000000000000000000000000000|RICH|1|776|DISP=ACCEPT_INSTALL|DETAIL=rt3_map_g1
0000000000000000000000000000000000000000000000000000000000000000|0000000000000000000000000000000000000000000000000000000000000000|0|3|rt4_TMB-5_MAP_g1_06617.r24|2|1|RICH|778|0|2780|0000000000000000000000000000000000000000000000000000000000000000|RICH|1|778|DISP=ACCEPT_INSTALL|DETAIL=rt3_map_g1
0000000000000000000000000000000000000000000000000000000000000000|0000000000000000000000000000000000000000000000000000000000000000|0|3|rt4_TMB-5_MAP_g1_06618.r24|2|1|RICH|780|0|2780|0000000000000000000000000000000000000000000000000000000000000000|RICH|1|780|DISP=ACCEPT_INSTALL|DETAIL=rt3_map_g1
0000000000000000000000000000000000000000000000000000000000000000|0000000000000000000000000000000000000000000000000000000000000000|0|3|rt4_TMB-5_MAP_g1_06619.r24|2|1|RICH|782|0|2780|0000000000000000000000000000000000000000000000000000000000000000|RICH|1|782|DISP=ACCEPT_INSTALL|DETAIL=rt3_map_g1
0000000000000000000000000000000000000000000000000000000000000000|0000000000000000000000000000000000000000000000000000000000000000|0|3|rt4_TMB-5_MAP_g1_06620.r24|2|1|RICH|784|0|2780|0000000000000000000000000000000000000000000000000000000000000000|RICH|1|784|DISP=ACCEPT_INSTALL|DETAIL=rt3_map_g1
0000000000000000000000000000000000000000000000000000000000000000|0000000000000000000000000000000000000000000000000000000000000000|0|3|rt4_TMB-5_MAP_g1_06621.r24|2|1|RICH|786|0|2780|0000000000000000000000000000000000000000000000000000000000000000|RICH|1|786|DISP=ACCEPT_INSTALL|DETAIL=rt3_map_g1
0000000000000000000000000000000000000000000000000000000000000000|0000000000000000000000000000000000000000000000000000000000000000|0|3|rt4_TMB-5_MAP_g1_06622.r24|2|1|RICH|788|0|2780|0000000000000000000000000000000000000000000000000000000000000000|RICH|1|788|DISP=ACCEPT_INSTALL|DETAIL=rt3_map_g1
0000000000000000000000000000000000000000000000000000000000000000|0000000000000000000000000000000000000000000000000000000000000000|0|3|rt4_TMB-5_MAP_g1_06623.r24|2|1|RICH|790|0|2780|0000000000000000000000000000000000000000000000000000000000000000|RICH|1|790|DISP=ACCEPT_INSTALL|DETAIL=rt3_map_g1
0000000000000000000000000000000000000000000000000000000000000000|0000000000000000000000000000000000000000000000000000000000000000|0|3|rt4_TMB-5_MAP_g1_06624.r24|2|1|RICH|792|0|2780|0000000000000000000000000000000000000000000000000000000000000000|RICH|1|792|DISP=ACCEPT_INSTALL|DETAIL=rt3_map_g1
0000000000000000000000000000000000000000000000000000000000000000|0000000000000000000000000000000000000000000000000000000000000000|0|3|rt4_TMB-5_MAP_g1_06625.r24|2|1|RICH|794|0|2780|0000000000000000000000000000000000000000000000000000000000000000|RICH|1|794|DISP=ACCEPT_INSTALL|DETAIL=rt3_map_g1
0000000000000000000000000000000000000000000000000000000000000000|0000000000000000000000000000000000000000000000000000000000000000|0|3|rt4_TMB-5_MAP_g1_06626.r24|2|1|RICH|796|0|2780|0000000000000000000000000000000000000000000000000000000000000000|RICH|1|796|DISP=ACCEPT_INSTALL|DETAIL=rt3_map_g1
0000000000000000000000000000000000000000000000000000000000000000|0000000000000000000000000000000000000000000000000000000000000000|0|3|rt4_TMB-5_MAP_g1_06627.r24|2|1|RICH|798|0|2780|0000000000000000000000000000000000000000000000000000000000000000|RICH|1|798|DISP=ACCEPT_INSTALL|DETAIL=rt3_map_g1
0000000000000000000000000000000000000000000000000000000000000000|0000000000000000000000000000000000000000000000000000000000000000|0|3|rt4_TMB-5_MAP_g1_06628.r24|2|1|RICH|800|0|2780|0000000000000000000000000000000000000000000000000000000000000000|RICH|1|800|DISP=ACCEPT_INSTALL|DETAIL=rt3_map_g1
0000000000000000000000000000000000000000000000000000000000000000|0000000000000000000000000000000000000000000000000000000000000000|0|3|rt4_TMB-5_MAP_g1_06629.r24|2|1|RICH|802|0|2780|0000000000000000000000000000000000000000000000000000000000000000|RICH|1|802|DISP=ACCEPT_INSTALL|DETAIL=rt3_map_g1
0000000000000000000000000000000000000000000000000000000000000000|0000000000000000000000000000000000000000000000000000000000000000|0|3|rt4_TMB-5_MAP_g1_06630.r24|2|1|RICH|804|0|2780|0000000000000000000000000000000000000000000000000000000000000000|RICH|1|804|DISP=ACCEPT_INSTALL|DETAIL=rt3_map_g1
0000000000000000000000000000000000000000000000000000000000000000|0000000000000000000000000000000000000000000000000000000000000000|0|3|rt4_TMB-5_MAP_g1_06631.r24|2|1|RICH|806|0|2780|0000000000000000000000000000000000000000000000000000000000000000|RICH|1|806|DISP=ACCEPT_INSTALL|DETAIL=rt3_map_g1
0000000000000000000000000000000000000000000000000000000000000000|0000000000000000000000000000000000000000000000000000000000000000|0|3|rt4_TMB-5_MAP_g1_06632.r24|2|1|RICH|808|0|2780|0000000000000000000000000000000000000000000000000000000000000000|RICH|1|808|DISP=ACCEPT_INSTALL|DETAIL=rt3_map_g1
0000000000000000000000000000000000000000000000000000000000000000|0000000000000000000000000000000000000000000000000000000000000000|0|3|rt4_TMB-5_MAP_g1_06633.r24|2|1|RICH|810|0|2780|0000000000000000000000000000000000000000000000000000000000000000|RICH|1|810|DISP=ACCEPT_INSTALL|DETAIL=rt3_map_g1
0000000000000000000000000000000000000000000000000000000000000000|0000000000000000000000000000000000000000000000000000000000000000|0|3|rt4_TMB-5_MAP_g1_06634.r24|2|1|RICH|812|0|2780|0000000000000000000000000000000000000000000000000000000000000000|RICH|1|812|DISP=ACCEPT_INSTALL|DETAIL=rt3_map_g1
0000000000000000000000000000000000000000000000000000000000000000|0000000000000000000000000000000000000000000000000000000000000000|0|3|rt4_TMB-5_MAP_g1_06635.r24|2|1|RICH|814|0|2780|0000000000000000000000000000000000000000000000000000000000000000|RICH|1|814|DISP=ACCEPT_INSTALL|DETAIL=rt3_map_g1
0000000000000000000000000000000000000000000000000000000000000000|0000000000000000000000000000000000000000000000000000000000000000|0|3|rt4_TMB-5_MAP_g1_06636.r24|2|1|RICH|816|0|2780|0000000000000000000000000000000000000000000000000000000000000000|RICH|1|816|DISP=ACCEPT_INSTALL|DETAIL=rt3_map_g1
0000000000000000000000000000000000000000000000000000000000000000|0000000000000000000000000000000000000000000000000000000000000000|0|3|rt4_TMB-5_MAP_g1_06637.r24|2|1|RICH|818|0|2780|0000000000000000000000000000000000000000000000000000000000000000|RICH|1|818|DISP=ACCEPT_INSTALL|DETAIL=rt3_map_g1
0000000000000000000000000000000000000000000000000000000000000000|0000000000000000000000000000000000000000000000000000000000000000|0|3|rt4_TMB-5_MAP_g1_06638.r24|2|1|RICH|820|0|2780|0000000000000000000000000000000000000000000000000000000000000000|RICH|1|820|DISP=ACCEPT_INSTALL|DETAIL=rt3_map_g1
0000000000000000000000000000000000000000000000000000000000000000|0000000000000000000000000000000000000000000000000000000000000000|0|3|rt4_TMB-5_MAP_g1_06639.r24|2|1|RICH|822|0|2780|0000000000000000000000000000000000000000000000000000000000000000|RICH|1|822|DISP=ACCEPT_INSTALL|DETAIL=rt3_map_g1
0000000000000000000000000000000000000000000000000000000000000000|0000000000000000000000000000000000000000000000000000000000000000|0|3|rt4_TMB-5_MAP_g1_06640.r24|2|1|RICH|824|0|2780|0000000000000000000000000000000000000000000000000000000000000000|RICH|1|824|DISP=ACCEPT_INSTALL|DETAIL=rt3_map_g1
0000000000000000000000000000000000000000000000000000000000000000|0000000000000000000000000000000000000000000000000000000000000000|0|3|rt4_TMB-5_MAP_g1_06641.r24|2|1|RICH|826|0|2780|0000000000000000000000000000000000000000000000000000000000000000|RICH|1|826|DISP=ACCEPT_INSTALL|DETAIL=rt3_map_g1
0000000000000000000000000000000000000000000000000000000000000000|0000000000000000000000000000000000000000000000000000000000000000|0|3|rt4_TMB-5_MAP_g1_06642.r24|2|1|RICH|828|0|2780|0000000000000000000000000000000000000000000000000000000000000000|RICH|1|828|DISP=ACCEPT_INSTALL|DETAIL=rt3_map_g1
0000000000000000000000000000000000000000000000000000000000000000|0000000000000000000000000000000000000000000000000000000000000000|0|3|rt4_TMB-5_MAP_g1_06643.r24|2|1|RICH|830|0|2780|0000000000000000000000000000000000000000000000000000000000000000|RICH|1|830|DISP=ACCEPT_INSTALL|DETAIL=rt3_map_g1
0000000000000000000000000000000000000000000000000000000000000000|0000000000000000000000000000000000000000000000000000000000000000|0|3|rt4_TMB-5_MAP_g1_06644.r24|2|1|RICH|832|0|2780|0000000000000000000000000000000000000000000000000000000000000000|RICH|1|832|DISP=ACCEPT_INSTALL|DETAIL=rt3_map_g1
0000000000000000000000000000000000000000000000000000000000000000|0000000000000000000000000000000000000000000000000000000000000000|0|3|rt4_TMB-5_MAP_g1_06645.r24|2|1|RICH|834|0|2780|0000000000000000000000000000000000000000000000000000000000000000|RICH|1|834|DISP=ACCEPT_INSTALL|DETAIL=rt3_map_g1
0000000000000000000000000000000000000000000000000000000000000000|0000000000000000000000000000000000000000000000000000000000000000|0|3|rt4_TMB-5_MAP_g1_06646.r24|2|1|RICH|836|0|2780|0000000000000000000000000000000000000000000000000000000000000000|RICH|1|836|DISP=ACCEPT_INSTALL|DETAIL=rt3_map_g1
0000000000000000000000000000000000000000000000000000000000000000|0000000000000000000000000000000000000000000000000000000000000000|0|3|rt4_TMB-5_MAP_g1_06647.r24|2|1|RICH|838|0|2780|0000000000000000000000000000000000000000000000000000000000000000|RICH|1|838|DISP=ACCEPT_INSTALL|DETAIL=rt3_map_g1
0000000000000000000000000000000000000000000000000000000000000000|0000000000000000000000000000000000000000000000000000000000000000|0|3|rt4_TMB-5_MAP_g1_06648.r24|2|1|RICH|840|0|2780|0000000000000000000000000000000000000000000000000000000000000000|RICH|1|840|DISP=ACCEPT_INSTALL|DETAIL=rt3_map_g1
0000000000000000000000000000000000000000000000000000000000000000|0000000000000000000000000000000000000000000000000000000000000000|0|3|rt4_TMB-5_MAP_g1_06649.r24|2|1|RICH|842|0|2780|0000000000000000000000000000000000000000000000000000000000000000|RICH|1|842|DISP=ACCEPT_INSTALL|DETAIL=rt3_map_g1
0000000000000000000000000000000000000000000000000000000000000000|0000000000000000000000000000000000000000000000000000000000000000|0|3|rt4_TMB-5_MAP_g1_06650.r24|2|1|RICH|844|0|2780|0000000000000000000000000000000000000000000000000000000000000000|RICH|1|844|DISP=ACCEPT_INSTALL|DETAIL=rt3_map_g1
0000000000000000000000000000000000000000000000000000000000000000|0000000000000000000000000000000000000000000000000000000000000000|0|3|rt4_TMB-5_MAP_g1_06651.r24|2|1|RICH|846|0|2780|0000000000000000000000000000000000000000000000000000000000000000|RICH|1|846|DISP=ACCEPT_INSTALL|DETAIL=rt3_map_g1
0000000000000000000000000000000000000000000000000000000000000000|0000000000000000000000000000000000000000000000000000000000000000|0|3|rt4_TMB-5_MAP_g1_06652.r24|2|1|RICH|848|0|2780|0000000000000000000000000000000000000000000000000000000000000000|RICH|1|848|DISP=ACCEPT_INSTALL|DETAIL=rt3_map_g1
0000000000000000000000000000000000000000000000000000000000000000|0000000000000000000000000000000000000000000000000000000000000000|0|3|rt4_TMB-5_MAP_g1_06653.r24|2|1|RICH|850|0|2780|0000000000000000000000000000000000000000000000000000000000000000|RICH|1|850|DISP=ACCEPT_INSTALL|DETAIL=rt3_map_g1
0000000000000000000000000000000000000000000000000000000000000000|0000000000000000000000000000000000000000000000000000000000000000|0|3|rt4_TMB-5_MAP_g1_06654.r24|2|1|RICH|852|0|2780|0000000000000000000000000000000000000000000000000000000000000000|RICH|1|852|DISP=ACCEPT_INSTALL|DETAIL=rt3_map_g1
0000000000000000000000000000000000000000000000000000000000000000|0000000000000000000000000000000000000000000000000000000000000000|0|3|rt4_TMB-5_MAP_g1_06655.r24|2|1|RICH|854|0|2780|0000000000000000000000000000000000000000000000000000000000000000|RICH|1|854|DISP=ACCEPT_INSTALL|DETAIL=rt3_map_g1
0000000000000000000000000000000000000000000000000000000000000000|0000000000000000000000000000000000000000000000000000000000000000|0|3|rt4_TMB-5_MAP_g1_06656.r24|2|1|RICH|856|0|2780|0000000000000000000000000000000000000000000000000000000000000000|RICH|1|856|DISP=ACCEPT_INSTALL|DETAIL=rt3_map_g1
0000000000000000000000000000000000000000000000000000000000000000|0000000000000000000000000000000000000000000000000000000000000000|0|3|rt4_TMB-5_MAP_g1_06657.r24|2|1|RICH|858|0|2780|0000000000000000000000000000000000000000000000000000000000000000|RICH|1|858|DISP=ACCEPT_INSTALL|DETAIL=rt3_map_g1
0000000000000000000000000000000000000000000000000000000000000000|0000000000000000000000000000000000000000000000000000000000000000|0|3|rt4_TMB-5_MAP_g1_06658.r24|2|1|RICH|860|0|2780|0000000000000000000000000000000000000000000000000000000000000000|RICH|1|860|DISP=ACCEPT_INSTALL|DETAIL=rt3_map_g1
0000000000000000000000000000000000000000000000000000000000000000|0000000000000000000000000000000000000000000000000000000000000000|0|3|rt4_TMB-5_MAP_g1_06659.r24|2|1|RICH|862|0|2780|0000000000000000000000000000000000000000000000000000000000000000|RICH|1|862|DISP=ACCEPT_INSTALL|DETAIL=rt3_map_g1
0000000000000000000000000000000000000000000000000000000000000000|0000000000000000000000000000000000000000000000000000000000000000|0|3|rt4_TMB-5_MAP_g1_06660.r24|2|1|RICH|864|0|2780|0000000000000000000000000000000000000000000000000000000000000000|RICH|1|864|DISP=ACCEPT_INSTALL|DETAIL=rt3_map_g1
0000000000000000000000000000000000000000000000000000000000000000|0000000000000000000000000000000000000000000000000000000000000000|0|3|rt4_TMB-5_MAP_g1_06661.r24|2|1|RICH|866|0|2780|0000000000000000000000000000000000000000000000000000000000000000|RICH|1|866|DISP=ACCEPT_INSTALL|DETAIL=rt3_map_g1
0000000000000000000000000000000000000000000000000000000000000000|0000000000000000000000000000000000000000000000000000000000000000|0|3|rt4_TMB-5_MAP_g1_06662.r24|2|1|RICH|868|0|2780|0000000000000000000000000000000000000000000000000000000000000000|RICH|1|868|DISP=ACCEPT_INSTALL|DETAIL=rt3_map_g1
0000000000000000000000000000000000000000000000000000000000000000|0000000000000000000000000000000000000000000000000000000000000000|0|3|rt4_TMB-5_MAP_g1_06663.r24|2|1|RICH|870|0|2780|0000000000000000000000000000000000000000000000000000000000000000|RICH|1|870|DISP=ACCEPT_INSTALL|DETAIL=rt3_map_g1
0000000000000000000000000000000000000000000000000000000000000000|0000000000000000000000000000000000000000000000000000000000000000|0|3|rt4_TMB-5_MAP_g1_06664.r24|2|1|RICH|872|0|2780|0000000000000000000000000000000000000000000000000000000000000000|RICH|1|872|DISP=ACCEPT_INSTALL|DETAIL=rt3_map_g1
0000000000000000000000000000000000000000000000000000000000000000|0000000000000000000000000000000000000000000000000000000000000000|0|3|rt4_TMB-5_MAP_g1_06665.r24|2|1|RICH|874|0|2780|0000000000000000000000000000000000000000000000000000000000000000|RICH|1|874|DISP=ACCEPT_INSTALL|DETAIL=rt3_map_g1
0000000000000000000000000000000000000000000000000000000000000000|0000000000000000000000000000000000000000000000000000000000000000|0|3|rt4_TMB-5_MAP_g1_06666.r24|2|1|RICH|876|0|2780|0000000000000000000000000000000000000000000000000000000000000000|RICH|1|876|DISP=ACCEPT_INSTALL|DETAIL=rt3_map_g1
0000000000000000000000000000000000000000000000000000000000000000|0000000000000000000000000000000000000000000000000000000000000000|0|3|rt4_TMB-5_MAP_g1_06667.r24|2|1|RICH|878|0|2780|0000000000000000000000000000000000000000000000000000000000000000|RICH|1|878|DISP=ACCEPT_INSTALL|DETAIL=rt3_map_g1
0000000000000000000000000000000000000000000000000000000000000000|0000000000000000000000000000000000000000000000000000000000000000|0|3|rt4_TMB-5_MAP_g1_06668.r24|2|1|RICH|880|0|2780|0000000000000000000000000000000000000000000000000000000000000000|RICH|1|880|DISP=ACCEPT_INSTALL|DETAIL=rt3_map_g1
0000000000000000000000000000000000000000000000000000000000000000|0000000000000000000000000000000000000000000000000000000000000000|0|3|rt4_TMB-5_MAP_g1_06669.r24|2|1|RICH|540|0|2790|0000000000000000000000000000000000000000000000000000000000000000|RICH|1|540|DISP=ACCEPT_INSTALL|DETAIL=rt3_map_g1
0000000000000000000000000000000000000000000000000000000000000000|0000000000000000000000000000000000000000000000000000000000000000|0|3|rt4_TMB-5_MAP_g1_06670.r24|2|1|RICH|542|0|2790|0000000000000000000000000000000000000000000000000000000000000000|RICH|1|542|DISP=ACCEPT_INSTALL|DETAIL=rt3_map_g1
0000000000000000000000000000000000000000000000000000000000000000|0000000000000000000000000000000000000000000000000000000000000000|0|3|rt4_TMB-5_MAP_g1_06671.r24|2|1|RICH|544|0|2790|0000000000000000000000000000000000000000000000000000000000000000|RICH|1|544|DISP=ACCEPT_INSTALL|DETAIL=rt3_map_g1
0000000000000000000000000000000000000000000000000000000000000000|0000000000000000000000000000000000000000000000000000000000000000|0|3|rt4_TMB-5_MAP_g1_06672.r24|2|1|RICH|546|0|2790|0000000000000000000000000000000000000000000000000000000000000000|RICH|1|546|DISP=ACCEPT_INSTALL|DETAIL=rt3_map_g1
0000000000000000000000000000000000000000000000000000000000000000|0000000000000000000000000000000000000000000000000000000000000000|0|3|rt4_TMB-5_MAP_g1_06673.r24|2|1|RICH|548|0|2790|0000000000000000000000000000000000000000000000000000000000000000|RICH|1|548|DISP=ACCEPT_INSTALL|DETAIL=rt3_map_g1
0000000000000000000000000000000000000000000000000000000000000000|0000000000000000000000000000000000000000000000000000000000000000|0|3|rt4_TMB-5_MAP_g1_06674.r24|2|1|RICH|550|0|2790|0000000000000000000000000000000000000000000000000000000000000000|RICH|1|550|DISP=ACCEPT_INSTALL|DETAIL=rt3_map_g1
0000000000000000000000000000000000000000000000000000000000000000|0000000000000000000000000000000000000000000000000000000000000000|0|3|rt4_TMB-5_MAP_g1_06675.r24|2|1|RICH|552|0|2790|0000000000000000000000000000000000000000000000000000000000000000|RICH|1|552|DISP=ACCEPT_INSTALL|DETAIL=rt3_map_g1
0000000000000000000000000000000000000000000000000000000000000000|0000000000000000000000000000000000000000000000000000000000000000|0|3|rt4_TMB-5_MAP_g1_06676.r24|2|1|RICH|554|0|2790|0000000000000000000000000000000000000000000000000000000000000000|RICH|1|554|DISP=ACCEPT_INSTALL|DETAIL=rt3_map_g1
0000000000000000000000000000000000000000000000000000000000000000|0000000000000000000000000000000000000000000000000000000000000000|0|3|rt4_TMB-5_MAP_g1_06677.r24|2|1|RICH|556|0|2790|0000000000000000000000000000000000000000000000000000000000000000|RICH|1|556|DISP=ACCEPT_INSTALL|DETAIL=rt3_map_g1
0000000000000000000000000000000000000000000000000000000000000000|0000000000000000000000000000000000000000000000000000000000000000|0|3|rt4_TMB-5_MAP_g1_06678.r24|2|1|RICH|558|0|2790|0000000000000000000000000000000000000000000000000000000000000000|RICH|1|558|DISP=ACCEPT_INSTALL|DETAIL=rt3_map_g1
0000000000000000000000000000000000000000000000000000000000000000|0000000000000000000000000000000000000000000000000000000000000000|0|3|rt4_TMB-5_MAP_g1_06679.r24|2|1|RICH|560|0|2790|0000000000000000000000000000000000000000000000000000000000000000|RICH|1|560|DISP=ACCEPT_INSTALL|DETAIL=rt3_map_g1
0000000000000000000000000000000000000000000000000000000000000000|0000000000000000000000000000000000000000000000000000000000000000|0|3|rt4_TMB-5_MAP_g1_06680.r24|2|1|RICH|562|0|2790|0000000000000000000000000000000000000000000000000000000000000000|RICH|1|562|DISP=ACCEPT_INSTALL|DETAIL=rt3_map_g1
0000000000000000000000000000000000000000000000000000000000000000|0000000000000000000000000000000000000000000000000000000000000000|0|3|rt4_TMB-5_MAP_g1_06681.r24|2|1|RICH|564|0|2790|0000000000000000000000000000000000000000000000000000000000000000|RICH|1|564|DISP=ACCEPT_INSTALL|DETAIL=rt3_map_g1
0000000000000000000000000000000000000000000000000000000000000000|0000000000000000000000000000000000000000000000000000000000000000|0|3|rt4_TMB-5_MAP_g1_06682.r24|2|1|RICH|566|0|2790|0000000000000000000000000000000000000000000000000000000000000000|RICH|1|566|DISP=ACCEPT_INSTALL|DETAIL=rt3_map_g1
0000000000000000000000000000000000000000000000000000000000000000|0000000000000000000000000000000000000000000000000000000000000000|0|3|rt4_TMB-5_MAP_g1_06683.r24|2|1|RICH|568|0|2790|0000000000000000000000000000000000000000000000000000000000000000|RICH|1|568|DISP=ACCEPT_INSTALL|DETAIL=rt3_map_g1
0000000000000000000000000000000000000000000000000000000000000000|0000000000000000000000000000000000000000000000000000000000000000|0|3|rt4_TMB-5_MAP_g1_06684.r24|2|1|RICH|570|0|2790|0000000000000000000000000000000000000000000000000000000000000000|RICH|1|570|DISP=ACCEPT_INSTALL|DETAIL=rt3_map_g1
0000000000000000000000000000000000000000000000000000000000000000|0000000000000000000000000000000000000000000000000000000000000000|0|3|rt4_TMB-5_MAP_g1_06685.r24|2|1|RICH|572|0|2790|0000000000000000000000000000000000000000000000000000000000000000|RICH|1|572|DISP=ACCEPT_INSTALL|DETAIL=rt3_map_g1
0000000000000000000000000000000000000000000000000000000000000000|0000000000000000000000000000000000000000000000000000000000000000|0|3|rt4_TMB-5_MAP_g1_06686.r24|2|1|RICH|574|0|2790|0000000000000000000000000000000000000000000000000000000000000000|RICH|1|574|DISP=ACCEPT_INSTALL|DETAIL=rt3_map_g1
0000000000000000000000000000000000000000000000000000000000000000|0000000000000000000000000000000000000000000000000000000000000000|0|3|rt4_TMB-5_MAP_g1_06687.r24|2|1|RICH|576|0|2790|0000000000000000000000000000000000000000000000000000000000000000|RICH|1|576|DISP=ACCEPT_INSTALL|DETAIL=rt3_map_g1
0000000000000000000000000000000000000000000000000000000000000000|0000000000000000000000000000000000000000000000000000000000000000|0|3|rt4_TMB-5_MAP_g1_06688.r24|2|1|RICH|578|0|2790|0000000000000000000000000000000000000000000000000000000000000000|RICH|1|578|DISP=ACCEPT_INSTALL|DETAIL=rt3_map_g1
0000000000000000000000000000000000000000000000000000000000000000|0000000000000000000000000000000000000000000000000000000000000000|0|3|rt4_TMB-5_MAP_g1_06689.r24|2|1|RICH|580|0|2790|0000000000000000000000000000000000000000000000000000000000000000|RICH|1|580|DISP=ACCEPT_INSTALL|DETAIL=rt3_map_g1
0000000000000000000000000000000000000000000000000000000000000000|0000000000000000000000000000000000000000000000000000000000000000|0|3|rt4_TMB-5_MAP_g1_06690.r24|2|1|RICH|582|0|2790|0000000000000000000000000000000000000000000000000000000000000000|RICH|1|582|DISP=ACCEPT_INSTALL|DETAIL=rt3_map_g1
0000000000000000000000000000000000000000000000000000000000000000|0000000000000000000000000000000000000000000000000000000000000000|0|3|rt4_TMB-5_MAP_g1_06691.r24|2|1|RICH|584|0|2790|0000000000000000000000000000000000000000000000000000000000000000|RICH|1|584|DISP=ACCEPT_INSTALL|DETAIL=rt3_map_g1
0000000000000000000000000000000000000000000000000000000000000000|0000000000000000000000000000000000000000000000000000000000000000|0|3|rt4_TMB-5_MAP_g1_06692.r24|2|1|RICH|586|0|2790|0000000000000000000000000000000000000000000000000000000000000000|RICH|1|586|DISP=ACCEPT_INSTALL|DETAIL=rt3_map_g1
0000000000000000000000000000000000000000000000000000000000000000|0000000000000000000000000000000000000000000000000000000000000000|0|3|rt4_TMB-5_MAP_g1_06693.r24|2|1|RICH|588|0|2790|0000000000000000000000000000000000000000000000000000000000000000|RICH|1|588|DISP=ACCEPT_INSTALL|DETAIL=rt3_map_g1
0000000000000000000000000000000000000000000000000000000000000000|0000000000000000000000000000000000000000000000000000000000000000|0|3|rt4_TMB-5_MAP_g1_06694.r24|2|1|RICH|590|0|2790|0000000000000000000000000000000000000000000000000000000000000000|RICH|1|590|DISP=ACCEPT_INSTALL|DETAIL=rt3_map_g1
0000000000000000000000000000000000000000000000000000000000000000|0000000000000000000000000000000000000000000000000000000000000000|0|3|rt4_TMB-5_MAP_g1_06695.r24|2|1|RICH|592|0|2790|0000000000000000000000000000000000000000000000000000000000000000|RICH|1|592|DISP=ACCEPT_INSTALL|DETAIL=rt3_map_g1
0000000000000000000000000000000000000000000000000000000000000000|0000000000000000000000000000000000000000000000000000000000000000|0|3|rt4_TMB-5_MAP_g1_06696.r24|2|1|RICH|594|0|2790|0000000000000000000000000000000000000000000000000000000000000000|RICH|1|594|DISP=ACCEPT_INSTALL|DETAIL=rt3_map_g1
0000000000000000000000000000000000000000000000000000000000000000|0000000000000000000000000000000000000000000000000000000000000000|0|3|rt4_TMB-5_MAP_g1_06697.r24|2|1|RICH|596|0|2790|0000000000000000000000000000000000000000000000000000000000000000|RICH|1|596|DISP=ACCEPT_INSTALL|DETAIL=rt3_map_g1
0000000000000000000000000000000000000000000000000000000000000000|0000000000000000000000000000000000000000000000000000000000000000|0|3|rt4_TMB-5_MAP_g1_06698.r24|2|1|RICH|598|0|2790|0000000000000000000000000000000000000000000000000000000000000000|RICH|1|598|DISP=ACCEPT_INSTALL|DETAIL=rt3_map_g1
0000000000000000000000000000000000000000000000000000000000000000|0000000000000000000000000000000000000000000000000000000000000000|0|3|rt4_TMB-5_MAP_g1_06699.r24|2|1|RICH|600|0|2790|0000000000000000000000000000000000000000000000000000000000000000|RICH|1|600|DISP=ACCEPT_INSTALL|DETAIL=rt3_map_g1
0000000000000000000000000000000000000000000000000000000000000000|0000000000000000000000000000000000000000000000000000000000000000|0|3|rt4_TMB-5_MAP_g1_06700.r24|2|1|RICH|602|0|2790|0000000000000000000000000000000000000000000000000000000000000000|RICH|1|602|DISP=ACCEPT_INSTALL|DETAIL=rt3_map_g1
0000000000000000000000000000000000000000000000000000000000000000|0000000000000000000000000000000000000000000000000000000000000000|0|3|rt4_TMB-5_MAP_g1_06701.r24|2|1|RICH|604|0|2790|0000000000000000000000000000000000000000000000000000000000000000|RICH|1|604|DISP=ACCEPT_INSTALL|DETAIL=rt3_map_g1
0000000000000000000000000000000000000000000000000000000000000000|0000000000000000000000000000000000000000000000000000000000000000|0|3|rt4_TMB-5_MAP_g1_06702.r24|2|1|RICH|606|0|2790|0000000000000000000000000000000000000000000000000000000000000000|RICH|1|606|DISP=ACCEPT_INSTALL|DETAIL=rt3_map_g1
0000000000000000000000000000000000000000000000000000000000000000|0000000000000000000000000000000000000000000000000000000000000000|0|3|rt4_TMB-5_MAP_g1_06703.r24|2|1|RICH|608|0|2790|0000000000000000000000000000000000000000000000000000000000000000|RICH|1|608|DISP=ACCEPT_INSTALL|DETAIL=rt3_map_g1
0000000000000000000000000000000000000000000000000000000000000000|0000000000000000000000000000000000000000000000000000000000000000|0|3|rt4_TMB-5_MAP_g1_06704.r24|2|1|RICH|610|0|2790|0000000000000000000000000000000000000000000000000000000000000000|RICH|1|610|DISP=ACCEPT_INSTALL|DETAIL=rt3_map_g1
0000000000000000000000000000000000000000000000000000000000000000|0000000000000000000000000000000000000000000000000000000000000000|0|3|rt4_TMB-5_MAP_g1_06705.r24|2|1|RICH|612|0|2790|0000000000000000000000000000000000000000000000000000000000000000|RICH|1|612|DISP=ACCEPT_INSTALL|DETAIL=rt3_map_g1
0000000000000000000000000000000000000000000000000000000000000000|0000000000000000000000000000000000000000000000000000000000000000|0|3|rt4_TMB-5_MAP_g1_06706.r24|2|1|RICH|614|0|2790|0000000000000000000000000000000000000000000000000000000000000000|RICH|1|614|DISP=ACCEPT_INSTALL|DETAIL=rt3_map_g1
0000000000000000000000000000000000000000000000000000000000000000|0000000000000000000000000000000000000000000000000000000000000000|0|3|rt4_TMB-5_MAP_g1_06707.r24|2|1|RICH|616|0|2790|0000000000000000000000000000000000000000000000000000000000000000|RICH|1|616|DISP=ACCEPT_INSTALL|DETAIL=rt3_map_g1
0000000000000000000000000000000000000000000000000000000000000000|0000000000000000000000000000000000000000000000000000000000000000|0|3|rt4_TMB-5_MAP_g1_06708.r24|2|1|RICH|618|0|2790|0000000000000000000000000000000000000000000000000000000000000000|RICH|1|618|DISP=ACCEPT_INSTALL|DETAIL=rt3_map_g1
0000000000000000000000000000000000000000000000000000000000000000|0000000000000000000000000000000000000000000000000000000000000000|0|3|rt4_TMB-5_MAP_g1_06709.r24|2|1|RICH|620|0|2790|0000000000000000000000000000000000000000000000000000000000000000|RICH|1|620|DISP=ACCEPT_INSTALL|DETAIL=rt3_map_g1
0000000000000000000000000000000000000000000000000000000000000000|0000000000000000000000000000000000000000000000000000000000000000|0|3|rt4_TMB-5_MAP_g1_06710.r24|2|1|RICH|622|0|2790|0000000000000000000000000000000000000000000000000000000000000000|RICH|1|622|DISP=ACCEPT_INSTALL|DETAIL=rt3_map_g1
0000000000000000000000000000000000000000000000000000000000000000|0000000000000000000000000000000000000000000000000000000000000000|0|3|rt4_TMB-5_MAP_g1_06711.r24|2|1|RICH|624|0|2790|0000000000000000000000000000000000000000000000000000000000000000|RICH|1|624|DISP=ACCEPT_INSTALL|DETAIL=rt3_map_g1
0000000000000000000000000000000000000000000000000000000000000000|0000000000000000000000000000000000000000000000000000000000000000|0|3|rt4_TMB-5_MAP_g1_06712.r24|2|1|RICH|626|0|2790|0000000000000000000000000000000000000000000000000000000000000000|RICH|1|626|DISP=ACCEPT_INSTALL|DETAIL=rt3_map_g1
0000000000000000000000000000000000000000000000000000000000000000|0000000000000000000000000000000000000000000000000000000000000000|0|3|rt4_TMB-5_MAP_g1_06713.r24|2|1|RICH|628|0|2790|0000000000000000000000000000000000000000000000000000000000000000|RICH|1|628|DISP=ACCEPT_INSTALL|DETAIL=rt3_map_g1
0000000000000000000000000000000000000000000000000000000000000000|0000000000000000000000000000000000000000000000000000000000000000|0|3|rt4_TMB-5_MAP_g1_06714.r24|2|1|RICH|630|0|2790|0000000000000000000000000000000000000000000000000000000000000000|RICH|1|630|DISP=ACCEPT_INSTALL|DETAIL=rt3_map_g1
0000000000000000000000000000000000000000000000000000000000000000|0000000000000000000000000000000000000000000000000000000000000000|0|3|rt4_TMB-5_MAP_g1_06715.r24|2|1|RICH|632|0|2790|0000000000000000000000000000000000000000000000000000000000000000|RICH|1|632|DISP=ACCEPT_INSTALL|DETAIL=rt3_map_g1
0000000000000000000000000000000000000000000000000000000000000000|0000000000000000000000000000000000000000000000000000000000000000|0|3|rt4_TMB-5_MAP_g1_06716.r24|2|1|RICH|634|0|2790|0000000000000000000000000000000000000000000000000000000000000000|RICH|1|634|DISP=ACCEPT_INSTALL|DETAIL=rt3_map_g1
0000000000000000000000000000000000000000000000000000000000000000|0000000000000000000000000000000000000000000000000000000000000000|0|3|rt4_TMB-5_MAP_g1_06717.r24|2|1|RICH|636|0|2790|0000000000000000000000000000000000000000000000000000000000000000|RICH|1|636|DISP=ACCEPT_INSTALL|DETAIL=rt3_map_g1
0000000000000000000000000000000000000000000000000000000000000000|0000000000000000000000000000000000000000000000000000000000000000|0|3|rt4_TMB-5_MAP_g1_06718.r24|2|1|RICH|638|0|2790|0000000000000000000000000000000000000000000000000000000000000000|RICH|1|638|DISP=ACCEPT_INSTALL|DETAIL=rt3_map_g1
0000000000000000000000000000000000000000000000000000000000000000|0000000000000000000000000000000000000000000000000000000000000000|0|3|rt4_TMB-5_MAP_g1_06719.r24|2|1|RICH|640|0|2790|0000000000000000000000000000000000000000000000000000000000000000|RICH|1|640|DISP=ACCEPT_INSTALL|DETAIL=rt3_map_g1
0000000000000000000000000000000000000000000000000000000000000000|0000000000000000000000000000000000000000000000000000000000000000|0|3|rt4_TMB-5_MAP_g1_06720.r24|2|1|RICH|642|0|2790|0000000000000000000000000000000000000000000000000000000000000000|RICH|1|642|DISP=ACCEPT_INSTALL|DETAIL=rt3_map_g1
0000000000000000000000000000000000000000000000000000000000000000|0000000000000000000000000000000000000000000000000000000000000000|0|3|rt4_TMB-5_MAP_g1_06721.r24|2|1|RICH|644|0|2790|0000000000000000000000000000000000000000000000000000000000000000|RICH|1|644|DISP=ACCEPT_INSTALL|DETAIL=rt3_map_g1
0000000000000000000000000000000000000000000000000000000000000000|0000000000000000000000000000000000000000000000000000000000000000|0|3|rt4_TMB-5_MAP_g1_06722.r24|2|1|RICH|646|0|2790|0000000000000000000000000000000000000000000000000000000000000000|RICH|1|646|DISP=ACCEPT_INSTALL|DETAIL=rt3_map_g1
0000000000000000000000000000000000000000000000000000000000000000|0000000000000000000000000000000000000000000000000000000000000000|0|3|rt4_TMB-5_MAP_g1_06723.r24|2|1|RICH|648|0|2790|0000000000000000000000000000000000000000000000000000000000000000|RICH|1|648|DISP=ACCEPT_INSTALL|DETAIL=rt3_map_g1
0000000000000000000000000000000000000000000000000000000000000000|0000000000000000000000000000000000000000000000000000000000000000|0|3|rt4_TMB-5_MAP_g1_06724.r24|2|1|RICH|650|0|2790|0000000000000000000000000000000000000000000000000000000000000000|RICH|1|650|DISP=ACCEPT_INSTALL|DETAIL=rt3_map_g1
0000000000000000000000000000000000000000000000000000000000000000|0000000000000000000000000000000000000000000000000000000000000000|0|3|rt4_TMB-5_MAP_g1_06725.r24|2|1|RICH|652|0|2790|0000000000000000000000000000000000000000000000000000000000000000|RICH|1|652|DISP=ACCEPT_INSTALL|DETAIL=rt3_map_g1
0000000000000000000000000000000000000000000000000000000000000000|0000000000000000000000000000000000000000000000000000000000000000|0|3|rt4_TMB-5_MAP_g1_06726.r24|2|1|RICH|654|0|2790|0000000000000000000000000000000000000000000000000000000000000000|RICH|1|654|DISP=ACCEPT_INSTALL|DETAIL=rt3_map_g1
0000000000000000000000000000000000000000000000000000000000000000|0000000000000000000000000000000000000000000000000000000000000000|0|3|rt4_TMB-5_MAP_g1_06727.r24|2|1|RICH|656|0|2790|0000000000000000000000000000000000000000000000000000000000000000|RICH|1|656|DISP=ACCEPT_INSTALL|DETAIL=rt3_map_g1
0000000000000000000000000000000000000000000000000000000000000000|0000000000000000000000000000000000000000000000000000000000000000|0|3|rt4_TMB-5_MAP_g1_06728.r24|2|1|RICH|658|0|2790|0000000000000000000000000000000000000000000000000000000000000000|RICH|1|658|DISP=ACCEPT_INSTALL|DETAIL=rt3_map_g1
0000000000000000000000000000000000000000000000000000000000000000|0000000000000000000000000000000000000000000000000000000000000000|0|3|rt4_TMB-5_MAP_g1_06729.r24|2|1|RICH|660|0|2790|0000000000000000000000000000000000000000000000000000000000000000|RICH|1|660|DISP=ACCEPT_INSTALL|DETAIL=rt3_map_g1
0000000000000000000000000000000000000000000000000000000000000000|0000000000000000000000000000000000000000000000000000000000000000|0|3|rt4_TMB-5_MAP_g1_06730.r24|2|1|RICH|662|0|2790|0000000000000000000000000000000000000000000000000000000000000000|RICH|1|662|DISP=ACCEPT_INSTALL|DETAIL=rt3_map_g1
0000000000000000000000000000000000000000000000000000000000000000|0000000000000000000000000000000000000000000000000000000000000000|0|3|rt4_TMB-5_MAP_g1_06731.r24|2|1|RICH|664|0|2790|0000000000000000000000000000000000000000000000000000000000000000|RICH|1|664|DISP=ACCEPT_INSTALL|DETAIL=rt3_map_g1
0000000000000000000000000000000000000000000000000000000000000000|0000000000000000000000000000000000000000000000000000000000000000|0|3|rt4_TMB-5_MAP_g1_06732.r24|2|1|RICH|666|0|2790|0000000000000000000000000000000000000000000000000000000000000000|RICH|1|666|DISP=ACCEPT_INSTALL|DETAIL=rt3_map_g1
0000000000000000000000000000000000000000000000000000000000000000|0000000000000000000000000000000000000000000000000000000000000000|0|3|rt4_TMB-5_MAP_g1_06733.r24|2|1|RICH|668|0|2790|0000000000000000000000000000000000000000000000000000000000000000|RICH|1|668|DISP=ACCEPT_INSTALL|DETAIL=rt3_map_g1
0000000000000000000000000000000000000000000000000000000000000000|0000000000000000000000000000000000000000000000000000000000000000|0|3|rt4_TMB-5_MAP_g1_06734.r24|2|1|RICH|670|0|2790|0000000000000000000000000000000000000000000000000000000000000000|RICH|1|670|DISP=ACCEPT_INSTALL|DETAIL=rt3_map_g1
0000000000000000000000000000000000000000000000000000000000000000|0000000000000000000000000000000000000000000000000000000000000000|0|3|rt4_TMB-5_MAP_g1_06735.r24|2|1|RICH|672|0|2790|0000000000000000000000000000000000000000000000000000000000000000|RICH|1|672|DISP=ACCEPT_INSTALL|DETAIL=rt3_map_g1
0000000000000000000000000000000000000000000000000000000000000000|0000000000000000000000000000000000000000000000000000000000000000|0|3|rt4_TMB-5_MAP_g1_06736.r24|2|1|RICH|674|0|2790|0000000000000000000000000000000000000000000000000000000000000000|RICH|1|674|DISP=ACCEPT_INSTALL|DETAIL=rt3_map_g1
0000000000000000000000000000000000000000000000000000000000000000|0000000000000000000000000000000000000000000000000000000000000000|0|3|rt4_TMB-5_MAP_g1_06737.r24|2|1|RICH|676|0|2790|0000000000000000000000000000000000000000000000000000000000000000|RICH|1|676|DISP=ACCEPT_INSTALL|DETAIL=rt3_map_g1
0000000000000000000000000000000000000000000000000000000000000000|0000000000000000000000000000000000000000000000000000000000000000|0|3|rt4_TMB-5_MAP_g1_06738.r24|2|1|RICH|678|0|2790|0000000000000000000000000000000000000000000000000000000000000000|RICH|1|678|DISP=ACCEPT_INSTALL|DETAIL=rt3_map_g1
0000000000000000000000000000000000000000000000000000000000000000|0000000000000000000000000000000000000000000000000000000000000000|0|3|rt4_TMB-5_MAP_g1_06739.r24|2|1|RICH|680|0|2790|0000000000000000000000000000000000000000000000000000000000000000|RICH|1|680|DISP=ACCEPT_INSTALL|DETAIL=rt3_map_g1
0000000000000000000000000000000000000000000000000000000000000000|0000000000000000000000000000000000000000000000000000000000000000|0|3|rt4_TMB-5_MAP_g1_06740.r24|2|1|RICH|682|0|2790|0000000000000000000000000000000000000000000000000000000000000000|RICH|1|682|DISP=ACCEPT_INSTALL|DETAIL=rt3_map_g1
0000000000000000000000000000000000000000000000000000000000000000|0000000000000000000000000000000000000000000000000000000000000000|0|3|rt4_TMB-5_MAP_g1_06741.r24|2|1|RICH|684|0|2790|0000000000000000000000000000000000000000000000000000000000000000|RICH|1|684|DISP=ACCEPT_INSTALL|DETAIL=rt3_map_g1
0000000000000000000000000000000000000000000000000000000000000000|0000000000000000000000000000000000000000000000000000000000000000|0|3|rt4_TMB-5_MAP_g1_06742.r24|2|1|RICH|686|0|2790|0000000000000000000000000000000000000000000000000000000000000000|RICH|1|686|DISP=ACCEPT_INSTALL|DETAIL=rt3_map_g1
0000000000000000000000000000000000000000000000000000000000000000|0000000000000000000000000000000000000000000000000000000000000000|0|3|rt4_TMB-5_MAP_g1_06743.r24|2|1|RICH|688|0|2790|0000000000000000000000000000000000000000000000000000000000000000|RICH|1|688|DISP=ACCEPT_INSTALL|DETAIL=rt3_map_g1
0000000000000000000000000000000000000000000000000000000000000000|0000000000000000000000000000000000000000000000000000000000000000|0|3|rt4_TMB-5_MAP_g1_06744.r24|2|1|RICH|690|0|2790|0000000000000000000000000000000000000000000000000000000000000000|RICH|1|690|DISP=ACCEPT_INSTALL|DETAIL=rt3_map_g1
0000000000000000000000000000000000000000000000000000000000000000|0000000000000000000000000000000000000000000000000000000000000000|0|3|rt4_TMB-5_MAP_g1_06745.r24|2|1|RICH|692|0|2790|0000000000000000000000000000000000000000000000000000000000000000|RICH|1|692|DISP=ACCEPT_INSTALL|DETAIL=rt3_map_g1
0000000000000000000000000000000000000000000000000000000000000000|0000000000000000000000000000000000000000000000000000000000000000|0|3|rt4_TMB-5_MAP_g1_06746.r24|2|1|RICH|694|0|2790|0000000000000000000000000000000000000000000000000000000000000000|RICH|1|694|DISP=ACCEPT_INSTALL|DETAIL=rt3_map_g1
0000000000000000000000000000000000000000000000000000000000000000|0000000000000000000000000000000000000000000000000000000000000000|0|3|rt4_TMB-5_MAP_g1_06747.r24|2|1|RICH|696|0|2790|0000000000000000000000000000000000000000000000000000000000000000|RICH|1|696|DISP=ACCEPT_INSTALL|DETAIL=rt3_map_g1
0000000000000000000000000000000000000000000000000000000000000000|0000000000000000000000000000000000000000000000000000000000000000|0|3|rt4_TMB-5_MAP_g1_06748.r24|2|1|RICH|698|0|2790|0000000000000000000000000000000000000000000000000000000000000000|RICH|1|698|DISP=ACCEPT_INSTALL|DETAIL=rt3_map_g1
0000000000000000000000000000000000000000000000000000000000000000|0000000000000000000000000000000000000000000000000000000000000000|0|3|rt4_TMB-5_MAP_g1_06749.r24|2|1|RICH|700|0|2790|0000000000000000000000000000000000000000000000000000000000000000|RICH|1|700|DISP=ACCEPT_INSTALL|DETAIL=rt3_map_g1
0000000000000000000000000000000000000000000000000000000000000000|0000000000000000000000000000000000000000000000000000000000000000|0|3|rt4_TMB-5_MAP_g1_06750.r24|2|1|RICH|702|0|2790|0000000000000000000000000000000000000000000000000000000000000000|RICH|1|702|DISP=ACCEPT_INSTALL|DETAIL=rt3_map_g1
0000000000000000000000000000000000000000000000000000000000000000|0000000000000000000000000000000000000000000000000000000000000000|0|3|rt4_TMB-5_MAP_g1_06751.r24|2|1|RICH|704|0|2790|0000000000000000000000000000000000000000000000000000000000000000|RICH|1|704|DISP=ACCEPT_INSTALL|DETAIL=rt3_map_g1
0000000000000000000000000000000000000000000000000000000000000000|0000000000000000000000000000000000000000000000000000000000000000|0|3|rt4_TMB-5_MAP_g1_06752.r24|2|1|RICH|706|0|2790|0000000000000000000000000000000000000000000000000000000000000000|RICH|1|706|DISP=ACCEPT_INSTALL|DETAIL=rt3_map_g1
0000000000000000000000000000000000000000000000000000000000000000|0000000000000000000000000000000000000000000000000000000000000000|0|3|rt4_TMB-5_MAP_g1_06753.r24|2|1|RICH|708|0|2790|0000000000000000000000000000000000000000000000000000000000000000|RICH|1|708|DISP=ACCEPT_INSTALL|DETAIL=rt3_map_g1
0000000000000000000000000000000000000000000000000000000000000000|0000000000000000000000000000000000000000000000000000000000000000|0|3|rt4_TMB-5_MAP_g1_06754.r24|2|1|RICH|710|0|2790|0000000000000000000000000000000000000000000000000000000000000000|RICH|1|710|DISP=ACCEPT_INSTALL|DETAIL=rt3_map_g1
0000000000000000000000000000000000000000000000000000000000000000|0000000000000000000000000000000000000000000000000000000000000000|0|3|rt4_TMB-5_MAP_g1_06755.r24|2|1|RICH|712|0|2790|0000000000000000000000000000000000000000000000000000000000000000|RICH|1|712|DISP=ACCEPT_INSTALL|DETAIL=rt3_map_g1
0000000000000000000000000000000000000000000000000000000000000000|0000000000000000000000000000000000000000000000000000000000000000|0|3|rt4_TMB-5_MAP_g1_06756.r24|2|1|RICH|714|0|2790|0000000000000000000000000000000000000000000000000000000000000000|RICH|1|714|DISP=ACCEPT_INSTALL|DETAIL=rt3_map_g1
0000000000000000000000000000000000000000000000000000000000000000|0000000000000000000000000000000000000000000000000000000000000000|0|3|rt4_TMB-5_MAP_g1_06757.r24|2|1|RICH|716|0|2790|0000000000000000000000000000000000000000000000000000000000000000|RICH|1|716|DISP=ACCEPT_INSTALL|DETAIL=rt3_map_g1
0000000000000000000000000000000000000000000000000000000000000000|0000000000000000000000000000000000000000000000000000000000000000|0|3|rt4_TMB-5_MAP_g1_06758.r24|2|1|RICH|718|0|2790|0000000000000000000000000000000000000000000000000000000000000000|RICH|1|718|DISP=ACCEPT_INSTALL|DETAIL=rt3_map_g1
0000000000000000000000000000000000000000000000000000000000000000|0000000000000000000000000000000000000000000000000000000000000000|0|3|rt4_TMB-5_MAP_g1_06759.r24|2|1|RICH|720|0|2790|0000000000000000000000000000000000000000000000000000000000000000|RICH|1|720|DISP=ACCEPT_INSTALL|DETAIL=rt3_map_g1
0000000000000000000000000000000000000000000000000000000000000000|0000000000000000000000000000000000000000000000000000000000000000|0|3|rt4_TMB-5_MAP_g1_06760.r24|2|1|RICH|722|0|2790|0000000000000000000000000000000000000000000000000000000000000000|RICH|1|722|DISP=ACCEPT_INSTALL|DETAIL=rt3_map_g1
0000000000000000000000000000000000000000000000000000000000000000|0000000000000000000000000000000000000000000000000000000000000000|0|3|rt4_TMB-5_MAP_g1_06761.r24|2|1|RICH|724|0|2790|0000000000000000000000000000000000000000000000000000000000000000|RICH|1|724|DISP=ACCEPT_INSTALL|DETAIL=rt3_map_g1
0000000000000000000000000000000000000000000000000000000000000000|0000000000000000000000000000000000000000000000000000000000000000|0|3|rt4_TMB-5_MAP_g1_06762.r24|2|1|RICH|726|0|2790|0000000000000000000000000000000000000000000000000000000000000000|RICH|1|726|DISP=ACCEPT_INSTALL|DETAIL=rt3_map_g1
0000000000000000000000000000000000000000000000000000000000000000|0000000000000000000000000000000000000000000000000000000000000000|0|3|rt4_TMB-5_MAP_g1_06763.r24|2|1|RICH|728|0|2790|0000000000000000000000000000000000000000000000000000000000000000|RICH|1|728|DISP=ACCEPT_INSTALL|DETAIL=rt3_map_g1
0000000000000000000000000000000000000000000000000000000000000000|0000000000000000000000000000000000000000000000000000000000000000|0|3|rt4_TMB-5_MAP_g1_06764.r24|2|1|RICH|730|0|2790|0000000000000000000000000000000000000000000000000000000000000000|RICH|1|730|DISP=ACCEPT_INSTALL|DETAIL=rt3_map_g1
0000000000000000000000000000000000000000000000000000000000000000|0000000000000000000000000000000000000000000000000000000000000000|0|3|rt4_TMB-5_MAP_g1_06765.r24|2|1|RICH|732|0|2790|0000000000000000000000000000000000000000000000000000000000000000|RICH|1|732|DISP=ACCEPT_INSTALL|DETAIL=rt3_map_g1
0000000000000000000000000000000000000000000000000000000000000000|0000000000000000000000000000000000000000000000000000000000000000|0|3|rt4_TMB-5_MAP_g1_06766.r24|2|1|RICH|734|0|2790|0000000000000000000000000000000000000000000000000000000000000000|RICH|1|734|DISP=ACCEPT_INSTALL|DETAIL=rt3_map_g1
0000000000000000000000000000000000000000000000000000000000000000|0000000000000000000000000000000000000000000000000000000000000000|0|3|rt4_TMB-5_MAP_g1_06767.r24|2|1|RICH|736|0|2790|0000000000000000000000000000000000000000000000000000000000000000|RICH|1|736|DISP=ACCEPT_INSTALL|DETAIL=rt3_map_g1
0000000000000000000000000000000000000000000000000000000000000000|0000000000000000000000000000000000000000000000000000000000000000|0|3|rt4_TMB-5_MAP_g1_06768.r24|2|1|RICH|738|0|2790|0000000000000000000000000000000000000000000000000000000000000000|RICH|1|738|DISP=ACCEPT_INSTALL|DETAIL=rt3_map_g1
0000000000000000000000000000000000000000000000000000000000000000|0000000000000000000000000000000000000000000000000000000000000000|0|3|rt4_TMB-5_MAP_g1_06769.r24|2|1|RICH|740|0|2790|0000000000000000000000000000000000000000000000000000000000000000|RICH|1|740|DISP=ACCEPT_INSTALL|DETAIL=rt3_map_g1
0000000000000000000000000000000000000000000000000000000000000000|0000000000000000000000000000000000000000000000000000000000000000|0|3|rt4_TMB-5_MAP_g1_06770.r24|2|1|RICH|742|0|2790|0000000000000000000000000000000000000000000000000000000000000000|RICH|1|742|DISP=ACCEPT_INSTALL|DETAIL=rt3_map_g1
0000000000000000000000000000000000000000000000000000000000000000|0000000000000000000000000000000000000000000000000000000000000000|0|3|rt4_TMB-5_MAP_g1_06771.r24|2|1|RICH|744|0|2790|0000000000000000000000000000000000000000000000000000000000000000|RICH|1|744|DISP=ACCEPT_INSTALL|DETAIL=rt3_map_g1
0000000000000000000000000000000000000000000000000000000000000000|0000000000000000000000000000000000000000000000000000000000000000|0|3|rt4_TMB-5_MAP_g1_06772.r24|2|1|RICH|746|0|2790|0000000000000000000000000000000000000000000000000000000000000000|RICH|1|746|DISP=ACCEPT_INSTALL|DETAIL=rt3_map_g1
0000000000000000000000000000000000000000000000000000000000000000|0000000000000000000000000000000000000000000000000000000000000000|0|3|rt4_TMB-5_MAP_g1_06773.r24|2|1|RICH|748|0|2790|0000000000000000000000000000000000000000000000000000000000000000|RICH|1|748|DISP=ACCEPT_INSTALL|DETAIL=rt3_map_g1
0000000000000000000000000000000000000000000000000000000000000000|0000000000000000000000000000000000000000000000000000000000000000|0|3|rt4_TMB-5_MAP_g1_06774.r24|2|1|RICH|750|0|2790|0000000000000000000000000000000000000000000000000000000000000000|RICH|1|750|DISP=ACCEPT_INSTALL|DETAIL=rt3_map_g1
0000000000000000000000000000000000000000000000000000000000000000|0000000000000000000000000000000000000000000000000000000000000000|0|3|rt4_TMB-5_MAP_g1_06775.r24|2|1|RICH|752|0|2790|0000000000000000000000000000000000000000000000000000000000000000|RICH|1|752|DISP=ACCEPT_INSTALL|DETAIL=rt3_map_g1
0000000000000000000000000000000000000000000000000000000000000000|0000000000000000000000000000000000000000000000000000000000000000|0|3|rt4_TMB-5_MAP_g1_06776.r24|2|1|RICH|754|0|2790|0000000000000000000000000000000000000000000000000000000000000000|RICH|1|754|DISP=ACCEPT_INSTALL|DETAIL=rt3_map_g1
0000000000000000000000000000000000000000000000000000000000000000|0000000000000000000000000000000000000000000000000000000000000000|0|3|rt4_TMB-5_MAP_g1_06777.r24|2|1|RICH|756|0|2790|0000000000000000000000000000000000000000000000000000000000000000|RICH|1|756|DISP=ACCEPT_INSTALL|DETAIL=rt3_map_g1
0000000000000000000000000000000000000000000000000000000000000000|0000000000000000000000000000000000000000000000000000000000000000|0|3|rt4_TMB-5_MAP_g1_06778.r24|2|1|RICH|758|0|2790|0000000000000000000000000000000000000000000000000000000000000000|RICH|1|758|DISP=ACCEPT_INSTALL|DETAIL=rt3_map_g1
0000000000000000000000000000000000000000000000000000000000000000|0000000000000000000000000000000000000000000000000000000000000000|0|3|rt4_TMB-5_MAP_g1_06779.r24|2|1|RICH|760|0|2790|0000000000000000000000000000000000000000000000000000000000000000|RICH|1|760|DISP=ACCEPT_INSTALL|DETAIL=rt3_map_g1
0000000000000000000000000000000000000000000000000000000000000000|0000000000000000000000000000000000000000000000000000000000000000|0|3|rt4_TMB-5_MAP_g1_06780.r24|2|1|RICH|762|0|2790|0000000000000000000000000000000000000000000000000000000000000000|RICH|1|762|DISP=ACCEPT_INSTALL|DETAIL=rt3_map_g1
0000000000000000000000000000000000000000000000000000000000000000|0000000000000000000000000000000000000000000000000000000000000000|0|3|rt4_TMB-5_MAP_g1_06781.r24|2|1|RICH|764|0|2790|0000000000000000000000000000000000000000000000000000000000000000|RICH|1|764|DISP=ACCEPT_INSTALL|DETAIL=rt3_map_g1
0000000000000000000000000000000000000000000000000000000000000000|0000000000000000000000000000000000000000000000000000000000000000|0|3|rt4_TMB-5_MAP_g1_06782.r24|2|1|RICH|766|0|2790|0000000000000000000000000000000000000000000000000000000000000000|RICH|1|766|DISP=ACCEPT_INSTALL|DETAIL=rt3_map_g1
0000000000000000000000000000000000000000000000000000000000000000|0000000000000000000000000000000000000000000000000000000000000000|0|3|rt4_TMB-5_MAP_g1_06783.r24|2|1|RICH|768|0|2790|0000000000000000000000000000000000000000000000000000000000000000|RICH|1|768|DISP=ACCEPT_INSTALL|DETAIL=rt3_map_g1
0000000000000000000000000000000000000000000000000000000000000000|0000000000000000000000000000000000000000000000000000000000000000|0|3|rt4_TMB-5_MAP_g1_06784.r24|2|1|RICH|770|0|2790|0000000000000000000000000000000000000000000000000000000000000000|RICH|1|770|DISP=ACCEPT_INSTALL|DETAIL=rt3_map_g1
0000000000000000000000000000000000000000000000000000000000000000|0000000000000000000000000000000000000000000000000000000000000000|0|3|rt4_TMB-5_MAP_g1_06785.r24|2|1|RICH|772|0|2790|0000000000000000000000000000000000000000000000000000000000000000|RICH|1|772|DISP=ACCEPT_INSTALL|DETAIL=rt3_map_g1
0000000000000000000000000000000000000000000000000000000000000000|0000000000000000000000000000000000000000000000000000000000000000|0|3|rt4_TMB-5_MAP_g1_06786.r24|2|1|RICH|774|0|2790|0000000000000000000000000000000000000000000000000000000000000000|RICH|1|774|DISP=ACCEPT_INSTALL|DETAIL=rt3_map_g1
0000000000000000000000000000000000000000000000000000000000000000|0000000000000000000000000000000000000000000000000000000000000000|0|3|rt4_TMB-5_MAP_g1_06787.r24|2|1|RICH|776|0|2790|0000000000000000000000000000000000000000000000000000000000000000|RICH|1|776|DISP=ACCEPT_INSTALL|DETAIL=rt3_map_g1
0000000000000000000000000000000000000000000000000000000000000000|0000000000000000000000000000000000000000000000000000000000000000|0|3|rt4_TMB-5_MAP_g1_06788.r24|2|1|RICH|778|0|2790|0000000000000000000000000000000000000000000000000000000000000000|RICH|1|778|DISP=ACCEPT_INSTALL|DETAIL=rt3_map_g1
0000000000000000000000000000000000000000000000000000000000000000|0000000000000000000000000000000000000000000000000000000000000000|0|3|rt4_TMB-5_MAP_g1_06789.r24|2|1|RICH|780|0|2790|0000000000000000000000000000000000000000000000000000000000000000|RICH|1|780|DISP=ACCEPT_INSTALL|DETAIL=rt3_map_g1
0000000000000000000000000000000000000000000000000000000000000000|0000000000000000000000000000000000000000000000000000000000000000|0|3|rt4_TMB-5_MAP_g1_06790.r24|2|1|RICH|782|0|2790|0000000000000000000000000000000000000000000000000000000000000000|RICH|1|782|DISP=ACCEPT_INSTALL|DETAIL=rt3_map_g1
0000000000000000000000000000000000000000000000000000000000000000|0000000000000000000000000000000000000000000000000000000000000000|0|3|rt4_TMB-5_MAP_g1_06791.r24|2|1|RICH|784|0|2790|0000000000000000000000000000000000000000000000000000000000000000|RICH|1|784|DISP=ACCEPT_INSTALL|DETAIL=rt3_map_g1
0000000000000000000000000000000000000000000000000000000000000000|0000000000000000000000000000000000000000000000000000000000000000|0|3|rt4_TMB-5_MAP_g1_06792.r24|2|1|RICH|786|0|2790|0000000000000000000000000000000000000000000000000000000000000000|RICH|1|786|DISP=ACCEPT_INSTALL|DETAIL=rt3_map_g1
0000000000000000000000000000000000000000000000000000000000000000|0000000000000000000000000000000000000000000000000000000000000000|0|3|rt4_TMB-5_MAP_g1_06793.r24|2|1|RICH|788|0|2790|0000000000000000000000000000000000000000000000000000000000000000|RICH|1|788|DISP=ACCEPT_INSTALL|DETAIL=rt3_map_g1
0000000000000000000000000000000000000000000000000000000000000000|0000000000000000000000000000000000000000000000000000000000000000|0|3|rt4_TMB-5_MAP_g1_06794.r24|2|1|RICH|790|0|2790|0000000000000000000000000000000000000000000000000000000000000000|RICH|1|790|DISP=ACCEPT_INSTALL|DETAIL=rt3_map_g1
0000000000000000000000000000000000000000000000000000000000000000|0000000000000000000000000000000000000000000000000000000000000000|0|3|rt4_TMB-5_MAP_g1_06795.r24|2|1|RICH|792|0|2790|0000000000000000000000000000000000000000000000000000000000000000|RICH|1|792|DISP=ACCEPT_INSTALL|DETAIL=rt3_map_g1
0000000000000000000000000000000000000000000000000000000000000000|0000000000000000000000000000000000000000000000000000000000000000|0|3|rt4_TMB-5_MAP_g1_06796.r24|2|1|RICH|794|0|2790|0000000000000000000000000000000000000000000000000000000000000000|RICH|1|794|DISP=ACCEPT_INSTALL|DETAIL=rt3_map_g1
0000000000000000000000000000000000000000000000000000000000000000|0000000000000000000000000000000000000000000000000000000000000000|0|3|rt4_TMB-5_MAP_g1_06797.r24|2|1|RICH|796|0|2790|0000000000000000000000000000000000000000000000000000000000000000|RICH|1|796|DISP=ACCEPT_INSTALL|DETAIL=rt3_map_g1
0000000000000000000000000000000000000000000000000000000000000000|0000000000000000000000000000000000000000000000000000000000000000|0|3|rt4_TMB-5_MAP_g1_06798.r24|2|1|RICH|798|0|2790|0000000000000000000000000000000000000000000000000000000000000000|RICH|1|798|DISP=ACCEPT_INSTALL|DETAIL=rt3_map_g1
0000000000000000000000000000000000000000000000000000000000000000|0000000000000000000000000000000000000000000000000000000000000000|0|3|rt4_TMB-5_MAP_g1_06799.r24|2|1|RICH|800|0|2790|0000000000000000000000000000000000000000000000000000000000000000|RICH|1|800|DISP=ACCEPT_INSTALL|DETAIL=rt3_map_g1
0000000000000000000000000000000000000000000000000000000000000000|0000000000000000000000000000000000000000000000000000000000000000|0|3|rt4_TMB-5_MAP_g1_06800.r24|2|1|RICH|802|0|2790|0000000000000000000000000000000000000000000000000000000000000000|RICH|1|802|DISP=ACCEPT_INSTALL|DETAIL=rt3_map_g1
0000000000000000000000000000000000000000000000000000000000000000|0000000000000000000000000000000000000000000000000000000000000000|0|3|rt4_TMB-5_MAP_g1_06801.r24|2|1|RICH|804|0|2790|0000000000000000000000000000000000000000000000000000000000000000|RICH|1|804|DISP=ACCEPT_INSTALL|DETAIL=rt3_map_g1
0000000000000000000000000000000000000000000000000000000000000000|0000000000000000000000000000000000000000000000000000000000000000|0|3|rt4_TMB-5_MAP_g1_06802.r24|2|1|RICH|806|0|2790|0000000000000000000000000000000000000000000000000000000000000000|RICH|1|806|DISP=ACCEPT_INSTALL|DETAIL=rt3_map_g1
0000000000000000000000000000000000000000000000000000000000000000|0000000000000000000000000000000000000000000000000000000000000000|0|3|rt4_TMB-5_MAP_g1_06803.r24|2|1|RICH|808|0|2790|0000000000000000000000000000000000000000000000000000000000000000|RICH|1|808|DISP=ACCEPT_INSTALL|DETAIL=rt3_map_g1
0000000000000000000000000000000000000000000000000000000000000000|0000000000000000000000000000000000000000000000000000000000000000|0|3|rt4_TMB-5_MAP_g1_06804.r24|2|1|RICH|810|0|2790|0000000000000000000000000000000000000000000000000000000000000000|RICH|1|810|DISP=ACCEPT_INSTALL|DETAIL=rt3_map_g1
0000000000000000000000000000000000000000000000000000000000000000|0000000000000000000000000000000000000000000000000000000000000000|0|3|rt4_TMB-5_MAP_g1_06805.r24|2|1|RICH|812|0|2790|0000000000000000000000000000000000000000000000000000000000000000|RICH|1|812|DISP=ACCEPT_INSTALL|DETAIL=rt3_map_g1
0000000000000000000000000000000000000000000000000000000000000000|0000000000000000000000000000000000000000000000000000000000000000|0|3|rt4_TMB-5_MAP_g1_06806.r24|2|1|RICH|814|0|2790|0000000000000000000000000000000000000000000000000000000000000000|RICH|1|814|DISP=ACCEPT_INSTALL|DETAIL=rt3_map_g1
0000000000000000000000000000000000000000000000000000000000000000|0000000000000000000000000000000000000000000000000000000000000000|0|3|rt4_TMB-5_MAP_g1_06807.r24|2|1|RICH|816|0|2790|0000000000000000000000000000000000000000000000000000000000000000|RICH|1|816|DISP=ACCEPT_INSTALL|DETAIL=rt3_map_g1
0000000000000000000000000000000000000000000000000000000000000000|0000000000000000000000000000000000000000000000000000000000000000|0|3|rt4_TMB-5_MAP_g1_06808.r24|2|1|RICH|818|0|2790|0000000000000000000000000000000000000000000000000000000000000000|RICH|1|818|DISP=ACCEPT_INSTALL|DETAIL=rt3_map_g1
0000000000000000000000000000000000000000000000000000000000000000|0000000000000000000000000000000000000000000000000000000000000000|0|3|rt4_TMB-5_MAP_g1_06809.r24|2|1|RICH|820|0|2790|0000000000000000000000000000000000000000000000000000000000000000|RICH|1|820|DISP=ACCEPT_INSTALL|DETAIL=rt3_map_g1
0000000000000000000000000000000000000000000000000000000000000000|0000000000000000000000000000000000000000000000000000000000000000|0|3|rt4_TMB-5_MAP_g1_06810.r24|2|1|RICH|822|0|2790|0000000000000000000000000000000000000000000000000000000000000000|RICH|1|822|DISP=ACCEPT_INSTALL|DETAIL=rt3_map_g1
0000000000000000000000000000000000000000000000000000000000000000|0000000000000000000000000000000000000000000000000000000000000000|0|3|rt4_TMB-5_MAP_g1_06811.r24|2|1|RICH|824|0|2790|0000000000000000000000000000000000000000000000000000000000000000|RICH|1|824|DISP=ACCEPT_INSTALL|DETAIL=rt3_map_g1
0000000000000000000000000000000000000000000000000000000000000000|0000000000000000000000000000000000000000000000000000000000000000|0|3|rt4_TMB-5_MAP_g1_06812.r24|2|1|RICH|826|0|2790|0000000000000000000000000000000000000000000000000000000000000000|RICH|1|826|DISP=ACCEPT_INSTALL|DETAIL=rt3_map_g1
0000000000000000000000000000000000000000000000000000000000000000|0000000000000000000000000000000000000000000000000000000000000000|0|3|rt4_TMB-5_MAP_g1_06813.r24|2|1|RICH|828|0|2790|0000000000000000000000000000000000000000000000000000000000000000|RICH|1|828|DISP=ACCEPT_INSTALL|DETAIL=rt3_map_g1
0000000000000000000000000000000000000000000000000000000000000000|0000000000000000000000000000000000000000000000000000000000000000|0|3|rt4_TMB-5_MAP_g1_06814.r24|2|1|RICH|830|0|2790|0000000000000000000000000000000000000000000000000000000000000000|RICH|1|830|DISP=ACCEPT_INSTALL|DETAIL=rt3_map_g1
0000000000000000000000000000000000000000000000000000000000000000|0000000000000000000000000000000000000000000000000000000000000000|0|3|rt4_TMB-5_MAP_g1_06815.r24|2|1|RICH|832|0|2790|0000000000000000000000000000000000000000000000000000000000000000|RICH|1|832|DISP=ACCEPT_INSTALL|DETAIL=rt3_map_g1
0000000000000000000000000000000000000000000000000000000000000000|0000000000000000000000000000000000000000000000000000000000000000|0|3|rt4_TMB-5_MAP_g1_06816.r24|2|1|RICH|834|0|2790|0000000000000000000000000000000000000000000000000000000000000000|RICH|1|834|DISP=ACCEPT_INSTALL|DETAIL=rt3_map_g1
0000000000000000000000000000000000000000000000000000000000000000|0000000000000000000000000000000000000000000000000000000000000000|0|3|rt4_TMB-5_MAP_g1_06817.r24|2|1|RICH|836|0|2790|0000000000000000000000000000000000000000000000000000000000000000|RICH|1|836|DISP=ACCEPT_INSTALL|DETAIL=rt3_map_g1
0000000000000000000000000000000000000000000000000000000000000000|0000000000000000000000000000000000000000000000000000000000000000|0|3|rt4_TMB-5_MAP_g1_06818.r24|2|1|RICH|838|0|2790|0000000000000000000000000000000000000000000000000000000000000000|RICH|1|838|DISP=ACCEPT_INSTALL|DETAIL=rt3_map_g1
0000000000000000000000000000000000000000000000000000000000000000|0000000000000000000000000000000000000000000000000000000000000000|0|3|rt4_TMB-5_MAP_g1_06819.r24|2|1|RICH|840|0|2790|0000000000000000000000000000000000000000000000000000000000000000|RICH|1|840|DISP=ACCEPT_INSTALL|DETAIL=rt3_map_g1
0000000000000000000000000000000000000000000000000000000000000000|0000000000000000000000000000000000000000000000000000000000000000|0|3|rt4_TMB-5_MAP_g1_06820.r24|2|1|RICH|842|0|2790|0000000000000000000000000000000000000000000000000000000000000000|RICH|1|842|DISP=ACCEPT_INSTALL|DETAIL=rt3_map_g1
0000000000000000000000000000000000000000000000000000000000000000|0000000000000000000000000000000000000000000000000000000000000000|0|3|rt4_TMB-5_MAP_g1_06821.r24|2|1|RICH|844|0|2790|0000000000000000000000000000000000000000000000000000000000000000|RICH|1|844|DISP=ACCEPT_INSTALL|DETAIL=rt3_map_g1
0000000000000000000000000000000000000000000000000000000000000000|0000000000000000000000000000000000000000000000000000000000000000|0|3|rt4_TMB-5_MAP_g1_06822.r24|2|1|RICH|846|0|2790|0000000000000000000000000000000000000000000000000000000000000000|RICH|1|846|DISP=ACCEPT_INSTALL|DETAIL=rt3_map_g1
0000000000000000000000000000000000000000000000000000000000000000|0000000000000000000000000000000000000000000000000000000000000000|0|3|rt4_TMB-5_MAP_g1_06823.r24|2|1|RICH|848|0|2790|0000000000000000000000000000000000000000000000000000000000000000|RICH|1|848|DISP=ACCEPT_INSTALL|DETAIL=rt3_map_g1
0000000000000000000000000000000000000000000000000000000000000000|0000000000000000000000000000000000000000000000000000000000000000|0|3|rt4_TMB-5_MAP_g1_06824.r24|2|1|RICH|850|0|2790|0000000000000000000000000000000000000000000000000000000000000000|RICH|1|850|DISP=ACCEPT_INSTALL|DETAIL=rt3_map_g1
0000000000000000000000000000000000000000000000000000000000000000|0000000000000000000000000000000000000000000000000000000000000000|0|3|rt4_TMB-5_MAP_g1_06825.r24|2|1|RICH|852|0|2790|0000000000000000000000000000000000000000000000000000000000000000|RICH|1|852|DISP=ACCEPT_INSTALL|DETAIL=rt3_map_g1
0000000000000000000000000000000000000000000000000000000000000000|0000000000000000000000000000000000000000000000000000000000000000|0|3|rt4_TMB-5_MAP_g1_06826.r24|2|1|RICH|854|0|2790|0000000000000000000000000000000000000000000000000000000000000000|RICH|1|854|DISP=ACCEPT_INSTALL|DETAIL=rt3_map_g1
0000000000000000000000000000000000000000000000000000000000000000|0000000000000000000000000000000000000000000000000000000000000000|0|3|rt4_TMB-5_MAP_g1_06827.r24|2|1|RICH|856|0|2790|0000000000000000000000000000000000000000000000000000000000000000|RICH|1|856|DISP=ACCEPT_INSTALL|DETAIL=rt3_map_g1
0000000000000000000000000000000000000000000000000000000000000000|0000000000000000000000000000000000000000000000000000000000000000|0|3|rt4_TMB-5_MAP_g1_06828.r24|2|1|RICH|858|0|2790|0000000000000000000000000000000000000000000000000000000000000000|RICH|1|858|DISP=ACCEPT_INSTALL|DETAIL=rt3_map_g1
0000000000000000000000000000000000000000000000000000000000000000|0000000000000000000000000000000000000000000000000000000000000000|0|3|rt4_TMB-5_MAP_g1_06829.r24|2|1|RICH|860|0|2790|0000000000000000000000000000000000000000000000000000000000000000|RICH|1|860|DISP=ACCEPT_INSTALL|DETAIL=rt3_map_g1
0000000000000000000000000000000000000000000000000000000000000000|0000000000000000000000000000000000000000000000000000000000000000|0|3|rt4_TMB-5_MAP_g1_06830.r24|2|1|RICH|862|0|2790|0000000000000000000000000000000000000000000000000000000000000000|RICH|1|862|DISP=ACCEPT_INSTALL|DETAIL=rt3_map_g1
0000000000000000000000000000000000000000000000000000000000000000|0000000000000000000000000000000000000000000000000000000000000000|0|3|rt4_TMB-5_MAP_g1_06831.r24|2|1|RICH|864|0|2790|0000000000000000000000000000000000000000000000000000000000000000|RICH|1|864|DISP=ACCEPT_INSTALL|DETAIL=rt3_map_g1
0000000000000000000000000000000000000000000000000000000000000000|0000000000000000000000000000000000000000000000000000000000000000|0|3|rt4_TMB-5_MAP_g1_06832.r24|2|1|RICH|866|0|2790|0000000000000000000000000000000000000000000000000000000000000000|RICH|1|866|DISP=ACCEPT_INSTALL|DETAIL=rt3_map_g1
0000000000000000000000000000000000000000000000000000000000000000|0000000000000000000000000000000000000000000000000000000000000000|0|3|rt4_TMB-5_MAP_g1_06833.r24|2|1|RICH|868|0|2790|0000000000000000000000000000000000000000000000000000000000000000|RICH|1|868|DISP=ACCEPT_INSTALL|DETAIL=rt3_map_g1
0000000000000000000000000000000000000000000000000000000000000000|0000000000000000000000000000000000000000000000000000000000000000|0|3|rt4_TMB-5_MAP_g1_06834.r24|2|1|RICH|870|0|2790|0000000000000000000000000000000000000000000000000000000000000000|RICH|1|870|DISP=ACCEPT_INSTALL|DETAIL=rt3_map_g1
0000000000000000000000000000000000000000000000000000000000000000|0000000000000000000000000000000000000000000000000000000000000000|0|3|rt4_TMB-5_MAP_g1_06835.r24|2|1|RICH|872|0|2790|0000000000000000000000000000000000000000000000000000000000000000|RICH|1|872|DISP=ACCEPT_INSTALL|DETAIL=rt3_map_g1
0000000000000000000000000000000000000000000000000000000000000000|0000000000000000000000000000000000000000000000000000000000000000|0|3|rt4_TMB-5_MAP_g1_06836.r24|2|1|RICH|874|0|2790|0000000000000000000000000000000000000000000000000000000000000000|RICH|1|874|DISP=ACCEPT_INSTALL|DETAIL=rt3_map_g1
0000000000000000000000000000000000000000000000000000000000000000|0000000000000000000000000000000000000000000000000000000000000000|0|3|rt4_TMB-5_MAP_g1_06837.r24|2|1|RICH|876|0|2790|0000000000000000000000000000000000000000000000000000000000000000|RICH|1|876|DISP=ACCEPT_INSTALL|DETAIL=rt3_map_g1
0000000000000000000000000000000000000000000000000000000000000000|0000000000000000000000000000000000000000000000000000000000000000|0|3|rt4_TMB-5_MAP_g1_06838.r24|2|1|RICH|878|0|2790|0000000000000000000000000000000000000000000000000000000000000000|RICH|1|878|DISP=ACCEPT_INSTALL|DETAIL=rt3_map_g1
0000000000000000000000000000000000000000000000000000000000000000|0000000000000000000000000000000000000000000000000000000000000000|0|3|rt4_TMB-5_MAP_g1_06839.r24|2|1|RICH|880|0|2790|0000000000000000000000000000000000000000000000000000000000000000|RICH|1|880|DISP=ACCEPT_INSTALL|DETAIL=rt3_map_g1
0000000000000000000000000000000000000000000000000000000000000000|0000000000000000000000000000000000000000000000000000000000000000|0|3|rt4_TMB-5_MAP_g1_06840.r24|2|1|RICH|540|0|2800|0000000000000000000000000000000000000000000000000000000000000000|RICH|1|540|DISP=ACCEPT_INSTALL|DETAIL=rt3_map_g1
0000000000000000000000000000000000000000000000000000000000000000|0000000000000000000000000000000000000000000000000000000000000000|0|3|rt4_TMB-5_MAP_g1_06841.r24|2|1|RICH|542|0|2800|0000000000000000000000000000000000000000000000000000000000000000|RICH|1|542|DISP=ACCEPT_INSTALL|DETAIL=rt3_map_g1
0000000000000000000000000000000000000000000000000000000000000000|0000000000000000000000000000000000000000000000000000000000000000|0|3|rt4_TMB-5_MAP_g1_06842.r24|2|1|RICH|544|0|2800|0000000000000000000000000000000000000000000000000000000000000000|RICH|1|544|DISP=ACCEPT_INSTALL|DETAIL=rt3_map_g1
0000000000000000000000000000000000000000000000000000000000000000|0000000000000000000000000000000000000000000000000000000000000000|0|3|rt4_TMB-5_MAP_g1_06843.r24|2|1|RICH|546|0|2800|0000000000000000000000000000000000000000000000000000000000000000|RICH|1|546|DISP=ACCEPT_INSTALL|DETAIL=rt3_map_g1
0000000000000000000000000000000000000000000000000000000000000000|0000000000000000000000000000000000000000000000000000000000000000|0|3|rt4_TMB-5_MAP_g1_06844.r24|2|1|RICH|548|0|2800|0000000000000000000000000000000000000000000000000000000000000000|RICH|1|548|DISP=ACCEPT_INSTALL|DETAIL=rt3_map_g1
0000000000000000000000000000000000000000000000000000000000000000|0000000000000000000000000000000000000000000000000000000000000000|0|3|rt4_TMB-5_MAP_g1_06845.r24|2|1|RICH|550|0|2800|0000000000000000000000000000000000000000000000000000000000000000|RICH|1|550|DISP=ACCEPT_INSTALL|DETAIL=rt3_map_g1
0000000000000000000000000000000000000000000000000000000000000000|0000000000000000000000000000000000000000000000000000000000000000|0|3|rt4_TMB-5_MAP_g1_06846.r24|2|1|RICH|552|0|2800|0000000000000000000000000000000000000000000000000000000000000000|RICH|1|552|DISP=ACCEPT_INSTALL|DETAIL=rt3_map_g1
0000000000000000000000000000000000000000000000000000000000000000|0000000000000000000000000000000000000000000000000000000000000000|0|3|rt4_TMB-5_MAP_g1_06847.r24|2|1|RICH|554|0|2800|0000000000000000000000000000000000000000000000000000000000000000|RICH|1|554|DISP=ACCEPT_INSTALL|DETAIL=rt3_map_g1
0000000000000000000000000000000000000000000000000000000000000000|0000000000000000000000000000000000000000000000000000000000000000|0|3|rt4_TMB-5_MAP_g1_06848.r24|2|1|RICH|556|0|2800|0000000000000000000000000000000000000000000000000000000000000000|RICH|1|556|DISP=ACCEPT_INSTALL|DETAIL=rt3_map_g1
0000000000000000000000000000000000000000000000000000000000000000|0000000000000000000000000000000000000000000000000000000000000000|0|3|rt4_TMB-5_MAP_g1_06849.r24|2|1|RICH|558|0|2800|0000000000000000000000000000000000000000000000000000000000000000|RICH|1|558|DISP=ACCEPT_INSTALL|DETAIL=rt3_map_g1
0000000000000000000000000000000000000000000000000000000000000000|0000000000000000000000000000000000000000000000000000000000000000|0|3|rt4_TMB-5_MAP_g1_06850.r24|2|1|RICH|560|0|2800|0000000000000000000000000000000000000000000000000000000000000000|RICH|1|560|DISP=ACCEPT_INSTALL|DETAIL=rt3_map_g1
0000000000000000000000000000000000000000000000000000000000000000|0000000000000000000000000000000000000000000000000000000000000000|0|3|rt4_TMB-5_MAP_g1_06851.r24|2|1|RICH|562|0|2800|0000000000000000000000000000000000000000000000000000000000000000|RICH|1|562|DISP=ACCEPT_INSTALL|DETAIL=rt3_map_g1
0000000000000000000000000000000000000000000000000000000000000000|0000000000000000000000000000000000000000000000000000000000000000|0|3|rt4_TMB-5_MAP_g1_06852.r24|2|1|RICH|564|0|2800|0000000000000000000000000000000000000000000000000000000000000000|RICH|1|564|DISP=ACCEPT_INSTALL|DETAIL=rt3_map_g1
0000000000000000000000000000000000000000000000000000000000000000|0000000000000000000000000000000000000000000000000000000000000000|0|3|rt4_TMB-5_MAP_g1_06853.r24|2|1|RICH|566|0|2800|0000000000000000000000000000000000000000000000000000000000000000|RICH|1|566|DISP=ACCEPT_INSTALL|DETAIL=rt3_map_g1
0000000000000000000000000000000000000000000000000000000000000000|0000000000000000000000000000000000000000000000000000000000000000|0|3|rt4_TMB-5_MAP_g1_06854.r24|2|1|RICH|568|0|2800|0000000000000000000000000000000000000000000000000000000000000000|RICH|1|568|DISP=ACCEPT_INSTALL|DETAIL=rt3_map_g1
0000000000000000000000000000000000000000000000000000000000000000|0000000000000000000000000000000000000000000000000000000000000000|0|3|rt4_TMB-5_MAP_g1_06855.r24|2|1|RICH|570|0|2800|0000000000000000000000000000000000000000000000000000000000000000|RICH|1|570|DISP=ACCEPT_INSTALL|DETAIL=rt3_map_g1
0000000000000000000000000000000000000000000000000000000000000000|0000000000000000000000000000000000000000000000000000000000000000|0|3|rt4_TMB-5_MAP_g1_06856.r24|2|1|RICH|572|0|2800|0000000000000000000000000000000000000000000000000000000000000000|RICH|1|572|DISP=ACCEPT_INSTALL|DETAIL=rt3_map_g1
0000000000000000000000000000000000000000000000000000000000000000|0000000000000000000000000000000000000000000000000000000000000000|0|3|rt4_TMB-5_MAP_g1_06857.r24|2|1|RICH|574|0|2800|0000000000000000000000000000000000000000000000000000000000000000|RICH|1|574|DISP=ACCEPT_INSTALL|DETAIL=rt3_map_g1
0000000000000000000000000000000000000000000000000000000000000000|0000000000000000000000000000000000000000000000000000000000000000|0|3|rt4_TMB-5_MAP_g1_06858.r24|2|1|RICH|576|0|2800|0000000000000000000000000000000000000000000000000000000000000000|RICH|1|576|DISP=ACCEPT_INSTALL|DETAIL=rt3_map_g1
0000000000000000000000000000000000000000000000000000000000000000|0000000000000000000000000000000000000000000000000000000000000000|0|3|rt4_TMB-5_MAP_g1_06859.r24|2|1|RICH|578|0|2800|0000000000000000000000000000000000000000000000000000000000000000|RICH|1|578|DISP=ACCEPT_INSTALL|DETAIL=rt3_map_g1
0000000000000000000000000000000000000000000000000000000000000000|0000000000000000000000000000000000000000000000000000000000000000|0|3|rt4_TMB-5_MAP_g1_06860.r24|2|1|RICH|580|0|2800|0000000000000000000000000000000000000000000000000000000000000000|RICH|1|580|DISP=ACCEPT_INSTALL|DETAIL=rt3_map_g1
0000000000000000000000000000000000000000000000000000000000000000|0000000000000000000000000000000000000000000000000000000000000000|0|3|rt4_TMB-5_MAP_g1_06861.r24|2|1|RICH|582|0|2800|0000000000000000000000000000000000000000000000000000000000000000|RICH|1|582|DISP=ACCEPT_INSTALL|DETAIL=rt3_map_g1
0000000000000000000000000000000000000000000000000000000000000000|0000000000000000000000000000000000000000000000000000000000000000|0|3|rt4_TMB-5_MAP_g1_06862.r24|2|1|RICH|584|0|2800|0000000000000000000000000000000000000000000000000000000000000000|RICH|1|584|DISP=ACCEPT_INSTALL|DETAIL=rt3_map_g1
0000000000000000000000000000000000000000000000000000000000000000|0000000000000000000000000000000000000000000000000000000000000000|0|3|rt4_TMB-5_MAP_g1_06863.r24|2|1|RICH|586|0|2800|0000000000000000000000000000000000000000000000000000000000000000|RICH|1|586|DISP=ACCEPT_INSTALL|DETAIL=rt3_map_g1
0000000000000000000000000000000000000000000000000000000000000000|0000000000000000000000000000000000000000000000000000000000000000|0|3|rt4_TMB-5_MAP_g1_06864.r24|2|1|RICH|588|0|2800|0000000000000000000000000000000000000000000000000000000000000000|RICH|1|588|DISP=ACCEPT_INSTALL|DETAIL=rt3_map_g1
0000000000000000000000000000000000000000000000000000000000000000|0000000000000000000000000000000000000000000000000000000000000000|0|3|rt4_TMB-5_MAP_g1_06865.r24|2|1|RICH|590|0|2800|0000000000000000000000000000000000000000000000000000000000000000|RICH|1|590|DISP=ACCEPT_INSTALL|DETAIL=rt3_map_g1
0000000000000000000000000000000000000000000000000000000000000000|0000000000000000000000000000000000000000000000000000000000000000|0|3|rt4_TMB-5_MAP_g1_06866.r24|2|1|RICH|592|0|2800|0000000000000000000000000000000000000000000000000000000000000000|RICH|1|592|DISP=ACCEPT_INSTALL|DETAIL=rt3_map_g1
0000000000000000000000000000000000000000000000000000000000000000|0000000000000000000000000000000000000000000000000000000000000000|0|3|rt4_TMB-5_MAP_g1_06867.r24|2|1|RICH|594|0|2800|0000000000000000000000000000000000000000000000000000000000000000|RICH|1|594|DISP=ACCEPT_INSTALL|DETAIL=rt3_map_g1
0000000000000000000000000000000000000000000000000000000000000000|0000000000000000000000000000000000000000000000000000000000000000|0|3|rt4_TMB-5_MAP_g1_06868.r24|2|1|RICH|596|0|2800|0000000000000000000000000000000000000000000000000000000000000000|RICH|1|596|DISP=ACCEPT_INSTALL|DETAIL=rt3_map_g1
0000000000000000000000000000000000000000000000000000000000000000|0000000000000000000000000000000000000000000000000000000000000000|0|3|rt4_TMB-5_MAP_g1_06869.r24|2|1|RICH|598|0|2800|0000000000000000000000000000000000000000000000000000000000000000|RICH|1|598|DISP=ACCEPT_INSTALL|DETAIL=rt3_map_g1
0000000000000000000000000000000000000000000000000000000000000000|0000000000000000000000000000000000000000000000000000000000000000|0|3|rt4_TMB-5_MAP_g1_06870.r24|2|1|RICH|600|0|2800|0000000000000000000000000000000000000000000000000000000000000000|RICH|1|600|DISP=ACCEPT_INSTALL|DETAIL=rt3_map_g1
0000000000000000000000000000000000000000000000000000000000000000|0000000000000000000000000000000000000000000000000000000000000000|0|3|rt4_TMB-5_MAP_g1_06871.r24|2|1|RICH|602|0|2800|0000000000000000000000000000000000000000000000000000000000000000|RICH|1|602|DISP=ACCEPT_INSTALL|DETAIL=rt3_map_g1
0000000000000000000000000000000000000000000000000000000000000000|0000000000000000000000000000000000000000000000000000000000000000|0|3|rt4_TMB-5_MAP_g1_06872.r24|2|1|RICH|604|0|2800|0000000000000000000000000000000000000000000000000000000000000000|RICH|1|604|DISP=ACCEPT_INSTALL|DETAIL=rt3_map_g1
0000000000000000000000000000000000000000000000000000000000000000|0000000000000000000000000000000000000000000000000000000000000000|0|3|rt4_TMB-5_MAP_g1_06873.r24|2|1|RICH|606|0|2800|0000000000000000000000000000000000000000000000000000000000000000|RICH|1|606|DISP=ACCEPT_INSTALL|DETAIL=rt3_map_g1
0000000000000000000000000000000000000000000000000000000000000000|0000000000000000000000000000000000000000000000000000000000000000|0|3|rt4_TMB-5_MAP_g1_06874.r24|2|1|RICH|608|0|2800|0000000000000000000000000000000000000000000000000000000000000000|RICH|1|608|DISP=ACCEPT_INSTALL|DETAIL=rt3_map_g1
0000000000000000000000000000000000000000000000000000000000000000|0000000000000000000000000000000000000000000000000000000000000000|0|3|rt4_TMB-5_MAP_g1_06875.r24|2|1|RICH|610|0|2800|0000000000000000000000000000000000000000000000000000000000000000|RICH|1|610|DISP=ACCEPT_INSTALL|DETAIL=rt3_map_g1
0000000000000000000000000000000000000000000000000000000000000000|0000000000000000000000000000000000000000000000000000000000000000|0|3|rt4_TMB-5_MAP_g1_06876.r24|2|1|RICH|612|0|2800|0000000000000000000000000000000000000000000000000000000000000000|RICH|1|612|DISP=ACCEPT_INSTALL|DETAIL=rt3_map_g1
0000000000000000000000000000000000000000000000000000000000000000|0000000000000000000000000000000000000000000000000000000000000000|0|3|rt4_TMB-5_MAP_g1_06877.r24|2|1|RICH|614|0|2800|0000000000000000000000000000000000000000000000000000000000000000|RICH|1|614|DISP=ACCEPT_INSTALL|DETAIL=rt3_map_g1
0000000000000000000000000000000000000000000000000000000000000000|0000000000000000000000000000000000000000000000000000000000000000|0|3|rt4_TMB-5_MAP_g1_06878.r24|2|1|RICH|616|0|2800|0000000000000000000000000000000000000000000000000000000000000000|RICH|1|616|DISP=ACCEPT_INSTALL|DETAIL=rt3_map_g1
0000000000000000000000000000000000000000000000000000000000000000|0000000000000000000000000000000000000000000000000000000000000000|0|3|rt4_TMB-5_MAP_g1_06879.r24|2|1|RICH|618|0|2800|0000000000000000000000000000000000000000000000000000000000000000|RICH|1|618|DISP=ACCEPT_INSTALL|DETAIL=rt3_map_g1
0000000000000000000000000000000000000000000000000000000000000000|0000000000000000000000000000000000000000000000000000000000000000|0|3|rt4_TMB-5_MAP_g1_06880.r24|2|1|RICH|620|0|2800|0000000000000000000000000000000000000000000000000000000000000000|RICH|1|620|DISP=ACCEPT_INSTALL|DETAIL=rt3_map_g1
0000000000000000000000000000000000000000000000000000000000000000|0000000000000000000000000000000000000000000000000000000000000000|0|3|rt4_TMB-5_MAP_g1_06881.r24|2|1|RICH|622|0|2800|0000000000000000000000000000000000000000000000000000000000000000|RICH|1|622|DISP=ACCEPT_INSTALL|DETAIL=rt3_map_g1
0000000000000000000000000000000000000000000000000000000000000000|0000000000000000000000000000000000000000000000000000000000000000|0|3|rt4_TMB-5_MAP_g1_06882.r24|2|1|RICH|624|0|2800|0000000000000000000000000000000000000000000000000000000000000000|RICH|1|624|DISP=ACCEPT_INSTALL|DETAIL=rt3_map_g1
0000000000000000000000000000000000000000000000000000000000000000|0000000000000000000000000000000000000000000000000000000000000000|0|3|rt4_TMB-5_MAP_g1_06883.r24|2|1|RICH|626|0|2800|0000000000000000000000000000000000000000000000000000000000000000|RICH|1|626|DISP=ACCEPT_INSTALL|DETAIL=rt3_map_g1
0000000000000000000000000000000000000000000000000000000000000000|0000000000000000000000000000000000000000000000000000000000000000|0|3|rt4_TMB-5_MAP_g1_06884.r24|2|1|RICH|628|0|2800|0000000000000000000000000000000000000000000000000000000000000000|RICH|1|628|DISP=ACCEPT_INSTALL|DETAIL=rt3_map_g1
0000000000000000000000000000000000000000000000000000000000000000|0000000000000000000000000000000000000000000000000000000000000000|0|3|rt4_TMB-5_MAP_g1_06885.r24|2|1|RICH|630|0|2800|0000000000000000000000000000000000000000000000000000000000000000|RICH|1|630|DISP=ACCEPT_INSTALL|DETAIL=rt3_map_g1
0000000000000000000000000000000000000000000000000000000000000000|0000000000000000000000000000000000000000000000000000000000000000|0|3|rt4_TMB-5_MAP_g1_06886.r24|2|1|RICH|632|0|2800|0000000000000000000000000000000000000000000000000000000000000000|RICH|1|632|DISP=ACCEPT_INSTALL|DETAIL=rt3_map_g1
0000000000000000000000000000000000000000000000000000000000000000|0000000000000000000000000000000000000000000000000000000000000000|0|3|rt4_TMB-5_MAP_g1_06887.r24|2|1|RICH|634|0|2800|0000000000000000000000000000000000000000000000000000000000000000|RICH|1|634|DISP=ACCEPT_INSTALL|DETAIL=rt3_map_g1
0000000000000000000000000000000000000000000000000000000000000000|0000000000000000000000000000000000000000000000000000000000000000|0|3|rt4_TMB-5_MAP_g1_06888.r24|2|1|RICH|636|0|2800|0000000000000000000000000000000000000000000000000000000000000000|RICH|1|636|DISP=ACCEPT_INSTALL|DETAIL=rt3_map_g1
0000000000000000000000000000000000000000000000000000000000000000|0000000000000000000000000000000000000000000000000000000000000000|0|3|rt4_TMB-5_MAP_g1_06889.r24|2|1|RICH|638|0|2800|0000000000000000000000000000000000000000000000000000000000000000|RICH|1|638|DISP=ACCEPT_INSTALL|DETAIL=rt3_map_g1
0000000000000000000000000000000000000000000000000000000000000000|0000000000000000000000000000000000000000000000000000000000000000|0|3|rt4_TMB-5_MAP_g1_06890.r24|2|1|RICH|640|0|2800|0000000000000000000000000000000000000000000000000000000000000000|RICH|1|640|DISP=ACCEPT_INSTALL|DETAIL=rt3_map_g1
0000000000000000000000000000000000000000000000000000000000000000|0000000000000000000000000000000000000000000000000000000000000000|0|3|rt4_TMB-5_MAP_g1_06891.r24|2|1|RICH|642|0|2800|0000000000000000000000000000000000000000000000000000000000000000|RICH|1|642|DISP=ACCEPT_INSTALL|DETAIL=rt3_map_g1
0000000000000000000000000000000000000000000000000000000000000000|0000000000000000000000000000000000000000000000000000000000000000|0|3|rt4_TMB-5_MAP_g1_06892.r24|2|1|RICH|644|0|2800|0000000000000000000000000000000000000000000000000000000000000000|RICH|1|644|DISP=ACCEPT_INSTALL|DETAIL=rt3_map_g1
0000000000000000000000000000000000000000000000000000000000000000|0000000000000000000000000000000000000000000000000000000000000000|0|3|rt4_TMB-5_MAP_g1_06893.r24|2|1|RICH|646|0|2800|0000000000000000000000000000000000000000000000000000000000000000|RICH|1|646|DISP=ACCEPT_INSTALL|DETAIL=rt3_map_g1
0000000000000000000000000000000000000000000000000000000000000000|0000000000000000000000000000000000000000000000000000000000000000|0|3|rt4_TMB-5_MAP_g1_06894.r24|2|1|RICH|648|0|2800|0000000000000000000000000000000000000000000000000000000000000000|RICH|1|648|DISP=ACCEPT_INSTALL|DETAIL=rt3_map_g1
0000000000000000000000000000000000000000000000000000000000000000|0000000000000000000000000000000000000000000000000000000000000000|0|3|rt4_TMB-5_MAP_g1_06895.r24|2|1|RICH|650|0|2800|0000000000000000000000000000000000000000000000000000000000000000|RICH|1|650|DISP=ACCEPT_INSTALL|DETAIL=rt3_map_g1
0000000000000000000000000000000000000000000000000000000000000000|0000000000000000000000000000000000000000000000000000000000000000|0|3|rt4_TMB-5_MAP_g1_06896.r24|2|1|RICH|652|0|2800|0000000000000000000000000000000000000000000000000000000000000000|RICH|1|652|DISP=ACCEPT_INSTALL|DETAIL=rt3_map_g1
0000000000000000000000000000000000000000000000000000000000000000|0000000000000000000000000000000000000000000000000000000000000000|0|3|rt4_TMB-5_MAP_g1_06897.r24|2|1|RICH|654|0|2800|0000000000000000000000000000000000000000000000000000000000000000|RICH|1|654|DISP=ACCEPT_INSTALL|DETAIL=rt3_map_g1
0000000000000000000000000000000000000000000000000000000000000000|0000000000000000000000000000000000000000000000000000000000000000|0|3|rt4_TMB-5_MAP_g1_06898.r24|2|1|RICH|656|0|2800|0000000000000000000000000000000000000000000000000000000000000000|RICH|1|656|DISP=ACCEPT_INSTALL|DETAIL=rt3_map_g1
0000000000000000000000000000000000000000000000000000000000000000|0000000000000000000000000000000000000000000000000000000000000000|0|3|rt4_TMB-5_MAP_g1_06899.r24|2|1|RICH|658|0|2800|0000000000000000000000000000000000000000000000000000000000000000|RICH|1|658|DISP=ACCEPT_INSTALL|DETAIL=rt3_map_g1
0000000000000000000000000000000000000000000000000000000000000000|0000000000000000000000000000000000000000000000000000000000000000|0|3|rt4_TMB-5_MAP_g1_06900.r24|2|1|RICH|660|0|2800|0000000000000000000000000000000000000000000000000000000000000000|RICH|1|660|DISP=ACCEPT_INSTALL|DETAIL=rt3_map_g1
0000000000000000000000000000000000000000000000000000000000000000|0000000000000000000000000000000000000000000000000000000000000000|0|3|rt4_TMB-5_MAP_g1_06901.r24|2|1|RICH|662|0|2800|0000000000000000000000000000000000000000000000000000000000000000|RICH|1|662|DISP=ACCEPT_INSTALL|DETAIL=rt3_map_g1
0000000000000000000000000000000000000000000000000000000000000000|0000000000000000000000000000000000000000000000000000000000000000|0|3|rt4_TMB-5_MAP_g1_06902.r24|2|1|RICH|664|0|2800|0000000000000000000000000000000000000000000000000000000000000000|RICH|1|664|DISP=ACCEPT_INSTALL|DETAIL=rt3_map_g1
0000000000000000000000000000000000000000000000000000000000000000|0000000000000000000000000000000000000000000000000000000000000000|0|3|rt4_TMB-5_MAP_g1_06903.r24|2|1|RICH|666|0|2800|0000000000000000000000000000000000000000000000000000000000000000|RICH|1|666|DISP=ACCEPT_INSTALL|DETAIL=rt3_map_g1
0000000000000000000000000000000000000000000000000000000000000000|0000000000000000000000000000000000000000000000000000000000000000|0|3|rt4_TMB-5_MAP_g1_06904.r24|2|1|RICH|668|0|2800|0000000000000000000000000000000000000000000000000000000000000000|RICH|1|668|DISP=ACCEPT_INSTALL|DETAIL=rt3_map_g1
0000000000000000000000000000000000000000000000000000000000000000|0000000000000000000000000000000000000000000000000000000000000000|0|3|rt4_TMB-5_MAP_g1_06905.r24|2|1|RICH|670|0|2800|0000000000000000000000000000000000000000000000000000000000000000|RICH|1|670|DISP=ACCEPT_INSTALL|DETAIL=rt3_map_g1
0000000000000000000000000000000000000000000000000000000000000000|0000000000000000000000000000000000000000000000000000000000000000|0|3|rt4_TMB-5_MAP_g1_06906.r24|2|1|RICH|672|0|2800|0000000000000000000000000000000000000000000000000000000000000000|RICH|1|672|DISP=ACCEPT_INSTALL|DETAIL=rt3_map_g1
0000000000000000000000000000000000000000000000000000000000000000|0000000000000000000000000000000000000000000000000000000000000000|0|3|rt4_TMB-5_MAP_g1_06907.r24|2|1|RICH|674|0|2800|0000000000000000000000000000000000000000000000000000000000000000|RICH|1|674|DISP=ACCEPT_INSTALL|DETAIL=rt3_map_g1
0000000000000000000000000000000000000000000000000000000000000000|0000000000000000000000000000000000000000000000000000000000000000|0|3|rt4_TMB-5_MAP_g1_06908.r24|2|1|RICH|676|0|2800|0000000000000000000000000000000000000000000000000000000000000000|RICH|1|676|DISP=ACCEPT_INSTALL|DETAIL=rt3_map_g1
0000000000000000000000000000000000000000000000000000000000000000|0000000000000000000000000000000000000000000000000000000000000000|0|3|rt4_TMB-5_MAP_g1_06909.r24|2|1|RICH|678|0|2800|0000000000000000000000000000000000000000000000000000000000000000|RICH|1|678|DISP=ACCEPT_INSTALL|DETAIL=rt3_map_g1
0000000000000000000000000000000000000000000000000000000000000000|0000000000000000000000000000000000000000000000000000000000000000|0|3|rt4_TMB-5_MAP_g1_06910.r24|2|1|RICH|680|0|2800|0000000000000000000000000000000000000000000000000000000000000000|RICH|1|680|DISP=ACCEPT_INSTALL|DETAIL=rt3_map_g1
0000000000000000000000000000000000000000000000000000000000000000|0000000000000000000000000000000000000000000000000000000000000000|0|3|rt4_TMB-5_MAP_g1_06911.r24|2|1|RICH|682|0|2800|0000000000000000000000000000000000000000000000000000000000000000|RICH|1|682|DISP=ACCEPT_INSTALL|DETAIL=rt3_map_g1
0000000000000000000000000000000000000000000000000000000000000000|0000000000000000000000000000000000000000000000000000000000000000|0|3|rt4_TMB-5_MAP_g1_06912.r24|2|1|RICH|684|0|2800|0000000000000000000000000000000000000000000000000000000000000000|RICH|1|684|DISP=ACCEPT_INSTALL|DETAIL=rt3_map_g1
0000000000000000000000000000000000000000000000000000000000000000|0000000000000000000000000000000000000000000000000000000000000000|0|3|rt4_TMB-5_MAP_g1_06913.r24|2|1|RICH|686|0|2800|0000000000000000000000000000000000000000000000000000000000000000|RICH|1|686|DISP=ACCEPT_INSTALL|DETAIL=rt3_map_g1
0000000000000000000000000000000000000000000000000000000000000000|0000000000000000000000000000000000000000000000000000000000000000|0|3|rt4_TMB-5_MAP_g1_06914.r24|2|1|RICH|688|0|2800|0000000000000000000000000000000000000000000000000000000000000000|RICH|1|688|DISP=ACCEPT_INSTALL|DETAIL=rt3_map_g1
0000000000000000000000000000000000000000000000000000000000000000|0000000000000000000000000000000000000000000000000000000000000000|0|3|rt4_TMB-5_MAP_g1_06915.r24|2|1|RICH|690|0|2800|0000000000000000000000000000000000000000000000000000000000000000|RICH|1|690|DISP=ACCEPT_INSTALL|DETAIL=rt3_map_g1
0000000000000000000000000000000000000000000000000000000000000000|0000000000000000000000000000000000000000000000000000000000000000|0|3|rt4_TMB-5_MAP_g1_06916.r24|2|1|RICH|692|0|2800|0000000000000000000000000000000000000000000000000000000000000000|RICH|1|692|DISP=ACCEPT_INSTALL|DETAIL=rt3_map_g1
0000000000000000000000000000000000000000000000000000000000000000|0000000000000000000000000000000000000000000000000000000000000000|0|3|rt4_TMB-5_MAP_g1_06917.r24|2|1|RICH|694|0|2800|0000000000000000000000000000000000000000000000000000000000000000|RICH|1|694|DISP=ACCEPT_INSTALL|DETAIL=rt3_map_g1
0000000000000000000000000000000000000000000000000000000000000000|0000000000000000000000000000000000000000000000000000000000000000|0|3|rt4_TMB-5_MAP_g1_06918.r24|2|1|RICH|696|0|2800|0000000000000000000000000000000000000000000000000000000000000000|RICH|1|696|DISP=ACCEPT_INSTALL|DETAIL=rt3_map_g1
0000000000000000000000000000000000000000000000000000000000000000|0000000000000000000000000000000000000000000000000000000000000000|0|3|rt4_TMB-5_MAP_g1_06919.r24|2|1|RICH|698|0|2800|0000000000000000000000000000000000000000000000000000000000000000|RICH|1|698|DISP=ACCEPT_INSTALL|DETAIL=rt3_map_g1
0000000000000000000000000000000000000000000000000000000000000000|0000000000000000000000000000000000000000000000000000000000000000|0|3|rt4_TMB-5_MAP_g1_06920.r24|2|1|RICH|700|0|2800|0000000000000000000000000000000000000000000000000000000000000000|RICH|1|700|DISP=ACCEPT_INSTALL|DETAIL=rt3_map_g1
0000000000000000000000000000000000000000000000000000000000000000|0000000000000000000000000000000000000000000000000000000000000000|0|3|rt4_TMB-5_MAP_g1_06921.r24|2|1|RICH|702|0|2800|0000000000000000000000000000000000000000000000000000000000000000|RICH|1|702|DISP=ACCEPT_INSTALL|DETAIL=rt3_map_g1
0000000000000000000000000000000000000000000000000000000000000000|0000000000000000000000000000000000000000000000000000000000000000|0|3|rt4_TMB-5_MAP_g1_06922.r24|2|1|RICH|704|0|2800|0000000000000000000000000000000000000000000000000000000000000000|RICH|1|704|DISP=ACCEPT_INSTALL|DETAIL=rt3_map_g1
0000000000000000000000000000000000000000000000000000000000000000|0000000000000000000000000000000000000000000000000000000000000000|0|3|rt4_TMB-5_MAP_g1_06923.r24|2|1|RICH|706|0|2800|0000000000000000000000000000000000000000000000000000000000000000|RICH|1|706|DISP=ACCEPT_INSTALL|DETAIL=rt3_map_g1
0000000000000000000000000000000000000000000000000000000000000000|0000000000000000000000000000000000000000000000000000000000000000|0|3|rt4_TMB-5_MAP_g1_06924.r24|2|1|RICH|708|0|2800|0000000000000000000000000000000000000000000000000000000000000000|RICH|1|708|DISP=ACCEPT_INSTALL|DETAIL=rt3_map_g1
0000000000000000000000000000000000000000000000000000000000000000|0000000000000000000000000000000000000000000000000000000000000000|0|3|rt4_TMB-5_MAP_g1_06925.r24|2|1|RICH|710|0|2800|0000000000000000000000000000000000000000000000000000000000000000|RICH|1|710|DISP=ACCEPT_INSTALL|DETAIL=rt3_map_g1
0000000000000000000000000000000000000000000000000000000000000000|0000000000000000000000000000000000000000000000000000000000000000|0|3|rt4_TMB-5_MAP_g1_06926.r24|2|1|RICH|712|0|2800|0000000000000000000000000000000000000000000000000000000000000000|RICH|1|712|DISP=ACCEPT_INSTALL|DETAIL=rt3_map_g1
0000000000000000000000000000000000000000000000000000000000000000|0000000000000000000000000000000000000000000000000000000000000000|0|3|rt4_TMB-5_MAP_g1_06927.r24|2|1|RICH|714|0|2800|0000000000000000000000000000000000000000000000000000000000000000|RICH|1|714|DISP=ACCEPT_INSTALL|DETAIL=rt3_map_g1
0000000000000000000000000000000000000000000000000000000000000000|0000000000000000000000000000000000000000000000000000000000000000|0|3|rt4_TMB-5_MAP_g1_06928.r24|2|1|RICH|716|0|2800|0000000000000000000000000000000000000000000000000000000000000000|RICH|1|716|DISP=ACCEPT_INSTALL|DETAIL=rt3_map_g1
0000000000000000000000000000000000000000000000000000000000000000|0000000000000000000000000000000000000000000000000000000000000000|0|3|rt4_TMB-5_MAP_g1_06929.r24|2|1|RICH|718|0|2800|0000000000000000000000000000000000000000000000000000000000000000|RICH|1|718|DISP=ACCEPT_INSTALL|DETAIL=rt3_map_g1
0000000000000000000000000000000000000000000000000000000000000000|0000000000000000000000000000000000000000000000000000000000000000|0|3|rt4_TMB-5_MAP_g1_06930.r24|2|1|RICH|720|0|2800|0000000000000000000000000000000000000000000000000000000000000000|RICH|1|720|DISP=ACCEPT_INSTALL|DETAIL=rt3_map_g1
0000000000000000000000000000000000000000000000000000000000000000|0000000000000000000000000000000000000000000000000000000000000000|0|3|rt4_TMB-5_MAP_g1_06931.r24|2|1|RICH|722|0|2800|0000000000000000000000000000000000000000000000000000000000000000|RICH|1|722|DISP=ACCEPT_INSTALL|DETAIL=rt3_map_g1
0000000000000000000000000000000000000000000000000000000000000000|0000000000000000000000000000000000000000000000000000000000000000|0|3|rt4_TMB-5_MAP_g1_06932.r24|2|1|RICH|724|0|2800|0000000000000000000000000000000000000000000000000000000000000000|RICH|1|724|DISP=ACCEPT_INSTALL|DETAIL=rt3_map_g1
0000000000000000000000000000000000000000000000000000000000000000|0000000000000000000000000000000000000000000000000000000000000000|0|3|rt4_TMB-5_MAP_g1_06933.r24|2|1|RICH|726|0|2800|0000000000000000000000000000000000000000000000000000000000000000|RICH|1|726|DISP=ACCEPT_INSTALL|DETAIL=rt3_map_g1
0000000000000000000000000000000000000000000000000000000000000000|0000000000000000000000000000000000000000000000000000000000000000|0|3|rt4_TMB-5_MAP_g1_06934.r24|2|1|RICH|728|0|2800|0000000000000000000000000000000000000000000000000000000000000000|RICH|1|728|DISP=ACCEPT_INSTALL|DETAIL=rt3_map_g1
0000000000000000000000000000000000000000000000000000000000000000|0000000000000000000000000000000000000000000000000000000000000000|0|3|rt4_TMB-5_MAP_g1_06935.r24|2|1|RICH|730|0|2800|0000000000000000000000000000000000000000000000000000000000000000|RICH|1|730|DISP=ACCEPT_INSTALL|DETAIL=rt3_map_g1
0000000000000000000000000000000000000000000000000000000000000000|0000000000000000000000000000000000000000000000000000000000000000|0|3|rt4_TMB-5_MAP_g1_06936.r24|2|1|RICH|732|0|2800|0000000000000000000000000000000000000000000000000000000000000000|RICH|1|732|DISP=ACCEPT_INSTALL|DETAIL=rt3_map_g1
0000000000000000000000000000000000000000000000000000000000000000|0000000000000000000000000000000000000000000000000000000000000000|0|3|rt4_TMB-5_MAP_g1_06937.r24|2|1|RICH|734|0|2800|0000000000000000000000000000000000000000000000000000000000000000|RICH|1|734|DISP=ACCEPT_INSTALL|DETAIL=rt3_map_g1
0000000000000000000000000000000000000000000000000000000000000000|0000000000000000000000000000000000000000000000000000000000000000|0|3|rt4_TMB-5_MAP_g1_06938.r24|2|1|RICH|736|0|2800|0000000000000000000000000000000000000000000000000000000000000000|RICH|1|736|DISP=ACCEPT_INSTALL|DETAIL=rt3_map_g1
0000000000000000000000000000000000000000000000000000000000000000|0000000000000000000000000000000000000000000000000000000000000000|0|3|rt4_TMB-5_MAP_g1_06939.r24|2|1|RICH|738|0|2800|0000000000000000000000000000000000000000000000000000000000000000|RICH|1|738|DISP=ACCEPT_INSTALL|DETAIL=rt3_map_g1
0000000000000000000000000000000000000000000000000000000000000000|0000000000000000000000000000000000000000000000000000000000000000|0|3|rt4_TMB-5_MAP_g1_06940.r24|2|1|RICH|740|0|2800|0000000000000000000000000000000000000000000000000000000000000000|RICH|1|740|DISP=ACCEPT_INSTALL|DETAIL=rt3_map_g1
0000000000000000000000000000000000000000000000000000000000000000|0000000000000000000000000000000000000000000000000000000000000000|0|3|rt4_TMB-5_MAP_g1_06941.r24|2|1|RICH|742|0|2800|0000000000000000000000000000000000000000000000000000000000000000|RICH|1|742|DISP=ACCEPT_INSTALL|DETAIL=rt3_map_g1
0000000000000000000000000000000000000000000000000000000000000000|0000000000000000000000000000000000000000000000000000000000000000|0|3|rt4_TMB-5_MAP_g1_06942.r24|2|1|RICH|744|0|2800|0000000000000000000000000000000000000000000000000000000000000000|RICH|1|744|DISP=ACCEPT_INSTALL|DETAIL=rt3_map_g1
0000000000000000000000000000000000000000000000000000000000000000|0000000000000000000000000000000000000000000000000000000000000000|0|3|rt4_TMB-5_MAP_g1_06943.r24|2|1|RICH|746|0|2800|0000000000000000000000000000000000000000000000000000000000000000|RICH|1|746|DISP=ACCEPT_INSTALL|DETAIL=rt3_map_g1
0000000000000000000000000000000000000000000000000000000000000000|0000000000000000000000000000000000000000000000000000000000000000|0|3|rt4_TMB-5_MAP_g1_06944.r24|2|1|RICH|748|0|2800|0000000000000000000000000000000000000000000000000000000000000000|RICH|1|748|DISP=ACCEPT_INSTALL|DETAIL=rt3_map_g1
0000000000000000000000000000000000000000000000000000000000000000|0000000000000000000000000000000000000000000000000000000000000000|0|3|rt4_TMB-5_MAP_g1_06945.r24|2|1|RICH|750|0|2800|0000000000000000000000000000000000000000000000000000000000000000|RICH|1|750|DISP=ACCEPT_INSTALL|DETAIL=rt3_map_g1
0000000000000000000000000000000000000000000000000000000000000000|0000000000000000000000000000000000000000000000000000000000000000|0|3|rt4_TMB-5_MAP_g1_06946.r24|2|1|RICH|752|0|2800|0000000000000000000000000000000000000000000000000000000000000000|RICH|1|752|DISP=ACCEPT_INSTALL|DETAIL=rt3_map_g1
0000000000000000000000000000000000000000000000000000000000000000|0000000000000000000000000000000000000000000000000000000000000000|0|3|rt4_TMB-5_MAP_g1_06947.r24|2|1|RICH|754|0|2800|0000000000000000000000000000000000000000000000000000000000000000|RICH|1|754|DISP=ACCEPT_INSTALL|DETAIL=rt3_map_g1
0000000000000000000000000000000000000000000000000000000000000000|0000000000000000000000000000000000000000000000000000000000000000|0|3|rt4_TMB-5_MAP_g1_06948.r24|2|1|RICH|756|0|2800|0000000000000000000000000000000000000000000000000000000000000000|RICH|1|756|DISP=ACCEPT_INSTALL|DETAIL=rt3_map_g1
0000000000000000000000000000000000000000000000000000000000000000|0000000000000000000000000000000000000000000000000000000000000000|0|3|rt4_TMB-5_MAP_g1_06949.r24|2|1|RICH|758|0|2800|0000000000000000000000000000000000000000000000000000000000000000|RICH|1|758|DISP=ACCEPT_INSTALL|DETAIL=rt3_map_g1
0000000000000000000000000000000000000000000000000000000000000000|0000000000000000000000000000000000000000000000000000000000000000|0|3|rt4_TMB-5_MAP_g1_06950.r24|2|1|RICH|760|0|2800|0000000000000000000000000000000000000000000000000000000000000000|RICH|1|760|DISP=ACCEPT_INSTALL|DETAIL=rt3_map_g1
0000000000000000000000000000000000000000000000000000000000000000|0000000000000000000000000000000000000000000000000000000000000000|0|3|rt4_TMB-5_MAP_g1_06951.r24|2|1|RICH|762|0|2800|0000000000000000000000000000000000000000000000000000000000000000|RICH|1|762|DISP=ACCEPT_INSTALL|DETAIL=rt3_map_g1
0000000000000000000000000000000000000000000000000000000000000000|0000000000000000000000000000000000000000000000000000000000000000|0|3|rt4_TMB-5_MAP_g1_06952.r24|2|1|RICH|764|0|2800|0000000000000000000000000000000000000000000000000000000000000000|RICH|1|764|DISP=ACCEPT_INSTALL|DETAIL=rt3_map_g1
0000000000000000000000000000000000000000000000000000000000000000|0000000000000000000000000000000000000000000000000000000000000000|0|3|rt4_TMB-5_MAP_g1_06953.r24|2|1|RICH|766|0|2800|0000000000000000000000000000000000000000000000000000000000000000|RICH|1|766|DISP=ACCEPT_INSTALL|DETAIL=rt3_map_g1
0000000000000000000000000000000000000000000000000000000000000000|0000000000000000000000000000000000000000000000000000000000000000|0|3|rt4_TMB-5_MAP_g1_06954.r24|2|1|RICH|768|0|2800|0000000000000000000000000000000000000000000000000000000000000000|RICH|1|768|DISP=ACCEPT_INSTALL|DETAIL=rt3_map_g1
0000000000000000000000000000000000000000000000000000000000000000|0000000000000000000000000000000000000000000000000000000000000000|0|3|rt4_TMB-5_MAP_g1_06955.r24|2|1|RICH|770|0|2800|0000000000000000000000000000000000000000000000000000000000000000|RICH|1|770|DISP=ACCEPT_INSTALL|DETAIL=rt3_map_g1
0000000000000000000000000000000000000000000000000000000000000000|0000000000000000000000000000000000000000000000000000000000000000|0|3|rt4_TMB-5_MAP_g1_06956.r24|2|1|RICH|772|0|2800|0000000000000000000000000000000000000000000000000000000000000000|RICH|1|772|DISP=ACCEPT_INSTALL|DETAIL=rt3_map_g1
0000000000000000000000000000000000000000000000000000000000000000|0000000000000000000000000000000000000000000000000000000000000000|0|3|rt4_TMB-5_MAP_g1_06957.r24|2|1|RICH|774|0|2800|0000000000000000000000000000000000000000000000000000000000000000|RICH|1|774|DISP=ACCEPT_INSTALL|DETAIL=rt3_map_g1
0000000000000000000000000000000000000000000000000000000000000000|0000000000000000000000000000000000000000000000000000000000000000|0|3|rt4_TMB-5_MAP_g1_06958.r24|2|1|RICH|776|0|2800|0000000000000000000000000000000000000000000000000000000000000000|RICH|1|776|DISP=ACCEPT_INSTALL|DETAIL=rt3_map_g1
0000000000000000000000000000000000000000000000000000000000000000|0000000000000000000000000000000000000000000000000000000000000000|0|3|rt4_TMB-5_MAP_g1_06959.r24|2|1|RICH|778|0|2800|0000000000000000000000000000000000000000000000000000000000000000|RICH|1|778|DISP=ACCEPT_INSTALL|DETAIL=rt3_map_g1
0000000000000000000000000000000000000000000000000000000000000000|0000000000000000000000000000000000000000000000000000000000000000|0|3|rt4_TMB-5_MAP_g1_06960.r24|2|1|RICH|780|0|2800|0000000000000000000000000000000000000000000000000000000000000000|RICH|1|780|DISP=ACCEPT_INSTALL|DETAIL=rt3_map_g1
0000000000000000000000000000000000000000000000000000000000000000|0000000000000000000000000000000000000000000000000000000000000000|0|3|rt4_TMB-5_MAP_g1_06961.r24|2|1|RICH|782|0|2800|0000000000000000000000000000000000000000000000000000000000000000|RICH|1|782|DISP=ACCEPT_INSTALL|DETAIL=rt3_map_g1
0000000000000000000000000000000000000000000000000000000000000000|0000000000000000000000000000000000000000000000000000000000000000|0|3|rt4_TMB-5_MAP_g1_06962.r24|2|1|RICH|784|0|2800|0000000000000000000000000000000000000000000000000000000000000000|RICH|1|784|DISP=ACCEPT_INSTALL|DETAIL=rt3_map_g1
0000000000000000000000000000000000000000000000000000000000000000|0000000000000000000000000000000000000000000000000000000000000000|0|3|rt4_TMB-5_MAP_g1_06963.r24|2|1|RICH|786|0|2800|0000000000000000000000000000000000000000000000000000000000000000|RICH|1|786|DISP=ACCEPT_INSTALL|DETAIL=rt3_map_g1
0000000000000000000000000000000000000000000000000000000000000000|0000000000000000000000000000000000000000000000000000000000000000|0|3|rt4_TMB-5_MAP_g1_06964.r24|2|1|RICH|788|0|2800|0000000000000000000000000000000000000000000000000000000000000000|RICH|1|788|DISP=ACCEPT_INSTALL|DETAIL=rt3_map_g1
0000000000000000000000000000000000000000000000000000000000000000|0000000000000000000000000000000000000000000000000000000000000000|0|3|rt4_TMB-5_MAP_g1_06965.r24|2|1|RICH|790|0|2800|0000000000000000000000000000000000000000000000000000000000000000|RICH|1|790|DISP=ACCEPT_INSTALL|DETAIL=rt3_map_g1
0000000000000000000000000000000000000000000000000000000000000000|0000000000000000000000000000000000000000000000000000000000000000|0|3|rt4_TMB-5_MAP_g1_06966.r24|2|1|RICH|792|0|2800|0000000000000000000000000000000000000000000000000000000000000000|RICH|1|792|DISP=ACCEPT_INSTALL|DETAIL=rt3_map_g1
0000000000000000000000000000000000000000000000000000000000000000|0000000000000000000000000000000000000000000000000000000000000000|0|3|rt4_TMB-5_MAP_g1_06967.r24|2|1|RICH|794|0|2800|0000000000000000000000000000000000000000000000000000000000000000|RICH|1|794|DISP=ACCEPT_INSTALL|DETAIL=rt3_map_g1
0000000000000000000000000000000000000000000000000000000000000000|0000000000000000000000000000000000000000000000000000000000000000|0|3|rt4_TMB-5_MAP_g1_06968.r24|2|1|RICH|796|0|2800|0000000000000000000000000000000000000000000000000000000000000000|RICH|1|796|DISP=ACCEPT_INSTALL|DETAIL=rt3_map_g1
0000000000000000000000000000000000000000000000000000000000000000|0000000000000000000000000000000000000000000000000000000000000000|0|3|rt4_TMB-5_MAP_g1_06969.r24|2|1|RICH|798|0|2800|0000000000000000000000000000000000000000000000000000000000000000|RICH|1|798|DISP=ACCEPT_INSTALL|DETAIL=rt3_map_g1
0000000000000000000000000000000000000000000000000000000000000000|0000000000000000000000000000000000000000000000000000000000000000|0|3|rt4_TMB-5_MAP_g1_06970.r24|2|1|RICH|800|0|2800|0000000000000000000000000000000000000000000000000000000000000000|RICH|1|800|DISP=ACCEPT_INSTALL|DETAIL=rt3_map_g1
0000000000000000000000000000000000000000000000000000000000000000|0000000000000000000000000000000000000000000000000000000000000000|0|3|rt4_TMB-5_MAP_g1_06971.r24|2|1|RICH|802|0|2800|0000000000000000000000000000000000000000000000000000000000000000|RICH|1|802|DISP=ACCEPT_INSTALL|DETAIL=rt3_map_g1
0000000000000000000000000000000000000000000000000000000000000000|0000000000000000000000000000000000000000000000000000000000000000|0|3|rt4_TMB-5_MAP_g1_06972.r24|2|1|RICH|804|0|2800|0000000000000000000000000000000000000000000000000000000000000000|RICH|1|804|DISP=ACCEPT_INSTALL|DETAIL=rt3_map_g1
0000000000000000000000000000000000000000000000000000000000000000|0000000000000000000000000000000000000000000000000000000000000000|0|3|rt4_TMB-5_MAP_g1_06973.r24|2|1|RICH|806|0|2800|0000000000000000000000000000000000000000000000000000000000000000|RICH|1|806|DISP=ACCEPT_INSTALL|DETAIL=rt3_map_g1
0000000000000000000000000000000000000000000000000000000000000000|0000000000000000000000000000000000000000000000000000000000000000|0|3|rt4_TMB-5_MAP_g1_06974.r24|2|1|RICH|808|0|2800|0000000000000000000000000000000000000000000000000000000000000000|RICH|1|808|DISP=ACCEPT_INSTALL|DETAIL=rt3_map_g1
0000000000000000000000000000000000000000000000000000000000000000|0000000000000000000000000000000000000000000000000000000000000000|0|3|rt4_TMB-5_MAP_g1_06975.r24|2|1|RICH|810|0|2800|0000000000000000000000000000000000000000000000000000000000000000|RICH|1|810|DISP=ACCEPT_INSTALL|DETAIL=rt3_map_g1
0000000000000000000000000000000000000000000000000000000000000000|0000000000000000000000000000000000000000000000000000000000000000|0|3|rt4_TMB-5_MAP_g1_06976.r24|2|1|RICH|812|0|2800|0000000000000000000000000000000000000000000000000000000000000000|RICH|1|812|DISP=ACCEPT_INSTALL|DETAIL=rt3_map_g1
0000000000000000000000000000000000000000000000000000000000000000|0000000000000000000000000000000000000000000000000000000000000000|0|3|rt4_TMB-5_MAP_g1_06977.r24|2|1|RICH|814|0|2800|0000000000000000000000000000000000000000000000000000000000000000|RICH|1|814|DISP=ACCEPT_INSTALL|DETAIL=rt3_map_g1
0000000000000000000000000000000000000000000000000000000000000000|0000000000000000000000000000000000000000000000000000000000000000|0|3|rt4_TMB-5_MAP_g1_06978.r24|2|1|RICH|816|0|2800|0000000000000000000000000000000000000000000000000000000000000000|RICH|1|816|DISP=ACCEPT_INSTALL|DETAIL=rt3_map_g1
0000000000000000000000000000000000000000000000000000000000000000|0000000000000000000000000000000000000000000000000000000000000000|0|3|rt4_TMB-5_MAP_g1_06979.r24|2|1|RICH|818|0|2800|0000000000000000000000000000000000000000000000000000000000000000|RICH|1|818|DISP=ACCEPT_INSTALL|DETAIL=rt3_map_g1
0000000000000000000000000000000000000000000000000000000000000000|0000000000000000000000000000000000000000000000000000000000000000|0|3|rt4_TMB-5_MAP_g1_06980.r24|2|1|RICH|820|0|2800|0000000000000000000000000000000000000000000000000000000000000000|RICH|1|820|DISP=ACCEPT_INSTALL|DETAIL=rt3_map_g1
0000000000000000000000000000000000000000000000000000000000000000|0000000000000000000000000000000000000000000000000000000000000000|0|3|rt4_TMB-5_MAP_g1_06981.r24|2|1|RICH|822|0|2800|0000000000000000000000000000000000000000000000000000000000000000|RICH|1|822|DISP=ACCEPT_INSTALL|DETAIL=rt3_map_g1
0000000000000000000000000000000000000000000000000000000000000000|0000000000000000000000000000000000000000000000000000000000000000|0|3|rt4_TMB-5_MAP_g1_06982.r24|2|1|RICH|824|0|2800|0000000000000000000000000000000000000000000000000000000000000000|RICH|1|824|DISP=ACCEPT_INSTALL|DETAIL=rt3_map_g1
0000000000000000000000000000000000000000000000000000000000000000|0000000000000000000000000000000000000000000000000000000000000000|0|3|rt4_TMB-5_MAP_g1_06983.r24|2|1|RICH|826|0|2800|0000000000000000000000000000000000000000000000000000000000000000|RICH|1|826|DISP=ACCEPT_INSTALL|DETAIL=rt3_map_g1
0000000000000000000000000000000000000000000000000000000000000000|0000000000000000000000000000000000000000000000000000000000000000|0|3|rt4_TMB-5_MAP_g1_06984.r24|2|1|RICH|828|0|2800|0000000000000000000000000000000000000000000000000000000000000000|RICH|1|828|DISP=ACCEPT_INSTALL|DETAIL=rt3_map_g1
0000000000000000000000000000000000000000000000000000000000000000|0000000000000000000000000000000000000000000000000000000000000000|0|3|rt4_TMB-5_MAP_g1_06985.r24|2|1|RICH|830|0|2800|0000000000000000000000000000000000000000000000000000000000000000|RICH|1|830|DISP=ACCEPT_INSTALL|DETAIL=rt3_map_g1
0000000000000000000000000000000000000000000000000000000000000000|0000000000000000000000000000000000000000000000000000000000000000|0|3|rt4_TMB-5_MAP_g1_06986.r24|2|1|RICH|832|0|2800|0000000000000000000000000000000000000000000000000000000000000000|RICH|1|832|DISP=ACCEPT_INSTALL|DETAIL=rt3_map_g1
0000000000000000000000000000000000000000000000000000000000000000|0000000000000000000000000000000000000000000000000000000000000000|0|3|rt4_TMB-5_MAP_g1_06987.r24|2|1|RICH|834|0|2800|0000000000000000000000000000000000000000000000000000000000000000|RICH|1|834|DISP=ACCEPT_INSTALL|DETAIL=rt3_map_g1
0000000000000000000000000000000000000000000000000000000000000000|0000000000000000000000000000000000000000000000000000000000000000|0|3|rt4_TMB-5_MAP_g1_06988.r24|2|1|RICH|836|0|2800|0000000000000000000000000000000000000000000000000000000000000000|RICH|1|836|DISP=ACCEPT_INSTALL|DETAIL=rt3_map_g1
0000000000000000000000000000000000000000000000000000000000000000|0000000000000000000000000000000000000000000000000000000000000000|0|3|rt4_TMB-5_MAP_g1_06989.r24|2|1|RICH|838|0|2800|0000000000000000000000000000000000000000000000000000000000000000|RICH|1|838|DISP=ACCEPT_INSTALL|DETAIL=rt3_map_g1
0000000000000000000000000000000000000000000000000000000000000000|0000000000000000000000000000000000000000000000000000000000000000|0|3|rt4_TMB-5_MAP_g1_06990.r24|2|1|RICH|840|0|2800|0000000000000000000000000000000000000000000000000000000000000000|RICH|1|840|DISP=ACCEPT_INSTALL|DETAIL=rt3_map_g1
0000000000000000000000000000000000000000000000000000000000000000|0000000000000000000000000000000000000000000000000000000000000000|0|3|rt4_TMB-5_MAP_g1_06991.r24|2|1|RICH|842|0|2800|0000000000000000000000000000000000000000000000000000000000000000|RICH|1|842|DISP=ACCEPT_INSTALL|DETAIL=rt3_map_g1
0000000000000000000000000000000000000000000000000000000000000000|0000000000000000000000000000000000000000000000000000000000000000|0|3|rt4_TMB-5_MAP_g1_06992.r24|2|1|RICH|844|0|2800|0000000000000000000000000000000000000000000000000000000000000000|RICH|1|844|DISP=ACCEPT_INSTALL|DETAIL=rt3_map_g1
0000000000000000000000000000000000000000000000000000000000000000|0000000000000000000000000000000000000000000000000000000000000000|0|3|rt4_TMB-5_MAP_g1_06993.r24|2|1|RICH|846|0|2800|0000000000000000000000000000000000000000000000000000000000000000|RICH|1|846|DISP=ACCEPT_INSTALL|DETAIL=rt3_map_g1
0000000000000000000000000000000000000000000000000000000000000000|0000000000000000000000000000000000000000000000000000000000000000|0|3|rt4_TMB-5_MAP_g1_06994.r24|2|1|RICH|848|0|2800|0000000000000000000000000000000000000000000000000000000000000000|RICH|1|848|DISP=ACCEPT_INSTALL|DETAIL=rt3_map_g1
0000000000000000000000000000000000000000000000000000000000000000|0000000000000000000000000000000000000000000000000000000000000000|0|3|rt4_TMB-5_MAP_g1_06995.r24|2|1|RICH|850|0|2800|0000000000000000000000000000000000000000000000000000000000000000|RICH|1|850|DISP=ACCEPT_INSTALL|DETAIL=rt3_map_g1
0000000000000000000000000000000000000000000000000000000000000000|0000000000000000000000000000000000000000000000000000000000000000|0|3|rt4_TMB-5_MAP_g1_06996.r24|2|1|RICH|852|0|2800|0000000000000000000000000000000000000000000000000000000000000000|RICH|1|852|DISP=ACCEPT_INSTALL|DETAIL=rt3_map_g1
0000000000000000000000000000000000000000000000000000000000000000|0000000000000000000000000000000000000000000000000000000000000000|0|3|rt4_TMB-5_MAP_g1_06997.r24|2|1|RICH|854|0|2800|0000000000000000000000000000000000000000000000000000000000000000|RICH|1|854|DISP=ACCEPT_INSTALL|DETAIL=rt3_map_g1
0000000000000000000000000000000000000000000000000000000000000000|0000000000000000000000000000000000000000000000000000000000000000|0|3|rt4_TMB-5_MAP_g1_06998.r24|2|1|RICH|856|0|2800|0000000000000000000000000000000000000000000000000000000000000000|RICH|1|856|DISP=ACCEPT_INSTALL|DETAIL=rt3_map_g1
0000000000000000000000000000000000000000000000000000000000000000|0000000000000000000000000000000000000000000000000000000000000000|0|3|rt4_TMB-5_MAP_g1_06999.r24|2|1|RICH|858|0|2800|0000000000000000000000000000000000000000000000000000000000000000|RICH|1|858|DISP=ACCEPT_INSTALL|DETAIL=rt3_map_g1
