0000000000000000000000000000000000000000000000000000000000000000|0000000000000000000000000000000000000000000000000000000000000000|0|3|rt4_TMB-5_MAP_g1_07000.r24|2|1|RICH|860|0|2800|0000000000000000000000000000000000000000000000000000000000000000|RICH|1|860|DISP=ACCEPT_INSTALL|DETAIL=rt3_map_g1
0000000000000000000000000000000000000000000000000000000000000000|0000000000000000000000000000000000000000000000000000000000000000|0|3|rt4_TMB-5_MAP_g1_07001.r24|2|1|RICH|862|0|2800|0000000000000000000000000000000000000000000000000000000000000000|RICH|1|862|DISP=ACCEPT_INSTALL|DETAIL=rt3_map_g1
0000000000000000000000000000000000000000000000000000000000000000|0000000000000000000000000000000000000000000000000000000000000000|0|3|rt4_TMB-5_MAP_g1_07002.r24|2|1|RICH|864|0|2800|0000000000000000000000000000000000000000000000000000000000000000|RICH|1|864|DISP=ACCEPT_INSTALL|DETAIL=rt3_map_g1
0000000000000000000000000000000000000000000000000000000000000000|0000000000000000000000000000000000000000000000000000000000000000|0|3|rt4_TMB-5_MAP_g1_07003.r24|2|1|RICH|866|0|2800|0000000000000000000000000000000000000000000000000000000000000000|RICH|1|866|DISP=ACCEPT_INSTALL|DETAIL=rt3_map_g1
0000000000000000000000000000000000000000000000000000000000000000|0000000000000000000000000000000000000000000000000000000000000000|0|3|rt4_TMB-5_MAP_g1_07004.r24|2|1|RICH|868|0|2800|0000000000000000000000000000000000000000000000000000000000000000|RICH|1|868|DISP=ACCEPT_INSTALL|DETAIL=rt3_map_g1
0000000000000000000000000000000000000000000000000000000000000000|0000000000000000000000000000000000000000000000000000000000000000|0|3|rt4_TMB-5_MAP_g1_07005.r24|2|1|RICH|870|0|2800|0000000000000000000000000000000000000000000000000000000000000000|RICH|1|870|DISP=ACCEPT_INSTALL|DETAIL=rt3_map_g1
0000000000000000000000000000000000000000000000000000000000000000|0000000000000000000000000000000000000000000000000000000000000000|0|3|rt4_TMB-5_MAP_g1_07006.r24|2|1|RICH|872|0|2800|0000000000000000000000000000000000000000000000000000000000000000|RICH|1|872|DISP=ACCEPT_INSTALL|DETAIL=rt3_map_g1
0000000000000000000000000000000000000000000000000000000000000000|0000000000000000000000000000000000000000000000000000000000000000|0|3|rt4_TMB-5_MAP_g1_07007.r24|2|1|RICH|874|0|2800|0000000000000000000000000000000000000000000000000000000000000000|RICH|1|874|DISP=ACCEPT_INSTALL|DETAIL=rt3_map_g1
0000000000000000000000000000000000000000000000000000000000000000|0000000000000000000000000000000000000000000000000000000000000000|0|3|rt4_TMB-5_MAP_g1_07008.r24|2|1|RICH|876|0|2800|0000000000000000000000000000000000000000000000000000000000000000|RICH|1|876|DISP=ACCEPT_INSTALL|DETAIL=rt3_map_g1
0000000000000000000000000000000000000000000000000000000000000000|0000000000000000000000000000000000000000000000000000000000000000|0|3|rt4_TMB-5_MAP_g1_07009.r24|2|1|RICH|878|0|2800|0000000000000000000000000000000000000000000000000000000000000000|RICH|1|878|DISP=ACCEPT_INSTALL|DETAIL=rt3_map_g1
0000000000000000000000000000000000000000000000000000000000000000|0000000000000000000000000000000000000000000000000000000000000000|0|3|rt4_TMB-5_MAP_g1_07010.r24|2|1|RICH|880|0|2800|0000000000000000000000000000000000000000000000000000000000000000|RICH|1|880|DISP=ACCEPT_INSTALL|DETAIL=rt3_map_g1
0000000000000000000000000000000000000000000000000000000000000000|0000000000000000000000000000000000000000000000000000000000000000|0|3|rt4_TMB-5_MAP_g1_07011.r24|2|1|RICH|540|0|2810|0000000000000000000000000000000000000000000000000000000000000000|RICH|1|540|DISP=ACCEPT_INSTALL|DETAIL=rt3_map_g1
0000000000000000000000000000000000000000000000000000000000000000|0000000000000000000000000000000000000000000000000000000000000000|0|3|rt4_TMB-5_MAP_g1_07012.r24|2|1|RICH|542|0|2810|0000000000000000000000000000000000000000000000000000000000000000|RICH|1|542|DISP=ACCEPT_INSTALL|DETAIL=rt3_map_g1
0000000000000000000000000000000000000000000000000000000000000000|0000000000000000000000000000000000000000000000000000000000000000|0|3|rt4_TMB-5_MAP_g1_07013.r24|2|1|RICH|544|0|2810|0000000000000000000000000000000000000000000000000000000000000000|RICH|1|544|DISP=ACCEPT_INSTALL|DETAIL=rt3_map_g1
0000000000000000000000000000000000000000000000000000000000000000|0000000000000000000000000000000000000000000000000000000000000000|0|3|rt4_TMB-5_MAP_g1_07014.r24|2|1|RICH|546|0|2810|0000000000000000000000000000000000000000000000000000000000000000|RICH|1|546|DISP=ACCEPT_INSTALL|DETAIL=rt3_map_g1
0000000000000000000000000000000000000000000000000000000000000000|0000000000000000000000000000000000000000000000000000000000000000|0|3|rt4_TMB-5_MAP_g1_07015.r24|2|1|RICH|548|0|2810|0000000000000000000000000000000000000000000000000000000000000000|RICH|1|548|DISP=ACCEPT_INSTALL|DETAIL=rt3_map_g1
0000000000000000000000000000000000000000000000000000000000000000|0000000000000000000000000000000000000000000000000000000000000000|0|3|rt4_TMB-5_MAP_g1_07016.r24|2|1|RICH|550|0|2810|0000000000000000000000000000000000000000000000000000000000000000|RICH|1|550|DISP=ACCEPT_INSTALL|DETAIL=rt3_map_g1
0000000000000000000000000000000000000000000000000000000000000000|0000000000000000000000000000000000000000000000000000000000000000|0|3|rt4_TMB-5_MAP_g1_07017.r24|2|1|RICH|552|0|2810|0000000000000000000000000000000000000000000000000000000000000000|RICH|1|552|DISP=ACCEPT_INSTALL|DETAIL=rt3_map_g1
0000000000000000000000000000000000000000000000000000000000000000|0000000000000000000000000000000000000000000000000000000000000000|0|3|rt4_TMB-5_MAP_g1_07018.r24|2|1|RICH|554|0|2810|0000000000000000000000000000000000000000000000000000000000000000|RICH|1|554|DISP=ACCEPT_INSTALL|DETAIL=rt3_map_g1
0000000000000000000000000000000000000000000000000000000000000000|0000000000000000000000000000000000000000000000000000000000000000|0|3|rt4_TMB-5_MAP_g1_07019.r24|2|1|RICH|556|0|2810|0000000000000000000000000000000000000000000000000000000000000000|RICH|1|556|DISP=ACCEPT_INSTALL|DETAIL=rt3_map_g1
0000000000000000000000000000000000000000000000000000000000000000|0000000000000000000000000000000000000000000000000000000000000000|0|3|rt4_TMB-5_MAP_g1_07020.r24|2|1|RICH|558|0|2810|0000000000000000000000000000000000000000000000000000000000000000|RICH|1|558|DISP=ACCEPT_INSTALL|DETAIL=rt3_map_g1
0000000000000000000000000000000000000000000000000000000000000000|0000000000000000000000000000000000000000000000000000000000000000|0|3|rt4_TMB-5_MAP_g1_07021.r24|2|1|RICH|560|0|2810|0000000000000000000000000000000000000000000000000000000000000000|RICH|1|560|DISP=ACCEPT_INSTALL|DETAIL=rt3_map_g1
0000000000000000000000000000000000000000000000000000000000000000|0000000000000000000000000000000000000000000000000000000000000000|0|3|rt4_TMB-5_MAP_g1_07022.r24|2|1|RICH|562|0|2810|0000000000000000000000000000000000000000000000000000000000000000|RICH|1|562|DISP=ACCEPT_INSTALL|DETAIL=rt3_map_g1
0000000000000000000000000000000000000000000000000000000000000000|0000000000000000000000000000000000000000000000000000000000000000|0|3|rt4_TMB-5_MAP_g1_07023.r24|2|1|RICH|564|0|2810|0000000000000000000000000000000000000000000000000000000000000000|RICH|1|564|DISP=ACCEPT_INSTALL|DETAIL=rt3_map_g1
0000000000000000000000000000000000000000000000000000000000000000|0000000000000000000000000000000000000000000000000000000000000000|0|3|rt4_TMB-5_MAP_g1_07024.r24|2|1|RICH|566|0|2810|0000000000000000000000000000000000000000000000000000000000000000|RICH|1|566|DISP=ACCEPT_INSTALL|DETAIL=rt3_map_g1
0000000000000000000000000000000000000000000000000000000000000000|0000000000000000000000000000000000000000000000000000000000000000|0|3|rt4_TMB-5_MAP_g1_07025.r24|2|1|RICH|568|0|2810|0000000000000000000000000000000000000000000000000000000000000000|RICH|1|568|DISP=ACCEPT_INSTALL|DETAIL=rt3_map_g1
0000000000000000000000000000000000000000000000000000000000000000|0000000000000000000000000000000000000000000000000000000000000000|0|3|rt4_TMB-5_MAP_g1_07026.r24|2|1|RICH|570|0|2810|0000000000000000000000000000000000000000000000000000000000000000|RICH|1|570|DISP=ACCEPT_INSTALL|DETAIL=rt3_map_g1
0000000000000000000000000000000000000000000000000000000000000000|0000000000000000000000000000000000000000000000000000000000000000|0|3|rt4_TMB-5_MAP_g1_07027.r24|2|1|RICH|572|0|2810|0000000000000000000000000000000000000000000000000000000000000000|RICH|1|572|DISP=ACCEPT_INSTALL|DETAIL=rt3_map_g1
0000000000000000000000000000000000000000000000000000000000000000|0000000000000000000000000000000000000000000000000000000000000000|0|3|rt4_TMB-5_MAP_g1_07028.r24|2|1|RICH|574|0|2810|0000000000000000000000000000000000000000000000000000000000000000|RICH|1|574|DISP=ACCEPT_INSTALL|DETAIL=rt3_map_g1
0000000000000000000000000000000000000000000000000000000000000000|0000000000000000000000000000000000000000000000000000000000000000|0|3|rt4_TMB-5_MAP_g1_07029.r24|2|1|RICH|576|0|2810|0000000000000000000000000000000000000000000000000000000000000000|RICH|1|576|DISP=ACCEPT_INSTALL|DETAIL=rt3_map_g1
0000000000000000000000000000000000000000000000000000000000000000|0000000000000000000000000000000000000000000000000000000000000000|0|3|rt4_TMB-5_MAP_g1_07030.r24|2|1|RICH|578|0|2810|0000000000000000000000000000000000000000000000000000000000000000|RICH|1|578|DISP=ACCEPT_INSTALL|DETAIL=rt3_map_g1
0000000000000000000000000000000000000000000000000000000000000000|0000000000000000000000000000000000000000000000000000000000000000|0|3|rt4_TMB-5_MAP_g1_07031.r24|2|1|RICH|580|0|2810|0000000000000000000000000000000000000000000000000000000000000000|RICH|1|580|DISP=ACCEPT_INSTALL|DETAIL=rt3_map_g1
0000000000000000000000000000000000000000000000000000000000000000|0000000000000000000000000000000000000000000000000000000000000000|0|3|rt4_TMB-5_MAP_g1_07032.r24|2|1|RICH|582|0|2810|0000000000000000000000000000000000000000000000000000000000000000|RICH|1|582|DISP=ACCEPT_INSTALL|DETAIL=rt3_map_g1
0000000000000000000000000000000000000000000000000000000000000000|0000000000000000000000000000000000000000000000000000000000000000|0|3|rt4_TMB-5_MAP_g1_07033.r24|2|1|RICH|584|0|2810|0000000000000000000000000000000000000000000000000000000000000000|RICH|1|584|DISP=ACCEPT_INSTALL|DETAIL=rt3_map_g1
0000000000000000000000000000000000000000000000000000000000000000|0000000000000000000000000000000000000000000000000000000000000000|0|3|rt4_TMB-5_MAP_g1_07034.r24|2|1|RICH|586|0|2810|0000000000000000000000000000000000000000000000000000000000000000|RICH|1|586|DISP=ACCEPT_INSTALL|DETAIL=rt3_map_g1
0000000000000000000000000000000000000000000000000000000000000000|0000000000000000000000000000000000000000000000000000000000000000|0|3|rt4_TMB-5_MAP_g1_07035.r24|2|1|RICH|588|0|2810|0000000000000000000000000000000000000000000000000000000000000000|RICH|1|588|DISP=ACCEPT_INSTALL|DETAIL=rt3_map_g1
0000000000000000000000000000000000000000000000000000000000000000|0000000000000000000000000000000000000000000000000000000000000000|0|3|rt4_TMB-5_MAP_g1_07036.r24|2|1|RICH|590|0|2810|0000000000000000000000000000000000000000000000000000000000000000|RICH|1|590|DISP=ACCEPT_INSTALL|DETAIL=rt3_map_g1
0000000000000000000000000000000000000000000000000000000000000000|0000000000000000000000000000000000000000000000000000000000000000|0|3|rt4_TMB-5_MAP_g1_07037.r24|2|1|RICH|592|0|2810|0000000000000000000000000000000000000000000000000000000000000000|RICH|1|592|DISP=ACCEPT_INSTALL|DETAIL=rt3_map_g1
0000000000000000000000000000000000000000000000000000000000000000|0000000000000000000000000000000000000000000000000000000000000000|0|3|rt4_TMB-5_MAP_g1_07038.r24|2|1|RICH|594|0|2810|0000000000000000000000000000000000000000000000000000000000000000|RICH|1|594|DISP=ACCEPT_INSTALL|DETAIL=rt3_map_g1
0000000000000000000000000000000000000000000000000000000000000000|0000000000000000000000000000000000000000000000000000000000000000|0|3|rt4_TMB-5_MAP_g1_07039.r24|2|1|RICH|596|0|2810|0000000000000000000000000000000000000000000000000000000000000000|RICH|1|596|DISP=ACCEPT_INSTALL|DETAIL=rt3_map_g1
0000000000000000000000000000000000000000000000000000000000000000|0000000000000000000000000000000000000000000000000000000000000000|0|3|rt4_TMB-5_MAP_g1_07040.r24|2|1|RICH|598|0|2810|0000000000000000000000000000000000000000000000000000000000000000|RICH|1|598|DISP=ACCEPT_INSTALL|DETAIL=rt3_map_g1
0000000000000000000000000000000000000000000000000000000000000000|0000000000000000000000000000000000000000000000000000000000000000|0|3|rt4_TMB-5_MAP_g1_07041.r24|2|1|RICH|600|0|2810|0000000000000000000000000000000000000000000000000000000000000000|RICH|1|600|DISP=ACCEPT_INSTALL|DETAIL=rt3_map_g1
0000000000000000000000000000000000000000000000000000000000000000|0000000000000000000000000000000000000000000000000000000000000000|0|3|rt4_TMB-5_MAP_g1_07042.r24|2|1|RICH|602|0|2810|0000000000000000000000000000000000000000000000000000000000000000|RICH|1|602|DISP=ACCEPT_INSTALL|DETAIL=rt3_map_g1
0000000000000000000000000000000000000000000000000000000000000000|0000000000000000000000000000000000000000000000000000000000000000|0|3|rt4_TMB-5_MAP_g1_07043.r24|2|1|RICH|604|0|2810|0000000000000000000000000000000000000000000000000000000000000000|RICH|1|604|DISP=ACCEPT_INSTALL|DETAIL=rt3_map_g1
0000000000000000000000000000000000000000000000000000000000000000|0000000000000000000000000000000000000000000000000000000000000000|0|3|rt4_TMB-5_MAP_g1_07044.r24|2|1|RICH|606|0|2810|0000000000000000000000000000000000000000000000000000000000000000|RICH|1|606|DISP=ACCEPT_INSTALL|DETAIL=rt3_map_g1
0000000000000000000000000000000000000000000000000000000000000000|0000000000000000000000000000000000000000000000000000000000000000|0|3|rt4_TMB-5_MAP_g1_07045.r24|2|1|RICH|608|0|2810|0000000000000000000000000000000000000000000000000000000000000000|RICH|1|608|DISP=ACCEPT_INSTALL|DETAIL=rt3_map_g1
0000000000000000000000000000000000000000000000000000000000000000|0000000000000000000000000000000000000000000000000000000000000000|0|3|rt4_TMB-5_MAP_g1_07046.r24|2|1|RICH|610|0|2810|0000000000000000000000000000000000000000000000000000000000000000|RICH|1|610|DISP=ACCEPT_INSTALL|DETAIL=rt3_map_g1
0000000000000000000000000000000000000000000000000000000000000000|0000000000000000000000000000000000000000000000000000000000000000|0|3|rt4_TMB-5_MAP_g1_07047.r24|2|1|RICH|612|0|2810|0000000000000000000000000000000000000000000000000000000000000000|RICH|1|612|DISP=ACCEPT_INSTALL|DETAIL=rt3_map_g1
0000000000000000000000000000000000000000000000000000000000000000|0000000000000000000000000000000000000000000000000000000000000000|0|3|rt4_TMB-5_MAP_g1_07048.r24|2|1|RICH|614|0|2810|0000000000000000000000000000000000000000000000000000000000000000|RICH|1|614|DISP=ACCEPT_INSTALL|DETAIL=rt3_map_g1
0000000000000000000000000000000000000000000000000000000000000000|0000000000000000000000000000000000000000000000000000000000000000|0|3|rt4_TMB-5_MAP_g1_07049.r24|2|1|RICH|616|0|2810|0000000000000000000000000000000000000000000000000000000000000000|RICH|1|616|DISP=ACCEPT_INSTALL|DETAIL=rt3_map_g1
0000000000000000000000000000000000000000000000000000000000000000|0000000000000000000000000000000000000000000000000000000000000000|0|3|rt4_TMB-5_MAP_g1_07050.r24|2|1|RICH|618|0|2810|0000000000000000000000000000000000000000000000000000000000000000|RICH|1|618|DISP=ACCEPT_INSTALL|DETAIL=rt3_map_g1
0000000000000000000000000000000000000000000000000000000000000000|0000000000000000000000000000000000000000000000000000000000000000|0|3|rt4_TMB-5_MAP_g1_07051.r24|2|1|RICH|620|0|2810|0000000000000000000000000000000000000000000000000000000000000000|RICH|1|620|DISP=ACCEPT_INSTALL|DETAIL=rt3_map_g1
0000000000000000000000000000000000000000000000000000000000000000|0000000000000000000000000000000000000000000000000000000000000000|0|3|rt4_TMB-5_MAP_g1_07052.r24|2|1|RICH|622|0|2810|0000000000000000000000000000000000000000000000000000000000000000|RICH|1|622|DISP=ACCEPT_INSTALL|DETAIL=rt3_map_g1
0000000000000000000000000000000000000000000000000000000000000000|0000000000000000000000000000000000000000000000000000000000000000|0|3|rt4_TMB-5_MAP_g1_07053.r24|2|1|RICH|624|0|2810|0000000000000000000000000000000000000000000000000000000000000000|RICH|1|624|DISP=ACCEPT_INSTALL|DETAIL=rt3_map_g1
0000000000000000000000000000000000000000000000000000000000000000|0000000000000000000000000000000000000000000000000000000000000000|0|3|rt4_TMB-5_MAP_g1_07054.r24|2|1|RICH|626|0|2810|0000000000000000000000000000000000000000000000000000000000000000|RICH|1|626|DISP=ACCEPT_INSTALL|DETAIL=rt3_map_g1
0000000000000000000000000000000000000000000000000000000000000000|0000000000000000000000000000000000000000000000000000000000000000|0|3|rt4_TMB-5_MAP_g1_07055.r24|2|1|RICH|628|0|2810|0000000000000000000000000000000000000000000000000000000000000000|RICH|1|628|DISP=ACCEPT_INSTALL|DETAIL=rt3_map_g1
0000000000000000000000000000000000000000000000000000000000000000|0000000000000000000000000000000000000000000000000000000000000000|0|3|rt4_TMB-5_MAP_g1_07056.r24|2|1|RICH|630|0|2810|0000000000000000000000000000000000000000000000000000000000000000|RICH|1|630|DISP=ACCEPT_INSTALL|DETAIL=rt3_map_g1
0000000000000000000000000000000000000000000000000000000000000000|0000000000000000000000000000000000000000000000000000000000000000|0|3|rt4_TMB-5_MAP_g1_07057.r24|2|1|RICH|632|0|2810|0000000000000000000000000000000000000000000000000000000000000000|RICH|1|632|DISP=ACCEPT_INSTALL|DETAIL=rt3_map_g1
0000000000000000000000000000000000000000000000000000000000000000|0000000000000000000000000000000000000000000000000000000000000000|0|3|rt4_TMB-5_MAP_g1_07058.r24|2|1|RICH|634|0|2810|0000000000000000000000000000000000000000000000000000000000000000|RICH|1|634|DISP=ACCEPT_INSTALL|DETAIL=rt3_map_g1
0000000000000000000000000000000000000000000000000000000000000000|0000000000000000000000000000000000000000000000000000000000000000|0|3|rt4_TMB-5_MAP_g1_07059.r24|2|1|RICH|636|0|2810|0000000000000000000000000000000000000000000000000000000000000000|RICH|1|636|DISP=ACCEPT_INSTALL|DETAIL=rt3_map_g1
0000000000000000000000000000000000000000000000000000000000000000|0000000000000000000000000000000000000000000000000000000000000000|0|3|rt4_TMB-5_MAP_g1_07060.r24|2|1|RICH|638|0|2810|0000000000000000000000000000000000000000000000000000000000000000|RICH|1|638|DISP=ACCEPT_INSTALL|DETAIL=rt3_map_g1
0000000000000000000000000000000000000000000000000000000000000000|0000000000000000000000000000000000000000000000000000000000000000|0|3|rt4_TMB-5_MAP_g1_07061.r24|2|1|RICH|640|0|2810|0000000000000000000000000000000000000000000000000000000000000000|RICH|1|640|DISP=ACCEPT_INSTALL|DETAIL=rt3_map_g1
0000000000000000000000000000000000000000000000000000000000000000|0000000000000000000000000000000000000000000000000000000000000000|0|3|rt4_TMB-5_MAP_g1_07062.r24|2|1|RICH|642|0|2810|0000000000000000000000000000000000000000000000000000000000000000|RICH|1|642|DISP=ACCEPT_INSTALL|DETAIL=rt3_map_g1
0000000000000000000000000000000000000000000000000000000000000000|0000000000000000000000000000000000000000000000000000000000000000|0|3|rt4_TMB-5_MAP_g1_07063.r24|2|1|RICH|644|0|2810|0000000000000000000000000000000000000000000000000000000000000000|RICH|1|644|DISP=ACCEPT_INSTALL|DETAIL=rt3_map_g1
0000000000000000000000000000000000000000000000000000000000000000|0000000000000000000000000000000000000000000000000000000000000000|0|3|rt4_TMB-5_MAP_g1_07064.r24|2|1|RICH|646|0|2810|0000000000000000000000000000000000000000000000000000000000000000|RICH|1|646|DISP=ACCEPT_INSTALL|DETAIL=rt3_map_g1
0000000000000000000000000000000000000000000000000000000000000000|0000000000000000000000000000000000000000000000000000000000000000|0|3|rt4_TMB-5_MAP_g1_07065.r24|2|1|RICH|648|0|2810|0000000000000000000000000000000000000000000000000000000000000000|RICH|1|648|DISP=ACCEPT_INSTALL|DETAIL=rt3_map_g1
0000000000000000000000000000000000000000000000000000000000000000|0000000000000000000000000000000000000000000000000000000000000000|0|3|rt4_TMB-5_MAP_g1_07066.r24|2|1|RICH|650|0|2810|0000000000000000000000000000000000000000000000000000000000000000|RICH|1|650|DISP=ACCEPT_INSTALL|DETAIL=rt3_map_g1
0000000000000000000000000000000000000000000000000000000000000000|0000000000000000000000000000000000000000000000000000000000000000|0|3|rt4_TMB-5_MAP_g1_07067.r24|2|1|RICH|652|0|2810|0000000000000000000000000000000000000000000000000000000000000000|RICH|1|652|DISP=ACCEPT_INSTALL|DETAIL=rt3_map_g1
0000000000000000000000000000000000000000000000000000000000000000|0000000000000000000000000000000000000000000000000000000000000000|0|3|rt4_TMB-5_MAP_g1_07068.r24|2|1|RICH|654|0|2810|0000000000000000000000000000000000000000000000000000000000000000|RICH|1|654|DISP=ACCEPT_INSTALL|DETAIL=rt3_map_g1
0000000000000000000000000000000000000000000000000000000000000000|0000000000000000000000000000000000000000000000000000000000000000|0|3|rt4_TMB-5_MAP_g1_07069.r24|2|1|RICH|656|0|2810|0000000000000000000000000000000000000000000000000000000000000000|RICH|1|656|DISP=ACCEPT_INSTALL|DETAIL=rt3_map_g1
0000000000000000000000000000000000000000000000000000000000000000|0000000000000000000000000000000000000000000000000000000000000000|0|3|rt4_TMB-5_MAP_g1_07070.r24|2|1|RICH|658|0|2810|0000000000000000000000000000000000000000000000000000000000000000|RICH|1|658|DISP=ACCEPT_INSTALL|DETAIL=rt3_map_g1
0000000000000000000000000000000000000000000000000000000000000000|0000000000000000000000000000000000000000000000000000000000000000|0|3|rt4_TMB-5_MAP_g1_07071.r24|2|1|RICH|660|0|2810|0000000000000000000000000000000000000000000000000000000000000000|RICH|1|660|DISP=ACCEPT_INSTALL|DETAIL=rt3_map_g1
0000000000000000000000000000000000000000000000000000000000000000|0000000000000000000000000000000000000000000000000000000000000000|0|3|rt4_TMB-5_MAP_g1_07072.r24|2|1|RICH|662|0|2810|0000000000000000000000000000000000000000000000000000000000000000|RICH|1|662|DISP=ACCEPT_INSTALL|DETAIL=rt3_map_g1
0000000000000000000000000000000000000000000000000000000000000000|0000000000000000000000000000000000000000000000000000000000000000|0|3|rt4_TMB-5_MAP_g1_07073.r24|2|1|RICH|664|0|2810|0000000000000000000000000000000000000000000000000000000000000000|RICH|1|664|DISP=ACCEPT_INSTALL|DETAIL=rt3_map_g1
0000000000000000000000000000000000000000000000000000000000000000|0000000000000000000000000000000000000000000000000000000000000000|0|3|rt4_TMB-5_MAP_g1_07074.r24|2|1|RICH|666|0|2810|0000000000000000000000000000000000000000000000000000000000000000|RICH|1|666|DISP=ACCEPT_INSTALL|DETAIL=rt3_map_g1
0000000000000000000000000000000000000000000000000000000000000000|0000000000000000000000000000000000000000000000000000000000000000|0|3|rt4_TMB-5_MAP_g1_07075.r24|2|1|RICH|668|0|2810|0000000000000000000000000000000000000000000000000000000000000000|RICH|1|668|DISP=ACCEPT_INSTALL|DETAIL=rt3_map_g1
0000000000000000000000000000000000000000000000000000000000000000|0000000000000000000000000000000000000000000000000000000000000000|0|3|rt4_TMB-5_MAP_g1_07076.r24|2|1|RICH|670|0|2810|0000000000000000000000000000000000000000000000000000000000000000|RICH|1|670|DISP=ACCEPT_INSTALL|DETAIL=rt3_map_g1
0000000000000000000000000000000000000000000000000000000000000000|0000000000000000000000000000000000000000000000000000000000000000|0|3|rt4_TMB-5_MAP_g1_07077.r24|2|1|RICH|672|0|2810|0000000000000000000000000000000000000000000000000000000000000000|RICH|1|672|DISP=ACCEPT_INSTALL|DETAIL=rt3_map_g1
0000000000000000000000000000000000000000000000000000000000000000|0000000000000000000000000000000000000000000000000000000000000000|0|3|rt4_TMB-5_MAP_g1_07078.r24|2|1|RICH|674|0|2810|0000000000000000000000000000000000000000000000000000000000000000|RICH|1|674|DISP=ACCEPT_INSTALL|DETAIL=rt3_map_g1
0000000000000000000000000000000000000000000000000000000000000000|0000000000000000000000000000000000000000000000000000000000000000|0|3|rt4_TMB-5_MAP_g1_07079.r24|2|1|RICH|676|0|2810|0000000000000000000000000000000000000000000000000000000000000000|RICH|1|676|DISP=ACCEPT_INSTALL|DETAIL=rt3_map_g1
0000000000000000000000000000000000000000000000000000000000000000|0000000000000000000000000000000000000000000000000000000000000000|0|3|rt4_TMB-5_MAP_g1_07080.r24|2|1|RICH|678|0|2810|0000000000000000000000000000000000000000000000000000000000000000|RICH|1|678|DISP=ACCEPT_INSTALL|DETAIL=rt3_map_g1
0000000000000000000000000000000000000000000000000000000000000000|0000000000000000000000000000000000000000000000000000000000000000|0|3|rt4_TMB-5_MAP_g1_07081.r24|2|1|RICH|680|0|2810|0000000000000000000000000000000000000000000000000000000000000000|RICH|1|680|DISP=ACCEPT_INSTALL|DETAIL=rt3_map_g1
0000000000000000000000000000000000000000000000000000000000000000|0000000000000000000000000000000000000000000000000000000000000000|0|3|rt4_TMB-5_MAP_g1_07082.r24|2|1|RICH|682|0|2810|0000000000000000000000000000000000000000000000000000000000000000|RICH|1|682|DISP=ACCEPT_INSTALL|DETAIL=rt3_map_g1
0000000000000000000000000000000000000000000000000000000000000000|0000000000000000000000000000000000000000000000000000000000000000|0|3|rt4_TMB-5_MAP_g1_07083.r24|2|1|RICH|684|0|2810|0000000000000000000000000000000000000000000000000000000000000000|RICH|1|684|DISP=ACCEPT_INSTALL|DETAIL=rt3_map_g1
0000000000000000000000000000000000000000000000000000000000000000|0000000000000000000000000000000000000000000000000000000000000000|0|3|rt4_TMB-5_MAP_g1_07084.r24|2|1|RICH|686|0|2810|0000000000000000000000000000000000000000000000000000000000000000|RICH|1|686|DISP=ACCEPT_INSTALL|DETAIL=rt3_map_g1
0000000000000000000000000000000000000000000000000000000000000000|0000000000000000000000000000000000000000000000000000000000000000|0|3|rt4_TMB-5_MAP_g1_07085.r24|2|1|RICH|688|0|2810|0000000000000000000000000000000000000000000000000000000000000000|RICH|1|688|DISP=ACCEPT_INSTALL|DETAIL=rt3_map_g1
0000000000000000000000000000000000000000000000000000000000000000|0000000000000000000000000000000000000000000000000000000000000000|0|3|rt4_TMB-5_MAP_g1_07086.r24|2|1|RICH|690|0|2810|0000000000000000000000000000000000000000000000000000000000000000|RICH|1|690|DISP=ACCEPT_INSTALL|DETAIL=rt3_map_g1
0000000000000000000000000000000000000000000000000000000000000000|0000000000000000000000000000000000000000000000000000000000000000|0|3|rt4_TMB-5_MAP_g1_07087.r24|2|1|RICH|692|0|2810|0000000000000000000000000000000000000000000000000000000000000000|RICH|1|692|DISP=ACCEPT_INSTALL|DETAIL=rt3_map_g1
0000000000000000000000000000000000000000000000000000000000000000|0000000000000000000000000000000000000000000000000000000000000000|0|3|rt4_TMB-5_MAP_g1_07088.r24|2|1|RICH|694|0|2810|0000000000000000000000000000000000000000000000000000000000000000|RICH|1|694|DISP=ACCEPT_INSTALL|DETAIL=rt3_map_g1
0000000000000000000000000000000000000000000000000000000000000000|0000000000000000000000000000000000000000000000000000000000000000|0|3|rt4_TMB-5_MAP_g1_07089.r24|2|1|RICH|696|0|2810|0000000000000000000000000000000000000000000000000000000000000000|RICH|1|696|DISP=ACCEPT_INSTALL|DETAIL=rt3_map_g1
0000000000000000000000000000000000000000000000000000000000000000|0000000000000000000000000000000000000000000000000000000000000000|0|3|rt4_TMB-5_MAP_g1_07090.r24|2|1|RICH|698|0|2810|0000000000000000000000000000000000000000000000000000000000000000|RICH|1|698|DISP=ACCEPT_INSTALL|DETAIL=rt3_map_g1
0000000000000000000000000000000000000000000000000000000000000000|0000000000000000000000000000000000000000000000000000000000000000|0|3|rt4_TMB-5_MAP_g1_07091.r24|2|1|RICH|700|0|2810|0000000000000000000000000000000000000000000000000000000000000000|RICH|1|700|DISP=ACCEPT_INSTALL|DETAIL=rt3_map_g1
0000000000000000000000000000000000000000000000000000000000000000|0000000000000000000000000000000000000000000000000000000000000000|0|3|rt4_TMB-5_MAP_g1_07092.r24|2|1|RICH|702|0|2810|0000000000000000000000000000000000000000000000000000000000000000|RICH|1|702|DISP=ACCEPT_INSTALL|DETAIL=rt3_map_g1
0000000000000000000000000000000000000000000000000000000000000000|0000000000000000000000000000000000000000000000000000000000000000|0|3|rt4_TMB-5_MAP_g1_07093.r24|2|1|RICH|704|0|2810|0000000000000000000000000000000000000000000000000000000000000000|RICH|1|704|DISP=ACCEPT_INSTALL|DETAIL=rt3_map_g1
0000000000000000000000000000000000000000000000000000000000000000|0000000000000000000000000000000000000000000000000000000000000000|0|3|rt4_TMB-5_MAP_g1_07094.r24|2|1|RICH|706|0|2810|0000000000000000000000000000000000000000000000000000000000000000|RICH|1|706|DISP=ACCEPT_INSTALL|DETAIL=rt3_map_g1
0000000000000000000000000000000000000000000000000000000000000000|0000000000000000000000000000000000000000000000000000000000000000|0|3|rt4_TMB-5_MAP_g1_07095.r24|2|1|RICH|708|0|2810|0000000000000000000000000000000000000000000000000000000000000000|RICH|1|708|DISP=ACCEPT_INSTALL|DETAIL=rt3_map_g1
0000000000000000000000000000000000000000000000000000000000000000|0000000000000000000000000000000000000000000000000000000000000000|0|3|rt4_TMB-5_MAP_g1_07096.r24|2|1|RICH|710|0|2810|0000000000000000000000000000000000000000000000000000000000000000|RICH|1|710|DISP=ACCEPT_INSTALL|DETAIL=rt3_map_g1
0000000000000000000000000000000000000000000000000000000000000000|0000000000000000000000000000000000000000000000000000000000000000|0|3|rt4_TMB-5_MAP_g1_07097.r24|2|1|RICH|712|0|2810|0000000000000000000000000000000000000000000000000000000000000000|RICH|1|712|DISP=ACCEPT_INSTALL|DETAIL=rt3_map_g1
0000000000000000000000000000000000000000000000000000000000000000|0000000000000000000000000000000000000000000000000000000000000000|0|3|rt4_TMB-5_MAP_g1_07098.r24|2|1|RICH|714|0|2810|0000000000000000000000000000000000000000000000000000000000000000|RICH|1|714|DISP=ACCEPT_INSTALL|DETAIL=rt3_map_g1
0000000000000000000000000000000000000000000000000000000000000000|0000000000000000000000000000000000000000000000000000000000000000|0|3|rt4_TMB-5_MAP_g1_07099.r24|2|1|RICH|716|0|2810|0000000000000000000000000000000000000000000000000000000000000000|RICH|1|716|DISP=ACCEPT_INSTALL|DETAIL=rt3_map_g1
0000000000000000000000000000000000000000000000000000000000000000|0000000000000000000000000000000000000000000000000000000000000000|0|3|rt4_TMB-5_MAP_g1_07100.r24|2|1|RICH|718|0|2810|0000000000000000000000000000000000000000000000000000000000000000|RICH|1|718|DISP=ACCEPT_INSTALL|DETAIL=rt3_map_g1
0000000000000000000000000000000000000000000000000000000000000000|0000000000000000000000000000000000000000000000000000000000000000|0|3|rt4_TMB-5_MAP_g1_07101.r24|2|1|RICH|720|0|2810|0000000000000000000000000000000000000000000000000000000000000000|RICH|1|720|DISP=ACCEPT_INSTALL|DETAIL=rt3_map_g1
0000000000000000000000000000000000000000000000000000000000000000|0000000000000000000000000000000000000000000000000000000000000000|0|3|rt4_TMB-5_MAP_g1_07102.r24|2|1|RICH|722|0|2810|0000000000000000000000000000000000000000000000000000000000000000|RICH|1|722|DISP=ACCEPT_INSTALL|DETAIL=rt3_map_g1
0000000000000000000000000000000000000000000000000000000000000000|0000000000000000000000000000000000000000000000000000000000000000|0|3|rt4_TMB-5_MAP_g1_07103.r24|2|1|RICH|724|0|2810|0000000000000000000000000000000000000000000000000000000000000000|RICH|1|724|DISP=ACCEPT_INSTALL|DETAIL=rt3_map_g1
0000000000000000000000000000000000000000000000000000000000000000|0000000000000000000000000000000000000000000000000000000000000000|0|3|rt4_TMB-5_MAP_g1_07104.r24|2|1|RICH|726|0|2810|0000000000000000000000000000000000000000000000000000000000000000|RICH|1|726|DISP=ACCEPT_INSTALL|DETAIL=rt3_map_g1
0000000000000000000000000000000000000000000000000000000000000000|0000000000000000000000000000000000000000000000000000000000000000|0|3|rt4_TMB-5_MAP_g1_07105.r24|2|1|RICH|728|0|2810|0000000000000000000000000000000000000000000000000000000000000000|RICH|1|728|DISP=ACCEPT_INSTALL|DETAIL=rt3_map_g1
0000000000000000000000000000000000000000000000000000000000000000|0000000000000000000000000000000000000000000000000000000000000000|0|3|rt4_TMB-5_MAP_g1_07106.r24|2|1|RICH|730|0|2810|0000000000000000000000000000000000000000000000000000000000000000|RICH|1|730|DISP=ACCEPT_INSTALL|DETAIL=rt3_map_g1
0000000000000000000000000000000000000000000000000000000000000000|0000000000000000000000000000000000000000000000000000000000000000|0|3|rt4_TMB-5_MAP_g1_07107.r24|2|1|RICH|732|0|2810|0000000000000000000000000000000000000000000000000000000000000000|RICH|1|732|DISP=ACCEPT_INSTALL|DETAIL=rt3_map_g1
0000000000000000000000000000000000000000000000000000000000000000|0000000000000000000000000000000000000000000000000000000000000000|0|3|rt4_TMB-5_MAP_g1_07108.r24|2|1|RICH|734|0|2810|0000000000000000000000000000000000000000000000000000000000000000|RICH|1|734|DISP=ACCEPT_INSTALL|DETAIL=rt3_map_g1
0000000000000000000000000000000000000000000000000000000000000000|0000000000000000000000000000000000000000000000000000000000000000|0|3|rt4_TMB-5_MAP_g1_07109.r24|2|1|RICH|736|0|2810|0000000000000000000000000000000000000000000000000000000000000000|RICH|1|736|DISP=ACCEPT_INSTALL|DETAIL=rt3_map_g1
0000000000000000000000000000000000000000000000000000000000000000|0000000000000000000000000000000000000000000000000000000000000000|0|3|rt4_TMB-5_MAP_g1_07110.r24|2|1|RICH|738|0|2810|0000000000000000000000000000000000000000000000000000000000000000|RICH|1|738|DISP=ACCEPT_INSTALL|DETAIL=rt3_map_g1
0000000000000000000000000000000000000000000000000000000000000000|0000000000000000000000000000000000000000000000000000000000000000|0|3|rt4_TMB-5_MAP_g1_07111.r24|2|1|RICH|740|0|2810|0000000000000000000000000000000000000000000000000000000000000000|RICH|1|740|DISP=ACCEPT_INSTALL|DETAIL=rt3_map_g1
0000000000000000000000000000000000000000000000000000000000000000|0000000000000000000000000000000000000000000000000000000000000000|0|3|rt4_TMB-5_MAP_g1_07112.r24|2|1|RICH|742|0|2810|0000000000000000000000000000000000000000000000000000000000000000|RICH|1|742|DISP=ACCEPT_INSTALL|DETAIL=rt3_map_g1
0000000000000000000000000000000000000000000000000000000000000000|0000000000000000000000000000000000000000000000000000000000000000|0|3|rt4_TMB-5_MAP_g1_07113.r24|2|1|RICH|744|0|2810|0000000000000000000000000000000000000000000000000000000000000000|RICH|1|744|DISP=ACCEPT_INSTALL|DETAIL=rt3_map_g1
0000000000000000000000000000000000000000000000000000000000000000|0000000000000000000000000000000000000000000000000000000000000000|0|3|rt4_TMB-5_MAP_g1_07114.r24|2|1|RICH|746|0|2810|0000000000000000000000000000000000000000000000000000000000000000|RICH|1|746|DISP=ACCEPT_INSTALL|DETAIL=rt3_map_g1
0000000000000000000000000000000000000000000000000000000000000000|0000000000000000000000000000000000000000000000000000000000000000|0|3|rt4_TMB-5_MAP_g1_07115.r24|2|1|RICH|748|0|2810|0000000000000000000000000000000000000000000000000000000000000000|RICH|1|748|DISP=ACCEPT_INSTALL|DETAIL=rt3_map_g1
0000000000000000000000000000000000000000000000000000000000000000|0000000000000000000000000000000000000000000000000000000000000000|0|3|rt4_TMB-5_MAP_g1_07116.r24|2|1|RICH|750|0|2810|0000000000000000000000000000000000000000000000000000000000000000|RICH|1|750|DISP=ACCEPT_INSTALL|DETAIL=rt3_map_g1
0000000000000000000000000000000000000000000000000000000000000000|0000000000000000000000000000000000000000000000000000000000000000|0|3|rt4_TMB-5_MAP_g1_07117.r24|2|1|RICH|752|0|2810|0000000000000000000000000000000000000000000000000000000000000000|RICH|1|752|DISP=ACCEPT_INSTALL|DETAIL=rt3_map_g1
0000000000000000000000000000000000000000000000000000000000000000|0000000000000000000000000000000000000000000000000000000000000000|0|3|rt4_TMB-5_MAP_g1_07118.r24|2|1|RICH|754|0|2810|0000000000000000000000000000000000000000000000000000000000000000|RICH|1|754|DISP=ACCEPT_INSTALL|DETAIL=rt3_map_g1
0000000000000000000000000000000000000000000000000000000000000000|0000000000000000000000000000000000000000000000000000000000000000|0|3|rt4_TMB-5_MAP_g1_07119.r24|2|1|RICH|756|0|2810|0000000000000000000000000000000000000000000000000000000000000000|RICH|1|756|DISP=ACCEPT_INSTALL|DETAIL=rt3_map_g1
0000000000000000000000000000000000000000000000000000000000000000|0000000000000000000000000000000000000000000000000000000000000000|0|3|rt4_TMB-5_MAP_g1_07120.r24|2|1|RICH|758|0|2810|0000000000000000000000000000000000000000000000000000000000000000|RICH|1|758|DISP=ACCEPT_INSTALL|DETAIL=rt3_map_g1
0000000000000000000000000000000000000000000000000000000000000000|0000000000000000000000000000000000000000000000000000000000000000|0|3|rt4_TMB-5_MAP_g1_07121.r24|2|1|RICH|760|0|2810|0000000000000000000000000000000000000000000000000000000000000000|RICH|1|760|DISP=ACCEPT_INSTALL|DETAIL=rt3_map_g1
0000000000000000000000000000000000000000000000000000000000000000|0000000000000000000000000000000000000000000000000000000000000000|0|3|rt4_TMB-5_MAP_g1_07122.r24|2|1|RICH|762|0|2810|0000000000000000000000000000000000000000000000000000000000000000|RICH|1|762|DISP=ACCEPT_INSTALL|DETAIL=rt3_map_g1
0000000000000000000000000000000000000000000000000000000000000000|0000000000000000000000000000000000000000000000000000000000000000|0|3|rt4_TMB-5_MAP_g1_07123.r24|2|1|RICH|764|0|2810|0000000000000000000000000000000000000000000000000000000000000000|RICH|1|764|DISP=ACCEPT_INSTALL|DETAIL=rt3_map_g1
0000000000000000000000000000000000000000000000000000000000000000|0000000000000000000000000000000000000000000000000000000000000000|0|3|rt4_TMB-5_MAP_g1_07124.r24|2|1|RICH|766|0|2810|0000000000000000000000000000000000000000000000000000000000000000|RICH|1|766|DISP=ACCEPT_INSTALL|DETAIL=rt3_map_g1
0000000000000000000000000000000000000000000000000000000000000000|0000000000000000000000000000000000000000000000000000000000000000|0|3|rt4_TMB-5_MAP_g1_07125.r24|2|1|RICH|768|0|2810|0000000000000000000000000000000000000000000000000000000000000000|RICH|1|768|DISP=ACCEPT_INSTALL|DETAIL=rt3_map_g1
0000000000000000000000000000000000000000000000000000000000000000|0000000000000000000000000000000000000000000000000000000000000000|0|3|rt4_TMB-5_MAP_g1_07126.r24|2|1|RICH|770|0|2810|0000000000000000000000000000000000000000000000000000000000000000|RICH|1|770|DISP=ACCEPT_INSTALL|DETAIL=rt3_map_g1
0000000000000000000000000000000000000000000000000000000000000000|0000000000000000000000000000000000000000000000000000000000000000|0|3|rt4_TMB-5_MAP_g1_07127.r24|2|1|RICH|772|0|2810|0000000000000000000000000000000000000000000000000000000000000000|RICH|1|772|DISP=ACCEPT_INSTALL|DETAIL=rt3_map_g1
0000000000000000000000000000000000000000000000000000000000000000|0000000000000000000000000000000000000000000000000000000000000000|0|3|rt4_TMB-5_MAP_g1_07128.r24|2|1|RICH|774|0|2810|0000000000000000000000000000000000000000000000000000000000000000|RICH|1|774|DISP=ACCEPT_INSTALL|DETAIL=rt3_map_g1
0000000000000000000000000000000000000000000000000000000000000000|0000000000000000000000000000000000000000000000000000000000000000|0|3|rt4_TMB-5_MAP_g1_07129.r24|2|1|RICH|776|0|2810|0000000000000000000000000000000000000000000000000000000000000000|RICH|1|776|DISP=ACCEPT_INSTALL|DETAIL=rt3_map_g1
0000000000000000000000000000000000000000000000000000000000000000|0000000000000000000000000000000000000000000000000000000000000000|0|3|rt4_TMB-5_MAP_g1_07130.r24|2|1|RICH|778|0|2810|0000000000000000000000000000000000000000000000000000000000000000|RICH|1|778|DISP=ACCEPT_INSTALL|DETAIL=rt3_map_g1
0000000000000000000000000000000000000000000000000000000000000000|0000000000000000000000000000000000000000000000000000000000000000|0|3|rt4_TMB-5_MAP_g1_07131.r24|2|1|RICH|780|0|2810|0000000000000000000000000000000000000000000000000000000000000000|RICH|1|780|DISP=ACCEPT_INSTALL|DETAIL=rt3_map_g1
0000000000000000000000000000000000000000000000000000000000000000|0000000000000000000000000000000000000000000000000000000000000000|0|3|rt4_TMB-5_MAP_g1_07132.r24|2|1|RICH|782|0|2810|0000000000000000000000000000000000000000000000000000000000000000|RICH|1|782|DISP=ACCEPT_INSTALL|DETAIL=rt3_map_g1
0000000000000000000000000000000000000000000000000000000000000000|0000000000000000000000000000000000000000000000000000000000000000|0|3|rt4_TMB-5_MAP_g1_07133.r24|2|1|RICH|784|0|2810|0000000000000000000000000000000000000000000000000000000000000000|RICH|1|784|DISP=ACCEPT_INSTALL|DETAIL=rt3_map_g1
0000000000000000000000000000000000000000000000000000000000000000|0000000000000000000000000000000000000000000000000000000000000000|0|3|rt4_TMB-5_MAP_g1_07134.r24|2|1|RICH|786|0|2810|0000000000000000000000000000000000000000000000000000000000000000|RICH|1|786|DISP=ACCEPT_INSTALL|DETAIL=rt3_map_g1
0000000000000000000000000000000000000000000000000000000000000000|0000000000000000000000000000000000000000000000000000000000000000|0|3|rt4_TMB-5_MAP_g1_07135.r24|2|1|RICH|788|0|2810|0000000000000000000000000000000000000000000000000000000000000000|RICH|1|788|DISP=ACCEPT_INSTALL|DETAIL=rt3_map_g1
0000000000000000000000000000000000000000000000000000000000000000|0000000000000000000000000000000000000000000000000000000000000000|0|3|rt4_TMB-5_MAP_g1_07136.r24|2|1|RICH|790|0|2810|0000000000000000000000000000000000000000000000000000000000000000|RICH|1|790|DISP=ACCEPT_INSTALL|DETAIL=rt3_map_g1
0000000000000000000000000000000000000000000000000000000000000000|0000000000000000000000000000000000000000000000000000000000000000|0|3|rt4_TMB-5_MAP_g1_07137.r24|2|1|RICH|792|0|2810|0000000000000000000000000000000000000000000000000000000000000000|RICH|1|792|DISP=ACCEPT_INSTALL|DETAIL=rt3_map_g1
0000000000000000000000000000000000000000000000000000000000000000|0000000000000000000000000000000000000000000000000000000000000000|0|3|rt4_TMB-5_MAP_g1_07138.r24|2|1|RICH|794|0|2810|0000000000000000000000000000000000000000000000000000000000000000|RICH|1|794|DISP=ACCEPT_INSTALL|DETAIL=rt3_map_g1
0000000000000000000000000000000000000000000000000000000000000000|0000000000000000000000000000000000000000000000000000000000000000|0|3|rt4_TMB-5_MAP_g1_07139.r24|2|1|RICH|796|0|2810|0000000000000000000000000000000000000000000000000000000000000000|RICH|1|796|DISP=ACCEPT_INSTALL|DETAIL=rt3_map_g1
0000000000000000000000000000000000000000000000000000000000000000|0000000000000000000000000000000000000000000000000000000000000000|0|3|rt4_TMB-5_MAP_g1_07140.r24|2|1|RICH|798|0|2810|0000000000000000000000000000000000000000000000000000000000000000|RICH|1|798|DISP=ACCEPT_INSTALL|DETAIL=rt3_map_g1
0000000000000000000000000000000000000000000000000000000000000000|0000000000000000000000000000000000000000000000000000000000000000|0|3|rt4_TMB-5_MAP_g1_07141.r24|2|1|RICH|800|0|2810|0000000000000000000000000000000000000000000000000000000000000000|RICH|1|800|DISP=ACCEPT_INSTALL|DETAIL=rt3_map_g1
0000000000000000000000000000000000000000000000000000000000000000|0000000000000000000000000000000000000000000000000000000000000000|0|3|rt4_TMB-5_MAP_g1_07142.r24|2|1|RICH|802|0|2810|0000000000000000000000000000000000000000000000000000000000000000|RICH|1|802|DISP=ACCEPT_INSTALL|DETAIL=rt3_map_g1
0000000000000000000000000000000000000000000000000000000000000000|0000000000000000000000000000000000000000000000000000000000000000|0|3|rt4_TMB-5_MAP_g1_07143.r24|2|1|RICH|804|0|2810|0000000000000000000000000000000000000000000000000000000000000000|RICH|1|804|DISP=ACCEPT_INSTALL|DETAIL=rt3_map_g1
0000000000000000000000000000000000000000000000000000000000000000|0000000000000000000000000000000000000000000000000000000000000000|0|3|rt4_TMB-5_MAP_g1_07144.r24|2|1|RICH|806|0|2810|0000000000000000000000000000000000000000000000000000000000000000|RICH|1|806|DISP=ACCEPT_INSTALL|DETAIL=rt3_map_g1
0000000000000000000000000000000000000000000000000000000000000000|0000000000000000000000000000000000000000000000000000000000000000|0|3|rt4_TMB-5_MAP_g1_07145.r24|2|1|RICH|808|0|2810|0000000000000000000000000000000000000000000000000000000000000000|RICH|1|808|DISP=ACCEPT_INSTALL|DETAIL=rt3_map_g1
0000000000000000000000000000000000000000000000000000000000000000|0000000000000000000000000000000000000000000000000000000000000000|0|3|rt4_TMB-5_MAP_g1_07146.r24|2|1|RICH|810|0|2810|0000000000000000000000000000000000000000000000000000000000000000|RICH|1|810|DISP=ACCEPT_INSTALL|DETAIL=rt3_map_g1
0000000000000000000000000000000000000000000000000000000000000000|0000000000000000000000000000000000000000000000000000000000000000|0|3|rt4_TMB-5_MAP_g1_07147.r24|2|1|RICH|812|0|2810|0000000000000000000000000000000000000000000000000000000000000000|RICH|1|812|DISP=ACCEPT_INSTALL|DETAIL=rt3_map_g1
0000000000000000000000000000000000000000000000000000000000000000|0000000000000000000000000000000000000000000000000000000000000000|0|3|rt4_TMB-5_MAP_g1_07148.r24|2|1|RICH|814|0|2810|0000000000000000000000000000000000000000000000000000000000000000|RICH|1|814|DISP=ACCEPT_INSTALL|DETAIL=rt3_map_g1
0000000000000000000000000000000000000000000000000000000000000000|0000000000000000000000000000000000000000000000000000000000000000|0|3|rt4_TMB-5_MAP_g1_07149.r24|2|1|RICH|816|0|2810|0000000000000000000000000000000000000000000000000000000000000000|RICH|1|816|DISP=ACCEPT_INSTALL|DETAIL=rt3_map_g1
0000000000000000000000000000000000000000000000000000000000000000|0000000000000000000000000000000000000000000000000000000000000000|0|3|rt4_TMB-5_MAP_g1_07150.r24|2|1|RICH|818|0|2810|0000000000000000000000000000000000000000000000000000000000000000|RICH|1|818|DISP=ACCEPT_INSTALL|DETAIL=rt3_map_g1
0000000000000000000000000000000000000000000000000000000000000000|0000000000000000000000000000000000000000000000000000000000000000|0|3|rt4_TMB-5_MAP_g1_07151.r24|2|1|RICH|820|0|2810|0000000000000000000000000000000000000000000000000000000000000000|RICH|1|820|DISP=ACCEPT_INSTALL|DETAIL=rt3_map_g1
0000000000000000000000000000000000000000000000000000000000000000|0000000000000000000000000000000000000000000000000000000000000000|0|3|rt4_TMB-5_MAP_g1_07152.r24|2|1|RICH|822|0|2810|0000000000000000000000000000000000000000000000000000000000000000|RICH|1|822|DISP=ACCEPT_INSTALL|DETAIL=rt3_map_g1
0000000000000000000000000000000000000000000000000000000000000000|0000000000000000000000000000000000000000000000000000000000000000|0|3|rt4_TMB-5_MAP_g1_07153.r24|2|1|RICH|824|0|2810|0000000000000000000000000000000000000000000000000000000000000000|RICH|1|824|DISP=ACCEPT_INSTALL|DETAIL=rt3_map_g1
0000000000000000000000000000000000000000000000000000000000000000|0000000000000000000000000000000000000000000000000000000000000000|0|3|rt4_TMB-5_MAP_g1_07154.r24|2|1|RICH|826|0|2810|0000000000000000000000000000000000000000000000000000000000000000|RICH|1|826|DISP=ACCEPT_INSTALL|DETAIL=rt3_map_g1
0000000000000000000000000000000000000000000000000000000000000000|0000000000000000000000000000000000000000000000000000000000000000|0|3|rt4_TMB-5_MAP_g1_07155.r24|2|1|RICH|828|0|2810|0000000000000000000000000000000000000000000000000000000000000000|RICH|1|828|DISP=ACCEPT_INSTALL|DETAIL=rt3_map_g1
0000000000000000000000000000000000000000000000000000000000000000|0000000000000000000000000000000000000000000000000000000000000000|0|3|rt4_TMB-5_MAP_g1_07156.r24|2|1|RICH|830|0|2810|0000000000000000000000000000000000000000000000000000000000000000|RICH|1|830|DISP=ACCEPT_INSTALL|DETAIL=rt3_map_g1
0000000000000000000000000000000000000000000000000000000000000000|0000000000000000000000000000000000000000000000000000000000000000|0|3|rt4_TMB-5_MAP_g1_07157.r24|2|1|RICH|832|0|2810|0000000000000000000000000000000000000000000000000000000000000000|RICH|1|832|DISP=ACCEPT_INSTALL|DETAIL=rt3_map_g1
0000000000000000000000000000000000000000000000000000000000000000|0000000000000000000000000000000000000000000000000000000000000000|0|3|rt4_TMB-5_MAP_g1_07158.r24|2|1|RICH|834|0|2810|0000000000000000000000000000000000000000000000000000000000000000|RICH|1|834|DISP=ACCEPT_INSTALL|DETAIL=rt3_map_g1
0000000000000000000000000000000000000000000000000000000000000000|0000000000000000000000000000000000000000000000000000000000000000|0|3|rt4_TMB-5_MAP_g1_07159.r24|2|1|RICH|836|0|2810|0000000000000000000000000000000000000000000000000000000000000000|RICH|1|836|DISP=ACCEPT_INSTALL|DETAIL=rt3_map_g1
0000000000000000000000000000000000000000000000000000000000000000|0000000000000000000000000000000000000000000000000000000000000000|0|3|rt4_TMB-5_MAP_g1_07160.r24|2|1|RICH|838|0|2810|0000000000000000000000000000000000000000000000000000000000000000|RICH|1|838|DISP=ACCEPT_INSTALL|DETAIL=rt3_map_g1
0000000000000000000000000000000000000000000000000000000000000000|0000000000000000000000000000000000000000000000000000000000000000|0|3|rt4_TMB-5_MAP_g1_07161.r24|2|1|RICH|840|0|2810|0000000000000000000000000000000000000000000000000000000000000000|RICH|1|840|DISP=ACCEPT_INSTALL|DETAIL=rt3_map_g1
0000000000000000000000000000000000000000000000000000000000000000|0000000000000000000000000000000000000000000000000000000000000000|0|3|rt4_TMB-5_MAP_g1_07162.r24|2|1|RICH|842|0|2810|0000000000000000000000000000000000000000000000000000000000000000|RICH|1|842|DISP=ACCEPT_INSTALL|DETAIL=rt3_map_g1
0000000000000000000000000000000000000000000000000000000000000000|0000000000000000000000000000000000000000000000000000000000000000|0|3|rt4_TMB-5_MAP_g1_07163.r24|2|1|RICH|844|0|2810|0000000000000000000000000000000000000000000000000000000000000000|RICH|1|844|DISP=ACCEPT_INSTALL|DETAIL=rt3_map_g1
0000000000000000000000000000000000000000000000000000000000000000|0000000000000000000000000000000000000000000000000000000000000000|0|3|rt4_TMB-5_MAP_g1_07164.r24|2|1|RICH|846|0|2810|0000000000000000000000000000000000000000000000000000000000000000|RICH|1|846|DISP=ACCEPT_INSTALL|DETAIL=rt3_map_g1
0000000000000000000000000000000000000000000000000000000000000000|0000000000000000000000000000000000000000000000000000000000000000|0|3|rt4_TMB-5_MAP_g1_07165.r24|2|1|RICH|848|0|2810|0000000000000000000000000000000000000000000000000000000000000000|RICH|1|848|DISP=ACCEPT_INSTALL|DETAIL=rt3_map_g1
0000000000000000000000000000000000000000000000000000000000000000|0000000000000000000000000000000000000000000000000000000000000000|0|3|rt4_TMB-5_MAP_g1_07166.r24|2|1|RICH|850|0|2810|0000000000000000000000000000000000000000000000000000000000000000|RICH|1|850|DISP=ACCEPT_INSTALL|DETAIL=rt3_map_g1
0000000000000000000000000000000000000000000000000000000000000000|0000000000000000000000000000000000000000000000000000000000000000|0|3|rt4_TMB-5_MAP_g1_07167.r24|2|1|RICH|852|0|2810|0000000000000000000000000000000000000000000000000000000000000000|RICH|1|852|DISP=ACCEPT_INSTALL|DETAIL=rt3_map_g1
0000000000000000000000000000000000000000000000000000000000000000|0000000000000000000000000000000000000000000000000000000000000000|0|3|rt4_TMB-5_MAP_g1_07168.r24|2|1|RICH|854|0|2810|0000000000000000000000000000000000000000000000000000000000000000|RICH|1|854|DISP=ACCEPT_INSTALL|DETAIL=rt3_map_g1
0000000000000000000000000000000000000000000000000000000000000000|0000000000000000000000000000000000000000000000000000000000000000|0|3|rt4_TMB-5_MAP_g1_07169.r24|2|1|RICH|856|0|2810|0000000000000000000000000000000000000000000000000000000000000000|RICH|1|856|DISP=ACCEPT_INSTALL|DETAIL=rt3_map_g1
0000000000000000000000000000000000000000000000000000000000000000|0000000000000000000000000000000000000000000000000000000000000000|0|3|rt4_TMB-5_MAP_g1_07170.r24|2|1|RICH|858|0|2810|0000000000000000000000000000000000000000000000000000000000000000|RICH|1|858|DISP=ACCEPT_INSTALL|DETAIL=rt3_map_g1
0000000000000000000000000000000000000000000000000000000000000000|0000000000000000000000000000000000000000000000000000000000000000|0|3|rt4_TMB-5_MAP_g1_07171.r24|2|1|RICH|860|0|2810|0000000000000000000000000000000000000000000000000000000000000000|RICH|1|860|DISP=ACCEPT_INSTALL|DETAIL=rt3_map_g1
0000000000000000000000000000000000000000000000000000000000000000|0000000000000000000000000000000000000000000000000000000000000000|0|3|rt4_TMB-5_MAP_g1_07172.r24|2|1|RICH|862|0|2810|0000000000000000000000000000000000000000000000000000000000000000|RICH|1|862|DISP=ACCEPT_INSTALL|DETAIL=rt3_map_g1
0000000000000000000000000000000000000000000000000000000000000000|0000000000000000000000000000000000000000000000000000000000000000|0|3|rt4_TMB-5_MAP_g1_07173.r24|2|1|RICH|864|0|2810|0000000000000000000000000000000000000000000000000000000000000000|RICH|1|864|DISP=ACCEPT_INSTALL|DETAIL=rt3_map_g1
0000000000000000000000000000000000000000000000000000000000000000|0000000000000000000000000000000000000000000000000000000000000000|0|3|rt4_TMB-5_MAP_g1_07174.r24|2|1|RICH|866|0|2810|0000000000000000000000000000000000000000000000000000000000000000|RICH|1|866|DISP=ACCEPT_INSTALL|DETAIL=rt3_map_g1
0000000000000000000000000000000000000000000000000000000000000000|0000000000000000000000000000000000000000000000000000000000000000|0|3|rt4_TMB-5_MAP_g1_07175.r24|2|1|RICH|868|0|2810|0000000000000000000000000000000000000000000000000000000000000000|RICH|1|868|DISP=ACCEPT_INSTALL|DETAIL=rt3_map_g1
0000000000000000000000000000000000000000000000000000000000000000|0000000000000000000000000000000000000000000000000000000000000000|0|3|rt4_TMB-5_MAP_g1_07176.r24|2|1|RICH|870|0|2810|0000000000000000000000000000000000000000000000000000000000000000|RICH|1|870|DISP=ACCEPT_INSTALL|DETAIL=rt3_map_g1
0000000000000000000000000000000000000000000000000000000000000000|0000000000000000000000000000000000000000000000000000000000000000|0|3|rt4_TMB-5_MAP_g1_07177.r24|2|1|RICH|872|0|2810|0000000000000000000000000000000000000000000000000000000000000000|RICH|1|872|DISP=ACCEPT_INSTALL|DETAIL=rt3_map_g1
0000000000000000000000000000000000000000000000000000000000000000|0000000000000000000000000000000000000000000000000000000000000000|0|3|rt4_TMB-5_MAP_g1_07178.r24|2|1|RICH|874|0|2810|0000000000000000000000000000000000000000000000000000000000000000|RICH|1|874|DISP=ACCEPT_INSTALL|DETAIL=rt3_map_g1
0000000000000000000000000000000000000000000000000000000000000000|0000000000000000000000000000000000000000000000000000000000000000|0|3|rt4_TMB-5_MAP_g1_07179.r24|2|1|RICH|876|0|2810|0000000000000000000000000000000000000000000000000000000000000000|RICH|1|876|DISP=ACCEPT_INSTALL|DETAIL=rt3_map_g1
0000000000000000000000000000000000000000000000000000000000000000|0000000000000000000000000000000000000000000000000000000000000000|0|3|rt4_TMB-5_MAP_g1_07180.r24|2|1|RICH|878|0|2810|0000000000000000000000000000000000000000000000000000000000000000|RICH|1|878|DISP=ACCEPT_INSTALL|DETAIL=rt3_map_g1
0000000000000000000000000000000000000000000000000000000000000000|0000000000000000000000000000000000000000000000000000000000000000|0|3|rt4_TMB-5_MAP_g1_07181.r24|2|1|RICH|880|0|2810|0000000000000000000000000000000000000000000000000000000000000000|RICH|1|880|DISP=ACCEPT_INSTALL|DETAIL=rt3_map_g1
0000000000000000000000000000000000000000000000000000000000000000|0000000000000000000000000000000000000000000000000000000000000000|0|3|rt4_TMB-5_MAP_g1_07182.r24|2|1|RICH|540|0|2820|0000000000000000000000000000000000000000000000000000000000000000|RICH|1|540|DISP=ACCEPT_INSTALL|DETAIL=rt3_map_g1
0000000000000000000000000000000000000000000000000000000000000000|0000000000000000000000000000000000000000000000000000000000000000|0|3|rt4_TMB-5_MAP_g1_07183.r24|2|1|RICH|542|0|2820|0000000000000000000000000000000000000000000000000000000000000000|RICH|1|542|DISP=ACCEPT_INSTALL|DETAIL=rt3_map_g1
0000000000000000000000000000000000000000000000000000000000000000|0000000000000000000000000000000000000000000000000000000000000000|0|3|rt4_TMB-5_MAP_g1_07184.r24|2|1|RICH|544|0|2820|0000000000000000000000000000000000000000000000000000000000000000|RICH|1|544|DISP=ACCEPT_INSTALL|DETAIL=rt3_map_g1
0000000000000000000000000000000000000000000000000000000000000000|0000000000000000000000000000000000000000000000000000000000000000|0|3|rt4_TMB-5_MAP_g1_07185.r24|2|1|RICH|546|0|2820|0000000000000000000000000000000000000000000000000000000000000000|RICH|1|546|DISP=ACCEPT_INSTALL|DETAIL=rt3_map_g1
0000000000000000000000000000000000000000000000000000000000000000|0000000000000000000000000000000000000000000000000000000000000000|0|3|rt4_TMB-5_MAP_g1_07186.r24|2|1|RICH|548|0|2820|0000000000000000000000000000000000000000000000000000000000000000|RICH|1|548|DISP=ACCEPT_INSTALL|DETAIL=rt3_map_g1
0000000000000000000000000000000000000000000000000000000000000000|0000000000000000000000000000000000000000000000000000000000000000|0|3|rt4_TMB-5_MAP_g1_07187.r24|2|1|RICH|550|0|2820|0000000000000000000000000000000000000000000000000000000000000000|RICH|1|550|DISP=ACCEPT_INSTALL|DETAIL=rt3_map_g1
0000000000000000000000000000000000000000000000000000000000000000|0000000000000000000000000000000000000000000000000000000000000000|0|3|rt4_TMB-5_MAP_g1_07188.r24|2|1|RICH|552|0|2820|0000000000000000000000000000000000000000000000000000000000000000|RICH|1|552|DISP=ACCEPT_INSTALL|DETAIL=rt3_map_g1
0000000000000000000000000000000000000000000000000000000000000000|0000000000000000000000000000000000000000000000000000000000000000|0|3|rt4_TMB-5_MAP_g1_07189.r24|2|1|RICH|554|0|2820|0000000000000000000000000000000000000000000000000000000000000000|RICH|1|554|DISP=ACCEPT_INSTALL|DETAIL=rt3_map_g1
0000000000000000000000000000000000000000000000000000000000000000|0000000000000000000000000000000000000000000000000000000000000000|0|3|rt4_TMB-5_MAP_g1_07190.r24|2|1|RICH|556|0|2820|0000000000000000000000000000000000000000000000000000000000000000|RICH|1|556|DISP=ACCEPT_INSTALL|DETAIL=rt3_map_g1
0000000000000000000000000000000000000000000000000000000000000000|0000000000000000000000000000000000000000000000000000000000000000|0|3|rt4_TMB-5_MAP_g1_07191.r24|2|1|RICH|558|0|2820|0000000000000000000000000000000000000000000000000000000000000000|RICH|1|558|DISP=ACCEPT_INSTALL|DETAIL=rt3_map_g1
0000000000000000000000000000000000000000000000000000000000000000|0000000000000000000000000000000000000000000000000000000000000000|0|3|rt4_TMB-5_MAP_g1_07192.r24|2|1|RICH|560|0|2820|0000000000000000000000000000000000000000000000000000000000000000|RICH|1|560|DISP=ACCEPT_INSTALL|DETAIL=rt3_map_g1
0000000000000000000000000000000000000000000000000000000000000000|0000000000000000000000000000000000000000000000000000000000000000|0|3|rt4_TMB-5_MAP_g1_07193.r24|2|1|RICH|562|0|2820|0000000000000000000000000000000000000000000000000000000000000000|RICH|1|562|DISP=ACCEPT_INSTALL|DETAIL=rt3_map_g1
0000000000000000000000000000000000000000000000000000000000000000|0000000000000000000000000000000000000000000000000000000000000000|0|3|rt4_TMB-5_MAP_g1_07194.r24|2|1|RICH|564|0|2820|0000000000000000000000000000000000000000000000000000000000000000|RICH|1|564|DISP=ACCEPT_INSTALL|DETAIL=rt3_map_g1
0000000000000000000000000000000000000000000000000000000000000000|0000000000000000000000000000000000000000000000000000000000000000|0|3|rt4_TMB-5_MAP_g1_07195.r24|2|1|RICH|566|0|2820|0000000000000000000000000000000000000000000000000000000000000000|RICH|1|566|DISP=ACCEPT_INSTALL|DETAIL=rt3_map_g1
0000000000000000000000000000000000000000000000000000000000000000|0000000000000000000000000000000000000000000000000000000000000000|0|3|rt4_TMB-5_MAP_g1_07196.r24|2|1|RICH|568|0|2820|0000000000000000000000000000000000000000000000000000000000000000|RICH|1|568|DISP=ACCEPT_INSTALL|DETAIL=rt3_map_g1
0000000000000000000000000000000000000000000000000000000000000000|0000000000000000000000000000000000000000000000000000000000000000|0|3|rt4_TMB-5_MAP_g1_07197.r24|2|1|RICH|570|0|2820|0000000000000000000000000000000000000000000000000000000000000000|RICH|1|570|DISP=ACCEPT_INSTALL|DETAIL=rt3_map_g1
0000000000000000000000000000000000000000000000000000000000000000|0000000000000000000000000000000000000000000000000000000000000000|0|3|rt4_TMB-5_MAP_g1_07198.r24|2|1|RICH|572|0|2820|0000000000000000000000000000000000000000000000000000000000000000|RICH|1|572|DISP=ACCEPT_INSTALL|DETAIL=rt3_map_g1
0000000000000000000000000000000000000000000000000000000000000000|0000000000000000000000000000000000000000000000000000000000000000|0|3|rt4_TMB-5_MAP_g1_07199.r24|2|1|RICH|574|0|2820|0000000000000000000000000000000000000000000000000000000000000000|RICH|1|574|DISP=ACCEPT_INSTALL|DETAIL=rt3_map_g1
0000000000000000000000000000000000000000000000000000000000000000|0000000000000000000000000000000000000000000000000000000000000000|0|3|rt4_TMB-5_MAP_g1_07200.r24|2|1|RICH|576|0|2820|0000000000000000000000000000000000000000000000000000000000000000|RICH|1|576|DISP=ACCEPT_INSTALL|DETAIL=rt3_map_g1
0000000000000000000000000000000000000000000000000000000000000000|0000000000000000000000000000000000000000000000000000000000000000|0|3|rt4_TMB-5_MAP_g1_07201.r24|2|1|RICH|578|0|2820|0000000000000000000000000000000000000000000000000000000000000000|RICH|1|578|DISP=ACCEPT_INSTALL|DETAIL=rt3_map_g1
0000000000000000000000000000000000000000000000000000000000000000|0000000000000000000000000000000000000000000000000000000000000000|0|3|rt4_TMB-5_MAP_g1_07202.r24|2|1|RICH|580|0|2820|0000000000000000000000000000000000000000000000000000000000000000|RICH|1|580|DISP=ACCEPT_INSTALL|DETAIL=rt3_map_g1
0000000000000000000000000000000000000000000000000000000000000000|0000000000000000000000000000000000000000000000000000000000000000|0|3|rt4_TMB-5_MAP_g1_07203.r24|2|1|RICH|582|0|2820|0000000000000000000000000000000000000000000000000000000000000000|RICH|1|582|DISP=ACCEPT_INSTALL|DETAIL=rt3_map_g1
0000000000000000000000000000000000000000000000000000000000000000|0000000000000000000000000000000000000000000000000000000000000000|0|3|rt4_TMB-5_MAP_g1_07204.r24|2|1|RICH|584|0|2820|0000000000000000000000000000000000000000000000000000000000000000|RICH|1|584|DISP=ACCEPT_INSTALL|DETAIL=rt3_map_g1
0000000000000000000000000000000000000000000000000000000000000000|0000000000000000000000000000000000000000000000000000000000000000|0|3|rt4_TMB-5_MAP_g1_07205.r24|2|1|RICH|586|0|2820|0000000000000000000000000000000000000000000000000000000000000000|RICH|1|586|DISP=ACCEPT_INSTALL|DETAIL=rt3_map_g1
0000000000000000000000000000000000000000000000000000000000000000|0000000000000000000000000000000000000000000000000000000000000000|0|3|rt4_TMB-5_MAP_g1_07206.r24|2|1|RICH|588|0|2820|0000000000000000000000000000000000000000000000000000000000000000|RICH|1|588|DISP=ACCEPT_INSTALL|DETAIL=rt3_map_g1
0000000000000000000000000000000000000000000000000000000000000000|0000000000000000000000000000000000000000000000000000000000000000|0|3|rt4_TMB-5_MAP_g1_07207.r24|2|1|RICH|590|0|2820|0000000000000000000000000000000000000000000000000000000000000000|RICH|1|590|DISP=ACCEPT_INSTALL|DETAIL=rt3_map_g1
0000000000000000000000000000000000000000000000000000000000000000|0000000000000000000000000000000000000000000000000000000000000000|0|3|rt4_TMB-5_MAP_g1_07208.r24|2|1|RICH|592|0|2820|0000000000000000000000000000000000000000000000000000000000000000|RICH|1|592|DISP=ACCEPT_INSTALL|DETAIL=rt3_map_g1
0000000000000000000000000000000000000000000000000000000000000000|0000000000000000000000000000000000000000000000000000000000000000|0|3|rt4_TMB-5_MAP_g1_07209.r24|2|1|RICH|594|0|2820|0000000000000000000000000000000000000000000000000000000000000000|RICH|1|594|DISP=ACCEPT_INSTALL|DETAIL=rt3_map_g1
0000000000000000000000000000000000000000000000000000000000000000|0000000000000000000000000000000000000000000000000000000000000000|0|3|rt4_TMB-5_MAP_g1_07210.r24|2|1|RICH|596|0|2820|0000000000000000000000000000000000000000000000000000000000000000|RICH|1|596|DISP=ACCEPT_INSTALL|DETAIL=rt3_map_g1
0000000000000000000000000000000000000000000000000000000000000000|0000000000000000000000000000000000000000000000000000000000000000|0|3|rt4_TMB-5_MAP_g1_07211.r24|2|1|RICH|598|0|2820|0000000000000000000000000000000000000000000000000000000000000000|RICH|1|598|DISP=ACCEPT_INSTALL|DETAIL=rt3_map_g1
0000000000000000000000000000000000000000000000000000000000000000|0000000000000000000000000000000000000000000000000000000000000000|0|3|rt4_TMB-5_MAP_g1_07212.r24|2|1|RICH|600|0|2820|0000000000000000000000000000000000000000000000000000000000000000|RICH|1|600|DISP=ACCEPT_INSTALL|DETAIL=rt3_map_g1
0000000000000000000000000000000000000000000000000000000000000000|0000000000000000000000000000000000000000000000000000000000000000|0|3|rt4_TMB-5_MAP_g1_07213.r24|2|1|RICH|602|0|2820|0000000000000000000000000000000000000000000000000000000000000000|RICH|1|602|DISP=ACCEPT_INSTALL|DETAIL=rt3_map_g1
0000000000000000000000000000000000000000000000000000000000000000|0000000000000000000000000000000000000000000000000000000000000000|0|3|rt4_TMB-5_MAP_g1_07214.r24|2|1|RICH|604|0|2820|0000000000000000000000000000000000000000000000000000000000000000|RICH|1|604|DISP=ACCEPT_INSTALL|DETAIL=rt3_map_g1
0000000000000000000000000000000000000000000000000000000000000000|0000000000000000000000000000000000000000000000000000000000000000|0|3|rt4_TMB-5_MAP_g1_07215.r24|2|1|RICH|606|0|2820|0000000000000000000000000000000000000000000000000000000000000000|RICH|1|606|DISP=ACCEPT_INSTALL|DETAIL=rt3_map_g1
0000000000000000000000000000000000000000000000000000000000000000|0000000000000000000000000000000000000000000000000000000000000000|0|3|rt4_TMB-5_MAP_g1_07216.r24|2|1|RICH|608|0|2820|0000000000000000000000000000000000000000000000000000000000000000|RICH|1|608|DISP=ACCEPT_INSTALL|DETAIL=rt3_map_g1
0000000000000000000000000000000000000000000000000000000000000000|0000000000000000000000000000000000000000000000000000000000000000|0|3|rt4_TMB-5_MAP_g1_07217.r24|2|1|RICH|610|0|2820|0000000000000000000000000000000000000000000000000000000000000000|RICH|1|610|DISP=ACCEPT_INSTALL|DETAIL=rt3_map_g1
0000000000000000000000000000000000000000000000000000000000000000|0000000000000000000000000000000000000000000000000000000000000000|0|3|rt4_TMB-5_MAP_g1_07218.r24|2|1|RICH|612|0|2820|0000000000000000000000000000000000000000000000000000000000000000|RICH|1|612|DISP=ACCEPT_INSTALL|DETAIL=rt3_map_g1
0000000000000000000000000000000000000000000000000000000000000000|0000000000000000000000000000000000000000000000000000000000000000|0|3|rt4_TMB-5_MAP_g1_07219.r24|2|1|RICH|614|0|2820|0000000000000000000000000000000000000000000000000000000000000000|RICH|1|614|DISP=ACCEPT_INSTALL|DETAIL=rt3_map_g1
0000000000000000000000000000000000000000000000000000000000000000|0000000000000000000000000000000000000000000000000000000000000000|0|3|rt4_TMB-5_MAP_g1_07220.r24|2|1|RICH|616|0|2820|0000000000000000000000000000000000000000000000000000000000000000|RICH|1|616|DISP=ACCEPT_INSTALL|DETAIL=rt3_map_g1
0000000000000000000000000000000000000000000000000000000000000000|0000000000000000000000000000000000000000000000000000000000000000|0|3|rt4_TMB-5_MAP_g1_07221.r24|2|1|RICH|618|0|2820|0000000000000000000000000000000000000000000000000000000000000000|RICH|1|618|DISP=ACCEPT_INSTALL|DETAIL=rt3_map_g1
0000000000000000000000000000000000000000000000000000000000000000|0000000000000000000000000000000000000000000000000000000000000000|0|3|rt4_TMB-5_MAP_g1_07222.r24|2|1|RICH|620|0|2820|0000000000000000000000000000000000000000000000000000000000000000|RICH|1|620|DISP=ACCEPT_INSTALL|DETAIL=rt3_map_g1
0000000000000000000000000000000000000000000000000000000000000000|0000000000000000000000000000000000000000000000000000000000000000|0|3|rt4_TMB-5_MAP_g1_07223.r24|2|1|RICH|622|0|2820|0000000000000000000000000000000000000000000000000000000000000000|RICH|1|622|DISP=ACCEPT_INSTALL|DETAIL=rt3_map_g1
0000000000000000000000000000000000000000000000000000000000000000|0000000000000000000000000000000000000000000000000000000000000000|0|3|rt4_TMB-5_MAP_g1_07224.r24|2|1|RICH|624|0|2820|0000000000000000000000000000000000000000000000000000000000000000|RICH|1|624|DISP=ACCEPT_INSTALL|DETAIL=rt3_map_g1
0000000000000000000000000000000000000000000000000000000000000000|0000000000000000000000000000000000000000000000000000000000000000|0|3|rt4_TMB-5_MAP_g1_07225.r24|2|1|RICH|626|0|2820|0000000000000000000000000000000000000000000000000000000000000000|RICH|1|626|DISP=ACCEPT_INSTALL|DETAIL=rt3_map_g1
0000000000000000000000000000000000000000000000000000000000000000|0000000000000000000000000000000000000000000000000000000000000000|0|3|rt4_TMB-5_MAP_g1_07226.r24|2|1|RICH|628|0|2820|0000000000000000000000000000000000000000000000000000000000000000|RICH|1|628|DISP=ACCEPT_INSTALL|DETAIL=rt3_map_g1
0000000000000000000000000000000000000000000000000000000000000000|0000000000000000000000000000000000000000000000000000000000000000|0|3|rt4_TMB-5_MAP_g1_07227.r24|2|1|RICH|630|0|2820|0000000000000000000000000000000000000000000000000000000000000000|RICH|1|630|DISP=ACCEPT_INSTALL|DETAIL=rt3_map_g1
0000000000000000000000000000000000000000000000000000000000000000|0000000000000000000000000000000000000000000000000000000000000000|0|3|rt4_TMB-5_MAP_g1_07228.r24|2|1|RICH|632|0|2820|0000000000000000000000000000000000000000000000000000000000000000|RICH|1|632|DISP=ACCEPT_INSTALL|DETAIL=rt3_map_g1
0000000000000000000000000000000000000000000000000000000000000000|0000000000000000000000000000000000000000000000000000000000000000|0|3|rt4_TMB-5_MAP_g1_07229.r24|2|1|RICH|634|0|2820|0000000000000000000000000000000000000000000000000000000000000000|RICH|1|634|DISP=ACCEPT_INSTALL|DETAIL=rt3_map_g1
0000000000000000000000000000000000000000000000000000000000000000|0000000000000000000000000000000000000000000000000000000000000000|0|3|rt4_TMB-5_MAP_g1_07230.r24|2|1|RICH|636|0|2820|0000000000000000000000000000000000000000000000000000000000000000|RICH|1|636|DISP=ACCEPT_INSTALL|DETAIL=rt3_map_g1
0000000000000000000000000000000000000000000000000000000000000000|0000000000000000000000000000000000000000000000000000000000000000|0|3|rt4_TMB-5_MAP_g1_07231.r24|2|1|RICH|638|0|2820|0000000000000000000000000000000000000000000000000000000000000000|RICH|1|638|DISP=ACCEPT_INSTALL|DETAIL=rt3_map_g1
0000000000000000000000000000000000000000000000000000000000000000|0000000000000000000000000000000000000000000000000000000000000000|0|3|rt4_TMB-5_MAP_g1_07232.r24|2|1|RICH|640|0|2820|0000000000000000000000000000000000000000000000000000000000000000|RICH|1|640|DISP=ACCEPT_INSTALL|DETAIL=rt3_map_g1
0000000000000000000000000000000000000000000000000000000000000000|0000000000000000000000000000000000000000000000000000000000000000|0|3|rt4_TMB-5_MAP_g1_07233.r24|2|1|RICH|642|0|2820|0000000000000000000000000000000000000000000000000000000000000000|RICH|1|642|DISP=ACCEPT_INSTALL|DETAIL=rt3_map_g1
0000000000000000000000000000000000000000000000000000000000000000|0000000000000000000000000000000000000000000000000000000000000000|0|3|rt4_TMB-5_MAP_g1_07234.r24|2|1|RICH|644|0|2820|0000000000000000000000000000000000000000000000000000000000000000|RICH|1|644|DISP=ACCEPT_INSTALL|DETAIL=rt3_map_g1
0000000000000000000000000000000000000000000000000000000000000000|0000000000000000000000000000000000000000000000000000000000000000|0|3|rt4_TMB-5_MAP_g1_07235.r24|2|1|RICH|646|0|2820|0000000000000000000000000000000000000000000000000000000000000000|RICH|1|646|DISP=ACCEPT_INSTALL|DETAIL=rt3_map_g1
0000000000000000000000000000000000000000000000000000000000000000|0000000000000000000000000000000000000000000000000000000000000000|0|3|rt4_TMB-5_MAP_g1_07236.r24|2|1|RICH|648|0|2820|0000000000000000000000000000000000000000000000000000000000000000|RICH|1|648|DISP=ACCEPT_INSTALL|DETAIL=rt3_map_g1
0000000000000000000000000000000000000000000000000000000000000000|0000000000000000000000000000000000000000000000000000000000000000|0|3|rt4_TMB-5_MAP_g1_07237.r24|2|1|RICH|650|0|2820|0000000000000000000000000000000000000000000000000000000000000000|RICH|1|650|DISP=ACCEPT_INSTALL|DETAIL=rt3_map_g1
0000000000000000000000000000000000000000000000000000000000000000|0000000000000000000000000000000000000000000000000000000000000000|0|3|rt4_TMB-5_MAP_g1_07238.r24|2|1|RICH|652|0|2820|0000000000000000000000000000000000000000000000000000000000000000|RICH|1|652|DISP=ACCEPT_INSTALL|DETAIL=rt3_map_g1
0000000000000000000000000000000000000000000000000000000000000000|0000000000000000000000000000000000000000000000000000000000000000|0|3|rt4_TMB-5_MAP_g1_07239.r24|2|1|RICH|654|0|2820|0000000000000000000000000000000000000000000000000000000000000000|RICH|1|654|DISP=ACCEPT_INSTALL|DETAIL=rt3_map_g1
0000000000000000000000000000000000000000000000000000000000000000|0000000000000000000000000000000000000000000000000000000000000000|0|3|rt4_TMB-5_MAP_g1_07240.r24|2|1|RICH|656|0|2820|0000000000000000000000000000000000000000000000000000000000000000|RICH|1|656|DISP=ACCEPT_INSTALL|DETAIL=rt3_map_g1
0000000000000000000000000000000000000000000000000000000000000000|0000000000000000000000000000000000000000000000000000000000000000|0|3|rt4_TMB-5_MAP_g1_07241.r24|2|1|RICH|658|0|2820|0000000000000000000000000000000000000000000000000000000000000000|RICH|1|658|DISP=ACCEPT_INSTALL|DETAIL=rt3_map_g1
0000000000000000000000000000000000000000000000000000000000000000|0000000000000000000000000000000000000000000000000000000000000000|0|3|rt4_TMB-5_MAP_g1_07242.r24|2|1|RICH|660|0|2820|0000000000000000000000000000000000000000000000000000000000000000|RICH|1|660|DISP=ACCEPT_INSTALL|DETAIL=rt3_map_g1
0000000000000000000000000000000000000000000000000000000000000000|0000000000000000000000000000000000000000000000000000000000000000|0|3|rt4_TMB-5_MAP_g1_07243.r24|2|1|RICH|662|0|2820|0000000000000000000000000000000000000000000000000000000000000000|RICH|1|662|DISP=ACCEPT_INSTALL|DETAIL=rt3_map_g1
0000000000000000000000000000000000000000000000000000000000000000|0000000000000000000000000000000000000000000000000000000000000000|0|3|rt4_TMB-5_MAP_g1_07244.r24|2|1|RICH|664|0|2820|0000000000000000000000000000000000000000000000000000000000000000|RICH|1|664|DISP=ACCEPT_INSTALL|DETAIL=rt3_map_g1
0000000000000000000000000000000000000000000000000000000000000000|0000000000000000000000000000000000000000000000000000000000000000|0|3|rt4_TMB-5_MAP_g1_07245.r24|2|1|RICH|666|0|2820|0000000000000000000000000000000000000000000000000000000000000000|RICH|1|666|DISP=ACCEPT_INSTALL|DETAIL=rt3_map_g1
0000000000000000000000000000000000000000000000000000000000000000|0000000000000000000000000000000000000000000000000000000000000000|0|3|rt4_TMB-5_MAP_g1_07246.r24|2|1|RICH|668|0|2820|0000000000000000000000000000000000000000000000000000000000000000|RICH|1|668|DISP=ACCEPT_INSTALL|DETAIL=rt3_map_g1
0000000000000000000000000000000000000000000000000000000000000000|0000000000000000000000000000000000000000000000000000000000000000|0|3|rt4_TMB-5_MAP_g1_07247.r24|2|1|RICH|670|0|2820|0000000000000000000000000000000000000000000000000000000000000000|RICH|1|670|DISP=ACCEPT_INSTALL|DETAIL=rt3_map_g1
0000000000000000000000000000000000000000000000000000000000000000|0000000000000000000000000000000000000000000000000000000000000000|0|3|rt4_TMB-5_MAP_g1_07248.r24|2|1|RICH|672|0|2820|0000000000000000000000000000000000000000000000000000000000000000|RICH|1|672|DISP=ACCEPT_INSTALL|DETAIL=rt3_map_g1
0000000000000000000000000000000000000000000000000000000000000000|0000000000000000000000000000000000000000000000000000000000000000|0|3|rt4_TMB-5_MAP_g1_07249.r24|2|1|RICH|674|0|2820|0000000000000000000000000000000000000000000000000000000000000000|RICH|1|674|DISP=ACCEPT_INSTALL|DETAIL=rt3_map_g1
0000000000000000000000000000000000000000000000000000000000000000|0000000000000000000000000000000000000000000000000000000000000000|0|3|rt4_TMB-5_MAP_g1_07250.r24|2|1|RICH|676|0|2820|0000000000000000000000000000000000000000000000000000000000000000|RICH|1|676|DISP=ACCEPT_INSTALL|DETAIL=rt3_map_g1
0000000000000000000000000000000000000000000000000000000000000000|0000000000000000000000000000000000000000000000000000000000000000|0|3|rt4_TMB-5_MAP_g1_07251.r24|2|1|RICH|678|0|2820|0000000000000000000000000000000000000000000000000000000000000000|RICH|1|678|DISP=ACCEPT_INSTALL|DETAIL=rt3_map_g1
0000000000000000000000000000000000000000000000000000000000000000|0000000000000000000000000000000000000000000000000000000000000000|0|3|rt4_TMB-5_MAP_g1_07252.r24|2|1|RICH|680|0|2820|0000000000000000000000000000000000000000000000000000000000000000|RICH|1|680|DISP=ACCEPT_INSTALL|DETAIL=rt3_map_g1
0000000000000000000000000000000000000000000000000000000000000000|0000000000000000000000000000000000000000000000000000000000000000|0|3|rt4_TMB-5_MAP_g1_07253.r24|2|1|RICH|682|0|2820|0000000000000000000000000000000000000000000000000000000000000000|RICH|1|682|DISP=ACCEPT_INSTALL|DETAIL=rt3_map_g1
0000000000000000000000000000000000000000000000000000000000000000|0000000000000000000000000000000000000000000000000000000000000000|0|3|rt4_TMB-5_MAP_g1_07254.r24|2|1|RICH|684|0|2820|0000000000000000000000000000000000000000000000000000000000000000|RICH|1|684|DISP=ACCEPT_INSTALL|DETAIL=rt3_map_g1
0000000000000000000000000000000000000000000000000000000000000000|0000000000000000000000000000000000000000000000000000000000000000|0|3|rt4_TMB-5_MAP_g1_07255.r24|2|1|RICH|686|0|2820|0000000000000000000000000000000000000000000000000000000000000000|RICH|1|686|DISP=ACCEPT_INSTALL|DETAIL=rt3_map_g1
0000000000000000000000000000000000000000000000000000000000000000|0000000000000000000000000000000000000000000000000000000000000000|0|3|rt4_TMB-5_MAP_g1_07256.r24|2|1|RICH|688|0|2820|0000000000000000000000000000000000000000000000000000000000000000|RICH|1|688|DISP=ACCEPT_INSTALL|DETAIL=rt3_map_g1
0000000000000000000000000000000000000000000000000000000000000000|0000000000000000000000000000000000000000000000000000000000000000|0|3|rt4_TMB-5_MAP_g1_07257.r24|2|1|RICH|690|0|2820|0000000000000000000000000000000000000000000000000000000000000000|RICH|1|690|DISP=ACCEPT_INSTALL|DETAIL=rt3_map_g1
0000000000000000000000000000000000000000000000000000000000000000|0000000000000000000000000000000000000000000000000000000000000000|0|3|rt4_TMB-5_MAP_g1_07258.r24|2|1|RICH|692|0|2820|0000000000000000000000000000000000000000000000000000000000000000|RICH|1|692|DISP=ACCEPT_INSTALL|DETAIL=rt3_map_g1
0000000000000000000000000000000000000000000000000000000000000000|0000000000000000000000000000000000000000000000000000000000000000|0|3|rt4_TMB-5_MAP_g1_07259.r24|2|1|RICH|694|0|2820|0000000000000000000000000000000000000000000000000000000000000000|RICH|1|694|DISP=ACCEPT_INSTALL|DETAIL=rt3_map_g1
0000000000000000000000000000000000000000000000000000000000000000|0000000000000000000000000000000000000000000000000000000000000000|0|3|rt4_TMB-5_MAP_g1_07260.r24|2|1|RICH|696|0|2820|0000000000000000000000000000000000000000000000000000000000000000|RICH|1|696|DISP=ACCEPT_INSTALL|DETAIL=rt3_map_g1
0000000000000000000000000000000000000000000000000000000000000000|0000000000000000000000000000000000000000000000000000000000000000|0|3|rt4_TMB-5_MAP_g1_07261.r24|2|1|RICH|698|0|2820|0000000000000000000000000000000000000000000000000000000000000000|RICH|1|698|DISP=ACCEPT_INSTALL|DETAIL=rt3_map_g1
0000000000000000000000000000000000000000000000000000000000000000|0000000000000000000000000000000000000000000000000000000000000000|0|3|rt4_TMB-5_MAP_g1_07262.r24|2|1|RICH|700|0|2820|0000000000000000000000000000000000000000000000000000000000000000|RICH|1|700|DISP=ACCEPT_INSTALL|DETAIL=rt3_map_g1
0000000000000000000000000000000000000000000000000000000000000000|0000000000000000000000000000000000000000000000000000000000000000|0|3|rt4_TMB-5_MAP_g1_07263.r24|2|1|RICH|702|0|2820|0000000000000000000000000000000000000000000000000000000000000000|RICH|1|702|DISP=ACCEPT_INSTALL|DETAIL=rt3_map_g1
0000000000000000000000000000000000000000000000000000000000000000|0000000000000000000000000000000000000000000000000000000000000000|0|3|rt4_TMB-5_MAP_g1_07264.r24|2|1|RICH|704|0|2820|0000000000000000000000000000000000000000000000000000000000000000|RICH|1|704|DISP=ACCEPT_INSTALL|DETAIL=rt3_map_g1
0000000000000000000000000000000000000000000000000000000000000000|0000000000000000000000000000000000000000000000000000000000000000|0|3|rt4_TMB-5_MAP_g1_07265.r24|2|1|RICH|706|0|2820|0000000000000000000000000000000000000000000000000000000000000000|RICH|1|706|DISP=ACCEPT_INSTALL|DETAIL=rt3_map_g1
0000000000000000000000000000000000000000000000000000000000000000|0000000000000000000000000000000000000000000000000000000000000000|0|3|rt4_TMB-5_MAP_g1_07266.r24|2|1|RICH|708|0|2820|0000000000000000000000000000000000000000000000000000000000000000|RICH|1|708|DISP=ACCEPT_INSTALL|DETAIL=rt3_map_g1
0000000000000000000000000000000000000000000000000000000000000000|0000000000000000000000000000000000000000000000000000000000000000|0|3|rt4_TMB-5_MAP_g1_07267.r24|2|1|RICH|710|0|2820|0000000000000000000000000000000000000000000000000000000000000000|RICH|1|710|DISP=ACCEPT_INSTALL|DETAIL=rt3_map_g1
0000000000000000000000000000000000000000000000000000000000000000|0000000000000000000000000000000000000000000000000000000000000000|0|3|rt4_TMB-5_MAP_g1_07268.r24|2|1|RICH|712|0|2820|0000000000000000000000000000000000000000000000000000000000000000|RICH|1|712|DISP=ACCEPT_INSTALL|DETAIL=rt3_map_g1
0000000000000000000000000000000000000000000000000000000000000000|0000000000000000000000000000000000000000000000000000000000000000|0|3|rt4_TMB-5_MAP_g1_07269.r24|2|1|RICH|714|0|2820|0000000000000000000000000000000000000000000000000000000000000000|RICH|1|714|DISP=ACCEPT_INSTALL|DETAIL=rt3_map_g1
0000000000000000000000000000000000000000000000000000000000000000|0000000000000000000000000000000000000000000000000000000000000000|0|3|rt4_TMB-5_MAP_g1_07270.r24|2|1|RICH|716|0|2820|0000000000000000000000000000000000000000000000000000000000000000|RICH|1|716|DISP=ACCEPT_INSTALL|DETAIL=rt3_map_g1
0000000000000000000000000000000000000000000000000000000000000000|0000000000000000000000000000000000000000000000000000000000000000|0|3|rt4_TMB-5_MAP_g1_07271.r24|2|1|RICH|718|0|2820|0000000000000000000000000000000000000000000000000000000000000000|RICH|1|718|DISP=ACCEPT_INSTALL|DETAIL=rt3_map_g1
0000000000000000000000000000000000000000000000000000000000000000|0000000000000000000000000000000000000000000000000000000000000000|0|3|rt4_TMB-5_MAP_g1_07272.r24|2|1|RICH|720|0|2820|0000000000000000000000000000000000000000000000000000000000000000|RICH|1|720|DISP=ACCEPT_INSTALL|DETAIL=rt3_map_g1
0000000000000000000000000000000000000000000000000000000000000000|0000000000000000000000000000000000000000000000000000000000000000|0|3|rt4_TMB-5_MAP_g1_07273.r24|2|1|RICH|722|0|2820|0000000000000000000000000000000000000000000000000000000000000000|RICH|1|722|DISP=ACCEPT_INSTALL|DETAIL=rt3_map_g1
0000000000000000000000000000000000000000000000000000000000000000|0000000000000000000000000000000000000000000000000000000000000000|0|3|rt4_TMB-5_MAP_g1_07274.r24|2|1|RICH|724|0|2820|0000000000000000000000000000000000000000000000000000000000000000|RICH|1|724|DISP=ACCEPT_INSTALL|DETAIL=rt3_map_g1
0000000000000000000000000000000000000000000000000000000000000000|0000000000000000000000000000000000000000000000000000000000000000|0|3|rt4_TMB-5_MAP_g1_07275.r24|2|1|RICH|726|0|2820|0000000000000000000000000000000000000000000000000000000000000000|RICH|1|726|DISP=ACCEPT_INSTALL|DETAIL=rt3_map_g1
0000000000000000000000000000000000000000000000000000000000000000|0000000000000000000000000000000000000000000000000000000000000000|0|3|rt4_TMB-5_MAP_g1_07276.r24|2|1|RICH|728|0|2820|0000000000000000000000000000000000000000000000000000000000000000|RICH|1|728|DISP=ACCEPT_INSTALL|DETAIL=rt3_map_g1
0000000000000000000000000000000000000000000000000000000000000000|0000000000000000000000000000000000000000000000000000000000000000|0|3|rt4_TMB-5_MAP_g1_07277.r24|2|1|RICH|730|0|2820|0000000000000000000000000000000000000000000000000000000000000000|RICH|1|730|DISP=ACCEPT_INSTALL|DETAIL=rt3_map_g1
0000000000000000000000000000000000000000000000000000000000000000|0000000000000000000000000000000000000000000000000000000000000000|0|3|rt4_TMB-5_MAP_g1_07278.r24|2|1|RICH|732|0|2820|0000000000000000000000000000000000000000000000000000000000000000|RICH|1|732|DISP=ACCEPT_INSTALL|DETAIL=rt3_map_g1
0000000000000000000000000000000000000000000000000000000000000000|0000000000000000000000000000000000000000000000000000000000000000|0|3|rt4_TMB-5_MAP_g1_07279.r24|2|1|RICH|734|0|2820|0000000000000000000000000000000000000000000000000000000000000000|RICH|1|734|DISP=ACCEPT_INSTALL|DETAIL=rt3_map_g1
0000000000000000000000000000000000000000000000000000000000000000|0000000000000000000000000000000000000000000000000000000000000000|0|3|rt4_TMB-5_MAP_g1_07280.r24|2|1|RICH|736|0|2820|0000000000000000000000000000000000000000000000000000000000000000|RICH|1|736|DISP=ACCEPT_INSTALL|DETAIL=rt3_map_g1
0000000000000000000000000000000000000000000000000000000000000000|0000000000000000000000000000000000000000000000000000000000000000|0|3|rt4_TMB-5_MAP_g1_07281.r24|2|1|RICH|738|0|2820|0000000000000000000000000000000000000000000000000000000000000000|RICH|1|738|DISP=ACCEPT_INSTALL|DETAIL=rt3_map_g1
0000000000000000000000000000000000000000000000000000000000000000|0000000000000000000000000000000000000000000000000000000000000000|0|3|rt4_TMB-5_MAP_g1_07282.r24|2|1|RICH|740|0|2820|0000000000000000000000000000000000000000000000000000000000000000|RICH|1|740|DISP=ACCEPT_INSTALL|DETAIL=rt3_map_g1
0000000000000000000000000000000000000000000000000000000000000000|0000000000000000000000000000000000000000000000000000000000000000|0|3|rt4_TMB-5_MAP_g1_07283.r24|2|1|RICH|742|0|2820|0000000000000000000000000000000000000000000000000000000000000000|RICH|1|742|DISP=ACCEPT_INSTALL|DETAIL=rt3_map_g1
0000000000000000000000000000000000000000000000000000000000000000|0000000000000000000000000000000000000000000000000000000000000000|0|3|rt4_TMB-5_MAP_g1_07284.r24|2|1|RICH|744|0|2820|0000000000000000000000000000000000000000000000000000000000000000|RICH|1|744|DISP=ACCEPT_INSTALL|DETAIL=rt3_map_g1
0000000000000000000000000000000000000000000000000000000000000000|0000000000000000000000000000000000000000000000000000000000000000|0|3|rt4_TMB-5_MAP_g1_07285.r24|2|1|RICH|746|0|2820|0000000000000000000000000000000000000000000000000000000000000000|RICH|1|746|DISP=ACCEPT_INSTALL|DETAIL=rt3_map_g1
0000000000000000000000000000000000000000000000000000000000000000|0000000000000000000000000000000000000000000000000000000000000000|0|3|rt4_TMB-5_MAP_g1_07286.r24|2|1|RICH|748|0|2820|0000000000000000000000000000000000000000000000000000000000000000|RICH|1|748|DISP=ACCEPT_INSTALL|DETAIL=rt3_map_g1
0000000000000000000000000000000000000000000000000000000000000000|0000000000000000000000000000000000000000000000000000000000000000|0|3|rt4_TMB-5_MAP_g1_07287.r24|2|1|RICH|750|0|2820|0000000000000000000000000000000000000000000000000000000000000000|RICH|1|750|DISP=ACCEPT_INSTALL|DETAIL=rt3_map_g1
0000000000000000000000000000000000000000000000000000000000000000|0000000000000000000000000000000000000000000000000000000000000000|0|3|rt4_TMB-5_MAP_g1_07288.r24|2|1|RICH|752|0|2820|0000000000000000000000000000000000000000000000000000000000000000|RICH|1|752|DISP=ACCEPT_INSTALL|DETAIL=rt3_map_g1
0000000000000000000000000000000000000000000000000000000000000000|0000000000000000000000000000000000000000000000000000000000000000|0|3|rt4_TMB-5_MAP_g1_07289.r24|2|1|RICH|754|0|2820|0000000000000000000000000000000000000000000000000000000000000000|RICH|1|754|DISP=ACCEPT_INSTALL|DETAIL=rt3_map_g1
0000000000000000000000000000000000000000000000000000000000000000|0000000000000000000000000000000000000000000000000000000000000000|0|3|rt4_TMB-5_MAP_g1_07290.r24|2|1|RICH|756|0|2820|0000000000000000000000000000000000000000000000000000000000000000|RICH|1|756|DISP=ACCEPT_INSTALL|DETAIL=rt3_map_g1
0000000000000000000000000000000000000000000000000000000000000000|0000000000000000000000000000000000000000000000000000000000000000|0|3|rt4_TMB-5_MAP_g1_07291.r24|2|1|RICH|758|0|2820|0000000000000000000000000000000000000000000000000000000000000000|RICH|1|758|DISP=ACCEPT_INSTALL|DETAIL=rt3_map_g1
0000000000000000000000000000000000000000000000000000000000000000|0000000000000000000000000000000000000000000000000000000000000000|0|3|rt4_TMB-5_MAP_g1_07292.r24|2|1|RICH|760|0|2820|0000000000000000000000000000000000000000000000000000000000000000|RICH|1|760|DISP=ACCEPT_INSTALL|DETAIL=rt3_map_g1
0000000000000000000000000000000000000000000000000000000000000000|0000000000000000000000000000000000000000000000000000000000000000|0|3|rt4_TMB-5_MAP_g1_07293.r24|2|1|RICH|762|0|2820|0000000000000000000000000000000000000000000000000000000000000000|RICH|1|762|DISP=ACCEPT_INSTALL|DETAIL=rt3_map_g1
0000000000000000000000000000000000000000000000000000000000000000|0000000000000000000000000000000000000000000000000000000000000000|0|3|rt4_TMB-5_MAP_g1_07294.r24|2|1|RICH|764|0|2820|0000000000000000000000000000000000000000000000000000000000000000|RICH|1|764|DISP=ACCEPT_INSTALL|DETAIL=rt3_map_g1
0000000000000000000000000000000000000000000000000000000000000000|0000000000000000000000000000000000000000000000000000000000000000|0|3|rt4_TMB-5_MAP_g1_07295.r24|2|1|RICH|766|0|2820|0000000000000000000000000000000000000000000000000000000000000000|RICH|1|766|DISP=ACCEPT_INSTALL|DETAIL=rt3_map_g1
0000000000000000000000000000000000000000000000000000000000000000|0000000000000000000000000000000000000000000000000000000000000000|0|3|rt4_TMB-5_MAP_g1_07296.r24|2|1|RICH|768|0|2820|0000000000000000000000000000000000000000000000000000000000000000|RICH|1|768|DISP=ACCEPT_INSTALL|DETAIL=rt3_map_g1
0000000000000000000000000000000000000000000000000000000000000000|0000000000000000000000000000000000000000000000000000000000000000|0|3|rt4_TMB-5_MAP_g1_07297.r24|2|1|RICH|770|0|2820|0000000000000000000000000000000000000000000000000000000000000000|RICH|1|770|DISP=ACCEPT_INSTALL|DETAIL=rt3_map_g1
0000000000000000000000000000000000000000000000000000000000000000|0000000000000000000000000000000000000000000000000000000000000000|0|3|rt4_TMB-5_MAP_g1_07298.r24|2|1|RICH|772|0|2820|0000000000000000000000000000000000000000000000000000000000000000|RICH|1|772|DISP=ACCEPT_INSTALL|DETAIL=rt3_map_g1
0000000000000000000000000000000000000000000000000000000000000000|0000000000000000000000000000000000000000000000000000000000000000|0|3|rt4_TMB-5_MAP_g1_07299.r24|2|1|RICH|774|0|2820|0000000000000000000000000000000000000000000000000000000000000000|RICH|1|774|DISP=ACCEPT_INSTALL|DETAIL=rt3_map_g1
0000000000000000000000000000000000000000000000000000000000000000|0000000000000000000000000000000000000000000000000000000000000000|0|3|rt4_TMB-5_MAP_g1_07300.r24|2|1|RICH|776|0|2820|0000000000000000000000000000000000000000000000000000000000000000|RICH|1|776|DISP=ACCEPT_INSTALL|DETAIL=rt3_map_g1
0000000000000000000000000000000000000000000000000000000000000000|0000000000000000000000000000000000000000000000000000000000000000|0|3|rt4_TMB-5_MAP_g1_07301.r24|2|1|RICH|778|0|2820|0000000000000000000000000000000000000000000000000000000000000000|RICH|1|778|DISP=ACCEPT_INSTALL|DETAIL=rt3_map_g1
0000000000000000000000000000000000000000000000000000000000000000|0000000000000000000000000000000000000000000000000000000000000000|0|3|rt4_TMB-5_MAP_g1_07302.r24|2|1|RICH|780|0|2820|0000000000000000000000000000000000000000000000000000000000000000|RICH|1|780|DISP=ACCEPT_INSTALL|DETAIL=rt3_map_g1
0000000000000000000000000000000000000000000000000000000000000000|0000000000000000000000000000000000000000000000000000000000000000|0|3|rt4_TMB-5_MAP_g1_07303.r24|2|1|RICH|782|0|2820|0000000000000000000000000000000000000000000000000000000000000000|RICH|1|782|DISP=ACCEPT_INSTALL|DETAIL=rt3_map_g1
0000000000000000000000000000000000000000000000000000000000000000|0000000000000000000000000000000000000000000000000000000000000000|0|3|rt4_TMB-5_MAP_g1_07304.r24|2|1|RICH|784|0|2820|0000000000000000000000000000000000000000000000000000000000000000|RICH|1|784|DISP=ACCEPT_INSTALL|DETAIL=rt3_map_g1
0000000000000000000000000000000000000000000000000000000000000000|0000000000000000000000000000000000000000000000000000000000000000|0|3|rt4_TMB-5_MAP_g1_07305.r24|2|1|RICH|786|0|2820|0000000000000000000000000000000000000000000000000000000000000000|RICH|1|786|DISP=ACCEPT_INSTALL|DETAIL=rt3_map_g1
0000000000000000000000000000000000000000000000000000000000000000|0000000000000000000000000000000000000000000000000000000000000000|0|3|rt4_TMB-5_MAP_g1_07306.r24|2|1|RICH|788|0|2820|0000000000000000000000000000000000000000000000000000000000000000|RICH|1|788|DISP=ACCEPT_INSTALL|DETAIL=rt3_map_g1
0000000000000000000000000000000000000000000000000000000000000000|0000000000000000000000000000000000000000000000000000000000000000|0|3|rt4_TMB-5_MAP_g1_07307.r24|2|1|RICH|790|0|2820|0000000000000000000000000000000000000000000000000000000000000000|RICH|1|790|DISP=ACCEPT_INSTALL|DETAIL=rt3_map_g1
0000000000000000000000000000000000000000000000000000000000000000|0000000000000000000000000000000000000000000000000000000000000000|0|3|rt4_TMB-5_MAP_g1_07308.r24|2|1|RICH|792|0|2820|0000000000000000000000000000000000000000000000000000000000000000|RICH|1|792|DISP=ACCEPT_INSTALL|DETAIL=rt3_map_g1
0000000000000000000000000000000000000000000000000000000000000000|0000000000000000000000000000000000000000000000000000000000000000|0|3|rt4_TMB-5_MAP_g1_07309.r24|2|1|RICH|794|0|2820|0000000000000000000000000000000000000000000000000000000000000000|RICH|1|794|DISP=ACCEPT_INSTALL|DETAIL=rt3_map_g1
0000000000000000000000000000000000000000000000000000000000000000|0000000000000000000000000000000000000000000000000000000000000000|0|3|rt4_TMB-5_MAP_g1_07310.r24|2|1|RICH|796|0|2820|0000000000000000000000000000000000000000000000000000000000000000|RICH|1|796|DISP=ACCEPT_INSTALL|DETAIL=rt3_map_g1
0000000000000000000000000000000000000000000000000000000000000000|0000000000000000000000000000000000000000000000000000000000000000|0|3|rt4_TMB-5_MAP_g1_07311.r24|2|1|RICH|798|0|2820|0000000000000000000000000000000000000000000000000000000000000000|RICH|1|798|DISP=ACCEPT_INSTALL|DETAIL=rt3_map_g1
0000000000000000000000000000000000000000000000000000000000000000|0000000000000000000000000000000000000000000000000000000000000000|0|3|rt4_TMB-5_MAP_g1_07312.r24|2|1|RICH|800|0|2820|0000000000000000000000000000000000000000000000000000000000000000|RICH|1|800|DISP=ACCEPT_INSTALL|DETAIL=rt3_map_g1
0000000000000000000000000000000000000000000000000000000000000000|0000000000000000000000000000000000000000000000000000000000000000|0|3|rt4_TMB-5_MAP_g1_07313.r24|2|1|RICH|802|0|2820|0000000000000000000000000000000000000000000000000000000000000000|RICH|1|802|DISP=ACCEPT_INSTALL|DETAIL=rt3_map_g1
0000000000000000000000000000000000000000000000000000000000000000|0000000000000000000000000000000000000000000000000000000000000000|0|3|rt4_TMB-5_MAP_g1_07314.r24|2|1|RICH|804|0|2820|0000000000000000000000000000000000000000000000000000000000000000|RICH|1|804|DISP=ACCEPT_INSTALL|DETAIL=rt3_map_g1
0000000000000000000000000000000000000000000000000000000000000000|0000000000000000000000000000000000000000000000000000000000000000|0|3|rt4_TMB-5_MAP_g1_07315.r24|2|1|RICH|806|0|2820|0000000000000000000000000000000000000000000000000000000000000000|RICH|1|806|DISP=ACCEPT_INSTALL|DETAIL=rt3_map_g1
0000000000000000000000000000000000000000000000000000000000000000|0000000000000000000000000000000000000000000000000000000000000000|0|3|rt4_TMB-5_MAP_g1_07316.r24|2|1|RICH|808|0|2820|0000000000000000000000000000000000000000000000000000000000000000|RICH|1|808|DISP=ACCEPT_INSTALL|DETAIL=rt3_map_g1
0000000000000000000000000000000000000000000000000000000000000000|0000000000000000000000000000000000000000000000000000000000000000|0|3|rt4_TMB-5_MAP_g1_07317.r24|2|1|RICH|810|0|2820|0000000000000000000000000000000000000000000000000000000000000000|RICH|1|810|DISP=ACCEPT_INSTALL|DETAIL=rt3_map_g1
0000000000000000000000000000000000000000000000000000000000000000|0000000000000000000000000000000000000000000000000000000000000000|0|3|rt4_TMB-5_MAP_g1_07318.r24|2|1|RICH|812|0|2820|0000000000000000000000000000000000000000000000000000000000000000|RICH|1|812|DISP=ACCEPT_INSTALL|DETAIL=rt3_map_g1
0000000000000000000000000000000000000000000000000000000000000000|0000000000000000000000000000000000000000000000000000000000000000|0|3|rt4_TMB-5_MAP_g1_07319.r24|2|1|RICH|814|0|2820|0000000000000000000000000000000000000000000000000000000000000000|RICH|1|814|DISP=ACCEPT_INSTALL|DETAIL=rt3_map_g1
0000000000000000000000000000000000000000000000000000000000000000|0000000000000000000000000000000000000000000000000000000000000000|0|3|rt4_TMB-5_MAP_g1_07320.r24|2|1|RICH|816|0|2820|0000000000000000000000000000000000000000000000000000000000000000|RICH|1|816|DISP=ACCEPT_INSTALL|DETAIL=rt3_map_g1
0000000000000000000000000000000000000000000000000000000000000000|0000000000000000000000000000000000000000000000000000000000000000|0|3|rt4_TMB-5_MAP_g1_07321.r24|2|1|RICH|818|0|2820|0000000000000000000000000000000000000000000000000000000000000000|RICH|1|818|DISP=ACCEPT_INSTALL|DETAIL=rt3_map_g1
0000000000000000000000000000000000000000000000000000000000000000|0000000000000000000000000000000000000000000000000000000000000000|0|3|rt4_TMB-5_MAP_g1_07322.r24|2|1|RICH|820|0|2820|0000000000000000000000000000000000000000000000000000000000000000|RICH|1|820|DISP=ACCEPT_INSTALL|DETAIL=rt3_map_g1
0000000000000000000000000000000000000000000000000000000000000000|0000000000000000000000000000000000000000000000000000000000000000|0|3|rt4_TMB-5_MAP_g1_07323.r24|2|1|RICH|822|0|2820|0000000000000000000000000000000000000000000000000000000000000000|RICH|1|822|DISP=ACCEPT_INSTALL|DETAIL=rt3_map_g1
0000000000000000000000000000000000000000000000000000000000000000|0000000000000000000000000000000000000000000000000000000000000000|0|3|rt4_TMB-5_MAP_g1_07324.r24|2|1|RICH|824|0|2820|0000000000000000000000000000000000000000000000000000000000000000|RICH|1|824|DISP=ACCEPT_INSTALL|DETAIL=rt3_map_g1
0000000000000000000000000000000000000000000000000000000000000000|0000000000000000000000000000000000000000000000000000000000000000|0|3|rt4_TMB-5_MAP_g1_07325.r24|2|1|RICH|826|0|2820|0000000000000000000000000000000000000000000000000000000000000000|RICH|1|826|DISP=ACCEPT_INSTALL|DETAIL=rt3_map_g1
0000000000000000000000000000000000000000000000000000000000000000|0000000000000000000000000000000000000000000000000000000000000000|0|3|rt4_TMB-5_MAP_g1_07326.r24|2|1|RICH|828|0|2820|0000000000000000000000000000000000000000000000000000000000000000|RICH|1|828|DISP=ACCEPT_INSTALL|DETAIL=rt3_map_g1
0000000000000000000000000000000000000000000000000000000000000000|0000000000000000000000000000000000000000000000000000000000000000|0|3|rt4_TMB-5_MAP_g1_07327.r24|2|1|RICH|830|0|2820|0000000000000000000000000000000000000000000000000000000000000000|RICH|1|830|DISP=ACCEPT_INSTALL|DETAIL=rt3_map_g1
0000000000000000000000000000000000000000000000000000000000000000|0000000000000000000000000000000000000000000000000000000000000000|0|3|rt4_TMB-5_MAP_g1_07328.r24|2|1|RICH|832|0|2820|0000000000000000000000000000000000000000000000000000000000000000|RICH|1|832|DISP=ACCEPT_INSTALL|DETAIL=rt3_map_g1
0000000000000000000000000000000000000000000000000000000000000000|0000000000000000000000000000000000000000000000000000000000000000|0|3|rt4_TMB-5_MAP_g1_07329.r24|2|1|RICH|834|0|2820|0000000000000000000000000000000000000000000000000000000000000000|RICH|1|834|DISP=ACCEPT_INSTALL|DETAIL=rt3_map_g1
0000000000000000000000000000000000000000000000000000000000000000|0000000000000000000000000000000000000000000000000000000000000000|0|3|rt4_TMB-5_MAP_g1_07330.r24|2|1|RICH|836|0|2820|0000000000000000000000000000000000000000000000000000000000000000|RICH|1|836|DISP=ACCEPT_INSTALL|DETAIL=rt3_map_g1
0000000000000000000000000000000000000000000000000000000000000000|0000000000000000000000000000000000000000000000000000000000000000|0|3|rt4_TMB-5_MAP_g1_07331.r24|2|1|RICH|838|0|2820|0000000000000000000000000000000000000000000000000000000000000000|RICH|1|838|DISP=ACCEPT_INSTALL|DETAIL=rt3_map_g1
0000000000000000000000000000000000000000000000000000000000000000|0000000000000000000000000000000000000000000000000000000000000000|0|3|rt4_TMB-5_MAP_g1_07332.r24|2|1|RICH|840|0|2820|0000000000000000000000000000000000000000000000000000000000000000|RICH|1|840|DISP=ACCEPT_INSTALL|DETAIL=rt3_map_g1
0000000000000000000000000000000000000000000000000000000000000000|0000000000000000000000000000000000000000000000000000000000000000|0|3|rt4_TMB-5_MAP_g1_07333.r24|2|1|RICH|842|0|2820|0000000000000000000000000000000000000000000000000000000000000000|RICH|1|842|DISP=ACCEPT_INSTALL|DETAIL=rt3_map_g1
0000000000000000000000000000000000000000000000000000000000000000|0000000000000000000000000000000000000000000000000000000000000000|0|3|rt4_TMB-5_MAP_g1_07334.r24|2|1|RICH|844|0|2820|0000000000000000000000000000000000000000000000000000000000000000|RICH|1|844|DISP=ACCEPT_INSTALL|DETAIL=rt3_map_g1
0000000000000000000000000000000000000000000000000000000000000000|0000000000000000000000000000000000000000000000000000000000000000|0|3|rt4_TMB-5_MAP_g1_07335.r24|2|1|RICH|846|0|2820|0000000000000000000000000000000000000000000000000000000000000000|RICH|1|846|DISP=ACCEPT_INSTALL|DETAIL=rt3_map_g1
0000000000000000000000000000000000000000000000000000000000000000|0000000000000000000000000000000000000000000000000000000000000000|0|3|rt4_TMB-5_MAP_g1_07336.r24|2|1|RICH|848|0|2820|0000000000000000000000000000000000000000000000000000000000000000|RICH|1|848|DISP=ACCEPT_INSTALL|DETAIL=rt3_map_g1
0000000000000000000000000000000000000000000000000000000000000000|0000000000000000000000000000000000000000000000000000000000000000|0|3|rt4_TMB-5_MAP_g1_07337.r24|2|1|RICH|850|0|2820|0000000000000000000000000000000000000000000000000000000000000000|RICH|1|850|DISP=ACCEPT_INSTALL|DETAIL=rt3_map_g1
0000000000000000000000000000000000000000000000000000000000000000|0000000000000000000000000000000000000000000000000000000000000000|0|3|rt4_TMB-5_MAP_g1_07338.r24|2|1|RICH|852|0|2820|0000000000000000000000000000000000000000000000000000000000000000|RICH|1|852|DISP=ACCEPT_INSTALL|DETAIL=rt3_map_g1
0000000000000000000000000000000000000000000000000000000000000000|0000000000000000000000000000000000000000000000000000000000000000|0|3|rt4_TMB-5_MAP_g1_07339.r24|2|1|RICH|854|0|2820|0000000000000000000000000000000000000000000000000000000000000000|RICH|1|854|DISP=ACCEPT_INSTALL|DETAIL=rt3_map_g1
0000000000000000000000000000000000000000000000000000000000000000|0000000000000000000000000000000000000000000000000000000000000000|0|3|rt4_TMB-5_MAP_g1_07340.r24|2|1|RICH|856|0|2820|0000000000000000000000000000000000000000000000000000000000000000|RICH|1|856|DISP=ACCEPT_INSTALL|DETAIL=rt3_map_g1
0000000000000000000000000000000000000000000000000000000000000000|0000000000000000000000000000000000000000000000000000000000000000|0|3|rt4_TMB-5_MAP_g1_07341.r24|2|1|RICH|858|0|2820|0000000000000000000000000000000000000000000000000000000000000000|RICH|1|858|DISP=ACCEPT_INSTALL|DETAIL=rt3_map_g1
0000000000000000000000000000000000000000000000000000000000000000|0000000000000000000000000000000000000000000000000000000000000000|0|3|rt4_TMB-5_MAP_g1_07342.r24|2|1|RICH|860|0|2820|0000000000000000000000000000000000000000000000000000000000000000|RICH|1|860|DISP=ACCEPT_INSTALL|DETAIL=rt3_map_g1
0000000000000000000000000000000000000000000000000000000000000000|0000000000000000000000000000000000000000000000000000000000000000|0|3|rt4_TMB-5_MAP_g1_07343.r24|2|1|RICH|862|0|2820|0000000000000000000000000000000000000000000000000000000000000000|RICH|1|862|DISP=ACCEPT_INSTALL|DETAIL=rt3_map_g1
0000000000000000000000000000000000000000000000000000000000000000|0000000000000000000000000000000000000000000000000000000000000000|0|3|rt4_TMB-5_MAP_g1_07344.r24|2|1|RICH|864|0|2820|0000000000000000000000000000000000000000000000000000000000000000|RICH|1|864|DISP=ACCEPT_INSTALL|DETAIL=rt3_map_g1
0000000000000000000000000000000000000000000000000000000000000000|0000000000000000000000000000000000000000000000000000000000000000|0|3|rt4_TMB-5_MAP_g1_07345.r24|2|1|RICH|866|0|2820|0000000000000000000000000000000000000000000000000000000000000000|RICH|1|866|DISP=ACCEPT_INSTALL|DETAIL=rt3_map_g1
0000000000000000000000000000000000000000000000000000000000000000|0000000000000000000000000000000000000000000000000000000000000000|0|3|rt4_TMB-5_MAP_g1_07346.r24|2|1|RICH|868|0|2820|0000000000000000000000000000000000000000000000000000000000000000|RICH|1|868|DISP=ACCEPT_INSTALL|DETAIL=rt3_map_g1
0000000000000000000000000000000000000000000000000000000000000000|0000000000000000000000000000000000000000000000000000000000000000|0|3|rt4_TMB-5_MAP_g1_07347.r24|2|1|RICH|870|0|2820|0000000000000000000000000000000000000000000000000000000000000000|RICH|1|870|DISP=ACCEPT_INSTALL|DETAIL=rt3_map_g1
0000000000000000000000000000000000000000000000000000000000000000|0000000000000000000000000000000000000000000000000000000000000000|0|3|rt4_TMB-5_MAP_g1_07348.r24|2|1|RICH|872|0|2820|0000000000000000000000000000000000000000000000000000000000000000|RICH|1|872|DISP=ACCEPT_INSTALL|DETAIL=rt3_map_g1
0000000000000000000000000000000000000000000000000000000000000000|0000000000000000000000000000000000000000000000000000000000000000|0|3|rt4_TMB-5_MAP_g1_07349.r24|2|1|RICH|874|0|2820|0000000000000000000000000000000000000000000000000000000000000000|RICH|1|874|DISP=ACCEPT_INSTALL|DETAIL=rt3_map_g1
0000000000000000000000000000000000000000000000000000000000000000|0000000000000000000000000000000000000000000000000000000000000000|0|3|rt4_TMB-5_MAP_g1_07350.r24|2|1|RICH|876|0|2820|0000000000000000000000000000000000000000000000000000000000000000|RICH|1|876|DISP=ACCEPT_INSTALL|DETAIL=rt3_map_g1
0000000000000000000000000000000000000000000000000000000000000000|0000000000000000000000000000000000000000000000000000000000000000|0|3|rt4_TMB-5_MAP_g1_07351.r24|2|1|RICH|878|0|2820|0000000000000000000000000000000000000000000000000000000000000000|RICH|1|878|DISP=ACCEPT_INSTALL|DETAIL=rt3_map_g1
0000000000000000000000000000000000000000000000000000000000000000|0000000000000000000000000000000000000000000000000000000000000000|0|3|rt4_TMB-5_MAP_g1_07352.r24|2|1|RICH|880|0|2820|0000000000000000000000000000000000000000000000000000000000000000|RICH|1|880|DISP=ACCEPT_INSTALL|DETAIL=rt3_map_g1
0000000000000000000000000000000000000000000000000000000000000000|0000000000000000000000000000000000000000000000000000000000000000|0|3|rt4_TMB-5_MAP_g1_07353.r24|2|1|RICH|540|0|2830|0000000000000000000000000000000000000000000000000000000000000000|RICH|1|540|DISP=ACCEPT_INSTALL|DETAIL=rt3_map_g1
0000000000000000000000000000000000000000000000000000000000000000|0000000000000000000000000000000000000000000000000000000000000000|0|3|rt4_TMB-5_MAP_g1_07354.r24|2|1|RICH|542|0|2830|0000000000000000000000000000000000000000000000000000000000000000|RICH|1|542|DISP=ACCEPT_INSTALL|DETAIL=rt3_map_g1
0000000000000000000000000000000000000000000000000000000000000000|0000000000000000000000000000000000000000000000000000000000000000|0|3|rt4_TMB-5_MAP_g1_07355.r24|2|1|RICH|544|0|2830|0000000000000000000000000000000000000000000000000000000000000000|RICH|1|544|DISP=ACCEPT_INSTALL|DETAIL=rt3_map_g1
0000000000000000000000000000000000000000000000000000000000000000|0000000000000000000000000000000000000000000000000000000000000000|0|3|rt4_TMB-5_MAP_g1_07356.r24|2|1|RICH|546|0|2830|0000000000000000000000000000000000000000000000000000000000000000|RICH|1|546|DISP=ACCEPT_INSTALL|DETAIL=rt3_map_g1
0000000000000000000000000000000000000000000000000000000000000000|0000000000000000000000000000000000000000000000000000000000000000|0|3|rt4_TMB-5_MAP_g1_07357.r24|2|1|RICH|548|0|2830|0000000000000000000000000000000000000000000000000000000000000000|RICH|1|548|DISP=ACCEPT_INSTALL|DETAIL=rt3_map_g1
0000000000000000000000000000000000000000000000000000000000000000|0000000000000000000000000000000000000000000000000000000000000000|0|3|rt4_TMB-5_MAP_g1_07358.r24|2|1|RICH|550|0|2830|0000000000000000000000000000000000000000000000000000000000000000|RICH|1|550|DISP=ACCEPT_INSTALL|DETAIL=rt3_map_g1
0000000000000000000000000000000000000000000000000000000000000000|0000000000000000000000000000000000000000000000000000000000000000|0|3|rt4_TMB-5_MAP_g1_07359.r24|2|1|RICH|552|0|2830|0000000000000000000000000000000000000000000000000000000000000000|RICH|1|552|DISP=ACCEPT_INSTALL|DETAIL=rt3_map_g1
0000000000000000000000000000000000000000000000000000000000000000|0000000000000000000000000000000000000000000000000000000000000000|0|3|rt4_TMB-5_MAP_g1_07360.r24|2|1|RICH|554|0|2830|0000000000000000000000000000000000000000000000000000000000000000|RICH|1|554|DISP=ACCEPT_INSTALL|DETAIL=rt3_map_g1
0000000000000000000000000000000000000000000000000000000000000000|0000000000000000000000000000000000000000000000000000000000000000|0|3|rt4_TMB-5_MAP_g1_07361.r24|2|1|RICH|556|0|2830|0000000000000000000000000000000000000000000000000000000000000000|RICH|1|556|DISP=ACCEPT_INSTALL|DETAIL=rt3_map_g1
0000000000000000000000000000000000000000000000000000000000000000|0000000000000000000000000000000000000000000000000000000000000000|0|3|rt4_TMB-5_MAP_g1_07362.r24|2|1|RICH|558|0|2830|0000000000000000000000000000000000000000000000000000000000000000|RICH|1|558|DISP=ACCEPT_INSTALL|DETAIL=rt3_map_g1
0000000000000000000000000000000000000000000000000000000000000000|0000000000000000000000000000000000000000000000000000000000000000|0|3|rt4_TMB-5_MAP_g1_07363.r24|2|1|RICH|560|0|2830|0000000000000000000000000000000000000000000000000000000000000000|RICH|1|560|DISP=ACCEPT_INSTALL|DETAIL=rt3_map_g1
0000000000000000000000000000000000000000000000000000000000000000|0000000000000000000000000000000000000000000000000000000000000000|0|3|rt4_TMB-5_MAP_g1_07364.r24|2|1|RICH|562|0|2830|0000000000000000000000000000000000000000000000000000000000000000|RICH|1|562|DISP=ACCEPT_INSTALL|DETAIL=rt3_map_g1
0000000000000000000000000000000000000000000000000000000000000000|0000000000000000000000000000000000000000000000000000000000000000|0|3|rt4_TMB-5_MAP_g1_07365.r24|2|1|RICH|564|0|2830|0000000000000000000000000000000000000000000000000000000000000000|RICH|1|564|DISP=ACCEPT_INSTALL|DETAIL=rt3_map_g1
0000000000000000000000000000000000000000000000000000000000000000|0000000000000000000000000000000000000000000000000000000000000000|0|3|rt4_TMB-5_MAP_g1_07366.r24|2|1|RICH|566|0|2830|0000000000000000000000000000000000000000000000000000000000000000|RICH|1|566|DISP=ACCEPT_INSTALL|DETAIL=rt3_map_g1
0000000000000000000000000000000000000000000000000000000000000000|0000000000000000000000000000000000000000000000000000000000000000|0|3|rt4_TMB-5_MAP_g1_07367.r24|2|1|RICH|568|0|2830|0000000000000000000000000000000000000000000000000000000000000000|RICH|1|568|DISP=ACCEPT_INSTALL|DETAIL=rt3_map_g1
0000000000000000000000000000000000000000000000000000000000000000|0000000000000000000000000000000000000000000000000000000000000000|0|3|rt4_TMB-5_MAP_g1_07368.r24|2|1|RICH|570|0|2830|0000000000000000000000000000000000000000000000000000000000000000|RICH|1|570|DISP=ACCEPT_INSTALL|DETAIL=rt3_map_g1
0000000000000000000000000000000000000000000000000000000000000000|0000000000000000000000000000000000000000000000000000000000000000|0|3|rt4_TMB-5_MAP_g1_07369.r24|2|1|RICH|572|0|2830|0000000000000000000000000000000000000000000000000000000000000000|RICH|1|572|DISP=ACCEPT_INSTALL|DETAIL=rt3_map_g1
0000000000000000000000000000000000000000000000000000000000000000|0000000000000000000000000000000000000000000000000000000000000000|0|3|rt4_TMB-5_MAP_g1_07370.r24|2|1|RICH|574|0|2830|0000000000000000000000000000000000000000000000000000000000000000|RICH|1|574|DISP=ACCEPT_INSTALL|DETAIL=rt3_map_g1
0000000000000000000000000000000000000000000000000000000000000000|0000000000000000000000000000000000000000000000000000000000000000|0|3|rt4_TMB-5_MAP_g1_07371.r24|2|1|RICH|576|0|2830|0000000000000000000000000000000000000000000000000000000000000000|RICH|1|576|DISP=ACCEPT_INSTALL|DETAIL=rt3_map_g1
0000000000000000000000000000000000000000000000000000000000000000|0000000000000000000000000000000000000000000000000000000000000000|0|3|rt4_TMB-5_MAP_g1_07372.r24|2|1|RICH|578|0|2830|0000000000000000000000000000000000000000000000000000000000000000|RICH|1|578|DISP=ACCEPT_INSTALL|DETAIL=rt3_map_g1
0000000000000000000000000000000000000000000000000000000000000000|0000000000000000000000000000000000000000000000000000000000000000|0|3|rt4_TMB-5_MAP_g1_07373.r24|2|1|RICH|580|0|2830|0000000000000000000000000000000000000000000000000000000000000000|RICH|1|580|DISP=ACCEPT_INSTALL|DETAIL=rt3_map_g1
0000000000000000000000000000000000000000000000000000000000000000|0000000000000000000000000000000000000000000000000000000000000000|0|3|rt4_TMB-5_MAP_g1_07374.r24|2|1|RICH|582|0|2830|0000000000000000000000000000000000000000000000000000000000000000|RICH|1|582|DISP=ACCEPT_INSTALL|DETAIL=rt3_map_g1
0000000000000000000000000000000000000000000000000000000000000000|0000000000000000000000000000000000000000000000000000000000000000|0|3|rt4_TMB-5_MAP_g1_07375.r24|2|1|RICH|584|0|2830|0000000000000000000000000000000000000000000000000000000000000000|RICH|1|584|DISP=ACCEPT_INSTALL|DETAIL=rt3_map_g1
0000000000000000000000000000000000000000000000000000000000000000|0000000000000000000000000000000000000000000000000000000000000000|0|3|rt4_TMB-5_MAP_g1_07376.r24|2|1|RICH|586|0|2830|0000000000000000000000000000000000000000000000000000000000000000|RICH|1|586|DISP=ACCEPT_INSTALL|DETAIL=rt3_map_g1
0000000000000000000000000000000000000000000000000000000000000000|0000000000000000000000000000000000000000000000000000000000000000|0|3|rt4_TMB-5_MAP_g1_07377.r24|2|1|RICH|588|0|2830|0000000000000000000000000000000000000000000000000000000000000000|RICH|1|588|DISP=ACCEPT_INSTALL|DETAIL=rt3_map_g1
0000000000000000000000000000000000000000000000000000000000000000|0000000000000000000000000000000000000000000000000000000000000000|0|3|rt4_TMB-5_MAP_g1_07378.r24|2|1|RICH|590|0|2830|0000000000000000000000000000000000000000000000000000000000000000|RICH|1|590|DISP=ACCEPT_INSTALL|DETAIL=rt3_map_g1
0000000000000000000000000000000000000000000000000000000000000000|0000000000000000000000000000000000000000000000000000000000000000|0|3|rt4_TMB-5_MAP_g1_07379.r24|2|1|RICH|592|0|2830|0000000000000000000000000000000000000000000000000000000000000000|RICH|1|592|DISP=ACCEPT_INSTALL|DETAIL=rt3_map_g1
0000000000000000000000000000000000000000000000000000000000000000|0000000000000000000000000000000000000000000000000000000000000000|0|3|rt4_TMB-5_MAP_g1_07380.r24|2|1|RICH|594|0|2830|0000000000000000000000000000000000000000000000000000000000000000|RICH|1|594|DISP=ACCEPT_INSTALL|DETAIL=rt3_map_g1
0000000000000000000000000000000000000000000000000000000000000000|0000000000000000000000000000000000000000000000000000000000000000|0|3|rt4_TMB-5_MAP_g1_07381.r24|2|1|RICH|596|0|2830|0000000000000000000000000000000000000000000000000000000000000000|RICH|1|596|DISP=ACCEPT_INSTALL|DETAIL=rt3_map_g1
0000000000000000000000000000000000000000000000000000000000000000|0000000000000000000000000000000000000000000000000000000000000000|0|3|rt4_TMB-5_MAP_g1_07382.r24|2|1|RICH|598|0|2830|0000000000000000000000000000000000000000000000000000000000000000|RICH|1|598|DISP=ACCEPT_INSTALL|DETAIL=rt3_map_g1
0000000000000000000000000000000000000000000000000000000000000000|0000000000000000000000000000000000000000000000000000000000000000|0|3|rt4_TMB-5_MAP_g1_07383.r24|2|1|RICH|600|0|2830|0000000000000000000000000000000000000000000000000000000000000000|RICH|1|600|DISP=ACCEPT_INSTALL|DETAIL=rt3_map_g1
0000000000000000000000000000000000000000000000000000000000000000|0000000000000000000000000000000000000000000000000000000000000000|0|3|rt4_TMB-5_MAP_g1_07384.r24|2|1|RICH|602|0|2830|0000000000000000000000000000000000000000000000000000000000000000|RICH|1|602|DISP=ACCEPT_INSTALL|DETAIL=rt3_map_g1
0000000000000000000000000000000000000000000000000000000000000000|0000000000000000000000000000000000000000000000000000000000000000|0|3|rt4_TMB-5_MAP_g1_07385.r24|2|1|RICH|604|0|2830|0000000000000000000000000000000000000000000000000000000000000000|RICH|1|604|DISP=ACCEPT_INSTALL|DETAIL=rt3_map_g1
0000000000000000000000000000000000000000000000000000000000000000|0000000000000000000000000000000000000000000000000000000000000000|0|3|rt4_TMB-5_MAP_g1_07386.r24|2|1|RICH|606|0|2830|0000000000000000000000000000000000000000000000000000000000000000|RICH|1|606|DISP=ACCEPT_INSTALL|DETAIL=rt3_map_g1
0000000000000000000000000000000000000000000000000000000000000000|0000000000000000000000000000000000000000000000000000000000000000|0|3|rt4_TMB-5_MAP_g1_07387.r24|2|1|RICH|608|0|2830|0000000000000000000000000000000000000000000000000000000000000000|RICH|1|608|DISP=ACCEPT_INSTALL|DETAIL=rt3_map_g1
0000000000000000000000000000000000000000000000000000000000000000|0000000000000000000000000000000000000000000000000000000000000000|0|3|rt4_TMB-5_MAP_g1_07388.r24|2|1|RICH|610|0|2830|0000000000000000000000000000000000000000000000000000000000000000|RICH|1|610|DISP=ACCEPT_INSTALL|DETAIL=rt3_map_g1
0000000000000000000000000000000000000000000000000000000000000000|0000000000000000000000000000000000000000000000000000000000000000|0|3|rt4_TMB-5_MAP_g1_07389.r24|2|1|RICH|612|0|2830|0000000000000000000000000000000000000000000000000000000000000000|RICH|1|612|DISP=ACCEPT_INSTALL|DETAIL=rt3_map_g1
0000000000000000000000000000000000000000000000000000000000000000|0000000000000000000000000000000000000000000000000000000000000000|0|3|rt4_TMB-5_MAP_g1_07390.r24|2|1|RICH|614|0|2830|0000000000000000000000000000000000000000000000000000000000000000|RICH|1|614|DISP=ACCEPT_INSTALL|DETAIL=rt3_map_g1
0000000000000000000000000000000000000000000000000000000000000000|0000000000000000000000000000000000000000000000000000000000000000|0|3|rt4_TMB-5_MAP_g1_07391.r24|2|1|RICH|616|0|2830|0000000000000000000000000000000000000000000000000000000000000000|RICH|1|616|DISP=ACCEPT_INSTALL|DETAIL=rt3_map_g1
0000000000000000000000000000000000000000000000000000000000000000|0000000000000000000000000000000000000000000000000000000000000000|0|3|rt4_TMB-5_MAP_g1_07392.r24|2|1|RICH|618|0|2830|0000000000000000000000000000000000000000000000000000000000000000|RICH|1|618|DISP=ACCEPT_INSTALL|DETAIL=rt3_map_g1
0000000000000000000000000000000000000000000000000000000000000000|0000000000000000000000000000000000000000000000000000000000000000|0|3|rt4_TMB-5_MAP_g1_07393.r24|2|1|RICH|620|0|2830|0000000000000000000000000000000000000000000000000000000000000000|RICH|1|620|DISP=ACCEPT_INSTALL|DETAIL=rt3_map_g1
0000000000000000000000000000000000000000000000000000000000000000|0000000000000000000000000000000000000000000000000000000000000000|0|3|rt4_TMB-5_MAP_g1_07394.r24|2|1|RICH|622|0|2830|0000000000000000000000000000000000000000000000000000000000000000|RICH|1|622|DISP=ACCEPT_INSTALL|DETAIL=rt3_map_g1
0000000000000000000000000000000000000000000000000000000000000000|0000000000000000000000000000000000000000000000000000000000000000|0|3|rt4_TMB-5_MAP_g1_07395.r24|2|1|RICH|624|0|2830|0000000000000000000000000000000000000000000000000000000000000000|RICH|1|624|DISP=ACCEPT_INSTALL|DETAIL=rt3_map_g1
0000000000000000000000000000000000000000000000000000000000000000|0000000000000000000000000000000000000000000000000000000000000000|0|3|rt4_TMB-5_MAP_g1_07396.r24|2|1|RICH|626|0|2830|0000000000000000000000000000000000000000000000000000000000000000|RICH|1|626|DISP=ACCEPT_INSTALL|DETAIL=rt3_map_g1
0000000000000000000000000000000000000000000000000000000000000000|0000000000000000000000000000000000000000000000000000000000000000|0|3|rt4_TMB-5_MAP_g1_07397.r24|2|1|RICH|628|0|2830|0000000000000000000000000000000000000000000000000000000000000000|RICH|1|628|DISP=ACCEPT_INSTALL|DETAIL=rt3_map_g1
0000000000000000000000000000000000000000000000000000000000000000|0000000000000000000000000000000000000000000000000000000000000000|0|3|rt4_TMB-5_MAP_g1_07398.r24|2|1|RICH|630|0|2830|0000000000000000000000000000000000000000000000000000000000000000|RICH|1|630|DISP=ACCEPT_INSTALL|DETAIL=rt3_map_g1
0000000000000000000000000000000000000000000000000000000000000000|0000000000000000000000000000000000000000000000000000000000000000|0|3|rt4_TMB-5_MAP_g1_07399.r24|2|1|RICH|632|0|2830|0000000000000000000000000000000000000000000000000000000000000000|RICH|1|632|DISP=ACCEPT_INSTALL|DETAIL=rt3_map_g1
0000000000000000000000000000000000000000000000000000000000000000|0000000000000000000000000000000000000000000000000000000000000000|0|3|rt4_TMB-5_MAP_g1_07400.r24|2|1|RICH|634|0|2830|0000000000000000000000000000000000000000000000000000000000000000|RICH|1|634|DISP=ACCEPT_INSTALL|DETAIL=rt3_map_g1
0000000000000000000000000000000000000000000000000000000000000000|0000000000000000000000000000000000000000000000000000000000000000|0|3|rt4_TMB-5_MAP_g1_07401.r24|2|1|RICH|636|0|2830|0000000000000000000000000000000000000000000000000000000000000000|RICH|1|636|DISP=ACCEPT_INSTALL|DETAIL=rt3_map_g1
0000000000000000000000000000000000000000000000000000000000000000|0000000000000000000000000000000000000000000000000000000000000000|0|3|rt4_TMB-5_MAP_g1_07402.r24|2|1|RICH|638|0|2830|0000000000000000000000000000000000000000000000000000000000000000|RICH|1|638|DISP=ACCEPT_INSTALL|DETAIL=rt3_map_g1
0000000000000000000000000000000000000000000000000000000000000000|0000000000000000000000000000000000000000000000000000000000000000|0|3|rt4_TMB-5_MAP_g1_07403.r24|2|1|RICH|640|0|2830|0000000000000000000000000000000000000000000000000000000000000000|RICH|1|640|DISP=ACCEPT_INSTALL|DETAIL=rt3_map_g1
0000000000000000000000000000000000000000000000000000000000000000|0000000000000000000000000000000000000000000000000000000000000000|0|3|rt4_TMB-5_MAP_g1_07404.r24|2|1|RICH|642|0|2830|0000000000000000000000000000000000000000000000000000000000000000|RICH|1|642|DISP=ACCEPT_INSTALL|DETAIL=rt3_map_g1
0000000000000000000000000000000000000000000000000000000000000000|0000000000000000000000000000000000000000000000000000000000000000|0|3|rt4_TMB-5_MAP_g1_07405.r24|2|1|RICH|644|0|2830|0000000000000000000000000000000000000000000000000000000000000000|RICH|1|644|DISP=ACCEPT_INSTALL|DETAIL=rt3_map_g1
0000000000000000000000000000000000000000000000000000000000000000|0000000000000000000000000000000000000000000000000000000000000000|0|3|rt4_TMB-5_MAP_g1_07406.r24|2|1|RICH|646|0|2830|0000000000000000000000000000000000000000000000000000000000000000|RICH|1|646|DISP=ACCEPT_INSTALL|DETAIL=rt3_map_g1
0000000000000000000000000000000000000000000000000000000000000000|0000000000000000000000000000000000000000000000000000000000000000|0|3|rt4_TMB-5_MAP_g1_07407.r24|2|1|RICH|648|0|2830|0000000000000000000000000000000000000000000000000000000000000000|RICH|1|648|DISP=ACCEPT_INSTALL|DETAIL=rt3_map_g1
0000000000000000000000000000000000000000000000000000000000000000|0000000000000000000000000000000000000000000000000000000000000000|0|3|rt4_TMB-5_MAP_g1_07408.r24|2|1|RICH|650|0|2830|0000000000000000000000000000000000000000000000000000000000000000|RICH|1|650|DISP=ACCEPT_INSTALL|DETAIL=rt3_map_g1
0000000000000000000000000000000000000000000000000000000000000000|0000000000000000000000000000000000000000000000000000000000000000|0|3|rt4_TMB-5_MAP_g1_07409.r24|2|1|RICH|652|0|2830|0000000000000000000000000000000000000000000000000000000000000000|RICH|1|652|DISP=ACCEPT_INSTALL|DETAIL=rt3_map_g1
0000000000000000000000000000000000000000000000000000000000000000|0000000000000000000000000000000000000000000000000000000000000000|0|3|rt4_TMB-5_MAP_g1_07410.r24|2|1|RICH|654|0|2830|0000000000000000000000000000000000000000000000000000000000000000|RICH|1|654|DISP=ACCEPT_INSTALL|DETAIL=rt3_map_g1
0000000000000000000000000000000000000000000000000000000000000000|0000000000000000000000000000000000000000000000000000000000000000|0|3|rt4_TMB-5_MAP_g1_07411.r24|2|1|RICH|656|0|2830|0000000000000000000000000000000000000000000000000000000000000000|RICH|1|656|DISP=ACCEPT_INSTALL|DETAIL=rt3_map_g1
0000000000000000000000000000000000000000000000000000000000000000|0000000000000000000000000000000000000000000000000000000000000000|0|3|rt4_TMB-5_MAP_g1_07412.r24|2|1|RICH|658|0|2830|0000000000000000000000000000000000000000000000000000000000000000|RICH|1|658|DISP=ACCEPT_INSTALL|DETAIL=rt3_map_g1
0000000000000000000000000000000000000000000000000000000000000000|0000000000000000000000000000000000000000000000000000000000000000|0|3|rt4_TMB-5_MAP_g1_07413.r24|2|1|RICH|660|0|2830|0000000000000000000000000000000000000000000000000000000000000000|RICH|1|660|DISP=ACCEPT_INSTALL|DETAIL=rt3_map_g1
0000000000000000000000000000000000000000000000000000000000000000|0000000000000000000000000000000000000000000000000000000000000000|0|3|rt4_TMB-5_MAP_g1_07414.r24|2|1|RICH|662|0|2830|0000000000000000000000000000000000000000000000000000000000000000|RICH|1|662|DISP=ACCEPT_INSTALL|DETAIL=rt3_map_g1
0000000000000000000000000000000000000000000000000000000000000000|0000000000000000000000000000000000000000000000000000000000000000|0|3|rt4_TMB-5_MAP_g1_07415.r24|2|1|RICH|664|0|2830|0000000000000000000000000000000000000000000000000000000000000000|RICH|1|664|DISP=ACCEPT_INSTALL|DETAIL=rt3_map_g1
0000000000000000000000000000000000000000000000000000000000000000|0000000000000000000000000000000000000000000000000000000000000000|0|3|rt4_TMB-5_MAP_g1_07416.r24|2|1|RICH|666|0|2830|0000000000000000000000000000000000000000000000000000000000000000|RICH|1|666|DISP=ACCEPT_INSTALL|DETAIL=rt3_map_g1
0000000000000000000000000000000000000000000000000000000000000000|0000000000000000000000000000000000000000000000000000000000000000|0|3|rt4_TMB-5_MAP_g1_07417.r24|2|1|RICH|668|0|2830|0000000000000000000000000000000000000000000000000000000000000000|RICH|1|668|DISP=ACCEPT_INSTALL|DETAIL=rt3_map_g1
0000000000000000000000000000000000000000000000000000000000000000|0000000000000000000000000000000000000000000000000000000000000000|0|3|rt4_TMB-5_MAP_g1_07418.r24|2|1|RICH|670|0|2830|0000000000000000000000000000000000000000000000000000000000000000|RICH|1|670|DISP=ACCEPT_INSTALL|DETAIL=rt3_map_g1
0000000000000000000000000000000000000000000000000000000000000000|0000000000000000000000000000000000000000000000000000000000000000|0|3|rt4_TMB-5_MAP_g1_07419.r24|2|1|RICH|672|0|2830|0000000000000000000000000000000000000000000000000000000000000000|RICH|1|672|DISP=ACCEPT_INSTALL|DETAIL=rt3_map_g1
0000000000000000000000000000000000000000000000000000000000000000|0000000000000000000000000000000000000000000000000000000000000000|0|3|rt4_TMB-5_MAP_g1_07420.r24|2|1|RICH|674|0|2830|0000000000000000000000000000000000000000000000000000000000000000|RICH|1|674|DISP=ACCEPT_INSTALL|DETAIL=rt3_map_g1
0000000000000000000000000000000000000000000000000000000000000000|0000000000000000000000000000000000000000000000000000000000000000|0|3|rt4_TMB-5_MAP_g1_07421.r24|2|1|RICH|676|0|2830|0000000000000000000000000000000000000000000000000000000000000000|RICH|1|676|DISP=ACCEPT_INSTALL|DETAIL=rt3_map_g1
0000000000000000000000000000000000000000000000000000000000000000|0000000000000000000000000000000000000000000000000000000000000000|0|3|rt4_TMB-5_MAP_g1_07422.r24|2|1|RICH|678|0|2830|0000000000000000000000000000000000000000000000000000000000000000|RICH|1|678|DISP=ACCEPT_INSTALL|DETAIL=rt3_map_g1
0000000000000000000000000000000000000000000000000000000000000000|0000000000000000000000000000000000000000000000000000000000000000|0|3|rt4_TMB-5_MAP_g1_07423.r24|2|1|RICH|680|0|2830|0000000000000000000000000000000000000000000000000000000000000000|RICH|1|680|DISP=ACCEPT_INSTALL|DETAIL=rt3_map_g1
0000000000000000000000000000000000000000000000000000000000000000|0000000000000000000000000000000000000000000000000000000000000000|0|3|rt4_TMB-5_MAP_g1_07424.r24|2|1|RICH|682|0|2830|0000000000000000000000000000000000000000000000000000000000000000|RICH|1|682|DISP=ACCEPT_INSTALL|DETAIL=rt3_map_g1
0000000000000000000000000000000000000000000000000000000000000000|0000000000000000000000000000000000000000000000000000000000000000|0|3|rt4_TMB-5_MAP_g1_07425.r24|2|1|RICH|684|0|2830|0000000000000000000000000000000000000000000000000000000000000000|RICH|1|684|DISP=ACCEPT_INSTALL|DETAIL=rt3_map_g1
0000000000000000000000000000000000000000000000000000000000000000|0000000000000000000000000000000000000000000000000000000000000000|0|3|rt4_TMB-5_MAP_g1_07426.r24|2|1|RICH|686|0|2830|0000000000000000000000000000000000000000000000000000000000000000|RICH|1|686|DISP=ACCEPT_INSTALL|DETAIL=rt3_map_g1
0000000000000000000000000000000000000000000000000000000000000000|0000000000000000000000000000000000000000000000000000000000000000|0|3|rt4_TMB-5_MAP_g1_07427.r24|2|1|RICH|688|0|2830|0000000000000000000000000000000000000000000000000000000000000000|RICH|1|688|DISP=ACCEPT_INSTALL|DETAIL=rt3_map_g1
0000000000000000000000000000000000000000000000000000000000000000|0000000000000000000000000000000000000000000000000000000000000000|0|3|rt4_TMB-5_MAP_g1_07428.r24|2|1|RICH|690|0|2830|0000000000000000000000000000000000000000000000000000000000000000|RICH|1|690|DISP=ACCEPT_INSTALL|DETAIL=rt3_map_g1
0000000000000000000000000000000000000000000000000000000000000000|0000000000000000000000000000000000000000000000000000000000000000|0|3|rt4_TMB-5_MAP_g1_07429.r24|2|1|RICH|692|0|2830|0000000000000000000000000000000000000000000000000000000000000000|RICH|1|692|DISP=ACCEPT_INSTALL|DETAIL=rt3_map_g1
0000000000000000000000000000000000000000000000000000000000000000|0000000000000000000000000000000000000000000000000000000000000000|0|3|rt4_TMB-5_MAP_g1_07430.r24|2|1|RICH|694|0|2830|0000000000000000000000000000000000000000000000000000000000000000|RICH|1|694|DISP=ACCEPT_INSTALL|DETAIL=rt3_map_g1
0000000000000000000000000000000000000000000000000000000000000000|0000000000000000000000000000000000000000000000000000000000000000|0|3|rt4_TMB-5_MAP_g1_07431.r24|2|1|RICH|696|0|2830|0000000000000000000000000000000000000000000000000000000000000000|RICH|1|696|DISP=ACCEPT_INSTALL|DETAIL=rt3_map_g1
0000000000000000000000000000000000000000000000000000000000000000|0000000000000000000000000000000000000000000000000000000000000000|0|3|rt4_TMB-5_MAP_g1_07432.r24|2|1|RICH|698|0|2830|0000000000000000000000000000000000000000000000000000000000000000|RICH|1|698|DISP=ACCEPT_INSTALL|DETAIL=rt3_map_g1
0000000000000000000000000000000000000000000000000000000000000000|0000000000000000000000000000000000000000000000000000000000000000|0|3|rt4_TMB-5_MAP_g1_07433.r24|2|1|RICH|700|0|2830|0000000000000000000000000000000000000000000000000000000000000000|RICH|1|700|DISP=ACCEPT_INSTALL|DETAIL=rt3_map_g1
0000000000000000000000000000000000000000000000000000000000000000|0000000000000000000000000000000000000000000000000000000000000000|0|3|rt4_TMB-5_MAP_g1_07434.r24|2|1|RICH|702|0|2830|0000000000000000000000000000000000000000000000000000000000000000|RICH|1|702|DISP=ACCEPT_INSTALL|DETAIL=rt3_map_g1
0000000000000000000000000000000000000000000000000000000000000000|0000000000000000000000000000000000000000000000000000000000000000|0|3|rt4_TMB-5_MAP_g1_07435.r24|2|1|RICH|704|0|2830|0000000000000000000000000000000000000000000000000000000000000000|RICH|1|704|DISP=ACCEPT_INSTALL|DETAIL=rt3_map_g1
0000000000000000000000000000000000000000000000000000000000000000|0000000000000000000000000000000000000000000000000000000000000000|0|3|rt4_TMB-5_MAP_g1_07436.r24|2|1|RICH|706|0|2830|0000000000000000000000000000000000000000000000000000000000000000|RICH|1|706|DISP=ACCEPT_INSTALL|DETAIL=rt3_map_g1
0000000000000000000000000000000000000000000000000000000000000000|0000000000000000000000000000000000000000000000000000000000000000|0|3|rt4_TMB-5_MAP_g1_07437.r24|2|1|RICH|708|0|2830|0000000000000000000000000000000000000000000000000000000000000000|RICH|1|708|DISP=ACCEPT_INSTALL|DETAIL=rt3_map_g1
0000000000000000000000000000000000000000000000000000000000000000|0000000000000000000000000000000000000000000000000000000000000000|0|3|rt4_TMB-5_MAP_g1_07438.r24|2|1|RICH|710|0|2830|0000000000000000000000000000000000000000000000000000000000000000|RICH|1|710|DISP=ACCEPT_INSTALL|DETAIL=rt3_map_g1
0000000000000000000000000000000000000000000000000000000000000000|0000000000000000000000000000000000000000000000000000000000000000|0|3|rt4_TMB-5_MAP_g1_07439.r24|2|1|RICH|712|0|2830|0000000000000000000000000000000000000000000000000000000000000000|RICH|1|712|DISP=ACCEPT_INSTALL|DETAIL=rt3_map_g1
0000000000000000000000000000000000000000000000000000000000000000|0000000000000000000000000000000000000000000000000000000000000000|0|3|rt4_TMB-5_MAP_g1_07440.r24|2|1|RICH|714|0|2830|0000000000000000000000000000000000000000000000000000000000000000|RICH|1|714|DISP=ACCEPT_INSTALL|DETAIL=rt3_map_g1
0000000000000000000000000000000000000000000000000000000000000000|0000000000000000000000000000000000000000000000000000000000000000|0|3|rt4_TMB-5_MAP_g1_07441.r24|2|1|RICH|716|0|2830|0000000000000000000000000000000000000000000000000000000000000000|RICH|1|716|DISP=ACCEPT_INSTALL|DETAIL=rt3_map_g1
0000000000000000000000000000000000000000000000000000000000000000|0000000000000000000000000000000000000000000000000000000000000000|0|3|rt4_TMB-5_MAP_g1_07442.r24|2|1|RICH|718|0|2830|0000000000000000000000000000000000000000000000000000000000000000|RICH|1|718|DISP=ACCEPT_INSTALL|DETAIL=rt3_map_g1
0000000000000000000000000000000000000000000000000000000000000000|0000000000000000000000000000000000000000000000000000000000000000|0|3|rt4_TMB-5_MAP_g1_07443.r24|2|1|RICH|720|0|2830|0000000000000000000000000000000000000000000000000000000000000000|RICH|1|720|DISP=ACCEPT_INSTALL|DETAIL=rt3_map_g1
0000000000000000000000000000000000000000000000000000000000000000|0000000000000000000000000000000000000000000000000000000000000000|0|3|rt4_TMB-5_MAP_g1_07444.r24|2|1|RICH|722|0|2830|0000000000000000000000000000000000000000000000000000000000000000|RICH|1|722|DISP=ACCEPT_INSTALL|DETAIL=rt3_map_g1
0000000000000000000000000000000000000000000000000000000000000000|0000000000000000000000000000000000000000000000000000000000000000|0|3|rt4_TMB-5_MAP_g1_07445.r24|2|1|RICH|724|0|2830|0000000000000000000000000000000000000000000000000000000000000000|RICH|1|724|DISP=ACCEPT_INSTALL|DETAIL=rt3_map_g1
0000000000000000000000000000000000000000000000000000000000000000|0000000000000000000000000000000000000000000000000000000000000000|0|3|rt4_TMB-5_MAP_g1_07446.r24|2|1|RICH|726|0|2830|0000000000000000000000000000000000000000000000000000000000000000|RICH|1|726|DISP=ACCEPT_INSTALL|DETAIL=rt3_map_g1
0000000000000000000000000000000000000000000000000000000000000000|0000000000000000000000000000000000000000000000000000000000000000|0|3|rt4_TMB-5_MAP_g1_07447.r24|2|1|RICH|728|0|2830|0000000000000000000000000000000000000000000000000000000000000000|RICH|1|728|DISP=ACCEPT_INSTALL|DETAIL=rt3_map_g1
0000000000000000000000000000000000000000000000000000000000000000|0000000000000000000000000000000000000000000000000000000000000000|0|3|rt4_TMB-5_MAP_g1_07448.r24|2|1|RICH|730|0|2830|0000000000000000000000000000000000000000000000000000000000000000|RICH|1|730|DISP=ACCEPT_INSTALL|DETAIL=rt3_map_g1
0000000000000000000000000000000000000000000000000000000000000000|0000000000000000000000000000000000000000000000000000000000000000|0|3|rt4_TMB-5_MAP_g1_07449.r24|2|1|RICH|732|0|2830|0000000000000000000000000000000000000000000000000000000000000000|RICH|1|732|DISP=ACCEPT_INSTALL|DETAIL=rt3_map_g1
0000000000000000000000000000000000000000000000000000000000000000|0000000000000000000000000000000000000000000000000000000000000000|0|3|rt4_TMB-5_MAP_g1_07450.r24|2|1|RICH|734|0|2830|0000000000000000000000000000000000000000000000000000000000000000|RICH|1|734|DISP=ACCEPT_INSTALL|DETAIL=rt3_map_g1
0000000000000000000000000000000000000000000000000000000000000000|0000000000000000000000000000000000000000000000000000000000000000|0|3|rt4_TMB-5_MAP_g1_07451.r24|2|1|RICH|736|0|2830|0000000000000000000000000000000000000000000000000000000000000000|RICH|1|736|DISP=ACCEPT_INSTALL|DETAIL=rt3_map_g1
0000000000000000000000000000000000000000000000000000000000000000|0000000000000000000000000000000000000000000000000000000000000000|0|3|rt4_TMB-5_MAP_g1_07452.r24|2|1|RICH|738|0|2830|0000000000000000000000000000000000000000000000000000000000000000|RICH|1|738|DISP=ACCEPT_INSTALL|DETAIL=rt3_map_g1
0000000000000000000000000000000000000000000000000000000000000000|0000000000000000000000000000000000000000000000000000000000000000|0|3|rt4_TMB-5_MAP_g1_07453.r24|2|1|RICH|740|0|2830|0000000000000000000000000000000000000000000000000000000000000000|RICH|1|740|DISP=ACCEPT_INSTALL|DETAIL=rt3_map_g1
0000000000000000000000000000000000000000000000000000000000000000|0000000000000000000000000000000000000000000000000000000000000000|0|3|rt4_TMB-5_MAP_g1_07454.r24|2|1|RICH|742|0|2830|0000000000000000000000000000000000000000000000000000000000000000|RICH|1|742|DISP=ACCEPT_INSTALL|DETAIL=rt3_map_g1
0000000000000000000000000000000000000000000000000000000000000000|0000000000000000000000000000000000000000000000000000000000000000|0|3|rt4_TMB-5_MAP_g1_07455.r24|2|1|RICH|744|0|2830|0000000000000000000000000000000000000000000000000000000000000000|RICH|1|744|DISP=ACCEPT_INSTALL|DETAIL=rt3_map_g1
0000000000000000000000000000000000000000000000000000000000000000|0000000000000000000000000000000000000000000000000000000000000000|0|3|rt4_TMB-5_MAP_g1_07456.r24|2|1|RICH|746|0|2830|0000000000000000000000000000000000000000000000000000000000000000|RICH|1|746|DISP=ACCEPT_INSTALL|DETAIL=rt3_map_g1
0000000000000000000000000000000000000000000000000000000000000000|0000000000000000000000000000000000000000000000000000000000000000|0|3|rt4_TMB-5_MAP_g1_07457.r24|2|1|RICH|748|0|2830|0000000000000000000000000000000000000000000000000000000000000000|RICH|1|748|DISP=ACCEPT_INSTALL|DETAIL=rt3_map_g1
0000000000000000000000000000000000000000000000000000000000000000|0000000000000000000000000000000000000000000000000000000000000000|0|3|rt4_TMB-5_MAP_g1_07458.r24|2|1|RICH|750|0|2830|0000000000000000000000000000000000000000000000000000000000000000|RICH|1|750|DISP=ACCEPT_INSTALL|DETAIL=rt3_map_g1
0000000000000000000000000000000000000000000000000000000000000000|0000000000000000000000000000000000000000000000000000000000000000|0|3|rt4_TMB-5_MAP_g1_07459.r24|2|1|RICH|752|0|2830|0000000000000000000000000000000000000000000000000000000000000000|RICH|1|752|DISP=ACCEPT_INSTALL|DETAIL=rt3_map_g1
0000000000000000000000000000000000000000000000000000000000000000|0000000000000000000000000000000000000000000000000000000000000000|0|3|rt4_TMB-5_MAP_g1_07460.r24|2|1|RICH|754|0|2830|0000000000000000000000000000000000000000000000000000000000000000|RICH|1|754|DISP=ACCEPT_INSTALL|DETAIL=rt3_map_g1
0000000000000000000000000000000000000000000000000000000000000000|0000000000000000000000000000000000000000000000000000000000000000|0|3|rt4_TMB-5_MAP_g1_07461.r24|2|1|RICH|756|0|2830|0000000000000000000000000000000000000000000000000000000000000000|RICH|1|756|DISP=ACCEPT_INSTALL|DETAIL=rt3_map_g1
0000000000000000000000000000000000000000000000000000000000000000|0000000000000000000000000000000000000000000000000000000000000000|0|3|rt4_TMB-5_MAP_g1_07462.r24|2|1|RICH|758|0|2830|0000000000000000000000000000000000000000000000000000000000000000|RICH|1|758|DISP=ACCEPT_INSTALL|DETAIL=rt3_map_g1
0000000000000000000000000000000000000000000000000000000000000000|0000000000000000000000000000000000000000000000000000000000000000|0|3|rt4_TMB-5_MAP_g1_07463.r24|2|1|RICH|760|0|2830|0000000000000000000000000000000000000000000000000000000000000000|RICH|1|760|DISP=ACCEPT_INSTALL|DETAIL=rt3_map_g1
0000000000000000000000000000000000000000000000000000000000000000|0000000000000000000000000000000000000000000000000000000000000000|0|3|rt4_TMB-5_MAP_g1_07464.r24|2|1|RICH|762|0|2830|0000000000000000000000000000000000000000000000000000000000000000|RICH|1|762|DISP=ACCEPT_INSTALL|DETAIL=rt3_map_g1
0000000000000000000000000000000000000000000000000000000000000000|0000000000000000000000000000000000000000000000000000000000000000|0|3|rt4_TMB-5_MAP_g1_07465.r24|2|1|RICH|764|0|2830|0000000000000000000000000000000000000000000000000000000000000000|RICH|1|764|DISP=ACCEPT_INSTALL|DETAIL=rt3_map_g1
0000000000000000000000000000000000000000000000000000000000000000|0000000000000000000000000000000000000000000000000000000000000000|0|3|rt4_TMB-5_MAP_g1_07466.r24|2|1|RICH|766|0|2830|0000000000000000000000000000000000000000000000000000000000000000|RICH|1|766|DISP=ACCEPT_INSTALL|DETAIL=rt3_map_g1
0000000000000000000000000000000000000000000000000000000000000000|0000000000000000000000000000000000000000000000000000000000000000|0|3|rt4_TMB-5_MAP_g1_07467.r24|2|1|RICH|768|0|2830|0000000000000000000000000000000000000000000000000000000000000000|RICH|1|768|DISP=ACCEPT_INSTALL|DETAIL=rt3_map_g1
0000000000000000000000000000000000000000000000000000000000000000|0000000000000000000000000000000000000000000000000000000000000000|0|3|rt4_TMB-5_MAP_g1_07468.r24|2|1|RICH|770|0|2830|0000000000000000000000000000000000000000000000000000000000000000|RICH|1|770|DISP=ACCEPT_INSTALL|DETAIL=rt3_map_g1
0000000000000000000000000000000000000000000000000000000000000000|0000000000000000000000000000000000000000000000000000000000000000|0|3|rt4_TMB-5_MAP_g1_07469.r24|2|1|RICH|772|0|2830|0000000000000000000000000000000000000000000000000000000000000000|RICH|1|772|DISP=ACCEPT_INSTALL|DETAIL=rt3_map_g1
0000000000000000000000000000000000000000000000000000000000000000|0000000000000000000000000000000000000000000000000000000000000000|0|3|rt4_TMB-5_MAP_g1_07470.r24|2|1|RICH|774|0|2830|0000000000000000000000000000000000000000000000000000000000000000|RICH|1|774|DISP=ACCEPT_INSTALL|DETAIL=rt3_map_g1
0000000000000000000000000000000000000000000000000000000000000000|0000000000000000000000000000000000000000000000000000000000000000|0|3|rt4_TMB-5_MAP_g1_07471.r24|2|1|RICH|776|0|2830|0000000000000000000000000000000000000000000000000000000000000000|RICH|1|776|DISP=ACCEPT_INSTALL|DETAIL=rt3_map_g1
0000000000000000000000000000000000000000000000000000000000000000|0000000000000000000000000000000000000000000000000000000000000000|0|3|rt4_TMB-5_MAP_g1_07472.r24|2|1|RICH|778|0|2830|0000000000000000000000000000000000000000000000000000000000000000|RICH|1|778|DISP=ACCEPT_INSTALL|DETAIL=rt3_map_g1
0000000000000000000000000000000000000000000000000000000000000000|0000000000000000000000000000000000000000000000000000000000000000|0|3|rt4_TMB-5_MAP_g1_07473.r24|2|1|RICH|780|0|2830|0000000000000000000000000000000000000000000000000000000000000000|RICH|1|780|DISP=ACCEPT_INSTALL|DETAIL=rt3_map_g1
0000000000000000000000000000000000000000000000000000000000000000|0000000000000000000000000000000000000000000000000000000000000000|0|3|rt4_TMB-5_MAP_g1_07474.r24|2|1|RICH|782|0|2830|0000000000000000000000000000000000000000000000000000000000000000|RICH|1|782|DISP=ACCEPT_INSTALL|DETAIL=rt3_map_g1
0000000000000000000000000000000000000000000000000000000000000000|0000000000000000000000000000000000000000000000000000000000000000|0|3|rt4_TMB-5_MAP_g1_07475.r24|2|1|RICH|784|0|2830|0000000000000000000000000000000000000000000000000000000000000000|RICH|1|784|DISP=ACCEPT_INSTALL|DETAIL=rt3_map_g1
0000000000000000000000000000000000000000000000000000000000000000|0000000000000000000000000000000000000000000000000000000000000000|0|3|rt4_TMB-5_MAP_g1_07476.r24|2|1|RICH|786|0|2830|0000000000000000000000000000000000000000000000000000000000000000|RICH|1|786|DISP=ACCEPT_INSTALL|DETAIL=rt3_map_g1
0000000000000000000000000000000000000000000000000000000000000000|0000000000000000000000000000000000000000000000000000000000000000|0|3|rt4_TMB-5_MAP_g1_07477.r24|2|1|RICH|788|0|2830|0000000000000000000000000000000000000000000000000000000000000000|RICH|1|788|DISP=ACCEPT_INSTALL|DETAIL=rt3_map_g1
0000000000000000000000000000000000000000000000000000000000000000|0000000000000000000000000000000000000000000000000000000000000000|0|3|rt4_TMB-5_MAP_g1_07478.r24|2|1|RICH|790|0|2830|0000000000000000000000000000000000000000000000000000000000000000|RICH|1|790|DISP=ACCEPT_INSTALL|DETAIL=rt3_map_g1
0000000000000000000000000000000000000000000000000000000000000000|0000000000000000000000000000000000000000000000000000000000000000|0|3|rt4_TMB-5_MAP_g1_07479.r24|2|1|RICH|792|0|2830|0000000000000000000000000000000000000000000000000000000000000000|RICH|1|792|DISP=ACCEPT_INSTALL|DETAIL=rt3_map_g1
0000000000000000000000000000000000000000000000000000000000000000|0000000000000000000000000000000000000000000000000000000000000000|0|3|rt4_TMB-5_MAP_g1_07480.r24|2|1|RICH|794|0|2830|0000000000000000000000000000000000000000000000000000000000000000|RICH|1|794|DISP=ACCEPT_INSTALL|DETAIL=rt3_map_g1
0000000000000000000000000000000000000000000000000000000000000000|0000000000000000000000000000000000000000000000000000000000000000|0|3|rt4_TMB-5_MAP_g1_07481.r24|2|1|RICH|796|0|2830|0000000000000000000000000000000000000000000000000000000000000000|RICH|1|796|DISP=ACCEPT_INSTALL|DETAIL=rt3_map_g1
0000000000000000000000000000000000000000000000000000000000000000|0000000000000000000000000000000000000000000000000000000000000000|0|3|rt4_TMB-5_MAP_g1_07482.r24|2|1|RICH|798|0|2830|0000000000000000000000000000000000000000000000000000000000000000|RICH|1|798|DISP=ACCEPT_INSTALL|DETAIL=rt3_map_g1
0000000000000000000000000000000000000000000000000000000000000000|0000000000000000000000000000000000000000000000000000000000000000|0|3|rt4_TMB-5_MAP_g1_07483.r24|2|1|RICH|800|0|2830|0000000000000000000000000000000000000000000000000000000000000000|RICH|1|800|DISP=ACCEPT_INSTALL|DETAIL=rt3_map_g1
0000000000000000000000000000000000000000000000000000000000000000|0000000000000000000000000000000000000000000000000000000000000000|0|3|rt4_TMB-5_MAP_g1_07484.r24|2|1|RICH|802|0|2830|0000000000000000000000000000000000000000000000000000000000000000|RICH|1|802|DISP=ACCEPT_INSTALL|DETAIL=rt3_map_g1
0000000000000000000000000000000000000000000000000000000000000000|0000000000000000000000000000000000000000000000000000000000000000|0|3|rt4_TMB-5_MAP_g1_07485.r24|2|1|RICH|804|0|2830|0000000000000000000000000000000000000000000000000000000000000000|RICH|1|804|DISP=ACCEPT_INSTALL|DETAIL=rt3_map_g1
0000000000000000000000000000000000000000000000000000000000000000|0000000000000000000000000000000000000000000000000000000000000000|0|3|rt4_TMB-5_MAP_g1_07486.r24|2|1|RICH|806|0|2830|0000000000000000000000000000000000000000000000000000000000000000|RICH|1|806|DISP=ACCEPT_INSTALL|DETAIL=rt3_map_g1
0000000000000000000000000000000000000000000000000000000000000000|0000000000000000000000000000000000000000000000000000000000000000|0|3|rt4_TMB-5_MAP_g1_07487.r24|2|1|RICH|808|0|2830|0000000000000000000000000000000000000000000000000000000000000000|RICH|1|808|DISP=ACCEPT_INSTALL|DETAIL=rt3_map_g1
0000000000000000000000000000000000000000000000000000000000000000|0000000000000000000000000000000000000000000000000000000000000000|0|3|rt4_TMB-5_MAP_g1_07488.r24|2|1|RICH|810|0|2830|0000000000000000000000000000000000000000000000000000000000000000|RICH|1|810|DISP=ACCEPT_INSTALL|DETAIL=rt3_map_g1
0000000000000000000000000000000000000000000000000000000000000000|0000000000000000000000000000000000000000000000000000000000000000|0|3|rt4_TMB-5_MAP_g1_07489.r24|2|1|RICH|812|0|2830|0000000000000000000000000000000000000000000000000000000000000000|RICH|1|812|DISP=ACCEPT_INSTALL|DETAIL=rt3_map_g1
0000000000000000000000000000000000000000000000000000000000000000|0000000000000000000000000000000000000000000000000000000000000000|0|3|rt4_TMB-5_MAP_g1_07490.r24|2|1|RICH|814|0|2830|0000000000000000000000000000000000000000000000000000000000000000|RICH|1|814|DISP=ACCEPT_INSTALL|DETAIL=rt3_map_g1
0000000000000000000000000000000000000000000000000000000000000000|0000000000000000000000000000000000000000000000000000000000000000|0|3|rt4_TMB-5_MAP_g1_07491.r24|2|1|RICH|816|0|2830|0000000000000000000000000000000000000000000000000000000000000000|RICH|1|816|DISP=ACCEPT_INSTALL|DETAIL=rt3_map_g1
0000000000000000000000000000000000000000000000000000000000000000|0000000000000000000000000000000000000000000000000000000000000000|0|3|rt4_TMB-5_MAP_g1_07492.r24|2|1|RICH|818|0|2830|0000000000000000000000000000000000000000000000000000000000000000|RICH|1|818|DISP=ACCEPT_INSTALL|DETAIL=rt3_map_g1
0000000000000000000000000000000000000000000000000000000000000000|0000000000000000000000000000000000000000000000000000000000000000|0|3|rt4_TMB-5_MAP_g1_07493.r24|2|1|RICH|820|0|2830|0000000000000000000000000000000000000000000000000000000000000000|RICH|1|820|DISP=ACCEPT_INSTALL|DETAIL=rt3_map_g1
0000000000000000000000000000000000000000000000000000000000000000|0000000000000000000000000000000000000000000000000000000000000000|0|3|rt4_TMB-5_MAP_g1_07494.r24|2|1|RICH|822|0|2830|0000000000000000000000000000000000000000000000000000000000000000|RICH|1|822|DISP=ACCEPT_INSTALL|DETAIL=rt3_map_g1
0000000000000000000000000000000000000000000000000000000000000000|0000000000000000000000000000000000000000000000000000000000000000|0|3|rt4_TMB-5_MAP_g1_07495.r24|2|1|RICH|824|0|2830|0000000000000000000000000000000000000000000000000000000000000000|RICH|1|824|DISP=ACCEPT_INSTALL|DETAIL=rt3_map_g1
0000000000000000000000000000000000000000000000000000000000000000|0000000000000000000000000000000000000000000000000000000000000000|0|3|rt4_TMB-5_MAP_g1_07496.r24|2|1|RICH|826|0|2830|0000000000000000000000000000000000000000000000000000000000000000|RICH|1|826|DISP=ACCEPT_INSTALL|DETAIL=rt3_map_g1
0000000000000000000000000000000000000000000000000000000000000000|0000000000000000000000000000000000000000000000000000000000000000|0|3|rt4_TMB-5_MAP_g1_07497.r24|2|1|RICH|828|0|2830|0000000000000000000000000000000000000000000000000000000000000000|RICH|1|828|DISP=ACCEPT_INSTALL|DETAIL=rt3_map_g1
0000000000000000000000000000000000000000000000000000000000000000|0000000000000000000000000000000000000000000000000000000000000000|0|3|rt4_TMB-5_MAP_g1_07498.r24|2|1|RICH|830|0|2830|0000000000000000000000000000000000000000000000000000000000000000|RICH|1|830|DISP=ACCEPT_INSTALL|DETAIL=rt3_map_g1
0000000000000000000000000000000000000000000000000000000000000000|0000000000000000000000000000000000000000000000000000000000000000|0|3|rt4_TMB-5_MAP_g1_07499.r24|2|1|RICH|832|0|2830|0000000000000000000000000000000000000000000000000000000000000000|RICH|1|832|DISP=ACCEPT_INSTALL|DETAIL=rt3_map_g1
