0000000000000000000000000000000000000000000000000000000000000000|0000000000000000000000000000000000000000000000000000000000000000|0|3|rt4_TMB-5_MAP_g1_00000.r24|2|1|RICH|540|0|2400|0000000000000000000000000000000000000000000000000000000000000000|RICH|1|540|DISP=ACCEPT_INSTALL|DETAIL=rt3_map_g1
0000000000000000000000000000000000000000000000000000000000000000|0000000000000000000000000000000000000000000000000000000000000000|0|3|rt4_TMB-5_MAP_g1_00001.r24|2|1|RICH|542|0|2400|0000000000000000000000000000000000000000000000000000000000000000|RICH|1|542|DISP=ACCEPT_INSTALL|DETAIL=rt3_map_g1
0000000000000000000000000000000000000000000000000000000000000000|0000000000000000000000000000000000000000000000000000000000000000|0|3|rt4_TMB-5_MAP_g1_00002.r24|2|1|RICH|544|0|2400|0000000000000000000000000000000000000000000000000000000000000000|RICH|1|544|DISP=ACCEPT_INSTALL|DETAIL=rt3_map_g1
0000000000000000000000000000000000000000000000000000000000000000|0000000000000000000000000000000000000000000000000000000000000000|0|3|rt4_TMB-5_MAP_g1_00003.r24|2|1|RICH|546|0|2400|0000000000000000000000000000000000000000000000000000000000000000|RICH|1|546|DISP=ACCEPT_INSTALL|DETAIL=rt3_map_g1
0000000000000000000000000000000000000000000000000000000000000000|0000000000000000000000000000000000000000000000000000000000000000|0|3|rt4_TMB-5_MAP_g1_00004.r24|2|1|RICH|548|0|2400|0000000000000000000000000000000000000000000000000000000000000000|RICH|1|548|DISP=ACCEPT_INSTALL|DETAIL=rt3_map_g1
0000000000000000000000000000000000000000000000000000000000000000|0000000000000000000000000000000000000000000000000000000000000000|0|3|rt4_TMB-5_MAP_g1_00005.r24|2|1|RICH|550|0|2400|0000000000000000000000000000000000000000000000000000000000000000|RICH|1|550|DISP=ACCEPT_INSTALL|DETAIL=rt3_map_g1
0000000000000000000000000000000000000000000000000000000000000000|0000000000000000000000000000000000000000000000000000000000000000|0|3|rt4_TMB-5_MAP_g1_00006.r24|2|1|RICH|552|0|2400|0000000000000000000000000000000000000000000000000000000000000000|RICH|1|552|DISP=ACCEPT_INSTALL|DETAIL=rt3_map_g1
0000000000000000000000000000000000000000000000000000000000000000|0000000000000000000000000000000000000000000000000000000000000000|0|3|rt4_TMB-5_MAP_g1_00007.r24|2|1|RICH|554|0|2400|0000000000000000000000000000000000000000000000000000000000000000|RICH|1|554|DISP=ACCEPT_INSTALL|DETAIL=rt3_map_g1
0000000000000000000000000000000000000000000000000000000000000000|0000000000000000000000000000000000000000000000000000000000000000|0|3|rt4_TMB-5_MAP_g1_00008.r24|2|1|RICH|556|0|2400|0000000000000000000000000000000000000000000000000000000000000000|RICH|1|556|DISP=ACCEPT_INSTALL|DETAIL=rt3_map_g1
0000000000000000000000000000000000000000000000000000000000000000|0000000000000000000000000000000000000000000000000000000000000000|0|3|rt4_TMB-5_MAP_g1_00009.r24|2|1|RICH|558|0|2400|0000000000000000000000000000000000000000000000000000000000000000|RICH|1|558|DISP=ACCEPT_INSTALL|DETAIL=rt3_map_g1
0000000000000000000000000000000000000000000000000000000000000000|0000000000000000000000000000000000000000000000000000000000000000|0|3|rt4_TMB-5_MAP_g1_00010.r24|2|1|RICH|560|0|2400|0000000000000000000000000000000000000000000000000000000000000000|RICH|1|560|DISP=ACCEPT_INSTALL|DETAIL=rt3_map_g1
0000000000000000000000000000000000000000000000000000000000000000|0000000000000000000000000000000000000000000000000000000000000000|0|3|rt4_TMB-5_MAP_g1_00011.r24|2|1|RICH|562|0|2400|0000000000000000000000000000000000000000000000000000000000000000|RICH|1|562|DISP=ACCEPT_INSTALL|DETAIL=rt3_map_g1
0000000000000000000000000000000000000000000000000000000000000000|0000000000000000000000000000000000000000000000000000000000000000|0|3|rt4_TMB-5_MAP_g1_00012.r24|2|1|RICH|564|0|2400|0000000000000000000000000000000000000000000000000000000000000000|RICH|1|564|DISP=ACCEPT_INSTALL|DETAIL=rt3_map_g1
0000000000000000000000000000000000000000000000000000000000000000|0000000000000000000000000000000000000000000000000000000000000000|0|3|rt4_TMB-5_MAP_g1_00013.r24|2|1|RICH|566|0|2400|0000000000000000000000000000000000000000000000000000000000000000|RICH|1|566|DISP=ACCEPT_INSTALL|DETAIL=rt3_map_g1
0000000000000000000000000000000000000000000000000000000000000000|0000000000000000000000000000000000000000000000000000000000000000|0|3|rt4_TMB-5_MAP_g1_00014.r24|2|1|RICH|568|0|2400|0000000000000000000000000000000000000000000000000000000000000000|RICH|1|568|DISP=ACCEPT_INSTALL|DETAIL=rt3_map_g1
0000000000000000000000000000000000000000000000000000000000000000|0000000000000000000000000000000000000000000000000000000000000000|0|3|rt4_TMB-5_MAP_g1_00015.r24|2|1|RICH|570|0|2400|0000000000000000000000000000000000000000000000000000000000000000|RICH|1|570|DISP=ACCEPT_INSTALL|DETAIL=rt3_map_g1
0000000000000000000000000000000000000000000000000000000000000000|0000000000000000000000000000000000000000000000000000000000000000|0|3|rt4_TMB-5_MAP_g1_00016.r24|2|1|RICH|572|0|2400|0000000000000000000000000000000000000000000000000000000000000000|RICH|1|572|DISP=ACCEPT_INSTALL|DETAIL=rt3_map_g1
0000000000000000000000000000000000000000000000000000000000000000|0000000000000000000000000000000000000000000000000000000000000000|0|3|rt4_TMB-5_MAP_g1_00017.r24|2|1|RICH|574|0|2400|0000000000000000000000000000000000000000000000000000000000000000|RICH|1|574|DISP=ACCEPT_INSTALL|DETAIL=rt3_map_g1
0000000000000000000000000000000000000000000000000000000000000000|0000000000000000000000000000000000000000000000000000000000000000|0|3|rt4_TMB-5_MAP_g1_00018.r24|2|1|RICH|576|0|2400|0000000000000000000000000000000000000000000000000000000000000000|RICH|1|576|DISP=ACCEPT_INSTALL|DETAIL=rt3_map_g1
0000000000000000000000000000000000000000000000000000000000000000|0000000000000000000000000000000000000000000000000000000000000000|0|3|rt4_TMB-5_MAP_g1_00019.r24|2|1|RICH|578|0|2400|0000000000000000000000000000000000000000000000000000000000000000|RICH|1|578|DISP=ACCEPT_INSTALL|DETAIL=rt3_map_g1
0000000000000000000000000000000000000000000000000000000000000000|0000000000000000000000000000000000000000000000000000000000000000|0|3|rt4_TMB-5_MAP_g1_00020.r24|2|1|RICH|580|0|2400|0000000000000000000000000000000000000000000000000000000000000000|RICH|1|580|DISP=ACCEPT_INSTALL|DETAIL=rt3_map_g1
0000000000000000000000000000000000000000000000000000000000000000|0000000000000000000000000000000000000000000000000000000000000000|0|3|rt4_TMB-5_MAP_g1_00021.r24|2|1|RICH|582|0|2400|0000000000000000000000000000000000000000000000000000000000000000|RICH|1|582|DISP=ACCEPT_INSTALL|DETAIL=rt3_map_g1
0000000000000000000000000000000000000000000000000000000000000000|0000000000000000000000000000000000000000000000000000000000000000|0|3|rt4_TMB-5_MAP_g1_00022.r24|2|1|RICH|584|0|2400|0000000000000000000000000000000000000000000000000000000000000000|RICH|1|584|DISP=ACCEPT_INSTALL|DETAIL=rt3_map_g1
0000000000000000000000000000000000000000000000000000000000000000|0000000000000000000000000000000000000000000000000000000000000000|0|3|rt4_TMB-5_MAP_g1_00023.r24|2|1|RICH|586|0|2400|0000000000000000000000000000000000000000000000000000000000000000|RICH|1|586|DISP=ACCEPT_INSTALL|DETAIL=rt3_map_g1
0000000000000000000000000000000000000000000000000000000000000000|0000000000000000000000000000000000000000000000000000000000000000|0|3|rt4_TMB-5_MAP_g1_00024.r24|2|1|RICH|588|0|2400|0000000000000000000000000000000000000000000000000000000000000000|RICH|1|588|DISP=ACCEPT_INSTALL|DETAIL=rt3_map_g1
0000000000000000000000000000000000000000000000000000000000000000|0000000000000000000000000000000000000000000000000000000000000000|0|3|rt4_TMB-5_MAP_g1_00025.r24|2|1|RICH|590|0|2400|0000000000000000000000000000000000000000000000000000000000000000|RICH|1|590|DISP=ACCEPT_INSTALL|DETAIL=rt3_map_g1
0000000000000000000000000000000000000000000000000000000000000000|0000000000000000000000000000000000000000000000000000000000000000|0|3|rt4_TMB-5_MAP_g1_00026.r24|2|1|RICH|592|0|2400|0000000000000000000000000000000000000000000000000000000000000000|RICH|1|592|DISP=ACCEPT_INSTALL|DETAIL=rt3_map_g1
0000000000000000000000000000000000000000000000000000000000000000|0000000000000000000000000000000000000000000000000000000000000000|0|3|rt4_TMB-5_MAP_g1_00027.r24|2|1|RICH|594|0|2400|0000000000000000000000000000000000000000000000000000000000000000|RICH|1|594|DISP=ACCEPT_INSTALL|DETAIL=rt3_map_g1
0000000000000000000000000000000000000000000000000000000000000000|0000000000000000000000000000000000000000000000000000000000000000|0|3|rt4_TMB-5_MAP_g1_00028.r24|2|1|RICH|596|0|2400|0000000000000000000000000000000000000000000000000000000000000000|RICH|1|596|DISP=ACCEPT_INSTALL|DETAIL=rt3_map_g1
0000000000000000000000000000000000000000000000000000000000000000|0000000000000000000000000000000000000000000000000000000000000000|0|3|rt4_TMB-5_MAP_g1_00029.r24|2|1|RICH|598|0|2400|0000000000000000000000000000000000000000000000000000000000000000|RICH|1|598|DISP=ACCEPT_INSTALL|DETAIL=rt3_map_g1
0000000000000000000000000000000000000000000000000000000000000000|0000000000000000000000000000000000000000000000000000000000000000|0|3|rt4_TMB-5_MAP_g1_00030.r24|2|1|RICH|600|0|2400|0000000000000000000000000000000000000000000000000000000000000000|RICH|1|600|DISP=ACCEPT_INSTALL|DETAIL=rt3_map_g1
0000000000000000000000000000000000000000000000000000000000000000|0000000000000000000000000000000000000000000000000000000000000000|0|3|rt4_TMB-5_MAP_g1_00031.r24|2|1|RICH|602|0|2400|0000000000000000000000000000000000000000000000000000000000000000|RICH|1|602|DISP=ACCEPT_INSTALL|DETAIL=rt3_map_g1
0000000000000000000000000000000000000000000000000000000000000000|0000000000000000000000000000000000000000000000000000000000000000|0|3|rt4_TMB-5_MAP_g1_00032.r24|2|1|RICH|604|0|2400|0000000000000000000000000000000000000000000000000000000000000000|RICH|1|604|DISP=ACCEPT_INSTALL|DETAIL=rt3_map_g1
0000000000000000000000000000000000000000000000000000000000000000|0000000000000000000000000000000000000000000000000000000000000000|0|3|rt4_TMB-5_MAP_g1_00033.r24|2|1|RICH|606|0|2400|0000000000000000000000000000000000000000000000000000000000000000|RICH|1|606|DISP=ACCEPT_INSTALL|DETAIL=rt3_map_g1
0000000000000000000000000000000000000000000000000000000000000000|0000000000000000000000000000000000000000000000000000000000000000|0|3|rt4_TMB-5_MAP_g1_00034.r24|2|1|RICH|608|0|2400|0000000000000000000000000000000000000000000000000000000000000000|RICH|1|608|DISP=ACCEPT_INSTALL|DETAIL=rt3_map_g1
0000000000000000000000000000000000000000000000000000000000000000|0000000000000000000000000000000000000000000000000000000000000000|0|3|rt4_TMB-5_MAP_g1_00035.r24|2|1|RICH|610|0|2400|0000000000000000000000000000000000000000000000000000000000000000|RICH|1|610|DISP=ACCEPT_INSTALL|DETAIL=rt3_map_g1
0000000000000000000000000000000000000000000000000000000000000000|0000000000000000000000000000000000000000000000000000000000000000|0|3|rt4_TMB-5_MAP_g1_00036.r24|2|1|RICH|612|0|2400|0000000000000000000000000000000000000000000000000000000000000000|RICH|1|612|DISP=ACCEPT_INSTALL|DETAIL=rt3_map_g1
0000000000000000000000000000000000000000000000000000000000000000|0000000000000000000000000000000000000000000000000000000000000000|0|3|rt4_TMB-5_MAP_g1_00037.r24|2|1|RICH|614|0|2400|0000000000000000000000000000000000000000000000000000000000000000|RICH|1|614|DISP=ACCEPT_INSTALL|DETAIL=rt3_map_g1
0000000000000000000000000000000000000000000000000000000000000000|0000000000000000000000000000000000000000000000000000000000000000|0|3|rt4_TMB-5_MAP_g1_00038.r24|2|1|RICH|616|0|2400|0000000000000000000000000000000000000000000000000000000000000000|RICH|1|616|DISP=ACCEPT_INSTALL|DETAIL=rt3_map_g1
0000000000000000000000000000000000000000000000000000000000000000|0000000000000000000000000000000000000000000000000000000000000000|0|3|rt4_TMB-5_MAP_g1_00039.r24|2|1|RICH|618|0|2400|0000000000000000000000000000000000000000000000000000000000000000|RICH|1|618|DISP=ACCEPT_INSTALL|DETAIL=rt3_map_g1
0000000000000000000000000000000000000000000000000000000000000000|0000000000000000000000000000000000000000000000000000000000000000|0|3|rt4_TMB-5_MAP_g1_00040.r24|2|1|RICH|620|0|2400|0000000000000000000000000000000000000000000000000000000000000000|RICH|1|620|DISP=ACCEPT_INSTALL|DETAIL=rt3_map_g1
0000000000000000000000000000000000000000000000000000000000000000|0000000000000000000000000000000000000000000000000000000000000000|0|3|rt4_TMB-5_MAP_g1_00041.r24|2|1|RICH|622|0|2400|0000000000000000000000000000000000000000000000000000000000000000|RICH|1|622|DISP=ACCEPT_INSTALL|DETAIL=rt3_map_g1
0000000000000000000000000000000000000000000000000000000000000000|0000000000000000000000000000000000000000000000000000000000000000|0|3|rt4_TMB-5_MAP_g1_00042.r24|2|1|RICH|624|0|2400|0000000000000000000000000000000000000000000000000000000000000000|RICH|1|624|DISP=ACCEPT_INSTALL|DETAIL=rt3_map_g1
0000000000000000000000000000000000000000000000000000000000000000|0000000000000000000000000000000000000000000000000000000000000000|0|3|rt4_TMB-5_MAP_g1_00043.r24|2|1|RICH|626|0|2400|0000000000000000000000000000000000000000000000000000000000000000|RICH|1|626|DISP=ACCEPT_INSTALL|DETAIL=rt3_map_g1
0000000000000000000000000000000000000000000000000000000000000000|0000000000000000000000000000000000000000000000000000000000000000|0|3|rt4_TMB-5_MAP_g1_00044.r24|2|1|RICH|628|0|2400|0000000000000000000000000000000000000000000000000000000000000000|RICH|1|628|DISP=ACCEPT_INSTALL|DETAIL=rt3_map_g1
0000000000000000000000000000000000000000000000000000000000000000|0000000000000000000000000000000000000000000000000000000000000000|0|3|rt4_TMB-5_MAP_g1_00045.r24|2|1|RICH|630|0|2400|0000000000000000000000000000000000000000000000000000000000000000|RICH|1|630|DISP=ACCEPT_INSTALL|DETAIL=rt3_map_g1
0000000000000000000000000000000000000000000000000000000000000000|0000000000000000000000000000000000000000000000000000000000000000|0|3|rt4_TMB-5_MAP_g1_00046.r24|2|1|RICH|632|0|2400|0000000000000000000000000000000000000000000000000000000000000000|RICH|1|632|DISP=ACCEPT_INSTALL|DETAIL=rt3_map_g1
0000000000000000000000000000000000000000000000000000000000000000|0000000000000000000000000000000000000000000000000000000000000000|0|3|rt4_TMB-5_MAP_g1_00047.r24|2|1|RICH|634|0|2400|0000000000000000000000000000000000000000000000000000000000000000|RICH|1|634|DISP=ACCEPT_INSTALL|DETAIL=rt3_map_g1
0000000000000000000000000000000000000000000000000000000000000000|0000000000000000000000000000000000000000000000000000000000000000|0|3|rt4_TMB-5_MAP_g1_00048.r24|2|1|RICH|636|0|2400|0000000000000000000000000000000000000000000000000000000000000000|RICH|1|636|DISP=ACCEPT_INSTALL|DETAIL=rt3_map_g1
0000000000000000000000000000000000000000000000000000000000000000|0000000000000000000000000000000000000000000000000000000000000000|0|3|rt4_TMB-5_MAP_g1_00049.r24|2|1|RICH|638|0|2400|0000000000000000000000000000000000000000000000000000000000000000|RICH|1|638|DISP=ACCEPT_INSTALL|DETAIL=rt3_map_g1
0000000000000000000000000000000000000000000000000000000000000000|0000000000000000000000000000000000000000000000000000000000000000|0|3|rt4_TMB-5_MAP_g1_00050.r24|2|1|RICH|640|0|2400|0000000000000000000000000000000000000000000000000000000000000000|RICH|1|640|DISP=ACCEPT_INSTALL|DETAIL=rt3_map_g1
0000000000000000000000000000000000000000000000000000000000000000|0000000000000000000000000000000000000000000000000000000000000000|0|3|rt4_TMB-5_MAP_g1_00051.r24|2|1|RICH|642|0|2400|0000000000000000000000000000000000000000000000000000000000000000|RICH|1|642|DISP=ACCEPT_INSTALL|DETAIL=rt3_map_g1
0000000000000000000000000000000000000000000000000000000000000000|0000000000000000000000000000000000000000000000000000000000000000|0|3|rt4_TMB-5_MAP_g1_00052.r24|2|1|RICH|644|0|2400|0000000000000000000000000000000000000000000000000000000000000000|RICH|1|644|DISP=ACCEPT_INSTALL|DETAIL=rt3_map_g1
0000000000000000000000000000000000000000000000000000000000000000|0000000000000000000000000000000000000000000000000000000000000000|0|3|rt4_TMB-5_MAP_g1_00053.r24|2|1|RICH|646|0|2400|0000000000000000000000000000000000000000000000000000000000000000|RICH|1|646|DISP=ACCEPT_INSTALL|DETAIL=rt3_map_g1
0000000000000000000000000000000000000000000000000000000000000000|0000000000000000000000000000000000000000000000000000000000000000|0|3|rt4_TMB-5_MAP_g1_00054.r24|2|1|RICH|648|0|2400|0000000000000000000000000000000000000000000000000000000000000000|RICH|1|648|DISP=ACCEPT_INSTALL|DETAIL=rt3_map_g1
0000000000000000000000000000000000000000000000000000000000000000|0000000000000000000000000000000000000000000000000000000000000000|0|3|rt4_TMB-5_MAP_g1_00055.r24|2|1|RICH|650|0|2400|0000000000000000000000000000000000000000000000000000000000000000|RICH|1|650|DISP=ACCEPT_INSTALL|DETAIL=rt3_map_g1
0000000000000000000000000000000000000000000000000000000000000000|0000000000000000000000000000000000000000000000000000000000000000|0|3|rt4_TMB-5_MAP_g1_00056.r24|2|1|RICH|652|0|2400|0000000000000000000000000000000000000000000000000000000000000000|RICH|1|652|DISP=ACCEPT_INSTALL|DETAIL=rt3_map_g1
0000000000000000000000000000000000000000000000000000000000000000|0000000000000000000000000000000000000000000000000000000000000000|0|3|rt4_TMB-5_MAP_g1_00057.r24|2|1|RICH|654|0|2400|0000000000000000000000000000000000000000000000000000000000000000|RICH|1|654|DISP=ACCEPT_INSTALL|DETAIL=rt3_map_g1
0000000000000000000000000000000000000000000000000000000000000000|0000000000000000000000000000000000000000000000000000000000000000|0|3|rt4_TMB-5_MAP_g1_00058.r24|2|1|RICH|656|0|2400|0000000000000000000000000000000000000000000000000000000000000000|RICH|1|656|DISP=ACCEPT_INSTALL|DETAIL=rt3_map_g1
0000000000000000000000000000000000000000000000000000000000000000|0000000000000000000000000000000000000000000000000000000000000000|0|3|rt4_TMB-5_MAP_g1_00059.r24|2|1|RICH|658|0|2400|0000000000000000000000000000000000000000000000000000000000000000|RICH|1|658|DISP=ACCEPT_INSTALL|DETAIL=rt3_map_g1
0000000000000000000000000000000000000000000000000000000000000000|0000000000000000000000000000000000000000000000000000000000000000|0|3|rt4_TMB-5_MAP_g1_00060.r24|2|1|RICH|660|0|2400|0000000000000000000000000000000000000000000000000000000000000000|RICH|1|660|DISP=ACCEPT_INSTALL|DETAIL=rt3_map_g1
0000000000000000000000000000000000000000000000000000000000000000|0000000000000000000000000000000000000000000000000000000000000000|0|3|rt4_TMB-5_MAP_g1_00061.r24|2|1|RICH|662|0|2400|0000000000000000000000000000000000000000000000000000000000000000|RICH|1|662|DISP=ACCEPT_INSTALL|DETAIL=rt3_map_g1
0000000000000000000000000000000000000000000000000000000000000000|0000000000000000000000000000000000000000000000000000000000000000|0|3|rt4_TMB-5_MAP_g1_00062.r24|2|1|RICH|664|0|2400|0000000000000000000000000000000000000000000000000000000000000000|RICH|1|664|DISP=ACCEPT_INSTALL|DETAIL=rt3_map_g1
0000000000000000000000000000000000000000000000000000000000000000|0000000000000000000000000000000000000000000000000000000000000000|0|3|rt4_TMB-5_MAP_g1_00063.r24|2|1|RICH|666|0|2400|0000000000000000000000000000000000000000000000000000000000000000|RICH|1|666|DISP=ACCEPT_INSTALL|DETAIL=rt3_map_g1
0000000000000000000000000000000000000000000000000000000000000000|0000000000000000000000000000000000000000000000000000000000000000|0|3|rt4_TMB-5_MAP_g1_00064.r24|2|1|RICH|668|0|2400|0000000000000000000000000000000000000000000000000000000000000000|RICH|1|668|DISP=ACCEPT_INSTALL|DETAIL=rt3_map_g1
0000000000000000000000000000000000000000000000000000000000000000|0000000000000000000000000000000000000000000000000000000000000000|0|3|rt4_TMB-5_MAP_g1_00065.r24|2|1|RICH|670|0|2400|0000000000000000000000000000000000000000000000000000000000000000|RICH|1|670|DISP=ACCEPT_INSTALL|DETAIL=rt3_map_g1
0000000000000000000000000000000000000000000000000000000000000000|0000000000000000000000000000000000000000000000000000000000000000|0|3|rt4_TMB-5_MAP_g1_00066.r24|2|1|RICH|672|0|2400|0000000000000000000000000000000000000000000000000000000000000000|RICH|1|672|DISP=ACCEPT_INSTALL|DETAIL=rt3_map_g1
0000000000000000000000000000000000000000000000000000000000000000|0000000000000000000000000000000000000000000000000000000000000000|0|3|rt4_TMB-5_MAP_g1_00067.r24|2|1|RICH|674|0|2400|0000000000000000000000000000000000000000000000000000000000000000|RICH|1|674|DISP=ACCEPT_INSTALL|DETAIL=rt3_map_g1
0000000000000000000000000000000000000000000000000000000000000000|0000000000000000000000000000000000000000000000000000000000000000|0|3|rt4_TMB-5_MAP_g1_00068.r24|2|1|RICH|676|0|2400|0000000000000000000000000000000000000000000000000000000000000000|RICH|1|676|DISP=ACCEPT_INSTALL|DETAIL=rt3_map_g1
0000000000000000000000000000000000000000000000000000000000000000|0000000000000000000000000000000000000000000000000000000000000000|0|3|rt4_TMB-5_MAP_g1_00069.r24|2|1|RICH|678|0|2400|0000000000000000000000000000000000000000000000000000000000000000|RICH|1|678|DISP=ACCEPT_INSTALL|DETAIL=rt3_map_g1
0000000000000000000000000000000000000000000000000000000000000000|0000000000000000000000000000000000000000000000000000000000000000|0|3|rt4_TMB-5_MAP_g1_00070.r24|2|1|RICH|680|0|2400|0000000000000000000000000000000000000000000000000000000000000000|RICH|1|680|DISP=ACCEPT_INSTALL|DETAIL=rt3_map_g1
0000000000000000000000000000000000000000000000000000000000000000|0000000000000000000000000000000000000000000000000000000000000000|0|3|rt4_TMB-5_MAP_g1_00071.r24|2|1|RICH|682|0|2400|0000000000000000000000000000000000000000000000000000000000000000|RICH|1|682|DISP=ACCEPT_INSTALL|DETAIL=rt3_map_g1
0000000000000000000000000000000000000000000000000000000000000000|0000000000000000000000000000000000000000000000000000000000000000|0|3|rt4_TMB-5_MAP_g1_00072.r24|2|1|RICH|684|0|2400|0000000000000000000000000000000000000000000000000000000000000000|RICH|1|684|DISP=ACCEPT_INSTALL|DETAIL=rt3_map_g1
0000000000000000000000000000000000000000000000000000000000000000|0000000000000000000000000000000000000000000000000000000000000000|0|3|rt4_TMB-5_MAP_g1_00073.r24|2|1|RICH|686|0|2400|0000000000000000000000000000000000000000000000000000000000000000|RICH|1|686|DISP=ACCEPT_INSTALL|DETAIL=rt3_map_g1
0000000000000000000000000000000000000000000000000000000000000000|0000000000000000000000000000000000000000000000000000000000000000|0|3|rt4_TMB-5_MAP_g1_00074.r24|2|1|RICH|688|0|2400|0000000000000000000000000000000000000000000000000000000000000000|RICH|1|688|DISP=ACCEPT_INSTALL|DETAIL=rt3_map_g1
0000000000000000000000000000000000000000000000000000000000000000|0000000000000000000000000000000000000000000000000000000000000000|0|3|rt4_TMB-5_MAP_g1_00075.r24|2|1|RICH|690|0|2400|0000000000000000000000000000000000000000000000000000000000000000|RICH|1|690|DISP=ACCEPT_INSTALL|DETAIL=rt3_map_g1
0000000000000000000000000000000000000000000000000000000000000000|0000000000000000000000000000000000000000000000000000000000000000|0|3|rt4_TMB-5_MAP_g1_00076.r24|2|1|RICH|692|0|2400|0000000000000000000000000000000000000000000000000000000000000000|RICH|1|692|DISP=ACCEPT_INSTALL|DETAIL=rt3_map_g1
0000000000000000000000000000000000000000000000000000000000000000|0000000000000000000000000000000000000000000000000000000000000000|0|3|rt4_TMB-5_MAP_g1_00077.r24|2|1|RICH|694|0|2400|0000000000000000000000000000000000000000000000000000000000000000|RICH|1|694|DISP=ACCEPT_INSTALL|DETAIL=rt3_map_g1
0000000000000000000000000000000000000000000000000000000000000000|0000000000000000000000000000000000000000000000000000000000000000|0|3|rt4_TMB-5_MAP_g1_00078.r24|2|1|RICH|696|0|2400|0000000000000000000000000000000000000000000000000000000000000000|RICH|1|696|DISP=ACCEPT_INSTALL|DETAIL=rt3_map_g1
0000000000000000000000000000000000000000000000000000000000000000|0000000000000000000000000000000000000000000000000000000000000000|0|3|rt4_TMB-5_MAP_g1_00079.r24|2|1|RICH|698|0|2400|0000000000000000000000000000000000000000000000000000000000000000|RICH|1|698|DISP=ACCEPT_INSTALL|DETAIL=rt3_map_g1
0000000000000000000000000000000000000000000000000000000000000000|0000000000000000000000000000000000000000000000000000000000000000|0|3|rt4_TMB-5_MAP_g1_00080.r24|2|1|RICH|700|0|2400|0000000000000000000000000000000000000000000000000000000000000000|RICH|1|700|DISP=ACCEPT_INSTALL|DETAIL=rt3_map_g1
0000000000000000000000000000000000000000000000000000000000000000|0000000000000000000000000000000000000000000000000000000000000000|0|3|rt4_TMB-5_MAP_g1_00081.r24|2|1|RICH|702|0|2400|0000000000000000000000000000000000000000000000000000000000000000|RICH|1|702|DISP=ACCEPT_INSTALL|DETAIL=rt3_map_g1
0000000000000000000000000000000000000000000000000000000000000000|0000000000000000000000000000000000000000000000000000000000000000|0|3|rt4_TMB-5_MAP_g1_00082.r24|2|1|RICH|704|0|2400|0000000000000000000000000000000000000000000000000000000000000000|RICH|1|704|DISP=ACCEPT_INSTALL|DETAIL=rt3_map_g1
0000000000000000000000000000000000000000000000000000000000000000|0000000000000000000000000000000000000000000000000000000000000000|0|3|rt4_TMB-5_MAP_g1_00083.r24|2|1|RICH|706|0|2400|0000000000000000000000000000000000000000000000000000000000000000|RICH|1|706|DISP=ACCEPT_INSTALL|DETAIL=rt3_map_g1
0000000000000000000000000000000000000000000000000000000000000000|0000000000000000000000000000000000000000000000000000000000000000|0|3|rt4_TMB-5_MAP_g1_00084.r24|2|1|RICH|708|0|2400|0000000000000000000000000000000000000000000000000000000000000000|RICH|1|708|DISP=ACCEPT_INSTALL|DETAIL=rt3_map_g1
0000000000000000000000000000000000000000000000000000000000000000|0000000000000000000000000000000000000000000000000000000000000000|0|3|rt4_TMB-5_MAP_g1_00085.r24|2|1|RICH|710|0|2400|0000000000000000000000000000000000000000000000000000000000000000|RICH|1|710|DISP=ACCEPT_INSTALL|DETAIL=rt3_map_g1
0000000000000000000000000000000000000000000000000000000000000000|0000000000000000000000000000000000000000000000000000000000000000|0|3|rt4_TMB-5_MAP_g1_00086.r24|2|1|RICH|712|0|2400|0000000000000000000000000000000000000000000000000000000000000000|RICH|1|712|DISP=ACCEPT_INSTALL|DETAIL=rt3_map_g1
0000000000000000000000000000000000000000000000000000000000000000|0000000000000000000000000000000000000000000000000000000000000000|0|3|rt4_TMB-5_MAP_g1_00087.r24|2|1|RICH|714|0|2400|0000000000000000000000000000000000000000000000000000000000000000|RICH|1|714|DISP=ACCEPT_INSTALL|DETAIL=rt3_map_g1
0000000000000000000000000000000000000000000000000000000000000000|0000000000000000000000000000000000000000000000000000000000000000|0|3|rt4_TMB-5_MAP_g1_00088.r24|2|1|RICH|716|0|2400|0000000000000000000000000000000000000000000000000000000000000000|RICH|1|716|DISP=ACCEPT_INSTALL|DETAIL=rt3_map_g1
0000000000000000000000000000000000000000000000000000000000000000|0000000000000000000000000000000000000000000000000000000000000000|0|3|rt4_TMB-5_MAP_g1_00089.r24|2|1|RICH|718|0|2400|0000000000000000000000000000000000000000000000000000000000000000|RICH|1|718|DISP=ACCEPT_INSTALL|DETAIL=rt3_map_g1
0000000000000000000000000000000000000000000000000000000000000000|0000000000000000000000000000000000000000000000000000000000000000|0|3|rt4_TMB-5_MAP_g1_00090.r24|2|1|RICH|720|0|2400|0000000000000000000000000000000000000000000000000000000000000000|RICH|1|720|DISP=ACCEPT_INSTALL|DETAIL=rt3_map_g1
0000000000000000000000000000000000000000000000000000000000000000|0000000000000000000000000000000000000000000000000000000000000000|0|3|rt4_TMB-5_MAP_g1_00091.r24|2|1|RICH|722|0|2400|0000000000000000000000000000000000000000000000000000000000000000|RICH|1|722|DISP=ACCEPT_INSTALL|DETAIL=rt3_map_g1
0000000000000000000000000000000000000000000000000000000000000000|0000000000000000000000000000000000000000000000000000000000000000|0|3|rt4_TMB-5_MAP_g1_00092.r24|2|1|RICH|724|0|2400|0000000000000000000000000000000000000000000000000000000000000000|RICH|1|724|DISP=ACCEPT_INSTALL|DETAIL=rt3_map_g1
0000000000000000000000000000000000000000000000000000000000000000|0000000000000000000000000000000000000000000000000000000000000000|0|3|rt4_TMB-5_MAP_g1_00093.r24|2|1|RICH|726|0|2400|0000000000000000000000000000000000000000000000000000000000000000|RICH|1|726|DISP=ACCEPT_INSTALL|DETAIL=rt3_map_g1
0000000000000000000000000000000000000000000000000000000000000000|0000000000000000000000000000000000000000000000000000000000000000|0|3|rt4_TMB-5_MAP_g1_00094.r24|2|1|RICH|728|0|2400|0000000000000000000000000000000000000000000000000000000000000000|RICH|1|728|DISP=ACCEPT_INSTALL|DETAIL=rt3_map_g1
0000000000000000000000000000000000000000000000000000000000000000|0000000000000000000000000000000000000000000000000000000000000000|0|3|rt4_TMB-5_MAP_g1_00095.r24|2|1|RICH|730|0|2400|0000000000000000000000000000000000000000000000000000000000000000|RICH|1|730|DISP=ACCEPT_INSTALL|DETAIL=rt3_map_g1
0000000000000000000000000000000000000000000000000000000000000000|0000000000000000000000000000000000000000000000000000000000000000|0|3|rt4_TMB-5_MAP_g1_00096.r24|2|1|RICH|732|0|2400|0000000000000000000000000000000000000000000000000000000000000000|RICH|1|732|DISP=ACCEPT_INSTALL|DETAIL=rt3_map_g1
0000000000000000000000000000000000000000000000000000000000000000|0000000000000000000000000000000000000000000000000000000000000000|0|3|rt4_TMB-5_MAP_g1_00097.r24|2|1|RICH|734|0|2400|0000000000000000000000000000000000000000000000000000000000000000|RICH|1|734|DISP=ACCEPT_INSTALL|DETAIL=rt3_map_g1
0000000000000000000000000000000000000000000000000000000000000000|0000000000000000000000000000000000000000000000000000000000000000|0|3|rt4_TMB-5_MAP_g1_00098.r24|2|1|RICH|736|0|2400|0000000000000000000000000000000000000000000000000000000000000000|RICH|1|736|DISP=ACCEPT_INSTALL|DETAIL=rt3_map_g1
0000000000000000000000000000000000000000000000000000000000000000|0000000000000000000000000000000000000000000000000000000000000000|0|3|rt4_TMB-5_MAP_g1_00099.r24|2|1|RICH|738|0|2400|0000000000000000000000000000000000000000000000000000000000000000|RICH|1|738|DISP=ACCEPT_INSTALL|DETAIL=rt3_map_g1
0000000000000000000000000000000000000000000000000000000000000000|0000000000000000000000000000000000000000000000000000000000000000|0|3|rt4_TMB-5_MAP_g1_00100.r24|2|1|RICH|740|0|2400|0000000000000000000000000000000000000000000000000000000000000000|RICH|1|740|DISP=ACCEPT_INSTALL|DETAIL=rt3_map_g1
0000000000000000000000000000000000000000000000000000000000000000|0000000000000000000000000000000000000000000000000000000000000000|0|3|rt4_TMB-5_MAP_g1_00101.r24|2|1|RICH|742|0|2400|0000000000000000000000000000000000000000000000000000000000000000|RICH|1|742|DISP=ACCEPT_INSTALL|DETAIL=rt3_map_g1
0000000000000000000000000000000000000000000000000000000000000000|0000000000000000000000000000000000000000000000000000000000000000|0|3|rt4_TMB-5_MAP_g1_00102.r24|2|1|RICH|744|0|2400|0000000000000000000000000000000000000000000000000000000000000000|RICH|1|744|DISP=ACCEPT_INSTALL|DETAIL=rt3_map_g1
0000000000000000000000000000000000000000000000000000000000000000|0000000000000000000000000000000000000000000000000000000000000000|0|3|rt4_TMB-5_MAP_g1_00103.r24|2|1|RICH|746|0|2400|0000000000000000000000000000000000000000000000000000000000000000|RICH|1|746|DISP=ACCEPT_INSTALL|DETAIL=rt3_map_g1
0000000000000000000000000000000000000000000000000000000000000000|0000000000000000000000000000000000000000000000000000000000000000|0|3|rt4_TMB-5_MAP_g1_00104.r24|2|1|RICH|748|0|2400|0000000000000000000000000000000000000000000000000000000000000000|RICH|1|748|DISP=ACCEPT_INSTALL|DETAIL=rt3_map_g1
0000000000000000000000000000000000000000000000000000000000000000|0000000000000000000000000000000000000000000000000000000000000000|0|3|rt4_TMB-5_MAP_g1_00105.r24|2|1|RICH|750|0|2400|0000000000000000000000000000000000000000000000000000000000000000|RICH|1|750|DISP=ACCEPT_INSTALL|DETAIL=rt3_map_g1
0000000000000000000000000000000000000000000000000000000000000000|0000000000000000000000000000000000000000000000000000000000000000|0|3|rt4_TMB-5_MAP_g1_00106.r24|2|1|RICH|752|0|2400|0000000000000000000000000000000000000000000000000000000000000000|RICH|1|752|DISP=ACCEPT_INSTALL|DETAIL=rt3_map_g1
0000000000000000000000000000000000000000000000000000000000000000|0000000000000000000000000000000000000000000000000000000000000000|0|3|rt4_TMB-5_MAP_g1_00107.r24|2|1|RICH|754|0|2400|0000000000000000000000000000000000000000000000000000000000000000|RICH|1|754|DISP=ACCEPT_INSTALL|DETAIL=rt3_map_g1
0000000000000000000000000000000000000000000000000000000000000000|0000000000000000000000000000000000000000000000000000000000000000|0|3|rt4_TMB-5_MAP_g1_00108.r24|2|1|RICH|756|0|2400|0000000000000000000000000000000000000000000000000000000000000000|RICH|1|756|DISP=ACCEPT_INSTALL|DETAIL=rt3_map_g1
0000000000000000000000000000000000000000000000000000000000000000|0000000000000000000000000000000000000000000000000000000000000000|0|3|rt4_TMB-5_MAP_g1_00109.r24|2|1|RICH|758|0|2400|0000000000000000000000000000000000000000000000000000000000000000|RICH|1|758|DISP=ACCEPT_INSTALL|DETAIL=rt3_map_g1
0000000000000000000000000000000000000000000000000000000000000000|0000000000000000000000000000000000000000000000000000000000000000|0|3|rt4_TMB-5_MAP_g1_00110.r24|2|1|RICH|760|0|2400|0000000000000000000000000000000000000000000000000000000000000000|RICH|1|760|DISP=ACCEPT_INSTALL|DETAIL=rt3_map_g1
0000000000000000000000000000000000000000000000000000000000000000|0000000000000000000000000000000000000000000000000000000000000000|0|3|rt4_TMB-5_MAP_g1_00111.r24|2|1|RICH|762|0|2400|0000000000000000000000000000000000000000000000000000000000000000|RICH|1|762|DISP=ACCEPT_INSTALL|DETAIL=rt3_map_g1
0000000000000000000000000000000000000000000000000000000000000000|0000000000000000000000000000000000000000000000000000000000000000|0|3|rt4_TMB-5_MAP_g1_00112.r24|2|1|RICH|764|0|2400|0000000000000000000000000000000000000000000000000000000000000000|RICH|1|764|DISP=ACCEPT_INSTALL|DETAIL=rt3_map_g1
0000000000000000000000000000000000000000000000000000000000000000|0000000000000000000000000000000000000000000000000000000000000000|0|3|rt4_TMB-5_MAP_g1_00113.r24|2|1|RICH|766|0|2400|0000000000000000000000000000000000000000000000000000000000000000|RICH|1|766|DISP=ACCEPT_INSTALL|DETAIL=rt3_map_g1
0000000000000000000000000000000000000000000000000000000000000000|0000000000000000000000000000000000000000000000000000000000000000|0|3|rt4_TMB-5_MAP_g1_00114.r24|2|1|RICH|768|0|2400|0000000000000000000000000000000000000000000000000000000000000000|RICH|1|768|DISP=ACCEPT_INSTALL|DETAIL=rt3_map_g1
0000000000000000000000000000000000000000000000000000000000000000|0000000000000000000000000000000000000000000000000000000000000000|0|3|rt4_TMB-5_MAP_g1_00115.r24|2|1|RICH|770|0|2400|0000000000000000000000000000000000000000000000000000000000000000|RICH|1|770|DISP=ACCEPT_INSTALL|DETAIL=rt3_map_g1
0000000000000000000000000000000000000000000000000000000000000000|0000000000000000000000000000000000000000000000000000000000000000|0|3|rt4_TMB-5_MAP_g1_00116.r24|2|1|RICH|772|0|2400|0000000000000000000000000000000000000000000000000000000000000000|RICH|1|772|DISP=ACCEPT_INSTALL|DETAIL=rt3_map_g1
0000000000000000000000000000000000000000000000000000000000000000|0000000000000000000000000000000000000000000000000000000000000000|0|3|rt4_TMB-5_MAP_g1_00117.r24|2|1|RICH|774|0|2400|0000000000000000000000000000000000000000000000000000000000000000|RICH|1|774|DISP=ACCEPT_INSTALL|DETAIL=rt3_map_g1
0000000000000000000000000000000000000000000000000000000000000000|0000000000000000000000000000000000000000000000000000000000000000|0|3|rt4_TMB-5_MAP_g1_00118.r24|2|1|RICH|776|0|2400|0000000000000000000000000000000000000000000000000000000000000000|RICH|1|776|DISP=ACCEPT_INSTALL|DETAIL=rt3_map_g1
0000000000000000000000000000000000000000000000000000000000000000|0000000000000000000000000000000000000000000000000000000000000000|0|3|rt4_TMB-5_MAP_g1_00119.r24|2|1|RICH|778|0|2400|0000000000000000000000000000000000000000000000000000000000000000|RICH|1|778|DISP=ACCEPT_INSTALL|DETAIL=rt3_map_g1
0000000000000000000000000000000000000000000000000000000000000000|0000000000000000000000000000000000000000000000000000000000000000|0|3|rt4_TMB-5_MAP_g1_00120.r24|2|1|RICH|780|0|2400|0000000000000000000000000000000000000000000000000000000000000000|RICH|1|780|DISP=ACCEPT_INSTALL|DETAIL=rt3_map_g1
0000000000000000000000000000000000000000000000000000000000000000|0000000000000000000000000000000000000000000000000000000000000000|0|3|rt4_TMB-5_MAP_g1_00121.r24|2|1|RICH|782|0|2400|0000000000000000000000000000000000000000000000000000000000000000|RICH|1|782|DISP=ACCEPT_INSTALL|DETAIL=rt3_map_g1
0000000000000000000000000000000000000000000000000000000000000000|0000000000000000000000000000000000000000000000000000000000000000|0|3|rt4_TMB-5_MAP_g1_00122.r24|2|1|RICH|784|0|2400|0000000000000000000000000000000000000000000000000000000000000000|RICH|1|784|DISP=ACCEPT_INSTALL|DETAIL=rt3_map_g1
0000000000000000000000000000000000000000000000000000000000000000|0000000000000000000000000000000000000000000000000000000000000000|0|3|rt4_TMB-5_MAP_g1_00123.r24|2|1|RICH|786|0|2400|0000000000000000000000000000000000000000000000000000000000000000|RICH|1|786|DISP=ACCEPT_INSTALL|DETAIL=rt3_map_g1
0000000000000000000000000000000000000000000000000000000000000000|0000000000000000000000000000000000000000000000000000000000000000|0|3|rt4_TMB-5_MAP_g1_00124.r24|2|1|RICH|788|0|2400|0000000000000000000000000000000000000000000000000000000000000000|RICH|1|788|DISP=ACCEPT_INSTALL|DETAIL=rt3_map_g1
0000000000000000000000000000000000000000000000000000000000000000|0000000000000000000000000000000000000000000000000000000000000000|0|3|rt4_TMB-5_MAP_g1_00125.r24|2|1|RICH|790|0|2400|0000000000000000000000000000000000000000000000000000000000000000|RICH|1|790|DISP=ACCEPT_INSTALL|DETAIL=rt3_map_g1
0000000000000000000000000000000000000000000000000000000000000000|0000000000000000000000000000000000000000000000000000000000000000|0|3|rt4_TMB-5_MAP_g1_00126.r24|2|1|RICH|792|0|2400|0000000000000000000000000000000000000000000000000000000000000000|RICH|1|792|DISP=ACCEPT_INSTALL|DETAIL=rt3_map_g1
0000000000000000000000000000000000000000000000000000000000000000|0000000000000000000000000000000000000000000000000000000000000000|0|3|rt4_TMB-5_MAP_g1_00127.r24|2|1|RICH|794|0|2400|0000000000000000000000000000000000000000000000000000000000000000|RICH|1|794|DISP=ACCEPT_INSTALL|DETAIL=rt3_map_g1
0000000000000000000000000000000000000000000000000000000000000000|0000000000000000000000000000000000000000000000000000000000000000|0|3|rt4_TMB-5_MAP_g1_00128.r24|2|1|RICH|796|0|2400|0000000000000000000000000000000000000000000000000000000000000000|RICH|1|796|DISP=ACCEPT_INSTALL|DETAIL=rt3_map_g1
0000000000000000000000000000000000000000000000000000000000000000|0000000000000000000000000000000000000000000000000000000000000000|0|3|rt4_TMB-5_MAP_g1_00129.r24|2|1|RICH|798|0|2400|0000000000000000000000000000000000000000000000000000000000000000|RICH|1|798|DISP=ACCEPT_INSTALL|DETAIL=rt3_map_g1
0000000000000000000000000000000000000000000000000000000000000000|0000000000000000000000000000000000000000000000000000000000000000|0|3|rt4_TMB-5_MAP_g1_00130.r24|2|1|RICH|800|0|2400|0000000000000000000000000000000000000000000000000000000000000000|RICH|1|800|DISP=ACCEPT_INSTALL|DETAIL=rt3_map_g1
0000000000000000000000000000000000000000000000000000000000000000|0000000000000000000000000000000000000000000000000000000000000000|0|3|rt4_TMB-5_MAP_g1_00131.r24|2|1|RICH|802|0|2400|0000000000000000000000000000000000000000000000000000000000000000|RICH|1|802|DISP=ACCEPT_INSTALL|DETAIL=rt3_map_g1
0000000000000000000000000000000000000000000000000000000000000000|0000000000000000000000000000000000000000000000000000000000000000|0|3|rt4_TMB-5_MAP_g1_00132.r24|2|1|RICH|804|0|2400|0000000000000000000000000000000000000000000000000000000000000000|RICH|1|804|DISP=ACCEPT_INSTALL|DETAIL=rt3_map_g1
0000000000000000000000000000000000000000000000000000000000000000|0000000000000000000000000000000000000000000000000000000000000000|0|3|rt4_TMB-5_MAP_g1_00133.r24|2|1|RICH|806|0|2400|0000000000000000000000000000000000000000000000000000000000000000|RICH|1|806|DISP=ACCEPT_INSTALL|DETAIL=rt3_map_g1
0000000000000000000000000000000000000000000000000000000000000000|0000000000000000000000000000000000000000000000000000000000000000|0|3|rt4_TMB-5_MAP_g1_00134.r24|2|1|RICH|808|0|2400|0000000000000000000000000000000000000000000000000000000000000000|RICH|1|808|DISP=ACCEPT_INSTALL|DETAIL=rt3_map_g1
0000000000000000000000000000000000000000000000000000000000000000|0000000000000000000000000000000000000000000000000000000000000000|0|3|rt4_TMB-5_MAP_g1_00135.r24|2|1|RICH|810|0|2400|0000000000000000000000000000000000000000000000000000000000000000|RICH|1|810|DISP=ACCEPT_INSTALL|DETAIL=rt3_map_g1
0000000000000000000000000000000000000000000000000000000000000000|0000000000000000000000000000000000000000000000000000000000000000|0|3|rt4_TMB-5_MAP_g1_00136.r24|2|1|RICH|812|0|2400|0000000000000000000000000000000000000000000000000000000000000000|RICH|1|812|DISP=ACCEPT_INSTALL|DETAIL=rt3_map_g1
0000000000000000000000000000000000000000000000000000000000000000|0000000000000000000000000000000000000000000000000000000000000000|0|3|rt4_TMB-5_MAP_g1_00137.r24|2|1|RICH|814|0|2400|0000000000000000000000000000000000000000000000000000000000000000|RICH|1|814|DISP=ACCEPT_INSTALL|DETAIL=rt3_map_g1
0000000000000000000000000000000000000000000000000000000000000000|0000000000000000000000000000000000000000000000000000000000000000|0|3|rt4_TMB-5_MAP_g1_00138.r24|2|1|RICH|816|0|2400|0000000000000000000000000000000000000000000000000000000000000000|RICH|1|816|DISP=ACCEPT_INSTALL|DETAIL=rt3_map_g1
0000000000000000000000000000000000000000000000000000000000000000|0000000000000000000000000000000000000000000000000000000000000000|0|3|rt4_TMB-5_MAP_g1_00139.r24|2|1|RICH|818|0|2400|0000000000000000000000000000000000000000000000000000000000000000|RICH|1|818|DISP=ACCEPT_INSTALL|DETAIL=rt3_map_g1
0000000000000000000000000000000000000000000000000000000000000000|0000000000000000000000000000000000000000000000000000000000000000|0|3|rt4_TMB-5_MAP_g1_00140.r24|2|1|RICH|820|0|2400|0000000000000000000000000000000000000000000000000000000000000000|RICH|1|820|DISP=ACCEPT_INSTALL|DETAIL=rt3_map_g1
0000000000000000000000000000000000000000000000000000000000000000|0000000000000000000000000000000000000000000000000000000000000000|0|3|rt4_TMB-5_MAP_g1_00141.r24|2|1|RICH|822|0|2400|0000000000000000000000000000000000000000000000000000000000000000|RICH|1|822|DISP=ACCEPT_INSTALL|DETAIL=rt3_map_g1
0000000000000000000000000000000000000000000000000000000000000000|0000000000000000000000000000000000000000000000000000000000000000|0|3|rt4_TMB-5_MAP_g1_00142.r24|2|1|RICH|824|0|2400|0000000000000000000000000000000000000000000000000000000000000000|RICH|1|824|DISP=ACCEPT_INSTALL|DETAIL=rt3_map_g1
0000000000000000000000000000000000000000000000000000000000000000|0000000000000000000000000000000000000000000000000000000000000000|0|3|rt4_TMB-5_MAP_g1_00143.r24|2|1|RICH|826|0|2400|0000000000000000000000000000000000000000000000000000000000000000|RICH|1|826|DISP=ACCEPT_INSTALL|DETAIL=rt3_map_g1
0000000000000000000000000000000000000000000000000000000000000000|0000000000000000000000000000000000000000000000000000000000000000|0|3|rt4_TMB-5_MAP_g1_00144.r24|2|1|RICH|828|0|2400|0000000000000000000000000000000000000000000000000000000000000000|RICH|1|828|DISP=ACCEPT_INSTALL|DETAIL=rt3_map_g1
0000000000000000000000000000000000000000000000000000000000000000|0000000000000000000000000000000000000000000000000000000000000000|0|3|rt4_TMB-5_MAP_g1_00145.r24|2|1|RICH|830|0|2400|0000000000000000000000000000000000000000000000000000000000000000|RICH|1|830|DISP=ACCEPT_INSTALL|DETAIL=rt3_map_g1
0000000000000000000000000000000000000000000000000000000000000000|0000000000000000000000000000000000000000000000000000000000000000|0|3|rt4_TMB-5_MAP_g1_00146.r24|2|1|RICH|832|0|2400|0000000000000000000000000000000000000000000000000000000000000000|RICH|1|832|DISP=ACCEPT_INSTALL|DETAIL=rt3_map_g1
0000000000000000000000000000000000000000000000000000000000000000|0000000000000000000000000000000000000000000000000000000000000000|0|3|rt4_TMB-5_MAP_g1_00147.r24|2|1|RICH|834|0|2400|0000000000000000000000000000000000000000000000000000000000000000|RICH|1|834|DISP=ACCEPT_INSTALL|DETAIL=rt3_map_g1
0000000000000000000000000000000000000000000000000000000000000000|0000000000000000000000000000000000000000000000000000000000000000|0|3|rt4_TMB-5_MAP_g1_00148.r24|2|1|RICH|836|0|2400|0000000000000000000000000000000000000000000000000000000000000000|RICH|1|836|DISP=ACCEPT_INSTALL|DETAIL=rt3_map_g1
0000000000000000000000000000000000000000000000000000000000000000|0000000000000000000000000000000000000000000000000000000000000000|0|3|rt4_TMB-5_MAP_g1_00149.r24|2|1|RICH|838|0|2400|0000000000000000000000000000000000000000000000000000000000000000|RICH|1|838|DISP=ACCEPT_INSTALL|DETAIL=rt3_map_g1
0000000000000000000000000000000000000000000000000000000000000000|0000000000000000000000000000000000000000000000000000000000000000|0|3|rt4_TMB-5_MAP_g1_00150.r24|2|1|RICH|840|0|2400|0000000000000000000000000000000000000000000000000000000000000000|RICH|1|840|DISP=ACCEPT_INSTALL|DETAIL=rt3_map_g1
0000000000000000000000000000000000000000000000000000000000000000|0000000000000000000000000000000000000000000000000000000000000000|0|3|rt4_TMB-5_MAP_g1_00151.r24|2|1|RICH|842|0|2400|0000000000000000000000000000000000000000000000000000000000000000|RICH|1|842|DISP=ACCEPT_INSTALL|DETAIL=rt3_map_g1
0000000000000000000000000000000000000000000000000000000000000000|0000000000000000000000000000000000000000000000000000000000000000|0|3|rt4_TMB-5_MAP_g1_00152.r24|2|1|RICH|844|0|2400|0000000000000000000000000000000000000000000000000000000000000000|RICH|1|844|DISP=ACCEPT_INSTALL|DETAIL=rt3_map_g1
0000000000000000000000000000000000000000000000000000000000000000|0000000000000000000000000000000000000000000000000000000000000000|0|3|rt4_TMB-5_MAP_g1_00153.r24|2|1|RICH|846|0|2400|0000000000000000000000000000000000000000000000000000000000000000|RICH|1|846|DISP=ACCEPT_INSTALL|DETAIL=rt3_map_g1
0000000000000000000000000000000000000000000000000000000000000000|0000000000000000000000000000000000000000000000000000000000000000|0|3|rt4_TMB-5_MAP_g1_00154.r24|2|1|RICH|848|0|2400|0000000000000000000000000000000000000000000000000000000000000000|RICH|1|848|DISP=ACCEPT_INSTALL|DETAIL=rt3_map_g1
0000000000000000000000000000000000000000000000000000000000000000|0000000000000000000000000000000000000000000000000000000000000000|0|3|rt4_TMB-5_MAP_g1_00155.r24|2|1|RICH|850|0|2400|0000000000000000000000000000000000000000000000000000000000000000|RICH|1|850|DISP=ACCEPT_INSTALL|DETAIL=rt3_map_g1
0000000000000000000000000000000000000000000000000000000000000000|0000000000000000000000000000000000000000000000000000000000000000|0|3|rt4_TMB-5_MAP_g1_00156.r24|2|1|RICH|852|0|2400|0000000000000000000000000000000000000000000000000000000000000000|RICH|1|852|DISP=ACCEPT_INSTALL|DETAIL=rt3_map_g1
0000000000000000000000000000000000000000000000000000000000000000|0000000000000000000000000000000000000000000000000000000000000000|0|3|rt4_TMB-5_MAP_g1_00157.r24|2|1|RICH|854|0|2400|0000000000000000000000000000000000000000000000000000000000000000|RICH|1|854|DISP=ACCEPT_INSTALL|DETAIL=rt3_map_g1
0000000000000000000000000000000000000000000000000000000000000000|0000000000000000000000000000000000000000000000000000000000000000|0|3|rt4_TMB-5_MAP_g1_00158.r24|2|1|RICH|856|0|2400|0000000000000000000000000000000000000000000000000000000000000000|RICH|1|856|DISP=ACCEPT_INSTALL|DETAIL=rt3_map_g1
0000000000000000000000000000000000000000000000000000000000000000|0000000000000000000000000000000000000000000000000000000000000000|0|3|rt4_TMB-5_MAP_g1_00159.r24|2|1|RICH|858|0|2400|0000000000000000000000000000000000000000000000000000000000000000|RICH|1|858|DISP=ACCEPT_INSTALL|DETAIL=rt3_map_g1
0000000000000000000000000000000000000000000000000000000000000000|0000000000000000000000000000000000000000000000000000000000000000|0|3|rt4_TMB-5_MAP_g1_00160.r24|2|1|RICH|860|0|2400|0000000000000000000000000000000000000000000000000000000000000000|RICH|1|860|DISP=ACCEPT_INSTALL|DETAIL=rt3_map_g1
0000000000000000000000000000000000000000000000000000000000000000|0000000000000000000000000000000000000000000000000000000000000000|0|3|rt4_TMB-5_MAP_g1_00161.r24|2|1|RICH|862|0|2400|0000000000000000000000000000000000000000000000000000000000000000|RICH|1|862|DISP=ACCEPT_INSTALL|DETAIL=rt3_map_g1
0000000000000000000000000000000000000000000000000000000000000000|0000000000000000000000000000000000000000000000000000000000000000|0|3|rt4_TMB-5_MAP_g1_00162.r24|2|1|RICH|864|0|2400|0000000000000000000000000000000000000000000000000000000000000000|RICH|1|864|DISP=ACCEPT_INSTALL|DETAIL=rt3_map_g1
0000000000000000000000000000000000000000000000000000000000000000|0000000000000000000000000000000000000000000000000000000000000000|0|3|rt4_TMB-5_MAP_g1_00163.r24|2|1|RICH|866|0|2400|0000000000000000000000000000000000000000000000000000000000000000|RICH|1|866|DISP=ACCEPT_INSTALL|DETAIL=rt3_map_g1
0000000000000000000000000000000000000000000000000000000000000000|0000000000000000000000000000000000000000000000000000000000000000|0|3|rt4_TMB-5_MAP_g1_00164.r24|2|1|RICH|868|0|2400|0000000000000000000000000000000000000000000000000000000000000000|RICH|1|868|DISP=ACCEPT_INSTALL|DETAIL=rt3_map_g1
0000000000000000000000000000000000000000000000000000000000000000|0000000000000000000000000000000000000000000000000000000000000000|0|3|rt4_TMB-5_MAP_g1_00165.r24|2|1|RICH|870|0|2400|0000000000000000000000000000000000000000000000000000000000000000|RICH|1|870|DISP=ACCEPT_INSTALL|DETAIL=rt3_map_g1
0000000000000000000000000000000000000000000000000000000000000000|0000000000000000000000000000000000000000000000000000000000000000|0|3|rt4_TMB-5_MAP_g1_00166.r24|2|1|RICH|872|0|2400|0000000000000000000000000000000000000000000000000000000000000000|RICH|1|872|DISP=ACCEPT_INSTALL|DETAIL=rt3_map_g1
0000000000000000000000000000000000000000000000000000000000000000|0000000000000000000000000000000000000000000000000000000000000000|0|3|rt4_TMB-5_MAP_g1_00167.r24|2|1|RICH|874|0|2400|0000000000000000000000000000000000000000000000000000000000000000|RICH|1|874|DISP=ACCEPT_INSTALL|DETAIL=rt3_map_g1
0000000000000000000000000000000000000000000000000000000000000000|0000000000000000000000000000000000000000000000000000000000000000|0|3|rt4_TMB-5_MAP_g1_00168.r24|2|1|RICH|876|0|2400|0000000000000000000000000000000000000000000000000000000000000000|RICH|1|876|DISP=ACCEPT_INSTALL|DETAIL=rt3_map_g1
0000000000000000000000000000000000000000000000000000000000000000|0000000000000000000000000000000000000000000000000000000000000000|0|3|rt4_TMB-5_MAP_g1_00169.r24|2|1|RICH|878|0|2400|0000000000000000000000000000000000000000000000000000000000000000|RICH|1|878|DISP=ACCEPT_INSTALL|DETAIL=rt3_map_g1
0000000000000000000000000000000000000000000000000000000000000000|0000000000000000000000000000000000000000000000000000000000000000|0|3|rt4_TMB-5_MAP_g1_00170.r24|2|1|RICH|880|0|2400|0000000000000000000000000000000000000000000000000000000000000000|RICH|1|880|DISP=ACCEPT_INSTALL|DETAIL=rt3_map_g1
0000000000000000000000000000000000000000000000000000000000000000|0000000000000000000000000000000000000000000000000000000000000000|0|3|rt4_TMB-5_MAP_g1_00171.r24|2|1|RICH|540|0|2410|0000000000000000000000000000000000000000000000000000000000000000|RICH|1|540|DISP=ACCEPT_INSTALL|DETAIL=rt3_map_g1
0000000000000000000000000000000000000000000000000000000000000000|0000000000000000000000000000000000000000000000000000000000000000|0|3|rt4_TMB-5_MAP_g1_00172.r24|2|1|RICH|542|0|2410|0000000000000000000000000000000000000000000000000000000000000000|RICH|1|542|DISP=ACCEPT_INSTALL|DETAIL=rt3_map_g1
0000000000000000000000000000000000000000000000000000000000000000|0000000000000000000000000000000000000000000000000000000000000000|0|3|rt4_TMB-5_MAP_g1_00173.r24|2|1|RICH|544|0|2410|0000000000000000000000000000000000000000000000000000000000000000|RICH|1|544|DISP=ACCEPT_INSTALL|DETAIL=rt3_map_g1
0000000000000000000000000000000000000000000000000000000000000000|0000000000000000000000000000000000000000000000000000000000000000|0|3|rt4_TMB-5_MAP_g1_00174.r24|2|1|RICH|546|0|2410|0000000000000000000000000000000000000000000000000000000000000000|RICH|1|546|DISP=ACCEPT_INSTALL|DETAIL=rt3_map_g1
0000000000000000000000000000000000000000000000000000000000000000|0000000000000000000000000000000000000000000000000000000000000000|0|3|rt4_TMB-5_MAP_g1_00175.r24|2|1|RICH|548|0|2410|0000000000000000000000000000000000000000000000000000000000000000|RICH|1|548|DISP=ACCEPT_INSTALL|DETAIL=rt3_map_g1
0000000000000000000000000000000000000000000000000000000000000000|0000000000000000000000000000000000000000000000000000000000000000|0|3|rt4_TMB-5_MAP_g1_00176.r24|2|1|RICH|550|0|2410|0000000000000000000000000000000000000000000000000000000000000000|RICH|1|550|DISP=ACCEPT_INSTALL|DETAIL=rt3_map_g1
0000000000000000000000000000000000000000000000000000000000000000|0000000000000000000000000000000000000000000000000000000000000000|0|3|rt4_TMB-5_MAP_g1_00177.r24|2|1|RICH|552|0|2410|0000000000000000000000000000000000000000000000000000000000000000|RICH|1|552|DISP=ACCEPT_INSTALL|DETAIL=rt3_map_g1
0000000000000000000000000000000000000000000000000000000000000000|0000000000000000000000000000000000000000000000000000000000000000|0|3|rt4_TMB-5_MAP_g1_00178.r24|2|1|RICH|554|0|2410|0000000000000000000000000000000000000000000000000000000000000000|RICH|1|554|DISP=ACCEPT_INSTALL|DETAIL=rt3_map_g1
0000000000000000000000000000000000000000000000000000000000000000|0000000000000000000000000000000000000000000000000000000000000000|0|3|rt4_TMB-5_MAP_g1_00179.r24|2|1|RICH|556|0|2410|0000000000000000000000000000000000000000000000000000000000000000|RICH|1|556|DISP=ACCEPT_INSTALL|DETAIL=rt3_map_g1
0000000000000000000000000000000000000000000000000000000000000000|0000000000000000000000000000000000000000000000000000000000000000|0|3|rt4_TMB-5_MAP_g1_00180.r24|2|1|RICH|558|0|2410|0000000000000000000000000000000000000000000000000000000000000000|RICH|1|558|DISP=ACCEPT_INSTALL|DETAIL=rt3_map_g1
0000000000000000000000000000000000000000000000000000000000000000|0000000000000000000000000000000000000000000000000000000000000000|0|3|rt4_TMB-5_MAP_g1_00181.r24|2|1|RICH|560|0|2410|0000000000000000000000000000000000000000000000000000000000000000|RICH|1|560|DISP=ACCEPT_INSTALL|DETAIL=rt3_map_g1
0000000000000000000000000000000000000000000000000000000000000000|0000000000000000000000000000000000000000000000000000000000000000|0|3|rt4_TMB-5_MAP_g1_00182.r24|2|1|RICH|562|0|2410|0000000000000000000000000000000000000000000000000000000000000000|RICH|1|562|DISP=ACCEPT_INSTALL|DETAIL=rt3_map_g1
0000000000000000000000000000000000000000000000000000000000000000|0000000000000000000000000000000000000000000000000000000000000000|0|3|rt4_TMB-5_MAP_g1_00183.r24|2|1|RICH|564|0|2410|0000000000000000000000000000000000000000000000000000000000000000|RICH|1|564|DISP=ACCEPT_INSTALL|DETAIL=rt3_map_g1
0000000000000000000000000000000000000000000000000000000000000000|0000000000000000000000000000000000000000000000000000000000000000|0|3|rt4_TMB-5_MAP_g1_00184.r24|2|1|RICH|566|0|2410|0000000000000000000000000000000000000000000000000000000000000000|RICH|1|566|DISP=ACCEPT_INSTALL|DETAIL=rt3_map_g1
0000000000000000000000000000000000000000000000000000000000000000|0000000000000000000000000000000000000000000000000000000000000000|0|3|rt4_TMB-5_MAP_g1_00185.r24|2|1|RICH|568|0|2410|0000000000000000000000000000000000000000000000000000000000000000|RICH|1|568|DISP=ACCEPT_INSTALL|DETAIL=rt3_map_g1
0000000000000000000000000000000000000000000000000000000000000000|0000000000000000000000000000000000000000000000000000000000000000|0|3|rt4_TMB-5_MAP_g1_00186.r24|2|1|RICH|570|0|2410|0000000000000000000000000000000000000000000000000000000000000000|RICH|1|570|DISP=ACCEPT_INSTALL|DETAIL=rt3_map_g1
0000000000000000000000000000000000000000000000000000000000000000|0000000000000000000000000000000000000000000000000000000000000000|0|3|rt4_TMB-5_MAP_g1_00187.r24|2|1|RICH|572|0|2410|0000000000000000000000000000000000000000000000000000000000000000|RICH|1|572|DISP=ACCEPT_INSTALL|DETAIL=rt3_map_g1
0000000000000000000000000000000000000000000000000000000000000000|0000000000000000000000000000000000000000000000000000000000000000|0|3|rt4_TMB-5_MAP_g1_00188.r24|2|1|RICH|574|0|2410|0000000000000000000000000000000000000000000000000000000000000000|RICH|1|574|DISP=ACCEPT_INSTALL|DETAIL=rt3_map_g1
0000000000000000000000000000000000000000000000000000000000000000|0000000000000000000000000000000000000000000000000000000000000000|0|3|rt4_TMB-5_MAP_g1_00189.r24|2|1|RICH|576|0|2410|0000000000000000000000000000000000000000000000000000000000000000|RICH|1|576|DISP=ACCEPT_INSTALL|DETAIL=rt3_map_g1
0000000000000000000000000000000000000000000000000000000000000000|0000000000000000000000000000000000000000000000000000000000000000|0|3|rt4_TMB-5_MAP_g1_00190.r24|2|1|RICH|578|0|2410|0000000000000000000000000000000000000000000000000000000000000000|RICH|1|578|DISP=ACCEPT_INSTALL|DETAIL=rt3_map_g1
0000000000000000000000000000000000000000000000000000000000000000|0000000000000000000000000000000000000000000000000000000000000000|0|3|rt4_TMB-5_MAP_g1_00191.r24|2|1|RICH|580|0|2410|0000000000000000000000000000000000000000000000000000000000000000|RICH|1|580|DISP=ACCEPT_INSTALL|DETAIL=rt3_map_g1
0000000000000000000000000000000000000000000000000000000000000000|0000000000000000000000000000000000000000000000000000000000000000|0|3|rt4_TMB-5_MAP_g1_00192.r24|2|1|RICH|582|0|2410|0000000000000000000000000000000000000000000000000000000000000000|RICH|1|582|DISP=ACCEPT_INSTALL|DETAIL=rt3_map_g1
0000000000000000000000000000000000000000000000000000000000000000|0000000000000000000000000000000000000000000000000000000000000000|0|3|rt4_TMB-5_MAP_g1_00193.r24|2|1|RICH|584|0|2410|0000000000000000000000000000000000000000000000000000000000000000|RICH|1|584|DISP=ACCEPT_INSTALL|DETAIL=rt3_map_g1
0000000000000000000000000000000000000000000000000000000000000000|0000000000000000000000000000000000000000000000000000000000000000|0|3|rt4_TMB-5_MAP_g1_00194.r24|2|1|RICH|586|0|2410|0000000000000000000000000000000000000000000000000000000000000000|RICH|1|586|DISP=ACCEPT_INSTALL|DETAIL=rt3_map_g1
0000000000000000000000000000000000000000000000000000000000000000|0000000000000000000000000000000000000000000000000000000000000000|0|3|rt4_TMB-5_MAP_g1_00195.r24|2|1|RICH|588|0|2410|0000000000000000000000000000000000000000000000000000000000000000|RICH|1|588|DISP=ACCEPT_INSTALL|DETAIL=rt3_map_g1
0000000000000000000000000000000000000000000000000000000000000000|0000000000000000000000000000000000000000000000000000000000000000|0|3|rt4_TMB-5_MAP_g1_00196.r24|2|1|RICH|590|0|2410|0000000000000000000000000000000000000000000000000000000000000000|RICH|1|590|DISP=ACCEPT_INSTALL|DETAIL=rt3_map_g1
0000000000000000000000000000000000000000000000000000000000000000|0000000000000000000000000000000000000000000000000000000000000000|0|3|rt4_TMB-5_MAP_g1_00197.r24|2|1|RICH|592|0|2410|0000000000000000000000000000000000000000000000000000000000000000|RICH|1|592|DISP=ACCEPT_INSTALL|DETAIL=rt3_map_g1
0000000000000000000000000000000000000000000000000000000000000000|0000000000000000000000000000000000000000000000000000000000000000|0|3|rt4_TMB-5_MAP_g1_00198.r24|2|1|RICH|594|0|2410|0000000000000000000000000000000000000000000000000000000000000000|RICH|1|594|DISP=ACCEPT_INSTALL|DETAIL=rt3_map_g1
0000000000000000000000000000000000000000000000000000000000000000|0000000000000000000000000000000000000000000000000000000000000000|0|3|rt4_TMB-5_MAP_g1_00199.r24|2|1|RICH|596|0|2410|0000000000000000000000000000000000000000000000000000000000000000|RICH|1|596|DISP=ACCEPT_INSTALL|DETAIL=rt3_map_g1
0000000000000000000000000000000000000000000000000000000000000000|0000000000000000000000000000000000000000000000000000000000000000|0|3|rt4_TMB-5_MAP_g1_00200.r24|2|1|RICH|598|0|2410|0000000000000000000000000000000000000000000000000000000000000000|RICH|1|598|DISP=ACCEPT_INSTALL|DETAIL=rt3_map_g1
0000000000000000000000000000000000000000000000000000000000000000|0000000000000000000000000000000000000000000000000000000000000000|0|3|rt4_TMB-5_MAP_g1_00201.r24|2|1|RICH|600|0|2410|0000000000000000000000000000000000000000000000000000000000000000|RICH|1|600|DISP=ACCEPT_INSTALL|DETAIL=rt3_map_g1
0000000000000000000000000000000000000000000000000000000000000000|0000000000000000000000000000000000000000000000000000000000000000|0|3|rt4_TMB-5_MAP_g1_00202.r24|2|1|RICH|602|0|2410|0000000000000000000000000000000000000000000000000000000000000000|RICH|1|602|DISP=ACCEPT_INSTALL|DETAIL=rt3_map_g1
0000000000000000000000000000000000000000000000000000000000000000|0000000000000000000000000000000000000000000000000000000000000000|0|3|rt4_TMB-5_MAP_g1_00203.r24|2|1|RICH|604|0|2410|0000000000000000000000000000000000000000000000000000000000000000|RICH|1|604|DISP=ACCEPT_INSTALL|DETAIL=rt3_map_g1
0000000000000000000000000000000000000000000000000000000000000000|0000000000000000000000000000000000000000000000000000000000000000|0|3|rt4_TMB-5_MAP_g1_00204.r24|2|1|RICH|606|0|2410|0000000000000000000000000000000000000000000000000000000000000000|RICH|1|606|DISP=ACCEPT_INSTALL|DETAIL=rt3_map_g1
0000000000000000000000000000000000000000000000000000000000000000|0000000000000000000000000000000000000000000000000000000000000000|0|3|rt4_TMB-5_MAP_g1_00205.r24|2|1|RICH|608|0|2410|0000000000000000000000000000000000000000000000000000000000000000|RICH|1|608|DISP=ACCEPT_INSTALL|DETAIL=rt3_map_g1
0000000000000000000000000000000000000000000000000000000000000000|0000000000000000000000000000000000000000000000000000000000000000|0|3|rt4_TMB-5_MAP_g1_00206.r24|2|1|RICH|610|0|2410|0000000000000000000000000000000000000000000000000000000000000000|RICH|1|610|DISP=ACCEPT_INSTALL|DETAIL=rt3_map_g1
0000000000000000000000000000000000000000000000000000000000000000|0000000000000000000000000000000000000000000000000000000000000000|0|3|rt4_TMB-5_MAP_g1_00207.r24|2|1|RICH|612|0|2410|0000000000000000000000000000000000000000000000000000000000000000|RICH|1|612|DISP=ACCEPT_INSTALL|DETAIL=rt3_map_g1
0000000000000000000000000000000000000000000000000000000000000000|0000000000000000000000000000000000000000000000000000000000000000|0|3|rt4_TMB-5_MAP_g1_00208.r24|2|1|RICH|614|0|2410|0000000000000000000000000000000000000000000000000000000000000000|RICH|1|614|DISP=ACCEPT_INSTALL|DETAIL=rt3_map_g1
0000000000000000000000000000000000000000000000000000000000000000|0000000000000000000000000000000000000000000000000000000000000000|0|3|rt4_TMB-5_MAP_g1_00209.r24|2|1|RICH|616|0|2410|0000000000000000000000000000000000000000000000000000000000000000|RICH|1|616|DISP=ACCEPT_INSTALL|DETAIL=rt3_map_g1
0000000000000000000000000000000000000000000000000000000000000000|0000000000000000000000000000000000000000000000000000000000000000|0|3|rt4_TMB-5_MAP_g1_00210.r24|2|1|RICH|618|0|2410|0000000000000000000000000000000000000000000000000000000000000000|RICH|1|618|DISP=ACCEPT_INSTALL|DETAIL=rt3_map_g1
0000000000000000000000000000000000000000000000000000000000000000|0000000000000000000000000000000000000000000000000000000000000000|0|3|rt4_TMB-5_MAP_g1_00211.r24|2|1|RICH|620|0|2410|0000000000000000000000000000000000000000000000000000000000000000|RICH|1|620|DISP=ACCEPT_INSTALL|DETAIL=rt3_map_g1
0000000000000000000000000000000000000000000000000000000000000000|0000000000000000000000000000000000000000000000000000000000000000|0|3|rt4_TMB-5_MAP_g1_00212.r24|2|1|RICH|622|0|2410|0000000000000000000000000000000000000000000000000000000000000000|RICH|1|622|DISP=ACCEPT_INSTALL|DETAIL=rt3_map_g1
0000000000000000000000000000000000000000000000000000000000000000|0000000000000000000000000000000000000000000000000000000000000000|0|3|rt4_TMB-5_MAP_g1_00213.r24|2|1|RICH|624|0|2410|0000000000000000000000000000000000000000000000000000000000000000|RICH|1|624|DISP=ACCEPT_INSTALL|DETAIL=rt3_map_g1
0000000000000000000000000000000000000000000000000000000000000000|0000000000000000000000000000000000000000000000000000000000000000|0|3|rt4_TMB-5_MAP_g1_00214.r24|2|1|RICH|626|0|2410|0000000000000000000000000000000000000000000000000000000000000000|RICH|1|626|DISP=ACCEPT_INSTALL|DETAIL=rt3_map_g1
0000000000000000000000000000000000000000000000000000000000000000|0000000000000000000000000000000000000000000000000000000000000000|0|3|rt4_TMB-5_MAP_g1_00215.r24|2|1|RICH|628|0|2410|0000000000000000000000000000000000000000000000000000000000000000|RICH|1|628|DISP=ACCEPT_INSTALL|DETAIL=rt3_map_g1
0000000000000000000000000000000000000000000000000000000000000000|0000000000000000000000000000000000000000000000000000000000000000|0|3|rt4_TMB-5_MAP_g1_00216.r24|2|1|RICH|630|0|2410|0000000000000000000000000000000000000000000000000000000000000000|RICH|1|630|DISP=ACCEPT_INSTALL|DETAIL=rt3_map_g1
0000000000000000000000000000000000000000000000000000000000000000|0000000000000000000000000000000000000000000000000000000000000000|0|3|rt4_TMB-5_MAP_g1_00217.r24|2|1|RICH|632|0|2410|0000000000000000000000000000000000000000000000000000000000000000|RICH|1|632|DISP=ACCEPT_INSTALL|DETAIL=rt3_map_g1
0000000000000000000000000000000000000000000000000000000000000000|0000000000000000000000000000000000000000000000000000000000000000|0|3|rt4_TMB-5_MAP_g1_00218.r24|2|1|RICH|634|0|2410|0000000000000000000000000000000000000000000000000000000000000000|RICH|1|634|DISP=ACCEPT_INSTALL|DETAIL=rt3_map_g1
0000000000000000000000000000000000000000000000000000000000000000|0000000000000000000000000000000000000000000000000000000000000000|0|3|rt4_TMB-5_MAP_g1_00219.r24|2|1|RICH|636|0|2410|0000000000000000000000000000000000000000000000000000000000000000|RICH|1|636|DISP=ACCEPT_INSTALL|DETAIL=rt3_map_g1
0000000000000000000000000000000000000000000000000000000000000000|0000000000000000000000000000000000000000000000000000000000000000|0|3|rt4_TMB-5_MAP_g1_00220.r24|2|1|RICH|638|0|2410|0000000000000000000000000000000000000000000000000000000000000000|RICH|1|638|DISP=ACCEPT_INSTALL|DETAIL=rt3_map_g1
0000000000000000000000000000000000000000000000000000000000000000|0000000000000000000000000000000000000000000000000000000000000000|0|3|rt4_TMB-5_MAP_g1_00221.r24|2|1|RICH|640|0|2410|0000000000000000000000000000000000000000000000000000000000000000|RICH|1|640|DISP=ACCEPT_INSTALL|DETAIL=rt3_map_g1
0000000000000000000000000000000000000000000000000000000000000000|0000000000000000000000000000000000000000000000000000000000000000|0|3|rt4_TMB-5_MAP_g1_00222.r24|2|1|RICH|642|0|2410|0000000000000000000000000000000000000000000000000000000000000000|RICH|1|642|DISP=ACCEPT_INSTALL|DETAIL=rt3_map_g1
0000000000000000000000000000000000000000000000000000000000000000|0000000000000000000000000000000000000000000000000000000000000000|0|3|rt4_TMB-5_MAP_g1_00223.r24|2|1|RICH|644|0|2410|0000000000000000000000000000000000000000000000000000000000000000|RICH|1|644|DISP=ACCEPT_INSTALL|DETAIL=rt3_map_g1
0000000000000000000000000000000000000000000000000000000000000000|0000000000000000000000000000000000000000000000000000000000000000|0|3|rt4_TMB-5_MAP_g1_00224.r24|2|1|RICH|646|0|2410|0000000000000000000000000000000000000000000000000000000000000000|RICH|1|646|DISP=ACCEPT_INSTALL|DETAIL=rt3_map_g1
0000000000000000000000000000000000000000000000000000000000000000|0000000000000000000000000000000000000000000000000000000000000000|0|3|rt4_TMB-5_MAP_g1_00225.r24|2|1|RICH|648|0|2410|0000000000000000000000000000000000000000000000000000000000000000|RICH|1|648|DISP=ACCEPT_INSTALL|DETAIL=rt3_map_g1
0000000000000000000000000000000000000000000000000000000000000000|0000000000000000000000000000000000000000000000000000000000000000|0|3|rt4_TMB-5_MAP_g1_00226.r24|2|1|RICH|650|0|2410|0000000000000000000000000000000000000000000000000000000000000000|RICH|1|650|DISP=ACCEPT_INSTALL|DETAIL=rt3_map_g1
0000000000000000000000000000000000000000000000000000000000000000|0000000000000000000000000000000000000000000000000000000000000000|0|3|rt4_TMB-5_MAP_g1_00227.r24|2|1|RICH|652|0|2410|0000000000000000000000000000000000000000000000000000000000000000|RICH|1|652|DISP=ACCEPT_INSTALL|DETAIL=rt3_map_g1
0000000000000000000000000000000000000000000000000000000000000000|0000000000000000000000000000000000000000000000000000000000000000|0|3|rt4_TMB-5_MAP_g1_00228.r24|2|1|RICH|654|0|2410|0000000000000000000000000000000000000000000000000000000000000000|RICH|1|654|DISP=ACCEPT_INSTALL|DETAIL=rt3_map_g1
0000000000000000000000000000000000000000000000000000000000000000|0000000000000000000000000000000000000000000000000000000000000000|0|3|rt4_TMB-5_MAP_g1_00229.r24|2|1|RICH|656|0|2410|0000000000000000000000000000000000000000000000000000000000000000|RICH|1|656|DISP=ACCEPT_INSTALL|DETAIL=rt3_map_g1
0000000000000000000000000000000000000000000000000000000000000000|0000000000000000000000000000000000000000000000000000000000000000|0|3|rt4_TMB-5_MAP_g1_00230.r24|2|1|RICH|658|0|2410|0000000000000000000000000000000000000000000000000000000000000000|RICH|1|658|DISP=ACCEPT_INSTALL|DETAIL=rt3_map_g1
0000000000000000000000000000000000000000000000000000000000000000|0000000000000000000000000000000000000000000000000000000000000000|0|3|rt4_TMB-5_MAP_g1_00231.r24|2|1|RICH|660|0|2410|0000000000000000000000000000000000000000000000000000000000000000|RICH|1|660|DISP=ACCEPT_INSTALL|DETAIL=rt3_map_g1
0000000000000000000000000000000000000000000000000000000000000000|0000000000000000000000000000000000000000000000000000000000000000|0|3|rt4_TMB-5_MAP_g1_00232.r24|2|1|RICH|662|0|2410|0000000000000000000000000000000000000000000000000000000000000000|RICH|1|662|DISP=ACCEPT_INSTALL|DETAIL=rt3_map_g1
0000000000000000000000000000000000000000000000000000000000000000|0000000000000000000000000000000000000000000000000000000000000000|0|3|rt4_TMB-5_MAP_g1_00233.r24|2|1|RICH|664|0|2410|0000000000000000000000000000000000000000000000000000000000000000|RICH|1|664|DISP=ACCEPT_INSTALL|DETAIL=rt3_map_g1
0000000000000000000000000000000000000000000000000000000000000000|0000000000000000000000000000000000000000000000000000000000000000|0|3|rt4_TMB-5_MAP_g1_00234.r24|2|1|RICH|666|0|2410|0000000000000000000000000000000000000000000000000000000000000000|RICH|1|666|DISP=ACCEPT_INSTALL|DETAIL=rt3_map_g1
0000000000000000000000000000000000000000000000000000000000000000|0000000000000000000000000000000000000000000000000000000000000000|0|3|rt4_TMB-5_MAP_g1_00235.r24|2|1|RICH|668|0|2410|0000000000000000000000000000000000000000000000000000000000000000|RICH|1|668|DISP=ACCEPT_INSTALL|DETAIL=rt3_map_g1
0000000000000000000000000000000000000000000000000000000000000000|0000000000000000000000000000000000000000000000000000000000000000|0|3|rt4_TMB-5_MAP_g1_00236.r24|2|1|RICH|670|0|2410|0000000000000000000000000000000000000000000000000000000000000000|RICH|1|670|DISP=ACCEPT_INSTALL|DETAIL=rt3_map_g1
0000000000000000000000000000000000000000000000000000000000000000|0000000000000000000000000000000000000000000000000000000000000000|0|3|rt4_TMB-5_MAP_g1_00237.r24|2|1|RICH|672|0|2410|0000000000000000000000000000000000000000000000000000000000000000|RICH|1|672|DISP=ACCEPT_INSTALL|DETAIL=rt3_map_g1
0000000000000000000000000000000000000000000000000000000000000000|0000000000000000000000000000000000000000000000000000000000000000|0|3|rt4_TMB-5_MAP_g1_00238.r24|2|1|RICH|674|0|2410|0000000000000000000000000000000000000000000000000000000000000000|RICH|1|674|DISP=ACCEPT_INSTALL|DETAIL=rt3_map_g1
0000000000000000000000000000000000000000000000000000000000000000|0000000000000000000000000000000000000000000000000000000000000000|0|3|rt4_TMB-5_MAP_g1_00239.r24|2|1|RICH|676|0|2410|0000000000000000000000000000000000000000000000000000000000000000|RICH|1|676|DISP=ACCEPT_INSTALL|DETAIL=rt3_map_g1
0000000000000000000000000000000000000000000000000000000000000000|0000000000000000000000000000000000000000000000000000000000000000|0|3|rt4_TMB-5_MAP_g1_00240.r24|2|1|RICH|678|0|2410|0000000000000000000000000000000000000000000000000000000000000000|RICH|1|678|DISP=ACCEPT_INSTALL|DETAIL=rt3_map_g1
0000000000000000000000000000000000000000000000000000000000000000|0000000000000000000000000000000000000000000000000000000000000000|0|3|rt4_TMB-5_MAP_g1_00241.r24|2|1|RICH|680|0|2410|0000000000000000000000000000000000000000000000000000000000000000|RICH|1|680|DISP=ACCEPT_INSTALL|DETAIL=rt3_map_g1
0000000000000000000000000000000000000000000000000000000000000000|0000000000000000000000000000000000000000000000000000000000000000|0|3|rt4_TMB-5_MAP_g1_00242.r24|2|1|RICH|682|0|2410|0000000000000000000000000000000000000000000000000000000000000000|RICH|1|682|DISP=ACCEPT_INSTALL|DETAIL=rt3_map_g1
0000000000000000000000000000000000000000000000000000000000000000|0000000000000000000000000000000000000000000000000000000000000000|0|3|rt4_TMB-5_MAP_g1_00243.r24|2|1|RICH|684|0|2410|0000000000000000000000000000000000000000000000000000000000000000|RICH|1|684|DISP=ACCEPT_INSTALL|DETAIL=rt3_map_g1
0000000000000000000000000000000000000000000000000000000000000000|0000000000000000000000000000000000000000000000000000000000000000|0|3|rt4_TMB-5_MAP_g1_00244.r24|2|1|RICH|686|0|2410|0000000000000000000000000000000000000000000000000000000000000000|RICH|1|686|DISP=ACCEPT_INSTALL|DETAIL=rt3_map_g1
0000000000000000000000000000000000000000000000000000000000000000|0000000000000000000000000000000000000000000000000000000000000000|0|3|rt4_TMB-5_MAP_g1_00245.r24|2|1|RICH|688|0|2410|0000000000000000000000000000000000000000000000000000000000000000|RICH|1|688|DISP=ACCEPT_INSTALL|DETAIL=rt3_map_g1
0000000000000000000000000000000000000000000000000000000000000000|0000000000000000000000000000000000000000000000000000000000000000|0|3|rt4_TMB-5_MAP_g1_00246.r24|2|1|RICH|690|0|2410|0000000000000000000000000000000000000000000000000000000000000000|RICH|1|690|DISP=ACCEPT_INSTALL|DETAIL=rt3_map_g1
0000000000000000000000000000000000000000000000000000000000000000|0000000000000000000000000000000000000000000000000000000000000000|0|3|rt4_TMB-5_MAP_g1_00247.r24|2|1|RICH|692|0|2410|0000000000000000000000000000000000000000000000000000000000000000|RICH|1|692|DISP=ACCEPT_INSTALL|DETAIL=rt3_map_g1
0000000000000000000000000000000000000000000000000000000000000000|0000000000000000000000000000000000000000000000000000000000000000|0|3|rt4_TMB-5_MAP_g1_00248.r24|2|1|RICH|694|0|2410|0000000000000000000000000000000000000000000000000000000000000000|RICH|1|694|DISP=ACCEPT_INSTALL|DETAIL=rt3_map_g1
0000000000000000000000000000000000000000000000000000000000000000|0000000000000000000000000000000000000000000000000000000000000000|0|3|rt4_TMB-5_MAP_g1_00249.r24|2|1|RICH|696|0|2410|0000000000000000000000000000000000000000000000000000000000000000|RICH|1|696|DISP=ACCEPT_INSTALL|DETAIL=rt3_map_g1
0000000000000000000000000000000000000000000000000000000000000000|0000000000000000000000000000000000000000000000000000000000000000|0|3|rt4_TMB-5_MAP_g1_00250.r24|2|1|RICH|698|0|2410|0000000000000000000000000000000000000000000000000000000000000000|RICH|1|698|DISP=ACCEPT_INSTALL|DETAIL=rt3_map_g1
0000000000000000000000000000000000000000000000000000000000000000|0000000000000000000000000000000000000000000000000000000000000000|0|3|rt4_TMB-5_MAP_g1_00251.r24|2|1|RICH|700|0|2410|0000000000000000000000000000000000000000000000000000000000000000|RICH|1|700|DISP=ACCEPT_INSTALL|DETAIL=rt3_map_g1
0000000000000000000000000000000000000000000000000000000000000000|0000000000000000000000000000000000000000000000000000000000000000|0|3|rt4_TMB-5_MAP_g1_00252.r24|2|1|RICH|702|0|2410|0000000000000000000000000000000000000000000000000000000000000000|RICH|1|702|DISP=ACCEPT_INSTALL|DETAIL=rt3_map_g1
0000000000000000000000000000000000000000000000000000000000000000|0000000000000000000000000000000000000000000000000000000000000000|0|3|rt4_TMB-5_MAP_g1_00253.r24|2|1|RICH|704|0|2410|0000000000000000000000000000000000000000000000000000000000000000|RICH|1|704|DISP=ACCEPT_INSTALL|DETAIL=rt3_map_g1
0000000000000000000000000000000000000000000000000000000000000000|0000000000000000000000000000000000000000000000000000000000000000|0|3|rt4_TMB-5_MAP_g1_00254.r24|2|1|RICH|706|0|2410|0000000000000000000000000000000000000000000000000000000000000000|RICH|1|706|DISP=ACCEPT_INSTALL|DETAIL=rt3_map_g1
0000000000000000000000000000000000000000000000000000000000000000|0000000000000000000000000000000000000000000000000000000000000000|0|3|rt4_TMB-5_MAP_g1_00255.r24|2|1|RICH|708|0|2410|0000000000000000000000000000000000000000000000000000000000000000|RICH|1|708|DISP=ACCEPT_INSTALL|DETAIL=rt3_map_g1
0000000000000000000000000000000000000000000000000000000000000000|0000000000000000000000000000000000000000000000000000000000000000|0|3|rt4_TMB-5_MAP_g1_00256.r24|2|1|RICH|710|0|2410|0000000000000000000000000000000000000000000000000000000000000000|RICH|1|710|DISP=ACCEPT_INSTALL|DETAIL=rt3_map_g1
0000000000000000000000000000000000000000000000000000000000000000|0000000000000000000000000000000000000000000000000000000000000000|0|3|rt4_TMB-5_MAP_g1_00257.r24|2|1|RICH|712|0|2410|0000000000000000000000000000000000000000000000000000000000000000|RICH|1|712|DISP=ACCEPT_INSTALL|DETAIL=rt3_map_g1
0000000000000000000000000000000000000000000000000000000000000000|0000000000000000000000000000000000000000000000000000000000000000|0|3|rt4_TMB-5_MAP_g1_00258.r24|2|1|RICH|714|0|2410|0000000000000000000000000000000000000000000000000000000000000000|RICH|1|714|DISP=ACCEPT_INSTALL|DETAIL=rt3_map_g1
0000000000000000000000000000000000000000000000000000000000000000|0000000000000000000000000000000000000000000000000000000000000000|0|3|rt4_TMB-5_MAP_g1_00259.r24|2|1|RICH|716|0|2410|0000000000000000000000000000000000000000000000000000000000000000|RICH|1|716|DISP=ACCEPT_INSTALL|DETAIL=rt3_map_g1
0000000000000000000000000000000000000000000000000000000000000000|0000000000000000000000000000000000000000000000000000000000000000|0|3|rt4_TMB-5_MAP_g1_00260.r24|2|1|RICH|718|0|2410|0000000000000000000000000000000000000000000000000000000000000000|RICH|1|718|DISP=ACCEPT_INSTALL|DETAIL=rt3_map_g1
0000000000000000000000000000000000000000000000000000000000000000|0000000000000000000000000000000000000000000000000000000000000000|0|3|rt4_TMB-5_MAP_g1_00261.r24|2|1|RICH|720|0|2410|0000000000000000000000000000000000000000000000000000000000000000|RICH|1|720|DISP=ACCEPT_INSTALL|DETAIL=rt3_map_g1
0000000000000000000000000000000000000000000000000000000000000000|0000000000000000000000000000000000000000000000000000000000000000|0|3|rt4_TMB-5_MAP_g1_00262.r24|2|1|RICH|722|0|2410|0000000000000000000000000000000000000000000000000000000000000000|RICH|1|722|DISP=ACCEPT_INSTALL|DETAIL=rt3_map_g1
0000000000000000000000000000000000000000000000000000000000000000|0000000000000000000000000000000000000000000000000000000000000000|0|3|rt4_TMB-5_MAP_g1_00263.r24|2|1|RICH|724|0|2410|0000000000000000000000000000000000000000000000000000000000000000|RICH|1|724|DISP=ACCEPT_INSTALL|DETAIL=rt3_map_g1
0000000000000000000000000000000000000000000000000000000000000000|0000000000000000000000000000000000000000000000000000000000000000|0|3|rt4_TMB-5_MAP_g1_00264.r24|2|1|RICH|726|0|2410|0000000000000000000000000000000000000000000000000000000000000000|RICH|1|726|DISP=ACCEPT_INSTALL|DETAIL=rt3_map_g1
0000000000000000000000000000000000000000000000000000000000000000|0000000000000000000000000000000000000000000000000000000000000000|0|3|rt4_TMB-5_MAP_g1_00265.r24|2|1|RICH|728|0|2410|0000000000000000000000000000000000000000000000000000000000000000|RICH|1|728|DISP=ACCEPT_INSTALL|DETAIL=rt3_map_g1
0000000000000000000000000000000000000000000000000000000000000000|0000000000000000000000000000000000000000000000000000000000000000|0|3|rt4_TMB-5_MAP_g1_00266.r24|2|1|RICH|730|0|2410|0000000000000000000000000000000000000000000000000000000000000000|RICH|1|730|DISP=ACCEPT_INSTALL|DETAIL=rt3_map_g1
0000000000000000000000000000000000000000000000000000000000000000|0000000000000000000000000000000000000000000000000000000000000000|0|3|rt4_TMB-5_MAP_g1_00267.r24|2|1|RICH|732|0|2410|0000000000000000000000000000000000000000000000000000000000000000|RICH|1|732|DISP=ACCEPT_INSTALL|DETAIL=rt3_map_g1
0000000000000000000000000000000000000000000000000000000000000000|0000000000000000000000000000000000000000000000000000000000000000|0|3|rt4_TMB-5_MAP_g1_00268.r24|2|1|RICH|734|0|2410|0000000000000000000000000000000000000000000000000000000000000000|RICH|1|734|DISP=ACCEPT_INSTALL|DETAIL=rt3_map_g1
0000000000000000000000000000000000000000000000000000000000000000|0000000000000000000000000000000000000000000000000000000000000000|0|3|rt4_TMB-5_MAP_g1_00269.r24|2|1|RICH|736|0|2410|0000000000000000000000000000000000000000000000000000000000000000|RICH|1|736|DISP=ACCEPT_INSTALL|DETAIL=rt3_map_g1
0000000000000000000000000000000000000000000000000000000000000000|0000000000000000000000000000000000000000000000000000000000000000|0|3|rt4_TMB-5_MAP_g1_00270.r24|2|1|RICH|738|0|2410|0000000000000000000000000000000000000000000000000000000000000000|RICH|1|738|DISP=ACCEPT_INSTALL|DETAIL=rt3_map_g1
0000000000000000000000000000000000000000000000000000000000000000|0000000000000000000000000000000000000000000000000000000000000000|0|3|rt4_TMB-5_MAP_g1_00271.r24|2|1|RICH|740|0|2410|0000000000000000000000000000000000000000000000000000000000000000|RICH|1|740|DISP=ACCEPT_INSTALL|DETAIL=rt3_map_g1
0000000000000000000000000000000000000000000000000000000000000000|0000000000000000000000000000000000000000000000000000000000000000|0|3|rt4_TMB-5_MAP_g1_00272.r24|2|1|RICH|742|0|2410|0000000000000000000000000000000000000000000000000000000000000000|RICH|1|742|DISP=ACCEPT_INSTALL|DETAIL=rt3_map_g1
0000000000000000000000000000000000000000000000000000000000000000|0000000000000000000000000000000000000000000000000000000000000000|0|3|rt4_TMB-5_MAP_g1_00273.r24|2|1|RICH|744|0|2410|0000000000000000000000000000000000000000000000000000000000000000|RICH|1|744|DISP=ACCEPT_INSTALL|DETAIL=rt3_map_g1
0000000000000000000000000000000000000000000000000000000000000000|0000000000000000000000000000000000000000000000000000000000000000|0|3|rt4_TMB-5_MAP_g1_00274.r24|2|1|RICH|746|0|2410|0000000000000000000000000000000000000000000000000000000000000000|RICH|1|746|DISP=ACCEPT_INSTALL|DETAIL=rt3_map_g1
0000000000000000000000000000000000000000000000000000000000000000|0000000000000000000000000000000000000000000000000000000000000000|0|3|rt4_TMB-5_MAP_g1_00275.r24|2|1|RICH|748|0|2410|0000000000000000000000000000000000000000000000000000000000000000|RICH|1|748|DISP=ACCEPT_INSTALL|DETAIL=rt3_map_g1
0000000000000000000000000000000000000000000000000000000000000000|0000000000000000000000000000000000000000000000000000000000000000|0|3|rt4_TMB-5_MAP_g1_00276.r24|2|1|RICH|750|0|2410|0000000000000000000000000000000000000000000000000000000000000000|RICH|1|750|DISP=ACCEPT_INSTALL|DETAIL=rt3_map_g1
0000000000000000000000000000000000000000000000000000000000000000|0000000000000000000000000000000000000000000000000000000000000000|0|3|rt4_TMB-5_MAP_g1_00277.r24|2|1|RICH|752|0|2410|0000000000000000000000000000000000000000000000000000000000000000|RICH|1|752|DISP=ACCEPT_INSTALL|DETAIL=rt3_map_g1
0000000000000000000000000000000000000000000000000000000000000000|0000000000000000000000000000000000000000000000000000000000000000|0|3|rt4_TMB-5_MAP_g1_00278.r24|2|1|RICH|754|0|2410|0000000000000000000000000000000000000000000000000000000000000000|RICH|1|754|DISP=ACCEPT_INSTALL|DETAIL=rt3_map_g1
0000000000000000000000000000000000000000000000000000000000000000|0000000000000000000000000000000000000000000000000000000000000000|0|3|rt4_TMB-5_MAP_g1_00279.r24|2|1|RICH|756|0|2410|0000000000000000000000000000000000000000000000000000000000000000|RICH|1|756|DISP=ACCEPT_INSTALL|DETAIL=rt3_map_g1
0000000000000000000000000000000000000000000000000000000000000000|0000000000000000000000000000000000000000000000000000000000000000|0|3|rt4_TMB-5_MAP_g1_00280.r24|2|1|RICH|758|0|2410|0000000000000000000000000000000000000000000000000000000000000000|RICH|1|758|DISP=ACCEPT_INSTALL|DETAIL=rt3_map_g1
0000000000000000000000000000000000000000000000000000000000000000|0000000000000000000000000000000000000000000000000000000000000000|0|3|rt4_TMB-5_MAP_g1_00281.r24|2|1|RICH|760|0|2410|0000000000000000000000000000000000000000000000000000000000000000|RICH|1|760|DISP=ACCEPT_INSTALL|DETAIL=rt3_map_g1
0000000000000000000000000000000000000000000000000000000000000000|0000000000000000000000000000000000000000000000000000000000000000|0|3|rt4_TMB-5_MAP_g1_00282.r24|2|1|RICH|762|0|2410|0000000000000000000000000000000000000000000000000000000000000000|RICH|1|762|DISP=ACCEPT_INSTALL|DETAIL=rt3_map_g1
0000000000000000000000000000000000000000000000000000000000000000|0000000000000000000000000000000000000000000000000000000000000000|0|3|rt4_TMB-5_MAP_g1_00283.r24|2|1|RICH|764|0|2410|0000000000000000000000000000000000000000000000000000000000000000|RICH|1|764|DISP=ACCEPT_INSTALL|DETAIL=rt3_map_g1
0000000000000000000000000000000000000000000000000000000000000000|0000000000000000000000000000000000000000000000000000000000000000|0|3|rt4_TMB-5_MAP_g1_00284.r24|2|1|RICH|766|0|2410|0000000000000000000000000000000000000000000000000000000000000000|RICH|1|766|DISP=ACCEPT_INSTALL|DETAIL=rt3_map_g1
0000000000000000000000000000000000000000000000000000000000000000|0000000000000000000000000000000000000000000000000000000000000000|0|3|rt4_TMB-5_MAP_g1_00285.r24|2|1|RICH|768|0|2410|0000000000000000000000000000000000000000000000000000000000000000|RICH|1|768|DISP=ACCEPT_INSTALL|DETAIL=rt3_map_g1
0000000000000000000000000000000000000000000000000000000000000000|0000000000000000000000000000000000000000000000000000000000000000|0|3|rt4_TMB-5_MAP_g1_00286.r24|2|1|RICH|770|0|2410|0000000000000000000000000000000000000000000000000000000000000000|RICH|1|770|DISP=ACCEPT_INSTALL|DETAIL=rt3_map_g1
0000000000000000000000000000000000000000000000000000000000000000|0000000000000000000000000000000000000000000000000000000000000000|0|3|rt4_TMB-5_MAP_g1_00287.r24|2|1|RICH|772|0|2410|0000000000000000000000000000000000000000000000000000000000000000|RICH|1|772|DISP=ACCEPT_INSTALL|DETAIL=rt3_map_g1
0000000000000000000000000000000000000000000000000000000000000000|0000000000000000000000000000000000000000000000000000000000000000|0|3|rt4_TMB-5_MAP_g1_00288.r24|2|1|RICH|774|0|2410|0000000000000000000000000000000000000000000000000000000000000000|RICH|1|774|DISP=ACCEPT_INSTALL|DETAIL=rt3_map_g1
0000000000000000000000000000000000000000000000000000000000000000|0000000000000000000000000000000000000000000000000000000000000000|0|3|rt4_TMB-5_MAP_g1_00289.r24|2|1|RICH|776|0|2410|0000000000000000000000000000000000000000000000000000000000000000|RICH|1|776|DISP=ACCEPT_INSTALL|DETAIL=rt3_map_g1
0000000000000000000000000000000000000000000000000000000000000000|0000000000000000000000000000000000000000000000000000000000000000|0|3|rt4_TMB-5_MAP_g1_00290.r24|2|1|RICH|778|0|2410|0000000000000000000000000000000000000000000000000000000000000000|RICH|1|778|DISP=ACCEPT_INSTALL|DETAIL=rt3_map_g1
0000000000000000000000000000000000000000000000000000000000000000|0000000000000000000000000000000000000000000000000000000000000000|0|3|rt4_TMB-5_MAP_g1_00291.r24|2|1|RICH|780|0|2410|0000000000000000000000000000000000000000000000000000000000000000|RICH|1|780|DISP=ACCEPT_INSTALL|DETAIL=rt3_map_g1
0000000000000000000000000000000000000000000000000000000000000000|0000000000000000000000000000000000000000000000000000000000000000|0|3|rt4_TMB-5_MAP_g1_00292.r24|2|1|RICH|782|0|2410|0000000000000000000000000000000000000000000000000000000000000000|RICH|1|782|DISP=ACCEPT_INSTALL|DETAIL=rt3_map_g1
0000000000000000000000000000000000000000000000000000000000000000|0000000000000000000000000000000000000000000000000000000000000000|0|3|rt4_TMB-5_MAP_g1_00293.r24|2|1|RICH|784|0|2410|0000000000000000000000000000000000000000000000000000000000000000|RICH|1|784|DISP=ACCEPT_INSTALL|DETAIL=rt3_map_g1
0000000000000000000000000000000000000000000000000000000000000000|0000000000000000000000000000000000000000000000000000000000000000|0|3|rt4_TMB-5_MAP_g1_00294.r24|2|1|RICH|786|0|2410|0000000000000000000000000000000000000000000000000000000000000000|RICH|1|786|DISP=ACCEPT_INSTALL|DETAIL=rt3_map_g1
0000000000000000000000000000000000000000000000000000000000000000|0000000000000000000000000000000000000000000000000000000000000000|0|3|rt4_TMB-5_MAP_g1_00295.r24|2|1|RICH|788|0|2410|0000000000000000000000000000000000000000000000000000000000000000|RICH|1|788|DISP=ACCEPT_INSTALL|DETAIL=rt3_map_g1
0000000000000000000000000000000000000000000000000000000000000000|0000000000000000000000000000000000000000000000000000000000000000|0|3|rt4_TMB-5_MAP_g1_00296.r24|2|1|RICH|790|0|2410|0000000000000000000000000000000000000000000000000000000000000000|RICH|1|790|DISP=ACCEPT_INSTALL|DETAIL=rt3_map_g1
0000000000000000000000000000000000000000000000000000000000000000|0000000000000000000000000000000000000000000000000000000000000000|0|3|rt4_TMB-5_MAP_g1_00297.r24|2|1|RICH|792|0|2410|0000000000000000000000000000000000000000000000000000000000000000|RICH|1|792|DISP=ACCEPT_INSTALL|DETAIL=rt3_map_g1
0000000000000000000000000000000000000000000000000000000000000000|0000000000000000000000000000000000000000000000000000000000000000|0|3|rt4_TMB-5_MAP_g1_00298.r24|2|1|RICH|794|0|2410|0000000000000000000000000000000000000000000000000000000000000000|RICH|1|794|DISP=ACCEPT_INSTALL|DETAIL=rt3_map_g1
0000000000000000000000000000000000000000000000000000000000000000|0000000000000000000000000000000000000000000000000000000000000000|0|3|rt4_TMB-5_MAP_g1_00299.r24|2|1|RICH|796|0|2410|0000000000000000000000000000000000000000000000000000000000000000|RICH|1|796|DISP=ACCEPT_INSTALL|DETAIL=rt3_map_g1
0000000000000000000000000000000000000000000000000000000000000000|0000000000000000000000000000000000000000000000000000000000000000|0|3|rt4_TMB-5_MAP_g1_00300.r24|2|1|RICH|798|0|2410|0000000000000000000000000000000000000000000000000000000000000000|RICH|1|798|DISP=ACCEPT_INSTALL|DETAIL=rt3_map_g1
0000000000000000000000000000000000000000000000000000000000000000|0000000000000000000000000000000000000000000000000000000000000000|0|3|rt4_TMB-5_MAP_g1_00301.r24|2|1|RICH|800|0|2410|0000000000000000000000000000000000000000000000000000000000000000|RICH|1|800|DISP=ACCEPT_INSTALL|DETAIL=rt3_map_g1
0000000000000000000000000000000000000000000000000000000000000000|0000000000000000000000000000000000000000000000000000000000000000|0|3|rt4_TMB-5_MAP_g1_00302.r24|2|1|RICH|802|0|2410|0000000000000000000000000000000000000000000000000000000000000000|RICH|1|802|DISP=ACCEPT_INSTALL|DETAIL=rt3_map_g1
0000000000000000000000000000000000000000000000000000000000000000|0000000000000000000000000000000000000000000000000000000000000000|0|3|rt4_TMB-5_MAP_g1_00303.r24|2|1|RICH|804|0|2410|0000000000000000000000000000000000000000000000000000000000000000|RICH|1|804|DISP=ACCEPT_INSTALL|DETAIL=rt3_map_g1
0000000000000000000000000000000000000000000000000000000000000000|0000000000000000000000000000000000000000000000000000000000000000|0|3|rt4_TMB-5_MAP_g1_00304.r24|2|1|RICH|806|0|2410|0000000000000000000000000000000000000000000000000000000000000000|RICH|1|806|DISP=ACCEPT_INSTALL|DETAIL=rt3_map_g1
0000000000000000000000000000000000000000000000000000000000000000|0000000000000000000000000000000000000000000000000000000000000000|0|3|rt4_TMB-5_MAP_g1_00305.r24|2|1|RICH|808|0|2410|0000000000000000000000000000000000000000000000000000000000000000|RICH|1|808|DISP=ACCEPT_INSTALL|DETAIL=rt3_map_g1
0000000000000000000000000000000000000000000000000000000000000000|0000000000000000000000000000000000000000000000000000000000000000|0|3|rt4_TMB-5_MAP_g1_00306.r24|2|1|RICH|810|0|2410|0000000000000000000000000000000000000000000000000000000000000000|RICH|1|810|DISP=ACCEPT_INSTALL|DETAIL=rt3_map_g1
0000000000000000000000000000000000000000000000000000000000000000|0000000000000000000000000000000000000000000000000000000000000000|0|3|rt4_TMB-5_MAP_g1_00307.r24|2|1|RICH|812|0|2410|0000000000000000000000000000000000000000000000000000000000000000|RICH|1|812|DISP=ACCEPT_INSTALL|DETAIL=rt3_map_g1
0000000000000000000000000000000000000000000000000000000000000000|0000000000000000000000000000000000000000000000000000000000000000|0|3|rt4_TMB-5_MAP_g1_00308.r24|2|1|RICH|814|0|2410|0000000000000000000000000000000000000000000000000000000000000000|RICH|1|814|DISP=ACCEPT_INSTALL|DETAIL=rt3_map_g1
0000000000000000000000000000000000000000000000000000000000000000|0000000000000000000000000000000000000000000000000000000000000000|0|3|rt4_TMB-5_MAP_g1_00309.r24|2|1|RICH|816|0|2410|0000000000000000000000000000000000000000000000000000000000000000|RICH|1|816|DISP=ACCEPT_INSTALL|DETAIL=rt3_map_g1
0000000000000000000000000000000000000000000000000000000000000000|0000000000000000000000000000000000000000000000000000000000000000|0|3|rt4_TMB-5_MAP_g1_00310.r24|2|1|RICH|818|0|2410|0000000000000000000000000000000000000000000000000000000000000000|RICH|1|818|DISP=ACCEPT_INSTALL|DETAIL=rt3_map_g1
0000000000000000000000000000000000000000000000000000000000000000|0000000000000000000000000000000000000000000000000000000000000000|0|3|rt4_TMB-5_MAP_g1_00311.r24|2|1|RICH|820|0|2410|0000000000000000000000000000000000000000000000000000000000000000|RICH|1|820|DISP=ACCEPT_INSTALL|DETAIL=rt3_map_g1
0000000000000000000000000000000000000000000000000000000000000000|0000000000000000000000000000000000000000000000000000000000000000|0|3|rt4_TMB-5_MAP_g1_00312.r24|2|1|RICH|822|0|2410|0000000000000000000000000000000000000000000000000000000000000000|RICH|1|822|DISP=ACCEPT_INSTALL|DETAIL=rt3_map_g1
0000000000000000000000000000000000000000000000000000000000000000|0000000000000000000000000000000000000000000000000000000000000000|0|3|rt4_TMB-5_MAP_g1_00313.r24|2|1|RICH|824|0|2410|0000000000000000000000000000000000000000000000000000000000000000|RICH|1|824|DISP=ACCEPT_INSTALL|DETAIL=rt3_map_g1
0000000000000000000000000000000000000000000000000000000000000000|0000000000000000000000000000000000000000000000000000000000000000|0|3|rt4_TMB-5_MAP_g1_00314.r24|2|1|RICH|826|0|2410|0000000000000000000000000000000000000000000000000000000000000000|RICH|1|826|DISP=ACCEPT_INSTALL|DETAIL=rt3_map_g1
0000000000000000000000000000000000000000000000000000000000000000|0000000000000000000000000000000000000000000000000000000000000000|0|3|rt4_TMB-5_MAP_g1_00315.r24|2|1|RICH|828|0|2410|0000000000000000000000000000000000000000000000000000000000000000|RICH|1|828|DISP=ACCEPT_INSTALL|DETAIL=rt3_map_g1
0000000000000000000000000000000000000000000000000000000000000000|0000000000000000000000000000000000000000000000000000000000000000|0|3|rt4_TMB-5_MAP_g1_00316.r24|2|1|RICH|830|0|2410|0000000000000000000000000000000000000000000000000000000000000000|RICH|1|830|DISP=ACCEPT_INSTALL|DETAIL=rt3_map_g1
0000000000000000000000000000000000000000000000000000000000000000|0000000000000000000000000000000000000000000000000000000000000000|0|3|rt4_TMB-5_MAP_g1_00317.r24|2|1|RICH|832|0|2410|0000000000000000000000000000000000000000000000000000000000000000|RICH|1|832|DISP=ACCEPT_INSTALL|DETAIL=rt3_map_g1
0000000000000000000000000000000000000000000000000000000000000000|0000000000000000000000000000000000000000000000000000000000000000|0|3|rt4_TMB-5_MAP_g1_00318.r24|2|1|RICH|834|0|2410|0000000000000000000000000000000000000000000000000000000000000000|RICH|1|834|DISP=ACCEPT_INSTALL|DETAIL=rt3_map_g1
0000000000000000000000000000000000000000000000000000000000000000|0000000000000000000000000000000000000000000000000000000000000000|0|3|rt4_TMB-5_MAP_g1_00319.r24|2|1|RICH|836|0|2410|0000000000000000000000000000000000000000000000000000000000000000|RICH|1|836|DISP=ACCEPT_INSTALL|DETAIL=rt3_map_g1
0000000000000000000000000000000000000000000000000000000000000000|0000000000000000000000000000000000000000000000000000000000000000|0|3|rt4_TMB-5_MAP_g1_00320.r24|2|1|RICH|838|0|2410|0000000000000000000000000000000000000000000000000000000000000000|RICH|1|838|DISP=ACCEPT_INSTALL|DETAIL=rt3_map_g1
0000000000000000000000000000000000000000000000000000000000000000|0000000000000000000000000000000000000000000000000000000000000000|0|3|rt4_TMB-5_MAP_g1_00321.r24|2|1|RICH|840|0|2410|0000000000000000000000000000000000000000000000000000000000000000|RICH|1|840|DISP=ACCEPT_INSTALL|DETAIL=rt3_map_g1
0000000000000000000000000000000000000000000000000000000000000000|0000000000000000000000000000000000000000000000000000000000000000|0|3|rt4_TMB-5_MAP_g1_00322.r24|2|1|RICH|842|0|2410|0000000000000000000000000000000000000000000000000000000000000000|RICH|1|842|DISP=ACCEPT_INSTALL|DETAIL=rt3_map_g1
0000000000000000000000000000000000000000000000000000000000000000|0000000000000000000000000000000000000000000000000000000000000000|0|3|rt4_TMB-5_MAP_g1_00323.r24|2|1|RICH|844|0|2410|0000000000000000000000000000000000000000000000000000000000000000|RICH|1|844|DISP=ACCEPT_INSTALL|DETAIL=rt3_map_g1
0000000000000000000000000000000000000000000000000000000000000000|0000000000000000000000000000000000000000000000000000000000000000|0|3|rt4_TMB-5_MAP_g1_00324.r24|2|1|RICH|846|0|2410|0000000000000000000000000000000000000000000000000000000000000000|RICH|1|846|DISP=ACCEPT_INSTALL|DETAIL=rt3_map_g1
0000000000000000000000000000000000000000000000000000000000000000|0000000000000000000000000000000000000000000000000000000000000000|0|3|rt4_TMB-5_MAP_g1_00325.r24|2|1|RICH|848|0|2410|0000000000000000000000000000000000000000000000000000000000000000|RICH|1|848|DISP=ACCEPT_INSTALL|DETAIL=rt3_map_g1
0000000000000000000000000000000000000000000000000000000000000000|0000000000000000000000000000000000000000000000000000000000000000|0|3|rt4_TMB-5_MAP_g1_00326.r24|2|1|RICH|850|0|2410|0000000000000000000000000000000000000000000000000000000000000000|RICH|1|850|DISP=ACCEPT_INSTALL|DETAIL=rt3_map_g1
0000000000000000000000000000000000000000000000000000000000000000|0000000000000000000000000000000000000000000000000000000000000000|0|3|rt4_TMB-5_MAP_g1_00327.r24|2|1|RICH|852|0|2410|0000000000000000000000000000000000000000000000000000000000000000|RICH|1|852|DISP=ACCEPT_INSTALL|DETAIL=rt3_map_g1
0000000000000000000000000000000000000000000000000000000000000000|0000000000000000000000000000000000000000000000000000000000000000|0|3|rt4_TMB-5_MAP_g1_00328.r24|2|1|RICH|854|0|2410|0000000000000000000000000000000000000000000000000000000000000000|RICH|1|854|DISP=ACCEPT_INSTALL|DETAIL=rt3_map_g1
0000000000000000000000000000000000000000000000000000000000000000|0000000000000000000000000000000000000000000000000000000000000000|0|3|rt4_TMB-5_MAP_g1_00329.r24|2|1|RICH|856|0|2410|0000000000000000000000000000000000000000000000000000000000000000|RICH|1|856|DISP=ACCEPT_INSTALL|DETAIL=rt3_map_g1
0000000000000000000000000000000000000000000000000000000000000000|0000000000000000000000000000000000000000000000000000000000000000|0|3|rt4_TMB-5_MAP_g1_00330.r24|2|1|RICH|858|0|2410|0000000000000000000000000000000000000000000000000000000000000000|RICH|1|858|DISP=ACCEPT_INSTALL|DETAIL=rt3_map_g1
0000000000000000000000000000000000000000000000000000000000000000|0000000000000000000000000000000000000000000000000000000000000000|0|3|rt4_TMB-5_MAP_g1_00331.r24|2|1|RICH|860|0|2410|0000000000000000000000000000000000000000000000000000000000000000|RICH|1|860|DISP=ACCEPT_INSTALL|DETAIL=rt3_map_g1
0000000000000000000000000000000000000000000000000000000000000000|0000000000000000000000000000000000000000000000000000000000000000|0|3|rt4_TMB-5_MAP_g1_00332.r24|2|1|RICH|862|0|2410|0000000000000000000000000000000000000000000000000000000000000000|RICH|1|862|DISP=ACCEPT_INSTALL|DETAIL=rt3_map_g1
0000000000000000000000000000000000000000000000000000000000000000|0000000000000000000000000000000000000000000000000000000000000000|0|3|rt4_TMB-5_MAP_g1_00333.r24|2|1|RICH|864|0|2410|0000000000000000000000000000000000000000000000000000000000000000|RICH|1|864|DISP=ACCEPT_INSTALL|DETAIL=rt3_map_g1
0000000000000000000000000000000000000000000000000000000000000000|0000000000000000000000000000000000000000000000000000000000000000|0|3|rt4_TMB-5_MAP_g1_00334.r24|2|1|RICH|866|0|2410|0000000000000000000000000000000000000000000000000000000000000000|RICH|1|866|DISP=ACCEPT_INSTALL|DETAIL=rt3_map_g1
0000000000000000000000000000000000000000000000000000000000000000|0000000000000000000000000000000000000000000000000000000000000000|0|3|rt4_TMB-5_MAP_g1_00335.r24|2|1|RICH|868|0|2410|0000000000000000000000000000000000000000000000000000000000000000|RICH|1|868|DISP=ACCEPT_INSTALL|DETAIL=rt3_map_g1
0000000000000000000000000000000000000000000000000000000000000000|0000000000000000000000000000000000000000000000000000000000000000|0|3|rt4_TMB-5_MAP_g1_00336.r24|2|1|RICH|870|0|2410|0000000000000000000000000000000000000000000000000000000000000000|RICH|1|870|DISP=ACCEPT_INSTALL|DETAIL=rt3_map_g1
0000000000000000000000000000000000000000000000000000000000000000|0000000000000000000000000000000000000000000000000000000000000000|0|3|rt4_TMB-5_MAP_g1_00337.r24|2|1|RICH|872|0|2410|0000000000000000000000000000000000000000000000000000000000000000|RICH|1|872|DISP=ACCEPT_INSTALL|DETAIL=rt3_map_g1
0000000000000000000000000000000000000000000000000000000000000000|0000000000000000000000000000000000000000000000000000000000000000|0|3|rt4_TMB-5_MAP_g1_00338.r24|2|1|RICH|874|0|2410|0000000000000000000000000000000000000000000000000000000000000000|RICH|1|874|DISP=ACCEPT_INSTALL|DETAIL=rt3_map_g1
0000000000000000000000000000000000000000000000000000000000000000|0000000000000000000000000000000000000000000000000000000000000000|0|3|rt4_TMB-5_MAP_g1_00339.r24|2|1|RICH|876|0|2410|0000000000000000000000000000000000000000000000000000000000000000|RICH|1|876|DISP=ACCEPT_INSTALL|DETAIL=rt3_map_g1
0000000000000000000000000000000000000000000000000000000000000000|0000000000000000000000000000000000000000000000000000000000000000|0|3|rt4_TMB-5_MAP_g1_00340.r24|2|1|RICH|878|0|2410|0000000000000000000000000000000000000000000000000000000000000000|RICH|1|878|DISP=ACCEPT_INSTALL|DETAIL=rt3_map_g1
0000000000000000000000000000000000000000000000000000000000000000|0000000000000000000000000000000000000000000000000000000000000000|0|3|rt4_TMB-5_MAP_g1_00341.r24|2|1|RICH|880|0|2410|0000000000000000000000000000000000000000000000000000000000000000|RICH|1|880|DISP=ACCEPT_INSTALL|DETAIL=rt3_map_g1
0000000000000000000000000000000000000000000000000000000000000000|0000000000000000000000000000000000000000000000000000000000000000|0|3|rt4_TMB-5_MAP_g1_00342.r24|2|1|RICH|540|0|2420|0000000000000000000000000000000000000000000000000000000000000000|RICH|1|540|DISP=ACCEPT_INSTALL|DETAIL=rt3_map_g1
0000000000000000000000000000000000000000000000000000000000000000|0000000000000000000000000000000000000000000000000000000000000000|0|3|rt4_TMB-5_MAP_g1_00343.r24|2|1|RICH|542|0|2420|0000000000000000000000000000000000000000000000000000000000000000|RICH|1|542|DISP=ACCEPT_INSTALL|DETAIL=rt3_map_g1
0000000000000000000000000000000000000000000000000000000000000000|0000000000000000000000000000000000000000000000000000000000000000|0|3|rt4_TMB-5_MAP_g1_00344.r24|2|1|RICH|544|0|2420|0000000000000000000000000000000000000000000000000000000000000000|RICH|1|544|DISP=ACCEPT_INSTALL|DETAIL=rt3_map_g1
0000000000000000000000000000000000000000000000000000000000000000|0000000000000000000000000000000000000000000000000000000000000000|0|3|rt4_TMB-5_MAP_g1_00345.r24|2|1|RICH|546|0|2420|0000000000000000000000000000000000000000000000000000000000000000|RICH|1|546|DISP=ACCEPT_INSTALL|DETAIL=rt3_map_g1
0000000000000000000000000000000000000000000000000000000000000000|0000000000000000000000000000000000000000000000000000000000000000|0|3|rt4_TMB-5_MAP_g1_00346.r24|2|1|RICH|548|0|2420|0000000000000000000000000000000000000000000000000000000000000000|RICH|1|548|DISP=ACCEPT_INSTALL|DETAIL=rt3_map_g1
0000000000000000000000000000000000000000000000000000000000000000|0000000000000000000000000000000000000000000000000000000000000000|0|3|rt4_TMB-5_MAP_g1_00347.r24|2|1|RICH|550|0|2420|0000000000000000000000000000000000000000000000000000000000000000|RICH|1|550|DISP=ACCEPT_INSTALL|DETAIL=rt3_map_g1
0000000000000000000000000000000000000000000000000000000000000000|0000000000000000000000000000000000000000000000000000000000000000|0|3|rt4_TMB-5_MAP_g1_00348.r24|2|1|RICH|552|0|2420|0000000000000000000000000000000000000000000000000000000000000000|RICH|1|552|DISP=ACCEPT_INSTALL|DETAIL=rt3_map_g1
0000000000000000000000000000000000000000000000000000000000000000|0000000000000000000000000000000000000000000000000000000000000000|0|3|rt4_TMB-5_MAP_g1_00349.r24|2|1|RICH|554|0|2420|0000000000000000000000000000000000000000000000000000000000000000|RICH|1|554|DISP=ACCEPT_INSTALL|DETAIL=rt3_map_g1
0000000000000000000000000000000000000000000000000000000000000000|0000000000000000000000000000000000000000000000000000000000000000|0|3|rt4_TMB-5_MAP_g1_00350.r24|2|1|RICH|556|0|2420|0000000000000000000000000000000000000000000000000000000000000000|RICH|1|556|DISP=ACCEPT_INSTALL|DETAIL=rt3_map_g1
0000000000000000000000000000000000000000000000000000000000000000|0000000000000000000000000000000000000000000000000000000000000000|0|3|rt4_TMB-5_MAP_g1_00351.r24|2|1|RICH|558|0|2420|0000000000000000000000000000000000000000000000000000000000000000|RICH|1|558|DISP=ACCEPT_INSTALL|DETAIL=rt3_map_g1
0000000000000000000000000000000000000000000000000000000000000000|0000000000000000000000000000000000000000000000000000000000000000|0|3|rt4_TMB-5_MAP_g1_00352.r24|2|1|RICH|560|0|2420|0000000000000000000000000000000000000000000000000000000000000000|RICH|1|560|DISP=ACCEPT_INSTALL|DETAIL=rt3_map_g1
0000000000000000000000000000000000000000000000000000000000000000|0000000000000000000000000000000000000000000000000000000000000000|0|3|rt4_TMB-5_MAP_g1_00353.r24|2|1|RICH|562|0|2420|0000000000000000000000000000000000000000000000000000000000000000|RICH|1|562|DISP=ACCEPT_INSTALL|DETAIL=rt3_map_g1
0000000000000000000000000000000000000000000000000000000000000000|0000000000000000000000000000000000000000000000000000000000000000|0|3|rt4_TMB-5_MAP_g1_00354.r24|2|1|RICH|564|0|2420|0000000000000000000000000000000000000000000000000000000000000000|RICH|1|564|DISP=ACCEPT_INSTALL|DETAIL=rt3_map_g1
0000000000000000000000000000000000000000000000000000000000000000|0000000000000000000000000000000000000000000000000000000000000000|0|3|rt4_TMB-5_MAP_g1_00355.r24|2|1|RICH|566|0|2420|0000000000000000000000000000000000000000000000000000000000000000|RICH|1|566|DISP=ACCEPT_INSTALL|DETAIL=rt3_map_g1
0000000000000000000000000000000000000000000000000000000000000000|0000000000000000000000000000000000000000000000000000000000000000|0|3|rt4_TMB-5_MAP_g1_00356.r24|2|1|RICH|568|0|2420|0000000000000000000000000000000000000000000000000000000000000000|RICH|1|568|DISP=ACCEPT_INSTALL|DETAIL=rt3_map_g1
0000000000000000000000000000000000000000000000000000000000000000|0000000000000000000000000000000000000000000000000000000000000000|0|3|rt4_TMB-5_MAP_g1_00357.r24|2|1|RICH|570|0|2420|0000000000000000000000000000000000000000000000000000000000000000|RICH|1|570|DISP=ACCEPT_INSTALL|DETAIL=rt3_map_g1
0000000000000000000000000000000000000000000000000000000000000000|0000000000000000000000000000000000000000000000000000000000000000|0|3|rt4_TMB-5_MAP_g1_00358.r24|2|1|RICH|572|0|2420|0000000000000000000000000000000000000000000000000000000000000000|RICH|1|572|DISP=ACCEPT_INSTALL|DETAIL=rt3_map_g1
0000000000000000000000000000000000000000000000000000000000000000|0000000000000000000000000000000000000000000000000000000000000000|0|3|rt4_TMB-5_MAP_g1_00359.r24|2|1|RICH|574|0|2420|0000000000000000000000000000000000000000000000000000000000000000|RICH|1|574|DISP=ACCEPT_INSTALL|DETAIL=rt3_map_g1
0000000000000000000000000000000000000000000000000000000000000000|0000000000000000000000000000000000000000000000000000000000000000|0|3|rt4_TMB-5_MAP_g1_00360.r24|2|1|RICH|576|0|2420|0000000000000000000000000000000000000000000000000000000000000000|RICH|1|576|DISP=ACCEPT_INSTALL|DETAIL=rt3_map_g1
0000000000000000000000000000000000000000000000000000000000000000|0000000000000000000000000000000000000000000000000000000000000000|0|3|rt4_TMB-5_MAP_g1_00361.r24|2|1|RICH|578|0|2420|0000000000000000000000000000000000000000000000000000000000000000|RICH|1|578|DISP=ACCEPT_INSTALL|DETAIL=rt3_map_g1
0000000000000000000000000000000000000000000000000000000000000000|0000000000000000000000000000000000000000000000000000000000000000|0|3|rt4_TMB-5_MAP_g1_00362.r24|2|1|RICH|580|0|2420|0000000000000000000000000000000000000000000000000000000000000000|RICH|1|580|DISP=ACCEPT_INSTALL|DETAIL=rt3_map_g1
0000000000000000000000000000000000000000000000000000000000000000|0000000000000000000000000000000000000000000000000000000000000000|0|3|rt4_TMB-5_MAP_g1_00363.r24|2|1|RICH|582|0|2420|0000000000000000000000000000000000000000000000000000000000000000|RICH|1|582|DISP=ACCEPT_INSTALL|DETAIL=rt3_map_g1
0000000000000000000000000000000000000000000000000000000000000000|0000000000000000000000000000000000000000000000000000000000000000|0|3|rt4_TMB-5_MAP_g1_00364.r24|2|1|RICH|584|0|2420|0000000000000000000000000000000000000000000000000000000000000000|RICH|1|584|DISP=ACCEPT_INSTALL|DETAIL=rt3_map_g1
0000000000000000000000000000000000000000000000000000000000000000|0000000000000000000000000000000000000000000000000000000000000000|0|3|rt4_TMB-5_MAP_g1_00365.r24|2|1|RICH|586|0|2420|0000000000000000000000000000000000000000000000000000000000000000|RICH|1|586|DISP=ACCEPT_INSTALL|DETAIL=rt3_map_g1
0000000000000000000000000000000000000000000000000000000000000000|0000000000000000000000000000000000000000000000000000000000000000|0|3|rt4_TMB-5_MAP_g1_00366.r24|2|1|RICH|588|0|2420|0000000000000000000000000000000000000000000000000000000000000000|RICH|1|588|DISP=ACCEPT_INSTALL|DETAIL=rt3_map_g1
0000000000000000000000000000000000000000000000000000000000000000|0000000000000000000000000000000000000000000000000000000000000000|0|3|rt4_TMB-5_MAP_g1_00367.r24|2|1|RICH|590|0|2420|0000000000000000000000000000000000000000000000000000000000000000|RICH|1|590|DISP=ACCEPT_INSTALL|DETAIL=rt3_map_g1
0000000000000000000000000000000000000000000000000000000000000000|0000000000000000000000000000000000000000000000000000000000000000|0|3|rt4_TMB-5_MAP_g1_00368.r24|2|1|RICH|592|0|2420|0000000000000000000000000000000000000000000000000000000000000000|RICH|1|592|DISP=ACCEPT_INSTALL|DETAIL=rt3_map_g1
0000000000000000000000000000000000000000000000000000000000000000|0000000000000000000000000000000000000000000000000000000000000000|0|3|rt4_TMB-5_MAP_g1_00369.r24|2|1|RICH|594|0|2420|0000000000000000000000000000000000000000000000000000000000000000|RICH|1|594|DISP=ACCEPT_INSTALL|DETAIL=rt3_map_g1
0000000000000000000000000000000000000000000000000000000000000000|0000000000000000000000000000000000000000000000000000000000000000|0|3|rt4_TMB-5_MAP_g1_00370.r24|2|1|RICH|596|0|2420|0000000000000000000000000000000000000000000000000000000000000000|RICH|1|596|DISP=ACCEPT_INSTALL|DETAIL=rt3_map_g1
0000000000000000000000000000000000000000000000000000000000000000|0000000000000000000000000000000000000000000000000000000000000000|0|3|rt4_TMB-5_MAP_g1_00371.r24|2|1|RICH|598|0|2420|0000000000000000000000000000000000000000000000000000000000000000|RICH|1|598|DISP=ACCEPT_INSTALL|DETAIL=rt3_map_g1
0000000000000000000000000000000000000000000000000000000000000000|0000000000000000000000000000000000000000000000000000000000000000|0|3|rt4_TMB-5_MAP_g1_00372.r24|2|1|RICH|600|0|2420|0000000000000000000000000000000000000000000000000000000000000000|RICH|1|600|DISP=ACCEPT_INSTALL|DETAIL=rt3_map_g1
0000000000000000000000000000000000000000000000000000000000000000|0000000000000000000000000000000000000000000000000000000000000000|0|3|rt4_TMB-5_MAP_g1_00373.r24|2|1|RICH|602|0|2420|0000000000000000000000000000000000000000000000000000000000000000|RICH|1|602|DISP=ACCEPT_INSTALL|DETAIL=rt3_map_g1
0000000000000000000000000000000000000000000000000000000000000000|0000000000000000000000000000000000000000000000000000000000000000|0|3|rt4_TMB-5_MAP_g1_00374.r24|2|1|RICH|604|0|2420|0000000000000000000000000000000000000000000000000000000000000000|RICH|1|604|DISP=ACCEPT_INSTALL|DETAIL=rt3_map_g1
0000000000000000000000000000000000000000000000000000000000000000|0000000000000000000000000000000000000000000000000000000000000000|0|3|rt4_TMB-5_MAP_g1_00375.r24|2|1|RICH|606|0|2420|0000000000000000000000000000000000000000000000000000000000000000|RICH|1|606|DISP=ACCEPT_INSTALL|DETAIL=rt3_map_g1
0000000000000000000000000000000000000000000000000000000000000000|0000000000000000000000000000000000000000000000000000000000000000|0|3|rt4_TMB-5_MAP_g1_00376.r24|2|1|RICH|608|0|2420|0000000000000000000000000000000000000000000000000000000000000000|RICH|1|608|DISP=ACCEPT_INSTALL|DETAIL=rt3_map_g1
0000000000000000000000000000000000000000000000000000000000000000|0000000000000000000000000000000000000000000000000000000000000000|0|3|rt4_TMB-5_MAP_g1_00377.r24|2|1|RICH|610|0|2420|0000000000000000000000000000000000000000000000000000000000000000|RICH|1|610|DISP=ACCEPT_INSTALL|DETAIL=rt3_map_g1
0000000000000000000000000000000000000000000000000000000000000000|0000000000000000000000000000000000000000000000000000000000000000|0|3|rt4_TMB-5_MAP_g1_00378.r24|2|1|RICH|612|0|2420|0000000000000000000000000000000000000000000000000000000000000000|RICH|1|612|DISP=ACCEPT_INSTALL|DETAIL=rt3_map_g1
0000000000000000000000000000000000000000000000000000000000000000|0000000000000000000000000000000000000000000000000000000000000000|0|3|rt4_TMB-5_MAP_g1_00379.r24|2|1|RICH|614|0|2420|0000000000000000000000000000000000000000000000000000000000000000|RICH|1|614|DISP=ACCEPT_INSTALL|DETAIL=rt3_map_g1
0000000000000000000000000000000000000000000000000000000000000000|0000000000000000000000000000000000000000000000000000000000000000|0|3|rt4_TMB-5_MAP_g1_00380.r24|2|1|RICH|616|0|2420|0000000000000000000000000000000000000000000000000000000000000000|RICH|1|616|DISP=ACCEPT_INSTALL|DETAIL=rt3_map_g1
0000000000000000000000000000000000000000000000000000000000000000|0000000000000000000000000000000000000000000000000000000000000000|0|3|rt4_TMB-5_MAP_g1_00381.r24|2|1|RICH|618|0|2420|0000000000000000000000000000000000000000000000000000000000000000|RICH|1|618|DISP=ACCEPT_INSTALL|DETAIL=rt3_map_g1
0000000000000000000000000000000000000000000000000000000000000000|0000000000000000000000000000000000000000000000000000000000000000|0|3|rt4_TMB-5_MAP_g1_00382.r24|2|1|RICH|620|0|2420|0000000000000000000000000000000000000000000000000000000000000000|RICH|1|620|DISP=ACCEPT_INSTALL|DETAIL=rt3_map_g1
0000000000000000000000000000000000000000000000000000000000000000|0000000000000000000000000000000000000000000000000000000000000000|0|3|rt4_TMB-5_MAP_g1_00383.r24|2|1|RICH|622|0|2420|0000000000000000000000000000000000000000000000000000000000000000|RICH|1|622|DISP=ACCEPT_INSTALL|DETAIL=rt3_map_g1
0000000000000000000000000000000000000000000000000000000000000000|0000000000000000000000000000000000000000000000000000000000000000|0|3|rt4_TMB-5_MAP_g1_00384.r24|2|1|RICH|624|0|2420|0000000000000000000000000000000000000000000000000000000000000000|RICH|1|624|DISP=ACCEPT_INSTALL|DETAIL=rt3_map_g1
0000000000000000000000000000000000000000000000000000000000000000|0000000000000000000000000000000000000000000000000000000000000000|0|3|rt4_TMB-5_MAP_g1_00385.r24|2|1|RICH|626|0|2420|0000000000000000000000000000000000000000000000000000000000000000|RICH|1|626|DISP=ACCEPT_INSTALL|DETAIL=rt3_map_g1
0000000000000000000000000000000000000000000000000000000000000000|0000000000000000000000000000000000000000000000000000000000000000|0|3|rt4_TMB-5_MAP_g1_00386.r24|2|1|RICH|628|0|2420|0000000000000000000000000000000000000000000000000000000000000000|RICH|1|628|DISP=ACCEPT_INSTALL|DETAIL=rt3_map_g1
0000000000000000000000000000000000000000000000000000000000000000|0000000000000000000000000000000000000000000000000000000000000000|0|3|rt4_TMB-5_MAP_g1_00387.r24|2|1|RICH|630|0|2420|0000000000000000000000000000000000000000000000000000000000000000|RICH|1|630|DISP=ACCEPT_INSTALL|DETAIL=rt3_map_g1
0000000000000000000000000000000000000000000000000000000000000000|0000000000000000000000000000000000000000000000000000000000000000|0|3|rt4_TMB-5_MAP_g1_00388.r24|2|1|RICH|632|0|2420|0000000000000000000000000000000000000000000000000000000000000000|RICH|1|632|DISP=ACCEPT_INSTALL|DETAIL=rt3_map_g1
0000000000000000000000000000000000000000000000000000000000000000|0000000000000000000000000000000000000000000000000000000000000000|0|3|rt4_TMB-5_MAP_g1_00389.r24|2|1|RICH|634|0|2420|0000000000000000000000000000000000000000000000000000000000000000|RICH|1|634|DISP=ACCEPT_INSTALL|DETAIL=rt3_map_g1
0000000000000000000000000000000000000000000000000000000000000000|0000000000000000000000000000000000000000000000000000000000000000|0|3|rt4_TMB-5_MAP_g1_00390.r24|2|1|RICH|636|0|2420|0000000000000000000000000000000000000000000000000000000000000000|RICH|1|636|DISP=ACCEPT_INSTALL|DETAIL=rt3_map_g1
0000000000000000000000000000000000000000000000000000000000000000|0000000000000000000000000000000000000000000000000000000000000000|0|3|rt4_TMB-5_MAP_g1_00391.r24|2|1|RICH|638|0|2420|0000000000000000000000000000000000000000000000000000000000000000|RICH|1|638|DISP=ACCEPT_INSTALL|DETAIL=rt3_map_g1
0000000000000000000000000000000000000000000000000000000000000000|0000000000000000000000000000000000000000000000000000000000000000|0|3|rt4_TMB-5_MAP_g1_00392.r24|2|1|RICH|640|0|2420|0000000000000000000000000000000000000000000000000000000000000000|RICH|1|640|DISP=ACCEPT_INSTALL|DETAIL=rt3_map_g1
0000000000000000000000000000000000000000000000000000000000000000|0000000000000000000000000000000000000000000000000000000000000000|0|3|rt4_TMB-5_MAP_g1_00393.r24|2|1|RICH|642|0|2420|0000000000000000000000000000000000000000000000000000000000000000|RICH|1|642|DISP=ACCEPT_INSTALL|DETAIL=rt3_map_g1
0000000000000000000000000000000000000000000000000000000000000000|0000000000000000000000000000000000000000000000000000000000000000|0|3|rt4_TMB-5_MAP_g1_00394.r24|2|1|RICH|644|0|2420|0000000000000000000000000000000000000000000000000000000000000000|RICH|1|644|DISP=ACCEPT_INSTALL|DETAIL=rt3_map_g1
0000000000000000000000000000000000000000000000000000000000000000|0000000000000000000000000000000000000000000000000000000000000000|0|3|rt4_TMB-5_MAP_g1_00395.r24|2|1|RICH|646|0|2420|0000000000000000000000000000000000000000000000000000000000000000|RICH|1|646|DISP=ACCEPT_INSTALL|DETAIL=rt3_map_g1
0000000000000000000000000000000000000000000000000000000000000000|0000000000000000000000000000000000000000000000000000000000000000|0|3|rt4_TMB-5_MAP_g1_00396.r24|2|1|RICH|648|0|2420|0000000000000000000000000000000000000000000000000000000000000000|RICH|1|648|DISP=ACCEPT_INSTALL|DETAIL=rt3_map_g1
0000000000000000000000000000000000000000000000000000000000000000|0000000000000000000000000000000000000000000000000000000000000000|0|3|rt4_TMB-5_MAP_g1_00397.r24|2|1|RICH|650|0|2420|0000000000000000000000000000000000000000000000000000000000000000|RICH|1|650|DISP=ACCEPT_INSTALL|DETAIL=rt3_map_g1
0000000000000000000000000000000000000000000000000000000000000000|0000000000000000000000000000000000000000000000000000000000000000|0|3|rt4_TMB-5_MAP_g1_00398.r24|2|1|RICH|652|0|2420|0000000000000000000000000000000000000000000000000000000000000000|RICH|1|652|DISP=ACCEPT_INSTALL|DETAIL=rt3_map_g1
0000000000000000000000000000000000000000000000000000000000000000|0000000000000000000000000000000000000000000000000000000000000000|0|3|rt4_TMB-5_MAP_g1_00399.r24|2|1|RICH|654|0|2420|0000000000000000000000000000000000000000000000000000000000000000|RICH|1|654|DISP=ACCEPT_INSTALL|DETAIL=rt3_map_g1
0000000000000000000000000000000000000000000000000000000000000000|0000000000000000000000000000000000000000000000000000000000000000|0|3|rt4_TMB-5_MAP_g1_00400.r24|2|1|RICH|656|0|2420|0000000000000000000000000000000000000000000000000000000000000000|RICH|1|656|DISP=ACCEPT_INSTALL|DETAIL=rt3_map_g1
0000000000000000000000000000000000000000000000000000000000000000|0000000000000000000000000000000000000000000000000000000000000000|0|3|rt4_TMB-5_MAP_g1_00401.r24|2|1|RICH|658|0|2420|0000000000000000000000000000000000000000000000000000000000000000|RICH|1|658|DISP=ACCEPT_INSTALL|DETAIL=rt3_map_g1
0000000000000000000000000000000000000000000000000000000000000000|0000000000000000000000000000000000000000000000000000000000000000|0|3|rt4_TMB-5_MAP_g1_00402.r24|2|1|RICH|660|0|2420|0000000000000000000000000000000000000000000000000000000000000000|RICH|1|660|DISP=ACCEPT_INSTALL|DETAIL=rt3_map_g1
0000000000000000000000000000000000000000000000000000000000000000|0000000000000000000000000000000000000000000000000000000000000000|0|3|rt4_TMB-5_MAP_g1_00403.r24|2|1|RICH|662|0|2420|0000000000000000000000000000000000000000000000000000000000000000|RICH|1|662|DISP=ACCEPT_INSTALL|DETAIL=rt3_map_g1
0000000000000000000000000000000000000000000000000000000000000000|0000000000000000000000000000000000000000000000000000000000000000|0|3|rt4_TMB-5_MAP_g1_00404.r24|2|1|RICH|664|0|2420|0000000000000000000000000000000000000000000000000000000000000000|RICH|1|664|DISP=ACCEPT_INSTALL|DETAIL=rt3_map_g1
0000000000000000000000000000000000000000000000000000000000000000|0000000000000000000000000000000000000000000000000000000000000000|0|3|rt4_TMB-5_MAP_g1_00405.r24|2|1|RICH|666|0|2420|0000000000000000000000000000000000000000000000000000000000000000|RICH|1|666|DISP=ACCEPT_INSTALL|DETAIL=rt3_map_g1
0000000000000000000000000000000000000000000000000000000000000000|0000000000000000000000000000000000000000000000000000000000000000|0|3|rt4_TMB-5_MAP_g1_00406.r24|2|1|RICH|668|0|2420|0000000000000000000000000000000000000000000000000000000000000000|RICH|1|668|DISP=ACCEPT_INSTALL|DETAIL=rt3_map_g1
0000000000000000000000000000000000000000000000000000000000000000|0000000000000000000000000000000000000000000000000000000000000000|0|3|rt4_TMB-5_MAP_g1_00407.r24|2|1|RICH|670|0|2420|0000000000000000000000000000000000000000000000000000000000000000|RICH|1|670|DISP=ACCEPT_INSTALL|DETAIL=rt3_map_g1
0000000000000000000000000000000000000000000000000000000000000000|0000000000000000000000000000000000000000000000000000000000000000|0|3|rt4_TMB-5_MAP_g1_00408.r24|2|1|RICH|672|0|2420|0000000000000000000000000000000000000000000000000000000000000000|RICH|1|672|DISP=ACCEPT_INSTALL|DETAIL=rt3_map_g1
0000000000000000000000000000000000000000000000000000000000000000|0000000000000000000000000000000000000000000000000000000000000000|0|3|rt4_TMB-5_MAP_g1_00409.r24|2|1|RICH|674|0|2420|0000000000000000000000000000000000000000000000000000000000000000|RICH|1|674|DISP=ACCEPT_INSTALL|DETAIL=rt3_map_g1
0000000000000000000000000000000000000000000000000000000000000000|0000000000000000000000000000000000000000000000000000000000000000|0|3|rt4_TMB-5_MAP_g1_00410.r24|2|1|RICH|676|0|2420|0000000000000000000000000000000000000000000000000000000000000000|RICH|1|676|DISP=ACCEPT_INSTALL|DETAIL=rt3_map_g1
0000000000000000000000000000000000000000000000000000000000000000|0000000000000000000000000000000000000000000000000000000000000000|0|3|rt4_TMB-5_MAP_g1_00411.r24|2|1|RICH|678|0|2420|0000000000000000000000000000000000000000000000000000000000000000|RICH|1|678|DISP=ACCEPT_INSTALL|DETAIL=rt3_map_g1
0000000000000000000000000000000000000000000000000000000000000000|0000000000000000000000000000000000000000000000000000000000000000|0|3|rt4_TMB-5_MAP_g1_00412.r24|2|1|RICH|680|0|2420|0000000000000000000000000000000000000000000000000000000000000000|RICH|1|680|DISP=ACCEPT_INSTALL|DETAIL=rt3_map_g1
0000000000000000000000000000000000000000000000000000000000000000|0000000000000000000000000000000000000000000000000000000000000000|0|3|rt4_TMB-5_MAP_g1_00413.r24|2|1|RICH|682|0|2420|0000000000000000000000000000000000000000000000000000000000000000|RICH|1|682|DISP=ACCEPT_INSTALL|DETAIL=rt3_map_g1
0000000000000000000000000000000000000000000000000000000000000000|0000000000000000000000000000000000000000000000000000000000000000|0|3|rt4_TMB-5_MAP_g1_00414.r24|2|1|RICH|684|0|2420|0000000000000000000000000000000000000000000000000000000000000000|RICH|1|684|DISP=ACCEPT_INSTALL|DETAIL=rt3_map_g1
0000000000000000000000000000000000000000000000000000000000000000|0000000000000000000000000000000000000000000000000000000000000000|0|3|rt4_TMB-5_MAP_g1_00415.r24|2|1|RICH|686|0|2420|0000000000000000000000000000000000000000000000000000000000000000|RICH|1|686|DISP=ACCEPT_INSTALL|DETAIL=rt3_map_g1
0000000000000000000000000000000000000000000000000000000000000000|0000000000000000000000000000000000000000000000000000000000000000|0|3|rt4_TMB-5_MAP_g1_00416.r24|2|1|RICH|688|0|2420|0000000000000000000000000000000000000000000000000000000000000000|RICH|1|688|DISP=ACCEPT_INSTALL|DETAIL=rt3_map_g1
0000000000000000000000000000000000000000000000000000000000000000|0000000000000000000000000000000000000000000000000000000000000000|0|3|rt4_TMB-5_MAP_g1_00417.r24|2|1|RICH|690|0|2420|0000000000000000000000000000000000000000000000000000000000000000|RICH|1|690|DISP=ACCEPT_INSTALL|DETAIL=rt3_map_g1
0000000000000000000000000000000000000000000000000000000000000000|0000000000000000000000000000000000000000000000000000000000000000|0|3|rt4_TMB-5_MAP_g1_00418.r24|2|1|RICH|692|0|2420|0000000000000000000000000000000000000000000000000000000000000000|RICH|1|692|DISP=ACCEPT_INSTALL|DETAIL=rt3_map_g1
0000000000000000000000000000000000000000000000000000000000000000|0000000000000000000000000000000000000000000000000000000000000000|0|3|rt4_TMB-5_MAP_g1_00419.r24|2|1|RICH|694|0|2420|0000000000000000000000000000000000000000000000000000000000000000|RICH|1|694|DISP=ACCEPT_INSTALL|DETAIL=rt3_map_g1
0000000000000000000000000000000000000000000000000000000000000000|0000000000000000000000000000000000000000000000000000000000000000|0|3|rt4_TMB-5_MAP_g1_00420.r24|2|1|RICH|696|0|2420|0000000000000000000000000000000000000000000000000000000000000000|RICH|1|696|DISP=ACCEPT_INSTALL|DETAIL=rt3_map_g1
0000000000000000000000000000000000000000000000000000000000000000|0000000000000000000000000000000000000000000000000000000000000000|0|3|rt4_TMB-5_MAP_g1_00421.r24|2|1|RICH|698|0|2420|0000000000000000000000000000000000000000000000000000000000000000|RICH|1|698|DISP=ACCEPT_INSTALL|DETAIL=rt3_map_g1
0000000000000000000000000000000000000000000000000000000000000000|0000000000000000000000000000000000000000000000000000000000000000|0|3|rt4_TMB-5_MAP_g1_00422.r24|2|1|RICH|700|0|2420|0000000000000000000000000000000000000000000000000000000000000000|RICH|1|700|DISP=ACCEPT_INSTALL|DETAIL=rt3_map_g1
0000000000000000000000000000000000000000000000000000000000000000|0000000000000000000000000000000000000000000000000000000000000000|0|3|rt4_TMB-5_MAP_g1_00423.r24|2|1|RICH|702|0|2420|0000000000000000000000000000000000000000000000000000000000000000|RICH|1|702|DISP=ACCEPT_INSTALL|DETAIL=rt3_map_g1
0000000000000000000000000000000000000000000000000000000000000000|0000000000000000000000000000000000000000000000000000000000000000|0|3|rt4_TMB-5_MAP_g1_00424.r24|2|1|RICH|704|0|2420|0000000000000000000000000000000000000000000000000000000000000000|RICH|1|704|DISP=ACCEPT_INSTALL|DETAIL=rt3_map_g1
0000000000000000000000000000000000000000000000000000000000000000|0000000000000000000000000000000000000000000000000000000000000000|0|3|rt4_TMB-5_MAP_g1_00425.r24|2|1|RICH|706|0|2420|0000000000000000000000000000000000000000000000000000000000000000|RICH|1|706|DISP=ACCEPT_INSTALL|DETAIL=rt3_map_g1
0000000000000000000000000000000000000000000000000000000000000000|0000000000000000000000000000000000000000000000000000000000000000|0|3|rt4_TMB-5_MAP_g1_00426.r24|2|1|RICH|708|0|2420|0000000000000000000000000000000000000000000000000000000000000000|RICH|1|708|DISP=ACCEPT_INSTALL|DETAIL=rt3_map_g1
0000000000000000000000000000000000000000000000000000000000000000|0000000000000000000000000000000000000000000000000000000000000000|0|3|rt4_TMB-5_MAP_g1_00427.r24|2|1|RICH|710|0|2420|0000000000000000000000000000000000000000000000000000000000000000|RICH|1|710|DISP=ACCEPT_INSTALL|DETAIL=rt3_map_g1
0000000000000000000000000000000000000000000000000000000000000000|0000000000000000000000000000000000000000000000000000000000000000|0|3|rt4_TMB-5_MAP_g1_00428.r24|2|1|RICH|712|0|2420|0000000000000000000000000000000000000000000000000000000000000000|RICH|1|712|DISP=ACCEPT_INSTALL|DETAIL=rt3_map_g1
0000000000000000000000000000000000000000000000000000000000000000|0000000000000000000000000000000000000000000000000000000000000000|0|3|rt4_TMB-5_MAP_g1_00429.r24|2|1|RICH|714|0|2420|0000000000000000000000000000000000000000000000000000000000000000|RICH|1|714|DISP=ACCEPT_INSTALL|DETAIL=rt3_map_g1
0000000000000000000000000000000000000000000000000000000000000000|0000000000000000000000000000000000000000000000000000000000000000|0|3|rt4_TMB-5_MAP_g1_00430.r24|2|1|RICH|716|0|2420|0000000000000000000000000000000000000000000000000000000000000000|RICH|1|716|DISP=ACCEPT_INSTALL|DETAIL=rt3_map_g1
0000000000000000000000000000000000000000000000000000000000000000|0000000000000000000000000000000000000000000000000000000000000000|0|3|rt4_TMB-5_MAP_g1_00431.r24|2|1|RICH|718|0|2420|0000000000000000000000000000000000000000000000000000000000000000|RICH|1|718|DISP=ACCEPT_INSTALL|DETAIL=rt3_map_g1
0000000000000000000000000000000000000000000000000000000000000000|0000000000000000000000000000000000000000000000000000000000000000|0|3|rt4_TMB-5_MAP_g1_00432.r24|2|1|RICH|720|0|2420|0000000000000000000000000000000000000000000000000000000000000000|RICH|1|720|DISP=ACCEPT_INSTALL|DETAIL=rt3_map_g1
0000000000000000000000000000000000000000000000000000000000000000|0000000000000000000000000000000000000000000000000000000000000000|0|3|rt4_TMB-5_MAP_g1_00433.r24|2|1|RICH|722|0|2420|0000000000000000000000000000000000000000000000000000000000000000|RICH|1|722|DISP=ACCEPT_INSTALL|DETAIL=rt3_map_g1
0000000000000000000000000000000000000000000000000000000000000000|0000000000000000000000000000000000000000000000000000000000000000|0|3|rt4_TMB-5_MAP_g1_00434.r24|2|1|RICH|724|0|2420|0000000000000000000000000000000000000000000000000000000000000000|RICH|1|724|DISP=ACCEPT_INSTALL|DETAIL=rt3_map_g1
0000000000000000000000000000000000000000000000000000000000000000|0000000000000000000000000000000000000000000000000000000000000000|0|3|rt4_TMB-5_MAP_g1_00435.r24|2|1|RICH|726|0|2420|0000000000000000000000000000000000000000000000000000000000000000|RICH|1|726|DISP=ACCEPT_INSTALL|DETAIL=rt3_map_g1
0000000000000000000000000000000000000000000000000000000000000000|0000000000000000000000000000000000000000000000000000000000000000|0|3|rt4_TMB-5_MAP_g1_00436.r24|2|1|RICH|728|0|2420|0000000000000000000000000000000000000000000000000000000000000000|RICH|1|728|DISP=ACCEPT_INSTALL|DETAIL=rt3_map_g1
0000000000000000000000000000000000000000000000000000000000000000|0000000000000000000000000000000000000000000000000000000000000000|0|3|rt4_TMB-5_MAP_g1_00437.r24|2|1|RICH|730|0|2420|0000000000000000000000000000000000000000000000000000000000000000|RICH|1|730|DISP=ACCEPT_INSTALL|DETAIL=rt3_map_g1
0000000000000000000000000000000000000000000000000000000000000000|0000000000000000000000000000000000000000000000000000000000000000|0|3|rt4_TMB-5_MAP_g1_00438.r24|2|1|RICH|732|0|2420|0000000000000000000000000000000000000000000000000000000000000000|RICH|1|732|DISP=ACCEPT_INSTALL|DETAIL=rt3_map_g1
0000000000000000000000000000000000000000000000000000000000000000|0000000000000000000000000000000000000000000000000000000000000000|0|3|rt4_TMB-5_MAP_g1_00439.r24|2|1|RICH|734|0|2420|0000000000000000000000000000000000000000000000000000000000000000|RICH|1|734|DISP=ACCEPT_INSTALL|DETAIL=rt3_map_g1
0000000000000000000000000000000000000000000000000000000000000000|0000000000000000000000000000000000000000000000000000000000000000|0|3|rt4_TMB-5_MAP_g1_00440.r24|2|1|RICH|736|0|2420|0000000000000000000000000000000000000000000000000000000000000000|RICH|1|736|DISP=ACCEPT_INSTALL|DETAIL=rt3_map_g1
0000000000000000000000000000000000000000000000000000000000000000|0000000000000000000000000000000000000000000000000000000000000000|0|3|rt4_TMB-5_MAP_g1_00441.r24|2|1|RICH|738|0|2420|0000000000000000000000000000000000000000000000000000000000000000|RICH|1|738|DISP=ACCEPT_INSTALL|DETAIL=rt3_map_g1
0000000000000000000000000000000000000000000000000000000000000000|0000000000000000000000000000000000000000000000000000000000000000|0|3|rt4_TMB-5_MAP_g1_00442.r24|2|1|RICH|740|0|2420|0000000000000000000000000000000000000000000000000000000000000000|RICH|1|740|DISP=ACCEPT_INSTALL|DETAIL=rt3_map_g1
0000000000000000000000000000000000000000000000000000000000000000|0000000000000000000000000000000000000000000000000000000000000000|0|3|rt4_TMB-5_MAP_g1_00443.r24|2|1|RICH|742|0|2420|0000000000000000000000000000000000000000000000000000000000000000|RICH|1|742|DISP=ACCEPT_INSTALL|DETAIL=rt3_map_g1
0000000000000000000000000000000000000000000000000000000000000000|0000000000000000000000000000000000000000000000000000000000000000|0|3|rt4_TMB-5_MAP_g1_00444.r24|2|1|RICH|744|0|2420|0000000000000000000000000000000000000000000000000000000000000000|RICH|1|744|DISP=ACCEPT_INSTALL|DETAIL=rt3_map_g1
0000000000000000000000000000000000000000000000000000000000000000|0000000000000000000000000000000000000000000000000000000000000000|0|3|rt4_TMB-5_MAP_g1_00445.r24|2|1|RICH|746|0|2420|0000000000000000000000000000000000000000000000000000000000000000|RICH|1|746|DISP=ACCEPT_INSTALL|DETAIL=rt3_map_g1
0000000000000000000000000000000000000000000000000000000000000000|0000000000000000000000000000000000000000000000000000000000000000|0|3|rt4_TMB-5_MAP_g1_00446.r24|2|1|RICH|748|0|2420|0000000000000000000000000000000000000000000000000000000000000000|RICH|1|748|DISP=ACCEPT_INSTALL|DETAIL=rt3_map_g1
0000000000000000000000000000000000000000000000000000000000000000|0000000000000000000000000000000000000000000000000000000000000000|0|3|rt4_TMB-5_MAP_g1_00447.r24|2|1|RICH|750|0|2420|0000000000000000000000000000000000000000000000000000000000000000|RICH|1|750|DISP=ACCEPT_INSTALL|DETAIL=rt3_map_g1
0000000000000000000000000000000000000000000000000000000000000000|0000000000000000000000000000000000000000000000000000000000000000|0|3|rt4_TMB-5_MAP_g1_00448.r24|2|1|RICH|752|0|2420|0000000000000000000000000000000000000000000000000000000000000000|RICH|1|752|DISP=ACCEPT_INSTALL|DETAIL=rt3_map_g1
0000000000000000000000000000000000000000000000000000000000000000|0000000000000000000000000000000000000000000000000000000000000000|0|3|rt4_TMB-5_MAP_g1_00449.r24|2|1|RICH|754|0|2420|0000000000000000000000000000000000000000000000000000000000000000|RICH|1|754|DISP=ACCEPT_INSTALL|DETAIL=rt3_map_g1
0000000000000000000000000000000000000000000000000000000000000000|0000000000000000000000000000000000000000000000000000000000000000|0|3|rt4_TMB-5_MAP_g1_00450.r24|2|1|RICH|756|0|2420|0000000000000000000000000000000000000000000000000000000000000000|RICH|1|756|DISP=ACCEPT_INSTALL|DETAIL=rt3_map_g1
0000000000000000000000000000000000000000000000000000000000000000|0000000000000000000000000000000000000000000000000000000000000000|0|3|rt4_TMB-5_MAP_g1_00451.r24|2|1|RICH|758|0|2420|0000000000000000000000000000000000000000000000000000000000000000|RICH|1|758|DISP=ACCEPT_INSTALL|DETAIL=rt3_map_g1
0000000000000000000000000000000000000000000000000000000000000000|0000000000000000000000000000000000000000000000000000000000000000|0|3|rt4_TMB-5_MAP_g1_00452.r24|2|1|RICH|760|0|2420|0000000000000000000000000000000000000000000000000000000000000000|RICH|1|760|DISP=ACCEPT_INSTALL|DETAIL=rt3_map_g1
0000000000000000000000000000000000000000000000000000000000000000|0000000000000000000000000000000000000000000000000000000000000000|0|3|rt4_TMB-5_MAP_g1_00453.r24|2|1|RICH|762|0|2420|0000000000000000000000000000000000000000000000000000000000000000|RICH|1|762|DISP=ACCEPT_INSTALL|DETAIL=rt3_map_g1
0000000000000000000000000000000000000000000000000000000000000000|0000000000000000000000000000000000000000000000000000000000000000|0|3|rt4_TMB-5_MAP_g1_00454.r24|2|1|RICH|764|0|2420|0000000000000000000000000000000000000000000000000000000000000000|RICH|1|764|DISP=ACCEPT_INSTALL|DETAIL=rt3_map_g1
0000000000000000000000000000000000000000000000000000000000000000|0000000000000000000000000000000000000000000000000000000000000000|0|3|rt4_TMB-5_MAP_g1_00455.r24|2|1|RICH|766|0|2420|0000000000000000000000000000000000000000000000000000000000000000|RICH|1|766|DISP=ACCEPT_INSTALL|DETAIL=rt3_map_g1
0000000000000000000000000000000000000000000000000000000000000000|0000000000000000000000000000000000000000000000000000000000000000|0|3|rt4_TMB-5_MAP_g1_00456.r24|2|1|RICH|768|0|2420|0000000000000000000000000000000000000000000000000000000000000000|RICH|1|768|DISP=ACCEPT_INSTALL|DETAIL=rt3_map_g1
0000000000000000000000000000000000000000000000000000000000000000|0000000000000000000000000000000000000000000000000000000000000000|0|3|rt4_TMB-5_MAP_g1_00457.r24|2|1|RICH|770|0|2420|0000000000000000000000000000000000000000000000000000000000000000|RICH|1|770|DISP=ACCEPT_INSTALL|DETAIL=rt3_map_g1
0000000000000000000000000000000000000000000000000000000000000000|0000000000000000000000000000000000000000000000000000000000000000|0|3|rt4_TMB-5_MAP_g1_00458.r24|2|1|RICH|772|0|2420|0000000000000000000000000000000000000000000000000000000000000000|RICH|1|772|DISP=ACCEPT_INSTALL|DETAIL=rt3_map_g1
0000000000000000000000000000000000000000000000000000000000000000|0000000000000000000000000000000000000000000000000000000000000000|0|3|rt4_TMB-5_MAP_g1_00459.r24|2|1|RICH|774|0|2420|0000000000000000000000000000000000000000000000000000000000000000|RICH|1|774|DISP=ACCEPT_INSTALL|DETAIL=rt3_map_g1
0000000000000000000000000000000000000000000000000000000000000000|0000000000000000000000000000000000000000000000000000000000000000|0|3|rt4_TMB-5_MAP_g1_00460.r24|2|1|RICH|776|0|2420|0000000000000000000000000000000000000000000000000000000000000000|RICH|1|776|DISP=ACCEPT_INSTALL|DETAIL=rt3_map_g1
0000000000000000000000000000000000000000000000000000000000000000|0000000000000000000000000000000000000000000000000000000000000000|0|3|rt4_TMB-5_MAP_g1_00461.r24|2|1|RICH|778|0|2420|0000000000000000000000000000000000000000000000000000000000000000|RICH|1|778|DISP=ACCEPT_INSTALL|DETAIL=rt3_map_g1
0000000000000000000000000000000000000000000000000000000000000000|0000000000000000000000000000000000000000000000000000000000000000|0|3|rt4_TMB-5_MAP_g1_00462.r24|2|1|RICH|780|0|2420|0000000000000000000000000000000000000000000000000000000000000000|RICH|1|780|DISP=ACCEPT_INSTALL|DETAIL=rt3_map_g1
0000000000000000000000000000000000000000000000000000000000000000|0000000000000000000000000000000000000000000000000000000000000000|0|3|rt4_TMB-5_MAP_g1_00463.r24|2|1|RICH|782|0|2420|0000000000000000000000000000000000000000000000000000000000000000|RICH|1|782|DISP=ACCEPT_INSTALL|DETAIL=rt3_map_g1
0000000000000000000000000000000000000000000000000000000000000000|0000000000000000000000000000000000000000000000000000000000000000|0|3|rt4_TMB-5_MAP_g1_00464.r24|2|1|RICH|784|0|2420|0000000000000000000000000000000000000000000000000000000000000000|RICH|1|784|DISP=ACCEPT_INSTALL|DETAIL=rt3_map_g1
0000000000000000000000000000000000000000000000000000000000000000|0000000000000000000000000000000000000000000000000000000000000000|0|3|rt4_TMB-5_MAP_g1_00465.r24|2|1|RICH|786|0|2420|0000000000000000000000000000000000000000000000000000000000000000|RICH|1|786|DISP=ACCEPT_INSTALL|DETAIL=rt3_map_g1
0000000000000000000000000000000000000000000000000000000000000000|0000000000000000000000000000000000000000000000000000000000000000|0|3|rt4_TMB-5_MAP_g1_00466.r24|2|1|RICH|788|0|2420|0000000000000000000000000000000000000000000000000000000000000000|RICH|1|788|DISP=ACCEPT_INSTALL|DETAIL=rt3_map_g1
0000000000000000000000000000000000000000000000000000000000000000|0000000000000000000000000000000000000000000000000000000000000000|0|3|rt4_TMB-5_MAP_g1_00467.r24|2|1|RICH|790|0|2420|0000000000000000000000000000000000000000000000000000000000000000|RICH|1|790|DISP=ACCEPT_INSTALL|DETAIL=rt3_map_g1
0000000000000000000000000000000000000000000000000000000000000000|0000000000000000000000000000000000000000000000000000000000000000|0|3|rt4_TMB-5_MAP_g1_00468.r24|2|1|RICH|792|0|2420|0000000000000000000000000000000000000000000000000000000000000000|RICH|1|792|DISP=ACCEPT_INSTALL|DETAIL=rt3_map_g1
0000000000000000000000000000000000000000000000000000000000000000|0000000000000000000000000000000000000000000000000000000000000000|0|3|rt4_TMB-5_MAP_g1_00469.r24|2|1|RICH|794|0|2420|0000000000000000000000000000000000000000000000000000000000000000|RICH|1|794|DISP=ACCEPT_INSTALL|DETAIL=rt3_map_g1
0000000000000000000000000000000000000000000000000000000000000000|0000000000000000000000000000000000000000000000000000000000000000|0|3|rt4_TMB-5_MAP_g1_00470.r24|2|1|RICH|796|0|2420|0000000000000000000000000000000000000000000000000000000000000000|RICH|1|796|DISP=ACCEPT_INSTALL|DETAIL=rt3_map_g1
0000000000000000000000000000000000000000000000000000000000000000|0000000000000000000000000000000000000000000000000000000000000000|0|3|rt4_TMB-5_MAP_g1_00471.r24|2|1|RICH|798|0|2420|0000000000000000000000000000000000000000000000000000000000000000|RICH|1|798|DISP=ACCEPT_INSTALL|DETAIL=rt3_map_g1
0000000000000000000000000000000000000000000000000000000000000000|0000000000000000000000000000000000000000000000000000000000000000|0|3|rt4_TMB-5_MAP_g1_00472.r24|2|1|RICH|800|0|2420|0000000000000000000000000000000000000000000000000000000000000000|RICH|1|800|DISP=ACCEPT_INSTALL|DETAIL=rt3_map_g1
0000000000000000000000000000000000000000000000000000000000000000|0000000000000000000000000000000000000000000000000000000000000000|0|3|rt4_TMB-5_MAP_g1_00473.r24|2|1|RICH|802|0|2420|0000000000000000000000000000000000000000000000000000000000000000|RICH|1|802|DISP=ACCEPT_INSTALL|DETAIL=rt3_map_g1
0000000000000000000000000000000000000000000000000000000000000000|0000000000000000000000000000000000000000000000000000000000000000|0|3|rt4_TMB-5_MAP_g1_00474.r24|2|1|RICH|804|0|2420|0000000000000000000000000000000000000000000000000000000000000000|RICH|1|804|DISP=ACCEPT_INSTALL|DETAIL=rt3_map_g1
0000000000000000000000000000000000000000000000000000000000000000|0000000000000000000000000000000000000000000000000000000000000000|0|3|rt4_TMB-5_MAP_g1_00475.r24|2|1|RICH|806|0|2420|0000000000000000000000000000000000000000000000000000000000000000|RICH|1|806|DISP=ACCEPT_INSTALL|DETAIL=rt3_map_g1
0000000000000000000000000000000000000000000000000000000000000000|0000000000000000000000000000000000000000000000000000000000000000|0|3|rt4_TMB-5_MAP_g1_00476.r24|2|1|RICH|808|0|2420|0000000000000000000000000000000000000000000000000000000000000000|RICH|1|808|DISP=ACCEPT_INSTALL|DETAIL=rt3_map_g1
0000000000000000000000000000000000000000000000000000000000000000|0000000000000000000000000000000000000000000000000000000000000000|0|3|rt4_TMB-5_MAP_g1_00477.r24|2|1|RICH|810|0|2420|0000000000000000000000000000000000000000000000000000000000000000|RICH|1|810|DISP=ACCEPT_INSTALL|DETAIL=rt3_map_g1
0000000000000000000000000000000000000000000000000000000000000000|0000000000000000000000000000000000000000000000000000000000000000|0|3|rt4_TMB-5_MAP_g1_00478.r24|2|1|RICH|812|0|2420|0000000000000000000000000000000000000000000000000000000000000000|RICH|1|812|DISP=ACCEPT_INSTALL|DETAIL=rt3_map_g1
0000000000000000000000000000000000000000000000000000000000000000|0000000000000000000000000000000000000000000000000000000000000000|0|3|rt4_TMB-5_MAP_g1_00479.r24|2|1|RICH|814|0|2420|0000000000000000000000000000000000000000000000000000000000000000|RICH|1|814|DISP=ACCEPT_INSTALL|DETAIL=rt3_map_g1
0000000000000000000000000000000000000000000000000000000000000000|0000000000000000000000000000000000000000000000000000000000000000|0|3|rt4_TMB-5_MAP_g1_00480.r24|2|1|RICH|816|0|2420|0000000000000000000000000000000000000000000000000000000000000000|RICH|1|816|DISP=ACCEPT_INSTALL|DETAIL=rt3_map_g1
0000000000000000000000000000000000000000000000000000000000000000|0000000000000000000000000000000000000000000000000000000000000000|0|3|rt4_TMB-5_MAP_g1_00481.r24|2|1|RICH|818|0|2420|0000000000000000000000000000000000000000000000000000000000000000|RICH|1|818|DISP=ACCEPT_INSTALL|DETAIL=rt3_map_g1
0000000000000000000000000000000000000000000000000000000000000000|0000000000000000000000000000000000000000000000000000000000000000|0|3|rt4_TMB-5_MAP_g1_00482.r24|2|1|RICH|820|0|2420|0000000000000000000000000000000000000000000000000000000000000000|RICH|1|820|DISP=ACCEPT_INSTALL|DETAIL=rt3_map_g1
0000000000000000000000000000000000000000000000000000000000000000|0000000000000000000000000000000000000000000000000000000000000000|0|3|rt4_TMB-5_MAP_g1_00483.r24|2|1|RICH|822|0|2420|0000000000000000000000000000000000000000000000000000000000000000|RICH|1|822|DISP=ACCEPT_INSTALL|DETAIL=rt3_map_g1
0000000000000000000000000000000000000000000000000000000000000000|0000000000000000000000000000000000000000000000000000000000000000|0|3|rt4_TMB-5_MAP_g1_00484.r24|2|1|RICH|824|0|2420|0000000000000000000000000000000000000000000000000000000000000000|RICH|1|824|DISP=ACCEPT_INSTALL|DETAIL=rt3_map_g1
0000000000000000000000000000000000000000000000000000000000000000|0000000000000000000000000000000000000000000000000000000000000000|0|3|rt4_TMB-5_MAP_g1_00485.r24|2|1|RICH|826|0|2420|0000000000000000000000000000000000000000000000000000000000000000|RICH|1|826|DISP=ACCEPT_INSTALL|DETAIL=rt3_map_g1
0000000000000000000000000000000000000000000000000000000000000000|0000000000000000000000000000000000000000000000000000000000000000|0|3|rt4_TMB-5_MAP_g1_00486.r24|2|1|RICH|828|0|2420|0000000000000000000000000000000000000000000000000000000000000000|RICH|1|828|DISP=ACCEPT_INSTALL|DETAIL=rt3_map_g1
0000000000000000000000000000000000000000000000000000000000000000|0000000000000000000000000000000000000000000000000000000000000000|0|3|rt4_TMB-5_MAP_g1_00487.r24|2|1|RICH|830|0|2420|0000000000000000000000000000000000000000000000000000000000000000|RICH|1|830|DISP=ACCEPT_INSTALL|DETAIL=rt3_map_g1
0000000000000000000000000000000000000000000000000000000000000000|0000000000000000000000000000000000000000000000000000000000000000|0|3|rt4_TMB-5_MAP_g1_00488.r24|2|1|RICH|832|0|2420|0000000000000000000000000000000000000000000000000000000000000000|RICH|1|832|DISP=ACCEPT_INSTALL|DETAIL=rt3_map_g1
0000000000000000000000000000000000000000000000000000000000000000|0000000000000000000000000000000000000000000000000000000000000000|0|3|rt4_TMB-5_MAP_g1_00489.r24|2|1|RICH|834|0|2420|0000000000000000000000000000000000000000000000000000000000000000|RICH|1|834|DISP=ACCEPT_INSTALL|DETAIL=rt3_map_g1
0000000000000000000000000000000000000000000000000000000000000000|0000000000000000000000000000000000000000000000000000000000000000|0|3|rt4_TMB-5_MAP_g1_00490.r24|2|1|RICH|836|0|2420|0000000000000000000000000000000000000000000000000000000000000000|RICH|1|836|DISP=ACCEPT_INSTALL|DETAIL=rt3_map_g1
0000000000000000000000000000000000000000000000000000000000000000|0000000000000000000000000000000000000000000000000000000000000000|0|3|rt4_TMB-5_MAP_g1_00491.r24|2|1|RICH|838|0|2420|0000000000000000000000000000000000000000000000000000000000000000|RICH|1|838|DISP=ACCEPT_INSTALL|DETAIL=rt3_map_g1
0000000000000000000000000000000000000000000000000000000000000000|0000000000000000000000000000000000000000000000000000000000000000|0|3|rt4_TMB-5_MAP_g1_00492.r24|2|1|RICH|840|0|2420|0000000000000000000000000000000000000000000000000000000000000000|RICH|1|840|DISP=ACCEPT_INSTALL|DETAIL=rt3_map_g1
0000000000000000000000000000000000000000000000000000000000000000|0000000000000000000000000000000000000000000000000000000000000000|0|3|rt4_TMB-5_MAP_g1_00493.r24|2|1|RICH|842|0|2420|0000000000000000000000000000000000000000000000000000000000000000|RICH|1|842|DISP=ACCEPT_INSTALL|DETAIL=rt3_map_g1
0000000000000000000000000000000000000000000000000000000000000000|0000000000000000000000000000000000000000000000000000000000000000|0|3|rt4_TMB-5_MAP_g1_00494.r24|2|1|RICH|844|0|2420|0000000000000000000000000000000000000000000000000000000000000000|RICH|1|844|DISP=ACCEPT_INSTALL|DETAIL=rt3_map_g1
0000000000000000000000000000000000000000000000000000000000000000|0000000000000000000000000000000000000000000000000000000000000000|0|3|rt4_TMB-5_MAP_g1_00495.r24|2|1|RICH|846|0|2420|0000000000000000000000000000000000000000000000000000000000000000|RICH|1|846|DISP=ACCEPT_INSTALL|DETAIL=rt3_map_g1
0000000000000000000000000000000000000000000000000000000000000000|0000000000000000000000000000000000000000000000000000000000000000|0|3|rt4_TMB-5_MAP_g1_00496.r24|2|1|RICH|848|0|2420|0000000000000000000000000000000000000000000000000000000000000000|RICH|1|848|DISP=ACCEPT_INSTALL|DETAIL=rt3_map_g1
0000000000000000000000000000000000000000000000000000000000000000|0000000000000000000000000000000000000000000000000000000000000000|0|3|rt4_TMB-5_MAP_g1_00497.r24|2|1|RICH|850|0|2420|0000000000000000000000000000000000000000000000000000000000000000|RICH|1|850|DISP=ACCEPT_INSTALL|DETAIL=rt3_map_g1
0000000000000000000000000000000000000000000000000000000000000000|0000000000000000000000000000000000000000000000000000000000000000|0|3|rt4_TMB-5_MAP_g1_00498.r24|2|1|RICH|852|0|2420|0000000000000000000000000000000000000000000000000000000000000000|RICH|1|852|DISP=ACCEPT_INSTALL|DETAIL=rt3_map_g1
0000000000000000000000000000000000000000000000000000000000000000|0000000000000000000000000000000000000000000000000000000000000000|0|3|rt4_TMB-5_MAP_g1_00499.r24|2|1|RICH|854|0|2420|0000000000000000000000000000000000000000000000000000000000000000|RICH|1|854|DISP=ACCEPT_INSTALL|DETAIL=rt3_map_g1
