0000000000000000000000000000000000000000000000000000000000000000|0000000000000000000000000000000000000000000000000000000000000000|0|3|rt4_TMB-5_MAP_g2_00279.r24|2|1|RICH|702|0|860|0000000000000000000000000000000000000000000000000000000000000000|RICH|1|702|DISP=ACCEPT_INSTALL|DETAIL=rt3_map_g2
0000000000000000000000000000000000000000000000000000000000000000|0000000000000000000000000000000000000000000000000000000000000000|0|3|rt4_TMB-5_MAP_g2_00280.r24|2|1|RICH|704|0|860|0000000000000000000000000000000000000000000000000000000000000000|RICH|1|704|DISP=ACCEPT_INSTALL|DETAIL=rt3_map_g2
0000000000000000000000000000000000000000000000000000000000000000|0000000000000000000000000000000000000000000000000000000000000000|0|3|rt4_TMB-5_MAP_g2_00281.r24|2|1|RICH|706|0|860|0000000000000000000000000000000000000000000000000000000000000000|RICH|1|706|DISP=ACCEPT_INSTALL|DETAIL=rt3_map_g2
0000000000000000000000000000000000000000000000000000000000000000|0000000000000000000000000000000000000000000000000000000000000000|0|3|rt4_TMB-5_MAP_g2_00282.r24|2|1|RICH|708|0|860|0000000000000000000000000000000000000000000000000000000000000000|RICH|1|708|DISP=ACCEPT_INSTALL|DETAIL=rt3_map_g2
0000000000000000000000000000000000000000000000000000000000000000|0000000000000000000000000000000000000000000000000000000000000000|0|3|rt4_TMB-5_MAP_g2_00283.r24|2|1|RICH|710|0|860|0000000000000000000000000000000000000000000000000000000000000000|RICH|1|710|DISP=ACCEPT_INSTALL|DETAIL=rt3_map_g2
0000000000000000000000000000000000000000000000000000000000000000|0000000000000000000000000000000000000000000000000000000000000000|0|3|rt4_TMB-5_MAP_g2_00284.r24|2|1|RICH|712|0|860|0000000000000000000000000000000000000000000000000000000000000000|RICH|1|712|DISP=ACCEPT_INSTALL|DETAIL=rt3_map_g2
0000000000000000000000000000000000000000000000000000000000000000|0000000000000000000000000000000000000000000000000000000000000000|0|3|rt4_TMB-5_MAP_g2_00285.r24|2|1|RICH|714|0|860|0000000000000000000000000000000000000000000000000000000000000000|RICH|1|714|DISP=ACCEPT_INSTALL|DETAIL=rt3_map_g2
0000000000000000000000000000000000000000000000000000000000000000|0000000000000000000000000000000000000000000000000000000000000000|0|3|rt4_TMB-5_MAP_g2_00286.r24|2|1|RICH|716|0|860|0000000000000000000000000000000000000000000000000000000000000000|RICH|1|716|DISP=ACCEPT_INSTALL|DETAIL=rt3_map_g2
0000000000000000000000000000000000000000000000000000000000000000|0000000000000000000000000000000000000000000000000000000000000000|0|3|rt4_TMB-5_MAP_g2_00287.r24|2|1|RICH|718|0|860|0000000000000000000000000000000000000000000000000000000000000000|RICH|1|718|DISP=ACCEPT_INSTALL|DETAIL=rt3_map_g2
0000000000000000000000000000000000000000000000000000000000000000|0000000000000000000000000000000000000000000000000000000000000000|0|3|rt4_TMB-5_MAP_g2_00288.r24|2|1|RICH|720|0|860|0000000000000000000000000000000000000000000000000000000000000000|RICH|1|720|DISP=ACCEPT_INSTALL|DETAIL=rt3_map_g2
0000000000000000000000000000000000000000000000000000000000000000|0000000000000000000000000000000000000000000000000000000000000000|0|3|rt4_TMB-5_MAP_g2_00289.r24|2|1|RICH|722|0|860|0000000000000000000000000000000000000000000000000000000000000000|RICH|1|722|DISP=ACCEPT_INSTALL|DETAIL=rt3_map_g2
0000000000000000000000000000000000000000000000000000000000000000|0000000000000000000000000000000000000000000000000000000000000000|0|3|rt4_TMB-5_MAP_g2_00290.r24|2|1|RICH|724|0|860|0000000000000000000000000000000000000000000000000000000000000000|RICH|1|724|DISP=ACCEPT_INSTALL|DETAIL=rt3_map_g2
0000000000000000000000000000000000000000000000000000000000000000|0000000000000000000000000000000000000000000000000000000000000000|0|3|rt4_TMB-5_MAP_g2_00291.r24|2|1|RICH|726|0|860|0000000000000000000000000000000000000000000000000000000000000000|RICH|1|726|DISP=ACCEPT_INSTALL|DETAIL=rt3_map_g2
0000000000000000000000000000000000000000000000000000000000000000|0000000000000000000000000000000000000000000000000000000000000000|0|3|rt4_TMB-5_MAP_g2_00292.r24|2|1|RICH|728|0|860|0000000000000000000000000000000000000000000000000000000000000000|RICH|1|728|DISP=ACCEPT_INSTALL|DETAIL=rt3_map_g2
0000000000000000000000000000000000000000000000000000000000000000|0000000000000000000000000000000000000000000000000000000000000000|0|3|rt4_TMB-5_MAP_g2_00293.r24|2|1|RICH|730|0|860|0000000000000000000000000000000000000000000000000000000000000000|RICH|1|730|DISP=ACCEPT_INSTALL|DETAIL=rt3_map_g2
0000000000000000000000000000000000000000000000000000000000000000|0000000000000000000000000000000000000000000000000000000000000000|0|3|rt4_TMB-5_MAP_g2_00294.r24|2|1|RICH|690|0|880|0000000000000000000000000000000000000000000000000000000000000000|RICH|1|690|DISP=ACCEPT_INSTALL|DETAIL=rt3_map_g2
0000000000000000000000000000000000000000000000000000000000000000|0000000000000000000000000000000000000000000000000000000000000000|0|3|rt4_TMB-5_MAP_g2_00295.r24|2|1|RICH|692|0|880|0000000000000000000000000000000000000000000000000000000000000000|RICH|1|692|DISP=ACCEPT_INSTALL|DETAIL=rt3_map_g2
0000000000000000000000000000000000000000000000000000000000000000|0000000000000000000000000000000000000000000000000000000000000000|0|3|rt4_TMB-5_MAP_g2_00296.r24|2|1|RICH|694|0|880|0000000000000000000000000000000000000000000000000000000000000000|RICH|1|694|DISP=ACCEPT_INSTALL|DETAIL=rt3_map_g2
0000000000000000000000000000000000000000000000000000000000000000|0000000000000000000000000000000000000000000000000000000000000000|0|3|rt4_TMB-5_MAP_g2_00297.r24|2|1|RICH|696|0|880|0000000000000000000000000000000000000000000000000000000000000000|RICH|1|696|DISP=ACCEPT_INSTALL|DETAIL=rt3_map_g2
0000000000000000000000000000000000000000000000000000000000000000|0000000000000000000000000000000000000000000000000000000000000000|0|3|rt4_TMB-5_MAP_g2_00298.r24|2|1|RICH|698|0|880|0000000000000000000000000000000000000000000000000000000000000000|RICH|1|698|DISP=ACCEPT_INSTALL|DETAIL=rt3_map_g2
0000000000000000000000000000000000000000000000000000000000000000|0000000000000000000000000000000000000000000000000000000000000000|0|3|rt4_TMB-5_MAP_g2_00299.r24|2|1|RICH|700|0|880|0000000000000000000000000000000000000000000000000000000000000000|RICH|1|700|DISP=ACCEPT_INSTALL|DETAIL=rt3_map_g2
0000000000000000000000000000000000000000000000000000000000000000|0000000000000000000000000000000000000000000000000000000000000000|0|3|rt4_TMB-5_MAP_g2_00300.r24|2|1|RICH|702|0|880|0000000000000000000000000000000000000000000000000000000000000000|RICH|1|702|DISP=ACCEPT_INSTALL|DETAIL=rt3_map_g2
0000000000000000000000000000000000000000000000000000000000000000|0000000000000000000000000000000000000000000000000000000000000000|0|3|rt4_TMB-5_MAP_g2_00301.r24|2|1|RICH|704|0|880|0000000000000000000000000000000000000000000000000000000000000000|RICH|1|704|DISP=ACCEPT_INSTALL|DETAIL=rt3_map_g2
0000000000000000000000000000000000000000000000000000000000000000|0000000000000000000000000000000000000000000000000000000000000000|0|3|rt4_TMB-5_MAP_g2_00302.r24|2|1|RICH|706|0|880|0000000000000000000000000000000000000000000000000000000000000000|RICH|1|706|DISP=ACCEPT_INSTALL|DETAIL=rt3_map_g2
0000000000000000000000000000000000000000000000000000000000000000|0000000000000000000000000000000000000000000000000000000000000000|0|3|rt4_TMB-5_MAP_g2_00303.r24|2|1|RICH|708|0|880|0000000000000000000000000000000000000000000000000000000000000000|RICH|1|708|DISP=ACCEPT_INSTALL|DETAIL=rt3_map_g2
0000000000000000000000000000000000000000000000000000000000000000|0000000000000000000000000000000000000000000000000000000000000000|0|3|rt4_TMB-5_MAP_g2_00304.r24|2|1|RICH|710|0|880|0000000000000000000000000000000000000000000000000000000000000000|RICH|1|710|DISP=ACCEPT_INSTALL|DETAIL=rt3_map_g2
0000000000000000000000000000000000000000000000000000000000000000|0000000000000000000000000000000000000000000000000000000000000000|0|3|rt4_TMB-5_MAP_g2_00305.r24|2|1|RICH|712|0|880|0000000000000000000000000000000000000000000000000000000000000000|RICH|1|712|DISP=ACCEPT_INSTALL|DETAIL=rt3_map_g2
0000000000000000000000000000000000000000000000000000000000000000|0000000000000000000000000000000000000000000000000000000000000000|0|3|rt4_TMB-5_MAP_g2_00306.r24|2|1|RICH|714|0|880|0000000000000000000000000000000000000000000000000000000000000000|RICH|1|714|DISP=ACCEPT_INSTALL|DETAIL=rt3_map_g2
0000000000000000000000000000000000000000000000000000000000000000|0000000000000000000000000000000000000000000000000000000000000000|0|3|rt4_TMB-5_MAP_g2_00307.r24|2|1|RICH|716|0|880|0000000000000000000000000000000000000000000000000000000000000000|RICH|1|716|DISP=ACCEPT_INSTALL|DETAIL=rt3_map_g2
0000000000000000000000000000000000000000000000000000000000000000|0000000000000000000000000000000000000000000000000000000000000000|0|3|rt4_TMB-5_MAP_g2_00308.r24|2|1|RICH|718|0|880|0000000000000000000000000000000000000000000000000000000000000000|RICH|1|718|DISP=ACCEPT_INSTALL|DETAIL=rt3_map_g2
0000000000000000000000000000000000000000000000000000000000000000|0000000000000000000000000000000000000000000000000000000000000000|0|3|rt4_TMB-5_MAP_g2_00309.r24|2|1|RICH|720|0|880|0000000000000000000000000000000000000000000000000000000000000000|RICH|1|720|DISP=ACCEPT_INSTALL|DETAIL=rt3_map_g2
0000000000000000000000000000000000000000000000000000000000000000|0000000000000000000000000000000000000000000000000000000000000000|0|3|rt4_TMB-5_MAP_g2_00310.r24|2|1|RICH|722|0|880|0000000000000000000000000000000000000000000000000000000000000000|RICH|1|722|DISP=ACCEPT_INSTALL|DETAIL=rt3_map_g2
0000000000000000000000000000000000000000000000000000000000000000|0000000000000000000000000000000000000000000000000000000000000000|0|3|rt4_TMB-5_MAP_g2_00311.r24|2|1|RICH|724|0|880|0000000000000000000000000000000000000000000000000000000000000000|RICH|1|724|DISP=ACCEPT_INSTALL|DETAIL=rt3_map_g2
0000000000000000000000000000000000000000000000000000000000000000|0000000000000000000000000000000000000000000000000000000000000000|0|3|rt4_TMB-5_MAP_g2_00312.r24|2|1|RICH|726|0|880|0000000000000000000000000000000000000000000000000000000000000000|RICH|1|726|DISP=ACCEPT_INSTALL|DETAIL=rt3_map_g2
0000000000000000000000000000000000000000000000000000000000000000|0000000000000000000000000000000000000000000000000000000000000000|0|3|rt4_TMB-5_MAP_g2_00313.r24|2|1|RICH|728|0|880|0000000000000000000000000000000000000000000000000000000000000000|RICH|1|728|DISP=ACCEPT_INSTALL|DETAIL=rt3_map_g2
0000000000000000000000000000000000000000000000000000000000000000|0000000000000000000000000000000000000000000000000000000000000000|0|3|rt4_TMB-5_MAP_g2_00314.r24|2|1|RICH|730|0|880|0000000000000000000000000000000000000000000000000000000000000000|RICH|1|730|DISP=ACCEPT_INSTALL|DETAIL=rt3_map_g2
0000000000000000000000000000000000000000000000000000000000000000|0000000000000000000000000000000000000000000000000000000000000000|0|3|rt4_TMB-5_MAP_g2_00315.r24|2|1|RICH|690|0|900|0000000000000000000000000000000000000000000000000000000000000000|RICH|1|690|DISP=ACCEPT_INSTALL|DETAIL=rt3_map_g2
0000000000000000000000000000000000000000000000000000000000000000|0000000000000000000000000000000000000000000000000000000000000000|0|3|rt4_TMB-5_MAP_g2_00316.r24|2|1|RICH|692|0|900|0000000000000000000000000000000000000000000000000000000000000000|RICH|1|692|DISP=ACCEPT_INSTALL|DETAIL=rt3_map_g2
0000000000000000000000000000000000000000000000000000000000000000|0000000000000000000000000000000000000000000000000000000000000000|0|3|rt4_TMB-5_MAP_g2_00317.r24|2|1|RICH|694|0|900|0000000000000000000000000000000000000000000000000000000000000000|RICH|1|694|DISP=ACCEPT_INSTALL|DETAIL=rt3_map_g2
0000000000000000000000000000000000000000000000000000000000000000|0000000000000000000000000000000000000000000000000000000000000000|0|3|rt4_TMB-5_MAP_g2_00318.r24|2|1|RICH|696|0|900|0000000000000000000000000000000000000000000000000000000000000000|RICH|1|696|DISP=ACCEPT_INSTALL|DETAIL=rt3_map_g2
0000000000000000000000000000000000000000000000000000000000000000|0000000000000000000000000000000000000000000000000000000000000000|0|3|rt4_TMB-5_MAP_g2_00319.r24|2|1|RICH|698|0|900|0000000000000000000000000000000000000000000000000000000000000000|RICH|1|698|DISP=ACCEPT_INSTALL|DETAIL=rt3_map_g2
0000000000000000000000000000000000000000000000000000000000000000|0000000000000000000000000000000000000000000000000000000000000000|0|3|rt4_TMB-5_MAP_g2_00320.r24|2|1|RICH|700|0|900|0000000000000000000000000000000000000000000000000000000000000000|RICH|1|700|DISP=ACCEPT_INSTALL|DETAIL=rt3_map_g2
0000000000000000000000000000000000000000000000000000000000000000|0000000000000000000000000000000000000000000000000000000000000000|0|3|rt4_TMB-5_MAP_g2_00321.r24|2|1|RICH|702|0|900|0000000000000000000000000000000000000000000000000000000000000000|RICH|1|702|DISP=ACCEPT_INSTALL|DETAIL=rt3_map_g2
0000000000000000000000000000000000000000000000000000000000000000|0000000000000000000000000000000000000000000000000000000000000000|0|3|rt4_TMB-5_MAP_g2_00322.r24|2|1|RICH|704|0|900|0000000000000000000000000000000000000000000000000000000000000000|RICH|1|704|DISP=ACCEPT_INSTALL|DETAIL=rt3_map_g2
0000000000000000000000000000000000000000000000000000000000000000|0000000000000000000000000000000000000000000000000000000000000000|0|3|rt4_TMB-5_MAP_g2_00323.r24|2|1|RICH|706|0|900|0000000000000000000000000000000000000000000000000000000000000000|RICH|1|706|DISP=ACCEPT_INSTALL|DETAIL=rt3_map_g2
0000000000000000000000000000000000000000000000000000000000000000|0000000000000000000000000000000000000000000000000000000000000000|0|3|rt4_TMB-5_MAP_g2_00324.r24|2|1|RICH|708|0|900|0000000000000000000000000000000000000000000000000000000000000000|RICH|1|708|DISP=ACCEPT_INSTALL|DETAIL=rt3_map_g2
0000000000000000000000000000000000000000000000000000000000000000|0000000000000000000000000000000000000000000000000000000000000000|0|3|rt4_TMB-5_MAP_g2_00325.r24|2|1|RICH|710|0|900|0000000000000000000000000000000000000000000000000000000000000000|RICH|1|710|DISP=ACCEPT_INSTALL|DETAIL=rt3_map_g2
0000000000000000000000000000000000000000000000000000000000000000|0000000000000000000000000000000000000000000000000000000000000000|0|3|rt4_TMB-5_MAP_g2_00326.r24|2|1|RICH|712|0|900|0000000000000000000000000000000000000000000000000000000000000000|RICH|1|712|DISP=ACCEPT_INSTALL|DETAIL=rt3_map_g2
0000000000000000000000000000000000000000000000000000000000000000|0000000000000000000000000000000000000000000000000000000000000000|0|3|rt4_TMB-5_MAP_g2_00327.r24|2|1|RICH|714|0|900|0000000000000000000000000000000000000000000000000000000000000000|RICH|1|714|DISP=ACCEPT_INSTALL|DETAIL=rt3_map_g2
0000000000000000000000000000000000000000000000000000000000000000|0000000000000000000000000000000000000000000000000000000000000000|0|3|rt4_TMB-5_MAP_g2_00328.r24|2|1|RICH|716|0|900|0000000000000000000000000000000000000000000000000000000000000000|RICH|1|716|DISP=ACCEPT_INSTALL|DETAIL=rt3_map_g2
0000000000000000000000000000000000000000000000000000000000000000|0000000000000000000000000000000000000000000000000000000000000000|0|3|rt4_TMB-5_MAP_g2_00329.r24|2|1|RICH|718|0|900|0000000000000000000000000000000000000000000000000000000000000000|RICH|1|718|DISP=ACCEPT_INSTALL|DETAIL=rt3_map_g2
0000000000000000000000000000000000000000000000000000000000000000|0000000000000000000000000000000000000000000000000000000000000000|0|3|rt4_TMB-5_MAP_g2_00330.r24|2|1|RICH|720|0|900|0000000000000000000000000000000000000000000000000000000000000000|RICH|1|720|DISP=ACCEPT_INSTALL|DETAIL=rt3_map_g2
0000000000000000000000000000000000000000000000000000000000000000|0000000000000000000000000000000000000000000000000000000000000000|0|3|rt4_TMB-5_MAP_g2_00331.r24|2|1|RICH|722|0|900|0000000000000000000000000000000000000000000000000000000000000000|RICH|1|722|DISP=ACCEPT_INSTALL|DETAIL=rt3_map_g2
0000000000000000000000000000000000000000000000000000000000000000|0000000000000000000000000000000000000000000000000000000000000000|0|3|rt4_TMB-5_MAP_g2_00332.r24|2|1|RICH|724|0|900|0000000000000000000000000000000000000000000000000000000000000000|RICH|1|724|DISP=ACCEPT_INSTALL|DETAIL=rt3_map_g2
0000000000000000000000000000000000000000000000000000000000000000|0000000000000000000000000000000000000000000000000000000000000000|0|3|rt4_TMB-5_MAP_g2_00333.r24|2|1|RICH|726|0|900|0000000000000000000000000000000000000000000000000000000000000000|RICH|1|726|DISP=ACCEPT_INSTALL|DETAIL=rt3_map_g2
0000000000000000000000000000000000000000000000000000000000000000|0000000000000000000000000000000000000000000000000000000000000000|0|3|rt4_TMB-5_MAP_g2_00334.r24|2|1|RICH|728|0|900|0000000000000000000000000000000000000000000000000000000000000000|RICH|1|728|DISP=ACCEPT_INSTALL|DETAIL=rt3_map_g2
0000000000000000000000000000000000000000000000000000000000000000|0000000000000000000000000000000000000000000000000000000000000000|0|3|rt4_TMB-5_MAP_g2_00335.r24|2|1|RICH|730|0|900|0000000000000000000000000000000000000000000000000000000000000000|RICH|1|730|DISP=ACCEPT_INSTALL|DETAIL=rt3_map_g2
0000000000000000000000000000000000000000000000000000000000000000|0000000000000000000000000000000000000000000000000000000000000000|0|3|rt4_TMB-5_MAP_g2_00336.r24|2|1|RICH|690|0|920|0000000000000000000000000000000000000000000000000000000000000000|RICH|1|690|DISP=ACCEPT_INSTALL|DETAIL=rt3_map_g2
0000000000000000000000000000000000000000000000000000000000000000|0000000000000000000000000000000000000000000000000000000000000000|0|3|rt4_TMB-5_MAP_g2_00337.r24|2|1|RICH|692|0|920|0000000000000000000000000000000000000000000000000000000000000000|RICH|1|692|DISP=ACCEPT_INSTALL|DETAIL=rt3_map_g2
0000000000000000000000000000000000000000000000000000000000000000|0000000000000000000000000000000000000000000000000000000000000000|0|3|rt4_TMB-5_MAP_g2_00338.r24|2|1|RICH|694|0|920|0000000000000000000000000000000000000000000000000000000000000000|RICH|1|694|DISP=ACCEPT_INSTALL|DETAIL=rt3_map_g2
0000000000000000000000000000000000000000000000000000000000000000|0000000000000000000000000000000000000000000000000000000000000000|0|3|rt4_TMB-5_MAP_g2_00339.r24|2|1|RICH|696|0|920|0000000000000000000000000000000000000000000000000000000000000000|RICH|1|696|DISP=ACCEPT_INSTALL|DETAIL=rt3_map_g2
0000000000000000000000000000000000000000000000000000000000000000|0000000000000000000000000000000000000000000000000000000000000000|0|3|rt4_TMB-5_MAP_g2_00340.r24|2|1|RICH|698|0|920|0000000000000000000000000000000000000000000000000000000000000000|RICH|1|698|DISP=ACCEPT_INSTALL|DETAIL=rt3_map_g2
0000000000000000000000000000000000000000000000000000000000000000|0000000000000000000000000000000000000000000000000000000000000000|0|3|rt4_TMB-5_MAP_g2_00341.r24|2|1|RICH|700|0|920|0000000000000000000000000000000000000000000000000000000000000000|RICH|1|700|DISP=ACCEPT_INSTALL|DETAIL=rt3_map_g2
0000000000000000000000000000000000000000000000000000000000000000|0000000000000000000000000000000000000000000000000000000000000000|0|3|rt4_TMB-5_MAP_g2_00342.r24|2|1|RICH|702|0|920|0000000000000000000000000000000000000000000000000000000000000000|RICH|1|702|DISP=ACCEPT_INSTALL|DETAIL=rt3_map_g2
0000000000000000000000000000000000000000000000000000000000000000|0000000000000000000000000000000000000000000000000000000000000000|0|3|rt4_TMB-5_MAP_g2_00343.r24|2|1|RICH|704|0|920|0000000000000000000000000000000000000000000000000000000000000000|RICH|1|704|DISP=ACCEPT_INSTALL|DETAIL=rt3_map_g2
0000000000000000000000000000000000000000000000000000000000000000|0000000000000000000000000000000000000000000000000000000000000000|0|3|rt4_TMB-5_MAP_g2_00344.r24|2|1|RICH|706|0|920|0000000000000000000000000000000000000000000000000000000000000000|RICH|1|706|DISP=ACCEPT_INSTALL|DETAIL=rt3_map_g2
0000000000000000000000000000000000000000000000000000000000000000|0000000000000000000000000000000000000000000000000000000000000000|0|3|rt4_TMB-5_MAP_g2_00345.r24|2|1|RICH|708|0|920|0000000000000000000000000000000000000000000000000000000000000000|RICH|1|708|DISP=ACCEPT_INSTALL|DETAIL=rt3_map_g2
0000000000000000000000000000000000000000000000000000000000000000|0000000000000000000000000000000000000000000000000000000000000000|0|3|rt4_TMB-5_MAP_g2_00346.r24|2|1|RICH|710|0|920|0000000000000000000000000000000000000000000000000000000000000000|RICH|1|710|DISP=ACCEPT_INSTALL|DETAIL=rt3_map_g2
0000000000000000000000000000000000000000000000000000000000000000|0000000000000000000000000000000000000000000000000000000000000000|0|3|rt4_TMB-5_MAP_g2_00347.r24|2|1|RICH|712|0|920|0000000000000000000000000000000000000000000000000000000000000000|RICH|1|712|DISP=ACCEPT_INSTALL|DETAIL=rt3_map_g2
0000000000000000000000000000000000000000000000000000000000000000|0000000000000000000000000000000000000000000000000000000000000000|0|3|rt4_TMB-5_MAP_g2_00348.r24|2|1|RICH|714|0|920|0000000000000000000000000000000000000000000000000000000000000000|RICH|1|714|DISP=ACCEPT_INSTALL|DETAIL=rt3_map_g2
0000000000000000000000000000000000000000000000000000000000000000|0000000000000000000000000000000000000000000000000000000000000000|0|3|rt4_TMB-5_MAP_g2_00349.r24|2|1|RICH|716|0|920|0000000000000000000000000000000000000000000000000000000000000000|RICH|1|716|DISP=ACCEPT_INSTALL|DETAIL=rt3_map_g2
0000000000000000000000000000000000000000000000000000000000000000|0000000000000000000000000000000000000000000000000000000000000000|0|3|rt4_TMB-5_MAP_g2_00350.r24|2|1|RICH|718|0|920|0000000000000000000000000000000000000000000000000000000000000000|RICH|1|718|DISP=ACCEPT_INSTALL|DETAIL=rt3_map_g2
0000000000000000000000000000000000000000000000000000000000000000|0000000000000000000000000000000000000000000000000000000000000000|0|3|rt4_TMB-5_MAP_g2_00351.r24|2|1|RICH|720|0|920|0000000000000000000000000000000000000000000000000000000000000000|RICH|1|720|DISP=ACCEPT_INSTALL|DETAIL=rt3_map_g2
0000000000000000000000000000000000000000000000000000000000000000|0000000000000000000000000000000000000000000000000000000000000000|0|3|rt4_TMB-5_MAP_g2_00352.r24|2|1|RICH|722|0|920|0000000000000000000000000000000000000000000000000000000000000000|RICH|1|722|DISP=ACCEPT_INSTALL|DETAIL=rt3_map_g2
0000000000000000000000000000000000000000000000000000000000000000|0000000000000000000000000000000000000000000000000000000000000000|0|3|rt4_TMB-5_MAP_g2_00353.r24|2|1|RICH|724|0|920|0000000000000000000000000000000000000000000000000000000000000000|RICH|1|724|DISP=ACCEPT_INSTALL|DETAIL=rt3_map_g2
0000000000000000000000000000000000000000000000000000000000000000|0000000000000000000000000000000000000000000000000000000000000000|0|3|rt4_TMB-5_MAP_g2_00354.r24|2|1|RICH|726|0|920|0000000000000000000000000000000000000000000000000000000000000000|RICH|1|726|DISP=ACCEPT_INSTALL|DETAIL=rt3_map_g2
0000000000000000000000000000000000000000000000000000000000000000|0000000000000000000000000000000000000000000000000000000000000000|0|3|rt4_TMB-5_MAP_g2_00355.r24|2|1|RICH|728|0|920|0000000000000000000000000000000000000000000000000000000000000000|RICH|1|728|DISP=ACCEPT_INSTALL|DETAIL=rt3_map_g2
0000000000000000000000000000000000000000000000000000000000000000|0000000000000000000000000000000000000000000000000000000000000000|0|3|rt4_TMB-5_MAP_g2_00356.r24|2|1|RICH|730|0|920|0000000000000000000000000000000000000000000000000000000000000000|RICH|1|730|DISP=ACCEPT_INSTALL|DETAIL=rt3_map_g2
0000000000000000000000000000000000000000000000000000000000000000|0000000000000000000000000000000000000000000000000000000000000000|0|3|rt4_TMB-5_MAP_g2_00357.r24|2|1|RICH|690|0|940|0000000000000000000000000000000000000000000000000000000000000000|RICH|1|690|DISP=ACCEPT_INSTALL|DETAIL=rt3_map_g2
0000000000000000000000000000000000000000000000000000000000000000|0000000000000000000000000000000000000000000000000000000000000000|0|3|rt4_TMB-5_MAP_g2_00358.r24|2|1|RICH|692|0|940|0000000000000000000000000000000000000000000000000000000000000000|RICH|1|692|DISP=ACCEPT_INSTALL|DETAIL=rt3_map_g2
0000000000000000000000000000000000000000000000000000000000000000|0000000000000000000000000000000000000000000000000000000000000000|0|3|rt4_TMB-5_MAP_g2_00359.r24|2|1|RICH|694|0|940|0000000000000000000000000000000000000000000000000000000000000000|RICH|1|694|DISP=ACCEPT_INSTALL|DETAIL=rt3_map_g2
0000000000000000000000000000000000000000000000000000000000000000|0000000000000000000000000000000000000000000000000000000000000000|0|3|rt4_TMB-5_MAP_g2_00360.r24|2|1|RICH|696|0|940|0000000000000000000000000000000000000000000000000000000000000000|RICH|1|696|DISP=ACCEPT_INSTALL|DETAIL=rt3_map_g2
0000000000000000000000000000000000000000000000000000000000000000|0000000000000000000000000000000000000000000000000000000000000000|0|3|rt4_TMB-5_MAP_g2_00361.r24|2|1|RICH|698|0|940|0000000000000000000000000000000000000000000000000000000000000000|RICH|1|698|DISP=ACCEPT_INSTALL|DETAIL=rt3_map_g2
0000000000000000000000000000000000000000000000000000000000000000|0000000000000000000000000000000000000000000000000000000000000000|0|3|rt4_TMB-5_MAP_g2_00362.r24|2|1|RICH|700|0|940|0000000000000000000000000000000000000000000000000000000000000000|RICH|1|700|DISP=ACCEPT_INSTALL|DETAIL=rt3_map_g2
0000000000000000000000000000000000000000000000000000000000000000|0000000000000000000000000000000000000000000000000000000000000000|0|3|rt4_TMB-5_MAP_g2_00363.r24|2|1|RICH|702|0|940|0000000000000000000000000000000000000000000000000000000000000000|RICH|1|702|DISP=ACCEPT_INSTALL|DETAIL=rt3_map_g2
0000000000000000000000000000000000000000000000000000000000000000|0000000000000000000000000000000000000000000000000000000000000000|0|3|rt4_TMB-5_MAP_g2_00364.r24|2|1|RICH|704|0|940|0000000000000000000000000000000000000000000000000000000000000000|RICH|1|704|DISP=ACCEPT_INSTALL|DETAIL=rt3_map_g2
0000000000000000000000000000000000000000000000000000000000000000|0000000000000000000000000000000000000000000000000000000000000000|0|3|rt4_TMB-5_MAP_g2_00365.r24|2|1|RICH|706|0|940|0000000000000000000000000000000000000000000000000000000000000000|RICH|1|706|DISP=ACCEPT_INSTALL|DETAIL=rt3_map_g2
0000000000000000000000000000000000000000000000000000000000000000|0000000000000000000000000000000000000000000000000000000000000000|0|3|rt4_TMB-5_MAP_g2_00366.r24|2|1|RICH|708|0|940|0000000000000000000000000000000000000000000000000000000000000000|RICH|1|708|DISP=ACCEPT_INSTALL|DETAIL=rt3_map_g2
0000000000000000000000000000000000000000000000000000000000000000|0000000000000000000000000000000000000000000000000000000000000000|0|3|rt4_TMB-5_MAP_g2_00367.r24|2|1|RICH|710|0|940|0000000000000000000000000000000000000000000000000000000000000000|RICH|1|710|DISP=ACCEPT_INSTALL|DETAIL=rt3_map_g2
0000000000000000000000000000000000000000000000000000000000000000|0000000000000000000000000000000000000000000000000000000000000000|0|3|rt4_TMB-5_MAP_g2_00368.r24|2|1|RICH|712|0|940|0000000000000000000000000000000000000000000000000000000000000000|RICH|1|712|DISP=ACCEPT_INSTALL|DETAIL=rt3_map_g2
0000000000000000000000000000000000000000000000000000000000000000|0000000000000000000000000000000000000000000000000000000000000000|0|3|rt4_TMB-5_MAP_g2_00369.r24|2|1|RICH|714|0|940|0000000000000000000000000000000000000000000000000000000000000000|RICH|1|714|DISP=ACCEPT_INSTALL|DETAIL=rt3_map_g2
0000000000000000000000000000000000000000000000000000000000000000|0000000000000000000000000000000000000000000000000000000000000000|0|3|rt4_TMB-5_MAP_g2_00370.r24|2|1|RICH|716|0|940|0000000000000000000000000000000000000000000000000000000000000000|RICH|1|716|DISP=ACCEPT_INSTALL|DETAIL=rt3_map_g2
0000000000000000000000000000000000000000000000000000000000000000|0000000000000000000000000000000000000000000000000000000000000000|0|3|rt4_TMB-5_MAP_g2_00371.r24|2|1|RICH|718|0|940|0000000000000000000000000000000000000000000000000000000000000000|RICH|1|718|DISP=ACCEPT_INSTALL|DETAIL=rt3_map_g2
0000000000000000000000000000000000000000000000000000000000000000|0000000000000000000000000000000000000000000000000000000000000000|0|3|rt4_TMB-5_MAP_g2_00372.r24|2|1|RICH|720|0|940|0000000000000000000000000000000000000000000000000000000000000000|RICH|1|720|DISP=ACCEPT_INSTALL|DETAIL=rt3_map_g2
0000000000000000000000000000000000000000000000000000000000000000|0000000000000000000000000000000000000000000000000000000000000000|0|3|rt4_TMB-5_MAP_g2_00373.r24|2|1|RICH|722|0|940|0000000000000000000000000000000000000000000000000000000000000000|RICH|1|722|DISP=ACCEPT_INSTALL|DETAIL=rt3_map_g2
0000000000000000000000000000000000000000000000000000000000000000|0000000000000000000000000000000000000000000000000000000000000000|0|3|rt4_TMB-5_MAP_g2_00374.r24|2|1|RICH|724|0|940|0000000000000000000000000000000000000000000000000000000000000000|RICH|1|724|DISP=ACCEPT_INSTALL|DETAIL=rt3_map_g2
0000000000000000000000000000000000000000000000000000000000000000|0000000000000000000000000000000000000000000000000000000000000000|0|3|rt4_TMB-5_MAP_g2_00375.r24|2|1|RICH|726|0|940|0000000000000000000000000000000000000000000000000000000000000000|RICH|1|726|DISP=ACCEPT_INSTALL|DETAIL=rt3_map_g2
0000000000000000000000000000000000000000000000000000000000000000|0000000000000000000000000000000000000000000000000000000000000000|0|3|rt4_TMB-5_MAP_g2_00376.r24|2|1|RICH|728|0|940|0000000000000000000000000000000000000000000000000000000000000000|RICH|1|728|DISP=ACCEPT_INSTALL|DETAIL=rt3_map_g2
0000000000000000000000000000000000000000000000000000000000000000|0000000000000000000000000000000000000000000000000000000000000000|0|3|rt4_TMB-5_MAP_g2_00377.r24|2|1|RICH|730|0|940|0000000000000000000000000000000000000000000000000000000000000000|RICH|1|730|DISP=ACCEPT_INSTALL|DETAIL=rt3_map_g2
0000000000000000000000000000000000000000000000000000000000000000|0000000000000000000000000000000000000000000000000000000000000000|0|3|rt4_TMB-5_MAP_g2_00378.r24|2|1|RICH|690|0|960|0000000000000000000000000000000000000000000000000000000000000000|RICH|1|690|DISP=ACCEPT_INSTALL|DETAIL=rt3_map_g2
0000000000000000000000000000000000000000000000000000000000000000|0000000000000000000000000000000000000000000000000000000000000000|0|3|rt4_TMB-5_MAP_g2_00379.r24|2|1|RICH|692|0|960|0000000000000000000000000000000000000000000000000000000000000000|RICH|1|692|DISP=ACCEPT_INSTALL|DETAIL=rt3_map_g2
0000000000000000000000000000000000000000000000000000000000000000|0000000000000000000000000000000000000000000000000000000000000000|0|3|rt4_TMB-5_MAP_g2_00380.r24|2|1|RICH|694|0|960|0000000000000000000000000000000000000000000000000000000000000000|RICH|1|694|DISP=ACCEPT_INSTALL|DETAIL=rt3_map_g2
0000000000000000000000000000000000000000000000000000000000000000|0000000000000000000000000000000000000000000000000000000000000000|0|3|rt4_TMB-5_MAP_g2_00381.r24|2|1|RICH|696|0|960|0000000000000000000000000000000000000000000000000000000000000000|RICH|1|696|DISP=ACCEPT_INSTALL|DETAIL=rt3_map_g2
0000000000000000000000000000000000000000000000000000000000000000|0000000000000000000000000000000000000000000000000000000000000000|0|3|rt4_TMB-5_MAP_g2_00382.r24|2|1|RICH|698|0|960|0000000000000000000000000000000000000000000000000000000000000000|RICH|1|698|DISP=ACCEPT_INSTALL|DETAIL=rt3_map_g2
0000000000000000000000000000000000000000000000000000000000000000|0000000000000000000000000000000000000000000000000000000000000000|0|3|rt4_TMB-5_MAP_g2_00383.r24|2|1|RICH|700|0|960|0000000000000000000000000000000000000000000000000000000000000000|RICH|1|700|DISP=ACCEPT_INSTALL|DETAIL=rt3_map_g2
0000000000000000000000000000000000000000000000000000000000000000|0000000000000000000000000000000000000000000000000000000000000000|0|3|rt4_TMB-5_MAP_g2_00384.r24|2|1|RICH|702|0|960|0000000000000000000000000000000000000000000000000000000000000000|RICH|1|702|DISP=ACCEPT_INSTALL|DETAIL=rt3_map_g2
0000000000000000000000000000000000000000000000000000000000000000|0000000000000000000000000000000000000000000000000000000000000000|0|3|rt4_TMB-5_MAP_g2_00385.r24|2|1|RICH|704|0|960|0000000000000000000000000000000000000000000000000000000000000000|RICH|1|704|DISP=ACCEPT_INSTALL|DETAIL=rt3_map_g2
0000000000000000000000000000000000000000000000000000000000000000|0000000000000000000000000000000000000000000000000000000000000000|0|3|rt4_TMB-5_MAP_g2_00386.r24|2|1|RICH|706|0|960|0000000000000000000000000000000000000000000000000000000000000000|RICH|1|706|DISP=ACCEPT_INSTALL|DETAIL=rt3_map_g2
0000000000000000000000000000000000000000000000000000000000000000|0000000000000000000000000000000000000000000000000000000000000000|0|3|rt4_TMB-5_MAP_g2_00387.r24|2|1|RICH|708|0|960|0000000000000000000000000000000000000000000000000000000000000000|RICH|1|708|DISP=ACCEPT_INSTALL|DETAIL=rt3_map_g2
0000000000000000000000000000000000000000000000000000000000000000|0000000000000000000000000000000000000000000000000000000000000000|0|3|rt4_TMB-5_MAP_g2_00388.r24|2|1|RICH|710|0|960|0000000000000000000000000000000000000000000000000000000000000000|RICH|1|710|DISP=ACCEPT_INSTALL|DETAIL=rt3_map_g2
0000000000000000000000000000000000000000000000000000000000000000|0000000000000000000000000000000000000000000000000000000000000000|0|3|rt4_TMB-5_MAP_g2_00389.r24|2|1|RICH|712|0|960|0000000000000000000000000000000000000000000000000000000000000000|RICH|1|712|DISP=ACCEPT_INSTALL|DETAIL=rt3_map_g2
0000000000000000000000000000000000000000000000000000000000000000|0000000000000000000000000000000000000000000000000000000000000000|0|3|rt4_TMB-5_MAP_g2_00390.r24|2|1|RICH|714|0|960|0000000000000000000000000000000000000000000000000000000000000000|RICH|1|714|DISP=ACCEPT_INSTALL|DETAIL=rt3_map_g2
0000000000000000000000000000000000000000000000000000000000000000|0000000000000000000000000000000000000000000000000000000000000000|0|3|rt4_TMB-5_MAP_g2_00391.r24|2|1|RICH|716|0|960|0000000000000000000000000000000000000000000000000000000000000000|RICH|1|716|DISP=ACCEPT_INSTALL|DETAIL=rt3_map_g2
0000000000000000000000000000000000000000000000000000000000000000|0000000000000000000000000000000000000000000000000000000000000000|0|3|rt4_TMB-5_MAP_g2_00392.r24|2|1|RICH|718|0|960|0000000000000000000000000000000000000000000000000000000000000000|RICH|1|718|DISP=ACCEPT_INSTALL|DETAIL=rt3_map_g2
0000000000000000000000000000000000000000000000000000000000000000|0000000000000000000000000000000000000000000000000000000000000000|0|3|rt4_TMB-5_MAP_g2_00393.r24|2|1|RICH|720|0|960|0000000000000000000000000000000000000000000000000000000000000000|RICH|1|720|DISP=ACCEPT_INSTALL|DETAIL=rt3_map_g2
0000000000000000000000000000000000000000000000000000000000000000|0000000000000000000000000000000000000000000000000000000000000000|0|3|rt4_TMB-5_MAP_g2_00394.r24|2|1|RICH|722|0|960|0000000000000000000000000000000000000000000000000000000000000000|RICH|1|722|DISP=ACCEPT_INSTALL|DETAIL=rt3_map_g2
0000000000000000000000000000000000000000000000000000000000000000|0000000000000000000000000000000000000000000000000000000000000000|0|3|rt4_TMB-5_MAP_g2_00395.r24|2|1|RICH|724|0|960|0000000000000000000000000000000000000000000000000000000000000000|RICH|1|724|DISP=ACCEPT_INSTALL|DETAIL=rt3_map_g2
0000000000000000000000000000000000000000000000000000000000000000|0000000000000000000000000000000000000000000000000000000000000000|0|3|rt4_TMB-5_MAP_g2_00396.r24|2|1|RICH|726|0|960|0000000000000000000000000000000000000000000000000000000000000000|RICH|1|726|DISP=ACCEPT_INSTALL|DETAIL=rt3_map_g2
0000000000000000000000000000000000000000000000000000000000000000|0000000000000000000000000000000000000000000000000000000000000000|0|3|rt4_TMB-5_MAP_g2_00397.r24|2|1|RICH|728|0|960|0000000000000000000000000000000000000000000000000000000000000000|RICH|1|728|DISP=ACCEPT_INSTALL|DETAIL=rt3_map_g2
0000000000000000000000000000000000000000000000000000000000000000|0000000000000000000000000000000000000000000000000000000000000000|0|3|rt4_TMB-5_MAP_g2_00398.r24|2|1|RICH|730|0|960|0000000000000000000000000000000000000000000000000000000000000000|RICH|1|730|DISP=ACCEPT_INSTALL|DETAIL=rt3_map_g2
0000000000000000000000000000000000000000000000000000000000000000|0000000000000000000000000000000000000000000000000000000000000000|0|3|rt4_TMB-5_MAP_g2_00399.r24|2|1|RICH|690|0|980|0000000000000000000000000000000000000000000000000000000000000000|RICH|1|690|DISP=ACCEPT_INSTALL|DETAIL=rt3_map_g2
0000000000000000000000000000000000000000000000000000000000000000|0000000000000000000000000000000000000000000000000000000000000000|0|3|rt4_TMB-5_MAP_g2_00400.r24|2|1|RICH|692|0|980|0000000000000000000000000000000000000000000000000000000000000000|RICH|1|692|DISP=ACCEPT_INSTALL|DETAIL=rt3_map_g2
0000000000000000000000000000000000000000000000000000000000000000|0000000000000000000000000000000000000000000000000000000000000000|0|3|rt4_TMB-5_MAP_g2_00401.r24|2|1|RICH|694|0|980|0000000000000000000000000000000000000000000000000000000000000000|RICH|1|694|DISP=ACCEPT_INSTALL|DETAIL=rt3_map_g2
0000000000000000000000000000000000000000000000000000000000000000|0000000000000000000000000000000000000000000000000000000000000000|0|3|rt4_TMB-5_MAP_g2_00402.r24|2|1|RICH|696|0|980|0000000000000000000000000000000000000000000000000000000000000000|RICH|1|696|DISP=ACCEPT_INSTALL|DETAIL=rt3_map_g2
0000000000000000000000000000000000000000000000000000000000000000|0000000000000000000000000000000000000000000000000000000000000000|0|3|rt4_TMB-5_MAP_g2_00403.r24|2|1|RICH|698|0|980|0000000000000000000000000000000000000000000000000000000000000000|RICH|1|698|DISP=ACCEPT_INSTALL|DETAIL=rt3_map_g2
0000000000000000000000000000000000000000000000000000000000000000|0000000000000000000000000000000000000000000000000000000000000000|0|3|rt4_TMB-5_MAP_g2_00404.r24|2|1|RICH|700|0|980|0000000000000000000000000000000000000000000000000000000000000000|RICH|1|700|DISP=ACCEPT_INSTALL|DETAIL=rt3_map_g2
0000000000000000000000000000000000000000000000000000000000000000|0000000000000000000000000000000000000000000000000000000000000000|0|3|rt4_TMB-5_MAP_g2_00405.r24|2|1|RICH|702|0|980|0000000000000000000000000000000000000000000000000000000000000000|RICH|1|702|DISP=ACCEPT_INSTALL|DETAIL=rt3_map_g2
0000000000000000000000000000000000000000000000000000000000000000|0000000000000000000000000000000000000000000000000000000000000000|0|3|rt4_TMB-5_MAP_g2_00406.r24|2|1|RICH|704|0|980|0000000000000000000000000000000000000000000000000000000000000000|RICH|1|704|DISP=ACCEPT_INSTALL|DETAIL=rt3_map_g2
0000000000000000000000000000000000000000000000000000000000000000|0000000000000000000000000000000000000000000000000000000000000000|0|3|rt4_TMB-5_MAP_g2_00407.r24|2|1|RICH|706|0|980|0000000000000000000000000000000000000000000000000000000000000000|RICH|1|706|DISP=ACCEPT_INSTALL|DETAIL=rt3_map_g2
0000000000000000000000000000000000000000000000000000000000000000|0000000000000000000000000000000000000000000000000000000000000000|0|3|rt4_TMB-5_MAP_g2_00408.r24|2|1|RICH|708|0|980|0000000000000000000000000000000000000000000000000000000000000000|RICH|1|708|DISP=ACCEPT_INSTALL|DETAIL=rt3_map_g2
0000000000000000000000000000000000000000000000000000000000000000|0000000000000000000000000000000000000000000000000000000000000000|0|3|rt4_TMB-5_MAP_g2_00409.r24|2|1|RICH|710|0|980|0000000000000000000000000000000000000000000000000000000000000000|RICH|1|710|DISP=ACCEPT_INSTALL|DETAIL=rt3_map_g2
0000000000000000000000000000000000000000000000000000000000000000|0000000000000000000000000000000000000000000000000000000000000000|0|3|rt4_TMB-5_MAP_g2_00410.r24|2|1|RICH|712|0|980|0000000000000000000000000000000000000000000000000000000000000000|RICH|1|712|DISP=ACCEPT_INSTALL|DETAIL=rt3_map_g2
0000000000000000000000000000000000000000000000000000000000000000|0000000000000000000000000000000000000000000000000000000000000000|0|3|rt4_TMB-5_MAP_g2_00411.r24|2|1|RICH|714|0|980|0000000000000000000000000000000000000000000000000000000000000000|RICH|1|714|DISP=ACCEPT_INSTALL|DETAIL=rt3_map_g2
0000000000000000000000000000000000000000000000000000000000000000|0000000000000000000000000000000000000000000000000000000000000000|0|3|rt4_TMB-5_MAP_g2_00412.r24|2|1|RICH|716|0|980|0000000000000000000000000000000000000000000000000000000000000000|RICH|1|716|DISP=ACCEPT_INSTALL|DETAIL=rt3_map_g2
0000000000000000000000000000000000000000000000000000000000000000|0000000000000000000000000000000000000000000000000000000000000000|0|3|rt4_TMB-5_MAP_g2_00413.r24|2|1|RICH|718|0|980|0000000000000000000000000000000000000000000000000000000000000000|RICH|1|718|DISP=ACCEPT_INSTALL|DETAIL=rt3_map_g2
0000000000000000000000000000000000000000000000000000000000000000|0000000000000000000000000000000000000000000000000000000000000000|0|3|rt4_TMB-5_MAP_g2_00414.r24|2|1|RICH|720|0|980|0000000000000000000000000000000000000000000000000000000000000000|RICH|1|720|DISP=ACCEPT_INSTALL|DETAIL=rt3_map_g2
0000000000000000000000000000000000000000000000000000000000000000|0000000000000000000000000000000000000000000000000000000000000000|0|3|rt4_TMB-5_MAP_g2_00415.r24|2|1|RICH|722|0|980|0000000000000000000000000000000000000000000000000000000000000000|RICH|1|722|DISP=ACCEPT_INSTALL|DETAIL=rt3_map_g2
0000000000000000000000000000000000000000000000000000000000000000|0000000000000000000000000000000000000000000000000000000000000000|0|3|rt4_TMB-5_MAP_g2_00416.r24|2|1|RICH|724|0|980|0000000000000000000000000000000000000000000000000000000000000000|RICH|1|724|DISP=ACCEPT_INSTALL|DETAIL=rt3_map_g2
0000000000000000000000000000000000000000000000000000000000000000|0000000000000000000000000000000000000000000000000000000000000000|0|3|rt4_TMB-5_MAP_g2_00417.r24|2|1|RICH|726|0|980|0000000000000000000000000000000000000000000000000000000000000000|RICH|1|726|DISP=ACCEPT_INSTALL|DETAIL=rt3_map_g2
0000000000000000000000000000000000000000000000000000000000000000|0000000000000000000000000000000000000000000000000000000000000000|0|3|rt4_TMB-5_MAP_g2_00418.r24|2|1|RICH|728|0|980|0000000000000000000000000000000000000000000000000000000000000000|RICH|1|728|DISP=ACCEPT_INSTALL|DETAIL=rt3_map_g2
0000000000000000000000000000000000000000000000000000000000000000|0000000000000000000000000000000000000000000000000000000000000000|0|3|rt4_TMB-5_MAP_g2_00419.r24|2|1|RICH|730|0|980|0000000000000000000000000000000000000000000000000000000000000000|RICH|1|730|DISP=ACCEPT_INSTALL|DETAIL=rt3_map_g2
0000000000000000000000000000000000000000000000000000000000000000|0000000000000000000000000000000000000000000000000000000000000000|0|3|rt4_TMB-5_MAP_g2_00420.r24|2|1|RICH|690|0|1000|0000000000000000000000000000000000000000000000000000000000000000|RICH|1|690|DISP=ACCEPT_INSTALL|DETAIL=rt3_map_g2
0000000000000000000000000000000000000000000000000000000000000000|0000000000000000000000000000000000000000000000000000000000000000|0|3|rt4_TMB-5_MAP_g2_00421.r24|2|1|RICH|692|0|1000|0000000000000000000000000000000000000000000000000000000000000000|RICH|1|692|DISP=ACCEPT_INSTALL|DETAIL=rt3_map_g2
0000000000000000000000000000000000000000000000000000000000000000|0000000000000000000000000000000000000000000000000000000000000000|0|3|rt4_TMB-5_MAP_g2_00422.r24|2|1|RICH|694|0|1000|0000000000000000000000000000000000000000000000000000000000000000|RICH|1|694|DISP=ACCEPT_INSTALL|DETAIL=rt3_map_g2
0000000000000000000000000000000000000000000000000000000000000000|0000000000000000000000000000000000000000000000000000000000000000|0|3|rt4_TMB-5_MAP_g2_00423.r24|2|1|RICH|696|0|1000|0000000000000000000000000000000000000000000000000000000000000000|RICH|1|696|DISP=ACCEPT_INSTALL|DETAIL=rt3_map_g2
0000000000000000000000000000000000000000000000000000000000000000|0000000000000000000000000000000000000000000000000000000000000000|0|3|rt4_TMB-5_MAP_g2_00424.r24|2|1|RICH|698|0|1000|0000000000000000000000000000000000000000000000000000000000000000|RICH|1|698|DISP=ACCEPT_INSTALL|DETAIL=rt3_map_g2
0000000000000000000000000000000000000000000000000000000000000000|0000000000000000000000000000000000000000000000000000000000000000|0|3|rt4_TMB-5_MAP_g2_00425.r24|2|1|RICH|700|0|1000|0000000000000000000000000000000000000000000000000000000000000000|RICH|1|700|DISP=ACCEPT_INSTALL|DETAIL=rt3_map_g2
0000000000000000000000000000000000000000000000000000000000000000|0000000000000000000000000000000000000000000000000000000000000000|0|3|rt4_TMB-5_MAP_g2_00426.r24|2|1|RICH|702|0|1000|0000000000000000000000000000000000000000000000000000000000000000|RICH|1|702|DISP=ACCEPT_INSTALL|DETAIL=rt3_map_g2
0000000000000000000000000000000000000000000000000000000000000000|0000000000000000000000000000000000000000000000000000000000000000|0|3|rt4_TMB-5_MAP_g2_00427.r24|2|1|RICH|704|0|1000|0000000000000000000000000000000000000000000000000000000000000000|RICH|1|704|DISP=ACCEPT_INSTALL|DETAIL=rt3_map_g2
0000000000000000000000000000000000000000000000000000000000000000|0000000000000000000000000000000000000000000000000000000000000000|0|3|rt4_TMB-5_MAP_g2_00428.r24|2|1|RICH|706|0|1000|0000000000000000000000000000000000000000000000000000000000000000|RICH|1|706|DISP=ACCEPT_INSTALL|DETAIL=rt3_map_g2
0000000000000000000000000000000000000000000000000000000000000000|0000000000000000000000000000000000000000000000000000000000000000|0|3|rt4_TMB-5_MAP_g2_00429.r24|2|1|RICH|708|0|1000|0000000000000000000000000000000000000000000000000000000000000000|RICH|1|708|DISP=ACCEPT_INSTALL|DETAIL=rt3_map_g2
0000000000000000000000000000000000000000000000000000000000000000|0000000000000000000000000000000000000000000000000000000000000000|0|3|rt4_TMB-5_MAP_g2_00430.r24|2|1|RICH|710|0|1000|0000000000000000000000000000000000000000000000000000000000000000|RICH|1|710|DISP=ACCEPT_INSTALL|DETAIL=rt3_map_g2
0000000000000000000000000000000000000000000000000000000000000000|0000000000000000000000000000000000000000000000000000000000000000|0|3|rt4_TMB-5_MAP_g2_00431.r24|2|1|RICH|712|0|1000|0000000000000000000000000000000000000000000000000000000000000000|RICH|1|712|DISP=ACCEPT_INSTALL|DETAIL=rt3_map_g2
0000000000000000000000000000000000000000000000000000000000000000|0000000000000000000000000000000000000000000000000000000000000000|0|3|rt4_TMB-5_MAP_g2_00432.r24|2|1|RICH|714|0|1000|0000000000000000000000000000000000000000000000000000000000000000|RICH|1|714|DISP=ACCEPT_INSTALL|DETAIL=rt3_map_g2
0000000000000000000000000000000000000000000000000000000000000000|0000000000000000000000000000000000000000000000000000000000000000|0|3|rt4_TMB-5_MAP_g2_00433.r24|2|1|RICH|716|0|1000|0000000000000000000000000000000000000000000000000000000000000000|RICH|1|716|DISP=ACCEPT_INSTALL|DETAIL=rt3_map_g2
0000000000000000000000000000000000000000000000000000000000000000|0000000000000000000000000000000000000000000000000000000000000000|0|3|rt4_TMB-5_MAP_g2_00434.r24|2|1|RICH|718|0|1000|0000000000000000000000000000000000000000000000000000000000000000|RICH|1|718|DISP=ACCEPT_INSTALL|DETAIL=rt3_map_g2
0000000000000000000000000000000000000000000000000000000000000000|0000000000000000000000000000000000000000000000000000000000000000|0|3|rt4_TMB-5_MAP_g2_00435.r24|2|1|RICH|720|0|1000|0000000000000000000000000000000000000000000000000000000000000000|RICH|1|720|DISP=ACCEPT_INSTALL|DETAIL=rt3_map_g2
0000000000000000000000000000000000000000000000000000000000000000|0000000000000000000000000000000000000000000000000000000000000000|0|3|rt4_TMB-5_MAP_g2_00436.r24|2|1|RICH|722|0|1000|0000000000000000000000000000000000000000000000000000000000000000|RICH|1|722|DISP=ACCEPT_INSTALL|DETAIL=rt3_map_g2
0000000000000000000000000000000000000000000000000000000000000000|0000000000000000000000000000000000000000000000000000000000000000|0|3|rt4_TMB-5_MAP_g2_00437.r24|2|1|RICH|724|0|1000|0000000000000000000000000000000000000000000000000000000000000000|RICH|1|724|DISP=ACCEPT_INSTALL|DETAIL=rt3_map_g2
0000000000000000000000000000000000000000000000000000000000000000|0000000000000000000000000000000000000000000000000000000000000000|0|3|rt4_TMB-5_MAP_g2_00438.r24|2|1|RICH|726|0|1000|0000000000000000000000000000000000000000000000000000000000000000|RICH|1|726|DISP=ACCEPT_INSTALL|DETAIL=rt3_map_g2
0000000000000000000000000000000000000000000000000000000000000000|0000000000000000000000000000000000000000000000000000000000000000|0|3|rt4_TMB-5_MAP_g2_00439.r24|2|1|RICH|728|0|1000|0000000000000000000000000000000000000000000000000000000000000000|RICH|1|728|DISP=ACCEPT_INSTALL|DETAIL=rt3_map_g2
0000000000000000000000000000000000000000000000000000000000000000|0000000000000000000000000000000000000000000000000000000000000000|0|3|rt4_TMB-5_MAP_g2_00440.r24|2|1|RICH|730|0|1000|0000000000000000000000000000000000000000000000000000000000000000|RICH|1|730|DISP=ACCEPT_INSTALL|DETAIL=rt3_map_g2
0000000000000000000000000000000000000000000000000000000000000000|0000000000000000000000000000000000000000000000000000000000000000|0|3|rt4_TMB-5_MAP_g2_00441.r24|2|1|RICH|690|0|1020|0000000000000000000000000000000000000000000000000000000000000000|RICH|1|690|DISP=ACCEPT_INSTALL|DETAIL=rt3_map_g2
0000000000000000000000000000000000000000000000000000000000000000|0000000000000000000000000000000000000000000000000000000000000000|0|3|rt4_TMB-5_MAP_g2_00442.r24|2|1|RICH|692|0|1020|0000000000000000000000000000000000000000000000000000000000000000|RICH|1|692|DISP=ACCEPT_INSTALL|DETAIL=rt3_map_g2
0000000000000000000000000000000000000000000000000000000000000000|0000000000000000000000000000000000000000000000000000000000000000|0|3|rt4_TMB-5_MAP_g2_00443.r24|2|1|RICH|694|0|1020|0000000000000000000000000000000000000000000000000000000000000000|RICH|1|694|DISP=ACCEPT_INSTALL|DETAIL=rt3_map_g2
0000000000000000000000000000000000000000000000000000000000000000|0000000000000000000000000000000000000000000000000000000000000000|0|3|rt4_TMB-5_MAP_g2_00444.r24|2|1|RICH|696|0|1020|0000000000000000000000000000000000000000000000000000000000000000|RICH|1|696|DISP=ACCEPT_INSTALL|DETAIL=rt3_map_g2
0000000000000000000000000000000000000000000000000000000000000000|0000000000000000000000000000000000000000000000000000000000000000|0|3|rt4_TMB-5_MAP_g2_00445.r24|2|1|RICH|698|0|1020|0000000000000000000000000000000000000000000000000000000000000000|RICH|1|698|DISP=ACCEPT_INSTALL|DETAIL=rt3_map_g2
0000000000000000000000000000000000000000000000000000000000000000|0000000000000000000000000000000000000000000000000000000000000000|0|3|rt4_TMB-5_MAP_g2_00446.r24|2|1|RICH|700|0|1020|0000000000000000000000000000000000000000000000000000000000000000|RICH|1|700|DISP=ACCEPT_INSTALL|DETAIL=rt3_map_g2
0000000000000000000000000000000000000000000000000000000000000000|0000000000000000000000000000000000000000000000000000000000000000|0|3|rt4_TMB-5_MAP_g2_00447.r24|2|1|RICH|702|0|1020|0000000000000000000000000000000000000000000000000000000000000000|RICH|1|702|DISP=ACCEPT_INSTALL|DETAIL=rt3_map_g2
0000000000000000000000000000000000000000000000000000000000000000|0000000000000000000000000000000000000000000000000000000000000000|0|3|rt4_TMB-5_MAP_g2_00448.r24|2|1|RICH|704|0|1020|0000000000000000000000000000000000000000000000000000000000000000|RICH|1|704|DISP=ACCEPT_INSTALL|DETAIL=rt3_map_g2
0000000000000000000000000000000000000000000000000000000000000000|0000000000000000000000000000000000000000000000000000000000000000|0|3|rt4_TMB-5_MAP_g2_00449.r24|2|1|RICH|706|0|1020|0000000000000000000000000000000000000000000000000000000000000000|RICH|1|706|DISP=ACCEPT_INSTALL|DETAIL=rt3_map_g2
0000000000000000000000000000000000000000000000000000000000000000|0000000000000000000000000000000000000000000000000000000000000000|0|3|rt4_TMB-5_MAP_g2_00450.r24|2|1|RICH|708|0|1020|0000000000000000000000000000000000000000000000000000000000000000|RICH|1|708|DISP=ACCEPT_INSTALL|DETAIL=rt3_map_g2
0000000000000000000000000000000000000000000000000000000000000000|0000000000000000000000000000000000000000000000000000000000000000|0|3|rt4_TMB-5_MAP_g2_00451.r24|2|1|RICH|710|0|1020|0000000000000000000000000000000000000000000000000000000000000000|RICH|1|710|DISP=ACCEPT_INSTALL|DETAIL=rt3_map_g2
0000000000000000000000000000000000000000000000000000000000000000|0000000000000000000000000000000000000000000000000000000000000000|0|3|rt4_TMB-5_MAP_g2_00452.r24|2|1|RICH|712|0|1020|0000000000000000000000000000000000000000000000000000000000000000|RICH|1|712|DISP=ACCEPT_INSTALL|DETAIL=rt3_map_g2
0000000000000000000000000000000000000000000000000000000000000000|0000000000000000000000000000000000000000000000000000000000000000|0|3|rt4_TMB-5_MAP_g2_00453.r24|2|1|RICH|714|0|1020|0000000000000000000000000000000000000000000000000000000000000000|RICH|1|714|DISP=ACCEPT_INSTALL|DETAIL=rt3_map_g2
0000000000000000000000000000000000000000000000000000000000000000|0000000000000000000000000000000000000000000000000000000000000000|0|3|rt4_TMB-5_MAP_g2_00454.r24|2|1|RICH|716|0|1020|0000000000000000000000000000000000000000000000000000000000000000|RICH|1|716|DISP=ACCEPT_INSTALL|DETAIL=rt3_map_g2
0000000000000000000000000000000000000000000000000000000000000000|0000000000000000000000000000000000000000000000000000000000000000|0|3|rt4_TMB-5_MAP_g2_00455.r24|2|1|RICH|718|0|1020|0000000000000000000000000000000000000000000000000000000000000000|RICH|1|718|DISP=ACCEPT_INSTALL|DETAIL=rt3_map_g2
0000000000000000000000000000000000000000000000000000000000000000|0000000000000000000000000000000000000000000000000000000000000000|0|3|rt4_TMB-5_MAP_g2_00456.r24|2|1|RICH|720|0|1020|0000000000000000000000000000000000000000000000000000000000000000|RICH|1|720|DISP=ACCEPT_INSTALL|DETAIL=rt3_map_g2
0000000000000000000000000000000000000000000000000000000000000000|0000000000000000000000000000000000000000000000000000000000000000|0|3|rt4_TMB-5_MAP_g2_00457.r24|2|1|RICH|722|0|1020|0000000000000000000000000000000000000000000000000000000000000000|RICH|1|722|DISP=ACCEPT_INSTALL|DETAIL=rt3_map_g2
0000000000000000000000000000000000000000000000000000000000000000|0000000000000000000000000000000000000000000000000000000000000000|0|3|rt4_TMB-5_MAP_g2_00458.r24|2|1|RICH|724|0|1020|0000000000000000000000000000000000000000000000000000000000000000|RICH|1|724|DISP=ACCEPT_INSTALL|DETAIL=rt3_map_g2
0000000000000000000000000000000000000000000000000000000000000000|0000000000000000000000000000000000000000000000000000000000000000|0|3|rt4_TMB-5_MAP_g2_00459.r24|2|1|RICH|726|0|1020|0000000000000000000000000000000000000000000000000000000000000000|RICH|1|726|DISP=ACCEPT_INSTALL|DETAIL=rt3_map_g2
0000000000000000000000000000000000000000000000000000000000000000|0000000000000000000000000000000000000000000000000000000000000000|0|3|rt4_TMB-5_MAP_g2_00460.r24|2|1|RICH|728|0|1020|0000000000000000000000000000000000000000000000000000000000000000|RICH|1|728|DISP=ACCEPT_INSTALL|DETAIL=rt3_map_g2
0000000000000000000000000000000000000000000000000000000000000000|0000000000000000000000000000000000000000000000000000000000000000|0|3|rt4_TMB-5_MAP_g2_00461.r24|2|1|RICH|730|0|1020|0000000000000000000000000000000000000000000000000000000000000000|RICH|1|730|DISP=ACCEPT_INSTALL|DETAIL=rt3_map_g2
0000000000000000000000000000000000000000000000000000000000000000|0000000000000000000000000000000000000000000000000000000000000000|0|3|rt4_TMB-5_MAP_g2_00462.r24|2|1|RICH|690|0|1040|0000000000000000000000000000000000000000000000000000000000000000|RICH|1|690|DISP=ACCEPT_INSTALL|DETAIL=rt3_map_g2
0000000000000000000000000000000000000000000000000000000000000000|0000000000000000000000000000000000000000000000000000000000000000|0|3|rt4_TMB-5_MAP_g2_00463.r24|2|1|RICH|692|0|1040|0000000000000000000000000000000000000000000000000000000000000000|RICH|1|692|DISP=ACCEPT_INSTALL|DETAIL=rt3_map_g2
0000000000000000000000000000000000000000000000000000000000000000|0000000000000000000000000000000000000000000000000000000000000000|0|3|rt4_TMB-5_MAP_g2_00464.r24|2|1|RICH|694|0|1040|0000000000000000000000000000000000000000000000000000000000000000|RICH|1|694|DISP=ACCEPT_INSTALL|DETAIL=rt3_map_g2
0000000000000000000000000000000000000000000000000000000000000000|0000000000000000000000000000000000000000000000000000000000000000|0|3|rt4_TMB-5_MAP_g2_00465.r24|2|1|RICH|696|0|1040|0000000000000000000000000000000000000000000000000000000000000000|RICH|1|696|DISP=ACCEPT_INSTALL|DETAIL=rt3_map_g2
0000000000000000000000000000000000000000000000000000000000000000|0000000000000000000000000000000000000000000000000000000000000000|0|3|rt4_TMB-5_MAP_g2_00466.r24|2|1|RICH|698|0|1040|0000000000000000000000000000000000000000000000000000000000000000|RICH|1|698|DISP=ACCEPT_INSTALL|DETAIL=rt3_map_g2
0000000000000000000000000000000000000000000000000000000000000000|0000000000000000000000000000000000000000000000000000000000000000|0|3|rt4_TMB-5_MAP_g2_00467.r24|2|1|RICH|700|0|1040|0000000000000000000000000000000000000000000000000000000000000000|RICH|1|700|DISP=ACCEPT_INSTALL|DETAIL=rt3_map_g2
0000000000000000000000000000000000000000000000000000000000000000|0000000000000000000000000000000000000000000000000000000000000000|0|3|rt4_TMB-5_MAP_g2_00468.r24|2|1|RICH|702|0|1040|0000000000000000000000000000000000000000000000000000000000000000|RICH|1|702|DISP=ACCEPT_INSTALL|DETAIL=rt3_map_g2
0000000000000000000000000000000000000000000000000000000000000000|0000000000000000000000000000000000000000000000000000000000000000|0|3|rt4_TMB-5_MAP_g2_00469.r24|2|1|RICH|704|0|1040|0000000000000000000000000000000000000000000000000000000000000000|RICH|1|704|DISP=ACCEPT_INSTALL|DETAIL=rt3_map_g2
0000000000000000000000000000000000000000000000000000000000000000|0000000000000000000000000000000000000000000000000000000000000000|0|3|rt4_TMB-5_MAP_g2_00470.r24|2|1|RICH|706|0|1040|0000000000000000000000000000000000000000000000000000000000000000|RICH|1|706|DISP=ACCEPT_INSTALL|DETAIL=rt3_map_g2
0000000000000000000000000000000000000000000000000000000000000000|0000000000000000000000000000000000000000000000000000000000000000|0|3|rt4_TMB-5_MAP_g2_00471.r24|2|1|RICH|708|0|1040|0000000000000000000000000000000000000000000000000000000000000000|RICH|1|708|DISP=ACCEPT_INSTALL|DETAIL=rt3_map_g2
0000000000000000000000000000000000000000000000000000000000000000|0000000000000000000000000000000000000000000000000000000000000000|0|3|rt4_TMB-5_MAP_g2_00472.r24|2|1|RICH|710|0|1040|0000000000000000000000000000000000000000000000000000000000000000|RICH|1|710|DISP=ACCEPT_INSTALL|DETAIL=rt3_map_g2
0000000000000000000000000000000000000000000000000000000000000000|0000000000000000000000000000000000000000000000000000000000000000|0|3|rt4_TMB-5_MAP_g2_00473.r24|2|1|RICH|712|0|1040|0000000000000000000000000000000000000000000000000000000000000000|RICH|1|712|DISP=ACCEPT_INSTALL|DETAIL=rt3_map_g2
0000000000000000000000000000000000000000000000000000000000000000|0000000000000000000000000000000000000000000000000000000000000000|0|3|rt4_TMB-5_MAP_g2_00474.r24|2|1|RICH|714|0|1040|0000000000000000000000000000000000000000000000000000000000000000|RICH|1|714|DISP=ACCEPT_INSTALL|DETAIL=rt3_map_g2
0000000000000000000000000000000000000000000000000000000000000000|0000000000000000000000000000000000000000000000000000000000000000|0|3|rt4_TMB-5_MAP_g2_00475.r24|2|1|RICH|716|0|1040|0000000000000000000000000000000000000000000000000000000000000000|RICH|1|716|DISP=ACCEPT_INSTALL|DETAIL=rt3_map_g2
0000000000000000000000000000000000000000000000000000000000000000|0000000000000000000000000000000000000000000000000000000000000000|0|3|rt4_TMB-5_MAP_g2_00476.r24|2|1|RICH|718|0|1040|0000000000000000000000000000000000000000000000000000000000000000|RICH|1|718|DISP=ACCEPT_INSTALL|DETAIL=rt3_map_g2
0000000000000000000000000000000000000000000000000000000000000000|0000000000000000000000000000000000000000000000000000000000000000|0|3|rt4_TMB-5_MAP_g2_00477.r24|2|1|RICH|720|0|1040|0000000000000000000000000000000000000000000000000000000000000000|RICH|1|720|DISP=ACCEPT_INSTALL|DETAIL=rt3_map_g2
0000000000000000000000000000000000000000000000000000000000000000|0000000000000000000000000000000000000000000000000000000000000000|0|3|rt4_TMB-5_MAP_g2_00478.r24|2|1|RICH|722|0|1040|0000000000000000000000000000000000000000000000000000000000000000|RICH|1|722|DISP=ACCEPT_INSTALL|DETAIL=rt3_map_g2
0000000000000000000000000000000000000000000000000000000000000000|0000000000000000000000000000000000000000000000000000000000000000|0|3|rt4_TMB-5_MAP_g2_00479.r24|2|1|RICH|724|0|1040|0000000000000000000000000000000000000000000000000000000000000000|RICH|1|724|DISP=ACCEPT_INSTALL|DETAIL=rt3_map_g2
0000000000000000000000000000000000000000000000000000000000000000|0000000000000000000000000000000000000000000000000000000000000000|0|3|rt4_TMB-5_MAP_g2_00480.r24|2|1|RICH|726|0|1040|0000000000000000000000000000000000000000000000000000000000000000|RICH|1|726|DISP=ACCEPT_INSTALL|DETAIL=rt3_map_g2
0000000000000000000000000000000000000000000000000000000000000000|0000000000000000000000000000000000000000000000000000000000000000|0|3|rt4_TMB-5_MAP_g2_00481.r24|2|1|RICH|728|0|1040|0000000000000000000000000000000000000000000000000000000000000000|RICH|1|728|DISP=ACCEPT_INSTALL|DETAIL=rt3_map_g2
0000000000000000000000000000000000000000000000000000000000000000|0000000000000000000000000000000000000000000000000000000000000000|0|3|rt4_TMB-5_MAP_g2_00482.r24|2|1|RICH|730|0|1040|0000000000000000000000000000000000000000000000000000000000000000|RICH|1|730|DISP=ACCEPT_INSTALL|DETAIL=rt3_map_g2
0000000000000000000000000000000000000000000000000000000000000000|0000000000000000000000000000000000000000000000000000000000000000|0|3|rt4_TMB-5_MAP_g2_00483.r24|2|1|RICH|690|0|1060|0000000000000000000000000000000000000000000000000000000000000000|RICH|1|690|DISP=ACCEPT_INSTALL|DETAIL=rt3_map_g2
0000000000000000000000000000000000000000000000000000000000000000|0000000000000000000000000000000000000000000000000000000000000000|0|3|rt4_TMB-5_MAP_g2_00484.r24|2|1|RICH|692|0|1060|0000000000000000000000000000000000000000000000000000000000000000|RICH|1|692|DISP=ACCEPT_INSTALL|DETAIL=rt3_map_g2
0000000000000000000000000000000000000000000000000000000000000000|0000000000000000000000000000000000000000000000000000000000000000|0|3|rt4_TMB-5_MAP_g2_00485.r24|2|1|RICH|694|0|1060|0000000000000000000000000000000000000000000000000000000000000000|RICH|1|694|DISP=ACCEPT_INSTALL|DETAIL=rt3_map_g2
0000000000000000000000000000000000000000000000000000000000000000|0000000000000000000000000000000000000000000000000000000000000000|0|3|rt4_TMB-5_MAP_g2_00486.r24|2|1|RICH|696|0|1060|0000000000000000000000000000000000000000000000000000000000000000|RICH|1|696|DISP=ACCEPT_INSTALL|DETAIL=rt3_map_g2
0000000000000000000000000000000000000000000000000000000000000000|0000000000000000000000000000000000000000000000000000000000000000|0|3|rt4_TMB-5_MAP_g2_00487.r24|2|1|RICH|698|0|1060|0000000000000000000000000000000000000000000000000000000000000000|RICH|1|698|DISP=ACCEPT_INSTALL|DETAIL=rt3_map_g2
0000000000000000000000000000000000000000000000000000000000000000|0000000000000000000000000000000000000000000000000000000000000000|0|3|rt4_TMB-5_MAP_g2_00488.r24|2|1|RICH|700|0|1060|0000000000000000000000000000000000000000000000000000000000000000|RICH|1|700|DISP=ACCEPT_INSTALL|DETAIL=rt3_map_g2
0000000000000000000000000000000000000000000000000000000000000000|0000000000000000000000000000000000000000000000000000000000000000|0|3|rt4_TMB-5_MAP_g2_00489.r24|2|1|RICH|702|0|1060|0000000000000000000000000000000000000000000000000000000000000000|RICH|1|702|DISP=ACCEPT_INSTALL|DETAIL=rt3_map_g2
0000000000000000000000000000000000000000000000000000000000000000|0000000000000000000000000000000000000000000000000000000000000000|0|3|rt4_TMB-5_MAP_g2_00490.r24|2|1|RICH|704|0|1060|0000000000000000000000000000000000000000000000000000000000000000|RICH|1|704|DISP=ACCEPT_INSTALL|DETAIL=rt3_map_g2
0000000000000000000000000000000000000000000000000000000000000000|0000000000000000000000000000000000000000000000000000000000000000|0|3|rt4_TMB-5_MAP_g2_00491.r24|2|1|RICH|706|0|1060|0000000000000000000000000000000000000000000000000000000000000000|RICH|1|706|DISP=ACCEPT_INSTALL|DETAIL=rt3_map_g2
0000000000000000000000000000000000000000000000000000000000000000|0000000000000000000000000000000000000000000000000000000000000000|0|3|rt4_TMB-5_MAP_g2_00492.r24|2|1|RICH|708|0|1060|0000000000000000000000000000000000000000000000000000000000000000|RICH|1|708|DISP=ACCEPT_INSTALL|DETAIL=rt3_map_g2
0000000000000000000000000000000000000000000000000000000000000000|0000000000000000000000000000000000000000000000000000000000000000|0|3|rt4_TMB-5_MAP_g2_00493.r24|2|1|RICH|710|0|1060|0000000000000000000000000000000000000000000000000000000000000000|RICH|1|710|DISP=ACCEPT_INSTALL|DETAIL=rt3_map_g2
0000000000000000000000000000000000000000000000000000000000000000|0000000000000000000000000000000000000000000000000000000000000000|0|3|rt4_TMB-5_MAP_g2_00494.r24|2|1|RICH|712|0|1060|0000000000000000000000000000000000000000000000000000000000000000|RICH|1|712|DISP=ACCEPT_INSTALL|DETAIL=rt3_map_g2
0000000000000000000000000000000000000000000000000000000000000000|0000000000000000000000000000000000000000000000000000000000000000|0|3|rt4_TMB-5_MAP_g2_00495.r24|2|1|RICH|714|0|1060|0000000000000000000000000000000000000000000000000000000000000000|RICH|1|714|DISP=ACCEPT_INSTALL|DETAIL=rt3_map_g2
0000000000000000000000000000000000000000000000000000000000000000|0000000000000000000000000000000000000000000000000000000000000000|0|3|rt4_TMB-5_MAP_g2_00496.r24|2|1|RICH|716|0|1060|0000000000000000000000000000000000000000000000000000000000000000|RICH|1|716|DISP=ACCEPT_INSTALL|DETAIL=rt3_map_g2
0000000000000000000000000000000000000000000000000000000000000000|0000000000000000000000000000000000000000000000000000000000000000|0|3|rt4_TMB-5_MAP_g2_00497.r24|2|1|RICH|718|0|1060|0000000000000000000000000000000000000000000000000000000000000000|RICH|1|718|DISP=ACCEPT_INSTALL|DETAIL=rt3_map_g2
0000000000000000000000000000000000000000000000000000000000000000|0000000000000000000000000000000000000000000000000000000000000000|0|3|rt4_TMB-5_MAP_g2_00498.r24|2|1|RICH|720|0|1060|0000000000000000000000000000000000000000000000000000000000000000|RICH|1|720|DISP=ACCEPT_INSTALL|DETAIL=rt3_map_g2
0000000000000000000000000000000000000000000000000000000000000000|0000000000000000000000000000000000000000000000000000000000000000|0|3|rt4_TMB-5_MAP_g2_00499.r24|2|1|RICH|722|0|1060|0000000000000000000000000000000000000000000000000000000000000000|RICH|1|722|DISP=ACCEPT_INSTALL|DETAIL=rt3_map_g2
0000000000000000000000000000000000000000000000000000000000000000|0000000000000000000000000000000000000000000000000000000000000000|0|3|rt4_TMB-5_MAP_g2_00500.r24|2|1|RICH|724|0|1060|0000000000000000000000000000000000000000000000000000000000000000|RICH|1|724|DISP=ACCEPT_INSTALL|DETAIL=rt3_map_g2
0000000000000000000000000000000000000000000000000000000000000000|0000000000000000000000000000000000000000000000000000000000000000|0|3|rt4_TMB-5_MAP_g2_00501.r24|2|1|RICH|726|0|1060|0000000000000000000000000000000000000000000000000000000000000000|RICH|1|726|DISP=ACCEPT_INSTALL|DETAIL=rt3_map_g2
0000000000000000000000000000000000000000000000000000000000000000|0000000000000000000000000000000000000000000000000000000000000000|0|3|rt4_TMB-5_MAP_g2_00502.r24|2|1|RICH|728|0|1060|0000000000000000000000000000000000000000000000000000000000000000|RICH|1|728|DISP=ACCEPT_INSTALL|DETAIL=rt3_map_g2
0000000000000000000000000000000000000000000000000000000000000000|0000000000000000000000000000000000000000000000000000000000000000|0|3|rt4_TMB-5_MAP_g2_00503.r24|2|1|RICH|730|0|1060|0000000000000000000000000000000000000000000000000000000000000000|RICH|1|730|DISP=ACCEPT_INSTALL|DETAIL=rt3_map_g2
0000000000000000000000000000000000000000000000000000000000000000|0000000000000000000000000000000000000000000000000000000000000000|0|3|rt4_TMB-5_MAP_g2_00504.r24|2|1|RICH|690|0|1080|0000000000000000000000000000000000000000000000000000000000000000|RICH|1|690|DISP=ACCEPT_INSTALL|DETAIL=rt3_map_g2
0000000000000000000000000000000000000000000000000000000000000000|0000000000000000000000000000000000000000000000000000000000000000|0|3|rt4_TMB-5_MAP_g2_00505.r24|2|1|RICH|692|0|1080|0000000000000000000000000000000000000000000000000000000000000000|RICH|1|692|DISP=ACCEPT_INSTALL|DETAIL=rt3_map_g2
0000000000000000000000000000000000000000000000000000000000000000|0000000000000000000000000000000000000000000000000000000000000000|0|3|rt4_TMB-5_MAP_g2_00506.r24|2|1|RICH|694|0|1080|0000000000000000000000000000000000000000000000000000000000000000|RICH|1|694|DISP=ACCEPT_INSTALL|DETAIL=rt3_map_g2
0000000000000000000000000000000000000000000000000000000000000000|0000000000000000000000000000000000000000000000000000000000000000|0|3|rt4_TMB-5_MAP_g2_00507.r24|2|1|RICH|696|0|1080|0000000000000000000000000000000000000000000000000000000000000000|RICH|1|696|DISP=ACCEPT_INSTALL|DETAIL=rt3_map_g2
0000000000000000000000000000000000000000000000000000000000000000|0000000000000000000000000000000000000000000000000000000000000000|0|3|rt4_TMB-5_MAP_g2_00508.r24|2|1|RICH|698|0|1080|0000000000000000000000000000000000000000000000000000000000000000|RICH|1|698|DISP=ACCEPT_INSTALL|DETAIL=rt3_map_g2
0000000000000000000000000000000000000000000000000000000000000000|0000000000000000000000000000000000000000000000000000000000000000|0|3|rt4_TMB-5_MAP_g2_00509.r24|2|1|RICH|700|0|1080|0000000000000000000000000000000000000000000000000000000000000000|RICH|1|700|DISP=ACCEPT_INSTALL|DETAIL=rt3_map_g2
0000000000000000000000000000000000000000000000000000000000000000|0000000000000000000000000000000000000000000000000000000000000000|0|3|rt4_TMB-5_MAP_g2_00510.r24|2|1|RICH|702|0|1080|0000000000000000000000000000000000000000000000000000000000000000|RICH|1|702|DISP=ACCEPT_INSTALL|DETAIL=rt3_map_g2
0000000000000000000000000000000000000000000000000000000000000000|0000000000000000000000000000000000000000000000000000000000000000|0|3|rt4_TMB-5_MAP_g2_00511.r24|2|1|RICH|704|0|1080|0000000000000000000000000000000000000000000000000000000000000000|RICH|1|704|DISP=ACCEPT_INSTALL|DETAIL=rt3_map_g2
0000000000000000000000000000000000000000000000000000000000000000|0000000000000000000000000000000000000000000000000000000000000000|0|3|rt4_TMB-5_MAP_g2_00512.r24|2|1|RICH|706|0|1080|0000000000000000000000000000000000000000000000000000000000000000|RICH|1|706|DISP=ACCEPT_INSTALL|DETAIL=rt3_map_g2
0000000000000000000000000000000000000000000000000000000000000000|0000000000000000000000000000000000000000000000000000000000000000|0|3|rt4_TMB-5_MAP_g2_00513.r24|2|1|RICH|708|0|1080|0000000000000000000000000000000000000000000000000000000000000000|RICH|1|708|DISP=ACCEPT_INSTALL|DETAIL=rt3_map_g2
0000000000000000000000000000000000000000000000000000000000000000|0000000000000000000000000000000000000000000000000000000000000000|0|3|rt4_TMB-5_MAP_g2_00514.r24|2|1|RICH|710|0|1080|0000000000000000000000000000000000000000000000000000000000000000|RICH|1|710|DISP=ACCEPT_INSTALL|DETAIL=rt3_map_g2
0000000000000000000000000000000000000000000000000000000000000000|0000000000000000000000000000000000000000000000000000000000000000|0|3|rt4_TMB-5_MAP_g2_00515.r24|2|1|RICH|712|0|1080|0000000000000000000000000000000000000000000000000000000000000000|RICH|1|712|DISP=ACCEPT_INSTALL|DETAIL=rt3_map_g2
0000000000000000000000000000000000000000000000000000000000000000|0000000000000000000000000000000000000000000000000000000000000000|0|3|rt4_TMB-5_MAP_g2_00516.r24|2|1|RICH|714|0|1080|0000000000000000000000000000000000000000000000000000000000000000|RICH|1|714|DISP=ACCEPT_INSTALL|DETAIL=rt3_map_g2
0000000000000000000000000000000000000000000000000000000000000000|0000000000000000000000000000000000000000000000000000000000000000|0|3|rt4_TMB-5_MAP_g2_00517.r24|2|1|RICH|716|0|1080|0000000000000000000000000000000000000000000000000000000000000000|RICH|1|716|DISP=ACCEPT_INSTALL|DETAIL=rt3_map_g2
0000000000000000000000000000000000000000000000000000000000000000|0000000000000000000000000000000000000000000000000000000000000000|0|3|rt4_TMB-5_MAP_g2_00518.r24|2|1|RICH|718|0|1080|0000000000000000000000000000000000000000000000000000000000000000|RICH|1|718|DISP=ACCEPT_INSTALL|DETAIL=rt3_map_g2
0000000000000000000000000000000000000000000000000000000000000000|0000000000000000000000000000000000000000000000000000000000000000|0|3|rt4_TMB-5_MAP_g2_00519.r24|2|1|RICH|720|0|1080|0000000000000000000000000000000000000000000000000000000000000000|RICH|1|720|DISP=ACCEPT_INSTALL|DETAIL=rt3_map_g2
0000000000000000000000000000000000000000000000000000000000000000|0000000000000000000000000000000000000000000000000000000000000000|0|3|rt4_TMB-5_MAP_g2_00520.r24|2|1|RICH|722|0|1080|0000000000000000000000000000000000000000000000000000000000000000|RICH|1|722|DISP=ACCEPT_INSTALL|DETAIL=rt3_map_g2
0000000000000000000000000000000000000000000000000000000000000000|0000000000000000000000000000000000000000000000000000000000000000|0|3|rt4_TMB-5_MAP_g2_00521.r24|2|1|RICH|724|0|1080|0000000000000000000000000000000000000000000000000000000000000000|RICH|1|724|DISP=ACCEPT_INSTALL|DETAIL=rt3_map_g2
0000000000000000000000000000000000000000000000000000000000000000|0000000000000000000000000000000000000000000000000000000000000000|0|3|rt4_TMB-5_MAP_g2_00522.r24|2|1|RICH|726|0|1080|0000000000000000000000000000000000000000000000000000000000000000|RICH|1|726|DISP=ACCEPT_INSTALL|DETAIL=rt3_map_g2
0000000000000000000000000000000000000000000000000000000000000000|0000000000000000000000000000000000000000000000000000000000000000|0|3|rt4_TMB-5_MAP_g2_00523.r24|2|1|RICH|728|0|1080|0000000000000000000000000000000000000000000000000000000000000000|RICH|1|728|DISP=ACCEPT_INSTALL|DETAIL=rt3_map_g2
0000000000000000000000000000000000000000000000000000000000000000|0000000000000000000000000000000000000000000000000000000000000000|0|3|rt4_TMB-5_MAP_g2_00524.r24|2|1|RICH|730|0|1080|0000000000000000000000000000000000000000000000000000000000000000|RICH|1|730|DISP=ACCEPT_INSTALL|DETAIL=rt3_map_g2
0000000000000000000000000000000000000000000000000000000000000000|0000000000000000000000000000000000000000000000000000000000000000|0|3|rt4_TMB-5_MAP_g2_00525.r24|2|1|RICH|690|0|1100|0000000000000000000000000000000000000000000000000000000000000000|RICH|1|690|DISP=ACCEPT_INSTALL|DETAIL=rt3_map_g2
0000000000000000000000000000000000000000000000000000000000000000|0000000000000000000000000000000000000000000000000000000000000000|0|3|rt4_TMB-5_MAP_g2_00526.r24|2|1|RICH|692|0|1100|0000000000000000000000000000000000000000000000000000000000000000|RICH|1|692|DISP=ACCEPT_INSTALL|DETAIL=rt3_map_g2
0000000000000000000000000000000000000000000000000000000000000000|0000000000000000000000000000000000000000000000000000000000000000|0|3|rt4_TMB-5_MAP_g2_00527.r24|2|1|RICH|694|0|1100|0000000000000000000000000000000000000000000000000000000000000000|RICH|1|694|DISP=ACCEPT_INSTALL|DETAIL=rt3_map_g2
0000000000000000000000000000000000000000000000000000000000000000|0000000000000000000000000000000000000000000000000000000000000000|0|3|rt4_TMB-5_MAP_g2_00528.r24|2|1|RICH|696|0|1100|0000000000000000000000000000000000000000000000000000000000000000|RICH|1|696|DISP=ACCEPT_INSTALL|DETAIL=rt3_map_g2
0000000000000000000000000000000000000000000000000000000000000000|0000000000000000000000000000000000000000000000000000000000000000|0|3|rt4_TMB-5_MAP_g2_00529.r24|2|1|RICH|698|0|1100|0000000000000000000000000000000000000000000000000000000000000000|RICH|1|698|DISP=ACCEPT_INSTALL|DETAIL=rt3_map_g2
0000000000000000000000000000000000000000000000000000000000000000|0000000000000000000000000000000000000000000000000000000000000000|0|3|rt4_TMB-5_MAP_g2_00530.r24|2|1|RICH|700|0|1100|0000000000000000000000000000000000000000000000000000000000000000|RICH|1|700|DISP=ACCEPT_INSTALL|DETAIL=rt3_map_g2
0000000000000000000000000000000000000000000000000000000000000000|0000000000000000000000000000000000000000000000000000000000000000|0|3|rt4_TMB-5_MAP_g2_00531.r24|2|1|RICH|702|0|1100|0000000000000000000000000000000000000000000000000000000000000000|RICH|1|702|DISP=ACCEPT_INSTALL|DETAIL=rt3_map_g2
0000000000000000000000000000000000000000000000000000000000000000|0000000000000000000000000000000000000000000000000000000000000000|0|3|rt4_TMB-5_MAP_g2_00532.r24|2|1|RICH|704|0|1100|0000000000000000000000000000000000000000000000000000000000000000|RICH|1|704|DISP=ACCEPT_INSTALL|DETAIL=rt3_map_g2
0000000000000000000000000000000000000000000000000000000000000000|0000000000000000000000000000000000000000000000000000000000000000|0|3|rt4_TMB-5_MAP_g2_00533.r24|2|1|RICH|706|0|1100|0000000000000000000000000000000000000000000000000000000000000000|RICH|1|706|DISP=ACCEPT_INSTALL|DETAIL=rt3_map_g2
0000000000000000000000000000000000000000000000000000000000000000|0000000000000000000000000000000000000000000000000000000000000000|0|3|rt4_TMB-5_MAP_g2_00534.r24|2|1|RICH|708|0|1100|0000000000000000000000000000000000000000000000000000000000000000|RICH|1|708|DISP=ACCEPT_INSTALL|DETAIL=rt3_map_g2
0000000000000000000000000000000000000000000000000000000000000000|0000000000000000000000000000000000000000000000000000000000000000|0|3|rt4_TMB-5_MAP_g2_00535.r24|2|1|RICH|710|0|1100|0000000000000000000000000000000000000000000000000000000000000000|RICH|1|710|DISP=ACCEPT_INSTALL|DETAIL=rt3_map_g2
0000000000000000000000000000000000000000000000000000000000000000|0000000000000000000000000000000000000000000000000000000000000000|0|3|rt4_TMB-5_MAP_g2_00536.r24|2|1|RICH|712|0|1100|0000000000000000000000000000000000000000000000000000000000000000|RICH|1|712|DISP=ACCEPT_INSTALL|DETAIL=rt3_map_g2
0000000000000000000000000000000000000000000000000000000000000000|0000000000000000000000000000000000000000000000000000000000000000|0|3|rt4_TMB-5_MAP_g2_00537.r24|2|1|RICH|714|0|1100|0000000000000000000000000000000000000000000000000000000000000000|RICH|1|714|DISP=ACCEPT_INSTALL|DETAIL=rt3_map_g2
0000000000000000000000000000000000000000000000000000000000000000|0000000000000000000000000000000000000000000000000000000000000000|0|3|rt4_TMB-5_MAP_g2_00538.r24|2|1|RICH|716|0|1100|0000000000000000000000000000000000000000000000000000000000000000|RICH|1|716|DISP=ACCEPT_INSTALL|DETAIL=rt3_map_g2
0000000000000000000000000000000000000000000000000000000000000000|0000000000000000000000000000000000000000000000000000000000000000|0|3|rt4_TMB-5_MAP_g2_00539.r24|2|1|RICH|718|0|1100|0000000000000000000000000000000000000000000000000000000000000000|RICH|1|718|DISP=ACCEPT_INSTALL|DETAIL=rt3_map_g2
0000000000000000000000000000000000000000000000000000000000000000|0000000000000000000000000000000000000000000000000000000000000000|0|3|rt4_TMB-5_MAP_g2_00540.r24|2|1|RICH|720|0|1100|0000000000000000000000000000000000000000000000000000000000000000|RICH|1|720|DISP=ACCEPT_INSTALL|DETAIL=rt3_map_g2
0000000000000000000000000000000000000000000000000000000000000000|0000000000000000000000000000000000000000000000000000000000000000|0|3|rt4_TMB-5_MAP_g2_00541.r24|2|1|RICH|722|0|1100|0000000000000000000000000000000000000000000000000000000000000000|RICH|1|722|DISP=ACCEPT_INSTALL|DETAIL=rt3_map_g2
0000000000000000000000000000000000000000000000000000000000000000|0000000000000000000000000000000000000000000000000000000000000000|0|3|rt4_TMB-5_MAP_g2_00542.r24|2|1|RICH|724|0|1100|0000000000000000000000000000000000000000000000000000000000000000|RICH|1|724|DISP=ACCEPT_INSTALL|DETAIL=rt3_map_g2
0000000000000000000000000000000000000000000000000000000000000000|0000000000000000000000000000000000000000000000000000000000000000|0|3|rt4_TMB-5_MAP_g2_00543.r24|2|1|RICH|726|0|1100|0000000000000000000000000000000000000000000000000000000000000000|RICH|1|726|DISP=ACCEPT_INSTALL|DETAIL=rt3_map_g2
0000000000000000000000000000000000000000000000000000000000000000|0000000000000000000000000000000000000000000000000000000000000000|0|3|rt4_TMB-5_MAP_g2_00544.r24|2|1|RICH|728|0|1100|0000000000000000000000000000000000000000000000000000000000000000|RICH|1|728|DISP=ACCEPT_INSTALL|DETAIL=rt3_map_g2
0000000000000000000000000000000000000000000000000000000000000000|0000000000000000000000000000000000000000000000000000000000000000|0|3|rt4_TMB-5_MAP_g2_00545.r24|2|1|RICH|730|0|1100|0000000000000000000000000000000000000000000000000000000000000000|RICH|1|730|DISP=ACCEPT_INSTALL|DETAIL=rt3_map_g2
0000000000000000000000000000000000000000000000000000000000000000|0000000000000000000000000000000000000000000000000000000000000000|0|3|rt4_TMB-5_MAP_g2_00546.r24|2|1|RICH|690|0|1120|0000000000000000000000000000000000000000000000000000000000000000|RICH|1|690|DISP=ACCEPT_INSTALL|DETAIL=rt3_map_g2
0000000000000000000000000000000000000000000000000000000000000000|0000000000000000000000000000000000000000000000000000000000000000|0|3|rt4_TMB-5_MAP_g2_00547.r24|2|1|RICH|692|0|1120|0000000000000000000000000000000000000000000000000000000000000000|RICH|1|692|DISP=ACCEPT_INSTALL|DETAIL=rt3_map_g2
0000000000000000000000000000000000000000000000000000000000000000|0000000000000000000000000000000000000000000000000000000000000000|0|3|rt4_TMB-5_MAP_g2_00548.r24|2|1|RICH|694|0|1120|0000000000000000000000000000000000000000000000000000000000000000|RICH|1|694|DISP=ACCEPT_INSTALL|DETAIL=rt3_map_g2
0000000000000000000000000000000000000000000000000000000000000000|0000000000000000000000000000000000000000000000000000000000000000|0|3|rt4_TMB-5_MAP_g2_00549.r24|2|1|RICH|696|0|1120|0000000000000000000000000000000000000000000000000000000000000000|RICH|1|696|DISP=ACCEPT_INSTALL|DETAIL=rt3_map_g2
0000000000000000000000000000000000000000000000000000000000000000|0000000000000000000000000000000000000000000000000000000000000000|0|3|rt4_TMB-5_MAP_g2_00550.r24|2|1|RICH|698|0|1120|0000000000000000000000000000000000000000000000000000000000000000|RICH|1|698|DISP=ACCEPT_INSTALL|DETAIL=rt3_map_g2
0000000000000000000000000000000000000000000000000000000000000000|0000000000000000000000000000000000000000000000000000000000000000|0|3|rt4_TMB-5_MAP_g2_00551.r24|2|1|RICH|700|0|1120|0000000000000000000000000000000000000000000000000000000000000000|RICH|1|700|DISP=ACCEPT_INSTALL|DETAIL=rt3_map_g2
0000000000000000000000000000000000000000000000000000000000000000|0000000000000000000000000000000000000000000000000000000000000000|0|3|rt4_TMB-5_MAP_g2_00552.r24|2|1|RICH|702|0|1120|0000000000000000000000000000000000000000000000000000000000000000|RICH|1|702|DISP=ACCEPT_INSTALL|DETAIL=rt3_map_g2
0000000000000000000000000000000000000000000000000000000000000000|0000000000000000000000000000000000000000000000000000000000000000|0|3|rt4_TMB-5_MAP_g2_00553.r24|2|1|RICH|704|0|1120|0000000000000000000000000000000000000000000000000000000000000000|RICH|1|704|DISP=ACCEPT_INSTALL|DETAIL=rt3_map_g2
0000000000000000000000000000000000000000000000000000000000000000|0000000000000000000000000000000000000000000000000000000000000000|0|3|rt4_TMB-5_MAP_g2_00554.r24|2|1|RICH|706|0|1120|0000000000000000000000000000000000000000000000000000000000000000|RICH|1|706|DISP=ACCEPT_INSTALL|DETAIL=rt3_map_g2
0000000000000000000000000000000000000000000000000000000000000000|0000000000000000000000000000000000000000000000000000000000000000|0|3|rt4_TMB-5_MAP_g2_00555.r24|2|1|RICH|708|0|1120|0000000000000000000000000000000000000000000000000000000000000000|RICH|1|708|DISP=ACCEPT_INSTALL|DETAIL=rt3_map_g2
0000000000000000000000000000000000000000000000000000000000000000|0000000000000000000000000000000000000000000000000000000000000000|0|3|rt4_TMB-5_MAP_g2_00556.r24|2|1|RICH|710|0|1120|0000000000000000000000000000000000000000000000000000000000000000|RICH|1|710|DISP=ACCEPT_INSTALL|DETAIL=rt3_map_g2
0000000000000000000000000000000000000000000000000000000000000000|0000000000000000000000000000000000000000000000000000000000000000|0|3|rt4_TMB-5_MAP_g2_00557.r24|2|1|RICH|712|0|1120|0000000000000000000000000000000000000000000000000000000000000000|RICH|1|712|DISP=ACCEPT_INSTALL|DETAIL=rt3_map_g2
0000000000000000000000000000000000000000000000000000000000000000|0000000000000000000000000000000000000000000000000000000000000000|0|3|rt4_TMB-5_MAP_g2_00558.r24|2|1|RICH|714|0|1120|0000000000000000000000000000000000000000000000000000000000000000|RICH|1|714|DISP=ACCEPT_INSTALL|DETAIL=rt3_map_g2
0000000000000000000000000000000000000000000000000000000000000000|0000000000000000000000000000000000000000000000000000000000000000|0|3|rt4_TMB-5_MAP_g2_00559.r24|2|1|RICH|716|0|1120|0000000000000000000000000000000000000000000000000000000000000000|RICH|1|716|DISP=ACCEPT_INSTALL|DETAIL=rt3_map_g2
0000000000000000000000000000000000000000000000000000000000000000|0000000000000000000000000000000000000000000000000000000000000000|0|3|rt4_TMB-5_MAP_g2_00560.r24|2|1|RICH|718|0|1120|0000000000000000000000000000000000000000000000000000000000000000|RICH|1|718|DISP=ACCEPT_INSTALL|DETAIL=rt3_map_g2
0000000000000000000000000000000000000000000000000000000000000000|0000000000000000000000000000000000000000000000000000000000000000|0|3|rt4_TMB-5_MAP_g2_00561.r24|2|1|RICH|720|0|1120|0000000000000000000000000000000000000000000000000000000000000000|RICH|1|720|DISP=ACCEPT_INSTALL|DETAIL=rt3_map_g2
0000000000000000000000000000000000000000000000000000000000000000|0000000000000000000000000000000000000000000000000000000000000000|0|3|rt4_TMB-5_MAP_g2_00562.r24|2|1|RICH|722|0|1120|0000000000000000000000000000000000000000000000000000000000000000|RICH|1|722|DISP=ACCEPT_INSTALL|DETAIL=rt3_map_g2
0000000000000000000000000000000000000000000000000000000000000000|0000000000000000000000000000000000000000000000000000000000000000|0|3|rt4_TMB-5_MAP_g2_00563.r24|2|1|RICH|724|0|1120|0000000000000000000000000000000000000000000000000000000000000000|RICH|1|724|DISP=ACCEPT_INSTALL|DETAIL=rt3_map_g2
0000000000000000000000000000000000000000000000000000000000000000|0000000000000000000000000000000000000000000000000000000000000000|0|3|rt4_TMB-5_MAP_g2_00564.r24|2|1|RICH|726|0|1120|0000000000000000000000000000000000000000000000000000000000000000|RICH|1|726|DISP=ACCEPT_INSTALL|DETAIL=rt3_map_g2
0000000000000000000000000000000000000000000000000000000000000000|0000000000000000000000000000000000000000000000000000000000000000|0|3|rt4_TMB-5_MAP_g2_00565.r24|2|1|RICH|728|0|1120|0000000000000000000000000000000000000000000000000000000000000000|RICH|1|728|DISP=ACCEPT_INSTALL|DETAIL=rt3_map_g2
0000000000000000000000000000000000000000000000000000000000000000|0000000000000000000000000000000000000000000000000000000000000000|0|3|rt4_TMB-5_MAP_g2_00566.r24|2|1|RICH|730|0|1120|0000000000000000000000000000000000000000000000000000000000000000|RICH|1|730|DISP=ACCEPT_INSTALL|DETAIL=rt3_map_g2
0000000000000000000000000000000000000000000000000000000000000000|0000000000000000000000000000000000000000000000000000000000000000|0|3|rt4_TMB-5_MAP_g2_00567.r24|2|1|RICH|690|0|1140|0000000000000000000000000000000000000000000000000000000000000000|RICH|1|690|DISP=ACCEPT_INSTALL|DETAIL=rt3_map_g2
0000000000000000000000000000000000000000000000000000000000000000|0000000000000000000000000000000000000000000000000000000000000000|0|3|rt4_TMB-5_MAP_g2_00568.r24|2|1|RICH|692|0|1140|0000000000000000000000000000000000000000000000000000000000000000|RICH|1|692|DISP=ACCEPT_INSTALL|DETAIL=rt3_map_g2
0000000000000000000000000000000000000000000000000000000000000000|0000000000000000000000000000000000000000000000000000000000000000|0|3|rt4_TMB-5_MAP_g2_00569.r24|2|1|RICH|694|0|1140|0000000000000000000000000000000000000000000000000000000000000000|RICH|1|694|DISP=ACCEPT_INSTALL|DETAIL=rt3_map_g2
0000000000000000000000000000000000000000000000000000000000000000|0000000000000000000000000000000000000000000000000000000000000000|0|3|rt4_TMB-5_MAP_g2_00570.r24|2|1|RICH|696|0|1140|0000000000000000000000000000000000000000000000000000000000000000|RICH|1|696|DISP=ACCEPT_INSTALL|DETAIL=rt3_map_g2
0000000000000000000000000000000000000000000000000000000000000000|0000000000000000000000000000000000000000000000000000000000000000|0|3|rt4_TMB-5_MAP_g2_00571.r24|2|1|RICH|698|0|1140|0000000000000000000000000000000000000000000000000000000000000000|RICH|1|698|DISP=ACCEPT_INSTALL|DETAIL=rt3_map_g2
0000000000000000000000000000000000000000000000000000000000000000|0000000000000000000000000000000000000000000000000000000000000000|0|3|rt4_TMB-5_MAP_g2_00572.r24|2|1|RICH|700|0|1140|0000000000000000000000000000000000000000000000000000000000000000|RICH|1|700|DISP=ACCEPT_INSTALL|DETAIL=rt3_map_g2
0000000000000000000000000000000000000000000000000000000000000000|0000000000000000000000000000000000000000000000000000000000000000|0|3|rt4_TMB-5_MAP_g2_00573.r24|2|1|RICH|702|0|1140|0000000000000000000000000000000000000000000000000000000000000000|RICH|1|702|DISP=ACCEPT_INSTALL|DETAIL=rt3_map_g2
0000000000000000000000000000000000000000000000000000000000000000|0000000000000000000000000000000000000000000000000000000000000000|0|3|rt4_TMB-5_MAP_g2_00574.r24|2|1|RICH|704|0|1140|0000000000000000000000000000000000000000000000000000000000000000|RICH|1|704|DISP=ACCEPT_INSTALL|DETAIL=rt3_map_g2
0000000000000000000000000000000000000000000000000000000000000000|0000000000000000000000000000000000000000000000000000000000000000|0|3|rt4_TMB-5_MAP_g2_00575.r24|2|1|RICH|706|0|1140|0000000000000000000000000000000000000000000000000000000000000000|RICH|1|706|DISP=ACCEPT_INSTALL|DETAIL=rt3_map_g2
0000000000000000000000000000000000000000000000000000000000000000|0000000000000000000000000000000000000000000000000000000000000000|0|3|rt4_TMB-5_MAP_g2_00576.r24|2|1|RICH|708|0|1140|0000000000000000000000000000000000000000000000000000000000000000|RICH|1|708|DISP=ACCEPT_INSTALL|DETAIL=rt3_map_g2
0000000000000000000000000000000000000000000000000000000000000000|0000000000000000000000000000000000000000000000000000000000000000|0|3|rt4_TMB-5_MAP_g2_00577.r24|2|1|RICH|710|0|1140|0000000000000000000000000000000000000000000000000000000000000000|RICH|1|710|DISP=ACCEPT_INSTALL|DETAIL=rt3_map_g2
0000000000000000000000000000000000000000000000000000000000000000|0000000000000000000000000000000000000000000000000000000000000000|0|3|rt4_TMB-5_MAP_g2_00578.r24|2|1|RICH|712|0|1140|0000000000000000000000000000000000000000000000000000000000000000|RICH|1|712|DISP=ACCEPT_INSTALL|DETAIL=rt3_map_g2
0000000000000000000000000000000000000000000000000000000000000000|0000000000000000000000000000000000000000000000000000000000000000|0|3|rt4_TMB-5_MAP_g2_00579.r24|2|1|RICH|714|0|1140|0000000000000000000000000000000000000000000000000000000000000000|RICH|1|714|DISP=ACCEPT_INSTALL|DETAIL=rt3_map_g2
0000000000000000000000000000000000000000000000000000000000000000|0000000000000000000000000000000000000000000000000000000000000000|0|3|rt4_TMB-5_MAP_g2_00580.r24|2|1|RICH|716|0|1140|0000000000000000000000000000000000000000000000000000000000000000|RICH|1|716|DISP=ACCEPT_INSTALL|DETAIL=rt3_map_g2
0000000000000000000000000000000000000000000000000000000000000000|0000000000000000000000000000000000000000000000000000000000000000|0|3|rt4_TMB-5_MAP_g2_00581.r24|2|1|RICH|718|0|1140|0000000000000000000000000000000000000000000000000000000000000000|RICH|1|718|DISP=ACCEPT_INSTALL|DETAIL=rt3_map_g2
0000000000000000000000000000000000000000000000000000000000000000|0000000000000000000000000000000000000000000000000000000000000000|0|3|rt4_TMB-5_MAP_g2_00582.r24|2|1|RICH|720|0|1140|0000000000000000000000000000000000000000000000000000000000000000|RICH|1|720|DISP=ACCEPT_INSTALL|DETAIL=rt3_map_g2
0000000000000000000000000000000000000000000000000000000000000000|0000000000000000000000000000000000000000000000000000000000000000|0|3|rt4_TMB-5_MAP_g2_00583.r24|2|1|RICH|722|0|1140|0000000000000000000000000000000000000000000000000000000000000000|RICH|1|722|DISP=ACCEPT_INSTALL|DETAIL=rt3_map_g2
0000000000000000000000000000000000000000000000000000000000000000|0000000000000000000000000000000000000000000000000000000000000000|0|3|rt4_TMB-5_MAP_g2_00584.r24|2|1|RICH|724|0|1140|0000000000000000000000000000000000000000000000000000000000000000|RICH|1|724|DISP=ACCEPT_INSTALL|DETAIL=rt3_map_g2
0000000000000000000000000000000000000000000000000000000000000000|0000000000000000000000000000000000000000000000000000000000000000|0|3|rt4_TMB-5_MAP_g2_00585.r24|2|1|RICH|726|0|1140|0000000000000000000000000000000000000000000000000000000000000000|RICH|1|726|DISP=ACCEPT_INSTALL|DETAIL=rt3_map_g2
0000000000000000000000000000000000000000000000000000000000000000|0000000000000000000000000000000000000000000000000000000000000000|0|3|rt4_TMB-5_MAP_g2_00586.r24|2|1|RICH|728|0|1140|0000000000000000000000000000000000000000000000000000000000000000|RICH|1|728|DISP=ACCEPT_INSTALL|DETAIL=rt3_map_g2
0000000000000000000000000000000000000000000000000000000000000000|0000000000000000000000000000000000000000000000000000000000000000|0|3|rt4_TMB-5_MAP_g2_00587.r24|2|1|RICH|730|0|1140|0000000000000000000000000000000000000000000000000000000000000000|RICH|1|730|DISP=ACCEPT_INSTALL|DETAIL=rt3_map_g2
0000000000000000000000000000000000000000000000000000000000000000|0000000000000000000000000000000000000000000000000000000000000000|0|3|rt4_TMB-5_MAP_g2_00588.r24|2|1|RICH|690|0|1160|0000000000000000000000000000000000000000000000000000000000000000|RICH|1|690|DISP=ACCEPT_INSTALL|DETAIL=rt3_map_g2
0000000000000000000000000000000000000000000000000000000000000000|0000000000000000000000000000000000000000000000000000000000000000|0|3|rt4_TMB-5_MAP_g2_00589.r24|2|1|RICH|692|0|1160|0000000000000000000000000000000000000000000000000000000000000000|RICH|1|692|DISP=ACCEPT_INSTALL|DETAIL=rt3_map_g2
0000000000000000000000000000000000000000000000000000000000000000|0000000000000000000000000000000000000000000000000000000000000000|0|3|rt4_TMB-5_MAP_g2_00590.r24|2|1|RICH|694|0|1160|0000000000000000000000000000000000000000000000000000000000000000|RICH|1|694|DISP=ACCEPT_INSTALL|DETAIL=rt3_map_g2
0000000000000000000000000000000000000000000000000000000000000000|0000000000000000000000000000000000000000000000000000000000000000|0|3|rt4_TMB-5_MAP_g2_00591.r24|2|1|RICH|696|0|1160|0000000000000000000000000000000000000000000000000000000000000000|RICH|1|696|DISP=ACCEPT_INSTALL|DETAIL=rt3_map_g2
0000000000000000000000000000000000000000000000000000000000000000|0000000000000000000000000000000000000000000000000000000000000000|0|3|rt4_TMB-5_MAP_g2_00592.r24|2|1|RICH|698|0|1160|0000000000000000000000000000000000000000000000000000000000000000|RICH|1|698|DISP=ACCEPT_INSTALL|DETAIL=rt3_map_g2
0000000000000000000000000000000000000000000000000000000000000000|0000000000000000000000000000000000000000000000000000000000000000|0|3|rt4_TMB-5_MAP_g2_00593.r24|2|1|RICH|700|0|1160|0000000000000000000000000000000000000000000000000000000000000000|RICH|1|700|DISP=ACCEPT_INSTALL|DETAIL=rt3_map_g2
0000000000000000000000000000000000000000000000000000000000000000|0000000000000000000000000000000000000000000000000000000000000000|0|3|rt4_TMB-5_MAP_g2_00594.r24|2|1|RICH|702|0|1160|0000000000000000000000000000000000000000000000000000000000000000|RICH|1|702|DISP=ACCEPT_INSTALL|DETAIL=rt3_map_g2
0000000000000000000000000000000000000000000000000000000000000000|0000000000000000000000000000000000000000000000000000000000000000|0|3|rt4_TMB-5_MAP_g2_00595.r24|2|1|RICH|704|0|1160|0000000000000000000000000000000000000000000000000000000000000000|RICH|1|704|DISP=ACCEPT_INSTALL|DETAIL=rt3_map_g2
0000000000000000000000000000000000000000000000000000000000000000|0000000000000000000000000000000000000000000000000000000000000000|0|3|rt4_TMB-5_MAP_g2_00596.r24|2|1|RICH|706|0|1160|0000000000000000000000000000000000000000000000000000000000000000|RICH|1|706|DISP=ACCEPT_INSTALL|DETAIL=rt3_map_g2
0000000000000000000000000000000000000000000000000000000000000000|0000000000000000000000000000000000000000000000000000000000000000|0|3|rt4_TMB-5_MAP_g2_00597.r24|2|1|RICH|708|0|1160|0000000000000000000000000000000000000000000000000000000000000000|RICH|1|708|DISP=ACCEPT_INSTALL|DETAIL=rt3_map_g2
0000000000000000000000000000000000000000000000000000000000000000|0000000000000000000000000000000000000000000000000000000000000000|0|3|rt4_TMB-5_MAP_g2_00598.r24|2|1|RICH|710|0|1160|0000000000000000000000000000000000000000000000000000000000000000|RICH|1|710|DISP=ACCEPT_INSTALL|DETAIL=rt3_map_g2
0000000000000000000000000000000000000000000000000000000000000000|0000000000000000000000000000000000000000000000000000000000000000|0|3|rt4_TMB-5_MAP_g2_00599.r24|2|1|RICH|712|0|1160|0000000000000000000000000000000000000000000000000000000000000000|RICH|1|712|DISP=ACCEPT_INSTALL|DETAIL=rt3_map_g2
0000000000000000000000000000000000000000000000000000000000000000|0000000000000000000000000000000000000000000000000000000000000000|0|3|rt4_TMB-5_MAP_g2_00600.r24|2|1|RICH|714|0|1160|0000000000000000000000000000000000000000000000000000000000000000|RICH|1|714|DISP=ACCEPT_INSTALL|DETAIL=rt3_map_g2
0000000000000000000000000000000000000000000000000000000000000000|0000000000000000000000000000000000000000000000000000000000000000|0|3|rt4_TMB-5_MAP_g2_00601.r24|2|1|RICH|716|0|1160|0000000000000000000000000000000000000000000000000000000000000000|RICH|1|716|DISP=ACCEPT_INSTALL|DETAIL=rt3_map_g2
0000000000000000000000000000000000000000000000000000000000000000|0000000000000000000000000000000000000000000000000000000000000000|0|3|rt4_TMB-5_MAP_g2_00602.r24|2|1|RICH|718|0|1160|0000000000000000000000000000000000000000000000000000000000000000|RICH|1|718|DISP=ACCEPT_INSTALL|DETAIL=rt3_map_g2
0000000000000000000000000000000000000000000000000000000000000000|0000000000000000000000000000000000000000000000000000000000000000|0|3|rt4_TMB-5_MAP_g2_00603.r24|2|1|RICH|720|0|1160|0000000000000000000000000000000000000000000000000000000000000000|RICH|1|720|DISP=ACCEPT_INSTALL|DETAIL=rt3_map_g2
0000000000000000000000000000000000000000000000000000000000000000|0000000000000000000000000000000000000000000000000000000000000000|0|3|rt4_TMB-5_MAP_g2_00604.r24|2|1|RICH|722|0|1160|0000000000000000000000000000000000000000000000000000000000000000|RICH|1|722|DISP=ACCEPT_INSTALL|DETAIL=rt3_map_g2
0000000000000000000000000000000000000000000000000000000000000000|0000000000000000000000000000000000000000000000000000000000000000|0|3|rt4_TMB-5_MAP_g2_00605.r24|2|1|RICH|724|0|1160|0000000000000000000000000000000000000000000000000000000000000000|RICH|1|724|DISP=ACCEPT_INSTALL|DETAIL=rt3_map_g2
0000000000000000000000000000000000000000000000000000000000000000|0000000000000000000000000000000000000000000000000000000000000000|0|3|rt4_TMB-5_MAP_g2_00606.r24|2|1|RICH|726|0|1160|0000000000000000000000000000000000000000000000000000000000000000|RICH|1|726|DISP=ACCEPT_INSTALL|DETAIL=rt3_map_g2
0000000000000000000000000000000000000000000000000000000000000000|0000000000000000000000000000000000000000000000000000000000000000|0|3|rt4_TMB-5_MAP_g2_00607.r24|2|1|RICH|728|0|1160|0000000000000000000000000000000000000000000000000000000000000000|RICH|1|728|DISP=ACCEPT_INSTALL|DETAIL=rt3_map_g2
0000000000000000000000000000000000000000000000000000000000000000|0000000000000000000000000000000000000000000000000000000000000000|0|3|rt4_TMB-5_MAP_g2_00608.r24|2|1|RICH|730|0|1160|0000000000000000000000000000000000000000000000000000000000000000|RICH|1|730|DISP=ACCEPT_INSTALL|DETAIL=rt3_map_g2
0000000000000000000000000000000000000000000000000000000000000000|0000000000000000000000000000000000000000000000000000000000000000|0|3|rt4_TMB-5_MAP_g2_00609.r24|2|1|RICH|690|0|1180|0000000000000000000000000000000000000000000000000000000000000000|RICH|1|690|DISP=ACCEPT_INSTALL|DETAIL=rt3_map_g2
0000000000000000000000000000000000000000000000000000000000000000|0000000000000000000000000000000000000000000000000000000000000000|0|3|rt4_TMB-5_MAP_g2_00610.r24|2|1|RICH|692|0|1180|0000000000000000000000000000000000000000000000000000000000000000|RICH|1|692|DISP=ACCEPT_INSTALL|DETAIL=rt3_map_g2
0000000000000000000000000000000000000000000000000000000000000000|0000000000000000000000000000000000000000000000000000000000000000|0|3|rt4_TMB-5_MAP_g2_00611.r24|2|1|RICH|694|0|1180|0000000000000000000000000000000000000000000000000000000000000000|RICH|1|694|DISP=ACCEPT_INSTALL|DETAIL=rt3_map_g2
0000000000000000000000000000000000000000000000000000000000000000|0000000000000000000000000000000000000000000000000000000000000000|0|3|rt4_TMB-5_MAP_g2_00612.r24|2|1|RICH|696|0|1180|0000000000000000000000000000000000000000000000000000000000000000|RICH|1|696|DISP=ACCEPT_INSTALL|DETAIL=rt3_map_g2
0000000000000000000000000000000000000000000000000000000000000000|0000000000000000000000000000000000000000000000000000000000000000|0|3|rt4_TMB-5_MAP_g2_00613.r24|2|1|RICH|698|0|1180|0000000000000000000000000000000000000000000000000000000000000000|RICH|1|698|DISP=ACCEPT_INSTALL|DETAIL=rt3_map_g2
0000000000000000000000000000000000000000000000000000000000000000|0000000000000000000000000000000000000000000000000000000000000000|0|3|rt4_TMB-5_MAP_g2_00614.r24|2|1|RICH|700|0|1180|0000000000000000000000000000000000000000000000000000000000000000|RICH|1|700|DISP=ACCEPT_INSTALL|DETAIL=rt3_map_g2
0000000000000000000000000000000000000000000000000000000000000000|0000000000000000000000000000000000000000000000000000000000000000|0|3|rt4_TMB-5_MAP_g2_00615.r24|2|1|RICH|702|0|1180|0000000000000000000000000000000000000000000000000000000000000000|RICH|1|702|DISP=ACCEPT_INSTALL|DETAIL=rt3_map_g2
0000000000000000000000000000000000000000000000000000000000000000|0000000000000000000000000000000000000000000000000000000000000000|0|3|rt4_TMB-5_MAP_g2_00616.r24|2|1|RICH|704|0|1180|0000000000000000000000000000000000000000000000000000000000000000|RICH|1|704|DISP=ACCEPT_INSTALL|DETAIL=rt3_map_g2
0000000000000000000000000000000000000000000000000000000000000000|0000000000000000000000000000000000000000000000000000000000000000|0|3|rt4_TMB-5_MAP_g2_00617.r24|2|1|RICH|706|0|1180|0000000000000000000000000000000000000000000000000000000000000000|RICH|1|706|DISP=ACCEPT_INSTALL|DETAIL=rt3_map_g2
0000000000000000000000000000000000000000000000000000000000000000|0000000000000000000000000000000000000000000000000000000000000000|0|3|rt4_TMB-5_MAP_g2_00618.r24|2|1|RICH|708|0|1180|0000000000000000000000000000000000000000000000000000000000000000|RICH|1|708|DISP=ACCEPT_INSTALL|DETAIL=rt3_map_g2
0000000000000000000000000000000000000000000000000000000000000000|0000000000000000000000000000000000000000000000000000000000000000|0|3|rt4_TMB-5_MAP_g2_00619.r24|2|1|RICH|710|0|1180|0000000000000000000000000000000000000000000000000000000000000000|RICH|1|710|DISP=ACCEPT_INSTALL|DETAIL=rt3_map_g2
0000000000000000000000000000000000000000000000000000000000000000|0000000000000000000000000000000000000000000000000000000000000000|0|3|rt4_TMB-5_MAP_g2_00620.r24|2|1|RICH|712|0|1180|0000000000000000000000000000000000000000000000000000000000000000|RICH|1|712|DISP=ACCEPT_INSTALL|DETAIL=rt3_map_g2
0000000000000000000000000000000000000000000000000000000000000000|0000000000000000000000000000000000000000000000000000000000000000|0|3|rt4_TMB-5_MAP_g2_00621.r24|2|1|RICH|714|0|1180|0000000000000000000000000000000000000000000000000000000000000000|RICH|1|714|DISP=ACCEPT_INSTALL|DETAIL=rt3_map_g2
0000000000000000000000000000000000000000000000000000000000000000|0000000000000000000000000000000000000000000000000000000000000000|0|3|rt4_TMB-5_MAP_g2_00622.r24|2|1|RICH|716|0|1180|0000000000000000000000000000000000000000000000000000000000000000|RICH|1|716|DISP=ACCEPT_INSTALL|DETAIL=rt3_map_g2
0000000000000000000000000000000000000000000000000000000000000000|0000000000000000000000000000000000000000000000000000000000000000|0|3|rt4_TMB-5_MAP_g2_00623.r24|2|1|RICH|718|0|1180|0000000000000000000000000000000000000000000000000000000000000000|RICH|1|718|DISP=ACCEPT_INSTALL|DETAIL=rt3_map_g2
0000000000000000000000000000000000000000000000000000000000000000|0000000000000000000000000000000000000000000000000000000000000000|0|3|rt4_TMB-5_MAP_g2_00624.r24|2|1|RICH|720|0|1180|0000000000000000000000000000000000000000000000000000000000000000|RICH|1|720|DISP=ACCEPT_INSTALL|DETAIL=rt3_map_g2
0000000000000000000000000000000000000000000000000000000000000000|0000000000000000000000000000000000000000000000000000000000000000|0|3|rt4_TMB-5_MAP_g2_00625.r24|2|1|RICH|722|0|1180|0000000000000000000000000000000000000000000000000000000000000000|RICH|1|722|DISP=ACCEPT_INSTALL|DETAIL=rt3_map_g2
0000000000000000000000000000000000000000000000000000000000000000|0000000000000000000000000000000000000000000000000000000000000000|0|3|rt4_TMB-5_MAP_g2_00626.r24|2|1|RICH|724|0|1180|0000000000000000000000000000000000000000000000000000000000000000|RICH|1|724|DISP=ACCEPT_INSTALL|DETAIL=rt3_map_g2
0000000000000000000000000000000000000000000000000000000000000000|0000000000000000000000000000000000000000000000000000000000000000|0|3|rt4_TMB-5_MAP_g2_00627.r24|2|1|RICH|726|0|1180|0000000000000000000000000000000000000000000000000000000000000000|RICH|1|726|DISP=ACCEPT_INSTALL|DETAIL=rt3_map_g2
0000000000000000000000000000000000000000000000000000000000000000|0000000000000000000000000000000000000000000000000000000000000000|0|3|rt4_TMB-5_MAP_g2_00628.r24|2|1|RICH|728|0|1180|0000000000000000000000000000000000000000000000000000000000000000|RICH|1|728|DISP=ACCEPT_INSTALL|DETAIL=rt3_map_g2
0000000000000000000000000000000000000000000000000000000000000000|0000000000000000000000000000000000000000000000000000000000000000|0|3|rt4_TMB-5_MAP_g2_00629.r24|2|1|RICH|730|0|1180|0000000000000000000000000000000000000000000000000000000000000000|RICH|1|730|DISP=ACCEPT_INSTALL|DETAIL=rt3_map_g2
0000000000000000000000000000000000000000000000000000000000000000|0000000000000000000000000000000000000000000000000000000000000000|0|3|rt4_TMB-5_MAP_g2_00630.r24|2|1|RICH|690|0|1200|0000000000000000000000000000000000000000000000000000000000000000|RICH|1|690|DISP=ACCEPT_INSTALL|DETAIL=rt3_map_g2
0000000000000000000000000000000000000000000000000000000000000000|0000000000000000000000000000000000000000000000000000000000000000|0|3|rt4_TMB-5_MAP_g2_00631.r24|2|1|RICH|692|0|1200|0000000000000000000000000000000000000000000000000000000000000000|RICH|1|692|DISP=ACCEPT_INSTALL|DETAIL=rt3_map_g2
0000000000000000000000000000000000000000000000000000000000000000|0000000000000000000000000000000000000000000000000000000000000000|0|3|rt4_TMB-5_MAP_g2_00632.r24|2|1|RICH|694|0|1200|0000000000000000000000000000000000000000000000000000000000000000|RICH|1|694|DISP=ACCEPT_INSTALL|DETAIL=rt3_map_g2
0000000000000000000000000000000000000000000000000000000000000000|0000000000000000000000000000000000000000000000000000000000000000|0|3|rt4_TMB-5_MAP_g2_00633.r24|2|1|RICH|696|0|1200|0000000000000000000000000000000000000000000000000000000000000000|RICH|1|696|DISP=ACCEPT_INSTALL|DETAIL=rt3_map_g2
0000000000000000000000000000000000000000000000000000000000000000|0000000000000000000000000000000000000000000000000000000000000000|0|3|rt4_TMB-5_MAP_g2_00634.r24|2|1|RICH|698|0|1200|0000000000000000000000000000000000000000000000000000000000000000|RICH|1|698|DISP=ACCEPT_INSTALL|DETAIL=rt3_map_g2
0000000000000000000000000000000000000000000000000000000000000000|0000000000000000000000000000000000000000000000000000000000000000|0|3|rt4_TMB-5_MAP_g2_00635.r24|2|1|RICH|700|0|1200|0000000000000000000000000000000000000000000000000000000000000000|RICH|1|700|DISP=ACCEPT_INSTALL|DETAIL=rt3_map_g2
0000000000000000000000000000000000000000000000000000000000000000|0000000000000000000000000000000000000000000000000000000000000000|0|3|rt4_TMB-5_MAP_g2_00636.r24|2|1|RICH|702|0|1200|0000000000000000000000000000000000000000000000000000000000000000|RICH|1|702|DISP=ACCEPT_INSTALL|DETAIL=rt3_map_g2
0000000000000000000000000000000000000000000000000000000000000000|0000000000000000000000000000000000000000000000000000000000000000|0|3|rt4_TMB-5_MAP_g2_00637.r24|2|1|RICH|704|0|1200|0000000000000000000000000000000000000000000000000000000000000000|RICH|1|704|DISP=ACCEPT_INSTALL|DETAIL=rt3_map_g2
0000000000000000000000000000000000000000000000000000000000000000|0000000000000000000000000000000000000000000000000000000000000000|0|3|rt4_TMB-5_MAP_g2_00638.r24|2|1|RICH|706|0|1200|0000000000000000000000000000000000000000000000000000000000000000|RICH|1|706|DISP=ACCEPT_INSTALL|DETAIL=rt3_map_g2
0000000000000000000000000000000000000000000000000000000000000000|0000000000000000000000000000000000000000000000000000000000000000|0|3|rt4_TMB-5_MAP_g2_00639.r24|2|1|RICH|708|0|1200|0000000000000000000000000000000000000000000000000000000000000000|RICH|1|708|DISP=ACCEPT_INSTALL|DETAIL=rt3_map_g2
0000000000000000000000000000000000000000000000000000000000000000|0000000000000000000000000000000000000000000000000000000000000000|0|3|rt4_TMB-5_MAP_g2_00640.r24|2|1|RICH|710|0|1200|0000000000000000000000000000000000000000000000000000000000000000|RICH|1|710|DISP=ACCEPT_INSTALL|DETAIL=rt3_map_g2
0000000000000000000000000000000000000000000000000000000000000000|0000000000000000000000000000000000000000000000000000000000000000|0|3|rt4_TMB-5_MAP_g2_00641.r24|2|1|RICH|712|0|1200|0000000000000000000000000000000000000000000000000000000000000000|RICH|1|712|DISP=ACCEPT_INSTALL|DETAIL=rt3_map_g2
0000000000000000000000000000000000000000000000000000000000000000|0000000000000000000000000000000000000000000000000000000000000000|0|3|rt4_TMB-5_MAP_g2_00642.r24|2|1|RICH|714|0|1200|0000000000000000000000000000000000000000000000000000000000000000|RICH|1|714|DISP=ACCEPT_INSTALL|DETAIL=rt3_map_g2
0000000000000000000000000000000000000000000000000000000000000000|0000000000000000000000000000000000000000000000000000000000000000|0|3|rt4_TMB-5_MAP_g2_00643.r24|2|1|RICH|716|0|1200|0000000000000000000000000000000000000000000000000000000000000000|RICH|1|716|DISP=ACCEPT_INSTALL|DETAIL=rt3_map_g2
0000000000000000000000000000000000000000000000000000000000000000|0000000000000000000000000000000000000000000000000000000000000000|0|3|rt4_TMB-5_MAP_g2_00644.r24|2|1|RICH|718|0|1200|0000000000000000000000000000000000000000000000000000000000000000|RICH|1|718|DISP=ACCEPT_INSTALL|DETAIL=rt3_map_g2
0000000000000000000000000000000000000000000000000000000000000000|0000000000000000000000000000000000000000000000000000000000000000|0|3|rt4_TMB-5_MAP_g2_00645.r24|2|1|RICH|720|0|1200|0000000000000000000000000000000000000000000000000000000000000000|RICH|1|720|DISP=ACCEPT_INSTALL|DETAIL=rt3_map_g2
0000000000000000000000000000000000000000000000000000000000000000|0000000000000000000000000000000000000000000000000000000000000000|0|3|rt4_TMB-5_MAP_g2_00646.r24|2|1|RICH|722|0|1200|0000000000000000000000000000000000000000000000000000000000000000|RICH|1|722|DISP=ACCEPT_INSTALL|DETAIL=rt3_map_g2
0000000000000000000000000000000000000000000000000000000000000000|0000000000000000000000000000000000000000000000000000000000000000|0|3|rt4_TMB-5_MAP_g2_00647.r24|2|1|RICH|724|0|1200|0000000000000000000000000000000000000000000000000000000000000000|RICH|1|724|DISP=ACCEPT_INSTALL|DETAIL=rt3_map_g2
0000000000000000000000000000000000000000000000000000000000000000|0000000000000000000000000000000000000000000000000000000000000000|0|3|rt4_TMB-5_MAP_g2_00648.r24|2|1|RICH|726|0|1200|0000000000000000000000000000000000000000000000000000000000000000|RICH|1|726|DISP=ACCEPT_INSTALL|DETAIL=rt3_map_g2
0000000000000000000000000000000000000000000000000000000000000000|0000000000000000000000000000000000000000000000000000000000000000|0|3|rt4_TMB-5_MAP_g2_00649.r24|2|1|RICH|728|0|1200|0000000000000000000000000000000000000000000000000000000000000000|RICH|1|728|DISP=ACCEPT_INSTALL|DETAIL=rt3_map_g2
0000000000000000000000000000000000000000000000000000000000000000|0000000000000000000000000000000000000000000000000000000000000000|0|3|rt4_TMB-5_MAP_g2_00650.r24|2|1|RICH|730|0|1200|0000000000000000000000000000000000000000000000000000000000000000|RICH|1|730|DISP=ACCEPT_INSTALL|DETAIL=rt3_map_g2
0000000000000000000000000000000000000000000000000000000000000000|0000000000000000000000000000000000000000000000000000000000000000|0|3|rt4_TMB-5_MAP_g2_00651.r24|2|1|RICH|690|0|1220|0000000000000000000000000000000000000000000000000000000000000000|RICH|1|690|DISP=ACCEPT_INSTALL|DETAIL=rt3_map_g2
0000000000000000000000000000000000000000000000000000000000000000|0000000000000000000000000000000000000000000000000000000000000000|0|3|rt4_TMB-5_MAP_g2_00652.r24|2|1|RICH|692|0|1220|0000000000000000000000000000000000000000000000000000000000000000|RICH|1|692|DISP=ACCEPT_INSTALL|DETAIL=rt3_map_g2
0000000000000000000000000000000000000000000000000000000000000000|0000000000000000000000000000000000000000000000000000000000000000|0|3|rt4_TMB-5_MAP_g2_00653.r24|2|1|RICH|694|0|1220|0000000000000000000000000000000000000000000000000000000000000000|RICH|1|694|DISP=ACCEPT_INSTALL|DETAIL=rt3_map_g2
0000000000000000000000000000000000000000000000000000000000000000|0000000000000000000000000000000000000000000000000000000000000000|0|3|rt4_TMB-5_MAP_g2_00654.r24|2|1|RICH|696|0|1220|0000000000000000000000000000000000000000000000000000000000000000|RICH|1|696|DISP=ACCEPT_INSTALL|DETAIL=rt3_map_g2
0000000000000000000000000000000000000000000000000000000000000000|0000000000000000000000000000000000000000000000000000000000000000|0|3|rt4_TMB-5_MAP_g2_00655.r24|2|1|RICH|698|0|1220|0000000000000000000000000000000000000000000000000000000000000000|RICH|1|698|DISP=ACCEPT_INSTALL|DETAIL=rt3_map_g2
0000000000000000000000000000000000000000000000000000000000000000|0000000000000000000000000000000000000000000000000000000000000000|0|3|rt4_TMB-5_MAP_g2_00656.r24|2|1|RICH|700|0|1220|0000000000000000000000000000000000000000000000000000000000000000|RICH|1|700|DISP=ACCEPT_INSTALL|DETAIL=rt3_map_g2
0000000000000000000000000000000000000000000000000000000000000000|0000000000000000000000000000000000000000000000000000000000000000|0|3|rt4_TMB-5_MAP_g2_00657.r24|2|1|RICH|702|0|1220|0000000000000000000000000000000000000000000000000000000000000000|RICH|1|702|DISP=ACCEPT_INSTALL|DETAIL=rt3_map_g2
0000000000000000000000000000000000000000000000000000000000000000|0000000000000000000000000000000000000000000000000000000000000000|0|3|rt4_TMB-5_MAP_g2_00658.r24|2|1|RICH|704|0|1220|0000000000000000000000000000000000000000000000000000000000000000|RICH|1|704|DISP=ACCEPT_INSTALL|DETAIL=rt3_map_g2
0000000000000000000000000000000000000000000000000000000000000000|0000000000000000000000000000000000000000000000000000000000000000|0|3|rt4_TMB-5_MAP_g2_00659.r24|2|1|RICH|706|0|1220|0000000000000000000000000000000000000000000000000000000000000000|RICH|1|706|DISP=ACCEPT_INSTALL|DETAIL=rt3_map_g2
0000000000000000000000000000000000000000000000000000000000000000|0000000000000000000000000000000000000000000000000000000000000000|0|3|rt4_TMB-5_MAP_g2_00660.r24|2|1|RICH|708|0|1220|0000000000000000000000000000000000000000000000000000000000000000|RICH|1|708|DISP=ACCEPT_INSTALL|DETAIL=rt3_map_g2
0000000000000000000000000000000000000000000000000000000000000000|0000000000000000000000000000000000000000000000000000000000000000|0|3|rt4_TMB-5_MAP_g2_00661.r24|2|1|RICH|710|0|1220|0000000000000000000000000000000000000000000000000000000000000000|RICH|1|710|DISP=ACCEPT_INSTALL|DETAIL=rt3_map_g2
0000000000000000000000000000000000000000000000000000000000000000|0000000000000000000000000000000000000000000000000000000000000000|0|3|rt4_TMB-5_MAP_g2_00662.r24|2|1|RICH|712|0|1220|0000000000000000000000000000000000000000000000000000000000000000|RICH|1|712|DISP=ACCEPT_INSTALL|DETAIL=rt3_map_g2
0000000000000000000000000000000000000000000000000000000000000000|0000000000000000000000000000000000000000000000000000000000000000|0|3|rt4_TMB-5_MAP_g2_00663.r24|2|1|RICH|714|0|1220|0000000000000000000000000000000000000000000000000000000000000000|RICH|1|714|DISP=ACCEPT_INSTALL|DETAIL=rt3_map_g2
0000000000000000000000000000000000000000000000000000000000000000|0000000000000000000000000000000000000000000000000000000000000000|0|3|rt4_TMB-5_MAP_g2_00664.r24|2|1|RICH|716|0|1220|0000000000000000000000000000000000000000000000000000000000000000|RICH|1|716|DISP=ACCEPT_INSTALL|DETAIL=rt3_map_g2
0000000000000000000000000000000000000000000000000000000000000000|0000000000000000000000000000000000000000000000000000000000000000|0|3|rt4_TMB-5_MAP_g2_00665.r24|2|1|RICH|718|0|1220|0000000000000000000000000000000000000000000000000000000000000000|RICH|1|718|DISP=ACCEPT_INSTALL|DETAIL=rt3_map_g2
0000000000000000000000000000000000000000000000000000000000000000|0000000000000000000000000000000000000000000000000000000000000000|0|3|rt4_TMB-5_MAP_g2_00666.r24|2|1|RICH|720|0|1220|0000000000000000000000000000000000000000000000000000000000000000|RICH|1|720|DISP=ACCEPT_INSTALL|DETAIL=rt3_map_g2
0000000000000000000000000000000000000000000000000000000000000000|0000000000000000000000000000000000000000000000000000000000000000|0|3|rt4_TMB-5_MAP_g2_00667.r24|2|1|RICH|722|0|1220|0000000000000000000000000000000000000000000000000000000000000000|RICH|1|722|DISP=ACCEPT_INSTALL|DETAIL=rt3_map_g2
0000000000000000000000000000000000000000000000000000000000000000|0000000000000000000000000000000000000000000000000000000000000000|0|3|rt4_TMB-5_MAP_g2_00668.r24|2|1|RICH|724|0|1220|0000000000000000000000000000000000000000000000000000000000000000|RICH|1|724|DISP=ACCEPT_INSTALL|DETAIL=rt3_map_g2
0000000000000000000000000000000000000000000000000000000000000000|0000000000000000000000000000000000000000000000000000000000000000|0|3|rt4_TMB-5_MAP_g2_00669.r24|2|1|RICH|726|0|1220|0000000000000000000000000000000000000000000000000000000000000000|RICH|1|726|DISP=ACCEPT_INSTALL|DETAIL=rt3_map_g2
0000000000000000000000000000000000000000000000000000000000000000|0000000000000000000000000000000000000000000000000000000000000000|0|3|rt4_TMB-5_MAP_g2_00670.r24|2|1|RICH|728|0|1220|0000000000000000000000000000000000000000000000000000000000000000|RICH|1|728|DISP=ACCEPT_INSTALL|DETAIL=rt3_map_g2
0000000000000000000000000000000000000000000000000000000000000000|0000000000000000000000000000000000000000000000000000000000000000|0|3|rt4_TMB-5_MAP_g2_00671.r24|2|1|RICH|730|0|1220|0000000000000000000000000000000000000000000000000000000000000000|RICH|1|730|DISP=ACCEPT_INSTALL|DETAIL=rt3_map_g2
0000000000000000000000000000000000000000000000000000000000000000|0000000000000000000000000000000000000000000000000000000000000000|0|3|rt4_TMB-5_MAP_g2_00672.r24|2|1|RICH|690|0|1240|0000000000000000000000000000000000000000000000000000000000000000|RICH|1|690|DISP=ACCEPT_INSTALL|DETAIL=rt3_map_g2
0000000000000000000000000000000000000000000000000000000000000000|0000000000000000000000000000000000000000000000000000000000000000|0|3|rt4_TMB-5_MAP_g2_00673.r24|2|1|RICH|692|0|1240|0000000000000000000000000000000000000000000000000000000000000000|RICH|1|692|DISP=ACCEPT_INSTALL|DETAIL=rt3_map_g2
0000000000000000000000000000000000000000000000000000000000000000|0000000000000000000000000000000000000000000000000000000000000000|0|3|rt4_TMB-5_MAP_g2_00674.r24|2|1|RICH|694|0|1240|0000000000000000000000000000000000000000000000000000000000000000|RICH|1|694|DISP=ACCEPT_INSTALL|DETAIL=rt3_map_g2
0000000000000000000000000000000000000000000000000000000000000000|0000000000000000000000000000000000000000000000000000000000000000|0|3|rt4_TMB-5_MAP_g2_00675.r24|2|1|RICH|696|0|1240|0000000000000000000000000000000000000000000000000000000000000000|RICH|1|696|DISP=ACCEPT_INSTALL|DETAIL=rt3_map_g2
0000000000000000000000000000000000000000000000000000000000000000|0000000000000000000000000000000000000000000000000000000000000000|0|3|rt4_TMB-5_MAP_g2_00676.r24|2|1|RICH|698|0|1240|0000000000000000000000000000000000000000000000000000000000000000|RICH|1|698|DISP=ACCEPT_INSTALL|DETAIL=rt3_map_g2
0000000000000000000000000000000000000000000000000000000000000000|0000000000000000000000000000000000000000000000000000000000000000|0|3|rt4_TMB-5_MAP_g2_00677.r24|2|1|RICH|700|0|1240|0000000000000000000000000000000000000000000000000000000000000000|RICH|1|700|DISP=ACCEPT_INSTALL|DETAIL=rt3_map_g2
0000000000000000000000000000000000000000000000000000000000000000|0000000000000000000000000000000000000000000000000000000000000000|0|3|rt4_TMB-5_MAP_g2_00678.r24|2|1|RICH|702|0|1240|0000000000000000000000000000000000000000000000000000000000000000|RICH|1|702|DISP=ACCEPT_INSTALL|DETAIL=rt3_map_g2
0000000000000000000000000000000000000000000000000000000000000000|0000000000000000000000000000000000000000000000000000000000000000|0|3|rt4_TMB-5_MAP_g2_00679.r24|2|1|RICH|704|0|1240|0000000000000000000000000000000000000000000000000000000000000000|RICH|1|704|DISP=ACCEPT_INSTALL|DETAIL=rt3_map_g2
0000000000000000000000000000000000000000000000000000000000000000|0000000000000000000000000000000000000000000000000000000000000000|0|3|rt4_TMB-5_MAP_g2_00680.r24|2|1|RICH|706|0|1240|0000000000000000000000000000000000000000000000000000000000000000|RICH|1|706|DISP=ACCEPT_INSTALL|DETAIL=rt3_map_g2
0000000000000000000000000000000000000000000000000000000000000000|0000000000000000000000000000000000000000000000000000000000000000|0|3|rt4_TMB-5_MAP_g2_00681.r24|2|1|RICH|708|0|1240|0000000000000000000000000000000000000000000000000000000000000000|RICH|1|708|DISP=ACCEPT_INSTALL|DETAIL=rt3_map_g2
0000000000000000000000000000000000000000000000000000000000000000|0000000000000000000000000000000000000000000000000000000000000000|0|3|rt4_TMB-5_MAP_g2_00682.r24|2|1|RICH|710|0|1240|0000000000000000000000000000000000000000000000000000000000000000|RICH|1|710|DISP=ACCEPT_INSTALL|DETAIL=rt3_map_g2
0000000000000000000000000000000000000000000000000000000000000000|0000000000000000000000000000000000000000000000000000000000000000|0|3|rt4_TMB-5_MAP_g2_00683.r24|2|1|RICH|712|0|1240|0000000000000000000000000000000000000000000000000000000000000000|RICH|1|712|DISP=ACCEPT_INSTALL|DETAIL=rt3_map_g2
0000000000000000000000000000000000000000000000000000000000000000|0000000000000000000000000000000000000000000000000000000000000000|0|3|rt4_TMB-5_MAP_g2_00684.r24|2|1|RICH|714|0|1240|0000000000000000000000000000000000000000000000000000000000000000|RICH|1|714|DISP=ACCEPT_INSTALL|DETAIL=rt3_map_g2
0000000000000000000000000000000000000000000000000000000000000000|0000000000000000000000000000000000000000000000000000000000000000|0|3|rt4_TMB-5_MAP_g2_00685.r24|2|1|RICH|716|0|1240|0000000000000000000000000000000000000000000000000000000000000000|RICH|1|716|DISP=ACCEPT_INSTALL|DETAIL=rt3_map_g2
0000000000000000000000000000000000000000000000000000000000000000|0000000000000000000000000000000000000000000000000000000000000000|0|3|rt4_TMB-5_MAP_g2_00686.r24|2|1|RICH|718|0|1240|0000000000000000000000000000000000000000000000000000000000000000|RICH|1|718|DISP=ACCEPT_INSTALL|DETAIL=rt3_map_g2
0000000000000000000000000000000000000000000000000000000000000000|0000000000000000000000000000000000000000000000000000000000000000|0|3|rt4_TMB-5_MAP_g2_00687.r24|2|1|RICH|720|0|1240|0000000000000000000000000000000000000000000000000000000000000000|RICH|1|720|DISP=ACCEPT_INSTALL|DETAIL=rt3_map_g2
0000000000000000000000000000000000000000000000000000000000000000|0000000000000000000000000000000000000000000000000000000000000000|0|3|rt4_TMB-5_MAP_g2_00688.r24|2|1|RICH|722|0|1240|0000000000000000000000000000000000000000000000000000000000000000|RICH|1|722|DISP=ACCEPT_INSTALL|DETAIL=rt3_map_g2
0000000000000000000000000000000000000000000000000000000000000000|0000000000000000000000000000000000000000000000000000000000000000|0|3|rt4_TMB-5_MAP_g2_00689.r24|2|1|RICH|724|0|1240|0000000000000000000000000000000000000000000000000000000000000000|RICH|1|724|DISP=ACCEPT_INSTALL|DETAIL=rt3_map_g2
0000000000000000000000000000000000000000000000000000000000000000|0000000000000000000000000000000000000000000000000000000000000000|0|3|rt4_TMB-5_MAP_g2_00690.r24|2|1|RICH|726|0|1240|0000000000000000000000000000000000000000000000000000000000000000|RICH|1|726|DISP=ACCEPT_INSTALL|DETAIL=rt3_map_g2
0000000000000000000000000000000000000000000000000000000000000000|0000000000000000000000000000000000000000000000000000000000000000|0|3|rt4_TMB-5_MAP_g2_00691.r24|2|1|RICH|728|0|1240|0000000000000000000000000000000000000000000000000000000000000000|RICH|1|728|DISP=ACCEPT_INSTALL|DETAIL=rt3_map_g2
0000000000000000000000000000000000000000000000000000000000000000|0000000000000000000000000000000000000000000000000000000000000000|0|3|rt4_TMB-5_MAP_g2_00692.r24|2|1|RICH|730|0|1240|0000000000000000000000000000000000000000000000000000000000000000|RICH|1|730|DISP=ACCEPT_INSTALL|DETAIL=rt3_map_g2
0000000000000000000000000000000000000000000000000000000000000000|0000000000000000000000000000000000000000000000000000000000000000|0|3|rt4_TMB-5_MAP_g2_00693.r24|2|1|RICH|690|0|1260|0000000000000000000000000000000000000000000000000000000000000000|RICH|1|690|DISP=ACCEPT_INSTALL|DETAIL=rt3_map_g2
0000000000000000000000000000000000000000000000000000000000000000|0000000000000000000000000000000000000000000000000000000000000000|0|3|rt4_TMB-5_MAP_g2_00694.r24|2|1|RICH|692|0|1260|0000000000000000000000000000000000000000000000000000000000000000|RICH|1|692|DISP=ACCEPT_INSTALL|DETAIL=rt3_map_g2
0000000000000000000000000000000000000000000000000000000000000000|0000000000000000000000000000000000000000000000000000000000000000|0|3|rt4_TMB-5_MAP_g2_00695.r24|2|1|RICH|694|0|1260|0000000000000000000000000000000000000000000000000000000000000000|RICH|1|694|DISP=ACCEPT_INSTALL|DETAIL=rt3_map_g2
0000000000000000000000000000000000000000000000000000000000000000|0000000000000000000000000000000000000000000000000000000000000000|0|3|rt4_TMB-5_MAP_g2_00696.r24|2|1|RICH|696|0|1260|0000000000000000000000000000000000000000000000000000000000000000|RICH|1|696|DISP=ACCEPT_INSTALL|DETAIL=rt3_map_g2
0000000000000000000000000000000000000000000000000000000000000000|0000000000000000000000000000000000000000000000000000000000000000|0|3|rt4_TMB-5_MAP_g2_00697.r24|2|1|RICH|698|0|1260|0000000000000000000000000000000000000000000000000000000000000000|RICH|1|698|DISP=ACCEPT_INSTALL|DETAIL=rt3_map_g2
0000000000000000000000000000000000000000000000000000000000000000|0000000000000000000000000000000000000000000000000000000000000000|0|3|rt4_TMB-5_MAP_g2_00698.r24|2|1|RICH|700|0|1260|0000000000000000000000000000000000000000000000000000000000000000|RICH|1|700|DISP=ACCEPT_INSTALL|DETAIL=rt3_map_g2
0000000000000000000000000000000000000000000000000000000000000000|0000000000000000000000000000000000000000000000000000000000000000|0|3|rt4_TMB-5_MAP_g2_00699.r24|2|1|RICH|702|0|1260|0000000000000000000000000000000000000000000000000000000000000000|RICH|1|702|DISP=ACCEPT_INSTALL|DETAIL=rt3_map_g2
0000000000000000000000000000000000000000000000000000000000000000|0000000000000000000000000000000000000000000000000000000000000000|0|3|rt4_TMB-5_MAP_g2_00700.r24|2|1|RICH|704|0|1260|0000000000000000000000000000000000000000000000000000000000000000|RICH|1|704|DISP=ACCEPT_INSTALL|DETAIL=rt3_map_g2
0000000000000000000000000000000000000000000000000000000000000000|0000000000000000000000000000000000000000000000000000000000000000|0|3|rt4_TMB-5_MAP_g2_00701.r24|2|1|RICH|706|0|1260|0000000000000000000000000000000000000000000000000000000000000000|RICH|1|706|DISP=ACCEPT_INSTALL|DETAIL=rt3_map_g2
0000000000000000000000000000000000000000000000000000000000000000|0000000000000000000000000000000000000000000000000000000000000000|0|3|rt4_TMB-5_MAP_g2_00702.r24|2|1|RICH|708|0|1260|0000000000000000000000000000000000000000000000000000000000000000|RICH|1|708|DISP=ACCEPT_INSTALL|DETAIL=rt3_map_g2
0000000000000000000000000000000000000000000000000000000000000000|0000000000000000000000000000000000000000000000000000000000000000|0|3|rt4_TMB-5_MAP_g2_00703.r24|2|1|RICH|710|0|1260|0000000000000000000000000000000000000000000000000000000000000000|RICH|1|710|DISP=ACCEPT_INSTALL|DETAIL=rt3_map_g2
0000000000000000000000000000000000000000000000000000000000000000|0000000000000000000000000000000000000000000000000000000000000000|0|3|rt4_TMB-5_MAP_g2_00704.r24|2|1|RICH|712|0|1260|0000000000000000000000000000000000000000000000000000000000000000|RICH|1|712|DISP=ACCEPT_INSTALL|DETAIL=rt3_map_g2
0000000000000000000000000000000000000000000000000000000000000000|0000000000000000000000000000000000000000000000000000000000000000|0|3|rt4_TMB-5_MAP_g2_00705.r24|2|1|RICH|714|0|1260|0000000000000000000000000000000000000000000000000000000000000000|RICH|1|714|DISP=ACCEPT_INSTALL|DETAIL=rt3_map_g2
0000000000000000000000000000000000000000000000000000000000000000|0000000000000000000000000000000000000000000000000000000000000000|0|3|rt4_TMB-5_MAP_g2_00706.r24|2|1|RICH|716|0|1260|0000000000000000000000000000000000000000000000000000000000000000|RICH|1|716|DISP=ACCEPT_INSTALL|DETAIL=rt3_map_g2
0000000000000000000000000000000000000000000000000000000000000000|0000000000000000000000000000000000000000000000000000000000000000|0|3|rt4_TMB-5_MAP_g2_00707.r24|2|1|RICH|718|0|1260|0000000000000000000000000000000000000000000000000000000000000000|RICH|1|718|DISP=ACCEPT_INSTALL|DETAIL=rt3_map_g2
0000000000000000000000000000000000000000000000000000000000000000|0000000000000000000000000000000000000000000000000000000000000000|0|3|rt4_TMB-5_MAP_g2_00708.r24|2|1|RICH|720|0|1260|0000000000000000000000000000000000000000000000000000000000000000|RICH|1|720|DISP=ACCEPT_INSTALL|DETAIL=rt3_map_g2
0000000000000000000000000000000000000000000000000000000000000000|0000000000000000000000000000000000000000000000000000000000000000|0|3|rt4_TMB-5_MAP_g2_00709.r24|2|1|RICH|722|0|1260|0000000000000000000000000000000000000000000000000000000000000000|RICH|1|722|DISP=ACCEPT_INSTALL|DETAIL=rt3_map_g2
0000000000000000000000000000000000000000000000000000000000000000|0000000000000000000000000000000000000000000000000000000000000000|0|3|rt4_TMB-5_MAP_g2_00710.r24|2|1|RICH|724|0|1260|0000000000000000000000000000000000000000000000000000000000000000|RICH|1|724|DISP=ACCEPT_INSTALL|DETAIL=rt3_map_g2
0000000000000000000000000000000000000000000000000000000000000000|0000000000000000000000000000000000000000000000000000000000000000|0|3|rt4_TMB-5_MAP_g2_00711.r24|2|1|RICH|726|0|1260|0000000000000000000000000000000000000000000000000000000000000000|RICH|1|726|DISP=ACCEPT_INSTALL|DETAIL=rt3_map_g2
0000000000000000000000000000000000000000000000000000000000000000|0000000000000000000000000000000000000000000000000000000000000000|0|3|rt4_TMB-5_MAP_g2_00712.r24|2|1|RICH|728|0|1260|0000000000000000000000000000000000000000000000000000000000000000|RICH|1|728|DISP=ACCEPT_INSTALL|DETAIL=rt3_map_g2
0000000000000000000000000000000000000000000000000000000000000000|0000000000000000000000000000000000000000000000000000000000000000|0|3|rt4_TMB-5_MAP_g2_00713.r24|2|1|RICH|730|0|1260|0000000000000000000000000000000000000000000000000000000000000000|RICH|1|730|DISP=ACCEPT_INSTALL|DETAIL=rt3_map_g2
0000000000000000000000000000000000000000000000000000000000000000|0000000000000000000000000000000000000000000000000000000000000000|0|3|rt4_TMB-5_MAP_g2_00714.r24|2|1|RICH|690|0|1280|0000000000000000000000000000000000000000000000000000000000000000|RICH|1|690|DISP=ACCEPT_INSTALL|DETAIL=rt3_map_g2
0000000000000000000000000000000000000000000000000000000000000000|0000000000000000000000000000000000000000000000000000000000000000|0|3|rt4_TMB-5_MAP_g2_00715.r24|2|1|RICH|692|0|1280|0000000000000000000000000000000000000000000000000000000000000000|RICH|1|692|DISP=ACCEPT_INSTALL|DETAIL=rt3_map_g2
0000000000000000000000000000000000000000000000000000000000000000|0000000000000000000000000000000000000000000000000000000000000000|0|3|rt4_TMB-5_MAP_g2_00716.r24|2|1|RICH|694|0|1280|0000000000000000000000000000000000000000000000000000000000000000|RICH|1|694|DISP=ACCEPT_INSTALL|DETAIL=rt3_map_g2
0000000000000000000000000000000000000000000000000000000000000000|0000000000000000000000000000000000000000000000000000000000000000|0|3|rt4_TMB-5_MAP_g2_00717.r24|2|1|RICH|696|0|1280|0000000000000000000000000000000000000000000000000000000000000000|RICH|1|696|DISP=ACCEPT_INSTALL|DETAIL=rt3_map_g2
0000000000000000000000000000000000000000000000000000000000000000|0000000000000000000000000000000000000000000000000000000000000000|0|3|rt4_TMB-5_MAP_g2_00718.r24|2|1|RICH|698|0|1280|0000000000000000000000000000000000000000000000000000000000000000|RICH|1|698|DISP=ACCEPT_INSTALL|DETAIL=rt3_map_g2
0000000000000000000000000000000000000000000000000000000000000000|0000000000000000000000000000000000000000000000000000000000000000|0|3|rt4_TMB-5_MAP_g2_00719.r24|2|1|RICH|700|0|1280|0000000000000000000000000000000000000000000000000000000000000000|RICH|1|700|DISP=ACCEPT_INSTALL|DETAIL=rt3_map_g2
0000000000000000000000000000000000000000000000000000000000000000|0000000000000000000000000000000000000000000000000000000000000000|0|3|rt4_TMB-5_MAP_g2_00720.r24|2|1|RICH|702|0|1280|0000000000000000000000000000000000000000000000000000000000000000|RICH|1|702|DISP=ACCEPT_INSTALL|DETAIL=rt3_map_g2
0000000000000000000000000000000000000000000000000000000000000000|0000000000000000000000000000000000000000000000000000000000000000|0|3|rt4_TMB-5_MAP_g2_00721.r24|2|1|RICH|704|0|1280|0000000000000000000000000000000000000000000000000000000000000000|RICH|1|704|DISP=ACCEPT_INSTALL|DETAIL=rt3_map_g2
0000000000000000000000000000000000000000000000000000000000000000|0000000000000000000000000000000000000000000000000000000000000000|0|3|rt4_TMB-5_MAP_g2_00722.r24|2|1|RICH|706|0|1280|0000000000000000000000000000000000000000000000000000000000000000|RICH|1|706|DISP=ACCEPT_INSTALL|DETAIL=rt3_map_g2
0000000000000000000000000000000000000000000000000000000000000000|0000000000000000000000000000000000000000000000000000000000000000|0|3|rt4_TMB-5_MAP_g2_00723.r24|2|1|RICH|708|0|1280|0000000000000000000000000000000000000000000000000000000000000000|RICH|1|708|DISP=ACCEPT_INSTALL|DETAIL=rt3_map_g2
0000000000000000000000000000000000000000000000000000000000000000|0000000000000000000000000000000000000000000000000000000000000000|0|3|rt4_TMB-5_MAP_g2_00724.r24|2|1|RICH|710|0|1280|0000000000000000000000000000000000000000000000000000000000000000|RICH|1|710|DISP=ACCEPT_INSTALL|DETAIL=rt3_map_g2
0000000000000000000000000000000000000000000000000000000000000000|0000000000000000000000000000000000000000000000000000000000000000|0|3|rt4_TMB-5_MAP_g2_00725.r24|2|1|RICH|712|0|1280|0000000000000000000000000000000000000000000000000000000000000000|RICH|1|712|DISP=ACCEPT_INSTALL|DETAIL=rt3_map_g2
0000000000000000000000000000000000000000000000000000000000000000|0000000000000000000000000000000000000000000000000000000000000000|0|3|rt4_TMB-5_MAP_g2_00726.r24|2|1|RICH|714|0|1280|0000000000000000000000000000000000000000000000000000000000000000|RICH|1|714|DISP=ACCEPT_INSTALL|DETAIL=rt3_map_g2
0000000000000000000000000000000000000000000000000000000000000000|0000000000000000000000000000000000000000000000000000000000000000|0|3|rt4_TMB-5_MAP_g2_00727.r24|2|1|RICH|716|0|1280|0000000000000000000000000000000000000000000000000000000000000000|RICH|1|716|DISP=ACCEPT_INSTALL|DETAIL=rt3_map_g2
0000000000000000000000000000000000000000000000000000000000000000|0000000000000000000000000000000000000000000000000000000000000000|0|3|rt4_TMB-5_MAP_g2_00728.r24|2|1|RICH|718|0|1280|0000000000000000000000000000000000000000000000000000000000000000|RICH|1|718|DISP=ACCEPT_INSTALL|DETAIL=rt3_map_g2
0000000000000000000000000000000000000000000000000000000000000000|0000000000000000000000000000000000000000000000000000000000000000|0|3|rt4_TMB-5_MAP_g2_00729.r24|2|1|RICH|720|0|1280|0000000000000000000000000000000000000000000000000000000000000000|RICH|1|720|DISP=ACCEPT_INSTALL|DETAIL=rt3_map_g2
0000000000000000000000000000000000000000000000000000000000000000|0000000000000000000000000000000000000000000000000000000000000000|0|3|rt4_TMB-5_MAP_g2_00730.r24|2|1|RICH|722|0|1280|0000000000000000000000000000000000000000000000000000000000000000|RICH|1|722|DISP=ACCEPT_INSTALL|DETAIL=rt3_map_g2
0000000000000000000000000000000000000000000000000000000000000000|0000000000000000000000000000000000000000000000000000000000000000|0|3|rt4_TMB-5_MAP_g2_00731.r24|2|1|RICH|724|0|1280|0000000000000000000000000000000000000000000000000000000000000000|RICH|1|724|DISP=ACCEPT_INSTALL|DETAIL=rt3_map_g2
0000000000000000000000000000000000000000000000000000000000000000|0000000000000000000000000000000000000000000000000000000000000000|0|3|rt4_TMB-5_MAP_g2_00732.r24|2|1|RICH|726|0|1280|0000000000000000000000000000000000000000000000000000000000000000|RICH|1|726|DISP=ACCEPT_INSTALL|DETAIL=rt3_map_g2
0000000000000000000000000000000000000000000000000000000000000000|0000000000000000000000000000000000000000000000000000000000000000|0|3|rt4_TMB-5_MAP_g2_00733.r24|2|1|RICH|728|0|1280|0000000000000000000000000000000000000000000000000000000000000000|RICH|1|728|DISP=ACCEPT_INSTALL|DETAIL=rt3_map_g2
0000000000000000000000000000000000000000000000000000000000000000|0000000000000000000000000000000000000000000000000000000000000000|0|3|rt4_TMB-5_MAP_g2_00734.r24|2|1|RICH|730|0|1280|0000000000000000000000000000000000000000000000000000000000000000|RICH|1|730|DISP=ACCEPT_INSTALL|DETAIL=rt3_map_g2
0000000000000000000000000000000000000000000000000000000000000000|0000000000000000000000000000000000000000000000000000000000000000|0|3|rt4_TMB-5_MAP_g2_00735.r24|2|1|RICH|690|0|1300|0000000000000000000000000000000000000000000000000000000000000000|RICH|1|690|DISP=ACCEPT_INSTALL|DETAIL=rt3_map_g2
0000000000000000000000000000000000000000000000000000000000000000|0000000000000000000000000000000000000000000000000000000000000000|0|3|rt4_TMB-5_MAP_g2_00736.r24|2|1|RICH|692|0|1300|0000000000000000000000000000000000000000000000000000000000000000|RICH|1|692|DISP=ACCEPT_INSTALL|DETAIL=rt3_map_g2
0000000000000000000000000000000000000000000000000000000000000000|0000000000000000000000000000000000000000000000000000000000000000|0|3|rt4_TMB-5_MAP_g2_00737.r24|2|1|RICH|694|0|1300|0000000000000000000000000000000000000000000000000000000000000000|RICH|1|694|DISP=ACCEPT_INSTALL|DETAIL=rt3_map_g2
0000000000000000000000000000000000000000000000000000000000000000|0000000000000000000000000000000000000000000000000000000000000000|0|3|rt4_TMB-5_MAP_g2_00738.r24|2|1|RICH|696|0|1300|0000000000000000000000000000000000000000000000000000000000000000|RICH|1|696|DISP=ACCEPT_INSTALL|DETAIL=rt3_map_g2
0000000000000000000000000000000000000000000000000000000000000000|0000000000000000000000000000000000000000000000000000000000000000|0|3|rt4_TMB-5_MAP_g2_00739.r24|2|1|RICH|698|0|1300|0000000000000000000000000000000000000000000000000000000000000000|RICH|1|698|DISP=ACCEPT_INSTALL|DETAIL=rt3_map_g2
0000000000000000000000000000000000000000000000000000000000000000|0000000000000000000000000000000000000000000000000000000000000000|0|3|rt4_TMB-5_MAP_g2_00740.r24|2|1|RICH|700|0|1300|0000000000000000000000000000000000000000000000000000000000000000|RICH|1|700|DISP=ACCEPT_INSTALL|DETAIL=rt3_map_g2
0000000000000000000000000000000000000000000000000000000000000000|0000000000000000000000000000000000000000000000000000000000000000|0|3|rt4_TMB-5_MAP_g2_00741.r24|2|1|RICH|702|0|1300|0000000000000000000000000000000000000000000000000000000000000000|RICH|1|702|DISP=ACCEPT_INSTALL|DETAIL=rt3_map_g2
0000000000000000000000000000000000000000000000000000000000000000|0000000000000000000000000000000000000000000000000000000000000000|0|3|rt4_TMB-5_MAP_g2_00742.r24|2|1|RICH|704|0|1300|0000000000000000000000000000000000000000000000000000000000000000|RICH|1|704|DISP=ACCEPT_INSTALL|DETAIL=rt3_map_g2
0000000000000000000000000000000000000000000000000000000000000000|0000000000000000000000000000000000000000000000000000000000000000|0|3|rt4_TMB-5_MAP_g2_00743.r24|2|1|RICH|706|0|1300|0000000000000000000000000000000000000000000000000000000000000000|RICH|1|706|DISP=ACCEPT_INSTALL|DETAIL=rt3_map_g2
0000000000000000000000000000000000000000000000000000000000000000|0000000000000000000000000000000000000000000000000000000000000000|0|3|rt4_TMB-5_MAP_g2_00744.r24|2|1|RICH|708|0|1300|0000000000000000000000000000000000000000000000000000000000000000|RICH|1|708|DISP=ACCEPT_INSTALL|DETAIL=rt3_map_g2
0000000000000000000000000000000000000000000000000000000000000000|0000000000000000000000000000000000000000000000000000000000000000|0|3|rt4_TMB-5_MAP_g2_00745.r24|2|1|RICH|710|0|1300|0000000000000000000000000000000000000000000000000000000000000000|RICH|1|710|DISP=ACCEPT_INSTALL|DETAIL=rt3_map_g2
0000000000000000000000000000000000000000000000000000000000000000|0000000000000000000000000000000000000000000000000000000000000000|0|3|rt4_TMB-5_MAP_g2_00746.r24|2|1|RICH|712|0|1300|0000000000000000000000000000000000000000000000000000000000000000|RICH|1|712|DISP=ACCEPT_INSTALL|DETAIL=rt3_map_g2
0000000000000000000000000000000000000000000000000000000000000000|0000000000000000000000000000000000000000000000000000000000000000|0|3|rt4_TMB-5_MAP_g2_00747.r24|2|1|RICH|714|0|1300|0000000000000000000000000000000000000000000000000000000000000000|RICH|1|714|DISP=ACCEPT_INSTALL|DETAIL=rt3_map_g2
0000000000000000000000000000000000000000000000000000000000000000|0000000000000000000000000000000000000000000000000000000000000000|0|3|rt4_TMB-5_MAP_g2_00748.r24|2|1|RICH|716|0|1300|0000000000000000000000000000000000000000000000000000000000000000|RICH|1|716|DISP=ACCEPT_INSTALL|DETAIL=rt3_map_g2
0000000000000000000000000000000000000000000000000000000000000000|0000000000000000000000000000000000000000000000000000000000000000|0|3|rt4_TMB-5_MAP_g2_00749.r24|2|1|RICH|718|0|1300|0000000000000000000000000000000000000000000000000000000000000000|RICH|1|718|DISP=ACCEPT_INSTALL|DETAIL=rt3_map_g2
0000000000000000000000000000000000000000000000000000000000000000|0000000000000000000000000000000000000000000000000000000000000000|0|3|rt4_TMB-5_MAP_g2_00750.r24|2|1|RICH|720|0|1300|0000000000000000000000000000000000000000000000000000000000000000|RICH|1|720|DISP=ACCEPT_INSTALL|DETAIL=rt3_map_g2
0000000000000000000000000000000000000000000000000000000000000000|0000000000000000000000000000000000000000000000000000000000000000|0|3|rt4_TMB-5_MAP_g2_00751.r24|2|1|RICH|722|0|1300|0000000000000000000000000000000000000000000000000000000000000000|RICH|1|722|DISP=ACCEPT_INSTALL|DETAIL=rt3_map_g2
0000000000000000000000000000000000000000000000000000000000000000|0000000000000000000000000000000000000000000000000000000000000000|0|3|rt4_TMB-5_MAP_g2_00752.r24|2|1|RICH|724|0|1300|0000000000000000000000000000000000000000000000000000000000000000|RICH|1|724|DISP=ACCEPT_INSTALL|DETAIL=rt3_map_g2
0000000000000000000000000000000000000000000000000000000000000000|0000000000000000000000000000000000000000000000000000000000000000|0|3|rt4_TMB-5_MAP_g2_00753.r24|2|1|RICH|726|0|1300|0000000000000000000000000000000000000000000000000000000000000000|RICH|1|726|DISP=ACCEPT_INSTALL|DETAIL=rt3_map_g2
0000000000000000000000000000000000000000000000000000000000000000|0000000000000000000000000000000000000000000000000000000000000000|0|3|rt4_TMB-5_MAP_g2_00754.r24|2|1|RICH|728|0|1300|0000000000000000000000000000000000000000000000000000000000000000|RICH|1|728|DISP=ACCEPT_INSTALL|DETAIL=rt3_map_g2
0000000000000000000000000000000000000000000000000000000000000000|0000000000000000000000000000000000000000000000000000000000000000|0|3|rt4_TMB-5_MAP_g2_00755.r24|2|1|RICH|730|0|1300|0000000000000000000000000000000000000000000000000000000000000000|RICH|1|730|DISP=ACCEPT_INSTALL|DETAIL=rt3_map_g2
0000000000000000000000000000000000000000000000000000000000000000|0000000000000000000000000000000000000000000000000000000000000000|0|3|rt4_TMB-5_MAP_g2_00756.r24|2|1|RICH|690|0|1320|0000000000000000000000000000000000000000000000000000000000000000|RICH|1|690|DISP=ACCEPT_INSTALL|DETAIL=rt3_map_g2
0000000000000000000000000000000000000000000000000000000000000000|0000000000000000000000000000000000000000000000000000000000000000|0|3|rt4_TMB-5_MAP_g2_00757.r24|2|1|RICH|692|0|1320|0000000000000000000000000000000000000000000000000000000000000000|RICH|1|692|DISP=ACCEPT_INSTALL|DETAIL=rt3_map_g2
0000000000000000000000000000000000000000000000000000000000000000|0000000000000000000000000000000000000000000000000000000000000000|0|3|rt4_TMB-5_MAP_g2_00758.r24|2|1|RICH|694|0|1320|0000000000000000000000000000000000000000000000000000000000000000|RICH|1|694|DISP=ACCEPT_INSTALL|DETAIL=rt3_map_g2
0000000000000000000000000000000000000000000000000000000000000000|0000000000000000000000000000000000000000000000000000000000000000|0|3|rt4_TMB-5_MAP_g2_00759.r24|2|1|RICH|696|0|1320|0000000000000000000000000000000000000000000000000000000000000000|RICH|1|696|DISP=ACCEPT_INSTALL|DETAIL=rt3_map_g2
0000000000000000000000000000000000000000000000000000000000000000|0000000000000000000000000000000000000000000000000000000000000000|0|3|rt4_TMB-5_MAP_g2_00760.r24|2|1|RICH|698|0|1320|0000000000000000000000000000000000000000000000000000000000000000|RICH|1|698|DISP=ACCEPT_INSTALL|DETAIL=rt3_map_g2
0000000000000000000000000000000000000000000000000000000000000000|0000000000000000000000000000000000000000000000000000000000000000|0|3|rt4_TMB-5_MAP_g2_00761.r24|2|1|RICH|700|0|1320|0000000000000000000000000000000000000000000000000000000000000000|RICH|1|700|DISP=ACCEPT_INSTALL|DETAIL=rt3_map_g2
0000000000000000000000000000000000000000000000000000000000000000|0000000000000000000000000000000000000000000000000000000000000000|0|3|rt4_TMB-5_MAP_g2_00762.r24|2|1|RICH|702|0|1320|0000000000000000000000000000000000000000000000000000000000000000|RICH|1|702|DISP=ACCEPT_INSTALL|DETAIL=rt3_map_g2
0000000000000000000000000000000000000000000000000000000000000000|0000000000000000000000000000000000000000000000000000000000000000|0|3|rt4_TMB-5_MAP_g2_00763.r24|2|1|RICH|704|0|1320|0000000000000000000000000000000000000000000000000000000000000000|RICH|1|704|DISP=ACCEPT_INSTALL|DETAIL=rt3_map_g2
0000000000000000000000000000000000000000000000000000000000000000|0000000000000000000000000000000000000000000000000000000000000000|0|3|rt4_TMB-5_MAP_g2_00764.r24|2|1|RICH|706|0|1320|0000000000000000000000000000000000000000000000000000000000000000|RICH|1|706|DISP=ACCEPT_INSTALL|DETAIL=rt3_map_g2
0000000000000000000000000000000000000000000000000000000000000000|0000000000000000000000000000000000000000000000000000000000000000|0|3|rt4_TMB-5_MAP_g2_00765.r24|2|1|RICH|708|0|1320|0000000000000000000000000000000000000000000000000000000000000000|RICH|1|708|DISP=ACCEPT_INSTALL|DETAIL=rt3_map_g2
0000000000000000000000000000000000000000000000000000000000000000|0000000000000000000000000000000000000000000000000000000000000000|0|3|rt4_TMB-5_MAP_g2_00766.r24|2|1|RICH|710|0|1320|0000000000000000000000000000000000000000000000000000000000000000|RICH|1|710|DISP=ACCEPT_INSTALL|DETAIL=rt3_map_g2
0000000000000000000000000000000000000000000000000000000000000000|0000000000000000000000000000000000000000000000000000000000000000|0|3|rt4_TMB-5_MAP_g2_00767.r24|2|1|RICH|712|0|1320|0000000000000000000000000000000000000000000000000000000000000000|RICH|1|712|DISP=ACCEPT_INSTALL|DETAIL=rt3_map_g2
0000000000000000000000000000000000000000000000000000000000000000|0000000000000000000000000000000000000000000000000000000000000000|0|3|rt4_TMB-5_MAP_g2_00768.r24|2|1|RICH|714|0|1320|0000000000000000000000000000000000000000000000000000000000000000|RICH|1|714|DISP=ACCEPT_INSTALL|DETAIL=rt3_map_g2
0000000000000000000000000000000000000000000000000000000000000000|0000000000000000000000000000000000000000000000000000000000000000|0|3|rt4_TMB-5_MAP_g2_00769.r24|2|1|RICH|716|0|1320|0000000000000000000000000000000000000000000000000000000000000000|RICH|1|716|DISP=ACCEPT_INSTALL|DETAIL=rt3_map_g2
0000000000000000000000000000000000000000000000000000000000000000|0000000000000000000000000000000000000000000000000000000000000000|0|3|rt4_TMB-5_MAP_g2_00770.r24|2|1|RICH|718|0|1320|0000000000000000000000000000000000000000000000000000000000000000|RICH|1|718|DISP=ACCEPT_INSTALL|DETAIL=rt3_map_g2
0000000000000000000000000000000000000000000000000000000000000000|0000000000000000000000000000000000000000000000000000000000000000|0|3|rt4_TMB-5_MAP_g2_00771.r24|2|1|RICH|720|0|1320|0000000000000000000000000000000000000000000000000000000000000000|RICH|1|720|DISP=ACCEPT_INSTALL|DETAIL=rt3_map_g2
0000000000000000000000000000000000000000000000000000000000000000|0000000000000000000000000000000000000000000000000000000000000000|0|3|rt4_TMB-5_MAP_g2_00772.r24|2|1|RICH|722|0|1320|0000000000000000000000000000000000000000000000000000000000000000|RICH|1|722|DISP=ACCEPT_INSTALL|DETAIL=rt3_map_g2
0000000000000000000000000000000000000000000000000000000000000000|0000000000000000000000000000000000000000000000000000000000000000|0|3|rt4_TMB-5_MAP_g2_00773.r24|2|1|RICH|724|0|1320|0000000000000000000000000000000000000000000000000000000000000000|RICH|1|724|DISP=ACCEPT_INSTALL|DETAIL=rt3_map_g2
0000000000000000000000000000000000000000000000000000000000000000|0000000000000000000000000000000000000000000000000000000000000000|0|3|rt4_TMB-5_MAP_g2_00774.r24|2|1|RICH|726|0|1320|0000000000000000000000000000000000000000000000000000000000000000|RICH|1|726|DISP=ACCEPT_INSTALL|DETAIL=rt3_map_g2
0000000000000000000000000000000000000000000000000000000000000000|0000000000000000000000000000000000000000000000000000000000000000|0|3|rt4_TMB-5_MAP_g2_00775.r24|2|1|RICH|728|0|1320|0000000000000000000000000000000000000000000000000000000000000000|RICH|1|728|DISP=ACCEPT_INSTALL|DETAIL=rt3_map_g2
0000000000000000000000000000000000000000000000000000000000000000|0000000000000000000000000000000000000000000000000000000000000000|0|3|rt4_TMB-5_MAP_g2_00776.r24|2|1|RICH|730|0|1320|0000000000000000000000000000000000000000000000000000000000000000|RICH|1|730|DISP=ACCEPT_INSTALL|DETAIL=rt3_map_g2
0000000000000000000000000000000000000000000000000000000000000000|0000000000000000000000000000000000000000000000000000000000000000|0|3|rt4_TMB-5_MAP_g2_00777.r24|2|1|RICH|690|0|1340|0000000000000000000000000000000000000000000000000000000000000000|RICH|1|690|DISP=ACCEPT_INSTALL|DETAIL=rt3_map_g2
0000000000000000000000000000000000000000000000000000000000000000|0000000000000000000000000000000000000000000000000000000000000000|0|3|rt4_TMB-5_MAP_g2_00778.r24|2|1|RICH|692|0|1340|0000000000000000000000000000000000000000000000000000000000000000|RICH|1|692|DISP=ACCEPT_INSTALL|DETAIL=rt3_map_g2
