0000000000000000000000000000000000000000000000000000000000000000|0000000000000000000000000000000000000000000000000000000000000000|0|3|rt4_TMB-5_MAP_g2_00779.r24|2|1|RICH|694|0|1340|0000000000000000000000000000000000000000000000000000000000000000|RICH|1|694|DISP=ACCEPT_INSTALL|DETAIL=rt3_map_g2
0000000000000000000000000000000000000000000000000000000000000000|0000000000000000000000000000000000000000000000000000000000000000|0|3|rt4_TMB-5_MAP_g2_00780.r24|2|1|RICH|696|0|1340|0000000000000000000000000000000000000000000000000000000000000000|RICH|1|696|DISP=ACCEPT_INSTALL|DETAIL=rt3_map_g2
0000000000000000000000000000000000000000000000000000000000000000|0000000000000000000000000000000000000000000000000000000000000000|0|3|rt4_TMB-5_MAP_g2_00781.r24|2|1|RICH|698|0|1340|0000000000000000000000000000000000000000000000000000000000000000|RICH|1|698|DISP=ACCEPT_INSTALL|DETAIL=rt3_map_g2
0000000000000000000000000000000000000000000000000000000000000000|0000000000000000000000000000000000000000000000000000000000000000|0|3|rt4_TMB-5_MAP_g2_00782.r24|2|1|RICH|700|0|1340|0000000000000000000000000000000000000000000000000000000000000000|RICH|1|700|DISP=ACCEPT_INSTALL|DETAIL=rt3_map_g2
0000000000000000000000000000000000000000000000000000000000000000|0000000000000000000000000000000000000000000000000000000000000000|0|3|rt4_TMB-5_MAP_g2_00783.r24|2|1|RICH|702|0|1340|0000000000000000000000000000000000000000000000000000000000000000|RICH|1|702|DISP=ACCEPT_INSTALL|DETAIL=rt3_map_g2
0000000000000000000000000000000000000000000000000000000000000000|0000000000000000000000000000000000000000000000000000000000000000|0|3|rt4_TMB-5_MAP_g2_00784.r24|2|1|RICH|704|0|1340|0000000000000000000000000000000000000000000000000000000000000000|RICH|1|704|DISP=ACCEPT_INSTALL|DETAIL=rt3_map_g2
0000000000000000000000000000000000000000000000000000000000000000|0000000000000000000000000000000000000000000000000000000000000000|0|3|rt4_TMB-5_MAP_g2_00785.r24|2|1|RICH|706|0|1340|0000000000000000000000000000000000000000000000000000000000000000|RICH|1|706|DISP=ACCEPT_INSTALL|DETAIL=rt3_map_g2
0000000000000000000000000000000000000000000000000000000000000000|0000000000000000000000000000000000000000000000000000000000000000|0|3|rt4_TMB-5_MAP_g2_00786.r24|2|1|RICH|708|0|1340|0000000000000000000000000000000000000000000000000000000000000000|RICH|1|708|DISP=ACCEPT_INSTALL|DETAIL=rt3_map_g2
0000000000000000000000000000000000000000000000000000000000000000|0000000000000000000000000000000000000000000000000000000000000000|0|3|rt4_TMB-5_MAP_g2_00787.r24|2|1|RICH|710|0|1340|0000000000000000000000000000000000000000000000000000000000000000|RICH|1|710|DISP=ACCEPT_INSTALL|DETAIL=rt3_map_g2
0000000000000000000000000000000000000000000000000000000000000000|0000000000000000000000000000000000000000000000000000000000000000|0|3|rt4_TMB-5_MAP_g2_00788.r24|2|1|RICH|712|0|1340|0000000000000000000000000000000000000000000000000000000000000000|RICH|1|712|DISP=ACCEPT_INSTALL|DETAIL=rt3_map_g2
0000000000000000000000000000000000000000000000000000000000000000|0000000000000000000000000000000000000000000000000000000000000000|0|3|rt4_TMB-5_MAP_g2_00789.r24|2|1|RICH|714|0|1340|0000000000000000000000000000000000000000000000000000000000000000|RICH|1|714|DISP=ACCEPT_INSTALL|DETAIL=rt3_map_g2
0000000000000000000000000000000000000000000000000000000000000000|0000000000000000000000000000000000000000000000000000000000000000|0|3|rt4_TMB-5_MAP_g2_00790.r24|2|1|RICH|716|0|1340|0000000000000000000000000000000000000000000000000000000000000000|RICH|1|716|DISP=ACCEPT_INSTALL|DETAIL=rt3_map_g2
0000000000000000000000000000000000000000000000000000000000000000|0000000000000000000000000000000000000000000000000000000000000000|0|3|rt4_TMB-5_MAP_g2_00791.r24|2|1|RICH|718|0|1340|0000000000000000000000000000000000000000000000000000000000000000|RICH|1|718|DISP=ACCEPT_INSTALL|DETAIL=rt3_map_g2
0000000000000000000000000000000000000000000000000000000000000000|0000000000000000000000000000000000000000000000000000000000000000|0|3|rt4_TMB-5_MAP_g2_00792.r24|2|1|RICH|720|0|1340|0000000000000000000000000000000000000000000000000000000000000000|RICH|1|720|DISP=ACCEPT_INSTALL|DETAIL=rt3_map_g2
0000000000000000000000000000000000000000000000000000000000000000|0000000000000000000000000000000000000000000000000000000000000000|0|3|rt4_TMB-5_MAP_g2_00793.r24|2|1|RICH|722|0|1340|0000000000000000000000000000000000000000000000000000000000000000|RICH|1|722|DISP=ACCEPT_INSTALL|DETAIL=rt3_map_g2
0000000000000000000000000000000000000000000000000000000000000000|0000000000000000000000000000000000000000000000000000000000000000|0|3|rt4_TMB-5_MAP_g2_00794.r24|2|1|RICH|724|0|1340|0000000000000000000000000000000000000000000000000000000000000000|RICH|1|724|DISP=ACCEPT_INSTALL|DETAIL=rt3_map_g2
0000000000000000000000000000000000000000000000000000000000000000|0000000000000000000000000000000000000000000000000000000000000000|0|3|rt4_TMB-5_MAP_g2_00795.r24|2|1|RICH|726|0|1340|0000000000000000000000000000000000000000000000000000000000000000|RICH|1|726|DISP=ACCEPT_INSTALL|DETAIL=rt3_map_g2
0000000000000000000000000000000000000000000000000000000000000000|0000000000000000000000000000000000000000000000000000000000000000|0|3|rt4_TMB-5_MAP_g2_00796.r24|2|1|RICH|728|0|1340|0000000000000000000000000000000000000000000000000000000000000000|RICH|1|728|DISP=ACCEPT_INSTALL|DETAIL=rt3_map_g2
0000000000000000000000000000000000000000000000000000000000000000|0000000000000000000000000000000000000000000000000000000000000000|0|3|rt4_TMB-5_MAP_g2_00797.r24|2|1|RICH|730|0|1340|0000000000000000000000000000000000000000000000000000000000000000|RICH|1|730|DISP=ACCEPT_INSTALL|DETAIL=rt3_map_g2
0000000000000000000000000000000000000000000000000000000000000000|0000000000000000000000000000000000000000000000000000000000000000|0|3|rt4_TMB-5_MAP_g2_00798.r24|2|1|RICH|690|0|1360|0000000000000000000000000000000000000000000000000000000000000000|RICH|1|690|DISP=ACCEPT_INSTALL|DETAIL=rt3_map_g2
0000000000000000000000000000000000000000000000000000000000000000|0000000000000000000000000000000000000000000000000000000000000000|0|3|rt4_TMB-5_MAP_g2_00799.r24|2|1|RICH|692|0|1360|0000000000000000000000000000000000000000000000000000000000000000|RICH|1|692|DISP=ACCEPT_INSTALL|DETAIL=rt3_map_g2
0000000000000000000000000000000000000000000000000000000000000000|0000000000000000000000000000000000000000000000000000000000000000|0|3|rt4_TMB-5_MAP_g2_00800.r24|2|1|RICH|694|0|1360|0000000000000000000000000000000000000000000000000000000000000000|RICH|1|694|DISP=ACCEPT_INSTALL|DETAIL=rt3_map_g2
0000000000000000000000000000000000000000000000000000000000000000|0000000000000000000000000000000000000000000000000000000000000000|0|3|rt4_TMB-5_MAP_g2_00801.r24|2|1|RICH|696|0|1360|0000000000000000000000000000000000000000000000000000000000000000|RICH|1|696|DISP=ACCEPT_INSTALL|DETAIL=rt3_map_g2
0000000000000000000000000000000000000000000000000000000000000000|0000000000000000000000000000000000000000000000000000000000000000|0|3|rt4_TMB-5_MAP_g2_00802.r24|2|1|RICH|698|0|1360|0000000000000000000000000000000000000000000000000000000000000000|RICH|1|698|DISP=ACCEPT_INSTALL|DETAIL=rt3_map_g2
0000000000000000000000000000000000000000000000000000000000000000|0000000000000000000000000000000000000000000000000000000000000000|0|3|rt4_TMB-5_MAP_g2_00803.r24|2|1|RICH|700|0|1360|0000000000000000000000000000000000000000000000000000000000000000|RICH|1|700|DISP=ACCEPT_INSTALL|DETAIL=rt3_map_g2
0000000000000000000000000000000000000000000000000000000000000000|0000000000000000000000000000000000000000000000000000000000000000|0|3|rt4_TMB-5_MAP_g2_00804.r24|2|1|RICH|702|0|1360|0000000000000000000000000000000000000000000000000000000000000000|RICH|1|702|DISP=ACCEPT_INSTALL|DETAIL=rt3_map_g2
0000000000000000000000000000000000000000000000000000000000000000|0000000000000000000000000000000000000000000000000000000000000000|0|3|rt4_TMB-5_MAP_g2_00805.r24|2|1|RICH|704|0|1360|0000000000000000000000000000000000000000000000000000000000000000|RICH|1|704|DISP=ACCEPT_INSTALL|DETAIL=rt3_map_g2
0000000000000000000000000000000000000000000000000000000000000000|0000000000000000000000000000000000000000000000000000000000000000|0|3|rt4_TMB-5_MAP_g2_00806.r24|2|1|RICH|706|0|1360|0000000000000000000000000000000000000000000000000000000000000000|RICH|1|706|DISP=ACCEPT_INSTALL|DETAIL=rt3_map_g2
0000000000000000000000000000000000000000000000000000000000000000|0000000000000000000000000000000000000000000000000000000000000000|0|3|rt4_TMB-5_MAP_g2_00807.r24|2|1|RICH|708|0|1360|0000000000000000000000000000000000000000000000000000000000000000|RICH|1|708|DISP=ACCEPT_INSTALL|DETAIL=rt3_map_g2
0000000000000000000000000000000000000000000000000000000000000000|0000000000000000000000000000000000000000000000000000000000000000|0|3|rt4_TMB-5_MAP_g2_00808.r24|2|1|RICH|710|0|1360|0000000000000000000000000000000000000000000000000000000000000000|RICH|1|710|DISP=ACCEPT_INSTALL|DETAIL=rt3_map_g2
0000000000000000000000000000000000000000000000000000000000000000|0000000000000000000000000000000000000000000000000000000000000000|0|3|rt4_TMB-5_MAP_g2_00809.r24|2|1|RICH|712|0|1360|0000000000000000000000000000000000000000000000000000000000000000|RICH|1|712|DISP=ACCEPT_INSTALL|DETAIL=rt3_map_g2
0000000000000000000000000000000000000000000000000000000000000000|0000000000000000000000000000000000000000000000000000000000000000|0|3|rt4_TMB-5_MAP_g2_00810.r24|2|1|RICH|714|0|1360|0000000000000000000000000000000000000000000000000000000000000000|RICH|1|714|DISP=ACCEPT_INSTALL|DETAIL=rt3_map_g2
0000000000000000000000000000000000000000000000000000000000000000|0000000000000000000000000000000000000000000000000000000000000000|0|3|rt4_TMB-5_MAP_g2_00811.r24|2|1|RICH|716|0|1360|0000000000000000000000000000000000000000000000000000000000000000|RICH|1|716|DISP=ACCEPT_INSTALL|DETAIL=rt3_map_g2
0000000000000000000000000000000000000000000000000000000000000000|0000000000000000000000000000000000000000000000000000000000000000|0|3|rt4_TMB-5_MAP_g2_00812.r24|2|1|RICH|718|0|1360|0000000000000000000000000000000000000000000000000000000000000000|RICH|1|718|DISP=ACCEPT_INSTALL|DETAIL=rt3_map_g2
0000000000000000000000000000000000000000000000000000000000000000|0000000000000000000000000000000000000000000000000000000000000000|0|3|rt4_TMB-5_MAP_g2_00813.r24|2|1|RICH|720|0|1360|0000000000000000000000000000000000000000000000000000000000000000|RICH|1|720|DISP=ACCEPT_INSTALL|DETAIL=rt3_map_g2
0000000000000000000000000000000000000000000000000000000000000000|0000000000000000000000000000000000000000000000000000000000000000|0|3|rt4_TMB-5_MAP_g2_00814.r24|2|1|RICH|722|0|1360|0000000000000000000000000000000000000000000000000000000000000000|RICH|1|722|DISP=ACCEPT_INSTALL|DETAIL=rt3_map_g2
0000000000000000000000000000000000000000000000000000000000000000|0000000000000000000000000000000000000000000000000000000000000000|0|3|rt4_TMB-5_MAP_g2_00815.r24|2|1|RICH|724|0|1360|0000000000000000000000000000000000000000000000000000000000000000|RICH|1|724|DISP=ACCEPT_INSTALL|DETAIL=rt3_map_g2
0000000000000000000000000000000000000000000000000000000000000000|0000000000000000000000000000000000000000000000000000000000000000|0|3|rt4_TMB-5_MAP_g2_00816.r24|2|1|RICH|726|0|1360|0000000000000000000000000000000000000000000000000000000000000000|RICH|1|726|DISP=ACCEPT_INSTALL|DETAIL=rt3_map_g2
0000000000000000000000000000000000000000000000000000000000000000|0000000000000000000000000000000000000000000000000000000000000000|0|3|rt4_TMB-5_MAP_g2_00817.r24|2|1|RICH|728|0|1360|0000000000000000000000000000000000000000000000000000000000000000|RICH|1|728|DISP=ACCEPT_INSTALL|DETAIL=rt3_map_g2
0000000000000000000000000000000000000000000000000000000000000000|0000000000000000000000000000000000000000000000000000000000000000|0|3|rt4_TMB-5_MAP_g2_00818.r24|2|1|RICH|730|0|1360|0000000000000000000000000000000000000000000000000000000000000000|RICH|1|730|DISP=ACCEPT_INSTALL|DETAIL=rt3_map_g2
0000000000000000000000000000000000000000000000000000000000000000|0000000000000000000000000000000000000000000000000000000000000000|0|3|rt4_TMB-5_MAP_g2_00819.r24|2|1|RICH|690|0|1380|0000000000000000000000000000000000000000000000000000000000000000|RICH|1|690|DISP=ACCEPT_INSTALL|DETAIL=rt3_map_g2
0000000000000000000000000000000000000000000000000000000000000000|0000000000000000000000000000000000000000000000000000000000000000|0|3|rt4_TMB-5_MAP_g2_00820.r24|2|1|RICH|692|0|1380|0000000000000000000000000000000000000000000000000000000000000000|RICH|1|692|DISP=ACCEPT_INSTALL|DETAIL=rt3_map_g2
0000000000000000000000000000000000000000000000000000000000000000|0000000000000000000000000000000000000000000000000000000000000000|0|3|rt4_TMB-5_MAP_g2_00821.r24|2|1|RICH|694|0|1380|0000000000000000000000000000000000000000000000000000000000000000|RICH|1|694|DISP=ACCEPT_INSTALL|DETAIL=rt3_map_g2
0000000000000000000000000000000000000000000000000000000000000000|0000000000000000000000000000000000000000000000000000000000000000|0|3|rt4_TMB-5_MAP_g2_00822.r24|2|1|RICH|696|0|1380|0000000000000000000000000000000000000000000000000000000000000000|RICH|1|696|DISP=ACCEPT_INSTALL|DETAIL=rt3_map_g2
0000000000000000000000000000000000000000000000000000000000000000|0000000000000000000000000000000000000000000000000000000000000000|0|3|rt4_TMB-5_MAP_g2_00823.r24|2|1|RICH|698|0|1380|0000000000000000000000000000000000000000000000000000000000000000|RICH|1|698|DISP=ACCEPT_INSTALL|DETAIL=rt3_map_g2
0000000000000000000000000000000000000000000000000000000000000000|0000000000000000000000000000000000000000000000000000000000000000|0|3|rt4_TMB-5_MAP_g2_00824.r24|2|1|RICH|700|0|1380|0000000000000000000000000000000000000000000000000000000000000000|RICH|1|700|DISP=ACCEPT_INSTALL|DETAIL=rt3_map_g2
0000000000000000000000000000000000000000000000000000000000000000|0000000000000000000000000000000000000000000000000000000000000000|0|3|rt4_TMB-5_MAP_g2_00825.r24|2|1|RICH|702|0|1380|0000000000000000000000000000000000000000000000000000000000000000|RICH|1|702|DISP=ACCEPT_INSTALL|DETAIL=rt3_map_g2
0000000000000000000000000000000000000000000000000000000000000000|0000000000000000000000000000000000000000000000000000000000000000|0|3|rt4_TMB-5_MAP_g2_00826.r24|2|1|RICH|704|0|1380|0000000000000000000000000000000000000000000000000000000000000000|RICH|1|704|DISP=ACCEPT_INSTALL|DETAIL=rt3_map_g2
0000000000000000000000000000000000000000000000000000000000000000|0000000000000000000000000000000000000000000000000000000000000000|0|3|rt4_TMB-5_MAP_g2_00827.r24|2|1|RICH|706|0|1380|0000000000000000000000000000000000000000000000000000000000000000|RICH|1|706|DISP=ACCEPT_INSTALL|DETAIL=rt3_map_g2
0000000000000000000000000000000000000000000000000000000000000000|0000000000000000000000000000000000000000000000000000000000000000|0|3|rt4_TMB-5_MAP_g2_00828.r24|2|1|RICH|708|0|1380|0000000000000000000000000000000000000000000000000000000000000000|RICH|1|708|DISP=ACCEPT_INSTALL|DETAIL=rt3_map_g2
0000000000000000000000000000000000000000000000000000000000000000|0000000000000000000000000000000000000000000000000000000000000000|0|3|rt4_TMB-5_MAP_g2_00829.r24|2|1|RICH|710|0|1380|0000000000000000000000000000000000000000000000000000000000000000|RICH|1|710|DISP=ACCEPT_INSTALL|DETAIL=rt3_map_g2
0000000000000000000000000000000000000000000000000000000000000000|0000000000000000000000000000000000000000000000000000000000000000|0|3|rt4_TMB-5_MAP_g2_00830.r24|2|1|RICH|712|0|1380|0000000000000000000000000000000000000000000000000000000000000000|RICH|1|712|DISP=ACCEPT_INSTALL|DETAIL=rt3_map_g2
0000000000000000000000000000000000000000000000000000000000000000|0000000000000000000000000000000000000000000000000000000000000000|0|3|rt4_TMB-5_MAP_g2_00831.r24|2|1|RICH|714|0|1380|0000000000000000000000000000000000000000000000000000000000000000|RICH|1|714|DISP=ACCEPT_INSTALL|DETAIL=rt3_map_g2
0000000000000000000000000000000000000000000000000000000000000000|0000000000000000000000000000000000000000000000000000000000000000|0|3|rt4_TMB-5_MAP_g2_00832.r24|2|1|RICH|716|0|1380|0000000000000000000000000000000000000000000000000000000000000000|RICH|1|716|DISP=ACCEPT_INSTALL|DETAIL=rt3_map_g2
0000000000000000000000000000000000000000000000000000000000000000|0000000000000000000000000000000000000000000000000000000000000000|0|3|rt4_TMB-5_MAP_g2_00833.r24|2|1|RICH|718|0|1380|0000000000000000000000000000000000000000000000000000000000000000|RICH|1|718|DISP=ACCEPT_INSTALL|DETAIL=rt3_map_g2
0000000000000000000000000000000000000000000000000000000000000000|0000000000000000000000000000000000000000000000000000000000000000|0|3|rt4_TMB-5_MAP_g2_00834.r24|2|1|RICH|720|0|1380|0000000000000000000000000000000000000000000000000000000000000000|RICH|1|720|DISP=ACCEPT_INSTALL|DETAIL=rt3_map_g2
0000000000000000000000000000000000000000000000000000000000000000|0000000000000000000000000000000000000000000000000000000000000000|0|3|rt4_TMB-5_MAP_g2_00835.r24|2|1|RICH|722|0|1380|0000000000000000000000000000000000000000000000000000000000000000|RICH|1|722|DISP=ACCEPT_INSTALL|DETAIL=rt3_map_g2
0000000000000000000000000000000000000000000000000000000000000000|0000000000000000000000000000000000000000000000000000000000000000|0|3|rt4_TMB-5_MAP_g2_00836.r24|2|1|RICH|724|0|1380|0000000000000000000000000000000000000000000000000000000000000000|RICH|1|724|DISP=ACCEPT_INSTALL|DETAIL=rt3_map_g2
0000000000000000000000000000000000000000000000000000000000000000|0000000000000000000000000000000000000000000000000000000000000000|0|3|rt4_TMB-5_MAP_g2_00837.r24|2|1|RICH|726|0|1380|0000000000000000000000000000000000000000000000000000000000000000|RICH|1|726|DISP=ACCEPT_INSTALL|DETAIL=rt3_map_g2
0000000000000000000000000000000000000000000000000000000000000000|0000000000000000000000000000000000000000000000000000000000000000|0|3|rt4_TMB-5_MAP_g2_00838.r24|2|1|RICH|728|0|1380|0000000000000000000000000000000000000000000000000000000000000000|RICH|1|728|DISP=ACCEPT_INSTALL|DETAIL=rt3_map_g2
0000000000000000000000000000000000000000000000000000000000000000|0000000000000000000000000000000000000000000000000000000000000000|0|3|rt4_TMB-5_MAP_g2_00839.r24|2|1|RICH|730|0|1380|0000000000000000000000000000000000000000000000000000000000000000|RICH|1|730|DISP=ACCEPT_INSTALL|DETAIL=rt3_map_g2
0000000000000000000000000000000000000000000000000000000000000000|0000000000000000000000000000000000000000000000000000000000000000|0|3|rt4_TMB-5_MAP_g2_00840.r24|2|1|RICH|690|0|1400|0000000000000000000000000000000000000000000000000000000000000000|RICH|1|690|DISP=ACCEPT_INSTALL|DETAIL=rt3_map_g2
0000000000000000000000000000000000000000000000000000000000000000|0000000000000000000000000000000000000000000000000000000000000000|0|3|rt4_TMB-5_MAP_g2_00841.r24|2|1|RICH|692|0|1400|0000000000000000000000000000000000000000000000000000000000000000|RICH|1|692|DISP=ACCEPT_INSTALL|DETAIL=rt3_map_g2
0000000000000000000000000000000000000000000000000000000000000000|0000000000000000000000000000000000000000000000000000000000000000|0|3|rt4_TMB-5_MAP_g2_00842.r24|2|1|RICH|694|0|1400|0000000000000000000000000000000000000000000000000000000000000000|RICH|1|694|DISP=ACCEPT_INSTALL|DETAIL=rt3_map_g2
0000000000000000000000000000000000000000000000000000000000000000|0000000000000000000000000000000000000000000000000000000000000000|0|3|rt4_TMB-5_MAP_g2_00843.r24|2|1|RICH|696|0|1400|0000000000000000000000000000000000000000000000000000000000000000|RICH|1|696|DISP=ACCEPT_INSTALL|DETAIL=rt3_map_g2
0000000000000000000000000000000000000000000000000000000000000000|0000000000000000000000000000000000000000000000000000000000000000|0|3|rt4_TMB-5_MAP_g2_00844.r24|2|1|RICH|698|0|1400|0000000000000000000000000000000000000000000000000000000000000000|RICH|1|698|DISP=ACCEPT_INSTALL|DETAIL=rt3_map_g2
0000000000000000000000000000000000000000000000000000000000000000|0000000000000000000000000000000000000000000000000000000000000000|0|3|rt4_TMB-5_MAP_g2_00845.r24|2|1|RICH|700|0|1400|0000000000000000000000000000000000000000000000000000000000000000|RICH|1|700|DISP=ACCEPT_INSTALL|DETAIL=rt3_map_g2
0000000000000000000000000000000000000000000000000000000000000000|0000000000000000000000000000000000000000000000000000000000000000|0|3|rt4_TMB-5_MAP_g2_00846.r24|2|1|RICH|702|0|1400|0000000000000000000000000000000000000000000000000000000000000000|RICH|1|702|DISP=ACCEPT_INSTALL|DETAIL=rt3_map_g2
0000000000000000000000000000000000000000000000000000000000000000|0000000000000000000000000000000000000000000000000000000000000000|0|3|rt4_TMB-5_MAP_g2_00847.r24|2|1|RICH|704|0|1400|0000000000000000000000000000000000000000000000000000000000000000|RICH|1|704|DISP=ACCEPT_INSTALL|DETAIL=rt3_map_g2
0000000000000000000000000000000000000000000000000000000000000000|0000000000000000000000000000000000000000000000000000000000000000|0|3|rt4_TMB-5_MAP_g2_00848.r24|2|1|RICH|706|0|1400|0000000000000000000000000000000000000000000000000000000000000000|RICH|1|706|DISP=ACCEPT_INSTALL|DETAIL=rt3_map_g2
0000000000000000000000000000000000000000000000000000000000000000|0000000000000000000000000000000000000000000000000000000000000000|0|3|rt4_TMB-5_MAP_g2_00849.r24|2|1|RICH|708|0|1400|0000000000000000000000000000000000000000000000000000000000000000|RICH|1|708|DISP=ACCEPT_INSTALL|DETAIL=rt3_map_g2
0000000000000000000000000000000000000000000000000000000000000000|0000000000000000000000000000000000000000000000000000000000000000|0|3|rt4_TMB-5_MAP_g2_00850.r24|2|1|RICH|710|0|1400|0000000000000000000000000000000000000000000000000000000000000000|RICH|1|710|DISP=ACCEPT_INSTALL|DETAIL=rt3_map_g2
0000000000000000000000000000000000000000000000000000000000000000|0000000000000000000000000000000000000000000000000000000000000000|0|3|rt4_TMB-5_MAP_g2_00851.r24|2|1|RICH|712|0|1400|0000000000000000000000000000000000000000000000000000000000000000|RICH|1|712|DISP=ACCEPT_INSTALL|DETAIL=rt3_map_g2
0000000000000000000000000000000000000000000000000000000000000000|0000000000000000000000000000000000000000000000000000000000000000|0|3|rt4_TMB-5_MAP_g2_00852.r24|2|1|RICH|714|0|1400|0000000000000000000000000000000000000000000000000000000000000000|RICH|1|714|DISP=ACCEPT_INSTALL|DETAIL=rt3_map_g2
0000000000000000000000000000000000000000000000000000000000000000|0000000000000000000000000000000000000000000000000000000000000000|0|3|rt4_TMB-5_MAP_g2_00853.r24|2|1|RICH|716|0|1400|0000000000000000000000000000000000000000000000000000000000000000|RICH|1|716|DISP=ACCEPT_INSTALL|DETAIL=rt3_map_g2
0000000000000000000000000000000000000000000000000000000000000000|0000000000000000000000000000000000000000000000000000000000000000|0|3|rt4_TMB-5_MAP_g2_00854.r24|2|1|RICH|718|0|1400|0000000000000000000000000000000000000000000000000000000000000000|RICH|1|718|DISP=ACCEPT_INSTALL|DETAIL=rt3_map_g2
0000000000000000000000000000000000000000000000000000000000000000|0000000000000000000000000000000000000000000000000000000000000000|0|3|rt4_TMB-5_MAP_g2_00855.r24|2|1|RICH|720|0|1400|0000000000000000000000000000000000000000000000000000000000000000|RICH|1|720|DISP=ACCEPT_INSTALL|DETAIL=rt3_map_g2
0000000000000000000000000000000000000000000000000000000000000000|0000000000000000000000000000000000000000000000000000000000000000|0|3|rt4_TMB-5_MAP_g2_00856.r24|2|1|RICH|722|0|1400|0000000000000000000000000000000000000000000000000000000000000000|RICH|1|722|DISP=ACCEPT_INSTALL|DETAIL=rt3_map_g2
0000000000000000000000000000000000000000000000000000000000000000|0000000000000000000000000000000000000000000000000000000000000000|0|3|rt4_TMB-5_MAP_g2_00857.r24|2|1|RICH|724|0|1400|0000000000000000000000000000000000000000000000000000000000000000|RICH|1|724|DISP=ACCEPT_INSTALL|DETAIL=rt3_map_g2
0000000000000000000000000000000000000000000000000000000000000000|0000000000000000000000000000000000000000000000000000000000000000|0|3|rt4_TMB-5_MAP_g2_00858.r24|2|1|RICH|726|0|1400|0000000000000000000000000000000000000000000000000000000000000000|RICH|1|726|DISP=ACCEPT_INSTALL|DETAIL=rt3_map_g2
0000000000000000000000000000000000000000000000000000000000000000|0000000000000000000000000000000000000000000000000000000000000000|0|3|rt4_TMB-5_MAP_g2_00859.r24|2|1|RICH|728|0|1400|0000000000000000000000000000000000000000000000000000000000000000|RICH|1|728|DISP=ACCEPT_INSTALL|DETAIL=rt3_map_g2
0000000000000000000000000000000000000000000000000000000000000000|0000000000000000000000000000000000000000000000000000000000000000|0|3|rt4_TMB-5_MAP_g2_00860.r24|2|1|RICH|730|0|1400|0000000000000000000000000000000000000000000000000000000000000000|RICH|1|730|DISP=ACCEPT_INSTALL|DETAIL=rt3_map_g2
0000000000000000000000000000000000000000000000000000000000000000|0000000000000000000000000000000000000000000000000000000000000000|0|3|rt4_TMB-5_MAP_g2_00861.r24|2|1|RICH|690|0|1420|0000000000000000000000000000000000000000000000000000000000000000|RICH|1|690|DISP=ACCEPT_INSTALL|DETAIL=rt3_map_g2
0000000000000000000000000000000000000000000000000000000000000000|0000000000000000000000000000000000000000000000000000000000000000|0|3|rt4_TMB-5_MAP_g2_00862.r24|2|1|RICH|692|0|1420|0000000000000000000000000000000000000000000000000000000000000000|RICH|1|692|DISP=ACCEPT_INSTALL|DETAIL=rt3_map_g2
0000000000000000000000000000000000000000000000000000000000000000|0000000000000000000000000000000000000000000000000000000000000000|0|3|rt4_TMB-5_MAP_g2_00863.r24|2|1|RICH|694|0|1420|0000000000000000000000000000000000000000000000000000000000000000|RICH|1|694|DISP=ACCEPT_INSTALL|DETAIL=rt3_map_g2
0000000000000000000000000000000000000000000000000000000000000000|0000000000000000000000000000000000000000000000000000000000000000|0|3|rt4_TMB-5_MAP_g2_00864.r24|2|1|RICH|696|0|1420|0000000000000000000000000000000000000000000000000000000000000000|RICH|1|696|DISP=ACCEPT_INSTALL|DETAIL=rt3_map_g2
0000000000000000000000000000000000000000000000000000000000000000|0000000000000000000000000000000000000000000000000000000000000000|0|3|rt4_TMB-5_MAP_g2_00865.r24|2|1|RICH|698|0|1420|0000000000000000000000000000000000000000000000000000000000000000|RICH|1|698|DISP=ACCEPT_INSTALL|DETAIL=rt3_map_g2
0000000000000000000000000000000000000000000000000000000000000000|0000000000000000000000000000000000000000000000000000000000000000|0|3|rt4_TMB-5_MAP_g2_00866.r24|2|1|RICH|700|0|1420|0000000000000000000000000000000000000000000000000000000000000000|RICH|1|700|DISP=ACCEPT_INSTALL|DETAIL=rt3_map_g2
0000000000000000000000000000000000000000000000000000000000000000|0000000000000000000000000000000000000000000000000000000000000000|0|3|rt4_TMB-5_MAP_g2_00867.r24|2|1|RICH|702|0|1420|0000000000000000000000000000000000000000000000000000000000000000|RICH|1|702|DISP=ACCEPT_INSTALL|DETAIL=rt3_map_g2
0000000000000000000000000000000000000000000000000000000000000000|0000000000000000000000000000000000000000000000000000000000000000|0|3|rt4_TMB-5_MAP_g2_00868.r24|2|1|RICH|704|0|1420|0000000000000000000000000000000000000000000000000000000000000000|RICH|1|704|DISP=ACCEPT_INSTALL|DETAIL=rt3_map_g2
0000000000000000000000000000000000000000000000000000000000000000|0000000000000000000000000000000000000000000000000000000000000000|0|3|rt4_TMB-5_MAP_g2_00869.r24|2|1|RICH|706|0|1420|0000000000000000000000000000000000000000000000000000000000000000|RICH|1|706|DISP=ACCEPT_INSTALL|DETAIL=rt3_map_g2
0000000000000000000000000000000000000000000000000000000000000000|0000000000000000000000000000000000000000000000000000000000000000|0|3|rt4_TMB-5_MAP_g2_00870.r24|2|1|RICH|708|0|1420|0000000000000000000000000000000000000000000000000000000000000000|RICH|1|708|DISP=ACCEPT_INSTALL|DETAIL=rt3_map_g2
0000000000000000000000000000000000000000000000000000000000000000|0000000000000000000000000000000000000000000000000000000000000000|0|3|rt4_TMB-5_MAP_g2_00871.r24|2|1|RICH|710|0|1420|0000000000000000000000000000000000000000000000000000000000000000|RICH|1|710|DISP=ACCEPT_INSTALL|DETAIL=rt3_map_g2
0000000000000000000000000000000000000000000000000000000000000000|0000000000000000000000000000000000000000000000000000000000000000|0|3|rt4_TMB-5_MAP_g2_00872.r24|2|1|RICH|712|0|1420|0000000000000000000000000000000000000000000000000000000000000000|RICH|1|712|DISP=ACCEPT_INSTALL|DETAIL=rt3_map_g2
0000000000000000000000000000000000000000000000000000000000000000|0000000000000000000000000000000000000000000000000000000000000000|0|3|rt4_TMB-5_MAP_g2_00873.r24|2|1|RICH|714|0|1420|0000000000000000000000000000000000000000000000000000000000000000|RICH|1|714|DISP=ACCEPT_INSTALL|DETAIL=rt3_map_g2
0000000000000000000000000000000000000000000000000000000000000000|0000000000000000000000000000000000000000000000000000000000000000|0|3|rt4_TMB-5_MAP_g2_00874.r24|2|1|RICH|716|0|1420|0000000000000000000000000000000000000000000000000000000000000000|RICH|1|716|DISP=ACCEPT_INSTALL|DETAIL=rt3_map_g2
0000000000000000000000000000000000000000000000000000000000000000|0000000000000000000000000000000000000000000000000000000000000000|0|3|rt4_TMB-5_MAP_g2_00875.r24|2|1|RICH|718|0|1420|0000000000000000000000000000000000000000000000000000000000000000|RICH|1|718|DISP=ACCEPT_INSTALL|DETAIL=rt3_map_g2
0000000000000000000000000000000000000000000000000000000000000000|0000000000000000000000000000000000000000000000000000000000000000|0|3|rt4_TMB-5_MAP_g2_00876.r24|2|1|RICH|720|0|1420|0000000000000000000000000000000000000000000000000000000000000000|RICH|1|720|DISP=ACCEPT_INSTALL|DETAIL=rt3_map_g2
0000000000000000000000000000000000000000000000000000000000000000|0000000000000000000000000000000000000000000000000000000000000000|0|3|rt4_TMB-5_MAP_g2_00877.r24|2|1|RICH|722|0|1420|0000000000000000000000000000000000000000000000000000000000000000|RICH|1|722|DISP=ACCEPT_INSTALL|DETAIL=rt3_map_g2
0000000000000000000000000000000000000000000000000000000000000000|0000000000000000000000000000000000000000000000000000000000000000|0|3|rt4_TMB-5_MAP_g2_00878.r24|2|1|RICH|724|0|1420|0000000000000000000000000000000000000000000000000000000000000000|RICH|1|724|DISP=ACCEPT_INSTALL|DETAIL=rt3_map_g2
0000000000000000000000000000000000000000000000000000000000000000|0000000000000000000000000000000000000000000000000000000000000000|0|3|rt4_TMB-5_MAP_g2_00879.r24|2|1|RICH|726|0|1420|0000000000000000000000000000000000000000000000000000000000000000|RICH|1|726|DISP=ACCEPT_INSTALL|DETAIL=rt3_map_g2
0000000000000000000000000000000000000000000000000000000000000000|0000000000000000000000000000000000000000000000000000000000000000|0|3|rt4_TMB-5_MAP_g2_00880.r24|2|1|RICH|728|0|1420|0000000000000000000000000000000000000000000000000000000000000000|RICH|1|728|DISP=ACCEPT_INSTALL|DETAIL=rt3_map_g2
0000000000000000000000000000000000000000000000000000000000000000|0000000000000000000000000000000000000000000000000000000000000000|0|3|rt4_TMB-5_MAP_g2_00881.r24|2|1|RICH|730|0|1420|0000000000000000000000000000000000000000000000000000000000000000|RICH|1|730|DISP=ACCEPT_INSTALL|DETAIL=rt3_map_g2
0000000000000000000000000000000000000000000000000000000000000000|0000000000000000000000000000000000000000000000000000000000000000|0|3|rt4_TMB-5_MAP_g2_00882.r24|2|1|RICH|690|0|1440|0000000000000000000000000000000000000000000000000000000000000000|RICH|1|690|DISP=ACCEPT_INSTALL|DETAIL=rt3_map_g2
0000000000000000000000000000000000000000000000000000000000000000|0000000000000000000000000000000000000000000000000000000000000000|0|3|rt4_TMB-5_MAP_g2_00883.r24|2|1|RICH|692|0|1440|0000000000000000000000000000000000000000000000000000000000000000|RICH|1|692|DISP=ACCEPT_INSTALL|DETAIL=rt3_map_g2
0000000000000000000000000000000000000000000000000000000000000000|0000000000000000000000000000000000000000000000000000000000000000|0|3|rt4_TMB-5_MAP_g2_00884.r24|2|1|RICH|694|0|1440|0000000000000000000000000000000000000000000000000000000000000000|RICH|1|694|DISP=ACCEPT_INSTALL|DETAIL=rt3_map_g2
0000000000000000000000000000000000000000000000000000000000000000|0000000000000000000000000000000000000000000000000000000000000000|0|3|rt4_TMB-5_MAP_g2_00885.r24|2|1|RICH|696|0|1440|0000000000000000000000000000000000000000000000000000000000000000|RICH|1|696|DISP=ACCEPT_INSTALL|DETAIL=rt3_map_g2
0000000000000000000000000000000000000000000000000000000000000000|0000000000000000000000000000000000000000000000000000000000000000|0|3|rt4_TMB-5_MAP_g2_00886.r24|2|1|RICH|698|0|1440|0000000000000000000000000000000000000000000000000000000000000000|RICH|1|698|DISP=ACCEPT_INSTALL|DETAIL=rt3_map_g2
0000000000000000000000000000000000000000000000000000000000000000|0000000000000000000000000000000000000000000000000000000000000000|0|3|rt4_TMB-5_MAP_g2_00887.r24|2|1|RICH|700|0|1440|0000000000000000000000000000000000000000000000000000000000000000|RICH|1|700|DISP=ACCEPT_INSTALL|DETAIL=rt3_map_g2
0000000000000000000000000000000000000000000000000000000000000000|0000000000000000000000000000000000000000000000000000000000000000|0|3|rt4_TMB-5_MAP_g2_00888.r24|2|1|RICH|702|0|1440|0000000000000000000000000000000000000000000000000000000000000000|RICH|1|702|DISP=ACCEPT_INSTALL|DETAIL=rt3_map_g2
0000000000000000000000000000000000000000000000000000000000000000|0000000000000000000000000000000000000000000000000000000000000000|0|3|rt4_TMB-5_MAP_g2_00889.r24|2|1|RICH|704|0|1440|0000000000000000000000000000000000000000000000000000000000000000|RICH|1|704|DISP=ACCEPT_INSTALL|DETAIL=rt3_map_g2
0000000000000000000000000000000000000000000000000000000000000000|0000000000000000000000000000000000000000000000000000000000000000|0|3|rt4_TMB-5_MAP_g2_00890.r24|2|1|RICH|706|0|1440|0000000000000000000000000000000000000000000000000000000000000000|RICH|1|706|DISP=ACCEPT_INSTALL|DETAIL=rt3_map_g2
0000000000000000000000000000000000000000000000000000000000000000|0000000000000000000000000000000000000000000000000000000000000000|0|3|rt4_TMB-5_MAP_g2_00891.r24|2|1|RICH|708|0|1440|0000000000000000000000000000000000000000000000000000000000000000|RICH|1|708|DISP=ACCEPT_INSTALL|DETAIL=rt3_map_g2
0000000000000000000000000000000000000000000000000000000000000000|0000000000000000000000000000000000000000000000000000000000000000|0|3|rt4_TMB-5_MAP_g2_00892.r24|2|1|RICH|710|0|1440|0000000000000000000000000000000000000000000000000000000000000000|RICH|1|710|DISP=ACCEPT_INSTALL|DETAIL=rt3_map_g2
0000000000000000000000000000000000000000000000000000000000000000|0000000000000000000000000000000000000000000000000000000000000000|0|3|rt4_TMB-5_MAP_g2_00893.r24|2|1|RICH|712|0|1440|0000000000000000000000000000000000000000000000000000000000000000|RICH|1|712|DISP=ACCEPT_INSTALL|DETAIL=rt3_map_g2
0000000000000000000000000000000000000000000000000000000000000000|0000000000000000000000000000000000000000000000000000000000000000|0|3|rt4_TMB-5_MAP_g2_00894.r24|2|1|RICH|714|0|1440|0000000000000000000000000000000000000000000000000000000000000000|RICH|1|714|DISP=ACCEPT_INSTALL|DETAIL=rt3_map_g2
0000000000000000000000000000000000000000000000000000000000000000|0000000000000000000000000000000000000000000000000000000000000000|0|3|rt4_TMB-5_MAP_g2_00895.r24|2|1|RICH|716|0|1440|0000000000000000000000000000000000000000000000000000000000000000|RICH|1|716|DISP=ACCEPT_INSTALL|DETAIL=rt3_map_g2
0000000000000000000000000000000000000000000000000000000000000000|0000000000000000000000000000000000000000000000000000000000000000|0|3|rt4_TMB-5_MAP_g2_00896.r24|2|1|RICH|718|0|1440|0000000000000000000000000000000000000000000000000000000000000000|RICH|1|718|DISP=ACCEPT_INSTALL|DETAIL=rt3_map_g2
0000000000000000000000000000000000000000000000000000000000000000|0000000000000000000000000000000000000000000000000000000000000000|0|3|rt4_TMB-5_MAP_g2_00897.r24|2|1|RICH|720|0|1440|0000000000000000000000000000000000000000000000000000000000000000|RICH|1|720|DISP=ACCEPT_INSTALL|DETAIL=rt3_map_g2
0000000000000000000000000000000000000000000000000000000000000000|0000000000000000000000000000000000000000000000000000000000000000|0|3|rt4_TMB-5_MAP_g2_00898.r24|2|1|RICH|722|0|1440|0000000000000000000000000000000000000000000000000000000000000000|RICH|1|722|DISP=ACCEPT_INSTALL|DETAIL=rt3_map_g2
0000000000000000000000000000000000000000000000000000000000000000|0000000000000000000000000000000000000000000000000000000000000000|0|3|rt4_TMB-5_MAP_g2_00899.r24|2|1|RICH|724|0|1440|0000000000000000000000000000000000000000000000000000000000000000|RICH|1|724|DISP=ACCEPT_INSTALL|DETAIL=rt3_map_g2
0000000000000000000000000000000000000000000000000000000000000000|0000000000000000000000000000000000000000000000000000000000000000|0|3|rt4_TMB-5_MAP_g2_00900.r24|2|1|RICH|726|0|1440|0000000000000000000000000000000000000000000000000000000000000000|RICH|1|726|DISP=ACCEPT_INSTALL|DETAIL=rt3_map_g2
0000000000000000000000000000000000000000000000000000000000000000|0000000000000000000000000000000000000000000000000000000000000000|0|3|rt4_TMB-5_MAP_g2_00901.r24|2|1|RICH|728|0|1440|0000000000000000000000000000000000000000000000000000000000000000|RICH|1|728|DISP=ACCEPT_INSTALL|DETAIL=rt3_map_g2
0000000000000000000000000000000000000000000000000000000000000000|0000000000000000000000000000000000000000000000000000000000000000|0|3|rt4_TMB-5_MAP_g2_00902.r24|2|1|RICH|730|0|1440|0000000000000000000000000000000000000000000000000000000000000000|RICH|1|730|DISP=ACCEPT_INSTALL|DETAIL=rt3_map_g2
0000000000000000000000000000000000000000000000000000000000000000|0000000000000000000000000000000000000000000000000000000000000000|0|3|rt4_TMB-5_MAP_g2_00903.r24|2|1|RICH|690|0|1460|0000000000000000000000000000000000000000000000000000000000000000|RICH|1|690|DISP=ACCEPT_INSTALL|DETAIL=rt3_map_g2
0000000000000000000000000000000000000000000000000000000000000000|0000000000000000000000000000000000000000000000000000000000000000|0|3|rt4_TMB-5_MAP_g2_00904.r24|2|1|RICH|692|0|1460|0000000000000000000000000000000000000000000000000000000000000000|RICH|1|692|DISP=ACCEPT_INSTALL|DETAIL=rt3_map_g2
0000000000000000000000000000000000000000000000000000000000000000|0000000000000000000000000000000000000000000000000000000000000000|0|3|rt4_TMB-5_MAP_g2_00905.r24|2|1|RICH|694|0|1460|0000000000000000000000000000000000000000000000000000000000000000|RICH|1|694|DISP=ACCEPT_INSTALL|DETAIL=rt3_map_g2
0000000000000000000000000000000000000000000000000000000000000000|0000000000000000000000000000000000000000000000000000000000000000|0|3|rt4_TMB-5_MAP_g2_00906.r24|2|1|RICH|696|0|1460|0000000000000000000000000000000000000000000000000000000000000000|RICH|1|696|DISP=ACCEPT_INSTALL|DETAIL=rt3_map_g2
0000000000000000000000000000000000000000000000000000000000000000|0000000000000000000000000000000000000000000000000000000000000000|0|3|rt4_TMB-5_MAP_g2_00907.r24|2|1|RICH|698|0|1460|0000000000000000000000000000000000000000000000000000000000000000|RICH|1|698|DISP=ACCEPT_INSTALL|DETAIL=rt3_map_g2
0000000000000000000000000000000000000000000000000000000000000000|0000000000000000000000000000000000000000000000000000000000000000|0|3|rt4_TMB-5_MAP_g2_00908.r24|2|1|RICH|700|0|1460|0000000000000000000000000000000000000000000000000000000000000000|RICH|1|700|DISP=ACCEPT_INSTALL|DETAIL=rt3_map_g2
0000000000000000000000000000000000000000000000000000000000000000|0000000000000000000000000000000000000000000000000000000000000000|0|3|rt4_TMB-5_MAP_g2_00909.r24|2|1|RICH|702|0|1460|0000000000000000000000000000000000000000000000000000000000000000|RICH|1|702|DISP=ACCEPT_INSTALL|DETAIL=rt3_map_g2
0000000000000000000000000000000000000000000000000000000000000000|0000000000000000000000000000000000000000000000000000000000000000|0|3|rt4_TMB-5_MAP_g2_00910.r24|2|1|RICH|704|0|1460|0000000000000000000000000000000000000000000000000000000000000000|RICH|1|704|DISP=ACCEPT_INSTALL|DETAIL=rt3_map_g2
0000000000000000000000000000000000000000000000000000000000000000|0000000000000000000000000000000000000000000000000000000000000000|0|3|rt4_TMB-5_MAP_g2_00911.r24|2|1|RICH|706|0|1460|0000000000000000000000000000000000000000000000000000000000000000|RICH|1|706|DISP=ACCEPT_INSTALL|DETAIL=rt3_map_g2
0000000000000000000000000000000000000000000000000000000000000000|0000000000000000000000000000000000000000000000000000000000000000|0|3|rt4_TMB-5_MAP_g2_00912.r24|2|1|RICH|708|0|1460|0000000000000000000000000000000000000000000000000000000000000000|RICH|1|708|DISP=ACCEPT_INSTALL|DETAIL=rt3_map_g2
0000000000000000000000000000000000000000000000000000000000000000|0000000000000000000000000000000000000000000000000000000000000000|0|3|rt4_TMB-5_MAP_g2_00913.r24|2|1|RICH|710|0|1460|0000000000000000000000000000000000000000000000000000000000000000|RICH|1|710|DISP=ACCEPT_INSTALL|DETAIL=rt3_map_g2
0000000000000000000000000000000000000000000000000000000000000000|0000000000000000000000000000000000000000000000000000000000000000|0|3|rt4_TMB-5_MAP_g2_00914.r24|2|1|RICH|712|0|1460|0000000000000000000000000000000000000000000000000000000000000000|RICH|1|712|DISP=ACCEPT_INSTALL|DETAIL=rt3_map_g2
0000000000000000000000000000000000000000000000000000000000000000|0000000000000000000000000000000000000000000000000000000000000000|0|3|rt4_TMB-5_MAP_g2_00915.r24|2|1|RICH|714|0|1460|0000000000000000000000000000000000000000000000000000000000000000|RICH|1|714|DISP=ACCEPT_INSTALL|DETAIL=rt3_map_g2
0000000000000000000000000000000000000000000000000000000000000000|0000000000000000000000000000000000000000000000000000000000000000|0|3|rt4_TMB-5_MAP_g2_00916.r24|2|1|RICH|716|0|1460|0000000000000000000000000000000000000000000000000000000000000000|RICH|1|716|DISP=ACCEPT_INSTALL|DETAIL=rt3_map_g2
0000000000000000000000000000000000000000000000000000000000000000|0000000000000000000000000000000000000000000000000000000000000000|0|3|rt4_TMB-5_MAP_g2_00917.r24|2|1|RICH|718|0|1460|0000000000000000000000000000000000000000000000000000000000000000|RICH|1|718|DISP=ACCEPT_INSTALL|DETAIL=rt3_map_g2
0000000000000000000000000000000000000000000000000000000000000000|0000000000000000000000000000000000000000000000000000000000000000|0|3|rt4_TMB-5_MAP_g2_00918.r24|2|1|RICH|720|0|1460|0000000000000000000000000000000000000000000000000000000000000000|RICH|1|720|DISP=ACCEPT_INSTALL|DETAIL=rt3_map_g2
0000000000000000000000000000000000000000000000000000000000000000|0000000000000000000000000000000000000000000000000000000000000000|0|3|rt4_TMB-5_MAP_g2_00919.r24|2|1|RICH|722|0|1460|0000000000000000000000000000000000000000000000000000000000000000|RICH|1|722|DISP=ACCEPT_INSTALL|DETAIL=rt3_map_g2
0000000000000000000000000000000000000000000000000000000000000000|0000000000000000000000000000000000000000000000000000000000000000|0|3|rt4_TMB-5_MAP_g2_00920.r24|2|1|RICH|724|0|1460|0000000000000000000000000000000000000000000000000000000000000000|RICH|1|724|DISP=ACCEPT_INSTALL|DETAIL=rt3_map_g2
0000000000000000000000000000000000000000000000000000000000000000|0000000000000000000000000000000000000000000000000000000000000000|0|3|rt4_TMB-5_MAP_g2_00921.r24|2|1|RICH|726|0|1460|0000000000000000000000000000000000000000000000000000000000000000|RICH|1|726|DISP=ACCEPT_INSTALL|DETAIL=rt3_map_g2
0000000000000000000000000000000000000000000000000000000000000000|0000000000000000000000000000000000000000000000000000000000000000|0|3|rt4_TMB-5_MAP_g2_00922.r24|2|1|RICH|728|0|1460|0000000000000000000000000000000000000000000000000000000000000000|RICH|1|728|DISP=ACCEPT_INSTALL|DETAIL=rt3_map_g2
0000000000000000000000000000000000000000000000000000000000000000|0000000000000000000000000000000000000000000000000000000000000000|0|3|rt4_TMB-5_MAP_g2_00923.r24|2|1|RICH|730|0|1460|0000000000000000000000000000000000000000000000000000000000000000|RICH|1|730|DISP=ACCEPT_INSTALL|DETAIL=rt3_map_g2
0000000000000000000000000000000000000000000000000000000000000000|0000000000000000000000000000000000000000000000000000000000000000|0|3|rt4_TMB-5_MAP_g2_00924.r24|2|1|RICH|690|0|1480|0000000000000000000000000000000000000000000000000000000000000000|RICH|1|690|DISP=ACCEPT_INSTALL|DETAIL=rt3_map_g2
0000000000000000000000000000000000000000000000000000000000000000|0000000000000000000000000000000000000000000000000000000000000000|0|3|rt4_TMB-5_MAP_g2_00925.r24|2|1|RICH|692|0|1480|0000000000000000000000000000000000000000000000000000000000000000|RICH|1|692|DISP=ACCEPT_INSTALL|DETAIL=rt3_map_g2
0000000000000000000000000000000000000000000000000000000000000000|0000000000000000000000000000000000000000000000000000000000000000|0|3|rt4_TMB-5_MAP_g2_00926.r24|2|1|RICH|694|0|1480|0000000000000000000000000000000000000000000000000000000000000000|RICH|1|694|DISP=ACCEPT_INSTALL|DETAIL=rt3_map_g2
0000000000000000000000000000000000000000000000000000000000000000|0000000000000000000000000000000000000000000000000000000000000000|0|3|rt4_TMB-5_MAP_g2_00927.r24|2|1|RICH|696|0|1480|0000000000000000000000000000000000000000000000000000000000000000|RICH|1|696|DISP=ACCEPT_INSTALL|DETAIL=rt3_map_g2
0000000000000000000000000000000000000000000000000000000000000000|0000000000000000000000000000000000000000000000000000000000000000|0|3|rt4_TMB-5_MAP_g2_00928.r24|2|1|RICH|698|0|1480|0000000000000000000000000000000000000000000000000000000000000000|RICH|1|698|DISP=ACCEPT_INSTALL|DETAIL=rt3_map_g2
0000000000000000000000000000000000000000000000000000000000000000|0000000000000000000000000000000000000000000000000000000000000000|0|3|rt4_TMB-5_MAP_g2_00929.r24|2|1|RICH|700|0|1480|0000000000000000000000000000000000000000000000000000000000000000|RICH|1|700|DISP=ACCEPT_INSTALL|DETAIL=rt3_map_g2
0000000000000000000000000000000000000000000000000000000000000000|0000000000000000000000000000000000000000000000000000000000000000|0|3|rt4_TMB-5_MAP_g2_00930.r24|2|1|RICH|702|0|1480|0000000000000000000000000000000000000000000000000000000000000000|RICH|1|702|DISP=ACCEPT_INSTALL|DETAIL=rt3_map_g2
0000000000000000000000000000000000000000000000000000000000000000|0000000000000000000000000000000000000000000000000000000000000000|0|3|rt4_TMB-5_MAP_g2_00931.r24|2|1|RICH|704|0|1480|0000000000000000000000000000000000000000000000000000000000000000|RICH|1|704|DISP=ACCEPT_INSTALL|DETAIL=rt3_map_g2
0000000000000000000000000000000000000000000000000000000000000000|0000000000000000000000000000000000000000000000000000000000000000|0|3|rt4_TMB-5_MAP_g2_00932.r24|2|1|RICH|706|0|1480|0000000000000000000000000000000000000000000000000000000000000000|RICH|1|706|DISP=ACCEPT_INSTALL|DETAIL=rt3_map_g2
0000000000000000000000000000000000000000000000000000000000000000|0000000000000000000000000000000000000000000000000000000000000000|0|3|rt4_TMB-5_MAP_g2_00933.r24|2|1|RICH|708|0|1480|0000000000000000000000000000000000000000000000000000000000000000|RICH|1|708|DISP=ACCEPT_INSTALL|DETAIL=rt3_map_g2
0000000000000000000000000000000000000000000000000000000000000000|0000000000000000000000000000000000000000000000000000000000000000|0|3|rt4_TMB-5_MAP_g2_00934.r24|2|1|RICH|710|0|1480|0000000000000000000000000000000000000000000000000000000000000000|RICH|1|710|DISP=ACCEPT_INSTALL|DETAIL=rt3_map_g2
0000000000000000000000000000000000000000000000000000000000000000|0000000000000000000000000000000000000000000000000000000000000000|0|3|rt4_TMB-5_MAP_g2_00935.r24|2|1|RICH|712|0|1480|0000000000000000000000000000000000000000000000000000000000000000|RICH|1|712|DISP=ACCEPT_INSTALL|DETAIL=rt3_map_g2
0000000000000000000000000000000000000000000000000000000000000000|0000000000000000000000000000000000000000000000000000000000000000|0|3|rt4_TMB-5_MAP_g2_00936.r24|2|1|RICH|714|0|1480|0000000000000000000000000000000000000000000000000000000000000000|RICH|1|714|DISP=ACCEPT_INSTALL|DETAIL=rt3_map_g2
0000000000000000000000000000000000000000000000000000000000000000|0000000000000000000000000000000000000000000000000000000000000000|0|3|rt4_TMB-5_MAP_g2_00937.r24|2|1|RICH|716|0|1480|0000000000000000000000000000000000000000000000000000000000000000|RICH|1|716|DISP=ACCEPT_INSTALL|DETAIL=rt3_map_g2
0000000000000000000000000000000000000000000000000000000000000000|0000000000000000000000000000000000000000000000000000000000000000|0|3|rt4_TMB-5_MAP_g2_00938.r24|2|1|RICH|718|0|1480|0000000000000000000000000000000000000000000000000000000000000000|RICH|1|718|DISP=ACCEPT_INSTALL|DETAIL=rt3_map_g2
0000000000000000000000000000000000000000000000000000000000000000|0000000000000000000000000000000000000000000000000000000000000000|0|3|rt4_TMB-5_MAP_g2_00939.r24|2|1|RICH|720|0|1480|0000000000000000000000000000000000000000000000000000000000000000|RICH|1|720|DISP=ACCEPT_INSTALL|DETAIL=rt3_map_g2
0000000000000000000000000000000000000000000000000000000000000000|0000000000000000000000000000000000000000000000000000000000000000|0|3|rt4_TMB-5_MAP_g2_00940.r24|2|1|RICH|722|0|1480|0000000000000000000000000000000000000000000000000000000000000000|RICH|1|722|DISP=ACCEPT_INSTALL|DETAIL=rt3_map_g2
0000000000000000000000000000000000000000000000000000000000000000|0000000000000000000000000000000000000000000000000000000000000000|0|3|rt4_TMB-5_MAP_g2_00941.r24|2|1|RICH|724|0|1480|0000000000000000000000000000000000000000000000000000000000000000|RICH|1|724|DISP=ACCEPT_INSTALL|DETAIL=rt3_map_g2
0000000000000000000000000000000000000000000000000000000000000000|0000000000000000000000000000000000000000000000000000000000000000|0|3|rt4_TMB-5_MAP_g2_00942.r24|2|1|RICH|726|0|1480|0000000000000000000000000000000000000000000000000000000000000000|RICH|1|726|DISP=ACCEPT_INSTALL|DETAIL=rt3_map_g2
0000000000000000000000000000000000000000000000000000000000000000|0000000000000000000000000000000000000000000000000000000000000000|0|3|rt4_TMB-5_MAP_g2_00943.r24|2|1|RICH|728|0|1480|0000000000000000000000000000000000000000000000000000000000000000|RICH|1|728|DISP=ACCEPT_INSTALL|DETAIL=rt3_map_g2
0000000000000000000000000000000000000000000000000000000000000000|0000000000000000000000000000000000000000000000000000000000000000|0|3|rt4_TMB-5_MAP_g2_00944.r24|2|1|RICH|730|0|1480|0000000000000000000000000000000000000000000000000000000000000000|RICH|1|730|DISP=ACCEPT_INSTALL|DETAIL=rt3_map_g2
0000000000000000000000000000000000000000000000000000000000000000|0000000000000000000000000000000000000000000000000000000000000000|0|3|rt4_TMB-5_MAP_g2_00945.r24|2|1|RICH|690|0|1500|0000000000000000000000000000000000000000000000000000000000000000|RICH|1|690|DISP=ACCEPT_INSTALL|DETAIL=rt3_map_g2
0000000000000000000000000000000000000000000000000000000000000000|0000000000000000000000000000000000000000000000000000000000000000|0|3|rt4_TMB-5_MAP_g2_00946.r24|2|1|RICH|692|0|1500|0000000000000000000000000000000000000000000000000000000000000000|RICH|1|692|DISP=ACCEPT_INSTALL|DETAIL=rt3_map_g2
0000000000000000000000000000000000000000000000000000000000000000|0000000000000000000000000000000000000000000000000000000000000000|0|3|rt4_TMB-5_MAP_g2_00947.r24|2|1|RICH|694|0|1500|0000000000000000000000000000000000000000000000000000000000000000|RICH|1|694|DISP=ACCEPT_INSTALL|DETAIL=rt3_map_g2
0000000000000000000000000000000000000000000000000000000000000000|0000000000000000000000000000000000000000000000000000000000000000|0|3|rt4_TMB-5_MAP_g2_00948.r24|2|1|RICH|696|0|1500|0000000000000000000000000000000000000000000000000000000000000000|RICH|1|696|DISP=ACCEPT_INSTALL|DETAIL=rt3_map_g2
0000000000000000000000000000000000000000000000000000000000000000|0000000000000000000000000000000000000000000000000000000000000000|0|3|rt4_TMB-5_MAP_g2_00949.r24|2|1|RICH|698|0|1500|0000000000000000000000000000000000000000000000000000000000000000|RICH|1|698|DISP=ACCEPT_INSTALL|DETAIL=rt3_map_g2
0000000000000000000000000000000000000000000000000000000000000000|0000000000000000000000000000000000000000000000000000000000000000|0|3|rt4_TMB-5_MAP_g2_00950.r24|2|1|RICH|700|0|1500|0000000000000000000000000000000000000000000000000000000000000000|RICH|1|700|DISP=ACCEPT_INSTALL|DETAIL=rt3_map_g2
0000000000000000000000000000000000000000000000000000000000000000|0000000000000000000000000000000000000000000000000000000000000000|0|3|rt4_TMB-5_MAP_g2_00951.r24|2|1|RICH|702|0|1500|0000000000000000000000000000000000000000000000000000000000000000|RICH|1|702|DISP=ACCEPT_INSTALL|DETAIL=rt3_map_g2
0000000000000000000000000000000000000000000000000000000000000000|0000000000000000000000000000000000000000000000000000000000000000|0|3|rt4_TMB-5_MAP_g2_00952.r24|2|1|RICH|704|0|1500|0000000000000000000000000000000000000000000000000000000000000000|RICH|1|704|DISP=ACCEPT_INSTALL|DETAIL=rt3_map_g2
0000000000000000000000000000000000000000000000000000000000000000|0000000000000000000000000000000000000000000000000000000000000000|0|3|rt4_TMB-5_MAP_g2_00953.r24|2|1|RICH|706|0|1500|0000000000000000000000000000000000000000000000000000000000000000|RICH|1|706|DISP=ACCEPT_INSTALL|DETAIL=rt3_map_g2
0000000000000000000000000000000000000000000000000000000000000000|0000000000000000000000000000000000000000000000000000000000000000|0|3|rt4_TMB-5_MAP_g2_00954.r24|2|1|RICH|708|0|1500|0000000000000000000000000000000000000000000000000000000000000000|RICH|1|708|DISP=ACCEPT_INSTALL|DETAIL=rt3_map_g2
0000000000000000000000000000000000000000000000000000000000000000|0000000000000000000000000000000000000000000000000000000000000000|0|3|rt4_TMB-5_MAP_g2_00955.r24|2|1|RICH|710|0|1500|0000000000000000000000000000000000000000000000000000000000000000|RICH|1|710|DISP=ACCEPT_INSTALL|DETAIL=rt3_map_g2
0000000000000000000000000000000000000000000000000000000000000000|0000000000000000000000000000000000000000000000000000000000000000|0|3|rt4_TMB-5_MAP_g2_00956.r24|2|1|RICH|712|0|1500|0000000000000000000000000000000000000000000000000000000000000000|RICH|1|712|DISP=ACCEPT_INSTALL|DETAIL=rt3_map_g2
0000000000000000000000000000000000000000000000000000000000000000|0000000000000000000000000000000000000000000000000000000000000000|0|3|rt4_TMB-5_MAP_g2_00957.r24|2|1|RICH|714|0|1500|0000000000000000000000000000000000000000000000000000000000000000|RICH|1|714|DISP=ACCEPT_INSTALL|DETAIL=rt3_map_g2
0000000000000000000000000000000000000000000000000000000000000000|0000000000000000000000000000000000000000000000000000000000000000|0|3|rt4_TMB-5_MAP_g2_00958.r24|2|1|RICH|716|0|1500|0000000000000000000000000000000000000000000000000000000000000000|RICH|1|716|DISP=ACCEPT_INSTALL|DETAIL=rt3_map_g2
0000000000000000000000000000000000000000000000000000000000000000|0000000000000000000000000000000000000000000000000000000000000000|0|3|rt4_TMB-5_MAP_g2_00959.r24|2|1|RICH|718|0|1500|0000000000000000000000000000000000000000000000000000000000000000|RICH|1|718|DISP=ACCEPT_INSTALL|DETAIL=rt3_map_g2
0000000000000000000000000000000000000000000000000000000000000000|0000000000000000000000000000000000000000000000000000000000000000|0|3|rt4_TMB-5_MAP_g2_00960.r24|2|1|RICH|720|0|1500|0000000000000000000000000000000000000000000000000000000000000000|RICH|1|720|DISP=ACCEPT_INSTALL|DETAIL=rt3_map_g2
0000000000000000000000000000000000000000000000000000000000000000|0000000000000000000000000000000000000000000000000000000000000000|0|3|rt4_TMB-5_MAP_g2_00961.r24|2|1|RICH|722|0|1500|0000000000000000000000000000000000000000000000000000000000000000|RICH|1|722|DISP=ACCEPT_INSTALL|DETAIL=rt3_map_g2
0000000000000000000000000000000000000000000000000000000000000000|0000000000000000000000000000000000000000000000000000000000000000|0|3|rt4_TMB-5_MAP_g2_00962.r24|2|1|RICH|724|0|1500|0000000000000000000000000000000000000000000000000000000000000000|RICH|1|724|DISP=ACCEPT_INSTALL|DETAIL=rt3_map_g2
0000000000000000000000000000000000000000000000000000000000000000|0000000000000000000000000000000000000000000000000000000000000000|0|3|rt4_TMB-5_MAP_g2_00963.r24|2|1|RICH|726|0|1500|0000000000000000000000000000000000000000000000000000000000000000|RICH|1|726|DISP=ACCEPT_INSTALL|DETAIL=rt3_map_g2
0000000000000000000000000000000000000000000000000000000000000000|0000000000000000000000000000000000000000000000000000000000000000|0|3|rt4_TMB-5_MAP_g2_00964.r24|2|1|RICH|728|0|1500|0000000000000000000000000000000000000000000000000000000000000000|RICH|1|728|DISP=ACCEPT_INSTALL|DETAIL=rt3_map_g2
0000000000000000000000000000000000000000000000000000000000000000|0000000000000000000000000000000000000000000000000000000000000000|0|3|rt4_TMB-5_MAP_g2_00965.r24|2|1|RICH|730|0|1500|0000000000000000000000000000000000000000000000000000000000000000|RICH|1|730|DISP=ACCEPT_INSTALL|DETAIL=rt3_map_g2
0000000000000000000000000000000000000000000000000000000000000000|0000000000000000000000000000000000000000000000000000000000000000|0|3|rt4_TMB-5_MAP_g2_00966.r24|2|1|RICH|690|0|1520|0000000000000000000000000000000000000000000000000000000000000000|RICH|1|690|DISP=ACCEPT_INSTALL|DETAIL=rt3_map_g2
0000000000000000000000000000000000000000000000000000000000000000|0000000000000000000000000000000000000000000000000000000000000000|0|3|rt4_TMB-5_MAP_g2_00967.r24|2|1|RICH|692|0|1520|0000000000000000000000000000000000000000000000000000000000000000|RICH|1|692|DISP=ACCEPT_INSTALL|DETAIL=rt3_map_g2
0000000000000000000000000000000000000000000000000000000000000000|0000000000000000000000000000000000000000000000000000000000000000|0|3|rt4_TMB-5_MAP_g2_00968.r24|2|1|RICH|694|0|1520|0000000000000000000000000000000000000000000000000000000000000000|RICH|1|694|DISP=ACCEPT_INSTALL|DETAIL=rt3_map_g2
0000000000000000000000000000000000000000000000000000000000000000|0000000000000000000000000000000000000000000000000000000000000000|0|3|rt4_TMB-5_MAP_g2_00969.r24|2|1|RICH|696|0|1520|0000000000000000000000000000000000000000000000000000000000000000|RICH|1|696|DISP=ACCEPT_INSTALL|DETAIL=rt3_map_g2
0000000000000000000000000000000000000000000000000000000000000000|0000000000000000000000000000000000000000000000000000000000000000|0|3|rt4_TMB-5_MAP_g2_00970.r24|2|1|RICH|698|0|1520|0000000000000000000000000000000000000000000000000000000000000000|RICH|1|698|DISP=ACCEPT_INSTALL|DETAIL=rt3_map_g2
0000000000000000000000000000000000000000000000000000000000000000|0000000000000000000000000000000000000000000000000000000000000000|0|3|rt4_TMB-5_MAP_g2_00971.r24|2|1|RICH|700|0|1520|0000000000000000000000000000000000000000000000000000000000000000|RICH|1|700|DISP=ACCEPT_INSTALL|DETAIL=rt3_map_g2
0000000000000000000000000000000000000000000000000000000000000000|0000000000000000000000000000000000000000000000000000000000000000|0|3|rt4_TMB-5_MAP_g2_00972.r24|2|1|RICH|702|0|1520|0000000000000000000000000000000000000000000000000000000000000000|RICH|1|702|DISP=ACCEPT_INSTALL|DETAIL=rt3_map_g2
0000000000000000000000000000000000000000000000000000000000000000|0000000000000000000000000000000000000000000000000000000000000000|0|3|rt4_TMB-5_MAP_g2_00973.r24|2|1|RICH|704|0|1520|0000000000000000000000000000000000000000000000000000000000000000|RICH|1|704|DISP=ACCEPT_INSTALL|DETAIL=rt3_map_g2
0000000000000000000000000000000000000000000000000000000000000000|0000000000000000000000000000000000000000000000000000000000000000|0|3|rt4_TMB-5_MAP_g2_00974.r24|2|1|RICH|706|0|1520|0000000000000000000000000000000000000000000000000000000000000000|RICH|1|706|DISP=ACCEPT_INSTALL|DETAIL=rt3_map_g2
0000000000000000000000000000000000000000000000000000000000000000|0000000000000000000000000000000000000000000000000000000000000000|0|3|rt4_TMB-5_MAP_g2_00975.r24|2|1|RICH|708|0|1520|0000000000000000000000000000000000000000000000000000000000000000|RICH|1|708|DISP=ACCEPT_INSTALL|DETAIL=rt3_map_g2
0000000000000000000000000000000000000000000000000000000000000000|0000000000000000000000000000000000000000000000000000000000000000|0|3|rt4_TMB-5_MAP_g2_00976.r24|2|1|RICH|710|0|1520|0000000000000000000000000000000000000000000000000000000000000000|RICH|1|710|DISP=ACCEPT_INSTALL|DETAIL=rt3_map_g2
0000000000000000000000000000000000000000000000000000000000000000|0000000000000000000000000000000000000000000000000000000000000000|0|3|rt4_TMB-5_MAP_g2_00977.r24|2|1|RICH|712|0|1520|0000000000000000000000000000000000000000000000000000000000000000|RICH|1|712|DISP=ACCEPT_INSTALL|DETAIL=rt3_map_g2
0000000000000000000000000000000000000000000000000000000000000000|0000000000000000000000000000000000000000000000000000000000000000|0|3|rt4_TMB-5_MAP_g2_00978.r24|2|1|RICH|714|0|1520|0000000000000000000000000000000000000000000000000000000000000000|RICH|1|714|DISP=ACCEPT_INSTALL|DETAIL=rt3_map_g2
0000000000000000000000000000000000000000000000000000000000000000|0000000000000000000000000000000000000000000000000000000000000000|0|3|rt4_TMB-5_MAP_g2_00979.r24|2|1|RICH|716|0|1520|0000000000000000000000000000000000000000000000000000000000000000|RICH|1|716|DISP=ACCEPT_INSTALL|DETAIL=rt3_map_g2
0000000000000000000000000000000000000000000000000000000000000000|0000000000000000000000000000000000000000000000000000000000000000|0|3|rt4_TMB-5_MAP_g2_00980.r24|2|1|RICH|718|0|1520|0000000000000000000000000000000000000000000000000000000000000000|RICH|1|718|DISP=ACCEPT_INSTALL|DETAIL=rt3_map_g2
0000000000000000000000000000000000000000000000000000000000000000|0000000000000000000000000000000000000000000000000000000000000000|0|3|rt4_TMB-5_MAP_g2_00981.r24|2|1|RICH|720|0|1520|0000000000000000000000000000000000000000000000000000000000000000|RICH|1|720|DISP=ACCEPT_INSTALL|DETAIL=rt3_map_g2
0000000000000000000000000000000000000000000000000000000000000000|0000000000000000000000000000000000000000000000000000000000000000|0|3|rt4_TMB-5_MAP_g2_00982.r24|2|1|RICH|722|0|1520|0000000000000000000000000000000000000000000000000000000000000000|RICH|1|722|DISP=ACCEPT_INSTALL|DETAIL=rt3_map_g2
0000000000000000000000000000000000000000000000000000000000000000|0000000000000000000000000000000000000000000000000000000000000000|0|3|rt4_TMB-5_MAP_g2_00983.r24|2|1|RICH|724|0|1520|0000000000000000000000000000000000000000000000000000000000000000|RICH|1|724|DISP=ACCEPT_INSTALL|DETAIL=rt3_map_g2
0000000000000000000000000000000000000000000000000000000000000000|0000000000000000000000000000000000000000000000000000000000000000|0|3|rt4_TMB-5_MAP_g2_00984.r24|2|1|RICH|726|0|1520|0000000000000000000000000000000000000000000000000000000000000000|RICH|1|726|DISP=ACCEPT_INSTALL|DETAIL=rt3_map_g2
0000000000000000000000000000000000000000000000000000000000000000|0000000000000000000000000000000000000000000000000000000000000000|0|3|rt4_TMB-5_MAP_g2_00985.r24|2|1|RICH|728|0|1520|0000000000000000000000000000000000000000000000000000000000000000|RICH|1|728|DISP=ACCEPT_INSTALL|DETAIL=rt3_map_g2
0000000000000000000000000000000000000000000000000000000000000000|0000000000000000000000000000000000000000000000000000000000000000|0|3|rt4_TMB-5_MAP_g2_00986.r24|2|1|RICH|730|0|1520|0000000000000000000000000000000000000000000000000000000000000000|RICH|1|730|DISP=ACCEPT_INSTALL|DETAIL=rt3_map_g2
0000000000000000000000000000000000000000000000000000000000000000|0000000000000000000000000000000000000000000000000000000000000000|0|3|rt4_TMB-5_MAP_g2_00987.r24|2|1|RICH|690|0|1540|0000000000000000000000000000000000000000000000000000000000000000|RICH|1|690|DISP=ACCEPT_INSTALL|DETAIL=rt3_map_g2
0000000000000000000000000000000000000000000000000000000000000000|0000000000000000000000000000000000000000000000000000000000000000|0|3|rt4_TMB-5_MAP_g2_00988.r24|2|1|RICH|692|0|1540|0000000000000000000000000000000000000000000000000000000000000000|RICH|1|692|DISP=ACCEPT_INSTALL|DETAIL=rt3_map_g2
0000000000000000000000000000000000000000000000000000000000000000|0000000000000000000000000000000000000000000000000000000000000000|0|3|rt4_TMB-5_MAP_g2_00989.r24|2|1|RICH|694|0|1540|0000000000000000000000000000000000000000000000000000000000000000|RICH|1|694|DISP=ACCEPT_INSTALL|DETAIL=rt3_map_g2
0000000000000000000000000000000000000000000000000000000000000000|0000000000000000000000000000000000000000000000000000000000000000|0|3|rt4_TMB-5_MAP_g2_00990.r24|2|1|RICH|696|0|1540|0000000000000000000000000000000000000000000000000000000000000000|RICH|1|696|DISP=ACCEPT_INSTALL|DETAIL=rt3_map_g2
0000000000000000000000000000000000000000000000000000000000000000|0000000000000000000000000000000000000000000000000000000000000000|0|3|rt4_TMB-5_MAP_g2_00991.r24|2|1|RICH|698|0|1540|0000000000000000000000000000000000000000000000000000000000000000|RICH|1|698|DISP=ACCEPT_INSTALL|DETAIL=rt3_map_g2
0000000000000000000000000000000000000000000000000000000000000000|0000000000000000000000000000000000000000000000000000000000000000|0|3|rt4_TMB-5_MAP_g2_00992.r24|2|1|RICH|700|0|1540|0000000000000000000000000000000000000000000000000000000000000000|RICH|1|700|DISP=ACCEPT_INSTALL|DETAIL=rt3_map_g2
0000000000000000000000000000000000000000000000000000000000000000|0000000000000000000000000000000000000000000000000000000000000000|0|3|rt4_TMB-5_MAP_g2_00993.r24|2|1|RICH|702|0|1540|0000000000000000000000000000000000000000000000000000000000000000|RICH|1|702|DISP=ACCEPT_INSTALL|DETAIL=rt3_map_g2
0000000000000000000000000000000000000000000000000000000000000000|0000000000000000000000000000000000000000000000000000000000000000|0|3|rt4_TMB-5_MAP_g2_00994.r24|2|1|RICH|704|0|1540|0000000000000000000000000000000000000000000000000000000000000000|RICH|1|704|DISP=ACCEPT_INSTALL|DETAIL=rt3_map_g2
0000000000000000000000000000000000000000000000000000000000000000|0000000000000000000000000000000000000000000000000000000000000000|0|3|rt4_TMB-5_MAP_g2_00995.r24|2|1|RICH|706|0|1540|0000000000000000000000000000000000000000000000000000000000000000|RICH|1|706|DISP=ACCEPT_INSTALL|DETAIL=rt3_map_g2
0000000000000000000000000000000000000000000000000000000000000000|0000000000000000000000000000000000000000000000000000000000000000|0|3|rt4_TMB-5_MAP_g2_00996.r24|2|1|RICH|708|0|1540|0000000000000000000000000000000000000000000000000000000000000000|RICH|1|708|DISP=ACCEPT_INSTALL|DETAIL=rt3_map_g2
0000000000000000000000000000000000000000000000000000000000000000|0000000000000000000000000000000000000000000000000000000000000000|0|3|rt4_TMB-5_MAP_g2_00997.r24|2|1|RICH|710|0|1540|0000000000000000000000000000000000000000000000000000000000000000|RICH|1|710|DISP=ACCEPT_INSTALL|DETAIL=rt3_map_g2
0000000000000000000000000000000000000000000000000000000000000000|0000000000000000000000000000000000000000000000000000000000000000|0|3|rt4_TMB-5_MAP_g2_00998.r24|2|1|RICH|712|0|1540|0000000000000000000000000000000000000000000000000000000000000000|RICH|1|712|DISP=ACCEPT_INSTALL|DETAIL=rt3_map_g2
0000000000000000000000000000000000000000000000000000000000000000|0000000000000000000000000000000000000000000000000000000000000000|0|3|rt4_TMB-5_MAP_g2_00999.r24|2|1|RICH|714|0|1540|0000000000000000000000000000000000000000000000000000000000000000|RICH|1|714|DISP=ACCEPT_INSTALL|DETAIL=rt3_map_g2
0000000000000000000000000000000000000000000000000000000000000000|0000000000000000000000000000000000000000000000000000000000000000|0|3|rt4_TMB-5_MAP_g2_01000.r24|2|1|RICH|716|0|1540|0000000000000000000000000000000000000000000000000000000000000000|RICH|1|716|DISP=ACCEPT_INSTALL|DETAIL=rt3_map_g2
0000000000000000000000000000000000000000000000000000000000000000|0000000000000000000000000000000000000000000000000000000000000000|0|3|rt4_TMB-5_MAP_g2_01001.r24|2|1|RICH|718|0|1540|0000000000000000000000000000000000000000000000000000000000000000|RICH|1|718|DISP=ACCEPT_INSTALL|DETAIL=rt3_map_g2
0000000000000000000000000000000000000000000000000000000000000000|0000000000000000000000000000000000000000000000000000000000000000|0|3|rt4_TMB-5_MAP_g2_01002.r24|2|1|RICH|720|0|1540|0000000000000000000000000000000000000000000000000000000000000000|RICH|1|720|DISP=ACCEPT_INSTALL|DETAIL=rt3_map_g2
0000000000000000000000000000000000000000000000000000000000000000|0000000000000000000000000000000000000000000000000000000000000000|0|3|rt4_TMB-5_MAP_g2_01003.r24|2|1|RICH|722|0|1540|0000000000000000000000000000000000000000000000000000000000000000|RICH|1|722|DISP=ACCEPT_INSTALL|DETAIL=rt3_map_g2
0000000000000000000000000000000000000000000000000000000000000000|0000000000000000000000000000000000000000000000000000000000000000|0|3|rt4_TMB-5_MAP_g2_01004.r24|2|1|RICH|724|0|1540|0000000000000000000000000000000000000000000000000000000000000000|RICH|1|724|DISP=ACCEPT_INSTALL|DETAIL=rt3_map_g2
0000000000000000000000000000000000000000000000000000000000000000|0000000000000000000000000000000000000000000000000000000000000000|0|3|rt4_TMB-5_MAP_g2_01005.r24|2|1|RICH|726|0|1540|0000000000000000000000000000000000000000000000000000000000000000|RICH|1|726|DISP=ACCEPT_INSTALL|DETAIL=rt3_map_g2
0000000000000000000000000000000000000000000000000000000000000000|0000000000000000000000000000000000000000000000000000000000000000|0|3|rt4_TMB-5_MAP_g2_01006.r24|2|1|RICH|728|0|1540|0000000000000000000000000000000000000000000000000000000000000000|RICH|1|728|DISP=ACCEPT_INSTALL|DETAIL=rt3_map_g2
0000000000000000000000000000000000000000000000000000000000000000|0000000000000000000000000000000000000000000000000000000000000000|0|3|rt4_TMB-5_MAP_g2_01007.r24|2|1|RICH|730|0|1540|0000000000000000000000000000000000000000000000000000000000000000|RICH|1|730|DISP=ACCEPT_INSTALL|DETAIL=rt3_map_g2
0000000000000000000000000000000000000000000000000000000000000000|0000000000000000000000000000000000000000000000000000000000000000|0|3|rt4_TMB-5_MAP_g2_01008.r24|2|1|RICH|690|0|1560|0000000000000000000000000000000000000000000000000000000000000000|RICH|1|690|DISP=ACCEPT_INSTALL|DETAIL=rt3_map_g2
0000000000000000000000000000000000000000000000000000000000000000|0000000000000000000000000000000000000000000000000000000000000000|0|3|rt4_TMB-5_MAP_g2_01009.r24|2|1|RICH|692|0|1560|0000000000000000000000000000000000000000000000000000000000000000|RICH|1|692|DISP=ACCEPT_INSTALL|DETAIL=rt3_map_g2
0000000000000000000000000000000000000000000000000000000000000000|0000000000000000000000000000000000000000000000000000000000000000|0|3|rt4_TMB-5_MAP_g2_01010.r24|2|1|RICH|694|0|1560|0000000000000000000000000000000000000000000000000000000000000000|RICH|1|694|DISP=ACCEPT_INSTALL|DETAIL=rt3_map_g2
0000000000000000000000000000000000000000000000000000000000000000|0000000000000000000000000000000000000000000000000000000000000000|0|3|rt4_TMB-5_MAP_g2_01011.r24|2|1|RICH|696|0|1560|0000000000000000000000000000000000000000000000000000000000000000|RICH|1|696|DISP=ACCEPT_INSTALL|DETAIL=rt3_map_g2
0000000000000000000000000000000000000000000000000000000000000000|0000000000000000000000000000000000000000000000000000000000000000|0|3|rt4_TMB-5_MAP_g2_01012.r24|2|1|RICH|698|0|1560|0000000000000000000000000000000000000000000000000000000000000000|RICH|1|698|DISP=ACCEPT_INSTALL|DETAIL=rt3_map_g2
0000000000000000000000000000000000000000000000000000000000000000|0000000000000000000000000000000000000000000000000000000000000000|0|3|rt4_TMB-5_MAP_g2_01013.r24|2|1|RICH|700|0|1560|0000000000000000000000000000000000000000000000000000000000000000|RICH|1|700|DISP=ACCEPT_INSTALL|DETAIL=rt3_map_g2
0000000000000000000000000000000000000000000000000000000000000000|0000000000000000000000000000000000000000000000000000000000000000|0|3|rt4_TMB-5_MAP_g2_01014.r24|2|1|RICH|702|0|1560|0000000000000000000000000000000000000000000000000000000000000000|RICH|1|702|DISP=ACCEPT_INSTALL|DETAIL=rt3_map_g2
0000000000000000000000000000000000000000000000000000000000000000|0000000000000000000000000000000000000000000000000000000000000000|0|3|rt4_TMB-5_MAP_g2_01015.r24|2|1|RICH|704|0|1560|0000000000000000000000000000000000000000000000000000000000000000|RICH|1|704|DISP=ACCEPT_INSTALL|DETAIL=rt3_map_g2
0000000000000000000000000000000000000000000000000000000000000000|0000000000000000000000000000000000000000000000000000000000000000|0|3|rt4_TMB-5_MAP_g2_01016.r24|2|1|RICH|706|0|1560|0000000000000000000000000000000000000000000000000000000000000000|RICH|1|706|DISP=ACCEPT_INSTALL|DETAIL=rt3_map_g2
0000000000000000000000000000000000000000000000000000000000000000|0000000000000000000000000000000000000000000000000000000000000000|0|3|rt4_TMB-5_MAP_g2_01017.r24|2|1|RICH|708|0|1560|0000000000000000000000000000000000000000000000000000000000000000|RICH|1|708|DISP=ACCEPT_INSTALL|DETAIL=rt3_map_g2
0000000000000000000000000000000000000000000000000000000000000000|0000000000000000000000000000000000000000000000000000000000000000|0|3|rt4_TMB-5_MAP_g2_01018.r24|2|1|RICH|710|0|1560|0000000000000000000000000000000000000000000000000000000000000000|RICH|1|710|DISP=ACCEPT_INSTALL|DETAIL=rt3_map_g2
0000000000000000000000000000000000000000000000000000000000000000|0000000000000000000000000000000000000000000000000000000000000000|0|3|rt4_TMB-5_MAP_g2_01019.r24|2|1|RICH|712|0|1560|0000000000000000000000000000000000000000000000000000000000000000|RICH|1|712|DISP=ACCEPT_INSTALL|DETAIL=rt3_map_g2
0000000000000000000000000000000000000000000000000000000000000000|0000000000000000000000000000000000000000000000000000000000000000|0|3|rt4_TMB-5_MAP_g2_01020.r24|2|1|RICH|714|0|1560|0000000000000000000000000000000000000000000000000000000000000000|RICH|1|714|DISP=ACCEPT_INSTALL|DETAIL=rt3_map_g2
0000000000000000000000000000000000000000000000000000000000000000|0000000000000000000000000000000000000000000000000000000000000000|0|3|rt4_TMB-5_MAP_g2_01021.r24|2|1|RICH|716|0|1560|0000000000000000000000000000000000000000000000000000000000000000|RICH|1|716|DISP=ACCEPT_INSTALL|DETAIL=rt3_map_g2
0000000000000000000000000000000000000000000000000000000000000000|0000000000000000000000000000000000000000000000000000000000000000|0|3|rt4_TMB-5_MAP_g2_01022.r24|2|1|RICH|718|0|1560|0000000000000000000000000000000000000000000000000000000000000000|RICH|1|718|DISP=ACCEPT_INSTALL|DETAIL=rt3_map_g2
0000000000000000000000000000000000000000000000000000000000000000|0000000000000000000000000000000000000000000000000000000000000000|0|3|rt4_TMB-5_MAP_g2_01023.r24|2|1|RICH|720|0|1560|0000000000000000000000000000000000000000000000000000000000000000|RICH|1|720|DISP=ACCEPT_INSTALL|DETAIL=rt3_map_g2
0000000000000000000000000000000000000000000000000000000000000000|0000000000000000000000000000000000000000000000000000000000000000|0|3|rt4_TMB-5_MAP_g2_01024.r24|2|1|RICH|722|0|1560|0000000000000000000000000000000000000000000000000000000000000000|RICH|1|722|DISP=ACCEPT_INSTALL|DETAIL=rt3_map_g2
0000000000000000000000000000000000000000000000000000000000000000|0000000000000000000000000000000000000000000000000000000000000000|0|3|rt4_TMB-5_MAP_g2_01025.r24|2|1|RICH|724|0|1560|0000000000000000000000000000000000000000000000000000000000000000|RICH|1|724|DISP=ACCEPT_INSTALL|DETAIL=rt3_map_g2
0000000000000000000000000000000000000000000000000000000000000000|0000000000000000000000000000000000000000000000000000000000000000|0|3|rt4_TMB-5_MAP_g2_01026.r24|2|1|RICH|726|0|1560|0000000000000000000000000000000000000000000000000000000000000000|RICH|1|726|DISP=ACCEPT_INSTALL|DETAIL=rt3_map_g2
0000000000000000000000000000000000000000000000000000000000000000|0000000000000000000000000000000000000000000000000000000000000000|0|3|rt4_TMB-5_MAP_g2_01027.r24|2|1|RICH|728|0|1560|0000000000000000000000000000000000000000000000000000000000000000|RICH|1|728|DISP=ACCEPT_INSTALL|DETAIL=rt3_map_g2
0000000000000000000000000000000000000000000000000000000000000000|0000000000000000000000000000000000000000000000000000000000000000|0|3|rt4_TMB-5_MAP_g2_01028.r24|2|1|RICH|730|0|1560|0000000000000000000000000000000000000000000000000000000000000000|RICH|1|730|DISP=ACCEPT_INSTALL|DETAIL=rt3_map_g2
0000000000000000000000000000000000000000000000000000000000000000|0000000000000000000000000000000000000000000000000000000000000000|0|3|rt4_TMB-5_MAP_g2_01029.r24|2|1|RICH|690|0|1580|0000000000000000000000000000000000000000000000000000000000000000|RICH|1|690|DISP=ACCEPT_INSTALL|DETAIL=rt3_map_g2
0000000000000000000000000000000000000000000000000000000000000000|0000000000000000000000000000000000000000000000000000000000000000|0|3|rt4_TMB-5_MAP_g2_01030.r24|2|1|RICH|692|0|1580|0000000000000000000000000000000000000000000000000000000000000000|RICH|1|692|DISP=ACCEPT_INSTALL|DETAIL=rt3_map_g2
0000000000000000000000000000000000000000000000000000000000000000|0000000000000000000000000000000000000000000000000000000000000000|0|3|rt4_TMB-5_MAP_g2_01031.r24|2|1|RICH|694|0|1580|0000000000000000000000000000000000000000000000000000000000000000|RICH|1|694|DISP=ACCEPT_INSTALL|DETAIL=rt3_map_g2
0000000000000000000000000000000000000000000000000000000000000000|0000000000000000000000000000000000000000000000000000000000000000|0|3|rt4_TMB-5_MAP_g2_01032.r24|2|1|RICH|696|0|1580|0000000000000000000000000000000000000000000000000000000000000000|RICH|1|696|DISP=ACCEPT_INSTALL|DETAIL=rt3_map_g2
0000000000000000000000000000000000000000000000000000000000000000|0000000000000000000000000000000000000000000000000000000000000000|0|3|rt4_TMB-5_MAP_g2_01033.r24|2|1|RICH|698|0|1580|0000000000000000000000000000000000000000000000000000000000000000|RICH|1|698|DISP=ACCEPT_INSTALL|DETAIL=rt3_map_g2
0000000000000000000000000000000000000000000000000000000000000000|0000000000000000000000000000000000000000000000000000000000000000|0|3|rt4_TMB-5_MAP_g2_01034.r24|2|1|RICH|700|0|1580|0000000000000000000000000000000000000000000000000000000000000000|RICH|1|700|DISP=ACCEPT_INSTALL|DETAIL=rt3_map_g2
0000000000000000000000000000000000000000000000000000000000000000|0000000000000000000000000000000000000000000000000000000000000000|0|3|rt4_TMB-5_MAP_g2_01035.r24|2|1|RICH|702|0|1580|0000000000000000000000000000000000000000000000000000000000000000|RICH|1|702|DISP=ACCEPT_INSTALL|DETAIL=rt3_map_g2
0000000000000000000000000000000000000000000000000000000000000000|0000000000000000000000000000000000000000000000000000000000000000|0|3|rt4_TMB-5_MAP_g2_01036.r24|2|1|RICH|704|0|1580|0000000000000000000000000000000000000000000000000000000000000000|RICH|1|704|DISP=ACCEPT_INSTALL|DETAIL=rt3_map_g2
0000000000000000000000000000000000000000000000000000000000000000|0000000000000000000000000000000000000000000000000000000000000000|0|3|rt4_TMB-5_MAP_g2_01037.r24|2|1|RICH|706|0|1580|0000000000000000000000000000000000000000000000000000000000000000|RICH|1|706|DISP=ACCEPT_INSTALL|DETAIL=rt3_map_g2
0000000000000000000000000000000000000000000000000000000000000000|0000000000000000000000000000000000000000000000000000000000000000|0|3|rt4_TMB-5_MAP_g2_01038.r24|2|1|RICH|708|0|1580|0000000000000000000000000000000000000000000000000000000000000000|RICH|1|708|DISP=ACCEPT_INSTALL|DETAIL=rt3_map_g2
0000000000000000000000000000000000000000000000000000000000000000|0000000000000000000000000000000000000000000000000000000000000000|0|3|rt4_TMB-5_MAP_g2_01039.r24|2|1|RICH|710|0|1580|0000000000000000000000000000000000000000000000000000000000000000|RICH|1|710|DISP=ACCEPT_INSTALL|DETAIL=rt3_map_g2
0000000000000000000000000000000000000000000000000000000000000000|0000000000000000000000000000000000000000000000000000000000000000|0|3|rt4_TMB-5_MAP_g2_01040.r24|2|1|RICH|712|0|1580|0000000000000000000000000000000000000000000000000000000000000000|RICH|1|712|DISP=ACCEPT_INSTALL|DETAIL=rt3_map_g2
0000000000000000000000000000000000000000000000000000000000000000|0000000000000000000000000000000000000000000000000000000000000000|0|3|rt4_TMB-5_MAP_g2_01041.r24|2|1|RICH|714|0|1580|0000000000000000000000000000000000000000000000000000000000000000|RICH|1|714|DISP=ACCEPT_INSTALL|DETAIL=rt3_map_g2
0000000000000000000000000000000000000000000000000000000000000000|0000000000000000000000000000000000000000000000000000000000000000|0|3|rt4_TMB-5_MAP_g2_01042.r24|2|1|RICH|716|0|1580|0000000000000000000000000000000000000000000000000000000000000000|RICH|1|716|DISP=ACCEPT_INSTALL|DETAIL=rt3_map_g2
0000000000000000000000000000000000000000000000000000000000000000|0000000000000000000000000000000000000000000000000000000000000000|0|3|rt4_TMB-5_MAP_g2_01043.r24|2|1|RICH|718|0|1580|0000000000000000000000000000000000000000000000000000000000000000|RICH|1|718|DISP=ACCEPT_INSTALL|DETAIL=rt3_map_g2
0000000000000000000000000000000000000000000000000000000000000000|0000000000000000000000000000000000000000000000000000000000000000|0|3|rt4_TMB-5_MAP_g2_01044.r24|2|1|RICH|720|0|1580|0000000000000000000000000000000000000000000000000000000000000000|RICH|1|720|DISP=ACCEPT_INSTALL|DETAIL=rt3_map_g2
0000000000000000000000000000000000000000000000000000000000000000|0000000000000000000000000000000000000000000000000000000000000000|0|3|rt4_TMB-5_MAP_g2_01045.r24|2|1|RICH|722|0|1580|0000000000000000000000000000000000000000000000000000000000000000|RICH|1|722|DISP=ACCEPT_INSTALL|DETAIL=rt3_map_g2
0000000000000000000000000000000000000000000000000000000000000000|0000000000000000000000000000000000000000000000000000000000000000|0|3|rt4_TMB-5_MAP_g2_01046.r24|2|1|RICH|724|0|1580|0000000000000000000000000000000000000000000000000000000000000000|RICH|1|724|DISP=ACCEPT_INSTALL|DETAIL=rt3_map_g2
0000000000000000000000000000000000000000000000000000000000000000|0000000000000000000000000000000000000000000000000000000000000000|0|3|rt4_TMB-5_MAP_g2_01047.r24|2|1|RICH|726|0|1580|0000000000000000000000000000000000000000000000000000000000000000|RICH|1|726|DISP=ACCEPT_INSTALL|DETAIL=rt3_map_g2
0000000000000000000000000000000000000000000000000000000000000000|0000000000000000000000000000000000000000000000000000000000000000|0|3|rt4_TMB-5_MAP_g2_01048.r24|2|1|RICH|728|0|1580|0000000000000000000000000000000000000000000000000000000000000000|RICH|1|728|DISP=ACCEPT_INSTALL|DETAIL=rt3_map_g2
0000000000000000000000000000000000000000000000000000000000000000|0000000000000000000000000000000000000000000000000000000000000000|0|3|rt4_TMB-5_MAP_g2_01049.r24|2|1|RICH|730|0|1580|0000000000000000000000000000000000000000000000000000000000000000|RICH|1|730|DISP=ACCEPT_INSTALL|DETAIL=rt3_map_g2
0000000000000000000000000000000000000000000000000000000000000000|0000000000000000000000000000000000000000000000000000000000000000|0|3|rt4_TMB-5_MAP_g2_01050.r24|2|1|RICH|690|0|1600|0000000000000000000000000000000000000000000000000000000000000000|RICH|1|690|DISP=ACCEPT_INSTALL|DETAIL=rt3_map_g2
0000000000000000000000000000000000000000000000000000000000000000|0000000000000000000000000000000000000000000000000000000000000000|0|3|rt4_TMB-5_MAP_g2_01051.r24|2|1|RICH|692|0|1600|0000000000000000000000000000000000000000000000000000000000000000|RICH|1|692|DISP=ACCEPT_INSTALL|DETAIL=rt3_map_g2
0000000000000000000000000000000000000000000000000000000000000000|0000000000000000000000000000000000000000000000000000000000000000|0|3|rt4_TMB-5_MAP_g2_01052.r24|2|1|RICH|694|0|1600|0000000000000000000000000000000000000000000000000000000000000000|RICH|1|694|DISP=ACCEPT_INSTALL|DETAIL=rt3_map_g2
0000000000000000000000000000000000000000000000000000000000000000|0000000000000000000000000000000000000000000000000000000000000000|0|3|rt4_TMB-5_MAP_g2_01053.r24|2|1|RICH|696|0|1600|0000000000000000000000000000000000000000000000000000000000000000|RICH|1|696|DISP=ACCEPT_INSTALL|DETAIL=rt3_map_g2
0000000000000000000000000000000000000000000000000000000000000000|0000000000000000000000000000000000000000000000000000000000000000|0|3|rt4_TMB-5_MAP_g2_01054.r24|2|1|RICH|698|0|1600|0000000000000000000000000000000000000000000000000000000000000000|RICH|1|698|DISP=ACCEPT_INSTALL|DETAIL=rt3_map_g2
0000000000000000000000000000000000000000000000000000000000000000|0000000000000000000000000000000000000000000000000000000000000000|0|3|rt4_TMB-5_MAP_g2_01055.r24|2|1|RICH|700|0|1600|0000000000000000000000000000000000000000000000000000000000000000|RICH|1|700|DISP=ACCEPT_INSTALL|DETAIL=rt3_map_g2
0000000000000000000000000000000000000000000000000000000000000000|0000000000000000000000000000000000000000000000000000000000000000|0|3|rt4_TMB-5_MAP_g2_01056.r24|2|1|RICH|702|0|1600|0000000000000000000000000000000000000000000000000000000000000000|RICH|1|702|DISP=ACCEPT_INSTALL|DETAIL=rt3_map_g2
0000000000000000000000000000000000000000000000000000000000000000|0000000000000000000000000000000000000000000000000000000000000000|0|3|rt4_TMB-5_MAP_g2_01057.r24|2|1|RICH|704|0|1600|0000000000000000000000000000000000000000000000000000000000000000|RICH|1|704|DISP=ACCEPT_INSTALL|DETAIL=rt3_map_g2
0000000000000000000000000000000000000000000000000000000000000000|0000000000000000000000000000000000000000000000000000000000000000|0|3|rt4_TMB-5_MAP_g2_01058.r24|2|1|RICH|706|0|1600|0000000000000000000000000000000000000000000000000000000000000000|RICH|1|706|DISP=ACCEPT_INSTALL|DETAIL=rt3_map_g2
0000000000000000000000000000000000000000000000000000000000000000|0000000000000000000000000000000000000000000000000000000000000000|0|3|rt4_TMB-5_MAP_g2_01059.r24|2|1|RICH|708|0|1600|0000000000000000000000000000000000000000000000000000000000000000|RICH|1|708|DISP=ACCEPT_INSTALL|DETAIL=rt3_map_g2
0000000000000000000000000000000000000000000000000000000000000000|0000000000000000000000000000000000000000000000000000000000000000|0|3|rt4_TMB-5_MAP_g2_01060.r24|2|1|RICH|710|0|1600|0000000000000000000000000000000000000000000000000000000000000000|RICH|1|710|DISP=ACCEPT_INSTALL|DETAIL=rt3_map_g2
0000000000000000000000000000000000000000000000000000000000000000|0000000000000000000000000000000000000000000000000000000000000000|0|3|rt4_TMB-5_MAP_g2_01061.r24|2|1|RICH|712|0|1600|0000000000000000000000000000000000000000000000000000000000000000|RICH|1|712|DISP=ACCEPT_INSTALL|DETAIL=rt3_map_g2
0000000000000000000000000000000000000000000000000000000000000000|0000000000000000000000000000000000000000000000000000000000000000|0|3|rt4_TMB-5_MAP_g2_01062.r24|2|1|RICH|714|0|1600|0000000000000000000000000000000000000000000000000000000000000000|RICH|1|714|DISP=ACCEPT_INSTALL|DETAIL=rt3_map_g2
0000000000000000000000000000000000000000000000000000000000000000|0000000000000000000000000000000000000000000000000000000000000000|0|3|rt4_TMB-5_MAP_g2_01063.r24|2|1|RICH|716|0|1600|0000000000000000000000000000000000000000000000000000000000000000|RICH|1|716|DISP=ACCEPT_INSTALL|DETAIL=rt3_map_g2
0000000000000000000000000000000000000000000000000000000000000000|0000000000000000000000000000000000000000000000000000000000000000|0|3|rt4_TMB-5_MAP_g2_01064.r24|2|1|RICH|718|0|1600|0000000000000000000000000000000000000000000000000000000000000000|RICH|1|718|DISP=ACCEPT_INSTALL|DETAIL=rt3_map_g2
0000000000000000000000000000000000000000000000000000000000000000|0000000000000000000000000000000000000000000000000000000000000000|0|3|rt4_TMB-5_MAP_g2_01065.r24|2|1|RICH|720|0|1600|0000000000000000000000000000000000000000000000000000000000000000|RICH|1|720|DISP=ACCEPT_INSTALL|DETAIL=rt3_map_g2
0000000000000000000000000000000000000000000000000000000000000000|0000000000000000000000000000000000000000000000000000000000000000|0|3|rt4_TMB-5_MAP_g2_01066.r24|2|1|RICH|722|0|1600|0000000000000000000000000000000000000000000000000000000000000000|RICH|1|722|DISP=ACCEPT_INSTALL|DETAIL=rt3_map_g2
0000000000000000000000000000000000000000000000000000000000000000|0000000000000000000000000000000000000000000000000000000000000000|0|3|rt4_TMB-5_MAP_g2_01067.r24|2|1|RICH|724|0|1600|0000000000000000000000000000000000000000000000000000000000000000|RICH|1|724|DISP=ACCEPT_INSTALL|DETAIL=rt3_map_g2
0000000000000000000000000000000000000000000000000000000000000000|0000000000000000000000000000000000000000000000000000000000000000|0|3|rt4_TMB-5_MAP_g2_01068.r24|2|1|RICH|726|0|1600|0000000000000000000000000000000000000000000000000000000000000000|RICH|1|726|DISP=ACCEPT_INSTALL|DETAIL=rt3_map_g2
0000000000000000000000000000000000000000000000000000000000000000|0000000000000000000000000000000000000000000000000000000000000000|0|3|rt4_TMB-5_MAP_g2_01069.r24|2|1|RICH|728|0|1600|0000000000000000000000000000000000000000000000000000000000000000|RICH|1|728|DISP=ACCEPT_INSTALL|DETAIL=rt3_map_g2
0000000000000000000000000000000000000000000000000000000000000000|0000000000000000000000000000000000000000000000000000000000000000|0|3|rt4_TMB-5_MAP_g2_01070.r24|2|1|RICH|730|0|1600|0000000000000000000000000000000000000000000000000000000000000000|RICH|1|730|DISP=ACCEPT_INSTALL|DETAIL=rt3_map_g2
0000000000000000000000000000000000000000000000000000000000000000|0000000000000000000000000000000000000000000000000000000000000000|0|3|rt4_TMB-5_MAP_g2_01071.r24|2|1|RICH|690|0|1620|0000000000000000000000000000000000000000000000000000000000000000|RICH|1|690|DISP=ACCEPT_INSTALL|DETAIL=rt3_map_g2
0000000000000000000000000000000000000000000000000000000000000000|0000000000000000000000000000000000000000000000000000000000000000|0|3|rt4_TMB-5_MAP_g2_01072.r24|2|1|RICH|692|0|1620|0000000000000000000000000000000000000000000000000000000000000000|RICH|1|692|DISP=ACCEPT_INSTALL|DETAIL=rt3_map_g2
0000000000000000000000000000000000000000000000000000000000000000|0000000000000000000000000000000000000000000000000000000000000000|0|3|rt4_TMB-5_MAP_g2_01073.r24|2|1|RICH|694|0|1620|0000000000000000000000000000000000000000000000000000000000000000|RICH|1|694|DISP=ACCEPT_INSTALL|DETAIL=rt3_map_g2
0000000000000000000000000000000000000000000000000000000000000000|0000000000000000000000000000000000000000000000000000000000000000|0|3|rt4_TMB-5_MAP_g2_01074.r24|2|1|RICH|696|0|1620|0000000000000000000000000000000000000000000000000000000000000000|RICH|1|696|DISP=ACCEPT_INSTALL|DETAIL=rt3_map_g2
0000000000000000000000000000000000000000000000000000000000000000|0000000000000000000000000000000000000000000000000000000000000000|0|3|rt4_TMB-5_MAP_g2_01075.r24|2|1|RICH|698|0|1620|0000000000000000000000000000000000000000000000000000000000000000|RICH|1|698|DISP=ACCEPT_INSTALL|DETAIL=rt3_map_g2
0000000000000000000000000000000000000000000000000000000000000000|0000000000000000000000000000000000000000000000000000000000000000|0|3|rt4_TMB-5_MAP_g2_01076.r24|2|1|RICH|700|0|1620|0000000000000000000000000000000000000000000000000000000000000000|RICH|1|700|DISP=ACCEPT_INSTALL|DETAIL=rt3_map_g2
0000000000000000000000000000000000000000000000000000000000000000|0000000000000000000000000000000000000000000000000000000000000000|0|3|rt4_TMB-5_MAP_g2_01077.r24|2|1|RICH|702|0|1620|0000000000000000000000000000000000000000000000000000000000000000|RICH|1|702|DISP=ACCEPT_INSTALL|DETAIL=rt3_map_g2
0000000000000000000000000000000000000000000000000000000000000000|0000000000000000000000000000000000000000000000000000000000000000|0|3|rt4_TMB-5_MAP_g2_01078.r24|2|1|RICH|704|0|1620|0000000000000000000000000000000000000000000000000000000000000000|RICH|1|704|DISP=ACCEPT_INSTALL|DETAIL=rt3_map_g2
0000000000000000000000000000000000000000000000000000000000000000|0000000000000000000000000000000000000000000000000000000000000000|0|3|rt4_TMB-5_MAP_g2_01079.r24|2|1|RICH|706|0|1620|0000000000000000000000000000000000000000000000000000000000000000|RICH|1|706|DISP=ACCEPT_INSTALL|DETAIL=rt3_map_g2
0000000000000000000000000000000000000000000000000000000000000000|0000000000000000000000000000000000000000000000000000000000000000|0|3|rt4_TMB-5_MAP_g2_01080.r24|2|1|RICH|708|0|1620|0000000000000000000000000000000000000000000000000000000000000000|RICH|1|708|DISP=ACCEPT_INSTALL|DETAIL=rt3_map_g2
0000000000000000000000000000000000000000000000000000000000000000|0000000000000000000000000000000000000000000000000000000000000000|0|3|rt4_TMB-5_MAP_g2_01081.r24|2|1|RICH|710|0|1620|0000000000000000000000000000000000000000000000000000000000000000|RICH|1|710|DISP=ACCEPT_INSTALL|DETAIL=rt3_map_g2
0000000000000000000000000000000000000000000000000000000000000000|0000000000000000000000000000000000000000000000000000000000000000|0|3|rt4_TMB-5_MAP_g2_01082.r24|2|1|RICH|712|0|1620|0000000000000000000000000000000000000000000000000000000000000000|RICH|1|712|DISP=ACCEPT_INSTALL|DETAIL=rt3_map_g2
0000000000000000000000000000000000000000000000000000000000000000|0000000000000000000000000000000000000000000000000000000000000000|0|3|rt4_TMB-5_MAP_g2_01083.r24|2|1|RICH|714|0|1620|0000000000000000000000000000000000000000000000000000000000000000|RICH|1|714|DISP=ACCEPT_INSTALL|DETAIL=rt3_map_g2
0000000000000000000000000000000000000000000000000000000000000000|0000000000000000000000000000000000000000000000000000000000000000|0|3|rt4_TMB-5_MAP_g2_01084.r24|2|1|RICH|716|0|1620|0000000000000000000000000000000000000000000000000000000000000000|RICH|1|716|DISP=ACCEPT_INSTALL|DETAIL=rt3_map_g2
0000000000000000000000000000000000000000000000000000000000000000|0000000000000000000000000000000000000000000000000000000000000000|0|3|rt4_TMB-5_MAP_g2_01085.r24|2|1|RICH|718|0|1620|0000000000000000000000000000000000000000000000000000000000000000|RICH|1|718|DISP=ACCEPT_INSTALL|DETAIL=rt3_map_g2
0000000000000000000000000000000000000000000000000000000000000000|0000000000000000000000000000000000000000000000000000000000000000|0|3|rt4_TMB-5_MAP_g2_01086.r24|2|1|RICH|720|0|1620|0000000000000000000000000000000000000000000000000000000000000000|RICH|1|720|DISP=ACCEPT_INSTALL|DETAIL=rt3_map_g2
0000000000000000000000000000000000000000000000000000000000000000|0000000000000000000000000000000000000000000000000000000000000000|0|3|rt4_TMB-5_MAP_g2_01087.r24|2|1|RICH|722|0|1620|0000000000000000000000000000000000000000000000000000000000000000|RICH|1|722|DISP=ACCEPT_INSTALL|DETAIL=rt3_map_g2
0000000000000000000000000000000000000000000000000000000000000000|0000000000000000000000000000000000000000000000000000000000000000|0|3|rt4_TMB-5_MAP_g2_01088.r24|2|1|RICH|724|0|1620|0000000000000000000000000000000000000000000000000000000000000000|RICH|1|724|DISP=ACCEPT_INSTALL|DETAIL=rt3_map_g2
0000000000000000000000000000000000000000000000000000000000000000|0000000000000000000000000000000000000000000000000000000000000000|0|3|rt4_TMB-5_MAP_g2_01089.r24|2|1|RICH|726|0|1620|0000000000000000000000000000000000000000000000000000000000000000|RICH|1|726|DISP=ACCEPT_INSTALL|DETAIL=rt3_map_g2
0000000000000000000000000000000000000000000000000000000000000000|0000000000000000000000000000000000000000000000000000000000000000|0|3|rt4_TMB-5_MAP_g2_01090.r24|2|1|RICH|728|0|1620|0000000000000000000000000000000000000000000000000000000000000000|RICH|1|728|DISP=ACCEPT_INSTALL|DETAIL=rt3_map_g2
0000000000000000000000000000000000000000000000000000000000000000|0000000000000000000000000000000000000000000000000000000000000000|0|3|rt4_TMB-5_MAP_g2_01091.r24|2|1|RICH|730|0|1620|0000000000000000000000000000000000000000000000000000000000000000|RICH|1|730|DISP=ACCEPT_INSTALL|DETAIL=rt3_map_g2
0000000000000000000000000000000000000000000000000000000000000000|0000000000000000000000000000000000000000000000000000000000000000|0|3|rt4_TMB-5_MAP_g2_01092.r24|2|1|RICH|690|0|1640|0000000000000000000000000000000000000000000000000000000000000000|RICH|1|690|DISP=ACCEPT_INSTALL|DETAIL=rt3_map_g2
0000000000000000000000000000000000000000000000000000000000000000|0000000000000000000000000000000000000000000000000000000000000000|0|3|rt4_TMB-5_MAP_g2_01093.r24|2|1|RICH|692|0|1640|0000000000000000000000000000000000000000000000000000000000000000|RICH|1|692|DISP=ACCEPT_INSTALL|DETAIL=rt3_map_g2
0000000000000000000000000000000000000000000000000000000000000000|0000000000000000000000000000000000000000000000000000000000000000|0|3|rt4_TMB-5_MAP_g2_01094.r24|2|1|RICH|694|0|1640|0000000000000000000000000000000000000000000000000000000000000000|RICH|1|694|DISP=ACCEPT_INSTALL|DETAIL=rt3_map_g2
0000000000000000000000000000000000000000000000000000000000000000|0000000000000000000000000000000000000000000000000000000000000000|0|3|rt4_TMB-5_MAP_g2_01095.r24|2|1|RICH|696|0|1640|0000000000000000000000000000000000000000000000000000000000000000|RICH|1|696|DISP=ACCEPT_INSTALL|DETAIL=rt3_map_g2
0000000000000000000000000000000000000000000000000000000000000000|0000000000000000000000000000000000000000000000000000000000000000|0|3|rt4_TMB-5_MAP_g2_01096.r24|2|1|RICH|698|0|1640|0000000000000000000000000000000000000000000000000000000000000000|RICH|1|698|DISP=ACCEPT_INSTALL|DETAIL=rt3_map_g2
0000000000000000000000000000000000000000000000000000000000000000|0000000000000000000000000000000000000000000000000000000000000000|0|3|rt4_TMB-5_MAP_g2_01097.r24|2|1|RICH|700|0|1640|0000000000000000000000000000000000000000000000000000000000000000|RICH|1|700|DISP=ACCEPT_INSTALL|DETAIL=rt3_map_g2
0000000000000000000000000000000000000000000000000000000000000000|0000000000000000000000000000000000000000000000000000000000000000|0|3|rt4_TMB-5_MAP_g2_01098.r24|2|1|RICH|702|0|1640|0000000000000000000000000000000000000000000000000000000000000000|RICH|1|702|DISP=ACCEPT_INSTALL|DETAIL=rt3_map_g2
0000000000000000000000000000000000000000000000000000000000000000|0000000000000000000000000000000000000000000000000000000000000000|0|3|rt4_TMB-5_MAP_g2_01099.r24|2|1|RICH|704|0|1640|0000000000000000000000000000000000000000000000000000000000000000|RICH|1|704|DISP=ACCEPT_INSTALL|DETAIL=rt3_map_g2
0000000000000000000000000000000000000000000000000000000000000000|0000000000000000000000000000000000000000000000000000000000000000|0|3|rt4_TMB-5_MAP_g2_01100.r24|2|1|RICH|706|0|1640|0000000000000000000000000000000000000000000000000000000000000000|RICH|1|706|DISP=ACCEPT_INSTALL|DETAIL=rt3_map_g2
0000000000000000000000000000000000000000000000000000000000000000|0000000000000000000000000000000000000000000000000000000000000000|0|3|rt4_TMB-5_MAP_g2_01101.r24|2|1|RICH|708|0|1640|0000000000000000000000000000000000000000000000000000000000000000|RICH|1|708|DISP=ACCEPT_INSTALL|DETAIL=rt3_map_g2
0000000000000000000000000000000000000000000000000000000000000000|0000000000000000000000000000000000000000000000000000000000000000|0|3|rt4_TMB-5_MAP_g2_01102.r24|2|1|RICH|710|0|1640|0000000000000000000000000000000000000000000000000000000000000000|RICH|1|710|DISP=ACCEPT_INSTALL|DETAIL=rt3_map_g2
0000000000000000000000000000000000000000000000000000000000000000|0000000000000000000000000000000000000000000000000000000000000000|0|3|rt4_TMB-5_MAP_g2_01103.r24|2|1|RICH|712|0|1640|0000000000000000000000000000000000000000000000000000000000000000|RICH|1|712|DISP=ACCEPT_INSTALL|DETAIL=rt3_map_g2
0000000000000000000000000000000000000000000000000000000000000000|0000000000000000000000000000000000000000000000000000000000000000|0|3|rt4_TMB-5_MAP_g2_01104.r24|2|1|RICH|714|0|1640|0000000000000000000000000000000000000000000000000000000000000000|RICH|1|714|DISP=ACCEPT_INSTALL|DETAIL=rt3_map_g2
0000000000000000000000000000000000000000000000000000000000000000|0000000000000000000000000000000000000000000000000000000000000000|0|3|rt4_TMB-5_MAP_g2_01105.r24|2|1|RICH|716|0|1640|0000000000000000000000000000000000000000000000000000000000000000|RICH|1|716|DISP=ACCEPT_INSTALL|DETAIL=rt3_map_g2
0000000000000000000000000000000000000000000000000000000000000000|0000000000000000000000000000000000000000000000000000000000000000|0|3|rt4_TMB-5_MAP_g2_01106.r24|2|1|RICH|718|0|1640|0000000000000000000000000000000000000000000000000000000000000000|RICH|1|718|DISP=ACCEPT_INSTALL|DETAIL=rt3_map_g2
0000000000000000000000000000000000000000000000000000000000000000|0000000000000000000000000000000000000000000000000000000000000000|0|3|rt4_TMB-5_MAP_g2_01107.r24|2|1|RICH|720|0|1640|0000000000000000000000000000000000000000000000000000000000000000|RICH|1|720|DISP=ACCEPT_INSTALL|DETAIL=rt3_map_g2
0000000000000000000000000000000000000000000000000000000000000000|0000000000000000000000000000000000000000000000000000000000000000|0|3|rt4_TMB-5_MAP_g2_01108.r24|2|1|RICH|722|0|1640|0000000000000000000000000000000000000000000000000000000000000000|RICH|1|722|DISP=ACCEPT_INSTALL|DETAIL=rt3_map_g2
0000000000000000000000000000000000000000000000000000000000000000|0000000000000000000000000000000000000000000000000000000000000000|0|3|rt4_TMB-5_MAP_g2_01109.r24|2|1|RICH|724|0|1640|0000000000000000000000000000000000000000000000000000000000000000|RICH|1|724|DISP=ACCEPT_INSTALL|DETAIL=rt3_map_g2
0000000000000000000000000000000000000000000000000000000000000000|0000000000000000000000000000000000000000000000000000000000000000|0|3|rt4_TMB-5_MAP_g2_01110.r24|2|1|RICH|726|0|1640|0000000000000000000000000000000000000000000000000000000000000000|RICH|1|726|DISP=ACCEPT_INSTALL|DETAIL=rt3_map_g2
0000000000000000000000000000000000000000000000000000000000000000|0000000000000000000000000000000000000000000000000000000000000000|0|3|rt4_TMB-5_MAP_g2_01111.r24|2|1|RICH|728|0|1640|0000000000000000000000000000000000000000000000000000000000000000|RICH|1|728|DISP=ACCEPT_INSTALL|DETAIL=rt3_map_g2
0000000000000000000000000000000000000000000000000000000000000000|0000000000000000000000000000000000000000000000000000000000000000|0|3|rt4_TMB-5_MAP_g2_01112.r24|2|1|RICH|730|0|1640|0000000000000000000000000000000000000000000000000000000000000000|RICH|1|730|DISP=ACCEPT_INSTALL|DETAIL=rt3_map_g2
0000000000000000000000000000000000000000000000000000000000000000|0000000000000000000000000000000000000000000000000000000000000000|0|3|rt4_TMB-5_MAP_g2_01113.r24|2|1|RICH|690|0|1660|0000000000000000000000000000000000000000000000000000000000000000|RICH|1|690|DISP=ACCEPT_INSTALL|DETAIL=rt3_map_g2
0000000000000000000000000000000000000000000000000000000000000000|0000000000000000000000000000000000000000000000000000000000000000|0|3|rt4_TMB-5_MAP_g2_01114.r24|2|1|RICH|692|0|1660|0000000000000000000000000000000000000000000000000000000000000000|RICH|1|692|DISP=ACCEPT_INSTALL|DETAIL=rt3_map_g2
0000000000000000000000000000000000000000000000000000000000000000|0000000000000000000000000000000000000000000000000000000000000000|0|3|rt4_TMB-5_MAP_g2_01115.r24|2|1|RICH|694|0|1660|0000000000000000000000000000000000000000000000000000000000000000|RICH|1|694|DISP=ACCEPT_INSTALL|DETAIL=rt3_map_g2
0000000000000000000000000000000000000000000000000000000000000000|0000000000000000000000000000000000000000000000000000000000000000|0|3|rt4_TMB-5_MAP_g2_01116.r24|2|1|RICH|696|0|1660|0000000000000000000000000000000000000000000000000000000000000000|RICH|1|696|DISP=ACCEPT_INSTALL|DETAIL=rt3_map_g2
0000000000000000000000000000000000000000000000000000000000000000|0000000000000000000000000000000000000000000000000000000000000000|0|3|rt4_TMB-5_MAP_g2_01117.r24|2|1|RICH|698|0|1660|0000000000000000000000000000000000000000000000000000000000000000|RICH|1|698|DISP=ACCEPT_INSTALL|DETAIL=rt3_map_g2
0000000000000000000000000000000000000000000000000000000000000000|0000000000000000000000000000000000000000000000000000000000000000|0|3|rt4_TMB-5_MAP_g2_01118.r24|2|1|RICH|700|0|1660|0000000000000000000000000000000000000000000000000000000000000000|RICH|1|700|DISP=ACCEPT_INSTALL|DETAIL=rt3_map_g2
0000000000000000000000000000000000000000000000000000000000000000|0000000000000000000000000000000000000000000000000000000000000000|0|3|rt4_TMB-5_MAP_g2_01119.r24|2|1|RICH|702|0|1660|0000000000000000000000000000000000000000000000000000000000000000|RICH|1|702|DISP=ACCEPT_INSTALL|DETAIL=rt3_map_g2
0000000000000000000000000000000000000000000000000000000000000000|0000000000000000000000000000000000000000000000000000000000000000|0|3|rt4_TMB-5_MAP_g2_01120.r24|2|1|RICH|704|0|1660|0000000000000000000000000000000000000000000000000000000000000000|RICH|1|704|DISP=ACCEPT_INSTALL|DETAIL=rt3_map_g2
0000000000000000000000000000000000000000000000000000000000000000|0000000000000000000000000000000000000000000000000000000000000000|0|3|rt4_TMB-5_MAP_g2_01121.r24|2|1|RICH|706|0|1660|0000000000000000000000000000000000000000000000000000000000000000|RICH|1|706|DISP=ACCEPT_INSTALL|DETAIL=rt3_map_g2
0000000000000000000000000000000000000000000000000000000000000000|0000000000000000000000000000000000000000000000000000000000000000|0|3|rt4_TMB-5_MAP_g2_01122.r24|2|1|RICH|708|0|1660|0000000000000000000000000000000000000000000000000000000000000000|RICH|1|708|DISP=ACCEPT_INSTALL|DETAIL=rt3_map_g2
0000000000000000000000000000000000000000000000000000000000000000|0000000000000000000000000000000000000000000000000000000000000000|0|3|rt4_TMB-5_MAP_g2_01123.r24|2|1|RICH|710|0|1660|0000000000000000000000000000000000000000000000000000000000000000|RICH|1|710|DISP=ACCEPT_INSTALL|DETAIL=rt3_map_g2
0000000000000000000000000000000000000000000000000000000000000000|0000000000000000000000000000000000000000000000000000000000000000|0|3|rt4_TMB-5_MAP_g2_01124.r24|2|1|RICH|712|0|1660|0000000000000000000000000000000000000000000000000000000000000000|RICH|1|712|DISP=ACCEPT_INSTALL|DETAIL=rt3_map_g2
0000000000000000000000000000000000000000000000000000000000000000|0000000000000000000000000000000000000000000000000000000000000000|0|3|rt4_TMB-5_MAP_g2_01125.r24|2|1|RICH|714|0|1660|0000000000000000000000000000000000000000000000000000000000000000|RICH|1|714|DISP=ACCEPT_INSTALL|DETAIL=rt3_map_g2
0000000000000000000000000000000000000000000000000000000000000000|0000000000000000000000000000000000000000000000000000000000000000|0|3|rt4_TMB-5_MAP_g2_01126.r24|2|1|RICH|716|0|1660|0000000000000000000000000000000000000000000000000000000000000000|RICH|1|716|DISP=ACCEPT_INSTALL|DETAIL=rt3_map_g2
0000000000000000000000000000000000000000000000000000000000000000|0000000000000000000000000000000000000000000000000000000000000000|0|3|rt4_TMB-5_MAP_g2_01127.r24|2|1|RICH|718|0|1660|0000000000000000000000000000000000000000000000000000000000000000|RICH|1|718|DISP=ACCEPT_INSTALL|DETAIL=rt3_map_g2
0000000000000000000000000000000000000000000000000000000000000000|0000000000000000000000000000000000000000000000000000000000000000|0|3|rt4_TMB-5_MAP_g2_01128.r24|2|1|RICH|720|0|1660|0000000000000000000000000000000000000000000000000000000000000000|RICH|1|720|DISP=ACCEPT_INSTALL|DETAIL=rt3_map_g2
0000000000000000000000000000000000000000000000000000000000000000|0000000000000000000000000000000000000000000000000000000000000000|0|3|rt4_TMB-5_MAP_g2_01129.r24|2|1|RICH|722|0|1660|0000000000000000000000000000000000000000000000000000000000000000|RICH|1|722|DISP=ACCEPT_INSTALL|DETAIL=rt3_map_g2
0000000000000000000000000000000000000000000000000000000000000000|0000000000000000000000000000000000000000000000000000000000000000|0|3|rt4_TMB-5_MAP_g2_01130.r24|2|1|RICH|724|0|1660|0000000000000000000000000000000000000000000000000000000000000000|RICH|1|724|DISP=ACCEPT_INSTALL|DETAIL=rt3_map_g2
0000000000000000000000000000000000000000000000000000000000000000|0000000000000000000000000000000000000000000000000000000000000000|0|3|rt4_TMB-5_MAP_g2_01131.r24|2|1|RICH|726|0|1660|0000000000000000000000000000000000000000000000000000000000000000|RICH|1|726|DISP=ACCEPT_INSTALL|DETAIL=rt3_map_g2
0000000000000000000000000000000000000000000000000000000000000000|0000000000000000000000000000000000000000000000000000000000000000|0|3|rt4_TMB-5_MAP_g2_01132.r24|2|1|RICH|728|0|1660|0000000000000000000000000000000000000000000000000000000000000000|RICH|1|728|DISP=ACCEPT_INSTALL|DETAIL=rt3_map_g2
0000000000000000000000000000000000000000000000000000000000000000|0000000000000000000000000000000000000000000000000000000000000000|0|3|rt4_TMB-5_MAP_g2_01133.r24|2|1|RICH|730|0|1660|0000000000000000000000000000000000000000000000000000000000000000|RICH|1|730|DISP=ACCEPT_INSTALL|DETAIL=rt3_map_g2
0000000000000000000000000000000000000000000000000000000000000000|0000000000000000000000000000000000000000000000000000000000000000|0|3|rt4_TMB-5_MAP_g2_01134.r24|2|1|RICH|690|0|1680|0000000000000000000000000000000000000000000000000000000000000000|RICH|1|690|DISP=ACCEPT_INSTALL|DETAIL=rt3_map_g2
0000000000000000000000000000000000000000000000000000000000000000|0000000000000000000000000000000000000000000000000000000000000000|0|3|rt4_TMB-5_MAP_g2_01135.r24|2|1|RICH|692|0|1680|0000000000000000000000000000000000000000000000000000000000000000|RICH|1|692|DISP=ACCEPT_INSTALL|DETAIL=rt3_map_g2
0000000000000000000000000000000000000000000000000000000000000000|0000000000000000000000000000000000000000000000000000000000000000|0|3|rt4_TMB-5_MAP_g2_01136.r24|2|1|RICH|694|0|1680|0000000000000000000000000000000000000000000000000000000000000000|RICH|1|694|DISP=ACCEPT_INSTALL|DETAIL=rt3_map_g2
0000000000000000000000000000000000000000000000000000000000000000|0000000000000000000000000000000000000000000000000000000000000000|0|3|rt4_TMB-5_MAP_g2_01137.r24|2|1|RICH|696|0|1680|0000000000000000000000000000000000000000000000000000000000000000|RICH|1|696|DISP=ACCEPT_INSTALL|DETAIL=rt3_map_g2
0000000000000000000000000000000000000000000000000000000000000000|0000000000000000000000000000000000000000000000000000000000000000|0|3|rt4_TMB-5_MAP_g2_01138.r24|2|1|RICH|698|0|1680|0000000000000000000000000000000000000000000000000000000000000000|RICH|1|698|DISP=ACCEPT_INSTALL|DETAIL=rt3_map_g2
0000000000000000000000000000000000000000000000000000000000000000|0000000000000000000000000000000000000000000000000000000000000000|0|3|rt4_TMB-5_MAP_g2_01139.r24|2|1|RICH|700|0|1680|0000000000000000000000000000000000000000000000000000000000000000|RICH|1|700|DISP=ACCEPT_INSTALL|DETAIL=rt3_map_g2
0000000000000000000000000000000000000000000000000000000000000000|0000000000000000000000000000000000000000000000000000000000000000|0|3|rt4_TMB-5_MAP_g2_01140.r24|2|1|RICH|702|0|1680|0000000000000000000000000000000000000000000000000000000000000000|RICH|1|702|DISP=ACCEPT_INSTALL|DETAIL=rt3_map_g2
0000000000000000000000000000000000000000000000000000000000000000|0000000000000000000000000000000000000000000000000000000000000000|0|3|rt4_TMB-5_MAP_g2_01141.r24|2|1|RICH|704|0|1680|0000000000000000000000000000000000000000000000000000000000000000|RICH|1|704|DISP=ACCEPT_INSTALL|DETAIL=rt3_map_g2
0000000000000000000000000000000000000000000000000000000000000000|0000000000000000000000000000000000000000000000000000000000000000|0|3|rt4_TMB-5_MAP_g2_01142.r24|2|1|RICH|706|0|1680|0000000000000000000000000000000000000000000000000000000000000000|RICH|1|706|DISP=ACCEPT_INSTALL|DETAIL=rt3_map_g2
0000000000000000000000000000000000000000000000000000000000000000|0000000000000000000000000000000000000000000000000000000000000000|0|3|rt4_TMB-5_MAP_g2_01143.r24|2|1|RICH|708|0|1680|0000000000000000000000000000000000000000000000000000000000000000|RICH|1|708|DISP=ACCEPT_INSTALL|DETAIL=rt3_map_g2
0000000000000000000000000000000000000000000000000000000000000000|0000000000000000000000000000000000000000000000000000000000000000|0|3|rt4_TMB-5_MAP_g2_01144.r24|2|1|RICH|710|0|1680|0000000000000000000000000000000000000000000000000000000000000000|RICH|1|710|DISP=ACCEPT_INSTALL|DETAIL=rt3_map_g2
0000000000000000000000000000000000000000000000000000000000000000|0000000000000000000000000000000000000000000000000000000000000000|0|3|rt4_TMB-5_MAP_g2_01145.r24|2|1|RICH|712|0|1680|0000000000000000000000000000000000000000000000000000000000000000|RICH|1|712|DISP=ACCEPT_INSTALL|DETAIL=rt3_map_g2
0000000000000000000000000000000000000000000000000000000000000000|0000000000000000000000000000000000000000000000000000000000000000|0|3|rt4_TMB-5_MAP_g2_01146.r24|2|1|RICH|714|0|1680|0000000000000000000000000000000000000000000000000000000000000000|RICH|1|714|DISP=ACCEPT_INSTALL|DETAIL=rt3_map_g2
0000000000000000000000000000000000000000000000000000000000000000|0000000000000000000000000000000000000000000000000000000000000000|0|3|rt4_TMB-5_MAP_g2_01147.r24|2|1|RICH|716|0|1680|0000000000000000000000000000000000000000000000000000000000000000|RICH|1|716|DISP=ACCEPT_INSTALL|DETAIL=rt3_map_g2
0000000000000000000000000000000000000000000000000000000000000000|0000000000000000000000000000000000000000000000000000000000000000|0|3|rt4_TMB-5_MAP_g2_01148.r24|2|1|RICH|718|0|1680|0000000000000000000000000000000000000000000000000000000000000000|RICH|1|718|DISP=ACCEPT_INSTALL|DETAIL=rt3_map_g2
0000000000000000000000000000000000000000000000000000000000000000|0000000000000000000000000000000000000000000000000000000000000000|0|3|rt4_TMB-5_MAP_g2_01149.r24|2|1|RICH|720|0|1680|0000000000000000000000000000000000000000000000000000000000000000|RICH|1|720|DISP=ACCEPT_INSTALL|DETAIL=rt3_map_g2
0000000000000000000000000000000000000000000000000000000000000000|0000000000000000000000000000000000000000000000000000000000000000|0|3|rt4_TMB-5_MAP_g2_01150.r24|2|1|RICH|722|0|1680|0000000000000000000000000000000000000000000000000000000000000000|RICH|1|722|DISP=ACCEPT_INSTALL|DETAIL=rt3_map_g2
0000000000000000000000000000000000000000000000000000000000000000|0000000000000000000000000000000000000000000000000000000000000000|0|3|rt4_TMB-5_MAP_g2_01151.r24|2|1|RICH|724|0|1680|0000000000000000000000000000000000000000000000000000000000000000|RICH|1|724|DISP=ACCEPT_INSTALL|DETAIL=rt3_map_g2
0000000000000000000000000000000000000000000000000000000000000000|0000000000000000000000000000000000000000000000000000000000000000|0|3|rt4_TMB-5_MAP_g2_01152.r24|2|1|RICH|726|0|1680|0000000000000000000000000000000000000000000000000000000000000000|RICH|1|726|DISP=ACCEPT_INSTALL|DETAIL=rt3_map_g2
0000000000000000000000000000000000000000000000000000000000000000|0000000000000000000000000000000000000000000000000000000000000000|0|3|rt4_TMB-5_MAP_g2_01153.r24|2|1|RICH|728|0|1680|0000000000000000000000000000000000000000000000000000000000000000|RICH|1|728|DISP=ACCEPT_INSTALL|DETAIL=rt3_map_g2
0000000000000000000000000000000000000000000000000000000000000000|0000000000000000000000000000000000000000000000000000000000000000|0|3|rt4_TMB-5_MAP_g2_01154.r24|2|1|RICH|730|0|1680|0000000000000000000000000000000000000000000000000000000000000000|RICH|1|730|DISP=ACCEPT_INSTALL|DETAIL=rt3_map_g2
0000000000000000000000000000000000000000000000000000000000000000|0000000000000000000000000000000000000000000000000000000000000000|0|3|rt4_TMB-5_MAP_g2_01155.r24|2|1|RICH|690|0|1700|0000000000000000000000000000000000000000000000000000000000000000|RICH|1|690|DISP=ACCEPT_INSTALL|DETAIL=rt3_map_g2
0000000000000000000000000000000000000000000000000000000000000000|0000000000000000000000000000000000000000000000000000000000000000|0|3|rt4_TMB-5_MAP_g2_01156.r24|2|1|RICH|692|0|1700|0000000000000000000000000000000000000000000000000000000000000000|RICH|1|692|DISP=ACCEPT_INSTALL|DETAIL=rt3_map_g2
0000000000000000000000000000000000000000000000000000000000000000|0000000000000000000000000000000000000000000000000000000000000000|0|3|rt4_TMB-5_MAP_g2_01157.r24|2|1|RICH|694|0|1700|0000000000000000000000000000000000000000000000000000000000000000|RICH|1|694|DISP=ACCEPT_INSTALL|DETAIL=rt3_map_g2
0000000000000000000000000000000000000000000000000000000000000000|0000000000000000000000000000000000000000000000000000000000000000|0|3|rt4_TMB-5_MAP_g2_01158.r24|2|1|RICH|696|0|1700|0000000000000000000000000000000000000000000000000000000000000000|RICH|1|696|DISP=ACCEPT_INSTALL|DETAIL=rt3_map_g2
0000000000000000000000000000000000000000000000000000000000000000|0000000000000000000000000000000000000000000000000000000000000000|0|3|rt4_TMB-5_MAP_g2_01159.r24|2|1|RICH|698|0|1700|0000000000000000000000000000000000000000000000000000000000000000|RICH|1|698|DISP=ACCEPT_INSTALL|DETAIL=rt3_map_g2
0000000000000000000000000000000000000000000000000000000000000000|0000000000000000000000000000000000000000000000000000000000000000|0|3|rt4_TMB-5_MAP_g2_01160.r24|2|1|RICH|700|0|1700|0000000000000000000000000000000000000000000000000000000000000000|RICH|1|700|DISP=ACCEPT_INSTALL|DETAIL=rt3_map_g2
0000000000000000000000000000000000000000000000000000000000000000|0000000000000000000000000000000000000000000000000000000000000000|0|3|rt4_TMB-5_MAP_g2_01161.r24|2|1|RICH|702|0|1700|0000000000000000000000000000000000000000000000000000000000000000|RICH|1|702|DISP=ACCEPT_INSTALL|DETAIL=rt3_map_g2
0000000000000000000000000000000000000000000000000000000000000000|0000000000000000000000000000000000000000000000000000000000000000|0|3|rt4_TMB-5_MAP_g2_01162.r24|2|1|RICH|704|0|1700|0000000000000000000000000000000000000000000000000000000000000000|RICH|1|704|DISP=ACCEPT_INSTALL|DETAIL=rt3_map_g2
0000000000000000000000000000000000000000000000000000000000000000|0000000000000000000000000000000000000000000000000000000000000000|0|3|rt4_TMB-5_MAP_g2_01163.r24|2|1|RICH|706|0|1700|0000000000000000000000000000000000000000000000000000000000000000|RICH|1|706|DISP=ACCEPT_INSTALL|DETAIL=rt3_map_g2
0000000000000000000000000000000000000000000000000000000000000000|0000000000000000000000000000000000000000000000000000000000000000|0|3|rt4_TMB-5_MAP_g2_01164.r24|2|1|RICH|708|0|1700|0000000000000000000000000000000000000000000000000000000000000000|RICH|1|708|DISP=ACCEPT_INSTALL|DETAIL=rt3_map_g2
0000000000000000000000000000000000000000000000000000000000000000|0000000000000000000000000000000000000000000000000000000000000000|0|3|rt4_TMB-5_MAP_g2_01165.r24|2|1|RICH|710|0|1700|0000000000000000000000000000000000000000000000000000000000000000|RICH|1|710|DISP=ACCEPT_INSTALL|DETAIL=rt3_map_g2
0000000000000000000000000000000000000000000000000000000000000000|0000000000000000000000000000000000000000000000000000000000000000|0|3|rt4_TMB-5_MAP_g2_01166.r24|2|1|RICH|712|0|1700|0000000000000000000000000000000000000000000000000000000000000000|RICH|1|712|DISP=ACCEPT_INSTALL|DETAIL=rt3_map_g2
0000000000000000000000000000000000000000000000000000000000000000|0000000000000000000000000000000000000000000000000000000000000000|0|3|rt4_TMB-5_MAP_g2_01167.r24|2|1|RICH|714|0|1700|0000000000000000000000000000000000000000000000000000000000000000|RICH|1|714|DISP=ACCEPT_INSTALL|DETAIL=rt3_map_g2
0000000000000000000000000000000000000000000000000000000000000000|0000000000000000000000000000000000000000000000000000000000000000|0|3|rt4_TMB-5_MAP_g2_01168.r24|2|1|RICH|716|0|1700|0000000000000000000000000000000000000000000000000000000000000000|RICH|1|716|DISP=ACCEPT_INSTALL|DETAIL=rt3_map_g2
0000000000000000000000000000000000000000000000000000000000000000|0000000000000000000000000000000000000000000000000000000000000000|0|3|rt4_TMB-5_MAP_g2_01169.r24|2|1|RICH|718|0|1700|0000000000000000000000000000000000000000000000000000000000000000|RICH|1|718|DISP=ACCEPT_INSTALL|DETAIL=rt3_map_g2
0000000000000000000000000000000000000000000000000000000000000000|0000000000000000000000000000000000000000000000000000000000000000|0|3|rt4_TMB-5_MAP_g2_01170.r24|2|1|RICH|720|0|1700|0000000000000000000000000000000000000000000000000000000000000000|RICH|1|720|DISP=ACCEPT_INSTALL|DETAIL=rt3_map_g2
0000000000000000000000000000000000000000000000000000000000000000|0000000000000000000000000000000000000000000000000000000000000000|0|3|rt4_TMB-5_MAP_g2_01171.r24|2|1|RICH|722|0|1700|0000000000000000000000000000000000000000000000000000000000000000|RICH|1|722|DISP=ACCEPT_INSTALL|DETAIL=rt3_map_g2
0000000000000000000000000000000000000000000000000000000000000000|0000000000000000000000000000000000000000000000000000000000000000|0|3|rt4_TMB-5_MAP_g2_01172.r24|2|1|RICH|724|0|1700|0000000000000000000000000000000000000000000000000000000000000000|RICH|1|724|DISP=ACCEPT_INSTALL|DETAIL=rt3_map_g2
0000000000000000000000000000000000000000000000000000000000000000|0000000000000000000000000000000000000000000000000000000000000000|0|3|rt4_TMB-5_MAP_g2_01173.r24|2|1|RICH|726|0|1700|0000000000000000000000000000000000000000000000000000000000000000|RICH|1|726|DISP=ACCEPT_INSTALL|DETAIL=rt3_map_g2
0000000000000000000000000000000000000000000000000000000000000000|0000000000000000000000000000000000000000000000000000000000000000|0|3|rt4_TMB-5_MAP_g2_01174.r24|2|1|RICH|728|0|1700|0000000000000000000000000000000000000000000000000000000000000000|RICH|1|728|DISP=ACCEPT_INSTALL|DETAIL=rt3_map_g2
0000000000000000000000000000000000000000000000000000000000000000|0000000000000000000000000000000000000000000000000000000000000000|0|3|rt4_TMB-5_MAP_g2_01175.r24|2|1|RICH|730|0|1700|0000000000000000000000000000000000000000000000000000000000000000|RICH|1|730|DISP=ACCEPT_INSTALL|DETAIL=rt3_map_g2
0000000000000000000000000000000000000000000000000000000000000000|0000000000000000000000000000000000000000000000000000000000000000|0|3|rt4_TMB-5_MAP_g2_01176.r24|2|1|RICH|690|0|1720|0000000000000000000000000000000000000000000000000000000000000000|RICH|1|690|DISP=ACCEPT_INSTALL|DETAIL=rt3_map_g2
0000000000000000000000000000000000000000000000000000000000000000|0000000000000000000000000000000000000000000000000000000000000000|0|3|rt4_TMB-5_MAP_g2_01177.r24|2|1|RICH|692|0|1720|0000000000000000000000000000000000000000000000000000000000000000|RICH|1|692|DISP=ACCEPT_INSTALL|DETAIL=rt3_map_g2
0000000000000000000000000000000000000000000000000000000000000000|0000000000000000000000000000000000000000000000000000000000000000|0|3|rt4_TMB-5_MAP_g2_01178.r24|2|1|RICH|694|0|1720|0000000000000000000000000000000000000000000000000000000000000000|RICH|1|694|DISP=ACCEPT_INSTALL|DETAIL=rt3_map_g2
0000000000000000000000000000000000000000000000000000000000000000|0000000000000000000000000000000000000000000000000000000000000000|0|3|rt4_TMB-5_MAP_g2_01179.r24|2|1|RICH|696|0|1720|0000000000000000000000000000000000000000000000000000000000000000|RICH|1|696|DISP=ACCEPT_INSTALL|DETAIL=rt3_map_g2
0000000000000000000000000000000000000000000000000000000000000000|0000000000000000000000000000000000000000000000000000000000000000|0|3|rt4_TMB-5_MAP_g2_01180.r24|2|1|RICH|698|0|1720|0000000000000000000000000000000000000000000000000000000000000000|RICH|1|698|DISP=ACCEPT_INSTALL|DETAIL=rt3_map_g2
0000000000000000000000000000000000000000000000000000000000000000|0000000000000000000000000000000000000000000000000000000000000000|0|3|rt4_TMB-5_MAP_g2_01181.r24|2|1|RICH|700|0|1720|0000000000000000000000000000000000000000000000000000000000000000|RICH|1|700|DISP=ACCEPT_INSTALL|DETAIL=rt3_map_g2
0000000000000000000000000000000000000000000000000000000000000000|0000000000000000000000000000000000000000000000000000000000000000|0|3|rt4_TMB-5_MAP_g2_01182.r24|2|1|RICH|702|0|1720|0000000000000000000000000000000000000000000000000000000000000000|RICH|1|702|DISP=ACCEPT_INSTALL|DETAIL=rt3_map_g2
0000000000000000000000000000000000000000000000000000000000000000|0000000000000000000000000000000000000000000000000000000000000000|0|3|rt4_TMB-5_MAP_g2_01183.r24|2|1|RICH|704|0|1720|0000000000000000000000000000000000000000000000000000000000000000|RICH|1|704|DISP=ACCEPT_INSTALL|DETAIL=rt3_map_g2
0000000000000000000000000000000000000000000000000000000000000000|0000000000000000000000000000000000000000000000000000000000000000|0|3|rt4_TMB-5_MAP_g2_01184.r24|2|1|RICH|706|0|1720|0000000000000000000000000000000000000000000000000000000000000000|RICH|1|706|DISP=ACCEPT_INSTALL|DETAIL=rt3_map_g2
0000000000000000000000000000000000000000000000000000000000000000|0000000000000000000000000000000000000000000000000000000000000000|0|3|rt4_TMB-5_MAP_g2_01185.r24|2|1|RICH|708|0|1720|0000000000000000000000000000000000000000000000000000000000000000|RICH|1|708|DISP=ACCEPT_INSTALL|DETAIL=rt3_map_g2
0000000000000000000000000000000000000000000000000000000000000000|0000000000000000000000000000000000000000000000000000000000000000|0|3|rt4_TMB-5_MAP_g2_01186.r24|2|1|RICH|710|0|1720|0000000000000000000000000000000000000000000000000000000000000000|RICH|1|710|DISP=ACCEPT_INSTALL|DETAIL=rt3_map_g2
0000000000000000000000000000000000000000000000000000000000000000|0000000000000000000000000000000000000000000000000000000000000000|0|3|rt4_TMB-5_MAP_g2_01187.r24|2|1|RICH|712|0|1720|0000000000000000000000000000000000000000000000000000000000000000|RICH|1|712|DISP=ACCEPT_INSTALL|DETAIL=rt3_map_g2
0000000000000000000000000000000000000000000000000000000000000000|0000000000000000000000000000000000000000000000000000000000000000|0|3|rt4_TMB-5_MAP_g2_01188.r24|2|1|RICH|714|0|1720|0000000000000000000000000000000000000000000000000000000000000000|RICH|1|714|DISP=ACCEPT_INSTALL|DETAIL=rt3_map_g2
0000000000000000000000000000000000000000000000000000000000000000|0000000000000000000000000000000000000000000000000000000000000000|0|3|rt4_TMB-5_MAP_g2_01189.r24|2|1|RICH|716|0|1720|0000000000000000000000000000000000000000000000000000000000000000|RICH|1|716|DISP=ACCEPT_INSTALL|DETAIL=rt3_map_g2
0000000000000000000000000000000000000000000000000000000000000000|0000000000000000000000000000000000000000000000000000000000000000|0|3|rt4_TMB-5_MAP_g2_01190.r24|2|1|RICH|718|0|1720|0000000000000000000000000000000000000000000000000000000000000000|RICH|1|718|DISP=ACCEPT_INSTALL|DETAIL=rt3_map_g2
0000000000000000000000000000000000000000000000000000000000000000|0000000000000000000000000000000000000000000000000000000000000000|0|3|rt4_TMB-5_MAP_g2_01191.r24|2|1|RICH|720|0|1720|0000000000000000000000000000000000000000000000000000000000000000|RICH|1|720|DISP=ACCEPT_INSTALL|DETAIL=rt3_map_g2
0000000000000000000000000000000000000000000000000000000000000000|0000000000000000000000000000000000000000000000000000000000000000|0|3|rt4_TMB-5_MAP_g2_01192.r24|2|1|RICH|722|0|1720|0000000000000000000000000000000000000000000000000000000000000000|RICH|1|722|DISP=ACCEPT_INSTALL|DETAIL=rt3_map_g2
0000000000000000000000000000000000000000000000000000000000000000|0000000000000000000000000000000000000000000000000000000000000000|0|3|rt4_TMB-5_MAP_g2_01193.r24|2|1|RICH|724|0|1720|0000000000000000000000000000000000000000000000000000000000000000|RICH|1|724|DISP=ACCEPT_INSTALL|DETAIL=rt3_map_g2
0000000000000000000000000000000000000000000000000000000000000000|0000000000000000000000000000000000000000000000000000000000000000|0|3|rt4_TMB-5_MAP_g2_01194.r24|2|1|RICH|726|0|1720|0000000000000000000000000000000000000000000000000000000000000000|RICH|1|726|DISP=ACCEPT_INSTALL|DETAIL=rt3_map_g2
0000000000000000000000000000000000000000000000000000000000000000|0000000000000000000000000000000000000000000000000000000000000000|0|3|rt4_TMB-5_MAP_g2_01195.r24|2|1|RICH|728|0|1720|0000000000000000000000000000000000000000000000000000000000000000|RICH|1|728|DISP=ACCEPT_INSTALL|DETAIL=rt3_map_g2
0000000000000000000000000000000000000000000000000000000000000000|0000000000000000000000000000000000000000000000000000000000000000|0|3|rt4_TMB-5_MAP_g2_01196.r24|2|1|RICH|730|0|1720|0000000000000000000000000000000000000000000000000000000000000000|RICH|1|730|DISP=ACCEPT_INSTALL|DETAIL=rt3_map_g2
0000000000000000000000000000000000000000000000000000000000000000|0000000000000000000000000000000000000000000000000000000000000000|0|3|rt4_TMB-5_MAP_g2_01197.r24|2|1|RICH|690|0|1740|0000000000000000000000000000000000000000000000000000000000000000|RICH|1|690|DISP=ACCEPT_INSTALL|DETAIL=rt3_map_g2
0000000000000000000000000000000000000000000000000000000000000000|0000000000000000000000000000000000000000000000000000000000000000|0|3|rt4_TMB-5_MAP_g2_01198.r24|2|1|RICH|692|0|1740|0000000000000000000000000000000000000000000000000000000000000000|RICH|1|692|DISP=ACCEPT_INSTALL|DETAIL=rt3_map_g2
0000000000000000000000000000000000000000000000000000000000000000|0000000000000000000000000000000000000000000000000000000000000000|0|3|rt4_TMB-5_MAP_g2_01199.r24|2|1|RICH|694|0|1740|0000000000000000000000000000000000000000000000000000000000000000|RICH|1|694|DISP=ACCEPT_INSTALL|DETAIL=rt3_map_g2
0000000000000000000000000000000000000000000000000000000000000000|0000000000000000000000000000000000000000000000000000000000000000|0|3|rt4_TMB-5_MAP_g2_01200.r24|2|1|RICH|696|0|1740|0000000000000000000000000000000000000000000000000000000000000000|RICH|1|696|DISP=ACCEPT_INSTALL|DETAIL=rt3_map_g2
0000000000000000000000000000000000000000000000000000000000000000|0000000000000000000000000000000000000000000000000000000000000000|0|3|rt4_TMB-5_MAP_g2_01201.r24|2|1|RICH|698|0|1740|0000000000000000000000000000000000000000000000000000000000000000|RICH|1|698|DISP=ACCEPT_INSTALL|DETAIL=rt3_map_g2
0000000000000000000000000000000000000000000000000000000000000000|0000000000000000000000000000000000000000000000000000000000000000|0|3|rt4_TMB-5_MAP_g2_01202.r24|2|1|RICH|700|0|1740|0000000000000000000000000000000000000000000000000000000000000000|RICH|1|700|DISP=ACCEPT_INSTALL|DETAIL=rt3_map_g2
0000000000000000000000000000000000000000000000000000000000000000|0000000000000000000000000000000000000000000000000000000000000000|0|3|rt4_TMB-5_MAP_g2_01203.r24|2|1|RICH|702|0|1740|0000000000000000000000000000000000000000000000000000000000000000|RICH|1|702|DISP=ACCEPT_INSTALL|DETAIL=rt3_map_g2
0000000000000000000000000000000000000000000000000000000000000000|0000000000000000000000000000000000000000000000000000000000000000|0|3|rt4_TMB-5_MAP_g2_01204.r24|2|1|RICH|704|0|1740|0000000000000000000000000000000000000000000000000000000000000000|RICH|1|704|DISP=ACCEPT_INSTALL|DETAIL=rt3_map_g2
0000000000000000000000000000000000000000000000000000000000000000|0000000000000000000000000000000000000000000000000000000000000000|0|3|rt4_TMB-5_MAP_g2_01205.r24|2|1|RICH|706|0|1740|0000000000000000000000000000000000000000000000000000000000000000|RICH|1|706|DISP=ACCEPT_INSTALL|DETAIL=rt3_map_g2
0000000000000000000000000000000000000000000000000000000000000000|0000000000000000000000000000000000000000000000000000000000000000|0|3|rt4_TMB-5_MAP_g2_01206.r24|2|1|RICH|708|0|1740|0000000000000000000000000000000000000000000000000000000000000000|RICH|1|708|DISP=ACCEPT_INSTALL|DETAIL=rt3_map_g2
0000000000000000000000000000000000000000000000000000000000000000|0000000000000000000000000000000000000000000000000000000000000000|0|3|rt4_TMB-5_MAP_g2_01207.r24|2|1|RICH|710|0|1740|0000000000000000000000000000000000000000000000000000000000000000|RICH|1|710|DISP=ACCEPT_INSTALL|DETAIL=rt3_map_g2
0000000000000000000000000000000000000000000000000000000000000000|0000000000000000000000000000000000000000000000000000000000000000|0|3|rt4_TMB-5_MAP_g2_01208.r24|2|1|RICH|712|0|1740|0000000000000000000000000000000000000000000000000000000000000000|RICH|1|712|DISP=ACCEPT_INSTALL|DETAIL=rt3_map_g2
0000000000000000000000000000000000000000000000000000000000000000|0000000000000000000000000000000000000000000000000000000000000000|0|3|rt4_TMB-5_MAP_g2_01209.r24|2|1|RICH|714|0|1740|0000000000000000000000000000000000000000000000000000000000000000|RICH|1|714|DISP=ACCEPT_INSTALL|DETAIL=rt3_map_g2
0000000000000000000000000000000000000000000000000000000000000000|0000000000000000000000000000000000000000000000000000000000000000|0|3|rt4_TMB-5_MAP_g2_01210.r24|2|1|RICH|716|0|1740|0000000000000000000000000000000000000000000000000000000000000000|RICH|1|716|DISP=ACCEPT_INSTALL|DETAIL=rt3_map_g2
0000000000000000000000000000000000000000000000000000000000000000|0000000000000000000000000000000000000000000000000000000000000000|0|3|rt4_TMB-5_MAP_g2_01211.r24|2|1|RICH|718|0|1740|0000000000000000000000000000000000000000000000000000000000000000|RICH|1|718|DISP=ACCEPT_INSTALL|DETAIL=rt3_map_g2
0000000000000000000000000000000000000000000000000000000000000000|0000000000000000000000000000000000000000000000000000000000000000|0|3|rt4_TMB-5_MAP_g2_01212.r24|2|1|RICH|720|0|1740|0000000000000000000000000000000000000000000000000000000000000000|RICH|1|720|DISP=ACCEPT_INSTALL|DETAIL=rt3_map_g2
0000000000000000000000000000000000000000000000000000000000000000|0000000000000000000000000000000000000000000000000000000000000000|0|3|rt4_TMB-5_MAP_g2_01213.r24|2|1|RICH|722|0|1740|0000000000000000000000000000000000000000000000000000000000000000|RICH|1|722|DISP=ACCEPT_INSTALL|DETAIL=rt3_map_g2
0000000000000000000000000000000000000000000000000000000000000000|0000000000000000000000000000000000000000000000000000000000000000|0|3|rt4_TMB-5_MAP_g2_01214.r24|2|1|RICH|724|0|1740|0000000000000000000000000000000000000000000000000000000000000000|RICH|1|724|DISP=ACCEPT_INSTALL|DETAIL=rt3_map_g2
0000000000000000000000000000000000000000000000000000000000000000|0000000000000000000000000000000000000000000000000000000000000000|0|3|rt4_TMB-5_MAP_g2_01215.r24|2|1|RICH|726|0|1740|0000000000000000000000000000000000000000000000000000000000000000|RICH|1|726|DISP=ACCEPT_INSTALL|DETAIL=rt3_map_g2
0000000000000000000000000000000000000000000000000000000000000000|0000000000000000000000000000000000000000000000000000000000000000|0|3|rt4_TMB-5_MAP_g2_01216.r24|2|1|RICH|728|0|1740|0000000000000000000000000000000000000000000000000000000000000000|RICH|1|728|DISP=ACCEPT_INSTALL|DETAIL=rt3_map_g2
0000000000000000000000000000000000000000000000000000000000000000|0000000000000000000000000000000000000000000000000000000000000000|0|3|rt4_TMB-5_MAP_g2_01217.r24|2|1|RICH|730|0|1740|0000000000000000000000000000000000000000000000000000000000000000|RICH|1|730|DISP=ACCEPT_INSTALL|DETAIL=rt3_map_g2
0000000000000000000000000000000000000000000000000000000000000000|0000000000000000000000000000000000000000000000000000000000000000|0|3|rt4_TMB-5_MAP_g2_01218.r24|2|1|RICH|690|0|1760|0000000000000000000000000000000000000000000000000000000000000000|RICH|1|690|DISP=ACCEPT_INSTALL|DETAIL=rt3_map_g2
0000000000000000000000000000000000000000000000000000000000000000|0000000000000000000000000000000000000000000000000000000000000000|0|3|rt4_TMB-5_MAP_g2_01219.r24|2|1|RICH|692|0|1760|0000000000000000000000000000000000000000000000000000000000000000|RICH|1|692|DISP=ACCEPT_INSTALL|DETAIL=rt3_map_g2
0000000000000000000000000000000000000000000000000000000000000000|0000000000000000000000000000000000000000000000000000000000000000|0|3|rt4_TMB-5_MAP_g2_01220.r24|2|1|RICH|694|0|1760|0000000000000000000000000000000000000000000000000000000000000000|RICH|1|694|DISP=ACCEPT_INSTALL|DETAIL=rt3_map_g2
0000000000000000000000000000000000000000000000000000000000000000|0000000000000000000000000000000000000000000000000000000000000000|0|3|rt4_TMB-5_MAP_g2_01221.r24|2|1|RICH|696|0|1760|0000000000000000000000000000000000000000000000000000000000000000|RICH|1|696|DISP=ACCEPT_INSTALL|DETAIL=rt3_map_g2
0000000000000000000000000000000000000000000000000000000000000000|0000000000000000000000000000000000000000000000000000000000000000|0|3|rt4_TMB-5_MAP_g2_01222.r24|2|1|RICH|698|0|1760|0000000000000000000000000000000000000000000000000000000000000000|RICH|1|698|DISP=ACCEPT_INSTALL|DETAIL=rt3_map_g2
0000000000000000000000000000000000000000000000000000000000000000|0000000000000000000000000000000000000000000000000000000000000000|0|3|rt4_TMB-5_MAP_g2_01223.r24|2|1|RICH|700|0|1760|0000000000000000000000000000000000000000000000000000000000000000|RICH|1|700|DISP=ACCEPT_INSTALL|DETAIL=rt3_map_g2
0000000000000000000000000000000000000000000000000000000000000000|0000000000000000000000000000000000000000000000000000000000000000|0|3|rt4_TMB-5_MAP_g2_01224.r24|2|1|RICH|702|0|1760|0000000000000000000000000000000000000000000000000000000000000000|RICH|1|702|DISP=ACCEPT_INSTALL|DETAIL=rt3_map_g2
0000000000000000000000000000000000000000000000000000000000000000|0000000000000000000000000000000000000000000000000000000000000000|0|3|rt4_TMB-5_MAP_g2_01225.r24|2|1|RICH|704|0|1760|0000000000000000000000000000000000000000000000000000000000000000|RICH|1|704|DISP=ACCEPT_INSTALL|DETAIL=rt3_map_g2
0000000000000000000000000000000000000000000000000000000000000000|0000000000000000000000000000000000000000000000000000000000000000|0|3|rt4_TMB-5_MAP_g2_01226.r24|2|1|RICH|706|0|1760|0000000000000000000000000000000000000000000000000000000000000000|RICH|1|706|DISP=ACCEPT_INSTALL|DETAIL=rt3_map_g2
0000000000000000000000000000000000000000000000000000000000000000|0000000000000000000000000000000000000000000000000000000000000000|0|3|rt4_TMB-5_MAP_g2_01227.r24|2|1|RICH|708|0|1760|0000000000000000000000000000000000000000000000000000000000000000|RICH|1|708|DISP=ACCEPT_INSTALL|DETAIL=rt3_map_g2
0000000000000000000000000000000000000000000000000000000000000000|0000000000000000000000000000000000000000000000000000000000000000|0|3|rt4_TMB-5_MAP_g2_01228.r24|2|1|RICH|710|0|1760|0000000000000000000000000000000000000000000000000000000000000000|RICH|1|710|DISP=ACCEPT_INSTALL|DETAIL=rt3_map_g2
0000000000000000000000000000000000000000000000000000000000000000|0000000000000000000000000000000000000000000000000000000000000000|0|3|rt4_TMB-5_MAP_g2_01229.r24|2|1|RICH|712|0|1760|0000000000000000000000000000000000000000000000000000000000000000|RICH|1|712|DISP=ACCEPT_INSTALL|DETAIL=rt3_map_g2
0000000000000000000000000000000000000000000000000000000000000000|0000000000000000000000000000000000000000000000000000000000000000|0|3|rt4_TMB-5_MAP_g2_01230.r24|2|1|RICH|714|0|1760|0000000000000000000000000000000000000000000000000000000000000000|RICH|1|714|DISP=ACCEPT_INSTALL|DETAIL=rt3_map_g2
0000000000000000000000000000000000000000000000000000000000000000|0000000000000000000000000000000000000000000000000000000000000000|0|3|rt4_TMB-5_MAP_g2_01231.r24|2|1|RICH|716|0|1760|0000000000000000000000000000000000000000000000000000000000000000|RICH|1|716|DISP=ACCEPT_INSTALL|DETAIL=rt3_map_g2
0000000000000000000000000000000000000000000000000000000000000000|0000000000000000000000000000000000000000000000000000000000000000|0|3|rt4_TMB-5_MAP_g2_01232.r24|2|1|RICH|718|0|1760|0000000000000000000000000000000000000000000000000000000000000000|RICH|1|718|DISP=ACCEPT_INSTALL|DETAIL=rt3_map_g2
0000000000000000000000000000000000000000000000000000000000000000|0000000000000000000000000000000000000000000000000000000000000000|0|3|rt4_TMB-5_MAP_g2_01233.r24|2|1|RICH|720|0|1760|0000000000000000000000000000000000000000000000000000000000000000|RICH|1|720|DISP=ACCEPT_INSTALL|DETAIL=rt3_map_g2
0000000000000000000000000000000000000000000000000000000000000000|0000000000000000000000000000000000000000000000000000000000000000|0|3|rt4_TMB-5_MAP_g2_01234.r24|2|1|RICH|722|0|1760|0000000000000000000000000000000000000000000000000000000000000000|RICH|1|722|DISP=ACCEPT_INSTALL|DETAIL=rt3_map_g2
0000000000000000000000000000000000000000000000000000000000000000|0000000000000000000000000000000000000000000000000000000000000000|0|3|rt4_TMB-5_MAP_g2_01235.r24|2|1|RICH|724|0|1760|0000000000000000000000000000000000000000000000000000000000000000|RICH|1|724|DISP=ACCEPT_INSTALL|DETAIL=rt3_map_g2
0000000000000000000000000000000000000000000000000000000000000000|0000000000000000000000000000000000000000000000000000000000000000|0|3|rt4_TMB-5_MAP_g2_01236.r24|2|1|RICH|726|0|1760|0000000000000000000000000000000000000000000000000000000000000000|RICH|1|726|DISP=ACCEPT_INSTALL|DETAIL=rt3_map_g2
0000000000000000000000000000000000000000000000000000000000000000|0000000000000000000000000000000000000000000000000000000000000000|0|3|rt4_TMB-5_MAP_g2_01237.r24|2|1|RICH|728|0|1760|0000000000000000000000000000000000000000000000000000000000000000|RICH|1|728|DISP=ACCEPT_INSTALL|DETAIL=rt3_map_g2
0000000000000000000000000000000000000000000000000000000000000000|0000000000000000000000000000000000000000000000000000000000000000|0|3|rt4_TMB-5_MAP_g2_01238.r24|2|1|RICH|730|0|1760|0000000000000000000000000000000000000000000000000000000000000000|RICH|1|730|DISP=ACCEPT_INSTALL|DETAIL=rt3_map_g2
0000000000000000000000000000000000000000000000000000000000000000|0000000000000000000000000000000000000000000000000000000000000000|0|3|rt4_TMB-5_MAP_g2_01239.r24|2|1|RICH|690|0|1780|0000000000000000000000000000000000000000000000000000000000000000|RICH|1|690|DISP=ACCEPT_INSTALL|DETAIL=rt3_map_g2
0000000000000000000000000000000000000000000000000000000000000000|0000000000000000000000000000000000000000000000000000000000000000|0|3|rt4_TMB-5_MAP_g2_01240.r24|2|1|RICH|692|0|1780|0000000000000000000000000000000000000000000000000000000000000000|RICH|1|692|DISP=ACCEPT_INSTALL|DETAIL=rt3_map_g2
0000000000000000000000000000000000000000000000000000000000000000|0000000000000000000000000000000000000000000000000000000000000000|0|3|rt4_TMB-5_MAP_g2_01241.r24|2|1|RICH|694|0|1780|0000000000000000000000000000000000000000000000000000000000000000|RICH|1|694|DISP=ACCEPT_INSTALL|DETAIL=rt3_map_g2
0000000000000000000000000000000000000000000000000000000000000000|0000000000000000000000000000000000000000000000000000000000000000|0|3|rt4_TMB-5_MAP_g2_01242.r24|2|1|RICH|696|0|1780|0000000000000000000000000000000000000000000000000000000000000000|RICH|1|696|DISP=ACCEPT_INSTALL|DETAIL=rt3_map_g2
0000000000000000000000000000000000000000000000000000000000000000|0000000000000000000000000000000000000000000000000000000000000000|0|3|rt4_TMB-5_MAP_g2_01243.r24|2|1|RICH|698|0|1780|0000000000000000000000000000000000000000000000000000000000000000|RICH|1|698|DISP=ACCEPT_INSTALL|DETAIL=rt3_map_g2
0000000000000000000000000000000000000000000000000000000000000000|0000000000000000000000000000000000000000000000000000000000000000|0|3|rt4_TMB-5_MAP_g2_01244.r24|2|1|RICH|700|0|1780|0000000000000000000000000000000000000000000000000000000000000000|RICH|1|700|DISP=ACCEPT_INSTALL|DETAIL=rt3_map_g2
0000000000000000000000000000000000000000000000000000000000000000|0000000000000000000000000000000000000000000000000000000000000000|0|3|rt4_TMB-5_MAP_g2_01245.r24|2|1|RICH|702|0|1780|0000000000000000000000000000000000000000000000000000000000000000|RICH|1|702|DISP=ACCEPT_INSTALL|DETAIL=rt3_map_g2
0000000000000000000000000000000000000000000000000000000000000000|0000000000000000000000000000000000000000000000000000000000000000|0|3|rt4_TMB-5_MAP_g2_01246.r24|2|1|RICH|704|0|1780|0000000000000000000000000000000000000000000000000000000000000000|RICH|1|704|DISP=ACCEPT_INSTALL|DETAIL=rt3_map_g2
0000000000000000000000000000000000000000000000000000000000000000|0000000000000000000000000000000000000000000000000000000000000000|0|3|rt4_TMB-5_MAP_g2_01247.r24|2|1|RICH|706|0|1780|0000000000000000000000000000000000000000000000000000000000000000|RICH|1|706|DISP=ACCEPT_INSTALL|DETAIL=rt3_map_g2
0000000000000000000000000000000000000000000000000000000000000000|0000000000000000000000000000000000000000000000000000000000000000|0|3|rt4_TMB-5_MAP_g2_01248.r24|2|1|RICH|708|0|1780|0000000000000000000000000000000000000000000000000000000000000000|RICH|1|708|DISP=ACCEPT_INSTALL|DETAIL=rt3_map_g2
0000000000000000000000000000000000000000000000000000000000000000|0000000000000000000000000000000000000000000000000000000000000000|0|3|rt4_TMB-5_MAP_g2_01249.r24|2|1|RICH|710|0|1780|0000000000000000000000000000000000000000000000000000000000000000|RICH|1|710|DISP=ACCEPT_INSTALL|DETAIL=rt3_map_g2
0000000000000000000000000000000000000000000000000000000000000000|0000000000000000000000000000000000000000000000000000000000000000|0|3|rt4_TMB-5_MAP_g2_01250.r24|2|1|RICH|712|0|1780|0000000000000000000000000000000000000000000000000000000000000000|RICH|1|712|DISP=ACCEPT_INSTALL|DETAIL=rt3_map_g2
0000000000000000000000000000000000000000000000000000000000000000|0000000000000000000000000000000000000000000000000000000000000000|0|3|rt4_TMB-5_MAP_g2_01251.r24|2|1|RICH|714|0|1780|0000000000000000000000000000000000000000000000000000000000000000|RICH|1|714|DISP=ACCEPT_INSTALL|DETAIL=rt3_map_g2
0000000000000000000000000000000000000000000000000000000000000000|0000000000000000000000000000000000000000000000000000000000000000|0|3|rt4_TMB-5_MAP_g2_01252.r24|2|1|RICH|716|0|1780|0000000000000000000000000000000000000000000000000000000000000000|RICH|1|716|DISP=ACCEPT_INSTALL|DETAIL=rt3_map_g2
0000000000000000000000000000000000000000000000000000000000000000|0000000000000000000000000000000000000000000000000000000000000000|0|3|rt4_TMB-5_MAP_g2_01253.r24|2|1|RICH|718|0|1780|0000000000000000000000000000000000000000000000000000000000000000|RICH|1|718|DISP=ACCEPT_INSTALL|DETAIL=rt3_map_g2
0000000000000000000000000000000000000000000000000000000000000000|0000000000000000000000000000000000000000000000000000000000000000|0|3|rt4_TMB-5_MAP_g2_01254.r24|2|1|RICH|720|0|1780|0000000000000000000000000000000000000000000000000000000000000000|RICH|1|720|DISP=ACCEPT_INSTALL|DETAIL=rt3_map_g2
0000000000000000000000000000000000000000000000000000000000000000|0000000000000000000000000000000000000000000000000000000000000000|0|3|rt4_TMB-5_MAP_g2_01255.r24|2|1|RICH|722|0|1780|0000000000000000000000000000000000000000000000000000000000000000|RICH|1|722|DISP=ACCEPT_INSTALL|DETAIL=rt3_map_g2
0000000000000000000000000000000000000000000000000000000000000000|0000000000000000000000000000000000000000000000000000000000000000|0|3|rt4_TMB-5_MAP_g2_01256.r24|2|1|RICH|724|0|1780|0000000000000000000000000000000000000000000000000000000000000000|RICH|1|724|DISP=ACCEPT_INSTALL|DETAIL=rt3_map_g2
0000000000000000000000000000000000000000000000000000000000000000|0000000000000000000000000000000000000000000000000000000000000000|0|3|rt4_TMB-5_MAP_g2_01257.r24|2|1|RICH|726|0|1780|0000000000000000000000000000000000000000000000000000000000000000|RICH|1|726|DISP=ACCEPT_INSTALL|DETAIL=rt3_map_g2
0000000000000000000000000000000000000000000000000000000000000000|0000000000000000000000000000000000000000000000000000000000000000|0|3|rt4_TMB-5_MAP_g2_01258.r24|2|1|RICH|728|0|1780|0000000000000000000000000000000000000000000000000000000000000000|RICH|1|728|DISP=ACCEPT_INSTALL|DETAIL=rt3_map_g2
0000000000000000000000000000000000000000000000000000000000000000|0000000000000000000000000000000000000000000000000000000000000000|0|3|rt4_TMB-5_MAP_g2_01259.r24|2|1|RICH|730|0|1780|0000000000000000000000000000000000000000000000000000000000000000|RICH|1|730|DISP=ACCEPT_INSTALL|DETAIL=rt3_map_g2
0000000000000000000000000000000000000000000000000000000000000000|0000000000000000000000000000000000000000000000000000000000000000|0|3|rt4_TMB-5_MAP_g2_01260.r24|2|1|RICH|690|0|1800|0000000000000000000000000000000000000000000000000000000000000000|RICH|1|690|DISP=ACCEPT_INSTALL|DETAIL=rt3_map_g2
0000000000000000000000000000000000000000000000000000000000000000|0000000000000000000000000000000000000000000000000000000000000000|0|3|rt4_TMB-5_MAP_g2_01261.r24|2|1|RICH|692|0|1800|0000000000000000000000000000000000000000000000000000000000000000|RICH|1|692|DISP=ACCEPT_INSTALL|DETAIL=rt3_map_g2
0000000000000000000000000000000000000000000000000000000000000000|0000000000000000000000000000000000000000000000000000000000000000|0|3|rt4_TMB-5_MAP_g2_01262.r24|2|1|RICH|694|0|1800|0000000000000000000000000000000000000000000000000000000000000000|RICH|1|694|DISP=ACCEPT_INSTALL|DETAIL=rt3_map_g2
0000000000000000000000000000000000000000000000000000000000000000|0000000000000000000000000000000000000000000000000000000000000000|0|3|rt4_TMB-5_MAP_g2_01263.r24|2|1|RICH|696|0|1800|0000000000000000000000000000000000000000000000000000000000000000|RICH|1|696|DISP=ACCEPT_INSTALL|DETAIL=rt3_map_g2
0000000000000000000000000000000000000000000000000000000000000000|0000000000000000000000000000000000000000000000000000000000000000|0|3|rt4_TMB-5_MAP_g2_01264.r24|2|1|RICH|698|0|1800|0000000000000000000000000000000000000000000000000000000000000000|RICH|1|698|DISP=ACCEPT_INSTALL|DETAIL=rt3_map_g2
0000000000000000000000000000000000000000000000000000000000000000|0000000000000000000000000000000000000000000000000000000000000000|0|3|rt4_TMB-5_MAP_g2_01265.r24|2|1|RICH|700|0|1800|0000000000000000000000000000000000000000000000000000000000000000|RICH|1|700|DISP=ACCEPT_INSTALL|DETAIL=rt3_map_g2
0000000000000000000000000000000000000000000000000000000000000000|0000000000000000000000000000000000000000000000000000000000000000|0|3|rt4_TMB-5_MAP_g2_01266.r24|2|1|RICH|702|0|1800|0000000000000000000000000000000000000000000000000000000000000000|RICH|1|702|DISP=ACCEPT_INSTALL|DETAIL=rt3_map_g2
0000000000000000000000000000000000000000000000000000000000000000|0000000000000000000000000000000000000000000000000000000000000000|0|3|rt4_TMB-5_MAP_g2_01267.r24|2|1|RICH|704|0|1800|0000000000000000000000000000000000000000000000000000000000000000|RICH|1|704|DISP=ACCEPT_INSTALL|DETAIL=rt3_map_g2
0000000000000000000000000000000000000000000000000000000000000000|0000000000000000000000000000000000000000000000000000000000000000|0|3|rt4_TMB-5_MAP_g2_01268.r24|2|1|RICH|706|0|1800|0000000000000000000000000000000000000000000000000000000000000000|RICH|1|706|DISP=ACCEPT_INSTALL|DETAIL=rt3_map_g2
0000000000000000000000000000000000000000000000000000000000000000|0000000000000000000000000000000000000000000000000000000000000000|0|3|rt4_TMB-5_MAP_g2_01269.r24|2|1|RICH|708|0|1800|0000000000000000000000000000000000000000000000000000000000000000|RICH|1|708|DISP=ACCEPT_INSTALL|DETAIL=rt3_map_g2
0000000000000000000000000000000000000000000000000000000000000000|0000000000000000000000000000000000000000000000000000000000000000|0|3|rt4_TMB-5_MAP_g2_01270.r24|2|1|RICH|710|0|1800|0000000000000000000000000000000000000000000000000000000000000000|RICH|1|710|DISP=ACCEPT_INSTALL|DETAIL=rt3_map_g2
0000000000000000000000000000000000000000000000000000000000000000|0000000000000000000000000000000000000000000000000000000000000000|0|3|rt4_TMB-5_MAP_g2_01271.r24|2|1|RICH|712|0|1800|0000000000000000000000000000000000000000000000000000000000000000|RICH|1|712|DISP=ACCEPT_INSTALL|DETAIL=rt3_map_g2
0000000000000000000000000000000000000000000000000000000000000000|0000000000000000000000000000000000000000000000000000000000000000|0|3|rt4_TMB-5_MAP_g2_01272.r24|2|1|RICH|714|0|1800|0000000000000000000000000000000000000000000000000000000000000000|RICH|1|714|DISP=ACCEPT_INSTALL|DETAIL=rt3_map_g2
0000000000000000000000000000000000000000000000000000000000000000|0000000000000000000000000000000000000000000000000000000000000000|0|3|rt4_TMB-5_MAP_g2_01273.r24|2|1|RICH|716|0|1800|0000000000000000000000000000000000000000000000000000000000000000|RICH|1|716|DISP=ACCEPT_INSTALL|DETAIL=rt3_map_g2
0000000000000000000000000000000000000000000000000000000000000000|0000000000000000000000000000000000000000000000000000000000000000|0|3|rt4_TMB-5_MAP_g2_01274.r24|2|1|RICH|718|0|1800|0000000000000000000000000000000000000000000000000000000000000000|RICH|1|718|DISP=ACCEPT_INSTALL|DETAIL=rt3_map_g2
0000000000000000000000000000000000000000000000000000000000000000|0000000000000000000000000000000000000000000000000000000000000000|0|3|rt4_TMB-5_MAP_g2_01275.r24|2|1|RICH|720|0|1800|0000000000000000000000000000000000000000000000000000000000000000|RICH|1|720|DISP=ACCEPT_INSTALL|DETAIL=rt3_map_g2
0000000000000000000000000000000000000000000000000000000000000000|0000000000000000000000000000000000000000000000000000000000000000|0|3|rt4_TMB-5_MAP_g2_01276.r24|2|1|RICH|722|0|1800|0000000000000000000000000000000000000000000000000000000000000000|RICH|1|722|DISP=ACCEPT_INSTALL|DETAIL=rt3_map_g2
0000000000000000000000000000000000000000000000000000000000000000|0000000000000000000000000000000000000000000000000000000000000000|0|3|rt4_TMB-5_MAP_g2_01277.r24|2|1|RICH|724|0|1800|0000000000000000000000000000000000000000000000000000000000000000|RICH|1|724|DISP=ACCEPT_INSTALL|DETAIL=rt3_map_g2
0000000000000000000000000000000000000000000000000000000000000000|0000000000000000000000000000000000000000000000000000000000000000|0|3|rt4_TMB-5_MAP_g2_01278.r24|2|1|RICH|726|0|1800|0000000000000000000000000000000000000000000000000000000000000000|RICH|1|726|DISP=ACCEPT_INSTALL|DETAIL=rt3_map_g2
