0000000000000000000000000000000000000000000000000000000000000000|0000000000000000000000000000000000000000000000000000000000000000|0|3|rt4_TMB-5_MAP_g2_01279.r24|2|1|RICH|728|0|1800|0000000000000000000000000000000000000000000000000000000000000000|RICH|1|728|DISP=ACCEPT_INSTALL|DETAIL=rt3_map_g2
0000000000000000000000000000000000000000000000000000000000000000|0000000000000000000000000000000000000000000000000000000000000000|0|3|rt4_TMB-5_MAP_g2_01280.r24|2|1|RICH|730|0|1800|0000000000000000000000000000000000000000000000000000000000000000|RICH|1|730|DISP=ACCEPT_INSTALL|DETAIL=rt3_map_g2
0000000000000000000000000000000000000000000000000000000000000000|0000000000000000000000000000000000000000000000000000000000000000|0|3|rt4_TMB-5_MAP_g2_01281.r24|2|1|RICH|690|0|1820|0000000000000000000000000000000000000000000000000000000000000000|RICH|1|690|DISP=ACCEPT_INSTALL|DETAIL=rt3_map_g2
0000000000000000000000000000000000000000000000000000000000000000|0000000000000000000000000000000000000000000000000000000000000000|0|3|rt4_TMB-5_MAP_g2_01282.r24|2|1|RICH|692|0|1820|0000000000000000000000000000000000000000000000000000000000000000|RICH|1|692|DISP=ACCEPT_INSTALL|DETAIL=rt3_map_g2
0000000000000000000000000000000000000000000000000000000000000000|0000000000000000000000000000000000000000000000000000000000000000|0|3|rt4_TMB-5_MAP_g2_01283.r24|2|1|RICH|694|0|1820|0000000000000000000000000000000000000000000000000000000000000000|RICH|1|694|DISP=ACCEPT_INSTALL|DETAIL=rt3_map_g2
0000000000000000000000000000000000000000000000000000000000000000|0000000000000000000000000000000000000000000000000000000000000000|0|3|rt4_TMB-5_MAP_g2_01284.r24|2|1|RICH|696|0|1820|0000000000000000000000000000000000000000000000000000000000000000|RICH|1|696|DISP=ACCEPT_INSTALL|DETAIL=rt3_map_g2
0000000000000000000000000000000000000000000000000000000000000000|0000000000000000000000000000000000000000000000000000000000000000|0|3|rt4_TMB-5_MAP_g2_01285.r24|2|1|RICH|698|0|1820|0000000000000000000000000000000000000000000000000000000000000000|RICH|1|698|DISP=ACCEPT_INSTALL|DETAIL=rt3_map_g2
0000000000000000000000000000000000000000000000000000000000000000|0000000000000000000000000000000000000000000000000000000000000000|0|3|rt4_TMB-5_MAP_g2_01286.r24|2|1|RICH|700|0|1820|0000000000000000000000000000000000000000000000000000000000000000|RICH|1|700|DISP=ACCEPT_INSTALL|DETAIL=rt3_map_g2
0000000000000000000000000000000000000000000000000000000000000000|0000000000000000000000000000000000000000000000000000000000000000|0|3|rt4_TMB-5_MAP_g2_01287.r24|2|1|RICH|702|0|1820|0000000000000000000000000000000000000000000000000000000000000000|RICH|1|702|DISP=ACCEPT_INSTALL|DETAIL=rt3_map_g2
0000000000000000000000000000000000000000000000000000000000000000|0000000000000000000000000000000000000000000000000000000000000000|0|3|rt4_TMB-5_MAP_g2_01288.r24|2|1|RICH|704|0|1820|0000000000000000000000000000000000000000000000000000000000000000|RICH|1|704|DISP=ACCEPT_INSTALL|DETAIL=rt3_map_g2
0000000000000000000000000000000000000000000000000000000000000000|0000000000000000000000000000000000000000000000000000000000000000|0|3|rt4_TMB-5_MAP_g2_01289.r24|2|1|RICH|706|0|1820|0000000000000000000000000000000000000000000000000000000000000000|RICH|1|706|DISP=ACCEPT_INSTALL|DETAIL=rt3_map_g2
0000000000000000000000000000000000000000000000000000000000000000|0000000000000000000000000000000000000000000000000000000000000000|0|3|rt4_TMB-5_MAP_g2_01290.r24|2|1|RICH|708|0|1820|0000000000000000000000000000000000000000000000000000000000000000|RICH|1|708|DISP=ACCEPT_INSTALL|DETAIL=rt3_map_g2
0000000000000000000000000000000000000000000000000000000000000000|0000000000000000000000000000000000000000000000000000000000000000|0|3|rt4_TMB-5_MAP_g2_01291.r24|2|1|RICH|710|0|1820|0000000000000000000000000000000000000000000000000000000000000000|RICH|1|710|DISP=ACCEPT_INSTALL|DETAIL=rt3_map_g2
0000000000000000000000000000000000000000000000000000000000000000|0000000000000000000000000000000000000000000000000000000000000000|0|3|rt4_TMB-5_MAP_g2_01292.r24|2|1|RICH|712|0|1820|0000000000000000000000000000000000000000000000000000000000000000|RICH|1|712|DISP=ACCEPT_INSTALL|DETAIL=rt3_map_g2
0000000000000000000000000000000000000000000000000000000000000000|0000000000000000000000000000000000000000000000000000000000000000|0|3|rt4_TMB-5_MAP_g2_01293.r24|2|1|RICH|714|0|1820|0000000000000000000000000000000000000000000000000000000000000000|RICH|1|714|DISP=ACCEPT_INSTALL|DETAIL=rt3_map_g2
0000000000000000000000000000000000000000000000000000000000000000|0000000000000000000000000000000000000000000000000000000000000000|0|3|rt4_TMB-5_MAP_g2_01294.r24|2|1|RICH|716|0|1820|0000000000000000000000000000000000000000000000000000000000000000|RICH|1|716|DISP=ACCEPT_INSTALL|DETAIL=rt3_map_g2
0000000000000000000000000000000000000000000000000000000000000000|0000000000000000000000000000000000000000000000000000000000000000|0|3|rt4_TMB-5_MAP_g2_01295.r24|2|1|RICH|718|0|1820|0000000000000000000000000000000000000000000000000000000000000000|RICH|1|718|DISP=ACCEPT_INSTALL|DETAIL=rt3_map_g2
0000000000000000000000000000000000000000000000000000000000000000|0000000000000000000000000000000000000000000000000000000000000000|0|3|rt4_TMB-5_MAP_g2_01296.r24|2|1|RICH|720|0|1820|0000000000000000000000000000000000000000000000000000000000000000|RICH|1|720|DISP=ACCEPT_INSTALL|DETAIL=rt3_map_g2
0000000000000000000000000000000000000000000000000000000000000000|0000000000000000000000000000000000000000000000000000000000000000|0|3|rt4_TMB-5_MAP_g2_01297.r24|2|1|RICH|722|0|1820|0000000000000000000000000000000000000000000000000000000000000000|RICH|1|722|DISP=ACCEPT_INSTALL|DETAIL=rt3_map_g2
0000000000000000000000000000000000000000000000000000000000000000|0000000000000000000000000000000000000000000000000000000000000000|0|3|rt4_TMB-5_MAP_g2_01298.r24|2|1|RICH|724|0|1820|0000000000000000000000000000000000000000000000000000000000000000|RICH|1|724|DISP=ACCEPT_INSTALL|DETAIL=rt3_map_g2
0000000000000000000000000000000000000000000000000000000000000000|0000000000000000000000000000000000000000000000000000000000000000|0|3|rt4_TMB-5_MAP_g2_01299.r24|2|1|RICH|726|0|1820|0000000000000000000000000000000000000000000000000000000000000000|RICH|1|726|DISP=ACCEPT_INSTALL|DETAIL=rt3_map_g2
0000000000000000000000000000000000000000000000000000000000000000|0000000000000000000000000000000000000000000000000000000000000000|0|3|rt4_TMB-5_MAP_g2_01300.r24|2|1|RICH|728|0|1820|0000000000000000000000000000000000000000000000000000000000000000|RICH|1|728|DISP=ACCEPT_INSTALL|DETAIL=rt3_map_g2
0000000000000000000000000000000000000000000000000000000000000000|0000000000000000000000000000000000000000000000000000000000000000|0|3|rt4_TMB-5_MAP_g2_01301.r24|2|1|RICH|730|0|1820|0000000000000000000000000000000000000000000000000000000000000000|RICH|1|730|DISP=ACCEPT_INSTALL|DETAIL=rt3_map_g2
0000000000000000000000000000000000000000000000000000000000000000|0000000000000000000000000000000000000000000000000000000000000000|0|3|rt4_TMB-5_MAP_g2_01302.r24|2|1|RICH|690|0|1840|0000000000000000000000000000000000000000000000000000000000000000|RICH|1|690|DISP=ACCEPT_INSTALL|DETAIL=rt3_map_g2
0000000000000000000000000000000000000000000000000000000000000000|0000000000000000000000000000000000000000000000000000000000000000|0|3|rt4_TMB-5_MAP_g2_01303.r24|2|1|RICH|692|0|1840|0000000000000000000000000000000000000000000000000000000000000000|RICH|1|692|DISP=ACCEPT_INSTALL|DETAIL=rt3_map_g2
0000000000000000000000000000000000000000000000000000000000000000|0000000000000000000000000000000000000000000000000000000000000000|0|3|rt4_TMB-5_MAP_g2_01304.r24|2|1|RICH|694|0|1840|0000000000000000000000000000000000000000000000000000000000000000|RICH|1|694|DISP=ACCEPT_INSTALL|DETAIL=rt3_map_g2
0000000000000000000000000000000000000000000000000000000000000000|0000000000000000000000000000000000000000000000000000000000000000|0|3|rt4_TMB-5_MAP_g2_01305.r24|2|1|RICH|696|0|1840|0000000000000000000000000000000000000000000000000000000000000000|RICH|1|696|DISP=ACCEPT_INSTALL|DETAIL=rt3_map_g2
0000000000000000000000000000000000000000000000000000000000000000|0000000000000000000000000000000000000000000000000000000000000000|0|3|rt4_TMB-5_MAP_g2_01306.r24|2|1|RICH|698|0|1840|0000000000000000000000000000000000000000000000000000000000000000|RICH|1|698|DISP=ACCEPT_INSTALL|DETAIL=rt3_map_g2
0000000000000000000000000000000000000000000000000000000000000000|0000000000000000000000000000000000000000000000000000000000000000|0|3|rt4_TMB-5_MAP_g2_01307.r24|2|1|RICH|700|0|1840|0000000000000000000000000000000000000000000000000000000000000000|RICH|1|700|DISP=ACCEPT_INSTALL|DETAIL=rt3_map_g2
0000000000000000000000000000000000000000000000000000000000000000|0000000000000000000000000000000000000000000000000000000000000000|0|3|rt4_TMB-5_MAP_g2_01308.r24|2|1|RICH|702|0|1840|0000000000000000000000000000000000000000000000000000000000000000|RICH|1|702|DISP=ACCEPT_INSTALL|DETAIL=rt3_map_g2
0000000000000000000000000000000000000000000000000000000000000000|0000000000000000000000000000000000000000000000000000000000000000|0|3|rt4_TMB-5_MAP_g2_01309.r24|2|1|RICH|704|0|1840|0000000000000000000000000000000000000000000000000000000000000000|RICH|1|704|DISP=ACCEPT_INSTALL|DETAIL=rt3_map_g2
0000000000000000000000000000000000000000000000000000000000000000|0000000000000000000000000000000000000000000000000000000000000000|0|3|rt4_TMB-5_MAP_g2_01310.r24|2|1|RICH|706|0|1840|0000000000000000000000000000000000000000000000000000000000000000|RICH|1|706|DISP=ACCEPT_INSTALL|DETAIL=rt3_map_g2
0000000000000000000000000000000000000000000000000000000000000000|0000000000000000000000000000000000000000000000000000000000000000|0|3|rt4_TMB-5_MAP_g2_01311.r24|2|1|RICH|708|0|1840|0000000000000000000000000000000000000000000000000000000000000000|RICH|1|708|DISP=ACCEPT_INSTALL|DETAIL=rt3_map_g2
0000000000000000000000000000000000000000000000000000000000000000|0000000000000000000000000000000000000000000000000000000000000000|0|3|rt4_TMB-5_MAP_g2_01312.r24|2|1|RICH|710|0|1840|0000000000000000000000000000000000000000000000000000000000000000|RICH|1|710|DISP=ACCEPT_INSTALL|DETAIL=rt3_map_g2
0000000000000000000000000000000000000000000000000000000000000000|0000000000000000000000000000000000000000000000000000000000000000|0|3|rt4_TMB-5_MAP_g2_01313.r24|2|1|RICH|712|0|1840|0000000000000000000000000000000000000000000000000000000000000000|RICH|1|712|DISP=ACCEPT_INSTALL|DETAIL=rt3_map_g2
0000000000000000000000000000000000000000000000000000000000000000|0000000000000000000000000000000000000000000000000000000000000000|0|3|rt4_TMB-5_MAP_g2_01314.r24|2|1|RICH|714|0|1840|0000000000000000000000000000000000000000000000000000000000000000|RICH|1|714|DISP=ACCEPT_INSTALL|DETAIL=rt3_map_g2
0000000000000000000000000000000000000000000000000000000000000000|0000000000000000000000000000000000000000000000000000000000000000|0|3|rt4_TMB-5_MAP_g2_01315.r24|2|1|RICH|716|0|1840|0000000000000000000000000000000000000000000000000000000000000000|RICH|1|716|DISP=ACCEPT_INSTALL|DETAIL=rt3_map_g2
0000000000000000000000000000000000000000000000000000000000000000|0000000000000000000000000000000000000000000000000000000000000000|0|3|rt4_TMB-5_MAP_g2_01316.r24|2|1|RICH|718|0|1840|0000000000000000000000000000000000000000000000000000000000000000|RICH|1|718|DISP=ACCEPT_INSTALL|DETAIL=rt3_map_g2
0000000000000000000000000000000000000000000000000000000000000000|0000000000000000000000000000000000000000000000000000000000000000|0|3|rt4_TMB-5_MAP_g2_01317.r24|2|1|RICH|720|0|1840|0000000000000000000000000000000000000000000000000000000000000000|RICH|1|720|DISP=ACCEPT_INSTALL|DETAIL=rt3_map_g2
0000000000000000000000000000000000000000000000000000000000000000|0000000000000000000000000000000000000000000000000000000000000000|0|3|rt4_TMB-5_MAP_g2_01318.r24|2|1|RICH|722|0|1840|0000000000000000000000000000000000000000000000000000000000000000|RICH|1|722|DISP=ACCEPT_INSTALL|DETAIL=rt3_map_g2
0000000000000000000000000000000000000000000000000000000000000000|0000000000000000000000000000000000000000000000000000000000000000|0|3|rt4_TMB-5_MAP_g2_01319.r24|2|1|RICH|724|0|1840|0000000000000000000000000000000000000000000000000000000000000000|RICH|1|724|DISP=ACCEPT_INSTALL|DETAIL=rt3_map_g2
0000000000000000000000000000000000000000000000000000000000000000|0000000000000000000000000000000000000000000000000000000000000000|0|3|rt4_TMB-5_MAP_g2_01320.r24|2|1|RICH|726|0|1840|0000000000000000000000000000000000000000000000000000000000000000|RICH|1|726|DISP=ACCEPT_INSTALL|DETAIL=rt3_map_g2
0000000000000000000000000000000000000000000000000000000000000000|0000000000000000000000000000000000000000000000000000000000000000|0|3|rt4_TMB-5_MAP_g2_01321.r24|2|1|RICH|728|0|1840|0000000000000000000000000000000000000000000000000000000000000000|RICH|1|728|DISP=ACCEPT_INSTALL|DETAIL=rt3_map_g2
0000000000000000000000000000000000000000000000000000000000000000|0000000000000000000000000000000000000000000000000000000000000000|0|3|rt4_TMB-5_MAP_g2_01322.r24|2|1|RICH|730|0|1840|0000000000000000000000000000000000000000000000000000000000000000|RICH|1|730|DISP=ACCEPT_INSTALL|DETAIL=rt3_map_g2
0000000000000000000000000000000000000000000000000000000000000000|0000000000000000000000000000000000000000000000000000000000000000|0|3|rt4_TMB-5_MAP_g2_01323.r24|2|1|RICH|690|0|1860|0000000000000000000000000000000000000000000000000000000000000000|RICH|1|690|DISP=ACCEPT_INSTALL|DETAIL=rt3_map_g2
0000000000000000000000000000000000000000000000000000000000000000|0000000000000000000000000000000000000000000000000000000000000000|0|3|rt4_TMB-5_MAP_g2_01324.r24|2|1|RICH|692|0|1860|0000000000000000000000000000000000000000000000000000000000000000|RICH|1|692|DISP=ACCEPT_INSTALL|DETAIL=rt3_map_g2
0000000000000000000000000000000000000000000000000000000000000000|0000000000000000000000000000000000000000000000000000000000000000|0|3|rt4_TMB-5_MAP_g2_01325.r24|2|1|RICH|694|0|1860|0000000000000000000000000000000000000000000000000000000000000000|RICH|1|694|DISP=ACCEPT_INSTALL|DETAIL=rt3_map_g2
0000000000000000000000000000000000000000000000000000000000000000|0000000000000000000000000000000000000000000000000000000000000000|0|3|rt4_TMB-5_MAP_g2_01326.r24|2|1|RICH|696|0|1860|0000000000000000000000000000000000000000000000000000000000000000|RICH|1|696|DISP=ACCEPT_INSTALL|DETAIL=rt3_map_g2
0000000000000000000000000000000000000000000000000000000000000000|0000000000000000000000000000000000000000000000000000000000000000|0|3|rt4_TMB-5_MAP_g2_01327.r24|2|1|RICH|698|0|1860|0000000000000000000000000000000000000000000000000000000000000000|RICH|1|698|DISP=ACCEPT_INSTALL|DETAIL=rt3_map_g2
0000000000000000000000000000000000000000000000000000000000000000|0000000000000000000000000000000000000000000000000000000000000000|0|3|rt4_TMB-5_MAP_g2_01328.r24|2|1|RICH|700|0|1860|0000000000000000000000000000000000000000000000000000000000000000|RICH|1|700|DISP=ACCEPT_INSTALL|DETAIL=rt3_map_g2
0000000000000000000000000000000000000000000000000000000000000000|0000000000000000000000000000000000000000000000000000000000000000|0|3|rt4_TMB-5_MAP_g2_01329.r24|2|1|RICH|702|0|1860|0000000000000000000000000000000000000000000000000000000000000000|RICH|1|702|DISP=ACCEPT_INSTALL|DETAIL=rt3_map_g2
0000000000000000000000000000000000000000000000000000000000000000|0000000000000000000000000000000000000000000000000000000000000000|0|3|rt4_TMB-5_MAP_g2_01330.r24|2|1|RICH|704|0|1860|0000000000000000000000000000000000000000000000000000000000000000|RICH|1|704|DISP=ACCEPT_INSTALL|DETAIL=rt3_map_g2
0000000000000000000000000000000000000000000000000000000000000000|0000000000000000000000000000000000000000000000000000000000000000|0|3|rt4_TMB-5_MAP_g2_01331.r24|2|1|RICH|706|0|1860|0000000000000000000000000000000000000000000000000000000000000000|RICH|1|706|DISP=ACCEPT_INSTALL|DETAIL=rt3_map_g2
0000000000000000000000000000000000000000000000000000000000000000|0000000000000000000000000000000000000000000000000000000000000000|0|3|rt4_TMB-5_MAP_g2_01332.r24|2|1|RICH|708|0|1860|0000000000000000000000000000000000000000000000000000000000000000|RICH|1|708|DISP=ACCEPT_INSTALL|DETAIL=rt3_map_g2
0000000000000000000000000000000000000000000000000000000000000000|0000000000000000000000000000000000000000000000000000000000000000|0|3|rt4_TMB-5_MAP_g2_01333.r24|2|1|RICH|710|0|1860|0000000000000000000000000000000000000000000000000000000000000000|RICH|1|710|DISP=ACCEPT_INSTALL|DETAIL=rt3_map_g2
0000000000000000000000000000000000000000000000000000000000000000|0000000000000000000000000000000000000000000000000000000000000000|0|3|rt4_TMB-5_MAP_g2_01334.r24|2|1|RICH|712|0|1860|0000000000000000000000000000000000000000000000000000000000000000|RICH|1|712|DISP=ACCEPT_INSTALL|DETAIL=rt3_map_g2
0000000000000000000000000000000000000000000000000000000000000000|0000000000000000000000000000000000000000000000000000000000000000|0|3|rt4_TMB-5_MAP_g2_01335.r24|2|1|RICH|714|0|1860|0000000000000000000000000000000000000000000000000000000000000000|RICH|1|714|DISP=ACCEPT_INSTALL|DETAIL=rt3_map_g2
0000000000000000000000000000000000000000000000000000000000000000|0000000000000000000000000000000000000000000000000000000000000000|0|3|rt4_TMB-5_MAP_g2_01336.r24|2|1|RICH|716|0|1860|0000000000000000000000000000000000000000000000000000000000000000|RICH|1|716|DISP=ACCEPT_INSTALL|DETAIL=rt3_map_g2
0000000000000000000000000000000000000000000000000000000000000000|0000000000000000000000000000000000000000000000000000000000000000|0|3|rt4_TMB-5_MAP_g2_01337.r24|2|1|RICH|718|0|1860|0000000000000000000000000000000000000000000000000000000000000000|RICH|1|718|DISP=ACCEPT_INSTALL|DETAIL=rt3_map_g2
0000000000000000000000000000000000000000000000000000000000000000|0000000000000000000000000000000000000000000000000000000000000000|0|3|rt4_TMB-5_MAP_g2_01338.r24|2|1|RICH|720|0|1860|0000000000000000000000000000000000000000000000000000000000000000|RICH|1|720|DISP=ACCEPT_INSTALL|DETAIL=rt3_map_g2
0000000000000000000000000000000000000000000000000000000000000000|0000000000000000000000000000000000000000000000000000000000000000|0|3|rt4_TMB-5_MAP_g2_01339.r24|2|1|RICH|722|0|1860|0000000000000000000000000000000000000000000000000000000000000000|RICH|1|722|DISP=ACCEPT_INSTALL|DETAIL=rt3_map_g2
0000000000000000000000000000000000000000000000000000000000000000|0000000000000000000000000000000000000000000000000000000000000000|0|3|rt4_TMB-5_MAP_g2_01340.r24|2|1|RICH|724|0|1860|0000000000000000000000000000000000000000000000000000000000000000|RICH|1|724|DISP=ACCEPT_INSTALL|DETAIL=rt3_map_g2
0000000000000000000000000000000000000000000000000000000000000000|0000000000000000000000000000000000000000000000000000000000000000|0|3|rt4_TMB-5_MAP_g2_01341.r24|2|1|RICH|726|0|1860|0000000000000000000000000000000000000000000000000000000000000000|RICH|1|726|DISP=ACCEPT_INSTALL|DETAIL=rt3_map_g2
0000000000000000000000000000000000000000000000000000000000000000|0000000000000000000000000000000000000000000000000000000000000000|0|3|rt4_TMB-5_MAP_g2_01342.r24|2|1|RICH|728|0|1860|0000000000000000000000000000000000000000000000000000000000000000|RICH|1|728|DISP=ACCEPT_INSTALL|DETAIL=rt3_map_g2
0000000000000000000000000000000000000000000000000000000000000000|0000000000000000000000000000000000000000000000000000000000000000|0|3|rt4_TMB-5_MAP_g2_01343.r24|2|1|RICH|730|0|1860|0000000000000000000000000000000000000000000000000000000000000000|RICH|1|730|DISP=ACCEPT_INSTALL|DETAIL=rt3_map_g2
0000000000000000000000000000000000000000000000000000000000000000|0000000000000000000000000000000000000000000000000000000000000000|0|3|rt4_TMB-5_MAP_g2_01344.r24|2|1|RICH|690|0|1880|0000000000000000000000000000000000000000000000000000000000000000|RICH|1|690|DISP=ACCEPT_INSTALL|DETAIL=rt3_map_g2
0000000000000000000000000000000000000000000000000000000000000000|0000000000000000000000000000000000000000000000000000000000000000|0|3|rt4_TMB-5_MAP_g2_01345.r24|2|1|RICH|692|0|1880|0000000000000000000000000000000000000000000000000000000000000000|RICH|1|692|DISP=ACCEPT_INSTALL|DETAIL=rt3_map_g2
0000000000000000000000000000000000000000000000000000000000000000|0000000000000000000000000000000000000000000000000000000000000000|0|3|rt4_TMB-5_MAP_g2_01346.r24|2|1|RICH|694|0|1880|0000000000000000000000000000000000000000000000000000000000000000|RICH|1|694|DISP=ACCEPT_INSTALL|DETAIL=rt3_map_g2
0000000000000000000000000000000000000000000000000000000000000000|0000000000000000000000000000000000000000000000000000000000000000|0|3|rt4_TMB-5_MAP_g2_01347.r24|2|1|RICH|696|0|1880|0000000000000000000000000000000000000000000000000000000000000000|RICH|1|696|DISP=ACCEPT_INSTALL|DETAIL=rt3_map_g2
0000000000000000000000000000000000000000000000000000000000000000|0000000000000000000000000000000000000000000000000000000000000000|0|3|rt4_TMB-5_MAP_g2_01348.r24|2|1|RICH|698|0|1880|0000000000000000000000000000000000000000000000000000000000000000|RICH|1|698|DISP=ACCEPT_INSTALL|DETAIL=rt3_map_g2
0000000000000000000000000000000000000000000000000000000000000000|0000000000000000000000000000000000000000000000000000000000000000|0|3|rt4_TMB-5_MAP_g2_01349.r24|2|1|RICH|700|0|1880|0000000000000000000000000000000000000000000000000000000000000000|RICH|1|700|DISP=ACCEPT_INSTALL|DETAIL=rt3_map_g2
0000000000000000000000000000000000000000000000000000000000000000|0000000000000000000000000000000000000000000000000000000000000000|0|3|rt4_TMB-5_MAP_g2_01350.r24|2|1|RICH|702|0|1880|0000000000000000000000000000000000000000000000000000000000000000|RICH|1|702|DISP=ACCEPT_INSTALL|DETAIL=rt3_map_g2
0000000000000000000000000000000000000000000000000000000000000000|0000000000000000000000000000000000000000000000000000000000000000|0|3|rt4_TMB-5_MAP_g2_01351.r24|2|1|RICH|704|0|1880|0000000000000000000000000000000000000000000000000000000000000000|RICH|1|704|DISP=ACCEPT_INSTALL|DETAIL=rt3_map_g2
0000000000000000000000000000000000000000000000000000000000000000|0000000000000000000000000000000000000000000000000000000000000000|0|3|rt4_TMB-5_MAP_g2_01352.r24|2|1|RICH|706|0|1880|0000000000000000000000000000000000000000000000000000000000000000|RICH|1|706|DISP=ACCEPT_INSTALL|DETAIL=rt3_map_g2
0000000000000000000000000000000000000000000000000000000000000000|0000000000000000000000000000000000000000000000000000000000000000|0|3|rt4_TMB-5_MAP_g2_01353.r24|2|1|RICH|708|0|1880|0000000000000000000000000000000000000000000000000000000000000000|RICH|1|708|DISP=ACCEPT_INSTALL|DETAIL=rt3_map_g2
0000000000000000000000000000000000000000000000000000000000000000|0000000000000000000000000000000000000000000000000000000000000000|0|3|rt4_TMB-5_MAP_g2_01354.r24|2|1|RICH|710|0|1880|0000000000000000000000000000000000000000000000000000000000000000|RICH|1|710|DISP=ACCEPT_INSTALL|DETAIL=rt3_map_g2
0000000000000000000000000000000000000000000000000000000000000000|0000000000000000000000000000000000000000000000000000000000000000|0|3|rt4_TMB-5_MAP_g2_01355.r24|2|1|RICH|712|0|1880|0000000000000000000000000000000000000000000000000000000000000000|RICH|1|712|DISP=ACCEPT_INSTALL|DETAIL=rt3_map_g2
0000000000000000000000000000000000000000000000000000000000000000|0000000000000000000000000000000000000000000000000000000000000000|0|3|rt4_TMB-5_MAP_g2_01356.r24|2|1|RICH|714|0|1880|0000000000000000000000000000000000000000000000000000000000000000|RICH|1|714|DISP=ACCEPT_INSTALL|DETAIL=rt3_map_g2
0000000000000000000000000000000000000000000000000000000000000000|0000000000000000000000000000000000000000000000000000000000000000|0|3|rt4_TMB-5_MAP_g2_01357.r24|2|1|RICH|716|0|1880|0000000000000000000000000000000000000000000000000000000000000000|RICH|1|716|DISP=ACCEPT_INSTALL|DETAIL=rt3_map_g2
0000000000000000000000000000000000000000000000000000000000000000|0000000000000000000000000000000000000000000000000000000000000000|0|3|rt4_TMB-5_MAP_g2_01358.r24|2|1|RICH|718|0|1880|0000000000000000000000000000000000000000000000000000000000000000|RICH|1|718|DISP=ACCEPT_INSTALL|DETAIL=rt3_map_g2
0000000000000000000000000000000000000000000000000000000000000000|0000000000000000000000000000000000000000000000000000000000000000|0|3|rt4_TMB-5_MAP_g2_01359.r24|2|1|RICH|720|0|1880|0000000000000000000000000000000000000000000000000000000000000000|RICH|1|720|DISP=ACCEPT_INSTALL|DETAIL=rt3_map_g2
0000000000000000000000000000000000000000000000000000000000000000|0000000000000000000000000000000000000000000000000000000000000000|0|3|rt4_TMB-5_MAP_g2_01360.r24|2|1|RICH|722|0|1880|0000000000000000000000000000000000000000000000000000000000000000|RICH|1|722|DISP=ACCEPT_INSTALL|DETAIL=rt3_map_g2
0000000000000000000000000000000000000000000000000000000000000000|0000000000000000000000000000000000000000000000000000000000000000|0|3|rt4_TMB-5_MAP_g2_01361.r24|2|1|RICH|724|0|1880|0000000000000000000000000000000000000000000000000000000000000000|RICH|1|724|DISP=ACCEPT_INSTALL|DETAIL=rt3_map_g2
0000000000000000000000000000000000000000000000000000000000000000|0000000000000000000000000000000000000000000000000000000000000000|0|3|rt4_TMB-5_MAP_g2_01362.r24|2|1|RICH|726|0|1880|0000000000000000000000000000000000000000000000000000000000000000|RICH|1|726|DISP=ACCEPT_INSTALL|DETAIL=rt3_map_g2
0000000000000000000000000000000000000000000000000000000000000000|0000000000000000000000000000000000000000000000000000000000000000|0|3|rt4_TMB-5_MAP_g2_01363.r24|2|1|RICH|728|0|1880|0000000000000000000000000000000000000000000000000000000000000000|RICH|1|728|DISP=ACCEPT_INSTALL|DETAIL=rt3_map_g2
0000000000000000000000000000000000000000000000000000000000000000|0000000000000000000000000000000000000000000000000000000000000000|0|3|rt4_TMB-5_MAP_g2_01364.r24|2|1|RICH|730|0|1880|0000000000000000000000000000000000000000000000000000000000000000|RICH|1|730|DISP=ACCEPT_INSTALL|DETAIL=rt3_map_g2
0000000000000000000000000000000000000000000000000000000000000000|0000000000000000000000000000000000000000000000000000000000000000|0|3|rt4_TMB-5_MAP_g2_01365.r24|2|1|RICH|690|0|1900|0000000000000000000000000000000000000000000000000000000000000000|RICH|1|690|DISP=ACCEPT_INSTALL|DETAIL=rt3_map_g2
0000000000000000000000000000000000000000000000000000000000000000|0000000000000000000000000000000000000000000000000000000000000000|0|3|rt4_TMB-5_MAP_g2_01366.r24|2|1|RICH|692|0|1900|0000000000000000000000000000000000000000000000000000000000000000|RICH|1|692|DISP=ACCEPT_INSTALL|DETAIL=rt3_map_g2
0000000000000000000000000000000000000000000000000000000000000000|0000000000000000000000000000000000000000000000000000000000000000|0|3|rt4_TMB-5_MAP_g2_01367.r24|2|1|RICH|694|0|1900|0000000000000000000000000000000000000000000000000000000000000000|RICH|1|694|DISP=ACCEPT_INSTALL|DETAIL=rt3_map_g2
0000000000000000000000000000000000000000000000000000000000000000|0000000000000000000000000000000000000000000000000000000000000000|0|3|rt4_TMB-5_MAP_g2_01368.r24|2|1|RICH|696|0|1900|0000000000000000000000000000000000000000000000000000000000000000|RICH|1|696|DISP=ACCEPT_INSTALL|DETAIL=rt3_map_g2
0000000000000000000000000000000000000000000000000000000000000000|0000000000000000000000000000000000000000000000000000000000000000|0|3|rt4_TMB-5_MAP_g2_01369.r24|2|1|RICH|698|0|1900|0000000000000000000000000000000000000000000000000000000000000000|RICH|1|698|DISP=ACCEPT_INSTALL|DETAIL=rt3_map_g2
0000000000000000000000000000000000000000000000000000000000000000|0000000000000000000000000000000000000000000000000000000000000000|0|3|rt4_TMB-5_MAP_g2_01370.r24|2|1|RICH|700|0|1900|0000000000000000000000000000000000000000000000000000000000000000|RICH|1|700|DISP=ACCEPT_INSTALL|DETAIL=rt3_map_g2
0000000000000000000000000000000000000000000000000000000000000000|0000000000000000000000000000000000000000000000000000000000000000|0|3|rt4_TMB-5_MAP_g2_01371.r24|2|1|RICH|702|0|1900|0000000000000000000000000000000000000000000000000000000000000000|RICH|1|702|DISP=ACCEPT_INSTALL|DETAIL=rt3_map_g2
0000000000000000000000000000000000000000000000000000000000000000|0000000000000000000000000000000000000000000000000000000000000000|0|3|rt4_TMB-5_MAP_g2_01372.r24|2|1|RICH|704|0|1900|0000000000000000000000000000000000000000000000000000000000000000|RICH|1|704|DISP=ACCEPT_INSTALL|DETAIL=rt3_map_g2
0000000000000000000000000000000000000000000000000000000000000000|0000000000000000000000000000000000000000000000000000000000000000|0|3|rt4_TMB-5_MAP_g2_01373.r24|2|1|RICH|706|0|1900|0000000000000000000000000000000000000000000000000000000000000000|RICH|1|706|DISP=ACCEPT_INSTALL|DETAIL=rt3_map_g2
0000000000000000000000000000000000000000000000000000000000000000|0000000000000000000000000000000000000000000000000000000000000000|0|3|rt4_TMB-5_MAP_g2_01374.r24|2|1|RICH|708|0|1900|0000000000000000000000000000000000000000000000000000000000000000|RICH|1|708|DISP=ACCEPT_INSTALL|DETAIL=rt3_map_g2
0000000000000000000000000000000000000000000000000000000000000000|0000000000000000000000000000000000000000000000000000000000000000|0|3|rt4_TMB-5_MAP_g2_01375.r24|2|1|RICH|710|0|1900|0000000000000000000000000000000000000000000000000000000000000000|RICH|1|710|DISP=ACCEPT_INSTALL|DETAIL=rt3_map_g2
0000000000000000000000000000000000000000000000000000000000000000|0000000000000000000000000000000000000000000000000000000000000000|0|3|rt4_TMB-5_MAP_g2_01376.r24|2|1|RICH|712|0|1900|0000000000000000000000000000000000000000000000000000000000000000|RICH|1|712|DISP=ACCEPT_INSTALL|DETAIL=rt3_map_g2
0000000000000000000000000000000000000000000000000000000000000000|0000000000000000000000000000000000000000000000000000000000000000|0|3|rt4_TMB-5_MAP_g2_01377.r24|2|1|RICH|714|0|1900|0000000000000000000000000000000000000000000000000000000000000000|RICH|1|714|DISP=ACCEPT_INSTALL|DETAIL=rt3_map_g2
0000000000000000000000000000000000000000000000000000000000000000|0000000000000000000000000000000000000000000000000000000000000000|0|3|rt4_TMB-5_MAP_g2_01378.r24|2|1|RICH|716|0|1900|0000000000000000000000000000000000000000000000000000000000000000|RICH|1|716|DISP=ACCEPT_INSTALL|DETAIL=rt3_map_g2
0000000000000000000000000000000000000000000000000000000000000000|0000000000000000000000000000000000000000000000000000000000000000|0|3|rt4_TMB-5_MAP_g2_01379.r24|2|1|RICH|718|0|1900|0000000000000000000000000000000000000000000000000000000000000000|RICH|1|718|DISP=ACCEPT_INSTALL|DETAIL=rt3_map_g2
0000000000000000000000000000000000000000000000000000000000000000|0000000000000000000000000000000000000000000000000000000000000000|0|3|rt4_TMB-5_MAP_g2_01380.r24|2|1|RICH|720|0|1900|0000000000000000000000000000000000000000000000000000000000000000|RICH|1|720|DISP=ACCEPT_INSTALL|DETAIL=rt3_map_g2
0000000000000000000000000000000000000000000000000000000000000000|0000000000000000000000000000000000000000000000000000000000000000|0|3|rt4_TMB-5_MAP_g2_01381.r24|2|1|RICH|722|0|1900|0000000000000000000000000000000000000000000000000000000000000000|RICH|1|722|DISP=ACCEPT_INSTALL|DETAIL=rt3_map_g2
0000000000000000000000000000000000000000000000000000000000000000|0000000000000000000000000000000000000000000000000000000000000000|0|3|rt4_TMB-5_MAP_g2_01382.r24|2|1|RICH|724|0|1900|0000000000000000000000000000000000000000000000000000000000000000|RICH|1|724|DISP=ACCEPT_INSTALL|DETAIL=rt3_map_g2
0000000000000000000000000000000000000000000000000000000000000000|0000000000000000000000000000000000000000000000000000000000000000|0|3|rt4_TMB-5_MAP_g2_01383.r24|2|1|RICH|726|0|1900|0000000000000000000000000000000000000000000000000000000000000000|RICH|1|726|DISP=ACCEPT_INSTALL|DETAIL=rt3_map_g2
0000000000000000000000000000000000000000000000000000000000000000|0000000000000000000000000000000000000000000000000000000000000000|0|3|rt4_TMB-5_MAP_g2_01384.r24|2|1|RICH|728|0|1900|0000000000000000000000000000000000000000000000000000000000000000|RICH|1|728|DISP=ACCEPT_INSTALL|DETAIL=rt3_map_g2
0000000000000000000000000000000000000000000000000000000000000000|0000000000000000000000000000000000000000000000000000000000000000|0|3|rt4_TMB-5_MAP_g2_01385.r24|2|1|RICH|730|0|1900|0000000000000000000000000000000000000000000000000000000000000000|RICH|1|730|DISP=ACCEPT_INSTALL|DETAIL=rt3_map_g2
0000000000000000000000000000000000000000000000000000000000000000|0000000000000000000000000000000000000000000000000000000000000000|0|3|rt4_TMB-5_MAP_g2_01386.r24|2|1|RICH|690|0|1920|0000000000000000000000000000000000000000000000000000000000000000|RICH|1|690|DISP=ACCEPT_INSTALL|DETAIL=rt3_map_g2
0000000000000000000000000000000000000000000000000000000000000000|0000000000000000000000000000000000000000000000000000000000000000|0|3|rt4_TMB-5_MAP_g2_01387.r24|2|1|RICH|692|0|1920|0000000000000000000000000000000000000000000000000000000000000000|RICH|1|692|DISP=ACCEPT_INSTALL|DETAIL=rt3_map_g2
0000000000000000000000000000000000000000000000000000000000000000|0000000000000000000000000000000000000000000000000000000000000000|0|3|rt4_TMB-5_MAP_g2_01388.r24|2|1|RICH|694|0|1920|0000000000000000000000000000000000000000000000000000000000000000|RICH|1|694|DISP=ACCEPT_INSTALL|DETAIL=rt3_map_g2
0000000000000000000000000000000000000000000000000000000000000000|0000000000000000000000000000000000000000000000000000000000000000|0|3|rt4_TMB-5_MAP_g2_01389.r24|2|1|RICH|696|0|1920|0000000000000000000000000000000000000000000000000000000000000000|RICH|1|696|DISP=ACCEPT_INSTALL|DETAIL=rt3_map_g2
0000000000000000000000000000000000000000000000000000000000000000|0000000000000000000000000000000000000000000000000000000000000000|0|3|rt4_TMB-5_MAP_g2_01390.r24|2|1|RICH|698|0|1920|0000000000000000000000000000000000000000000000000000000000000000|RICH|1|698|DISP=ACCEPT_INSTALL|DETAIL=rt3_map_g2
0000000000000000000000000000000000000000000000000000000000000000|0000000000000000000000000000000000000000000000000000000000000000|0|3|rt4_TMB-5_MAP_g2_01391.r24|2|1|RICH|700|0|1920|0000000000000000000000000000000000000000000000000000000000000000|RICH|1|700|DISP=ACCEPT_INSTALL|DETAIL=rt3_map_g2
0000000000000000000000000000000000000000000000000000000000000000|0000000000000000000000000000000000000000000000000000000000000000|0|3|rt4_TMB-5_MAP_g2_01392.r24|2|1|RICH|702|0|1920|0000000000000000000000000000000000000000000000000000000000000000|RICH|1|702|DISP=ACCEPT_INSTALL|DETAIL=rt3_map_g2
0000000000000000000000000000000000000000000000000000000000000000|0000000000000000000000000000000000000000000000000000000000000000|0|3|rt4_TMB-5_MAP_g2_01393.r24|2|1|RICH|704|0|1920|0000000000000000000000000000000000000000000000000000000000000000|RICH|1|704|DISP=ACCEPT_INSTALL|DETAIL=rt3_map_g2
0000000000000000000000000000000000000000000000000000000000000000|0000000000000000000000000000000000000000000000000000000000000000|0|3|rt4_TMB-5_MAP_g2_01394.r24|2|1|RICH|706|0|1920|0000000000000000000000000000000000000000000000000000000000000000|RICH|1|706|DISP=ACCEPT_INSTALL|DETAIL=rt3_map_g2
0000000000000000000000000000000000000000000000000000000000000000|0000000000000000000000000000000000000000000000000000000000000000|0|3|rt4_TMB-5_MAP_g2_01395.r24|2|1|RICH|708|0|1920|0000000000000000000000000000000000000000000000000000000000000000|RICH|1|708|DISP=ACCEPT_INSTALL|DETAIL=rt3_map_g2
0000000000000000000000000000000000000000000000000000000000000000|0000000000000000000000000000000000000000000000000000000000000000|0|3|rt4_TMB-5_MAP_g2_01396.r24|2|1|RICH|710|0|1920|0000000000000000000000000000000000000000000000000000000000000000|RICH|1|710|DISP=ACCEPT_INSTALL|DETAIL=rt3_map_g2
0000000000000000000000000000000000000000000000000000000000000000|0000000000000000000000000000000000000000000000000000000000000000|0|3|rt4_TMB-5_MAP_g2_01397.r24|2|1|RICH|712|0|1920|0000000000000000000000000000000000000000000000000000000000000000|RICH|1|712|DISP=ACCEPT_INSTALL|DETAIL=rt3_map_g2
0000000000000000000000000000000000000000000000000000000000000000|0000000000000000000000000000000000000000000000000000000000000000|0|3|rt4_TMB-5_MAP_g2_01398.r24|2|1|RICH|714|0|1920|0000000000000000000000000000000000000000000000000000000000000000|RICH|1|714|DISP=ACCEPT_INSTALL|DETAIL=rt3_map_g2
0000000000000000000000000000000000000000000000000000000000000000|0000000000000000000000000000000000000000000000000000000000000000|0|3|rt4_TMB-5_MAP_g2_01399.r24|2|1|RICH|716|0|1920|0000000000000000000000000000000000000000000000000000000000000000|RICH|1|716|DISP=ACCEPT_INSTALL|DETAIL=rt3_map_g2
0000000000000000000000000000000000000000000000000000000000000000|0000000000000000000000000000000000000000000000000000000000000000|0|3|rt4_TMB-5_MAP_g2_01400.r24|2|1|RICH|718|0|1920|0000000000000000000000000000000000000000000000000000000000000000|RICH|1|718|DISP=ACCEPT_INSTALL|DETAIL=rt3_map_g2
0000000000000000000000000000000000000000000000000000000000000000|0000000000000000000000000000000000000000000000000000000000000000|0|3|rt4_TMB-5_MAP_g2_01401.r24|2|1|RICH|720|0|1920|0000000000000000000000000000000000000000000000000000000000000000|RICH|1|720|DISP=ACCEPT_INSTALL|DETAIL=rt3_map_g2
0000000000000000000000000000000000000000000000000000000000000000|0000000000000000000000000000000000000000000000000000000000000000|0|3|rt4_TMB-5_MAP_g2_01402.r24|2|1|RICH|722|0|1920|0000000000000000000000000000000000000000000000000000000000000000|RICH|1|722|DISP=ACCEPT_INSTALL|DETAIL=rt3_map_g2
0000000000000000000000000000000000000000000000000000000000000000|0000000000000000000000000000000000000000000000000000000000000000|0|3|rt4_TMB-5_MAP_g2_01403.r24|2|1|RICH|724|0|1920|0000000000000000000000000000000000000000000000000000000000000000|RICH|1|724|DISP=ACCEPT_INSTALL|DETAIL=rt3_map_g2
0000000000000000000000000000000000000000000000000000000000000000|0000000000000000000000000000000000000000000000000000000000000000|0|3|rt4_TMB-5_MAP_g2_01404.r24|2|1|RICH|726|0|1920|0000000000000000000000000000000000000000000000000000000000000000|RICH|1|726|DISP=ACCEPT_INSTALL|DETAIL=rt3_map_g2
0000000000000000000000000000000000000000000000000000000000000000|0000000000000000000000000000000000000000000000000000000000000000|0|3|rt4_TMB-5_MAP_g2_01405.r24|2|1|RICH|728|0|1920|0000000000000000000000000000000000000000000000000000000000000000|RICH|1|728|DISP=ACCEPT_INSTALL|DETAIL=rt3_map_g2
0000000000000000000000000000000000000000000000000000000000000000|0000000000000000000000000000000000000000000000000000000000000000|0|3|rt4_TMB-5_MAP_g2_01406.r24|2|1|RICH|730|0|1920|0000000000000000000000000000000000000000000000000000000000000000|RICH|1|730|DISP=ACCEPT_INSTALL|DETAIL=rt3_map_g2
0000000000000000000000000000000000000000000000000000000000000000|0000000000000000000000000000000000000000000000000000000000000000|0|3|rt4_TMB-5_MAP_g2_01407.r24|2|1|RICH|690|0|1940|0000000000000000000000000000000000000000000000000000000000000000|RICH|1|690|DISP=ACCEPT_INSTALL|DETAIL=rt3_map_g2
0000000000000000000000000000000000000000000000000000000000000000|0000000000000000000000000000000000000000000000000000000000000000|0|3|rt4_TMB-5_MAP_g2_01408.r24|2|1|RICH|692|0|1940|0000000000000000000000000000000000000000000000000000000000000000|RICH|1|692|DISP=ACCEPT_INSTALL|DETAIL=rt3_map_g2
0000000000000000000000000000000000000000000000000000000000000000|0000000000000000000000000000000000000000000000000000000000000000|0|3|rt4_TMB-5_MAP_g2_01409.r24|2|1|RICH|694|0|1940|0000000000000000000000000000000000000000000000000000000000000000|RICH|1|694|DISP=ACCEPT_INSTALL|DETAIL=rt3_map_g2
0000000000000000000000000000000000000000000000000000000000000000|0000000000000000000000000000000000000000000000000000000000000000|0|3|rt4_TMB-5_MAP_g2_01410.r24|2|1|RICH|696|0|1940|0000000000000000000000000000000000000000000000000000000000000000|RICH|1|696|DISP=ACCEPT_INSTALL|DETAIL=rt3_map_g2
0000000000000000000000000000000000000000000000000000000000000000|0000000000000000000000000000000000000000000000000000000000000000|0|3|rt4_TMB-5_MAP_g2_01411.r24|2|1|RICH|698|0|1940|0000000000000000000000000000000000000000000000000000000000000000|RICH|1|698|DISP=ACCEPT_INSTALL|DETAIL=rt3_map_g2
0000000000000000000000000000000000000000000000000000000000000000|0000000000000000000000000000000000000000000000000000000000000000|0|3|rt4_TMB-5_MAP_g2_01412.r24|2|1|RICH|700|0|1940|0000000000000000000000000000000000000000000000000000000000000000|RICH|1|700|DISP=ACCEPT_INSTALL|DETAIL=rt3_map_g2
0000000000000000000000000000000000000000000000000000000000000000|0000000000000000000000000000000000000000000000000000000000000000|0|3|rt4_TMB-5_MAP_g2_01413.r24|2|1|RICH|702|0|1940|0000000000000000000000000000000000000000000000000000000000000000|RICH|1|702|DISP=ACCEPT_INSTALL|DETAIL=rt3_map_g2
0000000000000000000000000000000000000000000000000000000000000000|0000000000000000000000000000000000000000000000000000000000000000|0|3|rt4_TMB-5_MAP_g2_01414.r24|2|1|RICH|704|0|1940|0000000000000000000000000000000000000000000000000000000000000000|RICH|1|704|DISP=ACCEPT_INSTALL|DETAIL=rt3_map_g2
0000000000000000000000000000000000000000000000000000000000000000|0000000000000000000000000000000000000000000000000000000000000000|0|3|rt4_TMB-5_MAP_g2_01415.r24|2|1|RICH|706|0|1940|0000000000000000000000000000000000000000000000000000000000000000|RICH|1|706|DISP=ACCEPT_INSTALL|DETAIL=rt3_map_g2
0000000000000000000000000000000000000000000000000000000000000000|0000000000000000000000000000000000000000000000000000000000000000|0|3|rt4_TMB-5_MAP_g2_01416.r24|2|1|RICH|708|0|1940|0000000000000000000000000000000000000000000000000000000000000000|RICH|1|708|DISP=ACCEPT_INSTALL|DETAIL=rt3_map_g2
0000000000000000000000000000000000000000000000000000000000000000|0000000000000000000000000000000000000000000000000000000000000000|0|3|rt4_TMB-5_MAP_g2_01417.r24|2|1|RICH|710|0|1940|0000000000000000000000000000000000000000000000000000000000000000|RICH|1|710|DISP=ACCEPT_INSTALL|DETAIL=rt3_map_g2
0000000000000000000000000000000000000000000000000000000000000000|0000000000000000000000000000000000000000000000000000000000000000|0|3|rt4_TMB-5_MAP_g2_01418.r24|2|1|RICH|712|0|1940|0000000000000000000000000000000000000000000000000000000000000000|RICH|1|712|DISP=ACCEPT_INSTALL|DETAIL=rt3_map_g2
0000000000000000000000000000000000000000000000000000000000000000|0000000000000000000000000000000000000000000000000000000000000000|0|3|rt4_TMB-5_MAP_g2_01419.r24|2|1|RICH|714|0|1940|0000000000000000000000000000000000000000000000000000000000000000|RICH|1|714|DISP=ACCEPT_INSTALL|DETAIL=rt3_map_g2
0000000000000000000000000000000000000000000000000000000000000000|0000000000000000000000000000000000000000000000000000000000000000|0|3|rt4_TMB-5_MAP_g2_01420.r24|2|1|RICH|716|0|1940|0000000000000000000000000000000000000000000000000000000000000000|RICH|1|716|DISP=ACCEPT_INSTALL|DETAIL=rt3_map_g2
0000000000000000000000000000000000000000000000000000000000000000|0000000000000000000000000000000000000000000000000000000000000000|0|3|rt4_TMB-5_MAP_g2_01421.r24|2|1|RICH|718|0|1940|0000000000000000000000000000000000000000000000000000000000000000|RICH|1|718|DISP=ACCEPT_INSTALL|DETAIL=rt3_map_g2
0000000000000000000000000000000000000000000000000000000000000000|0000000000000000000000000000000000000000000000000000000000000000|0|3|rt4_TMB-5_MAP_g2_01422.r24|2|1|RICH|720|0|1940|0000000000000000000000000000000000000000000000000000000000000000|RICH|1|720|DISP=ACCEPT_INSTALL|DETAIL=rt3_map_g2
0000000000000000000000000000000000000000000000000000000000000000|0000000000000000000000000000000000000000000000000000000000000000|0|3|rt4_TMB-5_MAP_g2_01423.r24|2|1|RICH|722|0|1940|0000000000000000000000000000000000000000000000000000000000000000|RICH|1|722|DISP=ACCEPT_INSTALL|DETAIL=rt3_map_g2
0000000000000000000000000000000000000000000000000000000000000000|0000000000000000000000000000000000000000000000000000000000000000|0|3|rt4_TMB-5_MAP_g2_01424.r24|2|1|RICH|724|0|1940|0000000000000000000000000000000000000000000000000000000000000000|RICH|1|724|DISP=ACCEPT_INSTALL|DETAIL=rt3_map_g2
0000000000000000000000000000000000000000000000000000000000000000|0000000000000000000000000000000000000000000000000000000000000000|0|3|rt4_TMB-5_MAP_g2_01425.r24|2|1|RICH|726|0|1940|0000000000000000000000000000000000000000000000000000000000000000|RICH|1|726|DISP=ACCEPT_INSTALL|DETAIL=rt3_map_g2
0000000000000000000000000000000000000000000000000000000000000000|0000000000000000000000000000000000000000000000000000000000000000|0|3|rt4_TMB-5_MAP_g2_01426.r24|2|1|RICH|728|0|1940|0000000000000000000000000000000000000000000000000000000000000000|RICH|1|728|DISP=ACCEPT_INSTALL|DETAIL=rt3_map_g2
0000000000000000000000000000000000000000000000000000000000000000|0000000000000000000000000000000000000000000000000000000000000000|0|3|rt4_TMB-5_MAP_g2_01427.r24|2|1|RICH|730|0|1940|0000000000000000000000000000000000000000000000000000000000000000|RICH|1|730|DISP=ACCEPT_INSTALL|DETAIL=rt3_map_g2
0000000000000000000000000000000000000000000000000000000000000000|0000000000000000000000000000000000000000000000000000000000000000|0|3|rt4_TMB-5_MAP_g2_01428.r24|2|1|RICH|690|0|1960|0000000000000000000000000000000000000000000000000000000000000000|RICH|1|690|DISP=ACCEPT_INSTALL|DETAIL=rt3_map_g2
0000000000000000000000000000000000000000000000000000000000000000|0000000000000000000000000000000000000000000000000000000000000000|0|3|rt4_TMB-5_MAP_g2_01429.r24|2|1|RICH|692|0|1960|0000000000000000000000000000000000000000000000000000000000000000|RICH|1|692|DISP=ACCEPT_INSTALL|DETAIL=rt3_map_g2
0000000000000000000000000000000000000000000000000000000000000000|0000000000000000000000000000000000000000000000000000000000000000|0|3|rt4_TMB-5_MAP_g2_01430.r24|2|1|RICH|694|0|1960|0000000000000000000000000000000000000000000000000000000000000000|RICH|1|694|DISP=ACCEPT_INSTALL|DETAIL=rt3_map_g2
0000000000000000000000000000000000000000000000000000000000000000|0000000000000000000000000000000000000000000000000000000000000000|0|3|rt4_TMB-5_MAP_g2_01431.r24|2|1|RICH|696|0|1960|0000000000000000000000000000000000000000000000000000000000000000|RICH|1|696|DISP=ACCEPT_INSTALL|DETAIL=rt3_map_g2
0000000000000000000000000000000000000000000000000000000000000000|0000000000000000000000000000000000000000000000000000000000000000|0|3|rt4_TMB-5_MAP_g2_01432.r24|2|1|RICH|698|0|1960|0000000000000000000000000000000000000000000000000000000000000000|RICH|1|698|DISP=ACCEPT_INSTALL|DETAIL=rt3_map_g2
0000000000000000000000000000000000000000000000000000000000000000|0000000000000000000000000000000000000000000000000000000000000000|0|3|rt4_TMB-5_MAP_g2_01433.r24|2|1|RICH|700|0|1960|0000000000000000000000000000000000000000000000000000000000000000|RICH|1|700|DISP=ACCEPT_INSTALL|DETAIL=rt3_map_g2
0000000000000000000000000000000000000000000000000000000000000000|0000000000000000000000000000000000000000000000000000000000000000|0|3|rt4_TMB-5_MAP_g2_01434.r24|2|1|RICH|702|0|1960|0000000000000000000000000000000000000000000000000000000000000000|RICH|1|702|DISP=ACCEPT_INSTALL|DETAIL=rt3_map_g2
0000000000000000000000000000000000000000000000000000000000000000|0000000000000000000000000000000000000000000000000000000000000000|0|3|rt4_TMB-5_MAP_g2_01435.r24|2|1|RICH|704|0|1960|0000000000000000000000000000000000000000000000000000000000000000|RICH|1|704|DISP=ACCEPT_INSTALL|DETAIL=rt3_map_g2
0000000000000000000000000000000000000000000000000000000000000000|0000000000000000000000000000000000000000000000000000000000000000|0|3|rt4_TMB-5_MAP_g2_01436.r24|2|1|RICH|706|0|1960|0000000000000000000000000000000000000000000000000000000000000000|RICH|1|706|DISP=ACCEPT_INSTALL|DETAIL=rt3_map_g2
0000000000000000000000000000000000000000000000000000000000000000|0000000000000000000000000000000000000000000000000000000000000000|0|3|rt4_TMB-5_MAP_g2_01437.r24|2|1|RICH|708|0|1960|0000000000000000000000000000000000000000000000000000000000000000|RICH|1|708|DISP=ACCEPT_INSTALL|DETAIL=rt3_map_g2
0000000000000000000000000000000000000000000000000000000000000000|0000000000000000000000000000000000000000000000000000000000000000|0|3|rt4_TMB-5_MAP_g2_01438.r24|2|1|RICH|710|0|1960|0000000000000000000000000000000000000000000000000000000000000000|RICH|1|710|DISP=ACCEPT_INSTALL|DETAIL=rt3_map_g2
0000000000000000000000000000000000000000000000000000000000000000|0000000000000000000000000000000000000000000000000000000000000000|0|3|rt4_TMB-5_MAP_g2_01439.r24|2|1|RICH|712|0|1960|0000000000000000000000000000000000000000000000000000000000000000|RICH|1|712|DISP=ACCEPT_INSTALL|DETAIL=rt3_map_g2
0000000000000000000000000000000000000000000000000000000000000000|0000000000000000000000000000000000000000000000000000000000000000|0|3|rt4_TMB-5_MAP_g2_01440.r24|2|1|RICH|714|0|1960|0000000000000000000000000000000000000000000000000000000000000000|RICH|1|714|DISP=ACCEPT_INSTALL|DETAIL=rt3_map_g2
0000000000000000000000000000000000000000000000000000000000000000|0000000000000000000000000000000000000000000000000000000000000000|0|3|rt4_TMB-5_MAP_g2_01441.r24|2|1|RICH|716|0|1960|0000000000000000000000000000000000000000000000000000000000000000|RICH|1|716|DISP=ACCEPT_INSTALL|DETAIL=rt3_map_g2
0000000000000000000000000000000000000000000000000000000000000000|0000000000000000000000000000000000000000000000000000000000000000|0|3|rt4_TMB-5_MAP_g2_01442.r24|2|1|RICH|718|0|1960|0000000000000000000000000000000000000000000000000000000000000000|RICH|1|718|DISP=ACCEPT_INSTALL|DETAIL=rt3_map_g2
0000000000000000000000000000000000000000000000000000000000000000|0000000000000000000000000000000000000000000000000000000000000000|0|3|rt4_TMB-5_MAP_g2_01443.r24|2|1|RICH|720|0|1960|0000000000000000000000000000000000000000000000000000000000000000|RICH|1|720|DISP=ACCEPT_INSTALL|DETAIL=rt3_map_g2
0000000000000000000000000000000000000000000000000000000000000000|0000000000000000000000000000000000000000000000000000000000000000|0|3|rt4_TMB-5_MAP_g2_01444.r24|2|1|RICH|722|0|1960|0000000000000000000000000000000000000000000000000000000000000000|RICH|1|722|DISP=ACCEPT_INSTALL|DETAIL=rt3_map_g2
0000000000000000000000000000000000000000000000000000000000000000|0000000000000000000000000000000000000000000000000000000000000000|0|3|rt4_TMB-5_MAP_g2_01445.r24|2|1|RICH|724|0|1960|0000000000000000000000000000000000000000000000000000000000000000|RICH|1|724|DISP=ACCEPT_INSTALL|DETAIL=rt3_map_g2
0000000000000000000000000000000000000000000000000000000000000000|0000000000000000000000000000000000000000000000000000000000000000|0|3|rt4_TMB-5_MAP_g2_01446.r24|2|1|RICH|726|0|1960|0000000000000000000000000000000000000000000000000000000000000000|RICH|1|726|DISP=ACCEPT_INSTALL|DETAIL=rt3_map_g2
0000000000000000000000000000000000000000000000000000000000000000|0000000000000000000000000000000000000000000000000000000000000000|0|3|rt4_TMB-5_MAP_g2_01447.r24|2|1|RICH|728|0|1960|0000000000000000000000000000000000000000000000000000000000000000|RICH|1|728|DISP=ACCEPT_INSTALL|DETAIL=rt3_map_g2
0000000000000000000000000000000000000000000000000000000000000000|0000000000000000000000000000000000000000000000000000000000000000|0|3|rt4_TMB-5_MAP_g2_01448.r24|2|1|RICH|730|0|1960|0000000000000000000000000000000000000000000000000000000000000000|RICH|1|730|DISP=ACCEPT_INSTALL|DETAIL=rt3_map_g2
0000000000000000000000000000000000000000000000000000000000000000|0000000000000000000000000000000000000000000000000000000000000000|0|3|rt4_TMB-5_MAP_g2_01449.r24|2|1|RICH|690|0|1980|0000000000000000000000000000000000000000000000000000000000000000|RICH|1|690|DISP=ACCEPT_INSTALL|DETAIL=rt3_map_g2
0000000000000000000000000000000000000000000000000000000000000000|0000000000000000000000000000000000000000000000000000000000000000|0|3|rt4_TMB-5_MAP_g2_01450.r24|2|1|RICH|692|0|1980|0000000000000000000000000000000000000000000000000000000000000000|RICH|1|692|DISP=ACCEPT_INSTALL|DETAIL=rt3_map_g2
0000000000000000000000000000000000000000000000000000000000000000|0000000000000000000000000000000000000000000000000000000000000000|0|3|rt4_TMB-5_MAP_g2_01451.r24|2|1|RICH|694|0|1980|0000000000000000000000000000000000000000000000000000000000000000|RICH|1|694|DISP=ACCEPT_INSTALL|DETAIL=rt3_map_g2
0000000000000000000000000000000000000000000000000000000000000000|0000000000000000000000000000000000000000000000000000000000000000|0|3|rt4_TMB-5_MAP_g2_01452.r24|2|1|RICH|696|0|1980|0000000000000000000000000000000000000000000000000000000000000000|RICH|1|696|DISP=ACCEPT_INSTALL|DETAIL=rt3_map_g2
0000000000000000000000000000000000000000000000000000000000000000|0000000000000000000000000000000000000000000000000000000000000000|0|3|rt4_TMB-5_MAP_g2_01453.r24|2|1|RICH|698|0|1980|0000000000000000000000000000000000000000000000000000000000000000|RICH|1|698|DISP=ACCEPT_INSTALL|DETAIL=rt3_map_g2
0000000000000000000000000000000000000000000000000000000000000000|0000000000000000000000000000000000000000000000000000000000000000|0|3|rt4_TMB-5_MAP_g2_01454.r24|2|1|RICH|700|0|1980|0000000000000000000000000000000000000000000000000000000000000000|RICH|1|700|DISP=ACCEPT_INSTALL|DETAIL=rt3_map_g2
0000000000000000000000000000000000000000000000000000000000000000|0000000000000000000000000000000000000000000000000000000000000000|0|3|rt4_TMB-5_MAP_g2_01455.r24|2|1|RICH|702|0|1980|0000000000000000000000000000000000000000000000000000000000000000|RICH|1|702|DISP=ACCEPT_INSTALL|DETAIL=rt3_map_g2
0000000000000000000000000000000000000000000000000000000000000000|0000000000000000000000000000000000000000000000000000000000000000|0|3|rt4_TMB-5_MAP_g2_01456.r24|2|1|RICH|704|0|1980|0000000000000000000000000000000000000000000000000000000000000000|RICH|1|704|DISP=ACCEPT_INSTALL|DETAIL=rt3_map_g2
0000000000000000000000000000000000000000000000000000000000000000|0000000000000000000000000000000000000000000000000000000000000000|0|3|rt4_TMB-5_MAP_g2_01457.r24|2|1|RICH|706|0|1980|0000000000000000000000000000000000000000000000000000000000000000|RICH|1|706|DISP=ACCEPT_INSTALL|DETAIL=rt3_map_g2
0000000000000000000000000000000000000000000000000000000000000000|0000000000000000000000000000000000000000000000000000000000000000|0|3|rt4_TMB-5_MAP_g2_01458.r24|2|1|RICH|708|0|1980|0000000000000000000000000000000000000000000000000000000000000000|RICH|1|708|DISP=ACCEPT_INSTALL|DETAIL=rt3_map_g2
0000000000000000000000000000000000000000000000000000000000000000|0000000000000000000000000000000000000000000000000000000000000000|0|3|rt4_TMB-5_MAP_g2_01459.r24|2|1|RICH|710|0|1980|0000000000000000000000000000000000000000000000000000000000000000|RICH|1|710|DISP=ACCEPT_INSTALL|DETAIL=rt3_map_g2
0000000000000000000000000000000000000000000000000000000000000000|0000000000000000000000000000000000000000000000000000000000000000|0|3|rt4_TMB-5_MAP_g2_01460.r24|2|1|RICH|712|0|1980|0000000000000000000000000000000000000000000000000000000000000000|RICH|1|712|DISP=ACCEPT_INSTALL|DETAIL=rt3_map_g2
0000000000000000000000000000000000000000000000000000000000000000|0000000000000000000000000000000000000000000000000000000000000000|0|3|rt4_TMB-5_MAP_g2_01461.r24|2|1|RICH|714|0|1980|0000000000000000000000000000000000000000000000000000000000000000|RICH|1|714|DISP=ACCEPT_INSTALL|DETAIL=rt3_map_g2
0000000000000000000000000000000000000000000000000000000000000000|0000000000000000000000000000000000000000000000000000000000000000|0|3|rt4_TMB-5_MAP_g2_01462.r24|2|1|RICH|716|0|1980|0000000000000000000000000000000000000000000000000000000000000000|RICH|1|716|DISP=ACCEPT_INSTALL|DETAIL=rt3_map_g2
0000000000000000000000000000000000000000000000000000000000000000|0000000000000000000000000000000000000000000000000000000000000000|0|3|rt4_TMB-5_MAP_g2_01463.r24|2|1|RICH|718|0|1980|0000000000000000000000000000000000000000000000000000000000000000|RICH|1|718|DISP=ACCEPT_INSTALL|DETAIL=rt3_map_g2
0000000000000000000000000000000000000000000000000000000000000000|0000000000000000000000000000000000000000000000000000000000000000|0|3|rt4_TMB-5_MAP_g2_01464.r24|2|1|RICH|720|0|1980|0000000000000000000000000000000000000000000000000000000000000000|RICH|1|720|DISP=ACCEPT_INSTALL|DETAIL=rt3_map_g2
0000000000000000000000000000000000000000000000000000000000000000|0000000000000000000000000000000000000000000000000000000000000000|0|3|rt4_TMB-5_MAP_g2_01465.r24|2|1|RICH|722|0|1980|0000000000000000000000000000000000000000000000000000000000000000|RICH|1|722|DISP=ACCEPT_INSTALL|DETAIL=rt3_map_g2
0000000000000000000000000000000000000000000000000000000000000000|0000000000000000000000000000000000000000000000000000000000000000|0|3|rt4_TMB-5_MAP_g2_01466.r24|2|1|RICH|724|0|1980|0000000000000000000000000000000000000000000000000000000000000000|RICH|1|724|DISP=ACCEPT_INSTALL|DETAIL=rt3_map_g2
0000000000000000000000000000000000000000000000000000000000000000|0000000000000000000000000000000000000000000000000000000000000000|0|3|rt4_TMB-5_MAP_g2_01467.r24|2|1|RICH|726|0|1980|0000000000000000000000000000000000000000000000000000000000000000|RICH|1|726|DISP=ACCEPT_INSTALL|DETAIL=rt3_map_g2
0000000000000000000000000000000000000000000000000000000000000000|0000000000000000000000000000000000000000000000000000000000000000|0|3|rt4_TMB-5_MAP_g2_01468.r24|2|1|RICH|728|0|1980|0000000000000000000000000000000000000000000000000000000000000000|RICH|1|728|DISP=ACCEPT_INSTALL|DETAIL=rt3_map_g2
0000000000000000000000000000000000000000000000000000000000000000|0000000000000000000000000000000000000000000000000000000000000000|0|3|rt4_TMB-5_MAP_g2_01469.r24|2|1|RICH|730|0|1980|0000000000000000000000000000000000000000000000000000000000000000|RICH|1|730|DISP=ACCEPT_INSTALL|DETAIL=rt3_map_g2
0000000000000000000000000000000000000000000000000000000000000000|0000000000000000000000000000000000000000000000000000000000000000|0|3|rt4_TMB-5_MAP_g2_01470.r24|2|1|RICH|690|0|2000|0000000000000000000000000000000000000000000000000000000000000000|RICH|1|690|DISP=ACCEPT_INSTALL|DETAIL=rt3_map_g2
0000000000000000000000000000000000000000000000000000000000000000|0000000000000000000000000000000000000000000000000000000000000000|0|3|rt4_TMB-5_MAP_g2_01471.r24|2|1|RICH|692|0|2000|0000000000000000000000000000000000000000000000000000000000000000|RICH|1|692|DISP=ACCEPT_INSTALL|DETAIL=rt3_map_g2
0000000000000000000000000000000000000000000000000000000000000000|0000000000000000000000000000000000000000000000000000000000000000|0|3|rt4_TMB-5_MAP_g2_01472.r24|2|1|RICH|694|0|2000|0000000000000000000000000000000000000000000000000000000000000000|RICH|1|694|DISP=ACCEPT_INSTALL|DETAIL=rt3_map_g2
0000000000000000000000000000000000000000000000000000000000000000|0000000000000000000000000000000000000000000000000000000000000000|0|3|rt4_TMB-5_MAP_g2_01473.r24|2|1|RICH|696|0|2000|0000000000000000000000000000000000000000000000000000000000000000|RICH|1|696|DISP=ACCEPT_INSTALL|DETAIL=rt3_map_g2
0000000000000000000000000000000000000000000000000000000000000000|0000000000000000000000000000000000000000000000000000000000000000|0|3|rt4_TMB-5_MAP_g2_01474.r24|2|1|RICH|698|0|2000|0000000000000000000000000000000000000000000000000000000000000000|RICH|1|698|DISP=ACCEPT_INSTALL|DETAIL=rt3_map_g2
0000000000000000000000000000000000000000000000000000000000000000|0000000000000000000000000000000000000000000000000000000000000000|0|3|rt4_TMB-5_MAP_g2_01475.r24|2|1|RICH|700|0|2000|0000000000000000000000000000000000000000000000000000000000000000|RICH|1|700|DISP=ACCEPT_INSTALL|DETAIL=rt3_map_g2
0000000000000000000000000000000000000000000000000000000000000000|0000000000000000000000000000000000000000000000000000000000000000|0|3|rt4_TMB-5_MAP_g2_01476.r24|2|1|RICH|702|0|2000|0000000000000000000000000000000000000000000000000000000000000000|RICH|1|702|DISP=ACCEPT_INSTALL|DETAIL=rt3_map_g2
0000000000000000000000000000000000000000000000000000000000000000|0000000000000000000000000000000000000000000000000000000000000000|0|3|rt4_TMB-5_MAP_g2_01477.r24|2|1|RICH|704|0|2000|0000000000000000000000000000000000000000000000000000000000000000|RICH|1|704|DISP=ACCEPT_INSTALL|DETAIL=rt3_map_g2
0000000000000000000000000000000000000000000000000000000000000000|0000000000000000000000000000000000000000000000000000000000000000|0|3|rt4_TMB-5_MAP_g2_01478.r24|2|1|RICH|706|0|2000|0000000000000000000000000000000000000000000000000000000000000000|RICH|1|706|DISP=ACCEPT_INSTALL|DETAIL=rt3_map_g2
0000000000000000000000000000000000000000000000000000000000000000|0000000000000000000000000000000000000000000000000000000000000000|0|3|rt4_TMB-5_MAP_g2_01479.r24|2|1|RICH|708|0|2000|0000000000000000000000000000000000000000000000000000000000000000|RICH|1|708|DISP=ACCEPT_INSTALL|DETAIL=rt3_map_g2
0000000000000000000000000000000000000000000000000000000000000000|0000000000000000000000000000000000000000000000000000000000000000|0|3|rt4_TMB-5_MAP_g2_01480.r24|2|1|RICH|710|0|2000|0000000000000000000000000000000000000000000000000000000000000000|RICH|1|710|DISP=ACCEPT_INSTALL|DETAIL=rt3_map_g2
0000000000000000000000000000000000000000000000000000000000000000|0000000000000000000000000000000000000000000000000000000000000000|0|3|rt4_TMB-5_MAP_g2_01481.r24|2|1|RICH|712|0|2000|0000000000000000000000000000000000000000000000000000000000000000|RICH|1|712|DISP=ACCEPT_INSTALL|DETAIL=rt3_map_g2
0000000000000000000000000000000000000000000000000000000000000000|0000000000000000000000000000000000000000000000000000000000000000|0|3|rt4_TMB-5_MAP_g2_01482.r24|2|1|RICH|714|0|2000|0000000000000000000000000000000000000000000000000000000000000000|RICH|1|714|DISP=ACCEPT_INSTALL|DETAIL=rt3_map_g2
0000000000000000000000000000000000000000000000000000000000000000|0000000000000000000000000000000000000000000000000000000000000000|0|3|rt4_TMB-5_MAP_g2_01483.r24|2|1|RICH|716|0|2000|0000000000000000000000000000000000000000000000000000000000000000|RICH|1|716|DISP=ACCEPT_INSTALL|DETAIL=rt3_map_g2
0000000000000000000000000000000000000000000000000000000000000000|0000000000000000000000000000000000000000000000000000000000000000|0|3|rt4_TMB-5_MAP_g2_01484.r24|2|1|RICH|718|0|2000|0000000000000000000000000000000000000000000000000000000000000000|RICH|1|718|DISP=ACCEPT_INSTALL|DETAIL=rt3_map_g2
0000000000000000000000000000000000000000000000000000000000000000|0000000000000000000000000000000000000000000000000000000000000000|0|3|rt4_TMB-5_MAP_g2_01485.r24|2|1|RICH|720|0|2000|0000000000000000000000000000000000000000000000000000000000000000|RICH|1|720|DISP=ACCEPT_INSTALL|DETAIL=rt3_map_g2
0000000000000000000000000000000000000000000000000000000000000000|0000000000000000000000000000000000000000000000000000000000000000|0|3|rt4_TMB-5_MAP_g2_01486.r24|2|1|RICH|722|0|2000|0000000000000000000000000000000000000000000000000000000000000000|RICH|1|722|DISP=ACCEPT_INSTALL|DETAIL=rt3_map_g2
0000000000000000000000000000000000000000000000000000000000000000|0000000000000000000000000000000000000000000000000000000000000000|0|3|rt4_TMB-5_MAP_g2_01487.r24|2|1|RICH|724|0|2000|0000000000000000000000000000000000000000000000000000000000000000|RICH|1|724|DISP=ACCEPT_INSTALL|DETAIL=rt3_map_g2
0000000000000000000000000000000000000000000000000000000000000000|0000000000000000000000000000000000000000000000000000000000000000|0|3|rt4_TMB-5_MAP_g2_01488.r24|2|1|RICH|726|0|2000|0000000000000000000000000000000000000000000000000000000000000000|RICH|1|726|DISP=ACCEPT_INSTALL|DETAIL=rt3_map_g2
0000000000000000000000000000000000000000000000000000000000000000|0000000000000000000000000000000000000000000000000000000000000000|0|3|rt4_TMB-5_MAP_g2_01489.r24|2|1|RICH|728|0|2000|0000000000000000000000000000000000000000000000000000000000000000|RICH|1|728|DISP=ACCEPT_INSTALL|DETAIL=rt3_map_g2
0000000000000000000000000000000000000000000000000000000000000000|0000000000000000000000000000000000000000000000000000000000000000|0|3|rt4_TMB-5_MAP_g2_01490.r24|2|1|RICH|730|0|2000|0000000000000000000000000000000000000000000000000000000000000000|RICH|1|730|DISP=ACCEPT_INSTALL|DETAIL=rt3_map_g2
0000000000000000000000000000000000000000000000000000000000000000|0000000000000000000000000000000000000000000000000000000000000000|0|3|rt4_TMB-5_MAP_g2_01491.r24|2|1|RICH|690|0|2020|0000000000000000000000000000000000000000000000000000000000000000|RICH|1|690|DISP=ACCEPT_INSTALL|DETAIL=rt3_map_g2
0000000000000000000000000000000000000000000000000000000000000000|0000000000000000000000000000000000000000000000000000000000000000|0|3|rt4_TMB-5_MAP_g2_01492.r24|2|1|RICH|692|0|2020|0000000000000000000000000000000000000000000000000000000000000000|RICH|1|692|DISP=ACCEPT_INSTALL|DETAIL=rt3_map_g2
0000000000000000000000000000000000000000000000000000000000000000|0000000000000000000000000000000000000000000000000000000000000000|0|3|rt4_TMB-5_MAP_g2_01493.r24|2|1|RICH|694|0|2020|0000000000000000000000000000000000000000000000000000000000000000|RICH|1|694|DISP=ACCEPT_INSTALL|DETAIL=rt3_map_g2
0000000000000000000000000000000000000000000000000000000000000000|0000000000000000000000000000000000000000000000000000000000000000|0|3|rt4_TMB-5_MAP_g2_01494.r24|2|1|RICH|696|0|2020|0000000000000000000000000000000000000000000000000000000000000000|RICH|1|696|DISP=ACCEPT_INSTALL|DETAIL=rt3_map_g2
0000000000000000000000000000000000000000000000000000000000000000|0000000000000000000000000000000000000000000000000000000000000000|0|3|rt4_TMB-5_MAP_g2_01495.r24|2|1|RICH|698|0|2020|0000000000000000000000000000000000000000000000000000000000000000|RICH|1|698|DISP=ACCEPT_INSTALL|DETAIL=rt3_map_g2
0000000000000000000000000000000000000000000000000000000000000000|0000000000000000000000000000000000000000000000000000000000000000|0|3|rt4_TMB-5_MAP_g2_01496.r24|2|1|RICH|700|0|2020|0000000000000000000000000000000000000000000000000000000000000000|RICH|1|700|DISP=ACCEPT_INSTALL|DETAIL=rt3_map_g2
0000000000000000000000000000000000000000000000000000000000000000|0000000000000000000000000000000000000000000000000000000000000000|0|3|rt4_TMB-5_MAP_g2_01497.r24|2|1|RICH|702|0|2020|0000000000000000000000000000000000000000000000000000000000000000|RICH|1|702|DISP=ACCEPT_INSTALL|DETAIL=rt3_map_g2
0000000000000000000000000000000000000000000000000000000000000000|0000000000000000000000000000000000000000000000000000000000000000|0|3|rt4_TMB-5_MAP_g2_01498.r24|2|1|RICH|704|0|2020|0000000000000000000000000000000000000000000000000000000000000000|RICH|1|704|DISP=ACCEPT_INSTALL|DETAIL=rt3_map_g2
0000000000000000000000000000000000000000000000000000000000000000|0000000000000000000000000000000000000000000000000000000000000000|0|3|rt4_TMB-5_MAP_g2_01499.r24|2|1|RICH|706|0|2020|0000000000000000000000000000000000000000000000000000000000000000|RICH|1|706|DISP=ACCEPT_INSTALL|DETAIL=rt3_map_g2
0000000000000000000000000000000000000000000000000000000000000000|0000000000000000000000000000000000000000000000000000000000000000|0|3|rt4_TMB-5_MAP_g2_01500.r24|2|1|RICH|708|0|2020|0000000000000000000000000000000000000000000000000000000000000000|RICH|1|708|DISP=ACCEPT_INSTALL|DETAIL=rt3_map_g2
0000000000000000000000000000000000000000000000000000000000000000|0000000000000000000000000000000000000000000000000000000000000000|0|3|rt4_TMB-5_MAP_g2_01501.r24|2|1|RICH|710|0|2020|0000000000000000000000000000000000000000000000000000000000000000|RICH|1|710|DISP=ACCEPT_INSTALL|DETAIL=rt3_map_g2
0000000000000000000000000000000000000000000000000000000000000000|0000000000000000000000000000000000000000000000000000000000000000|0|3|rt4_TMB-5_MAP_g2_01502.r24|2|1|RICH|712|0|2020|0000000000000000000000000000000000000000000000000000000000000000|RICH|1|712|DISP=ACCEPT_INSTALL|DETAIL=rt3_map_g2
0000000000000000000000000000000000000000000000000000000000000000|0000000000000000000000000000000000000000000000000000000000000000|0|3|rt4_TMB-5_MAP_g2_01503.r24|2|1|RICH|714|0|2020|0000000000000000000000000000000000000000000000000000000000000000|RICH|1|714|DISP=ACCEPT_INSTALL|DETAIL=rt3_map_g2
0000000000000000000000000000000000000000000000000000000000000000|0000000000000000000000000000000000000000000000000000000000000000|0|3|rt4_TMB-5_MAP_g2_01504.r24|2|1|RICH|716|0|2020|0000000000000000000000000000000000000000000000000000000000000000|RICH|1|716|DISP=ACCEPT_INSTALL|DETAIL=rt3_map_g2
0000000000000000000000000000000000000000000000000000000000000000|0000000000000000000000000000000000000000000000000000000000000000|0|3|rt4_TMB-5_MAP_g2_01505.r24|2|1|RICH|718|0|2020|0000000000000000000000000000000000000000000000000000000000000000|RICH|1|718|DISP=ACCEPT_INSTALL|DETAIL=rt3_map_g2
0000000000000000000000000000000000000000000000000000000000000000|0000000000000000000000000000000000000000000000000000000000000000|0|3|rt4_TMB-5_MAP_g2_01506.r24|2|1|RICH|720|0|2020|0000000000000000000000000000000000000000000000000000000000000000|RICH|1|720|DISP=ACCEPT_INSTALL|DETAIL=rt3_map_g2
0000000000000000000000000000000000000000000000000000000000000000|0000000000000000000000000000000000000000000000000000000000000000|0|3|rt4_TMB-5_MAP_g2_01507.r24|2|1|RICH|722|0|2020|0000000000000000000000000000000000000000000000000000000000000000|RICH|1|722|DISP=ACCEPT_INSTALL|DETAIL=rt3_map_g2
0000000000000000000000000000000000000000000000000000000000000000|0000000000000000000000000000000000000000000000000000000000000000|0|3|rt4_TMB-5_MAP_g2_01508.r24|2|1|RICH|724|0|2020|0000000000000000000000000000000000000000000000000000000000000000|RICH|1|724|DISP=ACCEPT_INSTALL|DETAIL=rt3_map_g2
0000000000000000000000000000000000000000000000000000000000000000|0000000000000000000000000000000000000000000000000000000000000000|0|3|rt4_TMB-5_MAP_g2_01509.r24|2|1|RICH|726|0|2020|0000000000000000000000000000000000000000000000000000000000000000|RICH|1|726|DISP=ACCEPT_INSTALL|DETAIL=rt3_map_g2
0000000000000000000000000000000000000000000000000000000000000000|0000000000000000000000000000000000000000000000000000000000000000|0|3|rt4_TMB-5_MAP_g2_01510.r24|2|1|RICH|728|0|2020|0000000000000000000000000000000000000000000000000000000000000000|RICH|1|728|DISP=ACCEPT_INSTALL|DETAIL=rt3_map_g2
0000000000000000000000000000000000000000000000000000000000000000|0000000000000000000000000000000000000000000000000000000000000000|0|3|rt4_TMB-5_MAP_g2_01511.r24|2|1|RICH|730|0|2020|0000000000000000000000000000000000000000000000000000000000000000|RICH|1|730|DISP=ACCEPT_INSTALL|DETAIL=rt3_map_g2
0000000000000000000000000000000000000000000000000000000000000000|0000000000000000000000000000000000000000000000000000000000000000|0|3|rt4_TMB-5_MAP_g2_01512.r24|2|1|RICH|690|0|2040|0000000000000000000000000000000000000000000000000000000000000000|RICH|1|690|DISP=ACCEPT_INSTALL|DETAIL=rt3_map_g2
0000000000000000000000000000000000000000000000000000000000000000|0000000000000000000000000000000000000000000000000000000000000000|0|3|rt4_TMB-5_MAP_g2_01513.r24|2|1|RICH|692|0|2040|0000000000000000000000000000000000000000000000000000000000000000|RICH|1|692|DISP=ACCEPT_INSTALL|DETAIL=rt3_map_g2
0000000000000000000000000000000000000000000000000000000000000000|0000000000000000000000000000000000000000000000000000000000000000|0|3|rt4_TMB-5_MAP_g2_01514.r24|2|1|RICH|694|0|2040|0000000000000000000000000000000000000000000000000000000000000000|RICH|1|694|DISP=ACCEPT_INSTALL|DETAIL=rt3_map_g2
0000000000000000000000000000000000000000000000000000000000000000|0000000000000000000000000000000000000000000000000000000000000000|0|3|rt4_TMB-5_MAP_g2_01515.r24|2|1|RICH|696|0|2040|0000000000000000000000000000000000000000000000000000000000000000|RICH|1|696|DISP=ACCEPT_INSTALL|DETAIL=rt3_map_g2
0000000000000000000000000000000000000000000000000000000000000000|0000000000000000000000000000000000000000000000000000000000000000|0|3|rt4_TMB-5_MAP_g2_01516.r24|2|1|RICH|698|0|2040|0000000000000000000000000000000000000000000000000000000000000000|RICH|1|698|DISP=ACCEPT_INSTALL|DETAIL=rt3_map_g2
0000000000000000000000000000000000000000000000000000000000000000|0000000000000000000000000000000000000000000000000000000000000000|0|3|rt4_TMB-5_MAP_g2_01517.r24|2|1|RICH|700|0|2040|0000000000000000000000000000000000000000000000000000000000000000|RICH|1|700|DISP=ACCEPT_INSTALL|DETAIL=rt3_map_g2
0000000000000000000000000000000000000000000000000000000000000000|0000000000000000000000000000000000000000000000000000000000000000|0|3|rt4_TMB-5_MAP_g2_01518.r24|2|1|RICH|702|0|2040|0000000000000000000000000000000000000000000000000000000000000000|RICH|1|702|DISP=ACCEPT_INSTALL|DETAIL=rt3_map_g2
0000000000000000000000000000000000000000000000000000000000000000|0000000000000000000000000000000000000000000000000000000000000000|0|3|rt4_TMB-5_MAP_g2_01519.r24|2|1|RICH|704|0|2040|0000000000000000000000000000000000000000000000000000000000000000|RICH|1|704|DISP=ACCEPT_INSTALL|DETAIL=rt3_map_g2
0000000000000000000000000000000000000000000000000000000000000000|0000000000000000000000000000000000000000000000000000000000000000|0|3|rt4_TMB-5_MAP_g2_01520.r24|2|1|RICH|706|0|2040|0000000000000000000000000000000000000000000000000000000000000000|RICH|1|706|DISP=ACCEPT_INSTALL|DETAIL=rt3_map_g2
0000000000000000000000000000000000000000000000000000000000000000|0000000000000000000000000000000000000000000000000000000000000000|0|3|rt4_TMB-5_MAP_g2_01521.r24|2|1|RICH|708|0|2040|0000000000000000000000000000000000000000000000000000000000000000|RICH|1|708|DISP=ACCEPT_INSTALL|DETAIL=rt3_map_g2
0000000000000000000000000000000000000000000000000000000000000000|0000000000000000000000000000000000000000000000000000000000000000|0|3|rt4_TMB-5_MAP_g2_01522.r24|2|1|RICH|710|0|2040|0000000000000000000000000000000000000000000000000000000000000000|RICH|1|710|DISP=ACCEPT_INSTALL|DETAIL=rt3_map_g2
0000000000000000000000000000000000000000000000000000000000000000|0000000000000000000000000000000000000000000000000000000000000000|0|3|rt4_TMB-5_MAP_g2_01523.r24|2|1|RICH|712|0|2040|0000000000000000000000000000000000000000000000000000000000000000|RICH|1|712|DISP=ACCEPT_INSTALL|DETAIL=rt3_map_g2
0000000000000000000000000000000000000000000000000000000000000000|0000000000000000000000000000000000000000000000000000000000000000|0|3|rt4_TMB-5_MAP_g2_01524.r24|2|1|RICH|714|0|2040|0000000000000000000000000000000000000000000000000000000000000000|RICH|1|714|DISP=ACCEPT_INSTALL|DETAIL=rt3_map_g2
0000000000000000000000000000000000000000000000000000000000000000|0000000000000000000000000000000000000000000000000000000000000000|0|3|rt4_TMB-5_MAP_g2_01525.r24|2|1|RICH|716|0|2040|0000000000000000000000000000000000000000000000000000000000000000|RICH|1|716|DISP=ACCEPT_INSTALL|DETAIL=rt3_map_g2
0000000000000000000000000000000000000000000000000000000000000000|0000000000000000000000000000000000000000000000000000000000000000|0|3|rt4_TMB-5_MAP_g2_01526.r24|2|1|RICH|718|0|2040|0000000000000000000000000000000000000000000000000000000000000000|RICH|1|718|DISP=ACCEPT_INSTALL|DETAIL=rt3_map_g2
0000000000000000000000000000000000000000000000000000000000000000|0000000000000000000000000000000000000000000000000000000000000000|0|3|rt4_TMB-5_MAP_g2_01527.r24|2|1|RICH|720|0|2040|0000000000000000000000000000000000000000000000000000000000000000|RICH|1|720|DISP=ACCEPT_INSTALL|DETAIL=rt3_map_g2
0000000000000000000000000000000000000000000000000000000000000000|0000000000000000000000000000000000000000000000000000000000000000|0|3|rt4_TMB-5_MAP_g2_01528.r24|2|1|RICH|722|0|2040|0000000000000000000000000000000000000000000000000000000000000000|RICH|1|722|DISP=ACCEPT_INSTALL|DETAIL=rt3_map_g2
0000000000000000000000000000000000000000000000000000000000000000|0000000000000000000000000000000000000000000000000000000000000000|0|3|rt4_TMB-5_MAP_g2_01529.r24|2|1|RICH|724|0|2040|0000000000000000000000000000000000000000000000000000000000000000|RICH|1|724|DISP=ACCEPT_INSTALL|DETAIL=rt3_map_g2
0000000000000000000000000000000000000000000000000000000000000000|0000000000000000000000000000000000000000000000000000000000000000|0|3|rt4_TMB-5_MAP_g2_01530.r24|2|1|RICH|726|0|2040|0000000000000000000000000000000000000000000000000000000000000000|RICH|1|726|DISP=ACCEPT_INSTALL|DETAIL=rt3_map_g2
0000000000000000000000000000000000000000000000000000000000000000|0000000000000000000000000000000000000000000000000000000000000000|0|3|rt4_TMB-5_MAP_g2_01531.r24|2|1|RICH|728|0|2040|0000000000000000000000000000000000000000000000000000000000000000|RICH|1|728|DISP=ACCEPT_INSTALL|DETAIL=rt3_map_g2
0000000000000000000000000000000000000000000000000000000000000000|0000000000000000000000000000000000000000000000000000000000000000|0|3|rt4_TMB-5_MAP_g2_01532.r24|2|1|RICH|730|0|2040|0000000000000000000000000000000000000000000000000000000000000000|RICH|1|730|DISP=ACCEPT_INSTALL|DETAIL=rt3_map_g2
0000000000000000000000000000000000000000000000000000000000000000|0000000000000000000000000000000000000000000000000000000000000000|0|3|rt4_TMB-5_MAP_g2_01533.r24|2|1|RICH|690|0|2060|0000000000000000000000000000000000000000000000000000000000000000|RICH|1|690|DISP=ACCEPT_INSTALL|DETAIL=rt3_map_g2
0000000000000000000000000000000000000000000000000000000000000000|0000000000000000000000000000000000000000000000000000000000000000|0|3|rt4_TMB-5_MAP_g2_01534.r24|2|1|RICH|692|0|2060|0000000000000000000000000000000000000000000000000000000000000000|RICH|1|692|DISP=ACCEPT_INSTALL|DETAIL=rt3_map_g2
0000000000000000000000000000000000000000000000000000000000000000|0000000000000000000000000000000000000000000000000000000000000000|0|3|rt4_TMB-5_MAP_g2_01535.r24|2|1|RICH|694|0|2060|0000000000000000000000000000000000000000000000000000000000000000|RICH|1|694|DISP=ACCEPT_INSTALL|DETAIL=rt3_map_g2
0000000000000000000000000000000000000000000000000000000000000000|0000000000000000000000000000000000000000000000000000000000000000|0|3|rt4_TMB-5_MAP_g2_01536.r24|2|1|RICH|696|0|2060|0000000000000000000000000000000000000000000000000000000000000000|RICH|1|696|DISP=ACCEPT_INSTALL|DETAIL=rt3_map_g2
0000000000000000000000000000000000000000000000000000000000000000|0000000000000000000000000000000000000000000000000000000000000000|0|3|rt4_TMB-5_MAP_g2_01537.r24|2|1|RICH|698|0|2060|0000000000000000000000000000000000000000000000000000000000000000|RICH|1|698|DISP=ACCEPT_INSTALL|DETAIL=rt3_map_g2
0000000000000000000000000000000000000000000000000000000000000000|0000000000000000000000000000000000000000000000000000000000000000|0|3|rt4_TMB-5_MAP_g2_01538.r24|2|1|RICH|700|0|2060|0000000000000000000000000000000000000000000000000000000000000000|RICH|1|700|DISP=ACCEPT_INSTALL|DETAIL=rt3_map_g2
0000000000000000000000000000000000000000000000000000000000000000|0000000000000000000000000000000000000000000000000000000000000000|0|3|rt4_TMB-5_MAP_g2_01539.r24|2|1|RICH|702|0|2060|0000000000000000000000000000000000000000000000000000000000000000|RICH|1|702|DISP=ACCEPT_INSTALL|DETAIL=rt3_map_g2
0000000000000000000000000000000000000000000000000000000000000000|0000000000000000000000000000000000000000000000000000000000000000|0|3|rt4_TMB-5_MAP_g2_01540.r24|2|1|RICH|704|0|2060|0000000000000000000000000000000000000000000000000000000000000000|RICH|1|704|DISP=ACCEPT_INSTALL|DETAIL=rt3_map_g2
0000000000000000000000000000000000000000000000000000000000000000|0000000000000000000000000000000000000000000000000000000000000000|0|3|rt4_TMB-5_MAP_g2_01541.r24|2|1|RICH|706|0|2060|0000000000000000000000000000000000000000000000000000000000000000|RICH|1|706|DISP=ACCEPT_INSTALL|DETAIL=rt3_map_g2
0000000000000000000000000000000000000000000000000000000000000000|0000000000000000000000000000000000000000000000000000000000000000|0|3|rt4_TMB-5_MAP_g2_01542.r24|2|1|RICH|708|0|2060|0000000000000000000000000000000000000000000000000000000000000000|RICH|1|708|DISP=ACCEPT_INSTALL|DETAIL=rt3_map_g2
0000000000000000000000000000000000000000000000000000000000000000|0000000000000000000000000000000000000000000000000000000000000000|0|3|rt4_TMB-5_MAP_g2_01543.r24|2|1|RICH|710|0|2060|0000000000000000000000000000000000000000000000000000000000000000|RICH|1|710|DISP=ACCEPT_INSTALL|DETAIL=rt3_map_g2
0000000000000000000000000000000000000000000000000000000000000000|0000000000000000000000000000000000000000000000000000000000000000|0|3|rt4_TMB-5_MAP_g2_01544.r24|2|1|RICH|712|0|2060|0000000000000000000000000000000000000000000000000000000000000000|RICH|1|712|DISP=ACCEPT_INSTALL|DETAIL=rt3_map_g2
0000000000000000000000000000000000000000000000000000000000000000|0000000000000000000000000000000000000000000000000000000000000000|0|3|rt4_TMB-5_MAP_g2_01545.r24|2|1|RICH|714|0|2060|0000000000000000000000000000000000000000000000000000000000000000|RICH|1|714|DISP=ACCEPT_INSTALL|DETAIL=rt3_map_g2
0000000000000000000000000000000000000000000000000000000000000000|0000000000000000000000000000000000000000000000000000000000000000|0|3|rt4_TMB-5_MAP_g2_01546.r24|2|1|RICH|716|0|2060|0000000000000000000000000000000000000000000000000000000000000000|RICH|1|716|DISP=ACCEPT_INSTALL|DETAIL=rt3_map_g2
0000000000000000000000000000000000000000000000000000000000000000|0000000000000000000000000000000000000000000000000000000000000000|0|3|rt4_TMB-5_MAP_g2_01547.r24|2|1|RICH|718|0|2060|0000000000000000000000000000000000000000000000000000000000000000|RICH|1|718|DISP=ACCEPT_INSTALL|DETAIL=rt3_map_g2
0000000000000000000000000000000000000000000000000000000000000000|0000000000000000000000000000000000000000000000000000000000000000|0|3|rt4_TMB-5_MAP_g2_01548.r24|2|1|RICH|720|0|2060|0000000000000000000000000000000000000000000000000000000000000000|RICH|1|720|DISP=ACCEPT_INSTALL|DETAIL=rt3_map_g2
0000000000000000000000000000000000000000000000000000000000000000|0000000000000000000000000000000000000000000000000000000000000000|0|3|rt4_TMB-5_MAP_g2_01549.r24|2|1|RICH|722|0|2060|0000000000000000000000000000000000000000000000000000000000000000|RICH|1|722|DISP=ACCEPT_INSTALL|DETAIL=rt3_map_g2
0000000000000000000000000000000000000000000000000000000000000000|0000000000000000000000000000000000000000000000000000000000000000|0|3|rt4_TMB-5_MAP_g2_01550.r24|2|1|RICH|724|0|2060|0000000000000000000000000000000000000000000000000000000000000000|RICH|1|724|DISP=ACCEPT_INSTALL|DETAIL=rt3_map_g2
0000000000000000000000000000000000000000000000000000000000000000|0000000000000000000000000000000000000000000000000000000000000000|0|3|rt4_TMB-5_MAP_g2_01551.r24|2|1|RICH|726|0|2060|0000000000000000000000000000000000000000000000000000000000000000|RICH|1|726|DISP=ACCEPT_INSTALL|DETAIL=rt3_map_g2
0000000000000000000000000000000000000000000000000000000000000000|0000000000000000000000000000000000000000000000000000000000000000|0|3|rt4_TMB-5_MAP_g2_01552.r24|2|1|RICH|728|0|2060|0000000000000000000000000000000000000000000000000000000000000000|RICH|1|728|DISP=ACCEPT_INSTALL|DETAIL=rt3_map_g2
0000000000000000000000000000000000000000000000000000000000000000|0000000000000000000000000000000000000000000000000000000000000000|0|3|rt4_TMB-5_MAP_g2_01553.r24|2|1|RICH|730|0|2060|0000000000000000000000000000000000000000000000000000000000000000|RICH|1|730|DISP=ACCEPT_INSTALL|DETAIL=rt3_map_g2
0000000000000000000000000000000000000000000000000000000000000000|0000000000000000000000000000000000000000000000000000000000000000|0|3|rt4_TMB-5_MAP_g2_01554.r24|2|1|RICH|690|0|2080|0000000000000000000000000000000000000000000000000000000000000000|RICH|1|690|DISP=ACCEPT_INSTALL|DETAIL=rt3_map_g2
0000000000000000000000000000000000000000000000000000000000000000|0000000000000000000000000000000000000000000000000000000000000000|0|3|rt4_TMB-5_MAP_g2_01555.r24|2|1|RICH|692|0|2080|0000000000000000000000000000000000000000000000000000000000000000|RICH|1|692|DISP=ACCEPT_INSTALL|DETAIL=rt3_map_g2
0000000000000000000000000000000000000000000000000000000000000000|0000000000000000000000000000000000000000000000000000000000000000|0|3|rt4_TMB-5_MAP_g2_01556.r24|2|1|RICH|694|0|2080|0000000000000000000000000000000000000000000000000000000000000000|RICH|1|694|DISP=ACCEPT_INSTALL|DETAIL=rt3_map_g2
0000000000000000000000000000000000000000000000000000000000000000|0000000000000000000000000000000000000000000000000000000000000000|0|3|rt4_TMB-5_MAP_g2_01557.r24|2|1|RICH|696|0|2080|0000000000000000000000000000000000000000000000000000000000000000|RICH|1|696|DISP=ACCEPT_INSTALL|DETAIL=rt3_map_g2
0000000000000000000000000000000000000000000000000000000000000000|0000000000000000000000000000000000000000000000000000000000000000|0|3|rt4_TMB-5_MAP_g2_01558.r24|2|1|RICH|698|0|2080|0000000000000000000000000000000000000000000000000000000000000000|RICH|1|698|DISP=ACCEPT_INSTALL|DETAIL=rt3_map_g2
0000000000000000000000000000000000000000000000000000000000000000|0000000000000000000000000000000000000000000000000000000000000000|0|3|rt4_TMB-5_MAP_g2_01559.r24|2|1|RICH|700|0|2080|0000000000000000000000000000000000000000000000000000000000000000|RICH|1|700|DISP=ACCEPT_INSTALL|DETAIL=rt3_map_g2
0000000000000000000000000000000000000000000000000000000000000000|0000000000000000000000000000000000000000000000000000000000000000|0|3|rt4_TMB-5_MAP_g2_01560.r24|2|1|RICH|702|0|2080|0000000000000000000000000000000000000000000000000000000000000000|RICH|1|702|DISP=ACCEPT_INSTALL|DETAIL=rt3_map_g2
0000000000000000000000000000000000000000000000000000000000000000|0000000000000000000000000000000000000000000000000000000000000000|0|3|rt4_TMB-5_MAP_g2_01561.r24|2|1|RICH|704|0|2080|0000000000000000000000000000000000000000000000000000000000000000|RICH|1|704|DISP=ACCEPT_INSTALL|DETAIL=rt3_map_g2
0000000000000000000000000000000000000000000000000000000000000000|0000000000000000000000000000000000000000000000000000000000000000|0|3|rt4_TMB-5_MAP_g2_01562.r24|2|1|RICH|706|0|2080|0000000000000000000000000000000000000000000000000000000000000000|RICH|1|706|DISP=ACCEPT_INSTALL|DETAIL=rt3_map_g2
0000000000000000000000000000000000000000000000000000000000000000|0000000000000000000000000000000000000000000000000000000000000000|0|3|rt4_TMB-5_MAP_g2_01563.r24|2|1|RICH|708|0|2080|0000000000000000000000000000000000000000000000000000000000000000|RICH|1|708|DISP=ACCEPT_INSTALL|DETAIL=rt3_map_g2
0000000000000000000000000000000000000000000000000000000000000000|0000000000000000000000000000000000000000000000000000000000000000|0|3|rt4_TMB-5_MAP_g2_01564.r24|2|1|RICH|710|0|2080|0000000000000000000000000000000000000000000000000000000000000000|RICH|1|710|DISP=ACCEPT_INSTALL|DETAIL=rt3_map_g2
0000000000000000000000000000000000000000000000000000000000000000|0000000000000000000000000000000000000000000000000000000000000000|0|3|rt4_TMB-5_MAP_g2_01565.r24|2|1|RICH|712|0|2080|0000000000000000000000000000000000000000000000000000000000000000|RICH|1|712|DISP=ACCEPT_INSTALL|DETAIL=rt3_map_g2
0000000000000000000000000000000000000000000000000000000000000000|0000000000000000000000000000000000000000000000000000000000000000|0|3|rt4_TMB-5_MAP_g2_01566.r24|2|1|RICH|714|0|2080|0000000000000000000000000000000000000000000000000000000000000000|RICH|1|714|DISP=ACCEPT_INSTALL|DETAIL=rt3_map_g2
0000000000000000000000000000000000000000000000000000000000000000|0000000000000000000000000000000000000000000000000000000000000000|0|3|rt4_TMB-5_MAP_g2_01567.r24|2|1|RICH|716|0|2080|0000000000000000000000000000000000000000000000000000000000000000|RICH|1|716|DISP=ACCEPT_INSTALL|DETAIL=rt3_map_g2
0000000000000000000000000000000000000000000000000000000000000000|0000000000000000000000000000000000000000000000000000000000000000|0|3|rt4_TMB-5_MAP_g2_01568.r24|2|1|RICH|718|0|2080|0000000000000000000000000000000000000000000000000000000000000000|RICH|1|718|DISP=ACCEPT_INSTALL|DETAIL=rt3_map_g2
0000000000000000000000000000000000000000000000000000000000000000|0000000000000000000000000000000000000000000000000000000000000000|0|3|rt4_TMB-5_MAP_g2_01569.r24|2|1|RICH|720|0|2080|0000000000000000000000000000000000000000000000000000000000000000|RICH|1|720|DISP=ACCEPT_INSTALL|DETAIL=rt3_map_g2
0000000000000000000000000000000000000000000000000000000000000000|0000000000000000000000000000000000000000000000000000000000000000|0|3|rt4_TMB-5_MAP_g2_01570.r24|2|1|RICH|722|0|2080|0000000000000000000000000000000000000000000000000000000000000000|RICH|1|722|DISP=ACCEPT_INSTALL|DETAIL=rt3_map_g2
0000000000000000000000000000000000000000000000000000000000000000|0000000000000000000000000000000000000000000000000000000000000000|0|3|rt4_TMB-5_MAP_g2_01571.r24|2|1|RICH|724|0|2080|0000000000000000000000000000000000000000000000000000000000000000|RICH|1|724|DISP=ACCEPT_INSTALL|DETAIL=rt3_map_g2
0000000000000000000000000000000000000000000000000000000000000000|0000000000000000000000000000000000000000000000000000000000000000|0|3|rt4_TMB-5_MAP_g2_01572.r24|2|1|RICH|726|0|2080|0000000000000000000000000000000000000000000000000000000000000000|RICH|1|726|DISP=ACCEPT_INSTALL|DETAIL=rt3_map_g2
0000000000000000000000000000000000000000000000000000000000000000|0000000000000000000000000000000000000000000000000000000000000000|0|3|rt4_TMB-5_MAP_g2_01573.r24|2|1|RICH|728|0|2080|0000000000000000000000000000000000000000000000000000000000000000|RICH|1|728|DISP=ACCEPT_INSTALL|DETAIL=rt3_map_g2
0000000000000000000000000000000000000000000000000000000000000000|0000000000000000000000000000000000000000000000000000000000000000|0|3|rt4_TMB-5_MAP_g2_01574.r24|2|1|RICH|730|0|2080|0000000000000000000000000000000000000000000000000000000000000000|RICH|1|730|DISP=ACCEPT_INSTALL|DETAIL=rt3_map_g2
0000000000000000000000000000000000000000000000000000000000000000|0000000000000000000000000000000000000000000000000000000000000000|0|3|rt4_TMB-5_MAP_g2_01575.r24|2|1|RICH|690|0|2100|0000000000000000000000000000000000000000000000000000000000000000|RICH|1|690|DISP=ACCEPT_INSTALL|DETAIL=rt3_map_g2
0000000000000000000000000000000000000000000000000000000000000000|0000000000000000000000000000000000000000000000000000000000000000|0|3|rt4_TMB-5_MAP_g2_01576.r24|2|1|RICH|692|0|2100|0000000000000000000000000000000000000000000000000000000000000000|RICH|1|692|DISP=ACCEPT_INSTALL|DETAIL=rt3_map_g2
0000000000000000000000000000000000000000000000000000000000000000|0000000000000000000000000000000000000000000000000000000000000000|0|3|rt4_TMB-5_MAP_g2_01577.r24|2|1|RICH|694|0|2100|0000000000000000000000000000000000000000000000000000000000000000|RICH|1|694|DISP=ACCEPT_INSTALL|DETAIL=rt3_map_g2
0000000000000000000000000000000000000000000000000000000000000000|0000000000000000000000000000000000000000000000000000000000000000|0|3|rt4_TMB-5_MAP_g2_01578.r24|2|1|RICH|696|0|2100|0000000000000000000000000000000000000000000000000000000000000000|RICH|1|696|DISP=ACCEPT_INSTALL|DETAIL=rt3_map_g2
0000000000000000000000000000000000000000000000000000000000000000|0000000000000000000000000000000000000000000000000000000000000000|0|3|rt4_TMB-5_MAP_g2_01579.r24|2|1|RICH|698|0|2100|0000000000000000000000000000000000000000000000000000000000000000|RICH|1|698|DISP=ACCEPT_INSTALL|DETAIL=rt3_map_g2
0000000000000000000000000000000000000000000000000000000000000000|0000000000000000000000000000000000000000000000000000000000000000|0|3|rt4_TMB-5_MAP_g2_01580.r24|2|1|RICH|700|0|2100|0000000000000000000000000000000000000000000000000000000000000000|RICH|1|700|DISP=ACCEPT_INSTALL|DETAIL=rt3_map_g2
0000000000000000000000000000000000000000000000000000000000000000|0000000000000000000000000000000000000000000000000000000000000000|0|3|rt4_TMB-5_MAP_g2_01581.r24|2|1|RICH|702|0|2100|0000000000000000000000000000000000000000000000000000000000000000|RICH|1|702|DISP=ACCEPT_INSTALL|DETAIL=rt3_map_g2
0000000000000000000000000000000000000000000000000000000000000000|0000000000000000000000000000000000000000000000000000000000000000|0|3|rt4_TMB-5_MAP_g2_01582.r24|2|1|RICH|704|0|2100|0000000000000000000000000000000000000000000000000000000000000000|RICH|1|704|DISP=ACCEPT_INSTALL|DETAIL=rt3_map_g2
0000000000000000000000000000000000000000000000000000000000000000|0000000000000000000000000000000000000000000000000000000000000000|0|3|rt4_TMB-5_MAP_g2_01583.r24|2|1|RICH|706|0|2100|0000000000000000000000000000000000000000000000000000000000000000|RICH|1|706|DISP=ACCEPT_INSTALL|DETAIL=rt3_map_g2
0000000000000000000000000000000000000000000000000000000000000000|0000000000000000000000000000000000000000000000000000000000000000|0|3|rt4_TMB-5_MAP_g2_01584.r24|2|1|RICH|708|0|2100|0000000000000000000000000000000000000000000000000000000000000000|RICH|1|708|DISP=ACCEPT_INSTALL|DETAIL=rt3_map_g2
0000000000000000000000000000000000000000000000000000000000000000|0000000000000000000000000000000000000000000000000000000000000000|0|3|rt4_TMB-5_MAP_g2_01585.r24|2|1|RICH|710|0|2100|0000000000000000000000000000000000000000000000000000000000000000|RICH|1|710|DISP=ACCEPT_INSTALL|DETAIL=rt3_map_g2
0000000000000000000000000000000000000000000000000000000000000000|0000000000000000000000000000000000000000000000000000000000000000|0|3|rt4_TMB-5_MAP_g2_01586.r24|2|1|RICH|712|0|2100|0000000000000000000000000000000000000000000000000000000000000000|RICH|1|712|DISP=ACCEPT_INSTALL|DETAIL=rt3_map_g2
0000000000000000000000000000000000000000000000000000000000000000|0000000000000000000000000000000000000000000000000000000000000000|0|3|rt4_TMB-5_MAP_g2_01587.r24|2|1|RICH|714|0|2100|0000000000000000000000000000000000000000000000000000000000000000|RICH|1|714|DISP=ACCEPT_INSTALL|DETAIL=rt3_map_g2
0000000000000000000000000000000000000000000000000000000000000000|0000000000000000000000000000000000000000000000000000000000000000|0|3|rt4_TMB-5_MAP_g2_01588.r24|2|1|RICH|716|0|2100|0000000000000000000000000000000000000000000000000000000000000000|RICH|1|716|DISP=ACCEPT_INSTALL|DETAIL=rt3_map_g2
0000000000000000000000000000000000000000000000000000000000000000|0000000000000000000000000000000000000000000000000000000000000000|0|3|rt4_TMB-5_MAP_g2_01589.r24|2|1|RICH|718|0|2100|0000000000000000000000000000000000000000000000000000000000000000|RICH|1|718|DISP=ACCEPT_INSTALL|DETAIL=rt3_map_g2
0000000000000000000000000000000000000000000000000000000000000000|0000000000000000000000000000000000000000000000000000000000000000|0|3|rt4_TMB-5_MAP_g2_01590.r24|2|1|RICH|720|0|2100|0000000000000000000000000000000000000000000000000000000000000000|RICH|1|720|DISP=ACCEPT_INSTALL|DETAIL=rt3_map_g2
0000000000000000000000000000000000000000000000000000000000000000|0000000000000000000000000000000000000000000000000000000000000000|0|3|rt4_TMB-5_MAP_g2_01591.r24|2|1|RICH|722|0|2100|0000000000000000000000000000000000000000000000000000000000000000|RICH|1|722|DISP=ACCEPT_INSTALL|DETAIL=rt3_map_g2
0000000000000000000000000000000000000000000000000000000000000000|0000000000000000000000000000000000000000000000000000000000000000|0|3|rt4_TMB-5_MAP_g2_01592.r24|2|1|RICH|724|0|2100|0000000000000000000000000000000000000000000000000000000000000000|RICH|1|724|DISP=ACCEPT_INSTALL|DETAIL=rt3_map_g2
0000000000000000000000000000000000000000000000000000000000000000|0000000000000000000000000000000000000000000000000000000000000000|0|3|rt4_TMB-5_MAP_g2_01593.r24|2|1|RICH|726|0|2100|0000000000000000000000000000000000000000000000000000000000000000|RICH|1|726|DISP=ACCEPT_INSTALL|DETAIL=rt3_map_g2
0000000000000000000000000000000000000000000000000000000000000000|0000000000000000000000000000000000000000000000000000000000000000|0|3|rt4_TMB-5_MAP_g2_01594.r24|2|1|RICH|728|0|2100|0000000000000000000000000000000000000000000000000000000000000000|RICH|1|728|DISP=ACCEPT_INSTALL|DETAIL=rt3_map_g2
0000000000000000000000000000000000000000000000000000000000000000|0000000000000000000000000000000000000000000000000000000000000000|0|3|rt4_TMB-5_MAP_g2_01595.r24|2|1|RICH|730|0|2100|0000000000000000000000000000000000000000000000000000000000000000|RICH|1|730|DISP=ACCEPT_INSTALL|DETAIL=rt3_map_g2
0000000000000000000000000000000000000000000000000000000000000000|0000000000000000000000000000000000000000000000000000000000000000|0|3|rt4_TMB-5_MAP_g2_01596.r24|2|1|RICH|690|0|2120|0000000000000000000000000000000000000000000000000000000000000000|RICH|1|690|DISP=ACCEPT_INSTALL|DETAIL=rt3_map_g2
0000000000000000000000000000000000000000000000000000000000000000|0000000000000000000000000000000000000000000000000000000000000000|0|3|rt4_TMB-5_MAP_g2_01597.r24|2|1|RICH|692|0|2120|0000000000000000000000000000000000000000000000000000000000000000|RICH|1|692|DISP=ACCEPT_INSTALL|DETAIL=rt3_map_g2
0000000000000000000000000000000000000000000000000000000000000000|0000000000000000000000000000000000000000000000000000000000000000|0|3|rt4_TMB-5_MAP_g2_01598.r24|2|1|RICH|694|0|2120|0000000000000000000000000000000000000000000000000000000000000000|RICH|1|694|DISP=ACCEPT_INSTALL|DETAIL=rt3_map_g2
0000000000000000000000000000000000000000000000000000000000000000|0000000000000000000000000000000000000000000000000000000000000000|0|3|rt4_TMB-5_MAP_g2_01599.r24|2|1|RICH|696|0|2120|0000000000000000000000000000000000000000000000000000000000000000|RICH|1|696|DISP=ACCEPT_INSTALL|DETAIL=rt3_map_g2
0000000000000000000000000000000000000000000000000000000000000000|0000000000000000000000000000000000000000000000000000000000000000|0|3|rt4_TMB-5_MAP_g2_01600.r24|2|1|RICH|698|0|2120|0000000000000000000000000000000000000000000000000000000000000000|RICH|1|698|DISP=ACCEPT_INSTALL|DETAIL=rt3_map_g2
0000000000000000000000000000000000000000000000000000000000000000|0000000000000000000000000000000000000000000000000000000000000000|0|3|rt4_TMB-5_MAP_g2_01601.r24|2|1|RICH|700|0|2120|0000000000000000000000000000000000000000000000000000000000000000|RICH|1|700|DISP=ACCEPT_INSTALL|DETAIL=rt3_map_g2
0000000000000000000000000000000000000000000000000000000000000000|0000000000000000000000000000000000000000000000000000000000000000|0|3|rt4_TMB-5_MAP_g2_01602.r24|2|1|RICH|702|0|2120|0000000000000000000000000000000000000000000000000000000000000000|RICH|1|702|DISP=ACCEPT_INSTALL|DETAIL=rt3_map_g2
0000000000000000000000000000000000000000000000000000000000000000|0000000000000000000000000000000000000000000000000000000000000000|0|3|rt4_TMB-5_MAP_g2_01603.r24|2|1|RICH|704|0|2120|0000000000000000000000000000000000000000000000000000000000000000|RICH|1|704|DISP=ACCEPT_INSTALL|DETAIL=rt3_map_g2
0000000000000000000000000000000000000000000000000000000000000000|0000000000000000000000000000000000000000000000000000000000000000|0|3|rt4_TMB-5_MAP_g2_01604.r24|2|1|RICH|706|0|2120|0000000000000000000000000000000000000000000000000000000000000000|RICH|1|706|DISP=ACCEPT_INSTALL|DETAIL=rt3_map_g2
0000000000000000000000000000000000000000000000000000000000000000|0000000000000000000000000000000000000000000000000000000000000000|0|3|rt4_TMB-5_MAP_g2_01605.r24|2|1|RICH|708|0|2120|0000000000000000000000000000000000000000000000000000000000000000|RICH|1|708|DISP=ACCEPT_INSTALL|DETAIL=rt3_map_g2
0000000000000000000000000000000000000000000000000000000000000000|0000000000000000000000000000000000000000000000000000000000000000|0|3|rt4_TMB-5_MAP_g2_01606.r24|2|1|RICH|710|0|2120|0000000000000000000000000000000000000000000000000000000000000000|RICH|1|710|DISP=ACCEPT_INSTALL|DETAIL=rt3_map_g2
0000000000000000000000000000000000000000000000000000000000000000|0000000000000000000000000000000000000000000000000000000000000000|0|3|rt4_TMB-5_MAP_g2_01607.r24|2|1|RICH|712|0|2120|0000000000000000000000000000000000000000000000000000000000000000|RICH|1|712|DISP=ACCEPT_INSTALL|DETAIL=rt3_map_g2
0000000000000000000000000000000000000000000000000000000000000000|0000000000000000000000000000000000000000000000000000000000000000|0|3|rt4_TMB-5_MAP_g2_01608.r24|2|1|RICH|714|0|2120|0000000000000000000000000000000000000000000000000000000000000000|RICH|1|714|DISP=ACCEPT_INSTALL|DETAIL=rt3_map_g2
0000000000000000000000000000000000000000000000000000000000000000|0000000000000000000000000000000000000000000000000000000000000000|0|3|rt4_TMB-5_MAP_g2_01609.r24|2|1|RICH|716|0|2120|0000000000000000000000000000000000000000000000000000000000000000|RICH|1|716|DISP=ACCEPT_INSTALL|DETAIL=rt3_map_g2
0000000000000000000000000000000000000000000000000000000000000000|0000000000000000000000000000000000000000000000000000000000000000|0|3|rt4_TMB-5_MAP_g2_01610.r24|2|1|RICH|718|0|2120|0000000000000000000000000000000000000000000000000000000000000000|RICH|1|718|DISP=ACCEPT_INSTALL|DETAIL=rt3_map_g2
0000000000000000000000000000000000000000000000000000000000000000|0000000000000000000000000000000000000000000000000000000000000000|0|3|rt4_TMB-5_MAP_g2_01611.r24|2|1|RICH|720|0|2120|0000000000000000000000000000000000000000000000000000000000000000|RICH|1|720|DISP=ACCEPT_INSTALL|DETAIL=rt3_map_g2
0000000000000000000000000000000000000000000000000000000000000000|0000000000000000000000000000000000000000000000000000000000000000|0|3|rt4_TMB-5_MAP_g2_01612.r24|2|1|RICH|722|0|2120|0000000000000000000000000000000000000000000000000000000000000000|RICH|1|722|DISP=ACCEPT_INSTALL|DETAIL=rt3_map_g2
0000000000000000000000000000000000000000000000000000000000000000|0000000000000000000000000000000000000000000000000000000000000000|0|3|rt4_TMB-5_MAP_g2_01613.r24|2|1|RICH|724|0|2120|0000000000000000000000000000000000000000000000000000000000000000|RICH|1|724|DISP=ACCEPT_INSTALL|DETAIL=rt3_map_g2
0000000000000000000000000000000000000000000000000000000000000000|0000000000000000000000000000000000000000000000000000000000000000|0|3|rt4_TMB-5_MAP_g2_01614.r24|2|1|RICH|726|0|2120|0000000000000000000000000000000000000000000000000000000000000000|RICH|1|726|DISP=ACCEPT_INSTALL|DETAIL=rt3_map_g2
0000000000000000000000000000000000000000000000000000000000000000|0000000000000000000000000000000000000000000000000000000000000000|0|3|rt4_TMB-5_MAP_g2_01615.r24|2|1|RICH|728|0|2120|0000000000000000000000000000000000000000000000000000000000000000|RICH|1|728|DISP=ACCEPT_INSTALL|DETAIL=rt3_map_g2
0000000000000000000000000000000000000000000000000000000000000000|0000000000000000000000000000000000000000000000000000000000000000|0|3|rt4_TMB-5_MAP_g2_01616.r24|2|1|RICH|730|0|2120|0000000000000000000000000000000000000000000000000000000000000000|RICH|1|730|DISP=ACCEPT_INSTALL|DETAIL=rt3_map_g2
0000000000000000000000000000000000000000000000000000000000000000|0000000000000000000000000000000000000000000000000000000000000000|0|3|rt4_TMB-5_MAP_g2_01617.r24|2|1|RICH|690|0|2140|0000000000000000000000000000000000000000000000000000000000000000|RICH|1|690|DISP=ACCEPT_INSTALL|DETAIL=rt3_map_g2
0000000000000000000000000000000000000000000000000000000000000000|0000000000000000000000000000000000000000000000000000000000000000|0|3|rt4_TMB-5_MAP_g2_01618.r24|2|1|RICH|692|0|2140|0000000000000000000000000000000000000000000000000000000000000000|RICH|1|692|DISP=ACCEPT_INSTALL|DETAIL=rt3_map_g2
0000000000000000000000000000000000000000000000000000000000000000|0000000000000000000000000000000000000000000000000000000000000000|0|3|rt4_TMB-5_MAP_g2_01619.r24|2|1|RICH|694|0|2140|0000000000000000000000000000000000000000000000000000000000000000|RICH|1|694|DISP=ACCEPT_INSTALL|DETAIL=rt3_map_g2
0000000000000000000000000000000000000000000000000000000000000000|0000000000000000000000000000000000000000000000000000000000000000|0|3|rt4_TMB-5_MAP_g2_01620.r24|2|1|RICH|696|0|2140|0000000000000000000000000000000000000000000000000000000000000000|RICH|1|696|DISP=ACCEPT_INSTALL|DETAIL=rt3_map_g2
0000000000000000000000000000000000000000000000000000000000000000|0000000000000000000000000000000000000000000000000000000000000000|0|3|rt4_TMB-5_MAP_g2_01621.r24|2|1|RICH|698|0|2140|0000000000000000000000000000000000000000000000000000000000000000|RICH|1|698|DISP=ACCEPT_INSTALL|DETAIL=rt3_map_g2
0000000000000000000000000000000000000000000000000000000000000000|0000000000000000000000000000000000000000000000000000000000000000|0|3|rt4_TMB-5_MAP_g2_01622.r24|2|1|RICH|700|0|2140|0000000000000000000000000000000000000000000000000000000000000000|RICH|1|700|DISP=ACCEPT_INSTALL|DETAIL=rt3_map_g2
0000000000000000000000000000000000000000000000000000000000000000|0000000000000000000000000000000000000000000000000000000000000000|0|3|rt4_TMB-5_MAP_g2_01623.r24|2|1|RICH|702|0|2140|0000000000000000000000000000000000000000000000000000000000000000|RICH|1|702|DISP=ACCEPT_INSTALL|DETAIL=rt3_map_g2
0000000000000000000000000000000000000000000000000000000000000000|0000000000000000000000000000000000000000000000000000000000000000|0|3|rt4_TMB-5_MAP_g2_01624.r24|2|1|RICH|704|0|2140|0000000000000000000000000000000000000000000000000000000000000000|RICH|1|704|DISP=ACCEPT_INSTALL|DETAIL=rt3_map_g2
0000000000000000000000000000000000000000000000000000000000000000|0000000000000000000000000000000000000000000000000000000000000000|0|3|rt4_TMB-5_MAP_g2_01625.r24|2|1|RICH|706|0|2140|0000000000000000000000000000000000000000000000000000000000000000|RICH|1|706|DISP=ACCEPT_INSTALL|DETAIL=rt3_map_g2
0000000000000000000000000000000000000000000000000000000000000000|0000000000000000000000000000000000000000000000000000000000000000|0|3|rt4_TMB-5_MAP_g2_01626.r24|2|1|RICH|708|0|2140|0000000000000000000000000000000000000000000000000000000000000000|RICH|1|708|DISP=ACCEPT_INSTALL|DETAIL=rt3_map_g2
0000000000000000000000000000000000000000000000000000000000000000|0000000000000000000000000000000000000000000000000000000000000000|0|3|rt4_TMB-5_MAP_g2_01627.r24|2|1|RICH|710|0|2140|0000000000000000000000000000000000000000000000000000000000000000|RICH|1|710|DISP=ACCEPT_INSTALL|DETAIL=rt3_map_g2
0000000000000000000000000000000000000000000000000000000000000000|0000000000000000000000000000000000000000000000000000000000000000|0|3|rt4_TMB-5_MAP_g2_01628.r24|2|1|RICH|712|0|2140|0000000000000000000000000000000000000000000000000000000000000000|RICH|1|712|DISP=ACCEPT_INSTALL|DETAIL=rt3_map_g2
0000000000000000000000000000000000000000000000000000000000000000|0000000000000000000000000000000000000000000000000000000000000000|0|3|rt4_TMB-5_MAP_g2_01629.r24|2|1|RICH|714|0|2140|0000000000000000000000000000000000000000000000000000000000000000|RICH|1|714|DISP=ACCEPT_INSTALL|DETAIL=rt3_map_g2
0000000000000000000000000000000000000000000000000000000000000000|0000000000000000000000000000000000000000000000000000000000000000|0|3|rt4_TMB-5_MAP_g2_01630.r24|2|1|RICH|716|0|2140|0000000000000000000000000000000000000000000000000000000000000000|RICH|1|716|DISP=ACCEPT_INSTALL|DETAIL=rt3_map_g2
0000000000000000000000000000000000000000000000000000000000000000|0000000000000000000000000000000000000000000000000000000000000000|0|3|rt4_TMB-5_MAP_g2_01631.r24|2|1|RICH|718|0|2140|0000000000000000000000000000000000000000000000000000000000000000|RICH|1|718|DISP=ACCEPT_INSTALL|DETAIL=rt3_map_g2
0000000000000000000000000000000000000000000000000000000000000000|0000000000000000000000000000000000000000000000000000000000000000|0|3|rt4_TMB-5_MAP_g2_01632.r24|2|1|RICH|720|0|2140|0000000000000000000000000000000000000000000000000000000000000000|RICH|1|720|DISP=ACCEPT_INSTALL|DETAIL=rt3_map_g2
0000000000000000000000000000000000000000000000000000000000000000|0000000000000000000000000000000000000000000000000000000000000000|0|3|rt4_TMB-5_MAP_g2_01633.r24|2|1|RICH|722|0|2140|0000000000000000000000000000000000000000000000000000000000000000|RICH|1|722|DISP=ACCEPT_INSTALL|DETAIL=rt3_map_g2
0000000000000000000000000000000000000000000000000000000000000000|0000000000000000000000000000000000000000000000000000000000000000|0|3|rt4_TMB-5_MAP_g2_01634.r24|2|1|RICH|724|0|2140|0000000000000000000000000000000000000000000000000000000000000000|RICH|1|724|DISP=ACCEPT_INSTALL|DETAIL=rt3_map_g2
0000000000000000000000000000000000000000000000000000000000000000|0000000000000000000000000000000000000000000000000000000000000000|0|3|rt4_TMB-5_MAP_g2_01635.r24|2|1|RICH|726|0|2140|0000000000000000000000000000000000000000000000000000000000000000|RICH|1|726|DISP=ACCEPT_INSTALL|DETAIL=rt3_map_g2
0000000000000000000000000000000000000000000000000000000000000000|0000000000000000000000000000000000000000000000000000000000000000|0|3|rt4_TMB-5_MAP_g2_01636.r24|2|1|RICH|728|0|2140|0000000000000000000000000000000000000000000000000000000000000000|RICH|1|728|DISP=ACCEPT_INSTALL|DETAIL=rt3_map_g2
0000000000000000000000000000000000000000000000000000000000000000|0000000000000000000000000000000000000000000000000000000000000000|0|3|rt4_TMB-5_MAP_g2_01637.r24|2|1|RICH|730|0|2140|0000000000000000000000000000000000000000000000000000000000000000|RICH|1|730|DISP=ACCEPT_INSTALL|DETAIL=rt3_map_g2
0000000000000000000000000000000000000000000000000000000000000000|0000000000000000000000000000000000000000000000000000000000000000|0|3|rt4_TMB-5_MAP_g2_01638.r24|2|1|RICH|690|0|2160|0000000000000000000000000000000000000000000000000000000000000000|RICH|1|690|DISP=ACCEPT_INSTALL|DETAIL=rt3_map_g2
0000000000000000000000000000000000000000000000000000000000000000|0000000000000000000000000000000000000000000000000000000000000000|0|3|rt4_TMB-5_MAP_g2_01639.r24|2|1|RICH|692|0|2160|0000000000000000000000000000000000000000000000000000000000000000|RICH|1|692|DISP=ACCEPT_INSTALL|DETAIL=rt3_map_g2
0000000000000000000000000000000000000000000000000000000000000000|0000000000000000000000000000000000000000000000000000000000000000|0|3|rt4_TMB-5_MAP_g2_01640.r24|2|1|RICH|694|0|2160|0000000000000000000000000000000000000000000000000000000000000000|RICH|1|694|DISP=ACCEPT_INSTALL|DETAIL=rt3_map_g2
0000000000000000000000000000000000000000000000000000000000000000|0000000000000000000000000000000000000000000000000000000000000000|0|3|rt4_TMB-5_MAP_g2_01641.r24|2|1|RICH|696|0|2160|0000000000000000000000000000000000000000000000000000000000000000|RICH|1|696|DISP=ACCEPT_INSTALL|DETAIL=rt3_map_g2
0000000000000000000000000000000000000000000000000000000000000000|0000000000000000000000000000000000000000000000000000000000000000|0|3|rt4_TMB-5_MAP_g2_01642.r24|2|1|RICH|698|0|2160|0000000000000000000000000000000000000000000000000000000000000000|RICH|1|698|DISP=ACCEPT_INSTALL|DETAIL=rt3_map_g2
0000000000000000000000000000000000000000000000000000000000000000|0000000000000000000000000000000000000000000000000000000000000000|0|3|rt4_TMB-5_MAP_g2_01643.r24|2|1|RICH|700|0|2160|0000000000000000000000000000000000000000000000000000000000000000|RICH|1|700|DISP=ACCEPT_INSTALL|DETAIL=rt3_map_g2
0000000000000000000000000000000000000000000000000000000000000000|0000000000000000000000000000000000000000000000000000000000000000|0|3|rt4_TMB-5_MAP_g2_01644.r24|2|1|RICH|702|0|2160|0000000000000000000000000000000000000000000000000000000000000000|RICH|1|702|DISP=ACCEPT_INSTALL|DETAIL=rt3_map_g2
0000000000000000000000000000000000000000000000000000000000000000|0000000000000000000000000000000000000000000000000000000000000000|0|3|rt4_TMB-5_MAP_g2_01645.r24|2|1|RICH|704|0|2160|0000000000000000000000000000000000000000000000000000000000000000|RICH|1|704|DISP=ACCEPT_INSTALL|DETAIL=rt3_map_g2
0000000000000000000000000000000000000000000000000000000000000000|0000000000000000000000000000000000000000000000000000000000000000|0|3|rt4_TMB-5_MAP_g2_01646.r24|2|1|RICH|706|0|2160|0000000000000000000000000000000000000000000000000000000000000000|RICH|1|706|DISP=ACCEPT_INSTALL|DETAIL=rt3_map_g2
0000000000000000000000000000000000000000000000000000000000000000|0000000000000000000000000000000000000000000000000000000000000000|0|3|rt4_TMB-5_MAP_g2_01647.r24|2|1|RICH|708|0|2160|0000000000000000000000000000000000000000000000000000000000000000|RICH|1|708|DISP=ACCEPT_INSTALL|DETAIL=rt3_map_g2
0000000000000000000000000000000000000000000000000000000000000000|0000000000000000000000000000000000000000000000000000000000000000|0|3|rt4_TMB-5_MAP_g2_01648.r24|2|1|RICH|710|0|2160|0000000000000000000000000000000000000000000000000000000000000000|RICH|1|710|DISP=ACCEPT_INSTALL|DETAIL=rt3_map_g2
0000000000000000000000000000000000000000000000000000000000000000|0000000000000000000000000000000000000000000000000000000000000000|0|3|rt4_TMB-5_MAP_g2_01649.r24|2|1|RICH|712|0|2160|0000000000000000000000000000000000000000000000000000000000000000|RICH|1|712|DISP=ACCEPT_INSTALL|DETAIL=rt3_map_g2
0000000000000000000000000000000000000000000000000000000000000000|0000000000000000000000000000000000000000000000000000000000000000|0|3|rt4_TMB-5_MAP_g2_01650.r24|2|1|RICH|714|0|2160|0000000000000000000000000000000000000000000000000000000000000000|RICH|1|714|DISP=ACCEPT_INSTALL|DETAIL=rt3_map_g2
0000000000000000000000000000000000000000000000000000000000000000|0000000000000000000000000000000000000000000000000000000000000000|0|3|rt4_TMB-5_MAP_g2_01651.r24|2|1|RICH|716|0|2160|0000000000000000000000000000000000000000000000000000000000000000|RICH|1|716|DISP=ACCEPT_INSTALL|DETAIL=rt3_map_g2
0000000000000000000000000000000000000000000000000000000000000000|0000000000000000000000000000000000000000000000000000000000000000|0|3|rt4_TMB-5_MAP_g2_01652.r24|2|1|RICH|718|0|2160|0000000000000000000000000000000000000000000000000000000000000000|RICH|1|718|DISP=ACCEPT_INSTALL|DETAIL=rt3_map_g2
0000000000000000000000000000000000000000000000000000000000000000|0000000000000000000000000000000000000000000000000000000000000000|0|3|rt4_TMB-5_MAP_g2_01653.r24|2|1|RICH|720|0|2160|0000000000000000000000000000000000000000000000000000000000000000|RICH|1|720|DISP=ACCEPT_INSTALL|DETAIL=rt3_map_g2
0000000000000000000000000000000000000000000000000000000000000000|0000000000000000000000000000000000000000000000000000000000000000|0|3|rt4_TMB-5_MAP_g2_01654.r24|2|1|RICH|722|0|2160|0000000000000000000000000000000000000000000000000000000000000000|RICH|1|722|DISP=ACCEPT_INSTALL|DETAIL=rt3_map_g2
0000000000000000000000000000000000000000000000000000000000000000|0000000000000000000000000000000000000000000000000000000000000000|0|3|rt4_TMB-5_MAP_g2_01655.r24|2|1|RICH|724|0|2160|0000000000000000000000000000000000000000000000000000000000000000|RICH|1|724|DISP=ACCEPT_INSTALL|DETAIL=rt3_map_g2
0000000000000000000000000000000000000000000000000000000000000000|0000000000000000000000000000000000000000000000000000000000000000|0|3|rt4_TMB-5_MAP_g2_01656.r24|2|1|RICH|726|0|2160|0000000000000000000000000000000000000000000000000000000000000000|RICH|1|726|DISP=ACCEPT_INSTALL|DETAIL=rt3_map_g2
0000000000000000000000000000000000000000000000000000000000000000|0000000000000000000000000000000000000000000000000000000000000000|0|3|rt4_TMB-5_MAP_g2_01657.r24|2|1|RICH|728|0|2160|0000000000000000000000000000000000000000000000000000000000000000|RICH|1|728|DISP=ACCEPT_INSTALL|DETAIL=rt3_map_g2
0000000000000000000000000000000000000000000000000000000000000000|0000000000000000000000000000000000000000000000000000000000000000|0|3|rt4_TMB-5_MAP_g2_01658.r24|2|1|RICH|730|0|2160|0000000000000000000000000000000000000000000000000000000000000000|RICH|1|730|DISP=ACCEPT_INSTALL|DETAIL=rt3_map_g2
0000000000000000000000000000000000000000000000000000000000000000|0000000000000000000000000000000000000000000000000000000000000000|0|3|rt4_TMB-5_MAP_g2_01659.r24|2|1|RICH|690|0|2180|0000000000000000000000000000000000000000000000000000000000000000|RICH|1|690|DISP=ACCEPT_INSTALL|DETAIL=rt3_map_g2
0000000000000000000000000000000000000000000000000000000000000000|0000000000000000000000000000000000000000000000000000000000000000|0|3|rt4_TMB-5_MAP_g2_01660.r24|2|1|RICH|692|0|2180|0000000000000000000000000000000000000000000000000000000000000000|RICH|1|692|DISP=ACCEPT_INSTALL|DETAIL=rt3_map_g2
0000000000000000000000000000000000000000000000000000000000000000|0000000000000000000000000000000000000000000000000000000000000000|0|3|rt4_TMB-5_MAP_g2_01661.r24|2|1|RICH|694|0|2180|0000000000000000000000000000000000000000000000000000000000000000|RICH|1|694|DISP=ACCEPT_INSTALL|DETAIL=rt3_map_g2
0000000000000000000000000000000000000000000000000000000000000000|0000000000000000000000000000000000000000000000000000000000000000|0|3|rt4_TMB-5_MAP_g2_01662.r24|2|1|RICH|696|0|2180|0000000000000000000000000000000000000000000000000000000000000000|RICH|1|696|DISP=ACCEPT_INSTALL|DETAIL=rt3_map_g2
0000000000000000000000000000000000000000000000000000000000000000|0000000000000000000000000000000000000000000000000000000000000000|0|3|rt4_TMB-5_MAP_g2_01663.r24|2|1|RICH|698|0|2180|0000000000000000000000000000000000000000000000000000000000000000|RICH|1|698|DISP=ACCEPT_INSTALL|DETAIL=rt3_map_g2
0000000000000000000000000000000000000000000000000000000000000000|0000000000000000000000000000000000000000000000000000000000000000|0|3|rt4_TMB-5_MAP_g2_01664.r24|2|1|RICH|700|0|2180|0000000000000000000000000000000000000000000000000000000000000000|RICH|1|700|DISP=ACCEPT_INSTALL|DETAIL=rt3_map_g2
0000000000000000000000000000000000000000000000000000000000000000|0000000000000000000000000000000000000000000000000000000000000000|0|3|rt4_TMB-5_MAP_g2_01665.r24|2|1|RICH|702|0|2180|0000000000000000000000000000000000000000000000000000000000000000|RICH|1|702|DISP=ACCEPT_INSTALL|DETAIL=rt3_map_g2
0000000000000000000000000000000000000000000000000000000000000000|0000000000000000000000000000000000000000000000000000000000000000|0|3|rt4_TMB-5_MAP_g2_01666.r24|2|1|RICH|704|0|2180|0000000000000000000000000000000000000000000000000000000000000000|RICH|1|704|DISP=ACCEPT_INSTALL|DETAIL=rt3_map_g2
0000000000000000000000000000000000000000000000000000000000000000|0000000000000000000000000000000000000000000000000000000000000000|0|3|rt4_TMB-5_MAP_g2_01667.r24|2|1|RICH|706|0|2180|0000000000000000000000000000000000000000000000000000000000000000|RICH|1|706|DISP=ACCEPT_INSTALL|DETAIL=rt3_map_g2
0000000000000000000000000000000000000000000000000000000000000000|0000000000000000000000000000000000000000000000000000000000000000|0|3|rt4_TMB-5_MAP_g2_01668.r24|2|1|RICH|708|0|2180|0000000000000000000000000000000000000000000000000000000000000000|RICH|1|708|DISP=ACCEPT_INSTALL|DETAIL=rt3_map_g2
0000000000000000000000000000000000000000000000000000000000000000|0000000000000000000000000000000000000000000000000000000000000000|0|3|rt4_TMB-5_MAP_g2_01669.r24|2|1|RICH|710|0|2180|0000000000000000000000000000000000000000000000000000000000000000|RICH|1|710|DISP=ACCEPT_INSTALL|DETAIL=rt3_map_g2
0000000000000000000000000000000000000000000000000000000000000000|0000000000000000000000000000000000000000000000000000000000000000|0|3|rt4_TMB-5_MAP_g2_01670.r24|2|1|RICH|712|0|2180|0000000000000000000000000000000000000000000000000000000000000000|RICH|1|712|DISP=ACCEPT_INSTALL|DETAIL=rt3_map_g2
0000000000000000000000000000000000000000000000000000000000000000|0000000000000000000000000000000000000000000000000000000000000000|0|3|rt4_TMB-5_MAP_g2_01671.r24|2|1|RICH|714|0|2180|0000000000000000000000000000000000000000000000000000000000000000|RICH|1|714|DISP=ACCEPT_INSTALL|DETAIL=rt3_map_g2
0000000000000000000000000000000000000000000000000000000000000000|0000000000000000000000000000000000000000000000000000000000000000|0|3|rt4_TMB-5_MAP_g2_01672.r24|2|1|RICH|716|0|2180|0000000000000000000000000000000000000000000000000000000000000000|RICH|1|716|DISP=ACCEPT_INSTALL|DETAIL=rt3_map_g2
0000000000000000000000000000000000000000000000000000000000000000|0000000000000000000000000000000000000000000000000000000000000000|0|3|rt4_TMB-5_MAP_g2_01673.r24|2|1|RICH|718|0|2180|0000000000000000000000000000000000000000000000000000000000000000|RICH|1|718|DISP=ACCEPT_INSTALL|DETAIL=rt3_map_g2
0000000000000000000000000000000000000000000000000000000000000000|0000000000000000000000000000000000000000000000000000000000000000|0|3|rt4_TMB-5_MAP_g2_01674.r24|2|1|RICH|720|0|2180|0000000000000000000000000000000000000000000000000000000000000000|RICH|1|720|DISP=ACCEPT_INSTALL|DETAIL=rt3_map_g2
0000000000000000000000000000000000000000000000000000000000000000|0000000000000000000000000000000000000000000000000000000000000000|0|3|rt4_TMB-5_MAP_g2_01675.r24|2|1|RICH|722|0|2180|0000000000000000000000000000000000000000000000000000000000000000|RICH|1|722|DISP=ACCEPT_INSTALL|DETAIL=rt3_map_g2
0000000000000000000000000000000000000000000000000000000000000000|0000000000000000000000000000000000000000000000000000000000000000|0|3|rt4_TMB-5_MAP_g2_01676.r24|2|1|RICH|724|0|2180|0000000000000000000000000000000000000000000000000000000000000000|RICH|1|724|DISP=ACCEPT_INSTALL|DETAIL=rt3_map_g2
0000000000000000000000000000000000000000000000000000000000000000|0000000000000000000000000000000000000000000000000000000000000000|0|3|rt4_TMB-5_MAP_g2_01677.r24|2|1|RICH|726|0|2180|0000000000000000000000000000000000000000000000000000000000000000|RICH|1|726|DISP=ACCEPT_INSTALL|DETAIL=rt3_map_g2
0000000000000000000000000000000000000000000000000000000000000000|0000000000000000000000000000000000000000000000000000000000000000|0|3|rt4_TMB-5_MAP_g2_01678.r24|2|1|RICH|728|0|2180|0000000000000000000000000000000000000000000000000000000000000000|RICH|1|728|DISP=ACCEPT_INSTALL|DETAIL=rt3_map_g2
0000000000000000000000000000000000000000000000000000000000000000|0000000000000000000000000000000000000000000000000000000000000000|0|3|rt4_TMB-5_MAP_g2_01679.r24|2|1|RICH|730|0|2180|0000000000000000000000000000000000000000000000000000000000000000|RICH|1|730|DISP=ACCEPT_INSTALL|DETAIL=rt3_map_g2
0000000000000000000000000000000000000000000000000000000000000000|0000000000000000000000000000000000000000000000000000000000000000|0|3|rt4_TMB-5_MAP_g2_01680.r24|2|1|RICH|690|0|2200|0000000000000000000000000000000000000000000000000000000000000000|RICH|1|690|DISP=ACCEPT_INSTALL|DETAIL=rt3_map_g2
0000000000000000000000000000000000000000000000000000000000000000|0000000000000000000000000000000000000000000000000000000000000000|0|3|rt4_TMB-5_MAP_g2_01681.r24|2|1|RICH|692|0|2200|0000000000000000000000000000000000000000000000000000000000000000|RICH|1|692|DISP=ACCEPT_INSTALL|DETAIL=rt3_map_g2
0000000000000000000000000000000000000000000000000000000000000000|0000000000000000000000000000000000000000000000000000000000000000|0|3|rt4_TMB-5_MAP_g2_01682.r24|2|1|RICH|694|0|2200|0000000000000000000000000000000000000000000000000000000000000000|RICH|1|694|DISP=ACCEPT_INSTALL|DETAIL=rt3_map_g2
0000000000000000000000000000000000000000000000000000000000000000|0000000000000000000000000000000000000000000000000000000000000000|0|3|rt4_TMB-5_MAP_g2_01683.r24|2|1|RICH|696|0|2200|0000000000000000000000000000000000000000000000000000000000000000|RICH|1|696|DISP=ACCEPT_INSTALL|DETAIL=rt3_map_g2
0000000000000000000000000000000000000000000000000000000000000000|0000000000000000000000000000000000000000000000000000000000000000|0|3|rt4_TMB-5_MAP_g2_01684.r24|2|1|RICH|698|0|2200|0000000000000000000000000000000000000000000000000000000000000000|RICH|1|698|DISP=ACCEPT_INSTALL|DETAIL=rt3_map_g2
0000000000000000000000000000000000000000000000000000000000000000|0000000000000000000000000000000000000000000000000000000000000000|0|3|rt4_TMB-5_MAP_g2_01685.r24|2|1|RICH|700|0|2200|0000000000000000000000000000000000000000000000000000000000000000|RICH|1|700|DISP=ACCEPT_INSTALL|DETAIL=rt3_map_g2
0000000000000000000000000000000000000000000000000000000000000000|0000000000000000000000000000000000000000000000000000000000000000|0|3|rt4_TMB-5_MAP_g2_01686.r24|2|1|RICH|702|0|2200|0000000000000000000000000000000000000000000000000000000000000000|RICH|1|702|DISP=ACCEPT_INSTALL|DETAIL=rt3_map_g2
0000000000000000000000000000000000000000000000000000000000000000|0000000000000000000000000000000000000000000000000000000000000000|0|3|rt4_TMB-5_MAP_g2_01687.r24|2|1|RICH|704|0|2200|0000000000000000000000000000000000000000000000000000000000000000|RICH|1|704|DISP=ACCEPT_INSTALL|DETAIL=rt3_map_g2
0000000000000000000000000000000000000000000000000000000000000000|0000000000000000000000000000000000000000000000000000000000000000|0|3|rt4_TMB-5_MAP_g2_01688.r24|2|1|RICH|706|0|2200|0000000000000000000000000000000000000000000000000000000000000000|RICH|1|706|DISP=ACCEPT_INSTALL|DETAIL=rt3_map_g2
0000000000000000000000000000000000000000000000000000000000000000|0000000000000000000000000000000000000000000000000000000000000000|0|3|rt4_TMB-5_MAP_g2_01689.r24|2|1|RICH|708|0|2200|0000000000000000000000000000000000000000000000000000000000000000|RICH|1|708|DISP=ACCEPT_INSTALL|DETAIL=rt3_map_g2
0000000000000000000000000000000000000000000000000000000000000000|0000000000000000000000000000000000000000000000000000000000000000|0|3|rt4_TMB-5_MAP_g2_01690.r24|2|1|RICH|710|0|2200|0000000000000000000000000000000000000000000000000000000000000000|RICH|1|710|DISP=ACCEPT_INSTALL|DETAIL=rt3_map_g2
0000000000000000000000000000000000000000000000000000000000000000|0000000000000000000000000000000000000000000000000000000000000000|0|3|rt4_TMB-5_MAP_g2_01691.r24|2|1|RICH|712|0|2200|0000000000000000000000000000000000000000000000000000000000000000|RICH|1|712|DISP=ACCEPT_INSTALL|DETAIL=rt3_map_g2
0000000000000000000000000000000000000000000000000000000000000000|0000000000000000000000000000000000000000000000000000000000000000|0|3|rt4_TMB-5_MAP_g2_01692.r24|2|1|RICH|714|0|2200|0000000000000000000000000000000000000000000000000000000000000000|RICH|1|714|DISP=ACCEPT_INSTALL|DETAIL=rt3_map_g2
0000000000000000000000000000000000000000000000000000000000000000|0000000000000000000000000000000000000000000000000000000000000000|0|3|rt4_TMB-5_MAP_g2_01693.r24|2|1|RICH|716|0|2200|0000000000000000000000000000000000000000000000000000000000000000|RICH|1|716|DISP=ACCEPT_INSTALL|DETAIL=rt3_map_g2
0000000000000000000000000000000000000000000000000000000000000000|0000000000000000000000000000000000000000000000000000000000000000|0|3|rt4_TMB-5_MAP_g2_01694.r24|2|1|RICH|718|0|2200|0000000000000000000000000000000000000000000000000000000000000000|RICH|1|718|DISP=ACCEPT_INSTALL|DETAIL=rt3_map_g2
0000000000000000000000000000000000000000000000000000000000000000|0000000000000000000000000000000000000000000000000000000000000000|0|3|rt4_TMB-5_MAP_g2_01695.r24|2|1|RICH|720|0|2200|0000000000000000000000000000000000000000000000000000000000000000|RICH|1|720|DISP=ACCEPT_INSTALL|DETAIL=rt3_map_g2
0000000000000000000000000000000000000000000000000000000000000000|0000000000000000000000000000000000000000000000000000000000000000|0|3|rt4_TMB-5_MAP_g2_01696.r24|2|1|RICH|722|0|2200|0000000000000000000000000000000000000000000000000000000000000000|RICH|1|722|DISP=ACCEPT_INSTALL|DETAIL=rt3_map_g2
0000000000000000000000000000000000000000000000000000000000000000|0000000000000000000000000000000000000000000000000000000000000000|0|3|rt4_TMB-5_MAP_g2_01697.r24|2|1|RICH|724|0|2200|0000000000000000000000000000000000000000000000000000000000000000|RICH|1|724|DISP=ACCEPT_INSTALL|DETAIL=rt3_map_g2
0000000000000000000000000000000000000000000000000000000000000000|0000000000000000000000000000000000000000000000000000000000000000|0|3|rt4_TMB-5_MAP_g2_01698.r24|2|1|RICH|726|0|2200|0000000000000000000000000000000000000000000000000000000000000000|RICH|1|726|DISP=ACCEPT_INSTALL|DETAIL=rt3_map_g2
0000000000000000000000000000000000000000000000000000000000000000|0000000000000000000000000000000000000000000000000000000000000000|0|3|rt4_TMB-5_MAP_g2_01699.r24|2|1|RICH|728|0|2200|0000000000000000000000000000000000000000000000000000000000000000|RICH|1|728|DISP=ACCEPT_INSTALL|DETAIL=rt3_map_g2
0000000000000000000000000000000000000000000000000000000000000000|0000000000000000000000000000000000000000000000000000000000000000|0|3|rt4_TMB-5_MAP_g2_01700.r24|2|1|RICH|730|0|2200|0000000000000000000000000000000000000000000000000000000000000000|RICH|1|730|DISP=ACCEPT_INSTALL|DETAIL=rt3_map_g2
0000000000000000000000000000000000000000000000000000000000000000|0000000000000000000000000000000000000000000000000000000000000000|0|3|rt4_TMB-5_MAP_g2_01701.r24|2|1|RICH|690|0|2220|0000000000000000000000000000000000000000000000000000000000000000|RICH|1|690|DISP=ACCEPT_INSTALL|DETAIL=rt3_map_g2
0000000000000000000000000000000000000000000000000000000000000000|0000000000000000000000000000000000000000000000000000000000000000|0|3|rt4_TMB-5_MAP_g2_01702.r24|2|1|RICH|692|0|2220|0000000000000000000000000000000000000000000000000000000000000000|RICH|1|692|DISP=ACCEPT_INSTALL|DETAIL=rt3_map_g2
0000000000000000000000000000000000000000000000000000000000000000|0000000000000000000000000000000000000000000000000000000000000000|0|3|rt4_TMB-5_MAP_g2_01703.r24|2|1|RICH|694|0|2220|0000000000000000000000000000000000000000000000000000000000000000|RICH|1|694|DISP=ACCEPT_INSTALL|DETAIL=rt3_map_g2
0000000000000000000000000000000000000000000000000000000000000000|0000000000000000000000000000000000000000000000000000000000000000|0|3|rt4_TMB-5_MAP_g2_01704.r24|2|1|RICH|696|0|2220|0000000000000000000000000000000000000000000000000000000000000000|RICH|1|696|DISP=ACCEPT_INSTALL|DETAIL=rt3_map_g2
0000000000000000000000000000000000000000000000000000000000000000|0000000000000000000000000000000000000000000000000000000000000000|0|3|rt4_TMB-5_MAP_g2_01705.r24|2|1|RICH|698|0|2220|0000000000000000000000000000000000000000000000000000000000000000|RICH|1|698|DISP=ACCEPT_INSTALL|DETAIL=rt3_map_g2
0000000000000000000000000000000000000000000000000000000000000000|0000000000000000000000000000000000000000000000000000000000000000|0|3|rt4_TMB-5_MAP_g2_01706.r24|2|1|RICH|700|0|2220|0000000000000000000000000000000000000000000000000000000000000000|RICH|1|700|DISP=ACCEPT_INSTALL|DETAIL=rt3_map_g2
0000000000000000000000000000000000000000000000000000000000000000|0000000000000000000000000000000000000000000000000000000000000000|0|3|rt4_TMB-5_MAP_g2_01707.r24|2|1|RICH|702|0|2220|0000000000000000000000000000000000000000000000000000000000000000|RICH|1|702|DISP=ACCEPT_INSTALL|DETAIL=rt3_map_g2
0000000000000000000000000000000000000000000000000000000000000000|0000000000000000000000000000000000000000000000000000000000000000|0|3|rt4_TMB-5_MAP_g2_01708.r24|2|1|RICH|704|0|2220|0000000000000000000000000000000000000000000000000000000000000000|RICH|1|704|DISP=ACCEPT_INSTALL|DETAIL=rt3_map_g2
0000000000000000000000000000000000000000000000000000000000000000|0000000000000000000000000000000000000000000000000000000000000000|0|3|rt4_TMB-5_MAP_g2_01709.r24|2|1|RICH|706|0|2220|0000000000000000000000000000000000000000000000000000000000000000|RICH|1|706|DISP=ACCEPT_INSTALL|DETAIL=rt3_map_g2
0000000000000000000000000000000000000000000000000000000000000000|0000000000000000000000000000000000000000000000000000000000000000|0|3|rt4_TMB-5_MAP_g2_01710.r24|2|1|RICH|708|0|2220|0000000000000000000000000000000000000000000000000000000000000000|RICH|1|708|DISP=ACCEPT_INSTALL|DETAIL=rt3_map_g2
0000000000000000000000000000000000000000000000000000000000000000|0000000000000000000000000000000000000000000000000000000000000000|0|3|rt4_TMB-5_MAP_g2_01711.r24|2|1|RICH|710|0|2220|0000000000000000000000000000000000000000000000000000000000000000|RICH|1|710|DISP=ACCEPT_INSTALL|DETAIL=rt3_map_g2
0000000000000000000000000000000000000000000000000000000000000000|0000000000000000000000000000000000000000000000000000000000000000|0|3|rt4_TMB-5_MAP_g2_01712.r24|2|1|RICH|712|0|2220|0000000000000000000000000000000000000000000000000000000000000000|RICH|1|712|DISP=ACCEPT_INSTALL|DETAIL=rt3_map_g2
0000000000000000000000000000000000000000000000000000000000000000|0000000000000000000000000000000000000000000000000000000000000000|0|3|rt4_TMB-5_MAP_g2_01713.r24|2|1|RICH|714|0|2220|0000000000000000000000000000000000000000000000000000000000000000|RICH|1|714|DISP=ACCEPT_INSTALL|DETAIL=rt3_map_g2
0000000000000000000000000000000000000000000000000000000000000000|0000000000000000000000000000000000000000000000000000000000000000|0|3|rt4_TMB-5_MAP_g2_01714.r24|2|1|RICH|716|0|2220|0000000000000000000000000000000000000000000000000000000000000000|RICH|1|716|DISP=ACCEPT_INSTALL|DETAIL=rt3_map_g2
0000000000000000000000000000000000000000000000000000000000000000|0000000000000000000000000000000000000000000000000000000000000000|0|3|rt4_TMB-5_MAP_g2_01715.r24|2|1|RICH|718|0|2220|0000000000000000000000000000000000000000000000000000000000000000|RICH|1|718|DISP=ACCEPT_INSTALL|DETAIL=rt3_map_g2
0000000000000000000000000000000000000000000000000000000000000000|0000000000000000000000000000000000000000000000000000000000000000|0|3|rt4_TMB-5_MAP_g2_01716.r24|2|1|RICH|720|0|2220|0000000000000000000000000000000000000000000000000000000000000000|RICH|1|720|DISP=ACCEPT_INSTALL|DETAIL=rt3_map_g2
0000000000000000000000000000000000000000000000000000000000000000|0000000000000000000000000000000000000000000000000000000000000000|0|3|rt4_TMB-5_MAP_g2_01717.r24|2|1|RICH|722|0|2220|0000000000000000000000000000000000000000000000000000000000000000|RICH|1|722|DISP=ACCEPT_INSTALL|DETAIL=rt3_map_g2
0000000000000000000000000000000000000000000000000000000000000000|0000000000000000000000000000000000000000000000000000000000000000|0|3|rt4_TMB-5_MAP_g2_01718.r24|2|1|RICH|724|0|2220|0000000000000000000000000000000000000000000000000000000000000000|RICH|1|724|DISP=ACCEPT_INSTALL|DETAIL=rt3_map_g2
0000000000000000000000000000000000000000000000000000000000000000|0000000000000000000000000000000000000000000000000000000000000000|0|3|rt4_TMB-5_MAP_g2_01719.r24|2|1|RICH|726|0|2220|0000000000000000000000000000000000000000000000000000000000000000|RICH|1|726|DISP=ACCEPT_INSTALL|DETAIL=rt3_map_g2
0000000000000000000000000000000000000000000000000000000000000000|0000000000000000000000000000000000000000000000000000000000000000|0|3|rt4_TMB-5_MAP_g2_01720.r24|2|1|RICH|728|0|2220|0000000000000000000000000000000000000000000000000000000000000000|RICH|1|728|DISP=ACCEPT_INSTALL|DETAIL=rt3_map_g2
0000000000000000000000000000000000000000000000000000000000000000|0000000000000000000000000000000000000000000000000000000000000000|0|3|rt4_TMB-5_MAP_g2_01721.r24|2|1|RICH|730|0|2220|0000000000000000000000000000000000000000000000000000000000000000|RICH|1|730|DISP=ACCEPT_INSTALL|DETAIL=rt3_map_g2
0000000000000000000000000000000000000000000000000000000000000000|0000000000000000000000000000000000000000000000000000000000000000|0|3|rt4_TMB-5_MAP_g2_01722.r24|2|1|RICH|690|0|2240|0000000000000000000000000000000000000000000000000000000000000000|RICH|1|690|DISP=ACCEPT_INSTALL|DETAIL=rt3_map_g2
0000000000000000000000000000000000000000000000000000000000000000|0000000000000000000000000000000000000000000000000000000000000000|0|3|rt4_TMB-5_MAP_g2_01723.r24|2|1|RICH|692|0|2240|0000000000000000000000000000000000000000000000000000000000000000|RICH|1|692|DISP=ACCEPT_INSTALL|DETAIL=rt3_map_g2
0000000000000000000000000000000000000000000000000000000000000000|0000000000000000000000000000000000000000000000000000000000000000|0|3|rt4_TMB-5_MAP_g2_01724.r24|2|1|RICH|694|0|2240|0000000000000000000000000000000000000000000000000000000000000000|RICH|1|694|DISP=ACCEPT_INSTALL|DETAIL=rt3_map_g2
0000000000000000000000000000000000000000000000000000000000000000|0000000000000000000000000000000000000000000000000000000000000000|0|3|rt4_TMB-5_MAP_g2_01725.r24|2|1|RICH|696|0|2240|0000000000000000000000000000000000000000000000000000000000000000|RICH|1|696|DISP=ACCEPT_INSTALL|DETAIL=rt3_map_g2
0000000000000000000000000000000000000000000000000000000000000000|0000000000000000000000000000000000000000000000000000000000000000|0|3|rt4_TMB-5_MAP_g2_01726.r24|2|1|RICH|698|0|2240|0000000000000000000000000000000000000000000000000000000000000000|RICH|1|698|DISP=ACCEPT_INSTALL|DETAIL=rt3_map_g2
0000000000000000000000000000000000000000000000000000000000000000|0000000000000000000000000000000000000000000000000000000000000000|0|3|rt4_TMB-5_MAP_g2_01727.r24|2|1|RICH|700|0|2240|0000000000000000000000000000000000000000000000000000000000000000|RICH|1|700|DISP=ACCEPT_INSTALL|DETAIL=rt3_map_g2
0000000000000000000000000000000000000000000000000000000000000000|0000000000000000000000000000000000000000000000000000000000000000|0|3|rt4_TMB-5_MAP_g2_01728.r24|2|1|RICH|702|0|2240|0000000000000000000000000000000000000000000000000000000000000000|RICH|1|702|DISP=ACCEPT_INSTALL|DETAIL=rt3_map_g2
0000000000000000000000000000000000000000000000000000000000000000|0000000000000000000000000000000000000000000000000000000000000000|0|3|rt4_TMB-5_MAP_g2_01729.r24|2|1|RICH|704|0|2240|0000000000000000000000000000000000000000000000000000000000000000|RICH|1|704|DISP=ACCEPT_INSTALL|DETAIL=rt3_map_g2
0000000000000000000000000000000000000000000000000000000000000000|0000000000000000000000000000000000000000000000000000000000000000|0|3|rt4_TMB-5_MAP_g2_01730.r24|2|1|RICH|706|0|2240|0000000000000000000000000000000000000000000000000000000000000000|RICH|1|706|DISP=ACCEPT_INSTALL|DETAIL=rt3_map_g2
0000000000000000000000000000000000000000000000000000000000000000|0000000000000000000000000000000000000000000000000000000000000000|0|3|rt4_TMB-5_MAP_g2_01731.r24|2|1|RICH|708|0|2240|0000000000000000000000000000000000000000000000000000000000000000|RICH|1|708|DISP=ACCEPT_INSTALL|DETAIL=rt3_map_g2
0000000000000000000000000000000000000000000000000000000000000000|0000000000000000000000000000000000000000000000000000000000000000|0|3|rt4_TMB-5_MAP_g2_01732.r24|2|1|RICH|710|0|2240|0000000000000000000000000000000000000000000000000000000000000000|RICH|1|710|DISP=ACCEPT_INSTALL|DETAIL=rt3_map_g2
0000000000000000000000000000000000000000000000000000000000000000|0000000000000000000000000000000000000000000000000000000000000000|0|3|rt4_TMB-5_MAP_g2_01733.r24|2|1|RICH|712|0|2240|0000000000000000000000000000000000000000000000000000000000000000|RICH|1|712|DISP=ACCEPT_INSTALL|DETAIL=rt3_map_g2
0000000000000000000000000000000000000000000000000000000000000000|0000000000000000000000000000000000000000000000000000000000000000|0|3|rt4_TMB-5_MAP_g2_01734.r24|2|1|RICH|714|0|2240|0000000000000000000000000000000000000000000000000000000000000000|RICH|1|714|DISP=ACCEPT_INSTALL|DETAIL=rt3_map_g2
0000000000000000000000000000000000000000000000000000000000000000|0000000000000000000000000000000000000000000000000000000000000000|0|3|rt4_TMB-5_MAP_g2_01735.r24|2|1|RICH|716|0|2240|0000000000000000000000000000000000000000000000000000000000000000|RICH|1|716|DISP=ACCEPT_INSTALL|DETAIL=rt3_map_g2
0000000000000000000000000000000000000000000000000000000000000000|0000000000000000000000000000000000000000000000000000000000000000|0|3|rt4_TMB-5_MAP_g2_01736.r24|2|1|RICH|718|0|2240|0000000000000000000000000000000000000000000000000000000000000000|RICH|1|718|DISP=ACCEPT_INSTALL|DETAIL=rt3_map_g2
0000000000000000000000000000000000000000000000000000000000000000|0000000000000000000000000000000000000000000000000000000000000000|0|3|rt4_TMB-5_MAP_g2_01737.r24|2|1|RICH|720|0|2240|0000000000000000000000000000000000000000000000000000000000000000|RICH|1|720|DISP=ACCEPT_INSTALL|DETAIL=rt3_map_g2
0000000000000000000000000000000000000000000000000000000000000000|0000000000000000000000000000000000000000000000000000000000000000|0|3|rt4_TMB-5_MAP_g2_01738.r24|2|1|RICH|722|0|2240|0000000000000000000000000000000000000000000000000000000000000000|RICH|1|722|DISP=ACCEPT_INSTALL|DETAIL=rt3_map_g2
0000000000000000000000000000000000000000000000000000000000000000|0000000000000000000000000000000000000000000000000000000000000000|0|3|rt4_TMB-5_MAP_g2_01739.r24|2|1|RICH|724|0|2240|0000000000000000000000000000000000000000000000000000000000000000|RICH|1|724|DISP=ACCEPT_INSTALL|DETAIL=rt3_map_g2
0000000000000000000000000000000000000000000000000000000000000000|0000000000000000000000000000000000000000000000000000000000000000|0|3|rt4_TMB-5_MAP_g2_01740.r24|2|1|RICH|726|0|2240|0000000000000000000000000000000000000000000000000000000000000000|RICH|1|726|DISP=ACCEPT_INSTALL|DETAIL=rt3_map_g2
0000000000000000000000000000000000000000000000000000000000000000|0000000000000000000000000000000000000000000000000000000000000000|0|3|rt4_TMB-5_MAP_g2_01741.r24|2|1|RICH|728|0|2240|0000000000000000000000000000000000000000000000000000000000000000|RICH|1|728|DISP=ACCEPT_INSTALL|DETAIL=rt3_map_g2
0000000000000000000000000000000000000000000000000000000000000000|0000000000000000000000000000000000000000000000000000000000000000|0|3|rt4_TMB-5_MAP_g2_01742.r24|2|1|RICH|730|0|2240|0000000000000000000000000000000000000000000000000000000000000000|RICH|1|730|DISP=ACCEPT_INSTALL|DETAIL=rt3_map_g2
0000000000000000000000000000000000000000000000000000000000000000|0000000000000000000000000000000000000000000000000000000000000000|0|3|rt4_TMB-5_MAP_g2_01743.r24|2|1|RICH|690|0|2260|0000000000000000000000000000000000000000000000000000000000000000|RICH|1|690|DISP=ACCEPT_INSTALL|DETAIL=rt3_map_g2
0000000000000000000000000000000000000000000000000000000000000000|0000000000000000000000000000000000000000000000000000000000000000|0|3|rt4_TMB-5_MAP_g2_01744.r24|2|1|RICH|692|0|2260|0000000000000000000000000000000000000000000000000000000000000000|RICH|1|692|DISP=ACCEPT_INSTALL|DETAIL=rt3_map_g2
0000000000000000000000000000000000000000000000000000000000000000|0000000000000000000000000000000000000000000000000000000000000000|0|3|rt4_TMB-5_MAP_g2_01745.r24|2|1|RICH|694|0|2260|0000000000000000000000000000000000000000000000000000000000000000|RICH|1|694|DISP=ACCEPT_INSTALL|DETAIL=rt3_map_g2
0000000000000000000000000000000000000000000000000000000000000000|0000000000000000000000000000000000000000000000000000000000000000|0|3|rt4_TMB-5_MAP_g2_01746.r24|2|1|RICH|696|0|2260|0000000000000000000000000000000000000000000000000000000000000000|RICH|1|696|DISP=ACCEPT_INSTALL|DETAIL=rt3_map_g2
0000000000000000000000000000000000000000000000000000000000000000|0000000000000000000000000000000000000000000000000000000000000000|0|3|rt4_TMB-5_MAP_g2_01747.r24|2|1|RICH|698|0|2260|0000000000000000000000000000000000000000000000000000000000000000|RICH|1|698|DISP=ACCEPT_INSTALL|DETAIL=rt3_map_g2
0000000000000000000000000000000000000000000000000000000000000000|0000000000000000000000000000000000000000000000000000000000000000|0|3|rt4_TMB-5_MAP_g2_01748.r24|2|1|RICH|700|0|2260|0000000000000000000000000000000000000000000000000000000000000000|RICH|1|700|DISP=ACCEPT_INSTALL|DETAIL=rt3_map_g2
0000000000000000000000000000000000000000000000000000000000000000|0000000000000000000000000000000000000000000000000000000000000000|0|3|rt4_TMB-5_MAP_g2_01749.r24|2|1|RICH|702|0|2260|0000000000000000000000000000000000000000000000000000000000000000|RICH|1|702|DISP=ACCEPT_INSTALL|DETAIL=rt3_map_g2
0000000000000000000000000000000000000000000000000000000000000000|0000000000000000000000000000000000000000000000000000000000000000|0|3|rt4_TMB-5_MAP_g2_01750.r24|2|1|RICH|704|0|2260|0000000000000000000000000000000000000000000000000000000000000000|RICH|1|704|DISP=ACCEPT_INSTALL|DETAIL=rt3_map_g2
0000000000000000000000000000000000000000000000000000000000000000|0000000000000000000000000000000000000000000000000000000000000000|0|3|rt4_TMB-5_MAP_g2_01751.r24|2|1|RICH|706|0|2260|0000000000000000000000000000000000000000000000000000000000000000|RICH|1|706|DISP=ACCEPT_INSTALL|DETAIL=rt3_map_g2
0000000000000000000000000000000000000000000000000000000000000000|0000000000000000000000000000000000000000000000000000000000000000|0|3|rt4_TMB-5_MAP_g2_01752.r24|2|1|RICH|708|0|2260|0000000000000000000000000000000000000000000000000000000000000000|RICH|1|708|DISP=ACCEPT_INSTALL|DETAIL=rt3_map_g2
0000000000000000000000000000000000000000000000000000000000000000|0000000000000000000000000000000000000000000000000000000000000000|0|3|rt4_TMB-5_MAP_g2_01753.r24|2|1|RICH|710|0|2260|0000000000000000000000000000000000000000000000000000000000000000|RICH|1|710|DISP=ACCEPT_INSTALL|DETAIL=rt3_map_g2
0000000000000000000000000000000000000000000000000000000000000000|0000000000000000000000000000000000000000000000000000000000000000|0|3|rt4_TMB-5_MAP_g2_01754.r24|2|1|RICH|712|0|2260|0000000000000000000000000000000000000000000000000000000000000000|RICH|1|712|DISP=ACCEPT_INSTALL|DETAIL=rt3_map_g2
0000000000000000000000000000000000000000000000000000000000000000|0000000000000000000000000000000000000000000000000000000000000000|0|3|rt4_TMB-5_MAP_g2_01755.r24|2|1|RICH|714|0|2260|0000000000000000000000000000000000000000000000000000000000000000|RICH|1|714|DISP=ACCEPT_INSTALL|DETAIL=rt3_map_g2
0000000000000000000000000000000000000000000000000000000000000000|0000000000000000000000000000000000000000000000000000000000000000|0|3|rt4_TMB-5_MAP_g2_01756.r24|2|1|RICH|716|0|2260|0000000000000000000000000000000000000000000000000000000000000000|RICH|1|716|DISP=ACCEPT_INSTALL|DETAIL=rt3_map_g2
0000000000000000000000000000000000000000000000000000000000000000|0000000000000000000000000000000000000000000000000000000000000000|0|3|rt4_TMB-5_MAP_g2_01757.r24|2|1|RICH|718|0|2260|0000000000000000000000000000000000000000000000000000000000000000|RICH|1|718|DISP=ACCEPT_INSTALL|DETAIL=rt3_map_g2
0000000000000000000000000000000000000000000000000000000000000000|0000000000000000000000000000000000000000000000000000000000000000|0|3|rt4_TMB-5_MAP_g2_01758.r24|2|1|RICH|720|0|2260|0000000000000000000000000000000000000000000000000000000000000000|RICH|1|720|DISP=ACCEPT_INSTALL|DETAIL=rt3_map_g2
0000000000000000000000000000000000000000000000000000000000000000|0000000000000000000000000000000000000000000000000000000000000000|0|3|rt4_TMB-5_MAP_g2_01759.r24|2|1|RICH|722|0|2260|0000000000000000000000000000000000000000000000000000000000000000|RICH|1|722|DISP=ACCEPT_INSTALL|DETAIL=rt3_map_g2
0000000000000000000000000000000000000000000000000000000000000000|0000000000000000000000000000000000000000000000000000000000000000|0|3|rt4_TMB-5_MAP_g2_01760.r24|2|1|RICH|724|0|2260|0000000000000000000000000000000000000000000000000000000000000000|RICH|1|724|DISP=ACCEPT_INSTALL|DETAIL=rt3_map_g2
0000000000000000000000000000000000000000000000000000000000000000|0000000000000000000000000000000000000000000000000000000000000000|0|3|rt4_TMB-5_MAP_g2_01761.r24|2|1|RICH|726|0|2260|0000000000000000000000000000000000000000000000000000000000000000|RICH|1|726|DISP=ACCEPT_INSTALL|DETAIL=rt3_map_g2
0000000000000000000000000000000000000000000000000000000000000000|0000000000000000000000000000000000000000000000000000000000000000|0|3|rt4_TMB-5_MAP_g2_01762.r24|2|1|RICH|728|0|2260|0000000000000000000000000000000000000000000000000000000000000000|RICH|1|728|DISP=ACCEPT_INSTALL|DETAIL=rt3_map_g2
0000000000000000000000000000000000000000000000000000000000000000|0000000000000000000000000000000000000000000000000000000000000000|0|3|rt4_TMB-5_MAP_g2_01763.r24|2|1|RICH|730|0|2260|0000000000000000000000000000000000000000000000000000000000000000|RICH|1|730|DISP=ACCEPT_INSTALL|DETAIL=rt3_map_g2
0000000000000000000000000000000000000000000000000000000000000000|0000000000000000000000000000000000000000000000000000000000000000|0|3|rt4_TMB-5_MAP_g2_01764.r24|2|1|RICH|690|0|2280|0000000000000000000000000000000000000000000000000000000000000000|RICH|1|690|DISP=ACCEPT_INSTALL|DETAIL=rt3_map_g2
0000000000000000000000000000000000000000000000000000000000000000|0000000000000000000000000000000000000000000000000000000000000000|0|3|rt4_TMB-5_MAP_g2_01765.r24|2|1|RICH|692|0|2280|0000000000000000000000000000000000000000000000000000000000000000|RICH|1|692|DISP=ACCEPT_INSTALL|DETAIL=rt3_map_g2
0000000000000000000000000000000000000000000000000000000000000000|0000000000000000000000000000000000000000000000000000000000000000|0|3|rt4_TMB-5_MAP_g2_01766.r24|2|1|RICH|694|0|2280|0000000000000000000000000000000000000000000000000000000000000000|RICH|1|694|DISP=ACCEPT_INSTALL|DETAIL=rt3_map_g2
0000000000000000000000000000000000000000000000000000000000000000|0000000000000000000000000000000000000000000000000000000000000000|0|3|rt4_TMB-5_MAP_g2_01767.r24|2|1|RICH|696|0|2280|0000000000000000000000000000000000000000000000000000000000000000|RICH|1|696|DISP=ACCEPT_INSTALL|DETAIL=rt3_map_g2
0000000000000000000000000000000000000000000000000000000000000000|0000000000000000000000000000000000000000000000000000000000000000|0|3|rt4_TMB-5_MAP_g2_01768.r24|2|1|RICH|698|0|2280|0000000000000000000000000000000000000000000000000000000000000000|RICH|1|698|DISP=ACCEPT_INSTALL|DETAIL=rt3_map_g2
0000000000000000000000000000000000000000000000000000000000000000|0000000000000000000000000000000000000000000000000000000000000000|0|3|rt4_TMB-5_MAP_g2_01769.r24|2|1|RICH|700|0|2280|0000000000000000000000000000000000000000000000000000000000000000|RICH|1|700|DISP=ACCEPT_INSTALL|DETAIL=rt3_map_g2
0000000000000000000000000000000000000000000000000000000000000000|0000000000000000000000000000000000000000000000000000000000000000|0|3|rt4_TMB-5_MAP_g2_01770.r24|2|1|RICH|702|0|2280|0000000000000000000000000000000000000000000000000000000000000000|RICH|1|702|DISP=ACCEPT_INSTALL|DETAIL=rt3_map_g2
0000000000000000000000000000000000000000000000000000000000000000|0000000000000000000000000000000000000000000000000000000000000000|0|3|rt4_TMB-5_MAP_g2_01771.r24|2|1|RICH|704|0|2280|0000000000000000000000000000000000000000000000000000000000000000|RICH|1|704|DISP=ACCEPT_INSTALL|DETAIL=rt3_map_g2
0000000000000000000000000000000000000000000000000000000000000000|0000000000000000000000000000000000000000000000000000000000000000|0|3|rt4_TMB-5_MAP_g2_01772.r24|2|1|RICH|706|0|2280|0000000000000000000000000000000000000000000000000000000000000000|RICH|1|706|DISP=ACCEPT_INSTALL|DETAIL=rt3_map_g2
0000000000000000000000000000000000000000000000000000000000000000|0000000000000000000000000000000000000000000000000000000000000000|0|3|rt4_TMB-5_MAP_g2_01773.r24|2|1|RICH|708|0|2280|0000000000000000000000000000000000000000000000000000000000000000|RICH|1|708|DISP=ACCEPT_INSTALL|DETAIL=rt3_map_g2
0000000000000000000000000000000000000000000000000000000000000000|0000000000000000000000000000000000000000000000000000000000000000|0|3|rt4_TMB-5_MAP_g2_01774.r24|2|1|RICH|710|0|2280|0000000000000000000000000000000000000000000000000000000000000000|RICH|1|710|DISP=ACCEPT_INSTALL|DETAIL=rt3_map_g2
0000000000000000000000000000000000000000000000000000000000000000|0000000000000000000000000000000000000000000000000000000000000000|0|3|rt4_TMB-5_MAP_g2_01775.r24|2|1|RICH|712|0|2280|0000000000000000000000000000000000000000000000000000000000000000|RICH|1|712|DISP=ACCEPT_INSTALL|DETAIL=rt3_map_g2
0000000000000000000000000000000000000000000000000000000000000000|0000000000000000000000000000000000000000000000000000000000000000|0|3|rt4_TMB-5_MAP_g2_01776.r24|2|1|RICH|714|0|2280|0000000000000000000000000000000000000000000000000000000000000000|RICH|1|714|DISP=ACCEPT_INSTALL|DETAIL=rt3_map_g2
0000000000000000000000000000000000000000000000000000000000000000|0000000000000000000000000000000000000000000000000000000000000000|0|3|rt4_TMB-5_MAP_g2_01777.r24|2|1|RICH|716|0|2280|0000000000000000000000000000000000000000000000000000000000000000|RICH|1|716|DISP=ACCEPT_INSTALL|DETAIL=rt3_map_g2
0000000000000000000000000000000000000000000000000000000000000000|0000000000000000000000000000000000000000000000000000000000000000|0|3|rt4_TMB-5_MAP_g2_01778.r24|2|1|RICH|718|0|2280|0000000000000000000000000000000000000000000000000000000000000000|RICH|1|718|DISP=ACCEPT_INSTALL|DETAIL=rt3_map_g2
