0000000000000000000000000000000000000000000000000000000000000000|0000000000000000000000000000000000000000000000000000000000000000|0|3|rt4_TMB-5_MAP_g1_05500.r24|2|1|RICH|596|0|2720|0000000000000000000000000000000000000000000000000000000000000000|RICH|1|596|DISP=ACCEPT_INSTALL|DETAIL=rt3_map_g1
0000000000000000000000000000000000000000000000000000000000000000|0000000000000000000000000000000000000000000000000000000000000000|0|3|rt4_TMB-5_MAP_g1_05501.r24|2|1|RICH|598|0|2720|0000000000000000000000000000000000000000000000000000000000000000|RICH|1|598|DISP=ACCEPT_INSTALL|DETAIL=rt3_map_g1
0000000000000000000000000000000000000000000000000000000000000000|0000000000000000000000000000000000000000000000000000000000000000|0|3|rt4_TMB-5_MAP_g1_05502.r24|2|1|RICH|600|0|2720|0000000000000000000000000000000000000000000000000000000000000000|RICH|1|600|DISP=ACCEPT_INSTALL|DETAIL=rt3_map_g1
0000000000000000000000000000000000000000000000000000000000000000|0000000000000000000000000000000000000000000000000000000000000000|0|3|rt4_TMB-5_MAP_g1_05503.r24|2|1|RICH|602|0|2720|0000000000000000000000000000000000000000000000000000000000000000|RICH|1|602|DISP=ACCEPT_INSTALL|DETAIL=rt3_map_g1
0000000000000000000000000000000000000000000000000000000000000000|0000000000000000000000000000000000000000000000000000000000000000|0|3|rt4_TMB-5_MAP_g1_05504.r24|2|1|RICH|604|0|2720|0000000000000000000000000000000000000000000000000000000000000000|RICH|1|604|DISP=ACCEPT_INSTALL|DETAIL=rt3_map_g1
0000000000000000000000000000000000000000000000000000000000000000|0000000000000000000000000000000000000000000000000000000000000000|0|3|rt4_TMB-5_MAP_g1_05505.r24|2|1|RICH|606|0|2720|0000000000000000000000000000000000000000000000000000000000000000|RICH|1|606|DISP=ACCEPT_INSTALL|DETAIL=rt3_map_g1
0000000000000000000000000000000000000000000000000000000000000000|0000000000000000000000000000000000000000000000000000000000000000|0|3|rt4_TMB-5_MAP_g1_05506.r24|2|1|RICH|608|0|2720|0000000000000000000000000000000000000000000000000000000000000000|RICH|1|608|DISP=ACCEPT_INSTALL|DETAIL=rt3_map_g1
0000000000000000000000000000000000000000000000000000000000000000|0000000000000000000000000000000000000000000000000000000000000000|0|3|rt4_TMB-5_MAP_g1_05507.r24|2|1|RICH|610|0|2720|0000000000000000000000000000000000000000000000000000000000000000|RICH|1|610|DISP=ACCEPT_INSTALL|DETAIL=rt3_map_g1
0000000000000000000000000000000000000000000000000000000000000000|0000000000000000000000000000000000000000000000000000000000000000|0|3|rt4_TMB-5_MAP_g1_05508.r24|2|1|RICH|612|0|2720|0000000000000000000000000000000000000000000000000000000000000000|RICH|1|612|DISP=ACCEPT_INSTALL|DETAIL=rt3_map_g1
0000000000000000000000000000000000000000000000000000000000000000|0000000000000000000000000000000000000000000000000000000000000000|0|3|rt4_TMB-5_MAP_g1_05509.r24|2|1|RICH|614|0|2720|0000000000000000000000000000000000000000000000000000000000000000|RICH|1|614|DISP=ACCEPT_INSTALL|DETAIL=rt3_map_g1
0000000000000000000000000000000000000000000000000000000000000000|0000000000000000000000000000000000000000000000000000000000000000|0|3|rt4_TMB-5_MAP_g1_05510.r24|2|1|RICH|616|0|2720|0000000000000000000000000000000000000000000000000000000000000000|RICH|1|616|DISP=ACCEPT_INSTALL|DETAIL=rt3_map_g1
0000000000000000000000000000000000000000000000000000000000000000|0000000000000000000000000000000000000000000000000000000000000000|0|3|rt4_TMB-5_MAP_g1_05511.r24|2|1|RICH|618|0|2720|0000000000000000000000000000000000000000000000000000000000000000|RICH|1|618|DISP=ACCEPT_INSTALL|DETAIL=rt3_map_g1
0000000000000000000000000000000000000000000000000000000000000000|0000000000000000000000000000000000000000000000000000000000000000|0|3|rt4_TMB-5_MAP_g1_05512.r24|2|1|RICH|620|0|2720|0000000000000000000000000000000000000000000000000000000000000000|RICH|1|620|DISP=ACCEPT_INSTALL|DETAIL=rt3_map_g1
0000000000000000000000000000000000000000000000000000000000000000|0000000000000000000000000000000000000000000000000000000000000000|0|3|rt4_TMB-5_MAP_g1_05513.r24|2|1|RICH|622|0|2720|0000000000000000000000000000000000000000000000000000000000000000|RICH|1|622|DISP=ACCEPT_INSTALL|DETAIL=rt3_map_g1
0000000000000000000000000000000000000000000000000000000000000000|0000000000000000000000000000000000000000000000000000000000000000|0|3|rt4_TMB-5_MAP_g1_05514.r24|2|1|RICH|624|0|2720|0000000000000000000000000000000000000000000000000000000000000000|RICH|1|624|DISP=ACCEPT_INSTALL|DETAIL=rt3_map_g1
0000000000000000000000000000000000000000000000000000000000000000|0000000000000000000000000000000000000000000000000000000000000000|0|3|rt4_TMB-5_MAP_g1_05515.r24|2|1|RICH|626|0|2720|0000000000000000000000000000000000000000000000000000000000000000|RICH|1|626|DISP=ACCEPT_INSTALL|DETAIL=rt3_map_g1
0000000000000000000000000000000000000000000000000000000000000000|0000000000000000000000000000000000000000000000000000000000000000|0|3|rt4_TMB-5_MAP_g1_05516.r24|2|1|RICH|628|0|2720|0000000000000000000000000000000000000000000000000000000000000000|RICH|1|628|DISP=ACCEPT_INSTALL|DETAIL=rt3_map_g1
0000000000000000000000000000000000000000000000000000000000000000|0000000000000000000000000000000000000000000000000000000000000000|0|3|rt4_TMB-5_MAP_g1_05517.r24|2|1|RICH|630|0|2720|0000000000000000000000000000000000000000000000000000000000000000|RICH|1|630|DISP=ACCEPT_INSTALL|DETAIL=rt3_map_g1
0000000000000000000000000000000000000000000000000000000000000000|0000000000000000000000000000000000000000000000000000000000000000|0|3|rt4_TMB-5_MAP_g1_05518.r24|2|1|RICH|632|0|2720|0000000000000000000000000000000000000000000000000000000000000000|RICH|1|632|DISP=ACCEPT_INSTALL|DETAIL=rt3_map_g1
0000000000000000000000000000000000000000000000000000000000000000|0000000000000000000000000000000000000000000000000000000000000000|0|3|rt4_TMB-5_MAP_g1_05519.r24|2|1|RICH|634|0|2720|0000000000000000000000000000000000000000000000000000000000000000|RICH|1|634|DISP=ACCEPT_INSTALL|DETAIL=rt3_map_g1
0000000000000000000000000000000000000000000000000000000000000000|0000000000000000000000000000000000000000000000000000000000000000|0|3|rt4_TMB-5_MAP_g1_05520.r24|2|1|RICH|636|0|2720|0000000000000000000000000000000000000000000000000000000000000000|RICH|1|636|DISP=ACCEPT_INSTALL|DETAIL=rt3_map_g1
0000000000000000000000000000000000000000000000000000000000000000|0000000000000000000000000000000000000000000000000000000000000000|0|3|rt4_TMB-5_MAP_g1_05521.r24|2|1|RICH|638|0|2720|0000000000000000000000000000000000000000000000000000000000000000|RICH|1|638|DISP=ACCEPT_INSTALL|DETAIL=rt3_map_g1
0000000000000000000000000000000000000000000000000000000000000000|0000000000000000000000000000000000000000000000000000000000000000|0|3|rt4_TMB-5_MAP_g1_05522.r24|2|1|RICH|640|0|2720|0000000000000000000000000000000000000000000000000000000000000000|RICH|1|640|DISP=ACCEPT_INSTALL|DETAIL=rt3_map_g1
0000000000000000000000000000000000000000000000000000000000000000|0000000000000000000000000000000000000000000000000000000000000000|0|3|rt4_TMB-5_MAP_g1_05523.r24|2|1|RICH|642|0|2720|0000000000000000000000000000000000000000000000000000000000000000|RICH|1|642|DISP=ACCEPT_INSTALL|DETAIL=rt3_map_g1
0000000000000000000000000000000000000000000000000000000000000000|0000000000000000000000000000000000000000000000000000000000000000|0|3|rt4_TMB-5_MAP_g1_05524.r24|2|1|RICH|644|0|2720|0000000000000000000000000000000000000000000000000000000000000000|RICH|1|644|DISP=ACCEPT_INSTALL|DETAIL=rt3_map_g1
0000000000000000000000000000000000000000000000000000000000000000|0000000000000000000000000000000000000000000000000000000000000000|0|3|rt4_TMB-5_MAP_g1_05525.r24|2|1|RICH|646|0|2720|0000000000000000000000000000000000000000000000000000000000000000|RICH|1|646|DISP=ACCEPT_INSTALL|DETAIL=rt3_map_g1
0000000000000000000000000000000000000000000000000000000000000000|0000000000000000000000000000000000000000000000000000000000000000|0|3|rt4_TMB-5_MAP_g1_05526.r24|2|1|RICH|648|0|2720|0000000000000000000000000000000000000000000000000000000000000000|RICH|1|648|DISP=ACCEPT_INSTALL|DETAIL=rt3_map_g1
0000000000000000000000000000000000000000000000000000000000000000|0000000000000000000000000000000000000000000000000000000000000000|0|3|rt4_TMB-5_MAP_g1_05527.r24|2|1|RICH|650|0|2720|0000000000000000000000000000000000000000000000000000000000000000|RICH|1|650|DISP=ACCEPT_INSTALL|DETAIL=rt3_map_g1
0000000000000000000000000000000000000000000000000000000000000000|0000000000000000000000000000000000000000000000000000000000000000|0|3|rt4_TMB-5_MAP_g1_05528.r24|2|1|RICH|652|0|2720|0000000000000000000000000000000000000000000000000000000000000000|RICH|1|652|DISP=ACCEPT_INSTALL|DETAIL=rt3_map_g1
0000000000000000000000000000000000000000000000000000000000000000|0000000000000000000000000000000000000000000000000000000000000000|0|3|rt4_TMB-5_MAP_g1_05529.r24|2|1|RICH|654|0|2720|0000000000000000000000000000000000000000000000000000000000000000|RICH|1|654|DISP=ACCEPT_INSTALL|DETAIL=rt3_map_g1
0000000000000000000000000000000000000000000000000000000000000000|0000000000000000000000000000000000000000000000000000000000000000|0|3|rt4_TMB-5_MAP_g1_05530.r24|2|1|RICH|656|0|2720|0000000000000000000000000000000000000000000000000000000000000000|RICH|1|656|DISP=ACCEPT_INSTALL|DETAIL=rt3_map_g1
0000000000000000000000000000000000000000000000000000000000000000|0000000000000000000000000000000000000000000000000000000000000000|0|3|rt4_TMB-5_MAP_g1_05531.r24|2|1|RICH|658|0|2720|0000000000000000000000000000000000000000000000000000000000000000|RICH|1|658|DISP=ACCEPT_INSTALL|DETAIL=rt3_map_g1
0000000000000000000000000000000000000000000000000000000000000000|0000000000000000000000000000000000000000000000000000000000000000|0|3|rt4_TMB-5_MAP_g1_05532.r24|2|1|RICH|660|0|2720|0000000000000000000000000000000000000000000000000000000000000000|RICH|1|660|DISP=ACCEPT_INSTALL|DETAIL=rt3_map_g1
0000000000000000000000000000000000000000000000000000000000000000|0000000000000000000000000000000000000000000000000000000000000000|0|3|rt4_TMB-5_MAP_g1_05533.r24|2|1|RICH|662|0|2720|0000000000000000000000000000000000000000000000000000000000000000|RICH|1|662|DISP=ACCEPT_INSTALL|DETAIL=rt3_map_g1
0000000000000000000000000000000000000000000000000000000000000000|0000000000000000000000000000000000000000000000000000000000000000|0|3|rt4_TMB-5_MAP_g1_05534.r24|2|1|RICH|664|0|2720|0000000000000000000000000000000000000000000000000000000000000000|RICH|1|664|DISP=ACCEPT_INSTALL|DETAIL=rt3_map_g1
0000000000000000000000000000000000000000000000000000000000000000|0000000000000000000000000000000000000000000000000000000000000000|0|3|rt4_TMB-5_MAP_g1_05535.r24|2|1|RICH|666|0|2720|0000000000000000000000000000000000000000000000000000000000000000|RICH|1|666|DISP=ACCEPT_INSTALL|DETAIL=rt3_map_g1
0000000000000000000000000000000000000000000000000000000000000000|0000000000000000000000000000000000000000000000000000000000000000|0|3|rt4_TMB-5_MAP_g1_05536.r24|2|1|RICH|668|0|2720|0000000000000000000000000000000000000000000000000000000000000000|RICH|1|668|DISP=ACCEPT_INSTALL|DETAIL=rt3_map_g1
0000000000000000000000000000000000000000000000000000000000000000|0000000000000000000000000000000000000000000000000000000000000000|0|3|rt4_TMB-5_MAP_g1_05537.r24|2|1|RICH|670|0|2720|0000000000000000000000000000000000000000000000000000000000000000|RICH|1|670|DISP=ACCEPT_INSTALL|DETAIL=rt3_map_g1
0000000000000000000000000000000000000000000000000000000000000000|0000000000000000000000000000000000000000000000000000000000000000|0|3|rt4_TMB-5_MAP_g1_05538.r24|2|1|RICH|672|0|2720|0000000000000000000000000000000000000000000000000000000000000000|RICH|1|672|DISP=ACCEPT_INSTALL|DETAIL=rt3_map_g1
0000000000000000000000000000000000000000000000000000000000000000|0000000000000000000000000000000000000000000000000000000000000000|0|3|rt4_TMB-5_MAP_g1_05539.r24|2|1|RICH|674|0|2720|0000000000000000000000000000000000000000000000000000000000000000|RICH|1|674|DISP=ACCEPT_INSTALL|DETAIL=rt3_map_g1
0000000000000000000000000000000000000000000000000000000000000000|0000000000000000000000000000000000000000000000000000000000000000|0|3|rt4_TMB-5_MAP_g1_05540.r24|2|1|RICH|676|0|2720|0000000000000000000000000000000000000000000000000000000000000000|RICH|1|676|DISP=ACCEPT_INSTALL|DETAIL=rt3_map_g1
0000000000000000000000000000000000000000000000000000000000000000|0000000000000000000000000000000000000000000000000000000000000000|0|3|rt4_TMB-5_MAP_g1_05541.r24|2|1|RICH|678|0|2720|0000000000000000000000000000000000000000000000000000000000000000|RICH|1|678|DISP=ACCEPT_INSTALL|DETAIL=rt3_map_g1
0000000000000000000000000000000000000000000000000000000000000000|0000000000000000000000000000000000000000000000000000000000000000|0|3|rt4_TMB-5_MAP_g1_05542.r24|2|1|RICH|680|0|2720|0000000000000000000000000000000000000000000000000000000000000000|RICH|1|680|DISP=ACCEPT_INSTALL|DETAIL=rt3_map_g1
0000000000000000000000000000000000000000000000000000000000000000|0000000000000000000000000000000000000000000000000000000000000000|0|3|rt4_TMB-5_MAP_g1_05543.r24|2|1|RICH|682|0|2720|0000000000000000000000000000000000000000000000000000000000000000|RICH|1|682|DISP=ACCEPT_INSTALL|DETAIL=rt3_map_g1
0000000000000000000000000000000000000000000000000000000000000000|0000000000000000000000000000000000000000000000000000000000000000|0|3|rt4_TMB-5_MAP_g1_05544.r24|2|1|RICH|684|0|2720|0000000000000000000000000000000000000000000000000000000000000000|RICH|1|684|DISP=ACCEPT_INSTALL|DETAIL=rt3_map_g1
0000000000000000000000000000000000000000000000000000000000000000|0000000000000000000000000000000000000000000000000000000000000000|0|3|rt4_TMB-5_MAP_g1_05545.r24|2|1|RICH|686|0|2720|0000000000000000000000000000000000000000000000000000000000000000|RICH|1|686|DISP=ACCEPT_INSTALL|DETAIL=rt3_map_g1
0000000000000000000000000000000000000000000000000000000000000000|0000000000000000000000000000000000000000000000000000000000000000|0|3|rt4_TMB-5_MAP_g1_05546.r24|2|1|RICH|688|0|2720|0000000000000000000000000000000000000000000000000000000000000000|RICH|1|688|DISP=ACCEPT_INSTALL|DETAIL=rt3_map_g1
0000000000000000000000000000000000000000000000000000000000000000|0000000000000000000000000000000000000000000000000000000000000000|0|3|rt4_TMB-5_MAP_g1_05547.r24|2|1|RICH|690|0|2720|0000000000000000000000000000000000000000000000000000000000000000|RICH|1|690|DISP=ACCEPT_INSTALL|DETAIL=rt3_map_g1
0000000000000000000000000000000000000000000000000000000000000000|0000000000000000000000000000000000000000000000000000000000000000|0|3|rt4_TMB-5_MAP_g1_05548.r24|2|1|RICH|692|0|2720|0000000000000000000000000000000000000000000000000000000000000000|RICH|1|692|DISP=ACCEPT_INSTALL|DETAIL=rt3_map_g1
0000000000000000000000000000000000000000000000000000000000000000|0000000000000000000000000000000000000000000000000000000000000000|0|3|rt4_TMB-5_MAP_g1_05549.r24|2|1|RICH|694|0|2720|0000000000000000000000000000000000000000000000000000000000000000|RICH|1|694|DISP=ACCEPT_INSTALL|DETAIL=rt3_map_g1
0000000000000000000000000000000000000000000000000000000000000000|0000000000000000000000000000000000000000000000000000000000000000|0|3|rt4_TMB-5_MAP_g1_05550.r24|2|1|RICH|696|0|2720|0000000000000000000000000000000000000000000000000000000000000000|RICH|1|696|DISP=ACCEPT_INSTALL|DETAIL=rt3_map_g1
0000000000000000000000000000000000000000000000000000000000000000|0000000000000000000000000000000000000000000000000000000000000000|0|3|rt4_TMB-5_MAP_g1_05551.r24|2|1|RICH|698|0|2720|0000000000000000000000000000000000000000000000000000000000000000|RICH|1|698|DISP=ACCEPT_INSTALL|DETAIL=rt3_map_g1
0000000000000000000000000000000000000000000000000000000000000000|0000000000000000000000000000000000000000000000000000000000000000|0|3|rt4_TMB-5_MAP_g1_05552.r24|2|1|RICH|700|0|2720|0000000000000000000000000000000000000000000000000000000000000000|RICH|1|700|DISP=ACCEPT_INSTALL|DETAIL=rt3_map_g1
0000000000000000000000000000000000000000000000000000000000000000|0000000000000000000000000000000000000000000000000000000000000000|0|3|rt4_TMB-5_MAP_g1_05553.r24|2|1|RICH|702|0|2720|0000000000000000000000000000000000000000000000000000000000000000|RICH|1|702|DISP=ACCEPT_INSTALL|DETAIL=rt3_map_g1
0000000000000000000000000000000000000000000000000000000000000000|0000000000000000000000000000000000000000000000000000000000000000|0|3|rt4_TMB-5_MAP_g1_05554.r24|2|1|RICH|704|0|2720|0000000000000000000000000000000000000000000000000000000000000000|RICH|1|704|DISP=ACCEPT_INSTALL|DETAIL=rt3_map_g1
0000000000000000000000000000000000000000000000000000000000000000|0000000000000000000000000000000000000000000000000000000000000000|0|3|rt4_TMB-5_MAP_g1_05555.r24|2|1|RICH|706|0|2720|0000000000000000000000000000000000000000000000000000000000000000|RICH|1|706|DISP=ACCEPT_INSTALL|DETAIL=rt3_map_g1
0000000000000000000000000000000000000000000000000000000000000000|0000000000000000000000000000000000000000000000000000000000000000|0|3|rt4_TMB-5_MAP_g1_05556.r24|2|1|RICH|708|0|2720|0000000000000000000000000000000000000000000000000000000000000000|RICH|1|708|DISP=ACCEPT_INSTALL|DETAIL=rt3_map_g1
0000000000000000000000000000000000000000000000000000000000000000|0000000000000000000000000000000000000000000000000000000000000000|0|3|rt4_TMB-5_MAP_g1_05557.r24|2|1|RICH|710|0|2720|0000000000000000000000000000000000000000000000000000000000000000|RICH|1|710|DISP=ACCEPT_INSTALL|DETAIL=rt3_map_g1
0000000000000000000000000000000000000000000000000000000000000000|0000000000000000000000000000000000000000000000000000000000000000|0|3|rt4_TMB-5_MAP_g1_05558.r24|2|1|RICH|712|0|2720|0000000000000000000000000000000000000000000000000000000000000000|RICH|1|712|DISP=ACCEPT_INSTALL|DETAIL=rt3_map_g1
0000000000000000000000000000000000000000000000000000000000000000|0000000000000000000000000000000000000000000000000000000000000000|0|3|rt4_TMB-5_MAP_g1_05559.r24|2|1|RICH|714|0|2720|0000000000000000000000000000000000000000000000000000000000000000|RICH|1|714|DISP=ACCEPT_INSTALL|DETAIL=rt3_map_g1
0000000000000000000000000000000000000000000000000000000000000000|0000000000000000000000000000000000000000000000000000000000000000|0|3|rt4_TMB-5_MAP_g1_05560.r24|2|1|RICH|716|0|2720|0000000000000000000000000000000000000000000000000000000000000000|RICH|1|716|DISP=ACCEPT_INSTALL|DETAIL=rt3_map_g1
0000000000000000000000000000000000000000000000000000000000000000|0000000000000000000000000000000000000000000000000000000000000000|0|3|rt4_TMB-5_MAP_g1_05561.r24|2|1|RICH|718|0|2720|0000000000000000000000000000000000000000000000000000000000000000|RICH|1|718|DISP=ACCEPT_INSTALL|DETAIL=rt3_map_g1
0000000000000000000000000000000000000000000000000000000000000000|0000000000000000000000000000000000000000000000000000000000000000|0|3|rt4_TMB-5_MAP_g1_05562.r24|2|1|RICH|720|0|2720|0000000000000000000000000000000000000000000000000000000000000000|RICH|1|720|DISP=ACCEPT_INSTALL|DETAIL=rt3_map_g1
0000000000000000000000000000000000000000000000000000000000000000|0000000000000000000000000000000000000000000000000000000000000000|0|3|rt4_TMB-5_MAP_g1_05563.r24|2|1|RICH|722|0|2720|0000000000000000000000000000000000000000000000000000000000000000|RICH|1|722|DISP=ACCEPT_INSTALL|DETAIL=rt3_map_g1
0000000000000000000000000000000000000000000000000000000000000000|0000000000000000000000000000000000000000000000000000000000000000|0|3|rt4_TMB-5_MAP_g1_05564.r24|2|1|RICH|724|0|2720|0000000000000000000000000000000000000000000000000000000000000000|RICH|1|724|DISP=ACCEPT_INSTALL|DETAIL=rt3_map_g1
0000000000000000000000000000000000000000000000000000000000000000|0000000000000000000000000000000000000000000000000000000000000000|0|3|rt4_TMB-5_MAP_g1_05565.r24|2|1|RICH|726|0|2720|0000000000000000000000000000000000000000000000000000000000000000|RICH|1|726|DISP=ACCEPT_INSTALL|DETAIL=rt3_map_g1
0000000000000000000000000000000000000000000000000000000000000000|0000000000000000000000000000000000000000000000000000000000000000|0|3|rt4_TMB-5_MAP_g1_05566.r24|2|1|RICH|728|0|2720|0000000000000000000000000000000000000000000000000000000000000000|RICH|1|728|DISP=ACCEPT_INSTALL|DETAIL=rt3_map_g1
0000000000000000000000000000000000000000000000000000000000000000|0000000000000000000000000000000000000000000000000000000000000000|0|3|rt4_TMB-5_MAP_g1_05567.r24|2|1|RICH|730|0|2720|0000000000000000000000000000000000000000000000000000000000000000|RICH|1|730|DISP=ACCEPT_INSTALL|DETAIL=rt3_map_g1
0000000000000000000000000000000000000000000000000000000000000000|0000000000000000000000000000000000000000000000000000000000000000|0|3|rt4_TMB-5_MAP_g1_05568.r24|2|1|RICH|732|0|2720|0000000000000000000000000000000000000000000000000000000000000000|RICH|1|732|DISP=ACCEPT_INSTALL|DETAIL=rt3_map_g1
0000000000000000000000000000000000000000000000000000000000000000|0000000000000000000000000000000000000000000000000000000000000000|0|3|rt4_TMB-5_MAP_g1_05569.r24|2|1|RICH|734|0|2720|0000000000000000000000000000000000000000000000000000000000000000|RICH|1|734|DISP=ACCEPT_INSTALL|DETAIL=rt3_map_g1
0000000000000000000000000000000000000000000000000000000000000000|0000000000000000000000000000000000000000000000000000000000000000|0|3|rt4_TMB-5_MAP_g1_05570.r24|2|1|RICH|736|0|2720|0000000000000000000000000000000000000000000000000000000000000000|RICH|1|736|DISP=ACCEPT_INSTALL|DETAIL=rt3_map_g1
0000000000000000000000000000000000000000000000000000000000000000|0000000000000000000000000000000000000000000000000000000000000000|0|3|rt4_TMB-5_MAP_g1_05571.r24|2|1|RICH|738|0|2720|0000000000000000000000000000000000000000000000000000000000000000|RICH|1|738|DISP=ACCEPT_INSTALL|DETAIL=rt3_map_g1
0000000000000000000000000000000000000000000000000000000000000000|0000000000000000000000000000000000000000000000000000000000000000|0|3|rt4_TMB-5_MAP_g1_05572.r24|2|1|RICH|740|0|2720|0000000000000000000000000000000000000000000000000000000000000000|RICH|1|740|DISP=ACCEPT_INSTALL|DETAIL=rt3_map_g1
0000000000000000000000000000000000000000000000000000000000000000|0000000000000000000000000000000000000000000000000000000000000000|0|3|rt4_TMB-5_MAP_g1_05573.r24|2|1|RICH|742|0|2720|0000000000000000000000000000000000000000000000000000000000000000|RICH|1|742|DISP=ACCEPT_INSTALL|DETAIL=rt3_map_g1
0000000000000000000000000000000000000000000000000000000000000000|0000000000000000000000000000000000000000000000000000000000000000|0|3|rt4_TMB-5_MAP_g1_05574.r24|2|1|RICH|744|0|2720|0000000000000000000000000000000000000000000000000000000000000000|RICH|1|744|DISP=ACCEPT_INSTALL|DETAIL=rt3_map_g1
0000000000000000000000000000000000000000000000000000000000000000|0000000000000000000000000000000000000000000000000000000000000000|0|3|rt4_TMB-5_MAP_g1_05575.r24|2|1|RICH|746|0|2720|0000000000000000000000000000000000000000000000000000000000000000|RICH|1|746|DISP=ACCEPT_INSTALL|DETAIL=rt3_map_g1
0000000000000000000000000000000000000000000000000000000000000000|0000000000000000000000000000000000000000000000000000000000000000|0|3|rt4_TMB-5_MAP_g1_05576.r24|2|1|RICH|748|0|2720|0000000000000000000000000000000000000000000000000000000000000000|RICH|1|748|DISP=ACCEPT_INSTALL|DETAIL=rt3_map_g1
0000000000000000000000000000000000000000000000000000000000000000|0000000000000000000000000000000000000000000000000000000000000000|0|3|rt4_TMB-5_MAP_g1_05577.r24|2|1|RICH|750|0|2720|0000000000000000000000000000000000000000000000000000000000000000|RICH|1|750|DISP=ACCEPT_INSTALL|DETAIL=rt3_map_g1
0000000000000000000000000000000000000000000000000000000000000000|0000000000000000000000000000000000000000000000000000000000000000|0|3|rt4_TMB-5_MAP_g1_05578.r24|2|1|RICH|752|0|2720|0000000000000000000000000000000000000000000000000000000000000000|RICH|1|752|DISP=ACCEPT_INSTALL|DETAIL=rt3_map_g1
0000000000000000000000000000000000000000000000000000000000000000|0000000000000000000000000000000000000000000000000000000000000000|0|3|rt4_TMB-5_MAP_g1_05579.r24|2|1|RICH|754|0|2720|0000000000000000000000000000000000000000000000000000000000000000|RICH|1|754|DISP=ACCEPT_INSTALL|DETAIL=rt3_map_g1
0000000000000000000000000000000000000000000000000000000000000000|0000000000000000000000000000000000000000000000000000000000000000|0|3|rt4_TMB-5_MAP_g1_05580.r24|2|1|RICH|756|0|2720|0000000000000000000000000000000000000000000000000000000000000000|RICH|1|756|DISP=ACCEPT_INSTALL|DETAIL=rt3_map_g1
0000000000000000000000000000000000000000000000000000000000000000|0000000000000000000000000000000000000000000000000000000000000000|0|3|rt4_TMB-5_MAP_g1_05581.r24|2|1|RICH|758|0|2720|0000000000000000000000000000000000000000000000000000000000000000|RICH|1|758|DISP=ACCEPT_INSTALL|DETAIL=rt3_map_g1
0000000000000000000000000000000000000000000000000000000000000000|0000000000000000000000000000000000000000000000000000000000000000|0|3|rt4_TMB-5_MAP_g1_05582.r24|2|1|RICH|760|0|2720|0000000000000000000000000000000000000000000000000000000000000000|RICH|1|760|DISP=ACCEPT_INSTALL|DETAIL=rt3_map_g1
0000000000000000000000000000000000000000000000000000000000000000|0000000000000000000000000000000000000000000000000000000000000000|0|3|rt4_TMB-5_MAP_g1_05583.r24|2|1|RICH|762|0|2720|0000000000000000000000000000000000000000000000000000000000000000|RICH|1|762|DISP=ACCEPT_INSTALL|DETAIL=rt3_map_g1
0000000000000000000000000000000000000000000000000000000000000000|0000000000000000000000000000000000000000000000000000000000000000|0|3|rt4_TMB-5_MAP_g1_05584.r24|2|1|RICH|764|0|2720|0000000000000000000000000000000000000000000000000000000000000000|RICH|1|764|DISP=ACCEPT_INSTALL|DETAIL=rt3_map_g1
0000000000000000000000000000000000000000000000000000000000000000|0000000000000000000000000000000000000000000000000000000000000000|0|3|rt4_TMB-5_MAP_g1_05585.r24|2|1|RICH|766|0|2720|0000000000000000000000000000000000000000000000000000000000000000|RICH|1|766|DISP=ACCEPT_INSTALL|DETAIL=rt3_map_g1
0000000000000000000000000000000000000000000000000000000000000000|0000000000000000000000000000000000000000000000000000000000000000|0|3|rt4_TMB-5_MAP_g1_05586.r24|2|1|RICH|768|0|2720|0000000000000000000000000000000000000000000000000000000000000000|RICH|1|768|DISP=ACCEPT_INSTALL|DETAIL=rt3_map_g1
0000000000000000000000000000000000000000000000000000000000000000|0000000000000000000000000000000000000000000000000000000000000000|0|3|rt4_TMB-5_MAP_g1_05587.r24|2|1|RICH|770|0|2720|0000000000000000000000000000000000000000000000000000000000000000|RICH|1|770|DISP=ACCEPT_INSTALL|DETAIL=rt3_map_g1
0000000000000000000000000000000000000000000000000000000000000000|0000000000000000000000000000000000000000000000000000000000000000|0|3|rt4_TMB-5_MAP_g1_05588.r24|2|1|RICH|772|0|2720|0000000000000000000000000000000000000000000000000000000000000000|RICH|1|772|DISP=ACCEPT_INSTALL|DETAIL=rt3_map_g1
0000000000000000000000000000000000000000000000000000000000000000|0000000000000000000000000000000000000000000000000000000000000000|0|3|rt4_TMB-5_MAP_g1_05589.r24|2|1|RICH|774|0|2720|0000000000000000000000000000000000000000000000000000000000000000|RICH|1|774|DISP=ACCEPT_INSTALL|DETAIL=rt3_map_g1
0000000000000000000000000000000000000000000000000000000000000000|0000000000000000000000000000000000000000000000000000000000000000|0|3|rt4_TMB-5_MAP_g1_05590.r24|2|1|RICH|776|0|2720|0000000000000000000000000000000000000000000000000000000000000000|RICH|1|776|DISP=ACCEPT_INSTALL|DETAIL=rt3_map_g1
0000000000000000000000000000000000000000000000000000000000000000|0000000000000000000000000000000000000000000000000000000000000000|0|3|rt4_TMB-5_MAP_g1_05591.r24|2|1|RICH|778|0|2720|0000000000000000000000000000000000000000000000000000000000000000|RICH|1|778|DISP=ACCEPT_INSTALL|DETAIL=rt3_map_g1
0000000000000000000000000000000000000000000000000000000000000000|0000000000000000000000000000000000000000000000000000000000000000|0|3|rt4_TMB-5_MAP_g1_05592.r24|2|1|RICH|780|0|2720|0000000000000000000000000000000000000000000000000000000000000000|RICH|1|780|DISP=ACCEPT_INSTALL|DETAIL=rt3_map_g1
0000000000000000000000000000000000000000000000000000000000000000|0000000000000000000000000000000000000000000000000000000000000000|0|3|rt4_TMB-5_MAP_g1_05593.r24|2|1|RICH|782|0|2720|0000000000000000000000000000000000000000000000000000000000000000|RICH|1|782|DISP=ACCEPT_INSTALL|DETAIL=rt3_map_g1
0000000000000000000000000000000000000000000000000000000000000000|0000000000000000000000000000000000000000000000000000000000000000|0|3|rt4_TMB-5_MAP_g1_05594.r24|2|1|RICH|784|0|2720|0000000000000000000000000000000000000000000000000000000000000000|RICH|1|784|DISP=ACCEPT_INSTALL|DETAIL=rt3_map_g1
0000000000000000000000000000000000000000000000000000000000000000|0000000000000000000000000000000000000000000000000000000000000000|0|3|rt4_TMB-5_MAP_g1_05595.r24|2|1|RICH|786|0|2720|0000000000000000000000000000000000000000000000000000000000000000|RICH|1|786|DISP=ACCEPT_INSTALL|DETAIL=rt3_map_g1
0000000000000000000000000000000000000000000000000000000000000000|0000000000000000000000000000000000000000000000000000000000000000|0|3|rt4_TMB-5_MAP_g1_05596.r24|2|1|RICH|788|0|2720|0000000000000000000000000000000000000000000000000000000000000000|RICH|1|788|DISP=ACCEPT_INSTALL|DETAIL=rt3_map_g1
0000000000000000000000000000000000000000000000000000000000000000|0000000000000000000000000000000000000000000000000000000000000000|0|3|rt4_TMB-5_MAP_g1_05597.r24|2|1|RICH|790|0|2720|0000000000000000000000000000000000000000000000000000000000000000|RICH|1|790|DISP=ACCEPT_INSTALL|DETAIL=rt3_map_g1
0000000000000000000000000000000000000000000000000000000000000000|0000000000000000000000000000000000000000000000000000000000000000|0|3|rt4_TMB-5_MAP_g1_05598.r24|2|1|RICH|792|0|2720|0000000000000000000000000000000000000000000000000000000000000000|RICH|1|792|DISP=ACCEPT_INSTALL|DETAIL=rt3_map_g1
0000000000000000000000000000000000000000000000000000000000000000|0000000000000000000000000000000000000000000000000000000000000000|0|3|rt4_TMB-5_MAP_g1_05599.r24|2|1|RICH|794|0|2720|0000000000000000000000000000000000000000000000000000000000000000|RICH|1|794|DISP=ACCEPT_INSTALL|DETAIL=rt3_map_g1
0000000000000000000000000000000000000000000000000000000000000000|0000000000000000000000000000000000000000000000000000000000000000|0|3|rt4_TMB-5_MAP_g1_05600.r24|2|1|RICH|796|0|2720|0000000000000000000000000000000000000000000000000000000000000000|RICH|1|796|DISP=ACCEPT_INSTALL|DETAIL=rt3_map_g1
0000000000000000000000000000000000000000000000000000000000000000|0000000000000000000000000000000000000000000000000000000000000000|0|3|rt4_TMB-5_MAP_g1_05601.r24|2|1|RICH|798|0|2720|0000000000000000000000000000000000000000000000000000000000000000|RICH|1|798|DISP=ACCEPT_INSTALL|DETAIL=rt3_map_g1
0000000000000000000000000000000000000000000000000000000000000000|0000000000000000000000000000000000000000000000000000000000000000|0|3|rt4_TMB-5_MAP_g1_05602.r24|2|1|RICH|800|0|2720|0000000000000000000000000000000000000000000000000000000000000000|RICH|1|800|DISP=ACCEPT_INSTALL|DETAIL=rt3_map_g1
0000000000000000000000000000000000000000000000000000000000000000|0000000000000000000000000000000000000000000000000000000000000000|0|3|rt4_TMB-5_MAP_g1_05603.r24|2|1|RICH|802|0|2720|0000000000000000000000000000000000000000000000000000000000000000|RICH|1|802|DISP=ACCEPT_INSTALL|DETAIL=rt3_map_g1
0000000000000000000000000000000000000000000000000000000000000000|0000000000000000000000000000000000000000000000000000000000000000|0|3|rt4_TMB-5_MAP_g1_05604.r24|2|1|RICH|804|0|2720|0000000000000000000000000000000000000000000000000000000000000000|RICH|1|804|DISP=ACCEPT_INSTALL|DETAIL=rt3_map_g1
0000000000000000000000000000000000000000000000000000000000000000|0000000000000000000000000000000000000000000000000000000000000000|0|3|rt4_TMB-5_MAP_g1_05605.r24|2|1|RICH|806|0|2720|0000000000000000000000000000000000000000000000000000000000000000|RICH|1|806|DISP=ACCEPT_INSTALL|DETAIL=rt3_map_g1
0000000000000000000000000000000000000000000000000000000000000000|0000000000000000000000000000000000000000000000000000000000000000|0|3|rt4_TMB-5_MAP_g1_05606.r24|2|1|RICH|808|0|2720|0000000000000000000000000000000000000000000000000000000000000000|RICH|1|808|DISP=ACCEPT_INSTALL|DETAIL=rt3_map_g1
0000000000000000000000000000000000000000000000000000000000000000|0000000000000000000000000000000000000000000000000000000000000000|0|3|rt4_TMB-5_MAP_g1_05607.r24|2|1|RICH|810|0|2720|0000000000000000000000000000000000000000000000000000000000000000|RICH|1|810|DISP=ACCEPT_INSTALL|DETAIL=rt3_map_g1
0000000000000000000000000000000000000000000000000000000000000000|0000000000000000000000000000000000000000000000000000000000000000|0|3|rt4_TMB-5_MAP_g1_05608.r24|2|1|RICH|812|0|2720|0000000000000000000000000000000000000000000000000000000000000000|RICH|1|812|DISP=ACCEPT_INSTALL|DETAIL=rt3_map_g1
0000000000000000000000000000000000000000000000000000000000000000|0000000000000000000000000000000000000000000000000000000000000000|0|3|rt4_TMB-5_MAP_g1_05609.r24|2|1|RICH|814|0|2720|0000000000000000000000000000000000000000000000000000000000000000|RICH|1|814|DISP=ACCEPT_INSTALL|DETAIL=rt3_map_g1
0000000000000000000000000000000000000000000000000000000000000000|0000000000000000000000000000000000000000000000000000000000000000|0|3|rt4_TMB-5_MAP_g1_05610.r24|2|1|RICH|816|0|2720|0000000000000000000000000000000000000000000000000000000000000000|RICH|1|816|DISP=ACCEPT_INSTALL|DETAIL=rt3_map_g1
0000000000000000000000000000000000000000000000000000000000000000|0000000000000000000000000000000000000000000000000000000000000000|0|3|rt4_TMB-5_MAP_g1_05611.r24|2|1|RICH|818|0|2720|0000000000000000000000000000000000000000000000000000000000000000|RICH|1|818|DISP=ACCEPT_INSTALL|DETAIL=rt3_map_g1
0000000000000000000000000000000000000000000000000000000000000000|0000000000000000000000000000000000000000000000000000000000000000|0|3|rt4_TMB-5_MAP_g1_05612.r24|2|1|RICH|820|0|2720|0000000000000000000000000000000000000000000000000000000000000000|RICH|1|820|DISP=ACCEPT_INSTALL|DETAIL=rt3_map_g1
0000000000000000000000000000000000000000000000000000000000000000|0000000000000000000000000000000000000000000000000000000000000000|0|3|rt4_TMB-5_MAP_g1_05613.r24|2|1|RICH|822|0|2720|0000000000000000000000000000000000000000000000000000000000000000|RICH|1|822|DISP=ACCEPT_INSTALL|DETAIL=rt3_map_g1
0000000000000000000000000000000000000000000000000000000000000000|0000000000000000000000000000000000000000000000000000000000000000|0|3|rt4_TMB-5_MAP_g1_05614.r24|2|1|RICH|824|0|2720|0000000000000000000000000000000000000000000000000000000000000000|RICH|1|824|DISP=ACCEPT_INSTALL|DETAIL=rt3_map_g1
0000000000000000000000000000000000000000000000000000000000000000|0000000000000000000000000000000000000000000000000000000000000000|0|3|rt4_TMB-5_MAP_g1_05615.r24|2|1|RICH|826|0|2720|0000000000000000000000000000000000000000000000000000000000000000|RICH|1|826|DISP=ACCEPT_INSTALL|DETAIL=rt3_map_g1
0000000000000000000000000000000000000000000000000000000000000000|0000000000000000000000000000000000000000000000000000000000000000|0|3|rt4_TMB-5_MAP_g1_05616.r24|2|1|RICH|828|0|2720|0000000000000000000000000000000000000000000000000000000000000000|RICH|1|828|DISP=ACCEPT_INSTALL|DETAIL=rt3_map_g1
0000000000000000000000000000000000000000000000000000000000000000|0000000000000000000000000000000000000000000000000000000000000000|0|3|rt4_TMB-5_MAP_g1_05617.r24|2|1|RICH|830|0|2720|0000000000000000000000000000000000000000000000000000000000000000|RICH|1|830|DISP=ACCEPT_INSTALL|DETAIL=rt3_map_g1
0000000000000000000000000000000000000000000000000000000000000000|0000000000000000000000000000000000000000000000000000000000000000|0|3|rt4_TMB-5_MAP_g1_05618.r24|2|1|RICH|832|0|2720|0000000000000000000000000000000000000000000000000000000000000000|RICH|1|832|DISP=ACCEPT_INSTALL|DETAIL=rt3_map_g1
0000000000000000000000000000000000000000000000000000000000000000|0000000000000000000000000000000000000000000000000000000000000000|0|3|rt4_TMB-5_MAP_g1_05619.r24|2|1|RICH|834|0|2720|0000000000000000000000000000000000000000000000000000000000000000|RICH|1|834|DISP=ACCEPT_INSTALL|DETAIL=rt3_map_g1
0000000000000000000000000000000000000000000000000000000000000000|0000000000000000000000000000000000000000000000000000000000000000|0|3|rt4_TMB-5_MAP_g1_05620.r24|2|1|RICH|836|0|2720|0000000000000000000000000000000000000000000000000000000000000000|RICH|1|836|DISP=ACCEPT_INSTALL|DETAIL=rt3_map_g1
0000000000000000000000000000000000000000000000000000000000000000|0000000000000000000000000000000000000000000000000000000000000000|0|3|rt4_TMB-5_MAP_g1_05621.r24|2|1|RICH|838|0|2720|0000000000000000000000000000000000000000000000000000000000000000|RICH|1|838|DISP=ACCEPT_INSTALL|DETAIL=rt3_map_g1
0000000000000000000000000000000000000000000000000000000000000000|0000000000000000000000000000000000000000000000000000000000000000|0|3|rt4_TMB-5_MAP_g1_05622.r24|2|1|RICH|840|0|2720|0000000000000000000000000000000000000000000000000000000000000000|RICH|1|840|DISP=ACCEPT_INSTALL|DETAIL=rt3_map_g1
0000000000000000000000000000000000000000000000000000000000000000|0000000000000000000000000000000000000000000000000000000000000000|0|3|rt4_TMB-5_MAP_g1_05623.r24|2|1|RICH|842|0|2720|0000000000000000000000000000000000000000000000000000000000000000|RICH|1|842|DISP=ACCEPT_INSTALL|DETAIL=rt3_map_g1
0000000000000000000000000000000000000000000000000000000000000000|0000000000000000000000000000000000000000000000000000000000000000|0|3|rt4_TMB-5_MAP_g1_05624.r24|2|1|RICH|844|0|2720|0000000000000000000000000000000000000000000000000000000000000000|RICH|1|844|DISP=ACCEPT_INSTALL|DETAIL=rt3_map_g1
0000000000000000000000000000000000000000000000000000000000000000|0000000000000000000000000000000000000000000000000000000000000000|0|3|rt4_TMB-5_MAP_g1_05625.r24|2|1|RICH|846|0|2720|0000000000000000000000000000000000000000000000000000000000000000|RICH|1|846|DISP=ACCEPT_INSTALL|DETAIL=rt3_map_g1
0000000000000000000000000000000000000000000000000000000000000000|0000000000000000000000000000000000000000000000000000000000000000|0|3|rt4_TMB-5_MAP_g1_05626.r24|2|1|RICH|848|0|2720|0000000000000000000000000000000000000000000000000000000000000000|RICH|1|848|DISP=ACCEPT_INSTALL|DETAIL=rt3_map_g1
0000000000000000000000000000000000000000000000000000000000000000|0000000000000000000000000000000000000000000000000000000000000000|0|3|rt4_TMB-5_MAP_g1_05627.r24|2|1|RICH|850|0|2720|0000000000000000000000000000000000000000000000000000000000000000|RICH|1|850|DISP=ACCEPT_INSTALL|DETAIL=rt3_map_g1
0000000000000000000000000000000000000000000000000000000000000000|0000000000000000000000000000000000000000000000000000000000000000|0|3|rt4_TMB-5_MAP_g1_05628.r24|2|1|RICH|852|0|2720|0000000000000000000000000000000000000000000000000000000000000000|RICH|1|852|DISP=ACCEPT_INSTALL|DETAIL=rt3_map_g1
0000000000000000000000000000000000000000000000000000000000000000|0000000000000000000000000000000000000000000000000000000000000000|0|3|rt4_TMB-5_MAP_g1_05629.r24|2|1|RICH|854|0|2720|0000000000000000000000000000000000000000000000000000000000000000|RICH|1|854|DISP=ACCEPT_INSTALL|DETAIL=rt3_map_g1
0000000000000000000000000000000000000000000000000000000000000000|0000000000000000000000000000000000000000000000000000000000000000|0|3|rt4_TMB-5_MAP_g1_05630.r24|2|1|RICH|856|0|2720|0000000000000000000000000000000000000000000000000000000000000000|RICH|1|856|DISP=ACCEPT_INSTALL|DETAIL=rt3_map_g1
0000000000000000000000000000000000000000000000000000000000000000|0000000000000000000000000000000000000000000000000000000000000000|0|3|rt4_TMB-5_MAP_g1_05631.r24|2|1|RICH|858|0|2720|0000000000000000000000000000000000000000000000000000000000000000|RICH|1|858|DISP=ACCEPT_INSTALL|DETAIL=rt3_map_g1
0000000000000000000000000000000000000000000000000000000000000000|0000000000000000000000000000000000000000000000000000000000000000|0|3|rt4_TMB-5_MAP_g1_05632.r24|2|1|RICH|860|0|2720|0000000000000000000000000000000000000000000000000000000000000000|RICH|1|860|DISP=ACCEPT_INSTALL|DETAIL=rt3_map_g1
0000000000000000000000000000000000000000000000000000000000000000|0000000000000000000000000000000000000000000000000000000000000000|0|3|rt4_TMB-5_MAP_g1_05633.r24|2|1|RICH|862|0|2720|0000000000000000000000000000000000000000000000000000000000000000|RICH|1|862|DISP=ACCEPT_INSTALL|DETAIL=rt3_map_g1
0000000000000000000000000000000000000000000000000000000000000000|0000000000000000000000000000000000000000000000000000000000000000|0|3|rt4_TMB-5_MAP_g1_05634.r24|2|1|RICH|864|0|2720|0000000000000000000000000000000000000000000000000000000000000000|RICH|1|864|DISP=ACCEPT_INSTALL|DETAIL=rt3_map_g1
0000000000000000000000000000000000000000000000000000000000000000|0000000000000000000000000000000000000000000000000000000000000000|0|3|rt4_TMB-5_MAP_g1_05635.r24|2|1|RICH|866|0|2720|0000000000000000000000000000000000000000000000000000000000000000|RICH|1|866|DISP=ACCEPT_INSTALL|DETAIL=rt3_map_g1
0000000000000000000000000000000000000000000000000000000000000000|0000000000000000000000000000000000000000000000000000000000000000|0|3|rt4_TMB-5_MAP_g1_05636.r24|2|1|RICH|868|0|2720|0000000000000000000000000000000000000000000000000000000000000000|RICH|1|868|DISP=ACCEPT_INSTALL|DETAIL=rt3_map_g1
0000000000000000000000000000000000000000000000000000000000000000|0000000000000000000000000000000000000000000000000000000000000000|0|3|rt4_TMB-5_MAP_g1_05637.r24|2|1|RICH|870|0|2720|0000000000000000000000000000000000000000000000000000000000000000|RICH|1|870|DISP=ACCEPT_INSTALL|DETAIL=rt3_map_g1
0000000000000000000000000000000000000000000000000000000000000000|0000000000000000000000000000000000000000000000000000000000000000|0|3|rt4_TMB-5_MAP_g1_05638.r24|2|1|RICH|872|0|2720|0000000000000000000000000000000000000000000000000000000000000000|RICH|1|872|DISP=ACCEPT_INSTALL|DETAIL=rt3_map_g1
0000000000000000000000000000000000000000000000000000000000000000|0000000000000000000000000000000000000000000000000000000000000000|0|3|rt4_TMB-5_MAP_g1_05639.r24|2|1|RICH|874|0|2720|0000000000000000000000000000000000000000000000000000000000000000|RICH|1|874|DISP=ACCEPT_INSTALL|DETAIL=rt3_map_g1
0000000000000000000000000000000000000000000000000000000000000000|0000000000000000000000000000000000000000000000000000000000000000|0|3|rt4_TMB-5_MAP_g1_05640.r24|2|1|RICH|876|0|2720|0000000000000000000000000000000000000000000000000000000000000000|RICH|1|876|DISP=ACCEPT_INSTALL|DETAIL=rt3_map_g1
0000000000000000000000000000000000000000000000000000000000000000|0000000000000000000000000000000000000000000000000000000000000000|0|3|rt4_TMB-5_MAP_g1_05641.r24|2|1|RICH|878|0|2720|0000000000000000000000000000000000000000000000000000000000000000|RICH|1|878|DISP=ACCEPT_INSTALL|DETAIL=rt3_map_g1
0000000000000000000000000000000000000000000000000000000000000000|0000000000000000000000000000000000000000000000000000000000000000|0|3|rt4_TMB-5_MAP_g1_05642.r24|2|1|RICH|880|0|2720|0000000000000000000000000000000000000000000000000000000000000000|RICH|1|880|DISP=ACCEPT_INSTALL|DETAIL=rt3_map_g1
0000000000000000000000000000000000000000000000000000000000000000|0000000000000000000000000000000000000000000000000000000000000000|0|3|rt4_TMB-5_MAP_g1_05643.r24|2|1|RICH|540|0|2730|0000000000000000000000000000000000000000000000000000000000000000|RICH|1|540|DISP=ACCEPT_INSTALL|DETAIL=rt3_map_g1
0000000000000000000000000000000000000000000000000000000000000000|0000000000000000000000000000000000000000000000000000000000000000|0|3|rt4_TMB-5_MAP_g1_05644.r24|2|1|RICH|542|0|2730|0000000000000000000000000000000000000000000000000000000000000000|RICH|1|542|DISP=ACCEPT_INSTALL|DETAIL=rt3_map_g1
0000000000000000000000000000000000000000000000000000000000000000|0000000000000000000000000000000000000000000000000000000000000000|0|3|rt4_TMB-5_MAP_g1_05645.r24|2|1|RICH|544|0|2730|0000000000000000000000000000000000000000000000000000000000000000|RICH|1|544|DISP=ACCEPT_INSTALL|DETAIL=rt3_map_g1
0000000000000000000000000000000000000000000000000000000000000000|0000000000000000000000000000000000000000000000000000000000000000|0|3|rt4_TMB-5_MAP_g1_05646.r24|2|1|RICH|546|0|2730|0000000000000000000000000000000000000000000000000000000000000000|RICH|1|546|DISP=ACCEPT_INSTALL|DETAIL=rt3_map_g1
0000000000000000000000000000000000000000000000000000000000000000|0000000000000000000000000000000000000000000000000000000000000000|0|3|rt4_TMB-5_MAP_g1_05647.r24|2|1|RICH|548|0|2730|0000000000000000000000000000000000000000000000000000000000000000|RICH|1|548|DISP=ACCEPT_INSTALL|DETAIL=rt3_map_g1
0000000000000000000000000000000000000000000000000000000000000000|0000000000000000000000000000000000000000000000000000000000000000|0|3|rt4_TMB-5_MAP_g1_05648.r24|2|1|RICH|550|0|2730|0000000000000000000000000000000000000000000000000000000000000000|RICH|1|550|DISP=ACCEPT_INSTALL|DETAIL=rt3_map_g1
0000000000000000000000000000000000000000000000000000000000000000|0000000000000000000000000000000000000000000000000000000000000000|0|3|rt4_TMB-5_MAP_g1_05649.r24|2|1|RICH|552|0|2730|0000000000000000000000000000000000000000000000000000000000000000|RICH|1|552|DISP=ACCEPT_INSTALL|DETAIL=rt3_map_g1
0000000000000000000000000000000000000000000000000000000000000000|0000000000000000000000000000000000000000000000000000000000000000|0|3|rt4_TMB-5_MAP_g1_05650.r24|2|1|RICH|554|0|2730|0000000000000000000000000000000000000000000000000000000000000000|RICH|1|554|DISP=ACCEPT_INSTALL|DETAIL=rt3_map_g1
0000000000000000000000000000000000000000000000000000000000000000|0000000000000000000000000000000000000000000000000000000000000000|0|3|rt4_TMB-5_MAP_g1_05651.r24|2|1|RICH|556|0|2730|0000000000000000000000000000000000000000000000000000000000000000|RICH|1|556|DISP=ACCEPT_INSTALL|DETAIL=rt3_map_g1
0000000000000000000000000000000000000000000000000000000000000000|0000000000000000000000000000000000000000000000000000000000000000|0|3|rt4_TMB-5_MAP_g1_05652.r24|2|1|RICH|558|0|2730|0000000000000000000000000000000000000000000000000000000000000000|RICH|1|558|DISP=ACCEPT_INSTALL|DETAIL=rt3_map_g1
0000000000000000000000000000000000000000000000000000000000000000|0000000000000000000000000000000000000000000000000000000000000000|0|3|rt4_TMB-5_MAP_g1_05653.r24|2|1|RICH|560|0|2730|0000000000000000000000000000000000000000000000000000000000000000|RICH|1|560|DISP=ACCEPT_INSTALL|DETAIL=rt3_map_g1
0000000000000000000000000000000000000000000000000000000000000000|0000000000000000000000000000000000000000000000000000000000000000|0|3|rt4_TMB-5_MAP_g1_05654.r24|2|1|RICH|562|0|2730|0000000000000000000000000000000000000000000000000000000000000000|RICH|1|562|DISP=ACCEPT_INSTALL|DETAIL=rt3_map_g1
0000000000000000000000000000000000000000000000000000000000000000|0000000000000000000000000000000000000000000000000000000000000000|0|3|rt4_TMB-5_MAP_g1_05655.r24|2|1|RICH|564|0|2730|0000000000000000000000000000000000000000000000000000000000000000|RICH|1|564|DISP=ACCEPT_INSTALL|DETAIL=rt3_map_g1
0000000000000000000000000000000000000000000000000000000000000000|0000000000000000000000000000000000000000000000000000000000000000|0|3|rt4_TMB-5_MAP_g1_05656.r24|2|1|RICH|566|0|2730|0000000000000000000000000000000000000000000000000000000000000000|RICH|1|566|DISP=ACCEPT_INSTALL|DETAIL=rt3_map_g1
0000000000000000000000000000000000000000000000000000000000000000|0000000000000000000000000000000000000000000000000000000000000000|0|3|rt4_TMB-5_MAP_g1_05657.r24|2|1|RICH|568|0|2730|0000000000000000000000000000000000000000000000000000000000000000|RICH|1|568|DISP=ACCEPT_INSTALL|DETAIL=rt3_map_g1
0000000000000000000000000000000000000000000000000000000000000000|0000000000000000000000000000000000000000000000000000000000000000|0|3|rt4_TMB-5_MAP_g1_05658.r24|2|1|RICH|570|0|2730|0000000000000000000000000000000000000000000000000000000000000000|RICH|1|570|DISP=ACCEPT_INSTALL|DETAIL=rt3_map_g1
0000000000000000000000000000000000000000000000000000000000000000|0000000000000000000000000000000000000000000000000000000000000000|0|3|rt4_TMB-5_MAP_g1_05659.r24|2|1|RICH|572|0|2730|0000000000000000000000000000000000000000000000000000000000000000|RICH|1|572|DISP=ACCEPT_INSTALL|DETAIL=rt3_map_g1
0000000000000000000000000000000000000000000000000000000000000000|0000000000000000000000000000000000000000000000000000000000000000|0|3|rt4_TMB-5_MAP_g1_05660.r24|2|1|RICH|574|0|2730|0000000000000000000000000000000000000000000000000000000000000000|RICH|1|574|DISP=ACCEPT_INSTALL|DETAIL=rt3_map_g1
0000000000000000000000000000000000000000000000000000000000000000|0000000000000000000000000000000000000000000000000000000000000000|0|3|rt4_TMB-5_MAP_g1_05661.r24|2|1|RICH|576|0|2730|0000000000000000000000000000000000000000000000000000000000000000|RICH|1|576|DISP=ACCEPT_INSTALL|DETAIL=rt3_map_g1
0000000000000000000000000000000000000000000000000000000000000000|0000000000000000000000000000000000000000000000000000000000000000|0|3|rt4_TMB-5_MAP_g1_05662.r24|2|1|RICH|578|0|2730|0000000000000000000000000000000000000000000000000000000000000000|RICH|1|578|DISP=ACCEPT_INSTALL|DETAIL=rt3_map_g1
0000000000000000000000000000000000000000000000000000000000000000|0000000000000000000000000000000000000000000000000000000000000000|0|3|rt4_TMB-5_MAP_g1_05663.r24|2|1|RICH|580|0|2730|0000000000000000000000000000000000000000000000000000000000000000|RICH|1|580|DISP=ACCEPT_INSTALL|DETAIL=rt3_map_g1
0000000000000000000000000000000000000000000000000000000000000000|0000000000000000000000000000000000000000000000000000000000000000|0|3|rt4_TMB-5_MAP_g1_05664.r24|2|1|RICH|582|0|2730|0000000000000000000000000000000000000000000000000000000000000000|RICH|1|582|DISP=ACCEPT_INSTALL|DETAIL=rt3_map_g1
0000000000000000000000000000000000000000000000000000000000000000|0000000000000000000000000000000000000000000000000000000000000000|0|3|rt4_TMB-5_MAP_g1_05665.r24|2|1|RICH|584|0|2730|0000000000000000000000000000000000000000000000000000000000000000|RICH|1|584|DISP=ACCEPT_INSTALL|DETAIL=rt3_map_g1
0000000000000000000000000000000000000000000000000000000000000000|0000000000000000000000000000000000000000000000000000000000000000|0|3|rt4_TMB-5_MAP_g1_05666.r24|2|1|RICH|586|0|2730|0000000000000000000000000000000000000000000000000000000000000000|RICH|1|586|DISP=ACCEPT_INSTALL|DETAIL=rt3_map_g1
0000000000000000000000000000000000000000000000000000000000000000|0000000000000000000000000000000000000000000000000000000000000000|0|3|rt4_TMB-5_MAP_g1_05667.r24|2|1|RICH|588|0|2730|0000000000000000000000000000000000000000000000000000000000000000|RICH|1|588|DISP=ACCEPT_INSTALL|DETAIL=rt3_map_g1
0000000000000000000000000000000000000000000000000000000000000000|0000000000000000000000000000000000000000000000000000000000000000|0|3|rt4_TMB-5_MAP_g1_05668.r24|2|1|RICH|590|0|2730|0000000000000000000000000000000000000000000000000000000000000000|RICH|1|590|DISP=ACCEPT_INSTALL|DETAIL=rt3_map_g1
0000000000000000000000000000000000000000000000000000000000000000|0000000000000000000000000000000000000000000000000000000000000000|0|3|rt4_TMB-5_MAP_g1_05669.r24|2|1|RICH|592|0|2730|0000000000000000000000000000000000000000000000000000000000000000|RICH|1|592|DISP=ACCEPT_INSTALL|DETAIL=rt3_map_g1
0000000000000000000000000000000000000000000000000000000000000000|0000000000000000000000000000000000000000000000000000000000000000|0|3|rt4_TMB-5_MAP_g1_05670.r24|2|1|RICH|594|0|2730|0000000000000000000000000000000000000000000000000000000000000000|RICH|1|594|DISP=ACCEPT_INSTALL|DETAIL=rt3_map_g1
0000000000000000000000000000000000000000000000000000000000000000|0000000000000000000000000000000000000000000000000000000000000000|0|3|rt4_TMB-5_MAP_g1_05671.r24|2|1|RICH|596|0|2730|0000000000000000000000000000000000000000000000000000000000000000|RICH|1|596|DISP=ACCEPT_INSTALL|DETAIL=rt3_map_g1
0000000000000000000000000000000000000000000000000000000000000000|0000000000000000000000000000000000000000000000000000000000000000|0|3|rt4_TMB-5_MAP_g1_05672.r24|2|1|RICH|598|0|2730|0000000000000000000000000000000000000000000000000000000000000000|RICH|1|598|DISP=ACCEPT_INSTALL|DETAIL=rt3_map_g1
0000000000000000000000000000000000000000000000000000000000000000|0000000000000000000000000000000000000000000000000000000000000000|0|3|rt4_TMB-5_MAP_g1_05673.r24|2|1|RICH|600|0|2730|0000000000000000000000000000000000000000000000000000000000000000|RICH|1|600|DISP=ACCEPT_INSTALL|DETAIL=rt3_map_g1
0000000000000000000000000000000000000000000000000000000000000000|0000000000000000000000000000000000000000000000000000000000000000|0|3|rt4_TMB-5_MAP_g1_05674.r24|2|1|RICH|602|0|2730|0000000000000000000000000000000000000000000000000000000000000000|RICH|1|602|DISP=ACCEPT_INSTALL|DETAIL=rt3_map_g1
0000000000000000000000000000000000000000000000000000000000000000|0000000000000000000000000000000000000000000000000000000000000000|0|3|rt4_TMB-5_MAP_g1_05675.r24|2|1|RICH|604|0|2730|0000000000000000000000000000000000000000000000000000000000000000|RICH|1|604|DISP=ACCEPT_INSTALL|DETAIL=rt3_map_g1
0000000000000000000000000000000000000000000000000000000000000000|0000000000000000000000000000000000000000000000000000000000000000|0|3|rt4_TMB-5_MAP_g1_05676.r24|2|1|RICH|606|0|2730|0000000000000000000000000000000000000000000000000000000000000000|RICH|1|606|DISP=ACCEPT_INSTALL|DETAIL=rt3_map_g1
0000000000000000000000000000000000000000000000000000000000000000|0000000000000000000000000000000000000000000000000000000000000000|0|3|rt4_TMB-5_MAP_g1_05677.r24|2|1|RICH|608|0|2730|0000000000000000000000000000000000000000000000000000000000000000|RICH|1|608|DISP=ACCEPT_INSTALL|DETAIL=rt3_map_g1
0000000000000000000000000000000000000000000000000000000000000000|0000000000000000000000000000000000000000000000000000000000000000|0|3|rt4_TMB-5_MAP_g1_05678.r24|2|1|RICH|610|0|2730|0000000000000000000000000000000000000000000000000000000000000000|RICH|1|610|DISP=ACCEPT_INSTALL|DETAIL=rt3_map_g1
0000000000000000000000000000000000000000000000000000000000000000|0000000000000000000000000000000000000000000000000000000000000000|0|3|rt4_TMB-5_MAP_g1_05679.r24|2|1|RICH|612|0|2730|0000000000000000000000000000000000000000000000000000000000000000|RICH|1|612|DISP=ACCEPT_INSTALL|DETAIL=rt3_map_g1
0000000000000000000000000000000000000000000000000000000000000000|0000000000000000000000000000000000000000000000000000000000000000|0|3|rt4_TMB-5_MAP_g1_05680.r24|2|1|RICH|614|0|2730|0000000000000000000000000000000000000000000000000000000000000000|RICH|1|614|DISP=ACCEPT_INSTALL|DETAIL=rt3_map_g1
0000000000000000000000000000000000000000000000000000000000000000|0000000000000000000000000000000000000000000000000000000000000000|0|3|rt4_TMB-5_MAP_g1_05681.r24|2|1|RICH|616|0|2730|0000000000000000000000000000000000000000000000000000000000000000|RICH|1|616|DISP=ACCEPT_INSTALL|DETAIL=rt3_map_g1
0000000000000000000000000000000000000000000000000000000000000000|0000000000000000000000000000000000000000000000000000000000000000|0|3|rt4_TMB-5_MAP_g1_05682.r24|2|1|RICH|618|0|2730|0000000000000000000000000000000000000000000000000000000000000000|RICH|1|618|DISP=ACCEPT_INSTALL|DETAIL=rt3_map_g1
0000000000000000000000000000000000000000000000000000000000000000|0000000000000000000000000000000000000000000000000000000000000000|0|3|rt4_TMB-5_MAP_g1_05683.r24|2|1|RICH|620|0|2730|0000000000000000000000000000000000000000000000000000000000000000|RICH|1|620|DISP=ACCEPT_INSTALL|DETAIL=rt3_map_g1
0000000000000000000000000000000000000000000000000000000000000000|0000000000000000000000000000000000000000000000000000000000000000|0|3|rt4_TMB-5_MAP_g1_05684.r24|2|1|RICH|622|0|2730|0000000000000000000000000000000000000000000000000000000000000000|RICH|1|622|DISP=ACCEPT_INSTALL|DETAIL=rt3_map_g1
0000000000000000000000000000000000000000000000000000000000000000|0000000000000000000000000000000000000000000000000000000000000000|0|3|rt4_TMB-5_MAP_g1_05685.r24|2|1|RICH|624|0|2730|0000000000000000000000000000000000000000000000000000000000000000|RICH|1|624|DISP=ACCEPT_INSTALL|DETAIL=rt3_map_g1
0000000000000000000000000000000000000000000000000000000000000000|0000000000000000000000000000000000000000000000000000000000000000|0|3|rt4_TMB-5_MAP_g1_05686.r24|2|1|RICH|626|0|2730|0000000000000000000000000000000000000000000000000000000000000000|RICH|1|626|DISP=ACCEPT_INSTALL|DETAIL=rt3_map_g1
0000000000000000000000000000000000000000000000000000000000000000|0000000000000000000000000000000000000000000000000000000000000000|0|3|rt4_TMB-5_MAP_g1_05687.r24|2|1|RICH|628|0|2730|0000000000000000000000000000000000000000000000000000000000000000|RICH|1|628|DISP=ACCEPT_INSTALL|DETAIL=rt3_map_g1
0000000000000000000000000000000000000000000000000000000000000000|0000000000000000000000000000000000000000000000000000000000000000|0|3|rt4_TMB-5_MAP_g1_05688.r24|2|1|RICH|630|0|2730|0000000000000000000000000000000000000000000000000000000000000000|RICH|1|630|DISP=ACCEPT_INSTALL|DETAIL=rt3_map_g1
0000000000000000000000000000000000000000000000000000000000000000|0000000000000000000000000000000000000000000000000000000000000000|0|3|rt4_TMB-5_MAP_g1_05689.r24|2|1|RICH|632|0|2730|0000000000000000000000000000000000000000000000000000000000000000|RICH|1|632|DISP=ACCEPT_INSTALL|DETAIL=rt3_map_g1
0000000000000000000000000000000000000000000000000000000000000000|0000000000000000000000000000000000000000000000000000000000000000|0|3|rt4_TMB-5_MAP_g1_05690.r24|2|1|RICH|634|0|2730|0000000000000000000000000000000000000000000000000000000000000000|RICH|1|634|DISP=ACCEPT_INSTALL|DETAIL=rt3_map_g1
0000000000000000000000000000000000000000000000000000000000000000|0000000000000000000000000000000000000000000000000000000000000000|0|3|rt4_TMB-5_MAP_g1_05691.r24|2|1|RICH|636|0|2730|0000000000000000000000000000000000000000000000000000000000000000|RICH|1|636|DISP=ACCEPT_INSTALL|DETAIL=rt3_map_g1
0000000000000000000000000000000000000000000000000000000000000000|0000000000000000000000000000000000000000000000000000000000000000|0|3|rt4_TMB-5_MAP_g1_05692.r24|2|1|RICH|638|0|2730|0000000000000000000000000000000000000000000000000000000000000000|RICH|1|638|DISP=ACCEPT_INSTALL|DETAIL=rt3_map_g1
0000000000000000000000000000000000000000000000000000000000000000|0000000000000000000000000000000000000000000000000000000000000000|0|3|rt4_TMB-5_MAP_g1_05693.r24|2|1|RICH|640|0|2730|0000000000000000000000000000000000000000000000000000000000000000|RICH|1|640|DISP=ACCEPT_INSTALL|DETAIL=rt3_map_g1
0000000000000000000000000000000000000000000000000000000000000000|0000000000000000000000000000000000000000000000000000000000000000|0|3|rt4_TMB-5_MAP_g1_05694.r24|2|1|RICH|642|0|2730|0000000000000000000000000000000000000000000000000000000000000000|RICH|1|642|DISP=ACCEPT_INSTALL|DETAIL=rt3_map_g1
0000000000000000000000000000000000000000000000000000000000000000|0000000000000000000000000000000000000000000000000000000000000000|0|3|rt4_TMB-5_MAP_g1_05695.r24|2|1|RICH|644|0|2730|0000000000000000000000000000000000000000000000000000000000000000|RICH|1|644|DISP=ACCEPT_INSTALL|DETAIL=rt3_map_g1
0000000000000000000000000000000000000000000000000000000000000000|0000000000000000000000000000000000000000000000000000000000000000|0|3|rt4_TMB-5_MAP_g1_05696.r24|2|1|RICH|646|0|2730|0000000000000000000000000000000000000000000000000000000000000000|RICH|1|646|DISP=ACCEPT_INSTALL|DETAIL=rt3_map_g1
0000000000000000000000000000000000000000000000000000000000000000|0000000000000000000000000000000000000000000000000000000000000000|0|3|rt4_TMB-5_MAP_g1_05697.r24|2|1|RICH|648|0|2730|0000000000000000000000000000000000000000000000000000000000000000|RICH|1|648|DISP=ACCEPT_INSTALL|DETAIL=rt3_map_g1
0000000000000000000000000000000000000000000000000000000000000000|0000000000000000000000000000000000000000000000000000000000000000|0|3|rt4_TMB-5_MAP_g1_05698.r24|2|1|RICH|650|0|2730|0000000000000000000000000000000000000000000000000000000000000000|RICH|1|650|DISP=ACCEPT_INSTALL|DETAIL=rt3_map_g1
0000000000000000000000000000000000000000000000000000000000000000|0000000000000000000000000000000000000000000000000000000000000000|0|3|rt4_TMB-5_MAP_g1_05699.r24|2|1|RICH|652|0|2730|0000000000000000000000000000000000000000000000000000000000000000|RICH|1|652|DISP=ACCEPT_INSTALL|DETAIL=rt3_map_g1
0000000000000000000000000000000000000000000000000000000000000000|0000000000000000000000000000000000000000000000000000000000000000|0|3|rt4_TMB-5_MAP_g1_05700.r24|2|1|RICH|654|0|2730|0000000000000000000000000000000000000000000000000000000000000000|RICH|1|654|DISP=ACCEPT_INSTALL|DETAIL=rt3_map_g1
0000000000000000000000000000000000000000000000000000000000000000|0000000000000000000000000000000000000000000000000000000000000000|0|3|rt4_TMB-5_MAP_g1_05701.r24|2|1|RICH|656|0|2730|0000000000000000000000000000000000000000000000000000000000000000|RICH|1|656|DISP=ACCEPT_INSTALL|DETAIL=rt3_map_g1
0000000000000000000000000000000000000000000000000000000000000000|0000000000000000000000000000000000000000000000000000000000000000|0|3|rt4_TMB-5_MAP_g1_05702.r24|2|1|RICH|658|0|2730|0000000000000000000000000000000000000000000000000000000000000000|RICH|1|658|DISP=ACCEPT_INSTALL|DETAIL=rt3_map_g1
0000000000000000000000000000000000000000000000000000000000000000|0000000000000000000000000000000000000000000000000000000000000000|0|3|rt4_TMB-5_MAP_g1_05703.r24|2|1|RICH|660|0|2730|0000000000000000000000000000000000000000000000000000000000000000|RICH|1|660|DISP=ACCEPT_INSTALL|DETAIL=rt3_map_g1
0000000000000000000000000000000000000000000000000000000000000000|0000000000000000000000000000000000000000000000000000000000000000|0|3|rt4_TMB-5_MAP_g1_05704.r24|2|1|RICH|662|0|2730|0000000000000000000000000000000000000000000000000000000000000000|RICH|1|662|DISP=ACCEPT_INSTALL|DETAIL=rt3_map_g1
0000000000000000000000000000000000000000000000000000000000000000|0000000000000000000000000000000000000000000000000000000000000000|0|3|rt4_TMB-5_MAP_g1_05705.r24|2|1|RICH|664|0|2730|0000000000000000000000000000000000000000000000000000000000000000|RICH|1|664|DISP=ACCEPT_INSTALL|DETAIL=rt3_map_g1
0000000000000000000000000000000000000000000000000000000000000000|0000000000000000000000000000000000000000000000000000000000000000|0|3|rt4_TMB-5_MAP_g1_05706.r24|2|1|RICH|666|0|2730|0000000000000000000000000000000000000000000000000000000000000000|RICH|1|666|DISP=ACCEPT_INSTALL|DETAIL=rt3_map_g1
0000000000000000000000000000000000000000000000000000000000000000|0000000000000000000000000000000000000000000000000000000000000000|0|3|rt4_TMB-5_MAP_g1_05707.r24|2|1|RICH|668|0|2730|0000000000000000000000000000000000000000000000000000000000000000|RICH|1|668|DISP=ACCEPT_INSTALL|DETAIL=rt3_map_g1
0000000000000000000000000000000000000000000000000000000000000000|0000000000000000000000000000000000000000000000000000000000000000|0|3|rt4_TMB-5_MAP_g1_05708.r24|2|1|RICH|670|0|2730|0000000000000000000000000000000000000000000000000000000000000000|RICH|1|670|DISP=ACCEPT_INSTALL|DETAIL=rt3_map_g1
0000000000000000000000000000000000000000000000000000000000000000|0000000000000000000000000000000000000000000000000000000000000000|0|3|rt4_TMB-5_MAP_g1_05709.r24|2|1|RICH|672|0|2730|0000000000000000000000000000000000000000000000000000000000000000|RICH|1|672|DISP=ACCEPT_INSTALL|DETAIL=rt3_map_g1
0000000000000000000000000000000000000000000000000000000000000000|0000000000000000000000000000000000000000000000000000000000000000|0|3|rt4_TMB-5_MAP_g1_05710.r24|2|1|RICH|674|0|2730|0000000000000000000000000000000000000000000000000000000000000000|RICH|1|674|DISP=ACCEPT_INSTALL|DETAIL=rt3_map_g1
0000000000000000000000000000000000000000000000000000000000000000|0000000000000000000000000000000000000000000000000000000000000000|0|3|rt4_TMB-5_MAP_g1_05711.r24|2|1|RICH|676|0|2730|0000000000000000000000000000000000000000000000000000000000000000|RICH|1|676|DISP=ACCEPT_INSTALL|DETAIL=rt3_map_g1
0000000000000000000000000000000000000000000000000000000000000000|0000000000000000000000000000000000000000000000000000000000000000|0|3|rt4_TMB-5_MAP_g1_05712.r24|2|1|RICH|678|0|2730|0000000000000000000000000000000000000000000000000000000000000000|RICH|1|678|DISP=ACCEPT_INSTALL|DETAIL=rt3_map_g1
0000000000000000000000000000000000000000000000000000000000000000|0000000000000000000000000000000000000000000000000000000000000000|0|3|rt4_TMB-5_MAP_g1_05713.r24|2|1|RICH|680|0|2730|0000000000000000000000000000000000000000000000000000000000000000|RICH|1|680|DISP=ACCEPT_INSTALL|DETAIL=rt3_map_g1
0000000000000000000000000000000000000000000000000000000000000000|0000000000000000000000000000000000000000000000000000000000000000|0|3|rt4_TMB-5_MAP_g1_05714.r24|2|1|RICH|682|0|2730|0000000000000000000000000000000000000000000000000000000000000000|RICH|1|682|DISP=ACCEPT_INSTALL|DETAIL=rt3_map_g1
0000000000000000000000000000000000000000000000000000000000000000|0000000000000000000000000000000000000000000000000000000000000000|0|3|rt4_TMB-5_MAP_g1_05715.r24|2|1|RICH|684|0|2730|0000000000000000000000000000000000000000000000000000000000000000|RICH|1|684|DISP=ACCEPT_INSTALL|DETAIL=rt3_map_g1
0000000000000000000000000000000000000000000000000000000000000000|0000000000000000000000000000000000000000000000000000000000000000|0|3|rt4_TMB-5_MAP_g1_05716.r24|2|1|RICH|686|0|2730|0000000000000000000000000000000000000000000000000000000000000000|RICH|1|686|DISP=ACCEPT_INSTALL|DETAIL=rt3_map_g1
0000000000000000000000000000000000000000000000000000000000000000|0000000000000000000000000000000000000000000000000000000000000000|0|3|rt4_TMB-5_MAP_g1_05717.r24|2|1|RICH|688|0|2730|0000000000000000000000000000000000000000000000000000000000000000|RICH|1|688|DISP=ACCEPT_INSTALL|DETAIL=rt3_map_g1
0000000000000000000000000000000000000000000000000000000000000000|0000000000000000000000000000000000000000000000000000000000000000|0|3|rt4_TMB-5_MAP_g1_05718.r24|2|1|RICH|690|0|2730|0000000000000000000000000000000000000000000000000000000000000000|RICH|1|690|DISP=ACCEPT_INSTALL|DETAIL=rt3_map_g1
0000000000000000000000000000000000000000000000000000000000000000|0000000000000000000000000000000000000000000000000000000000000000|0|3|rt4_TMB-5_MAP_g1_05719.r24|2|1|RICH|692|0|2730|0000000000000000000000000000000000000000000000000000000000000000|RICH|1|692|DISP=ACCEPT_INSTALL|DETAIL=rt3_map_g1
0000000000000000000000000000000000000000000000000000000000000000|0000000000000000000000000000000000000000000000000000000000000000|0|3|rt4_TMB-5_MAP_g1_05720.r24|2|1|RICH|694|0|2730|0000000000000000000000000000000000000000000000000000000000000000|RICH|1|694|DISP=ACCEPT_INSTALL|DETAIL=rt3_map_g1
0000000000000000000000000000000000000000000000000000000000000000|0000000000000000000000000000000000000000000000000000000000000000|0|3|rt4_TMB-5_MAP_g1_05721.r24|2|1|RICH|696|0|2730|0000000000000000000000000000000000000000000000000000000000000000|RICH|1|696|DISP=ACCEPT_INSTALL|DETAIL=rt3_map_g1
0000000000000000000000000000000000000000000000000000000000000000|0000000000000000000000000000000000000000000000000000000000000000|0|3|rt4_TMB-5_MAP_g1_05722.r24|2|1|RICH|698|0|2730|0000000000000000000000000000000000000000000000000000000000000000|RICH|1|698|DISP=ACCEPT_INSTALL|DETAIL=rt3_map_g1
0000000000000000000000000000000000000000000000000000000000000000|0000000000000000000000000000000000000000000000000000000000000000|0|3|rt4_TMB-5_MAP_g1_05723.r24|2|1|RICH|700|0|2730|0000000000000000000000000000000000000000000000000000000000000000|RICH|1|700|DISP=ACCEPT_INSTALL|DETAIL=rt3_map_g1
0000000000000000000000000000000000000000000000000000000000000000|0000000000000000000000000000000000000000000000000000000000000000|0|3|rt4_TMB-5_MAP_g1_05724.r24|2|1|RICH|702|0|2730|0000000000000000000000000000000000000000000000000000000000000000|RICH|1|702|DISP=ACCEPT_INSTALL|DETAIL=rt3_map_g1
0000000000000000000000000000000000000000000000000000000000000000|0000000000000000000000000000000000000000000000000000000000000000|0|3|rt4_TMB-5_MAP_g1_05725.r24|2|1|RICH|704|0|2730|0000000000000000000000000000000000000000000000000000000000000000|RICH|1|704|DISP=ACCEPT_INSTALL|DETAIL=rt3_map_g1
0000000000000000000000000000000000000000000000000000000000000000|0000000000000000000000000000000000000000000000000000000000000000|0|3|rt4_TMB-5_MAP_g1_05726.r24|2|1|RICH|706|0|2730|0000000000000000000000000000000000000000000000000000000000000000|RICH|1|706|DISP=ACCEPT_INSTALL|DETAIL=rt3_map_g1
0000000000000000000000000000000000000000000000000000000000000000|0000000000000000000000000000000000000000000000000000000000000000|0|3|rt4_TMB-5_MAP_g1_05727.r24|2|1|RICH|708|0|2730|0000000000000000000000000000000000000000000000000000000000000000|RICH|1|708|DISP=ACCEPT_INSTALL|DETAIL=rt3_map_g1
0000000000000000000000000000000000000000000000000000000000000000|0000000000000000000000000000000000000000000000000000000000000000|0|3|rt4_TMB-5_MAP_g1_05728.r24|2|1|RICH|710|0|2730|0000000000000000000000000000000000000000000000000000000000000000|RICH|1|710|DISP=ACCEPT_INSTALL|DETAIL=rt3_map_g1
0000000000000000000000000000000000000000000000000000000000000000|0000000000000000000000000000000000000000000000000000000000000000|0|3|rt4_TMB-5_MAP_g1_05729.r24|2|1|RICH|712|0|2730|0000000000000000000000000000000000000000000000000000000000000000|RICH|1|712|DISP=ACCEPT_INSTALL|DETAIL=rt3_map_g1
0000000000000000000000000000000000000000000000000000000000000000|0000000000000000000000000000000000000000000000000000000000000000|0|3|rt4_TMB-5_MAP_g1_05730.r24|2|1|RICH|714|0|2730|0000000000000000000000000000000000000000000000000000000000000000|RICH|1|714|DISP=ACCEPT_INSTALL|DETAIL=rt3_map_g1
0000000000000000000000000000000000000000000000000000000000000000|0000000000000000000000000000000000000000000000000000000000000000|0|3|rt4_TMB-5_MAP_g1_05731.r24|2|1|RICH|716|0|2730|0000000000000000000000000000000000000000000000000000000000000000|RICH|1|716|DISP=ACCEPT_INSTALL|DETAIL=rt3_map_g1
0000000000000000000000000000000000000000000000000000000000000000|0000000000000000000000000000000000000000000000000000000000000000|0|3|rt4_TMB-5_MAP_g1_05732.r24|2|1|RICH|718|0|2730|0000000000000000000000000000000000000000000000000000000000000000|RICH|1|718|DISP=ACCEPT_INSTALL|DETAIL=rt3_map_g1
0000000000000000000000000000000000000000000000000000000000000000|0000000000000000000000000000000000000000000000000000000000000000|0|3|rt4_TMB-5_MAP_g1_05733.r24|2|1|RICH|720|0|2730|0000000000000000000000000000000000000000000000000000000000000000|RICH|1|720|DISP=ACCEPT_INSTALL|DETAIL=rt3_map_g1
0000000000000000000000000000000000000000000000000000000000000000|0000000000000000000000000000000000000000000000000000000000000000|0|3|rt4_TMB-5_MAP_g1_05734.r24|2|1|RICH|722|0|2730|0000000000000000000000000000000000000000000000000000000000000000|RICH|1|722|DISP=ACCEPT_INSTALL|DETAIL=rt3_map_g1
0000000000000000000000000000000000000000000000000000000000000000|0000000000000000000000000000000000000000000000000000000000000000|0|3|rt4_TMB-5_MAP_g1_05735.r24|2|1|RICH|724|0|2730|0000000000000000000000000000000000000000000000000000000000000000|RICH|1|724|DISP=ACCEPT_INSTALL|DETAIL=rt3_map_g1
0000000000000000000000000000000000000000000000000000000000000000|0000000000000000000000000000000000000000000000000000000000000000|0|3|rt4_TMB-5_MAP_g1_05736.r24|2|1|RICH|726|0|2730|0000000000000000000000000000000000000000000000000000000000000000|RICH|1|726|DISP=ACCEPT_INSTALL|DETAIL=rt3_map_g1
0000000000000000000000000000000000000000000000000000000000000000|0000000000000000000000000000000000000000000000000000000000000000|0|3|rt4_TMB-5_MAP_g1_05737.r24|2|1|RICH|728|0|2730|0000000000000000000000000000000000000000000000000000000000000000|RICH|1|728|DISP=ACCEPT_INSTALL|DETAIL=rt3_map_g1
0000000000000000000000000000000000000000000000000000000000000000|0000000000000000000000000000000000000000000000000000000000000000|0|3|rt4_TMB-5_MAP_g1_05738.r24|2|1|RICH|730|0|2730|0000000000000000000000000000000000000000000000000000000000000000|RICH|1|730|DISP=ACCEPT_INSTALL|DETAIL=rt3_map_g1
0000000000000000000000000000000000000000000000000000000000000000|0000000000000000000000000000000000000000000000000000000000000000|0|3|rt4_TMB-5_MAP_g1_05739.r24|2|1|RICH|732|0|2730|0000000000000000000000000000000000000000000000000000000000000000|RICH|1|732|DISP=ACCEPT_INSTALL|DETAIL=rt3_map_g1
0000000000000000000000000000000000000000000000000000000000000000|0000000000000000000000000000000000000000000000000000000000000000|0|3|rt4_TMB-5_MAP_g1_05740.r24|2|1|RICH|734|0|2730|0000000000000000000000000000000000000000000000000000000000000000|RICH|1|734|DISP=ACCEPT_INSTALL|DETAIL=rt3_map_g1
0000000000000000000000000000000000000000000000000000000000000000|0000000000000000000000000000000000000000000000000000000000000000|0|3|rt4_TMB-5_MAP_g1_05741.r24|2|1|RICH|736|0|2730|0000000000000000000000000000000000000000000000000000000000000000|RICH|1|736|DISP=ACCEPT_INSTALL|DETAIL=rt3_map_g1
0000000000000000000000000000000000000000000000000000000000000000|0000000000000000000000000000000000000000000000000000000000000000|0|3|rt4_TMB-5_MAP_g1_05742.r24|2|1|RICH|738|0|2730|0000000000000000000000000000000000000000000000000000000000000000|RICH|1|738|DISP=ACCEPT_INSTALL|DETAIL=rt3_map_g1
0000000000000000000000000000000000000000000000000000000000000000|0000000000000000000000000000000000000000000000000000000000000000|0|3|rt4_TMB-5_MAP_g1_05743.r24|2|1|RICH|740|0|2730|0000000000000000000000000000000000000000000000000000000000000000|RICH|1|740|DISP=ACCEPT_INSTALL|DETAIL=rt3_map_g1
0000000000000000000000000000000000000000000000000000000000000000|0000000000000000000000000000000000000000000000000000000000000000|0|3|rt4_TMB-5_MAP_g1_05744.r24|2|1|RICH|742|0|2730|0000000000000000000000000000000000000000000000000000000000000000|RICH|1|742|DISP=ACCEPT_INSTALL|DETAIL=rt3_map_g1
0000000000000000000000000000000000000000000000000000000000000000|0000000000000000000000000000000000000000000000000000000000000000|0|3|rt4_TMB-5_MAP_g1_05745.r24|2|1|RICH|744|0|2730|0000000000000000000000000000000000000000000000000000000000000000|RICH|1|744|DISP=ACCEPT_INSTALL|DETAIL=rt3_map_g1
0000000000000000000000000000000000000000000000000000000000000000|0000000000000000000000000000000000000000000000000000000000000000|0|3|rt4_TMB-5_MAP_g1_05746.r24|2|1|RICH|746|0|2730|0000000000000000000000000000000000000000000000000000000000000000|RICH|1|746|DISP=ACCEPT_INSTALL|DETAIL=rt3_map_g1
0000000000000000000000000000000000000000000000000000000000000000|0000000000000000000000000000000000000000000000000000000000000000|0|3|rt4_TMB-5_MAP_g1_05747.r24|2|1|RICH|748|0|2730|0000000000000000000000000000000000000000000000000000000000000000|RICH|1|748|DISP=ACCEPT_INSTALL|DETAIL=rt3_map_g1
0000000000000000000000000000000000000000000000000000000000000000|0000000000000000000000000000000000000000000000000000000000000000|0|3|rt4_TMB-5_MAP_g1_05748.r24|2|1|RICH|750|0|2730|0000000000000000000000000000000000000000000000000000000000000000|RICH|1|750|DISP=ACCEPT_INSTALL|DETAIL=rt3_map_g1
0000000000000000000000000000000000000000000000000000000000000000|0000000000000000000000000000000000000000000000000000000000000000|0|3|rt4_TMB-5_MAP_g1_05749.r24|2|1|RICH|752|0|2730|0000000000000000000000000000000000000000000000000000000000000000|RICH|1|752|DISP=ACCEPT_INSTALL|DETAIL=rt3_map_g1
0000000000000000000000000000000000000000000000000000000000000000|0000000000000000000000000000000000000000000000000000000000000000|0|3|rt4_TMB-5_MAP_g1_05750.r24|2|1|RICH|754|0|2730|0000000000000000000000000000000000000000000000000000000000000000|RICH|1|754|DISP=ACCEPT_INSTALL|DETAIL=rt3_map_g1
0000000000000000000000000000000000000000000000000000000000000000|0000000000000000000000000000000000000000000000000000000000000000|0|3|rt4_TMB-5_MAP_g1_05751.r24|2|1|RICH|756|0|2730|0000000000000000000000000000000000000000000000000000000000000000|RICH|1|756|DISP=ACCEPT_INSTALL|DETAIL=rt3_map_g1
0000000000000000000000000000000000000000000000000000000000000000|0000000000000000000000000000000000000000000000000000000000000000|0|3|rt4_TMB-5_MAP_g1_05752.r24|2|1|RICH|758|0|2730|0000000000000000000000000000000000000000000000000000000000000000|RICH|1|758|DISP=ACCEPT_INSTALL|DETAIL=rt3_map_g1
0000000000000000000000000000000000000000000000000000000000000000|0000000000000000000000000000000000000000000000000000000000000000|0|3|rt4_TMB-5_MAP_g1_05753.r24|2|1|RICH|760|0|2730|0000000000000000000000000000000000000000000000000000000000000000|RICH|1|760|DISP=ACCEPT_INSTALL|DETAIL=rt3_map_g1
0000000000000000000000000000000000000000000000000000000000000000|0000000000000000000000000000000000000000000000000000000000000000|0|3|rt4_TMB-5_MAP_g1_05754.r24|2|1|RICH|762|0|2730|0000000000000000000000000000000000000000000000000000000000000000|RICH|1|762|DISP=ACCEPT_INSTALL|DETAIL=rt3_map_g1
0000000000000000000000000000000000000000000000000000000000000000|0000000000000000000000000000000000000000000000000000000000000000|0|3|rt4_TMB-5_MAP_g1_05755.r24|2|1|RICH|764|0|2730|0000000000000000000000000000000000000000000000000000000000000000|RICH|1|764|DISP=ACCEPT_INSTALL|DETAIL=rt3_map_g1
0000000000000000000000000000000000000000000000000000000000000000|0000000000000000000000000000000000000000000000000000000000000000|0|3|rt4_TMB-5_MAP_g1_05756.r24|2|1|RICH|766|0|2730|0000000000000000000000000000000000000000000000000000000000000000|RICH|1|766|DISP=ACCEPT_INSTALL|DETAIL=rt3_map_g1
0000000000000000000000000000000000000000000000000000000000000000|0000000000000000000000000000000000000000000000000000000000000000|0|3|rt4_TMB-5_MAP_g1_05757.r24|2|1|RICH|768|0|2730|0000000000000000000000000000000000000000000000000000000000000000|RICH|1|768|DISP=ACCEPT_INSTALL|DETAIL=rt3_map_g1
0000000000000000000000000000000000000000000000000000000000000000|0000000000000000000000000000000000000000000000000000000000000000|0|3|rt4_TMB-5_MAP_g1_05758.r24|2|1|RICH|770|0|2730|0000000000000000000000000000000000000000000000000000000000000000|RICH|1|770|DISP=ACCEPT_INSTALL|DETAIL=rt3_map_g1
0000000000000000000000000000000000000000000000000000000000000000|0000000000000000000000000000000000000000000000000000000000000000|0|3|rt4_TMB-5_MAP_g1_05759.r24|2|1|RICH|772|0|2730|0000000000000000000000000000000000000000000000000000000000000000|RICH|1|772|DISP=ACCEPT_INSTALL|DETAIL=rt3_map_g1
0000000000000000000000000000000000000000000000000000000000000000|0000000000000000000000000000000000000000000000000000000000000000|0|3|rt4_TMB-5_MAP_g1_05760.r24|2|1|RICH|774|0|2730|0000000000000000000000000000000000000000000000000000000000000000|RICH|1|774|DISP=ACCEPT_INSTALL|DETAIL=rt3_map_g1
0000000000000000000000000000000000000000000000000000000000000000|0000000000000000000000000000000000000000000000000000000000000000|0|3|rt4_TMB-5_MAP_g1_05761.r24|2|1|RICH|776|0|2730|0000000000000000000000000000000000000000000000000000000000000000|RICH|1|776|DISP=ACCEPT_INSTALL|DETAIL=rt3_map_g1
0000000000000000000000000000000000000000000000000000000000000000|0000000000000000000000000000000000000000000000000000000000000000|0|3|rt4_TMB-5_MAP_g1_05762.r24|2|1|RICH|778|0|2730|0000000000000000000000000000000000000000000000000000000000000000|RICH|1|778|DISP=ACCEPT_INSTALL|DETAIL=rt3_map_g1
0000000000000000000000000000000000000000000000000000000000000000|0000000000000000000000000000000000000000000000000000000000000000|0|3|rt4_TMB-5_MAP_g1_05763.r24|2|1|RICH|780|0|2730|0000000000000000000000000000000000000000000000000000000000000000|RICH|1|780|DISP=ACCEPT_INSTALL|DETAIL=rt3_map_g1
0000000000000000000000000000000000000000000000000000000000000000|0000000000000000000000000000000000000000000000000000000000000000|0|3|rt4_TMB-5_MAP_g1_05764.r24|2|1|RICH|782|0|2730|0000000000000000000000000000000000000000000000000000000000000000|RICH|1|782|DISP=ACCEPT_INSTALL|DETAIL=rt3_map_g1
0000000000000000000000000000000000000000000000000000000000000000|0000000000000000000000000000000000000000000000000000000000000000|0|3|rt4_TMB-5_MAP_g1_05765.r24|2|1|RICH|784|0|2730|0000000000000000000000000000000000000000000000000000000000000000|RICH|1|784|DISP=ACCEPT_INSTALL|DETAIL=rt3_map_g1
0000000000000000000000000000000000000000000000000000000000000000|0000000000000000000000000000000000000000000000000000000000000000|0|3|rt4_TMB-5_MAP_g1_05766.r24|2|1|RICH|786|0|2730|0000000000000000000000000000000000000000000000000000000000000000|RICH|1|786|DISP=ACCEPT_INSTALL|DETAIL=rt3_map_g1
0000000000000000000000000000000000000000000000000000000000000000|0000000000000000000000000000000000000000000000000000000000000000|0|3|rt4_TMB-5_MAP_g1_05767.r24|2|1|RICH|788|0|2730|0000000000000000000000000000000000000000000000000000000000000000|RICH|1|788|DISP=ACCEPT_INSTALL|DETAIL=rt3_map_g1
0000000000000000000000000000000000000000000000000000000000000000|0000000000000000000000000000000000000000000000000000000000000000|0|3|rt4_TMB-5_MAP_g1_05768.r24|2|1|RICH|790|0|2730|0000000000000000000000000000000000000000000000000000000000000000|RICH|1|790|DISP=ACCEPT_INSTALL|DETAIL=rt3_map_g1
0000000000000000000000000000000000000000000000000000000000000000|0000000000000000000000000000000000000000000000000000000000000000|0|3|rt4_TMB-5_MAP_g1_05769.r24|2|1|RICH|792|0|2730|0000000000000000000000000000000000000000000000000000000000000000|RICH|1|792|DISP=ACCEPT_INSTALL|DETAIL=rt3_map_g1
0000000000000000000000000000000000000000000000000000000000000000|0000000000000000000000000000000000000000000000000000000000000000|0|3|rt4_TMB-5_MAP_g1_05770.r24|2|1|RICH|794|0|2730|0000000000000000000000000000000000000000000000000000000000000000|RICH|1|794|DISP=ACCEPT_INSTALL|DETAIL=rt3_map_g1
0000000000000000000000000000000000000000000000000000000000000000|0000000000000000000000000000000000000000000000000000000000000000|0|3|rt4_TMB-5_MAP_g1_05771.r24|2|1|RICH|796|0|2730|0000000000000000000000000000000000000000000000000000000000000000|RICH|1|796|DISP=ACCEPT_INSTALL|DETAIL=rt3_map_g1
0000000000000000000000000000000000000000000000000000000000000000|0000000000000000000000000000000000000000000000000000000000000000|0|3|rt4_TMB-5_MAP_g1_05772.r24|2|1|RICH|798|0|2730|0000000000000000000000000000000000000000000000000000000000000000|RICH|1|798|DISP=ACCEPT_INSTALL|DETAIL=rt3_map_g1
0000000000000000000000000000000000000000000000000000000000000000|0000000000000000000000000000000000000000000000000000000000000000|0|3|rt4_TMB-5_MAP_g1_05773.r24|2|1|RICH|800|0|2730|0000000000000000000000000000000000000000000000000000000000000000|RICH|1|800|DISP=ACCEPT_INSTALL|DETAIL=rt3_map_g1
0000000000000000000000000000000000000000000000000000000000000000|0000000000000000000000000000000000000000000000000000000000000000|0|3|rt4_TMB-5_MAP_g1_05774.r24|2|1|RICH|802|0|2730|0000000000000000000000000000000000000000000000000000000000000000|RICH|1|802|DISP=ACCEPT_INSTALL|DETAIL=rt3_map_g1
0000000000000000000000000000000000000000000000000000000000000000|0000000000000000000000000000000000000000000000000000000000000000|0|3|rt4_TMB-5_MAP_g1_05775.r24|2|1|RICH|804|0|2730|0000000000000000000000000000000000000000000000000000000000000000|RICH|1|804|DISP=ACCEPT_INSTALL|DETAIL=rt3_map_g1
0000000000000000000000000000000000000000000000000000000000000000|0000000000000000000000000000000000000000000000000000000000000000|0|3|rt4_TMB-5_MAP_g1_05776.r24|2|1|RICH|806|0|2730|0000000000000000000000000000000000000000000000000000000000000000|RICH|1|806|DISP=ACCEPT_INSTALL|DETAIL=rt3_map_g1
0000000000000000000000000000000000000000000000000000000000000000|0000000000000000000000000000000000000000000000000000000000000000|0|3|rt4_TMB-5_MAP_g1_05777.r24|2|1|RICH|808|0|2730|0000000000000000000000000000000000000000000000000000000000000000|RICH|1|808|DISP=ACCEPT_INSTALL|DETAIL=rt3_map_g1
0000000000000000000000000000000000000000000000000000000000000000|0000000000000000000000000000000000000000000000000000000000000000|0|3|rt4_TMB-5_MAP_g1_05778.r24|2|1|RICH|810|0|2730|0000000000000000000000000000000000000000000000000000000000000000|RICH|1|810|DISP=ACCEPT_INSTALL|DETAIL=rt3_map_g1
0000000000000000000000000000000000000000000000000000000000000000|0000000000000000000000000000000000000000000000000000000000000000|0|3|rt4_TMB-5_MAP_g1_05779.r24|2|1|RICH|812|0|2730|0000000000000000000000000000000000000000000000000000000000000000|RICH|1|812|DISP=ACCEPT_INSTALL|DETAIL=rt3_map_g1
0000000000000000000000000000000000000000000000000000000000000000|0000000000000000000000000000000000000000000000000000000000000000|0|3|rt4_TMB-5_MAP_g1_05780.r24|2|1|RICH|814|0|2730|0000000000000000000000000000000000000000000000000000000000000000|RICH|1|814|DISP=ACCEPT_INSTALL|DETAIL=rt3_map_g1
0000000000000000000000000000000000000000000000000000000000000000|0000000000000000000000000000000000000000000000000000000000000000|0|3|rt4_TMB-5_MAP_g1_05781.r24|2|1|RICH|816|0|2730|0000000000000000000000000000000000000000000000000000000000000000|RICH|1|816|DISP=ACCEPT_INSTALL|DETAIL=rt3_map_g1
0000000000000000000000000000000000000000000000000000000000000000|0000000000000000000000000000000000000000000000000000000000000000|0|3|rt4_TMB-5_MAP_g1_05782.r24|2|1|RICH|818|0|2730|0000000000000000000000000000000000000000000000000000000000000000|RICH|1|818|DISP=ACCEPT_INSTALL|DETAIL=rt3_map_g1
0000000000000000000000000000000000000000000000000000000000000000|0000000000000000000000000000000000000000000000000000000000000000|0|3|rt4_TMB-5_MAP_g1_05783.r24|2|1|RICH|820|0|2730|0000000000000000000000000000000000000000000000000000000000000000|RICH|1|820|DISP=ACCEPT_INSTALL|DETAIL=rt3_map_g1
0000000000000000000000000000000000000000000000000000000000000000|0000000000000000000000000000000000000000000000000000000000000000|0|3|rt4_TMB-5_MAP_g1_05784.r24|2|1|RICH|822|0|2730|0000000000000000000000000000000000000000000000000000000000000000|RICH|1|822|DISP=ACCEPT_INSTALL|DETAIL=rt3_map_g1
0000000000000000000000000000000000000000000000000000000000000000|0000000000000000000000000000000000000000000000000000000000000000|0|3|rt4_TMB-5_MAP_g1_05785.r24|2|1|RICH|824|0|2730|0000000000000000000000000000000000000000000000000000000000000000|RICH|1|824|DISP=ACCEPT_INSTALL|DETAIL=rt3_map_g1
0000000000000000000000000000000000000000000000000000000000000000|0000000000000000000000000000000000000000000000000000000000000000|0|3|rt4_TMB-5_MAP_g1_05786.r24|2|1|RICH|826|0|2730|0000000000000000000000000000000000000000000000000000000000000000|RICH|1|826|DISP=ACCEPT_INSTALL|DETAIL=rt3_map_g1
0000000000000000000000000000000000000000000000000000000000000000|0000000000000000000000000000000000000000000000000000000000000000|0|3|rt4_TMB-5_MAP_g1_05787.r24|2|1|RICH|828|0|2730|0000000000000000000000000000000000000000000000000000000000000000|RICH|1|828|DISP=ACCEPT_INSTALL|DETAIL=rt3_map_g1
0000000000000000000000000000000000000000000000000000000000000000|0000000000000000000000000000000000000000000000000000000000000000|0|3|rt4_TMB-5_MAP_g1_05788.r24|2|1|RICH|830|0|2730|0000000000000000000000000000000000000000000000000000000000000000|RICH|1|830|DISP=ACCEPT_INSTALL|DETAIL=rt3_map_g1
0000000000000000000000000000000000000000000000000000000000000000|0000000000000000000000000000000000000000000000000000000000000000|0|3|rt4_TMB-5_MAP_g1_05789.r24|2|1|RICH|832|0|2730|0000000000000000000000000000000000000000000000000000000000000000|RICH|1|832|DISP=ACCEPT_INSTALL|DETAIL=rt3_map_g1
0000000000000000000000000000000000000000000000000000000000000000|0000000000000000000000000000000000000000000000000000000000000000|0|3|rt4_TMB-5_MAP_g1_05790.r24|2|1|RICH|834|0|2730|0000000000000000000000000000000000000000000000000000000000000000|RICH|1|834|DISP=ACCEPT_INSTALL|DETAIL=rt3_map_g1
0000000000000000000000000000000000000000000000000000000000000000|0000000000000000000000000000000000000000000000000000000000000000|0|3|rt4_TMB-5_MAP_g1_05791.r24|2|1|RICH|836|0|2730|0000000000000000000000000000000000000000000000000000000000000000|RICH|1|836|DISP=ACCEPT_INSTALL|DETAIL=rt3_map_g1
0000000000000000000000000000000000000000000000000000000000000000|0000000000000000000000000000000000000000000000000000000000000000|0|3|rt4_TMB-5_MAP_g1_05792.r24|2|1|RICH|838|0|2730|0000000000000000000000000000000000000000000000000000000000000000|RICH|1|838|DISP=ACCEPT_INSTALL|DETAIL=rt3_map_g1
0000000000000000000000000000000000000000000000000000000000000000|0000000000000000000000000000000000000000000000000000000000000000|0|3|rt4_TMB-5_MAP_g1_05793.r24|2|1|RICH|840|0|2730|0000000000000000000000000000000000000000000000000000000000000000|RICH|1|840|DISP=ACCEPT_INSTALL|DETAIL=rt3_map_g1
0000000000000000000000000000000000000000000000000000000000000000|0000000000000000000000000000000000000000000000000000000000000000|0|3|rt4_TMB-5_MAP_g1_05794.r24|2|1|RICH|842|0|2730|0000000000000000000000000000000000000000000000000000000000000000|RICH|1|842|DISP=ACCEPT_INSTALL|DETAIL=rt3_map_g1
0000000000000000000000000000000000000000000000000000000000000000|0000000000000000000000000000000000000000000000000000000000000000|0|3|rt4_TMB-5_MAP_g1_05795.r24|2|1|RICH|844|0|2730|0000000000000000000000000000000000000000000000000000000000000000|RICH|1|844|DISP=ACCEPT_INSTALL|DETAIL=rt3_map_g1
0000000000000000000000000000000000000000000000000000000000000000|0000000000000000000000000000000000000000000000000000000000000000|0|3|rt4_TMB-5_MAP_g1_05796.r24|2|1|RICH|846|0|2730|0000000000000000000000000000000000000000000000000000000000000000|RICH|1|846|DISP=ACCEPT_INSTALL|DETAIL=rt3_map_g1
0000000000000000000000000000000000000000000000000000000000000000|0000000000000000000000000000000000000000000000000000000000000000|0|3|rt4_TMB-5_MAP_g1_05797.r24|2|1|RICH|848|0|2730|0000000000000000000000000000000000000000000000000000000000000000|RICH|1|848|DISP=ACCEPT_INSTALL|DETAIL=rt3_map_g1
0000000000000000000000000000000000000000000000000000000000000000|0000000000000000000000000000000000000000000000000000000000000000|0|3|rt4_TMB-5_MAP_g1_05798.r24|2|1|RICH|850|0|2730|0000000000000000000000000000000000000000000000000000000000000000|RICH|1|850|DISP=ACCEPT_INSTALL|DETAIL=rt3_map_g1
0000000000000000000000000000000000000000000000000000000000000000|0000000000000000000000000000000000000000000000000000000000000000|0|3|rt4_TMB-5_MAP_g1_05799.r24|2|1|RICH|852|0|2730|0000000000000000000000000000000000000000000000000000000000000000|RICH|1|852|DISP=ACCEPT_INSTALL|DETAIL=rt3_map_g1
0000000000000000000000000000000000000000000000000000000000000000|0000000000000000000000000000000000000000000000000000000000000000|0|3|rt4_TMB-5_MAP_g1_05800.r24|2|1|RICH|854|0|2730|0000000000000000000000000000000000000000000000000000000000000000|RICH|1|854|DISP=ACCEPT_INSTALL|DETAIL=rt3_map_g1
0000000000000000000000000000000000000000000000000000000000000000|0000000000000000000000000000000000000000000000000000000000000000|0|3|rt4_TMB-5_MAP_g1_05801.r24|2|1|RICH|856|0|2730|0000000000000000000000000000000000000000000000000000000000000000|RICH|1|856|DISP=ACCEPT_INSTALL|DETAIL=rt3_map_g1
0000000000000000000000000000000000000000000000000000000000000000|0000000000000000000000000000000000000000000000000000000000000000|0|3|rt4_TMB-5_MAP_g1_05802.r24|2|1|RICH|858|0|2730|0000000000000000000000000000000000000000000000000000000000000000|RICH|1|858|DISP=ACCEPT_INSTALL|DETAIL=rt3_map_g1
0000000000000000000000000000000000000000000000000000000000000000|0000000000000000000000000000000000000000000000000000000000000000|0|3|rt4_TMB-5_MAP_g1_05803.r24|2|1|RICH|860|0|2730|0000000000000000000000000000000000000000000000000000000000000000|RICH|1|860|DISP=ACCEPT_INSTALL|DETAIL=rt3_map_g1
0000000000000000000000000000000000000000000000000000000000000000|0000000000000000000000000000000000000000000000000000000000000000|0|3|rt4_TMB-5_MAP_g1_05804.r24|2|1|RICH|862|0|2730|0000000000000000000000000000000000000000000000000000000000000000|RICH|1|862|DISP=ACCEPT_INSTALL|DETAIL=rt3_map_g1
0000000000000000000000000000000000000000000000000000000000000000|0000000000000000000000000000000000000000000000000000000000000000|0|3|rt4_TMB-5_MAP_g1_05805.r24|2|1|RICH|864|0|2730|0000000000000000000000000000000000000000000000000000000000000000|RICH|1|864|DISP=ACCEPT_INSTALL|DETAIL=rt3_map_g1
0000000000000000000000000000000000000000000000000000000000000000|0000000000000000000000000000000000000000000000000000000000000000|0|3|rt4_TMB-5_MAP_g1_05806.r24|2|1|RICH|866|0|2730|0000000000000000000000000000000000000000000000000000000000000000|RICH|1|866|DISP=ACCEPT_INSTALL|DETAIL=rt3_map_g1
0000000000000000000000000000000000000000000000000000000000000000|0000000000000000000000000000000000000000000000000000000000000000|0|3|rt4_TMB-5_MAP_g1_05807.r24|2|1|RICH|868|0|2730|0000000000000000000000000000000000000000000000000000000000000000|RICH|1|868|DISP=ACCEPT_INSTALL|DETAIL=rt3_map_g1
0000000000000000000000000000000000000000000000000000000000000000|0000000000000000000000000000000000000000000000000000000000000000|0|3|rt4_TMB-5_MAP_g1_05808.r24|2|1|RICH|870|0|2730|0000000000000000000000000000000000000000000000000000000000000000|RICH|1|870|DISP=ACCEPT_INSTALL|DETAIL=rt3_map_g1
0000000000000000000000000000000000000000000000000000000000000000|0000000000000000000000000000000000000000000000000000000000000000|0|3|rt4_TMB-5_MAP_g1_05809.r24|2|1|RICH|872|0|2730|0000000000000000000000000000000000000000000000000000000000000000|RICH|1|872|DISP=ACCEPT_INSTALL|DETAIL=rt3_map_g1
0000000000000000000000000000000000000000000000000000000000000000|0000000000000000000000000000000000000000000000000000000000000000|0|3|rt4_TMB-5_MAP_g1_05810.r24|2|1|RICH|874|0|2730|0000000000000000000000000000000000000000000000000000000000000000|RICH|1|874|DISP=ACCEPT_INSTALL|DETAIL=rt3_map_g1
0000000000000000000000000000000000000000000000000000000000000000|0000000000000000000000000000000000000000000000000000000000000000|0|3|rt4_TMB-5_MAP_g1_05811.r24|2|1|RICH|876|0|2730|0000000000000000000000000000000000000000000000000000000000000000|RICH|1|876|DISP=ACCEPT_INSTALL|DETAIL=rt3_map_g1
0000000000000000000000000000000000000000000000000000000000000000|0000000000000000000000000000000000000000000000000000000000000000|0|3|rt4_TMB-5_MAP_g1_05812.r24|2|1|RICH|878|0|2730|0000000000000000000000000000000000000000000000000000000000000000|RICH|1|878|DISP=ACCEPT_INSTALL|DETAIL=rt3_map_g1
0000000000000000000000000000000000000000000000000000000000000000|0000000000000000000000000000000000000000000000000000000000000000|0|3|rt4_TMB-5_MAP_g1_05813.r24|2|1|RICH|880|0|2730|0000000000000000000000000000000000000000000000000000000000000000|RICH|1|880|DISP=ACCEPT_INSTALL|DETAIL=rt3_map_g1
0000000000000000000000000000000000000000000000000000000000000000|0000000000000000000000000000000000000000000000000000000000000000|0|3|rt4_TMB-5_MAP_g1_05814.r24|2|1|RICH|540|0|2740|0000000000000000000000000000000000000000000000000000000000000000|RICH|1|540|DISP=ACCEPT_INSTALL|DETAIL=rt3_map_g1
0000000000000000000000000000000000000000000000000000000000000000|0000000000000000000000000000000000000000000000000000000000000000|0|3|rt4_TMB-5_MAP_g1_05815.r24|2|1|RICH|542|0|2740|0000000000000000000000000000000000000000000000000000000000000000|RICH|1|542|DISP=ACCEPT_INSTALL|DETAIL=rt3_map_g1
0000000000000000000000000000000000000000000000000000000000000000|0000000000000000000000000000000000000000000000000000000000000000|0|3|rt4_TMB-5_MAP_g1_05816.r24|2|1|RICH|544|0|2740|0000000000000000000000000000000000000000000000000000000000000000|RICH|1|544|DISP=ACCEPT_INSTALL|DETAIL=rt3_map_g1
0000000000000000000000000000000000000000000000000000000000000000|0000000000000000000000000000000000000000000000000000000000000000|0|3|rt4_TMB-5_MAP_g1_05817.r24|2|1|RICH|546|0|2740|0000000000000000000000000000000000000000000000000000000000000000|RICH|1|546|DISP=ACCEPT_INSTALL|DETAIL=rt3_map_g1
0000000000000000000000000000000000000000000000000000000000000000|0000000000000000000000000000000000000000000000000000000000000000|0|3|rt4_TMB-5_MAP_g1_05818.r24|2|1|RICH|548|0|2740|0000000000000000000000000000000000000000000000000000000000000000|RICH|1|548|DISP=ACCEPT_INSTALL|DETAIL=rt3_map_g1
0000000000000000000000000000000000000000000000000000000000000000|0000000000000000000000000000000000000000000000000000000000000000|0|3|rt4_TMB-5_MAP_g1_05819.r24|2|1|RICH|550|0|2740|0000000000000000000000000000000000000000000000000000000000000000|RICH|1|550|DISP=ACCEPT_INSTALL|DETAIL=rt3_map_g1
0000000000000000000000000000000000000000000000000000000000000000|0000000000000000000000000000000000000000000000000000000000000000|0|3|rt4_TMB-5_MAP_g1_05820.r24|2|1|RICH|552|0|2740|0000000000000000000000000000000000000000000000000000000000000000|RICH|1|552|DISP=ACCEPT_INSTALL|DETAIL=rt3_map_g1
0000000000000000000000000000000000000000000000000000000000000000|0000000000000000000000000000000000000000000000000000000000000000|0|3|rt4_TMB-5_MAP_g1_05821.r24|2|1|RICH|554|0|2740|0000000000000000000000000000000000000000000000000000000000000000|RICH|1|554|DISP=ACCEPT_INSTALL|DETAIL=rt3_map_g1
0000000000000000000000000000000000000000000000000000000000000000|0000000000000000000000000000000000000000000000000000000000000000|0|3|rt4_TMB-5_MAP_g1_05822.r24|2|1|RICH|556|0|2740|0000000000000000000000000000000000000000000000000000000000000000|RICH|1|556|DISP=ACCEPT_INSTALL|DETAIL=rt3_map_g1
0000000000000000000000000000000000000000000000000000000000000000|0000000000000000000000000000000000000000000000000000000000000000|0|3|rt4_TMB-5_MAP_g1_05823.r24|2|1|RICH|558|0|2740|0000000000000000000000000000000000000000000000000000000000000000|RICH|1|558|DISP=ACCEPT_INSTALL|DETAIL=rt3_map_g1
0000000000000000000000000000000000000000000000000000000000000000|0000000000000000000000000000000000000000000000000000000000000000|0|3|rt4_TMB-5_MAP_g1_05824.r24|2|1|RICH|560|0|2740|0000000000000000000000000000000000000000000000000000000000000000|RICH|1|560|DISP=ACCEPT_INSTALL|DETAIL=rt3_map_g1
0000000000000000000000000000000000000000000000000000000000000000|0000000000000000000000000000000000000000000000000000000000000000|0|3|rt4_TMB-5_MAP_g1_05825.r24|2|1|RICH|562|0|2740|0000000000000000000000000000000000000000000000000000000000000000|RICH|1|562|DISP=ACCEPT_INSTALL|DETAIL=rt3_map_g1
0000000000000000000000000000000000000000000000000000000000000000|0000000000000000000000000000000000000000000000000000000000000000|0|3|rt4_TMB-5_MAP_g1_05826.r24|2|1|RICH|564|0|2740|0000000000000000000000000000000000000000000000000000000000000000|RICH|1|564|DISP=ACCEPT_INSTALL|DETAIL=rt3_map_g1
0000000000000000000000000000000000000000000000000000000000000000|0000000000000000000000000000000000000000000000000000000000000000|0|3|rt4_TMB-5_MAP_g1_05827.r24|2|1|RICH|566|0|2740|0000000000000000000000000000000000000000000000000000000000000000|RICH|1|566|DISP=ACCEPT_INSTALL|DETAIL=rt3_map_g1
0000000000000000000000000000000000000000000000000000000000000000|0000000000000000000000000000000000000000000000000000000000000000|0|3|rt4_TMB-5_MAP_g1_05828.r24|2|1|RICH|568|0|2740|0000000000000000000000000000000000000000000000000000000000000000|RICH|1|568|DISP=ACCEPT_INSTALL|DETAIL=rt3_map_g1
0000000000000000000000000000000000000000000000000000000000000000|0000000000000000000000000000000000000000000000000000000000000000|0|3|rt4_TMB-5_MAP_g1_05829.r24|2|1|RICH|570|0|2740|0000000000000000000000000000000000000000000000000000000000000000|RICH|1|570|DISP=ACCEPT_INSTALL|DETAIL=rt3_map_g1
0000000000000000000000000000000000000000000000000000000000000000|0000000000000000000000000000000000000000000000000000000000000000|0|3|rt4_TMB-5_MAP_g1_05830.r24|2|1|RICH|572|0|2740|0000000000000000000000000000000000000000000000000000000000000000|RICH|1|572|DISP=ACCEPT_INSTALL|DETAIL=rt3_map_g1
0000000000000000000000000000000000000000000000000000000000000000|0000000000000000000000000000000000000000000000000000000000000000|0|3|rt4_TMB-5_MAP_g1_05831.r24|2|1|RICH|574|0|2740|0000000000000000000000000000000000000000000000000000000000000000|RICH|1|574|DISP=ACCEPT_INSTALL|DETAIL=rt3_map_g1
0000000000000000000000000000000000000000000000000000000000000000|0000000000000000000000000000000000000000000000000000000000000000|0|3|rt4_TMB-5_MAP_g1_05832.r24|2|1|RICH|576|0|2740|0000000000000000000000000000000000000000000000000000000000000000|RICH|1|576|DISP=ACCEPT_INSTALL|DETAIL=rt3_map_g1
0000000000000000000000000000000000000000000000000000000000000000|0000000000000000000000000000000000000000000000000000000000000000|0|3|rt4_TMB-5_MAP_g1_05833.r24|2|1|RICH|578|0|2740|0000000000000000000000000000000000000000000000000000000000000000|RICH|1|578|DISP=ACCEPT_INSTALL|DETAIL=rt3_map_g1
0000000000000000000000000000000000000000000000000000000000000000|0000000000000000000000000000000000000000000000000000000000000000|0|3|rt4_TMB-5_MAP_g1_05834.r24|2|1|RICH|580|0|2740|0000000000000000000000000000000000000000000000000000000000000000|RICH|1|580|DISP=ACCEPT_INSTALL|DETAIL=rt3_map_g1
0000000000000000000000000000000000000000000000000000000000000000|0000000000000000000000000000000000000000000000000000000000000000|0|3|rt4_TMB-5_MAP_g1_05835.r24|2|1|RICH|582|0|2740|0000000000000000000000000000000000000000000000000000000000000000|RICH|1|582|DISP=ACCEPT_INSTALL|DETAIL=rt3_map_g1
0000000000000000000000000000000000000000000000000000000000000000|0000000000000000000000000000000000000000000000000000000000000000|0|3|rt4_TMB-5_MAP_g1_05836.r24|2|1|RICH|584|0|2740|0000000000000000000000000000000000000000000000000000000000000000|RICH|1|584|DISP=ACCEPT_INSTALL|DETAIL=rt3_map_g1
0000000000000000000000000000000000000000000000000000000000000000|0000000000000000000000000000000000000000000000000000000000000000|0|3|rt4_TMB-5_MAP_g1_05837.r24|2|1|RICH|586|0|2740|0000000000000000000000000000000000000000000000000000000000000000|RICH|1|586|DISP=ACCEPT_INSTALL|DETAIL=rt3_map_g1
0000000000000000000000000000000000000000000000000000000000000000|0000000000000000000000000000000000000000000000000000000000000000|0|3|rt4_TMB-5_MAP_g1_05838.r24|2|1|RICH|588|0|2740|0000000000000000000000000000000000000000000000000000000000000000|RICH|1|588|DISP=ACCEPT_INSTALL|DETAIL=rt3_map_g1
0000000000000000000000000000000000000000000000000000000000000000|0000000000000000000000000000000000000000000000000000000000000000|0|3|rt4_TMB-5_MAP_g1_05839.r24|2|1|RICH|590|0|2740|0000000000000000000000000000000000000000000000000000000000000000|RICH|1|590|DISP=ACCEPT_INSTALL|DETAIL=rt3_map_g1
0000000000000000000000000000000000000000000000000000000000000000|0000000000000000000000000000000000000000000000000000000000000000|0|3|rt4_TMB-5_MAP_g1_05840.r24|2|1|RICH|592|0|2740|0000000000000000000000000000000000000000000000000000000000000000|RICH|1|592|DISP=ACCEPT_INSTALL|DETAIL=rt3_map_g1
0000000000000000000000000000000000000000000000000000000000000000|0000000000000000000000000000000000000000000000000000000000000000|0|3|rt4_TMB-5_MAP_g1_05841.r24|2|1|RICH|594|0|2740|0000000000000000000000000000000000000000000000000000000000000000|RICH|1|594|DISP=ACCEPT_INSTALL|DETAIL=rt3_map_g1
0000000000000000000000000000000000000000000000000000000000000000|0000000000000000000000000000000000000000000000000000000000000000|0|3|rt4_TMB-5_MAP_g1_05842.r24|2|1|RICH|596|0|2740|0000000000000000000000000000000000000000000000000000000000000000|RICH|1|596|DISP=ACCEPT_INSTALL|DETAIL=rt3_map_g1
0000000000000000000000000000000000000000000000000000000000000000|0000000000000000000000000000000000000000000000000000000000000000|0|3|rt4_TMB-5_MAP_g1_05843.r24|2|1|RICH|598|0|2740|0000000000000000000000000000000000000000000000000000000000000000|RICH|1|598|DISP=ACCEPT_INSTALL|DETAIL=rt3_map_g1
0000000000000000000000000000000000000000000000000000000000000000|0000000000000000000000000000000000000000000000000000000000000000|0|3|rt4_TMB-5_MAP_g1_05844.r24|2|1|RICH|600|0|2740|0000000000000000000000000000000000000000000000000000000000000000|RICH|1|600|DISP=ACCEPT_INSTALL|DETAIL=rt3_map_g1
0000000000000000000000000000000000000000000000000000000000000000|0000000000000000000000000000000000000000000000000000000000000000|0|3|rt4_TMB-5_MAP_g1_05845.r24|2|1|RICH|602|0|2740|0000000000000000000000000000000000000000000000000000000000000000|RICH|1|602|DISP=ACCEPT_INSTALL|DETAIL=rt3_map_g1
0000000000000000000000000000000000000000000000000000000000000000|0000000000000000000000000000000000000000000000000000000000000000|0|3|rt4_TMB-5_MAP_g1_05846.r24|2|1|RICH|604|0|2740|0000000000000000000000000000000000000000000000000000000000000000|RICH|1|604|DISP=ACCEPT_INSTALL|DETAIL=rt3_map_g1
0000000000000000000000000000000000000000000000000000000000000000|0000000000000000000000000000000000000000000000000000000000000000|0|3|rt4_TMB-5_MAP_g1_05847.r24|2|1|RICH|606|0|2740|0000000000000000000000000000000000000000000000000000000000000000|RICH|1|606|DISP=ACCEPT_INSTALL|DETAIL=rt3_map_g1
0000000000000000000000000000000000000000000000000000000000000000|0000000000000000000000000000000000000000000000000000000000000000|0|3|rt4_TMB-5_MAP_g1_05848.r24|2|1|RICH|608|0|2740|0000000000000000000000000000000000000000000000000000000000000000|RICH|1|608|DISP=ACCEPT_INSTALL|DETAIL=rt3_map_g1
0000000000000000000000000000000000000000000000000000000000000000|0000000000000000000000000000000000000000000000000000000000000000|0|3|rt4_TMB-5_MAP_g1_05849.r24|2|1|RICH|610|0|2740|0000000000000000000000000000000000000000000000000000000000000000|RICH|1|610|DISP=ACCEPT_INSTALL|DETAIL=rt3_map_g1
0000000000000000000000000000000000000000000000000000000000000000|0000000000000000000000000000000000000000000000000000000000000000|0|3|rt4_TMB-5_MAP_g1_05850.r24|2|1|RICH|612|0|2740|0000000000000000000000000000000000000000000000000000000000000000|RICH|1|612|DISP=ACCEPT_INSTALL|DETAIL=rt3_map_g1
0000000000000000000000000000000000000000000000000000000000000000|0000000000000000000000000000000000000000000000000000000000000000|0|3|rt4_TMB-5_MAP_g1_05851.r24|2|1|RICH|614|0|2740|0000000000000000000000000000000000000000000000000000000000000000|RICH|1|614|DISP=ACCEPT_INSTALL|DETAIL=rt3_map_g1
0000000000000000000000000000000000000000000000000000000000000000|0000000000000000000000000000000000000000000000000000000000000000|0|3|rt4_TMB-5_MAP_g1_05852.r24|2|1|RICH|616|0|2740|0000000000000000000000000000000000000000000000000000000000000000|RICH|1|616|DISP=ACCEPT_INSTALL|DETAIL=rt3_map_g1
0000000000000000000000000000000000000000000000000000000000000000|0000000000000000000000000000000000000000000000000000000000000000|0|3|rt4_TMB-5_MAP_g1_05853.r24|2|1|RICH|618|0|2740|0000000000000000000000000000000000000000000000000000000000000000|RICH|1|618|DISP=ACCEPT_INSTALL|DETAIL=rt3_map_g1
0000000000000000000000000000000000000000000000000000000000000000|0000000000000000000000000000000000000000000000000000000000000000|0|3|rt4_TMB-5_MAP_g1_05854.r24|2|1|RICH|620|0|2740|0000000000000000000000000000000000000000000000000000000000000000|RICH|1|620|DISP=ACCEPT_INSTALL|DETAIL=rt3_map_g1
0000000000000000000000000000000000000000000000000000000000000000|0000000000000000000000000000000000000000000000000000000000000000|0|3|rt4_TMB-5_MAP_g1_05855.r24|2|1|RICH|622|0|2740|0000000000000000000000000000000000000000000000000000000000000000|RICH|1|622|DISP=ACCEPT_INSTALL|DETAIL=rt3_map_g1
0000000000000000000000000000000000000000000000000000000000000000|0000000000000000000000000000000000000000000000000000000000000000|0|3|rt4_TMB-5_MAP_g1_05856.r24|2|1|RICH|624|0|2740|0000000000000000000000000000000000000000000000000000000000000000|RICH|1|624|DISP=ACCEPT_INSTALL|DETAIL=rt3_map_g1
0000000000000000000000000000000000000000000000000000000000000000|0000000000000000000000000000000000000000000000000000000000000000|0|3|rt4_TMB-5_MAP_g1_05857.r24|2|1|RICH|626|0|2740|0000000000000000000000000000000000000000000000000000000000000000|RICH|1|626|DISP=ACCEPT_INSTALL|DETAIL=rt3_map_g1
0000000000000000000000000000000000000000000000000000000000000000|0000000000000000000000000000000000000000000000000000000000000000|0|3|rt4_TMB-5_MAP_g1_05858.r24|2|1|RICH|628|0|2740|0000000000000000000000000000000000000000000000000000000000000000|RICH|1|628|DISP=ACCEPT_INSTALL|DETAIL=rt3_map_g1
0000000000000000000000000000000000000000000000000000000000000000|0000000000000000000000000000000000000000000000000000000000000000|0|3|rt4_TMB-5_MAP_g1_05859.r24|2|1|RICH|630|0|2740|0000000000000000000000000000000000000000000000000000000000000000|RICH|1|630|DISP=ACCEPT_INSTALL|DETAIL=rt3_map_g1
0000000000000000000000000000000000000000000000000000000000000000|0000000000000000000000000000000000000000000000000000000000000000|0|3|rt4_TMB-5_MAP_g1_05860.r24|2|1|RICH|632|0|2740|0000000000000000000000000000000000000000000000000000000000000000|RICH|1|632|DISP=ACCEPT_INSTALL|DETAIL=rt3_map_g1
0000000000000000000000000000000000000000000000000000000000000000|0000000000000000000000000000000000000000000000000000000000000000|0|3|rt4_TMB-5_MAP_g1_05861.r24|2|1|RICH|634|0|2740|0000000000000000000000000000000000000000000000000000000000000000|RICH|1|634|DISP=ACCEPT_INSTALL|DETAIL=rt3_map_g1
0000000000000000000000000000000000000000000000000000000000000000|0000000000000000000000000000000000000000000000000000000000000000|0|3|rt4_TMB-5_MAP_g1_05862.r24|2|1|RICH|636|0|2740|0000000000000000000000000000000000000000000000000000000000000000|RICH|1|636|DISP=ACCEPT_INSTALL|DETAIL=rt3_map_g1
0000000000000000000000000000000000000000000000000000000000000000|0000000000000000000000000000000000000000000000000000000000000000|0|3|rt4_TMB-5_MAP_g1_05863.r24|2|1|RICH|638|0|2740|0000000000000000000000000000000000000000000000000000000000000000|RICH|1|638|DISP=ACCEPT_INSTALL|DETAIL=rt3_map_g1
0000000000000000000000000000000000000000000000000000000000000000|0000000000000000000000000000000000000000000000000000000000000000|0|3|rt4_TMB-5_MAP_g1_05864.r24|2|1|RICH|640|0|2740|0000000000000000000000000000000000000000000000000000000000000000|RICH|1|640|DISP=ACCEPT_INSTALL|DETAIL=rt3_map_g1
0000000000000000000000000000000000000000000000000000000000000000|0000000000000000000000000000000000000000000000000000000000000000|0|3|rt4_TMB-5_MAP_g1_05865.r24|2|1|RICH|642|0|2740|0000000000000000000000000000000000000000000000000000000000000000|RICH|1|642|DISP=ACCEPT_INSTALL|DETAIL=rt3_map_g1
0000000000000000000000000000000000000000000000000000000000000000|0000000000000000000000000000000000000000000000000000000000000000|0|3|rt4_TMB-5_MAP_g1_05866.r24|2|1|RICH|644|0|2740|0000000000000000000000000000000000000000000000000000000000000000|RICH|1|644|DISP=ACCEPT_INSTALL|DETAIL=rt3_map_g1
0000000000000000000000000000000000000000000000000000000000000000|0000000000000000000000000000000000000000000000000000000000000000|0|3|rt4_TMB-5_MAP_g1_05867.r24|2|1|RICH|646|0|2740|0000000000000000000000000000000000000000000000000000000000000000|RICH|1|646|DISP=ACCEPT_INSTALL|DETAIL=rt3_map_g1
0000000000000000000000000000000000000000000000000000000000000000|0000000000000000000000000000000000000000000000000000000000000000|0|3|rt4_TMB-5_MAP_g1_05868.r24|2|1|RICH|648|0|2740|0000000000000000000000000000000000000000000000000000000000000000|RICH|1|648|DISP=ACCEPT_INSTALL|DETAIL=rt3_map_g1
0000000000000000000000000000000000000000000000000000000000000000|0000000000000000000000000000000000000000000000000000000000000000|0|3|rt4_TMB-5_MAP_g1_05869.r24|2|1|RICH|650|0|2740|0000000000000000000000000000000000000000000000000000000000000000|RICH|1|650|DISP=ACCEPT_INSTALL|DETAIL=rt3_map_g1
0000000000000000000000000000000000000000000000000000000000000000|0000000000000000000000000000000000000000000000000000000000000000|0|3|rt4_TMB-5_MAP_g1_05870.r24|2|1|RICH|652|0|2740|0000000000000000000000000000000000000000000000000000000000000000|RICH|1|652|DISP=ACCEPT_INSTALL|DETAIL=rt3_map_g1
0000000000000000000000000000000000000000000000000000000000000000|0000000000000000000000000000000000000000000000000000000000000000|0|3|rt4_TMB-5_MAP_g1_05871.r24|2|1|RICH|654|0|2740|0000000000000000000000000000000000000000000000000000000000000000|RICH|1|654|DISP=ACCEPT_INSTALL|DETAIL=rt3_map_g1
0000000000000000000000000000000000000000000000000000000000000000|0000000000000000000000000000000000000000000000000000000000000000|0|3|rt4_TMB-5_MAP_g1_05872.r24|2|1|RICH|656|0|2740|0000000000000000000000000000000000000000000000000000000000000000|RICH|1|656|DISP=ACCEPT_INSTALL|DETAIL=rt3_map_g1
0000000000000000000000000000000000000000000000000000000000000000|0000000000000000000000000000000000000000000000000000000000000000|0|3|rt4_TMB-5_MAP_g1_05873.r24|2|1|RICH|658|0|2740|0000000000000000000000000000000000000000000000000000000000000000|RICH|1|658|DISP=ACCEPT_INSTALL|DETAIL=rt3_map_g1
0000000000000000000000000000000000000000000000000000000000000000|0000000000000000000000000000000000000000000000000000000000000000|0|3|rt4_TMB-5_MAP_g1_05874.r24|2|1|RICH|660|0|2740|0000000000000000000000000000000000000000000000000000000000000000|RICH|1|660|DISP=ACCEPT_INSTALL|DETAIL=rt3_map_g1
0000000000000000000000000000000000000000000000000000000000000000|0000000000000000000000000000000000000000000000000000000000000000|0|3|rt4_TMB-5_MAP_g1_05875.r24|2|1|RICH|662|0|2740|0000000000000000000000000000000000000000000000000000000000000000|RICH|1|662|DISP=ACCEPT_INSTALL|DETAIL=rt3_map_g1
0000000000000000000000000000000000000000000000000000000000000000|0000000000000000000000000000000000000000000000000000000000000000|0|3|rt4_TMB-5_MAP_g1_05876.r24|2|1|RICH|664|0|2740|0000000000000000000000000000000000000000000000000000000000000000|RICH|1|664|DISP=ACCEPT_INSTALL|DETAIL=rt3_map_g1
0000000000000000000000000000000000000000000000000000000000000000|0000000000000000000000000000000000000000000000000000000000000000|0|3|rt4_TMB-5_MAP_g1_05877.r24|2|1|RICH|666|0|2740|0000000000000000000000000000000000000000000000000000000000000000|RICH|1|666|DISP=ACCEPT_INSTALL|DETAIL=rt3_map_g1
0000000000000000000000000000000000000000000000000000000000000000|0000000000000000000000000000000000000000000000000000000000000000|0|3|rt4_TMB-5_MAP_g1_05878.r24|2|1|RICH|668|0|2740|0000000000000000000000000000000000000000000000000000000000000000|RICH|1|668|DISP=ACCEPT_INSTALL|DETAIL=rt3_map_g1
0000000000000000000000000000000000000000000000000000000000000000|0000000000000000000000000000000000000000000000000000000000000000|0|3|rt4_TMB-5_MAP_g1_05879.r24|2|1|RICH|670|0|2740|0000000000000000000000000000000000000000000000000000000000000000|RICH|1|670|DISP=ACCEPT_INSTALL|DETAIL=rt3_map_g1
0000000000000000000000000000000000000000000000000000000000000000|0000000000000000000000000000000000000000000000000000000000000000|0|3|rt4_TMB-5_MAP_g1_05880.r24|2|1|RICH|672|0|2740|0000000000000000000000000000000000000000000000000000000000000000|RICH|1|672|DISP=ACCEPT_INSTALL|DETAIL=rt3_map_g1
0000000000000000000000000000000000000000000000000000000000000000|0000000000000000000000000000000000000000000000000000000000000000|0|3|rt4_TMB-5_MAP_g1_05881.r24|2|1|RICH|674|0|2740|0000000000000000000000000000000000000000000000000000000000000000|RICH|1|674|DISP=ACCEPT_INSTALL|DETAIL=rt3_map_g1
0000000000000000000000000000000000000000000000000000000000000000|0000000000000000000000000000000000000000000000000000000000000000|0|3|rt4_TMB-5_MAP_g1_05882.r24|2|1|RICH|676|0|2740|0000000000000000000000000000000000000000000000000000000000000000|RICH|1|676|DISP=ACCEPT_INSTALL|DETAIL=rt3_map_g1
0000000000000000000000000000000000000000000000000000000000000000|0000000000000000000000000000000000000000000000000000000000000000|0|3|rt4_TMB-5_MAP_g1_05883.r24|2|1|RICH|678|0|2740|0000000000000000000000000000000000000000000000000000000000000000|RICH|1|678|DISP=ACCEPT_INSTALL|DETAIL=rt3_map_g1
0000000000000000000000000000000000000000000000000000000000000000|0000000000000000000000000000000000000000000000000000000000000000|0|3|rt4_TMB-5_MAP_g1_05884.r24|2|1|RICH|680|0|2740|0000000000000000000000000000000000000000000000000000000000000000|RICH|1|680|DISP=ACCEPT_INSTALL|DETAIL=rt3_map_g1
0000000000000000000000000000000000000000000000000000000000000000|0000000000000000000000000000000000000000000000000000000000000000|0|3|rt4_TMB-5_MAP_g1_05885.r24|2|1|RICH|682|0|2740|0000000000000000000000000000000000000000000000000000000000000000|RICH|1|682|DISP=ACCEPT_INSTALL|DETAIL=rt3_map_g1
0000000000000000000000000000000000000000000000000000000000000000|0000000000000000000000000000000000000000000000000000000000000000|0|3|rt4_TMB-5_MAP_g1_05886.r24|2|1|RICH|684|0|2740|0000000000000000000000000000000000000000000000000000000000000000|RICH|1|684|DISP=ACCEPT_INSTALL|DETAIL=rt3_map_g1
0000000000000000000000000000000000000000000000000000000000000000|0000000000000000000000000000000000000000000000000000000000000000|0|3|rt4_TMB-5_MAP_g1_05887.r24|2|1|RICH|686|0|2740|0000000000000000000000000000000000000000000000000000000000000000|RICH|1|686|DISP=ACCEPT_INSTALL|DETAIL=rt3_map_g1
0000000000000000000000000000000000000000000000000000000000000000|0000000000000000000000000000000000000000000000000000000000000000|0|3|rt4_TMB-5_MAP_g1_05888.r24|2|1|RICH|688|0|2740|0000000000000000000000000000000000000000000000000000000000000000|RICH|1|688|DISP=ACCEPT_INSTALL|DETAIL=rt3_map_g1
0000000000000000000000000000000000000000000000000000000000000000|0000000000000000000000000000000000000000000000000000000000000000|0|3|rt4_TMB-5_MAP_g1_05889.r24|2|1|RICH|690|0|2740|0000000000000000000000000000000000000000000000000000000000000000|RICH|1|690|DISP=ACCEPT_INSTALL|DETAIL=rt3_map_g1
0000000000000000000000000000000000000000000000000000000000000000|0000000000000000000000000000000000000000000000000000000000000000|0|3|rt4_TMB-5_MAP_g1_05890.r24|2|1|RICH|692|0|2740|0000000000000000000000000000000000000000000000000000000000000000|RICH|1|692|DISP=ACCEPT_INSTALL|DETAIL=rt3_map_g1
0000000000000000000000000000000000000000000000000000000000000000|0000000000000000000000000000000000000000000000000000000000000000|0|3|rt4_TMB-5_MAP_g1_05891.r24|2|1|RICH|694|0|2740|0000000000000000000000000000000000000000000000000000000000000000|RICH|1|694|DISP=ACCEPT_INSTALL|DETAIL=rt3_map_g1
0000000000000000000000000000000000000000000000000000000000000000|0000000000000000000000000000000000000000000000000000000000000000|0|3|rt4_TMB-5_MAP_g1_05892.r24|2|1|RICH|696|0|2740|0000000000000000000000000000000000000000000000000000000000000000|RICH|1|696|DISP=ACCEPT_INSTALL|DETAIL=rt3_map_g1
0000000000000000000000000000000000000000000000000000000000000000|0000000000000000000000000000000000000000000000000000000000000000|0|3|rt4_TMB-5_MAP_g1_05893.r24|2|1|RICH|698|0|2740|0000000000000000000000000000000000000000000000000000000000000000|RICH|1|698|DISP=ACCEPT_INSTALL|DETAIL=rt3_map_g1
0000000000000000000000000000000000000000000000000000000000000000|0000000000000000000000000000000000000000000000000000000000000000|0|3|rt4_TMB-5_MAP_g1_05894.r24|2|1|RICH|700|0|2740|0000000000000000000000000000000000000000000000000000000000000000|RICH|1|700|DISP=ACCEPT_INSTALL|DETAIL=rt3_map_g1
0000000000000000000000000000000000000000000000000000000000000000|0000000000000000000000000000000000000000000000000000000000000000|0|3|rt4_TMB-5_MAP_g1_05895.r24|2|1|RICH|702|0|2740|0000000000000000000000000000000000000000000000000000000000000000|RICH|1|702|DISP=ACCEPT_INSTALL|DETAIL=rt3_map_g1
0000000000000000000000000000000000000000000000000000000000000000|0000000000000000000000000000000000000000000000000000000000000000|0|3|rt4_TMB-5_MAP_g1_05896.r24|2|1|RICH|704|0|2740|0000000000000000000000000000000000000000000000000000000000000000|RICH|1|704|DISP=ACCEPT_INSTALL|DETAIL=rt3_map_g1
0000000000000000000000000000000000000000000000000000000000000000|0000000000000000000000000000000000000000000000000000000000000000|0|3|rt4_TMB-5_MAP_g1_05897.r24|2|1|RICH|706|0|2740|0000000000000000000000000000000000000000000000000000000000000000|RICH|1|706|DISP=ACCEPT_INSTALL|DETAIL=rt3_map_g1
0000000000000000000000000000000000000000000000000000000000000000|0000000000000000000000000000000000000000000000000000000000000000|0|3|rt4_TMB-5_MAP_g1_05898.r24|2|1|RICH|708|0|2740|0000000000000000000000000000000000000000000000000000000000000000|RICH|1|708|DISP=ACCEPT_INSTALL|DETAIL=rt3_map_g1
0000000000000000000000000000000000000000000000000000000000000000|0000000000000000000000000000000000000000000000000000000000000000|0|3|rt4_TMB-5_MAP_g1_05899.r24|2|1|RICH|710|0|2740|0000000000000000000000000000000000000000000000000000000000000000|RICH|1|710|DISP=ACCEPT_INSTALL|DETAIL=rt3_map_g1
0000000000000000000000000000000000000000000000000000000000000000|0000000000000000000000000000000000000000000000000000000000000000|0|3|rt4_TMB-5_MAP_g1_05900.r24|2|1|RICH|712|0|2740|0000000000000000000000000000000000000000000000000000000000000000|RICH|1|712|DISP=ACCEPT_INSTALL|DETAIL=rt3_map_g1
0000000000000000000000000000000000000000000000000000000000000000|0000000000000000000000000000000000000000000000000000000000000000|0|3|rt4_TMB-5_MAP_g1_05901.r24|2|1|RICH|714|0|2740|0000000000000000000000000000000000000000000000000000000000000000|RICH|1|714|DISP=ACCEPT_INSTALL|DETAIL=rt3_map_g1
0000000000000000000000000000000000000000000000000000000000000000|0000000000000000000000000000000000000000000000000000000000000000|0|3|rt4_TMB-5_MAP_g1_05902.r24|2|1|RICH|716|0|2740|0000000000000000000000000000000000000000000000000000000000000000|RICH|1|716|DISP=ACCEPT_INSTALL|DETAIL=rt3_map_g1
0000000000000000000000000000000000000000000000000000000000000000|0000000000000000000000000000000000000000000000000000000000000000|0|3|rt4_TMB-5_MAP_g1_05903.r24|2|1|RICH|718|0|2740|0000000000000000000000000000000000000000000000000000000000000000|RICH|1|718|DISP=ACCEPT_INSTALL|DETAIL=rt3_map_g1
0000000000000000000000000000000000000000000000000000000000000000|0000000000000000000000000000000000000000000000000000000000000000|0|3|rt4_TMB-5_MAP_g1_05904.r24|2|1|RICH|720|0|2740|0000000000000000000000000000000000000000000000000000000000000000|RICH|1|720|DISP=ACCEPT_INSTALL|DETAIL=rt3_map_g1
0000000000000000000000000000000000000000000000000000000000000000|0000000000000000000000000000000000000000000000000000000000000000|0|3|rt4_TMB-5_MAP_g1_05905.r24|2|1|RICH|722|0|2740|0000000000000000000000000000000000000000000000000000000000000000|RICH|1|722|DISP=ACCEPT_INSTALL|DETAIL=rt3_map_g1
0000000000000000000000000000000000000000000000000000000000000000|0000000000000000000000000000000000000000000000000000000000000000|0|3|rt4_TMB-5_MAP_g1_05906.r24|2|1|RICH|724|0|2740|0000000000000000000000000000000000000000000000000000000000000000|RICH|1|724|DISP=ACCEPT_INSTALL|DETAIL=rt3_map_g1
0000000000000000000000000000000000000000000000000000000000000000|0000000000000000000000000000000000000000000000000000000000000000|0|3|rt4_TMB-5_MAP_g1_05907.r24|2|1|RICH|726|0|2740|0000000000000000000000000000000000000000000000000000000000000000|RICH|1|726|DISP=ACCEPT_INSTALL|DETAIL=rt3_map_g1
0000000000000000000000000000000000000000000000000000000000000000|0000000000000000000000000000000000000000000000000000000000000000|0|3|rt4_TMB-5_MAP_g1_05908.r24|2|1|RICH|728|0|2740|0000000000000000000000000000000000000000000000000000000000000000|RICH|1|728|DISP=ACCEPT_INSTALL|DETAIL=rt3_map_g1
0000000000000000000000000000000000000000000000000000000000000000|0000000000000000000000000000000000000000000000000000000000000000|0|3|rt4_TMB-5_MAP_g1_05909.r24|2|1|RICH|730|0|2740|0000000000000000000000000000000000000000000000000000000000000000|RICH|1|730|DISP=ACCEPT_INSTALL|DETAIL=rt3_map_g1
0000000000000000000000000000000000000000000000000000000000000000|0000000000000000000000000000000000000000000000000000000000000000|0|3|rt4_TMB-5_MAP_g1_05910.r24|2|1|RICH|732|0|2740|0000000000000000000000000000000000000000000000000000000000000000|RICH|1|732|DISP=ACCEPT_INSTALL|DETAIL=rt3_map_g1
0000000000000000000000000000000000000000000000000000000000000000|0000000000000000000000000000000000000000000000000000000000000000|0|3|rt4_TMB-5_MAP_g1_05911.r24|2|1|RICH|734|0|2740|0000000000000000000000000000000000000000000000000000000000000000|RICH|1|734|DISP=ACCEPT_INSTALL|DETAIL=rt3_map_g1
0000000000000000000000000000000000000000000000000000000000000000|0000000000000000000000000000000000000000000000000000000000000000|0|3|rt4_TMB-5_MAP_g1_05912.r24|2|1|RICH|736|0|2740|0000000000000000000000000000000000000000000000000000000000000000|RICH|1|736|DISP=ACCEPT_INSTALL|DETAIL=rt3_map_g1
0000000000000000000000000000000000000000000000000000000000000000|0000000000000000000000000000000000000000000000000000000000000000|0|3|rt4_TMB-5_MAP_g1_05913.r24|2|1|RICH|738|0|2740|0000000000000000000000000000000000000000000000000000000000000000|RICH|1|738|DISP=ACCEPT_INSTALL|DETAIL=rt3_map_g1
0000000000000000000000000000000000000000000000000000000000000000|0000000000000000000000000000000000000000000000000000000000000000|0|3|rt4_TMB-5_MAP_g1_05914.r24|2|1|RICH|740|0|2740|0000000000000000000000000000000000000000000000000000000000000000|RICH|1|740|DISP=ACCEPT_INSTALL|DETAIL=rt3_map_g1
0000000000000000000000000000000000000000000000000000000000000000|0000000000000000000000000000000000000000000000000000000000000000|0|3|rt4_TMB-5_MAP_g1_05915.r24|2|1|RICH|742|0|2740|0000000000000000000000000000000000000000000000000000000000000000|RICH|1|742|DISP=ACCEPT_INSTALL|DETAIL=rt3_map_g1
0000000000000000000000000000000000000000000000000000000000000000|0000000000000000000000000000000000000000000000000000000000000000|0|3|rt4_TMB-5_MAP_g1_05916.r24|2|1|RICH|744|0|2740|0000000000000000000000000000000000000000000000000000000000000000|RICH|1|744|DISP=ACCEPT_INSTALL|DETAIL=rt3_map_g1
0000000000000000000000000000000000000000000000000000000000000000|0000000000000000000000000000000000000000000000000000000000000000|0|3|rt4_TMB-5_MAP_g1_05917.r24|2|1|RICH|746|0|2740|0000000000000000000000000000000000000000000000000000000000000000|RICH|1|746|DISP=ACCEPT_INSTALL|DETAIL=rt3_map_g1
0000000000000000000000000000000000000000000000000000000000000000|0000000000000000000000000000000000000000000000000000000000000000|0|3|rt4_TMB-5_MAP_g1_05918.r24|2|1|RICH|748|0|2740|0000000000000000000000000000000000000000000000000000000000000000|RICH|1|748|DISP=ACCEPT_INSTALL|DETAIL=rt3_map_g1
0000000000000000000000000000000000000000000000000000000000000000|0000000000000000000000000000000000000000000000000000000000000000|0|3|rt4_TMB-5_MAP_g1_05919.r24|2|1|RICH|750|0|2740|0000000000000000000000000000000000000000000000000000000000000000|RICH|1|750|DISP=ACCEPT_INSTALL|DETAIL=rt3_map_g1
0000000000000000000000000000000000000000000000000000000000000000|0000000000000000000000000000000000000000000000000000000000000000|0|3|rt4_TMB-5_MAP_g1_05920.r24|2|1|RICH|752|0|2740|0000000000000000000000000000000000000000000000000000000000000000|RICH|1|752|DISP=ACCEPT_INSTALL|DETAIL=rt3_map_g1
0000000000000000000000000000000000000000000000000000000000000000|0000000000000000000000000000000000000000000000000000000000000000|0|3|rt4_TMB-5_MAP_g1_05921.r24|2|1|RICH|754|0|2740|0000000000000000000000000000000000000000000000000000000000000000|RICH|1|754|DISP=ACCEPT_INSTALL|DETAIL=rt3_map_g1
0000000000000000000000000000000000000000000000000000000000000000|0000000000000000000000000000000000000000000000000000000000000000|0|3|rt4_TMB-5_MAP_g1_05922.r24|2|1|RICH|756|0|2740|0000000000000000000000000000000000000000000000000000000000000000|RICH|1|756|DISP=ACCEPT_INSTALL|DETAIL=rt3_map_g1
0000000000000000000000000000000000000000000000000000000000000000|0000000000000000000000000000000000000000000000000000000000000000|0|3|rt4_TMB-5_MAP_g1_05923.r24|2|1|RICH|758|0|2740|0000000000000000000000000000000000000000000000000000000000000000|RICH|1|758|DISP=ACCEPT_INSTALL|DETAIL=rt3_map_g1
0000000000000000000000000000000000000000000000000000000000000000|0000000000000000000000000000000000000000000000000000000000000000|0|3|rt4_TMB-5_MAP_g1_05924.r24|2|1|RICH|760|0|2740|0000000000000000000000000000000000000000000000000000000000000000|RICH|1|760|DISP=ACCEPT_INSTALL|DETAIL=rt3_map_g1
0000000000000000000000000000000000000000000000000000000000000000|0000000000000000000000000000000000000000000000000000000000000000|0|3|rt4_TMB-5_MAP_g1_05925.r24|2|1|RICH|762|0|2740|0000000000000000000000000000000000000000000000000000000000000000|RICH|1|762|DISP=ACCEPT_INSTALL|DETAIL=rt3_map_g1
0000000000000000000000000000000000000000000000000000000000000000|0000000000000000000000000000000000000000000000000000000000000000|0|3|rt4_TMB-5_MAP_g1_05926.r24|2|1|RICH|764|0|2740|0000000000000000000000000000000000000000000000000000000000000000|RICH|1|764|DISP=ACCEPT_INSTALL|DETAIL=rt3_map_g1
0000000000000000000000000000000000000000000000000000000000000000|0000000000000000000000000000000000000000000000000000000000000000|0|3|rt4_TMB-5_MAP_g1_05927.r24|2|1|RICH|766|0|2740|0000000000000000000000000000000000000000000000000000000000000000|RICH|1|766|DISP=ACCEPT_INSTALL|DETAIL=rt3_map_g1
0000000000000000000000000000000000000000000000000000000000000000|0000000000000000000000000000000000000000000000000000000000000000|0|3|rt4_TMB-5_MAP_g1_05928.r24|2|1|RICH|768|0|2740|0000000000000000000000000000000000000000000000000000000000000000|RICH|1|768|DISP=ACCEPT_INSTALL|DETAIL=rt3_map_g1
0000000000000000000000000000000000000000000000000000000000000000|0000000000000000000000000000000000000000000000000000000000000000|0|3|rt4_TMB-5_MAP_g1_05929.r24|2|1|RICH|770|0|2740|0000000000000000000000000000000000000000000000000000000000000000|RICH|1|770|DISP=ACCEPT_INSTALL|DETAIL=rt3_map_g1
0000000000000000000000000000000000000000000000000000000000000000|0000000000000000000000000000000000000000000000000000000000000000|0|3|rt4_TMB-5_MAP_g1_05930.r24|2|1|RICH|772|0|2740|0000000000000000000000000000000000000000000000000000000000000000|RICH|1|772|DISP=ACCEPT_INSTALL|DETAIL=rt3_map_g1
0000000000000000000000000000000000000000000000000000000000000000|0000000000000000000000000000000000000000000000000000000000000000|0|3|rt4_TMB-5_MAP_g1_05931.r24|2|1|RICH|774|0|2740|0000000000000000000000000000000000000000000000000000000000000000|RICH|1|774|DISP=ACCEPT_INSTALL|DETAIL=rt3_map_g1
0000000000000000000000000000000000000000000000000000000000000000|0000000000000000000000000000000000000000000000000000000000000000|0|3|rt4_TMB-5_MAP_g1_05932.r24|2|1|RICH|776|0|2740|0000000000000000000000000000000000000000000000000000000000000000|RICH|1|776|DISP=ACCEPT_INSTALL|DETAIL=rt3_map_g1
0000000000000000000000000000000000000000000000000000000000000000|0000000000000000000000000000000000000000000000000000000000000000|0|3|rt4_TMB-5_MAP_g1_05933.r24|2|1|RICH|778|0|2740|0000000000000000000000000000000000000000000000000000000000000000|RICH|1|778|DISP=ACCEPT_INSTALL|DETAIL=rt3_map_g1
0000000000000000000000000000000000000000000000000000000000000000|0000000000000000000000000000000000000000000000000000000000000000|0|3|rt4_TMB-5_MAP_g1_05934.r24|2|1|RICH|780|0|2740|0000000000000000000000000000000000000000000000000000000000000000|RICH|1|780|DISP=ACCEPT_INSTALL|DETAIL=rt3_map_g1
0000000000000000000000000000000000000000000000000000000000000000|0000000000000000000000000000000000000000000000000000000000000000|0|3|rt4_TMB-5_MAP_g1_05935.r24|2|1|RICH|782|0|2740|0000000000000000000000000000000000000000000000000000000000000000|RICH|1|782|DISP=ACCEPT_INSTALL|DETAIL=rt3_map_g1
0000000000000000000000000000000000000000000000000000000000000000|0000000000000000000000000000000000000000000000000000000000000000|0|3|rt4_TMB-5_MAP_g1_05936.r24|2|1|RICH|784|0|2740|0000000000000000000000000000000000000000000000000000000000000000|RICH|1|784|DISP=ACCEPT_INSTALL|DETAIL=rt3_map_g1
0000000000000000000000000000000000000000000000000000000000000000|0000000000000000000000000000000000000000000000000000000000000000|0|3|rt4_TMB-5_MAP_g1_05937.r24|2|1|RICH|786|0|2740|0000000000000000000000000000000000000000000000000000000000000000|RICH|1|786|DISP=ACCEPT_INSTALL|DETAIL=rt3_map_g1
0000000000000000000000000000000000000000000000000000000000000000|0000000000000000000000000000000000000000000000000000000000000000|0|3|rt4_TMB-5_MAP_g1_05938.r24|2|1|RICH|788|0|2740|0000000000000000000000000000000000000000000000000000000000000000|RICH|1|788|DISP=ACCEPT_INSTALL|DETAIL=rt3_map_g1
0000000000000000000000000000000000000000000000000000000000000000|0000000000000000000000000000000000000000000000000000000000000000|0|3|rt4_TMB-5_MAP_g1_05939.r24|2|1|RICH|790|0|2740|0000000000000000000000000000000000000000000000000000000000000000|RICH|1|790|DISP=ACCEPT_INSTALL|DETAIL=rt3_map_g1
0000000000000000000000000000000000000000000000000000000000000000|0000000000000000000000000000000000000000000000000000000000000000|0|3|rt4_TMB-5_MAP_g1_05940.r24|2|1|RICH|792|0|2740|0000000000000000000000000000000000000000000000000000000000000000|RICH|1|792|DISP=ACCEPT_INSTALL|DETAIL=rt3_map_g1
0000000000000000000000000000000000000000000000000000000000000000|0000000000000000000000000000000000000000000000000000000000000000|0|3|rt4_TMB-5_MAP_g1_05941.r24|2|1|RICH|794|0|2740|0000000000000000000000000000000000000000000000000000000000000000|RICH|1|794|DISP=ACCEPT_INSTALL|DETAIL=rt3_map_g1
0000000000000000000000000000000000000000000000000000000000000000|0000000000000000000000000000000000000000000000000000000000000000|0|3|rt4_TMB-5_MAP_g1_05942.r24|2|1|RICH|796|0|2740|0000000000000000000000000000000000000000000000000000000000000000|RICH|1|796|DISP=ACCEPT_INSTALL|DETAIL=rt3_map_g1
0000000000000000000000000000000000000000000000000000000000000000|0000000000000000000000000000000000000000000000000000000000000000|0|3|rt4_TMB-5_MAP_g1_05943.r24|2|1|RICH|798|0|2740|0000000000000000000000000000000000000000000000000000000000000000|RICH|1|798|DISP=ACCEPT_INSTALL|DETAIL=rt3_map_g1
0000000000000000000000000000000000000000000000000000000000000000|0000000000000000000000000000000000000000000000000000000000000000|0|3|rt4_TMB-5_MAP_g1_05944.r24|2|1|RICH|800|0|2740|0000000000000000000000000000000000000000000000000000000000000000|RICH|1|800|DISP=ACCEPT_INSTALL|DETAIL=rt3_map_g1
0000000000000000000000000000000000000000000000000000000000000000|0000000000000000000000000000000000000000000000000000000000000000|0|3|rt4_TMB-5_MAP_g1_05945.r24|2|1|RICH|802|0|2740|0000000000000000000000000000000000000000000000000000000000000000|RICH|1|802|DISP=ACCEPT_INSTALL|DETAIL=rt3_map_g1
0000000000000000000000000000000000000000000000000000000000000000|0000000000000000000000000000000000000000000000000000000000000000|0|3|rt4_TMB-5_MAP_g1_05946.r24|2|1|RICH|804|0|2740|0000000000000000000000000000000000000000000000000000000000000000|RICH|1|804|DISP=ACCEPT_INSTALL|DETAIL=rt3_map_g1
0000000000000000000000000000000000000000000000000000000000000000|0000000000000000000000000000000000000000000000000000000000000000|0|3|rt4_TMB-5_MAP_g1_05947.r24|2|1|RICH|806|0|2740|0000000000000000000000000000000000000000000000000000000000000000|RICH|1|806|DISP=ACCEPT_INSTALL|DETAIL=rt3_map_g1
0000000000000000000000000000000000000000000000000000000000000000|0000000000000000000000000000000000000000000000000000000000000000|0|3|rt4_TMB-5_MAP_g1_05948.r24|2|1|RICH|808|0|2740|0000000000000000000000000000000000000000000000000000000000000000|RICH|1|808|DISP=ACCEPT_INSTALL|DETAIL=rt3_map_g1
0000000000000000000000000000000000000000000000000000000000000000|0000000000000000000000000000000000000000000000000000000000000000|0|3|rt4_TMB-5_MAP_g1_05949.r24|2|1|RICH|810|0|2740|0000000000000000000000000000000000000000000000000000000000000000|RICH|1|810|DISP=ACCEPT_INSTALL|DETAIL=rt3_map_g1
0000000000000000000000000000000000000000000000000000000000000000|0000000000000000000000000000000000000000000000000000000000000000|0|3|rt4_TMB-5_MAP_g1_05950.r24|2|1|RICH|812|0|2740|0000000000000000000000000000000000000000000000000000000000000000|RICH|1|812|DISP=ACCEPT_INSTALL|DETAIL=rt3_map_g1
0000000000000000000000000000000000000000000000000000000000000000|0000000000000000000000000000000000000000000000000000000000000000|0|3|rt4_TMB-5_MAP_g1_05951.r24|2|1|RICH|814|0|2740|0000000000000000000000000000000000000000000000000000000000000000|RICH|1|814|DISP=ACCEPT_INSTALL|DETAIL=rt3_map_g1
0000000000000000000000000000000000000000000000000000000000000000|0000000000000000000000000000000000000000000000000000000000000000|0|3|rt4_TMB-5_MAP_g1_05952.r24|2|1|RICH|816|0|2740|0000000000000000000000000000000000000000000000000000000000000000|RICH|1|816|DISP=ACCEPT_INSTALL|DETAIL=rt3_map_g1
0000000000000000000000000000000000000000000000000000000000000000|0000000000000000000000000000000000000000000000000000000000000000|0|3|rt4_TMB-5_MAP_g1_05953.r24|2|1|RICH|818|0|2740|0000000000000000000000000000000000000000000000000000000000000000|RICH|1|818|DISP=ACCEPT_INSTALL|DETAIL=rt3_map_g1
0000000000000000000000000000000000000000000000000000000000000000|0000000000000000000000000000000000000000000000000000000000000000|0|3|rt4_TMB-5_MAP_g1_05954.r24|2|1|RICH|820|0|2740|0000000000000000000000000000000000000000000000000000000000000000|RICH|1|820|DISP=ACCEPT_INSTALL|DETAIL=rt3_map_g1
0000000000000000000000000000000000000000000000000000000000000000|0000000000000000000000000000000000000000000000000000000000000000|0|3|rt4_TMB-5_MAP_g1_05955.r24|2|1|RICH|822|0|2740|0000000000000000000000000000000000000000000000000000000000000000|RICH|1|822|DISP=ACCEPT_INSTALL|DETAIL=rt3_map_g1
0000000000000000000000000000000000000000000000000000000000000000|0000000000000000000000000000000000000000000000000000000000000000|0|3|rt4_TMB-5_MAP_g1_05956.r24|2|1|RICH|824|0|2740|0000000000000000000000000000000000000000000000000000000000000000|RICH|1|824|DISP=ACCEPT_INSTALL|DETAIL=rt3_map_g1
0000000000000000000000000000000000000000000000000000000000000000|0000000000000000000000000000000000000000000000000000000000000000|0|3|rt4_TMB-5_MAP_g1_05957.r24|2|1|RICH|826|0|2740|0000000000000000000000000000000000000000000000000000000000000000|RICH|1|826|DISP=ACCEPT_INSTALL|DETAIL=rt3_map_g1
0000000000000000000000000000000000000000000000000000000000000000|0000000000000000000000000000000000000000000000000000000000000000|0|3|rt4_TMB-5_MAP_g1_05958.r24|2|1|RICH|828|0|2740|0000000000000000000000000000000000000000000000000000000000000000|RICH|1|828|DISP=ACCEPT_INSTALL|DETAIL=rt3_map_g1
0000000000000000000000000000000000000000000000000000000000000000|0000000000000000000000000000000000000000000000000000000000000000|0|3|rt4_TMB-5_MAP_g1_05959.r24|2|1|RICH|830|0|2740|0000000000000000000000000000000000000000000000000000000000000000|RICH|1|830|DISP=ACCEPT_INSTALL|DETAIL=rt3_map_g1
0000000000000000000000000000000000000000000000000000000000000000|0000000000000000000000000000000000000000000000000000000000000000|0|3|rt4_TMB-5_MAP_g1_05960.r24|2|1|RICH|832|0|2740|0000000000000000000000000000000000000000000000000000000000000000|RICH|1|832|DISP=ACCEPT_INSTALL|DETAIL=rt3_map_g1
0000000000000000000000000000000000000000000000000000000000000000|0000000000000000000000000000000000000000000000000000000000000000|0|3|rt4_TMB-5_MAP_g1_05961.r24|2|1|RICH|834|0|2740|0000000000000000000000000000000000000000000000000000000000000000|RICH|1|834|DISP=ACCEPT_INSTALL|DETAIL=rt3_map_g1
0000000000000000000000000000000000000000000000000000000000000000|0000000000000000000000000000000000000000000000000000000000000000|0|3|rt4_TMB-5_MAP_g1_05962.r24|2|1|RICH|836|0|2740|0000000000000000000000000000000000000000000000000000000000000000|RICH|1|836|DISP=ACCEPT_INSTALL|DETAIL=rt3_map_g1
0000000000000000000000000000000000000000000000000000000000000000|0000000000000000000000000000000000000000000000000000000000000000|0|3|rt4_TMB-5_MAP_g1_05963.r24|2|1|RICH|838|0|2740|0000000000000000000000000000000000000000000000000000000000000000|RICH|1|838|DISP=ACCEPT_INSTALL|DETAIL=rt3_map_g1
0000000000000000000000000000000000000000000000000000000000000000|0000000000000000000000000000000000000000000000000000000000000000|0|3|rt4_TMB-5_MAP_g1_05964.r24|2|1|RICH|840|0|2740|0000000000000000000000000000000000000000000000000000000000000000|RICH|1|840|DISP=ACCEPT_INSTALL|DETAIL=rt3_map_g1
0000000000000000000000000000000000000000000000000000000000000000|0000000000000000000000000000000000000000000000000000000000000000|0|3|rt4_TMB-5_MAP_g1_05965.r24|2|1|RICH|842|0|2740|0000000000000000000000000000000000000000000000000000000000000000|RICH|1|842|DISP=ACCEPT_INSTALL|DETAIL=rt3_map_g1
0000000000000000000000000000000000000000000000000000000000000000|0000000000000000000000000000000000000000000000000000000000000000|0|3|rt4_TMB-5_MAP_g1_05966.r24|2|1|RICH|844|0|2740|0000000000000000000000000000000000000000000000000000000000000000|RICH|1|844|DISP=ACCEPT_INSTALL|DETAIL=rt3_map_g1
0000000000000000000000000000000000000000000000000000000000000000|0000000000000000000000000000000000000000000000000000000000000000|0|3|rt4_TMB-5_MAP_g1_05967.r24|2|1|RICH|846|0|2740|0000000000000000000000000000000000000000000000000000000000000000|RICH|1|846|DISP=ACCEPT_INSTALL|DETAIL=rt3_map_g1
0000000000000000000000000000000000000000000000000000000000000000|0000000000000000000000000000000000000000000000000000000000000000|0|3|rt4_TMB-5_MAP_g1_05968.r24|2|1|RICH|848|0|2740|0000000000000000000000000000000000000000000000000000000000000000|RICH|1|848|DISP=ACCEPT_INSTALL|DETAIL=rt3_map_g1
0000000000000000000000000000000000000000000000000000000000000000|0000000000000000000000000000000000000000000000000000000000000000|0|3|rt4_TMB-5_MAP_g1_05969.r24|2|1|RICH|850|0|2740|0000000000000000000000000000000000000000000000000000000000000000|RICH|1|850|DISP=ACCEPT_INSTALL|DETAIL=rt3_map_g1
0000000000000000000000000000000000000000000000000000000000000000|0000000000000000000000000000000000000000000000000000000000000000|0|3|rt4_TMB-5_MAP_g1_05970.r24|2|1|RICH|852|0|2740|0000000000000000000000000000000000000000000000000000000000000000|RICH|1|852|DISP=ACCEPT_INSTALL|DETAIL=rt3_map_g1
0000000000000000000000000000000000000000000000000000000000000000|0000000000000000000000000000000000000000000000000000000000000000|0|3|rt4_TMB-5_MAP_g1_05971.r24|2|1|RICH|854|0|2740|0000000000000000000000000000000000000000000000000000000000000000|RICH|1|854|DISP=ACCEPT_INSTALL|DETAIL=rt3_map_g1
0000000000000000000000000000000000000000000000000000000000000000|0000000000000000000000000000000000000000000000000000000000000000|0|3|rt4_TMB-5_MAP_g1_05972.r24|2|1|RICH|856|0|2740|0000000000000000000000000000000000000000000000000000000000000000|RICH|1|856|DISP=ACCEPT_INSTALL|DETAIL=rt3_map_g1
0000000000000000000000000000000000000000000000000000000000000000|0000000000000000000000000000000000000000000000000000000000000000|0|3|rt4_TMB-5_MAP_g1_05973.r24|2|1|RICH|858|0|2740|0000000000000000000000000000000000000000000000000000000000000000|RICH|1|858|DISP=ACCEPT_INSTALL|DETAIL=rt3_map_g1
0000000000000000000000000000000000000000000000000000000000000000|0000000000000000000000000000000000000000000000000000000000000000|0|3|rt4_TMB-5_MAP_g1_05974.r24|2|1|RICH|860|0|2740|0000000000000000000000000000000000000000000000000000000000000000|RICH|1|860|DISP=ACCEPT_INSTALL|DETAIL=rt3_map_g1
0000000000000000000000000000000000000000000000000000000000000000|0000000000000000000000000000000000000000000000000000000000000000|0|3|rt4_TMB-5_MAP_g1_05975.r24|2|1|RICH|862|0|2740|0000000000000000000000000000000000000000000000000000000000000000|RICH|1|862|DISP=ACCEPT_INSTALL|DETAIL=rt3_map_g1
0000000000000000000000000000000000000000000000000000000000000000|0000000000000000000000000000000000000000000000000000000000000000|0|3|rt4_TMB-5_MAP_g1_05976.r24|2|1|RICH|864|0|2740|0000000000000000000000000000000000000000000000000000000000000000|RICH|1|864|DISP=ACCEPT_INSTALL|DETAIL=rt3_map_g1
0000000000000000000000000000000000000000000000000000000000000000|0000000000000000000000000000000000000000000000000000000000000000|0|3|rt4_TMB-5_MAP_g1_05977.r24|2|1|RICH|866|0|2740|0000000000000000000000000000000000000000000000000000000000000000|RICH|1|866|DISP=ACCEPT_INSTALL|DETAIL=rt3_map_g1
0000000000000000000000000000000000000000000000000000000000000000|0000000000000000000000000000000000000000000000000000000000000000|0|3|rt4_TMB-5_MAP_g1_05978.r24|2|1|RICH|868|0|2740|0000000000000000000000000000000000000000000000000000000000000000|RICH|1|868|DISP=ACCEPT_INSTALL|DETAIL=rt3_map_g1
0000000000000000000000000000000000000000000000000000000000000000|0000000000000000000000000000000000000000000000000000000000000000|0|3|rt4_TMB-5_MAP_g1_05979.r24|2|1|RICH|870|0|2740|0000000000000000000000000000000000000000000000000000000000000000|RICH|1|870|DISP=ACCEPT_INSTALL|DETAIL=rt3_map_g1
0000000000000000000000000000000000000000000000000000000000000000|0000000000000000000000000000000000000000000000000000000000000000|0|3|rt4_TMB-5_MAP_g1_05980.r24|2|1|RICH|872|0|2740|0000000000000000000000000000000000000000000000000000000000000000|RICH|1|872|DISP=ACCEPT_INSTALL|DETAIL=rt3_map_g1
0000000000000000000000000000000000000000000000000000000000000000|0000000000000000000000000000000000000000000000000000000000000000|0|3|rt4_TMB-5_MAP_g1_05981.r24|2|1|RICH|874|0|2740|0000000000000000000000000000000000000000000000000000000000000000|RICH|1|874|DISP=ACCEPT_INSTALL|DETAIL=rt3_map_g1
0000000000000000000000000000000000000000000000000000000000000000|0000000000000000000000000000000000000000000000000000000000000000|0|3|rt4_TMB-5_MAP_g1_05982.r24|2|1|RICH|876|0|2740|0000000000000000000000000000000000000000000000000000000000000000|RICH|1|876|DISP=ACCEPT_INSTALL|DETAIL=rt3_map_g1
0000000000000000000000000000000000000000000000000000000000000000|0000000000000000000000000000000000000000000000000000000000000000|0|3|rt4_TMB-5_MAP_g1_05983.r24|2|1|RICH|878|0|2740|0000000000000000000000000000000000000000000000000000000000000000|RICH|1|878|DISP=ACCEPT_INSTALL|DETAIL=rt3_map_g1
0000000000000000000000000000000000000000000000000000000000000000|0000000000000000000000000000000000000000000000000000000000000000|0|3|rt4_TMB-5_MAP_g1_05984.r24|2|1|RICH|880|0|2740|0000000000000000000000000000000000000000000000000000000000000000|RICH|1|880|DISP=ACCEPT_INSTALL|DETAIL=rt3_map_g1
0000000000000000000000000000000000000000000000000000000000000000|0000000000000000000000000000000000000000000000000000000000000000|0|3|rt4_TMB-5_MAP_g1_05985.r24|2|1|RICH|540|0|2750|0000000000000000000000000000000000000000000000000000000000000000|RICH|1|540|DISP=ACCEPT_INSTALL|DETAIL=rt3_map_g1
0000000000000000000000000000000000000000000000000000000000000000|0000000000000000000000000000000000000000000000000000000000000000|0|3|rt4_TMB-5_MAP_g1_05986.r24|2|1|RICH|542|0|2750|0000000000000000000000000000000000000000000000000000000000000000|RICH|1|542|DISP=ACCEPT_INSTALL|DETAIL=rt3_map_g1
0000000000000000000000000000000000000000000000000000000000000000|0000000000000000000000000000000000000000000000000000000000000000|0|3|rt4_TMB-5_MAP_g1_05987.r24|2|1|RICH|544|0|2750|0000000000000000000000000000000000000000000000000000000000000000|RICH|1|544|DISP=ACCEPT_INSTALL|DETAIL=rt3_map_g1
0000000000000000000000000000000000000000000000000000000000000000|0000000000000000000000000000000000000000000000000000000000000000|0|3|rt4_TMB-5_MAP_g1_05988.r24|2|1|RICH|546|0|2750|0000000000000000000000000000000000000000000000000000000000000000|RICH|1|546|DISP=ACCEPT_INSTALL|DETAIL=rt3_map_g1
0000000000000000000000000000000000000000000000000000000000000000|0000000000000000000000000000000000000000000000000000000000000000|0|3|rt4_TMB-5_MAP_g1_05989.r24|2|1|RICH|548|0|2750|0000000000000000000000000000000000000000000000000000000000000000|RICH|1|548|DISP=ACCEPT_INSTALL|DETAIL=rt3_map_g1
0000000000000000000000000000000000000000000000000000000000000000|0000000000000000000000000000000000000000000000000000000000000000|0|3|rt4_TMB-5_MAP_g1_05990.r24|2|1|RICH|550|0|2750|0000000000000000000000000000000000000000000000000000000000000000|RICH|1|550|DISP=ACCEPT_INSTALL|DETAIL=rt3_map_g1
0000000000000000000000000000000000000000000000000000000000000000|0000000000000000000000000000000000000000000000000000000000000000|0|3|rt4_TMB-5_MAP_g1_05991.r24|2|1|RICH|552|0|2750|0000000000000000000000000000000000000000000000000000000000000000|RICH|1|552|DISP=ACCEPT_INSTALL|DETAIL=rt3_map_g1
0000000000000000000000000000000000000000000000000000000000000000|0000000000000000000000000000000000000000000000000000000000000000|0|3|rt4_TMB-5_MAP_g1_05992.r24|2|1|RICH|554|0|2750|0000000000000000000000000000000000000000000000000000000000000000|RICH|1|554|DISP=ACCEPT_INSTALL|DETAIL=rt3_map_g1
0000000000000000000000000000000000000000000000000000000000000000|0000000000000000000000000000000000000000000000000000000000000000|0|3|rt4_TMB-5_MAP_g1_05993.r24|2|1|RICH|556|0|2750|0000000000000000000000000000000000000000000000000000000000000000|RICH|1|556|DISP=ACCEPT_INSTALL|DETAIL=rt3_map_g1
0000000000000000000000000000000000000000000000000000000000000000|0000000000000000000000000000000000000000000000000000000000000000|0|3|rt4_TMB-5_MAP_g1_05994.r24|2|1|RICH|558|0|2750|0000000000000000000000000000000000000000000000000000000000000000|RICH|1|558|DISP=ACCEPT_INSTALL|DETAIL=rt3_map_g1
0000000000000000000000000000000000000000000000000000000000000000|0000000000000000000000000000000000000000000000000000000000000000|0|3|rt4_TMB-5_MAP_g1_05995.r24|2|1|RICH|560|0|2750|0000000000000000000000000000000000000000000000000000000000000000|RICH|1|560|DISP=ACCEPT_INSTALL|DETAIL=rt3_map_g1
0000000000000000000000000000000000000000000000000000000000000000|0000000000000000000000000000000000000000000000000000000000000000|0|3|rt4_TMB-5_MAP_g1_05996.r24|2|1|RICH|562|0|2750|0000000000000000000000000000000000000000000000000000000000000000|RICH|1|562|DISP=ACCEPT_INSTALL|DETAIL=rt3_map_g1
0000000000000000000000000000000000000000000000000000000000000000|0000000000000000000000000000000000000000000000000000000000000000|0|3|rt4_TMB-5_MAP_g1_05997.r24|2|1|RICH|564|0|2750|0000000000000000000000000000000000000000000000000000000000000000|RICH|1|564|DISP=ACCEPT_INSTALL|DETAIL=rt3_map_g1
0000000000000000000000000000000000000000000000000000000000000000|0000000000000000000000000000000000000000000000000000000000000000|0|3|rt4_TMB-5_MAP_g1_05998.r24|2|1|RICH|566|0|2750|0000000000000000000000000000000000000000000000000000000000000000|RICH|1|566|DISP=ACCEPT_INSTALL|DETAIL=rt3_map_g1
0000000000000000000000000000000000000000000000000000000000000000|0000000000000000000000000000000000000000000000000000000000000000|0|3|rt4_TMB-5_MAP_g1_05999.r24|2|1|RICH|568|0|2750|0000000000000000000000000000000000000000000000000000000000000000|RICH|1|568|DISP=ACCEPT_INSTALL|DETAIL=rt3_map_g1
