0000000000000000000000000000000000000000000000000000000000000000|0000000000000000000000000000000000000000000000000000000000000000|0|3|rt4_TMB-5_MAP_g1_03500.r24|2|1|RICH|700|0|2600|0000000000000000000000000000000000000000000000000000000000000000|RICH|1|700|DISP=ACCEPT_INSTALL|DETAIL=rt3_map_g1
0000000000000000000000000000000000000000000000000000000000000000|0000000000000000000000000000000000000000000000000000000000000000|0|3|rt4_TMB-5_MAP_g1_03501.r24|2|1|RICH|702|0|2600|0000000000000000000000000000000000000000000000000000000000000000|RICH|1|702|DISP=ACCEPT_INSTALL|DETAIL=rt3_map_g1
0000000000000000000000000000000000000000000000000000000000000000|0000000000000000000000000000000000000000000000000000000000000000|0|3|rt4_TMB-5_MAP_g1_03502.r24|2|1|RICH|704|0|2600|0000000000000000000000000000000000000000000000000000000000000000|RICH|1|704|DISP=ACCEPT_INSTALL|DETAIL=rt3_map_g1
0000000000000000000000000000000000000000000000000000000000000000|0000000000000000000000000000000000000000000000000000000000000000|0|3|rt4_TMB-5_MAP_g1_03503.r24|2|1|RICH|706|0|2600|0000000000000000000000000000000000000000000000000000000000000000|RICH|1|706|DISP=ACCEPT_INSTALL|DETAIL=rt3_map_g1
0000000000000000000000000000000000000000000000000000000000000000|0000000000000000000000000000000000000000000000000000000000000000|0|3|rt4_TMB-5_MAP_g1_03504.r24|2|1|RICH|708|0|2600|0000000000000000000000000000000000000000000000000000000000000000|RICH|1|708|DISP=ACCEPT_INSTALL|DETAIL=rt3_map_g1
0000000000000000000000000000000000000000000000000000000000000000|0000000000000000000000000000000000000000000000000000000000000000|0|3|rt4_TMB-5_MAP_g1_03505.r24|2|1|RICH|710|0|2600|0000000000000000000000000000000000000000000000000000000000000000|RICH|1|710|DISP=ACCEPT_INSTALL|DETAIL=rt3_map_g1
0000000000000000000000000000000000000000000000000000000000000000|0000000000000000000000000000000000000000000000000000000000000000|0|3|rt4_TMB-5_MAP_g1_03506.r24|2|1|RICH|712|0|2600|0000000000000000000000000000000000000000000000000000000000000000|RICH|1|712|DISP=ACCEPT_INSTALL|DETAIL=rt3_map_g1
0000000000000000000000000000000000000000000000000000000000000000|0000000000000000000000000000000000000000000000000000000000000000|0|3|rt4_TMB-5_MAP_g1_03507.r24|2|1|RICH|714|0|2600|0000000000000000000000000000000000000000000000000000000000000000|RICH|1|714|DISP=ACCEPT_INSTALL|DETAIL=rt3_map_g1
0000000000000000000000000000000000000000000000000000000000000000|0000000000000000000000000000000000000000000000000000000000000000|0|3|rt4_TMB-5_MAP_g1_03508.r24|2|1|RICH|716|0|2600|0000000000000000000000000000000000000000000000000000000000000000|RICH|1|716|DISP=ACCEPT_INSTALL|DETAIL=rt3_map_g1
0000000000000000000000000000000000000000000000000000000000000000|0000000000000000000000000000000000000000000000000000000000000000|0|3|rt4_TMB-5_MAP_g1_03509.r24|2|1|RICH|718|0|2600|0000000000000000000000000000000000000000000000000000000000000000|RICH|1|718|DISP=ACCEPT_INSTALL|DETAIL=rt3_map_g1
0000000000000000000000000000000000000000000000000000000000000000|0000000000000000000000000000000000000000000000000000000000000000|0|3|rt4_TMB-5_MAP_g1_03510.r24|2|1|RICH|720|0|2600|0000000000000000000000000000000000000000000000000000000000000000|RICH|1|720|DISP=ACCEPT_INSTALL|DETAIL=rt3_map_g1
0000000000000000000000000000000000000000000000000000000000000000|0000000000000000000000000000000000000000000000000000000000000000|0|3|rt4_TMB-5_MAP_g1_03511.r24|2|1|RICH|722|0|2600|0000000000000000000000000000000000000000000000000000000000000000|RICH|1|722|DISP=ACCEPT_INSTALL|DETAIL=rt3_map_g1
0000000000000000000000000000000000000000000000000000000000000000|0000000000000000000000000000000000000000000000000000000000000000|0|3|rt4_TMB-5_MAP_g1_03512.r24|2|1|RICH|724|0|2600|0000000000000000000000000000000000000000000000000000000000000000|RICH|1|724|DISP=ACCEPT_INSTALL|DETAIL=rt3_map_g1
0000000000000000000000000000000000000000000000000000000000000000|0000000000000000000000000000000000000000000000000000000000000000|0|3|rt4_TMB-5_MAP_g1_03513.r24|2|1|RICH|726|0|2600|0000000000000000000000000000000000000000000000000000000000000000|RICH|1|726|DISP=ACCEPT_INSTALL|DETAIL=rt3_map_g1
0000000000000000000000000000000000000000000000000000000000000000|0000000000000000000000000000000000000000000000000000000000000000|0|3|rt4_TMB-5_MAP_g1_03514.r24|2|1|RICH|728|0|2600|0000000000000000000000000000000000000000000000000000000000000000|RICH|1|728|DISP=ACCEPT_INSTALL|DETAIL=rt3_map_g1
0000000000000000000000000000000000000000000000000000000000000000|0000000000000000000000000000000000000000000000000000000000000000|0|3|rt4_TMB-5_MAP_g1_03515.r24|2|1|RICH|730|0|2600|0000000000000000000000000000000000000000000000000000000000000000|RICH|1|730|DISP=ACCEPT_INSTALL|DETAIL=rt3_map_g1
0000000000000000000000000000000000000000000000000000000000000000|0000000000000000000000000000000000000000000000000000000000000000|0|3|rt4_TMB-5_MAP_g1_03516.r24|2|1|RICH|732|0|2600|0000000000000000000000000000000000000000000000000000000000000000|RICH|1|732|DISP=ACCEPT_INSTALL|DETAIL=rt3_map_g1
0000000000000000000000000000000000000000000000000000000000000000|0000000000000000000000000000000000000000000000000000000000000000|0|3|rt4_TMB-5_MAP_g1_03517.r24|2|1|RICH|734|0|2600|0000000000000000000000000000000000000000000000000000000000000000|RICH|1|734|DISP=ACCEPT_INSTALL|DETAIL=rt3_map_g1
0000000000000000000000000000000000000000000000000000000000000000|0000000000000000000000000000000000000000000000000000000000000000|0|3|rt4_TMB-5_MAP_g1_03518.r24|2|1|RICH|736|0|2600|0000000000000000000000000000000000000000000000000000000000000000|RICH|1|736|DISP=ACCEPT_INSTALL|DETAIL=rt3_map_g1
0000000000000000000000000000000000000000000000000000000000000000|0000000000000000000000000000000000000000000000000000000000000000|0|3|rt4_TMB-5_MAP_g1_03519.r24|2|1|RICH|738|0|2600|0000000000000000000000000000000000000000000000000000000000000000|RICH|1|738|DISP=ACCEPT_INSTALL|DETAIL=rt3_map_g1
0000000000000000000000000000000000000000000000000000000000000000|0000000000000000000000000000000000000000000000000000000000000000|0|3|rt4_TMB-5_MAP_g1_03520.r24|2|1|RICH|740|0|2600|0000000000000000000000000000000000000000000000000000000000000000|RICH|1|740|DISP=ACCEPT_INSTALL|DETAIL=rt3_map_g1
0000000000000000000000000000000000000000000000000000000000000000|0000000000000000000000000000000000000000000000000000000000000000|0|3|rt4_TMB-5_MAP_g1_03521.r24|2|1|RICH|742|0|2600|0000000000000000000000000000000000000000000000000000000000000000|RICH|1|742|DISP=ACCEPT_INSTALL|DETAIL=rt3_map_g1
0000000000000000000000000000000000000000000000000000000000000000|0000000000000000000000000000000000000000000000000000000000000000|0|3|rt4_TMB-5_MAP_g1_03522.r24|2|1|RICH|744|0|2600|0000000000000000000000000000000000000000000000000000000000000000|RICH|1|744|DISP=ACCEPT_INSTALL|DETAIL=rt3_map_g1
0000000000000000000000000000000000000000000000000000000000000000|0000000000000000000000000000000000000000000000000000000000000000|0|3|rt4_TMB-5_MAP_g1_03523.r24|2|1|RICH|746|0|2600|0000000000000000000000000000000000000000000000000000000000000000|RICH|1|746|DISP=ACCEPT_INSTALL|DETAIL=rt3_map_g1
0000000000000000000000000000000000000000000000000000000000000000|0000000000000000000000000000000000000000000000000000000000000000|0|3|rt4_TMB-5_MAP_g1_03524.r24|2|1|RICH|748|0|2600|0000000000000000000000000000000000000000000000000000000000000000|RICH|1|748|DISP=ACCEPT_INSTALL|DETAIL=rt3_map_g1
0000000000000000000000000000000000000000000000000000000000000000|0000000000000000000000000000000000000000000000000000000000000000|0|3|rt4_TMB-5_MAP_g1_03525.r24|2|1|RICH|750|0|2600|0000000000000000000000000000000000000000000000000000000000000000|RICH|1|750|DISP=ACCEPT_INSTALL|DETAIL=rt3_map_g1
0000000000000000000000000000000000000000000000000000000000000000|0000000000000000000000000000000000000000000000000000000000000000|0|3|rt4_TMB-5_MAP_g1_03526.r24|2|1|RICH|752|0|2600|0000000000000000000000000000000000000000000000000000000000000000|RICH|1|752|DISP=ACCEPT_INSTALL|DETAIL=rt3_map_g1
0000000000000000000000000000000000000000000000000000000000000000|0000000000000000000000000000000000000000000000000000000000000000|0|3|rt4_TMB-5_MAP_g1_03527.r24|2|1|RICH|754|0|2600|0000000000000000000000000000000000000000000000000000000000000000|RICH|1|754|DISP=ACCEPT_INSTALL|DETAIL=rt3_map_g1
0000000000000000000000000000000000000000000000000000000000000000|0000000000000000000000000000000000000000000000000000000000000000|0|3|rt4_TMB-5_MAP_g1_03528.r24|2|1|RICH|756|0|2600|0000000000000000000000000000000000000000000000000000000000000000|RICH|1|756|DISP=ACCEPT_INSTALL|DETAIL=rt3_map_g1
0000000000000000000000000000000000000000000000000000000000000000|0000000000000000000000000000000000000000000000000000000000000000|0|3|rt4_TMB-5_MAP_g1_03529.r24|2|1|RICH|758|0|2600|0000000000000000000000000000000000000000000000000000000000000000|RICH|1|758|DISP=ACCEPT_INSTALL|DETAIL=rt3_map_g1
0000000000000000000000000000000000000000000000000000000000000000|0000000000000000000000000000000000000000000000000000000000000000|0|3|rt4_TMB-5_MAP_g1_03530.r24|2|1|RICH|760|0|2600|0000000000000000000000000000000000000000000000000000000000000000|RICH|1|760|DISP=ACCEPT_INSTALL|DETAIL=rt3_map_g1
0000000000000000000000000000000000000000000000000000000000000000|0000000000000000000000000000000000000000000000000000000000000000|0|3|rt4_TMB-5_MAP_g1_03531.r24|2|1|RICH|762|0|2600|0000000000000000000000000000000000000000000000000000000000000000|RICH|1|762|DISP=ACCEPT_INSTALL|DETAIL=rt3_map_g1
0000000000000000000000000000000000000000000000000000000000000000|0000000000000000000000000000000000000000000000000000000000000000|0|3|rt4_TMB-5_MAP_g1_03532.r24|2|1|RICH|764|0|2600|0000000000000000000000000000000000000000000000000000000000000000|RICH|1|764|DISP=ACCEPT_INSTALL|DETAIL=rt3_map_g1
0000000000000000000000000000000000000000000000000000000000000000|0000000000000000000000000000000000000000000000000000000000000000|0|3|rt4_TMB-5_MAP_g1_03533.r24|2|1|RICH|766|0|2600|0000000000000000000000000000000000000000000000000000000000000000|RICH|1|766|DISP=ACCEPT_INSTALL|DETAIL=rt3_map_g1
0000000000000000000000000000000000000000000000000000000000000000|0000000000000000000000000000000000000000000000000000000000000000|0|3|rt4_TMB-5_MAP_g1_03534.r24|2|1|RICH|768|0|2600|0000000000000000000000000000000000000000000000000000000000000000|RICH|1|768|DISP=ACCEPT_INSTALL|DETAIL=rt3_map_g1
0000000000000000000000000000000000000000000000000000000000000000|0000000000000000000000000000000000000000000000000000000000000000|0|3|rt4_TMB-5_MAP_g1_03535.r24|2|1|RICH|770|0|2600|0000000000000000000000000000000000000000000000000000000000000000|RICH|1|770|DISP=ACCEPT_INSTALL|DETAIL=rt3_map_g1
0000000000000000000000000000000000000000000000000000000000000000|0000000000000000000000000000000000000000000000000000000000000000|0|3|rt4_TMB-5_MAP_g1_03536.r24|2|1|RICH|772|0|2600|0000000000000000000000000000000000000000000000000000000000000000|RICH|1|772|DISP=ACCEPT_INSTALL|DETAIL=rt3_map_g1
0000000000000000000000000000000000000000000000000000000000000000|0000000000000000000000000000000000000000000000000000000000000000|0|3|rt4_TMB-5_MAP_g1_03537.r24|2|1|RICH|774|0|2600|0000000000000000000000000000000000000000000000000000000000000000|RICH|1|774|DISP=ACCEPT_INSTALL|DETAIL=rt3_map_g1
0000000000000000000000000000000000000000000000000000000000000000|0000000000000000000000000000000000000000000000000000000000000000|0|3|rt4_TMB-5_MAP_g1_03538.r24|2|1|RICH|776|0|2600|0000000000000000000000000000000000000000000000000000000000000000|RICH|1|776|DISP=ACCEPT_INSTALL|DETAIL=rt3_map_g1
0000000000000000000000000000000000000000000000000000000000000000|0000000000000000000000000000000000000000000000000000000000000000|0|3|rt4_TMB-5_MAP_g1_03539.r24|2|1|RICH|778|0|2600|0000000000000000000000000000000000000000000000000000000000000000|RICH|1|778|DISP=ACCEPT_INSTALL|DETAIL=rt3_map_g1
0000000000000000000000000000000000000000000000000000000000000000|0000000000000000000000000000000000000000000000000000000000000000|0|3|rt4_TMB-5_MAP_g1_03540.r24|2|1|RICH|780|0|2600|0000000000000000000000000000000000000000000000000000000000000000|RICH|1|780|DISP=ACCEPT_INSTALL|DETAIL=rt3_map_g1
0000000000000000000000000000000000000000000000000000000000000000|0000000000000000000000000000000000000000000000000000000000000000|0|3|rt4_TMB-5_MAP_g1_03541.r24|2|1|RICH|782|0|2600|0000000000000000000000000000000000000000000000000000000000000000|RICH|1|782|DISP=ACCEPT_INSTALL|DETAIL=rt3_map_g1
0000000000000000000000000000000000000000000000000000000000000000|0000000000000000000000000000000000000000000000000000000000000000|0|3|rt4_TMB-5_MAP_g1_03542.r24|2|1|RICH|784|0|2600|0000000000000000000000000000000000000000000000000000000000000000|RICH|1|784|DISP=ACCEPT_INSTALL|DETAIL=rt3_map_g1
0000000000000000000000000000000000000000000000000000000000000000|0000000000000000000000000000000000000000000000000000000000000000|0|3|rt4_TMB-5_MAP_g1_03543.r24|2|1|RICH|786|0|2600|0000000000000000000000000000000000000000000000000000000000000000|RICH|1|786|DISP=ACCEPT_INSTALL|DETAIL=rt3_map_g1
0000000000000000000000000000000000000000000000000000000000000000|0000000000000000000000000000000000000000000000000000000000000000|0|3|rt4_TMB-5_MAP_g1_03544.r24|2|1|RICH|788|0|2600|0000000000000000000000000000000000000000000000000000000000000000|RICH|1|788|DISP=ACCEPT_INSTALL|DETAIL=rt3_map_g1
0000000000000000000000000000000000000000000000000000000000000000|0000000000000000000000000000000000000000000000000000000000000000|0|3|rt4_TMB-5_MAP_g1_03545.r24|2|1|RICH|790|0|2600|0000000000000000000000000000000000000000000000000000000000000000|RICH|1|790|DISP=ACCEPT_INSTALL|DETAIL=rt3_map_g1
0000000000000000000000000000000000000000000000000000000000000000|0000000000000000000000000000000000000000000000000000000000000000|0|3|rt4_TMB-5_MAP_g1_03546.r24|2|1|RICH|792|0|2600|0000000000000000000000000000000000000000000000000000000000000000|RICH|1|792|DISP=ACCEPT_INSTALL|DETAIL=rt3_map_g1
0000000000000000000000000000000000000000000000000000000000000000|0000000000000000000000000000000000000000000000000000000000000000|0|3|rt4_TMB-5_MAP_g1_03547.r24|2|1|RICH|794|0|2600|0000000000000000000000000000000000000000000000000000000000000000|RICH|1|794|DISP=ACCEPT_INSTALL|DETAIL=rt3_map_g1
0000000000000000000000000000000000000000000000000000000000000000|0000000000000000000000000000000000000000000000000000000000000000|0|3|rt4_TMB-5_MAP_g1_03548.r24|2|1|RICH|796|0|2600|0000000000000000000000000000000000000000000000000000000000000000|RICH|1|796|DISP=ACCEPT_INSTALL|DETAIL=rt3_map_g1
0000000000000000000000000000000000000000000000000000000000000000|0000000000000000000000000000000000000000000000000000000000000000|0|3|rt4_TMB-5_MAP_g1_03549.r24|2|1|RICH|798|0|2600|0000000000000000000000000000000000000000000000000000000000000000|RICH|1|798|DISP=ACCEPT_INSTALL|DETAIL=rt3_map_g1
0000000000000000000000000000000000000000000000000000000000000000|0000000000000000000000000000000000000000000000000000000000000000|0|3|rt4_TMB-5_MAP_g1_03550.r24|2|1|RICH|800|0|2600|0000000000000000000000000000000000000000000000000000000000000000|RICH|1|800|DISP=ACCEPT_INSTALL|DETAIL=rt3_map_g1
0000000000000000000000000000000000000000000000000000000000000000|0000000000000000000000000000000000000000000000000000000000000000|0|3|rt4_TMB-5_MAP_g1_03551.r24|2|1|RICH|802|0|2600|0000000000000000000000000000000000000000000000000000000000000000|RICH|1|802|DISP=ACCEPT_INSTALL|DETAIL=rt3_map_g1
0000000000000000000000000000000000000000000000000000000000000000|0000000000000000000000000000000000000000000000000000000000000000|0|3|rt4_TMB-5_MAP_g1_03552.r24|2|1|RICH|804|0|2600|0000000000000000000000000000000000000000000000000000000000000000|RICH|1|804|DISP=ACCEPT_INSTALL|DETAIL=rt3_map_g1
0000000000000000000000000000000000000000000000000000000000000000|0000000000000000000000000000000000000000000000000000000000000000|0|3|rt4_TMB-5_MAP_g1_03553.r24|2|1|RICH|806|0|2600|0000000000000000000000000000000000000000000000000000000000000000|RICH|1|806|DISP=ACCEPT_INSTALL|DETAIL=rt3_map_g1
0000000000000000000000000000000000000000000000000000000000000000|0000000000000000000000000000000000000000000000000000000000000000|0|3|rt4_TMB-5_MAP_g1_03554.r24|2|1|RICH|808|0|2600|0000000000000000000000000000000000000000000000000000000000000000|RICH|1|808|DISP=ACCEPT_INSTALL|DETAIL=rt3_map_g1
0000000000000000000000000000000000000000000000000000000000000000|0000000000000000000000000000000000000000000000000000000000000000|0|3|rt4_TMB-5_MAP_g1_03555.r24|2|1|RICH|810|0|2600|0000000000000000000000000000000000000000000000000000000000000000|RICH|1|810|DISP=ACCEPT_INSTALL|DETAIL=rt3_map_g1
0000000000000000000000000000000000000000000000000000000000000000|0000000000000000000000000000000000000000000000000000000000000000|0|3|rt4_TMB-5_MAP_g1_03556.r24|2|1|RICH|812|0|2600|0000000000000000000000000000000000000000000000000000000000000000|RICH|1|812|DISP=ACCEPT_INSTALL|DETAIL=rt3_map_g1
0000000000000000000000000000000000000000000000000000000000000000|0000000000000000000000000000000000000000000000000000000000000000|0|3|rt4_TMB-5_MAP_g1_03557.r24|2|1|RICH|814|0|2600|0000000000000000000000000000000000000000000000000000000000000000|RICH|1|814|DISP=ACCEPT_INSTALL|DETAIL=rt3_map_g1
0000000000000000000000000000000000000000000000000000000000000000|0000000000000000000000000000000000000000000000000000000000000000|0|3|rt4_TMB-5_MAP_g1_03558.r24|2|1|RICH|816|0|2600|0000000000000000000000000000000000000000000000000000000000000000|RICH|1|816|DISP=ACCEPT_INSTALL|DETAIL=rt3_map_g1
0000000000000000000000000000000000000000000000000000000000000000|0000000000000000000000000000000000000000000000000000000000000000|0|3|rt4_TMB-5_MAP_g1_03559.r24|2|1|RICH|818|0|2600|0000000000000000000000000000000000000000000000000000000000000000|RICH|1|818|DISP=ACCEPT_INSTALL|DETAIL=rt3_map_g1
0000000000000000000000000000000000000000000000000000000000000000|0000000000000000000000000000000000000000000000000000000000000000|0|3|rt4_TMB-5_MAP_g1_03560.r24|2|1|RICH|820|0|2600|0000000000000000000000000000000000000000000000000000000000000000|RICH|1|820|DISP=ACCEPT_INSTALL|DETAIL=rt3_map_g1
0000000000000000000000000000000000000000000000000000000000000000|0000000000000000000000000000000000000000000000000000000000000000|0|3|rt4_TMB-5_MAP_g1_03561.r24|2|1|RICH|822|0|2600|0000000000000000000000000000000000000000000000000000000000000000|RICH|1|822|DISP=ACCEPT_INSTALL|DETAIL=rt3_map_g1
0000000000000000000000000000000000000000000000000000000000000000|0000000000000000000000000000000000000000000000000000000000000000|0|3|rt4_TMB-5_MAP_g1_03562.r24|2|1|RICH|824|0|2600|0000000000000000000000000000000000000000000000000000000000000000|RICH|1|824|DISP=ACCEPT_INSTALL|DETAIL=rt3_map_g1
0000000000000000000000000000000000000000000000000000000000000000|0000000000000000000000000000000000000000000000000000000000000000|0|3|rt4_TMB-5_MAP_g1_03563.r24|2|1|RICH|826|0|2600|0000000000000000000000000000000000000000000000000000000000000000|RICH|1|826|DISP=ACCEPT_INSTALL|DETAIL=rt3_map_g1
0000000000000000000000000000000000000000000000000000000000000000|0000000000000000000000000000000000000000000000000000000000000000|0|3|rt4_TMB-5_MAP_g1_03564.r24|2|1|RICH|828|0|2600|0000000000000000000000000000000000000000000000000000000000000000|RICH|1|828|DISP=ACCEPT_INSTALL|DETAIL=rt3_map_g1
0000000000000000000000000000000000000000000000000000000000000000|0000000000000000000000000000000000000000000000000000000000000000|0|3|rt4_TMB-5_MAP_g1_03565.r24|2|1|RICH|830|0|2600|0000000000000000000000000000000000000000000000000000000000000000|RICH|1|830|DISP=ACCEPT_INSTALL|DETAIL=rt3_map_g1
0000000000000000000000000000000000000000000000000000000000000000|0000000000000000000000000000000000000000000000000000000000000000|0|3|rt4_TMB-5_MAP_g1_03566.r24|2|1|RICH|832|0|2600|0000000000000000000000000000000000000000000000000000000000000000|RICH|1|832|DISP=ACCEPT_INSTALL|DETAIL=rt3_map_g1
0000000000000000000000000000000000000000000000000000000000000000|0000000000000000000000000000000000000000000000000000000000000000|0|3|rt4_TMB-5_MAP_g1_03567.r24|2|1|RICH|834|0|2600|0000000000000000000000000000000000000000000000000000000000000000|RICH|1|834|DISP=ACCEPT_INSTALL|DETAIL=rt3_map_g1
0000000000000000000000000000000000000000000000000000000000000000|0000000000000000000000000000000000000000000000000000000000000000|0|3|rt4_TMB-5_MAP_g1_03568.r24|2|1|RICH|836|0|2600|0000000000000000000000000000000000000000000000000000000000000000|RICH|1|836|DISP=ACCEPT_INSTALL|DETAIL=rt3_map_g1
0000000000000000000000000000000000000000000000000000000000000000|0000000000000000000000000000000000000000000000000000000000000000|0|3|rt4_TMB-5_MAP_g1_03569.r24|2|1|RICH|838|0|2600|0000000000000000000000000000000000000000000000000000000000000000|RICH|1|838|DISP=ACCEPT_INSTALL|DETAIL=rt3_map_g1
0000000000000000000000000000000000000000000000000000000000000000|0000000000000000000000000000000000000000000000000000000000000000|0|3|rt4_TMB-5_MAP_g1_03570.r24|2|1|RICH|840|0|2600|0000000000000000000000000000000000000000000000000000000000000000|RICH|1|840|DISP=ACCEPT_INSTALL|DETAIL=rt3_map_g1
0000000000000000000000000000000000000000000000000000000000000000|0000000000000000000000000000000000000000000000000000000000000000|0|3|rt4_TMB-5_MAP_g1_03571.r24|2|1|RICH|842|0|2600|0000000000000000000000000000000000000000000000000000000000000000|RICH|1|842|DISP=ACCEPT_INSTALL|DETAIL=rt3_map_g1
0000000000000000000000000000000000000000000000000000000000000000|0000000000000000000000000000000000000000000000000000000000000000|0|3|rt4_TMB-5_MAP_g1_03572.r24|2|1|RICH|844|0|2600|0000000000000000000000000000000000000000000000000000000000000000|RICH|1|844|DISP=ACCEPT_INSTALL|DETAIL=rt3_map_g1
0000000000000000000000000000000000000000000000000000000000000000|0000000000000000000000000000000000000000000000000000000000000000|0|3|rt4_TMB-5_MAP_g1_03573.r24|2|1|RICH|846|0|2600|0000000000000000000000000000000000000000000000000000000000000000|RICH|1|846|DISP=ACCEPT_INSTALL|DETAIL=rt3_map_g1
0000000000000000000000000000000000000000000000000000000000000000|0000000000000000000000000000000000000000000000000000000000000000|0|3|rt4_TMB-5_MAP_g1_03574.r24|2|1|RICH|848|0|2600|0000000000000000000000000000000000000000000000000000000000000000|RICH|1|848|DISP=ACCEPT_INSTALL|DETAIL=rt3_map_g1
0000000000000000000000000000000000000000000000000000000000000000|0000000000000000000000000000000000000000000000000000000000000000|0|3|rt4_TMB-5_MAP_g1_03575.r24|2|1|RICH|850|0|2600|0000000000000000000000000000000000000000000000000000000000000000|RICH|1|850|DISP=ACCEPT_INSTALL|DETAIL=rt3_map_g1
0000000000000000000000000000000000000000000000000000000000000000|0000000000000000000000000000000000000000000000000000000000000000|0|3|rt4_TMB-5_MAP_g1_03576.r24|2|1|RICH|852|0|2600|0000000000000000000000000000000000000000000000000000000000000000|RICH|1|852|DISP=ACCEPT_INSTALL|DETAIL=rt3_map_g1
0000000000000000000000000000000000000000000000000000000000000000|0000000000000000000000000000000000000000000000000000000000000000|0|3|rt4_TMB-5_MAP_g1_03577.r24|2|1|RICH|854|0|2600|0000000000000000000000000000000000000000000000000000000000000000|RICH|1|854|DISP=ACCEPT_INSTALL|DETAIL=rt3_map_g1
0000000000000000000000000000000000000000000000000000000000000000|0000000000000000000000000000000000000000000000000000000000000000|0|3|rt4_TMB-5_MAP_g1_03578.r24|2|1|RICH|856|0|2600|0000000000000000000000000000000000000000000000000000000000000000|RICH|1|856|DISP=ACCEPT_INSTALL|DETAIL=rt3_map_g1
0000000000000000000000000000000000000000000000000000000000000000|0000000000000000000000000000000000000000000000000000000000000000|0|3|rt4_TMB-5_MAP_g1_03579.r24|2|1|RICH|858|0|2600|0000000000000000000000000000000000000000000000000000000000000000|RICH|1|858|DISP=ACCEPT_INSTALL|DETAIL=rt3_map_g1
0000000000000000000000000000000000000000000000000000000000000000|0000000000000000000000000000000000000000000000000000000000000000|0|3|rt4_TMB-5_MAP_g1_03580.r24|2|1|RICH|860|0|2600|0000000000000000000000000000000000000000000000000000000000000000|RICH|1|860|DISP=ACCEPT_INSTALL|DETAIL=rt3_map_g1
0000000000000000000000000000000000000000000000000000000000000000|0000000000000000000000000000000000000000000000000000000000000000|0|3|rt4_TMB-5_MAP_g1_03581.r24|2|1|RICH|862|0|2600|0000000000000000000000000000000000000000000000000000000000000000|RICH|1|862|DISP=ACCEPT_INSTALL|DETAIL=rt3_map_g1
0000000000000000000000000000000000000000000000000000000000000000|0000000000000000000000000000000000000000000000000000000000000000|0|3|rt4_TMB-5_MAP_g1_03582.r24|2|1|RICH|864|0|2600|0000000000000000000000000000000000000000000000000000000000000000|RICH|1|864|DISP=ACCEPT_INSTALL|DETAIL=rt3_map_g1
0000000000000000000000000000000000000000000000000000000000000000|0000000000000000000000000000000000000000000000000000000000000000|0|3|rt4_TMB-5_MAP_g1_03583.r24|2|1|RICH|866|0|2600|0000000000000000000000000000000000000000000000000000000000000000|RICH|1|866|DISP=ACCEPT_INSTALL|DETAIL=rt3_map_g1
0000000000000000000000000000000000000000000000000000000000000000|0000000000000000000000000000000000000000000000000000000000000000|0|3|rt4_TMB-5_MAP_g1_03584.r24|2|1|RICH|868|0|2600|0000000000000000000000000000000000000000000000000000000000000000|RICH|1|868|DISP=ACCEPT_INSTALL|DETAIL=rt3_map_g1
0000000000000000000000000000000000000000000000000000000000000000|0000000000000000000000000000000000000000000000000000000000000000|0|3|rt4_TMB-5_MAP_g1_03585.r24|2|1|RICH|870|0|2600|0000000000000000000000000000000000000000000000000000000000000000|RICH|1|870|DISP=ACCEPT_INSTALL|DETAIL=rt3_map_g1
0000000000000000000000000000000000000000000000000000000000000000|0000000000000000000000000000000000000000000000000000000000000000|0|3|rt4_TMB-5_MAP_g1_03586.r24|2|1|RICH|872|0|2600|0000000000000000000000000000000000000000000000000000000000000000|RICH|1|872|DISP=ACCEPT_INSTALL|DETAIL=rt3_map_g1
0000000000000000000000000000000000000000000000000000000000000000|0000000000000000000000000000000000000000000000000000000000000000|0|3|rt4_TMB-5_MAP_g1_03587.r24|2|1|RICH|874|0|2600|0000000000000000000000000000000000000000000000000000000000000000|RICH|1|874|DISP=ACCEPT_INSTALL|DETAIL=rt3_map_g1
0000000000000000000000000000000000000000000000000000000000000000|0000000000000000000000000000000000000000000000000000000000000000|0|3|rt4_TMB-5_MAP_g1_03588.r24|2|1|RICH|876|0|2600|0000000000000000000000000000000000000000000000000000000000000000|RICH|1|876|DISP=ACCEPT_INSTALL|DETAIL=rt3_map_g1
0000000000000000000000000000000000000000000000000000000000000000|0000000000000000000000000000000000000000000000000000000000000000|0|3|rt4_TMB-5_MAP_g1_03589.r24|2|1|RICH|878|0|2600|0000000000000000000000000000000000000000000000000000000000000000|RICH|1|878|DISP=ACCEPT_INSTALL|DETAIL=rt3_map_g1
0000000000000000000000000000000000000000000000000000000000000000|0000000000000000000000000000000000000000000000000000000000000000|0|3|rt4_TMB-5_MAP_g1_03590.r24|2|1|RICH|880|0|2600|0000000000000000000000000000000000000000000000000000000000000000|RICH|1|880|DISP=ACCEPT_INSTALL|DETAIL=rt3_map_g1
0000000000000000000000000000000000000000000000000000000000000000|0000000000000000000000000000000000000000000000000000000000000000|0|3|rt4_TMB-5_MAP_g1_03591.r24|2|1|RICH|540|0|2610|0000000000000000000000000000000000000000000000000000000000000000|RICH|1|540|DISP=ACCEPT_INSTALL|DETAIL=rt3_map_g1
0000000000000000000000000000000000000000000000000000000000000000|0000000000000000000000000000000000000000000000000000000000000000|0|3|rt4_TMB-5_MAP_g1_03592.r24|2|1|RICH|542|0|2610|0000000000000000000000000000000000000000000000000000000000000000|RICH|1|542|DISP=ACCEPT_INSTALL|DETAIL=rt3_map_g1
0000000000000000000000000000000000000000000000000000000000000000|0000000000000000000000000000000000000000000000000000000000000000|0|3|rt4_TMB-5_MAP_g1_03593.r24|2|1|RICH|544|0|2610|0000000000000000000000000000000000000000000000000000000000000000|RICH|1|544|DISP=ACCEPT_INSTALL|DETAIL=rt3_map_g1
0000000000000000000000000000000000000000000000000000000000000000|0000000000000000000000000000000000000000000000000000000000000000|0|3|rt4_TMB-5_MAP_g1_03594.r24|2|1|RICH|546|0|2610|0000000000000000000000000000000000000000000000000000000000000000|RICH|1|546|DISP=ACCEPT_INSTALL|DETAIL=rt3_map_g1
0000000000000000000000000000000000000000000000000000000000000000|0000000000000000000000000000000000000000000000000000000000000000|0|3|rt4_TMB-5_MAP_g1_03595.r24|2|1|RICH|548|0|2610|0000000000000000000000000000000000000000000000000000000000000000|RICH|1|548|DISP=ACCEPT_INSTALL|DETAIL=rt3_map_g1
0000000000000000000000000000000000000000000000000000000000000000|0000000000000000000000000000000000000000000000000000000000000000|0|3|rt4_TMB-5_MAP_g1_03596.r24|2|1|RICH|550|0|2610|0000000000000000000000000000000000000000000000000000000000000000|RICH|1|550|DISP=ACCEPT_INSTALL|DETAIL=rt3_map_g1
0000000000000000000000000000000000000000000000000000000000000000|0000000000000000000000000000000000000000000000000000000000000000|0|3|rt4_TMB-5_MAP_g1_03597.r24|2|1|RICH|552|0|2610|0000000000000000000000000000000000000000000000000000000000000000|RICH|1|552|DISP=ACCEPT_INSTALL|DETAIL=rt3_map_g1
0000000000000000000000000000000000000000000000000000000000000000|0000000000000000000000000000000000000000000000000000000000000000|0|3|rt4_TMB-5_MAP_g1_03598.r24|2|1|RICH|554|0|2610|0000000000000000000000000000000000000000000000000000000000000000|RICH|1|554|DISP=ACCEPT_INSTALL|DETAIL=rt3_map_g1
0000000000000000000000000000000000000000000000000000000000000000|0000000000000000000000000000000000000000000000000000000000000000|0|3|rt4_TMB-5_MAP_g1_03599.r24|2|1|RICH|556|0|2610|0000000000000000000000000000000000000000000000000000000000000000|RICH|1|556|DISP=ACCEPT_INSTALL|DETAIL=rt3_map_g1
0000000000000000000000000000000000000000000000000000000000000000|0000000000000000000000000000000000000000000000000000000000000000|0|3|rt4_TMB-5_MAP_g1_03600.r24|2|1|RICH|558|0|2610|0000000000000000000000000000000000000000000000000000000000000000|RICH|1|558|DISP=ACCEPT_INSTALL|DETAIL=rt3_map_g1
0000000000000000000000000000000000000000000000000000000000000000|0000000000000000000000000000000000000000000000000000000000000000|0|3|rt4_TMB-5_MAP_g1_03601.r24|2|1|RICH|560|0|2610|0000000000000000000000000000000000000000000000000000000000000000|RICH|1|560|DISP=ACCEPT_INSTALL|DETAIL=rt3_map_g1
0000000000000000000000000000000000000000000000000000000000000000|0000000000000000000000000000000000000000000000000000000000000000|0|3|rt4_TMB-5_MAP_g1_03602.r24|2|1|RICH|562|0|2610|0000000000000000000000000000000000000000000000000000000000000000|RICH|1|562|DISP=ACCEPT_INSTALL|DETAIL=rt3_map_g1
0000000000000000000000000000000000000000000000000000000000000000|0000000000000000000000000000000000000000000000000000000000000000|0|3|rt4_TMB-5_MAP_g1_03603.r24|2|1|RICH|564|0|2610|0000000000000000000000000000000000000000000000000000000000000000|RICH|1|564|DISP=ACCEPT_INSTALL|DETAIL=rt3_map_g1
0000000000000000000000000000000000000000000000000000000000000000|0000000000000000000000000000000000000000000000000000000000000000|0|3|rt4_TMB-5_MAP_g1_03604.r24|2|1|RICH|566|0|2610|0000000000000000000000000000000000000000000000000000000000000000|RICH|1|566|DISP=ACCEPT_INSTALL|DETAIL=rt3_map_g1
0000000000000000000000000000000000000000000000000000000000000000|0000000000000000000000000000000000000000000000000000000000000000|0|3|rt4_TMB-5_MAP_g1_03605.r24|2|1|RICH|568|0|2610|0000000000000000000000000000000000000000000000000000000000000000|RICH|1|568|DISP=ACCEPT_INSTALL|DETAIL=rt3_map_g1
0000000000000000000000000000000000000000000000000000000000000000|0000000000000000000000000000000000000000000000000000000000000000|0|3|rt4_TMB-5_MAP_g1_03606.r24|2|1|RICH|570|0|2610|0000000000000000000000000000000000000000000000000000000000000000|RICH|1|570|DISP=ACCEPT_INSTALL|DETAIL=rt3_map_g1
0000000000000000000000000000000000000000000000000000000000000000|0000000000000000000000000000000000000000000000000000000000000000|0|3|rt4_TMB-5_MAP_g1_03607.r24|2|1|RICH|572|0|2610|0000000000000000000000000000000000000000000000000000000000000000|RICH|1|572|DISP=ACCEPT_INSTALL|DETAIL=rt3_map_g1
0000000000000000000000000000000000000000000000000000000000000000|0000000000000000000000000000000000000000000000000000000000000000|0|3|rt4_TMB-5_MAP_g1_03608.r24|2|1|RICH|574|0|2610|0000000000000000000000000000000000000000000000000000000000000000|RICH|1|574|DISP=ACCEPT_INSTALL|DETAIL=rt3_map_g1
0000000000000000000000000000000000000000000000000000000000000000|0000000000000000000000000000000000000000000000000000000000000000|0|3|rt4_TMB-5_MAP_g1_03609.r24|2|1|RICH|576|0|2610|0000000000000000000000000000000000000000000000000000000000000000|RICH|1|576|DISP=ACCEPT_INSTALL|DETAIL=rt3_map_g1
0000000000000000000000000000000000000000000000000000000000000000|0000000000000000000000000000000000000000000000000000000000000000|0|3|rt4_TMB-5_MAP_g1_03610.r24|2|1|RICH|578|0|2610|0000000000000000000000000000000000000000000000000000000000000000|RICH|1|578|DISP=ACCEPT_INSTALL|DETAIL=rt3_map_g1
0000000000000000000000000000000000000000000000000000000000000000|0000000000000000000000000000000000000000000000000000000000000000|0|3|rt4_TMB-5_MAP_g1_03611.r24|2|1|RICH|580|0|2610|0000000000000000000000000000000000000000000000000000000000000000|RICH|1|580|DISP=ACCEPT_INSTALL|DETAIL=rt3_map_g1
0000000000000000000000000000000000000000000000000000000000000000|0000000000000000000000000000000000000000000000000000000000000000|0|3|rt4_TMB-5_MAP_g1_03612.r24|2|1|RICH|582|0|2610|0000000000000000000000000000000000000000000000000000000000000000|RICH|1|582|DISP=ACCEPT_INSTALL|DETAIL=rt3_map_g1
0000000000000000000000000000000000000000000000000000000000000000|0000000000000000000000000000000000000000000000000000000000000000|0|3|rt4_TMB-5_MAP_g1_03613.r24|2|1|RICH|584|0|2610|0000000000000000000000000000000000000000000000000000000000000000|RICH|1|584|DISP=ACCEPT_INSTALL|DETAIL=rt3_map_g1
0000000000000000000000000000000000000000000000000000000000000000|0000000000000000000000000000000000000000000000000000000000000000|0|3|rt4_TMB-5_MAP_g1_03614.r24|2|1|RICH|586|0|2610|0000000000000000000000000000000000000000000000000000000000000000|RICH|1|586|DISP=ACCEPT_INSTALL|DETAIL=rt3_map_g1
0000000000000000000000000000000000000000000000000000000000000000|0000000000000000000000000000000000000000000000000000000000000000|0|3|rt4_TMB-5_MAP_g1_03615.r24|2|1|RICH|588|0|2610|0000000000000000000000000000000000000000000000000000000000000000|RICH|1|588|DISP=ACCEPT_INSTALL|DETAIL=rt3_map_g1
0000000000000000000000000000000000000000000000000000000000000000|0000000000000000000000000000000000000000000000000000000000000000|0|3|rt4_TMB-5_MAP_g1_03616.r24|2|1|RICH|590|0|2610|0000000000000000000000000000000000000000000000000000000000000000|RICH|1|590|DISP=ACCEPT_INSTALL|DETAIL=rt3_map_g1
0000000000000000000000000000000000000000000000000000000000000000|0000000000000000000000000000000000000000000000000000000000000000|0|3|rt4_TMB-5_MAP_g1_03617.r24|2|1|RICH|592|0|2610|0000000000000000000000000000000000000000000000000000000000000000|RICH|1|592|DISP=ACCEPT_INSTALL|DETAIL=rt3_map_g1
0000000000000000000000000000000000000000000000000000000000000000|0000000000000000000000000000000000000000000000000000000000000000|0|3|rt4_TMB-5_MAP_g1_03618.r24|2|1|RICH|594|0|2610|0000000000000000000000000000000000000000000000000000000000000000|RICH|1|594|DISP=ACCEPT_INSTALL|DETAIL=rt3_map_g1
0000000000000000000000000000000000000000000000000000000000000000|0000000000000000000000000000000000000000000000000000000000000000|0|3|rt4_TMB-5_MAP_g1_03619.r24|2|1|RICH|596|0|2610|0000000000000000000000000000000000000000000000000000000000000000|RICH|1|596|DISP=ACCEPT_INSTALL|DETAIL=rt3_map_g1
0000000000000000000000000000000000000000000000000000000000000000|0000000000000000000000000000000000000000000000000000000000000000|0|3|rt4_TMB-5_MAP_g1_03620.r24|2|1|RICH|598|0|2610|0000000000000000000000000000000000000000000000000000000000000000|RICH|1|598|DISP=ACCEPT_INSTALL|DETAIL=rt3_map_g1
0000000000000000000000000000000000000000000000000000000000000000|0000000000000000000000000000000000000000000000000000000000000000|0|3|rt4_TMB-5_MAP_g1_03621.r24|2|1|RICH|600|0|2610|0000000000000000000000000000000000000000000000000000000000000000|RICH|1|600|DISP=ACCEPT_INSTALL|DETAIL=rt3_map_g1
0000000000000000000000000000000000000000000000000000000000000000|0000000000000000000000000000000000000000000000000000000000000000|0|3|rt4_TMB-5_MAP_g1_03622.r24|2|1|RICH|602|0|2610|0000000000000000000000000000000000000000000000000000000000000000|RICH|1|602|DISP=ACCEPT_INSTALL|DETAIL=rt3_map_g1
0000000000000000000000000000000000000000000000000000000000000000|0000000000000000000000000000000000000000000000000000000000000000|0|3|rt4_TMB-5_MAP_g1_03623.r24|2|1|RICH|604|0|2610|0000000000000000000000000000000000000000000000000000000000000000|RICH|1|604|DISP=ACCEPT_INSTALL|DETAIL=rt3_map_g1
0000000000000000000000000000000000000000000000000000000000000000|0000000000000000000000000000000000000000000000000000000000000000|0|3|rt4_TMB-5_MAP_g1_03624.r24|2|1|RICH|606|0|2610|0000000000000000000000000000000000000000000000000000000000000000|RICH|1|606|DISP=ACCEPT_INSTALL|DETAIL=rt3_map_g1
0000000000000000000000000000000000000000000000000000000000000000|0000000000000000000000000000000000000000000000000000000000000000|0|3|rt4_TMB-5_MAP_g1_03625.r24|2|1|RICH|608|0|2610|0000000000000000000000000000000000000000000000000000000000000000|RICH|1|608|DISP=ACCEPT_INSTALL|DETAIL=rt3_map_g1
0000000000000000000000000000000000000000000000000000000000000000|0000000000000000000000000000000000000000000000000000000000000000|0|3|rt4_TMB-5_MAP_g1_03626.r24|2|1|RICH|610|0|2610|0000000000000000000000000000000000000000000000000000000000000000|RICH|1|610|DISP=ACCEPT_INSTALL|DETAIL=rt3_map_g1
0000000000000000000000000000000000000000000000000000000000000000|0000000000000000000000000000000000000000000000000000000000000000|0|3|rt4_TMB-5_MAP_g1_03627.r24|2|1|RICH|612|0|2610|0000000000000000000000000000000000000000000000000000000000000000|RICH|1|612|DISP=ACCEPT_INSTALL|DETAIL=rt3_map_g1
0000000000000000000000000000000000000000000000000000000000000000|0000000000000000000000000000000000000000000000000000000000000000|0|3|rt4_TMB-5_MAP_g1_03628.r24|2|1|RICH|614|0|2610|0000000000000000000000000000000000000000000000000000000000000000|RICH|1|614|DISP=ACCEPT_INSTALL|DETAIL=rt3_map_g1
0000000000000000000000000000000000000000000000000000000000000000|0000000000000000000000000000000000000000000000000000000000000000|0|3|rt4_TMB-5_MAP_g1_03629.r24|2|1|RICH|616|0|2610|0000000000000000000000000000000000000000000000000000000000000000|RICH|1|616|DISP=ACCEPT_INSTALL|DETAIL=rt3_map_g1
0000000000000000000000000000000000000000000000000000000000000000|0000000000000000000000000000000000000000000000000000000000000000|0|3|rt4_TMB-5_MAP_g1_03630.r24|2|1|RICH|618|0|2610|0000000000000000000000000000000000000000000000000000000000000000|RICH|1|618|DISP=ACCEPT_INSTALL|DETAIL=rt3_map_g1
0000000000000000000000000000000000000000000000000000000000000000|0000000000000000000000000000000000000000000000000000000000000000|0|3|rt4_TMB-5_MAP_g1_03631.r24|2|1|RICH|620|0|2610|0000000000000000000000000000000000000000000000000000000000000000|RICH|1|620|DISP=ACCEPT_INSTALL|DETAIL=rt3_map_g1
0000000000000000000000000000000000000000000000000000000000000000|0000000000000000000000000000000000000000000000000000000000000000|0|3|rt4_TMB-5_MAP_g1_03632.r24|2|1|RICH|622|0|2610|0000000000000000000000000000000000000000000000000000000000000000|RICH|1|622|DISP=ACCEPT_INSTALL|DETAIL=rt3_map_g1
0000000000000000000000000000000000000000000000000000000000000000|0000000000000000000000000000000000000000000000000000000000000000|0|3|rt4_TMB-5_MAP_g1_03633.r24|2|1|RICH|624|0|2610|0000000000000000000000000000000000000000000000000000000000000000|RICH|1|624|DISP=ACCEPT_INSTALL|DETAIL=rt3_map_g1
0000000000000000000000000000000000000000000000000000000000000000|0000000000000000000000000000000000000000000000000000000000000000|0|3|rt4_TMB-5_MAP_g1_03634.r24|2|1|RICH|626|0|2610|0000000000000000000000000000000000000000000000000000000000000000|RICH|1|626|DISP=ACCEPT_INSTALL|DETAIL=rt3_map_g1
0000000000000000000000000000000000000000000000000000000000000000|0000000000000000000000000000000000000000000000000000000000000000|0|3|rt4_TMB-5_MAP_g1_03635.r24|2|1|RICH|628|0|2610|0000000000000000000000000000000000000000000000000000000000000000|RICH|1|628|DISP=ACCEPT_INSTALL|DETAIL=rt3_map_g1
0000000000000000000000000000000000000000000000000000000000000000|0000000000000000000000000000000000000000000000000000000000000000|0|3|rt4_TMB-5_MAP_g1_03636.r24|2|1|RICH|630|0|2610|0000000000000000000000000000000000000000000000000000000000000000|RICH|1|630|DISP=ACCEPT_INSTALL|DETAIL=rt3_map_g1
0000000000000000000000000000000000000000000000000000000000000000|0000000000000000000000000000000000000000000000000000000000000000|0|3|rt4_TMB-5_MAP_g1_03637.r24|2|1|RICH|632|0|2610|0000000000000000000000000000000000000000000000000000000000000000|RICH|1|632|DISP=ACCEPT_INSTALL|DETAIL=rt3_map_g1
0000000000000000000000000000000000000000000000000000000000000000|0000000000000000000000000000000000000000000000000000000000000000|0|3|rt4_TMB-5_MAP_g1_03638.r24|2|1|RICH|634|0|2610|0000000000000000000000000000000000000000000000000000000000000000|RICH|1|634|DISP=ACCEPT_INSTALL|DETAIL=rt3_map_g1
0000000000000000000000000000000000000000000000000000000000000000|0000000000000000000000000000000000000000000000000000000000000000|0|3|rt4_TMB-5_MAP_g1_03639.r24|2|1|RICH|636|0|2610|0000000000000000000000000000000000000000000000000000000000000000|RICH|1|636|DISP=ACCEPT_INSTALL|DETAIL=rt3_map_g1
0000000000000000000000000000000000000000000000000000000000000000|0000000000000000000000000000000000000000000000000000000000000000|0|3|rt4_TMB-5_MAP_g1_03640.r24|2|1|RICH|638|0|2610|0000000000000000000000000000000000000000000000000000000000000000|RICH|1|638|DISP=ACCEPT_INSTALL|DETAIL=rt3_map_g1
0000000000000000000000000000000000000000000000000000000000000000|0000000000000000000000000000000000000000000000000000000000000000|0|3|rt4_TMB-5_MAP_g1_03641.r24|2|1|RICH|640|0|2610|0000000000000000000000000000000000000000000000000000000000000000|RICH|1|640|DISP=ACCEPT_INSTALL|DETAIL=rt3_map_g1
0000000000000000000000000000000000000000000000000000000000000000|0000000000000000000000000000000000000000000000000000000000000000|0|3|rt4_TMB-5_MAP_g1_03642.r24|2|1|RICH|642|0|2610|0000000000000000000000000000000000000000000000000000000000000000|RICH|1|642|DISP=ACCEPT_INSTALL|DETAIL=rt3_map_g1
0000000000000000000000000000000000000000000000000000000000000000|0000000000000000000000000000000000000000000000000000000000000000|0|3|rt4_TMB-5_MAP_g1_03643.r24|2|1|RICH|644|0|2610|0000000000000000000000000000000000000000000000000000000000000000|RICH|1|644|DISP=ACCEPT_INSTALL|DETAIL=rt3_map_g1
0000000000000000000000000000000000000000000000000000000000000000|0000000000000000000000000000000000000000000000000000000000000000|0|3|rt4_TMB-5_MAP_g1_03644.r24|2|1|RICH|646|0|2610|0000000000000000000000000000000000000000000000000000000000000000|RICH|1|646|DISP=ACCEPT_INSTALL|DETAIL=rt3_map_g1
0000000000000000000000000000000000000000000000000000000000000000|0000000000000000000000000000000000000000000000000000000000000000|0|3|rt4_TMB-5_MAP_g1_03645.r24|2|1|RICH|648|0|2610|0000000000000000000000000000000000000000000000000000000000000000|RICH|1|648|DISP=ACCEPT_INSTALL|DETAIL=rt3_map_g1
0000000000000000000000000000000000000000000000000000000000000000|0000000000000000000000000000000000000000000000000000000000000000|0|3|rt4_TMB-5_MAP_g1_03646.r24|2|1|RICH|650|0|2610|0000000000000000000000000000000000000000000000000000000000000000|RICH|1|650|DISP=ACCEPT_INSTALL|DETAIL=rt3_map_g1
0000000000000000000000000000000000000000000000000000000000000000|0000000000000000000000000000000000000000000000000000000000000000|0|3|rt4_TMB-5_MAP_g1_03647.r24|2|1|RICH|652|0|2610|0000000000000000000000000000000000000000000000000000000000000000|RICH|1|652|DISP=ACCEPT_INSTALL|DETAIL=rt3_map_g1
0000000000000000000000000000000000000000000000000000000000000000|0000000000000000000000000000000000000000000000000000000000000000|0|3|rt4_TMB-5_MAP_g1_03648.r24|2|1|RICH|654|0|2610|0000000000000000000000000000000000000000000000000000000000000000|RICH|1|654|DISP=ACCEPT_INSTALL|DETAIL=rt3_map_g1
0000000000000000000000000000000000000000000000000000000000000000|0000000000000000000000000000000000000000000000000000000000000000|0|3|rt4_TMB-5_MAP_g1_03649.r24|2|1|RICH|656|0|2610|0000000000000000000000000000000000000000000000000000000000000000|RICH|1|656|DISP=ACCEPT_INSTALL|DETAIL=rt3_map_g1
0000000000000000000000000000000000000000000000000000000000000000|0000000000000000000000000000000000000000000000000000000000000000|0|3|rt4_TMB-5_MAP_g1_03650.r24|2|1|RICH|658|0|2610|0000000000000000000000000000000000000000000000000000000000000000|RICH|1|658|DISP=ACCEPT_INSTALL|DETAIL=rt3_map_g1
0000000000000000000000000000000000000000000000000000000000000000|0000000000000000000000000000000000000000000000000000000000000000|0|3|rt4_TMB-5_MAP_g1_03651.r24|2|1|RICH|660|0|2610|0000000000000000000000000000000000000000000000000000000000000000|RICH|1|660|DISP=ACCEPT_INSTALL|DETAIL=rt3_map_g1
0000000000000000000000000000000000000000000000000000000000000000|0000000000000000000000000000000000000000000000000000000000000000|0|3|rt4_TMB-5_MAP_g1_03652.r24|2|1|RICH|662|0|2610|0000000000000000000000000000000000000000000000000000000000000000|RICH|1|662|DISP=ACCEPT_INSTALL|DETAIL=rt3_map_g1
0000000000000000000000000000000000000000000000000000000000000000|0000000000000000000000000000000000000000000000000000000000000000|0|3|rt4_TMB-5_MAP_g1_03653.r24|2|1|RICH|664|0|2610|0000000000000000000000000000000000000000000000000000000000000000|RICH|1|664|DISP=ACCEPT_INSTALL|DETAIL=rt3_map_g1
0000000000000000000000000000000000000000000000000000000000000000|0000000000000000000000000000000000000000000000000000000000000000|0|3|rt4_TMB-5_MAP_g1_03654.r24|2|1|RICH|666|0|2610|0000000000000000000000000000000000000000000000000000000000000000|RICH|1|666|DISP=ACCEPT_INSTALL|DETAIL=rt3_map_g1
0000000000000000000000000000000000000000000000000000000000000000|0000000000000000000000000000000000000000000000000000000000000000|0|3|rt4_TMB-5_MAP_g1_03655.r24|2|1|RICH|668|0|2610|0000000000000000000000000000000000000000000000000000000000000000|RICH|1|668|DISP=ACCEPT_INSTALL|DETAIL=rt3_map_g1
0000000000000000000000000000000000000000000000000000000000000000|0000000000000000000000000000000000000000000000000000000000000000|0|3|rt4_TMB-5_MAP_g1_03656.r24|2|1|RICH|670|0|2610|0000000000000000000000000000000000000000000000000000000000000000|RICH|1|670|DISP=ACCEPT_INSTALL|DETAIL=rt3_map_g1
0000000000000000000000000000000000000000000000000000000000000000|0000000000000000000000000000000000000000000000000000000000000000|0|3|rt4_TMB-5_MAP_g1_03657.r24|2|1|RICH|672|0|2610|0000000000000000000000000000000000000000000000000000000000000000|RICH|1|672|DISP=ACCEPT_INSTALL|DETAIL=rt3_map_g1
0000000000000000000000000000000000000000000000000000000000000000|0000000000000000000000000000000000000000000000000000000000000000|0|3|rt4_TMB-5_MAP_g1_03658.r24|2|1|RICH|674|0|2610|0000000000000000000000000000000000000000000000000000000000000000|RICH|1|674|DISP=ACCEPT_INSTALL|DETAIL=rt3_map_g1
0000000000000000000000000000000000000000000000000000000000000000|0000000000000000000000000000000000000000000000000000000000000000|0|3|rt4_TMB-5_MAP_g1_03659.r24|2|1|RICH|676|0|2610|0000000000000000000000000000000000000000000000000000000000000000|RICH|1|676|DISP=ACCEPT_INSTALL|DETAIL=rt3_map_g1
0000000000000000000000000000000000000000000000000000000000000000|0000000000000000000000000000000000000000000000000000000000000000|0|3|rt4_TMB-5_MAP_g1_03660.r24|2|1|RICH|678|0|2610|0000000000000000000000000000000000000000000000000000000000000000|RICH|1|678|DISP=ACCEPT_INSTALL|DETAIL=rt3_map_g1
0000000000000000000000000000000000000000000000000000000000000000|0000000000000000000000000000000000000000000000000000000000000000|0|3|rt4_TMB-5_MAP_g1_03661.r24|2|1|RICH|680|0|2610|0000000000000000000000000000000000000000000000000000000000000000|RICH|1|680|DISP=ACCEPT_INSTALL|DETAIL=rt3_map_g1
0000000000000000000000000000000000000000000000000000000000000000|0000000000000000000000000000000000000000000000000000000000000000|0|3|rt4_TMB-5_MAP_g1_03662.r24|2|1|RICH|682|0|2610|0000000000000000000000000000000000000000000000000000000000000000|RICH|1|682|DISP=ACCEPT_INSTALL|DETAIL=rt3_map_g1
0000000000000000000000000000000000000000000000000000000000000000|0000000000000000000000000000000000000000000000000000000000000000|0|3|rt4_TMB-5_MAP_g1_03663.r24|2|1|RICH|684|0|2610|0000000000000000000000000000000000000000000000000000000000000000|RICH|1|684|DISP=ACCEPT_INSTALL|DETAIL=rt3_map_g1
0000000000000000000000000000000000000000000000000000000000000000|0000000000000000000000000000000000000000000000000000000000000000|0|3|rt4_TMB-5_MAP_g1_03664.r24|2|1|RICH|686|0|2610|0000000000000000000000000000000000000000000000000000000000000000|RICH|1|686|DISP=ACCEPT_INSTALL|DETAIL=rt3_map_g1
0000000000000000000000000000000000000000000000000000000000000000|0000000000000000000000000000000000000000000000000000000000000000|0|3|rt4_TMB-5_MAP_g1_03665.r24|2|1|RICH|688|0|2610|0000000000000000000000000000000000000000000000000000000000000000|RICH|1|688|DISP=ACCEPT_INSTALL|DETAIL=rt3_map_g1
0000000000000000000000000000000000000000000000000000000000000000|0000000000000000000000000000000000000000000000000000000000000000|0|3|rt4_TMB-5_MAP_g1_03666.r24|2|1|RICH|690|0|2610|0000000000000000000000000000000000000000000000000000000000000000|RICH|1|690|DISP=ACCEPT_INSTALL|DETAIL=rt3_map_g1
0000000000000000000000000000000000000000000000000000000000000000|0000000000000000000000000000000000000000000000000000000000000000|0|3|rt4_TMB-5_MAP_g1_03667.r24|2|1|RICH|692|0|2610|0000000000000000000000000000000000000000000000000000000000000000|RICH|1|692|DISP=ACCEPT_INSTALL|DETAIL=rt3_map_g1
0000000000000000000000000000000000000000000000000000000000000000|0000000000000000000000000000000000000000000000000000000000000000|0|3|rt4_TMB-5_MAP_g1_03668.r24|2|1|RICH|694|0|2610|0000000000000000000000000000000000000000000000000000000000000000|RICH|1|694|DISP=ACCEPT_INSTALL|DETAIL=rt3_map_g1
0000000000000000000000000000000000000000000000000000000000000000|0000000000000000000000000000000000000000000000000000000000000000|0|3|rt4_TMB-5_MAP_g1_03669.r24|2|1|RICH|696|0|2610|0000000000000000000000000000000000000000000000000000000000000000|RICH|1|696|DISP=ACCEPT_INSTALL|DETAIL=rt3_map_g1
0000000000000000000000000000000000000000000000000000000000000000|0000000000000000000000000000000000000000000000000000000000000000|0|3|rt4_TMB-5_MAP_g1_03670.r24|2|1|RICH|698|0|2610|0000000000000000000000000000000000000000000000000000000000000000|RICH|1|698|DISP=ACCEPT_INSTALL|DETAIL=rt3_map_g1
0000000000000000000000000000000000000000000000000000000000000000|0000000000000000000000000000000000000000000000000000000000000000|0|3|rt4_TMB-5_MAP_g1_03671.r24|2|1|RICH|700|0|2610|0000000000000000000000000000000000000000000000000000000000000000|RICH|1|700|DISP=ACCEPT_INSTALL|DETAIL=rt3_map_g1
0000000000000000000000000000000000000000000000000000000000000000|0000000000000000000000000000000000000000000000000000000000000000|0|3|rt4_TMB-5_MAP_g1_03672.r24|2|1|RICH|702|0|2610|0000000000000000000000000000000000000000000000000000000000000000|RICH|1|702|DISP=ACCEPT_INSTALL|DETAIL=rt3_map_g1
0000000000000000000000000000000000000000000000000000000000000000|0000000000000000000000000000000000000000000000000000000000000000|0|3|rt4_TMB-5_MAP_g1_03673.r24|2|1|RICH|704|0|2610|0000000000000000000000000000000000000000000000000000000000000000|RICH|1|704|DISP=ACCEPT_INSTALL|DETAIL=rt3_map_g1
0000000000000000000000000000000000000000000000000000000000000000|0000000000000000000000000000000000000000000000000000000000000000|0|3|rt4_TMB-5_MAP_g1_03674.r24|2|1|RICH|706|0|2610|0000000000000000000000000000000000000000000000000000000000000000|RICH|1|706|DISP=ACCEPT_INSTALL|DETAIL=rt3_map_g1
0000000000000000000000000000000000000000000000000000000000000000|0000000000000000000000000000000000000000000000000000000000000000|0|3|rt4_TMB-5_MAP_g1_03675.r24|2|1|RICH|708|0|2610|0000000000000000000000000000000000000000000000000000000000000000|RICH|1|708|DISP=ACCEPT_INSTALL|DETAIL=rt3_map_g1
0000000000000000000000000000000000000000000000000000000000000000|0000000000000000000000000000000000000000000000000000000000000000|0|3|rt4_TMB-5_MAP_g1_03676.r24|2|1|RICH|710|0|2610|0000000000000000000000000000000000000000000000000000000000000000|RICH|1|710|DISP=ACCEPT_INSTALL|DETAIL=rt3_map_g1
0000000000000000000000000000000000000000000000000000000000000000|0000000000000000000000000000000000000000000000000000000000000000|0|3|rt4_TMB-5_MAP_g1_03677.r24|2|1|RICH|712|0|2610|0000000000000000000000000000000000000000000000000000000000000000|RICH|1|712|DISP=ACCEPT_INSTALL|DETAIL=rt3_map_g1
0000000000000000000000000000000000000000000000000000000000000000|0000000000000000000000000000000000000000000000000000000000000000|0|3|rt4_TMB-5_MAP_g1_03678.r24|2|1|RICH|714|0|2610|0000000000000000000000000000000000000000000000000000000000000000|RICH|1|714|DISP=ACCEPT_INSTALL|DETAIL=rt3_map_g1
0000000000000000000000000000000000000000000000000000000000000000|0000000000000000000000000000000000000000000000000000000000000000|0|3|rt4_TMB-5_MAP_g1_03679.r24|2|1|RICH|716|0|2610|0000000000000000000000000000000000000000000000000000000000000000|RICH|1|716|DISP=ACCEPT_INSTALL|DETAIL=rt3_map_g1
0000000000000000000000000000000000000000000000000000000000000000|0000000000000000000000000000000000000000000000000000000000000000|0|3|rt4_TMB-5_MAP_g1_03680.r24|2|1|RICH|718|0|2610|0000000000000000000000000000000000000000000000000000000000000000|RICH|1|718|DISP=ACCEPT_INSTALL|DETAIL=rt3_map_g1
0000000000000000000000000000000000000000000000000000000000000000|0000000000000000000000000000000000000000000000000000000000000000|0|3|rt4_TMB-5_MAP_g1_03681.r24|2|1|RICH|720|0|2610|0000000000000000000000000000000000000000000000000000000000000000|RICH|1|720|DISP=ACCEPT_INSTALL|DETAIL=rt3_map_g1
0000000000000000000000000000000000000000000000000000000000000000|0000000000000000000000000000000000000000000000000000000000000000|0|3|rt4_TMB-5_MAP_g1_03682.r24|2|1|RICH|722|0|2610|0000000000000000000000000000000000000000000000000000000000000000|RICH|1|722|DISP=ACCEPT_INSTALL|DETAIL=rt3_map_g1
0000000000000000000000000000000000000000000000000000000000000000|0000000000000000000000000000000000000000000000000000000000000000|0|3|rt4_TMB-5_MAP_g1_03683.r24|2|1|RICH|724|0|2610|0000000000000000000000000000000000000000000000000000000000000000|RICH|1|724|DISP=ACCEPT_INSTALL|DETAIL=rt3_map_g1
0000000000000000000000000000000000000000000000000000000000000000|0000000000000000000000000000000000000000000000000000000000000000|0|3|rt4_TMB-5_MAP_g1_03684.r24|2|1|RICH|726|0|2610|0000000000000000000000000000000000000000000000000000000000000000|RICH|1|726|DISP=ACCEPT_INSTALL|DETAIL=rt3_map_g1
0000000000000000000000000000000000000000000000000000000000000000|0000000000000000000000000000000000000000000000000000000000000000|0|3|rt4_TMB-5_MAP_g1_03685.r24|2|1|RICH|728|0|2610|0000000000000000000000000000000000000000000000000000000000000000|RICH|1|728|DISP=ACCEPT_INSTALL|DETAIL=rt3_map_g1
0000000000000000000000000000000000000000000000000000000000000000|0000000000000000000000000000000000000000000000000000000000000000|0|3|rt4_TMB-5_MAP_g1_03686.r24|2|1|RICH|730|0|2610|0000000000000000000000000000000000000000000000000000000000000000|RICH|1|730|DISP=ACCEPT_INSTALL|DETAIL=rt3_map_g1
0000000000000000000000000000000000000000000000000000000000000000|0000000000000000000000000000000000000000000000000000000000000000|0|3|rt4_TMB-5_MAP_g1_03687.r24|2|1|RICH|732|0|2610|0000000000000000000000000000000000000000000000000000000000000000|RICH|1|732|DISP=ACCEPT_INSTALL|DETAIL=rt3_map_g1
0000000000000000000000000000000000000000000000000000000000000000|0000000000000000000000000000000000000000000000000000000000000000|0|3|rt4_TMB-5_MAP_g1_03688.r24|2|1|RICH|734|0|2610|0000000000000000000000000000000000000000000000000000000000000000|RICH|1|734|DISP=ACCEPT_INSTALL|DETAIL=rt3_map_g1
0000000000000000000000000000000000000000000000000000000000000000|0000000000000000000000000000000000000000000000000000000000000000|0|3|rt4_TMB-5_MAP_g1_03689.r24|2|1|RICH|736|0|2610|0000000000000000000000000000000000000000000000000000000000000000|RICH|1|736|DISP=ACCEPT_INSTALL|DETAIL=rt3_map_g1
0000000000000000000000000000000000000000000000000000000000000000|0000000000000000000000000000000000000000000000000000000000000000|0|3|rt4_TMB-5_MAP_g1_03690.r24|2|1|RICH|738|0|2610|0000000000000000000000000000000000000000000000000000000000000000|RICH|1|738|DISP=ACCEPT_INSTALL|DETAIL=rt3_map_g1
0000000000000000000000000000000000000000000000000000000000000000|0000000000000000000000000000000000000000000000000000000000000000|0|3|rt4_TMB-5_MAP_g1_03691.r24|2|1|RICH|740|0|2610|0000000000000000000000000000000000000000000000000000000000000000|RICH|1|740|DISP=ACCEPT_INSTALL|DETAIL=rt3_map_g1
0000000000000000000000000000000000000000000000000000000000000000|0000000000000000000000000000000000000000000000000000000000000000|0|3|rt4_TMB-5_MAP_g1_03692.r24|2|1|RICH|742|0|2610|0000000000000000000000000000000000000000000000000000000000000000|RICH|1|742|DISP=ACCEPT_INSTALL|DETAIL=rt3_map_g1
0000000000000000000000000000000000000000000000000000000000000000|0000000000000000000000000000000000000000000000000000000000000000|0|3|rt4_TMB-5_MAP_g1_03693.r24|2|1|RICH|744|0|2610|0000000000000000000000000000000000000000000000000000000000000000|RICH|1|744|DISP=ACCEPT_INSTALL|DETAIL=rt3_map_g1
0000000000000000000000000000000000000000000000000000000000000000|0000000000000000000000000000000000000000000000000000000000000000|0|3|rt4_TMB-5_MAP_g1_03694.r24|2|1|RICH|746|0|2610|0000000000000000000000000000000000000000000000000000000000000000|RICH|1|746|DISP=ACCEPT_INSTALL|DETAIL=rt3_map_g1
0000000000000000000000000000000000000000000000000000000000000000|0000000000000000000000000000000000000000000000000000000000000000|0|3|rt4_TMB-5_MAP_g1_03695.r24|2|1|RICH|748|0|2610|0000000000000000000000000000000000000000000000000000000000000000|RICH|1|748|DISP=ACCEPT_INSTALL|DETAIL=rt3_map_g1
0000000000000000000000000000000000000000000000000000000000000000|0000000000000000000000000000000000000000000000000000000000000000|0|3|rt4_TMB-5_MAP_g1_03696.r24|2|1|RICH|750|0|2610|0000000000000000000000000000000000000000000000000000000000000000|RICH|1|750|DISP=ACCEPT_INSTALL|DETAIL=rt3_map_g1
0000000000000000000000000000000000000000000000000000000000000000|0000000000000000000000000000000000000000000000000000000000000000|0|3|rt4_TMB-5_MAP_g1_03697.r24|2|1|RICH|752|0|2610|0000000000000000000000000000000000000000000000000000000000000000|RICH|1|752|DISP=ACCEPT_INSTALL|DETAIL=rt3_map_g1
0000000000000000000000000000000000000000000000000000000000000000|0000000000000000000000000000000000000000000000000000000000000000|0|3|rt4_TMB-5_MAP_g1_03698.r24|2|1|RICH|754|0|2610|0000000000000000000000000000000000000000000000000000000000000000|RICH|1|754|DISP=ACCEPT_INSTALL|DETAIL=rt3_map_g1
0000000000000000000000000000000000000000000000000000000000000000|0000000000000000000000000000000000000000000000000000000000000000|0|3|rt4_TMB-5_MAP_g1_03699.r24|2|1|RICH|756|0|2610|0000000000000000000000000000000000000000000000000000000000000000|RICH|1|756|DISP=ACCEPT_INSTALL|DETAIL=rt3_map_g1
0000000000000000000000000000000000000000000000000000000000000000|0000000000000000000000000000000000000000000000000000000000000000|0|3|rt4_TMB-5_MAP_g1_03700.r24|2|1|RICH|758|0|2610|0000000000000000000000000000000000000000000000000000000000000000|RICH|1|758|DISP=ACCEPT_INSTALL|DETAIL=rt3_map_g1
0000000000000000000000000000000000000000000000000000000000000000|0000000000000000000000000000000000000000000000000000000000000000|0|3|rt4_TMB-5_MAP_g1_03701.r24|2|1|RICH|760|0|2610|0000000000000000000000000000000000000000000000000000000000000000|RICH|1|760|DISP=ACCEPT_INSTALL|DETAIL=rt3_map_g1
0000000000000000000000000000000000000000000000000000000000000000|0000000000000000000000000000000000000000000000000000000000000000|0|3|rt4_TMB-5_MAP_g1_03702.r24|2|1|RICH|762|0|2610|0000000000000000000000000000000000000000000000000000000000000000|RICH|1|762|DISP=ACCEPT_INSTALL|DETAIL=rt3_map_g1
0000000000000000000000000000000000000000000000000000000000000000|0000000000000000000000000000000000000000000000000000000000000000|0|3|rt4_TMB-5_MAP_g1_03703.r24|2|1|RICH|764|0|2610|0000000000000000000000000000000000000000000000000000000000000000|RICH|1|764|DISP=ACCEPT_INSTALL|DETAIL=rt3_map_g1
0000000000000000000000000000000000000000000000000000000000000000|0000000000000000000000000000000000000000000000000000000000000000|0|3|rt4_TMB-5_MAP_g1_03704.r24|2|1|RICH|766|0|2610|0000000000000000000000000000000000000000000000000000000000000000|RICH|1|766|DISP=ACCEPT_INSTALL|DETAIL=rt3_map_g1
0000000000000000000000000000000000000000000000000000000000000000|0000000000000000000000000000000000000000000000000000000000000000|0|3|rt4_TMB-5_MAP_g1_03705.r24|2|1|RICH|768|0|2610|0000000000000000000000000000000000000000000000000000000000000000|RICH|1|768|DISP=ACCEPT_INSTALL|DETAIL=rt3_map_g1
0000000000000000000000000000000000000000000000000000000000000000|0000000000000000000000000000000000000000000000000000000000000000|0|3|rt4_TMB-5_MAP_g1_03706.r24|2|1|RICH|770|0|2610|0000000000000000000000000000000000000000000000000000000000000000|RICH|1|770|DISP=ACCEPT_INSTALL|DETAIL=rt3_map_g1
0000000000000000000000000000000000000000000000000000000000000000|0000000000000000000000000000000000000000000000000000000000000000|0|3|rt4_TMB-5_MAP_g1_03707.r24|2|1|RICH|772|0|2610|0000000000000000000000000000000000000000000000000000000000000000|RICH|1|772|DISP=ACCEPT_INSTALL|DETAIL=rt3_map_g1
0000000000000000000000000000000000000000000000000000000000000000|0000000000000000000000000000000000000000000000000000000000000000|0|3|rt4_TMB-5_MAP_g1_03708.r24|2|1|RICH|774|0|2610|0000000000000000000000000000000000000000000000000000000000000000|RICH|1|774|DISP=ACCEPT_INSTALL|DETAIL=rt3_map_g1
0000000000000000000000000000000000000000000000000000000000000000|0000000000000000000000000000000000000000000000000000000000000000|0|3|rt4_TMB-5_MAP_g1_03709.r24|2|1|RICH|776|0|2610|0000000000000000000000000000000000000000000000000000000000000000|RICH|1|776|DISP=ACCEPT_INSTALL|DETAIL=rt3_map_g1
0000000000000000000000000000000000000000000000000000000000000000|0000000000000000000000000000000000000000000000000000000000000000|0|3|rt4_TMB-5_MAP_g1_03710.r24|2|1|RICH|778|0|2610|0000000000000000000000000000000000000000000000000000000000000000|RICH|1|778|DISP=ACCEPT_INSTALL|DETAIL=rt3_map_g1
0000000000000000000000000000000000000000000000000000000000000000|0000000000000000000000000000000000000000000000000000000000000000|0|3|rt4_TMB-5_MAP_g1_03711.r24|2|1|RICH|780|0|2610|0000000000000000000000000000000000000000000000000000000000000000|RICH|1|780|DISP=ACCEPT_INSTALL|DETAIL=rt3_map_g1
0000000000000000000000000000000000000000000000000000000000000000|0000000000000000000000000000000000000000000000000000000000000000|0|3|rt4_TMB-5_MAP_g1_03712.r24|2|1|RICH|782|0|2610|0000000000000000000000000000000000000000000000000000000000000000|RICH|1|782|DISP=ACCEPT_INSTALL|DETAIL=rt3_map_g1
0000000000000000000000000000000000000000000000000000000000000000|0000000000000000000000000000000000000000000000000000000000000000|0|3|rt4_TMB-5_MAP_g1_03713.r24|2|1|RICH|784|0|2610|0000000000000000000000000000000000000000000000000000000000000000|RICH|1|784|DISP=ACCEPT_INSTALL|DETAIL=rt3_map_g1
0000000000000000000000000000000000000000000000000000000000000000|0000000000000000000000000000000000000000000000000000000000000000|0|3|rt4_TMB-5_MAP_g1_03714.r24|2|1|RICH|786|0|2610|0000000000000000000000000000000000000000000000000000000000000000|RICH|1|786|DISP=ACCEPT_INSTALL|DETAIL=rt3_map_g1
0000000000000000000000000000000000000000000000000000000000000000|0000000000000000000000000000000000000000000000000000000000000000|0|3|rt4_TMB-5_MAP_g1_03715.r24|2|1|RICH|788|0|2610|0000000000000000000000000000000000000000000000000000000000000000|RICH|1|788|DISP=ACCEPT_INSTALL|DETAIL=rt3_map_g1
0000000000000000000000000000000000000000000000000000000000000000|0000000000000000000000000000000000000000000000000000000000000000|0|3|rt4_TMB-5_MAP_g1_03716.r24|2|1|RICH|790|0|2610|0000000000000000000000000000000000000000000000000000000000000000|RICH|1|790|DISP=ACCEPT_INSTALL|DETAIL=rt3_map_g1
0000000000000000000000000000000000000000000000000000000000000000|0000000000000000000000000000000000000000000000000000000000000000|0|3|rt4_TMB-5_MAP_g1_03717.r24|2|1|RICH|792|0|2610|0000000000000000000000000000000000000000000000000000000000000000|RICH|1|792|DISP=ACCEPT_INSTALL|DETAIL=rt3_map_g1
0000000000000000000000000000000000000000000000000000000000000000|0000000000000000000000000000000000000000000000000000000000000000|0|3|rt4_TMB-5_MAP_g1_03718.r24|2|1|RICH|794|0|2610|0000000000000000000000000000000000000000000000000000000000000000|RICH|1|794|DISP=ACCEPT_INSTALL|DETAIL=rt3_map_g1
0000000000000000000000000000000000000000000000000000000000000000|0000000000000000000000000000000000000000000000000000000000000000|0|3|rt4_TMB-5_MAP_g1_03719.r24|2|1|RICH|796|0|2610|0000000000000000000000000000000000000000000000000000000000000000|RICH|1|796|DISP=ACCEPT_INSTALL|DETAIL=rt3_map_g1
0000000000000000000000000000000000000000000000000000000000000000|0000000000000000000000000000000000000000000000000000000000000000|0|3|rt4_TMB-5_MAP_g1_03720.r24|2|1|RICH|798|0|2610|0000000000000000000000000000000000000000000000000000000000000000|RICH|1|798|DISP=ACCEPT_INSTALL|DETAIL=rt3_map_g1
0000000000000000000000000000000000000000000000000000000000000000|0000000000000000000000000000000000000000000000000000000000000000|0|3|rt4_TMB-5_MAP_g1_03721.r24|2|1|RICH|800|0|2610|0000000000000000000000000000000000000000000000000000000000000000|RICH|1|800|DISP=ACCEPT_INSTALL|DETAIL=rt3_map_g1
0000000000000000000000000000000000000000000000000000000000000000|0000000000000000000000000000000000000000000000000000000000000000|0|3|rt4_TMB-5_MAP_g1_03722.r24|2|1|RICH|802|0|2610|0000000000000000000000000000000000000000000000000000000000000000|RICH|1|802|DISP=ACCEPT_INSTALL|DETAIL=rt3_map_g1
0000000000000000000000000000000000000000000000000000000000000000|0000000000000000000000000000000000000000000000000000000000000000|0|3|rt4_TMB-5_MAP_g1_03723.r24|2|1|RICH|804|0|2610|0000000000000000000000000000000000000000000000000000000000000000|RICH|1|804|DISP=ACCEPT_INSTALL|DETAIL=rt3_map_g1
0000000000000000000000000000000000000000000000000000000000000000|0000000000000000000000000000000000000000000000000000000000000000|0|3|rt4_TMB-5_MAP_g1_03724.r24|2|1|RICH|806|0|2610|0000000000000000000000000000000000000000000000000000000000000000|RICH|1|806|DISP=ACCEPT_INSTALL|DETAIL=rt3_map_g1
0000000000000000000000000000000000000000000000000000000000000000|0000000000000000000000000000000000000000000000000000000000000000|0|3|rt4_TMB-5_MAP_g1_03725.r24|2|1|RICH|808|0|2610|0000000000000000000000000000000000000000000000000000000000000000|RICH|1|808|DISP=ACCEPT_INSTALL|DETAIL=rt3_map_g1
0000000000000000000000000000000000000000000000000000000000000000|0000000000000000000000000000000000000000000000000000000000000000|0|3|rt4_TMB-5_MAP_g1_03726.r24|2|1|RICH|810|0|2610|0000000000000000000000000000000000000000000000000000000000000000|RICH|1|810|DISP=ACCEPT_INSTALL|DETAIL=rt3_map_g1
0000000000000000000000000000000000000000000000000000000000000000|0000000000000000000000000000000000000000000000000000000000000000|0|3|rt4_TMB-5_MAP_g1_03727.r24|2|1|RICH|812|0|2610|0000000000000000000000000000000000000000000000000000000000000000|RICH|1|812|DISP=ACCEPT_INSTALL|DETAIL=rt3_map_g1
0000000000000000000000000000000000000000000000000000000000000000|0000000000000000000000000000000000000000000000000000000000000000|0|3|rt4_TMB-5_MAP_g1_03728.r24|2|1|RICH|814|0|2610|0000000000000000000000000000000000000000000000000000000000000000|RICH|1|814|DISP=ACCEPT_INSTALL|DETAIL=rt3_map_g1
0000000000000000000000000000000000000000000000000000000000000000|0000000000000000000000000000000000000000000000000000000000000000|0|3|rt4_TMB-5_MAP_g1_03729.r24|2|1|RICH|816|0|2610|0000000000000000000000000000000000000000000000000000000000000000|RICH|1|816|DISP=ACCEPT_INSTALL|DETAIL=rt3_map_g1
0000000000000000000000000000000000000000000000000000000000000000|0000000000000000000000000000000000000000000000000000000000000000|0|3|rt4_TMB-5_MAP_g1_03730.r24|2|1|RICH|818|0|2610|0000000000000000000000000000000000000000000000000000000000000000|RICH|1|818|DISP=ACCEPT_INSTALL|DETAIL=rt3_map_g1
0000000000000000000000000000000000000000000000000000000000000000|0000000000000000000000000000000000000000000000000000000000000000|0|3|rt4_TMB-5_MAP_g1_03731.r24|2|1|RICH|820|0|2610|0000000000000000000000000000000000000000000000000000000000000000|RICH|1|820|DISP=ACCEPT_INSTALL|DETAIL=rt3_map_g1
0000000000000000000000000000000000000000000000000000000000000000|0000000000000000000000000000000000000000000000000000000000000000|0|3|rt4_TMB-5_MAP_g1_03732.r24|2|1|RICH|822|0|2610|0000000000000000000000000000000000000000000000000000000000000000|RICH|1|822|DISP=ACCEPT_INSTALL|DETAIL=rt3_map_g1
0000000000000000000000000000000000000000000000000000000000000000|0000000000000000000000000000000000000000000000000000000000000000|0|3|rt4_TMB-5_MAP_g1_03733.r24|2|1|RICH|824|0|2610|0000000000000000000000000000000000000000000000000000000000000000|RICH|1|824|DISP=ACCEPT_INSTALL|DETAIL=rt3_map_g1
0000000000000000000000000000000000000000000000000000000000000000|0000000000000000000000000000000000000000000000000000000000000000|0|3|rt4_TMB-5_MAP_g1_03734.r24|2|1|RICH|826|0|2610|0000000000000000000000000000000000000000000000000000000000000000|RICH|1|826|DISP=ACCEPT_INSTALL|DETAIL=rt3_map_g1
0000000000000000000000000000000000000000000000000000000000000000|0000000000000000000000000000000000000000000000000000000000000000|0|3|rt4_TMB-5_MAP_g1_03735.r24|2|1|RICH|828|0|2610|0000000000000000000000000000000000000000000000000000000000000000|RICH|1|828|DISP=ACCEPT_INSTALL|DETAIL=rt3_map_g1
0000000000000000000000000000000000000000000000000000000000000000|0000000000000000000000000000000000000000000000000000000000000000|0|3|rt4_TMB-5_MAP_g1_03736.r24|2|1|RICH|830|0|2610|0000000000000000000000000000000000000000000000000000000000000000|RICH|1|830|DISP=ACCEPT_INSTALL|DETAIL=rt3_map_g1
0000000000000000000000000000000000000000000000000000000000000000|0000000000000000000000000000000000000000000000000000000000000000|0|3|rt4_TMB-5_MAP_g1_03737.r24|2|1|RICH|832|0|2610|0000000000000000000000000000000000000000000000000000000000000000|RICH|1|832|DISP=ACCEPT_INSTALL|DETAIL=rt3_map_g1
0000000000000000000000000000000000000000000000000000000000000000|0000000000000000000000000000000000000000000000000000000000000000|0|3|rt4_TMB-5_MAP_g1_03738.r24|2|1|RICH|834|0|2610|0000000000000000000000000000000000000000000000000000000000000000|RICH|1|834|DISP=ACCEPT_INSTALL|DETAIL=rt3_map_g1
0000000000000000000000000000000000000000000000000000000000000000|0000000000000000000000000000000000000000000000000000000000000000|0|3|rt4_TMB-5_MAP_g1_03739.r24|2|1|RICH|836|0|2610|0000000000000000000000000000000000000000000000000000000000000000|RICH|1|836|DISP=ACCEPT_INSTALL|DETAIL=rt3_map_g1
0000000000000000000000000000000000000000000000000000000000000000|0000000000000000000000000000000000000000000000000000000000000000|0|3|rt4_TMB-5_MAP_g1_03740.r24|2|1|RICH|838|0|2610|0000000000000000000000000000000000000000000000000000000000000000|RICH|1|838|DISP=ACCEPT_INSTALL|DETAIL=rt3_map_g1
0000000000000000000000000000000000000000000000000000000000000000|0000000000000000000000000000000000000000000000000000000000000000|0|3|rt4_TMB-5_MAP_g1_03741.r24|2|1|RICH|840|0|2610|0000000000000000000000000000000000000000000000000000000000000000|RICH|1|840|DISP=ACCEPT_INSTALL|DETAIL=rt3_map_g1
0000000000000000000000000000000000000000000000000000000000000000|0000000000000000000000000000000000000000000000000000000000000000|0|3|rt4_TMB-5_MAP_g1_03742.r24|2|1|RICH|842|0|2610|0000000000000000000000000000000000000000000000000000000000000000|RICH|1|842|DISP=ACCEPT_INSTALL|DETAIL=rt3_map_g1
0000000000000000000000000000000000000000000000000000000000000000|0000000000000000000000000000000000000000000000000000000000000000|0|3|rt4_TMB-5_MAP_g1_03743.r24|2|1|RICH|844|0|2610|0000000000000000000000000000000000000000000000000000000000000000|RICH|1|844|DISP=ACCEPT_INSTALL|DETAIL=rt3_map_g1
0000000000000000000000000000000000000000000000000000000000000000|0000000000000000000000000000000000000000000000000000000000000000|0|3|rt4_TMB-5_MAP_g1_03744.r24|2|1|RICH|846|0|2610|0000000000000000000000000000000000000000000000000000000000000000|RICH|1|846|DISP=ACCEPT_INSTALL|DETAIL=rt3_map_g1
0000000000000000000000000000000000000000000000000000000000000000|0000000000000000000000000000000000000000000000000000000000000000|0|3|rt4_TMB-5_MAP_g1_03745.r24|2|1|RICH|848|0|2610|0000000000000000000000000000000000000000000000000000000000000000|RICH|1|848|DISP=ACCEPT_INSTALL|DETAIL=rt3_map_g1
0000000000000000000000000000000000000000000000000000000000000000|0000000000000000000000000000000000000000000000000000000000000000|0|3|rt4_TMB-5_MAP_g1_03746.r24|2|1|RICH|850|0|2610|0000000000000000000000000000000000000000000000000000000000000000|RICH|1|850|DISP=ACCEPT_INSTALL|DETAIL=rt3_map_g1
0000000000000000000000000000000000000000000000000000000000000000|0000000000000000000000000000000000000000000000000000000000000000|0|3|rt4_TMB-5_MAP_g1_03747.r24|2|1|RICH|852|0|2610|0000000000000000000000000000000000000000000000000000000000000000|RICH|1|852|DISP=ACCEPT_INSTALL|DETAIL=rt3_map_g1
0000000000000000000000000000000000000000000000000000000000000000|0000000000000000000000000000000000000000000000000000000000000000|0|3|rt4_TMB-5_MAP_g1_03748.r24|2|1|RICH|854|0|2610|0000000000000000000000000000000000000000000000000000000000000000|RICH|1|854|DISP=ACCEPT_INSTALL|DETAIL=rt3_map_g1
0000000000000000000000000000000000000000000000000000000000000000|0000000000000000000000000000000000000000000000000000000000000000|0|3|rt4_TMB-5_MAP_g1_03749.r24|2|1|RICH|856|0|2610|0000000000000000000000000000000000000000000000000000000000000000|RICH|1|856|DISP=ACCEPT_INSTALL|DETAIL=rt3_map_g1
0000000000000000000000000000000000000000000000000000000000000000|0000000000000000000000000000000000000000000000000000000000000000|0|3|rt4_TMB-5_MAP_g1_03750.r24|2|1|RICH|858|0|2610|0000000000000000000000000000000000000000000000000000000000000000|RICH|1|858|DISP=ACCEPT_INSTALL|DETAIL=rt3_map_g1
0000000000000000000000000000000000000000000000000000000000000000|0000000000000000000000000000000000000000000000000000000000000000|0|3|rt4_TMB-5_MAP_g1_03751.r24|2|1|RICH|860|0|2610|0000000000000000000000000000000000000000000000000000000000000000|RICH|1|860|DISP=ACCEPT_INSTALL|DETAIL=rt3_map_g1
0000000000000000000000000000000000000000000000000000000000000000|0000000000000000000000000000000000000000000000000000000000000000|0|3|rt4_TMB-5_MAP_g1_03752.r24|2|1|RICH|862|0|2610|0000000000000000000000000000000000000000000000000000000000000000|RICH|1|862|DISP=ACCEPT_INSTALL|DETAIL=rt3_map_g1
0000000000000000000000000000000000000000000000000000000000000000|0000000000000000000000000000000000000000000000000000000000000000|0|3|rt4_TMB-5_MAP_g1_03753.r24|2|1|RICH|864|0|2610|0000000000000000000000000000000000000000000000000000000000000000|RICH|1|864|DISP=ACCEPT_INSTALL|DETAIL=rt3_map_g1
0000000000000000000000000000000000000000000000000000000000000000|0000000000000000000000000000000000000000000000000000000000000000|0|3|rt4_TMB-5_MAP_g1_03754.r24|2|1|RICH|866|0|2610|0000000000000000000000000000000000000000000000000000000000000000|RICH|1|866|DISP=ACCEPT_INSTALL|DETAIL=rt3_map_g1
0000000000000000000000000000000000000000000000000000000000000000|0000000000000000000000000000000000000000000000000000000000000000|0|3|rt4_TMB-5_MAP_g1_03755.r24|2|1|RICH|868|0|2610|0000000000000000000000000000000000000000000000000000000000000000|RICH|1|868|DISP=ACCEPT_INSTALL|DETAIL=rt3_map_g1
0000000000000000000000000000000000000000000000000000000000000000|0000000000000000000000000000000000000000000000000000000000000000|0|3|rt4_TMB-5_MAP_g1_03756.r24|2|1|RICH|870|0|2610|0000000000000000000000000000000000000000000000000000000000000000|RICH|1|870|DISP=ACCEPT_INSTALL|DETAIL=rt3_map_g1
0000000000000000000000000000000000000000000000000000000000000000|0000000000000000000000000000000000000000000000000000000000000000|0|3|rt4_TMB-5_MAP_g1_03757.r24|2|1|RICH|872|0|2610|0000000000000000000000000000000000000000000000000000000000000000|RICH|1|872|DISP=ACCEPT_INSTALL|DETAIL=rt3_map_g1
0000000000000000000000000000000000000000000000000000000000000000|0000000000000000000000000000000000000000000000000000000000000000|0|3|rt4_TMB-5_MAP_g1_03758.r24|2|1|RICH|874|0|2610|0000000000000000000000000000000000000000000000000000000000000000|RICH|1|874|DISP=ACCEPT_INSTALL|DETAIL=rt3_map_g1
0000000000000000000000000000000000000000000000000000000000000000|0000000000000000000000000000000000000000000000000000000000000000|0|3|rt4_TMB-5_MAP_g1_03759.r24|2|1|RICH|876|0|2610|0000000000000000000000000000000000000000000000000000000000000000|RICH|1|876|DISP=ACCEPT_INSTALL|DETAIL=rt3_map_g1
0000000000000000000000000000000000000000000000000000000000000000|0000000000000000000000000000000000000000000000000000000000000000|0|3|rt4_TMB-5_MAP_g1_03760.r24|2|1|RICH|878|0|2610|0000000000000000000000000000000000000000000000000000000000000000|RICH|1|878|DISP=ACCEPT_INSTALL|DETAIL=rt3_map_g1
0000000000000000000000000000000000000000000000000000000000000000|0000000000000000000000000000000000000000000000000000000000000000|0|3|rt4_TMB-5_MAP_g1_03761.r24|2|1|RICH|880|0|2610|0000000000000000000000000000000000000000000000000000000000000000|RICH|1|880|DISP=ACCEPT_INSTALL|DETAIL=rt3_map_g1
0000000000000000000000000000000000000000000000000000000000000000|0000000000000000000000000000000000000000000000000000000000000000|0|3|rt4_TMB-5_MAP_g1_03762.r24|2|1|RICH|540|0|2620|0000000000000000000000000000000000000000000000000000000000000000|RICH|1|540|DISP=ACCEPT_INSTALL|DETAIL=rt3_map_g1
0000000000000000000000000000000000000000000000000000000000000000|0000000000000000000000000000000000000000000000000000000000000000|0|3|rt4_TMB-5_MAP_g1_03763.r24|2|1|RICH|542|0|2620|0000000000000000000000000000000000000000000000000000000000000000|RICH|1|542|DISP=ACCEPT_INSTALL|DETAIL=rt3_map_g1
0000000000000000000000000000000000000000000000000000000000000000|0000000000000000000000000000000000000000000000000000000000000000|0|3|rt4_TMB-5_MAP_g1_03764.r24|2|1|RICH|544|0|2620|0000000000000000000000000000000000000000000000000000000000000000|RICH|1|544|DISP=ACCEPT_INSTALL|DETAIL=rt3_map_g1
0000000000000000000000000000000000000000000000000000000000000000|0000000000000000000000000000000000000000000000000000000000000000|0|3|rt4_TMB-5_MAP_g1_03765.r24|2|1|RICH|546|0|2620|0000000000000000000000000000000000000000000000000000000000000000|RICH|1|546|DISP=ACCEPT_INSTALL|DETAIL=rt3_map_g1
0000000000000000000000000000000000000000000000000000000000000000|0000000000000000000000000000000000000000000000000000000000000000|0|3|rt4_TMB-5_MAP_g1_03766.r24|2|1|RICH|548|0|2620|0000000000000000000000000000000000000000000000000000000000000000|RICH|1|548|DISP=ACCEPT_INSTALL|DETAIL=rt3_map_g1
0000000000000000000000000000000000000000000000000000000000000000|0000000000000000000000000000000000000000000000000000000000000000|0|3|rt4_TMB-5_MAP_g1_03767.r24|2|1|RICH|550|0|2620|0000000000000000000000000000000000000000000000000000000000000000|RICH|1|550|DISP=ACCEPT_INSTALL|DETAIL=rt3_map_g1
0000000000000000000000000000000000000000000000000000000000000000|0000000000000000000000000000000000000000000000000000000000000000|0|3|rt4_TMB-5_MAP_g1_03768.r24|2|1|RICH|552|0|2620|0000000000000000000000000000000000000000000000000000000000000000|RICH|1|552|DISP=ACCEPT_INSTALL|DETAIL=rt3_map_g1
0000000000000000000000000000000000000000000000000000000000000000|0000000000000000000000000000000000000000000000000000000000000000|0|3|rt4_TMB-5_MAP_g1_03769.r24|2|1|RICH|554|0|2620|0000000000000000000000000000000000000000000000000000000000000000|RICH|1|554|DISP=ACCEPT_INSTALL|DETAIL=rt3_map_g1
0000000000000000000000000000000000000000000000000000000000000000|0000000000000000000000000000000000000000000000000000000000000000|0|3|rt4_TMB-5_MAP_g1_03770.r24|2|1|RICH|556|0|2620|0000000000000000000000000000000000000000000000000000000000000000|RICH|1|556|DISP=ACCEPT_INSTALL|DETAIL=rt3_map_g1
0000000000000000000000000000000000000000000000000000000000000000|0000000000000000000000000000000000000000000000000000000000000000|0|3|rt4_TMB-5_MAP_g1_03771.r24|2|1|RICH|558|0|2620|0000000000000000000000000000000000000000000000000000000000000000|RICH|1|558|DISP=ACCEPT_INSTALL|DETAIL=rt3_map_g1
0000000000000000000000000000000000000000000000000000000000000000|0000000000000000000000000000000000000000000000000000000000000000|0|3|rt4_TMB-5_MAP_g1_03772.r24|2|1|RICH|560|0|2620|0000000000000000000000000000000000000000000000000000000000000000|RICH|1|560|DISP=ACCEPT_INSTALL|DETAIL=rt3_map_g1
0000000000000000000000000000000000000000000000000000000000000000|0000000000000000000000000000000000000000000000000000000000000000|0|3|rt4_TMB-5_MAP_g1_03773.r24|2|1|RICH|562|0|2620|0000000000000000000000000000000000000000000000000000000000000000|RICH|1|562|DISP=ACCEPT_INSTALL|DETAIL=rt3_map_g1
0000000000000000000000000000000000000000000000000000000000000000|0000000000000000000000000000000000000000000000000000000000000000|0|3|rt4_TMB-5_MAP_g1_03774.r24|2|1|RICH|564|0|2620|0000000000000000000000000000000000000000000000000000000000000000|RICH|1|564|DISP=ACCEPT_INSTALL|DETAIL=rt3_map_g1
0000000000000000000000000000000000000000000000000000000000000000|0000000000000000000000000000000000000000000000000000000000000000|0|3|rt4_TMB-5_MAP_g1_03775.r24|2|1|RICH|566|0|2620|0000000000000000000000000000000000000000000000000000000000000000|RICH|1|566|DISP=ACCEPT_INSTALL|DETAIL=rt3_map_g1
0000000000000000000000000000000000000000000000000000000000000000|0000000000000000000000000000000000000000000000000000000000000000|0|3|rt4_TMB-5_MAP_g1_03776.r24|2|1|RICH|568|0|2620|0000000000000000000000000000000000000000000000000000000000000000|RICH|1|568|DISP=ACCEPT_INSTALL|DETAIL=rt3_map_g1
0000000000000000000000000000000000000000000000000000000000000000|0000000000000000000000000000000000000000000000000000000000000000|0|3|rt4_TMB-5_MAP_g1_03777.r24|2|1|RICH|570|0|2620|0000000000000000000000000000000000000000000000000000000000000000|RICH|1|570|DISP=ACCEPT_INSTALL|DETAIL=rt3_map_g1
0000000000000000000000000000000000000000000000000000000000000000|0000000000000000000000000000000000000000000000000000000000000000|0|3|rt4_TMB-5_MAP_g1_03778.r24|2|1|RICH|572|0|2620|0000000000000000000000000000000000000000000000000000000000000000|RICH|1|572|DISP=ACCEPT_INSTALL|DETAIL=rt3_map_g1
0000000000000000000000000000000000000000000000000000000000000000|0000000000000000000000000000000000000000000000000000000000000000|0|3|rt4_TMB-5_MAP_g1_03779.r24|2|1|RICH|574|0|2620|0000000000000000000000000000000000000000000000000000000000000000|RICH|1|574|DISP=ACCEPT_INSTALL|DETAIL=rt3_map_g1
0000000000000000000000000000000000000000000000000000000000000000|0000000000000000000000000000000000000000000000000000000000000000|0|3|rt4_TMB-5_MAP_g1_03780.r24|2|1|RICH|576|0|2620|0000000000000000000000000000000000000000000000000000000000000000|RICH|1|576|DISP=ACCEPT_INSTALL|DETAIL=rt3_map_g1
0000000000000000000000000000000000000000000000000000000000000000|0000000000000000000000000000000000000000000000000000000000000000|0|3|rt4_TMB-5_MAP_g1_03781.r24|2|1|RICH|578|0|2620|0000000000000000000000000000000000000000000000000000000000000000|RICH|1|578|DISP=ACCEPT_INSTALL|DETAIL=rt3_map_g1
0000000000000000000000000000000000000000000000000000000000000000|0000000000000000000000000000000000000000000000000000000000000000|0|3|rt4_TMB-5_MAP_g1_03782.r24|2|1|RICH|580|0|2620|0000000000000000000000000000000000000000000000000000000000000000|RICH|1|580|DISP=ACCEPT_INSTALL|DETAIL=rt3_map_g1
0000000000000000000000000000000000000000000000000000000000000000|0000000000000000000000000000000000000000000000000000000000000000|0|3|rt4_TMB-5_MAP_g1_03783.r24|2|1|RICH|582|0|2620|0000000000000000000000000000000000000000000000000000000000000000|RICH|1|582|DISP=ACCEPT_INSTALL|DETAIL=rt3_map_g1
0000000000000000000000000000000000000000000000000000000000000000|0000000000000000000000000000000000000000000000000000000000000000|0|3|rt4_TMB-5_MAP_g1_03784.r24|2|1|RICH|584|0|2620|0000000000000000000000000000000000000000000000000000000000000000|RICH|1|584|DISP=ACCEPT_INSTALL|DETAIL=rt3_map_g1
0000000000000000000000000000000000000000000000000000000000000000|0000000000000000000000000000000000000000000000000000000000000000|0|3|rt4_TMB-5_MAP_g1_03785.r24|2|1|RICH|586|0|2620|0000000000000000000000000000000000000000000000000000000000000000|RICH|1|586|DISP=ACCEPT_INSTALL|DETAIL=rt3_map_g1
0000000000000000000000000000000000000000000000000000000000000000|0000000000000000000000000000000000000000000000000000000000000000|0|3|rt4_TMB-5_MAP_g1_03786.r24|2|1|RICH|588|0|2620|0000000000000000000000000000000000000000000000000000000000000000|RICH|1|588|DISP=ACCEPT_INSTALL|DETAIL=rt3_map_g1
0000000000000000000000000000000000000000000000000000000000000000|0000000000000000000000000000000000000000000000000000000000000000|0|3|rt4_TMB-5_MAP_g1_03787.r24|2|1|RICH|590|0|2620|0000000000000000000000000000000000000000000000000000000000000000|RICH|1|590|DISP=ACCEPT_INSTALL|DETAIL=rt3_map_g1
0000000000000000000000000000000000000000000000000000000000000000|0000000000000000000000000000000000000000000000000000000000000000|0|3|rt4_TMB-5_MAP_g1_03788.r24|2|1|RICH|592|0|2620|0000000000000000000000000000000000000000000000000000000000000000|RICH|1|592|DISP=ACCEPT_INSTALL|DETAIL=rt3_map_g1
0000000000000000000000000000000000000000000000000000000000000000|0000000000000000000000000000000000000000000000000000000000000000|0|3|rt4_TMB-5_MAP_g1_03789.r24|2|1|RICH|594|0|2620|0000000000000000000000000000000000000000000000000000000000000000|RICH|1|594|DISP=ACCEPT_INSTALL|DETAIL=rt3_map_g1
0000000000000000000000000000000000000000000000000000000000000000|0000000000000000000000000000000000000000000000000000000000000000|0|3|rt4_TMB-5_MAP_g1_03790.r24|2|1|RICH|596|0|2620|0000000000000000000000000000000000000000000000000000000000000000|RICH|1|596|DISP=ACCEPT_INSTALL|DETAIL=rt3_map_g1
0000000000000000000000000000000000000000000000000000000000000000|0000000000000000000000000000000000000000000000000000000000000000|0|3|rt4_TMB-5_MAP_g1_03791.r24|2|1|RICH|598|0|2620|0000000000000000000000000000000000000000000000000000000000000000|RICH|1|598|DISP=ACCEPT_INSTALL|DETAIL=rt3_map_g1
0000000000000000000000000000000000000000000000000000000000000000|0000000000000000000000000000000000000000000000000000000000000000|0|3|rt4_TMB-5_MAP_g1_03792.r24|2|1|RICH|600|0|2620|0000000000000000000000000000000000000000000000000000000000000000|RICH|1|600|DISP=ACCEPT_INSTALL|DETAIL=rt3_map_g1
0000000000000000000000000000000000000000000000000000000000000000|0000000000000000000000000000000000000000000000000000000000000000|0|3|rt4_TMB-5_MAP_g1_03793.r24|2|1|RICH|602|0|2620|0000000000000000000000000000000000000000000000000000000000000000|RICH|1|602|DISP=ACCEPT_INSTALL|DETAIL=rt3_map_g1
0000000000000000000000000000000000000000000000000000000000000000|0000000000000000000000000000000000000000000000000000000000000000|0|3|rt4_TMB-5_MAP_g1_03794.r24|2|1|RICH|604|0|2620|0000000000000000000000000000000000000000000000000000000000000000|RICH|1|604|DISP=ACCEPT_INSTALL|DETAIL=rt3_map_g1
0000000000000000000000000000000000000000000000000000000000000000|0000000000000000000000000000000000000000000000000000000000000000|0|3|rt4_TMB-5_MAP_g1_03795.r24|2|1|RICH|606|0|2620|0000000000000000000000000000000000000000000000000000000000000000|RICH|1|606|DISP=ACCEPT_INSTALL|DETAIL=rt3_map_g1
0000000000000000000000000000000000000000000000000000000000000000|0000000000000000000000000000000000000000000000000000000000000000|0|3|rt4_TMB-5_MAP_g1_03796.r24|2|1|RICH|608|0|2620|0000000000000000000000000000000000000000000000000000000000000000|RICH|1|608|DISP=ACCEPT_INSTALL|DETAIL=rt3_map_g1
0000000000000000000000000000000000000000000000000000000000000000|0000000000000000000000000000000000000000000000000000000000000000|0|3|rt4_TMB-5_MAP_g1_03797.r24|2|1|RICH|610|0|2620|0000000000000000000000000000000000000000000000000000000000000000|RICH|1|610|DISP=ACCEPT_INSTALL|DETAIL=rt3_map_g1
0000000000000000000000000000000000000000000000000000000000000000|0000000000000000000000000000000000000000000000000000000000000000|0|3|rt4_TMB-5_MAP_g1_03798.r24|2|1|RICH|612|0|2620|0000000000000000000000000000000000000000000000000000000000000000|RICH|1|612|DISP=ACCEPT_INSTALL|DETAIL=rt3_map_g1
0000000000000000000000000000000000000000000000000000000000000000|0000000000000000000000000000000000000000000000000000000000000000|0|3|rt4_TMB-5_MAP_g1_03799.r24|2|1|RICH|614|0|2620|0000000000000000000000000000000000000000000000000000000000000000|RICH|1|614|DISP=ACCEPT_INSTALL|DETAIL=rt3_map_g1
0000000000000000000000000000000000000000000000000000000000000000|0000000000000000000000000000000000000000000000000000000000000000|0|3|rt4_TMB-5_MAP_g1_03800.r24|2|1|RICH|616|0|2620|0000000000000000000000000000000000000000000000000000000000000000|RICH|1|616|DISP=ACCEPT_INSTALL|DETAIL=rt3_map_g1
0000000000000000000000000000000000000000000000000000000000000000|0000000000000000000000000000000000000000000000000000000000000000|0|3|rt4_TMB-5_MAP_g1_03801.r24|2|1|RICH|618|0|2620|0000000000000000000000000000000000000000000000000000000000000000|RICH|1|618|DISP=ACCEPT_INSTALL|DETAIL=rt3_map_g1
0000000000000000000000000000000000000000000000000000000000000000|0000000000000000000000000000000000000000000000000000000000000000|0|3|rt4_TMB-5_MAP_g1_03802.r24|2|1|RICH|620|0|2620|0000000000000000000000000000000000000000000000000000000000000000|RICH|1|620|DISP=ACCEPT_INSTALL|DETAIL=rt3_map_g1
0000000000000000000000000000000000000000000000000000000000000000|0000000000000000000000000000000000000000000000000000000000000000|0|3|rt4_TMB-5_MAP_g1_03803.r24|2|1|RICH|622|0|2620|0000000000000000000000000000000000000000000000000000000000000000|RICH|1|622|DISP=ACCEPT_INSTALL|DETAIL=rt3_map_g1
0000000000000000000000000000000000000000000000000000000000000000|0000000000000000000000000000000000000000000000000000000000000000|0|3|rt4_TMB-5_MAP_g1_03804.r24|2|1|RICH|624|0|2620|0000000000000000000000000000000000000000000000000000000000000000|RICH|1|624|DISP=ACCEPT_INSTALL|DETAIL=rt3_map_g1
0000000000000000000000000000000000000000000000000000000000000000|0000000000000000000000000000000000000000000000000000000000000000|0|3|rt4_TMB-5_MAP_g1_03805.r24|2|1|RICH|626|0|2620|0000000000000000000000000000000000000000000000000000000000000000|RICH|1|626|DISP=ACCEPT_INSTALL|DETAIL=rt3_map_g1
0000000000000000000000000000000000000000000000000000000000000000|0000000000000000000000000000000000000000000000000000000000000000|0|3|rt4_TMB-5_MAP_g1_03806.r24|2|1|RICH|628|0|2620|0000000000000000000000000000000000000000000000000000000000000000|RICH|1|628|DISP=ACCEPT_INSTALL|DETAIL=rt3_map_g1
0000000000000000000000000000000000000000000000000000000000000000|0000000000000000000000000000000000000000000000000000000000000000|0|3|rt4_TMB-5_MAP_g1_03807.r24|2|1|RICH|630|0|2620|0000000000000000000000000000000000000000000000000000000000000000|RICH|1|630|DISP=ACCEPT_INSTALL|DETAIL=rt3_map_g1
0000000000000000000000000000000000000000000000000000000000000000|0000000000000000000000000000000000000000000000000000000000000000|0|3|rt4_TMB-5_MAP_g1_03808.r24|2|1|RICH|632|0|2620|0000000000000000000000000000000000000000000000000000000000000000|RICH|1|632|DISP=ACCEPT_INSTALL|DETAIL=rt3_map_g1
0000000000000000000000000000000000000000000000000000000000000000|0000000000000000000000000000000000000000000000000000000000000000|0|3|rt4_TMB-5_MAP_g1_03809.r24|2|1|RICH|634|0|2620|0000000000000000000000000000000000000000000000000000000000000000|RICH|1|634|DISP=ACCEPT_INSTALL|DETAIL=rt3_map_g1
0000000000000000000000000000000000000000000000000000000000000000|0000000000000000000000000000000000000000000000000000000000000000|0|3|rt4_TMB-5_MAP_g1_03810.r24|2|1|RICH|636|0|2620|0000000000000000000000000000000000000000000000000000000000000000|RICH|1|636|DISP=ACCEPT_INSTALL|DETAIL=rt3_map_g1
0000000000000000000000000000000000000000000000000000000000000000|0000000000000000000000000000000000000000000000000000000000000000|0|3|rt4_TMB-5_MAP_g1_03811.r24|2|1|RICH|638|0|2620|0000000000000000000000000000000000000000000000000000000000000000|RICH|1|638|DISP=ACCEPT_INSTALL|DETAIL=rt3_map_g1
0000000000000000000000000000000000000000000000000000000000000000|0000000000000000000000000000000000000000000000000000000000000000|0|3|rt4_TMB-5_MAP_g1_03812.r24|2|1|RICH|640|0|2620|0000000000000000000000000000000000000000000000000000000000000000|RICH|1|640|DISP=ACCEPT_INSTALL|DETAIL=rt3_map_g1
0000000000000000000000000000000000000000000000000000000000000000|0000000000000000000000000000000000000000000000000000000000000000|0|3|rt4_TMB-5_MAP_g1_03813.r24|2|1|RICH|642|0|2620|0000000000000000000000000000000000000000000000000000000000000000|RICH|1|642|DISP=ACCEPT_INSTALL|DETAIL=rt3_map_g1
0000000000000000000000000000000000000000000000000000000000000000|0000000000000000000000000000000000000000000000000000000000000000|0|3|rt4_TMB-5_MAP_g1_03814.r24|2|1|RICH|644|0|2620|0000000000000000000000000000000000000000000000000000000000000000|RICH|1|644|DISP=ACCEPT_INSTALL|DETAIL=rt3_map_g1
0000000000000000000000000000000000000000000000000000000000000000|0000000000000000000000000000000000000000000000000000000000000000|0|3|rt4_TMB-5_MAP_g1_03815.r24|2|1|RICH|646|0|2620|0000000000000000000000000000000000000000000000000000000000000000|RICH|1|646|DISP=ACCEPT_INSTALL|DETAIL=rt3_map_g1
0000000000000000000000000000000000000000000000000000000000000000|0000000000000000000000000000000000000000000000000000000000000000|0|3|rt4_TMB-5_MAP_g1_03816.r24|2|1|RICH|648|0|2620|0000000000000000000000000000000000000000000000000000000000000000|RICH|1|648|DISP=ACCEPT_INSTALL|DETAIL=rt3_map_g1
0000000000000000000000000000000000000000000000000000000000000000|0000000000000000000000000000000000000000000000000000000000000000|0|3|rt4_TMB-5_MAP_g1_03817.r24|2|1|RICH|650|0|2620|0000000000000000000000000000000000000000000000000000000000000000|RICH|1|650|DISP=ACCEPT_INSTALL|DETAIL=rt3_map_g1
0000000000000000000000000000000000000000000000000000000000000000|0000000000000000000000000000000000000000000000000000000000000000|0|3|rt4_TMB-5_MAP_g1_03818.r24|2|1|RICH|652|0|2620|0000000000000000000000000000000000000000000000000000000000000000|RICH|1|652|DISP=ACCEPT_INSTALL|DETAIL=rt3_map_g1
0000000000000000000000000000000000000000000000000000000000000000|0000000000000000000000000000000000000000000000000000000000000000|0|3|rt4_TMB-5_MAP_g1_03819.r24|2|1|RICH|654|0|2620|0000000000000000000000000000000000000000000000000000000000000000|RICH|1|654|DISP=ACCEPT_INSTALL|DETAIL=rt3_map_g1
0000000000000000000000000000000000000000000000000000000000000000|0000000000000000000000000000000000000000000000000000000000000000|0|3|rt4_TMB-5_MAP_g1_03820.r24|2|1|RICH|656|0|2620|0000000000000000000000000000000000000000000000000000000000000000|RICH|1|656|DISP=ACCEPT_INSTALL|DETAIL=rt3_map_g1
0000000000000000000000000000000000000000000000000000000000000000|0000000000000000000000000000000000000000000000000000000000000000|0|3|rt4_TMB-5_MAP_g1_03821.r24|2|1|RICH|658|0|2620|0000000000000000000000000000000000000000000000000000000000000000|RICH|1|658|DISP=ACCEPT_INSTALL|DETAIL=rt3_map_g1
0000000000000000000000000000000000000000000000000000000000000000|0000000000000000000000000000000000000000000000000000000000000000|0|3|rt4_TMB-5_MAP_g1_03822.r24|2|1|RICH|660|0|2620|0000000000000000000000000000000000000000000000000000000000000000|RICH|1|660|DISP=ACCEPT_INSTALL|DETAIL=rt3_map_g1
0000000000000000000000000000000000000000000000000000000000000000|0000000000000000000000000000000000000000000000000000000000000000|0|3|rt4_TMB-5_MAP_g1_03823.r24|2|1|RICH|662|0|2620|0000000000000000000000000000000000000000000000000000000000000000|RICH|1|662|DISP=ACCEPT_INSTALL|DETAIL=rt3_map_g1
0000000000000000000000000000000000000000000000000000000000000000|0000000000000000000000000000000000000000000000000000000000000000|0|3|rt4_TMB-5_MAP_g1_03824.r24|2|1|RICH|664|0|2620|0000000000000000000000000000000000000000000000000000000000000000|RICH|1|664|DISP=ACCEPT_INSTALL|DETAIL=rt3_map_g1
0000000000000000000000000000000000000000000000000000000000000000|0000000000000000000000000000000000000000000000000000000000000000|0|3|rt4_TMB-5_MAP_g1_03825.r24|2|1|RICH|666|0|2620|0000000000000000000000000000000000000000000000000000000000000000|RICH|1|666|DISP=ACCEPT_INSTALL|DETAIL=rt3_map_g1
0000000000000000000000000000000000000000000000000000000000000000|0000000000000000000000000000000000000000000000000000000000000000|0|3|rt4_TMB-5_MAP_g1_03826.r24|2|1|RICH|668|0|2620|0000000000000000000000000000000000000000000000000000000000000000|RICH|1|668|DISP=ACCEPT_INSTALL|DETAIL=rt3_map_g1
0000000000000000000000000000000000000000000000000000000000000000|0000000000000000000000000000000000000000000000000000000000000000|0|3|rt4_TMB-5_MAP_g1_03827.r24|2|1|RICH|670|0|2620|0000000000000000000000000000000000000000000000000000000000000000|RICH|1|670|DISP=ACCEPT_INSTALL|DETAIL=rt3_map_g1
0000000000000000000000000000000000000000000000000000000000000000|0000000000000000000000000000000000000000000000000000000000000000|0|3|rt4_TMB-5_MAP_g1_03828.r24|2|1|RICH|672|0|2620|0000000000000000000000000000000000000000000000000000000000000000|RICH|1|672|DISP=ACCEPT_INSTALL|DETAIL=rt3_map_g1
0000000000000000000000000000000000000000000000000000000000000000|0000000000000000000000000000000000000000000000000000000000000000|0|3|rt4_TMB-5_MAP_g1_03829.r24|2|1|RICH|674|0|2620|0000000000000000000000000000000000000000000000000000000000000000|RICH|1|674|DISP=ACCEPT_INSTALL|DETAIL=rt3_map_g1
0000000000000000000000000000000000000000000000000000000000000000|0000000000000000000000000000000000000000000000000000000000000000|0|3|rt4_TMB-5_MAP_g1_03830.r24|2|1|RICH|676|0|2620|0000000000000000000000000000000000000000000000000000000000000000|RICH|1|676|DISP=ACCEPT_INSTALL|DETAIL=rt3_map_g1
0000000000000000000000000000000000000000000000000000000000000000|0000000000000000000000000000000000000000000000000000000000000000|0|3|rt4_TMB-5_MAP_g1_03831.r24|2|1|RICH|678|0|2620|0000000000000000000000000000000000000000000000000000000000000000|RICH|1|678|DISP=ACCEPT_INSTALL|DETAIL=rt3_map_g1
0000000000000000000000000000000000000000000000000000000000000000|0000000000000000000000000000000000000000000000000000000000000000|0|3|rt4_TMB-5_MAP_g1_03832.r24|2|1|RICH|680|0|2620|0000000000000000000000000000000000000000000000000000000000000000|RICH|1|680|DISP=ACCEPT_INSTALL|DETAIL=rt3_map_g1
0000000000000000000000000000000000000000000000000000000000000000|0000000000000000000000000000000000000000000000000000000000000000|0|3|rt4_TMB-5_MAP_g1_03833.r24|2|1|RICH|682|0|2620|0000000000000000000000000000000000000000000000000000000000000000|RICH|1|682|DISP=ACCEPT_INSTALL|DETAIL=rt3_map_g1
0000000000000000000000000000000000000000000000000000000000000000|0000000000000000000000000000000000000000000000000000000000000000|0|3|rt4_TMB-5_MAP_g1_03834.r24|2|1|RICH|684|0|2620|0000000000000000000000000000000000000000000000000000000000000000|RICH|1|684|DISP=ACCEPT_INSTALL|DETAIL=rt3_map_g1
0000000000000000000000000000000000000000000000000000000000000000|0000000000000000000000000000000000000000000000000000000000000000|0|3|rt4_TMB-5_MAP_g1_03835.r24|2|1|RICH|686|0|2620|0000000000000000000000000000000000000000000000000000000000000000|RICH|1|686|DISP=ACCEPT_INSTALL|DETAIL=rt3_map_g1
0000000000000000000000000000000000000000000000000000000000000000|0000000000000000000000000000000000000000000000000000000000000000|0|3|rt4_TMB-5_MAP_g1_03836.r24|2|1|RICH|688|0|2620|0000000000000000000000000000000000000000000000000000000000000000|RICH|1|688|DISP=ACCEPT_INSTALL|DETAIL=rt3_map_g1
0000000000000000000000000000000000000000000000000000000000000000|0000000000000000000000000000000000000000000000000000000000000000|0|3|rt4_TMB-5_MAP_g1_03837.r24|2|1|RICH|690|0|2620|0000000000000000000000000000000000000000000000000000000000000000|RICH|1|690|DISP=ACCEPT_INSTALL|DETAIL=rt3_map_g1
0000000000000000000000000000000000000000000000000000000000000000|0000000000000000000000000000000000000000000000000000000000000000|0|3|rt4_TMB-5_MAP_g1_03838.r24|2|1|RICH|692|0|2620|0000000000000000000000000000000000000000000000000000000000000000|RICH|1|692|DISP=ACCEPT_INSTALL|DETAIL=rt3_map_g1
0000000000000000000000000000000000000000000000000000000000000000|0000000000000000000000000000000000000000000000000000000000000000|0|3|rt4_TMB-5_MAP_g1_03839.r24|2|1|RICH|694|0|2620|0000000000000000000000000000000000000000000000000000000000000000|RICH|1|694|DISP=ACCEPT_INSTALL|DETAIL=rt3_map_g1
0000000000000000000000000000000000000000000000000000000000000000|0000000000000000000000000000000000000000000000000000000000000000|0|3|rt4_TMB-5_MAP_g1_03840.r24|2|1|RICH|696|0|2620|0000000000000000000000000000000000000000000000000000000000000000|RICH|1|696|DISP=ACCEPT_INSTALL|DETAIL=rt3_map_g1
0000000000000000000000000000000000000000000000000000000000000000|0000000000000000000000000000000000000000000000000000000000000000|0|3|rt4_TMB-5_MAP_g1_03841.r24|2|1|RICH|698|0|2620|0000000000000000000000000000000000000000000000000000000000000000|RICH|1|698|DISP=ACCEPT_INSTALL|DETAIL=rt3_map_g1
0000000000000000000000000000000000000000000000000000000000000000|0000000000000000000000000000000000000000000000000000000000000000|0|3|rt4_TMB-5_MAP_g1_03842.r24|2|1|RICH|700|0|2620|0000000000000000000000000000000000000000000000000000000000000000|RICH|1|700|DISP=ACCEPT_INSTALL|DETAIL=rt3_map_g1
0000000000000000000000000000000000000000000000000000000000000000|0000000000000000000000000000000000000000000000000000000000000000|0|3|rt4_TMB-5_MAP_g1_03843.r24|2|1|RICH|702|0|2620|0000000000000000000000000000000000000000000000000000000000000000|RICH|1|702|DISP=ACCEPT_INSTALL|DETAIL=rt3_map_g1
0000000000000000000000000000000000000000000000000000000000000000|0000000000000000000000000000000000000000000000000000000000000000|0|3|rt4_TMB-5_MAP_g1_03844.r24|2|1|RICH|704|0|2620|0000000000000000000000000000000000000000000000000000000000000000|RICH|1|704|DISP=ACCEPT_INSTALL|DETAIL=rt3_map_g1
0000000000000000000000000000000000000000000000000000000000000000|0000000000000000000000000000000000000000000000000000000000000000|0|3|rt4_TMB-5_MAP_g1_03845.r24|2|1|RICH|706|0|2620|0000000000000000000000000000000000000000000000000000000000000000|RICH|1|706|DISP=ACCEPT_INSTALL|DETAIL=rt3_map_g1
0000000000000000000000000000000000000000000000000000000000000000|0000000000000000000000000000000000000000000000000000000000000000|0|3|rt4_TMB-5_MAP_g1_03846.r24|2|1|RICH|708|0|2620|0000000000000000000000000000000000000000000000000000000000000000|RICH|1|708|DISP=ACCEPT_INSTALL|DETAIL=rt3_map_g1
0000000000000000000000000000000000000000000000000000000000000000|0000000000000000000000000000000000000000000000000000000000000000|0|3|rt4_TMB-5_MAP_g1_03847.r24|2|1|RICH|710|0|2620|0000000000000000000000000000000000000000000000000000000000000000|RICH|1|710|DISP=ACCEPT_INSTALL|DETAIL=rt3_map_g1
0000000000000000000000000000000000000000000000000000000000000000|0000000000000000000000000000000000000000000000000000000000000000|0|3|rt4_TMB-5_MAP_g1_03848.r24|2|1|RICH|712|0|2620|0000000000000000000000000000000000000000000000000000000000000000|RICH|1|712|DISP=ACCEPT_INSTALL|DETAIL=rt3_map_g1
0000000000000000000000000000000000000000000000000000000000000000|0000000000000000000000000000000000000000000000000000000000000000|0|3|rt4_TMB-5_MAP_g1_03849.r24|2|1|RICH|714|0|2620|0000000000000000000000000000000000000000000000000000000000000000|RICH|1|714|DISP=ACCEPT_INSTALL|DETAIL=rt3_map_g1
0000000000000000000000000000000000000000000000000000000000000000|0000000000000000000000000000000000000000000000000000000000000000|0|3|rt4_TMB-5_MAP_g1_03850.r24|2|1|RICH|716|0|2620|0000000000000000000000000000000000000000000000000000000000000000|RICH|1|716|DISP=ACCEPT_INSTALL|DETAIL=rt3_map_g1
0000000000000000000000000000000000000000000000000000000000000000|0000000000000000000000000000000000000000000000000000000000000000|0|3|rt4_TMB-5_MAP_g1_03851.r24|2|1|RICH|718|0|2620|0000000000000000000000000000000000000000000000000000000000000000|RICH|1|718|DISP=ACCEPT_INSTALL|DETAIL=rt3_map_g1
0000000000000000000000000000000000000000000000000000000000000000|0000000000000000000000000000000000000000000000000000000000000000|0|3|rt4_TMB-5_MAP_g1_03852.r24|2|1|RICH|720|0|2620|0000000000000000000000000000000000000000000000000000000000000000|RICH|1|720|DISP=ACCEPT_INSTALL|DETAIL=rt3_map_g1
0000000000000000000000000000000000000000000000000000000000000000|0000000000000000000000000000000000000000000000000000000000000000|0|3|rt4_TMB-5_MAP_g1_03853.r24|2|1|RICH|722|0|2620|0000000000000000000000000000000000000000000000000000000000000000|RICH|1|722|DISP=ACCEPT_INSTALL|DETAIL=rt3_map_g1
0000000000000000000000000000000000000000000000000000000000000000|0000000000000000000000000000000000000000000000000000000000000000|0|3|rt4_TMB-5_MAP_g1_03854.r24|2|1|RICH|724|0|2620|0000000000000000000000000000000000000000000000000000000000000000|RICH|1|724|DISP=ACCEPT_INSTALL|DETAIL=rt3_map_g1
0000000000000000000000000000000000000000000000000000000000000000|0000000000000000000000000000000000000000000000000000000000000000|0|3|rt4_TMB-5_MAP_g1_03855.r24|2|1|RICH|726|0|2620|0000000000000000000000000000000000000000000000000000000000000000|RICH|1|726|DISP=ACCEPT_INSTALL|DETAIL=rt3_map_g1
0000000000000000000000000000000000000000000000000000000000000000|0000000000000000000000000000000000000000000000000000000000000000|0|3|rt4_TMB-5_MAP_g1_03856.r24|2|1|RICH|728|0|2620|0000000000000000000000000000000000000000000000000000000000000000|RICH|1|728|DISP=ACCEPT_INSTALL|DETAIL=rt3_map_g1
0000000000000000000000000000000000000000000000000000000000000000|0000000000000000000000000000000000000000000000000000000000000000|0|3|rt4_TMB-5_MAP_g1_03857.r24|2|1|RICH|730|0|2620|0000000000000000000000000000000000000000000000000000000000000000|RICH|1|730|DISP=ACCEPT_INSTALL|DETAIL=rt3_map_g1
0000000000000000000000000000000000000000000000000000000000000000|0000000000000000000000000000000000000000000000000000000000000000|0|3|rt4_TMB-5_MAP_g1_03858.r24|2|1|RICH|732|0|2620|0000000000000000000000000000000000000000000000000000000000000000|RICH|1|732|DISP=ACCEPT_INSTALL|DETAIL=rt3_map_g1
0000000000000000000000000000000000000000000000000000000000000000|0000000000000000000000000000000000000000000000000000000000000000|0|3|rt4_TMB-5_MAP_g1_03859.r24|2|1|RICH|734|0|2620|0000000000000000000000000000000000000000000000000000000000000000|RICH|1|734|DISP=ACCEPT_INSTALL|DETAIL=rt3_map_g1
0000000000000000000000000000000000000000000000000000000000000000|0000000000000000000000000000000000000000000000000000000000000000|0|3|rt4_TMB-5_MAP_g1_03860.r24|2|1|RICH|736|0|2620|0000000000000000000000000000000000000000000000000000000000000000|RICH|1|736|DISP=ACCEPT_INSTALL|DETAIL=rt3_map_g1
0000000000000000000000000000000000000000000000000000000000000000|0000000000000000000000000000000000000000000000000000000000000000|0|3|rt4_TMB-5_MAP_g1_03861.r24|2|1|RICH|738|0|2620|0000000000000000000000000000000000000000000000000000000000000000|RICH|1|738|DISP=ACCEPT_INSTALL|DETAIL=rt3_map_g1
0000000000000000000000000000000000000000000000000000000000000000|0000000000000000000000000000000000000000000000000000000000000000|0|3|rt4_TMB-5_MAP_g1_03862.r24|2|1|RICH|740|0|2620|0000000000000000000000000000000000000000000000000000000000000000|RICH|1|740|DISP=ACCEPT_INSTALL|DETAIL=rt3_map_g1
0000000000000000000000000000000000000000000000000000000000000000|0000000000000000000000000000000000000000000000000000000000000000|0|3|rt4_TMB-5_MAP_g1_03863.r24|2|1|RICH|742|0|2620|0000000000000000000000000000000000000000000000000000000000000000|RICH|1|742|DISP=ACCEPT_INSTALL|DETAIL=rt3_map_g1
0000000000000000000000000000000000000000000000000000000000000000|0000000000000000000000000000000000000000000000000000000000000000|0|3|rt4_TMB-5_MAP_g1_03864.r24|2|1|RICH|744|0|2620|0000000000000000000000000000000000000000000000000000000000000000|RICH|1|744|DISP=ACCEPT_INSTALL|DETAIL=rt3_map_g1
0000000000000000000000000000000000000000000000000000000000000000|0000000000000000000000000000000000000000000000000000000000000000|0|3|rt4_TMB-5_MAP_g1_03865.r24|2|1|RICH|746|0|2620|0000000000000000000000000000000000000000000000000000000000000000|RICH|1|746|DISP=ACCEPT_INSTALL|DETAIL=rt3_map_g1
0000000000000000000000000000000000000000000000000000000000000000|0000000000000000000000000000000000000000000000000000000000000000|0|3|rt4_TMB-5_MAP_g1_03866.r24|2|1|RICH|748|0|2620|0000000000000000000000000000000000000000000000000000000000000000|RICH|1|748|DISP=ACCEPT_INSTALL|DETAIL=rt3_map_g1
0000000000000000000000000000000000000000000000000000000000000000|0000000000000000000000000000000000000000000000000000000000000000|0|3|rt4_TMB-5_MAP_g1_03867.r24|2|1|RICH|750|0|2620|0000000000000000000000000000000000000000000000000000000000000000|RICH|1|750|DISP=ACCEPT_INSTALL|DETAIL=rt3_map_g1
0000000000000000000000000000000000000000000000000000000000000000|0000000000000000000000000000000000000000000000000000000000000000|0|3|rt4_TMB-5_MAP_g1_03868.r24|2|1|RICH|752|0|2620|0000000000000000000000000000000000000000000000000000000000000000|RICH|1|752|DISP=ACCEPT_INSTALL|DETAIL=rt3_map_g1
0000000000000000000000000000000000000000000000000000000000000000|0000000000000000000000000000000000000000000000000000000000000000|0|3|rt4_TMB-5_MAP_g1_03869.r24|2|1|RICH|754|0|2620|0000000000000000000000000000000000000000000000000000000000000000|RICH|1|754|DISP=ACCEPT_INSTALL|DETAIL=rt3_map_g1
0000000000000000000000000000000000000000000000000000000000000000|0000000000000000000000000000000000000000000000000000000000000000|0|3|rt4_TMB-5_MAP_g1_03870.r24|2|1|RICH|756|0|2620|0000000000000000000000000000000000000000000000000000000000000000|RICH|1|756|DISP=ACCEPT_INSTALL|DETAIL=rt3_map_g1
0000000000000000000000000000000000000000000000000000000000000000|0000000000000000000000000000000000000000000000000000000000000000|0|3|rt4_TMB-5_MAP_g1_03871.r24|2|1|RICH|758|0|2620|0000000000000000000000000000000000000000000000000000000000000000|RICH|1|758|DISP=ACCEPT_INSTALL|DETAIL=rt3_map_g1
0000000000000000000000000000000000000000000000000000000000000000|0000000000000000000000000000000000000000000000000000000000000000|0|3|rt4_TMB-5_MAP_g1_03872.r24|2|1|RICH|760|0|2620|0000000000000000000000000000000000000000000000000000000000000000|RICH|1|760|DISP=ACCEPT_INSTALL|DETAIL=rt3_map_g1
0000000000000000000000000000000000000000000000000000000000000000|0000000000000000000000000000000000000000000000000000000000000000|0|3|rt4_TMB-5_MAP_g1_03873.r24|2|1|RICH|762|0|2620|0000000000000000000000000000000000000000000000000000000000000000|RICH|1|762|DISP=ACCEPT_INSTALL|DETAIL=rt3_map_g1
0000000000000000000000000000000000000000000000000000000000000000|0000000000000000000000000000000000000000000000000000000000000000|0|3|rt4_TMB-5_MAP_g1_03874.r24|2|1|RICH|764|0|2620|0000000000000000000000000000000000000000000000000000000000000000|RICH|1|764|DISP=ACCEPT_INSTALL|DETAIL=rt3_map_g1
0000000000000000000000000000000000000000000000000000000000000000|0000000000000000000000000000000000000000000000000000000000000000|0|3|rt4_TMB-5_MAP_g1_03875.r24|2|1|RICH|766|0|2620|0000000000000000000000000000000000000000000000000000000000000000|RICH|1|766|DISP=ACCEPT_INSTALL|DETAIL=rt3_map_g1
0000000000000000000000000000000000000000000000000000000000000000|0000000000000000000000000000000000000000000000000000000000000000|0|3|rt4_TMB-5_MAP_g1_03876.r24|2|1|RICH|768|0|2620|0000000000000000000000000000000000000000000000000000000000000000|RICH|1|768|DISP=ACCEPT_INSTALL|DETAIL=rt3_map_g1
0000000000000000000000000000000000000000000000000000000000000000|0000000000000000000000000000000000000000000000000000000000000000|0|3|rt4_TMB-5_MAP_g1_03877.r24|2|1|RICH|770|0|2620|0000000000000000000000000000000000000000000000000000000000000000|RICH|1|770|DISP=ACCEPT_INSTALL|DETAIL=rt3_map_g1
0000000000000000000000000000000000000000000000000000000000000000|0000000000000000000000000000000000000000000000000000000000000000|0|3|rt4_TMB-5_MAP_g1_03878.r24|2|1|RICH|772|0|2620|0000000000000000000000000000000000000000000000000000000000000000|RICH|1|772|DISP=ACCEPT_INSTALL|DETAIL=rt3_map_g1
0000000000000000000000000000000000000000000000000000000000000000|0000000000000000000000000000000000000000000000000000000000000000|0|3|rt4_TMB-5_MAP_g1_03879.r24|2|1|RICH|774|0|2620|0000000000000000000000000000000000000000000000000000000000000000|RICH|1|774|DISP=ACCEPT_INSTALL|DETAIL=rt3_map_g1
0000000000000000000000000000000000000000000000000000000000000000|0000000000000000000000000000000000000000000000000000000000000000|0|3|rt4_TMB-5_MAP_g1_03880.r24|2|1|RICH|776|0|2620|0000000000000000000000000000000000000000000000000000000000000000|RICH|1|776|DISP=ACCEPT_INSTALL|DETAIL=rt3_map_g1
0000000000000000000000000000000000000000000000000000000000000000|0000000000000000000000000000000000000000000000000000000000000000|0|3|rt4_TMB-5_MAP_g1_03881.r24|2|1|RICH|778|0|2620|0000000000000000000000000000000000000000000000000000000000000000|RICH|1|778|DISP=ACCEPT_INSTALL|DETAIL=rt3_map_g1
0000000000000000000000000000000000000000000000000000000000000000|0000000000000000000000000000000000000000000000000000000000000000|0|3|rt4_TMB-5_MAP_g1_03882.r24|2|1|RICH|780|0|2620|0000000000000000000000000000000000000000000000000000000000000000|RICH|1|780|DISP=ACCEPT_INSTALL|DETAIL=rt3_map_g1
0000000000000000000000000000000000000000000000000000000000000000|0000000000000000000000000000000000000000000000000000000000000000|0|3|rt4_TMB-5_MAP_g1_03883.r24|2|1|RICH|782|0|2620|0000000000000000000000000000000000000000000000000000000000000000|RICH|1|782|DISP=ACCEPT_INSTALL|DETAIL=rt3_map_g1
0000000000000000000000000000000000000000000000000000000000000000|0000000000000000000000000000000000000000000000000000000000000000|0|3|rt4_TMB-5_MAP_g1_03884.r24|2|1|RICH|784|0|2620|0000000000000000000000000000000000000000000000000000000000000000|RICH|1|784|DISP=ACCEPT_INSTALL|DETAIL=rt3_map_g1
0000000000000000000000000000000000000000000000000000000000000000|0000000000000000000000000000000000000000000000000000000000000000|0|3|rt4_TMB-5_MAP_g1_03885.r24|2|1|RICH|786|0|2620|0000000000000000000000000000000000000000000000000000000000000000|RICH|1|786|DISP=ACCEPT_INSTALL|DETAIL=rt3_map_g1
0000000000000000000000000000000000000000000000000000000000000000|0000000000000000000000000000000000000000000000000000000000000000|0|3|rt4_TMB-5_MAP_g1_03886.r24|2|1|RICH|788|0|2620|0000000000000000000000000000000000000000000000000000000000000000|RICH|1|788|DISP=ACCEPT_INSTALL|DETAIL=rt3_map_g1
0000000000000000000000000000000000000000000000000000000000000000|0000000000000000000000000000000000000000000000000000000000000000|0|3|rt4_TMB-5_MAP_g1_03887.r24|2|1|RICH|790|0|2620|0000000000000000000000000000000000000000000000000000000000000000|RICH|1|790|DISP=ACCEPT_INSTALL|DETAIL=rt3_map_g1
0000000000000000000000000000000000000000000000000000000000000000|0000000000000000000000000000000000000000000000000000000000000000|0|3|rt4_TMB-5_MAP_g1_03888.r24|2|1|RICH|792|0|2620|0000000000000000000000000000000000000000000000000000000000000000|RICH|1|792|DISP=ACCEPT_INSTALL|DETAIL=rt3_map_g1
0000000000000000000000000000000000000000000000000000000000000000|0000000000000000000000000000000000000000000000000000000000000000|0|3|rt4_TMB-5_MAP_g1_03889.r24|2|1|RICH|794|0|2620|0000000000000000000000000000000000000000000000000000000000000000|RICH|1|794|DISP=ACCEPT_INSTALL|DETAIL=rt3_map_g1
0000000000000000000000000000000000000000000000000000000000000000|0000000000000000000000000000000000000000000000000000000000000000|0|3|rt4_TMB-5_MAP_g1_03890.r24|2|1|RICH|796|0|2620|0000000000000000000000000000000000000000000000000000000000000000|RICH|1|796|DISP=ACCEPT_INSTALL|DETAIL=rt3_map_g1
0000000000000000000000000000000000000000000000000000000000000000|0000000000000000000000000000000000000000000000000000000000000000|0|3|rt4_TMB-5_MAP_g1_03891.r24|2|1|RICH|798|0|2620|0000000000000000000000000000000000000000000000000000000000000000|RICH|1|798|DISP=ACCEPT_INSTALL|DETAIL=rt3_map_g1
0000000000000000000000000000000000000000000000000000000000000000|0000000000000000000000000000000000000000000000000000000000000000|0|3|rt4_TMB-5_MAP_g1_03892.r24|2|1|RICH|800|0|2620|0000000000000000000000000000000000000000000000000000000000000000|RICH|1|800|DISP=ACCEPT_INSTALL|DETAIL=rt3_map_g1
0000000000000000000000000000000000000000000000000000000000000000|0000000000000000000000000000000000000000000000000000000000000000|0|3|rt4_TMB-5_MAP_g1_03893.r24|2|1|RICH|802|0|2620|0000000000000000000000000000000000000000000000000000000000000000|RICH|1|802|DISP=ACCEPT_INSTALL|DETAIL=rt3_map_g1
0000000000000000000000000000000000000000000000000000000000000000|0000000000000000000000000000000000000000000000000000000000000000|0|3|rt4_TMB-5_MAP_g1_03894.r24|2|1|RICH|804|0|2620|0000000000000000000000000000000000000000000000000000000000000000|RICH|1|804|DISP=ACCEPT_INSTALL|DETAIL=rt3_map_g1
0000000000000000000000000000000000000000000000000000000000000000|0000000000000000000000000000000000000000000000000000000000000000|0|3|rt4_TMB-5_MAP_g1_03895.r24|2|1|RICH|806|0|2620|0000000000000000000000000000000000000000000000000000000000000000|RICH|1|806|DISP=ACCEPT_INSTALL|DETAIL=rt3_map_g1
0000000000000000000000000000000000000000000000000000000000000000|0000000000000000000000000000000000000000000000000000000000000000|0|3|rt4_TMB-5_MAP_g1_03896.r24|2|1|RICH|808|0|2620|0000000000000000000000000000000000000000000000000000000000000000|RICH|1|808|DISP=ACCEPT_INSTALL|DETAIL=rt3_map_g1
0000000000000000000000000000000000000000000000000000000000000000|0000000000000000000000000000000000000000000000000000000000000000|0|3|rt4_TMB-5_MAP_g1_03897.r24|2|1|RICH|810|0|2620|0000000000000000000000000000000000000000000000000000000000000000|RICH|1|810|DISP=ACCEPT_INSTALL|DETAIL=rt3_map_g1
0000000000000000000000000000000000000000000000000000000000000000|0000000000000000000000000000000000000000000000000000000000000000|0|3|rt4_TMB-5_MAP_g1_03898.r24|2|1|RICH|812|0|2620|0000000000000000000000000000000000000000000000000000000000000000|RICH|1|812|DISP=ACCEPT_INSTALL|DETAIL=rt3_map_g1
0000000000000000000000000000000000000000000000000000000000000000|0000000000000000000000000000000000000000000000000000000000000000|0|3|rt4_TMB-5_MAP_g1_03899.r24|2|1|RICH|814|0|2620|0000000000000000000000000000000000000000000000000000000000000000|RICH|1|814|DISP=ACCEPT_INSTALL|DETAIL=rt3_map_g1
0000000000000000000000000000000000000000000000000000000000000000|0000000000000000000000000000000000000000000000000000000000000000|0|3|rt4_TMB-5_MAP_g1_03900.r24|2|1|RICH|816|0|2620|0000000000000000000000000000000000000000000000000000000000000000|RICH|1|816|DISP=ACCEPT_INSTALL|DETAIL=rt3_map_g1
0000000000000000000000000000000000000000000000000000000000000000|0000000000000000000000000000000000000000000000000000000000000000|0|3|rt4_TMB-5_MAP_g1_03901.r24|2|1|RICH|818|0|2620|0000000000000000000000000000000000000000000000000000000000000000|RICH|1|818|DISP=ACCEPT_INSTALL|DETAIL=rt3_map_g1
0000000000000000000000000000000000000000000000000000000000000000|0000000000000000000000000000000000000000000000000000000000000000|0|3|rt4_TMB-5_MAP_g1_03902.r24|2|1|RICH|820|0|2620|0000000000000000000000000000000000000000000000000000000000000000|RICH|1|820|DISP=ACCEPT_INSTALL|DETAIL=rt3_map_g1
0000000000000000000000000000000000000000000000000000000000000000|0000000000000000000000000000000000000000000000000000000000000000|0|3|rt4_TMB-5_MAP_g1_03903.r24|2|1|RICH|822|0|2620|0000000000000000000000000000000000000000000000000000000000000000|RICH|1|822|DISP=ACCEPT_INSTALL|DETAIL=rt3_map_g1
0000000000000000000000000000000000000000000000000000000000000000|0000000000000000000000000000000000000000000000000000000000000000|0|3|rt4_TMB-5_MAP_g1_03904.r24|2|1|RICH|824|0|2620|0000000000000000000000000000000000000000000000000000000000000000|RICH|1|824|DISP=ACCEPT_INSTALL|DETAIL=rt3_map_g1
0000000000000000000000000000000000000000000000000000000000000000|0000000000000000000000000000000000000000000000000000000000000000|0|3|rt4_TMB-5_MAP_g1_03905.r24|2|1|RICH|826|0|2620|0000000000000000000000000000000000000000000000000000000000000000|RICH|1|826|DISP=ACCEPT_INSTALL|DETAIL=rt3_map_g1
0000000000000000000000000000000000000000000000000000000000000000|0000000000000000000000000000000000000000000000000000000000000000|0|3|rt4_TMB-5_MAP_g1_03906.r24|2|1|RICH|828|0|2620|0000000000000000000000000000000000000000000000000000000000000000|RICH|1|828|DISP=ACCEPT_INSTALL|DETAIL=rt3_map_g1
0000000000000000000000000000000000000000000000000000000000000000|0000000000000000000000000000000000000000000000000000000000000000|0|3|rt4_TMB-5_MAP_g1_03907.r24|2|1|RICH|830|0|2620|0000000000000000000000000000000000000000000000000000000000000000|RICH|1|830|DISP=ACCEPT_INSTALL|DETAIL=rt3_map_g1
0000000000000000000000000000000000000000000000000000000000000000|0000000000000000000000000000000000000000000000000000000000000000|0|3|rt4_TMB-5_MAP_g1_03908.r24|2|1|RICH|832|0|2620|0000000000000000000000000000000000000000000000000000000000000000|RICH|1|832|DISP=ACCEPT_INSTALL|DETAIL=rt3_map_g1
0000000000000000000000000000000000000000000000000000000000000000|0000000000000000000000000000000000000000000000000000000000000000|0|3|rt4_TMB-5_MAP_g1_03909.r24|2|1|RICH|834|0|2620|0000000000000000000000000000000000000000000000000000000000000000|RICH|1|834|DISP=ACCEPT_INSTALL|DETAIL=rt3_map_g1
0000000000000000000000000000000000000000000000000000000000000000|0000000000000000000000000000000000000000000000000000000000000000|0|3|rt4_TMB-5_MAP_g1_03910.r24|2|1|RICH|836|0|2620|0000000000000000000000000000000000000000000000000000000000000000|RICH|1|836|DISP=ACCEPT_INSTALL|DETAIL=rt3_map_g1
0000000000000000000000000000000000000000000000000000000000000000|0000000000000000000000000000000000000000000000000000000000000000|0|3|rt4_TMB-5_MAP_g1_03911.r24|2|1|RICH|838|0|2620|0000000000000000000000000000000000000000000000000000000000000000|RICH|1|838|DISP=ACCEPT_INSTALL|DETAIL=rt3_map_g1
0000000000000000000000000000000000000000000000000000000000000000|0000000000000000000000000000000000000000000000000000000000000000|0|3|rt4_TMB-5_MAP_g1_03912.r24|2|1|RICH|840|0|2620|0000000000000000000000000000000000000000000000000000000000000000|RICH|1|840|DISP=ACCEPT_INSTALL|DETAIL=rt3_map_g1
0000000000000000000000000000000000000000000000000000000000000000|0000000000000000000000000000000000000000000000000000000000000000|0|3|rt4_TMB-5_MAP_g1_03913.r24|2|1|RICH|842|0|2620|0000000000000000000000000000000000000000000000000000000000000000|RICH|1|842|DISP=ACCEPT_INSTALL|DETAIL=rt3_map_g1
0000000000000000000000000000000000000000000000000000000000000000|0000000000000000000000000000000000000000000000000000000000000000|0|3|rt4_TMB-5_MAP_g1_03914.r24|2|1|RICH|844|0|2620|0000000000000000000000000000000000000000000000000000000000000000|RICH|1|844|DISP=ACCEPT_INSTALL|DETAIL=rt3_map_g1
0000000000000000000000000000000000000000000000000000000000000000|0000000000000000000000000000000000000000000000000000000000000000|0|3|rt4_TMB-5_MAP_g1_03915.r24|2|1|RICH|846|0|2620|0000000000000000000000000000000000000000000000000000000000000000|RICH|1|846|DISP=ACCEPT_INSTALL|DETAIL=rt3_map_g1
0000000000000000000000000000000000000000000000000000000000000000|0000000000000000000000000000000000000000000000000000000000000000|0|3|rt4_TMB-5_MAP_g1_03916.r24|2|1|RICH|848|0|2620|0000000000000000000000000000000000000000000000000000000000000000|RICH|1|848|DISP=ACCEPT_INSTALL|DETAIL=rt3_map_g1
0000000000000000000000000000000000000000000000000000000000000000|0000000000000000000000000000000000000000000000000000000000000000|0|3|rt4_TMB-5_MAP_g1_03917.r24|2|1|RICH|850|0|2620|0000000000000000000000000000000000000000000000000000000000000000|RICH|1|850|DISP=ACCEPT_INSTALL|DETAIL=rt3_map_g1
0000000000000000000000000000000000000000000000000000000000000000|0000000000000000000000000000000000000000000000000000000000000000|0|3|rt4_TMB-5_MAP_g1_03918.r24|2|1|RICH|852|0|2620|0000000000000000000000000000000000000000000000000000000000000000|RICH|1|852|DISP=ACCEPT_INSTALL|DETAIL=rt3_map_g1
0000000000000000000000000000000000000000000000000000000000000000|0000000000000000000000000000000000000000000000000000000000000000|0|3|rt4_TMB-5_MAP_g1_03919.r24|2|1|RICH|854|0|2620|0000000000000000000000000000000000000000000000000000000000000000|RICH|1|854|DISP=ACCEPT_INSTALL|DETAIL=rt3_map_g1
0000000000000000000000000000000000000000000000000000000000000000|0000000000000000000000000000000000000000000000000000000000000000|0|3|rt4_TMB-5_MAP_g1_03920.r24|2|1|RICH|856|0|2620|0000000000000000000000000000000000000000000000000000000000000000|RICH|1|856|DISP=ACCEPT_INSTALL|DETAIL=rt3_map_g1
0000000000000000000000000000000000000000000000000000000000000000|0000000000000000000000000000000000000000000000000000000000000000|0|3|rt4_TMB-5_MAP_g1_03921.r24|2|1|RICH|858|0|2620|0000000000000000000000000000000000000000000000000000000000000000|RICH|1|858|DISP=ACCEPT_INSTALL|DETAIL=rt3_map_g1
0000000000000000000000000000000000000000000000000000000000000000|0000000000000000000000000000000000000000000000000000000000000000|0|3|rt4_TMB-5_MAP_g1_03922.r24|2|1|RICH|860|0|2620|0000000000000000000000000000000000000000000000000000000000000000|RICH|1|860|DISP=ACCEPT_INSTALL|DETAIL=rt3_map_g1
0000000000000000000000000000000000000000000000000000000000000000|0000000000000000000000000000000000000000000000000000000000000000|0|3|rt4_TMB-5_MAP_g1_03923.r24|2|1|RICH|862|0|2620|0000000000000000000000000000000000000000000000000000000000000000|RICH|1|862|DISP=ACCEPT_INSTALL|DETAIL=rt3_map_g1
0000000000000000000000000000000000000000000000000000000000000000|0000000000000000000000000000000000000000000000000000000000000000|0|3|rt4_TMB-5_MAP_g1_03924.r24|2|1|RICH|864|0|2620|0000000000000000000000000000000000000000000000000000000000000000|RICH|1|864|DISP=ACCEPT_INSTALL|DETAIL=rt3_map_g1
0000000000000000000000000000000000000000000000000000000000000000|0000000000000000000000000000000000000000000000000000000000000000|0|3|rt4_TMB-5_MAP_g1_03925.r24|2|1|RICH|866|0|2620|0000000000000000000000000000000000000000000000000000000000000000|RICH|1|866|DISP=ACCEPT_INSTALL|DETAIL=rt3_map_g1
0000000000000000000000000000000000000000000000000000000000000000|0000000000000000000000000000000000000000000000000000000000000000|0|3|rt4_TMB-5_MAP_g1_03926.r24|2|1|RICH|868|0|2620|0000000000000000000000000000000000000000000000000000000000000000|RICH|1|868|DISP=ACCEPT_INSTALL|DETAIL=rt3_map_g1
0000000000000000000000000000000000000000000000000000000000000000|0000000000000000000000000000000000000000000000000000000000000000|0|3|rt4_TMB-5_MAP_g1_03927.r24|2|1|RICH|870|0|2620|0000000000000000000000000000000000000000000000000000000000000000|RICH|1|870|DISP=ACCEPT_INSTALL|DETAIL=rt3_map_g1
0000000000000000000000000000000000000000000000000000000000000000|0000000000000000000000000000000000000000000000000000000000000000|0|3|rt4_TMB-5_MAP_g1_03928.r24|2|1|RICH|872|0|2620|0000000000000000000000000000000000000000000000000000000000000000|RICH|1|872|DISP=ACCEPT_INSTALL|DETAIL=rt3_map_g1
0000000000000000000000000000000000000000000000000000000000000000|0000000000000000000000000000000000000000000000000000000000000000|0|3|rt4_TMB-5_MAP_g1_03929.r24|2|1|RICH|874|0|2620|0000000000000000000000000000000000000000000000000000000000000000|RICH|1|874|DISP=ACCEPT_INSTALL|DETAIL=rt3_map_g1
0000000000000000000000000000000000000000000000000000000000000000|0000000000000000000000000000000000000000000000000000000000000000|0|3|rt4_TMB-5_MAP_g1_03930.r24|2|1|RICH|876|0|2620|0000000000000000000000000000000000000000000000000000000000000000|RICH|1|876|DISP=ACCEPT_INSTALL|DETAIL=rt3_map_g1
0000000000000000000000000000000000000000000000000000000000000000|0000000000000000000000000000000000000000000000000000000000000000|0|3|rt4_TMB-5_MAP_g1_03931.r24|2|1|RICH|878|0|2620|0000000000000000000000000000000000000000000000000000000000000000|RICH|1|878|DISP=ACCEPT_INSTALL|DETAIL=rt3_map_g1
0000000000000000000000000000000000000000000000000000000000000000|0000000000000000000000000000000000000000000000000000000000000000|0|3|rt4_TMB-5_MAP_g1_03932.r24|2|1|RICH|880|0|2620|0000000000000000000000000000000000000000000000000000000000000000|RICH|1|880|DISP=ACCEPT_INSTALL|DETAIL=rt3_map_g1
0000000000000000000000000000000000000000000000000000000000000000|0000000000000000000000000000000000000000000000000000000000000000|0|3|rt4_TMB-5_MAP_g1_03933.r24|2|1|RICH|540|0|2630|0000000000000000000000000000000000000000000000000000000000000000|RICH|1|540|DISP=ACCEPT_INSTALL|DETAIL=rt3_map_g1
0000000000000000000000000000000000000000000000000000000000000000|0000000000000000000000000000000000000000000000000000000000000000|0|3|rt4_TMB-5_MAP_g1_03934.r24|2|1|RICH|542|0|2630|0000000000000000000000000000000000000000000000000000000000000000|RICH|1|542|DISP=ACCEPT_INSTALL|DETAIL=rt3_map_g1
0000000000000000000000000000000000000000000000000000000000000000|0000000000000000000000000000000000000000000000000000000000000000|0|3|rt4_TMB-5_MAP_g1_03935.r24|2|1|RICH|544|0|2630|0000000000000000000000000000000000000000000000000000000000000000|RICH|1|544|DISP=ACCEPT_INSTALL|DETAIL=rt3_map_g1
0000000000000000000000000000000000000000000000000000000000000000|0000000000000000000000000000000000000000000000000000000000000000|0|3|rt4_TMB-5_MAP_g1_03936.r24|2|1|RICH|546|0|2630|0000000000000000000000000000000000000000000000000000000000000000|RICH|1|546|DISP=ACCEPT_INSTALL|DETAIL=rt3_map_g1
0000000000000000000000000000000000000000000000000000000000000000|0000000000000000000000000000000000000000000000000000000000000000|0|3|rt4_TMB-5_MAP_g1_03937.r24|2|1|RICH|548|0|2630|0000000000000000000000000000000000000000000000000000000000000000|RICH|1|548|DISP=ACCEPT_INSTALL|DETAIL=rt3_map_g1
0000000000000000000000000000000000000000000000000000000000000000|0000000000000000000000000000000000000000000000000000000000000000|0|3|rt4_TMB-5_MAP_g1_03938.r24|2|1|RICH|550|0|2630|0000000000000000000000000000000000000000000000000000000000000000|RICH|1|550|DISP=ACCEPT_INSTALL|DETAIL=rt3_map_g1
0000000000000000000000000000000000000000000000000000000000000000|0000000000000000000000000000000000000000000000000000000000000000|0|3|rt4_TMB-5_MAP_g1_03939.r24|2|1|RICH|552|0|2630|0000000000000000000000000000000000000000000000000000000000000000|RICH|1|552|DISP=ACCEPT_INSTALL|DETAIL=rt3_map_g1
0000000000000000000000000000000000000000000000000000000000000000|0000000000000000000000000000000000000000000000000000000000000000|0|3|rt4_TMB-5_MAP_g1_03940.r24|2|1|RICH|554|0|2630|0000000000000000000000000000000000000000000000000000000000000000|RICH|1|554|DISP=ACCEPT_INSTALL|DETAIL=rt3_map_g1
0000000000000000000000000000000000000000000000000000000000000000|0000000000000000000000000000000000000000000000000000000000000000|0|3|rt4_TMB-5_MAP_g1_03941.r24|2|1|RICH|556|0|2630|0000000000000000000000000000000000000000000000000000000000000000|RICH|1|556|DISP=ACCEPT_INSTALL|DETAIL=rt3_map_g1
0000000000000000000000000000000000000000000000000000000000000000|0000000000000000000000000000000000000000000000000000000000000000|0|3|rt4_TMB-5_MAP_g1_03942.r24|2|1|RICH|558|0|2630|0000000000000000000000000000000000000000000000000000000000000000|RICH|1|558|DISP=ACCEPT_INSTALL|DETAIL=rt3_map_g1
0000000000000000000000000000000000000000000000000000000000000000|0000000000000000000000000000000000000000000000000000000000000000|0|3|rt4_TMB-5_MAP_g1_03943.r24|2|1|RICH|560|0|2630|0000000000000000000000000000000000000000000000000000000000000000|RICH|1|560|DISP=ACCEPT_INSTALL|DETAIL=rt3_map_g1
0000000000000000000000000000000000000000000000000000000000000000|0000000000000000000000000000000000000000000000000000000000000000|0|3|rt4_TMB-5_MAP_g1_03944.r24|2|1|RICH|562|0|2630|0000000000000000000000000000000000000000000000000000000000000000|RICH|1|562|DISP=ACCEPT_INSTALL|DETAIL=rt3_map_g1
0000000000000000000000000000000000000000000000000000000000000000|0000000000000000000000000000000000000000000000000000000000000000|0|3|rt4_TMB-5_MAP_g1_03945.r24|2|1|RICH|564|0|2630|0000000000000000000000000000000000000000000000000000000000000000|RICH|1|564|DISP=ACCEPT_INSTALL|DETAIL=rt3_map_g1
0000000000000000000000000000000000000000000000000000000000000000|0000000000000000000000000000000000000000000000000000000000000000|0|3|rt4_TMB-5_MAP_g1_03946.r24|2|1|RICH|566|0|2630|0000000000000000000000000000000000000000000000000000000000000000|RICH|1|566|DISP=ACCEPT_INSTALL|DETAIL=rt3_map_g1
0000000000000000000000000000000000000000000000000000000000000000|0000000000000000000000000000000000000000000000000000000000000000|0|3|rt4_TMB-5_MAP_g1_03947.r24|2|1|RICH|568|0|2630|0000000000000000000000000000000000000000000000000000000000000000|RICH|1|568|DISP=ACCEPT_INSTALL|DETAIL=rt3_map_g1
0000000000000000000000000000000000000000000000000000000000000000|0000000000000000000000000000000000000000000000000000000000000000|0|3|rt4_TMB-5_MAP_g1_03948.r24|2|1|RICH|570|0|2630|0000000000000000000000000000000000000000000000000000000000000000|RICH|1|570|DISP=ACCEPT_INSTALL|DETAIL=rt3_map_g1
0000000000000000000000000000000000000000000000000000000000000000|0000000000000000000000000000000000000000000000000000000000000000|0|3|rt4_TMB-5_MAP_g1_03949.r24|2|1|RICH|572|0|2630|0000000000000000000000000000000000000000000000000000000000000000|RICH|1|572|DISP=ACCEPT_INSTALL|DETAIL=rt3_map_g1
0000000000000000000000000000000000000000000000000000000000000000|0000000000000000000000000000000000000000000000000000000000000000|0|3|rt4_TMB-5_MAP_g1_03950.r24|2|1|RICH|574|0|2630|0000000000000000000000000000000000000000000000000000000000000000|RICH|1|574|DISP=ACCEPT_INSTALL|DETAIL=rt3_map_g1
0000000000000000000000000000000000000000000000000000000000000000|0000000000000000000000000000000000000000000000000000000000000000|0|3|rt4_TMB-5_MAP_g1_03951.r24|2|1|RICH|576|0|2630|0000000000000000000000000000000000000000000000000000000000000000|RICH|1|576|DISP=ACCEPT_INSTALL|DETAIL=rt3_map_g1
0000000000000000000000000000000000000000000000000000000000000000|0000000000000000000000000000000000000000000000000000000000000000|0|3|rt4_TMB-5_MAP_g1_03952.r24|2|1|RICH|578|0|2630|0000000000000000000000000000000000000000000000000000000000000000|RICH|1|578|DISP=ACCEPT_INSTALL|DETAIL=rt3_map_g1
0000000000000000000000000000000000000000000000000000000000000000|0000000000000000000000000000000000000000000000000000000000000000|0|3|rt4_TMB-5_MAP_g1_03953.r24|2|1|RICH|580|0|2630|0000000000000000000000000000000000000000000000000000000000000000|RICH|1|580|DISP=ACCEPT_INSTALL|DETAIL=rt3_map_g1
0000000000000000000000000000000000000000000000000000000000000000|0000000000000000000000000000000000000000000000000000000000000000|0|3|rt4_TMB-5_MAP_g1_03954.r24|2|1|RICH|582|0|2630|0000000000000000000000000000000000000000000000000000000000000000|RICH|1|582|DISP=ACCEPT_INSTALL|DETAIL=rt3_map_g1
0000000000000000000000000000000000000000000000000000000000000000|0000000000000000000000000000000000000000000000000000000000000000|0|3|rt4_TMB-5_MAP_g1_03955.r24|2|1|RICH|584|0|2630|0000000000000000000000000000000000000000000000000000000000000000|RICH|1|584|DISP=ACCEPT_INSTALL|DETAIL=rt3_map_g1
0000000000000000000000000000000000000000000000000000000000000000|0000000000000000000000000000000000000000000000000000000000000000|0|3|rt4_TMB-5_MAP_g1_03956.r24|2|1|RICH|586|0|2630|0000000000000000000000000000000000000000000000000000000000000000|RICH|1|586|DISP=ACCEPT_INSTALL|DETAIL=rt3_map_g1
0000000000000000000000000000000000000000000000000000000000000000|0000000000000000000000000000000000000000000000000000000000000000|0|3|rt4_TMB-5_MAP_g1_03957.r24|2|1|RICH|588|0|2630|0000000000000000000000000000000000000000000000000000000000000000|RICH|1|588|DISP=ACCEPT_INSTALL|DETAIL=rt3_map_g1
0000000000000000000000000000000000000000000000000000000000000000|0000000000000000000000000000000000000000000000000000000000000000|0|3|rt4_TMB-5_MAP_g1_03958.r24|2|1|RICH|590|0|2630|0000000000000000000000000000000000000000000000000000000000000000|RICH|1|590|DISP=ACCEPT_INSTALL|DETAIL=rt3_map_g1
0000000000000000000000000000000000000000000000000000000000000000|0000000000000000000000000000000000000000000000000000000000000000|0|3|rt4_TMB-5_MAP_g1_03959.r24|2|1|RICH|592|0|2630|0000000000000000000000000000000000000000000000000000000000000000|RICH|1|592|DISP=ACCEPT_INSTALL|DETAIL=rt3_map_g1
0000000000000000000000000000000000000000000000000000000000000000|0000000000000000000000000000000000000000000000000000000000000000|0|3|rt4_TMB-5_MAP_g1_03960.r24|2|1|RICH|594|0|2630|0000000000000000000000000000000000000000000000000000000000000000|RICH|1|594|DISP=ACCEPT_INSTALL|DETAIL=rt3_map_g1
0000000000000000000000000000000000000000000000000000000000000000|0000000000000000000000000000000000000000000000000000000000000000|0|3|rt4_TMB-5_MAP_g1_03961.r24|2|1|RICH|596|0|2630|0000000000000000000000000000000000000000000000000000000000000000|RICH|1|596|DISP=ACCEPT_INSTALL|DETAIL=rt3_map_g1
0000000000000000000000000000000000000000000000000000000000000000|0000000000000000000000000000000000000000000000000000000000000000|0|3|rt4_TMB-5_MAP_g1_03962.r24|2|1|RICH|598|0|2630|0000000000000000000000000000000000000000000000000000000000000000|RICH|1|598|DISP=ACCEPT_INSTALL|DETAIL=rt3_map_g1
0000000000000000000000000000000000000000000000000000000000000000|0000000000000000000000000000000000000000000000000000000000000000|0|3|rt4_TMB-5_MAP_g1_03963.r24|2|1|RICH|600|0|2630|0000000000000000000000000000000000000000000000000000000000000000|RICH|1|600|DISP=ACCEPT_INSTALL|DETAIL=rt3_map_g1
0000000000000000000000000000000000000000000000000000000000000000|0000000000000000000000000000000000000000000000000000000000000000|0|3|rt4_TMB-5_MAP_g1_03964.r24|2|1|RICH|602|0|2630|0000000000000000000000000000000000000000000000000000000000000000|RICH|1|602|DISP=ACCEPT_INSTALL|DETAIL=rt3_map_g1
0000000000000000000000000000000000000000000000000000000000000000|0000000000000000000000000000000000000000000000000000000000000000|0|3|rt4_TMB-5_MAP_g1_03965.r24|2|1|RICH|604|0|2630|0000000000000000000000000000000000000000000000000000000000000000|RICH|1|604|DISP=ACCEPT_INSTALL|DETAIL=rt3_map_g1
0000000000000000000000000000000000000000000000000000000000000000|0000000000000000000000000000000000000000000000000000000000000000|0|3|rt4_TMB-5_MAP_g1_03966.r24|2|1|RICH|606|0|2630|0000000000000000000000000000000000000000000000000000000000000000|RICH|1|606|DISP=ACCEPT_INSTALL|DETAIL=rt3_map_g1
0000000000000000000000000000000000000000000000000000000000000000|0000000000000000000000000000000000000000000000000000000000000000|0|3|rt4_TMB-5_MAP_g1_03967.r24|2|1|RICH|608|0|2630|0000000000000000000000000000000000000000000000000000000000000000|RICH|1|608|DISP=ACCEPT_INSTALL|DETAIL=rt3_map_g1
0000000000000000000000000000000000000000000000000000000000000000|0000000000000000000000000000000000000000000000000000000000000000|0|3|rt4_TMB-5_MAP_g1_03968.r24|2|1|RICH|610|0|2630|0000000000000000000000000000000000000000000000000000000000000000|RICH|1|610|DISP=ACCEPT_INSTALL|DETAIL=rt3_map_g1
0000000000000000000000000000000000000000000000000000000000000000|0000000000000000000000000000000000000000000000000000000000000000|0|3|rt4_TMB-5_MAP_g1_03969.r24|2|1|RICH|612|0|2630|0000000000000000000000000000000000000000000000000000000000000000|RICH|1|612|DISP=ACCEPT_INSTALL|DETAIL=rt3_map_g1
0000000000000000000000000000000000000000000000000000000000000000|0000000000000000000000000000000000000000000000000000000000000000|0|3|rt4_TMB-5_MAP_g1_03970.r24|2|1|RICH|614|0|2630|0000000000000000000000000000000000000000000000000000000000000000|RICH|1|614|DISP=ACCEPT_INSTALL|DETAIL=rt3_map_g1
0000000000000000000000000000000000000000000000000000000000000000|0000000000000000000000000000000000000000000000000000000000000000|0|3|rt4_TMB-5_MAP_g1_03971.r24|2|1|RICH|616|0|2630|0000000000000000000000000000000000000000000000000000000000000000|RICH|1|616|DISP=ACCEPT_INSTALL|DETAIL=rt3_map_g1
0000000000000000000000000000000000000000000000000000000000000000|0000000000000000000000000000000000000000000000000000000000000000|0|3|rt4_TMB-5_MAP_g1_03972.r24|2|1|RICH|618|0|2630|0000000000000000000000000000000000000000000000000000000000000000|RICH|1|618|DISP=ACCEPT_INSTALL|DETAIL=rt3_map_g1
0000000000000000000000000000000000000000000000000000000000000000|0000000000000000000000000000000000000000000000000000000000000000|0|3|rt4_TMB-5_MAP_g1_03973.r24|2|1|RICH|620|0|2630|0000000000000000000000000000000000000000000000000000000000000000|RICH|1|620|DISP=ACCEPT_INSTALL|DETAIL=rt3_map_g1
0000000000000000000000000000000000000000000000000000000000000000|0000000000000000000000000000000000000000000000000000000000000000|0|3|rt4_TMB-5_MAP_g1_03974.r24|2|1|RICH|622|0|2630|0000000000000000000000000000000000000000000000000000000000000000|RICH|1|622|DISP=ACCEPT_INSTALL|DETAIL=rt3_map_g1
0000000000000000000000000000000000000000000000000000000000000000|0000000000000000000000000000000000000000000000000000000000000000|0|3|rt4_TMB-5_MAP_g1_03975.r24|2|1|RICH|624|0|2630|0000000000000000000000000000000000000000000000000000000000000000|RICH|1|624|DISP=ACCEPT_INSTALL|DETAIL=rt3_map_g1
0000000000000000000000000000000000000000000000000000000000000000|0000000000000000000000000000000000000000000000000000000000000000|0|3|rt4_TMB-5_MAP_g1_03976.r24|2|1|RICH|626|0|2630|0000000000000000000000000000000000000000000000000000000000000000|RICH|1|626|DISP=ACCEPT_INSTALL|DETAIL=rt3_map_g1
0000000000000000000000000000000000000000000000000000000000000000|0000000000000000000000000000000000000000000000000000000000000000|0|3|rt4_TMB-5_MAP_g1_03977.r24|2|1|RICH|628|0|2630|0000000000000000000000000000000000000000000000000000000000000000|RICH|1|628|DISP=ACCEPT_INSTALL|DETAIL=rt3_map_g1
0000000000000000000000000000000000000000000000000000000000000000|0000000000000000000000000000000000000000000000000000000000000000|0|3|rt4_TMB-5_MAP_g1_03978.r24|2|1|RICH|630|0|2630|0000000000000000000000000000000000000000000000000000000000000000|RICH|1|630|DISP=ACCEPT_INSTALL|DETAIL=rt3_map_g1
0000000000000000000000000000000000000000000000000000000000000000|0000000000000000000000000000000000000000000000000000000000000000|0|3|rt4_TMB-5_MAP_g1_03979.r24|2|1|RICH|632|0|2630|0000000000000000000000000000000000000000000000000000000000000000|RICH|1|632|DISP=ACCEPT_INSTALL|DETAIL=rt3_map_g1
0000000000000000000000000000000000000000000000000000000000000000|0000000000000000000000000000000000000000000000000000000000000000|0|3|rt4_TMB-5_MAP_g1_03980.r24|2|1|RICH|634|0|2630|0000000000000000000000000000000000000000000000000000000000000000|RICH|1|634|DISP=ACCEPT_INSTALL|DETAIL=rt3_map_g1
0000000000000000000000000000000000000000000000000000000000000000|0000000000000000000000000000000000000000000000000000000000000000|0|3|rt4_TMB-5_MAP_g1_03981.r24|2|1|RICH|636|0|2630|0000000000000000000000000000000000000000000000000000000000000000|RICH|1|636|DISP=ACCEPT_INSTALL|DETAIL=rt3_map_g1
0000000000000000000000000000000000000000000000000000000000000000|0000000000000000000000000000000000000000000000000000000000000000|0|3|rt4_TMB-5_MAP_g1_03982.r24|2|1|RICH|638|0|2630|0000000000000000000000000000000000000000000000000000000000000000|RICH|1|638|DISP=ACCEPT_INSTALL|DETAIL=rt3_map_g1
0000000000000000000000000000000000000000000000000000000000000000|0000000000000000000000000000000000000000000000000000000000000000|0|3|rt4_TMB-5_MAP_g1_03983.r24|2|1|RICH|640|0|2630|0000000000000000000000000000000000000000000000000000000000000000|RICH|1|640|DISP=ACCEPT_INSTALL|DETAIL=rt3_map_g1
0000000000000000000000000000000000000000000000000000000000000000|0000000000000000000000000000000000000000000000000000000000000000|0|3|rt4_TMB-5_MAP_g1_03984.r24|2|1|RICH|642|0|2630|0000000000000000000000000000000000000000000000000000000000000000|RICH|1|642|DISP=ACCEPT_INSTALL|DETAIL=rt3_map_g1
0000000000000000000000000000000000000000000000000000000000000000|0000000000000000000000000000000000000000000000000000000000000000|0|3|rt4_TMB-5_MAP_g1_03985.r24|2|1|RICH|644|0|2630|0000000000000000000000000000000000000000000000000000000000000000|RICH|1|644|DISP=ACCEPT_INSTALL|DETAIL=rt3_map_g1
0000000000000000000000000000000000000000000000000000000000000000|0000000000000000000000000000000000000000000000000000000000000000|0|3|rt4_TMB-5_MAP_g1_03986.r24|2|1|RICH|646|0|2630|0000000000000000000000000000000000000000000000000000000000000000|RICH|1|646|DISP=ACCEPT_INSTALL|DETAIL=rt3_map_g1
0000000000000000000000000000000000000000000000000000000000000000|0000000000000000000000000000000000000000000000000000000000000000|0|3|rt4_TMB-5_MAP_g1_03987.r24|2|1|RICH|648|0|2630|0000000000000000000000000000000000000000000000000000000000000000|RICH|1|648|DISP=ACCEPT_INSTALL|DETAIL=rt3_map_g1
0000000000000000000000000000000000000000000000000000000000000000|0000000000000000000000000000000000000000000000000000000000000000|0|3|rt4_TMB-5_MAP_g1_03988.r24|2|1|RICH|650|0|2630|0000000000000000000000000000000000000000000000000000000000000000|RICH|1|650|DISP=ACCEPT_INSTALL|DETAIL=rt3_map_g1
0000000000000000000000000000000000000000000000000000000000000000|0000000000000000000000000000000000000000000000000000000000000000|0|3|rt4_TMB-5_MAP_g1_03989.r24|2|1|RICH|652|0|2630|0000000000000000000000000000000000000000000000000000000000000000|RICH|1|652|DISP=ACCEPT_INSTALL|DETAIL=rt3_map_g1
0000000000000000000000000000000000000000000000000000000000000000|0000000000000000000000000000000000000000000000000000000000000000|0|3|rt4_TMB-5_MAP_g1_03990.r24|2|1|RICH|654|0|2630|0000000000000000000000000000000000000000000000000000000000000000|RICH|1|654|DISP=ACCEPT_INSTALL|DETAIL=rt3_map_g1
0000000000000000000000000000000000000000000000000000000000000000|0000000000000000000000000000000000000000000000000000000000000000|0|3|rt4_TMB-5_MAP_g1_03991.r24|2|1|RICH|656|0|2630|0000000000000000000000000000000000000000000000000000000000000000|RICH|1|656|DISP=ACCEPT_INSTALL|DETAIL=rt3_map_g1
0000000000000000000000000000000000000000000000000000000000000000|0000000000000000000000000000000000000000000000000000000000000000|0|3|rt4_TMB-5_MAP_g1_03992.r24|2|1|RICH|658|0|2630|0000000000000000000000000000000000000000000000000000000000000000|RICH|1|658|DISP=ACCEPT_INSTALL|DETAIL=rt3_map_g1
0000000000000000000000000000000000000000000000000000000000000000|0000000000000000000000000000000000000000000000000000000000000000|0|3|rt4_TMB-5_MAP_g1_03993.r24|2|1|RICH|660|0|2630|0000000000000000000000000000000000000000000000000000000000000000|RICH|1|660|DISP=ACCEPT_INSTALL|DETAIL=rt3_map_g1
0000000000000000000000000000000000000000000000000000000000000000|0000000000000000000000000000000000000000000000000000000000000000|0|3|rt4_TMB-5_MAP_g1_03994.r24|2|1|RICH|662|0|2630|0000000000000000000000000000000000000000000000000000000000000000|RICH|1|662|DISP=ACCEPT_INSTALL|DETAIL=rt3_map_g1
0000000000000000000000000000000000000000000000000000000000000000|0000000000000000000000000000000000000000000000000000000000000000|0|3|rt4_TMB-5_MAP_g1_03995.r24|2|1|RICH|664|0|2630|0000000000000000000000000000000000000000000000000000000000000000|RICH|1|664|DISP=ACCEPT_INSTALL|DETAIL=rt3_map_g1
0000000000000000000000000000000000000000000000000000000000000000|0000000000000000000000000000000000000000000000000000000000000000|0|3|rt4_TMB-5_MAP_g1_03996.r24|2|1|RICH|666|0|2630|0000000000000000000000000000000000000000000000000000000000000000|RICH|1|666|DISP=ACCEPT_INSTALL|DETAIL=rt3_map_g1
0000000000000000000000000000000000000000000000000000000000000000|0000000000000000000000000000000000000000000000000000000000000000|0|3|rt4_TMB-5_MAP_g1_03997.r24|2|1|RICH|668|0|2630|0000000000000000000000000000000000000000000000000000000000000000|RICH|1|668|DISP=ACCEPT_INSTALL|DETAIL=rt3_map_g1
0000000000000000000000000000000000000000000000000000000000000000|0000000000000000000000000000000000000000000000000000000000000000|0|3|rt4_TMB-5_MAP_g1_03998.r24|2|1|RICH|670|0|2630|0000000000000000000000000000000000000000000000000000000000000000|RICH|1|670|DISP=ACCEPT_INSTALL|DETAIL=rt3_map_g1
0000000000000000000000000000000000000000000000000000000000000000|0000000000000000000000000000000000000000000000000000000000000000|0|3|rt4_TMB-5_MAP_g1_03999.r24|2|1|RICH|672|0|2630|0000000000000000000000000000000000000000000000000000000000000000|RICH|1|672|DISP=ACCEPT_INSTALL|DETAIL=rt3_map_g1
