Research/R33_NATIVE_N19_RUNTIME_BOUNDARY/RECOVERY_20260915_B/repair.results.txt: OK
Research/R33_NATIVE_N19_RUNTIME_BOUNDARY/RECOVERY_20260915_B/extend_test.pl: OK
Research/R33_NATIVE_N19_RUNTIME_BOUNDARY/RECOVERY_20260915_B/roots/a/host/hard.bin: OK
Research/R33_NATIVE_N19_RUNTIME_BOUNDARY/RECOVERY_20260915_B/roots/a/host/moved/before.bin: OK
Research/R33_NATIVE_N19_RUNTIME_BOUNDARY/RECOVERY_20260915_B/roots/a/host/moved/after.bin: OK
Research/R33_NATIVE_N19_RUNTIME_BOUNDARY/RECOVERY_20260915_B/roots/a/host/one.bin: OK
Research/R33_NATIVE_N19_RUNTIME_BOUNDARY/RECOVERY_20260915_B/roots/a/crash/p4/journal.bin: OK
Research/R33_NATIVE_N19_RUNTIME_BOUNDARY/RECOVERY_20260915_B/roots/a/crash/p3/journal.bin: OK
Research/R33_NATIVE_N19_RUNTIME_BOUNDARY/RECOVERY_20260915_B/roots/a/crash/p2/journal.bin: OK
Research/R33_NATIVE_N19_RUNTIME_BOUNDARY/RECOVERY_20260915_B/roots/a/crash/p5/journal.bin: OK
Research/R33_NATIVE_N19_RUNTIME_BOUNDARY/RECOVERY_20260915_B/roots/a/crash/p1/journal.bin: OK
Research/R33_NATIVE_N19_RUNTIME_BOUNDARY/RECOVERY_20260915_B/roots/a/stat.txt: OK
Research/R33_NATIVE_N19_RUNTIME_BOUNDARY/RECOVERY_20260915_B/roots/a/ops/io.bin: OK
Research/R33_NATIVE_N19_RUNTIME_BOUNDARY/RECOVERY_20260915_B/roots/a/ops/retained.bin: OK
Research/R33_NATIVE_N19_RUNTIME_BOUNDARY/RECOVERY_20260915_B/roots/a/ops/fsync.bin: OK
Research/R33_NATIVE_N19_RUNTIME_BOUNDARY/RECOVERY_20260915_B/roots/a/ops/append.bin: OK
Research/R33_NATIVE_N19_RUNTIME_BOUNDARY/RECOVERY_20260915_B/roots/a/ops/close.bin: OK
Research/R33_NATIVE_N19_RUNTIME_BOUNDARY/RECOVERY_20260915_B/roots/a/ops/torn.bin: OK
Research/R33_NATIVE_N19_RUNTIME_BOUNDARY/RECOVERY_20260915_B/roots/a/resource/resource.bin: OK
Research/R33_NATIVE_N19_RUNTIME_BOUNDARY/RECOVERY_20260915_B/roots/f/host/hard.bin: OK
Research/R33_NATIVE_N19_RUNTIME_BOUNDARY/RECOVERY_20260915_B/roots/f/host/moved/before.bin: OK
Research/R33_NATIVE_N19_RUNTIME_BOUNDARY/RECOVERY_20260915_B/roots/f/host/moved/after.bin: OK
Research/R33_NATIVE_N19_RUNTIME_BOUNDARY/RECOVERY_20260915_B/roots/f/host/one.bin: OK
Research/R33_NATIVE_N19_RUNTIME_BOUNDARY/RECOVERY_20260915_B/roots/f/crash/p4/journal.bin: OK
Research/R33_NATIVE_N19_RUNTIME_BOUNDARY/RECOVERY_20260915_B/roots/f/crash/p3/journal.bin: OK
Research/R33_NATIVE_N19_RUNTIME_BOUNDARY/RECOVERY_20260915_B/roots/f/crash/p2/journal.bin: OK
Research/R33_NATIVE_N19_RUNTIME_BOUNDARY/RECOVERY_20260915_B/roots/f/crash/p5/journal.bin: OK
Research/R33_NATIVE_N19_RUNTIME_BOUNDARY/RECOVERY_20260915_B/roots/f/crash/p1/journal.bin: OK
Research/R33_NATIVE_N19_RUNTIME_BOUNDARY/RECOVERY_20260915_B/roots/f/poison/journal.bin: OK
Research/R33_NATIVE_N19_RUNTIME_BOUNDARY/RECOVERY_20260915_B/roots/f/stat.txt: OK
Research/R33_NATIVE_N19_RUNTIME_BOUNDARY/RECOVERY_20260915_B/roots/f/ops/io.bin: OK
Research/R33_NATIVE_N19_RUNTIME_BOUNDARY/RECOVERY_20260915_B/roots/f/ops/retained.bin: OK
Research/R33_NATIVE_N19_RUNTIME_BOUNDARY/RECOVERY_20260915_B/roots/f/ops/fsync.bin: OK
Research/R33_NATIVE_N19_RUNTIME_BOUNDARY/RECOVERY_20260915_B/roots/f/ops/append.bin: OK
Research/R33_NATIVE_N19_RUNTIME_BOUNDARY/RECOVERY_20260915_B/roots/f/ops/close.bin: OK
Research/R33_NATIVE_N19_RUNTIME_BOUNDARY/RECOVERY_20260915_B/roots/f/ops/torn.bin: OK
Research/R33_NATIVE_N19_RUNTIME_BOUNDARY/RECOVERY_20260915_B/roots/f/resource/resource.bin: OK
Research/R33_NATIVE_N19_RUNTIME_BOUNDARY/RECOVERY_20260915_B/roots/poison_before/journal.bin: OK
Research/R33_NATIVE_N19_RUNTIME_BOUNDARY/RECOVERY_20260915_B/roots/c/host/hard.bin: OK
Research/R33_NATIVE_N19_RUNTIME_BOUNDARY/RECOVERY_20260915_B/roots/c/host/moved/before.bin: OK
Research/R33_NATIVE_N19_RUNTIME_BOUNDARY/RECOVERY_20260915_B/roots/c/host/moved/after.bin: OK
Research/R33_NATIVE_N19_RUNTIME_BOUNDARY/RECOVERY_20260915_B/roots/c/host/one.bin: OK
Research/R33_NATIVE_N19_RUNTIME_BOUNDARY/RECOVERY_20260915_B/roots/c/crash/p4/journal.bin: OK
Research/R33_NATIVE_N19_RUNTIME_BOUNDARY/RECOVERY_20260915_B/roots/c/crash/p3/journal.bin: OK
Research/R33_NATIVE_N19_RUNTIME_BOUNDARY/RECOVERY_20260915_B/roots/c/crash/p2/journal.bin: OK
Research/R33_NATIVE_N19_RUNTIME_BOUNDARY/RECOVERY_20260915_B/roots/c/crash/p5/journal.bin: OK
Research/R33_NATIVE_N19_RUNTIME_BOUNDARY/RECOVERY_20260915_B/roots/c/crash/p1/journal.bin: OK
Research/R33_NATIVE_N19_RUNTIME_BOUNDARY/RECOVERY_20260915_B/roots/c/poison/journal.bin: OK
Research/R33_NATIVE_N19_RUNTIME_BOUNDARY/RECOVERY_20260915_B/roots/c/stat.txt: OK
Research/R33_NATIVE_N19_RUNTIME_BOUNDARY/RECOVERY_20260915_B/roots/c/ops/io.bin: OK
Research/R33_NATIVE_N19_RUNTIME_BOUNDARY/RECOVERY_20260915_B/roots/c/ops/retained.bin: OK
Research/R33_NATIVE_N19_RUNTIME_BOUNDARY/RECOVERY_20260915_B/roots/c/ops/fsync.bin: OK
Research/R33_NATIVE_N19_RUNTIME_BOUNDARY/RECOVERY_20260915_B/roots/c/ops/append.bin: OK
Research/R33_NATIVE_N19_RUNTIME_BOUNDARY/RECOVERY_20260915_B/roots/c/ops/close.bin: OK
Research/R33_NATIVE_N19_RUNTIME_BOUNDARY/RECOVERY_20260915_B/roots/c/ops/torn.bin: OK
Research/R33_NATIVE_N19_RUNTIME_BOUNDARY/RECOVERY_20260915_B/roots/c/resource/resource.bin: OK
Research/R33_NATIVE_N19_RUNTIME_BOUNDARY/RECOVERY_20260915_B/roots/d/host/hard.bin: OK
Research/R33_NATIVE_N19_RUNTIME_BOUNDARY/RECOVERY_20260915_B/roots/d/host/moved/before.bin: OK
Research/R33_NATIVE_N19_RUNTIME_BOUNDARY/RECOVERY_20260915_B/roots/d/host/moved/after.bin: OK
Research/R33_NATIVE_N19_RUNTIME_BOUNDARY/RECOVERY_20260915_B/roots/d/host/one.bin: OK
Research/R33_NATIVE_N19_RUNTIME_BOUNDARY/RECOVERY_20260915_B/roots/d/crash/p4/journal.bin: OK
Research/R33_NATIVE_N19_RUNTIME_BOUNDARY/RECOVERY_20260915_B/roots/d/crash/p3/journal.bin: OK
Research/R33_NATIVE_N19_RUNTIME_BOUNDARY/RECOVERY_20260915_B/roots/d/crash/p2/journal.bin: OK
Research/R33_NATIVE_N19_RUNTIME_BOUNDARY/RECOVERY_20260915_B/roots/d/crash/p5/journal.bin: OK
Research/R33_NATIVE_N19_RUNTIME_BOUNDARY/RECOVERY_20260915_B/roots/d/crash/p1/journal.bin: OK
Research/R33_NATIVE_N19_RUNTIME_BOUNDARY/RECOVERY_20260915_B/roots/d/poison/journal.bin: OK
Research/R33_NATIVE_N19_RUNTIME_BOUNDARY/RECOVERY_20260915_B/roots/d/stat.txt: OK
Research/R33_NATIVE_N19_RUNTIME_BOUNDARY/RECOVERY_20260915_B/roots/d/ops/io.bin: OK
Research/R33_NATIVE_N19_RUNTIME_BOUNDARY/RECOVERY_20260915_B/roots/d/ops/retained.bin: OK
Research/R33_NATIVE_N19_RUNTIME_BOUNDARY/RECOVERY_20260915_B/roots/d/ops/fsync.bin: OK
Research/R33_NATIVE_N19_RUNTIME_BOUNDARY/RECOVERY_20260915_B/roots/d/ops/append.bin: OK
Research/R33_NATIVE_N19_RUNTIME_BOUNDARY/RECOVERY_20260915_B/roots/d/ops/close.bin: OK
Research/R33_NATIVE_N19_RUNTIME_BOUNDARY/RECOVERY_20260915_B/roots/d/ops/torn.bin: OK
Research/R33_NATIVE_N19_RUNTIME_BOUNDARY/RECOVERY_20260915_B/roots/d/resource/resource.bin: OK
Research/R33_NATIVE_N19_RUNTIME_BOUNDARY/RECOVERY_20260915_B/roots/e/host/hard.bin: OK
Research/R33_NATIVE_N19_RUNTIME_BOUNDARY/RECOVERY_20260915_B/roots/e/host/moved/before.bin: OK
Research/R33_NATIVE_N19_RUNTIME_BOUNDARY/RECOVERY_20260915_B/roots/e/host/moved/after.bin: OK
Research/R33_NATIVE_N19_RUNTIME_BOUNDARY/RECOVERY_20260915_B/roots/e/host/one.bin: OK
Research/R33_NATIVE_N19_RUNTIME_BOUNDARY/RECOVERY_20260915_B/roots/e/crash/p4/journal.bin: OK
Research/R33_NATIVE_N19_RUNTIME_BOUNDARY/RECOVERY_20260915_B/roots/e/crash/p3/journal.bin: OK
Research/R33_NATIVE_N19_RUNTIME_BOUNDARY/RECOVERY_20260915_B/roots/e/crash/p2/journal.bin: OK
Research/R33_NATIVE_N19_RUNTIME_BOUNDARY/RECOVERY_20260915_B/roots/e/crash/p5/journal.bin: OK
Research/R33_NATIVE_N19_RUNTIME_BOUNDARY/RECOVERY_20260915_B/roots/e/crash/p1/journal.bin: OK
Research/R33_NATIVE_N19_RUNTIME_BOUNDARY/RECOVERY_20260915_B/roots/e/poison/journal.bin: OK
Research/R33_NATIVE_N19_RUNTIME_BOUNDARY/RECOVERY_20260915_B/roots/e/stat.txt: OK
Research/R33_NATIVE_N19_RUNTIME_BOUNDARY/RECOVERY_20260915_B/roots/e/ops/io.bin: OK
Research/R33_NATIVE_N19_RUNTIME_BOUNDARY/RECOVERY_20260915_B/roots/e/ops/retained.bin: OK
Research/R33_NATIVE_N19_RUNTIME_BOUNDARY/RECOVERY_20260915_B/roots/e/ops/fsync.bin: OK
Research/R33_NATIVE_N19_RUNTIME_BOUNDARY/RECOVERY_20260915_B/roots/e/ops/append.bin: OK
Research/R33_NATIVE_N19_RUNTIME_BOUNDARY/RECOVERY_20260915_B/roots/e/ops/close.bin: OK
Research/R33_NATIVE_N19_RUNTIME_BOUNDARY/RECOVERY_20260915_B/roots/e/ops/torn.bin: OK
Research/R33_NATIVE_N19_RUNTIME_BOUNDARY/RECOVERY_20260915_B/roots/e/resource/resource.bin: OK
Research/R33_NATIVE_N19_RUNTIME_BOUNDARY/RECOVERY_20260915_B/roots/b/host/hard.bin: OK
Research/R33_NATIVE_N19_RUNTIME_BOUNDARY/RECOVERY_20260915_B/roots/b/host/moved/before.bin: OK
Research/R33_NATIVE_N19_RUNTIME_BOUNDARY/RECOVERY_20260915_B/roots/b/host/moved/after.bin: OK
Research/R33_NATIVE_N19_RUNTIME_BOUNDARY/RECOVERY_20260915_B/roots/b/host/one.bin: OK
Research/R33_NATIVE_N19_RUNTIME_BOUNDARY/RECOVERY_20260915_B/roots/b/crash/p4/journal.bin: OK
Research/R33_NATIVE_N19_RUNTIME_BOUNDARY/RECOVERY_20260915_B/roots/b/crash/p3/journal.bin: OK
Research/R33_NATIVE_N19_RUNTIME_BOUNDARY/RECOVERY_20260915_B/roots/b/crash/p2/journal.bin: OK
Research/R33_NATIVE_N19_RUNTIME_BOUNDARY/RECOVERY_20260915_B/roots/b/crash/p5/journal.bin: OK
Research/R33_NATIVE_N19_RUNTIME_BOUNDARY/RECOVERY_20260915_B/roots/b/crash/p1/journal.bin: OK
Research/R33_NATIVE_N19_RUNTIME_BOUNDARY/RECOVERY_20260915_B/roots/b/stat.txt: OK
Research/R33_NATIVE_N19_RUNTIME_BOUNDARY/RECOVERY_20260915_B/roots/b/ops/io.bin: OK
Research/R33_NATIVE_N19_RUNTIME_BOUNDARY/RECOVERY_20260915_B/roots/b/ops/retained.bin: OK
Research/R33_NATIVE_N19_RUNTIME_BOUNDARY/RECOVERY_20260915_B/roots/b/ops/fsync.bin: OK
Research/R33_NATIVE_N19_RUNTIME_BOUNDARY/RECOVERY_20260915_B/roots/b/ops/append.bin: OK
Research/R33_NATIVE_N19_RUNTIME_BOUNDARY/RECOVERY_20260915_B/roots/b/ops/close.bin: OK
Research/R33_NATIVE_N19_RUNTIME_BOUNDARY/RECOVERY_20260915_B/roots/b/ops/torn.bin: OK
Research/R33_NATIVE_N19_RUNTIME_BOUNDARY/RECOVERY_20260915_B/roots/b/resource/resource.bin: OK
Research/R33_NATIVE_N19_RUNTIME_BOUNDARY/RECOVERY_20260915_B/source.repair.diff: OK
Research/R33_NATIVE_N19_RUNTIME_BOUNDARY/RECOVERY_20260915_B/n19_final_run.zsh: OK
Research/R33_NATIVE_N19_RUNTIME_BOUNDARY/RECOVERY_20260915_B/final.summary.txt: OK
Research/R33_NATIVE_N19_RUNTIME_BOUNDARY/RECOVERY_20260915_B/ADVERSARIAL_REVIEW.md: OK
Research/R33_NATIVE_N19_RUNTIME_BOUNDARY/RECOVERY_20260915_B/bin/n19_adversary_before: OK
Research/R33_NATIVE_N19_RUNTIME_BOUNDARY/RECOVERY_20260915_B/bin/n19_repaired: OK
Research/R33_NATIVE_N19_RUNTIME_BOUNDARY/RECOVERY_20260915_B/bin/n19_qual: OK
Research/R33_NATIVE_N19_RUNTIME_BOUNDARY/RECOVERY_20260915_B/bin/n19_host_tests: OK
Research/R33_NATIVE_N19_RUNTIME_BOUNDARY/RECOVERY_20260915_B/bin/n19: OK
Research/R33_NATIVE_N19_RUNTIME_BOUNDARY/RECOVERY_20260915_B/git.before.diff: OK
Research/R33_NATIVE_N19_RUNTIME_BOUNDARY/RECOVERY_20260915_B/n19_run.zsh: OK
Research/R33_NATIVE_N19_RUNTIME_BOUNDARY/RECOVERY_20260915_B/source.original.sha256: OK
Research/R33_NATIVE_N19_RUNTIME_BOUNDARY/RECOVERY_20260915_B/FINAL.txt: OK
Research/R33_NATIVE_N19_RUNTIME_BOUNDARY/RECOVERY_20260915_B/canonical.before.sha256: OK
Research/R33_NATIVE_N19_RUNTIME_BOUNDARY/RECOVERY_20260915_B/results.txt: OK
Research/R33_NATIVE_N19_RUNTIME_BOUNDARY/RECOVERY_20260915_B/host.txt: OK
Research/R33_NATIVE_N19_RUNTIME_BOUNDARY/RECOVERY_20260915_B/n19_repair.zsh: OK
Research/R33_NATIVE_N19_RUNTIME_BOUNDARY/RECOVERY_20260915_B/binary.sha256: OK
Research/R33_NATIVE_N19_RUNTIME_BOUNDARY/RECOVERY_20260915_B/source.sha256: OK
Research/R33_NATIVE_N19_RUNTIME_BOUNDARY/RECOVERY_20260915_B/git.repaired.diff: OK
Research/R33_NATIVE_N19_RUNTIME_BOUNDARY/RECOVERY_20260915_B/logs/104_poison_c.stdout: OK
Research/R33_NATIVE_N19_RUNTIME_BOUNDARY/RECOVERY_20260915_B/logs/48_b_case-recovery.exit: OK
Research/R33_NATIVE_N19_RUNTIME_BOUNDARY/RECOVERY_20260915_B/logs/161_d_case-recover-file.stderr: OK
Research/R33_NATIVE_N19_RUNTIME_BOUNDARY/RECOVERY_20260915_B/logs/174_d_unsafe_hard.bin.command: OK
Research/R33_NATIVE_N19_RUNTIME_BOUNDARY/RECOVERY_20260915_B/logs/241_poison_f.exit: OK
Research/R33_NATIVE_N19_RUNTIME_BOUNDARY/RECOVERY_20260915_B/logs/134_c_unsafe_sym.bin.command: OK
Research/R33_NATIVE_N19_RUNTIME_BOUNDARY/RECOVERY_20260915_B/logs/68_b_duplicate.stdout: OK
Research/R33_NATIVE_N19_RUNTIME_BOUNDARY/RECOVERY_20260915_B/logs/257_f_case-write.command: OK
Research/R33_NATIVE_N19_RUNTIME_BOUNDARY/RECOVERY_20260915_B/logs/275_f_unsafe_directory.stdout: OK
Research/R33_NATIVE_N19_RUNTIME_BOUNDARY/RECOVERY_20260915_B/logs/4_host_a.stdout: OK
Research/R33_NATIVE_N19_RUNTIME_BOUNDARY/RECOVERY_20260915_B/logs/19_a_case-write.stderr: OK
Research/R33_NATIVE_N19_RUNTIME_BOUNDARY/RECOVERY_20260915_B/logs/174_d_unsafe_hard.bin.exit: OK
Research/R33_NATIVE_N19_RUNTIME_BOUNDARY/RECOVERY_20260915_B/logs/226_e_missing_case-recover-file.stderr: OK
Research/R33_NATIVE_N19_RUNTIME_BOUNDARY/RECOVERY_20260915_B/logs/41_a_absolute.exit: OK
Research/R33_NATIVE_N19_RUNTIME_BOUNDARY/RECOVERY_20260915_B/logs/117_c_case-fault-open.stderr: OK
Research/R33_NATIVE_N19_RUNTIME_BOUNDARY/RECOVERY_20260915_B/logs/66_b_missing_case-probe-existing.command: OK
Research/R33_NATIVE_N19_RUNTIME_BOUNDARY/RECOVERY_20260915_B/logs/44_resource_b.stdout: OK
Research/R33_NATIVE_N19_RUNTIME_BOUNDARY/RECOVERY_20260915_B/logs/31_a_missing_root.exit: OK
Research/R33_NATIVE_N19_RUNTIME_BOUNDARY/RECOVERY_20260915_B/logs/72_b_unsafe_hard.bin.exit: OK
Research/R33_NATIVE_N19_RUNTIME_BOUNDARY/RECOVERY_20260915_B/logs/144_crash_d.stderr: OK
Research/R33_NATIVE_N19_RUNTIME_BOUNDARY/RECOVERY_20260915_B/logs/107_host_c.command: OK
Research/R33_NATIVE_N19_RUNTIME_BOUNDARY/RECOVERY_20260915_B/logs/244_host_f.stdout: OK
Research/R33_NATIVE_N19_RUNTIME_BOUNDARY/RECOVERY_20260915_B/logs/40_a_traversal.exit: OK
Research/R33_NATIVE_N19_RUNTIME_BOUNDARY/RECOVERY_20260915_B/logs/10_a_case-recovery.stdout: OK
Research/R33_NATIVE_N19_RUNTIME_BOUNDARY/RECOVERY_20260915_B/logs/183_protected_preserved.stdout: OK
Research/R33_NATIVE_N19_RUNTIME_BOUNDARY/RECOVERY_20260915_B/logs/249_f_case-corruption.stderr: OK
Research/R33_NATIVE_N19_RUNTIME_BOUNDARY/RECOVERY_20260915_B/logs/54_b_case-fault-open.stderr: OK
Research/R33_NATIVE_N19_RUNTIME_BOUNDARY/RECOVERY_20260915_B/logs/158_d_case-io.command: OK
Research/R33_NATIVE_N19_RUNTIME_BOUNDARY/RECOVERY_20260915_B/logs/103_build_repaired.stderr: OK
Research/R33_NATIVE_N19_RUNTIME_BOUNDARY/RECOVERY_20260915_B/logs/66_b_missing_case-probe-existing.exit: OK
Research/R33_NATIVE_N19_RUNTIME_BOUNDARY/RECOVERY_20260915_B/logs/55_b_case-fault-host-probe.exit: OK
Research/R33_NATIVE_N19_RUNTIME_BOUNDARY/RECOVERY_20260915_B/logs/2_build_n19_qual.command: OK
Research/R33_NATIVE_N19_RUNTIME_BOUNDARY/RECOVERY_20260915_B/logs/20_a_case-append-existing.stdout: OK
Research/R33_NATIVE_N19_RUNTIME_BOUNDARY/RECOVERY_20260915_B/logs/151_d_case-corruption.stderr: OK
Research/R33_NATIVE_N19_RUNTIME_BOUNDARY/RECOVERY_20260915_B/logs/177_d_unsafe_directory.stderr: OK
Research/R33_NATIVE_N19_RUNTIME_BOUNDARY/RECOVERY_20260915_B/logs/26_a_case-fault-close.stderr: OK
Research/R33_NATIVE_N19_RUNTIME_BOUNDARY/RECOVERY_20260915_B/logs/274_f_unsafe_fifo.stderr: OK
Research/R33_NATIVE_N19_RUNTIME_BOUNDARY/RECOVERY_20260915_B/logs/179_d_symlink_recover.exit: OK
Research/R33_NATIVE_N19_RUNTIME_BOUNDARY/RECOVERY_20260915_B/logs/35_a_unsafe_one.bin.stdout: OK
Research/R33_NATIVE_N19_RUNTIME_BOUNDARY/RECOVERY_20260915_B/logs/222_e_case-retained-sequence.command: OK
Research/R33_NATIVE_N19_RUNTIME_BOUNDARY/RECOVERY_20260915_B/logs/238_e_symlink_recover.stderr: OK
Research/R33_NATIVE_N19_RUNTIME_BOUNDARY/RECOVERY_20260915_B/logs/209_e_case-recovery.exit: OK
Research/R33_NATIVE_N19_RUNTIME_BOUNDARY/RECOVERY_20260915_B/logs/113_c_case-recovery-atomicity.stdout: OK
Research/R33_NATIVE_N19_RUNTIME_BOUNDARY/RECOVERY_20260915_B/logs/273_f_unsafe_one.bin.stdout: OK
Research/R33_NATIVE_N19_RUNTIME_BOUNDARY/RECOVERY_20260915_B/logs/134_c_unsafe_sym.bin.stderr: OK
Research/R33_NATIVE_N19_RUNTIME_BOUNDARY/RECOVERY_20260915_B/logs/175_d_unsafe_one.bin.stderr: OK
Research/R33_NATIVE_N19_RUNTIME_BOUNDARY/RECOVERY_20260915_B/logs/213_e_case-limit.stderr: OK
Research/R33_NATIVE_N19_RUNTIME_BOUNDARY/RECOVERY_20260915_B/logs/246_f_case-overflow.stderr: OK
Research/R33_NATIVE_N19_RUNTIME_BOUNDARY/RECOVERY_20260915_B/logs/124_c_case-retained-sequence.command: OK
Research/R33_NATIVE_N19_RUNTIME_BOUNDARY/RECOVERY_20260915_B/logs/46_b_case-overflow.stdout: OK
Research/R33_NATIVE_N19_RUNTIME_BOUNDARY/RECOVERY_20260915_B/logs/247_f_case-capacity.command: OK
Research/R33_NATIVE_N19_RUNTIME_BOUNDARY/RECOVERY_20260915_B/logs/235_e_unsafe_fifo.exit: OK
Research/R33_NATIVE_N19_RUNTIME_BOUNDARY/RECOVERY_20260915_B/logs/282_closeout_preserved.stderr: OK
Research/R33_NATIVE_N19_RUNTIME_BOUNDARY/RECOVERY_20260915_B/logs/220_e_case-recover-file.stdout: OK
Research/R33_NATIVE_N19_RUNTIME_BOUNDARY/RECOVERY_20260915_B/logs/54_b_case-fault-open.command: OK
Research/R33_NATIVE_N19_RUNTIME_BOUNDARY/RECOVERY_20260915_B/logs/137_c_unsafe_fifo.command: OK
Research/R33_NATIVE_N19_RUNTIME_BOUNDARY/RECOVERY_20260915_B/logs/139_c_symlink_root.stderr: OK
Research/R33_NATIVE_N19_RUNTIME_BOUNDARY/RECOVERY_20260915_B/logs/205_host_e.command: OK
Research/R33_NATIVE_N19_RUNTIME_BOUNDARY/RECOVERY_20260915_B/logs/277_f_symlink_recover.stderr: OK
Research/R33_NATIVE_N19_RUNTIME_BOUNDARY/RECOVERY_20260915_B/logs/228_e_missing_case-append-existing.command: OK
Research/R33_NATIVE_N19_RUNTIME_BOUNDARY/RECOVERY_20260915_B/logs/210_e_case-corruption.command: OK
Research/R33_NATIVE_N19_RUNTIME_BOUNDARY/RECOVERY_20260915_B/logs/151_d_case-corruption.exit: OK
Research/R33_NATIVE_N19_RUNTIME_BOUNDARY/RECOVERY_20260915_B/logs/69_b_missing_root.stdout: OK
Research/R33_NATIVE_N19_RUNTIME_BOUNDARY/RECOVERY_20260915_B/logs/163_d_case-retained-sequence.stderr: OK
Research/R33_NATIVE_N19_RUNTIME_BOUNDARY/RECOVERY_20260915_B/logs/224_e_case-fault-fsync.stdout: OK
Research/R33_NATIVE_N19_RUNTIME_BOUNDARY/RECOVERY_20260915_B/logs/16_a_case-fault-open.stdout: OK
Research/R33_NATIVE_N19_RUNTIME_BOUNDARY/RECOVERY_20260915_B/logs/62_b_case-torn.stdout: OK
Research/R33_NATIVE_N19_RUNTIME_BOUNDARY/RECOVERY_20260915_B/logs/123_c_case-probe-existing.exit: OK
Research/R33_NATIVE_N19_RUNTIME_BOUNDARY/RECOVERY_20260915_B/logs/281_protected_preserved.command: OK
Research/R33_NATIVE_N19_RUNTIME_BOUNDARY/RECOVERY_20260915_B/logs/13_a_case-error-classification.stdout: OK
Research/R33_NATIVE_N19_RUNTIME_BOUNDARY/RECOVERY_20260915_B/logs/147_d_case-malformed.stderr: OK
Research/R33_NATIVE_N19_RUNTIME_BOUNDARY/RECOVERY_20260915_B/logs/271_f_unsafe_sym.bin.command: OK
Research/R33_NATIVE_N19_RUNTIME_BOUNDARY/RECOVERY_20260915_B/logs/202_poison_e.stderr: OK
Research/R33_NATIVE_N19_RUNTIME_BOUNDARY/RECOVERY_20260915_B/logs/232_e_unsafe_sym.bin.command: OK
Research/R33_NATIVE_N19_RUNTIME_BOUNDARY/RECOVERY_20260915_B/logs/50_b_case-recovery-atomicity.stdout: OK
Research/R33_NATIVE_N19_RUNTIME_BOUNDARY/RECOVERY_20260915_B/logs/10_a_case-recovery.command: OK
Research/R33_NATIVE_N19_RUNTIME_BOUNDARY/RECOVERY_20260915_B/logs/19_a_case-write.command: OK
Research/R33_NATIVE_N19_RUNTIME_BOUNDARY/RECOVERY_20260915_B/logs/35_a_unsafe_one.bin.command: OK
Research/R33_NATIVE_N19_RUNTIME_BOUNDARY/RECOVERY_20260915_B/logs/159_d_case-write.stdout: OK
Research/R33_NATIVE_N19_RUNTIME_BOUNDARY/RECOVERY_20260915_B/logs/280_canonical_preserved.stderr: OK
Research/R33_NATIVE_N19_RUNTIME_BOUNDARY/RECOVERY_20260915_B/logs/25_a_case-fault-fsync.stderr: OK
Research/R33_NATIVE_N19_RUNTIME_BOUNDARY/RECOVERY_20260915_B/logs/237_e_symlink_root.command: OK
Research/R33_NATIVE_N19_RUNTIME_BOUNDARY/RECOVERY_20260915_B/logs/211_e_case-recovery-atomicity.stdout: OK
Research/R33_NATIVE_N19_RUNTIME_BOUNDARY/RECOVERY_20260915_B/logs/168_d_missing_case-probe-existing.stdout: OK
Research/R33_NATIVE_N19_RUNTIME_BOUNDARY/RECOVERY_20260915_B/logs/41_a_absolute.stdout: OK
Research/R33_NATIVE_N19_RUNTIME_BOUNDARY/RECOVERY_20260915_B/logs/102_reproduce_poison_bypass.stderr: OK
Research/R33_NATIVE_N19_RUNTIME_BOUNDARY/RECOVERY_20260915_B/logs/251_f_case-error-classification.command: OK
Research/R33_NATIVE_N19_RUNTIME_BOUNDARY/RECOVERY_20260915_B/logs/141_c_traversal.stderr: OK
Research/R33_NATIVE_N19_RUNTIME_BOUNDARY/RECOVERY_20260915_B/logs/105_crash_c.stdout: OK
Research/R33_NATIVE_N19_RUNTIME_BOUNDARY/RECOVERY_20260915_B/logs/80_canonical_preserved.stdout: OK
Research/R33_NATIVE_N19_RUNTIME_BOUNDARY/RECOVERY_20260915_B/logs/221_e_case-probe-existing.stdout: OK
Research/R33_NATIVE_N19_RUNTIME_BOUNDARY/RECOVERY_20260915_B/logs/278_f_traversal.command: OK
Research/R33_NATIVE_N19_RUNTIME_BOUNDARY/RECOVERY_20260915_B/logs/144_crash_d.command: OK
Research/R33_NATIVE_N19_RUNTIME_BOUNDARY/RECOVERY_20260915_B/logs/21_a_case-recover-file.stdout: OK
Research/R33_NATIVE_N19_RUNTIME_BOUNDARY/RECOVERY_20260915_B/logs/261_f_case-retained-sequence.stdout: OK
Research/R33_NATIVE_N19_RUNTIME_BOUNDARY/RECOVERY_20260915_B/logs/3_build_n19_host_tests.stdout: OK
Research/R33_NATIVE_N19_RUNTIME_BOUNDARY/RECOVERY_20260915_B/logs/274_f_unsafe_fifo.exit: OK
Research/R33_NATIVE_N19_RUNTIME_BOUNDARY/RECOVERY_20260915_B/logs/45_b_case-malformed.stderr: OK
Research/R33_NATIVE_N19_RUNTIME_BOUNDARY/RECOVERY_20260915_B/logs/181_d_absolute.command: OK
Research/R33_NATIVE_N19_RUNTIME_BOUNDARY/RECOVERY_20260915_B/logs/180_d_traversal.stdout: OK
Research/R33_NATIVE_N19_RUNTIME_BOUNDARY/RECOVERY_20260915_B/logs/205_host_e.stdout: OK
Research/R33_NATIVE_N19_RUNTIME_BOUNDARY/RECOVERY_20260915_B/logs/127_c_case-fault-close.stdout: OK
Research/R33_NATIVE_N19_RUNTIME_BOUNDARY/RECOVERY_20260915_B/logs/242_crash_f.exit: OK
Research/R33_NATIVE_N19_RUNTIME_BOUNDARY/RECOVERY_20260915_B/logs/174_d_unsafe_hard.bin.stderr: OK
Research/R33_NATIVE_N19_RUNTIME_BOUNDARY/RECOVERY_20260915_B/logs/51_b_case-error-classification.stdout: OK
Research/R33_NATIVE_N19_RUNTIME_BOUNDARY/RECOVERY_20260915_B/logs/251_f_case-error-classification.exit: OK
Research/R33_NATIVE_N19_RUNTIME_BOUNDARY/RECOVERY_20260915_B/logs/103_build_repaired.command: OK
Research/R33_NATIVE_N19_RUNTIME_BOUNDARY/RECOVERY_20260915_B/logs/219_e_case-append-existing.command: OK
Research/R33_NATIVE_N19_RUNTIME_BOUNDARY/RECOVERY_20260915_B/logs/231_e_missing_recover_root.stdout: OK
Research/R33_NATIVE_N19_RUNTIME_BOUNDARY/RECOVERY_20260915_B/logs/70_b_missing_recover_root.stdout: OK
Research/R33_NATIVE_N19_RUNTIME_BOUNDARY/RECOVERY_20260915_B/logs/243_resource_f.stdout: OK
Research/R33_NATIVE_N19_RUNTIME_BOUNDARY/RECOVERY_20260915_B/logs/121_c_case-append-existing.exit: OK
Research/R33_NATIVE_N19_RUNTIME_BOUNDARY/RECOVERY_20260915_B/logs/26_a_case-fault-close.exit: OK
Research/R33_NATIVE_N19_RUNTIME_BOUNDARY/RECOVERY_20260915_B/logs/215_e_case-fault-open.stderr: OK
Research/R33_NATIVE_N19_RUNTIME_BOUNDARY/RECOVERY_20260915_B/logs/282_closeout_preserved.command: OK
Research/R33_NATIVE_N19_RUNTIME_BOUNDARY/RECOVERY_20260915_B/logs/23_a_case-retained-sequence.command: OK
Research/R33_NATIVE_N19_RUNTIME_BOUNDARY/RECOVERY_20260915_B/logs/141_c_traversal.command: OK
Research/R33_NATIVE_N19_RUNTIME_BOUNDARY/RECOVERY_20260915_B/logs/40_a_traversal.stdout: OK
Research/R33_NATIVE_N19_RUNTIME_BOUNDARY/RECOVERY_20260915_B/logs/41_a_absolute.command: OK
Research/R33_NATIVE_N19_RUNTIME_BOUNDARY/RECOVERY_20260915_B/logs/79_b_absolute.stderr: OK
Research/R33_NATIVE_N19_RUNTIME_BOUNDARY/RECOVERY_20260915_B/logs/65_b_missing_case-recover-file.command: OK
Research/R33_NATIVE_N19_RUNTIME_BOUNDARY/RECOVERY_20260915_B/logs/129_c_missing_case-probe-existing.stderr: OK
Research/R33_NATIVE_N19_RUNTIME_BOUNDARY/RECOVERY_20260915_B/logs/264_f_case-fault-close.stderr: OK
Research/R33_NATIVE_N19_RUNTIME_BOUNDARY/RECOVERY_20260915_B/logs/4_host_a.exit: OK
Research/R33_NATIVE_N19_RUNTIME_BOUNDARY/RECOVERY_20260915_B/logs/133_c_missing_recover_root.stdout: OK
Research/R33_NATIVE_N19_RUNTIME_BOUNDARY/RECOVERY_20260915_B/logs/269_f_missing_root.stderr: OK
Research/R33_NATIVE_N19_RUNTIME_BOUNDARY/RECOVERY_20260915_B/logs/172_d_missing_recover_root.stderr: OK
Research/R33_NATIVE_N19_RUNTIME_BOUNDARY/RECOVERY_20260915_B/logs/1_build_n19.command: OK
Research/R33_NATIVE_N19_RUNTIME_BOUNDARY/RECOVERY_20260915_B/logs/226_e_missing_case-recover-file.command: OK
Research/R33_NATIVE_N19_RUNTIME_BOUNDARY/RECOVERY_20260915_B/logs/162_d_case-probe-existing.stderr: OK
Research/R33_NATIVE_N19_RUNTIME_BOUNDARY/RECOVERY_20260915_B/logs/181_d_absolute.exit: OK
Research/R33_NATIVE_N19_RUNTIME_BOUNDARY/RECOVERY_20260915_B/logs/248_f_case-recovery.stderr: OK
Research/R33_NATIVE_N19_RUNTIME_BOUNDARY/RECOVERY_20260915_B/logs/122_c_case-recover-file.stdout: OK
Research/R33_NATIVE_N19_RUNTIME_BOUNDARY/RECOVERY_20260915_B/logs/43_crash_b.exit: OK
Research/R33_NATIVE_N19_RUNTIME_BOUNDARY/RECOVERY_20260915_B/logs/153_d_case-error-classification.stdout: OK
Research/R33_NATIVE_N19_RUNTIME_BOUNDARY/RECOVERY_20260915_B/logs/20_a_case-append-existing.exit: OK
Research/R33_NATIVE_N19_RUNTIME_BOUNDARY/RECOVERY_20260915_B/logs/48_b_case-recovery.stdout: OK
Research/R33_NATIVE_N19_RUNTIME_BOUNDARY/RECOVERY_20260915_B/logs/22_a_case-probe-existing.stderr: OK
Research/R33_NATIVE_N19_RUNTIME_BOUNDARY/RECOVERY_20260915_B/logs/6_resource_a.exit: OK
Research/R33_NATIVE_N19_RUNTIME_BOUNDARY/RECOVERY_20260915_B/logs/201_build_repaired.stdout: OK
Research/R33_NATIVE_N19_RUNTIME_BOUNDARY/RECOVERY_20260915_B/logs/277_f_symlink_recover.command: OK
Research/R33_NATIVE_N19_RUNTIME_BOUNDARY/RECOVERY_20260915_B/logs/272_f_unsafe_hard.bin.stderr: OK
Research/R33_NATIVE_N19_RUNTIME_BOUNDARY/RECOVERY_20260915_B/logs/101_build_adversary_before.stdout: OK
Research/R33_NATIVE_N19_RUNTIME_BOUNDARY/RECOVERY_20260915_B/logs/253_f_case-host-abi.stdout: OK
Research/R33_NATIVE_N19_RUNTIME_BOUNDARY/RECOVERY_20260915_B/logs/118_c_case-fault-host-probe.stderr: OK
Research/R33_NATIVE_N19_RUNTIME_BOUNDARY/RECOVERY_20260915_B/logs/237_e_symlink_root.stderr: OK
Research/R33_NATIVE_N19_RUNTIME_BOUNDARY/RECOVERY_20260915_B/logs/57_b_case-write.stdout: OK
Research/R33_NATIVE_N19_RUNTIME_BOUNDARY/RECOVERY_20260915_B/logs/166_d_case-fault-close.stdout: OK
Research/R33_NATIVE_N19_RUNTIME_BOUNDARY/RECOVERY_20260915_B/logs/53_b_case-host-abi.stderr: OK
Research/R33_NATIVE_N19_RUNTIME_BOUNDARY/RECOVERY_20260915_B/logs/182_canonical_preserved.command: OK
Research/R33_NATIVE_N19_RUNTIME_BOUNDARY/RECOVERY_20260915_B/logs/37_a_unsafe_directory.stdout: OK
Research/R33_NATIVE_N19_RUNTIME_BOUNDARY/RECOVERY_20260915_B/logs/6_resource_a.stderr: OK
Research/R33_NATIVE_N19_RUNTIME_BOUNDARY/RECOVERY_20260915_B/logs/222_e_case-retained-sequence.exit: OK
Research/R33_NATIVE_N19_RUNTIME_BOUNDARY/RECOVERY_20260915_B/logs/232_e_unsafe_sym.bin.stderr: OK
Research/R33_NATIVE_N19_RUNTIME_BOUNDARY/RECOVERY_20260915_B/logs/208_e_case-capacity.stderr: OK
Research/R33_NATIVE_N19_RUNTIME_BOUNDARY/RECOVERY_20260915_B/logs/15_a_case-host-abi.exit: OK
Research/R33_NATIVE_N19_RUNTIME_BOUNDARY/RECOVERY_20260915_B/logs/73_b_unsafe_one.bin.stderr: OK
Research/R33_NATIVE_N19_RUNTIME_BOUNDARY/RECOVERY_20260915_B/logs/171_d_missing_root.stderr: OK
Research/R33_NATIVE_N19_RUNTIME_BOUNDARY/RECOVERY_20260915_B/logs/56_b_case-io.stdout: OK
Research/R33_NATIVE_N19_RUNTIME_BOUNDARY/RECOVERY_20260915_B/logs/155_d_case-host-abi.stderr: OK
Research/R33_NATIVE_N19_RUNTIME_BOUNDARY/RECOVERY_20260915_B/logs/165_d_case-fault-fsync.command: OK
Research/R33_NATIVE_N19_RUNTIME_BOUNDARY/RECOVERY_20260915_B/logs/149_d_case-capacity.command: OK
Research/R33_NATIVE_N19_RUNTIME_BOUNDARY/RECOVERY_20260915_B/logs/278_f_traversal.stderr: OK
Research/R33_NATIVE_N19_RUNTIME_BOUNDARY/RECOVERY_20260915_B/logs/112_c_case-corruption.stderr: OK
Research/R33_NATIVE_N19_RUNTIME_BOUNDARY/RECOVERY_20260915_B/logs/106_resource_c.command: OK
Research/R33_NATIVE_N19_RUNTIME_BOUNDARY/RECOVERY_20260915_B/logs/216_e_case-fault-host-probe.exit: OK
Research/R33_NATIVE_N19_RUNTIME_BOUNDARY/RECOVERY_20260915_B/logs/236_e_unsafe_directory.stderr: OK
Research/R33_NATIVE_N19_RUNTIME_BOUNDARY/RECOVERY_20260915_B/logs/81_protected_preserved.exit: OK
Research/R33_NATIVE_N19_RUNTIME_BOUNDARY/RECOVERY_20260915_B/logs/143_poison_d.command: OK
Research/R33_NATIVE_N19_RUNTIME_BOUNDARY/RECOVERY_20260915_B/logs/270_f_missing_recover_root.stdout: OK
Research/R33_NATIVE_N19_RUNTIME_BOUNDARY/RECOVERY_20260915_B/logs/8_a_case-overflow.stderr: OK
Research/R33_NATIVE_N19_RUNTIME_BOUNDARY/RECOVERY_20260915_B/logs/167_d_missing_case-recover-file.command: OK
Research/R33_NATIVE_N19_RUNTIME_BOUNDARY/RECOVERY_20260915_B/logs/173_d_unsafe_sym.bin.command: OK
Research/R33_NATIVE_N19_RUNTIME_BOUNDARY/RECOVERY_20260915_B/logs/185_tracked_diff_preserved.stderr: OK
Research/R33_NATIVE_N19_RUNTIME_BOUNDARY/RECOVERY_20260915_B/logs/241_poison_f.stderr: OK
Research/R33_NATIVE_N19_RUNTIME_BOUNDARY/RECOVERY_20260915_B/logs/239_e_traversal.command: OK
Research/R33_NATIVE_N19_RUNTIME_BOUNDARY/RECOVERY_20260915_B/logs/210_e_case-corruption.stderr: OK
Research/R33_NATIVE_N19_RUNTIME_BOUNDARY/RECOVERY_20260915_B/logs/135_c_unsafe_hard.bin.command: OK
Research/R33_NATIVE_N19_RUNTIME_BOUNDARY/RECOVERY_20260915_B/logs/204_resource_e.stderr: OK
Research/R33_NATIVE_N19_RUNTIME_BOUNDARY/RECOVERY_20260915_B/logs/146_host_d.command: OK
Research/R33_NATIVE_N19_RUNTIME_BOUNDARY/RECOVERY_20260915_B/logs/145_resource_d.stderr: OK
Research/R33_NATIVE_N19_RUNTIME_BOUNDARY/RECOVERY_20260915_B/logs/181_d_absolute.stdout: OK
Research/R33_NATIVE_N19_RUNTIME_BOUNDARY/RECOVERY_20260915_B/logs/179_d_symlink_recover.stderr: OK
Research/R33_NATIVE_N19_RUNTIME_BOUNDARY/RECOVERY_20260915_B/logs/107_host_c.stdout: OK
Research/R33_NATIVE_N19_RUNTIME_BOUNDARY/RECOVERY_20260915_B/logs/148_d_case-overflow.stderr: OK
Research/R33_NATIVE_N19_RUNTIME_BOUNDARY/RECOVERY_20260915_B/logs/126_c_case-fault-fsync.stderr: OK
Research/R33_NATIVE_N19_RUNTIME_BOUNDARY/RECOVERY_20260915_B/logs/264_f_case-fault-close.exit: OK
Research/R33_NATIVE_N19_RUNTIME_BOUNDARY/RECOVERY_20260915_B/logs/18_a_case-io.stdout: OK
Research/R33_NATIVE_N19_RUNTIME_BOUNDARY/RECOVERY_20260915_B/logs/24_a_case-torn.exit: OK
Research/R33_NATIVE_N19_RUNTIME_BOUNDARY/RECOVERY_20260915_B/logs/240_e_absolute.command: OK
Research/R33_NATIVE_N19_RUNTIME_BOUNDARY/RECOVERY_20260915_B/logs/63_b_case-fault-fsync.stderr: OK
Research/R33_NATIVE_N19_RUNTIME_BOUNDARY/RECOVERY_20260915_B/logs/266_f_missing_case-probe-existing.stdout: OK
Research/R33_NATIVE_N19_RUNTIME_BOUNDARY/RECOVERY_20260915_B/logs/120_c_case-write.command: OK
Research/R33_NATIVE_N19_RUNTIME_BOUNDARY/RECOVERY_20260915_B/logs/240_e_absolute.exit: OK
Research/R33_NATIVE_N19_RUNTIME_BOUNDARY/RECOVERY_20260915_B/logs/123_c_case-probe-existing.stderr: OK
Research/R33_NATIVE_N19_RUNTIME_BOUNDARY/RECOVERY_20260915_B/logs/267_f_missing_case-append-existing.exit: OK
Research/R33_NATIVE_N19_RUNTIME_BOUNDARY/RECOVERY_20260915_B/logs/283_tracked_diff_preserved.stderr: OK
Research/R33_NATIVE_N19_RUNTIME_BOUNDARY/RECOVERY_20260915_B/logs/127_c_case-fault-close.exit: OK
Research/R33_NATIVE_N19_RUNTIME_BOUNDARY/RECOVERY_20260915_B/logs/235_e_unsafe_fifo.stderr: OK
Research/R33_NATIVE_N19_RUNTIME_BOUNDARY/RECOVERY_20260915_B/logs/69_b_missing_root.exit: OK
Research/R33_NATIVE_N19_RUNTIME_BOUNDARY/RECOVERY_20260915_B/logs/57_b_case-write.command: OK
Research/R33_NATIVE_N19_RUNTIME_BOUNDARY/RECOVERY_20260915_B/logs/152_d_case-recovery-atomicity.stdout: OK
Research/R33_NATIVE_N19_RUNTIME_BOUNDARY/RECOVERY_20260915_B/logs/176_d_unsafe_fifo.stdout: OK
Research/R33_NATIVE_N19_RUNTIME_BOUNDARY/RECOVERY_20260915_B/logs/31_a_missing_root.stderr: OK
Research/R33_NATIVE_N19_RUNTIME_BOUNDARY/RECOVERY_20260915_B/logs/151_d_case-corruption.command: OK
Research/R33_NATIVE_N19_RUNTIME_BOUNDARY/RECOVERY_20260915_B/logs/146_host_d.stderr: OK
Research/R33_NATIVE_N19_RUNTIME_BOUNDARY/RECOVERY_20260915_B/logs/248_f_case-recovery.exit: OK
Research/R33_NATIVE_N19_RUNTIME_BOUNDARY/RECOVERY_20260915_B/logs/83_tracked_diff_preserved.stdout: OK
Research/R33_NATIVE_N19_RUNTIME_BOUNDARY/RECOVERY_20260915_B/logs/165_d_case-fault-fsync.stdout: OK
Research/R33_NATIVE_N19_RUNTIME_BOUNDARY/RECOVERY_20260915_B/logs/277_f_symlink_recover.exit: OK
Research/R33_NATIVE_N19_RUNTIME_BOUNDARY/RECOVERY_20260915_B/logs/106_resource_c.stderr: OK
Research/R33_NATIVE_N19_RUNTIME_BOUNDARY/RECOVERY_20260915_B/logs/114_c_case-error-classification.command: OK
Research/R33_NATIVE_N19_RUNTIME_BOUNDARY/RECOVERY_20260915_B/logs/43_crash_b.stdout: OK
Research/R33_NATIVE_N19_RUNTIME_BOUNDARY/RECOVERY_20260915_B/logs/111_c_case-recovery.stderr: OK
Research/R33_NATIVE_N19_RUNTIME_BOUNDARY/RECOVERY_20260915_B/logs/221_e_case-probe-existing.exit: OK
Research/R33_NATIVE_N19_RUNTIME_BOUNDARY/RECOVERY_20260915_B/logs/225_e_case-fault-close.exit: OK
Research/R33_NATIVE_N19_RUNTIME_BOUNDARY/RECOVERY_20260915_B/logs/225_e_case-fault-close.stderr: OK
Research/R33_NATIVE_N19_RUNTIME_BOUNDARY/RECOVERY_20260915_B/logs/245_f_case-malformed.stdout: OK
Research/R33_NATIVE_N19_RUNTIME_BOUNDARY/RECOVERY_20260915_B/logs/250_f_case-recovery-atomicity.command: OK
Research/R33_NATIVE_N19_RUNTIME_BOUNDARY/RECOVERY_20260915_B/logs/255_f_case-fault-host-probe.command: OK
Research/R33_NATIVE_N19_RUNTIME_BOUNDARY/RECOVERY_20260915_B/logs/239_e_traversal.stderr: OK
Research/R33_NATIVE_N19_RUNTIME_BOUNDARY/RECOVERY_20260915_B/logs/252_f_case-limit.stderr: OK
Research/R33_NATIVE_N19_RUNTIME_BOUNDARY/RECOVERY_20260915_B/logs/184_closeout_preserved.stderr: OK
Research/R33_NATIVE_N19_RUNTIME_BOUNDARY/RECOVERY_20260915_B/logs/38_a_symlink_root.command: OK
Research/R33_NATIVE_N19_RUNTIME_BOUNDARY/RECOVERY_20260915_B/logs/27_a_missing_case-recover-file.command: OK
Research/R33_NATIVE_N19_RUNTIME_BOUNDARY/RECOVERY_20260915_B/logs/149_d_case-capacity.exit: OK
Research/R33_NATIVE_N19_RUNTIME_BOUNDARY/RECOVERY_20260915_B/logs/265_f_missing_case-recover-file.stdout: OK
Research/R33_NATIVE_N19_RUNTIME_BOUNDARY/RECOVERY_20260915_B/logs/136_c_unsafe_one.bin.exit: OK
Research/R33_NATIVE_N19_RUNTIME_BOUNDARY/RECOVERY_20260915_B/logs/9_a_case-capacity.exit: OK
Research/R33_NATIVE_N19_RUNTIME_BOUNDARY/RECOVERY_20260915_B/logs/138_c_unsafe_directory.exit: OK
Research/R33_NATIVE_N19_RUNTIME_BOUNDARY/RECOVERY_20260915_B/logs/74_b_unsafe_fifo.stderr: OK
Research/R33_NATIVE_N19_RUNTIME_BOUNDARY/RECOVERY_20260915_B/logs/16_a_case-fault-open.exit: OK
Research/R33_NATIVE_N19_RUNTIME_BOUNDARY/RECOVERY_20260915_B/logs/111_c_case-recovery.command: OK
Research/R33_NATIVE_N19_RUNTIME_BOUNDARY/RECOVERY_20260915_B/logs/146_host_d.stdout: OK
Research/R33_NATIVE_N19_RUNTIME_BOUNDARY/RECOVERY_20260915_B/logs/83_tracked_diff_preserved.stderr: OK
Research/R33_NATIVE_N19_RUNTIME_BOUNDARY/RECOVERY_20260915_B/logs/31_a_missing_root.stdout: OK
Research/R33_NATIVE_N19_RUNTIME_BOUNDARY/RECOVERY_20260915_B/logs/239_e_traversal.exit: OK
Research/R33_NATIVE_N19_RUNTIME_BOUNDARY/RECOVERY_20260915_B/logs/6_resource_a.command: OK
Research/R33_NATIVE_N19_RUNTIME_BOUNDARY/RECOVERY_20260915_B/logs/205_host_e.exit: OK
Research/R33_NATIVE_N19_RUNTIME_BOUNDARY/RECOVERY_20260915_B/logs/77_b_symlink_recover.exit: OK
Research/R33_NATIVE_N19_RUNTIME_BOUNDARY/RECOVERY_20260915_B/logs/152_d_case-recovery-atomicity.stderr: OK
Research/R33_NATIVE_N19_RUNTIME_BOUNDARY/RECOVERY_20260915_B/logs/176_d_unsafe_fifo.stderr: OK
Research/R33_NATIVE_N19_RUNTIME_BOUNDARY/RECOVERY_20260915_B/logs/283_tracked_diff_preserved.stdout: OK
Research/R33_NATIVE_N19_RUNTIME_BOUNDARY/RECOVERY_20260915_B/logs/25_a_case-fault-fsync.command: OK
Research/R33_NATIVE_N19_RUNTIME_BOUNDARY/RECOVERY_20260915_B/logs/235_e_unsafe_fifo.stdout: OK
Research/R33_NATIVE_N19_RUNTIME_BOUNDARY/RECOVERY_20260915_B/logs/106_resource_c.stdout: OK
Research/R33_NATIVE_N19_RUNTIME_BOUNDARY/RECOVERY_20260915_B/logs/7_a_case-malformed.exit: OK
Research/R33_NATIVE_N19_RUNTIME_BOUNDARY/RECOVERY_20260915_B/logs/165_d_case-fault-fsync.stderr: OK
Research/R33_NATIVE_N19_RUNTIME_BOUNDARY/RECOVERY_20260915_B/logs/126_c_case-fault-fsync.stdout: OK
Research/R33_NATIVE_N19_RUNTIME_BOUNDARY/RECOVERY_20260915_B/logs/10_a_case-recovery.exit: OK
Research/R33_NATIVE_N19_RUNTIME_BOUNDARY/RECOVERY_20260915_B/logs/148_d_case-overflow.stdout: OK
Research/R33_NATIVE_N19_RUNTIME_BOUNDARY/RECOVERY_20260915_B/logs/157_d_case-fault-host-probe.command: OK
Research/R33_NATIVE_N19_RUNTIME_BOUNDARY/RECOVERY_20260915_B/logs/23_a_case-retained-sequence.exit: OK
Research/R33_NATIVE_N19_RUNTIME_BOUNDARY/RECOVERY_20260915_B/logs/107_host_c.stderr: OK
Research/R33_NATIVE_N19_RUNTIME_BOUNDARY/RECOVERY_20260915_B/logs/179_d_symlink_recover.stdout: OK
Research/R33_NATIVE_N19_RUNTIME_BOUNDARY/RECOVERY_20260915_B/logs/154_d_case-limit.command: OK
Research/R33_NATIVE_N19_RUNTIME_BOUNDARY/RECOVERY_20260915_B/logs/145_resource_d.stdout: OK
Research/R33_NATIVE_N19_RUNTIME_BOUNDARY/RECOVERY_20260915_B/logs/181_d_absolute.stderr: OK
Research/R33_NATIVE_N19_RUNTIME_BOUNDARY/RECOVERY_20260915_B/logs/210_e_case-corruption.stdout: OK
Research/R33_NATIVE_N19_RUNTIME_BOUNDARY/RECOVERY_20260915_B/logs/204_resource_e.stdout: OK
Research/R33_NATIVE_N19_RUNTIME_BOUNDARY/RECOVERY_20260915_B/logs/223_e_case-torn.exit: OK
Research/R33_NATIVE_N19_RUNTIME_BOUNDARY/RECOVERY_20260915_B/logs/123_c_case-probe-existing.stdout: OK
Research/R33_NATIVE_N19_RUNTIME_BOUNDARY/RECOVERY_20260915_B/logs/266_f_missing_case-probe-existing.stderr: OK
Research/R33_NATIVE_N19_RUNTIME_BOUNDARY/RECOVERY_20260915_B/logs/63_b_case-fault-fsync.stdout: OK
Research/R33_NATIVE_N19_RUNTIME_BOUNDARY/RECOVERY_20260915_B/logs/242_crash_f.command: OK
Research/R33_NATIVE_N19_RUNTIME_BOUNDARY/RECOVERY_20260915_B/logs/18_a_case-io.stderr: OK
Research/R33_NATIVE_N19_RUNTIME_BOUNDARY/RECOVERY_20260915_B/logs/220_e_case-recover-file.command: OK
Research/R33_NATIVE_N19_RUNTIME_BOUNDARY/RECOVERY_20260915_B/logs/112_c_case-corruption.command: OK
Research/R33_NATIVE_N19_RUNTIME_BOUNDARY/RECOVERY_20260915_B/logs/232_e_unsafe_sym.bin.exit: OK
Research/R33_NATIVE_N19_RUNTIME_BOUNDARY/RECOVERY_20260915_B/logs/21_a_case-recover-file.exit: OK
Research/R33_NATIVE_N19_RUNTIME_BOUNDARY/RECOVERY_20260915_B/logs/103_build_repaired.exit: OK
Research/R33_NATIVE_N19_RUNTIME_BOUNDARY/RECOVERY_20260915_B/logs/206_e_case-malformed.exit: OK
Research/R33_NATIVE_N19_RUNTIME_BOUNDARY/RECOVERY_20260915_B/logs/265_f_missing_case-recover-file.stderr: OK
Research/R33_NATIVE_N19_RUNTIME_BOUNDARY/RECOVERY_20260915_B/logs/74_b_unsafe_fifo.stdout: OK
Research/R33_NATIVE_N19_RUNTIME_BOUNDARY/RECOVERY_20260915_B/logs/245_f_case-malformed.stderr: OK
Research/R33_NATIVE_N19_RUNTIME_BOUNDARY/RECOVERY_20260915_B/logs/225_e_case-fault-close.command: OK
Research/R33_NATIVE_N19_RUNTIME_BOUNDARY/RECOVERY_20260915_B/logs/211_e_case-recovery-atomicity.exit: OK
Research/R33_NATIVE_N19_RUNTIME_BOUNDARY/RECOVERY_20260915_B/logs/225_e_case-fault-close.stdout: OK
Research/R33_NATIVE_N19_RUNTIME_BOUNDARY/RECOVERY_20260915_B/logs/111_c_case-recovery.stdout: OK
Research/R33_NATIVE_N19_RUNTIME_BOUNDARY/RECOVERY_20260915_B/logs/142_c_absolute.exit: OK
Research/R33_NATIVE_N19_RUNTIME_BOUNDARY/RECOVERY_20260915_B/logs/110_c_case-capacity.command: OK
Research/R33_NATIVE_N19_RUNTIME_BOUNDARY/RECOVERY_20260915_B/logs/43_crash_b.stderr: OK
Research/R33_NATIVE_N19_RUNTIME_BOUNDARY/RECOVERY_20260915_B/logs/252_f_case-limit.exit: OK
Research/R33_NATIVE_N19_RUNTIME_BOUNDARY/RECOVERY_20260915_B/logs/168_d_missing_case-probe-existing.exit: OK
Research/R33_NATIVE_N19_RUNTIME_BOUNDARY/RECOVERY_20260915_B/logs/236_e_unsafe_directory.exit: OK
Research/R33_NATIVE_N19_RUNTIME_BOUNDARY/RECOVERY_20260915_B/logs/184_closeout_preserved.stdout: OK
Research/R33_NATIVE_N19_RUNTIME_BOUNDARY/RECOVERY_20260915_B/logs/203_crash_e.command: OK
Research/R33_NATIVE_N19_RUNTIME_BOUNDARY/RECOVERY_20260915_B/logs/276_f_symlink_root.exit: OK
Research/R33_NATIVE_N19_RUNTIME_BOUNDARY/RECOVERY_20260915_B/logs/252_f_case-limit.stdout: OK
Research/R33_NATIVE_N19_RUNTIME_BOUNDARY/RECOVERY_20260915_B/logs/128_c_missing_case-recover-file.command: OK
Research/R33_NATIVE_N19_RUNTIME_BOUNDARY/RECOVERY_20260915_B/logs/214_e_case-host-abi.exit: OK
Research/R33_NATIVE_N19_RUNTIME_BOUNDARY/RECOVERY_20260915_B/logs/243_resource_f.command: OK
Research/R33_NATIVE_N19_RUNTIME_BOUNDARY/RECOVERY_20260915_B/logs/239_e_traversal.stdout: OK
Research/R33_NATIVE_N19_RUNTIME_BOUNDARY/RECOVERY_20260915_B/logs/32_a_missing_recover_root.exit: OK
Research/R33_NATIVE_N19_RUNTIME_BOUNDARY/RECOVERY_20260915_B/logs/148_d_case-overflow.exit: OK
Research/R33_NATIVE_N19_RUNTIME_BOUNDARY/RECOVERY_20260915_B/logs/122_c_case-recover-file.stderr: OK
Research/R33_NATIVE_N19_RUNTIME_BOUNDARY/RECOVERY_20260915_B/logs/268_f_duplicate.exit: OK
Research/R33_NATIVE_N19_RUNTIME_BOUNDARY/RECOVERY_20260915_B/logs/248_f_case-recovery.stdout: OK
Research/R33_NATIVE_N19_RUNTIME_BOUNDARY/RECOVERY_20260915_B/logs/217_e_case-io.command: OK
Research/R33_NATIVE_N19_RUNTIME_BOUNDARY/RECOVERY_20260915_B/logs/83_tracked_diff_preserved.command: OK
Research/R33_NATIVE_N19_RUNTIME_BOUNDARY/RECOVERY_20260915_B/logs/22_a_case-probe-existing.stdout: OK
Research/R33_NATIVE_N19_RUNTIME_BOUNDARY/RECOVERY_20260915_B/logs/8_a_case-overflow.exit: OK
Research/R33_NATIVE_N19_RUNTIME_BOUNDARY/RECOVERY_20260915_B/logs/201_build_repaired.stderr: OK
Research/R33_NATIVE_N19_RUNTIME_BOUNDARY/RECOVERY_20260915_B/logs/245_f_case-malformed.command: OK
Research/R33_NATIVE_N19_RUNTIME_BOUNDARY/RECOVERY_20260915_B/logs/48_b_case-recovery.stderr: OK
Research/R33_NATIVE_N19_RUNTIME_BOUNDARY/RECOVERY_20260915_B/logs/171_d_missing_root.command: OK
Research/R33_NATIVE_N19_RUNTIME_BOUNDARY/RECOVERY_20260915_B/logs/262_f_case-torn.command: OK
Research/R33_NATIVE_N19_RUNTIME_BOUNDARY/RECOVERY_20260915_B/logs/115_c_case-limit.exit: OK
Research/R33_NATIVE_N19_RUNTIME_BOUNDARY/RECOVERY_20260915_B/logs/206_e_case-malformed.command: OK
Research/R33_NATIVE_N19_RUNTIME_BOUNDARY/RECOVERY_20260915_B/logs/252_f_case-limit.command: OK
Research/R33_NATIVE_N19_RUNTIME_BOUNDARY/RECOVERY_20260915_B/logs/153_d_case-error-classification.stderr: OK
Research/R33_NATIVE_N19_RUNTIME_BOUNDARY/RECOVERY_20260915_B/logs/108_c_case-malformed.command: OK
Research/R33_NATIVE_N19_RUNTIME_BOUNDARY/RECOVERY_20260915_B/logs/30_a_duplicate.exit: OK
Research/R33_NATIVE_N19_RUNTIME_BOUNDARY/RECOVERY_20260915_B/logs/116_c_case-host-abi.command: OK
Research/R33_NATIVE_N19_RUNTIME_BOUNDARY/RECOVERY_20260915_B/logs/129_c_missing_case-probe-existing.stdout: OK
Research/R33_NATIVE_N19_RUNTIME_BOUNDARY/RECOVERY_20260915_B/logs/183_protected_preserved.command: OK
Research/R33_NATIVE_N19_RUNTIME_BOUNDARY/RECOVERY_20260915_B/logs/79_b_absolute.stdout: OK
Research/R33_NATIVE_N19_RUNTIME_BOUNDARY/RECOVERY_20260915_B/logs/40_a_traversal.stderr: OK
Research/R33_NATIVE_N19_RUNTIME_BOUNDARY/RECOVERY_20260915_B/logs/34_a_unsafe_hard.bin.command: OK
Research/R33_NATIVE_N19_RUNTIME_BOUNDARY/RECOVERY_20260915_B/logs/162_d_case-probe-existing.stdout: OK
Research/R33_NATIVE_N19_RUNTIME_BOUNDARY/RECOVERY_20260915_B/logs/224_e_case-fault-fsync.command: OK
Research/R33_NATIVE_N19_RUNTIME_BOUNDARY/RECOVERY_20260915_B/logs/57_b_case-write.exit: OK
Research/R33_NATIVE_N19_RUNTIME_BOUNDARY/RECOVERY_20260915_B/logs/269_f_missing_root.stdout: OK
Research/R33_NATIVE_N19_RUNTIME_BOUNDARY/RECOVERY_20260915_B/logs/172_d_missing_recover_root.stdout: OK
Research/R33_NATIVE_N19_RUNTIME_BOUNDARY/RECOVERY_20260915_B/logs/126_c_case-fault-fsync.exit: OK
Research/R33_NATIVE_N19_RUNTIME_BOUNDARY/RECOVERY_20260915_B/logs/1_build_n19.exit: OK
Research/R33_NATIVE_N19_RUNTIME_BOUNDARY/RECOVERY_20260915_B/logs/133_c_missing_recover_root.stderr: OK
Research/R33_NATIVE_N19_RUNTIME_BOUNDARY/RECOVERY_20260915_B/logs/12_a_case-recovery-atomicity.command: OK
Research/R33_NATIVE_N19_RUNTIME_BOUNDARY/RECOVERY_20260915_B/logs/264_f_case-fault-close.stdout: OK
Research/R33_NATIVE_N19_RUNTIME_BOUNDARY/RECOVERY_20260915_B/logs/278_f_traversal.stdout: OK
Research/R33_NATIVE_N19_RUNTIME_BOUNDARY/RECOVERY_20260915_B/logs/112_c_case-corruption.stdout: OK
Research/R33_NATIVE_N19_RUNTIME_BOUNDARY/RECOVERY_20260915_B/logs/155_d_case-host-abi.stdout: OK
Research/R33_NATIVE_N19_RUNTIME_BOUNDARY/RECOVERY_20260915_B/logs/214_e_case-host-abi.command: OK
Research/R33_NATIVE_N19_RUNTIME_BOUNDARY/RECOVERY_20260915_B/logs/279_f_absolute.command: OK
Research/R33_NATIVE_N19_RUNTIME_BOUNDARY/RECOVERY_20260915_B/logs/56_b_case-io.stderr: OK
Research/R33_NATIVE_N19_RUNTIME_BOUNDARY/RECOVERY_20260915_B/logs/171_d_missing_root.stdout: OK
Research/R33_NATIVE_N19_RUNTIME_BOUNDARY/RECOVERY_20260915_B/logs/73_b_unsafe_one.bin.stdout: OK
Research/R33_NATIVE_N19_RUNTIME_BOUNDARY/RECOVERY_20260915_B/logs/208_e_case-capacity.stdout: OK
Research/R33_NATIVE_N19_RUNTIME_BOUNDARY/RECOVERY_20260915_B/logs/22_a_case-probe-existing.command: OK
Research/R33_NATIVE_N19_RUNTIME_BOUNDARY/RECOVERY_20260915_B/logs/241_poison_f.stdout: OK
Research/R33_NATIVE_N19_RUNTIME_BOUNDARY/RECOVERY_20260915_B/logs/202_poison_e.command: OK
Research/R33_NATIVE_N19_RUNTIME_BOUNDARY/RECOVERY_20260915_B/logs/29_a_missing_case-append-existing.command: OK
Research/R33_NATIVE_N19_RUNTIME_BOUNDARY/RECOVERY_20260915_B/logs/229_e_duplicate.command: OK
Research/R33_NATIVE_N19_RUNTIME_BOUNDARY/RECOVERY_20260915_B/logs/185_tracked_diff_preserved.stdout: OK
Research/R33_NATIVE_N19_RUNTIME_BOUNDARY/RECOVERY_20260915_B/logs/270_f_missing_recover_root.stderr: OK
Research/R33_NATIVE_N19_RUNTIME_BOUNDARY/RECOVERY_20260915_B/logs/8_a_case-overflow.stdout: OK
Research/R33_NATIVE_N19_RUNTIME_BOUNDARY/RECOVERY_20260915_B/logs/47_b_case-capacity.command: OK
Research/R33_NATIVE_N19_RUNTIME_BOUNDARY/RECOVERY_20260915_B/logs/224_e_case-fault-fsync.exit: OK
Research/R33_NATIVE_N19_RUNTIME_BOUNDARY/RECOVERY_20260915_B/logs/236_e_unsafe_directory.stdout: OK
Research/R33_NATIVE_N19_RUNTIME_BOUNDARY/RECOVERY_20260915_B/logs/118_c_case-fault-host-probe.stdout: OK
Research/R33_NATIVE_N19_RUNTIME_BOUNDARY/RECOVERY_20260915_B/logs/59_b_case-recover-file.exit: OK
Research/R33_NATIVE_N19_RUNTIME_BOUNDARY/RECOVERY_20260915_B/logs/234_e_unsafe_one.bin.exit: OK
Research/R33_NATIVE_N19_RUNTIME_BOUNDARY/RECOVERY_20260915_B/logs/253_f_case-host-abi.stderr: OK
Research/R33_NATIVE_N19_RUNTIME_BOUNDARY/RECOVERY_20260915_B/logs/101_build_adversary_before.stderr: OK
Research/R33_NATIVE_N19_RUNTIME_BOUNDARY/RECOVERY_20260915_B/logs/272_f_unsafe_hard.bin.stdout: OK
Research/R33_NATIVE_N19_RUNTIME_BOUNDARY/RECOVERY_20260915_B/logs/231_e_missing_recover_root.command: OK
Research/R33_NATIVE_N19_RUNTIME_BOUNDARY/RECOVERY_20260915_B/logs/232_e_unsafe_sym.bin.stdout: OK
Research/R33_NATIVE_N19_RUNTIME_BOUNDARY/RECOVERY_20260915_B/logs/65_b_missing_case-recover-file.exit: OK
Research/R33_NATIVE_N19_RUNTIME_BOUNDARY/RECOVERY_20260915_B/logs/6_resource_a.stdout: OK
Research/R33_NATIVE_N19_RUNTIME_BOUNDARY/RECOVERY_20260915_B/logs/53_b_case-host-abi.stdout: OK
Research/R33_NATIVE_N19_RUNTIME_BOUNDARY/RECOVERY_20260915_B/logs/37_a_unsafe_directory.stderr: OK
Research/R33_NATIVE_N19_RUNTIME_BOUNDARY/RECOVERY_20260915_B/logs/237_e_symlink_root.stdout: OK
Research/R33_NATIVE_N19_RUNTIME_BOUNDARY/RECOVERY_20260915_B/logs/21_a_case-recover-file.command: OK
Research/R33_NATIVE_N19_RUNTIME_BOUNDARY/RECOVERY_20260915_B/logs/57_b_case-write.stderr: OK
Research/R33_NATIVE_N19_RUNTIME_BOUNDARY/RECOVERY_20260915_B/logs/166_d_case-fault-close.stderr: OK
Research/R33_NATIVE_N19_RUNTIME_BOUNDARY/RECOVERY_20260915_B/logs/11_a_case-corruption.command: OK
Research/R33_NATIVE_N19_RUNTIME_BOUNDARY/RECOVERY_20260915_B/logs/50_b_case-recovery-atomicity.stderr: OK
Research/R33_NATIVE_N19_RUNTIME_BOUNDARY/RECOVERY_20260915_B/logs/145_resource_d.exit: OK
Research/R33_NATIVE_N19_RUNTIME_BOUNDARY/RECOVERY_20260915_B/logs/266_f_missing_case-probe-existing.command: OK
Research/R33_NATIVE_N19_RUNTIME_BOUNDARY/RECOVERY_20260915_B/logs/229_e_duplicate.exit: OK
Research/R33_NATIVE_N19_RUNTIME_BOUNDARY/RECOVERY_20260915_B/logs/202_poison_e.stdout: OK
Research/R33_NATIVE_N19_RUNTIME_BOUNDARY/RECOVERY_20260915_B/logs/3_build_n19_host_tests.command: OK
Research/R33_NATIVE_N19_RUNTIME_BOUNDARY/RECOVERY_20260915_B/logs/204_resource_e.exit: OK
Research/R33_NATIVE_N19_RUNTIME_BOUNDARY/RECOVERY_20260915_B/logs/102_reproduce_poison_bypass.stdout: OK
Research/R33_NATIVE_N19_RUNTIME_BOUNDARY/RECOVERY_20260915_B/logs/168_d_missing_case-probe-existing.stderr: OK
Research/R33_NATIVE_N19_RUNTIME_BOUNDARY/RECOVERY_20260915_B/logs/41_a_absolute.stderr: OK
Research/R33_NATIVE_N19_RUNTIME_BOUNDARY/RECOVERY_20260915_B/logs/18_a_case-io.command: OK
Research/R33_NATIVE_N19_RUNTIME_BOUNDARY/RECOVERY_20260915_B/logs/211_e_case-recovery-atomicity.stderr: OK
Research/R33_NATIVE_N19_RUNTIME_BOUNDARY/RECOVERY_20260915_B/logs/159_d_case-write.stderr: OK
Research/R33_NATIVE_N19_RUNTIME_BOUNDARY/RECOVERY_20260915_B/logs/102_reproduce_poison_bypass.command: OK
Research/R33_NATIVE_N19_RUNTIME_BOUNDARY/RECOVERY_20260915_B/logs/280_canonical_preserved.stdout: OK
Research/R33_NATIVE_N19_RUNTIME_BOUNDARY/RECOVERY_20260915_B/logs/25_a_case-fault-fsync.stdout: OK
Research/R33_NATIVE_N19_RUNTIME_BOUNDARY/RECOVERY_20260915_B/logs/171_d_missing_root.exit: OK
Research/R33_NATIVE_N19_RUNTIME_BOUNDARY/RECOVERY_20260915_B/logs/69_b_missing_root.stderr: OK
Research/R33_NATIVE_N19_RUNTIME_BOUNDARY/RECOVERY_20260915_B/logs/249_f_case-corruption.command: OK
Research/R33_NATIVE_N19_RUNTIME_BOUNDARY/RECOVERY_20260915_B/logs/111_c_case-recovery.exit: OK
Research/R33_NATIVE_N19_RUNTIME_BOUNDARY/RECOVERY_20260915_B/logs/223_e_case-torn.command: OK
Research/R33_NATIVE_N19_RUNTIME_BOUNDARY/RECOVERY_20260915_B/logs/82_closeout_preserved.command: OK
Research/R33_NATIVE_N19_RUNTIME_BOUNDARY/RECOVERY_20260915_B/logs/277_f_symlink_recover.stdout: OK
Research/R33_NATIVE_N19_RUNTIME_BOUNDARY/RECOVERY_20260915_B/logs/13_a_case-error-classification.stderr: OK
Research/R33_NATIVE_N19_RUNTIME_BOUNDARY/RECOVERY_20260915_B/logs/147_d_case-malformed.stdout: OK
Research/R33_NATIVE_N19_RUNTIME_BOUNDARY/RECOVERY_20260915_B/logs/213_e_case-limit.exit: OK
Research/R33_NATIVE_N19_RUNTIME_BOUNDARY/RECOVERY_20260915_B/logs/150_d_case-recovery.command: OK
Research/R33_NATIVE_N19_RUNTIME_BOUNDARY/RECOVERY_20260915_B/logs/52_b_case-limit.command: OK
Research/R33_NATIVE_N19_RUNTIME_BOUNDARY/RECOVERY_20260915_B/logs/16_a_case-fault-open.stderr: OK
Research/R33_NATIVE_N19_RUNTIME_BOUNDARY/RECOVERY_20260915_B/logs/62_b_case-torn.stderr: OK
Research/R33_NATIVE_N19_RUNTIME_BOUNDARY/RECOVERY_20260915_B/logs/227_e_missing_case-probe-existing.exit: OK
Research/R33_NATIVE_N19_RUNTIME_BOUNDARY/RECOVERY_20260915_B/logs/163_d_case-retained-sequence.stdout: OK
Research/R33_NATIVE_N19_RUNTIME_BOUNDARY/RECOVERY_20260915_B/logs/127_c_case-fault-close.command: OK
Research/R33_NATIVE_N19_RUNTIME_BOUNDARY/RECOVERY_20260915_B/logs/224_e_case-fault-fsync.stderr: OK
Research/R33_NATIVE_N19_RUNTIME_BOUNDARY/RECOVERY_20260915_B/logs/64_b_case-fault-close.exit: OK
Research/R33_NATIVE_N19_RUNTIME_BOUNDARY/RECOVERY_20260915_B/logs/231_e_missing_recover_root.stderr: OK
Research/R33_NATIVE_N19_RUNTIME_BOUNDARY/RECOVERY_20260915_B/logs/243_resource_f.stderr: OK
Research/R33_NATIVE_N19_RUNTIME_BOUNDARY/RECOVERY_20260915_B/logs/104_poison_c.command: OK
Research/R33_NATIVE_N19_RUNTIME_BOUNDARY/RECOVERY_20260915_B/logs/70_b_missing_recover_root.stderr: OK
Research/R33_NATIVE_N19_RUNTIME_BOUNDARY/RECOVERY_20260915_B/logs/212_e_case-error-classification.exit: OK
Research/R33_NATIVE_N19_RUNTIME_BOUNDARY/RECOVERY_20260915_B/logs/147_d_case-malformed.command: OK
Research/R33_NATIVE_N19_RUNTIME_BOUNDARY/RECOVERY_20260915_B/logs/44_resource_b.exit: OK
Research/R33_NATIVE_N19_RUNTIME_BOUNDARY/RECOVERY_20260915_B/logs/215_e_case-fault-open.stdout: OK
Research/R33_NATIVE_N19_RUNTIME_BOUNDARY/RECOVERY_20260915_B/logs/119_c_case-io.exit: OK
Research/R33_NATIVE_N19_RUNTIME_BOUNDARY/RECOVERY_20260915_B/logs/67_b_missing_case-append-existing.command: OK
Research/R33_NATIVE_N19_RUNTIME_BOUNDARY/RECOVERY_20260915_B/logs/261_f_case-retained-sequence.stderr: OK
Research/R33_NATIVE_N19_RUNTIME_BOUNDARY/RECOVERY_20260915_B/logs/3_build_n19_host_tests.stderr: OK
Research/R33_NATIVE_N19_RUNTIME_BOUNDARY/RECOVERY_20260915_B/logs/45_b_case-malformed.stdout: OK
Research/R33_NATIVE_N19_RUNTIME_BOUNDARY/RECOVERY_20260915_B/logs/221_e_case-probe-existing.stderr: OK
Research/R33_NATIVE_N19_RUNTIME_BOUNDARY/RECOVERY_20260915_B/logs/105_crash_c.stderr: OK
Research/R33_NATIVE_N19_RUNTIME_BOUNDARY/RECOVERY_20260915_B/logs/80_canonical_preserved.stderr: OK
Research/R33_NATIVE_N19_RUNTIME_BOUNDARY/RECOVERY_20260915_B/logs/21_a_case-recover-file.stderr: OK
Research/R33_NATIVE_N19_RUNTIME_BOUNDARY/RECOVERY_20260915_B/logs/108_c_case-malformed.exit: OK
Research/R33_NATIVE_N19_RUNTIME_BOUNDARY/RECOVERY_20260915_B/logs/268_f_duplicate.command: OK
Research/R33_NATIVE_N19_RUNTIME_BOUNDARY/RECOVERY_20260915_B/logs/213_e_case-limit.command: OK
Research/R33_NATIVE_N19_RUNTIME_BOUNDARY/RECOVERY_20260915_B/logs/141_c_traversal.stdout: OK
Research/R33_NATIVE_N19_RUNTIME_BOUNDARY/RECOVERY_20260915_B/logs/280_canonical_preserved.command: OK
Research/R33_NATIVE_N19_RUNTIME_BOUNDARY/RECOVERY_20260915_B/logs/166_d_case-fault-close.exit: OK
Research/R33_NATIVE_N19_RUNTIME_BOUNDARY/RECOVERY_20260915_B/logs/114_c_case-error-classification.exit: OK
Research/R33_NATIVE_N19_RUNTIME_BOUNDARY/RECOVERY_20260915_B/logs/235_e_unsafe_fifo.command: OK
Research/R33_NATIVE_N19_RUNTIME_BOUNDARY/RECOVERY_20260915_B/logs/218_e_case-write.exit: OK
Research/R33_NATIVE_N19_RUNTIME_BOUNDARY/RECOVERY_20260915_B/logs/127_c_case-fault-close.stderr: OK
Research/R33_NATIVE_N19_RUNTIME_BOUNDARY/RECOVERY_20260915_B/logs/174_d_unsafe_hard.bin.stdout: OK
Research/R33_NATIVE_N19_RUNTIME_BOUNDARY/RECOVERY_20260915_B/logs/51_b_case-error-classification.stderr: OK
Research/R33_NATIVE_N19_RUNTIME_BOUNDARY/RECOVERY_20260915_B/logs/168_d_missing_case-probe-existing.command: OK
Research/R33_NATIVE_N19_RUNTIME_BOUNDARY/RECOVERY_20260915_B/logs/205_host_e.stderr: OK
Research/R33_NATIVE_N19_RUNTIME_BOUNDARY/RECOVERY_20260915_B/logs/180_d_traversal.stderr: OK
Research/R33_NATIVE_N19_RUNTIME_BOUNDARY/RECOVERY_20260915_B/logs/184_closeout_preserved.command: OK
Research/R33_NATIVE_N19_RUNTIME_BOUNDARY/RECOVERY_20260915_B/logs/80_canonical_preserved.exit: OK
Research/R33_NATIVE_N19_RUNTIME_BOUNDARY/RECOVERY_20260915_B/logs/144_crash_d.stdout: OK
Research/R33_NATIVE_N19_RUNTIME_BOUNDARY/RECOVERY_20260915_B/logs/72_b_unsafe_hard.bin.command: OK
Research/R33_NATIVE_N19_RUNTIME_BOUNDARY/RECOVERY_20260915_B/logs/278_f_traversal.exit: OK
Research/R33_NATIVE_N19_RUNTIME_BOUNDARY/RECOVERY_20260915_B/logs/73_b_unsafe_one.bin.command: OK
Research/R33_NATIVE_N19_RUNTIME_BOUNDARY/RECOVERY_20260915_B/logs/3_build_n19_host_tests.exit: OK
Research/R33_NATIVE_N19_RUNTIME_BOUNDARY/RECOVERY_20260915_B/logs/44_resource_b.stderr: OK
Research/R33_NATIVE_N19_RUNTIME_BOUNDARY/RECOVERY_20260915_B/logs/249_f_case-corruption.stdout: OK
Research/R33_NATIVE_N19_RUNTIME_BOUNDARY/RECOVERY_20260915_B/logs/8_a_case-overflow.command: OK
Research/R33_NATIVE_N19_RUNTIME_BOUNDARY/RECOVERY_20260915_B/logs/183_protected_preserved.stderr: OK
Research/R33_NATIVE_N19_RUNTIME_BOUNDARY/RECOVERY_20260915_B/logs/272_f_unsafe_hard.bin.exit: OK
Research/R33_NATIVE_N19_RUNTIME_BOUNDARY/RECOVERY_20260915_B/logs/10_a_case-recovery.stderr: OK
Research/R33_NATIVE_N19_RUNTIME_BOUNDARY/RECOVERY_20260915_B/logs/244_host_f.stderr: OK
Research/R33_NATIVE_N19_RUNTIME_BOUNDARY/RECOVERY_20260915_B/logs/218_e_case-write.command: OK
Research/R33_NATIVE_N19_RUNTIME_BOUNDARY/RECOVERY_20260915_B/logs/68_b_duplicate.stderr: OK
Research/R33_NATIVE_N19_RUNTIME_BOUNDARY/RECOVERY_20260915_B/logs/117_c_case-fault-open.exit: OK
Research/R33_NATIVE_N19_RUNTIME_BOUNDARY/RECOVERY_20260915_B/logs/255_f_case-fault-host-probe.exit: OK
Research/R33_NATIVE_N19_RUNTIME_BOUNDARY/RECOVERY_20260915_B/logs/133_c_missing_recover_root.exit: OK
Research/R33_NATIVE_N19_RUNTIME_BOUNDARY/RECOVERY_20260915_B/logs/134_c_unsafe_sym.bin.exit: OK
Research/R33_NATIVE_N19_RUNTIME_BOUNDARY/RECOVERY_20260915_B/logs/104_poison_c.stderr: OK
Research/R33_NATIVE_N19_RUNTIME_BOUNDARY/RECOVERY_20260915_B/logs/161_d_case-recover-file.stdout: OK
Research/R33_NATIVE_N19_RUNTIME_BOUNDARY/RECOVERY_20260915_B/logs/132_c_missing_root.exit: OK
Research/R33_NATIVE_N19_RUNTIME_BOUNDARY/RECOVERY_20260915_B/logs/262_f_case-torn.exit: OK
Research/R33_NATIVE_N19_RUNTIME_BOUNDARY/RECOVERY_20260915_B/logs/117_c_case-fault-open.stdout: OK
Research/R33_NATIVE_N19_RUNTIME_BOUNDARY/RECOVERY_20260915_B/logs/4_host_a.stderr: OK
Research/R33_NATIVE_N19_RUNTIME_BOUNDARY/RECOVERY_20260915_B/logs/275_f_unsafe_directory.stderr: OK
Research/R33_NATIVE_N19_RUNTIME_BOUNDARY/RECOVERY_20260915_B/logs/226_e_missing_case-recover-file.stdout: OK
Research/R33_NATIVE_N19_RUNTIME_BOUNDARY/RECOVERY_20260915_B/logs/19_a_case-write.stdout: OK
Research/R33_NATIVE_N19_RUNTIME_BOUNDARY/RECOVERY_20260915_B/logs/139_c_symlink_root.command: OK
Research/R33_NATIVE_N19_RUNTIME_BOUNDARY/RECOVERY_20260915_B/logs/129_c_missing_case-probe-existing.command: OK
Research/R33_NATIVE_N19_RUNTIME_BOUNDARY/RECOVERY_20260915_B/logs/237_e_symlink_root.exit: OK
Research/R33_NATIVE_N19_RUNTIME_BOUNDARY/RECOVERY_20260915_B/logs/213_e_case-limit.stdout: OK
Research/R33_NATIVE_N19_RUNTIME_BOUNDARY/RECOVERY_20260915_B/logs/246_f_case-overflow.stdout: OK
Research/R33_NATIVE_N19_RUNTIME_BOUNDARY/RECOVERY_20260915_B/logs/261_f_case-retained-sequence.command: OK
Research/R33_NATIVE_N19_RUNTIME_BOUNDARY/RECOVERY_20260915_B/logs/175_d_unsafe_one.bin.stdout: OK
Research/R33_NATIVE_N19_RUNTIME_BOUNDARY/RECOVERY_20260915_B/logs/28_a_missing_case-probe-existing.command: OK
Research/R33_NATIVE_N19_RUNTIME_BOUNDARY/RECOVERY_20260915_B/logs/273_f_unsafe_one.bin.stderr: OK
Research/R33_NATIVE_N19_RUNTIME_BOUNDARY/RECOVERY_20260915_B/logs/134_c_unsafe_sym.bin.stdout: OK
Research/R33_NATIVE_N19_RUNTIME_BOUNDARY/RECOVERY_20260915_B/logs/113_c_case-recovery-atomicity.stderr: OK
Research/R33_NATIVE_N19_RUNTIME_BOUNDARY/RECOVERY_20260915_B/logs/40_a_traversal.command: OK
Research/R33_NATIVE_N19_RUNTIME_BOUNDARY/RECOVERY_20260915_B/logs/139_c_symlink_root.stdout: OK
Research/R33_NATIVE_N19_RUNTIME_BOUNDARY/RECOVERY_20260915_B/logs/256_f_case-io.command: OK
Research/R33_NATIVE_N19_RUNTIME_BOUNDARY/RECOVERY_20260915_B/logs/282_closeout_preserved.stdout: OK
Research/R33_NATIVE_N19_RUNTIME_BOUNDARY/RECOVERY_20260915_B/logs/220_e_case-recover-file.stderr: OK
Research/R33_NATIVE_N19_RUNTIME_BOUNDARY/RECOVERY_20260915_B/logs/28_a_missing_case-probe-existing.exit: OK
Research/R33_NATIVE_N19_RUNTIME_BOUNDARY/RECOVERY_20260915_B/logs/46_b_case-overflow.stderr: OK
Research/R33_NATIVE_N19_RUNTIME_BOUNDARY/RECOVERY_20260915_B/logs/83_tracked_diff_preserved.exit: OK
Research/R33_NATIVE_N19_RUNTIME_BOUNDARY/RECOVERY_20260915_B/logs/180_d_traversal.exit: OK
Research/R33_NATIVE_N19_RUNTIME_BOUNDARY/RECOVERY_20260915_B/logs/20_a_case-append-existing.stderr: OK
Research/R33_NATIVE_N19_RUNTIME_BOUNDARY/RECOVERY_20260915_B/logs/13_a_case-error-classification.exit: OK
Research/R33_NATIVE_N19_RUNTIME_BOUNDARY/RECOVERY_20260915_B/logs/54_b_case-fault-open.stdout: OK
Research/R33_NATIVE_N19_RUNTIME_BOUNDARY/RECOVERY_20260915_B/logs/126_c_case-fault-fsync.command: OK
Research/R33_NATIVE_N19_RUNTIME_BOUNDARY/RECOVERY_20260915_B/logs/103_build_repaired.stdout: OK
Research/R33_NATIVE_N19_RUNTIME_BOUNDARY/RECOVERY_20260915_B/logs/35_a_unsafe_one.bin.stderr: OK
Research/R33_NATIVE_N19_RUNTIME_BOUNDARY/RECOVERY_20260915_B/logs/238_e_symlink_recover.stdout: OK
Research/R33_NATIVE_N19_RUNTIME_BOUNDARY/RECOVERY_20260915_B/logs/26_a_case-fault-close.stdout: OK
Research/R33_NATIVE_N19_RUNTIME_BOUNDARY/RECOVERY_20260915_B/logs/167_d_missing_case-recover-file.exit: OK
Research/R33_NATIVE_N19_RUNTIME_BOUNDARY/RECOVERY_20260915_B/logs/274_f_unsafe_fifo.stdout: OK
Research/R33_NATIVE_N19_RUNTIME_BOUNDARY/RECOVERY_20260915_B/logs/215_e_case-fault-open.exit: OK
Research/R33_NATIVE_N19_RUNTIME_BOUNDARY/RECOVERY_20260915_B/logs/177_d_unsafe_directory.stdout: OK
Research/R33_NATIVE_N19_RUNTIME_BOUNDARY/RECOVERY_20260915_B/logs/151_d_case-corruption.stdout: OK
Research/R33_NATIVE_N19_RUNTIME_BOUNDARY/RECOVERY_20260915_B/logs/14_a_case-limit.exit: OK
Research/R33_NATIVE_N19_RUNTIME_BOUNDARY/RECOVERY_20260915_B/logs/9_a_case-capacity.stderr: OK
Research/R33_NATIVE_N19_RUNTIME_BOUNDARY/RECOVERY_20260915_B/logs/255_f_case-fault-host-probe.stderr: OK
Research/R33_NATIVE_N19_RUNTIME_BOUNDARY/RECOVERY_20260915_B/logs/233_e_unsafe_hard.bin.stdout: OK
Research/R33_NATIVE_N19_RUNTIME_BOUNDARY/RECOVERY_20260915_B/logs/131_c_duplicate.stderr: OK
Research/R33_NATIVE_N19_RUNTIME_BOUNDARY/RECOVERY_20260915_B/logs/169_d_missing_case-append-existing.stdout: OK
Research/R33_NATIVE_N19_RUNTIME_BOUNDARY/RECOVERY_20260915_B/logs/29_a_missing_case-append-existing.exit: OK
Research/R33_NATIVE_N19_RUNTIME_BOUNDARY/RECOVERY_20260915_B/logs/217_e_case-io.stdout: OK
Research/R33_NATIVE_N19_RUNTIME_BOUNDARY/RECOVERY_20260915_B/logs/39_a_symlink_recover.command: OK
Research/R33_NATIVE_N19_RUNTIME_BOUNDARY/RECOVERY_20260915_B/logs/5_crash_a.stdout: OK
Research/R33_NATIVE_N19_RUNTIME_BOUNDARY/RECOVERY_20260915_B/logs/46_b_case-overflow.command: OK
Research/R33_NATIVE_N19_RUNTIME_BOUNDARY/RECOVERY_20260915_B/logs/137_c_unsafe_fifo.exit: OK
Research/R33_NATIVE_N19_RUNTIME_BOUNDARY/RECOVERY_20260915_B/logs/240_e_absolute.stdout: OK
Research/R33_NATIVE_N19_RUNTIME_BOUNDARY/RECOVERY_20260915_B/logs/17_a_case-fault-host-probe.stdout: OK
Research/R33_NATIVE_N19_RUNTIME_BOUNDARY/RECOVERY_20260915_B/logs/101_build_adversary_before.exit: OK
Research/R33_NATIVE_N19_RUNTIME_BOUNDARY/RECOVERY_20260915_B/logs/124_c_case-retained-sequence.stderr: OK
Research/R33_NATIVE_N19_RUNTIME_BOUNDARY/RECOVERY_20260915_B/logs/253_f_case-host-abi.exit: OK
Research/R33_NATIVE_N19_RUNTIME_BOUNDARY/RECOVERY_20260915_B/logs/4_host_a.command: OK
Research/R33_NATIVE_N19_RUNTIME_BOUNDARY/RECOVERY_20260915_B/logs/81_protected_preserved.stdout: OK
Research/R33_NATIVE_N19_RUNTIME_BOUNDARY/RECOVERY_20260915_B/logs/147_d_case-malformed.exit: OK
Research/R33_NATIVE_N19_RUNTIME_BOUNDARY/RECOVERY_20260915_B/logs/23_a_case-retained-sequence.stdout: OK
Research/R33_NATIVE_N19_RUNTIME_BOUNDARY/RECOVERY_20260915_B/logs/138_c_unsafe_directory.stdout: OK
Research/R33_NATIVE_N19_RUNTIME_BOUNDARY/RECOVERY_20260915_B/logs/222_e_case-retained-sequence.stdout: OK
Research/R33_NATIVE_N19_RUNTIME_BOUNDARY/RECOVERY_20260915_B/logs/228_e_missing_case-append-existing.stderr: OK
Research/R33_NATIVE_N19_RUNTIME_BOUNDARY/RECOVERY_20260915_B/logs/178_d_symlink_root.command: OK
Research/R33_NATIVE_N19_RUNTIME_BOUNDARY/RECOVERY_20260915_B/logs/142_c_absolute.stdout: OK
Research/R33_NATIVE_N19_RUNTIME_BOUNDARY/RECOVERY_20260915_B/logs/34_a_unsafe_hard.bin.stderr: OK
Research/R33_NATIVE_N19_RUNTIME_BOUNDARY/RECOVERY_20260915_B/logs/276_f_symlink_root.stderr: OK
Research/R33_NATIVE_N19_RUNTIME_BOUNDARY/RECOVERY_20260915_B/logs/212_e_case-error-classification.stderr: OK
Research/R33_NATIVE_N19_RUNTIME_BOUNDARY/RECOVERY_20260915_B/logs/66_b_missing_case-probe-existing.stdout: OK
Research/R33_NATIVE_N19_RUNTIME_BOUNDARY/RECOVERY_20260915_B/logs/74_b_unsafe_fifo.command: OK
Research/R33_NATIVE_N19_RUNTIME_BOUNDARY/RECOVERY_20260915_B/logs/254_f_case-fault-open.command: OK
Research/R33_NATIVE_N19_RUNTIME_BOUNDARY/RECOVERY_20260915_B/logs/219_e_case-append-existing.exit: OK
Research/R33_NATIVE_N19_RUNTIME_BOUNDARY/RECOVERY_20260915_B/logs/71_b_unsafe_sym.bin.exit: OK
Research/R33_NATIVE_N19_RUNTIME_BOUNDARY/RECOVERY_20260915_B/logs/132_c_missing_root.stderr: OK
Research/R33_NATIVE_N19_RUNTIME_BOUNDARY/RECOVERY_20260915_B/logs/156_d_case-fault-open.exit: OK
Research/R33_NATIVE_N19_RUNTIME_BOUNDARY/RECOVERY_20260915_B/logs/153_d_case-error-classification.command: OK
Research/R33_NATIVE_N19_RUNTIME_BOUNDARY/RECOVERY_20260915_B/logs/119_c_case-io.stderr: OK
Research/R33_NATIVE_N19_RUNTIME_BOUNDARY/RECOVERY_20260915_B/logs/37_a_unsafe_directory.command: OK
Research/R33_NATIVE_N19_RUNTIME_BOUNDARY/RECOVERY_20260915_B/logs/45_b_case-malformed.exit: OK
Research/R33_NATIVE_N19_RUNTIME_BOUNDARY/RECOVERY_20260915_B/logs/49_b_case-corruption.exit: OK
Research/R33_NATIVE_N19_RUNTIME_BOUNDARY/RECOVERY_20260915_B/logs/154_d_case-limit.stdout: OK
Research/R33_NATIVE_N19_RUNTIME_BOUNDARY/RECOVERY_20260915_B/logs/273_f_unsafe_one.bin.exit: OK
Research/R33_NATIVE_N19_RUNTIME_BOUNDARY/RECOVERY_20260915_B/logs/51_b_case-error-classification.command: OK
Research/R33_NATIVE_N19_RUNTIME_BOUNDARY/RECOVERY_20260915_B/logs/130_c_missing_case-append-existing.stderr: OK
Research/R33_NATIVE_N19_RUNTIME_BOUNDARY/RECOVERY_20260915_B/logs/110_c_case-capacity.exit: OK
Research/R33_NATIVE_N19_RUNTIME_BOUNDARY/RECOVERY_20260915_B/logs/175_d_unsafe_one.bin.command: OK
Research/R33_NATIVE_N19_RUNTIME_BOUNDARY/RECOVERY_20260915_B/logs/275_f_unsafe_directory.exit: OK
Research/R33_NATIVE_N19_RUNTIME_BOUNDARY/RECOVERY_20260915_B/logs/259_f_case-recover-file.stderr: OK
Research/R33_NATIVE_N19_RUNTIME_BOUNDARY/RECOVERY_20260915_B/logs/257_f_case-write.stdout: OK
Research/R33_NATIVE_N19_RUNTIME_BOUNDARY/RECOVERY_20260915_B/logs/75_b_unsafe_directory.stdout: OK
Research/R33_NATIVE_N19_RUNTIME_BOUNDARY/RECOVERY_20260915_B/logs/226_e_missing_case-recover-file.exit: OK
Research/R33_NATIVE_N19_RUNTIME_BOUNDARY/RECOVERY_20260915_B/logs/58_b_case-append-existing.stdout: OK
Research/R33_NATIVE_N19_RUNTIME_BOUNDARY/RECOVERY_20260915_B/logs/212_e_case-error-classification.command: OK
Research/R33_NATIVE_N19_RUNTIME_BOUNDARY/RECOVERY_20260915_B/logs/223_e_case-torn.stderr: OK
Research/R33_NATIVE_N19_RUNTIME_BOUNDARY/RECOVERY_20260915_B/logs/209_e_case-recovery.stderr: OK
Research/R33_NATIVE_N19_RUNTIME_BOUNDARY/RECOVERY_20260915_B/logs/219_e_case-append-existing.stdout: OK
Research/R33_NATIVE_N19_RUNTIME_BOUNDARY/RECOVERY_20260915_B/logs/206_e_case-malformed.stderr: OK
Research/R33_NATIVE_N19_RUNTIME_BOUNDARY/RECOVERY_20260915_B/logs/162_d_case-probe-existing.exit: OK
Research/R33_NATIVE_N19_RUNTIME_BOUNDARY/RECOVERY_20260915_B/logs/184_closeout_preserved.exit: OK
Research/R33_NATIVE_N19_RUNTIME_BOUNDARY/RECOVERY_20260915_B/logs/59_b_case-recover-file.stdout: OK
Research/R33_NATIVE_N19_RUNTIME_BOUNDARY/RECOVERY_20260915_B/logs/281_protected_preserved.stderr: OK
Research/R33_NATIVE_N19_RUNTIME_BOUNDARY/RECOVERY_20260915_B/logs/12_a_case-recovery-atomicity.exit: OK
Research/R33_NATIVE_N19_RUNTIME_BOUNDARY/RECOVERY_20260915_B/logs/128_c_missing_case-recover-file.stdout: OK
Research/R33_NATIVE_N19_RUNTIME_BOUNDARY/RECOVERY_20260915_B/logs/156_d_case-fault-open.stdout: OK
Research/R33_NATIVE_N19_RUNTIME_BOUNDARY/RECOVERY_20260915_B/logs/176_d_unsafe_fifo.command: OK
Research/R33_NATIVE_N19_RUNTIME_BOUNDARY/RECOVERY_20260915_B/logs/164_d_case-torn.stderr: OK
Research/R33_NATIVE_N19_RUNTIME_BOUNDARY/RECOVERY_20260915_B/logs/221_e_case-probe-existing.command: OK
Research/R33_NATIVE_N19_RUNTIME_BOUNDARY/RECOVERY_20260915_B/logs/173_d_unsafe_sym.bin.exit: OK
Research/R33_NATIVE_N19_RUNTIME_BOUNDARY/RECOVERY_20260915_B/logs/178_d_symlink_root.stderr: OK
Research/R33_NATIVE_N19_RUNTIME_BOUNDARY/RECOVERY_20260915_B/logs/36_a_unsafe_fifo.stdout: OK
Research/R33_NATIVE_N19_RUNTIME_BOUNDARY/RECOVERY_20260915_B/logs/60_b_case-probe-existing.command: OK
Research/R33_NATIVE_N19_RUNTIME_BOUNDARY/RECOVERY_20260915_B/logs/115_c_case-limit.stdout: OK
Research/R33_NATIVE_N19_RUNTIME_BOUNDARY/RECOVERY_20260915_B/logs/108_c_case-malformed.stdout: OK
Research/R33_NATIVE_N19_RUNTIME_BOUNDARY/RECOVERY_20260915_B/logs/268_f_duplicate.stderr: OK
Research/R33_NATIVE_N19_RUNTIME_BOUNDARY/RECOVERY_20260915_B/logs/35_a_unsafe_one.bin.exit: OK
Research/R33_NATIVE_N19_RUNTIME_BOUNDARY/RECOVERY_20260915_B/logs/267_f_missing_case-append-existing.stdout: OK
Research/R33_NATIVE_N19_RUNTIME_BOUNDARY/RECOVERY_20260915_B/logs/60_b_case-probe-existing.stderr: OK
Research/R33_NATIVE_N19_RUNTIME_BOUNDARY/RECOVERY_20260915_B/logs/125_c_case-torn.command: OK
Research/R33_NATIVE_N19_RUNTIME_BOUNDARY/RECOVERY_20260915_B/logs/159_d_case-write.exit: OK
Research/R33_NATIVE_N19_RUNTIME_BOUNDARY/RECOVERY_20260915_B/logs/247_f_case-capacity.exit: OK
Research/R33_NATIVE_N19_RUNTIME_BOUNDARY/RECOVERY_20260915_B/logs/169_d_missing_case-append-existing.exit: OK
Research/R33_NATIVE_N19_RUNTIME_BOUNDARY/RECOVERY_20260915_B/logs/140_c_symlink_recover.stdout: OK
Research/R33_NATIVE_N19_RUNTIME_BOUNDARY/RECOVERY_20260915_B/logs/230_e_missing_root.stdout: OK
Research/R33_NATIVE_N19_RUNTIME_BOUNDARY/RECOVERY_20260915_B/logs/279_f_absolute.exit: OK
Research/R33_NATIVE_N19_RUNTIME_BOUNDARY/RECOVERY_20260915_B/logs/26_a_case-fault-close.command: OK
Research/R33_NATIVE_N19_RUNTIME_BOUNDARY/RECOVERY_20260915_B/logs/61_b_case-retained-sequence.exit: OK
Research/R33_NATIVE_N19_RUNTIME_BOUNDARY/RECOVERY_20260915_B/logs/58_b_case-append-existing.exit: OK
Research/R33_NATIVE_N19_RUNTIME_BOUNDARY/RECOVERY_20260915_B/logs/185_tracked_diff_preserved.command: OK
Research/R33_NATIVE_N19_RUNTIME_BOUNDARY/RECOVERY_20260915_B/logs/38_a_symlink_root.stderr: OK
Research/R33_NATIVE_N19_RUNTIME_BOUNDARY/RECOVERY_20260915_B/logs/33_a_unsafe_sym.bin.exit: OK
Research/R33_NATIVE_N19_RUNTIME_BOUNDARY/RECOVERY_20260915_B/logs/27_a_missing_case-recover-file.stdout: OK
Research/R33_NATIVE_N19_RUNTIME_BOUNDARY/RECOVERY_20260915_B/logs/13_a_case-error-classification.command: OK
Research/R33_NATIVE_N19_RUNTIME_BOUNDARY/RECOVERY_20260915_B/logs/135_c_unsafe_hard.bin.stdout: OK
Research/R33_NATIVE_N19_RUNTIME_BOUNDARY/RECOVERY_20260915_B/logs/269_f_missing_root.exit: OK
Research/R33_NATIVE_N19_RUNTIME_BOUNDARY/RECOVERY_20260915_B/logs/121_c_case-append-existing.stderr: OK
Research/R33_NATIVE_N19_RUNTIME_BOUNDARY/RECOVERY_20260915_B/logs/36_a_unsafe_fifo.command: OK
Research/R33_NATIVE_N19_RUNTIME_BOUNDARY/RECOVERY_20260915_B/logs/164_d_case-torn.command: OK
Research/R33_NATIVE_N19_RUNTIME_BOUNDARY/RECOVERY_20260915_B/logs/131_c_duplicate.exit: OK
Research/R33_NATIVE_N19_RUNTIME_BOUNDARY/RECOVERY_20260915_B/logs/15_a_case-host-abi.stderr: OK
Research/R33_NATIVE_N19_RUNTIME_BOUNDARY/RECOVERY_20260915_B/logs/160_d_case-append-existing.stdout: OK
Research/R33_NATIVE_N19_RUNTIME_BOUNDARY/RECOVERY_20260915_B/logs/234_e_unsafe_one.bin.stderr: OK
Research/R33_NATIVE_N19_RUNTIME_BOUNDARY/RECOVERY_20260915_B/logs/116_c_case-host-abi.stderr: OK
Research/R33_NATIVE_N19_RUNTIME_BOUNDARY/RECOVERY_20260915_B/logs/279_f_absolute.stderr: OK
Research/R33_NATIVE_N19_RUNTIME_BOUNDARY/RECOVERY_20260915_B/logs/155_d_case-host-abi.exit: OK
Research/R33_NATIVE_N19_RUNTIME_BOUNDARY/RECOVERY_20260915_B/logs/11_a_case-corruption.stderr: OK
Research/R33_NATIVE_N19_RUNTIME_BOUNDARY/RECOVERY_20260915_B/logs/243_resource_f.exit: OK
Research/R33_NATIVE_N19_RUNTIME_BOUNDARY/RECOVERY_20260915_B/logs/29_a_missing_case-append-existing.stdout: OK
Research/R33_NATIVE_N19_RUNTIME_BOUNDARY/RECOVERY_20260915_B/logs/175_d_unsafe_one.bin.exit: OK
Research/R33_NATIVE_N19_RUNTIME_BOUNDARY/RECOVERY_20260915_B/logs/72_b_unsafe_hard.bin.stdout: OK
Research/R33_NATIVE_N19_RUNTIME_BOUNDARY/RECOVERY_20260915_B/logs/7_a_case-malformed.stderr: OK
Research/R33_NATIVE_N19_RUNTIME_BOUNDARY/RECOVERY_20260915_B/logs/259_f_case-recover-file.exit: OK
Research/R33_NATIVE_N19_RUNTIME_BOUNDARY/RECOVERY_20260915_B/logs/67_b_missing_case-append-existing.stderr: OK
Research/R33_NATIVE_N19_RUNTIME_BOUNDARY/RECOVERY_20260915_B/logs/229_e_duplicate.stderr: OK
Research/R33_NATIVE_N19_RUNTIME_BOUNDARY/RECOVERY_20260915_B/logs/48_b_case-recovery.command: OK
Research/R33_NATIVE_N19_RUNTIME_BOUNDARY/RECOVERY_20260915_B/logs/131_c_duplicate.command: OK
Research/R33_NATIVE_N19_RUNTIME_BOUNDARY/RECOVERY_20260915_B/logs/152_d_case-recovery-atomicity.command: OK
Research/R33_NATIVE_N19_RUNTIME_BOUNDARY/RECOVERY_20260915_B/logs/260_f_case-probe-existing.stdout: OK
Research/R33_NATIVE_N19_RUNTIME_BOUNDARY/RECOVERY_20260915_B/logs/45_b_case-malformed.command: OK
Research/R33_NATIVE_N19_RUNTIME_BOUNDARY/RECOVERY_20260915_B/logs/136_c_unsafe_one.bin.stderr: OK
Research/R33_NATIVE_N19_RUNTIME_BOUNDARY/RECOVERY_20260915_B/logs/106_resource_c.exit: OK
Research/R33_NATIVE_N19_RUNTIME_BOUNDARY/RECOVERY_20260915_B/logs/271_f_unsafe_sym.bin.stdout: OK
Research/R33_NATIVE_N19_RUNTIME_BOUNDARY/RECOVERY_20260915_B/logs/24_a_case-torn.stdout: OK
Research/R33_NATIVE_N19_RUNTIME_BOUNDARY/RECOVERY_20260915_B/logs/28_a_missing_case-probe-existing.stderr: OK
Research/R33_NATIVE_N19_RUNTIME_BOUNDARY/RECOVERY_20260915_B/logs/52_b_case-limit.stderr: OK
Research/R33_NATIVE_N19_RUNTIME_BOUNDARY/RECOVERY_20260915_B/logs/262_f_case-torn.stderr: OK
Research/R33_NATIVE_N19_RUNTIME_BOUNDARY/RECOVERY_20260915_B/logs/170_d_duplicate.command: OK
Research/R33_NATIVE_N19_RUNTIME_BOUNDARY/RECOVERY_20260915_B/logs/202_poison_e.exit: OK
Research/R33_NATIVE_N19_RUNTIME_BOUNDARY/RECOVERY_20260915_B/logs/129_c_missing_case-probe-existing.exit: OK
Research/R33_NATIVE_N19_RUNTIME_BOUNDARY/RECOVERY_20260915_B/logs/280_canonical_preserved.exit: OK
Research/R33_NATIVE_N19_RUNTIME_BOUNDARY/RECOVERY_20260915_B/logs/153_d_case-error-classification.exit: OK
Research/R33_NATIVE_N19_RUNTIME_BOUNDARY/RECOVERY_20260915_B/logs/158_d_case-io.stdout: OK
Research/R33_NATIVE_N19_RUNTIME_BOUNDARY/RECOVERY_20260915_B/logs/215_e_case-fault-open.command: OK
Research/R33_NATIVE_N19_RUNTIME_BOUNDARY/RECOVERY_20260915_B/logs/182_canonical_preserved.stdout: OK
Research/R33_NATIVE_N19_RUNTIME_BOUNDARY/RECOVERY_20260915_B/logs/65_b_missing_case-recover-file.stdout: OK
Research/R33_NATIVE_N19_RUNTIME_BOUNDARY/RECOVERY_20260915_B/logs/164_d_case-torn.exit: OK
Research/R33_NATIVE_N19_RUNTIME_BOUNDARY/RECOVERY_20260915_B/logs/55_b_case-fault-host-probe.stderr: OK
Research/R33_NATIVE_N19_RUNTIME_BOUNDARY/RECOVERY_20260915_B/logs/32_a_missing_recover_root.command: OK
Research/R33_NATIVE_N19_RUNTIME_BOUNDARY/RECOVERY_20260915_B/logs/130_c_missing_case-append-existing.exit: OK
Research/R33_NATIVE_N19_RUNTIME_BOUNDARY/RECOVERY_20260915_B/logs/14_a_case-limit.stderr: OK
Research/R33_NATIVE_N19_RUNTIME_BOUNDARY/RECOVERY_20260915_B/logs/263_f_case-fault-fsync.command: OK
Research/R33_NATIVE_N19_RUNTIME_BOUNDARY/RECOVERY_20260915_B/logs/27_a_missing_case-recover-file.exit: OK
Research/R33_NATIVE_N19_RUNTIME_BOUNDARY/RECOVERY_20260915_B/logs/214_e_case-host-abi.stderr: OK
Research/R33_NATIVE_N19_RUNTIME_BOUNDARY/RECOVERY_20260915_B/logs/227_e_missing_case-probe-existing.command: OK
Research/R33_NATIVE_N19_RUNTIME_BOUNDARY/RECOVERY_20260915_B/logs/228_e_missing_case-append-existing.exit: OK
Research/R33_NATIVE_N19_RUNTIME_BOUNDARY/RECOVERY_20260915_B/logs/236_e_unsafe_directory.command: OK
Research/R33_NATIVE_N19_RUNTIME_BOUNDARY/RECOVERY_20260915_B/logs/149_d_case-capacity.stderr: OK
Research/R33_NATIVE_N19_RUNTIME_BOUNDARY/RECOVERY_20260915_B/logs/110_c_case-capacity.stderr: OK
Research/R33_NATIVE_N19_RUNTIME_BOUNDARY/RECOVERY_20260915_B/logs/261_f_case-retained-sequence.exit: OK
Research/R33_NATIVE_N19_RUNTIME_BOUNDARY/RECOVERY_20260915_B/logs/17_a_case-fault-host-probe.command: OK
Research/R33_NATIVE_N19_RUNTIME_BOUNDARY/RECOVERY_20260915_B/logs/47_b_case-capacity.stdout: OK
Research/R33_NATIVE_N19_RUNTIME_BOUNDARY/RECOVERY_20260915_B/logs/12_a_case-recovery-atomicity.stderr: OK
Research/R33_NATIVE_N19_RUNTIME_BOUNDARY/RECOVERY_20260915_B/logs/216_e_case-fault-host-probe.command: OK
Research/R33_NATIVE_N19_RUNTIME_BOUNDARY/RECOVERY_20260915_B/logs/125_c_case-torn.stderr: OK
Research/R33_NATIVE_N19_RUNTIME_BOUNDARY/RECOVERY_20260915_B/logs/80_canonical_preserved.command: OK
Research/R33_NATIVE_N19_RUNTIME_BOUNDARY/RECOVERY_20260915_B/logs/216_e_case-fault-host-probe.stderr: OK
Research/R33_NATIVE_N19_RUNTIME_BOUNDARY/RECOVERY_20260915_B/logs/167_d_missing_case-recover-file.stdout: OK
Research/R33_NATIVE_N19_RUNTIME_BOUNDARY/RECOVERY_20260915_B/logs/207_e_case-overflow.stderr: OK
Research/R33_NATIVE_N19_RUNTIME_BOUNDARY/RECOVERY_20260915_B/logs/180_d_traversal.command: OK
Research/R33_NATIVE_N19_RUNTIME_BOUNDARY/RECOVERY_20260915_B/logs/210_e_case-corruption.exit: OK
Research/R33_NATIVE_N19_RUNTIME_BOUNDARY/RECOVERY_20260915_B/logs/78_b_traversal.stdout: OK
Research/R33_NATIVE_N19_RUNTIME_BOUNDARY/RECOVERY_20260915_B/logs/79_b_absolute.command: OK
Research/R33_NATIVE_N19_RUNTIME_BOUNDARY/RECOVERY_20260915_B/logs/259_f_case-recover-file.command: OK
Research/R33_NATIVE_N19_RUNTIME_BOUNDARY/RECOVERY_20260915_B/logs/116_c_case-host-abi.exit: OK
Research/R33_NATIVE_N19_RUNTIME_BOUNDARY/RECOVERY_20260915_B/logs/247_f_case-capacity.stderr: OK
Research/R33_NATIVE_N19_RUNTIME_BOUNDARY/RECOVERY_20260915_B/logs/20_a_case-append-existing.command: OK
Research/R33_NATIVE_N19_RUNTIME_BOUNDARY/RECOVERY_20260915_B/logs/1_build_n19.stdout: OK
Research/R33_NATIVE_N19_RUNTIME_BOUNDARY/RECOVERY_20260915_B/logs/67_b_missing_case-append-existing.exit: OK
Research/R33_NATIVE_N19_RUNTIME_BOUNDARY/RECOVERY_20260915_B/logs/37_a_unsafe_directory.exit: OK
Research/R33_NATIVE_N19_RUNTIME_BOUNDARY/RECOVERY_20260915_B/logs/145_resource_d.command: OK
Research/R33_NATIVE_N19_RUNTIME_BOUNDARY/RECOVERY_20260915_B/logs/211_e_case-recovery-atomicity.command: OK
Research/R33_NATIVE_N19_RUNTIME_BOUNDARY/RECOVERY_20260915_B/logs/54_b_case-fault-open.exit: OK
Research/R33_NATIVE_N19_RUNTIME_BOUNDARY/RECOVERY_20260915_B/logs/2_build_n19_qual.stdout: OK
Research/R33_NATIVE_N19_RUNTIME_BOUNDARY/RECOVERY_20260915_B/logs/47_b_case-capacity.exit: OK
Research/R33_NATIVE_N19_RUNTIME_BOUNDARY/RECOVERY_20260915_B/logs/157_d_case-fault-host-probe.stderr: OK
Research/R33_NATIVE_N19_RUNTIME_BOUNDARY/RECOVERY_20260915_B/logs/270_f_missing_recover_root.exit: OK
Research/R33_NATIVE_N19_RUNTIME_BOUNDARY/RECOVERY_20260915_B/logs/266_f_missing_case-probe-existing.exit: OK
Research/R33_NATIVE_N19_RUNTIME_BOUNDARY/RECOVERY_20260915_B/logs/9_a_case-capacity.command: OK
Research/R33_NATIVE_N19_RUNTIME_BOUNDARY/RECOVERY_20260915_B/logs/218_e_case-write.stderr: OK
Research/R33_NATIVE_N19_RUNTIME_BOUNDARY/RECOVERY_20260915_B/logs/260_f_case-probe-existing.exit: OK
Research/R33_NATIVE_N19_RUNTIME_BOUNDARY/RECOVERY_20260915_B/logs/11_a_case-corruption.exit: OK
Research/R33_NATIVE_N19_RUNTIME_BOUNDARY/RECOVERY_20260915_B/logs/204_resource_e.command: OK
Research/R33_NATIVE_N19_RUNTIME_BOUNDARY/RECOVERY_20260915_B/logs/112_c_case-corruption.exit: OK
Research/R33_NATIVE_N19_RUNTIME_BOUNDARY/RECOVERY_20260915_B/logs/258_f_case-append-existing.command: OK
Research/R33_NATIVE_N19_RUNTIME_BOUNDARY/RECOVERY_20260915_B/logs/64_b_case-fault-close.stderr: OK
Research/R33_NATIVE_N19_RUNTIME_BOUNDARY/RECOVERY_20260915_B/logs/118_c_case-fault-host-probe.exit: OK
Research/R33_NATIVE_N19_RUNTIME_BOUNDARY/RECOVERY_20260915_B/logs/137_c_unsafe_fifo.stdout: OK
Research/R33_NATIVE_N19_RUNTIME_BOUNDARY/RECOVERY_20260915_B/logs/170_d_duplicate.stderr: OK
Research/R33_NATIVE_N19_RUNTIME_BOUNDARY/RECOVERY_20260915_B/logs/82_closeout_preserved.stderr: OK
Research/R33_NATIVE_N19_RUNTIME_BOUNDARY/RECOVERY_20260915_B/logs/172_d_missing_recover_root.exit: OK
Research/R33_NATIVE_N19_RUNTIME_BOUNDARY/RECOVERY_20260915_B/logs/230_e_missing_root.exit: OK
Research/R33_NATIVE_N19_RUNTIME_BOUNDARY/RECOVERY_20260915_B/logs/109_c_case-overflow.command: OK
Research/R33_NATIVE_N19_RUNTIME_BOUNDARY/RECOVERY_20260915_B/logs/176_d_unsafe_fifo.exit: OK
Research/R33_NATIVE_N19_RUNTIME_BOUNDARY/RECOVERY_20260915_B/logs/77_b_symlink_recover.stdout: OK
Research/R33_NATIVE_N19_RUNTIME_BOUNDARY/RECOVERY_20260915_B/logs/136_c_unsafe_one.bin.command: OK
Research/R33_NATIVE_N19_RUNTIME_BOUNDARY/RECOVERY_20260915_B/logs/16_a_case-fault-open.command: OK
Research/R33_NATIVE_N19_RUNTIME_BOUNDARY/RECOVERY_20260915_B/logs/39_a_symlink_recover.stderr: OK
Research/R33_NATIVE_N19_RUNTIME_BOUNDARY/RECOVERY_20260915_B/logs/64_b_case-fault-close.command: OK
Research/R33_NATIVE_N19_RUNTIME_BOUNDARY/RECOVERY_20260915_B/logs/42_host_b.stderr: OK
Research/R33_NATIVE_N19_RUNTIME_BOUNDARY/RECOVERY_20260915_B/logs/77_b_symlink_recover.command: OK
Research/R33_NATIVE_N19_RUNTIME_BOUNDARY/RECOVERY_20260915_B/logs/159_d_case-write.command: OK
Research/R33_NATIVE_N19_RUNTIME_BOUNDARY/RECOVERY_20260915_B/logs/120_c_case-write.stdout: OK
Research/R33_NATIVE_N19_RUNTIME_BOUNDARY/RECOVERY_20260915_B/logs/50_b_case-recovery-atomicity.command: OK
Research/R33_NATIVE_N19_RUNTIME_BOUNDARY/RECOVERY_20260915_B/logs/25_a_case-fault-fsync.exit: OK
Research/R33_NATIVE_N19_RUNTIME_BOUNDARY/RECOVERY_20260915_B/logs/265_f_missing_case-recover-file.command: OK
Research/R33_NATIVE_N19_RUNTIME_BOUNDARY/RECOVERY_20260915_B/logs/33_a_unsafe_sym.bin.command: OK
Research/R33_NATIVE_N19_RUNTIME_BOUNDARY/RECOVERY_20260915_B/logs/144_crash_d.exit: OK
Research/R33_NATIVE_N19_RUNTIME_BOUNDARY/RECOVERY_20260915_B/logs/143_poison_d.stderr: OK
Research/R33_NATIVE_N19_RUNTIME_BOUNDARY/RECOVERY_20260915_B/logs/256_f_case-io.stdout: OK
Research/R33_NATIVE_N19_RUNTIME_BOUNDARY/RECOVERY_20260915_B/logs/119_c_case-io.command: OK
Research/R33_NATIVE_N19_RUNTIME_BOUNDARY/RECOVERY_20260915_B/logs/61_b_case-retained-sequence.stderr: OK
Research/R33_NATIVE_N19_RUNTIME_BOUNDARY/RECOVERY_20260915_B/logs/7_a_case-malformed.command: OK
Research/R33_NATIVE_N19_RUNTIME_BOUNDARY/RECOVERY_20260915_B/logs/39_a_symlink_recover.exit: OK
Research/R33_NATIVE_N19_RUNTIME_BOUNDARY/RECOVERY_20260915_B/logs/123_c_case-probe-existing.command: OK
Research/R33_NATIVE_N19_RUNTIME_BOUNDARY/RECOVERY_20260915_B/logs/250_f_case-recovery-atomicity.stdout: OK
Research/R33_NATIVE_N19_RUNTIME_BOUNDARY/RECOVERY_20260915_B/logs/38_a_symlink_root.exit: OK
Research/R33_NATIVE_N19_RUNTIME_BOUNDARY/RECOVERY_20260915_B/logs/173_d_unsafe_sym.bin.stderr: OK
Research/R33_NATIVE_N19_RUNTIME_BOUNDARY/RECOVERY_20260915_B/logs/15_a_case-host-abi.command: OK
Research/R33_NATIVE_N19_RUNTIME_BOUNDARY/RECOVERY_20260915_B/logs/183_protected_preserved.exit: OK
Research/R33_NATIVE_N19_RUNTIME_BOUNDARY/RECOVERY_20260915_B/logs/234_e_unsafe_one.bin.command: OK
Research/R33_NATIVE_N19_RUNTIME_BOUNDARY/RECOVERY_20260915_B/logs/253_f_case-host-abi.command: OK
Research/R33_NATIVE_N19_RUNTIME_BOUNDARY/RECOVERY_20260915_B/logs/208_e_case-capacity.command: OK
Research/R33_NATIVE_N19_RUNTIME_BOUNDARY/RECOVERY_20260915_B/logs/33_a_unsafe_sym.bin.stdout: OK
Research/R33_NATIVE_N19_RUNTIME_BOUNDARY/RECOVERY_20260915_B/logs/75_b_unsafe_directory.command: OK
Research/R33_NATIVE_N19_RUNTIME_BOUNDARY/RECOVERY_20260915_B/logs/254_f_case-fault-open.stdout: OK
Research/R33_NATIVE_N19_RUNTIME_BOUNDARY/RECOVERY_20260915_B/logs/217_e_case-io.exit: OK
Research/R33_NATIVE_N19_RUNTIME_BOUNDARY/RECOVERY_20260915_B/logs/76_b_symlink_root.stdout: OK
Research/R33_NATIVE_N19_RUNTIME_BOUNDARY/RECOVERY_20260915_B/logs/128_c_missing_case-recover-file.exit: OK
Research/R33_NATIVE_N19_RUNTIME_BOUNDARY/RECOVERY_20260915_B/logs/283_tracked_diff_preserved.exit: OK
Research/R33_NATIVE_N19_RUNTIME_BOUNDARY/RECOVERY_20260915_B/logs/109_c_case-overflow.stdout: OK
Research/R33_NATIVE_N19_RUNTIME_BOUNDARY/RECOVERY_20260915_B/logs/43_crash_b.command: OK
Research/R33_NATIVE_N19_RUNTIME_BOUNDARY/RECOVERY_20260915_B/logs/58_b_case-append-existing.command: OK
Research/R33_NATIVE_N19_RUNTIME_BOUNDARY/RECOVERY_20260915_B/logs/185_tracked_diff_preserved.exit: OK
Research/R33_NATIVE_N19_RUNTIME_BOUNDARY/RECOVERY_20260915_B/logs/263_f_case-fault-fsync.exit: OK
Research/R33_NATIVE_N19_RUNTIME_BOUNDARY/RECOVERY_20260915_B/logs/53_b_case-host-abi.exit: OK
Research/R33_NATIVE_N19_RUNTIME_BOUNDARY/RECOVERY_20260915_B/logs/18_a_case-io.exit: OK
Research/R33_NATIVE_N19_RUNTIME_BOUNDARY/RECOVERY_20260915_B/logs/138_c_unsafe_directory.command: OK
Research/R33_NATIVE_N19_RUNTIME_BOUNDARY/RECOVERY_20260915_B/logs/104_poison_c.exit: OK
Research/R33_NATIVE_N19_RUNTIME_BOUNDARY/RECOVERY_20260915_B/logs/258_f_case-append-existing.stdout: OK
Research/R33_NATIVE_N19_RUNTIME_BOUNDARY/RECOVERY_20260915_B/logs/276_f_symlink_root.command: OK
Research/R33_NATIVE_N19_RUNTIME_BOUNDARY/RECOVERY_20260915_B/logs/238_e_symlink_recover.exit: OK
Research/R33_NATIVE_N19_RUNTIME_BOUNDARY/RECOVERY_20260915_B/logs/78_b_traversal.command: OK
Research/R33_NATIVE_N19_RUNTIME_BOUNDARY/RECOVERY_20260915_B/logs/49_b_case-corruption.stdout: OK
Research/R33_NATIVE_N19_RUNTIME_BOUNDARY/RECOVERY_20260915_B/logs/203_crash_e.stdout: OK
Research/R33_NATIVE_N19_RUNTIME_BOUNDARY/RECOVERY_20260915_B/logs/71_b_unsafe_sym.bin.stderr: OK
Research/R33_NATIVE_N19_RUNTIME_BOUNDARY/RECOVERY_20260915_B/logs/30_a_duplicate.stdout: OK
Research/R33_NATIVE_N19_RUNTIME_BOUNDARY/RECOVERY_20260915_B/logs/157_d_case-fault-host-probe.exit: OK
Research/R33_NATIVE_N19_RUNTIME_BOUNDARY/RECOVERY_20260915_B/logs/34_a_unsafe_hard.bin.exit: OK
Research/R33_NATIVE_N19_RUNTIME_BOUNDARY/RECOVERY_20260915_B/logs/273_f_unsafe_one.bin.command: OK
Research/R33_NATIVE_N19_RUNTIME_BOUNDARY/RECOVERY_20260915_B/logs/251_f_case-error-classification.stdout: OK
Research/R33_NATIVE_N19_RUNTIME_BOUNDARY/RECOVERY_20260915_B/logs/263_f_case-fault-fsync.stderr: OK
Research/R33_NATIVE_N19_RUNTIME_BOUNDARY/RECOVERY_20260915_B/logs/51_b_case-error-classification.exit: OK
Research/R33_NATIVE_N19_RUNTIME_BOUNDARY/RECOVERY_20260915_B/logs/227_e_missing_case-probe-existing.stderr: OK
Research/R33_NATIVE_N19_RUNTIME_BOUNDARY/RECOVERY_20260915_B/logs/114_c_case-error-classification.stderr: OK
Research/R33_NATIVE_N19_RUNTIME_BOUNDARY/RECOVERY_20260915_B/logs/161_d_case-recover-file.command: OK
Research/R33_NATIVE_N19_RUNTIME_BOUNDARY/RECOVERY_20260915_B/logs/242_crash_f.stdout: OK
Research/R33_NATIVE_N19_RUNTIME_BOUNDARY/RECOVERY_20260915_B/logs/269_f_missing_root.command: OK
Research/R33_NATIVE_N19_RUNTIME_BOUNDARY/RECOVERY_20260915_B/logs/150_d_case-recovery.stdout: OK
Research/R33_NATIVE_N19_RUNTIME_BOUNDARY/RECOVERY_20260915_B/logs/142_c_absolute.command: OK
Research/R33_NATIVE_N19_RUNTIME_BOUNDARY/RECOVERY_20260915_B/logs/260_f_case-probe-existing.command: OK
Research/R33_NATIVE_N19_RUNTIME_BOUNDARY/RECOVERY_20260915_B/logs/17_a_case-fault-host-probe.exit: OK
Research/R33_NATIVE_N19_RUNTIME_BOUNDARY/RECOVERY_20260915_B/logs/32_a_missing_recover_root.stderr: OK
Research/R33_NATIVE_N19_RUNTIME_BOUNDARY/RECOVERY_20260915_B/logs/143_poison_d.exit: OK
Research/R33_NATIVE_N19_RUNTIME_BOUNDARY/RECOVERY_20260915_B/logs/207_e_case-overflow.exit: OK
Research/R33_NATIVE_N19_RUNTIME_BOUNDARY/RECOVERY_20260915_B/logs/33_a_unsafe_sym.bin.stderr: OK
Research/R33_NATIVE_N19_RUNTIME_BOUNDARY/RECOVERY_20260915_B/logs/155_d_case-host-abi.command: OK
Research/R33_NATIVE_N19_RUNTIME_BOUNDARY/RECOVERY_20260915_B/logs/5_crash_a.exit: OK
Research/R33_NATIVE_N19_RUNTIME_BOUNDARY/RECOVERY_20260915_B/logs/158_d_case-io.exit: OK
Research/R33_NATIVE_N19_RUNTIME_BOUNDARY/RECOVERY_20260915_B/logs/274_f_unsafe_fifo.command: OK
Research/R33_NATIVE_N19_RUNTIME_BOUNDARY/RECOVERY_20260915_B/logs/271_f_unsafe_sym.bin.exit: OK
Research/R33_NATIVE_N19_RUNTIME_BOUNDARY/RECOVERY_20260915_B/logs/2_build_n19_qual.exit: OK
Research/R33_NATIVE_N19_RUNTIME_BOUNDARY/RECOVERY_20260915_B/logs/42_host_b.command: OK
Research/R33_NATIVE_N19_RUNTIME_BOUNDARY/RECOVERY_20260915_B/logs/172_d_missing_recover_root.command: OK
Research/R33_NATIVE_N19_RUNTIME_BOUNDARY/RECOVERY_20260915_B/logs/76_b_symlink_root.stderr: OK
Research/R33_NATIVE_N19_RUNTIME_BOUNDARY/RECOVERY_20260915_B/logs/109_c_case-overflow.stderr: OK
Research/R33_NATIVE_N19_RUNTIME_BOUNDARY/RECOVERY_20260915_B/logs/281_protected_preserved.exit: OK
Research/R33_NATIVE_N19_RUNTIME_BOUNDARY/RECOVERY_20260915_B/logs/133_c_missing_recover_root.command: OK
Research/R33_NATIVE_N19_RUNTIME_BOUNDARY/RECOVERY_20260915_B/logs/165_d_case-fault-fsync.exit: OK
Research/R33_NATIVE_N19_RUNTIME_BOUNDARY/RECOVERY_20260915_B/logs/254_f_case-fault-open.stderr: OK
Research/R33_NATIVE_N19_RUNTIME_BOUNDARY/RECOVERY_20260915_B/logs/256_f_case-io.stderr: OK
Research/R33_NATIVE_N19_RUNTIME_BOUNDARY/RECOVERY_20260915_B/logs/143_poison_d.stdout: OK
Research/R33_NATIVE_N19_RUNTIME_BOUNDARY/RECOVERY_20260915_B/logs/160_d_case-append-existing.exit: OK
Research/R33_NATIVE_N19_RUNTIME_BOUNDARY/RECOVERY_20260915_B/logs/244_host_f.exit: OK
Research/R33_NATIVE_N19_RUNTIME_BOUNDARY/RECOVERY_20260915_B/logs/120_c_case-write.stderr: OK
Research/R33_NATIVE_N19_RUNTIME_BOUNDARY/RECOVERY_20260915_B/logs/79_b_absolute.exit: OK
Research/R33_NATIVE_N19_RUNTIME_BOUNDARY/RECOVERY_20260915_B/logs/275_f_unsafe_directory.command: OK
Research/R33_NATIVE_N19_RUNTIME_BOUNDARY/RECOVERY_20260915_B/logs/173_d_unsafe_sym.bin.stdout: OK
Research/R33_NATIVE_N19_RUNTIME_BOUNDARY/RECOVERY_20260915_B/logs/141_c_traversal.exit: OK
Research/R33_NATIVE_N19_RUNTIME_BOUNDARY/RECOVERY_20260915_B/logs/162_d_case-probe-existing.command: OK
Research/R33_NATIVE_N19_RUNTIME_BOUNDARY/RECOVERY_20260915_B/logs/122_c_case-recover-file.command: OK
Research/R33_NATIVE_N19_RUNTIME_BOUNDARY/RECOVERY_20260915_B/logs/250_f_case-recovery-atomicity.stderr: OK
Research/R33_NATIVE_N19_RUNTIME_BOUNDARY/RECOVERY_20260915_B/logs/120_c_case-write.exit: OK
Research/R33_NATIVE_N19_RUNTIME_BOUNDARY/RECOVERY_20260915_B/logs/209_e_case-recovery.command: OK
Research/R33_NATIVE_N19_RUNTIME_BOUNDARY/RECOVERY_20260915_B/logs/61_b_case-retained-sequence.stdout: OK
Research/R33_NATIVE_N19_RUNTIME_BOUNDARY/RECOVERY_20260915_B/logs/242_crash_f.stderr: OK
Research/R33_NATIVE_N19_RUNTIME_BOUNDARY/RECOVERY_20260915_B/logs/109_c_case-overflow.exit: OK
Research/R33_NATIVE_N19_RUNTIME_BOUNDARY/RECOVERY_20260915_B/logs/114_c_case-error-classification.stdout: OK
Research/R33_NATIVE_N19_RUNTIME_BOUNDARY/RECOVERY_20260915_B/logs/227_e_missing_case-probe-existing.stdout: OK
Research/R33_NATIVE_N19_RUNTIME_BOUNDARY/RECOVERY_20260915_B/logs/32_a_missing_recover_root.stdout: OK
Research/R33_NATIVE_N19_RUNTIME_BOUNDARY/RECOVERY_20260915_B/logs/203_crash_e.exit: OK
Research/R33_NATIVE_N19_RUNTIME_BOUNDARY/RECOVERY_20260915_B/logs/117_c_case-fault-open.command: OK
Research/R33_NATIVE_N19_RUNTIME_BOUNDARY/RECOVERY_20260915_B/logs/69_b_missing_root.command: OK
Research/R33_NATIVE_N19_RUNTIME_BOUNDARY/RECOVERY_20260915_B/logs/150_d_case-recovery.stderr: OK
Research/R33_NATIVE_N19_RUNTIME_BOUNDARY/RECOVERY_20260915_B/logs/46_b_case-overflow.exit: OK
Research/R33_NATIVE_N19_RUNTIME_BOUNDARY/RECOVERY_20260915_B/logs/203_crash_e.stderr: OK
Research/R33_NATIVE_N19_RUNTIME_BOUNDARY/RECOVERY_20260915_B/logs/71_b_unsafe_sym.bin.stdout: OK
Research/R33_NATIVE_N19_RUNTIME_BOUNDARY/RECOVERY_20260915_B/logs/30_a_duplicate.stderr: OK
Research/R33_NATIVE_N19_RUNTIME_BOUNDARY/RECOVERY_20260915_B/logs/68_b_duplicate.command: OK
Research/R33_NATIVE_N19_RUNTIME_BOUNDARY/RECOVERY_20260915_B/logs/49_b_case-corruption.stderr: OK
Research/R33_NATIVE_N19_RUNTIME_BOUNDARY/RECOVERY_20260915_B/logs/248_f_case-recovery.command: OK
Research/R33_NATIVE_N19_RUNTIME_BOUNDARY/RECOVERY_20260915_B/logs/258_f_case-append-existing.stderr: OK
Research/R33_NATIVE_N19_RUNTIME_BOUNDARY/RECOVERY_20260915_B/logs/68_b_duplicate.exit: OK
Research/R33_NATIVE_N19_RUNTIME_BOUNDARY/RECOVERY_20260915_B/logs/73_b_unsafe_one.bin.exit: OK
Research/R33_NATIVE_N19_RUNTIME_BOUNDARY/RECOVERY_20260915_B/logs/263_f_case-fault-fsync.stdout: OK
Research/R33_NATIVE_N19_RUNTIME_BOUNDARY/RECOVERY_20260915_B/logs/56_b_case-io.exit: OK
Research/R33_NATIVE_N19_RUNTIME_BOUNDARY/RECOVERY_20260915_B/logs/113_c_case-recovery-atomicity.command: OK
Research/R33_NATIVE_N19_RUNTIME_BOUNDARY/RECOVERY_20260915_B/logs/76_b_symlink_root.command: OK
Research/R33_NATIVE_N19_RUNTIME_BOUNDARY/RECOVERY_20260915_B/logs/5_crash_a.command: OK
Research/R33_NATIVE_N19_RUNTIME_BOUNDARY/RECOVERY_20260915_B/logs/251_f_case-error-classification.stderr: OK
Research/R33_NATIVE_N19_RUNTIME_BOUNDARY/RECOVERY_20260915_B/logs/245_f_case-malformed.exit: OK
Research/R33_NATIVE_N19_RUNTIME_BOUNDARY/RECOVERY_20260915_B/logs/36_a_unsafe_fifo.exit: OK
Research/R33_NATIVE_N19_RUNTIME_BOUNDARY/RECOVERY_20260915_B/logs/56_b_case-io.command: OK
Research/R33_NATIVE_N19_RUNTIME_BOUNDARY/RECOVERY_20260915_B/logs/254_f_case-fault-open.exit: OK
Research/R33_NATIVE_N19_RUNTIME_BOUNDARY/RECOVERY_20260915_B/logs/1_build_n19.stderr: OK
Research/R33_NATIVE_N19_RUNTIME_BOUNDARY/RECOVERY_20260915_B/logs/282_closeout_preserved.exit: OK
Research/R33_NATIVE_N19_RUNTIME_BOUNDARY/RECOVERY_20260915_B/logs/140_c_symlink_recover.command: OK
Research/R33_NATIVE_N19_RUNTIME_BOUNDARY/RECOVERY_20260915_B/logs/178_d_symlink_root.exit: OK
Research/R33_NATIVE_N19_RUNTIME_BOUNDARY/RECOVERY_20260915_B/logs/113_c_case-recovery-atomicity.exit: OK
Research/R33_NATIVE_N19_RUNTIME_BOUNDARY/RECOVERY_20260915_B/logs/169_d_missing_case-append-existing.command: OK
Research/R33_NATIVE_N19_RUNTIME_BOUNDARY/RECOVERY_20260915_B/logs/152_d_case-recovery-atomicity.exit: OK
Research/R33_NATIVE_N19_RUNTIME_BOUNDARY/RECOVERY_20260915_B/logs/2_build_n19_qual.stderr: OK
Research/R33_NATIVE_N19_RUNTIME_BOUNDARY/RECOVERY_20260915_B/logs/256_f_case-io.exit: OK
Research/R33_NATIVE_N19_RUNTIME_BOUNDARY/RECOVERY_20260915_B/logs/246_f_case-overflow.command: OK
Research/R33_NATIVE_N19_RUNTIME_BOUNDARY/RECOVERY_20260915_B/logs/216_e_case-fault-host-probe.stdout: OK
Research/R33_NATIVE_N19_RUNTIME_BOUNDARY/RECOVERY_20260915_B/logs/124_c_case-retained-sequence.exit: OK
Research/R33_NATIVE_N19_RUNTIME_BOUNDARY/RECOVERY_20260915_B/logs/167_d_missing_case-recover-file.stderr: OK
Research/R33_NATIVE_N19_RUNTIME_BOUNDARY/RECOVERY_20260915_B/logs/125_c_case-torn.stdout: OK
Research/R33_NATIVE_N19_RUNTIME_BOUNDARY/RECOVERY_20260915_B/logs/179_d_symlink_recover.command: OK
Research/R33_NATIVE_N19_RUNTIME_BOUNDARY/RECOVERY_20260915_B/logs/12_a_case-recovery-atomicity.stdout: OK
Research/R33_NATIVE_N19_RUNTIME_BOUNDARY/RECOVERY_20260915_B/logs/47_b_case-capacity.stderr: OK
Research/R33_NATIVE_N19_RUNTIME_BOUNDARY/RECOVERY_20260915_B/logs/247_f_case-capacity.stdout: OK
Research/R33_NATIVE_N19_RUNTIME_BOUNDARY/RECOVERY_20260915_B/logs/101_build_adversary_before.command: OK
Research/R33_NATIVE_N19_RUNTIME_BOUNDARY/RECOVERY_20260915_B/logs/177_d_unsafe_directory.exit: OK
Research/R33_NATIVE_N19_RUNTIME_BOUNDARY/RECOVERY_20260915_B/logs/139_c_symlink_root.exit: OK
Research/R33_NATIVE_N19_RUNTIME_BOUNDARY/RECOVERY_20260915_B/logs/78_b_traversal.stderr: OK
Research/R33_NATIVE_N19_RUNTIME_BOUNDARY/RECOVERY_20260915_B/logs/82_closeout_preserved.exit: OK
Research/R33_NATIVE_N19_RUNTIME_BOUNDARY/RECOVERY_20260915_B/logs/207_e_case-overflow.stdout: OK
Research/R33_NATIVE_N19_RUNTIME_BOUNDARY/RECOVERY_20260915_B/logs/267_f_missing_case-append-existing.command: OK
Research/R33_NATIVE_N19_RUNTIME_BOUNDARY/RECOVERY_20260915_B/logs/161_d_case-recover-file.exit: OK
Research/R33_NATIVE_N19_RUNTIME_BOUNDARY/RECOVERY_20260915_B/logs/163_d_case-retained-sequence.exit: OK
Research/R33_NATIVE_N19_RUNTIME_BOUNDARY/RECOVERY_20260915_B/logs/82_closeout_preserved.stdout: OK
Research/R33_NATIVE_N19_RUNTIME_BOUNDARY/RECOVERY_20260915_B/logs/44_resource_b.command: OK
Research/R33_NATIVE_N19_RUNTIME_BOUNDARY/RECOVERY_20260915_B/logs/170_d_duplicate.stdout: OK
Research/R33_NATIVE_N19_RUNTIME_BOUNDARY/RECOVERY_20260915_B/logs/137_c_unsafe_fifo.stderr: OK
Research/R33_NATIVE_N19_RUNTIME_BOUNDARY/RECOVERY_20260915_B/logs/258_f_case-append-existing.exit: OK
Research/R33_NATIVE_N19_RUNTIME_BOUNDARY/RECOVERY_20260915_B/logs/105_crash_c.command: OK
Research/R33_NATIVE_N19_RUNTIME_BOUNDARY/RECOVERY_20260915_B/logs/60_b_case-probe-existing.exit: OK
Research/R33_NATIVE_N19_RUNTIME_BOUNDARY/RECOVERY_20260915_B/logs/42_host_b.stdout: OK
Research/R33_NATIVE_N19_RUNTIME_BOUNDARY/RECOVERY_20260915_B/logs/39_a_symlink_recover.stdout: OK
Research/R33_NATIVE_N19_RUNTIME_BOUNDARY/RECOVERY_20260915_B/logs/77_b_symlink_recover.stderr: OK
Research/R33_NATIVE_N19_RUNTIME_BOUNDARY/RECOVERY_20260915_B/logs/75_b_unsafe_directory.exit: OK
Research/R33_NATIVE_N19_RUNTIME_BOUNDARY/RECOVERY_20260915_B/logs/233_e_unsafe_hard.bin.exit: OK
Research/R33_NATIVE_N19_RUNTIME_BOUNDARY/RECOVERY_20260915_B/logs/218_e_case-write.stdout: OK
Research/R33_NATIVE_N19_RUNTIME_BOUNDARY/RECOVERY_20260915_B/logs/115_c_case-limit.command: OK
Research/R33_NATIVE_N19_RUNTIME_BOUNDARY/RECOVERY_20260915_B/logs/264_f_case-fault-close.command: OK
Research/R33_NATIVE_N19_RUNTIME_BOUNDARY/RECOVERY_20260915_B/logs/157_d_case-fault-host-probe.stdout: OK
Research/R33_NATIVE_N19_RUNTIME_BOUNDARY/RECOVERY_20260915_B/logs/207_e_case-overflow.command: OK
Research/R33_NATIVE_N19_RUNTIME_BOUNDARY/RECOVERY_20260915_B/logs/81_protected_preserved.command: OK
Research/R33_NATIVE_N19_RUNTIME_BOUNDARY/RECOVERY_20260915_B/logs/64_b_case-fault-close.stdout: OK
Research/R33_NATIVE_N19_RUNTIME_BOUNDARY/RECOVERY_20260915_B/logs/71_b_unsafe_sym.bin.command: OK
Research/R33_NATIVE_N19_RUNTIME_BOUNDARY/RECOVERY_20260915_B/logs/61_b_case-retained-sequence.command: OK
Research/R33_NATIVE_N19_RUNTIME_BOUNDARY/RECOVERY_20260915_B/logs/279_f_absolute.stdout: OK
Research/R33_NATIVE_N19_RUNTIME_BOUNDARY/RECOVERY_20260915_B/logs/11_a_case-corruption.stdout: OK
Research/R33_NATIVE_N19_RUNTIME_BOUNDARY/RECOVERY_20260915_B/logs/102_reproduce_poison_bypass.exit: OK
Research/R33_NATIVE_N19_RUNTIME_BOUNDARY/RECOVERY_20260915_B/logs/15_a_case-host-abi.stdout: OK
Research/R33_NATIVE_N19_RUNTIME_BOUNDARY/RECOVERY_20260915_B/logs/160_d_case-append-existing.stderr: OK
Research/R33_NATIVE_N19_RUNTIME_BOUNDARY/RECOVERY_20260915_B/logs/234_e_unsafe_one.bin.stdout: OK
Research/R33_NATIVE_N19_RUNTIME_BOUNDARY/RECOVERY_20260915_B/logs/116_c_case-host-abi.stdout: OK
Research/R33_NATIVE_N19_RUNTIME_BOUNDARY/RECOVERY_20260915_B/logs/70_b_missing_recover_root.exit: OK
Research/R33_NATIVE_N19_RUNTIME_BOUNDARY/RECOVERY_20260915_B/logs/135_c_unsafe_hard.bin.stderr: OK
Research/R33_NATIVE_N19_RUNTIME_BOUNDARY/RECOVERY_20260915_B/logs/121_c_case-append-existing.stdout: OK
Research/R33_NATIVE_N19_RUNTIME_BOUNDARY/RECOVERY_20260915_B/logs/230_e_missing_root.command: OK
Research/R33_NATIVE_N19_RUNTIME_BOUNDARY/RECOVERY_20260915_B/logs/38_a_symlink_root.stdout: OK
Research/R33_NATIVE_N19_RUNTIME_BOUNDARY/RECOVERY_20260915_B/logs/27_a_missing_case-recover-file.stderr: OK
Research/R33_NATIVE_N19_RUNTIME_BOUNDARY/RECOVERY_20260915_B/logs/53_b_case-host-abi.command: OK
Research/R33_NATIVE_N19_RUNTIME_BOUNDARY/RECOVERY_20260915_B/logs/220_e_case-recover-file.exit: OK
Research/R33_NATIVE_N19_RUNTIME_BOUNDARY/RECOVERY_20260915_B/logs/63_b_case-fault-fsync.exit: OK
Research/R33_NATIVE_N19_RUNTIME_BOUNDARY/RECOVERY_20260915_B/logs/74_b_unsafe_fifo.exit: OK
Research/R33_NATIVE_N19_RUNTIME_BOUNDARY/RECOVERY_20260915_B/logs/201_build_repaired.command: OK
Research/R33_NATIVE_N19_RUNTIME_BOUNDARY/RECOVERY_20260915_B/logs/257_f_case-write.exit: OK
Research/R33_NATIVE_N19_RUNTIME_BOUNDARY/RECOVERY_20260915_B/logs/7_a_case-malformed.stdout: OK
Research/R33_NATIVE_N19_RUNTIME_BOUNDARY/RECOVERY_20260915_B/logs/201_build_repaired.exit: OK
Research/R33_NATIVE_N19_RUNTIME_BOUNDARY/RECOVERY_20260915_B/logs/29_a_missing_case-append-existing.stderr: OK
Research/R33_NATIVE_N19_RUNTIME_BOUNDARY/RECOVERY_20260915_B/logs/233_e_unsafe_hard.bin.command: OK
Research/R33_NATIVE_N19_RUNTIME_BOUNDARY/RECOVERY_20260915_B/logs/72_b_unsafe_hard.bin.stderr: OK
Research/R33_NATIVE_N19_RUNTIME_BOUNDARY/RECOVERY_20260915_B/logs/177_d_unsafe_directory.command: OK
Research/R33_NATIVE_N19_RUNTIME_BOUNDARY/RECOVERY_20260915_B/logs/55_b_case-fault-host-probe.command: OK
Research/R33_NATIVE_N19_RUNTIME_BOUNDARY/RECOVERY_20260915_B/logs/107_host_c.exit: OK
Research/R33_NATIVE_N19_RUNTIME_BOUNDARY/RECOVERY_20260915_B/logs/60_b_case-probe-existing.stdout: OK
Research/R33_NATIVE_N19_RUNTIME_BOUNDARY/RECOVERY_20260915_B/logs/50_b_case-recovery-atomicity.exit: OK
Research/R33_NATIVE_N19_RUNTIME_BOUNDARY/RECOVERY_20260915_B/logs/230_e_missing_root.stderr: OK
Research/R33_NATIVE_N19_RUNTIME_BOUNDARY/RECOVERY_20260915_B/logs/22_a_case-probe-existing.exit: OK
Research/R33_NATIVE_N19_RUNTIME_BOUNDARY/RECOVERY_20260915_B/logs/208_e_case-capacity.exit: OK
Research/R33_NATIVE_N19_RUNTIME_BOUNDARY/RECOVERY_20260915_B/logs/140_c_symlink_recover.stderr: OK
Research/R33_NATIVE_N19_RUNTIME_BOUNDARY/RECOVERY_20260915_B/logs/14_a_case-limit.stdout: OK
Research/R33_NATIVE_N19_RUNTIME_BOUNDARY/RECOVERY_20260915_B/logs/55_b_case-fault-host-probe.stdout: OK
Research/R33_NATIVE_N19_RUNTIME_BOUNDARY/RECOVERY_20260915_B/logs/158_d_case-io.stderr: OK
Research/R33_NATIVE_N19_RUNTIME_BOUNDARY/RECOVERY_20260915_B/logs/182_canonical_preserved.stderr: OK
Research/R33_NATIVE_N19_RUNTIME_BOUNDARY/RECOVERY_20260915_B/logs/65_b_missing_case-recover-file.stderr: OK
Research/R33_NATIVE_N19_RUNTIME_BOUNDARY/RECOVERY_20260915_B/logs/262_f_case-torn.stdout: OK
Research/R33_NATIVE_N19_RUNTIME_BOUNDARY/RECOVERY_20260915_B/logs/59_b_case-recover-file.command: OK
Research/R33_NATIVE_N19_RUNTIME_BOUNDARY/RECOVERY_20260915_B/logs/132_c_missing_root.command: OK
Research/R33_NATIVE_N19_RUNTIME_BOUNDARY/RECOVERY_20260915_B/logs/31_a_missing_root.command: OK
Research/R33_NATIVE_N19_RUNTIME_BOUNDARY/RECOVERY_20260915_B/logs/110_c_case-capacity.stdout: OK
Research/R33_NATIVE_N19_RUNTIME_BOUNDARY/RECOVERY_20260915_B/logs/149_d_case-capacity.stdout: OK
Research/R33_NATIVE_N19_RUNTIME_BOUNDARY/RECOVERY_20260915_B/logs/270_f_missing_recover_root.command: OK
Research/R33_NATIVE_N19_RUNTIME_BOUNDARY/RECOVERY_20260915_B/logs/62_b_case-torn.exit: OK
Research/R33_NATIVE_N19_RUNTIME_BOUNDARY/RECOVERY_20260915_B/logs/154_d_case-limit.exit: OK
Research/R33_NATIVE_N19_RUNTIME_BOUNDARY/RECOVERY_20260915_B/logs/214_e_case-host-abi.stdout: OK
Research/R33_NATIVE_N19_RUNTIME_BOUNDARY/RECOVERY_20260915_B/logs/241_poison_f.command: OK
Research/R33_NATIVE_N19_RUNTIME_BOUNDARY/RECOVERY_20260915_B/logs/136_c_unsafe_one.bin.stdout: OK
Research/R33_NATIVE_N19_RUNTIME_BOUNDARY/RECOVERY_20260915_B/logs/140_c_symlink_recover.exit: OK
Research/R33_NATIVE_N19_RUNTIME_BOUNDARY/RECOVERY_20260915_B/logs/78_b_traversal.exit: OK
Research/R33_NATIVE_N19_RUNTIME_BOUNDARY/RECOVERY_20260915_B/logs/24_a_case-torn.stderr: OK
Research/R33_NATIVE_N19_RUNTIME_BOUNDARY/RECOVERY_20260915_B/logs/271_f_unsafe_sym.bin.stderr: OK
Research/R33_NATIVE_N19_RUNTIME_BOUNDARY/RECOVERY_20260915_B/logs/260_f_case-probe-existing.stderr: OK
Research/R33_NATIVE_N19_RUNTIME_BOUNDARY/RECOVERY_20260915_B/logs/182_canonical_preserved.exit: OK
Research/R33_NATIVE_N19_RUNTIME_BOUNDARY/RECOVERY_20260915_B/logs/49_b_case-corruption.command: OK
Research/R33_NATIVE_N19_RUNTIME_BOUNDARY/RECOVERY_20260915_B/logs/67_b_missing_case-append-existing.stdout: OK
Research/R33_NATIVE_N19_RUNTIME_BOUNDARY/RECOVERY_20260915_B/logs/63_b_case-fault-fsync.command: OK
Research/R33_NATIVE_N19_RUNTIME_BOUNDARY/RECOVERY_20260915_B/logs/229_e_duplicate.stdout: OK
Research/R33_NATIVE_N19_RUNTIME_BOUNDARY/RECOVERY_20260915_B/logs/52_b_case-limit.stdout: OK
Research/R33_NATIVE_N19_RUNTIME_BOUNDARY/RECOVERY_20260915_B/logs/76_b_symlink_root.exit: OK
Research/R33_NATIVE_N19_RUNTIME_BOUNDARY/RECOVERY_20260915_B/logs/28_a_missing_case-probe-existing.stdout: OK
Research/R33_NATIVE_N19_RUNTIME_BOUNDARY/RECOVERY_20260915_B/logs/212_e_case-error-classification.stdout: OK
Research/R33_NATIVE_N19_RUNTIME_BOUNDARY/RECOVERY_20260915_B/logs/66_b_missing_case-probe-existing.stderr: OK
Research/R33_NATIVE_N19_RUNTIME_BOUNDARY/RECOVERY_20260915_B/logs/276_f_symlink_root.stdout: OK
Research/R33_NATIVE_N19_RUNTIME_BOUNDARY/RECOVERY_20260915_B/logs/238_e_symlink_recover.command: OK
Research/R33_NATIVE_N19_RUNTIME_BOUNDARY/RECOVERY_20260915_B/logs/34_a_unsafe_hard.bin.stdout: OK
Research/R33_NATIVE_N19_RUNTIME_BOUNDARY/RECOVERY_20260915_B/logs/142_c_absolute.stderr: OK
Research/R33_NATIVE_N19_RUNTIME_BOUNDARY/RECOVERY_20260915_B/logs/118_c_case-fault-host-probe.command: OK
Research/R33_NATIVE_N19_RUNTIME_BOUNDARY/RECOVERY_20260915_B/logs/135_c_unsafe_hard.bin.exit: OK
Research/R33_NATIVE_N19_RUNTIME_BOUNDARY/RECOVERY_20260915_B/logs/244_host_f.command: OK
Research/R33_NATIVE_N19_RUNTIME_BOUNDARY/RECOVERY_20260915_B/logs/228_e_missing_case-append-existing.stdout: OK
Research/R33_NATIVE_N19_RUNTIME_BOUNDARY/RECOVERY_20260915_B/logs/119_c_case-io.stdout: OK
Research/R33_NATIVE_N19_RUNTIME_BOUNDARY/RECOVERY_20260915_B/logs/125_c_case-torn.exit: OK
Research/R33_NATIVE_N19_RUNTIME_BOUNDARY/RECOVERY_20260915_B/logs/132_c_missing_root.stdout: OK
Research/R33_NATIVE_N19_RUNTIME_BOUNDARY/RECOVERY_20260915_B/logs/62_b_case-torn.command: OK
Research/R33_NATIVE_N19_RUNTIME_BOUNDARY/RECOVERY_20260915_B/logs/5_crash_a.stderr: OK
Research/R33_NATIVE_N19_RUNTIME_BOUNDARY/RECOVERY_20260915_B/logs/217_e_case-io.stderr: OK
Research/R33_NATIVE_N19_RUNTIME_BOUNDARY/RECOVERY_20260915_B/logs/131_c_duplicate.stdout: OK
Research/R33_NATIVE_N19_RUNTIME_BOUNDARY/RECOVERY_20260915_B/logs/231_e_missing_recover_root.exit: OK
Research/R33_NATIVE_N19_RUNTIME_BOUNDARY/RECOVERY_20260915_B/logs/169_d_missing_case-append-existing.stderr: OK
Research/R33_NATIVE_N19_RUNTIME_BOUNDARY/RECOVERY_20260915_B/logs/9_a_case-capacity.stdout: OK
Research/R33_NATIVE_N19_RUNTIME_BOUNDARY/RECOVERY_20260915_B/logs/255_f_case-fault-host-probe.stdout: OK
Research/R33_NATIVE_N19_RUNTIME_BOUNDARY/RECOVERY_20260915_B/logs/233_e_unsafe_hard.bin.stderr: OK
Research/R33_NATIVE_N19_RUNTIME_BOUNDARY/RECOVERY_20260915_B/logs/130_c_missing_case-append-existing.command: OK
Research/R33_NATIVE_N19_RUNTIME_BOUNDARY/RECOVERY_20260915_B/logs/24_a_case-torn.command: OK
Research/R33_NATIVE_N19_RUNTIME_BOUNDARY/RECOVERY_20260915_B/logs/222_e_case-retained-sequence.stderr: OK
Research/R33_NATIVE_N19_RUNTIME_BOUNDARY/RECOVERY_20260915_B/logs/81_protected_preserved.stderr: OK
Research/R33_NATIVE_N19_RUNTIME_BOUNDARY/RECOVERY_20260915_B/logs/138_c_unsafe_directory.stderr: OK
Research/R33_NATIVE_N19_RUNTIME_BOUNDARY/RECOVERY_20260915_B/logs/23_a_case-retained-sequence.stderr: OK
Research/R33_NATIVE_N19_RUNTIME_BOUNDARY/RECOVERY_20260915_B/logs/240_e_absolute.stderr: OK
Research/R33_NATIVE_N19_RUNTIME_BOUNDARY/RECOVERY_20260915_B/logs/17_a_case-fault-host-probe.stderr: OK
Research/R33_NATIVE_N19_RUNTIME_BOUNDARY/RECOVERY_20260915_B/logs/70_b_missing_recover_root.command: OK
Research/R33_NATIVE_N19_RUNTIME_BOUNDARY/RECOVERY_20260915_B/logs/148_d_case-overflow.command: OK
Research/R33_NATIVE_N19_RUNTIME_BOUNDARY/RECOVERY_20260915_B/logs/124_c_case-retained-sequence.stdout: OK
Research/R33_NATIVE_N19_RUNTIME_BOUNDARY/RECOVERY_20260915_B/logs/115_c_case-limit.stderr: OK
Research/R33_NATIVE_N19_RUNTIME_BOUNDARY/RECOVERY_20260915_B/logs/178_d_symlink_root.stdout: OK
Research/R33_NATIVE_N19_RUNTIME_BOUNDARY/RECOVERY_20260915_B/logs/36_a_unsafe_fifo.stderr: OK
Research/R33_NATIVE_N19_RUNTIME_BOUNDARY/RECOVERY_20260915_B/logs/156_d_case-fault-open.stderr: OK
Research/R33_NATIVE_N19_RUNTIME_BOUNDARY/RECOVERY_20260915_B/logs/52_b_case-limit.exit: OK
Research/R33_NATIVE_N19_RUNTIME_BOUNDARY/RECOVERY_20260915_B/logs/164_d_case-torn.stdout: OK
Research/R33_NATIVE_N19_RUNTIME_BOUNDARY/RECOVERY_20260915_B/logs/272_f_unsafe_hard.bin.command: OK
Research/R33_NATIVE_N19_RUNTIME_BOUNDARY/RECOVERY_20260915_B/logs/265_f_missing_case-recover-file.exit: OK
Research/R33_NATIVE_N19_RUNTIME_BOUNDARY/RECOVERY_20260915_B/logs/281_protected_preserved.stdout: OK
Research/R33_NATIVE_N19_RUNTIME_BOUNDARY/RECOVERY_20260915_B/logs/128_c_missing_case-recover-file.stderr: OK
Research/R33_NATIVE_N19_RUNTIME_BOUNDARY/RECOVERY_20260915_B/logs/59_b_case-recover-file.stderr: OK
Research/R33_NATIVE_N19_RUNTIME_BOUNDARY/RECOVERY_20260915_B/logs/267_f_missing_case-append-existing.stderr: OK
Research/R33_NATIVE_N19_RUNTIME_BOUNDARY/RECOVERY_20260915_B/logs/42_host_b.exit: OK
Research/R33_NATIVE_N19_RUNTIME_BOUNDARY/RECOVERY_20260915_B/logs/283_tracked_diff_preserved.command: OK
Research/R33_NATIVE_N19_RUNTIME_BOUNDARY/RECOVERY_20260915_B/logs/268_f_duplicate.stdout: OK
Research/R33_NATIVE_N19_RUNTIME_BOUNDARY/RECOVERY_20260915_B/logs/108_c_case-malformed.stderr: OK
Research/R33_NATIVE_N19_RUNTIME_BOUNDARY/RECOVERY_20260915_B/logs/19_a_case-write.exit: OK
Research/R33_NATIVE_N19_RUNTIME_BOUNDARY/RECOVERY_20260915_B/logs/250_f_case-recovery-atomicity.exit: OK
Research/R33_NATIVE_N19_RUNTIME_BOUNDARY/RECOVERY_20260915_B/logs/156_d_case-fault-open.command: OK
Research/R33_NATIVE_N19_RUNTIME_BOUNDARY/RECOVERY_20260915_B/logs/170_d_duplicate.exit: OK
Research/R33_NATIVE_N19_RUNTIME_BOUNDARY/RECOVERY_20260915_B/logs/130_c_missing_case-append-existing.stdout: OK
Research/R33_NATIVE_N19_RUNTIME_BOUNDARY/RECOVERY_20260915_B/logs/160_d_case-append-existing.command: OK
Research/R33_NATIVE_N19_RUNTIME_BOUNDARY/RECOVERY_20260915_B/logs/154_d_case-limit.stderr: OK
Research/R33_NATIVE_N19_RUNTIME_BOUNDARY/RECOVERY_20260915_B/logs/150_d_case-recovery.exit: OK
Research/R33_NATIVE_N19_RUNTIME_BOUNDARY/RECOVERY_20260915_B/logs/121_c_case-append-existing.command: OK
Research/R33_NATIVE_N19_RUNTIME_BOUNDARY/RECOVERY_20260915_B/logs/30_a_duplicate.command: OK
Research/R33_NATIVE_N19_RUNTIME_BOUNDARY/RECOVERY_20260915_B/logs/14_a_case-limit.command: OK
Research/R33_NATIVE_N19_RUNTIME_BOUNDARY/RECOVERY_20260915_B/logs/249_f_case-corruption.exit: OK
Research/R33_NATIVE_N19_RUNTIME_BOUNDARY/RECOVERY_20260915_B/logs/206_e_case-malformed.stdout: OK
Research/R33_NATIVE_N19_RUNTIME_BOUNDARY/RECOVERY_20260915_B/logs/246_f_case-overflow.exit: OK
Research/R33_NATIVE_N19_RUNTIME_BOUNDARY/RECOVERY_20260915_B/logs/58_b_case-append-existing.stderr: OK
Research/R33_NATIVE_N19_RUNTIME_BOUNDARY/RECOVERY_20260915_B/logs/163_d_case-retained-sequence.command: OK
Research/R33_NATIVE_N19_RUNTIME_BOUNDARY/RECOVERY_20260915_B/logs/209_e_case-recovery.stdout: OK
Research/R33_NATIVE_N19_RUNTIME_BOUNDARY/RECOVERY_20260915_B/logs/219_e_case-append-existing.stderr: OK
Research/R33_NATIVE_N19_RUNTIME_BOUNDARY/RECOVERY_20260915_B/logs/223_e_case-torn.stdout: OK
Research/R33_NATIVE_N19_RUNTIME_BOUNDARY/RECOVERY_20260915_B/logs/75_b_unsafe_directory.stderr: OK
Research/R33_NATIVE_N19_RUNTIME_BOUNDARY/RECOVERY_20260915_B/logs/105_crash_c.exit: OK
Research/R33_NATIVE_N19_RUNTIME_BOUNDARY/RECOVERY_20260915_B/logs/166_d_case-fault-close.command: OK
Research/R33_NATIVE_N19_RUNTIME_BOUNDARY/RECOVERY_20260915_B/logs/259_f_case-recover-file.stdout: OK
Research/R33_NATIVE_N19_RUNTIME_BOUNDARY/RECOVERY_20260915_B/logs/146_host_d.exit: OK
Research/R33_NATIVE_N19_RUNTIME_BOUNDARY/RECOVERY_20260915_B/logs/257_f_case-write.stderr: OK
Research/R33_NATIVE_N19_RUNTIME_BOUNDARY/RECOVERY_20260915_B/logs/122_c_case-recover-file.exit: OK
Research/R33_NATIVE_N19_RUNTIME_BOUNDARY/RECOVERY_20260915_B/summary.txt: OK
Research/R33_NATIVE_N19_RUNTIME_BOUNDARY/RECOVERY_20260915_B/sources/n19_native_io_v1.zag: OK
Research/R33_NATIVE_N19_RUNTIME_BOUNDARY/RECOVERY_20260915_B/sources/n19_adversary_before.zag: OK
Research/R33_NATIVE_N19_RUNTIME_BOUNDARY/RECOVERY_20260915_B/sources/n19_runtime_boundary_v5_recovery.zag: OK
Research/R33_NATIVE_N19_RUNTIME_BOUNDARY/RECOVERY_20260915_B/sources/n19_runtime_boundary_v4_review.zag: OK
Research/R33_NATIVE_N19_RUNTIME_BOUNDARY/RECOVERY_20260915_B/sources/n19_host_v2.zag: OK
Research/R33_NATIVE_N19_RUNTIME_BOUNDARY/RECOVERY_20260915_B/sources/n19_host_v2_tests.zag: OK
Research/R33_NATIVE_N19_RUNTIME_BOUNDARY/RECOVERY_20260915_B/sources/n19_qual_driver_v2_review.zag: OK
Research/R33_NATIVE_N19_RUNTIME_BOUNDARY/RECOVERY_20260915_B/closeout.before.sha256: OK
Research/R33_NATIVE_N19_RUNTIME_BOUNDARY/RECOVERY_20260915_B/final.results.txt: OK
Research/R33_NATIVE_N19_RUNTIME_BOUNDARY/RECOVERY_20260915_B/git.after.diff: OK
Research/R33_NATIVE_N19_RUNTIME_BOUNDARY/RECOVERY_20260915_B/add_adversary.pl: OK
Research/R33_NATIVE_N19_RUNTIME_BOUNDARY/RECOVERY_20260915_B/repair.summary.txt: OK
Research/R33_NATIVE_N19_RUNTIME_BOUNDARY/RECOVERY_20260915_B/logs.sha256: OK
Research/R33_NATIVE_N19_RUNTIME_BOUNDARY/RECOVERY_20260915_B/poison.before.stat: OK
Research/R33_NATIVE_N19_RUNTIME_BOUNDARY/RECOVERY_20260915_B/protected.before.sha256: OK
