FILE	/Users/Shared/micah/Documents/TNN/TNN/Research/R33_NATIVE_N17_R27_CONTINUITY/FINAL_B_20260915_1409/N17_REFRESH/logs/expanded_17_205.exit	2	9a271f2a916b0b6ee6cecb2426f0b3206ef074578be55d9bc94f6f3fe3ab86aa
FILE	/Users/Shared/micah/Documents/TNN/TNN/Research/R33_NATIVE_N17_R27_CONTINUITY/FINAL_B_20260915_1409/N17_REFRESH/logs/expanded_44_645.exit	2	9a271f2a916b0b6ee6cecb2426f0b3206ef074578be55d9bc94f6f3fe3ab86aa
FILE	/Users/Shared/micah/Documents/TNN/TNN/Research/R33_NATIVE_N17_R27_CONTINUITY/FINAL_B_20260915_1409/N17_REFRESH/logs/expanded_44_667.stdout	8870	5ded50e1d86d6d94713bbd67622409afaf0af3fba422a23a608f4b37e92ef261
FILE	/Users/Shared/micah/Documents/TNN/TNN/Research/R33_NATIVE_N17_R27_CONTINUITY/FINAL_B_20260915_1409/N17_REFRESH/logs/expanded_44_611.argv	175	a3ac4b5517d02a495a1d65accbc8cc99d7fda66bcfd1ed98bb961b3911310c47
FILE	/Users/Shared/micah/Documents/TNN/TNN/Research/R33_NATIVE_N17_R27_CONTINUITY/FINAL_B_20260915_1409/N17_REFRESH/logs/archive_84.exit	2	9a271f2a916b0b6ee6cecb2426f0b3206ef074578be55d9bc94f6f3fe3ab86aa
FILE	/Users/Shared/micah/Documents/TNN/TNN/Research/R33_NATIVE_N17_R27_CONTINUITY/FINAL_B_20260915_1409/N17_REFRESH/logs/expanded_38_762.argv	161	ff21c2a665b16265d4dd86e0ecbd7cd22a2154d72fe2662cf493acef7e7aa189
FILE	/Users/Shared/micah/Documents/TNN/TNN/Research/R33_NATIVE_N17_R27_CONTINUITY/FINAL_B_20260915_1409/N17_REFRESH/logs/expanded_47_64.argv	195	6fec78fb6c3ff4b356f9f7bbb5e05c83c0f3a4139232624b7d220cf985a38284
FILE	/Users/Shared/micah/Documents/TNN/TNN/Research/R33_NATIVE_N17_R27_CONTINUITY/FINAL_B_20260915_1409/N17_REFRESH/logs/pinmatch.argv	544	c9bb575819a0a1bf2767b009dbcc8ad5a93908ab880a7298943964fa8ad2fde3
FILE	/Users/Shared/micah/Documents/TNN/TNN/Research/R33_NATIVE_N17_R27_CONTINUITY/FINAL_B_20260915_1409/N17_REFRESH/logs/nested_member_3_89.stdout	16977	6845665b31f0e8acd3fe1301712ceb320a9c3be5a2777be58aeaf7ce805beeab
FILE	/Users/Shared/micah/Documents/TNN/TNN/Research/R33_NATIVE_N17_R27_CONTINUITY/FINAL_B_20260915_1409/N17_REFRESH/logs/large_archive_5.stderr	0	e3b0c44298fc1c149afbf4c8996fb92427ae41e4649b934ca495991b7852b855
FILE	/Users/Shared/micah/Documents/TNN/TNN/Research/R33_NATIVE_N17_R27_CONTINUITY/FINAL_B_20260915_1409/N17_REFRESH/logs/nested_member_1_122.argv	208	cce7a73645f403317371e09c438f1625df424bbc4bb718678626ef6445aa5908
FILE	/Users/Shared/micah/Documents/TNN/TNN/Research/R33_NATIVE_N17_R27_CONTINUITY/FINAL_B_20260915_1409/N17_REFRESH/logs/expanded_38_618.stderr	0	e3b0c44298fc1c149afbf4c8996fb92427ae41e4649b934ca495991b7852b855
FILE	/Users/Shared/micah/Documents/TNN/TNN/Research/R33_NATIVE_N17_R27_CONTINUITY/FINAL_B_20260915_1409/N17_REFRESH/logs/archive_36.stderr	0	e3b0c44298fc1c149afbf4c8996fb92427ae41e4649b934ca495991b7852b855
FILE	/Users/Shared/micah/Documents/TNN/TNN/Research/R33_NATIVE_N17_R27_CONTINUITY/FINAL_B_20260915_1409/N17_REFRESH/logs/nested_member_6_536.stderr	0	e3b0c44298fc1c149afbf4c8996fb92427ae41e4649b934ca495991b7852b855
FILE	/Users/Shared/micah/Documents/TNN/TNN/Research/R33_NATIVE_N17_R27_CONTINUITY/FINAL_B_20260915_1409/N17_REFRESH/logs/git_blob_0c4dccef85ab6d7275c619d5fd4d5d30c6a87617.stderr	0	e3b0c44298fc1c149afbf4c8996fb92427ae41e4649b934ca495991b7852b855
FILE	/Users/Shared/micah/Documents/TNN/TNN/Research/R33_NATIVE_N17_R27_CONTINUITY/FINAL_B_20260915_1409/N17_REFRESH/logs/build_structure.stderr	0	e3b0c44298fc1c149afbf4c8996fb92427ae41e4649b934ca495991b7852b855
FILE	/Users/Shared/micah/Documents/TNN/TNN/Research/R33_NATIVE_N17_R27_CONTINUITY/FINAL_B_20260915_1409/N17_REFRESH/logs/archive_87.argv	98	67680ed8cd8647533af2834669a84b4f2bfbbb961bf4669054d55bfe4e03c700
FILE	/Users/Shared/micah/Documents/TNN/TNN/Research/R33_NATIVE_N17_R27_CONTINUITY/FINAL_B_20260915_1409/N17_REFRESH/logs/nested_member_1_77.stdout	7799	e952dee89424ab8dfe48401114bbb3c87da38771f8f64316c9c8e22748ceb70f
FILE	/Users/Shared/micah/Documents/TNN/TNN/Research/R33_NATIVE_N17_R27_CONTINUITY/FINAL_B_20260915_1409/N17_REFRESH/logs/expanded_44_612.exit	2	9a271f2a916b0b6ee6cecb2426f0b3206ef074578be55d9bc94f6f3fe3ab86aa
FILE	/Users/Shared/micah/Documents/TNN/TNN/Research/R33_NATIVE_N17_R27_CONTINUITY/FINAL_B_20260915_1409/N17_REFRESH/logs/archive_55.stderr	0	e3b0c44298fc1c149afbf4c8996fb92427ae41e4649b934ca495991b7852b855
FILE	/Users/Shared/micah/Documents/TNN/TNN/Research/R33_NATIVE_N17_R27_CONTINUITY/FINAL_B_20260915_1409/N17_REFRESH/logs/expanded_47_33.argv	199	c215fbcc07c365ca1fcb3a165793891ee0bb6593b180e019cb7b5808f03bf18a
FILE	/Users/Shared/micah/Documents/TNN/TNN/Research/R33_NATIVE_N17_R27_CONTINUITY/FINAL_B_20260915_1409/N17_REFRESH/logs/expanded_44_646.argv	172	1ca0b0ec2f4cc050e501cb2fc15057a1834f16113a73b630fb4c00ffb03fad2f
FILE	/Users/Shared/micah/Documents/TNN/TNN/Research/R33_NATIVE_N17_R27_CONTINUITY/FINAL_B_20260915_1409/N17_REFRESH/logs/expanded_17_206.argv	120	a965ba8dfc4342e60991d9b84b16110391ac684cd37d0a14b0fffb58311ceb4d
FILE	/Users/Shared/micah/Documents/TNN/TNN/Research/R33_NATIVE_N17_R27_CONTINUITY/FINAL_B_20260915_1409/N17_REFRESH/logs/archive_68.argv	195	301f7e815d166238f0df61514a7d822139f1f14590fb752f874c735b02658677
FILE	/Users/Shared/micah/Documents/TNN/TNN/Research/R33_NATIVE_N17_R27_CONTINUITY/FINAL_B_20260915_1409/N17_REFRESH/logs/expanded_44_604.stdout	4216	77b2988d8b39f12a56a87ae57cb82c3f52921d9ef9fccd44103ac272fa986ff4
FILE	/Users/Shared/micah/Documents/TNN/TNN/Research/R33_NATIVE_N17_R27_CONTINUITY/FINAL_B_20260915_1409/N17_REFRESH/logs/expanded_38_606.stderr	0	e3b0c44298fc1c149afbf4c8996fb92427ae41e4649b934ca495991b7852b855
FILE	/Users/Shared/micah/Documents/TNN/TNN/Research/R33_NATIVE_N17_R27_CONTINUITY/FINAL_B_20260915_1409/N17_REFRESH/logs/nested_member_1_77.argv	232	f392e97c29aff718889e89c96bcaa7908d35eb44f7d4675a6d5a2ec165c391b4
FILE	/Users/Shared/micah/Documents/TNN/TNN/Research/R33_NATIVE_N17_R27_CONTINUITY/FINAL_B_20260915_1409/N17_REFRESH/logs/nested_member_3_128.exit	2	9a271f2a916b0b6ee6cecb2426f0b3206ef074578be55d9bc94f6f3fe3ab86aa
FILE	/Users/Shared/micah/Documents/TNN/TNN/Research/R33_NATIVE_N17_R27_CONTINUITY/FINAL_B_20260915_1409/N17_REFRESH/logs/expanded_19_213.stdout	2121	1e27727066ef7140ddbc0144f2627edeb1b240fde5aaa9c7c2a295fd1e1b061b
FILE	/Users/Shared/micah/Documents/TNN/TNN/Research/R33_NATIVE_N17_R27_CONTINUITY/FINAL_B_20260915_1409/N17_REFRESH/logs/nested_member_7_136.stdout	2696	16e785b68df61c7fa96ab423967078de9fcea7fc68ff185a3e7140b6c88593c4
FILE	/Users/Shared/micah/Documents/TNN/TNN/Research/R33_NATIVE_N17_R27_CONTINUITY/FINAL_B_20260915_1409/N17_REFRESH/logs/expanded_17_220.stdout	3604	a2fc8b94be50d45491c3babf1bbaac76894c9f252de0cd7022d7fcce5525789c
FILE	/Users/Shared/micah/Documents/TNN/TNN/Research/R33_NATIVE_N17_R27_CONTINUITY/FINAL_B_20260915_1409/N17_REFRESH/logs/nested_member_6_528.stderr	0	e3b0c44298fc1c149afbf4c8996fb92427ae41e4649b934ca495991b7852b855
FILE	/Users/Shared/micah/Documents/TNN/TNN/Research/R33_NATIVE_N17_R27_CONTINUITY/FINAL_B_20260915_1409/N17_REFRESH/logs/nested_member_8_132.exit	2	9a271f2a916b0b6ee6cecb2426f0b3206ef074578be55d9bc94f6f3fe3ab86aa
FILE	/Users/Shared/micah/Documents/TNN/TNN/Research/R33_NATIVE_N17_R27_CONTINUITY/FINAL_B_20260915_1409/N17_REFRESH/logs/archive_28.stderr	0	e3b0c44298fc1c149afbf4c8996fb92427ae41e4649b934ca495991b7852b855
FILE	/Users/Shared/micah/Documents/TNN/TNN/Research/R33_NATIVE_N17_R27_CONTINUITY/FINAL_B_20260915_1409/N17_REFRESH/logs/nested_member_5_537.stdout	2384	35afee20280381cfd6fbf7bdb059f1025b46cba156849f03cdffc32036e2d973
FILE	/Users/Shared/micah/Documents/TNN/TNN/Research/R33_NATIVE_N17_R27_CONTINUITY/FINAL_B_20260915_1409/N17_REFRESH/logs/nested_member_1_121.exit	2	9a271f2a916b0b6ee6cecb2426f0b3206ef074578be55d9bc94f6f3fe3ab86aa
FILE	/Users/Shared/micah/Documents/TNN/TNN/Research/R33_NATIVE_N17_R27_CONTINUITY/FINAL_B_20260915_1409/N17_REFRESH/logs/nested_member_8_536.argv	195	ccf435d13e7ef75d6b31fcc0f0c3aad5a6d4a7133bb59b1dba1fdc0ebc45a220
FILE	/Users/Shared/micah/Documents/TNN/TNN/Research/R33_NATIVE_N17_R27_CONTINUITY/FINAL_B_20260915_1409/N17_REFRESH/logs/expanded_44_604.exit	2	9a271f2a916b0b6ee6cecb2426f0b3206ef074578be55d9bc94f6f3fe3ab86aa
FILE	/Users/Shared/micah/Documents/TNN/TNN/Research/R33_NATIVE_N17_R27_CONTINUITY/FINAL_B_20260915_1409/N17_REFRESH/logs/nested_member_5_102.stderr	0	e3b0c44298fc1c149afbf4c8996fb92427ae41e4649b934ca495991b7852b855
FILE	/Users/Shared/micah/Documents/TNN/TNN/Research/R33_NATIVE_N17_R27_CONTINUITY/FINAL_B_20260915_1409/N17_REFRESH/logs/project_constant_probe.stderr	0	e3b0c44298fc1c149afbf4c8996fb92427ae41e4649b934ca495991b7852b855
FILE	/Users/Shared/micah/Documents/TNN/TNN/Research/R33_NATIVE_N17_R27_CONTINUITY/FINAL_B_20260915_1409/N17_REFRESH/logs/expanded_17_210.argv	135	3c2ef09517f0aeff59e4a14da96dab6f6c795d8f4d5a563992f043341967ef3e
FILE	/Users/Shared/micah/Documents/TNN/TNN/Research/R33_NATIVE_N17_R27_CONTINUITY/FINAL_B_20260915_1409/N17_REFRESH/logs/expanded_18_34.argv	148	e0e37a8d3f55c1c31d6ba8db28c0a6e427114a4d97b0fbbc7255b377d429f301
FILE	/Users/Shared/micah/Documents/TNN/TNN/Research/R33_NATIVE_N17_R27_CONTINUITY/FINAL_B_20260915_1409/N17_REFRESH/logs/expanded_38_632.exit	2	9a271f2a916b0b6ee6cecb2426f0b3206ef074578be55d9bc94f6f3fe3ab86aa
FILE	/Users/Shared/micah/Documents/TNN/TNN/Research/R33_NATIVE_N17_R27_CONTINUITY/FINAL_B_20260915_1409/N17_REFRESH/logs/corrupt_policy_setup_final.argv	170	6b003e5d467dcfcf377302091ae5aef97120965a4526f66035b7b1de4c466c46
FILE	/Users/Shared/micah/Documents/TNN/TNN/Research/R33_NATIVE_N17_R27_CONTINUITY/FINAL_B_20260915_1409/N17_REFRESH/logs/archive_59.stderr	56	d020996efa8ef774f2a5b5df38bdab4a049eb9bb54bf82ec8618c616a66fe9e2
FILE	/Users/Shared/micah/Documents/TNN/TNN/Research/R33_NATIVE_N17_R27_CONTINUITY/FINAL_B_20260915_1409/N17_REFRESH/logs/member_38_0.stdout	91858	599861a0fb86238b140dfb43c3f7274f38e6b192ff091a236ea2720fb59e77a8
FILE	/Users/Shared/micah/Documents/TNN/TNN/Research/R33_NATIVE_N17_R27_CONTINUITY/FINAL_B_20260915_1409/N17_REFRESH/logs/expanded_31_22.stdout	4623	b93b3f29fb628cf3281651ac8e26c5380efaf4e9fa979f6d2c8fdb59631e4ae7
FILE	/Users/Shared/micah/Documents/TNN/TNN/Research/R33_NATIVE_N17_R27_CONTINUITY/FINAL_B_20260915_1409/N17_REFRESH/logs/nested_member_8_417.stderr	0	e3b0c44298fc1c149afbf4c8996fb92427ae41e4649b934ca495991b7852b855
FILE	/Users/Shared/micah/Documents/TNN/TNN/Research/R33_NATIVE_N17_R27_CONTINUITY/FINAL_B_20260915_1409/N17_REFRESH/logs/expanded_46_120.argv	154	0ef8639becdef38c29502f73c35889d3d0e186cadc97c166a21ea1da97ef5b64
FILE	/Users/Shared/micah/Documents/TNN/TNN/Research/R33_NATIVE_N17_R27_CONTINUITY/FINAL_B_20260915_1409/N17_REFRESH/logs/expanded_31_24.exit	2	9a271f2a916b0b6ee6cecb2426f0b3206ef074578be55d9bc94f6f3fe3ab86aa
FILE	/Users/Shared/micah/Documents/TNN/TNN/Research/R33_NATIVE_N17_R27_CONTINUITY/FINAL_B_20260915_1409/N17_REFRESH/logs/archive_24.stderr	0	e3b0c44298fc1c149afbf4c8996fb92427ae41e4649b934ca495991b7852b855
FILE	/Users/Shared/micah/Documents/TNN/TNN/Research/R33_NATIVE_N17_R27_CONTINUITY/FINAL_B_20260915_1409/N17_REFRESH/logs/expanded_44_608.stdout	13099	3861551917ce5a952d19d47ce0797710727af216e771a4c8c5f7918dea0a65e1
FILE	/Users/Shared/micah/Documents/TNN/TNN/Research/R33_NATIVE_N17_R27_CONTINUITY/FINAL_B_20260915_1409/N17_REFRESH/logs/build_candidates.stderr	0	e3b0c44298fc1c149afbf4c8996fb92427ae41e4649b934ca495991b7852b855
FILE	/Users/Shared/micah/Documents/TNN/TNN/Research/R33_NATIVE_N17_R27_CONTINUITY/FINAL_B_20260915_1409/N17_REFRESH/logs/r25_usage.exit	3	913f5d1da2feaf4deeccc9e55cbb350a20f12b3f507e87be85dbb77fdd3cb9bc
FILE	/Users/Shared/micah/Documents/TNN/TNN/Research/R33_NATIVE_N17_R27_CONTINUITY/FINAL_B_20260915_1409/N17_REFRESH/logs/archive_86.stdout	11	358c2d4452c8cb5c262f6d16c83a6f9a6fb4872ffba0c647369a7f04fe98ab89
FILE	/Users/Shared/micah/Documents/TNN/TNN/Research/R33_NATIVE_N17_R27_CONTINUITY/FINAL_B_20260915_1409/N17_REFRESH/logs/expanded_4_24.argv	143	ff63f6f8ac893908a903452d9bc4941cda82bcb86a92691248109cd34ca806cc
FILE	/Users/Shared/micah/Documents/TNN/TNN/Research/R33_NATIVE_N17_R27_CONTINUITY/FINAL_B_20260915_1409/N17_REFRESH/logs/expanded_30_51.stderr	0	e3b0c44298fc1c149afbf4c8996fb92427ae41e4649b934ca495991b7852b855
FILE	/Users/Shared/micah/Documents/TNN/TNN/Research/R33_NATIVE_N17_R27_CONTINUITY/FINAL_B_20260915_1409/N17_REFRESH/logs/nested_member_1_127.stderr	0	e3b0c44298fc1c149afbf4c8996fb92427ae41e4649b934ca495991b7852b855
FILE	/Users/Shared/micah/Documents/TNN/TNN/Research/R33_NATIVE_N17_R27_CONTINUITY/FINAL_B_20260915_1409/N17_REFRESH/logs/expanded_51_4.stdout	8121	88acfe787d34929e215d357fe95525f8177c762bf5c5f0464d3009b5dad23840
FILE	/Users/Shared/micah/Documents/TNN/TNN/Research/R33_NATIVE_N17_R27_CONTINUITY/FINAL_B_20260915_1409/N17_REFRESH/logs/archive_47.stderr	0	e3b0c44298fc1c149afbf4c8996fb92427ae41e4649b934ca495991b7852b855
FILE	/Users/Shared/micah/Documents/TNN/TNN/Research/R33_NATIVE_N17_R27_CONTINUITY/FINAL_B_20260915_1409/N17_REFRESH/logs/policy_missing_final.stderr	0	e3b0c44298fc1c149afbf4c8996fb92427ae41e4649b934ca495991b7852b855
FILE	/Users/Shared/micah/Documents/TNN/TNN/Research/R33_NATIVE_N17_R27_CONTINUITY/FINAL_B_20260915_1409/N17_REFRESH/logs/expanded_44_653.exit	2	9a271f2a916b0b6ee6cecb2426f0b3206ef074578be55d9bc94f6f3fe3ab86aa
FILE	/Users/Shared/micah/Documents/TNN/TNN/Research/R33_NATIVE_N17_R27_CONTINUITY/FINAL_B_20260915_1409/N17_REFRESH/logs/expanded_38_631.argv	175	ea8f40ccf85c57dab8fb18864b32a34ff8b740ac2ae611762d3b8cf9c2962dbf
FILE	/Users/Shared/micah/Documents/TNN/TNN/Research/R33_NATIVE_N17_R27_CONTINUITY/FINAL_B_20260915_1409/N17_REFRESH/logs/expanded_17_213.exit	2	9a271f2a916b0b6ee6cecb2426f0b3206ef074578be55d9bc94f6f3fe3ab86aa
FILE	/Users/Shared/micah/Documents/TNN/TNN/Research/R33_NATIVE_N17_R27_CONTINUITY/FINAL_B_20260915_1409/N17_REFRESH/logs/expanded_18_37.exit	2	9a271f2a916b0b6ee6cecb2426f0b3206ef074578be55d9bc94f6f3fe3ab86aa
FILE	/Users/Shared/micah/Documents/TNN/TNN/Research/R33_NATIVE_N17_R27_CONTINUITY/FINAL_B_20260915_1409/N17_REFRESH/logs/nested_member_4_142.exit	2	9a271f2a916b0b6ee6cecb2426f0b3206ef074578be55d9bc94f6f3fe3ab86aa
FILE	/Users/Shared/micah/Documents/TNN/TNN/Research/R33_NATIVE_N17_R27_CONTINUITY/FINAL_B_20260915_1409/N17_REFRESH/logs/additional_input_search.stderr	128	15f7d8ebb2ac21e2c7f778b274cfa2bc99bfba002ec8b04d5c26df0de8124a32
FILE	/Users/Shared/micah/Documents/TNN/TNN/Research/R33_NATIVE_N17_R27_CONTINUITY/FINAL_B_20260915_1409/N17_REFRESH/logs/expanded_44_607.argv	162	a5dc3f0a9425d5316eb8904f488c09f17c5de8032db014a9b2c668d9babf291f
FILE	/Users/Shared/micah/Documents/TNN/TNN/Research/R33_NATIVE_N17_R27_CONTINUITY/FINAL_B_20260915_1409/N17_REFRESH/logs/nested_member_5_142.exit	2	9a271f2a916b0b6ee6cecb2426f0b3206ef074578be55d9bc94f6f3fe3ab86aa
FILE	/Users/Shared/micah/Documents/TNN/TNN/Research/R33_NATIVE_N17_R27_CONTINUITY/FINAL_B_20260915_1409/N17_REFRESH/logs/expanded_17_247.argv	133	f164dea0ceeea9438e08be269183ad2fabb6bde78ae37a39b6a87c3af0e60515
FILE	/Users/Shared/micah/Documents/TNN/TNN/Research/R33_NATIVE_N17_R27_CONTINUITY/FINAL_B_20260915_1409/N17_REFRESH/logs/archive_29.argv	149	08d41bc194281898fcc536cac03b42c5ba07c8f4ce810fa32a1c91112c364fc0
FILE	/Users/Shared/micah/Documents/TNN/TNN/Research/R33_NATIVE_N17_R27_CONTINUITY/FINAL_B_20260915_1409/N17_REFRESH/logs/expanded_74_22.stderr	0	e3b0c44298fc1c149afbf4c8996fb92427ae41e4649b934ca495991b7852b855
FILE	/Users/Shared/micah/Documents/TNN/TNN/Research/R33_NATIVE_N17_R27_CONTINUITY/FINAL_B_20260915_1409/N17_REFRESH/logs/memo.stdout	87	c90072ff63f00f7f8ebb96accea88cd5b486c835399f58d72c98029bdcbdbdb8
FILE	/Users/Shared/micah/Documents/TNN/TNN/Research/R33_NATIVE_N17_R27_CONTINUITY/FINAL_B_20260915_1409/N17_REFRESH/logs/expanded_4_27.exit	2	9a271f2a916b0b6ee6cecb2426f0b3206ef074578be55d9bc94f6f3fe3ab86aa
FILE	/Users/Shared/micah/Documents/TNN/TNN/Research/R33_NATIVE_N17_R27_CONTINUITY/FINAL_B_20260915_1409/N17_REFRESH/logs/nested_member_1_36.argv	231	2078a60bb40b7879ea49cae1995e4608475628a2fb8a5cb59100cb5e54b81823
FILE	/Users/Shared/micah/Documents/TNN/TNN/Research/R33_NATIVE_N17_R27_CONTINUITY/FINAL_B_20260915_1409/N17_REFRESH/logs/expanded_17_3.stdout	1149955	be943522196e2d13aaa254aed8c4245a3dc99afee567b42d99dca6308d9df06f
FILE	/Users/Shared/micah/Documents/TNN/TNN/Research/R33_NATIVE_N17_R27_CONTINUITY/FINAL_B_20260915_1409/N17_REFRESH/logs/expanded_31_27.argv	131	519ac60b2d45b6157e653869fb1ac184f2af3565b37ee745d05973e358b4f0d9
FILE	/Users/Shared/micah/Documents/TNN/TNN/Research/R33_NATIVE_N17_R27_CONTINUITY/FINAL_B_20260915_1409/N17_REFRESH/logs/expanded_46_123.exit	2	9a271f2a916b0b6ee6cecb2426f0b3206ef074578be55d9bc94f6f3fe3ab86aa
FILE	/Users/Shared/micah/Documents/TNN/TNN/Research/R33_NATIVE_N17_R27_CONTINUITY/FINAL_B_20260915_1409/N17_REFRESH/logs/expanded_19_201.stdout	1980	843318a9502b4c9bfaf3c582dd7b7d7837b4101bb55418e998345644c3460ccb
FILE	/Users/Shared/micah/Documents/TNN/TNN/Research/R33_NATIVE_N17_R27_CONTINUITY/FINAL_B_20260915_1409/N17_REFRESH/logs/expanded_44_616.stdout	4137	a7609d1e1222d3fea3e1f59460fe965c4645ca1a30e0f65c2fb9d2b65505c51e
FILE	/Users/Shared/micah/Documents/TNN/TNN/Research/R33_NATIVE_N17_R27_CONTINUITY/FINAL_B_20260915_1409/N17_REFRESH/logs/expanded_38_614.stderr	0	e3b0c44298fc1c149afbf4c8996fb92427ae41e4649b934ca495991b7852b855
FILE	/Users/Shared/micah/Documents/TNN/TNN/Research/R33_NATIVE_N17_R27_CONTINUITY/FINAL_B_20260915_1409/N17_REFRESH/logs/expanded_52_116.stdout	1244	8acb53d1e9d8af6be694d870089ea19bb5055479b16fc2bbaf6ee1b24b27be1e
FILE	/Users/Shared/micah/Documents/TNN/TNN/Research/R33_NATIVE_N17_R27_CONTINUITY/FINAL_B_20260915_1409/N17_REFRESH/logs/expanded_54_62.argv	156	f2f34e0e7bf99992f4eea13d0320870f627151c80937816503d111ec31bdf9fb
FILE	/Users/Shared/micah/Documents/TNN/TNN/Research/R33_NATIVE_N17_R27_CONTINUITY/FINAL_B_20260915_1409/N17_REFRESH/logs/nested_member_4_139.exit	2	9a271f2a916b0b6ee6cecb2426f0b3206ef074578be55d9bc94f6f3fe3ab86aa
FILE	/Users/Shared/micah/Documents/TNN/TNN/Research/R33_NATIVE_N17_R27_CONTINUITY/FINAL_B_20260915_1409/N17_REFRESH/logs/archive_5.argv	101	b9b14f9721038e927698afbdf2484273fb5ac7112eb678e29c3b5b99ba66f84b
FILE	/Users/Shared/micah/Documents/TNN/TNN/Research/R33_NATIVE_N17_R27_CONTINUITY/FINAL_B_20260915_1409/N17_REFRESH/logs/nested_member_5_139.exit	2	9a271f2a916b0b6ee6cecb2426f0b3206ef074578be55d9bc94f6f3fe3ab86aa
FILE	/Users/Shared/micah/Documents/TNN/TNN/Research/R33_NATIVE_N17_R27_CONTINUITY/FINAL_B_20260915_1409/N17_REFRESH/logs/expanded_55_34.argv	200	8984f3ae2e05d829b0480d88f1afa07ef1a7ea175c5572d086ac6a536185ee6d
FILE	/Users/Shared/micah/Documents/TNN/TNN/Research/R33_NATIVE_N17_R27_CONTINUITY/FINAL_B_20260915_1409/N17_REFRESH/logs/archive_9.stdout	3766	59407fafae6608e640ffdeb728a339f8136437a162e83b105aacceb3430c5f68
FILE	/Users/Shared/micah/Documents/TNN/TNN/Research/R33_NATIVE_N17_R27_CONTINUITY/FINAL_B_20260915_1409/N17_REFRESH/logs/expanded_44_643.stdout	18470	6950c733f2496227cf44600ad39f06578a881a2a72c2547d76c0025b0f82cc2c
FILE	/Users/Shared/micah/Documents/TNN/TNN/Research/R33_NATIVE_N17_R27_CONTINUITY/FINAL_B_20260915_1409/N17_REFRESH/logs/expanded_38_641.stderr	0	e3b0c44298fc1c149afbf4c8996fb92427ae41e4649b934ca495991b7852b855
FILE	/Users/Shared/micah/Documents/TNN/TNN/Research/R33_NATIVE_N17_R27_CONTINUITY/FINAL_B_20260915_1409/N17_REFRESH/logs/archive_52.argv	87	708bac02fb882856f8cdb4f7f8fa53a6d6ac665b2c40922919fc54f6846a19f8
FILE	/Users/Shared/micah/Documents/TNN/TNN/Research/R33_NATIVE_N17_R27_CONTINUITY/FINAL_B_20260915_1409/N17_REFRESH/logs/expanded_44_628.exit	2	9a271f2a916b0b6ee6cecb2426f0b3206ef074578be55d9bc94f6f3fe3ab86aa
FILE	/Users/Shared/micah/Documents/TNN/TNN/Research/R33_NATIVE_N17_R27_CONTINUITY/FINAL_B_20260915_1409/N17_REFRESH/logs/build_candidates.argv	369	8e04b1081ca3d803b9557642057882f22a3e37195da2006ddf41b34f1b1a5f5a
FILE	/Users/Shared/micah/Documents/TNN/TNN/Research/R33_NATIVE_N17_R27_CONTINUITY/FINAL_B_20260915_1409/N17_REFRESH/logs/expanded_38_11.argv	168	dc44d9f7189e4c4261524b9932e135e55ebcdd4f3db5b8f506cf3e7c6f6a7ab1
FILE	/Users/Shared/micah/Documents/TNN/TNN/Research/R33_NATIVE_N17_R27_CONTINUITY/FINAL_B_20260915_1409/N17_REFRESH/logs/archive_12.stderr	0	e3b0c44298fc1c149afbf4c8996fb92427ae41e4649b934ca495991b7852b855
FILE	/Users/Shared/micah/Documents/TNN/TNN/Research/R33_NATIVE_N17_R27_CONTINUITY/FINAL_B_20260915_1409/N17_REFRESH/logs/expanded_19_204.argv	122	ba5bf6aee482808468f84c8dd876f4509021a29e8914a7353675ce7e73252470
FILE	/Users/Shared/micah/Documents/TNN/TNN/Research/R33_NATIVE_N17_R27_CONTINUITY/FINAL_B_20260915_1409/N17_REFRESH/logs/expanded_38_1.stderr	0	e3b0c44298fc1c149afbf4c8996fb92427ae41e4649b934ca495991b7852b855
FILE	/Users/Shared/micah/Documents/TNN/TNN/Research/R33_NATIVE_N17_R27_CONTINUITY/FINAL_B_20260915_1409/N17_REFRESH/logs/nested_member_3_70.argv	211	dc843cc5657291bf3e3ede7bee09b9473f655dbb7044af508a14f71f84ac3592
FILE	/Users/Shared/micah/Documents/TNN/TNN/Research/R33_NATIVE_N17_R27_CONTINUITY/FINAL_B_20260915_1409/N17_REFRESH/logs/nested_member_3_112.exit	2	9a271f2a916b0b6ee6cecb2426f0b3206ef074578be55d9bc94f6f3fe3ab86aa
FILE	/Users/Shared/micah/Documents/TNN/TNN/Research/R33_NATIVE_N17_R27_CONTINUITY/FINAL_B_20260915_1409/N17_REFRESH/logs/expanded_4_26.stdout	11121	bf9f57dc6367c91a27f83847fd7a2952cbad7a065c890baea4d583bea57e90c2
FILE	/Users/Shared/micah/Documents/TNN/TNN/Research/R33_NATIVE_N17_R27_CONTINUITY/FINAL_B_20260915_1409/N17_REFRESH/logs/member_43_0.stderr	0	e3b0c44298fc1c149afbf4c8996fb92427ae41e4649b934ca495991b7852b855
FILE	/Users/Shared/micah/Documents/TNN/TNN/Research/R33_NATIVE_N17_R27_CONTINUITY/FINAL_B_20260915_1409/N17_REFRESH/logs/expanded_10_22.stdout	4623	b93b3f29fb628cf3281651ac8e26c5380efaf4e9fa979f6d2c8fdb59631e4ae7
FILE	/Users/Shared/micah/Documents/TNN/TNN/Research/R33_NATIVE_N17_R27_CONTINUITY/FINAL_B_20260915_1409/N17_REFRESH/logs/expanded_11_32.stderr	0	e3b0c44298fc1c149afbf4c8996fb92427ae41e4649b934ca495991b7852b855
FILE	/Users/Shared/micah/Documents/TNN/TNN/Research/R33_NATIVE_N17_R27_CONTINUITY/FINAL_B_20260915_1409/N17_REFRESH/logs/r27_match.exit	2	9a271f2a916b0b6ee6cecb2426f0b3206ef074578be55d9bc94f6f3fe3ab86aa
FILE	/Users/Shared/micah/Documents/TNN/TNN/Research/R33_NATIVE_N17_R27_CONTINUITY/FINAL_B_20260915_1409/N17_REFRESH/logs/archive_51.exit	2	9a271f2a916b0b6ee6cecb2426f0b3206ef074578be55d9bc94f6f3fe3ab86aa
FILE	/Users/Shared/micah/Documents/TNN/TNN/Research/R33_NATIVE_N17_R27_CONTINUITY/FINAL_B_20260915_1409/N17_REFRESH/logs/nested_member_7_537.exit	2	9a271f2a916b0b6ee6cecb2426f0b3206ef074578be55d9bc94f6f3fe3ab86aa
FILE	/Users/Shared/micah/Documents/TNN/TNN/Research/R33_NATIVE_N17_R27_CONTINUITY/FINAL_B_20260915_1409/N17_REFRESH/logs/build_reviewed.argv	365	a191144fa1bba2fd962da23b44f836e63742d313ddfa5f384280103445505417
FILE	/Users/Shared/micah/Documents/TNN/TNN/Research/R33_NATIVE_N17_R27_CONTINUITY/FINAL_B_20260915_1409/N17_REFRESH/logs/archive_71.stderr	56	d020996efa8ef774f2a5b5df38bdab4a049eb9bb54bf82ec8618c616a66fe9e2
FILE	/Users/Shared/micah/Documents/TNN/TNN/Research/R33_NATIVE_N17_R27_CONTINUITY/FINAL_B_20260915_1409/N17_REFRESH/logs/expanded_55_37.exit	2	9a271f2a916b0b6ee6cecb2426f0b3206ef074578be55d9bc94f6f3fe3ab86aa
FILE	/Users/Shared/micah/Documents/TNN/TNN/Research/R33_NATIVE_N17_R27_CONTINUITY/FINAL_B_20260915_1409/N17_REFRESH/logs/nested_member_8_213.stderr	0	e3b0c44298fc1c149afbf4c8996fb92427ae41e4649b934ca495991b7852b855
FILE	/Users/Shared/micah/Documents/TNN/TNN/Research/R33_NATIVE_N17_R27_CONTINUITY/FINAL_B_20260915_1409/N17_REFRESH/logs/nested_member_6_537.exit	2	9a271f2a916b0b6ee6cecb2426f0b3206ef074578be55d9bc94f6f3fe3ab86aa
FILE	/Users/Shared/micah/Documents/TNN/TNN/Research/R33_NATIVE_N17_R27_CONTINUITY/FINAL_B_20260915_1409/N17_REFRESH/logs/archive_6.exit	2	9a271f2a916b0b6ee6cecb2426f0b3206ef074578be55d9bc94f6f3fe3ab86aa
FILE	/Users/Shared/micah/Documents/TNN/TNN/Research/R33_NATIVE_N17_R27_CONTINUITY/FINAL_B_20260915_1409/N17_REFRESH/logs/expanded_54_51.stdout	2345	7d9724c8e8b75b145edd08034cb9c1c2168c97c5e4375832cfaebb31d12c9d8f
FILE	/Users/Shared/micah/Documents/TNN/TNN/Research/R33_NATIVE_N17_R27_CONTINUITY/FINAL_B_20260915_1409/N17_REFRESH/logs/nested_member_5_213.argv	192	c668f26590736fa1115ab5f52858b4faf14cfdfbd174857b93f70b56447f6846
FILE	/Users/Shared/micah/Documents/TNN/TNN/Research/R33_NATIVE_N17_R27_CONTINUITY/FINAL_B_20260915_1409/N17_REFRESH/logs/expanded_52_120.stdout	14964	eb519220c408b3245fc03fe8fbd23d0ee1d261a32844220faf13fdb5d8ace54d
FILE	/Users/Shared/micah/Documents/TNN/TNN/Research/R33_NATIVE_N17_R27_CONTINUITY/FINAL_B_20260915_1409/N17_REFRESH/logs/member_17_2.stderr	0	e3b0c44298fc1c149afbf4c8996fb92427ae41e4649b934ca495991b7852b855
FILE	/Users/Shared/micah/Documents/TNN/TNN/Research/R33_NATIVE_N17_R27_CONTINUITY/FINAL_B_20260915_1409/N17_REFRESH/logs/nested_member_2_537.stderr	0	e3b0c44298fc1c149afbf4c8996fb92427ae41e4649b934ca495991b7852b855
FILE	/Users/Shared/micah/Documents/TNN/TNN/Research/R33_NATIVE_N17_R27_CONTINUITY/FINAL_B_20260915_1409/N17_REFRESH/logs/nested_member_4_213.argv	190	707544990ed97cddb3b91f45e0821f1a11c87ea6611d2c55d7b810d238325122
FILE	/Users/Shared/micah/Documents/TNN/TNN/Research/R33_NATIVE_N17_R27_CONTINUITY/FINAL_B_20260915_1409/N17_REFRESH/logs/expanded_17_204.stdout	12071	bb24d6913d40f1148ae878b1e69313a7aba708669fe3ee4a53f09a01c5658526
FILE	/Users/Shared/micah/Documents/TNN/TNN/Research/R33_NATIVE_N17_R27_CONTINUITY/FINAL_B_20260915_1409/N17_REFRESH/logs/nested_member_1_118.argv	210	be70a1e6ce177493d5105f008e9a4b264786748d53228ddc061da8d94802622b
FILE	/Users/Shared/micah/Documents/TNN/TNN/Research/R33_NATIVE_N17_R27_CONTINUITY/FINAL_B_20260915_1409/N17_REFRESH/logs/expanded_44_620.stdout	5822	d2e027366cddc065f40b2a67351582d58fc2c27b2db9bf0a061fba577f0792e8
FILE	/Users/Shared/micah/Documents/TNN/TNN/Research/R33_NATIVE_N17_R27_CONTINUITY/FINAL_B_20260915_1409/N17_REFRESH/logs/expanded_38_622.stderr	0	e3b0c44298fc1c149afbf4c8996fb92427ae41e4649b934ca495991b7852b855
FILE	/Users/Shared/micah/Documents/TNN/TNN/Research/R33_NATIVE_N17_R27_CONTINUITY/FINAL_B_20260915_1409/N17_REFRESH/logs/expanded_19_207.exit	2	9a271f2a916b0b6ee6cecb2426f0b3206ef074578be55d9bc94f6f3fe3ab86aa
FILE	/Users/Shared/micah/Documents/TNN/TNN/Research/R33_NATIVE_N17_R27_CONTINUITY/FINAL_B_20260915_1409/N17_REFRESH/logs/expanded_18_39.stdout	12533	eb1fe5e753df8cfe27ce5f89cafa43c44d4de2dd619e1754bb9a478f8f8a4a81
FILE	/Users/Shared/micah/Documents/TNN/TNN/Research/R33_NATIVE_N17_R27_CONTINUITY/FINAL_B_20260915_1409/N17_REFRESH/logs/expanded_47_48.argv	192	5c044d2f4c84ad1a6af90da8361ae336cd3a366c0e72347698316517f0d645d6
FILE	/Users/Shared/micah/Documents/TNN/TNN/Research/R33_NATIVE_N17_R27_CONTINUITY/FINAL_B_20260915_1409/N17_REFRESH/logs/nested_member_7_527.stderr	0	e3b0c44298fc1c149afbf4c8996fb92427ae41e4649b934ca495991b7852b855
FILE	/Users/Shared/micah/Documents/TNN/TNN/Research/R33_NATIVE_N17_R27_CONTINUITY/FINAL_B_20260915_1409/N17_REFRESH/logs/expanded_38_653.stderr	0	e3b0c44298fc1c149afbf4c8996fb92427ae41e4649b934ca495991b7852b855
FILE	/Users/Shared/micah/Documents/TNN/TNN/Research/R33_NATIVE_N17_R27_CONTINUITY/FINAL_B_20260915_1409/N17_REFRESH/logs/expanded_19_246.stdout	780	636bae83bb6c80df3ab381d0dbc2a16db5b34d111eb83fea07be8cda21b9a85d
FILE	/Users/Shared/micah/Documents/TNN/TNN/Research/R33_NATIVE_N17_R27_CONTINUITY/FINAL_B_20260915_1409/N17_REFRESH/logs/expanded_18_48.stdout	1482	f641633296b739dcc798d424dc27be36b3955d4fcfc1dad942f9a30a4b3df51f
FILE	/Users/Shared/micah/Documents/TNN/TNN/Research/R33_NATIVE_N17_R27_CONTINUITY/FINAL_B_20260915_1409/N17_REFRESH/logs/nested_member_4_528.exit	2	9a271f2a916b0b6ee6cecb2426f0b3206ef074578be55d9bc94f6f3fe3ab86aa
FILE	/Users/Shared/micah/Documents/TNN/TNN/Research/R33_NATIVE_N17_R27_CONTINUITY/FINAL_B_20260915_1409/N17_REFRESH/logs/nested_member_6_139.stdout	3130	dad94b7b6a734511480e17a3a8f7535d732cc5f63889de29d179a7988badf42f
FILE	/Users/Shared/micah/Documents/TNN/TNN/Research/R33_NATIVE_N17_R27_CONTINUITY/FINAL_B_20260915_1409/N17_REFRESH/logs/nested_member_5_528.exit	2	9a271f2a916b0b6ee6cecb2426f0b3206ef074578be55d9bc94f6f3fe3ab86aa
FILE	/Users/Shared/micah/Documents/TNN/TNN/Research/R33_NATIVE_N17_R27_CONTINUITY/FINAL_B_20260915_1409/N17_REFRESH/logs/archive_13.argv	101	960b232eb93bcecd0c184be695016da3f544c45054564c81b317da7613bee5d3
FILE	/Users/Shared/micah/Documents/TNN/TNN/Research/R33_NATIVE_N17_R27_CONTINUITY/FINAL_B_20260915_1409/N17_REFRESH/logs/nested_member_2_102.stdout	1274	2fc9f312e64b96d898d55571d393504c8aa896e3111c5c6da05cabe9dfee61ae
FILE	/Users/Shared/micah/Documents/TNN/TNN/Research/R33_NATIVE_N17_R27_CONTINUITY/FINAL_B_20260915_1409/N17_REFRESH/logs/structure.stderr	0	e3b0c44298fc1c149afbf4c8996fb92427ae41e4649b934ca495991b7852b855
FILE	/Users/Shared/micah/Documents/TNN/TNN/Research/R33_NATIVE_N17_R27_CONTINUITY/FINAL_B_20260915_1409/N17_REFRESH/logs/nested_member_4_538.stdout	1311	685dd7f076cb8db957b0e48b5d331675ffb49f694597a6ef621032dfd8a9405a
FILE	/Users/Shared/micah/Documents/TNN/TNN/Research/R33_NATIVE_N17_R27_CONTINUITY/FINAL_B_20260915_1409/N17_REFRESH/logs/archive_47.exit	2	9a271f2a916b0b6ee6cecb2426f0b3206ef074578be55d9bc94f6f3fe3ab86aa
FILE	/Users/Shared/micah/Documents/TNN/TNN/Research/R33_NATIVE_N17_R27_CONTINUITY/FINAL_B_20260915_1409/N17_REFRESH/logs/nested_member_1_58.exit	2	9a271f2a916b0b6ee6cecb2426f0b3206ef074578be55d9bc94f6f3fe3ab86aa
FILE	/Users/Shared/micah/Documents/TNN/TNN/Research/R33_NATIVE_N17_R27_CONTINUITY/FINAL_B_20260915_1409/N17_REFRESH/logs/expanded_17_208.stdout	582	f1ffa61f3b7634d14f95ae16016695d6d058393899473d6dd539f8639dabd9bb
FILE	/Users/Shared/micah/Documents/TNN/TNN/Research/R33_NATIVE_N17_R27_CONTINUITY/FINAL_B_20260915_1409/N17_REFRESH/logs/build_independent_admission_tests.exit	2	9a271f2a916b0b6ee6cecb2426f0b3206ef074578be55d9bc94f6f3fe3ab86aa
FILE	/Users/Shared/micah/Documents/TNN/TNN/Research/R33_NATIVE_N17_R27_CONTINUITY/FINAL_B_20260915_1409/N17_REFRESH/logs/nested_member_1_22.stdout	672	8cfb3dff7e33f23e81d7c5bcc4007d14f29175d973bde0bb175a01b0ed2172c2
FILE	/Users/Shared/micah/Documents/TNN/TNN/Research/R33_NATIVE_N17_R27_CONTINUITY/FINAL_B_20260915_1409/N17_REFRESH/logs/expanded_52_124.argv	141	1a289662e313f61836d537b2e1a2d8c6d0d9da727af69e152f43d38f32a0dc64
FILE	/Users/Shared/micah/Documents/TNN/TNN/Research/R33_NATIVE_N17_R27_CONTINUITY/FINAL_B_20260915_1409/N17_REFRESH/logs/expanded_19_211.exit	2	9a271f2a916b0b6ee6cecb2426f0b3206ef074578be55d9bc94f6f3fe3ab86aa
FILE	/Users/Shared/micah/Documents/TNN/TNN/Research/R33_NATIVE_N17_R27_CONTINUITY/FINAL_B_20260915_1409/N17_REFRESH/logs/nested_member_3_125.stdout	51851	75571c0ffbf850ae48cd5bf95f2c69c1cfa9c868ae0de078596d6722091a4520
FILE	/Users/Shared/micah/Documents/TNN/TNN/Research/R33_NATIVE_N17_R27_CONTINUITY/FINAL_B_20260915_1409/N17_REFRESH/logs/expanded_46_119.exit	2	9a271f2a916b0b6ee6cecb2426f0b3206ef074578be55d9bc94f6f3fe3ab86aa
FILE	/Users/Shared/micah/Documents/TNN/TNN/Research/R33_NATIVE_N17_R27_CONTINUITY/FINAL_B_20260915_1409/N17_REFRESH/logs/canonical_before.stdout	136	4382a2876d26db4ea78fed487ee0f3f8512ef9744a92e86abf56f9ad7d5c30a6
FILE	/Users/Shared/micah/Documents/TNN/TNN/Research/R33_NATIVE_N17_R27_CONTINUITY/FINAL_B_20260915_1409/N17_REFRESH/logs/archive_44.argv	98	9ac2d2f0f6092ed7590b2edd7a91ba450e8042cbff2b09ca7f3901eacdb210dc
FILE	/Users/Shared/micah/Documents/TNN/TNN/Research/R33_NATIVE_N17_R27_CONTINUITY/FINAL_B_20260915_1409/N17_REFRESH/logs/expanded_5_88.exit	2	9a271f2a916b0b6ee6cecb2426f0b3206ef074578be55d9bc94f6f3fe3ab86aa
FILE	/Users/Shared/micah/Documents/TNN/TNN/Research/R33_NATIVE_N17_R27_CONTINUITY/FINAL_B_20260915_1409/N17_REFRESH/logs/member_52_2.stdout	11573	4e3929de8abd6428ff1a7828d7d5f023355be05a9aa39552cb96111dc9b455bb
FILE	/Users/Shared/micah/Documents/TNN/TNN/Research/R33_NATIVE_N17_R27_CONTINUITY/FINAL_B_20260915_1409/N17_REFRESH/logs/expanded_38_608.exit	2	9a271f2a916b0b6ee6cecb2426f0b3206ef074578be55d9bc94f6f3fe3ab86aa
FILE	/Users/Shared/micah/Documents/TNN/TNN/Research/R33_NATIVE_N17_R27_CONTINUITY/FINAL_B_20260915_1409/N17_REFRESH/logs/nested_member_6_84.stderr	0	e3b0c44298fc1c149afbf4c8996fb92427ae41e4649b934ca495991b7852b855
FILE	/Users/Shared/micah/Documents/TNN/TNN/Research/R33_NATIVE_N17_R27_CONTINUITY/FINAL_B_20260915_1409/N17_REFRESH/logs/expanded_5_33.argv	168	46ab621a26f169717d356c2da862968b6ca018dde086158732cbd1fa7d6542a7
FILE	/Users/Shared/micah/Documents/TNN/TNN/Research/R33_NATIVE_N17_R27_CONTINUITY/FINAL_B_20260915_1409/N17_REFRESH/logs/archive_10.exit	2	9a271f2a916b0b6ee6cecb2426f0b3206ef074578be55d9bc94f6f3fe3ab86aa
FILE	/Users/Shared/micah/Documents/TNN/TNN/Research/R33_NATIVE_N17_R27_CONTINUITY/FINAL_B_20260915_1409/N17_REFRESH/logs/expanded_30_16.stderr	0	e3b0c44298fc1c149afbf4c8996fb92427ae41e4649b934ca495991b7852b855
FILE	/Users/Shared/micah/Documents/TNN/TNN/Research/R33_NATIVE_N17_R27_CONTINUITY/FINAL_B_20260915_1409/N17_REFRESH/logs/archive_5.stdout	5524	6cb4260dedd93fe068aadf39fb0322814207ada7668f2d05cd2d1682c6354577
FILE	/Users/Shared/micah/Documents/TNN/TNN/Research/R33_NATIVE_N17_R27_CONTINUITY/FINAL_B_20260915_1409/N17_REFRESH/logs/archive_63.stderr	56	d020996efa8ef774f2a5b5df38bdab4a049eb9bb54bf82ec8618c616a66fe9e2
FILE	/Users/Shared/micah/Documents/TNN/TNN/Research/R33_NATIVE_N17_R27_CONTINUITY/FINAL_B_20260915_1409/N17_REFRESH/logs/nested_member_1_103.stderr	0	e3b0c44298fc1c149afbf4c8996fb92427ae41e4649b934ca495991b7852b855
FILE	/Users/Shared/micah/Documents/TNN/TNN/Research/R33_NATIVE_N17_R27_CONTINUITY/FINAL_B_20260915_1409/N17_REFRESH/logs/expanded_46_126.stderr	0	e3b0c44298fc1c149afbf4c8996fb92427ae41e4649b934ca495991b7852b855
FILE	/Users/Shared/micah/Documents/TNN/TNN/Research/R33_NATIVE_N17_R27_CONTINUITY/FINAL_B_20260915_1409/N17_REFRESH/logs/deep_candidate_hashes.exit	2	4355a46b19d348dc2f57c046f8ef63d4538ebb936000f3c9ee954a27460dd865
FILE	/Users/Shared/micah/Documents/TNN/TNN/Research/R33_NATIVE_N17_R27_CONTINUITY/FINAL_B_20260915_1409/N17_REFRESH/logs/nested_member_3_89.argv	221	83590113671f67f30108fa84d3febb14b50a13f762824d2d92614c2585edb3a2
FILE	/Users/Shared/micah/Documents/TNN/TNN/Research/R33_NATIVE_N17_R27_CONTINUITY/FINAL_B_20260915_1409/N17_REFRESH/logs/expanded_33_23.exit	2	9a271f2a916b0b6ee6cecb2426f0b3206ef074578be55d9bc94f6f3fe3ab86aa
FILE	/Users/Shared/micah/Documents/TNN/TNN/Research/R33_NATIVE_N17_R27_CONTINUITY/FINAL_B_20260915_1409/N17_REFRESH/logs/build_policy_final.stderr	0	e3b0c44298fc1c149afbf4c8996fb92427ae41e4649b934ca495991b7852b855
FILE	/Users/Shared/micah/Documents/TNN/TNN/Research/R33_NATIVE_N17_R27_CONTINUITY/FINAL_B_20260915_1409/N17_REFRESH/logs/expanded_33_27.stderr	0	e3b0c44298fc1c149afbf4c8996fb92427ae41e4649b934ca495991b7852b855
FILE	/Users/Shared/micah/Documents/TNN/TNN/Research/R33_NATIVE_N17_R27_CONTINUITY/FINAL_B_20260915_1409/N17_REFRESH/logs/expanded_52_127.exit	2	9a271f2a916b0b6ee6cecb2426f0b3206ef074578be55d9bc94f6f3fe3ab86aa
FILE	/Users/Shared/micah/Documents/TNN/TNN/Research/R33_NATIVE_N17_R27_CONTINUITY/FINAL_B_20260915_1409/N17_REFRESH/logs/expanded_19_212.argv	130	9488f826f803e3bc4c102aeb5e062e6c25f214e0f9ad88992af8c323c4c13d58
FILE	/Users/Shared/micah/Documents/TNN/TNN/Research/R33_NATIVE_N17_R27_CONTINUITY/FINAL_B_20260915_1409/N17_REFRESH/logs/expanded_44_632.stdout	2711	59adee5c8936fea077569b147be95ceae4ccba68edb5298916b1934074edef41
FILE	/Users/Shared/micah/Documents/TNN/TNN/Research/R33_NATIVE_N17_R27_CONTINUITY/FINAL_B_20260915_1409/N17_REFRESH/logs/project_primitives.stderr	0	e3b0c44298fc1c149afbf4c8996fb92427ae41e4649b934ca495991b7852b855
FILE	/Users/Shared/micah/Documents/TNN/TNN/Research/R33_NATIVE_N17_R27_CONTINUITY/FINAL_B_20260915_1409/N17_REFRESH/logs/expanded_38_630.stderr	0	e3b0c44298fc1c149afbf4c8996fb92427ae41e4649b934ca495991b7852b855
FILE	/Users/Shared/micah/Documents/TNN/TNN/Research/R33_NATIVE_N17_R27_CONTINUITY/FINAL_B_20260915_1409/N17_REFRESH/logs/project_repaired_exact_source_gate.stdout	0	e3b0c44298fc1c149afbf4c8996fb92427ae41e4649b934ca495991b7852b855
FILE	/Users/Shared/micah/Documents/TNN/TNN/Research/R33_NATIVE_N17_R27_CONTINUITY/FINAL_B_20260915_1409/N17_REFRESH/logs/expanded_17_216.stdout	2755	9fa483620e23c2b82e33e8657ec6394df46df15715ee267b0c646363c25a2e4a
FILE	/Users/Shared/micah/Documents/TNN/TNN/Research/R33_NATIVE_N17_R27_CONTINUITY/FINAL_B_20260915_1409/N17_REFRESH/logs/expanded_19_246.exit	2	9a271f2a916b0b6ee6cecb2426f0b3206ef074578be55d9bc94f6f3fe3ab86aa
FILE	/Users/Shared/micah/Documents/TNN/TNN/Research/R33_NATIVE_N17_R27_CONTINUITY/FINAL_B_20260915_1409/N17_REFRESH/logs/expanded_11_28.stdout	2894	cf9c34038f8c7744df0525184e5abad5be37f5cd61c0c4c4bcf5cf5f3b8c3ac3
FILE	/Users/Shared/micah/Documents/TNN/TNN/Research/R33_NATIVE_N17_R27_CONTINUITY/FINAL_B_20260915_1409/N17_REFRESH/logs/expanded_44_11.stderr	0	e3b0c44298fc1c149afbf4c8996fb92427ae41e4649b934ca495991b7852b855
FILE	/Users/Shared/micah/Documents/TNN/TNN/Research/R33_NATIVE_N17_R27_CONTINUITY/FINAL_B_20260915_1409/N17_REFRESH/logs/nested_member_3_127.argv	210	0ffba8b24f936dbc21a7f92df338ee04ec6f014cec1b1a706be586ac582290db
FILE	/Users/Shared/micah/Documents/TNN/TNN/Research/R33_NATIVE_N17_R27_CONTINUITY/FINAL_B_20260915_1409/N17_REFRESH/logs/expanded_74_25.exit	2	9a271f2a916b0b6ee6cecb2426f0b3206ef074578be55d9bc94f6f3fe3ab86aa
FILE	/Users/Shared/micah/Documents/TNN/TNN/Research/R33_NATIVE_N17_R27_CONTINUITY/FINAL_B_20260915_1409/N17_REFRESH/logs/expanded_38_645.stdout	1931	79116d2fdd0da66eb16c2845a472a9571f1a608e77403bd00676de688188e3c6
FILE	/Users/Shared/micah/Documents/TNN/TNN/Research/R33_NATIVE_N17_R27_CONTINUITY/FINAL_B_20260915_1409/N17_REFRESH/logs/expanded_11_34.argv	142	43231ac9e73e4eabd96fad98079306aeb94a1ff7dff469b2f7e5d4653f707dc8
FILE	/Users/Shared/micah/Documents/TNN/TNN/Research/R33_NATIVE_N17_R27_CONTINUITY/FINAL_B_20260915_1409/N17_REFRESH/logs/expanded_4_22.stderr	0	e3b0c44298fc1c149afbf4c8996fb92427ae41e4649b934ca495991b7852b855
FILE	/Users/Shared/micah/Documents/TNN/TNN/Research/R33_NATIVE_N17_R27_CONTINUITY/FINAL_B_20260915_1409/N17_REFRESH/logs/member_19_2.exit	2	9a271f2a916b0b6ee6cecb2426f0b3206ef074578be55d9bc94f6f3fe3ab86aa
FILE	/Users/Shared/micah/Documents/TNN/TNN/Research/R33_NATIVE_N17_R27_CONTINUITY/FINAL_B_20260915_1409/N17_REFRESH/logs/expanded_10_26.stderr	0	e3b0c44298fc1c149afbf4c8996fb92427ae41e4649b934ca495991b7852b855
FILE	/Users/Shared/micah/Documents/TNN/TNN/Research/R33_NATIVE_N17_R27_CONTINUITY/FINAL_B_20260915_1409/N17_REFRESH/logs/build_policy.exit	2	9a271f2a916b0b6ee6cecb2426f0b3206ef074578be55d9bc94f6f3fe3ab86aa
FILE	/Users/Shared/micah/Documents/TNN/TNN/Research/R33_NATIVE_N17_R27_CONTINUITY/FINAL_B_20260915_1409/N17_REFRESH/logs/expanded_17_209.exit	2	9a271f2a916b0b6ee6cecb2426f0b3206ef074578be55d9bc94f6f3fe3ab86aa
FILE	/Users/Shared/micah/Documents/TNN/TNN/Research/R33_NATIVE_N17_R27_CONTINUITY/FINAL_B_20260915_1409/N17_REFRESH/logs/archive_67.exit	2	4355a46b19d348dc2f57c046f8ef63d4538ebb936000f3c9ee954a27460dd865
FILE	/Users/Shared/micah/Documents/TNN/TNN/Research/R33_NATIVE_N17_R27_CONTINUITY/FINAL_B_20260915_1409/N17_REFRESH/logs/expanded_55_45.stdout	3069	2f08c92eb74ef3d38d88732b35816a0d328e67e32017658546ae9a35e602a526
FILE	/Users/Shared/micah/Documents/TNN/TNN/Research/R33_NATIVE_N17_R27_CONTINUITY/FINAL_B_20260915_1409/N17_REFRESH/logs/archive_88.exit	2	9a271f2a916b0b6ee6cecb2426f0b3206ef074578be55d9bc94f6f3fe3ab86aa
FILE	/Users/Shared/micah/Documents/TNN/TNN/Research/R33_NATIVE_N17_R27_CONTINUITY/FINAL_B_20260915_1409/N17_REFRESH/logs/archive_16.stdout	92	3536e6900e25131ab2ef2146b332a67bd5453a84513f13ab53e2d952b4ac8b48
FILE	/Users/Shared/micah/Documents/TNN/TNN/Research/R33_NATIVE_N17_R27_CONTINUITY/FINAL_B_20260915_1409/N17_REFRESH/logs/receipt_compiler_compare.exit	2	9a271f2a916b0b6ee6cecb2426f0b3206ef074578be55d9bc94f6f3fe3ab86aa
FILE	/Users/Shared/micah/Documents/TNN/TNN/Research/R33_NATIVE_N17_R27_CONTINUITY/FINAL_B_20260915_1409/N17_REFRESH/logs/large_archive_0.argv	64	746d0a10b94473f9627d09dca81e09a3f6f84d819adee441d59163352af11a2c
FILE	/Users/Shared/micah/Documents/TNN/TNN/Research/R33_NATIVE_N17_R27_CONTINUITY/FINAL_B_20260915_1409/N17_REFRESH/logs/expanded_38_638.stdout	3024	577e5536c6c4560738bb6c5c8f09f886370ab481e6688e899f8c1ca3c7a7d3ff
FILE	/Users/Shared/micah/Documents/TNN/TNN/Research/R33_NATIVE_N17_R27_CONTINUITY/FINAL_B_20260915_1409/N17_REFRESH/logs/nested_list_8.stderr	0	e3b0c44298fc1c149afbf4c8996fb92427ae41e4649b934ca495991b7852b855
FILE	/Users/Shared/micah/Documents/TNN/TNN/Research/R33_NATIVE_N17_R27_CONTINUITY/FINAL_B_20260915_1409/N17_REFRESH/logs/archive_33.argv	146	84efe88bd6080a9fb23761d719d874afa755f17766ec90041a0c965a20c1c487
FILE	/Users/Shared/micah/Documents/TNN/TNN/Research/R33_NATIVE_N17_R27_CONTINUITY/FINAL_B_20260915_1409/N17_REFRESH/logs/archive_75.stdout	3766	59407fafae6608e640ffdeb728a339f8136437a162e83b105aacceb3430c5f68
FILE	/Users/Shared/micah/Documents/TNN/TNN/Research/R33_NATIVE_N17_R27_CONTINUITY/FINAL_B_20260915_1409/N17_REFRESH/logs/expanded_44_1.stderr	0	e3b0c44298fc1c149afbf4c8996fb92427ae41e4649b934ca495991b7852b855
FILE	/Users/Shared/micah/Documents/TNN/TNN/Research/R33_NATIVE_N17_R27_CONTINUITY/FINAL_B_20260915_1409/N17_REFRESH/logs/nested_member_1_115.stdout	2755	9fa483620e23c2b82e33e8657ec6394df46df15715ee267b0c646363c25a2e4a
FILE	/Users/Shared/micah/Documents/TNN/TNN/Research/R33_NATIVE_N17_R27_CONTINUITY/FINAL_B_20260915_1409/N17_REFRESH/logs/expanded_74_26.argv	129	125b18d24a177a43e806372ff69260fea3cfc49f62e5f0f296cc33a5b866f44a
FILE	/Users/Shared/micah/Documents/TNN/TNN/Research/R33_NATIVE_N17_R27_CONTINUITY/FINAL_B_20260915_1409/N17_REFRESH/logs/expanded_44_759.stderr	0	e3b0c44298fc1c149afbf4c8996fb92427ae41e4649b934ca495991b7852b855
FILE	/Users/Shared/micah/Documents/TNN/TNN/Research/R33_NATIVE_N17_R27_CONTINUITY/FINAL_B_20260915_1409/N17_REFRESH/logs/nested_member_1_57.stderr	0	e3b0c44298fc1c149afbf4c8996fb92427ae41e4649b934ca495991b7852b855
FILE	/Users/Shared/micah/Documents/TNN/TNN/Research/R33_NATIVE_N17_R27_CONTINUITY/FINAL_B_20260915_1409/N17_REFRESH/logs/nested_member_8_102.stderr	0	e3b0c44298fc1c149afbf4c8996fb92427ae41e4649b934ca495991b7852b855
FILE	/Users/Shared/micah/Documents/TNN/TNN/Research/R33_NATIVE_N17_R27_CONTINUITY/FINAL_B_20260915_1409/N17_REFRESH/logs/expanded_17_198.exit	2	9a271f2a916b0b6ee6cecb2426f0b3206ef074578be55d9bc94f6f3fe3ab86aa
FILE	/Users/Shared/micah/Documents/TNN/TNN/Research/R33_NATIVE_N17_R27_CONTINUITY/FINAL_B_20260915_1409/N17_REFRESH/logs/nested_member_3_124.exit	2	9a271f2a916b0b6ee6cecb2426f0b3206ef074578be55d9bc94f6f3fe3ab86aa
FILE	/Users/Shared/micah/Documents/TNN/TNN/Research/R33_NATIVE_N17_R27_CONTINUITY/FINAL_B_20260915_1409/N17_REFRESH/logs/nested_member_3_46.argv	209	d855de852830d006411efd7b182f6c5302f2fd97ee5b6970bb7a9a0ab1d0e9b9
FILE	/Users/Shared/micah/Documents/TNN/TNN/Research/R33_NATIVE_N17_R27_CONTINUITY/FINAL_B_20260915_1409/N17_REFRESH/logs/expanded_40_24.stderr	0	e3b0c44298fc1c149afbf4c8996fb92427ae41e4649b934ca495991b7852b855
FILE	/Users/Shared/micah/Documents/TNN/TNN/Research/R33_NATIVE_N17_R27_CONTINUITY/FINAL_B_20260915_1409/N17_REFRESH/logs/member_33_0.stdout	3703	047b2e460bbaa322c737034b42f63587b0839681e417fc152a213c4a3033ce0d
FILE	/Users/Shared/micah/Documents/TNN/TNN/Research/R33_NATIVE_N17_R27_CONTINUITY/FINAL_B_20260915_1409/N17_REFRESH/logs/expanded_5_90.stderr	0	e3b0c44298fc1c149afbf4c8996fb92427ae41e4649b934ca495991b7852b855
FILE	/Users/Shared/micah/Documents/TNN/TNN/Research/R33_NATIVE_N17_R27_CONTINUITY/FINAL_B_20260915_1409/N17_REFRESH/logs/candidates.stdout	38733	ab76e1b45f6a3d562e4e2907b4339853de254bac5feff986ec430f83d870ca0f
FILE	/Users/Shared/micah/Documents/TNN/TNN/Research/R33_NATIVE_N17_R27_CONTINUITY/FINAL_B_20260915_1409/N17_REFRESH/logs/nested_member_4_530.stderr	0	e3b0c44298fc1c149afbf4c8996fb92427ae41e4649b934ca495991b7852b855
FILE	/Users/Shared/micah/Documents/TNN/TNN/Research/R33_NATIVE_N17_R27_CONTINUITY/FINAL_B_20260915_1409/N17_REFRESH/logs/expanded_5_32.stdout	8259	7e23dd152392974f03c44816967a930044f0c94bafc31e4ebc9ad6cd153b595a
FILE	/Users/Shared/micah/Documents/TNN/TNN/Research/R33_NATIVE_N17_R27_CONTINUITY/FINAL_B_20260915_1409/N17_REFRESH/logs/archive_30.exit	2	9a271f2a916b0b6ee6cecb2426f0b3206ef074578be55d9bc94f6f3fe3ab86aa
FILE	/Users/Shared/micah/Documents/TNN/TNN/Research/R33_NATIVE_N17_R27_CONTINUITY/FINAL_B_20260915_1409/N17_REFRESH/logs/expanded_17_200.stderr	0	e3b0c44298fc1c149afbf4c8996fb92427ae41e4649b934ca495991b7852b855
FILE	/Users/Shared/micah/Documents/TNN/TNN/Research/R33_NATIVE_N17_R27_CONTINUITY/FINAL_B_20260915_1409/N17_REFRESH/logs/expanded_9_61.stdout	4163	8e3069af0197de8100015aeff8e078ccfec55b5afb8b786e5ff5c6f88eb1abe4
FILE	/Users/Shared/micah/Documents/TNN/TNN/Research/R33_NATIVE_N17_R27_CONTINUITY/FINAL_B_20260915_1409/N17_REFRESH/logs/large_archive_3.exit	2	9a271f2a916b0b6ee6cecb2426f0b3206ef074578be55d9bc94f6f3fe3ab86aa
FILE	/Users/Shared/micah/Documents/TNN/TNN/Research/R33_NATIVE_N17_R27_CONTINUITY/FINAL_B_20260915_1409/N17_REFRESH/logs/expanded_38_626.stdout	7803	16ce69ec65ea15183c983c5b45593cf81275213d6b2607436f308284bdcf38b2
FILE	/Users/Shared/micah/Documents/TNN/TNN/Research/R33_NATIVE_N17_R27_CONTINUITY/FINAL_B_20260915_1409/N17_REFRESH/logs/archive_64.argv	191	b5ffd7e5fd58e9f8af686ccc50b441e952334b00d62bf2e223ee9973e1fd1878
FILE	/Users/Shared/micah/Documents/TNN/TNN/Research/R33_NATIVE_N17_R27_CONTINUITY/FINAL_B_20260915_1409/N17_REFRESH/logs/nested_member_5_417.stderr	0	e3b0c44298fc1c149afbf4c8996fb92427ae41e4649b934ca495991b7852b855
FILE	/Users/Shared/micah/Documents/TNN/TNN/Research/R33_NATIVE_N17_R27_CONTINUITY/FINAL_B_20260915_1409/N17_REFRESH/logs/expanded_52_124.stderr	0	e3b0c44298fc1c149afbf4c8996fb92427ae41e4649b934ca495991b7852b855
FILE	/Users/Shared/micah/Documents/TNN/TNN/Research/R33_NATIVE_N17_R27_CONTINUITY/FINAL_B_20260915_1409/N17_REFRESH/logs/nested_member_2_84.argv	207	bee9f59e2741f9628b8936411467df3ef90b1d2bc66d8ebc8c01ce5a8846b5bc
FILE	/Users/Shared/micah/Documents/TNN/TNN/Research/R33_NATIVE_N17_R27_CONTINUITY/FINAL_B_20260915_1409/N17_REFRESH/logs/expanded_38_628.exit	2	9a271f2a916b0b6ee6cecb2426f0b3206ef074578be55d9bc94f6f3fe3ab86aa
FILE	/Users/Shared/micah/Documents/TNN/TNN/Research/R33_NATIVE_N17_R27_CONTINUITY/FINAL_B_20260915_1409/N17_REFRESH/logs/member_55_0.exit	2	9a271f2a916b0b6ee6cecb2426f0b3206ef074578be55d9bc94f6f3fe3ab86aa
FILE	/Users/Shared/micah/Documents/TNN/TNN/Research/R33_NATIVE_N17_R27_CONTINUITY/FINAL_B_20260915_1409/N17_REFRESH/logs/member_19_1.argv	128	c4f1333fd4169902e14c7b03867e08529663d1d3fd6a67d5a1bb24efdc89ac97
FILE	/Users/Shared/micah/Documents/TNN/TNN/Research/R33_NATIVE_N17_R27_CONTINUITY/FINAL_B_20260915_1409/N17_REFRESH/logs/nested_member_2_213.stdout	3130	dad94b7b6a734511480e17a3a8f7535d732cc5f63889de29d179a7988badf42f
FILE	/Users/Shared/micah/Documents/TNN/TNN/Research/R33_NATIVE_N17_R27_CONTINUITY/FINAL_B_20260915_1409/N17_REFRESH/logs/independent_admission_tests.stdout	203	ea535912a1fe0a5be7a7e81955dcec8acd7c104034b94039151a3a02dad94b95
FILE	/Users/Shared/micah/Documents/TNN/TNN/Research/R33_NATIVE_N17_R27_CONTINUITY/FINAL_B_20260915_1409/N17_REFRESH/logs/nested_member_3_64.stdout	10599	50f0147db289adf6733596bcd3d1719655ef41a2b639cb1b1c5c54b64c64274e
FILE	/Users/Shared/micah/Documents/TNN/TNN/Research/R33_NATIVE_N17_R27_CONTINUITY/FINAL_B_20260915_1409/N17_REFRESH/logs/member_33_0.argv	163	4e39be617b88e94684189ca78045a547348864c791add9fba2e33ff7d7aa0f64
FILE	/Users/Shared/micah/Documents/TNN/TNN/Research/R33_NATIVE_N17_R27_CONTINUITY/FINAL_B_20260915_1409/N17_REFRESH/logs/nested_member_2_132.exit	2	9a271f2a916b0b6ee6cecb2426f0b3206ef074578be55d9bc94f6f3fe3ab86aa
FILE	/Users/Shared/micah/Documents/TNN/TNN/Research/R33_NATIVE_N17_R27_CONTINUITY/FINAL_B_20260915_1409/N17_REFRESH/logs/expanded_4_28.argv	142	f8d483c3342a1e59433f538c21923a72c4ab7634c916bf9daf229858764702ec
FILE	/Users/Shared/micah/Documents/TNN/TNN/Research/R33_NATIVE_N17_R27_CONTINUITY/FINAL_B_20260915_1409/N17_REFRESH/logs/candidates_expanded_final.exit	2	9a271f2a916b0b6ee6cecb2426f0b3206ef074578be55d9bc94f6f3fe3ab86aa
FILE	/Users/Shared/micah/Documents/TNN/TNN/Research/R33_NATIVE_N17_R27_CONTINUITY/FINAL_B_20260915_1409/N17_REFRESH/logs/build_r26.stdout	226	b753d718aceca0f582b1367e09713331ac32052673eaef3b058fc6218863dda2
FILE	/Users/Shared/micah/Documents/TNN/TNN/Research/R33_NATIVE_N17_R27_CONTINUITY/FINAL_B_20260915_1409/N17_REFRESH/logs/build_constant_probe.argv	377	a7041b92a33cb4b3f88d5df7bc3d2e6f14719f8e8f649b984114733fc3e99af3
FILE	/Users/Shared/micah/Documents/TNN/TNN/Research/R33_NATIVE_N17_R27_CONTINUITY/FINAL_B_20260915_1409/N17_REFRESH/logs/expanded_40_28.stderr	0	e3b0c44298fc1c149afbf4c8996fb92427ae41e4649b934ca495991b7852b855
FILE	/Users/Shared/micah/Documents/TNN/TNN/Research/R33_NATIVE_N17_R27_CONTINUITY/FINAL_B_20260915_1409/N17_REFRESH/logs/expanded_54_39.argv	149	c4b03adac7d35069b720183ed2da9cd5c0e63c9430854425812780cf311f1e33
FILE	/Users/Shared/micah/Documents/TNN/TNN/Research/R33_NATIVE_N17_R27_CONTINUITY/FINAL_B_20260915_1409/N17_REFRESH/logs/archive_79.stdout	42388	e8525302df174ce417910f7a29e9faae39429e3e99ff32a805fe0dee1dbd9dc8
FILE	/Users/Shared/micah/Documents/TNN/TNN/Research/R33_NATIVE_N17_R27_CONTINUITY/FINAL_B_20260915_1409/N17_REFRESH/logs/expanded_31_28.exit	2	9a271f2a916b0b6ee6cecb2426f0b3206ef074578be55d9bc94f6f3fe3ab86aa
FILE	/Users/Shared/micah/Documents/TNN/TNN/Research/R33_NATIVE_N17_R27_CONTINUITY/FINAL_B_20260915_1409/N17_REFRESH/logs/nested_member_1_119.stdout	49683	2c4e872f72df06d2c24488bc257dc0c299c41da3c42f2d8fac0a87953203f9a3
FILE	/Users/Shared/micah/Documents/TNN/TNN/Research/R33_NATIVE_N17_R27_CONTINUITY/FINAL_B_20260915_1409/N17_REFRESH/logs/rows.argv	120	ad7ecc853cd1bf48e74e0a8ff2f16005bd1ec95136e06b021ff184ea0943ebf6
FILE	/Users/Shared/micah/Documents/TNN/TNN/Research/R33_NATIVE_N17_R27_CONTINUITY/FINAL_B_20260915_1409/N17_REFRESH/logs/nested_member_2_536.argv	196	e22aac9319199ee3e69735587ae1de4e58f5a33d198f4790728e0d5b31a48458
FILE	/Users/Shared/micah/Documents/TNN/TNN/Research/R33_NATIVE_N17_R27_CONTINUITY/FINAL_B_20260915_1409/N17_REFRESH/logs/build_pinmatch.exit	2	9a271f2a916b0b6ee6cecb2426f0b3206ef074578be55d9bc94f6f3fe3ab86aa
FILE	/Users/Shared/micah/Documents/TNN/TNN/Research/R33_NATIVE_N17_R27_CONTINUITY/FINAL_B_20260915_1409/N17_REFRESH/logs/expanded_52_128.stderr	0	e3b0c44298fc1c149afbf4c8996fb92427ae41e4649b934ca495991b7852b855
FILE	/Users/Shared/micah/Documents/TNN/TNN/Research/R33_NATIVE_N17_R27_CONTINUITY/FINAL_B_20260915_1409/N17_REFRESH/logs/expanded_9_72.exit	2	9a271f2a916b0b6ee6cecb2426f0b3206ef074578be55d9bc94f6f3fe3ab86aa
FILE	/Users/Shared/micah/Documents/TNN/TNN/Research/R33_NATIVE_N17_R27_CONTINUITY/FINAL_B_20260915_1409/N17_REFRESH/logs/expanded_44_608.exit	2	9a271f2a916b0b6ee6cecb2426f0b3206ef074578be55d9bc94f6f3fe3ab86aa
FILE	/Users/Shared/micah/Documents/TNN/TNN/Research/R33_NATIVE_N17_R27_CONTINUITY/FINAL_B_20260915_1409/N17_REFRESH/logs/expanded_30_51.argv	160	3da304482e63e9a1a3091a83cc6e0dd073cc1b697c3f126f723237bcef42eda9
FILE	/Users/Shared/micah/Documents/TNN/TNN/Research/R33_NATIVE_N17_R27_CONTINUITY/FINAL_B_20260915_1409/N17_REFRESH/logs/expanded_17_248.exit	2	9a271f2a916b0b6ee6cecb2426f0b3206ef074578be55d9bc94f6f3fe3ab86aa
FILE	/Users/Shared/micah/Documents/TNN/TNN/Research/R33_NATIVE_N17_R27_CONTINUITY/FINAL_B_20260915_1409/N17_REFRESH/logs/nested_member_3_121.stderr	0	e3b0c44298fc1c149afbf4c8996fb92427ae41e4649b934ca495991b7852b855
FILE	/Users/Shared/micah/Documents/TNN/TNN/Research/R33_NATIVE_N17_R27_CONTINUITY/FINAL_B_20260915_1409/N17_REFRESH/logs/expanded_4_30.stderr	0	e3b0c44298fc1c149afbf4c8996fb92427ae41e4649b934ca495991b7852b855
FILE	/Users/Shared/micah/Documents/TNN/TNN/Research/R33_NATIVE_N17_R27_CONTINUITY/FINAL_B_20260915_1409/N17_REFRESH/logs/archive_26.exit	2	9a271f2a916b0b6ee6cecb2426f0b3206ef074578be55d9bc94f6f3fe3ab86aa
FILE	/Users/Shared/micah/Documents/TNN/TNN/Research/R33_NATIVE_N17_R27_CONTINUITY/FINAL_B_20260915_1409/N17_REFRESH/logs/memo.exit	2	9a271f2a916b0b6ee6cecb2426f0b3206ef074578be55d9bc94f6f3fe3ab86aa
FILE	/Users/Shared/micah/Documents/TNN/TNN/Research/R33_NATIVE_N17_R27_CONTINUITY/FINAL_B_20260915_1409/N17_REFRESH/logs/expanded_18_31.stderr	0	e3b0c44298fc1c149afbf4c8996fb92427ae41e4649b934ca495991b7852b855
FILE	/Users/Shared/micah/Documents/TNN/TNN/Research/R33_NATIVE_N17_R27_CONTINUITY/FINAL_B_20260915_1409/N17_REFRESH/logs/nested_member_8_537.stdout	2384	35afee20280381cfd6fbf7bdb059f1025b46cba156849f03cdffc32036e2d973
FILE	/Users/Shared/micah/Documents/TNN/TNN/Research/R33_NATIVE_N17_R27_CONTINUITY/FINAL_B_20260915_1409/N17_REFRESH/logs/expanded_44_628.stderr	0	e3b0c44298fc1c149afbf4c8996fb92427ae41e4649b934ca495991b7852b855
FILE	/Users/Shared/micah/Documents/TNN/TNN/Research/R33_NATIVE_N17_R27_CONTINUITY/FINAL_B_20260915_1409/N17_REFRESH/logs/project_r26.stderr	0	e3b0c44298fc1c149afbf4c8996fb92427ae41e4649b934ca495991b7852b855
FILE	/Users/Shared/micah/Documents/TNN/TNN/Research/R33_NATIVE_N17_R27_CONTINUITY/FINAL_B_20260915_1409/N17_REFRESH/logs/archive_72.argv	175	0432d913fa8d5b7dad5dd2d1fe3d567b7254ea37e1b2fd57c027929e28db5bab
FILE	/Users/Shared/micah/Documents/TNN/TNN/Research/R33_NATIVE_N17_R27_CONTINUITY/FINAL_B_20260915_1409/N17_REFRESH/logs/build_independent_admission_tests.stdout	250	71944a5e82300b09aec392d3ec229afd7bd5a9ecf7fd88a9ae63ae26934da25a
FILE	/Users/Shared/micah/Documents/TNN/TNN/Research/R33_NATIVE_N17_R27_CONTINUITY/FINAL_B_20260915_1409/N17_REFRESH/logs/archive_1.stderr	56	d020996efa8ef774f2a5b5df38bdab4a049eb9bb54bf82ec8618c616a66fe9e2
FILE	/Users/Shared/micah/Documents/TNN/TNN/Research/R33_NATIVE_N17_R27_CONTINUITY/FINAL_B_20260915_1409/N17_REFRESH/logs/expanded_55_34.stdout	3068	b207c0a4beb449972e9707ebee3f51a4ba28fe1694440f35d399371ec8dacb52
FILE	/Users/Shared/micah/Documents/TNN/TNN/Research/R33_NATIVE_N17_R27_CONTINUITY/FINAL_B_20260915_1409/N17_REFRESH/logs/r26_digest.exit	2	9a271f2a916b0b6ee6cecb2426f0b3206ef074578be55d9bc94f6f3fe3ab86aa
FILE	/Users/Shared/micah/Documents/TNN/TNN/Research/R33_NATIVE_N17_R27_CONTINUITY/FINAL_B_20260915_1409/N17_REFRESH/logs/archive_67.stdout	0	e3b0c44298fc1c149afbf4c8996fb92427ae41e4649b934ca495991b7852b855
FILE	/Users/Shared/micah/Documents/TNN/TNN/Research/R33_NATIVE_N17_R27_CONTINUITY/FINAL_B_20260915_1409/N17_REFRESH/logs/expanded_52_112.argv	131	bac05a68ff422b5a7feeac0481f9414768cc12c846bdda6df4779531e1cdb662
FILE	/Users/Shared/micah/Documents/TNN/TNN/Research/R33_NATIVE_N17_R27_CONTINUITY/FINAL_B_20260915_1409/N17_REFRESH/logs/expanded_47_51.stderr	0	e3b0c44298fc1c149afbf4c8996fb92427ae41e4649b934ca495991b7852b855
FILE	/Users/Shared/micah/Documents/TNN/TNN/Research/R33_NATIVE_N17_R27_CONTINUITY/FINAL_B_20260915_1409/N17_REFRESH/logs/project_structure.stdout	0	e3b0c44298fc1c149afbf4c8996fb92427ae41e4649b934ca495991b7852b855
FILE	/Users/Shared/micah/Documents/TNN/TNN/Research/R33_NATIVE_N17_R27_CONTINUITY/FINAL_B_20260915_1409/N17_REFRESH/logs/expanded_11_22.argv	143	70d150382562d34b9d27219abd90e1d9efa532eb8ab7433a4a2b66e95cc27b52
FILE	/Users/Shared/micah/Documents/TNN/TNN/Research/R33_NATIVE_N17_R27_CONTINUITY/FINAL_B_20260915_1409/N17_REFRESH/logs/supplement_protected.stderr	0	e3b0c44298fc1c149afbf4c8996fb92427ae41e4649b934ca495991b7852b855
FILE	/Users/Shared/micah/Documents/TNN/TNN/Research/R33_NATIVE_N17_R27_CONTINUITY/FINAL_B_20260915_1409/N17_REFRESH/logs/expanded_11_24.stdout	4541	2cc415225bb71a6fc95aeaa467e3eb8fecc542c0e419deeca5b2e44a57b2de11
FILE	/Users/Shared/micah/Documents/TNN/TNN/Research/R33_NATIVE_N17_R27_CONTINUITY/FINAL_B_20260915_1409/N17_REFRESH/logs/archive_71.exit	2	4355a46b19d348dc2f57c046f8ef63d4538ebb936000f3c9ee954a27460dd865
FILE	/Users/Shared/micah/Documents/TNN/TNN/Research/R33_NATIVE_N17_R27_CONTINUITY/FINAL_B_20260915_1409/N17_REFRESH/logs/expanded_38_634.stdout	1832	1446020882d0bf271655fb205f335fe97aa1c84de7c3c0eaf071388410686e4b
FILE	/Users/Shared/micah/Documents/TNN/TNN/Research/R33_NATIVE_N17_R27_CONTINUITY/FINAL_B_20260915_1409/N17_REFRESH/logs/expanded_44_636.stderr	0	e3b0c44298fc1c149afbf4c8996fb92427ae41e4649b934ca495991b7852b855
FILE	/Users/Shared/micah/Documents/TNN/TNN/Research/R33_NATIVE_N17_R27_CONTINUITY/FINAL_B_20260915_1409/N17_REFRESH/logs/member_19_1.stdout	827112	2dc87e0fcd52f9c38f6addbbb1c86c7fa8df1f1e2d02fc880ef28f514db33d09
FILE	/Users/Shared/micah/Documents/TNN/TNN/Research/R33_NATIVE_N17_R27_CONTINUITY/FINAL_B_20260915_1409/N17_REFRESH/logs/nested_list_4.stderr	0	e3b0c44298fc1c149afbf4c8996fb92427ae41e4649b934ca495991b7852b855
FILE	/Users/Shared/micah/Documents/TNN/TNN/Research/R33_NATIVE_N17_R27_CONTINUITY/FINAL_B_20260915_1409/N17_REFRESH/logs/member_18_1.stdout	6000	9d50035d837e835d0ebe486018b603c8f0f73d1a650a3a8e27f3494253becb84
FILE	/Users/Shared/micah/Documents/TNN/TNN/Research/R33_NATIVE_N17_R27_CONTINUITY/FINAL_B_20260915_1409/N17_REFRESH/logs/expanded_17_212.stderr	0	e3b0c44298fc1c149afbf4c8996fb92427ae41e4649b934ca495991b7852b855
FILE	/Users/Shared/micah/Documents/TNN/TNN/Research/R33_NATIVE_N17_R27_CONTINUITY/FINAL_B_20260915_1409/N17_REFRESH/logs/policy_missing.stdout	19	3710e2707447f86f1bfc5cee3338a1308c8e61cb13c592c1c2bde41849716cf7
FILE	/Users/Shared/micah/Documents/TNN/TNN/Research/R33_NATIVE_N17_R27_CONTINUITY/FINAL_B_20260915_1409/N17_REFRESH/logs/expanded_9_73.stdout	2135	c8647fdc29d59802442ef53297680adc542cb7928b5e96f9ca47483af8cf52d7
FILE	/Users/Shared/micah/Documents/TNN/TNN/Research/R33_NATIVE_N17_R27_CONTINUITY/FINAL_B_20260915_1409/N17_REFRESH/logs/archive_25.argv	103	cb719b20360b0a352e3bf0ba2b4cbe69325ac11dacab904d0f025785f5d64fa8
FILE	/Users/Shared/micah/Documents/TNN/TNN/Research/R33_NATIVE_N17_R27_CONTINUITY/FINAL_B_20260915_1409/N17_REFRESH/logs/expanded_46_122.stdout	14657	2c1fc7464f806473e998722d76913ac679468374616398f4502653d0654e426f
FILE	/Users/Shared/micah/Documents/TNN/TNN/Research/R33_NATIVE_N17_R27_CONTINUITY/FINAL_B_20260915_1409/N17_REFRESH/logs/project_forbidden_selector_tests.exit	2	9a271f2a916b0b6ee6cecb2426f0b3206ef074578be55d9bc94f6f3fe3ab86aa
FILE	/Users/Shared/micah/Documents/TNN/TNN/Research/R33_NATIVE_N17_R27_CONTINUITY/FINAL_B_20260915_1409/N17_REFRESH/logs/member_47_0.exit	2	9a271f2a916b0b6ee6cecb2426f0b3206ef074578be55d9bc94f6f3fe3ab86aa
FILE	/Users/Shared/micah/Documents/TNN/TNN/Research/R33_NATIVE_N17_R27_CONTINUITY/FINAL_B_20260915_1409/N17_REFRESH/logs/expanded_33_23.stdout	15877	d63703dbec2a65ab1888df5ccb38382bb7afe237865ce271c217104482185199
FILE	/Users/Shared/micah/Documents/TNN/TNN/Research/R33_NATIVE_N17_R27_CONTINUITY/FINAL_B_20260915_1409/N17_REFRESH/logs/bounded_allocator_tests.stdout	106	f12e05f1eb56e24048cf75ad13cced799df68a5ea92379b403ef777e6a9c52ae
FILE	/Users/Shared/micah/Documents/TNN/TNN/Research/R33_NATIVE_N17_R27_CONTINUITY/FINAL_B_20260915_1409/N17_REFRESH/logs/git_blob_59932c410952553402ab2288ee91bebfd3093717.exit	2	9a271f2a916b0b6ee6cecb2426f0b3206ef074578be55d9bc94f6f3fe3ab86aa
FILE	/Users/Shared/micah/Documents/TNN/TNN/Research/R33_NATIVE_N17_R27_CONTINUITY/FINAL_B_20260915_1409/N17_REFRESH/logs/nested_member_1_117.exit	2	9a271f2a916b0b6ee6cecb2426f0b3206ef074578be55d9bc94f6f3fe3ab86aa
FILE	/Users/Shared/micah/Documents/TNN/TNN/Research/R33_NATIVE_N17_R27_CONTINUITY/FINAL_B_20260915_1409/N17_REFRESH/logs/expanded_17_247.stderr	0	e3b0c44298fc1c149afbf4c8996fb92427ae41e4649b934ca495991b7852b855
FILE	/Users/Shared/micah/Documents/TNN/TNN/Research/R33_NATIVE_N17_R27_CONTINUITY/FINAL_B_20260915_1409/N17_REFRESH/logs/expanded_19_208.argv	126	d72d1a11280cc25ba54b256dfb9e9acdcadd815eb2b9e839e4ac0390444594f6
FILE	/Users/Shared/micah/Documents/TNN/TNN/Research/R33_NATIVE_N17_R27_CONTINUITY/FINAL_B_20260915_1409/N17_REFRESH/logs/expanded_19_7.exit	2	9a271f2a916b0b6ee6cecb2426f0b3206ef074578be55d9bc94f6f3fe3ab86aa
FILE	/Users/Shared/micah/Documents/TNN/TNN/Research/R33_NATIVE_N17_R27_CONTINUITY/FINAL_B_20260915_1409/N17_REFRESH/logs/build_primitives.argv	369	a780c40fc61b02aeeb37375359075b9e8de730aca9bdd79755fe6d4d0da02144
FILE	/Users/Shared/micah/Documents/TNN/TNN/Research/R33_NATIVE_N17_R27_CONTINUITY/FINAL_B_20260915_1409/N17_REFRESH/logs/expanded_75_59.stderr	0	e3b0c44298fc1c149afbf4c8996fb92427ae41e4649b934ca495991b7852b855
FILE	/Users/Shared/micah/Documents/TNN/TNN/Research/R33_NATIVE_N17_R27_CONTINUITY/FINAL_B_20260915_1409/N17_REFRESH/logs/nested_member_7_84.exit	2	9a271f2a916b0b6ee6cecb2426f0b3206ef074578be55d9bc94f6f3fe3ab86aa
FILE	/Users/Shared/micah/Documents/TNN/TNN/Research/R33_NATIVE_N17_R27_CONTINUITY/FINAL_B_20260915_1409/N17_REFRESH/logs/nested_member_3_52.stdout	2357	e11ae7a1cf6efc135edbb1ff8cab49bca5ecbae576abbadba49cfdf5a6fa302f
FILE	/Users/Shared/micah/Documents/TNN/TNN/Research/R33_NATIVE_N17_R27_CONTINUITY/FINAL_B_20260915_1409/N17_REFRESH/logs/nested_member_7_538.argv	202	be5550656b88f8163a61a7297df80273e2a8d2eb6364c1209b6cd3e02ac849f8
FILE	/Users/Shared/micah/Documents/TNN/TNN/Research/R33_NATIVE_N17_R27_CONTINUITY/FINAL_B_20260915_1409/N17_REFRESH/logs/expanded_5_92.exit	2	9a271f2a916b0b6ee6cecb2426f0b3206ef074578be55d9bc94f6f3fe3ab86aa
FILE	/Users/Shared/micah/Documents/TNN/TNN/Research/R33_NATIVE_N17_R27_CONTINUITY/FINAL_B_20260915_1409/N17_REFRESH/logs/expanded_38_612.exit	2	9a271f2a916b0b6ee6cecb2426f0b3206ef074578be55d9bc94f6f3fe3ab86aa
FILE	/Users/Shared/micah/Documents/TNN/TNN/Research/R33_NATIVE_N17_R27_CONTINUITY/FINAL_B_20260915_1409/N17_REFRESH/logs/archive_90.stderr	0	e3b0c44298fc1c149afbf4c8996fb92427ae41e4649b934ca495991b7852b855
FILE	/Users/Shared/micah/Documents/TNN/TNN/Research/R33_NATIVE_N17_R27_CONTINUITY/FINAL_B_20260915_1409/N17_REFRESH/logs/expanded_19_209.stderr	0	e3b0c44298fc1c149afbf4c8996fb92427ae41e4649b934ca495991b7852b855
FILE	/Users/Shared/micah/Documents/TNN/TNN/Research/R33_NATIVE_N17_R27_CONTINUITY/FINAL_B_20260915_1409/N17_REFRESH/logs/archive_9.argv	84	71103309df2919d0e882693257848f0ae59c9c4264f672820af1c0a9ea6c923f
FILE	/Users/Shared/micah/Documents/TNN/TNN/Research/R33_NATIVE_N17_R27_CONTINUITY/FINAL_B_20260915_1409/N17_REFRESH/logs/nested_member_6_538.argv	205	669102afd400ced413e8ea25ad9687ed82a6badc393594e3e9e836d7fb24ce8f
FILE	/Users/Shared/micah/Documents/TNN/TNN/Research/R33_NATIVE_N17_R27_CONTINUITY/FINAL_B_20260915_1409/N17_REFRESH/logs/archive_32.stdout	55	6b9cb2d86f32c243a7510d65fb11f19bb3d348ca6c6f5c1199cad14b2aa60cf7
FILE	/Users/Shared/micah/Documents/TNN/TNN/Research/R33_NATIVE_N17_R27_CONTINUITY/FINAL_B_20260915_1409/N17_REFRESH/logs/nested_member_6_532.stdout	2605	6366bb1a2f9e2e71e8010ccea5b464e95dc0eaeb5d7b9681cd209a41314b830e
FILE	/Users/Shared/micah/Documents/TNN/TNN/Research/R33_NATIVE_N17_R27_CONTINUITY/FINAL_B_20260915_1409/N17_REFRESH/logs/large_archive_1.stdout	110	37eac075baed519b999fe11c814af7332e0643de25c0aeb1dda418c6d1a96cda
FILE	/Users/Shared/micah/Documents/TNN/TNN/Research/R33_NATIVE_N17_R27_CONTINUITY/FINAL_B_20260915_1409/N17_REFRESH/logs/expanded_38_646.argv	169	ae71b964a7099e14b6e6e4a0d8dd638aae05b842c099d011fccbfd1b7004fb41
FILE	/Users/Shared/micah/Documents/TNN/TNN/Research/R33_NATIVE_N17_R27_CONTINUITY/FINAL_B_20260915_1409/N17_REFRESH/logs/nested_member_3_117.stderr	0	e3b0c44298fc1c149afbf4c8996fb92427ae41e4649b934ca495991b7852b855
FILE	/Users/Shared/micah/Documents/TNN/TNN/Research/R33_NATIVE_N17_R27_CONTINUITY/FINAL_B_20260915_1409/N17_REFRESH/logs/expanded_47_51.exit	2	9a271f2a916b0b6ee6cecb2426f0b3206ef074578be55d9bc94f6f3fe3ab86aa
FILE	/Users/Shared/micah/Documents/TNN/TNN/Research/R33_NATIVE_N17_R27_CONTINUITY/FINAL_B_20260915_1409/N17_REFRESH/logs/git_blob_scan.stderr	0	e3b0c44298fc1c149afbf4c8996fb92427ae41e4649b934ca495991b7852b855
FILE	/Users/Shared/micah/Documents/TNN/TNN/Research/R33_NATIVE_N17_R27_CONTINUITY/FINAL_B_20260915_1409/N17_REFRESH/logs/expanded_54_42.argv	153	6eab6fad1bd6615e6394d2bc96bd79065379a41bac7ede7c243616c072d82cd7
FILE	/Users/Shared/micah/Documents/TNN/TNN/Research/R33_NATIVE_N17_R27_CONTINUITY/FINAL_B_20260915_1409/N17_REFRESH/logs/supplement_canonical.stderr	0	e3b0c44298fc1c149afbf4c8996fb92427ae41e4649b934ca495991b7852b855
FILE	/Users/Shared/micah/Documents/TNN/TNN/Research/R33_NATIVE_N17_R27_CONTINUITY/FINAL_B_20260915_1409/N17_REFRESH/logs/expanded_18_64.stderr	0	e3b0c44298fc1c149afbf4c8996fb92427ae41e4649b934ca495991b7852b855
FILE	/Users/Shared/micah/Documents/TNN/TNN/Research/R33_NATIVE_N17_R27_CONTINUITY/FINAL_B_20260915_1409/N17_REFRESH/logs/expanded_46_103.exit	2	9a271f2a916b0b6ee6cecb2426f0b3206ef074578be55d9bc94f6f3fe3ab86aa
FILE	/Users/Shared/micah/Documents/TNN/TNN/Research/R33_NATIVE_N17_R27_CONTINUITY/FINAL_B_20260915_1409/N17_REFRESH/logs/archive_51.stdout	134	37b491a117dd9248f04fe7efeefd98e9fc6a8695311cd2a9fc90137106ff3399
FILE	/Users/Shared/micah/Documents/TNN/TNN/Research/R33_NATIVE_N17_R27_CONTINUITY/FINAL_B_20260915_1409/N17_REFRESH/logs/nested_member_4_532.exit	2	9a271f2a916b0b6ee6cecb2426f0b3206ef074578be55d9bc94f6f3fe3ab86aa
FILE	/Users/Shared/micah/Documents/TNN/TNN/Research/R33_NATIVE_N17_R27_CONTINUITY/FINAL_B_20260915_1409/N17_REFRESH/logs/expanded_10_23.argv	176	6b151e2e0462e42b575f1d56d16e6ad3fc7d9a84c5d27874f59a42e84310a5ae
FILE	/Users/Shared/micah/Documents/TNN/TNN/Research/R33_NATIVE_N17_R27_CONTINUITY/FINAL_B_20260915_1409/N17_REFRESH/logs/expanded_38_645.exit	2	9a271f2a916b0b6ee6cecb2426f0b3206ef074578be55d9bc94f6f3fe3ab86aa
FILE	/Users/Shared/micah/Documents/TNN/TNN/Research/R33_NATIVE_N17_R27_CONTINUITY/FINAL_B_20260915_1409/N17_REFRESH/logs/nested_member_5_532.exit	2	9a271f2a916b0b6ee6cecb2426f0b3206ef074578be55d9bc94f6f3fe3ab86aa
FILE	/Users/Shared/micah/Documents/TNN/TNN/Research/R33_NATIVE_N17_R27_CONTINUITY/FINAL_B_20260915_1409/N17_REFRESH/logs/nested_member_2_417.stdout	54852	ce48ccc8bacfc9e3f211428c7e4a42055370515f4f8469c6256ca82a6acb84b8
FILE	/Users/Shared/micah/Documents/TNN/TNN/Research/R33_NATIVE_N17_R27_CONTINUITY/FINAL_B_20260915_1409/N17_REFRESH/logs/nested_member_3_109.stderr	0	e3b0c44298fc1c149afbf4c8996fb92427ae41e4649b934ca495991b7852b855
FILE	/Users/Shared/micah/Documents/TNN/TNN/Research/R33_NATIVE_N17_R27_CONTINUITY/FINAL_B_20260915_1409/N17_REFRESH/logs/nested_member_7_132.stderr	0	e3b0c44298fc1c149afbf4c8996fb92427ae41e4649b934ca495991b7852b855
FILE	/Users/Shared/micah/Documents/TNN/TNN/Research/R33_NATIVE_N17_R27_CONTINUITY/FINAL_B_20260915_1409/N17_REFRESH/logs/expanded_44_762.argv	164	152adc751b068e82311074ca521ab91e5b5a857fd2e188bd1524ff7f4d92a730
FILE	/Users/Shared/micah/Documents/TNN/TNN/Research/R33_NATIVE_N17_R27_CONTINUITY/FINAL_B_20260915_1409/N17_REFRESH/logs/nested_member_4_136.argv	213	fd9907c93f3ea0f6c4460ea255e552162d43ca4ef20c6c8fa1c327fba182a601
FILE	/Users/Shared/micah/Documents/TNN/TNN/Research/R33_NATIVE_N17_R27_CONTINUITY/FINAL_B_20260915_1409/N17_REFRESH/logs/expanded_19_217.stderr	0	e3b0c44298fc1c149afbf4c8996fb92427ae41e4649b934ca495991b7852b855
FILE	/Users/Shared/micah/Documents/TNN/TNN/Research/R33_NATIVE_N17_R27_CONTINUITY/FINAL_B_20260915_1409/N17_REFRESH/logs/nested_member_5_136.argv	215	eded9c4a5e066500698a5102a46c54986adf8c9f2f198790053eae0284a618e9
FILE	/Users/Shared/micah/Documents/TNN/TNN/Research/R33_NATIVE_N17_R27_CONTINUITY/FINAL_B_20260915_1409/N17_REFRESH/logs/expanded_38_611.argv	172	24e225fd14a6f25f492519f273e5cad7775a74cd831a5c51475dd0a319cda285
FILE	/Users/Shared/micah/Documents/TNN/TNN/Research/R33_NATIVE_N17_R27_CONTINUITY/FINAL_B_20260915_1409/N17_REFRESH/logs/expanded_5_91.argv	134	071facf53bae74016b1a2eac2cf2de5e44644199df3026abcb29d25c8600979c
FILE	/Users/Shared/micah/Documents/TNN/TNN/Research/R33_NATIVE_N17_R27_CONTINUITY/FINAL_B_20260915_1409/N17_REFRESH/logs/nested_member_3_40.stdout	2480	c218427b40fa41bf785acefccf222f1670e59980be4a63471f07b807cb5ec3b8
FILE	/Users/Shared/micah/Documents/TNN/TNN/Research/R33_NATIVE_N17_R27_CONTINUITY/FINAL_B_20260915_1409/N17_REFRESH/logs/expanded_46_115.exit	2	9a271f2a916b0b6ee6cecb2426f0b3206ef074578be55d9bc94f6f3fe3ab86aa
FILE	/Users/Shared/micah/Documents/TNN/TNN/Research/R33_NATIVE_N17_R27_CONTINUITY/FINAL_B_20260915_1409/N17_REFRESH/logs/member_52_2.exit	2	9a271f2a916b0b6ee6cecb2426f0b3206ef074578be55d9bc94f6f3fe3ab86aa
FILE	/Users/Shared/micah/Documents/TNN/TNN/Research/R33_NATIVE_N17_R27_CONTINUITY/FINAL_B_20260915_1409/N17_REFRESH/logs/member_17_0.argv	136	16018bacc11556d36e0bdf7258c8341a88f3ddea834163214a3893cefce6361b
FILE	/Users/Shared/micah/Documents/TNN/TNN/Research/R33_NATIVE_N17_R27_CONTINUITY/FINAL_B_20260915_1409/N17_REFRESH/logs/nested_member_5_213.stderr	0	e3b0c44298fc1c149afbf4c8996fb92427ae41e4649b934ca495991b7852b855
FILE	/Users/Shared/micah/Documents/TNN/TNN/Research/R33_NATIVE_N17_R27_CONTINUITY/FINAL_B_20260915_1409/N17_REFRESH/logs/build_classifier.argv	369	5006ef4797d235e965a927046fec670a98fd0a460db74bbfb6e0629b6d7a502a
FILE	/Users/Shared/micah/Documents/TNN/TNN/Research/R33_NATIVE_N17_R27_CONTINUITY/FINAL_B_20260915_1409/N17_REFRESH/logs/expanded_52_128.argv	141	76c24b61fa053050f010e770b6e473c94bab743629e470b82d26279b7aad8800
FILE	/Users/Shared/micah/Documents/TNN/TNN/Research/R33_NATIVE_N17_R27_CONTINUITY/FINAL_B_20260915_1409/N17_REFRESH/logs/archive_20.stdout	6	6e0ea0a5d589f4a728a88cc06161f4ec70b6beb4daaff61f67c01c39628b0090
FILE	/Users/Shared/micah/Documents/TNN/TNN/Research/R33_NATIVE_N17_R27_CONTINUITY/FINAL_B_20260915_1409/N17_REFRESH/logs/expanded_31_26.stderr	0	e3b0c44298fc1c149afbf4c8996fb92427ae41e4649b934ca495991b7852b855
FILE	/Users/Shared/micah/Documents/TNN/TNN/Research/R33_NATIVE_N17_R27_CONTINUITY/FINAL_B_20260915_1409/N17_REFRESH/logs/expanded_38_653.exit	2	9a271f2a916b0b6ee6cecb2426f0b3206ef074578be55d9bc94f6f3fe3ab86aa
FILE	/Users/Shared/micah/Documents/TNN/TNN/Research/R33_NATIVE_N17_R27_CONTINUITY/FINAL_B_20260915_1409/N17_REFRESH/logs/expanded_44_631.argv	178	2c8cad39e79bbb6af1143ef5b8de2a0f34adda2fa39f6292619d3e5217b56877
FILE	/Users/Shared/micah/Documents/TNN/TNN/Research/R33_NATIVE_N17_R27_CONTINUITY/FINAL_B_20260915_1409/N17_REFRESH/logs/archive_82.stderr	0	e3b0c44298fc1c149afbf4c8996fb92427ae41e4649b934ca495991b7852b855
FILE	/Users/Shared/micah/Documents/TNN/TNN/Research/R33_NATIVE_N17_R27_CONTINUITY/FINAL_B_20260915_1409/N17_REFRESH/logs/expanded_5_87.argv	135	bc23179b75cc2bf4dc79935edd1bbe21602dd096d1bfe665ac4046bc0744eccc
FILE	/Users/Shared/micah/Documents/TNN/TNN/Research/R33_NATIVE_N17_R27_CONTINUITY/FINAL_B_20260915_1409/N17_REFRESH/logs/member_38_2.argv	170	64d823a825bb4fe6afabfa2c52afe9ad6f03caff9083bbdd1d1e6429871e770d
FILE	/Users/Shared/micah/Documents/TNN/TNN/Research/R33_NATIVE_N17_R27_CONTINUITY/FINAL_B_20260915_1409/N17_REFRESH/logs/expanded_38_607.argv	159	fa05158a8b471eeec31d07ffcf2fafb83ea9eb69930d89a091173b4eb64b9049
FILE	/Users/Shared/micah/Documents/TNN/TNN/Research/R33_NATIVE_N17_R27_CONTINUITY/FINAL_B_20260915_1409/N17_REFRESH/logs/expanded_46_118.stdout	42833	40e24989bb017dd0bde677d5256357f320aa61a65226a4bc961b8e6f8731d908
FILE	/Users/Shared/micah/Documents/TNN/TNN/Research/R33_NATIVE_N17_R27_CONTINUITY/FINAL_B_20260915_1409/N17_REFRESH/logs/complete_pinmatch.stderr	0	e3b0c44298fc1c149afbf4c8996fb92427ae41e4649b934ca495991b7852b855
FILE	/Users/Shared/micah/Documents/TNN/TNN/Research/R33_NATIVE_N17_R27_CONTINUITY/FINAL_B_20260915_1409/N17_REFRESH/logs/nested_member_4_142.stdout	222	4dcd659522c5c325537986cb529e35ca3105f74a380268d345308afd8f827025
FILE	/Users/Shared/micah/Documents/TNN/TNN/Research/R33_NATIVE_N17_R27_CONTINUITY/FINAL_B_20260915_1409/N17_REFRESH/logs/expanded_75_55.stderr	0	e3b0c44298fc1c149afbf4c8996fb92427ae41e4649b934ca495991b7852b855
FILE	/Users/Shared/micah/Documents/TNN/TNN/Research/R33_NATIVE_N17_R27_CONTINUITY/FINAL_B_20260915_1409/N17_REFRESH/logs/member_52_1.argv	150	76eba7fb3fba7e5bc6333a97ac4a26e6cd88bab2b4dc7eb2afb82bbb0766a8cf
FILE	/Users/Shared/micah/Documents/TNN/TNN/Research/R33_NATIVE_N17_R27_CONTINUITY/FINAL_B_20260915_1409/N17_REFRESH/logs/member_44_0.stdout	91858	599861a0fb86238b140dfb43c3f7274f38e6b192ff091a236ea2720fb59e77a8
FILE	/Users/Shared/micah/Documents/TNN/TNN/Research/R33_NATIVE_N17_R27_CONTINUITY/FINAL_B_20260915_1409/N17_REFRESH/logs/member_17_3.exit	2	9a271f2a916b0b6ee6cecb2426f0b3206ef074578be55d9bc94f6f3fe3ab86aa
FILE	/Users/Shared/micah/Documents/TNN/TNN/Research/R33_NATIVE_N17_R27_CONTINUITY/FINAL_B_20260915_1409/N17_REFRESH/logs/expanded_74_26.stdout	5209	02186deb48509f62b67eb8bca6ecd5a2a16af177a99f4e83e327cdddc3267714
FILE	/Users/Shared/micah/Documents/TNN/TNN/Research/R33_NATIVE_N17_R27_CONTINUITY/FINAL_B_20260915_1409/N17_REFRESH/logs/expanded_46_116.argv	137	860c8df274df67e557ca1a4d6fa067446cf67cc8608400db11c3404ffcef19b1
FILE	/Users/Shared/micah/Documents/TNN/TNN/Research/R33_NATIVE_N17_R27_CONTINUITY/FINAL_B_20260915_1409/N17_REFRESH/logs/nested_list_3.exit	2	9a271f2a916b0b6ee6cecb2426f0b3206ef074578be55d9bc94f6f3fe3ab86aa
FILE	/Users/Shared/micah/Documents/TNN/TNN/Research/R33_NATIVE_N17_R27_CONTINUITY/FINAL_B_20260915_1409/N17_REFRESH/logs/nested_member_1_57.argv	222	b8d60c3513f78ca71dbb860075eb01ae6e29c52b29304ffe1f8d952ca8a0d6dc
FILE	/Users/Shared/micah/Documents/TNN/TNN/Research/R33_NATIVE_N17_R27_CONTINUITY/FINAL_B_20260915_1409/N17_REFRESH/logs/nested_member_1_123.stdout	49396	202cff2b26a2c260924b35dc4280aa6b185f9b8dd153ab5a467c721cc7ae0253
FILE	/Users/Shared/micah/Documents/TNN/TNN/Research/R33_NATIVE_N17_R27_CONTINUITY/FINAL_B_20260915_1409/N17_REFRESH/logs/archive_43.stdout	4675	7449902e07fcde7fb17cec0d912e0b4aa01c33920ec841e7b8e0854f4b481745
FILE	/Users/Shared/micah/Documents/TNN/TNN/Research/R33_NATIVE_N17_R27_CONTINUITY/FINAL_B_20260915_1409/N17_REFRESH/logs/git_blob_94c05d3600c963105cea51090bd72db4ad40ec81.exit	2	9a271f2a916b0b6ee6cecb2426f0b3206ef074578be55d9bc94f6f3fe3ab86aa
FILE	/Users/Shared/micah/Documents/TNN/TNN/Research/R33_NATIVE_N17_R27_CONTINUITY/FINAL_B_20260915_1409/N17_REFRESH/logs/member_74_0.argv	111	f6a9dbd77a01c3ac31ffe81febb2abcf8b41b5ffb0e3f2b7eb34b362fc3aa504
FILE	/Users/Shared/micah/Documents/TNN/TNN/Research/R33_NATIVE_N17_R27_CONTINUITY/FINAL_B_20260915_1409/N17_REFRESH/logs/expanded_76_4.argv	123	1d6abe2c1f82fdabddfe1ae55b4138a8a2acf0272aa31d298de6836e995eaf6b
FILE	/Users/Shared/micah/Documents/TNN/TNN/Research/R33_NATIVE_N17_R27_CONTINUITY/FINAL_B_20260915_1409/N17_REFRESH/logs/reviewed.stderr	0	e3b0c44298fc1c149afbf4c8996fb92427ae41e4649b934ca495991b7852b855
FILE	/Users/Shared/micah/Documents/TNN/TNN/Research/R33_NATIVE_N17_R27_CONTINUITY/FINAL_B_20260915_1409/N17_REFRESH/logs/expanded_52_112.stderr	0	e3b0c44298fc1c149afbf4c8996fb92427ae41e4649b934ca495991b7852b855
FILE	/Users/Shared/micah/Documents/TNN/TNN/Research/R33_NATIVE_N17_R27_CONTINUITY/FINAL_B_20260915_1409/N17_REFRESH/logs/reviewed.exit	2	9a271f2a916b0b6ee6cecb2426f0b3206ef074578be55d9bc94f6f3fe3ab86aa
FILE	/Users/Shared/micah/Documents/TNN/TNN/Research/R33_NATIVE_N17_R27_CONTINUITY/FINAL_B_20260915_1409/N17_REFRESH/logs/expanded_75_73.exit	2	9a271f2a916b0b6ee6cecb2426f0b3206ef074578be55d9bc94f6f3fe3ab86aa
FILE	/Users/Shared/micah/Documents/TNN/TNN/Research/R33_NATIVE_N17_R27_CONTINUITY/FINAL_B_20260915_1409/N17_REFRESH/logs/member_38_1.exit	2	9a271f2a916b0b6ee6cecb2426f0b3206ef074578be55d9bc94f6f3fe3ab86aa
FILE	/Users/Shared/micah/Documents/TNN/TNN/Research/R33_NATIVE_N17_R27_CONTINUITY/FINAL_B_20260915_1409/N17_REFRESH/logs/expanded_38_604.exit	2	9a271f2a916b0b6ee6cecb2426f0b3206ef074578be55d9bc94f6f3fe3ab86aa
FILE	/Users/Shared/micah/Documents/TNN/TNN/Research/R33_NATIVE_N17_R27_CONTINUITY/FINAL_B_20260915_1409/N17_REFRESH/logs/archive_48.argv	93	747a35007bd7ceefb8d949a6528f061e582d551bf566f635f04126d269a579c2
FILE	/Users/Shared/micah/Documents/TNN/TNN/Research/R33_NATIVE_N17_R27_CONTINUITY/FINAL_B_20260915_1409/N17_REFRESH/logs/expanded_9_57.stdout	3059	a076a3dbc467732de4b25038f52d3e2d8f0dbc1b196e33ec3c56956e088e2de3
FILE	/Users/Shared/micah/Documents/TNN/TNN/Research/R33_NATIVE_N17_R27_CONTINUITY/FINAL_B_20260915_1409/N17_REFRESH/logs/nested_member_4_527.argv	190	25016c3bf819fb69c58b59d37804a58b07a34abb133d24e5cd112b9b4ce13b66
FILE	/Users/Shared/micah/Documents/TNN/TNN/Research/R33_NATIVE_N17_R27_CONTINUITY/FINAL_B_20260915_1409/N17_REFRESH/logs/expanded_17_7.stderr	0	e3b0c44298fc1c149afbf4c8996fb92427ae41e4649b934ca495991b7852b855
FILE	/Users/Shared/micah/Documents/TNN/TNN/Research/R33_NATIVE_N17_R27_CONTINUITY/FINAL_B_20260915_1409/N17_REFRESH/logs/expanded_38_610.stdout	584	e43866b46488d24d1d9ac548a6bfe7b72de470e83fba9c37337e642bc7ed40db
FILE	/Users/Shared/micah/Documents/TNN/TNN/Research/R33_NATIVE_N17_R27_CONTINUITY/FINAL_B_20260915_1409/N17_REFRESH/logs/expanded_44_612.stderr	0	e3b0c44298fc1c149afbf4c8996fb92427ae41e4649b934ca495991b7852b855
FILE	/Users/Shared/micah/Documents/TNN/TNN/Research/R33_NATIVE_N17_R27_CONTINUITY/FINAL_B_20260915_1409/N17_REFRESH/logs/expanded_44_632.exit	2	9a271f2a916b0b6ee6cecb2426f0b3206ef074578be55d9bc94f6f3fe3ab86aa
FILE	/Users/Shared/micah/Documents/TNN/TNN/Research/R33_NATIVE_N17_R27_CONTINUITY/FINAL_B_20260915_1409/N17_REFRESH/logs/project_memo.stdout	0	e3b0c44298fc1c149afbf4c8996fb92427ae41e4649b934ca495991b7852b855
FILE	/Users/Shared/micah/Documents/TNN/TNN/Research/R33_NATIVE_N17_R27_CONTINUITY/FINAL_B_20260915_1409/N17_REFRESH/logs/nested_member_5_527.argv	192	a8a51660433cef5eda33f6b03e496a2ffa54d96bf9815ac8ae0b81514615c48c
FILE	/Users/Shared/micah/Documents/TNN/TNN/Research/R33_NATIVE_N17_R27_CONTINUITY/FINAL_B_20260915_1409/N17_REFRESH/logs/expanded_19_205.stderr	0	e3b0c44298fc1c149afbf4c8996fb92427ae41e4649b934ca495991b7852b855
FILE	/Users/Shared/micah/Documents/TNN/TNN/Research/R33_NATIVE_N17_R27_CONTINUITY/FINAL_B_20260915_1409/N17_REFRESH/logs/expanded_44_667.argv	160	60cd497b1a92ee67942970ecce5fe966f871973936f1ff097ff6d5a156c2c3fb
FILE	/Users/Shared/micah/Documents/TNN/TNN/Research/R33_NATIVE_N17_R27_CONTINUITY/FINAL_B_20260915_1409/N17_REFRESH/logs/expanded_75_72.exit	2	9a271f2a916b0b6ee6cecb2426f0b3206ef074578be55d9bc94f6f3fe3ab86aa
FILE	/Users/Shared/micah/Documents/TNN/TNN/Research/R33_NATIVE_N17_R27_CONTINUITY/FINAL_B_20260915_1409/N17_REFRESH/logs/build_record_final.exit	2	4355a46b19d348dc2f57c046f8ef63d4538ebb936000f3c9ee954a27460dd865
FILE	/Users/Shared/micah/Documents/TNN/TNN/Research/R33_NATIVE_N17_R27_CONTINUITY/FINAL_B_20260915_1409/N17_REFRESH/logs/expanded_38_605.exit	2	9a271f2a916b0b6ee6cecb2426f0b3206ef074578be55d9bc94f6f3fe3ab86aa
FILE	/Users/Shared/micah/Documents/TNN/TNN/Research/R33_NATIVE_N17_R27_CONTINUITY/FINAL_B_20260915_1409/N17_REFRESH/logs/member_38_0.exit	2	9a271f2a916b0b6ee6cecb2426f0b3206ef074578be55d9bc94f6f3fe3ab86aa
FILE	/Users/Shared/micah/Documents/TNN/TNN/Research/R33_NATIVE_N17_R27_CONTINUITY/FINAL_B_20260915_1409/N17_REFRESH/logs/expanded_11_26.stdout	11121	bf9f57dc6367c91a27f83847fd7a2952cbad7a065c890baea4d583bea57e90c2
FILE	/Users/Shared/micah/Documents/TNN/TNN/Research/R33_NATIVE_N17_R27_CONTINUITY/FINAL_B_20260915_1409/N17_REFRESH/logs/archive_49.argv	90	8cd75359d68a185eadc8c8993d400b836d3f5a19174d15cee86aadd1ad2a27d4
FILE	/Users/Shared/micah/Documents/TNN/TNN/Research/R33_NATIVE_N17_R27_CONTINUITY/FINAL_B_20260915_1409/N17_REFRESH/logs/expanded_75_73.stderr	0	e3b0c44298fc1c149afbf4c8996fb92427ae41e4649b934ca495991b7852b855
FILE	/Users/Shared/micah/Documents/TNN/TNN/Research/R33_NATIVE_N17_R27_CONTINUITY/FINAL_B_20260915_1409/N17_REFRESH/logs/archive_3.stderr	0	e3b0c44298fc1c149afbf4c8996fb92427ae41e4649b934ca495991b7852b855
FILE	/Users/Shared/micah/Documents/TNN/TNN/Research/R33_NATIVE_N17_R27_CONTINUITY/FINAL_B_20260915_1409/N17_REFRESH/logs/expanded_54_45.stderr	0	e3b0c44298fc1c149afbf4c8996fb92427ae41e4649b934ca495991b7852b855
FILE	/Users/Shared/micah/Documents/TNN/TNN/Research/R33_NATIVE_N17_R27_CONTINUITY/FINAL_B_20260915_1409/N17_REFRESH/logs/expanded_44_633.exit	2	9a271f2a916b0b6ee6cecb2426f0b3206ef074578be55d9bc94f6f3fe3ab86aa
FILE	/Users/Shared/micah/Documents/TNN/TNN/Research/R33_NATIVE_N17_R27_CONTINUITY/FINAL_B_20260915_1409/N17_REFRESH/logs/archive_65.stdout	0	e3b0c44298fc1c149afbf4c8996fb92427ae41e4649b934ca495991b7852b855
FILE	/Users/Shared/micah/Documents/TNN/TNN/Research/R33_NATIVE_N17_R27_CONTINUITY/FINAL_B_20260915_1409/N17_REFRESH/logs/policy.exit	2	9a271f2a916b0b6ee6cecb2426f0b3206ef074578be55d9bc94f6f3fe3ab86aa
FILE	/Users/Shared/micah/Documents/TNN/TNN/Research/R33_NATIVE_N17_R27_CONTINUITY/FINAL_B_20260915_1409/N17_REFRESH/logs/expanded_10_28.stderr	0	e3b0c44298fc1c149afbf4c8996fb92427ae41e4649b934ca495991b7852b855
FILE	/Users/Shared/micah/Documents/TNN/TNN/Research/R33_NATIVE_N17_R27_CONTINUITY/FINAL_B_20260915_1409/N17_REFRESH/logs/expanded_46_120.stdout	14964	eb519220c408b3245fc03fe8fbd23d0ee1d261a32844220faf13fdb5d8ace54d
FILE	/Users/Shared/micah/Documents/TNN/TNN/Research/R33_NATIVE_N17_R27_CONTINUITY/FINAL_B_20260915_1409/N17_REFRESH/logs/member_17_2.exit	2	9a271f2a916b0b6ee6cecb2426f0b3206ef074578be55d9bc94f6f3fe3ab86aa
FILE	/Users/Shared/micah/Documents/TNN/TNN/Research/R33_NATIVE_N17_R27_CONTINUITY/FINAL_B_20260915_1409/N17_REFRESH/logs/member_52_0.argv	145	30fcaa5851bbf8f78998cb9496e46a2f0320c6fd6d7b59357ee1c52eba7fd330
FILE	/Users/Shared/micah/Documents/TNN/TNN/Research/R33_NATIVE_N17_R27_CONTINUITY/FINAL_B_20260915_1409/N17_REFRESH/logs/expanded_46_117.argv	146	4630bb9a7301f2d749e123511e9cb5502567fcf9a96a30c235525a0be8237f41
FILE	/Users/Shared/micah/Documents/TNN/TNN/Research/R33_NATIVE_N17_R27_CONTINUITY/FINAL_B_20260915_1409/N17_REFRESH/logs/nested_list_2.exit	2	9a271f2a916b0b6ee6cecb2426f0b3206ef074578be55d9bc94f6f3fe3ab86aa
FILE	/Users/Shared/micah/Documents/TNN/TNN/Research/R33_NATIVE_N17_R27_CONTINUITY/FINAL_B_20260915_1409/N17_REFRESH/logs/nested_member_7_213.stdout	3130	dad94b7b6a734511480e17a3a8f7535d732cc5f63889de29d179a7988badf42f
FILE	/Users/Shared/micah/Documents/TNN/TNN/Research/R33_NATIVE_N17_R27_CONTINUITY/FINAL_B_20260915_1409/N17_REFRESH/logs/member_19_3.stdout	3845	0a426ad025d652ae780a0ccb3d5437e4a807c660fe722ede8a434fb3009df579
FILE	/Users/Shared/micah/Documents/TNN/TNN/Research/R33_NATIVE_N17_R27_CONTINUITY/FINAL_B_20260915_1409/N17_REFRESH/logs/expanded_44_634.stderr	0	e3b0c44298fc1c149afbf4c8996fb92427ae41e4649b934ca495991b7852b855
FILE	/Users/Shared/micah/Documents/TNN/TNN/Research/R33_NATIVE_N17_R27_CONTINUITY/FINAL_B_20260915_1409/N17_REFRESH/logs/expanded_38_636.stdout	3737	30e214cdf953e3c85661a83b7ad02b907403efc35e55ba88d8cdc4fcecf2ba5b
FILE	/Users/Shared/micah/Documents/TNN/TNN/Research/R33_NATIVE_N17_R27_CONTINUITY/FINAL_B_20260915_1409/N17_REFRESH/logs/policy_missing_final.argv	265	02bd461a9a2c3576f5bffd5dc91ae7f5aedfbf190d7b3d5a5bde6c80e9f7a839
FILE	/Users/Shared/micah/Documents/TNN/TNN/Research/R33_NATIVE_N17_R27_CONTINUITY/FINAL_B_20260915_1409/N17_REFRESH/logs/expanded_45_11.stdout	7292	566a684461c6ddda4da2cb70e37427dd76e87bd16b00a0fb307dd1ac116cba67
FILE	/Users/Shared/micah/Documents/TNN/TNN/Research/R33_NATIVE_N17_R27_CONTINUITY/FINAL_B_20260915_1409/N17_REFRESH/logs/nested_member_3_109.exit	2	9a271f2a916b0b6ee6cecb2426f0b3206ef074578be55d9bc94f6f3fe3ab86aa
FILE	/Users/Shared/micah/Documents/TNN/TNN/Research/R33_NATIVE_N17_R27_CONTINUITY/FINAL_B_20260915_1409/N17_REFRESH/logs/nested_list_6.stderr	0	e3b0c44298fc1c149afbf4c8996fb92427ae41e4649b934ca495991b7852b855
FILE	/Users/Shared/micah/Documents/TNN/TNN/Research/R33_NATIVE_N17_R27_CONTINUITY/FINAL_B_20260915_1409/N17_REFRESH/logs/expanded_17_210.stderr	0	e3b0c44298fc1c149afbf4c8996fb92427ae41e4649b934ca495991b7852b855
FILE	/Users/Shared/micah/Documents/TNN/TNN/Research/R33_NATIVE_N17_R27_CONTINUITY/FINAL_B_20260915_1409/N17_REFRESH/logs/archive_18.stdout	3721	5e38bedec6bf3ebe39ee889af8a68c6f2f0365e528d2400597d23ac8ae82ad06
FILE	/Users/Shared/micah/Documents/TNN/TNN/Research/R33_NATIVE_N17_R27_CONTINUITY/FINAL_B_20260915_1409/N17_REFRESH/logs/expanded_44_630.argv	171	4eb21246cda9e8614d15bcc15c4018dddef19ede6d3d0469e9d0968791b28277
FILE	/Users/Shared/micah/Documents/TNN/TNN/Research/R33_NATIVE_N17_R27_CONTINUITY/FINAL_B_20260915_1409/N17_REFRESH/logs/expanded_47_45.argv	196	fdf0b7aa3f38bb42cdaec2152d75820155e1d6faeb0c20b6d6e20d52e716cb1f
FILE	/Users/Shared/micah/Documents/TNN/TNN/Research/R33_NATIVE_N17_R27_CONTINUITY/FINAL_B_20260915_1409/N17_REFRESH/logs/expanded_38_606.argv	175	155a5e5945f9c306b8cfc32475ee8070cb1b79ccad46842f349f91b145828393
FILE	/Users/Shared/micah/Documents/TNN/TNN/Research/R33_NATIVE_N17_R27_CONTINUITY/FINAL_B_20260915_1409/N17_REFRESH/logs/member_31_0.argv	114	6808f269b04488229c0fc08a1144d0672948a701cea46fb4622120725b1fddce
FILE	/Users/Shared/micah/Documents/TNN/TNN/Research/R33_NATIVE_N17_R27_CONTINUITY/FINAL_B_20260915_1409/N17_REFRESH/logs/project_constant_probe.argv	613	9d77c6f1e5132a3fda3a99c4beca415b287edd1a2c6270b25cb57e85977eebe9
FILE	/Users/Shared/micah/Documents/TNN/TNN/Research/R33_NATIVE_N17_R27_CONTINUITY/FINAL_B_20260915_1409/N17_REFRESH/logs/expanded_18_33.stderr	0	e3b0c44298fc1c149afbf4c8996fb92427ae41e4649b934ca495991b7852b855
FILE	/Users/Shared/micah/Documents/TNN/TNN/Research/R33_NATIVE_N17_R27_CONTINUITY/FINAL_B_20260915_1409/N17_REFRESH/logs/git_blob_scan.argv	21	7247b11751afa238efc2d097b9877087f3b9293d47e91021cb4d5d41fbd807de
FILE	/Users/Shared/micah/Documents/TNN/TNN/Research/R33_NATIVE_N17_R27_CONTINUITY/FINAL_B_20260915_1409/N17_REFRESH/logs/expanded_38_628.stdout	2392	c5e566f4642bd9e895eee18057efc3bfbe7711b2166fdedeb462e78c83443e93
FILE	/Users/Shared/micah/Documents/TNN/TNN/Research/R33_NATIVE_N17_R27_CONTINUITY/FINAL_B_20260915_1409/N17_REFRESH/logs/git_behavior.stdout	14685394	975c9f1da9664a3481cf98ac087676b10ed7a646e8394b9a606b2c049dc33526
FILE	/Users/Shared/micah/Documents/TNN/TNN/Research/R33_NATIVE_N17_R27_CONTINUITY/FINAL_B_20260915_1409/N17_REFRESH/logs/expanded_19_248.argv	132	b6993423257dace25de7bf6b85016a2843a7fb582b7c71584a06408204583567
FILE	/Users/Shared/micah/Documents/TNN/TNN/Research/R33_NATIVE_N17_R27_CONTINUITY/FINAL_B_20260915_1409/N17_REFRESH/logs/nested_member_6_142.stderr	0	e3b0c44298fc1c149afbf4c8996fb92427ae41e4649b934ca495991b7852b855
FILE	/Users/Shared/micah/Documents/TNN/TNN/Research/R33_NATIVE_N17_R27_CONTINUITY/FINAL_B_20260915_1409/N17_REFRESH/logs/nested_list_1.argv	148	1f47e1ddc4c01f6ca428ac9bbc619c426de1a80dc3fd0f9f5648738f3cfadcfc
FILE	/Users/Shared/micah/Documents/TNN/TNN/Research/R33_NATIVE_N17_R27_CONTINUITY/FINAL_B_20260915_1409/N17_REFRESH/logs/member_17_1.argv	131	0779d9429dc758b0f592372e3835789594069bc567eb35a391ceee01c7920a61
FILE	/Users/Shared/micah/Documents/TNN/TNN/Research/R33_NATIVE_N17_R27_CONTINUITY/FINAL_B_20260915_1409/N17_REFRESH/logs/nested_member_1_103.argv	206	a8258297bba377d249aa2741a8739bd2d7374a36a109595bc50f10ad6210ebf7
FILE	/Users/Shared/micah/Documents/TNN/TNN/Research/R33_NATIVE_N17_R27_CONTINUITY/FINAL_B_20260915_1409/N17_REFRESH/logs/nested_member_3_123.stderr	0	e3b0c44298fc1c149afbf4c8996fb92427ae41e4649b934ca495991b7852b855
FILE	/Users/Shared/micah/Documents/TNN/TNN/Research/R33_NATIVE_N17_R27_CONTINUITY/FINAL_B_20260915_1409/N17_REFRESH/logs/expanded_5_92.stderr	0	e3b0c44298fc1c149afbf4c8996fb92427ae41e4649b934ca495991b7852b855
FILE	/Users/Shared/micah/Documents/TNN/TNN/Research/R33_NATIVE_N17_R27_CONTINUITY/FINAL_B_20260915_1409/N17_REFRESH/logs/expanded_11_34.stdout	2991	f1bc6436c1c2cc450a4f5f41c58f38c71f380482655f99f5d5ebd3c90a070acc
FILE	/Users/Shared/micah/Documents/TNN/TNN/Research/R33_NATIVE_N17_R27_CONTINUITY/FINAL_B_20260915_1409/N17_REFRESH/logs/expanded_75_61.stderr	0	e3b0c44298fc1c149afbf4c8996fb92427ae41e4649b934ca495991b7852b855
FILE	/Users/Shared/micah/Documents/TNN/TNN/Research/R33_NATIVE_N17_R27_CONTINUITY/FINAL_B_20260915_1409/N17_REFRESH/logs/nested_member_4_532.stderr	0	e3b0c44298fc1c149afbf4c8996fb92427ae41e4649b934ca495991b7852b855
FILE	/Users/Shared/micah/Documents/TNN/TNN/Research/R33_NATIVE_N17_R27_CONTINUITY/FINAL_B_20260915_1409/N17_REFRESH/logs/policy_corrupt_final.stdout	19	3710e2707447f86f1bfc5cee3338a1308c8e61cb13c592c1c2bde41849716cf7
FILE	/Users/Shared/micah/Documents/TNN/TNN/Research/R33_NATIVE_N17_R27_CONTINUITY/FINAL_B_20260915_1409/N17_REFRESH/logs/expanded_44_626.argv	168	4b21ae300facff7a2add742d45d78c4439f973497f88a795a32e54b7865e44d5
FILE	/Users/Shared/micah/Documents/TNN/TNN/Research/R33_NATIVE_N17_R27_CONTINUITY/FINAL_B_20260915_1409/N17_REFRESH/logs/expanded_10_22.argv	181	5a788176ad3a1974d351b6b67839b7aea7b699531401dc9de38d3bdefe06f817
FILE	/Users/Shared/micah/Documents/TNN/TNN/Research/R33_NATIVE_N17_R27_CONTINUITY/FINAL_B_20260915_1409/N17_REFRESH/logs/expanded_19_198.argv	114	3fe4a73d754c349ccfc663af42e774a1ef23c81aebc1ec0df0b8fcc38e803278
FILE	/Users/Shared/micah/Documents/TNN/TNN/Research/R33_NATIVE_N17_R27_CONTINUITY/FINAL_B_20260915_1409/N17_REFRESH/logs/expanded_38_644.exit	2	9a271f2a916b0b6ee6cecb2426f0b3206ef074578be55d9bc94f6f3fe3ab86aa
FILE	/Users/Shared/micah/Documents/TNN/TNN/Research/R33_NATIVE_N17_R27_CONTINUITY/FINAL_B_20260915_1409/N17_REFRESH/logs/expanded_18_42.argv	150	e90b673d985d9d217d26e9341327c5c88b9e5e977aba1e7b81076f5de75a58bf
FILE	/Users/Shared/micah/Documents/TNN/TNN/Research/R33_NATIVE_N17_R27_CONTINUITY/FINAL_B_20260915_1409/N17_REFRESH/logs/archive_77.stdout	734	f1c5c00d1d14dc2480268c839d5cea16b01348644d40b59d3f0b9b7e68abf1bd
FILE	/Users/Shared/micah/Documents/TNN/TNN/Research/R33_NATIVE_N17_R27_CONTINUITY/FINAL_B_20260915_1409/N17_REFRESH/logs/nested_member_1_117.stdout	7811	1d67425a0a786f9cbdaa775ed93bc613f3179785d4fd1d708d2a3c0a0ba9000e
FILE	/Users/Shared/micah/Documents/TNN/TNN/Research/R33_NATIVE_N17_R27_CONTINUITY/FINAL_B_20260915_1409/N17_REFRESH/logs/expanded_38_759.stdout	872	48e68d7d3fcb94b6acb16e8acd7d9729745dfd04a4af8692d6ff128caa301cba
FILE	/Users/Shared/micah/Documents/TNN/TNN/Research/R33_NATIVE_N17_R27_CONTINUITY/FINAL_B_20260915_1409/N17_REFRESH/logs/expanded_18_42.stderr	0	e3b0c44298fc1c149afbf4c8996fb92427ae41e4649b934ca495991b7852b855
FILE	/Users/Shared/micah/Documents/TNN/TNN/Research/R33_NATIVE_N17_R27_CONTINUITY/FINAL_B_20260915_1409/N17_REFRESH/logs/expanded_38_610.argv	162	3d2e4e79f0ed2a2b66c0745bd959bf0a3f833e66a9b580483bc337b04a737909
FILE	/Users/Shared/micah/Documents/TNN/TNN/Research/R33_NATIVE_N17_R27_CONTINUITY/FINAL_B_20260915_1409/N17_REFRESH/logs/expanded_40_26.stderr	0	e3b0c44298fc1c149afbf4c8996fb92427ae41e4649b934ca495991b7852b855
FILE	/Users/Shared/micah/Documents/TNN/TNN/Research/R33_NATIVE_N17_R27_CONTINUITY/FINAL_B_20260915_1409/N17_REFRESH/logs/expanded_5_90.argv	136	f686c3c71cde22ffed188d1d1731c329251339fde8380a564ed7066648b4c916
FILE	/Users/Shared/micah/Documents/TNN/TNN/Research/R33_NATIVE_N17_R27_CONTINUITY/FINAL_B_20260915_1409/N17_REFRESH/logs/expanded_52_126.stderr	0	e3b0c44298fc1c149afbf4c8996fb92427ae41e4649b934ca495991b7852b855
FILE	/Users/Shared/micah/Documents/TNN/TNN/Research/R33_NATIVE_N17_R27_CONTINUITY/FINAL_B_20260915_1409/N17_REFRESH/logs/expanded_17_202.stderr	0	e3b0c44298fc1c149afbf4c8996fb92427ae41e4649b934ca495991b7852b855
FILE	/Users/Shared/micah/Documents/TNN/TNN/Research/R33_NATIVE_N17_R27_CONTINUITY/FINAL_B_20260915_1409/N17_REFRESH/logs/nested_member_1_115.argv	199	7baf96141ad3b4544fd9bb43d1646922d4a312a73251c8944fd421a237e38598
FILE	/Users/Shared/micah/Documents/TNN/TNN/Research/R33_NATIVE_N17_R27_CONTINUITY/FINAL_B_20260915_1409/N17_REFRESH/logs/expanded_44_626.stderr	0	e3b0c44298fc1c149afbf4c8996fb92427ae41e4649b934ca495991b7852b855
FILE	/Users/Shared/micah/Documents/TNN/TNN/Research/R33_NATIVE_N17_R27_CONTINUITY/FINAL_B_20260915_1409/N17_REFRESH/logs/expanded_5_93.exit	2	9a271f2a916b0b6ee6cecb2426f0b3206ef074578be55d9bc94f6f3fe3ab86aa
FILE	/Users/Shared/micah/Documents/TNN/TNN/Research/R33_NATIVE_N17_R27_CONTINUITY/FINAL_B_20260915_1409/N17_REFRESH/logs/archive_69.stdout	0	e3b0c44298fc1c149afbf4c8996fb92427ae41e4649b934ca495991b7852b855
FILE	/Users/Shared/micah/Documents/TNN/TNN/Research/R33_NATIVE_N17_R27_CONTINUITY/FINAL_B_20260915_1409/N17_REFRESH/logs/expanded_38_613.exit	2	9a271f2a916b0b6ee6cecb2426f0b3206ef074578be55d9bc94f6f3fe3ab86aa
FILE	/Users/Shared/micah/Documents/TNN/TNN/Research/R33_NATIVE_N17_R27_CONTINUITY/FINAL_B_20260915_1409/N17_REFRESH/logs/expanded_55_39.argv	198	52ed6784934c5678f7645badbc255f30ac8f1a3808ea545306a43783c0c29137
FILE	/Users/Shared/micah/Documents/TNN/TNN/Research/R33_NATIVE_N17_R27_CONTINUITY/FINAL_B_20260915_1409/N17_REFRESH/logs/nested_member_1_109.stdout	11573	4e3929de8abd6428ff1a7828d7d5f023355be05a9aa39552cb96111dc9b455bb
FILE	/Users/Shared/micah/Documents/TNN/TNN/Research/R33_NATIVE_N17_R27_CONTINUITY/FINAL_B_20260915_1409/N17_REFRESH/logs/expanded_44_645.stderr	0	e3b0c44298fc1c149afbf4c8996fb92427ae41e4649b934ca495991b7852b855
FILE	/Users/Shared/micah/Documents/TNN/TNN/Research/R33_NATIVE_N17_R27_CONTINUITY/FINAL_B_20260915_1409/N17_REFRESH/logs/archive_8.argv	83	b43d3837dc473ca253763536f9ab539df5994710c32851289e26e65ee610ad7c
FILE	/Users/Shared/micah/Documents/TNN/TNN/Research/R33_NATIVE_N17_R27_CONTINUITY/FINAL_B_20260915_1409/N17_REFRESH/logs/supplement_protected.exit	2	9a271f2a916b0b6ee6cecb2426f0b3206ef074578be55d9bc94f6f3fe3ab86aa
FILE	/Users/Shared/micah/Documents/TNN/TNN/Research/R33_NATIVE_N17_R27_CONTINUITY/FINAL_B_20260915_1409/N17_REFRESH/logs/expanded_8_5.argv	143	a682ddf5f97e8786d371fe5bc2bbd681d0b35a6c9dc559344f5c90b4b9e73d2c
FILE	/Users/Shared/micah/Documents/TNN/TNN/Research/R33_NATIVE_N17_R27_CONTINUITY/FINAL_B_20260915_1409/N17_REFRESH/logs/nested_member_5_530.argv	195	738d3a9ad1f2d3aaa5b3f8ad0847986217b15037aca926d190e4d44f829386b0
FILE	/Users/Shared/micah/Documents/TNN/TNN/Research/R33_NATIVE_N17_R27_CONTINUITY/FINAL_B_20260915_1409/N17_REFRESH/logs/expanded_44_625.exit	2	9a271f2a916b0b6ee6cecb2426f0b3206ef074578be55d9bc94f6f3fe3ab86aa
FILE	/Users/Shared/micah/Documents/TNN/TNN/Research/R33_NATIVE_N17_R27_CONTINUITY/FINAL_B_20260915_1409/N17_REFRESH/logs/nested_member_4_530.argv	193	75e80784a7c11a28be9eb774e236b9bb8982eb0c762b854c195f02840a84ab84
FILE	/Users/Shared/micah/Documents/TNN/TNN/Research/R33_NATIVE_N17_R27_CONTINUITY/FINAL_B_20260915_1409/N17_REFRESH/logs/r27_digest.stdout	447	bcc08f850317c3b4bc960749e67239f243bdb33d6143919c5174a02f717b633d
FILE	/Users/Shared/micah/Documents/TNN/TNN/Research/R33_NATIVE_N17_R27_CONTINUITY/FINAL_B_20260915_1409/N17_REFRESH/logs/nested_member_5_132.stdout	507	d19d7d171533c62bdd11fa97ca570507823a2011fc16e63b7e90e76a3b0f16f1
FILE	/Users/Shared/micah/Documents/TNN/TNN/Research/R33_NATIVE_N17_R27_CONTINUITY/FINAL_B_20260915_1409/N17_REFRESH/logs/nested_member_1_36.stderr	0	e3b0c44298fc1c149afbf4c8996fb92427ae41e4649b934ca495991b7852b855
FILE	/Users/Shared/micah/Documents/TNN/TNN/Research/R33_NATIVE_N17_R27_CONTINUITY/FINAL_B_20260915_1409/N17_REFRESH/logs/expanded_19_198.stderr	0	e3b0c44298fc1c149afbf4c8996fb92427ae41e4649b934ca495991b7852b855
FILE	/Users/Shared/micah/Documents/TNN/TNN/Research/R33_NATIVE_N17_R27_CONTINUITY/FINAL_B_20260915_1409/N17_REFRESH/logs/archive_14.stdout	104	3db2444c56e1af67f842f34bbbec3f940f773222bd3b979ee0cb262473ee7431
FILE	/Users/Shared/micah/Documents/TNN/TNN/Research/R33_NATIVE_N17_R27_CONTINUITY/FINAL_B_20260915_1409/N17_REFRESH/logs/nested_member_8_527.stdout	4237	27c1d48683d4e6ee9890ce7c0b0d5362eded8690e17e25902371fc493d077c18
FILE	/Users/Shared/micah/Documents/TNN/TNN/Research/R33_NATIVE_N17_R27_CONTINUITY/FINAL_B_20260915_1409/N17_REFRESH/logs/nested_member_1_116.exit	2	9a271f2a916b0b6ee6cecb2426f0b3206ef074578be55d9bc94f6f3fe3ab86aa
FILE	/Users/Shared/micah/Documents/TNN/TNN/Research/R33_NATIVE_N17_R27_CONTINUITY/FINAL_B_20260915_1409/N17_REFRESH/logs/expanded_44_638.stderr	0	e3b0c44298fc1c149afbf4c8996fb92427ae41e4649b934ca495991b7852b855
FILE	/Users/Shared/micah/Documents/TNN/TNN/Research/R33_NATIVE_N17_R27_CONTINUITY/FINAL_B_20260915_1409/N17_REFRESH/logs/expanded_19_209.argv	129	d60d3bebabaf407b18e3e200608831728367c235dcd02cfac48da0fa3f235e17
FILE	/Users/Shared/micah/Documents/TNN/TNN/Research/R33_NATIVE_N17_R27_CONTINUITY/FINAL_B_20260915_1409/N17_REFRESH/logs/nested_member_3_29.exit	2	9a271f2a916b0b6ee6cecb2426f0b3206ef074578be55d9bc94f6f3fe3ab86aa
FILE	/Users/Shared/micah/Documents/TNN/TNN/Research/R33_NATIVE_N17_R27_CONTINUITY/FINAL_B_20260915_1409/N17_REFRESH/logs/expanded_54_34.stderr	0	e3b0c44298fc1c149afbf4c8996fb92427ae41e4649b934ca495991b7852b855
FILE	/Users/Shared/micah/Documents/TNN/TNN/Research/R33_NATIVE_N17_R27_CONTINUITY/FINAL_B_20260915_1409/N17_REFRESH/logs/receipt_compiler_compare.stderr	0	e3b0c44298fc1c149afbf4c8996fb92427ae41e4649b934ca495991b7852b855
FILE	/Users/Shared/micah/Documents/TNN/TNN/Research/R33_NATIVE_N17_R27_CONTINUITY/FINAL_B_20260915_1409/N17_REFRESH/logs/expanded_10_24.stderr	0	e3b0c44298fc1c149afbf4c8996fb92427ae41e4649b934ca495991b7852b855
FILE	/Users/Shared/micah/Documents/TNN/TNN/Research/R33_NATIVE_N17_R27_CONTINUITY/FINAL_B_20260915_1409/N17_REFRESH/logs/nested_member_1_40.argv	227	0c8adc264aede11877b0cd52a0ce8d843973fdbd253ffdd4138c8c3f58a98a98
FILE	/Users/Shared/micah/Documents/TNN/TNN/Research/R33_NATIVE_N17_R27_CONTINUITY/FINAL_B_20260915_1409/N17_REFRESH/logs/archive_70.exit	2	4355a46b19d348dc2f57c046f8ef63d4538ebb936000f3c9ee954a27460dd865
FILE	/Users/Shared/micah/Documents/TNN/TNN/Research/R33_NATIVE_N17_R27_CONTINUITY/FINAL_B_20260915_1409/N17_REFRESH/logs/nested_member_1_121.stdout	9233	5cca1ea80075d869b21a4eeb69c743212d81be0b91c5e2f39a1e67a65188a873
FILE	/Users/Shared/micah/Documents/TNN/TNN/Research/R33_NATIVE_N17_R27_CONTINUITY/FINAL_B_20260915_1409/N17_REFRESH/logs/archive_41.stdout	474	909cefe64fb88af885e481d164e111e5c3ce390020edce4935065d8d709a27be
FILE	/Users/Shared/micah/Documents/TNN/TNN/Research/R33_NATIVE_N17_R27_CONTINUITY/FINAL_B_20260915_1409/N17_REFRESH/logs/bounded_allocator_tests.exit	2	9a271f2a916b0b6ee6cecb2426f0b3206ef074578be55d9bc94f6f3fe3ab86aa
FILE	/Users/Shared/micah/Documents/TNN/TNN/Research/R33_NATIVE_N17_R27_CONTINUITY/FINAL_B_20260915_1409/N17_REFRESH/logs/nested_member_8_136.stderr	0	e3b0c44298fc1c149afbf4c8996fb92427ae41e4649b934ca495991b7852b855
FILE	/Users/Shared/micah/Documents/TNN/TNN/Research/R33_NATIVE_N17_R27_CONTINUITY/FINAL_B_20260915_1409/N17_REFRESH/logs/archive_24.argv	88	30dc19f757463adbd09cc4ee8743fa1b745f09edcd070c0fc4ec6c930c708d8e
FILE	/Users/Shared/micah/Documents/TNN/TNN/Research/R33_NATIVE_N17_R27_CONTINUITY/FINAL_B_20260915_1409/N17_REFRESH/logs/expanded_55_42.argv	202	281c4bf448ef2c4c3cad52db81092fb1327be03c2ae846e90c8eb99f26bf4902
FILE	/Users/Shared/micah/Documents/TNN/TNN/Research/R33_NATIVE_N17_R27_CONTINUITY/FINAL_B_20260915_1409/N17_REFRESH/logs/expanded_75_57.stderr	0	e3b0c44298fc1c149afbf4c8996fb92427ae41e4649b934ca495991b7852b855
FILE	/Users/Shared/micah/Documents/TNN/TNN/Research/R33_NATIVE_N17_R27_CONTINUITY/FINAL_B_20260915_1409/N17_REFRESH/logs/expanded_17_7.exit	2	9a271f2a916b0b6ee6cecb2426f0b3206ef074578be55d9bc94f6f3fe3ab86aa
FILE	/Users/Shared/micah/Documents/TNN/TNN/Research/R33_NATIVE_N17_R27_CONTINUITY/FINAL_B_20260915_1409/N17_REFRESH/logs/member_44_2.stdout	712	983db6a9c771f4952392d288459d65dfb04c33a7cbca37ac9f10a4365c7887a8
FILE	/Users/Shared/micah/Documents/TNN/TNN/Research/R33_NATIVE_N17_R27_CONTINUITY/FINAL_B_20260915_1409/N17_REFRESH/logs/expanded_74_24.stdout	8140	a78355a4e65c970f74172e257e5736ca05b4990d32704303e2b282aa8ff8fed1
FILE	/Users/Shared/micah/Documents/TNN/TNN/Research/R33_NATIVE_N17_R27_CONTINUITY/FINAL_B_20260915_1409/N17_REFRESH/logs/member_47_1.exit	2	9a271f2a916b0b6ee6cecb2426f0b3206ef074578be55d9bc94f6f3fe3ab86aa
FILE	/Users/Shared/micah/Documents/TNN/TNN/Research/R33_NATIVE_N17_R27_CONTINUITY/FINAL_B_20260915_1409/N17_REFRESH/logs/expanded_9_55.stdout	6882	5e5c4d70d9cbb2cb18e97941938314b060ebc6ffae5ae2c62787adcbe025b018
FILE	/Users/Shared/micah/Documents/TNN/TNN/Research/R33_NATIVE_N17_R27_CONTINUITY/FINAL_B_20260915_1409/N17_REFRESH/logs/expanded_44_610.stderr	0	e3b0c44298fc1c149afbf4c8996fb92427ae41e4649b934ca495991b7852b855
FILE	/Users/Shared/micah/Documents/TNN/TNN/Research/R33_NATIVE_N17_R27_CONTINUITY/FINAL_B_20260915_1409/N17_REFRESH/logs/expanded_38_612.stdout	4668	36113efad91962fc9bced3fe5e776c84de9915e4f7c721083e4cc2d33f7fe051
FILE	/Users/Shared/micah/Documents/TNN/TNN/Research/R33_NATIVE_N17_R27_CONTINUITY/FINAL_B_20260915_1409/N17_REFRESH/logs/expanded_19_207.stderr	0	e3b0c44298fc1c149afbf4c8996fb92427ae41e4649b934ca495991b7852b855
FILE	/Users/Shared/micah/Documents/TNN/TNN/Research/R33_NATIVE_N17_R27_CONTINUITY/FINAL_B_20260915_1409/N17_REFRESH/logs/expanded_43_21.stderr	0	e3b0c44298fc1c149afbf4c8996fb92427ae41e4649b934ca495991b7852b855
FILE	/Users/Shared/micah/Documents/TNN/TNN/Research/R33_NATIVE_N17_R27_CONTINUITY/FINAL_B_20260915_1409/N17_REFRESH/logs/nested_member_3_119.stderr	0	e3b0c44298fc1c149afbf4c8996fb92427ae41e4649b934ca495991b7852b855
FILE	/Users/Shared/micah/Documents/TNN/TNN/Research/R33_NATIVE_N17_R27_CONTINUITY/FINAL_B_20260915_1409/N17_REFRESH/logs/expanded_11_23.argv	143	a860f5b7b33d65fa91d0afb01348ec5767cc1e7cae5cc5a93603c558c8a9d33a
FILE	/Users/Shared/micah/Documents/TNN/TNN/Research/R33_NATIVE_N17_R27_CONTINUITY/FINAL_B_20260915_1409/N17_REFRESH/logs/nested_member_3_21.stdout	284	c751f2aed2132d91b030b77eef66d5cee87133a8430a0792d00ce44c9440239c
FILE	/Users/Shared/micah/Documents/TNN/TNN/Research/R33_NATIVE_N17_R27_CONTINUITY/FINAL_B_20260915_1409/N17_REFRESH/logs/nested_member_3_52.exit	2	9a271f2a916b0b6ee6cecb2426f0b3206ef074578be55d9bc94f6f3fe3ab86aa
FILE	/Users/Shared/micah/Documents/TNN/TNN/Research/R33_NATIVE_N17_R27_CONTINUITY/FINAL_B_20260915_1409/N17_REFRESH/logs/nested_member_3_83.stderr	0	e3b0c44298fc1c149afbf4c8996fb92427ae41e4649b934ca495991b7852b855
FILE	/Users/Shared/micah/Documents/TNN/TNN/Research/R33_NATIVE_N17_R27_CONTINUITY/FINAL_B_20260915_1409/N17_REFRESH/logs/nested_member_6_84.exit	2	9a271f2a916b0b6ee6cecb2426f0b3206ef074578be55d9bc94f6f3fe3ab86aa
FILE	/Users/Shared/micah/Documents/TNN/TNN/Research/R33_NATIVE_N17_R27_CONTINUITY/FINAL_B_20260915_1409/N17_REFRESH/logs/expanded_9_73.exit	2	9a271f2a916b0b6ee6cecb2426f0b3206ef074578be55d9bc94f6f3fe3ab86aa
FILE	/Users/Shared/micah/Documents/TNN/TNN/Research/R33_NATIVE_N17_R27_CONTINUITY/FINAL_B_20260915_1409/N17_REFRESH/logs/expanded_44_609.exit	2	9a271f2a916b0b6ee6cecb2426f0b3206ef074578be55d9bc94f6f3fe3ab86aa
FILE	/Users/Shared/micah/Documents/TNN/TNN/Research/R33_NATIVE_N17_R27_CONTINUITY/FINAL_B_20260915_1409/N17_REFRESH/logs/archive_27.exit	2	9a271f2a916b0b6ee6cecb2426f0b3206ef074578be55d9bc94f6f3fe3ab86aa
FILE	/Users/Shared/micah/Documents/TNN/TNN/Research/R33_NATIVE_N17_R27_CONTINUITY/FINAL_B_20260915_1409/N17_REFRESH/logs/project_record_corrected.stderr	0	e3b0c44298fc1c149afbf4c8996fb92427ae41e4649b934ca495991b7852b855
FILE	/Users/Shared/micah/Documents/TNN/TNN/Research/R33_NATIVE_N17_R27_CONTINUITY/FINAL_B_20260915_1409/N17_REFRESH/logs/member_10_0.stdout	3703	047b2e460bbaa322c737034b42f63587b0839681e417fc152a213c4a3033ce0d
FILE	/Users/Shared/micah/Documents/TNN/TNN/Research/R33_NATIVE_N17_R27_CONTINUITY/FINAL_B_20260915_1409/N17_REFRESH/logs/git_behavior.exit	2	9a271f2a916b0b6ee6cecb2426f0b3206ef074578be55d9bc94f6f3fe3ab86aa
FILE	/Users/Shared/micah/Documents/TNN/TNN/Research/R33_NATIVE_N17_R27_CONTINUITY/FINAL_B_20260915_1409/N17_REFRESH/logs/expanded_18_39.argv	146	7e681f47b6aa8aa58c0aa13107176ef842bfcd3859b52688b6e64b0ad1bc70b4
FILE	/Users/Shared/micah/Documents/TNN/TNN/Research/R33_NATIVE_N17_R27_CONTINUITY/FINAL_B_20260915_1409/N17_REFRESH/logs/archive_73.argv	159	6b6363eb743bfec58cf510ddf7aa4473fe99a8e1958b9e8a27225a7b0771474a
FILE	/Users/Shared/micah/Documents/TNN/TNN/Research/R33_NATIVE_N17_R27_CONTINUITY/FINAL_B_20260915_1409/N17_REFRESH/logs/nested_member_3_51.argv	219	522224390358891dfda699d4888e5b2f4145990ff1338aba09a34eb5e55c35b6
FILE	/Users/Shared/micah/Documents/TNN/TNN/Research/R33_NATIVE_N17_R27_CONTINUITY/FINAL_B_20260915_1409/N17_REFRESH/logs/project_record_corrected.argv	571	550b881e9d950f3b78a8f61438fcaf17f121d92ed66af0913c44a12f9d6ea9ce
FILE	/Users/Shared/micah/Documents/TNN/TNN/Research/R33_NATIVE_N17_R27_CONTINUITY/FINAL_B_20260915_1409/N17_REFRESH/logs/archive_22.stdout	243	c989678efcd888660561254de5e3a0b521a073c87ef146cebc03976b5fe46dc1
FILE	/Users/Shared/micah/Documents/TNN/TNN/Research/R33_NATIVE_N17_R27_CONTINUITY/FINAL_B_20260915_1409/N17_REFRESH/logs/expanded_31_24.stderr	0	e3b0c44298fc1c149afbf4c8996fb92427ae41e4649b934ca495991b7852b855
FILE	/Users/Shared/micah/Documents/TNN/TNN/Research/R33_NATIVE_N17_R27_CONTINUITY/FINAL_B_20260915_1409/N17_REFRESH/logs/archive_80.stderr	0	e3b0c44298fc1c149afbf4c8996fb92427ae41e4649b934ca495991b7852b855
FILE	/Users/Shared/micah/Documents/TNN/TNN/Research/R33_NATIVE_N17_R27_CONTINUITY/FINAL_B_20260915_1409/N17_REFRESH/logs/nested_member_2_537.argv	198	ca4caf4a18b48b62224c28a1e9814dfa461d479c9f4577fc42926ae2cc2a41f6
FILE	/Users/Shared/micah/Documents/TNN/TNN/Research/R33_NATIVE_N17_R27_CONTINUITY/FINAL_B_20260915_1409/N17_REFRESH/logs/expanded_19_219.stderr	0	e3b0c44298fc1c149afbf4c8996fb92427ae41e4649b934ca495991b7852b855
FILE	/Users/Shared/micah/Documents/TNN/TNN/Research/R33_NATIVE_N17_R27_CONTINUITY/FINAL_B_20260915_1409/N17_REFRESH/logs/nested_member_1_83.argv	210	8c4449651a840dc6b6181f4623b704be2f9429eed1402db32849dc023e4471ec
FILE	/Users/Shared/micah/Documents/TNN/TNN/Research/R33_NATIVE_N17_R27_CONTINUITY/FINAL_B_20260915_1409/N17_REFRESH/logs/expanded_44_1.exit	2	9a271f2a916b0b6ee6cecb2426f0b3206ef074578be55d9bc94f6f3fe3ab86aa
FILE	/Users/Shared/micah/Documents/TNN/TNN/Research/R33_NATIVE_N17_R27_CONTINUITY/FINAL_B_20260915_1409/N17_REFRESH/logs/archive_31.exit	2	9a271f2a916b0b6ee6cecb2426f0b3206ef074578be55d9bc94f6f3fe3ab86aa
FILE	/Users/Shared/micah/Documents/TNN/TNN/Research/R33_NATIVE_N17_R27_CONTINUITY/FINAL_B_20260915_1409/N17_REFRESH/logs/large_archive_2.exit	2	9a271f2a916b0b6ee6cecb2426f0b3206ef074578be55d9bc94f6f3fe3ab86aa
FILE	/Users/Shared/micah/Documents/TNN/TNN/Research/R33_NATIVE_N17_R27_CONTINUITY/FINAL_B_20260915_1409/N17_REFRESH/logs/archive_53.stdout	1301	4bddc959bbbc508be0eaeea1cff51a4b6fb6b0b4a2a945e86a2f5bbf169a65a9
FILE	/Users/Shared/micah/Documents/TNN/TNN/Research/R33_NATIVE_N17_R27_CONTINUITY/FINAL_B_20260915_1409/N17_REFRESH/logs/archive_65.argv	192	5bfd10a7ca2a48e4c644defb317012e88f4385888051c7c325a8d2dad7842418
FILE	/Users/Shared/micah/Documents/TNN/TNN/Research/R33_NATIVE_N17_R27_CONTINUITY/FINAL_B_20260915_1409/N17_REFRESH/logs/build_r25_full_digest_exact_parent_v1_runner.exit	2	9a271f2a916b0b6ee6cecb2426f0b3206ef074578be55d9bc94f6f3fe3ab86aa
FILE	/Users/Shared/micah/Documents/TNN/TNN/Research/R33_NATIVE_N17_R27_CONTINUITY/FINAL_B_20260915_1409/N17_REFRESH/logs/expanded_38_629.exit	2	9a271f2a916b0b6ee6cecb2426f0b3206ef074578be55d9bc94f6f3fe3ab86aa
FILE	/Users/Shared/micah/Documents/TNN/TNN/Research/R33_NATIVE_N17_R27_CONTINUITY/FINAL_B_20260915_1409/N17_REFRESH/logs/build_policy.stderr	0	e3b0c44298fc1c149afbf4c8996fb92427ae41e4649b934ca495991b7852b855
FILE	/Users/Shared/micah/Documents/TNN/TNN/Research/R33_NATIVE_N17_R27_CONTINUITY/FINAL_B_20260915_1409/N17_REFRESH/logs/member_55_1.exit	2	9a271f2a916b0b6ee6cecb2426f0b3206ef074578be55d9bc94f6f3fe3ab86aa
FILE	/Users/Shared/micah/Documents/TNN/TNN/Research/R33_NATIVE_N17_R27_CONTINUITY/FINAL_B_20260915_1409/N17_REFRESH/logs/member_19_0.argv	133	865342bfddd9e27bf754532e29174ab93ed011e5e29232c18a78bfa72cf3beb2
FILE	/Users/Shared/micah/Documents/TNN/TNN/Research/R33_NATIVE_N17_R27_CONTINUITY/FINAL_B_20260915_1409/N17_REFRESH/logs/expanded_19_215.stderr	0	e3b0c44298fc1c149afbf4c8996fb92427ae41e4649b934ca495991b7852b855
FILE	/Users/Shared/micah/Documents/TNN/TNN/Research/R33_NATIVE_N17_R27_CONTINUITY/FINAL_B_20260915_1409/N17_REFRESH/logs/build_policy_final.exit	2	9a271f2a916b0b6ee6cecb2426f0b3206ef074578be55d9bc94f6f3fe3ab86aa
FILE	/Users/Shared/micah/Documents/TNN/TNN/Research/R33_NATIVE_N17_R27_CONTINUITY/FINAL_B_20260915_1409/N17_REFRESH/logs/expanded_74_27.argv	128	308c1304b85d81470d2842324e122669e735be29807528392ffb7d7c3fd357fe
FILE	/Users/Shared/micah/Documents/TNN/TNN/Research/R33_NATIVE_N17_R27_CONTINUITY/FINAL_B_20260915_1409/N17_REFRESH/logs/nested_member_3_125.exit	2	9a271f2a916b0b6ee6cecb2426f0b3206ef074578be55d9bc94f6f3fe3ab86aa
FILE	/Users/Shared/micah/Documents/TNN/TNN/Research/R33_NATIVE_N17_R27_CONTINUITY/FINAL_B_20260915_1409/N17_REFRESH/logs/expanded_31_28.stderr	0	e3b0c44298fc1c149afbf4c8996fb92427ae41e4649b934ca495991b7852b855
FILE	/Users/Shared/micah/Documents/TNN/TNN/Research/R33_NATIVE_N17_R27_CONTINUITY/FINAL_B_20260915_1409/N17_REFRESH/logs/expanded_46_116.stdout	1244	8acb53d1e9d8af6be694d870089ea19bb5055479b16fc2bbaf6ee1b24b27be1e
FILE	/Users/Shared/micah/Documents/TNN/TNN/Research/R33_NATIVE_N17_R27_CONTINUITY/FINAL_B_20260915_1409/N17_REFRESH/logs/member_19_3.exit	2	9a271f2a916b0b6ee6cecb2426f0b3206ef074578be55d9bc94f6f3fe3ab86aa
FILE	/Users/Shared/micah/Documents/TNN/TNN/Research/R33_NATIVE_N17_R27_CONTINUITY/FINAL_B_20260915_1409/N17_REFRESH/logs/expanded_74_28.stdout	11245	ed270a5d02db6e7288dde6334a91b23c015b6005b7f90753f95e5787d9bcbf77
FILE	/Users/Shared/micah/Documents/TNN/TNN/Research/R33_NATIVE_N17_R27_CONTINUITY/FINAL_B_20260915_1409/N17_REFRESH/logs/expanded_44_759.argv	168	89deb6b86ec367bc0608b99d8e47b442eade113c2972764de1d3559c1573c2cd
FILE	/Users/Shared/micah/Documents/TNN/TNN/Research/R33_NATIVE_N17_R27_CONTINUITY/FINAL_B_20260915_1409/N17_REFRESH/logs/nested_member_2_132.stderr	0	e3b0c44298fc1c149afbf4c8996fb92427ae41e4649b934ca495991b7852b855
FILE	/Users/Shared/micah/Documents/TNN/TNN/Research/R33_NATIVE_N17_R27_CONTINUITY/FINAL_B_20260915_1409/N17_REFRESH/logs/member_10_0.exit	2	9a271f2a916b0b6ee6cecb2426f0b3206ef074578be55d9bc94f6f3fe3ab86aa
FILE	/Users/Shared/micah/Documents/TNN/TNN/Research/R33_NATIVE_N17_R27_CONTINUITY/FINAL_B_20260915_1409/N17_REFRESH/logs/expanded_44_648.exit	2	9a271f2a916b0b6ee6cecb2426f0b3206ef074578be55d9bc94f6f3fe3ab86aa
FILE	/Users/Shared/micah/Documents/TNN/TNN/Research/R33_NATIVE_N17_R27_CONTINUITY/FINAL_B_20260915_1409/N17_REFRESH/logs/expanded_17_208.exit	2	9a271f2a916b0b6ee6cecb2426f0b3206ef074578be55d9bc94f6f3fe3ab86aa
FILE	/Users/Shared/micah/Documents/TNN/TNN/Research/R33_NATIVE_N17_R27_CONTINUITY/FINAL_B_20260915_1409/N17_REFRESH/logs/archive_66.exit	2	4355a46b19d348dc2f57c046f8ef63d4538ebb936000f3c9ee954a27460dd865
FILE	/Users/Shared/micah/Documents/TNN/TNN/Research/R33_NATIVE_N17_R27_CONTINUITY/FINAL_B_20260915_1409/N17_REFRESH/logs/archive_89.exit	2	9a271f2a916b0b6ee6cecb2426f0b3206ef074578be55d9bc94f6f3fe3ab86aa
FILE	/Users/Shared/micah/Documents/TNN/TNN/Research/R33_NATIVE_N17_R27_CONTINUITY/FINAL_B_20260915_1409/N17_REFRESH/logs/large_archive_1.argv	58	2b114e2213d67325fe0301680ec251b9cc751f1e0c57e6d73161829e4f3cb729
FILE	/Users/Shared/micah/Documents/TNN/TNN/Research/R33_NATIVE_N17_R27_CONTINUITY/FINAL_B_20260915_1409/N17_REFRESH/logs/nested_member_7_417.stdout	54852	ce48ccc8bacfc9e3f211428c7e4a42055370515f4f8469c6256ca82a6acb84b8
FILE	/Users/Shared/micah/Documents/TNN/TNN/Research/R33_NATIVE_N17_R27_CONTINUITY/FINAL_B_20260915_1409/N17_REFRESH/logs/archive_32.argv	100	89c8599308bd16c546a39a35118885f77ac1e976769f6900e61f0abab2c7cb2c
FILE	/Users/Shared/micah/Documents/TNN/TNN/Research/R33_NATIVE_N17_R27_CONTINUITY/FINAL_B_20260915_1409/N17_REFRESH/logs/large_archive_3.stdout	154	e197d8259dce2622f081f33de36a96760913df84647a9463e8ea93af18b4c070
FILE	/Users/Shared/micah/Documents/TNN/TNN/Research/R33_NATIVE_N17_R27_CONTINUITY/FINAL_B_20260915_1409/N17_REFRESH/logs/build_classifier.stderr	0	e3b0c44298fc1c149afbf4c8996fb92427ae41e4649b934ca495991b7852b855
FILE	/Users/Shared/micah/Documents/TNN/TNN/Research/R33_NATIVE_N17_R27_CONTINUITY/FINAL_B_20260915_1409/N17_REFRESH/logs/build_structure.exit	2	9a271f2a916b0b6ee6cecb2426f0b3206ef074578be55d9bc94f6f3fe3ab86aa
FILE	/Users/Shared/micah/Documents/TNN/TNN/Research/R33_NATIVE_N17_R27_CONTINUITY/FINAL_B_20260915_1409/N17_REFRESH/logs/member_55_0.stderr	0	e3b0c44298fc1c149afbf4c8996fb92427ae41e4649b934ca495991b7852b855
FILE	/Users/Shared/micah/Documents/TNN/TNN/Research/R33_NATIVE_N17_R27_CONTINUITY/FINAL_B_20260915_1409/N17_REFRESH/logs/build_bounded_allocator_tests.exit	2	9a271f2a916b0b6ee6cecb2426f0b3206ef074578be55d9bc94f6f3fe3ab86aa
FILE	/Users/Shared/micah/Documents/TNN/TNN/Research/R33_NATIVE_N17_R27_CONTINUITY/FINAL_B_20260915_1409/N17_REFRESH/logs/nested_member_3_115.stderr	0	e3b0c44298fc1c149afbf4c8996fb92427ae41e4649b934ca495991b7852b855
FILE	/Users/Shared/micah/Documents/TNN/TNN/Research/R33_NATIVE_N17_R27_CONTINUITY/FINAL_B_20260915_1409/N17_REFRESH/logs/nested_member_8_538.exit	2	9a271f2a916b0b6ee6cecb2426f0b3206ef074578be55d9bc94f6f3fe3ab86aa
FILE	/Users/Shared/micah/Documents/TNN/TNN/Research/R33_NATIVE_N17_R27_CONTINUITY/FINAL_B_20260915_1409/N17_REFRESH/logs/compiler_before.stderr	0	e3b0c44298fc1c149afbf4c8996fb92427ae41e4649b934ca495991b7852b855
FILE	/Users/Shared/micah/Documents/TNN/TNN/Research/R33_NATIVE_N17_R27_CONTINUITY/FINAL_B_20260915_1409/N17_REFRESH/logs/candidates.exit	2	9a271f2a916b0b6ee6cecb2426f0b3206ef074578be55d9bc94f6f3fe3ab86aa
FILE	/Users/Shared/micah/Documents/TNN/TNN/Research/R33_NATIVE_N17_R27_CONTINUITY/FINAL_B_20260915_1409/N17_REFRESH/logs/member_54_0.stderr	0	e3b0c44298fc1c149afbf4c8996fb92427ae41e4649b934ca495991b7852b855
FILE	/Users/Shared/micah/Documents/TNN/TNN/Research/R33_NATIVE_N17_R27_CONTINUITY/FINAL_B_20260915_1409/N17_REFRESH/logs/canonical_before.argv	111	ca2d7a149ba2149d9b6ce6425a3bcc8b7496440f899cafb5cdcc1ae7db048fbd
FILE	/Users/Shared/micah/Documents/TNN/TNN/Research/R33_NATIVE_N17_R27_CONTINUITY/FINAL_B_20260915_1409/N17_REFRESH/logs/nested_member_3_126.argv	210	5586b70fef5c20b1d187f44819f075f78eab3fb5372eb86b908051d70b50385e
FILE	/Users/Shared/micah/Documents/TNN/TNN/Research/R33_NATIVE_N17_R27_CONTINUITY/FINAL_B_20260915_1409/N17_REFRESH/logs/expanded_9_59.stdout	4929	31ef847e5fb66d895a503a929959e75f947fd0bcc85db951b20ddf0c7a4e25a8
FILE	/Users/Shared/micah/Documents/TNN/TNN/Research/R33_NATIVE_N17_R27_CONTINUITY/FINAL_B_20260915_1409/N17_REFRESH/logs/expanded_74_24.exit	2	9a271f2a916b0b6ee6cecb2426f0b3206ef074578be55d9bc94f6f3fe3ab86aa
FILE	/Users/Shared/micah/Documents/TNN/TNN/Research/R33_NATIVE_N17_R27_CONTINUITY/FINAL_B_20260915_1409/N17_REFRESH/logs/build_constant_probe.stdout	237	56c6375eb55e651eabf1dd4e5d4e350f7f7ff1e35b0ea3af4c8ea53561ad5a1a
FILE	/Users/Shared/micah/Documents/TNN/TNN/Research/R33_NATIVE_N17_R27_CONTINUITY/FINAL_B_20260915_1409/N17_REFRESH/logs/nested_member_6_530.stdout	1828	cfc64c92be46734a526647332c0ea9d4c2114cf1a4e79803e28fea9419df3b53
FILE	/Users/Shared/micah/Documents/TNN/TNN/Research/R33_NATIVE_N17_R27_CONTINUITY/FINAL_B_20260915_1409/N17_REFRESH/logs/archive_30.stdout	4111	f492c92873f467e5dea222d3ba3f4122d07205e82f256591f9c4490b6bafd4f9
FILE	/Users/Shared/micah/Documents/TNN/TNN/Research/R33_NATIVE_N17_R27_CONTINUITY/FINAL_B_20260915_1409/N17_REFRESH/logs/constant_probe.stdout	62	43114e37da29e9109cbbcabc030c85c9d8fe01ba35c856f4f4393ff68832669a
FILE	/Users/Shared/micah/Documents/TNN/TNN/Research/R33_NATIVE_N17_R27_CONTINUITY/FINAL_B_20260915_1409/N17_REFRESH/logs/nested_member_3_58.stderr	0	e3b0c44298fc1c149afbf4c8996fb92427ae41e4649b934ca495991b7852b855
FILE	/Users/Shared/micah/Documents/TNN/TNN/Research/R33_NATIVE_N17_R27_CONTINUITY/FINAL_B_20260915_1409/N17_REFRESH/logs/expanded_33_22.exit	2	9a271f2a916b0b6ee6cecb2426f0b3206ef074578be55d9bc94f6f3fe3ab86aa
FILE	/Users/Shared/micah/Documents/TNN/TNN/Research/R33_NATIVE_N17_R27_CONTINUITY/FINAL_B_20260915_1409/N17_REFRESH/logs/expanded_19_213.argv	127	8f7796821736e247fde1ad59e94afa8687ff6d376752df82339b55d87f1c7981
FILE	/Users/Shared/micah/Documents/TNN/TNN/Research/R33_NATIVE_N17_R27_CONTINUITY/FINAL_B_20260915_1409/N17_REFRESH/logs/expanded_52_126.exit	2	9a271f2a916b0b6ee6cecb2426f0b3206ef074578be55d9bc94f6f3fe3ab86aa
FILE	/Users/Shared/micah/Documents/TNN/TNN/Research/R33_NATIVE_N17_R27_CONTINUITY/FINAL_B_20260915_1409/N17_REFRESH/logs/nested_member_1_125.stderr	0	e3b0c44298fc1c149afbf4c8996fb92427ae41e4649b934ca495991b7852b855
FILE	/Users/Shared/micah/Documents/TNN/TNN/Research/R33_NATIVE_N17_R27_CONTINUITY/FINAL_B_20260915_1409/N17_REFRESH/logs/archive_45.stderr	0	e3b0c44298fc1c149afbf4c8996fb92427ae41e4649b934ca495991b7852b855
FILE	/Users/Shared/micah/Documents/TNN/TNN/Research/R33_NATIVE_N17_R27_CONTINUITY/FINAL_B_20260915_1409/N17_REFRESH/logs/nested_member_8_132.stdout	507	d19d7d171533c62bdd11fa97ca570507823a2011fc16e63b7e90e76a3b0f16f1
FILE	/Users/Shared/micah/Documents/TNN/TNN/Research/R33_NATIVE_N17_R27_CONTINUITY/FINAL_B_20260915_1409/N17_REFRESH/logs/expanded_19_247.exit	2	9a271f2a916b0b6ee6cecb2426f0b3206ef074578be55d9bc94f6f3fe3ab86aa
FILE	/Users/Shared/micah/Documents/TNN/TNN/Research/R33_NATIVE_N17_R27_CONTINUITY/FINAL_B_20260915_1409/N17_REFRESH/logs/project_independent_admission_tests.stderr	0	e3b0c44298fc1c149afbf4c8996fb92427ae41e4649b934ca495991b7852b855
FILE	/Users/Shared/micah/Documents/TNN/TNN/Research/R33_NATIVE_N17_R27_CONTINUITY/FINAL_B_20260915_1409/N17_REFRESH/logs/expanded_5_89.exit	2	9a271f2a916b0b6ee6cecb2426f0b3206ef074578be55d9bc94f6f3fe3ab86aa
FILE	/Users/Shared/micah/Documents/TNN/TNN/Research/R33_NATIVE_N17_R27_CONTINUITY/FINAL_B_20260915_1409/N17_REFRESH/logs/archive_45.argv	106	5aba2990b5b4c674aab0706448fe6f5adfc59b630ad3451551f81ab955101c7e
FILE	/Users/Shared/micah/Documents/TNN/TNN/Research/R33_NATIVE_N17_R27_CONTINUITY/FINAL_B_20260915_1409/N17_REFRESH/logs/nested_member_4_139.stderr	0	e3b0c44298fc1c149afbf4c8996fb92427ae41e4649b934ca495991b7852b855
FILE	/Users/Shared/micah/Documents/TNN/TNN/Research/R33_NATIVE_N17_R27_CONTINUITY/FINAL_B_20260915_1409/N17_REFRESH/logs/expanded_38_609.exit	2	9a271f2a916b0b6ee6cecb2426f0b3206ef074578be55d9bc94f6f3fe3ab86aa
FILE	/Users/Shared/micah/Documents/TNN/TNN/Research/R33_NATIVE_N17_R27_CONTINUITY/FINAL_B_20260915_1409/N17_REFRESH/logs/nested_member_5_527.stdout	4237	27c1d48683d4e6ee9890ce7c0b0d5362eded8690e17e25902371fc493d077c18
FILE	/Users/Shared/micah/Documents/TNN/TNN/Research/R33_NATIVE_N17_R27_CONTINUITY/FINAL_B_20260915_1409/N17_REFRESH/logs/expanded_5_32.argv	168	d588ad62dcc8ccc2e0bd08a529738953e126d95e61a5e3159cbaf061bb29e594
FILE	/Users/Shared/micah/Documents/TNN/TNN/Research/R33_NATIVE_N17_R27_CONTINUITY/FINAL_B_20260915_1409/N17_REFRESH/logs/expanded_8_5.stderr	0	e3b0c44298fc1c149afbf4c8996fb92427ae41e4649b934ca495991b7852b855
FILE	/Users/Shared/micah/Documents/TNN/TNN/Research/R33_NATIVE_N17_R27_CONTINUITY/FINAL_B_20260915_1409/N17_REFRESH/logs/archive_11.exit	2	9a271f2a916b0b6ee6cecb2426f0b3206ef074578be55d9bc94f6f3fe3ab86aa
FILE	/Users/Shared/micah/Documents/TNN/TNN/Research/R33_NATIVE_N17_R27_CONTINUITY/FINAL_B_20260915_1409/N17_REFRESH/logs/archive_38.stderr	0	e3b0c44298fc1c149afbf4c8996fb92427ae41e4649b934ca495991b7852b855
FILE	/Users/Shared/micah/Documents/TNN/TNN/Research/R33_NATIVE_N17_R27_CONTINUITY/FINAL_B_20260915_1409/N17_REFRESH/logs/nested_member_6_538.stderr	0	e3b0c44298fc1c149afbf4c8996fb92427ae41e4649b934ca495991b7852b855
FILE	/Users/Shared/micah/Documents/TNN/TNN/Research/R33_NATIVE_N17_R27_CONTINUITY/FINAL_B_20260915_1409/N17_REFRESH/logs/expanded_19_203.stdout	42833	40e24989bb017dd0bde677d5256357f320aa61a65226a4bc961b8e6f8731d908
FILE	/Users/Shared/micah/Documents/TNN/TNN/Research/R33_NATIVE_N17_R27_CONTINUITY/FINAL_B_20260915_1409/N17_REFRESH/logs/expanded_38_616.stderr	0	e3b0c44298fc1c149afbf4c8996fb92427ae41e4649b934ca495991b7852b855
FILE	/Users/Shared/micah/Documents/TNN/TNN/Research/R33_NATIVE_N17_R27_CONTINUITY/FINAL_B_20260915_1409/N17_REFRESH/logs/expanded_44_614.stdout	1622	85eb5030670f8e5de93ca15e15f66146b8599119844743050a80a14434ccfc2d
FILE	/Users/Shared/micah/Documents/TNN/TNN/Research/R33_NATIVE_N17_R27_CONTINUITY/FINAL_B_20260915_1409/N17_REFRESH/logs/nested_member_3_64.exit	2	9a271f2a916b0b6ee6cecb2426f0b3206ef074578be55d9bc94f6f3fe3ab86aa
FILE	/Users/Shared/micah/Documents/TNN/TNN/Research/R33_NATIVE_N17_R27_CONTINUITY/FINAL_B_20260915_1409/N17_REFRESH/logs/expanded_19_210.exit	2	9a271f2a916b0b6ee6cecb2426f0b3206ef074578be55d9bc94f6f3fe3ab86aa
FILE	/Users/Shared/micah/Documents/TNN/TNN/Research/R33_NATIVE_N17_R27_CONTINUITY/FINAL_B_20260915_1409/N17_REFRESH/logs/expanded_52_125.argv	146	62995d491c992353573be6bd356675d59078583aec6aaa94e1b3a8ace81f6740
FILE	/Users/Shared/micah/Documents/TNN/TNN/Research/R33_NATIVE_N17_R27_CONTINUITY/FINAL_B_20260915_1409/N17_REFRESH/logs/nested_member_3_46.stderr	0	e3b0c44298fc1c149afbf4c8996fb92427ae41e4649b934ca495991b7852b855
FILE	/Users/Shared/micah/Documents/TNN/TNN/Research/R33_NATIVE_N17_R27_CONTINUITY/FINAL_B_20260915_1409/N17_REFRESH/logs/compiler_before.exit	2	9a271f2a916b0b6ee6cecb2426f0b3206ef074578be55d9bc94f6f3fe3ab86aa
FILE	/Users/Shared/micah/Documents/TNN/TNN/Research/R33_NATIVE_N17_R27_CONTINUITY/FINAL_B_20260915_1409/N17_REFRESH/logs/expanded_46_118.exit	2	9a271f2a916b0b6ee6cecb2426f0b3206ef074578be55d9bc94f6f3fe3ab86aa
FILE	/Users/Shared/micah/Documents/TNN/TNN/Research/R33_NATIVE_N17_R27_CONTINUITY/FINAL_B_20260915_1409/N17_REFRESH/logs/project_repaired_exact_source_gate.exit	2	9a271f2a916b0b6ee6cecb2426f0b3206ef074578be55d9bc94f6f3fe3ab86aa
FILE	/Users/Shared/micah/Documents/TNN/TNN/Research/R33_NATIVE_N17_R27_CONTINUITY/FINAL_B_20260915_1409/N17_REFRESH/logs/archive_26.stderr	0	e3b0c44298fc1c149afbf4c8996fb92427ae41e4649b934ca495991b7852b855
FILE	/Users/Shared/micah/Documents/TNN/TNN/Research/R33_NATIVE_N17_R27_CONTINUITY/FINAL_B_20260915_1409/N17_REFRESH/logs/expanded_38_608.stderr	0	e3b0c44298fc1c149afbf4c8996fb92427ae41e4649b934ca495991b7852b855
FILE	/Users/Shared/micah/Documents/TNN/TNN/Research/R33_NATIVE_N17_R27_CONTINUITY/FINAL_B_20260915_1409/N17_REFRESH/logs/archive_84.stdout	136	fd311445e10136bca560dd5792f43cb743bc07b1391945249563741341e5d45b
FILE	/Users/Shared/micah/Documents/TNN/TNN/Research/R33_NATIVE_N17_R27_CONTINUITY/FINAL_B_20260915_1409/N17_REFRESH/logs/archive_12.argv	125	8e0f28994991d689f9b1703fb020060a3895663758e05323faea48f0918fe83c
FILE	/Users/Shared/micah/Documents/TNN/TNN/Research/R33_NATIVE_N17_R27_CONTINUITY/FINAL_B_20260915_1409/N17_REFRESH/logs/nested_member_3_103.stdout	827112	2dc87e0fcd52f9c38f6addbbb1c86c7fa8df1f1e2d02fc880ef28f514db33d09
FILE	/Users/Shared/micah/Documents/TNN/TNN/Research/R33_NATIVE_N17_R27_CONTINUITY/FINAL_B_20260915_1409/N17_REFRESH/logs/expanded_5_31.exit	2	9a271f2a916b0b6ee6cecb2426f0b3206ef074578be55d9bc94f6f3fe3ab86aa
FILE	/Users/Shared/micah/Documents/TNN/TNN/Research/R33_NATIVE_N17_R27_CONTINUITY/FINAL_B_20260915_1409/N17_REFRESH/logs/member_38_2.stdout	712	983db6a9c771f4952392d288459d65dfb04c33a7cbca37ac9f10a4365c7887a8
FILE	/Users/Shared/micah/Documents/TNN/TNN/Research/R33_NATIVE_N17_R27_CONTINUITY/FINAL_B_20260915_1409/N17_REFRESH/logs/archive_46.exit	2	9a271f2a916b0b6ee6cecb2426f0b3206ef074578be55d9bc94f6f3fe3ab86aa
FILE	/Users/Shared/micah/Documents/TNN/TNN/Research/R33_NATIVE_N17_R27_CONTINUITY/FINAL_B_20260915_1409/N17_REFRESH/logs/r25_missing.argv	395	c40bffc556defec83c369b0bbd31a58fed8f364541adf31ac87a66f5aaa52935
FILE	/Users/Shared/micah/Documents/TNN/TNN/Research/R33_NATIVE_N17_R27_CONTINUITY/FINAL_B_20260915_1409/N17_REFRESH/logs/member_47_1.stdout	6000	9d50035d837e835d0ebe486018b603c8f0f73d1a650a3a8e27f3494253becb84
FILE	/Users/Shared/micah/Documents/TNN/TNN/Research/R33_NATIVE_N17_R27_CONTINUITY/FINAL_B_20260915_1409/N17_REFRESH/logs/member_46_1.stdout	3845	0a426ad025d652ae780a0ccb3d5437e4a807c660fe722ede8a434fb3009df579
FILE	/Users/Shared/micah/Documents/TNN/TNN/Research/R33_NATIVE_N17_R27_CONTINUITY/FINAL_B_20260915_1409/N17_REFRESH/logs/expanded_18_62.stdout	3745	16cb32fe8c4f977d6d378faf764b5df74e22f53b86a2fd1687ca917be116a561
FILE	/Users/Shared/micah/Documents/TNN/TNN/Research/R33_NATIVE_N17_R27_CONTINUITY/FINAL_B_20260915_1409/N17_REFRESH/logs/nested_member_1_119.argv	210	57c3b79522d6a3c203a5ff922d2e60221eae1fd51d12293d3ae3cda89bef097f
FILE	/Users/Shared/micah/Documents/TNN/TNN/Research/R33_NATIVE_N17_R27_CONTINUITY/FINAL_B_20260915_1409/N17_REFRESH/logs/expanded_19_206.exit	2	9a271f2a916b0b6ee6cecb2426f0b3206ef074578be55d9bc94f6f3fe3ab86aa
FILE	/Users/Shared/micah/Documents/TNN/TNN/Research/R33_NATIVE_N17_R27_CONTINUITY/FINAL_B_20260915_1409/N17_REFRESH/logs/archive_57.stderr	56	d020996efa8ef774f2a5b5df38bdab4a049eb9bb54bf82ec8618c616a66fe9e2
FILE	/Users/Shared/micah/Documents/TNN/TNN/Research/R33_NATIVE_N17_R27_CONTINUITY/FINAL_B_20260915_1409/N17_REFRESH/logs/expanded_38_648.exit	2	9a271f2a916b0b6ee6cecb2426f0b3206ef074578be55d9bc94f6f3fe3ab86aa
FILE	/Users/Shared/micah/Documents/TNN/TNN/Research/R33_NATIVE_N17_R27_CONTINUITY/FINAL_B_20260915_1409/N17_REFRESH/logs/expanded_55_62.argv	205	9227ca19d6b20e195d124fe987d8f8450205568f6f9613a5c3500ce56c97961c
FILE	/Users/Shared/micah/Documents/TNN/TNN/Research/R33_NATIVE_N17_R27_CONTINUITY/FINAL_B_20260915_1409/N17_REFRESH/logs/nested_member_7_132.argv	192	8b667d25a9ce9d78d95643f0c431f52bb3abaa268540271914c41dcef38718ad
FILE	/Users/Shared/micah/Documents/TNN/TNN/Research/R33_NATIVE_N17_R27_CONTINUITY/FINAL_B_20260915_1409/N17_REFRESH/logs/expanded_46_112.stderr	0	e3b0c44298fc1c149afbf4c8996fb92427ae41e4649b934ca495991b7852b855
FILE	/Users/Shared/micah/Documents/TNN/TNN/Research/R33_NATIVE_N17_R27_CONTINUITY/FINAL_B_20260915_1409/N17_REFRESH/logs/r26_selftest.exit	2	9a271f2a916b0b6ee6cecb2426f0b3206ef074578be55d9bc94f6f3fe3ab86aa
FILE	/Users/Shared/micah/Documents/TNN/TNN/Research/R33_NATIVE_N17_R27_CONTINUITY/FINAL_B_20260915_1409/N17_REFRESH/logs/nested_member_6_132.argv	195	f0a7cc9fb830e89f3b675a8271b3a6181c316abf1efd2720a775c96c51446af4
FILE	/Users/Shared/micah/Documents/TNN/TNN/Research/R33_NATIVE_N17_R27_CONTINUITY/FINAL_B_20260915_1409/N17_REFRESH/logs/expanded_38_759.argv	165	4c2ae9de1a47f1981cf381ddba3b34f69354f548db67b02b7f47452d5a628d61
FILE	/Users/Shared/micah/Documents/TNN/TNN/Research/R33_NATIVE_N17_R27_CONTINUITY/FINAL_B_20260915_1409/N17_REFRESH/logs/expanded_38_604.stderr	0	e3b0c44298fc1c149afbf4c8996fb92427ae41e4649b934ca495991b7852b855
FILE	/Users/Shared/micah/Documents/TNN/TNN/Research/R33_NATIVE_N17_R27_CONTINUITY/FINAL_B_20260915_1409/N17_REFRESH/logs/archive_50.exit	2	9a271f2a916b0b6ee6cecb2426f0b3206ef074578be55d9bc94f6f3fe3ab86aa
FILE	/Users/Shared/micah/Documents/TNN/TNN/Research/R33_NATIVE_N17_R27_CONTINUITY/FINAL_B_20260915_1409/N17_REFRESH/logs/expanded_44_606.stdout	2412	6935404a92fa94402dcace77680585e1ce2ae7b1b6994beb07b565db32142931
FILE	/Users/Shared/micah/Documents/TNN/TNN/Research/R33_NATIVE_N17_R27_CONTINUITY/FINAL_B_20260915_1409/N17_REFRESH/logs/nested_member_7_536.exit	2	9a271f2a916b0b6ee6cecb2426f0b3206ef074578be55d9bc94f6f3fe3ab86aa
FILE	/Users/Shared/micah/Documents/TNN/TNN/Research/R33_NATIVE_N17_R27_CONTINUITY/FINAL_B_20260915_1409/N17_REFRESH/logs/archive_88.stdout	12	967e0d8b2c322b74ecc8d562968ccdc6e8cb39f027908eeac16a0d5b4e6ec993
FILE	/Users/Shared/micah/Documents/TNN/TNN/Research/R33_NATIVE_N17_R27_CONTINUITY/FINAL_B_20260915_1409/N17_REFRESH/logs/expanded_19_211.stdout	1244	8acb53d1e9d8af6be694d870089ea19bb5055479b16fc2bbaf6ee1b24b27be1e
FILE	/Users/Shared/micah/Documents/TNN/TNN/Research/R33_NATIVE_N17_R27_CONTINUITY/FINAL_B_20260915_1409/N17_REFRESH/logs/nested_member_6_536.exit	2	9a271f2a916b0b6ee6cecb2426f0b3206ef074578be55d9bc94f6f3fe3ab86aa
FILE	/Users/Shared/micah/Documents/TNN/TNN/Research/R33_NATIVE_N17_R27_CONTINUITY/FINAL_B_20260915_1409/N17_REFRESH/logs/archive_7.exit	2	4355a46b19d348dc2f57c046f8ef63d4538ebb936000f3c9ee954a27460dd865
FILE	/Users/Shared/micah/Documents/TNN/TNN/Research/R33_NATIVE_N17_R27_CONTINUITY/FINAL_B_20260915_1409/N17_REFRESH/logs/expanded_19_205.argv	132	d830843adaac9256bd175cd6da9340bb5af0fe97ed76290f8e8ffa9c323420b5
FILE	/Users/Shared/micah/Documents/TNN/TNN/Research/R33_NATIVE_N17_R27_CONTINUITY/FINAL_B_20260915_1409/N17_REFRESH/logs/expanded_38_667.stderr	0	e3b0c44298fc1c149afbf4c8996fb92427ae41e4649b934ca495991b7852b855
FILE	/Users/Shared/micah/Documents/TNN/TNN/Research/R33_NATIVE_N17_R27_CONTINUITY/FINAL_B_20260915_1409/N17_REFRESH/logs/archive_49.stderr	0	e3b0c44298fc1c149afbf4c8996fb92427ae41e4649b934ca495991b7852b855
FILE	/Users/Shared/micah/Documents/TNN/TNN/Research/R33_NATIVE_N17_R27_CONTINUITY/FINAL_B_20260915_1409/N17_REFRESH/logs/deep_candidate_hashes.stderr	0	e3b0c44298fc1c149afbf4c8996fb92427ae41e4649b934ca495991b7852b855
FILE	/Users/Shared/micah/Documents/TNN/TNN/Research/R33_NATIVE_N17_R27_CONTINUITY/FINAL_B_20260915_1409/N17_REFRESH/logs/nested_member_2_136.stdout	2696	16e785b68df61c7fa96ab423967078de9fcea7fc68ff185a3e7140b6c88593c4
FILE	/Users/Shared/micah/Documents/TNN/TNN/Research/R33_NATIVE_N17_R27_CONTINUITY/FINAL_B_20260915_1409/N17_REFRESH/logs/pinmatch.stdout	0	e3b0c44298fc1c149afbf4c8996fb92427ae41e4649b934ca495991b7852b855
FILE	/Users/Shared/micah/Documents/TNN/TNN/Research/R33_NATIVE_N17_R27_CONTINUITY/FINAL_B_20260915_1409/N17_REFRESH/logs/expanded_44_618.stdout	3596	c22509c65a70287cc64ca486183266d2e1fbd6d338791c4f8bfdfab253283266
FILE	/Users/Shared/micah/Documents/TNN/TNN/Research/R33_NATIVE_N17_R27_CONTINUITY/FINAL_B_20260915_1409/N17_REFRESH/logs/archive_4.argv	101	83d86dd902a73df3c9e2797b6311cd270ddb563c3d3ece77f555bc5541e8900e
FILE	/Users/Shared/micah/Documents/TNN/TNN/Research/R33_NATIVE_N17_R27_CONTINUITY/FINAL_B_20260915_1409/N17_REFRESH/logs/archive_34.stderr	0	e3b0c44298fc1c149afbf4c8996fb92427ae41e4649b934ca495991b7852b855
FILE	/Users/Shared/micah/Documents/TNN/TNN/Research/R33_NATIVE_N17_R27_CONTINUITY/FINAL_B_20260915_1409/N17_REFRESH/logs/build_memo.stdout	227	eb87fa5fa75d54bfbc4ad6290260fcefabc850d5eff3ac76006e4fcae84d6e0b
FILE	/Users/Shared/micah/Documents/TNN/TNN/Research/R33_NATIVE_N17_R27_CONTINUITY/FINAL_B_20260915_1409/N17_REFRESH/logs/archive_53.argv	99	3c27ac38c84573c3aa83e8d2e24b3ab82c97f71e96ed1405a67b78872406cf58
FILE	/Users/Shared/micah/Documents/TNN/TNN/Research/R33_NATIVE_N17_R27_CONTINUITY/FINAL_B_20260915_1409/N17_REFRESH/logs/expanded_44_629.exit	2	9a271f2a916b0b6ee6cecb2426f0b3206ef074578be55d9bc94f6f3fe3ab86aa
FILE	/Users/Shared/micah/Documents/TNN/TNN/Research/R33_NATIVE_N17_R27_CONTINUITY/FINAL_B_20260915_1409/N17_REFRESH/logs/expanded_52_118.stdout	42833	40e24989bb017dd0bde677d5256357f320aa61a65226a4bc961b8e6f8731d908
FILE	/Users/Shared/micah/Documents/TNN/TNN/Research/R33_NATIVE_N17_R27_CONTINUITY/FINAL_B_20260915_1409/N17_REFRESH/logs/nested_member_3_29.stderr	0	e3b0c44298fc1c149afbf4c8996fb92427ae41e4649b934ca495991b7852b855
FILE	/Users/Shared/micah/Documents/TNN/TNN/Research/R33_NATIVE_N17_R27_CONTINUITY/FINAL_B_20260915_1409/N17_REFRESH/logs/expanded_4_26.exit	2	9a271f2a916b0b6ee6cecb2426f0b3206ef074578be55d9bc94f6f3fe3ab86aa
FILE	/Users/Shared/micah/Documents/TNN/TNN/Research/R33_NATIVE_N17_R27_CONTINUITY/FINAL_B_20260915_1409/N17_REFRESH/logs/receipt_canonical.argv	111	ca2d7a149ba2149d9b6ce6425a3bcc8b7496440f899cafb5cdcc1ae7db048fbd
FILE	/Users/Shared/micah/Documents/TNN/TNN/Research/R33_NATIVE_N17_R27_CONTINUITY/FINAL_B_20260915_1409/N17_REFRESH/logs/archive_7.stdout	10383	2d3693f4006bdd63457e405c138beb408d5eb5380b9d7108d669be279d0aa362
FILE	/Users/Shared/micah/Documents/TNN/TNN/Research/R33_NATIVE_N17_R27_CONTINUITY/FINAL_B_20260915_1409/N17_REFRESH/logs/expanded_40_30.stdout	1401	f180b22aa0077acf380928b6d7951a25190791eafcc19d6d9040c5181289bb47
FILE	/Users/Shared/micah/Documents/TNN/TNN/Research/R33_NATIVE_N17_R27_CONTINUITY/FINAL_B_20260915_1409/N17_REFRESH/logs/expanded_54_37.exit	2	9a271f2a916b0b6ee6cecb2426f0b3206ef074578be55d9bc94f6f3fe3ab86aa
FILE	/Users/Shared/micah/Documents/TNN/TNN/Research/R33_NATIVE_N17_R27_CONTINUITY/FINAL_B_20260915_1409/N17_REFRESH/logs/expanded_31_26.argv	132	338c93e7bd19a0860910088bddb410e353dfe57918db191b533b5c31d7e39391
FILE	/Users/Shared/micah/Documents/TNN/TNN/Research/R33_NATIVE_N17_R27_CONTINUITY/FINAL_B_20260915_1409/N17_REFRESH/logs/archive_61.stderr	56	d020996efa8ef774f2a5b5df38bdab4a049eb9bb54bf82ec8618c616a66fe9e2
FILE	/Users/Shared/micah/Documents/TNN/TNN/Research/R33_NATIVE_N17_R27_CONTINUITY/FINAL_B_20260915_1409/N17_REFRESH/logs/nested_member_2_538.exit	2	9a271f2a916b0b6ee6cecb2426f0b3206ef074578be55d9bc94f6f3fe3ab86aa
FILE	/Users/Shared/micah/Documents/TNN/TNN/Research/R33_NATIVE_N17_R27_CONTINUITY/FINAL_B_20260915_1409/N17_REFRESH/logs/classifier.stdout	0	e3b0c44298fc1c149afbf4c8996fb92427ae41e4649b934ca495991b7852b855
FILE	/Users/Shared/micah/Documents/TNN/TNN/Research/R33_NATIVE_N17_R27_CONTINUITY/FINAL_B_20260915_1409/N17_REFRESH/logs/expanded_46_122.exit	2	9a271f2a916b0b6ee6cecb2426f0b3206ef074578be55d9bc94f6f3fe3ab86aa
FILE	/Users/Shared/micah/Documents/TNN/TNN/Research/R33_NATIVE_N17_R27_CONTINUITY/FINAL_B_20260915_1409/N17_REFRESH/logs/build_r25_full_digest_exact_parent_v1_runner.stdout	261	9f33664d00223457af852c89cc6d09c0b90d235580d955a77eee9b8c4300865d
FILE	/Users/Shared/micah/Documents/TNN/TNN/Research/R33_NATIVE_N17_R27_CONTINUITY/FINAL_B_20260915_1409/N17_REFRESH/logs/project_policy_final.stderr	0	e3b0c44298fc1c149afbf4c8996fb92427ae41e4649b934ca495991b7852b855
FILE	/Users/Shared/micah/Documents/TNN/TNN/Research/R33_NATIVE_N17_R27_CONTINUITY/FINAL_B_20260915_1409/N17_REFRESH/logs/member_52_0.stdout	827112	2dc87e0fcd52f9c38f6addbbb1c86c7fa8df1f1e2d02fc880ef28f514db33d09
FILE	/Users/Shared/micah/Documents/TNN/TNN/Research/R33_NATIVE_N17_R27_CONTINUITY/FINAL_B_20260915_1409/N17_REFRESH/logs/expanded_38_11.stderr	0	e3b0c44298fc1c149afbf4c8996fb92427ae41e4649b934ca495991b7852b855
FILE	/Users/Shared/micah/Documents/TNN/TNN/Research/R33_NATIVE_N17_R27_CONTINUITY/FINAL_B_20260915_1409/N17_REFRESH/logs/expanded_11_22.stderr	0	e3b0c44298fc1c149afbf4c8996fb92427ae41e4649b934ca495991b7852b855
FILE	/Users/Shared/micah/Documents/TNN/TNN/Research/R33_NATIVE_N17_R27_CONTINUITY/FINAL_B_20260915_1409/N17_REFRESH/logs/nested_member_7_102.stdout	1274	2fc9f312e64b96d898d55571d393504c8aa896e3111c5c6da05cabe9dfee61ae
FILE	/Users/Shared/micah/Documents/TNN/TNN/Research/R33_NATIVE_N17_R27_CONTINUITY/FINAL_B_20260915_1409/N17_REFRESH/logs/nested_list_2.stdout	31115	025654a8055f4c6b73fd950cb9fd041f6a59f41b5c5faadd4561c12c2f082ebf
FILE	/Users/Shared/micah/Documents/TNN/TNN/Research/R33_NATIVE_N17_R27_CONTINUITY/FINAL_B_20260915_1409/N17_REFRESH/logs/expanded_38_632.stderr	0	e3b0c44298fc1c149afbf4c8996fb92427ae41e4649b934ca495991b7852b855
FILE	/Users/Shared/micah/Documents/TNN/TNN/Research/R33_NATIVE_N17_R27_CONTINUITY/FINAL_B_20260915_1409/N17_REFRESH/logs/expanded_44_630.stdout	7830	1fad2b37a2dd6babe0312a3187c4429fa6bb86209102ae1860668fc4c9b66e85
FILE	/Users/Shared/micah/Documents/TNN/TNN/Research/R33_NATIVE_N17_R27_CONTINUITY/FINAL_B_20260915_1409/N17_REFRESH/logs/expanded_38_630.argv	168	60c3ae82038f30f0884db888c374dabdc1ed5590268ed8251c6814a82f45a3a8
FILE	/Users/Shared/micah/Documents/TNN/TNN/Research/R33_NATIVE_N17_R27_CONTINUITY/FINAL_B_20260915_1409/N17_REFRESH/logs/expanded_17_214.stdout	9233	5cca1ea80075d869b21a4eeb69c743212d81be0b91c5e2f39a1e67a65188a873
FILE	/Users/Shared/micah/Documents/TNN/TNN/Research/R33_NATIVE_N17_R27_CONTINUITY/FINAL_B_20260915_1409/N17_REFRESH/logs/expanded_17_212.exit	2	9a271f2a916b0b6ee6cecb2426f0b3206ef074578be55d9bc94f6f3fe3ab86aa
FILE	/Users/Shared/micah/Documents/TNN/TNN/Research/R33_NATIVE_N17_R27_CONTINUITY/FINAL_B_20260915_1409/N17_REFRESH/logs/expanded_46_124.stderr	0	e3b0c44298fc1c149afbf4c8996fb92427ae41e4649b934ca495991b7852b855
FILE	/Users/Shared/micah/Documents/TNN/TNN/Research/R33_NATIVE_N17_R27_CONTINUITY/FINAL_B_20260915_1409/N17_REFRESH/logs/nested_member_2_527.stderr	0	e3b0c44298fc1c149afbf4c8996fb92427ae41e4649b934ca495991b7852b855
FILE	/Users/Shared/micah/Documents/TNN/TNN/Research/R33_NATIVE_N17_R27_CONTINUITY/FINAL_B_20260915_1409/N17_REFRESH/logs/expanded_33_25.stderr	0	e3b0c44298fc1c149afbf4c8996fb92427ae41e4649b934ca495991b7852b855
FILE	/Users/Shared/micah/Documents/TNN/TNN/Research/R33_NATIVE_N17_R27_CONTINUITY/FINAL_B_20260915_1409/N17_REFRESH/logs/expanded_44_606.argv	178	4fa70b67f4dc9bc8005da7af1de55806ea75c2db48f33c10abd2267a4cab8556
FILE	/Users/Shared/micah/Documents/TNN/TNN/Research/R33_NATIVE_N17_R27_CONTINUITY/FINAL_B_20260915_1409/N17_REFRESH/logs/project_policy.exit	2	9a271f2a916b0b6ee6cecb2426f0b3206ef074578be55d9bc94f6f3fe3ab86aa
FILE	/Users/Shared/micah/Documents/TNN/TNN/Research/R33_NATIVE_N17_R27_CONTINUITY/FINAL_B_20260915_1409/N17_REFRESH/logs/expanded_18_62.argv	153	ecc132c01ec4941bfb906e2fddecf015d7389fbdda8c01ee43d9c5deab375110
FILE	/Users/Shared/micah/Documents/TNN/TNN/Research/R33_NATIVE_N17_R27_CONTINUITY/FINAL_B_20260915_1409/N17_REFRESH/logs/expanded_4_28.stdout	2991	f1bc6436c1c2cc450a4f5f41c58f38c71f380482655f99f5d5ebd3c90a070acc
FILE	/Users/Shared/micah/Documents/TNN/TNN/Research/R33_NATIVE_N17_R27_CONTINUITY/FINAL_B_20260915_1409/N17_REFRESH/logs/expanded_17_246.argv	118	7e8071e21b07c71b1b1b581ba22acf3e2c65886cd4d08bd3d7deca861b7d2978
FILE	/Users/Shared/micah/Documents/TNN/TNN/Research/R33_NATIVE_N17_R27_CONTINUITY/FINAL_B_20260915_1409/N17_REFRESH/logs/archive_28.argv	104	2aa712a3bad01e6c7b1f23d89ae80d915d922229796b8cd8cbc8265ecdca96fb
FILE	/Users/Shared/micah/Documents/TNN/TNN/Research/R33_NATIVE_N17_R27_CONTINUITY/FINAL_B_20260915_1409/N17_REFRESH/logs/member_9_0.stdout	4018	d3a8bc32719882b6575ac3f31e83e9ed6ff036be83cecb84138de3e2e1df84ad
FILE	/Users/Shared/micah/Documents/TNN/TNN/Research/R33_NATIVE_N17_R27_CONTINUITY/FINAL_B_20260915_1409/N17_REFRESH/logs/r25_missing.stderr	0	e3b0c44298fc1c149afbf4c8996fb92427ae41e4649b934ca495991b7852b855
FILE	/Users/Shared/micah/Documents/TNN/TNN/Research/R33_NATIVE_N17_R27_CONTINUITY/FINAL_B_20260915_1409/N17_REFRESH/logs/member_8_0.stdout	1915	0f78eef559a9826dd865fe7c22b292692189702c24ef6c19a60f11ad5cb8626f
FILE	/Users/Shared/micah/Documents/TNN/TNN/Research/R33_NATIVE_N17_R27_CONTINUITY/FINAL_B_20260915_1409/N17_REFRESH/logs/expanded_44_653.stdout	4245	3ea8fe514911a5591eb1522d00945928a5d8a4a7a6b4d230dd0d539d43268ed5
FILE	/Users/Shared/micah/Documents/TNN/TNN/Research/R33_NATIVE_N17_R27_CONTINUITY/FINAL_B_20260915_1409/N17_REFRESH/logs/expanded_46_121.argv	146	00360e5bcc71d05099b0cdfe272de10f0fd6e9efb6c1f6831777c74b8a108f3e
FILE	/Users/Shared/micah/Documents/TNN/TNN/Research/R33_NATIVE_N17_R27_CONTINUITY/FINAL_B_20260915_1409/N17_REFRESH/logs/expanded_54_34.argv	151	3bbf841b3ecc7670aca88fe0e56e5a1569c1c09c5355b94627f295ac688659cb
FILE	/Users/Shared/micah/Documents/TNN/TNN/Research/R33_NATIVE_N17_R27_CONTINUITY/FINAL_B_20260915_1409/N17_REFRESH/logs/project_bounded_allocator_tests.stdout	0	e3b0c44298fc1c149afbf4c8996fb92427ae41e4649b934ca495991b7852b855
FILE	/Users/Shared/micah/Documents/TNN/TNN/Research/R33_NATIVE_N17_R27_CONTINUITY/FINAL_B_20260915_1409/N17_REFRESH/logs/expanded_31_25.exit	2	9a271f2a916b0b6ee6cecb2426f0b3206ef074578be55d9bc94f6f3fe3ab86aa
FILE	/Users/Shared/micah/Documents/TNN/TNN/Research/R33_NATIVE_N17_R27_CONTINUITY/FINAL_B_20260915_1409/N17_REFRESH/logs/expanded_4_25.argv	144	8df234ada2d2c6408cb5e0f02d29872e4db6cebb095a531a815bc41107a208d8
FILE	/Users/Shared/micah/Documents/TNN/TNN/Research/R33_NATIVE_N17_R27_CONTINUITY/FINAL_B_20260915_1409/N17_REFRESH/logs/expanded_47_34.stdout	3068	b207c0a4beb449972e9707ebee3f51a4ba28fe1694440f35d399371ec8dacb52
FILE	/Users/Shared/micah/Documents/TNN/TNN/Research/R33_NATIVE_N17_R27_CONTINUITY/FINAL_B_20260915_1409/N17_REFRESH/logs/expanded_38_667.argv	157	2725a0610ff293b713568be865c76c833369ceaccd27eedd2e96a2f7251a2d9d
FILE	/Users/Shared/micah/Documents/TNN/TNN/Research/R33_NATIVE_N17_R27_CONTINUITY/FINAL_B_20260915_1409/N17_REFRESH/logs/expanded_44_605.exit	2	9a271f2a916b0b6ee6cecb2426f0b3206ef074578be55d9bc94f6f3fe3ab86aa
FILE	/Users/Shared/micah/Documents/TNN/TNN/Research/R33_NATIVE_N17_R27_CONTINUITY/FINAL_B_20260915_1409/N17_REFRESH/logs/nested_member_3_127.stdout	43658	860b3d908d13fdbb0397ee7a7d59e68dc98c820bc844710a878e7e6788a58ac9
FILE	/Users/Shared/micah/Documents/TNN/TNN/Research/R33_NATIVE_N17_R27_CONTINUITY/FINAL_B_20260915_1409/N17_REFRESH/logs/classifier.exit	3	6442bc26a7c562f5afe6467dab36365c709909f6a81afcecfc0c25cff0f1bab0
FILE	/Users/Shared/micah/Documents/TNN/TNN/Research/R33_NATIVE_N17_R27_CONTINUITY/FINAL_B_20260915_1409/N17_REFRESH/logs/archive_90.argv	150	ac537afdb89f20d5bbe138716b551fe50f9e2d4c4a7c3b9ad24aab1fe346fec0
FILE	/Users/Shared/micah/Documents/TNN/TNN/Research/R33_NATIVE_N17_R27_CONTINUITY/FINAL_B_20260915_1409/N17_REFRESH/logs/expanded_17_211.argv	126	0d648aa466376cf59795ca8f34c75cf0c9d31c2f693ef350a09b5905c12734ce
FILE	/Users/Shared/micah/Documents/TNN/TNN/Research/R33_NATIVE_N17_R27_CONTINUITY/FINAL_B_20260915_1409/N17_REFRESH/logs/expanded_38_633.exit	2	9a271f2a916b0b6ee6cecb2426f0b3206ef074578be55d9bc94f6f3fe3ab86aa
FILE	/Users/Shared/micah/Documents/TNN/TNN/Research/R33_NATIVE_N17_R27_CONTINUITY/FINAL_B_20260915_1409/N17_REFRESH/logs/expanded_18_37.stdout	3849	5cbf70ad680c7de339f7d1a57d90a4bf6814d94a596052dfbe495256d7c8a71d
FILE	/Users/Shared/micah/Documents/TNN/TNN/Research/R33_NATIVE_N17_R27_CONTINUITY/FINAL_B_20260915_1409/N17_REFRESH/logs/corrupt_policy_setup_final.stdout	0	e3b0c44298fc1c149afbf4c8996fb92427ae41e4649b934ca495991b7852b855
FILE	/Users/Shared/micah/Documents/TNN/TNN/Research/R33_NATIVE_N17_R27_CONTINUITY/FINAL_B_20260915_1409/N17_REFRESH/logs/expanded_55_51.stderr	0	e3b0c44298fc1c149afbf4c8996fb92427ae41e4649b934ca495991b7852b855
FILE	/Users/Shared/micah/Documents/TNN/TNN/Research/R33_NATIVE_N17_R27_CONTINUITY/FINAL_B_20260915_1409/N17_REFRESH/logs/nested_member_1_51.stdout	18050	f2b02a1859f3cbf6fb28eb96571d6fb2f0ca6ec84a391d5db7861be8a37e7f4d
FILE	/Users/Shared/micah/Documents/TNN/TNN/Research/R33_NATIVE_N17_R27_CONTINUITY/FINAL_B_20260915_1409/N17_REFRESH/logs/archive_73.stderr	56	d020996efa8ef774f2a5b5df38bdab4a049eb9bb54bf82ec8618c616a66fe9e2
FILE	/Users/Shared/micah/Documents/TNN/TNN/Research/R33_NATIVE_N17_R27_CONTINUITY/FINAL_B_20260915_1409/N17_REFRESH/logs/git_blob_59932c410952553402ab2288ee91bebfd3093717.stdout	569	731bc77dba6aff9242f300ba1e8b3d9ad576214dfee28de14eccc9561fc8d277
FILE	/Users/Shared/micah/Documents/TNN/TNN/Research/R33_NATIVE_N17_R27_CONTINUITY/FINAL_B_20260915_1409/N17_REFRESH/logs/complete_pinmatch.exit	2	9a271f2a916b0b6ee6cecb2426f0b3206ef074578be55d9bc94f6f3fe3ab86aa
FILE	/Users/Shared/micah/Documents/TNN/TNN/Research/R33_NATIVE_N17_R27_CONTINUITY/FINAL_B_20260915_1409/N17_REFRESH/logs/expanded_19_248.stdout	49683	2c4e872f72df06d2c24488bc257dc0c299c41da3c42f2d8fac0a87953203f9a3
FILE	/Users/Shared/micah/Documents/TNN/TNN/Research/R33_NATIVE_N17_R27_CONTINUITY/FINAL_B_20260915_1409/N17_REFRESH/logs/nested_member_1_22.exit	2	9a271f2a916b0b6ee6cecb2426f0b3206ef074578be55d9bc94f6f3fe3ab86aa
FILE	/Users/Shared/micah/Documents/TNN/TNN/Research/R33_NATIVE_N17_R27_CONTINUITY/FINAL_B_20260915_1409/N17_REFRESH/logs/nested_member_4_536.stdout	2496	12314831b4fff054076d105dbe7c2f8dca52c45c1e98f92864548e19280ac47f
FILE	/Users/Shared/micah/Documents/TNN/TNN/Research/R33_NATIVE_N17_R27_CONTINUITY/FINAL_B_20260915_1409/N17_REFRESH/logs/expanded_11_30.stderr	0	e3b0c44298fc1c149afbf4c8996fb92427ae41e4649b934ca495991b7852b855
FILE	/Users/Shared/micah/Documents/TNN/TNN/Research/R33_NATIVE_N17_R27_CONTINUITY/FINAL_B_20260915_1409/N17_REFRESH/logs/nested_member_1_120.exit	2	9a271f2a916b0b6ee6cecb2426f0b3206ef074578be55d9bc94f6f3fe3ab86aa
FILE	/Users/Shared/micah/Documents/TNN/TNN/Research/R33_NATIVE_N17_R27_CONTINUITY/FINAL_B_20260915_1409/N17_REFRESH/logs/nested_member_8_537.argv	197	5853639a643c30da6f8511458f6a955e1be878227e682776e781907bc8d1f68c
FILE	/Users/Shared/micah/Documents/TNN/TNN/Research/R33_NATIVE_N17_R27_CONTINUITY/FINAL_B_20260915_1409/N17_REFRESH/logs/expanded_47_45.stdout	3069	2f08c92eb74ef3d38d88732b35816a0d328e67e32017658546ae9a35e602a526
FILE	/Users/Shared/micah/Documents/TNN/TNN/Research/R33_NATIVE_N17_R27_CONTINUITY/FINAL_B_20260915_1409/N17_REFRESH/logs/expanded_17_206.stdout	2235	4c5a36d62f2a51ea939b741207ad8300e5ae71cb003340572348dd7d34609ec0
FILE	/Users/Shared/micah/Documents/TNN/TNN/Research/R33_NATIVE_N17_R27_CONTINUITY/FINAL_B_20260915_1409/N17_REFRESH/logs/archive_86.argv	149	409a2027c95c32fa9e4685f6118eab643042d8112b069ef503767e91f7d3ae81
FILE	/Users/Shared/micah/Documents/TNN/TNN/Research/R33_NATIVE_N17_R27_CONTINUITY/FINAL_B_20260915_1409/N17_REFRESH/logs/nested_member_5_417.exit	2	9a271f2a916b0b6ee6cecb2426f0b3206ef074578be55d9bc94f6f3fe3ab86aa
FILE	/Users/Shared/micah/Documents/TNN/TNN/Research/R33_NATIVE_N17_R27_CONTINUITY/FINAL_B_20260915_1409/N17_REFRESH/logs/expanded_44_613.exit	2	9a271f2a916b0b6ee6cecb2426f0b3206ef074578be55d9bc94f6f3fe3ab86aa
FILE	/Users/Shared/micah/Documents/TNN/TNN/Research/R33_NATIVE_N17_R27_CONTINUITY/FINAL_B_20260915_1409/N17_REFRESH/logs/expanded_38_620.stderr	0	e3b0c44298fc1c149afbf4c8996fb92427ae41e4649b934ca495991b7852b855
FILE	/Users/Shared/micah/Documents/TNN/TNN/Research/R33_NATIVE_N17_R27_CONTINUITY/FINAL_B_20260915_1409/N17_REFRESH/logs/expanded_44_622.stdout	8908	7dbec5570c43b5fdb81afcea25e3a4b6cbaab3e003f052cf594e624bd54ec128
FILE	/Users/Shared/micah/Documents/TNN/TNN/Research/R33_NATIVE_N17_R27_CONTINUITY/FINAL_B_20260915_1409/N17_REFRESH/logs/nested_member_4_417.exit	2	9a271f2a916b0b6ee6cecb2426f0b3206ef074578be55d9bc94f6f3fe3ab86aa
FILE	/Users/Shared/micah/Documents/TNN/TNN/Research/R33_NATIVE_N17_R27_CONTINUITY/FINAL_B_20260915_1409/N17_REFRESH/logs/nested_member_4_102.exit	2	9a271f2a916b0b6ee6cecb2426f0b3206ef074578be55d9bc94f6f3fe3ab86aa
FILE	/Users/Shared/micah/Documents/TNN/TNN/Research/R33_NATIVE_N17_R27_CONTINUITY/FINAL_B_20260915_1409/N17_REFRESH/logs/expanded_52_122.stdout	14657	2c1fc7464f806473e998722d76913ac679468374616398f4502653d0654e426f
FILE	/Users/Shared/micah/Documents/TNN/TNN/Research/R33_NATIVE_N17_R27_CONTINUITY/FINAL_B_20260915_1409/N17_REFRESH/logs/member_17_0.stderr	0	e3b0c44298fc1c149afbf4c8996fb92427ae41e4649b934ca495991b7852b855
FILE	/Users/Shared/micah/Documents/TNN/TNN/Research/R33_NATIVE_N17_R27_CONTINUITY/FINAL_B_20260915_1409/N17_REFRESH/logs/nested_member_5_102.exit	2	9a271f2a916b0b6ee6cecb2426f0b3206ef074578be55d9bc94f6f3fe3ab86aa
FILE	/Users/Shared/micah/Documents/TNN/TNN/Research/R33_NATIVE_N17_R27_CONTINUITY/FINAL_B_20260915_1409/N17_REFRESH/logs/expanded_38_625.exit	2	9a271f2a916b0b6ee6cecb2426f0b3206ef074578be55d9bc94f6f3fe3ab86aa
FILE	/Users/Shared/micah/Documents/TNN/TNN/Research/R33_NATIVE_N17_R27_CONTINUITY/FINAL_B_20260915_1409/N17_REFRESH/logs/expanded_17_207.argv	135	29e8018d031ad929f3dc0ebb0e5123f7bb8456099a163f7db436a5f648d4d1f0
FILE	/Users/Shared/micah/Documents/TNN/TNN/Research/R33_NATIVE_N17_R27_CONTINUITY/FINAL_B_20260915_1409/N17_REFRESH/logs/archive_69.argv	185	10c7c5b71ee08f904fee1b1492f866ae62c6ba00371655f265cfd4bb1cef74e3
FILE	/Users/Shared/micah/Documents/TNN/TNN/Research/R33_NATIVE_N17_R27_CONTINUITY/FINAL_B_20260915_1409/N17_REFRESH/logs/expanded_5_88.stdout	2991	f1bc6436c1c2cc450a4f5f41c58f38c71f380482655f99f5d5ebd3c90a070acc
FILE	/Users/Shared/micah/Documents/TNN/TNN/Research/R33_NATIVE_N17_R27_CONTINUITY/FINAL_B_20260915_1409/N17_REFRESH/logs/nested_member_3_70.stderr	0	e3b0c44298fc1c149afbf4c8996fb92427ae41e4649b934ca495991b7852b855
FILE	/Users/Shared/micah/Documents/TNN/TNN/Research/R33_NATIVE_N17_R27_CONTINUITY/FINAL_B_20260915_1409/N17_REFRESH/logs/nested_member_4_528.stdout	3682	b952525737a7e06a3565f11b6417b41f81beefd0294f809afb6bdef1713045d1
FILE	/Users/Shared/micah/Documents/TNN/TNN/Research/R33_NATIVE_N17_R27_CONTINUITY/FINAL_B_20260915_1409/N17_REFRESH/logs/nested_member_1_123.argv	210	3847503c6412dc1d6dbd6a82ab49cca0bd64fb8f147a255e197ff62559f1349d
FILE	/Users/Shared/micah/Documents/TNN/TNN/Research/R33_NATIVE_N17_R27_CONTINUITY/FINAL_B_20260915_1409/N17_REFRESH/logs/nested_member_1_21.argv	212	c8cb9e80e06757e7224f5d369c52c62e2d91704436172154e581490ea6d23751
FILE	/Users/Shared/micah/Documents/TNN/TNN/Research/R33_NATIVE_N17_R27_CONTINUITY/FINAL_B_20260915_1409/N17_REFRESH/logs/nested_member_5_136.stderr	0	e3b0c44298fc1c149afbf4c8996fb92427ae41e4649b934ca495991b7852b855
FILE	/Users/Shared/micah/Documents/TNN/TNN/Research/R33_NATIVE_N17_R27_CONTINUITY/FINAL_B_20260915_1409/N17_REFRESH/logs/expanded_4_30.exit	2	9a271f2a916b0b6ee6cecb2426f0b3206ef074578be55d9bc94f6f3fe3ab86aa
FILE	/Users/Shared/micah/Documents/TNN/TNN/Research/R33_NATIVE_N17_R27_CONTINUITY/FINAL_B_20260915_1409/N17_REFRESH/logs/expanded_74_28.exit	2	9a271f2a916b0b6ee6cecb2426f0b3206ef074578be55d9bc94f6f3fe3ab86aa
FILE	/Users/Shared/micah/Documents/TNN/TNN/Research/R33_NATIVE_N17_R27_CONTINUITY/FINAL_B_20260915_1409/N17_REFRESH/logs/nested_member_7_537.stderr	0	e3b0c44298fc1c149afbf4c8996fb92427ae41e4649b934ca495991b7852b855
FILE	/Users/Shared/micah/Documents/TNN/TNN/Research/R33_NATIVE_N17_R27_CONTINUITY/FINAL_B_20260915_1409/N17_REFRESH/logs/expanded_38_643.stderr	0	e3b0c44298fc1c149afbf4c8996fb92427ae41e4649b934ca495991b7852b855
FILE	/Users/Shared/micah/Documents/TNN/TNN/Research/R33_NATIVE_N17_R27_CONTINUITY/FINAL_B_20260915_1409/N17_REFRESH/logs/expanded_44_641.stdout	12578	dd67b04f6e9e32c9809d3d0d90a07dc4df967c743143c77eb74aa5b44caa3165
FILE	/Users/Shared/micah/Documents/TNN/TNN/Research/R33_NATIVE_N17_R27_CONTINUITY/FINAL_B_20260915_1409/N17_REFRESH/logs/expanded_17_204.exit	2	9a271f2a916b0b6ee6cecb2426f0b3206ef074578be55d9bc94f6f3fe3ab86aa
FILE	/Users/Shared/micah/Documents/TNN/TNN/Research/R33_NATIVE_N17_R27_CONTINUITY/FINAL_B_20260915_1409/N17_REFRESH/logs/nested_member_7_84.stdout	2696	16e785b68df61c7fa96ab423967078de9fcea7fc68ff185a3e7140b6c88593c4
FILE	/Users/Shared/micah/Documents/TNN/TNN/Research/R33_NATIVE_N17_R27_CONTINUITY/FINAL_B_20260915_1409/N17_REFRESH/logs/expanded_38_626.argv	165	a2b0ef3b473ffc2efa31298ea8b3bec65a5d369dde266fdb69eb2ef8421af85a
FILE	/Users/Shared/micah/Documents/TNN/TNN/Research/R33_NATIVE_N17_R27_CONTINUITY/FINAL_B_20260915_1409/N17_REFRESH/logs/expanded_4_24.stdout	4541	2cc415225bb71a6fc95aeaa467e3eb8fecc542c0e419deeca5b2e44a57b2de11
FILE	/Users/Shared/micah/Documents/TNN/TNN/Research/R33_NATIVE_N17_R27_CONTINUITY/FINAL_B_20260915_1409/N17_REFRESH/logs/expanded_44_644.exit	2	9a271f2a916b0b6ee6cecb2426f0b3206ef074578be55d9bc94f6f3fe3ab86aa
FILE	/Users/Shared/micah/Documents/TNN/TNN/Research/R33_NATIVE_N17_R27_CONTINUITY/FINAL_B_20260915_1409/N17_REFRESH/logs/expanded_46_128.stderr	0	e3b0c44298fc1c149afbf4c8996fb92427ae41e4649b934ca495991b7852b855
FILE	/Users/Shared/micah/Documents/TNN/TNN/Research/R33_NATIVE_N17_R27_CONTINUITY/FINAL_B_20260915_1409/N17_REFRESH/logs/expanded_47_31.exit	2	9a271f2a916b0b6ee6cecb2426f0b3206ef074578be55d9bc94f6f3fe3ab86aa
FILE	/Users/Shared/micah/Documents/TNN/TNN/Research/R33_NATIVE_N17_R27_CONTINUITY/FINAL_B_20260915_1409/N17_REFRESH/logs/protected_before.exit	2	9a271f2a916b0b6ee6cecb2426f0b3206ef074578be55d9bc94f6f3fe3ab86aa
FILE	/Users/Shared/micah/Documents/TNN/TNN/Research/R33_NATIVE_N17_R27_CONTINUITY/FINAL_B_20260915_1409/N17_REFRESH/logs/primitives.exit	2	9a271f2a916b0b6ee6cecb2426f0b3206ef074578be55d9bc94f6f3fe3ab86aa
FILE	/Users/Shared/micah/Documents/TNN/TNN/Research/R33_NATIVE_N17_R27_CONTINUITY/FINAL_B_20260915_1409/N17_REFRESH/logs/archive_10.stderr	0	e3b0c44298fc1c149afbf4c8996fb92427ae41e4649b934ca495991b7852b855
FILE	/Users/Shared/micah/Documents/TNN/TNN/Research/R33_NATIVE_N17_R27_CONTINUITY/FINAL_B_20260915_1409/N17_REFRESH/logs/expanded_17_218.stdout	26223	b529343363435df2b7fcbabeef9535ec6a72e92ddd13725230415b7c9f5f3816
FILE	/Users/Shared/micah/Documents/TNN/TNN/Research/R33_NATIVE_N17_R27_CONTINUITY/FINAL_B_20260915_1409/N17_REFRESH/logs/expanded_44_610.argv	165	130f22683b0c473b463e1ee0ac86003b8a6f16a812e260d3d713da88eba2b4d8
FILE	/Users/Shared/micah/Documents/TNN/TNN/Research/R33_NATIVE_N17_R27_CONTINUITY/FINAL_B_20260915_1409/N17_REFRESH/logs/member_9_0.argv	126	d9080ede4f8288913ad1465d78184b1f85222f4216b99fb1672730df61f5ac30
FILE	/Users/Shared/micah/Documents/TNN/TNN/Research/R33_NATIVE_N17_R27_CONTINUITY/FINAL_B_20260915_1409/N17_REFRESH/logs/archive_85.exit	2	4355a46b19d348dc2f57c046f8ef63d4538ebb936000f3c9ee954a27460dd865
FILE	/Users/Shared/micah/Documents/TNN/TNN/Research/R33_NATIVE_N17_R27_CONTINUITY/FINAL_B_20260915_1409/N17_REFRESH/logs/archive_88.stderr	0	e3b0c44298fc1c149afbf4c8996fb92427ae41e4649b934ca495991b7852b855
FILE	/Users/Shared/micah/Documents/TNN/TNN/Research/R33_NATIVE_N17_R27_CONTINUITY/FINAL_B_20260915_1409/N17_REFRESH/logs/expanded_19_211.stderr	0	e3b0c44298fc1c149afbf4c8996fb92427ae41e4649b934ca495991b7852b855
FILE	/Users/Shared/micah/Documents/TNN/TNN/Research/R33_NATIVE_N17_R27_CONTINUITY/FINAL_B_20260915_1409/N17_REFRESH/logs/expanded_38_604.stdout	4216	77b2988d8b39f12a56a87ae57cb82c3f52921d9ef9fccd44103ac272fa986ff4
FILE	/Users/Shared/micah/Documents/TNN/TNN/Research/R33_NATIVE_N17_R27_CONTINUITY/FINAL_B_20260915_1409/N17_REFRESH/logs/expanded_44_606.stderr	0	e3b0c44298fc1c149afbf4c8996fb92427ae41e4649b934ca495991b7852b855
FILE	/Users/Shared/micah/Documents/TNN/TNN/Research/R33_NATIVE_N17_R27_CONTINUITY/FINAL_B_20260915_1409/N17_REFRESH/logs/nested_member_1_128.argv	202	2452f33a737fccaba3122081078169a2db8ae34cc01345798273fe9443587c57
FILE	/Users/Shared/micah/Documents/TNN/TNN/Research/R33_NATIVE_N17_R27_CONTINUITY/FINAL_B_20260915_1409/N17_REFRESH/logs/expanded_74_23.exit	2	9a271f2a916b0b6ee6cecb2426f0b3206ef074578be55d9bc94f6f3fe3ab86aa
FILE	/Users/Shared/micah/Documents/TNN/TNN/Research/R33_NATIVE_N17_R27_CONTINUITY/FINAL_B_20260915_1409/N17_REFRESH/logs/expanded_11_32.argv	146	3bcfae1185187b24afbec2b304271b31bad631ba2f695fb6639e9a7ec89a7c54
FILE	/Users/Shared/micah/Documents/TNN/TNN/Research/R33_NATIVE_N17_R27_CONTINUITY/FINAL_B_20260915_1409/N17_REFRESH/logs/expanded_46_112.stdout	3878	ea30b6c57d42e6be5604664d5e16d5a90fb2bbbdbc737bc6009c04de9db3cec6
FILE	/Users/Shared/micah/Documents/TNN/TNN/Research/R33_NATIVE_N17_R27_CONTINUITY/FINAL_B_20260915_1409/N17_REFRESH/logs/nested_member_3_121.argv	210	0492e515617df09f3773f39993fa235dd0c71acd12dcbae6916e77d47d951254
FILE	/Users/Shared/micah/Documents/TNN/TNN/Research/R33_NATIVE_N17_R27_CONTINUITY/FINAL_B_20260915_1409/N17_REFRESH/logs/expanded_30_16.argv	170	389c58b9f3112b5bec1e6718821cac8c0714ce3c4451836f37d117b3dc0460b1
FILE	/Users/Shared/micah/Documents/TNN/TNN/Research/R33_NATIVE_N17_R27_CONTINUITY/FINAL_B_20260915_1409/N17_REFRESH/logs/expanded_18_62.stderr	0	e3b0c44298fc1c149afbf4c8996fb92427ae41e4649b934ca495991b7852b855
FILE	/Users/Shared/micah/Documents/TNN/TNN/Research/R33_NATIVE_N17_R27_CONTINUITY/FINAL_B_20260915_1409/N17_REFRESH/logs/archive_61.exit	2	4355a46b19d348dc2f57c046f8ef63d4538ebb936000f3c9ee954a27460dd865
FILE	/Users/Shared/micah/Documents/TNN/TNN/Research/R33_NATIVE_N17_R27_CONTINUITY/FINAL_B_20260915_1409/N17_REFRESH/logs/archive_57.stdout	0	e3b0c44298fc1c149afbf4c8996fb92427ae41e4649b934ca495991b7852b855
FILE	/Users/Shared/micah/Documents/TNN/TNN/Research/R33_NATIVE_N17_R27_CONTINUITY/FINAL_B_20260915_1409/N17_REFRESH/logs/member_47_1.stderr	0	e3b0c44298fc1c149afbf4c8996fb92427ae41e4649b934ca495991b7852b855
FILE	/Users/Shared/micah/Documents/TNN/TNN/Research/R33_NATIVE_N17_R27_CONTINUITY/FINAL_B_20260915_1409/N17_REFRESH/logs/expanded_9_61.argv	151	e8a7fbe8edd7959d2a64bdc3736e8c5e87f482ef49402fefbf944566aaa3c4a6
FILE	/Users/Shared/micah/Documents/TNN/TNN/Research/R33_NATIVE_N17_R27_CONTINUITY/FINAL_B_20260915_1409/N17_REFRESH/logs/large_archive_6.argv	182	9c6b623a954e46b00e2f6d38d9fb942d8b57304f6ffc5785eb27cf73b12f32ef
FILE	/Users/Shared/micah/Documents/TNN/TNN/Research/R33_NATIVE_N17_R27_CONTINUITY/FINAL_B_20260915_1409/N17_REFRESH/logs/archive_35.argv	108	ae836b36809a219e3b2ca3604f0d9b8a541c74d6c45e65f242475799b724efda
FILE	/Users/Shared/micah/Documents/TNN/TNN/Research/R33_NATIVE_N17_R27_CONTINUITY/FINAL_B_20260915_1409/N17_REFRESH/logs/member_46_1.argv	147	5a28fd9e69cbeff9738214591812b4a3ec9526536fbb5f2516a9ccc80ac39234
FILE	/Users/Shared/micah/Documents/TNN/TNN/Research/R33_NATIVE_N17_R27_CONTINUITY/FINAL_B_20260915_1409/N17_REFRESH/logs/member_46_1.stderr	0	e3b0c44298fc1c149afbf4c8996fb92427ae41e4649b934ca495991b7852b855
FILE	/Users/Shared/micah/Documents/TNN/TNN/Research/R33_NATIVE_N17_R27_CONTINUITY/FINAL_B_20260915_1409/N17_REFRESH/logs/nested_member_3_122.exit	2	9a271f2a916b0b6ee6cecb2426f0b3206ef074578be55d9bc94f6f3fe3ab86aa
FILE	/Users/Shared/micah/Documents/TNN/TNN/Research/R33_NATIVE_N17_R27_CONTINUITY/FINAL_B_20260915_1409/N17_REFRESH/logs/expanded_27_5.argv	146	91884b0a30fb7cda4f727044dfe74f882287dcfc9ad3767f581810b4645093a0
FILE	/Users/Shared/micah/Documents/TNN/TNN/Research/R33_NATIVE_N17_R27_CONTINUITY/FINAL_B_20260915_1409/N17_REFRESH/logs/project_r26.argv	548	f6aa286ba6ca52264ca07260be81b11634c986e0deae1ae475705eaf1d91bc01
FILE	/Users/Shared/micah/Documents/TNN/TNN/Research/R33_NATIVE_N17_R27_CONTINUITY/FINAL_B_20260915_1409/N17_REFRESH/logs/nested_member_3_40.argv	227	11c23948f41ba9627cd80243f458fff6e8c0fe20b64bbc7b4b00d6065d989493
FILE	/Users/Shared/micah/Documents/TNN/TNN/Research/R33_NATIVE_N17_R27_CONTINUITY/FINAL_B_20260915_1409/N17_REFRESH/logs/expanded_52_118.stderr	0	e3b0c44298fc1c149afbf4c8996fb92427ae41e4649b934ca495991b7852b855
FILE	/Users/Shared/micah/Documents/TNN/TNN/Research/R33_NATIVE_N17_R27_CONTINUITY/FINAL_B_20260915_1409/N17_REFRESH/logs/nested_member_3_29.stdout	8188	496511f9d64e3e7035cdfb15267885aede715a0415b356f86a8be8eef4d752a4
FILE	/Users/Shared/micah/Documents/TNN/TNN/Research/R33_NATIVE_N17_R27_CONTINUITY/FINAL_B_20260915_1409/N17_REFRESH/logs/expanded_11_31.exit	2	9a271f2a916b0b6ee6cecb2426f0b3206ef074578be55d9bc94f6f3fe3ab86aa
FILE	/Users/Shared/micah/Documents/TNN/TNN/Research/R33_NATIVE_N17_R27_CONTINUITY/FINAL_B_20260915_1409/N17_REFRESH/logs/project_r25_full_digest_exact_parent_v1_runner.argv	685	9b20042e8891464aaf3658d5d1a8b86ea96b9fab0b60fb8163fd28026c97ea28
FILE	/Users/Shared/micah/Documents/TNN/TNN/Research/R33_NATIVE_N17_R27_CONTINUITY/FINAL_B_20260915_1409/N17_REFRESH/logs/expanded_44_618.stderr	0	e3b0c44298fc1c149afbf4c8996fb92427ae41e4649b934ca495991b7852b855
FILE	/Users/Shared/micah/Documents/TNN/TNN/Research/R33_NATIVE_N17_R27_CONTINUITY/FINAL_B_20260915_1409/N17_REFRESH/logs/nested_member_1_29.exit	2	9a271f2a916b0b6ee6cecb2426f0b3206ef074578be55d9bc94f6f3fe3ab86aa
FILE	/Users/Shared/micah/Documents/TNN/TNN/Research/R33_NATIVE_N17_R27_CONTINUITY/FINAL_B_20260915_1409/N17_REFRESH/logs/build_memo.stderr	0	e3b0c44298fc1c149afbf4c8996fb92427ae41e4649b934ca495991b7852b855
FILE	/Users/Shared/micah/Documents/TNN/TNN/Research/R33_NATIVE_N17_R27_CONTINUITY/FINAL_B_20260915_1409/N17_REFRESH/logs/project_structure.argv	581	9229e232c91debc649440a129b3e584aa8edd1dd183fe5e0e699a5133e1315f7
FILE	/Users/Shared/micah/Documents/TNN/TNN/Research/R33_NATIVE_N17_R27_CONTINUITY/FINAL_B_20260915_1409/N17_REFRESH/logs/archive_34.stdout	175	da645a180e405a8eb0dc397599dbe5af224adcf6ae312e2bd0c5b5894445306a
FILE	/Users/Shared/micah/Documents/TNN/TNN/Research/R33_NATIVE_N17_R27_CONTINUITY/FINAL_B_20260915_1409/N17_REFRESH/logs/pinmatch.stderr	0	e3b0c44298fc1c149afbf4c8996fb92427ae41e4649b934ca495991b7852b855
FILE	/Users/Shared/micah/Documents/TNN/TNN/Research/R33_NATIVE_N17_R27_CONTINUITY/FINAL_B_20260915_1409/N17_REFRESH/logs/nested_member_2_136.stderr	0	e3b0c44298fc1c149afbf4c8996fb92427ae41e4649b934ca495991b7852b855
FILE	/Users/Shared/micah/Documents/TNN/TNN/Research/R33_NATIVE_N17_R27_CONTINUITY/FINAL_B_20260915_1409/N17_REFRESH/logs/member_46_2.exit	2	9a271f2a916b0b6ee6cecb2426f0b3206ef074578be55d9bc94f6f3fe3ab86aa
FILE	/Users/Shared/micah/Documents/TNN/TNN/Research/R33_NATIVE_N17_R27_CONTINUITY/FINAL_B_20260915_1409/N17_REFRESH/logs/archive_36.exit	2	9a271f2a916b0b6ee6cecb2426f0b3206ef074578be55d9bc94f6f3fe3ab86aa
FILE	/Users/Shared/micah/Documents/TNN/TNN/Research/R33_NATIVE_N17_R27_CONTINUITY/FINAL_B_20260915_1409/N17_REFRESH/logs/expanded_44_618.exit	2	9a271f2a916b0b6ee6cecb2426f0b3206ef074578be55d9bc94f6f3fe3ab86aa
FILE	/Users/Shared/micah/Documents/TNN/TNN/Research/R33_NATIVE_N17_R27_CONTINUITY/FINAL_B_20260915_1409/N17_REFRESH/logs/large_archive_5.exit	2	9a271f2a916b0b6ee6cecb2426f0b3206ef074578be55d9bc94f6f3fe3ab86aa
FILE	/Users/Shared/micah/Documents/TNN/TNN/Research/R33_NATIVE_N17_R27_CONTINUITY/FINAL_B_20260915_1409/N17_REFRESH/logs/expanded_38_667.stdout	8870	5ded50e1d86d6d94713bbd67622409afaf0af3fba422a23a608f4b37e92ef261
FILE	/Users/Shared/micah/Documents/TNN/TNN/Research/R33_NATIVE_N17_R27_CONTINUITY/FINAL_B_20260915_1409/N17_REFRESH/logs/build_forbidden_selector_tests.exit	2	9a271f2a916b0b6ee6cecb2426f0b3206ef074578be55d9bc94f6f3fe3ab86aa
FILE	/Users/Shared/micah/Documents/TNN/TNN/Research/R33_NATIVE_N17_R27_CONTINUITY/FINAL_B_20260915_1409/N17_REFRESH/logs/expanded_47_39.argv	195	3e7319ba66ddd917f320ad0d979f761eecba92a2b93e52b163a693dc1a704ba3
FILE	/Users/Shared/micah/Documents/TNN/TNN/Research/R33_NATIVE_N17_R27_CONTINUITY/FINAL_B_20260915_1409/N17_REFRESH/logs/deep_candidate_hashes.stdout	161160	c8c72a16a475ec96c7bd1c291242fb019bfc81d0456ebf465b86a8c07c39988a
FILE	/Users/Shared/micah/Documents/TNN/TNN/Research/R33_NATIVE_N17_R27_CONTINUITY/FINAL_B_20260915_1409/N17_REFRESH/logs/archive_62.argv	207	aebc7744fd62f1c664d3231ec912f439867d464c1302ecaee005a0607c6ae944
FILE	/Users/Shared/micah/Documents/TNN/TNN/Research/R33_NATIVE_N17_R27_CONTINUITY/FINAL_B_20260915_1409/N17_REFRESH/logs/expanded_75_59.exit	2	9a271f2a916b0b6ee6cecb2426f0b3206ef074578be55d9bc94f6f3fe3ab86aa
FILE	/Users/Shared/micah/Documents/TNN/TNN/Research/R33_NATIVE_N17_R27_CONTINUITY/FINAL_B_20260915_1409/N17_REFRESH/logs/archive_49.stdout	69	f4c2b8f46e3fc86900f54be5dc5dcadc439e85627a0c94cb8096c24b341204b0
FILE	/Users/Shared/micah/Documents/TNN/TNN/Research/R33_NATIVE_N17_R27_CONTINUITY/FINAL_B_20260915_1409/N17_REFRESH/logs/expanded_11_27.exit	2	9a271f2a916b0b6ee6cecb2426f0b3206ef074578be55d9bc94f6f3fe3ab86aa
FILE	/Users/Shared/micah/Documents/TNN/TNN/Research/R33_NATIVE_N17_R27_CONTINUITY/FINAL_B_20260915_1409/N17_REFRESH/logs/expanded_40_28.exit	2	9a271f2a916b0b6ee6cecb2426f0b3206ef074578be55d9bc94f6f3fe3ab86aa
FILE	/Users/Shared/micah/Documents/TNN/TNN/Research/R33_NATIVE_N17_R27_CONTINUITY/FINAL_B_20260915_1409/N17_REFRESH/logs/archive_38.stdout	69414	372ce794a11644c0c90e2de99e48b07cf726168f8168c347b722e0e73caaf3ac
FILE	/Users/Shared/micah/Documents/TNN/TNN/Research/R33_NATIVE_N17_R27_CONTINUITY/FINAL_B_20260915_1409/N17_REFRESH/logs/nested_member_6_538.stdout	1311	685dd7f076cb8db957b0e48b5d331675ffb49f694597a6ef621032dfd8a9405a
FILE	/Users/Shared/micah/Documents/TNN/TNN/Research/R33_NATIVE_N17_R27_CONTINUITY/FINAL_B_20260915_1409/N17_REFRESH/logs/expanded_38_616.stdout	4137	a7609d1e1222d3fea3e1f59460fe965c4645ca1a30e0f65c2fb9d2b65505c51e
FILE	/Users/Shared/micah/Documents/TNN/TNN/Research/R33_NATIVE_N17_R27_CONTINUITY/FINAL_B_20260915_1409/N17_REFRESH/logs/expanded_44_614.stderr	0	e3b0c44298fc1c149afbf4c8996fb92427ae41e4649b934ca495991b7852b855
FILE	/Users/Shared/micah/Documents/TNN/TNN/Research/R33_NATIVE_N17_R27_CONTINUITY/FINAL_B_20260915_1409/N17_REFRESH/logs/expanded_38_1.argv	157	e3673f627b35a45c44b15c066bb11a648780c5bdfa54b621fa301dde01e5c4a8
FILE	/Users/Shared/micah/Documents/TNN/TNN/Research/R33_NATIVE_N17_R27_CONTINUITY/FINAL_B_20260915_1409/N17_REFRESH/logs/expanded_19_203.stderr	0	e3b0c44298fc1c149afbf4c8996fb92427ae41e4649b934ca495991b7852b855
FILE	/Users/Shared/micah/Documents/TNN/TNN/Research/R33_NATIVE_N17_R27_CONTINUITY/FINAL_B_20260915_1409/N17_REFRESH/logs/nested_member_2_530.argv	193	b1f03f6eb06cf2498b589e9ea47401b24fc6a143560df85260ba66fc17b3f802
FILE	/Users/Shared/micah/Documents/TNN/TNN/Research/R33_NATIVE_N17_R27_CONTINUITY/FINAL_B_20260915_1409/N17_REFRESH/logs/nested_member_4_139.stdout	3130	dad94b7b6a734511480e17a3a8f7535d732cc5f63889de29d179a7988badf42f
FILE	/Users/Shared/micah/Documents/TNN/TNN/Research/R33_NATIVE_N17_R27_CONTINUITY/FINAL_B_20260915_1409/N17_REFRESH/logs/expanded_52_117.exit	2	9a271f2a916b0b6ee6cecb2426f0b3206ef074578be55d9bc94f6f3fe3ab86aa
FILE	/Users/Shared/micah/Documents/TNN/TNN/Research/R33_NATIVE_N17_R27_CONTINUITY/FINAL_B_20260915_1409/N17_REFRESH/logs/expanded_8_5.stdout	1234	83639feebbe33d008b7b7ab0bf4e89457ee2c342fcb3353fb13e9587fa80af5b
FILE	/Users/Shared/micah/Documents/TNN/TNN/Research/R33_NATIVE_N17_R27_CONTINUITY/FINAL_B_20260915_1409/N17_REFRESH/logs/nested_member_5_527.stderr	0	e3b0c44298fc1c149afbf4c8996fb92427ae41e4649b934ca495991b7852b855
FILE	/Users/Shared/micah/Documents/TNN/TNN/Research/R33_NATIVE_N17_R27_CONTINUITY/FINAL_B_20260915_1409/N17_REFRESH/logs/archive_20.exit	2	4355a46b19d348dc2f57c046f8ef63d4538ebb936000f3c9ee954a27460dd865
FILE	/Users/Shared/micah/Documents/TNN/TNN/Research/R33_NATIVE_N17_R27_CONTINUITY/FINAL_B_20260915_1409/N17_REFRESH/logs/nested_member_1_125.stdout	51851	75571c0ffbf850ae48cd5bf95f2c69c1cfa9c868ae0de078596d6722091a4520
FILE	/Users/Shared/micah/Documents/TNN/TNN/Research/R33_NATIVE_N17_R27_CONTINUITY/FINAL_B_20260915_1409/N17_REFRESH/logs/archive_45.stdout	539	5a8a3d35ff40eff6eeed308d8fadbf99d5eea5414d3171e6cd38ee94f108c5a2
FILE	/Users/Shared/micah/Documents/TNN/TNN/Research/R33_NATIVE_N17_R27_CONTINUITY/FINAL_B_20260915_1409/N17_REFRESH/logs/project_independent_admission_tests.stdout	0	e3b0c44298fc1c149afbf4c8996fb92427ae41e4649b934ca495991b7852b855
FILE	/Users/Shared/micah/Documents/TNN/TNN/Research/R33_NATIVE_N17_R27_CONTINUITY/FINAL_B_20260915_1409/N17_REFRESH/logs/expanded_17_3.argv	136	16018bacc11556d36e0bdf7258c8341a88f3ddea834163214a3893cefce6361b
FILE	/Users/Shared/micah/Documents/TNN/TNN/Research/R33_NATIVE_N17_R27_CONTINUITY/FINAL_B_20260915_1409/N17_REFRESH/logs/nested_member_8_132.stderr	0	e3b0c44298fc1c149afbf4c8996fb92427ae41e4649b934ca495991b7852b855
FILE	/Users/Shared/micah/Documents/TNN/TNN/Research/R33_NATIVE_N17_R27_CONTINUITY/FINAL_B_20260915_1409/N17_REFRESH/logs/member_18_0.exit	2	9a271f2a916b0b6ee6cecb2426f0b3206ef074578be55d9bc94f6f3fe3ab86aa
FILE	/Users/Shared/micah/Documents/TNN/TNN/Research/R33_NATIVE_N17_R27_CONTINUITY/FINAL_B_20260915_1409/N17_REFRESH/logs/expanded_38_638.exit	2	9a271f2a916b0b6ee6cecb2426f0b3206ef074578be55d9bc94f6f3fe3ab86aa
FILE	/Users/Shared/micah/Documents/TNN/TNN/Research/R33_NATIVE_N17_R27_CONTINUITY/FINAL_B_20260915_1409/N17_REFRESH/logs/nested_member_7_142.argv	209	92ab840d16d7eedf315ecad2716ca3e31feee04adc83a2438cffb152d5e7c887
FILE	/Users/Shared/micah/Documents/TNN/TNN/Research/R33_NATIVE_N17_R27_CONTINUITY/FINAL_B_20260915_1409/N17_REFRESH/logs/archive_74.argv	94	8fce7dac07d84107dd29d6fe1df5d51da5d524bc79e22da207e592c5975e81cb
FILE	/Users/Shared/micah/Documents/TNN/TNN/Research/R33_NATIVE_N17_R27_CONTINUITY/FINAL_B_20260915_1409/N17_REFRESH/logs/constant_probe.stderr	0	e3b0c44298fc1c149afbf4c8996fb92427ae41e4649b934ca495991b7852b855
FILE	/Users/Shared/micah/Documents/TNN/TNN/Research/R33_NATIVE_N17_R27_CONTINUITY/FINAL_B_20260915_1409/N17_REFRESH/logs/nested_member_3_58.stdout	2349	7665595e392df92f8b6651b5da76e5886153157c9f242ec627db036800939a5a
FILE	/Users/Shared/micah/Documents/TNN/TNN/Research/R33_NATIVE_N17_R27_CONTINUITY/FINAL_B_20260915_1409/N17_REFRESH/logs/member_54_1.argv	130	808658521a2f8fff24201180321721e7183ef1040ac91af3e0a223a7cb1aff49
FILE	/Users/Shared/micah/Documents/TNN/TNN/Research/R33_NATIVE_N17_R27_CONTINUITY/FINAL_B_20260915_1409/N17_REFRESH/logs/nested_member_6_142.argv	212	9b5afef43d015e369f583a2d132968378ee13ee7a9cac920bed642c394f0a26a
FILE	/Users/Shared/micah/Documents/TNN/TNN/Research/R33_NATIVE_N17_R27_CONTINUITY/FINAL_B_20260915_1409/N17_REFRESH/logs/member_38_2.stderr	0	e3b0c44298fc1c149afbf4c8996fb92427ae41e4649b934ca495991b7852b855
FILE	/Users/Shared/micah/Documents/TNN/TNN/Research/R33_NATIVE_N17_R27_CONTINUITY/FINAL_B_20260915_1409/N17_REFRESH/logs/nested_member_3_103.stderr	0	e3b0c44298fc1c149afbf4c8996fb92427ae41e4649b934ca495991b7852b855
FILE	/Users/Shared/micah/Documents/TNN/TNN/Research/R33_NATIVE_N17_R27_CONTINUITY/FINAL_B_20260915_1409/N17_REFRESH/logs/archive_26.stdout	5	172b06d402213586508b9723387e770a53eb9e68f61bd67d65e70631f546442c
FILE	/Users/Shared/micah/Documents/TNN/TNN/Research/R33_NATIVE_N17_R27_CONTINUITY/FINAL_B_20260915_1409/N17_REFRESH/logs/archive_84.stderr	0	e3b0c44298fc1c149afbf4c8996fb92427ae41e4649b934ca495991b7852b855
FILE	/Users/Shared/micah/Documents/TNN/TNN/Research/R33_NATIVE_N17_R27_CONTINUITY/FINAL_B_20260915_1409/N17_REFRESH/logs/expanded_38_608.stdout	13099	3861551917ce5a952d19d47ce0797710727af216e771a4c8c5f7918dea0a65e1
FILE	/Users/Shared/micah/Documents/TNN/TNN/Research/R33_NATIVE_N17_R27_CONTINUITY/FINAL_B_20260915_1409/N17_REFRESH/logs/expanded_11_24.argv	143	c8485e488adf55316cf9e9b24d1f043f6580dd555ede53a0250194001d952cdf
FILE	/Users/Shared/micah/Documents/TNN/TNN/Research/R33_NATIVE_N17_R27_CONTINUITY/FINAL_B_20260915_1409/N17_REFRESH/logs/nested_member_3_46.stdout	14751	2809dffb25d54f7c57f88034113c248a7385e47f04bf5bf5f109ff2b5d3f677f
FILE	/Users/Shared/micah/Documents/TNN/TNN/Research/R33_NATIVE_N17_R27_CONTINUITY/FINAL_B_20260915_1409/N17_REFRESH/logs/expanded_45_11.exit	2	9a271f2a916b0b6ee6cecb2426f0b3206ef074578be55d9bc94f6f3fe3ab86aa
FILE	/Users/Shared/micah/Documents/TNN/TNN/Research/R33_NATIVE_N17_R27_CONTINUITY/FINAL_B_20260915_1409/N17_REFRESH/logs/expanded_17_219.exit	2	9a271f2a916b0b6ee6cecb2426f0b3206ef074578be55d9bc94f6f3fe3ab86aa
FILE	/Users/Shared/micah/Documents/TNN/TNN/Research/R33_NATIVE_N17_R27_CONTINUITY/FINAL_B_20260915_1409/N17_REFRESH/logs/archive_77.exit	2	9a271f2a916b0b6ee6cecb2426f0b3206ef074578be55d9bc94f6f3fe3ab86aa
FILE	/Users/Shared/micah/Documents/TNN/TNN/Research/R33_NATIVE_N17_R27_CONTINUITY/FINAL_B_20260915_1409/N17_REFRESH/logs/expanded_45_2.exit	2	9a271f2a916b0b6ee6cecb2426f0b3206ef074578be55d9bc94f6f3fe3ab86aa
FILE	/Users/Shared/micah/Documents/TNN/TNN/Research/R33_NATIVE_N17_R27_CONTINUITY/FINAL_B_20260915_1409/N17_REFRESH/logs/archive_23.argv	102	7d5362c3a722cfb35ac3e526d2f97fd61f171897daf54dab4c903b12b61e44bc
FILE	/Users/Shared/micah/Documents/TNN/TNN/Research/R33_NATIVE_N17_R27_CONTINUITY/FINAL_B_20260915_1409/N17_REFRESH/logs/expanded_55_45.argv	199	2b83e1cb4d226d76ab2b83143430e8e2bae71b95dafb237368b3fed7462d2f08
FILE	/Users/Shared/micah/Documents/TNN/TNN/Research/R33_NATIVE_N17_R27_CONTINUITY/FINAL_B_20260915_1409/N17_REFRESH/logs/expanded_52_122.stderr	0	e3b0c44298fc1c149afbf4c8996fb92427ae41e4649b934ca495991b7852b855
FILE	/Users/Shared/micah/Documents/TNN/TNN/Research/R33_NATIVE_N17_R27_CONTINUITY/FINAL_B_20260915_1409/N17_REFRESH/logs/nested_member_6_213.exit	2	9a271f2a916b0b6ee6cecb2426f0b3206ef074578be55d9bc94f6f3fe3ab86aa
FILE	/Users/Shared/micah/Documents/TNN/TNN/Research/R33_NATIVE_N17_R27_CONTINUITY/FINAL_B_20260915_1409/N17_REFRESH/logs/nested_member_8_417.exit	2	9a271f2a916b0b6ee6cecb2426f0b3206ef074578be55d9bc94f6f3fe3ab86aa
FILE	/Users/Shared/micah/Documents/TNN/TNN/Research/R33_NATIVE_N17_R27_CONTINUITY/FINAL_B_20260915_1409/N17_REFRESH/logs/member_44_0.argv	151	f780c8345f04cb092aaa6a8318cfb4da2f63fb8d6ed684ed9b1961c56e27b961
FILE	/Users/Shared/micah/Documents/TNN/TNN/Research/R33_NATIVE_N17_R27_CONTINUITY/FINAL_B_20260915_1409/N17_REFRESH/logs/expanded_51_4.exit	2	9a271f2a916b0b6ee6cecb2426f0b3206ef074578be55d9bc94f6f3fe3ab86aa
FILE	/Users/Shared/micah/Documents/TNN/TNN/Research/R33_NATIVE_N17_R27_CONTINUITY/FINAL_B_20260915_1409/N17_REFRESH/logs/nested_member_7_213.exit	2	9a271f2a916b0b6ee6cecb2426f0b3206ef074578be55d9bc94f6f3fe3ab86aa
FILE	/Users/Shared/micah/Documents/TNN/TNN/Research/R33_NATIVE_N17_R27_CONTINUITY/FINAL_B_20260915_1409/N17_REFRESH/logs/member_17_0.stdout	1149955	be943522196e2d13aaa254aed8c4245a3dc99afee567b42d99dca6308d9df06f
FILE	/Users/Shared/micah/Documents/TNN/TNN/Research/R33_NATIVE_N17_R27_CONTINUITY/FINAL_B_20260915_1409/N17_REFRESH/logs/project_reviewed.exit	2	9a271f2a916b0b6ee6cecb2426f0b3206ef074578be55d9bc94f6f3fe3ab86aa
FILE	/Users/Shared/micah/Documents/TNN/TNN/Research/R33_NATIVE_N17_R27_CONTINUITY/FINAL_B_20260915_1409/N17_REFRESH/logs/nested_member_3_118.exit	2	9a271f2a916b0b6ee6cecb2426f0b3206ef074578be55d9bc94f6f3fe3ab86aa
FILE	/Users/Shared/micah/Documents/TNN/TNN/Research/R33_NATIVE_N17_R27_CONTINUITY/FINAL_B_20260915_1409/N17_REFRESH/logs/expanded_17_206.stderr	0	e3b0c44298fc1c149afbf4c8996fb92427ae41e4649b934ca495991b7852b855
FILE	/Users/Shared/micah/Documents/TNN/TNN/Research/R33_NATIVE_N17_R27_CONTINUITY/FINAL_B_20260915_1409/N17_REFRESH/logs/nested_member_8_102.exit	2	9a271f2a916b0b6ee6cecb2426f0b3206ef074578be55d9bc94f6f3fe3ab86aa
FILE	/Users/Shared/micah/Documents/TNN/TNN/Research/R33_NATIVE_N17_R27_CONTINUITY/FINAL_B_20260915_1409/N17_REFRESH/logs/expanded_38_620.stdout	5822	d2e027366cddc065f40b2a67351582d58fc2c27b2db9bf0a061fba577f0792e8
FILE	/Users/Shared/micah/Documents/TNN/TNN/Research/R33_NATIVE_N17_R27_CONTINUITY/FINAL_B_20260915_1409/N17_REFRESH/logs/expanded_44_622.stderr	0	e3b0c44298fc1c149afbf4c8996fb92427ae41e4649b934ca495991b7852b855
FILE	/Users/Shared/micah/Documents/TNN/TNN/Research/R33_NATIVE_N17_R27_CONTINUITY/FINAL_B_20260915_1409/N17_REFRESH/logs/expanded_11_30.stdout	1850	3211689a7330ccd41dcf71ae52fc214e8a6607db5d063aa1309c075c3217bf64
FILE	/Users/Shared/micah/Documents/TNN/TNN/Research/R33_NATIVE_N17_R27_CONTINUITY/FINAL_B_20260915_1409/N17_REFRESH/logs/nested_member_4_536.stderr	0	e3b0c44298fc1c149afbf4c8996fb92427ae41e4649b934ca495991b7852b855
FILE	/Users/Shared/micah/Documents/TNN/TNN/Research/R33_NATIVE_N17_R27_CONTINUITY/FINAL_B_20260915_1409/N17_REFRESH/logs/archive_58.argv	207	ef4fcd646344bf482fd8c4fbffec98b8e5ac8f75d338bff058f2b617323cada8
FILE	/Users/Shared/micah/Documents/TNN/TNN/Research/R33_NATIVE_N17_R27_CONTINUITY/FINAL_B_20260915_1409/N17_REFRESH/logs/expanded_38_614.exit	2	9a271f2a916b0b6ee6cecb2426f0b3206ef074578be55d9bc94f6f3fe3ab86aa
FILE	/Users/Shared/micah/Documents/TNN/TNN/Research/R33_NATIVE_N17_R27_CONTINUITY/FINAL_B_20260915_1409/N17_REFRESH/logs/expanded_47_45.stderr	0	e3b0c44298fc1c149afbf4c8996fb92427ae41e4649b934ca495991b7852b855
FILE	/Users/Shared/micah/Documents/TNN/TNN/Research/R33_NATIVE_N17_R27_CONTINUITY/FINAL_B_20260915_1409/N17_REFRESH/logs/archive_73.stdout	0	e3b0c44298fc1c149afbf4c8996fb92427ae41e4649b934ca495991b7852b855
FILE	/Users/Shared/micah/Documents/TNN/TNN/Research/R33_NATIVE_N17_R27_CONTINUITY/FINAL_B_20260915_1409/N17_REFRESH/logs/nested_member_4_537.argv	198	e681554b876ccf70decdaedd5866b6e86af8669e083653eb7212c9ec41fb0863
FILE	/Users/Shared/micah/Documents/TNN/TNN/Research/R33_NATIVE_N17_R27_CONTINUITY/FINAL_B_20260915_1409/N17_REFRESH/logs/git_blob_59932c410952553402ab2288ee91bebfd3093717.stderr	0	e3b0c44298fc1c149afbf4c8996fb92427ae41e4649b934ca495991b7852b855
FILE	/Users/Shared/micah/Documents/TNN/TNN/Research/R33_NATIVE_N17_R27_CONTINUITY/FINAL_B_20260915_1409/N17_REFRESH/logs/nested_member_1_51.stderr	0	e3b0c44298fc1c149afbf4c8996fb92427ae41e4649b934ca495991b7852b855
FILE	/Users/Shared/micah/Documents/TNN/TNN/Research/R33_NATIVE_N17_R27_CONTINUITY/FINAL_B_20260915_1409/N17_REFRESH/logs/expanded_19_248.stderr	0	e3b0c44298fc1c149afbf4c8996fb92427ae41e4649b934ca495991b7852b855
FILE	/Users/Shared/micah/Documents/TNN/TNN/Research/R33_NATIVE_N17_R27_CONTINUITY/FINAL_B_20260915_1409/N17_REFRESH/logs/nested_member_5_537.argv	200	31d9f89b36ad4f62aeb0e6d6574ef391d73b6036b30be53b75bc2dc47a406fe4
FILE	/Users/Shared/micah/Documents/TNN/TNN/Research/R33_NATIVE_N17_R27_CONTINUITY/FINAL_B_20260915_1409/N17_REFRESH/logs/expanded_9_58.exit	2	9a271f2a916b0b6ee6cecb2426f0b3206ef074578be55d9bc94f6f3fe3ab86aa
FILE	/Users/Shared/micah/Documents/TNN/TNN/Research/R33_NATIVE_N17_R27_CONTINUITY/FINAL_B_20260915_1409/N17_REFRESH/logs/expanded_44_622.exit	2	9a271f2a916b0b6ee6cecb2426f0b3206ef074578be55d9bc94f6f3fe3ab86aa
FILE	/Users/Shared/micah/Documents/TNN/TNN/Research/R33_NATIVE_N17_R27_CONTINUITY/FINAL_B_20260915_1409/N17_REFRESH/logs/expanded_10_26.exit	2	9a271f2a916b0b6ee6cecb2426f0b3206ef074578be55d9bc94f6f3fe3ab86aa
FILE	/Users/Shared/micah/Documents/TNN/TNN/Research/R33_NATIVE_N17_R27_CONTINUITY/FINAL_B_20260915_1409/N17_REFRESH/logs/expanded_38_640.argv	171	4bfb781a38cfeb7388c961185cbfbe4fc0187ced0a97805caec8f9bee4d5c8b9
FILE	/Users/Shared/micah/Documents/TNN/TNN/Research/R33_NATIVE_N17_R27_CONTINUITY/FINAL_B_20260915_1409/N17_REFRESH/logs/expanded_17_218.stderr	0	e3b0c44298fc1c149afbf4c8996fb92427ae41e4649b934ca495991b7852b855
FILE	/Users/Shared/micah/Documents/TNN/TNN/Research/R33_NATIVE_N17_R27_CONTINUITY/FINAL_B_20260915_1409/N17_REFRESH/logs/archive_10.stdout	1451	92d2f09733cc92b44e4a0ca69c6e6892538fe410ca227d44ee91d82f02dc0dd2
FILE	/Users/Shared/micah/Documents/TNN/TNN/Research/R33_NATIVE_N17_R27_CONTINUITY/FINAL_B_20260915_1409/N17_REFRESH/logs/expanded_4_24.stderr	0	e3b0c44298fc1c149afbf4c8996fb92427ae41e4649b934ca495991b7852b855
FILE	/Users/Shared/micah/Documents/TNN/TNN/Research/R33_NATIVE_N17_R27_CONTINUITY/FINAL_B_20260915_1409/N17_REFRESH/logs/nested_member_7_84.stderr	0	e3b0c44298fc1c149afbf4c8996fb92427ae41e4649b934ca495991b7852b855
FILE	/Users/Shared/micah/Documents/TNN/TNN/Research/R33_NATIVE_N17_R27_CONTINUITY/FINAL_B_20260915_1409/N17_REFRESH/logs/expanded_46_128.stdout	3604	a2fc8b94be50d45491c3babf1bbaac76894c9f252de0cd7022d7fcce5525789c
FILE	/Users/Shared/micah/Documents/TNN/TNN/Research/R33_NATIVE_N17_R27_CONTINUITY/FINAL_B_20260915_1409/N17_REFRESH/logs/nested_member_1_112.argv	192	d0854fcde594b22adfd43126b55737fe023155ba3bd34aedfa3dd530d5de50e2
FILE	/Users/Shared/micah/Documents/TNN/TNN/Research/R33_NATIVE_N17_R27_CONTINUITY/FINAL_B_20260915_1409/N17_REFRESH/logs/build_r26.exit	2	9a271f2a916b0b6ee6cecb2426f0b3206ef074578be55d9bc94f6f3fe3ab86aa
FILE	/Users/Shared/micah/Documents/TNN/TNN/Research/R33_NATIVE_N17_R27_CONTINUITY/FINAL_B_20260915_1409/N17_REFRESH/logs/expanded_38_643.exit	2	9a271f2a916b0b6ee6cecb2426f0b3206ef074578be55d9bc94f6f3fe3ab86aa
FILE	/Users/Shared/micah/Documents/TNN/TNN/Research/R33_NATIVE_N17_R27_CONTINUITY/FINAL_B_20260915_1409/N17_REFRESH/logs/nested_member_7_139.argv	199	ced888aa0b43932a19ad6a4e9384141cab2920b798d38348649897ee6e3187cd
FILE	/Users/Shared/micah/Documents/TNN/TNN/Research/R33_NATIVE_N17_R27_CONTINUITY/FINAL_B_20260915_1409/N17_REFRESH/logs/expanded_10_25.argv	184	96aad798c03d3e4600cc321391f6b713db1eae8e38d265ca68c2c3801bf3d4ea
FILE	/Users/Shared/micah/Documents/TNN/TNN/Research/R33_NATIVE_N17_R27_CONTINUITY/FINAL_B_20260915_1409/N17_REFRESH/logs/expanded_44_621.argv	168	a7117a3ca66f8e5dd2d8be62b060a177d4eaf67b35d0313f7deb878f06b692c6
FILE	/Users/Shared/micah/Documents/TNN/TNN/Research/R33_NATIVE_N17_R27_CONTINUITY/FINAL_B_20260915_1409/N17_REFRESH/logs/expanded_18_45.argv	147	4417e37778683f918b4663f2ea77a498700359dd3a113cc3b94d1ac7da5371dc
FILE	/Users/Shared/micah/Documents/TNN/TNN/Research/R33_NATIVE_N17_R27_CONTINUITY/FINAL_B_20260915_1409/N17_REFRESH/logs/nested_member_7_537.stdout	2384	35afee20280381cfd6fbf7bdb059f1025b46cba156849f03cdffc32036e2d973
FILE	/Users/Shared/micah/Documents/TNN/TNN/Research/R33_NATIVE_N17_R27_CONTINUITY/FINAL_B_20260915_1409/N17_REFRESH/logs/nested_member_6_139.argv	202	c467be50f0184f85fce4c4dd449bbc78225eb0e8f9939752446fcc8978d75feb
FILE	/Users/Shared/micah/Documents/TNN/TNN/Research/R33_NATIVE_N17_R27_CONTINUITY/FINAL_B_20260915_1409/N17_REFRESH/logs/expanded_38_643.stdout	18470	6950c733f2496227cf44600ad39f06578a881a2a72c2547d76c0025b0f82cc2c
FILE	/Users/Shared/micah/Documents/TNN/TNN/Research/R33_NATIVE_N17_R27_CONTINUITY/FINAL_B_20260915_1409/N17_REFRESH/logs/expanded_44_641.stderr	0	e3b0c44298fc1c149afbf4c8996fb92427ae41e4649b934ca495991b7852b855
FILE	/Users/Shared/micah/Documents/TNN/TNN/Research/R33_NATIVE_N17_R27_CONTINUITY/FINAL_B_20260915_1409/N17_REFRESH/logs/expanded_38_617.argv	169	0019c19b3b85fbd525c941982228c5c146881aaa282aefefdb74058a098bf2eb
FILE	/Users/Shared/micah/Documents/TNN/TNN/Research/R33_NATIVE_N17_R27_CONTINUITY/FINAL_B_20260915_1409/N17_REFRESH/logs/member_27_0.argv	126	b77b2da6441e68aa39d1b3406740fe3b43a940af29c034522dba59eba87db206
FILE	/Users/Shared/micah/Documents/TNN/TNN/Research/R33_NATIVE_N17_R27_CONTINUITY/FINAL_B_20260915_1409/N17_REFRESH/logs/nested_member_4_528.stderr	0	e3b0c44298fc1c149afbf4c8996fb92427ae41e4649b934ca495991b7852b855
FILE	/Users/Shared/micah/Documents/TNN/TNN/Research/R33_NATIVE_N17_R27_CONTINUITY/FINAL_B_20260915_1409/N17_REFRESH/logs/expanded_75_60.argv	155	624e6804651be2eaec7d209528c4dc24ce01d06d2c04c04780ceeeaca9857ba7
FILE	/Users/Shared/micah/Documents/TNN/TNN/Research/R33_NATIVE_N17_R27_CONTINUITY/FINAL_B_20260915_1409/N17_REFRESH/logs/member_30_0.exit	2	9a271f2a916b0b6ee6cecb2426f0b3206ef074578be55d9bc94f6f3fe3ab86aa
FILE	/Users/Shared/micah/Documents/TNN/TNN/Research/R33_NATIVE_N17_R27_CONTINUITY/FINAL_B_20260915_1409/N17_REFRESH/logs/expanded_5_88.stderr	0	e3b0c44298fc1c149afbf4c8996fb92427ae41e4649b934ca495991b7852b855
FILE	/Users/Shared/micah/Documents/TNN/TNN/Research/R33_NATIVE_N17_R27_CONTINUITY/FINAL_B_20260915_1409/N17_REFRESH/logs/nested_member_3_70.stdout	17039	80e107f7ca74d71fc3430822923315e84283c88d4be0c8bca9945eadabea8074
FILE	/Users/Shared/micah/Documents/TNN/TNN/Research/R33_NATIVE_N17_R27_CONTINUITY/FINAL_B_20260915_1409/N17_REFRESH/logs/nested_member_5_136.stdout	2696	16e785b68df61c7fa96ab423967078de9fcea7fc68ff185a3e7140b6c88593c4
FILE	/Users/Shared/micah/Documents/TNN/TNN/Research/R33_NATIVE_N17_R27_CONTINUITY/FINAL_B_20260915_1409/N17_REFRESH/logs/nested_member_2_527.stdout	4237	27c1d48683d4e6ee9890ce7c0b0d5362eded8690e17e25902371fc493d077c18
FILE	/Users/Shared/micah/Documents/TNN/TNN/Research/R33_NATIVE_N17_R27_CONTINUITY/FINAL_B_20260915_1409/N17_REFRESH/logs/expanded_46_124.stdout	2411	023dd00b398979c0c2c2ad9a4153edbd77fce92ce6015c6aa631e132eba6c31a
FILE	/Users/Shared/micah/Documents/TNN/TNN/Research/R33_NATIVE_N17_R27_CONTINUITY/FINAL_B_20260915_1409/N17_REFRESH/logs/nested_member_1_52.exit	2	9a271f2a916b0b6ee6cecb2426f0b3206ef074578be55d9bc94f6f3fe3ab86aa
FILE	/Users/Shared/micah/Documents/TNN/TNN/Research/R33_NATIVE_N17_R27_CONTINUITY/FINAL_B_20260915_1409/N17_REFRESH/logs/expanded_4_28.stderr	0	e3b0c44298fc1c149afbf4c8996fb92427ae41e4649b934ca495991b7852b855
FILE	/Users/Shared/micah/Documents/TNN/TNN/Research/R33_NATIVE_N17_R27_CONTINUITY/FINAL_B_20260915_1409/N17_REFRESH/logs/expanded_33_25.stdout	9190	e94a4c02bf28626b582c1ff34f2cf22ec4dc9bc9033598cdcd54e9e5c4cc26d4
FILE	/Users/Shared/micah/Documents/TNN/TNN/Research/R33_NATIVE_N17_R27_CONTINUITY/FINAL_B_20260915_1409/N17_REFRESH/logs/expanded_38_632.stdout	2711	59adee5c8936fea077569b147be95ceae4ccba68edb5298916b1934074edef41
FILE	/Users/Shared/micah/Documents/TNN/TNN/Research/R33_NATIVE_N17_R27_CONTINUITY/FINAL_B_20260915_1409/N17_REFRESH/logs/expanded_44_630.stderr	0	e3b0c44298fc1c149afbf4c8996fb92427ae41e4649b934ca495991b7852b855
FILE	/Users/Shared/micah/Documents/TNN/TNN/Research/R33_NATIVE_N17_R27_CONTINUITY/FINAL_B_20260915_1409/N17_REFRESH/logs/nested_member_7_102.stderr	0	e3b0c44298fc1c149afbf4c8996fb92427ae41e4649b934ca495991b7852b855
FILE	/Users/Shared/micah/Documents/TNN/TNN/Research/R33_NATIVE_N17_R27_CONTINUITY/FINAL_B_20260915_1409/N17_REFRESH/logs/nested_list_2.stderr	0	e3b0c44298fc1c149afbf4c8996fb92427ae41e4649b934ca495991b7852b855
FILE	/Users/Shared/micah/Documents/TNN/TNN/Research/R33_NATIVE_N17_R27_CONTINUITY/FINAL_B_20260915_1409/N17_REFRESH/logs/expanded_17_214.stderr	0	e3b0c44298fc1c149afbf4c8996fb92427ae41e4649b934ca495991b7852b855
FILE	/Users/Shared/micah/Documents/TNN/TNN/Research/R33_NATIVE_N17_R27_CONTINUITY/FINAL_B_20260915_1409/N17_REFRESH/logs/nested_list_6.argv	150	3707f120317b44ebe8e664aa194338ff0f0379caa7b5951dfd2d64719235cb7c
FILE	/Users/Shared/micah/Documents/TNN/TNN/Research/R33_NATIVE_N17_R27_CONTINUITY/FINAL_B_20260915_1409/N17_REFRESH/logs/expanded_38_11.stdout	4970	971d5b4e552784d19e18f297ef5706d14330096136a509e181114617302eae93
FILE	/Users/Shared/micah/Documents/TNN/TNN/Research/R33_NATIVE_N17_R27_CONTINUITY/FINAL_B_20260915_1409/N17_REFRESH/logs/build_r25_full_digest_exact_parent_v1_runner.stderr	0	e3b0c44298fc1c149afbf4c8996fb92427ae41e4649b934ca495991b7852b855
FILE	/Users/Shared/micah/Documents/TNN/TNN/Research/R33_NATIVE_N17_R27_CONTINUITY/FINAL_B_20260915_1409/N17_REFRESH/logs/expanded_47_42.argv	199	429533f4c254fb619dbae76ef95ddcc4d648adb002ca775972748ae9bb6fc3c6
FILE	/Users/Shared/micah/Documents/TNN/TNN/Research/R33_NATIVE_N17_R27_CONTINUITY/FINAL_B_20260915_1409/N17_REFRESH/logs/member_52_0.stderr	0	e3b0c44298fc1c149afbf4c8996fb92427ae41e4649b934ca495991b7852b855
FILE	/Users/Shared/micah/Documents/TNN/TNN/Research/R33_NATIVE_N17_R27_CONTINUITY/FINAL_B_20260915_1409/N17_REFRESH/logs/project_policy_final.stdout	0	e3b0c44298fc1c149afbf4c8996fb92427ae41e4649b934ca495991b7852b855
FILE	/Users/Shared/micah/Documents/TNN/TNN/Research/R33_NATIVE_N17_R27_CONTINUITY/FINAL_B_20260915_1409/N17_REFRESH/logs/archive_19.argv	77	3098f051a1bf28cb5438f1478c37fef526a15cbde9e809c61aa9d74781625537
FILE	/Users/Shared/micah/Documents/TNN/TNN/Research/R33_NATIVE_N17_R27_CONTINUITY/FINAL_B_20260915_1409/N17_REFRESH/logs/expanded_11_22.stdout	1425	1b4e3e5b7e2b3aa5a2463d8ac77b44109cf5b2e9810f1a2ad2533e7954007253
FILE	/Users/Shared/micah/Documents/TNN/TNN/Research/R33_NATIVE_N17_R27_CONTINUITY/FINAL_B_20260915_1409/N17_REFRESH/logs/expanded_44_637.argv	172	6610bd898b856a40187505987e8bbe56750129c714d42eca4ac563a41cd03422
FILE	/Users/Shared/micah/Documents/TNN/TNN/Research/R33_NATIVE_N17_R27_CONTINUITY/FINAL_B_20260915_1409/N17_REFRESH/logs/archive_7.stderr	113	61e0e4900a49320c478619fa915f07e47a79adf91310611947a8b78b3fdf081f
FILE	/Users/Shared/micah/Documents/TNN/TNN/Research/R33_NATIVE_N17_R27_CONTINUITY/FINAL_B_20260915_1409/N17_REFRESH/logs/forbidden_selector_tests.argv	140	8976c4148babdbc5aeea6c4fb422195c0b4859e4ca9d0b9203ee351891d77d9c
FILE	/Users/Shared/micah/Documents/TNN/TNN/Research/R33_NATIVE_N17_R27_CONTINUITY/FINAL_B_20260915_1409/N17_REFRESH/logs/expanded_40_30.stderr	0	e3b0c44298fc1c149afbf4c8996fb92427ae41e4649b934ca495991b7852b855
FILE	/Users/Shared/micah/Documents/TNN/TNN/Research/R33_NATIVE_N17_R27_CONTINUITY/FINAL_B_20260915_1409/N17_REFRESH/logs/archive_61.stdout	0	e3b0c44298fc1c149afbf4c8996fb92427ae41e4649b934ca495991b7852b855
FILE	/Users/Shared/micah/Documents/TNN/TNN/Research/R33_NATIVE_N17_R27_CONTINUITY/FINAL_B_20260915_1409/N17_REFRESH/logs/classifier.stderr	0	e3b0c44298fc1c149afbf4c8996fb92427ae41e4649b934ca495991b7852b855
FILE	/Users/Shared/micah/Documents/TNN/TNN/Research/R33_NATIVE_N17_R27_CONTINUITY/FINAL_B_20260915_1409/N17_REFRESH/logs/expanded_18_37.stderr	0	e3b0c44298fc1c149afbf4c8996fb92427ae41e4649b934ca495991b7852b855
FILE	/Users/Shared/micah/Documents/TNN/TNN/Research/R33_NATIVE_N17_R27_CONTINUITY/FINAL_B_20260915_1409/N17_REFRESH/logs/nested_member_3_83.argv	210	065ceb7f10ba301f64ceb302b003378abe5a2d92b6db15b37606e0ce3f1e3eea
FILE	/Users/Shared/micah/Documents/TNN/TNN/Research/R33_NATIVE_N17_R27_CONTINUITY/FINAL_B_20260915_1409/N17_REFRESH/logs/nested_list_5.exit	2	9a271f2a916b0b6ee6cecb2426f0b3206ef074578be55d9bc94f6f3fe3ab86aa
FILE	/Users/Shared/micah/Documents/TNN/TNN/Research/R33_NATIVE_N17_R27_CONTINUITY/FINAL_B_20260915_1409/N17_REFRESH/logs/expanded_19_218.argv	125	bdc44d3ba0214ebcd2151b4de9ffc4339c03304c5c96541f340e5feab72afd5e
FILE	/Users/Shared/micah/Documents/TNN/TNN/Research/R33_NATIVE_N17_R27_CONTINUITY/FINAL_B_20260915_1409/N17_REFRESH/logs/corrupt_policy_setup_final.stderr	86	ce978650c32fb1dbb847227e4b2767c130238f6f2338e9f06b39b7160c90131e
FILE	/Users/Shared/micah/Documents/TNN/TNN/Research/R33_NATIVE_N17_R27_CONTINUITY/FINAL_B_20260915_1409/N17_REFRESH/logs/expanded_55_51.stdout	2345	7d9724c8e8b75b145edd08034cb9c1c2168c97c5e4375832cfaebb31d12c9d8f
FILE	/Users/Shared/micah/Documents/TNN/TNN/Research/R33_NATIVE_N17_R27_CONTINUITY/FINAL_B_20260915_1409/N17_REFRESH/logs/expanded_54_51.exit	2	9a271f2a916b0b6ee6cecb2426f0b3206ef074578be55d9bc94f6f3fe3ab86aa
FILE	/Users/Shared/micah/Documents/TNN/TNN/Research/R33_NATIVE_N17_R27_CONTINUITY/FINAL_B_20260915_1409/N17_REFRESH/logs/expanded_47_34.stderr	0	e3b0c44298fc1c149afbf4c8996fb92427ae41e4649b934ca495991b7852b855
FILE	/Users/Shared/micah/Documents/TNN/TNN/Research/R33_NATIVE_N17_R27_CONTINUITY/FINAL_B_20260915_1409/N17_REFRESH/logs/policy_corrupt_final.exit	3	826b6832e45ba17d625debc95ae8554e148550b00c05b47fa8f7be1c555bc83c
FILE	/Users/Shared/micah/Documents/TNN/TNN/Research/R33_NATIVE_N17_R27_CONTINUITY/FINAL_B_20260915_1409/N17_REFRESH/logs/nested_member_1_51.argv	219	758c8e3ccbf4e75e488ac19dd530f7f9a69f2a6fe2233bc7b36eae87520649d9
FILE	/Users/Shared/micah/Documents/TNN/TNN/Research/R33_NATIVE_N17_R27_CONTINUITY/FINAL_B_20260915_1409/N17_REFRESH/logs/nested_member_3_127.stderr	0	e3b0c44298fc1c149afbf4c8996fb92427ae41e4649b934ca495991b7852b855
FILE	/Users/Shared/micah/Documents/TNN/TNN/Research/R33_NATIVE_N17_R27_CONTINUITY/FINAL_B_20260915_1409/N17_REFRESH/logs/project_bounded_allocator_tests.stderr	0	e3b0c44298fc1c149afbf4c8996fb92427ae41e4649b934ca495991b7852b855
FILE	/Users/Shared/micah/Documents/TNN/TNN/Research/R33_NATIVE_N17_R27_CONTINUITY/FINAL_B_20260915_1409/N17_REFRESH/logs/nested_member_7_528.argv	194	138fd4898cfb6217acc3d86b6badef7655864bda6bba1cd1071ca18bc50339a9
FILE	/Users/Shared/micah/Documents/TNN/TNN/Research/R33_NATIVE_N17_R27_CONTINUITY/FINAL_B_20260915_1409/N17_REFRESH/logs/expanded_17_220.argv	127	99daadc619d5983098e93db05ccf2247e47b5fd4ef2d727c7a2eb34126afed87
FILE	/Users/Shared/micah/Documents/TNN/TNN/Research/R33_NATIVE_N17_R27_CONTINUITY/FINAL_B_20260915_1409/N17_REFRESH/logs/expanded_44_653.stderr	0	e3b0c44298fc1c149afbf4c8996fb92427ae41e4649b934ca495991b7852b855
FILE	/Users/Shared/micah/Documents/TNN/TNN/Research/R33_NATIVE_N17_R27_CONTINUITY/FINAL_B_20260915_1409/N17_REFRESH/logs/nested_member_6_528.argv	197	0db31e4497220c19c30ad49ef7bf3eaf8553aaf18986835a68230aa372295713
FILE	/Users/Shared/micah/Documents/TNN/TNN/Research/R33_NATIVE_N17_R27_CONTINUITY/FINAL_B_20260915_1409/N17_REFRESH/logs/expanded_38_656.argv	162	e1d84a608ac3dd98dcb3802ec96341c92f745d893e94ff4dafdcdac2fa306b12
FILE	/Users/Shared/micah/Documents/TNN/TNN/Research/R33_NATIVE_N17_R27_CONTINUITY/FINAL_B_20260915_1409/N17_REFRESH/logs/member_9_0.stderr	0	e3b0c44298fc1c149afbf4c8996fb92427ae41e4649b934ca495991b7852b855
FILE	/Users/Shared/micah/Documents/TNN/TNN/Research/R33_NATIVE_N17_R27_CONTINUITY/FINAL_B_20260915_1409/N17_REFRESH/logs/expanded_44_634.exit	2	9a271f2a916b0b6ee6cecb2426f0b3206ef074578be55d9bc94f6f3fe3ab86aa
FILE	/Users/Shared/micah/Documents/TNN/TNN/Research/R33_NATIVE_N17_R27_CONTINUITY/FINAL_B_20260915_1409/N17_REFRESH/logs/git_blob_0c4dccef85ab6d7275c619d5fd4d5d30c6a87617.argv	59	0ad0d7e6c0a28f4d88a19468ff10da1488802d2f8f38ba90b004f87f3b0c4ebb
FILE	/Users/Shared/micah/Documents/TNN/TNN/Research/R33_NATIVE_N17_R27_CONTINUITY/FINAL_B_20260915_1409/N17_REFRESH/logs/member_8_0.stderr	0	e3b0c44298fc1c149afbf4c8996fb92427ae41e4649b934ca495991b7852b855
FILE	/Users/Shared/micah/Documents/TNN/TNN/Research/R33_NATIVE_N17_R27_CONTINUITY/FINAL_B_20260915_1409/N17_REFRESH/logs/nested_member_4_84.exit	2	9a271f2a916b0b6ee6cecb2426f0b3206ef074578be55d9bc94f6f3fe3ab86aa
FILE	/Users/Shared/micah/Documents/TNN/TNN/Research/R33_NATIVE_N17_R27_CONTINUITY/FINAL_B_20260915_1409/N17_REFRESH/logs/policy_final.exit	2	9a271f2a916b0b6ee6cecb2426f0b3206ef074578be55d9bc94f6f3fe3ab86aa
FILE	/Users/Shared/micah/Documents/TNN/TNN/Research/R33_NATIVE_N17_R27_CONTINUITY/FINAL_B_20260915_1409/N17_REFRESH/logs/r25_missing.stdout	0	e3b0c44298fc1c149afbf4c8996fb92427ae41e4649b934ca495991b7852b855
FILE	/Users/Shared/micah/Documents/TNN/TNN/Research/R33_NATIVE_N17_R27_CONTINUITY/FINAL_B_20260915_1409/N17_REFRESH/logs/expanded_17_202.stdout	2411	023dd00b398979c0c2c2ad9a4153edbd77fce92ce6015c6aa631e132eba6c31a
FILE	/Users/Shared/micah/Documents/TNN/TNN/Research/R33_NATIVE_N17_R27_CONTINUITY/FINAL_B_20260915_1409/N17_REFRESH/logs/expanded_17_203.exit	2	9a271f2a916b0b6ee6cecb2426f0b3206ef074578be55d9bc94f6f3fe3ab86aa
FILE	/Users/Shared/micah/Documents/TNN/TNN/Research/R33_NATIVE_N17_R27_CONTINUITY/FINAL_B_20260915_1409/N17_REFRESH/logs/expanded_44_626.stdout	7803	16ce69ec65ea15183c983c5b45593cf81275213d6b2607436f308284bdcf38b2
FILE	/Users/Shared/micah/Documents/TNN/TNN/Research/R33_NATIVE_N17_R27_CONTINUITY/FINAL_B_20260915_1409/N17_REFRESH/logs/expanded_75_56.argv	156	b2ffd1847d80e8bf0cd39305102ef13ffb12c34f32e2111890669edcdc042347
FILE	/Users/Shared/micah/Documents/TNN/TNN/Research/R33_NATIVE_N17_R27_CONTINUITY/FINAL_B_20260915_1409/N17_REFRESH/logs/expanded_44_643.exit	2	9a271f2a916b0b6ee6cecb2426f0b3206ef074578be55d9bc94f6f3fe3ab86aa
FILE	/Users/Shared/micah/Documents/TNN/TNN/Research/R33_NATIVE_N17_R27_CONTINUITY/FINAL_B_20260915_1409/N17_REFRESH/logs/expanded_38_621.argv	165	ef2d19007dacf27cd0601b8a769fd336f2fa8a00f0d8fe52728edcdd302067c3
FILE	/Users/Shared/micah/Documents/TNN/TNN/Research/R33_NATIVE_N17_R27_CONTINUITY/FINAL_B_20260915_1409/N17_REFRESH/logs/expanded_52_126.stdout	43896	9390a2bfd21ced78313420a9792436631cd4401e02ff240ff19f32af0c3b2c5d
FILE	/Users/Shared/micah/Documents/TNN/TNN/Research/R33_NATIVE_N17_R27_CONTINUITY/FINAL_B_20260915_1409/N17_REFRESH/logs/expanded_47_62.argv	202	545c52cacc65c39b2341ebbd7a97c1d9077a5c851a2b3ab52637db00bebfdcd8
FILE	/Users/Shared/micah/Documents/TNN/TNN/Research/R33_NATIVE_N17_R27_CONTINUITY/FINAL_B_20260915_1409/N17_REFRESH/logs/archive_82.exit	2	9a271f2a916b0b6ee6cecb2426f0b3206ef074578be55d9bc94f6f3fe3ab86aa
FILE	/Users/Shared/micah/Documents/TNN/TNN/Research/R33_NATIVE_N17_R27_CONTINUITY/FINAL_B_20260915_1409/N17_REFRESH/logs/expanded_43_21.argv	164	408a2cb978badb0f5b02f62a00e77298b638e0bc75c8fcff67000c4db0e96b82
FILE	/Users/Shared/micah/Documents/TNN/TNN/Research/R33_NATIVE_N17_R27_CONTINUITY/FINAL_B_20260915_1409/N17_REFRESH/logs/archive_39.argv	97	ccedb7b91247498320ad760b20d301f08cd0a507afbe099ac375b6b1745e5a2f
FILE	/Users/Shared/micah/Documents/TNN/TNN/Research/R33_NATIVE_N17_R27_CONTINUITY/FINAL_B_20260915_1409/N17_REFRESH/logs/nested_member_8_84.argv	206	fa2b088f439ef09639fd1f0fa54b95201f5466324ed3eee1eceb63fb0c270a45
FILE	/Users/Shared/micah/Documents/TNN/TNN/Research/R33_NATIVE_N17_R27_CONTINUITY/FINAL_B_20260915_1409/N17_REFRESH/logs/expanded_44_617.argv	172	bb291374f0a45d2afcef103f4fbe9dd66bfee82aa9fae629d5663760b8e80ef0
FILE	/Users/Shared/micah/Documents/TNN/TNN/Research/R33_NATIVE_N17_R27_CONTINUITY/FINAL_B_20260915_1409/N17_REFRESH/logs/expanded_38_759.stderr	0	e3b0c44298fc1c149afbf4c8996fb92427ae41e4649b934ca495991b7852b855
FILE	/Users/Shared/micah/Documents/TNN/TNN/Research/R33_NATIVE_N17_R27_CONTINUITY/FINAL_B_20260915_1409/N17_REFRESH/logs/nested_member_1_124.argv	202	a05044a6879357423abe84bb7683988cb53007b62f0b23598c670fdc11c422f9
FILE	/Users/Shared/micah/Documents/TNN/TNN/Research/R33_NATIVE_N17_R27_CONTINUITY/FINAL_B_20260915_1409/N17_REFRESH/logs/archive_77.stderr	0	e3b0c44298fc1c149afbf4c8996fb92427ae41e4649b934ca495991b7852b855
FILE	/Users/Shared/micah/Documents/TNN/TNN/Research/R33_NATIVE_N17_R27_CONTINUITY/FINAL_B_20260915_1409/N17_REFRESH/logs/nested_member_1_117.stderr	0	e3b0c44298fc1c149afbf4c8996fb92427ae41e4649b934ca495991b7852b855
FILE	/Users/Shared/micah/Documents/TNN/TNN/Research/R33_NATIVE_N17_R27_CONTINUITY/FINAL_B_20260915_1409/N17_REFRESH/logs/expanded_40_26.stdout	4829	c8a824be56d106a86f9bf4f58462d00fe57e0e1858c1962a09f184966e0209a2
FILE	/Users/Shared/micah/Documents/TNN/TNN/Research/R33_NATIVE_N17_R27_CONTINUITY/FINAL_B_20260915_1409/N17_REFRESH/logs/expanded_18_42.stdout	3750	56ac5f1f6c02397afccf1ed1650e6a30fa974e14bcf3eb5d0221a0815da13b61
FILE	/Users/Shared/micah/Documents/TNN/TNN/Research/R33_NATIVE_N17_R27_CONTINUITY/FINAL_B_20260915_1409/N17_REFRESH/logs/nested_member_4_532.stdout	2605	6366bb1a2f9e2e71e8010ccea5b464e95dc0eaeb5d7b9681cd209a41314b830e
FILE	/Users/Shared/micah/Documents/TNN/TNN/Research/R33_NATIVE_N17_R27_CONTINUITY/FINAL_B_20260915_1409/N17_REFRESH/logs/expanded_11_34.stderr	0	e3b0c44298fc1c149afbf4c8996fb92427ae41e4649b934ca495991b7852b855
FILE	/Users/Shared/micah/Documents/TNN/TNN/Research/R33_NATIVE_N17_R27_CONTINUITY/FINAL_B_20260915_1409/N17_REFRESH/logs/expanded_5_92.stdout	2560	3310ace23a8dbff8c482b0ae427cb122438273e6dbd896130f0f3e21117997bf
FILE	/Users/Shared/micah/Documents/TNN/TNN/Research/R33_NATIVE_N17_R27_CONTINUITY/FINAL_B_20260915_1409/N17_REFRESH/logs/expanded_75_61.stdout	4163	8e3069af0197de8100015aeff8e078ccfec55b5afb8b786e5ff5c6f88eb1abe4
FILE	/Users/Shared/micah/Documents/TNN/TNN/Research/R33_NATIVE_N17_R27_CONTINUITY/FINAL_B_20260915_1409/N17_REFRESH/logs/expanded_40_31.argv	136	c90cb287dcd596d455c93a80955b94d12c12fffb2ac42f4aa01db76a3cfcdbfe
FILE	/Users/Shared/micah/Documents/TNN/TNN/Research/R33_NATIVE_N17_R27_CONTINUITY/FINAL_B_20260915_1409/N17_REFRESH/logs/policy_corrupt_final.stderr	0	e3b0c44298fc1c149afbf4c8996fb92427ae41e4649b934ca495991b7852b855
FILE	/Users/Shared/micah/Documents/TNN/TNN/Research/R33_NATIVE_N17_R27_CONTINUITY/FINAL_B_20260915_1409/N17_REFRESH/logs/project_record_final.argv	551	f498936e465570431b9e6ac6d4b5eb3893a2f23dac7408cb7719c097e54024f3
FILE	/Users/Shared/micah/Documents/TNN/TNN/Research/R33_NATIVE_N17_R27_CONTINUITY/FINAL_B_20260915_1409/N17_REFRESH/logs/project_rows.argv	566	d7ae0c3e63814a8eb68e32dffbf7ddae30e7ea2030f7bcff052a7cfc6003f8b6
FILE	/Users/Shared/micah/Documents/TNN/TNN/Research/R33_NATIVE_N17_R27_CONTINUITY/FINAL_B_20260915_1409/N17_REFRESH/logs/expanded_44_614.exit	2	9a271f2a916b0b6ee6cecb2426f0b3206ef074578be55d9bc94f6f3fe3ab86aa
FILE	/Users/Shared/micah/Documents/TNN/TNN/Research/R33_NATIVE_N17_R27_CONTINUITY/FINAL_B_20260915_1409/N17_REFRESH/logs/receipt_compiler_compare.stdout	0	e3b0c44298fc1c149afbf4c8996fb92427ae41e4649b934ca495991b7852b855
FILE	/Users/Shared/micah/Documents/TNN/TNN/Research/R33_NATIVE_N17_R27_CONTINUITY/FINAL_B_20260915_1409/N17_REFRESH/logs/archive_81.argv	177	ddc086543832c29539f39b8983db6ef209c2d4bbb14c983aa8a5de79026f4570
FILE	/Users/Shared/micah/Documents/TNN/TNN/Research/R33_NATIVE_N17_R27_CONTINUITY/FINAL_B_20260915_1409/N17_REFRESH/logs/expanded_10_24.stdout	8140	a78355a4e65c970f74172e257e5736ca05b4990d32704303e2b282aa8ff8fed1
FILE	/Users/Shared/micah/Documents/TNN/TNN/Research/R33_NATIVE_N17_R27_CONTINUITY/FINAL_B_20260915_1409/N17_REFRESH/logs/expanded_38_622.exit	2	9a271f2a916b0b6ee6cecb2426f0b3206ef074578be55d9bc94f6f3fe3ab86aa
FILE	/Users/Shared/micah/Documents/TNN/TNN/Research/R33_NATIVE_N17_R27_CONTINUITY/FINAL_B_20260915_1409/N17_REFRESH/logs/archive_14.stderr	0	e3b0c44298fc1c149afbf4c8996fb92427ae41e4649b934ca495991b7852b855
FILE	/Users/Shared/micah/Documents/TNN/TNN/Research/R33_NATIVE_N17_R27_CONTINUITY/FINAL_B_20260915_1409/N17_REFRESH/logs/expanded_75_55.exit	2	9a271f2a916b0b6ee6cecb2426f0b3206ef074578be55d9bc94f6f3fe3ab86aa
FILE	/Users/Shared/micah/Documents/TNN/TNN/Research/R33_NATIVE_N17_R27_CONTINUITY/FINAL_B_20260915_1409/N17_REFRESH/logs/expanded_44_640.argv	174	569382efbe71a6235342227912a8652d5c0c862d7031ca6fc911442877d66be3
FILE	/Users/Shared/micah/Documents/TNN/TNN/Research/R33_NATIVE_N17_R27_CONTINUITY/FINAL_B_20260915_1409/N17_REFRESH/logs/expanded_17_200.argv	143	6ac6aefcb32d76162353a766449aa3038efd0af205302d60371c08a8b5426442
FILE	/Users/Shared/micah/Documents/TNN/TNN/Research/R33_NATIVE_N17_R27_CONTINUITY/FINAL_B_20260915_1409/N17_REFRESH/logs/nested_member_1_36.stdout	9228	386630e128ec170547dacad32e275fa278e6a60901c804e39621dfb40ec90908
FILE	/Users/Shared/micah/Documents/TNN/TNN/Research/R33_NATIVE_N17_R27_CONTINUITY/FINAL_B_20260915_1409/N17_REFRESH/logs/expanded_19_198.stdout	6651	3a3a134d38e43d1aa6884517a9453c4a1b970409af54da5d250d5bdb20032632
FILE	/Users/Shared/micah/Documents/TNN/TNN/Research/R33_NATIVE_N17_R27_CONTINUITY/FINAL_B_20260915_1409/N17_REFRESH/logs/expanded_54_34.stdout	3068	b207c0a4beb449972e9707ebee3f51a4ba28fe1694440f35d399371ec8dacb52
FILE	/Users/Shared/micah/Documents/TNN/TNN/Research/R33_NATIVE_N17_R27_CONTINUITY/FINAL_B_20260915_1409/N17_REFRESH/logs/nested_member_8_527.stderr	0	e3b0c44298fc1c149afbf4c8996fb92427ae41e4649b934ca495991b7852b855
FILE	/Users/Shared/micah/Documents/TNN/TNN/Research/R33_NATIVE_N17_R27_CONTINUITY/FINAL_B_20260915_1409/N17_REFRESH/logs/expanded_44_638.stdout	3024	577e5536c6c4560738bb6c5c8f09f886370ab481e6688e899f8c1ca3c7a7d3ff
FILE	/Users/Shared/micah/Documents/TNN/TNN/Research/R33_NATIVE_N17_R27_CONTINUITY/FINAL_B_20260915_1409/N17_REFRESH/logs/project_memo.exit	2	9a271f2a916b0b6ee6cecb2426f0b3206ef074578be55d9bc94f6f3fe3ab86aa
FILE	/Users/Shared/micah/Documents/TNN/TNN/Research/R33_NATIVE_N17_R27_CONTINUITY/FINAL_B_20260915_1409/N17_REFRESH/logs/r27_digest.stderr	0	e3b0c44298fc1c149afbf4c8996fb92427ae41e4649b934ca495991b7852b855
FILE	/Users/Shared/micah/Documents/TNN/TNN/Research/R33_NATIVE_N17_R27_CONTINUITY/FINAL_B_20260915_1409/N17_REFRESH/logs/nested_member_5_132.stderr	0	e3b0c44298fc1c149afbf4c8996fb92427ae41e4649b934ca495991b7852b855
FILE	/Users/Shared/micah/Documents/TNN/TNN/Research/R33_NATIVE_N17_R27_CONTINUITY/FINAL_B_20260915_1409/N17_REFRESH/logs/nested_member_8_530.argv	192	3f1d7874d925cd1b03e682a5c41894971b3d8019c91ebb51403db8a14edeead7
FILE	/Users/Shared/micah/Documents/TNN/TNN/Research/R33_NATIVE_N17_R27_CONTINUITY/FINAL_B_20260915_1409/N17_REFRESH/logs/archive_69.stderr	56	d020996efa8ef774f2a5b5df38bdab4a049eb9bb54bf82ec8618c616a66fe9e2
FILE	/Users/Shared/micah/Documents/TNN/TNN/Research/R33_NATIVE_N17_R27_CONTINUITY/FINAL_B_20260915_1409/N17_REFRESH/logs/nested_member_1_109.stderr	0	e3b0c44298fc1c149afbf4c8996fb92427ae41e4649b934ca495991b7852b855
FILE	/Users/Shared/micah/Documents/TNN/TNN/Research/R33_NATIVE_N17_R27_CONTINUITY/FINAL_B_20260915_1409/N17_REFRESH/logs/classifier_final.exit	2	9a271f2a916b0b6ee6cecb2426f0b3206ef074578be55d9bc94f6f3fe3ab86aa
FILE	/Users/Shared/micah/Documents/TNN/TNN/Research/R33_NATIVE_N17_R27_CONTINUITY/FINAL_B_20260915_1409/N17_REFRESH/logs/nested_member_1_127.exit	2	9a271f2a916b0b6ee6cecb2426f0b3206ef074578be55d9bc94f6f3fe3ab86aa
FILE	/Users/Shared/micah/Documents/TNN/TNN/Research/R33_NATIVE_N17_R27_CONTINUITY/FINAL_B_20260915_1409/N17_REFRESH/logs/expanded_44_645.stdout	1931	79116d2fdd0da66eb16c2845a472a9571f1a608e77403bd00676de688188e3c6
FILE	/Users/Shared/micah/Documents/TNN/TNN/Research/R33_NATIVE_N17_R27_CONTINUITY/FINAL_B_20260915_1409/N17_REFRESH/logs/expanded_45_11.stderr	0	e3b0c44298fc1c149afbf4c8996fb92427ae41e4649b934ca495991b7852b855
FILE	/Users/Shared/micah/Documents/TNN/TNN/Research/R33_NATIVE_N17_R27_CONTINUITY/FINAL_B_20260915_1409/N17_REFRESH/logs/nested_list_6.stdout	31115	025654a8055f4c6b73fd950cb9fd041f6a59f41b5c5faadd4561c12c2f082ebf
FILE	/Users/Shared/micah/Documents/TNN/TNN/Research/R33_NATIVE_N17_R27_CONTINUITY/FINAL_B_20260915_1409/N17_REFRESH/logs/nested_member_7_213.stderr	0	e3b0c44298fc1c149afbf4c8996fb92427ae41e4649b934ca495991b7852b855
FILE	/Users/Shared/micah/Documents/TNN/TNN/Research/R33_NATIVE_N17_R27_CONTINUITY/FINAL_B_20260915_1409/N17_REFRESH/logs/member_19_3.stderr	0	e3b0c44298fc1c149afbf4c8996fb92427ae41e4649b934ca495991b7852b855
FILE	/Users/Shared/micah/Documents/TNN/TNN/Research/R33_NATIVE_N17_R27_CONTINUITY/FINAL_B_20260915_1409/N17_REFRESH/logs/expanded_44_634.stdout	1832	1446020882d0bf271655fb205f335fe97aa1c84de7c3c0eaf071388410686e4b
FILE	/Users/Shared/micah/Documents/TNN/TNN/Research/R33_NATIVE_N17_R27_CONTINUITY/FINAL_B_20260915_1409/N17_REFRESH/logs/expanded_38_636.stderr	0	e3b0c44298fc1c149afbf4c8996fb92427ae41e4649b934ca495991b7852b855
FILE	/Users/Shared/micah/Documents/TNN/TNN/Research/R33_NATIVE_N17_R27_CONTINUITY/FINAL_B_20260915_1409/N17_REFRESH/logs/archive_18.stderr	0	e3b0c44298fc1c149afbf4c8996fb92427ae41e4649b934ca495991b7852b855
FILE	/Users/Shared/micah/Documents/TNN/TNN/Research/R33_NATIVE_N17_R27_CONTINUITY/FINAL_B_20260915_1409/N17_REFRESH/logs/expanded_17_210.stdout	43658	860b3d908d13fdbb0397ee7a7d59e68dc98c820bc844710a878e7e6788a58ac9
FILE	/Users/Shared/micah/Documents/TNN/TNN/Research/R33_NATIVE_N17_R27_CONTINUITY/FINAL_B_20260915_1409/N17_REFRESH/logs/expanded_46_120.stderr	0	e3b0c44298fc1c149afbf4c8996fb92427ae41e4649b934ca495991b7852b855
FILE	/Users/Shared/micah/Documents/TNN/TNN/Research/R33_NATIVE_N17_R27_CONTINUITY/FINAL_B_20260915_1409/N17_REFRESH/logs/expanded_10_28.stdout	11245	ed270a5d02db6e7288dde6334a91b23c015b6005b7f90753f95e5787d9bcbf77
FILE	/Users/Shared/micah/Documents/TNN/TNN/Research/R33_NATIVE_N17_R27_CONTINUITY/FINAL_B_20260915_1409/N17_REFRESH/logs/expanded_17_216.argv	124	88e6eef0b730e6c7a2ca69e5e9b38000ab0309ed4f94f536624a5dc45cf59c9e
FILE	/Users/Shared/micah/Documents/TNN/TNN/Research/R33_NATIVE_N17_R27_CONTINUITY/FINAL_B_20260915_1409/N17_REFRESH/logs/archive_78.argv	205	a22bf624d3751f3c064bfdf97625fcc45c1638f6936b0262b35214419ec6dd1d
FILE	/Users/Shared/micah/Documents/TNN/TNN/Research/R33_NATIVE_N17_R27_CONTINUITY/FINAL_B_20260915_1409/N17_REFRESH/logs/expanded_44_656.argv	165	5d45d0e1e0c72898ad70c3ea071be00d02ffe82189c1a39fbd63430a058477c5
FILE	/Users/Shared/micah/Documents/TNN/TNN/Research/R33_NATIVE_N17_R27_CONTINUITY/FINAL_B_20260915_1409/N17_REFRESH/logs/expanded_38_634.exit	2	9a271f2a916b0b6ee6cecb2426f0b3206ef074578be55d9bc94f6f3fe3ab86aa
FILE	/Users/Shared/micah/Documents/TNN/TNN/Research/R33_NATIVE_N17_R27_CONTINUITY/FINAL_B_20260915_1409/N17_REFRESH/logs/expanded_54_45.stdout	3069	2f08c92eb74ef3d38d88732b35816a0d328e67e32017658546ae9a35e602a526
FILE	/Users/Shared/micah/Documents/TNN/TNN/Research/R33_NATIVE_N17_R27_CONTINUITY/FINAL_B_20260915_1409/N17_REFRESH/logs/archive_3.stdout	26	b1ec49413061f634da86c4b7d51264d80a545d6def4af34a96c3777afabe9093
FILE	/Users/Shared/micah/Documents/TNN/TNN/Research/R33_NATIVE_N17_R27_CONTINUITY/FINAL_B_20260915_1409/N17_REFRESH/logs/expanded_40_24.exit	2	9a271f2a916b0b6ee6cecb2426f0b3206ef074578be55d9bc94f6f3fe3ab86aa
FILE	/Users/Shared/micah/Documents/TNN/TNN/Research/R33_NATIVE_N17_R27_CONTINUITY/FINAL_B_20260915_1409/N17_REFRESH/logs/archive_65.stderr	56	d020996efa8ef774f2a5b5df38bdab4a049eb9bb54bf82ec8618c616a66fe9e2
FILE	/Users/Shared/micah/Documents/TNN/TNN/Research/R33_NATIVE_N17_R27_CONTINUITY/FINAL_B_20260915_1409/N17_REFRESH/logs/expanded_4_22.argv	143	61db81841083fdeace81ce80f7d59ee848501e8396ded6c77b7a61d819b06ed8
FILE	/Users/Shared/micah/Documents/TNN/TNN/Research/R33_NATIVE_N17_R27_CONTINUITY/FINAL_B_20260915_1409/N17_REFRESH/logs/expanded_11_26.stderr	0	e3b0c44298fc1c149afbf4c8996fb92427ae41e4649b934ca495991b7852b855
FILE	/Users/Shared/micah/Documents/TNN/TNN/Research/R33_NATIVE_N17_R27_CONTINUITY/FINAL_B_20260915_1409/N17_REFRESH/logs/expanded_75_73.stdout	2135	c8647fdc29d59802442ef53297680adc542cb7928b5e96f9ca47483af8cf52d7
FILE	/Users/Shared/micah/Documents/TNN/TNN/Research/R33_NATIVE_N17_R27_CONTINUITY/FINAL_B_20260915_1409/N17_REFRESH/logs/expanded_31_22.exit	2	9a271f2a916b0b6ee6cecb2426f0b3206ef074578be55d9bc94f6f3fe3ab86aa
FILE	/Users/Shared/micah/Documents/TNN/TNN/Research/R33_NATIVE_N17_R27_CONTINUITY/FINAL_B_20260915_1409/N17_REFRESH/logs/expanded_54_33.argv	153	267c8139f17896fea24645b61532b3f10524a5d304000fe7ae9d51c273e8e96d
FILE	/Users/Shared/micah/Documents/TNN/TNN/Research/R33_NATIVE_N17_R27_CONTINUITY/FINAL_B_20260915_1409/N17_REFRESH/logs/expanded_46_126.argv	146	0a8e3c1a65a9e73ecb220d8109f5446f99dd292d9b49d46144c3b14da3c7fe0b
FILE	/Users/Shared/micah/Documents/TNN/TNN/Research/R33_NATIVE_N17_R27_CONTINUITY/FINAL_B_20260915_1409/N17_REFRESH/logs/expanded_38_637.argv	169	85cfedcc0d113fb0486528356dea7af1d7786657e8c225504e0632124a2b2ce0
FILE	/Users/Shared/micah/Documents/TNN/TNN/Research/R33_NATIVE_N17_R27_CONTINUITY/FINAL_B_20260915_1409/N17_REFRESH/logs/expanded_17_215.exit	2	9a271f2a916b0b6ee6cecb2426f0b3206ef074578be55d9bc94f6f3fe3ab86aa
FILE	/Users/Shared/micah/Documents/TNN/TNN/Research/R33_NATIVE_N17_R27_CONTINUITY/FINAL_B_20260915_1409/N17_REFRESH/logs/expanded_18_31.exit	2	9a271f2a916b0b6ee6cecb2426f0b3206ef074578be55d9bc94f6f3fe3ab86aa
FILE	/Users/Shared/micah/Documents/TNN/TNN/Research/R33_NATIVE_N17_R27_CONTINUITY/FINAL_B_20260915_1409/N17_REFRESH/logs/nested_member_3_123.stdout	49396	202cff2b26a2c260924b35dc4280aa6b185f9b8dd153ab5a467c721cc7ae0253
FILE	/Users/Shared/micah/Documents/TNN/TNN/Research/R33_NATIVE_N17_R27_CONTINUITY/FINAL_B_20260915_1409/N17_REFRESH/logs/expanded_38_628.stderr	0	e3b0c44298fc1c149afbf4c8996fb92427ae41e4649b934ca495991b7852b855
FILE	/Users/Shared/micah/Documents/TNN/TNN/Research/R33_NATIVE_N17_R27_CONTINUITY/FINAL_B_20260915_1409/N17_REFRESH/logs/source_gate_missing.argv	274	f879f7ce087099287389e397a4b3fc7b04b9ea218f49b8bd2e25deabe2b25234
FILE	/Users/Shared/micah/Documents/TNN/TNN/Research/R33_NATIVE_N17_R27_CONTINUITY/FINAL_B_20260915_1409/N17_REFRESH/logs/expanded_18_33.stdout	3911	3e9bb78dd70a7f4ddbb6ab40f2077b3b0a3964b948ea009be2852180c34b3e30
FILE	/Users/Shared/micah/Documents/TNN/TNN/Research/R33_NATIVE_N17_R27_CONTINUITY/FINAL_B_20260915_1409/N17_REFRESH/logs/member_8_0.exit	2	9a271f2a916b0b6ee6cecb2426f0b3206ef074578be55d9bc94f6f3fe3ab86aa
FILE	/Users/Shared/micah/Documents/TNN/TNN/Research/R33_NATIVE_N17_R27_CONTINUITY/FINAL_B_20260915_1409/N17_REFRESH/logs/nested_member_6_142.stdout	222	4dcd659522c5c325537986cb529e35ca3105f74a380268d345308afd8f827025
FILE	/Users/Shared/micah/Documents/TNN/TNN/Research/R33_NATIVE_N17_R27_CONTINUITY/FINAL_B_20260915_1409/N17_REFRESH/logs/git_behavior.stderr	0	e3b0c44298fc1c149afbf4c8996fb92427ae41e4649b934ca495991b7852b855
FILE	/Users/Shared/micah/Documents/TNN/TNN/Research/R33_NATIVE_N17_R27_CONTINUITY/FINAL_B_20260915_1409/N17_REFRESH/logs/expanded_46_125.exit	2	9a271f2a916b0b6ee6cecb2426f0b3206ef074578be55d9bc94f6f3fe3ab86aa
FILE	/Users/Shared/micah/Documents/TNN/TNN/Research/R33_NATIVE_N17_R27_CONTINUITY/FINAL_B_20260915_1409/N17_REFRESH/logs/expanded_52_118.argv	149	7c3cfa777ae78266c3c5c66740687ed0fafc18770375c853f0b32bbf20aa403f
FILE	/Users/Shared/micah/Documents/TNN/TNN/Research/R33_NATIVE_N17_R27_CONTINUITY/FINAL_B_20260915_1409/N17_REFRESH/logs/expanded_11_28.argv	144	e879a60c55bf3bca9510676f53833032e466ade7d0906836b6bd01508e4ad397
FILE	/Users/Shared/micah/Documents/TNN/TNN/Research/R33_NATIVE_N17_R27_CONTINUITY/FINAL_B_20260915_1409/N17_REFRESH/logs/expanded_54_64.argv	149	dcff157dc73888eb31d960377c85b89635812ea27fe905c33d07c8c35c110738
FILE	/Users/Shared/micah/Documents/TNN/TNN/Research/R33_NATIVE_N17_R27_CONTINUITY/FINAL_B_20260915_1409/N17_REFRESH/logs/expanded_40_27.argv	127	fa65e0a22757ac677a2705ebb2abcf885b1d2ad4a56572510b2085bc30d326e6
FILE	/Users/Shared/micah/Documents/TNN/TNN/Research/R33_NATIVE_N17_R27_CONTINUITY/FINAL_B_20260915_1409/N17_REFRESH/logs/nested_member_1_64.exit	2	9a271f2a916b0b6ee6cecb2426f0b3206ef074578be55d9bc94f6f3fe3ab86aa
FILE	/Users/Shared/micah/Documents/TNN/TNN/Research/R33_NATIVE_N17_R27_CONTINUITY/FINAL_B_20260915_1409/N17_REFRESH/logs/project_pinmatch.argv	542	d2662dd159279a7c38bd0b5af2fec392d4d3d0e9436e751302e9380f2b52253f
FILE	/Users/Shared/micah/Documents/TNN/TNN/Research/R33_NATIVE_N17_R27_CONTINUITY/FINAL_B_20260915_1409/N17_REFRESH/logs/expanded_38_618.exit	2	9a271f2a916b0b6ee6cecb2426f0b3206ef074578be55d9bc94f6f3fe3ab86aa
FILE	/Users/Shared/micah/Documents/TNN/TNN/Research/R33_NATIVE_N17_R27_CONTINUITY/FINAL_B_20260915_1409/N17_REFRESH/logs/nested_member_7_532.argv	189	3d5dedd7db37702427b9190d503a9510c2103c912ad23fc562c5285665f47dc1
FILE	/Users/Shared/micah/Documents/TNN/TNN/Research/R33_NATIVE_N17_R27_CONTINUITY/FINAL_B_20260915_1409/N17_REFRESH/logs/archive_54.argv	91	b52590898ce6e8e29d5c3f57b3d9df0fb836f97f5a35c549755999e5297d2136
FILE	/Users/Shared/micah/Documents/TNN/TNN/Research/R33_NATIVE_N17_R27_CONTINUITY/FINAL_B_20260915_1409/N17_REFRESH/logs/expanded_46_116.stderr	0	e3b0c44298fc1c149afbf4c8996fb92427ae41e4649b934ca495991b7852b855
FILE	/Users/Shared/micah/Documents/TNN/TNN/Research/R33_NATIVE_N17_R27_CONTINUITY/FINAL_B_20260915_1409/N17_REFRESH/logs/archive_3.argv	66	ff0163d786ec4b235cd9e251de1341388f1167f24b40a4753823e5c8af38e8a6
FILE	/Users/Shared/micah/Documents/TNN/TNN/Research/R33_NATIVE_N17_R27_CONTINUITY/FINAL_B_20260915_1409/N17_REFRESH/logs/nested_member_6_532.argv	192	1c528597c4b44155a684d407305c1a7aab9d6ca604c63bf7efe14720ca402dd9
FILE	/Users/Shared/micah/Documents/TNN/TNN/Research/R33_NATIVE_N17_R27_CONTINUITY/FINAL_B_20260915_1409/N17_REFRESH/logs/nested_member_7_136.exit	2	9a271f2a916b0b6ee6cecb2426f0b3206ef074578be55d9bc94f6f3fe3ab86aa
FILE	/Users/Shared/micah/Documents/TNN/TNN/Research/R33_NATIVE_N17_R27_CONTINUITY/FINAL_B_20260915_1409/N17_REFRESH/logs/expanded_9_54.exit	2	9a271f2a916b0b6ee6cecb2426f0b3206ef074578be55d9bc94f6f3fe3ab86aa
FILE	/Users/Shared/micah/Documents/TNN/TNN/Research/R33_NATIVE_N17_R27_CONTINUITY/FINAL_B_20260915_1409/N17_REFRESH/logs/expanded_19_215.stdout	5072	41e043ff73621ff650d1ef1156ece8fc30478868f9d10a9ba6123191ad4a214e
FILE	/Users/Shared/micah/Documents/TNN/TNN/Research/R33_NATIVE_N17_R27_CONTINUITY/FINAL_B_20260915_1409/N17_REFRESH/logs/expanded_31_28.stdout	11245	ed270a5d02db6e7288dde6334a91b23c015b6005b7f90753f95e5787d9bcbf77
FILE	/Users/Shared/micah/Documents/TNN/TNN/Research/R33_NATIVE_N17_R27_CONTINUITY/FINAL_B_20260915_1409/N17_REFRESH/logs/nested_member_6_136.exit	2	9a271f2a916b0b6ee6cecb2426f0b3206ef074578be55d9bc94f6f3fe3ab86aa
FILE	/Users/Shared/micah/Documents/TNN/TNN/Research/R33_NATIVE_N17_R27_CONTINUITY/FINAL_B_20260915_1409/N17_REFRESH/logs/build_policy.stdout	228	4a104dcec69c8507b57613930b923227b04a2d3a99b155ab32f9827be6133e8f
FILE	/Users/Shared/micah/Documents/TNN/TNN/Research/R33_NATIVE_N17_R27_CONTINUITY/FINAL_B_20260915_1409/N17_REFRESH/logs/expanded_19_202.argv	124	38417175c474e0525136da8a8d91c9a11d7e2cbe0979fa3dfac4e36e3af927cc
FILE	/Users/Shared/micah/Documents/TNN/TNN/Research/R33_NATIVE_N17_R27_CONTINUITY/FINAL_B_20260915_1409/N17_REFRESH/logs/nested_member_3_22.exit	2	9a271f2a916b0b6ee6cecb2426f0b3206ef074578be55d9bc94f6f3fe3ab86aa
FILE	/Users/Shared/micah/Documents/TNN/TNN/Research/R33_NATIVE_N17_R27_CONTINUITY/FINAL_B_20260915_1409/N17_REFRESH/logs/archive_53.stderr	0	e3b0c44298fc1c149afbf4c8996fb92427ae41e4649b934ca495991b7852b855
FILE	/Users/Shared/micah/Documents/TNN/TNN/Research/R33_NATIVE_N17_R27_CONTINUITY/FINAL_B_20260915_1409/N17_REFRESH/logs/nested_member_4_538.exit	2	9a271f2a916b0b6ee6cecb2426f0b3206ef074578be55d9bc94f6f3fe3ab86aa
FILE	/Users/Shared/micah/Documents/TNN/TNN/Research/R33_NATIVE_N17_R27_CONTINUITY/FINAL_B_20260915_1409/N17_REFRESH/logs/nested_member_5_538.exit	2	9a271f2a916b0b6ee6cecb2426f0b3206ef074578be55d9bc94f6f3fe3ab86aa
FILE	/Users/Shared/micah/Documents/TNN/TNN/Research/R33_NATIVE_N17_R27_CONTINUITY/FINAL_B_20260915_1409/N17_REFRESH/logs/nested_member_6_530.stderr	0	e3b0c44298fc1c149afbf4c8996fb92427ae41e4649b934ca495991b7852b855
FILE	/Users/Shared/micah/Documents/TNN/TNN/Research/R33_NATIVE_N17_R27_CONTINUITY/FINAL_B_20260915_1409/N17_REFRESH/logs/archive_30.stderr	0	e3b0c44298fc1c149afbf4c8996fb92427ae41e4649b934ca495991b7852b855
FILE	/Users/Shared/micah/Documents/TNN/TNN/Research/R33_NATIVE_N17_R27_CONTINUITY/FINAL_B_20260915_1409/N17_REFRESH/logs/expanded_9_57.argv	153	6e873c036c458b8027ac56090d739e8f3b89ec031de192d0587c69c7387b80a0
FILE	/Users/Shared/micah/Documents/TNN/TNN/Research/R33_NATIVE_N17_R27_CONTINUITY/FINAL_B_20260915_1409/N17_REFRESH/logs/expanded_9_59.stderr	0	e3b0c44298fc1c149afbf4c8996fb92427ae41e4649b934ca495991b7852b855
FILE	/Users/Shared/micah/Documents/TNN/TNN/Research/R33_NATIVE_N17_R27_CONTINUITY/FINAL_B_20260915_1409/N17_REFRESH/logs/build_constant_probe.stderr	0	e3b0c44298fc1c149afbf4c8996fb92427ae41e4649b934ca495991b7852b855
FILE	/Users/Shared/micah/Documents/TNN/TNN/Research/R33_NATIVE_N17_R27_CONTINUITY/FINAL_B_20260915_1409/N17_REFRESH/logs/archive_0.exit	2	9a271f2a916b0b6ee6cecb2426f0b3206ef074578be55d9bc94f6f3fe3ab86aa
FILE	/Users/Shared/micah/Documents/TNN/TNN/Research/R33_NATIVE_N17_R27_CONTINUITY/FINAL_B_20260915_1409/N17_REFRESH/logs/member_55_0.stdout	88	2f02f5a3ccdeb93f11ec2fa94e81c579b7d097c837e4ddb6ba15d179eb2f3c44
FILE	/Users/Shared/micah/Documents/TNN/TNN/Research/R33_NATIVE_N17_R27_CONTINUITY/FINAL_B_20260915_1409/N17_REFRESH/logs/large_archive_3.stderr	0	e3b0c44298fc1c149afbf4c8996fb92427ae41e4649b934ca495991b7852b855
FILE	/Users/Shared/micah/Documents/TNN/TNN/Research/R33_NATIVE_N17_R27_CONTINUITY/FINAL_B_20260915_1409/N17_REFRESH/logs/build_classifier.stdout	232	e329bf7c1156a6c3e6029fd56c4f1bb4e83f02002e0e3e93ba116d9c70648982
FILE	/Users/Shared/micah/Documents/TNN/TNN/Research/R33_NATIVE_N17_R27_CONTINUITY/FINAL_B_20260915_1409/N17_REFRESH/logs/compiler_before.stdout	104	81bf1d5c8435602e16d62234b8742b191754b26e15719b3b1d1d5a6a808abc02
FILE	/Users/Shared/micah/Documents/TNN/TNN/Research/R33_NATIVE_N17_R27_CONTINUITY/FINAL_B_20260915_1409/N17_REFRESH/logs/archive_57.exit	2	4355a46b19d348dc2f57c046f8ef63d4538ebb936000f3c9ee954a27460dd865
FILE	/Users/Shared/micah/Documents/TNN/TNN/Research/R33_NATIVE_N17_R27_CONTINUITY/FINAL_B_20260915_1409/N17_REFRESH/logs/member_54_0.stdout	88	2f02f5a3ccdeb93f11ec2fa94e81c579b7d097c837e4ddb6ba15d179eb2f3c44
FILE	/Users/Shared/micah/Documents/TNN/TNN/Research/R33_NATIVE_N17_R27_CONTINUITY/FINAL_B_20260915_1409/N17_REFRESH/logs/nested_member_3_115.stdout	2755	9fa483620e23c2b82e33e8657ec6394df46df15715ee267b0c646363c25a2e4a
FILE	/Users/Shared/micah/Documents/TNN/TNN/Research/R33_NATIVE_N17_R27_CONTINUITY/FINAL_B_20260915_1409/N17_REFRESH/logs/expanded_55_31.exit	2	9a271f2a916b0b6ee6cecb2426f0b3206ef074578be55d9bc94f6f3fe3ab86aa
FILE	/Users/Shared/micah/Documents/TNN/TNN/Research/R33_NATIVE_N17_R27_CONTINUITY/FINAL_B_20260915_1409/N17_REFRESH/logs/nested_member_3_117.argv	210	cc8bf095a0111304194dd11ce68c3e297d9099bc621c25ddfe4a729ef3f35d44
FILE	/Users/Shared/micah/Documents/TNN/TNN/Research/R33_NATIVE_N17_R27_CONTINUITY/FINAL_B_20260915_1409/N17_REFRESH/logs/expanded_54_48.argv	146	44eb2d52c4e6a69c58af3a9d5ca3a61f0e08598293c719ca7a045d936d523f13
FILE	/Users/Shared/micah/Documents/TNN/TNN/Research/R33_NATIVE_N17_R27_CONTINUITY/FINAL_B_20260915_1409/N17_REFRESH/logs/nested_member_7_417.stderr	0	e3b0c44298fc1c149afbf4c8996fb92427ae41e4649b934ca495991b7852b855
FILE	/Users/Shared/micah/Documents/TNN/TNN/Research/R33_NATIVE_N17_R27_CONTINUITY/FINAL_B_20260915_1409/N17_REFRESH/logs/nested_member_2_132.stdout	507	d19d7d171533c62bdd11fa97ca570507823a2011fc16e63b7e90e76a3b0f16f1
FILE	/Users/Shared/micah/Documents/TNN/TNN/Research/R33_NATIVE_N17_R27_CONTINUITY/FINAL_B_20260915_1409/N17_REFRESH/logs/expanded_19_201.exit	2	9a271f2a916b0b6ee6cecb2426f0b3206ef074578be55d9bc94f6f3fe3ab86aa
FILE	/Users/Shared/micah/Documents/TNN/TNN/Research/R33_NATIVE_N17_R27_CONTINUITY/FINAL_B_20260915_1409/N17_REFRESH/logs/nested_member_3_21.argv	212	c98d5c0c3047c5699463e6f40f87e51161e9023b00d89acff465f2094b7dcc92
FILE	/Users/Shared/micah/Documents/TNN/TNN/Research/R33_NATIVE_N17_R27_CONTINUITY/FINAL_B_20260915_1409/N17_REFRESH/logs/expanded_74_28.stderr	0	e3b0c44298fc1c149afbf4c8996fb92427ae41e4649b934ca495991b7852b855
FILE	/Users/Shared/micah/Documents/TNN/TNN/Research/R33_NATIVE_N17_R27_CONTINUITY/FINAL_B_20260915_1409/N17_REFRESH/logs/nested_member_3_21.stderr	0	e3b0c44298fc1c149afbf4c8996fb92427ae41e4649b934ca495991b7852b855
FILE	/Users/Shared/micah/Documents/TNN/TNN/Research/R33_NATIVE_N17_R27_CONTINUITY/FINAL_B_20260915_1409/N17_REFRESH/logs/archive_15.argv	149	d7b0889ef8cb18f2cfbb01a73b624b8834e74011014f1a770297c74dcabbd4cb
FILE	/Users/Shared/micah/Documents/TNN/TNN/Research/R33_NATIVE_N17_R27_CONTINUITY/FINAL_B_20260915_1409/N17_REFRESH/logs/expanded_43_21.stdout	34026	a670d81497577e7c556fdd716c50ba996edb0f390a874fe1d6c9784fe222c0c6
FILE	/Users/Shared/micah/Documents/TNN/TNN/Research/R33_NATIVE_N17_R27_CONTINUITY/FINAL_B_20260915_1409/N17_REFRESH/logs/r26_match.argv	223	11c14723d73f9b5ddfd54eb7d72aab14bfd8247dc19386dbea6bbeaa87db37e1
FILE	/Users/Shared/micah/Documents/TNN/TNN/Research/R33_NATIVE_N17_R27_CONTINUITY/FINAL_B_20260915_1409/N17_REFRESH/logs/nested_member_3_119.stdout	49683	2c4e872f72df06d2c24488bc257dc0c299c41da3c42f2d8fac0a87953203f9a3
FILE	/Users/Shared/micah/Documents/TNN/TNN/Research/R33_NATIVE_N17_R27_CONTINUITY/FINAL_B_20260915_1409/N17_REFRESH/logs/nested_member_3_83.stdout	20322	bccd75bf05366885d93fa2d05976630b2af07b672688117810c4e154ce6a3fa8
FILE	/Users/Shared/micah/Documents/TNN/TNN/Research/R33_NATIVE_N17_R27_CONTINUITY/FINAL_B_20260915_1409/N17_REFRESH/logs/expanded_9_55.stderr	0	e3b0c44298fc1c149afbf4c8996fb92427ae41e4649b934ca495991b7852b855
FILE	/Users/Shared/micah/Documents/TNN/TNN/Research/R33_NATIVE_N17_R27_CONTINUITY/FINAL_B_20260915_1409/N17_REFRESH/logs/nested_member_7_527.exit	2	9a271f2a916b0b6ee6cecb2426f0b3206ef074578be55d9bc94f6f3fe3ab86aa
FILE	/Users/Shared/micah/Documents/TNN/TNN/Research/R33_NATIVE_N17_R27_CONTINUITY/FINAL_B_20260915_1409/N17_REFRESH/logs/archive_41.exit	2	9a271f2a916b0b6ee6cecb2426f0b3206ef074578be55d9bc94f6f3fe3ab86aa
FILE	/Users/Shared/micah/Documents/TNN/TNN/Research/R33_NATIVE_N17_R27_CONTINUITY/FINAL_B_20260915_1409/N17_REFRESH/logs/project_policy_final.argv	543	46028771ec86ad7d03220980dd89cf6ff852d9b21568262ce0b92929d9369176
FILE	/Users/Shared/micah/Documents/TNN/TNN/Research/R33_NATIVE_N17_R27_CONTINUITY/FINAL_B_20260915_1409/N17_REFRESH/logs/expanded_19_207.stdout	49396	202cff2b26a2c260924b35dc4280aa6b185f9b8dd153ab5a467c721cc7ae0253
FILE	/Users/Shared/micah/Documents/TNN/TNN/Research/R33_NATIVE_N17_R27_CONTINUITY/FINAL_B_20260915_1409/N17_REFRESH/logs/expanded_44_610.stdout	584	e43866b46488d24d1d9ac548a6bfe7b72de470e83fba9c37337e642bc7ed40db
FILE	/Users/Shared/micah/Documents/TNN/TNN/Research/R33_NATIVE_N17_R27_CONTINUITY/FINAL_B_20260915_1409/N17_REFRESH/logs/expanded_38_612.stderr	0	e3b0c44298fc1c149afbf4c8996fb92427ae41e4649b934ca495991b7852b855
FILE	/Users/Shared/micah/Documents/TNN/TNN/Research/R33_NATIVE_N17_R27_CONTINUITY/FINAL_B_20260915_1409/N17_REFRESH/logs/nested_member_6_527.exit	2	9a271f2a916b0b6ee6cecb2426f0b3206ef074578be55d9bc94f6f3fe3ab86aa
FILE	/Users/Shared/micah/Documents/TNN/TNN/Research/R33_NATIVE_N17_R27_CONTINUITY/FINAL_B_20260915_1409/N17_REFRESH/logs/expanded_75_57.stdout	3059	a076a3dbc467732de4b25038f52d3e2d8f0dbc1b196e33ec3c56956e088e2de3
FILE	/Users/Shared/micah/Documents/TNN/TNN/Research/R33_NATIVE_N17_R27_CONTINUITY/FINAL_B_20260915_1409/N17_REFRESH/logs/member_44_2.stderr	0	e3b0c44298fc1c149afbf4c8996fb92427ae41e4649b934ca495991b7852b855
FILE	/Users/Shared/micah/Documents/TNN/TNN/Research/R33_NATIVE_N17_R27_CONTINUITY/FINAL_B_20260915_1409/N17_REFRESH/logs/expanded_74_24.stderr	0	e3b0c44298fc1c149afbf4c8996fb92427ae41e4649b934ca495991b7852b855
FILE	/Users/Shared/micah/Documents/TNN/TNN/Research/R33_NATIVE_N17_R27_CONTINUITY/FINAL_B_20260915_1409/N17_REFRESH/logs/nested_member_1_121.stderr	0	e3b0c44298fc1c149afbf4c8996fb92427ae41e4649b934ca495991b7852b855
FILE	/Users/Shared/micah/Documents/TNN/TNN/Research/R33_NATIVE_N17_R27_CONTINUITY/FINAL_B_20260915_1409/N17_REFRESH/logs/archive_41.stderr	0	e3b0c44298fc1c149afbf4c8996fb92427ae41e4649b934ca495991b7852b855
FILE	/Users/Shared/micah/Documents/TNN/TNN/Research/R33_NATIVE_N17_R27_CONTINUITY/FINAL_B_20260915_1409/N17_REFRESH/logs/expanded_33_26.argv	181	ad71524fc78d28b52e442f2d82ee2c0696c5aae259bf953371e1b75688b2282f
FILE	/Users/Shared/micah/Documents/TNN/TNN/Research/R33_NATIVE_N17_R27_CONTINUITY/FINAL_B_20260915_1409/N17_REFRESH/logs/policy_missing.argv	259	b52e62e9c77747563609b4ae196769c1522c90591a8a7abbfd54a07422ea8529
FILE	/Users/Shared/micah/Documents/TNN/TNN/Research/R33_NATIVE_N17_R27_CONTINUITY/FINAL_B_20260915_1409/N17_REFRESH/logs/expanded_52_122.argv	147	ed8b64cdd21ac7137a45c4e94e3b507258f7cde997a690b0f7df05e199119fce
FILE	/Users/Shared/micah/Documents/TNN/TNN/Research/R33_NATIVE_N17_R27_CONTINUITY/FINAL_B_20260915_1409/N17_REFRESH/logs/expanded_19_217.exit	2	9a271f2a916b0b6ee6cecb2426f0b3206ef074578be55d9bc94f6f3fe3ab86aa
FILE	/Users/Shared/micah/Documents/TNN/TNN/Research/R33_NATIVE_N17_R27_CONTINUITY/FINAL_B_20260915_1409/N17_REFRESH/logs/nested_member_8_136.stdout	2696	16e785b68df61c7fa96ab423967078de9fcea7fc68ff185a3e7140b6c88593c4
FILE	/Users/Shared/micah/Documents/TNN/TNN/Research/R33_NATIVE_N17_R27_CONTINUITY/FINAL_B_20260915_1409/N17_REFRESH/logs/structure.argv	125	68601df3e99d45f113d500024c1af768b4c7a4ce930517d3286d1a8fc01506e6
FILE	/Users/Shared/micah/Documents/TNN/TNN/Research/R33_NATIVE_N17_R27_CONTINUITY/FINAL_B_20260915_1409/N17_REFRESH/logs/expanded_31_24.stdout	8140	a78355a4e65c970f74172e257e5736ca05b4990d32704303e2b282aa8ff8fed1
FILE	/Users/Shared/micah/Documents/TNN/TNN/Research/R33_NATIVE_N17_R27_CONTINUITY/FINAL_B_20260915_1409/N17_REFRESH/logs/archive_22.stderr	0	e3b0c44298fc1c149afbf4c8996fb92427ae41e4649b934ca495991b7852b855
FILE	/Users/Shared/micah/Documents/TNN/TNN/Research/R33_NATIVE_N17_R27_CONTINUITY/FINAL_B_20260915_1409/N17_REFRESH/logs/archive_42.argv	90	78eecabc2c2e7523c26d040b8383b8361a0a30c0d3cdfc024349c54d20b443d6
FILE	/Users/Shared/micah/Documents/TNN/TNN/Research/R33_NATIVE_N17_R27_CONTINUITY/FINAL_B_20260915_1409/N17_REFRESH/logs/archive_80.stdout	7787	7da2b3586fe00b18ec68a79202ce4f76d1ba2c8911e6cf9be07990194ef5744a
FILE	/Users/Shared/micah/Documents/TNN/TNN/Research/R33_NATIVE_N17_R27_CONTINUITY/FINAL_B_20260915_1409/N17_REFRESH/logs/expanded_19_219.stdout	1335	b9d8b6e0cbbded1e181ea93466de499d8544918f3fc33748814580a0fcb25c04
FILE	/Users/Shared/micah/Documents/TNN/TNN/Research/R33_NATIVE_N17_R27_CONTINUITY/FINAL_B_20260915_1409/N17_REFRESH/logs/archive_16.exit	2	9a271f2a916b0b6ee6cecb2426f0b3206ef074578be55d9bc94f6f3fe3ab86aa
FILE	/Users/Shared/micah/Documents/TNN/TNN/Research/R33_NATIVE_N17_R27_CONTINUITY/FINAL_B_20260915_1409/N17_REFRESH/logs/expanded_44_638.exit	2	9a271f2a916b0b6ee6cecb2426f0b3206ef074578be55d9bc94f6f3fe3ab86aa
FILE	/Users/Shared/micah/Documents/TNN/TNN/Research/R33_NATIVE_N17_R27_CONTINUITY/FINAL_B_20260915_1409/N17_REFRESH/logs/nested_member_2_417.exit	2	9a271f2a916b0b6ee6cecb2426f0b3206ef074578be55d9bc94f6f3fe3ab86aa
FILE	/Users/Shared/micah/Documents/TNN/TNN/Research/R33_NATIVE_N17_R27_CONTINUITY/FINAL_B_20260915_1409/N17_REFRESH/logs/expanded_52_121.exit	2	9a271f2a916b0b6ee6cecb2426f0b3206ef074578be55d9bc94f6f3fe3ab86aa
FILE	/Users/Shared/micah/Documents/TNN/TNN/Research/R33_NATIVE_N17_R27_CONTINUITY/FINAL_B_20260915_1409/N17_REFRESH/logs/expanded_19_214.argv	132	2260fb6ec062304ce6e9e0af09c3d35c40ea6c9049908930576b89fbb7530079
FILE	/Users/Shared/micah/Documents/TNN/TNN/Research/R33_NATIVE_N17_R27_CONTINUITY/FINAL_B_20260915_1409/N17_REFRESH/logs/build_repaired_exact_source_gate.exit	2	9a271f2a916b0b6ee6cecb2426f0b3206ef074578be55d9bc94f6f3fe3ab86aa
FILE	/Users/Shared/micah/Documents/TNN/TNN/Research/R33_NATIVE_N17_R27_CONTINUITY/FINAL_B_20260915_1409/N17_REFRESH/logs/expanded_33_25.exit	2	9a271f2a916b0b6ee6cecb2426f0b3206ef074578be55d9bc94f6f3fe3ab86aa
FILE	/Users/Shared/micah/Documents/TNN/TNN/Research/R33_NATIVE_N17_R27_CONTINUITY/FINAL_B_20260915_1409/N17_REFRESH/logs/r27_digest.argv	126	6fc676f07492a07a242dbf3f89e78a4bb2a0b5cbf1e8b8f33ff7eed7c9da3264
FILE	/Users/Shared/micah/Documents/TNN/TNN/Research/R33_NATIVE_N17_R27_CONTINUITY/FINAL_B_20260915_1409/N17_REFRESH/logs/nested_member_2_102.exit	2	9a271f2a916b0b6ee6cecb2426f0b3206ef074578be55d9bc94f6f3fe3ab86aa
FILE	/Users/Shared/micah/Documents/TNN/TNN/Research/R33_NATIVE_N17_R27_CONTINUITY/FINAL_B_20260915_1409/N17_REFRESH/logs/project_record_corrected.stdout	0	e3b0c44298fc1c149afbf4c8996fb92427ae41e4649b934ca495991b7852b855
FILE	/Users/Shared/micah/Documents/TNN/TNN/Research/R33_NATIVE_N17_R27_CONTINUITY/FINAL_B_20260915_1409/N17_REFRESH/logs/member_10_0.stderr	0	e3b0c44298fc1c149afbf4c8996fb92427ae41e4649b934ca495991b7852b855
FILE	/Users/Shared/micah/Documents/TNN/TNN/Research/R33_NATIVE_N17_R27_CONTINUITY/FINAL_B_20260915_1409/N17_REFRESH/logs/nested_member_8_537.stderr	0	e3b0c44298fc1c149afbf4c8996fb92427ae41e4649b934ca495991b7852b855
FILE	/Users/Shared/micah/Documents/TNN/TNN/Research/R33_NATIVE_N17_R27_CONTINUITY/FINAL_B_20260915_1409/N17_REFRESH/logs/expanded_44_628.stdout	2392	c5e566f4642bd9e895eee18057efc3bfbe7711b2166fdedeb462e78c83443e93
FILE	/Users/Shared/micah/Documents/TNN/TNN/Research/R33_NATIVE_N17_R27_CONTINUITY/FINAL_B_20260915_1409/N17_REFRESH/logs/expanded_19_215.argv	127	0a32497fe47c333dff43e38c7da7b149881fa89dafec9b73aa6a81b357238cb8
FILE	/Users/Shared/micah/Documents/TNN/TNN/Research/R33_NATIVE_N17_R27_CONTINUITY/FINAL_B_20260915_1409/N17_REFRESH/logs/expanded_18_31.stdout	3364	4913892894b08286845a84ff50f3dc3e85aea1bc6c6590ade7ea3a2e866737b5
FILE	/Users/Shared/micah/Documents/TNN/TNN/Research/R33_NATIVE_N17_R27_CONTINUITY/FINAL_B_20260915_1409/N17_REFRESH/logs/expanded_52_120.exit	2	9a271f2a916b0b6ee6cecb2426f0b3206ef074578be55d9bc94f6f3fe3ab86aa
FILE	/Users/Shared/micah/Documents/TNN/TNN/Research/R33_NATIVE_N17_R27_CONTINUITY/FINAL_B_20260915_1409/N17_REFRESH/logs/nested_list_8.exit	2	9a271f2a916b0b6ee6cecb2426f0b3206ef074578be55d9bc94f6f3fe3ab86aa
FILE	/Users/Shared/micah/Documents/TNN/TNN/Research/R33_NATIVE_N17_R27_CONTINUITY/FINAL_B_20260915_1409/N17_REFRESH/logs/build_independent_admission_tests.stderr	0	e3b0c44298fc1c149afbf4c8996fb92427ae41e4649b934ca495991b7852b855
FILE	/Users/Shared/micah/Documents/TNN/TNN/Research/R33_NATIVE_N17_R27_CONTINUITY/FINAL_B_20260915_1409/N17_REFRESH/logs/project_r26.stdout	0	e3b0c44298fc1c149afbf4c8996fb92427ae41e4649b934ca495991b7852b855
FILE	/Users/Shared/micah/Documents/TNN/TNN/Research/R33_NATIVE_N17_R27_CONTINUITY/FINAL_B_20260915_1409/N17_REFRESH/logs/expanded_33_24.exit	2	9a271f2a916b0b6ee6cecb2426f0b3206ef074578be55d9bc94f6f3fe3ab86aa
FILE	/Users/Shared/micah/Documents/TNN/TNN/Research/R33_NATIVE_N17_R27_CONTINUITY/FINAL_B_20260915_1409/N17_REFRESH/logs/nested_member_3_103.exit	2	9a271f2a916b0b6ee6cecb2426f0b3206ef074578be55d9bc94f6f3fe3ab86aa
FILE	/Users/Shared/micah/Documents/TNN/TNN/Research/R33_NATIVE_N17_R27_CONTINUITY/FINAL_B_20260915_1409/N17_REFRESH/logs/expanded_38_875.exit	2	9a271f2a916b0b6ee6cecb2426f0b3206ef074578be55d9bc94f6f3fe3ab86aa
FILE	/Users/Shared/micah/Documents/TNN/TNN/Research/R33_NATIVE_N17_R27_CONTINUITY/FINAL_B_20260915_1409/N17_REFRESH/logs/nested_member_3_121.stdout	9233	5cca1ea80075d869b21a4eeb69c743212d81be0b91c5e2f39a1e67a65188a873
FILE	/Users/Shared/micah/Documents/TNN/TNN/Research/R33_NATIVE_N17_R27_CONTINUITY/FINAL_B_20260915_1409/N17_REFRESH/logs/expanded_4_30.stdout	8259	7e23dd152392974f03c44816967a930044f0c94bafc31e4ebc9ad6cd153b595a
FILE	/Users/Shared/micah/Documents/TNN/TNN/Research/R33_NATIVE_N17_R27_CONTINUITY/FINAL_B_20260915_1409/N17_REFRESH/logs/expanded_52_128.stdout	3604	a2fc8b94be50d45491c3babf1bbaac76894c9f252de0cd7022d7fcce5525789c
FILE	/Users/Shared/micah/Documents/TNN/TNN/Research/R33_NATIVE_N17_R27_CONTINUITY/FINAL_B_20260915_1409/N17_REFRESH/logs/expanded_40_28.stdout	9452	d11f2afe7c536a578c1380da214162dcce5042bb46aad4d83a397435425f09bd
FILE	/Users/Shared/micah/Documents/TNN/TNN/Research/R33_NATIVE_N17_R27_CONTINUITY/FINAL_B_20260915_1409/N17_REFRESH/logs/build_r26.stderr	0	e3b0c44298fc1c149afbf4c8996fb92427ae41e4649b934ca495991b7852b855
FILE	/Users/Shared/micah/Documents/TNN/TNN/Research/R33_NATIVE_N17_R27_CONTINUITY/FINAL_B_20260915_1409/N17_REFRESH/logs/archive_43.argv	99	9fff78e36e807b4ad03d084e0e3ed084cb8ac60e93bf154a403150b67e83c5e2
FILE	/Users/Shared/micah/Documents/TNN/TNN/Research/R33_NATIVE_N17_R27_CONTINUITY/FINAL_B_20260915_1409/N17_REFRESH/logs/archive_79.stderr	0	e3b0c44298fc1c149afbf4c8996fb92427ae41e4649b934ca495991b7852b855
FILE	/Users/Shared/micah/Documents/TNN/TNN/Research/R33_NATIVE_N17_R27_CONTINUITY/FINAL_B_20260915_1409/N17_REFRESH/logs/nested_member_1_119.stderr	0	e3b0c44298fc1c149afbf4c8996fb92427ae41e4649b934ca495991b7852b855
FILE	/Users/Shared/micah/Documents/TNN/TNN/Research/R33_NATIVE_N17_R27_CONTINUITY/FINAL_B_20260915_1409/N17_REFRESH/logs/nested_member_2_213.stderr	0	e3b0c44298fc1c149afbf4c8996fb92427ae41e4649b934ca495991b7852b855
FILE	/Users/Shared/micah/Documents/TNN/TNN/Research/R33_NATIVE_N17_R27_CONTINUITY/FINAL_B_20260915_1409/N17_REFRESH/logs/archive_17.exit	2	9a271f2a916b0b6ee6cecb2426f0b3206ef074578be55d9bc94f6f3fe3ab86aa
FILE	/Users/Shared/micah/Documents/TNN/TNN/Research/R33_NATIVE_N17_R27_CONTINUITY/FINAL_B_20260915_1409/N17_REFRESH/logs/independent_admission_tests.stderr	0	e3b0c44298fc1c149afbf4c8996fb92427ae41e4649b934ca495991b7852b855
FILE	/Users/Shared/micah/Documents/TNN/TNN/Research/R33_NATIVE_N17_R27_CONTINUITY/FINAL_B_20260915_1409/N17_REFRESH/logs/expanded_44_639.exit	2	9a271f2a916b0b6ee6cecb2426f0b3206ef074578be55d9bc94f6f3fe3ab86aa
FILE	/Users/Shared/micah/Documents/TNN/TNN/Research/R33_NATIVE_N17_R27_CONTINUITY/FINAL_B_20260915_1409/N17_REFRESH/logs/nested_member_3_64.stderr	0	e3b0c44298fc1c149afbf4c8996fb92427ae41e4649b934ca495991b7852b855
FILE	/Users/Shared/micah/Documents/TNN/TNN/Research/R33_NATIVE_N17_R27_CONTINUITY/FINAL_B_20260915_1409/N17_REFRESH/logs/expanded_46_122.stderr	0	e3b0c44298fc1c149afbf4c8996fb92427ae41e4649b934ca495991b7852b855
FILE	/Users/Shared/micah/Documents/TNN/TNN/Research/R33_NATIVE_N17_R27_CONTINUITY/FINAL_B_20260915_1409/N17_REFRESH/logs/expanded_33_23.stderr	0	e3b0c44298fc1c149afbf4c8996fb92427ae41e4649b934ca495991b7852b855
FILE	/Users/Shared/micah/Documents/TNN/TNN/Research/R33_NATIVE_N17_R27_CONTINUITY/FINAL_B_20260915_1409/N17_REFRESH/logs/bounded_allocator_tests.stderr	0	e3b0c44298fc1c149afbf4c8996fb92427ae41e4649b934ca495991b7852b855
FILE	/Users/Shared/micah/Documents/TNN/TNN/Research/R33_NATIVE_N17_R27_CONTINUITY/FINAL_B_20260915_1409/N17_REFRESH/logs/project_classifier.argv	539	73bc5d9155d667da9dc0de6601be67c42e849e81c04883d7f677d892719dbdbf
FILE	/Users/Shared/micah/Documents/TNN/TNN/Research/R33_NATIVE_N17_R27_CONTINUITY/FINAL_B_20260915_1409/N17_REFRESH/logs/nested_list_4.stdout	31115	025654a8055f4c6b73fd950cb9fd041f6a59f41b5c5faadd4561c12c2f082ebf
FILE	/Users/Shared/micah/Documents/TNN/TNN/Research/R33_NATIVE_N17_R27_CONTINUITY/FINAL_B_20260915_1409/N17_REFRESH/logs/project_bounded_allocator_tests.exit	2	9a271f2a916b0b6ee6cecb2426f0b3206ef074578be55d9bc94f6f3fe3ab86aa
FILE	/Users/Shared/micah/Documents/TNN/TNN/Research/R33_NATIVE_N17_R27_CONTINUITY/FINAL_B_20260915_1409/N17_REFRESH/logs/expanded_33_27.argv	180	b87dd71289bf7e538e7adff554b9f4fa154016b3a4762a6c5d7c69ea564c6bd5
FILE	/Users/Shared/micah/Documents/TNN/TNN/Research/R33_NATIVE_N17_R27_CONTINUITY/FINAL_B_20260915_1409/N17_REFRESH/logs/expanded_38_634.stderr	0	e3b0c44298fc1c149afbf4c8996fb92427ae41e4649b934ca495991b7852b855
FILE	/Users/Shared/micah/Documents/TNN/TNN/Research/R33_NATIVE_N17_R27_CONTINUITY/FINAL_B_20260915_1409/N17_REFRESH/logs/expanded_44_636.stdout	3737	30e214cdf953e3c85661a83b7ad02b907403efc35e55ba88d8cdc4fcecf2ba5b
FILE	/Users/Shared/micah/Documents/TNN/TNN/Research/R33_NATIVE_N17_R27_CONTINUITY/FINAL_B_20260915_1409/N17_REFRESH/logs/member_19_1.stderr	0	e3b0c44298fc1c149afbf4c8996fb92427ae41e4649b934ca495991b7852b855
FILE	/Users/Shared/micah/Documents/TNN/TNN/Research/R33_NATIVE_N17_R27_CONTINUITY/FINAL_B_20260915_1409/N17_REFRESH/logs/expanded_19_216.exit	2	9a271f2a916b0b6ee6cecb2426f0b3206ef074578be55d9bc94f6f3fe3ab86aa
FILE	/Users/Shared/micah/Documents/TNN/TNN/Research/R33_NATIVE_N17_R27_CONTINUITY/FINAL_B_20260915_1409/N17_REFRESH/logs/expanded_52_123.argv	149	7ffff4958510dcc9a863a7fa14099eaa77a26778212a4e2b37f1024b10dd6f50
FILE	/Users/Shared/micah/Documents/TNN/TNN/Research/R33_NATIVE_N17_R27_CONTINUITY/FINAL_B_20260915_1409/N17_REFRESH/logs/nested_member_3_36.argv	231	19539c407c0ef2f24dcaa91084a3b1dc461e5f3f0a9a8913f71987741cb0644b
FILE	/Users/Shared/micah/Documents/TNN/TNN/Research/R33_NATIVE_N17_R27_CONTINUITY/FINAL_B_20260915_1409/N17_REFRESH/logs/member_18_1.stderr	0	e3b0c44298fc1c149afbf4c8996fb92427ae41e4649b934ca495991b7852b855
FILE	/Users/Shared/micah/Documents/TNN/TNN/Research/R33_NATIVE_N17_R27_CONTINUITY/FINAL_B_20260915_1409/N17_REFRESH/logs/nested_member_1_109.argv	190	c68e5063139b61a7b0ff79251240391b94a7ef00e620df011cc7140f12086865
FILE	/Users/Shared/micah/Documents/TNN/TNN/Research/R33_NATIVE_N17_R27_CONTINUITY/FINAL_B_20260915_1409/N17_REFRESH/logs/expanded_17_212.stdout	9891	50892bc5618154988a05fa4239640c19fc89ab3b5d03c4fc11d3653c00932230
FILE	/Users/Shared/micah/Documents/TNN/TNN/Research/R33_NATIVE_N17_R27_CONTINUITY/FINAL_B_20260915_1409/N17_REFRESH/logs/expanded_9_73.stderr	0	e3b0c44298fc1c149afbf4c8996fb92427ae41e4649b934ca495991b7852b855
FILE	/Users/Shared/micah/Documents/TNN/TNN/Research/R33_NATIVE_N17_R27_CONTINUITY/FINAL_B_20260915_1409/N17_REFRESH/logs/policy_missing.stderr	0	e3b0c44298fc1c149afbf4c8996fb92427ae41e4649b934ca495991b7852b855
FILE	/Users/Shared/micah/Documents/TNN/TNN/Research/R33_NATIVE_N17_R27_CONTINUITY/FINAL_B_20260915_1409/N17_REFRESH/logs/archive_14.argv	150	6d73150a13fe9b774f5eb6c2b56a18815015d28fe9c8fc0ff6aa750c9374c48a
FILE	/Users/Shared/micah/Documents/TNN/TNN/Research/R33_NATIVE_N17_R27_CONTINUITY/FINAL_B_20260915_1409/N17_REFRESH/logs/project_structure.stderr	0	e3b0c44298fc1c149afbf4c8996fb92427ae41e4649b934ca495991b7852b855
FILE	/Users/Shared/micah/Documents/TNN/TNN/Research/R33_NATIVE_N17_R27_CONTINUITY/FINAL_B_20260915_1409/N17_REFRESH/logs/expanded_47_51.stdout	2345	7d9724c8e8b75b145edd08034cb9c1c2168c97c5e4375832cfaebb31d12c9d8f
FILE	/Users/Shared/micah/Documents/TNN/TNN/Research/R33_NATIVE_N17_R27_CONTINUITY/FINAL_B_20260915_1409/N17_REFRESH/logs/expanded_11_24.stderr	0	e3b0c44298fc1c149afbf4c8996fb92427ae41e4649b934ca495991b7852b855
FILE	/Users/Shared/micah/Documents/TNN/TNN/Research/R33_NATIVE_N17_R27_CONTINUITY/FINAL_B_20260915_1409/N17_REFRESH/logs/supplement_protected.stdout	169	71941b4b8486efc09c98dcab9625d3e951a01b5fe381dd010ce139d09a61ab9e
FILE	/Users/Shared/micah/Documents/TNN/TNN/Research/R33_NATIVE_N17_R27_CONTINUITY/FINAL_B_20260915_1409/N17_REFRESH/logs/archive_1.stdout	0	e3b0c44298fc1c149afbf4c8996fb92427ae41e4649b934ca495991b7852b855
FILE	/Users/Shared/micah/Documents/TNN/TNN/Research/R33_NATIVE_N17_R27_CONTINUITY/FINAL_B_20260915_1409/N17_REFRESH/logs/archive_40.exit	2	9a271f2a916b0b6ee6cecb2426f0b3206ef074578be55d9bc94f6f3fe3ab86aa
FILE	/Users/Shared/micah/Documents/TNN/TNN/Research/R33_NATIVE_N17_R27_CONTINUITY/FINAL_B_20260915_1409/N17_REFRESH/logs/archive_67.stderr	56	d020996efa8ef774f2a5b5df38bdab4a049eb9bb54bf82ec8618c616a66fe9e2
FILE	/Users/Shared/micah/Documents/TNN/TNN/Research/R33_NATIVE_N17_R27_CONTINUITY/FINAL_B_20260915_1409/N17_REFRESH/logs/expanded_55_34.stderr	0	e3b0c44298fc1c149afbf4c8996fb92427ae41e4649b934ca495991b7852b855
FILE	/Users/Shared/micah/Documents/TNN/TNN/Research/R33_NATIVE_N17_R27_CONTINUITY/FINAL_B_20260915_1409/N17_REFRESH/logs/nested_member_3_116.argv	201	3161a48c1d258aad8000303ca50d7535eeb60ad21b057e236c77e0771a9919db
FILE	/Users/Shared/micah/Documents/TNN/TNN/Research/R33_NATIVE_N17_R27_CONTINUITY/FINAL_B_20260915_1409/N17_REFRESH/logs/archive_16.stderr	0	e3b0c44298fc1c149afbf4c8996fb92427ae41e4649b934ca495991b7852b855
FILE	/Users/Shared/micah/Documents/TNN/TNN/Research/R33_NATIVE_N17_R27_CONTINUITY/FINAL_B_20260915_1409/N17_REFRESH/logs/expanded_55_45.stderr	0	e3b0c44298fc1c149afbf4c8996fb92427ae41e4649b934ca495991b7852b855
FILE	/Users/Shared/micah/Documents/TNN/TNN/Research/R33_NATIVE_N17_R27_CONTINUITY/FINAL_B_20260915_1409/N17_REFRESH/logs/nested_list_8.stdout	31115	025654a8055f4c6b73fd950cb9fd041f6a59f41b5c5faadd4561c12c2f082ebf
FILE	/Users/Shared/micah/Documents/TNN/TNN/Research/R33_NATIVE_N17_R27_CONTINUITY/FINAL_B_20260915_1409/N17_REFRESH/logs/receipt_protected.argv	111	3f955a105367df364450c3bc2deefa4b1a93dadbdf0fee23aac2887bfc83729b
FILE	/Users/Shared/micah/Documents/TNN/TNN/Research/R33_NATIVE_N17_R27_CONTINUITY/FINAL_B_20260915_1409/N17_REFRESH/logs/expanded_38_638.stderr	0	e3b0c44298fc1c149afbf4c8996fb92427ae41e4649b934ca495991b7852b855
FILE	/Users/Shared/micah/Documents/TNN/TNN/Research/R33_NATIVE_N17_R27_CONTINUITY/FINAL_B_20260915_1409/N17_REFRESH/logs/expanded_4_22.stdout	1425	1b4e3e5b7e2b3aa5a2463d8ac77b44109cf5b2e9810f1a2ad2533e7954007253
FILE	/Users/Shared/micah/Documents/TNN/TNN/Research/R33_NATIVE_N17_R27_CONTINUITY/FINAL_B_20260915_1409/N17_REFRESH/logs/expanded_19_200.exit	2	9a271f2a916b0b6ee6cecb2426f0b3206ef074578be55d9bc94f6f3fe3ab86aa
FILE	/Users/Shared/micah/Documents/TNN/TNN/Research/R33_NATIVE_N17_R27_CONTINUITY/FINAL_B_20260915_1409/N17_REFRESH/logs/nested_member_2_142.exit	2	9a271f2a916b0b6ee6cecb2426f0b3206ef074578be55d9bc94f6f3fe3ab86aa
FILE	/Users/Shared/micah/Documents/TNN/TNN/Research/R33_NATIVE_N17_R27_CONTINUITY/FINAL_B_20260915_1409/N17_REFRESH/logs/expanded_10_26.stdout	5209	02186deb48509f62b67eb8bca6ecd5a2a16af177a99f4e83e327cdddc3267714
FILE	/Users/Shared/micah/Documents/TNN/TNN/Research/R33_NATIVE_N17_R27_CONTINUITY/FINAL_B_20260915_1409/N17_REFRESH/logs/expanded_44_11.stdout	4970	971d5b4e552784d19e18f297ef5706d14330096136a509e181114617302eae93
FILE	/Users/Shared/micah/Documents/TNN/TNN/Research/R33_NATIVE_N17_R27_CONTINUITY/FINAL_B_20260915_1409/N17_REFRESH/logs/expanded_18_48.argv	143	5094c39c3e4c1a54f69e6874aba121e3faca8da254d78660d3fa04fbe8f7dab9
FILE	/Users/Shared/micah/Documents/TNN/TNN/Research/R33_NATIVE_N17_R27_CONTINUITY/FINAL_B_20260915_1409/N17_REFRESH/logs/expanded_10_28.argv	177	07413a26b7014f1e132f4e3b0337652d0326589c353ec39024cd89f261bc9e10
FILE	/Users/Shared/micah/Documents/TNN/TNN/Research/R33_NATIVE_N17_R27_CONTINUITY/FINAL_B_20260915_1409/N17_REFRESH/logs/expanded_9_56.argv	153	bde70b2f4fec5cf420bbddd4d2f81b47610a1557c40a7dd604381273eaf5b39e
FILE	/Users/Shared/micah/Documents/TNN/TNN/Research/R33_NATIVE_N17_R27_CONTINUITY/FINAL_B_20260915_1409/N17_REFRESH/logs/expanded_55_64.argv	198	bee7e8a9800a8905e47ffa108a68a6e3924a24d3944668ea01397329fcb0f1fe
FILE	/Users/Shared/micah/Documents/TNN/TNN/Research/R33_NATIVE_N17_R27_CONTINUITY/FINAL_B_20260915_1409/N17_REFRESH/logs/expanded_38_645.stderr	0	e3b0c44298fc1c149afbf4c8996fb92427ae41e4649b934ca495991b7852b855
FILE	/Users/Shared/micah/Documents/TNN/TNN/Research/R33_NATIVE_N17_R27_CONTINUITY/FINAL_B_20260915_1409/N17_REFRESH/logs/nested_member_6_530.exit	2	9a271f2a916b0b6ee6cecb2426f0b3206ef074578be55d9bc94f6f3fe3ab86aa
FILE	/Users/Shared/micah/Documents/TNN/TNN/Research/R33_NATIVE_N17_R27_CONTINUITY/FINAL_B_20260915_1409/N17_REFRESH/logs/archive_1.exit	2	4355a46b19d348dc2f57c046f8ef63d4538ebb936000f3c9ee954a27460dd865
FILE	/Users/Shared/micah/Documents/TNN/TNN/Research/R33_NATIVE_N17_R27_CONTINUITY/FINAL_B_20260915_1409/N17_REFRESH/logs/expanded_11_28.stderr	0	e3b0c44298fc1c149afbf4c8996fb92427ae41e4649b934ca495991b7852b855
FILE	/Users/Shared/micah/Documents/TNN/TNN/Research/R33_NATIVE_N17_R27_CONTINUITY/FINAL_B_20260915_1409/N17_REFRESH/logs/archive_56.exit	2	4355a46b19d348dc2f57c046f8ef63d4538ebb936000f3c9ee954a27460dd865
FILE	/Users/Shared/micah/Documents/TNN/TNN/Research/R33_NATIVE_N17_R27_CONTINUITY/FINAL_B_20260915_1409/N17_REFRESH/logs/nested_member_7_530.exit	2	9a271f2a916b0b6ee6cecb2426f0b3206ef074578be55d9bc94f6f3fe3ab86aa
FILE	/Users/Shared/micah/Documents/TNN/TNN/Research/R33_NATIVE_N17_R27_CONTINUITY/FINAL_B_20260915_1409/N17_REFRESH/logs/nested_member_5_417.stdout	54852	ce48ccc8bacfc9e3f211428c7e4a42055370515f4f8469c6256ca82a6acb84b8
FILE	/Users/Shared/micah/Documents/TNN/TNN/Research/R33_NATIVE_N17_R27_CONTINUITY/FINAL_B_20260915_1409/N17_REFRESH/logs/expanded_52_124.stdout	2411	023dd00b398979c0c2c2ad9a4153edbd77fce92ce6015c6aa631e132eba6c31a
FILE	/Users/Shared/micah/Documents/TNN/TNN/Research/R33_NATIVE_N17_R27_CONTINUITY/FINAL_B_20260915_1409/N17_REFRESH/logs/expanded_19_203.argv	132	65239e90a177a48febabf423b5c34c38ba7b27954c6f064b6baaac5d2533e8ac
FILE	/Users/Shared/micah/Documents/TNN/TNN/Research/R33_NATIVE_N17_R27_CONTINUITY/FINAL_B_20260915_1409/N17_REFRESH/logs/project_primitives.argv	584	11faf70edc971c9be3e7167ee7d3b158959861ddc65704a4978489ac88bd458b
FILE	/Users/Shared/micah/Documents/TNN/TNN/Research/R33_NATIVE_N17_R27_CONTINUITY/FINAL_B_20260915_1409/N17_REFRESH/logs/expanded_17_200.stdout	14964	eb519220c408b3245fc03fe8fbd23d0ee1d261a32844220faf13fdb5d8ace54d
FILE	/Users/Shared/micah/Documents/TNN/TNN/Research/R33_NATIVE_N17_R27_CONTINUITY/FINAL_B_20260915_1409/N17_REFRESH/logs/expanded_9_61.stderr	0	e3b0c44298fc1c149afbf4c8996fb92427ae41e4649b934ca495991b7852b855
FILE	/Users/Shared/micah/Documents/TNN/TNN/Research/R33_NATIVE_N17_R27_CONTINUITY/FINAL_B_20260915_1409/N17_REFRESH/logs/nested_member_3_77.argv	232	75010296e520dc855bd1eb3e013430ad61308129a2cb5c82b19bbc7a71f69564
FILE	/Users/Shared/micah/Documents/TNN/TNN/Research/R33_NATIVE_N17_R27_CONTINUITY/FINAL_B_20260915_1409/N17_REFRESH/logs/expanded_38_626.stderr	0	e3b0c44298fc1c149afbf4c8996fb92427ae41e4649b934ca495991b7852b855
FILE	/Users/Shared/micah/Documents/TNN/TNN/Research/R33_NATIVE_N17_R27_CONTINUITY/FINAL_B_20260915_1409/N17_REFRESH/logs/nested_member_3_115.exit	2	9a271f2a916b0b6ee6cecb2426f0b3206ef074578be55d9bc94f6f3fe3ab86aa
FILE	/Users/Shared/micah/Documents/TNN/TNN/Research/R33_NATIVE_N17_R27_CONTINUITY/FINAL_B_20260915_1409/N17_REFRESH/logs/expanded_38_619.exit	2	9a271f2a916b0b6ee6cecb2426f0b3206ef074578be55d9bc94f6f3fe3ab86aa
FILE	/Users/Shared/micah/Documents/TNN/TNN/Research/R33_NATIVE_N17_R27_CONTINUITY/FINAL_B_20260915_1409/N17_REFRESH/logs/expanded_55_33.argv	202	2d54f3f3a16e0efc271234bde70118a9728f0733c9c1834dc853f3ff080ba0f9
FILE	/Users/Shared/micah/Documents/TNN/TNN/Research/R33_NATIVE_N17_R27_CONTINUITY/FINAL_B_20260915_1409/N17_REFRESH/logs/nested_member_4_530.stdout	1828	cfc64c92be46734a526647332c0ea9d4c2114cf1a4e79803e28fea9419df3b53
FILE	/Users/Shared/micah/Documents/TNN/TNN/Research/R33_NATIVE_N17_R27_CONTINUITY/FINAL_B_20260915_1409/N17_REFRESH/logs/archive_55.argv	140	54d862b9867915832727615d4d837c1b1fe69262a08a6cacb400390b3c56e76f
FILE	/Users/Shared/micah/Documents/TNN/TNN/Research/R33_NATIVE_N17_R27_CONTINUITY/FINAL_B_20260915_1409/N17_REFRESH/logs/expanded_5_90.stdout	12208	cdc03ff41d67d3bf31720b25d10ac2ecf8e4de3e23cd21feffc4fdc7b4f3b8c9
FILE	/Users/Shared/micah/Documents/TNN/TNN/Research/R33_NATIVE_N17_R27_CONTINUITY/FINAL_B_20260915_1409/N17_REFRESH/logs/candidates.stderr	0	e3b0c44298fc1c149afbf4c8996fb92427ae41e4649b934ca495991b7852b855
FILE	/Users/Shared/micah/Documents/TNN/TNN/Research/R33_NATIVE_N17_R27_CONTINUITY/FINAL_B_20260915_1409/N17_REFRESH/logs/archive_2.argv	52	7ca85bc0427ac3d0195142858ab87824f35e1559e77b8182e4ce6351d5f9ba8e
FILE	/Users/Shared/micah/Documents/TNN/TNN/Research/R33_NATIVE_N17_R27_CONTINUITY/FINAL_B_20260915_1409/N17_REFRESH/logs/expanded_5_32.stderr	0	e3b0c44298fc1c149afbf4c8996fb92427ae41e4649b934ca495991b7852b855
FILE	/Users/Shared/micah/Documents/TNN/TNN/Research/R33_NATIVE_N17_R27_CONTINUITY/FINAL_B_20260915_1409/N17_REFRESH/logs/constant_probe.exit	2	9a271f2a916b0b6ee6cecb2426f0b3206ef074578be55d9bc94f6f3fe3ab86aa
FILE	/Users/Shared/micah/Documents/TNN/TNN/Research/R33_NATIVE_N17_R27_CONTINUITY/FINAL_B_20260915_1409/N17_REFRESH/logs/expanded_44_759.stdout	872	48e68d7d3fcb94b6acb16e8acd7d9729745dfd04a4af8692d6ff128caa301cba
FILE	/Users/Shared/micah/Documents/TNN/TNN/Research/R33_NATIVE_N17_R27_CONTINUITY/FINAL_B_20260915_1409/N17_REFRESH/logs/expanded_9_55.exit	2	9a271f2a916b0b6ee6cecb2426f0b3206ef074578be55d9bc94f6f3fe3ab86aa
FILE	/Users/Shared/micah/Documents/TNN/TNN/Research/R33_NATIVE_N17_R27_CONTINUITY/FINAL_B_20260915_1409/N17_REFRESH/logs/nested_member_1_57.stdout	17951	31110aafae3f326a959cf0a49c0a080fd4e9f9f366e1bb35d35ed95cf2cc748e
FILE	/Users/Shared/micah/Documents/TNN/TNN/Research/R33_NATIVE_N17_R27_CONTINUITY/FINAL_B_20260915_1409/N17_REFRESH/logs/archive_75.stderr	0	e3b0c44298fc1c149afbf4c8996fb92427ae41e4649b934ca495991b7852b855
FILE	/Users/Shared/micah/Documents/TNN/TNN/Research/R33_NATIVE_N17_R27_CONTINUITY/FINAL_B_20260915_1409/N17_REFRESH/logs/expanded_44_1.stdout	5626	6cbf2483b678b07120f72d25724a9cf93eb93287f1af766e9a6c2e90a5fdfb93
FILE	/Users/Shared/micah/Documents/TNN/TNN/Research/R33_NATIVE_N17_R27_CONTINUITY/FINAL_B_20260915_1409/N17_REFRESH/logs/nested_member_1_115.stderr	0	e3b0c44298fc1c149afbf4c8996fb92427ae41e4649b934ca495991b7852b855
FILE	/Users/Shared/micah/Documents/TNN/TNN/Research/R33_NATIVE_N17_R27_CONTINUITY/FINAL_B_20260915_1409/N17_REFRESH/logs/expanded_40_24.stdout	3405	b7f3bbbb6ab739ffdb93b4eadca57cb9f4e7e450bd03fbb83778d0f0a9abeffe
FILE	/Users/Shared/micah/Documents/TNN/TNN/Research/R33_NATIVE_N17_R27_CONTINUITY/FINAL_B_20260915_1409/N17_REFRESH/logs/member_33_0.stderr	0	e3b0c44298fc1c149afbf4c8996fb92427ae41e4649b934ca495991b7852b855
FILE	/Users/Shared/micah/Documents/TNN/TNN/Research/R33_NATIVE_N17_R27_CONTINUITY/FINAL_B_20260915_1409/N17_REFRESH/logs/nested_member_8_102.stdout	1274	2fc9f312e64b96d898d55571d393504c8aa896e3111c5c6da05cabe9dfee61ae
FILE	/Users/Shared/micah/Documents/TNN/TNN/Research/R33_NATIVE_N17_R27_CONTINUITY/FINAL_B_20260915_1409/N17_REFRESH/logs/expanded_46_124.exit	2	9a271f2a916b0b6ee6cecb2426f0b3206ef074578be55d9bc94f6f3fe3ab86aa
FILE	/Users/Shared/micah/Documents/TNN/TNN/Research/R33_NATIVE_N17_R27_CONTINUITY/FINAL_B_20260915_1409/N17_REFRESH/logs/expanded_54_31.exit	2	9a271f2a916b0b6ee6cecb2426f0b3206ef074578be55d9bc94f6f3fe3ab86aa
FILE	/Users/Shared/micah/Documents/TNN/TNN/Research/R33_NATIVE_N17_R27_CONTINUITY/FINAL_B_20260915_1409/N17_REFRESH/logs/expanded_52_119.argv	149	2f410909c231187903da46ba5a212bbad53982a3eaf88c9ee6ef87197cacfb12
FILE	/Users/Shared/micah/Documents/TNN/TNN/Research/R33_NATIVE_N17_R27_CONTINUITY/FINAL_B_20260915_1409/N17_REFRESH/logs/expanded_46_118.stderr	0	e3b0c44298fc1c149afbf4c8996fb92427ae41e4649b934ca495991b7852b855
FILE	/Users/Shared/micah/Documents/TNN/TNN/Research/R33_NATIVE_N17_R27_CONTINUITY/FINAL_B_20260915_1409/N17_REFRESH/logs/expanded_11_29.argv	143	949aa73d29c68bb4d2cb72304eece31647bc205cbef445cd5993bcb2fc0c7743
FILE	/Users/Shared/micah/Documents/TNN/TNN/Research/R33_NATIVE_N17_R27_CONTINUITY/FINAL_B_20260915_1409/N17_REFRESH/logs/expanded_31_26.stdout	5209	02186deb48509f62b67eb8bca6ecd5a2a16af177a99f4e83e327cdddc3267714
FILE	/Users/Shared/micah/Documents/TNN/TNN/Research/R33_NATIVE_N17_R27_CONTINUITY/FINAL_B_20260915_1409/N17_REFRESH/logs/archive_20.stderr	117	02c70fc1d74b36c0fc72fd621aed99bc22f0d3b8e1fd5778eb1a742d819d93d0
FILE	/Users/Shared/micah/Documents/TNN/TNN/Research/R33_NATIVE_N17_R27_CONTINUITY/FINAL_B_20260915_1409/N17_REFRESH/logs/expanded_40_26.argv	143	e6e19dfc93e8125c07899998172a5630d702206ce9b65882115a3b1a509d2585
FILE	/Users/Shared/micah/Documents/TNN/TNN/Research/R33_NATIVE_N17_R27_CONTINUITY/FINAL_B_20260915_1409/N17_REFRESH/logs/nested_member_3_58.exit	2	9a271f2a916b0b6ee6cecb2426f0b3206ef074578be55d9bc94f6f3fe3ab86aa
FILE	/Users/Shared/micah/Documents/TNN/TNN/Research/R33_NATIVE_N17_R27_CONTINUITY/FINAL_B_20260915_1409/N17_REFRESH/logs/archive_82.stdout	49868	f71dbb4299bc15e1cef3f5477634dc587eef525d473f4ea1e963558a9fb355d3
FILE	/Users/Shared/micah/Documents/TNN/TNN/Research/R33_NATIVE_N17_R27_CONTINUITY/FINAL_B_20260915_1409/N17_REFRESH/logs/nested_member_2_213.argv	190	e30643b30f880bdc282c72c11f1cedd9cc170e32a1d29ac05fe37a4fdb8f2c81
FILE	/Users/Shared/micah/Documents/TNN/TNN/Research/R33_NATIVE_N17_R27_CONTINUITY/FINAL_B_20260915_1409/N17_REFRESH/logs/expanded_38_636.argv	168	ceb2a35e4d4fb6dec2ae1229cc72ec35260d769eee944b856624535c4a208b7d
FILE	/Users/Shared/micah/Documents/TNN/TNN/Research/R33_NATIVE_N17_R27_CONTINUITY/FINAL_B_20260915_1409/N17_REFRESH/logs/expanded_44_654.exit	2	9a271f2a916b0b6ee6cecb2426f0b3206ef074578be55d9bc94f6f3fe3ab86aa
FILE	/Users/Shared/micah/Documents/TNN/TNN/Research/R33_NATIVE_N17_R27_CONTINUITY/FINAL_B_20260915_1409/N17_REFRESH/logs/expanded_17_214.exit	2	9a271f2a916b0b6ee6cecb2426f0b3206ef074578be55d9bc94f6f3fe3ab86aa
FILE	/Users/Shared/micah/Documents/TNN/TNN/Research/R33_NATIVE_N17_R27_CONTINUITY/FINAL_B_20260915_1409/N17_REFRESH/logs/nested_member_3_40.stderr	0	e3b0c44298fc1c149afbf4c8996fb92427ae41e4649b934ca495991b7852b855
FILE	/Users/Shared/micah/Documents/TNN/TNN/Research/R33_NATIVE_N17_R27_CONTINUITY/FINAL_B_20260915_1409/N17_REFRESH/logs/nested_member_5_213.stdout	3130	dad94b7b6a734511480e17a3a8f7535d732cc5f63889de29d179a7988badf42f
FILE	/Users/Shared/micah/Documents/TNN/TNN/Research/R33_NATIVE_N17_R27_CONTINUITY/FINAL_B_20260915_1409/N17_REFRESH/logs/expanded_55_48.argv	195	8bfa513d2c948f523bc16e1f8e1f009844261e0aeb4e3efb11ee39fdad70e215
FILE	/Users/Shared/micah/Documents/TNN/TNN/Research/R33_NATIVE_N17_R27_CONTINUITY/FINAL_B_20260915_1409/N17_REFRESH/logs/expanded_18_64.argv	146	f4a4f366c0b8a38cce044265ee5785df9dffd55829fbf5426b3a4de8c4393bd6
FILE	/Users/Shared/micah/Documents/TNN/TNN/Research/R33_NATIVE_N17_R27_CONTINUITY/FINAL_B_20260915_1409/N17_REFRESH/logs/expanded_17_7.stdout	827112	2dc87e0fcd52f9c38f6addbbb1c86c7fa8df1f1e2d02fc880ef28f514db33d09
FILE	/Users/Shared/micah/Documents/TNN/TNN/Research/R33_NATIVE_N17_R27_CONTINUITY/FINAL_B_20260915_1409/N17_REFRESH/logs/expanded_9_57.stderr	0	e3b0c44298fc1c149afbf4c8996fb92427ae41e4649b934ca495991b7852b855
FILE	/Users/Shared/micah/Documents/TNN/TNN/Research/R33_NATIVE_N17_R27_CONTINUITY/FINAL_B_20260915_1409/N17_REFRESH/logs/expanded_40_25.exit	2	9a271f2a916b0b6ee6cecb2426f0b3206ef074578be55d9bc94f6f3fe3ab86aa
FILE	/Users/Shared/micah/Documents/TNN/TNN/Research/R33_NATIVE_N17_R27_CONTINUITY/FINAL_B_20260915_1409/N17_REFRESH/logs/expanded_19_205.stdout	43896	9390a2bfd21ced78313420a9792436631cd4401e02ff240ff19f32af0c3b2c5d
FILE	/Users/Shared/micah/Documents/TNN/TNN/Research/R33_NATIVE_N17_R27_CONTINUITY/FINAL_B_20260915_1409/N17_REFRESH/logs/nested_member_2_139.exit	2	9a271f2a916b0b6ee6cecb2426f0b3206ef074578be55d9bc94f6f3fe3ab86aa
FILE	/Users/Shared/micah/Documents/TNN/TNN/Research/R33_NATIVE_N17_R27_CONTINUITY/FINAL_B_20260915_1409/N17_REFRESH/logs/expanded_38_610.stderr	0	e3b0c44298fc1c149afbf4c8996fb92427ae41e4649b934ca495991b7852b855
FILE	/Users/Shared/micah/Documents/TNN/TNN/Research/R33_NATIVE_N17_R27_CONTINUITY/FINAL_B_20260915_1409/N17_REFRESH/logs/expanded_44_612.stdout	4668	36113efad91962fc9bced3fe5e776c84de9915e4f7c721083e4cc2d33f7fe051
FILE	/Users/Shared/micah/Documents/TNN/TNN/Research/R33_NATIVE_N17_R27_CONTINUITY/FINAL_B_20260915_1409/N17_REFRESH/logs/project_memo.stderr	0	e3b0c44298fc1c149afbf4c8996fb92427ae41e4649b934ca495991b7852b855
FILE	/Users/Shared/micah/Documents/TNN/TNN/Research/R33_NATIVE_N17_R27_CONTINUITY/FINAL_B_20260915_1409/N17_REFRESH/logs/reviewed.stdout	450	a69d6030b28394d007cd86530883c8a24ebc3a9696ab12e0e5e1b81006ba3d38
FILE	/Users/Shared/micah/Documents/TNN/TNN/Research/R33_NATIVE_N17_R27_CONTINUITY/FINAL_B_20260915_1409/N17_REFRESH/logs/expanded_52_112.stdout	3878	ea30b6c57d42e6be5604664d5e16d5a90fb2bbbdbc737bc6009c04de9db3cec6
FILE	/Users/Shared/micah/Documents/TNN/TNN/Research/R33_NATIVE_N17_R27_CONTINUITY/FINAL_B_20260915_1409/N17_REFRESH/logs/expanded_4_23.argv	143	3eb3f6a86b0e96164aa753070ef50d6e4cb5ba33db1ecee58fd58b25b207696d
FILE	/Users/Shared/micah/Documents/TNN/TNN/Research/R33_NATIVE_N17_R27_CONTINUITY/FINAL_B_20260915_1409/N17_REFRESH/logs/nested_member_1_89.argv	221	5d047c00f1bd88d5fcd4aebe42a5f16416cc273cbbaccc8cdd9d2de723728cb5
FILE	/Users/Shared/micah/Documents/TNN/TNN/Research/R33_NATIVE_N17_R27_CONTINUITY/FINAL_B_20260915_1409/N17_REFRESH/logs/expanded_31_23.exit	2	9a271f2a916b0b6ee6cecb2426f0b3206ef074578be55d9bc94f6f3fe3ab86aa
FILE	/Users/Shared/micah/Documents/TNN/TNN/Research/R33_NATIVE_N17_R27_CONTINUITY/FINAL_B_20260915_1409/N17_REFRESH/logs/nested_member_8_527.argv	189	5266551fdd66ba2165903c03cab69c635400be82b8b1f17f4d85edb9031efa82
FILE	/Users/Shared/micah/Documents/TNN/TNN/Research/R33_NATIVE_N17_R27_CONTINUITY/FINAL_B_20260915_1409/N17_REFRESH/logs/expanded_46_127.argv	146	6eb81c80b6e9b7d36274dcfd53089e8d62fc001f8bdcfb8f210e66332d0ba3f8
FILE	/Users/Shared/micah/Documents/TNN/TNN/Research/R33_NATIVE_N17_R27_CONTINUITY/FINAL_B_20260915_1409/N17_REFRESH/logs/nested_member_1_123.stderr	0	e3b0c44298fc1c149afbf4c8996fb92427ae41e4649b934ca495991b7852b855
FILE	/Users/Shared/micah/Documents/TNN/TNN/Research/R33_NATIVE_N17_R27_CONTINUITY/FINAL_B_20260915_1409/N17_REFRESH/logs/archive_43.stderr	0	e3b0c44298fc1c149afbf4c8996fb92427ae41e4649b934ca495991b7852b855
FILE	/Users/Shared/micah/Documents/TNN/TNN/Research/R33_NATIVE_N17_R27_CONTINUITY/FINAL_B_20260915_1409/N17_REFRESH/logs/nested_member_4_142.stderr	0	e3b0c44298fc1c149afbf4c8996fb92427ae41e4649b934ca495991b7852b855
FILE	/Users/Shared/micah/Documents/TNN/TNN/Research/R33_NATIVE_N17_R27_CONTINUITY/FINAL_B_20260915_1409/N17_REFRESH/logs/expanded_75_55.stdout	6882	5e5c4d70d9cbb2cb18e97941938314b060ebc6ffae5ae2c62787adcbe025b018
FILE	/Users/Shared/micah/Documents/TNN/TNN/Research/R33_NATIVE_N17_R27_CONTINUITY/FINAL_B_20260915_1409/N17_REFRESH/logs/complete_pinmatch.stdout	0	e3b0c44298fc1c149afbf4c8996fb92427ae41e4649b934ca495991b7852b855
FILE	/Users/Shared/micah/Documents/TNN/TNN/Research/R33_NATIVE_N17_R27_CONTINUITY/FINAL_B_20260915_1409/N17_REFRESH/logs/expanded_44_746.exit	2	9a271f2a916b0b6ee6cecb2426f0b3206ef074578be55d9bc94f6f3fe3ab86aa
FILE	/Users/Shared/micah/Documents/TNN/TNN/Research/R33_NATIVE_N17_R27_CONTINUITY/FINAL_B_20260915_1409/N17_REFRESH/logs/expanded_18_33.argv	150	c0d8ba4a0278e839840139be2119f59ef41709138776d58452f01fa4c3d2ba8a
FILE	/Users/Shared/micah/Documents/TNN/TNN/Research/R33_NATIVE_N17_R27_CONTINUITY/FINAL_B_20260915_1409/N17_REFRESH/logs/expanded_17_217.argv	135	fccb230b7ca30d7f3070e9938943d34f14bc1d7662814729377a693d6e83c28d
FILE	/Users/Shared/micah/Documents/TNN/TNN/Research/R33_NATIVE_N17_R27_CONTINUITY/FINAL_B_20260915_1409/N17_REFRESH/logs/expanded_43_61.argv	163	f295dc7f3fd7506682950ab1393011782f593d99f28a624a42f52aa97cf00859
FILE	/Users/Shared/micah/Documents/TNN/TNN/Research/R33_NATIVE_N17_R27_CONTINUITY/FINAL_B_20260915_1409/N17_REFRESH/logs/archive_79.argv	176	fdb54e040e3e4aa1be899986b855adf74ddfb5f36ec6e575436bff4503fd957a
FILE	/Users/Shared/micah/Documents/TNN/TNN/Research/R33_NATIVE_N17_R27_CONTINUITY/FINAL_B_20260915_1409/N17_REFRESH/logs/member_44_0.stderr	0	e3b0c44298fc1c149afbf4c8996fb92427ae41e4649b934ca495991b7852b855
FILE	/Users/Shared/micah/Documents/TNN/TNN/Research/R33_NATIVE_N17_R27_CONTINUITY/FINAL_B_20260915_1409/N17_REFRESH/logs/expanded_74_26.stderr	0	e3b0c44298fc1c149afbf4c8996fb92427ae41e4649b934ca495991b7852b855
FILE	/Users/Shared/micah/Documents/TNN/TNN/Research/R33_NATIVE_N17_R27_CONTINUITY/FINAL_B_20260915_1409/N17_REFRESH/logs/expanded_38_635.exit	2	9a271f2a916b0b6ee6cecb2426f0b3206ef074578be55d9bc94f6f3fe3ab86aa
FILE	/Users/Shared/micah/Documents/TNN/TNN/Research/R33_NATIVE_N17_R27_CONTINUITY/FINAL_B_20260915_1409/N17_REFRESH/logs/large_archive_1.stderr	0	e3b0c44298fc1c149afbf4c8996fb92427ae41e4649b934ca495991b7852b855
FILE	/Users/Shared/micah/Documents/TNN/TNN/Research/R33_NATIVE_N17_R27_CONTINUITY/FINAL_B_20260915_1409/N17_REFRESH/logs/nested_member_1_70.argv	211	a304481264c74e203ad26471d3dbc0264db7d367bcd54ac2dca5601f24add50e
FILE	/Users/Shared/micah/Documents/TNN/TNN/Research/R33_NATIVE_N17_R27_CONTINUITY/FINAL_B_20260915_1409/N17_REFRESH/logs/nested_member_3_117.stdout	7811	1d67425a0a786f9cbdaa775ed93bc613f3179785d4fd1d708d2a3c0a0ba9000e
FILE	/Users/Shared/micah/Documents/TNN/TNN/Research/R33_NATIVE_N17_R27_CONTINUITY/FINAL_B_20260915_1409/N17_REFRESH/logs/archive_90.stdout	10	33439114078cca4170177442c34d92bb14c2256485efad1372e70bb9a73658a1
FILE	/Users/Shared/micah/Documents/TNN/TNN/Research/R33_NATIVE_N17_R27_CONTINUITY/FINAL_B_20260915_1409/N17_REFRESH/logs/expanded_19_209.stdout	51851	75571c0ffbf850ae48cd5bf95f2c69c1cfa9c868ae0de078596d6722091a4520
FILE	/Users/Shared/micah/Documents/TNN/TNN/Research/R33_NATIVE_N17_R27_CONTINUITY/FINAL_B_20260915_1409/N17_REFRESH/logs/archive_32.stderr	0	e3b0c44298fc1c149afbf4c8996fb92427ae41e4649b934ca495991b7852b855
FILE	/Users/Shared/micah/Documents/TNN/TNN/Research/R33_NATIVE_N17_R27_CONTINUITY/FINAL_B_20260915_1409/N17_REFRESH/logs/nested_member_6_532.stderr	0	e3b0c44298fc1c149afbf4c8996fb92427ae41e4649b934ca495991b7852b855
FILE	/Users/Shared/micah/Documents/TNN/TNN/Research/R33_NATIVE_N17_R27_CONTINUITY/FINAL_B_20260915_1409/N17_REFRESH/logs/nested_member_1_126.exit	2	9a271f2a916b0b6ee6cecb2426f0b3206ef074578be55d9bc94f6f3fe3ab86aa
FILE	/Users/Shared/micah/Documents/TNN/TNN/Research/R33_NATIVE_N17_R27_CONTINUITY/FINAL_B_20260915_1409/N17_REFRESH/logs/expanded_44_615.exit	2	9a271f2a916b0b6ee6cecb2426f0b3206ef074578be55d9bc94f6f3fe3ab86aa
FILE	/Users/Shared/micah/Documents/TNN/TNN/Research/R33_NATIVE_N17_R27_CONTINUITY/FINAL_B_20260915_1409/N17_REFRESH/logs/expanded_75_59.stdout	4929	31ef847e5fb66d895a503a929959e75f947fd0bcc85db951b20ddf0c7a4e25a8
FILE	/Users/Shared/micah/Documents/TNN/TNN/Research/R33_NATIVE_N17_R27_CONTINUITY/FINAL_B_20260915_1409/N17_REFRESH/logs/archive_80.argv	179	09754a6ec07860c386dc1b781aa0609838deee3754c618055684df04c6483db0
FILE	/Users/Shared/micah/Documents/TNN/TNN/Research/R33_NATIVE_N17_R27_CONTINUITY/FINAL_B_20260915_1409/N17_REFRESH/logs/nested_member_3_52.stderr	0	e3b0c44298fc1c149afbf4c8996fb92427ae41e4649b934ca495991b7852b855
FILE	/Users/Shared/micah/Documents/TNN/TNN/Research/R33_NATIVE_N17_R27_CONTINUITY/FINAL_B_20260915_1409/N17_REFRESH/logs/expanded_38_623.exit	2	9a271f2a916b0b6ee6cecb2426f0b3206ef074578be55d9bc94f6f3fe3ab86aa
FILE	/Users/Shared/micah/Documents/TNN/TNN/Research/R33_NATIVE_N17_R27_CONTINUITY/FINAL_B_20260915_1409/N17_REFRESH/logs/expanded_44_641.argv	172	9e659111c1956a2219beb00868109e77ffa6c281b851c032c3becf26c815802c
FILE	/Users/Shared/micah/Documents/TNN/TNN/Research/R33_NATIVE_N17_R27_CONTINUITY/FINAL_B_20260915_1409/N17_REFRESH/logs/expanded_75_54.exit	2	9a271f2a916b0b6ee6cecb2426f0b3206ef074578be55d9bc94f6f3fe3ab86aa
FILE	/Users/Shared/micah/Documents/TNN/TNN/Research/R33_NATIVE_N17_R27_CONTINUITY/FINAL_B_20260915_1409/N17_REFRESH/logs/expanded_17_201.argv	127	30e88ba92e12ebc76941496ccb7a25a9e87c3fac813ab94d5d26c8d00a936c30
FILE	/Users/Shared/micah/Documents/TNN/TNN/Research/R33_NATIVE_N17_R27_CONTINUITY/FINAL_B_20260915_1409/N17_REFRESH/logs/expanded_47_34.argv	197	b04820de049b20dd2a68264c0a961b27fc70cb01f6e44cbd4ded8b9b48bd59f9
FILE	/Users/Shared/micah/Documents/TNN/TNN/Research/R33_NATIVE_N17_R27_CONTINUITY/FINAL_B_20260915_1409/N17_REFRESH/logs/expanded_17_247.stdout	14657	2c1fc7464f806473e998722d76913ac679468374616398f4502653d0654e426f
FILE	/Users/Shared/micah/Documents/TNN/TNN/Research/R33_NATIVE_N17_R27_CONTINUITY/FINAL_B_20260915_1409/N17_REFRESH/logs/nested_member_1_125.argv	207	9addabbdb1148c7a0c53185b4fce41c345e212af41529107e904ebee6189a12f
FILE	/Users/Shared/micah/Documents/TNN/TNN/Research/R33_NATIVE_N17_R27_CONTINUITY/FINAL_B_20260915_1409/N17_REFRESH/logs/nested_member_7_132.stdout	507	d19d7d171533c62bdd11fa97ca570507823a2011fc16e63b7e90e76a3b0f16f1
FILE	/Users/Shared/micah/Documents/TNN/TNN/Research/R33_NATIVE_N17_R27_CONTINUITY/FINAL_B_20260915_1409/N17_REFRESH/logs/expanded_19_217.stdout	7811	1d67425a0a786f9cbdaa775ed93bc613f3179785d4fd1d708d2a3c0a0ba9000e
FILE	/Users/Shared/micah/Documents/TNN/TNN/Research/R33_NATIVE_N17_R27_CONTINUITY/FINAL_B_20260915_1409/N17_REFRESH/logs/nested_member_2_528.exit	2	9a271f2a916b0b6ee6cecb2426f0b3206ef074578be55d9bc94f6f3fe3ab86aa
FILE	/Users/Shared/micah/Documents/TNN/TNN/Research/R33_NATIVE_N17_R27_CONTINUITY/FINAL_B_20260915_1409/N17_REFRESH/logs/nested_member_8_532.exit	2	9a271f2a916b0b6ee6cecb2426f0b3206ef074578be55d9bc94f6f3fe3ab86aa
FILE	/Users/Shared/micah/Documents/TNN/TNN/Research/R33_NATIVE_N17_R27_CONTINUITY/FINAL_B_20260915_1409/N17_REFRESH/logs/expanded_40_30.argv	130	c2852fc944f35379fd57c4974aee23a608b3bfbc304f5cc1dc943c495373a6a1
FILE	/Users/Shared/micah/Documents/TNN/TNN/Research/R33_NATIVE_N17_R27_CONTINUITY/FINAL_B_20260915_1409/N17_REFRESH/logs/nested_member_2_417.stderr	0	e3b0c44298fc1c149afbf4c8996fb92427ae41e4649b934ca495991b7852b855
FILE	/Users/Shared/micah/Documents/TNN/TNN/Research/R33_NATIVE_N17_R27_CONTINUITY/FINAL_B_20260915_1409/N17_REFRESH/logs/nested_member_3_109.stdout	11573	4e3929de8abd6428ff1a7828d7d5f023355be05a9aa39552cb96111dc9b455bb
FILE	/Users/Shared/micah/Documents/TNN/TNN/Research/R33_NATIVE_N17_R27_CONTINUITY/FINAL_B_20260915_1409/N17_REFRESH/logs/nested_member_8_136.argv	212	3e55711dbc0d0602aeb65bda344b8e13eadb965d4b565da01695ee34b12f9f2f
FILE	/Users/Shared/micah/Documents/TNN/TNN/Research/R33_NATIVE_N17_R27_CONTINUITY/FINAL_B_20260915_1409/N17_REFRESH/logs/expanded_47_37.exit	2	9a271f2a916b0b6ee6cecb2426f0b3206ef074578be55d9bc94f6f3fe3ab86aa
FILE	/Users/Shared/micah/Documents/TNN/TNN/Research/R33_NATIVE_N17_R27_CONTINUITY/FINAL_B_20260915_1409/N17_REFRESH/logs/expanded_18_64.stdout	1633	9f840343b07c6efb4beb53c636c026f7b1275e5c7d30729ec03e0c960e72f18c
FILE	/Users/Shared/micah/Documents/TNN/TNN/Research/R33_NATIVE_N17_R27_CONTINUITY/FINAL_B_20260915_1409/N17_REFRESH/logs/expanded_17_202.exit	2	9a271f2a916b0b6ee6cecb2426f0b3206ef074578be55d9bc94f6f3fe3ab86aa
FILE	/Users/Shared/micah/Documents/TNN/TNN/Research/R33_NATIVE_N17_R27_CONTINUITY/FINAL_B_20260915_1409/N17_REFRESH/logs/expanded_44_642.exit	2	9a271f2a916b0b6ee6cecb2426f0b3206ef074578be55d9bc94f6f3fe3ab86aa
FILE	/Users/Shared/micah/Documents/TNN/TNN/Research/R33_NATIVE_N17_R27_CONTINUITY/FINAL_B_20260915_1409/N17_REFRESH/logs/expanded_75_57.argv	156	66b64491a06fa6385a22aff9e4c272f3b330cd957c9fcd22379bb8cb29691ac4
FILE	/Users/Shared/micah/Documents/TNN/TNN/Research/R33_NATIVE_N17_R27_CONTINUITY/FINAL_B_20260915_1409/N17_REFRESH/logs/expanded_38_620.argv	167	b2550843f521c1fc51bd30c64323e7592bd0f152b81365f644dff11e066864d8
FILE	/Users/Shared/micah/Documents/TNN/TNN/Research/R33_NATIVE_N17_R27_CONTINUITY/FINAL_B_20260915_1409/N17_REFRESH/logs/archive_51.stderr	0	e3b0c44298fc1c149afbf4c8996fb92427ae41e4649b934ca495991b7852b855
FILE	/Users/Shared/micah/Documents/TNN/TNN/Research/R33_NATIVE_N17_R27_CONTINUITY/FINAL_B_20260915_1409/N17_REFRESH/logs/archive_83.exit	2	9a271f2a916b0b6ee6cecb2426f0b3206ef074578be55d9bc94f6f3fe3ab86aa
FILE	/Users/Shared/micah/Documents/TNN/TNN/Research/R33_NATIVE_N17_R27_CONTINUITY/FINAL_B_20260915_1409/N17_REFRESH/logs/archive_38.argv	95	33f361a02064bf143ec17555be36f205584dd9ac14254ad6566279413c7101d4
FILE	/Users/Shared/micah/Documents/TNN/TNN/Research/R33_NATIVE_N17_R27_CONTINUITY/FINAL_B_20260915_1409/N17_REFRESH/logs/supplement_canonical.stdout	136	4382a2876d26db4ea78fed487ee0f3f8512ef9744a92e86abf56f9ad7d5c30a6
FILE	/Users/Shared/micah/Documents/TNN/TNN/Research/R33_NATIVE_N17_R27_CONTINUITY/FINAL_B_20260915_1409/N17_REFRESH/logs/expanded_43_20.argv	173	cfd593941b714a89f5361b243b3f7479d462590367d773852e7e062c04974bfd
FILE	/Users/Shared/micah/Documents/TNN/TNN/Research/R33_NATIVE_N17_R27_CONTINUITY/FINAL_B_20260915_1409/N17_REFRESH/logs/expanded_44_616.argv	165	3dac3a8ec7657e8b5386190678850ac00929b9435c4b90844914e14eb831b3d8
FILE	/Users/Shared/micah/Documents/TNN/TNN/Research/R33_NATIVE_N17_R27_CONTINUITY/FINAL_B_20260915_1409/N17_REFRESH/logs/archive_24.stdout	1340	928a52a45527ebe9256ba3c64193ac5e77d4dae17b1c526efd0521629c2b4e40
FILE	/Users/Shared/micah/Documents/TNN/TNN/Research/R33_NATIVE_N17_R27_CONTINUITY/FINAL_B_20260915_1409/N17_REFRESH/logs/expanded_31_22.stderr	0	e3b0c44298fc1c149afbf4c8996fb92427ae41e4649b934ca495991b7852b855
FILE	/Users/Shared/micah/Documents/TNN/TNN/Research/R33_NATIVE_N17_R27_CONTINUITY/FINAL_B_20260915_1409/N17_REFRESH/logs/nested_member_8_417.stdout	54852	ce48ccc8bacfc9e3f211428c7e4a42055370515f4f8469c6256ca82a6acb84b8
FILE	/Users/Shared/micah/Documents/TNN/TNN/Research/R33_NATIVE_N17_R27_CONTINUITY/FINAL_B_20260915_1409/N17_REFRESH/logs/archive_86.stderr	117	6de475ab80346e98b3c43402c45bbffefa36a195ecf2682f935086ebc0d559e6
FILE	/Users/Shared/micah/Documents/TNN/TNN/Research/R33_NATIVE_N17_R27_CONTINUITY/FINAL_B_20260915_1409/N17_REFRESH/logs/expanded_30_51.stdout	966	33ec7e4db30cca48e860f92c76b899ba8308908de4cf9915c4befe48541da394
FILE	/Users/Shared/micah/Documents/TNN/TNN/Research/R33_NATIVE_N17_R27_CONTINUITY/FINAL_B_20260915_1409/N17_REFRESH/logs/build_candidates.stdout	231	e40fee42f5bc405ecca85936d5f759c088383e82a39aa308edad40e0a0092bd8
FILE	/Users/Shared/micah/Documents/TNN/TNN/Research/R33_NATIVE_N17_R27_CONTINUITY/FINAL_B_20260915_1409/N17_REFRESH/logs/expanded_44_608.stderr	0	e3b0c44298fc1c149afbf4c8996fb92427ae41e4649b934ca495991b7852b855
FILE	/Users/Shared/micah/Documents/TNN/TNN/Research/R33_NATIVE_N17_R27_CONTINUITY/FINAL_B_20260915_1409/N17_REFRESH/logs/member_38_0.stderr	0	e3b0c44298fc1c149afbf4c8996fb92427ae41e4649b934ca495991b7852b855
FILE	/Users/Shared/micah/Documents/TNN/TNN/Research/R33_NATIVE_N17_R27_CONTINUITY/FINAL_B_20260915_1409/N17_REFRESH/logs/expanded_44_635.exit	2	9a271f2a916b0b6ee6cecb2426f0b3206ef074578be55d9bc94f6f3fe3ab86aa
FILE	/Users/Shared/micah/Documents/TNN/TNN/Research/R33_NATIVE_N17_R27_CONTINUITY/FINAL_B_20260915_1409/N17_REFRESH/logs/expanded_18_51.exit	2	9a271f2a916b0b6ee6cecb2426f0b3206ef074578be55d9bc94f6f3fe3ab86aa
FILE	/Users/Shared/micah/Documents/TNN/TNN/Research/R33_NATIVE_N17_R27_CONTINUITY/FINAL_B_20260915_1409/N17_REFRESH/logs/independent_admission_tests.argv	143	ed2ad8b0832982c5a79218f7152471a35bec5a2430de4e525c71f595489b178c
FILE	/Users/Shared/micah/Documents/TNN/TNN/Research/R33_NATIVE_N17_R27_CONTINUITY/FINAL_B_20260915_1409/N17_REFRESH/logs/expanded_38_746.exit	2	9a271f2a916b0b6ee6cecb2426f0b3206ef074578be55d9bc94f6f3fe3ab86aa
FILE	/Users/Shared/micah/Documents/TNN/TNN/Research/R33_NATIVE_N17_R27_CONTINUITY/FINAL_B_20260915_1409/N17_REFRESH/logs/expanded_33_28.exit	2	9a271f2a916b0b6ee6cecb2426f0b3206ef074578be55d9bc94f6f3fe3ab86aa
FILE	/Users/Shared/micah/Documents/TNN/TNN/Research/R33_NATIVE_N17_R27_CONTINUITY/FINAL_B_20260915_1409/N17_REFRESH/logs/archive_59.stdout	0	e3b0c44298fc1c149afbf4c8996fb92427ae41e4649b934ca495991b7852b855
FILE	/Users/Shared/micah/Documents/TNN/TNN/Research/R33_NATIVE_N17_R27_CONTINUITY/FINAL_B_20260915_1409/N17_REFRESH/logs/nested_list_4.exit	2	9a271f2a916b0b6ee6cecb2426f0b3206ef074578be55d9bc94f6f3fe3ab86aa
FILE	/Users/Shared/micah/Documents/TNN/TNN/Research/R33_NATIVE_N17_R27_CONTINUITY/FINAL_B_20260915_1409/N17_REFRESH/logs/expanded_19_219.argv	127	a364f6af1bdd6e6c10dcfb71cafbda5a4dc6809978e99d6b5e36acad974363a7
FILE	/Users/Shared/micah/Documents/TNN/TNN/Research/R33_NATIVE_N17_R27_CONTINUITY/FINAL_B_20260915_1409/N17_REFRESH/logs/nested_member_5_102.stdout	1274	2fc9f312e64b96d898d55571d393504c8aa896e3111c5c6da05cabe9dfee61ae
FILE	/Users/Shared/micah/Documents/TNN/TNN/Research/R33_NATIVE_N17_R27_CONTINUITY/FINAL_B_20260915_1409/N17_REFRESH/logs/project_constant_probe.stdout	0	e3b0c44298fc1c149afbf4c8996fb92427ae41e4649b934ca495991b7852b855
FILE	/Users/Shared/micah/Documents/TNN/TNN/Research/R33_NATIVE_N17_R27_CONTINUITY/FINAL_B_20260915_1409/N17_REFRESH/logs/expanded_52_116.stderr	0	e3b0c44298fc1c149afbf4c8996fb92427ae41e4649b934ca495991b7852b855
FILE	/Users/Shared/micah/Documents/TNN/TNN/Research/R33_NATIVE_N17_R27_CONTINUITY/FINAL_B_20260915_1409/N17_REFRESH/logs/archive_18.argv	88	bea9fc317476340ee585fb37325302b958ac2b52ede2a5fff2cb68b10a51738e
FILE	/Users/Shared/micah/Documents/TNN/TNN/Research/R33_NATIVE_N17_R27_CONTINUITY/FINAL_B_20260915_1409/N17_REFRESH/logs/expanded_44_636.argv	171	8edbc95647614db85d32c3f18ef13aaa462cbd6f346d27fb2f300ae471a5ac9c
FILE	/Users/Shared/micah/Documents/TNN/TNN/Research/R33_NATIVE_N17_R27_CONTINUITY/FINAL_B_20260915_1409/N17_REFRESH/logs/expanded_38_654.exit	2	9a271f2a916b0b6ee6cecb2426f0b3206ef074578be55d9bc94f6f3fe3ab86aa
FILE	/Users/Shared/micah/Documents/TNN/TNN/Research/R33_NATIVE_N17_R27_CONTINUITY/FINAL_B_20260915_1409/N17_REFRESH/logs/expanded_17_3.stderr	0	e3b0c44298fc1c149afbf4c8996fb92427ae41e4649b934ca495991b7852b855
FILE	/Users/Shared/micah/Documents/TNN/TNN/Research/R33_NATIVE_N17_R27_CONTINUITY/FINAL_B_20260915_1409/N17_REFRESH/logs/expanded_44_616.stderr	0	e3b0c44298fc1c149afbf4c8996fb92427ae41e4649b934ca495991b7852b855
FILE	/Users/Shared/micah/Documents/TNN/TNN/Research/R33_NATIVE_N17_R27_CONTINUITY/FINAL_B_20260915_1409/N17_REFRESH/logs/expanded_38_614.stdout	1622	85eb5030670f8e5de93ca15e15f66146b8599119844743050a80a14434ccfc2d
FILE	/Users/Shared/micah/Documents/TNN/TNN/Research/R33_NATIVE_N17_R27_CONTINUITY/FINAL_B_20260915_1409/N17_REFRESH/logs/expanded_19_201.stderr	0	e3b0c44298fc1c149afbf4c8996fb92427ae41e4649b934ca495991b7852b855
FILE	/Users/Shared/micah/Documents/TNN/TNN/Research/R33_NATIVE_N17_R27_CONTINUITY/FINAL_B_20260915_1409/N17_REFRESH/logs/additional_input_search.stdout	0	e3b0c44298fc1c149afbf4c8996fb92427ae41e4649b934ca495991b7852b855
FILE	/Users/Shared/micah/Documents/TNN/TNN/Research/R33_NATIVE_N17_R27_CONTINUITY/FINAL_B_20260915_1409/N17_REFRESH/logs/expanded_74_22.stdout	4623	b93b3f29fb628cf3281651ac8e26c5380efaf4e9fa979f6d2c8fdb59631e4ae7
FILE	/Users/Shared/micah/Documents/TNN/TNN/Research/R33_NATIVE_N17_R27_CONTINUITY/FINAL_B_20260915_1409/N17_REFRESH/logs/memo.stderr	0	e3b0c44298fc1c149afbf4c8996fb92427ae41e4649b934ca495991b7852b855
FILE	/Users/Shared/micah/Documents/TNN/TNN/Research/R33_NATIVE_N17_R27_CONTINUITY/FINAL_B_20260915_1409/N17_REFRESH/logs/policy_missing_final.stdout	0	e3b0c44298fc1c149afbf4c8996fb92427ae41e4649b934ca495991b7852b855
FILE	/Users/Shared/micah/Documents/TNN/TNN/Research/R33_NATIVE_N17_R27_CONTINUITY/FINAL_B_20260915_1409/N17_REFRESH/logs/nested_member_1_127.stdout	43658	860b3d908d13fdbb0397ee7a7d59e68dc98c820bc844710a878e7e6788a58ac9
FILE	/Users/Shared/micah/Documents/TNN/TNN/Research/R33_NATIVE_N17_R27_CONTINUITY/FINAL_B_20260915_1409/N17_REFRESH/logs/expanded_51_4.stderr	0	e3b0c44298fc1c149afbf4c8996fb92427ae41e4649b934ca495991b7852b855
FILE	/Users/Shared/micah/Documents/TNN/TNN/Research/R33_NATIVE_N17_R27_CONTINUITY/FINAL_B_20260915_1409/N17_REFRESH/logs/archive_47.stdout	3721	5e38bedec6bf3ebe39ee889af8a68c6f2f0365e528d2400597d23ac8ae82ad06
FILE	/Users/Shared/micah/Documents/TNN/TNN/Research/R33_NATIVE_N17_R27_CONTINUITY/FINAL_B_20260915_1409/N17_REFRESH/logs/nested_list_7.argv	147	b8a38f76a4330bd494f56cb697116af365cd40cc6de6247d32579ecd1e254cf2
FILE	/Users/Shared/micah/Documents/TNN/TNN/Research/R33_NATIVE_N17_R27_CONTINUITY/FINAL_B_20260915_1409/N17_REFRESH/logs/nested_member_8_142.exit	2	9a271f2a916b0b6ee6cecb2426f0b3206ef074578be55d9bc94f6f3fe3ab86aa
FILE	/Users/Shared/micah/Documents/TNN/TNN/Research/R33_NATIVE_N17_R27_CONTINUITY/FINAL_B_20260915_1409/N17_REFRESH/logs/expanded_46_112.exit	2	9a271f2a916b0b6ee6cecb2426f0b3206ef074578be55d9bc94f6f3fe3ab86aa
FILE	/Users/Shared/micah/Documents/TNN/TNN/Research/R33_NATIVE_N17_R27_CONTINUITY/FINAL_B_20260915_1409/N17_REFRESH/logs/expanded_38_618.stdout	3596	c22509c65a70287cc64ca486183266d2e1fbd6d338791c4f8bfdfab253283266
FILE	/Users/Shared/micah/Documents/TNN/TNN/Research/R33_NATIVE_N17_R27_CONTINUITY/FINAL_B_20260915_1409/N17_REFRESH/logs/expanded_38_642.exit	2	9a271f2a916b0b6ee6cecb2426f0b3206ef074578be55d9bc94f6f3fe3ab86aa
FILE	/Users/Shared/micah/Documents/TNN/TNN/Research/R33_NATIVE_N17_R27_CONTINUITY/FINAL_B_20260915_1409/N17_REFRESH/logs/expanded_44_620.argv	170	2f8a7b69e15a5c46faef9168357c7d739be001d2b963b0c2914316bc1183354b
FILE	/Users/Shared/micah/Documents/TNN/TNN/Research/R33_NATIVE_N17_R27_CONTINUITY/FINAL_B_20260915_1409/N17_REFRESH/logs/expanded_10_24.argv	177	b14cc9293a921f8dbd141afe25bc282cf1d45c6abb0925beb420afa1bbf89968
FILE	/Users/Shared/micah/Documents/TNN/TNN/Research/R33_NATIVE_N17_R27_CONTINUITY/FINAL_B_20260915_1409/N17_REFRESH/logs/build_structure.stdout	232	15de996d40fdde6771cf5316c4159a572e516b748beb51eec92163207e506a21
FILE	/Users/Shared/micah/Documents/TNN/TNN/Research/R33_NATIVE_N17_R27_CONTINUITY/FINAL_B_20260915_1409/N17_REFRESH/logs/archive_36.stdout	715	b85e3d03f9ef6d20c2ca8a8018eb849305947e01bf160b897001964f05d1f2ca
FILE	/Users/Shared/micah/Documents/TNN/TNN/Research/R33_NATIVE_N17_R27_CONTINUITY/FINAL_B_20260915_1409/N17_REFRESH/logs/nested_member_6_536.stdout	2496	12314831b4fff054076d105dbe7c2f8dca52c45c1e98f92864548e19280ac47f
FILE	/Users/Shared/micah/Documents/TNN/TNN/Research/R33_NATIVE_N17_R27_CONTINUITY/FINAL_B_20260915_1409/N17_REFRESH/logs/git_blob_0c4dccef85ab6d7275c619d5fd4d5d30c6a87617.stdout	508	9b72d66844585160d9bf6bb4a0f0908a4c0961111482538310361ac897efa92e
FILE	/Users/Shared/micah/Documents/TNN/TNN/Research/R33_NATIVE_N17_R27_CONTINUITY/FINAL_B_20260915_1409/N17_REFRESH/logs/large_archive_5.stdout	156	4fe169daab25845b25541a7da9ff1f1fcfe1709fb5d8b3d62c2d7e3dd424d410
FILE	/Users/Shared/micah/Documents/TNN/TNN/Research/R33_NATIVE_N17_R27_CONTINUITY/FINAL_B_20260915_1409/N17_REFRESH/logs/expanded_38_616.argv	162	84b98bab32493c032110f9b01548b2cc0b6aa89bd2a8cc719a1cec0e795577d4
FILE	/Users/Shared/micah/Documents/TNN/TNN/Research/R33_NATIVE_N17_R27_CONTINUITY/FINAL_B_20260915_1409/N17_REFRESH/logs/expanded_75_61.argv	154	ffee086d760f4e7e30aab09fbdd8d1eb0237444e58753e8e7c32d3393552ccc9
FILE	/Users/Shared/micah/Documents/TNN/TNN/Research/R33_NATIVE_N17_R27_CONTINUITY/FINAL_B_20260915_1409/N17_REFRESH/logs/nested_member_3_89.stderr	0	e3b0c44298fc1c149afbf4c8996fb92427ae41e4649b934ca495991b7852b855
FILE	/Users/Shared/micah/Documents/TNN/TNN/Research/R33_NATIVE_N17_R27_CONTINUITY/FINAL_B_20260915_1409/N17_REFRESH/logs/expanded_44_667.stderr	0	e3b0c44298fc1c149afbf4c8996fb92427ae41e4649b934ca495991b7852b855
FILE	/Users/Shared/micah/Documents/TNN/TNN/Research/R33_NATIVE_N17_R27_CONTINUITY/FINAL_B_20260915_1409/N17_REFRESH/logs/build_record_corrected.argv	389	c88419ccc9638961fc11b049397fff832c29062223960351271be40f05124a40
FILE	/Users/Shared/micah/Documents/TNN/TNN/Research/R33_NATIVE_N17_R27_CONTINUITY/FINAL_B_20260915_1409/N17_REFRESH/logs/expanded_54_45.argv	150	33ba18525ffc715f0a1b00f027c7f3eb2dd3c941dc9d72620a19199a5d76385e
FILE	/Users/Shared/micah/Documents/TNN/TNN/Research/R33_NATIVE_N17_R27_CONTINUITY/FINAL_B_20260915_1409/N17_REFRESH/logs/expanded_19_3.argv	133	865342bfddd9e27bf754532e29174ab93ed011e5e29232c18a78bfa72cf3beb2
FILE	/Users/Shared/micah/Documents/TNN/TNN/Research/R33_NATIVE_N17_R27_CONTINUITY/FINAL_B_20260915_1409/N17_REFRESH/logs/expanded_44_11.exit	2	9a271f2a916b0b6ee6cecb2426f0b3206ef074578be55d9bc94f6f3fe3ab86aa
FILE	/Users/Shared/micah/Documents/TNN/TNN/Research/R33_NATIVE_N17_R27_CONTINUITY/FINAL_B_20260915_1409/N17_REFRESH/logs/member_44_2.exit	2	9a271f2a916b0b6ee6cecb2426f0b3206ef074578be55d9bc94f6f3fe3ab86aa
FILE	/Users/Shared/micah/Documents/TNN/TNN/Research/R33_NATIVE_N17_R27_CONTINUITY/FINAL_B_20260915_1409/N17_REFRESH/logs/build_r27.exit	2	9a271f2a916b0b6ee6cecb2426f0b3206ef074578be55d9bc94f6f3fe3ab86aa
FILE	/Users/Shared/micah/Documents/TNN/TNN/Research/R33_NATIVE_N17_R27_CONTINUITY/FINAL_B_20260915_1409/N17_REFRESH/logs/nested_member_5_537.stderr	0	e3b0c44298fc1c149afbf4c8996fb92427ae41e4649b934ca495991b7852b855
FILE	/Users/Shared/micah/Documents/TNN/TNN/Research/R33_NATIVE_N17_R27_CONTINUITY/FINAL_B_20260915_1409/N17_REFRESH/logs/nested_member_4_132.exit	2	9a271f2a916b0b6ee6cecb2426f0b3206ef074578be55d9bc94f6f3fe3ab86aa
FILE	/Users/Shared/micah/Documents/TNN/TNN/Research/R33_NATIVE_N17_R27_CONTINUITY/FINAL_B_20260915_1409/N17_REFRESH/logs/project_candidates.argv	542	e6f83804f3fd575a3b9a8a702a2f9e55e2ee71df96ffefbe0dabc253433969c1
FILE	/Users/Shared/micah/Documents/TNN/TNN/Research/R33_NATIVE_N17_R27_CONTINUITY/FINAL_B_20260915_1409/N17_REFRESH/logs/archive_59.argv	186	73ef62c4b40fd6960011e716efa1cda4f0740dc7df16fb99c601bc13b1523f42
FILE	/Users/Shared/micah/Documents/TNN/TNN/Research/R33_NATIVE_N17_R27_CONTINUITY/FINAL_B_20260915_1409/N17_REFRESH/logs/nested_member_5_132.exit	2	9a271f2a916b0b6ee6cecb2426f0b3206ef074578be55d9bc94f6f3fe3ab86aa
FILE	/Users/Shared/micah/Documents/TNN/TNN/Research/R33_NATIVE_N17_R27_CONTINUITY/FINAL_B_20260915_1409/N17_REFRESH/logs/member_75_0.exit	2	9a271f2a916b0b6ee6cecb2426f0b3206ef074578be55d9bc94f6f3fe3ab86aa
FILE	/Users/Shared/micah/Documents/TNN/TNN/Research/R33_NATIVE_N17_R27_CONTINUITY/FINAL_B_20260915_1409/N17_REFRESH/logs/expanded_38_615.exit	2	9a271f2a916b0b6ee6cecb2426f0b3206ef074578be55d9bc94f6f3fe3ab86aa
FILE	/Users/Shared/micah/Documents/TNN/TNN/Research/R33_NATIVE_N17_R27_CONTINUITY/FINAL_B_20260915_1409/N17_REFRESH/logs/nested_member_4_536.argv	196	a7e7932a83600713e22c2c29b2470039f1463cd4c3ee8297ba106b62e2c6f212
FILE	/Users/Shared/micah/Documents/TNN/TNN/Research/R33_NATIVE_N17_R27_CONTINUITY/FINAL_B_20260915_1409/N17_REFRESH/logs/expanded_19_213.stderr	0	e3b0c44298fc1c149afbf4c8996fb92427ae41e4649b934ca495991b7852b855
FILE	/Users/Shared/micah/Documents/TNN/TNN/Research/R33_NATIVE_N17_R27_CONTINUITY/FINAL_B_20260915_1409/N17_REFRESH/logs/nested_member_7_136.stderr	0	e3b0c44298fc1c149afbf4c8996fb92427ae41e4649b934ca495991b7852b855
FILE	/Users/Shared/micah/Documents/TNN/TNN/Research/R33_NATIVE_N17_R27_CONTINUITY/FINAL_B_20260915_1409/N17_REFRESH/logs/expanded_44_604.stderr	0	e3b0c44298fc1c149afbf4c8996fb92427ae41e4649b934ca495991b7852b855
FILE	/Users/Shared/micah/Documents/TNN/TNN/Research/R33_NATIVE_N17_R27_CONTINUITY/FINAL_B_20260915_1409/N17_REFRESH/logs/expanded_38_606.stdout	2412	6935404a92fa94402dcace77680585e1ce2ae7b1b6994beb07b565db32142931
FILE	/Users/Shared/micah/Documents/TNN/TNN/Research/R33_NATIVE_N17_R27_CONTINUITY/FINAL_B_20260915_1409/N17_REFRESH/logs/nested_member_5_536.argv	198	733cfbc33cf1b14c4b95cafa88a04ca164684385c8db5b8d8a8859f7cc991c4a
FILE	/Users/Shared/micah/Documents/TNN/TNN/Research/R33_NATIVE_N17_R27_CONTINUITY/FINAL_B_20260915_1409/N17_REFRESH/logs/nested_member_6_528.stdout	3682	b952525737a7e06a3565f11b6417b41f81beefd0294f809afb6bdef1713045d1
FILE	/Users/Shared/micah/Documents/TNN/TNN/Research/R33_NATIVE_N17_R27_CONTINUITY/FINAL_B_20260915_1409/N17_REFRESH/logs/archive_28.stdout	175	aec099ee286e6d4e7af41181a280e54a5ccff5e04e879de13880d2ecdb2e3049
FILE	/Users/Shared/micah/Documents/TNN/TNN/Research/R33_NATIVE_N17_R27_CONTINUITY/FINAL_B_20260915_1409/N17_REFRESH/logs/expanded_9_59.exit	2	9a271f2a916b0b6ee6cecb2426f0b3206ef074578be55d9bc94f6f3fe3ab86aa
FILE	/Users/Shared/micah/Documents/TNN/TNN/Research/R33_NATIVE_N17_R27_CONTINUITY/FINAL_B_20260915_1409/N17_REFRESH/logs/expanded_10_27.exit	2	9a271f2a916b0b6ee6cecb2426f0b3206ef074578be55d9bc94f6f3fe3ab86aa
FILE	/Users/Shared/micah/Documents/TNN/TNN/Research/R33_NATIVE_N17_R27_CONTINUITY/FINAL_B_20260915_1409/N17_REFRESH/logs/expanded_44_623.exit	2	9a271f2a916b0b6ee6cecb2426f0b3206ef074578be55d9bc94f6f3fe3ab86aa
FILE	/Users/Shared/micah/Documents/TNN/TNN/Research/R33_NATIVE_N17_R27_CONTINUITY/FINAL_B_20260915_1409/N17_REFRESH/logs/expanded_17_220.stderr	0	e3b0c44298fc1c149afbf4c8996fb92427ae41e4649b934ca495991b7852b855
FILE	/Users/Shared/micah/Documents/TNN/TNN/Research/R33_NATIVE_N17_R27_CONTINUITY/FINAL_B_20260915_1409/N17_REFRESH/logs/expanded_38_641.argv	169	4df3f859c7fc558059d57d7136f96aab1ba99cd21eeac5811306a9e51da3ad80
FILE	/Users/Shared/micah/Documents/TNN/TNN/Research/R33_NATIVE_N17_R27_CONTINUITY/FINAL_B_20260915_1409/N17_REFRESH/logs/member_44_1.argv	171	c3e34491ebe3c31744bfc3c930418ce14f3012f1d95984045a6d49ed259a9ff7
FILE	/Users/Shared/micah/Documents/TNN/TNN/Research/R33_NATIVE_N17_R27_CONTINUITY/FINAL_B_20260915_1409/N17_REFRESH/logs/nested_member_3_119.exit	2	9a271f2a916b0b6ee6cecb2426f0b3206ef074578be55d9bc94f6f3fe3ab86aa
FILE	/Users/Shared/micah/Documents/TNN/TNN/Research/R33_NATIVE_N17_R27_CONTINUITY/FINAL_B_20260915_1409/N17_REFRESH/logs/nested_member_1_46.argv	209	44fc7c4b42e499e54c50571e85dfff2a235eef75b5f470ffa60f4a365f501429
FILE	/Users/Shared/micah/Documents/TNN/TNN/Research/R33_NATIVE_N17_R27_CONTINUITY/FINAL_B_20260915_1409/N17_REFRESH/logs/archive_55.stdout	3721	5e38bedec6bf3ebe39ee889af8a68c6f2f0365e528d2400597d23ac8ae82ad06
FILE	/Users/Shared/micah/Documents/TNN/TNN/Research/R33_NATIVE_N17_R27_CONTINUITY/FINAL_B_20260915_1409/N17_REFRESH/logs/nested_member_1_77.stderr	0	e3b0c44298fc1c149afbf4c8996fb92427ae41e4649b934ca495991b7852b855
FILE	/Users/Shared/micah/Documents/TNN/TNN/Research/R33_NATIVE_N17_R27_CONTINUITY/FINAL_B_20260915_1409/N17_REFRESH/logs/expanded_17_218.exit	2	9a271f2a916b0b6ee6cecb2426f0b3206ef074578be55d9bc94f6f3fe3ab86aa
FILE	/Users/Shared/micah/Documents/TNN/TNN/Research/R33_NATIVE_N17_R27_CONTINUITY/FINAL_B_20260915_1409/N17_REFRESH/logs/canonical_before.stderr	0	e3b0c44298fc1c149afbf4c8996fb92427ae41e4649b934ca495991b7852b855
FILE	/Users/Shared/micah/Documents/TNN/TNN/Research/R33_NATIVE_N17_R27_CONTINUITY/FINAL_B_20260915_1409/N17_REFRESH/logs/archive_76.exit	2	9a271f2a916b0b6ee6cecb2426f0b3206ef074578be55d9bc94f6f3fe3ab86aa
FILE	/Users/Shared/micah/Documents/TNN/TNN/Research/R33_NATIVE_N17_R27_CONTINUITY/FINAL_B_20260915_1409/N17_REFRESH/logs/nested_member_3_125.stderr	0	e3b0c44298fc1c149afbf4c8996fb92427ae41e4649b934ca495991b7852b855
FILE	/Users/Shared/micah/Documents/TNN/TNN/Research/R33_NATIVE_N17_R27_CONTINUITY/FINAL_B_20260915_1409/N17_REFRESH/logs/archive_22.argv	71	f9ce2733b818a4e7d83b76bcf68c54ffe911217f561f698c105d7a54055b61df
FILE	/Users/Shared/micah/Documents/TNN/TNN/Research/R33_NATIVE_N17_R27_CONTINUITY/FINAL_B_20260915_1409/N17_REFRESH/logs/expanded_17_208.stderr	0	e3b0c44298fc1c149afbf4c8996fb92427ae41e4649b934ca495991b7852b855
FILE	/Users/Shared/micah/Documents/TNN/TNN/Research/R33_NATIVE_N17_R27_CONTINUITY/FINAL_B_20260915_1409/N17_REFRESH/logs/nested_member_1_22.stderr	0	e3b0c44298fc1c149afbf4c8996fb92427ae41e4649b934ca495991b7852b855
FILE	/Users/Shared/micah/Documents/TNN/TNN/Research/R33_NATIVE_N17_R27_CONTINUITY/FINAL_B_20260915_1409/N17_REFRESH/logs/nested_member_2_102.stderr	0	e3b0c44298fc1c149afbf4c8996fb92427ae41e4649b934ca495991b7852b855
FILE	/Users/Shared/micah/Documents/TNN/TNN/Research/R33_NATIVE_N17_R27_CONTINUITY/FINAL_B_20260915_1409/N17_REFRESH/logs/structure.stdout	307	fcf4922f93e0997150b70187a06941352c6f855a6a453e0a19bfcace3620745e
FILE	/Users/Shared/micah/Documents/TNN/TNN/Research/R33_NATIVE_N17_R27_CONTINUITY/FINAL_B_20260915_1409/N17_REFRESH/logs/expanded_52_115.argv	138	d61b5ee5f8659adfbb87ffa9cb37087717097aa7397c9a7e6a9f59d4785cc94e
FILE	/Users/Shared/micah/Documents/TNN/TNN/Research/R33_NATIVE_N17_R27_CONTINUITY/FINAL_B_20260915_1409/N17_REFRESH/logs/expanded_19_220.exit	2	9a271f2a916b0b6ee6cecb2426f0b3206ef074578be55d9bc94f6f3fe3ab86aa
FILE	/Users/Shared/micah/Documents/TNN/TNN/Research/R33_NATIVE_N17_R27_CONTINUITY/FINAL_B_20260915_1409/N17_REFRESH/logs/nested_member_2_532.exit	2	9a271f2a916b0b6ee6cecb2426f0b3206ef074578be55d9bc94f6f3fe3ab86aa
FILE	/Users/Shared/micah/Documents/TNN/TNN/Research/R33_NATIVE_N17_R27_CONTINUITY/FINAL_B_20260915_1409/N17_REFRESH/logs/expanded_46_128.exit	2	9a271f2a916b0b6ee6cecb2426f0b3206ef074578be55d9bc94f6f3fe3ab86aa
FILE	/Users/Shared/micah/Documents/TNN/TNN/Research/R33_NATIVE_N17_R27_CONTINUITY/FINAL_B_20260915_1409/N17_REFRESH/logs/nested_member_4_538.stderr	0	e3b0c44298fc1c149afbf4c8996fb92427ae41e4649b934ca495991b7852b855
FILE	/Users/Shared/micah/Documents/TNN/TNN/Research/R33_NATIVE_N17_R27_CONTINUITY/FINAL_B_20260915_1409/N17_REFRESH/logs/nested_member_8_528.exit	2	9a271f2a916b0b6ee6cecb2426f0b3206ef074578be55d9bc94f6f3fe3ab86aa
FILE	/Users/Shared/micah/Documents/TNN/TNN/Research/R33_NATIVE_N17_R27_CONTINUITY/FINAL_B_20260915_1409/N17_REFRESH/logs/expanded_19_246.stderr	0	e3b0c44298fc1c149afbf4c8996fb92427ae41e4649b934ca495991b7852b855
FILE	/Users/Shared/micah/Documents/TNN/TNN/Research/R33_NATIVE_N17_R27_CONTINUITY/FINAL_B_20260915_1409/N17_REFRESH/logs/expanded_18_48.stderr	0	e3b0c44298fc1c149afbf4c8996fb92427ae41e4649b934ca495991b7852b855
FILE	/Users/Shared/micah/Documents/TNN/TNN/Research/R33_NATIVE_N17_R27_CONTINUITY/FINAL_B_20260915_1409/N17_REFRESH/logs/nested_member_7_527.stdout	4237	27c1d48683d4e6ee9890ce7c0b0d5362eded8690e17e25902371fc493d077c18
FILE	/Users/Shared/micah/Documents/TNN/TNN/Research/R33_NATIVE_N17_R27_CONTINUITY/FINAL_B_20260915_1409/N17_REFRESH/logs/expanded_38_653.stdout	4245	3ea8fe514911a5591eb1522d00945928a5d8a4a7a6b4d230dd0d539d43268ed5
FILE	/Users/Shared/micah/Documents/TNN/TNN/Research/R33_NATIVE_N17_R27_CONTINUITY/FINAL_B_20260915_1409/N17_REFRESH/logs/receipt_compiler.exit	2	9a271f2a916b0b6ee6cecb2426f0b3206ef074578be55d9bc94f6f3fe3ab86aa
FILE	/Users/Shared/micah/Documents/TNN/TNN/Research/R33_NATIVE_N17_R27_CONTINUITY/FINAL_B_20260915_1409/N17_REFRESH/logs/nested_member_2_136.argv	213	9d54365998dd7818bdaf2f991065f553149d8dbdad48cdd31220f46f489af765
FILE	/Users/Shared/micah/Documents/TNN/TNN/Research/R33_NATIVE_N17_R27_CONTINUITY/FINAL_B_20260915_1409/N17_REFRESH/logs/nested_member_6_139.stderr	0	e3b0c44298fc1c149afbf4c8996fb92427ae41e4649b934ca495991b7852b855
FILE	/Users/Shared/micah/Documents/TNN/TNN/Research/R33_NATIVE_N17_R27_CONTINUITY/FINAL_B_20260915_1409/N17_REFRESH/logs/expanded_11_25.argv	144	2db8c8f53806d7bd448e6ff831c7913e8342bbb19761b664f7b73e02ba4520d0
FILE	/Users/Shared/micah/Documents/TNN/TNN/Research/R33_NATIVE_N17_R27_CONTINUITY/FINAL_B_20260915_1409/N17_REFRESH/logs/expanded_44_632.stderr	0	e3b0c44298fc1c149afbf4c8996fb92427ae41e4649b934ca495991b7852b855
FILE	/Users/Shared/micah/Documents/TNN/TNN/Research/R33_NATIVE_N17_R27_CONTINUITY/FINAL_B_20260915_1409/N17_REFRESH/logs/project_primitives.stdout	0	e3b0c44298fc1c149afbf4c8996fb92427ae41e4649b934ca495991b7852b855
FILE	/Users/Shared/micah/Documents/TNN/TNN/Research/R33_NATIVE_N17_R27_CONTINUITY/FINAL_B_20260915_1409/N17_REFRESH/logs/expanded_38_630.stdout	7830	1fad2b37a2dd6babe0312a3187c4429fa6bb86209102ae1860668fc4c9b66e85
FILE	/Users/Shared/micah/Documents/TNN/TNN/Research/R33_NATIVE_N17_R27_CONTINUITY/FINAL_B_20260915_1409/N17_REFRESH/logs/supplement_canonical.exit	2	9a271f2a916b0b6ee6cecb2426f0b3206ef074578be55d9bc94f6f3fe3ab86aa
FILE	/Users/Shared/micah/Documents/TNN/TNN/Research/R33_NATIVE_N17_R27_CONTINUITY/FINAL_B_20260915_1409/N17_REFRESH/logs/archive_21.exit	2	9a271f2a916b0b6ee6cecb2426f0b3206ef074578be55d9bc94f6f3fe3ab86aa
FILE	/Users/Shared/micah/Documents/TNN/TNN/Research/R33_NATIVE_N17_R27_CONTINUITY/FINAL_B_20260915_1409/N17_REFRESH/logs/expanded_17_216.stderr	0	e3b0c44298fc1c149afbf4c8996fb92427ae41e4649b934ca495991b7852b855
FILE	/Users/Shared/micah/Documents/TNN/TNN/Research/R33_NATIVE_N17_R27_CONTINUITY/FINAL_B_20260915_1409/N17_REFRESH/logs/project_repaired_exact_source_gate.stderr	0	e3b0c44298fc1c149afbf4c8996fb92427ae41e4649b934ca495991b7852b855
FILE	/Users/Shared/micah/Documents/TNN/TNN/Research/R33_NATIVE_N17_R27_CONTINUITY/FINAL_B_20260915_1409/N17_REFRESH/logs/expanded_38_639.exit	2	9a271f2a916b0b6ee6cecb2426f0b3206ef074578be55d9bc94f6f3fe3ab86aa
FILE	/Users/Shared/micah/Documents/TNN/TNN/Research/R33_NATIVE_N17_R27_CONTINUITY/FINAL_B_20260915_1409/N17_REFRESH/logs/member_18_1.exit	2	9a271f2a916b0b6ee6cecb2426f0b3206ef074578be55d9bc94f6f3fe3ab86aa
FILE	/Users/Shared/micah/Documents/TNN/TNN/Research/R33_NATIVE_N17_R27_CONTINUITY/FINAL_B_20260915_1409/N17_REFRESH/logs/build_policy_final.stdout	234	584c7b65fd15490048c93884b70b74d5aa4926c8fce02b21d73f5f446257b0aa
FILE	/Users/Shared/micah/Documents/TNN/TNN/Research/R33_NATIVE_N17_R27_CONTINUITY/FINAL_B_20260915_1409/N17_REFRESH/logs/archive_75.argv	87	4dd9f67e027864e0ba670b0c4b56a8e50abcf77f94ff125aa630738e46d0f442
FILE	/Users/Shared/micah/Documents/TNN/TNN/Research/R33_NATIVE_N17_R27_CONTINUITY/FINAL_B_20260915_1409/N17_REFRESH/logs/expanded_46_126.stdout	43896	9390a2bfd21ced78313420a9792436631cd4401e02ff240ff19f32af0c3b2c5d
FILE	/Users/Shared/micah/Documents/TNN/TNN/Research/R33_NATIVE_N17_R27_CONTINUITY/FINAL_B_20260915_1409/N17_REFRESH/logs/member_54_0.argv	150	cfe921240e0b6db8299bb5fbad1d72fc26fe6dbcbe65a2e52bb0e4f75c2e0048
FILE	/Users/Shared/micah/Documents/TNN/TNN/Research/R33_NATIVE_N17_R27_CONTINUITY/FINAL_B_20260915_1409/N17_REFRESH/logs/member_43_0.exit	2	9a271f2a916b0b6ee6cecb2426f0b3206ef074578be55d9bc94f6f3fe3ab86aa
FILE	/Users/Shared/micah/Documents/TNN/TNN/Research/R33_NATIVE_N17_R27_CONTINUITY/FINAL_B_20260915_1409/N17_REFRESH/logs/expanded_33_27.stdout	8025	157a01904f930203f9c93dc9323821103bd1b6f9e5476adbe051b601e3863fb0
FILE	/Users/Shared/micah/Documents/TNN/TNN/Research/R33_NATIVE_N17_R27_CONTINUITY/FINAL_B_20260915_1409/N17_REFRESH/logs/archive_5.stderr	0	e3b0c44298fc1c149afbf4c8996fb92427ae41e4649b934ca495991b7852b855
FILE	/Users/Shared/micah/Documents/TNN/TNN/Research/R33_NATIVE_N17_R27_CONTINUITY/FINAL_B_20260915_1409/N17_REFRESH/logs/expanded_11_26.exit	2	9a271f2a916b0b6ee6cecb2426f0b3206ef074578be55d9bc94f6f3fe3ab86aa
FILE	/Users/Shared/micah/Documents/TNN/TNN/Research/R33_NATIVE_N17_R27_CONTINUITY/FINAL_B_20260915_1409/N17_REFRESH/logs/expanded_30_16.stdout	25732	1f505b3dd04748fadb28bc6c001df59ac5f2aa82e521eedb321010b0eab60de3
FILE	/Users/Shared/micah/Documents/TNN/TNN/Research/R33_NATIVE_N17_R27_CONTINUITY/FINAL_B_20260915_1409/N17_REFRESH/logs/expanded_40_29.exit	2	9a271f2a916b0b6ee6cecb2426f0b3206ef074578be55d9bc94f6f3fe3ab86aa
FILE	/Users/Shared/micah/Documents/TNN/TNN/Research/R33_NATIVE_N17_R27_CONTINUITY/FINAL_B_20260915_1409/N17_REFRESH/logs/nested_member_3_57.argv	222	47834c07ea09dc83258d2215a16ea179d29ebc0b6c7dc41d0a40891f6b3b397f
FILE	/Users/Shared/micah/Documents/TNN/TNN/Research/R33_NATIVE_N17_R27_CONTINUITY/FINAL_B_20260915_1409/N17_REFRESH/logs/project_independent_admission_tests.argv	652	9a8753bf578bc96168347b884e2610cbd790b96acc9c3fa91fd1c84aa22c307c
FILE	/Users/Shared/micah/Documents/TNN/TNN/Research/R33_NATIVE_N17_R27_CONTINUITY/FINAL_B_20260915_1409/N17_REFRESH/logs/archive_63.stdout	0	e3b0c44298fc1c149afbf4c8996fb92427ae41e4649b934ca495991b7852b855
FILE	/Users/Shared/micah/Documents/TNN/TNN/Research/R33_NATIVE_N17_R27_CONTINUITY/FINAL_B_20260915_1409/N17_REFRESH/logs/nested_member_1_103.stdout	827112	2dc87e0fcd52f9c38f6addbbb1c86c7fa8df1f1e2d02fc880ef28f514db33d09
FILE	/Users/Shared/micah/Documents/TNN/TNN/Research/R33_NATIVE_N17_R27_CONTINUITY/FINAL_B_20260915_1409/N17_REFRESH/logs/nested_member_6_84.stdout	2696	16e785b68df61c7fa96ab423967078de9fcea7fc68ff185a3e7140b6c88593c4
FILE	/Users/Shared/micah/Documents/TNN/TNN/Research/R33_NATIVE_N17_R27_CONTINUITY/FINAL_B_20260915_1409/N17_REFRESH/logs/member_52_2.stderr	0	e3b0c44298fc1c149afbf4c8996fb92427ae41e4649b934ca495991b7852b855
FILE	/Users/Shared/micah/Documents/TNN/TNN/Research/R33_NATIVE_N17_R27_CONTINUITY/FINAL_B_20260915_1409/N17_REFRESH/logs/expanded_52_116.exit	2	9a271f2a916b0b6ee6cecb2426f0b3206ef074578be55d9bc94f6f3fe3ab86aa
FILE	/Users/Shared/micah/Documents/TNN/TNN/Research/R33_NATIVE_N17_R27_CONTINUITY/FINAL_B_20260915_1409/N17_REFRESH/logs/expanded_44_875.exit	2	9a271f2a916b0b6ee6cecb2426f0b3206ef074578be55d9bc94f6f3fe3ab86aa
FILE	/Users/Shared/micah/Documents/TNN/TNN/Research/R33_NATIVE_N17_R27_CONTINUITY/FINAL_B_20260915_1409/N17_REFRESH/logs/expanded_4_26.stderr	0	e3b0c44298fc1c149afbf4c8996fb92427ae41e4649b934ca495991b7852b855
FILE	/Users/Shared/micah/Documents/TNN/TNN/Research/R33_NATIVE_N17_R27_CONTINUITY/FINAL_B_20260915_1409/N17_REFRESH/logs/member_43_0.stdout	5711	349d41bac3a159f9c74b3dd1ea79b1cfbcb2f51071180e7edb982f57a04c2693
FILE	/Users/Shared/micah/Documents/TNN/TNN/Research/R33_NATIVE_N17_R27_CONTINUITY/FINAL_B_20260915_1409/N17_REFRESH/logs/expanded_10_22.stderr	0	e3b0c44298fc1c149afbf4c8996fb92427ae41e4649b934ca495991b7852b855
FILE	/Users/Shared/micah/Documents/TNN/TNN/Research/R33_NATIVE_N17_R27_CONTINUITY/FINAL_B_20260915_1409/N17_REFRESH/logs/archive_37.exit	2	9a271f2a916b0b6ee6cecb2426f0b3206ef074578be55d9bc94f6f3fe3ab86aa
FILE	/Users/Shared/micah/Documents/TNN/TNN/Research/R33_NATIVE_N17_R27_CONTINUITY/FINAL_B_20260915_1409/N17_REFRESH/logs/large_archive_4.exit	2	9a271f2a916b0b6ee6cecb2426f0b3206ef074578be55d9bc94f6f3fe3ab86aa
FILE	/Users/Shared/micah/Documents/TNN/TNN/Research/R33_NATIVE_N17_R27_CONTINUITY/FINAL_B_20260915_1409/N17_REFRESH/logs/expanded_44_619.exit	2	9a271f2a916b0b6ee6cecb2426f0b3206ef074578be55d9bc94f6f3fe3ab86aa
FILE	/Users/Shared/micah/Documents/TNN/TNN/Research/R33_NATIVE_N17_R27_CONTINUITY/FINAL_B_20260915_1409/N17_REFRESH/logs/expanded_55_51.exit	2	9a271f2a916b0b6ee6cecb2426f0b3206ef074578be55d9bc94f6f3fe3ab86aa
FILE	/Users/Shared/micah/Documents/TNN/TNN/Research/R33_NATIVE_N17_R27_CONTINUITY/FINAL_B_20260915_1409/N17_REFRESH/logs/archive_12.stdout	1069	9b3e72779d071004ac3de9ec9ea7a885b28ba516295dfa8917ea1ea4c1ea49f7
FILE	/Users/Shared/micah/Documents/TNN/TNN/Research/R33_NATIVE_N17_R27_CONTINUITY/FINAL_B_20260915_1409/N17_REFRESH/logs/expanded_38_1.stdout	5626	6cbf2483b678b07120f72d25724a9cf93eb93287f1af766e9a6c2e90a5fdfb93
FILE	/Users/Shared/micah/Documents/TNN/TNN/Research/R33_NATIVE_N17_R27_CONTINUITY/FINAL_B_20260915_1409/N17_REFRESH/logs/build_rows.exit	2	9a271f2a916b0b6ee6cecb2426f0b3206ef074578be55d9bc94f6f3fe3ab86aa
FILE	/Users/Shared/micah/Documents/TNN/TNN/Research/R33_NATIVE_N17_R27_CONTINUITY/FINAL_B_20260915_1409/N17_REFRESH/logs/archive_63.argv	188	e08d552f79527369e2e9e7df0446cbf2c690c690b3e5726369e1ab227c372bc1
FILE	/Users/Shared/micah/Documents/TNN/TNN/Research/R33_NATIVE_N17_R27_CONTINUITY/FINAL_B_20260915_1409/N17_REFRESH/logs/expanded_75_58.exit	2	9a271f2a916b0b6ee6cecb2426f0b3206ef074578be55d9bc94f6f3fe3ab86aa
FILE	/Users/Shared/micah/Documents/TNN/TNN/Research/R33_NATIVE_N17_R27_CONTINUITY/FINAL_B_20260915_1409/N17_REFRESH/logs/nested_member_3_123.exit	2	9a271f2a916b0b6ee6cecb2426f0b3206ef074578be55d9bc94f6f3fe3ab86aa
FILE	/Users/Shared/micah/Documents/TNN/TNN/Research/R33_NATIVE_N17_R27_CONTINUITY/FINAL_B_20260915_1409/N17_REFRESH/logs/project_r27.argv	548	32f345b9feb39327901cbd1a6adf19a97ce1487978075266a627b68f6f3c6be7
FILE	/Users/Shared/micah/Documents/TNN/TNN/Research/R33_NATIVE_N17_R27_CONTINUITY/FINAL_B_20260915_1409/N17_REFRESH/logs/nested_member_5_84.exit	2	9a271f2a916b0b6ee6cecb2426f0b3206ef074578be55d9bc94f6f3fe3ab86aa
FILE	/Users/Shared/micah/Documents/TNN/TNN/Research/R33_NATIVE_N17_R27_CONTINUITY/FINAL_B_20260915_1409/N17_REFRESH/logs/nested_member_8_139.exit	2	9a271f2a916b0b6ee6cecb2426f0b3206ef074578be55d9bc94f6f3fe3ab86aa
FILE	/Users/Shared/micah/Documents/TNN/TNN/Research/R33_NATIVE_N17_R27_CONTINUITY/FINAL_B_20260915_1409/N17_REFRESH/logs/expanded_11_30.exit	2	9a271f2a916b0b6ee6cecb2426f0b3206ef074578be55d9bc94f6f3fe3ab86aa
FILE	/Users/Shared/micah/Documents/TNN/TNN/Research/R33_NATIVE_N17_R27_CONTINUITY/FINAL_B_20260915_1409/N17_REFRESH/logs/build_memo.argv	357	27dd95236b9705df302fe8becb0da29c39bb6a6645659d81d994cd1414b31c1b
FILE	/Users/Shared/micah/Documents/TNN/TNN/Research/R33_NATIVE_N17_R27_CONTINUITY/FINAL_B_20260915_1409/N17_REFRESH/logs/archive_9.stderr	0	e3b0c44298fc1c149afbf4c8996fb92427ae41e4649b934ca495991b7852b855
FILE	/Users/Shared/micah/Documents/TNN/TNN/Research/R33_NATIVE_N17_R27_CONTINUITY/FINAL_B_20260915_1409/N17_REFRESH/logs/expanded_44_643.stderr	0	e3b0c44298fc1c149afbf4c8996fb92427ae41e4649b934ca495991b7852b855
FILE	/Users/Shared/micah/Documents/TNN/TNN/Research/R33_NATIVE_N17_R27_CONTINUITY/FINAL_B_20260915_1409/N17_REFRESH/logs/expanded_38_641.stdout	12578	dd67b04f6e9e32c9809d3d0d90a07dc4df967c743143c77eb74aa5b44caa3165
FILE	/Users/Shared/micah/Documents/TNN/TNN/Research/R33_NATIVE_N17_R27_CONTINUITY/FINAL_B_20260915_1409/N17_REFRESH/logs/nested_member_2_527.argv	190	a40402e35a567290e03a5d64d8df006a59dff24f1c02e2029046381bd4fd0b67
FILE	/Users/Shared/micah/Documents/TNN/TNN/Research/R33_NATIVE_N17_R27_CONTINUITY/FINAL_B_20260915_1409/N17_REFRESH/logs/expanded_30_17.argv	161	8adea06f12b41cf907be3573f3d10342bbe34036c97e4ae837d752919471ea54
FILE	/Users/Shared/micah/Documents/TNN/TNN/Research/R33_NATIVE_N17_R27_CONTINUITY/FINAL_B_20260915_1409/N17_REFRESH/logs/nested_member_8_213.argv	189	6c23a0f2cd8360a7b6f4bcc1bab1bcbd8297e1f959ffae0baeaa93a2fd31fbaa
FILE	/Users/Shared/micah/Documents/TNN/TNN/Research/R33_NATIVE_N17_R27_CONTINUITY/FINAL_B_20260915_1409/N17_REFRESH/logs/nested_member_6_417.argv	187	6afb163d53d8b4f23d7ebba16581b405a2b33b0a92988f418c8940363b41b87a
FILE	/Users/Shared/micah/Documents/TNN/TNN/Research/R33_NATIVE_N17_R27_CONTINUITY/FINAL_B_20260915_1409/N17_REFRESH/logs/expanded_17_204.stderr	0	e3b0c44298fc1c149afbf4c8996fb92427ae41e4649b934ca495991b7852b855
FILE	/Users/Shared/micah/Documents/TNN/TNN/Research/R33_NATIVE_N17_R27_CONTINUITY/FINAL_B_20260915_1409/N17_REFRESH/logs/archive_60.exit	2	4355a46b19d348dc2f57c046f8ef63d4538ebb936000f3c9ee954a27460dd865
FILE	/Users/Shared/micah/Documents/TNN/TNN/Research/R33_NATIVE_N17_R27_CONTINUITY/FINAL_B_20260915_1409/N17_REFRESH/logs/expanded_18_39.stderr	0	e3b0c44298fc1c149afbf4c8996fb92427ae41e4649b934ca495991b7852b855
FILE	/Users/Shared/micah/Documents/TNN/TNN/Research/R33_NATIVE_N17_R27_CONTINUITY/FINAL_B_20260915_1409/N17_REFRESH/logs/expanded_44_620.stderr	0	e3b0c44298fc1c149afbf4c8996fb92427ae41e4649b934ca495991b7852b855
FILE	/Users/Shared/micah/Documents/TNN/TNN/Research/R33_NATIVE_N17_R27_CONTINUITY/FINAL_B_20260915_1409/N17_REFRESH/logs/expanded_38_622.stdout	8908	7dbec5570c43b5fdb81afcea25e3a4b6cbaab3e003f052cf594e624bd54ec128
FILE	/Users/Shared/micah/Documents/TNN/TNN/Research/R33_NATIVE_N17_R27_CONTINUITY/FINAL_B_20260915_1409/N17_REFRESH/logs/nested_member_7_417.argv	184	083cc5f0043939a38e8d5d81119dcccb57e28538554635364eeb233cde1ec34c
FILE	/Users/Shared/micah/Documents/TNN/TNN/Research/R33_NATIVE_N17_R27_CONTINUITY/FINAL_B_20260915_1409/N17_REFRESH/logs/expanded_52_120.stderr	0	e3b0c44298fc1c149afbf4c8996fb92427ae41e4649b934ca495991b7852b855
FILE	/Users/Shared/micah/Documents/TNN/TNN/Research/R33_NATIVE_N17_R27_CONTINUITY/FINAL_B_20260915_1409/N17_REFRESH/logs/nested_member_7_102.argv	196	952c2dfc64a2d8419182ae82a121a88643cbc2a0e711286f1cd6982fd7b395ff
FILE	/Users/Shared/micah/Documents/TNN/TNN/Research/R33_NATIVE_N17_R27_CONTINUITY/FINAL_B_20260915_1409/N17_REFRESH/logs/expanded_9_60.argv	152	d4a1776b38dffa1ddc6627df2b382b24dad350162d35c674ee240fad4d22a9af
FILE	/Users/Shared/micah/Documents/TNN/TNN/Research/R33_NATIVE_N17_R27_CONTINUITY/FINAL_B_20260915_1409/N17_REFRESH/logs/expanded_41_11.argv	117	d74f49fd07bb395b7087f0d9a19ac77ad1bf1c310790c28b3d1925da8a8622ad
FILE	/Users/Shared/micah/Documents/TNN/TNN/Research/R33_NATIVE_N17_R27_CONTINUITY/FINAL_B_20260915_1409/N17_REFRESH/logs/archive_34.argv	100	fdc73a7980cd6670b784cd071435caca41298e92eb5c8fe162dd505d9231a912
FILE	/Users/Shared/micah/Documents/TNN/TNN/Research/R33_NATIVE_N17_R27_CONTINUITY/FINAL_B_20260915_1409/N17_REFRESH/logs/member_46_0.argv	142	8e003f0e903e5f728c92602f816ca17dacde85eab3d4cdbdaef810db04c61f36
FILE	/Users/Shared/micah/Documents/TNN/TNN/Research/R33_NATIVE_N17_R27_CONTINUITY/FINAL_B_20260915_1409/N17_REFRESH/logs/nested_member_6_102.argv	199	c4a871a1ac99ab7dd467ee73ba88f49da4ca18ca813cd52c77b182cd76d9fa16
FILE	/Users/Shared/micah/Documents/TNN/TNN/Research/R33_NATIVE_N17_R27_CONTINUITY/FINAL_B_20260915_1409/N17_REFRESH/logs/member_17_2.stdout	21143	8f6377fe4090ee11cc45a3f4a3326a9d8fee25cda36e35cc79ffe7e290bee122
FILE	/Users/Shared/micah/Documents/TNN/TNN/Research/R33_NATIVE_N17_R27_CONTINUITY/FINAL_B_20260915_1409/N17_REFRESH/logs/nested_member_2_537.stdout	2384	35afee20280381cfd6fbf7bdb059f1025b46cba156849f03cdffc32036e2d973
FILE	/Users/Shared/micah/Documents/TNN/TNN/Research/R33_NATIVE_N17_R27_CONTINUITY/FINAL_B_20260915_1409/N17_REFRESH/logs/archive_71.stdout	0	e3b0c44298fc1c149afbf4c8996fb92427ae41e4649b934ca495991b7852b855
FILE	/Users/Shared/micah/Documents/TNN/TNN/Research/R33_NATIVE_N17_R27_CONTINUITY/FINAL_B_20260915_1409/N17_REFRESH/logs/expanded_52_103.argv	145	30fcaa5851bbf8f78998cb9496e46a2f0320c6fd6d7b59357ee1c52eba7fd330
FILE	/Users/Shared/micah/Documents/TNN/TNN/Research/R33_NATIVE_N17_R27_CONTINUITY/FINAL_B_20260915_1409/N17_REFRESH/logs/expanded_54_51.stderr	0	e3b0c44298fc1c149afbf4c8996fb92427ae41e4649b934ca495991b7852b855
FILE	/Users/Shared/micah/Documents/TNN/TNN/Research/R33_NATIVE_N17_R27_CONTINUITY/FINAL_B_20260915_1409/N17_REFRESH/logs/nested_member_8_213.stdout	3130	dad94b7b6a734511480e17a3a8f7535d732cc5f63889de29d179a7988badf42f
FILE	/Users/Shared/micah/Documents/TNN/TNN/Research/R33_NATIVE_N17_R27_CONTINUITY/FINAL_B_20260915_1409/N17_REFRESH/logs/expanded_11_33.argv	142	2e5cd007c6376874e07b23068685edebce4dbb760ba8ab96fcf05d9fc1667d80
FILE	/Users/Shared/micah/Documents/TNN/TNN/Research/R33_NATIVE_N17_R27_CONTINUITY/FINAL_B_20260915_1409/N17_REFRESH/logs/expanded_11_32.stdout	8599	2eb97158bed6036ffaee43a064ff234a127610dc9f954b55096eec7bb282f63f
FILE	/Users/Shared/micah/Documents/TNN/TNN/Research/R33_NATIVE_N17_R27_CONTINUITY/FINAL_B_20260915_1409/N17_REFRESH/logs/expanded_74_22.exit	2	9a271f2a916b0b6ee6cecb2426f0b3206ef074578be55d9bc94f6f3fe3ab86aa
FILE	/Users/Shared/micah/Documents/TNN/TNN/Research/R33_NATIVE_N17_R27_CONTINUITY/FINAL_B_20260915_1409/N17_REFRESH/logs/nested_member_3_120.argv	218	bcf24cdd7d67a79a415f4185485ee773962820dc98b594394a81d248f815cea8
FILE	/Users/Shared/micah/Documents/TNN/TNN/Research/R33_NATIVE_N17_R27_CONTINUITY/FINAL_B_20260915_1409/N17_REFRESH/logs/nested_member_5_532.stderr	0	e3b0c44298fc1c149afbf4c8996fb92427ae41e4649b934ca495991b7852b855
FILE	/Users/Shared/micah/Documents/TNN/TNN/Research/R33_NATIVE_N17_R27_CONTINUITY/FINAL_B_20260915_1409/N17_REFRESH/logs/expanded_38_654.argv	157	3e72bb394d90b2ba819726c7f0e0bb49334d58e6ce0dd143b69fad7ac50386f8
FILE	/Users/Shared/micah/Documents/TNN/TNN/Research/R33_NATIVE_N17_R27_CONTINUITY/FINAL_B_20260915_1409/N17_REFRESH/logs/expanded_44_636.exit	2	9a271f2a916b0b6ee6cecb2426f0b3206ef074578be55d9bc94f6f3fe3ab86aa
FILE	/Users/Shared/micah/Documents/TNN/TNN/Research/R33_NATIVE_N17_R27_CONTINUITY/FINAL_B_20260915_1409/N17_REFRESH/logs/expanded_46_115.stdout	2755	9fa483620e23c2b82e33e8657ec6394df46df15715ee267b0c646363c25a2e4a
FILE	/Users/Shared/micah/Documents/TNN/TNN/Research/R33_NATIVE_N17_R27_CONTINUITY/FINAL_B_20260915_1409/N17_REFRESH/logs/archive_18.exit	2	9a271f2a916b0b6ee6cecb2426f0b3206ef074578be55d9bc94f6f3fe3ab86aa
FILE	/Users/Shared/micah/Documents/TNN/TNN/Research/R33_NATIVE_N17_R27_CONTINUITY/FINAL_B_20260915_1409/N17_REFRESH/logs/r25_usage.stdout	0	e3b0c44298fc1c149afbf4c8996fb92427ae41e4649b934ca495991b7852b855
FILE	/Users/Shared/micah/Documents/TNN/TNN/Research/R33_NATIVE_N17_R27_CONTINUITY/FINAL_B_20260915_1409/N17_REFRESH/logs/expanded_19_216.stderr	0	e3b0c44298fc1c149afbf4c8996fb92427ae41e4649b934ca495991b7852b855
FILE	/Users/Shared/micah/Documents/TNN/TNN/Research/R33_NATIVE_N17_R27_CONTINUITY/FINAL_B_20260915_1409/N17_REFRESH/logs/archive_50.stdout	48	111870d0c3578d86b706bf7e22a1d5a9ca3df13025698219b2f95ef97256e8f0
FILE	/Users/Shared/micah/Documents/TNN/TNN/Research/R33_NATIVE_N17_R27_CONTINUITY/FINAL_B_20260915_1409/N17_REFRESH/logs/expanded_46_112.argv	128	b644f4df11b149e01b2042991c44c5cf7ce2e8f2b8d5ea807f6d923ae254d2c1
FILE	/Users/Shared/micah/Documents/TNN/TNN/Research/R33_NATIVE_N17_R27_CONTINUITY/FINAL_B_20260915_1409/N17_REFRESH/logs/nested_member_8_142.argv	209	58d4385ee8d30220cccb94119014f44b09e67e5004183da79e49772ef4ce3e4e
FILE	/Users/Shared/micah/Documents/TNN/TNN/Research/R33_NATIVE_N17_R27_CONTINUITY/FINAL_B_20260915_1409/N17_REFRESH/logs/nested_list_7.exit	2	9a271f2a916b0b6ee6cecb2426f0b3206ef074578be55d9bc94f6f3fe3ab86aa
FILE	/Users/Shared/micah/Documents/TNN/TNN/Research/R33_NATIVE_N17_R27_CONTINUITY/FINAL_B_20260915_1409/N17_REFRESH/logs/archive_33.stdout	1451	92d2f09733cc92b44e4a0ca69c6e6892538fe410ca227d44ee91d82f02dc0dd2
FILE	/Users/Shared/micah/Documents/TNN/TNN/Research/R33_NATIVE_N17_R27_CONTINUITY/FINAL_B_20260915_1409/N17_REFRESH/logs/expanded_41_11.stdout	1408	df731b2ef2c38b9364b271c6533062ed4330cd00de3c536ec35a732a0067044f
FILE	/Users/Shared/micah/Documents/TNN/TNN/Research/R33_NATIVE_N17_R27_CONTINUITY/FINAL_B_20260915_1409/N17_REFRESH/logs/project_forbidden_selector_tests.stdout	0	e3b0c44298fc1c149afbf4c8996fb92427ae41e4649b934ca495991b7852b855
FILE	/Users/Shared/micah/Documents/TNN/TNN/Research/R33_NATIVE_N17_R27_CONTINUITY/FINAL_B_20260915_1409/N17_REFRESH/logs/expanded_19_208.stderr	0	e3b0c44298fc1c149afbf4c8996fb92427ae41e4649b934ca495991b7852b855
FILE	/Users/Shared/micah/Documents/TNN/TNN/Research/R33_NATIVE_N17_R27_CONTINUITY/FINAL_B_20260915_1409/N17_REFRESH/logs/expanded_18_51.argv	149	cc04f0a3adfad4c5d260f90760c0a23425c4d44eb0ba315fe2e7cdbb9f4aeb71
FILE	/Users/Shared/micah/Documents/TNN/TNN/Research/R33_NATIVE_N17_R27_CONTINUITY/FINAL_B_20260915_1409/N17_REFRESH/logs/nested_member_3_116.stderr	0	e3b0c44298fc1c149afbf4c8996fb92427ae41e4649b934ca495991b7852b855
FILE	/Users/Shared/micah/Documents/TNN/TNN/Research/R33_NATIVE_N17_R27_CONTINUITY/FINAL_B_20260915_1409/N17_REFRESH/logs/expanded_44_635.argv	178	c3675997af164b574d00ea0675bfd431fe25b1805ef1a6faa2202ed16de278e4
FILE	/Users/Shared/micah/Documents/TNN/TNN/Research/R33_NATIVE_N17_R27_CONTINUITY/FINAL_B_20260915_1409/N17_REFRESH/logs/nested_member_4_132.stdout	507	d19d7d171533c62bdd11fa97ca570507823a2011fc16e63b7e90e76a3b0f16f1
FILE	/Users/Shared/micah/Documents/TNN/TNN/Research/R33_NATIVE_N17_R27_CONTINUITY/FINAL_B_20260915_1409/N17_REFRESH/logs/large_archive_0.stdout	116	c483b899820e4ff2cf133db4d4fb9da9d978e920038dacb6a5e9ceabd0f1ca68
FILE	/Users/Shared/micah/Documents/TNN/TNN/Research/R33_NATIVE_N17_R27_CONTINUITY/FINAL_B_20260915_1409/N17_REFRESH/logs/independent_admission_tests.exit	2	9a271f2a916b0b6ee6cecb2426f0b3206ef074578be55d9bc94f6f3fe3ab86aa
FILE	/Users/Shared/micah/Documents/TNN/TNN/Research/R33_NATIVE_N17_R27_CONTINUITY/FINAL_B_20260915_1409/N17_REFRESH/logs/expanded_38_746.argv	166	7eadc67b31b6a9a1896994f72bbd1a58192ca1fbc4c9b8879b201812e295329e
FILE	/Users/Shared/micah/Documents/TNN/TNN/Research/R33_NATIVE_N17_R27_CONTINUITY/FINAL_B_20260915_1409/N17_REFRESH/logs/nested_list_4.argv	148	e6e77303aa5a9fc68d8d90a8a3e7ec481ca4aef292d8d98072914e9a5721c4e9
FILE	/Users/Shared/micah/Documents/TNN/TNN/Research/R33_NATIVE_N17_R27_CONTINUITY/FINAL_B_20260915_1409/N17_REFRESH/logs/expanded_17_246.stderr	0	e3b0c44298fc1c149afbf4c8996fb92427ae41e4649b934ca495991b7852b855
FILE	/Users/Shared/micah/Documents/TNN/TNN/Research/R33_NATIVE_N17_R27_CONTINUITY/FINAL_B_20260915_1409/N17_REFRESH/logs/expanded_44_762.stderr	0	e3b0c44298fc1c149afbf4c8996fb92427ae41e4649b934ca495991b7852b855
FILE	/Users/Shared/micah/Documents/TNN/TNN/Research/R33_NATIVE_N17_R27_CONTINUITY/FINAL_B_20260915_1409/N17_REFRESH/logs/expanded_33_28.argv	180	63525d5720d24b0f9d76931aeafd138d1e541fb8966cc88d412c953a8d1492b7
FILE	/Users/Shared/micah/Documents/TNN/TNN/Research/R33_NATIVE_N17_R27_CONTINUITY/FINAL_B_20260915_1409/N17_REFRESH/logs/expanded_19_219.exit	2	9a271f2a916b0b6ee6cecb2426f0b3206ef074578be55d9bc94f6f3fe3ab86aa
FILE	/Users/Shared/micah/Documents/TNN/TNN/Research/R33_NATIVE_N17_R27_CONTINUITY/FINAL_B_20260915_1409/N17_REFRESH/logs/nested_member_8_139.stderr	0	e3b0c44298fc1c149afbf4c8996fb92427ae41e4649b934ca495991b7852b855
FILE	/Users/Shared/micah/Documents/TNN/TNN/Research/R33_NATIVE_N17_R27_CONTINUITY/FINAL_B_20260915_1409/N17_REFRESH/logs/expanded_75_58.stderr	0	e3b0c44298fc1c149afbf4c8996fb92427ae41e4649b934ca495991b7852b855
FILE	/Users/Shared/micah/Documents/TNN/TNN/Research/R33_NATIVE_N17_R27_CONTINUITY/FINAL_B_20260915_1409/N17_REFRESH/logs/expanded_38_875.stdout	4617	9c22222bf1126216cc12ac7aa209af434295d163d8a5af92a0b0c33dffacb717
FILE	/Users/Shared/micah/Documents/TNN/TNN/Research/R33_NATIVE_N17_R27_CONTINUITY/FINAL_B_20260915_1409/N17_REFRESH/logs/nested_member_4_132.argv	193	b42569e088abbfbfd7424346d904ec1af8f48b66c804b8459194ce148d4744ee
FILE	/Users/Shared/micah/Documents/TNN/TNN/Research/R33_NATIVE_N17_R27_CONTINUITY/FINAL_B_20260915_1409/N17_REFRESH/logs/expanded_38_615.argv	162	65f34a052ecb27b013d7494ea9d79d810b594d99b5c9af12bee9a91b6b7229f8
FILE	/Users/Shared/micah/Documents/TNN/TNN/Research/R33_NATIVE_N17_R27_CONTINUITY/FINAL_B_20260915_1409/N17_REFRESH/logs/nested_member_5_132.argv	195	2e4d05eb420bdb18dc7e84cc3bcc3bd871dffb82de8773da4cdb6b3aed8b3e1a
FILE	/Users/Shared/micah/Documents/TNN/TNN/Research/R33_NATIVE_N17_R27_CONTINUITY/FINAL_B_20260915_1409/N17_REFRESH/logs/member_75_0.argv	129	2af821951c267eab9f0cfd2750ee7e8ad492e1132f51f3951500d3b51a264c19
FILE	/Users/Shared/micah/Documents/TNN/TNN/Research/R33_NATIVE_N17_R27_CONTINUITY/FINAL_B_20260915_1409/N17_REFRESH/logs/archive_59.exit	2	4355a46b19d348dc2f57c046f8ef63d4538ebb936000f3c9ee954a27460dd865
FILE	/Users/Shared/micah/Documents/TNN/TNN/Research/R33_NATIVE_N17_R27_CONTINUITY/FINAL_B_20260915_1409/N17_REFRESH/logs/project_candidates.exit	2	9a271f2a916b0b6ee6cecb2426f0b3206ef074578be55d9bc94f6f3fe3ab86aa
FILE	/Users/Shared/micah/Documents/TNN/TNN/Research/R33_NATIVE_N17_R27_CONTINUITY/FINAL_B_20260915_1409/N17_REFRESH/logs/nested_member_3_22.stdout	672	8cfb3dff7e33f23e81d7c5bcc4007d14f29175d973bde0bb175a01b0ed2172c2
FILE	/Users/Shared/micah/Documents/TNN/TNN/Research/R33_NATIVE_N17_R27_CONTINUITY/FINAL_B_20260915_1409/N17_REFRESH/logs/expanded_38_611.stdout	2300	bb371233550bdcf07b5e2a65a73d37b5e656d3b5f0f81fe9cdae90e874066901
FILE	/Users/Shared/micah/Documents/TNN/TNN/Research/R33_NATIVE_N17_R27_CONTINUITY/FINAL_B_20260915_1409/N17_REFRESH/logs/expanded_44_613.stderr	0	e3b0c44298fc1c149afbf4c8996fb92427ae41e4649b934ca495991b7852b855
FILE	/Users/Shared/micah/Documents/TNN/TNN/Research/R33_NATIVE_N17_R27_CONTINUITY/FINAL_B_20260915_1409/N17_REFRESH/logs/nested_member_4_536.exit	2	9a271f2a916b0b6ee6cecb2426f0b3206ef074578be55d9bc94f6f3fe3ab86aa
FILE	/Users/Shared/micah/Documents/TNN/TNN/Research/R33_NATIVE_N17_R27_CONTINUITY/FINAL_B_20260915_1409/N17_REFRESH/logs/expanded_19_204.stderr	0	e3b0c44298fc1c149afbf4c8996fb92427ae41e4649b934ca495991b7852b855
FILE	/Users/Shared/micah/Documents/TNN/TNN/Research/R33_NATIVE_N17_R27_CONTINUITY/FINAL_B_20260915_1409/N17_REFRESH/logs/expanded_9_56.stdout	3992	8488a216968ab1ad07530c5e2c1bd2184eb2bf48d19b0e0dfdd01d6931eb482b
FILE	/Users/Shared/micah/Documents/TNN/TNN/Research/R33_NATIVE_N17_R27_CONTINUITY/FINAL_B_20260915_1409/N17_REFRESH/logs/forbidden_selector_tests.stderr	0	e3b0c44298fc1c149afbf4c8996fb92427ae41e4649b934ca495991b7852b855
FILE	/Users/Shared/micah/Documents/TNN/TNN/Research/R33_NATIVE_N17_R27_CONTINUITY/FINAL_B_20260915_1409/N17_REFRESH/logs/expanded_38_641.exit	2	9a271f2a916b0b6ee6cecb2426f0b3206ef074578be55d9bc94f6f3fe3ab86aa
FILE	/Users/Shared/micah/Documents/TNN/TNN/Research/R33_NATIVE_N17_R27_CONTINUITY/FINAL_B_20260915_1409/N17_REFRESH/logs/expanded_9_59.argv	140	d7056b1fa7fc55beb124043af1c08f932097d2bedc05ca5579f5880bb3f78a5f
FILE	/Users/Shared/micah/Documents/TNN/TNN/Research/R33_NATIVE_N17_R27_CONTINUITY/FINAL_B_20260915_1409/N17_REFRESH/logs/expanded_44_623.argv	178	64db896a106f74104b7a2e89463155db141a6c8eb7cac689b5ad254df0d2c77f
FILE	/Users/Shared/micah/Documents/TNN/TNN/Research/R33_NATIVE_N17_R27_CONTINUITY/FINAL_B_20260915_1409/N17_REFRESH/logs/expanded_10_27.argv	177	1b96c061a1b00b572855d78698b5d2b33bcf987a043ae0a86b730fcc592811af
FILE	/Users/Shared/micah/Documents/TNN/TNN/Research/R33_NATIVE_N17_R27_CONTINUITY/FINAL_B_20260915_1409/N17_REFRESH/logs/nested_member_5_536.exit	2	9a271f2a916b0b6ee6cecb2426f0b3206ef074578be55d9bc94f6f3fe3ab86aa
FILE	/Users/Shared/micah/Documents/TNN/TNN/Research/R33_NATIVE_N17_R27_CONTINUITY/FINAL_B_20260915_1409/N17_REFRESH/logs/member_44_1.stdout	15871908	31e670fcd2a2fefc02a1d032b8016bd93c28844df8ea40889593d030a2096e5a
FILE	/Users/Shared/micah/Documents/TNN/TNN/Research/R33_NATIVE_N17_R27_CONTINUITY/FINAL_B_20260915_1409/N17_REFRESH/logs/r26_selftest.stdout	18	39fd8ace3cca6c1ac55bb5d581434f86d9b0ce69bc8901b7db1020414579179e
FILE	/Users/Shared/micah/Documents/TNN/TNN/Research/R33_NATIVE_N17_R27_CONTINUITY/FINAL_B_20260915_1409/N17_REFRESH/logs/member_44_1.exit	2	9a271f2a916b0b6ee6cecb2426f0b3206ef074578be55d9bc94f6f3fe3ab86aa
FILE	/Users/Shared/micah/Documents/TNN/TNN/Research/R33_NATIVE_N17_R27_CONTINUITY/FINAL_B_20260915_1409/N17_REFRESH/logs/expanded_74_27.stdout	8025	157a01904f930203f9c93dc9323821103bd1b6f9e5476adbe051b601e3863fb0
FILE	/Users/Shared/micah/Documents/TNN/TNN/Research/R33_NATIVE_N17_R27_CONTINUITY/FINAL_B_20260915_1409/N17_REFRESH/logs/r26_match.stdout	83	c48503f8b081af5b4c21f44347c18408e3e1e92e0a9a8894bf3bba4e2c75590d
FILE	/Users/Shared/micah/Documents/TNN/TNN/Research/R33_NATIVE_N17_R27_CONTINUITY/FINAL_B_20260915_1409/N17_REFRESH/logs/expanded_75_54.stderr	0	e3b0c44298fc1c149afbf4c8996fb92427ae41e4649b934ca495991b7852b855
FILE	/Users/Shared/micah/Documents/TNN/TNN/Research/R33_NATIVE_N17_R27_CONTINUITY/FINAL_B_20260915_1409/N17_REFRESH/logs/nested_member_1_46.exit	2	9a271f2a916b0b6ee6cecb2426f0b3206ef074578be55d9bc94f6f3fe3ab86aa
FILE	/Users/Shared/micah/Documents/TNN/TNN/Research/R33_NATIVE_N17_R27_CONTINUITY/FINAL_B_20260915_1409/N17_REFRESH/logs/expanded_54_62.stderr	0	e3b0c44298fc1c149afbf4c8996fb92427ae41e4649b934ca495991b7852b855
FILE	/Users/Shared/micah/Documents/TNN/TNN/Research/R33_NATIVE_N17_R27_CONTINUITY/FINAL_B_20260915_1409/N17_REFRESH/logs/nested_member_3_119.argv	210	f21ca7b8a591075483b3c6ec281a93d04a8c3522d94934339008e5f6d8b49cef
FILE	/Users/Shared/micah/Documents/TNN/TNN/Research/R33_NATIVE_N17_R27_CONTINUITY/FINAL_B_20260915_1409/N17_REFRESH/logs/member_27_0.stdout	1915	0f78eef559a9826dd865fe7c22b292692189702c24ef6c19a60f11ad5cb8626f
FILE	/Users/Shared/micah/Documents/TNN/TNN/Research/R33_NATIVE_N17_R27_CONTINUITY/FINAL_B_20260915_1409/N17_REFRESH/logs/nested_member_1_122.stdout	14657	2c1fc7464f806473e998722d76913ac679468374616398f4502653d0654e426f
FILE	/Users/Shared/micah/Documents/TNN/TNN/Research/R33_NATIVE_N17_R27_CONTINUITY/FINAL_B_20260915_1409/N17_REFRESH/logs/archive_42.stdout	106	31995464a2b919d9c4cd791169bbf122601fab92c45d2bfbca10d8ebb13078c5
FILE	/Users/Shared/micah/Documents/TNN/TNN/Research/R33_NATIVE_N17_R27_CONTINUITY/FINAL_B_20260915_1409/N17_REFRESH/logs/nested_member_6_213.stdout	3130	dad94b7b6a734511480e17a3a8f7535d732cc5f63889de29d179a7988badf42f
FILE	/Users/Shared/micah/Documents/TNN/TNN/Research/R33_NATIVE_N17_R27_CONTINUITY/FINAL_B_20260915_1409/N17_REFRESH/logs/archive_83.stderr	0	e3b0c44298fc1c149afbf4c8996fb92427ae41e4649b934ca495991b7852b855
FILE	/Users/Shared/micah/Documents/TNN/TNN/Research/R33_NATIVE_N17_R27_CONTINUITY/FINAL_B_20260915_1409/N17_REFRESH/logs/expanded_10_24.exit	2	9a271f2a916b0b6ee6cecb2426f0b3206ef074578be55d9bc94f6f3fe3ab86aa
FILE	/Users/Shared/micah/Documents/TNN/TNN/Research/R33_NATIVE_N17_R27_CONTINUITY/FINAL_B_20260915_1409/N17_REFRESH/logs/expanded_44_620.exit	2	9a271f2a916b0b6ee6cecb2426f0b3206ef074578be55d9bc94f6f3fe3ab86aa
FILE	/Users/Shared/micah/Documents/TNN/TNN/Research/R33_NATIVE_N17_R27_CONTINUITY/FINAL_B_20260915_1409/N17_REFRESH/logs/expanded_38_642.argv	174	181f58ee91c54023cdf01cf45310f12c3adaac7290e2aef738c4ca2afc01119f
FILE	/Users/Shared/micah/Documents/TNN/TNN/Research/R33_NATIVE_N17_R27_CONTINUITY/FINAL_B_20260915_1409/N17_REFRESH/logs/project_candidates.stderr	0	e3b0c44298fc1c149afbf4c8996fb92427ae41e4649b934ca495991b7852b855
FILE	/Users/Shared/micah/Documents/TNN/TNN/Research/R33_NATIVE_N17_R27_CONTINUITY/FINAL_B_20260915_1409/N17_REFRESH/logs/archive_21.stdout	270	0122181527b2171c85ef81069915b2a2d568137cf188d2a44c4af61bc7a04713
FILE	/Users/Shared/micah/Documents/TNN/TNN/Research/R33_NATIVE_N17_R27_CONTINUITY/FINAL_B_20260915_1409/N17_REFRESH/logs/expanded_31_27.stderr	0	e3b0c44298fc1c149afbf4c8996fb92427ae41e4649b934ca495991b7852b855
FILE	/Users/Shared/micah/Documents/TNN/TNN/Research/R33_NATIVE_N17_R27_CONTINUITY/FINAL_B_20260915_1409/N17_REFRESH/logs/expanded_46_119.stdout	49683	2c4e872f72df06d2c24488bc257dc0c299c41da3c42f2d8fac0a87953203f9a3
FILE	/Users/Shared/micah/Documents/TNN/TNN/Research/R33_NATIVE_N17_R27_CONTINUITY/FINAL_B_20260915_1409/N17_REFRESH/logs/expanded_75_61.exit	2	9a271f2a916b0b6ee6cecb2426f0b3206ef074578be55d9bc94f6f3fe3ab86aa
FILE	/Users/Shared/micah/Documents/TNN/TNN/Research/R33_NATIVE_N17_R27_CONTINUITY/FINAL_B_20260915_1409/N17_REFRESH/logs/expanded_38_616.exit	2	9a271f2a916b0b6ee6cecb2426f0b3206ef074578be55d9bc94f6f3fe3ab86aa
FILE	/Users/Shared/micah/Documents/TNN/TNN/Research/R33_NATIVE_N17_R27_CONTINUITY/FINAL_B_20260915_1409/N17_REFRESH/logs/project_record_final.stdout	0	e3b0c44298fc1c149afbf4c8996fb92427ae41e4649b934ca495991b7852b855
FILE	/Users/Shared/micah/Documents/TNN/TNN/Research/R33_NATIVE_N17_R27_CONTINUITY/FINAL_B_20260915_1409/N17_REFRESH/logs/receipt_protected.stderr	0	e3b0c44298fc1c149afbf4c8996fb92427ae41e4649b934ca495991b7852b855
FILE	/Users/Shared/micah/Documents/TNN/TNN/Research/R33_NATIVE_N17_R27_CONTINUITY/FINAL_B_20260915_1409/N17_REFRESH/logs/nested_member_4_84.stderr	0	e3b0c44298fc1c149afbf4c8996fb92427ae41e4649b934ca495991b7852b855
FILE	/Users/Shared/micah/Documents/TNN/TNN/Research/R33_NATIVE_N17_R27_CONTINUITY/FINAL_B_20260915_1409/N17_REFRESH/logs/nested_member_7_142.stderr	0	e3b0c44298fc1c149afbf4c8996fb92427ae41e4649b934ca495991b7852b855
FILE	/Users/Shared/micah/Documents/TNN/TNN/Research/R33_NATIVE_N17_R27_CONTINUITY/FINAL_B_20260915_1409/N17_REFRESH/logs/expanded_19_3.exit	2	9a271f2a916b0b6ee6cecb2426f0b3206ef074578be55d9bc94f6f3fe3ab86aa
FILE	/Users/Shared/micah/Documents/TNN/TNN/Research/R33_NATIVE_N17_R27_CONTINUITY/FINAL_B_20260915_1409/N17_REFRESH/logs/expanded_54_45.exit	2	9a271f2a916b0b6ee6cecb2426f0b3206ef074578be55d9bc94f6f3fe3ab86aa
FILE	/Users/Shared/micah/Documents/TNN/TNN/Research/R33_NATIVE_N17_R27_CONTINUITY/FINAL_B_20260915_1409/N17_REFRESH/logs/build_record_corrected.exit	2	9a271f2a916b0b6ee6cecb2426f0b3206ef074578be55d9bc94f6f3fe3ab86aa
FILE	/Users/Shared/micah/Documents/TNN/TNN/Research/R33_NATIVE_N17_R27_CONTINUITY/FINAL_B_20260915_1409/N17_REFRESH/logs/build_r27.argv	355	a1010a2ef56e0976e50c7956f8e4aa16d22e88de4c22b28ef7020baee1d7f671
FILE	/Users/Shared/micah/Documents/TNN/TNN/Research/R33_NATIVE_N17_R27_CONTINUITY/FINAL_B_20260915_1409/N17_REFRESH/logs/member_44_2.argv	173	d5e787050ef3e3e025744fdb7894b3ae20e95cb39ace822e19b0087d81ed1d97
FILE	/Users/Shared/micah/Documents/TNN/TNN/Research/R33_NATIVE_N17_R27_CONTINUITY/FINAL_B_20260915_1409/N17_REFRESH/logs/expanded_44_11.argv	171	65618d763c13f53cc630a0c5d071eb4d9e6fa183af45f0089b6b276f50fc0ac8
FILE	/Users/Shared/micah/Documents/TNN/TNN/Research/R33_NATIVE_N17_R27_CONTINUITY/FINAL_B_20260915_1409/N17_REFRESH/logs/archive_21.argv	100	7aadf73233ca9ab41eb245b5203140ab126fe8ad53b21adfbb06a64f8d380f59
FILE	/Users/Shared/micah/Documents/TNN/TNN/Research/R33_NATIVE_N17_R27_CONTINUITY/FINAL_B_20260915_1409/N17_REFRESH/logs/nested_member_1_89.stdout	16977	6845665b31f0e8acd3fe1301712ceb320a9c3be5a2777be58aeaf7ce805beeab
FILE	/Users/Shared/micah/Documents/TNN/TNN/Research/R33_NATIVE_N17_R27_CONTINUITY/FINAL_B_20260915_1409/N17_REFRESH/logs/supplement_canonical.argv	111	ca2d7a149ba2149d9b6ce6425a3bcc8b7496440f899cafb5cdcc1ae7db048fbd
FILE	/Users/Shared/micah/Documents/TNN/TNN/Research/R33_NATIVE_N17_R27_CONTINUITY/FINAL_B_20260915_1409/N17_REFRESH/logs/expanded_44_625.stderr	0	e3b0c44298fc1c149afbf4c8996fb92427ae41e4649b934ca495991b7852b855
FILE	/Users/Shared/micah/Documents/TNN/TNN/Research/R33_NATIVE_N17_R27_CONTINUITY/FINAL_B_20260915_1409/N17_REFRESH/logs/expanded_17_201.stderr	0	e3b0c44298fc1c149afbf4c8996fb92427ae41e4649b934ca495991b7852b855
FILE	/Users/Shared/micah/Documents/TNN/TNN/Research/R33_NATIVE_N17_R27_CONTINUITY/FINAL_B_20260915_1409/N17_REFRESH/logs/expanded_9_60.stdout	11565	5e0683835087ad7c793e0a725059df9e9fe54bcd65ce8fd96a30d7d2ea204646
FILE	/Users/Shared/micah/Documents/TNN/TNN/Research/R33_NATIVE_N17_R27_CONTINUITY/FINAL_B_20260915_1409/N17_REFRESH/logs/archive_75.exit	2	9a271f2a916b0b6ee6cecb2426f0b3206ef074578be55d9bc94f6f3fe3ab86aa
FILE	/Users/Shared/micah/Documents/TNN/TNN/Research/R33_NATIVE_N17_R27_CONTINUITY/FINAL_B_20260915_1409/N17_REFRESH/logs/nested_member_2_532.stdout	2605	6366bb1a2f9e2e71e8010ccea5b464e95dc0eaeb5d7b9681cd209a41314b830e
FILE	/Users/Shared/micah/Documents/TNN/TNN/Research/R33_NATIVE_N17_R27_CONTINUITY/FINAL_B_20260915_1409/N17_REFRESH/logs/expanded_38_639.argv	163	8988f430e351b117cdeec7bd3a52bad054c113410f9e7b8f2623d0f4a3f47a7e
FILE	/Users/Shared/micah/Documents/TNN/TNN/Research/R33_NATIVE_N17_R27_CONTINUITY/FINAL_B_20260915_1409/N17_REFRESH/logs/member_18_1.argv	127	5af526831da7bc754d134da2389b2605a095a8fd19813f0ceca7cb00a8ea9e92
FILE	/Users/Shared/micah/Documents/TNN/TNN/Research/R33_NATIVE_N17_R27_CONTINUITY/FINAL_B_20260915_1409/N17_REFRESH/logs/expanded_52_125.stderr	0	e3b0c44298fc1c149afbf4c8996fb92427ae41e4649b934ca495991b7852b855
FILE	/Users/Shared/micah/Documents/TNN/TNN/Research/R33_NATIVE_N17_R27_CONTINUITY/FINAL_B_20260915_1409/N17_REFRESH/logs/member_43_0.argv	153	1ee2f3b401a416d79908384ab4832bbfc6d9809ac88196d6f58da5b3958375d7
FILE	/Users/Shared/micah/Documents/TNN/TNN/Research/R33_NATIVE_N17_R27_CONTINUITY/FINAL_B_20260915_1409/N17_REFRESH/logs/member_54_0.exit	2	9a271f2a916b0b6ee6cecb2426f0b3206ef074578be55d9bc94f6f3fe3ab86aa
FILE	/Users/Shared/micah/Documents/TNN/TNN/Research/R33_NATIVE_N17_R27_CONTINUITY/FINAL_B_20260915_1409/N17_REFRESH/logs/expanded_40_29.argv	136	eeb9401fed769748fff46957ffff539411899dc30dca2bdf5ef91dc8057ce2a8
FILE	/Users/Shared/micah/Documents/TNN/TNN/Research/R33_NATIVE_N17_R27_CONTINUITY/FINAL_B_20260915_1409/N17_REFRESH/logs/expanded_40_25.stderr	0	e3b0c44298fc1c149afbf4c8996fb92427ae41e4649b934ca495991b7852b855
FILE	/Users/Shared/micah/Documents/TNN/TNN/Research/R33_NATIVE_N17_R27_CONTINUITY/FINAL_B_20260915_1409/N17_REFRESH/logs/expanded_11_26.argv	141	aada6725a7d40676ff7b73d551d31c136cbf648b37f49790890095a457e89c97
FILE	/Users/Shared/micah/Documents/TNN/TNN/Research/R33_NATIVE_N17_R27_CONTINUITY/FINAL_B_20260915_1409/N17_REFRESH/logs/archive_74.stdout	1451	92d2f09733cc92b44e4a0ca69c6e6892538fe410ca227d44ee91d82f02dc0dd2
FILE	/Users/Shared/micah/Documents/TNN/TNN/Research/R33_NATIVE_N17_R27_CONTINUITY/FINAL_B_20260915_1409/N17_REFRESH/logs/project_independent_admission_tests.exit	2	9a271f2a916b0b6ee6cecb2426f0b3206ef074578be55d9bc94f6f3fe3ab86aa
FILE	/Users/Shared/micah/Documents/TNN/TNN/Research/R33_NATIVE_N17_R27_CONTINUITY/FINAL_B_20260915_1409/N17_REFRESH/logs/nested_member_3_57.exit	2	9a271f2a916b0b6ee6cecb2426f0b3206ef074578be55d9bc94f6f3fe3ab86aa
FILE	/Users/Shared/micah/Documents/TNN/TNN/Research/R33_NATIVE_N17_R27_CONTINUITY/FINAL_B_20260915_1409/N17_REFRESH/logs/build_record_corrected.stdout	237	c0d3749e2ba6d01a8c45f4735d1bd87338f90a751d0cb4b6dc240ad961c466d5
FILE	/Users/Shared/micah/Documents/TNN/TNN/Research/R33_NATIVE_N17_R27_CONTINUITY/FINAL_B_20260915_1409/N17_REFRESH/logs/expanded_5_33.stdout	2991	f1bc6436c1c2cc450a4f5f41c58f38c71f380482655f99f5d5ebd3c90a070acc
FILE	/Users/Shared/micah/Documents/TNN/TNN/Research/R33_NATIVE_N17_R27_CONTINUITY/FINAL_B_20260915_1409/N17_REFRESH/logs/expanded_47_42.stderr	0	e3b0c44298fc1c149afbf4c8996fb92427ae41e4649b934ca495991b7852b855
FILE	/Users/Shared/micah/Documents/TNN/TNN/Research/R33_NATIVE_N17_R27_CONTINUITY/FINAL_B_20260915_1409/N17_REFRESH/logs/build_repaired_exact_source_gate.stderr	0	e3b0c44298fc1c149afbf4c8996fb92427ae41e4649b934ca495991b7852b855
FILE	/Users/Shared/micah/Documents/TNN/TNN/Research/R33_NATIVE_N17_R27_CONTINUITY/FINAL_B_20260915_1409/N17_REFRESH/logs/expanded_5_91.stderr	0	e3b0c44298fc1c149afbf4c8996fb92427ae41e4649b934ca495991b7852b855
FILE	/Users/Shared/micah/Documents/TNN/TNN/Research/R33_NATIVE_N17_R27_CONTINUITY/FINAL_B_20260915_1409/N17_REFRESH/logs/expanded_44_875.argv	165	4b8d5af6d24995b651b0e6242275bb5f75551f91687946a7431ea066b47eb7f7
FILE	/Users/Shared/micah/Documents/TNN/TNN/Research/R33_NATIVE_N17_R27_CONTINUITY/FINAL_B_20260915_1409/N17_REFRESH/logs/expanded_52_116.argv	140	d6eee18662839eb3b25fb0d1795dc2d085db152c9fae29fd7674c0c640aef5be
FILE	/Users/Shared/micah/Documents/TNN/TNN/Research/R33_NATIVE_N17_R27_CONTINUITY/FINAL_B_20260915_1409/N17_REFRESH/logs/expanded_10_27.stderr	0	e3b0c44298fc1c149afbf4c8996fb92427ae41e4649b934ca495991b7852b855
FILE	/Users/Shared/micah/Documents/TNN/TNN/Research/R33_NATIVE_N17_R27_CONTINUITY/FINAL_B_20260915_1409/N17_REFRESH/logs/build_rows.stdout	227	64b084476aa5b56795cd5cb7bc9b51509726e3ae62915b44d9183d293fc371b6
FILE	/Users/Shared/micah/Documents/TNN/TNN/Research/R33_NATIVE_N17_R27_CONTINUITY/FINAL_B_20260915_1409/N17_REFRESH/logs/expanded_4_23.stderr	0	e3b0c44298fc1c149afbf4c8996fb92427ae41e4649b934ca495991b7852b855
FILE	/Users/Shared/micah/Documents/TNN/TNN/Research/R33_NATIVE_N17_R27_CONTINUITY/FINAL_B_20260915_1409/N17_REFRESH/logs/archive_76.argv	77	d6389140fb9f70452bf4286978a1e1b0b1209bfa6aeabceb48c2a630fd126fed
FILE	/Users/Shared/micah/Documents/TNN/TNN/Research/R33_NATIVE_N17_R27_CONTINUITY/FINAL_B_20260915_1409/N17_REFRESH/logs/expanded_17_218.argv	128	3c7384ec6d6ed1b6cd87c8aeeabc5356f9fbccd836c2dde78aa19e4c055f61bc
FILE	/Users/Shared/micah/Documents/TNN/TNN/Research/R33_NATIVE_N17_R27_CONTINUITY/FINAL_B_20260915_1409/N17_REFRESH/logs/expanded_38_639.stdout	5105	37ff5c54783afc4edb1c5a2095e9c9753c96d944cb790e88bcc1e3edf3a34eec
FILE	/Users/Shared/micah/Documents/TNN/TNN/Research/R33_NATIVE_N17_R27_CONTINUITY/FINAL_B_20260915_1409/N17_REFRESH/logs/expanded_54_37.stderr	0	e3b0c44298fc1c149afbf4c8996fb92427ae41e4649b934ca495991b7852b855
FILE	/Users/Shared/micah/Documents/TNN/TNN/Research/R33_NATIVE_N17_R27_CONTINUITY/FINAL_B_20260915_1409/N17_REFRESH/logs/nested_member_6_417.stdout	54852	ce48ccc8bacfc9e3f211428c7e4a42055370515f4f8469c6256ca82a6acb84b8
FILE	/Users/Shared/micah/Documents/TNN/TNN/Research/R33_NATIVE_N17_R27_CONTINUITY/FINAL_B_20260915_1409/N17_REFRESH/logs/archive_22.exit	2	9a271f2a916b0b6ee6cecb2426f0b3206ef074578be55d9bc94f6f3fe3ab86aa
FILE	/Users/Shared/micah/Documents/TNN/TNN/Research/R33_NATIVE_N17_R27_CONTINUITY/FINAL_B_20260915_1409/N17_REFRESH/logs/archive_17.stdout	14611	bc5b314c9fc5262395e40a93a1df3e1517d87c8f4a7c45462486c13de75fc67f
FILE	/Users/Shared/micah/Documents/TNN/TNN/Research/R33_NATIVE_N17_R27_CONTINUITY/FINAL_B_20260915_1409/N17_REFRESH/logs/expanded_52_115.exit	2	9a271f2a916b0b6ee6cecb2426f0b3206ef074578be55d9bc94f6f3fe3ab86aa
FILE	/Users/Shared/micah/Documents/TNN/TNN/Research/R33_NATIVE_N17_R27_CONTINUITY/FINAL_B_20260915_1409/N17_REFRESH/logs/expanded_19_220.argv	124	7b5c78c2d6b5c9a169d7a0a7b521d1fbb309f85bbb6af8d7a1264945ded2fda5
FILE	/Users/Shared/micah/Documents/TNN/TNN/Research/R33_NATIVE_N17_R27_CONTINUITY/FINAL_B_20260915_1409/N17_REFRESH/logs/nested_member_2_532.argv	190	d1faf0ba887fb0dffd97ce74b9bc478874c2eb661a61301eee0135898f1a8a0d
FILE	/Users/Shared/micah/Documents/TNN/TNN/Research/R33_NATIVE_N17_R27_CONTINUITY/FINAL_B_20260915_1409/N17_REFRESH/logs/expanded_46_128.argv	138	5e2e00dea2513bf746761fcc7c4d6d81ba5e72e125babb0825e6b479725bbdf6
FILE	/Users/Shared/micah/Documents/TNN/TNN/Research/R33_NATIVE_N17_R27_CONTINUITY/FINAL_B_20260915_1409/N17_REFRESH/logs/nested_member_8_528.argv	194	cad27e5b30e3578a5a082f21a282e6e62aa485b74c39f9c31790abc341fd5ce7
FILE	/Users/Shared/micah/Documents/TNN/TNN/Research/R33_NATIVE_N17_R27_CONTINUITY/FINAL_B_20260915_1409/N17_REFRESH/logs/nested_member_3_77.stdout	7799	e952dee89424ab8dfe48401114bbb3c87da38771f8f64316c9c8e22748ceb70f
FILE	/Users/Shared/micah/Documents/TNN/TNN/Research/R33_NATIVE_N17_R27_CONTINUITY/FINAL_B_20260915_1409/N17_REFRESH/logs/expanded_11_29.stdout	6303	7b40d618ad060f43537f21f8fafc5fdcab522bb647fb6044608e28173a32234e
FILE	/Users/Shared/micah/Documents/TNN/TNN/Research/R33_NATIVE_N17_R27_CONTINUITY/FINAL_B_20260915_1409/N17_REFRESH/logs/source_gate_missing.stderr	0	e3b0c44298fc1c149afbf4c8996fb92427ae41e4649b934ca495991b7852b855
FILE	/Users/Shared/micah/Documents/TNN/TNN/Research/R33_NATIVE_N17_R27_CONTINUITY/FINAL_B_20260915_1409/N17_REFRESH/logs/nested_member_7_530.stdout	1828	cfc64c92be46734a526647332c0ea9d4c2114cf1a4e79803e28fea9419df3b53
FILE	/Users/Shared/micah/Documents/TNN/TNN/Research/R33_NATIVE_N17_R27_CONTINUITY/FINAL_B_20260915_1409/N17_REFRESH/logs/expanded_38_644.stdout	841	3f6af1d6790886f0e74cadecd89fdf023fa8f90e04de26bb64effcea439884cc
FILE	/Users/Shared/micah/Documents/TNN/TNN/Research/R33_NATIVE_N17_R27_CONTINUITY/FINAL_B_20260915_1409/N17_REFRESH/logs/expanded_44_646.stderr	0	e3b0c44298fc1c149afbf4c8996fb92427ae41e4649b934ca495991b7852b855
FILE	/Users/Shared/micah/Documents/TNN/TNN/Research/R33_NATIVE_N17_R27_CONTINUITY/FINAL_B_20260915_1409/N17_REFRESH/logs/receipt_canonical.stderr	0	e3b0c44298fc1c149afbf4c8996fb92427ae41e4649b934ca495991b7852b855
FILE	/Users/Shared/micah/Documents/TNN/TNN/Research/R33_NATIVE_N17_R27_CONTINUITY/FINAL_B_20260915_1409/N17_REFRESH/logs/expanded_55_39.stdout	12533	eb1fe5e753df8cfe27ce5f89cafa43c44d4de2dd619e1754bb9a478f8f8a4a81
FILE	/Users/Shared/micah/Documents/TNN/TNN/Research/R33_NATIVE_N17_R27_CONTINUITY/FINAL_B_20260915_1409/N17_REFRESH/logs/expanded_44_746.stderr	0	e3b0c44298fc1c149afbf4c8996fb92427ae41e4649b934ca495991b7852b855
FILE	/Users/Shared/micah/Documents/TNN/TNN/Research/R33_NATIVE_N17_R27_CONTINUITY/FINAL_B_20260915_1409/N17_REFRESH/logs/expanded_11_25.exit	2	9a271f2a916b0b6ee6cecb2426f0b3206ef074578be55d9bc94f6f3fe3ab86aa
FILE	/Users/Shared/micah/Documents/TNN/TNN/Research/R33_NATIVE_N17_R27_CONTINUITY/FINAL_B_20260915_1409/N17_REFRESH/logs/nested_member_2_136.exit	2	9a271f2a916b0b6ee6cecb2426f0b3206ef074578be55d9bc94f6f3fe3ab86aa
FILE	/Users/Shared/micah/Documents/TNN/TNN/Research/R33_NATIVE_N17_R27_CONTINUITY/FINAL_B_20260915_1409/N17_REFRESH/logs/receipt_compiler.argv	52	0dc425a8d3899761f466b0a74ceecd6cd64bf8c7f71a7efbf0225c98a2fb24b4
FILE	/Users/Shared/micah/Documents/TNN/TNN/Research/R33_NATIVE_N17_R27_CONTINUITY/FINAL_B_20260915_1409/N17_REFRESH/logs/member_18_0.stdout	88	2f02f5a3ccdeb93f11ec2fa94e81c579b7d097c837e4ddb6ba15d179eb2f3c44
FILE	/Users/Shared/micah/Documents/TNN/TNN/Research/R33_NATIVE_N17_R27_CONTINUITY/FINAL_B_20260915_1409/N17_REFRESH/logs/expanded_55_48.stdout	1482	f641633296b739dcc798d424dc27be36b3955d4fcfc1dad942f9a30a4b3df51f
FILE	/Users/Shared/micah/Documents/TNN/TNN/Research/R33_NATIVE_N17_R27_CONTINUITY/FINAL_B_20260915_1409/N17_REFRESH/logs/expanded_17_213.stderr	0	e3b0c44298fc1c149afbf4c8996fb92427ae41e4649b934ca495991b7852b855
FILE	/Users/Shared/micah/Documents/TNN/TNN/Research/R33_NATIVE_N17_R27_CONTINUITY/FINAL_B_20260915_1409/N17_REFRESH/logs/expanded_9_72.stdout	4407	470c4f463b9d69238bc8abde1c33b37f7860bd31b8c88dc57c7773267d43faf4
FILE	/Users/Shared/micah/Documents/TNN/TNN/Research/R33_NATIVE_N17_R27_CONTINUITY/FINAL_B_20260915_1409/N17_REFRESH/logs/nested_member_6_417.exit	2	9a271f2a916b0b6ee6cecb2426f0b3206ef074578be55d9bc94f6f3fe3ab86aa
FILE	/Users/Shared/micah/Documents/TNN/TNN/Research/R33_NATIVE_N17_R27_CONTINUITY/FINAL_B_20260915_1409/N17_REFRESH/logs/archive_60.argv	190	3031b6d69e618037f3371542aa31e8f6afddc36a3e3d780f124f152024179715
FILE	/Users/Shared/micah/Documents/TNN/TNN/Research/R33_NATIVE_N17_R27_CONTINUITY/FINAL_B_20260915_1409/N17_REFRESH/logs/build_primitives.stderr	0	e3b0c44298fc1c149afbf4c8996fb92427ae41e4649b934ca495991b7852b855
FILE	/Users/Shared/micah/Documents/TNN/TNN/Research/R33_NATIVE_N17_R27_CONTINUITY/FINAL_B_20260915_1409/N17_REFRESH/logs/receipt_compiler.stdout	104	81bf1d5c8435602e16d62234b8742b191754b26e15719b3b1d1d5a6a808abc02
FILE	/Users/Shared/micah/Documents/TNN/TNN/Research/R33_NATIVE_N17_R27_CONTINUITY/FINAL_B_20260915_1409/N17_REFRESH/logs/expanded_30_17.exit	2	9a271f2a916b0b6ee6cecb2426f0b3206ef074578be55d9bc94f6f3fe3ab86aa
FILE	/Users/Shared/micah/Documents/TNN/TNN/Research/R33_NATIVE_N17_R27_CONTINUITY/FINAL_B_20260915_1409/N17_REFRESH/logs/nested_member_8_213.exit	2	9a271f2a916b0b6ee6cecb2426f0b3206ef074578be55d9bc94f6f3fe3ab86aa
FILE	/Users/Shared/micah/Documents/TNN/TNN/Research/R33_NATIVE_N17_R27_CONTINUITY/FINAL_B_20260915_1409/N17_REFRESH/logs/nested_member_8_528.stdout	3682	b952525737a7e06a3565f11b6417b41f81beefd0294f809afb6bdef1713045d1
FILE	/Users/Shared/micah/Documents/TNN/TNN/Research/R33_NATIVE_N17_R27_CONTINUITY/FINAL_B_20260915_1409/N17_REFRESH/logs/nested_member_7_417.exit	2	9a271f2a916b0b6ee6cecb2426f0b3206ef074578be55d9bc94f6f3fe3ab86aa
FILE	/Users/Shared/micah/Documents/TNN/TNN/Research/R33_NATIVE_N17_R27_CONTINUITY/FINAL_B_20260915_1409/N17_REFRESH/logs/expanded_38_635.stdout	9021	2f910442ae8fdc6777a470f533f3198d191363ffbf54b2c88a126cfaa7bba78e
FILE	/Users/Shared/micah/Documents/TNN/TNN/Research/R33_NATIVE_N17_R27_CONTINUITY/FINAL_B_20260915_1409/N17_REFRESH/logs/member_19_0.stdout	1149955	be943522196e2d13aaa254aed8c4245a3dc99afee567b42d99dca6308d9df06f
FILE	/Users/Shared/micah/Documents/TNN/TNN/Research/R33_NATIVE_N17_R27_CONTINUITY/FINAL_B_20260915_1409/N17_REFRESH/logs/expanded_44_637.stderr	0	e3b0c44298fc1c149afbf4c8996fb92427ae41e4649b934ca495991b7852b855
FILE	/Users/Shared/micah/Documents/TNN/TNN/Research/R33_NATIVE_N17_R27_CONTINUITY/FINAL_B_20260915_1409/N17_REFRESH/logs/expanded_19_220.stderr	0	e3b0c44298fc1c149afbf4c8996fb92427ae41e4649b934ca495991b7852b855
FILE	/Users/Shared/micah/Documents/TNN/TNN/Research/R33_NATIVE_N17_R27_CONTINUITY/FINAL_B_20260915_1409/N17_REFRESH/logs/nested_list_5.stderr	0	e3b0c44298fc1c149afbf4c8996fb92427ae41e4649b934ca495991b7852b855
FILE	/Users/Shared/micah/Documents/TNN/TNN/Research/R33_NATIVE_N17_R27_CONTINUITY/FINAL_B_20260915_1409/N17_REFRESH/logs/expanded_41_11.exit	2	9a271f2a916b0b6ee6cecb2426f0b3206ef074578be55d9bc94f6f3fe3ab86aa
FILE	/Users/Shared/micah/Documents/TNN/TNN/Research/R33_NATIVE_N17_R27_CONTINUITY/FINAL_B_20260915_1409/N17_REFRESH/logs/archive_34.exit	2	9a271f2a916b0b6ee6cecb2426f0b3206ef074578be55d9bc94f6f3fe3ab86aa
FILE	/Users/Shared/micah/Documents/TNN/TNN/Research/R33_NATIVE_N17_R27_CONTINUITY/FINAL_B_20260915_1409/N17_REFRESH/logs/member_46_0.exit	2	9a271f2a916b0b6ee6cecb2426f0b3206ef074578be55d9bc94f6f3fe3ab86aa
FILE	/Users/Shared/micah/Documents/TNN/TNN/Research/R33_NATIVE_N17_R27_CONTINUITY/FINAL_B_20260915_1409/N17_REFRESH/logs/expanded_33_22.stdout	4623	b93b3f29fb628cf3281651ac8e26c5380efaf4e9fa979f6d2c8fdb59631e4ae7
FILE	/Users/Shared/micah/Documents/TNN/TNN/Research/R33_NATIVE_N17_R27_CONTINUITY/FINAL_B_20260915_1409/N17_REFRESH/logs/expanded_9_60.exit	2	9a271f2a916b0b6ee6cecb2426f0b3206ef074578be55d9bc94f6f3fe3ab86aa
FILE	/Users/Shared/micah/Documents/TNN/TNN/Research/R33_NATIVE_N17_R27_CONTINUITY/FINAL_B_20260915_1409/N17_REFRESH/logs/nested_member_7_102.exit	2	9a271f2a916b0b6ee6cecb2426f0b3206ef074578be55d9bc94f6f3fe3ab86aa
FILE	/Users/Shared/micah/Documents/TNN/TNN/Research/R33_NATIVE_N17_R27_CONTINUITY/FINAL_B_20260915_1409/N17_REFRESH/logs/expanded_46_123.stdout	49396	202cff2b26a2c260924b35dc4280aa6b185f9b8dd153ab5a467c721cc7ae0253
FILE	/Users/Shared/micah/Documents/TNN/TNN/Research/R33_NATIVE_N17_R27_CONTINUITY/FINAL_B_20260915_1409/N17_REFRESH/logs/nested_member_6_102.exit	2	9a271f2a916b0b6ee6cecb2426f0b3206ef074578be55d9bc94f6f3fe3ab86aa
FILE	/Users/Shared/micah/Documents/TNN/TNN/Research/R33_NATIVE_N17_R27_CONTINUITY/FINAL_B_20260915_1409/N17_REFRESH/logs/archive_66.stdout	0	e3b0c44298fc1c149afbf4c8996fb92427ae41e4649b934ca495991b7852b855
FILE	/Users/Shared/micah/Documents/TNN/TNN/Research/R33_NATIVE_N17_R27_CONTINUITY/FINAL_B_20260915_1409/N17_REFRESH/logs/archive_0.stderr	0	e3b0c44298fc1c149afbf4c8996fb92427ae41e4649b934ca495991b7852b855
FILE	/Users/Shared/micah/Documents/TNN/TNN/Research/R33_NATIVE_N17_R27_CONTINUITY/FINAL_B_20260915_1409/N17_REFRESH/logs/expanded_38_648.stdout	23876	a864d846b82c9e2f35b4aa9f4f05b54dbaa5adfb665dd90de1ee9896de33fee5
FILE	/Users/Shared/micah/Documents/TNN/TNN/Research/R33_NATIVE_N17_R27_CONTINUITY/FINAL_B_20260915_1409/N17_REFRESH/logs/expanded_52_103.exit	2	9a271f2a916b0b6ee6cecb2426f0b3206ef074578be55d9bc94f6f3fe3ab86aa
FILE	/Users/Shared/micah/Documents/TNN/TNN/Research/R33_NATIVE_N17_R27_CONTINUITY/FINAL_B_20260915_1409/N17_REFRESH/logs/expanded_11_25.stdout	3129	2503e82e12445cfd73809d7a3cecf840ff65601011ec3c449bdf45a68ac354fc
FILE	/Users/Shared/micah/Documents/TNN/TNN/Research/R33_NATIVE_N17_R27_CONTINUITY/FINAL_B_20260915_1409/N17_REFRESH/logs/expanded_11_33.exit	2	9a271f2a916b0b6ee6cecb2426f0b3206ef074578be55d9bc94f6f3fe3ab86aa
FILE	/Users/Shared/micah/Documents/TNN/TNN/Research/R33_NATIVE_N17_R27_CONTINUITY/FINAL_B_20260915_1409/N17_REFRESH/logs/expanded_74_22.argv	132	dbceb220586bd76d11829128a5150ed8300a12f9de006c24c7216453b6cc0e2d
FILE	/Users/Shared/micah/Documents/TNN/TNN/Research/R33_NATIVE_N17_R27_CONTINUITY/FINAL_B_20260915_1409/N17_REFRESH/logs/nested_member_3_120.exit	2	9a271f2a916b0b6ee6cecb2426f0b3206ef074578be55d9bc94f6f3fe3ab86aa
FILE	/Users/Shared/micah/Documents/TNN/TNN/Research/R33_NATIVE_N17_R27_CONTINUITY/FINAL_B_20260915_1409/N17_REFRESH/logs/policy_final.stderr	0	e3b0c44298fc1c149afbf4c8996fb92427ae41e4649b934ca495991b7852b855
FILE	/Users/Shared/micah/Documents/TNN/TNN/Research/R33_NATIVE_N17_R27_CONTINUITY/FINAL_B_20260915_1409/N17_REFRESH/logs/nested_member_3_120.stderr	0	e3b0c44298fc1c149afbf4c8996fb92427ae41e4649b934ca495991b7852b855
FILE	/Users/Shared/micah/Documents/TNN/TNN/Research/R33_NATIVE_N17_R27_CONTINUITY/FINAL_B_20260915_1409/N17_REFRESH/logs/expanded_55_51.argv	201	2903ec99d76fbd379488d156baef76bf366a944b04ff377e4c0d386054b03d5b
FILE	/Users/Shared/micah/Documents/TNN/TNN/Research/R33_NATIVE_N17_R27_CONTINUITY/FINAL_B_20260915_1409/N17_REFRESH/logs/large_archive_4.argv	101	68747e52a9614f7e6b9ff7560b184b5af76bd6d47dde1960b629c8ecc10123af
FILE	/Users/Shared/micah/Documents/TNN/TNN/Research/R33_NATIVE_N17_R27_CONTINUITY/FINAL_B_20260915_1409/N17_REFRESH/logs/expanded_44_619.argv	169	a0b2d8669d6923b92d4df0e25861805628fa0659558f4b2eeb5712b701f098a9
FILE	/Users/Shared/micah/Documents/TNN/TNN/Research/R33_NATIVE_N17_R27_CONTINUITY/FINAL_B_20260915_1409/N17_REFRESH/logs/archive_37.argv	97	5fee405e7ca44a4e262545ac229c25c8e515216304ed4cc37cd814622d6b0109
FILE	/Users/Shared/micah/Documents/TNN/TNN/Research/R33_NATIVE_N17_R27_CONTINUITY/FINAL_B_20260915_1409/N17_REFRESH/logs/expanded_47_33.stderr	0	e3b0c44298fc1c149afbf4c8996fb92427ae41e4649b934ca495991b7852b855
FILE	/Users/Shared/micah/Documents/TNN/TNN/Research/R33_NATIVE_N17_R27_CONTINUITY/FINAL_B_20260915_1409/N17_REFRESH/logs/project_r27.stderr	0	e3b0c44298fc1c149afbf4c8996fb92427ae41e4649b934ca495991b7852b855
FILE	/Users/Shared/micah/Documents/TNN/TNN/Research/R33_NATIVE_N17_R27_CONTINUITY/FINAL_B_20260915_1409/N17_REFRESH/logs/expanded_75_58.argv	153	af7669735a60c7d55af8fc1a6ff8ea40339dd2abd2c545ea5528f8c0889058da
FILE	/Users/Shared/micah/Documents/TNN/TNN/Research/R33_NATIVE_N17_R27_CONTINUITY/FINAL_B_20260915_1409/N17_REFRESH/logs/build_rows.argv	357	cc7807f558c778e72f53fa755fff4a6de01491a5a959f43b48e737401a5c99ef
FILE	/Users/Shared/micah/Documents/TNN/TNN/Research/R33_NATIVE_N17_R27_CONTINUITY/FINAL_B_20260915_1409/N17_REFRESH/logs/archive_63.exit	2	4355a46b19d348dc2f57c046f8ef63d4538ebb936000f3c9ee954a27460dd865
FILE	/Users/Shared/micah/Documents/TNN/TNN/Research/R33_NATIVE_N17_R27_CONTINUITY/FINAL_B_20260915_1409/N17_REFRESH/logs/nested_member_8_536.stdout	2496	12314831b4fff054076d105dbe7c2f8dca52c45c1e98f92864548e19280ac47f
FILE	/Users/Shared/micah/Documents/TNN/TNN/Research/R33_NATIVE_N17_R27_CONTINUITY/FINAL_B_20260915_1409/N17_REFRESH/logs/expanded_44_629.stderr	0	e3b0c44298fc1c149afbf4c8996fb92427ae41e4649b934ca495991b7852b855
FILE	/Users/Shared/micah/Documents/TNN/TNN/Research/R33_NATIVE_N17_R27_CONTINUITY/FINAL_B_20260915_1409/N17_REFRESH/logs/project_r27.exit	2	9a271f2a916b0b6ee6cecb2426f0b3206ef074578be55d9bc94f6f3fe3ab86aa
FILE	/Users/Shared/micah/Documents/TNN/TNN/Research/R33_NATIVE_N17_R27_CONTINUITY/FINAL_B_20260915_1409/N17_REFRESH/logs/nested_member_5_84.argv	209	2666e063cf37d5843b0e0d3fef4ceb66ed0ef500dd3d7adb73592d36e7346fae
FILE	/Users/Shared/micah/Documents/TNN/TNN/Research/R33_NATIVE_N17_R27_CONTINUITY/FINAL_B_20260915_1409/N17_REFRESH/logs/nested_member_3_123.argv	210	63fc8e96a2ecd70f528b123bb07e6a3406a3b6cd85044e0ea318932a417478f5
FILE	/Users/Shared/micah/Documents/TNN/TNN/Research/R33_NATIVE_N17_R27_CONTINUITY/FINAL_B_20260915_1409/N17_REFRESH/logs/expanded_11_30.argv	138	c4d9d4c444ae21cb31d6a49afb48f5e8cf893a63d1e08994ea034948be9de94b
FILE	/Users/Shared/micah/Documents/TNN/TNN/Research/R33_NATIVE_N17_R27_CONTINUITY/FINAL_B_20260915_1409/N17_REFRESH/logs/nested_member_8_139.argv	199	dd3fcba5630860cd39d1ef6eec9212a079fa72715b3345d3bdbec841f32920b4
FILE	/Users/Shared/micah/Documents/TNN/TNN/Research/R33_NATIVE_N17_R27_CONTINUITY/FINAL_B_20260915_1409/N17_REFRESH/logs/archive_78.stdout	551	464e006248eb4f280317c763599098be29245d52e8052702e11708af4745e19e
FILE	/Users/Shared/micah/Documents/TNN/TNN/Research/R33_NATIVE_N17_R27_CONTINUITY/FINAL_B_20260915_1409/N17_REFRESH/logs/nested_member_1_118.stdout	42833	40e24989bb017dd0bde677d5256357f320aa61a65226a4bc961b8e6f8731d908
FILE	/Users/Shared/micah/Documents/TNN/TNN/Research/R33_NATIVE_N17_R27_CONTINUITY/FINAL_B_20260915_1409/N17_REFRESH/logs/build_memo.exit	2	9a271f2a916b0b6ee6cecb2426f0b3206ef074578be55d9bc94f6f3fe3ab86aa
FILE	/Users/Shared/micah/Documents/TNN/TNN/Research/R33_NATIVE_N17_R27_CONTINUITY/FINAL_B_20260915_1409/N17_REFRESH/logs/build_r27.stdout	226	ca711df9698d33c7edca29686b51c2b7efd67b43b9c87aba1add4f690d77529b
FILE	/Users/Shared/micah/Documents/TNN/TNN/Research/R33_NATIVE_N17_R27_CONTINUITY/FINAL_B_20260915_1409/N17_REFRESH/logs/nested_member_2_527.exit	2	9a271f2a916b0b6ee6cecb2426f0b3206ef074578be55d9bc94f6f3fe3ab86aa
FILE	/Users/Shared/micah/Documents/TNN/TNN/Research/R33_NATIVE_N17_R27_CONTINUITY/FINAL_B_20260915_1409/N17_REFRESH/logs/expanded_38_656.stdout	14375	79627b43acd8b4bed901a7dfa3e831ce913d6371243579b14aec534418f8a9a1
FILE	/Users/Shared/micah/Documents/TNN/TNN/Research/R33_NATIVE_N17_R27_CONTINUITY/FINAL_B_20260915_1409/N17_REFRESH/logs/expanded_44_654.stderr	0	e3b0c44298fc1c149afbf4c8996fb92427ae41e4649b934ca495991b7852b855
FILE	/Users/Shared/micah/Documents/TNN/TNN/Research/R33_NATIVE_N17_R27_CONTINUITY/FINAL_B_20260915_1409/N17_REFRESH/logs/expanded_40_29.stderr	0	e3b0c44298fc1c149afbf4c8996fb92427ae41e4649b934ca495991b7852b855
FILE	/Users/Shared/micah/Documents/TNN/TNN/Research/R33_NATIVE_N17_R27_CONTINUITY/FINAL_B_20260915_1409/N17_REFRESH/logs/member_17_3.stderr	0	e3b0c44298fc1c149afbf4c8996fb92427ae41e4649b934ca495991b7852b855
FILE	/Users/Shared/micah/Documents/TNN/TNN/Research/R33_NATIVE_N17_R27_CONTINUITY/FINAL_B_20260915_1409/N17_REFRESH/logs/nested_member_2_536.stderr	0	e3b0c44298fc1c149afbf4c8996fb92427ae41e4649b934ca495991b7852b855
FILE	/Users/Shared/micah/Documents/TNN/TNN/Research/R33_NATIVE_N17_R27_CONTINUITY/FINAL_B_20260915_1409/N17_REFRESH/logs/project_classifier.exit	2	9a271f2a916b0b6ee6cecb2426f0b3206ef074578be55d9bc94f6f3fe3ab86aa
FILE	/Users/Shared/micah/Documents/TNN/TNN/Research/R33_NATIVE_N17_R27_CONTINUITY/FINAL_B_20260915_1409/N17_REFRESH/logs/nested_member_3_128.stdout	3604	a2fc8b94be50d45491c3babf1bbaac76894c9f252de0cd7022d7fcce5525789c
FILE	/Users/Shared/micah/Documents/TNN/TNN/Research/R33_NATIVE_N17_R27_CONTINUITY/FINAL_B_20260915_1409/N17_REFRESH/logs/expanded_52_121.stdout	9233	5cca1ea80075d869b21a4eeb69c743212d81be0b91c5e2f39a1e67a65188a873
FILE	/Users/Shared/micah/Documents/TNN/TNN/Research/R33_NATIVE_N17_R27_CONTINUITY/FINAL_B_20260915_1409/N17_REFRESH/logs/expanded_44_621.stdout	5193	7a2cb78f14f013fd35dab15738844ee8bc8950c1f9c760e59d4d6060f40f6d3d
FILE	/Users/Shared/micah/Documents/TNN/TNN/Research/R33_NATIVE_N17_R27_CONTINUITY/FINAL_B_20260915_1409/N17_REFRESH/logs/expanded_38_623.stderr	0	e3b0c44298fc1c149afbf4c8996fb92427ae41e4649b934ca495991b7852b855
FILE	/Users/Shared/micah/Documents/TNN/TNN/Research/R33_NATIVE_N17_R27_CONTINUITY/FINAL_B_20260915_1409/N17_REFRESH/logs/project_bounded_allocator_tests.argv	640	e9b8b4b223cc1816b709f33d16fa14db416476807673343edf1894211d0fb313
FILE	/Users/Shared/micah/Documents/TNN/TNN/Research/R33_NATIVE_N17_R27_CONTINUITY/FINAL_B_20260915_1409/N17_REFRESH/logs/expanded_33_27.exit	2	9a271f2a916b0b6ee6cecb2426f0b3206ef074578be55d9bc94f6f3fe3ab86aa
FILE	/Users/Shared/micah/Documents/TNN/TNN/Research/R33_NATIVE_N17_R27_CONTINUITY/FINAL_B_20260915_1409/N17_REFRESH/logs/expanded_17_205.stdout	43896	9390a2bfd21ced78313420a9792436631cd4401e02ff240ff19f32af0c3b2c5d
FILE	/Users/Shared/micah/Documents/TNN/TNN/Research/R33_NATIVE_N17_R27_CONTINUITY/FINAL_B_20260915_1409/N17_REFRESH/logs/nested_member_1_109.exit	2	9a271f2a916b0b6ee6cecb2426f0b3206ef074578be55d9bc94f6f3fe3ab86aa
FILE	/Users/Shared/micah/Documents/TNN/TNN/Research/R33_NATIVE_N17_R27_CONTINUITY/FINAL_B_20260915_1409/N17_REFRESH/logs/expanded_19_216.argv	121	864588556c5c36e7d5a43501247b7f660c5e324b75143ea8f42322a2cb0424d1
FILE	/Users/Shared/micah/Documents/TNN/TNN/Research/R33_NATIVE_N17_R27_CONTINUITY/FINAL_B_20260915_1409/N17_REFRESH/logs/expanded_52_123.exit	2	9a271f2a916b0b6ee6cecb2426f0b3206ef074578be55d9bc94f6f3fe3ab86aa
FILE	/Users/Shared/micah/Documents/TNN/TNN/Research/R33_NATIVE_N17_R27_CONTINUITY/FINAL_B_20260915_1409/N17_REFRESH/logs/nested_member_3_36.exit	2	9a271f2a916b0b6ee6cecb2426f0b3206ef074578be55d9bc94f6f3fe3ab86aa
FILE	/Users/Shared/micah/Documents/TNN/TNN/Research/R33_NATIVE_N17_R27_CONTINUITY/FINAL_B_20260915_1409/N17_REFRESH/logs/archive_14.exit	2	9a271f2a916b0b6ee6cecb2426f0b3206ef074578be55d9bc94f6f3fe3ab86aa
FILE	/Users/Shared/micah/Documents/TNN/TNN/Research/R33_NATIVE_N17_R27_CONTINUITY/FINAL_B_20260915_1409/N17_REFRESH/logs/expanded_27_5.stdout	1234	83639feebbe33d008b7b7ab0bf4e89457ee2c342fcb3353fb13e9587fa80af5b
FILE	/Users/Shared/micah/Documents/TNN/TNN/Research/R33_NATIVE_N17_R27_CONTINUITY/FINAL_B_20260915_1409/N17_REFRESH/logs/expanded_11_33.stderr	0	e3b0c44298fc1c149afbf4c8996fb92427ae41e4649b934ca495991b7852b855
FILE	/Users/Shared/micah/Documents/TNN/TNN/Research/R33_NATIVE_N17_R27_CONTINUITY/FINAL_B_20260915_1409/N17_REFRESH/logs/archive_40.argv	87	addecc896ba9b4d932d57d14b10816213eb4974b6675605ae6d5d6da231ee017
FILE	/Users/Shared/micah/Documents/TNN/TNN/Research/R33_NATIVE_N17_R27_CONTINUITY/FINAL_B_20260915_1409/N17_REFRESH/logs/expanded_18_45.stdout	3069	2f08c92eb74ef3d38d88732b35816a0d328e67e32017658546ae9a35e602a526
FILE	/Users/Shared/micah/Documents/TNN/TNN/Research/R33_NATIVE_N17_R27_CONTINUITY/FINAL_B_20260915_1409/N17_REFRESH/logs/nested_member_1_52.stdout	2357	e11ae7a1cf6efc135edbb1ff8cab49bca5ecbae576abbadba49cfdf5a6fa302f
FILE	/Users/Shared/micah/Documents/TNN/TNN/Research/R33_NATIVE_N17_R27_CONTINUITY/FINAL_B_20260915_1409/N17_REFRESH/logs/archive_70.stderr	56	d020996efa8ef774f2a5b5df38bdab4a049eb9bb54bf82ec8618c616a66fe9e2
FILE	/Users/Shared/micah/Documents/TNN/TNN/Research/R33_NATIVE_N17_R27_CONTINUITY/FINAL_B_20260915_1409/N17_REFRESH/logs/expanded_19_215.exit	2	9a271f2a916b0b6ee6cecb2426f0b3206ef074578be55d9bc94f6f3fe3ab86aa
FILE	/Users/Shared/micah/Documents/TNN/TNN/Research/R33_NATIVE_N17_R27_CONTINUITY/FINAL_B_20260915_1409/N17_REFRESH/logs/expanded_52_120.argv	157	185950374af1f425917fd75aa1bbd7e3a29e3f9df87b520b60cb29df8cb3bd9e
FILE	/Users/Shared/micah/Documents/TNN/TNN/Research/R33_NATIVE_N17_R27_CONTINUITY/FINAL_B_20260915_1409/N17_REFRESH/logs/expanded_54_33.stdout	3911	3e9bb78dd70a7f4ddbb6ab40f2077b3b0a3964b948ea009be2852180c34b3e30
FILE	/Users/Shared/micah/Documents/TNN/TNN/Research/R33_NATIVE_N17_R27_CONTINUITY/FINAL_B_20260915_1409/N17_REFRESH/logs/archive_13.stderr	0	e3b0c44298fc1c149afbf4c8996fb92427ae41e4649b934ca495991b7852b855
FILE	/Users/Shared/micah/Documents/TNN/TNN/Research/R33_NATIVE_N17_R27_CONTINUITY/FINAL_B_20260915_1409/N17_REFRESH/logs/expanded_33_24.argv	180	029187995b968cfdf2fc0d6b203fa755fa38524b21b338eba88c8b654aca327c
FILE	/Users/Shared/micah/Documents/TNN/TNN/Research/R33_NATIVE_N17_R27_CONTINUITY/FINAL_B_20260915_1409/N17_REFRESH/logs/nested_list_8.argv	147	2bdb5c668b698f25e1397462bd66eaec59f559769712a1c7bfcc285ce29e96aa
FILE	/Users/Shared/micah/Documents/TNN/TNN/Research/R33_NATIVE_N17_R27_CONTINUITY/FINAL_B_20260915_1409/N17_REFRESH/logs/expanded_38_875.argv	162	06410802324d58355b63d68a0e326e5bf39081f619fdfc0bf50e2b520095c5ad
FILE	/Users/Shared/micah/Documents/TNN/TNN/Research/R33_NATIVE_N17_R27_CONTINUITY/FINAL_B_20260915_1409/N17_REFRESH/logs/nested_member_2_528.stderr	0	e3b0c44298fc1c149afbf4c8996fb92427ae41e4649b934ca495991b7852b855
FILE	/Users/Shared/micah/Documents/TNN/TNN/Research/R33_NATIVE_N17_R27_CONTINUITY/FINAL_B_20260915_1409/N17_REFRESH/logs/protected_before.stdout	169	71941b4b8486efc09c98dcab9625d3e951a01b5fe381dd010ce139d09a61ab9e
FILE	/Users/Shared/micah/Documents/TNN/TNN/Research/R33_NATIVE_N17_R27_CONTINUITY/FINAL_B_20260915_1409/N17_REFRESH/logs/expanded_10_23.stdout	15877	d63703dbec2a65ab1888df5ccb38382bb7afe237865ce271c217104482185199
FILE	/Users/Shared/micah/Documents/TNN/TNN/Research/R33_NATIVE_N17_R27_CONTINUITY/FINAL_B_20260915_1409/N17_REFRESH/logs/nested_member_3_103.argv	206	0a1a6aa5e6e2f576fb01e7dbe9168798b632faa6fabb3aae4f0cd0cc17b395d3
FILE	/Users/Shared/micah/Documents/TNN/TNN/Research/R33_NATIVE_N17_R27_CONTINUITY/FINAL_B_20260915_1409/N17_REFRESH/logs/expanded_4_27.stdout	1753	88b12d36c0907820693f86a3f073acc9197f30213301d3a5180f0f0bc3ed4a9e
FILE	/Users/Shared/micah/Documents/TNN/TNN/Research/R33_NATIVE_N17_R27_CONTINUITY/FINAL_B_20260915_1409/N17_REFRESH/logs/archive_8.stdout	1327	797c129a45194a3191d13a178fa05023b7228227645ced6b578a105c82383565
FILE	/Users/Shared/micah/Documents/TNN/TNN/Research/R33_NATIVE_N17_R27_CONTINUITY/FINAL_B_20260915_1409/N17_REFRESH/logs/expanded_44_642.stdout	1413	06099faf6a16a08f2a1b3cd88aefc4fb7dc3e86f7a3b3fc910f3031338f4be1a
FILE	/Users/Shared/micah/Documents/TNN/TNN/Research/R33_NATIVE_N17_R27_CONTINUITY/FINAL_B_20260915_1409/N17_REFRESH/logs/expanded_38_640.stderr	0	e3b0c44298fc1c149afbf4c8996fb92427ae41e4649b934ca495991b7852b855
FILE	/Users/Shared/micah/Documents/TNN/TNN/Research/R33_NATIVE_N17_R27_CONTINUITY/FINAL_B_20260915_1409/N17_REFRESH/logs/archive_43.exit	2	9a271f2a916b0b6ee6cecb2426f0b3206ef074578be55d9bc94f6f3fe3ab86aa
FILE	/Users/Shared/micah/Documents/TNN/TNN/Research/R33_NATIVE_N17_R27_CONTINUITY/FINAL_B_20260915_1409/N17_REFRESH/logs/expanded_44_639.argv	166	3022f670972162a143af700ea2e72f2e8fdb8160a9636cae08eea68fb908e205
FILE	/Users/Shared/micah/Documents/TNN/TNN/Research/R33_NATIVE_N17_R27_CONTINUITY/FINAL_B_20260915_1409/N17_REFRESH/logs/archive_17.argv	80	7333c0f0f01632a903441f06c0c6db84d25bedf9fa4d88e19f208a5fa1347f0b
FILE	/Users/Shared/micah/Documents/TNN/TNN/Research/R33_NATIVE_N17_R27_CONTINUITY/FINAL_B_20260915_1409/N17_REFRESH/logs/expanded_33_26.stderr	0	e3b0c44298fc1c149afbf4c8996fb92427ae41e4649b934ca495991b7852b855
FILE	/Users/Shared/micah/Documents/TNN/TNN/Research/R33_NATIVE_N17_R27_CONTINUITY/FINAL_B_20260915_1409/N17_REFRESH/logs/expanded_46_127.stderr	0	e3b0c44298fc1c149afbf4c8996fb92427ae41e4649b934ca495991b7852b855
FILE	/Users/Shared/micah/Documents/TNN/TNN/Research/R33_NATIVE_N17_R27_CONTINUITY/FINAL_B_20260915_1409/N17_REFRESH/logs/project_primitives.exit	2	9a271f2a916b0b6ee6cecb2426f0b3206ef074578be55d9bc94f6f3fe3ab86aa
FILE	/Users/Shared/micah/Documents/TNN/TNN/Research/R33_NATIVE_N17_R27_CONTINUITY/FINAL_B_20260915_1409/N17_REFRESH/logs/expanded_19_203.exit	2	9a271f2a916b0b6ee6cecb2426f0b3206ef074578be55d9bc94f6f3fe3ab86aa
FILE	/Users/Shared/micah/Documents/TNN/TNN/Research/R33_NATIVE_N17_R27_CONTINUITY/FINAL_B_20260915_1409/N17_REFRESH/logs/classifier_final.stderr	0	e3b0c44298fc1c149afbf4c8996fb92427ae41e4649b934ca495991b7852b855
FILE	/Users/Shared/micah/Documents/TNN/TNN/Research/R33_NATIVE_N17_R27_CONTINUITY/FINAL_B_20260915_1409/N17_REFRESH/logs/expanded_17_217.stdout	7811	1d67425a0a786f9cbdaa775ed93bc613f3179785d4fd1d708d2a3c0a0ba9000e
FILE	/Users/Shared/micah/Documents/TNN/TNN/Research/R33_NATIVE_N17_R27_CONTINUITY/FINAL_B_20260915_1409/N17_REFRESH/logs/nested_member_3_115.argv	199	b104ce6a66db51bcd788387d9c8d2af5d26561f740c67b62b0e1166bf1d18f29
FILE	/Users/Shared/micah/Documents/TNN/TNN/Research/R33_NATIVE_N17_R27_CONTINUITY/FINAL_B_20260915_1409/N17_REFRESH/logs/nested_list_1.stdout	8249	70861e1c855450303fadf308222dc3e40410e05bb582ea92c6dcecda6ac98f36
FILE	/Users/Shared/micah/Documents/TNN/TNN/Research/R33_NATIVE_N17_R27_CONTINUITY/FINAL_B_20260915_1409/N17_REFRESH/logs/nested_member_3_77.exit	2	9a271f2a916b0b6ee6cecb2426f0b3206ef074578be55d9bc94f6f3fe3ab86aa
FILE	/Users/Shared/micah/Documents/TNN/TNN/Research/R33_NATIVE_N17_R27_CONTINUITY/FINAL_B_20260915_1409/N17_REFRESH/logs/expanded_44_633.stdout	7397	16dda0723158541b51df70b86b3a28b9c69fb66566dc9345bdb571bb0297d2c6
FILE	/Users/Shared/micah/Documents/TNN/TNN/Research/R33_NATIVE_N17_R27_CONTINUITY/FINAL_B_20260915_1409/N17_REFRESH/logs/expanded_38_631.stderr	0	e3b0c44298fc1c149afbf4c8996fb92427ae41e4649b934ca495991b7852b855
FILE	/Users/Shared/micah/Documents/TNN/TNN/Research/R33_NATIVE_N17_R27_CONTINUITY/FINAL_B_20260915_1409/N17_REFRESH/logs/expanded_5_87.stdout	8259	7e23dd152392974f03c44816967a930044f0c94bafc31e4ebc9ad6cd153b595a
FILE	/Users/Shared/micah/Documents/TNN/TNN/Research/R33_NATIVE_N17_R27_CONTINUITY/FINAL_B_20260915_1409/N17_REFRESH/logs/archive_55.exit	2	9a271f2a916b0b6ee6cecb2426f0b3206ef074578be55d9bc94f6f3fe3ab86aa
FILE	/Users/Shared/micah/Documents/TNN/TNN/Research/R33_NATIVE_N17_R27_CONTINUITY/FINAL_B_20260915_1409/N17_REFRESH/logs/expanded_38_619.argv	166	3d6156a79280940add24ce4b0f305376d39cf24d12ec216a60e523e7fe372f8c
FILE	/Users/Shared/micah/Documents/TNN/TNN/Research/R33_NATIVE_N17_R27_CONTINUITY/FINAL_B_20260915_1409/N17_REFRESH/logs/nested_member_4_527.stdout	4237	27c1d48683d4e6ee9890ce7c0b0d5362eded8690e17e25902371fc493d077c18
FILE	/Users/Shared/micah/Documents/TNN/TNN/Research/R33_NATIVE_N17_R27_CONTINUITY/FINAL_B_20260915_1409/N17_REFRESH/logs/expanded_55_33.exit	2	9a271f2a916b0b6ee6cecb2426f0b3206ef074578be55d9bc94f6f3fe3ab86aa
FILE	/Users/Shared/micah/Documents/TNN/TNN/Research/R33_NATIVE_N17_R27_CONTINUITY/FINAL_B_20260915_1409/N17_REFRESH/logs/archive_2.exit	2	4355a46b19d348dc2f57c046f8ef63d4538ebb936000f3c9ee954a27460dd865
FILE	/Users/Shared/micah/Documents/TNN/TNN/Research/R33_NATIVE_N17_R27_CONTINUITY/FINAL_B_20260915_1409/N17_REFRESH/logs/nested_member_5_139.stderr	0	e3b0c44298fc1c149afbf4c8996fb92427ae41e4649b934ca495991b7852b855
FILE	/Users/Shared/micah/Documents/TNN/TNN/Research/R33_NATIVE_N17_R27_CONTINUITY/FINAL_B_20260915_1409/N17_REFRESH/logs/archive_62.stderr	56	d020996efa8ef774f2a5b5df38bdab4a049eb9bb54bf82ec8618c616a66fe9e2
FILE	/Users/Shared/micah/Documents/TNN/TNN/Research/R33_NATIVE_N17_R27_CONTINUITY/FINAL_B_20260915_1409/N17_REFRESH/logs/expanded_9_55.argv	140	b1a52e16edb030ff2c00752055667a46ba032dcf0dfa01205a6278fcb6b4582a
FILE	/Users/Shared/micah/Documents/TNN/TNN/Research/R33_NATIVE_N17_R27_CONTINUITY/FINAL_B_20260915_1409/N17_REFRESH/logs/expanded_55_31.stderr	0	e3b0c44298fc1c149afbf4c8996fb92427ae41e4649b934ca495991b7852b855
FILE	/Users/Shared/micah/Documents/TNN/TNN/Research/R33_NATIVE_N17_R27_CONTINUITY/FINAL_B_20260915_1409/N17_REFRESH/logs/constant_probe.argv	130	c6bd0f4aebb91a815ac7194478d915b6930ac2d911044ae3db0f45e4312d2dfb
FILE	/Users/Shared/micah/Documents/TNN/TNN/Research/R33_NATIVE_N17_R27_CONTINUITY/FINAL_B_20260915_1409/N17_REFRESH/logs/nested_member_1_40.stdout	2480	c218427b40fa41bf785acefccf222f1670e59980be4a63471f07b807cb5ec3b8
FILE	/Users/Shared/micah/Documents/TNN/TNN/Research/R33_NATIVE_N17_R27_CONTINUITY/FINAL_B_20260915_1409/N17_REFRESH/logs/expanded_30_17.stderr	0	e3b0c44298fc1c149afbf4c8996fb92427ae41e4649b934ca495991b7852b855
FILE	/Users/Shared/micah/Documents/TNN/TNN/Research/R33_NATIVE_N17_R27_CONTINUITY/FINAL_B_20260915_1409/N17_REFRESH/logs/expanded_54_42.stdout	3750	56ac5f1f6c02397afccf1ed1650e6a30fa974e14bcf3eb5d0221a0815da13b61
FILE	/Users/Shared/micah/Documents/TNN/TNN/Research/R33_NATIVE_N17_R27_CONTINUITY/FINAL_B_20260915_1409/N17_REFRESH/logs/archive_4.stdout	3614	0dee75dacf1fc794fdf20d7d4e2a0d956bd690fb28924e30d56b91dd18f02689
FILE	/Users/Shared/micah/Documents/TNN/TNN/Research/R33_NATIVE_N17_R27_CONTINUITY/FINAL_B_20260915_1409/N17_REFRESH/logs/nested_member_7_538.stderr	0	e3b0c44298fc1c149afbf4c8996fb92427ae41e4649b934ca495991b7852b855
FILE	/Users/Shared/micah/Documents/TNN/TNN/Research/R33_NATIVE_N17_R27_CONTINUITY/FINAL_B_20260915_1409/N17_REFRESH/logs/expanded_17_209.stdout	51851	75571c0ffbf850ae48cd5bf95f2c69c1cfa9c868ae0de078596d6722091a4520
FILE	/Users/Shared/micah/Documents/TNN/TNN/Research/R33_NATIVE_N17_R27_CONTINUITY/FINAL_B_20260915_1409/N17_REFRESH/logs/nested_member_3_116.exit	2	9a271f2a916b0b6ee6cecb2426f0b3206ef074578be55d9bc94f6f3fe3ab86aa
FILE	/Users/Shared/micah/Documents/TNN/TNN/Research/R33_NATIVE_N17_R27_CONTINUITY/FINAL_B_20260915_1409/N17_REFRESH/logs/nested_member_8_532.stderr	0	e3b0c44298fc1c149afbf4c8996fb92427ae41e4649b934ca495991b7852b855
FILE	/Users/Shared/micah/Documents/TNN/TNN/Research/R33_NATIVE_N17_R27_CONTINUITY/FINAL_B_20260915_1409/N17_REFRESH/logs/receipt_protected.exit	2	9a271f2a916b0b6ee6cecb2426f0b3206ef074578be55d9bc94f6f3fe3ab86aa
FILE	/Users/Shared/micah/Documents/TNN/TNN/Research/R33_NATIVE_N17_R27_CONTINUITY/FINAL_B_20260915_1409/N17_REFRESH/logs/expanded_18_34.stdout	3068	b207c0a4beb449972e9707ebee3f51a4ba28fe1694440f35d399371ec8dacb52
FILE	/Users/Shared/micah/Documents/TNN/TNN/Research/R33_NATIVE_N17_R27_CONTINUITY/FINAL_B_20260915_1409/N17_REFRESH/logs/nested_member_3_124.stdout	2411	023dd00b398979c0c2c2ad9a4153edbd77fce92ce6015c6aa631e132eba6c31a
FILE	/Users/Shared/micah/Documents/TNN/TNN/Research/R33_NATIVE_N17_R27_CONTINUITY/FINAL_B_20260915_1409/N17_REFRESH/logs/expanded_19_200.argv	140	31c1ad4a59fc30c03d57238ad8c35ffdc1aa3c4de3b0cc76f99d10a0db49548d
FILE	/Users/Shared/micah/Documents/TNN/TNN/Research/R33_NATIVE_N17_R27_CONTINUITY/FINAL_B_20260915_1409/N17_REFRESH/logs/build_pinmatch.stderr	0	e3b0c44298fc1c149afbf4c8996fb92427ae41e4649b934ca495991b7852b855
FILE	/Users/Shared/micah/Documents/TNN/TNN/Research/R33_NATIVE_N17_R27_CONTINUITY/FINAL_B_20260915_1409/N17_REFRESH/logs/expanded_47_37.stdout	3849	5cbf70ad680c7de339f7d1a57d90a4bf6814d94a596052dfbe495256d7c8a71d
FILE	/Users/Shared/micah/Documents/TNN/TNN/Research/R33_NATIVE_N17_R27_CONTINUITY/FINAL_B_20260915_1409/N17_REFRESH/logs/nested_member_2_142.argv	210	97e256b1c0b2a77661cf8e604a36d8958a507d747063edaef6a9aa7f70f53707
FILE	/Users/Shared/micah/Documents/TNN/TNN/Research/R33_NATIVE_N17_R27_CONTINUITY/FINAL_B_20260915_1409/N17_REFRESH/logs/expanded_55_64.exit	2	9a271f2a916b0b6ee6cecb2426f0b3206ef074578be55d9bc94f6f3fe3ab86aa
FILE	/Users/Shared/micah/Documents/TNN/TNN/Research/R33_NATIVE_N17_R27_CONTINUITY/FINAL_B_20260915_1409/N17_REFRESH/logs/expanded_10_28.exit	2	9a271f2a916b0b6ee6cecb2426f0b3206ef074578be55d9bc94f6f3fe3ab86aa
FILE	/Users/Shared/micah/Documents/TNN/TNN/Research/R33_NATIVE_N17_R27_CONTINUITY/FINAL_B_20260915_1409/N17_REFRESH/logs/expanded_9_56.exit	2	9a271f2a916b0b6ee6cecb2426f0b3206ef074578be55d9bc94f6f3fe3ab86aa
FILE	/Users/Shared/micah/Documents/TNN/TNN/Research/R33_NATIVE_N17_R27_CONTINUITY/FINAL_B_20260915_1409/N17_REFRESH/logs/expanded_19_247.stdout	14657	2c1fc7464f806473e998722d76913ac679468374616398f4502653d0654e426f
FILE	/Users/Shared/micah/Documents/TNN/TNN/Research/R33_NATIVE_N17_R27_CONTINUITY/FINAL_B_20260915_1409/N17_REFRESH/logs/expanded_18_48.exit	2	9a271f2a916b0b6ee6cecb2426f0b3206ef074578be55d9bc94f6f3fe3ab86aa
FILE	/Users/Shared/micah/Documents/TNN/TNN/Research/R33_NATIVE_N17_R27_CONTINUITY/FINAL_B_20260915_1409/N17_REFRESH/logs/expanded_43_61.stdout	966	33ec7e4db30cca48e860f92c76b899ba8308908de4cf9915c4befe48541da394
FILE	/Users/Shared/micah/Documents/TNN/TNN/Research/R33_NATIVE_N17_R27_CONTINUITY/FINAL_B_20260915_1409/N17_REFRESH/logs/nested_member_6_530.argv	195	696c4f7ff3bb85b6fba08b706c0397469af48921ca40aeaa9069dfe682e13103
FILE	/Users/Shared/micah/Documents/TNN/TNN/Research/R33_NATIVE_N17_R27_CONTINUITY/FINAL_B_20260915_1409/N17_REFRESH/logs/archive_1.argv	58	e5cdb31b59b3e309c89decffa8d21aa0132e640f9b390185ffacbf766c6530ae
FILE	/Users/Shared/micah/Documents/TNN/TNN/Research/R33_NATIVE_N17_R27_CONTINUITY/FINAL_B_20260915_1409/N17_REFRESH/logs/archive_56.argv	185	58dac4fc20b16f3d60c9416699718159a5c9f17762c1367f0f14a845ed4fdd64
FILE	/Users/Shared/micah/Documents/TNN/TNN/Research/R33_NATIVE_N17_R27_CONTINUITY/FINAL_B_20260915_1409/N17_REFRESH/logs/nested_member_7_530.argv	192	c29ad0e658f57e3f14c3db88a3408776f9a1340487611b2320a284cf03c57fb9
FILE	/Users/Shared/micah/Documents/TNN/TNN/Research/R33_NATIVE_N17_R27_CONTINUITY/FINAL_B_20260915_1409/N17_REFRESH/logs/archive_29.stderr	118	8e25c190dfaa806d65f18794f4708cd5c7ac46b229451b5cfb6133dbe9665a8d
FILE	/Users/Shared/micah/Documents/TNN/TNN/Research/R33_NATIVE_N17_R27_CONTINUITY/FINAL_B_20260915_1409/N17_REFRESH/logs/expanded_44_605.stdout	6187	a1f2730de70ddeea3cb2f06bb2ae5cef23e470357d407b41fc7ef3122f3c6e8e
FILE	/Users/Shared/micah/Documents/TNN/TNN/Research/R33_NATIVE_N17_R27_CONTINUITY/FINAL_B_20260915_1409/N17_REFRESH/logs/expanded_38_607.stderr	0	e3b0c44298fc1c149afbf4c8996fb92427ae41e4649b934ca495991b7852b855
FILE	/Users/Shared/micah/Documents/TNN/TNN/Research/R33_NATIVE_N17_R27_CONTINUITY/FINAL_B_20260915_1409/N17_REFRESH/logs/nested_member_2_139.argv	200	380c3cef0b907dc60b7b7b9c864c6e6a408f8e5cffbf16288644a90dedbef2d9
FILE	/Users/Shared/micah/Documents/TNN/TNN/Research/R33_NATIVE_N17_R27_CONTINUITY/FINAL_B_20260915_1409/N17_REFRESH/logs/expanded_19_212.stdout	9891	50892bc5618154988a05fa4239640c19fc89ab3b5d03c4fc11d3653c00932230
FILE	/Users/Shared/micah/Documents/TNN/TNN/Research/R33_NATIVE_N17_R27_CONTINUITY/FINAL_B_20260915_1409/N17_REFRESH/logs/expanded_40_25.argv	138	71906ecd538dedbfb9877dd2b783d4ff0121408bb7beac82244140e40d7d2a2a
FILE	/Users/Shared/micah/Documents/TNN/TNN/Research/R33_NATIVE_N17_R27_CONTINUITY/FINAL_B_20260915_1409/N17_REFRESH/logs/expanded_4_23.exit	2	9a271f2a916b0b6ee6cecb2426f0b3206ef074578be55d9bc94f6f3fe3ab86aa
FILE	/Users/Shared/micah/Documents/TNN/TNN/Research/R33_NATIVE_N17_R27_CONTINUITY/FINAL_B_20260915_1409/N17_REFRESH/logs/expanded_76_4.stderr	0	e3b0c44298fc1c149afbf4c8996fb92427ae41e4649b934ca495991b7852b855
FILE	/Users/Shared/micah/Documents/TNN/TNN/Research/R33_NATIVE_N17_R27_CONTINUITY/FINAL_B_20260915_1409/N17_REFRESH/logs/nested_member_8_527.exit	2	9a271f2a916b0b6ee6cecb2426f0b3206ef074578be55d9bc94f6f3fe3ab86aa
FILE	/Users/Shared/micah/Documents/TNN/TNN/Research/R33_NATIVE_N17_R27_CONTINUITY/FINAL_B_20260915_1409/N17_REFRESH/logs/expanded_46_127.exit	2	9a271f2a916b0b6ee6cecb2426f0b3206ef074578be55d9bc94f6f3fe3ab86aa
FILE	/Users/Shared/micah/Documents/TNN/TNN/Research/R33_NATIVE_N17_R27_CONTINUITY/FINAL_B_20260915_1409/N17_REFRESH/logs/expanded_31_23.argv	130	61ea2f2cff495ccba285ce7a42cd338e5c2706c38519be0396dc614647fafbd4
FILE	/Users/Shared/micah/Documents/TNN/TNN/Research/R33_NATIVE_N17_R27_CONTINUITY/FINAL_B_20260915_1409/N17_REFRESH/logs/nested_member_1_89.exit	2	9a271f2a916b0b6ee6cecb2426f0b3206ef074578be55d9bc94f6f3fe3ab86aa
FILE	/Users/Shared/micah/Documents/TNN/TNN/Research/R33_NATIVE_N17_R27_CONTINUITY/FINAL_B_20260915_1409/N17_REFRESH/logs/nested_member_5_536.stdout	2496	12314831b4fff054076d105dbe7c2f8dca52c45c1e98f92864548e19280ac47f
FILE	/Users/Shared/micah/Documents/TNN/TNN/Research/R33_NATIVE_N17_R27_CONTINUITY/FINAL_B_20260915_1409/N17_REFRESH/logs/archive_54.stderr	0	e3b0c44298fc1c149afbf4c8996fb92427ae41e4649b934ca495991b7852b855
FILE	/Users/Shared/micah/Documents/TNN/TNN/Research/R33_NATIVE_N17_R27_CONTINUITY/FINAL_B_20260915_1409/N17_REFRESH/logs/expanded_44_746.argv	169	88e29d8abe1fc8acbc819a6ec90cfac00b2b8ac64052972ac92c803a8e3efa4c
FILE	/Users/Shared/micah/Documents/TNN/TNN/Research/R33_NATIVE_N17_R27_CONTINUITY/FINAL_B_20260915_1409/N17_REFRESH/logs/member_46_2.stdout	11573	4e3929de8abd6428ff1a7828d7d5f023355be05a9aa39552cb96111dc9b455bb
FILE	/Users/Shared/micah/Documents/TNN/TNN/Research/R33_NATIVE_N17_R27_CONTINUITY/FINAL_B_20260915_1409/N17_REFRESH/logs/expanded_38_635.argv	175	4275409d1e0165ac615246a1221be94cc312a9edaae761eb764fbd2c9f387561
FILE	/Users/Shared/micah/Documents/TNN/TNN/Research/R33_NATIVE_N17_R27_CONTINUITY/FINAL_B_20260915_1409/N17_REFRESH/logs/expanded_47_62.stdout	3745	16cb32fe8c4f977d6d378faf764b5df74e22f53b86a2fd1687ca917be116a561
FILE	/Users/Shared/micah/Documents/TNN/TNN/Research/R33_NATIVE_N17_R27_CONTINUITY/FINAL_B_20260915_1409/N17_REFRESH/logs/expanded_43_61.exit	2	9a271f2a916b0b6ee6cecb2426f0b3206ef074578be55d9bc94f6f3fe3ab86aa
FILE	/Users/Shared/micah/Documents/TNN/TNN/Research/R33_NATIVE_N17_R27_CONTINUITY/FINAL_B_20260915_1409/N17_REFRESH/logs/archive_79.exit	2	9a271f2a916b0b6ee6cecb2426f0b3206ef074578be55d9bc94f6f3fe3ab86aa
FILE	/Users/Shared/micah/Documents/TNN/TNN/Research/R33_NATIVE_N17_R27_CONTINUITY/FINAL_B_20260915_1409/N17_REFRESH/logs/expanded_18_33.exit	2	9a271f2a916b0b6ee6cecb2426f0b3206ef074578be55d9bc94f6f3fe3ab86aa
FILE	/Users/Shared/micah/Documents/TNN/TNN/Research/R33_NATIVE_N17_R27_CONTINUITY/FINAL_B_20260915_1409/N17_REFRESH/logs/expanded_17_217.exit	2	9a271f2a916b0b6ee6cecb2426f0b3206ef074578be55d9bc94f6f3fe3ab86aa
FILE	/Users/Shared/micah/Documents/TNN/TNN/Research/R33_NATIVE_N17_R27_CONTINUITY/FINAL_B_20260915_1409/N17_REFRESH/logs/nested_member_4_136.stderr	0	e3b0c44298fc1c149afbf4c8996fb92427ae41e4649b934ca495991b7852b855
FILE	/Users/Shared/micah/Documents/TNN/TNN/Research/R33_NATIVE_N17_R27_CONTINUITY/FINAL_B_20260915_1409/N17_REFRESH/logs/expanded_54_31.argv	149	563c38224b62ef009d404e523f6c53912a78201f56d0ed77fefd943e5b38d8b8
FILE	/Users/Shared/micah/Documents/TNN/TNN/Research/R33_NATIVE_N17_R27_CONTINUITY/FINAL_B_20260915_1409/N17_REFRESH/logs/nested_member_3_112.stdout	3878	ea30b6c57d42e6be5604664d5e16d5a90fb2bbbdbc737bc6009c04de9db3cec6
FILE	/Users/Shared/micah/Documents/TNN/TNN/Research/R33_NATIVE_N17_R27_CONTINUITY/FINAL_B_20260915_1409/N17_REFRESH/logs/expanded_46_124.argv	138	bd507ece8f07692fcc2fd52ecd74d0ee3106fac4acd090822a5657fe6f83fc54
FILE	/Users/Shared/micah/Documents/TNN/TNN/Research/R33_NATIVE_N17_R27_CONTINUITY/FINAL_B_20260915_1409/N17_REFRESH/logs/nested_member_5_528.stdout	3682	b952525737a7e06a3565f11b6417b41f81beefd0294f809afb6bdef1713045d1
FILE	/Users/Shared/micah/Documents/TNN/TNN/Research/R33_NATIVE_N17_R27_CONTINUITY/FINAL_B_20260915_1409/N17_REFRESH/logs/large_archive_4.stderr	0	e3b0c44298fc1c149afbf4c8996fb92427ae41e4649b934ca495991b7852b855
FILE	/Users/Shared/micah/Documents/TNN/TNN/Research/R33_NATIVE_N17_R27_CONTINUITY/FINAL_B_20260915_1409/N17_REFRESH/logs/expanded_52_119.exit	2	9a271f2a916b0b6ee6cecb2426f0b3206ef074578be55d9bc94f6f3fe3ab86aa
FILE	/Users/Shared/micah/Documents/TNN/TNN/Research/R33_NATIVE_N17_R27_CONTINUITY/FINAL_B_20260915_1409/N17_REFRESH/logs/expanded_40_26.exit	2	9a271f2a916b0b6ee6cecb2426f0b3206ef074578be55d9bc94f6f3fe3ab86aa
FILE	/Users/Shared/micah/Documents/TNN/TNN/Research/R33_NATIVE_N17_R27_CONTINUITY/FINAL_B_20260915_1409/N17_REFRESH/logs/nested_member_6_537.stderr	0	e3b0c44298fc1c149afbf4c8996fb92427ae41e4649b934ca495991b7852b855
FILE	/Users/Shared/micah/Documents/TNN/TNN/Research/R33_NATIVE_N17_R27_CONTINUITY/FINAL_B_20260915_1409/N17_REFRESH/logs/archive_37.stderr	0	e3b0c44298fc1c149afbf4c8996fb92427ae41e4649b934ca495991b7852b855
FILE	/Users/Shared/micah/Documents/TNN/TNN/Research/R33_NATIVE_N17_R27_CONTINUITY/FINAL_B_20260915_1409/N17_REFRESH/logs/expanded_55_64.stderr	0	e3b0c44298fc1c149afbf4c8996fb92427ae41e4649b934ca495991b7852b855
FILE	/Users/Shared/micah/Documents/TNN/TNN/Research/R33_NATIVE_N17_R27_CONTINUITY/FINAL_B_20260915_1409/N17_REFRESH/logs/expanded_11_29.exit	2	9a271f2a916b0b6ee6cecb2426f0b3206ef074578be55d9bc94f6f3fe3ab86aa
FILE	/Users/Shared/micah/Documents/TNN/TNN/Research/R33_NATIVE_N17_R27_CONTINUITY/FINAL_B_20260915_1409/N17_REFRESH/logs/expanded_38_619.stderr	0	e3b0c44298fc1c149afbf4c8996fb92427ae41e4649b934ca495991b7852b855
FILE	/Users/Shared/micah/Documents/TNN/TNN/Research/R33_NATIVE_N17_R27_CONTINUITY/FINAL_B_20260915_1409/N17_REFRESH/logs/nested_member_3_58.argv	220	c518ba20d98e48ff9609f0ba2b362490881710d436736e941f2ba7e17e8358c3
FILE	/Users/Shared/micah/Documents/TNN/TNN/Research/R33_NATIVE_N17_R27_CONTINUITY/FINAL_B_20260915_1409/N17_REFRESH/logs/expanded_17_214.argv	135	5a2ea5e21fbf1edfcf648bac91056e368d1f5f3df56d62367ce7d71df9303f99
FILE	/Users/Shared/micah/Documents/TNN/TNN/Research/R33_NATIVE_N17_R27_CONTINUITY/FINAL_B_20260915_1409/N17_REFRESH/logs/nested_member_3_57.stderr	0	e3b0c44298fc1c149afbf4c8996fb92427ae41e4649b934ca495991b7852b855
FILE	/Users/Shared/micah/Documents/TNN/TNN/Research/R33_NATIVE_N17_R27_CONTINUITY/FINAL_B_20260915_1409/N17_REFRESH/logs/expanded_44_654.argv	160	4e1f9e2022ac5cff4b62740b2e55f013929f3ef1ea85d8530e7837380a486228
FILE	/Users/Shared/micah/Documents/TNN/TNN/Research/R33_NATIVE_N17_R27_CONTINUITY/FINAL_B_20260915_1409/N17_REFRESH/logs/candidates_expanded_final.stderr	0	e3b0c44298fc1c149afbf4c8996fb92427ae41e4649b934ca495991b7852b855
FILE	/Users/Shared/micah/Documents/TNN/TNN/Research/R33_NATIVE_N17_R27_CONTINUITY/FINAL_B_20260915_1409/N17_REFRESH/logs/nested_member_2_213.exit	2	9a271f2a916b0b6ee6cecb2426f0b3206ef074578be55d9bc94f6f3fe3ab86aa
FILE	/Users/Shared/micah/Documents/TNN/TNN/Research/R33_NATIVE_N17_R27_CONTINUITY/FINAL_B_20260915_1409/N17_REFRESH/logs/expanded_38_636.exit	2	9a271f2a916b0b6ee6cecb2426f0b3206ef074578be55d9bc94f6f3fe3ab86aa
FILE	/Users/Shared/micah/Documents/TNN/TNN/Research/R33_NATIVE_N17_R27_CONTINUITY/FINAL_B_20260915_1409/N17_REFRESH/logs/primitives.stdout	214	5278077fecf06dbfc6f9f56df822d61b34e3f3b1ad6001430f919d011407e464
FILE	/Users/Shared/micah/Documents/TNN/TNN/Research/R33_NATIVE_N17_R27_CONTINUITY/FINAL_B_20260915_1409/N17_REFRESH/logs/expanded_18_64.exit	2	9a271f2a916b0b6ee6cecb2426f0b3206ef074578be55d9bc94f6f3fe3ab86aa
FILE	/Users/Shared/micah/Documents/TNN/TNN/Research/R33_NATIVE_N17_R27_CONTINUITY/FINAL_B_20260915_1409/N17_REFRESH/logs/build_forbidden_selector_tests.stderr	0	e3b0c44298fc1c149afbf4c8996fb92427ae41e4649b934ca495991b7852b855
FILE	/Users/Shared/micah/Documents/TNN/TNN/Research/R33_NATIVE_N17_R27_CONTINUITY/FINAL_B_20260915_1409/N17_REFRESH/logs/expanded_55_48.exit	2	9a271f2a916b0b6ee6cecb2426f0b3206ef074578be55d9bc94f6f3fe3ab86aa
FILE	/Users/Shared/micah/Documents/TNN/TNN/Research/R33_NATIVE_N17_R27_CONTINUITY/FINAL_B_20260915_1409/N17_REFRESH/logs/expanded_19_200.stdout	14964	eb519220c408b3245fc03fe8fbd23d0ee1d261a32844220faf13fdb5d8ace54d
FILE	/Users/Shared/micah/Documents/TNN/TNN/Research/R33_NATIVE_N17_R27_CONTINUITY/FINAL_B_20260915_1409/N17_REFRESH/logs/expanded_44_617.stdout	718	22010fb7dfd57cd2ac95a0ecd09b00d1cafdbc60c98ed22c2f7b98ca8884b5a2
FILE	/Users/Shared/micah/Documents/TNN/TNN/Research/R33_NATIVE_N17_R27_CONTINUITY/FINAL_B_20260915_1409/N17_REFRESH/logs/expanded_38_615.stderr	0	e3b0c44298fc1c149afbf4c8996fb92427ae41e4649b934ca495991b7852b855
FILE	/Users/Shared/micah/Documents/TNN/TNN/Research/R33_NATIVE_N17_R27_CONTINUITY/FINAL_B_20260915_1409/N17_REFRESH/logs/nested_member_1_125.exit	2	9a271f2a916b0b6ee6cecb2426f0b3206ef074578be55d9bc94f6f3fe3ab86aa
FILE	/Users/Shared/micah/Documents/TNN/TNN/Research/R33_NATIVE_N17_R27_CONTINUITY/FINAL_B_20260915_1409/N17_REFRESH/logs/nested_member_2_528.argv	195	2a23bb09f009e0d4888d38dd8f6c709de3aff08cee903416e830f9460838276b
FILE	/Users/Shared/micah/Documents/TNN/TNN/Research/R33_NATIVE_N17_R27_CONTINUITY/FINAL_B_20260915_1409/N17_REFRESH/logs/nested_member_8_532.argv	189	0210462d4e553e572336a30cb6a59c77c3038efcfdb81d05be838af446d67a82
FILE	/Users/Shared/micah/Documents/TNN/TNN/Research/R33_NATIVE_N17_R27_CONTINUITY/FINAL_B_20260915_1409/N17_REFRESH/logs/project_policy.stderr	0	e3b0c44298fc1c149afbf4c8996fb92427ae41e4649b934ca495991b7852b855
FILE	/Users/Shared/micah/Documents/TNN/TNN/Research/R33_NATIVE_N17_R27_CONTINUITY/FINAL_B_20260915_1409/N17_REFRESH/logs/expanded_46_103.stderr	0	e3b0c44298fc1c149afbf4c8996fb92427ae41e4649b934ca495991b7852b855
FILE	/Users/Shared/micah/Documents/TNN/TNN/Research/R33_NATIVE_N17_R27_CONTINUITY/FINAL_B_20260915_1409/N17_REFRESH/logs/git_blob_94c05d3600c963105cea51090bd72db4ad40ec81.stdout	508	f70c8f9bb599030505ec0e8bfa8d5f61156de2946763cd8cee69b79bc49fd185
FILE	/Users/Shared/micah/Documents/TNN/TNN/Research/R33_NATIVE_N17_R27_CONTINUITY/FINAL_B_20260915_1409/N17_REFRESH/logs/expanded_52_117.stdout	7811	1d67425a0a786f9cbdaa775ed93bc613f3179785d4fd1d708d2a3c0a0ba9000e
FILE	/Users/Shared/micah/Documents/TNN/TNN/Research/R33_NATIVE_N17_R27_CONTINUITY/FINAL_B_20260915_1409/N17_REFRESH/logs/nested_member_8_136.exit	2	9a271f2a916b0b6ee6cecb2426f0b3206ef074578be55d9bc94f6f3fe3ab86aa
FILE	/Users/Shared/micah/Documents/TNN/TNN/Research/R33_NATIVE_N17_R27_CONTINUITY/FINAL_B_20260915_1409/N17_REFRESH/logs/expanded_40_30.exit	2	9a271f2a916b0b6ee6cecb2426f0b3206ef074578be55d9bc94f6f3fe3ab86aa
FILE	/Users/Shared/micah/Documents/TNN/TNN/Research/R33_NATIVE_N17_R27_CONTINUITY/FINAL_B_20260915_1409/N17_REFRESH/logs/expanded_47_37.argv	202	7d7227546b089780d7a9ecfc4e3ff5be52032d9bbca6b97cff7ae83c121da632
FILE	/Users/Shared/micah/Documents/TNN/TNN/Research/R33_NATIVE_N17_R27_CONTINUITY/FINAL_B_20260915_1409/N17_REFRESH/logs/expanded_38_620.exit	2	9a271f2a916b0b6ee6cecb2426f0b3206ef074578be55d9bc94f6f3fe3ab86aa
FILE	/Users/Shared/micah/Documents/TNN/TNN/Research/R33_NATIVE_N17_R27_CONTINUITY/FINAL_B_20260915_1409/N17_REFRESH/logs/nested_member_1_126.stderr	0	e3b0c44298fc1c149afbf4c8996fb92427ae41e4649b934ca495991b7852b855
FILE	/Users/Shared/micah/Documents/TNN/TNN/Research/R33_NATIVE_N17_R27_CONTINUITY/FINAL_B_20260915_1409/N17_REFRESH/logs/expanded_44_642.argv	177	49ab6411ea1f694f5c095ca39ad9bacd38300b79182991ac97f5748f3a347035
FILE	/Users/Shared/micah/Documents/TNN/TNN/Research/R33_NATIVE_N17_R27_CONTINUITY/FINAL_B_20260915_1409/N17_REFRESH/logs/archive_46.stderr	0	e3b0c44298fc1c149afbf4c8996fb92427ae41e4649b934ca495991b7852b855
FILE	/Users/Shared/micah/Documents/TNN/TNN/Research/R33_NATIVE_N17_R27_CONTINUITY/FINAL_B_20260915_1409/N17_REFRESH/logs/expanded_75_57.exit	2	9a271f2a916b0b6ee6cecb2426f0b3206ef074578be55d9bc94f6f3fe3ab86aa
FILE	/Users/Shared/micah/Documents/TNN/TNN/Research/R33_NATIVE_N17_R27_CONTINUITY/FINAL_B_20260915_1409/N17_REFRESH/logs/nested_member_1_64.stdout	10599	50f0147db289adf6733596bcd3d1719655ef41a2b639cb1b1c5c54b64c64274e
FILE	/Users/Shared/micah/Documents/TNN/TNN/Research/R33_NATIVE_N17_R27_CONTINUITY/FINAL_B_20260915_1409/N17_REFRESH/logs/expanded_17_202.argv	127	327d455a913fec34656d0aced2e00dbee8e4f8355dad6ec334c939f1110b99e3
FILE	/Users/Shared/micah/Documents/TNN/TNN/Research/R33_NATIVE_N17_R27_CONTINUITY/FINAL_B_20260915_1409/N17_REFRESH/logs/nested_member_6_102.stdout	1274	2fc9f312e64b96d898d55571d393504c8aa896e3111c5c6da05cabe9dfee61ae
FILE	/Users/Shared/micah/Documents/TNN/TNN/Research/R33_NATIVE_N17_R27_CONTINUITY/FINAL_B_20260915_1409/N17_REFRESH/logs/archive_83.argv	95	15309f2f36423674367af903d3abea6f40ee9a27ec0634e3fed53165520dc1ae
FILE	/Users/Shared/micah/Documents/TNN/TNN/Research/R33_NATIVE_N17_R27_CONTINUITY/FINAL_B_20260915_1409/N17_REFRESH/logs/nested_member_2_139.stdout	3130	dad94b7b6a734511480e17a3a8f7535d732cc5f63889de29d179a7988badf42f
FILE	/Users/Shared/micah/Documents/TNN/TNN/Research/R33_NATIVE_N17_R27_CONTINUITY/FINAL_B_20260915_1409/N17_REFRESH/logs/project_pinmatch.stdout	0	e3b0c44298fc1c149afbf4c8996fb92427ae41e4649b934ca495991b7852b855
FILE	/Users/Shared/micah/Documents/TNN/TNN/Research/R33_NATIVE_N17_R27_CONTINUITY/FINAL_B_20260915_1409/N17_REFRESH/logs/expanded_74_23.stderr	0	e3b0c44298fc1c149afbf4c8996fb92427ae41e4649b934ca495991b7852b855
FILE	/Users/Shared/micah/Documents/TNN/TNN/Research/R33_NATIVE_N17_R27_CONTINUITY/FINAL_B_20260915_1409/N17_REFRESH/logs/expanded_44_616.exit	2	9a271f2a916b0b6ee6cecb2426f0b3206ef074578be55d9bc94f6f3fe3ab86aa
FILE	/Users/Shared/micah/Documents/TNN/TNN/Research/R33_NATIVE_N17_R27_CONTINUITY/FINAL_B_20260915_1409/N17_REFRESH/logs/archive_38.exit	2	9a271f2a916b0b6ee6cecb2426f0b3206ef074578be55d9bc94f6f3fe3ab86aa
FILE	/Users/Shared/micah/Documents/TNN/TNN/Research/R33_NATIVE_N17_R27_CONTINUITY/FINAL_B_20260915_1409/N17_REFRESH/logs/expanded_43_20.exit	2	9a271f2a916b0b6ee6cecb2426f0b3206ef074578be55d9bc94f6f3fe3ab86aa
FILE	/Users/Shared/micah/Documents/TNN/TNN/Research/R33_NATIVE_N17_R27_CONTINUITY/FINAL_B_20260915_1409/N17_REFRESH/logs/member_38_1.stdout	15871908	31e670fcd2a2fefc02a1d032b8016bd93c28844df8ea40889593d030a2096e5a
FILE	/Users/Shared/micah/Documents/TNN/TNN/Research/R33_NATIVE_N17_R27_CONTINUITY/FINAL_B_20260915_1409/N17_REFRESH/logs/build_bounded_allocator_tests.stderr	0	e3b0c44298fc1c149afbf4c8996fb92427ae41e4649b934ca495991b7852b855
FILE	/Users/Shared/micah/Documents/TNN/TNN/Research/R33_NATIVE_N17_R27_CONTINUITY/FINAL_B_20260915_1409/N17_REFRESH/logs/nested_member_1_70.exit	2	9a271f2a916b0b6ee6cecb2426f0b3206ef074578be55d9bc94f6f3fe3ab86aa
FILE	/Users/Shared/micah/Documents/TNN/TNN/Research/R33_NATIVE_N17_R27_CONTINUITY/FINAL_B_20260915_1409/N17_REFRESH/logs/expanded_44_609.stdout	3388	da6218074f4059633ffd017b3851addf2712ff7ad21b9868bd488e13abac746e
FILE	/Users/Shared/micah/Documents/TNN/TNN/Research/R33_NATIVE_N17_R27_CONTINUITY/FINAL_B_20260915_1409/N17_REFRESH/logs/archive_87.stdout	96	5da0baf3429cfe658955518f7c44cda4a468c88bc287d5fb6b77067fd4d88296
FILE	/Users/Shared/micah/Documents/TNN/TNN/Research/R33_NATIVE_N17_R27_CONTINUITY/FINAL_B_20260915_1409/N17_REFRESH/logs/expanded_31_23.stdout	15877	d63703dbec2a65ab1888df5ccb38382bb7afe237865ce271c217104482185199
FILE	/Users/Shared/micah/Documents/TNN/TNN/Research/R33_NATIVE_N17_R27_CONTINUITY/FINAL_B_20260915_1409/N17_REFRESH/logs/nested_member_1_126.argv	210	7b184c0d6b94579e14d1207c5c1beace160489dd2e7365b5df76fcbd058d2d56
FILE	/Users/Shared/micah/Documents/TNN/TNN/Research/R33_NATIVE_N17_R27_CONTINUITY/FINAL_B_20260915_1409/N17_REFRESH/logs/archive_25.stderr	0	e3b0c44298fc1c149afbf4c8996fb92427ae41e4649b934ca495991b7852b855
FILE	/Users/Shared/micah/Documents/TNN/TNN/Research/R33_NATIVE_N17_R27_CONTINUITY/FINAL_B_20260915_1409/N17_REFRESH/logs/expanded_44_615.argv	165	6858bc96ac6d7a33ac96c4940b5db6258e9cfb46098257bf151c89249f18f0f2
FILE	/Users/Shared/micah/Documents/TNN/TNN/Research/R33_NATIVE_N17_R27_CONTINUITY/FINAL_B_20260915_1409/N17_REFRESH/logs/archive_80.exit	2	9a271f2a916b0b6ee6cecb2426f0b3206ef074578be55d9bc94f6f3fe3ab86aa
FILE	/Users/Shared/micah/Documents/TNN/TNN/Research/R33_NATIVE_N17_R27_CONTINUITY/FINAL_B_20260915_1409/N17_REFRESH/logs/expanded_17_201.exit	2	9a271f2a916b0b6ee6cecb2426f0b3206ef074578be55d9bc94f6f3fe3ab86aa
FILE	/Users/Shared/micah/Documents/TNN/TNN/Research/R33_NATIVE_N17_R27_CONTINUITY/FINAL_B_20260915_1409/N17_REFRESH/logs/expanded_44_641.exit	2	9a271f2a916b0b6ee6cecb2426f0b3206ef074578be55d9bc94f6f3fe3ab86aa
FILE	/Users/Shared/micah/Documents/TNN/TNN/Research/R33_NATIVE_N17_R27_CONTINUITY/FINAL_B_20260915_1409/N17_REFRESH/logs/expanded_75_54.argv	150	d0009e817dafa072470c7a3d522fbd85f263e628c8db50d0108df8a6d524b90f
FILE	/Users/Shared/micah/Documents/TNN/TNN/Research/R33_NATIVE_N17_R27_CONTINUITY/FINAL_B_20260915_1409/N17_REFRESH/logs/expanded_38_623.argv	175	ea264b793d48a88f7945693e10710ee07c1ed7e6ef52efe475e1f8679ac54daa
FILE	/Users/Shared/micah/Documents/TNN/TNN/Research/R33_NATIVE_N17_R27_CONTINUITY/FINAL_B_20260915_1409/N17_REFRESH/logs/expanded_47_34.exit	2	9a271f2a916b0b6ee6cecb2426f0b3206ef074578be55d9bc94f6f3fe3ab86aa
FILE	/Users/Shared/micah/Documents/TNN/TNN/Research/R33_NATIVE_N17_R27_CONTINUITY/FINAL_B_20260915_1409/N17_REFRESH/logs/archive_58.stderr	56	d020996efa8ef774f2a5b5df38bdab4a049eb9bb54bf82ec8618c616a66fe9e2
FILE	/Users/Shared/micah/Documents/TNN/TNN/Research/R33_NATIVE_N17_R27_CONTINUITY/FINAL_B_20260915_1409/N17_REFRESH/logs/nested_member_3_126.stdout	43896	9390a2bfd21ced78313420a9792436631cd4401e02ff240ff19f32af0c3b2c5d
FILE	/Users/Shared/micah/Documents/TNN/TNN/Research/R33_NATIVE_N17_R27_CONTINUITY/FINAL_B_20260915_1409/N17_REFRESH/logs/project_rows.exit	2	9a271f2a916b0b6ee6cecb2426f0b3206ef074578be55d9bc94f6f3fe3ab86aa
FILE	/Users/Shared/micah/Documents/TNN/TNN/Research/R33_NATIVE_N17_R27_CONTINUITY/FINAL_B_20260915_1409/N17_REFRESH/logs/expanded_44_614.argv	177	336ef16a9c34f74566f5172333b1446d8099e1d52e092125a3b8a010c8daebaf
FILE	/Users/Shared/micah/Documents/TNN/TNN/Research/R33_NATIVE_N17_R27_CONTINUITY/FINAL_B_20260915_1409/N17_REFRESH/logs/nested_member_4_102.stderr	0	e3b0c44298fc1c149afbf4c8996fb92427ae41e4649b934ca495991b7852b855
FILE	/Users/Shared/micah/Documents/TNN/TNN/Research/R33_NATIVE_N17_R27_CONTINUITY/FINAL_B_20260915_1409/N17_REFRESH/logs/nested_member_2_538.stderr	0	e3b0c44298fc1c149afbf4c8996fb92427ae41e4649b934ca495991b7852b855
FILE	/Users/Shared/micah/Documents/TNN/TNN/Research/R33_NATIVE_N17_R27_CONTINUITY/FINAL_B_20260915_1409/N17_REFRESH/logs/archive_81.exit	2	9a271f2a916b0b6ee6cecb2426f0b3206ef074578be55d9bc94f6f3fe3ab86aa
FILE	/Users/Shared/micah/Documents/TNN/TNN/Research/R33_NATIVE_N17_R27_CONTINUITY/FINAL_B_20260915_1409/N17_REFRESH/logs/expanded_17_200.exit	2	9a271f2a916b0b6ee6cecb2426f0b3206ef074578be55d9bc94f6f3fe3ab86aa
FILE	/Users/Shared/micah/Documents/TNN/TNN/Research/R33_NATIVE_N17_R27_CONTINUITY/FINAL_B_20260915_1409/N17_REFRESH/logs/nested_member_1_21.stdout	284	c751f2aed2132d91b030b77eef66d5cee87133a8430a0792d00ce44c9440239c
FILE	/Users/Shared/micah/Documents/TNN/TNN/Research/R33_NATIVE_N17_R27_CONTINUITY/FINAL_B_20260915_1409/N17_REFRESH/logs/expanded_75_55.argv	143	e299101722a4b65a997f40fb74de9ec8ae6faf0a46341e0f916ee1a0c2ee2244
FILE	/Users/Shared/micah/Documents/TNN/TNN/Research/R33_NATIVE_N17_R27_CONTINUITY/FINAL_B_20260915_1409/N17_REFRESH/logs/expanded_44_640.exit	2	9a271f2a916b0b6ee6cecb2426f0b3206ef074578be55d9bc94f6f3fe3ab86aa
FILE	/Users/Shared/micah/Documents/TNN/TNN/Research/R33_NATIVE_N17_R27_CONTINUITY/FINAL_B_20260915_1409/N17_REFRESH/logs/expanded_38_622.argv	157	59a45d7e70ebbb2d6602c58d886b645f756ca3f3b9bdc321fd6dcbe946e609a9
FILE	/Users/Shared/micah/Documents/TNN/TNN/Research/R33_NATIVE_N17_R27_CONTINUITY/FINAL_B_20260915_1409/N17_REFRESH/logs/nested_member_8_530.stderr	0	e3b0c44298fc1c149afbf4c8996fb92427ae41e4649b934ca495991b7852b855
FILE	/Users/Shared/micah/Documents/TNN/TNN/Research/R33_NATIVE_N17_R27_CONTINUITY/FINAL_B_20260915_1409/N17_REFRESH/logs/nested_member_1_83.stderr	0	e3b0c44298fc1c149afbf4c8996fb92427ae41e4649b934ca495991b7852b855
FILE	/Users/Shared/micah/Documents/TNN/TNN/Research/R33_NATIVE_N17_R27_CONTINUITY/FINAL_B_20260915_1409/N17_REFRESH/logs/expanded_47_48.stdout	1482	f641633296b739dcc798d424dc27be36b3955d4fcfc1dad942f9a30a4b3df51f
FILE	/Users/Shared/micah/Documents/TNN/TNN/Research/R33_NATIVE_N17_R27_CONTINUITY/FINAL_B_20260915_1409/N17_REFRESH/logs/project_memo.argv	517	d1ff241aeb3d9dfc64f9b73bc21ee0296c60b6bb7f02c58fe64d9f5dbedf3b9b
FILE	/Users/Shared/micah/Documents/TNN/TNN/Research/R33_NATIVE_N17_R27_CONTINUITY/FINAL_B_20260915_1409/N17_REFRESH/logs/classifier_final.argv	504	b014a75e15cabcbe1809e970c7bdbb0796b1063c58560850ec5c821d77a698b0
FILE	/Users/Shared/micah/Documents/TNN/TNN/Research/R33_NATIVE_N17_R27_CONTINUITY/FINAL_B_20260915_1409/N17_REFRESH/logs/nested_member_8_530.exit	2	9a271f2a916b0b6ee6cecb2426f0b3206ef074578be55d9bc94f6f3fe3ab86aa
FILE	/Users/Shared/micah/Documents/TNN/TNN/Research/R33_NATIVE_N17_R27_CONTINUITY/FINAL_B_20260915_1409/N17_REFRESH/logs/nested_member_1_127.argv	210	7e28dbc06ebf0a1839e10c6a45e78786ebf1fe0ff555221cc3f3805f0e64555b
FILE	/Users/Shared/micah/Documents/TNN/TNN/Research/R33_NATIVE_N17_R27_CONTINUITY/FINAL_B_20260915_1409/N17_REFRESH/logs/expanded_17_215.stdout	5072	41e043ff73621ff650d1ef1156ece8fc30478868f9d10a9ba6123191ad4a214e
FILE	/Users/Shared/micah/Documents/TNN/TNN/Research/R33_NATIVE_N17_R27_CONTINUITY/FINAL_B_20260915_1409/N17_REFRESH/logs/nested_list_3.stdout	8249	70861e1c855450303fadf308222dc3e40410e05bb582ea92c6dcecda6ac98f36
FILE	/Users/Shared/micah/Documents/TNN/TNN/Research/R33_NATIVE_N17_R27_CONTINUITY/FINAL_B_20260915_1409/N17_REFRESH/logs/expanded_38_621.exit	2	9a271f2a916b0b6ee6cecb2426f0b3206ef074578be55d9bc94f6f3fe3ab86aa
FILE	/Users/Shared/micah/Documents/TNN/TNN/Research/R33_NATIVE_N17_R27_CONTINUITY/FINAL_B_20260915_1409/N17_REFRESH/logs/expanded_75_56.exit	2	9a271f2a916b0b6ee6cecb2426f0b3206ef074578be55d9bc94f6f3fe3ab86aa
FILE	/Users/Shared/micah/Documents/TNN/TNN/Research/R33_NATIVE_N17_R27_CONTINUITY/FINAL_B_20260915_1409/N17_REFRESH/logs/expanded_44_643.argv	161	c1a316f9ff8f112b887ee0bde48cc51b0146c7130ab8161496eb28ea343751e0
FILE	/Users/Shared/micah/Documents/TNN/TNN/Research/R33_NATIVE_N17_R27_CONTINUITY/FINAL_B_20260915_1409/N17_REFRESH/logs/expanded_38_633.stderr	0	e3b0c44298fc1c149afbf4c8996fb92427ae41e4649b934ca495991b7852b855
FILE	/Users/Shared/micah/Documents/TNN/TNN/Research/R33_NATIVE_N17_R27_CONTINUITY/FINAL_B_20260915_1409/N17_REFRESH/logs/expanded_17_203.argv	135	4db31af08654d4ae79f6d6280a6c593e0dba5a65a136d18956cbebe912dbd251
FILE	/Users/Shared/micah/Documents/TNN/TNN/Research/R33_NATIVE_N17_R27_CONTINUITY/FINAL_B_20260915_1409/N17_REFRESH/logs/expanded_44_631.stdout	2628	1ac97c01987b15c9d5e422e47ce67f0148177573bb63c5f052fd638decd89e19
FILE	/Users/Shared/micah/Documents/TNN/TNN/Research/R33_NATIVE_N17_R27_CONTINUITY/FINAL_B_20260915_1409/N17_REFRESH/logs/archive_82.argv	171	8b5284cd8288a4236c88a7c6598ca0501b2037966cde9b7d402607263c44aee9
FILE	/Users/Shared/micah/Documents/TNN/TNN/Research/R33_NATIVE_N17_R27_CONTINUITY/FINAL_B_20260915_1409/N17_REFRESH/logs/expanded_33_24.stderr	0	e3b0c44298fc1c149afbf4c8996fb92427ae41e4649b934ca495991b7852b855
FILE	/Users/Shared/micah/Documents/TNN/TNN/Research/R33_NATIVE_N17_R27_CONTINUITY/FINAL_B_20260915_1409/N17_REFRESH/logs/expanded_47_62.exit	2	9a271f2a916b0b6ee6cecb2426f0b3206ef074578be55d9bc94f6f3fe3ab86aa
FILE	/Users/Shared/micah/Documents/TNN/TNN/Research/R33_NATIVE_N17_R27_CONTINUITY/FINAL_B_20260915_1409/N17_REFRESH/logs/project_rows.stdout	0	e3b0c44298fc1c149afbf4c8996fb92427ae41e4649b934ca495991b7852b855
FILE	/Users/Shared/micah/Documents/TNN/TNN/Research/R33_NATIVE_N17_R27_CONTINUITY/FINAL_B_20260915_1409/N17_REFRESH/logs/expanded_46_125.stderr	0	e3b0c44298fc1c149afbf4c8996fb92427ae41e4649b934ca495991b7852b855
FILE	/Users/Shared/micah/Documents/TNN/TNN/Research/R33_NATIVE_N17_R27_CONTINUITY/FINAL_B_20260915_1409/N17_REFRESH/logs/nested_member_8_84.exit	2	9a271f2a916b0b6ee6cecb2426f0b3206ef074578be55d9bc94f6f3fe3ab86aa
FILE	/Users/Shared/micah/Documents/TNN/TNN/Research/R33_NATIVE_N17_R27_CONTINUITY/FINAL_B_20260915_1409/N17_REFRESH/logs/expanded_44_617.exit	2	9a271f2a916b0b6ee6cecb2426f0b3206ef074578be55d9bc94f6f3fe3ab86aa
FILE	/Users/Shared/micah/Documents/TNN/TNN/Research/R33_NATIVE_N17_R27_CONTINUITY/FINAL_B_20260915_1409/N17_REFRESH/logs/expanded_43_21.exit	2	9a271f2a916b0b6ee6cecb2426f0b3206ef074578be55d9bc94f6f3fe3ab86aa
FILE	/Users/Shared/micah/Documents/TNN/TNN/Research/R33_NATIVE_N17_R27_CONTINUITY/FINAL_B_20260915_1409/N17_REFRESH/logs/archive_39.exit	2	9a271f2a916b0b6ee6cecb2426f0b3206ef074578be55d9bc94f6f3fe3ab86aa
FILE	/Users/Shared/micah/Documents/TNN/TNN/Research/R33_NATIVE_N17_R27_CONTINUITY/FINAL_B_20260915_1409/N17_REFRESH/logs/member_31_0.stdout	3703	047b2e460bbaa322c737034b42f63587b0839681e417fc152a213c4a3033ce0d
FILE	/Users/Shared/micah/Documents/TNN/TNN/Research/R33_NATIVE_N17_R27_CONTINUITY/FINAL_B_20260915_1409/N17_REFRESH/logs/archive_60.stderr	56	d020996efa8ef774f2a5b5df38bdab4a049eb9bb54bf82ec8618c616a66fe9e2
FILE	/Users/Shared/micah/Documents/TNN/TNN/Research/R33_NATIVE_N17_R27_CONTINUITY/FINAL_B_20260915_1409/N17_REFRESH/logs/nested_member_1_124.exit	2	9a271f2a916b0b6ee6cecb2426f0b3206ef074578be55d9bc94f6f3fe3ab86aa
FILE	/Users/Shared/micah/Documents/TNN/TNN/Research/R33_NATIVE_N17_R27_CONTINUITY/FINAL_B_20260915_1409/N17_REFRESH/logs/expanded_55_33.stderr	0	e3b0c44298fc1c149afbf4c8996fb92427ae41e4649b934ca495991b7852b855
FILE	/Users/Shared/micah/Documents/TNN/TNN/Research/R33_NATIVE_N17_R27_CONTINUITY/FINAL_B_20260915_1409/N17_REFRESH/logs/member_30_0.stdout	5711	349d41bac3a159f9c74b3dd1ea79b1cfbcb2f51071180e7edb982f57a04c2693
FILE	/Users/Shared/micah/Documents/TNN/TNN/Research/R33_NATIVE_N17_R27_CONTINUITY/FINAL_B_20260915_1409/N17_REFRESH/logs/archive_6.stdout	114	255e609246722b2a5ef240a8bc9912eb4af55792d3562ec92aebc878f82a5a36
FILE	/Users/Shared/micah/Documents/TNN/TNN/Research/R33_NATIVE_N17_R27_CONTINUITY/FINAL_B_20260915_1409/N17_REFRESH/logs/expanded_40_31.stdout	8333	31c17b019457d6855bdad7b6de151802f7876bebcd064850bcb45da32a9d9e45
FILE	/Users/Shared/micah/Documents/TNN/TNN/Research/R33_NATIVE_N17_R27_CONTINUITY/FINAL_B_20260915_1409/N17_REFRESH/logs/expanded_11_23.stderr	0	e3b0c44298fc1c149afbf4c8996fb92427ae41e4649b934ca495991b7852b855
FILE	/Users/Shared/micah/Documents/TNN/TNN/Research/R33_NATIVE_N17_R27_CONTINUITY/FINAL_B_20260915_1409/N17_REFRESH/logs/project_record_final.exit	2	9a271f2a916b0b6ee6cecb2426f0b3206ef074578be55d9bc94f6f3fe3ab86aa
FILE	/Users/Shared/micah/Documents/TNN/TNN/Research/R33_NATIVE_N17_R27_CONTINUITY/FINAL_B_20260915_1409/N17_REFRESH/logs/member_52_1.stdout	3845	0a426ad025d652ae780a0ccb3d5437e4a807c660fe722ede8a434fb3009df579
FILE	/Users/Shared/micah/Documents/TNN/TNN/Research/R33_NATIVE_N17_R27_CONTINUITY/FINAL_B_20260915_1409/N17_REFRESH/logs/expanded_40_31.exit	2	9a271f2a916b0b6ee6cecb2426f0b3206ef074578be55d9bc94f6f3fe3ab86aa
FILE	/Users/Shared/micah/Documents/TNN/TNN/Research/R33_NATIVE_N17_R27_CONTINUITY/FINAL_B_20260915_1409/N17_REFRESH/logs/expanded_17_215.argv	130	fb445712cfb3ff7bd5f1b41af3b7572552bb70d6ca2ffab1167ab3e9933637b8
FILE	/Users/Shared/micah/Documents/TNN/TNN/Research/R33_NATIVE_N17_R27_CONTINUITY/FINAL_B_20260915_1409/N17_REFRESH/logs/expanded_18_31.argv	146	85e0fdd87368c2f9e4736114a318dc657dda75f3e3af624d264b786d4125dc30
FILE	/Users/Shared/micah/Documents/TNN/TNN/Research/R33_NATIVE_N17_R27_CONTINUITY/FINAL_B_20260915_1409/N17_REFRESH/logs/expanded_38_637.exit	2	9a271f2a916b0b6ee6cecb2426f0b3206ef074578be55d9bc94f6f3fe3ab86aa
FILE	/Users/Shared/micah/Documents/TNN/TNN/Research/R33_NATIVE_N17_R27_CONTINUITY/FINAL_B_20260915_1409/N17_REFRESH/logs/expanded_33_28.stderr	0	e3b0c44298fc1c149afbf4c8996fb92427ae41e4649b934ca495991b7852b855
FILE	/Users/Shared/micah/Documents/TNN/TNN/Research/R33_NATIVE_N17_R27_CONTINUITY/FINAL_B_20260915_1409/N17_REFRESH/logs/project_r25_full_digest_exact_parent_v1_runner.stderr	0	e3b0c44298fc1c149afbf4c8996fb92427ae41e4649b934ca495991b7852b855
FILE	/Users/Shared/micah/Documents/TNN/TNN/Research/R33_NATIVE_N17_R27_CONTINUITY/FINAL_B_20260915_1409/N17_REFRESH/logs/expanded_4_25.stdout	3129	2503e82e12445cfd73809d7a3cecf840ff65601011ec3c449bdf45a68ac354fc
FILE	/Users/Shared/micah/Documents/TNN/TNN/Research/R33_NATIVE_N17_R27_CONTINUITY/FINAL_B_20260915_1409/N17_REFRESH/logs/source_gate_missing.exit	3	8e37bed9dff3949ffd23ae638260dff869f5cc26e551f2a9e5e289a8888949fa
FILE	/Users/Shared/micah/Documents/TNN/TNN/Research/R33_NATIVE_N17_R27_CONTINUITY/FINAL_B_20260915_1409/N17_REFRESH/logs/expanded_54_31.stdout	3364	4913892894b08286845a84ff50f3dc3e85aea1bc6c6590ade7ea3a2e866737b5
FILE	/Users/Shared/micah/Documents/TNN/TNN/Research/R33_NATIVE_N17_R27_CONTINUITY/FINAL_B_20260915_1409/N17_REFRESH/logs/archive_11.stderr	0	e3b0c44298fc1c149afbf4c8996fb92427ae41e4649b934ca495991b7852b855
FILE	/Users/Shared/micah/Documents/TNN/TNN/Research/R33_NATIVE_N17_R27_CONTINUITY/FINAL_B_20260915_1409/N17_REFRESH/logs/expanded_55_42.stderr	0	e3b0c44298fc1c149afbf4c8996fb92427ae41e4649b934ca495991b7852b855
FILE	/Users/Shared/micah/Documents/TNN/TNN/Research/R33_NATIVE_N17_R27_CONTINUITY/FINAL_B_20260915_1409/N17_REFRESH/logs/expanded_17_219.stdout	1335	b9d8b6e0cbbded1e181ea93466de499d8544918f3fc33748814580a0fcb25c04
FILE	/Users/Shared/micah/Documents/TNN/TNN/Research/R33_NATIVE_N17_R27_CONTINUITY/FINAL_B_20260915_1409/N17_REFRESH/logs/member_8_0.argv	123	95419fe918643c317061e63d5971893c8f72476d56f5ce590ea960e0c7661ea0
FILE	/Users/Shared/micah/Documents/TNN/TNN/Research/R33_NATIVE_N17_R27_CONTINUITY/FINAL_B_20260915_1409/N17_REFRESH/logs/expanded_46_125.argv	143	dce9475ed1b300da136e02bac5a3274d6f297f044c499d4d3d681210c3b99fb1
FILE	/Users/Shared/micah/Documents/TNN/TNN/Research/R33_NATIVE_N17_R27_CONTINUITY/FINAL_B_20260915_1409/N17_REFRESH/logs/expanded_5_89.stdout	1425	1b4e3e5b7e2b3aa5a2463d8ac77b44109cf5b2e9810f1a2ad2533e7954007253
FILE	/Users/Shared/micah/Documents/TNN/TNN/Research/R33_NATIVE_N17_R27_CONTINUITY/FINAL_B_20260915_1409/N17_REFRESH/logs/expanded_52_118.exit	2	9a271f2a916b0b6ee6cecb2426f0b3206ef074578be55d9bc94f6f3fe3ab86aa
FILE	/Users/Shared/micah/Documents/TNN/TNN/Research/R33_NATIVE_N17_R27_CONTINUITY/FINAL_B_20260915_1409/N17_REFRESH/logs/expanded_40_27.exit	2	9a271f2a916b0b6ee6cecb2426f0b3206ef074578be55d9bc94f6f3fe3ab86aa
FILE	/Users/Shared/micah/Documents/TNN/TNN/Research/R33_NATIVE_N17_R27_CONTINUITY/FINAL_B_20260915_1409/N17_REFRESH/logs/nested_member_7_536.stderr	0	e3b0c44298fc1c149afbf4c8996fb92427ae41e4649b934ca495991b7852b855
FILE	/Users/Shared/micah/Documents/TNN/TNN/Research/R33_NATIVE_N17_R27_CONTINUITY/FINAL_B_20260915_1409/N17_REFRESH/logs/expanded_54_64.exit	2	9a271f2a916b0b6ee6cecb2426f0b3206ef074578be55d9bc94f6f3fe3ab86aa
FILE	/Users/Shared/micah/Documents/TNN/TNN/Research/R33_NATIVE_N17_R27_CONTINUITY/FINAL_B_20260915_1409/N17_REFRESH/logs/expanded_38_642.stderr	0	e3b0c44298fc1c149afbf4c8996fb92427ae41e4649b934ca495991b7852b855
FILE	/Users/Shared/micah/Documents/TNN/TNN/Research/R33_NATIVE_N17_R27_CONTINUITY/FINAL_B_20260915_1409/N17_REFRESH/logs/expanded_44_640.stdout	2496	13b5e7fac4e0322805293a0595701887ddf5668fca11e891dee142a953aeadd8
FILE	/Users/Shared/micah/Documents/TNN/TNN/Research/R33_NATIVE_N17_R27_CONTINUITY/FINAL_B_20260915_1409/N17_REFRESH/logs/expanded_11_28.exit	2	9a271f2a916b0b6ee6cecb2426f0b3206ef074578be55d9bc94f6f3fe3ab86aa
FILE	/Users/Shared/micah/Documents/TNN/TNN/Research/R33_NATIVE_N17_R27_CONTINUITY/FINAL_B_20260915_1409/N17_REFRESH/logs/project_pinmatch.exit	2	9a271f2a916b0b6ee6cecb2426f0b3206ef074578be55d9bc94f6f3fe3ab86aa
FILE	/Users/Shared/micah/Documents/TNN/TNN/Research/R33_NATIVE_N17_R27_CONTINUITY/FINAL_B_20260915_1409/N17_REFRESH/logs/nested_member_1_64.argv	212	a1e7b63c711b2040c6077ab845c3f1ef8456452b707bf38419757c5b3c0a6ae3
FILE	/Users/Shared/micah/Documents/TNN/TNN/Research/R33_NATIVE_N17_R27_CONTINUITY/FINAL_B_20260915_1409/N17_REFRESH/logs/member_75_0.stderr	0	e3b0c44298fc1c149afbf4c8996fb92427ae41e4649b934ca495991b7852b855
FILE	/Users/Shared/micah/Documents/TNN/TNN/Research/R33_NATIVE_N17_R27_CONTINUITY/FINAL_B_20260915_1409/N17_REFRESH/logs/expanded_38_621.stderr	0	e3b0c44298fc1c149afbf4c8996fb92427ae41e4649b934ca495991b7852b855
FILE	/Users/Shared/micah/Documents/TNN/TNN/Research/R33_NATIVE_N17_R27_CONTINUITY/FINAL_B_20260915_1409/N17_REFRESH/logs/expanded_44_623.stdout	4841	a27fa1dd7f2312f4afd7334da12423650d266171c46a854362d6c806c8b3d335
FILE	/Users/Shared/micah/Documents/TNN/TNN/Research/R33_NATIVE_N17_R27_CONTINUITY/FINAL_B_20260915_1409/N17_REFRESH/logs/expanded_17_207.stdout	49396	202cff2b26a2c260924b35dc4280aa6b185f9b8dd153ab5a467c721cc7ae0253
FILE	/Users/Shared/micah/Documents/TNN/TNN/Research/R33_NATIVE_N17_R27_CONTINUITY/FINAL_B_20260915_1409/N17_REFRESH/logs/member_74_0.stderr	0	e3b0c44298fc1c149afbf4c8996fb92427ae41e4649b934ca495991b7852b855
FILE	/Users/Shared/micah/Documents/TNN/TNN/Research/R33_NATIVE_N17_R27_CONTINUITY/FINAL_B_20260915_1409/N17_REFRESH/logs/member_17_1.stderr	0	e3b0c44298fc1c149afbf4c8996fb92427ae41e4649b934ca495991b7852b855
FILE	/Users/Shared/micah/Documents/TNN/TNN/Research/R33_NATIVE_N17_R27_CONTINUITY/FINAL_B_20260915_1409/N17_REFRESH/logs/expanded_47_39.stdout	12533	eb1fe5e753df8cfe27ce5f89cafa43c44d4de2dd619e1754bb9a478f8f8a4a81
FILE	/Users/Shared/micah/Documents/TNN/TNN/Research/R33_NATIVE_N17_R27_CONTINUITY/FINAL_B_20260915_1409/N17_REFRESH/logs/expanded_38_634.argv	163	aca39834569e82c6471bfb19bc58fcb0ef5261f12d673d709bee3055994a2477
FILE	/Users/Shared/micah/Documents/TNN/TNN/Research/R33_NATIVE_N17_R27_CONTINUITY/FINAL_B_20260915_1409/N17_REFRESH/logs/expanded_44_656.exit	2	9a271f2a916b0b6ee6cecb2426f0b3206ef074578be55d9bc94f6f3fe3ab86aa
FILE	/Users/Shared/micah/Documents/TNN/TNN/Research/R33_NATIVE_N17_R27_CONTINUITY/FINAL_B_20260915_1409/N17_REFRESH/logs/archive_78.exit	2	9a271f2a916b0b6ee6cecb2426f0b3206ef074578be55d9bc94f6f3fe3ab86aa
FILE	/Users/Shared/micah/Documents/TNN/TNN/Research/R33_NATIVE_N17_R27_CONTINUITY/FINAL_B_20260915_1409/N17_REFRESH/logs/expanded_52_123.stdout	49396	202cff2b26a2c260924b35dc4280aa6b185f9b8dd153ab5a467c721cc7ae0253
FILE	/Users/Shared/micah/Documents/TNN/TNN/Research/R33_NATIVE_N17_R27_CONTINUITY/FINAL_B_20260915_1409/N17_REFRESH/logs/expanded_17_216.exit	2	9a271f2a916b0b6ee6cecb2426f0b3206ef074578be55d9bc94f6f3fe3ab86aa
FILE	/Users/Shared/micah/Documents/TNN/TNN/Research/R33_NATIVE_N17_R27_CONTINUITY/FINAL_B_20260915_1409/N17_REFRESH/logs/nested_member_7_528.stderr	0	e3b0c44298fc1c149afbf4c8996fb92427ae41e4649b934ca495991b7852b855
FILE	/Users/Shared/micah/Documents/TNN/TNN/Research/R33_NATIVE_N17_R27_CONTINUITY/FINAL_B_20260915_1409/N17_REFRESH/logs/nested_member_6_136.stdout	2696	16e785b68df61c7fa96ab423967078de9fcea7fc68ff185a3e7140b6c88593c4
FILE	/Users/Shared/micah/Documents/TNN/TNN/Research/R33_NATIVE_N17_R27_CONTINUITY/FINAL_B_20260915_1409/N17_REFRESH/logs/archive_72.stderr	56	d020996efa8ef774f2a5b5df38bdab4a049eb9bb54bf82ec8618c616a66fe9e2
FILE	/Users/Shared/micah/Documents/TNN/TNN/Research/R33_NATIVE_N17_R27_CONTINUITY/FINAL_B_20260915_1409/N17_REFRESH/logs/expanded_40_24.argv	139	84e86b96d052a2440af8253f281ec8c4cee73bd2c9a637422d705d7ff1bed8c2
FILE	/Users/Shared/micah/Documents/TNN/TNN/Research/R33_NATIVE_N17_R27_CONTINUITY/FINAL_B_20260915_1409/N17_REFRESH/logs/nested_member_1_112.stderr	0	e3b0c44298fc1c149afbf4c8996fb92427ae41e4649b934ca495991b7852b855
FILE	/Users/Shared/micah/Documents/TNN/TNN/Research/R33_NATIVE_N17_R27_CONTINUITY/FINAL_B_20260915_1409/N17_REFRESH/logs/expanded_4_22.exit	2	9a271f2a916b0b6ee6cecb2426f0b3206ef074578be55d9bc94f6f3fe3ab86aa
FILE	/Users/Shared/micah/Documents/TNN/TNN/Research/R33_NATIVE_N17_R27_CONTINUITY/FINAL_B_20260915_1409/N17_REFRESH/logs/expanded_46_126.exit	2	9a271f2a916b0b6ee6cecb2426f0b3206ef074578be55d9bc94f6f3fe3ab86aa
FILE	/Users/Shared/micah/Documents/TNN/TNN/Research/R33_NATIVE_N17_R27_CONTINUITY/FINAL_B_20260915_1409/N17_REFRESH/logs/expanded_31_22.argv	135	e240996d2d86e0bf2b4c4e8d214bf19998d86999a0f2759ad2f802449196e03b
FILE	/Users/Shared/micah/Documents/TNN/TNN/Research/R33_NATIVE_N17_R27_CONTINUITY/FINAL_B_20260915_1409/N17_REFRESH/logs/expanded_54_33.exit	2	9a271f2a916b0b6ee6cecb2426f0b3206ef074578be55d9bc94f6f3fe3ab86aa
FILE	/Users/Shared/micah/Documents/TNN/TNN/Research/R33_NATIVE_N17_R27_CONTINUITY/FINAL_B_20260915_1409/N17_REFRESH/logs/nested_member_4_537.stdout	2384	35afee20280381cfd6fbf7bdb059f1025b46cba156849f03cdffc32036e2d973
FILE	/Users/Shared/micah/Documents/TNN/TNN/Research/R33_NATIVE_N17_R27_CONTINUITY/FINAL_B_20260915_1409/N17_REFRESH/logs/nested_member_8_84.stdout	2696	16e785b68df61c7fa96ab423967078de9fcea7fc68ff185a3e7140b6c88593c4
FILE	/Users/Shared/micah/Documents/TNN/TNN/Research/R33_NATIVE_N17_R27_CONTINUITY/FINAL_B_20260915_1409/N17_REFRESH/logs/expanded_11_31.stderr	0	e3b0c44298fc1c149afbf4c8996fb92427ae41e4649b934ca495991b7852b855
FILE	/Users/Shared/micah/Documents/TNN/TNN/Research/R33_NATIVE_N17_R27_CONTINUITY/FINAL_B_20260915_1409/N17_REFRESH/logs/expanded_38_609.stderr	0	e3b0c44298fc1c149afbf4c8996fb92427ae41e4649b934ca495991b7852b855
FILE	/Users/Shared/micah/Documents/TNN/TNN/Research/R33_NATIVE_N17_R27_CONTINUITY/FINAL_B_20260915_1409/N17_REFRESH/logs/nested_member_4_538.argv	203	882a15a25e2d6a2754a26a85f17da92915565ce36b66351a4e142a0c068d52f5
FILE	/Users/Shared/micah/Documents/TNN/TNN/Research/R33_NATIVE_N17_R27_CONTINUITY/FINAL_B_20260915_1409/N17_REFRESH/logs/expanded_17_198.stdout	6651	3a3a134d38e43d1aa6884517a9453c4a1b970409af54da5d250d5bdb20032632
FILE	/Users/Shared/micah/Documents/TNN/TNN/Research/R33_NATIVE_N17_R27_CONTINUITY/FINAL_B_20260915_1409/N17_REFRESH/logs/archive_85.stdout	27	7e6746b4f3f133f63cf11928ef58f96e123d2165ab866ccd286fbae0b836fa44
FILE	/Users/Shared/micah/Documents/TNN/TNN/Research/R33_NATIVE_N17_R27_CONTINUITY/FINAL_B_20260915_1409/N17_REFRESH/logs/nested_member_7_139.stdout	3130	dad94b7b6a734511480e17a3a8f7535d732cc5f63889de29d179a7988badf42f
FILE	/Users/Shared/micah/Documents/TNN/TNN/Research/R33_NATIVE_N17_R27_CONTINUITY/FINAL_B_20260915_1409/N17_REFRESH/logs/expanded_9_57.exit	2	9a271f2a916b0b6ee6cecb2426f0b3206ef074578be55d9bc94f6f3fe3ab86aa
FILE	/Users/Shared/micah/Documents/TNN/TNN/Research/R33_NATIVE_N17_R27_CONTINUITY/FINAL_B_20260915_1409/N17_REFRESH/logs/nested_member_5_538.argv	205	c80f79292ab37f5d328c2b4e9af9dcfddff22a2b7a887ec61ad59bf625743bc5
FILE	/Users/Shared/micah/Documents/TNN/TNN/Research/R33_NATIVE_N17_R27_CONTINUITY/FINAL_B_20260915_1409/N17_REFRESH/logs/archive_27.stderr	0	e3b0c44298fc1c149afbf4c8996fb92427ae41e4649b934ca495991b7852b855
FILE	/Users/Shared/micah/Documents/TNN/TNN/Research/R33_NATIVE_N17_R27_CONTINUITY/FINAL_B_20260915_1409/N17_REFRESH/logs/nested_member_6_527.stderr	0	e3b0c44298fc1c149afbf4c8996fb92427ae41e4649b934ca495991b7852b855
FILE	/Users/Shared/micah/Documents/TNN/TNN/Research/R33_NATIVE_N17_R27_CONTINUITY/FINAL_B_20260915_1409/N17_REFRESH/logs/nested_member_5_538.stdout	1311	685dd7f076cb8db957b0e48b5d331675ffb49f694597a6ef621032dfd8a9405a
FILE	/Users/Shared/micah/Documents/TNN/TNN/Research/R33_NATIVE_N17_R27_CONTINUITY/FINAL_B_20260915_1409/N17_REFRESH/logs/archive_0.argv	72	f772dc2c01f7c7146af168e292adcb32a253dc69f3aaa9941b557121bdcc7f53
FILE	/Users/Shared/micah/Documents/TNN/TNN/Research/R33_NATIVE_N17_R27_CONTINUITY/FINAL_B_20260915_1409/N17_REFRESH/logs/expanded_55_31.argv	198	177eb6974c87ead7d28d4fc8cbd5eb4645115da86fea854963a4df6a1008f1d6
FILE	/Users/Shared/micah/Documents/TNN/TNN/Research/R33_NATIVE_N17_R27_CONTINUITY/FINAL_B_20260915_1409/N17_REFRESH/logs/archive_57.argv	165	6b6e39bc6cf1bb70cf0eb5158743bc1701514f21b604a1ac65fb7eca4642555e
FILE	/Users/Shared/micah/Documents/TNN/TNN/Research/R33_NATIVE_N17_R27_CONTINUITY/FINAL_B_20260915_1409/N17_REFRESH/logs/nested_member_3_117.exit	2	9a271f2a916b0b6ee6cecb2426f0b3206ef074578be55d9bc94f6f3fe3ab86aa
FILE	/Users/Shared/micah/Documents/TNN/TNN/Research/R33_NATIVE_N17_R27_CONTINUITY/FINAL_B_20260915_1409/N17_REFRESH/logs/expanded_54_48.exit	2	9a271f2a916b0b6ee6cecb2426f0b3206ef074578be55d9bc94f6f3fe3ab86aa
FILE	/Users/Shared/micah/Documents/TNN/TNN/Research/R33_NATIVE_N17_R27_CONTINUITY/FINAL_B_20260915_1409/N17_REFRESH/logs/expanded_19_201.argv	124	0d40ac4a9c31f934f38a0d394e46a58dc25b7af44cd9bc61041e0eb8206d2ec9
FILE	/Users/Shared/micah/Documents/TNN/TNN/Research/R33_NATIVE_N17_R27_CONTINUITY/FINAL_B_20260915_1409/N17_REFRESH/logs/nested_member_3_21.exit	2	9a271f2a916b0b6ee6cecb2426f0b3206ef074578be55d9bc94f6f3fe3ab86aa
FILE	/Users/Shared/micah/Documents/TNN/TNN/Research/R33_NATIVE_N17_R27_CONTINUITY/FINAL_B_20260915_1409/N17_REFRESH/logs/nested_member_7_532.exit	2	9a271f2a916b0b6ee6cecb2426f0b3206ef074578be55d9bc94f6f3fe3ab86aa
FILE	/Users/Shared/micah/Documents/TNN/TNN/Research/R33_NATIVE_N17_R27_CONTINUITY/FINAL_B_20260915_1409/N17_REFRESH/logs/archive_54.exit	2	9a271f2a916b0b6ee6cecb2426f0b3206ef074578be55d9bc94f6f3fe3ab86aa
FILE	/Users/Shared/micah/Documents/TNN/TNN/Research/R33_NATIVE_N17_R27_CONTINUITY/FINAL_B_20260915_1409/N17_REFRESH/logs/expanded_38_618.argv	174	9d6077ea54e52cb209bc7816229af022abdb1b06152ecb94717a150fdb8e4b95
FILE	/Users/Shared/micah/Documents/TNN/TNN/Research/R33_NATIVE_N17_R27_CONTINUITY/FINAL_B_20260915_1409/N17_REFRESH/logs/archive_3.exit	2	9a271f2a916b0b6ee6cecb2426f0b3206ef074578be55d9bc94f6f3fe3ab86aa
FILE	/Users/Shared/micah/Documents/TNN/TNN/Research/R33_NATIVE_N17_R27_CONTINUITY/FINAL_B_20260915_1409/N17_REFRESH/logs/nested_member_6_532.exit	2	9a271f2a916b0b6ee6cecb2426f0b3206ef074578be55d9bc94f6f3fe3ab86aa
FILE	/Users/Shared/micah/Documents/TNN/TNN/Research/R33_NATIVE_N17_R27_CONTINUITY/FINAL_B_20260915_1409/N17_REFRESH/logs/expanded_52_115.stdout	2755	9fa483620e23c2b82e33e8657ec6394df46df15715ee267b0c646363c25a2e4a
FILE	/Users/Shared/micah/Documents/TNN/TNN/Research/R33_NATIVE_N17_R27_CONTINUITY/FINAL_B_20260915_1409/N17_REFRESH/logs/expanded_19_202.stdout	2411	023dd00b398979c0c2c2ad9a4153edbd77fce92ce6015c6aa631e132eba6c31a
FILE	/Users/Shared/micah/Documents/TNN/TNN/Research/R33_NATIVE_N17_R27_CONTINUITY/FINAL_B_20260915_1409/N17_REFRESH/logs/expanded_9_54.argv	147	7bfc9acc8bbe3fadb2fafe4fe0b3183c6e3af0ad0ec1c147e4ac83327c8ced18
FILE	/Users/Shared/micah/Documents/TNN/TNN/Research/R33_NATIVE_N17_R27_CONTINUITY/FINAL_B_20260915_1409/N17_REFRESH/logs/expanded_38_617.stderr	0	e3b0c44298fc1c149afbf4c8996fb92427ae41e4649b934ca495991b7852b855
FILE	/Users/Shared/micah/Documents/TNN/TNN/Research/R33_NATIVE_N17_R27_CONTINUITY/FINAL_B_20260915_1409/N17_REFRESH/logs/expanded_44_615.stdout	5710	951c6d3062ea2b3622af18890ee5016c164b1638be1e42f2ae6001886b9e3375
FILE	/Users/Shared/micah/Documents/TNN/TNN/Research/R33_NATIVE_N17_R27_CONTINUITY/FINAL_B_20260915_1409/N17_REFRESH/logs/nested_member_7_136.argv	212	273e31309a77ebc53835b25071b1984e0c0b595381e246336ed4a6c6d5c132b0
FILE	/Users/Shared/micah/Documents/TNN/TNN/Research/R33_NATIVE_N17_R27_CONTINUITY/FINAL_B_20260915_1409/N17_REFRESH/logs/archive_39.stderr	0	e3b0c44298fc1c149afbf4c8996fb92427ae41e4649b934ca495991b7852b855
FILE	/Users/Shared/micah/Documents/TNN/TNN/Research/R33_NATIVE_N17_R27_CONTINUITY/FINAL_B_20260915_1409/N17_REFRESH/logs/nested_member_6_136.argv	215	aeb3a43f78859ad41a7dbefbba0bb5c8e2f89258fd329868d44ca6d40c2494ea
FILE	/Users/Shared/micah/Documents/TNN/TNN/Research/R33_NATIVE_N17_R27_CONTINUITY/FINAL_B_20260915_1409/N17_REFRESH/logs/expanded_19_202.exit	2	9a271f2a916b0b6ee6cecb2426f0b3206ef074578be55d9bc94f6f3fe3ab86aa
FILE	/Users/Shared/micah/Documents/TNN/TNN/Research/R33_NATIVE_N17_R27_CONTINUITY/FINAL_B_20260915_1409/N17_REFRESH/logs/nested_member_3_22.argv	198	2fcaf93363086576dc46a3c104baf8880406190c32ad36ce5ce37d78650ac894
FILE	/Users/Shared/micah/Documents/TNN/TNN/Research/R33_NATIVE_N17_R27_CONTINUITY/FINAL_B_20260915_1409/N17_REFRESH/logs/expanded_54_64.stdout	1633	9f840343b07c6efb4beb53c636c026f7b1275e5c7d30729ec03e0c960e72f18c
FILE	/Users/Shared/micah/Documents/TNN/TNN/Research/R33_NATIVE_N17_R27_CONTINUITY/FINAL_B_20260915_1409/N17_REFRESH/logs/nested_member_1_124.stderr	0	e3b0c44298fc1c149afbf4c8996fb92427ae41e4649b934ca495991b7852b855
FILE	/Users/Shared/micah/Documents/TNN/TNN/Research/R33_NATIVE_N17_R27_CONTINUITY/FINAL_B_20260915_1409/N17_REFRESH/logs/archive_44.stderr	0	e3b0c44298fc1c149afbf4c8996fb92427ae41e4649b934ca495991b7852b855
FILE	/Users/Shared/micah/Documents/TNN/TNN/Research/R33_NATIVE_N17_R27_CONTINUITY/FINAL_B_20260915_1409/N17_REFRESH/logs/archive_35.stderr	0	e3b0c44298fc1c149afbf4c8996fb92427ae41e4649b934ca495991b7852b855
FILE	/Users/Shared/micah/Documents/TNN/TNN/Research/R33_NATIVE_N17_R27_CONTINUITY/FINAL_B_20260915_1409/N17_REFRESH/logs/nested_member_8_142.stdout	222	4dcd659522c5c325537986cb529e35ca3105f74a380268d345308afd8f827025
FILE	/Users/Shared/micah/Documents/TNN/TNN/Research/R33_NATIVE_N17_R27_CONTINUITY/FINAL_B_20260915_1409/N17_REFRESH/logs/archive_42.exit	2	9a271f2a916b0b6ee6cecb2426f0b3206ef074578be55d9bc94f6f3fe3ab86aa
FILE	/Users/Shared/micah/Documents/TNN/TNN/Research/R33_NATIVE_N17_R27_CONTINUITY/FINAL_B_20260915_1409/N17_REFRESH/logs/expanded_44_619.stdout	3843	db50cdc6a83e658de713ffc26b772f37160850b829063afb891f43407afdae05
FILE	/Users/Shared/micah/Documents/TNN/TNN/Research/R33_NATIVE_N17_R27_CONTINUITY/FINAL_B_20260915_1409/N17_REFRESH/logs/expanded_52_119.stdout	49683	2c4e872f72df06d2c24488bc257dc0c299c41da3c42f2d8fac0a87953203f9a3
FILE	/Users/Shared/micah/Documents/TNN/TNN/Research/R33_NATIVE_N17_R27_CONTINUITY/FINAL_B_20260915_1409/N17_REFRESH/logs/project_classifier.stderr	0	e3b0c44298fc1c149afbf4c8996fb92427ae41e4649b934ca495991b7852b855
FILE	/Users/Shared/micah/Documents/TNN/TNN/Research/R33_NATIVE_N17_R27_CONTINUITY/FINAL_B_20260915_1409/N17_REFRESH/logs/expanded_44_638.argv	170	6db4023768d69a8165b74eec477b62e5345d9aaa872a5384064e39329783c156
FILE	/Users/Shared/micah/Documents/TNN/TNN/Research/R33_NATIVE_N17_R27_CONTINUITY/FINAL_B_20260915_1409/N17_REFRESH/logs/archive_16.argv	98	f57b43e504ef06edff5062fad9f60fb0ad468397cc30d9db0f9378ffa28228f3
FILE	/Users/Shared/micah/Documents/TNN/TNN/Research/R33_NATIVE_N17_R27_CONTINUITY/FINAL_B_20260915_1409/N17_REFRESH/logs/large_archive_6.stderr	0	e3b0c44298fc1c149afbf4c8996fb92427ae41e4649b934ca495991b7852b855
FILE	/Users/Shared/micah/Documents/TNN/TNN/Research/R33_NATIVE_N17_R27_CONTINUITY/FINAL_B_20260915_1409/N17_REFRESH/logs/nested_member_1_128.stderr	0	e3b0c44298fc1c149afbf4c8996fb92427ae41e4649b934ca495991b7852b855
FILE	/Users/Shared/micah/Documents/TNN/TNN/Research/R33_NATIVE_N17_R27_CONTINUITY/FINAL_B_20260915_1409/N17_REFRESH/logs/expanded_52_121.argv	149	8ea0145c342f04f5dea3ea19983b6ff213a40126f2ec6608299e65e3a1126c7e
FILE	/Users/Shared/micah/Documents/TNN/TNN/Research/R33_NATIVE_N17_R27_CONTINUITY/FINAL_B_20260915_1409/N17_REFRESH/logs/expanded_19_214.exit	2	9a271f2a916b0b6ee6cecb2426f0b3206ef074578be55d9bc94f6f3fe3ab86aa
FILE	/Users/Shared/micah/Documents/TNN/TNN/Research/R33_NATIVE_N17_R27_CONTINUITY/FINAL_B_20260915_1409/N17_REFRESH/logs/nested_member_2_417.argv	185	b478d08dec860c5c8c7699664156046576263de2855dfd6ab35e74edd100e3b2
FILE	/Users/Shared/micah/Documents/TNN/TNN/Research/R33_NATIVE_N17_R27_CONTINUITY/FINAL_B_20260915_1409/N17_REFRESH/logs/archive_48.stderr	0	e3b0c44298fc1c149afbf4c8996fb92427ae41e4649b934ca495991b7852b855
FILE	/Users/Shared/micah/Documents/TNN/TNN/Research/R33_NATIVE_N17_R27_CONTINUITY/FINAL_B_20260915_1409/N17_REFRESH/logs/expanded_33_25.argv	187	7f2a1165270ce556507514239209418ffa0e157a22906bd5ed4454f5cb6264ef
FILE	/Users/Shared/micah/Documents/TNN/TNN/Research/R33_NATIVE_N17_R27_CONTINUITY/FINAL_B_20260915_1409/N17_REFRESH/logs/build_repaired_exact_source_gate.argv	401	c3e4d910692d03741626d151137f1551424e7832695ce794ebb9aa6cd9825103
FILE	/Users/Shared/micah/Documents/TNN/TNN/Research/R33_NATIVE_N17_R27_CONTINUITY/FINAL_B_20260915_1409/N17_REFRESH/logs/r27_digest.exit	2	9a271f2a916b0b6ee6cecb2426f0b3206ef074578be55d9bc94f6f3fe3ab86aa
FILE	/Users/Shared/micah/Documents/TNN/TNN/Research/R33_NATIVE_N17_R27_CONTINUITY/FINAL_B_20260915_1409/N17_REFRESH/logs/nested_member_2_84.stderr	0	e3b0c44298fc1c149afbf4c8996fb92427ae41e4649b934ca495991b7852b855
FILE	/Users/Shared/micah/Documents/TNN/TNN/Research/R33_NATIVE_N17_R27_CONTINUITY/FINAL_B_20260915_1409/N17_REFRESH/logs/nested_member_2_102.argv	197	167279f92b41f9119e2e85e5381c4baf91fb569891a3e350eb1346d13670c7c9
FILE	/Users/Shared/micah/Documents/TNN/TNN/Research/R33_NATIVE_N17_R27_CONTINUITY/FINAL_B_20260915_1409/N17_REFRESH/logs/archive_15.exit	2	4355a46b19d348dc2f57c046f8ef63d4538ebb936000f3c9ee954a27460dd865
FILE	/Users/Shared/micah/Documents/TNN/TNN/Research/R33_NATIVE_N17_R27_CONTINUITY/FINAL_B_20260915_1409/N17_REFRESH/logs/r26_match.exit	2	9a271f2a916b0b6ee6cecb2426f0b3206ef074578be55d9bc94f6f3fe3ab86aa
FILE	/Users/Shared/micah/Documents/TNN/TNN/Research/R33_NATIVE_N17_R27_CONTINUITY/FINAL_B_20260915_1409/N17_REFRESH/logs/r27_match.stdout	83	377fa53cf105a98915c6461642cb0ee2bfae9aa0510f681fcd2394ac0c1f4539
FILE	/Users/Shared/micah/Documents/TNN/TNN/Research/R33_NATIVE_N17_R27_CONTINUITY/FINAL_B_20260915_1409/N17_REFRESH/logs/expanded_19_7.stdout	827112	2dc87e0fcd52f9c38f6addbbb1c86c7fa8df1f1e2d02fc880ef28f514db33d09
FILE	/Users/Shared/micah/Documents/TNN/TNN/Research/R33_NATIVE_N17_R27_CONTINUITY/FINAL_B_20260915_1409/N17_REFRESH/logs/nested_member_3_36.stderr	0	e3b0c44298fc1c149afbf4c8996fb92427ae41e4649b934ca495991b7852b855
FILE	/Users/Shared/micah/Documents/TNN/TNN/Research/R33_NATIVE_N17_R27_CONTINUITY/FINAL_B_20260915_1409/N17_REFRESH/logs/project_policy_final.exit	2	9a271f2a916b0b6ee6cecb2426f0b3206ef074578be55d9bc94f6f3fe3ab86aa
FILE	/Users/Shared/micah/Documents/TNN/TNN/Research/R33_NATIVE_N17_R27_CONTINUITY/FINAL_B_20260915_1409/N17_REFRESH/logs/nested_member_7_527.argv	189	c787e9a0132d61063c4a6fc918ec3545017b2fd2e56194c5cb11d52581caed95
FILE	/Users/Shared/micah/Documents/TNN/TNN/Research/R33_NATIVE_N17_R27_CONTINUITY/FINAL_B_20260915_1409/N17_REFRESH/logs/archive_41.argv	83	27adadb8039817ece88500b2239d519b501d33240353125eae220d14fd4b2e01
FILE	/Users/Shared/micah/Documents/TNN/TNN/Research/R33_NATIVE_N17_R27_CONTINUITY/FINAL_B_20260915_1409/N17_REFRESH/logs/expanded_38_605.stderr	0	e3b0c44298fc1c149afbf4c8996fb92427ae41e4649b934ca495991b7852b855
FILE	/Users/Shared/micah/Documents/TNN/TNN/Research/R33_NATIVE_N17_R27_CONTINUITY/FINAL_B_20260915_1409/N17_REFRESH/logs/expanded_44_607.stdout	2399	b217db372182e4a0489dd6229da1fa7eb1dc4230db9967dd76a9b902db2b890c
FILE	/Users/Shared/micah/Documents/TNN/TNN/Research/R33_NATIVE_N17_R27_CONTINUITY/FINAL_B_20260915_1409/N17_REFRESH/logs/nested_member_6_527.argv	192	301b513e16a3c366e8441f8c568fb94ed74ec8edf85303feb2564f58960aaac0
FILE	/Users/Shared/micah/Documents/TNN/TNN/Research/R33_NATIVE_N17_R27_CONTINUITY/FINAL_B_20260915_1409/N17_REFRESH/logs/archive_89.stdout	10	33439114078cca4170177442c34d92bb14c2256485efad1372e70bb9a73658a1
FILE	/Users/Shared/micah/Documents/TNN/TNN/Research/R33_NATIVE_N17_R27_CONTINUITY/FINAL_B_20260915_1409/N17_REFRESH/logs/expanded_19_210.stdout	43658	860b3d908d13fdbb0397ee7a7d59e68dc98c820bc844710a878e7e6788a58ac9
FILE	/Users/Shared/micah/Documents/TNN/TNN/Research/R33_NATIVE_N17_R27_CONTINUITY/FINAL_B_20260915_1409/N17_REFRESH/logs/member_46_0.stdout	827112	2dc87e0fcd52f9c38f6addbbb1c86c7fa8df1f1e2d02fc880ef28f514db33d09
FILE	/Users/Shared/micah/Documents/TNN/TNN/Research/R33_NATIVE_N17_R27_CONTINUITY/FINAL_B_20260915_1409/N17_REFRESH/logs/member_47_0.stdout	88	2f02f5a3ccdeb93f11ec2fa94e81c579b7d097c837e4ddb6ba15d179eb2f3c44
FILE	/Users/Shared/micah/Documents/TNN/TNN/Research/R33_NATIVE_N17_R27_CONTINUITY/FINAL_B_20260915_1409/N17_REFRESH/logs/policy_missing.exit	3	826b6832e45ba17d625debc95ae8554e148550b00c05b47fa8f7be1c555bc83c
FILE	/Users/Shared/micah/Documents/TNN/TNN/Research/R33_NATIVE_N17_R27_CONTINUITY/FINAL_B_20260915_1409/N17_REFRESH/logs/expanded_33_26.exit	2	9a271f2a916b0b6ee6cecb2426f0b3206ef074578be55d9bc94f6f3fe3ab86aa
FILE	/Users/Shared/micah/Documents/TNN/TNN/Research/R33_NATIVE_N17_R27_CONTINUITY/FINAL_B_20260915_1409/N17_REFRESH/logs/archive_56.stderr	56	d020996efa8ef774f2a5b5df38bdab4a049eb9bb54bf82ec8618c616a66fe9e2
FILE	/Users/Shared/micah/Documents/TNN/TNN/Research/R33_NATIVE_N17_R27_CONTINUITY/FINAL_B_20260915_1409/N17_REFRESH/logs/structure.exit	2	9a271f2a916b0b6ee6cecb2426f0b3206ef074578be55d9bc94f6f3fe3ab86aa
FILE	/Users/Shared/micah/Documents/TNN/TNN/Research/R33_NATIVE_N17_R27_CONTINUITY/FINAL_B_20260915_1409/N17_REFRESH/logs/expanded_52_122.exit	2	9a271f2a916b0b6ee6cecb2426f0b3206ef074578be55d9bc94f6f3fe3ab86aa
FILE	/Users/Shared/micah/Documents/TNN/TNN/Research/R33_NATIVE_N17_R27_CONTINUITY/FINAL_B_20260915_1409/N17_REFRESH/logs/expanded_19_217.argv	132	0c66563943c22a12d65bd579c5ce2f425196c5e3e95b5f70b4f41e9e5ebba570
FILE	/Users/Shared/micah/Documents/TNN/TNN/Research/R33_NATIVE_N17_R27_CONTINUITY/FINAL_B_20260915_1409/N17_REFRESH/logs/nested_member_3_40.exit	2	9a271f2a916b0b6ee6cecb2426f0b3206ef074578be55d9bc94f6f3fe3ab86aa
FILE	/Users/Shared/micah/Documents/TNN/TNN/Research/R33_NATIVE_N17_R27_CONTINUITY/FINAL_B_20260915_1409/N17_REFRESH/logs/project_r26.exit	2	9a271f2a916b0b6ee6cecb2426f0b3206ef074578be55d9bc94f6f3fe3ab86aa
FILE	/Users/Shared/micah/Documents/TNN/TNN/Research/R33_NATIVE_N17_R27_CONTINUITY/FINAL_B_20260915_1409/N17_REFRESH/logs/nested_member_3_122.argv	208	16f38eb8ef7c61ba0b02f14b547ae97abd18e6092e442ac5551e3dade9ba6281
FILE	/Users/Shared/micah/Documents/TNN/TNN/Research/R33_NATIVE_N17_R27_CONTINUITY/FINAL_B_20260915_1409/N17_REFRESH/logs/expanded_27_5.exit	2	9a271f2a916b0b6ee6cecb2426f0b3206ef074578be55d9bc94f6f3fe3ab86aa
FILE	/Users/Shared/micah/Documents/TNN/TNN/Research/R33_NATIVE_N17_R27_CONTINUITY/FINAL_B_20260915_1409/N17_REFRESH/logs/expanded_11_31.argv	141	b0e03fd281ca0f637117ce7f09f54bc9fcae9acf82ded8d9197919410adf8473
FILE	/Users/Shared/micah/Documents/TNN/TNN/Research/R33_NATIVE_N17_R27_CONTINUITY/FINAL_B_20260915_1409/N17_REFRESH/logs/project_r25_full_digest_exact_parent_v1_runner.exit	2	9a271f2a916b0b6ee6cecb2426f0b3206ef074578be55d9bc94f6f3fe3ab86aa
FILE	/Users/Shared/micah/Documents/TNN/TNN/Research/R33_NATIVE_N17_R27_CONTINUITY/FINAL_B_20260915_1409/N17_REFRESH/logs/nested_member_1_29.argv	235	b9186599f72c7e831c49ab6bc50b438cb2fd26c6d86f0e987cc80e679cdcb5d1
FILE	/Users/Shared/micah/Documents/TNN/TNN/Research/R33_NATIVE_N17_R27_CONTINUITY/FINAL_B_20260915_1409/N17_REFRESH/logs/archive_81.stderr	0	e3b0c44298fc1c149afbf4c8996fb92427ae41e4649b934ca495991b7852b855
FILE	/Users/Shared/micah/Documents/TNN/TNN/Research/R33_NATIVE_N17_R27_CONTINUITY/FINAL_B_20260915_1409/N17_REFRESH/logs/expanded_19_218.stderr	0	e3b0c44298fc1c149afbf4c8996fb92427ae41e4649b934ca495991b7852b855
FILE	/Users/Shared/micah/Documents/TNN/TNN/Research/R33_NATIVE_N17_R27_CONTINUITY/FINAL_B_20260915_1409/N17_REFRESH/logs/archive_23.stdout	389	eaca3a575f4118be8f6586c91f34cacc4ec28bac1a992e9b5dd6ee05bc534059
FILE	/Users/Shared/micah/Documents/TNN/TNN/Research/R33_NATIVE_N17_R27_CONTINUITY/FINAL_B_20260915_1409/N17_REFRESH/logs/project_structure.exit	2	9a271f2a916b0b6ee6cecb2426f0b3206ef074578be55d9bc94f6f3fe3ab86aa
FILE	/Users/Shared/micah/Documents/TNN/TNN/Research/R33_NATIVE_N17_R27_CONTINUITY/FINAL_B_20260915_1409/N17_REFRESH/logs/expanded_31_25.stderr	0	e3b0c44298fc1c149afbf4c8996fb92427ae41e4649b934ca495991b7852b855
FILE	/Users/Shared/micah/Documents/TNN/TNN/Research/R33_NATIVE_N17_R27_CONTINUITY/FINAL_B_20260915_1409/N17_REFRESH/logs/expanded_44_618.argv	177	075c49c4582e88ec02133355c00bba0dec26a64c3c0a4a4f8535d361425b8247
FILE	/Users/Shared/micah/Documents/TNN/TNN/Research/R33_NATIVE_N17_R27_CONTINUITY/FINAL_B_20260915_1409/N17_REFRESH/logs/large_archive_5.argv	104	3639512fcc935eeca38dfb9dfd83c67ab345610e040b2cecc2bdbc77633a96dc
FILE	/Users/Shared/micah/Documents/TNN/TNN/Research/R33_NATIVE_N17_R27_CONTINUITY/FINAL_B_20260915_1409/N17_REFRESH/logs/member_46_2.argv	126	98dfd4bb9094fa232d1d1f4ccca331feb7f9e22cd7496857036115e2c64d9709
FILE	/Users/Shared/micah/Documents/TNN/TNN/Research/R33_NATIVE_N17_R27_CONTINUITY/FINAL_B_20260915_1409/N17_REFRESH/logs/archive_36.argv	93	779dfc760963065dd8268629055466f59b2d0812123d339b3c163baa3368da4e
FILE	/Users/Shared/micah/Documents/TNN/TNN/Research/R33_NATIVE_N17_R27_CONTINUITY/FINAL_B_20260915_1409/N17_REFRESH/logs/build_record_final.stdout	0	e3b0c44298fc1c149afbf4c8996fb92427ae41e4649b934ca495991b7852b855
FILE	/Users/Shared/micah/Documents/TNN/TNN/Research/R33_NATIVE_N17_R27_CONTINUITY/FINAL_B_20260915_1409/N17_REFRESH/logs/expanded_47_39.exit	2	9a271f2a916b0b6ee6cecb2426f0b3206ef074578be55d9bc94f6f3fe3ab86aa
FILE	/Users/Shared/micah/Documents/TNN/TNN/Research/R33_NATIVE_N17_R27_CONTINUITY/FINAL_B_20260915_1409/N17_REFRESH/logs/build_forbidden_selector_tests.argv	397	3bfa3b50ef794d0b6a1d8f5932e68669c951e2bad71d9594326b9ae3b6c042e9
FILE	/Users/Shared/micah/Documents/TNN/TNN/Research/R33_NATIVE_N17_R27_CONTINUITY/FINAL_B_20260915_1409/N17_REFRESH/logs/expanded_75_59.argv	143	77557e1dcaa05e20fb1b0c473ab4ec456db4f9c033f4e6fdfe39d21dd9494d68
FILE	/Users/Shared/micah/Documents/TNN/TNN/Research/R33_NATIVE_N17_R27_CONTINUITY/FINAL_B_20260915_1409/N17_REFRESH/logs/archive_62.exit	2	4355a46b19d348dc2f57c046f8ef63d4538ebb936000f3c9ee954a27460dd865
FILE	/Users/Shared/micah/Documents/TNN/TNN/Research/R33_NATIVE_N17_R27_CONTINUITY/FINAL_B_20260915_1409/N17_REFRESH/logs/expanded_44_611.stderr	0	e3b0c44298fc1c149afbf4c8996fb92427ae41e4649b934ca495991b7852b855
FILE	/Users/Shared/micah/Documents/TNN/TNN/Research/R33_NATIVE_N17_R27_CONTINUITY/FINAL_B_20260915_1409/N17_REFRESH/logs/expanded_38_613.stdout	1687	c6289a961bc05f8882fbce54c3515b9362c8a6d8ca65226aff4ae1ac7e30a65d
FILE	/Users/Shared/micah/Documents/TNN/TNN/Research/R33_NATIVE_N17_R27_CONTINUITY/FINAL_B_20260915_1409/N17_REFRESH/logs/expanded_19_206.stderr	0	e3b0c44298fc1c149afbf4c8996fb92427ae41e4649b934ca495991b7852b855
FILE	/Users/Shared/micah/Documents/TNN/TNN/Research/R33_NATIVE_N17_R27_CONTINUITY/FINAL_B_20260915_1409/N17_REFRESH/logs/expanded_9_54.stdout	4445	fdc684a476da7f5adb308c0c01cdb31ca8ab40accc1f90734d4f0b17fee1da21
FILE	/Users/Shared/micah/Documents/TNN/TNN/Research/R33_NATIVE_N17_R27_CONTINUITY/FINAL_B_20260915_1409/N17_REFRESH/logs/nested_member_1_128.exit	2	9a271f2a916b0b6ee6cecb2426f0b3206ef074578be55d9bc94f6f3fe3ab86aa
FILE	/Users/Shared/micah/Documents/TNN/TNN/Research/R33_NATIVE_N17_R27_CONTINUITY/FINAL_B_20260915_1409/N17_REFRESH/logs/expanded_74_23.argv	127	75bede1517eb0ce0b5b0e984fb5b9f1456305e731a97671a991cfa9914094300
FILE	/Users/Shared/micah/Documents/TNN/TNN/Research/R33_NATIVE_N17_R27_CONTINUITY/FINAL_B_20260915_1409/N17_REFRESH/logs/expanded_11_32.exit	2	9a271f2a916b0b6ee6cecb2426f0b3206ef074578be55d9bc94f6f3fe3ab86aa
FILE	/Users/Shared/micah/Documents/TNN/TNN/Research/R33_NATIVE_N17_R27_CONTINUITY/FINAL_B_20260915_1409/N17_REFRESH/logs/nested_member_2_142.stderr	0	e3b0c44298fc1c149afbf4c8996fb92427ae41e4649b934ca495991b7852b855
FILE	/Users/Shared/micah/Documents/TNN/TNN/Research/R33_NATIVE_N17_R27_CONTINUITY/FINAL_B_20260915_1409/N17_REFRESH/logs/nested_member_3_121.exit	2	9a271f2a916b0b6ee6cecb2426f0b3206ef074578be55d9bc94f6f3fe3ab86aa
FILE	/Users/Shared/micah/Documents/TNN/TNN/Research/R33_NATIVE_N17_R27_CONTINUITY/FINAL_B_20260915_1409/N17_REFRESH/logs/expanded_43_20.stderr	0	e3b0c44298fc1c149afbf4c8996fb92427ae41e4649b934ca495991b7852b855
FILE	/Users/Shared/micah/Documents/TNN/TNN/Research/R33_NATIVE_N17_R27_CONTINUITY/FINAL_B_20260915_1409/N17_REFRESH/logs/nested_member_3_118.stderr	0	e3b0c44298fc1c149afbf4c8996fb92427ae41e4649b934ca495991b7852b855
FILE	/Users/Shared/micah/Documents/TNN/TNN/Research/R33_NATIVE_N17_R27_CONTINUITY/FINAL_B_20260915_1409/N17_REFRESH/logs/archive_61.argv	176	b7a8c759e0173c01535260104b249ffa5bbc7f88e172ec26e233f85e54fa89b5
FILE	/Users/Shared/micah/Documents/TNN/TNN/Research/R33_NATIVE_N17_R27_CONTINUITY/FINAL_B_20260915_1409/N17_REFRESH/logs/expanded_30_16.exit	2	9a271f2a916b0b6ee6cecb2426f0b3206ef074578be55d9bc94f6f3fe3ab86aa
FILE	/Users/Shared/micah/Documents/TNN/TNN/Research/R33_NATIVE_N17_R27_CONTINUITY/FINAL_B_20260915_1409/N17_REFRESH/logs/expanded_17_248.stderr	0	e3b0c44298fc1c149afbf4c8996fb92427ae41e4649b934ca495991b7852b855
FILE	/Users/Shared/micah/Documents/TNN/TNN/Research/R33_NATIVE_N17_R27_CONTINUITY/FINAL_B_20260915_1409/N17_REFRESH/logs/nested_member_1_120.stdout	14964	eb519220c408b3245fc03fe8fbd23d0ee1d261a32844220faf13fdb5d8ace54d
FILE	/Users/Shared/micah/Documents/TNN/TNN/Research/R33_NATIVE_N17_R27_CONTINUITY/FINAL_B_20260915_1409/N17_REFRESH/logs/archive_40.stdout	1550	fb3638429387dcfc5634389130ff0f06c93137598cb2285665bbd0cfe532a041
FILE	/Users/Shared/micah/Documents/TNN/TNN/Research/R33_NATIVE_N17_R27_CONTINUITY/FINAL_B_20260915_1409/N17_REFRESH/logs/expanded_74_25.stdout	9190	e94a4c02bf28626b582c1ff34f2cf22ec4dc9bc9033598cdcd54e9e5c4cc26d4
FILE	/Users/Shared/micah/Documents/TNN/TNN/Research/R33_NATIVE_N17_R27_CONTINUITY/FINAL_B_20260915_1409/N17_REFRESH/logs/archive_35.exit	2	9a271f2a916b0b6ee6cecb2426f0b3206ef074578be55d9bc94f6f3fe3ab86aa
FILE	/Users/Shared/micah/Documents/TNN/TNN/Research/R33_NATIVE_N17_R27_CONTINUITY/FINAL_B_20260915_1409/N17_REFRESH/logs/member_46_1.exit	2	9a271f2a916b0b6ee6cecb2426f0b3206ef074578be55d9bc94f6f3fe3ab86aa
FILE	/Users/Shared/micah/Documents/TNN/TNN/Research/R33_NATIVE_N17_R27_CONTINUITY/FINAL_B_20260915_1409/N17_REFRESH/logs/expanded_9_61.exit	2	9a271f2a916b0b6ee6cecb2426f0b3206ef074578be55d9bc94f6f3fe3ab86aa
FILE	/Users/Shared/micah/Documents/TNN/TNN/Research/R33_NATIVE_N17_R27_CONTINUITY/FINAL_B_20260915_1409/N17_REFRESH/logs/large_archive_6.exit	2	9a271f2a916b0b6ee6cecb2426f0b3206ef074578be55d9bc94f6f3fe3ab86aa
FILE	/Users/Shared/micah/Documents/TNN/TNN/Research/R33_NATIVE_N17_R27_CONTINUITY/FINAL_B_20260915_1409/N17_REFRESH/logs/expanded_75_56.stderr	0	e3b0c44298fc1c149afbf4c8996fb92427ae41e4649b934ca495991b7852b855
FILE	/Users/Shared/micah/Documents/TNN/TNN/Research/R33_NATIVE_N17_R27_CONTINUITY/FINAL_B_20260915_1409/N17_REFRESH/logs/member_54_1.stderr	0	e3b0c44298fc1c149afbf4c8996fb92427ae41e4649b934ca495991b7852b855
FILE	/Users/Shared/micah/Documents/TNN/TNN/Research/R33_NATIVE_N17_R27_CONTINUITY/FINAL_B_20260915_1409/N17_REFRESH/logs/project_reviewed.stderr	0	e3b0c44298fc1c149afbf4c8996fb92427ae41e4649b934ca495991b7852b855
FILE	/Users/Shared/micah/Documents/TNN/TNN/Research/R33_NATIVE_N17_R27_CONTINUITY/FINAL_B_20260915_1409/N17_REFRESH/logs/large_archive_2.stdout	160	7b6ad2f73897062bbd12f18b4370d8f5b8701a2d79bc9295138505790c8f77fb
FILE	/Users/Shared/micah/Documents/TNN/TNN/Research/R33_NATIVE_N17_R27_CONTINUITY/FINAL_B_20260915_1409/N17_REFRESH/logs/member_55_1.stderr	0	e3b0c44298fc1c149afbf4c8996fb92427ae41e4649b934ca495991b7852b855
FILE	/Users/Shared/micah/Documents/TNN/TNN/Research/R33_NATIVE_N17_R27_CONTINUITY/FINAL_B_20260915_1409/N17_REFRESH/logs/expanded_9_58.stdout	13390	2c15ad5f5c72aa855f7d3cca124c6ba12f321b0a9250408df9b722380de4c24c
FILE	/Users/Shared/micah/Documents/TNN/TNN/Research/R33_NATIVE_N17_R27_CONTINUITY/FINAL_B_20260915_1409/N17_REFRESH/logs/expanded_55_62.stdout	3745	16cb32fe8c4f977d6d378faf764b5df74e22f53b86a2fd1687ca917be116a561
FILE	/Users/Shared/micah/Documents/TNN/TNN/Research/R33_NATIVE_N17_R27_CONTINUITY/FINAL_B_20260915_1409/N17_REFRESH/logs/archive_31.stdout	1451	92d2f09733cc92b44e4a0ca69c6e6892538fe410ca227d44ee91d82f02dc0dd2
FILE	/Users/Shared/micah/Documents/TNN/TNN/Research/R33_NATIVE_N17_R27_CONTINUITY/FINAL_B_20260915_1409/N17_REFRESH/logs/expanded_11_24.exit	2	9a271f2a916b0b6ee6cecb2426f0b3206ef074578be55d9bc94f6f3fe3ab86aa
FILE	/Users/Shared/micah/Documents/TNN/TNN/Research/R33_NATIVE_N17_R27_CONTINUITY/FINAL_B_20260915_1409/N17_REFRESH/logs/expanded_45_11.argv	164	073af17d56e6820692d43f4a828949451f206df2cab79af315659b80bfda9078
FILE	/Users/Shared/micah/Documents/TNN/TNN/Research/R33_NATIVE_N17_R27_CONTINUITY/FINAL_B_20260915_1409/N17_REFRESH/logs/nested_member_3_51.stdout	18050	f2b02a1859f3cbf6fb28eb96571d6fb2f0ca6ec84a391d5db7861be8a37e7f4d
FILE	/Users/Shared/micah/Documents/TNN/TNN/Research/R33_NATIVE_N17_R27_CONTINUITY/FINAL_B_20260915_1409/N17_REFRESH/logs/expanded_44_875.stderr	0	e3b0c44298fc1c149afbf4c8996fb92427ae41e4649b934ca495991b7852b855
FILE	/Users/Shared/micah/Documents/TNN/TNN/Research/R33_NATIVE_N17_R27_CONTINUITY/FINAL_B_20260915_1409/N17_REFRESH/logs/archive_77.argv	217	e0fda9003da26cb74f12815460eb3a68c6b19aa53f4d8ff93c33c838a8da8639
FILE	/Users/Shared/micah/Documents/TNN/TNN/Research/R33_NATIVE_N17_R27_CONTINUITY/FINAL_B_20260915_1409/N17_REFRESH/logs/expanded_17_219.argv	130	90ccc4798b8c19b779fdd6b2c0cb0afadf2750f2c0c34942be8bd3e0e74af056
FILE	/Users/Shared/micah/Documents/TNN/TNN/Research/R33_NATIVE_N17_R27_CONTINUITY/FINAL_B_20260915_1409/N17_REFRESH/logs/expanded_38_762.stdout	2124	b668c8f6451f4e0e401f10db6844bb0a9eebd2b0cc639c46f9ed2ce6d970ff72
FILE	/Users/Shared/micah/Documents/TNN/TNN/Research/R33_NATIVE_N17_R27_CONTINUITY/FINAL_B_20260915_1409/N17_REFRESH/logs/expanded_45_2.argv	142	a48d432b78b99cfded4e77e79b58de847915e89cf6742d62f893bc1aed751855
FILE	/Users/Shared/micah/Documents/TNN/TNN/Research/R33_NATIVE_N17_R27_CONTINUITY/FINAL_B_20260915_1409/N17_REFRESH/logs/expanded_55_45.exit	2	9a271f2a916b0b6ee6cecb2426f0b3206ef074578be55d9bc94f6f3fe3ab86aa
FILE	/Users/Shared/micah/Documents/TNN/TNN/Research/R33_NATIVE_N17_R27_CONTINUITY/FINAL_B_20260915_1409/N17_REFRESH/logs/archive_23.exit	2	9a271f2a916b0b6ee6cecb2426f0b3206ef074578be55d9bc94f6f3fe3ab86aa
FILE	/Users/Shared/micah/Documents/TNN/TNN/Research/R33_NATIVE_N17_R27_CONTINUITY/FINAL_B_20260915_1409/N17_REFRESH/logs/expanded_40_28.argv	143	95d3207da8322303adab7552dcbfb2022e712170a20a235b8676adb6bce35226
FILE	/Users/Shared/micah/Documents/TNN/TNN/Research/R33_NATIVE_N17_R27_CONTINUITY/FINAL_B_20260915_1409/N17_REFRESH/logs/expanded_11_27.argv	146	3481893d3ea7845eb250ca6e23675e7aa4d4ed0e7cb6f8c4ab165b00ff9fecc4
FILE	/Users/Shared/micah/Documents/TNN/TNN/Research/R33_NATIVE_N17_R27_CONTINUITY/FINAL_B_20260915_1409/N17_REFRESH/logs/nested_member_5_84.stdout	2696	16e785b68df61c7fa96ab423967078de9fcea7fc68ff185a3e7140b6c88593c4
FILE	/Users/Shared/micah/Documents/TNN/TNN/Research/R33_NATIVE_N17_R27_CONTINUITY/FINAL_B_20260915_1409/N17_REFRESH/logs/expanded_38_1.exit	2	9a271f2a916b0b6ee6cecb2426f0b3206ef074578be55d9bc94f6f3fe3ab86aa
FILE	/Users/Shared/micah/Documents/TNN/TNN/Research/R33_NATIVE_N17_R27_CONTINUITY/FINAL_B_20260915_1409/N17_REFRESH/logs/expanded_19_214.stderr	0	e3b0c44298fc1c149afbf4c8996fb92427ae41e4649b934ca495991b7852b855
FILE	/Users/Shared/micah/Documents/TNN/TNN/Research/R33_NATIVE_N17_R27_CONTINUITY/FINAL_B_20260915_1409/N17_REFRESH/logs/expanded_19_3.stderr	0	e3b0c44298fc1c149afbf4c8996fb92427ae41e4649b934ca495991b7852b855
FILE	/Users/Shared/micah/Documents/TNN/TNN/Research/R33_NATIVE_N17_R27_CONTINUITY/FINAL_B_20260915_1409/N17_REFRESH/logs/expanded_52_103.stderr	0	e3b0c44298fc1c149afbf4c8996fb92427ae41e4649b934ca495991b7852b855
FILE	/Users/Shared/micah/Documents/TNN/TNN/Research/R33_NATIVE_N17_R27_CONTINUITY/FINAL_B_20260915_1409/N17_REFRESH/logs/nested_member_2_530.exit	2	9a271f2a916b0b6ee6cecb2426f0b3206ef074578be55d9bc94f6f3fe3ab86aa
FILE	/Users/Shared/micah/Documents/TNN/TNN/Research/R33_NATIVE_N17_R27_CONTINUITY/FINAL_B_20260915_1409/N17_REFRESH/logs/nested_member_5_530.stderr	0	e3b0c44298fc1c149afbf4c8996fb92427ae41e4649b934ca495991b7852b855
FILE	/Users/Shared/micah/Documents/TNN/TNN/Research/R33_NATIVE_N17_R27_CONTINUITY/FINAL_B_20260915_1409/N17_REFRESH/logs/expanded_46_117.stdout	7811	1d67425a0a786f9cbdaa775ed93bc613f3179785d4fd1d708d2a3c0a0ba9000e
FILE	/Users/Shared/micah/Documents/TNN/TNN/Research/R33_NATIVE_N17_R27_CONTINUITY/FINAL_B_20260915_1409/N17_REFRESH/logs/expanded_52_117.argv	149	f01c63edc36068c7f37561cc2557fb9c8d0c2661fcfe0f578ed16d18ca2d67d5
FILE	/Users/Shared/micah/Documents/TNN/TNN/Research/R33_NATIVE_N17_R27_CONTINUITY/FINAL_B_20260915_1409/N17_REFRESH/logs/archive_20.argv	139	02c0dc9d24bcb62ff0501c8203719bfbf6384288e773ae69fc82ebe744749591
FILE	/Users/Shared/micah/Documents/TNN/TNN/Research/R33_NATIVE_N17_R27_CONTINUITY/FINAL_B_20260915_1409/N17_REFRESH/logs/archive_52.stdout	8249	70861e1c855450303fadf308222dc3e40410e05bb582ea92c6dcecda6ac98f36
FILE	/Users/Shared/micah/Documents/TNN/TNN/Research/R33_NATIVE_N17_R27_CONTINUITY/FINAL_B_20260915_1409/N17_REFRESH/logs/nested_member_1_70.stderr	0	e3b0c44298fc1c149afbf4c8996fb92427ae41e4649b934ca495991b7852b855
FILE	/Users/Shared/micah/Documents/TNN/TNN/Research/R33_NATIVE_N17_R27_CONTINUITY/FINAL_B_20260915_1409/N17_REFRESH/logs/expanded_17_3.exit	2	9a271f2a916b0b6ee6cecb2426f0b3206ef074578be55d9bc94f6f3fe3ab86aa
FILE	/Users/Shared/micah/Documents/TNN/TNN/Research/R33_NATIVE_N17_R27_CONTINUITY/FINAL_B_20260915_1409/N17_REFRESH/logs/archive_74.exit	2	9a271f2a916b0b6ee6cecb2426f0b3206ef074578be55d9bc94f6f3fe3ab86aa
FILE	/Users/Shared/micah/Documents/TNN/TNN/Research/R33_NATIVE_N17_R27_CONTINUITY/FINAL_B_20260915_1409/N17_REFRESH/logs/member_18_0.argv	147	66a83b9cdc38a16efd3fc63b7bf17ed566bbf89295025e8b361e4d32963e7cf4
FILE	/Users/Shared/micah/Documents/TNN/TNN/Research/R33_NATIVE_N17_R27_CONTINUITY/FINAL_B_20260915_1409/N17_REFRESH/logs/expanded_38_638.argv	167	314633095c70104a8de2b96ff0550fb156e47e07d4f16739d3df9bf06ba6766a
FILE	/Users/Shared/micah/Documents/TNN/TNN/Research/R33_NATIVE_N17_R27_CONTINUITY/FINAL_B_20260915_1409/N17_REFRESH/logs/nested_member_7_142.exit	2	9a271f2a916b0b6ee6cecb2426f0b3206ef074578be55d9bc94f6f3fe3ab86aa
FILE	/Users/Shared/micah/Documents/TNN/TNN/Research/R33_NATIVE_N17_R27_CONTINUITY/FINAL_B_20260915_1409/N17_REFRESH/logs/expanded_47_64.stderr	0	e3b0c44298fc1c149afbf4c8996fb92427ae41e4649b934ca495991b7852b855
FILE	/Users/Shared/micah/Documents/TNN/TNN/Research/R33_NATIVE_N17_R27_CONTINUITY/FINAL_B_20260915_1409/N17_REFRESH/logs/nested_member_6_142.exit	2	9a271f2a916b0b6ee6cecb2426f0b3206ef074578be55d9bc94f6f3fe3ab86aa
FILE	/Users/Shared/micah/Documents/TNN/TNN/Research/R33_NATIVE_N17_R27_CONTINUITY/FINAL_B_20260915_1409/N17_REFRESH/logs/nested_member_4_417.stderr	0	e3b0c44298fc1c149afbf4c8996fb92427ae41e4649b934ca495991b7852b855
FILE	/Users/Shared/micah/Documents/TNN/TNN/Research/R33_NATIVE_N17_R27_CONTINUITY/FINAL_B_20260915_1409/N17_REFRESH/logs/member_54_1.exit	2	9a271f2a916b0b6ee6cecb2426f0b3206ef074578be55d9bc94f6f3fe3ab86aa
FILE	/Users/Shared/micah/Documents/TNN/TNN/Research/R33_NATIVE_N17_R27_CONTINUITY/FINAL_B_20260915_1409/N17_REFRESH/logs/expanded_38_629.stdout	2782	9247dc35427d6aa9a267c78a98dd961e95d6f9928da31ff80302c3becda1412a
FILE	/Users/Shared/micah/Documents/TNN/TNN/Research/R33_NATIVE_N17_R27_CONTINUITY/FINAL_B_20260915_1409/N17_REFRESH/logs/nested_member_3_122.stderr	0	e3b0c44298fc1c149afbf4c8996fb92427ae41e4649b934ca495991b7852b855
FILE	/Users/Shared/micah/Documents/TNN/TNN/Research/R33_NATIVE_N17_R27_CONTINUITY/FINAL_B_20260915_1409/N17_REFRESH/logs/nested_member_4_213.stderr	0	e3b0c44298fc1c149afbf4c8996fb92427ae41e4649b934ca495991b7852b855
FILE	/Users/Shared/micah/Documents/TNN/TNN/Research/R33_NATIVE_N17_R27_CONTINUITY/FINAL_B_20260915_1409/N17_REFRESH/logs/build_r26.argv	355	ca778461778d9c02f671c9c3975bea6c2e30cb03af1f6f332e5a83e1908d007d
FILE	/Users/Shared/micah/Documents/TNN/TNN/Research/R33_NATIVE_N17_R27_CONTINUITY/FINAL_B_20260915_1409/N17_REFRESH/logs/nested_member_1_112.exit	2	9a271f2a916b0b6ee6cecb2426f0b3206ef074578be55d9bc94f6f3fe3ab86aa
FILE	/Users/Shared/micah/Documents/TNN/TNN/Research/R33_NATIVE_N17_R27_CONTINUITY/FINAL_B_20260915_1409/N17_REFRESH/logs/expanded_47_31.stderr	0	e3b0c44298fc1c149afbf4c8996fb92427ae41e4649b934ca495991b7852b855
FILE	/Users/Shared/micah/Documents/TNN/TNN/Research/R33_NATIVE_N17_R27_CONTINUITY/FINAL_B_20260915_1409/N17_REFRESH/logs/expanded_18_45.exit	2	9a271f2a916b0b6ee6cecb2426f0b3206ef074578be55d9bc94f6f3fe3ab86aa
FILE	/Users/Shared/micah/Documents/TNN/TNN/Research/R33_NATIVE_N17_R27_CONTINUITY/FINAL_B_20260915_1409/N17_REFRESH/logs/expanded_44_621.exit	2	9a271f2a916b0b6ee6cecb2426f0b3206ef074578be55d9bc94f6f3fe3ab86aa
FILE	/Users/Shared/micah/Documents/TNN/TNN/Research/R33_NATIVE_N17_R27_CONTINUITY/FINAL_B_20260915_1409/N17_REFRESH/logs/expanded_10_25.exit	2	9a271f2a916b0b6ee6cecb2426f0b3206ef074578be55d9bc94f6f3fe3ab86aa
FILE	/Users/Shared/micah/Documents/TNN/TNN/Research/R33_NATIVE_N17_R27_CONTINUITY/FINAL_B_20260915_1409/N17_REFRESH/logs/expanded_38_643.argv	158	f420292390b02fdccb002cd696b152696181aace1fd9906e399e4b694cc55b1f
FILE	/Users/Shared/micah/Documents/TNN/TNN/Research/R33_NATIVE_N17_R27_CONTINUITY/FINAL_B_20260915_1409/N17_REFRESH/logs/nested_member_1_58.stderr	0	e3b0c44298fc1c149afbf4c8996fb92427ae41e4649b934ca495991b7852b855
FILE	/Users/Shared/micah/Documents/TNN/TNN/Research/R33_NATIVE_N17_R27_CONTINUITY/FINAL_B_20260915_1409/N17_REFRESH/logs/nested_member_7_139.exit	2	9a271f2a916b0b6ee6cecb2426f0b3206ef074578be55d9bc94f6f3fe3ab86aa
FILE	/Users/Shared/micah/Documents/TNN/TNN/Research/R33_NATIVE_N17_R27_CONTINUITY/FINAL_B_20260915_1409/N17_REFRESH/logs/nested_member_6_139.exit	2	9a271f2a916b0b6ee6cecb2426f0b3206ef074578be55d9bc94f6f3fe3ab86aa
FILE	/Users/Shared/micah/Documents/TNN/TNN/Research/R33_NATIVE_N17_R27_CONTINUITY/FINAL_B_20260915_1409/N17_REFRESH/logs/expanded_44_656.stderr	0	e3b0c44298fc1c149afbf4c8996fb92427ae41e4649b934ca495991b7852b855
FILE	/Users/Shared/micah/Documents/TNN/TNN/Research/R33_NATIVE_N17_R27_CONTINUITY/FINAL_B_20260915_1409/N17_REFRESH/logs/expanded_38_654.stdout	4907	8a5aa94f119489561a54f9887655fe66d821d7a6b42013255387c79c5b87b3b9
FILE	/Users/Shared/micah/Documents/TNN/TNN/Research/R33_NATIVE_N17_R27_CONTINUITY/FINAL_B_20260915_1409/N17_REFRESH/logs/expanded_75_60.exit	2	9a271f2a916b0b6ee6cecb2426f0b3206ef074578be55d9bc94f6f3fe3ab86aa
FILE	/Users/Shared/micah/Documents/TNN/TNN/Research/R33_NATIVE_N17_R27_CONTINUITY/FINAL_B_20260915_1409/N17_REFRESH/logs/member_30_0.argv	150	e41dc156ccc5c78dcfe5aec44f0a32d3029525806e5a28a089d74189a827bb2d
FILE	/Users/Shared/micah/Documents/TNN/TNN/Research/R33_NATIVE_N17_R27_CONTINUITY/FINAL_B_20260915_1409/N17_REFRESH/logs/expanded_38_617.exit	2	9a271f2a916b0b6ee6cecb2426f0b3206ef074578be55d9bc94f6f3fe3ab86aa
FILE	/Users/Shared/micah/Documents/TNN/TNN/Research/R33_NATIVE_N17_R27_CONTINUITY/FINAL_B_20260915_1409/N17_REFRESH/logs/member_27_0.exit	2	9a271f2a916b0b6ee6cecb2426f0b3206ef074578be55d9bc94f6f3fe3ab86aa
FILE	/Users/Shared/micah/Documents/TNN/TNN/Research/R33_NATIVE_N17_R27_CONTINUITY/FINAL_B_20260915_1409/N17_REFRESH/logs/expanded_51_4.argv	120	221dc67b7c8e31d68e5cb8ee486873882e1ebd9d72b975dfe7fe5ab4edc0fb47
FILE	/Users/Shared/micah/Documents/TNN/TNN/Research/R33_NATIVE_N17_R27_CONTINUITY/FINAL_B_20260915_1409/N17_REFRESH/logs/member_44_0.exit	2	9a271f2a916b0b6ee6cecb2426f0b3206ef074578be55d9bc94f6f3fe3ab86aa
FILE	/Users/Shared/micah/Documents/TNN/TNN/Research/R33_NATIVE_N17_R27_CONTINUITY/FINAL_B_20260915_1409/N17_REFRESH/logs/nested_member_8_417.argv	184	0170f6829010a2a7bcaeab98e59b8469222fcc0aa39e713815b1b3affb69e090
FILE	/Users/Shared/micah/Documents/TNN/TNN/Research/R33_NATIVE_N17_R27_CONTINUITY/FINAL_B_20260915_1409/N17_REFRESH/logs/nested_member_6_213.argv	192	56a218e1b5340cf87aa5747adb66d446ec67e67ee7e254a8c23c202b9a6def85
FILE	/Users/Shared/micah/Documents/TNN/TNN/Research/R33_NATIVE_N17_R27_CONTINUITY/FINAL_B_20260915_1409/N17_REFRESH/logs/nested_member_5_142.stdout	222	4dcd659522c5c325537986cb529e35ca3105f74a380268d345308afd8f827025
FILE	/Users/Shared/micah/Documents/TNN/TNN/Research/R33_NATIVE_N17_R27_CONTINUITY/FINAL_B_20260915_1409/N17_REFRESH/logs/project_reviewed.argv	525	837c4bc6c121cf06b116b220ad9d5c0dfa522b35d125660fbe6f88f638e675c1
FILE	/Users/Shared/micah/Documents/TNN/TNN/Research/R33_NATIVE_N17_R27_CONTINUITY/FINAL_B_20260915_1409/N17_REFRESH/logs/expanded_46_121.stdout	9233	5cca1ea80075d869b21a4eeb69c743212d81be0b91c5e2f39a1e67a65188a873
FILE	/Users/Shared/micah/Documents/TNN/TNN/Research/R33_NATIVE_N17_R27_CONTINUITY/FINAL_B_20260915_1409/N17_REFRESH/logs/nested_member_7_213.argv	189	9705e432e7274fa44daab6a105a0f376f59ff79826a828dc563028b51e602ef0
FILE	/Users/Shared/micah/Documents/TNN/TNN/Research/R33_NATIVE_N17_R27_CONTINUITY/FINAL_B_20260915_1409/N17_REFRESH/logs/expanded_17_211.stderr	0	e3b0c44298fc1c149afbf4c8996fb92427ae41e4649b934ca495991b7852b855
FILE	/Users/Shared/micah/Documents/TNN/TNN/Research/R33_NATIVE_N17_R27_CONTINUITY/FINAL_B_20260915_1409/N17_REFRESH/logs/archive_19.stdout	14611	bc5b314c9fc5262395e40a93a1df3e1517d87c8f4a7c45462486c13de75fc67f
FILE	/Users/Shared/micah/Documents/TNN/TNN/Research/R33_NATIVE_N17_R27_CONTINUITY/FINAL_B_20260915_1409/N17_REFRESH/logs/nested_member_3_118.argv	210	e2f72bf7995949e13c6f63bdbeeacb23810ba8b8c163ef75db3e708b2558b9dc
FILE	/Users/Shared/micah/Documents/TNN/TNN/Research/R33_NATIVE_N17_R27_CONTINUITY/FINAL_B_20260915_1409/N17_REFRESH/logs/expanded_44_635.stderr	0	e3b0c44298fc1c149afbf4c8996fb92427ae41e4649b934ca495991b7852b855
FILE	/Users/Shared/micah/Documents/TNN/TNN/Research/R33_NATIVE_N17_R27_CONTINUITY/FINAL_B_20260915_1409/N17_REFRESH/logs/member_19_2.stdout	21143	8f6377fe4090ee11cc45a3f4a3326a9d8fee25cda36e35cc79ffe7e290bee122
FILE	/Users/Shared/micah/Documents/TNN/TNN/Research/R33_NATIVE_N17_R27_CONTINUITY/FINAL_B_20260915_1409/N17_REFRESH/logs/expanded_38_637.stdout	2933	42147a0ca6759cfbb8f6002d8f5aee22ba3aa6e4d3fc00215d743ed67610ba58
FILE	/Users/Shared/micah/Documents/TNN/TNN/Research/R33_NATIVE_N17_R27_CONTINUITY/FINAL_B_20260915_1409/N17_REFRESH/logs/nested_list_7.stderr	0	e3b0c44298fc1c149afbf4c8996fb92427ae41e4649b934ca495991b7852b855
FILE	/Users/Shared/micah/Documents/TNN/TNN/Research/R33_NATIVE_N17_R27_CONTINUITY/FINAL_B_20260915_1409/N17_REFRESH/logs/nested_member_8_102.argv	196	73fb8f26b25a20b525091851ea60a5c0235995bfe4cbc6014a1d53083749ecd9
FILE	/Users/Shared/micah/Documents/TNN/TNN/Research/R33_NATIVE_N17_R27_CONTINUITY/FINAL_B_20260915_1409/N17_REFRESH/logs/expanded_54_39.stderr	0	e3b0c44298fc1c149afbf4c8996fb92427ae41e4649b934ca495991b7852b855
FILE	/Users/Shared/micah/Documents/TNN/TNN/Research/R33_NATIVE_N17_R27_CONTINUITY/FINAL_B_20260915_1409/N17_REFRESH/logs/expanded_11_27.stdout	1753	88b12d36c0907820693f86a3f073acc9197f30213301d3a5180f0f0bc3ed4a9e
FILE	/Users/Shared/micah/Documents/TNN/TNN/Research/R33_NATIVE_N17_R27_CONTINUITY/FINAL_B_20260915_1409/N17_REFRESH/logs/expanded_75_72.stderr	0	e3b0c44298fc1c149afbf4c8996fb92427ae41e4649b934ca495991b7852b855
FILE	/Users/Shared/micah/Documents/TNN/TNN/Research/R33_NATIVE_N17_R27_CONTINUITY/FINAL_B_20260915_1409/N17_REFRESH/logs/expanded_38_614.argv	174	46b9f3c4f9b05f334914e88b96c29ea39b0643d090eaaec3743e36b4967ddfe8
FILE	/Users/Shared/micah/Documents/TNN/TNN/Research/R33_NATIVE_N17_R27_CONTINUITY/FINAL_B_20260915_1409/N17_REFRESH/logs/archive_58.exit	2	4355a46b19d348dc2f57c046f8ef63d4538ebb936000f3c9ee954a27460dd865
FILE	/Users/Shared/micah/Documents/TNN/TNN/Research/R33_NATIVE_N17_R27_CONTINUITY/FINAL_B_20260915_1409/N17_REFRESH/logs/expanded_55_37.stdout	3849	5cbf70ad680c7de339f7d1a57d90a4bf6814d94a596052dfbe495256d7c8a71d
FILE	/Users/Shared/micah/Documents/TNN/TNN/Research/R33_NATIVE_N17_R27_CONTINUITY/FINAL_B_20260915_1409/N17_REFRESH/logs/rows.stdout	1023	c02d441ee4c337ce01074a7edc740c808e94b6288b032ccd4e90276609c0fec6
FILE	/Users/Shared/micah/Documents/TNN/TNN/Research/R33_NATIVE_N17_R27_CONTINUITY/FINAL_B_20260915_1409/N17_REFRESH/logs/nested_member_1_46.stderr	0	e3b0c44298fc1c149afbf4c8996fb92427ae41e4649b934ca495991b7852b855
FILE	/Users/Shared/micah/Documents/TNN/TNN/Research/R33_NATIVE_N17_R27_CONTINUITY/FINAL_B_20260915_1409/N17_REFRESH/logs/archive_64.stdout	0	e3b0c44298fc1c149afbf4c8996fb92427ae41e4649b934ca495991b7852b855
FILE	/Users/Shared/micah/Documents/TNN/TNN/Research/R33_NATIVE_N17_R27_CONTINUITY/FINAL_B_20260915_1409/N17_REFRESH/logs/nested_member_4_537.exit	2	9a271f2a916b0b6ee6cecb2426f0b3206ef074578be55d9bc94f6f3fe3ab86aa
FILE	/Users/Shared/micah/Documents/TNN/TNN/Research/R33_NATIVE_N17_R27_CONTINUITY/FINAL_B_20260915_1409/N17_REFRESH/logs/expanded_38_640.exit	2	9a271f2a916b0b6ee6cecb2426f0b3206ef074578be55d9bc94f6f3fe3ab86aa
FILE	/Users/Shared/micah/Documents/TNN/TNN/Research/R33_NATIVE_N17_R27_CONTINUITY/FINAL_B_20260915_1409/N17_REFRESH/logs/archive_2.stderr	56	d020996efa8ef774f2a5b5df38bdab4a049eb9bb54bf82ec8618c616a66fe9e2
FILE	/Users/Shared/micah/Documents/TNN/TNN/Research/R33_NATIVE_N17_R27_CONTINUITY/FINAL_B_20260915_1409/N17_REFRESH/logs/expanded_9_58.argv	150	33d0d4b138f5ad744ad355f070d4d5fca7a11ee0ae4a9237d9e92c3862431ae8
FILE	/Users/Shared/micah/Documents/TNN/TNN/Research/R33_NATIVE_N17_R27_CONTINUITY/FINAL_B_20260915_1409/N17_REFRESH/logs/expanded_10_26.argv	178	2aa76aa4bbf5dd2509a52ec6c0f42cd1da1950d2841f63458a8ff69766bebfca
FILE	/Users/Shared/micah/Documents/TNN/TNN/Research/R33_NATIVE_N17_R27_CONTINUITY/FINAL_B_20260915_1409/N17_REFRESH/logs/expanded_44_648.stderr	0	e3b0c44298fc1c149afbf4c8996fb92427ae41e4649b934ca495991b7852b855
FILE	/Users/Shared/micah/Documents/TNN/TNN/Research/R33_NATIVE_N17_R27_CONTINUITY/FINAL_B_20260915_1409/N17_REFRESH/logs/expanded_44_622.argv	160	8debcc7470e9a9dc9c6fd5f12b625e75505eba835fa03bd6403e55de926c1542
FILE	/Users/Shared/micah/Documents/TNN/TNN/Research/R33_NATIVE_N17_R27_CONTINUITY/FINAL_B_20260915_1409/N17_REFRESH/logs/expanded_18_51.stderr	0	e3b0c44298fc1c149afbf4c8996fb92427ae41e4649b934ca495991b7852b855
FILE	/Users/Shared/micah/Documents/TNN/TNN/Research/R33_NATIVE_N17_R27_CONTINUITY/FINAL_B_20260915_1409/N17_REFRESH/logs/nested_member_5_537.exit	2	9a271f2a916b0b6ee6cecb2426f0b3206ef074578be55d9bc94f6f3fe3ab86aa
FILE	/Users/Shared/micah/Documents/TNN/TNN/Research/R33_NATIVE_N17_R27_CONTINUITY/FINAL_B_20260915_1409/N17_REFRESH/logs/nested_list_5.argv	150	9b62e58d037f2f3eebadef6d083155c9d2880e9cd330e7bd68c3e8174cd13161
FILE	/Users/Shared/micah/Documents/TNN/TNN/Research/R33_NATIVE_N17_R27_CONTINUITY/FINAL_B_20260915_1409/N17_REFRESH/logs/nested_member_3_83.exit	2	9a271f2a916b0b6ee6cecb2426f0b3206ef074578be55d9bc94f6f3fe3ab86aa
FILE	/Users/Shared/micah/Documents/TNN/TNN/Research/R33_NATIVE_N17_R27_CONTINUITY/FINAL_B_20260915_1409/N17_REFRESH/logs/expanded_44_639.stderr	0	e3b0c44298fc1c149afbf4c8996fb92427ae41e4649b934ca495991b7852b855
FILE	/Users/Shared/micah/Documents/TNN/TNN/Research/R33_NATIVE_N17_R27_CONTINUITY/FINAL_B_20260915_1409/N17_REFRESH/logs/archive_15.stdout	52	54faed216c10409a53315fe47e19010789336b0f51272a9cd02aa1359b804324
FILE	/Users/Shared/micah/Documents/TNN/TNN/Research/R33_NATIVE_N17_R27_CONTINUITY/FINAL_B_20260915_1409/N17_REFRESH/logs/expanded_19_218.exit	2	9a271f2a916b0b6ee6cecb2426f0b3206ef074578be55d9bc94f6f3fe3ab86aa
FILE	/Users/Shared/micah/Documents/TNN/TNN/Research/R33_NATIVE_N17_R27_CONTINUITY/FINAL_B_20260915_1409/N17_REFRESH/logs/expanded_10_25.stderr	0	e3b0c44298fc1c149afbf4c8996fb92427ae41e4649b934ca495991b7852b855
FILE	/Users/Shared/micah/Documents/TNN/TNN/Research/R33_NATIVE_N17_R27_CONTINUITY/FINAL_B_20260915_1409/N17_REFRESH/logs/expanded_54_51.argv	152	55380dc15e0ba4f5f347a75832d683d515980954255a4cdba26264855d43f406
FILE	/Users/Shared/micah/Documents/TNN/TNN/Research/R33_NATIVE_N17_R27_CONTINUITY/FINAL_B_20260915_1409/N17_REFRESH/logs/policy_corrupt_final.argv	266	06ba640a700c066dceff704d1746549eea22936e6922bcc08549fa8d6a3ae757
FILE	/Users/Shared/micah/Documents/TNN/TNN/Research/R33_NATIVE_N17_R27_CONTINUITY/FINAL_B_20260915_1409/N17_REFRESH/logs/nested_member_1_51.exit	2	9a271f2a916b0b6ee6cecb2426f0b3206ef074578be55d9bc94f6f3fe3ab86aa
FILE	/Users/Shared/micah/Documents/TNN/TNN/Research/R33_NATIVE_N17_R27_CONTINUITY/FINAL_B_20260915_1409/N17_REFRESH/logs/expanded_17_220.exit	2	9a271f2a916b0b6ee6cecb2426f0b3206ef074578be55d9bc94f6f3fe3ab86aa
FILE	/Users/Shared/micah/Documents/TNN/TNN/Research/R33_NATIVE_N17_R27_CONTINUITY/FINAL_B_20260915_1409/N17_REFRESH/logs/nested_member_7_532.stdout	2605	6366bb1a2f9e2e71e8010ccea5b464e95dc0eaeb5d7b9681cd209a41314b830e
FILE	/Users/Shared/micah/Documents/TNN/TNN/Research/R33_NATIVE_N17_R27_CONTINUITY/FINAL_B_20260915_1409/N17_REFRESH/logs/expanded_44_644.stderr	0	e3b0c44298fc1c149afbf4c8996fb92427ae41e4649b934ca495991b7852b855
FILE	/Users/Shared/micah/Documents/TNN/TNN/Research/R33_NATIVE_N17_R27_CONTINUITY/FINAL_B_20260915_1409/N17_REFRESH/logs/expanded_38_646.stdout	2634	ad334f1edd377e5797a6b1835894fa06064d6dada537fcea2bfaf13e228e0dc5
FILE	/Users/Shared/micah/Documents/TNN/TNN/Research/R33_NATIVE_N17_R27_CONTINUITY/FINAL_B_20260915_1409/N17_REFRESH/logs/nested_member_7_528.exit	2	9a271f2a916b0b6ee6cecb2426f0b3206ef074578be55d9bc94f6f3fe3ab86aa
FILE	/Users/Shared/micah/Documents/TNN/TNN/Research/R33_NATIVE_N17_R27_CONTINUITY/FINAL_B_20260915_1409/N17_REFRESH/logs/expanded_54_48.stderr	0	e3b0c44298fc1c149afbf4c8996fb92427ae41e4649b934ca495991b7852b855
FILE	/Users/Shared/micah/Documents/TNN/TNN/Research/R33_NATIVE_N17_R27_CONTINUITY/FINAL_B_20260915_1409/N17_REFRESH/logs/expanded_38_746.stdout	5300	0d2b0d5609ca3b7db06a3feeb1c26adc2e895e0583cab3c7cc52112545c797a6
FILE	/Users/Shared/micah/Documents/TNN/TNN/Research/R33_NATIVE_N17_R27_CONTINUITY/FINAL_B_20260915_1409/N17_REFRESH/logs/nested_member_6_528.exit	2	9a271f2a916b0b6ee6cecb2426f0b3206ef074578be55d9bc94f6f3fe3ab86aa
FILE	/Users/Shared/micah/Documents/TNN/TNN/Research/R33_NATIVE_N17_R27_CONTINUITY/FINAL_B_20260915_1409/N17_REFRESH/logs/archive_68.stdout	0	e3b0c44298fc1c149afbf4c8996fb92427ae41e4649b934ca495991b7852b855
FILE	/Users/Shared/micah/Documents/TNN/TNN/Research/R33_NATIVE_N17_R27_CONTINUITY/FINAL_B_20260915_1409/N17_REFRESH/logs/git_blob_0c4dccef85ab6d7275c619d5fd4d5d30c6a87617.exit	2	9a271f2a916b0b6ee6cecb2426f0b3206ef074578be55d9bc94f6f3fe3ab86aa
FILE	/Users/Shared/micah/Documents/TNN/TNN/Research/R33_NATIVE_N17_R27_CONTINUITY/FINAL_B_20260915_1409/N17_REFRESH/logs/expanded_44_634.argv	166	eae54652fbb1e94c387af07f7b775b1e2b9a4e09ea47cc7ee0674d6702be8b83
FILE	/Users/Shared/micah/Documents/TNN/TNN/Research/R33_NATIVE_N17_R27_CONTINUITY/FINAL_B_20260915_1409/N17_REFRESH/logs/expanded_38_656.exit	2	9a271f2a916b0b6ee6cecb2426f0b3206ef074578be55d9bc94f6f3fe3ab86aa
FILE	/Users/Shared/micah/Documents/TNN/TNN/Research/R33_NATIVE_N17_R27_CONTINUITY/FINAL_B_20260915_1409/N17_REFRESH/logs/policy_final.argv	262	47ae277bfef8ef510485deb0ff30640bfc99b97e9eb0e75f526596154162e52e
FILE	/Users/Shared/micah/Documents/TNN/TNN/Research/R33_NATIVE_N17_R27_CONTINUITY/FINAL_B_20260915_1409/N17_REFRESH/logs/nested_member_4_84.argv	207	5ce7c3ed1fa83ea87814014a8c17cbea566454cdd97a5843c49a114ab9dc5510
FILE	/Users/Shared/micah/Documents/TNN/TNN/Research/R33_NATIVE_N17_R27_CONTINUITY/FINAL_B_20260915_1409/N17_REFRESH/logs/r26_digest.stderr	0	e3b0c44298fc1c149afbf4c8996fb92427ae41e4649b934ca495991b7852b855
FILE	/Users/Shared/micah/Documents/TNN/TNN/Research/R33_NATIVE_N17_R27_CONTINUITY/FINAL_B_20260915_1409/N17_REFRESH/logs/nested_member_1_52.argv	217	b74ccda1b0f773d72afe54551bd9d63e27e4d19529837a82cf9a6e317a0a305b
FILE	/Users/Shared/micah/Documents/TNN/TNN/Research/R33_NATIVE_N17_R27_CONTINUITY/FINAL_B_20260915_1409/N17_REFRESH/logs/nested_member_2_530.stdout	1828	cfc64c92be46734a526647332c0ea9d4c2114cf1a4e79803e28fea9419df3b53
FILE	/Users/Shared/micah/Documents/TNN/TNN/Research/R33_NATIVE_N17_R27_CONTINUITY/FINAL_B_20260915_1409/N17_REFRESH/logs/expanded_52_127.stderr	0	e3b0c44298fc1c149afbf4c8996fb92427ae41e4649b934ca495991b7852b855
FILE	/Users/Shared/micah/Documents/TNN/TNN/Research/R33_NATIVE_N17_R27_CONTINUITY/FINAL_B_20260915_1409/N17_REFRESH/logs/nested_member_8_538.stdout	1311	685dd7f076cb8db957b0e48b5d331675ffb49f694597a6ef621032dfd8a9405a
FILE	/Users/Shared/micah/Documents/TNN/TNN/Research/R33_NATIVE_N17_R27_CONTINUITY/FINAL_B_20260915_1409/N17_REFRESH/logs/expanded_38_625.stdout	1526	9c4234fbcfa96ed1c62344e49d6eb43b60601077e6231c4f4df3fd955c8dd970
FILE	/Users/Shared/micah/Documents/TNN/TNN/Research/R33_NATIVE_N17_R27_CONTINUITY/FINAL_B_20260915_1409/N17_REFRESH/logs/expanded_17_203.stderr	0	e3b0c44298fc1c149afbf4c8996fb92427ae41e4649b934ca495991b7852b855
FILE	/Users/Shared/micah/Documents/TNN/TNN/Research/R33_NATIVE_N17_R27_CONTINUITY/FINAL_B_20260915_1409/N17_REFRESH/logs/nested_member_1_29.stderr	0	e3b0c44298fc1c149afbf4c8996fb92427ae41e4649b934ca495991b7852b855
FILE	/Users/Shared/micah/Documents/TNN/TNN/Research/R33_NATIVE_N17_R27_CONTINUITY/FINAL_B_20260915_1409/N17_REFRESH/logs/nested_list_6.exit	2	9a271f2a916b0b6ee6cecb2426f0b3206ef074578be55d9bc94f6f3fe3ab86aa
FILE	/Users/Shared/micah/Documents/TNN/TNN/Research/R33_NATIVE_N17_R27_CONTINUITY/FINAL_B_20260915_1409/N17_REFRESH/logs/policy.stdout	375	f8c013dfe5b959d560863b21304cfab0d74b6bbc4334c1c54485ab67d2ff545f
FILE	/Users/Shared/micah/Documents/TNN/TNN/Research/R33_NATIVE_N17_R27_CONTINUITY/FINAL_B_20260915_1409/N17_REFRESH/logs/build_reviewed.stdout	231	f693bd3df8a3324713ccc36edcdff176599c634d974b4d1127259fe55ab2bb40
FILE	/Users/Shared/micah/Documents/TNN/TNN/Research/R33_NATIVE_N17_R27_CONTINUITY/FINAL_B_20260915_1409/N17_REFRESH/logs/expanded_5_31.stdout	1425	1b4e3e5b7e2b3aa5a2463d8ac77b44109cf5b2e9810f1a2ad2533e7954007253
FILE	/Users/Shared/micah/Documents/TNN/TNN/Research/R33_NATIVE_N17_R27_CONTINUITY/FINAL_B_20260915_1409/N17_REFRESH/logs/expanded_47_42.exit	2	9a271f2a916b0b6ee6cecb2426f0b3206ef074578be55d9bc94f6f3fe3ab86aa
FILE	/Users/Shared/micah/Documents/TNN/TNN/Research/R33_NATIVE_N17_R27_CONTINUITY/FINAL_B_20260915_1409/N17_REFRESH/logs/expanded_5_93.stderr	0	e3b0c44298fc1c149afbf4c8996fb92427ae41e4649b934ca495991b7852b855
FILE	/Users/Shared/micah/Documents/TNN/TNN/Research/R33_NATIVE_N17_R27_CONTINUITY/FINAL_B_20260915_1409/N17_REFRESH/logs/expanded_75_60.stderr	0	e3b0c44298fc1c149afbf4c8996fb92427ae41e4649b934ca495991b7852b855
FILE	/Users/Shared/micah/Documents/TNN/TNN/Research/R33_NATIVE_N17_R27_CONTINUITY/FINAL_B_20260915_1409/N17_REFRESH/logs/expanded_44_637.exit	2	9a271f2a916b0b6ee6cecb2426f0b3206ef074578be55d9bc94f6f3fe3ab86aa
FILE	/Users/Shared/micah/Documents/TNN/TNN/Research/R33_NATIVE_N17_R27_CONTINUITY/FINAL_B_20260915_1409/N17_REFRESH/logs/archive_19.exit	2	9a271f2a916b0b6ee6cecb2426f0b3206ef074578be55d9bc94f6f3fe3ab86aa
FILE	/Users/Shared/micah/Documents/TNN/TNN/Research/R33_NATIVE_N17_R27_CONTINUITY/FINAL_B_20260915_1409/N17_REFRESH/logs/expanded_45_2.stderr	0	e3b0c44298fc1c149afbf4c8996fb92427ae41e4649b934ca495991b7852b855
FILE	/Users/Shared/micah/Documents/TNN/TNN/Research/R33_NATIVE_N17_R27_CONTINUITY/FINAL_B_20260915_1409/N17_REFRESH/logs/expanded_40_27.stderr	0	e3b0c44298fc1c149afbf4c8996fb92427ae41e4649b934ca495991b7852b855
FILE	/Users/Shared/micah/Documents/TNN/TNN/Research/R33_NATIVE_N17_R27_CONTINUITY/FINAL_B_20260915_1409/N17_REFRESH/logs/forbidden_selector_tests.exit	2	9a271f2a916b0b6ee6cecb2426f0b3206ef074578be55d9bc94f6f3fe3ab86aa
FILE	/Users/Shared/micah/Documents/TNN/TNN/Research/R33_NATIVE_N17_R27_CONTINUITY/FINAL_B_20260915_1409/N17_REFRESH/logs/archive_76.stdout	137	54b39d1e913c12d3b4e4655e9be180cfac021ec3c57b535574356de9b45e532f
FILE	/Users/Shared/micah/Documents/TNN/TNN/Research/R33_NATIVE_N17_R27_CONTINUITY/FINAL_B_20260915_1409/N17_REFRESH/logs/nested_member_1_116.stdout	1244	8acb53d1e9d8af6be694d870089ea19bb5055479b16fc2bbaf6ee1b24b27be1e
FILE	/Users/Shared/micah/Documents/TNN/TNN/Research/R33_NATIVE_N17_R27_CONTINUITY/FINAL_B_20260915_1409/N17_REFRESH/logs/nested_member_6_132.stderr	0	e3b0c44298fc1c149afbf4c8996fb92427ae41e4649b934ca495991b7852b855
FILE	/Users/Shared/micah/Documents/TNN/TNN/Research/R33_NATIVE_N17_R27_CONTINUITY/FINAL_B_20260915_1409/N17_REFRESH/logs/nested_member_3_64.argv	212	5c5673338bcf8839d8b0b98fe779f998e3ab03559bb0743290caff66ec34c9e6
FILE	/Users/Shared/micah/Documents/TNN/TNN/Research/R33_NATIVE_N17_R27_CONTINUITY/FINAL_B_20260915_1409/N17_REFRESH/logs/expanded_38_762.stderr	0	e3b0c44298fc1c149afbf4c8996fb92427ae41e4649b934ca495991b7852b855
FILE	/Users/Shared/micah/Documents/TNN/TNN/Research/R33_NATIVE_N17_R27_CONTINUITY/FINAL_B_20260915_1409/N17_REFRESH/logs/compiler_before.argv	52	0dc425a8d3899761f466b0a74ceecd6cd64bf8c7f71a7efbf0225c98a2fb24b4
FILE	/Users/Shared/micah/Documents/TNN/TNN/Research/R33_NATIVE_N17_R27_CONTINUITY/FINAL_B_20260915_1409/N17_REFRESH/logs/nested_member_3_51.stderr	0	e3b0c44298fc1c149afbf4c8996fb92427ae41e4649b934ca495991b7852b855
FILE	/Users/Shared/micah/Documents/TNN/TNN/Research/R33_NATIVE_N17_R27_CONTINUITY/FINAL_B_20260915_1409/N17_REFRESH/logs/expanded_19_210.argv	132	6d27d0a825ce44c8e6d51f3df3bf79185a4c2aee42d0e62d56d6611f0cd6fc12
FILE	/Users/Shared/micah/Documents/TNN/TNN/Research/R33_NATIVE_N17_R27_CONTINUITY/FINAL_B_20260915_1409/N17_REFRESH/logs/expanded_52_125.exit	2	9a271f2a916b0b6ee6cecb2426f0b3206ef074578be55d9bc94f6f3fe3ab86aa
FILE	/Users/Shared/micah/Documents/TNN/TNN/Research/R33_NATIVE_N17_R27_CONTINUITY/FINAL_B_20260915_1409/N17_REFRESH/logs/expanded_46_118.argv	146	bb17e7d4c908ed0dddbb05f389e3ee4bea9b482ca912cfe78967a2fcc98e6fa3
FILE	/Users/Shared/micah/Documents/TNN/TNN/Research/R33_NATIVE_N17_R27_CONTINUITY/FINAL_B_20260915_1409/N17_REFRESH/logs/expanded_44_875.stdout	4617	9c22222bf1126216cc12ac7aa209af434295d163d8a5af92a0b0c33dffacb717
FILE	/Users/Shared/micah/Documents/TNN/TNN/Research/R33_NATIVE_N17_R27_CONTINUITY/FINAL_B_20260915_1409/N17_REFRESH/logs/project_repaired_exact_source_gate.argv	649	006dc7975fac42bccf9ac6d54355189fe99b6e7ba3d957dd0e9ab61a6fee1722
FILE	/Users/Shared/micah/Documents/TNN/TNN/Research/R33_NATIVE_N17_R27_CONTINUITY/FINAL_B_20260915_1409/N17_REFRESH/logs/archive_31.stderr	0	e3b0c44298fc1c149afbf4c8996fb92427ae41e4649b934ca495991b7852b855
FILE	/Users/Shared/micah/Documents/TNN/TNN/Research/R33_NATIVE_N17_R27_CONTINUITY/FINAL_B_20260915_1409/N17_REFRESH/logs/expanded_9_58.stderr	0	e3b0c44298fc1c149afbf4c8996fb92427ae41e4649b934ca495991b7852b855
FILE	/Users/Shared/micah/Documents/TNN/TNN/Research/R33_NATIVE_N17_R27_CONTINUITY/FINAL_B_20260915_1409/N17_REFRESH/logs/expanded_55_62.stderr	0	e3b0c44298fc1c149afbf4c8996fb92427ae41e4649b934ca495991b7852b855
FILE	/Users/Shared/micah/Documents/TNN/TNN/Research/R33_NATIVE_N17_R27_CONTINUITY/FINAL_B_20260915_1409/N17_REFRESH/logs/archive_12.exit	2	9a271f2a916b0b6ee6cecb2426f0b3206ef074578be55d9bc94f6f3fe3ab86aa
FILE	/Users/Shared/micah/Documents/TNN/TNN/Research/R33_NATIVE_N17_R27_CONTINUITY/FINAL_B_20260915_1409/N17_REFRESH/logs/member_54_1.stdout	6000	9d50035d837e835d0ebe486018b603c8f0f73d1a650a3a8e27f3494253becb84
FILE	/Users/Shared/micah/Documents/TNN/TNN/Research/R33_NATIVE_N17_R27_CONTINUITY/FINAL_B_20260915_1409/N17_REFRESH/logs/project_reviewed.stdout	0	e3b0c44298fc1c149afbf4c8996fb92427ae41e4649b934ca495991b7852b855
FILE	/Users/Shared/micah/Documents/TNN/TNN/Research/R33_NATIVE_N17_R27_CONTINUITY/FINAL_B_20260915_1409/N17_REFRESH/logs/expanded_5_31.argv	169	98273f751ddb638ebc55be22fa810c972d4d74857b4a4ecbf25cc70afa9fd484
FILE	/Users/Shared/micah/Documents/TNN/TNN/Research/R33_NATIVE_N17_R27_CONTINUITY/FINAL_B_20260915_1409/N17_REFRESH/logs/member_55_1.stdout	6000	9d50035d837e835d0ebe486018b603c8f0f73d1a650a3a8e27f3494253becb84
FILE	/Users/Shared/micah/Documents/TNN/TNN/Research/R33_NATIVE_N17_R27_CONTINUITY/FINAL_B_20260915_1409/N17_REFRESH/logs/archive_46.argv	84	4e7ba1b570c94c447aa1a95cb02a2ac86c53d681d5b6c90343b878f1d3df77fa
FILE	/Users/Shared/micah/Documents/TNN/TNN/Research/R33_NATIVE_N17_R27_CONTINUITY/FINAL_B_20260915_1409/N17_REFRESH/logs/large_archive_2.stderr	0	e3b0c44298fc1c149afbf4c8996fb92427ae41e4649b934ca495991b7852b855
FILE	/Users/Shared/micah/Documents/TNN/TNN/Research/R33_NATIVE_N17_R27_CONTINUITY/FINAL_B_20260915_1409/N17_REFRESH/logs/expanded_33_22.argv	184	9ded3b1ab4c9ef06ce26aa545360b861991d83046e12e1a357f90b5032ff4246
FILE	/Users/Shared/micah/Documents/TNN/TNN/Research/R33_NATIVE_N17_R27_CONTINUITY/FINAL_B_20260915_1409/N17_REFRESH/logs/expanded_47_64.stdout	1633	9f840343b07c6efb4beb53c636c026f7b1275e5c7d30729ec03e0c960e72f18c
FILE	/Users/Shared/micah/Documents/TNN/TNN/Research/R33_NATIVE_N17_R27_CONTINUITY/FINAL_B_20260915_1409/N17_REFRESH/logs/expanded_19_213.exit	2	9a271f2a916b0b6ee6cecb2426f0b3206ef074578be55d9bc94f6f3fe3ab86aa
FILE	/Users/Shared/micah/Documents/TNN/TNN/Research/R33_NATIVE_N17_R27_CONTINUITY/FINAL_B_20260915_1409/N17_REFRESH/logs/nested_member_4_417.stdout	54852	ce48ccc8bacfc9e3f211428c7e4a42055370515f4f8469c6256ca82a6acb84b8
FILE	/Users/Shared/micah/Documents/TNN/TNN/Research/R33_NATIVE_N17_R27_CONTINUITY/FINAL_B_20260915_1409/N17_REFRESH/logs/expanded_52_126.argv	149	6492ed7e768ba4b7ae42281ba6f65b4baf833aad659d278718db9383d50b3f17
FILE	/Users/Shared/micah/Documents/TNN/TNN/Research/R33_NATIVE_N17_R27_CONTINUITY/FINAL_B_20260915_1409/N17_REFRESH/logs/nested_member_1_70.stdout	17039	80e107f7ca74d71fc3430822923315e84283c88d4be0c8bca9945eadabea8074
FILE	/Users/Shared/micah/Documents/TNN/TNN/Research/R33_NATIVE_N17_R27_CONTINUITY/FINAL_B_20260915_1409/N17_REFRESH/logs/archive_52.stderr	0	e3b0c44298fc1c149afbf4c8996fb92427ae41e4649b934ca495991b7852b855
FILE	/Users/Shared/micah/Documents/TNN/TNN/Research/R33_NATIVE_N17_R27_CONTINUITY/FINAL_B_20260915_1409/N17_REFRESH/logs/expanded_19_247.argv	130	e39a16d2079288f2925c35b58ccd27ecba2bd82c317a5550c5b52b4edb3f4c1e
FILE	/Users/Shared/micah/Documents/TNN/TNN/Research/R33_NATIVE_N17_R27_CONTINUITY/FINAL_B_20260915_1409/N17_REFRESH/logs/expanded_38_609.argv	168	2ad4568b24ee3cc2b0d68b1bc170e86874801111ead619b571824bf1d7b1778c
FILE	/Users/Shared/micah/Documents/TNN/TNN/Research/R33_NATIVE_N17_R27_CONTINUITY/FINAL_B_20260915_1409/N17_REFRESH/logs/expanded_19_3.stdout	1149955	be943522196e2d13aaa254aed8c4245a3dc99afee567b42d99dca6308d9df06f
FILE	/Users/Shared/micah/Documents/TNN/TNN/Research/R33_NATIVE_N17_R27_CONTINUITY/FINAL_B_20260915_1409/N17_REFRESH/logs/expanded_5_89.argv	136	1c3b9c8b4b1549ccc07787d797f3b99cf7b4c8f783d543a4b56c7265b0e707d2
FILE	/Users/Shared/micah/Documents/TNN/TNN/Research/R33_NATIVE_N17_R27_CONTINUITY/FINAL_B_20260915_1409/N17_REFRESH/logs/archive_45.exit	2	9a271f2a916b0b6ee6cecb2426f0b3206ef074578be55d9bc94f6f3fe3ab86aa
FILE	/Users/Shared/micah/Documents/TNN/TNN/Research/R33_NATIVE_N17_R27_CONTINUITY/FINAL_B_20260915_1409/N17_REFRESH/logs/expanded_52_103.stdout	827112	2dc87e0fcd52f9c38f6addbbb1c86c7fa8df1f1e2d02fc880ef28f514db33d09
FILE	/Users/Shared/micah/Documents/TNN/TNN/Research/R33_NATIVE_N17_R27_CONTINUITY/FINAL_B_20260915_1409/N17_REFRESH/logs/expanded_5_32.exit	2	9a271f2a916b0b6ee6cecb2426f0b3206ef074578be55d9bc94f6f3fe3ab86aa
FILE	/Users/Shared/micah/Documents/TNN/TNN/Research/R33_NATIVE_N17_R27_CONTINUITY/FINAL_B_20260915_1409/N17_REFRESH/logs/nested_member_5_530.stdout	1828	cfc64c92be46734a526647332c0ea9d4c2114cf1a4e79803e28fea9419df3b53
FILE	/Users/Shared/micah/Documents/TNN/TNN/Research/R33_NATIVE_N17_R27_CONTINUITY/FINAL_B_20260915_1409/N17_REFRESH/logs/expanded_46_117.stderr	0	e3b0c44298fc1c149afbf4c8996fb92427ae41e4649b934ca495991b7852b855
FILE	/Users/Shared/micah/Documents/TNN/TNN/Research/R33_NATIVE_N17_R27_CONTINUITY/FINAL_B_20260915_1409/N17_REFRESH/logs/nested_member_5_84.stderr	0	e3b0c44298fc1c149afbf4c8996fb92427ae41e4649b934ca495991b7852b855
FILE	/Users/Shared/micah/Documents/TNN/TNN/Research/R33_NATIVE_N17_R27_CONTINUITY/FINAL_B_20260915_1409/N17_REFRESH/logs/archive_11.argv	101	e18f3357bd1b0606d963e61e9d525b745bcbb19534d70479c9265a4cc4a40c43
FILE	/Users/Shared/micah/Documents/TNN/TNN/Research/R33_NATIVE_N17_R27_CONTINUITY/FINAL_B_20260915_1409/N17_REFRESH/logs/expanded_19_214.stdout	9233	5cca1ea80075d869b21a4eeb69c743212d81be0b91c5e2f39a1e67a65188a873
FILE	/Users/Shared/micah/Documents/TNN/TNN/Research/R33_NATIVE_N17_R27_CONTINUITY/FINAL_B_20260915_1409/N17_REFRESH/logs/expanded_19_205.exit	2	9a271f2a916b0b6ee6cecb2426f0b3206ef074578be55d9bc94f6f3fe3ab86aa
FILE	/Users/Shared/micah/Documents/TNN/TNN/Research/R33_NATIVE_N17_R27_CONTINUITY/FINAL_B_20260915_1409/N17_REFRESH/logs/build_record_final.stderr	312	5beddb4d1a45cc0fb99ed468d32d341d5748ad4750fa448b28e7885fdc8f6eb6
FILE	/Users/Shared/micah/Documents/TNN/TNN/Research/R33_NATIVE_N17_R27_CONTINUITY/FINAL_B_20260915_1409/N17_REFRESH/logs/archive_4.exit	2	9a271f2a916b0b6ee6cecb2426f0b3206ef074578be55d9bc94f6f3fe3ab86aa
FILE	/Users/Shared/micah/Documents/TNN/TNN/Research/R33_NATIVE_N17_R27_CONTINUITY/FINAL_B_20260915_1409/N17_REFRESH/logs/archive_81.stdout	7787	7da2b3586fe00b18ec68a79202ce4f76d1ba2c8911e6cf9be07990194ef5744a
FILE	/Users/Shared/micah/Documents/TNN/TNN/Research/R33_NATIVE_N17_R27_CONTINUITY/FINAL_B_20260915_1409/N17_REFRESH/logs/expanded_19_218.stdout	26223	b529343363435df2b7fcbabeef9535ec6a72e92ddd13725230415b7c9f5f3816
FILE	/Users/Shared/micah/Documents/TNN/TNN/Research/R33_NATIVE_N17_R27_CONTINUITY/FINAL_B_20260915_1409/N17_REFRESH/logs/archive_53.exit	2	9a271f2a916b0b6ee6cecb2426f0b3206ef074578be55d9bc94f6f3fe3ab86aa
FILE	/Users/Shared/micah/Documents/TNN/TNN/Research/R33_NATIVE_N17_R27_CONTINUITY/FINAL_B_20260915_1409/N17_REFRESH/logs/expanded_31_25.stdout	9190	e94a4c02bf28626b582c1ff34f2cf22ec4dc9bc9033598cdcd54e9e5c4cc26d4
FILE	/Users/Shared/micah/Documents/TNN/TNN/Research/R33_NATIVE_N17_R27_CONTINUITY/FINAL_B_20260915_1409/N17_REFRESH/logs/archive_23.stderr	0	e3b0c44298fc1c149afbf4c8996fb92427ae41e4649b934ca495991b7852b855
FILE	/Users/Shared/micah/Documents/TNN/TNN/Research/R33_NATIVE_N17_R27_CONTINUITY/FINAL_B_20260915_1409/N17_REFRESH/logs/expanded_44_629.argv	180	61d142e396cc56386cd158fb7ebf37e3a5675c15b767dca2418601448473e01f
FILE	/Users/Shared/micah/Documents/TNN/TNN/Research/R33_NATIVE_N17_R27_CONTINUITY/FINAL_B_20260915_1409/N17_REFRESH/logs/r25_missing.exit	3	8e37bed9dff3949ffd23ae638260dff869f5cc26e551f2a9e5e289a8888949fa
FILE	/Users/Shared/micah/Documents/TNN/TNN/Research/R33_NATIVE_N17_R27_CONTINUITY/FINAL_B_20260915_1409/N17_REFRESH/logs/expanded_74_25.stderr	0	e3b0c44298fc1c149afbf4c8996fb92427ae41e4649b934ca495991b7852b855
FILE	/Users/Shared/micah/Documents/TNN/TNN/Research/R33_NATIVE_N17_R27_CONTINUITY/FINAL_B_20260915_1409/N17_REFRESH/logs/expanded_75_56.stdout	3992	8488a216968ab1ad07530c5e2c1bd2184eb2bf48d19b0e0dfdd01d6931eb482b
FILE	/Users/Shared/micah/Documents/TNN/TNN/Research/R33_NATIVE_N17_R27_CONTINUITY/FINAL_B_20260915_1409/N17_REFRESH/logs/nested_member_1_120.stderr	0	e3b0c44298fc1c149afbf4c8996fb92427ae41e4649b934ca495991b7852b855
FILE	/Users/Shared/micah/Documents/TNN/TNN/Research/R33_NATIVE_N17_R27_CONTINUITY/FINAL_B_20260915_1409/N17_REFRESH/logs/archive_40.stderr	0	e3b0c44298fc1c149afbf4c8996fb92427ae41e4649b934ca495991b7852b855
FILE	/Users/Shared/micah/Documents/TNN/TNN/Research/R33_NATIVE_N17_R27_CONTINUITY/FINAL_B_20260915_1409/N17_REFRESH/logs/expanded_19_206.argv	117	90ad64903bc2ef0c542ca40f2e4167d139756485c21e1ec4abfe2d8bd518aaf2
FILE	/Users/Shared/micah/Documents/TNN/TNN/Research/R33_NATIVE_N17_R27_CONTINUITY/FINAL_B_20260915_1409/N17_REFRESH/logs/expanded_17_248.stdout	49683	2c4e872f72df06d2c24488bc257dc0c299c41da3c42f2d8fac0a87953203f9a3
FILE	/Users/Shared/micah/Documents/TNN/TNN/Research/R33_NATIVE_N17_R27_CONTINUITY/FINAL_B_20260915_1409/N17_REFRESH/logs/nested_member_1_119.exit	2	9a271f2a916b0b6ee6cecb2426f0b3206ef074578be55d9bc94f6f3fe3ab86aa
FILE	/Users/Shared/micah/Documents/TNN/TNN/Research/R33_NATIVE_N17_R27_CONTINUITY/FINAL_B_20260915_1409/N17_REFRESH/logs/expanded_38_648.argv	157	a35c137337c45711b03c9863c64a221f4daeb0574318193217ea2ee19e278031
FILE	/Users/Shared/micah/Documents/TNN/TNN/Research/R33_NATIVE_N17_R27_CONTINUITY/FINAL_B_20260915_1409/N17_REFRESH/logs/nested_member_7_132.exit	2	9a271f2a916b0b6ee6cecb2426f0b3206ef074578be55d9bc94f6f3fe3ab86aa
FILE	/Users/Shared/micah/Documents/TNN/TNN/Research/R33_NATIVE_N17_R27_CONTINUITY/FINAL_B_20260915_1409/N17_REFRESH/logs/expanded_55_62.exit	2	9a271f2a916b0b6ee6cecb2426f0b3206ef074578be55d9bc94f6f3fe3ab86aa
FILE	/Users/Shared/micah/Documents/TNN/TNN/Research/R33_NATIVE_N17_R27_CONTINUITY/FINAL_B_20260915_1409/N17_REFRESH/logs/nested_member_2_142.stdout	222	4dcd659522c5c325537986cb529e35ca3105f74a380268d345308afd8f827025
FILE	/Users/Shared/micah/Documents/TNN/TNN/Research/R33_NATIVE_N17_R27_CONTINUITY/FINAL_B_20260915_1409/N17_REFRESH/logs/nested_member_6_132.exit	2	9a271f2a916b0b6ee6cecb2426f0b3206ef074578be55d9bc94f6f3fe3ab86aa
FILE	/Users/Shared/micah/Documents/TNN/TNN/Research/R33_NATIVE_N17_R27_CONTINUITY/FINAL_B_20260915_1409/N17_REFRESH/logs/expanded_38_759.exit	2	9a271f2a916b0b6ee6cecb2426f0b3206ef074578be55d9bc94f6f3fe3ab86aa
FILE	/Users/Shared/micah/Documents/TNN/TNN/Research/R33_NATIVE_N17_R27_CONTINUITY/FINAL_B_20260915_1409/N17_REFRESH/logs/expanded_43_20.stdout	25732	1f505b3dd04748fadb28bc6c001df59ac5f2aa82e521eedb321010b0eab60de3
FILE	/Users/Shared/micah/Documents/TNN/TNN/Research/R33_NATIVE_N17_R27_CONTINUITY/FINAL_B_20260915_1409/N17_REFRESH/logs/r26_selftest.argv	128	1c321a51b4fe5908ca2c5336ec30741334e166272b093d5340b16a7849f34218
FILE	/Users/Shared/micah/Documents/TNN/TNN/Research/R33_NATIVE_N17_R27_CONTINUITY/FINAL_B_20260915_1409/N17_REFRESH/logs/nested_member_3_118.stdout	42833	40e24989bb017dd0bde677d5256357f320aa61a65226a4bc961b8e6f8731d908
FILE	/Users/Shared/micah/Documents/TNN/TNN/Research/R33_NATIVE_N17_R27_CONTINUITY/FINAL_B_20260915_1409/N17_REFRESH/logs/expanded_19_206.stdout	2235	4c5a36d62f2a51ea939b741207ad8300e5ae71cb003340572348dd7d34609ec0
FILE	/Users/Shared/micah/Documents/TNN/TNN/Research/R33_NATIVE_N17_R27_CONTINUITY/FINAL_B_20260915_1409/N17_REFRESH/logs/expanded_44_611.stdout	2300	bb371233550bdcf07b5e2a65a73d37b5e656d3b5f0f81fe9cdae90e874066901
FILE	/Users/Shared/micah/Documents/TNN/TNN/Research/R33_NATIVE_N17_R27_CONTINUITY/FINAL_B_20260915_1409/N17_REFRESH/logs/expanded_38_613.stderr	0	e3b0c44298fc1c149afbf4c8996fb92427ae41e4649b934ca495991b7852b855
FILE	/Users/Shared/micah/Documents/TNN/TNN/Research/R33_NATIVE_N17_R27_CONTINUITY/FINAL_B_20260915_1409/N17_REFRESH/logs/archive_50.argv	91	ca73f06285391059dbeda05ea3982ecaad0537c1237ec2ccdbec96a9f626c9db
FILE	/Users/Shared/micah/Documents/TNN/TNN/Research/R33_NATIVE_N17_R27_CONTINUITY/FINAL_B_20260915_1409/N17_REFRESH/logs/nested_member_7_536.argv	195	7c01ed97ecfb3e800447863e3f8e8bc772012b1014bbeaf0fa4c3fff93348d17
FILE	/Users/Shared/micah/Documents/TNN/TNN/Research/R33_NATIVE_N17_R27_CONTINUITY/FINAL_B_20260915_1409/N17_REFRESH/logs/nested_member_6_536.argv	198	d60ca57b7c9368ac857f0da015a5721e4a991fa1c526c1757e93a7199fd8373b
FILE	/Users/Shared/micah/Documents/TNN/TNN/Research/R33_NATIVE_N17_R27_CONTINUITY/FINAL_B_20260915_1409/N17_REFRESH/logs/expanded_9_54.stderr	0	e3b0c44298fc1c149afbf4c8996fb92427ae41e4649b934ca495991b7852b855
FILE	/Users/Shared/micah/Documents/TNN/TNN/Research/R33_NATIVE_N17_R27_CONTINUITY/FINAL_B_20260915_1409/N17_REFRESH/logs/archive_7.argv	147	67993f236ca401608aa9509383c5fcda2269a335d93517e7e568d7da27ac1457
FILE	/Users/Shared/micah/Documents/TNN/TNN/Research/R33_NATIVE_N17_R27_CONTINUITY/FINAL_B_20260915_1409/N17_REFRESH/logs/r26_digest.stdout	869	684652b6411884d39f19fee7778d31404f6fd0c8e2e587b2cb90490156cefd0d
FILE	/Users/Shared/micah/Documents/TNN/TNN/Research/R33_NATIVE_N17_R27_CONTINUITY/FINAL_B_20260915_1409/N17_REFRESH/logs/expanded_54_34.exit	2	9a271f2a916b0b6ee6cecb2426f0b3206ef074578be55d9bc94f6f3fe3ab86aa
FILE	/Users/Shared/micah/Documents/TNN/TNN/Research/R33_NATIVE_N17_R27_CONTINUITY/FINAL_B_20260915_1409/N17_REFRESH/logs/expanded_31_25.argv	138	fd8f22263c1998b4e7eda70a44003e3d6881d45fd5c41c57f810a266a850c253
FILE	/Users/Shared/micah/Documents/TNN/TNN/Research/R33_NATIVE_N17_R27_CONTINUITY/FINAL_B_20260915_1409/N17_REFRESH/logs/expanded_54_48.stdout	1482	f641633296b739dcc798d424dc27be36b3955d4fcfc1dad942f9a30a4b3df51f
FILE	/Users/Shared/micah/Documents/TNN/TNN/Research/R33_NATIVE_N17_R27_CONTINUITY/FINAL_B_20260915_1409/N17_REFRESH/logs/expanded_46_121.exit	2	9a271f2a916b0b6ee6cecb2426f0b3206ef074578be55d9bc94f6f3fe3ab86aa
FILE	/Users/Shared/micah/Documents/TNN/TNN/Research/R33_NATIVE_N17_R27_CONTINUITY/FINAL_B_20260915_1409/N17_REFRESH/logs/nested_member_7_532.stderr	0	e3b0c44298fc1c149afbf4c8996fb92427ae41e4649b934ca495991b7852b855
FILE	/Users/Shared/micah/Documents/TNN/TNN/Research/R33_NATIVE_N17_R27_CONTINUITY/FINAL_B_20260915_1409/N17_REFRESH/logs/expanded_44_644.stdout	841	3f6af1d6790886f0e74cadecd89fdf023fa8f90e04de26bb64effcea439884cc
FILE	/Users/Shared/micah/Documents/TNN/TNN/Research/R33_NATIVE_N17_R27_CONTINUITY/FINAL_B_20260915_1409/N17_REFRESH/logs/expanded_38_646.stderr	0	e3b0c44298fc1c149afbf4c8996fb92427ae41e4649b934ca495991b7852b855
FILE	/Users/Shared/micah/Documents/TNN/TNN/Research/R33_NATIVE_N17_R27_CONTINUITY/FINAL_B_20260915_1409/N17_REFRESH/logs/expanded_4_25.exit	2	9a271f2a916b0b6ee6cecb2426f0b3206ef074578be55d9bc94f6f3fe3ab86aa
FILE	/Users/Shared/micah/Documents/TNN/TNN/Research/R33_NATIVE_N17_R27_CONTINUITY/FINAL_B_20260915_1409/N17_REFRESH/logs/archive_68.stderr	56	d020996efa8ef774f2a5b5df38bdab4a049eb9bb54bf82ec8618c616a66fe9e2
FILE	/Users/Shared/micah/Documents/TNN/TNN/Research/R33_NATIVE_N17_R27_CONTINUITY/FINAL_B_20260915_1409/N17_REFRESH/logs/expanded_38_746.stderr	0	e3b0c44298fc1c149afbf4c8996fb92427ae41e4649b934ca495991b7852b855
FILE	/Users/Shared/micah/Documents/TNN/TNN/Research/R33_NATIVE_N17_R27_CONTINUITY/FINAL_B_20260915_1409/N17_REFRESH/logs/expanded_44_605.argv	167	e91926c2dd61eabe09baa0f55b4daca239499565d59d8c7ae71fbdd752941e31
FILE	/Users/Shared/micah/Documents/TNN/TNN/Research/R33_NATIVE_N17_R27_CONTINUITY/FINAL_B_20260915_1409/N17_REFRESH/logs/expanded_38_667.exit	2	9a271f2a916b0b6ee6cecb2426f0b3206ef074578be55d9bc94f6f3fe3ab86aa
FILE	/Users/Shared/micah/Documents/TNN/TNN/Research/R33_NATIVE_N17_R27_CONTINUITY/FINAL_B_20260915_1409/N17_REFRESH/logs/expanded_10_25.stdout	9190	e94a4c02bf28626b582c1ff34f2cf22ec4dc9bc9033598cdcd54e9e5c4cc26d4
FILE	/Users/Shared/micah/Documents/TNN/TNN/Research/R33_NATIVE_N17_R27_CONTINUITY/FINAL_B_20260915_1409/N17_REFRESH/logs/archive_90.exit	2	9a271f2a916b0b6ee6cecb2426f0b3206ef074578be55d9bc94f6f3fe3ab86aa
FILE	/Users/Shared/micah/Documents/TNN/TNN/Research/R33_NATIVE_N17_R27_CONTINUITY/FINAL_B_20260915_1409/N17_REFRESH/logs/classifier.argv	504	b014a75e15cabcbe1809e970c7bdbb0796b1063c58560850ec5c821d77a698b0
FILE	/Users/Shared/micah/Documents/TNN/TNN/Research/R33_NATIVE_N17_R27_CONTINUITY/FINAL_B_20260915_1409/N17_REFRESH/logs/expanded_38_633.argv	165	f6642c1667a899cd2a10659e18ecfd74ab09526e1a7cd831176af1ae5e9f5599
FILE	/Users/Shared/micah/Documents/TNN/TNN/Research/R33_NATIVE_N17_R27_CONTINUITY/FINAL_B_20260915_1409/N17_REFRESH/logs/expanded_17_211.exit	2	9a271f2a916b0b6ee6cecb2426f0b3206ef074578be55d9bc94f6f3fe3ab86aa
FILE	/Users/Shared/micah/Documents/TNN/TNN/Research/R33_NATIVE_N17_R27_CONTINUITY/FINAL_B_20260915_1409/N17_REFRESH/logs/expanded_44_639.stdout	5105	37ff5c54783afc4edb1c5a2095e9c9753c96d944cb790e88bcc1e3edf3a34eec
FILE	/Users/Shared/micah/Documents/TNN/TNN/Research/R33_NATIVE_N17_R27_CONTINUITY/FINAL_B_20260915_1409/N17_REFRESH/logs/archive_15.stderr	118	4e6885136cdbdac761a5ad258ef16d5c98513c7ca7548daff419bb33eafe4b84
FILE	/Users/Shared/micah/Documents/TNN/TNN/Research/R33_NATIVE_N17_R27_CONTINUITY/FINAL_B_20260915_1409/N17_REFRESH/logs/expanded_40_27.stdout	1784	8a363dcd77b7fabad7b37b639b92e4836bf42c0b2af4e82c9b5790cccc936b44
FILE	/Users/Shared/micah/Documents/TNN/TNN/Research/R33_NATIVE_N17_R27_CONTINUITY/FINAL_B_20260915_1409/N17_REFRESH/logs/receipt_canonical.exit	2	9a271f2a916b0b6ee6cecb2426f0b3206ef074578be55d9bc94f6f3fe3ab86aa
FILE	/Users/Shared/micah/Documents/TNN/TNN/Research/R33_NATIVE_N17_R27_CONTINUITY/FINAL_B_20260915_1409/N17_REFRESH/logs/expanded_45_2.stdout	1401	f180b22aa0077acf380928b6d7951a25190791eafcc19d6d9040c5181289bb47
FILE	/Users/Shared/micah/Documents/TNN/TNN/Research/R33_NATIVE_N17_R27_CONTINUITY/FINAL_B_20260915_1409/N17_REFRESH/logs/expanded_4_26.argv	141	fc34d346cf07f4d70df30d4475062c73fdfe24c49febb1eba09051df2696d9f2
FILE	/Users/Shared/micah/Documents/TNN/TNN/Research/R33_NATIVE_N17_R27_CONTINUITY/FINAL_B_20260915_1409/N17_REFRESH/logs/nested_member_6_132.stdout	507	d19d7d171533c62bdd11fa97ca570507823a2011fc16e63b7e90e76a3b0f16f1
FILE	/Users/Shared/micah/Documents/TNN/TNN/Research/R33_NATIVE_N17_R27_CONTINUITY/FINAL_B_20260915_1409/N17_REFRESH/logs/nested_member_2_538.argv	203	aeabd5cf7ab5d8d9d5abe649f425c67e67481c35477b5a7ed073cae5570daed1
FILE	/Users/Shared/micah/Documents/TNN/TNN/Research/R33_NATIVE_N17_R27_CONTINUITY/FINAL_B_20260915_1409/N17_REFRESH/logs/expanded_46_122.argv	144	5893211e691f31b2aeb66d1b62d9061a8638921fcc16ca23119137f1225e725c
FILE	/Users/Shared/micah/Documents/TNN/TNN/Research/R33_NATIVE_N17_R27_CONTINUITY/FINAL_B_20260915_1409/N17_REFRESH/logs/archive_76.stderr	0	e3b0c44298fc1c149afbf4c8996fb92427ae41e4649b934ca495991b7852b855
FILE	/Users/Shared/micah/Documents/TNN/TNN/Research/R33_NATIVE_N17_R27_CONTINUITY/FINAL_B_20260915_1409/N17_REFRESH/logs/expanded_54_37.argv	156	debb4229c3b72d2a349fab797694af3a6d47cb6f02e805f39bc3205c76b5a95d
FILE	/Users/Shared/micah/Documents/TNN/TNN/Research/R33_NATIVE_N17_R27_CONTINUITY/FINAL_B_20260915_1409/N17_REFRESH/logs/nested_member_1_116.stderr	0	e3b0c44298fc1c149afbf4c8996fb92427ae41e4649b934ca495991b7852b855
FILE	/Users/Shared/micah/Documents/TNN/TNN/Research/R33_NATIVE_N17_R27_CONTINUITY/FINAL_B_20260915_1409/N17_REFRESH/logs/expanded_31_26.exit	2	9a271f2a916b0b6ee6cecb2426f0b3206ef074578be55d9bc94f6f3fe3ab86aa
FILE	/Users/Shared/micah/Documents/TNN/TNN/Research/R33_NATIVE_N17_R27_CONTINUITY/FINAL_B_20260915_1409/N17_REFRESH/logs/build_reviewed.stderr	0	e3b0c44298fc1c149afbf4c8996fb92427ae41e4649b934ca495991b7852b855
FILE	/Users/Shared/micah/Documents/TNN/TNN/Research/R33_NATIVE_N17_R27_CONTINUITY/FINAL_B_20260915_1409/N17_REFRESH/logs/expanded_5_31.stderr	0	e3b0c44298fc1c149afbf4c8996fb92427ae41e4649b934ca495991b7852b855
FILE	/Users/Shared/micah/Documents/TNN/TNN/Research/R33_NATIVE_N17_R27_CONTINUITY/FINAL_B_20260915_1409/N17_REFRESH/logs/expanded_5_93.stdout	4896	b60abe4c6eaebfdd8bdfd2cb311f2a9b3bf439957c5cf905bfb7733b2b90039b
FILE	/Users/Shared/micah/Documents/TNN/TNN/Research/R33_NATIVE_N17_R27_CONTINUITY/FINAL_B_20260915_1409/N17_REFRESH/logs/expanded_75_60.stdout	11565	5e0683835087ad7c793e0a725059df9e9fe54bcd65ce8fd96a30d7d2ea204646
FILE	/Users/Shared/micah/Documents/TNN/TNN/Research/R33_NATIVE_N17_R27_CONTINUITY/FINAL_B_20260915_1409/N17_REFRESH/logs/nested_member_8_538.stderr	0	e3b0c44298fc1c149afbf4c8996fb92427ae41e4649b934ca495991b7852b855
FILE	/Users/Shared/micah/Documents/TNN/TNN/Research/R33_NATIVE_N17_R27_CONTINUITY/FINAL_B_20260915_1409/N17_REFRESH/logs/expanded_38_625.stderr	0	e3b0c44298fc1c149afbf4c8996fb92427ae41e4649b934ca495991b7852b855
FILE	/Users/Shared/micah/Documents/TNN/TNN/Research/R33_NATIVE_N17_R27_CONTINUITY/FINAL_B_20260915_1409/N17_REFRESH/logs/expanded_17_203.stdout	42833	40e24989bb017dd0bde677d5256357f320aa61a65226a4bc961b8e6f8731d908
FILE	/Users/Shared/micah/Documents/TNN/TNN/Research/R33_NATIVE_N17_R27_CONTINUITY/FINAL_B_20260915_1409/N17_REFRESH/logs/nested_member_1_29.stdout	8188	496511f9d64e3e7035cdfb15267885aede715a0415b356f86a8be8eef4d752a4
FILE	/Users/Shared/micah/Documents/TNN/TNN/Research/R33_NATIVE_N17_R27_CONTINUITY/FINAL_B_20260915_1409/N17_REFRESH/logs/expanded_17_212.argv	133	6a5de9bc94948a070d6ed89fecfe921984d32c9b1107a143a827329a59273f3b
FILE	/Users/Shared/micah/Documents/TNN/TNN/Research/R33_NATIVE_N17_R27_CONTINUITY/FINAL_B_20260915_1409/N17_REFRESH/logs/policy.stderr	0	e3b0c44298fc1c149afbf4c8996fb92427ae41e4649b934ca495991b7852b855
FILE	/Users/Shared/micah/Documents/TNN/TNN/Research/R33_NATIVE_N17_R27_CONTINUITY/FINAL_B_20260915_1409/N17_REFRESH/logs/expanded_38_630.exit	2	9a271f2a916b0b6ee6cecb2426f0b3206ef074578be55d9bc94f6f3fe3ab86aa
FILE	/Users/Shared/micah/Documents/TNN/TNN/Research/R33_NATIVE_N17_R27_CONTINUITY/FINAL_B_20260915_1409/N17_REFRESH/logs/nested_member_2_530.stderr	0	e3b0c44298fc1c149afbf4c8996fb92427ae41e4649b934ca495991b7852b855
FILE	/Users/Shared/micah/Documents/TNN/TNN/Research/R33_NATIVE_N17_R27_CONTINUITY/FINAL_B_20260915_1409/N17_REFRESH/logs/archive_28.exit	2	9a271f2a916b0b6ee6cecb2426f0b3206ef074578be55d9bc94f6f3fe3ab86aa
FILE	/Users/Shared/micah/Documents/TNN/TNN/Research/R33_NATIVE_N17_R27_CONTINUITY/FINAL_B_20260915_1409/N17_REFRESH/logs/expanded_18_62.exit	2	9a271f2a916b0b6ee6cecb2426f0b3206ef074578be55d9bc94f6f3fe3ab86aa
FILE	/Users/Shared/micah/Documents/TNN/TNN/Research/R33_NATIVE_N17_R27_CONTINUITY/FINAL_B_20260915_1409/N17_REFRESH/logs/expanded_17_246.exit	2	9a271f2a916b0b6ee6cecb2426f0b3206ef074578be55d9bc94f6f3fe3ab86aa
FILE	/Users/Shared/micah/Documents/TNN/TNN/Research/R33_NATIVE_N17_R27_CONTINUITY/FINAL_B_20260915_1409/N17_REFRESH/logs/expanded_52_127.stdout	43658	860b3d908d13fdbb0397ee7a7d59e68dc98c820bc844710a878e7e6788a58ac9
FILE	/Users/Shared/micah/Documents/TNN/TNN/Research/R33_NATIVE_N17_R27_CONTINUITY/FINAL_B_20260915_1409/N17_REFRESH/logs/expanded_44_606.exit	2	9a271f2a916b0b6ee6cecb2426f0b3206ef074578be55d9bc94f6f3fe3ab86aa
FILE	/Users/Shared/micah/Documents/TNN/TNN/Research/R33_NATIVE_N17_R27_CONTINUITY/FINAL_B_20260915_1409/N17_REFRESH/logs/project_policy.argv	531	fd8fc315785977c79f1fe6278ff0c4342588f23f3220767c90984b3e89aec7a3
FILE	/Users/Shared/micah/Documents/TNN/TNN/Research/R33_NATIVE_N17_R27_CONTINUITY/FINAL_B_20260915_1409/N17_REFRESH/logs/expanded_4_30.argv	142	5abd21e019b4af556a80c9f00ddfeb44096ee16250087aae229c2ad0aeccb345
FILE	/Users/Shared/micah/Documents/TNN/TNN/Research/R33_NATIVE_N17_R27_CONTINUITY/FINAL_B_20260915_1409/N17_REFRESH/logs/nested_member_1_21.exit	2	9a271f2a916b0b6ee6cecb2426f0b3206ef074578be55d9bc94f6f3fe3ab86aa
FILE	/Users/Shared/micah/Documents/TNN/TNN/Research/R33_NATIVE_N17_R27_CONTINUITY/FINAL_B_20260915_1409/N17_REFRESH/logs/nested_member_1_123.exit	2	9a271f2a916b0b6ee6cecb2426f0b3206ef074578be55d9bc94f6f3fe3ab86aa
FILE	/Users/Shared/micah/Documents/TNN/TNN/Research/R33_NATIVE_N17_R27_CONTINUITY/FINAL_B_20260915_1409/N17_REFRESH/logs/nested_member_1_58.stdout	2349	7665595e392df92f8b6651b5da76e5886153157c9f242ec627db036800939a5a
FILE	/Users/Shared/micah/Documents/TNN/TNN/Research/R33_NATIVE_N17_R27_CONTINUITY/FINAL_B_20260915_1409/N17_REFRESH/logs/expanded_74_28.argv	128	6437116122acb279a07dec40428544ea679b428d6ddee1ce05f55987ee199027
FILE	/Users/Shared/micah/Documents/TNN/TNN/Research/R33_NATIVE_N17_R27_CONTINUITY/FINAL_B_20260915_1409/N17_REFRESH/logs/expanded_44_656.stdout	14375	79627b43acd8b4bed901a7dfa3e831ce913d6371243579b14aec534418f8a9a1
FILE	/Users/Shared/micah/Documents/TNN/TNN/Research/R33_NATIVE_N17_R27_CONTINUITY/FINAL_B_20260915_1409/N17_REFRESH/logs/expanded_38_654.stderr	0	e3b0c44298fc1c149afbf4c8996fb92427ae41e4649b934ca495991b7852b855
FILE	/Users/Shared/micah/Documents/TNN/TNN/Research/R33_NATIVE_N17_R27_CONTINUITY/FINAL_B_20260915_1409/N17_REFRESH/logs/expanded_44_644.argv	167	5108a0cbb033211ca1b20f4bb4a888a3b50dc68ed3e4eecc447d14587739975d
FILE	/Users/Shared/micah/Documents/TNN/TNN/Research/R33_NATIVE_N17_R27_CONTINUITY/FINAL_B_20260915_1409/N17_REFRESH/logs/nested_member_3_122.stdout	14657	2c1fc7464f806473e998722d76913ac679468374616398f4502653d0654e426f
FILE	/Users/Shared/micah/Documents/TNN/TNN/Research/R33_NATIVE_N17_R27_CONTINUITY/FINAL_B_20260915_1409/N17_REFRESH/logs/expanded_38_626.exit	2	9a271f2a916b0b6ee6cecb2426f0b3206ef074578be55d9bc94f6f3fe3ab86aa
FILE	/Users/Shared/micah/Documents/TNN/TNN/Research/R33_NATIVE_N17_R27_CONTINUITY/FINAL_B_20260915_1409/N17_REFRESH/logs/nested_member_4_213.stdout	3130	dad94b7b6a734511480e17a3a8f7535d732cc5f63889de29d179a7988badf42f
FILE	/Users/Shared/micah/Documents/TNN/TNN/Research/R33_NATIVE_N17_R27_CONTINUITY/FINAL_B_20260915_1409/N17_REFRESH/logs/expanded_17_204.argv	125	e4025f9471fea41cf92261bfe350e01185fb2cb88ecbb7204df4591e584636bd
FILE	/Users/Shared/micah/Documents/TNN/TNN/Research/R33_NATIVE_N17_R27_CONTINUITY/FINAL_B_20260915_1409/N17_REFRESH/logs/expanded_47_31.argv	195	93cb3c24dffbbed47084e6bef37f09b3ecb8eca0235f7d5177fffe2b50b06edb
FILE	/Users/Shared/micah/Documents/TNN/TNN/Research/R33_NATIVE_N17_R27_CONTINUITY/FINAL_B_20260915_1409/N17_REFRESH/logs/protected_before.argv	111	3f955a105367df364450c3bc2deefa4b1a93dadbdf0fee23aac2887bfc83729b
FILE	/Users/Shared/micah/Documents/TNN/TNN/Research/R33_NATIVE_N17_R27_CONTINUITY/FINAL_B_20260915_1409/N17_REFRESH/logs/primitives.argv	126	e6db6134a4fdf6f889fcde93b765b679407d283e63eb8b05f3710247b87b07e3
FILE	/Users/Shared/micah/Documents/TNN/TNN/Research/R33_NATIVE_N17_R27_CONTINUITY/FINAL_B_20260915_1409/N17_REFRESH/logs/expanded_47_31.stdout	3364	4913892894b08286845a84ff50f3dc3e85aea1bc6c6590ade7ea3a2e866737b5
FILE	/Users/Shared/micah/Documents/TNN/TNN/Research/R33_NATIVE_N17_R27_CONTINUITY/FINAL_B_20260915_1409/N17_REFRESH/logs/expanded_44_610.exit	2	9a271f2a916b0b6ee6cecb2426f0b3206ef074578be55d9bc94f6f3fe3ab86aa
FILE	/Users/Shared/micah/Documents/TNN/TNN/Research/R33_NATIVE_N17_R27_CONTINUITY/FINAL_B_20260915_1409/N17_REFRESH/logs/member_9_0.exit	2	9a271f2a916b0b6ee6cecb2426f0b3206ef074578be55d9bc94f6f3fe3ab86aa
FILE	/Users/Shared/micah/Documents/TNN/TNN/Research/R33_NATIVE_N17_R27_CONTINUITY/FINAL_B_20260915_1409/N17_REFRESH/logs/expanded_38_629.stderr	0	e3b0c44298fc1c149afbf4c8996fb92427ae41e4649b934ca495991b7852b855
FILE	/Users/Shared/micah/Documents/TNN/TNN/Research/R33_NATIVE_N17_R27_CONTINUITY/FINAL_B_20260915_1409/N17_REFRESH/logs/archive_85.argv	147	e8630f224ea180a9fc5116eec3254b092ea5ebbc06f2e092ff30e18d190400da
FILE	/Users/Shared/micah/Documents/TNN/TNN/Research/R33_NATIVE_N17_R27_CONTINUITY/FINAL_B_20260915_1409/N17_REFRESH/logs/archive_64.stderr	56	d020996efa8ef774f2a5b5df38bdab4a049eb9bb54bf82ec8618c616a66fe9e2
FILE	/Users/Shared/micah/Documents/TNN/TNN/Research/R33_NATIVE_N17_R27_CONTINUITY/FINAL_B_20260915_1409/N17_REFRESH/logs/expanded_55_37.stderr	0	e3b0c44298fc1c149afbf4c8996fb92427ae41e4649b934ca495991b7852b855
FILE	/Users/Shared/micah/Documents/TNN/TNN/Research/R33_NATIVE_N17_R27_CONTINUITY/FINAL_B_20260915_1409/N17_REFRESH/logs/rows.stderr	0	e3b0c44298fc1c149afbf4c8996fb92427ae41e4649b934ca495991b7852b855
FILE	/Users/Shared/micah/Documents/TNN/TNN/Research/R33_NATIVE_N17_R27_CONTINUITY/FINAL_B_20260915_1409/N17_REFRESH/logs/nested_member_1_46.stdout	14751	2809dffb25d54f7c57f88034113c248a7385e47f04bf5bf5f109ff2b5d3f677f
FILE	/Users/Shared/micah/Documents/TNN/TNN/Research/R33_NATIVE_N17_R27_CONTINUITY/FINAL_B_20260915_1409/N17_REFRESH/logs/expanded_18_51.stdout	2345	7d9724c8e8b75b145edd08034cb9c1c2168c97c5e4375832cfaebb31d12c9d8f
FILE	/Users/Shared/micah/Documents/TNN/TNN/Research/R33_NATIVE_N17_R27_CONTINUITY/FINAL_B_20260915_1409/N17_REFRESH/logs/archive_2.stdout	0	e3b0c44298fc1c149afbf4c8996fb92427ae41e4649b934ca495991b7852b855
FILE	/Users/Shared/micah/Documents/TNN/TNN/Research/R33_NATIVE_N17_R27_CONTINUITY/FINAL_B_20260915_1409/N17_REFRESH/logs/expanded_44_648.stdout	23876	a864d846b82c9e2f35b4aa9f4f05b54dbaa5adfb665dd90de1ee9896de33fee5
FILE	/Users/Shared/micah/Documents/TNN/TNN/Research/R33_NATIVE_N17_R27_CONTINUITY/FINAL_B_20260915_1409/N17_REFRESH/logs/complete_pinmatch.argv	548	9477abf18c93126f956e0de0a1155db920ee085bbbceb8c045cb360683e2c79f
FILE	/Users/Shared/micah/Documents/TNN/TNN/Research/R33_NATIVE_N17_R27_CONTINUITY/FINAL_B_20260915_1409/N17_REFRESH/logs/expanded_11_27.stderr	0	e3b0c44298fc1c149afbf4c8996fb92427ae41e4649b934ca495991b7852b855
FILE	/Users/Shared/micah/Documents/TNN/TNN/Research/R33_NATIVE_N17_R27_CONTINUITY/FINAL_B_20260915_1409/N17_REFRESH/logs/nested_member_1_120.argv	218	cded8bbe1a7a9ecbf56dd4bc2bb114955a35558fd7f72677b5d1f3f61f44e051
FILE	/Users/Shared/micah/Documents/TNN/TNN/Research/R33_NATIVE_N17_R27_CONTINUITY/FINAL_B_20260915_1409/N17_REFRESH/logs/expanded_75_72.stdout	4407	470c4f463b9d69238bc8abde1c33b37f7860bd31b8c88dc57c7773267d43faf4
FILE	/Users/Shared/micah/Documents/TNN/TNN/Research/R33_NATIVE_N17_R27_CONTINUITY/FINAL_B_20260915_1409/N17_REFRESH/logs/nested_member_1_22.argv	198	60a7b375b9fe73801e60ef88dccbdc58abf1f29ceafbb46a22e637cba58eb9b8
FILE	/Users/Shared/micah/Documents/TNN/TNN/Research/R33_NATIVE_N17_R27_CONTINUITY/FINAL_B_20260915_1409/N17_REFRESH/logs/nested_member_8_537.exit	2	9a271f2a916b0b6ee6cecb2426f0b3206ef074578be55d9bc94f6f3fe3ab86aa
FILE	/Users/Shared/micah/Documents/TNN/TNN/Research/R33_NATIVE_N17_R27_CONTINUITY/FINAL_B_20260915_1409/N17_REFRESH/logs/archive_19.stderr	0	e3b0c44298fc1c149afbf4c8996fb92427ae41e4649b934ca495991b7852b855
FILE	/Users/Shared/micah/Documents/TNN/TNN/Research/R33_NATIVE_N17_R27_CONTINUITY/FINAL_B_20260915_1409/N17_REFRESH/logs/nested_member_5_417.argv	187	8219562458f4c7c6cf1caca603deed71a81e6ecbfb72c33ec0d4650f9c414a59
FILE	/Users/Shared/micah/Documents/TNN/TNN/Research/R33_NATIVE_N17_R27_CONTINUITY/FINAL_B_20260915_1409/N17_REFRESH/logs/archive_86.exit	2	4355a46b19d348dc2f57c046f8ef63d4538ebb936000f3c9ee954a27460dd865
FILE	/Users/Shared/micah/Documents/TNN/TNN/Research/R33_NATIVE_N17_R27_CONTINUITY/FINAL_B_20260915_1409/N17_REFRESH/logs/expanded_17_211.stdout	1244	8acb53d1e9d8af6be694d870089ea19bb5055479b16fc2bbaf6ee1b24b27be1e
FILE	/Users/Shared/micah/Documents/TNN/TNN/Research/R33_NATIVE_N17_R27_CONTINUITY/FINAL_B_20260915_1409/N17_REFRESH/logs/nested_list_7.stdout	31115	025654a8055f4c6b73fd950cb9fd041f6a59f41b5c5faadd4561c12c2f082ebf
FILE	/Users/Shared/micah/Documents/TNN/TNN/Research/R33_NATIVE_N17_R27_CONTINUITY/FINAL_B_20260915_1409/N17_REFRESH/logs/nested_member_4_417.argv	185	24264923b766b27b64a5cc441bae4d7e582994b2c351a2d3c139ebb89c34bfb4
FILE	/Users/Shared/micah/Documents/TNN/TNN/Research/R33_NATIVE_N17_R27_CONTINUITY/FINAL_B_20260915_1409/N17_REFRESH/logs/expanded_54_39.stdout	12533	eb1fe5e753df8cfe27ce5f89cafa43c44d4de2dd619e1754bb9a478f8f8a4a81
FILE	/Users/Shared/micah/Documents/TNN/TNN/Research/R33_NATIVE_N17_R27_CONTINUITY/FINAL_B_20260915_1409/N17_REFRESH/logs/expanded_44_635.stdout	9021	2f910442ae8fdc6777a470f533f3198d191363ffbf54b2c88a126cfaa7bba78e
FILE	/Users/Shared/micah/Documents/TNN/TNN/Research/R33_NATIVE_N17_R27_CONTINUITY/FINAL_B_20260915_1409/N17_REFRESH/logs/expanded_44_613.argv	173	437cd6ab99621c2478a9dc57c068538026d1deb9e65af2a629422b66b52f2616
FILE	/Users/Shared/micah/Documents/TNN/TNN/Research/R33_NATIVE_N17_R27_CONTINUITY/FINAL_B_20260915_1409/N17_REFRESH/logs/member_19_2.stderr	0	e3b0c44298fc1c149afbf4c8996fb92427ae41e4649b934ca495991b7852b855
FILE	/Users/Shared/micah/Documents/TNN/TNN/Research/R33_NATIVE_N17_R27_CONTINUITY/FINAL_B_20260915_1409/N17_REFRESH/logs/expanded_38_637.stderr	0	e3b0c44298fc1c149afbf4c8996fb92427ae41e4649b934ca495991b7852b855
FILE	/Users/Shared/micah/Documents/TNN/TNN/Research/R33_NATIVE_N17_R27_CONTINUITY/FINAL_B_20260915_1409/N17_REFRESH/logs/nested_member_4_102.argv	197	2c5bf8c0a508e921eabbfac9599810ea40b981d939517c1dc3b834a07a205d51
FILE	/Users/Shared/micah/Documents/TNN/TNN/Research/R33_NATIVE_N17_R27_CONTINUITY/FINAL_B_20260915_1409/N17_REFRESH/logs/archive_69.exit	2	4355a46b19d348dc2f57c046f8ef63d4538ebb936000f3c9ee954a27460dd865
FILE	/Users/Shared/micah/Documents/TNN/TNN/Research/R33_NATIVE_N17_R27_CONTINUITY/FINAL_B_20260915_1409/N17_REFRESH/logs/expanded_46_121.stderr	0	e3b0c44298fc1c149afbf4c8996fb92427ae41e4649b934ca495991b7852b855
FILE	/Users/Shared/micah/Documents/TNN/TNN/Research/R33_NATIVE_N17_R27_CONTINUITY/FINAL_B_20260915_1409/N17_REFRESH/logs/expanded_17_207.exit	2	9a271f2a916b0b6ee6cecb2426f0b3206ef074578be55d9bc94f6f3fe3ab86aa
FILE	/Users/Shared/micah/Documents/TNN/TNN/Research/R33_NATIVE_N17_R27_CONTINUITY/FINAL_B_20260915_1409/N17_REFRESH/logs/expanded_38_625.argv	179	0b6f3132db6e67c5520ae648f7a65386391af3b4821128cd4dc063c91e18d84a
FILE	/Users/Shared/micah/Documents/TNN/TNN/Research/R33_NATIVE_N17_R27_CONTINUITY/FINAL_B_20260915_1409/N17_REFRESH/logs/nested_member_5_142.stderr	0	e3b0c44298fc1c149afbf4c8996fb92427ae41e4649b934ca495991b7852b855
FILE	/Users/Shared/micah/Documents/TNN/TNN/Research/R33_NATIVE_N17_R27_CONTINUITY/FINAL_B_20260915_1409/N17_REFRESH/logs/nested_member_5_102.argv	199	dfb78fbf4c189528f27e61c83aa431582d8b11e31ff8dc80086463a4fa024293
FILE	/Users/Shared/micah/Documents/TNN/TNN/Research/R33_NATIVE_N17_R27_CONTINUITY/FINAL_B_20260915_1409/N17_REFRESH/logs/nested_member_7_536.stdout	2496	12314831b4fff054076d105dbe7c2f8dca52c45c1e98f92864548e19280ac47f
FILE	/Users/Shared/micah/Documents/TNN/TNN/Research/R33_NATIVE_N17_R27_CONTINUITY/FINAL_B_20260915_1409/N17_REFRESH/logs/expanded_44_630.exit	2	9a271f2a916b0b6ee6cecb2426f0b3206ef074578be55d9bc94f6f3fe3ab86aa
FILE	/Users/Shared/micah/Documents/TNN/TNN/Research/R33_NATIVE_N17_R27_CONTINUITY/FINAL_B_20260915_1409/N17_REFRESH/logs/expanded_38_642.stdout	1413	06099faf6a16a08f2a1b3cd88aefc4fb7dc3e86f7a3b3fc910f3031338f4be1a
FILE	/Users/Shared/micah/Documents/TNN/TNN/Research/R33_NATIVE_N17_R27_CONTINUITY/FINAL_B_20260915_1409/N17_REFRESH/logs/expanded_44_640.stderr	0	e3b0c44298fc1c149afbf4c8996fb92427ae41e4649b934ca495991b7852b855
FILE	/Users/Shared/micah/Documents/TNN/TNN/Research/R33_NATIVE_N17_R27_CONTINUITY/FINAL_B_20260915_1409/N17_REFRESH/logs/expanded_47_45.exit	2	9a271f2a916b0b6ee6cecb2426f0b3206ef074578be55d9bc94f6f3fe3ab86aa
FILE	/Users/Shared/micah/Documents/TNN/TNN/Research/R33_NATIVE_N17_R27_CONTINUITY/FINAL_B_20260915_1409/N17_REFRESH/logs/expanded_38_606.exit	2	9a271f2a916b0b6ee6cecb2426f0b3206ef074578be55d9bc94f6f3fe3ab86aa
FILE	/Users/Shared/micah/Documents/TNN/TNN/Research/R33_NATIVE_N17_R27_CONTINUITY/FINAL_B_20260915_1409/N17_REFRESH/logs/member_31_0.exit	2	9a271f2a916b0b6ee6cecb2426f0b3206ef074578be55d9bc94f6f3fe3ab86aa
FILE	/Users/Shared/micah/Documents/TNN/TNN/Research/R33_NATIVE_N17_R27_CONTINUITY/FINAL_B_20260915_1409/N17_REFRESH/logs/expanded_5_89.stderr	0	e3b0c44298fc1c149afbf4c8996fb92427ae41e4649b934ca495991b7852b855
FILE	/Users/Shared/micah/Documents/TNN/TNN/Research/R33_NATIVE_N17_R27_CONTINUITY/FINAL_B_20260915_1409/N17_REFRESH/logs/git_blob_scan.exit	2	9a271f2a916b0b6ee6cecb2426f0b3206ef074578be55d9bc94f6f3fe3ab86aa
FILE	/Users/Shared/micah/Documents/TNN/TNN/Research/R33_NATIVE_N17_R27_CONTINUITY/FINAL_B_20260915_1409/N17_REFRESH/logs/project_constant_probe.exit	2	9a271f2a916b0b6ee6cecb2426f0b3206ef074578be55d9bc94f6f3fe3ab86aa
FILE	/Users/Shared/micah/Documents/TNN/TNN/Research/R33_NATIVE_N17_R27_CONTINUITY/FINAL_B_20260915_1409/N17_REFRESH/logs/expanded_54_31.stderr	0	e3b0c44298fc1c149afbf4c8996fb92427ae41e4649b934ca495991b7852b855
FILE	/Users/Shared/micah/Documents/TNN/TNN/Research/R33_NATIVE_N17_R27_CONTINUITY/FINAL_B_20260915_1409/N17_REFRESH/logs/expanded_55_42.stdout	3750	56ac5f1f6c02397afccf1ed1650e6a30fa974e14bcf3eb5d0221a0815da13b61
FILE	/Users/Shared/micah/Documents/TNN/TNN/Research/R33_NATIVE_N17_R27_CONTINUITY/FINAL_B_20260915_1409/N17_REFRESH/logs/expanded_17_219.stderr	0	e3b0c44298fc1c149afbf4c8996fb92427ae41e4649b934ca495991b7852b855
FILE	/Users/Shared/micah/Documents/TNN/TNN/Research/R33_NATIVE_N17_R27_CONTINUITY/FINAL_B_20260915_1409/N17_REFRESH/logs/expanded_19_248.exit	2	9a271f2a916b0b6ee6cecb2426f0b3206ef074578be55d9bc94f6f3fe3ab86aa
FILE	/Users/Shared/micah/Documents/TNN/TNN/Research/R33_NATIVE_N17_R27_CONTINUITY/FINAL_B_20260915_1409/N17_REFRESH/logs/archive_11.stdout	4164	8b4ed9b248ded5c94c57bdcd9837c9b95d8b697b88b7dedd944f8236b5a65834
FILE	/Users/Shared/micah/Documents/TNN/TNN/Research/R33_NATIVE_N17_R27_CONTINUITY/FINAL_B_20260915_1409/N17_REFRESH/logs/member_17_1.exit	2	9a271f2a916b0b6ee6cecb2426f0b3206ef074578be55d9bc94f6f3fe3ab86aa
FILE	/Users/Shared/micah/Documents/TNN/TNN/Research/R33_NATIVE_N17_R27_CONTINUITY/FINAL_B_20260915_1409/N17_REFRESH/logs/nested_list_1.exit	2	9a271f2a916b0b6ee6cecb2426f0b3206ef074578be55d9bc94f6f3fe3ab86aa
FILE	/Users/Shared/micah/Documents/TNN/TNN/Research/R33_NATIVE_N17_R27_CONTINUITY/FINAL_B_20260915_1409/N17_REFRESH/logs/expanded_4_25.stderr	0	e3b0c44298fc1c149afbf4c8996fb92427ae41e4649b934ca495991b7852b855
FILE	/Users/Shared/micah/Documents/TNN/TNN/Research/R33_NATIVE_N17_R27_CONTINUITY/FINAL_B_20260915_1409/N17_REFRESH/logs/expanded_33_28.stdout	11245	ed270a5d02db6e7288dde6334a91b23c015b6005b7f90753f95e5787d9bcbf77
FILE	/Users/Shared/micah/Documents/TNN/TNN/Research/R33_NATIVE_N17_R27_CONTINUITY/FINAL_B_20260915_1409/N17_REFRESH/logs/nested_member_1_103.exit	2	9a271f2a916b0b6ee6cecb2426f0b3206ef074578be55d9bc94f6f3fe3ab86aa
FILE	/Users/Shared/micah/Documents/TNN/TNN/Research/R33_NATIVE_N17_R27_CONTINUITY/FINAL_B_20260915_1409/N17_REFRESH/logs/project_r25_full_digest_exact_parent_v1_runner.stdout	0	e3b0c44298fc1c149afbf4c8996fb92427ae41e4649b934ca495991b7852b855
FILE	/Users/Shared/micah/Documents/TNN/TNN/Research/R33_NATIVE_N17_R27_CONTINUITY/FINAL_B_20260915_1409/N17_REFRESH/logs/archive_49.exit	2	9a271f2a916b0b6ee6cecb2426f0b3206ef074578be55d9bc94f6f3fe3ab86aa
FILE	/Users/Shared/micah/Documents/TNN/TNN/Research/R33_NATIVE_N17_R27_CONTINUITY/FINAL_B_20260915_1409/N17_REFRESH/logs/expanded_11_31.stdout	17475	40128e92e65805683e4e3d6153d744483e7bb4f2588e6b87b123e937ca6c8692
FILE	/Users/Shared/micah/Documents/TNN/TNN/Research/R33_NATIVE_N17_R27_CONTINUITY/FINAL_B_20260915_1409/N17_REFRESH/logs/build_record_final.argv	379	e6ec8d52c54b1e25f784d01756818731d99b1c05486d8d8dcd7a47b0cc4ce47c
FILE	/Users/Shared/micah/Documents/TNN/TNN/Research/R33_NATIVE_N17_R27_CONTINUITY/FINAL_B_20260915_1409/N17_REFRESH/logs/expanded_38_605.argv	164	a28ea2266a2238324155bc03b326666c8a9a4cef4541d480e674ea6e0c0af05e
FILE	/Users/Shared/micah/Documents/TNN/TNN/Research/R33_NATIVE_N17_R27_CONTINUITY/FINAL_B_20260915_1409/N17_REFRESH/logs/member_38_0.argv	148	00ac5d9ea59121288ce7107d42f4075ea955668a30755ff32de2aed39d80df44
FILE	/Users/Shared/micah/Documents/TNN/TNN/Research/R33_NATIVE_N17_R27_CONTINUITY/FINAL_B_20260915_1409/N17_REFRESH/logs/expanded_44_667.exit	2	9a271f2a916b0b6ee6cecb2426f0b3206ef074578be55d9bc94f6f3fe3ab86aa
FILE	/Users/Shared/micah/Documents/TNN/TNN/Research/R33_NATIVE_N17_R27_CONTINUITY/FINAL_B_20260915_1409/N17_REFRESH/logs/expanded_75_72.argv	131	fd21aef4cfe002ca592dcb047c8849e60b56cdee054066258061d7fa7a6cc769
FILE	/Users/Shared/micah/Documents/TNN/TNN/Research/R33_NATIVE_N17_R27_CONTINUITY/FINAL_B_20260915_1409/N17_REFRESH/logs/nested_member_4_537.stderr	0	e3b0c44298fc1c149afbf4c8996fb92427ae41e4649b934ca495991b7852b855
FILE	/Users/Shared/micah/Documents/TNN/TNN/Research/R33_NATIVE_N17_R27_CONTINUITY/FINAL_B_20260915_1409/N17_REFRESH/logs/nested_member_8_84.stderr	0	e3b0c44298fc1c149afbf4c8996fb92427ae41e4649b934ca495991b7852b855
FILE	/Users/Shared/micah/Documents/TNN/TNN/Research/R33_NATIVE_N17_R27_CONTINUITY/FINAL_B_20260915_1409/N17_REFRESH/logs/nested_member_7_528.stdout	3682	b952525737a7e06a3565f11b6417b41f81beefd0294f809afb6bdef1713045d1
FILE	/Users/Shared/micah/Documents/TNN/TNN/Research/R33_NATIVE_N17_R27_CONTINUITY/FINAL_B_20260915_1409/N17_REFRESH/logs/archive_72.stdout	0	e3b0c44298fc1c149afbf4c8996fb92427ae41e4649b934ca495991b7852b855
FILE	/Users/Shared/micah/Documents/TNN/TNN/Research/R33_NATIVE_N17_R27_CONTINUITY/FINAL_B_20260915_1409/N17_REFRESH/logs/policy.argv	256	a4f2a0f0c7962aaa3a08c22c9ab2231409792eb1cd5178bb5253d7e21ed2755a
FILE	/Users/Shared/micah/Documents/TNN/TNN/Research/R33_NATIVE_N17_R27_CONTINUITY/FINAL_B_20260915_1409/N17_REFRESH/logs/nested_member_1_112.stdout	3878	ea30b6c57d42e6be5604664d5e16d5a90fb2bbbdbc737bc6009c04de9db3cec6
FILE	/Users/Shared/micah/Documents/TNN/TNN/Research/R33_NATIVE_N17_R27_CONTINUITY/FINAL_B_20260915_1409/N17_REFRESH/logs/nested_member_6_136.stderr	0	e3b0c44298fc1c149afbf4c8996fb92427ae41e4649b934ca495991b7852b855
FILE	/Users/Shared/micah/Documents/TNN/TNN/Research/R33_NATIVE_N17_R27_CONTINUITY/FINAL_B_20260915_1409/N17_REFRESH/logs/expanded_44_633.argv	168	ff05123cf12b662164deef4c52e2de846e6c1784dab84c574e394d8dc190ed9d
FILE	/Users/Shared/micah/Documents/TNN/TNN/Research/R33_NATIVE_N17_R27_CONTINUITY/FINAL_B_20260915_1409/N17_REFRESH/logs/member_17_1.stdout	827112	2dc87e0fcd52f9c38f6addbbb1c86c7fa8df1f1e2d02fc880ef28f514db33d09
FILE	/Users/Shared/micah/Documents/TNN/TNN/Research/R33_NATIVE_N17_R27_CONTINUITY/FINAL_B_20260915_1409/N17_REFRESH/logs/expanded_47_39.stderr	0	e3b0c44298fc1c149afbf4c8996fb92427ae41e4649b934ca495991b7852b855
FILE	/Users/Shared/micah/Documents/TNN/TNN/Research/R33_NATIVE_N17_R27_CONTINUITY/FINAL_B_20260915_1409/N17_REFRESH/logs/expanded_52_123.stderr	0	e3b0c44298fc1c149afbf4c8996fb92427ae41e4649b934ca495991b7852b855
FILE	/Users/Shared/micah/Documents/TNN/TNN/Research/R33_NATIVE_N17_R27_CONTINUITY/FINAL_B_20260915_1409/N17_REFRESH/logs/nested_list_2.argv	148	dd270c655d0237d435728ff6bcd066ea465cbbc2082b9c4ff50005ae0bfb87d0
FILE	/Users/Shared/micah/Documents/TNN/TNN/Research/R33_NATIVE_N17_R27_CONTINUITY/FINAL_B_20260915_1409/N17_REFRESH/logs/expanded_46_117.exit	2	9a271f2a916b0b6ee6cecb2426f0b3206ef074578be55d9bc94f6f3fe3ab86aa
FILE	/Users/Shared/micah/Documents/TNN/TNN/Research/R33_NATIVE_N17_R27_CONTINUITY/FINAL_B_20260915_1409/N17_REFRESH/logs/member_17_2.argv	115	04de2101ad9042e79c2b65c3d50194aebfa1a2feb2754fa3e4d9d6949f069ab6
FILE	/Users/Shared/micah/Documents/TNN/TNN/Research/R33_NATIVE_N17_R27_CONTINUITY/FINAL_B_20260915_1409/N17_REFRESH/logs/member_52_0.exit	2	9a271f2a916b0b6ee6cecb2426f0b3206ef074578be55d9bc94f6f3fe3ab86aa
FILE	/Users/Shared/micah/Documents/TNN/TNN/Research/R33_NATIVE_N17_R27_CONTINUITY/FINAL_B_20260915_1409/N17_REFRESH/logs/policy_missing_final.exit	3	8e37bed9dff3949ffd23ae638260dff869f5cc26e551f2a9e5e289a8888949fa
FILE	/Users/Shared/micah/Documents/TNN/TNN/Research/R33_NATIVE_N17_R27_CONTINUITY/FINAL_B_20260915_1409/N17_REFRESH/logs/nested_member_3_109.argv	190	722e2d1e71cadd8d47b988fd0174679e105ddd7e8f58d79b04fee1c9efa380b4
FILE	/Users/Shared/micah/Documents/TNN/TNN/Research/R33_NATIVE_N17_R27_CONTINUITY/FINAL_B_20260915_1409/N17_REFRESH/logs/member_75_0.stdout	4018	d3a8bc32719882b6575ac3f31e83e9ed6ff036be83cecb84138de3e2e1df84ad
FILE	/Users/Shared/micah/Documents/TNN/TNN/Research/R33_NATIVE_N17_R27_CONTINUITY/FINAL_B_20260915_1409/N17_REFRESH/logs/expanded_38_621.stdout	5193	7a2cb78f14f013fd35dab15738844ee8bc8950c1f9c760e59d4d6060f40f6d3d
FILE	/Users/Shared/micah/Documents/TNN/TNN/Research/R33_NATIVE_N17_R27_CONTINUITY/FINAL_B_20260915_1409/N17_REFRESH/logs/expanded_44_623.stderr	0	e3b0c44298fc1c149afbf4c8996fb92427ae41e4649b934ca495991b7852b855
FILE	/Users/Shared/micah/Documents/TNN/TNN/Research/R33_NATIVE_N17_R27_CONTINUITY/FINAL_B_20260915_1409/N17_REFRESH/logs/expanded_17_207.stderr	0	e3b0c44298fc1c149afbf4c8996fb92427ae41e4649b934ca495991b7852b855
FILE	/Users/Shared/micah/Documents/TNN/TNN/Research/R33_NATIVE_N17_R27_CONTINUITY/FINAL_B_20260915_1409/N17_REFRESH/logs/member_74_0.stdout	3703	047b2e460bbaa322c737034b42f63587b0839681e417fc152a213c4a3033ce0d
FILE	/Users/Shared/micah/Documents/TNN/TNN/Research/R33_NATIVE_N17_R27_CONTINUITY/FINAL_B_20260915_1409/N17_REFRESH/logs/expanded_38_613.argv	170	f92bc6abe28852a125cc408d834494eb7b0500331955457dc33dc725edd5aff5
FILE	/Users/Shared/micah/Documents/TNN/TNN/Research/R33_NATIVE_N17_R27_CONTINUITY/FINAL_B_20260915_1409/N17_REFRESH/logs/expanded_55_39.exit	2	9a271f2a916b0b6ee6cecb2426f0b3206ef074578be55d9bc94f6f3fe3ab86aa
FILE	/Users/Shared/micah/Documents/TNN/TNN/Research/R33_NATIVE_N17_R27_CONTINUITY/FINAL_B_20260915_1409/N17_REFRESH/logs/expanded_5_93.argv	139	0ec942cb9f6d45470b19526a56cd62d8c16c7e22698fa83aa2e28ffd19a743dd
FILE	/Users/Shared/micah/Documents/TNN/TNN/Research/R33_NATIVE_N17_R27_CONTINUITY/FINAL_B_20260915_1409/N17_REFRESH/logs/supplement_protected.argv	111	3f955a105367df364450c3bc2deefa4b1a93dadbdf0fee23aac2887bfc83729b
FILE	/Users/Shared/micah/Documents/TNN/TNN/Research/R33_NATIVE_N17_R27_CONTINUITY/FINAL_B_20260915_1409/N17_REFRESH/logs/archive_8.exit	2	9a271f2a916b0b6ee6cecb2426f0b3206ef074578be55d9bc94f6f3fe3ab86aa
FILE	/Users/Shared/micah/Documents/TNN/TNN/Research/R33_NATIVE_N17_R27_CONTINUITY/FINAL_B_20260915_1409/N17_REFRESH/logs/expanded_44_625.argv	182	843003896cd904bf17796a5b9fce753f27b7a7b741137de65483211728f4d476
FILE	/Users/Shared/micah/Documents/TNN/TNN/Research/R33_NATIVE_N17_R27_CONTINUITY/FINAL_B_20260915_1409/N17_REFRESH/logs/nested_member_5_530.exit	2	9a271f2a916b0b6ee6cecb2426f0b3206ef074578be55d9bc94f6f3fe3ab86aa
FILE	/Users/Shared/micah/Documents/TNN/TNN/Research/R33_NATIVE_N17_R27_CONTINUITY/FINAL_B_20260915_1409/N17_REFRESH/logs/expanded_8_5.exit	2	9a271f2a916b0b6ee6cecb2426f0b3206ef074578be55d9bc94f6f3fe3ab86aa
FILE	/Users/Shared/micah/Documents/TNN/TNN/Research/R33_NATIVE_N17_R27_CONTINUITY/FINAL_B_20260915_1409/N17_REFRESH/logs/nested_member_4_530.exit	2	9a271f2a916b0b6ee6cecb2426f0b3206ef074578be55d9bc94f6f3fe3ab86aa
FILE	/Users/Shared/micah/Documents/TNN/TNN/Research/R33_NATIVE_N17_R27_CONTINUITY/FINAL_B_20260915_1409/N17_REFRESH/logs/expanded_47_48.stderr	0	e3b0c44298fc1c149afbf4c8996fb92427ae41e4649b934ca495991b7852b855
FILE	/Users/Shared/micah/Documents/TNN/TNN/Research/R33_NATIVE_N17_R27_CONTINUITY/FINAL_B_20260915_1409/N17_REFRESH/logs/nested_member_1_21.stderr	0	e3b0c44298fc1c149afbf4c8996fb92427ae41e4649b934ca495991b7852b855
FILE	/Users/Shared/micah/Documents/TNN/TNN/Research/R33_NATIVE_N17_R27_CONTINUITY/FINAL_B_20260915_1409/N17_REFRESH/logs/expanded_19_209.exit	2	9a271f2a916b0b6ee6cecb2426f0b3206ef074578be55d9bc94f6f3fe3ab86aa
FILE	/Users/Shared/micah/Documents/TNN/TNN/Research/R33_NATIVE_N17_R27_CONTINUITY/FINAL_B_20260915_1409/N17_REFRESH/logs/nested_member_3_29.argv	235	7c2bee3043ad6ac24d4b89c484c09dac806f359c4625a1347331f5d2ac516f9a
FILE	/Users/Shared/micah/Documents/TNN/TNN/Research/R33_NATIVE_N17_R27_CONTINUITY/FINAL_B_20260915_1409/N17_REFRESH/logs/nested_member_8_530.stdout	1828	cfc64c92be46734a526647332c0ea9d4c2114cf1a4e79803e28fea9419df3b53
FILE	/Users/Shared/micah/Documents/TNN/TNN/Research/R33_NATIVE_N17_R27_CONTINUITY/FINAL_B_20260915_1409/N17_REFRESH/logs/nested_member_1_83.stdout	20322	bccd75bf05366885d93fa2d05976630b2af07b672688117810c4e154ce6a3fa8
FILE	/Users/Shared/micah/Documents/TNN/TNN/Research/R33_NATIVE_N17_R27_CONTINUITY/FINAL_B_20260915_1409/N17_REFRESH/logs/nested_member_1_116.argv	201	9dde6b60f0c0cbea9c1385d33c13a22c2b5bebbc20c0071c21afda9ee0650274
FILE	/Users/Shared/micah/Documents/TNN/TNN/Research/R33_NATIVE_N17_R27_CONTINUITY/FINAL_B_20260915_1409/N17_REFRESH/logs/nested_member_4_102.stdout	1274	2fc9f312e64b96d898d55571d393504c8aa896e3111c5c6da05cabe9dfee61ae
FILE	/Users/Shared/micah/Documents/TNN/TNN/Research/R33_NATIVE_N17_R27_CONTINUITY/FINAL_B_20260915_1409/N17_REFRESH/logs/nested_member_3_126.stderr	0	e3b0c44298fc1c149afbf4c8996fb92427ae41e4649b934ca495991b7852b855
FILE	/Users/Shared/micah/Documents/TNN/TNN/Research/R33_NATIVE_N17_R27_CONTINUITY/FINAL_B_20260915_1409/N17_REFRESH/logs/nested_member_1_40.exit	2	9a271f2a916b0b6ee6cecb2426f0b3206ef074578be55d9bc94f6f3fe3ab86aa
FILE	/Users/Shared/micah/Documents/TNN/TNN/Research/R33_NATIVE_N17_R27_CONTINUITY/FINAL_B_20260915_1409/N17_REFRESH/logs/nested_member_2_538.stdout	1311	685dd7f076cb8db957b0e48b5d331675ffb49f694597a6ef621032dfd8a9405a
FILE	/Users/Shared/micah/Documents/TNN/TNN/Research/R33_NATIVE_N17_R27_CONTINUITY/FINAL_B_20260915_1409/N17_REFRESH/logs/expanded_11_23.stdout	12208	cdc03ff41d67d3bf31720b25d10ac2ecf8e4de3e23cd21feffc4fdc7b4f3b8c9
FILE	/Users/Shared/micah/Documents/TNN/TNN/Research/R33_NATIVE_N17_R27_CONTINUITY/FINAL_B_20260915_1409/N17_REFRESH/logs/expanded_18_42.exit	2	9a271f2a916b0b6ee6cecb2426f0b3206ef074578be55d9bc94f6f3fe3ab86aa
FILE	/Users/Shared/micah/Documents/TNN/TNN/Research/R33_NATIVE_N17_R27_CONTINUITY/FINAL_B_20260915_1409/N17_REFRESH/logs/expanded_19_198.exit	2	9a271f2a916b0b6ee6cecb2426f0b3206ef074578be55d9bc94f6f3fe3ab86aa
FILE	/Users/Shared/micah/Documents/TNN/TNN/Research/R33_NATIVE_N17_R27_CONTINUITY/FINAL_B_20260915_1409/N17_REFRESH/logs/expanded_38_644.argv	164	996d4d1c042bf113d8012052c87f0f2bee281b3cdd25b5ac4f0fadf7a4b7fd43
FILE	/Users/Shared/micah/Documents/TNN/TNN/Research/R33_NATIVE_N17_R27_CONTINUITY/FINAL_B_20260915_1409/N17_REFRESH/logs/member_52_1.stderr	0	e3b0c44298fc1c149afbf4c8996fb92427ae41e4649b934ca495991b7852b855
FILE	/Users/Shared/micah/Documents/TNN/TNN/Research/R33_NATIVE_N17_R27_CONTINUITY/FINAL_B_20260915_1409/N17_REFRESH/logs/expanded_10_22.exit	2	9a271f2a916b0b6ee6cecb2426f0b3206ef074578be55d9bc94f6f3fe3ab86aa
FILE	/Users/Shared/micah/Documents/TNN/TNN/Research/R33_NATIVE_N17_R27_CONTINUITY/FINAL_B_20260915_1409/N17_REFRESH/logs/expanded_44_626.exit	2	9a271f2a916b0b6ee6cecb2426f0b3206ef074578be55d9bc94f6f3fe3ab86aa
FILE	/Users/Shared/micah/Documents/TNN/TNN/Research/R33_NATIVE_N17_R27_CONTINUITY/FINAL_B_20260915_1409/N17_REFRESH/logs/expanded_55_33.stdout	3911	3e9bb78dd70a7f4ddbb6ab40f2077b3b0a3964b948ea009be2852180c34b3e30
FILE	/Users/Shared/micah/Documents/TNN/TNN/Research/R33_NATIVE_N17_R27_CONTINUITY/FINAL_B_20260915_1409/N17_REFRESH/logs/member_31_0.stderr	0	e3b0c44298fc1c149afbf4c8996fb92427ae41e4649b934ca495991b7852b855
FILE	/Users/Shared/micah/Documents/TNN/TNN/Research/R33_NATIVE_N17_R27_CONTINUITY/FINAL_B_20260915_1409/N17_REFRESH/logs/archive_60.stdout	0	e3b0c44298fc1c149afbf4c8996fb92427ae41e4649b934ca495991b7852b855
FILE	/Users/Shared/micah/Documents/TNN/TNN/Research/R33_NATIVE_N17_R27_CONTINUITY/FINAL_B_20260915_1409/N17_REFRESH/logs/archive_6.stderr	0	e3b0c44298fc1c149afbf4c8996fb92427ae41e4649b934ca495991b7852b855
FILE	/Users/Shared/micah/Documents/TNN/TNN/Research/R33_NATIVE_N17_R27_CONTINUITY/FINAL_B_20260915_1409/N17_REFRESH/logs/expanded_5_90.exit	2	9a271f2a916b0b6ee6cecb2426f0b3206ef074578be55d9bc94f6f3fe3ab86aa
FILE	/Users/Shared/micah/Documents/TNN/TNN/Research/R33_NATIVE_N17_R27_CONTINUITY/FINAL_B_20260915_1409/N17_REFRESH/logs/expanded_40_31.stderr	0	e3b0c44298fc1c149afbf4c8996fb92427ae41e4649b934ca495991b7852b855
FILE	/Users/Shared/micah/Documents/TNN/TNN/Research/R33_NATIVE_N17_R27_CONTINUITY/FINAL_B_20260915_1409/N17_REFRESH/logs/expanded_38_610.exit	2	9a271f2a916b0b6ee6cecb2426f0b3206ef074578be55d9bc94f6f3fe3ab86aa
FILE	/Users/Shared/micah/Documents/TNN/TNN/Research/R33_NATIVE_N17_R27_CONTINUITY/FINAL_B_20260915_1409/N17_REFRESH/logs/member_30_0.stderr	0	e3b0c44298fc1c149afbf4c8996fb92427ae41e4649b934ca495991b7852b855
FILE	/Users/Shared/micah/Documents/TNN/TNN/Research/R33_NATIVE_N17_R27_CONTINUITY/FINAL_B_20260915_1409/N17_REFRESH/logs/project_rows.stderr	0	e3b0c44298fc1c149afbf4c8996fb92427ae41e4649b934ca495991b7852b855
FILE	/Users/Shared/micah/Documents/TNN/TNN/Research/R33_NATIVE_N17_R27_CONTINUITY/FINAL_B_20260915_1409/N17_REFRESH/logs/expanded_33_24.stdout	8140	a78355a4e65c970f74172e257e5736ca05b4990d32704303e2b282aa8ff8fed1
FILE	/Users/Shared/micah/Documents/TNN/TNN/Research/R33_NATIVE_N17_R27_CONTINUITY/FINAL_B_20260915_1409/N17_REFRESH/logs/expanded_46_125.stdout	51851	75571c0ffbf850ae48cd5bf95f2c69c1cfa9c868ae0de078596d6722091a4520
FILE	/Users/Shared/micah/Documents/TNN/TNN/Research/R33_NATIVE_N17_R27_CONTINUITY/FINAL_B_20260915_1409/N17_REFRESH/logs/nested_member_1_115.exit	2	9a271f2a916b0b6ee6cecb2426f0b3206ef074578be55d9bc94f6f3fe3ab86aa
FILE	/Users/Shared/micah/Documents/TNN/TNN/Research/R33_NATIVE_N17_R27_CONTINUITY/FINAL_B_20260915_1409/N17_REFRESH/logs/expanded_17_215.stderr	0	e3b0c44298fc1c149afbf4c8996fb92427ae41e4649b934ca495991b7852b855
FILE	/Users/Shared/micah/Documents/TNN/TNN/Research/R33_NATIVE_N17_R27_CONTINUITY/FINAL_B_20260915_1409/N17_REFRESH/logs/expanded_38_633.stdout	7397	16dda0723158541b51df70b86b3a28b9c69fb66566dc9345bdb571bb0297d2c6
FILE	/Users/Shared/micah/Documents/TNN/TNN/Research/R33_NATIVE_N17_R27_CONTINUITY/FINAL_B_20260915_1409/N17_REFRESH/logs/expanded_44_631.stderr	0	e3b0c44298fc1c149afbf4c8996fb92427ae41e4649b934ca495991b7852b855
FILE	/Users/Shared/micah/Documents/TNN/TNN/Research/R33_NATIVE_N17_R27_CONTINUITY/FINAL_B_20260915_1409/N17_REFRESH/logs/nested_list_3.stderr	0	e3b0c44298fc1c149afbf4c8996fb92427ae41e4649b934ca495991b7852b855
FILE	/Users/Shared/micah/Documents/TNN/TNN/Research/R33_NATIVE_N17_R27_CONTINUITY/FINAL_B_20260915_1409/N17_REFRESH/logs/nested_member_2_84.stdout	2696	16e785b68df61c7fa96ab423967078de9fcea7fc68ff185a3e7140b6c88593c4
FILE	/Users/Shared/micah/Documents/TNN/TNN/Research/R33_NATIVE_N17_R27_CONTINUITY/FINAL_B_20260915_1409/N17_REFRESH/logs/nested_member_6_84.argv	209	5967809b55460a17556332f2a56db03398a8ba8b6922b53b95fb37c25335ce9a
FILE	/Users/Shared/micah/Documents/TNN/TNN/Research/R33_NATIVE_N17_R27_CONTINUITY/FINAL_B_20260915_1409/N17_REFRESH/logs/archive_27.argv	86	be6b9e59442bcbde3a493206fa1291fde15704df87f42efba718aa1f5b07c90c
FILE	/Users/Shared/micah/Documents/TNN/TNN/Research/R33_NATIVE_N17_R27_CONTINUITY/FINAL_B_20260915_1409/N17_REFRESH/logs/expanded_9_73.argv	138	dc45ae2e19cf187b59be249a4eb9c54429c79aa00f319c98f97f41bdc37537fc
FILE	/Users/Shared/micah/Documents/TNN/TNN/Research/R33_NATIVE_N17_R27_CONTINUITY/FINAL_B_20260915_1409/N17_REFRESH/logs/expanded_44_609.argv	171	a754c00358f39c45d36b09adda7db6b7da35c5f66670352c66cf181f5544e73d
FILE	/Users/Shared/micah/Documents/TNN/TNN/Research/R33_NATIVE_N17_R27_CONTINUITY/FINAL_B_20260915_1409/N17_REFRESH/logs/nested_member_1_128.stdout	3604	a2fc8b94be50d45491c3babf1bbaac76894c9f252de0cd7022d7fcce5525789c
FILE	/Users/Shared/micah/Documents/TNN/TNN/Research/R33_NATIVE_N17_R27_CONTINUITY/FINAL_B_20260915_1409/N17_REFRESH/logs/archive_48.stdout	37	ff4540ecf051af0873d2ce9f41aa91c71c89cb2993df54a09cf0aaa70197dd45
FILE	/Users/Shared/micah/Documents/TNN/TNN/Research/R33_NATIVE_N17_R27_CONTINUITY/FINAL_B_20260915_1409/N17_REFRESH/logs/git_behavior.argv	21	7247b11751afa238efc2d097b9877087f3b9293d47e91021cb4d5d41fbd807de
FILE	/Users/Shared/micah/Documents/TNN/TNN/Research/R33_NATIVE_N17_R27_CONTINUITY/FINAL_B_20260915_1409/N17_REFRESH/logs/archive_73.exit	2	4355a46b19d348dc2f57c046f8ef63d4538ebb936000f3c9ee954a27460dd865
FILE	/Users/Shared/micah/Documents/TNN/TNN/Research/R33_NATIVE_N17_R27_CONTINUITY/FINAL_B_20260915_1409/N17_REFRESH/logs/expanded_18_39.exit	2	9a271f2a916b0b6ee6cecb2426f0b3206ef074578be55d9bc94f6f3fe3ab86aa
FILE	/Users/Shared/micah/Documents/TNN/TNN/Research/R33_NATIVE_N17_R27_CONTINUITY/FINAL_B_20260915_1409/N17_REFRESH/logs/project_record_corrected.exit	2	9a271f2a916b0b6ee6cecb2426f0b3206ef074578be55d9bc94f6f3fe3ab86aa
FILE	/Users/Shared/micah/Documents/TNN/TNN/Research/R33_NATIVE_N17_R27_CONTINUITY/FINAL_B_20260915_1409/N17_REFRESH/logs/nested_member_3_51.exit	2	9a271f2a916b0b6ee6cecb2426f0b3206ef074578be55d9bc94f6f3fe3ab86aa
FILE	/Users/Shared/micah/Documents/TNN/TNN/Research/R33_NATIVE_N17_R27_CONTINUITY/FINAL_B_20260915_1409/N17_REFRESH/logs/expanded_52_119.stderr	0	e3b0c44298fc1c149afbf4c8996fb92427ae41e4649b934ca495991b7852b855
FILE	/Users/Shared/micah/Documents/TNN/TNN/Research/R33_NATIVE_N17_R27_CONTINUITY/FINAL_B_20260915_1409/N17_REFRESH/logs/project_classifier.stdout	0	e3b0c44298fc1c149afbf4c8996fb92427ae41e4649b934ca495991b7852b855
FILE	/Users/Shared/micah/Documents/TNN/TNN/Research/R33_NATIVE_N17_R27_CONTINUITY/FINAL_B_20260915_1409/N17_REFRESH/logs/large_archive_6.stdout	234	449fe9f58b1f4621678800ccf2877475ce308002182d2826549c881390380dac
FILE	/Users/Shared/micah/Documents/TNN/TNN/Research/R33_NATIVE_N17_R27_CONTINUITY/FINAL_B_20260915_1409/N17_REFRESH/logs/archive_35.stdout	229	2b9fcb90d7f73c747512636ad703b112714d73e40a0c16237f9f0c676b587a92
FILE	/Users/Shared/micah/Documents/TNN/TNN/Research/R33_NATIVE_N17_R27_CONTINUITY/FINAL_B_20260915_1409/N17_REFRESH/logs/expanded_44_619.stderr	0	e3b0c44298fc1c149afbf4c8996fb92427ae41e4649b934ca495991b7852b855
FILE	/Users/Shared/micah/Documents/TNN/TNN/Research/R33_NATIVE_N17_R27_CONTINUITY/FINAL_B_20260915_1409/N17_REFRESH/logs/nested_member_1_83.exit	2	9a271f2a916b0b6ee6cecb2426f0b3206ef074578be55d9bc94f6f3fe3ab86aa
FILE	/Users/Shared/micah/Documents/TNN/TNN/Research/R33_NATIVE_N17_R27_CONTINUITY/FINAL_B_20260915_1409/N17_REFRESH/logs/nested_member_2_537.exit	2	9a271f2a916b0b6ee6cecb2426f0b3206ef074578be55d9bc94f6f3fe3ab86aa
FILE	/Users/Shared/micah/Documents/TNN/TNN/Research/R33_NATIVE_N17_R27_CONTINUITY/FINAL_B_20260915_1409/N17_REFRESH/logs/nested_member_8_142.stderr	0	e3b0c44298fc1c149afbf4c8996fb92427ae41e4649b934ca495991b7852b855
FILE	/Users/Shared/micah/Documents/TNN/TNN/Research/R33_NATIVE_N17_R27_CONTINUITY/FINAL_B_20260915_1409/N17_REFRESH/logs/bounded_allocator_tests.argv	139	74a89461f21ae55876b862330f44b6b981075a02c7eb8076e4bf4f2193bbe86a
FILE	/Users/Shared/micah/Documents/TNN/TNN/Research/R33_NATIVE_N17_R27_CONTINUITY/FINAL_B_20260915_1409/N17_REFRESH/logs/archive_56.stdout	0	e3b0c44298fc1c149afbf4c8996fb92427ae41e4649b934ca495991b7852b855
FILE	/Users/Shared/micah/Documents/TNN/TNN/Research/R33_NATIVE_N17_R27_CONTINUITY/FINAL_B_20260915_1409/N17_REFRESH/logs/archive_70.argv	189	58c950583a6b9caf976718cb31413c657f43c0ba509902819132df752213d28c
FILE	/Users/Shared/micah/Documents/TNN/TNN/Research/R33_NATIVE_N17_R27_CONTINUITY/FINAL_B_20260915_1409/N17_REFRESH/logs/expanded_55_42.exit	2	9a271f2a916b0b6ee6cecb2426f0b3206ef074578be55d9bc94f6f3fe3ab86aa
FILE	/Users/Shared/micah/Documents/TNN/TNN/Research/R33_NATIVE_N17_R27_CONTINUITY/FINAL_B_20260915_1409/N17_REFRESH/logs/member_46_0.stderr	0	e3b0c44298fc1c149afbf4c8996fb92427ae41e4649b934ca495991b7852b855
FILE	/Users/Shared/micah/Documents/TNN/TNN/Research/R33_NATIVE_N17_R27_CONTINUITY/FINAL_B_20260915_1409/N17_REFRESH/logs/archive_24.exit	2	9a271f2a916b0b6ee6cecb2426f0b3206ef074578be55d9bc94f6f3fe3ab86aa
FILE	/Users/Shared/micah/Documents/TNN/TNN/Research/R33_NATIVE_N17_R27_CONTINUITY/FINAL_B_20260915_1409/N17_REFRESH/logs/member_47_0.stderr	0	e3b0c44298fc1c149afbf4c8996fb92427ae41e4649b934ca495991b7852b855
FILE	/Users/Shared/micah/Documents/TNN/TNN/Research/R33_NATIVE_N17_R27_CONTINUITY/FINAL_B_20260915_1409/N17_REFRESH/logs/member_47_1.argv	176	28b804d269db6663140e417a1a1f8a902960606475f93c3dacbe93a671e21a6a
FILE	/Users/Shared/micah/Documents/TNN/TNN/Research/R33_NATIVE_N17_R27_CONTINUITY/FINAL_B_20260915_1409/N17_REFRESH/logs/expanded_17_7.argv	131	0779d9429dc758b0f592372e3835789594069bc567eb35a391ceee01c7920a61
FILE	/Users/Shared/micah/Documents/TNN/TNN/Research/R33_NATIVE_N17_R27_CONTINUITY/FINAL_B_20260915_1409/N17_REFRESH/logs/archive_89.stderr	0	e3b0c44298fc1c149afbf4c8996fb92427ae41e4649b934ca495991b7852b855
FILE	/Users/Shared/micah/Documents/TNN/TNN/Research/R33_NATIVE_N17_R27_CONTINUITY/FINAL_B_20260915_1409/N17_REFRESH/logs/expanded_19_210.stderr	0	e3b0c44298fc1c149afbf4c8996fb92427ae41e4649b934ca495991b7852b855
FILE	/Users/Shared/micah/Documents/TNN/TNN/Research/R33_NATIVE_N17_R27_CONTINUITY/FINAL_B_20260915_1409/N17_REFRESH/logs/expanded_38_605.stdout	6187	a1f2730de70ddeea3cb2f06bb2ae5cef23e470357d407b41fc7ef3122f3c6e8e
FILE	/Users/Shared/micah/Documents/TNN/TNN/Research/R33_NATIVE_N17_R27_CONTINUITY/FINAL_B_20260915_1409/N17_REFRESH/logs/expanded_44_607.stderr	0	e3b0c44298fc1c149afbf4c8996fb92427ae41e4649b934ca495991b7852b855
FILE	/Users/Shared/micah/Documents/TNN/TNN/Research/R33_NATIVE_N17_R27_CONTINUITY/FINAL_B_20260915_1409/N17_REFRESH/logs/r27_match.stderr	0	e3b0c44298fc1c149afbf4c8996fb92427ae41e4649b934ca495991b7852b855
FILE	/Users/Shared/micah/Documents/TNN/TNN/Research/R33_NATIVE_N17_R27_CONTINUITY/FINAL_B_20260915_1409/N17_REFRESH/logs/expanded_19_7.stderr	0	e3b0c44298fc1c149afbf4c8996fb92427ae41e4649b934ca495991b7852b855
FILE	/Users/Shared/micah/Documents/TNN/TNN/Research/R33_NATIVE_N17_R27_CONTINUITY/FINAL_B_20260915_1409/N17_REFRESH/logs/nested_member_3_36.stdout	9228	386630e128ec170547dacad32e275fa278e6a60901c804e39621dfb40ec90908
FILE	/Users/Shared/micah/Documents/TNN/TNN/Research/R33_NATIVE_N17_R27_CONTINUITY/FINAL_B_20260915_1409/N17_REFRESH/logs/expanded_11_23.exit	2	9a271f2a916b0b6ee6cecb2426f0b3206ef074578be55d9bc94f6f3fe3ab86aa
FILE	/Users/Shared/micah/Documents/TNN/TNN/Research/R33_NATIVE_N17_R27_CONTINUITY/FINAL_B_20260915_1409/N17_REFRESH/logs/nested_member_3_52.argv	217	8acf7ea832bb39c2098fe38c22c4fb5a67df30b2eb77690ba7d7676be9f54123
FILE	/Users/Shared/micah/Documents/TNN/TNN/Research/R33_NATIVE_N17_R27_CONTINUITY/FINAL_B_20260915_1409/N17_REFRESH/logs/expanded_44_759.exit	2	9a271f2a916b0b6ee6cecb2426f0b3206ef074578be55d9bc94f6f3fe3ab86aa
FILE	/Users/Shared/micah/Documents/TNN/TNN/Research/R33_NATIVE_N17_R27_CONTINUITY/FINAL_B_20260915_1409/N17_REFRESH/logs/member_19_3.argv	133	42d5dc0a36651f7574c633a8da577cf695dd60ae6ce4fa3843f001e21b56fa95
FILE	/Users/Shared/micah/Documents/TNN/TNN/Research/R33_NATIVE_N17_R27_CONTINUITY/FINAL_B_20260915_1409/N17_REFRESH/logs/archive_66.argv	182	37d49bac6d0cdc12131b14e0461553f00e03bdc4673cab94684d213184d39f93
FILE	/Users/Shared/micah/Documents/TNN/TNN/Research/R33_NATIVE_N17_R27_CONTINUITY/FINAL_B_20260915_1409/N17_REFRESH/logs/expanded_17_208.argv	129	d65cdb639923e1cbd168e7c09b48eb93a43003b33c0eb62765fd502f8eb3b364
FILE	/Users/Shared/micah/Documents/TNN/TNN/Research/R33_NATIVE_N17_R27_CONTINUITY/FINAL_B_20260915_1409/N17_REFRESH/logs/member_10_0.argv	160	bbe39fa2fa7e524b4c91deaa54bcb10eed477a6a7d44698969a406f9e00d0edc
FILE	/Users/Shared/micah/Documents/TNN/TNN/Research/R33_NATIVE_N17_R27_CONTINUITY/FINAL_B_20260915_1409/N17_REFRESH/logs/expanded_44_648.argv	160	8912aa50c8d4b8ccc6e6210c27eb82143e694622f4a0a2c7071b76da7eb169a5
FILE	/Users/Shared/micah/Documents/TNN/TNN/Research/R33_NATIVE_N17_R27_CONTINUITY/FINAL_B_20260915_1409/N17_REFRESH/logs/archive_89.argv	152	ed645d1e132ae06433e8ebe0489f40e4bea0f7a4f9a495f6dd708a7de9bbcdf4
FILE	/Users/Shared/micah/Documents/TNN/TNN/Research/R33_NATIVE_N17_R27_CONTINUITY/FINAL_B_20260915_1409/N17_REFRESH/logs/archive_32.exit	2	9a271f2a916b0b6ee6cecb2426f0b3206ef074578be55d9bc94f6f3fe3ab86aa
FILE	/Users/Shared/micah/Documents/TNN/TNN/Research/R33_NATIVE_N17_R27_CONTINUITY/FINAL_B_20260915_1409/N17_REFRESH/logs/large_archive_1.exit	2	9a271f2a916b0b6ee6cecb2426f0b3206ef074578be55d9bc94f6f3fe3ab86aa
FILE	/Users/Shared/micah/Documents/TNN/TNN/Research/R33_NATIVE_N17_R27_CONTINUITY/FINAL_B_20260915_1409/N17_REFRESH/logs/build_bounded_allocator_tests.argv	395	ab5fbc4e2a5e6c262fbb3faf87cb5f0aebad0a1f3e1cae97522eae29a5ccae53
FILE	/Users/Shared/micah/Documents/TNN/TNN/Research/R33_NATIVE_N17_R27_CONTINUITY/FINAL_B_20260915_1409/N17_REFRESH/logs/nested_member_5_538.stderr	0	e3b0c44298fc1c149afbf4c8996fb92427ae41e4649b934ca495991b7852b855
FILE	/Users/Shared/micah/Documents/TNN/TNN/Research/R33_NATIVE_N17_R27_CONTINUITY/FINAL_B_20260915_1409/N17_REFRESH/logs/build_structure.argv	367	9aa9b71701c711682933211b404e19139a1da498c4e8a0a5d19625e14d11aefb
FILE	/Users/Shared/micah/Documents/TNN/TNN/Research/R33_NATIVE_N17_R27_CONTINUITY/FINAL_B_20260915_1409/N17_REFRESH/logs/candidates.argv	259	eda8a6801b547d0b401c867b4728d993c90e01bdf2d001f62e165ec493e2e8c0
FILE	/Users/Shared/micah/Documents/TNN/TNN/Research/R33_NATIVE_N17_R27_CONTINUITY/FINAL_B_20260915_1409/N17_REFRESH/logs/nested_member_8_538.argv	202	179bd0d54ce7bd1aa7af61ceb4a8bc08f3fb1e21ae462dcb1760b7171e043a12
FILE	/Users/Shared/micah/Documents/TNN/TNN/Research/R33_NATIVE_N17_R27_CONTINUITY/FINAL_B_20260915_1409/N17_REFRESH/logs/expanded_17_198.stderr	0	e3b0c44298fc1c149afbf4c8996fb92427ae41e4649b934ca495991b7852b855
FILE	/Users/Shared/micah/Documents/TNN/TNN/Research/R33_NATIVE_N17_R27_CONTINUITY/FINAL_B_20260915_1409/N17_REFRESH/logs/archive_85.stderr	118	c6172f283592acf650df6f8a1863455220101c90f462cc63e953a23924229c20
FILE	/Users/Shared/micah/Documents/TNN/TNN/Research/R33_NATIVE_N17_R27_CONTINUITY/FINAL_B_20260915_1409/N17_REFRESH/logs/nested_member_7_139.stderr	0	e3b0c44298fc1c149afbf4c8996fb92427ae41e4649b934ca495991b7852b855
FILE	/Users/Shared/micah/Documents/TNN/TNN/Research/R33_NATIVE_N17_R27_CONTINUITY/FINAL_B_20260915_1409/N17_REFRESH/logs/nested_member_3_126.exit	2	9a271f2a916b0b6ee6cecb2426f0b3206ef074578be55d9bc94f6f3fe3ab86aa
FILE	/Users/Shared/micah/Documents/TNN/TNN/Research/R33_NATIVE_N17_R27_CONTINUITY/FINAL_B_20260915_1409/N17_REFRESH/logs/canonical_before.exit	2	9a271f2a916b0b6ee6cecb2426f0b3206ef074578be55d9bc94f6f3fe3ab86aa
FILE	/Users/Shared/micah/Documents/TNN/TNN/Research/R33_NATIVE_N17_R27_CONTINUITY/FINAL_B_20260915_1409/N17_REFRESH/logs/expanded_38_609.stdout	3388	da6218074f4059633ffd017b3851addf2712ff7ad21b9868bd488e13abac746e
FILE	/Users/Shared/micah/Documents/TNN/TNN/Research/R33_NATIVE_N17_R27_CONTINUITY/FINAL_B_20260915_1409/N17_REFRESH/logs/archive_27.stdout	1327	797c129a45194a3191d13a178fa05023b7228227645ced6b578a105c82383565
FILE	/Users/Shared/micah/Documents/TNN/TNN/Research/R33_NATIVE_N17_R27_CONTINUITY/FINAL_B_20260915_1409/N17_REFRESH/logs/nested_member_6_527.stdout	4237	27c1d48683d4e6ee9890ce7c0b0d5362eded8690e17e25902371fc493d077c18
FILE	/Users/Shared/micah/Documents/TNN/TNN/Research/R33_NATIVE_N17_R27_CONTINUITY/FINAL_B_20260915_1409/N17_REFRESH/logs/expanded_74_24.argv	128	394790c93efc4eead63d71e2adb9c9b6eb6fb789e9f619fbeaf73761987804bf
FILE	/Users/Shared/micah/Documents/TNN/TNN/Research/R33_NATIVE_N17_R27_CONTINUITY/FINAL_B_20260915_1409/N17_REFRESH/logs/large_archive_2.argv	108	3debcd33c672d74339e1d3684f3f940f709b1a55acf7215dc0b87e00449dd51c
FILE	/Users/Shared/micah/Documents/TNN/TNN/Research/R33_NATIVE_N17_R27_CONTINUITY/FINAL_B_20260915_1409/N17_REFRESH/logs/expanded_54_64.stderr	0	e3b0c44298fc1c149afbf4c8996fb92427ae41e4649b934ca495991b7852b855
FILE	/Users/Shared/micah/Documents/TNN/TNN/Research/R33_NATIVE_N17_R27_CONTINUITY/FINAL_B_20260915_1409/N17_REFRESH/logs/expanded_44_1.argv	160	9976d5f921f1a2975e21d6fd9ade651d4604f8a805709005b7e8a3db0a70cdf4
FILE	/Users/Shared/micah/Documents/TNN/TNN/Research/R33_NATIVE_N17_R27_CONTINUITY/FINAL_B_20260915_1409/N17_REFRESH/logs/archive_31.argv	97	eab7619871efcaea122bb6807b6e104c52087c12bb0dec461f5b194841fb369b
FILE	/Users/Shared/micah/Documents/TNN/TNN/Research/R33_NATIVE_N17_R27_CONTINUITY/FINAL_B_20260915_1409/N17_REFRESH/logs/nested_member_1_124.stdout	2411	023dd00b398979c0c2c2ad9a4153edbd77fce92ce6015c6aa631e132eba6c31a
FILE	/Users/Shared/micah/Documents/TNN/TNN/Research/R33_NATIVE_N17_R27_CONTINUITY/FINAL_B_20260915_1409/N17_REFRESH/logs/archive_44.stdout	69414	372ce794a11644c0c90e2de99e48b07cf726168f8168c347b722e0e73caaf3ac
FILE	/Users/Shared/micah/Documents/TNN/TNN/Research/R33_NATIVE_N17_R27_CONTINUITY/FINAL_B_20260915_1409/N17_REFRESH/logs/member_55_1.argv	179	b4df6bc68aced721385337c386eda0d2cb511fd44d4c697c19daa6fdc9d44618
FILE	/Users/Shared/micah/Documents/TNN/TNN/Research/R33_NATIVE_N17_R27_CONTINUITY/FINAL_B_20260915_1409/N17_REFRESH/logs/expanded_38_629.argv	177	0cf0c84e2ffdf14d8afef345649e307f11351d4edc8b216f693409a9c2a8477c
FILE	/Users/Shared/micah/Documents/TNN/TNN/Research/R33_NATIVE_N17_R27_CONTINUITY/FINAL_B_20260915_1409/N17_REFRESH/logs/archive_65.exit	2	4355a46b19d348dc2f57c046f8ef63d4538ebb936000f3c9ee954a27460dd865
FILE	/Users/Shared/micah/Documents/TNN/TNN/Research/R33_NATIVE_N17_R27_CONTINUITY/FINAL_B_20260915_1409/N17_REFRESH/logs/build_r25_full_digest_exact_parent_v1_runner.argv	425	2231c277ac24b18e7890053b493bf5a65011d5b0ab48f332997ca0d7d67e134d
FILE	/Users/Shared/micah/Documents/TNN/TNN/Research/R33_NATIVE_N17_R27_CONTINUITY/FINAL_B_20260915_1409/N17_REFRESH/logs/member_19_0.exit	2	9a271f2a916b0b6ee6cecb2426f0b3206ef074578be55d9bc94f6f3fe3ab86aa
FILE	/Users/Shared/micah/Documents/TNN/TNN/Research/R33_NATIVE_N17_R27_CONTINUITY/FINAL_B_20260915_1409/N17_REFRESH/logs/expanded_38_617.stdout	718	22010fb7dfd57cd2ac95a0ecd09b00d1cafdbc60c98ed22c2f7b98ca8884b5a2
FILE	/Users/Shared/micah/Documents/TNN/TNN/Research/R33_NATIVE_N17_R27_CONTINUITY/FINAL_B_20260915_1409/N17_REFRESH/logs/expanded_44_615.stderr	0	e3b0c44298fc1c149afbf4c8996fb92427ae41e4649b934ca495991b7852b855
FILE	/Users/Shared/micah/Documents/TNN/TNN/Research/R33_NATIVE_N17_R27_CONTINUITY/FINAL_B_20260915_1409/N17_REFRESH/logs/expanded_74_27.exit	2	9a271f2a916b0b6ee6cecb2426f0b3206ef074578be55d9bc94f6f3fe3ab86aa
FILE	/Users/Shared/micah/Documents/TNN/TNN/Research/R33_NATIVE_N17_R27_CONTINUITY/FINAL_B_20260915_1409/N17_REFRESH/logs/build_policy_final.argv	373	97de36a9718b06c0e059cbad87c7ea6845db555b88dd850296a2424be5c80ace
FILE	/Users/Shared/micah/Documents/TNN/TNN/Research/R33_NATIVE_N17_R27_CONTINUITY/FINAL_B_20260915_1409/N17_REFRESH/logs/expanded_19_202.stderr	0	e3b0c44298fc1c149afbf4c8996fb92427ae41e4649b934ca495991b7852b855
FILE	/Users/Shared/micah/Documents/TNN/TNN/Research/R33_NATIVE_N17_R27_CONTINUITY/FINAL_B_20260915_1409/N17_REFRESH/logs/nested_member_3_125.argv	207	84c9662f30d90067119ce4cf0ea251c6f3e40b03fbdf4801bac48f40305e9b60
FILE	/Users/Shared/micah/Documents/TNN/TNN/Research/R33_NATIVE_N17_R27_CONTINUITY/FINAL_B_20260915_1409/N17_REFRESH/logs/archive_39.stdout	114	255e609246722b2a5ef240a8bc9912eb4af55792d3562ec92aebc878f82a5a36
FILE	/Users/Shared/micah/Documents/TNN/TNN/Research/R33_NATIVE_N17_R27_CONTINUITY/FINAL_B_20260915_1409/N17_REFRESH/logs/expanded_52_115.stderr	0	e3b0c44298fc1c149afbf4c8996fb92427ae41e4649b934ca495991b7852b855
FILE	/Users/Shared/micah/Documents/TNN/TNN/Research/R33_NATIVE_N17_R27_CONTINUITY/FINAL_B_20260915_1409/N17_REFRESH/logs/expanded_55_31.stdout	3364	4913892894b08286845a84ff50f3dc3e85aea1bc6c6590ade7ea3a2e866737b5
FILE	/Users/Shared/micah/Documents/TNN/TNN/Research/R33_NATIVE_N17_R27_CONTINUITY/FINAL_B_20260915_1409/N17_REFRESH/logs/expanded_74_26.exit	2	9a271f2a916b0b6ee6cecb2426f0b3206ef074578be55d9bc94f6f3fe3ab86aa
FILE	/Users/Shared/micah/Documents/TNN/TNN/Research/R33_NATIVE_N17_R27_CONTINUITY/FINAL_B_20260915_1409/N17_REFRESH/logs/nested_member_1_40.stderr	0	e3b0c44298fc1c149afbf4c8996fb92427ae41e4649b934ca495991b7852b855
FILE	/Users/Shared/micah/Documents/TNN/TNN/Research/R33_NATIVE_N17_R27_CONTINUITY/FINAL_B_20260915_1409/N17_REFRESH/logs/archive_62.stdout	0	e3b0c44298fc1c149afbf4c8996fb92427ae41e4649b934ca495991b7852b855
FILE	/Users/Shared/micah/Documents/TNN/TNN/Research/R33_NATIVE_N17_R27_CONTINUITY/FINAL_B_20260915_1409/N17_REFRESH/logs/archive_4.stderr	0	e3b0c44298fc1c149afbf4c8996fb92427ae41e4649b934ca495991b7852b855
FILE	/Users/Shared/micah/Documents/TNN/TNN/Research/R33_NATIVE_N17_R27_CONTINUITY/FINAL_B_20260915_1409/N17_REFRESH/logs/nested_member_7_538.stdout	1311	685dd7f076cb8db957b0e48b5d331675ffb49f694597a6ef621032dfd8a9405a
FILE	/Users/Shared/micah/Documents/TNN/TNN/Research/R33_NATIVE_N17_R27_CONTINUITY/FINAL_B_20260915_1409/N17_REFRESH/logs/nested_member_3_46.exit	2	9a271f2a916b0b6ee6cecb2426f0b3206ef074578be55d9bc94f6f3fe3ab86aa
FILE	/Users/Shared/micah/Documents/TNN/TNN/Research/R33_NATIVE_N17_R27_CONTINUITY/FINAL_B_20260915_1409/N17_REFRESH/logs/nested_member_3_124.argv	202	f4fefe7c9ce72de9c1b357827aa51276a4450a2d4163d4b7aadc85ba19e0025f
FILE	/Users/Shared/micah/Documents/TNN/TNN/Research/R33_NATIVE_N17_R27_CONTINUITY/FINAL_B_20260915_1409/N17_REFRESH/logs/expanded_17_198.argv	117	49e1062faf564b9d5dc6f833d88c074614bac033a9592cf89e9880f40b7b6421
FILE	/Users/Shared/micah/Documents/TNN/TNN/Research/R33_NATIVE_N17_R27_CONTINUITY/FINAL_B_20260915_1409/N17_REFRESH/logs/expanded_30_17.stdout	34026	a670d81497577e7c556fdd716c50ba996edb0f390a874fe1d6c9784fe222c0c6
FILE	/Users/Shared/micah/Documents/TNN/TNN/Research/R33_NATIVE_N17_R27_CONTINUITY/FINAL_B_20260915_1409/N17_REFRESH/logs/expanded_54_42.stderr	0	e3b0c44298fc1c149afbf4c8996fb92427ae41e4649b934ca495991b7852b855
FILE	/Users/Shared/micah/Documents/TNN/TNN/Research/R33_NATIVE_N17_R27_CONTINUITY/FINAL_B_20260915_1409/N17_REFRESH/logs/nested_member_4_527.stderr	0	e3b0c44298fc1c149afbf4c8996fb92427ae41e4649b934ca495991b7852b855
FILE	/Users/Shared/micah/Documents/TNN/TNN/Research/R33_NATIVE_N17_R27_CONTINUITY/FINAL_B_20260915_1409/N17_REFRESH/logs/expanded_5_87.stderr	0	e3b0c44298fc1c149afbf4c8996fb92427ae41e4649b934ca495991b7852b855
FILE	/Users/Shared/micah/Documents/TNN/TNN/Research/R33_NATIVE_N17_R27_CONTINUITY/FINAL_B_20260915_1409/N17_REFRESH/logs/nested_member_5_139.stdout	3130	dad94b7b6a734511480e17a3a8f7535d732cc5f63889de29d179a7988badf42f
FILE	/Users/Shared/micah/Documents/TNN/TNN/Research/R33_NATIVE_N17_R27_CONTINUITY/FINAL_B_20260915_1409/N17_REFRESH/logs/additional_input_search.exit	2	53c234e5e8472b6ac51c1ae1cab3fe06fad053beb8ebfd8977b010655bfdd3c3
FILE	/Users/Shared/micah/Documents/TNN/TNN/Research/R33_NATIVE_N17_R27_CONTINUITY/FINAL_B_20260915_1409/N17_REFRESH/logs/expanded_17_217.stderr	0	e3b0c44298fc1c149afbf4c8996fb92427ae41e4649b934ca495991b7852b855
FILE	/Users/Shared/micah/Documents/TNN/TNN/Research/R33_NATIVE_N17_R27_CONTINUITY/FINAL_B_20260915_1409/N17_REFRESH/logs/large_archive_3.argv	102	c488c3809bce712bcf6da85b45d31c0f47badac48dfcf37955782434c6c9465b
FILE	/Users/Shared/micah/Documents/TNN/TNN/Research/R33_NATIVE_N17_R27_CONTINUITY/FINAL_B_20260915_1409/N17_REFRESH/logs/classifier_final.stdout	0	e3b0c44298fc1c149afbf4c8996fb92427ae41e4649b934ca495991b7852b855
FILE	/Users/Shared/micah/Documents/TNN/TNN/Research/R33_NATIVE_N17_R27_CONTINUITY/FINAL_B_20260915_1409/N17_REFRESH/logs/archive_30.argv	96	b8e54026957fe43effacd9587f451a07a47875c5373253727562aa52c88d39e7
FILE	/Users/Shared/micah/Documents/TNN/TNN/Research/R33_NATIVE_N17_R27_CONTINUITY/FINAL_B_20260915_1409/N17_REFRESH/logs/expanded_44_633.stderr	0	e3b0c44298fc1c149afbf4c8996fb92427ae41e4649b934ca495991b7852b855
FILE	/Users/Shared/micah/Documents/TNN/TNN/Research/R33_NATIVE_N17_R27_CONTINUITY/FINAL_B_20260915_1409/N17_REFRESH/logs/expanded_38_631.stdout	2628	1ac97c01987b15c9d5e422e47ce67f0148177573bb63c5f052fd638decd89e19
FILE	/Users/Shared/micah/Documents/TNN/TNN/Research/R33_NATIVE_N17_R27_CONTINUITY/FINAL_B_20260915_1409/N17_REFRESH/logs/nested_list_1.stderr	0	e3b0c44298fc1c149afbf4c8996fb92427ae41e4649b934ca495991b7852b855
FILE	/Users/Shared/micah/Documents/TNN/TNN/Research/R33_NATIVE_N17_R27_CONTINUITY/FINAL_B_20260915_1409/N17_REFRESH/logs/member_55_0.argv	199	2f46318080452341504c73cbc29dc886a1cd07578843e85664747c0858906638
FILE	/Users/Shared/micah/Documents/TNN/TNN/Research/R33_NATIVE_N17_R27_CONTINUITY/FINAL_B_20260915_1409/N17_REFRESH/logs/expanded_38_628.argv	162	bb39f932c2eb0befdbd4c4a69382e2b02416faa773cdb06ad0e9604d3146525c
FILE	/Users/Shared/micah/Documents/TNN/TNN/Research/R33_NATIVE_N17_R27_CONTINUITY/FINAL_B_20260915_1409/N17_REFRESH/logs/nested_member_2_84.exit	2	9a271f2a916b0b6ee6cecb2426f0b3206ef074578be55d9bc94f6f3fe3ab86aa
FILE	/Users/Shared/micah/Documents/TNN/TNN/Research/R33_NATIVE_N17_R27_CONTINUITY/FINAL_B_20260915_1409/N17_REFRESH/logs/expanded_33_26.stdout	5209	02186deb48509f62b67eb8bca6ecd5a2a16af177a99f4e83e327cdddc3267714
FILE	/Users/Shared/micah/Documents/TNN/TNN/Research/R33_NATIVE_N17_R27_CONTINUITY/FINAL_B_20260915_1409/N17_REFRESH/logs/archive_64.exit	2	4355a46b19d348dc2f57c046f8ef63d4538ebb936000f3c9ee954a27460dd865
FILE	/Users/Shared/micah/Documents/TNN/TNN/Research/R33_NATIVE_N17_R27_CONTINUITY/FINAL_B_20260915_1409/N17_REFRESH/logs/member_19_1.exit	2	9a271f2a916b0b6ee6cecb2426f0b3206ef074578be55d9bc94f6f3fe3ab86aa
FILE	/Users/Shared/micah/Documents/TNN/TNN/Research/R33_NATIVE_N17_R27_CONTINUITY/FINAL_B_20260915_1409/N17_REFRESH/logs/expanded_46_127.stdout	43658	860b3d908d13fdbb0397ee7a7d59e68dc98c820bc844710a878e7e6788a58ac9
FILE	/Users/Shared/micah/Documents/TNN/TNN/Research/R33_NATIVE_N17_R27_CONTINUITY/FINAL_B_20260915_1409/N17_REFRESH/logs/expanded_43_61.stderr	0	e3b0c44298fc1c149afbf4c8996fb92427ae41e4649b934ca495991b7852b855
FILE	/Users/Shared/micah/Documents/TNN/TNN/Research/R33_NATIVE_N17_R27_CONTINUITY/FINAL_B_20260915_1409/N17_REFRESH/logs/nested_member_3_127.exit	2	9a271f2a916b0b6ee6cecb2426f0b3206ef074578be55d9bc94f6f3fe3ab86aa
FILE	/Users/Shared/micah/Documents/TNN/TNN/Research/R33_NATIVE_N17_R27_CONTINUITY/FINAL_B_20260915_1409/N17_REFRESH/logs/expanded_19_247.stderr	0	e3b0c44298fc1c149afbf4c8996fb92427ae41e4649b934ca495991b7852b855
FILE	/Users/Shared/micah/Documents/TNN/TNN/Research/R33_NATIVE_N17_R27_CONTINUITY/FINAL_B_20260915_1409/N17_REFRESH/logs/expanded_74_25.argv	135	b962fdd3b97d2fc9382122eeaa8449f30411ec5dab08170b22162166bc613063
FILE	/Users/Shared/micah/Documents/TNN/TNN/Research/R33_NATIVE_N17_R27_CONTINUITY/FINAL_B_20260915_1409/N17_REFRESH/logs/expanded_11_34.exit	2	9a271f2a916b0b6ee6cecb2426f0b3206ef074578be55d9bc94f6f3fe3ab86aa
FILE	/Users/Shared/micah/Documents/TNN/TNN/Research/R33_NATIVE_N17_R27_CONTINUITY/FINAL_B_20260915_1409/N17_REFRESH/logs/nested_member_3_124.stderr	0	e3b0c44298fc1c149afbf4c8996fb92427ae41e4649b934ca495991b7852b855
FILE	/Users/Shared/micah/Documents/TNN/TNN/Research/R33_NATIVE_N17_R27_CONTINUITY/FINAL_B_20260915_1409/N17_REFRESH/logs/build_pinmatch.stdout	233	9c5aae4462f8e64cced1079af56d05d8fbaef0981a9121454be3ea48b92a5edb
FILE	/Users/Shared/micah/Documents/TNN/TNN/Research/R33_NATIVE_N17_R27_CONTINUITY/FINAL_B_20260915_1409/N17_REFRESH/logs/member_19_2.argv	112	11ec1f8bd6a9289b2a4af2f26b2bb30b4889a68a3dd0e75c4d8a702565a82683
FILE	/Users/Shared/micah/Documents/TNN/TNN/Research/R33_NATIVE_N17_R27_CONTINUITY/FINAL_B_20260915_1409/N17_REFRESH/logs/archive_67.argv	183	41fb40b77bc542970ff64dc1a1545f34b498b3271db431617713f8e6920ad3ee
FILE	/Users/Shared/micah/Documents/TNN/TNN/Research/R33_NATIVE_N17_R27_CONTINUITY/FINAL_B_20260915_1409/N17_REFRESH/logs/build_policy.argv	361	ad68e7277933106b1b1f9acc15fde95dd6dbcf1ddbc21fc517dc791b4001b028
FILE	/Users/Shared/micah/Documents/TNN/TNN/Research/R33_NATIVE_N17_R27_CONTINUITY/FINAL_B_20260915_1409/N17_REFRESH/logs/expanded_17_209.argv	132	59abacb0f7c6ea5b84bfd75bb03c8b8bf2b5ee5fd374dc086d9a0b0ad84c72df
FILE	/Users/Shared/micah/Documents/TNN/TNN/Research/R33_NATIVE_N17_R27_CONTINUITY/FINAL_B_20260915_1409/N17_REFRESH/logs/expanded_47_37.stderr	0	e3b0c44298fc1c149afbf4c8996fb92427ae41e4649b934ca495991b7852b855
FILE	/Users/Shared/micah/Documents/TNN/TNN/Research/R33_NATIVE_N17_R27_CONTINUITY/FINAL_B_20260915_1409/N17_REFRESH/logs/expanded_17_209.stderr	0	e3b0c44298fc1c149afbf4c8996fb92427ae41e4649b934ca495991b7852b855
FILE	/Users/Shared/micah/Documents/TNN/TNN/Research/R33_NATIVE_N17_R27_CONTINUITY/FINAL_B_20260915_1409/N17_REFRESH/logs/archive_88.argv	126	22310f043d27a078bd5d97f5c4d41e79d882b3443fe71660c9315d474c11d2b3
FILE	/Users/Shared/micah/Documents/TNN/TNN/Research/R33_NATIVE_N17_R27_CONTINUITY/FINAL_B_20260915_1409/N17_REFRESH/logs/archive_33.exit	2	9a271f2a916b0b6ee6cecb2426f0b3206ef074578be55d9bc94f6f3fe3ab86aa
FILE	/Users/Shared/micah/Documents/TNN/TNN/Research/R33_NATIVE_N17_R27_CONTINUITY/FINAL_B_20260915_1409/N17_REFRESH/logs/expanded_18_34.stderr	0	e3b0c44298fc1c149afbf4c8996fb92427ae41e4649b934ca495991b7852b855
FILE	/Users/Shared/micah/Documents/TNN/TNN/Research/R33_NATIVE_N17_R27_CONTINUITY/FINAL_B_20260915_1409/N17_REFRESH/logs/nested_member_8_532.stdout	2605	6366bb1a2f9e2e71e8010ccea5b464e95dc0eaeb5d7b9681cd209a41314b830e
FILE	/Users/Shared/micah/Documents/TNN/TNN/Research/R33_NATIVE_N17_R27_CONTINUITY/FINAL_B_20260915_1409/N17_REFRESH/logs/receipt_compiler_compare.argv	283	70df177d176523e3745f34029b624e30d92846339bb2fccfd255f448c5a976ad
FILE	/Users/Shared/micah/Documents/TNN/TNN/Research/R33_NATIVE_N17_R27_CONTINUITY/FINAL_B_20260915_1409/N17_REFRESH/logs/large_archive_0.exit	2	9a271f2a916b0b6ee6cecb2426f0b3206ef074578be55d9bc94f6f3fe3ab86aa
FILE	/Users/Shared/micah/Documents/TNN/TNN/Research/R33_NATIVE_N17_R27_CONTINUITY/FINAL_B_20260915_1409/N17_REFRESH/logs/expanded_18_45.stderr	0	e3b0c44298fc1c149afbf4c8996fb92427ae41e4649b934ca495991b7852b855
FILE	/Users/Shared/micah/Documents/TNN/TNN/Research/R33_NATIVE_N17_R27_CONTINUITY/FINAL_B_20260915_1409/N17_REFRESH/logs/archive_70.stdout	0	e3b0c44298fc1c149afbf4c8996fb92427ae41e4649b934ca495991b7852b855
FILE	/Users/Shared/micah/Documents/TNN/TNN/Research/R33_NATIVE_N17_R27_CONTINUITY/FINAL_B_20260915_1409/N17_REFRESH/logs/expanded_52_112.exit	2	9a271f2a916b0b6ee6cecb2426f0b3206ef074578be55d9bc94f6f3fe3ab86aa
FILE	/Users/Shared/micah/Documents/TNN/TNN/Research/R33_NATIVE_N17_R27_CONTINUITY/FINAL_B_20260915_1409/N17_REFRESH/logs/r26_digest.argv	126	98774625daf92294bc58a2ec9495bcabb9dfaa4416939ce2e7cbb63a14275f3b
FILE	/Users/Shared/micah/Documents/TNN/TNN/Research/R33_NATIVE_N17_R27_CONTINUITY/FINAL_B_20260915_1409/N17_REFRESH/logs/nested_member_1_52.stderr	0	e3b0c44298fc1c149afbf4c8996fb92427ae41e4649b934ca495991b7852b855
FILE	/Users/Shared/micah/Documents/TNN/TNN/Research/R33_NATIVE_N17_R27_CONTINUITY/FINAL_B_20260915_1409/N17_REFRESH/logs/expanded_27_5.stderr	0	e3b0c44298fc1c149afbf4c8996fb92427ae41e4649b934ca495991b7852b855
FILE	/Users/Shared/micah/Documents/TNN/TNN/Research/R33_NATIVE_N17_R27_CONTINUITY/FINAL_B_20260915_1409/N17_REFRESH/logs/expanded_11_22.exit	2	9a271f2a916b0b6ee6cecb2426f0b3206ef074578be55d9bc94f6f3fe3ab86aa
FILE	/Users/Shared/micah/Documents/TNN/TNN/Research/R33_NATIVE_N17_R27_CONTINUITY/FINAL_B_20260915_1409/N17_REFRESH/logs/expanded_11_33.stdout	8259	7e23dd152392974f03c44816967a930044f0c94bafc31e4ebc9ad6cd153b595a
FILE	/Users/Shared/micah/Documents/TNN/TNN/Research/R33_NATIVE_N17_R27_CONTINUITY/FINAL_B_20260915_1409/N17_REFRESH/logs/expanded_44_621.stderr	0	e3b0c44298fc1c149afbf4c8996fb92427ae41e4649b934ca495991b7852b855
FILE	/Users/Shared/micah/Documents/TNN/TNN/Research/R33_NATIVE_N17_R27_CONTINUITY/FINAL_B_20260915_1409/N17_REFRESH/logs/expanded_38_623.stdout	4841	a27fa1dd7f2312f4afd7334da12423650d266171c46a854362d6c806c8b3d335
FILE	/Users/Shared/micah/Documents/TNN/TNN/Research/R33_NATIVE_N17_R27_CONTINUITY/FINAL_B_20260915_1409/N17_REFRESH/logs/archive_71.argv	163	94be05de1a075ffba0cbbe0d4ad463d1ad56fee6fea91fd2a5dfd9497470f493
FILE	/Users/Shared/micah/Documents/TNN/TNN/Research/R33_NATIVE_N17_R27_CONTINUITY/FINAL_B_20260915_1409/N17_REFRESH/logs/expanded_17_205.stderr	0	e3b0c44298fc1c149afbf4c8996fb92427ae41e4649b934ca495991b7852b855
FILE	/Users/Shared/micah/Documents/TNN/TNN/Research/R33_NATIVE_N17_R27_CONTINUITY/FINAL_B_20260915_1409/N17_REFRESH/logs/member_17_3.stdout	3845	0a426ad025d652ae780a0ccb3d5437e4a807c660fe722ede8a434fb3009df579
FILE	/Users/Shared/micah/Documents/TNN/TNN/Research/R33_NATIVE_N17_R27_CONTINUITY/FINAL_B_20260915_1409/N17_REFRESH/logs/nested_member_2_536.stdout	2496	12314831b4fff054076d105dbe7c2f8dca52c45c1e98f92864548e19280ac47f
FILE	/Users/Shared/micah/Documents/TNN/TNN/Research/R33_NATIVE_N17_R27_CONTINUITY/FINAL_B_20260915_1409/N17_REFRESH/logs/archive_25.exit	2	9a271f2a916b0b6ee6cecb2426f0b3206ef074578be55d9bc94f6f3fe3ab86aa
FILE	/Users/Shared/micah/Documents/TNN/TNN/Research/R33_NATIVE_N17_R27_CONTINUITY/FINAL_B_20260915_1409/N17_REFRESH/logs/expanded_52_121.stderr	0	e3b0c44298fc1c149afbf4c8996fb92427ae41e4649b934ca495991b7852b855
FILE	/Users/Shared/micah/Documents/TNN/TNN/Research/R33_NATIVE_N17_R27_CONTINUITY/FINAL_B_20260915_1409/N17_REFRESH/logs/nested_member_3_128.stderr	0	e3b0c44298fc1c149afbf4c8996fb92427ae41e4649b934ca495991b7852b855
FILE	/Users/Shared/micah/Documents/TNN/TNN/Research/R33_NATIVE_N17_R27_CONTINUITY/FINAL_B_20260915_1409/N17_REFRESH/logs/member_47_0.argv	196	0891bac69dde0b4cccb7f9e22a59e4e65b248c7e4ff2875ac1007c3bb059a239
FILE	/Users/Shared/micah/Documents/TNN/TNN/Research/R33_NATIVE_N17_R27_CONTINUITY/FINAL_B_20260915_1409/N17_REFRESH/logs/project_forbidden_selector_tests.argv	643	390adea9b790100c4a2d75afce281358291e0f4b750dde3d8addfaaef6461dcb
FILE	/Users/Shared/micah/Documents/TNN/TNN/Research/R33_NATIVE_N17_R27_CONTINUITY/FINAL_B_20260915_1409/N17_REFRESH/logs/nested_member_2_132.argv	193	afcc2e595363d438a91d83ba8a95ab36fa983c7a84b3dd471485c19eae9654e4
FILE	/Users/Shared/micah/Documents/TNN/TNN/Research/R33_NATIVE_N17_R27_CONTINUITY/FINAL_B_20260915_1409/N17_REFRESH/logs/member_33_0.exit	2	9a271f2a916b0b6ee6cecb2426f0b3206ef074578be55d9bc94f6f3fe3ab86aa
FILE	/Users/Shared/micah/Documents/TNN/TNN/Research/R33_NATIVE_N17_R27_CONTINUITY/FINAL_B_20260915_1409/N17_REFRESH/logs/archive_8.stderr	0	e3b0c44298fc1c149afbf4c8996fb92427ae41e4649b934ca495991b7852b855
FILE	/Users/Shared/micah/Documents/TNN/TNN/Research/R33_NATIVE_N17_R27_CONTINUITY/FINAL_B_20260915_1409/N17_REFRESH/logs/expanded_44_642.stderr	0	e3b0c44298fc1c149afbf4c8996fb92427ae41e4649b934ca495991b7852b855
FILE	/Users/Shared/micah/Documents/TNN/TNN/Research/R33_NATIVE_N17_R27_CONTINUITY/FINAL_B_20260915_1409/N17_REFRESH/logs/expanded_38_640.stdout	2496	13b5e7fac4e0322805293a0595701887ddf5668fca11e891dee142a953aeadd8
FILE	/Users/Shared/micah/Documents/TNN/TNN/Research/R33_NATIVE_N17_R27_CONTINUITY/FINAL_B_20260915_1409/N17_REFRESH/logs/build_constant_probe.exit	2	9a271f2a916b0b6ee6cecb2426f0b3206ef074578be55d9bc94f6f3fe3ab86aa
FILE	/Users/Shared/micah/Documents/TNN/TNN/Research/R33_NATIVE_N17_R27_CONTINUITY/FINAL_B_20260915_1409/N17_REFRESH/logs/expanded_4_28.exit	2	9a271f2a916b0b6ee6cecb2426f0b3206ef074578be55d9bc94f6f3fe3ab86aa
FILE	/Users/Shared/micah/Documents/TNN/TNN/Research/R33_NATIVE_N17_R27_CONTINUITY/FINAL_B_20260915_1409/N17_REFRESH/logs/candidates_expanded_final.argv	268	15fce5891fad2e6a6830f65d66bf68a801fe548221e75e5e392cbf86c27e3a89
FILE	/Users/Shared/micah/Documents/TNN/TNN/Research/R33_NATIVE_N17_R27_CONTINUITY/FINAL_B_20260915_1409/N17_REFRESH/logs/rows.exit	2	9a271f2a916b0b6ee6cecb2426f0b3206ef074578be55d9bc94f6f3fe3ab86aa
FILE	/Users/Shared/micah/Documents/TNN/TNN/Research/R33_NATIVE_N17_R27_CONTINUITY/FINAL_B_20260915_1409/N17_REFRESH/logs/nested_member_2_536.exit	2	9a271f2a916b0b6ee6cecb2426f0b3206ef074578be55d9bc94f6f3fe3ab86aa
FILE	/Users/Shared/micah/Documents/TNN/TNN/Research/R33_NATIVE_N17_R27_CONTINUITY/FINAL_B_20260915_1409/N17_REFRESH/logs/expanded_54_39.exit	2	9a271f2a916b0b6ee6cecb2426f0b3206ef074578be55d9bc94f6f3fe3ab86aa
FILE	/Users/Shared/micah/Documents/TNN/TNN/Research/R33_NATIVE_N17_R27_CONTINUITY/FINAL_B_20260915_1409/N17_REFRESH/logs/expanded_31_28.argv	131	f6ef2eb3c868cd693ac3d0a6835075b4c458a2769d85f51f7e467c9e76380a33
FILE	/Users/Shared/micah/Documents/TNN/TNN/Research/R33_NATIVE_N17_R27_CONTINUITY/FINAL_B_20260915_1409/N17_REFRESH/logs/nested_member_2_528.stdout	3682	b952525737a7e06a3565f11b6417b41f81beefd0294f809afb6bdef1713045d1
FILE	/Users/Shared/micah/Documents/TNN/TNN/Research/R33_NATIVE_N17_R27_CONTINUITY/FINAL_B_20260915_1409/N17_REFRESH/logs/protected_before.stderr	0	e3b0c44298fc1c149afbf4c8996fb92427ae41e4649b934ca495991b7852b855
FILE	/Users/Shared/micah/Documents/TNN/TNN/Research/R33_NATIVE_N17_R27_CONTINUITY/FINAL_B_20260915_1409/N17_REFRESH/logs/build_pinmatch.argv	373	51f4bd1ed2c15600c6941013f8cc989bc48c857097b4535e22563fbd4df1dd41
FILE	/Users/Shared/micah/Documents/TNN/TNN/Research/R33_NATIVE_N17_R27_CONTINUITY/FINAL_B_20260915_1409/N17_REFRESH/logs/expanded_10_23.stderr	0	e3b0c44298fc1c149afbf4c8996fb92427ae41e4649b934ca495991b7852b855
FILE	/Users/Shared/micah/Documents/TNN/TNN/Research/R33_NATIVE_N17_R27_CONTINUITY/FINAL_B_20260915_1409/N17_REFRESH/logs/archive_26.argv	96	23583ff3215c3c4df215a87a21dac4ecf36924a72f36cfb96bab556038dfec4b
FILE	/Users/Shared/micah/Documents/TNN/TNN/Research/R33_NATIVE_N17_R27_CONTINUITY/FINAL_B_20260915_1409/N17_REFRESH/logs/expanded_4_27.stderr	0	e3b0c44298fc1c149afbf4c8996fb92427ae41e4649b934ca495991b7852b855
FILE	/Users/Shared/micah/Documents/TNN/TNN/Research/R33_NATIVE_N17_R27_CONTINUITY/FINAL_B_20260915_1409/N17_REFRESH/logs/expanded_17_248.argv	135	c62c0465f07446c62da61e4dcdfc8df3c20742a2eefd4831eab266e4a254b1e0
FILE	/Users/Shared/micah/Documents/TNN/TNN/Research/R33_NATIVE_N17_R27_CONTINUITY/FINAL_B_20260915_1409/N17_REFRESH/logs/expanded_30_51.exit	2	9a271f2a916b0b6ee6cecb2426f0b3206ef074578be55d9bc94f6f3fe3ab86aa
FILE	/Users/Shared/micah/Documents/TNN/TNN/Research/R33_NATIVE_N17_R27_CONTINUITY/FINAL_B_20260915_1409/N17_REFRESH/logs/expanded_9_72.argv	128	a44ff87416df7c668155391963958d2e833618fc13b79c29a9148d079b396bed
FILE	/Users/Shared/micah/Documents/TNN/TNN/Research/R33_NATIVE_N17_R27_CONTINUITY/FINAL_B_20260915_1409/N17_REFRESH/logs/expanded_44_608.argv	165	d75289b13e4eb3d3464afb712597fd71d37b69af6df43e3956efa025a0d7f09a
FILE	/Users/Shared/micah/Documents/TNN/TNN/Research/R33_NATIVE_N17_R27_CONTINUITY/FINAL_B_20260915_1409/N17_REFRESH/logs/memo.argv	120	fd5be08abb8c56fbebf38218f936e23060dbd543c1e8c7b11071cf5873903666
FILE	/Users/Shared/micah/Documents/TNN/TNN/Research/R33_NATIVE_N17_R27_CONTINUITY/FINAL_B_20260915_1409/N17_REFRESH/logs/expanded_54_33.stderr	0	e3b0c44298fc1c149afbf4c8996fb92427ae41e4649b934ca495991b7852b855
FILE	/Users/Shared/micah/Documents/TNN/TNN/Research/R33_NATIVE_N17_R27_CONTINUITY/FINAL_B_20260915_1409/N17_REFRESH/logs/archive_72.exit	2	4355a46b19d348dc2f57c046f8ef63d4538ebb936000f3c9ee954a27460dd865
FILE	/Users/Shared/micah/Documents/TNN/TNN/Research/R33_NATIVE_N17_R27_CONTINUITY/FINAL_B_20260915_1409/N17_REFRESH/logs/archive_13.stdout	104	3db2444c56e1af67f842f34bbbec3f940f773222bd3b979ee0cb262473ee7431
FILE	/Users/Shared/micah/Documents/TNN/TNN/Research/R33_NATIVE_N17_R27_CONTINUITY/FINAL_B_20260915_1409/N17_REFRESH/logs/project_pinmatch.stderr	0	e3b0c44298fc1c149afbf4c8996fb92427ae41e4649b934ca495991b7852b855
FILE	/Users/Shared/micah/Documents/TNN/TNN/Research/R33_NATIVE_N17_R27_CONTINUITY/FINAL_B_20260915_1409/N17_REFRESH/logs/expanded_74_23.stdout	15877	d63703dbec2a65ab1888df5ccb38382bb7afe237865ce271c217104482185199
FILE	/Users/Shared/micah/Documents/TNN/TNN/Research/R33_NATIVE_N17_R27_CONTINUITY/FINAL_B_20260915_1409/N17_REFRESH/logs/nested_member_2_139.stderr	0	e3b0c44298fc1c149afbf4c8996fb92427ae41e4649b934ca495991b7852b855
FILE	/Users/Shared/micah/Documents/TNN/TNN/Research/R33_NATIVE_N17_R27_CONTINUITY/FINAL_B_20260915_1409/N17_REFRESH/logs/expanded_54_42.exit	2	9a271f2a916b0b6ee6cecb2426f0b3206ef074578be55d9bc94f6f3fe3ab86aa
FILE	/Users/Shared/micah/Documents/TNN/TNN/Research/R33_NATIVE_N17_R27_CONTINUITY/FINAL_B_20260915_1409/N17_REFRESH/logs/nested_member_1_64.stderr	0	e3b0c44298fc1c149afbf4c8996fb92427ae41e4649b934ca495991b7852b855
FILE	/Users/Shared/micah/Documents/TNN/TNN/Research/R33_NATIVE_N17_R27_CONTINUITY/FINAL_B_20260915_1409/N17_REFRESH/logs/nested_member_6_102.stderr	0	e3b0c44298fc1c149afbf4c8996fb92427ae41e4649b934ca495991b7852b855
FILE	/Users/Shared/micah/Documents/TNN/TNN/Research/R33_NATIVE_N17_R27_CONTINUITY/FINAL_B_20260915_1409/N17_REFRESH/logs/expanded_46_103.argv	142	8e003f0e903e5f728c92602f816ca17dacde85eab3d4cdbdaef810db04c61f36
FILE	/Users/Shared/micah/Documents/TNN/TNN/Research/R33_NATIVE_N17_R27_CONTINUITY/FINAL_B_20260915_1409/N17_REFRESH/logs/nested_member_1_126.stdout	43896	9390a2bfd21ced78313420a9792436631cd4401e02ff240ff19f32af0c3b2c5d
FILE	/Users/Shared/micah/Documents/TNN/TNN/Research/R33_NATIVE_N17_R27_CONTINUITY/FINAL_B_20260915_1409/N17_REFRESH/logs/archive_46.stdout	8249	70861e1c855450303fadf308222dc3e40410e05bb582ea92c6dcecda6ac98f36
FILE	/Users/Shared/micah/Documents/TNN/TNN/Research/R33_NATIVE_N17_R27_CONTINUITY/FINAL_B_20260915_1409/N17_REFRESH/logs/nested_member_4_532.argv	190	0f1748d897109fd962d3ff2fecbd4789c4c58f6f44d5554aca93bd7d8ff4f782
FILE	/Users/Shared/micah/Documents/TNN/TNN/Research/R33_NATIVE_N17_R27_CONTINUITY/FINAL_B_20260915_1409/N17_REFRESH/logs/expanded_46_103.stdout	827112	2dc87e0fcd52f9c38f6addbbb1c86c7fa8df1f1e2d02fc880ef28f514db33d09
FILE	/Users/Shared/micah/Documents/TNN/TNN/Research/R33_NATIVE_N17_R27_CONTINUITY/FINAL_B_20260915_1409/N17_REFRESH/logs/nested_member_5_532.argv	192	84808312b0ae2019ef11a6ee16f03688dd5e7fa13a4314c7bfe47fcea5c311ea
FILE	/Users/Shared/micah/Documents/TNN/TNN/Research/R33_NATIVE_N17_R27_CONTINUITY/FINAL_B_20260915_1409/N17_REFRESH/logs/expanded_38_645.argv	171	1c299748f9ea232a91222197a1fa866ed42e669f073620e772e12cd3155ba1ca
FILE	/Users/Shared/micah/Documents/TNN/TNN/Research/R33_NATIVE_N17_R27_CONTINUITY/FINAL_B_20260915_1409/N17_REFRESH/logs/git_blob_94c05d3600c963105cea51090bd72db4ad40ec81.stderr	0	e3b0c44298fc1c149afbf4c8996fb92427ae41e4649b934ca495991b7852b855
FILE	/Users/Shared/micah/Documents/TNN/TNN/Research/R33_NATIVE_N17_R27_CONTINUITY/FINAL_B_20260915_1409/N17_REFRESH/logs/expanded_10_23.exit	2	9a271f2a916b0b6ee6cecb2426f0b3206ef074578be55d9bc94f6f3fe3ab86aa
FILE	/Users/Shared/micah/Documents/TNN/TNN/Research/R33_NATIVE_N17_R27_CONTINUITY/FINAL_B_20260915_1409/N17_REFRESH/logs/expanded_52_117.stderr	0	e3b0c44298fc1c149afbf4c8996fb92427ae41e4649b934ca495991b7852b855
FILE	/Users/Shared/micah/Documents/TNN/TNN/Research/R33_NATIVE_N17_R27_CONTINUITY/FINAL_B_20260915_1409/N17_REFRESH/logs/expanded_44_617.stderr	0	e3b0c44298fc1c149afbf4c8996fb92427ae41e4649b934ca495991b7852b855
FILE	/Users/Shared/micah/Documents/TNN/TNN/Research/R33_NATIVE_N17_R27_CONTINUITY/FINAL_B_20260915_1409/N17_REFRESH/logs/expanded_38_615.stdout	5710	951c6d3062ea2b3622af18890ee5016c164b1638be1e42f2ae6001886b9e3375
FILE	/Users/Shared/micah/Documents/TNN/TNN/Research/R33_NATIVE_N17_R27_CONTINUITY/FINAL_B_20260915_1409/N17_REFRESH/logs/expanded_44_762.exit	2	9a271f2a916b0b6ee6cecb2426f0b3206ef074578be55d9bc94f6f3fe3ab86aa
FILE	/Users/Shared/micah/Documents/TNN/TNN/Research/R33_NATIVE_N17_R27_CONTINUITY/FINAL_B_20260915_1409/N17_REFRESH/logs/nested_member_4_136.exit	2	9a271f2a916b0b6ee6cecb2426f0b3206ef074578be55d9bc94f6f3fe3ab86aa
FILE	/Users/Shared/micah/Documents/TNN/TNN/Research/R33_NATIVE_N17_R27_CONTINUITY/FINAL_B_20260915_1409/N17_REFRESH/logs/expanded_19_200.stderr	0	e3b0c44298fc1c149afbf4c8996fb92427ae41e4649b934ca495991b7852b855
FILE	/Users/Shared/micah/Documents/TNN/TNN/Research/R33_NATIVE_N17_R27_CONTINUITY/FINAL_B_20260915_1409/N17_REFRESH/logs/expanded_5_91.exit	2	9a271f2a916b0b6ee6cecb2426f0b3206ef074578be55d9bc94f6f3fe3ab86aa
FILE	/Users/Shared/micah/Documents/TNN/TNN/Research/R33_NATIVE_N17_R27_CONTINUITY/FINAL_B_20260915_1409/N17_REFRESH/logs/project_policy.stdout	0	e3b0c44298fc1c149afbf4c8996fb92427ae41e4649b934ca495991b7852b855
FILE	/Users/Shared/micah/Documents/TNN/TNN/Research/R33_NATIVE_N17_R27_CONTINUITY/FINAL_B_20260915_1409/N17_REFRESH/logs/expanded_38_611.exit	2	9a271f2a916b0b6ee6cecb2426f0b3206ef074578be55d9bc94f6f3fe3ab86aa
FILE	/Users/Shared/micah/Documents/TNN/TNN/Research/R33_NATIVE_N17_R27_CONTINUITY/FINAL_B_20260915_1409/N17_REFRESH/logs/nested_member_5_136.exit	2	9a271f2a916b0b6ee6cecb2426f0b3206ef074578be55d9bc94f6f3fe3ab86aa
FILE	/Users/Shared/micah/Documents/TNN/TNN/Research/R33_NATIVE_N17_R27_CONTINUITY/FINAL_B_20260915_1409/N17_REFRESH/logs/archive_58.stdout	0	e3b0c44298fc1c149afbf4c8996fb92427ae41e4649b934ca495991b7852b855
FILE	/Users/Shared/micah/Documents/TNN/TNN/Research/R33_NATIVE_N17_R27_CONTINUITY/FINAL_B_20260915_1409/N17_REFRESH/logs/expanded_19_208.exit	2	9a271f2a916b0b6ee6cecb2426f0b3206ef074578be55d9bc94f6f3fe3ab86aa
FILE	/Users/Shared/micah/Documents/TNN/TNN/Research/R33_NATIVE_N17_R27_CONTINUITY/FINAL_B_20260915_1409/N17_REFRESH/logs/git_blob_59932c410952553402ab2288ee91bebfd3093717.argv	59	61a31413337072ee3fcc18b23f2f28f1ca3da43b26b9717b0dee5c6749cfa5c1
FILE	/Users/Shared/micah/Documents/TNN/TNN/Research/R33_NATIVE_N17_R27_CONTINUITY/FINAL_B_20260915_1409/N17_REFRESH/logs/nested_member_1_117.argv	210	e767bbad189e5e873a418b873f8ebaf154204fed2a7cac20185ba13a1233f1e9
FILE	/Users/Shared/micah/Documents/TNN/TNN/Research/R33_NATIVE_N17_R27_CONTINUITY/FINAL_B_20260915_1409/N17_REFRESH/logs/expanded_19_7.argv	128	c4f1333fd4169902e14c7b03867e08529663d1d3fd6a67d5a1bb24efdc89ac97
FILE	/Users/Shared/micah/Documents/TNN/TNN/Research/R33_NATIVE_N17_R27_CONTINUITY/FINAL_B_20260915_1409/N17_REFRESH/logs/nested_member_7_84.argv	206	120b61293bba88eb3ff40a146edff550e735f5eace2c2a7f8de55035cb091143
FILE	/Users/Shared/micah/Documents/TNN/TNN/Research/R33_NATIVE_N17_R27_CONTINUITY/FINAL_B_20260915_1409/N17_REFRESH/logs/build_primitives.exit	2	9a271f2a916b0b6ee6cecb2426f0b3206ef074578be55d9bc94f6f3fe3ab86aa
FILE	/Users/Shared/micah/Documents/TNN/TNN/Research/R33_NATIVE_N17_R27_CONTINUITY/FINAL_B_20260915_1409/N17_REFRESH/logs/archive_87.stderr	0	e3b0c44298fc1c149afbf4c8996fb92427ae41e4649b934ca495991b7852b855
FILE	/Users/Shared/micah/Documents/TNN/TNN/Research/R33_NATIVE_N17_R27_CONTINUITY/FINAL_B_20260915_1409/N17_REFRESH/logs/expanded_38_612.argv	167	e51af8a697209b4e9bc6f53ca781d57c6f26637a7820a64863a41002acced3a3
FILE	/Users/Shared/micah/Documents/TNN/TNN/Research/R33_NATIVE_N17_R27_CONTINUITY/FINAL_B_20260915_1409/N17_REFRESH/logs/expanded_44_609.stderr	0	e3b0c44298fc1c149afbf4c8996fb92427ae41e4649b934ca495991b7852b855
FILE	/Users/Shared/micah/Documents/TNN/TNN/Research/R33_NATIVE_N17_R27_CONTINUITY/FINAL_B_20260915_1409/N17_REFRESH/logs/nested_member_7_538.exit	2	9a271f2a916b0b6ee6cecb2426f0b3206ef074578be55d9bc94f6f3fe3ab86aa
FILE	/Users/Shared/micah/Documents/TNN/TNN/Research/R33_NATIVE_N17_R27_CONTINUITY/FINAL_B_20260915_1409/N17_REFRESH/logs/expanded_5_92.argv	137	926f83187b56eca770e4ff2e7b280248e63e7ea49d097550aaf8d22d46dbe072
FILE	/Users/Shared/micah/Documents/TNN/TNN/Research/R33_NATIVE_N17_R27_CONTINUITY/FINAL_B_20260915_1409/N17_REFRESH/logs/archive_25.stdout	12	967e0d8b2c322b74ecc8d562968ccdc6e8cb39f027908eeac16a0d5b4e6ec993
FILE	/Users/Shared/micah/Documents/TNN/TNN/Research/R33_NATIVE_N17_R27_CONTINUITY/FINAL_B_20260915_1409/N17_REFRESH/logs/archive_9.exit	2	9a271f2a916b0b6ee6cecb2426f0b3206ef074578be55d9bc94f6f3fe3ab86aa
FILE	/Users/Shared/micah/Documents/TNN/TNN/Research/R33_NATIVE_N17_R27_CONTINUITY/FINAL_B_20260915_1409/N17_REFRESH/logs/expanded_31_23.stderr	0	e3b0c44298fc1c149afbf4c8996fb92427ae41e4649b934ca495991b7852b855
FILE	/Users/Shared/micah/Documents/TNN/TNN/Research/R33_NATIVE_N17_R27_CONTINUITY/FINAL_B_20260915_1409/N17_REFRESH/logs/nested_member_6_538.exit	2	9a271f2a916b0b6ee6cecb2426f0b3206ef074578be55d9bc94f6f3fe3ab86aa
FILE	/Users/Shared/micah/Documents/TNN/TNN/Research/R33_NATIVE_N17_R27_CONTINUITY/FINAL_B_20260915_1409/N17_REFRESH/logs/expanded_38_646.exit	2	9a271f2a916b0b6ee6cecb2426f0b3206ef074578be55d9bc94f6f3fe3ab86aa
FILE	/Users/Shared/micah/Documents/TNN/TNN/Research/R33_NATIVE_N17_R27_CONTINUITY/FINAL_B_20260915_1409/N17_REFRESH/logs/member_38_1.stderr	0	e3b0c44298fc1c149afbf4c8996fb92427ae41e4649b934ca495991b7852b855
FILE	/Users/Shared/micah/Documents/TNN/TNN/Research/R33_NATIVE_N17_R27_CONTINUITY/FINAL_B_20260915_1409/N17_REFRESH/logs/build_bounded_allocator_tests.stdout	244	55177c8f25aaf92f9574fa52f828edc2606b16e168eb1cfe4c64ecf57406d5b0
FILE	/Users/Shared/micah/Documents/TNN/TNN/Research/R33_NATIVE_N17_R27_CONTINUITY/FINAL_B_20260915_1409/N17_REFRESH/logs/expanded_47_51.argv	198	c76b418c105938e56264d451187a5cbcaad65de1082ab724c94e8b4ad6a6efc9
FILE	/Users/Shared/micah/Documents/TNN/TNN/Research/R33_NATIVE_N17_R27_CONTINUITY/FINAL_B_20260915_1409/N17_REFRESH/logs/member_46_2.stderr	0	e3b0c44298fc1c149afbf4c8996fb92427ae41e4649b934ca495991b7852b855
FILE	/Users/Shared/micah/Documents/TNN/TNN/Research/R33_NATIVE_N17_R27_CONTINUITY/FINAL_B_20260915_1409/N17_REFRESH/logs/nested_list_3.argv	148	3d00d5efaae0764de65d4b8a9b3a6fea873800587e19b3b94b0d8054f77b61b4
FILE	/Users/Shared/micah/Documents/TNN/TNN/Research/R33_NATIVE_N17_R27_CONTINUITY/FINAL_B_20260915_1409/N17_REFRESH/logs/expanded_47_62.stderr	0	e3b0c44298fc1c149afbf4c8996fb92427ae41e4649b934ca495991b7852b855
FILE	/Users/Shared/micah/Documents/TNN/TNN/Research/R33_NATIVE_N17_R27_CONTINUITY/FINAL_B_20260915_1409/N17_REFRESH/logs/expanded_46_116.exit	2	9a271f2a916b0b6ee6cecb2426f0b3206ef074578be55d9bc94f6f3fe3ab86aa
FILE	/Users/Shared/micah/Documents/TNN/TNN/Research/R33_NATIVE_N17_R27_CONTINUITY/FINAL_B_20260915_1409/N17_REFRESH/logs/member_52_1.exit	2	9a271f2a916b0b6ee6cecb2426f0b3206ef074578be55d9bc94f6f3fe3ab86aa
FILE	/Users/Shared/micah/Documents/TNN/TNN/Research/R33_NATIVE_N17_R27_CONTINUITY/FINAL_B_20260915_1409/N17_REFRESH/logs/member_17_3.argv	136	7acad1a8b897acc0844f1912890d39c021608502288060b7523c931f36280d5d
FILE	/Users/Shared/micah/Documents/TNN/TNN/Research/R33_NATIVE_N17_R27_CONTINUITY/FINAL_B_20260915_1409/N17_REFRESH/logs/archive_54.stdout	3721	5e38bedec6bf3ebe39ee889af8a68c6f2f0365e528d2400597d23ac8ae82ad06
FILE	/Users/Shared/micah/Documents/TNN/TNN/Research/R33_NATIVE_N17_R27_CONTINUITY/FINAL_B_20260915_1409/N17_REFRESH/logs/nested_member_1_57.exit	2	9a271f2a916b0b6ee6cecb2426f0b3206ef074578be55d9bc94f6f3fe3ab86aa
FILE	/Users/Shared/micah/Documents/TNN/TNN/Research/R33_NATIVE_N17_R27_CONTINUITY/FINAL_B_20260915_1409/N17_REFRESH/logs/git_blob_94c05d3600c963105cea51090bd72db4ad40ec81.argv	59	cf52cbb58ae07e67fcb6a9eeae81caa22c45cd02f7816c09f0289fe28db5893f
FILE	/Users/Shared/micah/Documents/TNN/TNN/Research/R33_NATIVE_N17_R27_CONTINUITY/FINAL_B_20260915_1409/N17_REFRESH/logs/expanded_76_4.exit	2	9a271f2a916b0b6ee6cecb2426f0b3206ef074578be55d9bc94f6f3fe3ab86aa
FILE	/Users/Shared/micah/Documents/TNN/TNN/Research/R33_NATIVE_N17_R27_CONTINUITY/FINAL_B_20260915_1409/N17_REFRESH/logs/member_74_0.exit	2	9a271f2a916b0b6ee6cecb2426f0b3206ef074578be55d9bc94f6f3fe3ab86aa
FILE	/Users/Shared/micah/Documents/TNN/TNN/Research/R33_NATIVE_N17_R27_CONTINUITY/FINAL_B_20260915_1409/N17_REFRESH/logs/expanded_76_4.stdout	17289	bae71fdc5fd4e43a3b2477ecf1604c6bcd80eb57b1fa8ff81699e0d36cedffbd
FILE	/Users/Shared/micah/Documents/TNN/TNN/Research/R33_NATIVE_N17_R27_CONTINUITY/FINAL_B_20260915_1409/N17_REFRESH/logs/nested_member_5_536.stderr	0	e3b0c44298fc1c149afbf4c8996fb92427ae41e4649b934ca495991b7852b855
FILE	/Users/Shared/micah/Documents/TNN/TNN/Research/R33_NATIVE_N17_R27_CONTINUITY/FINAL_B_20260915_1409/N17_REFRESH/logs/archive_48.exit	2	9a271f2a916b0b6ee6cecb2426f0b3206ef074578be55d9bc94f6f3fe3ab86aa
FILE	/Users/Shared/micah/Documents/TNN/TNN/Research/R33_NATIVE_N17_R27_CONTINUITY/FINAL_B_20260915_1409/N17_REFRESH/logs/member_38_1.argv	168	8c7b51cad76388318a94dabe3666cd44f122ba02590493b8d306a76139910175
FILE	/Users/Shared/micah/Documents/TNN/TNN/Research/R33_NATIVE_N17_R27_CONTINUITY/FINAL_B_20260915_1409/N17_REFRESH/logs/expanded_38_604.argv	171	dd0fd88d9274821f8d2eab5992160b5a23b28cec00433413230d5f830b8f1577
FILE	/Users/Shared/micah/Documents/TNN/TNN/Research/R33_NATIVE_N17_R27_CONTINUITY/FINAL_B_20260915_1409/N17_REFRESH/logs/expanded_75_73.argv	141	9fa5ee78c804de2f03411d0c4081328fb3ef92a2d5c54833fd7c708c513c2efe
FILE	/Users/Shared/micah/Documents/TNN/TNN/Research/R33_NATIVE_N17_R27_CONTINUITY/FINAL_B_20260915_1409/N17_REFRESH/logs/reviewed.argv	124	c46521f0fa2fe886392a263001a17a0fe5f8baa9cb1efa321b45ab4046d2a375
FILE	/Users/Shared/micah/Documents/TNN/TNN/Research/R33_NATIVE_N17_R27_CONTINUITY/FINAL_B_20260915_1409/N17_REFRESH/logs/nested_member_4_527.exit	2	9a271f2a916b0b6ee6cecb2426f0b3206ef074578be55d9bc94f6f3fe3ab86aa
FILE	/Users/Shared/micah/Documents/TNN/TNN/Research/R33_NATIVE_N17_R27_CONTINUITY/FINAL_B_20260915_1409/N17_REFRESH/logs/archive_29.stdout	6	6e0ea0a5d589f4a728a88cc06161f4ec70b6beb4daaff61f67c01c39628b0090
FILE	/Users/Shared/micah/Documents/TNN/TNN/Research/R33_NATIVE_N17_R27_CONTINUITY/FINAL_B_20260915_1409/N17_REFRESH/logs/expanded_19_212.stderr	0	e3b0c44298fc1c149afbf4c8996fb92427ae41e4649b934ca495991b7852b855
FILE	/Users/Shared/micah/Documents/TNN/TNN/Research/R33_NATIVE_N17_R27_CONTINUITY/FINAL_B_20260915_1409/N17_REFRESH/logs/nested_member_5_527.exit	2	9a271f2a916b0b6ee6cecb2426f0b3206ef074578be55d9bc94f6f3fe3ab86aa
FILE	/Users/Shared/micah/Documents/TNN/TNN/Research/R33_NATIVE_N17_R27_CONTINUITY/FINAL_B_20260915_1409/N17_REFRESH/logs/expanded_44_605.stderr	0	e3b0c44298fc1c149afbf4c8996fb92427ae41e4649b934ca495991b7852b855
FILE	/Users/Shared/micah/Documents/TNN/TNN/Research/R33_NATIVE_N17_R27_CONTINUITY/FINAL_B_20260915_1409/N17_REFRESH/logs/expanded_38_607.stdout	2399	b217db372182e4a0489dd6229da1fa7eb1dc4230db9967dd76a9b902db2b890c
FILE	/Users/Shared/micah/Documents/TNN/TNN/Research/R33_NATIVE_N17_R27_CONTINUITY/FINAL_B_20260915_1409/N17_REFRESH/logs/expanded_44_632.argv	167	8fcdaa3ab85a671082c5a6253dd516a1ac198988e10516886f10a5aa4be45033
FILE	/Users/Shared/micah/Documents/TNN/TNN/Research/R33_NATIVE_N17_R27_CONTINUITY/FINAL_B_20260915_1409/N17_REFRESH/logs/build_forbidden_selector_tests.stdout	246	6d71b7a706d6720331ff1cd59a114ee1bd7ca99780960f7306c334c003ed158f
FILE	/Users/Shared/micah/Documents/TNN/TNN/Research/R33_NATIVE_N17_R27_CONTINUITY/FINAL_B_20260915_1409/N17_REFRESH/logs/member_52_2.argv	129	4c604d1f156bed1f5aceebfedd2b3c5c9bf30b09bf3cb36b6dfcdbcab221d9ca
FILE	/Users/Shared/micah/Documents/TNN/TNN/Research/R33_NATIVE_N17_R27_CONTINUITY/FINAL_B_20260915_1409/N17_REFRESH/logs/member_17_0.exit	2	9a271f2a916b0b6ee6cecb2426f0b3206ef074578be55d9bc94f6f3fe3ab86aa
FILE	/Users/Shared/micah/Documents/TNN/TNN/Research/R33_NATIVE_N17_R27_CONTINUITY/FINAL_B_20260915_1409/N17_REFRESH/logs/candidates_expanded_final.stdout	111092	8fe333d30574b2b134171a0fb832c274065997c74669680050f442f9360c6013
FILE	/Users/Shared/micah/Documents/TNN/TNN/Research/R33_NATIVE_N17_R27_CONTINUITY/FINAL_B_20260915_1409/N17_REFRESH/logs/expanded_46_115.argv	135	8b68e9a99d16a3a61f14933248cd9f5a518a35cbdd91a4c9dc2e83fbd5c6c147
FILE	/Users/Shared/micah/Documents/TNN/TNN/Research/R33_NATIVE_N17_R27_CONTINUITY/FINAL_B_20260915_1409/N17_REFRESH/logs/nested_member_3_57.stdout	17951	31110aafae3f326a959cf0a49c0a080fd4e9f9f366e1bb35d35ed95cf2cc748e
FILE	/Users/Shared/micah/Documents/TNN/TNN/Research/R33_NATIVE_N17_R27_CONTINUITY/FINAL_B_20260915_1409/N17_REFRESH/logs/primitives.stderr	0	e3b0c44298fc1c149afbf4c8996fb92427ae41e4649b934ca495991b7852b855
FILE	/Users/Shared/micah/Documents/TNN/TNN/Research/R33_NATIVE_N17_R27_CONTINUITY/FINAL_B_20260915_1409/N17_REFRESH/logs/build_classifier.exit	2	9a271f2a916b0b6ee6cecb2426f0b3206ef074578be55d9bc94f6f3fe3ab86aa
FILE	/Users/Shared/micah/Documents/TNN/TNN/Research/R33_NATIVE_N17_R27_CONTINUITY/FINAL_B_20260915_1409/N17_REFRESH/logs/expanded_52_128.exit	2	9a271f2a916b0b6ee6cecb2426f0b3206ef074578be55d9bc94f6f3fe3ab86aa
FILE	/Users/Shared/micah/Documents/TNN/TNN/Research/R33_NATIVE_N17_R27_CONTINUITY/FINAL_B_20260915_1409/N17_REFRESH/logs/expanded_44_631.exit	2	9a271f2a916b0b6ee6cecb2426f0b3206ef074578be55d9bc94f6f3fe3ab86aa
FILE	/Users/Shared/micah/Documents/TNN/TNN/Research/R33_NATIVE_N17_R27_CONTINUITY/FINAL_B_20260915_1409/N17_REFRESH/logs/expanded_55_64.stdout	1633	9f840343b07c6efb4beb53c636c026f7b1275e5c7d30729ec03e0c960e72f18c
FILE	/Users/Shared/micah/Documents/TNN/TNN/Research/R33_NATIVE_N17_R27_CONTINUITY/FINAL_B_20260915_1409/N17_REFRESH/logs/expanded_38_653.argv	163	2470322e80e03258a3e491df1052ce4a2687794b8210097c0c951e541019cbbb
FILE	/Users/Shared/micah/Documents/TNN/TNN/Research/R33_NATIVE_N17_R27_CONTINUITY/FINAL_B_20260915_1409/N17_REFRESH/logs/nested_member_6_537.stdout	2384	35afee20280381cfd6fbf7bdb059f1025b46cba156849f03cdffc32036e2d973
FILE	/Users/Shared/micah/Documents/TNN/TNN/Research/R33_NATIVE_N17_R27_CONTINUITY/FINAL_B_20260915_1409/N17_REFRESH/logs/archive_37.stdout	164	ad1bec34e7b64cbe4cd57eaf934484e40b6656d481bb2fbead0fa24d6ce2cbfe
FILE	/Users/Shared/micah/Documents/TNN/TNN/Research/R33_NATIVE_N17_R27_CONTINUITY/FINAL_B_20260915_1409/N17_REFRESH/logs/expanded_38_619.stdout	3843	db50cdc6a83e658de713ffc26b772f37160850b829063afb891f43407afdae05
FILE	/Users/Shared/micah/Documents/TNN/TNN/Research/R33_NATIVE_N17_R27_CONTINUITY/FINAL_B_20260915_1409/N17_REFRESH/logs/member_38_2.exit	2	9a271f2a916b0b6ee6cecb2426f0b3206ef074578be55d9bc94f6f3fe3ab86aa
FILE	/Users/Shared/micah/Documents/TNN/TNN/Research/R33_NATIVE_N17_R27_CONTINUITY/FINAL_B_20260915_1409/N17_REFRESH/logs/expanded_38_607.exit	2	9a271f2a916b0b6ee6cecb2426f0b3206ef074578be55d9bc94f6f3fe3ab86aa
FILE	/Users/Shared/micah/Documents/TNN/TNN/Research/R33_NATIVE_N17_R27_CONTINUITY/FINAL_B_20260915_1409/N17_REFRESH/logs/nested_member_3_112.stderr	0	e3b0c44298fc1c149afbf4c8996fb92427ae41e4649b934ca495991b7852b855
FILE	/Users/Shared/micah/Documents/TNN/TNN/Research/R33_NATIVE_N17_R27_CONTINUITY/FINAL_B_20260915_1409/N17_REFRESH/logs/nested_member_4_136.stdout	2696	16e785b68df61c7fa96ab423967078de9fcea7fc68ff185a3e7140b6c88593c4
FILE	/Users/Shared/micah/Documents/TNN/TNN/Research/R33_NATIVE_N17_R27_CONTINUITY/FINAL_B_20260915_1409/N17_REFRESH/logs/expanded_5_87.exit	2	9a271f2a916b0b6ee6cecb2426f0b3206ef074578be55d9bc94f6f3fe3ab86aa
FILE	/Users/Shared/micah/Documents/TNN/TNN/Research/R33_NATIVE_N17_R27_CONTINUITY/FINAL_B_20260915_1409/N17_REFRESH/logs/large_archive_4.stdout	153	dfa8ffc88a26fb62c12a1aa31ba5cc049bd048be4541a77a42e936b4c8594d58
FILE	/Users/Shared/micah/Documents/TNN/TNN/Research/R33_NATIVE_N17_R27_CONTINUITY/FINAL_B_20260915_1409/N17_REFRESH/logs/nested_member_5_528.stderr	0	e3b0c44298fc1c149afbf4c8996fb92427ae41e4649b934ca495991b7852b855
FILE	/Users/Shared/micah/Documents/TNN/TNN/Research/R33_NATIVE_N17_R27_CONTINUITY/FINAL_B_20260915_1409/N17_REFRESH/logs/expanded_54_62.stdout	3745	16cb32fe8c4f977d6d378faf764b5df74e22f53b86a2fd1687ca917be116a561
FILE	/Users/Shared/micah/Documents/TNN/TNN/Research/R33_NATIVE_N17_R27_CONTINUITY/FINAL_B_20260915_1409/N17_REFRESH/logs/archive_87.exit	2	9a271f2a916b0b6ee6cecb2426f0b3206ef074578be55d9bc94f6f3fe3ab86aa
FILE	/Users/Shared/micah/Documents/TNN/TNN/Research/R33_NATIVE_N17_R27_CONTINUITY/FINAL_B_20260915_1409/N17_REFRESH/logs/nested_member_1_122.stderr	0	e3b0c44298fc1c149afbf4c8996fb92427ae41e4649b934ca495991b7852b855
FILE	/Users/Shared/micah/Documents/TNN/TNN/Research/R33_NATIVE_N17_R27_CONTINUITY/FINAL_B_20260915_1409/N17_REFRESH/logs/archive_42.stderr	0	e3b0c44298fc1c149afbf4c8996fb92427ae41e4649b934ca495991b7852b855
FILE	/Users/Shared/micah/Documents/TNN/TNN/Research/R33_NATIVE_N17_R27_CONTINUITY/FINAL_B_20260915_1409/N17_REFRESH/logs/nested_member_6_213.stderr	0	e3b0c44298fc1c149afbf4c8996fb92427ae41e4649b934ca495991b7852b855
FILE	/Users/Shared/micah/Documents/TNN/TNN/Research/R33_NATIVE_N17_R27_CONTINUITY/FINAL_B_20260915_1409/N17_REFRESH/logs/member_27_0.stderr	0	e3b0c44298fc1c149afbf4c8996fb92427ae41e4649b934ca495991b7852b855
FILE	/Users/Shared/micah/Documents/TNN/TNN/Research/R33_NATIVE_N17_R27_CONTINUITY/FINAL_B_20260915_1409/N17_REFRESH/logs/expanded_44_612.argv	170	7f9c7f3d13efa6aa8c35475f3f7e5e3e758fc92f3b16e2d222b69f3dca30ee00
FILE	/Users/Shared/micah/Documents/TNN/TNN/Research/R33_NATIVE_N17_R27_CONTINUITY/FINAL_B_20260915_1409/N17_REFRESH/logs/member_44_1.stderr	0	e3b0c44298fc1c149afbf4c8996fb92427ae41e4649b934ca495991b7852b855
FILE	/Users/Shared/micah/Documents/TNN/TNN/Research/R33_NATIVE_N17_R27_CONTINUITY/FINAL_B_20260915_1409/N17_REFRESH/logs/r26_selftest.stderr	0	e3b0c44298fc1c149afbf4c8996fb92427ae41e4649b934ca495991b7852b855
FILE	/Users/Shared/micah/Documents/TNN/TNN/Research/R33_NATIVE_N17_R27_CONTINUITY/FINAL_B_20260915_1409/N17_REFRESH/logs/expanded_74_27.stderr	0	e3b0c44298fc1c149afbf4c8996fb92427ae41e4649b934ca495991b7852b855
FILE	/Users/Shared/micah/Documents/TNN/TNN/Research/R33_NATIVE_N17_R27_CONTINUITY/FINAL_B_20260915_1409/N17_REFRESH/logs/expanded_47_33.exit	2	9a271f2a916b0b6ee6cecb2426f0b3206ef074578be55d9bc94f6f3fe3ab86aa
FILE	/Users/Shared/micah/Documents/TNN/TNN/Research/R33_NATIVE_N17_R27_CONTINUITY/FINAL_B_20260915_1409/N17_REFRESH/logs/archive_68.exit	2	4355a46b19d348dc2f57c046f8ef63d4538ebb936000f3c9ee954a27460dd865
FILE	/Users/Shared/micah/Documents/TNN/TNN/Research/R33_NATIVE_N17_R27_CONTINUITY/FINAL_B_20260915_1409/N17_REFRESH/logs/expanded_75_54.stdout	4445	fdc684a476da7f5adb308c0c01cdb31ca8ab40accc1f90734d4f0b17fee1da21
FILE	/Users/Shared/micah/Documents/TNN/TNN/Research/R33_NATIVE_N17_R27_CONTINUITY/FINAL_B_20260915_1409/N17_REFRESH/logs/expanded_17_206.exit	2	9a271f2a916b0b6ee6cecb2426f0b3206ef074578be55d9bc94f6f3fe3ab86aa
FILE	/Users/Shared/micah/Documents/TNN/TNN/Research/R33_NATIVE_N17_R27_CONTINUITY/FINAL_B_20260915_1409/N17_REFRESH/logs/r26_match.stderr	0	e3b0c44298fc1c149afbf4c8996fb92427ae41e4649b934ca495991b7852b855
FILE	/Users/Shared/micah/Documents/TNN/TNN/Research/R33_NATIVE_N17_R27_CONTINUITY/FINAL_B_20260915_1409/N17_REFRESH/logs/expanded_44_646.exit	2	9a271f2a916b0b6ee6cecb2426f0b3206ef074578be55d9bc94f6f3fe3ab86aa
FILE	/Users/Shared/micah/Documents/TNN/TNN/Research/R33_NATIVE_N17_R27_CONTINUITY/FINAL_B_20260915_1409/N17_REFRESH/logs/expanded_19_204.stdout	12071	bb24d6913d40f1148ae878b1e69313a7aba708669fe3ee4a53f09a01c5658526
FILE	/Users/Shared/micah/Documents/TNN/TNN/Research/R33_NATIVE_N17_R27_CONTINUITY/FINAL_B_20260915_1409/N17_REFRESH/logs/nested_member_3_128.argv	202	bf6b072942d1a398891c185c745287e332a9c0166aa44bb5ae90dd9f084fdb3c
FILE	/Users/Shared/micah/Documents/TNN/TNN/Research/R33_NATIVE_N17_R27_CONTINUITY/FINAL_B_20260915_1409/N17_REFRESH/logs/expanded_38_611.stderr	0	e3b0c44298fc1c149afbf4c8996fb92427ae41e4649b934ca495991b7852b855
FILE	/Users/Shared/micah/Documents/TNN/TNN/Research/R33_NATIVE_N17_R27_CONTINUITY/FINAL_B_20260915_1409/N17_REFRESH/logs/expanded_44_613.stdout	1687	c6289a961bc05f8882fbce54c3515b9362c8a6d8ca65226aff4ae1ac7e30a65d
FILE	/Users/Shared/micah/Documents/TNN/TNN/Research/R33_NATIVE_N17_R27_CONTINUITY/FINAL_B_20260915_1409/N17_REFRESH/logs/nested_member_1_77.exit	2	9a271f2a916b0b6ee6cecb2426f0b3206ef074578be55d9bc94f6f3fe3ab86aa
FILE	/Users/Shared/micah/Documents/TNN/TNN/Research/R33_NATIVE_N17_R27_CONTINUITY/FINAL_B_20260915_1409/N17_REFRESH/logs/nested_member_8_132.argv	192	2ebf98f43b451c0f1a2b48ad568ebf39206d462bc0cbb5c84b2d80b8c4b62f71
FILE	/Users/Shared/micah/Documents/TNN/TNN/Research/R33_NATIVE_N17_R27_CONTINUITY/FINAL_B_20260915_1409/N17_REFRESH/logs/expanded_9_56.stderr	0	e3b0c44298fc1c149afbf4c8996fb92427ae41e4649b934ca495991b7852b855
FILE	/Users/Shared/micah/Documents/TNN/TNN/Research/R33_NATIVE_N17_R27_CONTINUITY/FINAL_B_20260915_1409/N17_REFRESH/logs/forbidden_selector_tests.stdout	158	07d38b9bdbcee6f8438f15a92a840351bdde54fd4271148493d1d793994ef974
FILE	/Users/Shared/micah/Documents/TNN/TNN/Research/R33_NATIVE_N17_R27_CONTINUITY/FINAL_B_20260915_1409/N17_REFRESH/logs/nested_member_1_121.argv	210	e383da797f9a39202d20a7bc442c9ef1c2a9dc21531b3e4c8e865cb4db60d7a4
FILE	/Users/Shared/micah/Documents/TNN/TNN/Research/R33_NATIVE_N17_R27_CONTINUITY/FINAL_B_20260915_1409/N17_REFRESH/logs/nested_member_3_22.stderr	0	e3b0c44298fc1c149afbf4c8996fb92427ae41e4649b934ca495991b7852b855
FILE	/Users/Shared/micah/Documents/TNN/TNN/Research/R33_NATIVE_N17_R27_CONTINUITY/FINAL_B_20260915_1409/N17_REFRESH/logs/nested_member_8_536.exit	2	9a271f2a916b0b6ee6cecb2426f0b3206ef074578be55d9bc94f6f3fe3ab86aa
FILE	/Users/Shared/micah/Documents/TNN/TNN/Research/R33_NATIVE_N17_R27_CONTINUITY/FINAL_B_20260915_1409/N17_REFRESH/logs/expanded_44_645.argv	174	afa203b9b3ace3e84e97907265a4dcb17329a8e2528e82ced5aa1b0939913dc7
FILE	/Users/Shared/micah/Documents/TNN/TNN/Research/R33_NATIVE_N17_R27_CONTINUITY/FINAL_B_20260915_1409/N17_REFRESH/logs/expanded_17_205.argv	135	7e104bb4386404f62b5890d26690daf72fa016a1cb9cba81ca1b891c41a791be
FILE	/Users/Shared/micah/Documents/TNN/TNN/Research/R33_NATIVE_N17_R27_CONTINUITY/FINAL_B_20260915_1409/N17_REFRESH/logs/expanded_44_611.exit	2	9a271f2a916b0b6ee6cecb2426f0b3206ef074578be55d9bc94f6f3fe3ab86aa
FILE	/Users/Shared/micah/Documents/TNN/TNN/Research/R33_NATIVE_N17_R27_CONTINUITY/FINAL_B_20260915_1409/N17_REFRESH/logs/receipt_protected.stdout	169	71941b4b8486efc09c98dcab9625d3e951a01b5fe381dd010ce139d09a61ab9e
FILE	/Users/Shared/micah/Documents/TNN/TNN/Research/R33_NATIVE_N17_R27_CONTINUITY/FINAL_B_20260915_1409/N17_REFRESH/logs/nested_member_4_84.stdout	2696	16e785b68df61c7fa96ab423967078de9fcea7fc68ff185a3e7140b6c88593c4
FILE	/Users/Shared/micah/Documents/TNN/TNN/Research/R33_NATIVE_N17_R27_CONTINUITY/FINAL_B_20260915_1409/N17_REFRESH/logs/nested_member_7_142.stdout	222	4dcd659522c5c325537986cb529e35ca3105f74a380268d345308afd8f827025
FILE	/Users/Shared/micah/Documents/TNN/TNN/Research/R33_NATIVE_N17_R27_CONTINUITY/FINAL_B_20260915_1409/N17_REFRESH/logs/expanded_38_762.exit	2	9a271f2a916b0b6ee6cecb2426f0b3206ef074578be55d9bc94f6f3fe3ab86aa
FILE	/Users/Shared/micah/Documents/TNN/TNN/Research/R33_NATIVE_N17_R27_CONTINUITY/FINAL_B_20260915_1409/N17_REFRESH/logs/pinmatch.exit	2	9a271f2a916b0b6ee6cecb2426f0b3206ef074578be55d9bc94f6f3fe3ab86aa
FILE	/Users/Shared/micah/Documents/TNN/TNN/Research/R33_NATIVE_N17_R27_CONTINUITY/FINAL_B_20260915_1409/N17_REFRESH/logs/expanded_47_64.exit	2	9a271f2a916b0b6ee6cecb2426f0b3206ef074578be55d9bc94f6f3fe3ab86aa
FILE	/Users/Shared/micah/Documents/TNN/TNN/Research/R33_NATIVE_N17_R27_CONTINUITY/FINAL_B_20260915_1409/N17_REFRESH/logs/archive_84.argv	100	53f433aa2c74d070bd16894463b28c05bed78a1d5acf0d5a90d70d3314502c4b
FILE	/Users/Shared/micah/Documents/TNN/TNN/Research/R33_NATIVE_N17_R27_CONTINUITY/FINAL_B_20260915_1409/N17_REFRESH/logs/expanded_46_119.stderr	0	e3b0c44298fc1c149afbf4c8996fb92427ae41e4649b934ca495991b7852b855
FILE	/Users/Shared/micah/Documents/TNN/TNN/Research/R33_NATIVE_N17_R27_CONTINUITY/FINAL_B_20260915_1409/N17_REFRESH/logs/project_record_final.stderr	0	e3b0c44298fc1c149afbf4c8996fb92427ae41e4649b934ca495991b7852b855
FILE	/Users/Shared/micah/Documents/TNN/TNN/Research/R33_NATIVE_N17_R27_CONTINUITY/FINAL_B_20260915_1409/N17_REFRESH/logs/nested_member_1_122.exit	2	9a271f2a916b0b6ee6cecb2426f0b3206ef074578be55d9bc94f6f3fe3ab86aa
FILE	/Users/Shared/micah/Documents/TNN/TNN/Research/R33_NATIVE_N17_R27_CONTINUITY/FINAL_B_20260915_1409/N17_REFRESH/logs/archive_83.stdout	659	f13b19daf62be42c8153fa1bbab30f041aafaaac08b67e32b1df8ec5a126c617
FILE	/Users/Shared/micah/Documents/TNN/TNN/Research/R33_NATIVE_N17_R27_CONTINUITY/FINAL_B_20260915_1409/N17_REFRESH/logs/expanded_31_27.stdout	8025	157a01904f930203f9c93dc9323821103bd1b6f9e5476adbe051b601e3863fb0
FILE	/Users/Shared/micah/Documents/TNN/TNN/Research/R33_NATIVE_N17_R27_CONTINUITY/FINAL_B_20260915_1409/N17_REFRESH/logs/project_candidates.stdout	0	e3b0c44298fc1c149afbf4c8996fb92427ae41e4649b934ca495991b7852b855
FILE	/Users/Shared/micah/Documents/TNN/TNN/Research/R33_NATIVE_N17_R27_CONTINUITY/FINAL_B_20260915_1409/N17_REFRESH/logs/archive_21.stderr	0	e3b0c44298fc1c149afbf4c8996fb92427ae41e4649b934ca495991b7852b855
FILE	/Users/Shared/micah/Documents/TNN/TNN/Research/R33_NATIVE_N17_R27_CONTINUITY/FINAL_B_20260915_1409/N17_REFRESH/logs/archive_50.stderr	0	e3b0c44298fc1c149afbf4c8996fb92427ae41e4649b934ca495991b7852b855
FILE	/Users/Shared/micah/Documents/TNN/TNN/Research/R33_NATIVE_N17_R27_CONTINUITY/FINAL_B_20260915_1409/N17_REFRESH/logs/expanded_17_213.argv	130	7d86a665fc095a34c248a5abdb55ba907b6cd7641c6e582b682ba8f35b9e0908
FILE	/Users/Shared/micah/Documents/TNN/TNN/Research/R33_NATIVE_N17_R27_CONTINUITY/FINAL_B_20260915_1409/N17_REFRESH/logs/expanded_18_37.argv	153	b333ee333725a752b56e44bdd5f7eeb467efdbff4648082d09f94dbe807841d3
FILE	/Users/Shared/micah/Documents/TNN/TNN/Research/R33_NATIVE_N17_R27_CONTINUITY/FINAL_B_20260915_1409/N17_REFRESH/logs/expanded_38_631.exit	2	9a271f2a916b0b6ee6cecb2426f0b3206ef074578be55d9bc94f6f3fe3ab86aa
FILE	/Users/Shared/micah/Documents/TNN/TNN/Research/R33_NATIVE_N17_R27_CONTINUITY/FINAL_B_20260915_1409/N17_REFRESH/logs/expanded_44_653.argv	166	4a6812633695b7313a7c57fc62122b71834691669f65b19ef9132127db2d62a5
FILE	/Users/Shared/micah/Documents/TNN/TNN/Research/R33_NATIVE_N17_R27_CONTINUITY/FINAL_B_20260915_1409/N17_REFRESH/logs/nested_member_4_142.argv	210	93f030751343ed24349d052bdac68dc6a80a2e778be4a4f687c16839ba31f7fe
FILE	/Users/Shared/micah/Documents/TNN/TNN/Research/R33_NATIVE_N17_R27_CONTINUITY/FINAL_B_20260915_1409/N17_REFRESH/logs/archive_29.exit	2	4355a46b19d348dc2f57c046f8ef63d4538ebb936000f3c9ee954a27460dd865
FILE	/Users/Shared/micah/Documents/TNN/TNN/Research/R33_NATIVE_N17_R27_CONTINUITY/FINAL_B_20260915_1409/N17_REFRESH/logs/expanded_17_247.exit	2	9a271f2a916b0b6ee6cecb2426f0b3206ef074578be55d9bc94f6f3fe3ab86aa
FILE	/Users/Shared/micah/Documents/TNN/TNN/Research/R33_NATIVE_N17_R27_CONTINUITY/FINAL_B_20260915_1409/N17_REFRESH/logs/expanded_44_607.exit	2	9a271f2a916b0b6ee6cecb2426f0b3206ef074578be55d9bc94f6f3fe3ab86aa
FILE	/Users/Shared/micah/Documents/TNN/TNN/Research/R33_NATIVE_N17_R27_CONTINUITY/FINAL_B_20260915_1409/N17_REFRESH/logs/nested_member_5_142.argv	212	725bb4b8935b4508105317e3a71c899f34dc294c5b4b08dfdf303e20698ab88c
FILE	/Users/Shared/micah/Documents/TNN/TNN/Research/R33_NATIVE_N17_R27_CONTINUITY/FINAL_B_20260915_1409/N17_REFRESH/logs/r25_usage.stderr	0	e3b0c44298fc1c149afbf4c8996fb92427ae41e4649b934ca495991b7852b855
FILE	/Users/Shared/micah/Documents/TNN/TNN/Research/R33_NATIVE_N17_R27_CONTINUITY/FINAL_B_20260915_1409/N17_REFRESH/logs/nested_member_1_36.exit	2	9a271f2a916b0b6ee6cecb2426f0b3206ef074578be55d9bc94f6f3fe3ab86aa
FILE	/Users/Shared/micah/Documents/TNN/TNN/Research/R33_NATIVE_N17_R27_CONTINUITY/FINAL_B_20260915_1409/N17_REFRESH/logs/expanded_4_27.argv	146	9eed478cf6b019ad21a2a892a54e3efb24274eb925334b4198384ec8b299d64b
FILE	/Users/Shared/micah/Documents/TNN/TNN/Research/R33_NATIVE_N17_R27_CONTINUITY/FINAL_B_20260915_1409/N17_REFRESH/logs/expanded_46_123.argv	146	85034cf33597f53b038a5e134acffb5355bbea8f2f4f46f40d4bf625e503ac27
FILE	/Users/Shared/micah/Documents/TNN/TNN/Research/R33_NATIVE_N17_R27_CONTINUITY/FINAL_B_20260915_1409/N17_REFRESH/logs/expanded_31_27.exit	2	9a271f2a916b0b6ee6cecb2426f0b3206ef074578be55d9bc94f6f3fe3ab86aa
FILE	/Users/Shared/micah/Documents/TNN/TNN/Research/R33_NATIVE_N17_R27_CONTINUITY/FINAL_B_20260915_1409/N17_REFRESH/logs/expanded_19_216.stdout	2755	9fa483620e23c2b82e33e8657ec6394df46df15715ee267b0c646363c25a2e4a
FILE	/Users/Shared/micah/Documents/TNN/TNN/Research/R33_NATIVE_N17_R27_CONTINUITY/FINAL_B_20260915_1409/N17_REFRESH/logs/nested_member_5_532.stdout	2605	6366bb1a2f9e2e71e8010ccea5b464e95dc0eaeb5d7b9681cd209a41314b830e
FILE	/Users/Shared/micah/Documents/TNN/TNN/Research/R33_NATIVE_N17_R27_CONTINUITY/FINAL_B_20260915_1409/N17_REFRESH/logs/expanded_54_62.exit	2	9a271f2a916b0b6ee6cecb2426f0b3206ef074578be55d9bc94f6f3fe3ab86aa
FILE	/Users/Shared/micah/Documents/TNN/TNN/Research/R33_NATIVE_N17_R27_CONTINUITY/FINAL_B_20260915_1409/N17_REFRESH/logs/expanded_46_115.stderr	0	e3b0c44298fc1c149afbf4c8996fb92427ae41e4649b934ca495991b7852b855
FILE	/Users/Shared/micah/Documents/TNN/TNN/Research/R33_NATIVE_N17_R27_CONTINUITY/FINAL_B_20260915_1409/N17_REFRESH/logs/expanded_44_604.argv	174	fb95d4ad2ca34c038c9cc79ce6a78cff0a1abcb98dcada27166559a45704b8a8
FILE	/Users/Shared/micah/Documents/TNN/TNN/Research/R33_NATIVE_N17_R27_CONTINUITY/FINAL_B_20260915_1409/N17_REFRESH/logs/expanded_75_58.stdout	13390	2c15ad5f5c72aa855f7d3cca124c6ba12f321b0a9250408df9b722380de4c24c
FILE	/Users/Shared/micah/Documents/TNN/TNN/Research/R33_NATIVE_N17_R27_CONTINUITY/FINAL_B_20260915_1409/N17_REFRESH/logs/expanded_38_875.stderr	0	e3b0c44298fc1c149afbf4c8996fb92427ae41e4649b934ca495991b7852b855
FILE	/Users/Shared/micah/Documents/TNN/TNN/Research/R33_NATIVE_N17_R27_CONTINUITY/FINAL_B_20260915_1409/N17_REFRESH/logs/corrupt_policy_setup_final.exit	2	9a271f2a916b0b6ee6cecb2426f0b3206ef074578be55d9bc94f6f3fe3ab86aa
FILE	/Users/Shared/micah/Documents/TNN/TNN/Research/R33_NATIVE_N17_R27_CONTINUITY/FINAL_B_20260915_1409/N17_REFRESH/logs/expanded_38_632.argv	164	e73bf90de3a295d528584bc564d594b6f8a64abd0718639887108d1045cbb311
FILE	/Users/Shared/micah/Documents/TNN/TNN/Research/R33_NATIVE_N17_R27_CONTINUITY/FINAL_B_20260915_1409/N17_REFRESH/logs/expanded_17_210.exit	2	9a271f2a916b0b6ee6cecb2426f0b3206ef074578be55d9bc94f6f3fe3ab86aa
FILE	/Users/Shared/micah/Documents/TNN/TNN/Research/R33_NATIVE_N17_R27_CONTINUITY/FINAL_B_20260915_1409/N17_REFRESH/logs/expanded_18_34.exit	2	9a271f2a916b0b6ee6cecb2426f0b3206ef074578be55d9bc94f6f3fe3ab86aa
FILE	/Users/Shared/micah/Documents/TNN/TNN/Research/R33_NATIVE_N17_R27_CONTINUITY/FINAL_B_20260915_1409/N17_REFRESH/logs/expanded_17_246.stdout	780	636bae83bb6c80df3ab381d0dbc2a16db5b34d111eb83fea07be8cda21b9a85d
FILE	/Users/Shared/micah/Documents/TNN/TNN/Research/R33_NATIVE_N17_R27_CONTINUITY/FINAL_B_20260915_1409/N17_REFRESH/logs/expanded_44_762.stdout	2124	b668c8f6451f4e0e401f10db6844bb0a9eebd2b0cc639c46f9ed2ce6d970ff72
FILE	/Users/Shared/micah/Documents/TNN/TNN/Research/R33_NATIVE_N17_R27_CONTINUITY/FINAL_B_20260915_1409/N17_REFRESH/logs/nested_member_8_139.stdout	3130	dad94b7b6a734511480e17a3a8f7535d732cc5f63889de29d179a7988badf42f
FILE	/Users/Shared/micah/Documents/TNN/TNN/Research/R33_NATIVE_N17_R27_CONTINUITY/FINAL_B_20260915_1409/N17_REFRESH/logs/nested_member_4_132.stderr	0	e3b0c44298fc1c149afbf4c8996fb92427ae41e4649b934ca495991b7852b855
FILE	/Users/Shared/micah/Documents/TNN/TNN/Research/R33_NATIVE_N17_R27_CONTINUITY/FINAL_B_20260915_1409/N17_REFRESH/logs/nested_member_3_116.stdout	1244	8acb53d1e9d8af6be694d870089ea19bb5055479b16fc2bbaf6ee1b24b27be1e
FILE	/Users/Shared/micah/Documents/TNN/TNN/Research/R33_NATIVE_N17_R27_CONTINUITY/FINAL_B_20260915_1409/N17_REFRESH/logs/large_archive_0.stderr	0	e3b0c44298fc1c149afbf4c8996fb92427ae41e4649b934ca495991b7852b855
FILE	/Users/Shared/micah/Documents/TNN/TNN/Research/R33_NATIVE_N17_R27_CONTINUITY/FINAL_B_20260915_1409/N17_REFRESH/logs/expanded_31_24.argv	131	9082292de514672858dc656c67cad7c38351ad2af72e978df57dd7767513d3e3
FILE	/Users/Shared/micah/Documents/TNN/TNN/Research/R33_NATIVE_N17_R27_CONTINUITY/FINAL_B_20260915_1409/N17_REFRESH/logs/expanded_46_120.exit	2	9a271f2a916b0b6ee6cecb2426f0b3206ef074578be55d9bc94f6f3fe3ab86aa
FILE	/Users/Shared/micah/Documents/TNN/TNN/Research/R33_NATIVE_N17_R27_CONTINUITY/FINAL_B_20260915_1409/N17_REFRESH/logs/archive_33.stderr	0	e3b0c44298fc1c149afbf4c8996fb92427ae41e4649b934ca495991b7852b855
FILE	/Users/Shared/micah/Documents/TNN/TNN/Research/R33_NATIVE_N17_R27_CONTINUITY/FINAL_B_20260915_1409/N17_REFRESH/logs/expanded_41_11.stderr	0	e3b0c44298fc1c149afbf4c8996fb92427ae41e4649b934ca495991b7852b855
FILE	/Users/Shared/micah/Documents/TNN/TNN/Research/R33_NATIVE_N17_R27_CONTINUITY/FINAL_B_20260915_1409/N17_REFRESH/logs/expanded_4_24.exit	2	9a271f2a916b0b6ee6cecb2426f0b3206ef074578be55d9bc94f6f3fe3ab86aa
FILE	/Users/Shared/micah/Documents/TNN/TNN/Research/R33_NATIVE_N17_R27_CONTINUITY/FINAL_B_20260915_1409/N17_REFRESH/logs/r25_usage.argv	154	06c08d4b279dcd5a85b2539eb84fa773c2d9b6fe6bb751d54118fc5bed875168
FILE	/Users/Shared/micah/Documents/TNN/TNN/Research/R33_NATIVE_N17_R27_CONTINUITY/FINAL_B_20260915_1409/N17_REFRESH/logs/expanded_19_208.stdout	582	f1ffa61f3b7634d14f95ae16016695d6d058393899473d6dd539f8639dabd9bb
FILE	/Users/Shared/micah/Documents/TNN/TNN/Research/R33_NATIVE_N17_R27_CONTINUITY/FINAL_B_20260915_1409/N17_REFRESH/logs/project_forbidden_selector_tests.stderr	0	e3b0c44298fc1c149afbf4c8996fb92427ae41e4649b934ca495991b7852b855
FILE	/Users/Shared/micah/Documents/TNN/TNN/Research/R33_NATIVE_N17_R27_CONTINUITY/FINAL_B_20260915_1409/N17_REFRESH/logs/expanded_11_25.stderr	0	e3b0c44298fc1c149afbf4c8996fb92427ae41e4649b934ca495991b7852b855
FILE	/Users/Shared/micah/Documents/TNN/TNN/Research/R33_NATIVE_N17_R27_CONTINUITY/FINAL_B_20260915_1409/N17_REFRESH/logs/r27_match.argv	223	3cdfc4d6b0d99b9d86d32a23db20c955530bf5f87810cbf291d2f8636ea60221
FILE	/Users/Shared/micah/Documents/TNN/TNN/Research/R33_NATIVE_N17_R27_CONTINUITY/FINAL_B_20260915_1409/N17_REFRESH/logs/archive_66.stderr	56	d020996efa8ef774f2a5b5df38bdab4a049eb9bb54bf82ec8618c616a66fe9e2
FILE	/Users/Shared/micah/Documents/TNN/TNN/Research/R33_NATIVE_N17_R27_CONTINUITY/FINAL_B_20260915_1409/N17_REFRESH/logs/expanded_55_37.argv	205	f668a2ebc465e55a2bf202ba4beed2c4492ad0e89acb02c2d568075bf13b38c7
FILE	/Users/Shared/micah/Documents/TNN/TNN/Research/R33_NATIVE_N17_R27_CONTINUITY/FINAL_B_20260915_1409/N17_REFRESH/logs/build_reviewed.exit	2	9a271f2a916b0b6ee6cecb2426f0b3206ef074578be55d9bc94f6f3fe3ab86aa
FILE	/Users/Shared/micah/Documents/TNN/TNN/Research/R33_NATIVE_N17_R27_CONTINUITY/FINAL_B_20260915_1409/N17_REFRESH/logs/archive_51.argv	77	47cb8e695e2ca258d4a330bd47e6a5d224f110e0c2a2816289ada1c0a6bb2e6f
FILE	/Users/Shared/micah/Documents/TNN/TNN/Research/R33_NATIVE_N17_R27_CONTINUITY/FINAL_B_20260915_1409/N17_REFRESH/logs/nested_member_7_537.argv	197	a28a7b56a8e380c70711736df07b3f2a39f4663725afcc206dab01a30105f3ca
FILE	/Users/Shared/micah/Documents/TNN/TNN/Research/R33_NATIVE_N17_R27_CONTINUITY/FINAL_B_20260915_1409/N17_REFRESH/logs/nested_member_6_537.argv	200	253344073e0122e3af2df3bd823143bf535b9b7ec45ac62cf6471d0d74263db5
FILE	/Users/Shared/micah/Documents/TNN/TNN/Research/R33_NATIVE_N17_R27_CONTINUITY/FINAL_B_20260915_1409/N17_REFRESH/logs/archive_0.stdout	26	b1ec49413061f634da86c4b7d51264d80a545d6def4af34a96c3777afabe9093
FILE	/Users/Shared/micah/Documents/TNN/TNN/Research/R33_NATIVE_N17_R27_CONTINUITY/FINAL_B_20260915_1409/N17_REFRESH/logs/archive_6.argv	146	a2c8a03877fbec03bb1e872efad98b5748fa36e973a719cf8e447c6cf4428a8d
FILE	/Users/Shared/micah/Documents/TNN/TNN/Research/R33_NATIVE_N17_R27_CONTINUITY/FINAL_B_20260915_1409/N17_REFRESH/logs/expanded_38_648.stderr	0	e3b0c44298fc1c149afbf4c8996fb92427ae41e4649b934ca495991b7852b855
FILE	/Users/Shared/micah/Documents/TNN/TNN/Research/R33_NATIVE_N17_R27_CONTINUITY/FINAL_B_20260915_1409/N17_REFRESH/logs/expanded_33_22.stderr	0	e3b0c44298fc1c149afbf4c8996fb92427ae41e4649b934ca495991b7852b855
FILE	/Users/Shared/micah/Documents/TNN/TNN/Research/R33_NATIVE_N17_R27_CONTINUITY/FINAL_B_20260915_1409/N17_REFRESH/logs/nested_member_5_213.exit	2	9a271f2a916b0b6ee6cecb2426f0b3206ef074578be55d9bc94f6f3fe3ab86aa
FILE	/Users/Shared/micah/Documents/TNN/TNN/Research/R33_NATIVE_N17_R27_CONTINUITY/FINAL_B_20260915_1409/N17_REFRESH/logs/expanded_46_123.stderr	0	e3b0c44298fc1c149afbf4c8996fb92427ae41e4649b934ca495991b7852b855
FILE	/Users/Shared/micah/Documents/TNN/TNN/Research/R33_NATIVE_N17_R27_CONTINUITY/FINAL_B_20260915_1409/N17_REFRESH/logs/nested_member_4_213.exit	2	9a271f2a916b0b6ee6cecb2426f0b3206ef074578be55d9bc94f6f3fe3ab86aa
FILE	/Users/Shared/micah/Documents/TNN/TNN/Research/R33_NATIVE_N17_R27_CONTINUITY/FINAL_B_20260915_1409/N17_REFRESH/logs/build_primitives.stdout	233	b7e12775cda28058ddddf4a9643b8670a0090fedc61fd4fcf6f9f5737872fdc0
FILE	/Users/Shared/micah/Documents/TNN/TNN/Research/R33_NATIVE_N17_R27_CONTINUITY/FINAL_B_20260915_1409/N17_REFRESH/logs/receipt_compiler.stderr	0	e3b0c44298fc1c149afbf4c8996fb92427ae41e4649b934ca495991b7852b855
FILE	/Users/Shared/micah/Documents/TNN/TNN/Research/R33_NATIVE_N17_R27_CONTINUITY/FINAL_B_20260915_1409/N17_REFRESH/logs/member_18_0.stderr	0	e3b0c44298fc1c149afbf4c8996fb92427ae41e4649b934ca495991b7852b855
FILE	/Users/Shared/micah/Documents/TNN/TNN/Research/R33_NATIVE_N17_R27_CONTINUITY/FINAL_B_20260915_1409/N17_REFRESH/logs/expanded_55_48.stderr	0	e3b0c44298fc1c149afbf4c8996fb92427ae41e4649b934ca495991b7852b855
FILE	/Users/Shared/micah/Documents/TNN/TNN/Research/R33_NATIVE_N17_R27_CONTINUITY/FINAL_B_20260915_1409/N17_REFRESH/logs/expanded_17_213.stdout	2121	1e27727066ef7140ddbc0144f2627edeb1b240fde5aaa9c7c2a295fd1e1b061b
FILE	/Users/Shared/micah/Documents/TNN/TNN/Research/R33_NATIVE_N17_R27_CONTINUITY/FINAL_B_20260915_1409/N17_REFRESH/logs/expanded_9_72.stderr	0	e3b0c44298fc1c149afbf4c8996fb92427ae41e4649b934ca495991b7852b855
FILE	/Users/Shared/micah/Documents/TNN/TNN/Research/R33_NATIVE_N17_R27_CONTINUITY/FINAL_B_20260915_1409/N17_REFRESH/logs/expanded_19_220.stdout	3604	a2fc8b94be50d45491c3babf1bbaac76894c9f252de0cd7022d7fcce5525789c
FILE	/Users/Shared/micah/Documents/TNN/TNN/Research/R33_NATIVE_N17_R27_CONTINUITY/FINAL_B_20260915_1409/N17_REFRESH/logs/nested_list_5.stdout	31115	025654a8055f4c6b73fd950cb9fd041f6a59f41b5c5faadd4561c12c2f082ebf
FILE	/Users/Shared/micah/Documents/TNN/TNN/Research/R33_NATIVE_N17_R27_CONTINUITY/FINAL_B_20260915_1409/N17_REFRESH/logs/expanded_19_207.argv	132	2270b76560a4aeaceafe51ef3c1d514a070e1d1fb02fca3fb4235749621f7e86
FILE	/Users/Shared/micah/Documents/TNN/TNN/Research/R33_NATIVE_N17_R27_CONTINUITY/FINAL_B_20260915_1409/N17_REFRESH/logs/nested_member_8_528.stderr	0	e3b0c44298fc1c149afbf4c8996fb92427ae41e4649b934ca495991b7852b855
FILE	/Users/Shared/micah/Documents/TNN/TNN/Research/R33_NATIVE_N17_R27_CONTINUITY/FINAL_B_20260915_1409/N17_REFRESH/logs/expanded_38_635.stderr	0	e3b0c44298fc1c149afbf4c8996fb92427ae41e4649b934ca495991b7852b855
FILE	/Users/Shared/micah/Documents/TNN/TNN/Research/R33_NATIVE_N17_R27_CONTINUITY/FINAL_B_20260915_1409/N17_REFRESH/logs/nested_member_1_118.exit	2	9a271f2a916b0b6ee6cecb2426f0b3206ef074578be55d9bc94f6f3fe3ab86aa
FILE	/Users/Shared/micah/Documents/TNN/TNN/Research/R33_NATIVE_N17_R27_CONTINUITY/FINAL_B_20260915_1409/N17_REFRESH/logs/member_19_0.stderr	0	e3b0c44298fc1c149afbf4c8996fb92427ae41e4649b934ca495991b7852b855
FILE	/Users/Shared/micah/Documents/TNN/TNN/Research/R33_NATIVE_N17_R27_CONTINUITY/FINAL_B_20260915_1409/N17_REFRESH/logs/expanded_44_637.stdout	2933	42147a0ca6759cfbb8f6002d8f5aee22ba3aa6e4d3fc00215d743ed67610ba58
FILE	/Users/Shared/micah/Documents/TNN/TNN/Research/R33_NATIVE_N17_R27_CONTINUITY/FINAL_B_20260915_1409/N17_REFRESH/logs/archive_5.exit	2	9a271f2a916b0b6ee6cecb2426f0b3206ef074578be55d9bc94f6f3fe3ab86aa
FILE	/Users/Shared/micah/Documents/TNN/TNN/Research/R33_NATIVE_N17_R27_CONTINUITY/FINAL_B_20260915_1409/N17_REFRESH/logs/nested_member_4_139.argv	200	6db23aff6475a4cd1c57d01daa9c43733984e90ff1cbcb0ee0c7c7d870b3abc1
FILE	/Users/Shared/micah/Documents/TNN/TNN/Research/R33_NATIVE_N17_R27_CONTINUITY/FINAL_B_20260915_1409/N17_REFRESH/logs/archive_78.stderr	0	e3b0c44298fc1c149afbf4c8996fb92427ae41e4649b934ca495991b7852b855
FILE	/Users/Shared/micah/Documents/TNN/TNN/Research/R33_NATIVE_N17_R27_CONTINUITY/FINAL_B_20260915_1409/N17_REFRESH/logs/nested_member_1_118.stderr	0	e3b0c44298fc1c149afbf4c8996fb92427ae41e4649b934ca495991b7852b855
FILE	/Users/Shared/micah/Documents/TNN/TNN/Research/R33_NATIVE_N17_R27_CONTINUITY/FINAL_B_20260915_1409/N17_REFRESH/logs/archive_52.exit	2	9a271f2a916b0b6ee6cecb2426f0b3206ef074578be55d9bc94f6f3fe3ab86aa
FILE	/Users/Shared/micah/Documents/TNN/TNN/Research/R33_NATIVE_N17_R27_CONTINUITY/FINAL_B_20260915_1409/N17_REFRESH/logs/expanded_38_656.stderr	0	e3b0c44298fc1c149afbf4c8996fb92427ae41e4649b934ca495991b7852b855
FILE	/Users/Shared/micah/Documents/TNN/TNN/Research/R33_NATIVE_N17_R27_CONTINUITY/FINAL_B_20260915_1409/N17_REFRESH/logs/expanded_44_654.stdout	4907	8a5aa94f119489561a54f9887655fe66d821d7a6b42013255387c79c5b87b3b9
FILE	/Users/Shared/micah/Documents/TNN/TNN/Research/R33_NATIVE_N17_R27_CONTINUITY/FINAL_B_20260915_1409/N17_REFRESH/logs/expanded_40_29.stdout	2923	9f6e812ac2b8bdf9c5e598f2676e99388794adab47445c96dc8f0574dc572c01
FILE	/Users/Shared/micah/Documents/TNN/TNN/Research/R33_NATIVE_N17_R27_CONTINUITY/FINAL_B_20260915_1409/N17_REFRESH/logs/build_r27.stderr	0	e3b0c44298fc1c149afbf4c8996fb92427ae41e4649b934ca495991b7852b855
FILE	/Users/Shared/micah/Documents/TNN/TNN/Research/R33_NATIVE_N17_R27_CONTINUITY/FINAL_B_20260915_1409/N17_REFRESH/logs/expanded_55_34.exit	2	9a271f2a916b0b6ee6cecb2426f0b3206ef074578be55d9bc94f6f3fe3ab86aa
FILE	/Users/Shared/micah/Documents/TNN/TNN/Research/R33_NATIVE_N17_R27_CONTINUITY/FINAL_B_20260915_1409/N17_REFRESH/logs/nested_member_5_139.argv	202	1d38cb10263523ba8ac74c10c14d46587844062908795150440f34c6fd652f51
FILE	/Users/Shared/micah/Documents/TNN/TNN/Research/R33_NATIVE_N17_R27_CONTINUITY/FINAL_B_20260915_1409/N17_REFRESH/logs/expanded_38_11.exit	2	9a271f2a916b0b6ee6cecb2426f0b3206ef074578be55d9bc94f6f3fe3ab86aa
FILE	/Users/Shared/micah/Documents/TNN/TNN/Research/R33_NATIVE_N17_R27_CONTINUITY/FINAL_B_20260915_1409/N17_REFRESH/logs/build_candidates.exit	2	9a271f2a916b0b6ee6cecb2426f0b3206ef074578be55d9bc94f6f3fe3ab86aa
FILE	/Users/Shared/micah/Documents/TNN/TNN/Research/R33_NATIVE_N17_R27_CONTINUITY/FINAL_B_20260915_1409/N17_REFRESH/logs/expanded_44_628.argv	165	33c6ab0c5718911f2917d6f8dcdf9f0057a8424d2f463e7f315d17c3969e2746
FILE	/Users/Shared/micah/Documents/TNN/TNN/Research/R33_NATIVE_N17_R27_CONTINUITY/FINAL_B_20260915_1409/N17_REFRESH/logs/project_r27.stdout	0	e3b0c44298fc1c149afbf4c8996fb92427ae41e4649b934ca495991b7852b855
FILE	/Users/Shared/micah/Documents/TNN/TNN/Research/R33_NATIVE_N17_R27_CONTINUITY/FINAL_B_20260915_1409/N17_REFRESH/logs/expanded_19_204.exit	2	9a271f2a916b0b6ee6cecb2426f0b3206ef074578be55d9bc94f6f3fe3ab86aa
FILE	/Users/Shared/micah/Documents/TNN/TNN/Research/R33_NATIVE_N17_R27_CONTINUITY/FINAL_B_20260915_1409/N17_REFRESH/logs/nested_member_8_536.stderr	0	e3b0c44298fc1c149afbf4c8996fb92427ae41e4649b934ca495991b7852b855
FILE	/Users/Shared/micah/Documents/TNN/TNN/Research/R33_NATIVE_N17_R27_CONTINUITY/FINAL_B_20260915_1409/N17_REFRESH/logs/expanded_44_629.stdout	2782	9247dc35427d6aa9a267c78a98dd961e95d6f9928da31ff80302c3becda1412a
FILE	/Users/Shared/micah/Documents/TNN/TNN/Research/R33_NATIVE_N17_R27_CONTINUITY/FINAL_B_20260915_1409/N17_REFRESH/logs/policy_final.stdout	375	f8c013dfe5b959d560863b21304cfab0d74b6bbc4334c1c54485ab67d2ff545f
FILE	/Users/Shared/micah/Documents/TNN/TNN/Research/R33_NATIVE_N17_R27_CONTINUITY/FINAL_B_20260915_1409/N17_REFRESH/logs/nested_member_3_120.stdout	14964	eb519220c408b3245fc03fe8fbd23d0ee1d261a32844220faf13fdb5d8ace54d
FILE	/Users/Shared/micah/Documents/TNN/TNN/Research/R33_NATIVE_N17_R27_CONTINUITY/FINAL_B_20260915_1409/N17_REFRESH/logs/nested_member_3_112.argv	192	54d945067187dac38656ab96d1403a52560cd5214b4dde24111f0b7e3ebebfd6
FILE	/Users/Shared/micah/Documents/TNN/TNN/Research/R33_NATIVE_N17_R27_CONTINUITY/FINAL_B_20260915_1409/N17_REFRESH/logs/nested_member_3_70.exit	2	9a271f2a916b0b6ee6cecb2426f0b3206ef074578be55d9bc94f6f3fe3ab86aa
FILE	/Users/Shared/micah/Documents/TNN/TNN/Research/R33_NATIVE_N17_R27_CONTINUITY/FINAL_B_20260915_1409/N17_REFRESH/logs/expanded_47_33.stdout	3911	3e9bb78dd70a7f4ddbb6ab40f2077b3b0a3964b948ea009be2852180c34b3e30
FILE	/Users/Shared/micah/Documents/TNN/TNN/Research/R33_NATIVE_N17_R27_CONTINUITY/FINAL_B_20260915_1409/N17_REFRESH/logs/expanded_47_42.stdout	3750	56ac5f1f6c02397afccf1ed1650e6a30fa974e14bcf3eb5d0221a0815da13b61
FILE	/Users/Shared/micah/Documents/TNN/TNN/Research/R33_NATIVE_N17_R27_CONTINUITY/FINAL_B_20260915_1409/N17_REFRESH/logs/expanded_38_608.argv	162	e024004cf256ec35f47cef10c88ae1dc9ad2cbc22743d21ca7ec264050a30ec0
FILE	/Users/Shared/micah/Documents/TNN/TNN/Research/R33_NATIVE_N17_R27_CONTINUITY/FINAL_B_20260915_1409/N17_REFRESH/logs/build_repaired_exact_source_gate.stdout	248	eb6da9cf9cb8f7003a25212ecfca74c52fa7ffde81d33d323f5ca22be0a1555b
FILE	/Users/Shared/micah/Documents/TNN/TNN/Research/R33_NATIVE_N17_R27_CONTINUITY/FINAL_B_20260915_1409/N17_REFRESH/logs/build_record_corrected.stderr	0	e3b0c44298fc1c149afbf4c8996fb92427ae41e4649b934ca495991b7852b855
FILE	/Users/Shared/micah/Documents/TNN/TNN/Research/R33_NATIVE_N17_R27_CONTINUITY/FINAL_B_20260915_1409/N17_REFRESH/logs/archive_44.exit	2	9a271f2a916b0b6ee6cecb2426f0b3206ef074578be55d9bc94f6f3fe3ab86aa
FILE	/Users/Shared/micah/Documents/TNN/TNN/Research/R33_NATIVE_N17_R27_CONTINUITY/FINAL_B_20260915_1409/N17_REFRESH/logs/expanded_5_88.argv	135	a838519a15d8bb0774ef1b1f421c314249eda0a5b38135246aab14f0bb8859ac
FILE	/Users/Shared/micah/Documents/TNN/TNN/Research/R33_NATIVE_N17_R27_CONTINUITY/FINAL_B_20260915_1409/N17_REFRESH/logs/expanded_5_33.stderr	0	e3b0c44298fc1c149afbf4c8996fb92427ae41e4649b934ca495991b7852b855
FILE	/Users/Shared/micah/Documents/TNN/TNN/Research/R33_NATIVE_N17_R27_CONTINUITY/FINAL_B_20260915_1409/N17_REFRESH/logs/expanded_5_33.exit	2	9a271f2a916b0b6ee6cecb2426f0b3206ef074578be55d9bc94f6f3fe3ab86aa
FILE	/Users/Shared/micah/Documents/TNN/TNN/Research/R33_NATIVE_N17_R27_CONTINUITY/FINAL_B_20260915_1409/N17_REFRESH/logs/expanded_5_91.stdout	8504	0325d06e568b81c5b59d05ca89e7378907aa27b4d8cac9cb458bf4c465fe25ae
FILE	/Users/Shared/micah/Documents/TNN/TNN/Research/R33_NATIVE_N17_R27_CONTINUITY/FINAL_B_20260915_1409/N17_REFRESH/logs/expanded_40_25.stdout	3264	a36c5ca5fec9b3be6252f988cac931b1ec8dde56816032b65c11f5c144f310ae
FILE	/Users/Shared/micah/Documents/TNN/TNN/Research/R33_NATIVE_N17_R27_CONTINUITY/FINAL_B_20260915_1409/N17_REFRESH/logs/archive_10.argv	143	d0ef2407dbff09e5197d4d29e7d8670d6cf2503d7efeff9e20a40bd558b9897d
FILE	/Users/Shared/micah/Documents/TNN/TNN/Research/R33_NATIVE_N17_R27_CONTINUITY/FINAL_B_20260915_1409/N17_REFRESH/logs/archive_74.stderr	0	e3b0c44298fc1c149afbf4c8996fb92427ae41e4649b934ca495991b7852b855
FILE	/Users/Shared/micah/Documents/TNN/TNN/Research/R33_NATIVE_N17_R27_CONTINUITY/FINAL_B_20260915_1409/N17_REFRESH/logs/expanded_33_23.argv	179	b12445c25748a0d8844fe09c9524888083497eb585ac45ec60be4b55086c712f
FILE	/Users/Shared/micah/Documents/TNN/TNN/Research/R33_NATIVE_N17_R27_CONTINUITY/FINAL_B_20260915_1409/N17_REFRESH/logs/nested_member_2_532.stderr	0	e3b0c44298fc1c149afbf4c8996fb92427ae41e4649b934ca495991b7852b855
FILE	/Users/Shared/micah/Documents/TNN/TNN/Research/R33_NATIVE_N17_R27_CONTINUITY/FINAL_B_20260915_1409/N17_REFRESH/logs/nested_member_3_89.exit	2	9a271f2a916b0b6ee6cecb2426f0b3206ef074578be55d9bc94f6f3fe3ab86aa
FILE	/Users/Shared/micah/Documents/TNN/TNN/Research/R33_NATIVE_N17_R27_CONTINUITY/FINAL_B_20260915_1409/N17_REFRESH/logs/deep_candidate_hashes.argv	264	ace6bf26e1387901637262f70121471c1e8ec4778951153f41a23b8dff42da17
FILE	/Users/Shared/micah/Documents/TNN/TNN/Research/R33_NATIVE_N17_R27_CONTINUITY/FINAL_B_20260915_1409/N17_REFRESH/logs/expanded_52_127.argv	149	60bd4b83cde9a71f03c3bf1f0939ca4f95cb6527a20024a0dd30c0bad0b46022
FILE	/Users/Shared/micah/Documents/TNN/TNN/Research/R33_NATIVE_N17_R27_CONTINUITY/FINAL_B_20260915_1409/N17_REFRESH/logs/expanded_19_212.exit	2	9a271f2a916b0b6ee6cecb2426f0b3206ef074578be55d9bc94f6f3fe3ab86aa
FILE	/Users/Shared/micah/Documents/TNN/TNN/Research/R33_NATIVE_N17_R27_CONTINUITY/FINAL_B_20260915_1409/N17_REFRESH/logs/expanded_52_125.stdout	51851	75571c0ffbf850ae48cd5bf95f2c69c1cfa9c868ae0de078596d6722091a4520
FILE	/Users/Shared/micah/Documents/TNN/TNN/Research/R33_NATIVE_N17_R27_CONTINUITY/FINAL_B_20260915_1409/N17_REFRESH/logs/nested_member_1_89.stderr	0	e3b0c44298fc1c149afbf4c8996fb92427ae41e4649b934ca495991b7852b855
FILE	/Users/Shared/micah/Documents/TNN/TNN/Research/R33_NATIVE_N17_R27_CONTINUITY/FINAL_B_20260915_1409/N17_REFRESH/logs/expanded_44_625.stdout	1526	9c4234fbcfa96ed1c62344e49d6eb43b60601077e6231c4f4df3fd955c8dd970
FILE	/Users/Shared/micah/Documents/TNN/TNN/Research/R33_NATIVE_N17_R27_CONTINUITY/FINAL_B_20260915_1409/N17_REFRESH/logs/expanded_17_201.stdout	1980	843318a9502b4c9bfaf3c582dd7b7d7837b4101bb55418e998345644c3460ccb
FILE	/Users/Shared/micah/Documents/TNN/TNN/Research/R33_NATIVE_N17_R27_CONTINUITY/FINAL_B_20260915_1409/N17_REFRESH/logs/expanded_19_246.argv	115	d6c678ca2175c878fae2d57dba9d8ce3aca68acc35820c47b6d58db22efb4165
FILE	/Users/Shared/micah/Documents/TNN/TNN/Research/R33_NATIVE_N17_R27_CONTINUITY/FINAL_B_20260915_1409/N17_REFRESH/logs/expanded_9_60.stderr	0	e3b0c44298fc1c149afbf4c8996fb92427ae41e4649b934ca495991b7852b855
FILE	/Users/Shared/micah/Documents/TNN/TNN/Research/R33_NATIVE_N17_R27_CONTINUITY/FINAL_B_20260915_1409/N17_REFRESH/logs/receipt_canonical.stdout	136	4382a2876d26db4ea78fed487ee0f3f8512ef9744a92e86abf56f9ad7d5c30a6
FILE	/Users/Shared/micah/Documents/TNN/TNN/Research/R33_NATIVE_N17_R27_CONTINUITY/FINAL_B_20260915_1409/N17_REFRESH/logs/nested_member_4_528.argv	195	f3b43f1ce980cd7b3d56a0e62a09a4a5c4089d776d663f05160192be25869826
FILE	/Users/Shared/micah/Documents/TNN/TNN/Research/R33_NATIVE_N17_R27_CONTINUITY/FINAL_B_20260915_1409/N17_REFRESH/logs/nested_member_7_530.stderr	0	e3b0c44298fc1c149afbf4c8996fb92427ae41e4649b934ca495991b7852b855
FILE	/Users/Shared/micah/Documents/TNN/TNN/Research/R33_NATIVE_N17_R27_CONTINUITY/FINAL_B_20260915_1409/N17_REFRESH/logs/expanded_47_48.exit	2	9a271f2a916b0b6ee6cecb2426f0b3206ef074578be55d9bc94f6f3fe3ab86aa
FILE	/Users/Shared/micah/Documents/TNN/TNN/Research/R33_NATIVE_N17_R27_CONTINUITY/FINAL_B_20260915_1409/N17_REFRESH/logs/expanded_38_644.stderr	0	e3b0c44298fc1c149afbf4c8996fb92427ae41e4649b934ca495991b7852b855
FILE	/Users/Shared/micah/Documents/TNN/TNN/Research/R33_NATIVE_N17_R27_CONTINUITY/FINAL_B_20260915_1409/N17_REFRESH/logs/expanded_44_646.stdout	2634	ad334f1edd377e5797a6b1835894fa06064d6dada537fcea2bfaf13e228e0dc5
FILE	/Users/Shared/micah/Documents/TNN/TNN/Research/R33_NATIVE_N17_R27_CONTINUITY/FINAL_B_20260915_1409/N17_REFRESH/logs/archive_13.exit	2	9a271f2a916b0b6ee6cecb2426f0b3206ef074578be55d9bc94f6f3fe3ab86aa
FILE	/Users/Shared/micah/Documents/TNN/TNN/Research/R33_NATIVE_N17_R27_CONTINUITY/FINAL_B_20260915_1409/N17_REFRESH/logs/nested_member_5_528.argv	197	a29aff00fb9d31f4a9a0c126955ae03958f1a61aff77526e2b7a51297a26f176
FILE	/Users/Shared/micah/Documents/TNN/TNN/Research/R33_NATIVE_N17_R27_CONTINUITY/FINAL_B_20260915_1409/N17_REFRESH/logs/expanded_44_746.stdout	5300	0d2b0d5609ca3b7db06a3feeb1c26adc2e895e0583cab3c7cc52112545c797a6
FILE	/Users/Shared/micah/Documents/TNN/TNN/Research/R33_NATIVE_N17_R27_CONTINUITY/FINAL_B_20260915_1409/N17_REFRESH/logs/expanded_55_39.stderr	0	e3b0c44298fc1c149afbf4c8996fb92427ae41e4649b934ca495991b7852b855
FILE	/Users/Shared/micah/Documents/TNN/TNN/Research/R33_NATIVE_N17_R27_CONTINUITY/FINAL_B_20260915_1409/N17_REFRESH/logs/nested_member_3_77.stderr	0	e3b0c44298fc1c149afbf4c8996fb92427ae41e4649b934ca495991b7852b855
FILE	/Users/Shared/micah/Documents/TNN/TNN/Research/R33_NATIVE_N17_R27_CONTINUITY/FINAL_B_20260915_1409/N17_REFRESH/logs/archive_47.argv	137	ae8ec3059bfce105f2bea8fdfdc80a5999e80690240a07194ee4e39efaa2d7a6
FILE	/Users/Shared/micah/Documents/TNN/TNN/Research/R33_NATIVE_N17_R27_CONTINUITY/FINAL_B_20260915_1409/N17_REFRESH/logs/expanded_11_29.stderr	0	e3b0c44298fc1c149afbf4c8996fb92427ae41e4649b934ca495991b7852b855
FILE	/Users/Shared/micah/Documents/TNN/TNN/Research/R33_NATIVE_N17_R27_CONTINUITY/FINAL_B_20260915_1409/N17_REFRESH/logs/source_gate_missing.stdout	0	e3b0c44298fc1c149afbf4c8996fb92427ae41e4649b934ca495991b7852b855
FILE	/Users/Shared/micah/Documents/TNN/TNN/Research/R33_NATIVE_N17_R27_CONTINUITY/FINAL_B_20260915_1409/N17_REFRESH/logs/expanded_54_37.stdout	3849	5cbf70ad680c7de339f7d1a57d90a4bf6814d94a596052dfbe495256d7c8a71d
FILE	/Users/Shared/micah/Documents/TNN/TNN/Research/R33_NATIVE_N17_R27_CONTINUITY/FINAL_B_20260915_1409/N17_REFRESH/logs/nested_member_6_417.stderr	0	e3b0c44298fc1c149afbf4c8996fb92427ae41e4649b934ca495991b7852b855
FILE	/Users/Shared/micah/Documents/TNN/TNN/Research/R33_NATIVE_N17_R27_CONTINUITY/FINAL_B_20260915_1409/N17_REFRESH/logs/nested_member_1_58.argv	220	0e296f87cb85c97890a8484cddb39a06d5756dcbde1ce112947a7117e085ac6b
FILE	/Users/Shared/micah/Documents/TNN/TNN/Research/R33_NATIVE_N17_R27_CONTINUITY/FINAL_B_20260915_1409/N17_REFRESH/logs/expanded_38_639.stderr	0	e3b0c44298fc1c149afbf4c8996fb92427ae41e4649b934ca495991b7852b855
FILE	/Users/Shared/micah/Documents/TNN/TNN/Research/R33_NATIVE_N17_R27_CONTINUITY/FINAL_B_20260915_1409/N17_REFRESH/logs/archive_17.stderr	0	e3b0c44298fc1c149afbf4c8996fb92427ae41e4649b934ca495991b7852b855
FILE	/Users/Shared/micah/Documents/TNN/TNN/Research/R33_NATIVE_N17_R27_CONTINUITY/FINAL_B_20260915_1409/N17_REFRESH/logs/build_independent_admission_tests.argv	403	fc194bdb38f029d412c5cba83079b589caca4880a83b0c729d6e0aedacea871e
FILE	/Users/Shared/micah/Documents/TNN/TNN/Research/R33_NATIVE_N17_R27_CONTINUITY/FINAL_B_20260915_1409/N17_REFRESH/logs/expanded_52_124.exit	2	9a271f2a916b0b6ee6cecb2426f0b3206ef074578be55d9bc94f6f3fe3ab86aa
FILE	/Users/Shared/micah/Documents/TNN/TNN/Research/R33_NATIVE_N17_R27_CONTINUITY/FINAL_B_20260915_1409/N17_REFRESH/logs/expanded_19_211.argv	123	c29f33a63e4cbc0b5db927d71aa0c20a5ab42e87549bc04b564623c8b254edd1
FILE	/Users/Shared/micah/Documents/TNN/TNN/Research/R33_NATIVE_N17_R27_CONTINUITY/FINAL_B_20260915_1409/N17_REFRESH/logs/expanded_10_27.stdout	8025	157a01904f930203f9c93dc9323821103bd1b6f9e5476adbe051b601e3863fb0
FILE	/Users/Shared/micah/Documents/TNN/TNN/Research/R33_NATIVE_N17_R27_CONTINUITY/FINAL_B_20260915_1409/N17_REFRESH/logs/build_rows.stderr	0	e3b0c44298fc1c149afbf4c8996fb92427ae41e4649b934ca495991b7852b855
FILE	/Users/Shared/micah/Documents/TNN/TNN/Research/R33_NATIVE_N17_R27_CONTINUITY/FINAL_B_20260915_1409/N17_REFRESH/logs/expanded_4_23.stdout	12208	cdc03ff41d67d3bf31720b25d10ac2ecf8e4de3e23cd21feffc4fdc7b4f3b8c9
FILE	/Users/Shared/micah/Documents/TNN/TNN/Research/R33_NATIVE_N17_R27_CONTINUITY/FINAL_B_20260915_1409/N17_REFRESH/logs/expanded_46_119.argv	146	fb13299d1e2d4f25d0fab9b8e7e60db4e267a0a9283dbf1344ed997797748e56
