admit-V2-A-clean-0000	admit	0	1	1	1	1	931	15	0	0	1000	111	1000	0
admit-V2-A-clean-0000	admit	0	2	1	1	1	931	15	0	0	1000	111	1000	0
admit-V2-A-clean-0000	admit	0	4	1	1	1	931	15	0	0	1000	111	1000	0
admit-V2-A-clean-0000	admit	0	8	1	1	1	931	15	0	0	1000	111	1000	0
admit-V2-A-clean-0000	admit	0	16	1	1	1	931	15	0	0	1000	111	1000	0
admit-V2-A-clean-0001	admit	0	1	1	1	1	931	15	0	0	500	111	1000	0
admit-V2-A-clean-0001	admit	0	2	2	1	1	1000	31	0	150	1000	111	1000	0
admit-V2-A-clean-0001	admit	0	4	2	1	1	1000	31	0	150	1000	111	1000	0
admit-V2-A-clean-0001	admit	0	8	2	1	1	1000	31	0	150	1000	111	1000	0
admit-V2-A-clean-0001	admit	0	16	2	1	1	1000	31	0	150	1000	111	1000	0
admit-V2-A-clean-0002	admit	0	1	1	1	1	931	15	0	0	333	111	1000	0
admit-V2-A-clean-0002	admit	0	2	2	1	1	1000	31	0	150	666	111	1000	0
admit-V2-A-clean-0002	admit	0	4	3	1	1	1000	46	0	624	1000	111	1000	0
admit-V2-A-clean-0002	admit	0	8	3	1	1	1000	46	0	624	1000	111	1000	0
admit-V2-A-clean-0002	admit	0	16	3	1	1	1000	46	0	624	1000	111	1000	0
admit-V2-A-clean-0004	admit	0	1	1	1	1	931	15	0	0	200	111	1000	0
admit-V2-A-clean-0004	admit	0	2	2	1	1	1000	31	0	150	400	111	1000	0
admit-V2-A-clean-0004	admit	0	4	4	1	1	1000	62	0	754	800	111	1000	0
admit-V2-A-clean-0004	admit	0	8	5	1	1	1000	78	0	942	1000	111	1000	0
admit-V2-A-clean-0004	admit	0	16	5	1	1	1000	78	0	942	1000	111	1000	0
admit-V2-A-clean-0006	admit	0	1	1	1	1	931	15	0	0	142	111	1000	0
admit-V2-A-clean-0006	admit	0	2	2	1	1	1000	31	0	150	285	111	1000	0
admit-V2-A-clean-0006	admit	0	4	4	1	1	1000	62	0	754	571	111	1000	0
admit-V2-A-clean-0006	admit	0	8	7	1	1	1000	109	0	657	1000	111	1000	0
admit-V2-A-clean-0006	admit	0	16	7	1	1	1000	109	0	657	1000	111	1000	0
admit-V2-A-clean-0016	admit	0	1	1	1	1	931	15	0	0	58	111	1000	0
admit-V2-A-clean-0016	admit	0	2	2	1	1	1000	31	0	150	117	111	1000	0
admit-V2-A-clean-0016	admit	0	4	4	1	1	1000	62	0	754	235	111	1000	0
admit-V2-A-clean-0016	admit	0	8	8	1	1	1000	125	0	921	470	111	1000	0
admit-V2-A-clean-0016	admit	0	16	16	1	1	1000	250	0	788	941	111	1000	0
admit-V2-A-clean-0020	admit	0	1	1	1	1	931	15	0	0	47	111	1000	0
admit-V2-A-clean-0020	admit	0	2	2	1	1	1000	31	0	150	95	111	1000	0
admit-V2-A-clean-0020	admit	0	4	4	1	1	1000	62	0	754	190	111	1000	0
admit-V2-A-clean-0020	admit	0	8	8	1	1	1000	125	0	921	380	111	1000	0
admit-V2-A-clean-0020	admit	0	16	16	1	1	1000	250	0	788	761	111	1000	0
admit-V2-A-clean-0029	admit	0	1	1	1	1	931	15	0	0	33	111	1000	0
admit-V2-A-clean-0029	admit	0	2	2	1	1	1000	31	0	150	66	111	1000	0
admit-V2-A-clean-0029	admit	0	4	4	1	1	1000	62	0	754	133	111	1000	0
admit-V2-A-clean-0029	admit	0	8	8	1	1	1000	125	0	921	266	111	1000	0
admit-V2-A-clean-0029	admit	0	16	16	1	1	1000	250	0	788	533	111	1000	0
admit-V2-A-clean-0038	admit	0	1	1	1	1	931	15	0	0	25	111	1000	0
admit-V2-A-clean-0038	admit	0	2	2	1	1	1000	31	0	150	51	111	1000	0
admit-V2-A-clean-0038	admit	0	4	4	1	1	1000	62	0	754	102	111	1000	0
admit-V2-A-clean-0038	admit	0	8	8	1	1	1000	125	0	921	205	111	1000	0
admit-V2-A-clean-0038	admit	0	16	16	1	1	1000	250	0	788	410	111	1000	0
admit-V2-A-clean-0040	admit	0	1	1	1	1	931	15	0	0	24	111	1000	0
admit-V2-A-clean-0040	admit	0	2	2	1	1	1000	31	0	150	48	111	1000	0
admit-V2-A-clean-0040	admit	0	4	4	1	1	1000	62	0	754	97	111	1000	0
admit-V2-A-clean-0040	admit	0	8	8	1	1	1000	125	0	921	195	111	1000	0
admit-V2-A-clean-0040	admit	0	16	16	1	1	1000	250	0	788	390	111	1000	0
admit-V2-A-clean-0047	admit	0	1	1	1	1	931	15	0	0	20	111	1000	0
admit-V2-A-clean-0047	admit	0	2	2	1	1	1000	31	0	150	41	111	1000	0
admit-V2-A-clean-0047	admit	0	4	4	1	1	1000	62	0	754	83	111	1000	0
admit-V2-A-clean-0047	admit	0	8	8	1	1	1000	125	0	921	166	111	1000	0
admit-V2-A-clean-0047	admit	0	16	16	1	1	1000	250	0	788	333	111	1000	0
admit-V2-A-clean-0059	admit	0	1	1	1	1	425	15	0	0	83	1000	0	0
admit-V2-A-clean-0059	admit	0	2	2	1	1	469	31	0	44	166	1000	0	0
admit-V2-A-clean-0059	admit	0	4	4	1	1	1000	62	0	657	333	111	1000	0
admit-V2-A-clean-0059	admit	0	8	8	1	1	1000	125	0	25	666	111	1000	0
admit-V2-A-clean-0059	admit	0	16	12	1	1	1000	187	0	656	1000	111	1000	0
admit-V2-A-clean-0060	admit	0	1	1	1	1	425	15	0	0	76	1000	0	0
admit-V2-A-clean-0060	admit	0	2	2	1	1	469	31	0	44	153	1000	0	0
admit-V2-A-clean-0060	admit	0	4	4	1	1	1000	62	0	657	307	111	1000	0
admit-V2-A-clean-0060	admit	0	8	8	1	1	1000	125	0	25	615	111	1000	0
admit-V2-A-clean-0060	admit	0	16	13	1	1	1000	203	0	657	1000	111	1000	0
admit-V2-A-clean-0066	admit	0	1	1	1	1	425	15	0	0	52	1000	0	0
admit-V2-A-clean-0066	admit	0	2	2	1	1	469	31	0	44	105	1000	0	0
admit-V2-A-clean-0066	admit	0	4	4	1	1	1000	62	0	657	210	111	1000	0
admit-V2-A-clean-0066	admit	0	8	8	1	1	1000	125	0	25	421	111	1000	0
admit-V2-A-clean-0066	admit	0	16	16	1	1	1000	250	0	654	842	111	1000	0
admit-V2-A-clean-0072	admit	0	1	1	1	1	425	15	0	0	40	1000	0	0
admit-V2-A-clean-0072	admit	0	2	2	1	1	469	31	0	44	80	1000	0	0
admit-V2-A-clean-0072	admit	0	4	4	1	1	1000	62	0	657	160	111	1000	0
admit-V2-A-clean-0072	admit	0	8	8	1	1	1000	125	0	25	320	111	1000	0
admit-V2-A-clean-0072	admit	0	16	16	1	1	1000	250	0	654	640	111	1000	0
admit-V2-A-clean-0077	admit	0	1	1	1	1	425	15	0	0	33	1000	0	0
admit-V2-A-clean-0077	admit	0	2	2	1	1	469	31	0	44	66	1000	0	0
admit-V2-A-clean-0077	admit	0	4	4	1	1	1000	62	0	657	133	111	1000	0
admit-V2-A-clean-0077	admit	0	8	8	1	1	1000	125	0	25	266	111	1000	0
admit-V2-A-clean-0077	admit	0	16	16	1	1	1000	250	0	654	533	111	1000	0
admit-V2-A-clean-0081	admit	0	1	1	1	1	425	15	0	0	29	1000	0	0
admit-V2-A-clean-0081	admit	0	2	2	1	1	469	31	0	44	58	1000	0	0
admit-V2-A-clean-0081	admit	0	4	4	1	1	1000	62	0	657	117	111	1000	0
admit-V2-A-clean-0081	admit	0	8	8	1	1	1000	125	0	25	235	111	1000	0
admit-V2-A-clean-0081	admit	0	16	16	1	1	1000	250	0	654	470	111	1000	0
admit-V2-A-clean-0090	admit	0	1	1	1	1	425	15	0	0	23	1000	0	0
admit-V2-A-clean-0090	admit	0	2	2	1	1	469	31	0	44	46	1000	0	0
admit-V2-A-clean-0090	admit	0	4	4	1	1	1000	62	0	657	93	111	1000	0
admit-V2-A-clean-0090	admit	0	8	8	1	1	1000	125	0	25	186	111	1000	0
admit-V2-A-clean-0090	admit	0	16	16	1	1	1000	250	0	654	372	111	1000	0
admit-V2-A-clean-0095	admit	0	1	1	1	1	425	15	0	0	20	1000	0	0
admit-V2-A-clean-0095	admit	0	2	2	1	1	469	31	0	44	41	1000	0	0
admit-V2-A-clean-0095	admit	0	4	4	1	1	1000	62	0	657	83	111	1000	0
admit-V2-A-clean-0095	admit	0	8	8	1	1	1000	125	0	25	166	111	1000	0
admit-V2-A-clean-0095	admit	0	16	16	1	1	1000	250	0	654	333	111	1000	0
admit-V2-A-clean-0099	admit	0	1	1	1	1	763	15	0	0	250	1000	0	0
admit-V2-A-clean-0099	admit	0	2	2	1	1	1000	31	0	942	500	111	1000	0
admit-V2-A-clean-0099	admit	0	4	4	1	1	1000	62	0	743	1000	111	1000	0
admit-V2-A-clean-0099	admit	0	8	4	1	1	1000	62	0	743	1000	111	1000	0
admit-V2-A-clean-0099	admit	0	16	4	1	1	1000	62	0	743	1000	111	1000	0
admit-V2-A-decoy-0000	admit	0	1	1	1	1	710	15	0	0	1000	1000	0	0
admit-V2-A-decoy-0000	admit	0	2	2	1	1	710	31	0	0	1000	1000	0	0
admit-V2-A-decoy-0000	admit	0	4	2	1	1	710	31	0	0	1000	1000	0	0
admit-V2-A-decoy-0000	admit	0	8	2	1	1	710	31	0	0	1000	1000	0	0
admit-V2-A-decoy-0000	admit	0	16	2	1	1	710	31	0	0	1000	1000	0	0
admit-V2-A-decoy-0001	admit	0	1	1	1	1	710	15	0	0	500	1000	0	0
admit-V2-A-decoy-0001	admit	0	2	2	1	1	1000	31	0	711	1000	111	1000	0
admit-V2-A-decoy-0001	admit	0	4	2	1	1	1000	31	0	711	1000	111	1000	0
admit-V2-A-decoy-0001	admit	0	8	2	1	1	1000	31	0	711	1000	111	1000	0
admit-V2-A-decoy-0001	admit	0	16	2	1	1	1000	31	0	711	1000	111	1000	0
admit-V2-A-decoy-0002	admit	0	1	1	1	1	710	15	0	0	333	1000	0	0
admit-V2-A-decoy-0002	admit	0	2	2	1	1	1000	31	0	711	666	111	1000	0
admit-V2-A-decoy-0002	admit	0	4	3	1	1	1000	46	0	743	1000	111	1000	0
admit-V2-A-decoy-0002	admit	0	8	3	1	1	1000	46	0	743	1000	111	1000	0
admit-V2-A-decoy-0002	admit	0	16	3	1	1	1000	46	0	743	1000	111	1000	0
admit-V2-A-decoy-0003	admit	0	1	1	1	1	710	15	0	0	250	1000	0	0
admit-V2-A-decoy-0003	admit	0	2	2	1	1	1000	31	0	711	500	111	1000	0
admit-V2-A-decoy-0003	admit	0	4	4	1	1	1000	62	0	763	1000	111	1000	0
admit-V2-A-decoy-0003	admit	0	8	4	1	1	1000	62	0	763	1000	111	1000	0
admit-V2-A-decoy-0003	admit	0	16	4	1	1	1000	62	0	763	1000	111	1000	0
admit-V2-A-decoy-0004	admit	0	1	1	1	1	710	15	0	0	200	1000	0	0
admit-V2-A-decoy-0004	admit	0	2	2	1	1	1000	31	0	711	400	111	1000	0
admit-V2-A-decoy-0004	admit	0	4	4	1	1	1000	62	0	763	800	111	1000	0
admit-V2-A-decoy-0004	admit	0	8	5	1	1	1000	78	0	874	1000	111	1000	0
admit-V2-A-decoy-0004	admit	0	16	5	1	1	1000	78	0	874	1000	111	1000	0
admit-V2-A-decoy-0005	admit	0	1	1	1	1	710	15	0	0	166	1000	0	0
admit-V2-A-decoy-0005	admit	0	2	2	1	1	1000	31	0	711	333	111	1000	0
admit-V2-A-decoy-0005	admit	0	4	4	1	1	1000	62	0	763	666	111	1000	0
admit-V2-A-decoy-0005	admit	0	8	6	1	1	1000	93	0	874	1000	111	1000	0
admit-V2-A-decoy-0005	admit	0	16	6	1	1	1000	93	0	874	1000	111	1000	0
admit-V2-A-decoy-0006	admit	0	1	1	1	1	710	15	0	0	142	1000	0	0
admit-V2-A-decoy-0006	admit	0	2	2	1	1	1000	31	0	711	285	111	1000	0
admit-V2-A-decoy-0006	admit	0	4	4	1	1	1000	62	0	763	571	111	1000	0
admit-V2-A-decoy-0006	admit	0	8	7	1	1	1000	109	0	884	1000	111	1000	0
admit-V2-A-decoy-0006	admit	0	16	7	1	1	1000	109	0	884	1000	111	1000	0
admit-V2-A-decoy-0007	admit	0	1	1	1	1	710	15	0	0	125	1000	0	0
admit-V2-A-decoy-0007	admit	0	2	2	1	1	1000	31	0	711	250	111	1000	0
admit-V2-A-decoy-0007	admit	0	4	4	1	1	1000	62	0	763	500	111	1000	0
admit-V2-A-decoy-0007	admit	0	8	8	1	1	1000	125	0	887	1000	111	1000	0
admit-V2-A-decoy-0007	admit	0	16	8	1	1	1000	125	0	887	1000	111	1000	0
admit-V2-A-decoy-0008	admit	0	1	1	1	1	710	15	0	0	111	1000	0	0
admit-V2-A-decoy-0008	admit	0	2	2	1	1	1000	31	0	711	222	111	1000	0
admit-V2-A-decoy-0008	admit	0	4	4	1	1	1000	62	0	763	444	111	1000	0
admit-V2-A-decoy-0008	admit	0	8	8	1	1	1000	125	0	887	888	111	1000	0
admit-V2-A-decoy-0008	admit	0	16	9	1	1	1000	140	0	896	1000	111	1000	0
admit-V2-A-decoy-0009	admit	0	1	1	1	1	710	15	0	0	100	1000	0	0
admit-V2-A-decoy-0009	admit	0	2	2	1	1	1000	31	0	711	200	111	1000	0
admit-V2-A-decoy-0009	admit	0	4	4	1	1	1000	62	0	763	400	111	1000	0
admit-V2-A-decoy-0009	admit	0	8	8	1	1	1000	125	0	887	800	111	1000	0
admit-V2-A-decoy-0009	admit	0	16	10	1	1	1000	156	0	898	1000	111	1000	0
admit-V2-A-decoy-0010	admit	0	1	1	1	1	710	15	0	0	90	1000	0	0
admit-V2-A-decoy-0010	admit	0	2	2	1	1	1000	31	0	711	181	111	1000	0
admit-V2-A-decoy-0010	admit	0	4	4	1	1	1000	62	0	763	363	111	1000	0
admit-V2-A-decoy-0010	admit	0	8	8	1	1	1000	125	0	887	727	111	1000	0
admit-V2-A-decoy-0010	admit	0	16	11	1	1	1000	171	0	933	1000	111	1000	0
admit-V2-A-decoy-0011	admit	0	1	1	1	1	710	15	0	0	83	1000	0	0
admit-V2-A-decoy-0011	admit	0	2	2	1	1	1000	31	0	711	166	111	1000	0
admit-V2-A-decoy-0011	admit	0	4	4	1	1	1000	62	0	763	333	111	1000	0
admit-V2-A-decoy-0011	admit	0	8	8	1	1	1000	125	0	887	666	111	1000	0
admit-V2-A-decoy-0011	admit	0	16	12	1	1	1000	187	0	933	1000	111	1000	0
admit-V2-A-decoy-0012	admit	0	1	1	1	1	710	15	0	0	76	1000	0	0
admit-V2-A-decoy-0012	admit	0	2	2	1	1	1000	31	0	711	153	111	1000	0
admit-V2-A-decoy-0012	admit	0	4	4	1	1	1000	62	0	763	307	111	1000	0
admit-V2-A-decoy-0012	admit	0	8	8	1	1	1000	125	0	887	615	111	1000	0
admit-V2-A-decoy-0012	admit	0	16	13	1	1	1000	203	0	934	1000	111	1000	0
admit-V2-A-decoy-0013	admit	0	1	1	1	1	710	15	0	0	71	1000	0	0
admit-V2-A-decoy-0013	admit	0	2	2	1	1	1000	31	0	711	142	111	1000	0
admit-V2-A-decoy-0013	admit	0	4	4	1	1	1000	62	0	763	285	111	1000	0
admit-V2-A-decoy-0013	admit	0	8	8	1	1	1000	125	0	887	571	111	1000	0
admit-V2-A-decoy-0013	admit	0	16	14	1	1	1000	218	0	937	1000	111	1000	0
admit-V2-A-decoy-0014	admit	0	1	1	1	1	710	15	0	0	66	1000	0	0
admit-V2-A-decoy-0014	admit	0	2	2	1	1	1000	31	0	711	133	111	1000	0
admit-V2-A-decoy-0014	admit	0	4	4	1	1	1000	62	0	763	266	111	1000	0
admit-V2-A-decoy-0014	admit	0	8	8	1	1	1000	125	0	887	533	111	1000	0
admit-V2-A-decoy-0014	admit	0	16	15	1	1	1000	234	0	942	1000	111	1000	0
admit-V2-A-decoy-0015	admit	0	1	1	1	1	710	15	0	0	62	1000	0	0
admit-V2-A-decoy-0015	admit	0	2	2	1	1	1000	31	0	711	125	111	1000	0
admit-V2-A-decoy-0015	admit	0	4	4	1	1	1000	62	0	763	250	111	1000	0
admit-V2-A-decoy-0015	admit	0	8	8	1	1	1000	125	0	887	500	111	1000	0
admit-V2-A-decoy-0015	admit	0	16	16	1	1	1000	250	0	949	1000	111	1000	0
admit-V2-A-decoy-0016	admit	0	1	1	1	1	710	15	0	0	58	1000	0	0
admit-V2-A-decoy-0016	admit	0	2	2	1	1	1000	31	0	711	117	111	1000	0
admit-V2-A-decoy-0016	admit	0	4	4	1	1	1000	62	0	763	235	111	1000	0
admit-V2-A-decoy-0016	admit	0	8	8	1	1	1000	125	0	887	470	111	1000	0
admit-V2-A-decoy-0016	admit	0	16	16	1	1	1000	250	0	949	941	111	1000	0
admit-V2-A-decoy-0017	admit	0	1	1	1	1	710	15	0	0	55	1000	0	0
admit-V2-A-decoy-0017	admit	0	2	2	1	1	1000	31	0	711	111	111	1000	0
admit-V2-A-decoy-0017	admit	0	4	4	1	1	1000	62	0	763	222	111	1000	0
admit-V2-A-decoy-0017	admit	0	8	8	1	1	1000	125	0	887	444	111	1000	0
admit-V2-A-decoy-0017	admit	0	16	16	1	1	1000	250	0	949	888	111	1000	0
admit-V2-A-decoy-0018	admit	0	1	1	1	1	710	15	0	0	52	1000	0	0
admit-V2-A-decoy-0018	admit	0	2	2	1	1	1000	31	0	711	105	111	1000	0
admit-V2-A-decoy-0018	admit	0	4	4	1	1	1000	62	0	763	210	111	1000	0
admit-V2-A-decoy-0018	admit	0	8	8	1	1	1000	125	0	887	421	111	1000	0
admit-V2-A-decoy-0018	admit	0	16	16	1	1	1000	250	0	949	842	111	1000	0
admit-V2-A-decoy-0019	admit	0	1	1	1	1	931	15	0	0	1000	111	1000	0
admit-V2-A-decoy-0019	admit	0	2	1	1	1	931	15	0	0	1000	111	1000	0
admit-V2-A-decoy-0019	admit	0	4	1	1	1	931	15	0	0	1000	111	1000	0
admit-V2-A-decoy-0019	admit	0	8	1	1	1	931	15	0	0	1000	111	1000	0
admit-V2-A-decoy-0019	admit	0	16	1	1	1	931	15	0	0	1000	111	1000	0
admit-V2-A-decoy-0020	admit	0	1	1	1	1	931	15	0	0	500	111	1000	0
admit-V2-A-decoy-0020	admit	0	2	2	1	1	1000	31	0	946	1000	111	1000	0
admit-V2-A-decoy-0020	admit	0	4	2	1	1	1000	31	0	946	1000	111	1000	0
admit-V2-A-decoy-0020	admit	0	8	2	1	1	1000	31	0	946	1000	111	1000	0
admit-V2-A-decoy-0020	admit	0	16	2	1	1	1000	31	0	946	1000	111	1000	0
admit-V2-A-decoy-0021	admit	0	1	1	1	1	931	15	0	0	333	111	1000	0
admit-V2-A-decoy-0021	admit	0	2	2	1	1	1000	31	0	946	666	111	1000	0
admit-V2-A-decoy-0021	admit	0	4	3	1	1	1000	46	0	948	1000	111	1000	0
admit-V2-A-decoy-0021	admit	0	8	3	1	1	1000	46	0	948	1000	111	1000	0
admit-V2-A-decoy-0021	admit	0	16	3	1	1	1000	46	0	948	1000	111	1000	0
admit-V2-A-decoy-0022	admit	0	1	1	1	1	931	15	0	0	250	111	1000	0
admit-V2-A-decoy-0022	admit	0	2	2	1	1	1000	31	0	946	500	111	1000	0
admit-V2-A-decoy-0022	admit	0	4	4	1	1	1000	62	0	754	1000	111	1000	0
admit-V2-A-decoy-0022	admit	0	8	4	1	1	1000	62	0	754	1000	111	1000	0
admit-V2-A-decoy-0022	admit	0	16	4	1	1	1000	62	0	754	1000	111	1000	0
admit-V2-A-decoy-0023	admit	0	1	1	1	1	931	15	0	0	200	111	1000	0
admit-V2-A-decoy-0023	admit	0	2	2	1	1	1000	31	0	946	400	111	1000	0
admit-V2-A-decoy-0023	admit	0	4	4	1	1	1000	62	0	754	800	111	1000	0
admit-V2-A-decoy-0023	admit	0	8	5	1	1	1000	78	0	754	1000	111	1000	0
admit-V2-A-decoy-0023	admit	0	16	5	1	1	1000	78	0	754	1000	111	1000	0
admit-V2-A-decoy-0024	admit	0	1	1	1	1	931	15	0	0	166	111	1000	0
admit-V2-A-decoy-0024	admit	0	2	2	1	1	1000	31	0	946	333	111	1000	0
admit-V2-A-decoy-0024	admit	0	4	4	1	1	1000	62	0	754	666	111	1000	0
admit-V2-A-decoy-0024	admit	0	8	6	1	1	1000	93	0	777	1000	111	1000	0
admit-V2-A-decoy-0024	admit	0	16	6	1	1	1000	93	0	777	1000	111	1000	0
admit-V2-A-decoy-0025	admit	0	1	1	1	1	931	15	0	0	142	111	1000	0
admit-V2-A-decoy-0025	admit	0	2	2	1	1	1000	31	0	946	285	111	1000	0
admit-V2-A-decoy-0025	admit	0	4	4	1	1	1000	62	0	754	571	111	1000	0
admit-V2-A-decoy-0025	admit	0	8	7	1	1	1000	109	0	862	1000	111	1000	0
admit-V2-A-decoy-0025	admit	0	16	7	1	1	1000	109	0	862	1000	111	1000	0
admit-V2-A-decoy-0026	admit	0	1	1	1	1	931	15	0	0	125	111	1000	0
admit-V2-A-decoy-0026	admit	0	2	2	1	1	1000	31	0	946	250	111	1000	0
admit-V2-A-decoy-0026	admit	0	4	4	1	1	1000	62	0	754	500	111	1000	0
admit-V2-A-decoy-0026	admit	0	8	8	1	1	1000	125	0	901	1000	111	1000	0
admit-V2-A-decoy-0026	admit	0	16	8	1	1	1000	125	0	901	1000	111	1000	0
admit-V2-A-decoy-0027	admit	0	1	1	1	1	931	15	0	0	111	111	1000	0
admit-V2-A-decoy-0027	admit	0	2	2	1	1	1000	31	0	946	222	111	1000	0
admit-V2-A-decoy-0027	admit	0	4	4	1	1	1000	62	0	754	444	111	1000	0
admit-V2-A-decoy-0027	admit	0	8	8	1	1	1000	125	0	901	888	111	1000	0
admit-V2-A-decoy-0027	admit	0	16	9	1	1	1000	140	0	917	1000	111	1000	0
admit-V2-A-decoy-0028	admit	0	1	1	1	1	764	15	0	0	1000	1000	0	0
admit-V2-A-decoy-0028	admit	0	2	2	1	1	764	31	0	0	1000	1000	0	0
admit-V2-A-decoy-0028	admit	0	4	2	1	1	764	31	0	0	1000	1000	0	0
admit-V2-A-decoy-0028	admit	0	8	2	1	1	764	31	0	0	1000	1000	0	0
admit-V2-A-decoy-0028	admit	0	16	2	1	1	764	31	0	0	1000	1000	0	0
admit-V2-A-decoy-0029	admit	0	1	1	1	1	764	15	0	0	500	1000	0	0
admit-V2-A-decoy-0029	admit	0	2	2	1	1	1000	31	0	764	1000	111	1000	0
admit-V2-A-decoy-0029	admit	0	4	2	1	1	1000	31	0	764	1000	111	1000	0
admit-V2-A-decoy-0029	admit	0	8	2	1	1	1000	31	0	764	1000	111	1000	0
admit-V2-A-decoy-0029	admit	0	16	2	1	1	1000	31	0	764	1000	111	1000	0
admit-V2-A-decoy-0030	admit	0	1	1	1	1	764	15	0	0	333	1000	0	0
admit-V2-A-decoy-0030	admit	0	2	2	1	1	1000	31	0	764	666	111	1000	0
admit-V2-A-decoy-0030	admit	0	4	3	1	1	1000	46	0	774	1000	111	1000	0
admit-V2-A-decoy-0030	admit	0	8	3	1	1	1000	46	0	774	1000	111	1000	0
admit-V2-A-decoy-0030	admit	0	16	3	1	1	1000	46	0	774	1000	111	1000	0
admit-V2-A-decoy-0031	admit	0	1	1	1	1	764	15	0	0	250	1000	0	0
admit-V2-A-decoy-0031	admit	0	2	2	1	1	1000	31	0	764	500	111	1000	0
admit-V2-A-decoy-0031	admit	0	4	4	1	1	1000	62	0	788	1000	111	1000	0
admit-V2-A-decoy-0031	admit	0	8	4	1	1	1000	62	0	788	1000	111	1000	0
admit-V2-A-decoy-0031	admit	0	16	4	1	1	1000	62	0	788	1000	111	1000	0
admit-V2-A-decoy-0032	admit	0	1	1	1	1	764	15	0	0	200	1000	0	0
admit-V2-A-decoy-0032	admit	0	2	2	1	1	1000	31	0	764	400	111	1000	0
admit-V2-A-decoy-0032	admit	0	4	4	1	1	1000	62	0	788	800	111	1000	0
admit-V2-A-decoy-0032	admit	0	8	5	1	1	1000	78	0	798	1000	111	1000	0
admit-V2-A-decoy-0032	admit	0	16	5	1	1	1000	78	0	798	1000	111	1000	0
admit-V2-A-decoy-0033	admit	0	1	1	1	1	764	15	0	0	166	1000	0	0
admit-V2-A-decoy-0033	admit	0	2	2	1	1	1000	31	0	764	333	111	1000	0
admit-V2-A-decoy-0033	admit	0	4	4	1	1	1000	62	0	788	666	111	1000	0
admit-V2-A-decoy-0033	admit	0	8	6	1	1	1000	93	0	798	1000	111	1000	0
admit-V2-A-decoy-0033	admit	0	16	6	1	1	1000	93	0	798	1000	111	1000	0
admit-V2-A-decoy-0034	admit	0	1	1	1	1	764	15	0	0	142	1000	0	0
admit-V2-A-decoy-0034	admit	0	2	2	1	1	1000	31	0	764	285	111	1000	0
admit-V2-A-decoy-0034	admit	0	4	4	1	1	1000	62	0	788	571	111	1000	0
admit-V2-A-decoy-0034	admit	0	8	7	1	1	1000	109	0	799	1000	111	1000	0
admit-V2-A-decoy-0034	admit	0	16	7	1	1	1000	109	0	799	1000	111	1000	0
admit-V2-A-decoy-0035	admit	0	1	1	1	1	764	15	0	0	125	1000	0	0
admit-V2-A-decoy-0035	admit	0	2	2	1	1	1000	31	0	764	250	111	1000	0
admit-V2-A-decoy-0035	admit	0	4	4	1	1	1000	62	0	788	500	111	1000	0
admit-V2-A-decoy-0035	admit	0	8	8	1	1	1000	125	0	799	1000	111	1000	0
admit-V2-A-decoy-0035	admit	0	16	8	1	1	1000	125	0	799	1000	111	1000	0
admit-V2-A-decoy-0036	admit	0	1	1	1	1	764	15	0	0	111	1000	0	0
admit-V2-A-decoy-0036	admit	0	2	2	1	1	1000	31	0	764	222	111	1000	0
admit-V2-A-decoy-0036	admit	0	4	4	1	1	1000	62	0	788	444	111	1000	0
admit-V2-A-decoy-0036	admit	0	8	8	1	1	1000	125	0	799	888	111	1000	0
admit-V2-A-decoy-0036	admit	0	16	9	1	1	1000	140	0	800	1000	111	1000	0
admit-V2-A-decoy-0037	admit	0	1	1	1	1	764	15	0	0	100	1000	0	0
admit-V2-A-decoy-0037	admit	0	2	2	1	1	1000	31	0	764	200	111	1000	0
admit-V2-A-decoy-0037	admit	0	4	4	1	1	1000	62	0	788	400	111	1000	0
admit-V2-A-decoy-0037	admit	0	8	8	1	1	1000	125	0	799	800	111	1000	0
admit-V2-A-decoy-0037	admit	0	16	10	1	1	1000	156	0	806	1000	111	1000	0
admit-V2-A-decoy-0038	admit	0	1	1	1	1	764	15	0	0	90	1000	0	0
admit-V2-A-decoy-0038	admit	0	2	2	1	1	1000	31	0	764	181	111	1000	0
admit-V2-A-decoy-0038	admit	0	4	4	1	1	1000	62	0	788	363	111	1000	0
admit-V2-A-decoy-0038	admit	0	8	8	1	1	1000	125	0	799	727	111	1000	0
admit-V2-A-decoy-0038	admit	0	16	11	1	1	1000	171	0	832	1000	111	1000	0
admit-V2-A-decoy-0039	admit	0	1	1	1	1	764	15	0	0	83	1000	0	0
admit-V2-A-decoy-0039	admit	0	2	2	1	1	1000	31	0	764	166	111	1000	0
admit-V2-A-decoy-0039	admit	0	4	4	1	1	1000	62	0	788	333	111	1000	0
admit-V2-A-decoy-0039	admit	0	8	8	1	1	1000	125	0	799	666	111	1000	0
admit-V2-A-decoy-0039	admit	0	16	12	1	1	1000	187	0	830	1000	111	1000	0
admit-V2-A-decoy-0040	admit	0	1	1	1	1	764	15	0	0	76	1000	0	0
admit-V2-A-decoy-0040	admit	0	2	2	1	1	1000	31	0	764	153	111	1000	0
admit-V2-A-decoy-0040	admit	0	4	4	1	1	1000	62	0	788	307	111	1000	0
admit-V2-A-decoy-0040	admit	0	8	8	1	1	1000	125	0	799	615	111	1000	0
admit-V2-A-decoy-0040	admit	0	16	13	1	1	1000	203	0	819	1000	111	1000	0
admit-V2-A-decoy-0041	admit	0	1	1	1	1	764	15	0	0	71	1000	0	0
admit-V2-A-decoy-0041	admit	0	2	2	1	1	1000	31	0	764	142	111	1000	0
admit-V2-A-decoy-0041	admit	0	4	4	1	1	1000	62	0	788	285	111	1000	0
admit-V2-A-decoy-0041	admit	0	8	8	1	1	1000	125	0	799	571	111	1000	0
admit-V2-A-decoy-0041	admit	0	16	14	1	1	1000	218	0	819	1000	111	1000	0
admit-V2-A-decoy-0042	admit	0	1	1	1	1	764	15	0	0	66	1000	0	0
admit-V2-A-decoy-0042	admit	0	2	2	1	1	1000	31	0	764	133	111	1000	0
admit-V2-A-decoy-0042	admit	0	4	4	1	1	1000	62	0	788	266	111	1000	0
admit-V2-A-decoy-0042	admit	0	8	8	1	1	1000	125	0	799	533	111	1000	0
admit-V2-A-decoy-0042	admit	0	16	15	1	1	1000	234	0	806	1000	111	1000	0
admit-V2-A-decoy-0043	admit	0	1	1	1	1	764	15	0	0	62	1000	0	0
admit-V2-A-decoy-0043	admit	0	2	2	1	1	1000	31	0	764	125	111	1000	0
admit-V2-A-decoy-0043	admit	0	4	4	1	1	1000	62	0	788	250	111	1000	0
admit-V2-A-decoy-0043	admit	0	8	8	1	1	1000	125	0	799	500	111	1000	0
admit-V2-A-decoy-0043	admit	0	16	16	1	1	1000	250	0	869	1000	111	1000	0
admit-V2-A-decoy-0044	admit	0	1	1	1	1	764	15	0	0	58	1000	0	0
admit-V2-A-decoy-0044	admit	0	2	2	1	1	1000	31	0	764	117	111	1000	0
admit-V2-A-decoy-0044	admit	0	4	4	1	1	1000	62	0	788	235	111	1000	0
admit-V2-A-decoy-0044	admit	0	8	8	1	1	1000	125	0	799	470	111	1000	0
admit-V2-A-decoy-0044	admit	0	16	16	1	1	1000	250	0	869	941	111	1000	0
admit-V2-A-decoy-0045	admit	0	1	1	1	1	764	15	0	0	55	1000	0	0
admit-V2-A-decoy-0045	admit	0	2	2	1	1	1000	31	0	764	111	111	1000	0
admit-V2-A-decoy-0045	admit	0	4	4	1	1	1000	62	0	788	222	111	1000	0
admit-V2-A-decoy-0045	admit	0	8	8	1	1	1000	125	0	799	444	111	1000	0
admit-V2-A-decoy-0045	admit	0	16	16	1	1	1000	250	0	869	888	111	1000	0
admit-V2-A-decoy-0046	admit	0	1	1	1	1	764	15	0	0	52	1000	0	0
admit-V2-A-decoy-0046	admit	0	2	2	1	1	1000	31	0	764	105	111	1000	0
admit-V2-A-decoy-0046	admit	0	4	4	1	1	1000	62	0	788	210	111	1000	0
admit-V2-A-decoy-0046	admit	0	8	8	1	1	1000	125	0	799	421	111	1000	0
admit-V2-A-decoy-0046	admit	0	16	16	1	1	1000	250	0	869	842	111	1000	0
admit-V2-A-decoy-0047	admit	0	1	1	1	1	764	15	0	0	50	1000	0	0
admit-V2-A-decoy-0047	admit	0	2	2	1	1	1000	31	0	764	100	111	1000	0
admit-V2-A-decoy-0047	admit	0	4	4	1	1	1000	62	0	788	200	111	1000	0
admit-V2-A-decoy-0047	admit	0	8	8	1	1	1000	125	0	799	400	111	1000	0
admit-V2-A-decoy-0047	admit	0	16	16	1	1	1000	250	0	869	800	111	1000	0
admit-V2-A-decoy-0048	admit	0	1	1	1	1	764	15	0	0	47	1000	0	0
admit-V2-A-decoy-0048	admit	0	2	2	1	1	1000	31	0	764	95	111	1000	0
admit-V2-A-decoy-0048	admit	0	4	4	1	1	1000	62	0	788	190	111	1000	0
admit-V2-A-decoy-0048	admit	0	8	8	1	1	1000	125	0	799	380	111	1000	0
admit-V2-A-decoy-0048	admit	0	16	16	1	1	1000	250	0	869	761	111	1000	0
admit-V2-A-decoy-0049	admit	0	1	1	1	1	764	15	0	0	45	1000	0	0
admit-V2-A-decoy-0049	admit	0	2	2	1	1	1000	31	0	764	90	111	1000	0
admit-V2-A-decoy-0049	admit	0	4	4	1	1	1000	62	0	788	181	111	1000	0
admit-V2-A-decoy-0049	admit	0	8	8	1	1	1000	125	0	799	363	111	1000	0
admit-V2-A-decoy-0049	admit	0	16	16	1	1	1000	250	0	869	727	111	1000	0
admit-V2-A-decoy-0050	admit	0	1	1	1	1	764	15	0	0	43	1000	0	0
admit-V2-A-decoy-0050	admit	0	2	2	1	1	1000	31	0	764	86	111	1000	0
admit-V2-A-decoy-0050	admit	0	4	4	1	1	1000	62	0	788	173	111	1000	0
admit-V2-A-decoy-0050	admit	0	8	8	1	1	1000	125	0	799	347	111	1000	0
admit-V2-A-decoy-0050	admit	0	16	16	1	1	1000	250	0	869	695	111	1000	0
admit-V2-A-decoy-0051	admit	0	1	1	1	1	764	15	0	0	41	1000	0	0
admit-V2-A-decoy-0051	admit	0	2	2	1	1	1000	31	0	764	83	111	1000	0
admit-V2-A-decoy-0051	admit	0	4	4	1	1	1000	62	0	788	166	111	1000	0
admit-V2-A-decoy-0051	admit	0	8	8	1	1	1000	125	0	799	333	111	1000	0
admit-V2-A-decoy-0051	admit	0	16	16	1	1	1000	250	0	869	666	111	1000	0
admit-V2-A-install-0000	admit	0	1	1	1	1	710	15	0	0	1000	1000	0	0
admit-V2-A-install-0000	admit	0	2	2	1	1	710	31	0	0	1000	1000	0	0
admit-V2-A-install-0000	admit	0	4	2	1	1	710	31	0	0	1000	1000	0	0
admit-V2-A-install-0000	admit	0	8	2	1	1	710	31	0	0	1000	1000	0	0
admit-V2-A-install-0000	admit	0	16	2	1	1	710	31	0	0	1000	1000	0	0
admit-V2-A-install-0001	admit	0	1	1	1	1	710	15	0	0	500	1000	0	0
admit-V2-A-install-0001	admit	0	2	2	1	1	1000	31	0	711	1000	111	1000	0
admit-V2-A-install-0001	admit	0	4	2	1	1	1000	31	0	711	1000	111	1000	0
admit-V2-A-install-0001	admit	0	8	2	1	1	1000	31	0	711	1000	111	1000	0
admit-V2-A-install-0001	admit	0	16	2	1	1	1000	31	0	711	1000	111	1000	0
admit-V2-A-install-0002	admit	0	1	1	1	1	710	15	0	0	333	1000	0	0
admit-V2-A-install-0002	admit	0	2	2	1	1	1000	31	0	711	666	111	1000	0
admit-V2-A-install-0002	admit	0	4	3	1	1	1000	46	0	743	1000	111	1000	0
admit-V2-A-install-0002	admit	0	8	3	1	1	1000	46	0	743	1000	111	1000	0
admit-V2-A-install-0002	admit	0	16	3	1	1	1000	46	0	743	1000	111	1000	0
admit-V2-A-install-0003	admit	0	1	1	1	1	710	15	0	0	250	1000	0	0
admit-V2-A-install-0003	admit	0	2	2	1	1	1000	31	0	711	500	111	1000	0
admit-V2-A-install-0003	admit	0	4	4	1	1	1000	62	0	763	1000	111	1000	0
admit-V2-A-install-0003	admit	0	8	4	1	1	1000	62	0	763	1000	111	1000	0
admit-V2-A-install-0003	admit	0	16	4	1	1	1000	62	0	763	1000	111	1000	0
admit-V2-A-install-0004	admit	0	1	1	1	1	710	15	0	0	200	1000	0	0
admit-V2-A-install-0004	admit	0	2	2	1	1	1000	31	0	711	400	111	1000	0
admit-V2-A-install-0004	admit	0	4	4	1	1	1000	62	0	763	800	111	1000	0
admit-V2-A-install-0004	admit	0	8	5	1	1	1000	78	0	874	1000	111	1000	0
admit-V2-A-install-0004	admit	0	16	5	1	1	1000	78	0	874	1000	111	1000	0
admit-V2-A-install-0005	admit	0	1	1	1	1	710	15	0	0	166	1000	0	0
admit-V2-A-install-0005	admit	0	2	2	1	1	1000	31	0	711	333	111	1000	0
admit-V2-A-install-0005	admit	0	4	4	1	1	1000	62	0	763	666	111	1000	0
admit-V2-A-install-0005	admit	0	8	6	1	1	1000	93	0	884	1000	111	1000	0
admit-V2-A-install-0005	admit	0	16	6	1	1	1000	93	0	884	1000	111	1000	0
admit-V2-A-install-0006	admit	0	1	1	1	1	710	15	0	0	142	1000	0	0
admit-V2-A-install-0006	admit	0	2	2	1	1	1000	31	0	711	285	111	1000	0
admit-V2-A-install-0006	admit	0	4	4	1	1	1000	62	0	763	571	111	1000	0
admit-V2-A-install-0006	admit	0	8	7	1	1	1000	109	0	887	1000	111	1000	0
admit-V2-A-install-0006	admit	0	16	7	1	1	1000	109	0	887	1000	111	1000	0
admit-V2-A-install-0007	admit	0	1	1	1	1	710	15	0	0	125	1000	0	0
admit-V2-A-install-0007	admit	0	2	2	1	1	1000	31	0	711	250	111	1000	0
admit-V2-A-install-0007	admit	0	4	4	1	1	1000	62	0	763	500	111	1000	0
admit-V2-A-install-0007	admit	0	8	8	1	1	1000	125	0	896	1000	111	1000	0
admit-V2-A-install-0007	admit	0	16	8	1	1	1000	125	0	896	1000	111	1000	0
admit-V2-A-install-0008	admit	0	1	1	1	1	710	15	0	0	111	1000	0	0
admit-V2-A-install-0008	admit	0	2	2	1	1	1000	31	0	711	222	111	1000	0
admit-V2-A-install-0008	admit	0	4	4	1	1	1000	62	0	763	444	111	1000	0
admit-V2-A-install-0008	admit	0	8	8	1	1	1000	125	0	896	888	111	1000	0
admit-V2-A-install-0008	admit	0	16	9	1	1	1000	140	0	898	1000	111	1000	0
admit-V2-A-install-0009	admit	0	1	1	1	1	710	15	0	0	100	1000	0	0
admit-V2-A-install-0009	admit	0	2	2	1	1	1000	31	0	711	200	111	1000	0
admit-V2-A-install-0009	admit	0	4	4	1	1	1000	62	0	763	400	111	1000	0
admit-V2-A-install-0009	admit	0	8	8	1	1	1000	125	0	896	800	111	1000	0
admit-V2-A-install-0009	admit	0	16	10	1	1	1000	156	0	933	1000	111	1000	0
admit-V2-A-install-0010	admit	0	1	1	1	1	710	15	0	0	90	1000	0	0
admit-V2-A-install-0010	admit	0	2	2	1	1	1000	31	0	711	181	111	1000	0
admit-V2-A-install-0010	admit	0	4	4	1	1	1000	62	0	763	363	111	1000	0
admit-V2-A-install-0010	admit	0	8	8	1	1	1000	125	0	896	727	111	1000	0
admit-V2-A-install-0010	admit	0	16	11	1	1	1000	171	0	934	1000	111	1000	0
admit-V2-A-install-0011	admit	0	1	1	1	1	710	15	0	0	83	1000	0	0
admit-V2-A-install-0011	admit	0	2	2	1	1	1000	31	0	711	166	111	1000	0
admit-V2-A-install-0011	admit	0	4	4	1	1	1000	62	0	763	333	111	1000	0
admit-V2-A-install-0011	admit	0	8	8	1	1	1000	125	0	896	666	111	1000	0
admit-V2-A-install-0011	admit	0	16	12	1	1	1000	187	0	937	1000	111	1000	0
admit-V2-A-install-0012	admit	0	1	1	1	1	710	15	0	0	76	1000	0	0
admit-V2-A-install-0012	admit	0	2	2	1	1	1000	31	0	711	153	111	1000	0
admit-V2-A-install-0012	admit	0	4	4	1	1	1000	62	0	763	307	111	1000	0
admit-V2-A-install-0012	admit	0	8	8	1	1	1000	125	0	896	615	111	1000	0
admit-V2-A-install-0012	admit	0	16	13	1	1	1000	203	0	942	1000	111	1000	0
admit-V2-A-install-0013	admit	0	1	1	1	1	710	15	0	0	71	1000	0	0
admit-V2-A-install-0013	admit	0	2	2	1	1	1000	31	0	711	142	111	1000	0
admit-V2-A-install-0013	admit	0	4	4	1	1	1000	62	0	763	285	111	1000	0
admit-V2-A-install-0013	admit	0	8	8	1	1	1000	125	0	896	571	111	1000	0
admit-V2-A-install-0013	admit	0	16	14	1	1	1000	218	0	949	1000	111	1000	0
admit-V2-A-install-0014	admit	0	1	1	1	1	710	15	0	0	66	1000	0	0
admit-V2-A-install-0014	admit	0	2	2	1	1	1000	31	0	711	133	111	1000	0
admit-V2-A-install-0014	admit	0	4	4	1	1	1000	62	0	763	266	111	1000	0
admit-V2-A-install-0014	admit	0	8	8	1	1	1000	125	0	896	533	111	1000	0
admit-V2-A-install-0014	admit	0	16	15	1	1	1000	234	0	951	1000	111	1000	0
admit-V2-A-install-0015	admit	0	1	1	1	1	710	15	0	0	62	1000	0	0
admit-V2-A-install-0015	admit	0	2	2	1	1	1000	31	0	711	125	111	1000	0
admit-V2-A-install-0015	admit	0	4	4	1	1	1000	62	0	763	250	111	1000	0
admit-V2-A-install-0015	admit	0	8	8	1	1	1000	125	0	896	500	111	1000	0
admit-V2-A-install-0015	admit	0	16	16	1	1	1000	250	0	955	1000	111	1000	0
admit-V2-A-install-0016	admit	0	1	1	1	1	931	15	0	0	1000	111	1000	0
admit-V2-A-install-0016	admit	0	2	1	1	1	931	15	0	0	1000	111	1000	0
admit-V2-A-install-0016	admit	0	4	1	1	1	931	15	0	0	1000	111	1000	0
admit-V2-A-install-0016	admit	0	8	1	1	1	931	15	0	0	1000	111	1000	0
admit-V2-A-install-0016	admit	0	16	1	1	1	931	15	0	0	1000	111	1000	0
admit-V2-A-install-0017	admit	0	1	1	1	1	931	15	0	0	500	111	1000	0
admit-V2-A-install-0017	admit	0	2	2	1	1	1000	31	0	946	1000	111	1000	0
admit-V2-A-install-0017	admit	0	4	2	1	1	1000	31	0	946	1000	111	1000	0
admit-V2-A-install-0017	admit	0	8	2	1	1	1000	31	0	946	1000	111	1000	0
admit-V2-A-install-0017	admit	0	16	2	1	1	1000	31	0	946	1000	111	1000	0
admit-V2-A-install-0018	admit	0	1	1	1	1	931	15	0	0	333	111	1000	0
admit-V2-A-install-0018	admit	0	2	2	1	1	1000	31	0	946	666	111	1000	0
admit-V2-A-install-0018	admit	0	4	3	1	1	1000	46	0	948	1000	111	1000	0
admit-V2-A-install-0018	admit	0	8	3	1	1	1000	46	0	948	1000	111	1000	0
admit-V2-A-install-0018	admit	0	16	3	1	1	1000	46	0	948	1000	111	1000	0
admit-V2-A-install-0019	admit	0	1	1	1	1	931	15	0	0	250	111	1000	0
admit-V2-A-install-0019	admit	0	2	2	1	1	1000	31	0	946	500	111	1000	0
admit-V2-A-install-0019	admit	0	4	4	1	1	1000	62	0	754	1000	111	1000	0
admit-V2-A-install-0019	admit	0	8	4	1	1	1000	62	0	754	1000	111	1000	0
admit-V2-A-install-0019	admit	0	16	4	1	1	1000	62	0	754	1000	111	1000	0
admit-V2-A-install-0020	admit	0	1	1	1	1	931	15	0	0	200	111	1000	0
admit-V2-A-install-0020	admit	0	2	2	1	1	1000	31	0	946	400	111	1000	0
admit-V2-A-install-0020	admit	0	4	4	1	1	1000	62	0	754	800	111	1000	0
admit-V2-A-install-0020	admit	0	8	5	1	1	1000	78	0	777	1000	111	1000	0
admit-V2-A-install-0020	admit	0	16	5	1	1	1000	78	0	777	1000	111	1000	0
admit-V2-A-install-0021	admit	0	1	1	1	1	931	15	0	0	166	111	1000	0
admit-V2-A-install-0021	admit	0	2	2	1	1	1000	31	0	946	333	111	1000	0
admit-V2-A-install-0021	admit	0	4	4	1	1	1000	62	0	754	666	111	1000	0
admit-V2-A-install-0021	admit	0	8	6	1	1	1000	93	0	862	1000	111	1000	0
admit-V2-A-install-0021	admit	0	16	6	1	1	1000	93	0	862	1000	111	1000	0
admit-V2-A-install-0022	admit	0	1	1	1	1	931	15	0	0	142	111	1000	0
admit-V2-A-install-0022	admit	0	2	2	1	1	1000	31	0	946	285	111	1000	0
admit-V2-A-install-0022	admit	0	4	4	1	1	1000	62	0	754	571	111	1000	0
admit-V2-A-install-0022	admit	0	8	7	1	1	1000	109	0	901	1000	111	1000	0
admit-V2-A-install-0022	admit	0	16	7	1	1	1000	109	0	901	1000	111	1000	0
admit-V2-A-install-0023	admit	0	1	1	1	1	931	15	0	0	125	111	1000	0
admit-V2-A-install-0023	admit	0	2	2	1	1	1000	31	0	946	250	111	1000	0
admit-V2-A-install-0023	admit	0	4	4	1	1	1000	62	0	754	500	111	1000	0
admit-V2-A-install-0023	admit	0	8	8	1	1	1000	125	0	917	1000	111	1000	0
admit-V2-A-install-0023	admit	0	16	8	1	1	1000	125	0	917	1000	111	1000	0
admit-V2-A-install-0024	admit	0	1	1	1	1	764	15	0	0	1000	1000	0	0
admit-V2-A-install-0024	admit	0	2	2	1	1	764	31	0	0	1000	1000	0	0
admit-V2-A-install-0024	admit	0	4	2	1	1	764	31	0	0	1000	1000	0	0
admit-V2-A-install-0024	admit	0	8	2	1	1	764	31	0	0	1000	1000	0	0
admit-V2-A-install-0024	admit	0	16	2	1	1	764	31	0	0	1000	1000	0	0
admit-V2-A-install-0025	admit	0	1	1	1	1	764	15	0	0	500	1000	0	0
admit-V2-A-install-0025	admit	0	2	2	1	1	1000	31	0	774	1000	111	1000	0
admit-V2-A-install-0025	admit	0	4	2	1	1	1000	31	0	774	1000	111	1000	0
admit-V2-A-install-0025	admit	0	8	2	1	1	1000	31	0	774	1000	111	1000	0
admit-V2-A-install-0025	admit	0	16	2	1	1	1000	31	0	774	1000	111	1000	0
admit-V2-A-install-0026	admit	0	1	1	1	1	764	15	0	0	333	1000	0	0
admit-V2-A-install-0026	admit	0	2	2	1	1	1000	31	0	774	666	111	1000	0
admit-V2-A-install-0026	admit	0	4	3	1	1	1000	46	0	788	1000	111	1000	0
admit-V2-A-install-0026	admit	0	8	3	1	1	1000	46	0	788	1000	111	1000	0
admit-V2-A-install-0026	admit	0	16	3	1	1	1000	46	0	788	1000	111	1000	0
admit-V2-A-install-0027	admit	0	1	1	1	1	764	15	0	0	250	1000	0	0
admit-V2-A-install-0027	admit	0	2	2	1	1	1000	31	0	774	500	111	1000	0
admit-V2-A-install-0027	admit	0	4	4	1	1	1000	62	0	798	1000	111	1000	0
admit-V2-A-install-0027	admit	0	8	4	1	1	1000	62	0	798	1000	111	1000	0
admit-V2-A-install-0027	admit	0	16	4	1	1	1000	62	0	798	1000	111	1000	0
admit-V2-A-install-0028	admit	0	1	1	1	1	764	15	0	0	200	1000	0	0
admit-V2-A-install-0028	admit	0	2	2	1	1	1000	31	0	774	400	111	1000	0
admit-V2-A-install-0028	admit	0	4	4	1	1	1000	62	0	798	800	111	1000	0
admit-V2-A-install-0028	admit	0	8	5	1	1	1000	78	0	798	1000	111	1000	0
admit-V2-A-install-0028	admit	0	16	5	1	1	1000	78	0	798	1000	111	1000	0
admit-V2-A-install-0029	admit	0	1	1	1	1	764	15	0	0	166	1000	0	0
admit-V2-A-install-0029	admit	0	2	2	1	1	1000	31	0	774	333	111	1000	0
admit-V2-A-install-0029	admit	0	4	4	1	1	1000	62	0	798	666	111	1000	0
admit-V2-A-install-0029	admit	0	8	6	1	1	1000	93	0	799	1000	111	1000	0
admit-V2-A-install-0029	admit	0	16	6	1	1	1000	93	0	799	1000	111	1000	0
admit-V2-A-install-0030	admit	0	1	1	1	1	764	15	0	0	142	1000	0	0
admit-V2-A-install-0030	admit	0	2	2	1	1	1000	31	0	774	285	111	1000	0
admit-V2-A-install-0030	admit	0	4	4	1	1	1000	62	0	798	571	111	1000	0
admit-V2-A-install-0030	admit	0	8	7	1	1	1000	109	0	800	1000	111	1000	0
admit-V2-A-install-0030	admit	0	16	7	1	1	1000	109	0	800	1000	111	1000	0
admit-V2-A-install-0031	admit	0	1	1	1	1	764	15	0	0	125	1000	0	0
admit-V2-A-install-0031	admit	0	2	2	1	1	1000	31	0	774	250	111	1000	0
admit-V2-A-install-0031	admit	0	4	4	1	1	1000	62	0	798	500	111	1000	0
admit-V2-A-install-0031	admit	0	8	8	1	1	1000	125	0	806	1000	111	1000	0
admit-V2-A-install-0031	admit	0	16	8	1	1	1000	125	0	806	1000	111	1000	0
admit-V2-A-install-0032	admit	0	1	1	1	1	764	15	0	0	111	1000	0	0
admit-V2-A-install-0032	admit	0	2	2	1	1	1000	31	0	774	222	111	1000	0
admit-V2-A-install-0032	admit	0	4	4	1	1	1000	62	0	798	444	111	1000	0
admit-V2-A-install-0032	admit	0	8	8	1	1	1000	125	0	806	888	111	1000	0
admit-V2-A-install-0032	admit	0	16	9	1	1	1000	140	0	832	1000	111	1000	0
admit-V2-A-install-0033	admit	0	1	1	1	1	764	15	0	0	100	1000	0	0
admit-V2-A-install-0033	admit	0	2	2	1	1	1000	31	0	774	200	111	1000	0
admit-V2-A-install-0033	admit	0	4	4	1	1	1000	62	0	798	400	111	1000	0
admit-V2-A-install-0033	admit	0	8	8	1	1	1000	125	0	806	800	111	1000	0
admit-V2-A-install-0033	admit	0	16	10	1	1	1000	156	0	830	1000	111	1000	0
admit-V2-A-install-0034	admit	0	1	1	1	1	764	15	0	0	90	1000	0	0
admit-V2-A-install-0034	admit	0	2	2	1	1	1000	31	0	774	181	111	1000	0
admit-V2-A-install-0034	admit	0	4	4	1	1	1000	62	0	798	363	111	1000	0
admit-V2-A-install-0034	admit	0	8	8	1	1	1000	125	0	806	727	111	1000	0
admit-V2-A-install-0034	admit	0	16	11	1	1	1000	171	0	819	1000	111	1000	0
admit-V2-A-install-0035	admit	0	1	1	1	1	764	15	0	0	83	1000	0	0
admit-V2-A-install-0035	admit	0	2	2	1	1	1000	31	0	774	166	111	1000	0
admit-V2-A-install-0035	admit	0	4	4	1	1	1000	62	0	798	333	111	1000	0
admit-V2-A-install-0035	admit	0	8	8	1	1	1000	125	0	806	666	111	1000	0
admit-V2-A-install-0035	admit	0	16	12	1	1	1000	187	0	806	1000	111	1000	0
admit-V2-A-install-0036	admit	0	1	1	1	1	764	15	0	0	76	1000	0	0
admit-V2-A-install-0036	admit	0	2	2	1	1	1000	31	0	774	153	111	1000	0
admit-V2-A-install-0036	admit	0	4	4	1	1	1000	62	0	798	307	111	1000	0
admit-V2-A-install-0036	admit	0	8	8	1	1	1000	125	0	806	615	111	1000	0
admit-V2-A-install-0036	admit	0	16	13	1	1	1000	203	0	869	1000	111	1000	0
admit-V2-A-install-0037	admit	0	1	1	1	1	764	15	0	0	71	1000	0	0
admit-V2-A-install-0037	admit	0	2	2	1	1	1000	31	0	774	142	111	1000	0
admit-V2-A-install-0037	admit	0	4	4	1	1	1000	62	0	798	285	111	1000	0
admit-V2-A-install-0037	admit	0	8	8	1	1	1000	125	0	806	571	111	1000	0
admit-V2-A-install-0037	admit	0	16	14	1	1	1000	218	0	930	1000	111	1000	0
admit-V2-A-install-0038	admit	0	1	1	1	1	764	15	0	0	66	1000	0	0
admit-V2-A-install-0038	admit	0	2	2	1	1	1000	31	0	774	133	111	1000	0
admit-V2-A-install-0038	admit	0	4	4	1	1	1000	62	0	798	266	111	1000	0
admit-V2-A-install-0038	admit	0	8	8	1	1	1000	125	0	806	533	111	1000	0
admit-V2-A-install-0038	admit	0	16	15	1	1	1000	234	0	930	1000	111	1000	0
admit-V2-A-install-0039	admit	0	1	1	1	1	764	15	0	0	62	1000	0	0
admit-V2-A-install-0039	admit	0	2	2	1	1	1000	31	0	774	125	111	1000	0
admit-V2-A-install-0039	admit	0	4	4	1	1	1000	62	0	798	250	111	1000	0
admit-V2-A-install-0039	admit	0	8	8	1	1	1000	125	0	806	500	111	1000	0
admit-V2-A-install-0039	admit	0	16	16	1	1	1000	250	0	930	1000	111	1000	0
admit-V2-A-install-0040	admit	0	1	1	1	1	764	15	0	0	58	1000	0	0
admit-V2-A-install-0040	admit	0	2	2	1	1	1000	31	0	774	117	111	1000	0
admit-V2-A-install-0040	admit	0	4	4	1	1	1000	62	0	798	235	111	1000	0
admit-V2-A-install-0040	admit	0	8	8	1	1	1000	125	0	806	470	111	1000	0
admit-V2-A-install-0040	admit	0	16	16	1	1	1000	250	0	930	941	111	1000	0
admit-V2-A-install-0041	admit	0	1	1	1	1	764	15	0	0	55	1000	0	0
admit-V2-A-install-0041	admit	0	2	2	1	1	1000	31	0	774	111	111	1000	0
admit-V2-A-install-0041	admit	0	4	4	1	1	1000	62	0	798	222	111	1000	0
admit-V2-A-install-0041	admit	0	8	8	1	1	1000	125	0	806	444	111	1000	0
admit-V2-A-install-0041	admit	0	16	16	1	1	1000	250	0	930	888	111	1000	0
admit-V2-A-install-0042	admit	0	1	1	1	1	764	15	0	0	52	1000	0	0
admit-V2-A-install-0042	admit	0	2	2	1	1	1000	31	0	774	105	111	1000	0
admit-V2-A-install-0042	admit	0	4	4	1	1	1000	62	0	798	210	111	1000	0
admit-V2-A-install-0042	admit	0	8	8	1	1	1000	125	0	806	421	111	1000	0
admit-V2-A-install-0042	admit	0	16	16	1	1	1000	250	0	930	842	111	1000	0
admit-V2-A-install-0043	admit	0	1	1	1	1	764	15	0	0	50	1000	0	0
admit-V2-A-install-0043	admit	0	2	2	1	1	1000	31	0	774	100	111	1000	0
admit-V2-A-install-0043	admit	0	4	4	1	1	1000	62	0	798	200	111	1000	0
admit-V2-A-install-0043	admit	0	8	8	1	1	1000	125	0	806	400	111	1000	0
admit-V2-A-install-0043	admit	0	16	16	1	1	1000	250	0	930	800	111	1000	0
admit-V2-A-withhold-0000	admit	0	1	1	1	1	931	15	0	0	1000	111	1000	0
admit-V2-A-withhold-0000	admit	0	2	1	1	1	931	15	0	0	1000	111	1000	0
admit-V2-A-withhold-0000	admit	0	4	1	1	1	931	15	0	0	1000	111	1000	0
admit-V2-A-withhold-0000	admit	0	8	1	1	1	931	15	0	0	1000	111	1000	0
admit-V2-A-withhold-0000	admit	0	16	1	1	1	931	15	0	0	1000	111	1000	0
admit-V2-A-withhold-0001	admit	0	1	1	1	1	931	15	0	0	500	111	1000	0
admit-V2-A-withhold-0001	admit	0	2	2	1	1	1000	31	0	150	1000	111	1000	0
admit-V2-A-withhold-0001	admit	0	4	2	1	1	1000	31	0	150	1000	111	1000	0
admit-V2-A-withhold-0001	admit	0	8	2	1	1	1000	31	0	150	1000	111	1000	0
admit-V2-A-withhold-0001	admit	0	16	2	1	1	1000	31	0	150	1000	111	1000	0
admit-V2-A-withhold-0002	admit	0	1	1	1	1	931	15	0	0	333	111	1000	0
admit-V2-A-withhold-0002	admit	0	2	2	1	1	1000	31	0	150	666	111	1000	0
admit-V2-A-withhold-0002	admit	0	4	3	1	1	1000	46	0	624	1000	111	1000	0
admit-V2-A-withhold-0002	admit	0	8	3	1	1	1000	46	0	624	1000	111	1000	0
admit-V2-A-withhold-0002	admit	0	16	3	1	1	1000	46	0	624	1000	111	1000	0
admit-V2-A-withhold-0003	admit	0	1	1	1	1	931	15	0	0	250	111	1000	0
admit-V2-A-withhold-0003	admit	0	2	2	1	1	1000	31	0	150	500	111	1000	0
admit-V2-A-withhold-0003	admit	0	4	4	1	1	1000	62	0	754	1000	111	1000	0
admit-V2-A-withhold-0003	admit	0	8	4	1	1	1000	62	0	754	1000	111	1000	0
admit-V2-A-withhold-0003	admit	0	16	4	1	1	1000	62	0	754	1000	111	1000	0
admit-V2-A-withhold-0004	admit	0	1	1	1	1	931	15	0	0	200	111	1000	0
admit-V2-A-withhold-0004	admit	0	2	2	1	1	1000	31	0	150	400	111	1000	0
admit-V2-A-withhold-0004	admit	0	4	4	1	1	1000	62	0	754	800	111	1000	0
admit-V2-A-withhold-0004	admit	0	8	5	1	1	1000	78	0	942	1000	111	1000	0
admit-V2-A-withhold-0004	admit	0	16	5	1	1	1000	78	0	942	1000	111	1000	0
admit-V2-A-withhold-0005	admit	0	1	1	1	1	931	15	0	0	166	111	1000	0
admit-V2-A-withhold-0005	admit	0	2	2	1	1	1000	31	0	150	333	111	1000	0
admit-V2-A-withhold-0005	admit	0	4	4	1	1	1000	62	0	754	666	111	1000	0
admit-V2-A-withhold-0005	admit	0	8	6	1	1	1000	93	0	786	1000	111	1000	0
admit-V2-A-withhold-0005	admit	0	16	6	1	1	1000	93	0	786	1000	111	1000	0
admit-V2-A-withhold-0006	admit	0	1	1	1	1	931	15	0	0	142	111	1000	0
admit-V2-A-withhold-0006	admit	0	2	2	1	1	1000	31	0	150	285	111	1000	0
admit-V2-A-withhold-0006	admit	0	4	4	1	1	1000	62	0	754	571	111	1000	0
admit-V2-A-withhold-0006	admit	0	8	7	1	1	1000	109	0	657	1000	111	1000	0
admit-V2-A-withhold-0006	admit	0	16	7	1	1	1000	109	0	657	1000	111	1000	0
admit-V2-A-withhold-0007	admit	0	1	1	1	1	931	15	0	0	125	111	1000	0
admit-V2-A-withhold-0007	admit	0	2	2	1	1	1000	31	0	150	250	111	1000	0
admit-V2-A-withhold-0007	admit	0	4	4	1	1	1000	62	0	754	500	111	1000	0
admit-V2-A-withhold-0007	admit	0	8	8	1	1	1000	125	0	921	1000	111	1000	0
admit-V2-A-withhold-0007	admit	0	16	8	1	1	1000	125	0	921	1000	111	1000	0
admit-V2-D-clean-0000	admit	0	1	1	1	1	931	15	0	0	1000	111	1000	0
admit-V2-D-clean-0000	admit	0	2	1	1	1	931	15	0	0	1000	111	1000	0
admit-V2-D-clean-0000	admit	0	4	1	1	1	931	15	0	0	1000	111	1000	0
admit-V2-D-clean-0000	admit	0	8	1	1	1	931	15	0	0	1000	111	1000	0
admit-V2-D-clean-0000	admit	0	16	1	1	1	931	15	0	0	1000	111	1000	0
admit-V2-D-clean-0001	admit	0	1	1	1	1	931	15	0	0	500	111	1000	0
admit-V2-D-clean-0001	admit	0	2	2	1	1	1000	31	0	150	1000	111	1000	0
admit-V2-D-clean-0001	admit	0	4	2	1	1	1000	31	0	150	1000	111	1000	0
admit-V2-D-clean-0001	admit	0	8	2	1	1	1000	31	0	150	1000	111	1000	0
admit-V2-D-clean-0001	admit	0	16	2	1	1	1000	31	0	150	1000	111	1000	0
admit-V2-D-clean-0002	admit	0	1	1	1	1	931	15	0	0	333	111	1000	0
admit-V2-D-clean-0002	admit	0	2	2	1	1	1000	31	0	150	666	111	1000	0
admit-V2-D-clean-0002	admit	0	4	3	1	1	1000	46	0	624	1000	111	1000	0
admit-V2-D-clean-0002	admit	0	8	3	1	1	1000	46	0	624	1000	111	1000	0
admit-V2-D-clean-0002	admit	0	16	3	1	1	1000	46	0	624	1000	111	1000	0
admit-V2-D-clean-0003	admit	0	1	1	1	1	931	15	0	0	250	111	1000	0
admit-V2-D-clean-0003	admit	0	2	2	1	1	1000	31	0	150	500	111	1000	0
admit-V2-D-clean-0003	admit	0	4	4	1	1	1000	62	0	754	1000	111	1000	0
admit-V2-D-clean-0003	admit	0	8	4	1	1	1000	62	0	754	1000	111	1000	0
admit-V2-D-clean-0003	admit	0	16	4	1	1	1000	62	0	754	1000	111	1000	0
admit-V2-D-clean-0004	admit	0	1	1	1	1	931	15	0	0	200	111	1000	0
admit-V2-D-clean-0004	admit	0	2	2	1	1	1000	31	0	150	400	111	1000	0
admit-V2-D-clean-0004	admit	0	4	4	1	1	1000	62	0	754	800	111	1000	0
admit-V2-D-clean-0004	admit	0	8	5	1	1	1000	78	0	942	1000	111	1000	0
admit-V2-D-clean-0004	admit	0	16	5	1	1	1000	78	0	942	1000	111	1000	0
admit-V2-D-clean-0006	admit	0	1	1	1	1	931	15	0	0	142	111	1000	0
admit-V2-D-clean-0006	admit	0	2	2	1	1	1000	31	0	150	285	111	1000	0
admit-V2-D-clean-0006	admit	0	4	4	1	1	1000	62	0	754	571	111	1000	0
admit-V2-D-clean-0006	admit	0	8	7	1	1	1000	109	0	657	1000	111	1000	0
admit-V2-D-clean-0006	admit	0	16	7	1	1	1000	109	0	657	1000	111	1000	0
admit-V2-D-clean-0012	admit	0	1	1	1	1	931	15	0	0	76	111	1000	0
admit-V2-D-clean-0012	admit	0	2	2	1	1	1000	31	0	150	153	111	1000	0
admit-V2-D-clean-0012	admit	0	4	4	1	1	1000	62	0	754	307	111	1000	0
admit-V2-D-clean-0012	admit	0	8	8	1	1	1000	125	0	921	615	111	1000	0
admit-V2-D-clean-0012	admit	0	16	13	1	1	1000	203	0	913	1000	111	1000	0
admit-V2-D-clean-0013	admit	0	1	1	1	1	931	15	0	0	71	111	1000	0
admit-V2-D-clean-0013	admit	0	2	2	1	1	1000	31	0	150	142	111	1000	0
admit-V2-D-clean-0013	admit	0	4	4	1	1	1000	62	0	754	285	111	1000	0
admit-V2-D-clean-0013	admit	0	8	8	1	1	1000	125	0	921	571	111	1000	0
admit-V2-D-clean-0013	admit	0	16	14	1	1	1000	218	0	889	1000	111	1000	0
admit-V2-D-clean-0016	admit	0	1	1	1	1	931	15	0	0	58	111	1000	0
admit-V2-D-clean-0016	admit	0	2	2	1	1	1000	31	0	150	117	111	1000	0
admit-V2-D-clean-0016	admit	0	4	4	1	1	1000	62	0	754	235	111	1000	0
admit-V2-D-clean-0016	admit	0	8	8	1	1	1000	125	0	921	470	111	1000	0
admit-V2-D-clean-0016	admit	0	16	16	1	1	1000	250	0	788	941	111	1000	0
admit-V2-D-clean-0057	admit	0	1	1	1	1	425	15	0	0	100	1000	0	0
admit-V2-D-clean-0057	admit	0	2	2	1	1	469	31	0	44	200	1000	0	0
admit-V2-D-clean-0057	admit	0	4	4	1	1	1000	62	0	657	400	111	1000	0
admit-V2-D-clean-0057	admit	0	8	8	1	1	1000	125	0	25	800	111	1000	0
admit-V2-D-clean-0057	admit	0	16	10	1	1	1000	156	0	418	1000	111	1000	0
admit-V2-D-clean-0059	admit	0	1	1	1	1	425	15	0	0	83	1000	0	0
admit-V2-D-clean-0059	admit	0	2	2	1	1	469	31	0	44	166	1000	0	0
admit-V2-D-clean-0059	admit	0	4	4	1	1	1000	62	0	657	333	111	1000	0
admit-V2-D-clean-0059	admit	0	8	8	1	1	1000	125	0	25	666	111	1000	0
admit-V2-D-clean-0059	admit	0	16	12	1	1	1000	187	0	656	1000	111	1000	0
admit-V2-D-clean-0060	admit	0	1	1	1	1	425	15	0	0	76	1000	0	0
admit-V2-D-clean-0060	admit	0	2	2	1	1	469	31	0	44	153	1000	0	0
admit-V2-D-clean-0060	admit	0	4	4	1	1	1000	62	0	657	307	111	1000	0
admit-V2-D-clean-0060	admit	0	8	8	1	1	1000	125	0	25	615	111	1000	0
admit-V2-D-clean-0060	admit	0	16	13	1	1	1000	203	0	657	1000	111	1000	0
admit-V2-D-clean-0061	admit	0	1	1	1	1	425	15	0	0	71	1000	0	0
admit-V2-D-clean-0061	admit	0	2	2	1	1	469	31	0	44	142	1000	0	0
admit-V2-D-clean-0061	admit	0	4	4	1	1	1000	62	0	657	285	111	1000	0
admit-V2-D-clean-0061	admit	0	8	8	1	1	1000	125	0	25	571	111	1000	0
admit-V2-D-clean-0061	admit	0	16	14	1	1	1000	218	0	657	1000	111	1000	0
admit-V2-D-clean-0066	admit	0	1	1	1	1	425	15	0	0	52	1000	0	0
admit-V2-D-clean-0066	admit	0	2	2	1	1	469	31	0	44	105	1000	0	0
admit-V2-D-clean-0066	admit	0	4	4	1	1	1000	62	0	657	210	111	1000	0
admit-V2-D-clean-0066	admit	0	8	8	1	1	1000	125	0	25	421	111	1000	0
admit-V2-D-clean-0066	admit	0	16	16	1	1	1000	250	0	654	842	111	1000	0
admit-V2-D-clean-0067	admit	0	1	1	1	1	425	15	0	0	50	1000	0	0
admit-V2-D-clean-0067	admit	0	2	2	1	1	469	31	0	44	100	1000	0	0
admit-V2-D-clean-0067	admit	0	4	4	1	1	1000	62	0	657	200	111	1000	0
admit-V2-D-clean-0067	admit	0	8	8	1	1	1000	125	0	25	400	111	1000	0
admit-V2-D-clean-0067	admit	0	16	16	1	1	1000	250	0	654	800	111	1000	0
admit-V2-D-clean-0074	admit	0	1	1	1	1	425	15	0	0	37	1000	0	0
admit-V2-D-clean-0074	admit	0	2	2	1	1	469	31	0	44	74	1000	0	0
admit-V2-D-clean-0074	admit	0	4	4	1	1	1000	62	0	657	148	111	1000	0
admit-V2-D-clean-0074	admit	0	8	8	1	1	1000	125	0	25	296	111	1000	0
admit-V2-D-clean-0074	admit	0	16	16	1	1	1000	250	0	654	592	111	1000	0
admit-V2-D-clean-0082	admit	0	1	1	1	1	425	15	0	0	28	1000	0	0
admit-V2-D-clean-0082	admit	0	2	2	1	1	469	31	0	44	57	1000	0	0
admit-V2-D-clean-0082	admit	0	4	4	1	1	1000	62	0	657	114	111	1000	0
admit-V2-D-clean-0082	admit	0	8	8	1	1	1000	125	0	25	228	111	1000	0
admit-V2-D-clean-0082	admit	0	16	16	1	1	1000	250	0	654	457	111	1000	0
admit-V2-D-clean-0193	admit	0	1	1	1	1	425	15	0	0	500	1000	0	0
admit-V2-D-clean-0193	admit	0	2	2	1	1	948	31	0	523	1000	111	1000	0
admit-V2-D-clean-0193	admit	0	4	2	1	1	948	31	0	523	1000	111	1000	0
admit-V2-D-clean-0193	admit	0	8	2	1	1	948	31	0	523	1000	111	1000	0
admit-V2-D-clean-0193	admit	0	16	2	1	1	948	31	0	523	1000	111	1000	0
admit-V2-D-clean-0194	admit	0	1	1	1	1	425	15	0	0	333	1000	0	0
admit-V2-D-clean-0194	admit	0	2	2	1	1	948	31	0	523	666	111	1000	0
admit-V2-D-clean-0194	admit	0	4	3	1	1	1000	46	0	523	1000	111	1000	0
admit-V2-D-clean-0194	admit	0	8	3	1	1	1000	46	0	523	1000	111	1000	0
admit-V2-D-clean-0194	admit	0	16	3	1	1	1000	46	0	523	1000	111	1000	0
admit-V2-D-clean-0245	admit	0	1	1	1	1	600	15	0	0	166	1000	0	0
admit-V2-D-clean-0245	admit	0	2	2	1	1	1000	31	0	555	333	111	1000	0
admit-V2-D-clean-0245	admit	0	4	4	1	1	1000	62	0	555	666	111	1000	0
admit-V2-D-clean-0245	admit	0	8	6	1	1	1000	93	0	555	1000	111	1000	0
admit-V2-D-clean-0245	admit	0	16	6	1	1	1000	93	0	555	1000	111	1000	0
admit-V2-D-decoy-0000	admit	0	1	1	1	1	710	15	0	0	1000	1000	0	0
admit-V2-D-decoy-0000	admit	0	2	2	1	1	710	31	0	0	1000	1000	0	0
admit-V2-D-decoy-0000	admit	0	4	2	1	1	710	31	0	0	1000	1000	0	0
admit-V2-D-decoy-0000	admit	0	8	2	1	1	710	31	0	0	1000	1000	0	0
admit-V2-D-decoy-0000	admit	0	16	2	1	1	710	31	0	0	1000	1000	0	0
admit-V2-D-decoy-0001	admit	0	1	1	1	1	710	15	0	0	500	1000	0	0
admit-V2-D-decoy-0001	admit	0	2	2	1	1	1000	31	0	711	1000	111	1000	0
admit-V2-D-decoy-0001	admit	0	4	2	1	1	1000	31	0	711	1000	111	1000	0
admit-V2-D-decoy-0001	admit	0	8	2	1	1	1000	31	0	711	1000	111	1000	0
admit-V2-D-decoy-0001	admit	0	16	2	1	1	1000	31	0	711	1000	111	1000	0
admit-V2-D-decoy-0002	admit	0	1	1	1	1	710	15	0	0	333	1000	0	0
admit-V2-D-decoy-0002	admit	0	2	2	1	1	1000	31	0	711	666	111	1000	0
admit-V2-D-decoy-0002	admit	0	4	3	1	1	1000	46	0	743	1000	111	1000	0
admit-V2-D-decoy-0002	admit	0	8	3	1	1	1000	46	0	743	1000	111	1000	0
admit-V2-D-decoy-0002	admit	0	16	3	1	1	1000	46	0	743	1000	111	1000	0
admit-V2-D-decoy-0003	admit	0	1	1	1	1	710	15	0	0	250	1000	0	0
admit-V2-D-decoy-0003	admit	0	2	2	1	1	1000	31	0	711	500	111	1000	0
admit-V2-D-decoy-0003	admit	0	4	4	1	1	1000	62	0	763	1000	111	1000	0
admit-V2-D-decoy-0003	admit	0	8	4	1	1	1000	62	0	763	1000	111	1000	0
admit-V2-D-decoy-0003	admit	0	16	4	1	1	1000	62	0	763	1000	111	1000	0
admit-V2-D-decoy-0004	admit	0	1	1	1	1	710	15	0	0	200	1000	0	0
admit-V2-D-decoy-0004	admit	0	2	2	1	1	1000	31	0	711	400	111	1000	0
admit-V2-D-decoy-0004	admit	0	4	4	1	1	1000	62	0	763	800	111	1000	0
admit-V2-D-decoy-0004	admit	0	8	5	1	1	1000	78	0	874	1000	111	1000	0
admit-V2-D-decoy-0004	admit	0	16	5	1	1	1000	78	0	874	1000	111	1000	0
admit-V2-D-decoy-0005	admit	0	1	1	1	1	710	15	0	0	166	1000	0	0
admit-V2-D-decoy-0005	admit	0	2	2	1	1	1000	31	0	711	333	111	1000	0
admit-V2-D-decoy-0005	admit	0	4	4	1	1	1000	62	0	763	666	111	1000	0
admit-V2-D-decoy-0005	admit	0	8	6	1	1	1000	93	0	874	1000	111	1000	0
admit-V2-D-decoy-0005	admit	0	16	6	1	1	1000	93	0	874	1000	111	1000	0
admit-V2-D-decoy-0006	admit	0	1	1	1	1	710	15	0	0	142	1000	0	0
admit-V2-D-decoy-0006	admit	0	2	2	1	1	1000	31	0	711	285	111	1000	0
admit-V2-D-decoy-0006	admit	0	4	4	1	1	1000	62	0	763	571	111	1000	0
admit-V2-D-decoy-0006	admit	0	8	7	1	1	1000	109	0	884	1000	111	1000	0
admit-V2-D-decoy-0006	admit	0	16	7	1	1	1000	109	0	884	1000	111	1000	0
admit-V2-D-decoy-0007	admit	0	1	1	1	1	710	15	0	0	125	1000	0	0
admit-V2-D-decoy-0007	admit	0	2	2	1	1	1000	31	0	711	250	111	1000	0
admit-V2-D-decoy-0007	admit	0	4	4	1	1	1000	62	0	763	500	111	1000	0
admit-V2-D-decoy-0007	admit	0	8	8	1	1	1000	125	0	887	1000	111	1000	0
admit-V2-D-decoy-0007	admit	0	16	8	1	1	1000	125	0	887	1000	111	1000	0
admit-V2-D-decoy-0008	admit	0	1	1	1	1	710	15	0	0	111	1000	0	0
admit-V2-D-decoy-0008	admit	0	2	2	1	1	1000	31	0	711	222	111	1000	0
admit-V2-D-decoy-0008	admit	0	4	4	1	1	1000	62	0	763	444	111	1000	0
admit-V2-D-decoy-0008	admit	0	8	8	1	1	1000	125	0	887	888	111	1000	0
admit-V2-D-decoy-0008	admit	0	16	9	1	1	1000	140	0	896	1000	111	1000	0
admit-V2-D-decoy-0009	admit	0	1	1	1	1	710	15	0	0	100	1000	0	0
admit-V2-D-decoy-0009	admit	0	2	2	1	1	1000	31	0	711	200	111	1000	0
admit-V2-D-decoy-0009	admit	0	4	4	1	1	1000	62	0	763	400	111	1000	0
admit-V2-D-decoy-0009	admit	0	8	8	1	1	1000	125	0	887	800	111	1000	0
admit-V2-D-decoy-0009	admit	0	16	10	1	1	1000	156	0	898	1000	111	1000	0
admit-V2-D-decoy-0010	admit	0	1	1	1	1	710	15	0	0	90	1000	0	0
admit-V2-D-decoy-0010	admit	0	2	2	1	1	1000	31	0	711	181	111	1000	0
admit-V2-D-decoy-0010	admit	0	4	4	1	1	1000	62	0	763	363	111	1000	0
admit-V2-D-decoy-0010	admit	0	8	8	1	1	1000	125	0	887	727	111	1000	0
admit-V2-D-decoy-0010	admit	0	16	11	1	1	1000	171	0	933	1000	111	1000	0
admit-V2-D-decoy-0011	admit	0	1	1	1	1	710	15	0	0	83	1000	0	0
admit-V2-D-decoy-0011	admit	0	2	2	1	1	1000	31	0	711	166	111	1000	0
admit-V2-D-decoy-0011	admit	0	4	4	1	1	1000	62	0	763	333	111	1000	0
admit-V2-D-decoy-0011	admit	0	8	8	1	1	1000	125	0	887	666	111	1000	0
admit-V2-D-decoy-0011	admit	0	16	12	1	1	1000	187	0	933	1000	111	1000	0
admit-V2-D-decoy-0012	admit	0	1	1	1	1	710	15	0	0	76	1000	0	0
admit-V2-D-decoy-0012	admit	0	2	2	1	1	1000	31	0	711	153	111	1000	0
admit-V2-D-decoy-0012	admit	0	4	4	1	1	1000	62	0	763	307	111	1000	0
admit-V2-D-decoy-0012	admit	0	8	8	1	1	1000	125	0	887	615	111	1000	0
admit-V2-D-decoy-0012	admit	0	16	13	1	1	1000	203	0	934	1000	111	1000	0
admit-V2-D-decoy-0013	admit	0	1	1	1	1	710	15	0	0	71	1000	0	0
admit-V2-D-decoy-0013	admit	0	2	2	1	1	1000	31	0	711	142	111	1000	0
admit-V2-D-decoy-0013	admit	0	4	4	1	1	1000	62	0	763	285	111	1000	0
admit-V2-D-decoy-0013	admit	0	8	8	1	1	1000	125	0	887	571	111	1000	0
admit-V2-D-decoy-0013	admit	0	16	14	1	1	1000	218	0	937	1000	111	1000	0
admit-V2-D-decoy-0014	admit	0	1	1	1	1	710	15	0	0	66	1000	0	0
admit-V2-D-decoy-0014	admit	0	2	2	1	1	1000	31	0	711	133	111	1000	0
admit-V2-D-decoy-0014	admit	0	4	4	1	1	1000	62	0	763	266	111	1000	0
admit-V2-D-decoy-0014	admit	0	8	8	1	1	1000	125	0	887	533	111	1000	0
admit-V2-D-decoy-0014	admit	0	16	15	1	1	1000	234	0	942	1000	111	1000	0
admit-V2-D-decoy-0015	admit	0	1	1	1	1	710	15	0	0	62	1000	0	0
admit-V2-D-decoy-0015	admit	0	2	2	1	1	1000	31	0	711	125	111	1000	0
admit-V2-D-decoy-0015	admit	0	4	4	1	1	1000	62	0	763	250	111	1000	0
admit-V2-D-decoy-0015	admit	0	8	8	1	1	1000	125	0	887	500	111	1000	0
admit-V2-D-decoy-0015	admit	0	16	16	1	1	1000	250	0	949	1000	111	1000	0
admit-V2-D-decoy-0016	admit	0	1	1	1	1	710	15	0	0	58	1000	0	0
admit-V2-D-decoy-0016	admit	0	2	2	1	1	1000	31	0	711	117	111	1000	0
admit-V2-D-decoy-0016	admit	0	4	4	1	1	1000	62	0	763	235	111	1000	0
admit-V2-D-decoy-0016	admit	0	8	8	1	1	1000	125	0	887	470	111	1000	0
admit-V2-D-decoy-0016	admit	0	16	16	1	1	1000	250	0	949	941	111	1000	0
admit-V2-D-decoy-0017	admit	0	1	1	1	1	710	15	0	0	55	1000	0	0
admit-V2-D-decoy-0017	admit	0	2	2	1	1	1000	31	0	711	111	111	1000	0
admit-V2-D-decoy-0017	admit	0	4	4	1	1	1000	62	0	763	222	111	1000	0
admit-V2-D-decoy-0017	admit	0	8	8	1	1	1000	125	0	887	444	111	1000	0
admit-V2-D-decoy-0017	admit	0	16	16	1	1	1000	250	0	949	888	111	1000	0
admit-V2-D-decoy-0018	admit	0	1	1	1	1	710	15	0	0	52	1000	0	0
admit-V2-D-decoy-0018	admit	0	2	2	1	1	1000	31	0	711	105	111	1000	0
admit-V2-D-decoy-0018	admit	0	4	4	1	1	1000	62	0	763	210	111	1000	0
admit-V2-D-decoy-0018	admit	0	8	8	1	1	1000	125	0	887	421	111	1000	0
admit-V2-D-decoy-0018	admit	0	16	16	1	1	1000	250	0	949	842	111	1000	0
admit-V2-D-decoy-0019	admit	0	1	1	1	1	931	15	0	0	1000	111	1000	0
admit-V2-D-decoy-0019	admit	0	2	1	1	1	931	15	0	0	1000	111	1000	0
admit-V2-D-decoy-0019	admit	0	4	1	1	1	931	15	0	0	1000	111	1000	0
admit-V2-D-decoy-0019	admit	0	8	1	1	1	931	15	0	0	1000	111	1000	0
admit-V2-D-decoy-0019	admit	0	16	1	1	1	931	15	0	0	1000	111	1000	0
admit-V2-D-decoy-0020	admit	0	1	1	1	1	931	15	0	0	500	111	1000	0
admit-V2-D-decoy-0020	admit	0	2	2	1	1	1000	31	0	946	1000	111	1000	0
admit-V2-D-decoy-0020	admit	0	4	2	1	1	1000	31	0	946	1000	111	1000	0
admit-V2-D-decoy-0020	admit	0	8	2	1	1	1000	31	0	946	1000	111	1000	0
admit-V2-D-decoy-0020	admit	0	16	2	1	1	1000	31	0	946	1000	111	1000	0
admit-V2-D-decoy-0021	admit	0	1	1	1	1	931	15	0	0	333	111	1000	0
admit-V2-D-decoy-0021	admit	0	2	2	1	1	1000	31	0	946	666	111	1000	0
admit-V2-D-decoy-0021	admit	0	4	3	1	1	1000	46	0	948	1000	111	1000	0
admit-V2-D-decoy-0021	admit	0	8	3	1	1	1000	46	0	948	1000	111	1000	0
admit-V2-D-decoy-0021	admit	0	16	3	1	1	1000	46	0	948	1000	111	1000	0
admit-V2-D-decoy-0022	admit	0	1	1	1	1	931	15	0	0	250	111	1000	0
admit-V2-D-decoy-0022	admit	0	2	2	1	1	1000	31	0	946	500	111	1000	0
admit-V2-D-decoy-0022	admit	0	4	4	1	1	1000	62	0	754	1000	111	1000	0
admit-V2-D-decoy-0022	admit	0	8	4	1	1	1000	62	0	754	1000	111	1000	0
admit-V2-D-decoy-0022	admit	0	16	4	1	1	1000	62	0	754	1000	111	1000	0
admit-V2-D-decoy-0023	admit	0	1	1	1	1	931	15	0	0	200	111	1000	0
admit-V2-D-decoy-0023	admit	0	2	2	1	1	1000	31	0	946	400	111	1000	0
admit-V2-D-decoy-0023	admit	0	4	4	1	1	1000	62	0	754	800	111	1000	0
admit-V2-D-decoy-0023	admit	0	8	5	1	1	1000	78	0	754	1000	111	1000	0
admit-V2-D-decoy-0023	admit	0	16	5	1	1	1000	78	0	754	1000	111	1000	0
admit-V2-D-decoy-0024	admit	0	1	1	1	1	931	15	0	0	166	111	1000	0
admit-V2-D-decoy-0024	admit	0	2	2	1	1	1000	31	0	946	333	111	1000	0
admit-V2-D-decoy-0024	admit	0	4	4	1	1	1000	62	0	754	666	111	1000	0
admit-V2-D-decoy-0024	admit	0	8	6	1	1	1000	93	0	777	1000	111	1000	0
admit-V2-D-decoy-0024	admit	0	16	6	1	1	1000	93	0	777	1000	111	1000	0
admit-V2-D-decoy-0025	admit	0	1	1	1	1	931	15	0	0	142	111	1000	0
admit-V2-D-decoy-0025	admit	0	2	2	1	1	1000	31	0	946	285	111	1000	0
admit-V2-D-decoy-0025	admit	0	4	4	1	1	1000	62	0	754	571	111	1000	0
admit-V2-D-decoy-0025	admit	0	8	7	1	1	1000	109	0	862	1000	111	1000	0
admit-V2-D-decoy-0025	admit	0	16	7	1	1	1000	109	0	862	1000	111	1000	0
admit-V2-D-decoy-0026	admit	0	1	1	1	1	931	15	0	0	125	111	1000	0
admit-V2-D-decoy-0026	admit	0	2	2	1	1	1000	31	0	946	250	111	1000	0
admit-V2-D-decoy-0026	admit	0	4	4	1	1	1000	62	0	754	500	111	1000	0
admit-V2-D-decoy-0026	admit	0	8	8	1	1	1000	125	0	901	1000	111	1000	0
admit-V2-D-decoy-0026	admit	0	16	8	1	1	1000	125	0	901	1000	111	1000	0
admit-V2-D-decoy-0027	admit	0	1	1	1	1	931	15	0	0	111	111	1000	0
admit-V2-D-decoy-0027	admit	0	2	2	1	1	1000	31	0	946	222	111	1000	0
admit-V2-D-decoy-0027	admit	0	4	4	1	1	1000	62	0	754	444	111	1000	0
admit-V2-D-decoy-0027	admit	0	8	8	1	1	1000	125	0	901	888	111	1000	0
admit-V2-D-decoy-0027	admit	0	16	9	1	1	1000	140	0	917	1000	111	1000	0
admit-V2-D-decoy-0028	admit	0	1	1	1	1	764	15	0	0	1000	1000	0	0
admit-V2-D-decoy-0028	admit	0	2	2	1	1	764	31	0	0	1000	1000	0	0
admit-V2-D-decoy-0028	admit	0	4	2	1	1	764	31	0	0	1000	1000	0	0
admit-V2-D-decoy-0028	admit	0	8	2	1	1	764	31	0	0	1000	1000	0	0
admit-V2-D-decoy-0028	admit	0	16	2	1	1	764	31	0	0	1000	1000	0	0
admit-V2-D-decoy-0029	admit	0	1	1	1	1	764	15	0	0	500	1000	0	0
admit-V2-D-decoy-0029	admit	0	2	2	1	1	1000	31	0	764	1000	111	1000	0
admit-V2-D-decoy-0029	admit	0	4	2	1	1	1000	31	0	764	1000	111	1000	0
admit-V2-D-decoy-0029	admit	0	8	2	1	1	1000	31	0	764	1000	111	1000	0
admit-V2-D-decoy-0029	admit	0	16	2	1	1	1000	31	0	764	1000	111	1000	0
admit-V2-D-decoy-0030	admit	0	1	1	1	1	764	15	0	0	333	1000	0	0
admit-V2-D-decoy-0030	admit	0	2	2	1	1	1000	31	0	764	666	111	1000	0
admit-V2-D-decoy-0030	admit	0	4	3	1	1	1000	46	0	774	1000	111	1000	0
admit-V2-D-decoy-0030	admit	0	8	3	1	1	1000	46	0	774	1000	111	1000	0
admit-V2-D-decoy-0030	admit	0	16	3	1	1	1000	46	0	774	1000	111	1000	0
admit-V2-D-decoy-0031	admit	0	1	1	1	1	764	15	0	0	250	1000	0	0
admit-V2-D-decoy-0031	admit	0	2	2	1	1	1000	31	0	764	500	111	1000	0
admit-V2-D-decoy-0031	admit	0	4	4	1	1	1000	62	0	788	1000	111	1000	0
admit-V2-D-decoy-0031	admit	0	8	4	1	1	1000	62	0	788	1000	111	1000	0
admit-V2-D-decoy-0031	admit	0	16	4	1	1	1000	62	0	788	1000	111	1000	0
admit-V2-D-decoy-0032	admit	0	1	1	1	1	764	15	0	0	200	1000	0	0
admit-V2-D-decoy-0032	admit	0	2	2	1	1	1000	31	0	764	400	111	1000	0
admit-V2-D-decoy-0032	admit	0	4	4	1	1	1000	62	0	788	800	111	1000	0
admit-V2-D-decoy-0032	admit	0	8	5	1	1	1000	78	0	798	1000	111	1000	0
admit-V2-D-decoy-0032	admit	0	16	5	1	1	1000	78	0	798	1000	111	1000	0
admit-V2-D-decoy-0033	admit	0	1	1	1	1	764	15	0	0	166	1000	0	0
admit-V2-D-decoy-0033	admit	0	2	2	1	1	1000	31	0	764	333	111	1000	0
admit-V2-D-decoy-0033	admit	0	4	4	1	1	1000	62	0	788	666	111	1000	0
admit-V2-D-decoy-0033	admit	0	8	6	1	1	1000	93	0	798	1000	111	1000	0
admit-V2-D-decoy-0033	admit	0	16	6	1	1	1000	93	0	798	1000	111	1000	0
admit-V2-D-decoy-0034	admit	0	1	1	1	1	764	15	0	0	142	1000	0	0
admit-V2-D-decoy-0034	admit	0	2	2	1	1	1000	31	0	764	285	111	1000	0
admit-V2-D-decoy-0034	admit	0	4	4	1	1	1000	62	0	788	571	111	1000	0
admit-V2-D-decoy-0034	admit	0	8	7	1	1	1000	109	0	799	1000	111	1000	0
admit-V2-D-decoy-0034	admit	0	16	7	1	1	1000	109	0	799	1000	111	1000	0
admit-V2-D-decoy-0035	admit	0	1	1	1	1	764	15	0	0	125	1000	0	0
admit-V2-D-decoy-0035	admit	0	2	2	1	1	1000	31	0	764	250	111	1000	0
admit-V2-D-decoy-0035	admit	0	4	4	1	1	1000	62	0	788	500	111	1000	0
admit-V2-D-decoy-0035	admit	0	8	8	1	1	1000	125	0	799	1000	111	1000	0
admit-V2-D-decoy-0035	admit	0	16	8	1	1	1000	125	0	799	1000	111	1000	0
admit-V2-D-decoy-0036	admit	0	1	1	1	1	764	15	0	0	111	1000	0	0
admit-V2-D-decoy-0036	admit	0	2	2	1	1	1000	31	0	764	222	111	1000	0
admit-V2-D-decoy-0036	admit	0	4	4	1	1	1000	62	0	788	444	111	1000	0
admit-V2-D-decoy-0036	admit	0	8	8	1	1	1000	125	0	799	888	111	1000	0
admit-V2-D-decoy-0036	admit	0	16	9	1	1	1000	140	0	800	1000	111	1000	0
admit-V2-D-decoy-0037	admit	0	1	1	1	1	764	15	0	0	100	1000	0	0
admit-V2-D-decoy-0037	admit	0	2	2	1	1	1000	31	0	764	200	111	1000	0
admit-V2-D-decoy-0037	admit	0	4	4	1	1	1000	62	0	788	400	111	1000	0
admit-V2-D-decoy-0037	admit	0	8	8	1	1	1000	125	0	799	800	111	1000	0
admit-V2-D-decoy-0037	admit	0	16	10	1	1	1000	156	0	806	1000	111	1000	0
admit-V2-D-decoy-0038	admit	0	1	1	1	1	764	15	0	0	90	1000	0	0
admit-V2-D-decoy-0038	admit	0	2	2	1	1	1000	31	0	764	181	111	1000	0
admit-V2-D-decoy-0038	admit	0	4	4	1	1	1000	62	0	788	363	111	1000	0
admit-V2-D-decoy-0038	admit	0	8	8	1	1	1000	125	0	799	727	111	1000	0
admit-V2-D-decoy-0038	admit	0	16	11	1	1	1000	171	0	832	1000	111	1000	0
admit-V2-D-decoy-0039	admit	0	1	1	1	1	764	15	0	0	83	1000	0	0
admit-V2-D-decoy-0039	admit	0	2	2	1	1	1000	31	0	764	166	111	1000	0
admit-V2-D-decoy-0039	admit	0	4	4	1	1	1000	62	0	788	333	111	1000	0
admit-V2-D-decoy-0039	admit	0	8	8	1	1	1000	125	0	799	666	111	1000	0
admit-V2-D-decoy-0039	admit	0	16	12	1	1	1000	187	0	830	1000	111	1000	0
admit-V2-D-decoy-0040	admit	0	1	1	1	1	764	15	0	0	76	1000	0	0
admit-V2-D-decoy-0040	admit	0	2	2	1	1	1000	31	0	764	153	111	1000	0
admit-V2-D-decoy-0040	admit	0	4	4	1	1	1000	62	0	788	307	111	1000	0
admit-V2-D-decoy-0040	admit	0	8	8	1	1	1000	125	0	799	615	111	1000	0
admit-V2-D-decoy-0040	admit	0	16	13	1	1	1000	203	0	819	1000	111	1000	0
admit-V2-D-decoy-0041	admit	0	1	1	1	1	764	15	0	0	71	1000	0	0
admit-V2-D-decoy-0041	admit	0	2	2	1	1	1000	31	0	764	142	111	1000	0
admit-V2-D-decoy-0041	admit	0	4	4	1	1	1000	62	0	788	285	111	1000	0
admit-V2-D-decoy-0041	admit	0	8	8	1	1	1000	125	0	799	571	111	1000	0
admit-V2-D-decoy-0041	admit	0	16	14	1	1	1000	218	0	819	1000	111	1000	0
admit-V2-D-decoy-0042	admit	0	1	1	1	1	764	15	0	0	66	1000	0	0
admit-V2-D-decoy-0042	admit	0	2	2	1	1	1000	31	0	764	133	111	1000	0
admit-V2-D-decoy-0042	admit	0	4	4	1	1	1000	62	0	788	266	111	1000	0
admit-V2-D-decoy-0042	admit	0	8	8	1	1	1000	125	0	799	533	111	1000	0
admit-V2-D-decoy-0042	admit	0	16	15	1	1	1000	234	0	806	1000	111	1000	0
admit-V2-D-decoy-0043	admit	0	1	1	1	1	764	15	0	0	62	1000	0	0
admit-V2-D-decoy-0043	admit	0	2	2	1	1	1000	31	0	764	125	111	1000	0
admit-V2-D-decoy-0043	admit	0	4	4	1	1	1000	62	0	788	250	111	1000	0
admit-V2-D-decoy-0043	admit	0	8	8	1	1	1000	125	0	799	500	111	1000	0
admit-V2-D-decoy-0043	admit	0	16	16	1	1	1000	250	0	869	1000	111	1000	0
admit-V2-D-decoy-0044	admit	0	1	1	1	1	764	15	0	0	58	1000	0	0
admit-V2-D-decoy-0044	admit	0	2	2	1	1	1000	31	0	764	117	111	1000	0
admit-V2-D-decoy-0044	admit	0	4	4	1	1	1000	62	0	788	235	111	1000	0
admit-V2-D-decoy-0044	admit	0	8	8	1	1	1000	125	0	799	470	111	1000	0
admit-V2-D-decoy-0044	admit	0	16	16	1	1	1000	250	0	869	941	111	1000	0
admit-V2-D-decoy-0045	admit	0	1	1	1	1	764	15	0	0	55	1000	0	0
admit-V2-D-decoy-0045	admit	0	2	2	1	1	1000	31	0	764	111	111	1000	0
admit-V2-D-decoy-0045	admit	0	4	4	1	1	1000	62	0	788	222	111	1000	0
admit-V2-D-decoy-0045	admit	0	8	8	1	1	1000	125	0	799	444	111	1000	0
admit-V2-D-decoy-0045	admit	0	16	16	1	1	1000	250	0	869	888	111	1000	0
admit-V2-D-decoy-0046	admit	0	1	1	1	1	764	15	0	0	52	1000	0	0
admit-V2-D-decoy-0046	admit	0	2	2	1	1	1000	31	0	764	105	111	1000	0
admit-V2-D-decoy-0046	admit	0	4	4	1	1	1000	62	0	788	210	111	1000	0
admit-V2-D-decoy-0046	admit	0	8	8	1	1	1000	125	0	799	421	111	1000	0
admit-V2-D-decoy-0046	admit	0	16	16	1	1	1000	250	0	869	842	111	1000	0
admit-V2-D-decoy-0047	admit	0	1	1	1	1	764	15	0	0	50	1000	0	0
admit-V2-D-decoy-0047	admit	0	2	2	1	1	1000	31	0	764	100	111	1000	0
admit-V2-D-decoy-0047	admit	0	4	4	1	1	1000	62	0	788	200	111	1000	0
admit-V2-D-decoy-0047	admit	0	8	8	1	1	1000	125	0	799	400	111	1000	0
admit-V2-D-decoy-0047	admit	0	16	16	1	1	1000	250	0	869	800	111	1000	0
admit-V2-D-decoy-0048	admit	0	1	1	1	1	764	15	0	0	47	1000	0	0
admit-V2-D-decoy-0048	admit	0	2	2	1	1	1000	31	0	764	95	111	1000	0
admit-V2-D-decoy-0048	admit	0	4	4	1	1	1000	62	0	788	190	111	1000	0
admit-V2-D-decoy-0048	admit	0	8	8	1	1	1000	125	0	799	380	111	1000	0
admit-V2-D-decoy-0048	admit	0	16	16	1	1	1000	250	0	869	761	111	1000	0
admit-V2-D-decoy-0049	admit	0	1	1	1	1	764	15	0	0	45	1000	0	0
admit-V2-D-decoy-0049	admit	0	2	2	1	1	1000	31	0	764	90	111	1000	0
admit-V2-D-decoy-0049	admit	0	4	4	1	1	1000	62	0	788	181	111	1000	0
admit-V2-D-decoy-0049	admit	0	8	8	1	1	1000	125	0	799	363	111	1000	0
admit-V2-D-decoy-0049	admit	0	16	16	1	1	1000	250	0	869	727	111	1000	0
admit-V2-D-decoy-0050	admit	0	1	1	1	1	764	15	0	0	43	1000	0	0
admit-V2-D-decoy-0050	admit	0	2	2	1	1	1000	31	0	764	86	111	1000	0
admit-V2-D-decoy-0050	admit	0	4	4	1	1	1000	62	0	788	173	111	1000	0
admit-V2-D-decoy-0050	admit	0	8	8	1	1	1000	125	0	799	347	111	1000	0
admit-V2-D-decoy-0050	admit	0	16	16	1	1	1000	250	0	869	695	111	1000	0
admit-V2-D-decoy-0051	admit	0	1	1	1	1	764	15	0	0	41	1000	0	0
admit-V2-D-decoy-0051	admit	0	2	2	1	1	1000	31	0	764	83	111	1000	0
admit-V2-D-decoy-0051	admit	0	4	4	1	1	1000	62	0	788	166	111	1000	0
admit-V2-D-decoy-0051	admit	0	8	8	1	1	1000	125	0	799	333	111	1000	0
admit-V2-D-decoy-0051	admit	0	16	16	1	1	1000	250	0	869	666	111	1000	0
admit-V2-D-install-0000	admit	0	1	1	1	1	710	15	0	0	1000	1000	0	0
admit-V2-D-install-0000	admit	0	2	2	1	1	710	31	0	0	1000	1000	0	0
admit-V2-D-install-0000	admit	0	4	2	1	1	710	31	0	0	1000	1000	0	0
admit-V2-D-install-0000	admit	0	8	2	1	1	710	31	0	0	1000	1000	0	0
admit-V2-D-install-0000	admit	0	16	2	1	1	710	31	0	0	1000	1000	0	0
admit-V2-D-install-0001	admit	0	1	1	1	1	710	15	0	0	500	1000	0	0
admit-V2-D-install-0001	admit	0	2	2	1	1	1000	31	0	711	1000	111	1000	0
admit-V2-D-install-0001	admit	0	4	2	1	1	1000	31	0	711	1000	111	1000	0
admit-V2-D-install-0001	admit	0	8	2	1	1	1000	31	0	711	1000	111	1000	0
admit-V2-D-install-0001	admit	0	16	2	1	1	1000	31	0	711	1000	111	1000	0
admit-V2-D-install-0002	admit	0	1	1	1	1	710	15	0	0	333	1000	0	0
admit-V2-D-install-0002	admit	0	2	2	1	1	1000	31	0	711	666	111	1000	0
admit-V2-D-install-0002	admit	0	4	3	1	1	1000	46	0	743	1000	111	1000	0
admit-V2-D-install-0002	admit	0	8	3	1	1	1000	46	0	743	1000	111	1000	0
admit-V2-D-install-0002	admit	0	16	3	1	1	1000	46	0	743	1000	111	1000	0
admit-V2-D-install-0003	admit	0	1	1	1	1	710	15	0	0	250	1000	0	0
admit-V2-D-install-0003	admit	0	2	2	1	1	1000	31	0	711	500	111	1000	0
admit-V2-D-install-0003	admit	0	4	4	1	1	1000	62	0	763	1000	111	1000	0
admit-V2-D-install-0003	admit	0	8	4	1	1	1000	62	0	763	1000	111	1000	0
admit-V2-D-install-0003	admit	0	16	4	1	1	1000	62	0	763	1000	111	1000	0
admit-V2-D-install-0004	admit	0	1	1	1	1	710	15	0	0	200	1000	0	0
admit-V2-D-install-0004	admit	0	2	2	1	1	1000	31	0	711	400	111	1000	0
admit-V2-D-install-0004	admit	0	4	4	1	1	1000	62	0	763	800	111	1000	0
admit-V2-D-install-0004	admit	0	8	5	1	1	1000	78	0	874	1000	111	1000	0
admit-V2-D-install-0004	admit	0	16	5	1	1	1000	78	0	874	1000	111	1000	0
admit-V2-D-install-0005	admit	0	1	1	1	1	710	15	0	0	166	1000	0	0
admit-V2-D-install-0005	admit	0	2	2	1	1	1000	31	0	711	333	111	1000	0
admit-V2-D-install-0005	admit	0	4	4	1	1	1000	62	0	763	666	111	1000	0
admit-V2-D-install-0005	admit	0	8	6	1	1	1000	93	0	884	1000	111	1000	0
admit-V2-D-install-0005	admit	0	16	6	1	1	1000	93	0	884	1000	111	1000	0
admit-V2-D-install-0006	admit	0	1	1	1	1	710	15	0	0	142	1000	0	0
admit-V2-D-install-0006	admit	0	2	2	1	1	1000	31	0	711	285	111	1000	0
admit-V2-D-install-0006	admit	0	4	4	1	1	1000	62	0	763	571	111	1000	0
admit-V2-D-install-0006	admit	0	8	7	1	1	1000	109	0	887	1000	111	1000	0
admit-V2-D-install-0006	admit	0	16	7	1	1	1000	109	0	887	1000	111	1000	0
admit-V2-D-install-0007	admit	0	1	1	1	1	710	15	0	0	125	1000	0	0
admit-V2-D-install-0007	admit	0	2	2	1	1	1000	31	0	711	250	111	1000	0
admit-V2-D-install-0007	admit	0	4	4	1	1	1000	62	0	763	500	111	1000	0
admit-V2-D-install-0007	admit	0	8	8	1	1	1000	125	0	896	1000	111	1000	0
admit-V2-D-install-0007	admit	0	16	8	1	1	1000	125	0	896	1000	111	1000	0
admit-V2-D-install-0008	admit	0	1	1	1	1	710	15	0	0	111	1000	0	0
admit-V2-D-install-0008	admit	0	2	2	1	1	1000	31	0	711	222	111	1000	0
admit-V2-D-install-0008	admit	0	4	4	1	1	1000	62	0	763	444	111	1000	0
admit-V2-D-install-0008	admit	0	8	8	1	1	1000	125	0	896	888	111	1000	0
admit-V2-D-install-0008	admit	0	16	9	1	1	1000	140	0	898	1000	111	1000	0
admit-V2-D-install-0009	admit	0	1	1	1	1	710	15	0	0	100	1000	0	0
admit-V2-D-install-0009	admit	0	2	2	1	1	1000	31	0	711	200	111	1000	0
admit-V2-D-install-0009	admit	0	4	4	1	1	1000	62	0	763	400	111	1000	0
admit-V2-D-install-0009	admit	0	8	8	1	1	1000	125	0	896	800	111	1000	0
admit-V2-D-install-0009	admit	0	16	10	1	1	1000	156	0	933	1000	111	1000	0
admit-V2-D-install-0010	admit	0	1	1	1	1	710	15	0	0	90	1000	0	0
admit-V2-D-install-0010	admit	0	2	2	1	1	1000	31	0	711	181	111	1000	0
admit-V2-D-install-0010	admit	0	4	4	1	1	1000	62	0	763	363	111	1000	0
admit-V2-D-install-0010	admit	0	8	8	1	1	1000	125	0	896	727	111	1000	0
admit-V2-D-install-0010	admit	0	16	11	1	1	1000	171	0	934	1000	111	1000	0
admit-V2-D-install-0011	admit	0	1	1	1	1	710	15	0	0	83	1000	0	0
admit-V2-D-install-0011	admit	0	2	2	1	1	1000	31	0	711	166	111	1000	0
admit-V2-D-install-0011	admit	0	4	4	1	1	1000	62	0	763	333	111	1000	0
admit-V2-D-install-0011	admit	0	8	8	1	1	1000	125	0	896	666	111	1000	0
admit-V2-D-install-0011	admit	0	16	12	1	1	1000	187	0	937	1000	111	1000	0
admit-V2-D-install-0012	admit	0	1	1	1	1	710	15	0	0	76	1000	0	0
admit-V2-D-install-0012	admit	0	2	2	1	1	1000	31	0	711	153	111	1000	0
admit-V2-D-install-0012	admit	0	4	4	1	1	1000	62	0	763	307	111	1000	0
admit-V2-D-install-0012	admit	0	8	8	1	1	1000	125	0	896	615	111	1000	0
admit-V2-D-install-0012	admit	0	16	13	1	1	1000	203	0	942	1000	111	1000	0
admit-V2-D-install-0013	admit	0	1	1	1	1	710	15	0	0	71	1000	0	0
admit-V2-D-install-0013	admit	0	2	2	1	1	1000	31	0	711	142	111	1000	0
admit-V2-D-install-0013	admit	0	4	4	1	1	1000	62	0	763	285	111	1000	0
admit-V2-D-install-0013	admit	0	8	8	1	1	1000	125	0	896	571	111	1000	0
admit-V2-D-install-0013	admit	0	16	14	1	1	1000	218	0	949	1000	111	1000	0
admit-V2-D-install-0014	admit	0	1	1	1	1	710	15	0	0	66	1000	0	0
admit-V2-D-install-0014	admit	0	2	2	1	1	1000	31	0	711	133	111	1000	0
admit-V2-D-install-0014	admit	0	4	4	1	1	1000	62	0	763	266	111	1000	0
admit-V2-D-install-0014	admit	0	8	8	1	1	1000	125	0	896	533	111	1000	0
admit-V2-D-install-0014	admit	0	16	15	1	1	1000	234	0	951	1000	111	1000	0
admit-V2-D-install-0015	admit	0	1	1	1	1	710	15	0	0	62	1000	0	0
admit-V2-D-install-0015	admit	0	2	2	1	1	1000	31	0	711	125	111	1000	0
admit-V2-D-install-0015	admit	0	4	4	1	1	1000	62	0	763	250	111	1000	0
admit-V2-D-install-0015	admit	0	8	8	1	1	1000	125	0	896	500	111	1000	0
admit-V2-D-install-0015	admit	0	16	16	1	1	1000	250	0	955	1000	111	1000	0
admit-V2-D-install-0016	admit	0	1	1	1	1	931	15	0	0	1000	111	1000	0
admit-V2-D-install-0016	admit	0	2	1	1	1	931	15	0	0	1000	111	1000	0
admit-V2-D-install-0016	admit	0	4	1	1	1	931	15	0	0	1000	111	1000	0
admit-V2-D-install-0016	admit	0	8	1	1	1	931	15	0	0	1000	111	1000	0
admit-V2-D-install-0016	admit	0	16	1	1	1	931	15	0	0	1000	111	1000	0
admit-V2-D-install-0017	admit	0	1	1	1	1	931	15	0	0	500	111	1000	0
admit-V2-D-install-0017	admit	0	2	2	1	1	1000	31	0	946	1000	111	1000	0
admit-V2-D-install-0017	admit	0	4	2	1	1	1000	31	0	946	1000	111	1000	0
admit-V2-D-install-0017	admit	0	8	2	1	1	1000	31	0	946	1000	111	1000	0
admit-V2-D-install-0017	admit	0	16	2	1	1	1000	31	0	946	1000	111	1000	0
admit-V2-D-install-0018	admit	0	1	1	1	1	931	15	0	0	333	111	1000	0
admit-V2-D-install-0018	admit	0	2	2	1	1	1000	31	0	946	666	111	1000	0
admit-V2-D-install-0018	admit	0	4	3	1	1	1000	46	0	948	1000	111	1000	0
admit-V2-D-install-0018	admit	0	8	3	1	1	1000	46	0	948	1000	111	1000	0
admit-V2-D-install-0018	admit	0	16	3	1	1	1000	46	0	948	1000	111	1000	0
admit-V2-D-install-0019	admit	0	1	1	1	1	931	15	0	0	250	111	1000	0
admit-V2-D-install-0019	admit	0	2	2	1	1	1000	31	0	946	500	111	1000	0
admit-V2-D-install-0019	admit	0	4	4	1	1	1000	62	0	754	1000	111	1000	0
admit-V2-D-install-0019	admit	0	8	4	1	1	1000	62	0	754	1000	111	1000	0
admit-V2-D-install-0019	admit	0	16	4	1	1	1000	62	0	754	1000	111	1000	0
admit-V2-D-install-0020	admit	0	1	1	1	1	931	15	0	0	200	111	1000	0
admit-V2-D-install-0020	admit	0	2	2	1	1	1000	31	0	946	400	111	1000	0
admit-V2-D-install-0020	admit	0	4	4	1	1	1000	62	0	754	800	111	1000	0
admit-V2-D-install-0020	admit	0	8	5	1	1	1000	78	0	777	1000	111	1000	0
admit-V2-D-install-0020	admit	0	16	5	1	1	1000	78	0	777	1000	111	1000	0
admit-V2-D-install-0021	admit	0	1	1	1	1	931	15	0	0	166	111	1000	0
admit-V2-D-install-0021	admit	0	2	2	1	1	1000	31	0	946	333	111	1000	0
admit-V2-D-install-0021	admit	0	4	4	1	1	1000	62	0	754	666	111	1000	0
admit-V2-D-install-0021	admit	0	8	6	1	1	1000	93	0	862	1000	111	1000	0
admit-V2-D-install-0021	admit	0	16	6	1	1	1000	93	0	862	1000	111	1000	0
admit-V2-D-install-0022	admit	0	1	1	1	1	931	15	0	0	142	111	1000	0
admit-V2-D-install-0022	admit	0	2	2	1	1	1000	31	0	946	285	111	1000	0
admit-V2-D-install-0022	admit	0	4	4	1	1	1000	62	0	754	571	111	1000	0
admit-V2-D-install-0022	admit	0	8	7	1	1	1000	109	0	901	1000	111	1000	0
admit-V2-D-install-0022	admit	0	16	7	1	1	1000	109	0	901	1000	111	1000	0
admit-V2-D-install-0023	admit	0	1	1	1	1	931	15	0	0	125	111	1000	0
admit-V2-D-install-0023	admit	0	2	2	1	1	1000	31	0	946	250	111	1000	0
admit-V2-D-install-0023	admit	0	4	4	1	1	1000	62	0	754	500	111	1000	0
admit-V2-D-install-0023	admit	0	8	8	1	1	1000	125	0	917	1000	111	1000	0
admit-V2-D-install-0023	admit	0	16	8	1	1	1000	125	0	917	1000	111	1000	0
admit-V2-D-install-0024	admit	0	1	1	1	1	764	15	0	0	1000	1000	0	0
admit-V2-D-install-0024	admit	0	2	2	1	1	764	31	0	0	1000	1000	0	0
admit-V2-D-install-0024	admit	0	4	2	1	1	764	31	0	0	1000	1000	0	0
admit-V2-D-install-0024	admit	0	8	2	1	1	764	31	0	0	1000	1000	0	0
admit-V2-D-install-0024	admit	0	16	2	1	1	764	31	0	0	1000	1000	0	0
admit-V2-D-install-0025	admit	0	1	1	1	1	764	15	0	0	500	1000	0	0
admit-V2-D-install-0025	admit	0	2	2	1	1	1000	31	0	774	1000	111	1000	0
admit-V2-D-install-0025	admit	0	4	2	1	1	1000	31	0	774	1000	111	1000	0
admit-V2-D-install-0025	admit	0	8	2	1	1	1000	31	0	774	1000	111	1000	0
admit-V2-D-install-0025	admit	0	16	2	1	1	1000	31	0	774	1000	111	1000	0
admit-V2-D-install-0026	admit	0	1	1	1	1	764	15	0	0	333	1000	0	0
admit-V2-D-install-0026	admit	0	2	2	1	1	1000	31	0	774	666	111	1000	0
admit-V2-D-install-0026	admit	0	4	3	1	1	1000	46	0	788	1000	111	1000	0
admit-V2-D-install-0026	admit	0	8	3	1	1	1000	46	0	788	1000	111	1000	0
admit-V2-D-install-0026	admit	0	16	3	1	1	1000	46	0	788	1000	111	1000	0
admit-V2-D-install-0027	admit	0	1	1	1	1	764	15	0	0	250	1000	0	0
admit-V2-D-install-0027	admit	0	2	2	1	1	1000	31	0	774	500	111	1000	0
admit-V2-D-install-0027	admit	0	4	4	1	1	1000	62	0	798	1000	111	1000	0
admit-V2-D-install-0027	admit	0	8	4	1	1	1000	62	0	798	1000	111	1000	0
admit-V2-D-install-0027	admit	0	16	4	1	1	1000	62	0	798	1000	111	1000	0
admit-V2-D-install-0028	admit	0	1	1	1	1	764	15	0	0	200	1000	0	0
admit-V2-D-install-0028	admit	0	2	2	1	1	1000	31	0	774	400	111	1000	0
admit-V2-D-install-0028	admit	0	4	4	1	1	1000	62	0	798	800	111	1000	0
admit-V2-D-install-0028	admit	0	8	5	1	1	1000	78	0	798	1000	111	1000	0
admit-V2-D-install-0028	admit	0	16	5	1	1	1000	78	0	798	1000	111	1000	0
admit-V2-D-install-0029	admit	0	1	1	1	1	764	15	0	0	166	1000	0	0
admit-V2-D-install-0029	admit	0	2	2	1	1	1000	31	0	774	333	111	1000	0
admit-V2-D-install-0029	admit	0	4	4	1	1	1000	62	0	798	666	111	1000	0
admit-V2-D-install-0029	admit	0	8	6	1	1	1000	93	0	799	1000	111	1000	0
admit-V2-D-install-0029	admit	0	16	6	1	1	1000	93	0	799	1000	111	1000	0
admit-V2-D-install-0030	admit	0	1	1	1	1	764	15	0	0	142	1000	0	0
admit-V2-D-install-0030	admit	0	2	2	1	1	1000	31	0	774	285	111	1000	0
admit-V2-D-install-0030	admit	0	4	4	1	1	1000	62	0	798	571	111	1000	0
admit-V2-D-install-0030	admit	0	8	7	1	1	1000	109	0	800	1000	111	1000	0
admit-V2-D-install-0030	admit	0	16	7	1	1	1000	109	0	800	1000	111	1000	0
admit-V2-D-install-0031	admit	0	1	1	1	1	764	15	0	0	125	1000	0	0
admit-V2-D-install-0031	admit	0	2	2	1	1	1000	31	0	774	250	111	1000	0
admit-V2-D-install-0031	admit	0	4	4	1	1	1000	62	0	798	500	111	1000	0
admit-V2-D-install-0031	admit	0	8	8	1	1	1000	125	0	806	1000	111	1000	0
admit-V2-D-install-0031	admit	0	16	8	1	1	1000	125	0	806	1000	111	1000	0
admit-V2-D-install-0032	admit	0	1	1	1	1	764	15	0	0	111	1000	0	0
admit-V2-D-install-0032	admit	0	2	2	1	1	1000	31	0	774	222	111	1000	0
admit-V2-D-install-0032	admit	0	4	4	1	1	1000	62	0	798	444	111	1000	0
admit-V2-D-install-0032	admit	0	8	8	1	1	1000	125	0	806	888	111	1000	0
admit-V2-D-install-0032	admit	0	16	9	1	1	1000	140	0	832	1000	111	1000	0
admit-V2-D-install-0033	admit	0	1	1	1	1	764	15	0	0	100	1000	0	0
admit-V2-D-install-0033	admit	0	2	2	1	1	1000	31	0	774	200	111	1000	0
admit-V2-D-install-0033	admit	0	4	4	1	1	1000	62	0	798	400	111	1000	0
admit-V2-D-install-0033	admit	0	8	8	1	1	1000	125	0	806	800	111	1000	0
admit-V2-D-install-0033	admit	0	16	10	1	1	1000	156	0	830	1000	111	1000	0
admit-V2-D-install-0034	admit	0	1	1	1	1	764	15	0	0	90	1000	0	0
admit-V2-D-install-0034	admit	0	2	2	1	1	1000	31	0	774	181	111	1000	0
admit-V2-D-install-0034	admit	0	4	4	1	1	1000	62	0	798	363	111	1000	0
admit-V2-D-install-0034	admit	0	8	8	1	1	1000	125	0	806	727	111	1000	0
admit-V2-D-install-0034	admit	0	16	11	1	1	1000	171	0	819	1000	111	1000	0
admit-V2-D-install-0035	admit	0	1	1	1	1	764	15	0	0	83	1000	0	0
admit-V2-D-install-0035	admit	0	2	2	1	1	1000	31	0	774	166	111	1000	0
admit-V2-D-install-0035	admit	0	4	4	1	1	1000	62	0	798	333	111	1000	0
admit-V2-D-install-0035	admit	0	8	8	1	1	1000	125	0	806	666	111	1000	0
admit-V2-D-install-0035	admit	0	16	12	1	1	1000	187	0	806	1000	111	1000	0
admit-V2-D-install-0036	admit	0	1	1	1	1	764	15	0	0	76	1000	0	0
admit-V2-D-install-0036	admit	0	2	2	1	1	1000	31	0	774	153	111	1000	0
admit-V2-D-install-0036	admit	0	4	4	1	1	1000	62	0	798	307	111	1000	0
admit-V2-D-install-0036	admit	0	8	8	1	1	1000	125	0	806	615	111	1000	0
admit-V2-D-install-0036	admit	0	16	13	1	1	1000	203	0	869	1000	111	1000	0
admit-V2-D-install-0037	admit	0	1	1	1	1	764	15	0	0	71	1000	0	0
admit-V2-D-install-0037	admit	0	2	2	1	1	1000	31	0	774	142	111	1000	0
admit-V2-D-install-0037	admit	0	4	4	1	1	1000	62	0	798	285	111	1000	0
admit-V2-D-install-0037	admit	0	8	8	1	1	1000	125	0	806	571	111	1000	0
admit-V2-D-install-0037	admit	0	16	14	1	1	1000	218	0	930	1000	111	1000	0
admit-V2-D-install-0038	admit	0	1	1	1	1	764	15	0	0	66	1000	0	0
admit-V2-D-install-0038	admit	0	2	2	1	1	1000	31	0	774	133	111	1000	0
admit-V2-D-install-0038	admit	0	4	4	1	1	1000	62	0	798	266	111	1000	0
admit-V2-D-install-0038	admit	0	8	8	1	1	1000	125	0	806	533	111	1000	0
admit-V2-D-install-0038	admit	0	16	15	1	1	1000	234	0	930	1000	111	1000	0
admit-V2-D-install-0039	admit	0	1	1	1	1	764	15	0	0	62	1000	0	0
admit-V2-D-install-0039	admit	0	2	2	1	1	1000	31	0	774	125	111	1000	0
admit-V2-D-install-0039	admit	0	4	4	1	1	1000	62	0	798	250	111	1000	0
admit-V2-D-install-0039	admit	0	8	8	1	1	1000	125	0	806	500	111	1000	0
admit-V2-D-install-0039	admit	0	16	16	1	1	1000	250	0	930	1000	111	1000	0
admit-V2-D-install-0040	admit	0	1	1	1	1	764	15	0	0	58	1000	0	0
admit-V2-D-install-0040	admit	0	2	2	1	1	1000	31	0	774	117	111	1000	0
admit-V2-D-install-0040	admit	0	4	4	1	1	1000	62	0	798	235	111	1000	0
admit-V2-D-install-0040	admit	0	8	8	1	1	1000	125	0	806	470	111	1000	0
admit-V2-D-install-0040	admit	0	16	16	1	1	1000	250	0	930	941	111	1000	0
admit-V2-D-install-0041	admit	0	1	1	1	1	764	15	0	0	55	1000	0	0
admit-V2-D-install-0041	admit	0	2	2	1	1	1000	31	0	774	111	111	1000	0
admit-V2-D-install-0041	admit	0	4	4	1	1	1000	62	0	798	222	111	1000	0
admit-V2-D-install-0041	admit	0	8	8	1	1	1000	125	0	806	444	111	1000	0
admit-V2-D-install-0041	admit	0	16	16	1	1	1000	250	0	930	888	111	1000	0
admit-V2-D-install-0042	admit	0	1	1	1	1	764	15	0	0	52	1000	0	0
admit-V2-D-install-0042	admit	0	2	2	1	1	1000	31	0	774	105	111	1000	0
admit-V2-D-install-0042	admit	0	4	4	1	1	1000	62	0	798	210	111	1000	0
admit-V2-D-install-0042	admit	0	8	8	1	1	1000	125	0	806	421	111	1000	0
admit-V2-D-install-0042	admit	0	16	16	1	1	1000	250	0	930	842	111	1000	0
admit-V2-D-install-0043	admit	0	1	1	1	1	764	15	0	0	50	1000	0	0
admit-V2-D-install-0043	admit	0	2	2	1	1	1000	31	0	774	100	111	1000	0
admit-V2-D-install-0043	admit	0	4	4	1	1	1000	62	0	798	200	111	1000	0
admit-V2-D-install-0043	admit	0	8	8	1	1	1000	125	0	806	400	111	1000	0
admit-V2-D-install-0043	admit	0	16	16	1	1	1000	250	0	930	800	111	1000	0
admit-V2-D-withhold-0000	admit	0	1	1	1	1	931	15	0	0	1000	111	1000	0
admit-V2-D-withhold-0000	admit	0	2	1	1	1	931	15	0	0	1000	111	1000	0
admit-V2-D-withhold-0000	admit	0	4	1	1	1	931	15	0	0	1000	111	1000	0
admit-V2-D-withhold-0000	admit	0	8	1	1	1	931	15	0	0	1000	111	1000	0
admit-V2-D-withhold-0000	admit	0	16	1	1	1	931	15	0	0	1000	111	1000	0
admit-V2-D-withhold-0001	admit	0	1	1	1	1	931	15	0	0	500	111	1000	0
admit-V2-D-withhold-0001	admit	0	2	2	1	1	1000	31	0	150	1000	111	1000	0
admit-V2-D-withhold-0001	admit	0	4	2	1	1	1000	31	0	150	1000	111	1000	0
admit-V2-D-withhold-0001	admit	0	8	2	1	1	1000	31	0	150	1000	111	1000	0
admit-V2-D-withhold-0001	admit	0	16	2	1	1	1000	31	0	150	1000	111	1000	0
admit-V2-D-withhold-0002	admit	0	1	1	1	1	931	15	0	0	333	111	1000	0
admit-V2-D-withhold-0002	admit	0	2	2	1	1	1000	31	0	150	666	111	1000	0
admit-V2-D-withhold-0002	admit	0	4	3	1	1	1000	46	0	624	1000	111	1000	0
admit-V2-D-withhold-0002	admit	0	8	3	1	1	1000	46	0	624	1000	111	1000	0
admit-V2-D-withhold-0002	admit	0	16	3	1	1	1000	46	0	624	1000	111	1000	0
admit-V2-D-withhold-0003	admit	0	1	1	1	1	931	15	0	0	250	111	1000	0
admit-V2-D-withhold-0003	admit	0	2	2	1	1	1000	31	0	150	500	111	1000	0
admit-V2-D-withhold-0003	admit	0	4	4	1	1	1000	62	0	754	1000	111	1000	0
admit-V2-D-withhold-0003	admit	0	8	4	1	1	1000	62	0	754	1000	111	1000	0
admit-V2-D-withhold-0003	admit	0	16	4	1	1	1000	62	0	754	1000	111	1000	0
admit-V2-D-withhold-0004	admit	0	1	1	1	1	931	15	0	0	200	111	1000	0
admit-V2-D-withhold-0004	admit	0	2	2	1	1	1000	31	0	150	400	111	1000	0
admit-V2-D-withhold-0004	admit	0	4	4	1	1	1000	62	0	754	800	111	1000	0
admit-V2-D-withhold-0004	admit	0	8	5	1	1	1000	78	0	942	1000	111	1000	0
admit-V2-D-withhold-0004	admit	0	16	5	1	1	1000	78	0	942	1000	111	1000	0
admit-V2-D-withhold-0012	admit	0	1	1	1	1	931	15	0	0	76	111	1000	0
admit-V2-D-withhold-0012	admit	0	2	2	1	1	1000	31	0	150	153	111	1000	0
admit-V2-D-withhold-0012	admit	0	4	4	1	1	1000	62	0	754	307	111	1000	0
admit-V2-D-withhold-0012	admit	0	8	8	1	1	1000	125	0	921	615	111	1000	0
admit-V2-D-withhold-0012	admit	0	16	13	1	1	1000	203	0	913	1000	111	1000	0
admit-V2-D-withhold-0013	admit	0	1	1	1	1	931	15	0	0	71	111	1000	0
admit-V2-D-withhold-0013	admit	0	2	2	1	1	1000	31	0	150	142	111	1000	0
admit-V2-D-withhold-0013	admit	0	4	4	1	1	1000	62	0	754	285	111	1000	0
admit-V2-D-withhold-0013	admit	0	8	8	1	1	1000	125	0	921	571	111	1000	0
admit-V2-D-withhold-0013	admit	0	16	14	1	1	1000	218	0	889	1000	111	1000	0
admit-V2-D-withhold-0020	admit	0	1	1	1	1	931	15	0	0	47	111	1000	0
admit-V2-D-withhold-0020	admit	0	2	2	1	1	1000	31	0	150	95	111	1000	0
admit-V2-D-withhold-0020	admit	0	4	4	1	1	1000	62	0	754	190	111	1000	0
admit-V2-D-withhold-0020	admit	0	8	8	1	1	1000	125	0	921	380	111	1000	0
admit-V2-D-withhold-0020	admit	0	16	16	1	1	1000	250	0	788	761	111	1000	0
revoke-mech-a0-rt1	revoke	0	1	1	1	1	500	15	0	0	142	1000	0	0
revoke-mech-a0-rt1	revoke	0	2	2	1	1	1000	31	0	500	285	166	1000	0
revoke-mech-a0-rt1	revoke	0	4	4	1	1	1000	62	0	500	571	166	1000	0
revoke-mech-a0-rt1	revoke	0	8	7	1	1	1000	109	0	500	1000	166	1000	0
revoke-mech-a0-rt1	revoke	0	16	7	1	1	1000	109	0	500	1000	166	1000	0
revoke-mech-a0-rt2	revoke	0	1	1	1	1	500	15	0	0	142	1000	0	0
revoke-mech-a0-rt2	revoke	0	2	2	1	1	1000	31	0	500	285	166	1000	0
revoke-mech-a0-rt2	revoke	0	4	4	1	1	1000	62	0	500	571	166	1000	0
revoke-mech-a0-rt2	revoke	0	8	7	1	1	1000	109	0	500	1000	166	1000	0
revoke-mech-a0-rt2	revoke	0	16	7	1	1	1000	109	0	500	1000	166	1000	0
revoke-mech-a0-rt3	revoke	0	1	1	1	1	500	15	0	0	142	1000	0	0
revoke-mech-a0-rt3	revoke	0	2	2	1	1	1000	31	0	500	285	166	1000	0
revoke-mech-a0-rt3	revoke	0	4	4	1	1	1000	62	0	500	571	166	1000	0
revoke-mech-a0-rt3	revoke	0	8	7	1	1	1000	109	0	500	1000	166	1000	0
revoke-mech-a0-rt3	revoke	0	16	7	1	1	1000	109	0	500	1000	166	1000	0
revoke-mech-a1-rt1	revoke	0	1	1	1	1	500	15	0	0	142	1000	0	0
revoke-mech-a1-rt1	revoke	0	2	2	1	1	1000	31	0	500	285	166	1000	0
revoke-mech-a1-rt1	revoke	0	4	4	1	1	1000	62	0	500	571	166	1000	0
revoke-mech-a1-rt1	revoke	0	8	7	1	1	1000	109	0	500	1000	166	1000	0
revoke-mech-a1-rt1	revoke	0	16	7	1	1	1000	109	0	500	1000	166	1000	0
revoke-mech-a1-rt2	revoke	0	1	1	1	1	500	15	0	0	142	1000	0	0
revoke-mech-a1-rt2	revoke	0	2	2	1	1	1000	31	0	500	285	166	1000	0
revoke-mech-a1-rt2	revoke	0	4	4	1	1	1000	62	0	500	571	166	1000	0
revoke-mech-a1-rt2	revoke	0	8	7	1	1	1000	109	0	500	1000	166	1000	0
revoke-mech-a1-rt2	revoke	0	16	7	1	1	1000	109	0	500	1000	166	1000	0
revoke-mech-a1-rt3	revoke	0	1	1	1	1	500	15	0	0	142	1000	0	0
revoke-mech-a1-rt3	revoke	0	2	2	1	1	1000	31	0	500	285	166	1000	0
revoke-mech-a1-rt3	revoke	0	4	4	1	1	1000	62	0	500	571	166	1000	0
revoke-mech-a1-rt3	revoke	0	8	7	1	1	1000	109	0	500	1000	166	1000	0
revoke-mech-a1-rt3	revoke	0	16	7	1	1	1000	109	0	500	1000	166	1000	0
revoke-mech-a2-rt1	revoke	0	1	1	1	1	500	15	0	0	142	1000	0	0
revoke-mech-a2-rt1	revoke	0	2	2	1	1	1000	31	0	500	285	166	1000	0
revoke-mech-a2-rt1	revoke	0	4	4	1	1	1000	62	0	500	571	166	1000	0
revoke-mech-a2-rt1	revoke	0	8	7	1	1	1000	109	0	500	1000	166	1000	0
revoke-mech-a2-rt1	revoke	0	16	7	1	1	1000	109	0	500	1000	166	1000	0
revoke-mech-a2-rt2	revoke	0	1	1	1	1	500	15	0	0	142	1000	0	0
revoke-mech-a2-rt2	revoke	0	2	2	1	1	1000	31	0	500	285	166	1000	0
revoke-mech-a2-rt2	revoke	0	4	4	1	1	1000	62	0	500	571	166	1000	0
revoke-mech-a2-rt2	revoke	0	8	7	1	1	1000	109	0	500	1000	166	1000	0
revoke-mech-a2-rt2	revoke	0	16	7	1	1	1000	109	0	500	1000	166	1000	0
revoke-mech-a2-rt3	revoke	0	1	1	1	1	500	15	0	0	142	1000	0	0
revoke-mech-a2-rt3	revoke	0	2	2	1	1	1000	31	0	500	285	166	1000	0
revoke-mech-a2-rt3	revoke	0	4	4	1	1	1000	62	0	500	571	166	1000	0
revoke-mech-a2-rt3	revoke	0	8	7	1	1	1000	109	0	500	1000	166	1000	0
revoke-mech-a2-rt3	revoke	0	16	7	1	1	1000	109	0	500	1000	166	1000	0
revoke-mech-a3-rt1	revoke	0	1	1	1	1	500	15	0	0	142	1000	0	0
revoke-mech-a3-rt1	revoke	0	2	2	1	1	1000	31	0	500	285	166	1000	0
revoke-mech-a3-rt1	revoke	0	4	4	1	1	1000	62	0	500	571	166	1000	0
revoke-mech-a3-rt1	revoke	0	8	7	1	1	1000	109	0	500	1000	166	1000	0
revoke-mech-a3-rt1	revoke	0	16	7	1	1	1000	109	0	500	1000	166	1000	0
revoke-mech-a3-rt2	revoke	0	1	1	1	1	500	15	0	0	142	1000	0	0
revoke-mech-a3-rt2	revoke	0	2	2	1	1	1000	31	0	500	285	166	1000	0
revoke-mech-a3-rt2	revoke	0	4	4	1	1	1000	62	0	500	571	166	1000	0
revoke-mech-a3-rt2	revoke	0	8	7	1	1	1000	109	0	500	1000	166	1000	0
revoke-mech-a3-rt2	revoke	0	16	7	1	1	1000	109	0	500	1000	166	1000	0
revoke-mech-a3-rt3	revoke	0	1	1	1	1	500	15	0	0	142	1000	0	0
revoke-mech-a3-rt3	revoke	0	2	2	1	1	1000	31	0	500	285	166	1000	0
revoke-mech-a3-rt3	revoke	0	4	4	1	1	1000	62	0	500	571	166	1000	0
revoke-mech-a3-rt3	revoke	0	8	7	1	1	1000	109	0	500	1000	166	1000	0
revoke-mech-a3-rt3	revoke	0	16	7	1	1	1000	109	0	500	1000	166	1000	0
revoke-mech-b1-rt1	revoke	0	1	1	1	1	500	15	0	0	142	1000	0	0
revoke-mech-b1-rt1	revoke	0	2	2	1	1	1000	31	0	500	285	166	1000	0
revoke-mech-b1-rt1	revoke	0	4	4	1	1	1000	62	0	500	571	166	1000	0
revoke-mech-b1-rt1	revoke	0	8	7	1	1	1000	109	0	500	1000	166	1000	0
revoke-mech-b1-rt1	revoke	0	16	7	1	1	1000	109	0	500	1000	166	1000	0
revoke-mech-b1-rt2	revoke	0	1	1	1	1	500	15	0	0	142	1000	0	0
revoke-mech-b1-rt2	revoke	0	2	2	1	1	1000	31	0	500	285	166	1000	0
revoke-mech-b1-rt2	revoke	0	4	4	1	1	1000	62	0	500	571	166	1000	0
revoke-mech-b1-rt2	revoke	0	8	7	1	1	1000	109	0	500	1000	166	1000	0
revoke-mech-b1-rt2	revoke	0	16	7	1	1	1000	109	0	500	1000	166	1000	0
revoke-mech-b1-rt3	revoke	0	1	1	1	1	500	15	0	0	142	1000	0	0
revoke-mech-b1-rt3	revoke	0	2	2	1	1	1000	31	0	500	285	166	1000	0
revoke-mech-b1-rt3	revoke	0	4	4	1	1	1000	62	0	500	571	166	1000	0
revoke-mech-b1-rt3	revoke	0	8	7	1	1	1000	109	0	500	1000	166	1000	0
revoke-mech-b1-rt3	revoke	0	16	7	1	1	1000	109	0	500	1000	166	1000	0
revoke-mech-b2-rt1	revoke	0	1	1	1	1	500	15	0	0	142	1000	0	0
revoke-mech-b2-rt1	revoke	0	2	2	1	1	1000	31	0	500	285	166	1000	0
revoke-mech-b2-rt1	revoke	0	4	4	1	1	1000	62	0	500	571	166	1000	0
revoke-mech-b2-rt1	revoke	0	8	7	1	1	1000	109	0	500	1000	166	1000	0
revoke-mech-b2-rt1	revoke	0	16	7	1	1	1000	109	0	500	1000	166	1000	0
revoke-mech-b2-rt2	revoke	0	1	1	1	1	500	15	0	0	142	1000	0	0
revoke-mech-b2-rt2	revoke	0	2	2	1	1	1000	31	0	500	285	166	1000	0
revoke-mech-b2-rt2	revoke	0	4	4	1	1	1000	62	0	500	571	166	1000	0
revoke-mech-b2-rt2	revoke	0	8	7	1	1	1000	109	0	500	1000	166	1000	0
revoke-mech-b2-rt2	revoke	0	16	7	1	1	1000	109	0	500	1000	166	1000	0
revoke-mech-b2-rt3	revoke	0	1	1	1	1	500	15	0	0	142	1000	0	0
revoke-mech-b2-rt3	revoke	0	2	2	1	1	1000	31	0	500	285	166	1000	0
revoke-mech-b2-rt3	revoke	0	4	4	1	1	1000	62	0	500	571	166	1000	0
revoke-mech-b2-rt3	revoke	0	8	7	1	1	1000	109	0	500	1000	166	1000	0
revoke-mech-b2-rt3	revoke	0	16	7	1	1	1000	109	0	500	1000	166	1000	0
revoke-mech-c1-rt1	revoke	0	1	1	1	1	500	15	0	0	142	1000	0	0
revoke-mech-c1-rt1	revoke	0	2	2	1	1	1000	31	0	500	285	166	1000	0
revoke-mech-c1-rt1	revoke	0	4	4	1	1	1000	62	0	500	571	166	1000	0
revoke-mech-c1-rt1	revoke	0	8	7	1	1	1000	109	0	500	1000	166	1000	0
revoke-mech-c1-rt1	revoke	0	16	7	1	1	1000	109	0	500	1000	166	1000	0
revoke-mech-c1-rt2	revoke	0	1	1	1	1	500	15	0	0	142	1000	0	0
revoke-mech-c1-rt2	revoke	0	2	2	1	1	1000	31	0	500	285	166	1000	0
revoke-mech-c1-rt2	revoke	0	4	4	1	1	1000	62	0	500	571	166	1000	0
revoke-mech-c1-rt2	revoke	0	8	7	1	1	1000	109	0	500	1000	166	1000	0
revoke-mech-c1-rt2	revoke	0	16	7	1	1	1000	109	0	500	1000	166	1000	0
revoke-mech-c1-rt3	revoke	0	1	1	1	1	500	15	0	0	142	1000	0	0
revoke-mech-c1-rt3	revoke	0	2	2	1	1	1000	31	0	500	285	166	1000	0
revoke-mech-c1-rt3	revoke	0	4	4	1	1	1000	62	0	500	571	166	1000	0
revoke-mech-c1-rt3	revoke	0	8	7	1	1	1000	109	0	500	1000	166	1000	0
revoke-mech-c1-rt3	revoke	0	16	7	1	1	1000	109	0	500	1000	166	1000	0
revoke-mech-c2-rt1	revoke	0	1	1	1	1	500	15	0	0	142	1000	0	0
revoke-mech-c2-rt1	revoke	0	2	2	1	1	1000	31	0	500	285	166	1000	0
revoke-mech-c2-rt1	revoke	0	4	4	1	1	1000	62	0	500	571	166	1000	0
revoke-mech-c2-rt1	revoke	0	8	7	1	1	1000	109	0	500	1000	166	1000	0
revoke-mech-c2-rt1	revoke	0	16	7	1	1	1000	109	0	500	1000	166	1000	0
revoke-mech-c2-rt2	revoke	0	1	1	1	1	500	15	0	0	142	1000	0	0
revoke-mech-c2-rt2	revoke	0	2	2	1	1	1000	31	0	500	285	166	1000	0
revoke-mech-c2-rt2	revoke	0	4	4	1	1	1000	62	0	500	571	166	1000	0
revoke-mech-c2-rt2	revoke	0	8	7	1	1	1000	109	0	500	1000	166	1000	0
revoke-mech-c2-rt2	revoke	0	16	7	1	1	1000	109	0	500	1000	166	1000	0
revoke-mech-c2-rt3	revoke	0	1	1	1	1	500	15	0	0	142	1000	0	0
revoke-mech-c2-rt3	revoke	0	2	2	1	1	1000	31	0	500	285	166	1000	0
revoke-mech-c2-rt3	revoke	0	4	4	1	1	1000	62	0	500	571	166	1000	0
revoke-mech-c2-rt3	revoke	0	8	7	1	1	1000	109	0	500	1000	166	1000	0
revoke-mech-c2-rt3	revoke	0	16	7	1	1	1000	109	0	500	1000	166	1000	0
revoke-mech-c3-rt1	revoke	0	1	1	1	1	500	15	0	0	142	1000	0	0
revoke-mech-c3-rt1	revoke	0	2	2	1	1	1000	31	0	500	285	166	1000	0
revoke-mech-c3-rt1	revoke	0	4	4	1	1	1000	62	0	500	571	166	1000	0
revoke-mech-c3-rt1	revoke	0	8	7	1	1	1000	109	0	500	1000	166	1000	0
revoke-mech-c3-rt1	revoke	0	16	7	1	1	1000	109	0	500	1000	166	1000	0
revoke-mech-c3-rt2	revoke	0	1	1	1	1	500	15	0	0	142	1000	0	0
revoke-mech-c3-rt2	revoke	0	2	2	1	1	1000	31	0	500	285	166	1000	0
revoke-mech-c3-rt2	revoke	0	4	4	1	1	1000	62	0	500	571	166	1000	0
revoke-mech-c3-rt2	revoke	0	8	7	1	1	1000	109	0	500	1000	166	1000	0
revoke-mech-c3-rt2	revoke	0	16	7	1	1	1000	109	0	500	1000	166	1000	0
revoke-mech-c3-rt3	revoke	0	1	1	1	1	500	15	0	0	142	1000	0	0
revoke-mech-c3-rt3	revoke	0	2	2	1	1	1000	31	0	500	285	166	1000	0
revoke-mech-c3-rt3	revoke	0	4	4	1	1	1000	62	0	500	571	166	1000	0
revoke-mech-c3-rt3	revoke	0	8	7	1	1	1000	109	0	500	1000	166	1000	0
revoke-mech-c3-rt3	revoke	0	16	7	1	1	1000	109	0	500	1000	166	1000	0
revoke-mech-c4-rt1	revoke	0	1	1	1	1	500	15	0	0	142	1000	0	0
revoke-mech-c4-rt1	revoke	0	2	2	1	1	1000	31	0	500	285	166	1000	0
revoke-mech-c4-rt1	revoke	0	4	4	1	1	1000	62	0	500	571	166	1000	0
revoke-mech-c4-rt1	revoke	0	8	7	1	1	1000	109	0	500	1000	166	1000	0
revoke-mech-c4-rt1	revoke	0	16	7	1	1	1000	109	0	500	1000	166	1000	0
revoke-mech-c4-rt2	revoke	0	1	1	1	1	500	15	0	0	142	1000	0	0
revoke-mech-c4-rt2	revoke	0	2	2	1	1	1000	31	0	500	285	166	1000	0
revoke-mech-c4-rt2	revoke	0	4	4	1	1	1000	62	0	500	571	166	1000	0
revoke-mech-c4-rt2	revoke	0	8	7	1	1	1000	109	0	500	1000	166	1000	0
revoke-mech-c4-rt2	revoke	0	16	7	1	1	1000	109	0	500	1000	166	1000	0
revoke-mech-c4-rt3	revoke	0	1	1	1	1	500	15	0	0	142	1000	0	0
revoke-mech-c4-rt3	revoke	0	2	2	1	1	1000	31	0	500	285	166	1000	0
revoke-mech-c4-rt3	revoke	0	4	4	1	1	1000	62	0	500	571	166	1000	0
revoke-mech-c4-rt3	revoke	0	8	7	1	1	1000	109	0	500	1000	166	1000	0
revoke-mech-c4-rt3	revoke	0	16	7	1	1	1000	109	0	500	1000	166	1000	0
revoke-mech-fl2-rt1	revoke	0	1	1	1	1	500	15	0	0	142	1000	0	0
revoke-mech-fl2-rt1	revoke	0	2	2	1	1	1000	31	0	500	285	166	1000	0
revoke-mech-fl2-rt1	revoke	0	4	4	1	1	1000	62	0	500	571	166	1000	0
revoke-mech-fl2-rt1	revoke	0	8	7	1	1	1000	109	0	500	1000	166	1000	0
revoke-mech-fl2-rt1	revoke	0	16	7	1	1	1000	109	0	500	1000	166	1000	0
revoke-mech-fl2-rt2	revoke	0	1	1	1	1	500	15	0	0	142	1000	0	0
revoke-mech-fl2-rt2	revoke	0	2	2	1	1	1000	31	0	500	285	166	1000	0
revoke-mech-fl2-rt2	revoke	0	4	4	1	1	1000	62	0	500	571	166	1000	0
revoke-mech-fl2-rt2	revoke	0	8	7	1	1	1000	109	0	500	1000	166	1000	0
revoke-mech-fl2-rt2	revoke	0	16	7	1	1	1000	109	0	500	1000	166	1000	0
revoke-mech-fl2-rt3	revoke	0	1	1	1	1	500	15	0	0	142	1000	0	0
revoke-mech-fl2-rt3	revoke	0	2	2	1	1	1000	31	0	500	285	166	1000	0
revoke-mech-fl2-rt3	revoke	0	4	4	1	1	1000	62	0	500	571	166	1000	0
revoke-mech-fl2-rt3	revoke	0	8	7	1	1	1000	109	0	500	1000	166	1000	0
revoke-mech-fl2-rt3	revoke	0	16	7	1	1	1000	109	0	500	1000	166	1000	0
revoke-r2-a2-A	revoke	0	1	1	1	1	500	15	0	0	100	1000	0	0
revoke-r2-a2-A	revoke	0	2	2	1	1	1000	31	0	500	200	166	1000	0
revoke-r2-a2-A	revoke	0	4	4	1	1	1000	62	0	500	400	166	1000	0
revoke-r2-a2-A	revoke	0	8	8	1	1	1000	125	0	500	800	166	1000	0
revoke-r2-a2-A	revoke	0	16	10	1	1	1000	156	0	500	1000	166	1000	0
revoke-r2-a2-A-kb-a1	revoke	0	1	1	1	1	500	15	0	0	1000	1000	0	0
revoke-r2-a2-A-kb-a1	revoke	0	2	2	1	1	500	31	0	0	1000	1000	0	0
revoke-r2-a2-A-kb-a1	revoke	0	4	2	1	1	500	31	0	0	1000	1000	0	0
revoke-r2-a2-A-kb-a1	revoke	0	8	2	1	1	500	31	0	0	1000	1000	0	0
revoke-r2-a2-A-kb-a1	revoke	0	16	2	1	1	500	31	0	0	1000	1000	0	0
revoke-r2-a2-A-kb-a2	revoke	0	1	1	1	1	500	15	0	0	1000	1000	0	0
revoke-r2-a2-A-kb-a2	revoke	0	2	2	1	1	500	31	0	0	1000	1000	0	0
revoke-r2-a2-A-kb-a2	revoke	0	4	2	1	1	500	31	0	0	1000	1000	0	0
revoke-r2-a2-A-kb-a2	revoke	0	8	2	1	1	500	31	0	0	1000	1000	0	0
revoke-r2-a2-A-kb-a2	revoke	0	16	2	1	1	500	31	0	0	1000	1000	0	0
revoke-r2-a2-B	revoke	0	1	1	1	1	500	15	0	0	111	1000	0	0
revoke-r2-a2-B	revoke	0	2	2	1	1	1000	31	0	500	222	166	1000	0
revoke-r2-a2-B	revoke	0	4	4	1	1	1000	62	0	500	444	166	1000	0
revoke-r2-a2-B	revoke	0	8	8	1	1	1000	125	0	500	888	166	1000	0
revoke-r2-a2-B	revoke	0	16	9	1	1	1000	140	0	500	1000	166	1000	0
revoke-r2-a2-B-kb-b1	revoke	0	1	1	1	1	500	15	0	0	1000	1000	0	0
revoke-r2-a2-B-kb-b1	revoke	0	2	2	1	1	500	31	0	0	1000	1000	0	0
revoke-r2-a2-B-kb-b1	revoke	0	4	2	1	1	500	31	0	0	1000	1000	0	0
revoke-r2-a2-B-kb-b1	revoke	0	8	2	1	1	500	31	0	0	1000	1000	0	0
revoke-r2-a2-B-kb-b1	revoke	0	16	2	1	1	500	31	0	0	1000	1000	0	0
revoke-r2-a2-C	revoke	0	1	1	1	1	500	15	0	0	100	1000	0	0
revoke-r2-a2-C	revoke	0	2	2	1	1	1000	31	0	500	200	166	1000	0
revoke-r2-a2-C	revoke	0	4	4	1	1	1000	62	0	500	400	166	1000	0
revoke-r2-a2-C	revoke	0	8	8	1	1	1000	125	0	500	800	166	1000	0
revoke-r2-a2-C	revoke	0	16	10	1	1	1000	156	0	500	1000	166	1000	0
revoke-r2-a2-C-kb-c1	revoke	0	1	1	1	1	500	15	0	0	1000	1000	0	0
revoke-r2-a2-C-kb-c1	revoke	0	2	2	1	1	500	31	0	0	1000	1000	0	0
revoke-r2-a2-C-kb-c1	revoke	0	4	2	1	1	500	31	0	0	1000	1000	0	0
revoke-r2-a2-C-kb-c1	revoke	0	8	2	1	1	500	31	0	0	1000	1000	0	0
revoke-r2-a2-C-kb-c1	revoke	0	16	2	1	1	500	31	0	0	1000	1000	0	0
revoke-r2-a2-D	revoke	0	1	1	1	1	500	15	0	0	100	1000	0	0
revoke-r2-a2-D	revoke	0	2	2	1	1	1000	31	0	500	200	166	1000	0
revoke-r2-a2-D	revoke	0	4	4	1	1	1000	62	0	500	400	166	1000	0
revoke-r2-a2-D	revoke	0	8	8	1	1	1000	125	0	500	800	166	1000	0
revoke-r2-a2-D	revoke	0	16	10	1	1	1000	156	0	500	1000	166	1000	0
revoke-r2-a2-D-kb-d1	revoke	0	1	1	1	1	500	15	0	0	1000	1000	0	0
revoke-r2-a2-D-kb-d1	revoke	0	2	2	1	1	500	31	0	0	1000	1000	0	0
revoke-r2-a2-D-kb-d1	revoke	0	4	2	1	1	500	31	0	0	1000	1000	0	0
revoke-r2-a2-D-kb-d1	revoke	0	8	2	1	1	500	31	0	0	1000	1000	0	0
revoke-r2-a2-D-kb-d1	revoke	0	16	2	1	1	500	31	0	0	1000	1000	0	0
revoke-r2-a2-D-kb-d2	revoke	0	1	1	1	1	500	15	0	0	1000	1000	0	0
revoke-r2-a2-D-kb-d2	revoke	0	2	2	1	1	500	31	0	0	1000	1000	0	0
revoke-r2-a2-D-kb-d2	revoke	0	4	2	1	1	500	31	0	0	1000	1000	0	0
revoke-r2-a2-D-kb-d2	revoke	0	8	2	1	1	500	31	0	0	1000	1000	0	0
revoke-r2-a2-D-kb-d2	revoke	0	16	2	1	1	500	31	0	0	1000	1000	0	0
revoke-r2-a2-E	revoke	0	1	1	1	1	500	15	0	0	100	1000	0	0
revoke-r2-a2-E	revoke	0	2	2	1	1	1000	31	0	500	200	166	1000	0
revoke-r2-a2-E	revoke	0	4	4	1	1	1000	62	0	500	400	166	1000	0
revoke-r2-a2-E	revoke	0	8	8	1	1	1000	125	0	500	800	166	1000	0
revoke-r2-a2-E	revoke	0	16	10	1	1	1000	156	0	500	1000	166	1000	0
revoke-r2-a2-E-kb-e1	revoke	0	1	1	1	1	500	15	0	0	1000	1000	0	0
revoke-r2-a2-E-kb-e1	revoke	0	2	2	1	1	500	31	0	0	1000	1000	0	0
revoke-r2-a2-E-kb-e1	revoke	0	4	2	1	1	500	31	0	0	1000	1000	0	0
revoke-r2-a2-E-kb-e1	revoke	0	8	2	1	1	500	31	0	0	1000	1000	0	0
revoke-r2-a2-E-kb-e1	revoke	0	16	2	1	1	500	31	0	0	1000	1000	0	0
revoke-r2-a2-E-kb-e2	revoke	0	1	1	1	1	500	15	0	0	1000	1000	0	0
revoke-r2-a2-E-kb-e2	revoke	0	2	2	1	1	500	31	0	0	1000	1000	0	0
revoke-r2-a2-E-kb-e2	revoke	0	4	2	1	1	500	31	0	0	1000	1000	0	0
revoke-r2-a2-E-kb-e2	revoke	0	8	2	1	1	500	31	0	0	1000	1000	0	0
revoke-r2-a2-E-kb-e2	revoke	0	16	2	1	1	500	31	0	0	1000	1000	0	0
revoke-r2-a2-F	revoke	0	1	1	1	1	500	15	0	0	111	1000	0	0
revoke-r2-a2-F	revoke	0	2	2	1	1	1000	31	0	500	222	166	1000	0
revoke-r2-a2-F	revoke	0	4	4	1	1	1000	62	0	500	444	166	1000	0
revoke-r2-a2-F	revoke	0	8	8	1	1	1000	125	0	500	888	166	1000	0
revoke-r2-a2-F	revoke	0	16	9	1	1	1000	140	0	500	1000	166	1000	0
revoke-r2-a2-F-kb-f1	revoke	0	1	1	1	1	500	15	0	0	1000	1000	0	0
revoke-r2-a2-F-kb-f1	revoke	0	2	2	1	1	500	31	0	0	1000	1000	0	0
revoke-r2-a2-F-kb-f1	revoke	0	4	2	1	1	500	31	0	0	1000	1000	0	0
revoke-r2-a2-F-kb-f1	revoke	0	8	2	1	1	500	31	0	0	1000	1000	0	0
revoke-r2-a2-F-kb-f1	revoke	0	16	2	1	1	500	31	0	0	1000	1000	0	0
revoke-r2-a2-fid	revoke	0	1	1	1	1	500	15	0	0	333	1000	0	0
revoke-r2-a2-fid	revoke	0	2	2	1	1	1000	31	0	500	666	166	1000	0
revoke-r2-a2-fid	revoke	0	4	3	1	1	1000	46	0	500	1000	166	1000	0
revoke-r2-a2-fid	revoke	0	8	3	1	1	1000	46	0	500	1000	166	1000	0
revoke-r2-a2-fid	revoke	0	16	3	1	1	1000	46	0	500	1000	166	1000	0
revoke-r2-a3-A	revoke	0	1	1	1	1	500	15	0	0	100	1000	0	0
revoke-r2-a3-A	revoke	0	2	2	1	1	1000	31	0	500	200	166	1000	0
revoke-r2-a3-A	revoke	0	4	4	1	1	1000	62	0	500	400	166	1000	0
revoke-r2-a3-A	revoke	0	8	8	1	1	1000	125	0	500	800	166	1000	0
revoke-r2-a3-A	revoke	0	16	10	1	1	1000	156	0	500	1000	166	1000	0
revoke-r2-a3-A-kb-a1	revoke	0	1	1	1	1	500	15	0	0	1000	1000	0	0
revoke-r2-a3-A-kb-a1	revoke	0	2	2	1	1	500	31	0	0	1000	1000	0	0
revoke-r2-a3-A-kb-a1	revoke	0	4	2	1	1	500	31	0	0	1000	1000	0	0
revoke-r2-a3-A-kb-a1	revoke	0	8	2	1	1	500	31	0	0	1000	1000	0	0
revoke-r2-a3-A-kb-a1	revoke	0	16	2	1	1	500	31	0	0	1000	1000	0	0
revoke-r2-a3-A-kb-a2	revoke	0	1	1	1	1	500	15	0	0	1000	1000	0	0
revoke-r2-a3-A-kb-a2	revoke	0	2	2	1	1	500	31	0	0	1000	1000	0	0
revoke-r2-a3-A-kb-a2	revoke	0	4	2	1	1	500	31	0	0	1000	1000	0	0
revoke-r2-a3-A-kb-a2	revoke	0	8	2	1	1	500	31	0	0	1000	1000	0	0
revoke-r2-a3-A-kb-a2	revoke	0	16	2	1	1	500	31	0	0	1000	1000	0	0
revoke-r2-a3-B	revoke	0	1	1	1	1	500	15	0	0	111	1000	0	0
revoke-r2-a3-B	revoke	0	2	2	1	1	1000	31	0	500	222	166	1000	0
revoke-r2-a3-B	revoke	0	4	4	1	1	1000	62	0	500	444	166	1000	0
revoke-r2-a3-B	revoke	0	8	8	1	1	1000	125	0	500	888	166	1000	0
revoke-r2-a3-B	revoke	0	16	9	1	1	1000	140	0	500	1000	166	1000	0
revoke-r2-a3-B-kb-b1	revoke	0	1	1	1	1	500	15	0	0	1000	1000	0	0
revoke-r2-a3-B-kb-b1	revoke	0	2	2	1	1	500	31	0	0	1000	1000	0	0
revoke-r2-a3-B-kb-b1	revoke	0	4	2	1	1	500	31	0	0	1000	1000	0	0
revoke-r2-a3-B-kb-b1	revoke	0	8	2	1	1	500	31	0	0	1000	1000	0	0
revoke-r2-a3-B-kb-b1	revoke	0	16	2	1	1	500	31	0	0	1000	1000	0	0
revoke-r2-a3-C	revoke	0	1	1	1	1	500	15	0	0	100	1000	0	0
revoke-r2-a3-C	revoke	0	2	2	1	1	1000	31	0	500	200	166	1000	0
revoke-r2-a3-C	revoke	0	4	4	1	1	1000	62	0	500	400	166	1000	0
revoke-r2-a3-C	revoke	0	8	8	1	1	1000	125	0	500	800	166	1000	0
revoke-r2-a3-C	revoke	0	16	10	1	1	1000	156	0	500	1000	166	1000	0
revoke-r2-a3-C-kb-c1	revoke	0	1	1	1	1	500	15	0	0	1000	1000	0	0
revoke-r2-a3-C-kb-c1	revoke	0	2	2	1	1	500	31	0	0	1000	1000	0	0
revoke-r2-a3-C-kb-c1	revoke	0	4	2	1	1	500	31	0	0	1000	1000	0	0
revoke-r2-a3-C-kb-c1	revoke	0	8	2	1	1	500	31	0	0	1000	1000	0	0
revoke-r2-a3-C-kb-c1	revoke	0	16	2	1	1	500	31	0	0	1000	1000	0	0
revoke-r2-a3-D	revoke	0	1	1	1	1	500	15	0	0	100	1000	0	0
revoke-r2-a3-D	revoke	0	2	2	1	1	1000	31	0	500	200	166	1000	0
revoke-r2-a3-D	revoke	0	4	4	1	1	1000	62	0	500	400	166	1000	0
revoke-r2-a3-D	revoke	0	8	8	1	1	1000	125	0	500	800	166	1000	0
revoke-r2-a3-D	revoke	0	16	10	1	1	1000	156	0	500	1000	166	1000	0
revoke-r2-a3-D-kb-d1	revoke	0	1	1	1	1	500	15	0	0	1000	1000	0	0
revoke-r2-a3-D-kb-d1	revoke	0	2	2	1	1	500	31	0	0	1000	1000	0	0
revoke-r2-a3-D-kb-d1	revoke	0	4	2	1	1	500	31	0	0	1000	1000	0	0
revoke-r2-a3-D-kb-d1	revoke	0	8	2	1	1	500	31	0	0	1000	1000	0	0
revoke-r2-a3-D-kb-d1	revoke	0	16	2	1	1	500	31	0	0	1000	1000	0	0
revoke-r2-a3-D-kb-d2	revoke	0	1	1	1	1	500	15	0	0	1000	1000	0	0
revoke-r2-a3-D-kb-d2	revoke	0	2	2	1	1	500	31	0	0	1000	1000	0	0
revoke-r2-a3-D-kb-d2	revoke	0	4	2	1	1	500	31	0	0	1000	1000	0	0
revoke-r2-a3-D-kb-d2	revoke	0	8	2	1	1	500	31	0	0	1000	1000	0	0
revoke-r2-a3-D-kb-d2	revoke	0	16	2	1	1	500	31	0	0	1000	1000	0	0
revoke-r2-a3-E	revoke	0	1	1	1	1	500	15	0	0	100	1000	0	0
revoke-r2-a3-E	revoke	0	2	2	1	1	1000	31	0	500	200	166	1000	0
revoke-r2-a3-E	revoke	0	4	4	1	1	1000	62	0	500	400	166	1000	0
revoke-r2-a3-E	revoke	0	8	8	1	1	1000	125	0	500	800	166	1000	0
revoke-r2-a3-E	revoke	0	16	10	1	1	1000	156	0	500	1000	166	1000	0
revoke-r2-a3-E-kb-e1	revoke	0	1	1	1	1	500	15	0	0	1000	1000	0	0
revoke-r2-a3-E-kb-e1	revoke	0	2	2	1	1	500	31	0	0	1000	1000	0	0
revoke-r2-a3-E-kb-e1	revoke	0	4	2	1	1	500	31	0	0	1000	1000	0	0
revoke-r2-a3-E-kb-e1	revoke	0	8	2	1	1	500	31	0	0	1000	1000	0	0
revoke-r2-a3-E-kb-e1	revoke	0	16	2	1	1	500	31	0	0	1000	1000	0	0
revoke-r2-a3-E-kb-e2	revoke	0	1	1	1	1	500	15	0	0	1000	1000	0	0
revoke-r2-a3-E-kb-e2	revoke	0	2	2	1	1	500	31	0	0	1000	1000	0	0
revoke-r2-a3-E-kb-e2	revoke	0	4	2	1	1	500	31	0	0	1000	1000	0	0
revoke-r2-a3-E-kb-e2	revoke	0	8	2	1	1	500	31	0	0	1000	1000	0	0
revoke-r2-a3-E-kb-e2	revoke	0	16	2	1	1	500	31	0	0	1000	1000	0	0
revoke-r2-a3-F	revoke	0	1	1	1	1	500	15	0	0	111	1000	0	0
revoke-r2-a3-F	revoke	0	2	2	1	1	1000	31	0	500	222	166	1000	0
revoke-r2-a3-F	revoke	0	4	4	1	1	1000	62	0	500	444	166	1000	0
revoke-r2-a3-F	revoke	0	8	8	1	1	1000	125	0	500	888	166	1000	0
revoke-r2-a3-F	revoke	0	16	9	1	1	1000	140	0	500	1000	166	1000	0
revoke-r2-a3-F-kb-f1	revoke	0	1	1	1	1	500	15	0	0	1000	1000	0	0
revoke-r2-a3-F-kb-f1	revoke	0	2	2	1	1	500	31	0	0	1000	1000	0	0
revoke-r2-a3-F-kb-f1	revoke	0	4	2	1	1	500	31	0	0	1000	1000	0	0
revoke-r2-a3-F-kb-f1	revoke	0	8	2	1	1	500	31	0	0	1000	1000	0	0
revoke-r2-a3-F-kb-f1	revoke	0	16	2	1	1	500	31	0	0	1000	1000	0	0
revoke-r2-a3-fid	revoke	0	1	1	1	1	500	15	0	0	333	1000	0	0
revoke-r2-a3-fid	revoke	0	2	2	1	1	1000	31	0	500	666	166	1000	0
revoke-r2-a3-fid	revoke	0	4	3	1	1	1000	46	0	500	1000	166	1000	0
revoke-r2-a3-fid	revoke	0	8	3	1	1	1000	46	0	500	1000	166	1000	0
revoke-r2-a3-fid	revoke	0	16	3	1	1	1000	46	0	500	1000	166	1000	0
revoke-r2-b1-A	revoke	0	1	1	1	1	500	15	0	0	100	1000	0	0
revoke-r2-b1-A	revoke	0	2	2	1	1	1000	31	0	500	200	166	1000	0
revoke-r2-b1-A	revoke	0	4	4	1	1	1000	62	0	500	400	166	1000	0
revoke-r2-b1-A	revoke	0	8	8	1	1	1000	125	0	500	800	166	1000	0
revoke-r2-b1-A	revoke	0	16	10	1	1	1000	156	0	500	1000	166	1000	0
revoke-r2-b1-A-kb-a1	revoke	0	1	1	1	1	500	15	0	0	1000	1000	0	0
revoke-r2-b1-A-kb-a1	revoke	0	2	2	1	1	500	31	0	0	1000	1000	0	0
revoke-r2-b1-A-kb-a1	revoke	0	4	2	1	1	500	31	0	0	1000	1000	0	0
revoke-r2-b1-A-kb-a1	revoke	0	8	2	1	1	500	31	0	0	1000	1000	0	0
revoke-r2-b1-A-kb-a1	revoke	0	16	2	1	1	500	31	0	0	1000	1000	0	0
revoke-r2-b1-A-kb-a2	revoke	0	1	1	1	1	500	15	0	0	1000	1000	0	0
revoke-r2-b1-A-kb-a2	revoke	0	2	2	1	1	500	31	0	0	1000	1000	0	0
revoke-r2-b1-A-kb-a2	revoke	0	4	2	1	1	500	31	0	0	1000	1000	0	0
revoke-r2-b1-A-kb-a2	revoke	0	8	2	1	1	500	31	0	0	1000	1000	0	0
revoke-r2-b1-A-kb-a2	revoke	0	16	2	1	1	500	31	0	0	1000	1000	0	0
revoke-r2-b1-B	revoke	0	1	1	1	1	500	15	0	0	111	1000	0	0
revoke-r2-b1-B	revoke	0	2	2	1	1	1000	31	0	500	222	166	1000	0
revoke-r2-b1-B	revoke	0	4	4	1	1	1000	62	0	500	444	166	1000	0
revoke-r2-b1-B	revoke	0	8	8	1	1	1000	125	0	500	888	166	1000	0
revoke-r2-b1-B	revoke	0	16	9	1	1	1000	140	0	500	1000	166	1000	0
revoke-r2-b1-B-kb-b1	revoke	0	1	1	1	1	500	15	0	0	1000	1000	0	0
revoke-r2-b1-B-kb-b1	revoke	0	2	2	1	1	500	31	0	0	1000	1000	0	0
revoke-r2-b1-B-kb-b1	revoke	0	4	2	1	1	500	31	0	0	1000	1000	0	0
revoke-r2-b1-B-kb-b1	revoke	0	8	2	1	1	500	31	0	0	1000	1000	0	0
revoke-r2-b1-B-kb-b1	revoke	0	16	2	1	1	500	31	0	0	1000	1000	0	0
revoke-r2-b1-C	revoke	0	1	1	1	1	500	15	0	0	100	1000	0	0
revoke-r2-b1-C	revoke	0	2	2	1	1	1000	31	0	500	200	166	1000	0
revoke-r2-b1-C	revoke	0	4	4	1	1	1000	62	0	500	400	166	1000	0
revoke-r2-b1-C	revoke	0	8	8	1	1	1000	125	0	500	800	166	1000	0
revoke-r2-b1-C	revoke	0	16	10	1	1	1000	156	0	500	1000	166	1000	0
revoke-r2-b1-C-kb-c1	revoke	0	1	1	1	1	500	15	0	0	1000	1000	0	0
revoke-r2-b1-C-kb-c1	revoke	0	2	2	1	1	500	31	0	0	1000	1000	0	0
revoke-r2-b1-C-kb-c1	revoke	0	4	2	1	1	500	31	0	0	1000	1000	0	0
revoke-r2-b1-C-kb-c1	revoke	0	8	2	1	1	500	31	0	0	1000	1000	0	0
revoke-r2-b1-C-kb-c1	revoke	0	16	2	1	1	500	31	0	0	1000	1000	0	0
revoke-r2-b1-D	revoke	0	1	1	1	1	500	15	0	0	100	1000	0	0
revoke-r2-b1-D	revoke	0	2	2	1	1	1000	31	0	500	200	166	1000	0
revoke-r2-b1-D	revoke	0	4	4	1	1	1000	62	0	500	400	166	1000	0
revoke-r2-b1-D	revoke	0	8	8	1	1	1000	125	0	500	800	166	1000	0
revoke-r2-b1-D	revoke	0	16	10	1	1	1000	156	0	500	1000	166	1000	0
revoke-r2-b1-D-kb-d1	revoke	0	1	1	1	1	500	15	0	0	1000	1000	0	0
revoke-r2-b1-D-kb-d1	revoke	0	2	2	1	1	500	31	0	0	1000	1000	0	0
revoke-r2-b1-D-kb-d1	revoke	0	4	2	1	1	500	31	0	0	1000	1000	0	0
revoke-r2-b1-D-kb-d1	revoke	0	8	2	1	1	500	31	0	0	1000	1000	0	0
revoke-r2-b1-D-kb-d1	revoke	0	16	2	1	1	500	31	0	0	1000	1000	0	0
revoke-r2-b1-D-kb-d2	revoke	0	1	1	1	1	500	15	0	0	1000	1000	0	0
revoke-r2-b1-D-kb-d2	revoke	0	2	2	1	1	500	31	0	0	1000	1000	0	0
revoke-r2-b1-D-kb-d2	revoke	0	4	2	1	1	500	31	0	0	1000	1000	0	0
revoke-r2-b1-D-kb-d2	revoke	0	8	2	1	1	500	31	0	0	1000	1000	0	0
revoke-r2-b1-D-kb-d2	revoke	0	16	2	1	1	500	31	0	0	1000	1000	0	0
revoke-r2-b1-E	revoke	0	1	1	1	1	500	15	0	0	100	1000	0	0
revoke-r2-b1-E	revoke	0	2	2	1	1	1000	31	0	500	200	166	1000	0
revoke-r2-b1-E	revoke	0	4	4	1	1	1000	62	0	500	400	166	1000	0
revoke-r2-b1-E	revoke	0	8	8	1	1	1000	125	0	500	800	166	1000	0
revoke-r2-b1-E	revoke	0	16	10	1	1	1000	156	0	500	1000	166	1000	0
revoke-r2-b1-E-kb-e1	revoke	0	1	1	1	1	500	15	0	0	1000	1000	0	0
revoke-r2-b1-E-kb-e1	revoke	0	2	2	1	1	500	31	0	0	1000	1000	0	0
revoke-r2-b1-E-kb-e1	revoke	0	4	2	1	1	500	31	0	0	1000	1000	0	0
revoke-r2-b1-E-kb-e1	revoke	0	8	2	1	1	500	31	0	0	1000	1000	0	0
revoke-r2-b1-E-kb-e1	revoke	0	16	2	1	1	500	31	0	0	1000	1000	0	0
revoke-r2-b1-E-kb-e2	revoke	0	1	1	1	1	500	15	0	0	1000	1000	0	0
revoke-r2-b1-E-kb-e2	revoke	0	2	2	1	1	500	31	0	0	1000	1000	0	0
revoke-r2-b1-E-kb-e2	revoke	0	4	2	1	1	500	31	0	0	1000	1000	0	0
revoke-r2-b1-E-kb-e2	revoke	0	8	2	1	1	500	31	0	0	1000	1000	0	0
revoke-r2-b1-E-kb-e2	revoke	0	16	2	1	1	500	31	0	0	1000	1000	0	0
revoke-r2-b1-F	revoke	0	1	1	1	1	500	15	0	0	111	1000	0	0
revoke-r2-b1-F	revoke	0	2	2	1	1	1000	31	0	500	222	166	1000	0
revoke-r2-b1-F	revoke	0	4	4	1	1	1000	62	0	500	444	166	1000	0
revoke-r2-b1-F	revoke	0	8	8	1	1	1000	125	0	500	888	166	1000	0
revoke-r2-b1-F	revoke	0	16	9	1	1	1000	140	0	500	1000	166	1000	0
revoke-r2-b1-F-kb-f1	revoke	0	1	1	1	1	500	15	0	0	1000	1000	0	0
revoke-r2-b1-F-kb-f1	revoke	0	2	2	1	1	500	31	0	0	1000	1000	0	0
revoke-r2-b1-F-kb-f1	revoke	0	4	2	1	1	500	31	0	0	1000	1000	0	0
revoke-r2-b1-F-kb-f1	revoke	0	8	2	1	1	500	31	0	0	1000	1000	0	0
revoke-r2-b1-F-kb-f1	revoke	0	16	2	1	1	500	31	0	0	1000	1000	0	0
revoke-r2-b1-fid	revoke	0	1	1	1	1	500	15	0	0	333	1000	0	0
revoke-r2-b1-fid	revoke	0	2	2	1	1	1000	31	0	500	666	166	1000	0
revoke-r2-b1-fid	revoke	0	4	3	1	1	1000	46	0	500	1000	166	1000	0
revoke-r2-b1-fid	revoke	0	8	3	1	1	1000	46	0	500	1000	166	1000	0
revoke-r2-b1-fid	revoke	0	16	3	1	1	1000	46	0	500	1000	166	1000	0
revoke-r2-default-A	revoke	0	1	1	1	1	500	15	0	0	100	1000	0	0
revoke-r2-default-A	revoke	0	2	2	1	1	1000	31	0	500	200	166	1000	0
revoke-r2-default-A	revoke	0	4	4	1	1	1000	62	0	500	400	166	1000	0
revoke-r2-default-A	revoke	0	8	8	1	1	1000	125	0	500	800	166	1000	0
revoke-r2-default-A	revoke	0	16	10	1	1	1000	156	0	500	1000	166	1000	0
revoke-r2-default-A-kb-a1	revoke	0	1	1	1	1	500	15	0	0	1000	1000	0	0
revoke-r2-default-A-kb-a1	revoke	0	2	2	1	1	500	31	0	0	1000	1000	0	0
revoke-r2-default-A-kb-a1	revoke	0	4	2	1	1	500	31	0	0	1000	1000	0	0
revoke-r2-default-A-kb-a1	revoke	0	8	2	1	1	500	31	0	0	1000	1000	0	0
revoke-r2-default-A-kb-a1	revoke	0	16	2	1	1	500	31	0	0	1000	1000	0	0
revoke-r2-default-A-kb-a2	revoke	0	1	1	1	1	500	15	0	0	1000	1000	0	0
revoke-r2-default-A-kb-a2	revoke	0	2	2	1	1	500	31	0	0	1000	1000	0	0
revoke-r2-default-A-kb-a2	revoke	0	4	2	1	1	500	31	0	0	1000	1000	0	0
revoke-r2-default-A-kb-a2	revoke	0	8	2	1	1	500	31	0	0	1000	1000	0	0
revoke-r2-default-A-kb-a2	revoke	0	16	2	1	1	500	31	0	0	1000	1000	0	0
revoke-r2-default-B	revoke	0	1	1	1	1	500	15	0	0	100	1000	0	0
revoke-r2-default-B	revoke	0	2	2	1	1	1000	31	0	500	200	166	1000	0
revoke-r2-default-B	revoke	0	4	4	1	1	1000	62	0	500	400	166	1000	0
revoke-r2-default-B	revoke	0	8	8	1	1	1000	125	0	500	800	166	1000	0
revoke-r2-default-B	revoke	0	16	10	1	1	1000	156	0	500	1000	166	1000	0
revoke-r2-default-B-kb-b1	revoke	0	1	1	1	1	500	15	0	0	1000	1000	0	0
revoke-r2-default-B-kb-b1	revoke	0	2	2	1	1	500	31	0	0	1000	1000	0	0
revoke-r2-default-B-kb-b1	revoke	0	4	2	1	1	500	31	0	0	1000	1000	0	0
revoke-r2-default-B-kb-b1	revoke	0	8	2	1	1	500	31	0	0	1000	1000	0	0
revoke-r2-default-B-kb-b1	revoke	0	16	2	1	1	500	31	0	0	1000	1000	0	0
revoke-r2-default-C	revoke	0	1	1	1	1	500	15	0	0	100	1000	0	0
revoke-r2-default-C	revoke	0	2	2	1	1	1000	31	0	500	200	166	1000	0
revoke-r2-default-C	revoke	0	4	4	1	1	1000	62	0	500	400	166	1000	0
revoke-r2-default-C	revoke	0	8	8	1	1	1000	125	0	500	800	166	1000	0
revoke-r2-default-C	revoke	0	16	10	1	1	1000	156	0	500	1000	166	1000	0
revoke-r2-default-C-kb-c1	revoke	0	1	1	1	1	500	15	0	0	1000	1000	0	0
revoke-r2-default-C-kb-c1	revoke	0	2	2	1	1	500	31	0	0	1000	1000	0	0
revoke-r2-default-C-kb-c1	revoke	0	4	2	1	1	500	31	0	0	1000	1000	0	0
revoke-r2-default-C-kb-c1	revoke	0	8	2	1	1	500	31	0	0	1000	1000	0	0
revoke-r2-default-C-kb-c1	revoke	0	16	2	1	1	500	31	0	0	1000	1000	0	0
revoke-r2-default-D	revoke	0	1	1	1	1	500	15	0	0	100	1000	0	0
revoke-r2-default-D	revoke	0	2	2	1	1	1000	31	0	500	200	166	1000	0
revoke-r2-default-D	revoke	0	4	4	1	1	1000	62	0	500	400	166	1000	0
revoke-r2-default-D	revoke	0	8	8	1	1	1000	125	0	500	800	166	1000	0
revoke-r2-default-D	revoke	0	16	10	1	1	1000	156	0	500	1000	166	1000	0
revoke-r2-default-D-kb-d1	revoke	0	1	1	1	1	500	15	0	0	1000	1000	0	0
revoke-r2-default-D-kb-d1	revoke	0	2	2	1	1	500	31	0	0	1000	1000	0	0
revoke-r2-default-D-kb-d1	revoke	0	4	2	1	1	500	31	0	0	1000	1000	0	0
revoke-r2-default-D-kb-d1	revoke	0	8	2	1	1	500	31	0	0	1000	1000	0	0
revoke-r2-default-D-kb-d1	revoke	0	16	2	1	1	500	31	0	0	1000	1000	0	0
revoke-r2-default-D-kb-d2	revoke	0	1	1	1	1	500	15	0	0	1000	1000	0	0
revoke-r2-default-D-kb-d2	revoke	0	2	2	1	1	500	31	0	0	1000	1000	0	0
revoke-r2-default-D-kb-d2	revoke	0	4	2	1	1	500	31	0	0	1000	1000	0	0
revoke-r2-default-D-kb-d2	revoke	0	8	2	1	1	500	31	0	0	1000	1000	0	0
revoke-r2-default-D-kb-d2	revoke	0	16	2	1	1	500	31	0	0	1000	1000	0	0
revoke-r2-default-E	revoke	0	1	1	1	1	500	15	0	0	100	1000	0	0
revoke-r2-default-E	revoke	0	2	2	1	1	1000	31	0	500	200	166	1000	0
revoke-r2-default-E	revoke	0	4	4	1	1	1000	62	0	500	400	166	1000	0
revoke-r2-default-E	revoke	0	8	8	1	1	1000	125	0	500	800	166	1000	0
revoke-r2-default-E	revoke	0	16	10	1	1	1000	156	0	500	1000	166	1000	0
revoke-r2-default-E-kb-e1	revoke	0	1	1	1	1	500	15	0	0	1000	1000	0	0
revoke-r2-default-E-kb-e1	revoke	0	2	2	1	1	500	31	0	0	1000	1000	0	0
revoke-r2-default-E-kb-e1	revoke	0	4	2	1	1	500	31	0	0	1000	1000	0	0
revoke-r2-default-E-kb-e1	revoke	0	8	2	1	1	500	31	0	0	1000	1000	0	0
revoke-r2-default-E-kb-e1	revoke	0	16	2	1	1	500	31	0	0	1000	1000	0	0
revoke-r2-default-E-kb-e2	revoke	0	1	1	1	1	500	15	0	0	1000	1000	0	0
revoke-r2-default-E-kb-e2	revoke	0	2	2	1	1	500	31	0	0	1000	1000	0	0
revoke-r2-default-E-kb-e2	revoke	0	4	2	1	1	500	31	0	0	1000	1000	0	0
revoke-r2-default-E-kb-e2	revoke	0	8	2	1	1	500	31	0	0	1000	1000	0	0
revoke-r2-default-E-kb-e2	revoke	0	16	2	1	1	500	31	0	0	1000	1000	0	0
revoke-r2-default-F	revoke	0	1	1	1	1	500	15	0	0	100	1000	0	0
revoke-r2-default-F	revoke	0	2	2	1	1	1000	31	0	500	200	166	1000	0
revoke-r2-default-F	revoke	0	4	4	1	1	1000	62	0	500	400	166	1000	0
revoke-r2-default-F	revoke	0	8	8	1	1	1000	125	0	500	800	166	1000	0
revoke-r2-default-F	revoke	0	16	10	1	1	1000	156	0	500	1000	166	1000	0
revoke-r2-default-F-kb-f1	revoke	0	1	1	1	1	500	15	0	0	1000	1000	0	0
revoke-r2-default-F-kb-f1	revoke	0	2	2	1	1	500	31	0	0	1000	1000	0	0
revoke-r2-default-F-kb-f1	revoke	0	4	2	1	1	500	31	0	0	1000	1000	0	0
revoke-r2-default-F-kb-f1	revoke	0	8	2	1	1	500	31	0	0	1000	1000	0	0
revoke-r2-default-F-kb-f1	revoke	0	16	2	1	1	500	31	0	0	1000	1000	0	0
revoke-r2-default-fid	revoke	0	1	1	1	1	500	15	0	0	333	1000	0	0
revoke-r2-default-fid	revoke	0	2	2	1	1	1000	31	0	500	666	166	1000	0
revoke-r2-default-fid	revoke	0	4	3	1	1	1000	46	0	500	1000	166	1000	0
revoke-r2-default-fid	revoke	0	8	3	1	1	1000	46	0	500	1000	166	1000	0
revoke-r2-default-fid	revoke	0	16	3	1	1	1000	46	0	500	1000	166	1000	0
revoke-r2-f3-A	revoke	0	1	1	1	1	500	15	0	0	90	1000	0	0
revoke-r2-f3-A	revoke	0	2	2	1	1	1000	31	0	500	181	166	1000	0
revoke-r2-f3-A	revoke	0	4	4	1	1	1000	62	0	500	363	166	1000	0
revoke-r2-f3-A	revoke	0	8	8	1	1	1000	125	0	500	727	166	1000	0
revoke-r2-f3-A	revoke	0	16	11	1	1	1000	171	0	500	1000	166	1000	0
revoke-r2-f3-A-kb-a1	revoke	0	1	1	1	1	500	15	0	0	1000	1000	0	0
revoke-r2-f3-A-kb-a1	revoke	0	2	2	1	1	500	31	0	0	1000	1000	0	0
revoke-r2-f3-A-kb-a1	revoke	0	4	2	1	1	500	31	0	0	1000	1000	0	0
revoke-r2-f3-A-kb-a1	revoke	0	8	2	1	1	500	31	0	0	1000	1000	0	0
revoke-r2-f3-A-kb-a1	revoke	0	16	2	1	1	500	31	0	0	1000	1000	0	0
revoke-r2-f3-A-kb-a2	revoke	0	1	1	1	1	500	15	0	0	1000	1000	0	0
revoke-r2-f3-A-kb-a2	revoke	0	2	2	1	1	500	31	0	0	1000	1000	0	0
revoke-r2-f3-A-kb-a2	revoke	0	4	2	1	1	500	31	0	0	1000	1000	0	0
revoke-r2-f3-A-kb-a2	revoke	0	8	2	1	1	500	31	0	0	1000	1000	0	0
revoke-r2-f3-A-kb-a2	revoke	0	16	2	1	1	500	31	0	0	1000	1000	0	0
revoke-r2-f3-B	revoke	0	1	1	1	1	500	15	0	0	90	1000	0	0
revoke-r2-f3-B	revoke	0	2	2	1	1	1000	31	0	500	181	166	1000	0
revoke-r2-f3-B	revoke	0	4	4	1	1	1000	62	0	500	363	166	1000	0
revoke-r2-f3-B	revoke	0	8	8	1	1	1000	125	0	500	727	166	1000	0
revoke-r2-f3-B	revoke	0	16	11	1	1	1000	171	0	500	1000	166	1000	0
revoke-r2-f3-B-kb-b1	revoke	0	1	1	1	1	500	15	0	0	1000	1000	0	0
revoke-r2-f3-B-kb-b1	revoke	0	2	2	1	1	500	31	0	0	1000	1000	0	0
revoke-r2-f3-B-kb-b1	revoke	0	4	2	1	1	500	31	0	0	1000	1000	0	0
revoke-r2-f3-B-kb-b1	revoke	0	8	2	1	1	500	31	0	0	1000	1000	0	0
revoke-r2-f3-B-kb-b1	revoke	0	16	2	1	1	500	31	0	0	1000	1000	0	0
revoke-r2-f3-C	revoke	0	1	1	1	1	500	15	0	0	90	1000	0	0
revoke-r2-f3-C	revoke	0	2	2	1	1	1000	31	0	500	181	166	1000	0
revoke-r2-f3-C	revoke	0	4	4	1	1	1000	62	0	500	363	166	1000	0
revoke-r2-f3-C	revoke	0	8	8	1	1	1000	125	0	500	727	166	1000	0
revoke-r2-f3-C	revoke	0	16	11	1	1	1000	171	0	500	1000	166	1000	0
revoke-r2-f3-C-kb-c1	revoke	0	1	1	1	1	500	15	0	0	1000	1000	0	0
revoke-r2-f3-C-kb-c1	revoke	0	2	2	1	1	500	31	0	0	1000	1000	0	0
revoke-r2-f3-C-kb-c1	revoke	0	4	2	1	1	500	31	0	0	1000	1000	0	0
revoke-r2-f3-C-kb-c1	revoke	0	8	2	1	1	500	31	0	0	1000	1000	0	0
revoke-r2-f3-C-kb-c1	revoke	0	16	2	1	1	500	31	0	0	1000	1000	0	0
revoke-r2-f3-D	revoke	0	1	1	1	1	500	15	0	0	90	1000	0	0
revoke-r2-f3-D	revoke	0	2	2	1	1	1000	31	0	500	181	166	1000	0
revoke-r2-f3-D	revoke	0	4	4	1	1	1000	62	0	500	363	166	1000	0
revoke-r2-f3-D	revoke	0	8	8	1	1	1000	125	0	500	727	166	1000	0
revoke-r2-f3-D	revoke	0	16	11	1	1	1000	171	0	500	1000	166	1000	0
revoke-r2-f3-D-kb-d1	revoke	0	1	1	1	1	500	15	0	0	1000	1000	0	0
revoke-r2-f3-D-kb-d1	revoke	0	2	2	1	1	500	31	0	0	1000	1000	0	0
revoke-r2-f3-D-kb-d1	revoke	0	4	2	1	1	500	31	0	0	1000	1000	0	0
revoke-r2-f3-D-kb-d1	revoke	0	8	2	1	1	500	31	0	0	1000	1000	0	0
revoke-r2-f3-D-kb-d1	revoke	0	16	2	1	1	500	31	0	0	1000	1000	0	0
revoke-r2-f3-D-kb-d2	revoke	0	1	1	1	1	500	15	0	0	1000	1000	0	0
revoke-r2-f3-D-kb-d2	revoke	0	2	2	1	1	500	31	0	0	1000	1000	0	0
revoke-r2-f3-D-kb-d2	revoke	0	4	2	1	1	500	31	0	0	1000	1000	0	0
revoke-r2-f3-D-kb-d2	revoke	0	8	2	1	1	500	31	0	0	1000	1000	0	0
revoke-r2-f3-D-kb-d2	revoke	0	16	2	1	1	500	31	0	0	1000	1000	0	0
revoke-r2-f3-E	revoke	0	1	1	1	1	500	15	0	0	90	1000	0	0
revoke-r2-f3-E	revoke	0	2	2	1	1	1000	31	0	500	181	166	1000	0
revoke-r2-f3-E	revoke	0	4	4	1	1	1000	62	0	500	363	166	1000	0
revoke-r2-f3-E	revoke	0	8	8	1	1	1000	125	0	500	727	166	1000	0
revoke-r2-f3-E	revoke	0	16	11	1	1	1000	171	0	500	1000	166	1000	0
revoke-r2-f3-E-kb-e1	revoke	0	1	1	1	1	500	15	0	0	1000	1000	0	0
revoke-r2-f3-E-kb-e1	revoke	0	2	2	1	1	500	31	0	0	1000	1000	0	0
revoke-r2-f3-E-kb-e1	revoke	0	4	2	1	1	500	31	0	0	1000	1000	0	0
revoke-r2-f3-E-kb-e1	revoke	0	8	2	1	1	500	31	0	0	1000	1000	0	0
revoke-r2-f3-E-kb-e1	revoke	0	16	2	1	1	500	31	0	0	1000	1000	0	0
revoke-r2-f3-E-kb-e2	revoke	0	1	1	1	1	500	15	0	0	1000	1000	0	0
revoke-r2-f3-E-kb-e2	revoke	0	2	2	1	1	500	31	0	0	1000	1000	0	0
revoke-r2-f3-E-kb-e2	revoke	0	4	2	1	1	500	31	0	0	1000	1000	0	0
revoke-r2-f3-E-kb-e2	revoke	0	8	2	1	1	500	31	0	0	1000	1000	0	0
revoke-r2-f3-E-kb-e2	revoke	0	16	2	1	1	500	31	0	0	1000	1000	0	0
revoke-r2-f3-F	revoke	0	1	1	1	1	500	15	0	0	90	1000	0	0
revoke-r2-f3-F	revoke	0	2	2	1	1	1000	31	0	500	181	166	1000	0
revoke-r2-f3-F	revoke	0	4	4	1	1	1000	62	0	500	363	166	1000	0
revoke-r2-f3-F	revoke	0	8	8	1	1	1000	125	0	500	727	166	1000	0
revoke-r2-f3-F	revoke	0	16	11	1	1	1000	171	0	500	1000	166	1000	0
revoke-r2-f3-F-kb-f1	revoke	0	1	1	1	1	500	15	0	0	1000	1000	0	0
revoke-r2-f3-F-kb-f1	revoke	0	2	2	1	1	500	31	0	0	1000	1000	0	0
revoke-r2-f3-F-kb-f1	revoke	0	4	2	1	1	500	31	0	0	1000	1000	0	0
revoke-r2-f3-F-kb-f1	revoke	0	8	2	1	1	500	31	0	0	1000	1000	0	0
revoke-r2-f3-F-kb-f1	revoke	0	16	2	1	1	500	31	0	0	1000	1000	0	0
revoke-r2-f3-fid	revoke	0	1	1	1	1	500	15	0	0	333	1000	0	0
revoke-r2-f3-fid	revoke	0	2	2	1	1	1000	31	0	500	666	166	1000	0
revoke-r2-f3-fid	revoke	0	4	3	1	1	1000	46	0	500	1000	166	1000	0
revoke-r2-f3-fid	revoke	0	8	3	1	1	1000	46	0	500	1000	166	1000	0
revoke-r2-f3-fid	revoke	0	16	3	1	1	1000	46	0	500	1000	166	1000	0
logic-g_cau-GU-01	logic	0	1	1	1	1	500	15	0	0	1000	1000	0	0
logic-g_cau-GU-01	logic	0	2	2	1	1	500	31	0	0	1000	1000	0	0
logic-g_cau-GU-01	logic	0	4	2	1	1	500	31	0	0	1000	1000	0	0
logic-g_cau-GU-01	logic	0	8	2	1	1	500	31	0	0	1000	1000	0	0
logic-g_cau-GU-01	logic	0	16	2	1	1	500	31	0	0	1000	1000	0	0
logic-g_cau-GU-02	logic	0	1	1	1	1	500	15	0	0	1000	1000	0	0
logic-g_cau-GU-02	logic	0	2	2	1	1	500	31	0	0	1000	1000	0	0
logic-g_cau-GU-02	logic	0	4	2	1	1	500	31	0	0	1000	1000	0	0
logic-g_cau-GU-02	logic	0	8	2	1	1	500	31	0	0	1000	1000	0	0
logic-g_cau-GU-02	logic	0	16	2	1	1	500	31	0	0	1000	1000	0	0
logic-g_cau-GU-03	logic	0	1	1	1	1	500	15	0	0	1000	1000	0	0
logic-g_cau-GU-03	logic	0	2	2	1	1	500	31	0	0	1000	1000	0	0
logic-g_cau-GU-03	logic	0	4	2	1	1	500	31	0	0	1000	1000	0	0
logic-g_cau-GU-03	logic	0	8	2	1	1	500	31	0	0	1000	1000	0	0
logic-g_cau-GU-03	logic	0	16	2	1	1	500	31	0	0	1000	1000	0	0
logic-g_cau-GU-04	logic	0	1	1	1	1	500	15	0	0	1000	1000	0	0
logic-g_cau-GU-04	logic	0	2	2	1	1	500	31	0	0	1000	1000	0	0
logic-g_cau-GU-04	logic	0	4	2	1	1	500	31	0	0	1000	1000	0	0
logic-g_cau-GU-04	logic	0	8	2	1	1	500	31	0	0	1000	1000	0	0
logic-g_cau-GU-04	logic	0	16	2	1	1	500	31	0	0	1000	1000	0	0
logic-g_cau-GU-05	logic	0	1	1	1	1	500	15	0	0	1000	1000	0	0
logic-g_cau-GU-05	logic	0	2	2	1	1	500	31	0	0	1000	1000	0	0
logic-g_cau-GU-05	logic	0	4	2	1	1	500	31	0	0	1000	1000	0	0
logic-g_cau-GU-05	logic	0	8	2	1	1	500	31	0	0	1000	1000	0	0
logic-g_cau-GU-05	logic	0	16	2	1	1	500	31	0	0	1000	1000	0	0
logic-g_cau-GU-06	logic	0	1	1	1	1	500	15	0	0	1000	1000	0	0
logic-g_cau-GU-06	logic	0	2	2	1	1	500	31	0	0	1000	1000	0	0
logic-g_cau-GU-06	logic	0	4	2	1	1	500	31	0	0	1000	1000	0	0
logic-g_cau-GU-06	logic	0	8	2	1	1	500	31	0	0	1000	1000	0	0
logic-g_cau-GU-06	logic	0	16	2	1	1	500	31	0	0	1000	1000	0	0
logic-g_cau-GU-07	logic	0	1	1	1	1	500	15	0	0	1000	1000	0	0
logic-g_cau-GU-07	logic	0	2	2	1	1	500	31	0	0	1000	1000	0	0
logic-g_cau-GU-07	logic	0	4	2	1	1	500	31	0	0	1000	1000	0	0
logic-g_cau-GU-07	logic	0	8	2	1	1	500	31	0	0	1000	1000	0	0
logic-g_cau-GU-07	logic	0	16	2	1	1	500	31	0	0	1000	1000	0	0
logic-g_cau-GU-08	logic	0	1	1	1	1	500	15	0	0	1000	1000	0	0
logic-g_cau-GU-08	logic	0	2	2	1	1	500	31	0	0	1000	1000	0	0
logic-g_cau-GU-08	logic	0	4	2	1	1	500	31	0	0	1000	1000	0	0
logic-g_cau-GU-08	logic	0	8	2	1	1	500	31	0	0	1000	1000	0	0
logic-g_cau-GU-08	logic	0	16	2	1	1	500	31	0	0	1000	1000	0	0
logic-g_cau-GU-09	logic	0	1	1	1	1	500	15	0	0	500	1000	0	0
logic-g_cau-GU-09	logic	0	2	2	1	1	1000	31	0	500	1000	333	1000	0
logic-g_cau-GU-09	logic	0	4	2	1	1	1000	31	0	500	1000	333	1000	0
logic-g_cau-GU-09	logic	0	8	2	1	1	1000	31	0	500	1000	333	1000	0
logic-g_cau-GU-09	logic	0	16	2	1	1	1000	31	0	500	1000	333	1000	0
logic-g_cau-GU-10	logic	0	1	1	1	1	500	15	0	0	1000	1000	0	0
logic-g_cau-GU-10	logic	0	2	2	1	1	500	31	0	0	1000	1000	0	0
logic-g_cau-GU-10	logic	0	4	2	1	1	500	31	0	0	1000	1000	0	0
logic-g_cau-GU-10	logic	0	8	2	1	1	500	31	0	0	1000	1000	0	0
logic-g_cau-GU-10	logic	0	16	2	1	1	500	31	0	0	1000	1000	0	0
logic-g_cau-GU-11	logic	0	1	1	1	1	500	15	0	0	1000	1000	0	0
logic-g_cau-GU-11	logic	0	2	2	1	1	500	31	0	0	1000	1000	0	0
logic-g_cau-GU-11	logic	0	4	2	1	1	500	31	0	0	1000	1000	0	0
logic-g_cau-GU-11	logic	0	8	2	1	1	500	31	0	0	1000	1000	0	0
logic-g_cau-GU-11	logic	0	16	2	1	1	500	31	0	0	1000	1000	0	0
logic-g_cau-GU-12	logic	0	1	1	1	1	500	15	0	0	1000	1000	0	0
logic-g_cau-GU-12	logic	0	2	2	1	1	500	31	0	0	1000	1000	0	0
logic-g_cau-GU-12	logic	0	4	2	1	1	500	31	0	0	1000	1000	0	0
logic-g_cau-GU-12	logic	0	8	2	1	1	500	31	0	0	1000	1000	0	0
logic-g_cau-GU-12	logic	0	16	2	1	1	500	31	0	0	1000	1000	0	0
logic-g_cau-GU-13	logic	0	1	1	1	1	500	15	0	0	1000	1000	0	0
logic-g_cau-GU-13	logic	0	2	2	1	1	500	31	0	0	1000	1000	0	0
logic-g_cau-GU-13	logic	0	4	2	1	1	500	31	0	0	1000	1000	0	0
logic-g_cau-GU-13	logic	0	8	2	1	1	500	31	0	0	1000	1000	0	0
logic-g_cau-GU-13	logic	0	16	2	1	1	500	31	0	0	1000	1000	0	0
logic-g_cau-GU-14	logic	0	1	1	1	1	500	15	0	0	1000	1000	0	0
logic-g_cau-GU-14	logic	0	2	2	1	1	500	31	0	0	1000	1000	0	0
logic-g_cau-GU-14	logic	0	4	2	1	1	500	31	0	0	1000	1000	0	0
logic-g_cau-GU-14	logic	0	8	2	1	1	500	31	0	0	1000	1000	0	0
logic-g_cau-GU-14	logic	0	16	2	1	1	500	31	0	0	1000	1000	0	0
logic-g_cau-GU-15	logic	0	1	1	1	1	500	15	0	0	1000	1000	0	0
logic-g_cau-GU-15	logic	0	2	2	1	1	500	31	0	0	1000	1000	0	0
logic-g_cau-GU-15	logic	0	4	2	1	1	500	31	0	0	1000	1000	0	0
logic-g_cau-GU-15	logic	0	8	2	1	1	500	31	0	0	1000	1000	0	0
logic-g_cau-GU-15	logic	0	16	2	1	1	500	31	0	0	1000	1000	0	0
logic-g_cau-GU-16	logic	0	1	1	1	1	500	15	0	0	500	1000	0	0
logic-g_cau-GU-16	logic	0	2	2	1	1	1000	31	0	500	1000	333	1000	0
logic-g_cau-GU-16	logic	0	4	2	1	1	1000	31	0	500	1000	333	1000	0
logic-g_cau-GU-16	logic	0	8	2	1	1	1000	31	0	500	1000	333	1000	0
logic-g_cau-GU-16	logic	0	16	2	1	1	1000	31	0	500	1000	333	1000	0
logic-g_cau-GU-17	logic	0	1	1	1	1	500	15	0	0	1000	1000	0	0
logic-g_cau-GU-17	logic	0	2	2	1	1	500	31	0	0	1000	1000	0	0
logic-g_cau-GU-17	logic	0	4	2	1	1	500	31	0	0	1000	1000	0	0
logic-g_cau-GU-17	logic	0	8	2	1	1	500	31	0	0	1000	1000	0	0
logic-g_cau-GU-17	logic	0	16	2	1	1	500	31	0	0	1000	1000	0	0
logic-g_cau-GU-18	logic	0	1	1	1	1	500	15	0	0	1000	1000	0	0
logic-g_cau-GU-18	logic	0	2	2	1	1	500	31	0	0	1000	1000	0	0
logic-g_cau-GU-18	logic	0	4	2	1	1	500	31	0	0	1000	1000	0	0
logic-g_cau-GU-18	logic	0	8	2	1	1	500	31	0	0	1000	1000	0	0
logic-g_cau-GU-18	logic	0	16	2	1	1	500	31	0	0	1000	1000	0	0
logic-g_cau-GU-19	logic	0	1	1	1	1	500	15	0	0	1000	1000	0	0
logic-g_cau-GU-19	logic	0	2	2	1	1	500	31	0	0	1000	1000	0	0
logic-g_cau-GU-19	logic	0	4	2	1	1	500	31	0	0	1000	1000	0	0
logic-g_cau-GU-19	logic	0	8	2	1	1	500	31	0	0	1000	1000	0	0
logic-g_cau-GU-19	logic	0	16	2	1	1	500	31	0	0	1000	1000	0	0
logic-g_cau-GU-20	logic	0	1	1	1	1	500	15	0	0	1000	1000	0	0
logic-g_cau-GU-20	logic	0	2	2	1	1	500	31	0	0	1000	1000	0	0
logic-g_cau-GU-20	logic	0	4	2	1	1	500	31	0	0	1000	1000	0	0
logic-g_cau-GU-20	logic	0	8	2	1	1	500	31	0	0	1000	1000	0	0
logic-g_cau-GU-20	logic	0	16	2	1	1	500	31	0	0	1000	1000	0	0
logic-g_cmp-GM-01	logic	0	1	1	1	1	500	15	0	0	1000	1000	0	0
logic-g_cmp-GM-01	logic	0	2	2	1	1	500	31	0	0	1000	1000	0	0
logic-g_cmp-GM-01	logic	0	4	2	1	1	500	31	0	0	1000	1000	0	0
logic-g_cmp-GM-01	logic	0	8	2	1	1	500	31	0	0	1000	1000	0	0
logic-g_cmp-GM-01	logic	0	16	2	1	1	500	31	0	0	1000	1000	0	0
logic-g_cmp-GM-02	logic	0	1	1	1	1	500	15	0	0	1000	1000	0	0
logic-g_cmp-GM-02	logic	0	2	2	1	1	500	31	0	0	1000	1000	0	0
logic-g_cmp-GM-02	logic	0	4	2	1	1	500	31	0	0	1000	1000	0	0
logic-g_cmp-GM-02	logic	0	8	2	1	1	500	31	0	0	1000	1000	0	0
logic-g_cmp-GM-02	logic	0	16	2	1	1	500	31	0	0	1000	1000	0	0
logic-g_cmp-GM-03	logic	0	1	1	1	1	500	15	0	0	1000	1000	0	0
logic-g_cmp-GM-03	logic	0	2	2	1	1	500	31	0	0	1000	1000	0	0
logic-g_cmp-GM-03	logic	0	4	2	1	1	500	31	0	0	1000	1000	0	0
logic-g_cmp-GM-03	logic	0	8	2	1	1	500	31	0	0	1000	1000	0	0
logic-g_cmp-GM-03	logic	0	16	2	1	1	500	31	0	0	1000	1000	0	0
logic-g_cmp-GM-04	logic	0	1	1	1	1	500	15	0	0	1000	1000	0	0
logic-g_cmp-GM-04	logic	0	2	2	1	1	500	31	0	0	1000	1000	0	0
logic-g_cmp-GM-04	logic	0	4	2	1	1	500	31	0	0	1000	1000	0	0
logic-g_cmp-GM-04	logic	0	8	2	1	1	500	31	0	0	1000	1000	0	0
logic-g_cmp-GM-04	logic	0	16	2	1	1	500	31	0	0	1000	1000	0	0
logic-g_cmp-GM-05	logic	0	1	1	1	1	500	15	0	0	1000	1000	0	0
logic-g_cmp-GM-05	logic	0	2	2	1	1	500	31	0	0	1000	1000	0	0
logic-g_cmp-GM-05	logic	0	4	2	1	1	500	31	0	0	1000	1000	0	0
logic-g_cmp-GM-05	logic	0	8	2	1	1	500	31	0	0	1000	1000	0	0
logic-g_cmp-GM-05	logic	0	16	2	1	1	500	31	0	0	1000	1000	0	0
logic-g_cmp-GM-06	logic	0	1	1	1	1	500	15	0	0	1000	1000	0	0
logic-g_cmp-GM-06	logic	0	2	2	1	1	500	31	0	0	1000	1000	0	0
logic-g_cmp-GM-06	logic	0	4	2	1	1	500	31	0	0	1000	1000	0	0
logic-g_cmp-GM-06	logic	0	8	2	1	1	500	31	0	0	1000	1000	0	0
logic-g_cmp-GM-06	logic	0	16	2	1	1	500	31	0	0	1000	1000	0	0
logic-g_cmp-GM-07	logic	0	1	1	1	1	500	15	0	0	1000	1000	0	0
logic-g_cmp-GM-07	logic	0	2	2	1	1	500	31	0	0	1000	1000	0	0
logic-g_cmp-GM-07	logic	0	4	2	1	1	500	31	0	0	1000	1000	0	0
logic-g_cmp-GM-07	logic	0	8	2	1	1	500	31	0	0	1000	1000	0	0
logic-g_cmp-GM-07	logic	0	16	2	1	1	500	31	0	0	1000	1000	0	0
logic-g_cmp-GM-08	logic	0	1	1	1	1	500	15	0	0	1000	1000	0	0
logic-g_cmp-GM-08	logic	0	2	2	1	1	500	31	0	0	1000	1000	0	0
logic-g_cmp-GM-08	logic	0	4	2	1	1	500	31	0	0	1000	1000	0	0
logic-g_cmp-GM-08	logic	0	8	2	1	1	500	31	0	0	1000	1000	0	0
logic-g_cmp-GM-08	logic	0	16	2	1	1	500	31	0	0	1000	1000	0	0
logic-g_cmp-GM-09	logic	0	1	1	1	1	500	15	0	0	1000	1000	0	0
logic-g_cmp-GM-09	logic	0	2	2	1	1	500	31	0	0	1000	1000	0	0
logic-g_cmp-GM-09	logic	0	4	2	1	1	500	31	0	0	1000	1000	0	0
logic-g_cmp-GM-09	logic	0	8	2	1	1	500	31	0	0	1000	1000	0	0
logic-g_cmp-GM-09	logic	0	16	2	1	1	500	31	0	0	1000	1000	0	0
logic-g_cmp-GM-10	logic	0	1	1	1	1	500	15	0	0	1000	1000	0	0
logic-g_cmp-GM-10	logic	0	2	2	1	1	500	31	0	0	1000	1000	0	0
logic-g_cmp-GM-10	logic	0	4	2	1	1	500	31	0	0	1000	1000	0	0
logic-g_cmp-GM-10	logic	0	8	2	1	1	500	31	0	0	1000	1000	0	0
logic-g_cmp-GM-10	logic	0	16	2	1	1	500	31	0	0	1000	1000	0	0
logic-g_cmp-GM-11	logic	0	1	1	1	1	500	15	0	0	1000	1000	0	0
logic-g_cmp-GM-11	logic	0	2	2	1	1	500	31	0	0	1000	1000	0	0
logic-g_cmp-GM-11	logic	0	4	2	1	1	500	31	0	0	1000	1000	0	0
logic-g_cmp-GM-11	logic	0	8	2	1	1	500	31	0	0	1000	1000	0	0
logic-g_cmp-GM-11	logic	0	16	2	1	1	500	31	0	0	1000	1000	0	0
logic-g_cmp-GM-12	logic	0	1	1	1	1	500	15	0	0	1000	1000	0	0
logic-g_cmp-GM-12	logic	0	2	2	1	1	500	31	0	0	1000	1000	0	0
logic-g_cmp-GM-12	logic	0	4	2	1	1	500	31	0	0	1000	1000	0	0
logic-g_cmp-GM-12	logic	0	8	2	1	1	500	31	0	0	1000	1000	0	0
logic-g_cmp-GM-12	logic	0	16	2	1	1	500	31	0	0	1000	1000	0	0
logic-g_cmp-GM-13	logic	0	1	1	1	1	500	15	0	0	1000	1000	0	0
logic-g_cmp-GM-13	logic	0	2	2	1	1	500	31	0	0	1000	1000	0	0
logic-g_cmp-GM-13	logic	0	4	2	1	1	500	31	0	0	1000	1000	0	0
logic-g_cmp-GM-13	logic	0	8	2	1	1	500	31	0	0	1000	1000	0	0
logic-g_cmp-GM-13	logic	0	16	2	1	1	500	31	0	0	1000	1000	0	0
logic-g_cmp-GM-14	logic	0	1	1	1	1	500	15	0	0	1000	1000	0	0
logic-g_cmp-GM-14	logic	0	2	2	1	1	500	31	0	0	1000	1000	0	0
logic-g_cmp-GM-14	logic	0	4	2	1	1	500	31	0	0	1000	1000	0	0
logic-g_cmp-GM-14	logic	0	8	2	1	1	500	31	0	0	1000	1000	0	0
logic-g_cmp-GM-14	logic	0	16	2	1	1	500	31	0	0	1000	1000	0	0
logic-g_cmp-GM-15	logic	0	1	1	1	1	500	15	0	0	1000	1000	0	0
logic-g_cmp-GM-15	logic	0	2	2	1	1	500	31	0	0	1000	1000	0	0
logic-g_cmp-GM-15	logic	0	4	2	1	1	500	31	0	0	1000	1000	0	0
logic-g_cmp-GM-15	logic	0	8	2	1	1	500	31	0	0	1000	1000	0	0
logic-g_cmp-GM-15	logic	0	16	2	1	1	500	31	0	0	1000	1000	0	0
logic-g_cmp-GM-16	logic	0	1	1	1	1	500	15	0	0	1000	1000	0	0
logic-g_cmp-GM-16	logic	0	2	2	1	1	500	31	0	0	1000	1000	0	0
logic-g_cmp-GM-16	logic	0	4	2	1	1	500	31	0	0	1000	1000	0	0
logic-g_cmp-GM-16	logic	0	8	2	1	1	500	31	0	0	1000	1000	0	0
logic-g_cmp-GM-16	logic	0	16	2	1	1	500	31	0	0	1000	1000	0	0
logic-g_cmp-GM-17	logic	0	1	1	1	1	500	15	0	0	1000	1000	0	0
logic-g_cmp-GM-17	logic	0	2	2	1	1	500	31	0	0	1000	1000	0	0
logic-g_cmp-GM-17	logic	0	4	2	1	1	500	31	0	0	1000	1000	0	0
logic-g_cmp-GM-17	logic	0	8	2	1	1	500	31	0	0	1000	1000	0	0
logic-g_cmp-GM-17	logic	0	16	2	1	1	500	31	0	0	1000	1000	0	0
logic-g_cmp-GM-18	logic	0	1	1	1	1	500	15	0	0	1000	1000	0	0
logic-g_cmp-GM-18	logic	0	2	2	1	1	500	31	0	0	1000	1000	0	0
logic-g_cmp-GM-18	logic	0	4	2	1	1	500	31	0	0	1000	1000	0	0
logic-g_cmp-GM-18	logic	0	8	2	1	1	500	31	0	0	1000	1000	0	0
logic-g_cmp-GM-18	logic	0	16	2	1	1	500	31	0	0	1000	1000	0	0
logic-g_cmp-GM-19	logic	0	1	1	1	1	500	15	0	0	1000	1000	0	0
logic-g_cmp-GM-19	logic	0	2	2	1	1	500	31	0	0	1000	1000	0	0
logic-g_cmp-GM-19	logic	0	4	2	1	1	500	31	0	0	1000	1000	0	0
logic-g_cmp-GM-19	logic	0	8	2	1	1	500	31	0	0	1000	1000	0	0
logic-g_cmp-GM-19	logic	0	16	2	1	1	500	31	0	0	1000	1000	0	0
logic-g_cmp-GM-20	logic	0	1	1	1	1	500	15	0	0	1000	1000	0	0
logic-g_cmp-GM-20	logic	0	2	2	1	1	500	31	0	0	1000	1000	0	0
logic-g_cmp-GM-20	logic	0	4	2	1	1	500	31	0	0	1000	1000	0	0
logic-g_cmp-GM-20	logic	0	8	2	1	1	500	31	0	0	1000	1000	0	0
logic-g_cmp-GM-20	logic	0	16	2	1	1	500	31	0	0	1000	1000	0	0
logic-g_con-GC-01	logic	0	1	1	1	1	500	15	0	0	1000	1000	0	0
logic-g_con-GC-01	logic	0	2	2	1	1	500	31	0	0	1000	1000	0	0
logic-g_con-GC-01	logic	0	4	2	1	1	500	31	0	0	1000	1000	0	0
logic-g_con-GC-01	logic	0	8	2	1	1	500	31	0	0	1000	1000	0	0
logic-g_con-GC-01	logic	0	16	2	1	1	500	31	0	0	1000	1000	0	0
logic-g_con-GC-02	logic	0	1	1	1	1	500	15	0	0	1000	1000	0	0
logic-g_con-GC-02	logic	0	2	2	1	1	500	31	0	0	1000	1000	0	0
logic-g_con-GC-02	logic	0	4	2	1	1	500	31	0	0	1000	1000	0	0
logic-g_con-GC-02	logic	0	8	2	1	1	500	31	0	0	1000	1000	0	0
logic-g_con-GC-02	logic	0	16	2	1	1	500	31	0	0	1000	1000	0	0
logic-g_con-GC-03	logic	0	1	1	1	1	500	15	0	0	1000	1000	0	0
logic-g_con-GC-03	logic	0	2	2	1	1	500	31	0	0	1000	1000	0	0
logic-g_con-GC-03	logic	0	4	2	1	1	500	31	0	0	1000	1000	0	0
logic-g_con-GC-03	logic	0	8	2	1	1	500	31	0	0	1000	1000	0	0
logic-g_con-GC-03	logic	0	16	2	1	1	500	31	0	0	1000	1000	0	0
logic-g_con-GC-04	logic	0	1	1	1	1	500	15	0	0	1000	1000	0	0
logic-g_con-GC-04	logic	0	2	2	1	1	500	31	0	0	1000	1000	0	0
logic-g_con-GC-04	logic	0	4	2	1	1	500	31	0	0	1000	1000	0	0
logic-g_con-GC-04	logic	0	8	2	1	1	500	31	0	0	1000	1000	0	0
logic-g_con-GC-04	logic	0	16	2	1	1	500	31	0	0	1000	1000	0	0
logic-g_con-GC-05	logic	0	1	1	1	1	500	15	0	0	1000	1000	0	0
logic-g_con-GC-05	logic	0	2	2	1	1	500	31	0	0	1000	1000	0	0
logic-g_con-GC-05	logic	0	4	2	1	1	500	31	0	0	1000	1000	0	0
logic-g_con-GC-05	logic	0	8	2	1	1	500	31	0	0	1000	1000	0	0
logic-g_con-GC-05	logic	0	16	2	1	1	500	31	0	0	1000	1000	0	0
logic-g_con-GC-06	logic	0	1	1	1	1	500	15	0	0	1000	1000	0	0
logic-g_con-GC-06	logic	0	2	2	1	1	500	31	0	0	1000	1000	0	0
logic-g_con-GC-06	logic	0	4	2	1	1	500	31	0	0	1000	1000	0	0
logic-g_con-GC-06	logic	0	8	2	1	1	500	31	0	0	1000	1000	0	0
logic-g_con-GC-06	logic	0	16	2	1	1	500	31	0	0	1000	1000	0	0
logic-g_con-GC-07	logic	0	1	1	1	1	500	15	0	0	1000	1000	0	0
logic-g_con-GC-07	logic	0	2	2	1	1	500	31	0	0	1000	1000	0	0
logic-g_con-GC-07	logic	0	4	2	1	1	500	31	0	0	1000	1000	0	0
logic-g_con-GC-07	logic	0	8	2	1	1	500	31	0	0	1000	1000	0	0
logic-g_con-GC-07	logic	0	16	2	1	1	500	31	0	0	1000	1000	0	0
logic-g_con-GC-08	logic	0	1	1	1	1	500	15	0	0	1000	1000	0	0
logic-g_con-GC-08	logic	0	2	2	1	1	500	31	0	0	1000	1000	0	0
logic-g_con-GC-08	logic	0	4	2	1	1	500	31	0	0	1000	1000	0	0
logic-g_con-GC-08	logic	0	8	2	1	1	500	31	0	0	1000	1000	0	0
logic-g_con-GC-08	logic	0	16	2	1	1	500	31	0	0	1000	1000	0	0
logic-g_con-GC-09	logic	0	1	1	1	1	500	15	0	0	1000	1000	0	0
logic-g_con-GC-09	logic	0	2	2	1	1	500	31	0	0	1000	1000	0	0
logic-g_con-GC-09	logic	0	4	2	1	1	500	31	0	0	1000	1000	0	0
logic-g_con-GC-09	logic	0	8	2	1	1	500	31	0	0	1000	1000	0	0
logic-g_con-GC-09	logic	0	16	2	1	1	500	31	0	0	1000	1000	0	0
logic-g_con-GC-10	logic	0	1	1	1	1	500	15	0	0	1000	1000	0	0
logic-g_con-GC-10	logic	0	2	2	1	1	500	31	0	0	1000	1000	0	0
logic-g_con-GC-10	logic	0	4	2	1	1	500	31	0	0	1000	1000	0	0
logic-g_con-GC-10	logic	0	8	2	1	1	500	31	0	0	1000	1000	0	0
logic-g_con-GC-10	logic	0	16	2	1	1	500	31	0	0	1000	1000	0	0
logic-g_con-GC-11	logic	0	1	1	1	1	500	15	0	0	1000	1000	0	0
logic-g_con-GC-11	logic	0	2	2	1	1	500	31	0	0	1000	1000	0	0
logic-g_con-GC-11	logic	0	4	2	1	1	500	31	0	0	1000	1000	0	0
logic-g_con-GC-11	logic	0	8	2	1	1	500	31	0	0	1000	1000	0	0
logic-g_con-GC-11	logic	0	16	2	1	1	500	31	0	0	1000	1000	0	0
logic-g_con-GC-12	logic	0	1	1	1	1	500	15	0	0	1000	1000	0	0
logic-g_con-GC-12	logic	0	2	2	1	1	500	31	0	0	1000	1000	0	0
logic-g_con-GC-12	logic	0	4	2	1	1	500	31	0	0	1000	1000	0	0
logic-g_con-GC-12	logic	0	8	2	1	1	500	31	0	0	1000	1000	0	0
logic-g_con-GC-12	logic	0	16	2	1	1	500	31	0	0	1000	1000	0	0
logic-g_con-GC-13	logic	0	1	1	1	1	500	15	0	0	1000	1000	0	0
logic-g_con-GC-13	logic	0	2	2	1	1	500	31	0	0	1000	1000	0	0
logic-g_con-GC-13	logic	0	4	2	1	1	500	31	0	0	1000	1000	0	0
logic-g_con-GC-13	logic	0	8	2	1	1	500	31	0	0	1000	1000	0	0
logic-g_con-GC-13	logic	0	16	2	1	1	500	31	0	0	1000	1000	0	0
logic-g_con-GC-14	logic	0	1	1	1	1	500	15	0	0	1000	1000	0	0
logic-g_con-GC-14	logic	0	2	2	1	1	500	31	0	0	1000	1000	0	0
logic-g_con-GC-14	logic	0	4	2	1	1	500	31	0	0	1000	1000	0	0
logic-g_con-GC-14	logic	0	8	2	1	1	500	31	0	0	1000	1000	0	0
logic-g_con-GC-14	logic	0	16	2	1	1	500	31	0	0	1000	1000	0	0
logic-g_con-GC-15	logic	0	1	1	1	1	500	15	0	0	1000	1000	0	0
logic-g_con-GC-15	logic	0	2	2	1	1	500	31	0	0	1000	1000	0	0
logic-g_con-GC-15	logic	0	4	2	1	1	500	31	0	0	1000	1000	0	0
logic-g_con-GC-15	logic	0	8	2	1	1	500	31	0	0	1000	1000	0	0
logic-g_con-GC-15	logic	0	16	2	1	1	500	31	0	0	1000	1000	0	0
logic-g_con-GC-16	logic	0	1	1	1	1	500	15	0	0	1000	1000	0	0
logic-g_con-GC-16	logic	0	2	2	1	1	500	31	0	0	1000	1000	0	0
logic-g_con-GC-16	logic	0	4	2	1	1	500	31	0	0	1000	1000	0	0
logic-g_con-GC-16	logic	0	8	2	1	1	500	31	0	0	1000	1000	0	0
logic-g_con-GC-16	logic	0	16	2	1	1	500	31	0	0	1000	1000	0	0
logic-g_con-GC-17	logic	0	1	1	1	1	500	15	0	0	1000	1000	0	0
logic-g_con-GC-17	logic	0	2	2	1	1	500	31	0	0	1000	1000	0	0
logic-g_con-GC-17	logic	0	4	2	1	1	500	31	0	0	1000	1000	0	0
logic-g_con-GC-17	logic	0	8	2	1	1	500	31	0	0	1000	1000	0	0
logic-g_con-GC-17	logic	0	16	2	1	1	500	31	0	0	1000	1000	0	0
logic-g_con-GC-18	logic	0	1	1	1	1	500	15	0	0	1000	1000	0	0
logic-g_con-GC-18	logic	0	2	2	1	1	500	31	0	0	1000	1000	0	0
logic-g_con-GC-18	logic	0	4	2	1	1	500	31	0	0	1000	1000	0	0
logic-g_con-GC-18	logic	0	8	2	1	1	500	31	0	0	1000	1000	0	0
logic-g_con-GC-18	logic	0	16	2	1	1	500	31	0	0	1000	1000	0	0
logic-g_con-GC-19	logic	0	1	1	1	1	500	15	0	0	1000	1000	0	0
logic-g_con-GC-19	logic	0	2	2	1	1	500	31	0	0	1000	1000	0	0
logic-g_con-GC-19	logic	0	4	2	1	1	500	31	0	0	1000	1000	0	0
logic-g_con-GC-19	logic	0	8	2	1	1	500	31	0	0	1000	1000	0	0
logic-g_con-GC-19	logic	0	16	2	1	1	500	31	0	0	1000	1000	0	0
logic-g_con-GC-20	logic	0	1	1	1	1	500	15	0	0	1000	1000	0	0
logic-g_con-GC-20	logic	0	2	2	1	1	500	31	0	0	1000	1000	0	0
logic-g_con-GC-20	logic	0	4	2	1	1	500	31	0	0	1000	1000	0	0
logic-g_con-GC-20	logic	0	8	2	1	1	500	31	0	0	1000	1000	0	0
logic-g_con-GC-20	logic	0	16	2	1	1	500	31	0	0	1000	1000	0	0
logic-g_cond-GD-01	logic	0	1	1	1	1	500	15	0	0	500	1000	0	0
logic-g_cond-GD-01	logic	0	2	2	1	1	1000	31	0	500	1000	333	1000	0
logic-g_cond-GD-01	logic	0	4	2	1	1	1000	31	0	500	1000	333	1000	0
logic-g_cond-GD-01	logic	0	8	2	1	1	1000	31	0	500	1000	333	1000	0
logic-g_cond-GD-01	logic	0	16	2	1	1	1000	31	0	500	1000	333	1000	0
logic-g_cond-GD-02	logic	0	1	1	1	1	500	15	0	0	500	1000	0	0
logic-g_cond-GD-02	logic	0	2	2	1	1	1000	31	0	500	1000	333	1000	0
logic-g_cond-GD-02	logic	0	4	2	1	1	1000	31	0	500	1000	333	1000	0
logic-g_cond-GD-02	logic	0	8	2	1	1	1000	31	0	500	1000	333	1000	0
logic-g_cond-GD-02	logic	0	16	2	1	1	1000	31	0	500	1000	333	1000	0
logic-g_cond-GD-03	logic	0	1	1	1	1	500	15	0	0	500	1000	0	0
logic-g_cond-GD-03	logic	0	2	2	1	1	1000	31	0	500	1000	333	1000	0
logic-g_cond-GD-03	logic	0	4	2	1	1	1000	31	0	500	1000	333	1000	0
logic-g_cond-GD-03	logic	0	8	2	1	1	1000	31	0	500	1000	333	1000	0
logic-g_cond-GD-03	logic	0	16	2	1	1	1000	31	0	500	1000	333	1000	0
logic-g_cond-GD-04	logic	0	1	1	1	1	500	15	0	0	500	1000	0	0
logic-g_cond-GD-04	logic	0	2	2	1	1	1000	31	0	500	1000	333	1000	0
logic-g_cond-GD-04	logic	0	4	2	1	1	1000	31	0	500	1000	333	1000	0
logic-g_cond-GD-04	logic	0	8	2	1	1	1000	31	0	500	1000	333	1000	0
logic-g_cond-GD-04	logic	0	16	2	1	1	1000	31	0	500	1000	333	1000	0
logic-g_cond-GD-05	logic	0	1	1	1	1	500	15	0	0	1000	1000	0	0
logic-g_cond-GD-05	logic	0	2	2	1	1	500	31	0	0	1000	1000	0	0
logic-g_cond-GD-05	logic	0	4	2	1	1	500	31	0	0	1000	1000	0	0
logic-g_cond-GD-05	logic	0	8	2	1	1	500	31	0	0	1000	1000	0	0
logic-g_cond-GD-05	logic	0	16	2	1	1	500	31	0	0	1000	1000	0	0
logic-g_cond-GD-06	logic	0	1	1	1	1	500	15	0	0	500	1000	0	0
logic-g_cond-GD-06	logic	0	2	2	1	1	1000	31	0	500	1000	333	1000	0
logic-g_cond-GD-06	logic	0	4	2	1	1	1000	31	0	500	1000	333	1000	0
logic-g_cond-GD-06	logic	0	8	2	1	1	1000	31	0	500	1000	333	1000	0
logic-g_cond-GD-06	logic	0	16	2	1	1	1000	31	0	500	1000	333	1000	0
logic-g_cond-GD-07	logic	0	1	1	1	1	500	15	0	0	500	1000	0	0
logic-g_cond-GD-07	logic	0	2	2	1	1	1000	31	0	500	1000	333	1000	0
logic-g_cond-GD-07	logic	0	4	2	1	1	1000	31	0	500	1000	333	1000	0
logic-g_cond-GD-07	logic	0	8	2	1	1	1000	31	0	500	1000	333	1000	0
logic-g_cond-GD-07	logic	0	16	2	1	1	1000	31	0	500	1000	333	1000	0
logic-g_cond-GD-08	logic	0	1	1	1	1	500	15	0	0	500	1000	0	0
logic-g_cond-GD-08	logic	0	2	2	1	1	1000	31	0	500	1000	333	1000	0
logic-g_cond-GD-08	logic	0	4	2	1	1	1000	31	0	500	1000	333	1000	0
logic-g_cond-GD-08	logic	0	8	2	1	1	1000	31	0	500	1000	333	1000	0
logic-g_cond-GD-08	logic	0	16	2	1	1	1000	31	0	500	1000	333	1000	0
logic-g_cond-GD-09	logic	0	1	1	1	1	500	15	0	0	333	1000	0	0
logic-g_cond-GD-09	logic	0	2	2	1	1	1000	31	0	500	666	333	1000	0
logic-g_cond-GD-09	logic	0	4	3	1	1	1000	46	0	500	1000	333	1000	0
logic-g_cond-GD-09	logic	0	8	3	1	1	1000	46	0	500	1000	333	1000	0
logic-g_cond-GD-09	logic	0	16	3	1	1	1000	46	0	500	1000	333	1000	0
logic-g_cond-GD-10	logic	0	1	1	1	1	500	15	0	0	500	1000	0	0
logic-g_cond-GD-10	logic	0	2	2	1	1	1000	31	0	500	1000	333	1000	0
logic-g_cond-GD-10	logic	0	4	2	1	1	1000	31	0	500	1000	333	1000	0
logic-g_cond-GD-10	logic	0	8	2	1	1	1000	31	0	500	1000	333	1000	0
logic-g_cond-GD-10	logic	0	16	2	1	1	1000	31	0	500	1000	333	1000	0
logic-g_cond-GD-11	logic	0	1	1	1	1	500	15	0	0	1000	1000	0	0
logic-g_cond-GD-11	logic	0	2	2	1	1	500	31	0	0	1000	1000	0	0
logic-g_cond-GD-11	logic	0	4	2	1	1	500	31	0	0	1000	1000	0	0
logic-g_cond-GD-11	logic	0	8	2	1	1	500	31	0	0	1000	1000	0	0
logic-g_cond-GD-11	logic	0	16	2	1	1	500	31	0	0	1000	1000	0	0
logic-g_cond-GD-12	logic	0	1	1	1	1	500	15	0	0	1000	1000	0	0
logic-g_cond-GD-12	logic	0	2	2	1	1	500	31	0	0	1000	1000	0	0
logic-g_cond-GD-12	logic	0	4	2	1	1	500	31	0	0	1000	1000	0	0
logic-g_cond-GD-12	logic	0	8	2	1	1	500	31	0	0	1000	1000	0	0
logic-g_cond-GD-12	logic	0	16	2	1	1	500	31	0	0	1000	1000	0	0
logic-g_cond-GD-13	logic	0	1	1	1	1	500	15	0	0	333	1000	0	0
logic-g_cond-GD-13	logic	0	2	2	1	1	1000	31	0	500	666	333	1000	0
logic-g_cond-GD-13	logic	0	4	3	1	1	1000	46	0	500	1000	333	1000	0
logic-g_cond-GD-13	logic	0	8	3	1	1	1000	46	0	500	1000	333	1000	0
logic-g_cond-GD-13	logic	0	16	3	1	1	1000	46	0	500	1000	333	1000	0
logic-g_cond-GD-14	logic	0	1	1	1	1	500	15	0	0	500	1000	0	0
logic-g_cond-GD-14	logic	0	2	2	1	1	1000	31	0	500	1000	333	1000	0
logic-g_cond-GD-14	logic	0	4	2	1	1	1000	31	0	500	1000	333	1000	0
logic-g_cond-GD-14	logic	0	8	2	1	1	1000	31	0	500	1000	333	1000	0
logic-g_cond-GD-14	logic	0	16	2	1	1	1000	31	0	500	1000	333	1000	0
logic-g_cond-GD-15	logic	0	1	1	1	1	500	15	0	0	1000	1000	0	0
logic-g_cond-GD-15	logic	0	2	2	1	1	500	31	0	0	1000	1000	0	0
logic-g_cond-GD-15	logic	0	4	2	1	1	500	31	0	0	1000	1000	0	0
logic-g_cond-GD-15	logic	0	8	2	1	1	500	31	0	0	1000	1000	0	0
logic-g_cond-GD-15	logic	0	16	2	1	1	500	31	0	0	1000	1000	0	0
logic-g_cond-GD-16	logic	0	1	1	1	1	500	15	0	0	500	1000	0	0
logic-g_cond-GD-16	logic	0	2	2	1	1	1000	31	0	500	1000	333	1000	0
logic-g_cond-GD-16	logic	0	4	2	1	1	1000	31	0	500	1000	333	1000	0
logic-g_cond-GD-16	logic	0	8	2	1	1	1000	31	0	500	1000	333	1000	0
logic-g_cond-GD-16	logic	0	16	2	1	1	1000	31	0	500	1000	333	1000	0
logic-g_cond-GD-17	logic	0	1	1	1	1	500	15	0	0	1000	1000	0	0
logic-g_cond-GD-17	logic	0	2	2	1	1	500	31	0	0	1000	1000	0	0
logic-g_cond-GD-17	logic	0	4	2	1	1	500	31	0	0	1000	1000	0	0
logic-g_cond-GD-17	logic	0	8	2	1	1	500	31	0	0	1000	1000	0	0
logic-g_cond-GD-17	logic	0	16	2	1	1	500	31	0	0	1000	1000	0	0
logic-g_cond-GD-18	logic	0	1	1	1	1	500	15	0	0	333	1000	0	0
logic-g_cond-GD-18	logic	0	2	2	1	1	1000	31	0	500	666	333	1000	0
logic-g_cond-GD-18	logic	0	4	3	1	1	1000	46	0	500	1000	333	1000	0
logic-g_cond-GD-18	logic	0	8	3	1	1	1000	46	0	500	1000	333	1000	0
logic-g_cond-GD-18	logic	0	16	3	1	1	1000	46	0	500	1000	333	1000	0
logic-g_cond-GD-19	logic	0	1	1	1	1	500	15	0	0	500	1000	0	0
logic-g_cond-GD-19	logic	0	2	2	1	1	1000	31	0	500	1000	333	1000	0
logic-g_cond-GD-19	logic	0	4	2	1	1	1000	31	0	500	1000	333	1000	0
logic-g_cond-GD-19	logic	0	8	2	1	1	1000	31	0	500	1000	333	1000	0
logic-g_cond-GD-19	logic	0	16	2	1	1	1000	31	0	500	1000	333	1000	0
logic-g_cond-GD-20	logic	0	1	1	1	1	500	15	0	0	500	1000	0	0
logic-g_cond-GD-20	logic	0	2	2	1	1	1000	31	0	500	1000	333	1000	0
logic-g_cond-GD-20	logic	0	4	2	1	1	1000	31	0	500	1000	333	1000	0
logic-g_cond-GD-20	logic	0	8	2	1	1	1000	31	0	500	1000	333	1000	0
logic-g_cond-GD-20	logic	0	16	2	1	1	1000	31	0	500	1000	333	1000	0
logic-g_hedge-GH-01	logic	0	1	1	1	1	500	15	0	0	1000	1000	0	0
logic-g_hedge-GH-01	logic	0	2	2	1	1	500	31	0	0	1000	1000	0	0
logic-g_hedge-GH-01	logic	0	4	2	1	1	500	31	0	0	1000	1000	0	0
logic-g_hedge-GH-01	logic	0	8	2	1	1	500	31	0	0	1000	1000	0	0
logic-g_hedge-GH-01	logic	0	16	2	1	1	500	31	0	0	1000	1000	0	0
logic-g_hedge-GH-02	logic	0	1	1	1	1	500	15	0	0	1000	1000	0	0
logic-g_hedge-GH-02	logic	0	2	2	1	1	500	31	0	0	1000	1000	0	0
logic-g_hedge-GH-02	logic	0	4	2	1	1	500	31	0	0	1000	1000	0	0
logic-g_hedge-GH-02	logic	0	8	2	1	1	500	31	0	0	1000	1000	0	0
logic-g_hedge-GH-02	logic	0	16	2	1	1	500	31	0	0	1000	1000	0	0
logic-g_hedge-GH-03	logic	0	1	1	1	1	500	15	0	0	1000	1000	0	0
logic-g_hedge-GH-03	logic	0	2	2	1	1	500	31	0	0	1000	1000	0	0
logic-g_hedge-GH-03	logic	0	4	2	1	1	500	31	0	0	1000	1000	0	0
logic-g_hedge-GH-03	logic	0	8	2	1	1	500	31	0	0	1000	1000	0	0
logic-g_hedge-GH-03	logic	0	16	2	1	1	500	31	0	0	1000	1000	0	0
logic-g_hedge-GH-04	logic	0	1	1	1	1	500	15	0	0	1000	1000	0	0
logic-g_hedge-GH-04	logic	0	2	2	1	1	500	31	0	0	1000	1000	0	0
logic-g_hedge-GH-04	logic	0	4	2	1	1	500	31	0	0	1000	1000	0	0
logic-g_hedge-GH-04	logic	0	8	2	1	1	500	31	0	0	1000	1000	0	0
logic-g_hedge-GH-04	logic	0	16	2	1	1	500	31	0	0	1000	1000	0	0
logic-g_hedge-GH-05	logic	0	1	1	1	1	500	15	0	0	1000	1000	0	0
logic-g_hedge-GH-05	logic	0	2	2	1	1	500	31	0	0	1000	1000	0	0
logic-g_hedge-GH-05	logic	0	4	2	1	1	500	31	0	0	1000	1000	0	0
logic-g_hedge-GH-05	logic	0	8	2	1	1	500	31	0	0	1000	1000	0	0
logic-g_hedge-GH-05	logic	0	16	2	1	1	500	31	0	0	1000	1000	0	0
logic-g_hedge-GH-06	logic	0	1	1	1	1	500	15	0	0	1000	1000	0	0
logic-g_hedge-GH-06	logic	0	2	2	1	1	500	31	0	0	1000	1000	0	0
logic-g_hedge-GH-06	logic	0	4	2	1	1	500	31	0	0	1000	1000	0	0
logic-g_hedge-GH-06	logic	0	8	2	1	1	500	31	0	0	1000	1000	0	0
logic-g_hedge-GH-06	logic	0	16	2	1	1	500	31	0	0	1000	1000	0	0
logic-g_hedge-GH-07	logic	0	1	1	1	1	500	15	0	0	1000	1000	0	0
logic-g_hedge-GH-07	logic	0	2	2	1	1	500	31	0	0	1000	1000	0	0
logic-g_hedge-GH-07	logic	0	4	2	1	1	500	31	0	0	1000	1000	0	0
logic-g_hedge-GH-07	logic	0	8	2	1	1	500	31	0	0	1000	1000	0	0
logic-g_hedge-GH-07	logic	0	16	2	1	1	500	31	0	0	1000	1000	0	0
logic-g_hedge-GH-08	logic	0	1	1	1	1	500	15	0	0	1000	1000	0	0
logic-g_hedge-GH-08	logic	0	2	2	1	1	500	31	0	0	1000	1000	0	0
logic-g_hedge-GH-08	logic	0	4	2	1	1	500	31	0	0	1000	1000	0	0
logic-g_hedge-GH-08	logic	0	8	2	1	1	500	31	0	0	1000	1000	0	0
logic-g_hedge-GH-08	logic	0	16	2	1	1	500	31	0	0	1000	1000	0	0
logic-g_hedge-GH-09	logic	0	1	1	1	1	500	15	0	0	1000	1000	0	0
logic-g_hedge-GH-09	logic	0	2	2	1	1	500	31	0	0	1000	1000	0	0
logic-g_hedge-GH-09	logic	0	4	2	1	1	500	31	0	0	1000	1000	0	0
logic-g_hedge-GH-09	logic	0	8	2	1	1	500	31	0	0	1000	1000	0	0
logic-g_hedge-GH-09	logic	0	16	2	1	1	500	31	0	0	1000	1000	0	0
logic-g_hedge-GH-10	logic	0	1	1	1	1	500	15	0	0	1000	1000	0	0
logic-g_hedge-GH-10	logic	0	2	2	1	1	500	31	0	0	1000	1000	0	0
logic-g_hedge-GH-10	logic	0	4	2	1	1	500	31	0	0	1000	1000	0	0
logic-g_hedge-GH-10	logic	0	8	2	1	1	500	31	0	0	1000	1000	0	0
logic-g_hedge-GH-10	logic	0	16	2	1	1	500	31	0	0	1000	1000	0	0
logic-g_hedge-GH-11	logic	0	1	1	1	1	500	15	0	0	1000	1000	0	0
logic-g_hedge-GH-11	logic	0	2	2	1	1	500	31	0	0	1000	1000	0	0
logic-g_hedge-GH-11	logic	0	4	2	1	1	500	31	0	0	1000	1000	0	0
logic-g_hedge-GH-11	logic	0	8	2	1	1	500	31	0	0	1000	1000	0	0
logic-g_hedge-GH-11	logic	0	16	2	1	1	500	31	0	0	1000	1000	0	0
logic-g_hedge-GH-12	logic	0	1	1	1	1	500	15	0	0	1000	1000	0	0
logic-g_hedge-GH-12	logic	0	2	2	1	1	500	31	0	0	1000	1000	0	0
logic-g_hedge-GH-12	logic	0	4	2	1	1	500	31	0	0	1000	1000	0	0
logic-g_hedge-GH-12	logic	0	8	2	1	1	500	31	0	0	1000	1000	0	0
logic-g_hedge-GH-12	logic	0	16	2	1	1	500	31	0	0	1000	1000	0	0
logic-g_hedge-GH-13	logic	0	1	1	1	1	500	15	0	0	1000	1000	0	0
logic-g_hedge-GH-13	logic	0	2	2	1	1	500	31	0	0	1000	1000	0	0
logic-g_hedge-GH-13	logic	0	4	2	1	1	500	31	0	0	1000	1000	0	0
logic-g_hedge-GH-13	logic	0	8	2	1	1	500	31	0	0	1000	1000	0	0
logic-g_hedge-GH-13	logic	0	16	2	1	1	500	31	0	0	1000	1000	0	0
logic-g_hedge-GH-14	logic	0	1	1	1	1	500	15	0	0	1000	1000	0	0
logic-g_hedge-GH-14	logic	0	2	2	1	1	500	31	0	0	1000	1000	0	0
logic-g_hedge-GH-14	logic	0	4	2	1	1	500	31	0	0	1000	1000	0	0
logic-g_hedge-GH-14	logic	0	8	2	1	1	500	31	0	0	1000	1000	0	0
logic-g_hedge-GH-14	logic	0	16	2	1	1	500	31	0	0	1000	1000	0	0
logic-g_hedge-GH-15	logic	0	1	1	1	1	500	15	0	0	1000	1000	0	0
logic-g_hedge-GH-15	logic	0	2	2	1	1	500	31	0	0	1000	1000	0	0
logic-g_hedge-GH-15	logic	0	4	2	1	1	500	31	0	0	1000	1000	0	0
logic-g_hedge-GH-15	logic	0	8	2	1	1	500	31	0	0	1000	1000	0	0
logic-g_hedge-GH-15	logic	0	16	2	1	1	500	31	0	0	1000	1000	0	0
logic-g_hedge-GH-16	logic	0	1	1	1	1	500	15	0	0	1000	1000	0	0
logic-g_hedge-GH-16	logic	0	2	2	1	1	500	31	0	0	1000	1000	0	0
logic-g_hedge-GH-16	logic	0	4	2	1	1	500	31	0	0	1000	1000	0	0
logic-g_hedge-GH-16	logic	0	8	2	1	1	500	31	0	0	1000	1000	0	0
logic-g_hedge-GH-16	logic	0	16	2	1	1	500	31	0	0	1000	1000	0	0
logic-g_hedge-GH-17	logic	0	1	1	1	1	500	15	0	0	1000	1000	0	0
logic-g_hedge-GH-17	logic	0	2	2	1	1	500	31	0	0	1000	1000	0	0
logic-g_hedge-GH-17	logic	0	4	2	1	1	500	31	0	0	1000	1000	0	0
logic-g_hedge-GH-17	logic	0	8	2	1	1	500	31	0	0	1000	1000	0	0
logic-g_hedge-GH-17	logic	0	16	2	1	1	500	31	0	0	1000	1000	0	0
logic-g_hedge-GH-18	logic	0	1	1	1	1	500	15	0	0	1000	1000	0	0
logic-g_hedge-GH-18	logic	0	2	2	1	1	500	31	0	0	1000	1000	0	0
logic-g_hedge-GH-18	logic	0	4	2	1	1	500	31	0	0	1000	1000	0	0
logic-g_hedge-GH-18	logic	0	8	2	1	1	500	31	0	0	1000	1000	0	0
logic-g_hedge-GH-18	logic	0	16	2	1	1	500	31	0	0	1000	1000	0	0
logic-g_hedge-GH-19	logic	0	1	1	1	1	500	15	0	0	1000	1000	0	0
logic-g_hedge-GH-19	logic	0	2	2	1	1	500	31	0	0	1000	1000	0	0
logic-g_hedge-GH-19	logic	0	4	2	1	1	500	31	0	0	1000	1000	0	0
logic-g_hedge-GH-19	logic	0	8	2	1	1	500	31	0	0	1000	1000	0	0
logic-g_hedge-GH-19	logic	0	16	2	1	1	500	31	0	0	1000	1000	0	0
logic-g_hedge-GH-20	logic	0	1	1	1	1	500	15	0	0	1000	1000	0	0
logic-g_hedge-GH-20	logic	0	2	2	1	1	500	31	0	0	1000	1000	0	0
logic-g_hedge-GH-20	logic	0	4	2	1	1	500	31	0	0	1000	1000	0	0
logic-g_hedge-GH-20	logic	0	8	2	1	1	500	31	0	0	1000	1000	0	0
logic-g_hedge-GH-20	logic	0	16	2	1	1	500	31	0	0	1000	1000	0	0
logic-g_neg-GN-01	logic	0	1	1	1	1	500	15	0	0	1000	1000	0	0
logic-g_neg-GN-01	logic	0	2	2	1	1	500	31	0	0	1000	1000	0	0
logic-g_neg-GN-01	logic	0	4	2	1	1	500	31	0	0	1000	1000	0	0
logic-g_neg-GN-01	logic	0	8	2	1	1	500	31	0	0	1000	1000	0	0
logic-g_neg-GN-01	logic	0	16	2	1	1	500	31	0	0	1000	1000	0	0
logic-g_neg-GN-02	logic	0	1	1	1	1	500	15	0	0	1000	1000	0	0
logic-g_neg-GN-02	logic	0	2	2	1	1	500	31	0	0	1000	1000	0	0
logic-g_neg-GN-02	logic	0	4	2	1	1	500	31	0	0	1000	1000	0	0
logic-g_neg-GN-02	logic	0	8	2	1	1	500	31	0	0	1000	1000	0	0
logic-g_neg-GN-02	logic	0	16	2	1	1	500	31	0	0	1000	1000	0	0
logic-g_neg-GN-03	logic	0	1	1	1	1	500	15	0	0	1000	1000	0	0
logic-g_neg-GN-03	logic	0	2	2	1	1	500	31	0	0	1000	1000	0	0
logic-g_neg-GN-03	logic	0	4	2	1	1	500	31	0	0	1000	1000	0	0
logic-g_neg-GN-03	logic	0	8	2	1	1	500	31	0	0	1000	1000	0	0
logic-g_neg-GN-03	logic	0	16	2	1	1	500	31	0	0	1000	1000	0	0
logic-g_neg-GN-04	logic	0	1	1	1	1	500	15	0	0	1000	1000	0	0
logic-g_neg-GN-04	logic	0	2	2	1	1	500	31	0	0	1000	1000	0	0
logic-g_neg-GN-04	logic	0	4	2	1	1	500	31	0	0	1000	1000	0	0
logic-g_neg-GN-04	logic	0	8	2	1	1	500	31	0	0	1000	1000	0	0
logic-g_neg-GN-04	logic	0	16	2	1	1	500	31	0	0	1000	1000	0	0
logic-g_neg-GN-05	logic	0	1	1	1	1	500	15	0	0	1000	1000	0	0
logic-g_neg-GN-05	logic	0	2	2	1	1	500	31	0	0	1000	1000	0	0
logic-g_neg-GN-05	logic	0	4	2	1	1	500	31	0	0	1000	1000	0	0
logic-g_neg-GN-05	logic	0	8	2	1	1	500	31	0	0	1000	1000	0	0
logic-g_neg-GN-05	logic	0	16	2	1	1	500	31	0	0	1000	1000	0	0
logic-g_neg-GN-06	logic	0	1	1	1	1	500	15	0	0	1000	1000	0	0
logic-g_neg-GN-06	logic	0	2	2	1	1	500	31	0	0	1000	1000	0	0
logic-g_neg-GN-06	logic	0	4	2	1	1	500	31	0	0	1000	1000	0	0
logic-g_neg-GN-06	logic	0	8	2	1	1	500	31	0	0	1000	1000	0	0
logic-g_neg-GN-06	logic	0	16	2	1	1	500	31	0	0	1000	1000	0	0
logic-g_neg-GN-07	logic	0	1	1	1	1	500	15	0	0	1000	1000	0	0
logic-g_neg-GN-07	logic	0	2	2	1	1	500	31	0	0	1000	1000	0	0
logic-g_neg-GN-07	logic	0	4	2	1	1	500	31	0	0	1000	1000	0	0
logic-g_neg-GN-07	logic	0	8	2	1	1	500	31	0	0	1000	1000	0	0
logic-g_neg-GN-07	logic	0	16	2	1	1	500	31	0	0	1000	1000	0	0
logic-g_neg-GN-08	logic	0	1	1	1	1	500	15	0	0	1000	1000	0	0
logic-g_neg-GN-08	logic	0	2	2	1	1	500	31	0	0	1000	1000	0	0
logic-g_neg-GN-08	logic	0	4	2	1	1	500	31	0	0	1000	1000	0	0
logic-g_neg-GN-08	logic	0	8	2	1	1	500	31	0	0	1000	1000	0	0
logic-g_neg-GN-08	logic	0	16	2	1	1	500	31	0	0	1000	1000	0	0
logic-g_neg-GN-09	logic	0	1	1	1	1	500	15	0	0	1000	1000	0	0
logic-g_neg-GN-09	logic	0	2	2	1	1	500	31	0	0	1000	1000	0	0
logic-g_neg-GN-09	logic	0	4	2	1	1	500	31	0	0	1000	1000	0	0
logic-g_neg-GN-09	logic	0	8	2	1	1	500	31	0	0	1000	1000	0	0
logic-g_neg-GN-09	logic	0	16	2	1	1	500	31	0	0	1000	1000	0	0
logic-g_neg-GN-10	logic	0	1	1	1	1	500	15	0	0	1000	1000	0	0
logic-g_neg-GN-10	logic	0	2	2	1	1	500	31	0	0	1000	1000	0	0
logic-g_neg-GN-10	logic	0	4	2	1	1	500	31	0	0	1000	1000	0	0
logic-g_neg-GN-10	logic	0	8	2	1	1	500	31	0	0	1000	1000	0	0
logic-g_neg-GN-10	logic	0	16	2	1	1	500	31	0	0	1000	1000	0	0
logic-g_neg-GN-11	logic	0	1	1	1	1	500	15	0	0	1000	1000	0	0
logic-g_neg-GN-11	logic	0	2	2	1	1	500	31	0	0	1000	1000	0	0
logic-g_neg-GN-11	logic	0	4	2	1	1	500	31	0	0	1000	1000	0	0
logic-g_neg-GN-11	logic	0	8	2	1	1	500	31	0	0	1000	1000	0	0
logic-g_neg-GN-11	logic	0	16	2	1	1	500	31	0	0	1000	1000	0	0
logic-g_neg-GN-12	logic	0	1	1	1	1	500	15	0	0	1000	1000	0	0
logic-g_neg-GN-12	logic	0	2	2	1	1	500	31	0	0	1000	1000	0	0
logic-g_neg-GN-12	logic	0	4	2	1	1	500	31	0	0	1000	1000	0	0
logic-g_neg-GN-12	logic	0	8	2	1	1	500	31	0	0	1000	1000	0	0
logic-g_neg-GN-12	logic	0	16	2	1	1	500	31	0	0	1000	1000	0	0
logic-g_neg-GN-13	logic	0	1	1	1	1	500	15	0	0	1000	1000	0	0
logic-g_neg-GN-13	logic	0	2	2	1	1	500	31	0	0	1000	1000	0	0
logic-g_neg-GN-13	logic	0	4	2	1	1	500	31	0	0	1000	1000	0	0
logic-g_neg-GN-13	logic	0	8	2	1	1	500	31	0	0	1000	1000	0	0
logic-g_neg-GN-13	logic	0	16	2	1	1	500	31	0	0	1000	1000	0	0
logic-g_neg-GN-14	logic	0	1	1	1	1	500	15	0	0	1000	1000	0	0
logic-g_neg-GN-14	logic	0	2	2	1	1	500	31	0	0	1000	1000	0	0
logic-g_neg-GN-14	logic	0	4	2	1	1	500	31	0	0	1000	1000	0	0
logic-g_neg-GN-14	logic	0	8	2	1	1	500	31	0	0	1000	1000	0	0
logic-g_neg-GN-14	logic	0	16	2	1	1	500	31	0	0	1000	1000	0	0
logic-g_neg-GN-15	logic	0	1	1	1	1	500	15	0	0	1000	1000	0	0
logic-g_neg-GN-15	logic	0	2	2	1	1	500	31	0	0	1000	1000	0	0
logic-g_neg-GN-15	logic	0	4	2	1	1	500	31	0	0	1000	1000	0	0
logic-g_neg-GN-15	logic	0	8	2	1	1	500	31	0	0	1000	1000	0	0
logic-g_neg-GN-15	logic	0	16	2	1	1	500	31	0	0	1000	1000	0	0
logic-g_neg-GN-16	logic	0	1	1	1	1	500	15	0	0	1000	1000	0	0
logic-g_neg-GN-16	logic	0	2	2	1	1	500	31	0	0	1000	1000	0	0
logic-g_neg-GN-16	logic	0	4	2	1	1	500	31	0	0	1000	1000	0	0
logic-g_neg-GN-16	logic	0	8	2	1	1	500	31	0	0	1000	1000	0	0
logic-g_neg-GN-16	logic	0	16	2	1	1	500	31	0	0	1000	1000	0	0
logic-g_neg-GN-17	logic	0	1	1	1	1	500	15	0	0	1000	1000	0	0
logic-g_neg-GN-17	logic	0	2	2	1	1	500	31	0	0	1000	1000	0	0
logic-g_neg-GN-17	logic	0	4	2	1	1	500	31	0	0	1000	1000	0	0
logic-g_neg-GN-17	logic	0	8	2	1	1	500	31	0	0	1000	1000	0	0
logic-g_neg-GN-17	logic	0	16	2	1	1	500	31	0	0	1000	1000	0	0
logic-g_neg-GN-18	logic	0	1	1	1	1	500	15	0	0	1000	1000	0	0
logic-g_neg-GN-18	logic	0	2	2	1	1	500	31	0	0	1000	1000	0	0
logic-g_neg-GN-18	logic	0	4	2	1	1	500	31	0	0	1000	1000	0	0
logic-g_neg-GN-18	logic	0	8	2	1	1	500	31	0	0	1000	1000	0	0
logic-g_neg-GN-18	logic	0	16	2	1	1	500	31	0	0	1000	1000	0	0
logic-g_neg-GN-19	logic	0	1	1	1	1	500	15	0	0	1000	1000	0	0
logic-g_neg-GN-19	logic	0	2	2	1	1	500	31	0	0	1000	1000	0	0
logic-g_neg-GN-19	logic	0	4	2	1	1	500	31	0	0	1000	1000	0	0
logic-g_neg-GN-19	logic	0	8	2	1	1	500	31	0	0	1000	1000	0	0
logic-g_neg-GN-19	logic	0	16	2	1	1	500	31	0	0	1000	1000	0	0
logic-g_neg-GN-20	logic	0	1	1	1	1	500	15	0	0	1000	1000	0	0
logic-g_neg-GN-20	logic	0	2	2	1	1	500	31	0	0	1000	1000	0	0
logic-g_neg-GN-20	logic	0	4	2	1	1	500	31	0	0	1000	1000	0	0
logic-g_neg-GN-20	logic	0	8	2	1	1	500	31	0	0	1000	1000	0	0
logic-g_neg-GN-20	logic	0	16	2	1	1	500	31	0	0	1000	1000	0	0
logic-g_qnt-GT-01	logic	0	1	1	1	1	500	15	0	0	1000	1000	0	0
logic-g_qnt-GT-01	logic	0	2	2	1	1	500	31	0	0	1000	1000	0	0
logic-g_qnt-GT-01	logic	0	4	2	1	1	500	31	0	0	1000	1000	0	0
logic-g_qnt-GT-01	logic	0	8	2	1	1	500	31	0	0	1000	1000	0	0
logic-g_qnt-GT-01	logic	0	16	2	1	1	500	31	0	0	1000	1000	0	0
logic-g_qnt-GT-02	logic	0	1	1	1	1	500	15	0	0	1000	1000	0	0
logic-g_qnt-GT-02	logic	0	2	2	1	1	500	31	0	0	1000	1000	0	0
logic-g_qnt-GT-02	logic	0	4	2	1	1	500	31	0	0	1000	1000	0	0
logic-g_qnt-GT-02	logic	0	8	2	1	1	500	31	0	0	1000	1000	0	0
logic-g_qnt-GT-02	logic	0	16	2	1	1	500	31	0	0	1000	1000	0	0
logic-g_qnt-GT-03	logic	0	1	1	1	1	500	15	0	0	1000	1000	0	0
logic-g_qnt-GT-03	logic	0	2	2	1	1	500	31	0	0	1000	1000	0	0
logic-g_qnt-GT-03	logic	0	4	2	1	1	500	31	0	0	1000	1000	0	0
logic-g_qnt-GT-03	logic	0	8	2	1	1	500	31	0	0	1000	1000	0	0
logic-g_qnt-GT-03	logic	0	16	2	1	1	500	31	0	0	1000	1000	0	0
logic-g_qnt-GT-04	logic	0	1	1	1	1	500	15	0	0	1000	1000	0	0
logic-g_qnt-GT-04	logic	0	2	2	1	1	500	31	0	0	1000	1000	0	0
logic-g_qnt-GT-04	logic	0	4	2	1	1	500	31	0	0	1000	1000	0	0
logic-g_qnt-GT-04	logic	0	8	2	1	1	500	31	0	0	1000	1000	0	0
logic-g_qnt-GT-04	logic	0	16	2	1	1	500	31	0	0	1000	1000	0	0
logic-g_qnt-GT-05	logic	0	1	1	1	1	500	15	0	0	1000	1000	0	0
logic-g_qnt-GT-05	logic	0	2	2	1	1	500	31	0	0	1000	1000	0	0
logic-g_qnt-GT-05	logic	0	4	2	1	1	500	31	0	0	1000	1000	0	0
logic-g_qnt-GT-05	logic	0	8	2	1	1	500	31	0	0	1000	1000	0	0
logic-g_qnt-GT-05	logic	0	16	2	1	1	500	31	0	0	1000	1000	0	0
logic-g_qnt-GT-06	logic	0	1	1	1	1	500	15	0	0	1000	1000	0	0
logic-g_qnt-GT-06	logic	0	2	2	1	1	500	31	0	0	1000	1000	0	0
logic-g_qnt-GT-06	logic	0	4	2	1	1	500	31	0	0	1000	1000	0	0
logic-g_qnt-GT-06	logic	0	8	2	1	1	500	31	0	0	1000	1000	0	0
logic-g_qnt-GT-06	logic	0	16	2	1	1	500	31	0	0	1000	1000	0	0
logic-g_qnt-GT-07	logic	0	1	1	1	1	500	15	0	0	1000	1000	0	0
logic-g_qnt-GT-07	logic	0	2	2	1	1	500	31	0	0	1000	1000	0	0
logic-g_qnt-GT-07	logic	0	4	2	1	1	500	31	0	0	1000	1000	0	0
logic-g_qnt-GT-07	logic	0	8	2	1	1	500	31	0	0	1000	1000	0	0
logic-g_qnt-GT-07	logic	0	16	2	1	1	500	31	0	0	1000	1000	0	0
logic-g_qnt-GT-08	logic	0	1	1	1	1	500	15	0	0	1000	1000	0	0
logic-g_qnt-GT-08	logic	0	2	2	1	1	500	31	0	0	1000	1000	0	0
logic-g_qnt-GT-08	logic	0	4	2	1	1	500	31	0	0	1000	1000	0	0
logic-g_qnt-GT-08	logic	0	8	2	1	1	500	31	0	0	1000	1000	0	0
logic-g_qnt-GT-08	logic	0	16	2	1	1	500	31	0	0	1000	1000	0	0
logic-g_qnt-GT-09	logic	0	1	1	1	1	500	15	0	0	1000	1000	0	0
logic-g_qnt-GT-09	logic	0	2	2	1	1	500	31	0	0	1000	1000	0	0
logic-g_qnt-GT-09	logic	0	4	2	1	1	500	31	0	0	1000	1000	0	0
logic-g_qnt-GT-09	logic	0	8	2	1	1	500	31	0	0	1000	1000	0	0
logic-g_qnt-GT-09	logic	0	16	2	1	1	500	31	0	0	1000	1000	0	0
logic-g_qnt-GT-10	logic	0	1	1	1	1	500	15	0	0	1000	1000	0	0
logic-g_qnt-GT-10	logic	0	2	2	1	1	500	31	0	0	1000	1000	0	0
logic-g_qnt-GT-10	logic	0	4	2	1	1	500	31	0	0	1000	1000	0	0
logic-g_qnt-GT-10	logic	0	8	2	1	1	500	31	0	0	1000	1000	0	0
logic-g_qnt-GT-10	logic	0	16	2	1	1	500	31	0	0	1000	1000	0	0
logic-g_qnt-GT-11	logic	0	1	1	1	1	500	15	0	0	1000	1000	0	0
logic-g_qnt-GT-11	logic	0	2	2	1	1	500	31	0	0	1000	1000	0	0
logic-g_qnt-GT-11	logic	0	4	2	1	1	500	31	0	0	1000	1000	0	0
logic-g_qnt-GT-11	logic	0	8	2	1	1	500	31	0	0	1000	1000	0	0
logic-g_qnt-GT-11	logic	0	16	2	1	1	500	31	0	0	1000	1000	0	0
logic-g_qnt-GT-12	logic	0	1	1	1	1	500	15	0	0	1000	1000	0	0
logic-g_qnt-GT-12	logic	0	2	2	1	1	500	31	0	0	1000	1000	0	0
logic-g_qnt-GT-12	logic	0	4	2	1	1	500	31	0	0	1000	1000	0	0
logic-g_qnt-GT-12	logic	0	8	2	1	1	500	31	0	0	1000	1000	0	0
logic-g_qnt-GT-12	logic	0	16	2	1	1	500	31	0	0	1000	1000	0	0
logic-g_qnt-GT-13	logic	0	1	1	1	1	500	15	0	0	1000	1000	0	0
logic-g_qnt-GT-13	logic	0	2	2	1	1	500	31	0	0	1000	1000	0	0
logic-g_qnt-GT-13	logic	0	4	2	1	1	500	31	0	0	1000	1000	0	0
logic-g_qnt-GT-13	logic	0	8	2	1	1	500	31	0	0	1000	1000	0	0
logic-g_qnt-GT-13	logic	0	16	2	1	1	500	31	0	0	1000	1000	0	0
logic-g_qnt-GT-14	logic	0	1	1	1	1	500	15	0	0	1000	1000	0	0
logic-g_qnt-GT-14	logic	0	2	2	1	1	500	31	0	0	1000	1000	0	0
logic-g_qnt-GT-14	logic	0	4	2	1	1	500	31	0	0	1000	1000	0	0
logic-g_qnt-GT-14	logic	0	8	2	1	1	500	31	0	0	1000	1000	0	0
logic-g_qnt-GT-14	logic	0	16	2	1	1	500	31	0	0	1000	1000	0	0
logic-g_qnt-GT-15	logic	0	1	1	1	1	500	15	0	0	1000	1000	0	0
logic-g_qnt-GT-15	logic	0	2	2	1	1	500	31	0	0	1000	1000	0	0
logic-g_qnt-GT-15	logic	0	4	2	1	1	500	31	0	0	1000	1000	0	0
logic-g_qnt-GT-15	logic	0	8	2	1	1	500	31	0	0	1000	1000	0	0
logic-g_qnt-GT-15	logic	0	16	2	1	1	500	31	0	0	1000	1000	0	0
logic-g_qnt-GT-16	logic	0	1	1	1	1	500	15	0	0	1000	1000	0	0
logic-g_qnt-GT-16	logic	0	2	2	1	1	500	31	0	0	1000	1000	0	0
logic-g_qnt-GT-16	logic	0	4	2	1	1	500	31	0	0	1000	1000	0	0
logic-g_qnt-GT-16	logic	0	8	2	1	1	500	31	0	0	1000	1000	0	0
logic-g_qnt-GT-16	logic	0	16	2	1	1	500	31	0	0	1000	1000	0	0
logic-g_qnt-GT-17	logic	0	1	1	1	1	500	15	0	0	1000	1000	0	0
logic-g_qnt-GT-17	logic	0	2	2	1	1	500	31	0	0	1000	1000	0	0
logic-g_qnt-GT-17	logic	0	4	2	1	1	500	31	0	0	1000	1000	0	0
logic-g_qnt-GT-17	logic	0	8	2	1	1	500	31	0	0	1000	1000	0	0
logic-g_qnt-GT-17	logic	0	16	2	1	1	500	31	0	0	1000	1000	0	0
logic-g_qnt-GT-18	logic	0	1	1	1	1	500	15	0	0	1000	1000	0	0
logic-g_qnt-GT-18	logic	0	2	2	1	1	500	31	0	0	1000	1000	0	0
logic-g_qnt-GT-18	logic	0	4	2	1	1	500	31	0	0	1000	1000	0	0
logic-g_qnt-GT-18	logic	0	8	2	1	1	500	31	0	0	1000	1000	0	0
logic-g_qnt-GT-18	logic	0	16	2	1	1	500	31	0	0	1000	1000	0	0
logic-g_qnt-GT-19	logic	0	1	1	1	1	500	15	0	0	1000	1000	0	0
logic-g_qnt-GT-19	logic	0	2	2	1	1	500	31	0	0	1000	1000	0	0
logic-g_qnt-GT-19	logic	0	4	2	1	1	500	31	0	0	1000	1000	0	0
logic-g_qnt-GT-19	logic	0	8	2	1	1	500	31	0	0	1000	1000	0	0
logic-g_qnt-GT-19	logic	0	16	2	1	1	500	31	0	0	1000	1000	0	0
logic-g_qnt-GT-20	logic	0	1	1	1	1	500	15	0	0	1000	1000	0	0
logic-g_qnt-GT-20	logic	0	2	2	1	1	500	31	0	0	1000	1000	0	0
logic-g_qnt-GT-20	logic	0	4	2	1	1	500	31	0	0	1000	1000	0	0
logic-g_qnt-GT-20	logic	0	8	2	1	1	500	31	0	0	1000	1000	0	0
logic-g_qnt-GT-20	logic	0	16	2	1	1	500	31	0	0	1000	1000	0	0
logic-g_tmp-GP-01	logic	0	1	1	1	1	500	15	0	0	1000	1000	0	0
logic-g_tmp-GP-01	logic	0	2	2	1	1	500	31	0	0	1000	1000	0	0
logic-g_tmp-GP-01	logic	0	4	2	1	1	500	31	0	0	1000	1000	0	0
logic-g_tmp-GP-01	logic	0	8	2	1	1	500	31	0	0	1000	1000	0	0
logic-g_tmp-GP-01	logic	0	16	2	1	1	500	31	0	0	1000	1000	0	0
logic-g_tmp-GP-02	logic	0	1	1	1	1	500	15	0	0	1000	1000	0	0
logic-g_tmp-GP-02	logic	0	2	2	1	1	500	31	0	0	1000	1000	0	0
logic-g_tmp-GP-02	logic	0	4	2	1	1	500	31	0	0	1000	1000	0	0
logic-g_tmp-GP-02	logic	0	8	2	1	1	500	31	0	0	1000	1000	0	0
logic-g_tmp-GP-02	logic	0	16	2	1	1	500	31	0	0	1000	1000	0	0
logic-g_tmp-GP-03	logic	0	1	1	1	1	500	15	0	0	1000	1000	0	0
logic-g_tmp-GP-03	logic	0	2	2	1	1	500	31	0	0	1000	1000	0	0
logic-g_tmp-GP-03	logic	0	4	2	1	1	500	31	0	0	1000	1000	0	0
logic-g_tmp-GP-03	logic	0	8	2	1	1	500	31	0	0	1000	1000	0	0
logic-g_tmp-GP-03	logic	0	16	2	1	1	500	31	0	0	1000	1000	0	0
logic-g_tmp-GP-04	logic	0	1	1	1	1	500	15	0	0	1000	1000	0	0
logic-g_tmp-GP-04	logic	0	2	2	1	1	500	31	0	0	1000	1000	0	0
logic-g_tmp-GP-04	logic	0	4	2	1	1	500	31	0	0	1000	1000	0	0
logic-g_tmp-GP-04	logic	0	8	2	1	1	500	31	0	0	1000	1000	0	0
logic-g_tmp-GP-04	logic	0	16	2	1	1	500	31	0	0	1000	1000	0	0
logic-g_tmp-GP-05	logic	0	1	1	1	1	500	15	0	0	1000	1000	0	0
logic-g_tmp-GP-05	logic	0	2	2	1	1	500	31	0	0	1000	1000	0	0
logic-g_tmp-GP-05	logic	0	4	2	1	1	500	31	0	0	1000	1000	0	0
logic-g_tmp-GP-05	logic	0	8	2	1	1	500	31	0	0	1000	1000	0	0
logic-g_tmp-GP-05	logic	0	16	2	1	1	500	31	0	0	1000	1000	0	0
logic-g_tmp-GP-06	logic	0	1	1	1	1	500	15	0	0	1000	1000	0	0
logic-g_tmp-GP-06	logic	0	2	2	1	1	500	31	0	0	1000	1000	0	0
logic-g_tmp-GP-06	logic	0	4	2	1	1	500	31	0	0	1000	1000	0	0
logic-g_tmp-GP-06	logic	0	8	2	1	1	500	31	0	0	1000	1000	0	0
logic-g_tmp-GP-06	logic	0	16	2	1	1	500	31	0	0	1000	1000	0	0
logic-g_tmp-GP-07	logic	0	1	1	1	1	500	15	0	0	1000	1000	0	0
logic-g_tmp-GP-07	logic	0	2	2	1	1	500	31	0	0	1000	1000	0	0
logic-g_tmp-GP-07	logic	0	4	2	1	1	500	31	0	0	1000	1000	0	0
logic-g_tmp-GP-07	logic	0	8	2	1	1	500	31	0	0	1000	1000	0	0
logic-g_tmp-GP-07	logic	0	16	2	1	1	500	31	0	0	1000	1000	0	0
logic-g_tmp-GP-08	logic	0	1	1	1	1	500	15	0	0	1000	1000	0	0
logic-g_tmp-GP-08	logic	0	2	2	1	1	500	31	0	0	1000	1000	0	0
logic-g_tmp-GP-08	logic	0	4	2	1	1	500	31	0	0	1000	1000	0	0
logic-g_tmp-GP-08	logic	0	8	2	1	1	500	31	0	0	1000	1000	0	0
logic-g_tmp-GP-08	logic	0	16	2	1	1	500	31	0	0	1000	1000	0	0
logic-g_tmp-GP-09	logic	0	1	1	1	1	500	15	0	0	1000	1000	0	0
logic-g_tmp-GP-09	logic	0	2	2	1	1	500	31	0	0	1000	1000	0	0
logic-g_tmp-GP-09	logic	0	4	2	1	1	500	31	0	0	1000	1000	0	0
logic-g_tmp-GP-09	logic	0	8	2	1	1	500	31	0	0	1000	1000	0	0
logic-g_tmp-GP-09	logic	0	16	2	1	1	500	31	0	0	1000	1000	0	0
logic-g_tmp-GP-10	logic	0	1	1	1	1	500	15	0	0	1000	1000	0	0
logic-g_tmp-GP-10	logic	0	2	2	1	1	500	31	0	0	1000	1000	0	0
logic-g_tmp-GP-10	logic	0	4	2	1	1	500	31	0	0	1000	1000	0	0
logic-g_tmp-GP-10	logic	0	8	2	1	1	500	31	0	0	1000	1000	0	0
logic-g_tmp-GP-10	logic	0	16	2	1	1	500	31	0	0	1000	1000	0	0
logic-g_tmp-GP-11	logic	0	1	1	1	1	500	15	0	0	1000	1000	0	0
logic-g_tmp-GP-11	logic	0	2	2	1	1	500	31	0	0	1000	1000	0	0
logic-g_tmp-GP-11	logic	0	4	2	1	1	500	31	0	0	1000	1000	0	0
logic-g_tmp-GP-11	logic	0	8	2	1	1	500	31	0	0	1000	1000	0	0
logic-g_tmp-GP-11	logic	0	16	2	1	1	500	31	0	0	1000	1000	0	0
logic-g_tmp-GP-12	logic	0	1	1	1	1	500	15	0	0	1000	1000	0	0
logic-g_tmp-GP-12	logic	0	2	2	1	1	500	31	0	0	1000	1000	0	0
logic-g_tmp-GP-12	logic	0	4	2	1	1	500	31	0	0	1000	1000	0	0
logic-g_tmp-GP-12	logic	0	8	2	1	1	500	31	0	0	1000	1000	0	0
logic-g_tmp-GP-12	logic	0	16	2	1	1	500	31	0	0	1000	1000	0	0
logic-g_tmp-GP-13	logic	0	1	1	1	1	500	15	0	0	1000	1000	0	0
logic-g_tmp-GP-13	logic	0	2	2	1	1	500	31	0	0	1000	1000	0	0
logic-g_tmp-GP-13	logic	0	4	2	1	1	500	31	0	0	1000	1000	0	0
logic-g_tmp-GP-13	logic	0	8	2	1	1	500	31	0	0	1000	1000	0	0
logic-g_tmp-GP-13	logic	0	16	2	1	1	500	31	0	0	1000	1000	0	0
logic-g_tmp-GP-14	logic	0	1	1	1	1	500	15	0	0	1000	1000	0	0
logic-g_tmp-GP-14	logic	0	2	2	1	1	500	31	0	0	1000	1000	0	0
logic-g_tmp-GP-14	logic	0	4	2	1	1	500	31	0	0	1000	1000	0	0
logic-g_tmp-GP-14	logic	0	8	2	1	1	500	31	0	0	1000	1000	0	0
logic-g_tmp-GP-14	logic	0	16	2	1	1	500	31	0	0	1000	1000	0	0
logic-g_tmp-GP-15	logic	0	1	1	1	1	500	15	0	0	1000	1000	0	0
logic-g_tmp-GP-15	logic	0	2	2	1	1	500	31	0	0	1000	1000	0	0
logic-g_tmp-GP-15	logic	0	4	2	1	1	500	31	0	0	1000	1000	0	0
logic-g_tmp-GP-15	logic	0	8	2	1	1	500	31	0	0	1000	1000	0	0
logic-g_tmp-GP-15	logic	0	16	2	1	1	500	31	0	0	1000	1000	0	0
logic-g_tmp-GP-16	logic	0	1	1	1	1	500	15	0	0	1000	1000	0	0
logic-g_tmp-GP-16	logic	0	2	2	1	1	500	31	0	0	1000	1000	0	0
logic-g_tmp-GP-16	logic	0	4	2	1	1	500	31	0	0	1000	1000	0	0
logic-g_tmp-GP-16	logic	0	8	2	1	1	500	31	0	0	1000	1000	0	0
logic-g_tmp-GP-16	logic	0	16	2	1	1	500	31	0	0	1000	1000	0	0
logic-g_tmp-GP-17	logic	0	1	1	1	1	500	15	0	0	1000	1000	0	0
logic-g_tmp-GP-17	logic	0	2	2	1	1	500	31	0	0	1000	1000	0	0
logic-g_tmp-GP-17	logic	0	4	2	1	1	500	31	0	0	1000	1000	0	0
logic-g_tmp-GP-17	logic	0	8	2	1	1	500	31	0	0	1000	1000	0	0
logic-g_tmp-GP-17	logic	0	16	2	1	1	500	31	0	0	1000	1000	0	0
logic-g_tmp-GP-18	logic	0	1	1	1	1	500	15	0	0	500	1000	0	0
logic-g_tmp-GP-18	logic	0	2	2	1	1	1000	31	0	500	1000	333	1000	0
logic-g_tmp-GP-18	logic	0	4	2	1	1	1000	31	0	500	1000	333	1000	0
logic-g_tmp-GP-18	logic	0	8	2	1	1	1000	31	0	500	1000	333	1000	0
logic-g_tmp-GP-18	logic	0	16	2	1	1	1000	31	0	500	1000	333	1000	0
logic-g_tmp-GP-19	logic	0	1	1	1	1	500	15	0	0	1000	1000	0	0
logic-g_tmp-GP-19	logic	0	2	2	1	1	500	31	0	0	1000	1000	0	0
logic-g_tmp-GP-19	logic	0	4	2	1	1	500	31	0	0	1000	1000	0	0
logic-g_tmp-GP-19	logic	0	8	2	1	1	500	31	0	0	1000	1000	0	0
logic-g_tmp-GP-19	logic	0	16	2	1	1	500	31	0	0	1000	1000	0	0
logic-g_tmp-GP-20	logic	0	1	1	1	1	500	15	0	0	1000	1000	0	0
logic-g_tmp-GP-20	logic	0	2	2	1	1	500	31	0	0	1000	1000	0	0
logic-g_tmp-GP-20	logic	0	4	2	1	1	500	31	0	0	1000	1000	0	0
logic-g_tmp-GP-20	logic	0	8	2	1	1	500	31	0	0	1000	1000	0	0
logic-g_tmp-GP-20	logic	0	16	2	1	1	500	31	0	0	1000	1000	0	0
logic-mlogic-ML-20	logic	0	1	1	1	1	500	15	0	0	333	1000	0	0
logic-mlogic-ML-20	logic	0	2	2	1	1	1000	31	0	500	666	333	1000	0
logic-mlogic-ML-20	logic	0	4	3	1	1	1000	46	0	500	1000	333	1000	0
logic-mlogic-ML-20	logic	0	8	3	1	1	1000	46	0	500	1000	333	1000	0
logic-mlogic-ML-20	logic	0	16	3	1	1	1000	46	0	500	1000	333	1000	0
logic-mlogic-ML-21	logic	0	1	1	1	1	500	15	0	0	500	1000	0	0
logic-mlogic-ML-21	logic	0	2	2	1	1	1000	31	0	500	1000	333	1000	0
logic-mlogic-ML-21	logic	0	4	2	1	1	1000	31	0	500	1000	333	1000	0
logic-mlogic-ML-21	logic	0	8	2	1	1	1000	31	0	500	1000	333	1000	0
logic-mlogic-ML-21	logic	0	16	2	1	1	1000	31	0	500	1000	333	1000	0
logic-mlogic-ML-22	logic	0	1	1	1	1	500	15	0	0	500	1000	0	0
logic-mlogic-ML-22	logic	0	2	2	1	1	1000	31	0	500	1000	333	1000	0
logic-mlogic-ML-22	logic	0	4	2	1	1	1000	31	0	500	1000	333	1000	0
logic-mlogic-ML-22	logic	0	8	2	1	1	1000	31	0	500	1000	333	1000	0
logic-mlogic-ML-22	logic	0	16	2	1	1	1000	31	0	500	1000	333	1000	0
logic-mlogic-ML-23	logic	0	1	1	1	1	500	15	0	0	500	1000	0	0
logic-mlogic-ML-23	logic	0	2	2	1	1	1000	31	0	500	1000	333	1000	0
logic-mlogic-ML-23	logic	0	4	2	1	1	1000	31	0	500	1000	333	1000	0
logic-mlogic-ML-23	logic	0	8	2	1	1	1000	31	0	500	1000	333	1000	0
logic-mlogic-ML-23	logic	0	16	2	1	1	1000	31	0	500	1000	333	1000	0
logic-mlogic-ML-24	logic	0	1	1	1	1	500	15	0	0	1000	1000	0	0
logic-mlogic-ML-24	logic	0	2	2	1	1	500	31	0	0	1000	1000	0	0
logic-mlogic-ML-24	logic	0	4	2	1	1	500	31	0	0	1000	1000	0	0
logic-mlogic-ML-24	logic	0	8	2	1	1	500	31	0	0	1000	1000	0	0
logic-mlogic-ML-24	logic	0	16	2	1	1	500	31	0	0	1000	1000	0	0
logic-rt_a-RTA-001	logic	0	1	1	1	1	500	15	0	0	1000	1000	0	0
logic-rt_a-RTA-001	logic	0	2	2	1	1	500	31	0	0	1000	1000	0	0
logic-rt_a-RTA-001	logic	0	4	2	1	1	500	31	0	0	1000	1000	0	0
logic-rt_a-RTA-001	logic	0	8	2	1	1	500	31	0	0	1000	1000	0	0
logic-rt_a-RTA-001	logic	0	16	2	1	1	500	31	0	0	1000	1000	0	0
logic-rt_a-RTA-002	logic	0	1	1	1	1	500	15	0	0	1000	1000	0	0
logic-rt_a-RTA-002	logic	0	2	2	1	1	500	31	0	0	1000	1000	0	0
logic-rt_a-RTA-002	logic	0	4	2	1	1	500	31	0	0	1000	1000	0	0
logic-rt_a-RTA-002	logic	0	8	2	1	1	500	31	0	0	1000	1000	0	0
logic-rt_a-RTA-002	logic	0	16	2	1	1	500	31	0	0	1000	1000	0	0
logic-rt_a-RTA-003	logic	0	1	1	1	1	500	15	0	0	1000	1000	0	0
logic-rt_a-RTA-003	logic	0	2	2	1	1	500	31	0	0	1000	1000	0	0
logic-rt_a-RTA-003	logic	0	4	2	1	1	500	31	0	0	1000	1000	0	0
logic-rt_a-RTA-003	logic	0	8	2	1	1	500	31	0	0	1000	1000	0	0
logic-rt_a-RTA-003	logic	0	16	2	1	1	500	31	0	0	1000	1000	0	0
logic-rt_a-RTA-004	logic	0	1	1	1	1	500	15	0	0	1000	1000	0	0
logic-rt_a-RTA-004	logic	0	2	2	1	1	500	31	0	0	1000	1000	0	0
logic-rt_a-RTA-004	logic	0	4	2	1	1	500	31	0	0	1000	1000	0	0
logic-rt_a-RTA-004	logic	0	8	2	1	1	500	31	0	0	1000	1000	0	0
logic-rt_a-RTA-004	logic	0	16	2	1	1	500	31	0	0	1000	1000	0	0
logic-rt_a-RTA-005	logic	0	1	1	1	1	500	15	0	0	1000	1000	0	0
logic-rt_a-RTA-005	logic	0	2	2	1	1	500	31	0	0	1000	1000	0	0
logic-rt_a-RTA-005	logic	0	4	2	1	1	500	31	0	0	1000	1000	0	0
logic-rt_a-RTA-005	logic	0	8	2	1	1	500	31	0	0	1000	1000	0	0
logic-rt_a-RTA-005	logic	0	16	2	1	1	500	31	0	0	1000	1000	0	0
logic-rt_a-RTA-006	logic	0	1	1	1	1	500	15	0	0	1000	1000	0	0
logic-rt_a-RTA-006	logic	0	2	2	1	1	500	31	0	0	1000	1000	0	0
logic-rt_a-RTA-006	logic	0	4	2	1	1	500	31	0	0	1000	1000	0	0
logic-rt_a-RTA-006	logic	0	8	2	1	1	500	31	0	0	1000	1000	0	0
logic-rt_a-RTA-006	logic	0	16	2	1	1	500	31	0	0	1000	1000	0	0
logic-rt_a-RTA-007	logic	0	1	1	1	1	500	15	0	0	1000	1000	0	0
logic-rt_a-RTA-007	logic	0	2	2	1	1	500	31	0	0	1000	1000	0	0
logic-rt_a-RTA-007	logic	0	4	2	1	1	500	31	0	0	1000	1000	0	0
logic-rt_a-RTA-007	logic	0	8	2	1	1	500	31	0	0	1000	1000	0	0
logic-rt_a-RTA-007	logic	0	16	2	1	1	500	31	0	0	1000	1000	0	0
logic-rt_a-RTA-008	logic	0	1	1	1	1	500	15	0	0	1000	1000	0	0
logic-rt_a-RTA-008	logic	0	2	2	1	1	500	31	0	0	1000	1000	0	0
logic-rt_a-RTA-008	logic	0	4	2	1	1	500	31	0	0	1000	1000	0	0
logic-rt_a-RTA-008	logic	0	8	2	1	1	500	31	0	0	1000	1000	0	0
logic-rt_a-RTA-008	logic	0	16	2	1	1	500	31	0	0	1000	1000	0	0
logic-rt_a-RTA-009	logic	0	1	1	1	1	500	15	0	0	1000	1000	0	0
logic-rt_a-RTA-009	logic	0	2	2	1	1	500	31	0	0	1000	1000	0	0
logic-rt_a-RTA-009	logic	0	4	2	1	1	500	31	0	0	1000	1000	0	0
logic-rt_a-RTA-009	logic	0	8	2	1	1	500	31	0	0	1000	1000	0	0
logic-rt_a-RTA-009	logic	0	16	2	1	1	500	31	0	0	1000	1000	0	0
logic-rt_a-RTA-010	logic	0	1	1	1	1	500	15	0	0	1000	1000	0	0
logic-rt_a-RTA-010	logic	0	2	2	1	1	500	31	0	0	1000	1000	0	0
logic-rt_a-RTA-010	logic	0	4	2	1	1	500	31	0	0	1000	1000	0	0
logic-rt_a-RTA-010	logic	0	8	2	1	1	500	31	0	0	1000	1000	0	0
logic-rt_a-RTA-010	logic	0	16	2	1	1	500	31	0	0	1000	1000	0	0
logic-rt_a-RTA-011	logic	0	1	1	1	1	500	15	0	0	1000	1000	0	0
logic-rt_a-RTA-011	logic	0	2	2	1	1	500	31	0	0	1000	1000	0	0
logic-rt_a-RTA-011	logic	0	4	2	1	1	500	31	0	0	1000	1000	0	0
logic-rt_a-RTA-011	logic	0	8	2	1	1	500	31	0	0	1000	1000	0	0
logic-rt_a-RTA-011	logic	0	16	2	1	1	500	31	0	0	1000	1000	0	0
logic-rt_a-RTA-012	logic	0	1	1	1	1	500	15	0	0	1000	1000	0	0
logic-rt_a-RTA-012	logic	0	2	2	1	1	500	31	0	0	1000	1000	0	0
logic-rt_a-RTA-012	logic	0	4	2	1	1	500	31	0	0	1000	1000	0	0
logic-rt_a-RTA-012	logic	0	8	2	1	1	500	31	0	0	1000	1000	0	0
logic-rt_a-RTA-012	logic	0	16	2	1	1	500	31	0	0	1000	1000	0	0
logic-rt_a-RTA-013	logic	0	1	1	1	1	500	15	0	0	1000	1000	0	0
logic-rt_a-RTA-013	logic	0	2	2	1	1	500	31	0	0	1000	1000	0	0
logic-rt_a-RTA-013	logic	0	4	2	1	1	500	31	0	0	1000	1000	0	0
logic-rt_a-RTA-013	logic	0	8	2	1	1	500	31	0	0	1000	1000	0	0
logic-rt_a-RTA-013	logic	0	16	2	1	1	500	31	0	0	1000	1000	0	0
logic-rt_a-RTA-014	logic	0	1	1	1	1	500	15	0	0	1000	1000	0	0
logic-rt_a-RTA-014	logic	0	2	2	1	1	500	31	0	0	1000	1000	0	0
logic-rt_a-RTA-014	logic	0	4	2	1	1	500	31	0	0	1000	1000	0	0
logic-rt_a-RTA-014	logic	0	8	2	1	1	500	31	0	0	1000	1000	0	0
logic-rt_a-RTA-014	logic	0	16	2	1	1	500	31	0	0	1000	1000	0	0
logic-rt_a-RTA-015	logic	0	1	1	1	1	500	15	0	0	1000	1000	0	0
logic-rt_a-RTA-015	logic	0	2	2	1	1	500	31	0	0	1000	1000	0	0
logic-rt_a-RTA-015	logic	0	4	2	1	1	500	31	0	0	1000	1000	0	0
logic-rt_a-RTA-015	logic	0	8	2	1	1	500	31	0	0	1000	1000	0	0
logic-rt_a-RTA-015	logic	0	16	2	1	1	500	31	0	0	1000	1000	0	0
logic-rt_a-RTA-016	logic	0	1	1	1	1	500	15	0	0	1000	1000	0	0
logic-rt_a-RTA-016	logic	0	2	2	1	1	500	31	0	0	1000	1000	0	0
logic-rt_a-RTA-016	logic	0	4	2	1	1	500	31	0	0	1000	1000	0	0
logic-rt_a-RTA-016	logic	0	8	2	1	1	500	31	0	0	1000	1000	0	0
logic-rt_a-RTA-016	logic	0	16	2	1	1	500	31	0	0	1000	1000	0	0
logic-rt_a-RTA-017	logic	0	1	1	1	1	500	15	0	0	1000	1000	0	0
logic-rt_a-RTA-017	logic	0	2	2	1	1	500	31	0	0	1000	1000	0	0
logic-rt_a-RTA-017	logic	0	4	2	1	1	500	31	0	0	1000	1000	0	0
logic-rt_a-RTA-017	logic	0	8	2	1	1	500	31	0	0	1000	1000	0	0
logic-rt_a-RTA-017	logic	0	16	2	1	1	500	31	0	0	1000	1000	0	0
logic-rt_a-RTA-018	logic	0	1	1	1	1	500	15	0	0	1000	1000	0	0
logic-rt_a-RTA-018	logic	0	2	2	1	1	500	31	0	0	1000	1000	0	0
logic-rt_a-RTA-018	logic	0	4	2	1	1	500	31	0	0	1000	1000	0	0
logic-rt_a-RTA-018	logic	0	8	2	1	1	500	31	0	0	1000	1000	0	0
logic-rt_a-RTA-018	logic	0	16	2	1	1	500	31	0	0	1000	1000	0	0
logic-rt_a-RTA-019	logic	0	1	1	1	1	500	15	0	0	1000	1000	0	0
logic-rt_a-RTA-019	logic	0	2	2	1	1	500	31	0	0	1000	1000	0	0
logic-rt_a-RTA-019	logic	0	4	2	1	1	500	31	0	0	1000	1000	0	0
logic-rt_a-RTA-019	logic	0	8	2	1	1	500	31	0	0	1000	1000	0	0
logic-rt_a-RTA-019	logic	0	16	2	1	1	500	31	0	0	1000	1000	0	0
logic-rt_a-RTA-020	logic	0	1	1	1	1	500	15	0	0	1000	1000	0	0
logic-rt_a-RTA-020	logic	0	2	2	1	1	500	31	0	0	1000	1000	0	0
logic-rt_a-RTA-020	logic	0	4	2	1	1	500	31	0	0	1000	1000	0	0
logic-rt_a-RTA-020	logic	0	8	2	1	1	500	31	0	0	1000	1000	0	0
logic-rt_a-RTA-020	logic	0	16	2	1	1	500	31	0	0	1000	1000	0	0
logic-rt_a-RTA-021	logic	0	1	1	1	1	500	15	0	0	1000	1000	0	0
logic-rt_a-RTA-021	logic	0	2	2	1	1	500	31	0	0	1000	1000	0	0
logic-rt_a-RTA-021	logic	0	4	2	1	1	500	31	0	0	1000	1000	0	0
logic-rt_a-RTA-021	logic	0	8	2	1	1	500	31	0	0	1000	1000	0	0
logic-rt_a-RTA-021	logic	0	16	2	1	1	500	31	0	0	1000	1000	0	0
logic-rt_a-RTA-022	logic	0	1	1	1	1	500	15	0	0	1000	1000	0	0
logic-rt_a-RTA-022	logic	0	2	2	1	1	500	31	0	0	1000	1000	0	0
logic-rt_a-RTA-022	logic	0	4	2	1	1	500	31	0	0	1000	1000	0	0
logic-rt_a-RTA-022	logic	0	8	2	1	1	500	31	0	0	1000	1000	0	0
logic-rt_a-RTA-022	logic	0	16	2	1	1	500	31	0	0	1000	1000	0	0
logic-rt_a-RTA-023	logic	0	1	1	1	1	500	15	0	0	1000	1000	0	0
logic-rt_a-RTA-023	logic	0	2	2	1	1	500	31	0	0	1000	1000	0	0
logic-rt_a-RTA-023	logic	0	4	2	1	1	500	31	0	0	1000	1000	0	0
logic-rt_a-RTA-023	logic	0	8	2	1	1	500	31	0	0	1000	1000	0	0
logic-rt_a-RTA-023	logic	0	16	2	1	1	500	31	0	0	1000	1000	0	0
logic-rt_a-RTA-024	logic	0	1	1	1	1	500	15	0	0	1000	1000	0	0
logic-rt_a-RTA-024	logic	0	2	2	1	1	500	31	0	0	1000	1000	0	0
logic-rt_a-RTA-024	logic	0	4	2	1	1	500	31	0	0	1000	1000	0	0
logic-rt_a-RTA-024	logic	0	8	2	1	1	500	31	0	0	1000	1000	0	0
logic-rt_a-RTA-024	logic	0	16	2	1	1	500	31	0	0	1000	1000	0	0
logic-rt_a-RTA-025	logic	0	1	1	1	1	500	15	0	0	500	1000	0	0
logic-rt_a-RTA-025	logic	0	2	2	1	1	1000	31	0	500	1000	333	1000	0
logic-rt_a-RTA-025	logic	0	4	2	1	1	1000	31	0	500	1000	333	1000	0
logic-rt_a-RTA-025	logic	0	8	2	1	1	1000	31	0	500	1000	333	1000	0
logic-rt_a-RTA-025	logic	0	16	2	1	1	1000	31	0	500	1000	333	1000	0
logic-rt_a-RTA-026	logic	0	1	1	1	1	500	15	0	0	333	1000	0	0
logic-rt_a-RTA-026	logic	0	2	2	1	1	1000	31	0	500	666	333	1000	0
logic-rt_a-RTA-026	logic	0	4	3	1	1	1000	46	0	500	1000	333	1000	0
logic-rt_a-RTA-026	logic	0	8	3	1	1	1000	46	0	500	1000	333	1000	0
logic-rt_a-RTA-026	logic	0	16	3	1	1	1000	46	0	500	1000	333	1000	0
logic-rt_a-RTA-027	logic	0	1	1	1	1	500	15	0	0	500	1000	0	0
logic-rt_a-RTA-027	logic	0	2	2	1	1	1000	31	0	500	1000	333	1000	0
logic-rt_a-RTA-027	logic	0	4	2	1	1	1000	31	0	500	1000	333	1000	0
logic-rt_a-RTA-027	logic	0	8	2	1	1	1000	31	0	500	1000	333	1000	0
logic-rt_a-RTA-027	logic	0	16	2	1	1	1000	31	0	500	1000	333	1000	0
logic-rt_a-RTA-028	logic	0	1	1	1	1	500	15	0	0	500	1000	0	0
logic-rt_a-RTA-028	logic	0	2	2	1	1	1000	31	0	500	1000	333	1000	0
logic-rt_a-RTA-028	logic	0	4	2	1	1	1000	31	0	500	1000	333	1000	0
logic-rt_a-RTA-028	logic	0	8	2	1	1	1000	31	0	500	1000	333	1000	0
logic-rt_a-RTA-028	logic	0	16	2	1	1	1000	31	0	500	1000	333	1000	0
logic-rt_a-RTA-029	logic	0	1	1	1	1	500	15	0	0	500	1000	0	0
logic-rt_a-RTA-029	logic	0	2	2	1	1	1000	31	0	500	1000	333	1000	0
logic-rt_a-RTA-029	logic	0	4	2	1	1	1000	31	0	500	1000	333	1000	0
logic-rt_a-RTA-029	logic	0	8	2	1	1	1000	31	0	500	1000	333	1000	0
logic-rt_a-RTA-029	logic	0	16	2	1	1	1000	31	0	500	1000	333	1000	0
logic-rt_a-RTA-030	logic	0	1	1	1	1	500	15	0	0	500	1000	0	0
logic-rt_a-RTA-030	logic	0	2	2	1	1	1000	31	0	500	1000	333	1000	0
logic-rt_a-RTA-030	logic	0	4	2	1	1	1000	31	0	500	1000	333	1000	0
logic-rt_a-RTA-030	logic	0	8	2	1	1	1000	31	0	500	1000	333	1000	0
logic-rt_a-RTA-030	logic	0	16	2	1	1	1000	31	0	500	1000	333	1000	0
logic-rt_a-RTA-031	logic	0	1	1	1	1	500	15	0	0	333	1000	0	0
logic-rt_a-RTA-031	logic	0	2	2	1	1	1000	31	0	500	666	333	1000	0
logic-rt_a-RTA-031	logic	0	4	3	1	1	1000	46	0	500	1000	333	1000	0
logic-rt_a-RTA-031	logic	0	8	3	1	1	1000	46	0	500	1000	333	1000	0
logic-rt_a-RTA-031	logic	0	16	3	1	1	1000	46	0	500	1000	333	1000	0
logic-rt_a-RTA-032	logic	0	1	1	1	1	500	15	0	0	500	1000	0	0
logic-rt_a-RTA-032	logic	0	2	2	1	1	1000	31	0	500	1000	333	1000	0
logic-rt_a-RTA-032	logic	0	4	2	1	1	1000	31	0	500	1000	333	1000	0
logic-rt_a-RTA-032	logic	0	8	2	1	1	1000	31	0	500	1000	333	1000	0
logic-rt_a-RTA-032	logic	0	16	2	1	1	1000	31	0	500	1000	333	1000	0
logic-rt_a-RTA-033	logic	0	1	1	1	1	500	15	0	0	1000	1000	0	0
logic-rt_a-RTA-033	logic	0	2	2	1	1	500	31	0	0	1000	1000	0	0
logic-rt_a-RTA-033	logic	0	4	2	1	1	500	31	0	0	1000	1000	0	0
logic-rt_a-RTA-033	logic	0	8	2	1	1	500	31	0	0	1000	1000	0	0
logic-rt_a-RTA-033	logic	0	16	2	1	1	500	31	0	0	1000	1000	0	0
logic-rt_a-RTA-034	logic	0	1	1	1	1	500	15	0	0	1000	1000	0	0
logic-rt_a-RTA-034	logic	0	2	2	1	1	500	31	0	0	1000	1000	0	0
logic-rt_a-RTA-034	logic	0	4	2	1	1	500	31	0	0	1000	1000	0	0
logic-rt_a-RTA-034	logic	0	8	2	1	1	500	31	0	0	1000	1000	0	0
logic-rt_a-RTA-034	logic	0	16	2	1	1	500	31	0	0	1000	1000	0	0
logic-rt_a-RTA-035	logic	0	1	1	1	1	500	15	0	0	1000	1000	0	0
logic-rt_a-RTA-035	logic	0	2	2	1	1	500	31	0	0	1000	1000	0	0
logic-rt_a-RTA-035	logic	0	4	2	1	1	500	31	0	0	1000	1000	0	0
logic-rt_a-RTA-035	logic	0	8	2	1	1	500	31	0	0	1000	1000	0	0
logic-rt_a-RTA-035	logic	0	16	2	1	1	500	31	0	0	1000	1000	0	0
logic-rt_a-RTA-036	logic	0	1	1	1	1	500	15	0	0	1000	1000	0	0
logic-rt_a-RTA-036	logic	0	2	2	1	1	500	31	0	0	1000	1000	0	0
logic-rt_a-RTA-036	logic	0	4	2	1	1	500	31	0	0	1000	1000	0	0
logic-rt_a-RTA-036	logic	0	8	2	1	1	500	31	0	0	1000	1000	0	0
logic-rt_a-RTA-036	logic	0	16	2	1	1	500	31	0	0	1000	1000	0	0
logic-rt_a-RTA-037	logic	0	1	1	1	1	500	15	0	0	1000	1000	0	0
logic-rt_a-RTA-037	logic	0	2	2	1	1	500	31	0	0	1000	1000	0	0
logic-rt_a-RTA-037	logic	0	4	2	1	1	500	31	0	0	1000	1000	0	0
logic-rt_a-RTA-037	logic	0	8	2	1	1	500	31	0	0	1000	1000	0	0
logic-rt_a-RTA-037	logic	0	16	2	1	1	500	31	0	0	1000	1000	0	0
logic-rt_a-RTA-038	logic	0	1	1	1	1	500	15	0	0	1000	1000	0	0
logic-rt_a-RTA-038	logic	0	2	2	1	1	500	31	0	0	1000	1000	0	0
logic-rt_a-RTA-038	logic	0	4	2	1	1	500	31	0	0	1000	1000	0	0
logic-rt_a-RTA-038	logic	0	8	2	1	1	500	31	0	0	1000	1000	0	0
logic-rt_a-RTA-038	logic	0	16	2	1	1	500	31	0	0	1000	1000	0	0
logic-rt_a-RTA-039	logic	0	1	1	1	1	500	15	0	0	1000	1000	0	0
logic-rt_a-RTA-039	logic	0	2	2	1	1	500	31	0	0	1000	1000	0	0
logic-rt_a-RTA-039	logic	0	4	2	1	1	500	31	0	0	1000	1000	0	0
logic-rt_a-RTA-039	logic	0	8	2	1	1	500	31	0	0	1000	1000	0	0
logic-rt_a-RTA-039	logic	0	16	2	1	1	500	31	0	0	1000	1000	0	0
logic-rt_a-RTA-040	logic	0	1	1	1	1	500	15	0	0	1000	1000	0	0
logic-rt_a-RTA-040	logic	0	2	2	1	1	500	31	0	0	1000	1000	0	0
logic-rt_a-RTA-040	logic	0	4	2	1	1	500	31	0	0	1000	1000	0	0
logic-rt_a-RTA-040	logic	0	8	2	1	1	500	31	0	0	1000	1000	0	0
logic-rt_a-RTA-040	logic	0	16	2	1	1	500	31	0	0	1000	1000	0	0
logic-rt_a-RTA-041	logic	0	1	1	1	1	500	15	0	0	1000	1000	0	0
logic-rt_a-RTA-041	logic	0	2	2	1	1	500	31	0	0	1000	1000	0	0
logic-rt_a-RTA-041	logic	0	4	2	1	1	500	31	0	0	1000	1000	0	0
logic-rt_a-RTA-041	logic	0	8	2	1	1	500	31	0	0	1000	1000	0	0
logic-rt_a-RTA-041	logic	0	16	2	1	1	500	31	0	0	1000	1000	0	0
logic-rt_a-RTA-042	logic	0	1	1	1	1	500	15	0	0	1000	1000	0	0
logic-rt_a-RTA-042	logic	0	2	2	1	1	500	31	0	0	1000	1000	0	0
logic-rt_a-RTA-042	logic	0	4	2	1	1	500	31	0	0	1000	1000	0	0
logic-rt_a-RTA-042	logic	0	8	2	1	1	500	31	0	0	1000	1000	0	0
logic-rt_a-RTA-042	logic	0	16	2	1	1	500	31	0	0	1000	1000	0	0
logic-rt_a-RTA-043	logic	0	1	1	1	1	500	15	0	0	1000	1000	0	0
logic-rt_a-RTA-043	logic	0	2	2	1	1	500	31	0	0	1000	1000	0	0
logic-rt_a-RTA-043	logic	0	4	2	1	1	500	31	0	0	1000	1000	0	0
logic-rt_a-RTA-043	logic	0	8	2	1	1	500	31	0	0	1000	1000	0	0
logic-rt_a-RTA-043	logic	0	16	2	1	1	500	31	0	0	1000	1000	0	0
logic-rt_a-RTA-044	logic	0	1	1	1	1	500	15	0	0	1000	1000	0	0
logic-rt_a-RTA-044	logic	0	2	2	1	1	500	31	0	0	1000	1000	0	0
logic-rt_a-RTA-044	logic	0	4	2	1	1	500	31	0	0	1000	1000	0	0
logic-rt_a-RTA-044	logic	0	8	2	1	1	500	31	0	0	1000	1000	0	0
logic-rt_a-RTA-044	logic	0	16	2	1	1	500	31	0	0	1000	1000	0	0
logic-rt_a-RTA-045	logic	0	1	1	1	1	500	15	0	0	1000	1000	0	0
logic-rt_a-RTA-045	logic	0	2	2	1	1	500	31	0	0	1000	1000	0	0
logic-rt_a-RTA-045	logic	0	4	2	1	1	500	31	0	0	1000	1000	0	0
logic-rt_a-RTA-045	logic	0	8	2	1	1	500	31	0	0	1000	1000	0	0
logic-rt_a-RTA-045	logic	0	16	2	1	1	500	31	0	0	1000	1000	0	0
logic-rt_b-RTB-001	logic	0	1	1	1	1	500	15	0	0	500	1000	0	0
logic-rt_b-RTB-001	logic	0	2	2	1	1	1000	31	0	500	1000	333	1000	0
logic-rt_b-RTB-001	logic	0	4	2	1	1	1000	31	0	500	1000	333	1000	0
logic-rt_b-RTB-001	logic	0	8	2	1	1	1000	31	0	500	1000	333	1000	0
logic-rt_b-RTB-001	logic	0	16	2	1	1	1000	31	0	500	1000	333	1000	0
logic-rt_b-RTB-002	logic	0	1	1	1	1	500	15	0	0	333	1000	0	0
logic-rt_b-RTB-002	logic	0	2	2	1	1	1000	31	0	500	666	333	1000	0
logic-rt_b-RTB-002	logic	0	4	3	1	1	1000	46	0	500	1000	333	1000	0
logic-rt_b-RTB-002	logic	0	8	3	1	1	1000	46	0	500	1000	333	1000	0
logic-rt_b-RTB-002	logic	0	16	3	1	1	1000	46	0	500	1000	333	1000	0
logic-rt_b-RTB-003	logic	0	1	1	1	1	500	15	0	0	500	1000	0	0
logic-rt_b-RTB-003	logic	0	2	2	1	1	1000	31	0	500	1000	333	1000	0
logic-rt_b-RTB-003	logic	0	4	2	1	1	1000	31	0	500	1000	333	1000	0
logic-rt_b-RTB-003	logic	0	8	2	1	1	1000	31	0	500	1000	333	1000	0
logic-rt_b-RTB-003	logic	0	16	2	1	1	1000	31	0	500	1000	333	1000	0
logic-rt_b-RTB-004	logic	0	1	1	1	1	500	15	0	0	333	1000	0	0
logic-rt_b-RTB-004	logic	0	2	2	1	1	1000	31	0	500	666	333	1000	0
logic-rt_b-RTB-004	logic	0	4	3	1	1	1000	46	0	500	1000	333	1000	0
logic-rt_b-RTB-004	logic	0	8	3	1	1	1000	46	0	500	1000	333	1000	0
logic-rt_b-RTB-004	logic	0	16	3	1	1	1000	46	0	500	1000	333	1000	0
logic-rt_b-RTB-005	logic	0	1	1	1	1	500	15	0	0	500	1000	0	0
logic-rt_b-RTB-005	logic	0	2	2	1	1	1000	31	0	500	1000	333	1000	0
logic-rt_b-RTB-005	logic	0	4	2	1	1	1000	31	0	500	1000	333	1000	0
logic-rt_b-RTB-005	logic	0	8	2	1	1	1000	31	0	500	1000	333	1000	0
logic-rt_b-RTB-005	logic	0	16	2	1	1	1000	31	0	500	1000	333	1000	0
logic-rt_b-RTB-006	logic	0	1	1	1	1	500	15	0	0	500	1000	0	0
logic-rt_b-RTB-006	logic	0	2	2	1	1	1000	31	0	500	1000	333	1000	0
logic-rt_b-RTB-006	logic	0	4	2	1	1	1000	31	0	500	1000	333	1000	0
logic-rt_b-RTB-006	logic	0	8	2	1	1	1000	31	0	500	1000	333	1000	0
logic-rt_b-RTB-006	logic	0	16	2	1	1	1000	31	0	500	1000	333	1000	0
logic-rt_b-RTB-007	logic	0	1	1	1	1	500	15	0	0	333	1000	0	0
logic-rt_b-RTB-007	logic	0	2	2	1	1	1000	31	0	500	666	333	1000	0
logic-rt_b-RTB-007	logic	0	4	3	1	1	1000	46	0	500	1000	333	1000	0
logic-rt_b-RTB-007	logic	0	8	3	1	1	1000	46	0	500	1000	333	1000	0
logic-rt_b-RTB-007	logic	0	16	3	1	1	1000	46	0	500	1000	333	1000	0
logic-rt_b-RTB-008	logic	0	1	1	1	1	500	15	0	0	333	1000	0	0
logic-rt_b-RTB-008	logic	0	2	2	1	1	1000	31	0	500	666	333	1000	0
logic-rt_b-RTB-008	logic	0	4	3	1	1	1000	46	0	500	1000	333	1000	0
logic-rt_b-RTB-008	logic	0	8	3	1	1	1000	46	0	500	1000	333	1000	0
logic-rt_b-RTB-008	logic	0	16	3	1	1	1000	46	0	500	1000	333	1000	0
logic-rt_b-RTB-009	logic	0	1	1	1	1	500	15	0	0	1000	1000	0	0
logic-rt_b-RTB-009	logic	0	2	2	1	1	500	31	0	0	1000	1000	0	0
logic-rt_b-RTB-009	logic	0	4	2	1	1	500	31	0	0	1000	1000	0	0
logic-rt_b-RTB-009	logic	0	8	2	1	1	500	31	0	0	1000	1000	0	0
logic-rt_b-RTB-009	logic	0	16	2	1	1	500	31	0	0	1000	1000	0	0
logic-rt_b-RTB-010	logic	0	1	1	1	1	500	15	0	0	1000	1000	0	0
logic-rt_b-RTB-010	logic	0	2	2	1	1	500	31	0	0	1000	1000	0	0
logic-rt_b-RTB-010	logic	0	4	2	1	1	500	31	0	0	1000	1000	0	0
logic-rt_b-RTB-010	logic	0	8	2	1	1	500	31	0	0	1000	1000	0	0
logic-rt_b-RTB-010	logic	0	16	2	1	1	500	31	0	0	1000	1000	0	0
logic-rt_b-RTB-011	logic	0	1	1	1	1	500	15	0	0	1000	1000	0	0
logic-rt_b-RTB-011	logic	0	2	2	1	1	500	31	0	0	1000	1000	0	0
logic-rt_b-RTB-011	logic	0	4	2	1	1	500	31	0	0	1000	1000	0	0
logic-rt_b-RTB-011	logic	0	8	2	1	1	500	31	0	0	1000	1000	0	0
logic-rt_b-RTB-011	logic	0	16	2	1	1	500	31	0	0	1000	1000	0	0
logic-rt_b-RTB-012	logic	0	1	1	1	1	500	15	0	0	1000	1000	0	0
logic-rt_b-RTB-012	logic	0	2	2	1	1	500	31	0	0	1000	1000	0	0
logic-rt_b-RTB-012	logic	0	4	2	1	1	500	31	0	0	1000	1000	0	0
logic-rt_b-RTB-012	logic	0	8	2	1	1	500	31	0	0	1000	1000	0	0
logic-rt_b-RTB-012	logic	0	16	2	1	1	500	31	0	0	1000	1000	0	0
logic-rt_b-RTB-013	logic	0	1	1	1	1	500	15	0	0	1000	1000	0	0
logic-rt_b-RTB-013	logic	0	2	2	1	1	500	31	0	0	1000	1000	0	0
logic-rt_b-RTB-013	logic	0	4	2	1	1	500	31	0	0	1000	1000	0	0
logic-rt_b-RTB-013	logic	0	8	2	1	1	500	31	0	0	1000	1000	0	0
logic-rt_b-RTB-013	logic	0	16	2	1	1	500	31	0	0	1000	1000	0	0
logic-rt_b-RTB-014	logic	0	1	1	1	1	500	15	0	0	1000	1000	0	0
logic-rt_b-RTB-014	logic	0	2	2	1	1	500	31	0	0	1000	1000	0	0
logic-rt_b-RTB-014	logic	0	4	2	1	1	500	31	0	0	1000	1000	0	0
logic-rt_b-RTB-014	logic	0	8	2	1	1	500	31	0	0	1000	1000	0	0
logic-rt_b-RTB-014	logic	0	16	2	1	1	500	31	0	0	1000	1000	0	0
logic-rt_b-RTB-015	logic	0	1	1	1	1	500	15	0	0	1000	1000	0	0
logic-rt_b-RTB-015	logic	0	2	2	1	1	500	31	0	0	1000	1000	0	0
logic-rt_b-RTB-015	logic	0	4	2	1	1	500	31	0	0	1000	1000	0	0
logic-rt_b-RTB-015	logic	0	8	2	1	1	500	31	0	0	1000	1000	0	0
logic-rt_b-RTB-015	logic	0	16	2	1	1	500	31	0	0	1000	1000	0	0
logic-rt_b-RTB-016	logic	0	1	1	1	1	500	15	0	0	1000	1000	0	0
logic-rt_b-RTB-016	logic	0	2	2	1	1	500	31	0	0	1000	1000	0	0
logic-rt_b-RTB-016	logic	0	4	2	1	1	500	31	0	0	1000	1000	0	0
logic-rt_b-RTB-016	logic	0	8	2	1	1	500	31	0	0	1000	1000	0	0
logic-rt_b-RTB-016	logic	0	16	2	1	1	500	31	0	0	1000	1000	0	0
logic-rt_b-RTB-017	logic	0	1	1	1	1	500	15	0	0	1000	1000	0	0
logic-rt_b-RTB-017	logic	0	2	2	1	1	500	31	0	0	1000	1000	0	0
logic-rt_b-RTB-017	logic	0	4	2	1	1	500	31	0	0	1000	1000	0	0
logic-rt_b-RTB-017	logic	0	8	2	1	1	500	31	0	0	1000	1000	0	0
logic-rt_b-RTB-017	logic	0	16	2	1	1	500	31	0	0	1000	1000	0	0
logic-rt_b-RTB-018	logic	0	1	1	1	1	500	15	0	0	1000	1000	0	0
logic-rt_b-RTB-018	logic	0	2	2	1	1	500	31	0	0	1000	1000	0	0
logic-rt_b-RTB-018	logic	0	4	2	1	1	500	31	0	0	1000	1000	0	0
logic-rt_b-RTB-018	logic	0	8	2	1	1	500	31	0	0	1000	1000	0	0
logic-rt_b-RTB-018	logic	0	16	2	1	1	500	31	0	0	1000	1000	0	0
logic-rt_b-RTB-019	logic	0	1	1	1	1	500	15	0	0	1000	1000	0	0
logic-rt_b-RTB-019	logic	0	2	2	1	1	500	31	0	0	1000	1000	0	0
logic-rt_b-RTB-019	logic	0	4	2	1	1	500	31	0	0	1000	1000	0	0
logic-rt_b-RTB-019	logic	0	8	2	1	1	500	31	0	0	1000	1000	0	0
logic-rt_b-RTB-019	logic	0	16	2	1	1	500	31	0	0	1000	1000	0	0
logic-rt_b-RTB-020	logic	0	1	1	1	1	500	15	0	0	1000	1000	0	0
logic-rt_b-RTB-020	logic	0	2	2	1	1	500	31	0	0	1000	1000	0	0
logic-rt_b-RTB-020	logic	0	4	2	1	1	500	31	0	0	1000	1000	0	0
logic-rt_b-RTB-020	logic	0	8	2	1	1	500	31	0	0	1000	1000	0	0
logic-rt_b-RTB-020	logic	0	16	2	1	1	500	31	0	0	1000	1000	0	0
logic-rt_b-RTB-021	logic	0	1	1	1	1	500	15	0	0	1000	1000	0	0
logic-rt_b-RTB-021	logic	0	2	2	1	1	500	31	0	0	1000	1000	0	0
logic-rt_b-RTB-021	logic	0	4	2	1	1	500	31	0	0	1000	1000	0	0
logic-rt_b-RTB-021	logic	0	8	2	1	1	500	31	0	0	1000	1000	0	0
logic-rt_b-RTB-021	logic	0	16	2	1	1	500	31	0	0	1000	1000	0	0
logic-rt_b-RTB-022	logic	0	1	1	1	1	500	15	0	0	1000	1000	0	0
logic-rt_b-RTB-022	logic	0	2	2	1	1	500	31	0	0	1000	1000	0	0
logic-rt_b-RTB-022	logic	0	4	2	1	1	500	31	0	0	1000	1000	0	0
logic-rt_b-RTB-022	logic	0	8	2	1	1	500	31	0	0	1000	1000	0	0
logic-rt_b-RTB-022	logic	0	16	2	1	1	500	31	0	0	1000	1000	0	0
logic-rt_b-RTB-023	logic	0	1	1	1	1	500	15	0	0	1000	1000	0	0
logic-rt_b-RTB-023	logic	0	2	2	1	1	500	31	0	0	1000	1000	0	0
logic-rt_b-RTB-023	logic	0	4	2	1	1	500	31	0	0	1000	1000	0	0
logic-rt_b-RTB-023	logic	0	8	2	1	1	500	31	0	0	1000	1000	0	0
logic-rt_b-RTB-023	logic	0	16	2	1	1	500	31	0	0	1000	1000	0	0
logic-rt_b-RTB-024	logic	0	1	1	1	1	500	15	0	0	1000	1000	0	0
logic-rt_b-RTB-024	logic	0	2	2	1	1	500	31	0	0	1000	1000	0	0
logic-rt_b-RTB-024	logic	0	4	2	1	1	500	31	0	0	1000	1000	0	0
logic-rt_b-RTB-024	logic	0	8	2	1	1	500	31	0	0	1000	1000	0	0
logic-rt_b-RTB-024	logic	0	16	2	1	1	500	31	0	0	1000	1000	0	0
logic-rt_b-RTB-025	logic	0	1	1	1	1	500	15	0	0	1000	1000	0	0
logic-rt_b-RTB-025	logic	0	2	2	1	1	500	31	0	0	1000	1000	0	0
logic-rt_b-RTB-025	logic	0	4	2	1	1	500	31	0	0	1000	1000	0	0
logic-rt_b-RTB-025	logic	0	8	2	1	1	500	31	0	0	1000	1000	0	0
logic-rt_b-RTB-025	logic	0	16	2	1	1	500	31	0	0	1000	1000	0	0
logic-rt_b-RTB-026	logic	0	1	1	1	1	500	15	0	0	1000	1000	0	0
logic-rt_b-RTB-026	logic	0	2	2	1	1	500	31	0	0	1000	1000	0	0
logic-rt_b-RTB-026	logic	0	4	2	1	1	500	31	0	0	1000	1000	0	0
logic-rt_b-RTB-026	logic	0	8	2	1	1	500	31	0	0	1000	1000	0	0
logic-rt_b-RTB-026	logic	0	16	2	1	1	500	31	0	0	1000	1000	0	0
logic-rt_b-RTB-027	logic	0	1	1	1	1	500	15	0	0	1000	1000	0	0
logic-rt_b-RTB-027	logic	0	2	2	1	1	500	31	0	0	1000	1000	0	0
logic-rt_b-RTB-027	logic	0	4	2	1	1	500	31	0	0	1000	1000	0	0
logic-rt_b-RTB-027	logic	0	8	2	1	1	500	31	0	0	1000	1000	0	0
logic-rt_b-RTB-027	logic	0	16	2	1	1	500	31	0	0	1000	1000	0	0
logic-rt_b-RTB-028	logic	0	1	1	1	1	500	15	0	0	1000	1000	0	0
logic-rt_b-RTB-028	logic	0	2	2	1	1	500	31	0	0	1000	1000	0	0
logic-rt_b-RTB-028	logic	0	4	2	1	1	500	31	0	0	1000	1000	0	0
logic-rt_b-RTB-028	logic	0	8	2	1	1	500	31	0	0	1000	1000	0	0
logic-rt_b-RTB-028	logic	0	16	2	1	1	500	31	0	0	1000	1000	0	0
logic-rt_b-RTB-029	logic	0	1	1	1	1	500	15	0	0	1000	1000	0	0
logic-rt_b-RTB-029	logic	0	2	2	1	1	500	31	0	0	1000	1000	0	0
logic-rt_b-RTB-029	logic	0	4	2	1	1	500	31	0	0	1000	1000	0	0
logic-rt_b-RTB-029	logic	0	8	2	1	1	500	31	0	0	1000	1000	0	0
logic-rt_b-RTB-029	logic	0	16	2	1	1	500	31	0	0	1000	1000	0	0
logic-rt_b-RTB-030	logic	0	1	1	1	1	500	15	0	0	1000	1000	0	0
logic-rt_b-RTB-030	logic	0	2	2	1	1	500	31	0	0	1000	1000	0	0
logic-rt_b-RTB-030	logic	0	4	2	1	1	500	31	0	0	1000	1000	0	0
logic-rt_b-RTB-030	logic	0	8	2	1	1	500	31	0	0	1000	1000	0	0
logic-rt_b-RTB-030	logic	0	16	2	1	1	500	31	0	0	1000	1000	0	0
logic-rt_b-RTB-031	logic	0	1	1	1	1	500	15	0	0	1000	1000	0	0
logic-rt_b-RTB-031	logic	0	2	2	1	1	500	31	0	0	1000	1000	0	0
logic-rt_b-RTB-031	logic	0	4	2	1	1	500	31	0	0	1000	1000	0	0
logic-rt_b-RTB-031	logic	0	8	2	1	1	500	31	0	0	1000	1000	0	0
logic-rt_b-RTB-031	logic	0	16	2	1	1	500	31	0	0	1000	1000	0	0
logic-rt_b-RTB-032	logic	0	1	1	1	1	500	15	0	0	1000	1000	0	0
logic-rt_b-RTB-032	logic	0	2	2	1	1	500	31	0	0	1000	1000	0	0
logic-rt_b-RTB-032	logic	0	4	2	1	1	500	31	0	0	1000	1000	0	0
logic-rt_b-RTB-032	logic	0	8	2	1	1	500	31	0	0	1000	1000	0	0
logic-rt_b-RTB-032	logic	0	16	2	1	1	500	31	0	0	1000	1000	0	0
logic-rt_b-RTB-033	logic	0	1	1	1	1	500	15	0	0	1000	1000	0	0
logic-rt_b-RTB-033	logic	0	2	2	1	1	500	31	0	0	1000	1000	0	0
logic-rt_b-RTB-033	logic	0	4	2	1	1	500	31	0	0	1000	1000	0	0
logic-rt_b-RTB-033	logic	0	8	2	1	1	500	31	0	0	1000	1000	0	0
logic-rt_b-RTB-033	logic	0	16	2	1	1	500	31	0	0	1000	1000	0	0
logic-rt_b-RTB-034	logic	0	1	1	1	1	500	15	0	0	1000	1000	0	0
logic-rt_b-RTB-034	logic	0	2	2	1	1	500	31	0	0	1000	1000	0	0
logic-rt_b-RTB-034	logic	0	4	2	1	1	500	31	0	0	1000	1000	0	0
logic-rt_b-RTB-034	logic	0	8	2	1	1	500	31	0	0	1000	1000	0	0
logic-rt_b-RTB-034	logic	0	16	2	1	1	500	31	0	0	1000	1000	0	0
logic-rt_b-RTB-035	logic	0	1	1	1	1	500	15	0	0	1000	1000	0	0
logic-rt_b-RTB-035	logic	0	2	2	1	1	500	31	0	0	1000	1000	0	0
logic-rt_b-RTB-035	logic	0	4	2	1	1	500	31	0	0	1000	1000	0	0
logic-rt_b-RTB-035	logic	0	8	2	1	1	500	31	0	0	1000	1000	0	0
logic-rt_b-RTB-035	logic	0	16	2	1	1	500	31	0	0	1000	1000	0	0
logic-rt_b-RTB-036	logic	0	1	1	1	1	500	15	0	0	1000	1000	0	0
logic-rt_b-RTB-036	logic	0	2	2	1	1	500	31	0	0	1000	1000	0	0
logic-rt_b-RTB-036	logic	0	4	2	1	1	500	31	0	0	1000	1000	0	0
logic-rt_b-RTB-036	logic	0	8	2	1	1	500	31	0	0	1000	1000	0	0
logic-rt_b-RTB-036	logic	0	16	2	1	1	500	31	0	0	1000	1000	0	0
logic-rt_b-RTB-037	logic	0	1	1	1	1	500	15	0	0	1000	1000	0	0
logic-rt_b-RTB-037	logic	0	2	2	1	1	500	31	0	0	1000	1000	0	0
logic-rt_b-RTB-037	logic	0	4	2	1	1	500	31	0	0	1000	1000	0	0
logic-rt_b-RTB-037	logic	0	8	2	1	1	500	31	0	0	1000	1000	0	0
logic-rt_b-RTB-037	logic	0	16	2	1	1	500	31	0	0	1000	1000	0	0
logic-rt_b-RTB-038	logic	0	1	1	1	1	500	15	0	0	1000	1000	0	0
logic-rt_b-RTB-038	logic	0	2	2	1	1	500	31	0	0	1000	1000	0	0
logic-rt_b-RTB-038	logic	0	4	2	1	1	500	31	0	0	1000	1000	0	0
logic-rt_b-RTB-038	logic	0	8	2	1	1	500	31	0	0	1000	1000	0	0
logic-rt_b-RTB-038	logic	0	16	2	1	1	500	31	0	0	1000	1000	0	0
logic-rt_b-RTB-039	logic	0	1	1	1	1	500	15	0	0	1000	1000	0	0
logic-rt_b-RTB-039	logic	0	2	2	1	1	500	31	0	0	1000	1000	0	0
logic-rt_b-RTB-039	logic	0	4	2	1	1	500	31	0	0	1000	1000	0	0
logic-rt_b-RTB-039	logic	0	8	2	1	1	500	31	0	0	1000	1000	0	0
logic-rt_b-RTB-039	logic	0	16	2	1	1	500	31	0	0	1000	1000	0	0
logic-rt_b-RTB-040	logic	0	1	1	1	1	500	15	0	0	1000	1000	0	0
logic-rt_b-RTB-040	logic	0	2	2	1	1	500	31	0	0	1000	1000	0	0
logic-rt_b-RTB-040	logic	0	4	2	1	1	500	31	0	0	1000	1000	0	0
logic-rt_b-RTB-040	logic	0	8	2	1	1	500	31	0	0	1000	1000	0	0
logic-rt_b-RTB-040	logic	0	16	2	1	1	500	31	0	0	1000	1000	0	0
logic-rt_b-RTB-041	logic	0	1	1	1	1	500	15	0	0	1000	1000	0	0
logic-rt_b-RTB-041	logic	0	2	2	1	1	500	31	0	0	1000	1000	0	0
logic-rt_b-RTB-041	logic	0	4	2	1	1	500	31	0	0	1000	1000	0	0
logic-rt_b-RTB-041	logic	0	8	2	1	1	500	31	0	0	1000	1000	0	0
logic-rt_b-RTB-041	logic	0	16	2	1	1	500	31	0	0	1000	1000	0	0
logic-rt_b-RTB-042	logic	0	1	1	1	1	500	15	0	0	1000	1000	0	0
logic-rt_b-RTB-042	logic	0	2	2	1	1	500	31	0	0	1000	1000	0	0
logic-rt_b-RTB-042	logic	0	4	2	1	1	500	31	0	0	1000	1000	0	0
logic-rt_b-RTB-042	logic	0	8	2	1	1	500	31	0	0	1000	1000	0	0
logic-rt_b-RTB-042	logic	0	16	2	1	1	500	31	0	0	1000	1000	0	0
logic-rt_b-RTB-043	logic	0	1	1	1	1	500	15	0	0	1000	1000	0	0
logic-rt_b-RTB-043	logic	0	2	2	1	1	500	31	0	0	1000	1000	0	0
logic-rt_b-RTB-043	logic	0	4	2	1	1	500	31	0	0	1000	1000	0	0
logic-rt_b-RTB-043	logic	0	8	2	1	1	500	31	0	0	1000	1000	0	0
logic-rt_b-RTB-043	logic	0	16	2	1	1	500	31	0	0	1000	1000	0	0
logic-rt_b-RTB-044	logic	0	1	1	1	1	500	15	0	0	1000	1000	0	0
logic-rt_b-RTB-044	logic	0	2	2	1	1	500	31	0	0	1000	1000	0	0
logic-rt_b-RTB-044	logic	0	4	2	1	1	500	31	0	0	1000	1000	0	0
logic-rt_b-RTB-044	logic	0	8	2	1	1	500	31	0	0	1000	1000	0	0
logic-rt_b-RTB-044	logic	0	16	2	1	1	500	31	0	0	1000	1000	0	0
logic-rt_b-RTB-045	logic	0	1	1	1	1	500	15	0	0	1000	1000	0	0
logic-rt_b-RTB-045	logic	0	2	2	1	1	500	31	0	0	1000	1000	0	0
logic-rt_b-RTB-045	logic	0	4	2	1	1	500	31	0	0	1000	1000	0	0
logic-rt_b-RTB-045	logic	0	8	2	1	1	500	31	0	0	1000	1000	0	0
logic-rt_b-RTB-045	logic	0	16	2	1	1	500	31	0	0	1000	1000	0	0
logic-rt_b-RTB-046	logic	0	1	1	1	1	500	15	0	0	1000	1000	0	0
logic-rt_b-RTB-046	logic	0	2	2	1	1	500	31	0	0	1000	1000	0	0
logic-rt_b-RTB-046	logic	0	4	2	1	1	500	31	0	0	1000	1000	0	0
logic-rt_b-RTB-046	logic	0	8	2	1	1	500	31	0	0	1000	1000	0	0
logic-rt_b-RTB-046	logic	0	16	2	1	1	500	31	0	0	1000	1000	0	0
logic-rt_b-RTB-047	logic	0	1	1	1	1	500	15	0	0	1000	1000	0	0
logic-rt_b-RTB-047	logic	0	2	2	1	1	500	31	0	0	1000	1000	0	0
logic-rt_b-RTB-047	logic	0	4	2	1	1	500	31	0	0	1000	1000	0	0
logic-rt_b-RTB-047	logic	0	8	2	1	1	500	31	0	0	1000	1000	0	0
logic-rt_b-RTB-047	logic	0	16	2	1	1	500	31	0	0	1000	1000	0	0
logic-rt_b-RTB-048	logic	0	1	1	1	1	500	15	0	0	1000	1000	0	0
logic-rt_b-RTB-048	logic	0	2	2	1	1	500	31	0	0	1000	1000	0	0
logic-rt_b-RTB-048	logic	0	4	2	1	1	500	31	0	0	1000	1000	0	0
logic-rt_b-RTB-048	logic	0	8	2	1	1	500	31	0	0	1000	1000	0	0
logic-rt_b-RTB-048	logic	0	16	2	1	1	500	31	0	0	1000	1000	0	0
logic-rt_b-RTB-049	logic	0	1	1	1	1	500	15	0	0	111	1000	0	0
logic-rt_b-RTB-049	logic	0	2	2	1	1	1000	31	0	500	222	333	1000	0
logic-rt_b-RTB-049	logic	0	4	4	1	1	1000	62	0	500	444	333	1000	0
logic-rt_b-RTB-049	logic	0	8	8	1	1	1000	125	0	500	888	333	1000	0
logic-rt_b-RTB-049	logic	0	16	9	1	1	1000	140	0	500	1000	333	1000	0
logic-rt_b-RTB-050	logic	0	1	1	1	1	500	15	0	0	111	1000	0	0
logic-rt_b-RTB-050	logic	0	2	2	1	1	1000	31	0	500	222	333	1000	0
logic-rt_b-RTB-050	logic	0	4	4	1	1	1000	62	0	500	444	333	1000	0
logic-rt_b-RTB-050	logic	0	8	8	1	1	1000	125	0	500	888	333	1000	0
logic-rt_b-RTB-050	logic	0	16	9	1	1	1000	140	0	500	1000	333	1000	0
logic-rt_b-RTB-051	logic	0	1	1	1	1	500	15	0	0	111	1000	0	0
logic-rt_b-RTB-051	logic	0	2	2	1	1	1000	31	0	500	222	333	1000	0
logic-rt_b-RTB-051	logic	0	4	4	1	1	1000	62	0	500	444	333	1000	0
logic-rt_b-RTB-051	logic	0	8	8	1	1	1000	125	0	500	888	333	1000	0
logic-rt_b-RTB-051	logic	0	16	9	1	1	1000	140	0	500	1000	333	1000	0
logic-v3proof-VP-GOLDFISH	logic	0	1	1	1	1	500	15	0	0	1000	1000	0	0
logic-v3proof-VP-GOLDFISH	logic	0	2	2	1	1	500	31	0	0	1000	1000	0	0
logic-v3proof-VP-GOLDFISH	logic	0	4	2	1	1	500	31	0	0	1000	1000	0	0
logic-v3proof-VP-GOLDFISH	logic	0	8	2	1	1	500	31	0	0	1000	1000	0	0
logic-v3proof-VP-GOLDFISH	logic	0	16	2	1	1	500	31	0	0	1000	1000	0	0
logic-v3proof-VP-ICE	logic	0	1	1	1	1	500	15	0	0	1000	1000	0	0
logic-v3proof-VP-ICE	logic	0	2	2	1	1	500	31	0	0	1000	1000	0	0
logic-v3proof-VP-ICE	logic	0	4	2	1	1	500	31	0	0	1000	1000	0	0
logic-v3proof-VP-ICE	logic	0	8	2	1	1	500	31	0	0	1000	1000	0	0
logic-v3proof-VP-ICE	logic	0	16	2	1	1	500	31	0	0	1000	1000	0	0
logic-v3proof-VP-SENSES	logic	0	1	1	1	1	500	15	0	0	1000	1000	0	0
logic-v3proof-VP-SENSES	logic	0	2	2	1	1	500	31	0	0	1000	1000	0	0
logic-v3proof-VP-SENSES	logic	0	4	2	1	1	500	31	0	0	1000	1000	0	0
logic-v3proof-VP-SENSES	logic	0	8	2	1	1	500	31	0	0	1000	1000	0	0
logic-v3proof-VP-SENSES	logic	0	16	2	1	1	500	31	0	0	1000	1000	0	0
COST-D1-001	cost	0	1	1	1	1	750	15	0	0	125	1000	0	0
COST-D1-001	cost	0	2	2	1	1	1000	31	0	500	250	500	1000	0
COST-D1-001	cost	0	4	4	1	1	1000	62	0	0	500	500	1000	0
COST-D1-001	cost	0	8	8	1	1	1000	125	0	0	1000	500	1000	0
COST-D1-001	cost	0	16	8	1	1	1000	125	0	0	1000	500	1000	0
COST-D1-002	cost	0	1	1	1	1	750	15	0	0	125	1000	0	0
COST-D1-002	cost	0	2	2	1	1	1000	31	0	500	250	500	1000	0
COST-D1-002	cost	0	4	4	1	1	1000	62	0	0	500	500	1000	0
COST-D1-002	cost	0	8	8	1	1	1000	125	0	0	1000	500	1000	0
COST-D1-002	cost	0	16	8	1	1	1000	125	0	0	1000	500	1000	0
COST-D1-003	cost	0	1	1	1	1	750	15	0	0	125	1000	0	0
COST-D1-003	cost	0	2	2	1	1	1000	31	0	500	250	500	1000	0
COST-D1-003	cost	0	4	4	1	1	1000	62	0	0	500	500	1000	0
COST-D1-003	cost	0	8	8	1	1	1000	125	0	0	1000	500	1000	0
COST-D1-003	cost	0	16	8	1	1	1000	125	0	0	1000	500	1000	0
COST-D1-004	cost	0	1	1	1	1	750	15	0	0	125	1000	0	0
COST-D1-004	cost	0	2	2	1	1	1000	31	0	500	250	500	1000	0
COST-D1-004	cost	0	4	4	1	1	1000	62	0	0	500	500	1000	0
COST-D1-004	cost	0	8	8	1	1	1000	125	0	0	1000	500	1000	0
COST-D1-004	cost	0	16	8	1	1	1000	125	0	0	1000	500	1000	0
COST-D1-005	cost	0	1	1	1	1	750	15	0	0	125	1000	0	0
COST-D1-005	cost	0	2	2	1	1	1000	31	0	500	250	500	1000	0
COST-D1-005	cost	0	4	4	1	1	1000	62	0	0	500	500	1000	0
COST-D1-005	cost	0	8	8	1	1	1000	125	0	0	1000	500	1000	0
COST-D1-005	cost	0	16	8	1	1	1000	125	0	0	1000	500	1000	0
COST-D1-006	cost	0	1	1	1	1	750	15	0	0	125	1000	0	0
COST-D1-006	cost	0	2	2	1	1	1000	31	0	500	250	500	1000	0
COST-D1-006	cost	0	4	4	1	1	1000	62	0	0	500	500	1000	0
COST-D1-006	cost	0	8	8	1	1	1000	125	0	0	1000	500	1000	0
COST-D1-006	cost	0	16	8	1	1	1000	125	0	0	1000	500	1000	0
COST-D1-007	cost	0	1	1	1	1	750	15	0	0	125	1000	0	0
COST-D1-007	cost	0	2	2	1	1	1000	31	0	500	250	500	1000	0
COST-D1-007	cost	0	4	4	1	1	1000	62	0	0	500	500	1000	0
COST-D1-007	cost	0	8	8	1	1	1000	125	0	0	1000	500	1000	0
COST-D1-007	cost	0	16	8	1	1	1000	125	0	0	1000	500	1000	0
COST-D1-008	cost	0	1	1	1	1	750	15	0	0	125	1000	0	0
COST-D1-008	cost	0	2	2	1	1	1000	31	0	500	250	500	1000	0
COST-D1-008	cost	0	4	4	1	1	1000	62	0	0	500	500	1000	0
COST-D1-008	cost	0	8	8	1	1	1000	125	0	0	1000	500	1000	0
COST-D1-008	cost	0	16	8	1	1	1000	125	0	0	1000	500	1000	0
COST-D1-009	cost	0	1	1	1	1	750	15	0	0	125	1000	0	0
COST-D1-009	cost	0	2	2	1	1	1000	31	0	500	250	500	1000	0
COST-D1-009	cost	0	4	4	1	1	1000	62	0	0	500	500	1000	0
COST-D1-009	cost	0	8	8	1	1	1000	125	0	0	1000	500	1000	0
COST-D1-009	cost	0	16	8	1	1	1000	125	0	0	1000	500	1000	0
COST-D1-010	cost	0	1	1	1	1	750	15	0	0	125	1000	0	0
COST-D1-010	cost	0	2	2	1	1	1000	31	0	500	250	500	1000	0
COST-D1-010	cost	0	4	4	1	1	1000	62	0	0	500	500	1000	0
COST-D1-010	cost	0	8	8	1	1	1000	125	0	0	1000	500	1000	0
COST-D1-010	cost	0	16	8	1	1	1000	125	0	0	1000	500	1000	0
COST-D1-011	cost	0	1	1	1	1	750	15	0	0	125	1000	0	0
COST-D1-011	cost	0	2	2	1	1	1000	31	0	500	250	500	1000	0
COST-D1-011	cost	0	4	4	1	1	1000	62	0	0	500	500	1000	0
COST-D1-011	cost	0	8	8	1	1	1000	125	0	0	1000	500	1000	0
COST-D1-011	cost	0	16	8	1	1	1000	125	0	0	1000	500	1000	0
COST-D1-012	cost	0	1	1	1	1	750	15	0	0	125	1000	0	0
COST-D1-012	cost	0	2	2	1	1	1000	31	0	500	250	500	1000	0
COST-D1-012	cost	0	4	4	1	1	1000	62	0	0	500	500	1000	0
COST-D1-012	cost	0	8	8	1	1	1000	125	0	0	1000	500	1000	0
COST-D1-012	cost	0	16	8	1	1	1000	125	0	0	1000	500	1000	0
COST-D1-013	cost	0	1	1	1	1	750	15	0	0	125	1000	0	0
COST-D1-013	cost	0	2	2	1	1	1000	31	0	500	250	500	1000	0
COST-D1-013	cost	0	4	4	1	1	1000	62	0	0	500	500	1000	0
COST-D1-013	cost	0	8	8	1	1	1000	125	0	0	1000	500	1000	0
COST-D1-013	cost	0	16	8	1	1	1000	125	0	0	1000	500	1000	0
COST-D1-014	cost	0	1	1	1	1	750	15	0	0	125	1000	0	0
COST-D1-014	cost	0	2	2	1	1	1000	31	0	500	250	500	1000	0
COST-D1-014	cost	0	4	4	1	1	1000	62	0	0	500	500	1000	0
COST-D1-014	cost	0	8	8	1	1	1000	125	0	0	1000	500	1000	0
COST-D1-014	cost	0	16	8	1	1	1000	125	0	0	1000	500	1000	0
COST-D1-015	cost	0	1	1	1	1	750	15	0	0	125	1000	0	0
COST-D1-015	cost	0	2	2	1	1	1000	31	0	500	250	500	1000	0
COST-D1-015	cost	0	4	4	1	1	1000	62	0	0	500	500	1000	0
COST-D1-015	cost	0	8	8	1	1	1000	125	0	0	1000	500	1000	0
COST-D1-015	cost	0	16	8	1	1	1000	125	0	0	1000	500	1000	0
COST-D1-016	cost	0	1	1	1	1	750	15	0	0	125	1000	0	0
COST-D1-016	cost	0	2	2	1	1	1000	31	0	500	250	500	1000	0
COST-D1-016	cost	0	4	4	1	1	1000	62	0	0	500	500	1000	0
COST-D1-016	cost	0	8	8	1	1	1000	125	0	0	1000	500	1000	0
COST-D1-016	cost	0	16	8	1	1	1000	125	0	0	1000	500	1000	0
COST-D1-017	cost	0	1	1	1	1	750	15	0	0	125	1000	0	0
COST-D1-017	cost	0	2	2	1	1	1000	31	0	500	250	500	1000	0
COST-D1-017	cost	0	4	4	1	1	1000	62	0	0	500	500	1000	0
COST-D1-017	cost	0	8	8	1	1	1000	125	0	0	1000	500	1000	0
COST-D1-017	cost	0	16	8	1	1	1000	125	0	0	1000	500	1000	0
COST-D1-018	cost	0	1	1	1	1	750	15	0	0	125	1000	0	0
COST-D1-018	cost	0	2	2	1	1	1000	31	0	500	250	500	1000	0
COST-D1-018	cost	0	4	4	1	1	1000	62	0	0	500	500	1000	0
COST-D1-018	cost	0	8	8	1	1	1000	125	0	0	1000	500	1000	0
COST-D1-018	cost	0	16	8	1	1	1000	125	0	0	1000	500	1000	0
COST-D1-019	cost	0	1	1	1	1	750	15	0	0	125	1000	0	0
COST-D1-019	cost	0	2	2	1	1	1000	31	0	500	250	500	1000	0
COST-D1-019	cost	0	4	4	1	1	1000	62	0	0	500	500	1000	0
COST-D1-019	cost	0	8	8	1	1	1000	125	0	0	1000	500	1000	0
COST-D1-019	cost	0	16	8	1	1	1000	125	0	0	1000	500	1000	0
COST-D1-020	cost	0	1	1	1	1	750	15	0	0	125	1000	0	0
COST-D1-020	cost	0	2	2	1	1	1000	31	0	500	250	500	1000	0
COST-D1-020	cost	0	4	4	1	1	1000	62	0	0	500	500	1000	0
COST-D1-020	cost	0	8	8	1	1	1000	125	0	0	1000	500	1000	0
COST-D1-020	cost	0	16	8	1	1	1000	125	0	0	1000	500	1000	0
COST-D2-001	cost	0	1	1	1	1	500	15	0	0	166	1000	0	0
COST-D2-001	cost	0	2	2	1	1	1000	31	0	500	333	500	1000	0
COST-D2-001	cost	0	4	4	1	1	1000	62	0	500	666	500	1000	0
COST-D2-001	cost	0	8	6	1	1	1000	93	0	500	1000	500	1000	0
COST-D2-001	cost	0	16	6	1	1	1000	93	0	500	1000	500	1000	0
COST-D2-002	cost	0	1	1	1	1	500	15	0	0	166	1000	0	0
COST-D2-002	cost	0	2	2	1	1	1000	31	0	500	333	500	1000	0
COST-D2-002	cost	0	4	4	1	1	1000	62	0	500	666	500	1000	0
COST-D2-002	cost	0	8	6	1	1	1000	93	0	500	1000	500	1000	0
COST-D2-002	cost	0	16	6	1	1	1000	93	0	500	1000	500	1000	0
COST-D2-003	cost	0	1	1	1	1	500	15	0	0	166	1000	0	0
COST-D2-003	cost	0	2	2	1	1	1000	31	0	500	333	500	1000	0
COST-D2-003	cost	0	4	4	1	1	1000	62	0	500	666	500	1000	0
COST-D2-003	cost	0	8	6	1	1	1000	93	0	500	1000	500	1000	0
COST-D2-003	cost	0	16	6	1	1	1000	93	0	500	1000	500	1000	0
COST-D2-004	cost	0	1	1	1	1	500	15	0	0	166	1000	0	0
COST-D2-004	cost	0	2	2	1	1	1000	31	0	500	333	500	1000	0
COST-D2-004	cost	0	4	4	1	1	1000	62	0	500	666	500	1000	0
COST-D2-004	cost	0	8	6	1	1	1000	93	0	500	1000	500	1000	0
COST-D2-004	cost	0	16	6	1	1	1000	93	0	500	1000	500	1000	0
COST-D2-005	cost	0	1	1	1	1	500	15	0	0	166	1000	0	0
COST-D2-005	cost	0	2	2	1	1	1000	31	0	500	333	500	1000	0
COST-D2-005	cost	0	4	4	1	1	1000	62	0	500	666	500	1000	0
COST-D2-005	cost	0	8	6	1	1	1000	93	0	500	1000	500	1000	0
COST-D2-005	cost	0	16	6	1	1	1000	93	0	500	1000	500	1000	0
COST-D2-006	cost	0	1	1	1	1	500	15	0	0	166	1000	0	0
COST-D2-006	cost	0	2	2	1	1	1000	31	0	500	333	500	1000	0
COST-D2-006	cost	0	4	4	1	1	1000	62	0	500	666	500	1000	0
COST-D2-006	cost	0	8	6	1	1	1000	93	0	500	1000	500	1000	0
COST-D2-006	cost	0	16	6	1	1	1000	93	0	500	1000	500	1000	0
COST-D2-007	cost	0	1	1	1	1	500	15	0	0	166	1000	0	0
COST-D2-007	cost	0	2	2	1	1	1000	31	0	500	333	500	1000	0
COST-D2-007	cost	0	4	4	1	1	1000	62	0	500	666	500	1000	0
COST-D2-007	cost	0	8	6	1	1	1000	93	0	500	1000	500	1000	0
COST-D2-007	cost	0	16	6	1	1	1000	93	0	500	1000	500	1000	0
COST-D2-008	cost	0	1	1	1	1	500	15	0	0	166	1000	0	0
COST-D2-008	cost	0	2	2	1	1	1000	31	0	500	333	500	1000	0
COST-D2-008	cost	0	4	4	1	1	1000	62	0	500	666	500	1000	0
COST-D2-008	cost	0	8	6	1	1	1000	93	0	500	1000	500	1000	0
COST-D2-008	cost	0	16	6	1	1	1000	93	0	500	1000	500	1000	0
COST-D2-009	cost	0	1	1	1	1	500	15	0	0	166	1000	0	0
COST-D2-009	cost	0	2	2	1	1	1000	31	0	500	333	500	1000	0
COST-D2-009	cost	0	4	4	1	1	1000	62	0	500	666	500	1000	0
COST-D2-009	cost	0	8	6	1	1	1000	93	0	500	1000	500	1000	0
COST-D2-009	cost	0	16	6	1	1	1000	93	0	500	1000	500	1000	0
COST-D2-010	cost	0	1	1	1	1	500	15	0	0	166	1000	0	0
COST-D2-010	cost	0	2	2	1	1	1000	31	0	500	333	500	1000	0
COST-D2-010	cost	0	4	4	1	1	1000	62	0	500	666	500	1000	0
COST-D2-010	cost	0	8	6	1	1	1000	93	0	500	1000	500	1000	0
COST-D2-010	cost	0	16	6	1	1	1000	93	0	500	1000	500	1000	0
COST-D2-011	cost	0	1	1	1	1	500	15	0	0	166	1000	0	0
COST-D2-011	cost	0	2	2	1	1	1000	31	0	500	333	500	1000	0
COST-D2-011	cost	0	4	4	1	1	1000	62	0	500	666	500	1000	0
COST-D2-011	cost	0	8	6	1	1	1000	93	0	500	1000	500	1000	0
COST-D2-011	cost	0	16	6	1	1	1000	93	0	500	1000	500	1000	0
COST-D2-012	cost	0	1	1	1	1	500	15	0	0	166	1000	0	0
COST-D2-012	cost	0	2	2	1	1	1000	31	0	500	333	500	1000	0
COST-D2-012	cost	0	4	4	1	1	1000	62	0	500	666	500	1000	0
COST-D2-012	cost	0	8	6	1	1	1000	93	0	500	1000	500	1000	0
COST-D2-012	cost	0	16	6	1	1	1000	93	0	500	1000	500	1000	0
COST-D2-013	cost	0	1	1	1	1	500	15	0	0	166	1000	0	0
COST-D2-013	cost	0	2	2	1	1	1000	31	0	500	333	500	1000	0
COST-D2-013	cost	0	4	4	1	1	1000	62	0	500	666	500	1000	0
COST-D2-013	cost	0	8	6	1	1	1000	93	0	500	1000	500	1000	0
COST-D2-013	cost	0	16	6	1	1	1000	93	0	500	1000	500	1000	0
COST-D2-014	cost	0	1	1	1	1	500	15	0	0	166	1000	0	0
COST-D2-014	cost	0	2	2	1	1	1000	31	0	500	333	500	1000	0
COST-D2-014	cost	0	4	4	1	1	1000	62	0	500	666	500	1000	0
COST-D2-014	cost	0	8	6	1	1	1000	93	0	500	1000	500	1000	0
COST-D2-014	cost	0	16	6	1	1	1000	93	0	500	1000	500	1000	0
COST-D2-015	cost	0	1	1	1	1	500	15	0	0	166	1000	0	0
COST-D2-015	cost	0	2	2	1	1	1000	31	0	500	333	500	1000	0
COST-D2-015	cost	0	4	4	1	1	1000	62	0	500	666	500	1000	0
COST-D2-015	cost	0	8	6	1	1	1000	93	0	500	1000	500	1000	0
COST-D2-015	cost	0	16	6	1	1	1000	93	0	500	1000	500	1000	0
COST-D2-016	cost	0	1	1	1	1	500	15	0	0	166	1000	0	0
COST-D2-016	cost	0	2	2	1	1	1000	31	0	500	333	500	1000	0
COST-D2-016	cost	0	4	4	1	1	1000	62	0	500	666	500	1000	0
COST-D2-016	cost	0	8	6	1	1	1000	93	0	500	1000	500	1000	0
COST-D2-016	cost	0	16	6	1	1	1000	93	0	500	1000	500	1000	0
COST-D2-017	cost	0	1	1	1	1	500	15	0	0	166	1000	0	0
COST-D2-017	cost	0	2	2	1	1	1000	31	0	500	333	500	1000	0
COST-D2-017	cost	0	4	4	1	1	1000	62	0	500	666	500	1000	0
COST-D2-017	cost	0	8	6	1	1	1000	93	0	500	1000	500	1000	0
COST-D2-017	cost	0	16	6	1	1	1000	93	0	500	1000	500	1000	0
COST-D2-018	cost	0	1	1	1	1	500	15	0	0	166	1000	0	0
COST-D2-018	cost	0	2	2	1	1	1000	31	0	500	333	500	1000	0
COST-D2-018	cost	0	4	4	1	1	1000	62	0	500	666	500	1000	0
COST-D2-018	cost	0	8	6	1	1	1000	93	0	500	1000	500	1000	0
COST-D2-018	cost	0	16	6	1	1	1000	93	0	500	1000	500	1000	0
COST-D2-019	cost	0	1	1	1	1	500	15	0	0	166	1000	0	0
COST-D2-019	cost	0	2	2	1	1	1000	31	0	500	333	500	1000	0
COST-D2-019	cost	0	4	4	1	1	1000	62	0	500	666	500	1000	0
COST-D2-019	cost	0	8	6	1	1	1000	93	0	500	1000	500	1000	0
COST-D2-019	cost	0	16	6	1	1	1000	93	0	500	1000	500	1000	0
COST-D2-020	cost	0	1	1	1	1	500	15	0	0	166	1000	0	0
COST-D2-020	cost	0	2	2	1	1	1000	31	0	500	333	500	1000	0
COST-D2-020	cost	0	4	4	1	1	1000	62	0	500	666	500	1000	0
COST-D2-020	cost	0	8	6	1	1	1000	93	0	500	1000	500	1000	0
COST-D2-020	cost	0	16	6	1	1	1000	93	0	500	1000	500	1000	0
COST-D3-001	cost	0	1	1	1	1	500	15	0	0	200	1000	0	0
COST-D3-001	cost	0	2	2	1	1	1000	31	0	500	400	500	1000	0
COST-D3-001	cost	0	4	4	1	1	1000	62	0	500	800	500	1000	0
COST-D3-001	cost	0	8	5	1	1	1000	78	0	500	1000	500	1000	0
COST-D3-001	cost	0	16	5	1	1	1000	78	0	500	1000	500	1000	0
COST-D3-002	cost	0	1	1	1	1	500	15	0	0	200	1000	0	0
COST-D3-002	cost	0	2	2	1	1	1000	31	0	500	400	500	1000	0
COST-D3-002	cost	0	4	4	1	1	1000	62	0	500	800	500	1000	0
COST-D3-002	cost	0	8	5	1	1	1000	78	0	500	1000	500	1000	0
COST-D3-002	cost	0	16	5	1	1	1000	78	0	500	1000	500	1000	0
COST-D3-003	cost	0	1	1	1	1	500	15	0	0	200	1000	0	0
COST-D3-003	cost	0	2	2	1	1	1000	31	0	500	400	500	1000	0
COST-D3-003	cost	0	4	4	1	1	1000	62	0	500	800	500	1000	0
COST-D3-003	cost	0	8	5	1	1	1000	78	0	500	1000	500	1000	0
COST-D3-003	cost	0	16	5	1	1	1000	78	0	500	1000	500	1000	0
COST-D3-004	cost	0	1	1	1	1	500	15	0	0	200	1000	0	0
COST-D3-004	cost	0	2	2	1	1	1000	31	0	500	400	500	1000	0
COST-D3-004	cost	0	4	4	1	1	1000	62	0	500	800	500	1000	0
COST-D3-004	cost	0	8	5	1	1	1000	78	0	500	1000	500	1000	0
COST-D3-004	cost	0	16	5	1	1	1000	78	0	500	1000	500	1000	0
COST-D3-005	cost	0	1	1	1	1	500	15	0	0	200	1000	0	0
COST-D3-005	cost	0	2	2	1	1	1000	31	0	500	400	500	1000	0
COST-D3-005	cost	0	4	4	1	1	1000	62	0	500	800	500	1000	0
COST-D3-005	cost	0	8	5	1	1	1000	78	0	500	1000	500	1000	0
COST-D3-005	cost	0	16	5	1	1	1000	78	0	500	1000	500	1000	0
COST-D3-006	cost	0	1	1	1	1	500	15	0	0	200	1000	0	0
COST-D3-006	cost	0	2	2	1	1	1000	31	0	500	400	500	1000	0
COST-D3-006	cost	0	4	4	1	1	1000	62	0	500	800	500	1000	0
COST-D3-006	cost	0	8	5	1	1	1000	78	0	500	1000	500	1000	0
COST-D3-006	cost	0	16	5	1	1	1000	78	0	500	1000	500	1000	0
COST-D3-007	cost	0	1	1	1	1	500	15	0	0	200	1000	0	0
COST-D3-007	cost	0	2	2	1	1	1000	31	0	500	400	500	1000	0
COST-D3-007	cost	0	4	4	1	1	1000	62	0	500	800	500	1000	0
COST-D3-007	cost	0	8	5	1	1	1000	78	0	500	1000	500	1000	0
COST-D3-007	cost	0	16	5	1	1	1000	78	0	500	1000	500	1000	0
COST-D3-008	cost	0	1	1	1	1	500	15	0	0	200	1000	0	0
COST-D3-008	cost	0	2	2	1	1	1000	31	0	500	400	500	1000	0
COST-D3-008	cost	0	4	4	1	1	1000	62	0	500	800	500	1000	0
COST-D3-008	cost	0	8	5	1	1	1000	78	0	500	1000	500	1000	0
COST-D3-008	cost	0	16	5	1	1	1000	78	0	500	1000	500	1000	0
COST-D3-009	cost	0	1	1	1	1	500	15	0	0	200	1000	0	0
COST-D3-009	cost	0	2	2	1	1	1000	31	0	500	400	500	1000	0
COST-D3-009	cost	0	4	4	1	1	1000	62	0	500	800	500	1000	0
COST-D3-009	cost	0	8	5	1	1	1000	78	0	500	1000	500	1000	0
COST-D3-009	cost	0	16	5	1	1	1000	78	0	500	1000	500	1000	0
COST-D3-010	cost	0	1	1	1	1	500	15	0	0	200	1000	0	0
COST-D3-010	cost	0	2	2	1	1	1000	31	0	500	400	500	1000	0
COST-D3-010	cost	0	4	4	1	1	1000	62	0	500	800	500	1000	0
COST-D3-010	cost	0	8	5	1	1	1000	78	0	500	1000	500	1000	0
COST-D3-010	cost	0	16	5	1	1	1000	78	0	500	1000	500	1000	0
COST-D3-011	cost	0	1	1	1	1	500	15	0	0	200	1000	0	0
COST-D3-011	cost	0	2	2	1	1	1000	31	0	500	400	500	1000	0
COST-D3-011	cost	0	4	4	1	1	1000	62	0	500	800	500	1000	0
COST-D3-011	cost	0	8	5	1	1	1000	78	0	500	1000	500	1000	0
COST-D3-011	cost	0	16	5	1	1	1000	78	0	500	1000	500	1000	0
COST-D3-012	cost	0	1	1	1	1	500	15	0	0	200	1000	0	0
COST-D3-012	cost	0	2	2	1	1	1000	31	0	500	400	500	1000	0
COST-D3-012	cost	0	4	4	1	1	1000	62	0	500	800	500	1000	0
COST-D3-012	cost	0	8	5	1	1	1000	78	0	500	1000	500	1000	0
COST-D3-012	cost	0	16	5	1	1	1000	78	0	500	1000	500	1000	0
COST-D3-013	cost	0	1	1	1	1	500	15	0	0	200	1000	0	0
COST-D3-013	cost	0	2	2	1	1	1000	31	0	500	400	500	1000	0
COST-D3-013	cost	0	4	4	1	1	1000	62	0	500	800	500	1000	0
COST-D3-013	cost	0	8	5	1	1	1000	78	0	500	1000	500	1000	0
COST-D3-013	cost	0	16	5	1	1	1000	78	0	500	1000	500	1000	0
COST-D3-014	cost	0	1	1	1	1	500	15	0	0	200	1000	0	0
COST-D3-014	cost	0	2	2	1	1	1000	31	0	500	400	500	1000	0
COST-D3-014	cost	0	4	4	1	1	1000	62	0	500	800	500	1000	0
COST-D3-014	cost	0	8	5	1	1	1000	78	0	500	1000	500	1000	0
COST-D3-014	cost	0	16	5	1	1	1000	78	0	500	1000	500	1000	0
COST-D3-015	cost	0	1	1	1	1	500	15	0	0	200	1000	0	0
COST-D3-015	cost	0	2	2	1	1	1000	31	0	500	400	500	1000	0
COST-D3-015	cost	0	4	4	1	1	1000	62	0	500	800	500	1000	0
COST-D3-015	cost	0	8	5	1	1	1000	78	0	500	1000	500	1000	0
COST-D3-015	cost	0	16	5	1	1	1000	78	0	500	1000	500	1000	0
COST-D3-016	cost	0	1	1	1	1	500	15	0	0	200	1000	0	0
COST-D3-016	cost	0	2	2	1	1	1000	31	0	500	400	500	1000	0
COST-D3-016	cost	0	4	4	1	1	1000	62	0	500	800	500	1000	0
COST-D3-016	cost	0	8	5	1	1	1000	78	0	500	1000	500	1000	0
COST-D3-016	cost	0	16	5	1	1	1000	78	0	500	1000	500	1000	0
COST-D3-017	cost	0	1	1	1	1	500	15	0	0	200	1000	0	0
COST-D3-017	cost	0	2	2	1	1	1000	31	0	500	400	500	1000	0
COST-D3-017	cost	0	4	4	1	1	1000	62	0	500	800	500	1000	0
COST-D3-017	cost	0	8	5	1	1	1000	78	0	500	1000	500	1000	0
COST-D3-017	cost	0	16	5	1	1	1000	78	0	500	1000	500	1000	0
COST-D3-018	cost	0	1	1	1	1	500	15	0	0	200	1000	0	0
COST-D3-018	cost	0	2	2	1	1	1000	31	0	500	400	500	1000	0
COST-D3-018	cost	0	4	4	1	1	1000	62	0	500	800	500	1000	0
COST-D3-018	cost	0	8	5	1	1	1000	78	0	500	1000	500	1000	0
COST-D3-018	cost	0	16	5	1	1	1000	78	0	500	1000	500	1000	0
COST-D3-019	cost	0	1	1	1	1	500	15	0	0	200	1000	0	0
COST-D3-019	cost	0	2	2	1	1	1000	31	0	500	400	500	1000	0
COST-D3-019	cost	0	4	4	1	1	1000	62	0	500	800	500	1000	0
COST-D3-019	cost	0	8	5	1	1	1000	78	0	500	1000	500	1000	0
COST-D3-019	cost	0	16	5	1	1	1000	78	0	500	1000	500	1000	0
COST-D3-020	cost	0	1	1	1	1	500	15	0	0	200	1000	0	0
COST-D3-020	cost	0	2	2	1	1	1000	31	0	500	400	500	1000	0
COST-D3-020	cost	0	4	4	1	1	1000	62	0	500	800	500	1000	0
COST-D3-020	cost	0	8	5	1	1	1000	78	0	500	1000	500	1000	0
COST-D3-020	cost	0	16	5	1	1	1000	78	0	500	1000	500	1000	0
COST-D4-001	cost	0	1	1	1	1	500	15	0	0	200	1000	0	0
COST-D4-001	cost	0	2	2	1	1	1000	31	0	500	400	500	1000	0
COST-D4-001	cost	0	4	4	1	1	1000	62	0	500	800	500	1000	0
COST-D4-001	cost	0	8	5	1	1	1000	78	0	500	1000	500	1000	0
COST-D4-001	cost	0	16	5	1	1	1000	78	0	500	1000	500	1000	0
COST-D4-002	cost	0	1	1	1	1	500	15	0	0	200	1000	0	0
COST-D4-002	cost	0	2	2	1	1	1000	31	0	500	400	500	1000	0
COST-D4-002	cost	0	4	4	1	1	1000	62	0	500	800	500	1000	0
COST-D4-002	cost	0	8	5	1	1	1000	78	0	500	1000	500	1000	0
COST-D4-002	cost	0	16	5	1	1	1000	78	0	500	1000	500	1000	0
COST-D4-003	cost	0	1	1	1	1	500	15	0	0	200	1000	0	0
COST-D4-003	cost	0	2	2	1	1	1000	31	0	500	400	500	1000	0
COST-D4-003	cost	0	4	4	1	1	1000	62	0	500	800	500	1000	0
COST-D4-003	cost	0	8	5	1	1	1000	78	0	500	1000	500	1000	0
COST-D4-003	cost	0	16	5	1	1	1000	78	0	500	1000	500	1000	0
COST-D4-004	cost	0	1	1	1	1	500	15	0	0	200	1000	0	0
COST-D4-004	cost	0	2	2	1	1	1000	31	0	500	400	500	1000	0
COST-D4-004	cost	0	4	4	1	1	1000	62	0	500	800	500	1000	0
COST-D4-004	cost	0	8	5	1	1	1000	78	0	500	1000	500	1000	0
COST-D4-004	cost	0	16	5	1	1	1000	78	0	500	1000	500	1000	0
COST-D4-005	cost	0	1	1	1	1	500	15	0	0	200	1000	0	0
COST-D4-005	cost	0	2	2	1	1	1000	31	0	500	400	500	1000	0
COST-D4-005	cost	0	4	4	1	1	1000	62	0	500	800	500	1000	0
COST-D4-005	cost	0	8	5	1	1	1000	78	0	500	1000	500	1000	0
COST-D4-005	cost	0	16	5	1	1	1000	78	0	500	1000	500	1000	0
COST-D4-006	cost	0	1	1	1	1	500	15	0	0	200	1000	0	0
COST-D4-006	cost	0	2	2	1	1	1000	31	0	500	400	500	1000	0
COST-D4-006	cost	0	4	4	1	1	1000	62	0	500	800	500	1000	0
COST-D4-006	cost	0	8	5	1	1	1000	78	0	500	1000	500	1000	0
COST-D4-006	cost	0	16	5	1	1	1000	78	0	500	1000	500	1000	0
COST-D4-007	cost	0	1	1	1	1	500	15	0	0	200	1000	0	0
COST-D4-007	cost	0	2	2	1	1	1000	31	0	500	400	500	1000	0
COST-D4-007	cost	0	4	4	1	1	1000	62	0	500	800	500	1000	0
COST-D4-007	cost	0	8	5	1	1	1000	78	0	500	1000	500	1000	0
COST-D4-007	cost	0	16	5	1	1	1000	78	0	500	1000	500	1000	0
COST-D4-008	cost	0	1	1	1	1	500	15	0	0	200	1000	0	0
COST-D4-008	cost	0	2	2	1	1	1000	31	0	500	400	500	1000	0
COST-D4-008	cost	0	4	4	1	1	1000	62	0	500	800	500	1000	0
COST-D4-008	cost	0	8	5	1	1	1000	78	0	500	1000	500	1000	0
COST-D4-008	cost	0	16	5	1	1	1000	78	0	500	1000	500	1000	0
COST-D4-009	cost	0	1	1	1	1	500	15	0	0	200	1000	0	0
COST-D4-009	cost	0	2	2	1	1	1000	31	0	500	400	500	1000	0
COST-D4-009	cost	0	4	4	1	1	1000	62	0	500	800	500	1000	0
COST-D4-009	cost	0	8	5	1	1	1000	78	0	500	1000	500	1000	0
COST-D4-009	cost	0	16	5	1	1	1000	78	0	500	1000	500	1000	0
COST-D4-010	cost	0	1	1	1	1	500	15	0	0	200	1000	0	0
COST-D4-010	cost	0	2	2	1	1	1000	31	0	500	400	500	1000	0
COST-D4-010	cost	0	4	4	1	1	1000	62	0	500	800	500	1000	0
COST-D4-010	cost	0	8	5	1	1	1000	78	0	500	1000	500	1000	0
COST-D4-010	cost	0	16	5	1	1	1000	78	0	500	1000	500	1000	0
COST-D4-011	cost	0	1	1	1	1	500	15	0	0	200	1000	0	0
COST-D4-011	cost	0	2	2	1	1	1000	31	0	500	400	500	1000	0
COST-D4-011	cost	0	4	4	1	1	1000	62	0	500	800	500	1000	0
COST-D4-011	cost	0	8	5	1	1	1000	78	0	500	1000	500	1000	0
COST-D4-011	cost	0	16	5	1	1	1000	78	0	500	1000	500	1000	0
COST-D4-012	cost	0	1	1	1	1	500	15	0	0	200	1000	0	0
COST-D4-012	cost	0	2	2	1	1	1000	31	0	500	400	500	1000	0
COST-D4-012	cost	0	4	4	1	1	1000	62	0	500	800	500	1000	0
COST-D4-012	cost	0	8	5	1	1	1000	78	0	500	1000	500	1000	0
COST-D4-012	cost	0	16	5	1	1	1000	78	0	500	1000	500	1000	0
COST-D4-013	cost	0	1	1	1	1	500	15	0	0	200	1000	0	0
COST-D4-013	cost	0	2	2	1	1	1000	31	0	500	400	500	1000	0
COST-D4-013	cost	0	4	4	1	1	1000	62	0	500	800	500	1000	0
COST-D4-013	cost	0	8	5	1	1	1000	78	0	500	1000	500	1000	0
COST-D4-013	cost	0	16	5	1	1	1000	78	0	500	1000	500	1000	0
COST-D4-014	cost	0	1	1	1	1	500	15	0	0	200	1000	0	0
COST-D4-014	cost	0	2	2	1	1	1000	31	0	500	400	500	1000	0
COST-D4-014	cost	0	4	4	1	1	1000	62	0	500	800	500	1000	0
COST-D4-014	cost	0	8	5	1	1	1000	78	0	500	1000	500	1000	0
COST-D4-014	cost	0	16	5	1	1	1000	78	0	500	1000	500	1000	0
COST-D4-015	cost	0	1	1	1	1	500	15	0	0	200	1000	0	0
COST-D4-015	cost	0	2	2	1	1	1000	31	0	500	400	500	1000	0
COST-D4-015	cost	0	4	4	1	1	1000	62	0	500	800	500	1000	0
COST-D4-015	cost	0	8	5	1	1	1000	78	0	500	1000	500	1000	0
COST-D4-015	cost	0	16	5	1	1	1000	78	0	500	1000	500	1000	0
COST-D5-001	cost	0	1	1	1	1	500	15	0	0	200	1000	0	0
COST-D5-001	cost	0	2	2	1	1	1000	31	0	500	400	500	1000	0
COST-D5-001	cost	0	4	4	1	1	1000	62	0	500	800	500	1000	0
COST-D5-001	cost	0	8	5	1	1	1000	78	0	500	1000	500	1000	0
COST-D5-001	cost	0	16	5	1	1	1000	78	0	500	1000	500	1000	0
COST-D5-002	cost	0	1	1	1	1	500	15	0	0	200	1000	0	0
COST-D5-002	cost	0	2	2	1	1	1000	31	0	500	400	500	1000	0
COST-D5-002	cost	0	4	4	1	1	1000	62	0	500	800	500	1000	0
COST-D5-002	cost	0	8	5	1	1	1000	78	0	500	1000	500	1000	0
COST-D5-002	cost	0	16	5	1	1	1000	78	0	500	1000	500	1000	0
COST-D5-003	cost	0	1	1	1	1	500	15	0	0	200	1000	0	0
COST-D5-003	cost	0	2	2	1	1	1000	31	0	500	400	500	1000	0
COST-D5-003	cost	0	4	4	1	1	1000	62	0	500	800	500	1000	0
COST-D5-003	cost	0	8	5	1	1	1000	78	0	500	1000	500	1000	0
COST-D5-003	cost	0	16	5	1	1	1000	78	0	500	1000	500	1000	0
COST-D5-004	cost	0	1	1	1	1	500	15	0	0	200	1000	0	0
COST-D5-004	cost	0	2	2	1	1	1000	31	0	500	400	500	1000	0
COST-D5-004	cost	0	4	4	1	1	1000	62	0	500	800	500	1000	0
COST-D5-004	cost	0	8	5	1	1	1000	78	0	500	1000	500	1000	0
COST-D5-004	cost	0	16	5	1	1	1000	78	0	500	1000	500	1000	0
COST-D5-005	cost	0	1	1	1	1	500	15	0	0	200	1000	0	0
COST-D5-005	cost	0	2	2	1	1	1000	31	0	500	400	500	1000	0
COST-D5-005	cost	0	4	4	1	1	1000	62	0	500	800	500	1000	0
COST-D5-005	cost	0	8	5	1	1	1000	78	0	500	1000	500	1000	0
COST-D5-005	cost	0	16	5	1	1	1000	78	0	500	1000	500	1000	0
COST-D5-006	cost	0	1	1	1	1	500	15	0	0	200	1000	0	0
COST-D5-006	cost	0	2	2	1	1	1000	31	0	500	400	500	1000	0
COST-D5-006	cost	0	4	4	1	1	1000	62	0	500	800	500	1000	0
COST-D5-006	cost	0	8	5	1	1	1000	78	0	500	1000	500	1000	0
COST-D5-006	cost	0	16	5	1	1	1000	78	0	500	1000	500	1000	0
COST-D5-007	cost	0	1	1	1	1	500	15	0	0	200	1000	0	0
COST-D5-007	cost	0	2	2	1	1	1000	31	0	500	400	500	1000	0
COST-D5-007	cost	0	4	4	1	1	1000	62	0	500	800	500	1000	0
COST-D5-007	cost	0	8	5	1	1	1000	78	0	500	1000	500	1000	0
COST-D5-007	cost	0	16	5	1	1	1000	78	0	500	1000	500	1000	0
COST-D5-008	cost	0	1	1	1	1	500	15	0	0	200	1000	0	0
COST-D5-008	cost	0	2	2	1	1	1000	31	0	500	400	500	1000	0
COST-D5-008	cost	0	4	4	1	1	1000	62	0	500	800	500	1000	0
COST-D5-008	cost	0	8	5	1	1	1000	78	0	500	1000	500	1000	0
COST-D5-008	cost	0	16	5	1	1	1000	78	0	500	1000	500	1000	0
COST-D5-009	cost	0	1	1	1	1	500	15	0	0	200	1000	0	0
COST-D5-009	cost	0	2	2	1	1	1000	31	0	500	400	500	1000	0
COST-D5-009	cost	0	4	4	1	1	1000	62	0	500	800	500	1000	0
COST-D5-009	cost	0	8	5	1	1	1000	78	0	500	1000	500	1000	0
COST-D5-009	cost	0	16	5	1	1	1000	78	0	500	1000	500	1000	0
COST-D5-010	cost	0	1	1	1	1	500	15	0	0	200	1000	0	0
COST-D5-010	cost	0	2	2	1	1	1000	31	0	500	400	500	1000	0
COST-D5-010	cost	0	4	4	1	1	1000	62	0	500	800	500	1000	0
COST-D5-010	cost	0	8	5	1	1	1000	78	0	500	1000	500	1000	0
COST-D5-010	cost	0	16	5	1	1	1000	78	0	500	1000	500	1000	0
COST-D5-011	cost	0	1	1	1	1	500	15	0	0	200	1000	0	0
COST-D5-011	cost	0	2	2	1	1	1000	31	0	500	400	500	1000	0
COST-D5-011	cost	0	4	4	1	1	1000	62	0	500	800	500	1000	0
COST-D5-011	cost	0	8	5	1	1	1000	78	0	500	1000	500	1000	0
COST-D5-011	cost	0	16	5	1	1	1000	78	0	500	1000	500	1000	0
COST-D5-012	cost	0	1	1	1	1	500	15	0	0	200	1000	0	0
COST-D5-012	cost	0	2	2	1	1	1000	31	0	500	400	500	1000	0
COST-D5-012	cost	0	4	4	1	1	1000	62	0	500	800	500	1000	0
COST-D5-012	cost	0	8	5	1	1	1000	78	0	500	1000	500	1000	0
COST-D5-012	cost	0	16	5	1	1	1000	78	0	500	1000	500	1000	0
COST-D5-013	cost	0	1	1	1	1	500	15	0	0	200	1000	0	0
COST-D5-013	cost	0	2	2	1	1	1000	31	0	500	400	500	1000	0
COST-D5-013	cost	0	4	4	1	1	1000	62	0	500	800	500	1000	0
COST-D5-013	cost	0	8	5	1	1	1000	78	0	500	1000	500	1000	0
COST-D5-013	cost	0	16	5	1	1	1000	78	0	500	1000	500	1000	0
COST-D5-014	cost	0	1	1	1	1	500	15	0	0	200	1000	0	0
COST-D5-014	cost	0	2	2	1	1	1000	31	0	500	400	500	1000	0
COST-D5-014	cost	0	4	4	1	1	1000	62	0	500	800	500	1000	0
COST-D5-014	cost	0	8	5	1	1	1000	78	0	500	1000	500	1000	0
COST-D5-014	cost	0	16	5	1	1	1000	78	0	500	1000	500	1000	0
COST-D5-015	cost	0	1	1	1	1	500	15	0	0	200	1000	0	0
COST-D5-015	cost	0	2	2	1	1	1000	31	0	500	400	500	1000	0
COST-D5-015	cost	0	4	4	1	1	1000	62	0	500	800	500	1000	0
COST-D5-015	cost	0	8	5	1	1	1000	78	0	500	1000	500	1000	0
COST-D5-015	cost	0	16	5	1	1	1000	78	0	500	1000	500	1000	0
COST-D6-001	cost	0	1	1	1	1	500	15	0	0	250	1000	0	0
COST-D6-001	cost	0	2	2	1	1	1000	31	0	500	500	500	1000	0
COST-D6-001	cost	0	4	4	1	1	1000	62	0	500	1000	500	1000	0
COST-D6-001	cost	0	8	4	1	1	1000	62	0	500	1000	500	1000	0
COST-D6-001	cost	0	16	4	1	1	1000	62	0	500	1000	500	1000	0
COST-D6-002	cost	0	1	1	1	1	500	15	0	0	250	1000	0	0
COST-D6-002	cost	0	2	2	1	1	1000	31	0	500	500	500	1000	0
COST-D6-002	cost	0	4	4	1	1	1000	62	0	500	1000	500	1000	0
COST-D6-002	cost	0	8	4	1	1	1000	62	0	500	1000	500	1000	0
COST-D6-002	cost	0	16	4	1	1	1000	62	0	500	1000	500	1000	0
COST-D6-003	cost	0	1	1	1	1	500	15	0	0	250	1000	0	0
COST-D6-003	cost	0	2	2	1	1	1000	31	0	500	500	500	1000	0
COST-D6-003	cost	0	4	4	1	1	1000	62	0	500	1000	500	1000	0
COST-D6-003	cost	0	8	4	1	1	1000	62	0	500	1000	500	1000	0
COST-D6-003	cost	0	16	4	1	1	1000	62	0	500	1000	500	1000	0
COST-D6-004	cost	0	1	1	1	1	500	15	0	0	250	1000	0	0
COST-D6-004	cost	0	2	2	1	1	1000	31	0	500	500	500	1000	0
COST-D6-004	cost	0	4	4	1	1	1000	62	0	500	1000	500	1000	0
COST-D6-004	cost	0	8	4	1	1	1000	62	0	500	1000	500	1000	0
COST-D6-004	cost	0	16	4	1	1	1000	62	0	500	1000	500	1000	0
COST-D6-005	cost	0	1	1	1	1	500	15	0	0	250	1000	0	0
COST-D6-005	cost	0	2	2	1	1	1000	31	0	500	500	500	1000	0
COST-D6-005	cost	0	4	4	1	1	1000	62	0	500	1000	500	1000	0
COST-D6-005	cost	0	8	4	1	1	1000	62	0	500	1000	500	1000	0
COST-D6-005	cost	0	16	4	1	1	1000	62	0	500	1000	500	1000	0
COST-D6-006	cost	0	1	1	1	1	500	15	0	0	250	1000	0	0
COST-D6-006	cost	0	2	2	1	1	1000	31	0	500	500	500	1000	0
COST-D6-006	cost	0	4	4	1	1	1000	62	0	500	1000	500	1000	0
COST-D6-006	cost	0	8	4	1	1	1000	62	0	500	1000	500	1000	0
COST-D6-006	cost	0	16	4	1	1	1000	62	0	500	1000	500	1000	0
COST-D6-007	cost	0	1	1	1	1	500	15	0	0	250	1000	0	0
COST-D6-007	cost	0	2	2	1	1	1000	31	0	500	500	500	1000	0
COST-D6-007	cost	0	4	4	1	1	1000	62	0	500	1000	500	1000	0
COST-D6-007	cost	0	8	4	1	1	1000	62	0	500	1000	500	1000	0
COST-D6-007	cost	0	16	4	1	1	1000	62	0	500	1000	500	1000	0
COST-D6-008	cost	0	1	1	1	1	500	15	0	0	250	1000	0	0
COST-D6-008	cost	0	2	2	1	1	1000	31	0	500	500	500	1000	0
COST-D6-008	cost	0	4	4	1	1	1000	62	0	500	1000	500	1000	0
COST-D6-008	cost	0	8	4	1	1	1000	62	0	500	1000	500	1000	0
COST-D6-008	cost	0	16	4	1	1	1000	62	0	500	1000	500	1000	0
COST-D6-009	cost	0	1	1	1	1	500	15	0	0	250	1000	0	0
COST-D6-009	cost	0	2	2	1	1	1000	31	0	500	500	500	1000	0
COST-D6-009	cost	0	4	4	1	1	1000	62	0	500	1000	500	1000	0
COST-D6-009	cost	0	8	4	1	1	1000	62	0	500	1000	500	1000	0
COST-D6-009	cost	0	16	4	1	1	1000	62	0	500	1000	500	1000	0
COST-D6-010	cost	0	1	1	1	1	500	15	0	0	250	1000	0	0
COST-D6-010	cost	0	2	2	1	1	1000	31	0	500	500	500	1000	0
COST-D6-010	cost	0	4	4	1	1	1000	62	0	500	1000	500	1000	0
COST-D6-010	cost	0	8	4	1	1	1000	62	0	500	1000	500	1000	0
COST-D6-010	cost	0	16	4	1	1	1000	62	0	500	1000	500	1000	0
COST-D7-001	cost	0	1	1	1	1	500	15	0	0	200	1000	0	0
COST-D7-001	cost	0	2	2	1	1	1000	31	0	500	400	500	1000	0
COST-D7-001	cost	0	4	4	1	1	1000	62	0	500	800	500	1000	0
COST-D7-001	cost	0	8	5	1	1	1000	78	0	500	1000	500	1000	0
COST-D7-001	cost	0	16	5	1	1	1000	78	0	500	1000	500	1000	0
COST-D7-002	cost	0	1	1	1	1	500	15	0	0	200	1000	0	0
COST-D7-002	cost	0	2	2	1	1	1000	31	0	500	400	500	1000	0
COST-D7-002	cost	0	4	4	1	1	1000	62	0	500	800	500	1000	0
COST-D7-002	cost	0	8	5	1	1	1000	78	0	500	1000	500	1000	0
COST-D7-002	cost	0	16	5	1	1	1000	78	0	500	1000	500	1000	0
COST-D7-003	cost	0	1	1	1	1	500	15	0	0	200	1000	0	0
COST-D7-003	cost	0	2	2	1	1	1000	31	0	500	400	500	1000	0
COST-D7-003	cost	0	4	4	1	1	1000	62	0	500	800	500	1000	0
COST-D7-003	cost	0	8	5	1	1	1000	78	0	500	1000	500	1000	0
COST-D7-003	cost	0	16	5	1	1	1000	78	0	500	1000	500	1000	0
COST-D7-004	cost	0	1	1	1	1	500	15	0	0	200	1000	0	0
COST-D7-004	cost	0	2	2	1	1	1000	31	0	500	400	500	1000	0
COST-D7-004	cost	0	4	4	1	1	1000	62	0	500	800	500	1000	0
COST-D7-004	cost	0	8	5	1	1	1000	78	0	500	1000	500	1000	0
COST-D7-004	cost	0	16	5	1	1	1000	78	0	500	1000	500	1000	0
COST-D7-005	cost	0	1	1	1	1	500	15	0	0	200	1000	0	0
COST-D7-005	cost	0	2	2	1	1	1000	31	0	500	400	500	1000	0
COST-D7-005	cost	0	4	4	1	1	1000	62	0	500	800	500	1000	0
COST-D7-005	cost	0	8	5	1	1	1000	78	0	500	1000	500	1000	0
COST-D7-005	cost	0	16	5	1	1	1000	78	0	500	1000	500	1000	0
COST-D7-006	cost	0	1	1	1	1	500	15	0	0	200	1000	0	0
COST-D7-006	cost	0	2	2	1	1	1000	31	0	500	400	500	1000	0
COST-D7-006	cost	0	4	4	1	1	1000	62	0	500	800	500	1000	0
COST-D7-006	cost	0	8	5	1	1	1000	78	0	500	1000	500	1000	0
COST-D7-006	cost	0	16	5	1	1	1000	78	0	500	1000	500	1000	0
COST-D7-007	cost	0	1	1	1	1	500	15	0	0	200	1000	0	0
COST-D7-007	cost	0	2	2	1	1	1000	31	0	500	400	500	1000	0
COST-D7-007	cost	0	4	4	1	1	1000	62	0	500	800	500	1000	0
COST-D7-007	cost	0	8	5	1	1	1000	78	0	500	1000	500	1000	0
COST-D7-007	cost	0	16	5	1	1	1000	78	0	500	1000	500	1000	0
COST-D7-008	cost	0	1	1	1	1	500	15	0	0	200	1000	0	0
COST-D7-008	cost	0	2	2	1	1	1000	31	0	500	400	500	1000	0
COST-D7-008	cost	0	4	4	1	1	1000	62	0	500	800	500	1000	0
COST-D7-008	cost	0	8	5	1	1	1000	78	0	500	1000	500	1000	0
COST-D7-008	cost	0	16	5	1	1	1000	78	0	500	1000	500	1000	0
COST-D7-009	cost	0	1	1	1	1	500	15	0	0	200	1000	0	0
COST-D7-009	cost	0	2	2	1	1	1000	31	0	500	400	500	1000	0
COST-D7-009	cost	0	4	4	1	1	1000	62	0	500	800	500	1000	0
COST-D7-009	cost	0	8	5	1	1	1000	78	0	500	1000	500	1000	0
COST-D7-009	cost	0	16	5	1	1	1000	78	0	500	1000	500	1000	0
COST-D7-010	cost	0	1	1	1	1	500	15	0	0	200	1000	0	0
COST-D7-010	cost	0	2	2	1	1	1000	31	0	500	400	500	1000	0
COST-D7-010	cost	0	4	4	1	1	1000	62	0	500	800	500	1000	0
COST-D7-010	cost	0	8	5	1	1	1000	78	0	500	1000	500	1000	0
COST-D7-010	cost	0	16	5	1	1	1000	78	0	500	1000	500	1000	0
COST-D7-011	cost	0	1	1	1	1	500	15	0	0	200	1000	0	0
COST-D7-011	cost	0	2	2	1	1	1000	31	0	500	400	500	1000	0
COST-D7-011	cost	0	4	4	1	1	1000	62	0	500	800	500	1000	0
COST-D7-011	cost	0	8	5	1	1	1000	78	0	500	1000	500	1000	0
COST-D7-011	cost	0	16	5	1	1	1000	78	0	500	1000	500	1000	0
COST-D7-012	cost	0	1	1	1	1	500	15	0	0	200	1000	0	0
COST-D7-012	cost	0	2	2	1	1	1000	31	0	500	400	500	1000	0
COST-D7-012	cost	0	4	4	1	1	1000	62	0	500	800	500	1000	0
COST-D7-012	cost	0	8	5	1	1	1000	78	0	500	1000	500	1000	0
COST-D7-012	cost	0	16	5	1	1	1000	78	0	500	1000	500	1000	0
COST-D7-013	cost	0	1	1	1	1	500	15	0	0	200	1000	0	0
COST-D7-013	cost	0	2	2	1	1	1000	31	0	500	400	500	1000	0
COST-D7-013	cost	0	4	4	1	1	1000	62	0	500	800	500	1000	0
COST-D7-013	cost	0	8	5	1	1	1000	78	0	500	1000	500	1000	0
COST-D7-013	cost	0	16	5	1	1	1000	78	0	500	1000	500	1000	0
COST-D7-014	cost	0	1	1	1	1	500	15	0	0	200	1000	0	0
COST-D7-014	cost	0	2	2	1	1	1000	31	0	500	400	500	1000	0
COST-D7-014	cost	0	4	4	1	1	1000	62	0	500	800	500	1000	0
COST-D7-014	cost	0	8	5	1	1	1000	78	0	500	1000	500	1000	0
COST-D7-014	cost	0	16	5	1	1	1000	78	0	500	1000	500	1000	0
COST-D7-015	cost	0	1	1	1	1	500	15	0	0	200	1000	0	0
COST-D7-015	cost	0	2	2	1	1	1000	31	0	500	400	500	1000	0
COST-D7-015	cost	0	4	4	1	1	1000	62	0	500	800	500	1000	0
COST-D7-015	cost	0	8	5	1	1	1000	78	0	500	1000	500	1000	0
COST-D7-015	cost	0	16	5	1	1	1000	78	0	500	1000	500	1000	0
COST-D8-001	cost	0	1	1	1	1	500	15	0	0	250	1000	0	0
COST-D8-001	cost	0	2	2	1	1	1000	31	0	500	500	500	1000	0
COST-D8-001	cost	0	4	4	1	1	1000	62	0	500	1000	500	1000	0
COST-D8-001	cost	0	8	4	1	1	1000	62	0	500	1000	500	1000	0
COST-D8-001	cost	0	16	4	1	1	1000	62	0	500	1000	500	1000	0
COST-D8-002	cost	0	1	1	1	1	500	15	0	0	250	1000	0	0
COST-D8-002	cost	0	2	2	1	1	1000	31	0	500	500	500	1000	0
COST-D8-002	cost	0	4	4	1	1	1000	62	0	500	1000	500	1000	0
COST-D8-002	cost	0	8	4	1	1	1000	62	0	500	1000	500	1000	0
COST-D8-002	cost	0	16	4	1	1	1000	62	0	500	1000	500	1000	0
COST-D8-003	cost	0	1	1	1	1	500	15	0	0	250	1000	0	0
COST-D8-003	cost	0	2	2	1	1	1000	31	0	500	500	500	1000	0
COST-D8-003	cost	0	4	4	1	1	1000	62	0	500	1000	500	1000	0
COST-D8-003	cost	0	8	4	1	1	1000	62	0	500	1000	500	1000	0
COST-D8-003	cost	0	16	4	1	1	1000	62	0	500	1000	500	1000	0
COST-D8-004	cost	0	1	1	1	1	500	15	0	0	250	1000	0	0
COST-D8-004	cost	0	2	2	1	1	1000	31	0	500	500	500	1000	0
COST-D8-004	cost	0	4	4	1	1	1000	62	0	500	1000	500	1000	0
COST-D8-004	cost	0	8	4	1	1	1000	62	0	500	1000	500	1000	0
COST-D8-004	cost	0	16	4	1	1	1000	62	0	500	1000	500	1000	0
COST-D8-005	cost	0	1	1	1	1	500	15	0	0	250	1000	0	0
COST-D8-005	cost	0	2	2	1	1	1000	31	0	500	500	500	1000	0
COST-D8-005	cost	0	4	4	1	1	1000	62	0	500	1000	500	1000	0
COST-D8-005	cost	0	8	4	1	1	1000	62	0	500	1000	500	1000	0
COST-D8-005	cost	0	16	4	1	1	1000	62	0	500	1000	500	1000	0
COST-D8-006	cost	0	1	1	1	1	500	15	0	0	250	1000	0	0
COST-D8-006	cost	0	2	2	1	1	1000	31	0	500	500	500	1000	0
COST-D8-006	cost	0	4	4	1	1	1000	62	0	500	1000	500	1000	0
COST-D8-006	cost	0	8	4	1	1	1000	62	0	500	1000	500	1000	0
COST-D8-006	cost	0	16	4	1	1	1000	62	0	500	1000	500	1000	0
COST-D8-007	cost	0	1	1	1	1	500	15	0	0	250	1000	0	0
COST-D8-007	cost	0	2	2	1	1	1000	31	0	500	500	500	1000	0
COST-D8-007	cost	0	4	4	1	1	1000	62	0	500	1000	500	1000	0
COST-D8-007	cost	0	8	4	1	1	1000	62	0	500	1000	500	1000	0
COST-D8-007	cost	0	16	4	1	1	1000	62	0	500	1000	500	1000	0
COST-D8-008	cost	0	1	1	1	1	500	15	0	0	250	1000	0	0
COST-D8-008	cost	0	2	2	1	1	1000	31	0	500	500	500	1000	0
COST-D8-008	cost	0	4	4	1	1	1000	62	0	500	1000	500	1000	0
COST-D8-008	cost	0	8	4	1	1	1000	62	0	500	1000	500	1000	0
COST-D8-008	cost	0	16	4	1	1	1000	62	0	500	1000	500	1000	0
COST-D8-009	cost	0	1	1	1	1	500	15	0	0	250	1000	0	0
COST-D8-009	cost	0	2	2	1	1	1000	31	0	500	500	500	1000	0
COST-D8-009	cost	0	4	4	1	1	1000	62	0	500	1000	500	1000	0
COST-D8-009	cost	0	8	4	1	1	1000	62	0	500	1000	500	1000	0
COST-D8-009	cost	0	16	4	1	1	1000	62	0	500	1000	500	1000	0
COST-D8-010	cost	0	1	1	1	1	500	15	0	0	250	1000	0	0
COST-D8-010	cost	0	2	2	1	1	1000	31	0	500	500	500	1000	0
COST-D8-010	cost	0	4	4	1	1	1000	62	0	500	1000	500	1000	0
COST-D8-010	cost	0	8	4	1	1	1000	62	0	500	1000	500	1000	0
COST-D8-010	cost	0	16	4	1	1	1000	62	0	500	1000	500	1000	0
TRAP-A1-001	trap	0	1	1	1	0	100	15	0	0	200	1000	0	0
TRAP-A1-001	trap	0	2	2	1	0	200	31	0	100	400	1000	0	0
TRAP-A1-001	trap	0	4	4	0	A	1000	62	1000	200	800	500	1000	0
TRAP-A1-001	trap	0	8	5	0	A	1000	78	1000	500	1000	500	1000	0
TRAP-A1-001	trap	0	16	5	0	A	1000	78	1000	500	1000	500	1000	0
TRAP-A1-002	trap	0	1	1	1	0	100	15	0	0	200	1000	0	0
TRAP-A1-002	trap	0	2	2	1	0	200	31	0	100	400	1000	0	0
TRAP-A1-002	trap	0	4	4	0	A	1000	62	1000	200	800	500	1000	0
TRAP-A1-002	trap	0	8	5	0	A	1000	78	1000	500	1000	500	1000	0
TRAP-A1-002	trap	0	16	5	0	A	1000	78	1000	500	1000	500	1000	0
TRAP-A1-003	trap	0	1	1	1	0	100	15	0	0	200	1000	0	0
TRAP-A1-003	trap	0	2	2	1	0	200	31	0	100	400	1000	0	0
TRAP-A1-003	trap	0	4	4	0	A	1000	62	1000	200	800	500	1000	0
TRAP-A1-003	trap	0	8	5	0	A	1000	78	1000	500	1000	500	1000	0
TRAP-A1-003	trap	0	16	5	0	A	1000	78	1000	500	1000	500	1000	0
TRAP-A1-004	trap	0	1	1	1	0	100	15	0	0	200	1000	0	0
TRAP-A1-004	trap	0	2	2	1	0	200	31	0	100	400	1000	0	0
TRAP-A1-004	trap	0	4	4	0	A	1000	62	1000	200	800	500	1000	0
TRAP-A1-004	trap	0	8	5	0	A	1000	78	1000	500	1000	500	1000	0
TRAP-A1-004	trap	0	16	5	0	A	1000	78	1000	500	1000	500	1000	0
TRAP-A1-005	trap	0	1	1	1	0	100	15	0	0	200	1000	0	0
TRAP-A1-005	trap	0	2	2	1	0	200	31	0	100	400	1000	0	0
TRAP-A1-005	trap	0	4	4	0	A	1000	62	1000	200	800	500	1000	0
TRAP-A1-005	trap	0	8	5	0	A	1000	78	1000	500	1000	500	1000	0
TRAP-A1-005	trap	0	16	5	0	A	1000	78	1000	500	1000	500	1000	0
TRAP-A1-006	trap	0	1	1	1	0	100	15	0	0	200	1000	0	0
TRAP-A1-006	trap	0	2	2	1	0	200	31	0	100	400	1000	0	0
TRAP-A1-006	trap	0	4	4	0	A	1000	62	1000	200	800	500	1000	0
TRAP-A1-006	trap	0	8	5	0	A	1000	78	1000	500	1000	500	1000	0
TRAP-A1-006	trap	0	16	5	0	A	1000	78	1000	500	1000	500	1000	0
TRAP-A1-007	trap	0	1	1	1	0	100	15	0	0	200	1000	0	0
TRAP-A1-007	trap	0	2	2	1	0	200	31	0	100	400	1000	0	0
TRAP-A1-007	trap	0	4	4	0	A	1000	62	1000	200	800	500	1000	0
TRAP-A1-007	trap	0	8	5	0	A	1000	78	1000	500	1000	500	1000	0
TRAP-A1-007	trap	0	16	5	0	A	1000	78	1000	500	1000	500	1000	0
TRAP-A1-008	trap	0	1	1	1	0	100	15	0	0	200	1000	0	0
TRAP-A1-008	trap	0	2	2	1	0	200	31	0	100	400	1000	0	0
TRAP-A1-008	trap	0	4	4	0	A	1000	62	1000	200	800	500	1000	0
TRAP-A1-008	trap	0	8	5	0	A	1000	78	1000	500	1000	500	1000	0
TRAP-A1-008	trap	0	16	5	0	A	1000	78	1000	500	1000	500	1000	0
TRAP-A2-001	trap	0	1	1	1	0	100	15	0	0	200	1000	0	0
TRAP-A2-001	trap	0	2	2	1	0	200	31	0	100	400	1000	0	0
TRAP-A2-001	trap	0	4	4	0	A	1000	62	1000	200	800	500	1000	0
TRAP-A2-001	trap	0	8	5	0	A	1000	78	1000	500	1000	500	1000	0
TRAP-A2-001	trap	0	16	5	0	A	1000	78	1000	500	1000	500	1000	0
TRAP-A2-002	trap	0	1	1	1	0	100	15	0	0	200	1000	0	0
TRAP-A2-002	trap	0	2	2	1	0	200	31	0	100	400	1000	0	0
TRAP-A2-002	trap	0	4	4	0	A	1000	62	1000	200	800	500	1000	0
TRAP-A2-002	trap	0	8	5	0	A	1000	78	1000	500	1000	500	1000	0
TRAP-A2-002	trap	0	16	5	0	A	1000	78	1000	500	1000	500	1000	0
TRAP-A2-003	trap	0	1	1	1	0	100	15	0	0	200	1000	0	0
TRAP-A2-003	trap	0	2	2	1	0	200	31	0	100	400	1000	0	0
TRAP-A2-003	trap	0	4	4	0	A	1000	62	1000	200	800	500	1000	0
TRAP-A2-003	trap	0	8	5	0	A	1000	78	1000	500	1000	500	1000	0
TRAP-A2-003	trap	0	16	5	0	A	1000	78	1000	500	1000	500	1000	0
TRAP-A2-004	trap	0	1	1	1	0	100	15	0	0	200	1000	0	0
TRAP-A2-004	trap	0	2	2	1	0	200	31	0	100	400	1000	0	0
TRAP-A2-004	trap	0	4	4	0	A	1000	62	1000	200	800	500	1000	0
TRAP-A2-004	trap	0	8	5	0	A	1000	78	1000	500	1000	500	1000	0
TRAP-A2-004	trap	0	16	5	0	A	1000	78	1000	500	1000	500	1000	0
TRAP-A2-005	trap	0	1	1	1	0	100	15	0	0	200	1000	0	0
TRAP-A2-005	trap	0	2	2	1	0	200	31	0	100	400	1000	0	0
TRAP-A2-005	trap	0	4	4	0	A	1000	62	1000	200	800	500	1000	0
TRAP-A2-005	trap	0	8	5	0	A	1000	78	1000	500	1000	500	1000	0
TRAP-A2-005	trap	0	16	5	0	A	1000	78	1000	500	1000	500	1000	0
TRAP-A2-006	trap	0	1	1	1	0	100	15	0	0	200	1000	0	0
TRAP-A2-006	trap	0	2	2	1	0	200	31	0	100	400	1000	0	0
TRAP-A2-006	trap	0	4	4	0	A	1000	62	1000	200	800	500	1000	0
TRAP-A2-006	trap	0	8	5	0	A	1000	78	1000	500	1000	500	1000	0
TRAP-A2-006	trap	0	16	5	0	A	1000	78	1000	500	1000	500	1000	0
TRAP-A2-007	trap	0	1	1	1	0	100	15	0	0	200	1000	0	0
TRAP-A2-007	trap	0	2	2	1	0	200	31	0	100	400	1000	0	0
TRAP-A2-007	trap	0	4	4	0	A	1000	62	1000	200	800	500	1000	0
TRAP-A2-007	trap	0	8	5	0	A	1000	78	1000	500	1000	500	1000	0
TRAP-A2-007	trap	0	16	5	0	A	1000	78	1000	500	1000	500	1000	0
TRAP-A2-008	trap	0	1	1	1	0	100	15	0	0	200	1000	0	0
TRAP-A2-008	trap	0	2	2	1	0	200	31	0	100	400	1000	0	0
TRAP-A2-008	trap	0	4	4	0	A	1000	62	1000	200	800	500	1000	0
TRAP-A2-008	trap	0	8	5	0	A	1000	78	1000	500	1000	500	1000	0
TRAP-A2-008	trap	0	16	5	0	A	1000	78	1000	500	1000	500	1000	0
TRAP-A3-001	trap	0	1	1	1	0	100	15	0	0	500	1000	0	0
TRAP-A3-001	trap	0	2	2	0	A	500	31	1000	400	1000	500	1000	0
TRAP-A3-001	trap	0	4	2	0	A	500	31	1000	400	1000	500	1000	0
TRAP-A3-001	trap	0	8	2	0	A	500	31	1000	400	1000	500	1000	0
TRAP-A3-001	trap	0	16	2	0	A	500	31	1000	400	1000	500	1000	0
TRAP-A3-002	trap	0	1	1	1	0	100	15	0	0	500	1000	0	0
TRAP-A3-002	trap	0	2	2	0	A	500	31	1000	400	1000	500	1000	0
TRAP-A3-002	trap	0	4	2	0	A	500	31	1000	400	1000	500	1000	0
TRAP-A3-002	trap	0	8	2	0	A	500	31	1000	400	1000	500	1000	0
TRAP-A3-002	trap	0	16	2	0	A	500	31	1000	400	1000	500	1000	0
TRAP-A3-003	trap	0	1	1	1	0	100	15	0	0	500	1000	0	0
TRAP-A3-003	trap	0	2	2	0	A	500	31	1000	400	1000	500	1000	0
TRAP-A3-003	trap	0	4	2	0	A	500	31	1000	400	1000	500	1000	0
TRAP-A3-003	trap	0	8	2	0	A	500	31	1000	400	1000	500	1000	0
TRAP-A3-003	trap	0	16	2	0	A	500	31	1000	400	1000	500	1000	0
TRAP-A3-004	trap	0	1	1	1	0	100	15	0	0	500	1000	0	0
TRAP-A3-004	trap	0	2	2	0	A	500	31	1000	400	1000	500	1000	0
TRAP-A3-004	trap	0	4	2	0	A	500	31	1000	400	1000	500	1000	0
TRAP-A3-004	trap	0	8	2	0	A	500	31	1000	400	1000	500	1000	0
TRAP-A3-004	trap	0	16	2	0	A	500	31	1000	400	1000	500	1000	0
TRAP-A3-005	trap	0	1	1	1	0	100	15	0	0	500	1000	0	0
TRAP-A3-005	trap	0	2	2	0	A	500	31	1000	400	1000	500	1000	0
TRAP-A3-005	trap	0	4	2	0	A	500	31	1000	400	1000	500	1000	0
TRAP-A3-005	trap	0	8	2	0	A	500	31	1000	400	1000	500	1000	0
TRAP-A3-005	trap	0	16	2	0	A	500	31	1000	400	1000	500	1000	0
TRAP-A3-006	trap	0	1	1	1	0	100	15	0	0	500	1000	0	0
TRAP-A3-006	trap	0	2	2	0	A	500	31	1000	400	1000	500	1000	0
TRAP-A3-006	trap	0	4	2	0	A	500	31	1000	400	1000	500	1000	0
TRAP-A3-006	trap	0	8	2	0	A	500	31	1000	400	1000	500	1000	0
TRAP-A3-006	trap	0	16	2	0	A	500	31	1000	400	1000	500	1000	0
TRAP-A4-001	trap	0	1	1	1	0	100	15	0	0	250	1000	0	0
TRAP-A4-001	trap	0	2	2	1	0	200	31	0	100	500	1000	0	0
TRAP-A4-001	trap	0	4	4	0	A	1000	62	1000	200	1000	500	1000	0
TRAP-A4-001	trap	0	8	4	0	A	1000	62	1000	200	1000	500	1000	0
TRAP-A4-001	trap	0	16	4	0	A	1000	62	1000	200	1000	500	1000	0
TRAP-A4-002	trap	0	1	1	1	0	100	15	0	0	250	1000	0	0
TRAP-A4-002	trap	0	2	2	1	0	200	31	0	100	500	1000	0	0
TRAP-A4-002	trap	0	4	4	0	A	1000	62	1000	200	1000	500	1000	0
TRAP-A4-002	trap	0	8	4	0	A	1000	62	1000	200	1000	500	1000	0
TRAP-A4-002	trap	0	16	4	0	A	1000	62	1000	200	1000	500	1000	0
TRAP-A4-003	trap	0	1	1	1	0	100	15	0	0	250	1000	0	0
TRAP-A4-003	trap	0	2	2	1	0	200	31	0	100	500	1000	0	0
TRAP-A4-003	trap	0	4	4	0	A	1000	62	1000	200	1000	500	1000	0
TRAP-A4-003	trap	0	8	4	0	A	1000	62	1000	200	1000	500	1000	0
TRAP-A4-003	trap	0	16	4	0	A	1000	62	1000	200	1000	500	1000	0
TRAP-A4-004	trap	0	1	1	1	0	100	15	0	0	250	1000	0	0
TRAP-A4-004	trap	0	2	2	1	0	200	31	0	100	500	1000	0	0
TRAP-A4-004	trap	0	4	4	0	A	1000	62	1000	200	1000	500	1000	0
TRAP-A4-004	trap	0	8	4	0	A	1000	62	1000	200	1000	500	1000	0
TRAP-A4-004	trap	0	16	4	0	A	1000	62	1000	200	1000	500	1000	0
TRAP-A4-005	trap	0	1	1	1	0	100	15	0	0	250	1000	0	0
TRAP-A4-005	trap	0	2	2	1	0	200	31	0	100	500	1000	0	0
TRAP-A4-005	trap	0	4	4	0	A	1000	62	1000	200	1000	500	1000	0
TRAP-A4-005	trap	0	8	4	0	A	1000	62	1000	200	1000	500	1000	0
TRAP-A4-005	trap	0	16	4	0	A	1000	62	1000	200	1000	500	1000	0
TRAP-A4-006	trap	0	1	1	1	0	100	15	0	0	250	1000	0	0
TRAP-A4-006	trap	0	2	2	1	0	200	31	0	100	500	1000	0	0
TRAP-A4-006	trap	0	4	4	0	A	1000	62	1000	200	1000	500	1000	0
TRAP-A4-006	trap	0	8	4	0	A	1000	62	1000	200	1000	500	1000	0
TRAP-A4-006	trap	0	16	4	0	A	1000	62	1000	200	1000	500	1000	0
TRAP-A5-001	trap	0	1	1	1	0	100	15	0	0	250	1000	0	0
TRAP-A5-001	trap	0	2	2	1	0	200	31	0	100	500	1000	0	0
TRAP-A5-001	trap	0	4	4	0	A	1000	62	1000	200	1000	500	1000	0
TRAP-A5-001	trap	0	8	4	0	A	1000	62	1000	200	1000	500	1000	0
TRAP-A5-001	trap	0	16	4	0	A	1000	62	1000	200	1000	500	1000	0
TRAP-A5-002	trap	0	1	1	1	0	100	15	0	0	250	1000	0	0
TRAP-A5-002	trap	0	2	2	1	0	200	31	0	100	500	1000	0	0
TRAP-A5-002	trap	0	4	4	0	A	1000	62	1000	200	1000	500	1000	0
TRAP-A5-002	trap	0	8	4	0	A	1000	62	1000	200	1000	500	1000	0
TRAP-A5-002	trap	0	16	4	0	A	1000	62	1000	200	1000	500	1000	0
TRAP-A5-003	trap	0	1	1	1	0	100	15	0	0	250	1000	0	0
TRAP-A5-003	trap	0	2	2	1	0	200	31	0	100	500	1000	0	0
TRAP-A5-003	trap	0	4	4	0	A	1000	62	1000	200	1000	500	1000	0
TRAP-A5-003	trap	0	8	4	0	A	1000	62	1000	200	1000	500	1000	0
TRAP-A5-003	trap	0	16	4	0	A	1000	62	1000	200	1000	500	1000	0
TRAP-A5-004	trap	0	1	1	1	0	100	15	0	0	250	1000	0	0
TRAP-A5-004	trap	0	2	2	1	0	200	31	0	100	500	1000	0	0
TRAP-A5-004	trap	0	4	4	0	A	1000	62	1000	200	1000	500	1000	0
TRAP-A5-004	trap	0	8	4	0	A	1000	62	1000	200	1000	500	1000	0
TRAP-A5-004	trap	0	16	4	0	A	1000	62	1000	200	1000	500	1000	0
TRAP-A5-005	trap	0	1	1	1	0	100	15	0	0	250	1000	0	0
TRAP-A5-005	trap	0	2	2	1	0	200	31	0	100	500	1000	0	0
TRAP-A5-005	trap	0	4	4	0	A	1000	62	1000	200	1000	500	1000	0
TRAP-A5-005	trap	0	8	4	0	A	1000	62	1000	200	1000	500	1000	0
TRAP-A5-005	trap	0	16	4	0	A	1000	62	1000	200	1000	500	1000	0
TRAP-A5-006	trap	0	1	1	1	0	100	15	0	0	250	1000	0	0
TRAP-A5-006	trap	0	2	2	1	0	200	31	0	100	500	1000	0	0
TRAP-A5-006	trap	0	4	4	0	A	1000	62	1000	200	1000	500	1000	0
TRAP-A5-006	trap	0	8	4	0	A	1000	62	1000	200	1000	500	1000	0
TRAP-A5-006	trap	0	16	4	0	A	1000	62	1000	200	1000	500	1000	0
TRAP-A6-001	trap	0	1	1	1	0	100	15	0	0	333	1000	0	0
TRAP-A6-001	trap	0	2	2	0	A	500	31	1000	400	666	500	1000	0
TRAP-A6-001	trap	0	4	3	0	A	1000	46	1000	500	1000	500	1000	0
TRAP-A6-001	trap	0	8	3	0	A	1000	46	1000	500	1000	500	1000	0
TRAP-A6-001	trap	0	16	3	0	A	1000	46	1000	500	1000	500	1000	0
TRAP-A6-002	trap	0	1	1	1	0	100	15	0	0	333	1000	0	0
TRAP-A6-002	trap	0	2	2	0	A	500	31	1000	400	666	500	1000	0
TRAP-A6-002	trap	0	4	3	0	A	1000	46	1000	500	1000	500	1000	0
TRAP-A6-002	trap	0	8	3	0	A	1000	46	1000	500	1000	500	1000	0
TRAP-A6-002	trap	0	16	3	0	A	1000	46	1000	500	1000	500	1000	0
TRAP-A6-003	trap	0	1	1	1	0	100	15	0	0	333	1000	0	0
TRAP-A6-003	trap	0	2	2	0	A	500	31	1000	400	666	500	1000	0
TRAP-A6-003	trap	0	4	3	0	A	1000	46	1000	500	1000	500	1000	0
TRAP-A6-003	trap	0	8	3	0	A	1000	46	1000	500	1000	500	1000	0
TRAP-A6-003	trap	0	16	3	0	A	1000	46	1000	500	1000	500	1000	0
TRAP-A6-004	trap	0	1	1	1	0	100	15	0	0	333	1000	0	0
TRAP-A6-004	trap	0	2	2	0	A	500	31	1000	400	666	500	1000	0
TRAP-A6-004	trap	0	4	3	0	A	1000	46	1000	500	1000	500	1000	0
TRAP-A6-004	trap	0	8	3	0	A	1000	46	1000	500	1000	500	1000	0
TRAP-A6-004	trap	0	16	3	0	A	1000	46	1000	500	1000	500	1000	0
TRAP-A6-005	trap	0	1	1	1	0	100	15	0	0	333	1000	0	0
TRAP-A6-005	trap	0	2	2	0	A	500	31	1000	400	666	500	1000	0
TRAP-A6-005	trap	0	4	3	0	A	1000	46	1000	500	1000	500	1000	0
TRAP-A6-005	trap	0	8	3	0	A	1000	46	1000	500	1000	500	1000	0
TRAP-A6-005	trap	0	16	3	0	A	1000	46	1000	500	1000	500	1000	0
TRAP-A6-006	trap	0	1	1	1	0	100	15	0	0	333	1000	0	0
TRAP-A6-006	trap	0	2	2	0	A	500	31	1000	400	666	500	1000	0
TRAP-A6-006	trap	0	4	3	0	A	1000	46	1000	500	1000	500	1000	0
TRAP-A6-006	trap	0	8	3	0	A	1000	46	1000	500	1000	500	1000	0
TRAP-A6-006	trap	0	16	3	0	A	1000	46	1000	500	1000	500	1000	0
TRAP-B1-001	trap	0	1	1	1	0	100	15	0	0	250	1000	0	0
TRAP-B1-001	trap	0	2	2	1	0	200	31	0	100	500	1000	0	0
TRAP-B1-001	trap	0	4	4	0	A	1000	62	1000	200	1000	500	1000	0
TRAP-B1-001	trap	0	8	4	0	A	1000	62	1000	200	1000	500	1000	0
TRAP-B1-001	trap	0	16	4	0	A	1000	62	1000	200	1000	500	1000	0
TRAP-B1-002	trap	0	1	1	1	0	100	15	0	0	250	1000	0	0
TRAP-B1-002	trap	0	2	2	1	0	200	31	0	100	500	1000	0	0
TRAP-B1-002	trap	0	4	4	0	A	1000	62	1000	200	1000	500	1000	0
TRAP-B1-002	trap	0	8	4	0	A	1000	62	1000	200	1000	500	1000	0
TRAP-B1-002	trap	0	16	4	0	A	1000	62	1000	200	1000	500	1000	0
TRAP-B1-003	trap	0	1	1	1	0	100	15	0	0	250	1000	0	0
TRAP-B1-003	trap	0	2	2	1	0	200	31	0	100	500	1000	0	0
TRAP-B1-003	trap	0	4	4	0	A	1000	62	1000	200	1000	500	1000	0
TRAP-B1-003	trap	0	8	4	0	A	1000	62	1000	200	1000	500	1000	0
TRAP-B1-003	trap	0	16	4	0	A	1000	62	1000	200	1000	500	1000	0
TRAP-B1-004	trap	0	1	1	1	0	100	15	0	0	250	1000	0	0
TRAP-B1-004	trap	0	2	2	1	0	200	31	0	100	500	1000	0	0
TRAP-B1-004	trap	0	4	4	0	A	1000	62	1000	200	1000	500	1000	0
TRAP-B1-004	trap	0	8	4	0	A	1000	62	1000	200	1000	500	1000	0
TRAP-B1-004	trap	0	16	4	0	A	1000	62	1000	200	1000	500	1000	0
TRAP-B1-005	trap	0	1	1	1	0	100	15	0	0	250	1000	0	0
TRAP-B1-005	trap	0	2	2	1	0	200	31	0	100	500	1000	0	0
TRAP-B1-005	trap	0	4	4	0	A	1000	62	1000	200	1000	500	1000	0
TRAP-B1-005	trap	0	8	4	0	A	1000	62	1000	200	1000	500	1000	0
TRAP-B1-005	trap	0	16	4	0	A	1000	62	1000	200	1000	500	1000	0
TRAP-B1-006	trap	0	1	1	1	0	100	15	0	0	250	1000	0	0
TRAP-B1-006	trap	0	2	2	1	0	200	31	0	100	500	1000	0	0
TRAP-B1-006	trap	0	4	4	0	A	1000	62	1000	200	1000	500	1000	0
TRAP-B1-006	trap	0	8	4	0	A	1000	62	1000	200	1000	500	1000	0
TRAP-B1-006	trap	0	16	4	0	A	1000	62	1000	200	1000	500	1000	0
TRAP-B1-007	trap	0	1	1	1	0	100	15	0	0	250	1000	0	0
TRAP-B1-007	trap	0	2	2	1	0	200	31	0	100	500	1000	0	0
TRAP-B1-007	trap	0	4	4	0	A	1000	62	1000	200	1000	500	1000	0
TRAP-B1-007	trap	0	8	4	0	A	1000	62	1000	200	1000	500	1000	0
TRAP-B1-007	trap	0	16	4	0	A	1000	62	1000	200	1000	500	1000	0
TRAP-B1-008	trap	0	1	1	1	0	100	15	0	0	250	1000	0	0
TRAP-B1-008	trap	0	2	2	1	0	200	31	0	100	500	1000	0	0
TRAP-B1-008	trap	0	4	4	0	A	1000	62	1000	200	1000	500	1000	0
TRAP-B1-008	trap	0	8	4	0	A	1000	62	1000	200	1000	500	1000	0
TRAP-B1-008	trap	0	16	4	0	A	1000	62	1000	200	1000	500	1000	0
TRAP-B2-001	trap	0	1	1	1	0	100	15	0	0	250	1000	0	0
TRAP-B2-001	trap	0	2	2	1	0	200	31	0	100	500	1000	0	0
TRAP-B2-001	trap	0	4	4	0	A	1000	62	1000	200	1000	500	1000	0
TRAP-B2-001	trap	0	8	4	0	A	1000	62	1000	200	1000	500	1000	0
TRAP-B2-001	trap	0	16	4	0	A	1000	62	1000	200	1000	500	1000	0
TRAP-B2-002	trap	0	1	1	1	0	100	15	0	0	250	1000	0	0
TRAP-B2-002	trap	0	2	2	1	0	200	31	0	100	500	1000	0	0
TRAP-B2-002	trap	0	4	4	0	A	1000	62	1000	200	1000	500	1000	0
TRAP-B2-002	trap	0	8	4	0	A	1000	62	1000	200	1000	500	1000	0
TRAP-B2-002	trap	0	16	4	0	A	1000	62	1000	200	1000	500	1000	0
TRAP-B2-003	trap	0	1	1	1	0	100	15	0	0	250	1000	0	0
TRAP-B2-003	trap	0	2	2	1	0	200	31	0	100	500	1000	0	0
TRAP-B2-003	trap	0	4	4	0	A	1000	62	1000	200	1000	500	1000	0
TRAP-B2-003	trap	0	8	4	0	A	1000	62	1000	200	1000	500	1000	0
TRAP-B2-003	trap	0	16	4	0	A	1000	62	1000	200	1000	500	1000	0
TRAP-B2-004	trap	0	1	1	1	0	100	15	0	0	250	1000	0	0
TRAP-B2-004	trap	0	2	2	1	0	200	31	0	100	500	1000	0	0
TRAP-B2-004	trap	0	4	4	0	A	1000	62	1000	200	1000	500	1000	0
TRAP-B2-004	trap	0	8	4	0	A	1000	62	1000	200	1000	500	1000	0
TRAP-B2-004	trap	0	16	4	0	A	1000	62	1000	200	1000	500	1000	0
TRAP-B2-005	trap	0	1	1	1	0	100	15	0	0	250	1000	0	0
TRAP-B2-005	trap	0	2	2	1	0	200	31	0	100	500	1000	0	0
TRAP-B2-005	trap	0	4	4	0	A	1000	62	1000	200	1000	500	1000	0
TRAP-B2-005	trap	0	8	4	0	A	1000	62	1000	200	1000	500	1000	0
TRAP-B2-005	trap	0	16	4	0	A	1000	62	1000	200	1000	500	1000	0
TRAP-B2-006	trap	0	1	1	1	0	100	15	0	0	250	1000	0	0
TRAP-B2-006	trap	0	2	2	1	0	200	31	0	100	500	1000	0	0
TRAP-B2-006	trap	0	4	4	0	A	1000	62	1000	200	1000	500	1000	0
TRAP-B2-006	trap	0	8	4	0	A	1000	62	1000	200	1000	500	1000	0
TRAP-B2-006	trap	0	16	4	0	A	1000	62	1000	200	1000	500	1000	0
TRAP-B2-007	trap	0	1	1	1	0	100	15	0	0	250	1000	0	0
TRAP-B2-007	trap	0	2	2	1	0	200	31	0	100	500	1000	0	0
TRAP-B2-007	trap	0	4	4	0	A	1000	62	1000	200	1000	500	1000	0
TRAP-B2-007	trap	0	8	4	0	A	1000	62	1000	200	1000	500	1000	0
TRAP-B2-007	trap	0	16	4	0	A	1000	62	1000	200	1000	500	1000	0
TRAP-B2-008	trap	0	1	1	1	0	100	15	0	0	250	1000	0	0
TRAP-B2-008	trap	0	2	2	1	0	200	31	0	100	500	1000	0	0
TRAP-B2-008	trap	0	4	4	0	A	1000	62	1000	200	1000	500	1000	0
TRAP-B2-008	trap	0	8	4	0	A	1000	62	1000	200	1000	500	1000	0
TRAP-B2-008	trap	0	16	4	0	A	1000	62	1000	200	1000	500	1000	0
TRAP-B3-001	trap	0	1	1	1	0	100	15	0	0	333	1000	0	0
TRAP-B3-001	trap	0	2	2	1	0	200	31	0	100	666	1000	0	0
TRAP-B3-001	trap	0	4	4	0	A	800	62	1000	0	1000	1000	0	0
TRAP-B3-001	trap	0	8	4	0	A	800	62	1000	0	1000	1000	0	0
TRAP-B3-001	trap	0	16	4	0	A	800	62	1000	0	1000	1000	0	0
TRAP-B3-002	trap	0	1	1	1	0	100	15	0	0	333	1000	0	0
TRAP-B3-002	trap	0	2	2	1	0	200	31	0	100	666	1000	0	0
TRAP-B3-002	trap	0	4	4	0	A	800	62	1000	0	1000	1000	0	0
TRAP-B3-002	trap	0	8	4	0	A	800	62	1000	0	1000	1000	0	0
TRAP-B3-002	trap	0	16	4	0	A	800	62	1000	0	1000	1000	0	0
TRAP-B3-003	trap	0	1	1	1	0	100	15	0	0	333	1000	0	0
TRAP-B3-003	trap	0	2	2	1	0	200	31	0	100	666	1000	0	0
TRAP-B3-003	trap	0	4	4	0	A	800	62	1000	0	1000	1000	0	0
TRAP-B3-003	trap	0	8	4	0	A	800	62	1000	0	1000	1000	0	0
TRAP-B3-003	trap	0	16	4	0	A	800	62	1000	0	1000	1000	0	0
TRAP-B3-004	trap	0	1	1	1	0	100	15	0	0	333	1000	0	0
TRAP-B3-004	trap	0	2	2	1	0	200	31	0	100	666	1000	0	0
TRAP-B3-004	trap	0	4	4	0	A	800	62	1000	0	1000	1000	0	0
TRAP-B3-004	trap	0	8	4	0	A	800	62	1000	0	1000	1000	0	0
TRAP-B3-004	trap	0	16	4	0	A	800	62	1000	0	1000	1000	0	0
TRAP-B3-005	trap	0	1	1	1	0	100	15	0	0	333	1000	0	0
TRAP-B3-005	trap	0	2	2	1	0	200	31	0	100	666	1000	0	0
TRAP-B3-005	trap	0	4	4	0	A	800	62	1000	0	1000	1000	0	0
TRAP-B3-005	trap	0	8	4	0	A	800	62	1000	0	1000	1000	0	0
TRAP-B3-005	trap	0	16	4	0	A	800	62	1000	0	1000	1000	0	0
TRAP-B3-006	trap	0	1	1	1	0	100	15	0	0	333	1000	0	0
TRAP-B3-006	trap	0	2	2	1	0	200	31	0	100	666	1000	0	0
TRAP-B3-006	trap	0	4	4	0	A	800	62	1000	0	1000	1000	0	0
TRAP-B3-006	trap	0	8	4	0	A	800	62	1000	0	1000	1000	0	0
TRAP-B3-006	trap	0	16	4	0	A	800	62	1000	0	1000	1000	0	0
TRAP-B4-001	trap	0	1	1	1	0	100	15	0	0	333	1000	0	0
TRAP-B4-001	trap	0	2	2	0	A	500	31	1000	400	666	500	1000	0
TRAP-B4-001	trap	0	4	3	0	A	1000	46	1000	500	1000	500	1000	0
TRAP-B4-001	trap	0	8	3	0	A	1000	46	1000	500	1000	500	1000	0
TRAP-B4-001	trap	0	16	3	0	A	1000	46	1000	500	1000	500	1000	0
TRAP-B4-002	trap	0	1	1	1	0	100	15	0	0	333	1000	0	0
TRAP-B4-002	trap	0	2	2	0	A	500	31	1000	400	666	500	1000	0
TRAP-B4-002	trap	0	4	3	0	A	1000	46	1000	500	1000	500	1000	0
TRAP-B4-002	trap	0	8	3	0	A	1000	46	1000	500	1000	500	1000	0
TRAP-B4-002	trap	0	16	3	0	A	1000	46	1000	500	1000	500	1000	0
TRAP-B4-003	trap	0	1	1	1	0	100	15	0	0	333	1000	0	0
TRAP-B4-003	trap	0	2	2	0	A	500	31	1000	400	666	500	1000	0
TRAP-B4-003	trap	0	4	3	0	A	1000	46	1000	500	1000	500	1000	0
TRAP-B4-003	trap	0	8	3	0	A	1000	46	1000	500	1000	500	1000	0
TRAP-B4-003	trap	0	16	3	0	A	1000	46	1000	500	1000	500	1000	0
TRAP-B4-004	trap	0	1	1	1	0	100	15	0	0	333	1000	0	0
TRAP-B4-004	trap	0	2	2	0	A	500	31	1000	400	666	500	1000	0
TRAP-B4-004	trap	0	4	3	0	A	1000	46	1000	500	1000	500	1000	0
TRAP-B4-004	trap	0	8	3	0	A	1000	46	1000	500	1000	500	1000	0
TRAP-B4-004	trap	0	16	3	0	A	1000	46	1000	500	1000	500	1000	0
TRAP-B4-005	trap	0	1	1	1	0	100	15	0	0	333	1000	0	0
TRAP-B4-005	trap	0	2	2	0	A	500	31	1000	400	666	500	1000	0
TRAP-B4-005	trap	0	4	3	0	A	1000	46	1000	500	1000	500	1000	0
TRAP-B4-005	trap	0	8	3	0	A	1000	46	1000	500	1000	500	1000	0
TRAP-B4-005	trap	0	16	3	0	A	1000	46	1000	500	1000	500	1000	0
TRAP-B4-006	trap	0	1	1	1	0	100	15	0	0	333	1000	0	0
TRAP-B4-006	trap	0	2	2	0	A	500	31	1000	400	666	500	1000	0
TRAP-B4-006	trap	0	4	3	0	A	1000	46	1000	500	1000	500	1000	0
TRAP-B4-006	trap	0	8	3	0	A	1000	46	1000	500	1000	500	1000	0
TRAP-B4-006	trap	0	16	3	0	A	1000	46	1000	500	1000	500	1000	0
TRAP-B5-001	trap	0	1	1	1	0	100	15	0	0	500	1000	0	0
TRAP-B5-001	trap	0	2	2	0	A	500	31	1000	400	1000	500	1000	0
TRAP-B5-001	trap	0	4	2	0	A	500	31	1000	400	1000	500	1000	0
TRAP-B5-001	trap	0	8	2	0	A	500	31	1000	400	1000	500	1000	0
TRAP-B5-001	trap	0	16	2	0	A	500	31	1000	400	1000	500	1000	0
TRAP-B5-002	trap	0	1	1	1	0	100	15	0	0	500	1000	0	0
TRAP-B5-002	trap	0	2	2	0	A	500	31	1000	400	1000	500	1000	0
TRAP-B5-002	trap	0	4	2	0	A	500	31	1000	400	1000	500	1000	0
TRAP-B5-002	trap	0	8	2	0	A	500	31	1000	400	1000	500	1000	0
TRAP-B5-002	trap	0	16	2	0	A	500	31	1000	400	1000	500	1000	0
TRAP-B5-003	trap	0	1	1	1	0	100	15	0	0	500	1000	0	0
TRAP-B5-003	trap	0	2	2	0	A	500	31	1000	400	1000	500	1000	0
TRAP-B5-003	trap	0	4	2	0	A	500	31	1000	400	1000	500	1000	0
TRAP-B5-003	trap	0	8	2	0	A	500	31	1000	400	1000	500	1000	0
TRAP-B5-003	trap	0	16	2	0	A	500	31	1000	400	1000	500	1000	0
TRAP-B5-004	trap	0	1	1	1	0	100	15	0	0	500	1000	0	0
TRAP-B5-004	trap	0	2	2	0	A	500	31	1000	400	1000	500	1000	0
TRAP-B5-004	trap	0	4	2	0	A	500	31	1000	400	1000	500	1000	0
TRAP-B5-004	trap	0	8	2	0	A	500	31	1000	400	1000	500	1000	0
TRAP-B5-004	trap	0	16	2	0	A	500	31	1000	400	1000	500	1000	0
TRAP-B5-005	trap	0	1	1	1	0	100	15	0	0	500	1000	0	0
TRAP-B5-005	trap	0	2	2	0	A	500	31	1000	400	1000	500	1000	0
TRAP-B5-005	trap	0	4	2	0	A	500	31	1000	400	1000	500	1000	0
TRAP-B5-005	trap	0	8	2	0	A	500	31	1000	400	1000	500	1000	0
TRAP-B5-005	trap	0	16	2	0	A	500	31	1000	400	1000	500	1000	0
TRAP-B5-006	trap	0	1	1	1	0	100	15	0	0	500	1000	0	0
TRAP-B5-006	trap	0	2	2	0	A	500	31	1000	400	1000	500	1000	0
TRAP-B5-006	trap	0	4	2	0	A	500	31	1000	400	1000	500	1000	0
TRAP-B5-006	trap	0	8	2	0	A	500	31	1000	400	1000	500	1000	0
TRAP-B5-006	trap	0	16	2	0	A	500	31	1000	400	1000	500	1000	0
TRAP-B6-001	trap	0	1	1	1	0	100	15	0	0	333	1000	0	0
TRAP-B6-001	trap	0	2	2	0	A	500	31	1000	400	666	500	1000	0
TRAP-B6-001	trap	0	4	3	0	A	1000	46	1000	500	1000	500	1000	0
TRAP-B6-001	trap	0	8	3	0	A	1000	46	1000	500	1000	500	1000	0
TRAP-B6-001	trap	0	16	3	0	A	1000	46	1000	500	1000	500	1000	0
TRAP-B6-002	trap	0	1	1	1	0	100	15	0	0	333	1000	0	0
TRAP-B6-002	trap	0	2	2	0	A	500	31	1000	400	666	500	1000	0
TRAP-B6-002	trap	0	4	3	0	A	1000	46	1000	500	1000	500	1000	0
TRAP-B6-002	trap	0	8	3	0	A	1000	46	1000	500	1000	500	1000	0
TRAP-B6-002	trap	0	16	3	0	A	1000	46	1000	500	1000	500	1000	0
TRAP-B6-003	trap	0	1	1	1	0	100	15	0	0	333	1000	0	0
TRAP-B6-003	trap	0	2	2	0	A	500	31	1000	400	666	500	1000	0
TRAP-B6-003	trap	0	4	3	0	A	1000	46	1000	500	1000	500	1000	0
TRAP-B6-003	trap	0	8	3	0	A	1000	46	1000	500	1000	500	1000	0
TRAP-B6-003	trap	0	16	3	0	A	1000	46	1000	500	1000	500	1000	0
TRAP-B6-004	trap	0	1	1	1	0	100	15	0	0	333	1000	0	0
TRAP-B6-004	trap	0	2	2	0	A	500	31	1000	400	666	500	1000	0
TRAP-B6-004	trap	0	4	3	0	A	1000	46	1000	500	1000	500	1000	0
TRAP-B6-004	trap	0	8	3	0	A	1000	46	1000	500	1000	500	1000	0
TRAP-B6-004	trap	0	16	3	0	A	1000	46	1000	500	1000	500	1000	0
TRAP-B6-005	trap	0	1	1	1	0	100	15	0	0	333	1000	0	0
TRAP-B6-005	trap	0	2	2	0	A	500	31	1000	400	666	500	1000	0
TRAP-B6-005	trap	0	4	3	0	A	1000	46	1000	500	1000	500	1000	0
TRAP-B6-005	trap	0	8	3	0	A	1000	46	1000	500	1000	500	1000	0
TRAP-B6-005	trap	0	16	3	0	A	1000	46	1000	500	1000	500	1000	0
TRAP-B6-006	trap	0	1	1	1	0	100	15	0	0	333	1000	0	0
TRAP-B6-006	trap	0	2	2	0	A	500	31	1000	400	666	500	1000	0
TRAP-B6-006	trap	0	4	3	0	A	1000	46	1000	500	1000	500	1000	0
TRAP-B6-006	trap	0	8	3	0	A	1000	46	1000	500	1000	500	1000	0
TRAP-B6-006	trap	0	16	3	0	A	1000	46	1000	500	1000	500	1000	0
TRAP-C1-001	trap	0	1	1	1	0	100	15	0	0	333	1000	0	0
TRAP-C1-001	trap	0	2	2	1	0	200	31	0	100	666	1000	0	0
TRAP-C1-001	trap	0	4	4	0	A	800	62	1000	0	1000	1000	0	0
TRAP-C1-001	trap	0	8	4	0	A	800	62	1000	0	1000	1000	0	0
TRAP-C1-001	trap	0	16	4	0	A	800	62	1000	0	1000	1000	0	0
TRAP-C1-002	trap	0	1	1	1	0	100	15	0	0	333	1000	0	0
TRAP-C1-002	trap	0	2	2	1	0	200	31	0	100	666	1000	0	0
TRAP-C1-002	trap	0	4	4	0	A	800	62	1000	0	1000	1000	0	0
TRAP-C1-002	trap	0	8	4	0	A	800	62	1000	0	1000	1000	0	0
TRAP-C1-002	trap	0	16	4	0	A	800	62	1000	0	1000	1000	0	0
TRAP-C1-003	trap	0	1	1	1	0	100	15	0	0	333	1000	0	0
TRAP-C1-003	trap	0	2	2	1	0	200	31	0	100	666	1000	0	0
TRAP-C1-003	trap	0	4	4	0	A	800	62	1000	0	1000	1000	0	0
TRAP-C1-003	trap	0	8	4	0	A	800	62	1000	0	1000	1000	0	0
TRAP-C1-003	trap	0	16	4	0	A	800	62	1000	0	1000	1000	0	0
TRAP-C1-004	trap	0	1	1	1	0	100	15	0	0	333	1000	0	0
TRAP-C1-004	trap	0	2	2	1	0	200	31	0	100	666	1000	0	0
TRAP-C1-004	trap	0	4	4	0	A	800	62	1000	0	1000	1000	0	0
TRAP-C1-004	trap	0	8	4	0	A	800	62	1000	0	1000	1000	0	0
TRAP-C1-004	trap	0	16	4	0	A	800	62	1000	0	1000	1000	0	0
TRAP-C1-005	trap	0	1	1	1	0	100	15	0	0	333	1000	0	0
TRAP-C1-005	trap	0	2	2	1	0	200	31	0	100	666	1000	0	0
TRAP-C1-005	trap	0	4	4	0	A	800	62	1000	0	1000	1000	0	0
TRAP-C1-005	trap	0	8	4	0	A	800	62	1000	0	1000	1000	0	0
TRAP-C1-005	trap	0	16	4	0	A	800	62	1000	0	1000	1000	0	0
TRAP-C1-006	trap	0	1	1	1	0	100	15	0	0	333	1000	0	0
TRAP-C1-006	trap	0	2	2	1	0	200	31	0	100	666	1000	0	0
TRAP-C1-006	trap	0	4	4	0	A	800	62	1000	0	1000	1000	0	0
TRAP-C1-006	trap	0	8	4	0	A	800	62	1000	0	1000	1000	0	0
TRAP-C1-006	trap	0	16	4	0	A	800	62	1000	0	1000	1000	0	0
TRAP-C2-001	trap	0	1	1	1	0	100	15	0	0	333	1000	0	0
TRAP-C2-001	trap	0	2	2	1	0	200	31	0	100	666	1000	0	0
TRAP-C2-001	trap	0	4	4	0	A	800	62	1000	0	1000	1000	0	0
TRAP-C2-001	trap	0	8	4	0	A	800	62	1000	0	1000	1000	0	0
TRAP-C2-001	trap	0	16	4	0	A	800	62	1000	0	1000	1000	0	0
TRAP-C2-002	trap	0	1	1	1	0	100	15	0	0	333	1000	0	0
TRAP-C2-002	trap	0	2	2	1	0	200	31	0	100	666	1000	0	0
TRAP-C2-002	trap	0	4	4	0	A	800	62	1000	0	1000	1000	0	0
TRAP-C2-002	trap	0	8	4	0	A	800	62	1000	0	1000	1000	0	0
TRAP-C2-002	trap	0	16	4	0	A	800	62	1000	0	1000	1000	0	0
TRAP-C2-003	trap	0	1	1	1	0	100	15	0	0	333	1000	0	0
TRAP-C2-003	trap	0	2	2	1	0	200	31	0	100	666	1000	0	0
TRAP-C2-003	trap	0	4	4	0	A	800	62	1000	0	1000	1000	0	0
TRAP-C2-003	trap	0	8	4	0	A	800	62	1000	0	1000	1000	0	0
TRAP-C2-003	trap	0	16	4	0	A	800	62	1000	0	1000	1000	0	0
TRAP-C2-004	trap	0	1	1	1	0	100	15	0	0	333	1000	0	0
TRAP-C2-004	trap	0	2	2	1	0	200	31	0	100	666	1000	0	0
TRAP-C2-004	trap	0	4	4	0	A	800	62	1000	0	1000	1000	0	0
TRAP-C2-004	trap	0	8	4	0	A	800	62	1000	0	1000	1000	0	0
TRAP-C2-004	trap	0	16	4	0	A	800	62	1000	0	1000	1000	0	0
TRAP-C2-005	trap	0	1	1	1	0	100	15	0	0	333	1000	0	0
TRAP-C2-005	trap	0	2	2	1	0	200	31	0	100	666	1000	0	0
TRAP-C2-005	trap	0	4	4	0	A	800	62	1000	0	1000	1000	0	0
TRAP-C2-005	trap	0	8	4	0	A	800	62	1000	0	1000	1000	0	0
TRAP-C2-005	trap	0	16	4	0	A	800	62	1000	0	1000	1000	0	0
TRAP-C2-006	trap	0	1	1	1	0	100	15	0	0	333	1000	0	0
TRAP-C2-006	trap	0	2	2	1	0	200	31	0	100	666	1000	0	0
TRAP-C2-006	trap	0	4	4	0	A	800	62	1000	0	1000	1000	0	0
TRAP-C2-006	trap	0	8	4	0	A	800	62	1000	0	1000	1000	0	0
TRAP-C2-006	trap	0	16	4	0	A	800	62	1000	0	1000	1000	0	0
TRAP-CV-001	trap	0	1	1	1	0	100	15	0	0	333	1000	0	0
TRAP-CV-001	trap	0	2	2	1	0	200	31	0	100	666	1000	0	0
TRAP-CV-001	trap	0	4	4	0	A	800	62	1000	0	1000	1000	0	0
TRAP-CV-001	trap	0	8	4	0	A	800	62	1000	0	1000	1000	0	0
TRAP-CV-001	trap	0	16	4	0	A	800	62	1000	0	1000	1000	0	0
TRAP-CV-002	trap	0	1	1	1	0	100	15	0	0	333	1000	0	0
TRAP-CV-002	trap	0	2	2	1	0	200	31	0	100	666	1000	0	0
TRAP-CV-002	trap	0	4	4	0	A	800	62	1000	0	1000	1000	0	0
TRAP-CV-002	trap	0	8	4	0	A	800	62	1000	0	1000	1000	0	0
TRAP-CV-002	trap	0	16	4	0	A	800	62	1000	0	1000	1000	0	0
TRAP-CV-003	trap	0	1	1	1	0	100	15	0	0	333	1000	0	0
TRAP-CV-003	trap	0	2	2	1	0	200	31	0	100	666	1000	0	0
TRAP-CV-003	trap	0	4	4	0	A	800	62	1000	0	1000	1000	0	0
TRAP-CV-003	trap	0	8	4	0	A	800	62	1000	0	1000	1000	0	0
TRAP-CV-003	trap	0	16	4	0	A	800	62	1000	0	1000	1000	0	0
TRAP-CV-004	trap	0	1	1	1	0	100	15	0	0	333	1000	0	0
TRAP-CV-004	trap	0	2	2	1	0	200	31	0	100	666	1000	0	0
TRAP-CV-004	trap	0	4	4	0	A	800	62	1000	0	1000	1000	0	0
TRAP-CV-004	trap	0	8	4	0	A	800	62	1000	0	1000	1000	0	0
TRAP-CV-004	trap	0	16	4	0	A	800	62	1000	0	1000	1000	0	0
TRAP-CH-001	trap	0	1	1	1	0	100	15	0	0	333	1000	0	0
TRAP-CH-001	trap	0	2	2	1	0	200	31	0	100	666	1000	0	0
TRAP-CH-001	trap	0	4	4	0	A	800	62	1000	0	1000	1000	0	0
TRAP-CH-001	trap	0	8	4	0	A	800	62	1000	0	1000	1000	0	0
TRAP-CH-001	trap	0	16	4	0	A	800	62	1000	0	1000	1000	0	0
TRAP-CH-002	trap	0	1	1	1	0	100	15	0	0	333	1000	0	0
TRAP-CH-002	trap	0	2	2	1	0	200	31	0	100	666	1000	0	0
TRAP-CH-002	trap	0	4	4	0	A	800	62	1000	0	1000	1000	0	0
TRAP-CH-002	trap	0	8	4	0	A	800	62	1000	0	1000	1000	0	0
TRAP-CH-002	trap	0	16	4	0	A	800	62	1000	0	1000	1000	0	0
TRAP-CH-003	trap	0	1	1	1	0	100	15	0	0	333	1000	0	0
TRAP-CH-003	trap	0	2	2	1	0	200	31	0	100	666	1000	0	0
TRAP-CH-003	trap	0	4	4	0	A	800	62	1000	0	1000	1000	0	0
TRAP-CH-003	trap	0	8	4	0	A	800	62	1000	0	1000	1000	0	0
TRAP-CH-003	trap	0	16	4	0	A	800	62	1000	0	1000	1000	0	0
TRAP-C7-001	trap	0	1	1	1	0	100	15	0	0	333	1000	0	0
TRAP-C7-001	trap	0	2	2	1	0	200	31	0	100	666	1000	0	0
TRAP-C7-001	trap	0	4	4	0	A	800	62	1000	0	1000	1000	0	0
TRAP-C7-001	trap	0	8	4	0	A	800	62	1000	0	1000	1000	0	0
TRAP-C7-001	trap	0	16	4	0	A	800	62	1000	0	1000	1000	0	0
TRAP-C7-002	trap	0	1	1	1	0	100	15	0	0	333	1000	0	0
TRAP-C7-002	trap	0	2	2	1	0	200	31	0	100	666	1000	0	0
TRAP-C7-002	trap	0	4	4	0	A	800	62	1000	0	1000	1000	0	0
TRAP-C7-002	trap	0	8	4	0	A	800	62	1000	0	1000	1000	0	0
TRAP-C7-002	trap	0	16	4	0	A	800	62	1000	0	1000	1000	0	0
TRAP-C7-003	trap	0	1	1	1	0	100	15	0	0	333	1000	0	0
TRAP-C7-003	trap	0	2	2	1	0	200	31	0	100	666	1000	0	0
TRAP-C7-003	trap	0	4	4	0	A	800	62	1000	0	1000	1000	0	0
TRAP-C7-003	trap	0	8	4	0	A	800	62	1000	0	1000	1000	0	0
TRAP-C7-003	trap	0	16	4	0	A	800	62	1000	0	1000	1000	0	0
TRAP-C7-004	trap	0	1	1	1	0	100	15	0	0	333	1000	0	0
TRAP-C7-004	trap	0	2	2	1	0	200	31	0	100	666	1000	0	0
TRAP-C7-004	trap	0	4	4	0	A	800	62	1000	0	1000	1000	0	0
TRAP-C7-004	trap	0	8	4	0	A	800	62	1000	0	1000	1000	0	0
TRAP-C7-004	trap	0	16	4	0	A	800	62	1000	0	1000	1000	0	0
TRAP-C7-005	trap	0	1	1	1	0	100	15	0	0	333	1000	0	0
TRAP-C7-005	trap	0	2	2	1	0	200	31	0	100	666	1000	0	0
TRAP-C7-005	trap	0	4	4	0	A	800	62	1000	0	1000	1000	0	0
TRAP-C7-005	trap	0	8	4	0	A	800	62	1000	0	1000	1000	0	0
TRAP-C7-005	trap	0	16	4	0	A	800	62	1000	0	1000	1000	0	0
TRAP-C5a	trap	0	1	1	1	0	100	15	0	0	500	1000	0	0
TRAP-C5a	trap	0	2	2	0	A	500	31	1000	400	1000	500	1000	0
TRAP-C5a	trap	0	4	2	0	A	500	31	1000	400	1000	500	1000	0
TRAP-C5a	trap	0	8	2	0	A	500	31	1000	400	1000	500	1000	0
TRAP-C5a	trap	0	16	2	0	A	500	31	1000	400	1000	500	1000	0
TRAP-C5b	trap	0	1	1	1	0	100	15	0	0	500	1000	0	0
TRAP-C5b	trap	0	2	2	0	A	500	31	1000	400	1000	500	1000	0
TRAP-C5b	trap	0	4	2	0	A	500	31	1000	400	1000	500	1000	0
TRAP-C5b	trap	0	8	2	0	A	500	31	1000	400	1000	500	1000	0
TRAP-C5b	trap	0	16	2	0	A	500	31	1000	400	1000	500	1000	0
TRAP-C5c	trap	0	1	1	1	0	100	15	0	0	500	1000	0	0
TRAP-C5c	trap	0	2	2	0	A	500	31	1000	400	1000	500	1000	0
TRAP-C5c	trap	0	4	2	0	A	500	31	1000	400	1000	500	1000	0
TRAP-C5c	trap	0	8	2	0	A	500	31	1000	400	1000	500	1000	0
TRAP-C5c	trap	0	16	2	0	A	500	31	1000	400	1000	500	1000	0
TRAP-C5d	trap	0	1	1	1	0	100	15	0	0	500	1000	0	0
TRAP-C5d	trap	0	2	2	0	A	500	31	1000	400	1000	500	1000	0
TRAP-C5d	trap	0	4	2	0	A	500	31	1000	400	1000	500	1000	0
TRAP-C5d	trap	0	8	2	0	A	500	31	1000	400	1000	500	1000	0
TRAP-C5d	trap	0	16	2	0	A	500	31	1000	400	1000	500	1000	0
TRAP-C5e	trap	0	1	1	1	0	100	15	0	0	500	1000	0	0
TRAP-C5e	trap	0	2	2	0	A	500	31	1000	400	1000	500	1000	0
TRAP-C5e	trap	0	4	2	0	A	500	31	1000	400	1000	500	1000	0
TRAP-C5e	trap	0	8	2	0	A	500	31	1000	400	1000	500	1000	0
TRAP-C5e	trap	0	16	2	0	A	500	31	1000	400	1000	500	1000	0
TRAP-C5f	trap	0	1	1	1	0	100	15	0	0	500	1000	0	0
TRAP-C5f	trap	0	2	2	0	A	500	31	1000	400	1000	500	1000	0
TRAP-C5f	trap	0	4	2	0	A	500	31	1000	400	1000	500	1000	0
TRAP-C5f	trap	0	8	2	0	A	500	31	1000	400	1000	500	1000	0
TRAP-C5f	trap	0	16	2	0	A	500	31	1000	400	1000	500	1000	0
TRAP-C3-001	trap	0	1	1	1	0	100	15	0	0	500	1000	0	0
TRAP-C3-001	trap	0	2	2	0	A	500	31	1000	400	1000	500	1000	0
TRAP-C3-001	trap	0	4	2	0	A	500	31	1000	400	1000	500	1000	0
TRAP-C3-001	trap	0	8	2	0	A	500	31	1000	400	1000	500	1000	0
TRAP-C3-001	trap	0	16	2	0	A	500	31	1000	400	1000	500	1000	0
TRAP-C3-002	trap	0	1	1	1	0	100	15	0	0	500	1000	0	0
TRAP-C3-002	trap	0	2	2	0	A	500	31	1000	400	1000	500	1000	0
TRAP-C3-002	trap	0	4	2	0	A	500	31	1000	400	1000	500	1000	0
TRAP-C3-002	trap	0	8	2	0	A	500	31	1000	400	1000	500	1000	0
TRAP-C3-002	trap	0	16	2	0	A	500	31	1000	400	1000	500	1000	0
TRAP-C3-003	trap	0	1	1	1	0	100	15	0	0	500	1000	0	0
TRAP-C3-003	trap	0	2	2	0	A	500	31	1000	400	1000	500	1000	0
TRAP-C3-003	trap	0	4	2	0	A	500	31	1000	400	1000	500	1000	0
TRAP-C3-003	trap	0	8	2	0	A	500	31	1000	400	1000	500	1000	0
TRAP-C3-003	trap	0	16	2	0	A	500	31	1000	400	1000	500	1000	0
TRAP-C3-004	trap	0	1	1	1	0	100	15	0	0	500	1000	0	0
TRAP-C3-004	trap	0	2	2	0	A	500	31	1000	400	1000	500	1000	0
TRAP-C3-004	trap	0	4	2	0	A	500	31	1000	400	1000	500	1000	0
TRAP-C3-004	trap	0	8	2	0	A	500	31	1000	400	1000	500	1000	0
TRAP-C3-004	trap	0	16	2	0	A	500	31	1000	400	1000	500	1000	0
TRAP-C3-005	trap	0	1	1	1	0	100	15	0	0	500	1000	0	0
TRAP-C3-005	trap	0	2	2	0	A	500	31	1000	400	1000	500	1000	0
TRAP-C3-005	trap	0	4	2	0	A	500	31	1000	400	1000	500	1000	0
TRAP-C3-005	trap	0	8	2	0	A	500	31	1000	400	1000	500	1000	0
TRAP-C3-005	trap	0	16	2	0	A	500	31	1000	400	1000	500	1000	0
TRAP-C3-006	trap	0	1	1	1	0	100	15	0	0	500	1000	0	0
TRAP-C3-006	trap	0	2	2	0	A	500	31	1000	400	1000	500	1000	0
TRAP-C3-006	trap	0	4	2	0	A	500	31	1000	400	1000	500	1000	0
TRAP-C3-006	trap	0	8	2	0	A	500	31	1000	400	1000	500	1000	0
TRAP-C3-006	trap	0	16	2	0	A	500	31	1000	400	1000	500	1000	0
TRAP-C4-001	trap	0	1	1	1	0	100	15	0	0	250	1000	0	0
TRAP-C4-001	trap	0	2	2	1	0	200	31	0	100	500	1000	0	0
TRAP-C4-001	trap	0	4	4	0	A	700	62	1000	400	1000	1000	0	0
TRAP-C4-001	trap	0	8	5	0	A	700	78	1000	0	1000	1000	0	0
TRAP-C4-001	trap	0	16	5	0	A	700	78	1000	0	1000	1000	0	0
TRAP-C4-002	trap	0	1	1	1	0	100	15	0	0	250	1000	0	0
TRAP-C4-002	trap	0	2	2	1	0	200	31	0	100	500	1000	0	0
TRAP-C4-002	trap	0	4	4	0	A	700	62	1000	400	1000	1000	0	0
TRAP-C4-002	trap	0	8	5	0	A	700	78	1000	0	1000	1000	0	0
TRAP-C4-002	trap	0	16	5	0	A	700	78	1000	0	1000	1000	0	0
TRAP-C4-003	trap	0	1	1	1	0	100	15	0	0	250	1000	0	0
TRAP-C4-003	trap	0	2	2	1	0	200	31	0	100	500	1000	0	0
TRAP-C4-003	trap	0	4	4	0	A	700	62	1000	400	1000	1000	0	0
TRAP-C4-003	trap	0	8	5	0	A	700	78	1000	0	1000	1000	0	0
TRAP-C4-003	trap	0	16	5	0	A	700	78	1000	0	1000	1000	0	0
TRAP-C4-004	trap	0	1	1	1	0	100	15	0	0	250	1000	0	0
TRAP-C4-004	trap	0	2	2	1	0	200	31	0	100	500	1000	0	0
TRAP-C4-004	trap	0	4	4	0	A	700	62	1000	400	1000	1000	0	0
TRAP-C4-004	trap	0	8	5	0	A	700	78	1000	0	1000	1000	0	0
TRAP-C4-004	trap	0	16	5	0	A	700	78	1000	0	1000	1000	0	0
TRAP-C4-005	trap	0	1	1	1	0	100	15	0	0	250	1000	0	0
TRAP-C4-005	trap	0	2	2	1	0	200	31	0	100	500	1000	0	0
TRAP-C4-005	trap	0	4	4	0	A	700	62	1000	400	1000	1000	0	0
TRAP-C4-005	trap	0	8	5	0	A	700	78	1000	0	1000	1000	0	0
TRAP-C4-005	trap	0	16	5	0	A	700	78	1000	0	1000	1000	0	0
TRAP-C4-006	trap	0	1	1	1	0	100	15	0	0	250	1000	0	0
TRAP-C4-006	trap	0	2	2	1	0	200	31	0	100	500	1000	0	0
TRAP-C4-006	trap	0	4	4	0	A	700	62	1000	400	1000	1000	0	0
TRAP-C4-006	trap	0	8	5	0	A	700	78	1000	0	1000	1000	0	0
TRAP-C4-006	trap	0	16	5	0	A	700	78	1000	0	1000	1000	0	0
TRAP-C6-001	trap	0	1	1	1	0	100	15	0	0	142	1000	0	0
TRAP-C6-001	trap	0	2	2	1	0	200	31	0	100	285	1000	0	0
TRAP-C6-001	trap	0	4	4	1	0	400	62	0	100	571	1000	0	0
TRAP-C6-001	trap	0	8	8	0	A	400	125	1000	0	1000	1000	0	200
TRAP-C6-001	trap	0	16	8	0	A	400	125	1000	0	1000	1000	0	200
TRAP-C6-002	trap	0	1	1	1	0	100	15	0	0	142	1000	0	0
TRAP-C6-002	trap	0	2	2	1	0	200	31	0	100	285	1000	0	0
TRAP-C6-002	trap	0	4	4	1	0	400	62	0	100	571	1000	0	0
TRAP-C6-002	trap	0	8	8	0	A	400	125	1000	0	1000	1000	0	200
TRAP-C6-002	trap	0	16	8	0	A	400	125	1000	0	1000	1000	0	200
TRAP-C6-003	trap	0	1	1	1	0	100	15	0	0	142	1000	0	0
TRAP-C6-003	trap	0	2	2	1	0	200	31	0	100	285	1000	0	0
TRAP-C6-003	trap	0	4	4	1	0	400	62	0	100	571	1000	0	0
TRAP-C6-003	trap	0	8	8	0	A	400	125	1000	0	1000	1000	0	200
TRAP-C6-003	trap	0	16	8	0	A	400	125	1000	0	1000	1000	0	200
TRAP-C6-004	trap	0	1	1	1	0	100	15	0	0	142	1000	0	0
TRAP-C6-004	trap	0	2	2	1	0	200	31	0	100	285	1000	0	0
TRAP-C6-004	trap	0	4	4	1	0	400	62	0	100	571	1000	0	0
TRAP-C6-004	trap	0	8	8	0	A	400	125	1000	0	1000	1000	0	200
TRAP-C6-004	trap	0	16	8	0	A	400	125	1000	0	1000	1000	0	200
TRAP-C6-005	trap	0	1	1	1	0	100	15	0	0	142	1000	0	0
TRAP-C6-005	trap	0	2	2	1	0	200	31	0	100	285	1000	0	0
TRAP-C6-005	trap	0	4	4	1	0	400	62	0	100	571	1000	0	0
TRAP-C6-005	trap	0	8	8	0	A	400	125	1000	0	1000	1000	0	200
TRAP-C6-005	trap	0	16	8	0	A	400	125	1000	0	1000	1000	0	200
RT-M3-01	redteam	0	1	1	1	1	400	15	0	0	200	1000	0	0
RT-M3-01	redteam	0	2	2	1	1	800	31	0	400	400	1000	0	0
RT-M3-01	redteam	0	4	4	1	1	200	62	0	0	800	666	0	600
RT-M3-01	redteam	0	8	5	0	A	600	78	1000	400	1000	333	1000	600
RT-M3-01	redteam	0	16	5	0	A	600	78	1000	400	1000	333	1000	600
RT-M6-01	redteam	0	1	1	1	1	200	15	0	0	200	1000	0	0
RT-M6-01	redteam	0	2	2	1	1	400	31	0	200	400	1000	0	0
RT-M6-01	redteam	0	4	4	0	A	500	62	1000	100	800	1000	0	0
RT-M6-01	redteam	0	8	5	0	A	950	78	1000	450	1000	500	1000	0
RT-M6-01	redteam	0	16	5	0	A	950	78	1000	450	1000	500	1000	0
RT-K12-01	redteam	0	1	1	1	0	1000	15	0	0	333	500	1000	0
RT-K12-01	redteam	0	2	2	1	0	1000	31	0	500	666	500	1000	0
RT-K12-01	redteam	0	4	3	1	0	1000	46	0	500	1000	500	1000	0
RT-K12-01	redteam	0	8	3	1	0	1000	46	0	500	1000	500	1000	0
RT-K12-01	redteam	0	16	3	1	0	1000	46	0	500	1000	500	1000	0
H5B-P-06-00	P	0	1	1	1	0	300	15	0	0	125	1000	0	0
H5B-P-06-00	P	0	2	2	1	0	500	31	0	200	250	1000	0	0
H5B-P-06-00	P	0	4	4	1	0	500	62	0	0	500	1000	0	0
H5B-P-06-00	P	0	8	8	0	A	1000	125	1000	500	1000	500	1000	0
H5B-P-06-00	P	0	16	8	0	A	1000	125	1000	500	1000	500	1000	0
H5B-P-06-00	P	0	32	8	0	A	1000	125	1000	500	1000	500	1000	0
H5B-P-06-00	P	0	64	8	0	A	1000	125	1000	500	1000	500	1000	0
H5B-P-06-02	P	0	1	1	1	0	400	15	0	0	125	1000	0	0
H5B-P-06-02	P	0	2	2	1	0	500	31	0	100	250	1000	0	0
H5B-P-06-02	P	0	4	4	1	0	500	62	0	0	500	1000	0	0
H5B-P-06-02	P	0	8	8	0	A	1000	125	1000	500	1000	500	1000	0
H5B-P-06-02	P	0	16	8	0	A	1000	125	1000	500	1000	500	1000	0
H5B-P-06-02	P	0	32	8	0	A	1000	125	1000	500	1000	500	1000	0
H5B-P-06-02	P	0	64	8	0	A	1000	125	1000	500	1000	500	1000	0
H5B-P-06-04	P	0	1	1	1	0	450	15	0	0	125	1000	0	0
H5B-P-06-04	P	0	2	2	1	0	500	31	0	50	250	1000	0	0
H5B-P-06-04	P	0	4	4	1	0	500	62	0	0	500	1000	0	0
H5B-P-06-04	P	0	8	8	0	A	1000	125	1000	500	1000	500	1000	0
H5B-P-06-04	P	0	16	8	0	A	1000	125	1000	500	1000	500	1000	0
H5B-P-06-04	P	0	32	8	0	A	1000	125	1000	500	1000	500	1000	0
H5B-P-06-04	P	0	64	8	0	A	1000	125	1000	500	1000	500	1000	0
H5B-P-06-06	P	0	1	1	1	0	250	15	0	0	125	1000	0	0
H5B-P-06-06	P	0	2	2	1	0	500	31	0	250	250	1000	0	0
H5B-P-06-06	P	0	4	4	1	0	500	62	0	0	500	1000	0	0
H5B-P-06-06	P	0	8	8	0	A	1000	125	1000	500	1000	500	1000	0
H5B-P-06-06	P	0	16	8	0	A	1000	125	1000	500	1000	500	1000	0
H5B-P-06-06	P	0	32	8	0	A	1000	125	1000	500	1000	500	1000	0
H5B-P-06-06	P	0	64	8	0	A	1000	125	1000	500	1000	500	1000	0
H5B-P-06-08	P	0	1	1	1	0	150	15	0	0	125	1000	0	0
H5B-P-06-08	P	0	2	2	1	0	500	31	0	350	250	1000	0	0
H5B-P-06-08	P	0	4	4	1	0	500	62	0	0	500	1000	0	0
H5B-P-06-08	P	0	8	8	0	A	1000	125	1000	500	1000	500	1000	0
H5B-P-06-08	P	0	16	8	0	A	1000	125	1000	500	1000	500	1000	0
H5B-P-06-08	P	0	32	8	0	A	1000	125	1000	500	1000	500	1000	0
H5B-P-06-08	P	0	64	8	0	A	1000	125	1000	500	1000	500	1000	0
H5B-P-12-00	P	0	1	1	1	0	300	15	0	0	71	1000	0	0
H5B-P-12-00	P	0	2	2	1	0	500	31	0	200	142	1000	0	0
H5B-P-12-00	P	0	4	4	1	0	500	62	0	0	285	1000	0	0
H5B-P-12-00	P	0	8	8	1	0	500	125	0	0	571	1000	0	0
H5B-P-12-00	P	0	16	14	0	A	1000	218	1000	500	1000	500	1000	0
H5B-P-12-00	P	0	32	14	0	A	1000	218	1000	500	1000	500	1000	0
H5B-P-12-00	P	0	64	14	0	A	1000	218	1000	500	1000	500	1000	0
H5B-P-12-02	P	0	1	1	1	0	400	15	0	0	71	1000	0	0
H5B-P-12-02	P	0	2	2	1	0	500	31	0	100	142	1000	0	0
H5B-P-12-02	P	0	4	4	1	0	500	62	0	0	285	1000	0	0
H5B-P-12-02	P	0	8	8	1	0	500	125	0	0	571	1000	0	0
H5B-P-12-02	P	0	16	14	0	A	1000	218	1000	500	1000	500	1000	0
H5B-P-12-02	P	0	32	14	0	A	1000	218	1000	500	1000	500	1000	0
H5B-P-12-02	P	0	64	14	0	A	1000	218	1000	500	1000	500	1000	0
H5B-P-12-04	P	0	1	1	1	0	450	15	0	0	71	1000	0	0
H5B-P-12-04	P	0	2	2	1	0	500	31	0	50	142	1000	0	0
H5B-P-12-04	P	0	4	4	1	0	500	62	0	0	285	1000	0	0
H5B-P-12-04	P	0	8	8	1	0	500	125	0	0	571	1000	0	0
H5B-P-12-04	P	0	16	14	0	A	1000	218	1000	500	1000	500	1000	0
H5B-P-12-04	P	0	32	14	0	A	1000	218	1000	500	1000	500	1000	0
H5B-P-12-04	P	0	64	14	0	A	1000	218	1000	500	1000	500	1000	0
H5B-P-12-06	P	0	1	1	1	0	250	15	0	0	71	1000	0	0
H5B-P-12-06	P	0	2	2	1	0	500	31	0	250	142	1000	0	0
H5B-P-12-06	P	0	4	4	1	0	500	62	0	0	285	1000	0	0
H5B-P-12-06	P	0	8	8	1	0	500	125	0	0	571	1000	0	0
H5B-P-12-06	P	0	16	14	0	A	1000	218	1000	500	1000	500	1000	0
H5B-P-12-06	P	0	32	14	0	A	1000	218	1000	500	1000	500	1000	0
H5B-P-12-06	P	0	64	14	0	A	1000	218	1000	500	1000	500	1000	0
H5B-P-12-08	P	0	1	1	1	0	150	15	0	0	71	1000	0	0
H5B-P-12-08	P	0	2	2	1	0	500	31	0	350	142	1000	0	0
H5B-P-12-08	P	0	4	4	1	0	500	62	0	0	285	1000	0	0
H5B-P-12-08	P	0	8	8	1	0	500	125	0	0	571	1000	0	0
H5B-P-12-08	P	0	16	14	0	A	1000	218	1000	500	1000	500	1000	0
H5B-P-12-08	P	0	32	14	0	A	1000	218	1000	500	1000	500	1000	0
H5B-P-12-08	P	0	64	14	0	A	1000	218	1000	500	1000	500	1000	0
H5B-P-20-00	P	0	1	1	1	0	300	15	0	0	45	1000	0	0
H5B-P-20-00	P	0	2	2	1	0	500	31	0	200	90	1000	0	0
H5B-P-20-00	P	0	4	4	1	0	500	62	0	0	181	1000	0	0
H5B-P-20-00	P	0	8	8	1	0	500	125	0	0	363	1000	0	0
H5B-P-20-00	P	0	16	16	1	0	500	250	0	0	727	1000	0	0
H5B-P-20-00	P	0	32	22	0	A	1000	343	1000	500	1000	500	1000	0
H5B-P-20-00	P	0	64	22	0	A	1000	343	1000	500	1000	500	1000	0
H5B-P-20-02	P	0	1	1	1	0	400	15	0	0	45	1000	0	0
H5B-P-20-02	P	0	2	2	1	0	500	31	0	100	90	1000	0	0
H5B-P-20-02	P	0	4	4	1	0	500	62	0	0	181	1000	0	0
H5B-P-20-02	P	0	8	8	1	0	500	125	0	0	363	1000	0	0
H5B-P-20-02	P	0	16	16	1	0	500	250	0	0	727	1000	0	0
H5B-P-20-02	P	0	32	22	0	A	1000	343	1000	500	1000	500	1000	0
H5B-P-20-02	P	0	64	22	0	A	1000	343	1000	500	1000	500	1000	0
H5B-P-20-04	P	0	1	1	1	0	450	15	0	0	45	1000	0	0
H5B-P-20-04	P	0	2	2	1	0	500	31	0	50	90	1000	0	0
H5B-P-20-04	P	0	4	4	1	0	500	62	0	0	181	1000	0	0
H5B-P-20-04	P	0	8	8	1	0	500	125	0	0	363	1000	0	0
H5B-P-20-04	P	0	16	16	1	0	500	250	0	0	727	1000	0	0
H5B-P-20-04	P	0	32	22	0	A	1000	343	1000	500	1000	500	1000	0
H5B-P-20-04	P	0	64	22	0	A	1000	343	1000	500	1000	500	1000	0
H5B-P-20-06	P	0	1	1	1	0	250	15	0	0	45	1000	0	0
H5B-P-20-06	P	0	2	2	1	0	500	31	0	250	90	1000	0	0
H5B-P-20-06	P	0	4	4	1	0	500	62	0	0	181	1000	0	0
H5B-P-20-06	P	0	8	8	1	0	500	125	0	0	363	1000	0	0
H5B-P-20-06	P	0	16	16	1	0	500	250	0	0	727	1000	0	0
H5B-P-20-06	P	0	32	22	0	A	1000	343	1000	500	1000	500	1000	0
H5B-P-20-06	P	0	64	22	0	A	1000	343	1000	500	1000	500	1000	0
H5B-P-20-08	P	0	1	1	1	0	150	15	0	0	45	1000	0	0
H5B-P-20-08	P	0	2	2	1	0	500	31	0	350	90	1000	0	0
H5B-P-20-08	P	0	4	4	1	0	500	62	0	0	181	1000	0	0
H5B-P-20-08	P	0	8	8	1	0	500	125	0	0	363	1000	0	0
H5B-P-20-08	P	0	16	16	1	0	500	250	0	0	727	1000	0	0
H5B-P-20-08	P	0	32	22	0	A	1000	343	1000	500	1000	500	1000	0
H5B-P-20-08	P	0	64	22	0	A	1000	343	1000	500	1000	500	1000	0
H5B-P-40-00	P	0	1	1	1	0	300	15	0	0	23	1000	0	0
H5B-P-40-00	P	0	2	2	1	0	500	31	0	200	47	1000	0	0
H5B-P-40-00	P	0	4	4	1	0	500	62	0	0	95	1000	0	0
H5B-P-40-00	P	0	8	8	1	0	500	125	0	0	190	1000	0	0
H5B-P-40-00	P	0	16	16	1	0	500	250	0	0	380	1000	0	0
H5B-P-40-00	P	0	32	32	1	0	500	500	0	0	761	1000	0	0
H5B-P-40-00	P	0	64	42	0	A	1000	656	1000	500	1000	500	1000	0
H5B-P-40-02	P	0	1	1	1	0	400	15	0	0	23	1000	0	0
H5B-P-40-02	P	0	2	2	1	0	500	31	0	100	47	1000	0	0
H5B-P-40-02	P	0	4	4	1	0	500	62	0	0	95	1000	0	0
H5B-P-40-02	P	0	8	8	1	0	500	125	0	0	190	1000	0	0
H5B-P-40-02	P	0	16	16	1	0	500	250	0	0	380	1000	0	0
H5B-P-40-02	P	0	32	32	1	0	500	500	0	0	761	1000	0	0
H5B-P-40-02	P	0	64	42	0	A	1000	656	1000	500	1000	500	1000	0
H5B-P-40-04	P	0	1	1	1	0	450	15	0	0	23	1000	0	0
H5B-P-40-04	P	0	2	2	1	0	500	31	0	50	47	1000	0	0
H5B-P-40-04	P	0	4	4	1	0	500	62	0	0	95	1000	0	0
H5B-P-40-04	P	0	8	8	1	0	500	125	0	0	190	1000	0	0
H5B-P-40-04	P	0	16	16	1	0	500	250	0	0	380	1000	0	0
H5B-P-40-04	P	0	32	32	1	0	500	500	0	0	761	1000	0	0
H5B-P-40-04	P	0	64	42	0	A	1000	656	1000	500	1000	500	1000	0
H5B-P-40-06	P	0	1	1	1	0	250	15	0	0	23	1000	0	0
H5B-P-40-06	P	0	2	2	1	0	500	31	0	250	47	1000	0	0
H5B-P-40-06	P	0	4	4	1	0	500	62	0	0	95	1000	0	0
H5B-P-40-06	P	0	8	8	1	0	500	125	0	0	190	1000	0	0
H5B-P-40-06	P	0	16	16	1	0	500	250	0	0	380	1000	0	0
H5B-P-40-06	P	0	32	32	1	0	500	500	0	0	761	1000	0	0
H5B-P-40-06	P	0	64	42	0	A	1000	656	1000	500	1000	500	1000	0
H5B-P-40-08	P	0	1	1	1	0	150	15	0	0	23	1000	0	0
H5B-P-40-08	P	0	2	2	1	0	500	31	0	350	47	1000	0	0
H5B-P-40-08	P	0	4	4	1	0	500	62	0	0	95	1000	0	0
H5B-P-40-08	P	0	8	8	1	0	500	125	0	0	190	1000	0	0
H5B-P-40-08	P	0	16	16	1	0	500	250	0	0	380	1000	0	0
H5B-P-40-08	P	0	32	32	1	0	500	500	0	0	761	1000	0	0
H5B-P-40-08	P	0	64	42	0	A	1000	656	1000	500	1000	500	1000	0
H5B-D-0-00	D	0	1	1	1	1	500	15	0	0	500	500	1000	0
H5B-D-0-00	D	0	2	2	1	1	1000	31	0	500	1000	500	1000	0
H5B-D-0-00	D	0	4	2	1	1	1000	31	0	500	1000	500	1000	0
H5B-D-0-00	D	0	8	2	1	1	1000	31	0	500	1000	500	1000	0
H5B-D-0-00	D	0	16	2	1	1	1000	31	0	500	1000	500	1000	0
H5B-D-0-00	D	0	32	2	1	1	1000	31	0	500	1000	500	1000	0
H5B-D-0-00	D	0	64	2	1	1	1000	31	0	500	1000	500	1000	0
H5B-D-0-02	D	0	1	1	1	1	500	15	0	0	500	500	1000	0
H5B-D-0-02	D	0	2	2	1	1	1000	31	0	500	1000	500	1000	0
H5B-D-0-02	D	0	4	2	1	1	1000	31	0	500	1000	500	1000	0
H5B-D-0-02	D	0	8	2	1	1	1000	31	0	500	1000	500	1000	0
H5B-D-0-02	D	0	16	2	1	1	1000	31	0	500	1000	500	1000	0
H5B-D-0-02	D	0	32	2	1	1	1000	31	0	500	1000	500	1000	0
H5B-D-0-02	D	0	64	2	1	1	1000	31	0	500	1000	500	1000	0
H5B-D-0-04	D	0	1	1	1	1	500	15	0	0	500	500	1000	0
H5B-D-0-04	D	0	2	2	1	1	1000	31	0	500	1000	500	1000	0
H5B-D-0-04	D	0	4	2	1	1	1000	31	0	500	1000	500	1000	0
H5B-D-0-04	D	0	8	2	1	1	1000	31	0	500	1000	500	1000	0
H5B-D-0-04	D	0	16	2	1	1	1000	31	0	500	1000	500	1000	0
H5B-D-0-04	D	0	32	2	1	1	1000	31	0	500	1000	500	1000	0
H5B-D-0-04	D	0	64	2	1	1	1000	31	0	500	1000	500	1000	0
H5B-D-0-06	D	0	1	1	1	1	500	15	0	0	500	500	1000	0
H5B-D-0-06	D	0	2	2	1	1	1000	31	0	500	1000	500	1000	0
H5B-D-0-06	D	0	4	2	1	1	1000	31	0	500	1000	500	1000	0
H5B-D-0-06	D	0	8	2	1	1	1000	31	0	500	1000	500	1000	0
H5B-D-0-06	D	0	16	2	1	1	1000	31	0	500	1000	500	1000	0
H5B-D-0-06	D	0	32	2	1	1	1000	31	0	500	1000	500	1000	0
H5B-D-0-06	D	0	64	2	1	1	1000	31	0	500	1000	500	1000	0
H5B-D-0-08	D	0	1	1	1	1	500	15	0	0	500	500	1000	0
H5B-D-0-08	D	0	2	2	1	1	1000	31	0	500	1000	500	1000	0
H5B-D-0-08	D	0	4	2	1	1	1000	31	0	500	1000	500	1000	0
H5B-D-0-08	D	0	8	2	1	1	1000	31	0	500	1000	500	1000	0
H5B-D-0-08	D	0	16	2	1	1	1000	31	0	500	1000	500	1000	0
H5B-D-0-08	D	0	32	2	1	1	1000	31	0	500	1000	500	1000	0
H5B-D-0-08	D	0	64	2	1	1	1000	31	0	500	1000	500	1000	0
H5B-D-1-00	D	0	1	1	1	0	100	15	0	0	333	1000	0	0
H5B-D-1-00	D	0	2	2	0	A	500	31	1000	400	666	500	1000	0
H5B-D-1-00	D	0	4	3	0	A	1000	46	1000	500	1000	500	1000	0
H5B-D-1-00	D	0	8	3	0	A	1000	46	1000	500	1000	500	1000	0
H5B-D-1-00	D	0	16	3	0	A	1000	46	1000	500	1000	500	1000	0
H5B-D-1-00	D	0	32	3	0	A	1000	46	1000	500	1000	500	1000	0
H5B-D-1-00	D	0	64	3	0	A	1000	46	1000	500	1000	500	1000	0
H5B-D-1-02	D	0	1	1	1	0	100	15	0	0	333	1000	0	0
H5B-D-1-02	D	0	2	2	0	A	500	31	1000	400	666	500	1000	0
H5B-D-1-02	D	0	4	3	0	A	1000	46	1000	500	1000	500	1000	0
H5B-D-1-02	D	0	8	3	0	A	1000	46	1000	500	1000	500	1000	0
H5B-D-1-02	D	0	16	3	0	A	1000	46	1000	500	1000	500	1000	0
H5B-D-1-02	D	0	32	3	0	A	1000	46	1000	500	1000	500	1000	0
H5B-D-1-02	D	0	64	3	0	A	1000	46	1000	500	1000	500	1000	0
H5B-D-1-04	D	0	1	1	1	0	100	15	0	0	333	1000	0	0
H5B-D-1-04	D	0	2	2	0	A	500	31	1000	400	666	500	1000	0
H5B-D-1-04	D	0	4	3	0	A	1000	46	1000	500	1000	500	1000	0
H5B-D-1-04	D	0	8	3	0	A	1000	46	1000	500	1000	500	1000	0
H5B-D-1-04	D	0	16	3	0	A	1000	46	1000	500	1000	500	1000	0
H5B-D-1-04	D	0	32	3	0	A	1000	46	1000	500	1000	500	1000	0
H5B-D-1-04	D	0	64	3	0	A	1000	46	1000	500	1000	500	1000	0
H5B-D-1-06	D	0	1	1	1	0	100	15	0	0	333	1000	0	0
H5B-D-1-06	D	0	2	2	0	A	500	31	1000	400	666	500	1000	0
H5B-D-1-06	D	0	4	3	0	A	1000	46	1000	500	1000	500	1000	0
H5B-D-1-06	D	0	8	3	0	A	1000	46	1000	500	1000	500	1000	0
H5B-D-1-06	D	0	16	3	0	A	1000	46	1000	500	1000	500	1000	0
H5B-D-1-06	D	0	32	3	0	A	1000	46	1000	500	1000	500	1000	0
H5B-D-1-06	D	0	64	3	0	A	1000	46	1000	500	1000	500	1000	0
H5B-D-1-08	D	0	1	1	1	0	100	15	0	0	333	1000	0	0
H5B-D-1-08	D	0	2	2	0	A	500	31	1000	400	666	500	1000	0
H5B-D-1-08	D	0	4	3	0	A	1000	46	1000	500	1000	500	1000	0
H5B-D-1-08	D	0	8	3	0	A	1000	46	1000	500	1000	500	1000	0
H5B-D-1-08	D	0	16	3	0	A	1000	46	1000	500	1000	500	1000	0
H5B-D-1-08	D	0	32	3	0	A	1000	46	1000	500	1000	500	1000	0
H5B-D-1-08	D	0	64	3	0	A	1000	46	1000	500	1000	500	1000	0
H5B-D-2-00	D	0	1	1	1	0	100	15	0	0	250	1000	0	0
H5B-D-2-00	D	0	2	2	1	0	200	31	0	100	500	1000	0	0
H5B-D-2-00	D	0	4	4	0	A	1000	62	1000	200	1000	500	1000	0
H5B-D-2-00	D	0	8	4	0	A	1000	62	1000	200	1000	500	1000	0
H5B-D-2-00	D	0	16	4	0	A	1000	62	1000	200	1000	500	1000	0
H5B-D-2-00	D	0	32	4	0	A	1000	62	1000	200	1000	500	1000	0
H5B-D-2-00	D	0	64	4	0	A	1000	62	1000	200	1000	500	1000	0
H5B-D-2-02	D	0	1	1	1	0	100	15	0	0	250	1000	0	0
H5B-D-2-02	D	0	2	2	1	0	200	31	0	100	500	1000	0	0
H5B-D-2-02	D	0	4	4	0	A	1000	62	1000	200	1000	500	1000	0
H5B-D-2-02	D	0	8	4	0	A	1000	62	1000	200	1000	500	1000	0
H5B-D-2-02	D	0	16	4	0	A	1000	62	1000	200	1000	500	1000	0
H5B-D-2-02	D	0	32	4	0	A	1000	62	1000	200	1000	500	1000	0
H5B-D-2-02	D	0	64	4	0	A	1000	62	1000	200	1000	500	1000	0
H5B-D-2-04	D	0	1	1	1	0	100	15	0	0	250	1000	0	0
H5B-D-2-04	D	0	2	2	1	0	200	31	0	100	500	1000	0	0
H5B-D-2-04	D	0	4	4	0	A	1000	62	1000	200	1000	500	1000	0
H5B-D-2-04	D	0	8	4	0	A	1000	62	1000	200	1000	500	1000	0
H5B-D-2-04	D	0	16	4	0	A	1000	62	1000	200	1000	500	1000	0
H5B-D-2-04	D	0	32	4	0	A	1000	62	1000	200	1000	500	1000	0
H5B-D-2-04	D	0	64	4	0	A	1000	62	1000	200	1000	500	1000	0
H5B-D-2-06	D	0	1	1	1	0	100	15	0	0	250	1000	0	0
H5B-D-2-06	D	0	2	2	1	0	200	31	0	100	500	1000	0	0
H5B-D-2-06	D	0	4	4	0	A	1000	62	1000	200	1000	500	1000	0
H5B-D-2-06	D	0	8	4	0	A	1000	62	1000	200	1000	500	1000	0
H5B-D-2-06	D	0	16	4	0	A	1000	62	1000	200	1000	500	1000	0
H5B-D-2-06	D	0	32	4	0	A	1000	62	1000	200	1000	500	1000	0
H5B-D-2-06	D	0	64	4	0	A	1000	62	1000	200	1000	500	1000	0
H5B-D-2-08	D	0	1	1	1	0	100	15	0	0	250	1000	0	0
H5B-D-2-08	D	0	2	2	1	0	200	31	0	100	500	1000	0	0
H5B-D-2-08	D	0	4	4	0	A	1000	62	1000	200	1000	500	1000	0
H5B-D-2-08	D	0	8	4	0	A	1000	62	1000	200	1000	500	1000	0
H5B-D-2-08	D	0	16	4	0	A	1000	62	1000	200	1000	500	1000	0
H5B-D-2-08	D	0	32	4	0	A	1000	62	1000	200	1000	500	1000	0
H5B-D-2-08	D	0	64	4	0	A	1000	62	1000	200	1000	500	1000	0
H5B-D-6-00	D	0	1	1	1	0	100	15	0	0	125	1000	0	0
H5B-D-6-00	D	0	2	2	1	0	200	31	0	100	250	1000	0	0
H5B-D-6-00	D	0	4	4	1	0	400	62	0	100	500	1000	0	0
H5B-D-6-00	D	0	8	8	0	A	1000	125	1000	600	1000	500	1000	200
H5B-D-6-00	D	0	16	8	0	A	1000	125	1000	600	1000	500	1000	200
H5B-D-6-00	D	0	32	8	0	A	1000	125	1000	600	1000	500	1000	200
H5B-D-6-00	D	0	64	8	0	A	1000	125	1000	600	1000	500	1000	200
H5B-D-6-02	D	0	1	1	1	0	100	15	0	0	125	1000	0	0
H5B-D-6-02	D	0	2	2	1	0	200	31	0	100	250	1000	0	0
H5B-D-6-02	D	0	4	4	1	0	400	62	0	100	500	1000	0	0
H5B-D-6-02	D	0	8	8	0	A	1000	125	1000	600	1000	500	1000	200
H5B-D-6-02	D	0	16	8	0	A	1000	125	1000	600	1000	500	1000	200
H5B-D-6-02	D	0	32	8	0	A	1000	125	1000	600	1000	500	1000	200
H5B-D-6-02	D	0	64	8	0	A	1000	125	1000	600	1000	500	1000	200
H5B-D-6-04	D	0	1	1	1	0	100	15	0	0	125	1000	0	0
H5B-D-6-04	D	0	2	2	1	0	200	31	0	100	250	1000	0	0
H5B-D-6-04	D	0	4	4	1	0	400	62	0	100	500	1000	0	0
H5B-D-6-04	D	0	8	8	0	A	1000	125	1000	600	1000	500	1000	200
H5B-D-6-04	D	0	16	8	0	A	1000	125	1000	600	1000	500	1000	200
H5B-D-6-04	D	0	32	8	0	A	1000	125	1000	600	1000	500	1000	200
H5B-D-6-04	D	0	64	8	0	A	1000	125	1000	600	1000	500	1000	200
H5B-D-6-06	D	0	1	1	1	0	100	15	0	0	125	1000	0	0
H5B-D-6-06	D	0	2	2	1	0	200	31	0	100	250	1000	0	0
H5B-D-6-06	D	0	4	4	1	0	400	62	0	100	500	1000	0	0
H5B-D-6-06	D	0	8	8	0	A	1000	125	1000	600	1000	500	1000	200
H5B-D-6-06	D	0	16	8	0	A	1000	125	1000	600	1000	500	1000	200
H5B-D-6-06	D	0	32	8	0	A	1000	125	1000	600	1000	500	1000	200
H5B-D-6-06	D	0	64	8	0	A	1000	125	1000	600	1000	500	1000	200
H5B-D-6-08	D	0	1	1	1	0	100	15	0	0	125	1000	0	0
H5B-D-6-08	D	0	2	2	1	0	200	31	0	100	250	1000	0	0
H5B-D-6-08	D	0	4	4	1	0	400	62	0	100	500	1000	0	0
H5B-D-6-08	D	0	8	8	0	A	1000	125	1000	600	1000	500	1000	200
H5B-D-6-08	D	0	16	8	0	A	1000	125	1000	600	1000	500	1000	200
H5B-D-6-08	D	0	32	8	0	A	1000	125	1000	600	1000	500	1000	200
H5B-D-6-08	D	0	64	8	0	A	1000	125	1000	600	1000	500	1000	200
H5B-O-06-00	O	0	1	1	1	1	300	15	0	0	142	1000	0	0
H5B-O-06-00	O	0	2	2	1	1	500	31	0	200	285	1000	0	0
H5B-O-06-00	O	0	4	4	1	1	500	62	0	0	571	1000	0	0
H5B-O-06-00	O	0	8	7	0	A	1000	109	1000	770	1000	500	1000	0
H5B-O-06-00	O	0	16	7	0	A	1000	109	1000	770	1000	500	1000	0
H5B-O-06-00	O	0	32	7	0	A	1000	109	1000	770	1000	500	1000	0
H5B-O-06-00	O	0	64	7	0	A	1000	109	1000	770	1000	500	1000	0
H5B-O-06-02	O	0	1	1	1	1	400	15	0	0	142	1000	0	0
H5B-O-06-02	O	0	2	2	1	1	500	31	0	100	285	1000	0	0
H5B-O-06-02	O	0	4	4	1	1	500	62	0	0	571	1000	0	0
H5B-O-06-02	O	0	8	7	0	A	1000	109	1000	830	1000	500	1000	0
H5B-O-06-02	O	0	16	7	0	A	1000	109	1000	830	1000	500	1000	0
H5B-O-06-02	O	0	32	7	0	A	1000	109	1000	830	1000	500	1000	0
H5B-O-06-02	O	0	64	7	0	A	1000	109	1000	830	1000	500	1000	0
H5B-O-06-04	O	0	1	1	1	1	450	15	0	0	142	1000	0	0
H5B-O-06-04	O	0	2	2	1	1	500	31	0	50	285	1000	0	0
H5B-O-06-04	O	0	4	4	1	1	500	62	0	0	571	1000	0	0
H5B-O-06-04	O	0	8	7	0	A	1000	109	1000	800	1000	500	1000	0
H5B-O-06-04	O	0	16	7	0	A	1000	109	1000	800	1000	500	1000	0
H5B-O-06-04	O	0	32	7	0	A	1000	109	1000	800	1000	500	1000	0
H5B-O-06-04	O	0	64	7	0	A	1000	109	1000	800	1000	500	1000	0
H5B-O-06-06	O	0	1	1	1	1	250	15	0	0	142	1000	0	0
H5B-O-06-06	O	0	2	2	1	1	500	31	0	250	285	1000	0	0
H5B-O-06-06	O	0	4	4	1	1	500	62	0	0	571	1000	0	0
H5B-O-06-06	O	0	8	7	0	A	1000	109	1000	770	1000	500	1000	0
H5B-O-06-06	O	0	16	7	0	A	1000	109	1000	770	1000	500	1000	0
H5B-O-06-06	O	0	32	7	0	A	1000	109	1000	770	1000	500	1000	0
H5B-O-06-06	O	0	64	7	0	A	1000	109	1000	770	1000	500	1000	0
H5B-O-06-08	O	0	1	1	1	1	150	15	0	0	142	1000	0	0
H5B-O-06-08	O	0	2	2	1	1	500	31	0	350	285	1000	0	0
H5B-O-06-08	O	0	4	4	1	1	500	62	0	0	571	1000	0	0
H5B-O-06-08	O	0	8	7	0	A	1000	109	1000	830	1000	500	1000	0
H5B-O-06-08	O	0	16	7	0	A	1000	109	1000	830	1000	500	1000	0
H5B-O-06-08	O	0	32	7	0	A	1000	109	1000	830	1000	500	1000	0
H5B-O-06-08	O	0	64	7	0	A	1000	109	1000	830	1000	500	1000	0
H5B-O-12-00	O	0	1	1	1	1	300	15	0	0	76	1000	0	0
H5B-O-12-00	O	0	2	2	1	1	500	31	0	200	153	1000	0	0
H5B-O-12-00	O	0	4	4	1	1	500	62	0	0	307	1000	0	0
H5B-O-12-00	O	0	8	8	1	1	500	125	0	0	615	1000	0	0
H5B-O-12-00	O	0	16	13	0	A	1000	203	1000	1000	1000	500	1000	0
H5B-O-12-00	O	0	32	13	0	A	1000	203	1000	1000	1000	500	1000	0
H5B-O-12-00	O	0	64	13	0	A	1000	203	1000	1000	1000	500	1000	0
H5B-O-12-02	O	0	1	1	1	1	400	15	0	0	76	1000	0	0
H5B-O-12-02	O	0	2	2	1	1	500	31	0	100	153	1000	0	0
H5B-O-12-02	O	0	4	4	1	1	500	62	0	0	307	1000	0	0
H5B-O-12-02	O	0	8	8	1	1	500	125	0	0	615	1000	0	0
H5B-O-12-02	O	0	16	13	0	A	1000	203	1000	1000	1000	500	1000	0
H5B-O-12-02	O	0	32	13	0	A	1000	203	1000	1000	1000	500	1000	0
H5B-O-12-02	O	0	64	13	0	A	1000	203	1000	1000	1000	500	1000	0
H5B-O-12-04	O	0	1	1	1	1	450	15	0	0	76	1000	0	0
H5B-O-12-04	O	0	2	2	1	1	500	31	0	50	153	1000	0	0
H5B-O-12-04	O	0	4	4	1	1	500	62	0	0	307	1000	0	0
H5B-O-12-04	O	0	8	8	1	1	500	125	0	0	615	1000	0	0
H5B-O-12-04	O	0	16	13	0	A	1000	203	1000	1000	1000	500	1000	0
H5B-O-12-04	O	0	32	13	0	A	1000	203	1000	1000	1000	500	1000	0
H5B-O-12-04	O	0	64	13	0	A	1000	203	1000	1000	1000	500	1000	0
H5B-O-12-06	O	0	1	1	1	1	250	15	0	0	76	1000	0	0
H5B-O-12-06	O	0	2	2	1	1	500	31	0	250	153	1000	0	0
H5B-O-12-06	O	0	4	4	1	1	500	62	0	0	307	1000	0	0
H5B-O-12-06	O	0	8	8	1	1	500	125	0	0	615	1000	0	0
H5B-O-12-06	O	0	16	13	0	A	1000	203	1000	1000	1000	500	1000	0
H5B-O-12-06	O	0	32	13	0	A	1000	203	1000	1000	1000	500	1000	0
H5B-O-12-06	O	0	64	13	0	A	1000	203	1000	1000	1000	500	1000	0
H5B-O-12-08	O	0	1	1	1	1	150	15	0	0	76	1000	0	0
H5B-O-12-08	O	0	2	2	1	1	500	31	0	350	153	1000	0	0
H5B-O-12-08	O	0	4	4	1	1	500	62	0	0	307	1000	0	0
H5B-O-12-08	O	0	8	8	1	1	500	125	0	0	615	1000	0	0
H5B-O-12-08	O	0	16	13	0	A	1000	203	1000	1000	1000	500	1000	0
H5B-O-12-08	O	0	32	13	0	A	1000	203	1000	1000	1000	500	1000	0
H5B-O-12-08	O	0	64	13	0	A	1000	203	1000	1000	1000	500	1000	0
H5B-O-20-00	O	0	1	1	1	1	300	15	0	0	47	1000	0	0
H5B-O-20-00	O	0	2	2	1	1	500	31	0	200	95	1000	0	0
H5B-O-20-00	O	0	4	4	1	1	500	62	0	0	190	1000	0	0
H5B-O-20-00	O	0	8	8	1	1	500	125	0	0	380	1000	0	0
H5B-O-20-00	O	0	16	16	1	1	500	250	0	0	761	1000	0	0
H5B-O-20-00	O	0	32	21	0	A	1000	328	1000	1000	1000	500	1000	0
H5B-O-20-00	O	0	64	21	0	A	1000	328	1000	1000	1000	500	1000	0
H5B-O-20-02	O	0	1	1	1	1	400	15	0	0	47	1000	0	0
H5B-O-20-02	O	0	2	2	1	1	500	31	0	100	95	1000	0	0
H5B-O-20-02	O	0	4	4	1	1	500	62	0	0	190	1000	0	0
H5B-O-20-02	O	0	8	8	1	1	500	125	0	0	380	1000	0	0
H5B-O-20-02	O	0	16	16	1	1	500	250	0	0	761	1000	0	0
H5B-O-20-02	O	0	32	21	0	A	1000	328	1000	1000	1000	500	1000	0
H5B-O-20-02	O	0	64	21	0	A	1000	328	1000	1000	1000	500	1000	0
H5B-O-20-04	O	0	1	1	1	1	450	15	0	0	47	1000	0	0
H5B-O-20-04	O	0	2	2	1	1	500	31	0	50	95	1000	0	0
H5B-O-20-04	O	0	4	4	1	1	500	62	0	0	190	1000	0	0
H5B-O-20-04	O	0	8	8	1	1	500	125	0	0	380	1000	0	0
H5B-O-20-04	O	0	16	16	1	1	500	250	0	0	761	1000	0	0
H5B-O-20-04	O	0	32	21	0	A	1000	328	1000	1000	1000	500	1000	0
H5B-O-20-04	O	0	64	21	0	A	1000	328	1000	1000	1000	500	1000	0
H5B-O-20-06	O	0	1	1	1	1	250	15	0	0	47	1000	0	0
H5B-O-20-06	O	0	2	2	1	1	500	31	0	250	95	1000	0	0
H5B-O-20-06	O	0	4	4	1	1	500	62	0	0	190	1000	0	0
H5B-O-20-06	O	0	8	8	1	1	500	125	0	0	380	1000	0	0
H5B-O-20-06	O	0	16	16	1	1	500	250	0	0	761	1000	0	0
H5B-O-20-06	O	0	32	21	0	A	1000	328	1000	1000	1000	500	1000	0
H5B-O-20-06	O	0	64	21	0	A	1000	328	1000	1000	1000	500	1000	0
H5B-O-20-08	O	0	1	1	1	1	150	15	0	0	47	1000	0	0
H5B-O-20-08	O	0	2	2	1	1	500	31	0	350	95	1000	0	0
H5B-O-20-08	O	0	4	4	1	1	500	62	0	0	190	1000	0	0
H5B-O-20-08	O	0	8	8	1	1	500	125	0	0	380	1000	0	0
H5B-O-20-08	O	0	16	16	1	1	500	250	0	0	761	1000	0	0
H5B-O-20-08	O	0	32	21	0	A	1000	328	1000	1000	1000	500	1000	0
H5B-O-20-08	O	0	64	21	0	A	1000	328	1000	1000	1000	500	1000	0
H5B-O-40-00	O	0	1	1	1	1	300	15	0	0	24	1000	0	0
H5B-O-40-00	O	0	2	2	1	1	500	31	0	200	48	1000	0	0
H5B-O-40-00	O	0	4	4	1	1	500	62	0	0	97	1000	0	0
H5B-O-40-00	O	0	8	8	1	1	500	125	0	0	195	1000	0	0
H5B-O-40-00	O	0	16	16	1	1	500	250	0	0	390	1000	0	0
H5B-O-40-00	O	0	32	32	1	1	500	500	0	0	780	1000	0	0
H5B-O-40-00	O	0	64	41	0	A	1000	640	1000	1000	1000	500	1000	0
H5B-O-40-02	O	0	1	1	1	1	400	15	0	0	24	1000	0	0
H5B-O-40-02	O	0	2	2	1	1	500	31	0	100	48	1000	0	0
H5B-O-40-02	O	0	4	4	1	1	500	62	0	0	97	1000	0	0
H5B-O-40-02	O	0	8	8	1	1	500	125	0	0	195	1000	0	0
H5B-O-40-02	O	0	16	16	1	1	500	250	0	0	390	1000	0	0
H5B-O-40-02	O	0	32	32	1	1	500	500	0	0	780	1000	0	0
H5B-O-40-02	O	0	64	41	0	A	1000	640	1000	1000	1000	500	1000	0
H5B-O-40-04	O	0	1	1	1	1	450	15	0	0	24	1000	0	0
H5B-O-40-04	O	0	2	2	1	1	500	31	0	50	48	1000	0	0
H5B-O-40-04	O	0	4	4	1	1	500	62	0	0	97	1000	0	0
H5B-O-40-04	O	0	8	8	1	1	500	125	0	0	195	1000	0	0
H5B-O-40-04	O	0	16	16	1	1	500	250	0	0	390	1000	0	0
H5B-O-40-04	O	0	32	32	1	1	500	500	0	0	780	1000	0	0
H5B-O-40-04	O	0	64	41	0	A	1000	640	1000	1000	1000	500	1000	0
H5B-O-40-06	O	0	1	1	1	1	250	15	0	0	24	1000	0	0
H5B-O-40-06	O	0	2	2	1	1	500	31	0	250	48	1000	0	0
H5B-O-40-06	O	0	4	4	1	1	500	62	0	0	97	1000	0	0
H5B-O-40-06	O	0	8	8	1	1	500	125	0	0	195	1000	0	0
H5B-O-40-06	O	0	16	16	1	1	500	250	0	0	390	1000	0	0
H5B-O-40-06	O	0	32	32	1	1	500	500	0	0	780	1000	0	0
H5B-O-40-06	O	0	64	41	0	A	1000	640	1000	1000	1000	500	1000	0
H5B-O-40-08	O	0	1	1	1	1	150	15	0	0	24	1000	0	0
H5B-O-40-08	O	0	2	2	1	1	500	31	0	350	48	1000	0	0
H5B-O-40-08	O	0	4	4	1	1	500	62	0	0	97	1000	0	0
H5B-O-40-08	O	0	8	8	1	1	500	125	0	0	195	1000	0	0
H5B-O-40-08	O	0	16	16	1	1	500	250	0	0	390	1000	0	0
H5B-O-40-08	O	0	32	32	1	1	500	500	0	0	780	1000	0	0
H5B-O-40-08	O	0	64	41	0	A	1000	640	1000	1000	1000	500	1000	0
H5B-P-06-01	P	1	1	1	1	0	250	15	0	0	125	1000	0	0
H5B-P-06-01	P	1	2	2	1	0	500	31	0	250	250	1000	0	0
H5B-P-06-01	P	1	4	4	1	0	500	62	0	0	500	1000	0	0
H5B-P-06-01	P	1	8	8	0	A	1000	125	1000	500	1000	500	1000	0
H5B-P-06-01	P	1	16	8	0	A	1000	125	1000	500	1000	500	1000	0
H5B-P-06-01	P	1	32	8	0	A	1000	125	1000	500	1000	500	1000	0
H5B-P-06-01	P	1	64	8	0	A	1000	125	1000	500	1000	500	1000	0
H5B-P-06-03	P	1	1	1	1	0	150	15	0	0	125	1000	0	0
H5B-P-06-03	P	1	2	2	1	0	500	31	0	350	250	1000	0	0
H5B-P-06-03	P	1	4	4	1	0	500	62	0	0	500	1000	0	0
H5B-P-06-03	P	1	8	8	0	A	1000	125	1000	500	1000	500	1000	0
H5B-P-06-03	P	1	16	8	0	A	1000	125	1000	500	1000	500	1000	0
H5B-P-06-03	P	1	32	8	0	A	1000	125	1000	500	1000	500	1000	0
H5B-P-06-03	P	1	64	8	0	A	1000	125	1000	500	1000	500	1000	0
H5B-P-06-05	P	1	1	1	1	0	300	15	0	0	125	1000	0	0
H5B-P-06-05	P	1	2	2	1	0	500	31	0	200	250	1000	0	0
H5B-P-06-05	P	1	4	4	1	0	500	62	0	0	500	1000	0	0
H5B-P-06-05	P	1	8	8	0	A	1000	125	1000	500	1000	500	1000	0
H5B-P-06-05	P	1	16	8	0	A	1000	125	1000	500	1000	500	1000	0
H5B-P-06-05	P	1	32	8	0	A	1000	125	1000	500	1000	500	1000	0
H5B-P-06-05	P	1	64	8	0	A	1000	125	1000	500	1000	500	1000	0
H5B-P-06-07	P	1	1	1	1	0	400	15	0	0	125	1000	0	0
H5B-P-06-07	P	1	2	2	1	0	500	31	0	100	250	1000	0	0
H5B-P-06-07	P	1	4	4	1	0	500	62	0	0	500	1000	0	0
H5B-P-06-07	P	1	8	8	0	A	1000	125	1000	500	1000	500	1000	0
H5B-P-06-07	P	1	16	8	0	A	1000	125	1000	500	1000	500	1000	0
H5B-P-06-07	P	1	32	8	0	A	1000	125	1000	500	1000	500	1000	0
H5B-P-06-07	P	1	64	8	0	A	1000	125	1000	500	1000	500	1000	0
H5B-P-06-09	P	1	1	1	1	0	450	15	0	0	125	1000	0	0
H5B-P-06-09	P	1	2	2	1	0	500	31	0	50	250	1000	0	0
H5B-P-06-09	P	1	4	4	1	0	500	62	0	0	500	1000	0	0
H5B-P-06-09	P	1	8	8	0	A	1000	125	1000	500	1000	500	1000	0
H5B-P-06-09	P	1	16	8	0	A	1000	125	1000	500	1000	500	1000	0
H5B-P-06-09	P	1	32	8	0	A	1000	125	1000	500	1000	500	1000	0
H5B-P-06-09	P	1	64	8	0	A	1000	125	1000	500	1000	500	1000	0
H5B-P-12-01	P	1	1	1	1	0	250	15	0	0	71	1000	0	0
H5B-P-12-01	P	1	2	2	1	0	500	31	0	250	142	1000	0	0
H5B-P-12-01	P	1	4	4	1	0	500	62	0	0	285	1000	0	0
H5B-P-12-01	P	1	8	8	1	0	500	125	0	0	571	1000	0	0
H5B-P-12-01	P	1	16	14	0	A	1000	218	1000	500	1000	500	1000	0
H5B-P-12-01	P	1	32	14	0	A	1000	218	1000	500	1000	500	1000	0
H5B-P-12-01	P	1	64	14	0	A	1000	218	1000	500	1000	500	1000	0
H5B-P-12-03	P	1	1	1	1	0	150	15	0	0	71	1000	0	0
H5B-P-12-03	P	1	2	2	1	0	500	31	0	350	142	1000	0	0
H5B-P-12-03	P	1	4	4	1	0	500	62	0	0	285	1000	0	0
H5B-P-12-03	P	1	8	8	1	0	500	125	0	0	571	1000	0	0
H5B-P-12-03	P	1	16	14	0	A	1000	218	1000	500	1000	500	1000	0
H5B-P-12-03	P	1	32	14	0	A	1000	218	1000	500	1000	500	1000	0
H5B-P-12-03	P	1	64	14	0	A	1000	218	1000	500	1000	500	1000	0
H5B-P-12-05	P	1	1	1	1	0	300	15	0	0	71	1000	0	0
H5B-P-12-05	P	1	2	2	1	0	500	31	0	200	142	1000	0	0
H5B-P-12-05	P	1	4	4	1	0	500	62	0	0	285	1000	0	0
H5B-P-12-05	P	1	8	8	1	0	500	125	0	0	571	1000	0	0
H5B-P-12-05	P	1	16	14	0	A	1000	218	1000	500	1000	500	1000	0
H5B-P-12-05	P	1	32	14	0	A	1000	218	1000	500	1000	500	1000	0
H5B-P-12-05	P	1	64	14	0	A	1000	218	1000	500	1000	500	1000	0
H5B-P-12-07	P	1	1	1	1	0	400	15	0	0	71	1000	0	0
H5B-P-12-07	P	1	2	2	1	0	500	31	0	100	142	1000	0	0
H5B-P-12-07	P	1	4	4	1	0	500	62	0	0	285	1000	0	0
H5B-P-12-07	P	1	8	8	1	0	500	125	0	0	571	1000	0	0
H5B-P-12-07	P	1	16	14	0	A	1000	218	1000	500	1000	500	1000	0
H5B-P-12-07	P	1	32	14	0	A	1000	218	1000	500	1000	500	1000	0
H5B-P-12-07	P	1	64	14	0	A	1000	218	1000	500	1000	500	1000	0
H5B-P-12-09	P	1	1	1	1	0	450	15	0	0	71	1000	0	0
H5B-P-12-09	P	1	2	2	1	0	500	31	0	50	142	1000	0	0
H5B-P-12-09	P	1	4	4	1	0	500	62	0	0	285	1000	0	0
H5B-P-12-09	P	1	8	8	1	0	500	125	0	0	571	1000	0	0
H5B-P-12-09	P	1	16	14	0	A	1000	218	1000	500	1000	500	1000	0
H5B-P-12-09	P	1	32	14	0	A	1000	218	1000	500	1000	500	1000	0
H5B-P-12-09	P	1	64	14	0	A	1000	218	1000	500	1000	500	1000	0
H5B-P-20-01	P	1	1	1	1	0	250	15	0	0	45	1000	0	0
H5B-P-20-01	P	1	2	2	1	0	500	31	0	250	90	1000	0	0
H5B-P-20-01	P	1	4	4	1	0	500	62	0	0	181	1000	0	0
H5B-P-20-01	P	1	8	8	1	0	500	125	0	0	363	1000	0	0
H5B-P-20-01	P	1	16	16	1	0	500	250	0	0	727	1000	0	0
H5B-P-20-01	P	1	32	22	0	A	1000	343	1000	500	1000	500	1000	0
H5B-P-20-01	P	1	64	22	0	A	1000	343	1000	500	1000	500	1000	0
H5B-P-20-03	P	1	1	1	1	0	150	15	0	0	45	1000	0	0
H5B-P-20-03	P	1	2	2	1	0	500	31	0	350	90	1000	0	0
H5B-P-20-03	P	1	4	4	1	0	500	62	0	0	181	1000	0	0
H5B-P-20-03	P	1	8	8	1	0	500	125	0	0	363	1000	0	0
H5B-P-20-03	P	1	16	16	1	0	500	250	0	0	727	1000	0	0
H5B-P-20-03	P	1	32	22	0	A	1000	343	1000	500	1000	500	1000	0
H5B-P-20-03	P	1	64	22	0	A	1000	343	1000	500	1000	500	1000	0
H5B-P-20-05	P	1	1	1	1	0	300	15	0	0	45	1000	0	0
H5B-P-20-05	P	1	2	2	1	0	500	31	0	200	90	1000	0	0
H5B-P-20-05	P	1	4	4	1	0	500	62	0	0	181	1000	0	0
H5B-P-20-05	P	1	8	8	1	0	500	125	0	0	363	1000	0	0
H5B-P-20-05	P	1	16	16	1	0	500	250	0	0	727	1000	0	0
H5B-P-20-05	P	1	32	22	0	A	1000	343	1000	500	1000	500	1000	0
H5B-P-20-05	P	1	64	22	0	A	1000	343	1000	500	1000	500	1000	0
H5B-P-20-07	P	1	1	1	1	0	400	15	0	0	45	1000	0	0
H5B-P-20-07	P	1	2	2	1	0	500	31	0	100	90	1000	0	0
H5B-P-20-07	P	1	4	4	1	0	500	62	0	0	181	1000	0	0
H5B-P-20-07	P	1	8	8	1	0	500	125	0	0	363	1000	0	0
H5B-P-20-07	P	1	16	16	1	0	500	250	0	0	727	1000	0	0
H5B-P-20-07	P	1	32	22	0	A	1000	343	1000	500	1000	500	1000	0
H5B-P-20-07	P	1	64	22	0	A	1000	343	1000	500	1000	500	1000	0
H5B-P-20-09	P	1	1	1	1	0	450	15	0	0	45	1000	0	0
H5B-P-20-09	P	1	2	2	1	0	500	31	0	50	90	1000	0	0
H5B-P-20-09	P	1	4	4	1	0	500	62	0	0	181	1000	0	0
H5B-P-20-09	P	1	8	8	1	0	500	125	0	0	363	1000	0	0
H5B-P-20-09	P	1	16	16	1	0	500	250	0	0	727	1000	0	0
H5B-P-20-09	P	1	32	22	0	A	1000	343	1000	500	1000	500	1000	0
H5B-P-20-09	P	1	64	22	0	A	1000	343	1000	500	1000	500	1000	0
H5B-P-40-01	P	1	1	1	1	0	250	15	0	0	23	1000	0	0
H5B-P-40-01	P	1	2	2	1	0	500	31	0	250	47	1000	0	0
H5B-P-40-01	P	1	4	4	1	0	500	62	0	0	95	1000	0	0
H5B-P-40-01	P	1	8	8	1	0	500	125	0	0	190	1000	0	0
H5B-P-40-01	P	1	16	16	1	0	500	250	0	0	380	1000	0	0
H5B-P-40-01	P	1	32	32	1	0	500	500	0	0	761	1000	0	0
H5B-P-40-01	P	1	64	42	0	A	1000	656	1000	500	1000	500	1000	0
H5B-P-40-03	P	1	1	1	1	0	150	15	0	0	23	1000	0	0
H5B-P-40-03	P	1	2	2	1	0	500	31	0	350	47	1000	0	0
H5B-P-40-03	P	1	4	4	1	0	500	62	0	0	95	1000	0	0
H5B-P-40-03	P	1	8	8	1	0	500	125	0	0	190	1000	0	0
H5B-P-40-03	P	1	16	16	1	0	500	250	0	0	380	1000	0	0
H5B-P-40-03	P	1	32	32	1	0	500	500	0	0	761	1000	0	0
H5B-P-40-03	P	1	64	42	0	A	1000	656	1000	500	1000	500	1000	0
H5B-P-40-05	P	1	1	1	1	0	300	15	0	0	23	1000	0	0
H5B-P-40-05	P	1	2	2	1	0	500	31	0	200	47	1000	0	0
H5B-P-40-05	P	1	4	4	1	0	500	62	0	0	95	1000	0	0
H5B-P-40-05	P	1	8	8	1	0	500	125	0	0	190	1000	0	0
H5B-P-40-05	P	1	16	16	1	0	500	250	0	0	380	1000	0	0
H5B-P-40-05	P	1	32	32	1	0	500	500	0	0	761	1000	0	0
H5B-P-40-05	P	1	64	42	0	A	1000	656	1000	500	1000	500	1000	0
H5B-P-40-07	P	1	1	1	1	0	400	15	0	0	23	1000	0	0
H5B-P-40-07	P	1	2	2	1	0	500	31	0	100	47	1000	0	0
H5B-P-40-07	P	1	4	4	1	0	500	62	0	0	95	1000	0	0
H5B-P-40-07	P	1	8	8	1	0	500	125	0	0	190	1000	0	0
H5B-P-40-07	P	1	16	16	1	0	500	250	0	0	380	1000	0	0
H5B-P-40-07	P	1	32	32	1	0	500	500	0	0	761	1000	0	0
H5B-P-40-07	P	1	64	42	0	A	1000	656	1000	500	1000	500	1000	0
H5B-P-40-09	P	1	1	1	1	0	450	15	0	0	23	1000	0	0
H5B-P-40-09	P	1	2	2	1	0	500	31	0	50	47	1000	0	0
H5B-P-40-09	P	1	4	4	1	0	500	62	0	0	95	1000	0	0
H5B-P-40-09	P	1	8	8	1	0	500	125	0	0	190	1000	0	0
H5B-P-40-09	P	1	16	16	1	0	500	250	0	0	380	1000	0	0
H5B-P-40-09	P	1	32	32	1	0	500	500	0	0	761	1000	0	0
H5B-P-40-09	P	1	64	42	0	A	1000	656	1000	500	1000	500	1000	0
H5B-D-0-01	D	1	1	1	1	1	500	15	0	0	500	500	1000	0
H5B-D-0-01	D	1	2	2	1	1	1000	31	0	500	1000	500	1000	0
H5B-D-0-01	D	1	4	2	1	1	1000	31	0	500	1000	500	1000	0
H5B-D-0-01	D	1	8	2	1	1	1000	31	0	500	1000	500	1000	0
H5B-D-0-01	D	1	16	2	1	1	1000	31	0	500	1000	500	1000	0
H5B-D-0-01	D	1	32	2	1	1	1000	31	0	500	1000	500	1000	0
H5B-D-0-01	D	1	64	2	1	1	1000	31	0	500	1000	500	1000	0
H5B-D-0-03	D	1	1	1	1	1	500	15	0	0	500	500	1000	0
H5B-D-0-03	D	1	2	2	1	1	1000	31	0	500	1000	500	1000	0
H5B-D-0-03	D	1	4	2	1	1	1000	31	0	500	1000	500	1000	0
H5B-D-0-03	D	1	8	2	1	1	1000	31	0	500	1000	500	1000	0
H5B-D-0-03	D	1	16	2	1	1	1000	31	0	500	1000	500	1000	0
H5B-D-0-03	D	1	32	2	1	1	1000	31	0	500	1000	500	1000	0
H5B-D-0-03	D	1	64	2	1	1	1000	31	0	500	1000	500	1000	0
H5B-D-0-05	D	1	1	1	1	1	500	15	0	0	500	500	1000	0
H5B-D-0-05	D	1	2	2	1	1	1000	31	0	500	1000	500	1000	0
H5B-D-0-05	D	1	4	2	1	1	1000	31	0	500	1000	500	1000	0
H5B-D-0-05	D	1	8	2	1	1	1000	31	0	500	1000	500	1000	0
H5B-D-0-05	D	1	16	2	1	1	1000	31	0	500	1000	500	1000	0
H5B-D-0-05	D	1	32	2	1	1	1000	31	0	500	1000	500	1000	0
H5B-D-0-05	D	1	64	2	1	1	1000	31	0	500	1000	500	1000	0
H5B-D-0-07	D	1	1	1	1	1	500	15	0	0	500	500	1000	0
H5B-D-0-07	D	1	2	2	1	1	1000	31	0	500	1000	500	1000	0
H5B-D-0-07	D	1	4	2	1	1	1000	31	0	500	1000	500	1000	0
H5B-D-0-07	D	1	8	2	1	1	1000	31	0	500	1000	500	1000	0
H5B-D-0-07	D	1	16	2	1	1	1000	31	0	500	1000	500	1000	0
H5B-D-0-07	D	1	32	2	1	1	1000	31	0	500	1000	500	1000	0
H5B-D-0-07	D	1	64	2	1	1	1000	31	0	500	1000	500	1000	0
H5B-D-0-09	D	1	1	1	1	1	500	15	0	0	500	500	1000	0
H5B-D-0-09	D	1	2	2	1	1	1000	31	0	500	1000	500	1000	0
H5B-D-0-09	D	1	4	2	1	1	1000	31	0	500	1000	500	1000	0
H5B-D-0-09	D	1	8	2	1	1	1000	31	0	500	1000	500	1000	0
H5B-D-0-09	D	1	16	2	1	1	1000	31	0	500	1000	500	1000	0
H5B-D-0-09	D	1	32	2	1	1	1000	31	0	500	1000	500	1000	0
H5B-D-0-09	D	1	64	2	1	1	1000	31	0	500	1000	500	1000	0
H5B-D-1-01	D	1	1	1	1	0	100	15	0	0	333	1000	0	0
H5B-D-1-01	D	1	2	2	0	A	500	31	1000	400	666	500	1000	0
H5B-D-1-01	D	1	4	3	0	A	1000	46	1000	500	1000	500	1000	0
H5B-D-1-01	D	1	8	3	0	A	1000	46	1000	500	1000	500	1000	0
H5B-D-1-01	D	1	16	3	0	A	1000	46	1000	500	1000	500	1000	0
H5B-D-1-01	D	1	32	3	0	A	1000	46	1000	500	1000	500	1000	0
H5B-D-1-01	D	1	64	3	0	A	1000	46	1000	500	1000	500	1000	0
H5B-D-1-03	D	1	1	1	1	0	100	15	0	0	333	1000	0	0
H5B-D-1-03	D	1	2	2	0	A	500	31	1000	400	666	500	1000	0
H5B-D-1-03	D	1	4	3	0	A	1000	46	1000	500	1000	500	1000	0
H5B-D-1-03	D	1	8	3	0	A	1000	46	1000	500	1000	500	1000	0
H5B-D-1-03	D	1	16	3	0	A	1000	46	1000	500	1000	500	1000	0
H5B-D-1-03	D	1	32	3	0	A	1000	46	1000	500	1000	500	1000	0
H5B-D-1-03	D	1	64	3	0	A	1000	46	1000	500	1000	500	1000	0
H5B-D-1-05	D	1	1	1	1	0	100	15	0	0	333	1000	0	0
H5B-D-1-05	D	1	2	2	0	A	500	31	1000	400	666	500	1000	0
H5B-D-1-05	D	1	4	3	0	A	1000	46	1000	500	1000	500	1000	0
H5B-D-1-05	D	1	8	3	0	A	1000	46	1000	500	1000	500	1000	0
H5B-D-1-05	D	1	16	3	0	A	1000	46	1000	500	1000	500	1000	0
H5B-D-1-05	D	1	32	3	0	A	1000	46	1000	500	1000	500	1000	0
H5B-D-1-05	D	1	64	3	0	A	1000	46	1000	500	1000	500	1000	0
H5B-D-1-07	D	1	1	1	1	0	100	15	0	0	333	1000	0	0
H5B-D-1-07	D	1	2	2	0	A	500	31	1000	400	666	500	1000	0
H5B-D-1-07	D	1	4	3	0	A	1000	46	1000	500	1000	500	1000	0
H5B-D-1-07	D	1	8	3	0	A	1000	46	1000	500	1000	500	1000	0
H5B-D-1-07	D	1	16	3	0	A	1000	46	1000	500	1000	500	1000	0
H5B-D-1-07	D	1	32	3	0	A	1000	46	1000	500	1000	500	1000	0
H5B-D-1-07	D	1	64	3	0	A	1000	46	1000	500	1000	500	1000	0
H5B-D-1-09	D	1	1	1	1	0	100	15	0	0	333	1000	0	0
H5B-D-1-09	D	1	2	2	0	A	500	31	1000	400	666	500	1000	0
H5B-D-1-09	D	1	4	3	0	A	1000	46	1000	500	1000	500	1000	0
H5B-D-1-09	D	1	8	3	0	A	1000	46	1000	500	1000	500	1000	0
H5B-D-1-09	D	1	16	3	0	A	1000	46	1000	500	1000	500	1000	0
H5B-D-1-09	D	1	32	3	0	A	1000	46	1000	500	1000	500	1000	0
H5B-D-1-09	D	1	64	3	0	A	1000	46	1000	500	1000	500	1000	0
H5B-D-2-01	D	1	1	1	1	0	100	15	0	0	250	1000	0	0
H5B-D-2-01	D	1	2	2	1	0	200	31	0	100	500	1000	0	0
H5B-D-2-01	D	1	4	4	0	A	1000	62	1000	200	1000	500	1000	0
H5B-D-2-01	D	1	8	4	0	A	1000	62	1000	200	1000	500	1000	0
H5B-D-2-01	D	1	16	4	0	A	1000	62	1000	200	1000	500	1000	0
H5B-D-2-01	D	1	32	4	0	A	1000	62	1000	200	1000	500	1000	0
H5B-D-2-01	D	1	64	4	0	A	1000	62	1000	200	1000	500	1000	0
H5B-D-2-03	D	1	1	1	1	0	100	15	0	0	250	1000	0	0
H5B-D-2-03	D	1	2	2	1	0	200	31	0	100	500	1000	0	0
H5B-D-2-03	D	1	4	4	0	A	1000	62	1000	200	1000	500	1000	0
H5B-D-2-03	D	1	8	4	0	A	1000	62	1000	200	1000	500	1000	0
H5B-D-2-03	D	1	16	4	0	A	1000	62	1000	200	1000	500	1000	0
H5B-D-2-03	D	1	32	4	0	A	1000	62	1000	200	1000	500	1000	0
H5B-D-2-03	D	1	64	4	0	A	1000	62	1000	200	1000	500	1000	0
H5B-D-2-05	D	1	1	1	1	0	100	15	0	0	250	1000	0	0
H5B-D-2-05	D	1	2	2	1	0	200	31	0	100	500	1000	0	0
H5B-D-2-05	D	1	4	4	0	A	1000	62	1000	200	1000	500	1000	0
H5B-D-2-05	D	1	8	4	0	A	1000	62	1000	200	1000	500	1000	0
H5B-D-2-05	D	1	16	4	0	A	1000	62	1000	200	1000	500	1000	0
H5B-D-2-05	D	1	32	4	0	A	1000	62	1000	200	1000	500	1000	0
H5B-D-2-05	D	1	64	4	0	A	1000	62	1000	200	1000	500	1000	0
H5B-D-2-07	D	1	1	1	1	0	100	15	0	0	250	1000	0	0
H5B-D-2-07	D	1	2	2	1	0	200	31	0	100	500	1000	0	0
H5B-D-2-07	D	1	4	4	0	A	1000	62	1000	200	1000	500	1000	0
H5B-D-2-07	D	1	8	4	0	A	1000	62	1000	200	1000	500	1000	0
H5B-D-2-07	D	1	16	4	0	A	1000	62	1000	200	1000	500	1000	0
H5B-D-2-07	D	1	32	4	0	A	1000	62	1000	200	1000	500	1000	0
H5B-D-2-07	D	1	64	4	0	A	1000	62	1000	200	1000	500	1000	0
H5B-D-2-09	D	1	1	1	1	0	100	15	0	0	250	1000	0	0
H5B-D-2-09	D	1	2	2	1	0	200	31	0	100	500	1000	0	0
H5B-D-2-09	D	1	4	4	0	A	1000	62	1000	200	1000	500	1000	0
H5B-D-2-09	D	1	8	4	0	A	1000	62	1000	200	1000	500	1000	0
H5B-D-2-09	D	1	16	4	0	A	1000	62	1000	200	1000	500	1000	0
H5B-D-2-09	D	1	32	4	0	A	1000	62	1000	200	1000	500	1000	0
H5B-D-2-09	D	1	64	4	0	A	1000	62	1000	200	1000	500	1000	0
H5B-D-6-01	D	1	1	1	1	0	100	15	0	0	125	1000	0	0
H5B-D-6-01	D	1	2	2	1	0	200	31	0	100	250	1000	0	0
H5B-D-6-01	D	1	4	4	1	0	400	62	0	100	500	1000	0	0
H5B-D-6-01	D	1	8	8	0	A	1000	125	1000	600	1000	500	1000	200
H5B-D-6-01	D	1	16	8	0	A	1000	125	1000	600	1000	500	1000	200
H5B-D-6-01	D	1	32	8	0	A	1000	125	1000	600	1000	500	1000	200
H5B-D-6-01	D	1	64	8	0	A	1000	125	1000	600	1000	500	1000	200
H5B-D-6-03	D	1	1	1	1	0	100	15	0	0	125	1000	0	0
H5B-D-6-03	D	1	2	2	1	0	200	31	0	100	250	1000	0	0
H5B-D-6-03	D	1	4	4	1	0	400	62	0	100	500	1000	0	0
H5B-D-6-03	D	1	8	8	0	A	1000	125	1000	600	1000	500	1000	200
H5B-D-6-03	D	1	16	8	0	A	1000	125	1000	600	1000	500	1000	200
H5B-D-6-03	D	1	32	8	0	A	1000	125	1000	600	1000	500	1000	200
H5B-D-6-03	D	1	64	8	0	A	1000	125	1000	600	1000	500	1000	200
H5B-D-6-05	D	1	1	1	1	0	100	15	0	0	125	1000	0	0
H5B-D-6-05	D	1	2	2	1	0	200	31	0	100	250	1000	0	0
H5B-D-6-05	D	1	4	4	1	0	400	62	0	100	500	1000	0	0
H5B-D-6-05	D	1	8	8	0	A	1000	125	1000	600	1000	500	1000	200
H5B-D-6-05	D	1	16	8	0	A	1000	125	1000	600	1000	500	1000	200
H5B-D-6-05	D	1	32	8	0	A	1000	125	1000	600	1000	500	1000	200
H5B-D-6-05	D	1	64	8	0	A	1000	125	1000	600	1000	500	1000	200
H5B-D-6-07	D	1	1	1	1	0	100	15	0	0	125	1000	0	0
H5B-D-6-07	D	1	2	2	1	0	200	31	0	100	250	1000	0	0
H5B-D-6-07	D	1	4	4	1	0	400	62	0	100	500	1000	0	0
H5B-D-6-07	D	1	8	8	0	A	1000	125	1000	600	1000	500	1000	200
H5B-D-6-07	D	1	16	8	0	A	1000	125	1000	600	1000	500	1000	200
H5B-D-6-07	D	1	32	8	0	A	1000	125	1000	600	1000	500	1000	200
H5B-D-6-07	D	1	64	8	0	A	1000	125	1000	600	1000	500	1000	200
H5B-D-6-09	D	1	1	1	1	0	100	15	0	0	125	1000	0	0
H5B-D-6-09	D	1	2	2	1	0	200	31	0	100	250	1000	0	0
H5B-D-6-09	D	1	4	4	1	0	400	62	0	100	500	1000	0	0
H5B-D-6-09	D	1	8	8	0	A	1000	125	1000	600	1000	500	1000	200
H5B-D-6-09	D	1	16	8	0	A	1000	125	1000	600	1000	500	1000	200
H5B-D-6-09	D	1	32	8	0	A	1000	125	1000	600	1000	500	1000	200
H5B-D-6-09	D	1	64	8	0	A	1000	125	1000	600	1000	500	1000	200
H5B-O-06-01	O	1	1	1	1	1	250	15	0	0	142	1000	0	0
H5B-O-06-01	O	1	2	2	1	1	500	31	0	250	285	1000	0	0
H5B-O-06-01	O	1	4	4	1	1	500	62	0	0	571	1000	0	0
H5B-O-06-01	O	1	8	7	0	A	1000	109	1000	800	1000	500	1000	0
H5B-O-06-01	O	1	16	7	0	A	1000	109	1000	800	1000	500	1000	0
H5B-O-06-01	O	1	32	7	0	A	1000	109	1000	800	1000	500	1000	0
H5B-O-06-01	O	1	64	7	0	A	1000	109	1000	800	1000	500	1000	0
H5B-O-06-03	O	1	1	1	1	1	150	15	0	0	142	1000	0	0
H5B-O-06-03	O	1	2	2	1	1	500	31	0	350	285	1000	0	0
H5B-O-06-03	O	1	4	4	1	1	500	62	0	0	571	1000	0	0
H5B-O-06-03	O	1	8	7	0	A	1000	109	1000	770	1000	500	1000	0
H5B-O-06-03	O	1	16	7	0	A	1000	109	1000	770	1000	500	1000	0
H5B-O-06-03	O	1	32	7	0	A	1000	109	1000	770	1000	500	1000	0
H5B-O-06-03	O	1	64	7	0	A	1000	109	1000	770	1000	500	1000	0
H5B-O-06-05	O	1	1	1	1	1	300	15	0	0	142	1000	0	0
H5B-O-06-05	O	1	2	2	1	1	500	31	0	200	285	1000	0	0
H5B-O-06-05	O	1	4	4	1	1	500	62	0	0	571	1000	0	0
H5B-O-06-05	O	1	8	7	0	A	1000	109	1000	830	1000	500	1000	0
H5B-O-06-05	O	1	16	7	0	A	1000	109	1000	830	1000	500	1000	0
H5B-O-06-05	O	1	32	7	0	A	1000	109	1000	830	1000	500	1000	0
H5B-O-06-05	O	1	64	7	0	A	1000	109	1000	830	1000	500	1000	0
H5B-O-06-07	O	1	1	1	1	1	400	15	0	0	142	1000	0	0
H5B-O-06-07	O	1	2	2	1	1	500	31	0	100	285	1000	0	0
H5B-O-06-07	O	1	4	4	1	1	500	62	0	0	571	1000	0	0
H5B-O-06-07	O	1	8	7	0	A	1000	109	1000	800	1000	500	1000	0
H5B-O-06-07	O	1	16	7	0	A	1000	109	1000	800	1000	500	1000	0
H5B-O-06-07	O	1	32	7	0	A	1000	109	1000	800	1000	500	1000	0
H5B-O-06-07	O	1	64	7	0	A	1000	109	1000	800	1000	500	1000	0
H5B-O-06-09	O	1	1	1	1	1	450	15	0	0	142	1000	0	0
H5B-O-06-09	O	1	2	2	1	1	500	31	0	50	285	1000	0	0
H5B-O-06-09	O	1	4	4	1	1	500	62	0	0	571	1000	0	0
H5B-O-06-09	O	1	8	7	0	A	1000	109	1000	770	1000	500	1000	0
H5B-O-06-09	O	1	16	7	0	A	1000	109	1000	770	1000	500	1000	0
H5B-O-06-09	O	1	32	7	0	A	1000	109	1000	770	1000	500	1000	0
H5B-O-06-09	O	1	64	7	0	A	1000	109	1000	770	1000	500	1000	0
H5B-O-12-01	O	1	1	1	1	1	250	15	0	0	76	1000	0	0
H5B-O-12-01	O	1	2	2	1	1	500	31	0	250	153	1000	0	0
H5B-O-12-01	O	1	4	4	1	1	500	62	0	0	307	1000	0	0
H5B-O-12-01	O	1	8	8	1	1	500	125	0	0	615	1000	0	0
H5B-O-12-01	O	1	16	13	0	A	1000	203	1000	1000	1000	500	1000	0
H5B-O-12-01	O	1	32	13	0	A	1000	203	1000	1000	1000	500	1000	0
H5B-O-12-01	O	1	64	13	0	A	1000	203	1000	1000	1000	500	1000	0
H5B-O-12-03	O	1	1	1	1	1	150	15	0	0	76	1000	0	0
H5B-O-12-03	O	1	2	2	1	1	500	31	0	350	153	1000	0	0
H5B-O-12-03	O	1	4	4	1	1	500	62	0	0	307	1000	0	0
H5B-O-12-03	O	1	8	8	1	1	500	125	0	0	615	1000	0	0
H5B-O-12-03	O	1	16	13	0	A	1000	203	1000	1000	1000	500	1000	0
H5B-O-12-03	O	1	32	13	0	A	1000	203	1000	1000	1000	500	1000	0
H5B-O-12-03	O	1	64	13	0	A	1000	203	1000	1000	1000	500	1000	0
H5B-O-12-05	O	1	1	1	1	1	300	15	0	0	76	1000	0	0
H5B-O-12-05	O	1	2	2	1	1	500	31	0	200	153	1000	0	0
H5B-O-12-05	O	1	4	4	1	1	500	62	0	0	307	1000	0	0
H5B-O-12-05	O	1	8	8	1	1	500	125	0	0	615	1000	0	0
H5B-O-12-05	O	1	16	13	0	A	1000	203	1000	1000	1000	500	1000	0
H5B-O-12-05	O	1	32	13	0	A	1000	203	1000	1000	1000	500	1000	0
H5B-O-12-05	O	1	64	13	0	A	1000	203	1000	1000	1000	500	1000	0
H5B-O-12-07	O	1	1	1	1	1	400	15	0	0	76	1000	0	0
H5B-O-12-07	O	1	2	2	1	1	500	31	0	100	153	1000	0	0
H5B-O-12-07	O	1	4	4	1	1	500	62	0	0	307	1000	0	0
H5B-O-12-07	O	1	8	8	1	1	500	125	0	0	615	1000	0	0
H5B-O-12-07	O	1	16	13	0	A	1000	203	1000	1000	1000	500	1000	0
H5B-O-12-07	O	1	32	13	0	A	1000	203	1000	1000	1000	500	1000	0
H5B-O-12-07	O	1	64	13	0	A	1000	203	1000	1000	1000	500	1000	0
H5B-O-12-09	O	1	1	1	1	1	450	15	0	0	76	1000	0	0
H5B-O-12-09	O	1	2	2	1	1	500	31	0	50	153	1000	0	0
H5B-O-12-09	O	1	4	4	1	1	500	62	0	0	307	1000	0	0
H5B-O-12-09	O	1	8	8	1	1	500	125	0	0	615	1000	0	0
H5B-O-12-09	O	1	16	13	0	A	1000	203	1000	1000	1000	500	1000	0
H5B-O-12-09	O	1	32	13	0	A	1000	203	1000	1000	1000	500	1000	0
H5B-O-12-09	O	1	64	13	0	A	1000	203	1000	1000	1000	500	1000	0
H5B-O-20-01	O	1	1	1	1	1	250	15	0	0	47	1000	0	0
H5B-O-20-01	O	1	2	2	1	1	500	31	0	250	95	1000	0	0
H5B-O-20-01	O	1	4	4	1	1	500	62	0	0	190	1000	0	0
H5B-O-20-01	O	1	8	8	1	1	500	125	0	0	380	1000	0	0
H5B-O-20-01	O	1	16	16	1	1	500	250	0	0	761	1000	0	0
H5B-O-20-01	O	1	32	21	0	A	1000	328	1000	1000	1000	500	1000	0
H5B-O-20-01	O	1	64	21	0	A	1000	328	1000	1000	1000	500	1000	0
H5B-O-20-03	O	1	1	1	1	1	150	15	0	0	47	1000	0	0
H5B-O-20-03	O	1	2	2	1	1	500	31	0	350	95	1000	0	0
H5B-O-20-03	O	1	4	4	1	1	500	62	0	0	190	1000	0	0
H5B-O-20-03	O	1	8	8	1	1	500	125	0	0	380	1000	0	0
H5B-O-20-03	O	1	16	16	1	1	500	250	0	0	761	1000	0	0
H5B-O-20-03	O	1	32	21	0	A	1000	328	1000	1000	1000	500	1000	0
H5B-O-20-03	O	1	64	21	0	A	1000	328	1000	1000	1000	500	1000	0
H5B-O-20-05	O	1	1	1	1	1	300	15	0	0	47	1000	0	0
H5B-O-20-05	O	1	2	2	1	1	500	31	0	200	95	1000	0	0
H5B-O-20-05	O	1	4	4	1	1	500	62	0	0	190	1000	0	0
H5B-O-20-05	O	1	8	8	1	1	500	125	0	0	380	1000	0	0
H5B-O-20-05	O	1	16	16	1	1	500	250	0	0	761	1000	0	0
H5B-O-20-05	O	1	32	21	0	A	1000	328	1000	1000	1000	500	1000	0
H5B-O-20-05	O	1	64	21	0	A	1000	328	1000	1000	1000	500	1000	0
H5B-O-20-07	O	1	1	1	1	1	400	15	0	0	47	1000	0	0
H5B-O-20-07	O	1	2	2	1	1	500	31	0	100	95	1000	0	0
H5B-O-20-07	O	1	4	4	1	1	500	62	0	0	190	1000	0	0
H5B-O-20-07	O	1	8	8	1	1	500	125	0	0	380	1000	0	0
H5B-O-20-07	O	1	16	16	1	1	500	250	0	0	761	1000	0	0
H5B-O-20-07	O	1	32	21	0	A	1000	328	1000	1000	1000	500	1000	0
H5B-O-20-07	O	1	64	21	0	A	1000	328	1000	1000	1000	500	1000	0
H5B-O-20-09	O	1	1	1	1	1	450	15	0	0	47	1000	0	0
H5B-O-20-09	O	1	2	2	1	1	500	31	0	50	95	1000	0	0
H5B-O-20-09	O	1	4	4	1	1	500	62	0	0	190	1000	0	0
H5B-O-20-09	O	1	8	8	1	1	500	125	0	0	380	1000	0	0
H5B-O-20-09	O	1	16	16	1	1	500	250	0	0	761	1000	0	0
H5B-O-20-09	O	1	32	21	0	A	1000	328	1000	1000	1000	500	1000	0
H5B-O-20-09	O	1	64	21	0	A	1000	328	1000	1000	1000	500	1000	0
H5B-O-40-01	O	1	1	1	1	1	250	15	0	0	24	1000	0	0
H5B-O-40-01	O	1	2	2	1	1	500	31	0	250	48	1000	0	0
H5B-O-40-01	O	1	4	4	1	1	500	62	0	0	97	1000	0	0
H5B-O-40-01	O	1	8	8	1	1	500	125	0	0	195	1000	0	0
H5B-O-40-01	O	1	16	16	1	1	500	250	0	0	390	1000	0	0
H5B-O-40-01	O	1	32	32	1	1	500	500	0	0	780	1000	0	0
H5B-O-40-01	O	1	64	41	0	A	1000	640	1000	1000	1000	500	1000	0
H5B-O-40-03	O	1	1	1	1	1	150	15	0	0	24	1000	0	0
H5B-O-40-03	O	1	2	2	1	1	500	31	0	350	48	1000	0	0
H5B-O-40-03	O	1	4	4	1	1	500	62	0	0	97	1000	0	0
H5B-O-40-03	O	1	8	8	1	1	500	125	0	0	195	1000	0	0
H5B-O-40-03	O	1	16	16	1	1	500	250	0	0	390	1000	0	0
H5B-O-40-03	O	1	32	32	1	1	500	500	0	0	780	1000	0	0
H5B-O-40-03	O	1	64	41	0	A	1000	640	1000	1000	1000	500	1000	0
H5B-O-40-05	O	1	1	1	1	1	300	15	0	0	24	1000	0	0
H5B-O-40-05	O	1	2	2	1	1	500	31	0	200	48	1000	0	0
H5B-O-40-05	O	1	4	4	1	1	500	62	0	0	97	1000	0	0
H5B-O-40-05	O	1	8	8	1	1	500	125	0	0	195	1000	0	0
H5B-O-40-05	O	1	16	16	1	1	500	250	0	0	390	1000	0	0
H5B-O-40-05	O	1	32	32	1	1	500	500	0	0	780	1000	0	0
H5B-O-40-05	O	1	64	41	0	A	1000	640	1000	1000	1000	500	1000	0
H5B-O-40-07	O	1	1	1	1	1	400	15	0	0	24	1000	0	0
H5B-O-40-07	O	1	2	2	1	1	500	31	0	100	48	1000	0	0
H5B-O-40-07	O	1	4	4	1	1	500	62	0	0	97	1000	0	0
H5B-O-40-07	O	1	8	8	1	1	500	125	0	0	195	1000	0	0
H5B-O-40-07	O	1	16	16	1	1	500	250	0	0	390	1000	0	0
H5B-O-40-07	O	1	32	32	1	1	500	500	0	0	780	1000	0	0
H5B-O-40-07	O	1	64	41	0	A	1000	640	1000	1000	1000	500	1000	0
H5B-O-40-09	O	1	1	1	1	1	450	15	0	0	24	1000	0	0
H5B-O-40-09	O	1	2	2	1	1	500	31	0	50	48	1000	0	0
H5B-O-40-09	O	1	4	4	1	1	500	62	0	0	97	1000	0	0
H5B-O-40-09	O	1	8	8	1	1	500	125	0	0	195	1000	0	0
H5B-O-40-09	O	1	16	16	1	1	500	250	0	0	390	1000	0	0
H5B-O-40-09	O	1	32	32	1	1	500	500	0	0	780	1000	0	0
H5B-O-40-09	O	1	64	41	0	A	1000	640	1000	1000	1000	500	1000	0
