# ob TSV translated from items_v2/admit.jsonl by ob_battery.zag (pure Zag, deterministic, weights verbatim)
admit-V2-A-clean-0000	admit	admit	ACCEPT_INSTALL:ACCEPT_INSTALL|CONFLICT_WITHHELD:CONFLICT_WITHHELD|CORROBORATED:CORROBORATED|NEGATIVE_EVIDENCE:NEGATIVE_EVIDENCE|PERMANENT_INSTALL:PERMANENT_INSTALL|PROVISIONAL_INSTALL:PROVISIONAL_INSTALL|REVISE_INSTALL:REVISE_INSTALL|SUPPRESSED:SUPPRESSED|WITHHELD:WITHHELD	e1:PROVISIONAL_INSTALL:+931	PROVISIONAL_INSTALL	items_v2/admit.jsonl
admit-V2-A-clean-0001	admit	admit	ACCEPT_INSTALL:ACCEPT_INSTALL|CONFLICT_WITHHELD:CONFLICT_WITHHELD|CORROBORATED:CORROBORATED|NEGATIVE_EVIDENCE:NEGATIVE_EVIDENCE|PERMANENT_INSTALL:PERMANENT_INSTALL|PROVISIONAL_INSTALL:PROVISIONAL_INSTALL|REVISE_INSTALL:REVISE_INSTALL|SUPPRESSED:SUPPRESSED|WITHHELD:WITHHELD	e1:WITHHELD:+931;e2:WITHHELD:+150	WITHHELD	items_v2/admit.jsonl
admit-V2-A-clean-0002	admit	admit	ACCEPT_INSTALL:ACCEPT_INSTALL|CONFLICT_WITHHELD:CONFLICT_WITHHELD|CORROBORATED:CORROBORATED|NEGATIVE_EVIDENCE:NEGATIVE_EVIDENCE|PERMANENT_INSTALL:PERMANENT_INSTALL|PROVISIONAL_INSTALL:PROVISIONAL_INSTALL|REVISE_INSTALL:REVISE_INSTALL|SUPPRESSED:SUPPRESSED|WITHHELD:WITHHELD	e1:PROVISIONAL_INSTALL:+931;e2:PROVISIONAL_INSTALL:+150;e3:PROVISIONAL_INSTALL:+624	PROVISIONAL_INSTALL	items_v2/admit.jsonl
admit-V2-A-clean-0004	admit	admit	ACCEPT_INSTALL:ACCEPT_INSTALL|CONFLICT_WITHHELD:CONFLICT_WITHHELD|CORROBORATED:CORROBORATED|NEGATIVE_EVIDENCE:NEGATIVE_EVIDENCE|PERMANENT_INSTALL:PERMANENT_INSTALL|PROVISIONAL_INSTALL:PROVISIONAL_INSTALL|REVISE_INSTALL:REVISE_INSTALL|SUPPRESSED:SUPPRESSED|WITHHELD:WITHHELD	e1:WITHHELD:+931;e2:WITHHELD:+150;e3:WITHHELD:+624;e4:WITHHELD:+754;e5:WITHHELD:+942	WITHHELD	items_v2/admit.jsonl
admit-V2-A-clean-0006	admit	admit	ACCEPT_INSTALL:ACCEPT_INSTALL|CONFLICT_WITHHELD:CONFLICT_WITHHELD|CORROBORATED:CORROBORATED|NEGATIVE_EVIDENCE:NEGATIVE_EVIDENCE|PERMANENT_INSTALL:PERMANENT_INSTALL|PROVISIONAL_INSTALL:PROVISIONAL_INSTALL|REVISE_INSTALL:REVISE_INSTALL|SUPPRESSED:SUPPRESSED|WITHHELD:WITHHELD	e1:PERMANENT_INSTALL:+931;e2:PERMANENT_INSTALL:+150;e3:PERMANENT_INSTALL:+624;e4:PERMANENT_INSTALL:+754;e5:PERMANENT_INSTALL:+942;e6:PERMANENT_INSTALL:+786;e7:PERMANENT_INSTALL:+657	PERMANENT_INSTALL	items_v2/admit.jsonl
admit-V2-A-clean-0016	admit	admit	ACCEPT_INSTALL:ACCEPT_INSTALL|CONFLICT_WITHHELD:CONFLICT_WITHHELD|CORROBORATED:CORROBORATED|NEGATIVE_EVIDENCE:NEGATIVE_EVIDENCE|PERMANENT_INSTALL:PERMANENT_INSTALL|PROVISIONAL_INSTALL:PROVISIONAL_INSTALL|REVISE_INSTALL:REVISE_INSTALL|SUPPRESSED:SUPPRESSED|WITHHELD:WITHHELD	e1:CORROBORATED:+931;e2:CORROBORATED:+150;e3:CORROBORATED:+624;e4:CORROBORATED:+754;e5:CORROBORATED:+942;e6:CORROBORATED:+786;e7:CORROBORATED:+657;e8:CORROBORATED:+921;e9:CORROBORATED:+795;e10:CORROBORATED:+878;e11:CORROBORATED:+810;e12:CORROBORATED:+157;e13:CORROBORATED:+913;e14:CORROBORATED:+889;e15:CORROBORATED:+177;e16:CORROBORATED:+788;e17:CORROBORATED:+901	CORROBORATED	items_v2/admit.jsonl
admit-V2-A-clean-0020	admit	admit	ACCEPT_INSTALL:ACCEPT_INSTALL|CONFLICT_WITHHELD:CONFLICT_WITHHELD|CORROBORATED:CORROBORATED|NEGATIVE_EVIDENCE:NEGATIVE_EVIDENCE|PERMANENT_INSTALL:PERMANENT_INSTALL|PROVISIONAL_INSTALL:PROVISIONAL_INSTALL|REVISE_INSTALL:REVISE_INSTALL|SUPPRESSED:SUPPRESSED|WITHHELD:WITHHELD	e1:REVISE_INSTALL:+931;e2:REVISE_INSTALL:+150;e3:REVISE_INSTALL:+624;e4:REVISE_INSTALL:+754;e5:REVISE_INSTALL:+942;e6:REVISE_INSTALL:+786;e7:REVISE_INSTALL:+657;e8:REVISE_INSTALL:+921;e9:REVISE_INSTALL:+795;e10:REVISE_INSTALL:+878;e11:REVISE_INSTALL:+810;e12:REVISE_INSTALL:+157;e13:REVISE_INSTALL:+913;e14:REVISE_INSTALL:+889;e15:REVISE_INSTALL:+177;e16:REVISE_INSTALL:+788;e17:REVISE_INSTALL:+901;e18:REVISE_INSTALL:+937;e19:REVISE_INSTALL:+884;e20:REVISE_INSTALL:+878;e21:REVISE_INSTALL:+948	REVISE_INSTALL	items_v2/admit.jsonl
admit-V2-A-clean-0029	admit	admit	ACCEPT_INSTALL:ACCEPT_INSTALL|CONFLICT_WITHHELD:CONFLICT_WITHHELD|CORROBORATED:CORROBORATED|NEGATIVE_EVIDENCE:NEGATIVE_EVIDENCE|PERMANENT_INSTALL:PERMANENT_INSTALL|PROVISIONAL_INSTALL:PROVISIONAL_INSTALL|REVISE_INSTALL:REVISE_INSTALL|SUPPRESSED:SUPPRESSED|WITHHELD:WITHHELD	e1:REVISE_INSTALL:+931;e2:REVISE_INSTALL:+150;e3:REVISE_INSTALL:+624;e4:REVISE_INSTALL:+754;e5:REVISE_INSTALL:+942;e6:REVISE_INSTALL:+786;e7:REVISE_INSTALL:+657;e8:REVISE_INSTALL:+921;e9:REVISE_INSTALL:+795;e10:REVISE_INSTALL:+878;e11:REVISE_INSTALL:+810;e12:REVISE_INSTALL:+157;e13:REVISE_INSTALL:+913;e14:REVISE_INSTALL:+889;e15:REVISE_INSTALL:+177;e16:REVISE_INSTALL:+788;e17:REVISE_INSTALL:+901;e18:REVISE_INSTALL:+937;e19:REVISE_INSTALL:+884;e20:REVISE_INSTALL:+878;e21:REVISE_INSTALL:+948;e22:REVISE_INSTALL:+797;e23:REVISE_INSTALL:+868;e24:REVISE_INSTALL:+891;e25:REVISE_INSTALL:+920;e26:REVISE_INSTALL:+946;e27:REVISE_INSTALL:+938;e28:REVISE_INSTALL:+784;e29:REVISE_INSTALL:+887;e30:REVISE_INSTALL:+862	REVISE_INSTALL	items_v2/admit.jsonl
admit-V2-A-clean-0038	admit	admit	ACCEPT_INSTALL:ACCEPT_INSTALL|CONFLICT_WITHHELD:CONFLICT_WITHHELD|CORROBORATED:CORROBORATED|NEGATIVE_EVIDENCE:NEGATIVE_EVIDENCE|PERMANENT_INSTALL:PERMANENT_INSTALL|PROVISIONAL_INSTALL:PROVISIONAL_INSTALL|REVISE_INSTALL:REVISE_INSTALL|SUPPRESSED:SUPPRESSED|WITHHELD:WITHHELD	e1:NEGATIVE_EVIDENCE:+931;e2:NEGATIVE_EVIDENCE:+150;e3:NEGATIVE_EVIDENCE:+624;e4:NEGATIVE_EVIDENCE:+754;e5:NEGATIVE_EVIDENCE:+942;e6:NEGATIVE_EVIDENCE:+786;e7:NEGATIVE_EVIDENCE:+657;e8:NEGATIVE_EVIDENCE:+921;e9:NEGATIVE_EVIDENCE:+795;e10:NEGATIVE_EVIDENCE:+878;e11:NEGATIVE_EVIDENCE:+810;e12:NEGATIVE_EVIDENCE:+157;e13:NEGATIVE_EVIDENCE:+913;e14:NEGATIVE_EVIDENCE:+889;e15:NEGATIVE_EVIDENCE:+177;e16:NEGATIVE_EVIDENCE:+788;e17:NEGATIVE_EVIDENCE:+901;e18:NEGATIVE_EVIDENCE:+937;e19:NEGATIVE_EVIDENCE:+884;e20:NEGATIVE_EVIDENCE:+878;e21:NEGATIVE_EVIDENCE:+948;e22:NEGATIVE_EVIDENCE:+797;e23:NEGATIVE_EVIDENCE:+868;e24:NEGATIVE_EVIDENCE:+891;e25:NEGATIVE_EVIDENCE:+920;e26:NEGATIVE_EVIDENCE:+946;e27:NEGATIVE_EVIDENCE:+938;e28:NEGATIVE_EVIDENCE:+784;e29:NEGATIVE_EVIDENCE:+887;e30:NEGATIVE_EVIDENCE:+862;e31:NEGATIVE_EVIDENCE:+845;e32:NEGATIVE_EVIDENCE:+916;e33:NEGATIVE_EVIDENCE:+833;e34:NEGATIVE_EVIDENCE:+777;e35:NEGATIVE_EVIDENCE:+872;e36:NEGATIVE_EVIDENCE:+946;e37:NEGATIVE_EVIDENCE:+777;e38:NEGATIVE_EVIDENCE:+904;e39:NEGATIVE_EVIDENCE:+934	NEGATIVE_EVIDENCE	items_v2/admit.jsonl
admit-V2-A-clean-0040	admit	admit	ACCEPT_INSTALL:ACCEPT_INSTALL|CONFLICT_WITHHELD:CONFLICT_WITHHELD|CORROBORATED:CORROBORATED|NEGATIVE_EVIDENCE:NEGATIVE_EVIDENCE|PERMANENT_INSTALL:PERMANENT_INSTALL|PROVISIONAL_INSTALL:PROVISIONAL_INSTALL|REVISE_INSTALL:REVISE_INSTALL|SUPPRESSED:SUPPRESSED|WITHHELD:WITHHELD	e1:SUPPRESSED:+931;e2:SUPPRESSED:+150;e3:SUPPRESSED:+624;e4:SUPPRESSED:+754;e5:SUPPRESSED:+942;e6:SUPPRESSED:+786;e7:SUPPRESSED:+657;e8:SUPPRESSED:+921;e9:SUPPRESSED:+795;e10:SUPPRESSED:+878;e11:SUPPRESSED:+810;e12:SUPPRESSED:+157;e13:SUPPRESSED:+913;e14:SUPPRESSED:+889;e15:SUPPRESSED:+177;e16:SUPPRESSED:+788;e17:SUPPRESSED:+901;e18:SUPPRESSED:+937;e19:SUPPRESSED:+884;e20:SUPPRESSED:+878;e21:SUPPRESSED:+948;e22:SUPPRESSED:+797;e23:SUPPRESSED:+868;e24:SUPPRESSED:+891;e25:SUPPRESSED:+920;e26:SUPPRESSED:+946;e27:SUPPRESSED:+938;e28:SUPPRESSED:+784;e29:SUPPRESSED:+887;e30:SUPPRESSED:+862;e31:SUPPRESSED:+845;e32:SUPPRESSED:+916;e33:SUPPRESSED:+833;e34:SUPPRESSED:+777;e35:SUPPRESSED:+872;e36:SUPPRESSED:+946;e37:SUPPRESSED:+777;e38:SUPPRESSED:+904;e39:SUPPRESSED:+934;e40:SUPPRESSED:+917;e41:SUPPRESSED:+930	SUPPRESSED	items_v2/admit.jsonl
admit-V2-A-clean-0047	admit	admit	ACCEPT_INSTALL:ACCEPT_INSTALL|CONFLICT_WITHHELD:CONFLICT_WITHHELD|CORROBORATED:CORROBORATED|NEGATIVE_EVIDENCE:NEGATIVE_EVIDENCE|PERMANENT_INSTALL:PERMANENT_INSTALL|PROVISIONAL_INSTALL:PROVISIONAL_INSTALL|REVISE_INSTALL:REVISE_INSTALL|SUPPRESSED:SUPPRESSED|WITHHELD:WITHHELD	e1:CORROBORATED:+931;e2:CORROBORATED:+150;e3:CORROBORATED:+624;e4:CORROBORATED:+754;e5:CORROBORATED:+942;e6:CORROBORATED:+786;e7:CORROBORATED:+657;e8:CORROBORATED:+921;e9:CORROBORATED:+795;e10:CORROBORATED:+878;e11:CORROBORATED:+810;e12:CORROBORATED:+157;e13:CORROBORATED:+913;e14:CORROBORATED:+889;e15:CORROBORATED:+177;e16:CORROBORATED:+788;e17:CORROBORATED:+901;e18:CORROBORATED:+937;e19:CORROBORATED:+884;e20:CORROBORATED:+878;e21:CORROBORATED:+948;e22:CORROBORATED:+797;e23:CORROBORATED:+868;e24:CORROBORATED:+891;e25:CORROBORATED:+920;e26:CORROBORATED:+946;e27:CORROBORATED:+938;e28:CORROBORATED:+784;e29:CORROBORATED:+887;e30:CORROBORATED:+862;e31:CORROBORATED:+845;e32:CORROBORATED:+916;e33:CORROBORATED:+833;e34:CORROBORATED:+777;e35:CORROBORATED:+872;e36:CORROBORATED:+946;e37:CORROBORATED:+777;e38:CORROBORATED:+904;e39:CORROBORATED:+934;e40:CORROBORATED:+917;e41:CORROBORATED:+930;e42:CORROBORATED:+925;e43:CORROBORATED:+922;e44:CORROBORATED:+882;e45:CORROBORATED:+950;e46:CORROBORATED:+861;e47:CORROBORATED:+904;e48:CORROBORATED:+917	CORROBORATED	items_v2/admit.jsonl
admit-V2-A-clean-0059	admit	admit	ACCEPT_INSTALL:ACCEPT_INSTALL|CONFLICT_WITHHELD:CONFLICT_WITHHELD|CORROBORATED:CORROBORATED|NEGATIVE_EVIDENCE:NEGATIVE_EVIDENCE|PERMANENT_INSTALL:PERMANENT_INSTALL|PROVISIONAL_INSTALL:PROVISIONAL_INSTALL|REVISE_INSTALL:REVISE_INSTALL|SUPPRESSED:SUPPRESSED|WITHHELD:WITHHELD	e1:NEGATIVE_EVIDENCE:+425;e2:NEGATIVE_EVIDENCE:+44;e3:NEGATIVE_EVIDENCE:+409;e4:NEGATIVE_EVIDENCE:+657;e5:NEGATIVE_EVIDENCE:+411;e6:NEGATIVE_EVIDENCE:+411;e7:NEGATIVE_EVIDENCE:+19;e8:NEGATIVE_EVIDENCE:+25;e9:NEGATIVE_EVIDENCE:+660;e10:NEGATIVE_EVIDENCE:+418;e11:NEGATIVE_EVIDENCE:+25;e12:NEGATIVE_EVIDENCE:+656	NEGATIVE_EVIDENCE	items_v2/admit.jsonl
admit-V2-A-clean-0060	admit	admit	ACCEPT_INSTALL:ACCEPT_INSTALL|CONFLICT_WITHHELD:CONFLICT_WITHHELD|CORROBORATED:CORROBORATED|NEGATIVE_EVIDENCE:NEGATIVE_EVIDENCE|PERMANENT_INSTALL:PERMANENT_INSTALL|PROVISIONAL_INSTALL:PROVISIONAL_INSTALL|REVISE_INSTALL:REVISE_INSTALL|SUPPRESSED:SUPPRESSED|WITHHELD:WITHHELD	e1:SUPPRESSED:+425;e2:SUPPRESSED:+44;e3:SUPPRESSED:+409;e4:SUPPRESSED:+657;e5:SUPPRESSED:+411;e6:SUPPRESSED:+411;e7:SUPPRESSED:+19;e8:SUPPRESSED:+25;e9:SUPPRESSED:+660;e10:SUPPRESSED:+418;e11:SUPPRESSED:+25;e12:SUPPRESSED:+656;e13:SUPPRESSED:+657	SUPPRESSED	items_v2/admit.jsonl
admit-V2-A-clean-0066	admit	admit	ACCEPT_INSTALL:ACCEPT_INSTALL|CONFLICT_WITHHELD:CONFLICT_WITHHELD|CORROBORATED:CORROBORATED|NEGATIVE_EVIDENCE:NEGATIVE_EVIDENCE|PERMANENT_INSTALL:PERMANENT_INSTALL|PROVISIONAL_INSTALL:PROVISIONAL_INSTALL|REVISE_INSTALL:REVISE_INSTALL|SUPPRESSED:SUPPRESSED|WITHHELD:WITHHELD	e1:NEGATIVE_EVIDENCE:+425;e2:NEGATIVE_EVIDENCE:+44;e3:NEGATIVE_EVIDENCE:+409;e4:NEGATIVE_EVIDENCE:+657;e5:NEGATIVE_EVIDENCE:+411;e6:NEGATIVE_EVIDENCE:+411;e7:NEGATIVE_EVIDENCE:+19;e8:NEGATIVE_EVIDENCE:+25;e9:NEGATIVE_EVIDENCE:+660;e10:NEGATIVE_EVIDENCE:+418;e11:NEGATIVE_EVIDENCE:+25;e12:NEGATIVE_EVIDENCE:+656;e13:NEGATIVE_EVIDENCE:+657;e14:NEGATIVE_EVIDENCE:+657;e15:NEGATIVE_EVIDENCE:+411;e16:NEGATIVE_EVIDENCE:+654;e17:NEGATIVE_EVIDENCE:+653;e18:NEGATIVE_EVIDENCE:+659;e19:NEGATIVE_EVIDENCE:+411	NEGATIVE_EVIDENCE	items_v2/admit.jsonl
admit-V2-A-clean-0072	admit	admit	ACCEPT_INSTALL:ACCEPT_INSTALL|CONFLICT_WITHHELD:CONFLICT_WITHHELD|CORROBORATED:CORROBORATED|NEGATIVE_EVIDENCE:NEGATIVE_EVIDENCE|PERMANENT_INSTALL:PERMANENT_INSTALL|PROVISIONAL_INSTALL:PROVISIONAL_INSTALL|REVISE_INSTALL:REVISE_INSTALL|SUPPRESSED:SUPPRESSED|WITHHELD:WITHHELD	e1:CORROBORATED:+425;e2:CORROBORATED:+44;e3:CORROBORATED:+409;e4:CORROBORATED:+657;e5:CORROBORATED:+411;e6:CORROBORATED:+411;e7:CORROBORATED:+19;e8:CORROBORATED:+25;e9:CORROBORATED:+660;e10:CORROBORATED:+418;e11:CORROBORATED:+25;e12:CORROBORATED:+656;e13:CORROBORATED:+657;e14:CORROBORATED:+657;e15:CORROBORATED:+411;e16:CORROBORATED:+654;e17:CORROBORATED:+653;e18:CORROBORATED:+659;e19:CORROBORATED:+411;e20:CORROBORATED:+25;e21:CORROBORATED:+19;e22:CORROBORATED:+420;e23:CORROBORATED:+411;e24:CORROBORATED:+657;e25:CORROBORATED:+788	CORROBORATED	items_v2/admit.jsonl
admit-V2-A-clean-0077	admit	admit	ACCEPT_INSTALL:ACCEPT_INSTALL|CONFLICT_WITHHELD:CONFLICT_WITHHELD|CORROBORATED:CORROBORATED|NEGATIVE_EVIDENCE:NEGATIVE_EVIDENCE|PERMANENT_INSTALL:PERMANENT_INSTALL|PROVISIONAL_INSTALL:PROVISIONAL_INSTALL|REVISE_INSTALL:REVISE_INSTALL|SUPPRESSED:SUPPRESSED|WITHHELD:WITHHELD	e1:PERMANENT_INSTALL:+425;e2:PERMANENT_INSTALL:+44;e3:PERMANENT_INSTALL:+409;e4:PERMANENT_INSTALL:+657;e5:PERMANENT_INSTALL:+411;e6:PERMANENT_INSTALL:+411;e7:PERMANENT_INSTALL:+19;e8:PERMANENT_INSTALL:+25;e9:PERMANENT_INSTALL:+660;e10:PERMANENT_INSTALL:+418;e11:PERMANENT_INSTALL:+25;e12:PERMANENT_INSTALL:+656;e13:PERMANENT_INSTALL:+657;e14:PERMANENT_INSTALL:+657;e15:PERMANENT_INSTALL:+411;e16:PERMANENT_INSTALL:+654;e17:PERMANENT_INSTALL:+653;e18:PERMANENT_INSTALL:+659;e19:PERMANENT_INSTALL:+411;e20:PERMANENT_INSTALL:+25;e21:PERMANENT_INSTALL:+19;e22:PERMANENT_INSTALL:+420;e23:PERMANENT_INSTALL:+411;e24:PERMANENT_INSTALL:+657;e25:PERMANENT_INSTALL:+788;e26:PERMANENT_INSTALL:+825;e27:PERMANENT_INSTALL:+800;e28:PERMANENT_INSTALL:+662;e29:PERMANENT_INSTALL:+930;e30:PERMANENT_INSTALL:+930	PERMANENT_INSTALL	items_v2/admit.jsonl
admit-V2-A-clean-0081	admit	admit	ACCEPT_INSTALL:ACCEPT_INSTALL|CONFLICT_WITHHELD:CONFLICT_WITHHELD|CORROBORATED:CORROBORATED|NEGATIVE_EVIDENCE:NEGATIVE_EVIDENCE|PERMANENT_INSTALL:PERMANENT_INSTALL|PROVISIONAL_INSTALL:PROVISIONAL_INSTALL|REVISE_INSTALL:REVISE_INSTALL|SUPPRESSED:SUPPRESSED|WITHHELD:WITHHELD	e1:CONFLICT_WITHHELD:+425;e2:CONFLICT_WITHHELD:+44;e3:CONFLICT_WITHHELD:+409;e4:CONFLICT_WITHHELD:+657;e5:CONFLICT_WITHHELD:+411;e6:CONFLICT_WITHHELD:+411;e7:CONFLICT_WITHHELD:+19;e8:CONFLICT_WITHHELD:+25;e9:CONFLICT_WITHHELD:+660;e10:CONFLICT_WITHHELD:+418;e11:CONFLICT_WITHHELD:+25;e12:CONFLICT_WITHHELD:+656;e13:CONFLICT_WITHHELD:+657;e14:CONFLICT_WITHHELD:+657;e15:CONFLICT_WITHHELD:+411;e16:CONFLICT_WITHHELD:+654;e17:CONFLICT_WITHHELD:+653;e18:CONFLICT_WITHHELD:+659;e19:CONFLICT_WITHHELD:+411;e20:CONFLICT_WITHHELD:+25;e21:CONFLICT_WITHHELD:+19;e22:CONFLICT_WITHHELD:+420;e23:CONFLICT_WITHHELD:+411;e24:CONFLICT_WITHHELD:+657;e25:CONFLICT_WITHHELD:+788;e26:CONFLICT_WITHHELD:+825;e27:CONFLICT_WITHHELD:+800;e28:CONFLICT_WITHHELD:+662;e29:CONFLICT_WITHHELD:+930;e30:CONFLICT_WITHHELD:+930;e31:CONFLICT_WITHHELD:+764;e32:CONFLICT_WITHHELD:+869;e33:CONFLICT_WITHHELD:+819;e34:CONFLICT_WITHHELD:+930	CONFLICT_WITHHELD	items_v2/admit.jsonl
admit-V2-A-clean-0090	admit	admit	ACCEPT_INSTALL:ACCEPT_INSTALL|CONFLICT_WITHHELD:CONFLICT_WITHHELD|CORROBORATED:CORROBORATED|NEGATIVE_EVIDENCE:NEGATIVE_EVIDENCE|PERMANENT_INSTALL:PERMANENT_INSTALL|PROVISIONAL_INSTALL:PROVISIONAL_INSTALL|REVISE_INSTALL:REVISE_INSTALL|SUPPRESSED:SUPPRESSED|WITHHELD:WITHHELD	e1:CONFLICT_WITHHELD:+425;e2:CONFLICT_WITHHELD:+44;e3:CONFLICT_WITHHELD:+409;e4:CONFLICT_WITHHELD:+657;e5:CONFLICT_WITHHELD:+411;e6:CONFLICT_WITHHELD:+411;e7:CONFLICT_WITHHELD:+19;e8:CONFLICT_WITHHELD:+25;e9:CONFLICT_WITHHELD:+660;e10:CONFLICT_WITHHELD:+418;e11:CONFLICT_WITHHELD:+25;e12:CONFLICT_WITHHELD:+656;e13:CONFLICT_WITHHELD:+657;e14:CONFLICT_WITHHELD:+657;e15:CONFLICT_WITHHELD:+411;e16:CONFLICT_WITHHELD:+654;e17:CONFLICT_WITHHELD:+653;e18:CONFLICT_WITHHELD:+659;e19:CONFLICT_WITHHELD:+411;e20:CONFLICT_WITHHELD:+25;e21:CONFLICT_WITHHELD:+19;e22:CONFLICT_WITHHELD:+420;e23:CONFLICT_WITHHELD:+411;e24:CONFLICT_WITHHELD:+657;e25:CONFLICT_WITHHELD:+788;e26:CONFLICT_WITHHELD:+825;e27:CONFLICT_WITHHELD:+800;e28:CONFLICT_WITHHELD:+662;e29:CONFLICT_WITHHELD:+930;e30:CONFLICT_WITHHELD:+930;e31:CONFLICT_WITHHELD:+764;e32:CONFLICT_WITHHELD:+869;e33:CONFLICT_WITHHELD:+819;e34:CONFLICT_WITHHELD:+930;e35:CONFLICT_WITHHELD:+798;e36:CONFLICT_WITHHELD:+806;e37:CONFLICT_WITHHELD:+930;e38:CONFLICT_WITHHELD:+806;e39:CONFLICT_WITHHELD:+774;e40:CONFLICT_WITHHELD:+930;e41:CONFLICT_WITHHELD:+832;e42:CONFLICT_WITHHELD:+952;e43:CONFLICT_WITHHELD:+830	CONFLICT_WITHHELD	items_v2/admit.jsonl
admit-V2-A-clean-0095	admit	admit	ACCEPT_INSTALL:ACCEPT_INSTALL|CONFLICT_WITHHELD:CONFLICT_WITHHELD|CORROBORATED:CORROBORATED|NEGATIVE_EVIDENCE:NEGATIVE_EVIDENCE|PERMANENT_INSTALL:PERMANENT_INSTALL|PROVISIONAL_INSTALL:PROVISIONAL_INSTALL|REVISE_INSTALL:REVISE_INSTALL|SUPPRESSED:SUPPRESSED|WITHHELD:WITHHELD	e1:CONFLICT_WITHHELD:+425;e2:CONFLICT_WITHHELD:+44;e3:CONFLICT_WITHHELD:+409;e4:CONFLICT_WITHHELD:+657;e5:CONFLICT_WITHHELD:+411;e6:CONFLICT_WITHHELD:+411;e7:CONFLICT_WITHHELD:+19;e8:CONFLICT_WITHHELD:+25;e9:CONFLICT_WITHHELD:+660;e10:CONFLICT_WITHHELD:+418;e11:CONFLICT_WITHHELD:+25;e12:CONFLICT_WITHHELD:+656;e13:CONFLICT_WITHHELD:+657;e14:CONFLICT_WITHHELD:+657;e15:CONFLICT_WITHHELD:+411;e16:CONFLICT_WITHHELD:+654;e17:CONFLICT_WITHHELD:+653;e18:CONFLICT_WITHHELD:+659;e19:CONFLICT_WITHHELD:+411;e20:CONFLICT_WITHHELD:+25;e21:CONFLICT_WITHHELD:+19;e22:CONFLICT_WITHHELD:+420;e23:CONFLICT_WITHHELD:+411;e24:CONFLICT_WITHHELD:+657;e25:CONFLICT_WITHHELD:+788;e26:CONFLICT_WITHHELD:+825;e27:CONFLICT_WITHHELD:+800;e28:CONFLICT_WITHHELD:+662;e29:CONFLICT_WITHHELD:+930;e30:CONFLICT_WITHHELD:+930;e31:CONFLICT_WITHHELD:+764;e32:CONFLICT_WITHHELD:+869;e33:CONFLICT_WITHHELD:+819;e34:CONFLICT_WITHHELD:+930;e35:CONFLICT_WITHHELD:+798;e36:CONFLICT_WITHHELD:+806;e37:CONFLICT_WITHHELD:+930;e38:CONFLICT_WITHHELD:+806;e39:CONFLICT_WITHHELD:+774;e40:CONFLICT_WITHHELD:+930;e41:CONFLICT_WITHHELD:+832;e42:CONFLICT_WITHHELD:+952;e43:CONFLICT_WITHHELD:+830;e44:CONFLICT_WITHHELD:+673;e45:CONFLICT_WITHHELD:+869;e46:CONFLICT_WITHHELD:+799;e47:CONFLICT_WITHHELD:+798;e48:CONFLICT_WITHHELD:+930	CONFLICT_WITHHELD	items_v2/admit.jsonl
admit-V2-A-clean-0099	admit	admit	ACCEPT_INSTALL:ACCEPT_INSTALL|CONFLICT_WITHHELD:CONFLICT_WITHHELD|CORROBORATED:CORROBORATED|NEGATIVE_EVIDENCE:NEGATIVE_EVIDENCE|PERMANENT_INSTALL:PERMANENT_INSTALL|PROVISIONAL_INSTALL:PROVISIONAL_INSTALL|REVISE_INSTALL:REVISE_INSTALL|SUPPRESSED:SUPPRESSED|WITHHELD:WITHHELD	e1:PERMANENT_INSTALL:+763;e2:PERMANENT_INSTALL:+942;e3:PERMANENT_INSTALL:+896;e4:PERMANENT_INSTALL:+743	PERMANENT_INSTALL	items_v2/admit.jsonl
admit-V2-A-decoy-0000	admit	admit	ACCEPT_INSTALL:ACCEPT_INSTALL|CONFLICT_WITHHELD:CONFLICT_WITHHELD|CORROBORATED:CORROBORATED|NEGATIVE_EVIDENCE:NEGATIVE_EVIDENCE|PERMANENT_INSTALL:PERMANENT_INSTALL|PROVISIONAL_INSTALL:PROVISIONAL_INSTALL|REVISE_INSTALL:REVISE_INSTALL|SUPPRESSED:SUPPRESSED|WITHHELD:WITHHELD	e1:PROVISIONAL_INSTALL:+710	PROVISIONAL_INSTALL	items_v2/admit.jsonl
admit-V2-A-decoy-0001	admit	admit	ACCEPT_INSTALL:ACCEPT_INSTALL|CONFLICT_WITHHELD:CONFLICT_WITHHELD|CORROBORATED:CORROBORATED|NEGATIVE_EVIDENCE:NEGATIVE_EVIDENCE|PERMANENT_INSTALL:PERMANENT_INSTALL|PROVISIONAL_INSTALL:PROVISIONAL_INSTALL|REVISE_INSTALL:REVISE_INSTALL|SUPPRESSED:SUPPRESSED|WITHHELD:WITHHELD	e1:PERMANENT_INSTALL:+710;e2:PERMANENT_INSTALL:+711	PERMANENT_INSTALL	items_v2/admit.jsonl
admit-V2-A-decoy-0002	admit	admit	ACCEPT_INSTALL:ACCEPT_INSTALL|CONFLICT_WITHHELD:CONFLICT_WITHHELD|CORROBORATED:CORROBORATED|NEGATIVE_EVIDENCE:NEGATIVE_EVIDENCE|PERMANENT_INSTALL:PERMANENT_INSTALL|PROVISIONAL_INSTALL:PROVISIONAL_INSTALL|REVISE_INSTALL:REVISE_INSTALL|SUPPRESSED:SUPPRESSED|WITHHELD:WITHHELD	e1:CORROBORATED:+710;e2:CORROBORATED:+711;e3:CORROBORATED:+743	CORROBORATED	items_v2/admit.jsonl
admit-V2-A-decoy-0003	admit	admit	ACCEPT_INSTALL:ACCEPT_INSTALL|CONFLICT_WITHHELD:CONFLICT_WITHHELD|CORROBORATED:CORROBORATED|NEGATIVE_EVIDENCE:NEGATIVE_EVIDENCE|PERMANENT_INSTALL:PERMANENT_INSTALL|PROVISIONAL_INSTALL:PROVISIONAL_INSTALL|REVISE_INSTALL:REVISE_INSTALL|SUPPRESSED:SUPPRESSED|WITHHELD:WITHHELD	e1:CORROBORATED:+710;e2:CORROBORATED:+711;e3:CORROBORATED:+743;e4:CORROBORATED:+763	CORROBORATED	items_v2/admit.jsonl
admit-V2-A-decoy-0004	admit	admit	ACCEPT_INSTALL:ACCEPT_INSTALL|CONFLICT_WITHHELD:CONFLICT_WITHHELD|CORROBORATED:CORROBORATED|NEGATIVE_EVIDENCE:NEGATIVE_EVIDENCE|PERMANENT_INSTALL:PERMANENT_INSTALL|PROVISIONAL_INSTALL:PROVISIONAL_INSTALL|REVISE_INSTALL:REVISE_INSTALL|SUPPRESSED:SUPPRESSED|WITHHELD:WITHHELD	e1:CORROBORATED:+710;e2:CORROBORATED:+711;e3:CORROBORATED:+743;e4:CORROBORATED:+763;e5:CORROBORATED:+874	CORROBORATED	items_v2/admit.jsonl
admit-V2-A-decoy-0005	admit	admit	ACCEPT_INSTALL:ACCEPT_INSTALL|CONFLICT_WITHHELD:CONFLICT_WITHHELD|CORROBORATED:CORROBORATED|NEGATIVE_EVIDENCE:NEGATIVE_EVIDENCE|PERMANENT_INSTALL:PERMANENT_INSTALL|PROVISIONAL_INSTALL:PROVISIONAL_INSTALL|REVISE_INSTALL:REVISE_INSTALL|SUPPRESSED:SUPPRESSED|WITHHELD:WITHHELD	e1:REVISE_INSTALL:+710;e2:REVISE_INSTALL:+711;e3:REVISE_INSTALL:+743;e4:REVISE_INSTALL:+763;e5:REVISE_INSTALL:+874;e6:REVISE_INSTALL:+874	REVISE_INSTALL	items_v2/admit.jsonl
admit-V2-A-decoy-0006	admit	admit	ACCEPT_INSTALL:ACCEPT_INSTALL|CONFLICT_WITHHELD:CONFLICT_WITHHELD|CORROBORATED:CORROBORATED|NEGATIVE_EVIDENCE:NEGATIVE_EVIDENCE|PERMANENT_INSTALL:PERMANENT_INSTALL|PROVISIONAL_INSTALL:PROVISIONAL_INSTALL|REVISE_INSTALL:REVISE_INSTALL|SUPPRESSED:SUPPRESSED|WITHHELD:WITHHELD	e1:REVISE_INSTALL:+710;e2:REVISE_INSTALL:+711;e3:REVISE_INSTALL:+743;e4:REVISE_INSTALL:+763;e5:REVISE_INSTALL:+874;e6:REVISE_INSTALL:+874;e7:REVISE_INSTALL:+884	REVISE_INSTALL	items_v2/admit.jsonl
admit-V2-A-decoy-0007	admit	admit	ACCEPT_INSTALL:ACCEPT_INSTALL|CONFLICT_WITHHELD:CONFLICT_WITHHELD|CORROBORATED:CORROBORATED|NEGATIVE_EVIDENCE:NEGATIVE_EVIDENCE|PERMANENT_INSTALL:PERMANENT_INSTALL|PROVISIONAL_INSTALL:PROVISIONAL_INSTALL|REVISE_INSTALL:REVISE_INSTALL|SUPPRESSED:SUPPRESSED|WITHHELD:WITHHELD	e1:CORROBORATED:+710;e2:CORROBORATED:+711;e3:CORROBORATED:+743;e4:CORROBORATED:+763;e5:CORROBORATED:+874;e6:CORROBORATED:+874;e7:CORROBORATED:+884;e8:CORROBORATED:+887	CORROBORATED	items_v2/admit.jsonl
admit-V2-A-decoy-0008	admit	admit	ACCEPT_INSTALL:ACCEPT_INSTALL|CONFLICT_WITHHELD:CONFLICT_WITHHELD|CORROBORATED:CORROBORATED|NEGATIVE_EVIDENCE:NEGATIVE_EVIDENCE|PERMANENT_INSTALL:PERMANENT_INSTALL|PROVISIONAL_INSTALL:PROVISIONAL_INSTALL|REVISE_INSTALL:REVISE_INSTALL|SUPPRESSED:SUPPRESSED|WITHHELD:WITHHELD	e1:CORROBORATED:+710;e2:CORROBORATED:+711;e3:CORROBORATED:+743;e4:CORROBORATED:+763;e5:CORROBORATED:+874;e6:CORROBORATED:+874;e7:CORROBORATED:+884;e8:CORROBORATED:+887;e9:CORROBORATED:+896	CORROBORATED	items_v2/admit.jsonl
admit-V2-A-decoy-0009	admit	admit	ACCEPT_INSTALL:ACCEPT_INSTALL|CONFLICT_WITHHELD:CONFLICT_WITHHELD|CORROBORATED:CORROBORATED|NEGATIVE_EVIDENCE:NEGATIVE_EVIDENCE|PERMANENT_INSTALL:PERMANENT_INSTALL|PROVISIONAL_INSTALL:PROVISIONAL_INSTALL|REVISE_INSTALL:REVISE_INSTALL|SUPPRESSED:SUPPRESSED|WITHHELD:WITHHELD	e1:CORROBORATED:+710;e2:CORROBORATED:+711;e3:CORROBORATED:+743;e4:CORROBORATED:+763;e5:CORROBORATED:+874;e6:CORROBORATED:+874;e7:CORROBORATED:+884;e8:CORROBORATED:+887;e9:CORROBORATED:+896;e10:CORROBORATED:+898	CORROBORATED	items_v2/admit.jsonl
admit-V2-A-decoy-0010	admit	admit	ACCEPT_INSTALL:ACCEPT_INSTALL|CONFLICT_WITHHELD:CONFLICT_WITHHELD|CORROBORATED:CORROBORATED|NEGATIVE_EVIDENCE:NEGATIVE_EVIDENCE|PERMANENT_INSTALL:PERMANENT_INSTALL|PROVISIONAL_INSTALL:PROVISIONAL_INSTALL|REVISE_INSTALL:REVISE_INSTALL|SUPPRESSED:SUPPRESSED|WITHHELD:WITHHELD	e1:CORROBORATED:+710;e2:CORROBORATED:+711;e3:CORROBORATED:+743;e4:CORROBORATED:+763;e5:CORROBORATED:+874;e6:CORROBORATED:+874;e7:CORROBORATED:+884;e8:CORROBORATED:+887;e9:CORROBORATED:+896;e10:CORROBORATED:+898;e11:CORROBORATED:+933	CORROBORATED	items_v2/admit.jsonl
admit-V2-A-decoy-0011	admit	admit	ACCEPT_INSTALL:ACCEPT_INSTALL|CONFLICT_WITHHELD:CONFLICT_WITHHELD|CORROBORATED:CORROBORATED|NEGATIVE_EVIDENCE:NEGATIVE_EVIDENCE|PERMANENT_INSTALL:PERMANENT_INSTALL|PROVISIONAL_INSTALL:PROVISIONAL_INSTALL|REVISE_INSTALL:REVISE_INSTALL|SUPPRESSED:SUPPRESSED|WITHHELD:WITHHELD	e1:REVISE_INSTALL:+710;e2:REVISE_INSTALL:+711;e3:REVISE_INSTALL:+743;e4:REVISE_INSTALL:+763;e5:REVISE_INSTALL:+874;e6:REVISE_INSTALL:+874;e7:REVISE_INSTALL:+884;e8:REVISE_INSTALL:+887;e9:REVISE_INSTALL:+896;e10:REVISE_INSTALL:+898;e11:REVISE_INSTALL:+933;e12:REVISE_INSTALL:+933	REVISE_INSTALL	items_v2/admit.jsonl
admit-V2-A-decoy-0012	admit	admit	ACCEPT_INSTALL:ACCEPT_INSTALL|CONFLICT_WITHHELD:CONFLICT_WITHHELD|CORROBORATED:CORROBORATED|NEGATIVE_EVIDENCE:NEGATIVE_EVIDENCE|PERMANENT_INSTALL:PERMANENT_INSTALL|PROVISIONAL_INSTALL:PROVISIONAL_INSTALL|REVISE_INSTALL:REVISE_INSTALL|SUPPRESSED:SUPPRESSED|WITHHELD:WITHHELD	e1:REVISE_INSTALL:+710;e2:REVISE_INSTALL:+711;e3:REVISE_INSTALL:+743;e4:REVISE_INSTALL:+763;e5:REVISE_INSTALL:+874;e6:REVISE_INSTALL:+874;e7:REVISE_INSTALL:+884;e8:REVISE_INSTALL:+887;e9:REVISE_INSTALL:+896;e10:REVISE_INSTALL:+898;e11:REVISE_INSTALL:+933;e12:REVISE_INSTALL:+933;e13:REVISE_INSTALL:+934	REVISE_INSTALL	items_v2/admit.jsonl
admit-V2-A-decoy-0013	admit	admit	ACCEPT_INSTALL:ACCEPT_INSTALL|CONFLICT_WITHHELD:CONFLICT_WITHHELD|CORROBORATED:CORROBORATED|NEGATIVE_EVIDENCE:NEGATIVE_EVIDENCE|PERMANENT_INSTALL:PERMANENT_INSTALL|PROVISIONAL_INSTALL:PROVISIONAL_INSTALL|REVISE_INSTALL:REVISE_INSTALL|SUPPRESSED:SUPPRESSED|WITHHELD:WITHHELD	e1:CORROBORATED:+710;e2:CORROBORATED:+711;e3:CORROBORATED:+743;e4:CORROBORATED:+763;e5:CORROBORATED:+874;e6:CORROBORATED:+874;e7:CORROBORATED:+884;e8:CORROBORATED:+887;e9:CORROBORATED:+896;e10:CORROBORATED:+898;e11:CORROBORATED:+933;e12:CORROBORATED:+933;e13:CORROBORATED:+934;e14:CORROBORATED:+937	CORROBORATED	items_v2/admit.jsonl
admit-V2-A-decoy-0014	admit	admit	ACCEPT_INSTALL:ACCEPT_INSTALL|CONFLICT_WITHHELD:CONFLICT_WITHHELD|CORROBORATED:CORROBORATED|NEGATIVE_EVIDENCE:NEGATIVE_EVIDENCE|PERMANENT_INSTALL:PERMANENT_INSTALL|PROVISIONAL_INSTALL:PROVISIONAL_INSTALL|REVISE_INSTALL:REVISE_INSTALL|SUPPRESSED:SUPPRESSED|WITHHELD:WITHHELD	e1:CORROBORATED:+710;e2:CORROBORATED:+711;e3:CORROBORATED:+743;e4:CORROBORATED:+763;e5:CORROBORATED:+874;e6:CORROBORATED:+874;e7:CORROBORATED:+884;e8:CORROBORATED:+887;e9:CORROBORATED:+896;e10:CORROBORATED:+898;e11:CORROBORATED:+933;e12:CORROBORATED:+933;e13:CORROBORATED:+934;e14:CORROBORATED:+937;e15:CORROBORATED:+942	CORROBORATED	items_v2/admit.jsonl
admit-V2-A-decoy-0015	admit	admit	ACCEPT_INSTALL:ACCEPT_INSTALL|CONFLICT_WITHHELD:CONFLICT_WITHHELD|CORROBORATED:CORROBORATED|NEGATIVE_EVIDENCE:NEGATIVE_EVIDENCE|PERMANENT_INSTALL:PERMANENT_INSTALL|PROVISIONAL_INSTALL:PROVISIONAL_INSTALL|REVISE_INSTALL:REVISE_INSTALL|SUPPRESSED:SUPPRESSED|WITHHELD:WITHHELD	e1:CORROBORATED:+710;e2:CORROBORATED:+711;e3:CORROBORATED:+743;e4:CORROBORATED:+763;e5:CORROBORATED:+874;e6:CORROBORATED:+874;e7:CORROBORATED:+884;e8:CORROBORATED:+887;e9:CORROBORATED:+896;e10:CORROBORATED:+898;e11:CORROBORATED:+933;e12:CORROBORATED:+933;e13:CORROBORATED:+934;e14:CORROBORATED:+937;e15:CORROBORATED:+942;e16:CORROBORATED:+949	CORROBORATED	items_v2/admit.jsonl
admit-V2-A-decoy-0016	admit	admit	ACCEPT_INSTALL:ACCEPT_INSTALL|CONFLICT_WITHHELD:CONFLICT_WITHHELD|CORROBORATED:CORROBORATED|NEGATIVE_EVIDENCE:NEGATIVE_EVIDENCE|PERMANENT_INSTALL:PERMANENT_INSTALL|PROVISIONAL_INSTALL:PROVISIONAL_INSTALL|REVISE_INSTALL:REVISE_INSTALL|SUPPRESSED:SUPPRESSED|WITHHELD:WITHHELD	e1:CORROBORATED:+710;e2:CORROBORATED:+711;e3:CORROBORATED:+743;e4:CORROBORATED:+763;e5:CORROBORATED:+874;e6:CORROBORATED:+874;e7:CORROBORATED:+884;e8:CORROBORATED:+887;e9:CORROBORATED:+896;e10:CORROBORATED:+898;e11:CORROBORATED:+933;e12:CORROBORATED:+933;e13:CORROBORATED:+934;e14:CORROBORATED:+937;e15:CORROBORATED:+942;e16:CORROBORATED:+949;e17:CORROBORATED:+951	CORROBORATED	items_v2/admit.jsonl
admit-V2-A-decoy-0017	admit	admit	ACCEPT_INSTALL:ACCEPT_INSTALL|CONFLICT_WITHHELD:CONFLICT_WITHHELD|CORROBORATED:CORROBORATED|NEGATIVE_EVIDENCE:NEGATIVE_EVIDENCE|PERMANENT_INSTALL:PERMANENT_INSTALL|PROVISIONAL_INSTALL:PROVISIONAL_INSTALL|REVISE_INSTALL:REVISE_INSTALL|SUPPRESSED:SUPPRESSED|WITHHELD:WITHHELD	e1:REVISE_INSTALL:+710;e2:REVISE_INSTALL:+711;e3:REVISE_INSTALL:+743;e4:REVISE_INSTALL:+763;e5:REVISE_INSTALL:+874;e6:REVISE_INSTALL:+874;e7:REVISE_INSTALL:+884;e8:REVISE_INSTALL:+887;e9:REVISE_INSTALL:+896;e10:REVISE_INSTALL:+898;e11:REVISE_INSTALL:+933;e12:REVISE_INSTALL:+933;e13:REVISE_INSTALL:+934;e14:REVISE_INSTALL:+937;e15:REVISE_INSTALL:+942;e16:REVISE_INSTALL:+949;e17:REVISE_INSTALL:+951;e18:REVISE_INSTALL:+951	REVISE_INSTALL	items_v2/admit.jsonl
admit-V2-A-decoy-0018	admit	admit	ACCEPT_INSTALL:ACCEPT_INSTALL|CONFLICT_WITHHELD:CONFLICT_WITHHELD|CORROBORATED:CORROBORATED|NEGATIVE_EVIDENCE:NEGATIVE_EVIDENCE|PERMANENT_INSTALL:PERMANENT_INSTALL|PROVISIONAL_INSTALL:PROVISIONAL_INSTALL|REVISE_INSTALL:REVISE_INSTALL|SUPPRESSED:SUPPRESSED|WITHHELD:WITHHELD	e1:REVISE_INSTALL:+710;e2:REVISE_INSTALL:+711;e3:REVISE_INSTALL:+743;e4:REVISE_INSTALL:+763;e5:REVISE_INSTALL:+874;e6:REVISE_INSTALL:+874;e7:REVISE_INSTALL:+884;e8:REVISE_INSTALL:+887;e9:REVISE_INSTALL:+896;e10:REVISE_INSTALL:+898;e11:REVISE_INSTALL:+933;e12:REVISE_INSTALL:+933;e13:REVISE_INSTALL:+934;e14:REVISE_INSTALL:+937;e15:REVISE_INSTALL:+942;e16:REVISE_INSTALL:+949;e17:REVISE_INSTALL:+951;e18:REVISE_INSTALL:+951;e19:REVISE_INSTALL:+955	REVISE_INSTALL	items_v2/admit.jsonl
admit-V2-A-decoy-0019	admit	admit	ACCEPT_INSTALL:ACCEPT_INSTALL|CONFLICT_WITHHELD:CONFLICT_WITHHELD|CORROBORATED:CORROBORATED|NEGATIVE_EVIDENCE:NEGATIVE_EVIDENCE|PERMANENT_INSTALL:PERMANENT_INSTALL|PROVISIONAL_INSTALL:PROVISIONAL_INSTALL|REVISE_INSTALL:REVISE_INSTALL|SUPPRESSED:SUPPRESSED|WITHHELD:WITHHELD	e1:PROVISIONAL_INSTALL:+931	PROVISIONAL_INSTALL	items_v2/admit.jsonl
admit-V2-A-decoy-0020	admit	admit	ACCEPT_INSTALL:ACCEPT_INSTALL|CONFLICT_WITHHELD:CONFLICT_WITHHELD|CORROBORATED:CORROBORATED|NEGATIVE_EVIDENCE:NEGATIVE_EVIDENCE|PERMANENT_INSTALL:PERMANENT_INSTALL|PROVISIONAL_INSTALL:PROVISIONAL_INSTALL|REVISE_INSTALL:REVISE_INSTALL|SUPPRESSED:SUPPRESSED|WITHHELD:WITHHELD	e1:CORROBORATED:+931;e2:CORROBORATED:+946	CORROBORATED	items_v2/admit.jsonl
admit-V2-A-decoy-0021	admit	admit	ACCEPT_INSTALL:ACCEPT_INSTALL|CONFLICT_WITHHELD:CONFLICT_WITHHELD|CORROBORATED:CORROBORATED|NEGATIVE_EVIDENCE:NEGATIVE_EVIDENCE|PERMANENT_INSTALL:PERMANENT_INSTALL|PROVISIONAL_INSTALL:PROVISIONAL_INSTALL|REVISE_INSTALL:REVISE_INSTALL|SUPPRESSED:SUPPRESSED|WITHHELD:WITHHELD	e1:CORROBORATED:+931;e2:CORROBORATED:+946;e3:CORROBORATED:+948	CORROBORATED	items_v2/admit.jsonl
admit-V2-A-decoy-0022	admit	admit	ACCEPT_INSTALL:ACCEPT_INSTALL|CONFLICT_WITHHELD:CONFLICT_WITHHELD|CORROBORATED:CORROBORATED|NEGATIVE_EVIDENCE:NEGATIVE_EVIDENCE|PERMANENT_INSTALL:PERMANENT_INSTALL|PROVISIONAL_INSTALL:PROVISIONAL_INSTALL|REVISE_INSTALL:REVISE_INSTALL|SUPPRESSED:SUPPRESSED|WITHHELD:WITHHELD	e1:PROVISIONAL_INSTALL:+931;e2:PROVISIONAL_INSTALL:+946;e3:PROVISIONAL_INSTALL:+948;e4:PROVISIONAL_INSTALL:+754	PROVISIONAL_INSTALL	items_v2/admit.jsonl
admit-V2-A-decoy-0023	admit	admit	ACCEPT_INSTALL:ACCEPT_INSTALL|CONFLICT_WITHHELD:CONFLICT_WITHHELD|CORROBORATED:CORROBORATED|NEGATIVE_EVIDENCE:NEGATIVE_EVIDENCE|PERMANENT_INSTALL:PERMANENT_INSTALL|PROVISIONAL_INSTALL:PROVISIONAL_INSTALL|REVISE_INSTALL:REVISE_INSTALL|SUPPRESSED:SUPPRESSED|WITHHELD:WITHHELD	e1:PROVISIONAL_INSTALL:+931;e2:PROVISIONAL_INSTALL:+946;e3:PROVISIONAL_INSTALL:+948;e4:PROVISIONAL_INSTALL:+754;e5:PROVISIONAL_INSTALL:+754	PROVISIONAL_INSTALL	items_v2/admit.jsonl
admit-V2-A-decoy-0024	admit	admit	ACCEPT_INSTALL:ACCEPT_INSTALL|CONFLICT_WITHHELD:CONFLICT_WITHHELD|CORROBORATED:CORROBORATED|NEGATIVE_EVIDENCE:NEGATIVE_EVIDENCE|PERMANENT_INSTALL:PERMANENT_INSTALL|PROVISIONAL_INSTALL:PROVISIONAL_INSTALL|REVISE_INSTALL:REVISE_INSTALL|SUPPRESSED:SUPPRESSED|WITHHELD:WITHHELD	e1:PROVISIONAL_INSTALL:+931;e2:PROVISIONAL_INSTALL:+946;e3:PROVISIONAL_INSTALL:+948;e4:PROVISIONAL_INSTALL:+754;e5:PROVISIONAL_INSTALL:+754;e6:PROVISIONAL_INSTALL:+777	PROVISIONAL_INSTALL	items_v2/admit.jsonl
admit-V2-A-decoy-0025	admit	admit	ACCEPT_INSTALL:ACCEPT_INSTALL|CONFLICT_WITHHELD:CONFLICT_WITHHELD|CORROBORATED:CORROBORATED|NEGATIVE_EVIDENCE:NEGATIVE_EVIDENCE|PERMANENT_INSTALL:PERMANENT_INSTALL|PROVISIONAL_INSTALL:PROVISIONAL_INSTALL|REVISE_INSTALL:REVISE_INSTALL|SUPPRESSED:SUPPRESSED|WITHHELD:WITHHELD	e1:CORROBORATED:+931;e2:CORROBORATED:+946;e3:CORROBORATED:+948;e4:CORROBORATED:+754;e5:CORROBORATED:+754;e6:CORROBORATED:+777;e7:CORROBORATED:+862	CORROBORATED	items_v2/admit.jsonl
admit-V2-A-decoy-0026	admit	admit	ACCEPT_INSTALL:ACCEPT_INSTALL|CONFLICT_WITHHELD:CONFLICT_WITHHELD|CORROBORATED:CORROBORATED|NEGATIVE_EVIDENCE:NEGATIVE_EVIDENCE|PERMANENT_INSTALL:PERMANENT_INSTALL|PROVISIONAL_INSTALL:PROVISIONAL_INSTALL|REVISE_INSTALL:REVISE_INSTALL|SUPPRESSED:SUPPRESSED|WITHHELD:WITHHELD	e1:CORROBORATED:+931;e2:CORROBORATED:+946;e3:CORROBORATED:+948;e4:CORROBORATED:+754;e5:CORROBORATED:+754;e6:CORROBORATED:+777;e7:CORROBORATED:+862;e8:CORROBORATED:+901	CORROBORATED	items_v2/admit.jsonl
admit-V2-A-decoy-0027	admit	admit	ACCEPT_INSTALL:ACCEPT_INSTALL|CONFLICT_WITHHELD:CONFLICT_WITHHELD|CORROBORATED:CORROBORATED|NEGATIVE_EVIDENCE:NEGATIVE_EVIDENCE|PERMANENT_INSTALL:PERMANENT_INSTALL|PROVISIONAL_INSTALL:PROVISIONAL_INSTALL|REVISE_INSTALL:REVISE_INSTALL|SUPPRESSED:SUPPRESSED|WITHHELD:WITHHELD	e1:CORROBORATED:+931;e2:CORROBORATED:+946;e3:CORROBORATED:+948;e4:CORROBORATED:+754;e5:CORROBORATED:+754;e6:CORROBORATED:+777;e7:CORROBORATED:+862;e8:CORROBORATED:+901;e9:CORROBORATED:+917	CORROBORATED	items_v2/admit.jsonl
admit-V2-A-decoy-0028	admit	admit	ACCEPT_INSTALL:ACCEPT_INSTALL|CONFLICT_WITHHELD:CONFLICT_WITHHELD|CORROBORATED:CORROBORATED|NEGATIVE_EVIDENCE:NEGATIVE_EVIDENCE|PERMANENT_INSTALL:PERMANENT_INSTALL|PROVISIONAL_INSTALL:PROVISIONAL_INSTALL|REVISE_INSTALL:REVISE_INSTALL|SUPPRESSED:SUPPRESSED|WITHHELD:WITHHELD	e1:PROVISIONAL_INSTALL:+764	PROVISIONAL_INSTALL	items_v2/admit.jsonl
admit-V2-A-decoy-0029	admit	admit	ACCEPT_INSTALL:ACCEPT_INSTALL|CONFLICT_WITHHELD:CONFLICT_WITHHELD|CORROBORATED:CORROBORATED|NEGATIVE_EVIDENCE:NEGATIVE_EVIDENCE|PERMANENT_INSTALL:PERMANENT_INSTALL|PROVISIONAL_INSTALL:PROVISIONAL_INSTALL|REVISE_INSTALL:REVISE_INSTALL|SUPPRESSED:SUPPRESSED|WITHHELD:WITHHELD	e1:PROVISIONAL_INSTALL:+764;e2:PROVISIONAL_INSTALL:+764	PROVISIONAL_INSTALL	items_v2/admit.jsonl
admit-V2-A-decoy-0030	admit	admit	ACCEPT_INSTALL:ACCEPT_INSTALL|CONFLICT_WITHHELD:CONFLICT_WITHHELD|CORROBORATED:CORROBORATED|NEGATIVE_EVIDENCE:NEGATIVE_EVIDENCE|PERMANENT_INSTALL:PERMANENT_INSTALL|PROVISIONAL_INSTALL:PROVISIONAL_INSTALL|REVISE_INSTALL:REVISE_INSTALL|SUPPRESSED:SUPPRESSED|WITHHELD:WITHHELD	e1:PROVISIONAL_INSTALL:+764;e2:PROVISIONAL_INSTALL:+764;e3:PROVISIONAL_INSTALL:+774	PROVISIONAL_INSTALL	items_v2/admit.jsonl
admit-V2-A-decoy-0031	admit	admit	ACCEPT_INSTALL:ACCEPT_INSTALL|CONFLICT_WITHHELD:CONFLICT_WITHHELD|CORROBORATED:CORROBORATED|NEGATIVE_EVIDENCE:NEGATIVE_EVIDENCE|PERMANENT_INSTALL:PERMANENT_INSTALL|PROVISIONAL_INSTALL:PROVISIONAL_INSTALL|REVISE_INSTALL:REVISE_INSTALL|SUPPRESSED:SUPPRESSED|WITHHELD:WITHHELD	e1:PERMANENT_INSTALL:+764;e2:PERMANENT_INSTALL:+764;e3:PERMANENT_INSTALL:+774;e4:PERMANENT_INSTALL:+788	PERMANENT_INSTALL	items_v2/admit.jsonl
admit-V2-A-decoy-0032	admit	admit	ACCEPT_INSTALL:ACCEPT_INSTALL|CONFLICT_WITHHELD:CONFLICT_WITHHELD|CORROBORATED:CORROBORATED|NEGATIVE_EVIDENCE:NEGATIVE_EVIDENCE|PERMANENT_INSTALL:PERMANENT_INSTALL|PROVISIONAL_INSTALL:PROVISIONAL_INSTALL|REVISE_INSTALL:REVISE_INSTALL|SUPPRESSED:SUPPRESSED|WITHHELD:WITHHELD	e1:CORROBORATED:+764;e2:CORROBORATED:+764;e3:CORROBORATED:+774;e4:CORROBORATED:+788;e5:CORROBORATED:+798	CORROBORATED	items_v2/admit.jsonl
admit-V2-A-decoy-0033	admit	admit	ACCEPT_INSTALL:ACCEPT_INSTALL|CONFLICT_WITHHELD:CONFLICT_WITHHELD|CORROBORATED:CORROBORATED|NEGATIVE_EVIDENCE:NEGATIVE_EVIDENCE|PERMANENT_INSTALL:PERMANENT_INSTALL|PROVISIONAL_INSTALL:PROVISIONAL_INSTALL|REVISE_INSTALL:REVISE_INSTALL|SUPPRESSED:SUPPRESSED|WITHHELD:WITHHELD	e1:CORROBORATED:+764;e2:CORROBORATED:+764;e3:CORROBORATED:+774;e4:CORROBORATED:+788;e5:CORROBORATED:+798;e6:CORROBORATED:+798	CORROBORATED	items_v2/admit.jsonl
admit-V2-A-decoy-0034	admit	admit	ACCEPT_INSTALL:ACCEPT_INSTALL|CONFLICT_WITHHELD:CONFLICT_WITHHELD|CORROBORATED:CORROBORATED|NEGATIVE_EVIDENCE:NEGATIVE_EVIDENCE|PERMANENT_INSTALL:PERMANENT_INSTALL|PROVISIONAL_INSTALL:PROVISIONAL_INSTALL|REVISE_INSTALL:REVISE_INSTALL|SUPPRESSED:SUPPRESSED|WITHHELD:WITHHELD	e1:CORROBORATED:+764;e2:CORROBORATED:+764;e3:CORROBORATED:+774;e4:CORROBORATED:+788;e5:CORROBORATED:+798;e6:CORROBORATED:+798;e7:CORROBORATED:+799	CORROBORATED	items_v2/admit.jsonl
admit-V2-A-decoy-0035	admit	admit	ACCEPT_INSTALL:ACCEPT_INSTALL|CONFLICT_WITHHELD:CONFLICT_WITHHELD|CORROBORATED:CORROBORATED|NEGATIVE_EVIDENCE:NEGATIVE_EVIDENCE|PERMANENT_INSTALL:PERMANENT_INSTALL|PROVISIONAL_INSTALL:PROVISIONAL_INSTALL|REVISE_INSTALL:REVISE_INSTALL|SUPPRESSED:SUPPRESSED|WITHHELD:WITHHELD	e1:REVISE_INSTALL:+764;e2:REVISE_INSTALL:+764;e3:REVISE_INSTALL:+774;e4:REVISE_INSTALL:+788;e5:REVISE_INSTALL:+798;e6:REVISE_INSTALL:+798;e7:REVISE_INSTALL:+799;e8:REVISE_INSTALL:+799	REVISE_INSTALL	items_v2/admit.jsonl
admit-V2-A-decoy-0036	admit	admit	ACCEPT_INSTALL:ACCEPT_INSTALL|CONFLICT_WITHHELD:CONFLICT_WITHHELD|CORROBORATED:CORROBORATED|NEGATIVE_EVIDENCE:NEGATIVE_EVIDENCE|PERMANENT_INSTALL:PERMANENT_INSTALL|PROVISIONAL_INSTALL:PROVISIONAL_INSTALL|REVISE_INSTALL:REVISE_INSTALL|SUPPRESSED:SUPPRESSED|WITHHELD:WITHHELD	e1:CONFLICT_WITHHELD:+764;e2:CONFLICT_WITHHELD:+764;e3:CONFLICT_WITHHELD:+774;e4:CONFLICT_WITHHELD:+788;e5:CONFLICT_WITHHELD:+798;e6:CONFLICT_WITHHELD:+798;e7:CONFLICT_WITHHELD:+799;e8:CONFLICT_WITHHELD:+799;e9:CONFLICT_WITHHELD:+800	CONFLICT_WITHHELD	items_v2/admit.jsonl
admit-V2-A-decoy-0037	admit	admit	ACCEPT_INSTALL:ACCEPT_INSTALL|CONFLICT_WITHHELD:CONFLICT_WITHHELD|CORROBORATED:CORROBORATED|NEGATIVE_EVIDENCE:NEGATIVE_EVIDENCE|PERMANENT_INSTALL:PERMANENT_INSTALL|PROVISIONAL_INSTALL:PROVISIONAL_INSTALL|REVISE_INSTALL:REVISE_INSTALL|SUPPRESSED:SUPPRESSED|WITHHELD:WITHHELD	e1:REVISE_INSTALL:+764;e2:REVISE_INSTALL:+764;e3:REVISE_INSTALL:+774;e4:REVISE_INSTALL:+788;e5:REVISE_INSTALL:+798;e6:REVISE_INSTALL:+798;e7:REVISE_INSTALL:+799;e8:REVISE_INSTALL:+799;e9:REVISE_INSTALL:+800;e10:REVISE_INSTALL:+806	REVISE_INSTALL	items_v2/admit.jsonl
admit-V2-A-decoy-0038	admit	admit	ACCEPT_INSTALL:ACCEPT_INSTALL|CONFLICT_WITHHELD:CONFLICT_WITHHELD|CORROBORATED:CORROBORATED|NEGATIVE_EVIDENCE:NEGATIVE_EVIDENCE|PERMANENT_INSTALL:PERMANENT_INSTALL|PROVISIONAL_INSTALL:PROVISIONAL_INSTALL|REVISE_INSTALL:REVISE_INSTALL|SUPPRESSED:SUPPRESSED|WITHHELD:WITHHELD	e1:CORROBORATED:+764;e2:CORROBORATED:+764;e3:CORROBORATED:+774;e4:CORROBORATED:+788;e5:CORROBORATED:+798;e6:CORROBORATED:+798;e7:CORROBORATED:+799;e8:CORROBORATED:+799;e9:CORROBORATED:+800;e10:CORROBORATED:+806;e11:CORROBORATED:+832	CORROBORATED	items_v2/admit.jsonl
admit-V2-A-decoy-0039	admit	admit	ACCEPT_INSTALL:ACCEPT_INSTALL|CONFLICT_WITHHELD:CONFLICT_WITHHELD|CORROBORATED:CORROBORATED|NEGATIVE_EVIDENCE:NEGATIVE_EVIDENCE|PERMANENT_INSTALL:PERMANENT_INSTALL|PROVISIONAL_INSTALL:PROVISIONAL_INSTALL|REVISE_INSTALL:REVISE_INSTALL|SUPPRESSED:SUPPRESSED|WITHHELD:WITHHELD	e1:CORROBORATED:+764;e2:CORROBORATED:+764;e3:CORROBORATED:+774;e4:CORROBORATED:+788;e5:CORROBORATED:+798;e6:CORROBORATED:+798;e7:CORROBORATED:+799;e8:CORROBORATED:+799;e9:CORROBORATED:+800;e10:CORROBORATED:+806;e11:CORROBORATED:+832;e12:CORROBORATED:+830	CORROBORATED	items_v2/admit.jsonl
admit-V2-A-decoy-0040	admit	admit	ACCEPT_INSTALL:ACCEPT_INSTALL|CONFLICT_WITHHELD:CONFLICT_WITHHELD|CORROBORATED:CORROBORATED|NEGATIVE_EVIDENCE:NEGATIVE_EVIDENCE|PERMANENT_INSTALL:PERMANENT_INSTALL|PROVISIONAL_INSTALL:PROVISIONAL_INSTALL|REVISE_INSTALL:REVISE_INSTALL|SUPPRESSED:SUPPRESSED|WITHHELD:WITHHELD	e1:CORROBORATED:+764;e2:CORROBORATED:+764;e3:CORROBORATED:+774;e4:CORROBORATED:+788;e5:CORROBORATED:+798;e6:CORROBORATED:+798;e7:CORROBORATED:+799;e8:CORROBORATED:+799;e9:CORROBORATED:+800;e10:CORROBORATED:+806;e11:CORROBORATED:+832;e12:CORROBORATED:+830;e13:CORROBORATED:+819	CORROBORATED	items_v2/admit.jsonl
admit-V2-A-decoy-0041	admit	admit	ACCEPT_INSTALL:ACCEPT_INSTALL|CONFLICT_WITHHELD:CONFLICT_WITHHELD|CORROBORATED:CORROBORATED|NEGATIVE_EVIDENCE:NEGATIVE_EVIDENCE|PERMANENT_INSTALL:PERMANENT_INSTALL|PROVISIONAL_INSTALL:PROVISIONAL_INSTALL|REVISE_INSTALL:REVISE_INSTALL|SUPPRESSED:SUPPRESSED|WITHHELD:WITHHELD	e1:REVISE_INSTALL:+764;e2:REVISE_INSTALL:+764;e3:REVISE_INSTALL:+774;e4:REVISE_INSTALL:+788;e5:REVISE_INSTALL:+798;e6:REVISE_INSTALL:+798;e7:REVISE_INSTALL:+799;e8:REVISE_INSTALL:+799;e9:REVISE_INSTALL:+800;e10:REVISE_INSTALL:+806;e11:REVISE_INSTALL:+832;e12:REVISE_INSTALL:+830;e13:REVISE_INSTALL:+819;e14:REVISE_INSTALL:+819	REVISE_INSTALL	items_v2/admit.jsonl
admit-V2-A-decoy-0042	admit	admit	ACCEPT_INSTALL:ACCEPT_INSTALL|CONFLICT_WITHHELD:CONFLICT_WITHHELD|CORROBORATED:CORROBORATED|NEGATIVE_EVIDENCE:NEGATIVE_EVIDENCE|PERMANENT_INSTALL:PERMANENT_INSTALL|PROVISIONAL_INSTALL:PROVISIONAL_INSTALL|REVISE_INSTALL:REVISE_INSTALL|SUPPRESSED:SUPPRESSED|WITHHELD:WITHHELD	e1:REVISE_INSTALL:+764;e2:REVISE_INSTALL:+764;e3:REVISE_INSTALL:+774;e4:REVISE_INSTALL:+788;e5:REVISE_INSTALL:+798;e6:REVISE_INSTALL:+798;e7:REVISE_INSTALL:+799;e8:REVISE_INSTALL:+799;e9:REVISE_INSTALL:+800;e10:REVISE_INSTALL:+806;e11:REVISE_INSTALL:+832;e12:REVISE_INSTALL:+830;e13:REVISE_INSTALL:+819;e14:REVISE_INSTALL:+819;e15:REVISE_INSTALL:+806	REVISE_INSTALL	items_v2/admit.jsonl
admit-V2-A-decoy-0043	admit	admit	ACCEPT_INSTALL:ACCEPT_INSTALL|CONFLICT_WITHHELD:CONFLICT_WITHHELD|CORROBORATED:CORROBORATED|NEGATIVE_EVIDENCE:NEGATIVE_EVIDENCE|PERMANENT_INSTALL:PERMANENT_INSTALL|PROVISIONAL_INSTALL:PROVISIONAL_INSTALL|REVISE_INSTALL:REVISE_INSTALL|SUPPRESSED:SUPPRESSED|WITHHELD:WITHHELD	e1:CONFLICT_WITHHELD:+764;e2:CONFLICT_WITHHELD:+764;e3:CONFLICT_WITHHELD:+774;e4:CONFLICT_WITHHELD:+788;e5:CONFLICT_WITHHELD:+798;e6:CONFLICT_WITHHELD:+798;e7:CONFLICT_WITHHELD:+799;e8:CONFLICT_WITHHELD:+799;e9:CONFLICT_WITHHELD:+800;e10:CONFLICT_WITHHELD:+806;e11:CONFLICT_WITHHELD:+832;e12:CONFLICT_WITHHELD:+830;e13:CONFLICT_WITHHELD:+819;e14:CONFLICT_WITHHELD:+819;e15:CONFLICT_WITHHELD:+806;e16:CONFLICT_WITHHELD:+869	CONFLICT_WITHHELD	items_v2/admit.jsonl
admit-V2-A-decoy-0044	admit	admit	ACCEPT_INSTALL:ACCEPT_INSTALL|CONFLICT_WITHHELD:CONFLICT_WITHHELD|CORROBORATED:CORROBORATED|NEGATIVE_EVIDENCE:NEGATIVE_EVIDENCE|PERMANENT_INSTALL:PERMANENT_INSTALL|PROVISIONAL_INSTALL:PROVISIONAL_INSTALL|REVISE_INSTALL:REVISE_INSTALL|SUPPRESSED:SUPPRESSED|WITHHELD:WITHHELD	e1:REVISE_INSTALL:+764;e2:REVISE_INSTALL:+764;e3:REVISE_INSTALL:+774;e4:REVISE_INSTALL:+788;e5:REVISE_INSTALL:+798;e6:REVISE_INSTALL:+798;e7:REVISE_INSTALL:+799;e8:REVISE_INSTALL:+799;e9:REVISE_INSTALL:+800;e10:REVISE_INSTALL:+806;e11:REVISE_INSTALL:+832;e12:REVISE_INSTALL:+830;e13:REVISE_INSTALL:+819;e14:REVISE_INSTALL:+819;e15:REVISE_INSTALL:+806;e16:REVISE_INSTALL:+869;e17:REVISE_INSTALL:+930	REVISE_INSTALL	items_v2/admit.jsonl
admit-V2-A-decoy-0045	admit	admit	ACCEPT_INSTALL:ACCEPT_INSTALL|CONFLICT_WITHHELD:CONFLICT_WITHHELD|CORROBORATED:CORROBORATED|NEGATIVE_EVIDENCE:NEGATIVE_EVIDENCE|PERMANENT_INSTALL:PERMANENT_INSTALL|PROVISIONAL_INSTALL:PROVISIONAL_INSTALL|REVISE_INSTALL:REVISE_INSTALL|SUPPRESSED:SUPPRESSED|WITHHELD:WITHHELD	e1:CORROBORATED:+764;e2:CORROBORATED:+764;e3:CORROBORATED:+774;e4:CORROBORATED:+788;e5:CORROBORATED:+798;e6:CORROBORATED:+798;e7:CORROBORATED:+799;e8:CORROBORATED:+799;e9:CORROBORATED:+800;e10:CORROBORATED:+806;e11:CORROBORATED:+832;e12:CORROBORATED:+830;e13:CORROBORATED:+819;e14:CORROBORATED:+819;e15:CORROBORATED:+806;e16:CORROBORATED:+869;e17:CORROBORATED:+930;e18:CORROBORATED:+930	CORROBORATED	items_v2/admit.jsonl
admit-V2-A-decoy-0046	admit	admit	ACCEPT_INSTALL:ACCEPT_INSTALL|CONFLICT_WITHHELD:CONFLICT_WITHHELD|CORROBORATED:CORROBORATED|NEGATIVE_EVIDENCE:NEGATIVE_EVIDENCE|PERMANENT_INSTALL:PERMANENT_INSTALL|PROVISIONAL_INSTALL:PROVISIONAL_INSTALL|REVISE_INSTALL:REVISE_INSTALL|SUPPRESSED:SUPPRESSED|WITHHELD:WITHHELD	e1:CORROBORATED:+764;e2:CORROBORATED:+764;e3:CORROBORATED:+774;e4:CORROBORATED:+788;e5:CORROBORATED:+798;e6:CORROBORATED:+798;e7:CORROBORATED:+799;e8:CORROBORATED:+799;e9:CORROBORATED:+800;e10:CORROBORATED:+806;e11:CORROBORATED:+832;e12:CORROBORATED:+830;e13:CORROBORATED:+819;e14:CORROBORATED:+819;e15:CORROBORATED:+806;e16:CORROBORATED:+869;e17:CORROBORATED:+930;e18:CORROBORATED:+930;e19:CORROBORATED:+930	CORROBORATED	items_v2/admit.jsonl
admit-V2-A-decoy-0047	admit	admit	ACCEPT_INSTALL:ACCEPT_INSTALL|CONFLICT_WITHHELD:CONFLICT_WITHHELD|CORROBORATED:CORROBORATED|NEGATIVE_EVIDENCE:NEGATIVE_EVIDENCE|PERMANENT_INSTALL:PERMANENT_INSTALL|PROVISIONAL_INSTALL:PROVISIONAL_INSTALL|REVISE_INSTALL:REVISE_INSTALL|SUPPRESSED:SUPPRESSED|WITHHELD:WITHHELD	e1:REVISE_INSTALL:+764;e2:REVISE_INSTALL:+764;e3:REVISE_INSTALL:+774;e4:REVISE_INSTALL:+788;e5:REVISE_INSTALL:+798;e6:REVISE_INSTALL:+798;e7:REVISE_INSTALL:+799;e8:REVISE_INSTALL:+799;e9:REVISE_INSTALL:+800;e10:REVISE_INSTALL:+806;e11:REVISE_INSTALL:+832;e12:REVISE_INSTALL:+830;e13:REVISE_INSTALL:+819;e14:REVISE_INSTALL:+819;e15:REVISE_INSTALL:+806;e16:REVISE_INSTALL:+869;e17:REVISE_INSTALL:+930;e18:REVISE_INSTALL:+930;e19:REVISE_INSTALL:+930;e20:REVISE_INSTALL:+930	REVISE_INSTALL	items_v2/admit.jsonl
admit-V2-A-decoy-0048	admit	admit	ACCEPT_INSTALL:ACCEPT_INSTALL|CONFLICT_WITHHELD:CONFLICT_WITHHELD|CORROBORATED:CORROBORATED|NEGATIVE_EVIDENCE:NEGATIVE_EVIDENCE|PERMANENT_INSTALL:PERMANENT_INSTALL|PROVISIONAL_INSTALL:PROVISIONAL_INSTALL|REVISE_INSTALL:REVISE_INSTALL|SUPPRESSED:SUPPRESSED|WITHHELD:WITHHELD	e1:REVISE_INSTALL:+764;e2:REVISE_INSTALL:+764;e3:REVISE_INSTALL:+774;e4:REVISE_INSTALL:+788;e5:REVISE_INSTALL:+798;e6:REVISE_INSTALL:+798;e7:REVISE_INSTALL:+799;e8:REVISE_INSTALL:+799;e9:REVISE_INSTALL:+800;e10:REVISE_INSTALL:+806;e11:REVISE_INSTALL:+832;e12:REVISE_INSTALL:+830;e13:REVISE_INSTALL:+819;e14:REVISE_INSTALL:+819;e15:REVISE_INSTALL:+806;e16:REVISE_INSTALL:+869;e17:REVISE_INSTALL:+930;e18:REVISE_INSTALL:+930;e19:REVISE_INSTALL:+930;e20:REVISE_INSTALL:+930;e21:REVISE_INSTALL:+930	REVISE_INSTALL	items_v2/admit.jsonl
admit-V2-A-decoy-0049	admit	admit	ACCEPT_INSTALL:ACCEPT_INSTALL|CONFLICT_WITHHELD:CONFLICT_WITHHELD|CORROBORATED:CORROBORATED|NEGATIVE_EVIDENCE:NEGATIVE_EVIDENCE|PERMANENT_INSTALL:PERMANENT_INSTALL|PROVISIONAL_INSTALL:PROVISIONAL_INSTALL|REVISE_INSTALL:REVISE_INSTALL|SUPPRESSED:SUPPRESSED|WITHHELD:WITHHELD	e1:CORROBORATED:+764;e2:CORROBORATED:+764;e3:CORROBORATED:+774;e4:CORROBORATED:+788;e5:CORROBORATED:+798;e6:CORROBORATED:+798;e7:CORROBORATED:+799;e8:CORROBORATED:+799;e9:CORROBORATED:+800;e10:CORROBORATED:+806;e11:CORROBORATED:+832;e12:CORROBORATED:+830;e13:CORROBORATED:+819;e14:CORROBORATED:+819;e15:CORROBORATED:+806;e16:CORROBORATED:+869;e17:CORROBORATED:+930;e18:CORROBORATED:+930;e19:CORROBORATED:+930;e20:CORROBORATED:+930;e21:CORROBORATED:+930;e22:CORROBORATED:+930	CORROBORATED	items_v2/admit.jsonl
admit-V2-A-decoy-0050	admit	admit	ACCEPT_INSTALL:ACCEPT_INSTALL|CONFLICT_WITHHELD:CONFLICT_WITHHELD|CORROBORATED:CORROBORATED|NEGATIVE_EVIDENCE:NEGATIVE_EVIDENCE|PERMANENT_INSTALL:PERMANENT_INSTALL|PROVISIONAL_INSTALL:PROVISIONAL_INSTALL|REVISE_INSTALL:REVISE_INSTALL|SUPPRESSED:SUPPRESSED|WITHHELD:WITHHELD	e1:CORROBORATED:+764;e2:CORROBORATED:+764;e3:CORROBORATED:+774;e4:CORROBORATED:+788;e5:CORROBORATED:+798;e6:CORROBORATED:+798;e7:CORROBORATED:+799;e8:CORROBORATED:+799;e9:CORROBORATED:+800;e10:CORROBORATED:+806;e11:CORROBORATED:+832;e12:CORROBORATED:+830;e13:CORROBORATED:+819;e14:CORROBORATED:+819;e15:CORROBORATED:+806;e16:CORROBORATED:+869;e17:CORROBORATED:+930;e18:CORROBORATED:+930;e19:CORROBORATED:+930;e20:CORROBORATED:+930;e21:CORROBORATED:+930;e22:CORROBORATED:+930;e23:CORROBORATED:+930	CORROBORATED	items_v2/admit.jsonl
admit-V2-A-decoy-0051	admit	admit	ACCEPT_INSTALL:ACCEPT_INSTALL|CONFLICT_WITHHELD:CONFLICT_WITHHELD|CORROBORATED:CORROBORATED|NEGATIVE_EVIDENCE:NEGATIVE_EVIDENCE|PERMANENT_INSTALL:PERMANENT_INSTALL|PROVISIONAL_INSTALL:PROVISIONAL_INSTALL|REVISE_INSTALL:REVISE_INSTALL|SUPPRESSED:SUPPRESSED|WITHHELD:WITHHELD	e1:CORROBORATED:+764;e2:CORROBORATED:+764;e3:CORROBORATED:+774;e4:CORROBORATED:+788;e5:CORROBORATED:+798;e6:CORROBORATED:+798;e7:CORROBORATED:+799;e8:CORROBORATED:+799;e9:CORROBORATED:+800;e10:CORROBORATED:+806;e11:CORROBORATED:+832;e12:CORROBORATED:+830;e13:CORROBORATED:+819;e14:CORROBORATED:+819;e15:CORROBORATED:+806;e16:CORROBORATED:+869;e17:CORROBORATED:+930;e18:CORROBORATED:+930;e19:CORROBORATED:+930;e20:CORROBORATED:+930;e21:CORROBORATED:+930;e22:CORROBORATED:+930;e23:CORROBORATED:+930;e24:CORROBORATED:+952	CORROBORATED	items_v2/admit.jsonl
admit-V2-A-install-0000	admit	admit	ACCEPT_INSTALL:ACCEPT_INSTALL|CONFLICT_WITHHELD:CONFLICT_WITHHELD|CORROBORATED:CORROBORATED|NEGATIVE_EVIDENCE:NEGATIVE_EVIDENCE|PERMANENT_INSTALL:PERMANENT_INSTALL|PROVISIONAL_INSTALL:PROVISIONAL_INSTALL|REVISE_INSTALL:REVISE_INSTALL|SUPPRESSED:SUPPRESSED|WITHHELD:WITHHELD	e1:PROVISIONAL_INSTALL:+710	PROVISIONAL_INSTALL	items_v2/admit.jsonl
admit-V2-A-install-0001	admit	admit	ACCEPT_INSTALL:ACCEPT_INSTALL|CONFLICT_WITHHELD:CONFLICT_WITHHELD|CORROBORATED:CORROBORATED|NEGATIVE_EVIDENCE:NEGATIVE_EVIDENCE|PERMANENT_INSTALL:PERMANENT_INSTALL|PROVISIONAL_INSTALL:PROVISIONAL_INSTALL|REVISE_INSTALL:REVISE_INSTALL|SUPPRESSED:SUPPRESSED|WITHHELD:WITHHELD	e1:PERMANENT_INSTALL:+710;e2:PERMANENT_INSTALL:+711	PERMANENT_INSTALL	items_v2/admit.jsonl
admit-V2-A-install-0002	admit	admit	ACCEPT_INSTALL:ACCEPT_INSTALL|CONFLICT_WITHHELD:CONFLICT_WITHHELD|CORROBORATED:CORROBORATED|NEGATIVE_EVIDENCE:NEGATIVE_EVIDENCE|PERMANENT_INSTALL:PERMANENT_INSTALL|PROVISIONAL_INSTALL:PROVISIONAL_INSTALL|REVISE_INSTALL:REVISE_INSTALL|SUPPRESSED:SUPPRESSED|WITHHELD:WITHHELD	e1:CORROBORATED:+710;e2:CORROBORATED:+711;e3:CORROBORATED:+743	CORROBORATED	items_v2/admit.jsonl
admit-V2-A-install-0003	admit	admit	ACCEPT_INSTALL:ACCEPT_INSTALL|CONFLICT_WITHHELD:CONFLICT_WITHHELD|CORROBORATED:CORROBORATED|NEGATIVE_EVIDENCE:NEGATIVE_EVIDENCE|PERMANENT_INSTALL:PERMANENT_INSTALL|PROVISIONAL_INSTALL:PROVISIONAL_INSTALL|REVISE_INSTALL:REVISE_INSTALL|SUPPRESSED:SUPPRESSED|WITHHELD:WITHHELD	e1:CORROBORATED:+710;e2:CORROBORATED:+711;e3:CORROBORATED:+743;e4:CORROBORATED:+763	CORROBORATED	items_v2/admit.jsonl
admit-V2-A-install-0004	admit	admit	ACCEPT_INSTALL:ACCEPT_INSTALL|CONFLICT_WITHHELD:CONFLICT_WITHHELD|CORROBORATED:CORROBORATED|NEGATIVE_EVIDENCE:NEGATIVE_EVIDENCE|PERMANENT_INSTALL:PERMANENT_INSTALL|PROVISIONAL_INSTALL:PROVISIONAL_INSTALL|REVISE_INSTALL:REVISE_INSTALL|SUPPRESSED:SUPPRESSED|WITHHELD:WITHHELD	e1:CORROBORATED:+710;e2:CORROBORATED:+711;e3:CORROBORATED:+743;e4:CORROBORATED:+763;e5:CORROBORATED:+874	CORROBORATED	items_v2/admit.jsonl
admit-V2-A-install-0005	admit	admit	ACCEPT_INSTALL:ACCEPT_INSTALL|CONFLICT_WITHHELD:CONFLICT_WITHHELD|CORROBORATED:CORROBORATED|NEGATIVE_EVIDENCE:NEGATIVE_EVIDENCE|PERMANENT_INSTALL:PERMANENT_INSTALL|PROVISIONAL_INSTALL:PROVISIONAL_INSTALL|REVISE_INSTALL:REVISE_INSTALL|SUPPRESSED:SUPPRESSED|WITHHELD:WITHHELD	e1:CORROBORATED:+710;e2:CORROBORATED:+711;e3:CORROBORATED:+743;e4:CORROBORATED:+763;e5:CORROBORATED:+874;e6:CORROBORATED:+884	CORROBORATED	items_v2/admit.jsonl
admit-V2-A-install-0006	admit	admit	ACCEPT_INSTALL:ACCEPT_INSTALL|CONFLICT_WITHHELD:CONFLICT_WITHHELD|CORROBORATED:CORROBORATED|NEGATIVE_EVIDENCE:NEGATIVE_EVIDENCE|PERMANENT_INSTALL:PERMANENT_INSTALL|PROVISIONAL_INSTALL:PROVISIONAL_INSTALL|REVISE_INSTALL:REVISE_INSTALL|SUPPRESSED:SUPPRESSED|WITHHELD:WITHHELD	e1:CORROBORATED:+710;e2:CORROBORATED:+711;e3:CORROBORATED:+743;e4:CORROBORATED:+763;e5:CORROBORATED:+874;e6:CORROBORATED:+884;e7:CORROBORATED:+887	CORROBORATED	items_v2/admit.jsonl
admit-V2-A-install-0007	admit	admit	ACCEPT_INSTALL:ACCEPT_INSTALL|CONFLICT_WITHHELD:CONFLICT_WITHHELD|CORROBORATED:CORROBORATED|NEGATIVE_EVIDENCE:NEGATIVE_EVIDENCE|PERMANENT_INSTALL:PERMANENT_INSTALL|PROVISIONAL_INSTALL:PROVISIONAL_INSTALL|REVISE_INSTALL:REVISE_INSTALL|SUPPRESSED:SUPPRESSED|WITHHELD:WITHHELD	e1:CORROBORATED:+710;e2:CORROBORATED:+711;e3:CORROBORATED:+743;e4:CORROBORATED:+763;e5:CORROBORATED:+874;e6:CORROBORATED:+884;e7:CORROBORATED:+887;e8:CORROBORATED:+896	CORROBORATED	items_v2/admit.jsonl
admit-V2-A-install-0008	admit	admit	ACCEPT_INSTALL:ACCEPT_INSTALL|CONFLICT_WITHHELD:CONFLICT_WITHHELD|CORROBORATED:CORROBORATED|NEGATIVE_EVIDENCE:NEGATIVE_EVIDENCE|PERMANENT_INSTALL:PERMANENT_INSTALL|PROVISIONAL_INSTALL:PROVISIONAL_INSTALL|REVISE_INSTALL:REVISE_INSTALL|SUPPRESSED:SUPPRESSED|WITHHELD:WITHHELD	e1:CORROBORATED:+710;e2:CORROBORATED:+711;e3:CORROBORATED:+743;e4:CORROBORATED:+763;e5:CORROBORATED:+874;e6:CORROBORATED:+884;e7:CORROBORATED:+887;e8:CORROBORATED:+896;e9:CORROBORATED:+898	CORROBORATED	items_v2/admit.jsonl
admit-V2-A-install-0009	admit	admit	ACCEPT_INSTALL:ACCEPT_INSTALL|CONFLICT_WITHHELD:CONFLICT_WITHHELD|CORROBORATED:CORROBORATED|NEGATIVE_EVIDENCE:NEGATIVE_EVIDENCE|PERMANENT_INSTALL:PERMANENT_INSTALL|PROVISIONAL_INSTALL:PROVISIONAL_INSTALL|REVISE_INSTALL:REVISE_INSTALL|SUPPRESSED:SUPPRESSED|WITHHELD:WITHHELD	e1:CORROBORATED:+710;e2:CORROBORATED:+711;e3:CORROBORATED:+743;e4:CORROBORATED:+763;e5:CORROBORATED:+874;e6:CORROBORATED:+884;e7:CORROBORATED:+887;e8:CORROBORATED:+896;e9:CORROBORATED:+898;e10:CORROBORATED:+933	CORROBORATED	items_v2/admit.jsonl
admit-V2-A-install-0010	admit	admit	ACCEPT_INSTALL:ACCEPT_INSTALL|CONFLICT_WITHHELD:CONFLICT_WITHHELD|CORROBORATED:CORROBORATED|NEGATIVE_EVIDENCE:NEGATIVE_EVIDENCE|PERMANENT_INSTALL:PERMANENT_INSTALL|PROVISIONAL_INSTALL:PROVISIONAL_INSTALL|REVISE_INSTALL:REVISE_INSTALL|SUPPRESSED:SUPPRESSED|WITHHELD:WITHHELD	e1:CORROBORATED:+710;e2:CORROBORATED:+711;e3:CORROBORATED:+743;e4:CORROBORATED:+763;e5:CORROBORATED:+874;e6:CORROBORATED:+884;e7:CORROBORATED:+887;e8:CORROBORATED:+896;e9:CORROBORATED:+898;e10:CORROBORATED:+933;e11:CORROBORATED:+934	CORROBORATED	items_v2/admit.jsonl
admit-V2-A-install-0011	admit	admit	ACCEPT_INSTALL:ACCEPT_INSTALL|CONFLICT_WITHHELD:CONFLICT_WITHHELD|CORROBORATED:CORROBORATED|NEGATIVE_EVIDENCE:NEGATIVE_EVIDENCE|PERMANENT_INSTALL:PERMANENT_INSTALL|PROVISIONAL_INSTALL:PROVISIONAL_INSTALL|REVISE_INSTALL:REVISE_INSTALL|SUPPRESSED:SUPPRESSED|WITHHELD:WITHHELD	e1:CORROBORATED:+710;e2:CORROBORATED:+711;e3:CORROBORATED:+743;e4:CORROBORATED:+763;e5:CORROBORATED:+874;e6:CORROBORATED:+884;e7:CORROBORATED:+887;e8:CORROBORATED:+896;e9:CORROBORATED:+898;e10:CORROBORATED:+933;e11:CORROBORATED:+934;e12:CORROBORATED:+937	CORROBORATED	items_v2/admit.jsonl
admit-V2-A-install-0012	admit	admit	ACCEPT_INSTALL:ACCEPT_INSTALL|CONFLICT_WITHHELD:CONFLICT_WITHHELD|CORROBORATED:CORROBORATED|NEGATIVE_EVIDENCE:NEGATIVE_EVIDENCE|PERMANENT_INSTALL:PERMANENT_INSTALL|PROVISIONAL_INSTALL:PROVISIONAL_INSTALL|REVISE_INSTALL:REVISE_INSTALL|SUPPRESSED:SUPPRESSED|WITHHELD:WITHHELD	e1:CORROBORATED:+710;e2:CORROBORATED:+711;e3:CORROBORATED:+743;e4:CORROBORATED:+763;e5:CORROBORATED:+874;e6:CORROBORATED:+884;e7:CORROBORATED:+887;e8:CORROBORATED:+896;e9:CORROBORATED:+898;e10:CORROBORATED:+933;e11:CORROBORATED:+934;e12:CORROBORATED:+937;e13:CORROBORATED:+942	CORROBORATED	items_v2/admit.jsonl
admit-V2-A-install-0013	admit	admit	ACCEPT_INSTALL:ACCEPT_INSTALL|CONFLICT_WITHHELD:CONFLICT_WITHHELD|CORROBORATED:CORROBORATED|NEGATIVE_EVIDENCE:NEGATIVE_EVIDENCE|PERMANENT_INSTALL:PERMANENT_INSTALL|PROVISIONAL_INSTALL:PROVISIONAL_INSTALL|REVISE_INSTALL:REVISE_INSTALL|SUPPRESSED:SUPPRESSED|WITHHELD:WITHHELD	e1:CORROBORATED:+710;e2:CORROBORATED:+711;e3:CORROBORATED:+743;e4:CORROBORATED:+763;e5:CORROBORATED:+874;e6:CORROBORATED:+884;e7:CORROBORATED:+887;e8:CORROBORATED:+896;e9:CORROBORATED:+898;e10:CORROBORATED:+933;e11:CORROBORATED:+934;e12:CORROBORATED:+937;e13:CORROBORATED:+942;e14:CORROBORATED:+949	CORROBORATED	items_v2/admit.jsonl
admit-V2-A-install-0014	admit	admit	ACCEPT_INSTALL:ACCEPT_INSTALL|CONFLICT_WITHHELD:CONFLICT_WITHHELD|CORROBORATED:CORROBORATED|NEGATIVE_EVIDENCE:NEGATIVE_EVIDENCE|PERMANENT_INSTALL:PERMANENT_INSTALL|PROVISIONAL_INSTALL:PROVISIONAL_INSTALL|REVISE_INSTALL:REVISE_INSTALL|SUPPRESSED:SUPPRESSED|WITHHELD:WITHHELD	e1:CORROBORATED:+710;e2:CORROBORATED:+711;e3:CORROBORATED:+743;e4:CORROBORATED:+763;e5:CORROBORATED:+874;e6:CORROBORATED:+884;e7:CORROBORATED:+887;e8:CORROBORATED:+896;e9:CORROBORATED:+898;e10:CORROBORATED:+933;e11:CORROBORATED:+934;e12:CORROBORATED:+937;e13:CORROBORATED:+942;e14:CORROBORATED:+949;e15:CORROBORATED:+951	CORROBORATED	items_v2/admit.jsonl
admit-V2-A-install-0015	admit	admit	ACCEPT_INSTALL:ACCEPT_INSTALL|CONFLICT_WITHHELD:CONFLICT_WITHHELD|CORROBORATED:CORROBORATED|NEGATIVE_EVIDENCE:NEGATIVE_EVIDENCE|PERMANENT_INSTALL:PERMANENT_INSTALL|PROVISIONAL_INSTALL:PROVISIONAL_INSTALL|REVISE_INSTALL:REVISE_INSTALL|SUPPRESSED:SUPPRESSED|WITHHELD:WITHHELD	e1:CORROBORATED:+710;e2:CORROBORATED:+711;e3:CORROBORATED:+743;e4:CORROBORATED:+763;e5:CORROBORATED:+874;e6:CORROBORATED:+884;e7:CORROBORATED:+887;e8:CORROBORATED:+896;e9:CORROBORATED:+898;e10:CORROBORATED:+933;e11:CORROBORATED:+934;e12:CORROBORATED:+937;e13:CORROBORATED:+942;e14:CORROBORATED:+949;e15:CORROBORATED:+951;e16:CORROBORATED:+955	CORROBORATED	items_v2/admit.jsonl
admit-V2-A-install-0016	admit	admit	ACCEPT_INSTALL:ACCEPT_INSTALL|CONFLICT_WITHHELD:CONFLICT_WITHHELD|CORROBORATED:CORROBORATED|NEGATIVE_EVIDENCE:NEGATIVE_EVIDENCE|PERMANENT_INSTALL:PERMANENT_INSTALL|PROVISIONAL_INSTALL:PROVISIONAL_INSTALL|REVISE_INSTALL:REVISE_INSTALL|SUPPRESSED:SUPPRESSED|WITHHELD:WITHHELD	e1:PROVISIONAL_INSTALL:+931	PROVISIONAL_INSTALL	items_v2/admit.jsonl
admit-V2-A-install-0017	admit	admit	ACCEPT_INSTALL:ACCEPT_INSTALL|CONFLICT_WITHHELD:CONFLICT_WITHHELD|CORROBORATED:CORROBORATED|NEGATIVE_EVIDENCE:NEGATIVE_EVIDENCE|PERMANENT_INSTALL:PERMANENT_INSTALL|PROVISIONAL_INSTALL:PROVISIONAL_INSTALL|REVISE_INSTALL:REVISE_INSTALL|SUPPRESSED:SUPPRESSED|WITHHELD:WITHHELD	e1:CORROBORATED:+931;e2:CORROBORATED:+946	CORROBORATED	items_v2/admit.jsonl
admit-V2-A-install-0018	admit	admit	ACCEPT_INSTALL:ACCEPT_INSTALL|CONFLICT_WITHHELD:CONFLICT_WITHHELD|CORROBORATED:CORROBORATED|NEGATIVE_EVIDENCE:NEGATIVE_EVIDENCE|PERMANENT_INSTALL:PERMANENT_INSTALL|PROVISIONAL_INSTALL:PROVISIONAL_INSTALL|REVISE_INSTALL:REVISE_INSTALL|SUPPRESSED:SUPPRESSED|WITHHELD:WITHHELD	e1:CORROBORATED:+931;e2:CORROBORATED:+946;e3:CORROBORATED:+948	CORROBORATED	items_v2/admit.jsonl
admit-V2-A-install-0019	admit	admit	ACCEPT_INSTALL:ACCEPT_INSTALL|CONFLICT_WITHHELD:CONFLICT_WITHHELD|CORROBORATED:CORROBORATED|NEGATIVE_EVIDENCE:NEGATIVE_EVIDENCE|PERMANENT_INSTALL:PERMANENT_INSTALL|PROVISIONAL_INSTALL:PROVISIONAL_INSTALL|REVISE_INSTALL:REVISE_INSTALL|SUPPRESSED:SUPPRESSED|WITHHELD:WITHHELD	e1:PROVISIONAL_INSTALL:+931;e2:PROVISIONAL_INSTALL:+946;e3:PROVISIONAL_INSTALL:+948;e4:PROVISIONAL_INSTALL:+754	PROVISIONAL_INSTALL	items_v2/admit.jsonl
admit-V2-A-install-0020	admit	admit	ACCEPT_INSTALL:ACCEPT_INSTALL|CONFLICT_WITHHELD:CONFLICT_WITHHELD|CORROBORATED:CORROBORATED|NEGATIVE_EVIDENCE:NEGATIVE_EVIDENCE|PERMANENT_INSTALL:PERMANENT_INSTALL|PROVISIONAL_INSTALL:PROVISIONAL_INSTALL|REVISE_INSTALL:REVISE_INSTALL|SUPPRESSED:SUPPRESSED|WITHHELD:WITHHELD	e1:PERMANENT_INSTALL:+931;e2:PERMANENT_INSTALL:+946;e3:PERMANENT_INSTALL:+948;e4:PERMANENT_INSTALL:+754;e5:PERMANENT_INSTALL:+777	PERMANENT_INSTALL	items_v2/admit.jsonl
admit-V2-A-install-0021	admit	admit	ACCEPT_INSTALL:ACCEPT_INSTALL|CONFLICT_WITHHELD:CONFLICT_WITHHELD|CORROBORATED:CORROBORATED|NEGATIVE_EVIDENCE:NEGATIVE_EVIDENCE|PERMANENT_INSTALL:PERMANENT_INSTALL|PROVISIONAL_INSTALL:PROVISIONAL_INSTALL|REVISE_INSTALL:REVISE_INSTALL|SUPPRESSED:SUPPRESSED|WITHHELD:WITHHELD	e1:CORROBORATED:+931;e2:CORROBORATED:+946;e3:CORROBORATED:+948;e4:CORROBORATED:+754;e5:CORROBORATED:+777;e6:CORROBORATED:+862	CORROBORATED	items_v2/admit.jsonl
admit-V2-A-install-0022	admit	admit	ACCEPT_INSTALL:ACCEPT_INSTALL|CONFLICT_WITHHELD:CONFLICT_WITHHELD|CORROBORATED:CORROBORATED|NEGATIVE_EVIDENCE:NEGATIVE_EVIDENCE|PERMANENT_INSTALL:PERMANENT_INSTALL|PROVISIONAL_INSTALL:PROVISIONAL_INSTALL|REVISE_INSTALL:REVISE_INSTALL|SUPPRESSED:SUPPRESSED|WITHHELD:WITHHELD	e1:CORROBORATED:+931;e2:CORROBORATED:+946;e3:CORROBORATED:+948;e4:CORROBORATED:+754;e5:CORROBORATED:+777;e6:CORROBORATED:+862;e7:CORROBORATED:+901	CORROBORATED	items_v2/admit.jsonl
admit-V2-A-install-0023	admit	admit	ACCEPT_INSTALL:ACCEPT_INSTALL|CONFLICT_WITHHELD:CONFLICT_WITHHELD|CORROBORATED:CORROBORATED|NEGATIVE_EVIDENCE:NEGATIVE_EVIDENCE|PERMANENT_INSTALL:PERMANENT_INSTALL|PROVISIONAL_INSTALL:PROVISIONAL_INSTALL|REVISE_INSTALL:REVISE_INSTALL|SUPPRESSED:SUPPRESSED|WITHHELD:WITHHELD	e1:CORROBORATED:+931;e2:CORROBORATED:+946;e3:CORROBORATED:+948;e4:CORROBORATED:+754;e5:CORROBORATED:+777;e6:CORROBORATED:+862;e7:CORROBORATED:+901;e8:CORROBORATED:+917	CORROBORATED	items_v2/admit.jsonl
admit-V2-A-install-0024	admit	admit	ACCEPT_INSTALL:ACCEPT_INSTALL|CONFLICT_WITHHELD:CONFLICT_WITHHELD|CORROBORATED:CORROBORATED|NEGATIVE_EVIDENCE:NEGATIVE_EVIDENCE|PERMANENT_INSTALL:PERMANENT_INSTALL|PROVISIONAL_INSTALL:PROVISIONAL_INSTALL|REVISE_INSTALL:REVISE_INSTALL|SUPPRESSED:SUPPRESSED|WITHHELD:WITHHELD	e1:PROVISIONAL_INSTALL:+764	PROVISIONAL_INSTALL	items_v2/admit.jsonl
admit-V2-A-install-0025	admit	admit	ACCEPT_INSTALL:ACCEPT_INSTALL|CONFLICT_WITHHELD:CONFLICT_WITHHELD|CORROBORATED:CORROBORATED|NEGATIVE_EVIDENCE:NEGATIVE_EVIDENCE|PERMANENT_INSTALL:PERMANENT_INSTALL|PROVISIONAL_INSTALL:PROVISIONAL_INSTALL|REVISE_INSTALL:REVISE_INSTALL|SUPPRESSED:SUPPRESSED|WITHHELD:WITHHELD	e1:PERMANENT_INSTALL:+764;e2:PERMANENT_INSTALL:+774	PERMANENT_INSTALL	items_v2/admit.jsonl
admit-V2-A-install-0026	admit	admit	ACCEPT_INSTALL:ACCEPT_INSTALL|CONFLICT_WITHHELD:CONFLICT_WITHHELD|CORROBORATED:CORROBORATED|NEGATIVE_EVIDENCE:NEGATIVE_EVIDENCE|PERMANENT_INSTALL:PERMANENT_INSTALL|PROVISIONAL_INSTALL:PROVISIONAL_INSTALL|REVISE_INSTALL:REVISE_INSTALL|SUPPRESSED:SUPPRESSED|WITHHELD:WITHHELD	e1:CORROBORATED:+764;e2:CORROBORATED:+774;e3:CORROBORATED:+788	CORROBORATED	items_v2/admit.jsonl
admit-V2-A-install-0027	admit	admit	ACCEPT_INSTALL:ACCEPT_INSTALL|CONFLICT_WITHHELD:CONFLICT_WITHHELD|CORROBORATED:CORROBORATED|NEGATIVE_EVIDENCE:NEGATIVE_EVIDENCE|PERMANENT_INSTALL:PERMANENT_INSTALL|PROVISIONAL_INSTALL:PROVISIONAL_INSTALL|REVISE_INSTALL:REVISE_INSTALL|SUPPRESSED:SUPPRESSED|WITHHELD:WITHHELD	e1:CORROBORATED:+764;e2:CORROBORATED:+774;e3:CORROBORATED:+788;e4:CORROBORATED:+798	CORROBORATED	items_v2/admit.jsonl
admit-V2-A-install-0028	admit	admit	ACCEPT_INSTALL:ACCEPT_INSTALL|CONFLICT_WITHHELD:CONFLICT_WITHHELD|CORROBORATED:CORROBORATED|NEGATIVE_EVIDENCE:NEGATIVE_EVIDENCE|PERMANENT_INSTALL:PERMANENT_INSTALL|PROVISIONAL_INSTALL:PROVISIONAL_INSTALL|REVISE_INSTALL:REVISE_INSTALL|SUPPRESSED:SUPPRESSED|WITHHELD:WITHHELD	e1:CORROBORATED:+764;e2:CORROBORATED:+774;e3:CORROBORATED:+788;e4:CORROBORATED:+798;e5:CORROBORATED:+798	CORROBORATED	items_v2/admit.jsonl
admit-V2-A-install-0029	admit	admit	ACCEPT_INSTALL:ACCEPT_INSTALL|CONFLICT_WITHHELD:CONFLICT_WITHHELD|CORROBORATED:CORROBORATED|NEGATIVE_EVIDENCE:NEGATIVE_EVIDENCE|PERMANENT_INSTALL:PERMANENT_INSTALL|PROVISIONAL_INSTALL:PROVISIONAL_INSTALL|REVISE_INSTALL:REVISE_INSTALL|SUPPRESSED:SUPPRESSED|WITHHELD:WITHHELD	e1:CORROBORATED:+764;e2:CORROBORATED:+774;e3:CORROBORATED:+788;e4:CORROBORATED:+798;e5:CORROBORATED:+798;e6:CORROBORATED:+799	CORROBORATED	items_v2/admit.jsonl
admit-V2-A-install-0030	admit	admit	ACCEPT_INSTALL:ACCEPT_INSTALL|CONFLICT_WITHHELD:CONFLICT_WITHHELD|CORROBORATED:CORROBORATED|NEGATIVE_EVIDENCE:NEGATIVE_EVIDENCE|PERMANENT_INSTALL:PERMANENT_INSTALL|PROVISIONAL_INSTALL:PROVISIONAL_INSTALL|REVISE_INSTALL:REVISE_INSTALL|SUPPRESSED:SUPPRESSED|WITHHELD:WITHHELD	e1:CORROBORATED:+764;e2:CORROBORATED:+774;e3:CORROBORATED:+788;e4:CORROBORATED:+798;e5:CORROBORATED:+798;e6:CORROBORATED:+799;e7:CORROBORATED:+800	CORROBORATED	items_v2/admit.jsonl
admit-V2-A-install-0031	admit	admit	ACCEPT_INSTALL:ACCEPT_INSTALL|CONFLICT_WITHHELD:CONFLICT_WITHHELD|CORROBORATED:CORROBORATED|NEGATIVE_EVIDENCE:NEGATIVE_EVIDENCE|PERMANENT_INSTALL:PERMANENT_INSTALL|PROVISIONAL_INSTALL:PROVISIONAL_INSTALL|REVISE_INSTALL:REVISE_INSTALL|SUPPRESSED:SUPPRESSED|WITHHELD:WITHHELD	e1:CORROBORATED:+764;e2:CORROBORATED:+774;e3:CORROBORATED:+788;e4:CORROBORATED:+798;e5:CORROBORATED:+798;e6:CORROBORATED:+799;e7:CORROBORATED:+800;e8:CORROBORATED:+806	CORROBORATED	items_v2/admit.jsonl
admit-V2-A-install-0032	admit	admit	ACCEPT_INSTALL:ACCEPT_INSTALL|CONFLICT_WITHHELD:CONFLICT_WITHHELD|CORROBORATED:CORROBORATED|NEGATIVE_EVIDENCE:NEGATIVE_EVIDENCE|PERMANENT_INSTALL:PERMANENT_INSTALL|PROVISIONAL_INSTALL:PROVISIONAL_INSTALL|REVISE_INSTALL:REVISE_INSTALL|SUPPRESSED:SUPPRESSED|WITHHELD:WITHHELD	e1:CORROBORATED:+764;e2:CORROBORATED:+774;e3:CORROBORATED:+788;e4:CORROBORATED:+798;e5:CORROBORATED:+798;e6:CORROBORATED:+799;e7:CORROBORATED:+800;e8:CORROBORATED:+806;e9:CORROBORATED:+832	CORROBORATED	items_v2/admit.jsonl
admit-V2-A-install-0033	admit	admit	ACCEPT_INSTALL:ACCEPT_INSTALL|CONFLICT_WITHHELD:CONFLICT_WITHHELD|CORROBORATED:CORROBORATED|NEGATIVE_EVIDENCE:NEGATIVE_EVIDENCE|PERMANENT_INSTALL:PERMANENT_INSTALL|PROVISIONAL_INSTALL:PROVISIONAL_INSTALL|REVISE_INSTALL:REVISE_INSTALL|SUPPRESSED:SUPPRESSED|WITHHELD:WITHHELD	e1:CORROBORATED:+764;e2:CORROBORATED:+774;e3:CORROBORATED:+788;e4:CORROBORATED:+798;e5:CORROBORATED:+798;e6:CORROBORATED:+799;e7:CORROBORATED:+800;e8:CORROBORATED:+806;e9:CORROBORATED:+832;e10:CORROBORATED:+830	CORROBORATED	items_v2/admit.jsonl
admit-V2-A-install-0034	admit	admit	ACCEPT_INSTALL:ACCEPT_INSTALL|CONFLICT_WITHHELD:CONFLICT_WITHHELD|CORROBORATED:CORROBORATED|NEGATIVE_EVIDENCE:NEGATIVE_EVIDENCE|PERMANENT_INSTALL:PERMANENT_INSTALL|PROVISIONAL_INSTALL:PROVISIONAL_INSTALL|REVISE_INSTALL:REVISE_INSTALL|SUPPRESSED:SUPPRESSED|WITHHELD:WITHHELD	e1:CORROBORATED:+764;e2:CORROBORATED:+774;e3:CORROBORATED:+788;e4:CORROBORATED:+798;e5:CORROBORATED:+798;e6:CORROBORATED:+799;e7:CORROBORATED:+800;e8:CORROBORATED:+806;e9:CORROBORATED:+832;e10:CORROBORATED:+830;e11:CORROBORATED:+819	CORROBORATED	items_v2/admit.jsonl
admit-V2-A-install-0035	admit	admit	ACCEPT_INSTALL:ACCEPT_INSTALL|CONFLICT_WITHHELD:CONFLICT_WITHHELD|CORROBORATED:CORROBORATED|NEGATIVE_EVIDENCE:NEGATIVE_EVIDENCE|PERMANENT_INSTALL:PERMANENT_INSTALL|PROVISIONAL_INSTALL:PROVISIONAL_INSTALL|REVISE_INSTALL:REVISE_INSTALL|SUPPRESSED:SUPPRESSED|WITHHELD:WITHHELD	e1:CORROBORATED:+764;e2:CORROBORATED:+774;e3:CORROBORATED:+788;e4:CORROBORATED:+798;e5:CORROBORATED:+798;e6:CORROBORATED:+799;e7:CORROBORATED:+800;e8:CORROBORATED:+806;e9:CORROBORATED:+832;e10:CORROBORATED:+830;e11:CORROBORATED:+819;e12:CORROBORATED:+806	CORROBORATED	items_v2/admit.jsonl
admit-V2-A-install-0036	admit	admit	ACCEPT_INSTALL:ACCEPT_INSTALL|CONFLICT_WITHHELD:CONFLICT_WITHHELD|CORROBORATED:CORROBORATED|NEGATIVE_EVIDENCE:NEGATIVE_EVIDENCE|PERMANENT_INSTALL:PERMANENT_INSTALL|PROVISIONAL_INSTALL:PROVISIONAL_INSTALL|REVISE_INSTALL:REVISE_INSTALL|SUPPRESSED:SUPPRESSED|WITHHELD:WITHHELD	e1:CONFLICT_WITHHELD:+764;e2:CONFLICT_WITHHELD:+774;e3:CONFLICT_WITHHELD:+788;e4:CONFLICT_WITHHELD:+798;e5:CONFLICT_WITHHELD:+798;e6:CONFLICT_WITHHELD:+799;e7:CONFLICT_WITHHELD:+800;e8:CONFLICT_WITHHELD:+806;e9:CONFLICT_WITHHELD:+832;e10:CONFLICT_WITHHELD:+830;e11:CONFLICT_WITHHELD:+819;e12:CONFLICT_WITHHELD:+806;e13:CONFLICT_WITHHELD:+869	CONFLICT_WITHHELD	items_v2/admit.jsonl
admit-V2-A-install-0037	admit	admit	ACCEPT_INSTALL:ACCEPT_INSTALL|CONFLICT_WITHHELD:CONFLICT_WITHHELD|CORROBORATED:CORROBORATED|NEGATIVE_EVIDENCE:NEGATIVE_EVIDENCE|PERMANENT_INSTALL:PERMANENT_INSTALL|PROVISIONAL_INSTALL:PROVISIONAL_INSTALL|REVISE_INSTALL:REVISE_INSTALL|SUPPRESSED:SUPPRESSED|WITHHELD:WITHHELD	e1:REVISE_INSTALL:+764;e2:REVISE_INSTALL:+774;e3:REVISE_INSTALL:+788;e4:REVISE_INSTALL:+798;e5:REVISE_INSTALL:+798;e6:REVISE_INSTALL:+799;e7:REVISE_INSTALL:+800;e8:REVISE_INSTALL:+806;e9:REVISE_INSTALL:+832;e10:REVISE_INSTALL:+830;e11:REVISE_INSTALL:+819;e12:REVISE_INSTALL:+806;e13:REVISE_INSTALL:+869;e14:REVISE_INSTALL:+930	REVISE_INSTALL	items_v2/admit.jsonl
admit-V2-A-install-0038	admit	admit	ACCEPT_INSTALL:ACCEPT_INSTALL|CONFLICT_WITHHELD:CONFLICT_WITHHELD|CORROBORATED:CORROBORATED|NEGATIVE_EVIDENCE:NEGATIVE_EVIDENCE|PERMANENT_INSTALL:PERMANENT_INSTALL|PROVISIONAL_INSTALL:PROVISIONAL_INSTALL|REVISE_INSTALL:REVISE_INSTALL|SUPPRESSED:SUPPRESSED|WITHHELD:WITHHELD	e1:CORROBORATED:+764;e2:CORROBORATED:+774;e3:CORROBORATED:+788;e4:CORROBORATED:+798;e5:CORROBORATED:+798;e6:CORROBORATED:+799;e7:CORROBORATED:+800;e8:CORROBORATED:+806;e9:CORROBORATED:+832;e10:CORROBORATED:+830;e11:CORROBORATED:+819;e12:CORROBORATED:+806;e13:CORROBORATED:+869;e14:CORROBORATED:+930;e15:CORROBORATED:+930	CORROBORATED	items_v2/admit.jsonl
admit-V2-A-install-0039	admit	admit	ACCEPT_INSTALL:ACCEPT_INSTALL|CONFLICT_WITHHELD:CONFLICT_WITHHELD|CORROBORATED:CORROBORATED|NEGATIVE_EVIDENCE:NEGATIVE_EVIDENCE|PERMANENT_INSTALL:PERMANENT_INSTALL|PROVISIONAL_INSTALL:PROVISIONAL_INSTALL|REVISE_INSTALL:REVISE_INSTALL|SUPPRESSED:SUPPRESSED|WITHHELD:WITHHELD	e1:CORROBORATED:+764;e2:CORROBORATED:+774;e3:CORROBORATED:+788;e4:CORROBORATED:+798;e5:CORROBORATED:+798;e6:CORROBORATED:+799;e7:CORROBORATED:+800;e8:CORROBORATED:+806;e9:CORROBORATED:+832;e10:CORROBORATED:+830;e11:CORROBORATED:+819;e12:CORROBORATED:+806;e13:CORROBORATED:+869;e14:CORROBORATED:+930;e15:CORROBORATED:+930;e16:CORROBORATED:+930	CORROBORATED	items_v2/admit.jsonl
admit-V2-A-install-0040	admit	admit	ACCEPT_INSTALL:ACCEPT_INSTALL|CONFLICT_WITHHELD:CONFLICT_WITHHELD|CORROBORATED:CORROBORATED|NEGATIVE_EVIDENCE:NEGATIVE_EVIDENCE|PERMANENT_INSTALL:PERMANENT_INSTALL|PROVISIONAL_INSTALL:PROVISIONAL_INSTALL|REVISE_INSTALL:REVISE_INSTALL|SUPPRESSED:SUPPRESSED|WITHHELD:WITHHELD	e1:CORROBORATED:+764;e2:CORROBORATED:+774;e3:CORROBORATED:+788;e4:CORROBORATED:+798;e5:CORROBORATED:+798;e6:CORROBORATED:+799;e7:CORROBORATED:+800;e8:CORROBORATED:+806;e9:CORROBORATED:+832;e10:CORROBORATED:+830;e11:CORROBORATED:+819;e12:CORROBORATED:+806;e13:CORROBORATED:+869;e14:CORROBORATED:+930;e15:CORROBORATED:+930;e16:CORROBORATED:+930;e17:CORROBORATED:+930	CORROBORATED	items_v2/admit.jsonl
admit-V2-A-install-0041	admit	admit	ACCEPT_INSTALL:ACCEPT_INSTALL|CONFLICT_WITHHELD:CONFLICT_WITHHELD|CORROBORATED:CORROBORATED|NEGATIVE_EVIDENCE:NEGATIVE_EVIDENCE|PERMANENT_INSTALL:PERMANENT_INSTALL|PROVISIONAL_INSTALL:PROVISIONAL_INSTALL|REVISE_INSTALL:REVISE_INSTALL|SUPPRESSED:SUPPRESSED|WITHHELD:WITHHELD	e1:CORROBORATED:+764;e2:CORROBORATED:+774;e3:CORROBORATED:+788;e4:CORROBORATED:+798;e5:CORROBORATED:+798;e6:CORROBORATED:+799;e7:CORROBORATED:+800;e8:CORROBORATED:+806;e9:CORROBORATED:+832;e10:CORROBORATED:+830;e11:CORROBORATED:+819;e12:CORROBORATED:+806;e13:CORROBORATED:+869;e14:CORROBORATED:+930;e15:CORROBORATED:+930;e16:CORROBORATED:+930;e17:CORROBORATED:+930;e18:CORROBORATED:+930	CORROBORATED	items_v2/admit.jsonl
admit-V2-A-install-0042	admit	admit	ACCEPT_INSTALL:ACCEPT_INSTALL|CONFLICT_WITHHELD:CONFLICT_WITHHELD|CORROBORATED:CORROBORATED|NEGATIVE_EVIDENCE:NEGATIVE_EVIDENCE|PERMANENT_INSTALL:PERMANENT_INSTALL|PROVISIONAL_INSTALL:PROVISIONAL_INSTALL|REVISE_INSTALL:REVISE_INSTALL|SUPPRESSED:SUPPRESSED|WITHHELD:WITHHELD	e1:CORROBORATED:+764;e2:CORROBORATED:+774;e3:CORROBORATED:+788;e4:CORROBORATED:+798;e5:CORROBORATED:+798;e6:CORROBORATED:+799;e7:CORROBORATED:+800;e8:CORROBORATED:+806;e9:CORROBORATED:+832;e10:CORROBORATED:+830;e11:CORROBORATED:+819;e12:CORROBORATED:+806;e13:CORROBORATED:+869;e14:CORROBORATED:+930;e15:CORROBORATED:+930;e16:CORROBORATED:+930;e17:CORROBORATED:+930;e18:CORROBORATED:+930;e19:CORROBORATED:+930	CORROBORATED	items_v2/admit.jsonl
admit-V2-A-install-0043	admit	admit	ACCEPT_INSTALL:ACCEPT_INSTALL|CONFLICT_WITHHELD:CONFLICT_WITHHELD|CORROBORATED:CORROBORATED|NEGATIVE_EVIDENCE:NEGATIVE_EVIDENCE|PERMANENT_INSTALL:PERMANENT_INSTALL|PROVISIONAL_INSTALL:PROVISIONAL_INSTALL|REVISE_INSTALL:REVISE_INSTALL|SUPPRESSED:SUPPRESSED|WITHHELD:WITHHELD	e1:CORROBORATED:+764;e2:CORROBORATED:+774;e3:CORROBORATED:+788;e4:CORROBORATED:+798;e5:CORROBORATED:+798;e6:CORROBORATED:+799;e7:CORROBORATED:+800;e8:CORROBORATED:+806;e9:CORROBORATED:+832;e10:CORROBORATED:+830;e11:CORROBORATED:+819;e12:CORROBORATED:+806;e13:CORROBORATED:+869;e14:CORROBORATED:+930;e15:CORROBORATED:+930;e16:CORROBORATED:+930;e17:CORROBORATED:+930;e18:CORROBORATED:+930;e19:CORROBORATED:+930;e20:CORROBORATED:+952	CORROBORATED	items_v2/admit.jsonl
admit-V2-A-withhold-0000	admit	admit	ACCEPT_INSTALL:ACCEPT_INSTALL|CONFLICT_WITHHELD:CONFLICT_WITHHELD|CORROBORATED:CORROBORATED|NEGATIVE_EVIDENCE:NEGATIVE_EVIDENCE|PERMANENT_INSTALL:PERMANENT_INSTALL|PROVISIONAL_INSTALL:PROVISIONAL_INSTALL|REVISE_INSTALL:REVISE_INSTALL|SUPPRESSED:SUPPRESSED|WITHHELD:WITHHELD	e1:WITHHELD:+931	WITHHELD	items_v2/admit.jsonl
admit-V2-A-withhold-0001	admit	admit	ACCEPT_INSTALL:ACCEPT_INSTALL|CONFLICT_WITHHELD:CONFLICT_WITHHELD|CORROBORATED:CORROBORATED|NEGATIVE_EVIDENCE:NEGATIVE_EVIDENCE|PERMANENT_INSTALL:PERMANENT_INSTALL|PROVISIONAL_INSTALL:PROVISIONAL_INSTALL|REVISE_INSTALL:REVISE_INSTALL|SUPPRESSED:SUPPRESSED|WITHHELD:WITHHELD	e1:WITHHELD:+931;e2:WITHHELD:+150	WITHHELD	items_v2/admit.jsonl
admit-V2-A-withhold-0002	admit	admit	ACCEPT_INSTALL:ACCEPT_INSTALL|CONFLICT_WITHHELD:CONFLICT_WITHHELD|CORROBORATED:CORROBORATED|NEGATIVE_EVIDENCE:NEGATIVE_EVIDENCE|PERMANENT_INSTALL:PERMANENT_INSTALL|PROVISIONAL_INSTALL:PROVISIONAL_INSTALL|REVISE_INSTALL:REVISE_INSTALL|SUPPRESSED:SUPPRESSED|WITHHELD:WITHHELD	e1:WITHHELD:+931;e2:WITHHELD:+150;e3:WITHHELD:+624	WITHHELD	items_v2/admit.jsonl
admit-V2-A-withhold-0003	admit	admit	ACCEPT_INSTALL:ACCEPT_INSTALL|CONFLICT_WITHHELD:CONFLICT_WITHHELD|CORROBORATED:CORROBORATED|NEGATIVE_EVIDENCE:NEGATIVE_EVIDENCE|PERMANENT_INSTALL:PERMANENT_INSTALL|PROVISIONAL_INSTALL:PROVISIONAL_INSTALL|REVISE_INSTALL:REVISE_INSTALL|SUPPRESSED:SUPPRESSED|WITHHELD:WITHHELD	e1:WITHHELD:+931;e2:WITHHELD:+150;e3:WITHHELD:+624;e4:WITHHELD:+754	WITHHELD	items_v2/admit.jsonl
admit-V2-A-withhold-0004	admit	admit	ACCEPT_INSTALL:ACCEPT_INSTALL|CONFLICT_WITHHELD:CONFLICT_WITHHELD|CORROBORATED:CORROBORATED|NEGATIVE_EVIDENCE:NEGATIVE_EVIDENCE|PERMANENT_INSTALL:PERMANENT_INSTALL|PROVISIONAL_INSTALL:PROVISIONAL_INSTALL|REVISE_INSTALL:REVISE_INSTALL|SUPPRESSED:SUPPRESSED|WITHHELD:WITHHELD	e1:WITHHELD:+931;e2:WITHHELD:+150;e3:WITHHELD:+624;e4:WITHHELD:+754;e5:WITHHELD:+942	WITHHELD	items_v2/admit.jsonl
admit-V2-A-withhold-0005	admit	admit	ACCEPT_INSTALL:ACCEPT_INSTALL|CONFLICT_WITHHELD:CONFLICT_WITHHELD|CORROBORATED:CORROBORATED|NEGATIVE_EVIDENCE:NEGATIVE_EVIDENCE|PERMANENT_INSTALL:PERMANENT_INSTALL|PROVISIONAL_INSTALL:PROVISIONAL_INSTALL|REVISE_INSTALL:REVISE_INSTALL|SUPPRESSED:SUPPRESSED|WITHHELD:WITHHELD	e1:WITHHELD:+931;e2:WITHHELD:+150;e3:WITHHELD:+624;e4:WITHHELD:+754;e5:WITHHELD:+942;e6:WITHHELD:+786	WITHHELD	items_v2/admit.jsonl
admit-V2-A-withhold-0006	admit	admit	ACCEPT_INSTALL:ACCEPT_INSTALL|CONFLICT_WITHHELD:CONFLICT_WITHHELD|CORROBORATED:CORROBORATED|NEGATIVE_EVIDENCE:NEGATIVE_EVIDENCE|PERMANENT_INSTALL:PERMANENT_INSTALL|PROVISIONAL_INSTALL:PROVISIONAL_INSTALL|REVISE_INSTALL:REVISE_INSTALL|SUPPRESSED:SUPPRESSED|WITHHELD:WITHHELD	e1:WITHHELD:+931;e2:WITHHELD:+150;e3:WITHHELD:+624;e4:WITHHELD:+754;e5:WITHHELD:+942;e6:WITHHELD:+786;e7:WITHHELD:+657	WITHHELD	items_v2/admit.jsonl
admit-V2-A-withhold-0007	admit	admit	ACCEPT_INSTALL:ACCEPT_INSTALL|CONFLICT_WITHHELD:CONFLICT_WITHHELD|CORROBORATED:CORROBORATED|NEGATIVE_EVIDENCE:NEGATIVE_EVIDENCE|PERMANENT_INSTALL:PERMANENT_INSTALL|PROVISIONAL_INSTALL:PROVISIONAL_INSTALL|REVISE_INSTALL:REVISE_INSTALL|SUPPRESSED:SUPPRESSED|WITHHELD:WITHHELD	e1:WITHHELD:+931;e2:WITHHELD:+150;e3:WITHHELD:+624;e4:WITHHELD:+754;e5:WITHHELD:+942;e6:WITHHELD:+786;e7:WITHHELD:+657;e8:WITHHELD:+921	WITHHELD	items_v2/admit.jsonl
admit-V2-D-clean-0000	admit	admit	ACCEPT_INSTALL:ACCEPT_INSTALL|CONFLICT_WITHHELD:CONFLICT_WITHHELD|CORROBORATED:CORROBORATED|NEGATIVE_EVIDENCE:NEGATIVE_EVIDENCE|PERMANENT_INSTALL:PERMANENT_INSTALL|PROVISIONAL_INSTALL:PROVISIONAL_INSTALL|REVISE_INSTALL:REVISE_INSTALL|SUPPRESSED:SUPPRESSED|WITHHELD:WITHHELD	e1:ACCEPT_INSTALL:+931	ACCEPT_INSTALL	items_v2/admit.jsonl
admit-V2-D-clean-0001	admit	admit	ACCEPT_INSTALL:ACCEPT_INSTALL|CONFLICT_WITHHELD:CONFLICT_WITHHELD|CORROBORATED:CORROBORATED|NEGATIVE_EVIDENCE:NEGATIVE_EVIDENCE|PERMANENT_INSTALL:PERMANENT_INSTALL|PROVISIONAL_INSTALL:PROVISIONAL_INSTALL|REVISE_INSTALL:REVISE_INSTALL|SUPPRESSED:SUPPRESSED|WITHHELD:WITHHELD	e1:WITHHELD:+931;e2:WITHHELD:+150	WITHHELD	items_v2/admit.jsonl
admit-V2-D-clean-0002	admit	admit	ACCEPT_INSTALL:ACCEPT_INSTALL|CONFLICT_WITHHELD:CONFLICT_WITHHELD|CORROBORATED:CORROBORATED|NEGATIVE_EVIDENCE:NEGATIVE_EVIDENCE|PERMANENT_INSTALL:PERMANENT_INSTALL|PROVISIONAL_INSTALL:PROVISIONAL_INSTALL|REVISE_INSTALL:REVISE_INSTALL|SUPPRESSED:SUPPRESSED|WITHHELD:WITHHELD	e1:CONFLICT_WITHHELD:+931;e2:CONFLICT_WITHHELD:+150;e3:CONFLICT_WITHHELD:+624	CONFLICT_WITHHELD	items_v2/admit.jsonl
admit-V2-D-clean-0003	admit	admit	ACCEPT_INSTALL:ACCEPT_INSTALL|CONFLICT_WITHHELD:CONFLICT_WITHHELD|CORROBORATED:CORROBORATED|NEGATIVE_EVIDENCE:NEGATIVE_EVIDENCE|PERMANENT_INSTALL:PERMANENT_INSTALL|PROVISIONAL_INSTALL:PROVISIONAL_INSTALL|REVISE_INSTALL:REVISE_INSTALL|SUPPRESSED:SUPPRESSED|WITHHELD:WITHHELD	e1:CONFLICT_WITHHELD:+931;e2:CONFLICT_WITHHELD:+150;e3:CONFLICT_WITHHELD:+624;e4:CONFLICT_WITHHELD:+754	CONFLICT_WITHHELD	items_v2/admit.jsonl
admit-V2-D-clean-0004	admit	admit	ACCEPT_INSTALL:ACCEPT_INSTALL|CONFLICT_WITHHELD:CONFLICT_WITHHELD|CORROBORATED:CORROBORATED|NEGATIVE_EVIDENCE:NEGATIVE_EVIDENCE|PERMANENT_INSTALL:PERMANENT_INSTALL|PROVISIONAL_INSTALL:PROVISIONAL_INSTALL|REVISE_INSTALL:REVISE_INSTALL|SUPPRESSED:SUPPRESSED|WITHHELD:WITHHELD	e1:WITHHELD:+931;e2:WITHHELD:+150;e3:WITHHELD:+624;e4:WITHHELD:+754;e5:WITHHELD:+942	WITHHELD	items_v2/admit.jsonl
admit-V2-D-clean-0006	admit	admit	ACCEPT_INSTALL:ACCEPT_INSTALL|CONFLICT_WITHHELD:CONFLICT_WITHHELD|CORROBORATED:CORROBORATED|NEGATIVE_EVIDENCE:NEGATIVE_EVIDENCE|PERMANENT_INSTALL:PERMANENT_INSTALL|PROVISIONAL_INSTALL:PROVISIONAL_INSTALL|REVISE_INSTALL:REVISE_INSTALL|SUPPRESSED:SUPPRESSED|WITHHELD:WITHHELD	e1:CONFLICT_WITHHELD:+931;e2:CONFLICT_WITHHELD:+150;e3:CONFLICT_WITHHELD:+624;e4:CONFLICT_WITHHELD:+754;e5:CONFLICT_WITHHELD:+942;e6:CONFLICT_WITHHELD:+786;e7:CONFLICT_WITHHELD:+657	CONFLICT_WITHHELD	items_v2/admit.jsonl
admit-V2-D-clean-0012	admit	admit	ACCEPT_INSTALL:ACCEPT_INSTALL|CONFLICT_WITHHELD:CONFLICT_WITHHELD|CORROBORATED:CORROBORATED|NEGATIVE_EVIDENCE:NEGATIVE_EVIDENCE|PERMANENT_INSTALL:PERMANENT_INSTALL|PROVISIONAL_INSTALL:PROVISIONAL_INSTALL|REVISE_INSTALL:REVISE_INSTALL|SUPPRESSED:SUPPRESSED|WITHHELD:WITHHELD	e1:ACCEPT_INSTALL:+931;e2:ACCEPT_INSTALL:+150;e3:ACCEPT_INSTALL:+624;e4:ACCEPT_INSTALL:+754;e5:ACCEPT_INSTALL:+942;e6:ACCEPT_INSTALL:+786;e7:ACCEPT_INSTALL:+657;e8:ACCEPT_INSTALL:+921;e9:ACCEPT_INSTALL:+795;e10:ACCEPT_INSTALL:+878;e11:ACCEPT_INSTALL:+810;e12:ACCEPT_INSTALL:+157;e13:ACCEPT_INSTALL:+913	ACCEPT_INSTALL	items_v2/admit.jsonl
admit-V2-D-clean-0013	admit	admit	ACCEPT_INSTALL:ACCEPT_INSTALL|CONFLICT_WITHHELD:CONFLICT_WITHHELD|CORROBORATED:CORROBORATED|NEGATIVE_EVIDENCE:NEGATIVE_EVIDENCE|PERMANENT_INSTALL:PERMANENT_INSTALL|PROVISIONAL_INSTALL:PROVISIONAL_INSTALL|REVISE_INSTALL:REVISE_INSTALL|SUPPRESSED:SUPPRESSED|WITHHELD:WITHHELD	e1:ACCEPT_INSTALL:+931;e2:ACCEPT_INSTALL:+150;e3:ACCEPT_INSTALL:+624;e4:ACCEPT_INSTALL:+754;e5:ACCEPT_INSTALL:+942;e6:ACCEPT_INSTALL:+786;e7:ACCEPT_INSTALL:+657;e8:ACCEPT_INSTALL:+921;e9:ACCEPT_INSTALL:+795;e10:ACCEPT_INSTALL:+878;e11:ACCEPT_INSTALL:+810;e12:ACCEPT_INSTALL:+157;e13:ACCEPT_INSTALL:+913;e14:ACCEPT_INSTALL:+889	ACCEPT_INSTALL	items_v2/admit.jsonl
admit-V2-D-clean-0016	admit	admit	ACCEPT_INSTALL:ACCEPT_INSTALL|CONFLICT_WITHHELD:CONFLICT_WITHHELD|CORROBORATED:CORROBORATED|NEGATIVE_EVIDENCE:NEGATIVE_EVIDENCE|PERMANENT_INSTALL:PERMANENT_INSTALL|PROVISIONAL_INSTALL:PROVISIONAL_INSTALL|REVISE_INSTALL:REVISE_INSTALL|SUPPRESSED:SUPPRESSED|WITHHELD:WITHHELD	e1:CORROBORATED:+931;e2:CORROBORATED:+150;e3:CORROBORATED:+624;e4:CORROBORATED:+754;e5:CORROBORATED:+942;e6:CORROBORATED:+786;e7:CORROBORATED:+657;e8:CORROBORATED:+921;e9:CORROBORATED:+795;e10:CORROBORATED:+878;e11:CORROBORATED:+810;e12:CORROBORATED:+157;e13:CORROBORATED:+913;e14:CORROBORATED:+889;e15:CORROBORATED:+177;e16:CORROBORATED:+788;e17:CORROBORATED:+901	CORROBORATED	items_v2/admit.jsonl
admit-V2-D-clean-0057	admit	admit	ACCEPT_INSTALL:ACCEPT_INSTALL|CONFLICT_WITHHELD:CONFLICT_WITHHELD|CORROBORATED:CORROBORATED|NEGATIVE_EVIDENCE:NEGATIVE_EVIDENCE|PERMANENT_INSTALL:PERMANENT_INSTALL|PROVISIONAL_INSTALL:PROVISIONAL_INSTALL|REVISE_INSTALL:REVISE_INSTALL|SUPPRESSED:SUPPRESSED|WITHHELD:WITHHELD	e1:PROVISIONAL_INSTALL:+425;e2:PROVISIONAL_INSTALL:+44;e3:PROVISIONAL_INSTALL:+409;e4:PROVISIONAL_INSTALL:+657;e5:PROVISIONAL_INSTALL:+411;e6:PROVISIONAL_INSTALL:+411;e7:PROVISIONAL_INSTALL:+19;e8:PROVISIONAL_INSTALL:+25;e9:PROVISIONAL_INSTALL:+660;e10:PROVISIONAL_INSTALL:+418	PROVISIONAL_INSTALL	items_v2/admit.jsonl
admit-V2-D-clean-0059	admit	admit	ACCEPT_INSTALL:ACCEPT_INSTALL|CONFLICT_WITHHELD:CONFLICT_WITHHELD|CORROBORATED:CORROBORATED|NEGATIVE_EVIDENCE:NEGATIVE_EVIDENCE|PERMANENT_INSTALL:PERMANENT_INSTALL|PROVISIONAL_INSTALL:PROVISIONAL_INSTALL|REVISE_INSTALL:REVISE_INSTALL|SUPPRESSED:SUPPRESSED|WITHHELD:WITHHELD	e1:NEGATIVE_EVIDENCE:+425;e2:NEGATIVE_EVIDENCE:+44;e3:NEGATIVE_EVIDENCE:+409;e4:NEGATIVE_EVIDENCE:+657;e5:NEGATIVE_EVIDENCE:+411;e6:NEGATIVE_EVIDENCE:+411;e7:NEGATIVE_EVIDENCE:+19;e8:NEGATIVE_EVIDENCE:+25;e9:NEGATIVE_EVIDENCE:+660;e10:NEGATIVE_EVIDENCE:+418;e11:NEGATIVE_EVIDENCE:+25;e12:NEGATIVE_EVIDENCE:+656	NEGATIVE_EVIDENCE	items_v2/admit.jsonl
admit-V2-D-clean-0060	admit	admit	ACCEPT_INSTALL:ACCEPT_INSTALL|CONFLICT_WITHHELD:CONFLICT_WITHHELD|CORROBORATED:CORROBORATED|NEGATIVE_EVIDENCE:NEGATIVE_EVIDENCE|PERMANENT_INSTALL:PERMANENT_INSTALL|PROVISIONAL_INSTALL:PROVISIONAL_INSTALL|REVISE_INSTALL:REVISE_INSTALL|SUPPRESSED:SUPPRESSED|WITHHELD:WITHHELD	e1:SUPPRESSED:+425;e2:SUPPRESSED:+44;e3:SUPPRESSED:+409;e4:SUPPRESSED:+657;e5:SUPPRESSED:+411;e6:SUPPRESSED:+411;e7:SUPPRESSED:+19;e8:SUPPRESSED:+25;e9:SUPPRESSED:+660;e10:SUPPRESSED:+418;e11:SUPPRESSED:+25;e12:SUPPRESSED:+656;e13:SUPPRESSED:+657	SUPPRESSED	items_v2/admit.jsonl
admit-V2-D-clean-0061	admit	admit	ACCEPT_INSTALL:ACCEPT_INSTALL|CONFLICT_WITHHELD:CONFLICT_WITHHELD|CORROBORATED:CORROBORATED|NEGATIVE_EVIDENCE:NEGATIVE_EVIDENCE|PERMANENT_INSTALL:PERMANENT_INSTALL|PROVISIONAL_INSTALL:PROVISIONAL_INSTALL|REVISE_INSTALL:REVISE_INSTALL|SUPPRESSED:SUPPRESSED|WITHHELD:WITHHELD	e1:SUPPRESSED:+425;e2:SUPPRESSED:+44;e3:SUPPRESSED:+409;e4:SUPPRESSED:+657;e5:SUPPRESSED:+411;e6:SUPPRESSED:+411;e7:SUPPRESSED:+19;e8:SUPPRESSED:+25;e9:SUPPRESSED:+660;e10:SUPPRESSED:+418;e11:SUPPRESSED:+25;e12:SUPPRESSED:+656;e13:SUPPRESSED:+657;e14:SUPPRESSED:+657	SUPPRESSED	items_v2/admit.jsonl
admit-V2-D-clean-0066	admit	admit	ACCEPT_INSTALL:ACCEPT_INSTALL|CONFLICT_WITHHELD:CONFLICT_WITHHELD|CORROBORATED:CORROBORATED|NEGATIVE_EVIDENCE:NEGATIVE_EVIDENCE|PERMANENT_INSTALL:PERMANENT_INSTALL|PROVISIONAL_INSTALL:PROVISIONAL_INSTALL|REVISE_INSTALL:REVISE_INSTALL|SUPPRESSED:SUPPRESSED|WITHHELD:WITHHELD	e1:NEGATIVE_EVIDENCE:+425;e2:NEGATIVE_EVIDENCE:+44;e3:NEGATIVE_EVIDENCE:+409;e4:NEGATIVE_EVIDENCE:+657;e5:NEGATIVE_EVIDENCE:+411;e6:NEGATIVE_EVIDENCE:+411;e7:NEGATIVE_EVIDENCE:+19;e8:NEGATIVE_EVIDENCE:+25;e9:NEGATIVE_EVIDENCE:+660;e10:NEGATIVE_EVIDENCE:+418;e11:NEGATIVE_EVIDENCE:+25;e12:NEGATIVE_EVIDENCE:+656;e13:NEGATIVE_EVIDENCE:+657;e14:NEGATIVE_EVIDENCE:+657;e15:NEGATIVE_EVIDENCE:+411;e16:NEGATIVE_EVIDENCE:+654;e17:NEGATIVE_EVIDENCE:+653;e18:NEGATIVE_EVIDENCE:+659;e19:NEGATIVE_EVIDENCE:+411	NEGATIVE_EVIDENCE	items_v2/admit.jsonl
admit-V2-D-clean-0067	admit	admit	ACCEPT_INSTALL:ACCEPT_INSTALL|CONFLICT_WITHHELD:CONFLICT_WITHHELD|CORROBORATED:CORROBORATED|NEGATIVE_EVIDENCE:NEGATIVE_EVIDENCE|PERMANENT_INSTALL:PERMANENT_INSTALL|PROVISIONAL_INSTALL:PROVISIONAL_INSTALL|REVISE_INSTALL:REVISE_INSTALL|SUPPRESSED:SUPPRESSED|WITHHELD:WITHHELD	e1:NEGATIVE_EVIDENCE:+425;e2:NEGATIVE_EVIDENCE:+44;e3:NEGATIVE_EVIDENCE:+409;e4:NEGATIVE_EVIDENCE:+657;e5:NEGATIVE_EVIDENCE:+411;e6:NEGATIVE_EVIDENCE:+411;e7:NEGATIVE_EVIDENCE:+19;e8:NEGATIVE_EVIDENCE:+25;e9:NEGATIVE_EVIDENCE:+660;e10:NEGATIVE_EVIDENCE:+418;e11:NEGATIVE_EVIDENCE:+25;e12:NEGATIVE_EVIDENCE:+656;e13:NEGATIVE_EVIDENCE:+657;e14:NEGATIVE_EVIDENCE:+657;e15:NEGATIVE_EVIDENCE:+411;e16:NEGATIVE_EVIDENCE:+654;e17:NEGATIVE_EVIDENCE:+653;e18:NEGATIVE_EVIDENCE:+659;e19:NEGATIVE_EVIDENCE:+411;e20:NEGATIVE_EVIDENCE:+25	NEGATIVE_EVIDENCE	items_v2/admit.jsonl
admit-V2-D-clean-0074	admit	admit	ACCEPT_INSTALL:ACCEPT_INSTALL|CONFLICT_WITHHELD:CONFLICT_WITHHELD|CORROBORATED:CORROBORATED|NEGATIVE_EVIDENCE:NEGATIVE_EVIDENCE|PERMANENT_INSTALL:PERMANENT_INSTALL|PROVISIONAL_INSTALL:PROVISIONAL_INSTALL|REVISE_INSTALL:REVISE_INSTALL|SUPPRESSED:SUPPRESSED|WITHHELD:WITHHELD	e1:CORROBORATED:+425;e2:CORROBORATED:+44;e3:CORROBORATED:+409;e4:CORROBORATED:+657;e5:CORROBORATED:+411;e6:CORROBORATED:+411;e7:CORROBORATED:+19;e8:CORROBORATED:+25;e9:CORROBORATED:+660;e10:CORROBORATED:+418;e11:CORROBORATED:+25;e12:CORROBORATED:+656;e13:CORROBORATED:+657;e14:CORROBORATED:+657;e15:CORROBORATED:+411;e16:CORROBORATED:+654;e17:CORROBORATED:+653;e18:CORROBORATED:+659;e19:CORROBORATED:+411;e20:CORROBORATED:+25;e21:CORROBORATED:+19;e22:CORROBORATED:+420;e23:CORROBORATED:+411;e24:CORROBORATED:+657;e25:CORROBORATED:+788;e26:CORROBORATED:+825;e27:CORROBORATED:+800	CORROBORATED	items_v2/admit.jsonl
admit-V2-D-clean-0082	admit	admit	ACCEPT_INSTALL:ACCEPT_INSTALL|CONFLICT_WITHHELD:CONFLICT_WITHHELD|CORROBORATED:CORROBORATED|NEGATIVE_EVIDENCE:NEGATIVE_EVIDENCE|PERMANENT_INSTALL:PERMANENT_INSTALL|PROVISIONAL_INSTALL:PROVISIONAL_INSTALL|REVISE_INSTALL:REVISE_INSTALL|SUPPRESSED:SUPPRESSED|WITHHELD:WITHHELD	e1:CORROBORATED:+425;e2:CORROBORATED:+44;e3:CORROBORATED:+409;e4:CORROBORATED:+657;e5:CORROBORATED:+411;e6:CORROBORATED:+411;e7:CORROBORATED:+19;e8:CORROBORATED:+25;e9:CORROBORATED:+660;e10:CORROBORATED:+418;e11:CORROBORATED:+25;e12:CORROBORATED:+656;e13:CORROBORATED:+657;e14:CORROBORATED:+657;e15:CORROBORATED:+411;e16:CORROBORATED:+654;e17:CORROBORATED:+653;e18:CORROBORATED:+659;e19:CORROBORATED:+411;e20:CORROBORATED:+25;e21:CORROBORATED:+19;e22:CORROBORATED:+420;e23:CORROBORATED:+411;e24:CORROBORATED:+657;e25:CORROBORATED:+788;e26:CORROBORATED:+825;e27:CORROBORATED:+800;e28:CORROBORATED:+662;e29:CORROBORATED:+930;e30:CORROBORATED:+930;e31:CORROBORATED:+764;e32:CORROBORATED:+869;e33:CORROBORATED:+819;e34:CORROBORATED:+930;e35:CORROBORATED:+798	CORROBORATED	items_v2/admit.jsonl
admit-V2-D-clean-0193	admit	admit	ACCEPT_INSTALL:ACCEPT_INSTALL|CONFLICT_WITHHELD:CONFLICT_WITHHELD|CORROBORATED:CORROBORATED|NEGATIVE_EVIDENCE:NEGATIVE_EVIDENCE|PERMANENT_INSTALL:PERMANENT_INSTALL|PROVISIONAL_INSTALL:PROVISIONAL_INSTALL|REVISE_INSTALL:REVISE_INSTALL|SUPPRESSED:SUPPRESSED|WITHHELD:WITHHELD	e1:PROVISIONAL_INSTALL:+425;e2:PROVISIONAL_INSTALL:+523	PROVISIONAL_INSTALL	items_v2/admit.jsonl
admit-V2-D-clean-0194	admit	admit	ACCEPT_INSTALL:ACCEPT_INSTALL|CONFLICT_WITHHELD:CONFLICT_WITHHELD|CORROBORATED:CORROBORATED|NEGATIVE_EVIDENCE:NEGATIVE_EVIDENCE|PERMANENT_INSTALL:PERMANENT_INSTALL|PROVISIONAL_INSTALL:PROVISIONAL_INSTALL|REVISE_INSTALL:REVISE_INSTALL|SUPPRESSED:SUPPRESSED|WITHHELD:WITHHELD	e1:PERMANENT_INSTALL:+425;e2:PERMANENT_INSTALL:+523;e3:PERMANENT_INSTALL:+523	PERMANENT_INSTALL	items_v2/admit.jsonl
admit-V2-D-clean-0245	admit	admit	ACCEPT_INSTALL:ACCEPT_INSTALL|CONFLICT_WITHHELD:CONFLICT_WITHHELD|CORROBORATED:CORROBORATED|NEGATIVE_EVIDENCE:NEGATIVE_EVIDENCE|PERMANENT_INSTALL:PERMANENT_INSTALL|PROVISIONAL_INSTALL:PROVISIONAL_INSTALL|REVISE_INSTALL:REVISE_INSTALL|SUPPRESSED:SUPPRESSED|WITHHELD:WITHHELD	e1:PERMANENT_INSTALL:+600;e2:PERMANENT_INSTALL:+555;e3:PERMANENT_INSTALL:+600;e4:PERMANENT_INSTALL:+555;e5:PERMANENT_INSTALL:+555;e6:PERMANENT_INSTALL:+555	PERMANENT_INSTALL	items_v2/admit.jsonl
admit-V2-D-decoy-0000	admit	admit	ACCEPT_INSTALL:ACCEPT_INSTALL|CONFLICT_WITHHELD:CONFLICT_WITHHELD|CORROBORATED:CORROBORATED|NEGATIVE_EVIDENCE:NEGATIVE_EVIDENCE|PERMANENT_INSTALL:PERMANENT_INSTALL|PROVISIONAL_INSTALL:PROVISIONAL_INSTALL|REVISE_INSTALL:REVISE_INSTALL|SUPPRESSED:SUPPRESSED|WITHHELD:WITHHELD	e1:PROVISIONAL_INSTALL:+710	PROVISIONAL_INSTALL	items_v2/admit.jsonl
admit-V2-D-decoy-0001	admit	admit	ACCEPT_INSTALL:ACCEPT_INSTALL|CONFLICT_WITHHELD:CONFLICT_WITHHELD|CORROBORATED:CORROBORATED|NEGATIVE_EVIDENCE:NEGATIVE_EVIDENCE|PERMANENT_INSTALL:PERMANENT_INSTALL|PROVISIONAL_INSTALL:PROVISIONAL_INSTALL|REVISE_INSTALL:REVISE_INSTALL|SUPPRESSED:SUPPRESSED|WITHHELD:WITHHELD	e1:PERMANENT_INSTALL:+710;e2:PERMANENT_INSTALL:+711	PERMANENT_INSTALL	items_v2/admit.jsonl
admit-V2-D-decoy-0002	admit	admit	ACCEPT_INSTALL:ACCEPT_INSTALL|CONFLICT_WITHHELD:CONFLICT_WITHHELD|CORROBORATED:CORROBORATED|NEGATIVE_EVIDENCE:NEGATIVE_EVIDENCE|PERMANENT_INSTALL:PERMANENT_INSTALL|PROVISIONAL_INSTALL:PROVISIONAL_INSTALL|REVISE_INSTALL:REVISE_INSTALL|SUPPRESSED:SUPPRESSED|WITHHELD:WITHHELD	e1:CORROBORATED:+710;e2:CORROBORATED:+711;e3:CORROBORATED:+743	CORROBORATED	items_v2/admit.jsonl
admit-V2-D-decoy-0003	admit	admit	ACCEPT_INSTALL:ACCEPT_INSTALL|CONFLICT_WITHHELD:CONFLICT_WITHHELD|CORROBORATED:CORROBORATED|NEGATIVE_EVIDENCE:NEGATIVE_EVIDENCE|PERMANENT_INSTALL:PERMANENT_INSTALL|PROVISIONAL_INSTALL:PROVISIONAL_INSTALL|REVISE_INSTALL:REVISE_INSTALL|SUPPRESSED:SUPPRESSED|WITHHELD:WITHHELD	e1:ACCEPT_INSTALL:+710;e2:ACCEPT_INSTALL:+711;e3:ACCEPT_INSTALL:+743;e4:ACCEPT_INSTALL:+763	ACCEPT_INSTALL	items_v2/admit.jsonl
admit-V2-D-decoy-0004	admit	admit	ACCEPT_INSTALL:ACCEPT_INSTALL|CONFLICT_WITHHELD:CONFLICT_WITHHELD|CORROBORATED:CORROBORATED|NEGATIVE_EVIDENCE:NEGATIVE_EVIDENCE|PERMANENT_INSTALL:PERMANENT_INSTALL|PROVISIONAL_INSTALL:PROVISIONAL_INSTALL|REVISE_INSTALL:REVISE_INSTALL|SUPPRESSED:SUPPRESSED|WITHHELD:WITHHELD	e1:ACCEPT_INSTALL:+710;e2:ACCEPT_INSTALL:+711;e3:ACCEPT_INSTALL:+743;e4:ACCEPT_INSTALL:+763;e5:ACCEPT_INSTALL:+874	ACCEPT_INSTALL	items_v2/admit.jsonl
admit-V2-D-decoy-0005	admit	admit	ACCEPT_INSTALL:ACCEPT_INSTALL|CONFLICT_WITHHELD:CONFLICT_WITHHELD|CORROBORATED:CORROBORATED|NEGATIVE_EVIDENCE:NEGATIVE_EVIDENCE|PERMANENT_INSTALL:PERMANENT_INSTALL|PROVISIONAL_INSTALL:PROVISIONAL_INSTALL|REVISE_INSTALL:REVISE_INSTALL|SUPPRESSED:SUPPRESSED|WITHHELD:WITHHELD	e1:ACCEPT_INSTALL:+710;e2:ACCEPT_INSTALL:+711;e3:ACCEPT_INSTALL:+743;e4:ACCEPT_INSTALL:+763;e5:ACCEPT_INSTALL:+874;e6:ACCEPT_INSTALL:+874	ACCEPT_INSTALL	items_v2/admit.jsonl
admit-V2-D-decoy-0006	admit	admit	ACCEPT_INSTALL:ACCEPT_INSTALL|CONFLICT_WITHHELD:CONFLICT_WITHHELD|CORROBORATED:CORROBORATED|NEGATIVE_EVIDENCE:NEGATIVE_EVIDENCE|PERMANENT_INSTALL:PERMANENT_INSTALL|PROVISIONAL_INSTALL:PROVISIONAL_INSTALL|REVISE_INSTALL:REVISE_INSTALL|SUPPRESSED:SUPPRESSED|WITHHELD:WITHHELD	e1:ACCEPT_INSTALL:+710;e2:ACCEPT_INSTALL:+711;e3:ACCEPT_INSTALL:+743;e4:ACCEPT_INSTALL:+763;e5:ACCEPT_INSTALL:+874;e6:ACCEPT_INSTALL:+874;e7:ACCEPT_INSTALL:+884	ACCEPT_INSTALL	items_v2/admit.jsonl
admit-V2-D-decoy-0007	admit	admit	ACCEPT_INSTALL:ACCEPT_INSTALL|CONFLICT_WITHHELD:CONFLICT_WITHHELD|CORROBORATED:CORROBORATED|NEGATIVE_EVIDENCE:NEGATIVE_EVIDENCE|PERMANENT_INSTALL:PERMANENT_INSTALL|PROVISIONAL_INSTALL:PROVISIONAL_INSTALL|REVISE_INSTALL:REVISE_INSTALL|SUPPRESSED:SUPPRESSED|WITHHELD:WITHHELD	e1:ACCEPT_INSTALL:+710;e2:ACCEPT_INSTALL:+711;e3:ACCEPT_INSTALL:+743;e4:ACCEPT_INSTALL:+763;e5:ACCEPT_INSTALL:+874;e6:ACCEPT_INSTALL:+874;e7:ACCEPT_INSTALL:+884;e8:ACCEPT_INSTALL:+887	ACCEPT_INSTALL	items_v2/admit.jsonl
admit-V2-D-decoy-0008	admit	admit	ACCEPT_INSTALL:ACCEPT_INSTALL|CONFLICT_WITHHELD:CONFLICT_WITHHELD|CORROBORATED:CORROBORATED|NEGATIVE_EVIDENCE:NEGATIVE_EVIDENCE|PERMANENT_INSTALL:PERMANENT_INSTALL|PROVISIONAL_INSTALL:PROVISIONAL_INSTALL|REVISE_INSTALL:REVISE_INSTALL|SUPPRESSED:SUPPRESSED|WITHHELD:WITHHELD	e1:ACCEPT_INSTALL:+710;e2:ACCEPT_INSTALL:+711;e3:ACCEPT_INSTALL:+743;e4:ACCEPT_INSTALL:+763;e5:ACCEPT_INSTALL:+874;e6:ACCEPT_INSTALL:+874;e7:ACCEPT_INSTALL:+884;e8:ACCEPT_INSTALL:+887;e9:ACCEPT_INSTALL:+896	ACCEPT_INSTALL	items_v2/admit.jsonl
admit-V2-D-decoy-0009	admit	admit	ACCEPT_INSTALL:ACCEPT_INSTALL|CONFLICT_WITHHELD:CONFLICT_WITHHELD|CORROBORATED:CORROBORATED|NEGATIVE_EVIDENCE:NEGATIVE_EVIDENCE|PERMANENT_INSTALL:PERMANENT_INSTALL|PROVISIONAL_INSTALL:PROVISIONAL_INSTALL|REVISE_INSTALL:REVISE_INSTALL|SUPPRESSED:SUPPRESSED|WITHHELD:WITHHELD	e1:ACCEPT_INSTALL:+710;e2:ACCEPT_INSTALL:+711;e3:ACCEPT_INSTALL:+743;e4:ACCEPT_INSTALL:+763;e5:ACCEPT_INSTALL:+874;e6:ACCEPT_INSTALL:+874;e7:ACCEPT_INSTALL:+884;e8:ACCEPT_INSTALL:+887;e9:ACCEPT_INSTALL:+896;e10:ACCEPT_INSTALL:+898	ACCEPT_INSTALL	items_v2/admit.jsonl
admit-V2-D-decoy-0010	admit	admit	ACCEPT_INSTALL:ACCEPT_INSTALL|CONFLICT_WITHHELD:CONFLICT_WITHHELD|CORROBORATED:CORROBORATED|NEGATIVE_EVIDENCE:NEGATIVE_EVIDENCE|PERMANENT_INSTALL:PERMANENT_INSTALL|PROVISIONAL_INSTALL:PROVISIONAL_INSTALL|REVISE_INSTALL:REVISE_INSTALL|SUPPRESSED:SUPPRESSED|WITHHELD:WITHHELD	e1:ACCEPT_INSTALL:+710;e2:ACCEPT_INSTALL:+711;e3:ACCEPT_INSTALL:+743;e4:ACCEPT_INSTALL:+763;e5:ACCEPT_INSTALL:+874;e6:ACCEPT_INSTALL:+874;e7:ACCEPT_INSTALL:+884;e8:ACCEPT_INSTALL:+887;e9:ACCEPT_INSTALL:+896;e10:ACCEPT_INSTALL:+898;e11:ACCEPT_INSTALL:+933	ACCEPT_INSTALL	items_v2/admit.jsonl
admit-V2-D-decoy-0011	admit	admit	ACCEPT_INSTALL:ACCEPT_INSTALL|CONFLICT_WITHHELD:CONFLICT_WITHHELD|CORROBORATED:CORROBORATED|NEGATIVE_EVIDENCE:NEGATIVE_EVIDENCE|PERMANENT_INSTALL:PERMANENT_INSTALL|PROVISIONAL_INSTALL:PROVISIONAL_INSTALL|REVISE_INSTALL:REVISE_INSTALL|SUPPRESSED:SUPPRESSED|WITHHELD:WITHHELD	e1:ACCEPT_INSTALL:+710;e2:ACCEPT_INSTALL:+711;e3:ACCEPT_INSTALL:+743;e4:ACCEPT_INSTALL:+763;e5:ACCEPT_INSTALL:+874;e6:ACCEPT_INSTALL:+874;e7:ACCEPT_INSTALL:+884;e8:ACCEPT_INSTALL:+887;e9:ACCEPT_INSTALL:+896;e10:ACCEPT_INSTALL:+898;e11:ACCEPT_INSTALL:+933;e12:ACCEPT_INSTALL:+933	ACCEPT_INSTALL	items_v2/admit.jsonl
admit-V2-D-decoy-0012	admit	admit	ACCEPT_INSTALL:ACCEPT_INSTALL|CONFLICT_WITHHELD:CONFLICT_WITHHELD|CORROBORATED:CORROBORATED|NEGATIVE_EVIDENCE:NEGATIVE_EVIDENCE|PERMANENT_INSTALL:PERMANENT_INSTALL|PROVISIONAL_INSTALL:PROVISIONAL_INSTALL|REVISE_INSTALL:REVISE_INSTALL|SUPPRESSED:SUPPRESSED|WITHHELD:WITHHELD	e1:ACCEPT_INSTALL:+710;e2:ACCEPT_INSTALL:+711;e3:ACCEPT_INSTALL:+743;e4:ACCEPT_INSTALL:+763;e5:ACCEPT_INSTALL:+874;e6:ACCEPT_INSTALL:+874;e7:ACCEPT_INSTALL:+884;e8:ACCEPT_INSTALL:+887;e9:ACCEPT_INSTALL:+896;e10:ACCEPT_INSTALL:+898;e11:ACCEPT_INSTALL:+933;e12:ACCEPT_INSTALL:+933;e13:ACCEPT_INSTALL:+934	ACCEPT_INSTALL	items_v2/admit.jsonl
admit-V2-D-decoy-0013	admit	admit	ACCEPT_INSTALL:ACCEPT_INSTALL|CONFLICT_WITHHELD:CONFLICT_WITHHELD|CORROBORATED:CORROBORATED|NEGATIVE_EVIDENCE:NEGATIVE_EVIDENCE|PERMANENT_INSTALL:PERMANENT_INSTALL|PROVISIONAL_INSTALL:PROVISIONAL_INSTALL|REVISE_INSTALL:REVISE_INSTALL|SUPPRESSED:SUPPRESSED|WITHHELD:WITHHELD	e1:ACCEPT_INSTALL:+710;e2:ACCEPT_INSTALL:+711;e3:ACCEPT_INSTALL:+743;e4:ACCEPT_INSTALL:+763;e5:ACCEPT_INSTALL:+874;e6:ACCEPT_INSTALL:+874;e7:ACCEPT_INSTALL:+884;e8:ACCEPT_INSTALL:+887;e9:ACCEPT_INSTALL:+896;e10:ACCEPT_INSTALL:+898;e11:ACCEPT_INSTALL:+933;e12:ACCEPT_INSTALL:+933;e13:ACCEPT_INSTALL:+934;e14:ACCEPT_INSTALL:+937	ACCEPT_INSTALL	items_v2/admit.jsonl
admit-V2-D-decoy-0014	admit	admit	ACCEPT_INSTALL:ACCEPT_INSTALL|CONFLICT_WITHHELD:CONFLICT_WITHHELD|CORROBORATED:CORROBORATED|NEGATIVE_EVIDENCE:NEGATIVE_EVIDENCE|PERMANENT_INSTALL:PERMANENT_INSTALL|PROVISIONAL_INSTALL:PROVISIONAL_INSTALL|REVISE_INSTALL:REVISE_INSTALL|SUPPRESSED:SUPPRESSED|WITHHELD:WITHHELD	e1:ACCEPT_INSTALL:+710;e2:ACCEPT_INSTALL:+711;e3:ACCEPT_INSTALL:+743;e4:ACCEPT_INSTALL:+763;e5:ACCEPT_INSTALL:+874;e6:ACCEPT_INSTALL:+874;e7:ACCEPT_INSTALL:+884;e8:ACCEPT_INSTALL:+887;e9:ACCEPT_INSTALL:+896;e10:ACCEPT_INSTALL:+898;e11:ACCEPT_INSTALL:+933;e12:ACCEPT_INSTALL:+933;e13:ACCEPT_INSTALL:+934;e14:ACCEPT_INSTALL:+937;e15:ACCEPT_INSTALL:+942	ACCEPT_INSTALL	items_v2/admit.jsonl
admit-V2-D-decoy-0015	admit	admit	ACCEPT_INSTALL:ACCEPT_INSTALL|CONFLICT_WITHHELD:CONFLICT_WITHHELD|CORROBORATED:CORROBORATED|NEGATIVE_EVIDENCE:NEGATIVE_EVIDENCE|PERMANENT_INSTALL:PERMANENT_INSTALL|PROVISIONAL_INSTALL:PROVISIONAL_INSTALL|REVISE_INSTALL:REVISE_INSTALL|SUPPRESSED:SUPPRESSED|WITHHELD:WITHHELD	e1:ACCEPT_INSTALL:+710;e2:ACCEPT_INSTALL:+711;e3:ACCEPT_INSTALL:+743;e4:ACCEPT_INSTALL:+763;e5:ACCEPT_INSTALL:+874;e6:ACCEPT_INSTALL:+874;e7:ACCEPT_INSTALL:+884;e8:ACCEPT_INSTALL:+887;e9:ACCEPT_INSTALL:+896;e10:ACCEPT_INSTALL:+898;e11:ACCEPT_INSTALL:+933;e12:ACCEPT_INSTALL:+933;e13:ACCEPT_INSTALL:+934;e14:ACCEPT_INSTALL:+937;e15:ACCEPT_INSTALL:+942;e16:ACCEPT_INSTALL:+949	ACCEPT_INSTALL	items_v2/admit.jsonl
admit-V2-D-decoy-0016	admit	admit	ACCEPT_INSTALL:ACCEPT_INSTALL|CONFLICT_WITHHELD:CONFLICT_WITHHELD|CORROBORATED:CORROBORATED|NEGATIVE_EVIDENCE:NEGATIVE_EVIDENCE|PERMANENT_INSTALL:PERMANENT_INSTALL|PROVISIONAL_INSTALL:PROVISIONAL_INSTALL|REVISE_INSTALL:REVISE_INSTALL|SUPPRESSED:SUPPRESSED|WITHHELD:WITHHELD	e1:ACCEPT_INSTALL:+710;e2:ACCEPT_INSTALL:+711;e3:ACCEPT_INSTALL:+743;e4:ACCEPT_INSTALL:+763;e5:ACCEPT_INSTALL:+874;e6:ACCEPT_INSTALL:+874;e7:ACCEPT_INSTALL:+884;e8:ACCEPT_INSTALL:+887;e9:ACCEPT_INSTALL:+896;e10:ACCEPT_INSTALL:+898;e11:ACCEPT_INSTALL:+933;e12:ACCEPT_INSTALL:+933;e13:ACCEPT_INSTALL:+934;e14:ACCEPT_INSTALL:+937;e15:ACCEPT_INSTALL:+942;e16:ACCEPT_INSTALL:+949;e17:ACCEPT_INSTALL:+951	ACCEPT_INSTALL	items_v2/admit.jsonl
admit-V2-D-decoy-0017	admit	admit	ACCEPT_INSTALL:ACCEPT_INSTALL|CONFLICT_WITHHELD:CONFLICT_WITHHELD|CORROBORATED:CORROBORATED|NEGATIVE_EVIDENCE:NEGATIVE_EVIDENCE|PERMANENT_INSTALL:PERMANENT_INSTALL|PROVISIONAL_INSTALL:PROVISIONAL_INSTALL|REVISE_INSTALL:REVISE_INSTALL|SUPPRESSED:SUPPRESSED|WITHHELD:WITHHELD	e1:ACCEPT_INSTALL:+710;e2:ACCEPT_INSTALL:+711;e3:ACCEPT_INSTALL:+743;e4:ACCEPT_INSTALL:+763;e5:ACCEPT_INSTALL:+874;e6:ACCEPT_INSTALL:+874;e7:ACCEPT_INSTALL:+884;e8:ACCEPT_INSTALL:+887;e9:ACCEPT_INSTALL:+896;e10:ACCEPT_INSTALL:+898;e11:ACCEPT_INSTALL:+933;e12:ACCEPT_INSTALL:+933;e13:ACCEPT_INSTALL:+934;e14:ACCEPT_INSTALL:+937;e15:ACCEPT_INSTALL:+942;e16:ACCEPT_INSTALL:+949;e17:ACCEPT_INSTALL:+951;e18:ACCEPT_INSTALL:+951	ACCEPT_INSTALL	items_v2/admit.jsonl
admit-V2-D-decoy-0018	admit	admit	ACCEPT_INSTALL:ACCEPT_INSTALL|CONFLICT_WITHHELD:CONFLICT_WITHHELD|CORROBORATED:CORROBORATED|NEGATIVE_EVIDENCE:NEGATIVE_EVIDENCE|PERMANENT_INSTALL:PERMANENT_INSTALL|PROVISIONAL_INSTALL:PROVISIONAL_INSTALL|REVISE_INSTALL:REVISE_INSTALL|SUPPRESSED:SUPPRESSED|WITHHELD:WITHHELD	e1:ACCEPT_INSTALL:+710;e2:ACCEPT_INSTALL:+711;e3:ACCEPT_INSTALL:+743;e4:ACCEPT_INSTALL:+763;e5:ACCEPT_INSTALL:+874;e6:ACCEPT_INSTALL:+874;e7:ACCEPT_INSTALL:+884;e8:ACCEPT_INSTALL:+887;e9:ACCEPT_INSTALL:+896;e10:ACCEPT_INSTALL:+898;e11:ACCEPT_INSTALL:+933;e12:ACCEPT_INSTALL:+933;e13:ACCEPT_INSTALL:+934;e14:ACCEPT_INSTALL:+937;e15:ACCEPT_INSTALL:+942;e16:ACCEPT_INSTALL:+949;e17:ACCEPT_INSTALL:+951;e18:ACCEPT_INSTALL:+951;e19:ACCEPT_INSTALL:+955	ACCEPT_INSTALL	items_v2/admit.jsonl
admit-V2-D-decoy-0019	admit	admit	ACCEPT_INSTALL:ACCEPT_INSTALL|CONFLICT_WITHHELD:CONFLICT_WITHHELD|CORROBORATED:CORROBORATED|NEGATIVE_EVIDENCE:NEGATIVE_EVIDENCE|PERMANENT_INSTALL:PERMANENT_INSTALL|PROVISIONAL_INSTALL:PROVISIONAL_INSTALL|REVISE_INSTALL:REVISE_INSTALL|SUPPRESSED:SUPPRESSED|WITHHELD:WITHHELD	e1:ACCEPT_INSTALL:+931	ACCEPT_INSTALL	items_v2/admit.jsonl
admit-V2-D-decoy-0020	admit	admit	ACCEPT_INSTALL:ACCEPT_INSTALL|CONFLICT_WITHHELD:CONFLICT_WITHHELD|CORROBORATED:CORROBORATED|NEGATIVE_EVIDENCE:NEGATIVE_EVIDENCE|PERMANENT_INSTALL:PERMANENT_INSTALL|PROVISIONAL_INSTALL:PROVISIONAL_INSTALL|REVISE_INSTALL:REVISE_INSTALL|SUPPRESSED:SUPPRESSED|WITHHELD:WITHHELD	e1:ACCEPT_INSTALL:+931;e2:ACCEPT_INSTALL:+946	ACCEPT_INSTALL	items_v2/admit.jsonl
admit-V2-D-decoy-0021	admit	admit	ACCEPT_INSTALL:ACCEPT_INSTALL|CONFLICT_WITHHELD:CONFLICT_WITHHELD|CORROBORATED:CORROBORATED|NEGATIVE_EVIDENCE:NEGATIVE_EVIDENCE|PERMANENT_INSTALL:PERMANENT_INSTALL|PROVISIONAL_INSTALL:PROVISIONAL_INSTALL|REVISE_INSTALL:REVISE_INSTALL|SUPPRESSED:SUPPRESSED|WITHHELD:WITHHELD	e1:ACCEPT_INSTALL:+931;e2:ACCEPT_INSTALL:+946;e3:ACCEPT_INSTALL:+948	ACCEPT_INSTALL	items_v2/admit.jsonl
admit-V2-D-decoy-0022	admit	admit	ACCEPT_INSTALL:ACCEPT_INSTALL|CONFLICT_WITHHELD:CONFLICT_WITHHELD|CORROBORATED:CORROBORATED|NEGATIVE_EVIDENCE:NEGATIVE_EVIDENCE|PERMANENT_INSTALL:PERMANENT_INSTALL|PROVISIONAL_INSTALL:PROVISIONAL_INSTALL|REVISE_INSTALL:REVISE_INSTALL|SUPPRESSED:SUPPRESSED|WITHHELD:WITHHELD	e1:CONFLICT_WITHHELD:+931;e2:CONFLICT_WITHHELD:+946;e3:CONFLICT_WITHHELD:+948;e4:CONFLICT_WITHHELD:+754	CONFLICT_WITHHELD	items_v2/admit.jsonl
admit-V2-D-decoy-0023	admit	admit	ACCEPT_INSTALL:ACCEPT_INSTALL|CONFLICT_WITHHELD:CONFLICT_WITHHELD|CORROBORATED:CORROBORATED|NEGATIVE_EVIDENCE:NEGATIVE_EVIDENCE|PERMANENT_INSTALL:PERMANENT_INSTALL|PROVISIONAL_INSTALL:PROVISIONAL_INSTALL|REVISE_INSTALL:REVISE_INSTALL|SUPPRESSED:SUPPRESSED|WITHHELD:WITHHELD	e1:ACCEPT_INSTALL:+931;e2:ACCEPT_INSTALL:+946;e3:ACCEPT_INSTALL:+948;e4:ACCEPT_INSTALL:+754;e5:ACCEPT_INSTALL:+754	ACCEPT_INSTALL	items_v2/admit.jsonl
admit-V2-D-decoy-0024	admit	admit	ACCEPT_INSTALL:ACCEPT_INSTALL|CONFLICT_WITHHELD:CONFLICT_WITHHELD|CORROBORATED:CORROBORATED|NEGATIVE_EVIDENCE:NEGATIVE_EVIDENCE|PERMANENT_INSTALL:PERMANENT_INSTALL|PROVISIONAL_INSTALL:PROVISIONAL_INSTALL|REVISE_INSTALL:REVISE_INSTALL|SUPPRESSED:SUPPRESSED|WITHHELD:WITHHELD	e1:ACCEPT_INSTALL:+931;e2:ACCEPT_INSTALL:+946;e3:ACCEPT_INSTALL:+948;e4:ACCEPT_INSTALL:+754;e5:ACCEPT_INSTALL:+754;e6:ACCEPT_INSTALL:+777	ACCEPT_INSTALL	items_v2/admit.jsonl
admit-V2-D-decoy-0025	admit	admit	ACCEPT_INSTALL:ACCEPT_INSTALL|CONFLICT_WITHHELD:CONFLICT_WITHHELD|CORROBORATED:CORROBORATED|NEGATIVE_EVIDENCE:NEGATIVE_EVIDENCE|PERMANENT_INSTALL:PERMANENT_INSTALL|PROVISIONAL_INSTALL:PROVISIONAL_INSTALL|REVISE_INSTALL:REVISE_INSTALL|SUPPRESSED:SUPPRESSED|WITHHELD:WITHHELD	e1:ACCEPT_INSTALL:+931;e2:ACCEPT_INSTALL:+946;e3:ACCEPT_INSTALL:+948;e4:ACCEPT_INSTALL:+754;e5:ACCEPT_INSTALL:+754;e6:ACCEPT_INSTALL:+777;e7:ACCEPT_INSTALL:+862	ACCEPT_INSTALL	items_v2/admit.jsonl
admit-V2-D-decoy-0026	admit	admit	ACCEPT_INSTALL:ACCEPT_INSTALL|CONFLICT_WITHHELD:CONFLICT_WITHHELD|CORROBORATED:CORROBORATED|NEGATIVE_EVIDENCE:NEGATIVE_EVIDENCE|PERMANENT_INSTALL:PERMANENT_INSTALL|PROVISIONAL_INSTALL:PROVISIONAL_INSTALL|REVISE_INSTALL:REVISE_INSTALL|SUPPRESSED:SUPPRESSED|WITHHELD:WITHHELD	e1:CORROBORATED:+931;e2:CORROBORATED:+946;e3:CORROBORATED:+948;e4:CORROBORATED:+754;e5:CORROBORATED:+754;e6:CORROBORATED:+777;e7:CORROBORATED:+862;e8:CORROBORATED:+901	CORROBORATED	items_v2/admit.jsonl
admit-V2-D-decoy-0027	admit	admit	ACCEPT_INSTALL:ACCEPT_INSTALL|CONFLICT_WITHHELD:CONFLICT_WITHHELD|CORROBORATED:CORROBORATED|NEGATIVE_EVIDENCE:NEGATIVE_EVIDENCE|PERMANENT_INSTALL:PERMANENT_INSTALL|PROVISIONAL_INSTALL:PROVISIONAL_INSTALL|REVISE_INSTALL:REVISE_INSTALL|SUPPRESSED:SUPPRESSED|WITHHELD:WITHHELD	e1:ACCEPT_INSTALL:+931;e2:ACCEPT_INSTALL:+946;e3:ACCEPT_INSTALL:+948;e4:ACCEPT_INSTALL:+754;e5:ACCEPT_INSTALL:+754;e6:ACCEPT_INSTALL:+777;e7:ACCEPT_INSTALL:+862;e8:ACCEPT_INSTALL:+901;e9:ACCEPT_INSTALL:+917	ACCEPT_INSTALL	items_v2/admit.jsonl
admit-V2-D-decoy-0028	admit	admit	ACCEPT_INSTALL:ACCEPT_INSTALL|CONFLICT_WITHHELD:CONFLICT_WITHHELD|CORROBORATED:CORROBORATED|NEGATIVE_EVIDENCE:NEGATIVE_EVIDENCE|PERMANENT_INSTALL:PERMANENT_INSTALL|PROVISIONAL_INSTALL:PROVISIONAL_INSTALL|REVISE_INSTALL:REVISE_INSTALL|SUPPRESSED:SUPPRESSED|WITHHELD:WITHHELD	e1:ACCEPT_INSTALL:+764	ACCEPT_INSTALL	items_v2/admit.jsonl
admit-V2-D-decoy-0029	admit	admit	ACCEPT_INSTALL:ACCEPT_INSTALL|CONFLICT_WITHHELD:CONFLICT_WITHHELD|CORROBORATED:CORROBORATED|NEGATIVE_EVIDENCE:NEGATIVE_EVIDENCE|PERMANENT_INSTALL:PERMANENT_INSTALL|PROVISIONAL_INSTALL:PROVISIONAL_INSTALL|REVISE_INSTALL:REVISE_INSTALL|SUPPRESSED:SUPPRESSED|WITHHELD:WITHHELD	e1:ACCEPT_INSTALL:+764;e2:ACCEPT_INSTALL:+764	ACCEPT_INSTALL	items_v2/admit.jsonl
admit-V2-D-decoy-0030	admit	admit	ACCEPT_INSTALL:ACCEPT_INSTALL|CONFLICT_WITHHELD:CONFLICT_WITHHELD|CORROBORATED:CORROBORATED|NEGATIVE_EVIDENCE:NEGATIVE_EVIDENCE|PERMANENT_INSTALL:PERMANENT_INSTALL|PROVISIONAL_INSTALL:PROVISIONAL_INSTALL|REVISE_INSTALL:REVISE_INSTALL|SUPPRESSED:SUPPRESSED|WITHHELD:WITHHELD	e1:ACCEPT_INSTALL:+764;e2:ACCEPT_INSTALL:+764;e3:ACCEPT_INSTALL:+774	ACCEPT_INSTALL	items_v2/admit.jsonl
admit-V2-D-decoy-0031	admit	admit	ACCEPT_INSTALL:ACCEPT_INSTALL|CONFLICT_WITHHELD:CONFLICT_WITHHELD|CORROBORATED:CORROBORATED|NEGATIVE_EVIDENCE:NEGATIVE_EVIDENCE|PERMANENT_INSTALL:PERMANENT_INSTALL|PROVISIONAL_INSTALL:PROVISIONAL_INSTALL|REVISE_INSTALL:REVISE_INSTALL|SUPPRESSED:SUPPRESSED|WITHHELD:WITHHELD	e1:ACCEPT_INSTALL:+764;e2:ACCEPT_INSTALL:+764;e3:ACCEPT_INSTALL:+774;e4:ACCEPT_INSTALL:+788	ACCEPT_INSTALL	items_v2/admit.jsonl
admit-V2-D-decoy-0032	admit	admit	ACCEPT_INSTALL:ACCEPT_INSTALL|CONFLICT_WITHHELD:CONFLICT_WITHHELD|CORROBORATED:CORROBORATED|NEGATIVE_EVIDENCE:NEGATIVE_EVIDENCE|PERMANENT_INSTALL:PERMANENT_INSTALL|PROVISIONAL_INSTALL:PROVISIONAL_INSTALL|REVISE_INSTALL:REVISE_INSTALL|SUPPRESSED:SUPPRESSED|WITHHELD:WITHHELD	e1:CORROBORATED:+764;e2:CORROBORATED:+764;e3:CORROBORATED:+774;e4:CORROBORATED:+788;e5:CORROBORATED:+798	CORROBORATED	items_v2/admit.jsonl
admit-V2-D-decoy-0033	admit	admit	ACCEPT_INSTALL:ACCEPT_INSTALL|CONFLICT_WITHHELD:CONFLICT_WITHHELD|CORROBORATED:CORROBORATED|NEGATIVE_EVIDENCE:NEGATIVE_EVIDENCE|PERMANENT_INSTALL:PERMANENT_INSTALL|PROVISIONAL_INSTALL:PROVISIONAL_INSTALL|REVISE_INSTALL:REVISE_INSTALL|SUPPRESSED:SUPPRESSED|WITHHELD:WITHHELD	e1:CORROBORATED:+764;e2:CORROBORATED:+764;e3:CORROBORATED:+774;e4:CORROBORATED:+788;e5:CORROBORATED:+798;e6:CORROBORATED:+798	CORROBORATED	items_v2/admit.jsonl
admit-V2-D-decoy-0034	admit	admit	ACCEPT_INSTALL:ACCEPT_INSTALL|CONFLICT_WITHHELD:CONFLICT_WITHHELD|CORROBORATED:CORROBORATED|NEGATIVE_EVIDENCE:NEGATIVE_EVIDENCE|PERMANENT_INSTALL:PERMANENT_INSTALL|PROVISIONAL_INSTALL:PROVISIONAL_INSTALL|REVISE_INSTALL:REVISE_INSTALL|SUPPRESSED:SUPPRESSED|WITHHELD:WITHHELD	e1:ACCEPT_INSTALL:+764;e2:ACCEPT_INSTALL:+764;e3:ACCEPT_INSTALL:+774;e4:ACCEPT_INSTALL:+788;e5:ACCEPT_INSTALL:+798;e6:ACCEPT_INSTALL:+798;e7:ACCEPT_INSTALL:+799	ACCEPT_INSTALL	items_v2/admit.jsonl
admit-V2-D-decoy-0035	admit	admit	ACCEPT_INSTALL:ACCEPT_INSTALL|CONFLICT_WITHHELD:CONFLICT_WITHHELD|CORROBORATED:CORROBORATED|NEGATIVE_EVIDENCE:NEGATIVE_EVIDENCE|PERMANENT_INSTALL:PERMANENT_INSTALL|PROVISIONAL_INSTALL:PROVISIONAL_INSTALL|REVISE_INSTALL:REVISE_INSTALL|SUPPRESSED:SUPPRESSED|WITHHELD:WITHHELD	e1:ACCEPT_INSTALL:+764;e2:ACCEPT_INSTALL:+764;e3:ACCEPT_INSTALL:+774;e4:ACCEPT_INSTALL:+788;e5:ACCEPT_INSTALL:+798;e6:ACCEPT_INSTALL:+798;e7:ACCEPT_INSTALL:+799;e8:ACCEPT_INSTALL:+799	ACCEPT_INSTALL	items_v2/admit.jsonl
admit-V2-D-decoy-0036	admit	admit	ACCEPT_INSTALL:ACCEPT_INSTALL|CONFLICT_WITHHELD:CONFLICT_WITHHELD|CORROBORATED:CORROBORATED|NEGATIVE_EVIDENCE:NEGATIVE_EVIDENCE|PERMANENT_INSTALL:PERMANENT_INSTALL|PROVISIONAL_INSTALL:PROVISIONAL_INSTALL|REVISE_INSTALL:REVISE_INSTALL|SUPPRESSED:SUPPRESSED|WITHHELD:WITHHELD	e1:CONFLICT_WITHHELD:+764;e2:CONFLICT_WITHHELD:+764;e3:CONFLICT_WITHHELD:+774;e4:CONFLICT_WITHHELD:+788;e5:CONFLICT_WITHHELD:+798;e6:CONFLICT_WITHHELD:+798;e7:CONFLICT_WITHHELD:+799;e8:CONFLICT_WITHHELD:+799;e9:CONFLICT_WITHHELD:+800	CONFLICT_WITHHELD	items_v2/admit.jsonl
admit-V2-D-decoy-0037	admit	admit	ACCEPT_INSTALL:ACCEPT_INSTALL|CONFLICT_WITHHELD:CONFLICT_WITHHELD|CORROBORATED:CORROBORATED|NEGATIVE_EVIDENCE:NEGATIVE_EVIDENCE|PERMANENT_INSTALL:PERMANENT_INSTALL|PROVISIONAL_INSTALL:PROVISIONAL_INSTALL|REVISE_INSTALL:REVISE_INSTALL|SUPPRESSED:SUPPRESSED|WITHHELD:WITHHELD	e1:ACCEPT_INSTALL:+764;e2:ACCEPT_INSTALL:+764;e3:ACCEPT_INSTALL:+774;e4:ACCEPT_INSTALL:+788;e5:ACCEPT_INSTALL:+798;e6:ACCEPT_INSTALL:+798;e7:ACCEPT_INSTALL:+799;e8:ACCEPT_INSTALL:+799;e9:ACCEPT_INSTALL:+800;e10:ACCEPT_INSTALL:+806	ACCEPT_INSTALL	items_v2/admit.jsonl
admit-V2-D-decoy-0038	admit	admit	ACCEPT_INSTALL:ACCEPT_INSTALL|CONFLICT_WITHHELD:CONFLICT_WITHHELD|CORROBORATED:CORROBORATED|NEGATIVE_EVIDENCE:NEGATIVE_EVIDENCE|PERMANENT_INSTALL:PERMANENT_INSTALL|PROVISIONAL_INSTALL:PROVISIONAL_INSTALL|REVISE_INSTALL:REVISE_INSTALL|SUPPRESSED:SUPPRESSED|WITHHELD:WITHHELD	e1:ACCEPT_INSTALL:+764;e2:ACCEPT_INSTALL:+764;e3:ACCEPT_INSTALL:+774;e4:ACCEPT_INSTALL:+788;e5:ACCEPT_INSTALL:+798;e6:ACCEPT_INSTALL:+798;e7:ACCEPT_INSTALL:+799;e8:ACCEPT_INSTALL:+799;e9:ACCEPT_INSTALL:+800;e10:ACCEPT_INSTALL:+806;e11:ACCEPT_INSTALL:+832	ACCEPT_INSTALL	items_v2/admit.jsonl
admit-V2-D-decoy-0039	admit	admit	ACCEPT_INSTALL:ACCEPT_INSTALL|CONFLICT_WITHHELD:CONFLICT_WITHHELD|CORROBORATED:CORROBORATED|NEGATIVE_EVIDENCE:NEGATIVE_EVIDENCE|PERMANENT_INSTALL:PERMANENT_INSTALL|PROVISIONAL_INSTALL:PROVISIONAL_INSTALL|REVISE_INSTALL:REVISE_INSTALL|SUPPRESSED:SUPPRESSED|WITHHELD:WITHHELD	e1:CORROBORATED:+764;e2:CORROBORATED:+764;e3:CORROBORATED:+774;e4:CORROBORATED:+788;e5:CORROBORATED:+798;e6:CORROBORATED:+798;e7:CORROBORATED:+799;e8:CORROBORATED:+799;e9:CORROBORATED:+800;e10:CORROBORATED:+806;e11:CORROBORATED:+832;e12:CORROBORATED:+830	CORROBORATED	items_v2/admit.jsonl
admit-V2-D-decoy-0040	admit	admit	ACCEPT_INSTALL:ACCEPT_INSTALL|CONFLICT_WITHHELD:CONFLICT_WITHHELD|CORROBORATED:CORROBORATED|NEGATIVE_EVIDENCE:NEGATIVE_EVIDENCE|PERMANENT_INSTALL:PERMANENT_INSTALL|PROVISIONAL_INSTALL:PROVISIONAL_INSTALL|REVISE_INSTALL:REVISE_INSTALL|SUPPRESSED:SUPPRESSED|WITHHELD:WITHHELD	e1:ACCEPT_INSTALL:+764;e2:ACCEPT_INSTALL:+764;e3:ACCEPT_INSTALL:+774;e4:ACCEPT_INSTALL:+788;e5:ACCEPT_INSTALL:+798;e6:ACCEPT_INSTALL:+798;e7:ACCEPT_INSTALL:+799;e8:ACCEPT_INSTALL:+799;e9:ACCEPT_INSTALL:+800;e10:ACCEPT_INSTALL:+806;e11:ACCEPT_INSTALL:+832;e12:ACCEPT_INSTALL:+830;e13:ACCEPT_INSTALL:+819	ACCEPT_INSTALL	items_v2/admit.jsonl
admit-V2-D-decoy-0041	admit	admit	ACCEPT_INSTALL:ACCEPT_INSTALL|CONFLICT_WITHHELD:CONFLICT_WITHHELD|CORROBORATED:CORROBORATED|NEGATIVE_EVIDENCE:NEGATIVE_EVIDENCE|PERMANENT_INSTALL:PERMANENT_INSTALL|PROVISIONAL_INSTALL:PROVISIONAL_INSTALL|REVISE_INSTALL:REVISE_INSTALL|SUPPRESSED:SUPPRESSED|WITHHELD:WITHHELD	e1:ACCEPT_INSTALL:+764;e2:ACCEPT_INSTALL:+764;e3:ACCEPT_INSTALL:+774;e4:ACCEPT_INSTALL:+788;e5:ACCEPT_INSTALL:+798;e6:ACCEPT_INSTALL:+798;e7:ACCEPT_INSTALL:+799;e8:ACCEPT_INSTALL:+799;e9:ACCEPT_INSTALL:+800;e10:ACCEPT_INSTALL:+806;e11:ACCEPT_INSTALL:+832;e12:ACCEPT_INSTALL:+830;e13:ACCEPT_INSTALL:+819;e14:ACCEPT_INSTALL:+819	ACCEPT_INSTALL	items_v2/admit.jsonl
admit-V2-D-decoy-0042	admit	admit	ACCEPT_INSTALL:ACCEPT_INSTALL|CONFLICT_WITHHELD:CONFLICT_WITHHELD|CORROBORATED:CORROBORATED|NEGATIVE_EVIDENCE:NEGATIVE_EVIDENCE|PERMANENT_INSTALL:PERMANENT_INSTALL|PROVISIONAL_INSTALL:PROVISIONAL_INSTALL|REVISE_INSTALL:REVISE_INSTALL|SUPPRESSED:SUPPRESSED|WITHHELD:WITHHELD	e1:ACCEPT_INSTALL:+764;e2:ACCEPT_INSTALL:+764;e3:ACCEPT_INSTALL:+774;e4:ACCEPT_INSTALL:+788;e5:ACCEPT_INSTALL:+798;e6:ACCEPT_INSTALL:+798;e7:ACCEPT_INSTALL:+799;e8:ACCEPT_INSTALL:+799;e9:ACCEPT_INSTALL:+800;e10:ACCEPT_INSTALL:+806;e11:ACCEPT_INSTALL:+832;e12:ACCEPT_INSTALL:+830;e13:ACCEPT_INSTALL:+819;e14:ACCEPT_INSTALL:+819;e15:ACCEPT_INSTALL:+806	ACCEPT_INSTALL	items_v2/admit.jsonl
admit-V2-D-decoy-0043	admit	admit	ACCEPT_INSTALL:ACCEPT_INSTALL|CONFLICT_WITHHELD:CONFLICT_WITHHELD|CORROBORATED:CORROBORATED|NEGATIVE_EVIDENCE:NEGATIVE_EVIDENCE|PERMANENT_INSTALL:PERMANENT_INSTALL|PROVISIONAL_INSTALL:PROVISIONAL_INSTALL|REVISE_INSTALL:REVISE_INSTALL|SUPPRESSED:SUPPRESSED|WITHHELD:WITHHELD	e1:CONFLICT_WITHHELD:+764;e2:CONFLICT_WITHHELD:+764;e3:CONFLICT_WITHHELD:+774;e4:CONFLICT_WITHHELD:+788;e5:CONFLICT_WITHHELD:+798;e6:CONFLICT_WITHHELD:+798;e7:CONFLICT_WITHHELD:+799;e8:CONFLICT_WITHHELD:+799;e9:CONFLICT_WITHHELD:+800;e10:CONFLICT_WITHHELD:+806;e11:CONFLICT_WITHHELD:+832;e12:CONFLICT_WITHHELD:+830;e13:CONFLICT_WITHHELD:+819;e14:CONFLICT_WITHHELD:+819;e15:CONFLICT_WITHHELD:+806;e16:CONFLICT_WITHHELD:+869	CONFLICT_WITHHELD	items_v2/admit.jsonl
admit-V2-D-decoy-0044	admit	admit	ACCEPT_INSTALL:ACCEPT_INSTALL|CONFLICT_WITHHELD:CONFLICT_WITHHELD|CORROBORATED:CORROBORATED|NEGATIVE_EVIDENCE:NEGATIVE_EVIDENCE|PERMANENT_INSTALL:PERMANENT_INSTALL|PROVISIONAL_INSTALL:PROVISIONAL_INSTALL|REVISE_INSTALL:REVISE_INSTALL|SUPPRESSED:SUPPRESSED|WITHHELD:WITHHELD	e1:ACCEPT_INSTALL:+764;e2:ACCEPT_INSTALL:+764;e3:ACCEPT_INSTALL:+774;e4:ACCEPT_INSTALL:+788;e5:ACCEPT_INSTALL:+798;e6:ACCEPT_INSTALL:+798;e7:ACCEPT_INSTALL:+799;e8:ACCEPT_INSTALL:+799;e9:ACCEPT_INSTALL:+800;e10:ACCEPT_INSTALL:+806;e11:ACCEPT_INSTALL:+832;e12:ACCEPT_INSTALL:+830;e13:ACCEPT_INSTALL:+819;e14:ACCEPT_INSTALL:+819;e15:ACCEPT_INSTALL:+806;e16:ACCEPT_INSTALL:+869;e17:ACCEPT_INSTALL:+930	ACCEPT_INSTALL	items_v2/admit.jsonl
admit-V2-D-decoy-0045	admit	admit	ACCEPT_INSTALL:ACCEPT_INSTALL|CONFLICT_WITHHELD:CONFLICT_WITHHELD|CORROBORATED:CORROBORATED|NEGATIVE_EVIDENCE:NEGATIVE_EVIDENCE|PERMANENT_INSTALL:PERMANENT_INSTALL|PROVISIONAL_INSTALL:PROVISIONAL_INSTALL|REVISE_INSTALL:REVISE_INSTALL|SUPPRESSED:SUPPRESSED|WITHHELD:WITHHELD	e1:CORROBORATED:+764;e2:CORROBORATED:+764;e3:CORROBORATED:+774;e4:CORROBORATED:+788;e5:CORROBORATED:+798;e6:CORROBORATED:+798;e7:CORROBORATED:+799;e8:CORROBORATED:+799;e9:CORROBORATED:+800;e10:CORROBORATED:+806;e11:CORROBORATED:+832;e12:CORROBORATED:+830;e13:CORROBORATED:+819;e14:CORROBORATED:+819;e15:CORROBORATED:+806;e16:CORROBORATED:+869;e17:CORROBORATED:+930;e18:CORROBORATED:+930	CORROBORATED	items_v2/admit.jsonl
admit-V2-D-decoy-0046	admit	admit	ACCEPT_INSTALL:ACCEPT_INSTALL|CONFLICT_WITHHELD:CONFLICT_WITHHELD|CORROBORATED:CORROBORATED|NEGATIVE_EVIDENCE:NEGATIVE_EVIDENCE|PERMANENT_INSTALL:PERMANENT_INSTALL|PROVISIONAL_INSTALL:PROVISIONAL_INSTALL|REVISE_INSTALL:REVISE_INSTALL|SUPPRESSED:SUPPRESSED|WITHHELD:WITHHELD	e1:ACCEPT_INSTALL:+764;e2:ACCEPT_INSTALL:+764;e3:ACCEPT_INSTALL:+774;e4:ACCEPT_INSTALL:+788;e5:ACCEPT_INSTALL:+798;e6:ACCEPT_INSTALL:+798;e7:ACCEPT_INSTALL:+799;e8:ACCEPT_INSTALL:+799;e9:ACCEPT_INSTALL:+800;e10:ACCEPT_INSTALL:+806;e11:ACCEPT_INSTALL:+832;e12:ACCEPT_INSTALL:+830;e13:ACCEPT_INSTALL:+819;e14:ACCEPT_INSTALL:+819;e15:ACCEPT_INSTALL:+806;e16:ACCEPT_INSTALL:+869;e17:ACCEPT_INSTALL:+930;e18:ACCEPT_INSTALL:+930;e19:ACCEPT_INSTALL:+930	ACCEPT_INSTALL	items_v2/admit.jsonl
admit-V2-D-decoy-0047	admit	admit	ACCEPT_INSTALL:ACCEPT_INSTALL|CONFLICT_WITHHELD:CONFLICT_WITHHELD|CORROBORATED:CORROBORATED|NEGATIVE_EVIDENCE:NEGATIVE_EVIDENCE|PERMANENT_INSTALL:PERMANENT_INSTALL|PROVISIONAL_INSTALL:PROVISIONAL_INSTALL|REVISE_INSTALL:REVISE_INSTALL|SUPPRESSED:SUPPRESSED|WITHHELD:WITHHELD	e1:ACCEPT_INSTALL:+764;e2:ACCEPT_INSTALL:+764;e3:ACCEPT_INSTALL:+774;e4:ACCEPT_INSTALL:+788;e5:ACCEPT_INSTALL:+798;e6:ACCEPT_INSTALL:+798;e7:ACCEPT_INSTALL:+799;e8:ACCEPT_INSTALL:+799;e9:ACCEPT_INSTALL:+800;e10:ACCEPT_INSTALL:+806;e11:ACCEPT_INSTALL:+832;e12:ACCEPT_INSTALL:+830;e13:ACCEPT_INSTALL:+819;e14:ACCEPT_INSTALL:+819;e15:ACCEPT_INSTALL:+806;e16:ACCEPT_INSTALL:+869;e17:ACCEPT_INSTALL:+930;e18:ACCEPT_INSTALL:+930;e19:ACCEPT_INSTALL:+930;e20:ACCEPT_INSTALL:+930	ACCEPT_INSTALL	items_v2/admit.jsonl
admit-V2-D-decoy-0048	admit	admit	ACCEPT_INSTALL:ACCEPT_INSTALL|CONFLICT_WITHHELD:CONFLICT_WITHHELD|CORROBORATED:CORROBORATED|NEGATIVE_EVIDENCE:NEGATIVE_EVIDENCE|PERMANENT_INSTALL:PERMANENT_INSTALL|PROVISIONAL_INSTALL:PROVISIONAL_INSTALL|REVISE_INSTALL:REVISE_INSTALL|SUPPRESSED:SUPPRESSED|WITHHELD:WITHHELD	e1:ACCEPT_INSTALL:+764;e2:ACCEPT_INSTALL:+764;e3:ACCEPT_INSTALL:+774;e4:ACCEPT_INSTALL:+788;e5:ACCEPT_INSTALL:+798;e6:ACCEPT_INSTALL:+798;e7:ACCEPT_INSTALL:+799;e8:ACCEPT_INSTALL:+799;e9:ACCEPT_INSTALL:+800;e10:ACCEPT_INSTALL:+806;e11:ACCEPT_INSTALL:+832;e12:ACCEPT_INSTALL:+830;e13:ACCEPT_INSTALL:+819;e14:ACCEPT_INSTALL:+819;e15:ACCEPT_INSTALL:+806;e16:ACCEPT_INSTALL:+869;e17:ACCEPT_INSTALL:+930;e18:ACCEPT_INSTALL:+930;e19:ACCEPT_INSTALL:+930;e20:ACCEPT_INSTALL:+930;e21:ACCEPT_INSTALL:+930	ACCEPT_INSTALL	items_v2/admit.jsonl
admit-V2-D-decoy-0049	admit	admit	ACCEPT_INSTALL:ACCEPT_INSTALL|CONFLICT_WITHHELD:CONFLICT_WITHHELD|CORROBORATED:CORROBORATED|NEGATIVE_EVIDENCE:NEGATIVE_EVIDENCE|PERMANENT_INSTALL:PERMANENT_INSTALL|PROVISIONAL_INSTALL:PROVISIONAL_INSTALL|REVISE_INSTALL:REVISE_INSTALL|SUPPRESSED:SUPPRESSED|WITHHELD:WITHHELD	e1:CORROBORATED:+764;e2:CORROBORATED:+764;e3:CORROBORATED:+774;e4:CORROBORATED:+788;e5:CORROBORATED:+798;e6:CORROBORATED:+798;e7:CORROBORATED:+799;e8:CORROBORATED:+799;e9:CORROBORATED:+800;e10:CORROBORATED:+806;e11:CORROBORATED:+832;e12:CORROBORATED:+830;e13:CORROBORATED:+819;e14:CORROBORATED:+819;e15:CORROBORATED:+806;e16:CORROBORATED:+869;e17:CORROBORATED:+930;e18:CORROBORATED:+930;e19:CORROBORATED:+930;e20:CORROBORATED:+930;e21:CORROBORATED:+930;e22:CORROBORATED:+930	CORROBORATED	items_v2/admit.jsonl
admit-V2-D-decoy-0050	admit	admit	ACCEPT_INSTALL:ACCEPT_INSTALL|CONFLICT_WITHHELD:CONFLICT_WITHHELD|CORROBORATED:CORROBORATED|NEGATIVE_EVIDENCE:NEGATIVE_EVIDENCE|PERMANENT_INSTALL:PERMANENT_INSTALL|PROVISIONAL_INSTALL:PROVISIONAL_INSTALL|REVISE_INSTALL:REVISE_INSTALL|SUPPRESSED:SUPPRESSED|WITHHELD:WITHHELD	e1:ACCEPT_INSTALL:+764;e2:ACCEPT_INSTALL:+764;e3:ACCEPT_INSTALL:+774;e4:ACCEPT_INSTALL:+788;e5:ACCEPT_INSTALL:+798;e6:ACCEPT_INSTALL:+798;e7:ACCEPT_INSTALL:+799;e8:ACCEPT_INSTALL:+799;e9:ACCEPT_INSTALL:+800;e10:ACCEPT_INSTALL:+806;e11:ACCEPT_INSTALL:+832;e12:ACCEPT_INSTALL:+830;e13:ACCEPT_INSTALL:+819;e14:ACCEPT_INSTALL:+819;e15:ACCEPT_INSTALL:+806;e16:ACCEPT_INSTALL:+869;e17:ACCEPT_INSTALL:+930;e18:ACCEPT_INSTALL:+930;e19:ACCEPT_INSTALL:+930;e20:ACCEPT_INSTALL:+930;e21:ACCEPT_INSTALL:+930;e22:ACCEPT_INSTALL:+930;e23:ACCEPT_INSTALL:+930	ACCEPT_INSTALL	items_v2/admit.jsonl
admit-V2-D-decoy-0051	admit	admit	ACCEPT_INSTALL:ACCEPT_INSTALL|CONFLICT_WITHHELD:CONFLICT_WITHHELD|CORROBORATED:CORROBORATED|NEGATIVE_EVIDENCE:NEGATIVE_EVIDENCE|PERMANENT_INSTALL:PERMANENT_INSTALL|PROVISIONAL_INSTALL:PROVISIONAL_INSTALL|REVISE_INSTALL:REVISE_INSTALL|SUPPRESSED:SUPPRESSED|WITHHELD:WITHHELD	e1:ACCEPT_INSTALL:+764;e2:ACCEPT_INSTALL:+764;e3:ACCEPT_INSTALL:+774;e4:ACCEPT_INSTALL:+788;e5:ACCEPT_INSTALL:+798;e6:ACCEPT_INSTALL:+798;e7:ACCEPT_INSTALL:+799;e8:ACCEPT_INSTALL:+799;e9:ACCEPT_INSTALL:+800;e10:ACCEPT_INSTALL:+806;e11:ACCEPT_INSTALL:+832;e12:ACCEPT_INSTALL:+830;e13:ACCEPT_INSTALL:+819;e14:ACCEPT_INSTALL:+819;e15:ACCEPT_INSTALL:+806;e16:ACCEPT_INSTALL:+869;e17:ACCEPT_INSTALL:+930;e18:ACCEPT_INSTALL:+930;e19:ACCEPT_INSTALL:+930;e20:ACCEPT_INSTALL:+930;e21:ACCEPT_INSTALL:+930;e22:ACCEPT_INSTALL:+930;e23:ACCEPT_INSTALL:+930;e24:ACCEPT_INSTALL:+952	ACCEPT_INSTALL	items_v2/admit.jsonl
admit-V2-D-install-0000	admit	admit	ACCEPT_INSTALL:ACCEPT_INSTALL|CONFLICT_WITHHELD:CONFLICT_WITHHELD|CORROBORATED:CORROBORATED|NEGATIVE_EVIDENCE:NEGATIVE_EVIDENCE|PERMANENT_INSTALL:PERMANENT_INSTALL|PROVISIONAL_INSTALL:PROVISIONAL_INSTALL|REVISE_INSTALL:REVISE_INSTALL|SUPPRESSED:SUPPRESSED|WITHHELD:WITHHELD	e1:PROVISIONAL_INSTALL:+710	PROVISIONAL_INSTALL	items_v2/admit.jsonl
admit-V2-D-install-0001	admit	admit	ACCEPT_INSTALL:ACCEPT_INSTALL|CONFLICT_WITHHELD:CONFLICT_WITHHELD|CORROBORATED:CORROBORATED|NEGATIVE_EVIDENCE:NEGATIVE_EVIDENCE|PERMANENT_INSTALL:PERMANENT_INSTALL|PROVISIONAL_INSTALL:PROVISIONAL_INSTALL|REVISE_INSTALL:REVISE_INSTALL|SUPPRESSED:SUPPRESSED|WITHHELD:WITHHELD	e1:PERMANENT_INSTALL:+710;e2:PERMANENT_INSTALL:+711	PERMANENT_INSTALL	items_v2/admit.jsonl
admit-V2-D-install-0002	admit	admit	ACCEPT_INSTALL:ACCEPT_INSTALL|CONFLICT_WITHHELD:CONFLICT_WITHHELD|CORROBORATED:CORROBORATED|NEGATIVE_EVIDENCE:NEGATIVE_EVIDENCE|PERMANENT_INSTALL:PERMANENT_INSTALL|PROVISIONAL_INSTALL:PROVISIONAL_INSTALL|REVISE_INSTALL:REVISE_INSTALL|SUPPRESSED:SUPPRESSED|WITHHELD:WITHHELD	e1:CORROBORATED:+710;e2:CORROBORATED:+711;e3:CORROBORATED:+743	CORROBORATED	items_v2/admit.jsonl
admit-V2-D-install-0003	admit	admit	ACCEPT_INSTALL:ACCEPT_INSTALL|CONFLICT_WITHHELD:CONFLICT_WITHHELD|CORROBORATED:CORROBORATED|NEGATIVE_EVIDENCE:NEGATIVE_EVIDENCE|PERMANENT_INSTALL:PERMANENT_INSTALL|PROVISIONAL_INSTALL:PROVISIONAL_INSTALL|REVISE_INSTALL:REVISE_INSTALL|SUPPRESSED:SUPPRESSED|WITHHELD:WITHHELD	e1:ACCEPT_INSTALL:+710;e2:ACCEPT_INSTALL:+711;e3:ACCEPT_INSTALL:+743;e4:ACCEPT_INSTALL:+763	ACCEPT_INSTALL	items_v2/admit.jsonl
admit-V2-D-install-0004	admit	admit	ACCEPT_INSTALL:ACCEPT_INSTALL|CONFLICT_WITHHELD:CONFLICT_WITHHELD|CORROBORATED:CORROBORATED|NEGATIVE_EVIDENCE:NEGATIVE_EVIDENCE|PERMANENT_INSTALL:PERMANENT_INSTALL|PROVISIONAL_INSTALL:PROVISIONAL_INSTALL|REVISE_INSTALL:REVISE_INSTALL|SUPPRESSED:SUPPRESSED|WITHHELD:WITHHELD	e1:ACCEPT_INSTALL:+710;e2:ACCEPT_INSTALL:+711;e3:ACCEPT_INSTALL:+743;e4:ACCEPT_INSTALL:+763;e5:ACCEPT_INSTALL:+874	ACCEPT_INSTALL	items_v2/admit.jsonl
admit-V2-D-install-0005	admit	admit	ACCEPT_INSTALL:ACCEPT_INSTALL|CONFLICT_WITHHELD:CONFLICT_WITHHELD|CORROBORATED:CORROBORATED|NEGATIVE_EVIDENCE:NEGATIVE_EVIDENCE|PERMANENT_INSTALL:PERMANENT_INSTALL|PROVISIONAL_INSTALL:PROVISIONAL_INSTALL|REVISE_INSTALL:REVISE_INSTALL|SUPPRESSED:SUPPRESSED|WITHHELD:WITHHELD	e1:ACCEPT_INSTALL:+710;e2:ACCEPT_INSTALL:+711;e3:ACCEPT_INSTALL:+743;e4:ACCEPT_INSTALL:+763;e5:ACCEPT_INSTALL:+874;e6:ACCEPT_INSTALL:+884	ACCEPT_INSTALL	items_v2/admit.jsonl
admit-V2-D-install-0006	admit	admit	ACCEPT_INSTALL:ACCEPT_INSTALL|CONFLICT_WITHHELD:CONFLICT_WITHHELD|CORROBORATED:CORROBORATED|NEGATIVE_EVIDENCE:NEGATIVE_EVIDENCE|PERMANENT_INSTALL:PERMANENT_INSTALL|PROVISIONAL_INSTALL:PROVISIONAL_INSTALL|REVISE_INSTALL:REVISE_INSTALL|SUPPRESSED:SUPPRESSED|WITHHELD:WITHHELD	e1:ACCEPT_INSTALL:+710;e2:ACCEPT_INSTALL:+711;e3:ACCEPT_INSTALL:+743;e4:ACCEPT_INSTALL:+763;e5:ACCEPT_INSTALL:+874;e6:ACCEPT_INSTALL:+884;e7:ACCEPT_INSTALL:+887	ACCEPT_INSTALL	items_v2/admit.jsonl
admit-V2-D-install-0007	admit	admit	ACCEPT_INSTALL:ACCEPT_INSTALL|CONFLICT_WITHHELD:CONFLICT_WITHHELD|CORROBORATED:CORROBORATED|NEGATIVE_EVIDENCE:NEGATIVE_EVIDENCE|PERMANENT_INSTALL:PERMANENT_INSTALL|PROVISIONAL_INSTALL:PROVISIONAL_INSTALL|REVISE_INSTALL:REVISE_INSTALL|SUPPRESSED:SUPPRESSED|WITHHELD:WITHHELD	e1:ACCEPT_INSTALL:+710;e2:ACCEPT_INSTALL:+711;e3:ACCEPT_INSTALL:+743;e4:ACCEPT_INSTALL:+763;e5:ACCEPT_INSTALL:+874;e6:ACCEPT_INSTALL:+884;e7:ACCEPT_INSTALL:+887;e8:ACCEPT_INSTALL:+896	ACCEPT_INSTALL	items_v2/admit.jsonl
admit-V2-D-install-0008	admit	admit	ACCEPT_INSTALL:ACCEPT_INSTALL|CONFLICT_WITHHELD:CONFLICT_WITHHELD|CORROBORATED:CORROBORATED|NEGATIVE_EVIDENCE:NEGATIVE_EVIDENCE|PERMANENT_INSTALL:PERMANENT_INSTALL|PROVISIONAL_INSTALL:PROVISIONAL_INSTALL|REVISE_INSTALL:REVISE_INSTALL|SUPPRESSED:SUPPRESSED|WITHHELD:WITHHELD	e1:ACCEPT_INSTALL:+710;e2:ACCEPT_INSTALL:+711;e3:ACCEPT_INSTALL:+743;e4:ACCEPT_INSTALL:+763;e5:ACCEPT_INSTALL:+874;e6:ACCEPT_INSTALL:+884;e7:ACCEPT_INSTALL:+887;e8:ACCEPT_INSTALL:+896;e9:ACCEPT_INSTALL:+898	ACCEPT_INSTALL	items_v2/admit.jsonl
admit-V2-D-install-0009	admit	admit	ACCEPT_INSTALL:ACCEPT_INSTALL|CONFLICT_WITHHELD:CONFLICT_WITHHELD|CORROBORATED:CORROBORATED|NEGATIVE_EVIDENCE:NEGATIVE_EVIDENCE|PERMANENT_INSTALL:PERMANENT_INSTALL|PROVISIONAL_INSTALL:PROVISIONAL_INSTALL|REVISE_INSTALL:REVISE_INSTALL|SUPPRESSED:SUPPRESSED|WITHHELD:WITHHELD	e1:ACCEPT_INSTALL:+710;e2:ACCEPT_INSTALL:+711;e3:ACCEPT_INSTALL:+743;e4:ACCEPT_INSTALL:+763;e5:ACCEPT_INSTALL:+874;e6:ACCEPT_INSTALL:+884;e7:ACCEPT_INSTALL:+887;e8:ACCEPT_INSTALL:+896;e9:ACCEPT_INSTALL:+898;e10:ACCEPT_INSTALL:+933	ACCEPT_INSTALL	items_v2/admit.jsonl
admit-V2-D-install-0010	admit	admit	ACCEPT_INSTALL:ACCEPT_INSTALL|CONFLICT_WITHHELD:CONFLICT_WITHHELD|CORROBORATED:CORROBORATED|NEGATIVE_EVIDENCE:NEGATIVE_EVIDENCE|PERMANENT_INSTALL:PERMANENT_INSTALL|PROVISIONAL_INSTALL:PROVISIONAL_INSTALL|REVISE_INSTALL:REVISE_INSTALL|SUPPRESSED:SUPPRESSED|WITHHELD:WITHHELD	e1:ACCEPT_INSTALL:+710;e2:ACCEPT_INSTALL:+711;e3:ACCEPT_INSTALL:+743;e4:ACCEPT_INSTALL:+763;e5:ACCEPT_INSTALL:+874;e6:ACCEPT_INSTALL:+884;e7:ACCEPT_INSTALL:+887;e8:ACCEPT_INSTALL:+896;e9:ACCEPT_INSTALL:+898;e10:ACCEPT_INSTALL:+933;e11:ACCEPT_INSTALL:+934	ACCEPT_INSTALL	items_v2/admit.jsonl
admit-V2-D-install-0011	admit	admit	ACCEPT_INSTALL:ACCEPT_INSTALL|CONFLICT_WITHHELD:CONFLICT_WITHHELD|CORROBORATED:CORROBORATED|NEGATIVE_EVIDENCE:NEGATIVE_EVIDENCE|PERMANENT_INSTALL:PERMANENT_INSTALL|PROVISIONAL_INSTALL:PROVISIONAL_INSTALL|REVISE_INSTALL:REVISE_INSTALL|SUPPRESSED:SUPPRESSED|WITHHELD:WITHHELD	e1:ACCEPT_INSTALL:+710;e2:ACCEPT_INSTALL:+711;e3:ACCEPT_INSTALL:+743;e4:ACCEPT_INSTALL:+763;e5:ACCEPT_INSTALL:+874;e6:ACCEPT_INSTALL:+884;e7:ACCEPT_INSTALL:+887;e8:ACCEPT_INSTALL:+896;e9:ACCEPT_INSTALL:+898;e10:ACCEPT_INSTALL:+933;e11:ACCEPT_INSTALL:+934;e12:ACCEPT_INSTALL:+937	ACCEPT_INSTALL	items_v2/admit.jsonl
admit-V2-D-install-0012	admit	admit	ACCEPT_INSTALL:ACCEPT_INSTALL|CONFLICT_WITHHELD:CONFLICT_WITHHELD|CORROBORATED:CORROBORATED|NEGATIVE_EVIDENCE:NEGATIVE_EVIDENCE|PERMANENT_INSTALL:PERMANENT_INSTALL|PROVISIONAL_INSTALL:PROVISIONAL_INSTALL|REVISE_INSTALL:REVISE_INSTALL|SUPPRESSED:SUPPRESSED|WITHHELD:WITHHELD	e1:ACCEPT_INSTALL:+710;e2:ACCEPT_INSTALL:+711;e3:ACCEPT_INSTALL:+743;e4:ACCEPT_INSTALL:+763;e5:ACCEPT_INSTALL:+874;e6:ACCEPT_INSTALL:+884;e7:ACCEPT_INSTALL:+887;e8:ACCEPT_INSTALL:+896;e9:ACCEPT_INSTALL:+898;e10:ACCEPT_INSTALL:+933;e11:ACCEPT_INSTALL:+934;e12:ACCEPT_INSTALL:+937;e13:ACCEPT_INSTALL:+942	ACCEPT_INSTALL	items_v2/admit.jsonl
admit-V2-D-install-0013	admit	admit	ACCEPT_INSTALL:ACCEPT_INSTALL|CONFLICT_WITHHELD:CONFLICT_WITHHELD|CORROBORATED:CORROBORATED|NEGATIVE_EVIDENCE:NEGATIVE_EVIDENCE|PERMANENT_INSTALL:PERMANENT_INSTALL|PROVISIONAL_INSTALL:PROVISIONAL_INSTALL|REVISE_INSTALL:REVISE_INSTALL|SUPPRESSED:SUPPRESSED|WITHHELD:WITHHELD	e1:ACCEPT_INSTALL:+710;e2:ACCEPT_INSTALL:+711;e3:ACCEPT_INSTALL:+743;e4:ACCEPT_INSTALL:+763;e5:ACCEPT_INSTALL:+874;e6:ACCEPT_INSTALL:+884;e7:ACCEPT_INSTALL:+887;e8:ACCEPT_INSTALL:+896;e9:ACCEPT_INSTALL:+898;e10:ACCEPT_INSTALL:+933;e11:ACCEPT_INSTALL:+934;e12:ACCEPT_INSTALL:+937;e13:ACCEPT_INSTALL:+942;e14:ACCEPT_INSTALL:+949	ACCEPT_INSTALL	items_v2/admit.jsonl
admit-V2-D-install-0014	admit	admit	ACCEPT_INSTALL:ACCEPT_INSTALL|CONFLICT_WITHHELD:CONFLICT_WITHHELD|CORROBORATED:CORROBORATED|NEGATIVE_EVIDENCE:NEGATIVE_EVIDENCE|PERMANENT_INSTALL:PERMANENT_INSTALL|PROVISIONAL_INSTALL:PROVISIONAL_INSTALL|REVISE_INSTALL:REVISE_INSTALL|SUPPRESSED:SUPPRESSED|WITHHELD:WITHHELD	e1:ACCEPT_INSTALL:+710;e2:ACCEPT_INSTALL:+711;e3:ACCEPT_INSTALL:+743;e4:ACCEPT_INSTALL:+763;e5:ACCEPT_INSTALL:+874;e6:ACCEPT_INSTALL:+884;e7:ACCEPT_INSTALL:+887;e8:ACCEPT_INSTALL:+896;e9:ACCEPT_INSTALL:+898;e10:ACCEPT_INSTALL:+933;e11:ACCEPT_INSTALL:+934;e12:ACCEPT_INSTALL:+937;e13:ACCEPT_INSTALL:+942;e14:ACCEPT_INSTALL:+949;e15:ACCEPT_INSTALL:+951	ACCEPT_INSTALL	items_v2/admit.jsonl
admit-V2-D-install-0015	admit	admit	ACCEPT_INSTALL:ACCEPT_INSTALL|CONFLICT_WITHHELD:CONFLICT_WITHHELD|CORROBORATED:CORROBORATED|NEGATIVE_EVIDENCE:NEGATIVE_EVIDENCE|PERMANENT_INSTALL:PERMANENT_INSTALL|PROVISIONAL_INSTALL:PROVISIONAL_INSTALL|REVISE_INSTALL:REVISE_INSTALL|SUPPRESSED:SUPPRESSED|WITHHELD:WITHHELD	e1:ACCEPT_INSTALL:+710;e2:ACCEPT_INSTALL:+711;e3:ACCEPT_INSTALL:+743;e4:ACCEPT_INSTALL:+763;e5:ACCEPT_INSTALL:+874;e6:ACCEPT_INSTALL:+884;e7:ACCEPT_INSTALL:+887;e8:ACCEPT_INSTALL:+896;e9:ACCEPT_INSTALL:+898;e10:ACCEPT_INSTALL:+933;e11:ACCEPT_INSTALL:+934;e12:ACCEPT_INSTALL:+937;e13:ACCEPT_INSTALL:+942;e14:ACCEPT_INSTALL:+949;e15:ACCEPT_INSTALL:+951;e16:ACCEPT_INSTALL:+955	ACCEPT_INSTALL	items_v2/admit.jsonl
admit-V2-D-install-0016	admit	admit	ACCEPT_INSTALL:ACCEPT_INSTALL|CONFLICT_WITHHELD:CONFLICT_WITHHELD|CORROBORATED:CORROBORATED|NEGATIVE_EVIDENCE:NEGATIVE_EVIDENCE|PERMANENT_INSTALL:PERMANENT_INSTALL|PROVISIONAL_INSTALL:PROVISIONAL_INSTALL|REVISE_INSTALL:REVISE_INSTALL|SUPPRESSED:SUPPRESSED|WITHHELD:WITHHELD	e1:ACCEPT_INSTALL:+931	ACCEPT_INSTALL	items_v2/admit.jsonl
admit-V2-D-install-0017	admit	admit	ACCEPT_INSTALL:ACCEPT_INSTALL|CONFLICT_WITHHELD:CONFLICT_WITHHELD|CORROBORATED:CORROBORATED|NEGATIVE_EVIDENCE:NEGATIVE_EVIDENCE|PERMANENT_INSTALL:PERMANENT_INSTALL|PROVISIONAL_INSTALL:PROVISIONAL_INSTALL|REVISE_INSTALL:REVISE_INSTALL|SUPPRESSED:SUPPRESSED|WITHHELD:WITHHELD	e1:ACCEPT_INSTALL:+931;e2:ACCEPT_INSTALL:+946	ACCEPT_INSTALL	items_v2/admit.jsonl
admit-V2-D-install-0018	admit	admit	ACCEPT_INSTALL:ACCEPT_INSTALL|CONFLICT_WITHHELD:CONFLICT_WITHHELD|CORROBORATED:CORROBORATED|NEGATIVE_EVIDENCE:NEGATIVE_EVIDENCE|PERMANENT_INSTALL:PERMANENT_INSTALL|PROVISIONAL_INSTALL:PROVISIONAL_INSTALL|REVISE_INSTALL:REVISE_INSTALL|SUPPRESSED:SUPPRESSED|WITHHELD:WITHHELD	e1:ACCEPT_INSTALL:+931;e2:ACCEPT_INSTALL:+946;e3:ACCEPT_INSTALL:+948	ACCEPT_INSTALL	items_v2/admit.jsonl
admit-V2-D-install-0019	admit	admit	ACCEPT_INSTALL:ACCEPT_INSTALL|CONFLICT_WITHHELD:CONFLICT_WITHHELD|CORROBORATED:CORROBORATED|NEGATIVE_EVIDENCE:NEGATIVE_EVIDENCE|PERMANENT_INSTALL:PERMANENT_INSTALL|PROVISIONAL_INSTALL:PROVISIONAL_INSTALL|REVISE_INSTALL:REVISE_INSTALL|SUPPRESSED:SUPPRESSED|WITHHELD:WITHHELD	e1:CONFLICT_WITHHELD:+931;e2:CONFLICT_WITHHELD:+946;e3:CONFLICT_WITHHELD:+948;e4:CONFLICT_WITHHELD:+754	CONFLICT_WITHHELD	items_v2/admit.jsonl
admit-V2-D-install-0020	admit	admit	ACCEPT_INSTALL:ACCEPT_INSTALL|CONFLICT_WITHHELD:CONFLICT_WITHHELD|CORROBORATED:CORROBORATED|NEGATIVE_EVIDENCE:NEGATIVE_EVIDENCE|PERMANENT_INSTALL:PERMANENT_INSTALL|PROVISIONAL_INSTALL:PROVISIONAL_INSTALL|REVISE_INSTALL:REVISE_INSTALL|SUPPRESSED:SUPPRESSED|WITHHELD:WITHHELD	e1:ACCEPT_INSTALL:+931;e2:ACCEPT_INSTALL:+946;e3:ACCEPT_INSTALL:+948;e4:ACCEPT_INSTALL:+754;e5:ACCEPT_INSTALL:+777	ACCEPT_INSTALL	items_v2/admit.jsonl
admit-V2-D-install-0021	admit	admit	ACCEPT_INSTALL:ACCEPT_INSTALL|CONFLICT_WITHHELD:CONFLICT_WITHHELD|CORROBORATED:CORROBORATED|NEGATIVE_EVIDENCE:NEGATIVE_EVIDENCE|PERMANENT_INSTALL:PERMANENT_INSTALL|PROVISIONAL_INSTALL:PROVISIONAL_INSTALL|REVISE_INSTALL:REVISE_INSTALL|SUPPRESSED:SUPPRESSED|WITHHELD:WITHHELD	e1:ACCEPT_INSTALL:+931;e2:ACCEPT_INSTALL:+946;e3:ACCEPT_INSTALL:+948;e4:ACCEPT_INSTALL:+754;e5:ACCEPT_INSTALL:+777;e6:ACCEPT_INSTALL:+862	ACCEPT_INSTALL	items_v2/admit.jsonl
admit-V2-D-install-0022	admit	admit	ACCEPT_INSTALL:ACCEPT_INSTALL|CONFLICT_WITHHELD:CONFLICT_WITHHELD|CORROBORATED:CORROBORATED|NEGATIVE_EVIDENCE:NEGATIVE_EVIDENCE|PERMANENT_INSTALL:PERMANENT_INSTALL|PROVISIONAL_INSTALL:PROVISIONAL_INSTALL|REVISE_INSTALL:REVISE_INSTALL|SUPPRESSED:SUPPRESSED|WITHHELD:WITHHELD	e1:CORROBORATED:+931;e2:CORROBORATED:+946;e3:CORROBORATED:+948;e4:CORROBORATED:+754;e5:CORROBORATED:+777;e6:CORROBORATED:+862;e7:CORROBORATED:+901	CORROBORATED	items_v2/admit.jsonl
admit-V2-D-install-0023	admit	admit	ACCEPT_INSTALL:ACCEPT_INSTALL|CONFLICT_WITHHELD:CONFLICT_WITHHELD|CORROBORATED:CORROBORATED|NEGATIVE_EVIDENCE:NEGATIVE_EVIDENCE|PERMANENT_INSTALL:PERMANENT_INSTALL|PROVISIONAL_INSTALL:PROVISIONAL_INSTALL|REVISE_INSTALL:REVISE_INSTALL|SUPPRESSED:SUPPRESSED|WITHHELD:WITHHELD	e1:ACCEPT_INSTALL:+931;e2:ACCEPT_INSTALL:+946;e3:ACCEPT_INSTALL:+948;e4:ACCEPT_INSTALL:+754;e5:ACCEPT_INSTALL:+777;e6:ACCEPT_INSTALL:+862;e7:ACCEPT_INSTALL:+901;e8:ACCEPT_INSTALL:+917	ACCEPT_INSTALL	items_v2/admit.jsonl
admit-V2-D-install-0024	admit	admit	ACCEPT_INSTALL:ACCEPT_INSTALL|CONFLICT_WITHHELD:CONFLICT_WITHHELD|CORROBORATED:CORROBORATED|NEGATIVE_EVIDENCE:NEGATIVE_EVIDENCE|PERMANENT_INSTALL:PERMANENT_INSTALL|PROVISIONAL_INSTALL:PROVISIONAL_INSTALL|REVISE_INSTALL:REVISE_INSTALL|SUPPRESSED:SUPPRESSED|WITHHELD:WITHHELD	e1:ACCEPT_INSTALL:+764	ACCEPT_INSTALL	items_v2/admit.jsonl
admit-V2-D-install-0025	admit	admit	ACCEPT_INSTALL:ACCEPT_INSTALL|CONFLICT_WITHHELD:CONFLICT_WITHHELD|CORROBORATED:CORROBORATED|NEGATIVE_EVIDENCE:NEGATIVE_EVIDENCE|PERMANENT_INSTALL:PERMANENT_INSTALL|PROVISIONAL_INSTALL:PROVISIONAL_INSTALL|REVISE_INSTALL:REVISE_INSTALL|SUPPRESSED:SUPPRESSED|WITHHELD:WITHHELD	e1:ACCEPT_INSTALL:+764;e2:ACCEPT_INSTALL:+774	ACCEPT_INSTALL	items_v2/admit.jsonl
admit-V2-D-install-0026	admit	admit	ACCEPT_INSTALL:ACCEPT_INSTALL|CONFLICT_WITHHELD:CONFLICT_WITHHELD|CORROBORATED:CORROBORATED|NEGATIVE_EVIDENCE:NEGATIVE_EVIDENCE|PERMANENT_INSTALL:PERMANENT_INSTALL|PROVISIONAL_INSTALL:PROVISIONAL_INSTALL|REVISE_INSTALL:REVISE_INSTALL|SUPPRESSED:SUPPRESSED|WITHHELD:WITHHELD	e1:ACCEPT_INSTALL:+764;e2:ACCEPT_INSTALL:+774;e3:ACCEPT_INSTALL:+788	ACCEPT_INSTALL	items_v2/admit.jsonl
admit-V2-D-install-0027	admit	admit	ACCEPT_INSTALL:ACCEPT_INSTALL|CONFLICT_WITHHELD:CONFLICT_WITHHELD|CORROBORATED:CORROBORATED|NEGATIVE_EVIDENCE:NEGATIVE_EVIDENCE|PERMANENT_INSTALL:PERMANENT_INSTALL|PROVISIONAL_INSTALL:PROVISIONAL_INSTALL|REVISE_INSTALL:REVISE_INSTALL|SUPPRESSED:SUPPRESSED|WITHHELD:WITHHELD	e1:CORROBORATED:+764;e2:CORROBORATED:+774;e3:CORROBORATED:+788;e4:CORROBORATED:+798	CORROBORATED	items_v2/admit.jsonl
admit-V2-D-install-0028	admit	admit	ACCEPT_INSTALL:ACCEPT_INSTALL|CONFLICT_WITHHELD:CONFLICT_WITHHELD|CORROBORATED:CORROBORATED|NEGATIVE_EVIDENCE:NEGATIVE_EVIDENCE|PERMANENT_INSTALL:PERMANENT_INSTALL|PROVISIONAL_INSTALL:PROVISIONAL_INSTALL|REVISE_INSTALL:REVISE_INSTALL|SUPPRESSED:SUPPRESSED|WITHHELD:WITHHELD	e1:CORROBORATED:+764;e2:CORROBORATED:+774;e3:CORROBORATED:+788;e4:CORROBORATED:+798;e5:CORROBORATED:+798	CORROBORATED	items_v2/admit.jsonl
admit-V2-D-install-0029	admit	admit	ACCEPT_INSTALL:ACCEPT_INSTALL|CONFLICT_WITHHELD:CONFLICT_WITHHELD|CORROBORATED:CORROBORATED|NEGATIVE_EVIDENCE:NEGATIVE_EVIDENCE|PERMANENT_INSTALL:PERMANENT_INSTALL|PROVISIONAL_INSTALL:PROVISIONAL_INSTALL|REVISE_INSTALL:REVISE_INSTALL|SUPPRESSED:SUPPRESSED|WITHHELD:WITHHELD	e1:ACCEPT_INSTALL:+764;e2:ACCEPT_INSTALL:+774;e3:ACCEPT_INSTALL:+788;e4:ACCEPT_INSTALL:+798;e5:ACCEPT_INSTALL:+798;e6:ACCEPT_INSTALL:+799	ACCEPT_INSTALL	items_v2/admit.jsonl
admit-V2-D-install-0030	admit	admit	ACCEPT_INSTALL:ACCEPT_INSTALL|CONFLICT_WITHHELD:CONFLICT_WITHHELD|CORROBORATED:CORROBORATED|NEGATIVE_EVIDENCE:NEGATIVE_EVIDENCE|PERMANENT_INSTALL:PERMANENT_INSTALL|PROVISIONAL_INSTALL:PROVISIONAL_INSTALL|REVISE_INSTALL:REVISE_INSTALL|SUPPRESSED:SUPPRESSED|WITHHELD:WITHHELD	e1:CORROBORATED:+764;e2:CORROBORATED:+774;e3:CORROBORATED:+788;e4:CORROBORATED:+798;e5:CORROBORATED:+798;e6:CORROBORATED:+799;e7:CORROBORATED:+800	CORROBORATED	items_v2/admit.jsonl
admit-V2-D-install-0031	admit	admit	ACCEPT_INSTALL:ACCEPT_INSTALL|CONFLICT_WITHHELD:CONFLICT_WITHHELD|CORROBORATED:CORROBORATED|NEGATIVE_EVIDENCE:NEGATIVE_EVIDENCE|PERMANENT_INSTALL:PERMANENT_INSTALL|PROVISIONAL_INSTALL:PROVISIONAL_INSTALL|REVISE_INSTALL:REVISE_INSTALL|SUPPRESSED:SUPPRESSED|WITHHELD:WITHHELD	e1:ACCEPT_INSTALL:+764;e2:ACCEPT_INSTALL:+774;e3:ACCEPT_INSTALL:+788;e4:ACCEPT_INSTALL:+798;e5:ACCEPT_INSTALL:+798;e6:ACCEPT_INSTALL:+799;e7:ACCEPT_INSTALL:+800;e8:ACCEPT_INSTALL:+806	ACCEPT_INSTALL	items_v2/admit.jsonl
admit-V2-D-install-0032	admit	admit	ACCEPT_INSTALL:ACCEPT_INSTALL|CONFLICT_WITHHELD:CONFLICT_WITHHELD|CORROBORATED:CORROBORATED|NEGATIVE_EVIDENCE:NEGATIVE_EVIDENCE|PERMANENT_INSTALL:PERMANENT_INSTALL|PROVISIONAL_INSTALL:PROVISIONAL_INSTALL|REVISE_INSTALL:REVISE_INSTALL|SUPPRESSED:SUPPRESSED|WITHHELD:WITHHELD	e1:ACCEPT_INSTALL:+764;e2:ACCEPT_INSTALL:+774;e3:ACCEPT_INSTALL:+788;e4:ACCEPT_INSTALL:+798;e5:ACCEPT_INSTALL:+798;e6:ACCEPT_INSTALL:+799;e7:ACCEPT_INSTALL:+800;e8:ACCEPT_INSTALL:+806;e9:ACCEPT_INSTALL:+832	ACCEPT_INSTALL	items_v2/admit.jsonl
admit-V2-D-install-0033	admit	admit	ACCEPT_INSTALL:ACCEPT_INSTALL|CONFLICT_WITHHELD:CONFLICT_WITHHELD|CORROBORATED:CORROBORATED|NEGATIVE_EVIDENCE:NEGATIVE_EVIDENCE|PERMANENT_INSTALL:PERMANENT_INSTALL|PROVISIONAL_INSTALL:PROVISIONAL_INSTALL|REVISE_INSTALL:REVISE_INSTALL|SUPPRESSED:SUPPRESSED|WITHHELD:WITHHELD	e1:CORROBORATED:+764;e2:CORROBORATED:+774;e3:CORROBORATED:+788;e4:CORROBORATED:+798;e5:CORROBORATED:+798;e6:CORROBORATED:+799;e7:CORROBORATED:+800;e8:CORROBORATED:+806;e9:CORROBORATED:+832;e10:CORROBORATED:+830	CORROBORATED	items_v2/admit.jsonl
admit-V2-D-install-0034	admit	admit	ACCEPT_INSTALL:ACCEPT_INSTALL|CONFLICT_WITHHELD:CONFLICT_WITHHELD|CORROBORATED:CORROBORATED|NEGATIVE_EVIDENCE:NEGATIVE_EVIDENCE|PERMANENT_INSTALL:PERMANENT_INSTALL|PROVISIONAL_INSTALL:PROVISIONAL_INSTALL|REVISE_INSTALL:REVISE_INSTALL|SUPPRESSED:SUPPRESSED|WITHHELD:WITHHELD	e1:ACCEPT_INSTALL:+764;e2:ACCEPT_INSTALL:+774;e3:ACCEPT_INSTALL:+788;e4:ACCEPT_INSTALL:+798;e5:ACCEPT_INSTALL:+798;e6:ACCEPT_INSTALL:+799;e7:ACCEPT_INSTALL:+800;e8:ACCEPT_INSTALL:+806;e9:ACCEPT_INSTALL:+832;e10:ACCEPT_INSTALL:+830;e11:ACCEPT_INSTALL:+819	ACCEPT_INSTALL	items_v2/admit.jsonl
admit-V2-D-install-0035	admit	admit	ACCEPT_INSTALL:ACCEPT_INSTALL|CONFLICT_WITHHELD:CONFLICT_WITHHELD|CORROBORATED:CORROBORATED|NEGATIVE_EVIDENCE:NEGATIVE_EVIDENCE|PERMANENT_INSTALL:PERMANENT_INSTALL|PROVISIONAL_INSTALL:PROVISIONAL_INSTALL|REVISE_INSTALL:REVISE_INSTALL|SUPPRESSED:SUPPRESSED|WITHHELD:WITHHELD	e1:ACCEPT_INSTALL:+764;e2:ACCEPT_INSTALL:+774;e3:ACCEPT_INSTALL:+788;e4:ACCEPT_INSTALL:+798;e5:ACCEPT_INSTALL:+798;e6:ACCEPT_INSTALL:+799;e7:ACCEPT_INSTALL:+800;e8:ACCEPT_INSTALL:+806;e9:ACCEPT_INSTALL:+832;e10:ACCEPT_INSTALL:+830;e11:ACCEPT_INSTALL:+819;e12:ACCEPT_INSTALL:+806	ACCEPT_INSTALL	items_v2/admit.jsonl
admit-V2-D-install-0036	admit	admit	ACCEPT_INSTALL:ACCEPT_INSTALL|CONFLICT_WITHHELD:CONFLICT_WITHHELD|CORROBORATED:CORROBORATED|NEGATIVE_EVIDENCE:NEGATIVE_EVIDENCE|PERMANENT_INSTALL:PERMANENT_INSTALL|PROVISIONAL_INSTALL:PROVISIONAL_INSTALL|REVISE_INSTALL:REVISE_INSTALL|SUPPRESSED:SUPPRESSED|WITHHELD:WITHHELD	e1:CONFLICT_WITHHELD:+764;e2:CONFLICT_WITHHELD:+774;e3:CONFLICT_WITHHELD:+788;e4:CONFLICT_WITHHELD:+798;e5:CONFLICT_WITHHELD:+798;e6:CONFLICT_WITHHELD:+799;e7:CONFLICT_WITHHELD:+800;e8:CONFLICT_WITHHELD:+806;e9:CONFLICT_WITHHELD:+832;e10:CONFLICT_WITHHELD:+830;e11:CONFLICT_WITHHELD:+819;e12:CONFLICT_WITHHELD:+806;e13:CONFLICT_WITHHELD:+869	CONFLICT_WITHHELD	items_v2/admit.jsonl
admit-V2-D-install-0037	admit	admit	ACCEPT_INSTALL:ACCEPT_INSTALL|CONFLICT_WITHHELD:CONFLICT_WITHHELD|CORROBORATED:CORROBORATED|NEGATIVE_EVIDENCE:NEGATIVE_EVIDENCE|PERMANENT_INSTALL:PERMANENT_INSTALL|PROVISIONAL_INSTALL:PROVISIONAL_INSTALL|REVISE_INSTALL:REVISE_INSTALL|SUPPRESSED:SUPPRESSED|WITHHELD:WITHHELD	e1:ACCEPT_INSTALL:+764;e2:ACCEPT_INSTALL:+774;e3:ACCEPT_INSTALL:+788;e4:ACCEPT_INSTALL:+798;e5:ACCEPT_INSTALL:+798;e6:ACCEPT_INSTALL:+799;e7:ACCEPT_INSTALL:+800;e8:ACCEPT_INSTALL:+806;e9:ACCEPT_INSTALL:+832;e10:ACCEPT_INSTALL:+830;e11:ACCEPT_INSTALL:+819;e12:ACCEPT_INSTALL:+806;e13:ACCEPT_INSTALL:+869;e14:ACCEPT_INSTALL:+930	ACCEPT_INSTALL	items_v2/admit.jsonl
admit-V2-D-install-0038	admit	admit	ACCEPT_INSTALL:ACCEPT_INSTALL|CONFLICT_WITHHELD:CONFLICT_WITHHELD|CORROBORATED:CORROBORATED|NEGATIVE_EVIDENCE:NEGATIVE_EVIDENCE|PERMANENT_INSTALL:PERMANENT_INSTALL|PROVISIONAL_INSTALL:PROVISIONAL_INSTALL|REVISE_INSTALL:REVISE_INSTALL|SUPPRESSED:SUPPRESSED|WITHHELD:WITHHELD	e1:CORROBORATED:+764;e2:CORROBORATED:+774;e3:CORROBORATED:+788;e4:CORROBORATED:+798;e5:CORROBORATED:+798;e6:CORROBORATED:+799;e7:CORROBORATED:+800;e8:CORROBORATED:+806;e9:CORROBORATED:+832;e10:CORROBORATED:+830;e11:CORROBORATED:+819;e12:CORROBORATED:+806;e13:CORROBORATED:+869;e14:CORROBORATED:+930;e15:CORROBORATED:+930	CORROBORATED	items_v2/admit.jsonl
admit-V2-D-install-0039	admit	admit	ACCEPT_INSTALL:ACCEPT_INSTALL|CONFLICT_WITHHELD:CONFLICT_WITHHELD|CORROBORATED:CORROBORATED|NEGATIVE_EVIDENCE:NEGATIVE_EVIDENCE|PERMANENT_INSTALL:PERMANENT_INSTALL|PROVISIONAL_INSTALL:PROVISIONAL_INSTALL|REVISE_INSTALL:REVISE_INSTALL|SUPPRESSED:SUPPRESSED|WITHHELD:WITHHELD	e1:ACCEPT_INSTALL:+764;e2:ACCEPT_INSTALL:+774;e3:ACCEPT_INSTALL:+788;e4:ACCEPT_INSTALL:+798;e5:ACCEPT_INSTALL:+798;e6:ACCEPT_INSTALL:+799;e7:ACCEPT_INSTALL:+800;e8:ACCEPT_INSTALL:+806;e9:ACCEPT_INSTALL:+832;e10:ACCEPT_INSTALL:+830;e11:ACCEPT_INSTALL:+819;e12:ACCEPT_INSTALL:+806;e13:ACCEPT_INSTALL:+869;e14:ACCEPT_INSTALL:+930;e15:ACCEPT_INSTALL:+930;e16:ACCEPT_INSTALL:+930	ACCEPT_INSTALL	items_v2/admit.jsonl
admit-V2-D-install-0040	admit	admit	ACCEPT_INSTALL:ACCEPT_INSTALL|CONFLICT_WITHHELD:CONFLICT_WITHHELD|CORROBORATED:CORROBORATED|NEGATIVE_EVIDENCE:NEGATIVE_EVIDENCE|PERMANENT_INSTALL:PERMANENT_INSTALL|PROVISIONAL_INSTALL:PROVISIONAL_INSTALL|REVISE_INSTALL:REVISE_INSTALL|SUPPRESSED:SUPPRESSED|WITHHELD:WITHHELD	e1:ACCEPT_INSTALL:+764;e2:ACCEPT_INSTALL:+774;e3:ACCEPT_INSTALL:+788;e4:ACCEPT_INSTALL:+798;e5:ACCEPT_INSTALL:+798;e6:ACCEPT_INSTALL:+799;e7:ACCEPT_INSTALL:+800;e8:ACCEPT_INSTALL:+806;e9:ACCEPT_INSTALL:+832;e10:ACCEPT_INSTALL:+830;e11:ACCEPT_INSTALL:+819;e12:ACCEPT_INSTALL:+806;e13:ACCEPT_INSTALL:+869;e14:ACCEPT_INSTALL:+930;e15:ACCEPT_INSTALL:+930;e16:ACCEPT_INSTALL:+930;e17:ACCEPT_INSTALL:+930	ACCEPT_INSTALL	items_v2/admit.jsonl
admit-V2-D-install-0041	admit	admit	ACCEPT_INSTALL:ACCEPT_INSTALL|CONFLICT_WITHHELD:CONFLICT_WITHHELD|CORROBORATED:CORROBORATED|NEGATIVE_EVIDENCE:NEGATIVE_EVIDENCE|PERMANENT_INSTALL:PERMANENT_INSTALL|PROVISIONAL_INSTALL:PROVISIONAL_INSTALL|REVISE_INSTALL:REVISE_INSTALL|SUPPRESSED:SUPPRESSED|WITHHELD:WITHHELD	e1:CORROBORATED:+764;e2:CORROBORATED:+774;e3:CORROBORATED:+788;e4:CORROBORATED:+798;e5:CORROBORATED:+798;e6:CORROBORATED:+799;e7:CORROBORATED:+800;e8:CORROBORATED:+806;e9:CORROBORATED:+832;e10:CORROBORATED:+830;e11:CORROBORATED:+819;e12:CORROBORATED:+806;e13:CORROBORATED:+869;e14:CORROBORATED:+930;e15:CORROBORATED:+930;e16:CORROBORATED:+930;e17:CORROBORATED:+930;e18:CORROBORATED:+930	CORROBORATED	items_v2/admit.jsonl
admit-V2-D-install-0042	admit	admit	ACCEPT_INSTALL:ACCEPT_INSTALL|CONFLICT_WITHHELD:CONFLICT_WITHHELD|CORROBORATED:CORROBORATED|NEGATIVE_EVIDENCE:NEGATIVE_EVIDENCE|PERMANENT_INSTALL:PERMANENT_INSTALL|PROVISIONAL_INSTALL:PROVISIONAL_INSTALL|REVISE_INSTALL:REVISE_INSTALL|SUPPRESSED:SUPPRESSED|WITHHELD:WITHHELD	e1:ACCEPT_INSTALL:+764;e2:ACCEPT_INSTALL:+774;e3:ACCEPT_INSTALL:+788;e4:ACCEPT_INSTALL:+798;e5:ACCEPT_INSTALL:+798;e6:ACCEPT_INSTALL:+799;e7:ACCEPT_INSTALL:+800;e8:ACCEPT_INSTALL:+806;e9:ACCEPT_INSTALL:+832;e10:ACCEPT_INSTALL:+830;e11:ACCEPT_INSTALL:+819;e12:ACCEPT_INSTALL:+806;e13:ACCEPT_INSTALL:+869;e14:ACCEPT_INSTALL:+930;e15:ACCEPT_INSTALL:+930;e16:ACCEPT_INSTALL:+930;e17:ACCEPT_INSTALL:+930;e18:ACCEPT_INSTALL:+930;e19:ACCEPT_INSTALL:+930	ACCEPT_INSTALL	items_v2/admit.jsonl
admit-V2-D-install-0043	admit	admit	ACCEPT_INSTALL:ACCEPT_INSTALL|CONFLICT_WITHHELD:CONFLICT_WITHHELD|CORROBORATED:CORROBORATED|NEGATIVE_EVIDENCE:NEGATIVE_EVIDENCE|PERMANENT_INSTALL:PERMANENT_INSTALL|PROVISIONAL_INSTALL:PROVISIONAL_INSTALL|REVISE_INSTALL:REVISE_INSTALL|SUPPRESSED:SUPPRESSED|WITHHELD:WITHHELD	e1:ACCEPT_INSTALL:+764;e2:ACCEPT_INSTALL:+774;e3:ACCEPT_INSTALL:+788;e4:ACCEPT_INSTALL:+798;e5:ACCEPT_INSTALL:+798;e6:ACCEPT_INSTALL:+799;e7:ACCEPT_INSTALL:+800;e8:ACCEPT_INSTALL:+806;e9:ACCEPT_INSTALL:+832;e10:ACCEPT_INSTALL:+830;e11:ACCEPT_INSTALL:+819;e12:ACCEPT_INSTALL:+806;e13:ACCEPT_INSTALL:+869;e14:ACCEPT_INSTALL:+930;e15:ACCEPT_INSTALL:+930;e16:ACCEPT_INSTALL:+930;e17:ACCEPT_INSTALL:+930;e18:ACCEPT_INSTALL:+930;e19:ACCEPT_INSTALL:+930;e20:ACCEPT_INSTALL:+952	ACCEPT_INSTALL	items_v2/admit.jsonl
admit-V2-D-withhold-0000	admit	admit	ACCEPT_INSTALL:ACCEPT_INSTALL|CONFLICT_WITHHELD:CONFLICT_WITHHELD|CORROBORATED:CORROBORATED|NEGATIVE_EVIDENCE:NEGATIVE_EVIDENCE|PERMANENT_INSTALL:PERMANENT_INSTALL|PROVISIONAL_INSTALL:PROVISIONAL_INSTALL|REVISE_INSTALL:REVISE_INSTALL|SUPPRESSED:SUPPRESSED|WITHHELD:WITHHELD	e1:ACCEPT_INSTALL:+931	ACCEPT_INSTALL	items_v2/admit.jsonl
admit-V2-D-withhold-0001	admit	admit	ACCEPT_INSTALL:ACCEPT_INSTALL|CONFLICT_WITHHELD:CONFLICT_WITHHELD|CORROBORATED:CORROBORATED|NEGATIVE_EVIDENCE:NEGATIVE_EVIDENCE|PERMANENT_INSTALL:PERMANENT_INSTALL|PROVISIONAL_INSTALL:PROVISIONAL_INSTALL|REVISE_INSTALL:REVISE_INSTALL|SUPPRESSED:SUPPRESSED|WITHHELD:WITHHELD	e1:WITHHELD:+931;e2:WITHHELD:+150	WITHHELD	items_v2/admit.jsonl
admit-V2-D-withhold-0002	admit	admit	ACCEPT_INSTALL:ACCEPT_INSTALL|CONFLICT_WITHHELD:CONFLICT_WITHHELD|CORROBORATED:CORROBORATED|NEGATIVE_EVIDENCE:NEGATIVE_EVIDENCE|PERMANENT_INSTALL:PERMANENT_INSTALL|PROVISIONAL_INSTALL:PROVISIONAL_INSTALL|REVISE_INSTALL:REVISE_INSTALL|SUPPRESSED:SUPPRESSED|WITHHELD:WITHHELD	e1:WITHHELD:+931;e2:WITHHELD:+150;e3:WITHHELD:+624	WITHHELD	items_v2/admit.jsonl
admit-V2-D-withhold-0003	admit	admit	ACCEPT_INSTALL:ACCEPT_INSTALL|CONFLICT_WITHHELD:CONFLICT_WITHHELD|CORROBORATED:CORROBORATED|NEGATIVE_EVIDENCE:NEGATIVE_EVIDENCE|PERMANENT_INSTALL:PERMANENT_INSTALL|PROVISIONAL_INSTALL:PROVISIONAL_INSTALL|REVISE_INSTALL:REVISE_INSTALL|SUPPRESSED:SUPPRESSED|WITHHELD:WITHHELD	e1:WITHHELD:+931;e2:WITHHELD:+150;e3:WITHHELD:+624;e4:WITHHELD:+754	WITHHELD	items_v2/admit.jsonl
admit-V2-D-withhold-0004	admit	admit	ACCEPT_INSTALL:ACCEPT_INSTALL|CONFLICT_WITHHELD:CONFLICT_WITHHELD|CORROBORATED:CORROBORATED|NEGATIVE_EVIDENCE:NEGATIVE_EVIDENCE|PERMANENT_INSTALL:PERMANENT_INSTALL|PROVISIONAL_INSTALL:PROVISIONAL_INSTALL|REVISE_INSTALL:REVISE_INSTALL|SUPPRESSED:SUPPRESSED|WITHHELD:WITHHELD	e1:WITHHELD:+931;e2:WITHHELD:+150;e3:WITHHELD:+624;e4:WITHHELD:+754;e5:WITHHELD:+942	WITHHELD	items_v2/admit.jsonl
admit-V2-D-withhold-0012	admit	admit	ACCEPT_INSTALL:ACCEPT_INSTALL|CONFLICT_WITHHELD:CONFLICT_WITHHELD|CORROBORATED:CORROBORATED|NEGATIVE_EVIDENCE:NEGATIVE_EVIDENCE|PERMANENT_INSTALL:PERMANENT_INSTALL|PROVISIONAL_INSTALL:PROVISIONAL_INSTALL|REVISE_INSTALL:REVISE_INSTALL|SUPPRESSED:SUPPRESSED|WITHHELD:WITHHELD	e1:ACCEPT_INSTALL:+931;e2:ACCEPT_INSTALL:+150;e3:ACCEPT_INSTALL:+624;e4:ACCEPT_INSTALL:+754;e5:ACCEPT_INSTALL:+942;e6:ACCEPT_INSTALL:+786;e7:ACCEPT_INSTALL:+657;e8:ACCEPT_INSTALL:+921;e9:ACCEPT_INSTALL:+795;e10:ACCEPT_INSTALL:+878;e11:ACCEPT_INSTALL:+810;e12:ACCEPT_INSTALL:+157;e13:ACCEPT_INSTALL:+913	ACCEPT_INSTALL	items_v2/admit.jsonl
admit-V2-D-withhold-0013	admit	admit	ACCEPT_INSTALL:ACCEPT_INSTALL|CONFLICT_WITHHELD:CONFLICT_WITHHELD|CORROBORATED:CORROBORATED|NEGATIVE_EVIDENCE:NEGATIVE_EVIDENCE|PERMANENT_INSTALL:PERMANENT_INSTALL|PROVISIONAL_INSTALL:PROVISIONAL_INSTALL|REVISE_INSTALL:REVISE_INSTALL|SUPPRESSED:SUPPRESSED|WITHHELD:WITHHELD	e1:ACCEPT_INSTALL:+931;e2:ACCEPT_INSTALL:+150;e3:ACCEPT_INSTALL:+624;e4:ACCEPT_INSTALL:+754;e5:ACCEPT_INSTALL:+942;e6:ACCEPT_INSTALL:+786;e7:ACCEPT_INSTALL:+657;e8:ACCEPT_INSTALL:+921;e9:ACCEPT_INSTALL:+795;e10:ACCEPT_INSTALL:+878;e11:ACCEPT_INSTALL:+810;e12:ACCEPT_INSTALL:+157;e13:ACCEPT_INSTALL:+913;e14:ACCEPT_INSTALL:+889	ACCEPT_INSTALL	items_v2/admit.jsonl
admit-V2-D-withhold-0020	admit	admit	ACCEPT_INSTALL:ACCEPT_INSTALL|CONFLICT_WITHHELD:CONFLICT_WITHHELD|CORROBORATED:CORROBORATED|NEGATIVE_EVIDENCE:NEGATIVE_EVIDENCE|PERMANENT_INSTALL:PERMANENT_INSTALL|PROVISIONAL_INSTALL:PROVISIONAL_INSTALL|REVISE_INSTALL:REVISE_INSTALL|SUPPRESSED:SUPPRESSED|WITHHELD:WITHHELD	e1:ACCEPT_INSTALL:+931;e2:ACCEPT_INSTALL:+150;e3:ACCEPT_INSTALL:+624;e4:ACCEPT_INSTALL:+754;e5:ACCEPT_INSTALL:+942;e6:ACCEPT_INSTALL:+786;e7:ACCEPT_INSTALL:+657;e8:ACCEPT_INSTALL:+921;e9:ACCEPT_INSTALL:+795;e10:ACCEPT_INSTALL:+878;e11:ACCEPT_INSTALL:+810;e12:ACCEPT_INSTALL:+157;e13:ACCEPT_INSTALL:+913;e14:ACCEPT_INSTALL:+889;e15:ACCEPT_INSTALL:+177;e16:ACCEPT_INSTALL:+788;e17:ACCEPT_INSTALL:+901;e18:ACCEPT_INSTALL:+937;e19:ACCEPT_INSTALL:+884;e20:ACCEPT_INSTALL:+878;e21:ACCEPT_INSTALL:+948	ACCEPT_INSTALL	items_v2/admit.jsonl
