H5B-P-06-00#s100r001	64	0	0	0	0	ABSTAIN	A	0	0	0
H5B-P-06-01#s100r001	64	0	0	0	0	ABSTAIN	A	0	0	0
H5B-P-06-02#s100r001	64	0	0	0	0	ABSTAIN	A	0	0	0
H5B-P-06-03#s100r001	64	0	0	0	0	ABSTAIN	A	0	0	0
H5B-P-06-04#s100r001	64	0	0	0	0	ABSTAIN	A	0	0	0
H5B-P-06-05#s100r001	64	0	0	0	0	ABSTAIN	A	0	0	0
H5B-P-06-06#s100r001	64	0	0	0	0	ABSTAIN	A	0	0	0
H5B-P-06-07#s100r001	64	0	0	0	0	ABSTAIN	A	0	0	0
H5B-P-06-08#s100r001	64	0	0	0	0	ABSTAIN	A	0	0	0
H5B-P-06-09#s100r001	64	0	0	0	0	ABSTAIN	A	0	0	0
H5B-P-12-00#s100r001	64	0	0	0	0	ABSTAIN	A	0	0	0
H5B-P-12-01#s100r001	64	0	0	0	0	ABSTAIN	A	0	0	0
H5B-P-12-02#s100r001	64	0	0	0	0	ABSTAIN	A	0	0	0
H5B-P-12-03#s100r001	64	0	0	0	0	ABSTAIN	A	0	0	0
H5B-P-12-04#s100r001	64	0	0	0	0	ABSTAIN	A	0	0	0
H5B-P-12-05#s100r001	64	0	0	0	0	ABSTAIN	A	0	0	0
H5B-P-12-06#s100r001	64	0	0	0	0	ABSTAIN	A	0	0	0
H5B-P-12-07#s100r001	64	0	0	0	0	ABSTAIN	A	0	0	0
H5B-P-12-08#s100r001	64	0	0	0	0	ABSTAIN	A	0	0	0
H5B-P-12-09#s100r001	64	0	0	0	0	ABSTAIN	A	0	0	0
H5B-P-20-00#s100r001	64	0	0	0	0	ABSTAIN	A	0	0	0
H5B-P-20-01#s100r001	64	0	0	0	0	ABSTAIN	A	0	0	0
H5B-P-20-02#s100r001	64	0	0	0	0	ABSTAIN	A	0	0	0
H5B-P-20-03#s100r001	64	0	0	0	0	ABSTAIN	A	0	0	0
H5B-P-20-04#s100r001	64	0	0	0	0	ABSTAIN	A	0	0	0
H5B-P-20-05#s100r001	64	0	0	0	0	ABSTAIN	A	0	0	0
H5B-P-20-06#s100r001	64	0	0	0	0	ABSTAIN	A	0	0	0
H5B-P-20-07#s100r001	64	0	0	0	0	ABSTAIN	A	0	0	0
H5B-P-20-08#s100r001	64	0	0	0	0	ABSTAIN	A	0	0	0
H5B-P-20-09#s100r001	64	0	0	0	0	ABSTAIN	A	0	0	0
H5B-P-40-00#s100r001	64	0	0	0	0	ABSTAIN	A	0	0	0
H5B-P-40-01#s100r001	64	0	0	0	0	ABSTAIN	A	0	0	0
H5B-P-40-02#s100r001	64	0	0	0	0	ABSTAIN	A	0	0	0
H5B-P-40-03#s100r001	64	0	0	0	0	ABSTAIN	A	0	0	0
H5B-P-40-04#s100r001	64	0	0	0	0	ABSTAIN	A	0	0	0
H5B-P-40-05#s100r001	64	0	0	0	0	ABSTAIN	A	0	0	0
H5B-P-40-06#s100r001	64	0	0	0	0	ABSTAIN	A	0	0	0
H5B-P-40-07#s100r001	64	0	0	0	0	ABSTAIN	A	0	0	0
H5B-P-40-08#s100r001	64	0	0	0	0	ABSTAIN	A	0	0	0
H5B-P-40-09#s100r001	64	0	0	0	0	ABSTAIN	A	0	0	0
H5B-O-06-00#s100r001	64	0	0	0	0	ABSTAIN	A	0	0	0
H5B-O-06-01#s100r001	64	0	0	0	0	ABSTAIN	A	0	0	0
H5B-O-06-02#s100r001	64	0	0	0	0	ABSTAIN	A	0	0	0
H5B-O-06-03#s100r001	64	0	0	0	0	ABSTAIN	A	0	0	0
H5B-O-06-04#s100r001	64	0	0	0	0	ABSTAIN	A	0	0	0
H5B-O-06-05#s100r001	64	0	0	0	0	ABSTAIN	A	0	0	0
H5B-O-06-06#s100r001	64	0	0	0	0	ABSTAIN	A	0	0	0
H5B-O-06-07#s100r001	64	0	0	0	0	ABSTAIN	A	0	0	0
H5B-O-06-08#s100r001	64	0	0	0	0	ABSTAIN	A	0	0	0
H5B-O-06-09#s100r001	64	0	0	0	0	ABSTAIN	A	0	0	0
H5B-O-12-00#s100r001	64	0	0	0	0	ABSTAIN	A	0	0	0
H5B-O-12-01#s100r001	64	0	0	0	0	ABSTAIN	A	0	0	0
H5B-O-12-02#s100r001	64	0	0	0	0	ABSTAIN	A	0	0	0
H5B-O-12-03#s100r001	64	0	0	0	0	ABSTAIN	A	0	0	0
H5B-O-12-04#s100r001	64	0	0	0	0	ABSTAIN	A	0	0	0
H5B-O-12-05#s100r001	64	0	0	0	0	ABSTAIN	A	0	0	0
H5B-O-12-06#s100r001	64	0	0	0	0	ABSTAIN	A	0	0	0
H5B-O-12-07#s100r001	64	0	0	0	0	ABSTAIN	A	0	0	0
H5B-O-12-08#s100r001	64	0	0	0	0	ABSTAIN	A	0	0	0
H5B-O-12-09#s100r001	64	0	0	0	0	ABSTAIN	A	0	0	0
H5B-O-20-00#s100r001	64	0	0	0	0	ABSTAIN	A	0	0	0
H5B-O-20-01#s100r001	64	0	0	0	0	ABSTAIN	A	0	0	0
H5B-O-20-02#s100r001	64	0	0	0	0	ABSTAIN	A	0	0	0
H5B-O-20-03#s100r001	64	0	0	0	0	ABSTAIN	A	0	0	0
H5B-O-20-04#s100r001	64	0	0	0	0	ABSTAIN	A	0	0	0
H5B-O-20-05#s100r001	64	0	0	0	0	ABSTAIN	A	0	0	0
H5B-O-20-06#s100r001	64	0	0	0	0	ABSTAIN	A	0	0	0
H5B-O-20-07#s100r001	64	0	0	0	0	ABSTAIN	A	0	0	0
H5B-O-20-08#s100r001	64	0	0	0	0	ABSTAIN	A	0	0	0
H5B-O-20-09#s100r001	64	0	0	0	0	ABSTAIN	A	0	0	0
H5B-O-40-00#s100r001	64	0	0	0	0	ABSTAIN	A	0	0	0
H5B-O-40-01#s100r001	64	0	0	0	0	ABSTAIN	A	0	0	0
H5B-O-40-02#s100r001	64	0	0	0	0	ABSTAIN	A	0	0	0
H5B-O-40-03#s100r001	64	0	0	0	0	ABSTAIN	A	0	0	0
H5B-O-40-04#s100r001	64	0	0	0	0	ABSTAIN	A	0	0	0
H5B-O-40-05#s100r001	64	0	0	0	0	ABSTAIN	A	0	0	0
H5B-O-40-06#s100r001	64	0	0	0	0	ABSTAIN	A	0	0	0
H5B-O-40-07#s100r001	64	0	0	0	0	ABSTAIN	A	0	0	0
H5B-O-40-08#s100r001	64	0	0	0	0	ABSTAIN	A	0	0	0
H5B-O-40-09#s100r001	64	0	0	0	0	ABSTAIN	A	0	0	0
H5B-D-0-00#s100r001	64	0	0	0	0	RELEASE	1	996	0	0
H5B-D-0-01#s100r001	64	0	0	0	0	RELEASE	1	996	0	0
H5B-D-0-02#s100r001	64	0	0	0	0	RELEASE	1	996	0	0
H5B-D-0-03#s100r001	64	0	0	0	0	RELEASE	1	996	0	0
H5B-D-0-04#s100r001	64	0	0	0	0	RELEASE	1	996	0	0
H5B-D-0-05#s100r001	64	0	0	0	0	RELEASE	1	996	0	0
H5B-D-0-06#s100r001	64	0	0	0	0	RELEASE	1	996	0	0
H5B-D-0-07#s100r001	64	0	0	0	0	RELEASE	1	996	0	0
H5B-D-0-08#s100r001	64	0	0	0	0	RELEASE	1	996	0	0
H5B-D-0-09#s100r001	64	0	0	0	0	RELEASE	1	996	0	0
H5B-D-1-00#s100r001	64	0	0	0	0	ABSTAIN	A	0	0	0
H5B-D-1-01#s100r001	64	0	0	0	0	ABSTAIN	A	0	0	0
H5B-D-1-02#s100r001	64	0	0	0	0	ABSTAIN	A	0	0	0
H5B-D-1-03#s100r001	64	0	0	0	0	ABSTAIN	A	0	0	0
H5B-D-1-04#s100r001	64	0	0	0	0	ABSTAIN	A	0	0	0
H5B-D-1-05#s100r001	64	0	0	0	0	ABSTAIN	A	0	0	0
H5B-D-1-06#s100r001	64	0	0	0	0	ABSTAIN	A	0	0	0
H5B-D-1-07#s100r001	64	0	0	0	0	ABSTAIN	A	0	0	0
H5B-D-1-08#s100r001	64	0	0	0	0	ABSTAIN	A	0	0	0
H5B-D-1-09#s100r001	64	0	0	0	0	ABSTAIN	A	0	0	0
H5B-D-2-00#s100r001	64	0	0	0	0	ABSTAIN	A	0	0	0
H5B-D-2-01#s100r001	64	0	0	0	0	ABSTAIN	A	0	0	0
H5B-D-2-02#s100r001	64	0	0	0	0	ABSTAIN	A	0	0	0
H5B-D-2-03#s100r001	64	0	0	0	0	ABSTAIN	A	0	0	0
H5B-D-2-04#s100r001	64	0	0	0	0	ABSTAIN	A	0	0	0
H5B-D-2-05#s100r001	64	0	0	0	0	ABSTAIN	A	0	0	0
H5B-D-2-06#s100r001	64	0	0	0	0	ABSTAIN	A	0	0	0
H5B-D-2-07#s100r001	64	0	0	0	0	ABSTAIN	A	0	0	0
H5B-D-2-08#s100r001	64	0	0	0	0	ABSTAIN	A	0	0	0
H5B-D-2-09#s100r001	64	0	0	0	0	ABSTAIN	A	0	0	0
H5B-D-6-00#s100r001	64	0	0	0	0	ABSTAIN	A	0	0	0
H5B-D-6-01#s100r001	64	0	0	0	0	ABSTAIN	A	0	0	0
H5B-D-6-02#s100r001	64	0	0	0	0	ABSTAIN	A	0	0	0
H5B-D-6-03#s100r001	64	0	0	0	0	ABSTAIN	A	0	0	0
H5B-D-6-04#s100r001	64	0	0	0	0	ABSTAIN	A	0	0	0
H5B-D-6-05#s100r001	64	0	0	0	0	ABSTAIN	A	0	0	0
H5B-D-6-06#s100r001	64	0	0	0	0	ABSTAIN	A	0	0	0
H5B-D-6-07#s100r001	64	0	0	0	0	ABSTAIN	A	0	0	0
H5B-D-6-08#s100r001	64	0	0	0	0	ABSTAIN	A	0	0	0
H5B-D-6-09#s100r001	64	0	0	0	0	ABSTAIN	A	0	0	0
H5B-P-06-00#s100r002	64	0	0	0	0	ABSTAIN	A	0	0	0
H5B-P-06-01#s100r002	64	0	0	0	0	ABSTAIN	A	0	0	0
H5B-P-06-02#s100r002	64	0	0	0	0	ABSTAIN	A	0	0	0
H5B-P-06-03#s100r002	64	0	0	0	0	ABSTAIN	A	0	0	0
H5B-P-06-04#s100r002	64	0	0	0	0	ABSTAIN	A	0	0	0
H5B-P-06-05#s100r002	64	0	0	0	0	ABSTAIN	A	0	0	0
H5B-P-06-06#s100r002	64	0	0	0	0	ABSTAIN	A	0	0	0
H5B-P-06-07#s100r002	64	0	0	0	0	ABSTAIN	A	0	0	0
H5B-P-06-08#s100r002	64	0	0	0	0	ABSTAIN	A	0	0	0
H5B-P-06-09#s100r002	64	0	0	0	0	ABSTAIN	A	0	0	0
H5B-P-12-00#s100r002	64	0	0	0	0	ABSTAIN	A	0	0	0
H5B-P-12-01#s100r002	64	0	0	0	0	ABSTAIN	A	0	0	0
H5B-P-12-02#s100r002	64	0	0	0	0	ABSTAIN	A	0	0	0
H5B-P-12-03#s100r002	64	0	0	0	0	ABSTAIN	A	0	0	0
H5B-P-12-04#s100r002	64	0	0	0	0	ABSTAIN	A	0	0	0
H5B-P-12-05#s100r002	64	0	0	0	0	ABSTAIN	A	0	0	0
H5B-P-12-06#s100r002	64	0	0	0	0	ABSTAIN	A	0	0	0
H5B-P-12-07#s100r002	64	0	0	0	0	ABSTAIN	A	0	0	0
H5B-P-12-08#s100r002	64	0	0	0	0	ABSTAIN	A	0	0	0
H5B-P-12-09#s100r002	64	0	0	0	0	ABSTAIN	A	0	0	0
H5B-P-20-00#s100r002	64	0	0	0	0	ABSTAIN	A	0	0	0
H5B-P-20-01#s100r002	64	0	0	0	0	ABSTAIN	A	0	0	0
H5B-P-20-02#s100r002	64	0	0	0	0	ABSTAIN	A	0	0	0
H5B-P-20-03#s100r002	64	0	0	0	0	ABSTAIN	A	0	0	0
H5B-P-20-04#s100r002	64	0	0	0	0	ABSTAIN	A	0	0	0
H5B-P-20-05#s100r002	64	0	0	0	0	ABSTAIN	A	0	0	0
H5B-P-20-06#s100r002	64	0	0	0	0	ABSTAIN	A	0	0	0
H5B-P-20-07#s100r002	64	0	0	0	0	ABSTAIN	A	0	0	0
H5B-P-20-08#s100r002	64	0	0	0	0	ABSTAIN	A	0	0	0
H5B-P-20-09#s100r002	64	0	0	0	0	ABSTAIN	A	0	0	0
H5B-P-40-00#s100r002	64	0	0	0	0	ABSTAIN	A	0	0	0
H5B-P-40-01#s100r002	64	0	0	0	0	ABSTAIN	A	0	0	0
H5B-P-40-02#s100r002	64	0	0	0	0	ABSTAIN	A	0	0	0
H5B-P-40-03#s100r002	64	0	0	0	0	ABSTAIN	A	0	0	0
H5B-P-40-04#s100r002	64	0	0	0	0	ABSTAIN	A	0	0	0
H5B-P-40-05#s100r002	64	0	0	0	0	ABSTAIN	A	0	0	0
H5B-P-40-06#s100r002	64	0	0	0	0	ABSTAIN	A	0	0	0
H5B-P-40-07#s100r002	64	0	0	0	0	ABSTAIN	A	0	0	0
H5B-P-40-08#s100r002	64	0	0	0	0	ABSTAIN	A	0	0	0
H5B-P-40-09#s100r002	64	0	0	0	0	ABSTAIN	A	0	0	0
H5B-O-06-00#s100r002	64	0	0	0	0	ABSTAIN	A	0	0	0
H5B-O-06-01#s100r002	64	0	0	0	0	ABSTAIN	A	0	0	0
H5B-O-06-02#s100r002	64	0	0	0	0	ABSTAIN	A	0	0	0
H5B-O-06-03#s100r002	64	0	0	0	0	ABSTAIN	A	0	0	0
H5B-O-06-04#s100r002	64	0	0	0	0	ABSTAIN	A	0	0	0
H5B-O-06-05#s100r002	64	0	0	0	0	ABSTAIN	A	0	0	0
H5B-O-06-06#s100r002	64	0	0	0	0	ABSTAIN	A	0	0	0
H5B-O-06-07#s100r002	64	0	0	0	0	ABSTAIN	A	0	0	0
H5B-O-06-08#s100r002	64	0	0	0	0	ABSTAIN	A	0	0	0
H5B-O-06-09#s100r002	64	0	0	0	0	ABSTAIN	A	0	0	0
H5B-O-12-00#s100r002	64	0	0	0	0	ABSTAIN	A	0	0	0
H5B-O-12-01#s100r002	64	0	0	0	0	ABSTAIN	A	0	0	0
H5B-O-12-02#s100r002	64	0	0	0	0	ABSTAIN	A	0	0	0
H5B-O-12-03#s100r002	64	0	0	0	0	ABSTAIN	A	0	0	0
H5B-O-12-04#s100r002	64	0	0	0	0	ABSTAIN	A	0	0	0
H5B-O-12-05#s100r002	64	0	0	0	0	ABSTAIN	A	0	0	0
H5B-O-12-06#s100r002	64	0	0	0	0	ABSTAIN	A	0	0	0
H5B-O-12-07#s100r002	64	0	0	0	0	ABSTAIN	A	0	0	0
H5B-O-12-08#s100r002	64	0	0	0	0	ABSTAIN	A	0	0	0
H5B-O-12-09#s100r002	64	0	0	0	0	ABSTAIN	A	0	0	0
H5B-O-20-00#s100r002	64	0	0	0	0	ABSTAIN	A	0	0	0
H5B-O-20-01#s100r002	64	0	0	0	0	ABSTAIN	A	0	0	0
H5B-O-20-02#s100r002	64	0	0	0	0	ABSTAIN	A	0	0	0
H5B-O-20-03#s100r002	64	0	0	0	0	ABSTAIN	A	0	0	0
H5B-O-20-04#s100r002	64	0	0	0	0	ABSTAIN	A	0	0	0
H5B-O-20-05#s100r002	64	0	0	0	0	ABSTAIN	A	0	0	0
H5B-O-20-06#s100r002	64	0	0	0	0	ABSTAIN	A	0	0	0
H5B-O-20-07#s100r002	64	0	0	0	0	ABSTAIN	A	0	0	0
H5B-O-20-08#s100r002	64	0	0	0	0	ABSTAIN	A	0	0	0
H5B-O-20-09#s100r002	64	0	0	0	0	ABSTAIN	A	0	0	0
H5B-O-40-00#s100r002	64	0	0	0	0	ABSTAIN	A	0	0	0
H5B-O-40-01#s100r002	64	0	0	0	0	ABSTAIN	A	0	0	0
H5B-O-40-02#s100r002	64	0	0	0	0	ABSTAIN	A	0	0	0
H5B-O-40-03#s100r002	64	0	0	0	0	ABSTAIN	A	0	0	0
H5B-O-40-04#s100r002	64	0	0	0	0	ABSTAIN	A	0	0	0
H5B-O-40-05#s100r002	64	0	0	0	0	ABSTAIN	A	0	0	0
H5B-O-40-06#s100r002	64	0	0	0	0	ABSTAIN	A	0	0	0
H5B-O-40-07#s100r002	64	0	0	0	0	ABSTAIN	A	0	0	0
H5B-O-40-08#s100r002	64	0	0	0	0	ABSTAIN	A	0	0	0
H5B-O-40-09#s100r002	64	0	0	0	0	ABSTAIN	A	0	0	0
H5B-D-0-00#s100r002	64	0	0	0	0	RELEASE	1	744	0	0
H5B-D-0-01#s100r002	64	0	0	0	0	RELEASE	1	747	0	0
H5B-D-0-02#s100r002	64	0	0	0	0	RELEASE	1	749	0	0
H5B-D-0-03#s100r002	64	0	0	0	0	RELEASE	1	751	0	0
H5B-D-0-04#s100r002	64	0	0	0	0	RELEASE	1	753	0	0
H5B-D-0-05#s100r002	64	0	0	0	0	RELEASE	1	755	0	0
H5B-D-0-06#s100r002	64	0	0	0	0	RELEASE	1	757	0	0
H5B-D-0-07#s100r002	64	0	0	0	0	RELEASE	1	759	0	0
H5B-D-0-08#s100r002	64	0	0	0	0	RELEASE	1	761	0	0
H5B-D-0-09#s100r002	64	0	0	0	0	RELEASE	1	762	0	0
H5B-D-1-00#s100r002	64	0	0	0	0	ABSTAIN	A	0	0	0
H5B-D-1-01#s100r002	64	0	0	0	0	ABSTAIN	A	0	0	0
H5B-D-1-02#s100r002	64	0	0	0	0	ABSTAIN	A	0	0	0
H5B-D-1-03#s100r002	64	0	0	0	0	ABSTAIN	A	0	0	0
H5B-D-1-04#s100r002	64	0	0	0	0	ABSTAIN	A	0	0	0
H5B-D-1-05#s100r002	64	0	0	0	0	ABSTAIN	A	0	0	0
H5B-D-1-06#s100r002	64	0	0	0	0	ABSTAIN	A	0	0	0
H5B-D-1-07#s100r002	64	0	0	0	0	ABSTAIN	A	0	0	0
H5B-D-1-08#s100r002	64	0	0	0	0	ABSTAIN	A	0	0	0
H5B-D-1-09#s100r002	64	0	0	0	0	ABSTAIN	A	0	0	0
H5B-D-2-00#s100r002	64	0	0	0	0	ABSTAIN	A	0	0	0
H5B-D-2-01#s100r002	64	0	0	0	0	ABSTAIN	A	0	0	0
H5B-D-2-02#s100r002	64	0	0	0	0	ABSTAIN	A	0	0	0
H5B-D-2-03#s100r002	64	0	0	0	0	ABSTAIN	A	0	0	0
H5B-D-2-04#s100r002	64	0	0	0	0	ABSTAIN	A	0	0	0
H5B-D-2-05#s100r002	64	0	0	0	0	ABSTAIN	A	0	0	0
H5B-D-2-06#s100r002	64	0	0	0	0	ABSTAIN	A	0	0	0
H5B-D-2-07#s100r002	64	0	0	0	0	ABSTAIN	A	0	0	0
H5B-D-2-08#s100r002	64	0	0	0	0	ABSTAIN	A	0	0	0
H5B-D-2-09#s100r002	64	0	0	0	0	ABSTAIN	A	0	0	0
H5B-D-6-00#s100r002	64	0	0	0	0	ABSTAIN	A	0	0	0
H5B-D-6-01#s100r002	64	0	0	0	0	ABSTAIN	A	0	0	0
H5B-D-6-02#s100r002	64	0	0	0	0	ABSTAIN	A	0	0	0
H5B-D-6-03#s100r002	64	0	0	0	0	ABSTAIN	A	0	0	0
H5B-D-6-04#s100r002	64	0	0	0	0	ABSTAIN	A	0	0	0
H5B-D-6-05#s100r002	64	0	0	0	0	ABSTAIN	A	0	0	0
H5B-D-6-06#s100r002	64	0	0	0	0	ABSTAIN	A	0	0	0
H5B-D-6-07#s100r002	64	0	0	0	0	ABSTAIN	A	0	0	0
H5B-D-6-08#s100r002	64	0	0	0	0	ABSTAIN	A	0	0	0
H5B-D-6-09#s100r002	64	0	0	0	0	ABSTAIN	A	0	0	0
H5B-P-06-00#s100r003	64	0	0	0	0	ABSTAIN	A	0	0	0
H5B-P-06-01#s100r003	64	0	0	0	0	ABSTAIN	A	0	0	0
H5B-P-06-02#s100r003	64	0	0	0	0	ABSTAIN	A	0	0	0
H5B-P-06-03#s100r003	64	0	0	0	0	ABSTAIN	A	0	0	0
H5B-P-06-04#s100r003	64	0	0	0	0	ABSTAIN	A	0	0	0
H5B-P-06-05#s100r003	64	0	0	0	0	ABSTAIN	A	0	0	0
H5B-P-06-06#s100r003	64	0	0	0	0	ABSTAIN	A	0	0	0
H5B-P-06-07#s100r003	64	0	0	0	0	ABSTAIN	A	0	0	0
H5B-P-06-08#s100r003	64	0	0	0	0	ABSTAIN	A	0	0	0
H5B-P-06-09#s100r003	64	0	0	0	0	ABSTAIN	A	0	0	0
H5B-P-12-00#s100r003	64	0	0	0	0	ABSTAIN	A	0	0	0
H5B-P-12-01#s100r003	64	0	0	0	0	ABSTAIN	A	0	0	0
H5B-P-12-02#s100r003	64	0	0	0	0	ABSTAIN	A	0	0	0
H5B-P-12-03#s100r003	64	0	0	0	0	ABSTAIN	A	0	0	0
H5B-P-12-04#s100r003	64	0	0	0	0	ABSTAIN	A	0	0	0
H5B-P-12-05#s100r003	64	0	0	0	0	ABSTAIN	A	0	0	0
H5B-P-12-06#s100r003	64	0	0	0	0	ABSTAIN	A	0	0	0
H5B-P-12-07#s100r003	64	0	0	0	0	ABSTAIN	A	0	0	0
H5B-P-12-08#s100r003	64	0	0	0	0	ABSTAIN	A	0	0	0
H5B-P-12-09#s100r003	64	0	0	0	0	ABSTAIN	A	0	0	0
H5B-P-20-00#s100r003	64	0	0	0	0	ABSTAIN	A	0	0	0
H5B-P-20-01#s100r003	64	0	0	0	0	ABSTAIN	A	0	0	0
H5B-P-20-02#s100r003	64	0	0	0	0	ABSTAIN	A	0	0	0
H5B-P-20-03#s100r003	64	0	0	0	0	ABSTAIN	A	0	0	0
H5B-P-20-04#s100r003	64	0	0	0	0	ABSTAIN	A	0	0	0
H5B-P-20-05#s100r003	64	0	0	0	0	ABSTAIN	A	0	0	0
H5B-P-20-06#s100r003	64	0	0	0	0	ABSTAIN	A	0	0	0
H5B-P-20-07#s100r003	64	0	0	0	0	ABSTAIN	A	0	0	0
H5B-P-20-08#s100r003	64	0	0	0	0	ABSTAIN	A	0	0	0
H5B-P-20-09#s100r003	64	0	0	0	0	ABSTAIN	A	0	0	0
H5B-P-40-00#s100r003	64	0	0	0	0	ABSTAIN	A	0	0	0
H5B-P-40-01#s100r003	64	0	0	0	0	ABSTAIN	A	0	0	0
H5B-P-40-02#s100r003	64	0	0	0	0	ABSTAIN	A	0	0	0
H5B-P-40-03#s100r003	64	0	0	0	0	ABSTAIN	A	0	0	0
H5B-P-40-04#s100r003	64	0	0	0	0	ABSTAIN	A	0	0	0
H5B-P-40-05#s100r003	64	0	0	0	0	ABSTAIN	A	0	0	0
H5B-P-40-06#s100r003	64	0	0	0	0	ABSTAIN	A	0	0	0
H5B-P-40-07#s100r003	64	0	0	0	0	ABSTAIN	A	0	0	0
H5B-P-40-08#s100r003	64	0	0	0	0	ABSTAIN	A	0	0	0
H5B-P-40-09#s100r003	64	0	0	0	0	ABSTAIN	A	0	0	0
H5B-O-06-00#s100r003	64	0	0	0	0	ABSTAIN	A	0	0	0
H5B-O-06-01#s100r003	64	0	0	0	0	ABSTAIN	A	0	0	0
H5B-O-06-02#s100r003	64	0	0	0	0	ABSTAIN	A	0	0	0
H5B-O-06-03#s100r003	64	0	0	0	0	ABSTAIN	A	0	0	0
H5B-O-06-04#s100r003	64	0	0	0	0	ABSTAIN	A	0	0	0
H5B-O-06-05#s100r003	64	0	0	0	0	ABSTAIN	A	0	0	0
H5B-O-06-06#s100r003	64	0	0	0	0	ABSTAIN	A	0	0	0
H5B-O-06-07#s100r003	64	0	0	0	0	ABSTAIN	A	0	0	0
H5B-O-06-08#s100r003	64	0	0	0	0	ABSTAIN	A	0	0	0
H5B-O-06-09#s100r003	64	0	0	0	0	ABSTAIN	A	0	0	0
H5B-O-12-00#s100r003	64	0	0	0	0	ABSTAIN	A	0	0	0
H5B-O-12-01#s100r003	64	0	0	0	0	ABSTAIN	A	0	0	0
H5B-O-12-02#s100r003	64	0	0	0	0	ABSTAIN	A	0	0	0
H5B-O-12-03#s100r003	64	0	0	0	0	ABSTAIN	A	0	0	0
H5B-O-12-04#s100r003	64	0	0	0	0	ABSTAIN	A	0	0	0
H5B-O-12-05#s100r003	64	0	0	0	0	ABSTAIN	A	0	0	0
H5B-O-12-06#s100r003	64	0	0	0	0	ABSTAIN	A	0	0	0
H5B-O-12-07#s100r003	64	0	0	0	0	ABSTAIN	A	0	0	0
H5B-O-12-08#s100r003	64	0	0	0	0	ABSTAIN	A	0	0	0
H5B-O-12-09#s100r003	64	0	0	0	0	ABSTAIN	A	0	0	0
H5B-O-20-00#s100r003	64	0	0	0	0	ABSTAIN	A	0	0	0
H5B-O-20-01#s100r003	64	0	0	0	0	ABSTAIN	A	0	0	0
H5B-O-20-02#s100r003	64	0	0	0	0	ABSTAIN	A	0	0	0
H5B-O-20-03#s100r003	64	0	0	0	0	ABSTAIN	A	0	0	0
H5B-O-20-04#s100r003	64	0	0	0	0	ABSTAIN	A	0	0	0
H5B-O-20-05#s100r003	64	0	0	0	0	ABSTAIN	A	0	0	0
H5B-O-20-06#s100r003	64	0	0	0	0	ABSTAIN	A	0	0	0
H5B-O-20-07#s100r003	64	0	0	0	0	ABSTAIN	A	0	0	0
H5B-O-20-08#s100r003	64	0	0	0	0	ABSTAIN	A	0	0	0
H5B-O-20-09#s100r003	64	0	0	0	0	ABSTAIN	A	0	0	0
H5B-O-40-00#s100r003	64	0	0	0	0	ABSTAIN	A	0	0	0
H5B-O-40-01#s100r003	64	0	0	0	0	ABSTAIN	A	0	0	0
H5B-O-40-02#s100r003	64	0	0	0	0	ABSTAIN	A	0	0	0
H5B-O-40-03#s100r003	64	0	0	0	0	ABSTAIN	A	0	0	0
H5B-O-40-04#s100r003	64	0	0	0	0	ABSTAIN	A	0	0	0
H5B-O-40-05#s100r003	64	0	0	0	0	ABSTAIN	A	0	0	0
H5B-O-40-06#s100r003	64	0	0	0	0	ABSTAIN	A	0	0	0
H5B-O-40-07#s100r003	64	0	0	0	0	ABSTAIN	A	0	0	0
H5B-O-40-08#s100r003	64	0	0	0	0	ABSTAIN	A	0	0	0
H5B-O-40-09#s100r003	64	0	0	0	0	ABSTAIN	A	0	0	0
H5B-D-0-00#s100r003	64	0	0	0	0	RELEASE	1	708	0	0
H5B-D-0-01#s100r003	64	0	0	0	0	RELEASE	1	709	0	0
H5B-D-0-02#s100r003	64	0	0	0	0	RELEASE	1	711	0	0
H5B-D-0-03#s100r003	64	0	0	0	0	RELEASE	1	712	0	0
H5B-D-0-04#s100r003	64	0	0	0	0	RELEASE	1	713	0	0
H5B-D-0-05#s100r003	64	0	0	0	0	RELEASE	1	715	0	0
H5B-D-0-06#s100r003	64	0	0	0	0	RELEASE	1	716	0	0
H5B-D-0-07#s100r003	64	0	0	0	0	RELEASE	1	717	0	0
H5B-D-0-08#s100r003	64	0	0	0	0	RELEASE	1	719	0	0
H5B-D-0-09#s100r003	64	0	0	0	0	RELEASE	1	720	0	0
H5B-D-1-00#s100r003	64	0	0	0	0	ABSTAIN	A	0	0	0
H5B-D-1-01#s100r003	64	0	0	0	0	ABSTAIN	A	0	0	0
H5B-D-1-02#s100r003	64	0	0	0	0	ABSTAIN	A	0	0	0
H5B-D-1-03#s100r003	64	0	0	0	0	ABSTAIN	A	0	0	0
H5B-D-1-04#s100r003	64	0	0	0	0	ABSTAIN	A	0	0	0
H5B-D-1-05#s100r003	64	0	0	0	0	ABSTAIN	A	0	0	0
H5B-D-1-06#s100r003	64	0	0	0	0	ABSTAIN	A	0	0	0
H5B-D-1-07#s100r003	64	0	0	0	0	ABSTAIN	A	0	0	0
H5B-D-1-08#s100r003	64	0	0	0	0	ABSTAIN	A	0	0	0
H5B-D-1-09#s100r003	64	0	0	0	0	ABSTAIN	A	0	0	0
H5B-D-2-00#s100r003	64	0	0	0	0	ABSTAIN	A	0	0	0
H5B-D-2-01#s100r003	64	0	0	0	0	ABSTAIN	A	0	0	0
H5B-D-2-02#s100r003	64	0	0	0	0	ABSTAIN	A	0	0	0
H5B-D-2-03#s100r003	64	0	0	0	0	ABSTAIN	A	0	0	0
H5B-D-2-04#s100r003	64	0	0	0	0	ABSTAIN	A	0	0	0
H5B-D-2-05#s100r003	64	0	0	0	0	ABSTAIN	A	0	0	0
H5B-D-2-06#s100r003	64	0	0	0	0	ABSTAIN	A	0	0	0
H5B-D-2-07#s100r003	64	0	0	0	0	ABSTAIN	A	0	0	0
H5B-D-2-08#s100r003	64	0	0	0	0	ABSTAIN	A	0	0	0
H5B-D-2-09#s100r003	64	0	0	0	0	ABSTAIN	A	0	0	0
H5B-D-6-00#s100r003	64	0	0	0	0	ABSTAIN	A	0	0	0
H5B-D-6-01#s100r003	64	0	0	0	0	ABSTAIN	A	0	0	0
H5B-D-6-02#s100r003	64	0	0	0	0	ABSTAIN	A	0	0	0
H5B-D-6-03#s100r003	64	0	0	0	0	ABSTAIN	A	0	0	0
H5B-D-6-04#s100r003	64	0	0	0	0	ABSTAIN	A	0	0	0
H5B-D-6-05#s100r003	64	0	0	0	0	ABSTAIN	A	0	0	0
H5B-D-6-06#s100r003	64	0	0	0	0	ABSTAIN	A	0	0	0
H5B-D-6-07#s100r003	64	0	0	0	0	ABSTAIN	A	0	0	0
H5B-D-6-08#s100r003	64	0	0	0	0	ABSTAIN	A	0	0	0
H5B-D-6-09#s100r003	64	0	0	0	0	ABSTAIN	A	0	0	0
H5B-P-06-00#s100r004	64	0	0	0	0	ABSTAIN	A	0	0	0
H5B-P-06-01#s100r004	64	0	0	0	0	ABSTAIN	A	0	0	0
H5B-P-06-02#s100r004	64	0	0	0	0	ABSTAIN	A	0	0	0
H5B-P-06-03#s100r004	64	0	0	0	0	ABSTAIN	A	0	0	0
H5B-P-06-04#s100r004	64	0	0	0	0	ABSTAIN	A	0	0	0
H5B-P-06-05#s100r004	64	0	0	0	0	ABSTAIN	A	0	0	0
H5B-P-06-06#s100r004	64	0	0	0	0	ABSTAIN	A	0	0	0
H5B-P-06-07#s100r004	64	0	0	0	0	ABSTAIN	A	0	0	0
H5B-P-06-08#s100r004	64	0	0	0	0	ABSTAIN	A	0	0	0
H5B-P-06-09#s100r004	64	0	0	0	0	ABSTAIN	A	0	0	0
H5B-P-12-00#s100r004	64	0	0	0	0	ABSTAIN	A	0	0	0
H5B-P-12-01#s100r004	64	0	0	0	0	ABSTAIN	A	0	0	0
H5B-P-12-02#s100r004	64	0	0	0	0	ABSTAIN	A	0	0	0
H5B-P-12-03#s100r004	64	0	0	0	0	ABSTAIN	A	0	0	0
H5B-P-12-04#s100r004	64	0	0	0	0	ABSTAIN	A	0	0	0
H5B-P-12-05#s100r004	64	0	0	0	0	ABSTAIN	A	0	0	0
H5B-P-12-06#s100r004	64	0	0	0	0	ABSTAIN	A	0	0	0
H5B-P-12-07#s100r004	64	0	0	0	0	ABSTAIN	A	0	0	0
H5B-P-12-08#s100r004	64	0	0	0	0	ABSTAIN	A	0	0	0
H5B-P-12-09#s100r004	64	0	0	0	0	ABSTAIN	A	0	0	0
H5B-P-20-00#s100r004	64	0	0	0	0	ABSTAIN	A	0	0	0
H5B-P-20-01#s100r004	64	0	0	0	0	ABSTAIN	A	0	0	0
H5B-P-20-02#s100r004	64	0	0	0	0	ABSTAIN	A	0	0	0
H5B-P-20-03#s100r004	64	0	0	0	0	ABSTAIN	A	0	0	0
H5B-P-20-04#s100r004	64	0	0	0	0	ABSTAIN	A	0	0	0
H5B-P-20-05#s100r004	64	0	0	0	0	ABSTAIN	A	0	0	0
H5B-P-20-06#s100r004	64	0	0	0	0	ABSTAIN	A	0	0	0
H5B-P-20-07#s100r004	64	0	0	0	0	ABSTAIN	A	0	0	0
H5B-P-20-08#s100r004	64	0	0	0	0	ABSTAIN	A	0	0	0
H5B-P-20-09#s100r004	64	0	0	0	0	ABSTAIN	A	0	0	0
H5B-P-40-00#s100r004	64	0	0	0	0	ABSTAIN	A	0	0	0
H5B-P-40-01#s100r004	64	0	0	0	0	ABSTAIN	A	0	0	0
H5B-P-40-02#s100r004	64	0	0	0	0	ABSTAIN	A	0	0	0
H5B-P-40-03#s100r004	64	0	0	0	0	ABSTAIN	A	0	0	0
H5B-P-40-04#s100r004	64	0	0	0	0	ABSTAIN	A	0	0	0
H5B-P-40-05#s100r004	64	0	0	0	0	ABSTAIN	A	0	0	0
H5B-P-40-06#s100r004	64	0	0	0	0	ABSTAIN	A	0	0	0
H5B-P-40-07#s100r004	64	0	0	0	0	ABSTAIN	A	0	0	0
H5B-P-40-08#s100r004	64	0	0	0	0	ABSTAIN	A	0	0	0
H5B-P-40-09#s100r004	64	0	0	0	0	ABSTAIN	A	0	0	0
H5B-O-06-00#s100r004	64	0	0	0	0	ABSTAIN	A	0	0	0
H5B-O-06-01#s100r004	64	0	0	0	0	ABSTAIN	A	0	0	0
H5B-O-06-02#s100r004	64	0	0	0	0	ABSTAIN	A	0	0	0
H5B-O-06-03#s100r004	64	0	0	0	0	ABSTAIN	A	0	0	0
H5B-O-06-04#s100r004	64	0	0	0	0	ABSTAIN	A	0	0	0
H5B-O-06-05#s100r004	64	0	0	0	0	ABSTAIN	A	0	0	0
H5B-O-06-06#s100r004	64	0	0	0	0	ABSTAIN	A	0	0	0
H5B-O-06-07#s100r004	64	0	0	0	0	ABSTAIN	A	0	0	0
H5B-O-06-08#s100r004	64	0	0	0	0	ABSTAIN	A	0	0	0
H5B-O-06-09#s100r004	64	0	0	0	0	ABSTAIN	A	0	0	0
H5B-O-12-00#s100r004	64	0	0	0	0	ABSTAIN	A	0	0	0
H5B-O-12-01#s100r004	64	0	0	0	0	ABSTAIN	A	0	0	0
H5B-O-12-02#s100r004	64	0	0	0	0	ABSTAIN	A	0	0	0
H5B-O-12-03#s100r004	64	0	0	0	0	ABSTAIN	A	0	0	0
H5B-O-12-04#s100r004	64	0	0	0	0	ABSTAIN	A	0	0	0
H5B-O-12-05#s100r004	64	0	0	0	0	ABSTAIN	A	0	0	0
H5B-O-12-06#s100r004	64	0	0	0	0	ABSTAIN	A	0	0	0
H5B-O-12-07#s100r004	64	0	0	0	0	ABSTAIN	A	0	0	0
H5B-O-12-08#s100r004	64	0	0	0	0	ABSTAIN	A	0	0	0
H5B-O-12-09#s100r004	64	0	0	0	0	ABSTAIN	A	0	0	0
H5B-O-20-00#s100r004	64	0	0	0	0	ABSTAIN	A	0	0	0
H5B-O-20-01#s100r004	64	0	0	0	0	ABSTAIN	A	0	0	0
H5B-O-20-02#s100r004	64	0	0	0	0	ABSTAIN	A	0	0	0
H5B-O-20-03#s100r004	64	0	0	0	0	ABSTAIN	A	0	0	0
H5B-O-20-04#s100r004	64	0	0	0	0	ABSTAIN	A	0	0	0
H5B-O-20-05#s100r004	64	0	0	0	0	ABSTAIN	A	0	0	0
H5B-O-20-06#s100r004	64	0	0	0	0	ABSTAIN	A	0	0	0
H5B-O-20-07#s100r004	64	0	0	0	0	ABSTAIN	A	0	0	0
H5B-O-20-08#s100r004	64	0	0	0	0	ABSTAIN	A	0	0	0
H5B-O-20-09#s100r004	64	0	0	0	0	ABSTAIN	A	0	0	0
H5B-O-40-00#s100r004	64	0	0	0	0	ABSTAIN	A	0	0	0
H5B-O-40-01#s100r004	64	0	0	0	0	ABSTAIN	A	0	0	0
H5B-O-40-02#s100r004	64	0	0	0	0	ABSTAIN	A	0	0	0
H5B-O-40-03#s100r004	64	0	0	0	0	ABSTAIN	A	0	0	0
H5B-O-40-04#s100r004	64	0	0	0	0	ABSTAIN	A	0	0	0
H5B-O-40-05#s100r004	64	0	0	0	0	ABSTAIN	A	0	0	0
H5B-O-40-06#s100r004	64	0	0	0	0	ABSTAIN	A	0	0	0
H5B-O-40-07#s100r004	64	0	0	0	0	ABSTAIN	A	0	0	0
H5B-O-40-08#s100r004	64	0	0	0	0	ABSTAIN	A	0	0	0
H5B-O-40-09#s100r004	64	0	0	0	0	ABSTAIN	A	0	0	0
H5B-D-0-00#s100r004	64	0	0	0	0	RELEASE	1	693	0	0
H5B-D-0-01#s100r004	64	0	0	0	0	RELEASE	1	694	0	0
H5B-D-0-02#s100r004	64	0	0	0	0	RELEASE	1	695	0	0
H5B-D-0-03#s100r004	64	0	0	0	0	RELEASE	1	696	0	0
H5B-D-0-04#s100r004	64	0	0	0	0	RELEASE	1	697	0	0
H5B-D-0-05#s100r004	64	0	0	0	0	RELEASE	1	698	0	0
H5B-D-0-06#s100r004	64	0	0	0	0	RELEASE	1	699	0	0
H5B-D-0-07#s100r004	64	0	0	0	0	RELEASE	1	700	0	0
H5B-D-0-08#s100r004	64	0	0	0	0	RELEASE	1	701	0	0
H5B-D-0-09#s100r004	64	0	0	0	0	RELEASE	1	702	0	0
H5B-D-1-00#s100r004	64	0	0	0	0	ABSTAIN	A	0	0	0
H5B-D-1-01#s100r004	64	0	0	0	0	ABSTAIN	A	0	0	0
H5B-D-1-02#s100r004	64	0	0	0	0	ABSTAIN	A	0	0	0
H5B-D-1-03#s100r004	64	0	0	0	0	ABSTAIN	A	0	0	0
H5B-D-1-04#s100r004	64	0	0	0	0	ABSTAIN	A	0	0	0
H5B-D-1-05#s100r004	64	0	0	0	0	ABSTAIN	A	0	0	0
H5B-D-1-06#s100r004	64	0	0	0	0	ABSTAIN	A	0	0	0
H5B-D-1-07#s100r004	64	0	0	0	0	ABSTAIN	A	0	0	0
H5B-D-1-08#s100r004	64	0	0	0	0	ABSTAIN	A	0	0	0
H5B-D-1-09#s100r004	64	0	0	0	0	ABSTAIN	A	0	0	0
H5B-D-2-00#s100r004	64	0	0	0	0	ABSTAIN	A	0	0	0
H5B-D-2-01#s100r004	64	0	0	0	0	ABSTAIN	A	0	0	0
H5B-D-2-02#s100r004	64	0	0	0	0	ABSTAIN	A	0	0	0
H5B-D-2-03#s100r004	64	0	0	0	0	ABSTAIN	A	0	0	0
H5B-D-2-04#s100r004	64	0	0	0	0	ABSTAIN	A	0	0	0
H5B-D-2-05#s100r004	64	0	0	0	0	ABSTAIN	A	0	0	0
H5B-D-2-06#s100r004	64	0	0	0	0	ABSTAIN	A	0	0	0
H5B-D-2-07#s100r004	64	0	0	0	0	ABSTAIN	A	0	0	0
H5B-D-2-08#s100r004	64	0	0	0	0	ABSTAIN	A	0	0	0
H5B-D-2-09#s100r004	64	0	0	0	0	ABSTAIN	A	0	0	0
H5B-D-6-00#s100r004	64	0	0	0	0	ABSTAIN	A	0	0	0
H5B-D-6-01#s100r004	64	0	0	0	0	ABSTAIN	A	0	0	0
H5B-D-6-02#s100r004	64	0	0	0	0	ABSTAIN	A	0	0	0
H5B-D-6-03#s100r004	64	0	0	0	0	ABSTAIN	A	0	0	0
H5B-D-6-04#s100r004	64	0	0	0	0	ABSTAIN	A	0	0	0
H5B-D-6-05#s100r004	64	0	0	0	0	ABSTAIN	A	0	0	0
H5B-D-6-06#s100r004	64	0	0	0	0	ABSTAIN	A	0	0	0
H5B-D-6-07#s100r004	64	0	0	0	0	ABSTAIN	A	0	0	0
H5B-D-6-08#s100r004	64	0	0	0	0	ABSTAIN	A	0	0	0
H5B-D-6-09#s100r004	64	0	0	0	0	ABSTAIN	A	0	0	0
H5B-P-06-00#s100r005	64	0	0	0	0	ABSTAIN	A	0	0	0
H5B-P-06-01#s100r005	64	0	0	0	0	ABSTAIN	A	0	0	0
H5B-P-06-02#s100r005	64	0	0	0	0	ABSTAIN	A	0	0	0
H5B-P-06-03#s100r005	64	0	0	0	0	ABSTAIN	A	0	0	0
H5B-P-06-04#s100r005	64	0	0	0	0	ABSTAIN	A	0	0	0
H5B-P-06-05#s100r005	64	0	0	0	0	ABSTAIN	A	0	0	0
H5B-P-06-06#s100r005	64	0	0	0	0	ABSTAIN	A	0	0	0
H5B-P-06-07#s100r005	64	0	0	0	0	ABSTAIN	A	0	0	0
H5B-P-06-08#s100r005	64	0	0	0	0	ABSTAIN	A	0	0	0
H5B-P-06-09#s100r005	64	0	0	0	0	ABSTAIN	A	0	0	0
H5B-P-12-00#s100r005	64	0	0	0	0	ABSTAIN	A	0	0	0
H5B-P-12-01#s100r005	64	0	0	0	0	ABSTAIN	A	0	0	0
H5B-P-12-02#s100r005	64	0	0	0	0	ABSTAIN	A	0	0	0
H5B-P-12-03#s100r005	64	0	0	0	0	ABSTAIN	A	0	0	0
H5B-P-12-04#s100r005	64	0	0	0	0	ABSTAIN	A	0	0	0
H5B-P-12-05#s100r005	64	0	0	0	0	ABSTAIN	A	0	0	0
H5B-P-12-06#s100r005	64	0	0	0	0	ABSTAIN	A	0	0	0
H5B-P-12-07#s100r005	64	0	0	0	0	ABSTAIN	A	0	0	0
H5B-P-12-08#s100r005	64	0	0	0	0	ABSTAIN	A	0	0	0
H5B-P-12-09#s100r005	64	0	0	0	0	ABSTAIN	A	0	0	0
H5B-P-20-00#s100r005	64	0	0	0	0	ABSTAIN	A	0	0	0
H5B-P-20-01#s100r005	64	0	0	0	0	ABSTAIN	A	0	0	0
H5B-P-20-02#s100r005	64	0	0	0	0	ABSTAIN	A	0	0	0
H5B-P-20-03#s100r005	64	0	0	0	0	ABSTAIN	A	0	0	0
H5B-P-20-04#s100r005	64	0	0	0	0	ABSTAIN	A	0	0	0
H5B-P-20-05#s100r005	64	0	0	0	0	ABSTAIN	A	0	0	0
H5B-P-20-06#s100r005	64	0	0	0	0	ABSTAIN	A	0	0	0
H5B-P-20-07#s100r005	64	0	0	0	0	ABSTAIN	A	0	0	0
H5B-P-20-08#s100r005	64	0	0	0	0	ABSTAIN	A	0	0	0
H5B-P-20-09#s100r005	64	0	0	0	0	ABSTAIN	A	0	0	0
H5B-P-40-00#s100r005	64	0	0	0	0	ABSTAIN	A	0	0	0
H5B-P-40-01#s100r005	64	0	0	0	0	ABSTAIN	A	0	0	0
H5B-P-40-02#s100r005	64	0	0	0	0	ABSTAIN	A	0	0	0
H5B-P-40-03#s100r005	64	0	0	0	0	ABSTAIN	A	0	0	0
H5B-P-40-04#s100r005	64	0	0	0	0	ABSTAIN	A	0	0	0
H5B-P-40-05#s100r005	64	0	0	0	0	ABSTAIN	A	0	0	0
H5B-P-40-06#s100r005	64	0	0	0	0	ABSTAIN	A	0	0	0
H5B-P-40-07#s100r005	64	0	0	0	0	ABSTAIN	A	0	0	0
H5B-P-40-08#s100r005	64	0	0	0	0	ABSTAIN	A	0	0	0
H5B-P-40-09#s100r005	64	0	0	0	0	ABSTAIN	A	0	0	0
H5B-O-06-00#s100r005	64	0	0	0	0	ABSTAIN	A	0	0	0
H5B-O-06-01#s100r005	64	0	0	0	0	ABSTAIN	A	0	0	0
H5B-O-06-02#s100r005	64	0	0	0	0	ABSTAIN	A	0	0	0
H5B-O-06-03#s100r005	64	0	0	0	0	ABSTAIN	A	0	0	0
H5B-O-06-04#s100r005	64	0	0	0	0	ABSTAIN	A	0	0	0
H5B-O-06-05#s100r005	64	0	0	0	0	ABSTAIN	A	0	0	0
H5B-O-06-06#s100r005	64	0	0	0	0	ABSTAIN	A	0	0	0
H5B-O-06-07#s100r005	64	0	0	0	0	ABSTAIN	A	0	0	0
H5B-O-06-08#s100r005	64	0	0	0	0	ABSTAIN	A	0	0	0
H5B-O-06-09#s100r005	64	0	0	0	0	ABSTAIN	A	0	0	0
H5B-O-12-00#s100r005	64	0	0	0	0	ABSTAIN	A	0	0	0
H5B-O-12-01#s100r005	64	0	0	0	0	ABSTAIN	A	0	0	0
H5B-O-12-02#s100r005	64	0	0	0	0	ABSTAIN	A	0	0	0
H5B-O-12-03#s100r005	64	0	0	0	0	ABSTAIN	A	0	0	0
H5B-O-12-04#s100r005	64	0	0	0	0	ABSTAIN	A	0	0	0
H5B-O-12-05#s100r005	64	0	0	0	0	ABSTAIN	A	0	0	0
H5B-O-12-06#s100r005	64	0	0	0	0	ABSTAIN	A	0	0	0
H5B-O-12-07#s100r005	64	0	0	0	0	ABSTAIN	A	0	0	0
H5B-O-12-08#s100r005	64	0	0	0	0	ABSTAIN	A	0	0	0
H5B-O-12-09#s100r005	64	0	0	0	0	ABSTAIN	A	0	0	0
H5B-O-20-00#s100r005	64	0	0	0	0	ABSTAIN	A	0	0	0
H5B-O-20-01#s100r005	64	0	0	0	0	ABSTAIN	A	0	0	0
H5B-O-20-02#s100r005	64	0	0	0	0	ABSTAIN	A	0	0	0
H5B-O-20-03#s100r005	64	0	0	0	0	ABSTAIN	A	0	0	0
H5B-O-20-04#s100r005	64	0	0	0	0	ABSTAIN	A	0	0	0
H5B-O-20-05#s100r005	64	0	0	0	0	ABSTAIN	A	0	0	0
H5B-O-20-06#s100r005	64	0	0	0	0	ABSTAIN	A	0	0	0
H5B-O-20-07#s100r005	64	0	0	0	0	ABSTAIN	A	0	0	0
H5B-O-20-08#s100r005	64	0	0	0	0	ABSTAIN	A	0	0	0
H5B-O-20-09#s100r005	64	0	0	0	0	ABSTAIN	A	0	0	0
H5B-O-40-00#s100r005	64	0	0	0	0	ABSTAIN	A	0	0	0
H5B-O-40-01#s100r005	64	0	0	0	0	ABSTAIN	A	0	0	0
H5B-O-40-02#s100r005	64	0	0	0	0	ABSTAIN	A	0	0	0
H5B-O-40-03#s100r005	64	0	0	0	0	ABSTAIN	A	0	0	0
H5B-O-40-04#s100r005	64	0	0	0	0	ABSTAIN	A	0	0	0
H5B-O-40-05#s100r005	64	0	0	0	0	ABSTAIN	A	0	0	0
H5B-O-40-06#s100r005	64	0	0	0	0	ABSTAIN	A	0	0	0
H5B-O-40-07#s100r005	64	0	0	0	0	ABSTAIN	A	0	0	0
H5B-O-40-08#s100r005	64	0	0	0	0	ABSTAIN	A	0	0	0
H5B-O-40-09#s100r005	64	0	0	0	0	ABSTAIN	A	0	0	0
H5B-D-0-00#s100r005	64	0	0	0	0	RELEASE	1	685	0	0
H5B-D-0-01#s100r005	64	0	0	0	0	RELEASE	1	686	0	0
H5B-D-0-02#s100r005	64	0	0	0	0	RELEASE	1	687	0	0
H5B-D-0-03#s100r005	64	0	0	0	0	RELEASE	1	688	0	0
H5B-D-0-04#s100r005	64	0	0	0	0	RELEASE	1	688	0	0
H5B-D-0-05#s100r005	64	0	0	0	0	RELEASE	1	689	0	0
H5B-D-0-06#s100r005	64	0	0	0	0	RELEASE	1	690	0	0
H5B-D-0-07#s100r005	64	0	0	0	0	RELEASE	1	691	0	0
H5B-D-0-08#s100r005	64	0	0	0	0	RELEASE	1	692	0	0
H5B-D-0-09#s100r005	64	0	0	0	0	RELEASE	1	692	0	0
H5B-D-1-00#s100r005	64	0	0	0	0	ABSTAIN	A	0	0	0
H5B-D-1-01#s100r005	64	0	0	0	0	ABSTAIN	A	0	0	0
H5B-D-1-02#s100r005	64	0	0	0	0	ABSTAIN	A	0	0	0
H5B-D-1-03#s100r005	64	0	0	0	0	ABSTAIN	A	0	0	0
H5B-D-1-04#s100r005	64	0	0	0	0	ABSTAIN	A	0	0	0
H5B-D-1-05#s100r005	64	0	0	0	0	ABSTAIN	A	0	0	0
H5B-D-1-06#s100r005	64	0	0	0	0	ABSTAIN	A	0	0	0
H5B-D-1-07#s100r005	64	0	0	0	0	ABSTAIN	A	0	0	0
H5B-D-1-08#s100r005	64	0	0	0	0	ABSTAIN	A	0	0	0
H5B-D-1-09#s100r005	64	0	0	0	0	ABSTAIN	A	0	0	0
H5B-D-2-00#s100r005	64	0	0	0	0	ABSTAIN	A	0	0	0
H5B-D-2-01#s100r005	64	0	0	0	0	ABSTAIN	A	0	0	0
H5B-D-2-02#s100r005	64	0	0	0	0	ABSTAIN	A	0	0	0
H5B-D-2-03#s100r005	64	0	0	0	0	ABSTAIN	A	0	0	0
H5B-D-2-04#s100r005	64	0	0	0	0	ABSTAIN	A	0	0	0
H5B-D-2-05#s100r005	64	0	0	0	0	ABSTAIN	A	0	0	0
H5B-D-2-06#s100r005	64	0	0	0	0	ABSTAIN	A	0	0	0
H5B-D-2-07#s100r005	64	0	0	0	0	ABSTAIN	A	0	0	0
H5B-D-2-08#s100r005	64	0	0	0	0	ABSTAIN	A	0	0	0
H5B-D-2-09#s100r005	64	0	0	0	0	ABSTAIN	A	0	0	0
H5B-D-6-00#s100r005	64	0	0	0	0	ABSTAIN	A	0	0	0
H5B-D-6-01#s100r005	64	0	0	0	0	ABSTAIN	A	0	0	0
H5B-D-6-02#s100r005	64	0	0	0	0	ABSTAIN	A	0	0	0
H5B-D-6-03#s100r005	64	0	0	0	0	ABSTAIN	A	0	0	0
H5B-D-6-04#s100r005	64	0	0	0	0	ABSTAIN	A	0	0	0
H5B-D-6-05#s100r005	64	0	0	0	0	ABSTAIN	A	0	0	0
H5B-D-6-06#s100r005	64	0	0	0	0	ABSTAIN	A	0	0	0
H5B-D-6-07#s100r005	64	0	0	0	0	ABSTAIN	A	0	0	0
H5B-D-6-08#s100r005	64	0	0	0	0	ABSTAIN	A	0	0	0
H5B-D-6-09#s100r005	64	0	0	0	0	ABSTAIN	A	0	0	0
H5B-P-06-00#s100r006	64	0	0	0	0	ABSTAIN	A	0	0	0
H5B-P-06-01#s100r006	64	0	0	0	0	ABSTAIN	A	0	0	0
H5B-P-06-02#s100r006	64	0	0	0	0	ABSTAIN	A	0	0	0
H5B-P-06-03#s100r006	64	0	0	0	0	ABSTAIN	A	0	0	0
H5B-P-06-04#s100r006	64	0	0	0	0	ABSTAIN	A	0	0	0
H5B-P-06-05#s100r006	64	0	0	0	0	ABSTAIN	A	0	0	0
H5B-P-06-06#s100r006	64	0	0	0	0	ABSTAIN	A	0	0	0
H5B-P-06-07#s100r006	64	0	0	0	0	ABSTAIN	A	0	0	0
H5B-P-06-08#s100r006	64	0	0	0	0	ABSTAIN	A	0	0	0
H5B-P-06-09#s100r006	64	0	0	0	0	ABSTAIN	A	0	0	0
H5B-P-12-00#s100r006	64	0	0	0	0	ABSTAIN	A	0	0	0
H5B-P-12-01#s100r006	64	0	0	0	0	ABSTAIN	A	0	0	0
H5B-P-12-02#s100r006	64	0	0	0	0	ABSTAIN	A	0	0	0
H5B-P-12-03#s100r006	64	0	0	0	0	ABSTAIN	A	0	0	0
H5B-P-12-04#s100r006	64	0	0	0	0	ABSTAIN	A	0	0	0
H5B-P-12-05#s100r006	64	0	0	0	0	ABSTAIN	A	0	0	0
H5B-P-12-06#s100r006	64	0	0	0	0	ABSTAIN	A	0	0	0
H5B-P-12-07#s100r006	64	0	0	0	0	ABSTAIN	A	0	0	0
H5B-P-12-08#s100r006	64	0	0	0	0	ABSTAIN	A	0	0	0
H5B-P-12-09#s100r006	64	0	0	0	0	ABSTAIN	A	0	0	0
H5B-P-20-00#s100r006	64	0	0	0	0	ABSTAIN	A	0	0	0
H5B-P-20-01#s100r006	64	0	0	0	0	ABSTAIN	A	0	0	0
H5B-P-20-02#s100r006	64	0	0	0	0	ABSTAIN	A	0	0	0
H5B-P-20-03#s100r006	64	0	0	0	0	ABSTAIN	A	0	0	0
H5B-P-20-04#s100r006	64	0	0	0	0	ABSTAIN	A	0	0	0
H5B-P-20-05#s100r006	64	0	0	0	0	ABSTAIN	A	0	0	0
H5B-P-20-06#s100r006	64	0	0	0	0	ABSTAIN	A	0	0	0
H5B-P-20-07#s100r006	64	0	0	0	0	ABSTAIN	A	0	0	0
H5B-P-20-08#s100r006	64	0	0	0	0	ABSTAIN	A	0	0	0
H5B-P-20-09#s100r006	64	0	0	0	0	ABSTAIN	A	0	0	0
H5B-P-40-00#s100r006	64	0	0	0	0	ABSTAIN	A	0	0	0
H5B-P-40-01#s100r006	64	0	0	0	0	ABSTAIN	A	0	0	0
H5B-P-40-02#s100r006	64	0	0	0	0	ABSTAIN	A	0	0	0
H5B-P-40-03#s100r006	64	0	0	0	0	ABSTAIN	A	0	0	0
H5B-P-40-04#s100r006	64	0	0	0	0	ABSTAIN	A	0	0	0
H5B-P-40-05#s100r006	64	0	0	0	0	ABSTAIN	A	0	0	0
H5B-P-40-06#s100r006	64	0	0	0	0	ABSTAIN	A	0	0	0
H5B-P-40-07#s100r006	64	0	0	0	0	ABSTAIN	A	0	0	0
H5B-P-40-08#s100r006	64	0	0	0	0	ABSTAIN	A	0	0	0
H5B-P-40-09#s100r006	64	0	0	0	0	ABSTAIN	A	0	0	0
H5B-O-06-00#s100r006	64	0	0	0	0	ABSTAIN	A	0	0	0
H5B-O-06-01#s100r006	64	0	0	0	0	ABSTAIN	A	0	0	0
H5B-O-06-02#s100r006	64	0	0	0	0	ABSTAIN	A	0	0	0
H5B-O-06-03#s100r006	64	0	0	0	0	ABSTAIN	A	0	0	0
H5B-O-06-04#s100r006	64	0	0	0	0	ABSTAIN	A	0	0	0
H5B-O-06-05#s100r006	64	0	0	0	0	ABSTAIN	A	0	0	0
H5B-O-06-06#s100r006	64	0	0	0	0	ABSTAIN	A	0	0	0
H5B-O-06-07#s100r006	64	0	0	0	0	ABSTAIN	A	0	0	0
H5B-O-06-08#s100r006	64	0	0	0	0	ABSTAIN	A	0	0	0
H5B-O-06-09#s100r006	64	0	0	0	0	ABSTAIN	A	0	0	0
H5B-O-12-00#s100r006	64	0	0	0	0	ABSTAIN	A	0	0	0
H5B-O-12-01#s100r006	64	0	0	0	0	ABSTAIN	A	0	0	0
H5B-O-12-02#s100r006	64	0	0	0	0	ABSTAIN	A	0	0	0
H5B-O-12-03#s100r006	64	0	0	0	0	ABSTAIN	A	0	0	0
H5B-O-12-04#s100r006	64	0	0	0	0	ABSTAIN	A	0	0	0
H5B-O-12-05#s100r006	64	0	0	0	0	ABSTAIN	A	0	0	0
H5B-O-12-06#s100r006	64	0	0	0	0	ABSTAIN	A	0	0	0
H5B-O-12-07#s100r006	64	0	0	0	0	ABSTAIN	A	0	0	0
H5B-O-12-08#s100r006	64	0	0	0	0	ABSTAIN	A	0	0	0
H5B-O-12-09#s100r006	64	0	0	0	0	ABSTAIN	A	0	0	0
H5B-O-20-00#s100r006	64	0	0	0	0	ABSTAIN	A	0	0	0
H5B-O-20-01#s100r006	64	0	0	0	0	ABSTAIN	A	0	0	0
H5B-O-20-02#s100r006	64	0	0	0	0	ABSTAIN	A	0	0	0
H5B-O-20-03#s100r006	64	0	0	0	0	ABSTAIN	A	0	0	0
H5B-O-20-04#s100r006	64	0	0	0	0	ABSTAIN	A	0	0	0
H5B-O-20-05#s100r006	64	0	0	0	0	ABSTAIN	A	0	0	0
H5B-O-20-06#s100r006	64	0	0	0	0	ABSTAIN	A	0	0	0
H5B-O-20-07#s100r006	64	0	0	0	0	ABSTAIN	A	0	0	0
H5B-O-20-08#s100r006	64	0	0	0	0	ABSTAIN	A	0	0	0
H5B-O-20-09#s100r006	64	0	0	0	0	ABSTAIN	A	0	0	0
H5B-O-40-00#s100r006	64	0	0	0	0	ABSTAIN	A	0	0	0
H5B-O-40-01#s100r006	64	0	0	0	0	ABSTAIN	A	0	0	0
H5B-O-40-02#s100r006	64	0	0	0	0	ABSTAIN	A	0	0	0
H5B-O-40-03#s100r006	64	0	0	0	0	ABSTAIN	A	0	0	0
H5B-O-40-04#s100r006	64	0	0	0	0	ABSTAIN	A	0	0	0
H5B-O-40-05#s100r006	64	0	0	0	0	ABSTAIN	A	0	0	0
H5B-O-40-06#s100r006	64	0	0	0	0	ABSTAIN	A	0	0	0
H5B-O-40-07#s100r006	64	0	0	0	0	ABSTAIN	A	0	0	0
H5B-O-40-08#s100r006	64	0	0	0	0	ABSTAIN	A	0	0	0
H5B-O-40-09#s100r006	64	0	0	0	0	ABSTAIN	A	0	0	0
H5B-D-0-00#s100r006	64	0	0	0	0	RELEASE	1	680	0	0
H5B-D-0-01#s100r006	64	0	0	0	0	RELEASE	1	681	0	0
H5B-D-0-02#s100r006	64	0	0	0	0	RELEASE	1	681	0	0
H5B-D-0-03#s100r006	64	0	0	0	0	RELEASE	1	682	0	0
H5B-D-0-04#s100r006	64	0	0	0	0	RELEASE	1	683	0	0
H5B-D-0-05#s100r006	64	0	0	0	0	RELEASE	1	684	0	0
H5B-D-0-06#s100r006	64	0	0	0	0	RELEASE	1	684	0	0
H5B-D-0-07#s100r006	64	0	0	0	0	RELEASE	1	685	0	0
H5B-D-0-08#s100r006	64	0	0	0	0	RELEASE	1	685	0	0
H5B-D-0-09#s100r006	64	0	0	0	0	RELEASE	1	686	0	0
H5B-D-1-00#s100r006	64	0	0	0	0	ABSTAIN	A	0	0	0
H5B-D-1-01#s100r006	64	0	0	0	0	ABSTAIN	A	0	0	0
H5B-D-1-02#s100r006	64	0	0	0	0	ABSTAIN	A	0	0	0
H5B-D-1-03#s100r006	64	0	0	0	0	ABSTAIN	A	0	0	0
H5B-D-1-04#s100r006	64	0	0	0	0	ABSTAIN	A	0	0	0
H5B-D-1-05#s100r006	64	0	0	0	0	ABSTAIN	A	0	0	0
H5B-D-1-06#s100r006	64	0	0	0	0	ABSTAIN	A	0	0	0
H5B-D-1-07#s100r006	64	0	0	0	0	ABSTAIN	A	0	0	0
H5B-D-1-08#s100r006	64	0	0	0	0	ABSTAIN	A	0	0	0
H5B-D-1-09#s100r006	64	0	0	0	0	ABSTAIN	A	0	0	0
H5B-D-2-00#s100r006	64	0	0	0	0	ABSTAIN	A	0	0	0
H5B-D-2-01#s100r006	64	0	0	0	0	ABSTAIN	A	0	0	0
H5B-D-2-02#s100r006	64	0	0	0	0	ABSTAIN	A	0	0	0
H5B-D-2-03#s100r006	64	0	0	0	0	ABSTAIN	A	0	0	0
H5B-D-2-04#s100r006	64	0	0	0	0	ABSTAIN	A	0	0	0
H5B-D-2-05#s100r006	64	0	0	0	0	ABSTAIN	A	0	0	0
H5B-D-2-06#s100r006	64	0	0	0	0	ABSTAIN	A	0	0	0
H5B-D-2-07#s100r006	64	0	0	0	0	ABSTAIN	A	0	0	0
H5B-D-2-08#s100r006	64	0	0	0	0	ABSTAIN	A	0	0	0
H5B-D-2-09#s100r006	64	0	0	0	0	ABSTAIN	A	0	0	0
H5B-D-6-00#s100r006	64	0	0	0	0	ABSTAIN	A	0	0	0
H5B-D-6-01#s100r006	64	0	0	0	0	ABSTAIN	A	0	0	0
H5B-D-6-02#s100r006	64	0	0	0	0	ABSTAIN	A	0	0	0
H5B-D-6-03#s100r006	64	0	0	0	0	ABSTAIN	A	0	0	0
H5B-D-6-04#s100r006	64	0	0	0	0	ABSTAIN	A	0	0	0
H5B-D-6-05#s100r006	64	0	0	0	0	ABSTAIN	A	0	0	0
H5B-D-6-06#s100r006	64	0	0	0	0	ABSTAIN	A	0	0	0
H5B-D-6-07#s100r006	64	0	0	0	0	ABSTAIN	A	0	0	0
H5B-D-6-08#s100r006	64	0	0	0	0	ABSTAIN	A	0	0	0
H5B-D-6-09#s100r006	64	0	0	0	0	ABSTAIN	A	0	0	0
H5B-P-06-00#s100r007	64	0	0	0	0	ABSTAIN	A	0	0	0
H5B-P-06-01#s100r007	64	0	0	0	0	ABSTAIN	A	0	0	0
H5B-P-06-02#s100r007	64	0	0	0	0	ABSTAIN	A	0	0	0
H5B-P-06-03#s100r007	64	0	0	0	0	ABSTAIN	A	0	0	0
H5B-P-06-04#s100r007	64	0	0	0	0	ABSTAIN	A	0	0	0
H5B-P-06-05#s100r007	64	0	0	0	0	ABSTAIN	A	0	0	0
H5B-P-06-06#s100r007	64	0	0	0	0	ABSTAIN	A	0	0	0
H5B-P-06-07#s100r007	64	0	0	0	0	ABSTAIN	A	0	0	0
H5B-P-06-08#s100r007	64	0	0	0	0	ABSTAIN	A	0	0	0
H5B-P-06-09#s100r007	64	0	0	0	0	ABSTAIN	A	0	0	0
H5B-P-12-00#s100r007	64	0	0	0	0	ABSTAIN	A	0	0	0
H5B-P-12-01#s100r007	64	0	0	0	0	ABSTAIN	A	0	0	0
H5B-P-12-02#s100r007	64	0	0	0	0	ABSTAIN	A	0	0	0
H5B-P-12-03#s100r007	64	0	0	0	0	ABSTAIN	A	0	0	0
H5B-P-12-04#s100r007	64	0	0	0	0	ABSTAIN	A	0	0	0
H5B-P-12-05#s100r007	64	0	0	0	0	ABSTAIN	A	0	0	0
H5B-P-12-06#s100r007	64	0	0	0	0	ABSTAIN	A	0	0	0
H5B-P-12-07#s100r007	64	0	0	0	0	ABSTAIN	A	0	0	0
H5B-P-12-08#s100r007	64	0	0	0	0	ABSTAIN	A	0	0	0
H5B-P-12-09#s100r007	64	0	0	0	0	ABSTAIN	A	0	0	0
H5B-P-20-00#s100r007	64	0	0	0	0	ABSTAIN	A	0	0	0
H5B-P-20-01#s100r007	64	0	0	0	0	ABSTAIN	A	0	0	0
H5B-P-20-02#s100r007	64	0	0	0	0	ABSTAIN	A	0	0	0
H5B-P-20-03#s100r007	64	0	0	0	0	ABSTAIN	A	0	0	0
H5B-P-20-04#s100r007	64	0	0	0	0	ABSTAIN	A	0	0	0
H5B-P-20-05#s100r007	64	0	0	0	0	ABSTAIN	A	0	0	0
H5B-P-20-06#s100r007	64	0	0	0	0	ABSTAIN	A	0	0	0
H5B-P-20-07#s100r007	64	0	0	0	0	ABSTAIN	A	0	0	0
H5B-P-20-08#s100r007	64	0	0	0	0	ABSTAIN	A	0	0	0
H5B-P-20-09#s100r007	64	0	0	0	0	ABSTAIN	A	0	0	0
H5B-P-40-00#s100r007	64	0	0	0	0	ABSTAIN	A	0	0	0
H5B-P-40-01#s100r007	64	0	0	0	0	ABSTAIN	A	0	0	0
H5B-P-40-02#s100r007	64	0	0	0	0	ABSTAIN	A	0	0	0
H5B-P-40-03#s100r007	64	0	0	0	0	ABSTAIN	A	0	0	0
H5B-P-40-04#s100r007	64	0	0	0	0	ABSTAIN	A	0	0	0
H5B-P-40-05#s100r007	64	0	0	0	0	ABSTAIN	A	0	0	0
H5B-P-40-06#s100r007	64	0	0	0	0	ABSTAIN	A	0	0	0
H5B-P-40-07#s100r007	64	0	0	0	0	ABSTAIN	A	0	0	0
H5B-P-40-08#s100r007	64	0	0	0	0	ABSTAIN	A	0	0	0
H5B-P-40-09#s100r007	64	0	0	0	0	ABSTAIN	A	0	0	0
H5B-O-06-00#s100r007	64	0	0	0	0	ABSTAIN	A	0	0	0
H5B-O-06-01#s100r007	64	0	0	0	0	ABSTAIN	A	0	0	0
H5B-O-06-02#s100r007	64	0	0	0	0	ABSTAIN	A	0	0	0
H5B-O-06-03#s100r007	64	0	0	0	0	ABSTAIN	A	0	0	0
H5B-O-06-04#s100r007	64	0	0	0	0	ABSTAIN	A	0	0	0
H5B-O-06-05#s100r007	64	0	0	0	0	ABSTAIN	A	0	0	0
H5B-O-06-06#s100r007	64	0	0	0	0	ABSTAIN	A	0	0	0
H5B-O-06-07#s100r007	64	0	0	0	0	ABSTAIN	A	0	0	0
H5B-O-06-08#s100r007	64	0	0	0	0	ABSTAIN	A	0	0	0
H5B-O-06-09#s100r007	64	0	0	0	0	ABSTAIN	A	0	0	0
H5B-O-12-00#s100r007	64	0	0	0	0	ABSTAIN	A	0	0	0
H5B-O-12-01#s100r007	64	0	0	0	0	ABSTAIN	A	0	0	0
H5B-O-12-02#s100r007	64	0	0	0	0	ABSTAIN	A	0	0	0
H5B-O-12-03#s100r007	64	0	0	0	0	ABSTAIN	A	0	0	0
H5B-O-12-04#s100r007	64	0	0	0	0	ABSTAIN	A	0	0	0
H5B-O-12-05#s100r007	64	0	0	0	0	ABSTAIN	A	0	0	0
H5B-O-12-06#s100r007	64	0	0	0	0	ABSTAIN	A	0	0	0
H5B-O-12-07#s100r007	64	0	0	0	0	ABSTAIN	A	0	0	0
H5B-O-12-08#s100r007	64	0	0	0	0	ABSTAIN	A	0	0	0
H5B-O-12-09#s100r007	64	0	0	0	0	ABSTAIN	A	0	0	0
H5B-O-20-00#s100r007	64	0	0	0	0	ABSTAIN	A	0	0	0
H5B-O-20-01#s100r007	64	0	0	0	0	ABSTAIN	A	0	0	0
H5B-O-20-02#s100r007	64	0	0	0	0	ABSTAIN	A	0	0	0
H5B-O-20-03#s100r007	64	0	0	0	0	ABSTAIN	A	0	0	0
H5B-O-20-04#s100r007	64	0	0	0	0	ABSTAIN	A	0	0	0
H5B-O-20-05#s100r007	64	0	0	0	0	ABSTAIN	A	0	0	0
H5B-O-20-06#s100r007	64	0	0	0	0	ABSTAIN	A	0	0	0
H5B-O-20-07#s100r007	64	0	0	0	0	ABSTAIN	A	0	0	0
H5B-O-20-08#s100r007	64	0	0	0	0	ABSTAIN	A	0	0	0
H5B-O-20-09#s100r007	64	0	0	0	0	ABSTAIN	A	0	0	0
H5B-O-40-00#s100r007	64	0	0	0	0	ABSTAIN	A	0	0	0
H5B-O-40-01#s100r007	64	0	0	0	0	ABSTAIN	A	0	0	0
H5B-O-40-02#s100r007	64	0	0	0	0	ABSTAIN	A	0	0	0
H5B-O-40-03#s100r007	64	0	0	0	0	ABSTAIN	A	0	0	0
H5B-O-40-04#s100r007	64	0	0	0	0	ABSTAIN	A	0	0	0
H5B-O-40-05#s100r007	64	0	0	0	0	ABSTAIN	A	0	0	0
H5B-O-40-06#s100r007	64	0	0	0	0	ABSTAIN	A	0	0	0
H5B-O-40-07#s100r007	64	0	0	0	0	ABSTAIN	A	0	0	0
H5B-O-40-08#s100r007	64	0	0	0	0	ABSTAIN	A	0	0	0
H5B-O-40-09#s100r007	64	0	0	0	0	ABSTAIN	A	0	0	0
H5B-D-0-00#s100r007	64	0	0	0	0	RELEASE	1	677	0	0
H5B-D-0-01#s100r007	64	0	0	0	0	RELEASE	1	677	0	0
H5B-D-0-02#s100r007	64	0	0	0	0	RELEASE	1	678	0	0
H5B-D-0-03#s100r007	64	0	0	0	0	RELEASE	1	678	0	0
H5B-D-0-04#s100r007	64	0	0	0	0	RELEASE	1	679	0	0
H5B-D-0-05#s100r007	64	0	0	0	0	RELEASE	1	680	0	0
H5B-D-0-06#s100r007	64	0	0	0	0	RELEASE	1	680	0	0
H5B-D-0-07#s100r007	64	0	0	0	0	RELEASE	1	681	0	0
H5B-D-0-08#s100r007	64	0	0	0	0	RELEASE	1	681	0	0
H5B-D-0-09#s100r007	64	0	0	0	0	RELEASE	1	682	0	0
H5B-D-1-00#s100r007	64	0	0	0	0	ABSTAIN	A	0	0	0
H5B-D-1-01#s100r007	64	0	0	0	0	ABSTAIN	A	0	0	0
H5B-D-1-02#s100r007	64	0	0	0	0	ABSTAIN	A	0	0	0
H5B-D-1-03#s100r007	64	0	0	0	0	ABSTAIN	A	0	0	0
H5B-D-1-04#s100r007	64	0	0	0	0	ABSTAIN	A	0	0	0
H5B-D-1-05#s100r007	64	0	0	0	0	ABSTAIN	A	0	0	0
H5B-D-1-06#s100r007	64	0	0	0	0	ABSTAIN	A	0	0	0
H5B-D-1-07#s100r007	64	0	0	0	0	ABSTAIN	A	0	0	0
H5B-D-1-08#s100r007	64	0	0	0	0	ABSTAIN	A	0	0	0
H5B-D-1-09#s100r007	64	0	0	0	0	ABSTAIN	A	0	0	0
H5B-D-2-00#s100r007	64	0	0	0	0	ABSTAIN	A	0	0	0
H5B-D-2-01#s100r007	64	0	0	0	0	ABSTAIN	A	0	0	0
H5B-D-2-02#s100r007	64	0	0	0	0	ABSTAIN	A	0	0	0
H5B-D-2-03#s100r007	64	0	0	0	0	ABSTAIN	A	0	0	0
H5B-D-2-04#s100r007	64	0	0	0	0	ABSTAIN	A	0	0	0
H5B-D-2-05#s100r007	64	0	0	0	0	ABSTAIN	A	0	0	0
H5B-D-2-06#s100r007	64	0	0	0	0	ABSTAIN	A	0	0	0
H5B-D-2-07#s100r007	64	0	0	0	0	ABSTAIN	A	0	0	0
H5B-D-2-08#s100r007	64	0	0	0	0	ABSTAIN	A	0	0	0
H5B-D-2-09#s100r007	64	0	0	0	0	ABSTAIN	A	0	0	0
H5B-D-6-00#s100r007	64	0	0	0	0	ABSTAIN	A	0	0	0
H5B-D-6-01#s100r007	64	0	0	0	0	ABSTAIN	A	0	0	0
H5B-D-6-02#s100r007	64	0	0	0	0	ABSTAIN	A	0	0	0
H5B-D-6-03#s100r007	64	0	0	0	0	ABSTAIN	A	0	0	0
H5B-D-6-04#s100r007	64	0	0	0	0	ABSTAIN	A	0	0	0
H5B-D-6-05#s100r007	64	0	0	0	0	ABSTAIN	A	0	0	0
H5B-D-6-06#s100r007	64	0	0	0	0	ABSTAIN	A	0	0	0
H5B-D-6-07#s100r007	64	0	0	0	0	ABSTAIN	A	0	0	0
H5B-D-6-08#s100r007	64	0	0	0	0	ABSTAIN	A	0	0	0
H5B-D-6-09#s100r007	64	0	0	0	0	ABSTAIN	A	0	0	0
H5B-P-06-00#s100r008	64	0	0	0	0	ABSTAIN	A	0	0	0
H5B-P-06-01#s100r008	64	0	0	0	0	ABSTAIN	A	0	0	0
H5B-P-06-02#s100r008	64	0	0	0	0	ABSTAIN	A	0	0	0
H5B-P-06-03#s100r008	64	0	0	0	0	ABSTAIN	A	0	0	0
H5B-P-06-04#s100r008	64	0	0	0	0	ABSTAIN	A	0	0	0
H5B-P-06-05#s100r008	64	0	0	0	0	ABSTAIN	A	0	0	0
H5B-P-06-06#s100r008	64	0	0	0	0	ABSTAIN	A	0	0	0
H5B-P-06-07#s100r008	64	0	0	0	0	ABSTAIN	A	0	0	0
H5B-P-06-08#s100r008	64	0	0	0	0	ABSTAIN	A	0	0	0
H5B-P-06-09#s100r008	64	0	0	0	0	ABSTAIN	A	0	0	0
H5B-P-12-00#s100r008	64	0	0	0	0	ABSTAIN	A	0	0	0
H5B-P-12-01#s100r008	64	0	0	0	0	ABSTAIN	A	0	0	0
H5B-P-12-02#s100r008	64	0	0	0	0	ABSTAIN	A	0	0	0
H5B-P-12-03#s100r008	64	0	0	0	0	ABSTAIN	A	0	0	0
H5B-P-12-04#s100r008	64	0	0	0	0	ABSTAIN	A	0	0	0
H5B-P-12-05#s100r008	64	0	0	0	0	ABSTAIN	A	0	0	0
H5B-P-12-06#s100r008	64	0	0	0	0	ABSTAIN	A	0	0	0
H5B-P-12-07#s100r008	64	0	0	0	0	ABSTAIN	A	0	0	0
H5B-P-12-08#s100r008	64	0	0	0	0	ABSTAIN	A	0	0	0
H5B-P-12-09#s100r008	64	0	0	0	0	ABSTAIN	A	0	0	0
H5B-P-20-00#s100r008	64	0	0	0	0	ABSTAIN	A	0	0	0
H5B-P-20-01#s100r008	64	0	0	0	0	ABSTAIN	A	0	0	0
H5B-P-20-02#s100r008	64	0	0	0	0	ABSTAIN	A	0	0	0
H5B-P-20-03#s100r008	64	0	0	0	0	ABSTAIN	A	0	0	0
H5B-P-20-04#s100r008	64	0	0	0	0	ABSTAIN	A	0	0	0
H5B-P-20-05#s100r008	64	0	0	0	0	ABSTAIN	A	0	0	0
H5B-P-20-06#s100r008	64	0	0	0	0	ABSTAIN	A	0	0	0
H5B-P-20-07#s100r008	64	0	0	0	0	ABSTAIN	A	0	0	0
H5B-P-20-08#s100r008	64	0	0	0	0	ABSTAIN	A	0	0	0
H5B-P-20-09#s100r008	64	0	0	0	0	ABSTAIN	A	0	0	0
H5B-P-40-00#s100r008	64	0	0	0	0	ABSTAIN	A	0	0	0
H5B-P-40-01#s100r008	64	0	0	0	0	ABSTAIN	A	0	0	0
H5B-P-40-02#s100r008	64	0	0	0	0	ABSTAIN	A	0	0	0
H5B-P-40-03#s100r008	64	0	0	0	0	ABSTAIN	A	0	0	0
H5B-P-40-04#s100r008	64	0	0	0	0	ABSTAIN	A	0	0	0
H5B-P-40-05#s100r008	64	0	0	0	0	ABSTAIN	A	0	0	0
H5B-P-40-06#s100r008	64	0	0	0	0	ABSTAIN	A	0	0	0
H5B-P-40-07#s100r008	64	0	0	0	0	ABSTAIN	A	0	0	0
H5B-P-40-08#s100r008	64	0	0	0	0	ABSTAIN	A	0	0	0
H5B-P-40-09#s100r008	64	0	0	0	0	ABSTAIN	A	0	0	0
H5B-O-06-00#s100r008	64	0	0	0	0	ABSTAIN	A	0	0	0
H5B-O-06-01#s100r008	64	0	0	0	0	ABSTAIN	A	0	0	0
H5B-O-06-02#s100r008	64	0	0	0	0	ABSTAIN	A	0	0	0
H5B-O-06-03#s100r008	64	0	0	0	0	ABSTAIN	A	0	0	0
H5B-O-06-04#s100r008	64	0	0	0	0	ABSTAIN	A	0	0	0
H5B-O-06-05#s100r008	64	0	0	0	0	ABSTAIN	A	0	0	0
H5B-O-06-06#s100r008	64	0	0	0	0	ABSTAIN	A	0	0	0
H5B-O-06-07#s100r008	64	0	0	0	0	ABSTAIN	A	0	0	0
H5B-O-06-08#s100r008	64	0	0	0	0	ABSTAIN	A	0	0	0
H5B-O-06-09#s100r008	64	0	0	0	0	ABSTAIN	A	0	0	0
H5B-O-12-00#s100r008	64	0	0	0	0	ABSTAIN	A	0	0	0
H5B-O-12-01#s100r008	64	0	0	0	0	ABSTAIN	A	0	0	0
H5B-O-12-02#s100r008	64	0	0	0	0	ABSTAIN	A	0	0	0
H5B-O-12-03#s100r008	64	0	0	0	0	ABSTAIN	A	0	0	0
H5B-O-12-04#s100r008	64	0	0	0	0	ABSTAIN	A	0	0	0
H5B-O-12-05#s100r008	64	0	0	0	0	ABSTAIN	A	0	0	0
H5B-O-12-06#s100r008	64	0	0	0	0	ABSTAIN	A	0	0	0
H5B-O-12-07#s100r008	64	0	0	0	0	ABSTAIN	A	0	0	0
H5B-O-12-08#s100r008	64	0	0	0	0	ABSTAIN	A	0	0	0
H5B-O-12-09#s100r008	64	0	0	0	0	ABSTAIN	A	0	0	0
H5B-O-20-00#s100r008	64	0	0	0	0	ABSTAIN	A	0	0	0
H5B-O-20-01#s100r008	64	0	0	0	0	ABSTAIN	A	0	0	0
H5B-O-20-02#s100r008	64	0	0	0	0	ABSTAIN	A	0	0	0
H5B-O-20-03#s100r008	64	0	0	0	0	ABSTAIN	A	0	0	0
H5B-O-20-04#s100r008	64	0	0	0	0	ABSTAIN	A	0	0	0
H5B-O-20-05#s100r008	64	0	0	0	0	ABSTAIN	A	0	0	0
H5B-O-20-06#s100r008	64	0	0	0	0	ABSTAIN	A	0	0	0
H5B-O-20-07#s100r008	64	0	0	0	0	ABSTAIN	A	0	0	0
H5B-O-20-08#s100r008	64	0	0	0	0	ABSTAIN	A	0	0	0
H5B-O-20-09#s100r008	64	0	0	0	0	ABSTAIN	A	0	0	0
H5B-O-40-00#s100r008	64	0	0	0	0	ABSTAIN	A	0	0	0
H5B-O-40-01#s100r008	64	0	0	0	0	ABSTAIN	A	0	0	0
H5B-O-40-02#s100r008	64	0	0	0	0	ABSTAIN	A	0	0	0
H5B-O-40-03#s100r008	64	0	0	0	0	ABSTAIN	A	0	0	0
H5B-O-40-04#s100r008	64	0	0	0	0	ABSTAIN	A	0	0	0
H5B-O-40-05#s100r008	64	0	0	0	0	ABSTAIN	A	0	0	0
H5B-O-40-06#s100r008	64	0	0	0	0	ABSTAIN	A	0	0	0
H5B-O-40-07#s100r008	64	0	0	0	0	ABSTAIN	A	0	0	0
H5B-O-40-08#s100r008	64	0	0	0	0	ABSTAIN	A	0	0	0
H5B-O-40-09#s100r008	64	0	0	0	0	ABSTAIN	A	0	0	0
H5B-D-0-00#s100r008	64	0	0	0	0	RELEASE	1	674	0	0
H5B-D-0-01#s100r008	64	0	0	0	0	RELEASE	1	675	0	0
H5B-D-0-02#s100r008	64	0	0	0	0	RELEASE	1	675	0	0
H5B-D-0-03#s100r008	64	0	0	0	0	RELEASE	1	676	0	0
H5B-D-0-04#s100r008	64	0	0	0	0	RELEASE	1	676	0	0
H5B-D-0-05#s100r008	64	0	0	0	0	RELEASE	1	677	0	0
H5B-D-0-06#s100r008	64	0	0	0	0	RELEASE	1	677	0	0
H5B-D-0-07#s100r008	64	0	0	0	0	RELEASE	1	678	0	0
H5B-D-0-08#s100r008	64	0	0	0	0	RELEASE	1	678	0	0
H5B-D-0-09#s100r008	64	0	0	0	0	RELEASE	1	679	0	0
H5B-D-1-00#s100r008	64	0	0	0	0	ABSTAIN	A	0	0	0
H5B-D-1-01#s100r008	64	0	0	0	0	ABSTAIN	A	0	0	0
H5B-D-1-02#s100r008	64	0	0	0	0	ABSTAIN	A	0	0	0
H5B-D-1-03#s100r008	64	0	0	0	0	ABSTAIN	A	0	0	0
H5B-D-1-04#s100r008	64	0	0	0	0	ABSTAIN	A	0	0	0
H5B-D-1-05#s100r008	64	0	0	0	0	ABSTAIN	A	0	0	0
H5B-D-1-06#s100r008	64	0	0	0	0	ABSTAIN	A	0	0	0
H5B-D-1-07#s100r008	64	0	0	0	0	ABSTAIN	A	0	0	0
H5B-D-1-08#s100r008	64	0	0	0	0	ABSTAIN	A	0	0	0
H5B-D-1-09#s100r008	64	0	0	0	0	ABSTAIN	A	0	0	0
H5B-D-2-00#s100r008	64	0	0	0	0	ABSTAIN	A	0	0	0
H5B-D-2-01#s100r008	64	0	0	0	0	ABSTAIN	A	0	0	0
H5B-D-2-02#s100r008	64	0	0	0	0	ABSTAIN	A	0	0	0
H5B-D-2-03#s100r008	64	0	0	0	0	ABSTAIN	A	0	0	0
H5B-D-2-04#s100r008	64	0	0	0	0	ABSTAIN	A	0	0	0
H5B-D-2-05#s100r008	64	0	0	0	0	ABSTAIN	A	0	0	0
H5B-D-2-06#s100r008	64	0	0	0	0	ABSTAIN	A	0	0	0
H5B-D-2-07#s100r008	64	0	0	0	0	ABSTAIN	A	0	0	0
H5B-D-2-08#s100r008	64	0	0	0	0	ABSTAIN	A	0	0	0
H5B-D-2-09#s100r008	64	0	0	0	0	ABSTAIN	A	0	0	0
H5B-D-6-00#s100r008	64	0	0	0	0	ABSTAIN	A	0	0	0
H5B-D-6-01#s100r008	64	0	0	0	0	ABSTAIN	A	0	0	0
H5B-D-6-02#s100r008	64	0	0	0	0	ABSTAIN	A	0	0	0
H5B-D-6-03#s100r008	64	0	0	0	0	ABSTAIN	A	0	0	0
H5B-D-6-04#s100r008	64	0	0	0	0	ABSTAIN	A	0	0	0
H5B-D-6-05#s100r008	64	0	0	0	0	ABSTAIN	A	0	0	0
H5B-D-6-06#s100r008	64	0	0	0	0	ABSTAIN	A	0	0	0
H5B-D-6-07#s100r008	64	0	0	0	0	ABSTAIN	A	0	0	0
H5B-D-6-08#s100r008	64	0	0	0	0	ABSTAIN	A	0	0	0
H5B-D-6-09#s100r008	64	0	0	0	0	ABSTAIN	A	0	0	0
H5B-P-06-00#s100r009	64	0	0	0	0	ABSTAIN	A	0	0	0
H5B-P-06-01#s100r009	64	0	0	0	0	ABSTAIN	A	0	0	0
H5B-P-06-02#s100r009	64	0	0	0	0	ABSTAIN	A	0	0	0
H5B-P-06-03#s100r009	64	0	0	0	0	ABSTAIN	A	0	0	0
H5B-P-06-04#s100r009	64	0	0	0	0	ABSTAIN	A	0	0	0
H5B-P-06-05#s100r009	64	0	0	0	0	ABSTAIN	A	0	0	0
H5B-P-06-06#s100r009	64	0	0	0	0	ABSTAIN	A	0	0	0
H5B-P-06-07#s100r009	64	0	0	0	0	ABSTAIN	A	0	0	0
H5B-P-06-08#s100r009	64	0	0	0	0	ABSTAIN	A	0	0	0
H5B-P-06-09#s100r009	64	0	0	0	0	ABSTAIN	A	0	0	0
H5B-P-12-00#s100r009	64	0	0	0	0	ABSTAIN	A	0	0	0
H5B-P-12-01#s100r009	64	0	0	0	0	ABSTAIN	A	0	0	0
H5B-P-12-02#s100r009	64	0	0	0	0	ABSTAIN	A	0	0	0
H5B-P-12-03#s100r009	64	0	0	0	0	ABSTAIN	A	0	0	0
H5B-P-12-04#s100r009	64	0	0	0	0	ABSTAIN	A	0	0	0
H5B-P-12-05#s100r009	64	0	0	0	0	ABSTAIN	A	0	0	0
H5B-P-12-06#s100r009	64	0	0	0	0	ABSTAIN	A	0	0	0
H5B-P-12-07#s100r009	64	0	0	0	0	ABSTAIN	A	0	0	0
H5B-P-12-08#s100r009	64	0	0	0	0	ABSTAIN	A	0	0	0
H5B-P-12-09#s100r009	64	0	0	0	0	ABSTAIN	A	0	0	0
H5B-P-20-00#s100r009	64	0	0	0	0	ABSTAIN	A	0	0	0
H5B-P-20-01#s100r009	64	0	0	0	0	ABSTAIN	A	0	0	0
H5B-P-20-02#s100r009	64	0	0	0	0	ABSTAIN	A	0	0	0
H5B-P-20-03#s100r009	64	0	0	0	0	ABSTAIN	A	0	0	0
H5B-P-20-04#s100r009	64	0	0	0	0	ABSTAIN	A	0	0	0
H5B-P-20-05#s100r009	64	0	0	0	0	ABSTAIN	A	0	0	0
H5B-P-20-06#s100r009	64	0	0	0	0	ABSTAIN	A	0	0	0
H5B-P-20-07#s100r009	64	0	0	0	0	ABSTAIN	A	0	0	0
H5B-P-20-08#s100r009	64	0	0	0	0	ABSTAIN	A	0	0	0
H5B-P-20-09#s100r009	64	0	0	0	0	ABSTAIN	A	0	0	0
H5B-P-40-00#s100r009	64	0	0	0	0	ABSTAIN	A	0	0	0
H5B-P-40-01#s100r009	64	0	0	0	0	ABSTAIN	A	0	0	0
H5B-P-40-02#s100r009	64	0	0	0	0	ABSTAIN	A	0	0	0
H5B-P-40-03#s100r009	64	0	0	0	0	ABSTAIN	A	0	0	0
H5B-P-40-04#s100r009	64	0	0	0	0	ABSTAIN	A	0	0	0
H5B-P-40-05#s100r009	64	0	0	0	0	ABSTAIN	A	0	0	0
H5B-P-40-06#s100r009	64	0	0	0	0	ABSTAIN	A	0	0	0
H5B-P-40-07#s100r009	64	0	0	0	0	ABSTAIN	A	0	0	0
H5B-P-40-08#s100r009	64	0	0	0	0	ABSTAIN	A	0	0	0
H5B-P-40-09#s100r009	64	0	0	0	0	ABSTAIN	A	0	0	0
H5B-O-06-00#s100r009	64	0	0	0	0	ABSTAIN	A	0	0	0
H5B-O-06-01#s100r009	64	0	0	0	0	ABSTAIN	A	0	0	0
H5B-O-06-02#s100r009	64	0	0	0	0	ABSTAIN	A	0	0	0
H5B-O-06-03#s100r009	64	0	0	0	0	ABSTAIN	A	0	0	0
H5B-O-06-04#s100r009	64	0	0	0	0	ABSTAIN	A	0	0	0
H5B-O-06-05#s100r009	64	0	0	0	0	ABSTAIN	A	0	0	0
H5B-O-06-06#s100r009	64	0	0	0	0	ABSTAIN	A	0	0	0
H5B-O-06-07#s100r009	64	0	0	0	0	ABSTAIN	A	0	0	0
H5B-O-06-08#s100r009	64	0	0	0	0	ABSTAIN	A	0	0	0
H5B-O-06-09#s100r009	64	0	0	0	0	ABSTAIN	A	0	0	0
H5B-O-12-00#s100r009	64	0	0	0	0	ABSTAIN	A	0	0	0
H5B-O-12-01#s100r009	64	0	0	0	0	ABSTAIN	A	0	0	0
H5B-O-12-02#s100r009	64	0	0	0	0	ABSTAIN	A	0	0	0
H5B-O-12-03#s100r009	64	0	0	0	0	ABSTAIN	A	0	0	0
H5B-O-12-04#s100r009	64	0	0	0	0	ABSTAIN	A	0	0	0
H5B-O-12-05#s100r009	64	0	0	0	0	ABSTAIN	A	0	0	0
H5B-O-12-06#s100r009	64	0	0	0	0	ABSTAIN	A	0	0	0
H5B-O-12-07#s100r009	64	0	0	0	0	ABSTAIN	A	0	0	0
H5B-O-12-08#s100r009	64	0	0	0	0	ABSTAIN	A	0	0	0
H5B-O-12-09#s100r009	64	0	0	0	0	ABSTAIN	A	0	0	0
H5B-O-20-00#s100r009	64	0	0	0	0	ABSTAIN	A	0	0	0
H5B-O-20-01#s100r009	64	0	0	0	0	ABSTAIN	A	0	0	0
H5B-O-20-02#s100r009	64	0	0	0	0	ABSTAIN	A	0	0	0
H5B-O-20-03#s100r009	64	0	0	0	0	ABSTAIN	A	0	0	0
H5B-O-20-04#s100r009	64	0	0	0	0	ABSTAIN	A	0	0	0
H5B-O-20-05#s100r009	64	0	0	0	0	ABSTAIN	A	0	0	0
H5B-O-20-06#s100r009	64	0	0	0	0	ABSTAIN	A	0	0	0
H5B-O-20-07#s100r009	64	0	0	0	0	ABSTAIN	A	0	0	0
H5B-O-20-08#s100r009	64	0	0	0	0	ABSTAIN	A	0	0	0
H5B-O-20-09#s100r009	64	0	0	0	0	ABSTAIN	A	0	0	0
H5B-O-40-00#s100r009	64	0	0	0	0	ABSTAIN	A	0	0	0
H5B-O-40-01#s100r009	64	0	0	0	0	ABSTAIN	A	0	0	0
H5B-O-40-02#s100r009	64	0	0	0	0	ABSTAIN	A	0	0	0
H5B-O-40-03#s100r009	64	0	0	0	0	ABSTAIN	A	0	0	0
H5B-O-40-04#s100r009	64	0	0	0	0	ABSTAIN	A	0	0	0
H5B-O-40-05#s100r009	64	0	0	0	0	ABSTAIN	A	0	0	0
H5B-O-40-06#s100r009	64	0	0	0	0	ABSTAIN	A	0	0	0
H5B-O-40-07#s100r009	64	0	0	0	0	ABSTAIN	A	0	0	0
H5B-O-40-08#s100r009	64	0	0	0	0	ABSTAIN	A	0	0	0
H5B-O-40-09#s100r009	64	0	0	0	0	ABSTAIN	A	0	0	0
H5B-D-0-00#s100r009	64	0	0	0	0	RELEASE	1	672	0	0
H5B-D-0-01#s100r009	64	0	0	0	0	RELEASE	1	673	0	0
H5B-D-0-02#s100r009	64	0	0	0	0	RELEASE	1	673	0	0
H5B-D-0-03#s100r009	64	0	0	0	0	RELEASE	1	674	0	0
H5B-D-0-04#s100r009	64	0	0	0	0	RELEASE	1	674	0	0
H5B-D-0-05#s100r009	64	0	0	0	0	RELEASE	1	675	0	0
H5B-D-0-06#s100r009	64	0	0	0	0	RELEASE	1	675	0	0
H5B-D-0-07#s100r009	64	0	0	0	0	RELEASE	1	675	0	0
H5B-D-0-08#s100r009	64	0	0	0	0	RELEASE	1	676	0	0
H5B-D-0-09#s100r009	64	0	0	0	0	RELEASE	1	676	0	0
H5B-D-1-00#s100r009	64	0	0	0	0	ABSTAIN	A	0	0	0
H5B-D-1-01#s100r009	64	0	0	0	0	ABSTAIN	A	0	0	0
H5B-D-1-02#s100r009	64	0	0	0	0	ABSTAIN	A	0	0	0
H5B-D-1-03#s100r009	64	0	0	0	0	ABSTAIN	A	0	0	0
H5B-D-1-04#s100r009	64	0	0	0	0	ABSTAIN	A	0	0	0
H5B-D-1-05#s100r009	64	0	0	0	0	ABSTAIN	A	0	0	0
H5B-D-1-06#s100r009	64	0	0	0	0	ABSTAIN	A	0	0	0
H5B-D-1-07#s100r009	64	0	0	0	0	ABSTAIN	A	0	0	0
H5B-D-1-08#s100r009	64	0	0	0	0	ABSTAIN	A	0	0	0
H5B-D-1-09#s100r009	64	0	0	0	0	ABSTAIN	A	0	0	0
H5B-D-2-00#s100r009	64	0	0	0	0	ABSTAIN	A	0	0	0
H5B-D-2-01#s100r009	64	0	0	0	0	ABSTAIN	A	0	0	0
H5B-D-2-02#s100r009	64	0	0	0	0	ABSTAIN	A	0	0	0
H5B-D-2-03#s100r009	64	0	0	0	0	ABSTAIN	A	0	0	0
H5B-D-2-04#s100r009	64	0	0	0	0	ABSTAIN	A	0	0	0
H5B-D-2-05#s100r009	64	0	0	0	0	ABSTAIN	A	0	0	0
H5B-D-2-06#s100r009	64	0	0	0	0	ABSTAIN	A	0	0	0
H5B-D-2-07#s100r009	64	0	0	0	0	ABSTAIN	A	0	0	0
H5B-D-2-08#s100r009	64	0	0	0	0	ABSTAIN	A	0	0	0
H5B-D-2-09#s100r009	64	0	0	0	0	ABSTAIN	A	0	0	0
H5B-D-6-00#s100r009	64	0	0	0	0	ABSTAIN	A	0	0	0
H5B-D-6-01#s100r009	64	0	0	0	0	ABSTAIN	A	0	0	0
H5B-D-6-02#s100r009	64	0	0	0	0	ABSTAIN	A	0	0	0
H5B-D-6-03#s100r009	64	0	0	0	0	ABSTAIN	A	0	0	0
H5B-D-6-04#s100r009	64	0	0	0	0	ABSTAIN	A	0	0	0
H5B-D-6-05#s100r009	64	0	0	0	0	ABSTAIN	A	0	0	0
H5B-D-6-06#s100r009	64	0	0	0	0	ABSTAIN	A	0	0	0
H5B-D-6-07#s100r009	64	0	0	0	0	ABSTAIN	A	0	0	0
H5B-D-6-08#s100r009	64	0	0	0	0	ABSTAIN	A	0	0	0
H5B-D-6-09#s100r009	64	0	0	0	0	ABSTAIN	A	0	0	0
H5B-P-06-00#s100r010	64	0	0	0	0	ABSTAIN	A	0	0	0
H5B-P-06-01#s100r010	64	0	0	0	0	ABSTAIN	A	0	0	0
H5B-P-06-02#s100r010	64	0	0	0	0	ABSTAIN	A	0	0	0
H5B-P-06-03#s100r010	64	0	0	0	0	ABSTAIN	A	0	0	0
H5B-P-06-04#s100r010	64	0	0	0	0	ABSTAIN	A	0	0	0
H5B-P-06-05#s100r010	64	0	0	0	0	ABSTAIN	A	0	0	0
H5B-P-06-06#s100r010	64	0	0	0	0	ABSTAIN	A	0	0	0
H5B-P-06-07#s100r010	64	0	0	0	0	ABSTAIN	A	0	0	0
H5B-P-06-08#s100r010	64	0	0	0	0	ABSTAIN	A	0	0	0
H5B-P-06-09#s100r010	64	0	0	0	0	ABSTAIN	A	0	0	0
H5B-P-12-00#s100r010	64	0	0	0	0	ABSTAIN	A	0	0	0
H5B-P-12-01#s100r010	64	0	0	0	0	ABSTAIN	A	0	0	0
H5B-P-12-02#s100r010	64	0	0	0	0	ABSTAIN	A	0	0	0
H5B-P-12-03#s100r010	64	0	0	0	0	ABSTAIN	A	0	0	0
H5B-P-12-04#s100r010	64	0	0	0	0	ABSTAIN	A	0	0	0
H5B-P-12-05#s100r010	64	0	0	0	0	ABSTAIN	A	0	0	0
H5B-P-12-06#s100r010	64	0	0	0	0	ABSTAIN	A	0	0	0
H5B-P-12-07#s100r010	64	0	0	0	0	ABSTAIN	A	0	0	0
H5B-P-12-08#s100r010	64	0	0	0	0	ABSTAIN	A	0	0	0
H5B-P-12-09#s100r010	64	0	0	0	0	ABSTAIN	A	0	0	0
H5B-P-20-00#s100r010	64	0	0	0	0	ABSTAIN	A	0	0	0
H5B-P-20-01#s100r010	64	0	0	0	0	ABSTAIN	A	0	0	0
H5B-P-20-02#s100r010	64	0	0	0	0	ABSTAIN	A	0	0	0
H5B-P-20-03#s100r010	64	0	0	0	0	ABSTAIN	A	0	0	0
H5B-P-20-04#s100r010	64	0	0	0	0	ABSTAIN	A	0	0	0
H5B-P-20-05#s100r010	64	0	0	0	0	ABSTAIN	A	0	0	0
H5B-P-20-06#s100r010	64	0	0	0	0	ABSTAIN	A	0	0	0
H5B-P-20-07#s100r010	64	0	0	0	0	ABSTAIN	A	0	0	0
H5B-P-20-08#s100r010	64	0	0	0	0	ABSTAIN	A	0	0	0
H5B-P-20-09#s100r010	64	0	0	0	0	ABSTAIN	A	0	0	0
H5B-P-40-00#s100r010	64	0	0	0	0	ABSTAIN	A	0	0	0
H5B-P-40-01#s100r010	64	0	0	0	0	ABSTAIN	A	0	0	0
H5B-P-40-02#s100r010	64	0	0	0	0	ABSTAIN	A	0	0	0
H5B-P-40-03#s100r010	64	0	0	0	0	ABSTAIN	A	0	0	0
H5B-P-40-04#s100r010	64	0	0	0	0	ABSTAIN	A	0	0	0
H5B-P-40-05#s100r010	64	0	0	0	0	ABSTAIN	A	0	0	0
H5B-P-40-06#s100r010	64	0	0	0	0	ABSTAIN	A	0	0	0
H5B-P-40-07#s100r010	64	0	0	0	0	ABSTAIN	A	0	0	0
H5B-P-40-08#s100r010	64	0	0	0	0	ABSTAIN	A	0	0	0
H5B-P-40-09#s100r010	64	0	0	0	0	ABSTAIN	A	0	0	0
H5B-O-06-00#s100r010	64	0	0	0	0	ABSTAIN	A	0	0	0
H5B-O-06-01#s100r010	64	0	0	0	0	ABSTAIN	A	0	0	0
H5B-O-06-02#s100r010	64	0	0	0	0	ABSTAIN	A	0	0	0
H5B-O-06-03#s100r010	64	0	0	0	0	ABSTAIN	A	0	0	0
H5B-O-06-04#s100r010	64	0	0	0	0	ABSTAIN	A	0	0	0
H5B-O-06-05#s100r010	64	0	0	0	0	ABSTAIN	A	0	0	0
H5B-O-06-06#s100r010	64	0	0	0	0	ABSTAIN	A	0	0	0
H5B-O-06-07#s100r010	64	0	0	0	0	ABSTAIN	A	0	0	0
H5B-O-06-08#s100r010	64	0	0	0	0	ABSTAIN	A	0	0	0
H5B-O-06-09#s100r010	64	0	0	0	0	ABSTAIN	A	0	0	0
H5B-O-12-00#s100r010	64	0	0	0	0	ABSTAIN	A	0	0	0
H5B-O-12-01#s100r010	64	0	0	0	0	ABSTAIN	A	0	0	0
H5B-O-12-02#s100r010	64	0	0	0	0	ABSTAIN	A	0	0	0
H5B-O-12-03#s100r010	64	0	0	0	0	ABSTAIN	A	0	0	0
H5B-O-12-04#s100r010	64	0	0	0	0	ABSTAIN	A	0	0	0
H5B-O-12-05#s100r010	64	0	0	0	0	ABSTAIN	A	0	0	0
H5B-O-12-06#s100r010	64	0	0	0	0	ABSTAIN	A	0	0	0
H5B-O-12-07#s100r010	64	0	0	0	0	ABSTAIN	A	0	0	0
H5B-O-12-08#s100r010	64	0	0	0	0	ABSTAIN	A	0	0	0
H5B-O-12-09#s100r010	64	0	0	0	0	ABSTAIN	A	0	0	0
H5B-O-20-00#s100r010	64	0	0	0	0	ABSTAIN	A	0	0	0
H5B-O-20-01#s100r010	64	0	0	0	0	ABSTAIN	A	0	0	0
H5B-O-20-02#s100r010	64	0	0	0	0	ABSTAIN	A	0	0	0
H5B-O-20-03#s100r010	64	0	0	0	0	ABSTAIN	A	0	0	0
H5B-O-20-04#s100r010	64	0	0	0	0	ABSTAIN	A	0	0	0
H5B-O-20-05#s100r010	64	0	0	0	0	ABSTAIN	A	0	0	0
H5B-O-20-06#s100r010	64	0	0	0	0	ABSTAIN	A	0	0	0
H5B-O-20-07#s100r010	64	0	0	0	0	ABSTAIN	A	0	0	0
H5B-O-20-08#s100r010	64	0	0	0	0	ABSTAIN	A	0	0	0
H5B-O-20-09#s100r010	64	0	0	0	0	ABSTAIN	A	0	0	0
H5B-O-40-00#s100r010	64	0	0	0	0	ABSTAIN	A	0	0	0
H5B-O-40-01#s100r010	64	0	0	0	0	ABSTAIN	A	0	0	0
H5B-O-40-02#s100r010	64	0	0	0	0	ABSTAIN	A	0	0	0
H5B-O-40-03#s100r010	64	0	0	0	0	ABSTAIN	A	0	0	0
H5B-O-40-04#s100r010	64	0	0	0	0	ABSTAIN	A	0	0	0
H5B-O-40-05#s100r010	64	0	0	0	0	ABSTAIN	A	0	0	0
H5B-O-40-06#s100r010	64	0	0	0	0	ABSTAIN	A	0	0	0
H5B-O-40-07#s100r010	64	0	0	0	0	ABSTAIN	A	0	0	0
H5B-O-40-08#s100r010	64	0	0	0	0	ABSTAIN	A	0	0	0
H5B-O-40-09#s100r010	64	0	0	0	0	ABSTAIN	A	0	0	0
H5B-D-0-00#s100r010	64	0	0	0	0	RELEASE	1	671	0	0
H5B-D-0-01#s100r010	64	0	0	0	0	RELEASE	1	671	0	0
H5B-D-0-02#s100r010	64	0	0	0	0	RELEASE	1	672	0	0
H5B-D-0-03#s100r010	64	0	0	0	0	RELEASE	1	672	0	0
H5B-D-0-04#s100r010	64	0	0	0	0	RELEASE	1	673	0	0
H5B-D-0-05#s100r010	64	0	0	0	0	RELEASE	1	673	0	0
H5B-D-0-06#s100r010	64	0	0	0	0	RELEASE	1	673	0	0
H5B-D-0-07#s100r010	64	0	0	0	0	RELEASE	1	674	0	0
H5B-D-0-08#s100r010	64	0	0	0	0	RELEASE	1	674	0	0
H5B-D-0-09#s100r010	64	0	0	0	0	RELEASE	1	674	0	0
H5B-D-1-00#s100r010	64	0	0	0	0	ABSTAIN	A	0	0	0
H5B-D-1-01#s100r010	64	0	0	0	0	ABSTAIN	A	0	0	0
H5B-D-1-02#s100r010	64	0	0	0	0	ABSTAIN	A	0	0	0
H5B-D-1-03#s100r010	64	0	0	0	0	ABSTAIN	A	0	0	0
H5B-D-1-04#s100r010	64	0	0	0	0	ABSTAIN	A	0	0	0
H5B-D-1-05#s100r010	64	0	0	0	0	ABSTAIN	A	0	0	0
H5B-D-1-06#s100r010	64	0	0	0	0	ABSTAIN	A	0	0	0
H5B-D-1-07#s100r010	64	0	0	0	0	ABSTAIN	A	0	0	0
H5B-D-1-08#s100r010	64	0	0	0	0	ABSTAIN	A	0	0	0
H5B-D-1-09#s100r010	64	0	0	0	0	ABSTAIN	A	0	0	0
H5B-D-2-00#s100r010	64	0	0	0	0	ABSTAIN	A	0	0	0
H5B-D-2-01#s100r010	64	0	0	0	0	ABSTAIN	A	0	0	0
H5B-D-2-02#s100r010	64	0	0	0	0	ABSTAIN	A	0	0	0
H5B-D-2-03#s100r010	64	0	0	0	0	ABSTAIN	A	0	0	0
H5B-D-2-04#s100r010	64	0	0	0	0	ABSTAIN	A	0	0	0
H5B-D-2-05#s100r010	64	0	0	0	0	ABSTAIN	A	0	0	0
H5B-D-2-06#s100r010	64	0	0	0	0	ABSTAIN	A	0	0	0
H5B-D-2-07#s100r010	64	0	0	0	0	ABSTAIN	A	0	0	0
H5B-D-2-08#s100r010	64	0	0	0	0	ABSTAIN	A	0	0	0
H5B-D-2-09#s100r010	64	0	0	0	0	ABSTAIN	A	0	0	0
H5B-D-6-00#s100r010	64	0	0	0	0	ABSTAIN	A	0	0	0
H5B-D-6-01#s100r010	64	0	0	0	0	ABSTAIN	A	0	0	0
H5B-D-6-02#s100r010	64	0	0	0	0	ABSTAIN	A	0	0	0
H5B-D-6-03#s100r010	64	0	0	0	0	ABSTAIN	A	0	0	0
H5B-D-6-04#s100r010	64	0	0	0	0	ABSTAIN	A	0	0	0
H5B-D-6-05#s100r010	64	0	0	0	0	ABSTAIN	A	0	0	0
H5B-D-6-06#s100r010	64	0	0	0	0	ABSTAIN	A	0	0	0
H5B-D-6-07#s100r010	64	0	0	0	0	ABSTAIN	A	0	0	0
H5B-D-6-08#s100r010	64	0	0	0	0	ABSTAIN	A	0	0	0
H5B-D-6-09#s100r010	64	0	0	0	0	ABSTAIN	A	0	0	0
H5B-P-06-00#s100r011	64	0	0	0	0	ABSTAIN	A	0	0	0
H5B-P-06-01#s100r011	64	0	0	0	0	ABSTAIN	A	0	0	0
H5B-P-06-02#s100r011	64	0	0	0	0	ABSTAIN	A	0	0	0
H5B-P-06-03#s100r011	64	0	0	0	0	ABSTAIN	A	0	0	0
H5B-P-06-04#s100r011	64	0	0	0	0	ABSTAIN	A	0	0	0
H5B-P-06-05#s100r011	64	0	0	0	0	ABSTAIN	A	0	0	0
H5B-P-06-06#s100r011	64	0	0	0	0	ABSTAIN	A	0	0	0
H5B-P-06-07#s100r011	64	0	0	0	0	ABSTAIN	A	0	0	0
H5B-P-06-08#s100r011	64	0	0	0	0	ABSTAIN	A	0	0	0
H5B-P-06-09#s100r011	64	0	0	0	0	ABSTAIN	A	0	0	0
H5B-P-12-00#s100r011	64	0	0	0	0	ABSTAIN	A	0	0	0
H5B-P-12-01#s100r011	64	0	0	0	0	ABSTAIN	A	0	0	0
H5B-P-12-02#s100r011	64	0	0	0	0	ABSTAIN	A	0	0	0
H5B-P-12-03#s100r011	64	0	0	0	0	ABSTAIN	A	0	0	0
H5B-P-12-04#s100r011	64	0	0	0	0	ABSTAIN	A	0	0	0
H5B-P-12-05#s100r011	64	0	0	0	0	ABSTAIN	A	0	0	0
H5B-P-12-06#s100r011	64	0	0	0	0	ABSTAIN	A	0	0	0
H5B-P-12-07#s100r011	64	0	0	0	0	ABSTAIN	A	0	0	0
H5B-P-12-08#s100r011	64	0	0	0	0	ABSTAIN	A	0	0	0
H5B-P-12-09#s100r011	64	0	0	0	0	ABSTAIN	A	0	0	0
H5B-P-20-00#s100r011	64	0	0	0	0	ABSTAIN	A	0	0	0
H5B-P-20-01#s100r011	64	0	0	0	0	ABSTAIN	A	0	0	0
H5B-P-20-02#s100r011	64	0	0	0	0	ABSTAIN	A	0	0	0
H5B-P-20-03#s100r011	64	0	0	0	0	ABSTAIN	A	0	0	0
H5B-P-20-04#s100r011	64	0	0	0	0	ABSTAIN	A	0	0	0
H5B-P-20-05#s100r011	64	0	0	0	0	ABSTAIN	A	0	0	0
H5B-P-20-06#s100r011	64	0	0	0	0	ABSTAIN	A	0	0	0
H5B-P-20-07#s100r011	64	0	0	0	0	ABSTAIN	A	0	0	0
H5B-P-20-08#s100r011	64	0	0	0	0	ABSTAIN	A	0	0	0
H5B-P-20-09#s100r011	64	0	0	0	0	ABSTAIN	A	0	0	0
H5B-P-40-00#s100r011	64	0	0	0	0	ABSTAIN	A	0	0	0
H5B-P-40-01#s100r011	64	0	0	0	0	ABSTAIN	A	0	0	0
H5B-P-40-02#s100r011	64	0	0	0	0	ABSTAIN	A	0	0	0
H5B-P-40-03#s100r011	64	0	0	0	0	ABSTAIN	A	0	0	0
H5B-P-40-04#s100r011	64	0	0	0	0	ABSTAIN	A	0	0	0
H5B-P-40-05#s100r011	64	0	0	0	0	ABSTAIN	A	0	0	0
H5B-P-40-06#s100r011	64	0	0	0	0	ABSTAIN	A	0	0	0
H5B-P-40-07#s100r011	64	0	0	0	0	ABSTAIN	A	0	0	0
H5B-P-40-08#s100r011	64	0	0	0	0	ABSTAIN	A	0	0	0
H5B-P-40-09#s100r011	64	0	0	0	0	ABSTAIN	A	0	0	0
H5B-O-06-00#s100r011	64	0	0	0	0	ABSTAIN	A	0	0	0
H5B-O-06-01#s100r011	64	0	0	0	0	ABSTAIN	A	0	0	0
H5B-O-06-02#s100r011	64	0	0	0	0	ABSTAIN	A	0	0	0
H5B-O-06-03#s100r011	64	0	0	0	0	ABSTAIN	A	0	0	0
H5B-O-06-04#s100r011	64	0	0	0	0	ABSTAIN	A	0	0	0
H5B-O-06-05#s100r011	64	0	0	0	0	ABSTAIN	A	0	0	0
H5B-O-06-06#s100r011	64	0	0	0	0	ABSTAIN	A	0	0	0
H5B-O-06-07#s100r011	64	0	0	0	0	ABSTAIN	A	0	0	0
H5B-O-06-08#s100r011	64	0	0	0	0	ABSTAIN	A	0	0	0
H5B-O-06-09#s100r011	64	0	0	0	0	ABSTAIN	A	0	0	0
H5B-O-12-00#s100r011	64	0	0	0	0	ABSTAIN	A	0	0	0
H5B-O-12-01#s100r011	64	0	0	0	0	ABSTAIN	A	0	0	0
H5B-O-12-02#s100r011	64	0	0	0	0	ABSTAIN	A	0	0	0
H5B-O-12-03#s100r011	64	0	0	0	0	ABSTAIN	A	0	0	0
H5B-O-12-04#s100r011	64	0	0	0	0	ABSTAIN	A	0	0	0
H5B-O-12-05#s100r011	64	0	0	0	0	ABSTAIN	A	0	0	0
H5B-O-12-06#s100r011	64	0	0	0	0	ABSTAIN	A	0	0	0
H5B-O-12-07#s100r011	64	0	0	0	0	ABSTAIN	A	0	0	0
H5B-O-12-08#s100r011	64	0	0	0	0	ABSTAIN	A	0	0	0
H5B-O-12-09#s100r011	64	0	0	0	0	ABSTAIN	A	0	0	0
H5B-O-20-00#s100r011	64	0	0	0	0	ABSTAIN	A	0	0	0
H5B-O-20-01#s100r011	64	0	0	0	0	ABSTAIN	A	0	0	0
H5B-O-20-02#s100r011	64	0	0	0	0	ABSTAIN	A	0	0	0
H5B-O-20-03#s100r011	64	0	0	0	0	ABSTAIN	A	0	0	0
H5B-O-20-04#s100r011	64	0	0	0	0	ABSTAIN	A	0	0	0
H5B-O-20-05#s100r011	64	0	0	0	0	ABSTAIN	A	0	0	0
H5B-O-20-06#s100r011	64	0	0	0	0	ABSTAIN	A	0	0	0
H5B-O-20-07#s100r011	64	0	0	0	0	ABSTAIN	A	0	0	0
H5B-O-20-08#s100r011	64	0	0	0	0	ABSTAIN	A	0	0	0
H5B-O-20-09#s100r011	64	0	0	0	0	ABSTAIN	A	0	0	0
H5B-O-40-00#s100r011	64	0	0	0	0	ABSTAIN	A	0	0	0
H5B-O-40-01#s100r011	64	0	0	0	0	ABSTAIN	A	0	0	0
H5B-O-40-02#s100r011	64	0	0	0	0	ABSTAIN	A	0	0	0
H5B-O-40-03#s100r011	64	0	0	0	0	ABSTAIN	A	0	0	0
H5B-O-40-04#s100r011	64	0	0	0	0	ABSTAIN	A	0	0	0
H5B-O-40-05#s100r011	64	0	0	0	0	ABSTAIN	A	0	0	0
H5B-O-40-06#s100r011	64	0	0	0	0	ABSTAIN	A	0	0	0
H5B-O-40-07#s100r011	64	0	0	0	0	ABSTAIN	A	0	0	0
H5B-O-40-08#s100r011	64	0	0	0	0	ABSTAIN	A	0	0	0
H5B-O-40-09#s100r011	64	0	0	0	0	ABSTAIN	A	0	0	0
H5B-D-0-00#s100r011	64	0	0	0	0	RELEASE	1	670	0	0
H5B-D-0-01#s100r011	64	0	0	0	0	RELEASE	1	670	0	0
H5B-D-0-02#s100r011	64	0	0	0	0	RELEASE	1	670	0	0
H5B-D-0-03#s100r011	64	0	0	0	0	RELEASE	1	671	0	0
H5B-D-0-04#s100r011	64	0	0	0	0	RELEASE	1	671	0	0
H5B-D-0-05#s100r011	64	0	0	0	0	RELEASE	1	672	0	0
H5B-D-0-06#s100r011	64	0	0	0	0	RELEASE	1	672	0	0
H5B-D-0-07#s100r011	64	0	0	0	0	RELEASE	1	672	0	0
H5B-D-0-08#s100r011	64	0	0	0	0	RELEASE	1	673	0	0
H5B-D-0-09#s100r011	64	0	0	0	0	RELEASE	1	673	0	0
H5B-D-1-00#s100r011	64	0	0	0	0	ABSTAIN	A	0	0	0
H5B-D-1-01#s100r011	64	0	0	0	0	ABSTAIN	A	0	0	0
H5B-D-1-02#s100r011	64	0	0	0	0	ABSTAIN	A	0	0	0
H5B-D-1-03#s100r011	64	0	0	0	0	ABSTAIN	A	0	0	0
H5B-D-1-04#s100r011	64	0	0	0	0	ABSTAIN	A	0	0	0
H5B-D-1-05#s100r011	64	0	0	0	0	ABSTAIN	A	0	0	0
H5B-D-1-06#s100r011	64	0	0	0	0	ABSTAIN	A	0	0	0
H5B-D-1-07#s100r011	64	0	0	0	0	ABSTAIN	A	0	0	0
H5B-D-1-08#s100r011	64	0	0	0	0	ABSTAIN	A	0	0	0
H5B-D-1-09#s100r011	64	0	0	0	0	ABSTAIN	A	0	0	0
H5B-D-2-00#s100r011	64	0	0	0	0	ABSTAIN	A	0	0	0
H5B-D-2-01#s100r011	64	0	0	0	0	ABSTAIN	A	0	0	0
H5B-D-2-02#s100r011	64	0	0	0	0	ABSTAIN	A	0	0	0
H5B-D-2-03#s100r011	64	0	0	0	0	ABSTAIN	A	0	0	0
H5B-D-2-04#s100r011	64	0	0	0	0	ABSTAIN	A	0	0	0
H5B-D-2-05#s100r011	64	0	0	0	0	ABSTAIN	A	0	0	0
H5B-D-2-06#s100r011	64	0	0	0	0	ABSTAIN	A	0	0	0
H5B-D-2-07#s100r011	64	0	0	0	0	ABSTAIN	A	0	0	0
H5B-D-2-08#s100r011	64	0	0	0	0	ABSTAIN	A	0	0	0
H5B-D-2-09#s100r011	64	0	0	0	0	ABSTAIN	A	0	0	0
H5B-D-6-00#s100r011	64	0	0	0	0	ABSTAIN	A	0	0	0
H5B-D-6-01#s100r011	64	0	0	0	0	ABSTAIN	A	0	0	0
H5B-D-6-02#s100r011	64	0	0	0	0	ABSTAIN	A	0	0	0
H5B-D-6-03#s100r011	64	0	0	0	0	ABSTAIN	A	0	0	0
H5B-D-6-04#s100r011	64	0	0	0	0	ABSTAIN	A	0	0	0
H5B-D-6-05#s100r011	64	0	0	0	0	ABSTAIN	A	0	0	0
H5B-D-6-06#s100r011	64	0	0	0	0	ABSTAIN	A	0	0	0
H5B-D-6-07#s100r011	64	0	0	0	0	ABSTAIN	A	0	0	0
H5B-D-6-08#s100r011	64	0	0	0	0	ABSTAIN	A	0	0	0
H5B-D-6-09#s100r011	64	0	0	0	0	ABSTAIN	A	0	0	0
H5B-P-06-00#s100r012	64	0	0	0	0	ABSTAIN	A	0	0	0
H5B-P-06-01#s100r012	64	0	0	0	0	ABSTAIN	A	0	0	0
H5B-P-06-02#s100r012	64	0	0	0	0	ABSTAIN	A	0	0	0
H5B-P-06-03#s100r012	64	0	0	0	0	ABSTAIN	A	0	0	0
H5B-P-06-04#s100r012	64	0	0	0	0	ABSTAIN	A	0	0	0
H5B-P-06-05#s100r012	64	0	0	0	0	ABSTAIN	A	0	0	0
H5B-P-06-06#s100r012	64	0	0	0	0	ABSTAIN	A	0	0	0
H5B-P-06-07#s100r012	64	0	0	0	0	ABSTAIN	A	0	0	0
H5B-P-06-08#s100r012	64	0	0	0	0	ABSTAIN	A	0	0	0
H5B-P-06-09#s100r012	64	0	0	0	0	ABSTAIN	A	0	0	0
H5B-P-12-00#s100r012	64	0	0	0	0	ABSTAIN	A	0	0	0
H5B-P-12-01#s100r012	64	0	0	0	0	ABSTAIN	A	0	0	0
H5B-P-12-02#s100r012	64	0	0	0	0	ABSTAIN	A	0	0	0
H5B-P-12-03#s100r012	64	0	0	0	0	ABSTAIN	A	0	0	0
H5B-P-12-04#s100r012	64	0	0	0	0	ABSTAIN	A	0	0	0
H5B-P-12-05#s100r012	64	0	0	0	0	ABSTAIN	A	0	0	0
H5B-P-12-06#s100r012	64	0	0	0	0	ABSTAIN	A	0	0	0
H5B-P-12-07#s100r012	64	0	0	0	0	ABSTAIN	A	0	0	0
H5B-P-12-08#s100r012	64	0	0	0	0	ABSTAIN	A	0	0	0
H5B-P-12-09#s100r012	64	0	0	0	0	ABSTAIN	A	0	0	0
H5B-P-20-00#s100r012	64	0	0	0	0	ABSTAIN	A	0	0	0
H5B-P-20-01#s100r012	64	0	0	0	0	ABSTAIN	A	0	0	0
H5B-P-20-02#s100r012	64	0	0	0	0	ABSTAIN	A	0	0	0
H5B-P-20-03#s100r012	64	0	0	0	0	ABSTAIN	A	0	0	0
H5B-P-20-04#s100r012	64	0	0	0	0	ABSTAIN	A	0	0	0
H5B-P-20-05#s100r012	64	0	0	0	0	ABSTAIN	A	0	0	0
H5B-P-20-06#s100r012	64	0	0	0	0	ABSTAIN	A	0	0	0
H5B-P-20-07#s100r012	64	0	0	0	0	ABSTAIN	A	0	0	0
H5B-P-20-08#s100r012	64	0	0	0	0	ABSTAIN	A	0	0	0
H5B-P-20-09#s100r012	64	0	0	0	0	ABSTAIN	A	0	0	0
H5B-P-40-00#s100r012	64	0	0	0	0	ABSTAIN	A	0	0	0
H5B-P-40-01#s100r012	64	0	0	0	0	ABSTAIN	A	0	0	0
H5B-P-40-02#s100r012	64	0	0	0	0	ABSTAIN	A	0	0	0
H5B-P-40-03#s100r012	64	0	0	0	0	ABSTAIN	A	0	0	0
H5B-P-40-04#s100r012	64	0	0	0	0	ABSTAIN	A	0	0	0
H5B-P-40-05#s100r012	64	0	0	0	0	ABSTAIN	A	0	0	0
H5B-P-40-06#s100r012	64	0	0	0	0	ABSTAIN	A	0	0	0
H5B-P-40-07#s100r012	64	0	0	0	0	ABSTAIN	A	0	0	0
H5B-P-40-08#s100r012	64	0	0	0	0	ABSTAIN	A	0	0	0
H5B-P-40-09#s100r012	64	0	0	0	0	ABSTAIN	A	0	0	0
H5B-O-06-00#s100r012	64	0	0	0	0	ABSTAIN	A	0	0	0
H5B-O-06-01#s100r012	64	0	0	0	0	ABSTAIN	A	0	0	0
H5B-O-06-02#s100r012	64	0	0	0	0	ABSTAIN	A	0	0	0
H5B-O-06-03#s100r012	64	0	0	0	0	ABSTAIN	A	0	0	0
H5B-O-06-04#s100r012	64	0	0	0	0	ABSTAIN	A	0	0	0
H5B-O-06-05#s100r012	64	0	0	0	0	ABSTAIN	A	0	0	0
H5B-O-06-06#s100r012	64	0	0	0	0	ABSTAIN	A	0	0	0
H5B-O-06-07#s100r012	64	0	0	0	0	ABSTAIN	A	0	0	0
H5B-O-06-08#s100r012	64	0	0	0	0	ABSTAIN	A	0	0	0
H5B-O-06-09#s100r012	64	0	0	0	0	ABSTAIN	A	0	0	0
H5B-O-12-00#s100r012	64	0	0	0	0	ABSTAIN	A	0	0	0
H5B-O-12-01#s100r012	64	0	0	0	0	ABSTAIN	A	0	0	0
H5B-O-12-02#s100r012	64	0	0	0	0	ABSTAIN	A	0	0	0
H5B-O-12-03#s100r012	64	0	0	0	0	ABSTAIN	A	0	0	0
H5B-O-12-04#s100r012	64	0	0	0	0	ABSTAIN	A	0	0	0
H5B-O-12-05#s100r012	64	0	0	0	0	ABSTAIN	A	0	0	0
H5B-O-12-06#s100r012	64	0	0	0	0	ABSTAIN	A	0	0	0
H5B-O-12-07#s100r012	64	0	0	0	0	ABSTAIN	A	0	0	0
H5B-O-12-08#s100r012	64	0	0	0	0	ABSTAIN	A	0	0	0
H5B-O-12-09#s100r012	64	0	0	0	0	ABSTAIN	A	0	0	0
H5B-O-20-00#s100r012	64	0	0	0	0	ABSTAIN	A	0	0	0
H5B-O-20-01#s100r012	64	0	0	0	0	ABSTAIN	A	0	0	0
H5B-O-20-02#s100r012	64	0	0	0	0	ABSTAIN	A	0	0	0
H5B-O-20-03#s100r012	64	0	0	0	0	ABSTAIN	A	0	0	0
H5B-O-20-04#s100r012	64	0	0	0	0	ABSTAIN	A	0	0	0
H5B-O-20-05#s100r012	64	0	0	0	0	ABSTAIN	A	0	0	0
H5B-O-20-06#s100r012	64	0	0	0	0	ABSTAIN	A	0	0	0
H5B-O-20-07#s100r012	64	0	0	0	0	ABSTAIN	A	0	0	0
H5B-O-20-08#s100r012	64	0	0	0	0	ABSTAIN	A	0	0	0
H5B-O-20-09#s100r012	64	0	0	0	0	ABSTAIN	A	0	0	0
H5B-O-40-00#s100r012	64	0	0	0	0	ABSTAIN	A	0	0	0
H5B-O-40-01#s100r012	64	0	0	0	0	ABSTAIN	A	0	0	0
H5B-O-40-02#s100r012	64	0	0	0	0	ABSTAIN	A	0	0	0
H5B-O-40-03#s100r012	64	0	0	0	0	ABSTAIN	A	0	0	0
H5B-O-40-04#s100r012	64	0	0	0	0	ABSTAIN	A	0	0	0
H5B-O-40-05#s100r012	64	0	0	0	0	ABSTAIN	A	0	0	0
H5B-O-40-06#s100r012	64	0	0	0	0	ABSTAIN	A	0	0	0
H5B-O-40-07#s100r012	64	0	0	0	0	ABSTAIN	A	0	0	0
H5B-O-40-08#s100r012	64	0	0	0	0	ABSTAIN	A	0	0	0
H5B-O-40-09#s100r012	64	0	0	0	0	ABSTAIN	A	0	0	0
H5B-D-0-00#s100r012	64	0	0	0	0	RELEASE	1	669	0	0
H5B-D-0-01#s100r012	64	0	0	0	0	RELEASE	1	669	0	0
H5B-D-0-02#s100r012	64	0	0	0	0	RELEASE	1	669	0	0
H5B-D-0-03#s100r012	64	0	0	0	0	RELEASE	1	670	0	0
H5B-D-0-04#s100r012	64	0	0	0	0	RELEASE	1	670	0	0
H5B-D-0-05#s100r012	64	0	0	0	0	RELEASE	1	670	0	0
H5B-D-0-06#s100r012	64	0	0	0	0	RELEASE	1	671	0	0
H5B-D-0-07#s100r012	64	0	0	0	0	RELEASE	1	671	0	0
H5B-D-0-08#s100r012	64	0	0	0	0	RELEASE	1	671	0	0
H5B-D-0-09#s100r012	64	0	0	0	0	RELEASE	1	672	0	0
H5B-D-1-00#s100r012	64	0	0	0	0	ABSTAIN	A	0	0	0
H5B-D-1-01#s100r012	64	0	0	0	0	ABSTAIN	A	0	0	0
H5B-D-1-02#s100r012	64	0	0	0	0	ABSTAIN	A	0	0	0
H5B-D-1-03#s100r012	64	0	0	0	0	ABSTAIN	A	0	0	0
H5B-D-1-04#s100r012	64	0	0	0	0	ABSTAIN	A	0	0	0
H5B-D-1-05#s100r012	64	0	0	0	0	ABSTAIN	A	0	0	0
H5B-D-1-06#s100r012	64	0	0	0	0	ABSTAIN	A	0	0	0
H5B-D-1-07#s100r012	64	0	0	0	0	ABSTAIN	A	0	0	0
H5B-D-1-08#s100r012	64	0	0	0	0	ABSTAIN	A	0	0	0
H5B-D-1-09#s100r012	64	0	0	0	0	ABSTAIN	A	0	0	0
H5B-D-2-00#s100r012	64	0	0	0	0	ABSTAIN	A	0	0	0
H5B-D-2-01#s100r012	64	0	0	0	0	ABSTAIN	A	0	0	0
H5B-D-2-02#s100r012	64	0	0	0	0	ABSTAIN	A	0	0	0
H5B-D-2-03#s100r012	64	0	0	0	0	ABSTAIN	A	0	0	0
H5B-D-2-04#s100r012	64	0	0	0	0	ABSTAIN	A	0	0	0
H5B-D-2-05#s100r012	64	0	0	0	0	ABSTAIN	A	0	0	0
H5B-D-2-06#s100r012	64	0	0	0	0	ABSTAIN	A	0	0	0
H5B-D-2-07#s100r012	64	0	0	0	0	ABSTAIN	A	0	0	0
H5B-D-2-08#s100r012	64	0	0	0	0	ABSTAIN	A	0	0	0
H5B-D-2-09#s100r012	64	0	0	0	0	ABSTAIN	A	0	0	0
H5B-D-6-00#s100r012	64	0	0	0	0	ABSTAIN	A	0	0	0
H5B-D-6-01#s100r012	64	0	0	0	0	ABSTAIN	A	0	0	0
H5B-D-6-02#s100r012	64	0	0	0	0	ABSTAIN	A	0	0	0
H5B-D-6-03#s100r012	64	0	0	0	0	ABSTAIN	A	0	0	0
H5B-D-6-04#s100r012	64	0	0	0	0	ABSTAIN	A	0	0	0
H5B-D-6-05#s100r012	64	0	0	0	0	ABSTAIN	A	0	0	0
H5B-D-6-06#s100r012	64	0	0	0	0	ABSTAIN	A	0	0	0
H5B-D-6-07#s100r012	64	0	0	0	0	ABSTAIN	A	0	0	0
H5B-D-6-08#s100r012	64	0	0	0	0	ABSTAIN	A	0	0	0
H5B-D-6-09#s100r012	64	0	0	0	0	ABSTAIN	A	0	0	0
H5B-P-06-00#s100r013	64	0	0	0	0	ABSTAIN	A	0	0	0
H5B-P-06-01#s100r013	64	0	0	0	0	ABSTAIN	A	0	0	0
H5B-P-06-02#s100r013	64	0	0	0	0	ABSTAIN	A	0	0	0
H5B-P-06-03#s100r013	64	0	0	0	0	ABSTAIN	A	0	0	0
H5B-P-06-04#s100r013	64	0	0	0	0	ABSTAIN	A	0	0	0
H5B-P-06-05#s100r013	64	0	0	0	0	ABSTAIN	A	0	0	0
H5B-P-06-06#s100r013	64	0	0	0	0	ABSTAIN	A	0	0	0
H5B-P-06-07#s100r013	64	0	0	0	0	ABSTAIN	A	0	0	0
H5B-P-06-08#s100r013	64	0	0	0	0	ABSTAIN	A	0	0	0
H5B-P-06-09#s100r013	64	0	0	0	0	ABSTAIN	A	0	0	0
H5B-P-12-00#s100r013	64	0	0	0	0	ABSTAIN	A	0	0	0
H5B-P-12-01#s100r013	64	0	0	0	0	ABSTAIN	A	0	0	0
H5B-P-12-02#s100r013	64	0	0	0	0	ABSTAIN	A	0	0	0
H5B-P-12-03#s100r013	64	0	0	0	0	ABSTAIN	A	0	0	0
H5B-P-12-04#s100r013	64	0	0	0	0	ABSTAIN	A	0	0	0
H5B-P-12-05#s100r013	64	0	0	0	0	ABSTAIN	A	0	0	0
H5B-P-12-06#s100r013	64	0	0	0	0	ABSTAIN	A	0	0	0
H5B-P-12-07#s100r013	64	0	0	0	0	ABSTAIN	A	0	0	0
H5B-P-12-08#s100r013	64	0	0	0	0	ABSTAIN	A	0	0	0
H5B-P-12-09#s100r013	64	0	0	0	0	ABSTAIN	A	0	0	0
H5B-P-20-00#s100r013	64	0	0	0	0	ABSTAIN	A	0	0	0
H5B-P-20-01#s100r013	64	0	0	0	0	ABSTAIN	A	0	0	0
H5B-P-20-02#s100r013	64	0	0	0	0	ABSTAIN	A	0	0	0
H5B-P-20-03#s100r013	64	0	0	0	0	ABSTAIN	A	0	0	0
H5B-P-20-04#s100r013	64	0	0	0	0	ABSTAIN	A	0	0	0
H5B-P-20-05#s100r013	64	0	0	0	0	ABSTAIN	A	0	0	0
H5B-P-20-06#s100r013	64	0	0	0	0	ABSTAIN	A	0	0	0
H5B-P-20-07#s100r013	64	0	0	0	0	ABSTAIN	A	0	0	0
H5B-P-20-08#s100r013	64	0	0	0	0	ABSTAIN	A	0	0	0
H5B-P-20-09#s100r013	64	0	0	0	0	ABSTAIN	A	0	0	0
H5B-P-40-00#s100r013	64	0	0	0	0	ABSTAIN	A	0	0	0
H5B-P-40-01#s100r013	64	0	0	0	0	ABSTAIN	A	0	0	0
H5B-P-40-02#s100r013	64	0	0	0	0	ABSTAIN	A	0	0	0
H5B-P-40-03#s100r013	64	0	0	0	0	ABSTAIN	A	0	0	0
H5B-P-40-04#s100r013	64	0	0	0	0	ABSTAIN	A	0	0	0
H5B-P-40-05#s100r013	64	0	0	0	0	ABSTAIN	A	0	0	0
H5B-P-40-06#s100r013	64	0	0	0	0	ABSTAIN	A	0	0	0
H5B-P-40-07#s100r013	64	0	0	0	0	ABSTAIN	A	0	0	0
H5B-P-40-08#s100r013	64	0	0	0	0	ABSTAIN	A	0	0	0
H5B-P-40-09#s100r013	64	0	0	0	0	ABSTAIN	A	0	0	0
H5B-O-06-00#s100r013	64	0	0	0	0	ABSTAIN	A	0	0	0
H5B-O-06-01#s100r013	64	0	0	0	0	ABSTAIN	A	0	0	0
H5B-O-06-02#s100r013	64	0	0	0	0	ABSTAIN	A	0	0	0
H5B-O-06-03#s100r013	64	0	0	0	0	ABSTAIN	A	0	0	0
H5B-O-06-04#s100r013	64	0	0	0	0	ABSTAIN	A	0	0	0
H5B-O-06-05#s100r013	64	0	0	0	0	ABSTAIN	A	0	0	0
H5B-O-06-06#s100r013	64	0	0	0	0	ABSTAIN	A	0	0	0
H5B-O-06-07#s100r013	64	0	0	0	0	ABSTAIN	A	0	0	0
H5B-O-06-08#s100r013	64	0	0	0	0	ABSTAIN	A	0	0	0
H5B-O-06-09#s100r013	64	0	0	0	0	ABSTAIN	A	0	0	0
H5B-O-12-00#s100r013	64	0	0	0	0	ABSTAIN	A	0	0	0
H5B-O-12-01#s100r013	64	0	0	0	0	ABSTAIN	A	0	0	0
H5B-O-12-02#s100r013	64	0	0	0	0	ABSTAIN	A	0	0	0
H5B-O-12-03#s100r013	64	0	0	0	0	ABSTAIN	A	0	0	0
H5B-O-12-04#s100r013	64	0	0	0	0	ABSTAIN	A	0	0	0
H5B-O-12-05#s100r013	64	0	0	0	0	ABSTAIN	A	0	0	0
H5B-O-12-06#s100r013	64	0	0	0	0	ABSTAIN	A	0	0	0
H5B-O-12-07#s100r013	64	0	0	0	0	ABSTAIN	A	0	0	0
H5B-O-12-08#s100r013	64	0	0	0	0	ABSTAIN	A	0	0	0
H5B-O-12-09#s100r013	64	0	0	0	0	ABSTAIN	A	0	0	0
H5B-O-20-00#s100r013	64	0	0	0	0	ABSTAIN	A	0	0	0
H5B-O-20-01#s100r013	64	0	0	0	0	ABSTAIN	A	0	0	0
H5B-O-20-02#s100r013	64	0	0	0	0	ABSTAIN	A	0	0	0
H5B-O-20-03#s100r013	64	0	0	0	0	ABSTAIN	A	0	0	0
H5B-O-20-04#s100r013	64	0	0	0	0	ABSTAIN	A	0	0	0
H5B-O-20-05#s100r013	64	0	0	0	0	ABSTAIN	A	0	0	0
H5B-O-20-06#s100r013	64	0	0	0	0	ABSTAIN	A	0	0	0
H5B-O-20-07#s100r013	64	0	0	0	0	ABSTAIN	A	0	0	0
H5B-O-20-08#s100r013	64	0	0	0	0	ABSTAIN	A	0	0	0
H5B-O-20-09#s100r013	64	0	0	0	0	ABSTAIN	A	0	0	0
H5B-O-40-00#s100r013	64	0	0	0	0	ABSTAIN	A	0	0	0
H5B-O-40-01#s100r013	64	0	0	0	0	ABSTAIN	A	0	0	0
H5B-O-40-02#s100r013	64	0	0	0	0	ABSTAIN	A	0	0	0
H5B-O-40-03#s100r013	64	0	0	0	0	ABSTAIN	A	0	0	0
H5B-O-40-04#s100r013	64	0	0	0	0	ABSTAIN	A	0	0	0
H5B-O-40-05#s100r013	64	0	0	0	0	ABSTAIN	A	0	0	0
H5B-O-40-06#s100r013	64	0	0	0	0	ABSTAIN	A	0	0	0
H5B-O-40-07#s100r013	64	0	0	0	0	ABSTAIN	A	0	0	0
H5B-O-40-08#s100r013	64	0	0	0	0	ABSTAIN	A	0	0	0
H5B-O-40-09#s100r013	64	0	0	0	0	ABSTAIN	A	0	0	0
H5B-D-0-00#s100r013	64	0	0	0	0	RELEASE	1	668	0	0
H5B-D-0-01#s100r013	64	0	0	0	0	RELEASE	1	668	0	0
H5B-D-0-02#s100r013	64	0	0	0	0	RELEASE	1	669	0	0
H5B-D-0-03#s100r013	64	0	0	0	0	RELEASE	1	669	0	0
H5B-D-0-04#s100r013	64	0	0	0	0	RELEASE	1	669	0	0
H5B-D-0-05#s100r013	64	0	0	0	0	RELEASE	1	669	0	0
H5B-D-0-06#s100r013	64	0	0	0	0	RELEASE	1	670	0	0
H5B-D-0-07#s100r013	64	0	0	0	0	RELEASE	1	670	0	0
H5B-D-0-08#s100r013	64	0	0	0	0	RELEASE	1	670	0	0
H5B-D-0-09#s100r013	64	0	0	0	0	RELEASE	1	671	0	0
H5B-D-1-00#s100r013	64	0	0	0	0	ABSTAIN	A	0	0	0
H5B-D-1-01#s100r013	64	0	0	0	0	ABSTAIN	A	0	0	0
H5B-D-1-02#s100r013	64	0	0	0	0	ABSTAIN	A	0	0	0
H5B-D-1-03#s100r013	64	0	0	0	0	ABSTAIN	A	0	0	0
H5B-D-1-04#s100r013	64	0	0	0	0	ABSTAIN	A	0	0	0
H5B-D-1-05#s100r013	64	0	0	0	0	ABSTAIN	A	0	0	0
H5B-D-1-06#s100r013	64	0	0	0	0	ABSTAIN	A	0	0	0
H5B-D-1-07#s100r013	64	0	0	0	0	ABSTAIN	A	0	0	0
H5B-D-1-08#s100r013	64	0	0	0	0	ABSTAIN	A	0	0	0
H5B-D-1-09#s100r013	64	0	0	0	0	ABSTAIN	A	0	0	0
H5B-D-2-00#s100r013	64	0	0	0	0	ABSTAIN	A	0	0	0
H5B-D-2-01#s100r013	64	0	0	0	0	ABSTAIN	A	0	0	0
H5B-D-2-02#s100r013	64	0	0	0	0	ABSTAIN	A	0	0	0
H5B-D-2-03#s100r013	64	0	0	0	0	ABSTAIN	A	0	0	0
H5B-D-2-04#s100r013	64	0	0	0	0	ABSTAIN	A	0	0	0
H5B-D-2-05#s100r013	64	0	0	0	0	ABSTAIN	A	0	0	0
H5B-D-2-06#s100r013	64	0	0	0	0	ABSTAIN	A	0	0	0
H5B-D-2-07#s100r013	64	0	0	0	0	ABSTAIN	A	0	0	0
H5B-D-2-08#s100r013	64	0	0	0	0	ABSTAIN	A	0	0	0
H5B-D-2-09#s100r013	64	0	0	0	0	ABSTAIN	A	0	0	0
H5B-D-6-00#s100r013	64	0	0	0	0	ABSTAIN	A	0	0	0
H5B-D-6-01#s100r013	64	0	0	0	0	ABSTAIN	A	0	0	0
H5B-D-6-02#s100r013	64	0	0	0	0	ABSTAIN	A	0	0	0
H5B-D-6-03#s100r013	64	0	0	0	0	ABSTAIN	A	0	0	0
H5B-D-6-04#s100r013	64	0	0	0	0	ABSTAIN	A	0	0	0
H5B-D-6-05#s100r013	64	0	0	0	0	ABSTAIN	A	0	0	0
H5B-D-6-06#s100r013	64	0	0	0	0	ABSTAIN	A	0	0	0
H5B-D-6-07#s100r013	64	0	0	0	0	ABSTAIN	A	0	0	0
H5B-D-6-08#s100r013	64	0	0	0	0	ABSTAIN	A	0	0	0
H5B-D-6-09#s100r013	64	0	0	0	0	ABSTAIN	A	0	0	0
H5B-P-06-00#s100r014	64	0	0	0	0	ABSTAIN	A	0	0	0
H5B-P-06-01#s100r014	64	0	0	0	0	ABSTAIN	A	0	0	0
H5B-P-06-02#s100r014	64	0	0	0	0	ABSTAIN	A	0	0	0
H5B-P-06-03#s100r014	64	0	0	0	0	ABSTAIN	A	0	0	0
H5B-P-06-04#s100r014	64	0	0	0	0	ABSTAIN	A	0	0	0
H5B-P-06-05#s100r014	64	0	0	0	0	ABSTAIN	A	0	0	0
H5B-P-06-06#s100r014	64	0	0	0	0	ABSTAIN	A	0	0	0
H5B-P-06-07#s100r014	64	0	0	0	0	ABSTAIN	A	0	0	0
H5B-P-06-08#s100r014	64	0	0	0	0	ABSTAIN	A	0	0	0
H5B-P-06-09#s100r014	64	0	0	0	0	ABSTAIN	A	0	0	0
H5B-P-12-00#s100r014	64	0	0	0	0	ABSTAIN	A	0	0	0
H5B-P-12-01#s100r014	64	0	0	0	0	ABSTAIN	A	0	0	0
H5B-P-12-02#s100r014	64	0	0	0	0	ABSTAIN	A	0	0	0
H5B-P-12-03#s100r014	64	0	0	0	0	ABSTAIN	A	0	0	0
H5B-P-12-04#s100r014	64	0	0	0	0	ABSTAIN	A	0	0	0
H5B-P-12-05#s100r014	64	0	0	0	0	ABSTAIN	A	0	0	0
H5B-P-12-06#s100r014	64	0	0	0	0	ABSTAIN	A	0	0	0
H5B-P-12-07#s100r014	64	0	0	0	0	ABSTAIN	A	0	0	0
H5B-P-12-08#s100r014	64	0	0	0	0	ABSTAIN	A	0	0	0
H5B-P-12-09#s100r014	64	0	0	0	0	ABSTAIN	A	0	0	0
H5B-P-20-00#s100r014	64	0	0	0	0	ABSTAIN	A	0	0	0
H5B-P-20-01#s100r014	64	0	0	0	0	ABSTAIN	A	0	0	0
H5B-P-20-02#s100r014	64	0	0	0	0	ABSTAIN	A	0	0	0
H5B-P-20-03#s100r014	64	0	0	0	0	ABSTAIN	A	0	0	0
H5B-P-20-04#s100r014	64	0	0	0	0	ABSTAIN	A	0	0	0
H5B-P-20-05#s100r014	64	0	0	0	0	ABSTAIN	A	0	0	0
H5B-P-20-06#s100r014	64	0	0	0	0	ABSTAIN	A	0	0	0
H5B-P-20-07#s100r014	64	0	0	0	0	ABSTAIN	A	0	0	0
H5B-P-20-08#s100r014	64	0	0	0	0	ABSTAIN	A	0	0	0
H5B-P-20-09#s100r014	64	0	0	0	0	ABSTAIN	A	0	0	0
H5B-P-40-00#s100r014	64	0	0	0	0	ABSTAIN	A	0	0	0
H5B-P-40-01#s100r014	64	0	0	0	0	ABSTAIN	A	0	0	0
H5B-P-40-02#s100r014	64	0	0	0	0	ABSTAIN	A	0	0	0
H5B-P-40-03#s100r014	64	0	0	0	0	ABSTAIN	A	0	0	0
H5B-P-40-04#s100r014	64	0	0	0	0	ABSTAIN	A	0	0	0
H5B-P-40-05#s100r014	64	0	0	0	0	ABSTAIN	A	0	0	0
H5B-P-40-06#s100r014	64	0	0	0	0	ABSTAIN	A	0	0	0
H5B-P-40-07#s100r014	64	0	0	0	0	ABSTAIN	A	0	0	0
H5B-P-40-08#s100r014	64	0	0	0	0	ABSTAIN	A	0	0	0
H5B-P-40-09#s100r014	64	0	0	0	0	ABSTAIN	A	0	0	0
H5B-O-06-00#s100r014	64	0	0	0	0	ABSTAIN	A	0	0	0
H5B-O-06-01#s100r014	64	0	0	0	0	ABSTAIN	A	0	0	0
H5B-O-06-02#s100r014	64	0	0	0	0	ABSTAIN	A	0	0	0
H5B-O-06-03#s100r014	64	0	0	0	0	ABSTAIN	A	0	0	0
H5B-O-06-04#s100r014	64	0	0	0	0	ABSTAIN	A	0	0	0
H5B-O-06-05#s100r014	64	0	0	0	0	ABSTAIN	A	0	0	0
H5B-O-06-06#s100r014	64	0	0	0	0	ABSTAIN	A	0	0	0
H5B-O-06-07#s100r014	64	0	0	0	0	ABSTAIN	A	0	0	0
H5B-O-06-08#s100r014	64	0	0	0	0	ABSTAIN	A	0	0	0
H5B-O-06-09#s100r014	64	0	0	0	0	ABSTAIN	A	0	0	0
H5B-O-12-00#s100r014	64	0	0	0	0	ABSTAIN	A	0	0	0
H5B-O-12-01#s100r014	64	0	0	0	0	ABSTAIN	A	0	0	0
H5B-O-12-02#s100r014	64	0	0	0	0	ABSTAIN	A	0	0	0
H5B-O-12-03#s100r014	64	0	0	0	0	ABSTAIN	A	0	0	0
H5B-O-12-04#s100r014	64	0	0	0	0	ABSTAIN	A	0	0	0
H5B-O-12-05#s100r014	64	0	0	0	0	ABSTAIN	A	0	0	0
H5B-O-12-06#s100r014	64	0	0	0	0	ABSTAIN	A	0	0	0
H5B-O-12-07#s100r014	64	0	0	0	0	ABSTAIN	A	0	0	0
H5B-O-12-08#s100r014	64	0	0	0	0	ABSTAIN	A	0	0	0
H5B-O-12-09#s100r014	64	0	0	0	0	ABSTAIN	A	0	0	0
H5B-O-20-00#s100r014	64	0	0	0	0	ABSTAIN	A	0	0	0
H5B-O-20-01#s100r014	64	0	0	0	0	ABSTAIN	A	0	0	0
H5B-O-20-02#s100r014	64	0	0	0	0	ABSTAIN	A	0	0	0
H5B-O-20-03#s100r014	64	0	0	0	0	ABSTAIN	A	0	0	0
H5B-O-20-04#s100r014	64	0	0	0	0	ABSTAIN	A	0	0	0
H5B-O-20-05#s100r014	64	0	0	0	0	ABSTAIN	A	0	0	0
H5B-O-20-06#s100r014	64	0	0	0	0	ABSTAIN	A	0	0	0
H5B-O-20-07#s100r014	64	0	0	0	0	ABSTAIN	A	0	0	0
H5B-O-20-08#s100r014	64	0	0	0	0	ABSTAIN	A	0	0	0
H5B-O-20-09#s100r014	64	0	0	0	0	ABSTAIN	A	0	0	0
H5B-O-40-00#s100r014	64	0	0	0	0	ABSTAIN	A	0	0	0
H5B-O-40-01#s100r014	64	0	0	0	0	ABSTAIN	A	0	0	0
H5B-O-40-02#s100r014	64	0	0	0	0	ABSTAIN	A	0	0	0
H5B-O-40-03#s100r014	64	0	0	0	0	ABSTAIN	A	0	0	0
H5B-O-40-04#s100r014	64	0	0	0	0	ABSTAIN	A	0	0	0
H5B-O-40-05#s100r014	64	0	0	0	0	ABSTAIN	A	0	0	0
H5B-O-40-06#s100r014	64	0	0	0	0	ABSTAIN	A	0	0	0
H5B-O-40-07#s100r014	64	0	0	0	0	ABSTAIN	A	0	0	0
H5B-O-40-08#s100r014	64	0	0	0	0	ABSTAIN	A	0	0	0
H5B-O-40-09#s100r014	64	0	0	0	0	ABSTAIN	A	0	0	0
H5B-D-0-00#s100r014	64	0	0	0	0	RELEASE	1	667	0	0
H5B-D-0-01#s100r014	64	0	0	0	0	RELEASE	1	668	0	0
H5B-D-0-02#s100r014	64	0	0	0	0	RELEASE	1	668	0	0
H5B-D-0-03#s100r014	64	0	0	0	0	RELEASE	1	668	0	0
H5B-D-0-04#s100r014	64	0	0	0	0	RELEASE	1	668	0	0
H5B-D-0-05#s100r014	64	0	0	0	0	RELEASE	1	669	0	0
H5B-D-0-06#s100r014	64	0	0	0	0	RELEASE	1	669	0	0
H5B-D-0-07#s100r014	64	0	0	0	0	RELEASE	1	669	0	0
H5B-D-0-08#s100r014	64	0	0	0	0	RELEASE	1	669	0	0
H5B-D-0-09#s100r014	64	0	0	0	0	RELEASE	1	670	0	0
H5B-D-1-00#s100r014	64	0	0	0	0	ABSTAIN	A	0	0	0
H5B-D-1-01#s100r014	64	0	0	0	0	ABSTAIN	A	0	0	0
H5B-D-1-02#s100r014	64	0	0	0	0	ABSTAIN	A	0	0	0
H5B-D-1-03#s100r014	64	0	0	0	0	ABSTAIN	A	0	0	0
H5B-D-1-04#s100r014	64	0	0	0	0	ABSTAIN	A	0	0	0
H5B-D-1-05#s100r014	64	0	0	0	0	ABSTAIN	A	0	0	0
H5B-D-1-06#s100r014	64	0	0	0	0	ABSTAIN	A	0	0	0
H5B-D-1-07#s100r014	64	0	0	0	0	ABSTAIN	A	0	0	0
H5B-D-1-08#s100r014	64	0	0	0	0	ABSTAIN	A	0	0	0
H5B-D-1-09#s100r014	64	0	0	0	0	ABSTAIN	A	0	0	0
H5B-D-2-00#s100r014	64	0	0	0	0	ABSTAIN	A	0	0	0
H5B-D-2-01#s100r014	64	0	0	0	0	ABSTAIN	A	0	0	0
H5B-D-2-02#s100r014	64	0	0	0	0	ABSTAIN	A	0	0	0
H5B-D-2-03#s100r014	64	0	0	0	0	ABSTAIN	A	0	0	0
H5B-D-2-04#s100r014	64	0	0	0	0	ABSTAIN	A	0	0	0
H5B-D-2-05#s100r014	64	0	0	0	0	ABSTAIN	A	0	0	0
H5B-D-2-06#s100r014	64	0	0	0	0	ABSTAIN	A	0	0	0
H5B-D-2-07#s100r014	64	0	0	0	0	ABSTAIN	A	0	0	0
H5B-D-2-08#s100r014	64	0	0	0	0	ABSTAIN	A	0	0	0
H5B-D-2-09#s100r014	64	0	0	0	0	ABSTAIN	A	0	0	0
H5B-D-6-00#s100r014	64	0	0	0	0	ABSTAIN	A	0	0	0
H5B-D-6-01#s100r014	64	0	0	0	0	ABSTAIN	A	0	0	0
H5B-D-6-02#s100r014	64	0	0	0	0	ABSTAIN	A	0	0	0
H5B-D-6-03#s100r014	64	0	0	0	0	ABSTAIN	A	0	0	0
H5B-D-6-04#s100r014	64	0	0	0	0	ABSTAIN	A	0	0	0
H5B-D-6-05#s100r014	64	0	0	0	0	ABSTAIN	A	0	0	0
H5B-D-6-06#s100r014	64	0	0	0	0	ABSTAIN	A	0	0	0
H5B-D-6-07#s100r014	64	0	0	0	0	ABSTAIN	A	0	0	0
H5B-D-6-08#s100r014	64	0	0	0	0	ABSTAIN	A	0	0	0
H5B-D-6-09#s100r014	64	0	0	0	0	ABSTAIN	A	0	0	0
H5B-P-06-00#s100r015	64	0	0	0	0	ABSTAIN	A	0	0	0
H5B-P-06-01#s100r015	64	0	0	0	0	ABSTAIN	A	0	0	0
H5B-P-06-02#s100r015	64	0	0	0	0	ABSTAIN	A	0	0	0
H5B-P-06-03#s100r015	64	0	0	0	0	ABSTAIN	A	0	0	0
H5B-P-06-04#s100r015	64	0	0	0	0	ABSTAIN	A	0	0	0
H5B-P-06-05#s100r015	64	0	0	0	0	ABSTAIN	A	0	0	0
H5B-P-06-06#s100r015	64	0	0	0	0	ABSTAIN	A	0	0	0
H5B-P-06-07#s100r015	64	0	0	0	0	ABSTAIN	A	0	0	0
H5B-P-06-08#s100r015	64	0	0	0	0	ABSTAIN	A	0	0	0
H5B-P-06-09#s100r015	64	0	0	0	0	ABSTAIN	A	0	0	0
H5B-P-12-00#s100r015	64	0	0	0	0	ABSTAIN	A	0	0	0
H5B-P-12-01#s100r015	64	0	0	0	0	ABSTAIN	A	0	0	0
H5B-P-12-02#s100r015	64	0	0	0	0	ABSTAIN	A	0	0	0
H5B-P-12-03#s100r015	64	0	0	0	0	ABSTAIN	A	0	0	0
H5B-P-12-04#s100r015	64	0	0	0	0	ABSTAIN	A	0	0	0
H5B-P-12-05#s100r015	64	0	0	0	0	ABSTAIN	A	0	0	0
H5B-P-12-06#s100r015	64	0	0	0	0	ABSTAIN	A	0	0	0
H5B-P-12-07#s100r015	64	0	0	0	0	ABSTAIN	A	0	0	0
H5B-P-12-08#s100r015	64	0	0	0	0	ABSTAIN	A	0	0	0
H5B-P-12-09#s100r015	64	0	0	0	0	ABSTAIN	A	0	0	0
H5B-P-20-00#s100r015	64	0	0	0	0	ABSTAIN	A	0	0	0
H5B-P-20-01#s100r015	64	0	0	0	0	ABSTAIN	A	0	0	0
H5B-P-20-02#s100r015	64	0	0	0	0	ABSTAIN	A	0	0	0
H5B-P-20-03#s100r015	64	0	0	0	0	ABSTAIN	A	0	0	0
H5B-P-20-04#s100r015	64	0	0	0	0	ABSTAIN	A	0	0	0
H5B-P-20-05#s100r015	64	0	0	0	0	ABSTAIN	A	0	0	0
H5B-P-20-06#s100r015	64	0	0	0	0	ABSTAIN	A	0	0	0
H5B-P-20-07#s100r015	64	0	0	0	0	ABSTAIN	A	0	0	0
H5B-P-20-08#s100r015	64	0	0	0	0	ABSTAIN	A	0	0	0
H5B-P-20-09#s100r015	64	0	0	0	0	ABSTAIN	A	0	0	0
H5B-P-40-00#s100r015	64	0	0	0	0	ABSTAIN	A	0	0	0
H5B-P-40-01#s100r015	64	0	0	0	0	ABSTAIN	A	0	0	0
H5B-P-40-02#s100r015	64	0	0	0	0	ABSTAIN	A	0	0	0
H5B-P-40-03#s100r015	64	0	0	0	0	ABSTAIN	A	0	0	0
H5B-P-40-04#s100r015	64	0	0	0	0	ABSTAIN	A	0	0	0
H5B-P-40-05#s100r015	64	0	0	0	0	ABSTAIN	A	0	0	0
H5B-P-40-06#s100r015	64	0	0	0	0	ABSTAIN	A	0	0	0
H5B-P-40-07#s100r015	64	0	0	0	0	ABSTAIN	A	0	0	0
H5B-P-40-08#s100r015	64	0	0	0	0	ABSTAIN	A	0	0	0
H5B-P-40-09#s100r015	64	0	0	0	0	ABSTAIN	A	0	0	0
H5B-O-06-00#s100r015	64	0	0	0	0	ABSTAIN	A	0	0	0
H5B-O-06-01#s100r015	64	0	0	0	0	ABSTAIN	A	0	0	0
H5B-O-06-02#s100r015	64	0	0	0	0	ABSTAIN	A	0	0	0
H5B-O-06-03#s100r015	64	0	0	0	0	ABSTAIN	A	0	0	0
H5B-O-06-04#s100r015	64	0	0	0	0	ABSTAIN	A	0	0	0
H5B-O-06-05#s100r015	64	0	0	0	0	ABSTAIN	A	0	0	0
H5B-O-06-06#s100r015	64	0	0	0	0	ABSTAIN	A	0	0	0
H5B-O-06-07#s100r015	64	0	0	0	0	ABSTAIN	A	0	0	0
H5B-O-06-08#s100r015	64	0	0	0	0	ABSTAIN	A	0	0	0
H5B-O-06-09#s100r015	64	0	0	0	0	ABSTAIN	A	0	0	0
H5B-O-12-00#s100r015	64	0	0	0	0	ABSTAIN	A	0	0	0
H5B-O-12-01#s100r015	64	0	0	0	0	ABSTAIN	A	0	0	0
H5B-O-12-02#s100r015	64	0	0	0	0	ABSTAIN	A	0	0	0
H5B-O-12-03#s100r015	64	0	0	0	0	ABSTAIN	A	0	0	0
H5B-O-12-04#s100r015	64	0	0	0	0	ABSTAIN	A	0	0	0
H5B-O-12-05#s100r015	64	0	0	0	0	ABSTAIN	A	0	0	0
H5B-O-12-06#s100r015	64	0	0	0	0	ABSTAIN	A	0	0	0
H5B-O-12-07#s100r015	64	0	0	0	0	ABSTAIN	A	0	0	0
H5B-O-12-08#s100r015	64	0	0	0	0	ABSTAIN	A	0	0	0
H5B-O-12-09#s100r015	64	0	0	0	0	ABSTAIN	A	0	0	0
H5B-O-20-00#s100r015	64	0	0	0	0	ABSTAIN	A	0	0	0
H5B-O-20-01#s100r015	64	0	0	0	0	ABSTAIN	A	0	0	0
H5B-O-20-02#s100r015	64	0	0	0	0	ABSTAIN	A	0	0	0
H5B-O-20-03#s100r015	64	0	0	0	0	ABSTAIN	A	0	0	0
H5B-O-20-04#s100r015	64	0	0	0	0	ABSTAIN	A	0	0	0
H5B-O-20-05#s100r015	64	0	0	0	0	ABSTAIN	A	0	0	0
H5B-O-20-06#s100r015	64	0	0	0	0	ABSTAIN	A	0	0	0
H5B-O-20-07#s100r015	64	0	0	0	0	ABSTAIN	A	0	0	0
H5B-O-20-08#s100r015	64	0	0	0	0	ABSTAIN	A	0	0	0
H5B-O-20-09#s100r015	64	0	0	0	0	ABSTAIN	A	0	0	0
H5B-O-40-00#s100r015	64	0	0	0	0	ABSTAIN	A	0	0	0
H5B-O-40-01#s100r015	64	0	0	0	0	ABSTAIN	A	0	0	0
H5B-O-40-02#s100r015	64	0	0	0	0	ABSTAIN	A	0	0	0
H5B-O-40-03#s100r015	64	0	0	0	0	ABSTAIN	A	0	0	0
H5B-O-40-04#s100r015	64	0	0	0	0	ABSTAIN	A	0	0	0
H5B-O-40-05#s100r015	64	0	0	0	0	ABSTAIN	A	0	0	0
H5B-O-40-06#s100r015	64	0	0	0	0	ABSTAIN	A	0	0	0
H5B-O-40-07#s100r015	64	0	0	0	0	ABSTAIN	A	0	0	0
H5B-O-40-08#s100r015	64	0	0	0	0	ABSTAIN	A	0	0	0
H5B-O-40-09#s100r015	64	0	0	0	0	ABSTAIN	A	0	0	0
H5B-D-0-00#s100r015	64	0	0	0	0	RELEASE	1	667	0	0
H5B-D-0-01#s100r015	64	0	0	0	0	RELEASE	1	667	0	0
H5B-D-0-02#s100r015	64	0	0	0	0	RELEASE	1	667	0	0
H5B-D-0-03#s100r015	64	0	0	0	0	RELEASE	1	667	0	0
H5B-D-0-04#s100r015	64	0	0	0	0	RELEASE	1	668	0	0
H5B-D-0-05#s100r015	64	0	0	0	0	RELEASE	1	668	0	0
H5B-D-0-06#s100r015	64	0	0	0	0	RELEASE	1	668	0	0
H5B-D-0-07#s100r015	64	0	0	0	0	RELEASE	1	668	0	0
H5B-D-0-08#s100r015	64	0	0	0	0	RELEASE	1	669	0	0
H5B-D-0-09#s100r015	64	0	0	0	0	RELEASE	1	669	0	0
H5B-D-1-00#s100r015	64	0	0	0	0	ABSTAIN	A	0	0	0
H5B-D-1-01#s100r015	64	0	0	0	0	ABSTAIN	A	0	0	0
H5B-D-1-02#s100r015	64	0	0	0	0	ABSTAIN	A	0	0	0
H5B-D-1-03#s100r015	64	0	0	0	0	ABSTAIN	A	0	0	0
H5B-D-1-04#s100r015	64	0	0	0	0	ABSTAIN	A	0	0	0
H5B-D-1-05#s100r015	64	0	0	0	0	ABSTAIN	A	0	0	0
H5B-D-1-06#s100r015	64	0	0	0	0	ABSTAIN	A	0	0	0
H5B-D-1-07#s100r015	64	0	0	0	0	ABSTAIN	A	0	0	0
H5B-D-1-08#s100r015	64	0	0	0	0	ABSTAIN	A	0	0	0
H5B-D-1-09#s100r015	64	0	0	0	0	ABSTAIN	A	0	0	0
H5B-D-2-00#s100r015	64	0	0	0	0	ABSTAIN	A	0	0	0
H5B-D-2-01#s100r015	64	0	0	0	0	ABSTAIN	A	0	0	0
H5B-D-2-02#s100r015	64	0	0	0	0	ABSTAIN	A	0	0	0
H5B-D-2-03#s100r015	64	0	0	0	0	ABSTAIN	A	0	0	0
H5B-D-2-04#s100r015	64	0	0	0	0	ABSTAIN	A	0	0	0
H5B-D-2-05#s100r015	64	0	0	0	0	ABSTAIN	A	0	0	0
H5B-D-2-06#s100r015	64	0	0	0	0	ABSTAIN	A	0	0	0
H5B-D-2-07#s100r015	64	0	0	0	0	ABSTAIN	A	0	0	0
H5B-D-2-08#s100r015	64	0	0	0	0	ABSTAIN	A	0	0	0
H5B-D-2-09#s100r015	64	0	0	0	0	ABSTAIN	A	0	0	0
H5B-D-6-00#s100r015	64	0	0	0	0	ABSTAIN	A	0	0	0
H5B-D-6-01#s100r015	64	0	0	0	0	ABSTAIN	A	0	0	0
H5B-D-6-02#s100r015	64	0	0	0	0	ABSTAIN	A	0	0	0
H5B-D-6-03#s100r015	64	0	0	0	0	ABSTAIN	A	0	0	0
H5B-D-6-04#s100r015	64	0	0	0	0	ABSTAIN	A	0	0	0
H5B-D-6-05#s100r015	64	0	0	0	0	ABSTAIN	A	0	0	0
H5B-D-6-06#s100r015	64	0	0	0	0	ABSTAIN	A	0	0	0
H5B-D-6-07#s100r015	64	0	0	0	0	ABSTAIN	A	0	0	0
H5B-D-6-08#s100r015	64	0	0	0	0	ABSTAIN	A	0	0	0
H5B-D-6-09#s100r015	64	0	0	0	0	ABSTAIN	A	0	0	0
H5B-P-06-00#s100r016	64	0	0	0	0	ABSTAIN	A	0	0	0
H5B-P-06-01#s100r016	64	0	0	0	0	ABSTAIN	A	0	0	0
H5B-P-06-02#s100r016	64	0	0	0	0	ABSTAIN	A	0	0	0
H5B-P-06-03#s100r016	64	0	0	0	0	ABSTAIN	A	0	0	0
H5B-P-06-04#s100r016	64	0	0	0	0	ABSTAIN	A	0	0	0
H5B-P-06-05#s100r016	64	0	0	0	0	ABSTAIN	A	0	0	0
H5B-P-06-06#s100r016	64	0	0	0	0	ABSTAIN	A	0	0	0
H5B-P-06-07#s100r016	64	0	0	0	0	ABSTAIN	A	0	0	0
H5B-P-06-08#s100r016	64	0	0	0	0	ABSTAIN	A	0	0	0
H5B-P-06-09#s100r016	64	0	0	0	0	ABSTAIN	A	0	0	0
H5B-P-12-00#s100r016	64	0	0	0	0	ABSTAIN	A	0	0	0
H5B-P-12-01#s100r016	64	0	0	0	0	ABSTAIN	A	0	0	0
H5B-P-12-02#s100r016	64	0	0	0	0	ABSTAIN	A	0	0	0
H5B-P-12-03#s100r016	64	0	0	0	0	ABSTAIN	A	0	0	0
H5B-P-12-04#s100r016	64	0	0	0	0	ABSTAIN	A	0	0	0
H5B-P-12-05#s100r016	64	0	0	0	0	ABSTAIN	A	0	0	0
H5B-P-12-06#s100r016	64	0	0	0	0	ABSTAIN	A	0	0	0
H5B-P-12-07#s100r016	64	0	0	0	0	ABSTAIN	A	0	0	0
H5B-P-12-08#s100r016	64	0	0	0	0	ABSTAIN	A	0	0	0
H5B-P-12-09#s100r016	64	0	0	0	0	ABSTAIN	A	0	0	0
H5B-P-20-00#s100r016	64	0	0	0	0	ABSTAIN	A	0	0	0
H5B-P-20-01#s100r016	64	0	0	0	0	ABSTAIN	A	0	0	0
H5B-P-20-02#s100r016	64	0	0	0	0	ABSTAIN	A	0	0	0
H5B-P-20-03#s100r016	64	0	0	0	0	ABSTAIN	A	0	0	0
H5B-P-20-04#s100r016	64	0	0	0	0	ABSTAIN	A	0	0	0
H5B-P-20-05#s100r016	64	0	0	0	0	ABSTAIN	A	0	0	0
H5B-P-20-06#s100r016	64	0	0	0	0	ABSTAIN	A	0	0	0
H5B-P-20-07#s100r016	64	0	0	0	0	ABSTAIN	A	0	0	0
H5B-P-20-08#s100r016	64	0	0	0	0	ABSTAIN	A	0	0	0
H5B-P-20-09#s100r016	64	0	0	0	0	ABSTAIN	A	0	0	0
H5B-P-40-00#s100r016	64	0	0	0	0	ABSTAIN	A	0	0	0
H5B-P-40-01#s100r016	64	0	0	0	0	ABSTAIN	A	0	0	0
H5B-P-40-02#s100r016	64	0	0	0	0	ABSTAIN	A	0	0	0
H5B-P-40-03#s100r016	64	0	0	0	0	ABSTAIN	A	0	0	0
H5B-P-40-04#s100r016	64	0	0	0	0	ABSTAIN	A	0	0	0
H5B-P-40-05#s100r016	64	0	0	0	0	ABSTAIN	A	0	0	0
H5B-P-40-06#s100r016	64	0	0	0	0	ABSTAIN	A	0	0	0
H5B-P-40-07#s100r016	64	0	0	0	0	ABSTAIN	A	0	0	0
H5B-P-40-08#s100r016	64	0	0	0	0	ABSTAIN	A	0	0	0
H5B-P-40-09#s100r016	64	0	0	0	0	ABSTAIN	A	0	0	0
H5B-O-06-00#s100r016	64	0	0	0	0	ABSTAIN	A	0	0	0
H5B-O-06-01#s100r016	64	0	0	0	0	ABSTAIN	A	0	0	0
H5B-O-06-02#s100r016	64	0	0	0	0	ABSTAIN	A	0	0	0
H5B-O-06-03#s100r016	64	0	0	0	0	ABSTAIN	A	0	0	0
H5B-O-06-04#s100r016	64	0	0	0	0	ABSTAIN	A	0	0	0
H5B-O-06-05#s100r016	64	0	0	0	0	ABSTAIN	A	0	0	0
H5B-O-06-06#s100r016	64	0	0	0	0	ABSTAIN	A	0	0	0
H5B-O-06-07#s100r016	64	0	0	0	0	ABSTAIN	A	0	0	0
H5B-O-06-08#s100r016	64	0	0	0	0	ABSTAIN	A	0	0	0
H5B-O-06-09#s100r016	64	0	0	0	0	ABSTAIN	A	0	0	0
H5B-O-12-00#s100r016	64	0	0	0	0	ABSTAIN	A	0	0	0
H5B-O-12-01#s100r016	64	0	0	0	0	ABSTAIN	A	0	0	0
H5B-O-12-02#s100r016	64	0	0	0	0	ABSTAIN	A	0	0	0
H5B-O-12-03#s100r016	64	0	0	0	0	ABSTAIN	A	0	0	0
H5B-O-12-04#s100r016	64	0	0	0	0	ABSTAIN	A	0	0	0
H5B-O-12-05#s100r016	64	0	0	0	0	ABSTAIN	A	0	0	0
H5B-O-12-06#s100r016	64	0	0	0	0	ABSTAIN	A	0	0	0
H5B-O-12-07#s100r016	64	0	0	0	0	ABSTAIN	A	0	0	0
H5B-O-12-08#s100r016	64	0	0	0	0	ABSTAIN	A	0	0	0
H5B-O-12-09#s100r016	64	0	0	0	0	ABSTAIN	A	0	0	0
H5B-O-20-00#s100r016	64	0	0	0	0	ABSTAIN	A	0	0	0
H5B-O-20-01#s100r016	64	0	0	0	0	ABSTAIN	A	0	0	0
H5B-O-20-02#s100r016	64	0	0	0	0	ABSTAIN	A	0	0	0
H5B-O-20-03#s100r016	64	0	0	0	0	ABSTAIN	A	0	0	0
H5B-O-20-04#s100r016	64	0	0	0	0	ABSTAIN	A	0	0	0
H5B-O-20-05#s100r016	64	0	0	0	0	ABSTAIN	A	0	0	0
H5B-O-20-06#s100r016	64	0	0	0	0	ABSTAIN	A	0	0	0
H5B-O-20-07#s100r016	64	0	0	0	0	ABSTAIN	A	0	0	0
H5B-O-20-08#s100r016	64	0	0	0	0	ABSTAIN	A	0	0	0
H5B-O-20-09#s100r016	64	0	0	0	0	ABSTAIN	A	0	0	0
H5B-O-40-00#s100r016	64	0	0	0	0	ABSTAIN	A	0	0	0
H5B-O-40-01#s100r016	64	0	0	0	0	ABSTAIN	A	0	0	0
H5B-O-40-02#s100r016	64	0	0	0	0	ABSTAIN	A	0	0	0
H5B-O-40-03#s100r016	64	0	0	0	0	ABSTAIN	A	0	0	0
H5B-O-40-04#s100r016	64	0	0	0	0	ABSTAIN	A	0	0	0
H5B-O-40-05#s100r016	64	0	0	0	0	ABSTAIN	A	0	0	0
H5B-O-40-06#s100r016	64	0	0	0	0	ABSTAIN	A	0	0	0
H5B-O-40-07#s100r016	64	0	0	0	0	ABSTAIN	A	0	0	0
H5B-O-40-08#s100r016	64	0	0	0	0	ABSTAIN	A	0	0	0
H5B-O-40-09#s100r016	64	0	0	0	0	ABSTAIN	A	0	0	0
H5B-D-0-00#s100r016	64	0	0	0	0	RELEASE	1	666	0	0
H5B-D-0-01#s100r016	64	0	0	0	0	RELEASE	1	666	0	0
H5B-D-0-02#s100r016	64	0	0	0	0	RELEASE	1	667	0	0
H5B-D-0-03#s100r016	64	0	0	0	0	RELEASE	1	667	0	0
H5B-D-0-04#s100r016	64	0	0	0	0	RELEASE	1	667	0	0
H5B-D-0-05#s100r016	64	0	0	0	0	RELEASE	1	667	0	0
H5B-D-0-06#s100r016	64	0	0	0	0	RELEASE	1	668	0	0
H5B-D-0-07#s100r016	64	0	0	0	0	RELEASE	1	668	0	0
H5B-D-0-08#s100r016	64	0	0	0	0	RELEASE	1	668	0	0
H5B-D-0-09#s100r016	64	0	0	0	0	RELEASE	1	668	0	0
H5B-D-1-00#s100r016	64	0	0	0	0	ABSTAIN	A	0	0	0
H5B-D-1-01#s100r016	64	0	0	0	0	ABSTAIN	A	0	0	0
H5B-D-1-02#s100r016	64	0	0	0	0	ABSTAIN	A	0	0	0
H5B-D-1-03#s100r016	64	0	0	0	0	ABSTAIN	A	0	0	0
H5B-D-1-04#s100r016	64	0	0	0	0	ABSTAIN	A	0	0	0
H5B-D-1-05#s100r016	64	0	0	0	0	ABSTAIN	A	0	0	0
H5B-D-1-06#s100r016	64	0	0	0	0	ABSTAIN	A	0	0	0
H5B-D-1-07#s100r016	64	0	0	0	0	ABSTAIN	A	0	0	0
H5B-D-1-08#s100r016	64	0	0	0	0	ABSTAIN	A	0	0	0
H5B-D-1-09#s100r016	64	0	0	0	0	ABSTAIN	A	0	0	0
H5B-D-2-00#s100r016	64	0	0	0	0	ABSTAIN	A	0	0	0
H5B-D-2-01#s100r016	64	0	0	0	0	ABSTAIN	A	0	0	0
H5B-D-2-02#s100r016	64	0	0	0	0	ABSTAIN	A	0	0	0
H5B-D-2-03#s100r016	64	0	0	0	0	ABSTAIN	A	0	0	0
H5B-D-2-04#s100r016	64	0	0	0	0	ABSTAIN	A	0	0	0
H5B-D-2-05#s100r016	64	0	0	0	0	ABSTAIN	A	0	0	0
H5B-D-2-06#s100r016	64	0	0	0	0	ABSTAIN	A	0	0	0
H5B-D-2-07#s100r016	64	0	0	0	0	ABSTAIN	A	0	0	0
H5B-D-2-08#s100r016	64	0	0	0	0	ABSTAIN	A	0	0	0
H5B-D-2-09#s100r016	64	0	0	0	0	ABSTAIN	A	0	0	0
H5B-D-6-00#s100r016	64	0	0	0	0	ABSTAIN	A	0	0	0
H5B-D-6-01#s100r016	64	0	0	0	0	ABSTAIN	A	0	0	0
H5B-D-6-02#s100r016	64	0	0	0	0	ABSTAIN	A	0	0	0
H5B-D-6-03#s100r016	64	0	0	0	0	ABSTAIN	A	0	0	0
H5B-D-6-04#s100r016	64	0	0	0	0	ABSTAIN	A	0	0	0
H5B-D-6-05#s100r016	64	0	0	0	0	ABSTAIN	A	0	0	0
H5B-D-6-06#s100r016	64	0	0	0	0	ABSTAIN	A	0	0	0
H5B-D-6-07#s100r016	64	0	0	0	0	ABSTAIN	A	0	0	0
H5B-D-6-08#s100r016	64	0	0	0	0	ABSTAIN	A	0	0	0
H5B-D-6-09#s100r016	64	0	0	0	0	ABSTAIN	A	0	0	0
H5B-P-06-00#s100r017	64	0	0	0	0	ABSTAIN	A	0	0	0
H5B-P-06-01#s100r017	64	0	0	0	0	ABSTAIN	A	0	0	0
H5B-P-06-02#s100r017	64	0	0	0	0	ABSTAIN	A	0	0	0
H5B-P-06-03#s100r017	64	0	0	0	0	ABSTAIN	A	0	0	0
H5B-P-06-04#s100r017	64	0	0	0	0	ABSTAIN	A	0	0	0
H5B-P-06-05#s100r017	64	0	0	0	0	ABSTAIN	A	0	0	0
H5B-P-06-06#s100r017	64	0	0	0	0	ABSTAIN	A	0	0	0
H5B-P-06-07#s100r017	64	0	0	0	0	ABSTAIN	A	0	0	0
H5B-P-06-08#s100r017	64	0	0	0	0	ABSTAIN	A	0	0	0
H5B-P-06-09#s100r017	64	0	0	0	0	ABSTAIN	A	0	0	0
H5B-P-12-00#s100r017	64	0	0	0	0	ABSTAIN	A	0	0	0
H5B-P-12-01#s100r017	64	0	0	0	0	ABSTAIN	A	0	0	0
H5B-P-12-02#s100r017	64	0	0	0	0	ABSTAIN	A	0	0	0
H5B-P-12-03#s100r017	64	0	0	0	0	ABSTAIN	A	0	0	0
H5B-P-12-04#s100r017	64	0	0	0	0	ABSTAIN	A	0	0	0
H5B-P-12-05#s100r017	64	0	0	0	0	ABSTAIN	A	0	0	0
H5B-P-12-06#s100r017	64	0	0	0	0	ABSTAIN	A	0	0	0
H5B-P-12-07#s100r017	64	0	0	0	0	ABSTAIN	A	0	0	0
H5B-P-12-08#s100r017	64	0	0	0	0	ABSTAIN	A	0	0	0
H5B-P-12-09#s100r017	64	0	0	0	0	ABSTAIN	A	0	0	0
H5B-P-20-00#s100r017	64	0	0	0	0	ABSTAIN	A	0	0	0
H5B-P-20-01#s100r017	64	0	0	0	0	ABSTAIN	A	0	0	0
H5B-P-20-02#s100r017	64	0	0	0	0	ABSTAIN	A	0	0	0
H5B-P-20-03#s100r017	64	0	0	0	0	ABSTAIN	A	0	0	0
H5B-P-20-04#s100r017	64	0	0	0	0	ABSTAIN	A	0	0	0
H5B-P-20-05#s100r017	64	0	0	0	0	ABSTAIN	A	0	0	0
H5B-P-20-06#s100r017	64	0	0	0	0	ABSTAIN	A	0	0	0
H5B-P-20-07#s100r017	64	0	0	0	0	ABSTAIN	A	0	0	0
H5B-P-20-08#s100r017	64	0	0	0	0	ABSTAIN	A	0	0	0
H5B-P-20-09#s100r017	64	0	0	0	0	ABSTAIN	A	0	0	0
H5B-P-40-00#s100r017	64	0	0	0	0	ABSTAIN	A	0	0	0
H5B-P-40-01#s100r017	64	0	0	0	0	ABSTAIN	A	0	0	0
H5B-P-40-02#s100r017	64	0	0	0	0	ABSTAIN	A	0	0	0
H5B-P-40-03#s100r017	64	0	0	0	0	ABSTAIN	A	0	0	0
H5B-P-40-04#s100r017	64	0	0	0	0	ABSTAIN	A	0	0	0
H5B-P-40-05#s100r017	64	0	0	0	0	ABSTAIN	A	0	0	0
H5B-P-40-06#s100r017	64	0	0	0	0	ABSTAIN	A	0	0	0
H5B-P-40-07#s100r017	64	0	0	0	0	ABSTAIN	A	0	0	0
H5B-P-40-08#s100r017	64	0	0	0	0	ABSTAIN	A	0	0	0
H5B-P-40-09#s100r017	64	0	0	0	0	ABSTAIN	A	0	0	0
H5B-O-06-00#s100r017	64	0	0	0	0	ABSTAIN	A	0	0	0
H5B-O-06-01#s100r017	64	0	0	0	0	ABSTAIN	A	0	0	0
H5B-O-06-02#s100r017	64	0	0	0	0	ABSTAIN	A	0	0	0
H5B-O-06-03#s100r017	64	0	0	0	0	ABSTAIN	A	0	0	0
H5B-O-06-04#s100r017	64	0	0	0	0	ABSTAIN	A	0	0	0
H5B-O-06-05#s100r017	64	0	0	0	0	ABSTAIN	A	0	0	0
H5B-O-06-06#s100r017	64	0	0	0	0	ABSTAIN	A	0	0	0
H5B-O-06-07#s100r017	64	0	0	0	0	ABSTAIN	A	0	0	0
H5B-O-06-08#s100r017	64	0	0	0	0	ABSTAIN	A	0	0	0
H5B-O-06-09#s100r017	64	0	0	0	0	ABSTAIN	A	0	0	0
H5B-O-12-00#s100r017	64	0	0	0	0	ABSTAIN	A	0	0	0
H5B-O-12-01#s100r017	64	0	0	0	0	ABSTAIN	A	0	0	0
H5B-O-12-02#s100r017	64	0	0	0	0	ABSTAIN	A	0	0	0
H5B-O-12-03#s100r017	64	0	0	0	0	ABSTAIN	A	0	0	0
H5B-O-12-04#s100r017	64	0	0	0	0	ABSTAIN	A	0	0	0
H5B-O-12-05#s100r017	64	0	0	0	0	ABSTAIN	A	0	0	0
H5B-O-12-06#s100r017	64	0	0	0	0	ABSTAIN	A	0	0	0
H5B-O-12-07#s100r017	64	0	0	0	0	ABSTAIN	A	0	0	0
H5B-O-12-08#s100r017	64	0	0	0	0	ABSTAIN	A	0	0	0
H5B-O-12-09#s100r017	64	0	0	0	0	ABSTAIN	A	0	0	0
H5B-O-20-00#s100r017	64	0	0	0	0	ABSTAIN	A	0	0	0
H5B-O-20-01#s100r017	64	0	0	0	0	ABSTAIN	A	0	0	0
H5B-O-20-02#s100r017	64	0	0	0	0	ABSTAIN	A	0	0	0
H5B-O-20-03#s100r017	64	0	0	0	0	ABSTAIN	A	0	0	0
H5B-O-20-04#s100r017	64	0	0	0	0	ABSTAIN	A	0	0	0
H5B-O-20-05#s100r017	64	0	0	0	0	ABSTAIN	A	0	0	0
H5B-O-20-06#s100r017	64	0	0	0	0	ABSTAIN	A	0	0	0
H5B-O-20-07#s100r017	64	0	0	0	0	ABSTAIN	A	0	0	0
H5B-O-20-08#s100r017	64	0	0	0	0	ABSTAIN	A	0	0	0
H5B-O-20-09#s100r017	64	0	0	0	0	ABSTAIN	A	0	0	0
H5B-O-40-00#s100r017	64	0	0	0	0	ABSTAIN	A	0	0	0
H5B-O-40-01#s100r017	64	0	0	0	0	ABSTAIN	A	0	0	0
H5B-O-40-02#s100r017	64	0	0	0	0	ABSTAIN	A	0	0	0
H5B-O-40-03#s100r017	64	0	0	0	0	ABSTAIN	A	0	0	0
H5B-O-40-04#s100r017	64	0	0	0	0	ABSTAIN	A	0	0	0
H5B-O-40-05#s100r017	64	0	0	0	0	ABSTAIN	A	0	0	0
H5B-O-40-06#s100r017	64	0	0	0	0	ABSTAIN	A	0	0	0
H5B-O-40-07#s100r017	64	0	0	0	0	ABSTAIN	A	0	0	0
H5B-O-40-08#s100r017	64	0	0	0	0	ABSTAIN	A	0	0	0
H5B-O-40-09#s100r017	64	0	0	0	0	ABSTAIN	A	0	0	0
H5B-D-0-00#s100r017	64	0	0	0	0	RELEASE	1	666	0	0
H5B-D-0-01#s100r017	64	0	0	0	0	RELEASE	1	666	0	0
H5B-D-0-02#s100r017	64	0	0	0	0	RELEASE	1	666	0	0
H5B-D-0-03#s100r017	64	0	0	0	0	RELEASE	1	666	0	0
H5B-D-0-04#s100r017	64	0	0	0	0	RELEASE	1	667	0	0
H5B-D-0-05#s100r017	64	0	0	0	0	RELEASE	1	667	0	0
H5B-D-0-06#s100r017	64	0	0	0	0	RELEASE	1	667	0	0
H5B-D-0-07#s100r017	64	0	0	0	0	RELEASE	1	667	0	0
H5B-D-0-08#s100r017	64	0	0	0	0	RELEASE	1	667	0	0
H5B-D-0-09#s100r017	64	0	0	0	0	RELEASE	1	668	0	0
H5B-D-1-00#s100r017	64	0	0	0	0	ABSTAIN	A	0	0	0
H5B-D-1-01#s100r017	64	0	0	0	0	ABSTAIN	A	0	0	0
H5B-D-1-02#s100r017	64	0	0	0	0	ABSTAIN	A	0	0	0
H5B-D-1-03#s100r017	64	0	0	0	0	ABSTAIN	A	0	0	0
H5B-D-1-04#s100r017	64	0	0	0	0	ABSTAIN	A	0	0	0
H5B-D-1-05#s100r017	64	0	0	0	0	ABSTAIN	A	0	0	0
H5B-D-1-06#s100r017	64	0	0	0	0	ABSTAIN	A	0	0	0
H5B-D-1-07#s100r017	64	0	0	0	0	ABSTAIN	A	0	0	0
H5B-D-1-08#s100r017	64	0	0	0	0	ABSTAIN	A	0	0	0
H5B-D-1-09#s100r017	64	0	0	0	0	ABSTAIN	A	0	0	0
H5B-D-2-00#s100r017	64	0	0	0	0	ABSTAIN	A	0	0	0
H5B-D-2-01#s100r017	64	0	0	0	0	ABSTAIN	A	0	0	0
H5B-D-2-02#s100r017	64	0	0	0	0	ABSTAIN	A	0	0	0
H5B-D-2-03#s100r017	64	0	0	0	0	ABSTAIN	A	0	0	0
H5B-D-2-04#s100r017	64	0	0	0	0	ABSTAIN	A	0	0	0
H5B-D-2-05#s100r017	64	0	0	0	0	ABSTAIN	A	0	0	0
H5B-D-2-06#s100r017	64	0	0	0	0	ABSTAIN	A	0	0	0
H5B-D-2-07#s100r017	64	0	0	0	0	ABSTAIN	A	0	0	0
H5B-D-2-08#s100r017	64	0	0	0	0	ABSTAIN	A	0	0	0
H5B-D-2-09#s100r017	64	0	0	0	0	ABSTAIN	A	0	0	0
H5B-D-6-00#s100r017	64	0	0	0	0	ABSTAIN	A	0	0	0
H5B-D-6-01#s100r017	64	0	0	0	0	ABSTAIN	A	0	0	0
H5B-D-6-02#s100r017	64	0	0	0	0	ABSTAIN	A	0	0	0
H5B-D-6-03#s100r017	64	0	0	0	0	ABSTAIN	A	0	0	0
H5B-D-6-04#s100r017	64	0	0	0	0	ABSTAIN	A	0	0	0
H5B-D-6-05#s100r017	64	0	0	0	0	ABSTAIN	A	0	0	0
H5B-D-6-06#s100r017	64	0	0	0	0	ABSTAIN	A	0	0	0
H5B-D-6-07#s100r017	64	0	0	0	0	ABSTAIN	A	0	0	0
H5B-D-6-08#s100r017	64	0	0	0	0	ABSTAIN	A	0	0	0
H5B-D-6-09#s100r017	64	0	0	0	0	ABSTAIN	A	0	0	0
H5B-P-06-00#s100r018	64	0	0	0	0	ABSTAIN	A	0	0	0
H5B-P-06-01#s100r018	64	0	0	0	0	ABSTAIN	A	0	0	0
H5B-P-06-02#s100r018	64	0	0	0	0	ABSTAIN	A	0	0	0
H5B-P-06-03#s100r018	64	0	0	0	0	ABSTAIN	A	0	0	0
H5B-P-06-04#s100r018	64	0	0	0	0	ABSTAIN	A	0	0	0
H5B-P-06-05#s100r018	64	0	0	0	0	ABSTAIN	A	0	0	0
H5B-P-06-06#s100r018	64	0	0	0	0	ABSTAIN	A	0	0	0
H5B-P-06-07#s100r018	64	0	0	0	0	ABSTAIN	A	0	0	0
H5B-P-06-08#s100r018	64	0	0	0	0	ABSTAIN	A	0	0	0
H5B-P-06-09#s100r018	64	0	0	0	0	ABSTAIN	A	0	0	0
H5B-P-12-00#s100r018	64	0	0	0	0	ABSTAIN	A	0	0	0
H5B-P-12-01#s100r018	64	0	0	0	0	ABSTAIN	A	0	0	0
H5B-P-12-02#s100r018	64	0	0	0	0	ABSTAIN	A	0	0	0
H5B-P-12-03#s100r018	64	0	0	0	0	ABSTAIN	A	0	0	0
H5B-P-12-04#s100r018	64	0	0	0	0	ABSTAIN	A	0	0	0
H5B-P-12-05#s100r018	64	0	0	0	0	ABSTAIN	A	0	0	0
H5B-P-12-06#s100r018	64	0	0	0	0	ABSTAIN	A	0	0	0
H5B-P-12-07#s100r018	64	0	0	0	0	ABSTAIN	A	0	0	0
H5B-P-12-08#s100r018	64	0	0	0	0	ABSTAIN	A	0	0	0
H5B-P-12-09#s100r018	64	0	0	0	0	ABSTAIN	A	0	0	0
H5B-P-20-00#s100r018	64	0	0	0	0	ABSTAIN	A	0	0	0
H5B-P-20-01#s100r018	64	0	0	0	0	ABSTAIN	A	0	0	0
H5B-P-20-02#s100r018	64	0	0	0	0	ABSTAIN	A	0	0	0
H5B-P-20-03#s100r018	64	0	0	0	0	ABSTAIN	A	0	0	0
H5B-P-20-04#s100r018	64	0	0	0	0	ABSTAIN	A	0	0	0
H5B-P-20-05#s100r018	64	0	0	0	0	ABSTAIN	A	0	0	0
H5B-P-20-06#s100r018	64	0	0	0	0	ABSTAIN	A	0	0	0
H5B-P-20-07#s100r018	64	0	0	0	0	ABSTAIN	A	0	0	0
H5B-P-20-08#s100r018	64	0	0	0	0	ABSTAIN	A	0	0	0
H5B-P-20-09#s100r018	64	0	0	0	0	ABSTAIN	A	0	0	0
H5B-P-40-00#s100r018	64	0	0	0	0	ABSTAIN	A	0	0	0
H5B-P-40-01#s100r018	64	0	0	0	0	ABSTAIN	A	0	0	0
H5B-P-40-02#s100r018	64	0	0	0	0	ABSTAIN	A	0	0	0
H5B-P-40-03#s100r018	64	0	0	0	0	ABSTAIN	A	0	0	0
H5B-P-40-04#s100r018	64	0	0	0	0	ABSTAIN	A	0	0	0
H5B-P-40-05#s100r018	64	0	0	0	0	ABSTAIN	A	0	0	0
H5B-P-40-06#s100r018	64	0	0	0	0	ABSTAIN	A	0	0	0
H5B-P-40-07#s100r018	64	0	0	0	0	ABSTAIN	A	0	0	0
H5B-P-40-08#s100r018	64	0	0	0	0	ABSTAIN	A	0	0	0
H5B-P-40-09#s100r018	64	0	0	0	0	ABSTAIN	A	0	0	0
H5B-O-06-00#s100r018	64	0	0	0	0	ABSTAIN	A	0	0	0
H5B-O-06-01#s100r018	64	0	0	0	0	ABSTAIN	A	0	0	0
H5B-O-06-02#s100r018	64	0	0	0	0	ABSTAIN	A	0	0	0
H5B-O-06-03#s100r018	64	0	0	0	0	ABSTAIN	A	0	0	0
H5B-O-06-04#s100r018	64	0	0	0	0	ABSTAIN	A	0	0	0
H5B-O-06-05#s100r018	64	0	0	0	0	ABSTAIN	A	0	0	0
H5B-O-06-06#s100r018	64	0	0	0	0	ABSTAIN	A	0	0	0
H5B-O-06-07#s100r018	64	0	0	0	0	ABSTAIN	A	0	0	0
H5B-O-06-08#s100r018	64	0	0	0	0	ABSTAIN	A	0	0	0
H5B-O-06-09#s100r018	64	0	0	0	0	ABSTAIN	A	0	0	0
H5B-O-12-00#s100r018	64	0	0	0	0	ABSTAIN	A	0	0	0
H5B-O-12-01#s100r018	64	0	0	0	0	ABSTAIN	A	0	0	0
H5B-O-12-02#s100r018	64	0	0	0	0	ABSTAIN	A	0	0	0
H5B-O-12-03#s100r018	64	0	0	0	0	ABSTAIN	A	0	0	0
H5B-O-12-04#s100r018	64	0	0	0	0	ABSTAIN	A	0	0	0
H5B-O-12-05#s100r018	64	0	0	0	0	ABSTAIN	A	0	0	0
H5B-O-12-06#s100r018	64	0	0	0	0	ABSTAIN	A	0	0	0
H5B-O-12-07#s100r018	64	0	0	0	0	ABSTAIN	A	0	0	0
H5B-O-12-08#s100r018	64	0	0	0	0	ABSTAIN	A	0	0	0
H5B-O-12-09#s100r018	64	0	0	0	0	ABSTAIN	A	0	0	0
H5B-O-20-00#s100r018	64	0	0	0	0	ABSTAIN	A	0	0	0
H5B-O-20-01#s100r018	64	0	0	0	0	ABSTAIN	A	0	0	0
H5B-O-20-02#s100r018	64	0	0	0	0	ABSTAIN	A	0	0	0
H5B-O-20-03#s100r018	64	0	0	0	0	ABSTAIN	A	0	0	0
H5B-O-20-04#s100r018	64	0	0	0	0	ABSTAIN	A	0	0	0
H5B-O-20-05#s100r018	64	0	0	0	0	ABSTAIN	A	0	0	0
H5B-O-20-06#s100r018	64	0	0	0	0	ABSTAIN	A	0	0	0
H5B-O-20-07#s100r018	64	0	0	0	0	ABSTAIN	A	0	0	0
H5B-O-20-08#s100r018	64	0	0	0	0	ABSTAIN	A	0	0	0
H5B-O-20-09#s100r018	64	0	0	0	0	ABSTAIN	A	0	0	0
H5B-O-40-00#s100r018	64	0	0	0	0	ABSTAIN	A	0	0	0
H5B-O-40-01#s100r018	64	0	0	0	0	ABSTAIN	A	0	0	0
H5B-O-40-02#s100r018	64	0	0	0	0	ABSTAIN	A	0	0	0
H5B-O-40-03#s100r018	64	0	0	0	0	ABSTAIN	A	0	0	0
H5B-O-40-04#s100r018	64	0	0	0	0	ABSTAIN	A	0	0	0
H5B-O-40-05#s100r018	64	0	0	0	0	ABSTAIN	A	0	0	0
H5B-O-40-06#s100r018	64	0	0	0	0	ABSTAIN	A	0	0	0
H5B-O-40-07#s100r018	64	0	0	0	0	ABSTAIN	A	0	0	0
H5B-O-40-08#s100r018	64	0	0	0	0	ABSTAIN	A	0	0	0
H5B-O-40-09#s100r018	64	0	0	0	0	ABSTAIN	A	0	0	0
H5B-D-0-00#s100r018	64	0	0	0	0	RELEASE	1	665	0	0
H5B-D-0-01#s100r018	64	0	0	0	0	RELEASE	1	665	0	0
H5B-D-0-02#s100r018	64	0	0	0	0	RELEASE	1	666	0	0
H5B-D-0-03#s100r018	64	0	0	0	0	RELEASE	1	666	0	0
H5B-D-0-04#s100r018	64	0	0	0	0	RELEASE	1	666	0	0
H5B-D-0-05#s100r018	64	0	0	0	0	RELEASE	1	666	0	0
H5B-D-0-06#s100r018	64	0	0	0	0	RELEASE	1	667	0	0
H5B-D-0-07#s100r018	64	0	0	0	0	RELEASE	1	667	0	0
H5B-D-0-08#s100r018	64	0	0	0	0	RELEASE	1	667	0	0
H5B-D-0-09#s100r018	64	0	0	0	0	RELEASE	1	667	0	0
H5B-D-1-00#s100r018	64	0	0	0	0	ABSTAIN	A	0	0	0
H5B-D-1-01#s100r018	64	0	0	0	0	ABSTAIN	A	0	0	0
H5B-D-1-02#s100r018	64	0	0	0	0	ABSTAIN	A	0	0	0
H5B-D-1-03#s100r018	64	0	0	0	0	ABSTAIN	A	0	0	0
H5B-D-1-04#s100r018	64	0	0	0	0	ABSTAIN	A	0	0	0
H5B-D-1-05#s100r018	64	0	0	0	0	ABSTAIN	A	0	0	0
H5B-D-1-06#s100r018	64	0	0	0	0	ABSTAIN	A	0	0	0
H5B-D-1-07#s100r018	64	0	0	0	0	ABSTAIN	A	0	0	0
H5B-D-1-08#s100r018	64	0	0	0	0	ABSTAIN	A	0	0	0
H5B-D-1-09#s100r018	64	0	0	0	0	ABSTAIN	A	0	0	0
H5B-D-2-00#s100r018	64	0	0	0	0	ABSTAIN	A	0	0	0
H5B-D-2-01#s100r018	64	0	0	0	0	ABSTAIN	A	0	0	0
H5B-D-2-02#s100r018	64	0	0	0	0	ABSTAIN	A	0	0	0
H5B-D-2-03#s100r018	64	0	0	0	0	ABSTAIN	A	0	0	0
H5B-D-2-04#s100r018	64	0	0	0	0	ABSTAIN	A	0	0	0
H5B-D-2-05#s100r018	64	0	0	0	0	ABSTAIN	A	0	0	0
H5B-D-2-06#s100r018	64	0	0	0	0	ABSTAIN	A	0	0	0
H5B-D-2-07#s100r018	64	0	0	0	0	ABSTAIN	A	0	0	0
H5B-D-2-08#s100r018	64	0	0	0	0	ABSTAIN	A	0	0	0
H5B-D-2-09#s100r018	64	0	0	0	0	ABSTAIN	A	0	0	0
H5B-D-6-00#s100r018	64	0	0	0	0	ABSTAIN	A	0	0	0
H5B-D-6-01#s100r018	64	0	0	0	0	ABSTAIN	A	0	0	0
H5B-D-6-02#s100r018	64	0	0	0	0	ABSTAIN	A	0	0	0
H5B-D-6-03#s100r018	64	0	0	0	0	ABSTAIN	A	0	0	0
H5B-D-6-04#s100r018	64	0	0	0	0	ABSTAIN	A	0	0	0
H5B-D-6-05#s100r018	64	0	0	0	0	ABSTAIN	A	0	0	0
H5B-D-6-06#s100r018	64	0	0	0	0	ABSTAIN	A	0	0	0
H5B-D-6-07#s100r018	64	0	0	0	0	ABSTAIN	A	0	0	0
H5B-D-6-08#s100r018	64	0	0	0	0	ABSTAIN	A	0	0	0
H5B-D-6-09#s100r018	64	0	0	0	0	ABSTAIN	A	0	0	0
H5B-P-06-00#s100r019	64	0	0	0	0	ABSTAIN	A	0	0	0
H5B-P-06-01#s100r019	64	0	0	0	0	ABSTAIN	A	0	0	0
H5B-P-06-02#s100r019	64	0	0	0	0	ABSTAIN	A	0	0	0
H5B-P-06-03#s100r019	64	0	0	0	0	ABSTAIN	A	0	0	0
H5B-P-06-04#s100r019	64	0	0	0	0	ABSTAIN	A	0	0	0
H5B-P-06-05#s100r019	64	0	0	0	0	ABSTAIN	A	0	0	0
H5B-P-06-06#s100r019	64	0	0	0	0	ABSTAIN	A	0	0	0
H5B-P-06-07#s100r019	64	0	0	0	0	ABSTAIN	A	0	0	0
H5B-P-06-08#s100r019	64	0	0	0	0	ABSTAIN	A	0	0	0
H5B-P-06-09#s100r019	64	0	0	0	0	ABSTAIN	A	0	0	0
H5B-P-12-00#s100r019	64	0	0	0	0	ABSTAIN	A	0	0	0
H5B-P-12-01#s100r019	64	0	0	0	0	ABSTAIN	A	0	0	0
H5B-P-12-02#s100r019	64	0	0	0	0	ABSTAIN	A	0	0	0
H5B-P-12-03#s100r019	64	0	0	0	0	ABSTAIN	A	0	0	0
H5B-P-12-04#s100r019	64	0	0	0	0	ABSTAIN	A	0	0	0
H5B-P-12-05#s100r019	64	0	0	0	0	ABSTAIN	A	0	0	0
H5B-P-12-06#s100r019	64	0	0	0	0	ABSTAIN	A	0	0	0
H5B-P-12-07#s100r019	64	0	0	0	0	ABSTAIN	A	0	0	0
H5B-P-12-08#s100r019	64	0	0	0	0	ABSTAIN	A	0	0	0
H5B-P-12-09#s100r019	64	0	0	0	0	ABSTAIN	A	0	0	0
H5B-P-20-00#s100r019	64	0	0	0	0	ABSTAIN	A	0	0	0
H5B-P-20-01#s100r019	64	0	0	0	0	ABSTAIN	A	0	0	0
H5B-P-20-02#s100r019	64	0	0	0	0	ABSTAIN	A	0	0	0
H5B-P-20-03#s100r019	64	0	0	0	0	ABSTAIN	A	0	0	0
H5B-P-20-04#s100r019	64	0	0	0	0	ABSTAIN	A	0	0	0
H5B-P-20-05#s100r019	64	0	0	0	0	ABSTAIN	A	0	0	0
H5B-P-20-06#s100r019	64	0	0	0	0	ABSTAIN	A	0	0	0
H5B-P-20-07#s100r019	64	0	0	0	0	ABSTAIN	A	0	0	0
H5B-P-20-08#s100r019	64	0	0	0	0	ABSTAIN	A	0	0	0
H5B-P-20-09#s100r019	64	0	0	0	0	ABSTAIN	A	0	0	0
H5B-P-40-00#s100r019	64	0	0	0	0	ABSTAIN	A	0	0	0
H5B-P-40-01#s100r019	64	0	0	0	0	ABSTAIN	A	0	0	0
H5B-P-40-02#s100r019	64	0	0	0	0	ABSTAIN	A	0	0	0
H5B-P-40-03#s100r019	64	0	0	0	0	ABSTAIN	A	0	0	0
H5B-P-40-04#s100r019	64	0	0	0	0	ABSTAIN	A	0	0	0
H5B-P-40-05#s100r019	64	0	0	0	0	ABSTAIN	A	0	0	0
H5B-P-40-06#s100r019	64	0	0	0	0	ABSTAIN	A	0	0	0
H5B-P-40-07#s100r019	64	0	0	0	0	ABSTAIN	A	0	0	0
H5B-P-40-08#s100r019	64	0	0	0	0	ABSTAIN	A	0	0	0
H5B-P-40-09#s100r019	64	0	0	0	0	ABSTAIN	A	0	0	0
H5B-O-06-00#s100r019	64	0	0	0	0	ABSTAIN	A	0	0	0
H5B-O-06-01#s100r019	64	0	0	0	0	ABSTAIN	A	0	0	0
H5B-O-06-02#s100r019	64	0	0	0	0	ABSTAIN	A	0	0	0
H5B-O-06-03#s100r019	64	0	0	0	0	ABSTAIN	A	0	0	0
H5B-O-06-04#s100r019	64	0	0	0	0	ABSTAIN	A	0	0	0
H5B-O-06-05#s100r019	64	0	0	0	0	ABSTAIN	A	0	0	0
H5B-O-06-06#s100r019	64	0	0	0	0	ABSTAIN	A	0	0	0
H5B-O-06-07#s100r019	64	0	0	0	0	ABSTAIN	A	0	0	0
H5B-O-06-08#s100r019	64	0	0	0	0	ABSTAIN	A	0	0	0
H5B-O-06-09#s100r019	64	0	0	0	0	ABSTAIN	A	0	0	0
H5B-O-12-00#s100r019	64	0	0	0	0	ABSTAIN	A	0	0	0
H5B-O-12-01#s100r019	64	0	0	0	0	ABSTAIN	A	0	0	0
H5B-O-12-02#s100r019	64	0	0	0	0	ABSTAIN	A	0	0	0
H5B-O-12-03#s100r019	64	0	0	0	0	ABSTAIN	A	0	0	0
H5B-O-12-04#s100r019	64	0	0	0	0	ABSTAIN	A	0	0	0
H5B-O-12-05#s100r019	64	0	0	0	0	ABSTAIN	A	0	0	0
H5B-O-12-06#s100r019	64	0	0	0	0	ABSTAIN	A	0	0	0
H5B-O-12-07#s100r019	64	0	0	0	0	ABSTAIN	A	0	0	0
H5B-O-12-08#s100r019	64	0	0	0	0	ABSTAIN	A	0	0	0
H5B-O-12-09#s100r019	64	0	0	0	0	ABSTAIN	A	0	0	0
H5B-O-20-00#s100r019	64	0	0	0	0	ABSTAIN	A	0	0	0
H5B-O-20-01#s100r019	64	0	0	0	0	ABSTAIN	A	0	0	0
H5B-O-20-02#s100r019	64	0	0	0	0	ABSTAIN	A	0	0	0
H5B-O-20-03#s100r019	64	0	0	0	0	ABSTAIN	A	0	0	0
H5B-O-20-04#s100r019	64	0	0	0	0	ABSTAIN	A	0	0	0
H5B-O-20-05#s100r019	64	0	0	0	0	ABSTAIN	A	0	0	0
H5B-O-20-06#s100r019	64	0	0	0	0	ABSTAIN	A	0	0	0
H5B-O-20-07#s100r019	64	0	0	0	0	ABSTAIN	A	0	0	0
H5B-O-20-08#s100r019	64	0	0	0	0	ABSTAIN	A	0	0	0
H5B-O-20-09#s100r019	64	0	0	0	0	ABSTAIN	A	0	0	0
H5B-O-40-00#s100r019	64	0	0	0	0	ABSTAIN	A	0	0	0
H5B-O-40-01#s100r019	64	0	0	0	0	ABSTAIN	A	0	0	0
H5B-O-40-02#s100r019	64	0	0	0	0	ABSTAIN	A	0	0	0
H5B-O-40-03#s100r019	64	0	0	0	0	ABSTAIN	A	0	0	0
H5B-O-40-04#s100r019	64	0	0	0	0	ABSTAIN	A	0	0	0
H5B-O-40-05#s100r019	64	0	0	0	0	ABSTAIN	A	0	0	0
H5B-O-40-06#s100r019	64	0	0	0	0	ABSTAIN	A	0	0	0
H5B-O-40-07#s100r019	64	0	0	0	0	ABSTAIN	A	0	0	0
H5B-O-40-08#s100r019	64	0	0	0	0	ABSTAIN	A	0	0	0
H5B-O-40-09#s100r019	64	0	0	0	0	ABSTAIN	A	0	0	0
H5B-D-0-00#s100r019	64	0	0	0	0	RELEASE	1	665	0	0
H5B-D-0-01#s100r019	64	0	0	0	0	RELEASE	1	665	0	0
H5B-D-0-02#s100r019	64	0	0	0	0	RELEASE	1	665	0	0
H5B-D-0-03#s100r019	64	0	0	0	0	RELEASE	1	665	0	0
H5B-D-0-04#s100r019	64	0	0	0	0	RELEASE	1	666	0	0
H5B-D-0-05#s100r019	64	0	0	0	0	RELEASE	1	666	0	0
H5B-D-0-06#s100r019	64	0	0	0	0	RELEASE	1	666	0	0
H5B-D-0-07#s100r019	64	0	0	0	0	RELEASE	1	666	0	0
H5B-D-0-08#s100r019	64	0	0	0	0	RELEASE	1	667	0	0
H5B-D-0-09#s100r019	64	0	0	0	0	RELEASE	1	667	0	0
H5B-D-1-00#s100r019	64	0	0	0	0	ABSTAIN	A	0	0	0
H5B-D-1-01#s100r019	64	0	0	0	0	ABSTAIN	A	0	0	0
H5B-D-1-02#s100r019	64	0	0	0	0	ABSTAIN	A	0	0	0
H5B-D-1-03#s100r019	64	0	0	0	0	ABSTAIN	A	0	0	0
H5B-D-1-04#s100r019	64	0	0	0	0	ABSTAIN	A	0	0	0
H5B-D-1-05#s100r019	64	0	0	0	0	ABSTAIN	A	0	0	0
H5B-D-1-06#s100r019	64	0	0	0	0	ABSTAIN	A	0	0	0
H5B-D-1-07#s100r019	64	0	0	0	0	ABSTAIN	A	0	0	0
H5B-D-1-08#s100r019	64	0	0	0	0	ABSTAIN	A	0	0	0
H5B-D-1-09#s100r019	64	0	0	0	0	ABSTAIN	A	0	0	0
H5B-D-2-00#s100r019	64	0	0	0	0	ABSTAIN	A	0	0	0
H5B-D-2-01#s100r019	64	0	0	0	0	ABSTAIN	A	0	0	0
H5B-D-2-02#s100r019	64	0	0	0	0	ABSTAIN	A	0	0	0
H5B-D-2-03#s100r019	64	0	0	0	0	ABSTAIN	A	0	0	0
H5B-D-2-04#s100r019	64	0	0	0	0	ABSTAIN	A	0	0	0
H5B-D-2-05#s100r019	64	0	0	0	0	ABSTAIN	A	0	0	0
H5B-D-2-06#s100r019	64	0	0	0	0	ABSTAIN	A	0	0	0
H5B-D-2-07#s100r019	64	0	0	0	0	ABSTAIN	A	0	0	0
H5B-D-2-08#s100r019	64	0	0	0	0	ABSTAIN	A	0	0	0
H5B-D-2-09#s100r019	64	0	0	0	0	ABSTAIN	A	0	0	0
H5B-D-6-00#s100r019	64	0	0	0	0	ABSTAIN	A	0	0	0
H5B-D-6-01#s100r019	64	0	0	0	0	ABSTAIN	A	0	0	0
H5B-D-6-02#s100r019	64	0	0	0	0	ABSTAIN	A	0	0	0
H5B-D-6-03#s100r019	64	0	0	0	0	ABSTAIN	A	0	0	0
H5B-D-6-04#s100r019	64	0	0	0	0	ABSTAIN	A	0	0	0
H5B-D-6-05#s100r019	64	0	0	0	0	ABSTAIN	A	0	0	0
H5B-D-6-06#s100r019	64	0	0	0	0	ABSTAIN	A	0	0	0
H5B-D-6-07#s100r019	64	0	0	0	0	ABSTAIN	A	0	0	0
H5B-D-6-08#s100r019	64	0	0	0	0	ABSTAIN	A	0	0	0
H5B-D-6-09#s100r019	64	0	0	0	0	ABSTAIN	A	0	0	0
H5B-P-06-00#s100r020	64	0	0	0	0	ABSTAIN	A	0	0	0
H5B-P-06-01#s100r020	64	0	0	0	0	ABSTAIN	A	0	0	0
H5B-P-06-02#s100r020	64	0	0	0	0	ABSTAIN	A	0	0	0
H5B-P-06-03#s100r020	64	0	0	0	0	ABSTAIN	A	0	0	0
H5B-P-06-04#s100r020	64	0	0	0	0	ABSTAIN	A	0	0	0
H5B-P-06-05#s100r020	64	0	0	0	0	ABSTAIN	A	0	0	0
H5B-P-06-06#s100r020	64	0	0	0	0	ABSTAIN	A	0	0	0
H5B-P-06-07#s100r020	64	0	0	0	0	ABSTAIN	A	0	0	0
H5B-P-06-08#s100r020	64	0	0	0	0	ABSTAIN	A	0	0	0
H5B-P-06-09#s100r020	64	0	0	0	0	ABSTAIN	A	0	0	0
H5B-P-12-00#s100r020	64	0	0	0	0	ABSTAIN	A	0	0	0
H5B-P-12-01#s100r020	64	0	0	0	0	ABSTAIN	A	0	0	0
H5B-P-12-02#s100r020	64	0	0	0	0	ABSTAIN	A	0	0	0
H5B-P-12-03#s100r020	64	0	0	0	0	ABSTAIN	A	0	0	0
H5B-P-12-04#s100r020	64	0	0	0	0	ABSTAIN	A	0	0	0
H5B-P-12-05#s100r020	64	0	0	0	0	ABSTAIN	A	0	0	0
H5B-P-12-06#s100r020	64	0	0	0	0	ABSTAIN	A	0	0	0
H5B-P-12-07#s100r020	64	0	0	0	0	ABSTAIN	A	0	0	0
H5B-P-12-08#s100r020	64	0	0	0	0	ABSTAIN	A	0	0	0
H5B-P-12-09#s100r020	64	0	0	0	0	ABSTAIN	A	0	0	0
H5B-P-20-00#s100r020	64	0	0	0	0	ABSTAIN	A	0	0	0
H5B-P-20-01#s100r020	64	0	0	0	0	ABSTAIN	A	0	0	0
H5B-P-20-02#s100r020	64	0	0	0	0	ABSTAIN	A	0	0	0
H5B-P-20-03#s100r020	64	0	0	0	0	ABSTAIN	A	0	0	0
H5B-P-20-04#s100r020	64	0	0	0	0	ABSTAIN	A	0	0	0
H5B-P-20-05#s100r020	64	0	0	0	0	ABSTAIN	A	0	0	0
H5B-P-20-06#s100r020	64	0	0	0	0	ABSTAIN	A	0	0	0
H5B-P-20-07#s100r020	64	0	0	0	0	ABSTAIN	A	0	0	0
H5B-P-20-08#s100r020	64	0	0	0	0	ABSTAIN	A	0	0	0
H5B-P-20-09#s100r020	64	0	0	0	0	ABSTAIN	A	0	0	0
H5B-P-40-00#s100r020	64	0	0	0	0	ABSTAIN	A	0	0	0
H5B-P-40-01#s100r020	64	0	0	0	0	ABSTAIN	A	0	0	0
H5B-P-40-02#s100r020	64	0	0	0	0	ABSTAIN	A	0	0	0
H5B-P-40-03#s100r020	64	0	0	0	0	ABSTAIN	A	0	0	0
H5B-P-40-04#s100r020	64	0	0	0	0	ABSTAIN	A	0	0	0
H5B-P-40-05#s100r020	64	0	0	0	0	ABSTAIN	A	0	0	0
H5B-P-40-06#s100r020	64	0	0	0	0	ABSTAIN	A	0	0	0
H5B-P-40-07#s100r020	64	0	0	0	0	ABSTAIN	A	0	0	0
H5B-P-40-08#s100r020	64	0	0	0	0	ABSTAIN	A	0	0	0
H5B-P-40-09#s100r020	64	0	0	0	0	ABSTAIN	A	0	0	0
H5B-O-06-00#s100r020	64	0	0	0	0	ABSTAIN	A	0	0	0
H5B-O-06-01#s100r020	64	0	0	0	0	ABSTAIN	A	0	0	0
H5B-O-06-02#s100r020	64	0	0	0	0	ABSTAIN	A	0	0	0
H5B-O-06-03#s100r020	64	0	0	0	0	ABSTAIN	A	0	0	0
H5B-O-06-04#s100r020	64	0	0	0	0	ABSTAIN	A	0	0	0
H5B-O-06-05#s100r020	64	0	0	0	0	ABSTAIN	A	0	0	0
H5B-O-06-06#s100r020	64	0	0	0	0	ABSTAIN	A	0	0	0
H5B-O-06-07#s100r020	64	0	0	0	0	ABSTAIN	A	0	0	0
H5B-O-06-08#s100r020	64	0	0	0	0	ABSTAIN	A	0	0	0
H5B-O-06-09#s100r020	64	0	0	0	0	ABSTAIN	A	0	0	0
H5B-O-12-00#s100r020	64	0	0	0	0	ABSTAIN	A	0	0	0
H5B-O-12-01#s100r020	64	0	0	0	0	ABSTAIN	A	0	0	0
H5B-O-12-02#s100r020	64	0	0	0	0	ABSTAIN	A	0	0	0
H5B-O-12-03#s100r020	64	0	0	0	0	ABSTAIN	A	0	0	0
H5B-O-12-04#s100r020	64	0	0	0	0	ABSTAIN	A	0	0	0
H5B-O-12-05#s100r020	64	0	0	0	0	ABSTAIN	A	0	0	0
H5B-O-12-06#s100r020	64	0	0	0	0	ABSTAIN	A	0	0	0
H5B-O-12-07#s100r020	64	0	0	0	0	ABSTAIN	A	0	0	0
H5B-O-12-08#s100r020	64	0	0	0	0	ABSTAIN	A	0	0	0
H5B-O-12-09#s100r020	64	0	0	0	0	ABSTAIN	A	0	0	0
H5B-O-20-00#s100r020	64	0	0	0	0	ABSTAIN	A	0	0	0
H5B-O-20-01#s100r020	64	0	0	0	0	ABSTAIN	A	0	0	0
H5B-O-20-02#s100r020	64	0	0	0	0	ABSTAIN	A	0	0	0
H5B-O-20-03#s100r020	64	0	0	0	0	ABSTAIN	A	0	0	0
H5B-O-20-04#s100r020	64	0	0	0	0	ABSTAIN	A	0	0	0
H5B-O-20-05#s100r020	64	0	0	0	0	ABSTAIN	A	0	0	0
H5B-O-20-06#s100r020	64	0	0	0	0	ABSTAIN	A	0	0	0
H5B-O-20-07#s100r020	64	0	0	0	0	ABSTAIN	A	0	0	0
H5B-O-20-08#s100r020	64	0	0	0	0	ABSTAIN	A	0	0	0
H5B-O-20-09#s100r020	64	0	0	0	0	ABSTAIN	A	0	0	0
H5B-O-40-00#s100r020	64	0	0	0	0	ABSTAIN	A	0	0	0
H5B-O-40-01#s100r020	64	0	0	0	0	ABSTAIN	A	0	0	0
H5B-O-40-02#s100r020	64	0	0	0	0	ABSTAIN	A	0	0	0
H5B-O-40-03#s100r020	64	0	0	0	0	ABSTAIN	A	0	0	0
H5B-O-40-04#s100r020	64	0	0	0	0	ABSTAIN	A	0	0	0
H5B-O-40-05#s100r020	64	0	0	0	0	ABSTAIN	A	0	0	0
H5B-O-40-06#s100r020	64	0	0	0	0	ABSTAIN	A	0	0	0
H5B-O-40-07#s100r020	64	0	0	0	0	ABSTAIN	A	0	0	0
H5B-O-40-08#s100r020	64	0	0	0	0	ABSTAIN	A	0	0	0
H5B-O-40-09#s100r020	64	0	0	0	0	ABSTAIN	A	0	0	0
H5B-D-0-00#s100r020	64	0	0	0	0	RELEASE	1	665	0	0
H5B-D-0-01#s100r020	64	0	0	0	0	RELEASE	1	665	0	0
H5B-D-0-02#s100r020	64	0	0	0	0	RELEASE	1	665	0	0
H5B-D-0-03#s100r020	64	0	0	0	0	RELEASE	1	665	0	0
H5B-D-0-04#s100r020	64	0	0	0	0	RELEASE	1	665	0	0
H5B-D-0-05#s100r020	64	0	0	0	0	RELEASE	1	666	0	0
H5B-D-0-06#s100r020	64	0	0	0	0	RELEASE	1	666	0	0
H5B-D-0-07#s100r020	64	0	0	0	0	RELEASE	1	666	0	0
H5B-D-0-08#s100r020	64	0	0	0	0	RELEASE	1	666	0	0
H5B-D-0-09#s100r020	64	0	0	0	0	RELEASE	1	666	0	0
H5B-D-1-00#s100r020	64	0	0	0	0	ABSTAIN	A	0	0	0
H5B-D-1-01#s100r020	64	0	0	0	0	ABSTAIN	A	0	0	0
H5B-D-1-02#s100r020	64	0	0	0	0	ABSTAIN	A	0	0	0
H5B-D-1-03#s100r020	64	0	0	0	0	ABSTAIN	A	0	0	0
H5B-D-1-04#s100r020	64	0	0	0	0	ABSTAIN	A	0	0	0
H5B-D-1-05#s100r020	64	0	0	0	0	ABSTAIN	A	0	0	0
H5B-D-1-06#s100r020	64	0	0	0	0	ABSTAIN	A	0	0	0
H5B-D-1-07#s100r020	64	0	0	0	0	ABSTAIN	A	0	0	0
H5B-D-1-08#s100r020	64	0	0	0	0	ABSTAIN	A	0	0	0
H5B-D-1-09#s100r020	64	0	0	0	0	ABSTAIN	A	0	0	0
H5B-D-2-00#s100r020	64	0	0	0	0	ABSTAIN	A	0	0	0
H5B-D-2-01#s100r020	64	0	0	0	0	ABSTAIN	A	0	0	0
H5B-D-2-02#s100r020	64	0	0	0	0	ABSTAIN	A	0	0	0
H5B-D-2-03#s100r020	64	0	0	0	0	ABSTAIN	A	0	0	0
H5B-D-2-04#s100r020	64	0	0	0	0	ABSTAIN	A	0	0	0
H5B-D-2-05#s100r020	64	0	0	0	0	ABSTAIN	A	0	0	0
H5B-D-2-06#s100r020	64	0	0	0	0	ABSTAIN	A	0	0	0
H5B-D-2-07#s100r020	64	0	0	0	0	ABSTAIN	A	0	0	0
H5B-D-2-08#s100r020	64	0	0	0	0	ABSTAIN	A	0	0	0
H5B-D-2-09#s100r020	64	0	0	0	0	ABSTAIN	A	0	0	0
H5B-D-6-00#s100r020	64	0	0	0	0	ABSTAIN	A	0	0	0
H5B-D-6-01#s100r020	64	0	0	0	0	ABSTAIN	A	0	0	0
H5B-D-6-02#s100r020	64	0	0	0	0	ABSTAIN	A	0	0	0
H5B-D-6-03#s100r020	64	0	0	0	0	ABSTAIN	A	0	0	0
H5B-D-6-04#s100r020	64	0	0	0	0	ABSTAIN	A	0	0	0
H5B-D-6-05#s100r020	64	0	0	0	0	ABSTAIN	A	0	0	0
H5B-D-6-06#s100r020	64	0	0	0	0	ABSTAIN	A	0	0	0
H5B-D-6-07#s100r020	64	0	0	0	0	ABSTAIN	A	0	0	0
H5B-D-6-08#s100r020	64	0	0	0	0	ABSTAIN	A	0	0	0
H5B-D-6-09#s100r020	64	0	0	0	0	ABSTAIN	A	0	0	0
H5B-P-06-00#s100r021	64	0	0	0	0	ABSTAIN	A	0	0	0
H5B-P-06-01#s100r021	64	0	0	0	0	ABSTAIN	A	0	0	0
H5B-P-06-02#s100r021	64	0	0	0	0	ABSTAIN	A	0	0	0
H5B-P-06-03#s100r021	64	0	0	0	0	ABSTAIN	A	0	0	0
H5B-P-06-04#s100r021	64	0	0	0	0	ABSTAIN	A	0	0	0
H5B-P-06-05#s100r021	64	0	0	0	0	ABSTAIN	A	0	0	0
H5B-P-06-06#s100r021	64	0	0	0	0	ABSTAIN	A	0	0	0
H5B-P-06-07#s100r021	64	0	0	0	0	ABSTAIN	A	0	0	0
H5B-P-06-08#s100r021	64	0	0	0	0	ABSTAIN	A	0	0	0
H5B-P-06-09#s100r021	64	0	0	0	0	ABSTAIN	A	0	0	0
H5B-P-12-00#s100r021	64	0	0	0	0	ABSTAIN	A	0	0	0
H5B-P-12-01#s100r021	64	0	0	0	0	ABSTAIN	A	0	0	0
H5B-P-12-02#s100r021	64	0	0	0	0	ABSTAIN	A	0	0	0
H5B-P-12-03#s100r021	64	0	0	0	0	ABSTAIN	A	0	0	0
H5B-P-12-04#s100r021	64	0	0	0	0	ABSTAIN	A	0	0	0
H5B-P-12-05#s100r021	64	0	0	0	0	ABSTAIN	A	0	0	0
H5B-P-12-06#s100r021	64	0	0	0	0	ABSTAIN	A	0	0	0
H5B-P-12-07#s100r021	64	0	0	0	0	ABSTAIN	A	0	0	0
H5B-P-12-08#s100r021	64	0	0	0	0	ABSTAIN	A	0	0	0
H5B-P-12-09#s100r021	64	0	0	0	0	ABSTAIN	A	0	0	0
H5B-P-20-00#s100r021	64	0	0	0	0	ABSTAIN	A	0	0	0
H5B-P-20-01#s100r021	64	0	0	0	0	ABSTAIN	A	0	0	0
H5B-P-20-02#s100r021	64	0	0	0	0	ABSTAIN	A	0	0	0
H5B-P-20-03#s100r021	64	0	0	0	0	ABSTAIN	A	0	0	0
H5B-P-20-04#s100r021	64	0	0	0	0	ABSTAIN	A	0	0	0
H5B-P-20-05#s100r021	64	0	0	0	0	ABSTAIN	A	0	0	0
H5B-P-20-06#s100r021	64	0	0	0	0	ABSTAIN	A	0	0	0
H5B-P-20-07#s100r021	64	0	0	0	0	ABSTAIN	A	0	0	0
H5B-P-20-08#s100r021	64	0	0	0	0	ABSTAIN	A	0	0	0
H5B-P-20-09#s100r021	64	0	0	0	0	ABSTAIN	A	0	0	0
H5B-P-40-00#s100r021	64	0	0	0	0	ABSTAIN	A	0	0	0
H5B-P-40-01#s100r021	64	0	0	0	0	ABSTAIN	A	0	0	0
H5B-P-40-02#s100r021	64	0	0	0	0	ABSTAIN	A	0	0	0
H5B-P-40-03#s100r021	64	0	0	0	0	ABSTAIN	A	0	0	0
H5B-P-40-04#s100r021	64	0	0	0	0	ABSTAIN	A	0	0	0
H5B-P-40-05#s100r021	64	0	0	0	0	ABSTAIN	A	0	0	0
H5B-P-40-06#s100r021	64	0	0	0	0	ABSTAIN	A	0	0	0
H5B-P-40-07#s100r021	64	0	0	0	0	ABSTAIN	A	0	0	0
H5B-P-40-08#s100r021	64	0	0	0	0	ABSTAIN	A	0	0	0
H5B-P-40-09#s100r021	64	0	0	0	0	ABSTAIN	A	0	0	0
H5B-O-06-00#s100r021	64	0	0	0	0	ABSTAIN	A	0	0	0
H5B-O-06-01#s100r021	64	0	0	0	0	ABSTAIN	A	0	0	0
H5B-O-06-02#s100r021	64	0	0	0	0	ABSTAIN	A	0	0	0
H5B-O-06-03#s100r021	64	0	0	0	0	ABSTAIN	A	0	0	0
H5B-O-06-04#s100r021	64	0	0	0	0	ABSTAIN	A	0	0	0
H5B-O-06-05#s100r021	64	0	0	0	0	ABSTAIN	A	0	0	0
H5B-O-06-06#s100r021	64	0	0	0	0	ABSTAIN	A	0	0	0
H5B-O-06-07#s100r021	64	0	0	0	0	ABSTAIN	A	0	0	0
H5B-O-06-08#s100r021	64	0	0	0	0	ABSTAIN	A	0	0	0
H5B-O-06-09#s100r021	64	0	0	0	0	ABSTAIN	A	0	0	0
H5B-O-12-00#s100r021	64	0	0	0	0	ABSTAIN	A	0	0	0
H5B-O-12-01#s100r021	64	0	0	0	0	ABSTAIN	A	0	0	0
H5B-O-12-02#s100r021	64	0	0	0	0	ABSTAIN	A	0	0	0
H5B-O-12-03#s100r021	64	0	0	0	0	ABSTAIN	A	0	0	0
H5B-O-12-04#s100r021	64	0	0	0	0	ABSTAIN	A	0	0	0
H5B-O-12-05#s100r021	64	0	0	0	0	ABSTAIN	A	0	0	0
H5B-O-12-06#s100r021	64	0	0	0	0	ABSTAIN	A	0	0	0
H5B-O-12-07#s100r021	64	0	0	0	0	ABSTAIN	A	0	0	0
H5B-O-12-08#s100r021	64	0	0	0	0	ABSTAIN	A	0	0	0
H5B-O-12-09#s100r021	64	0	0	0	0	ABSTAIN	A	0	0	0
H5B-O-20-00#s100r021	64	0	0	0	0	ABSTAIN	A	0	0	0
H5B-O-20-01#s100r021	64	0	0	0	0	ABSTAIN	A	0	0	0
H5B-O-20-02#s100r021	64	0	0	0	0	ABSTAIN	A	0	0	0
H5B-O-20-03#s100r021	64	0	0	0	0	ABSTAIN	A	0	0	0
H5B-O-20-04#s100r021	64	0	0	0	0	ABSTAIN	A	0	0	0
H5B-O-20-05#s100r021	64	0	0	0	0	ABSTAIN	A	0	0	0
H5B-O-20-06#s100r021	64	0	0	0	0	ABSTAIN	A	0	0	0
H5B-O-20-07#s100r021	64	0	0	0	0	ABSTAIN	A	0	0	0
H5B-O-20-08#s100r021	64	0	0	0	0	ABSTAIN	A	0	0	0
H5B-O-20-09#s100r021	64	0	0	0	0	ABSTAIN	A	0	0	0
H5B-O-40-00#s100r021	64	0	0	0	0	ABSTAIN	A	0	0	0
H5B-O-40-01#s100r021	64	0	0	0	0	ABSTAIN	A	0	0	0
H5B-O-40-02#s100r021	64	0	0	0	0	ABSTAIN	A	0	0	0
H5B-O-40-03#s100r021	64	0	0	0	0	ABSTAIN	A	0	0	0
H5B-O-40-04#s100r021	64	0	0	0	0	ABSTAIN	A	0	0	0
H5B-O-40-05#s100r021	64	0	0	0	0	ABSTAIN	A	0	0	0
H5B-O-40-06#s100r021	64	0	0	0	0	ABSTAIN	A	0	0	0
H5B-O-40-07#s100r021	64	0	0	0	0	ABSTAIN	A	0	0	0
H5B-O-40-08#s100r021	64	0	0	0	0	ABSTAIN	A	0	0	0
H5B-O-40-09#s100r021	64	0	0	0	0	ABSTAIN	A	0	0	0
H5B-D-0-00#s100r021	64	0	0	0	0	RELEASE	1	664	0	0
H5B-D-0-01#s100r021	64	0	0	0	0	RELEASE	1	664	0	0
H5B-D-0-02#s100r021	64	0	0	0	0	RELEASE	1	665	0	0
H5B-D-0-03#s100r021	64	0	0	0	0	RELEASE	1	665	0	0
H5B-D-0-04#s100r021	64	0	0	0	0	RELEASE	1	665	0	0
H5B-D-0-05#s100r021	64	0	0	0	0	RELEASE	1	665	0	0
H5B-D-0-06#s100r021	64	0	0	0	0	RELEASE	1	665	0	0
H5B-D-0-07#s100r021	64	0	0	0	0	RELEASE	1	666	0	0
H5B-D-0-08#s100r021	64	0	0	0	0	RELEASE	1	666	0	0
H5B-D-0-09#s100r021	64	0	0	0	0	RELEASE	1	666	0	0
H5B-D-1-00#s100r021	64	0	0	0	0	ABSTAIN	A	0	0	0
H5B-D-1-01#s100r021	64	0	0	0	0	ABSTAIN	A	0	0	0
H5B-D-1-02#s100r021	64	0	0	0	0	ABSTAIN	A	0	0	0
H5B-D-1-03#s100r021	64	0	0	0	0	ABSTAIN	A	0	0	0
H5B-D-1-04#s100r021	64	0	0	0	0	ABSTAIN	A	0	0	0
H5B-D-1-05#s100r021	64	0	0	0	0	ABSTAIN	A	0	0	0
H5B-D-1-06#s100r021	64	0	0	0	0	ABSTAIN	A	0	0	0
H5B-D-1-07#s100r021	64	0	0	0	0	ABSTAIN	A	0	0	0
H5B-D-1-08#s100r021	64	0	0	0	0	ABSTAIN	A	0	0	0
H5B-D-1-09#s100r021	64	0	0	0	0	ABSTAIN	A	0	0	0
H5B-D-2-00#s100r021	64	0	0	0	0	ABSTAIN	A	0	0	0
H5B-D-2-01#s100r021	64	0	0	0	0	ABSTAIN	A	0	0	0
H5B-D-2-02#s100r021	64	0	0	0	0	ABSTAIN	A	0	0	0
H5B-D-2-03#s100r021	64	0	0	0	0	ABSTAIN	A	0	0	0
H5B-D-2-04#s100r021	64	0	0	0	0	ABSTAIN	A	0	0	0
H5B-D-2-05#s100r021	64	0	0	0	0	ABSTAIN	A	0	0	0
H5B-D-2-06#s100r021	64	0	0	0	0	ABSTAIN	A	0	0	0
H5B-D-2-07#s100r021	64	0	0	0	0	ABSTAIN	A	0	0	0
H5B-D-2-08#s100r021	64	0	0	0	0	ABSTAIN	A	0	0	0
H5B-D-2-09#s100r021	64	0	0	0	0	ABSTAIN	A	0	0	0
H5B-D-6-00#s100r021	64	0	0	0	0	ABSTAIN	A	0	0	0
H5B-D-6-01#s100r021	64	0	0	0	0	ABSTAIN	A	0	0	0
H5B-D-6-02#s100r021	64	0	0	0	0	ABSTAIN	A	0	0	0
H5B-D-6-03#s100r021	64	0	0	0	0	ABSTAIN	A	0	0	0
H5B-D-6-04#s100r021	64	0	0	0	0	ABSTAIN	A	0	0	0
H5B-D-6-05#s100r021	64	0	0	0	0	ABSTAIN	A	0	0	0
H5B-D-6-06#s100r021	64	0	0	0	0	ABSTAIN	A	0	0	0
H5B-D-6-07#s100r021	64	0	0	0	0	ABSTAIN	A	0	0	0
H5B-D-6-08#s100r021	64	0	0	0	0	ABSTAIN	A	0	0	0
H5B-D-6-09#s100r021	64	0	0	0	0	ABSTAIN	A	0	0	0
H5B-P-06-00#s100r022	64	0	0	0	0	ABSTAIN	A	0	0	0
H5B-P-06-01#s100r022	64	0	0	0	0	ABSTAIN	A	0	0	0
H5B-P-06-02#s100r022	64	0	0	0	0	ABSTAIN	A	0	0	0
H5B-P-06-03#s100r022	64	0	0	0	0	ABSTAIN	A	0	0	0
H5B-P-06-04#s100r022	64	0	0	0	0	ABSTAIN	A	0	0	0
H5B-P-06-05#s100r022	64	0	0	0	0	ABSTAIN	A	0	0	0
H5B-P-06-06#s100r022	64	0	0	0	0	ABSTAIN	A	0	0	0
H5B-P-06-07#s100r022	64	0	0	0	0	ABSTAIN	A	0	0	0
H5B-P-06-08#s100r022	64	0	0	0	0	ABSTAIN	A	0	0	0
H5B-P-06-09#s100r022	64	0	0	0	0	ABSTAIN	A	0	0	0
H5B-P-12-00#s100r022	64	0	0	0	0	ABSTAIN	A	0	0	0
H5B-P-12-01#s100r022	64	0	0	0	0	ABSTAIN	A	0	0	0
H5B-P-12-02#s100r022	64	0	0	0	0	ABSTAIN	A	0	0	0
H5B-P-12-03#s100r022	64	0	0	0	0	ABSTAIN	A	0	0	0
H5B-P-12-04#s100r022	64	0	0	0	0	ABSTAIN	A	0	0	0
H5B-P-12-05#s100r022	64	0	0	0	0	ABSTAIN	A	0	0	0
H5B-P-12-06#s100r022	64	0	0	0	0	ABSTAIN	A	0	0	0
H5B-P-12-07#s100r022	64	0	0	0	0	ABSTAIN	A	0	0	0
H5B-P-12-08#s100r022	64	0	0	0	0	ABSTAIN	A	0	0	0
H5B-P-12-09#s100r022	64	0	0	0	0	ABSTAIN	A	0	0	0
H5B-P-20-00#s100r022	64	0	0	0	0	ABSTAIN	A	0	0	0
H5B-P-20-01#s100r022	64	0	0	0	0	ABSTAIN	A	0	0	0
H5B-P-20-02#s100r022	64	0	0	0	0	ABSTAIN	A	0	0	0
H5B-P-20-03#s100r022	64	0	0	0	0	ABSTAIN	A	0	0	0
H5B-P-20-04#s100r022	64	0	0	0	0	ABSTAIN	A	0	0	0
H5B-P-20-05#s100r022	64	0	0	0	0	ABSTAIN	A	0	0	0
H5B-P-20-06#s100r022	64	0	0	0	0	ABSTAIN	A	0	0	0
H5B-P-20-07#s100r022	64	0	0	0	0	ABSTAIN	A	0	0	0
H5B-P-20-08#s100r022	64	0	0	0	0	ABSTAIN	A	0	0	0
H5B-P-20-09#s100r022	64	0	0	0	0	ABSTAIN	A	0	0	0
H5B-P-40-00#s100r022	64	0	0	0	0	ABSTAIN	A	0	0	0
H5B-P-40-01#s100r022	64	0	0	0	0	ABSTAIN	A	0	0	0
H5B-P-40-02#s100r022	64	0	0	0	0	ABSTAIN	A	0	0	0
H5B-P-40-03#s100r022	64	0	0	0	0	ABSTAIN	A	0	0	0
H5B-P-40-04#s100r022	64	0	0	0	0	ABSTAIN	A	0	0	0
H5B-P-40-05#s100r022	64	0	0	0	0	ABSTAIN	A	0	0	0
H5B-P-40-06#s100r022	64	0	0	0	0	ABSTAIN	A	0	0	0
H5B-P-40-07#s100r022	64	0	0	0	0	ABSTAIN	A	0	0	0
H5B-P-40-08#s100r022	64	0	0	0	0	ABSTAIN	A	0	0	0
H5B-P-40-09#s100r022	64	0	0	0	0	ABSTAIN	A	0	0	0
H5B-O-06-00#s100r022	64	0	0	0	0	ABSTAIN	A	0	0	0
H5B-O-06-01#s100r022	64	0	0	0	0	ABSTAIN	A	0	0	0
H5B-O-06-02#s100r022	64	0	0	0	0	ABSTAIN	A	0	0	0
H5B-O-06-03#s100r022	64	0	0	0	0	ABSTAIN	A	0	0	0
H5B-O-06-04#s100r022	64	0	0	0	0	ABSTAIN	A	0	0	0
H5B-O-06-05#s100r022	64	0	0	0	0	ABSTAIN	A	0	0	0
H5B-O-06-06#s100r022	64	0	0	0	0	ABSTAIN	A	0	0	0
H5B-O-06-07#s100r022	64	0	0	0	0	ABSTAIN	A	0	0	0
H5B-O-06-08#s100r022	64	0	0	0	0	ABSTAIN	A	0	0	0
H5B-O-06-09#s100r022	64	0	0	0	0	ABSTAIN	A	0	0	0
H5B-O-12-00#s100r022	64	0	0	0	0	ABSTAIN	A	0	0	0
H5B-O-12-01#s100r022	64	0	0	0	0	ABSTAIN	A	0	0	0
H5B-O-12-02#s100r022	64	0	0	0	0	ABSTAIN	A	0	0	0
H5B-O-12-03#s100r022	64	0	0	0	0	ABSTAIN	A	0	0	0
H5B-O-12-04#s100r022	64	0	0	0	0	ABSTAIN	A	0	0	0
H5B-O-12-05#s100r022	64	0	0	0	0	ABSTAIN	A	0	0	0
H5B-O-12-06#s100r022	64	0	0	0	0	ABSTAIN	A	0	0	0
H5B-O-12-07#s100r022	64	0	0	0	0	ABSTAIN	A	0	0	0
H5B-O-12-08#s100r022	64	0	0	0	0	ABSTAIN	A	0	0	0
H5B-O-12-09#s100r022	64	0	0	0	0	ABSTAIN	A	0	0	0
H5B-O-20-00#s100r022	64	0	0	0	0	ABSTAIN	A	0	0	0
H5B-O-20-01#s100r022	64	0	0	0	0	ABSTAIN	A	0	0	0
H5B-O-20-02#s100r022	64	0	0	0	0	ABSTAIN	A	0	0	0
H5B-O-20-03#s100r022	64	0	0	0	0	ABSTAIN	A	0	0	0
H5B-O-20-04#s100r022	64	0	0	0	0	ABSTAIN	A	0	0	0
H5B-O-20-05#s100r022	64	0	0	0	0	ABSTAIN	A	0	0	0
H5B-O-20-06#s100r022	64	0	0	0	0	ABSTAIN	A	0	0	0
H5B-O-20-07#s100r022	64	0	0	0	0	ABSTAIN	A	0	0	0
H5B-O-20-08#s100r022	64	0	0	0	0	ABSTAIN	A	0	0	0
H5B-O-20-09#s100r022	64	0	0	0	0	ABSTAIN	A	0	0	0
H5B-O-40-00#s100r022	64	0	0	0	0	ABSTAIN	A	0	0	0
H5B-O-40-01#s100r022	64	0	0	0	0	ABSTAIN	A	0	0	0
H5B-O-40-02#s100r022	64	0	0	0	0	ABSTAIN	A	0	0	0
H5B-O-40-03#s100r022	64	0	0	0	0	ABSTAIN	A	0	0	0
H5B-O-40-04#s100r022	64	0	0	0	0	ABSTAIN	A	0	0	0
H5B-O-40-05#s100r022	64	0	0	0	0	ABSTAIN	A	0	0	0
H5B-O-40-06#s100r022	64	0	0	0	0	ABSTAIN	A	0	0	0
H5B-O-40-07#s100r022	64	0	0	0	0	ABSTAIN	A	0	0	0
H5B-O-40-08#s100r022	64	0	0	0	0	ABSTAIN	A	0	0	0
H5B-O-40-09#s100r022	64	0	0	0	0	ABSTAIN	A	0	0	0
H5B-D-0-00#s100r022	64	0	0	0	0	RELEASE	1	664	0	0
H5B-D-0-01#s100r022	64	0	0	0	0	RELEASE	1	664	0	0
H5B-D-0-02#s100r022	64	0	0	0	0	RELEASE	1	664	0	0
H5B-D-0-03#s100r022	64	0	0	0	0	RELEASE	1	665	0	0
H5B-D-0-04#s100r022	64	0	0	0	0	RELEASE	1	665	0	0
H5B-D-0-05#s100r022	64	0	0	0	0	RELEASE	1	665	0	0
H5B-D-0-06#s100r022	64	0	0	0	0	RELEASE	1	665	0	0
H5B-D-0-07#s100r022	64	0	0	0	0	RELEASE	1	665	0	0
H5B-D-0-08#s100r022	64	0	0	0	0	RELEASE	1	665	0	0
H5B-D-0-09#s100r022	64	0	0	0	0	RELEASE	1	666	0	0
H5B-D-1-00#s100r022	64	0	0	0	0	ABSTAIN	A	0	0	0
H5B-D-1-01#s100r022	64	0	0	0	0	ABSTAIN	A	0	0	0
H5B-D-1-02#s100r022	64	0	0	0	0	ABSTAIN	A	0	0	0
H5B-D-1-03#s100r022	64	0	0	0	0	ABSTAIN	A	0	0	0
H5B-D-1-04#s100r022	64	0	0	0	0	ABSTAIN	A	0	0	0
H5B-D-1-05#s100r022	64	0	0	0	0	ABSTAIN	A	0	0	0
H5B-D-1-06#s100r022	64	0	0	0	0	ABSTAIN	A	0	0	0
H5B-D-1-07#s100r022	64	0	0	0	0	ABSTAIN	A	0	0	0
H5B-D-1-08#s100r022	64	0	0	0	0	ABSTAIN	A	0	0	0
H5B-D-1-09#s100r022	64	0	0	0	0	ABSTAIN	A	0	0	0
H5B-D-2-00#s100r022	64	0	0	0	0	ABSTAIN	A	0	0	0
H5B-D-2-01#s100r022	64	0	0	0	0	ABSTAIN	A	0	0	0
H5B-D-2-02#s100r022	64	0	0	0	0	ABSTAIN	A	0	0	0
H5B-D-2-03#s100r022	64	0	0	0	0	ABSTAIN	A	0	0	0
H5B-D-2-04#s100r022	64	0	0	0	0	ABSTAIN	A	0	0	0
H5B-D-2-05#s100r022	64	0	0	0	0	ABSTAIN	A	0	0	0
H5B-D-2-06#s100r022	64	0	0	0	0	ABSTAIN	A	0	0	0
H5B-D-2-07#s100r022	64	0	0	0	0	ABSTAIN	A	0	0	0
H5B-D-2-08#s100r022	64	0	0	0	0	ABSTAIN	A	0	0	0
H5B-D-2-09#s100r022	64	0	0	0	0	ABSTAIN	A	0	0	0
H5B-D-6-00#s100r022	64	0	0	0	0	ABSTAIN	A	0	0	0
H5B-D-6-01#s100r022	64	0	0	0	0	ABSTAIN	A	0	0	0
H5B-D-6-02#s100r022	64	0	0	0	0	ABSTAIN	A	0	0	0
H5B-D-6-03#s100r022	64	0	0	0	0	ABSTAIN	A	0	0	0
H5B-D-6-04#s100r022	64	0	0	0	0	ABSTAIN	A	0	0	0
H5B-D-6-05#s100r022	64	0	0	0	0	ABSTAIN	A	0	0	0
H5B-D-6-06#s100r022	64	0	0	0	0	ABSTAIN	A	0	0	0
H5B-D-6-07#s100r022	64	0	0	0	0	ABSTAIN	A	0	0	0
H5B-D-6-08#s100r022	64	0	0	0	0	ABSTAIN	A	0	0	0
H5B-D-6-09#s100r022	64	0	0	0	0	ABSTAIN	A	0	0	0
H5B-P-06-00#s100r023	64	0	0	0	0	ABSTAIN	A	0	0	0
H5B-P-06-01#s100r023	64	0	0	0	0	ABSTAIN	A	0	0	0
H5B-P-06-02#s100r023	64	0	0	0	0	ABSTAIN	A	0	0	0
H5B-P-06-03#s100r023	64	0	0	0	0	ABSTAIN	A	0	0	0
H5B-P-06-04#s100r023	64	0	0	0	0	ABSTAIN	A	0	0	0
H5B-P-06-05#s100r023	64	0	0	0	0	ABSTAIN	A	0	0	0
H5B-P-06-06#s100r023	64	0	0	0	0	ABSTAIN	A	0	0	0
H5B-P-06-07#s100r023	64	0	0	0	0	ABSTAIN	A	0	0	0
H5B-P-06-08#s100r023	64	0	0	0	0	ABSTAIN	A	0	0	0
H5B-P-06-09#s100r023	64	0	0	0	0	ABSTAIN	A	0	0	0
H5B-P-12-00#s100r023	64	0	0	0	0	ABSTAIN	A	0	0	0
H5B-P-12-01#s100r023	64	0	0	0	0	ABSTAIN	A	0	0	0
H5B-P-12-02#s100r023	64	0	0	0	0	ABSTAIN	A	0	0	0
H5B-P-12-03#s100r023	64	0	0	0	0	ABSTAIN	A	0	0	0
H5B-P-12-04#s100r023	64	0	0	0	0	ABSTAIN	A	0	0	0
H5B-P-12-05#s100r023	64	0	0	0	0	ABSTAIN	A	0	0	0
H5B-P-12-06#s100r023	64	0	0	0	0	ABSTAIN	A	0	0	0
H5B-P-12-07#s100r023	64	0	0	0	0	ABSTAIN	A	0	0	0
H5B-P-12-08#s100r023	64	0	0	0	0	ABSTAIN	A	0	0	0
H5B-P-12-09#s100r023	64	0	0	0	0	ABSTAIN	A	0	0	0
H5B-P-20-00#s100r023	64	0	0	0	0	ABSTAIN	A	0	0	0
H5B-P-20-01#s100r023	64	0	0	0	0	ABSTAIN	A	0	0	0
H5B-P-20-02#s100r023	64	0	0	0	0	ABSTAIN	A	0	0	0
H5B-P-20-03#s100r023	64	0	0	0	0	ABSTAIN	A	0	0	0
H5B-P-20-04#s100r023	64	0	0	0	0	ABSTAIN	A	0	0	0
H5B-P-20-05#s100r023	64	0	0	0	0	ABSTAIN	A	0	0	0
H5B-P-20-06#s100r023	64	0	0	0	0	ABSTAIN	A	0	0	0
H5B-P-20-07#s100r023	64	0	0	0	0	ABSTAIN	A	0	0	0
H5B-P-20-08#s100r023	64	0	0	0	0	ABSTAIN	A	0	0	0
H5B-P-20-09#s100r023	64	0	0	0	0	ABSTAIN	A	0	0	0
H5B-P-40-00#s100r023	64	0	0	0	0	ABSTAIN	A	0	0	0
H5B-P-40-01#s100r023	64	0	0	0	0	ABSTAIN	A	0	0	0
H5B-P-40-02#s100r023	64	0	0	0	0	ABSTAIN	A	0	0	0
H5B-P-40-03#s100r023	64	0	0	0	0	ABSTAIN	A	0	0	0
H5B-P-40-04#s100r023	64	0	0	0	0	ABSTAIN	A	0	0	0
H5B-P-40-05#s100r023	64	0	0	0	0	ABSTAIN	A	0	0	0
H5B-P-40-06#s100r023	64	0	0	0	0	ABSTAIN	A	0	0	0
H5B-P-40-07#s100r023	64	0	0	0	0	ABSTAIN	A	0	0	0
H5B-P-40-08#s100r023	64	0	0	0	0	ABSTAIN	A	0	0	0
H5B-P-40-09#s100r023	64	0	0	0	0	ABSTAIN	A	0	0	0
H5B-O-06-00#s100r023	64	0	0	0	0	ABSTAIN	A	0	0	0
H5B-O-06-01#s100r023	64	0	0	0	0	ABSTAIN	A	0	0	0
H5B-O-06-02#s100r023	64	0	0	0	0	ABSTAIN	A	0	0	0
H5B-O-06-03#s100r023	64	0	0	0	0	ABSTAIN	A	0	0	0
H5B-O-06-04#s100r023	64	0	0	0	0	ABSTAIN	A	0	0	0
H5B-O-06-05#s100r023	64	0	0	0	0	ABSTAIN	A	0	0	0
H5B-O-06-06#s100r023	64	0	0	0	0	ABSTAIN	A	0	0	0
H5B-O-06-07#s100r023	64	0	0	0	0	ABSTAIN	A	0	0	0
H5B-O-06-08#s100r023	64	0	0	0	0	ABSTAIN	A	0	0	0
H5B-O-06-09#s100r023	64	0	0	0	0	ABSTAIN	A	0	0	0
H5B-O-12-00#s100r023	64	0	0	0	0	ABSTAIN	A	0	0	0
H5B-O-12-01#s100r023	64	0	0	0	0	ABSTAIN	A	0	0	0
H5B-O-12-02#s100r023	64	0	0	0	0	ABSTAIN	A	0	0	0
H5B-O-12-03#s100r023	64	0	0	0	0	ABSTAIN	A	0	0	0
H5B-O-12-04#s100r023	64	0	0	0	0	ABSTAIN	A	0	0	0
H5B-O-12-05#s100r023	64	0	0	0	0	ABSTAIN	A	0	0	0
H5B-O-12-06#s100r023	64	0	0	0	0	ABSTAIN	A	0	0	0
H5B-O-12-07#s100r023	64	0	0	0	0	ABSTAIN	A	0	0	0
H5B-O-12-08#s100r023	64	0	0	0	0	ABSTAIN	A	0	0	0
H5B-O-12-09#s100r023	64	0	0	0	0	ABSTAIN	A	0	0	0
H5B-O-20-00#s100r023	64	0	0	0	0	ABSTAIN	A	0	0	0
H5B-O-20-01#s100r023	64	0	0	0	0	ABSTAIN	A	0	0	0
H5B-O-20-02#s100r023	64	0	0	0	0	ABSTAIN	A	0	0	0
H5B-O-20-03#s100r023	64	0	0	0	0	ABSTAIN	A	0	0	0
H5B-O-20-04#s100r023	64	0	0	0	0	ABSTAIN	A	0	0	0
H5B-O-20-05#s100r023	64	0	0	0	0	ABSTAIN	A	0	0	0
H5B-O-20-06#s100r023	64	0	0	0	0	ABSTAIN	A	0	0	0
H5B-O-20-07#s100r023	64	0	0	0	0	ABSTAIN	A	0	0	0
H5B-O-20-08#s100r023	64	0	0	0	0	ABSTAIN	A	0	0	0
H5B-O-20-09#s100r023	64	0	0	0	0	ABSTAIN	A	0	0	0
H5B-O-40-00#s100r023	64	0	0	0	0	ABSTAIN	A	0	0	0
H5B-O-40-01#s100r023	64	0	0	0	0	ABSTAIN	A	0	0	0
H5B-O-40-02#s100r023	64	0	0	0	0	ABSTAIN	A	0	0	0
H5B-O-40-03#s100r023	64	0	0	0	0	ABSTAIN	A	0	0	0
H5B-O-40-04#s100r023	64	0	0	0	0	ABSTAIN	A	0	0	0
H5B-O-40-05#s100r023	64	0	0	0	0	ABSTAIN	A	0	0	0
H5B-O-40-06#s100r023	64	0	0	0	0	ABSTAIN	A	0	0	0
H5B-O-40-07#s100r023	64	0	0	0	0	ABSTAIN	A	0	0	0
H5B-O-40-08#s100r023	64	0	0	0	0	ABSTAIN	A	0	0	0
H5B-O-40-09#s100r023	64	0	0	0	0	ABSTAIN	A	0	0	0
H5B-D-0-00#s100r023	64	0	0	0	0	RELEASE	1	664	0	0
H5B-D-0-01#s100r023	64	0	0	0	0	RELEASE	1	664	0	0
H5B-D-0-02#s100r023	64	0	0	0	0	RELEASE	1	664	0	0
H5B-D-0-03#s100r023	64	0	0	0	0	RELEASE	1	664	0	0
H5B-D-0-04#s100r023	64	0	0	0	0	RELEASE	1	664	0	0
H5B-D-0-05#s100r023	64	0	0	0	0	RELEASE	1	665	0	0
H5B-D-0-06#s100r023	64	0	0	0	0	RELEASE	1	665	0	0
H5B-D-0-07#s100r023	64	0	0	0	0	RELEASE	1	665	0	0
H5B-D-0-08#s100r023	64	0	0	0	0	RELEASE	1	665	0	0
H5B-D-0-09#s100r023	64	0	0	0	0	RELEASE	1	665	0	0
H5B-D-1-00#s100r023	64	0	0	0	0	ABSTAIN	A	0	0	0
H5B-D-1-01#s100r023	64	0	0	0	0	ABSTAIN	A	0	0	0
H5B-D-1-02#s100r023	64	0	0	0	0	ABSTAIN	A	0	0	0
H5B-D-1-03#s100r023	64	0	0	0	0	ABSTAIN	A	0	0	0
H5B-D-1-04#s100r023	64	0	0	0	0	ABSTAIN	A	0	0	0
H5B-D-1-05#s100r023	64	0	0	0	0	ABSTAIN	A	0	0	0
H5B-D-1-06#s100r023	64	0	0	0	0	ABSTAIN	A	0	0	0
H5B-D-1-07#s100r023	64	0	0	0	0	ABSTAIN	A	0	0	0
H5B-D-1-08#s100r023	64	0	0	0	0	ABSTAIN	A	0	0	0
H5B-D-1-09#s100r023	64	0	0	0	0	ABSTAIN	A	0	0	0
H5B-D-2-00#s100r023	64	0	0	0	0	ABSTAIN	A	0	0	0
H5B-D-2-01#s100r023	64	0	0	0	0	ABSTAIN	A	0	0	0
H5B-D-2-02#s100r023	64	0	0	0	0	ABSTAIN	A	0	0	0
H5B-D-2-03#s100r023	64	0	0	0	0	ABSTAIN	A	0	0	0
H5B-D-2-04#s100r023	64	0	0	0	0	ABSTAIN	A	0	0	0
H5B-D-2-05#s100r023	64	0	0	0	0	ABSTAIN	A	0	0	0
H5B-D-2-06#s100r023	64	0	0	0	0	ABSTAIN	A	0	0	0
H5B-D-2-07#s100r023	64	0	0	0	0	ABSTAIN	A	0	0	0
H5B-D-2-08#s100r023	64	0	0	0	0	ABSTAIN	A	0	0	0
H5B-D-2-09#s100r023	64	0	0	0	0	ABSTAIN	A	0	0	0
H5B-D-6-00#s100r023	64	0	0	0	0	ABSTAIN	A	0	0	0
H5B-D-6-01#s100r023	64	0	0	0	0	ABSTAIN	A	0	0	0
H5B-D-6-02#s100r023	64	0	0	0	0	ABSTAIN	A	0	0	0
H5B-D-6-03#s100r023	64	0	0	0	0	ABSTAIN	A	0	0	0
H5B-D-6-04#s100r023	64	0	0	0	0	ABSTAIN	A	0	0	0
H5B-D-6-05#s100r023	64	0	0	0	0	ABSTAIN	A	0	0	0
H5B-D-6-06#s100r023	64	0	0	0	0	ABSTAIN	A	0	0	0
H5B-D-6-07#s100r023	64	0	0	0	0	ABSTAIN	A	0	0	0
H5B-D-6-08#s100r023	64	0	0	0	0	ABSTAIN	A	0	0	0
H5B-D-6-09#s100r023	64	0	0	0	0	ABSTAIN	A	0	0	0
H5B-P-06-00#s100r024	64	0	0	0	0	ABSTAIN	A	0	0	0
H5B-P-06-01#s100r024	64	0	0	0	0	ABSTAIN	A	0	0	0
H5B-P-06-02#s100r024	64	0	0	0	0	ABSTAIN	A	0	0	0
H5B-P-06-03#s100r024	64	0	0	0	0	ABSTAIN	A	0	0	0
H5B-P-06-04#s100r024	64	0	0	0	0	ABSTAIN	A	0	0	0
H5B-P-06-05#s100r024	64	0	0	0	0	ABSTAIN	A	0	0	0
H5B-P-06-06#s100r024	64	0	0	0	0	ABSTAIN	A	0	0	0
H5B-P-06-07#s100r024	64	0	0	0	0	ABSTAIN	A	0	0	0
H5B-P-06-08#s100r024	64	0	0	0	0	ABSTAIN	A	0	0	0
H5B-P-06-09#s100r024	64	0	0	0	0	ABSTAIN	A	0	0	0
H5B-P-12-00#s100r024	64	0	0	0	0	ABSTAIN	A	0	0	0
H5B-P-12-01#s100r024	64	0	0	0	0	ABSTAIN	A	0	0	0
H5B-P-12-02#s100r024	64	0	0	0	0	ABSTAIN	A	0	0	0
H5B-P-12-03#s100r024	64	0	0	0	0	ABSTAIN	A	0	0	0
H5B-P-12-04#s100r024	64	0	0	0	0	ABSTAIN	A	0	0	0
H5B-P-12-05#s100r024	64	0	0	0	0	ABSTAIN	A	0	0	0
H5B-P-12-06#s100r024	64	0	0	0	0	ABSTAIN	A	0	0	0
H5B-P-12-07#s100r024	64	0	0	0	0	ABSTAIN	A	0	0	0
H5B-P-12-08#s100r024	64	0	0	0	0	ABSTAIN	A	0	0	0
H5B-P-12-09#s100r024	64	0	0	0	0	ABSTAIN	A	0	0	0
H5B-P-20-00#s100r024	64	0	0	0	0	ABSTAIN	A	0	0	0
H5B-P-20-01#s100r024	64	0	0	0	0	ABSTAIN	A	0	0	0
H5B-P-20-02#s100r024	64	0	0	0	0	ABSTAIN	A	0	0	0
H5B-P-20-03#s100r024	64	0	0	0	0	ABSTAIN	A	0	0	0
H5B-P-20-04#s100r024	64	0	0	0	0	ABSTAIN	A	0	0	0
H5B-P-20-05#s100r024	64	0	0	0	0	ABSTAIN	A	0	0	0
H5B-P-20-06#s100r024	64	0	0	0	0	ABSTAIN	A	0	0	0
H5B-P-20-07#s100r024	64	0	0	0	0	ABSTAIN	A	0	0	0
H5B-P-20-08#s100r024	64	0	0	0	0	ABSTAIN	A	0	0	0
H5B-P-20-09#s100r024	64	0	0	0	0	ABSTAIN	A	0	0	0
H5B-P-40-00#s100r024	64	0	0	0	0	ABSTAIN	A	0	0	0
H5B-P-40-01#s100r024	64	0	0	0	0	ABSTAIN	A	0	0	0
H5B-P-40-02#s100r024	64	0	0	0	0	ABSTAIN	A	0	0	0
H5B-P-40-03#s100r024	64	0	0	0	0	ABSTAIN	A	0	0	0
H5B-P-40-04#s100r024	64	0	0	0	0	ABSTAIN	A	0	0	0
H5B-P-40-05#s100r024	64	0	0	0	0	ABSTAIN	A	0	0	0
H5B-P-40-06#s100r024	64	0	0	0	0	ABSTAIN	A	0	0	0
H5B-P-40-07#s100r024	64	0	0	0	0	ABSTAIN	A	0	0	0
H5B-P-40-08#s100r024	64	0	0	0	0	ABSTAIN	A	0	0	0
H5B-P-40-09#s100r024	64	0	0	0	0	ABSTAIN	A	0	0	0
H5B-O-06-00#s100r024	64	0	0	0	0	ABSTAIN	A	0	0	0
H5B-O-06-01#s100r024	64	0	0	0	0	ABSTAIN	A	0	0	0
H5B-O-06-02#s100r024	64	0	0	0	0	ABSTAIN	A	0	0	0
H5B-O-06-03#s100r024	64	0	0	0	0	ABSTAIN	A	0	0	0
H5B-O-06-04#s100r024	64	0	0	0	0	ABSTAIN	A	0	0	0
H5B-O-06-05#s100r024	64	0	0	0	0	ABSTAIN	A	0	0	0
H5B-O-06-06#s100r024	64	0	0	0	0	ABSTAIN	A	0	0	0
H5B-O-06-07#s100r024	64	0	0	0	0	ABSTAIN	A	0	0	0
H5B-O-06-08#s100r024	64	0	0	0	0	ABSTAIN	A	0	0	0
H5B-O-06-09#s100r024	64	0	0	0	0	ABSTAIN	A	0	0	0
H5B-O-12-00#s100r024	64	0	0	0	0	ABSTAIN	A	0	0	0
H5B-O-12-01#s100r024	64	0	0	0	0	ABSTAIN	A	0	0	0
H5B-O-12-02#s100r024	64	0	0	0	0	ABSTAIN	A	0	0	0
H5B-O-12-03#s100r024	64	0	0	0	0	ABSTAIN	A	0	0	0
H5B-O-12-04#s100r024	64	0	0	0	0	ABSTAIN	A	0	0	0
H5B-O-12-05#s100r024	64	0	0	0	0	ABSTAIN	A	0	0	0
H5B-O-12-06#s100r024	64	0	0	0	0	ABSTAIN	A	0	0	0
H5B-O-12-07#s100r024	64	0	0	0	0	ABSTAIN	A	0	0	0
H5B-O-12-08#s100r024	64	0	0	0	0	ABSTAIN	A	0	0	0
H5B-O-12-09#s100r024	64	0	0	0	0	ABSTAIN	A	0	0	0
H5B-O-20-00#s100r024	64	0	0	0	0	ABSTAIN	A	0	0	0
H5B-O-20-01#s100r024	64	0	0	0	0	ABSTAIN	A	0	0	0
H5B-O-20-02#s100r024	64	0	0	0	0	ABSTAIN	A	0	0	0
H5B-O-20-03#s100r024	64	0	0	0	0	ABSTAIN	A	0	0	0
H5B-O-20-04#s100r024	64	0	0	0	0	ABSTAIN	A	0	0	0
H5B-O-20-05#s100r024	64	0	0	0	0	ABSTAIN	A	0	0	0
H5B-O-20-06#s100r024	64	0	0	0	0	ABSTAIN	A	0	0	0
H5B-O-20-07#s100r024	64	0	0	0	0	ABSTAIN	A	0	0	0
H5B-O-20-08#s100r024	64	0	0	0	0	ABSTAIN	A	0	0	0
H5B-O-20-09#s100r024	64	0	0	0	0	ABSTAIN	A	0	0	0
H5B-O-40-00#s100r024	64	0	0	0	0	ABSTAIN	A	0	0	0
H5B-O-40-01#s100r024	64	0	0	0	0	ABSTAIN	A	0	0	0
H5B-O-40-02#s100r024	64	0	0	0	0	ABSTAIN	A	0	0	0
H5B-O-40-03#s100r024	64	0	0	0	0	ABSTAIN	A	0	0	0
H5B-O-40-04#s100r024	64	0	0	0	0	ABSTAIN	A	0	0	0
H5B-O-40-05#s100r024	64	0	0	0	0	ABSTAIN	A	0	0	0
H5B-O-40-06#s100r024	64	0	0	0	0	ABSTAIN	A	0	0	0
H5B-O-40-07#s100r024	64	0	0	0	0	ABSTAIN	A	0	0	0
H5B-O-40-08#s100r024	64	0	0	0	0	ABSTAIN	A	0	0	0
H5B-O-40-09#s100r024	64	0	0	0	0	ABSTAIN	A	0	0	0
H5B-D-0-00#s100r024	64	0	0	0	0	RELEASE	1	664	0	0
H5B-D-0-01#s100r024	64	0	0	0	0	RELEASE	1	664	0	0
H5B-D-0-02#s100r024	64	0	0	0	0	RELEASE	1	664	0	0
H5B-D-0-03#s100r024	64	0	0	0	0	RELEASE	1	664	0	0
H5B-D-0-04#s100r024	64	0	0	0	0	RELEASE	1	664	0	0
H5B-D-0-05#s100r024	64	0	0	0	0	RELEASE	1	664	0	0
H5B-D-0-06#s100r024	64	0	0	0	0	RELEASE	1	665	0	0
H5B-D-0-07#s100r024	64	0	0	0	0	RELEASE	1	665	0	0
H5B-D-0-08#s100r024	64	0	0	0	0	RELEASE	1	665	0	0
H5B-D-0-09#s100r024	64	0	0	0	0	RELEASE	1	665	0	0
H5B-D-1-00#s100r024	64	0	0	0	0	ABSTAIN	A	0	0	0
H5B-D-1-01#s100r024	64	0	0	0	0	ABSTAIN	A	0	0	0
H5B-D-1-02#s100r024	64	0	0	0	0	ABSTAIN	A	0	0	0
H5B-D-1-03#s100r024	64	0	0	0	0	ABSTAIN	A	0	0	0
H5B-D-1-04#s100r024	64	0	0	0	0	ABSTAIN	A	0	0	0
H5B-D-1-05#s100r024	64	0	0	0	0	ABSTAIN	A	0	0	0
H5B-D-1-06#s100r024	64	0	0	0	0	ABSTAIN	A	0	0	0
H5B-D-1-07#s100r024	64	0	0	0	0	ABSTAIN	A	0	0	0
H5B-D-1-08#s100r024	64	0	0	0	0	ABSTAIN	A	0	0	0
H5B-D-1-09#s100r024	64	0	0	0	0	ABSTAIN	A	0	0	0
H5B-D-2-00#s100r024	64	0	0	0	0	ABSTAIN	A	0	0	0
H5B-D-2-01#s100r024	64	0	0	0	0	ABSTAIN	A	0	0	0
H5B-D-2-02#s100r024	64	0	0	0	0	ABSTAIN	A	0	0	0
H5B-D-2-03#s100r024	64	0	0	0	0	ABSTAIN	A	0	0	0
H5B-D-2-04#s100r024	64	0	0	0	0	ABSTAIN	A	0	0	0
H5B-D-2-05#s100r024	64	0	0	0	0	ABSTAIN	A	0	0	0
H5B-D-2-06#s100r024	64	0	0	0	0	ABSTAIN	A	0	0	0
H5B-D-2-07#s100r024	64	0	0	0	0	ABSTAIN	A	0	0	0
H5B-D-2-08#s100r024	64	0	0	0	0	ABSTAIN	A	0	0	0
H5B-D-2-09#s100r024	64	0	0	0	0	ABSTAIN	A	0	0	0
H5B-D-6-00#s100r024	64	0	0	0	0	ABSTAIN	A	0	0	0
H5B-D-6-01#s100r024	64	0	0	0	0	ABSTAIN	A	0	0	0
H5B-D-6-02#s100r024	64	0	0	0	0	ABSTAIN	A	0	0	0
H5B-D-6-03#s100r024	64	0	0	0	0	ABSTAIN	A	0	0	0
H5B-D-6-04#s100r024	64	0	0	0	0	ABSTAIN	A	0	0	0
H5B-D-6-05#s100r024	64	0	0	0	0	ABSTAIN	A	0	0	0
H5B-D-6-06#s100r024	64	0	0	0	0	ABSTAIN	A	0	0	0
H5B-D-6-07#s100r024	64	0	0	0	0	ABSTAIN	A	0	0	0
H5B-D-6-08#s100r024	64	0	0	0	0	ABSTAIN	A	0	0	0
H5B-D-6-09#s100r024	64	0	0	0	0	ABSTAIN	A	0	0	0
H5B-P-06-00#s100r025	64	0	0	0	0	ABSTAIN	A	0	0	0
H5B-P-06-01#s100r025	64	0	0	0	0	ABSTAIN	A	0	0	0
H5B-P-06-02#s100r025	64	0	0	0	0	ABSTAIN	A	0	0	0
H5B-P-06-03#s100r025	64	0	0	0	0	ABSTAIN	A	0	0	0
H5B-P-06-04#s100r025	64	0	0	0	0	ABSTAIN	A	0	0	0
H5B-P-06-05#s100r025	64	0	0	0	0	ABSTAIN	A	0	0	0
H5B-P-06-06#s100r025	64	0	0	0	0	ABSTAIN	A	0	0	0
H5B-P-06-07#s100r025	64	0	0	0	0	ABSTAIN	A	0	0	0
H5B-P-06-08#s100r025	64	0	0	0	0	ABSTAIN	A	0	0	0
H5B-P-06-09#s100r025	64	0	0	0	0	ABSTAIN	A	0	0	0
H5B-P-12-00#s100r025	64	0	0	0	0	ABSTAIN	A	0	0	0
H5B-P-12-01#s100r025	64	0	0	0	0	ABSTAIN	A	0	0	0
H5B-P-12-02#s100r025	64	0	0	0	0	ABSTAIN	A	0	0	0
H5B-P-12-03#s100r025	64	0	0	0	0	ABSTAIN	A	0	0	0
H5B-P-12-04#s100r025	64	0	0	0	0	ABSTAIN	A	0	0	0
H5B-P-12-05#s100r025	64	0	0	0	0	ABSTAIN	A	0	0	0
H5B-P-12-06#s100r025	64	0	0	0	0	ABSTAIN	A	0	0	0
H5B-P-12-07#s100r025	64	0	0	0	0	ABSTAIN	A	0	0	0
H5B-P-12-08#s100r025	64	0	0	0	0	ABSTAIN	A	0	0	0
H5B-P-12-09#s100r025	64	0	0	0	0	ABSTAIN	A	0	0	0
H5B-P-20-00#s100r025	64	0	0	0	0	ABSTAIN	A	0	0	0
H5B-P-20-01#s100r025	64	0	0	0	0	ABSTAIN	A	0	0	0
H5B-P-20-02#s100r025	64	0	0	0	0	ABSTAIN	A	0	0	0
H5B-P-20-03#s100r025	64	0	0	0	0	ABSTAIN	A	0	0	0
H5B-P-20-04#s100r025	64	0	0	0	0	ABSTAIN	A	0	0	0
H5B-P-20-05#s100r025	64	0	0	0	0	ABSTAIN	A	0	0	0
H5B-P-20-06#s100r025	64	0	0	0	0	ABSTAIN	A	0	0	0
H5B-P-20-07#s100r025	64	0	0	0	0	ABSTAIN	A	0	0	0
H5B-P-20-08#s100r025	64	0	0	0	0	ABSTAIN	A	0	0	0
H5B-P-20-09#s100r025	64	0	0	0	0	ABSTAIN	A	0	0	0
H5B-P-40-00#s100r025	64	0	0	0	0	ABSTAIN	A	0	0	0
H5B-P-40-01#s100r025	64	0	0	0	0	ABSTAIN	A	0	0	0
H5B-P-40-02#s100r025	64	0	0	0	0	ABSTAIN	A	0	0	0
H5B-P-40-03#s100r025	64	0	0	0	0	ABSTAIN	A	0	0	0
H5B-P-40-04#s100r025	64	0	0	0	0	ABSTAIN	A	0	0	0
H5B-P-40-05#s100r025	64	0	0	0	0	ABSTAIN	A	0	0	0
H5B-P-40-06#s100r025	64	0	0	0	0	ABSTAIN	A	0	0	0
H5B-P-40-07#s100r025	64	0	0	0	0	ABSTAIN	A	0	0	0
H5B-P-40-08#s100r025	64	0	0	0	0	ABSTAIN	A	0	0	0
H5B-P-40-09#s100r025	64	0	0	0	0	ABSTAIN	A	0	0	0
H5B-O-06-00#s100r025	64	0	0	0	0	ABSTAIN	A	0	0	0
H5B-O-06-01#s100r025	64	0	0	0	0	ABSTAIN	A	0	0	0
H5B-O-06-02#s100r025	64	0	0	0	0	ABSTAIN	A	0	0	0
H5B-O-06-03#s100r025	64	0	0	0	0	ABSTAIN	A	0	0	0
H5B-O-06-04#s100r025	64	0	0	0	0	ABSTAIN	A	0	0	0
H5B-O-06-05#s100r025	64	0	0	0	0	ABSTAIN	A	0	0	0
H5B-O-06-06#s100r025	64	0	0	0	0	ABSTAIN	A	0	0	0
H5B-O-06-07#s100r025	64	0	0	0	0	ABSTAIN	A	0	0	0
H5B-O-06-08#s100r025	64	0	0	0	0	ABSTAIN	A	0	0	0
H5B-O-06-09#s100r025	64	0	0	0	0	ABSTAIN	A	0	0	0
H5B-O-12-00#s100r025	64	0	0	0	0	ABSTAIN	A	0	0	0
H5B-O-12-01#s100r025	64	0	0	0	0	ABSTAIN	A	0	0	0
H5B-O-12-02#s100r025	64	0	0	0	0	ABSTAIN	A	0	0	0
H5B-O-12-03#s100r025	64	0	0	0	0	ABSTAIN	A	0	0	0
H5B-O-12-04#s100r025	64	0	0	0	0	ABSTAIN	A	0	0	0
H5B-O-12-05#s100r025	64	0	0	0	0	ABSTAIN	A	0	0	0
H5B-O-12-06#s100r025	64	0	0	0	0	ABSTAIN	A	0	0	0
H5B-O-12-07#s100r025	64	0	0	0	0	ABSTAIN	A	0	0	0
H5B-O-12-08#s100r025	64	0	0	0	0	ABSTAIN	A	0	0	0
H5B-O-12-09#s100r025	64	0	0	0	0	ABSTAIN	A	0	0	0
H5B-O-20-00#s100r025	64	0	0	0	0	ABSTAIN	A	0	0	0
H5B-O-20-01#s100r025	64	0	0	0	0	ABSTAIN	A	0	0	0
H5B-O-20-02#s100r025	64	0	0	0	0	ABSTAIN	A	0	0	0
H5B-O-20-03#s100r025	64	0	0	0	0	ABSTAIN	A	0	0	0
H5B-O-20-04#s100r025	64	0	0	0	0	ABSTAIN	A	0	0	0
H5B-O-20-05#s100r025	64	0	0	0	0	ABSTAIN	A	0	0	0
H5B-O-20-06#s100r025	64	0	0	0	0	ABSTAIN	A	0	0	0
H5B-O-20-07#s100r025	64	0	0	0	0	ABSTAIN	A	0	0	0
H5B-O-20-08#s100r025	64	0	0	0	0	ABSTAIN	A	0	0	0
H5B-O-20-09#s100r025	64	0	0	0	0	ABSTAIN	A	0	0	0
H5B-O-40-00#s100r025	64	0	0	0	0	ABSTAIN	A	0	0	0
H5B-O-40-01#s100r025	64	0	0	0	0	ABSTAIN	A	0	0	0
H5B-O-40-02#s100r025	64	0	0	0	0	ABSTAIN	A	0	0	0
H5B-O-40-03#s100r025	64	0	0	0	0	ABSTAIN	A	0	0	0
H5B-O-40-04#s100r025	64	0	0	0	0	ABSTAIN	A	0	0	0
H5B-O-40-05#s100r025	64	0	0	0	0	ABSTAIN	A	0	0	0
H5B-O-40-06#s100r025	64	0	0	0	0	ABSTAIN	A	0	0	0
H5B-O-40-07#s100r025	64	0	0	0	0	ABSTAIN	A	0	0	0
H5B-O-40-08#s100r025	64	0	0	0	0	ABSTAIN	A	0	0	0
H5B-O-40-09#s100r025	64	0	0	0	0	ABSTAIN	A	0	0	0
H5B-D-0-00#s100r025	64	0	0	0	0	RELEASE	1	663	0	0
H5B-D-0-01#s100r025	64	0	0	0	0	RELEASE	1	663	0	0
H5B-D-0-02#s100r025	64	0	0	0	0	RELEASE	1	664	0	0
H5B-D-0-03#s100r025	64	0	0	0	0	RELEASE	1	664	0	0
H5B-D-0-04#s100r025	64	0	0	0	0	RELEASE	1	664	0	0
H5B-D-0-05#s100r025	64	0	0	0	0	RELEASE	1	664	0	0
H5B-D-0-06#s100r025	64	0	0	0	0	RELEASE	1	664	0	0
H5B-D-0-07#s100r025	64	0	0	0	0	RELEASE	1	664	0	0
H5B-D-0-08#s100r025	64	0	0	0	0	RELEASE	1	665	0	0
H5B-D-0-09#s100r025	64	0	0	0	0	RELEASE	1	665	0	0
H5B-D-1-00#s100r025	64	0	0	0	0	ABSTAIN	A	0	0	0
H5B-D-1-01#s100r025	64	0	0	0	0	ABSTAIN	A	0	0	0
H5B-D-1-02#s100r025	64	0	0	0	0	ABSTAIN	A	0	0	0
H5B-D-1-03#s100r025	64	0	0	0	0	ABSTAIN	A	0	0	0
H5B-D-1-04#s100r025	64	0	0	0	0	ABSTAIN	A	0	0	0
H5B-D-1-05#s100r025	64	0	0	0	0	ABSTAIN	A	0	0	0
H5B-D-1-06#s100r025	64	0	0	0	0	ABSTAIN	A	0	0	0
H5B-D-1-07#s100r025	64	0	0	0	0	ABSTAIN	A	0	0	0
H5B-D-1-08#s100r025	64	0	0	0	0	ABSTAIN	A	0	0	0
H5B-D-1-09#s100r025	64	0	0	0	0	ABSTAIN	A	0	0	0
H5B-D-2-00#s100r025	64	0	0	0	0	ABSTAIN	A	0	0	0
H5B-D-2-01#s100r025	64	0	0	0	0	ABSTAIN	A	0	0	0
H5B-D-2-02#s100r025	64	0	0	0	0	ABSTAIN	A	0	0	0
H5B-D-2-03#s100r025	64	0	0	0	0	ABSTAIN	A	0	0	0
H5B-D-2-04#s100r025	64	0	0	0	0	ABSTAIN	A	0	0	0
H5B-D-2-05#s100r025	64	0	0	0	0	ABSTAIN	A	0	0	0
H5B-D-2-06#s100r025	64	0	0	0	0	ABSTAIN	A	0	0	0
H5B-D-2-07#s100r025	64	0	0	0	0	ABSTAIN	A	0	0	0
H5B-D-2-08#s100r025	64	0	0	0	0	ABSTAIN	A	0	0	0
H5B-D-2-09#s100r025	64	0	0	0	0	ABSTAIN	A	0	0	0
H5B-D-6-00#s100r025	64	0	0	0	0	ABSTAIN	A	0	0	0
H5B-D-6-01#s100r025	64	0	0	0	0	ABSTAIN	A	0	0	0
H5B-D-6-02#s100r025	64	0	0	0	0	ABSTAIN	A	0	0	0
H5B-D-6-03#s100r025	64	0	0	0	0	ABSTAIN	A	0	0	0
H5B-D-6-04#s100r025	64	0	0	0	0	ABSTAIN	A	0	0	0
H5B-D-6-05#s100r025	64	0	0	0	0	ABSTAIN	A	0	0	0
H5B-D-6-06#s100r025	64	0	0	0	0	ABSTAIN	A	0	0	0
H5B-D-6-07#s100r025	64	0	0	0	0	ABSTAIN	A	0	0	0
H5B-D-6-08#s100r025	64	0	0	0	0	ABSTAIN	A	0	0	0
H5B-D-6-09#s100r025	64	0	0	0	0	ABSTAIN	A	0	0	0
H5B-P-06-00#s100r026	64	0	0	0	0	ABSTAIN	A	0	0	0
H5B-P-06-01#s100r026	64	0	0	0	0	ABSTAIN	A	0	0	0
H5B-P-06-02#s100r026	64	0	0	0	0	ABSTAIN	A	0	0	0
H5B-P-06-03#s100r026	64	0	0	0	0	ABSTAIN	A	0	0	0
H5B-P-06-04#s100r026	64	0	0	0	0	ABSTAIN	A	0	0	0
H5B-P-06-05#s100r026	64	0	0	0	0	ABSTAIN	A	0	0	0
H5B-P-06-06#s100r026	64	0	0	0	0	ABSTAIN	A	0	0	0
H5B-P-06-07#s100r026	64	0	0	0	0	ABSTAIN	A	0	0	0
H5B-P-06-08#s100r026	64	0	0	0	0	ABSTAIN	A	0	0	0
H5B-P-06-09#s100r026	64	0	0	0	0	ABSTAIN	A	0	0	0
H5B-P-12-00#s100r026	64	0	0	0	0	ABSTAIN	A	0	0	0
H5B-P-12-01#s100r026	64	0	0	0	0	ABSTAIN	A	0	0	0
H5B-P-12-02#s100r026	64	0	0	0	0	ABSTAIN	A	0	0	0
H5B-P-12-03#s100r026	64	0	0	0	0	ABSTAIN	A	0	0	0
H5B-P-12-04#s100r026	64	0	0	0	0	ABSTAIN	A	0	0	0
H5B-P-12-05#s100r026	64	0	0	0	0	ABSTAIN	A	0	0	0
H5B-P-12-06#s100r026	64	0	0	0	0	ABSTAIN	A	0	0	0
H5B-P-12-07#s100r026	64	0	0	0	0	ABSTAIN	A	0	0	0
H5B-P-12-08#s100r026	64	0	0	0	0	ABSTAIN	A	0	0	0
H5B-P-12-09#s100r026	64	0	0	0	0	ABSTAIN	A	0	0	0
H5B-P-20-00#s100r026	64	0	0	0	0	ABSTAIN	A	0	0	0
H5B-P-20-01#s100r026	64	0	0	0	0	ABSTAIN	A	0	0	0
H5B-P-20-02#s100r026	64	0	0	0	0	ABSTAIN	A	0	0	0
H5B-P-20-03#s100r026	64	0	0	0	0	ABSTAIN	A	0	0	0
H5B-P-20-04#s100r026	64	0	0	0	0	ABSTAIN	A	0	0	0
H5B-P-20-05#s100r026	64	0	0	0	0	ABSTAIN	A	0	0	0
H5B-P-20-06#s100r026	64	0	0	0	0	ABSTAIN	A	0	0	0
H5B-P-20-07#s100r026	64	0	0	0	0	ABSTAIN	A	0	0	0
H5B-P-20-08#s100r026	64	0	0	0	0	ABSTAIN	A	0	0	0
H5B-P-20-09#s100r026	64	0	0	0	0	ABSTAIN	A	0	0	0
H5B-P-40-00#s100r026	64	0	0	0	0	ABSTAIN	A	0	0	0
H5B-P-40-01#s100r026	64	0	0	0	0	ABSTAIN	A	0	0	0
H5B-P-40-02#s100r026	64	0	0	0	0	ABSTAIN	A	0	0	0
H5B-P-40-03#s100r026	64	0	0	0	0	ABSTAIN	A	0	0	0
H5B-P-40-04#s100r026	64	0	0	0	0	ABSTAIN	A	0	0	0
H5B-P-40-05#s100r026	64	0	0	0	0	ABSTAIN	A	0	0	0
H5B-P-40-06#s100r026	64	0	0	0	0	ABSTAIN	A	0	0	0
H5B-P-40-07#s100r026	64	0	0	0	0	ABSTAIN	A	0	0	0
H5B-P-40-08#s100r026	64	0	0	0	0	ABSTAIN	A	0	0	0
H5B-P-40-09#s100r026	64	0	0	0	0	ABSTAIN	A	0	0	0
H5B-O-06-00#s100r026	64	0	0	0	0	ABSTAIN	A	0	0	0
H5B-O-06-01#s100r026	64	0	0	0	0	ABSTAIN	A	0	0	0
H5B-O-06-02#s100r026	64	0	0	0	0	ABSTAIN	A	0	0	0
H5B-O-06-03#s100r026	64	0	0	0	0	ABSTAIN	A	0	0	0
H5B-O-06-04#s100r026	64	0	0	0	0	ABSTAIN	A	0	0	0
H5B-O-06-05#s100r026	64	0	0	0	0	ABSTAIN	A	0	0	0
H5B-O-06-06#s100r026	64	0	0	0	0	ABSTAIN	A	0	0	0
H5B-O-06-07#s100r026	64	0	0	0	0	ABSTAIN	A	0	0	0
H5B-O-06-08#s100r026	64	0	0	0	0	ABSTAIN	A	0	0	0
H5B-O-06-09#s100r026	64	0	0	0	0	ABSTAIN	A	0	0	0
H5B-O-12-00#s100r026	64	0	0	0	0	ABSTAIN	A	0	0	0
H5B-O-12-01#s100r026	64	0	0	0	0	ABSTAIN	A	0	0	0
H5B-O-12-02#s100r026	64	0	0	0	0	ABSTAIN	A	0	0	0
H5B-O-12-03#s100r026	64	0	0	0	0	ABSTAIN	A	0	0	0
H5B-O-12-04#s100r026	64	0	0	0	0	ABSTAIN	A	0	0	0
H5B-O-12-05#s100r026	64	0	0	0	0	ABSTAIN	A	0	0	0
H5B-O-12-06#s100r026	64	0	0	0	0	ABSTAIN	A	0	0	0
H5B-O-12-07#s100r026	64	0	0	0	0	ABSTAIN	A	0	0	0
H5B-O-12-08#s100r026	64	0	0	0	0	ABSTAIN	A	0	0	0
H5B-O-12-09#s100r026	64	0	0	0	0	ABSTAIN	A	0	0	0
H5B-O-20-00#s100r026	64	0	0	0	0	ABSTAIN	A	0	0	0
H5B-O-20-01#s100r026	64	0	0	0	0	ABSTAIN	A	0	0	0
H5B-O-20-02#s100r026	64	0	0	0	0	ABSTAIN	A	0	0	0
H5B-O-20-03#s100r026	64	0	0	0	0	ABSTAIN	A	0	0	0
H5B-O-20-04#s100r026	64	0	0	0	0	ABSTAIN	A	0	0	0
H5B-O-20-05#s100r026	64	0	0	0	0	ABSTAIN	A	0	0	0
H5B-O-20-06#s100r026	64	0	0	0	0	ABSTAIN	A	0	0	0
H5B-O-20-07#s100r026	64	0	0	0	0	ABSTAIN	A	0	0	0
H5B-O-20-08#s100r026	64	0	0	0	0	ABSTAIN	A	0	0	0
H5B-O-20-09#s100r026	64	0	0	0	0	ABSTAIN	A	0	0	0
H5B-O-40-00#s100r026	64	0	0	0	0	ABSTAIN	A	0	0	0
H5B-O-40-01#s100r026	64	0	0	0	0	ABSTAIN	A	0	0	0
H5B-O-40-02#s100r026	64	0	0	0	0	ABSTAIN	A	0	0	0
H5B-O-40-03#s100r026	64	0	0	0	0	ABSTAIN	A	0	0	0
H5B-O-40-04#s100r026	64	0	0	0	0	ABSTAIN	A	0	0	0
H5B-O-40-05#s100r026	64	0	0	0	0	ABSTAIN	A	0	0	0
H5B-O-40-06#s100r026	64	0	0	0	0	ABSTAIN	A	0	0	0
H5B-O-40-07#s100r026	64	0	0	0	0	ABSTAIN	A	0	0	0
H5B-O-40-08#s100r026	64	0	0	0	0	ABSTAIN	A	0	0	0
H5B-O-40-09#s100r026	64	0	0	0	0	ABSTAIN	A	0	0	0
H5B-D-0-00#s100r026	64	0	0	0	0	RELEASE	1	663	0	0
H5B-D-0-01#s100r026	64	0	0	0	0	RELEASE	1	663	0	0
H5B-D-0-02#s100r026	64	0	0	0	0	RELEASE	1	663	0	0
H5B-D-0-03#s100r026	64	0	0	0	0	RELEASE	1	664	0	0
H5B-D-0-04#s100r026	64	0	0	0	0	RELEASE	1	664	0	0
H5B-D-0-05#s100r026	64	0	0	0	0	RELEASE	1	664	0	0
H5B-D-0-06#s100r026	64	0	0	0	0	RELEASE	1	664	0	0
H5B-D-0-07#s100r026	64	0	0	0	0	RELEASE	1	664	0	0
H5B-D-0-08#s100r026	64	0	0	0	0	RELEASE	1	664	0	0
H5B-D-0-09#s100r026	64	0	0	0	0	RELEASE	1	664	0	0
H5B-D-1-00#s100r026	64	0	0	0	0	ABSTAIN	A	0	0	0
H5B-D-1-01#s100r026	64	0	0	0	0	ABSTAIN	A	0	0	0
H5B-D-1-02#s100r026	64	0	0	0	0	ABSTAIN	A	0	0	0
H5B-D-1-03#s100r026	64	0	0	0	0	ABSTAIN	A	0	0	0
H5B-D-1-04#s100r026	64	0	0	0	0	ABSTAIN	A	0	0	0
H5B-D-1-05#s100r026	64	0	0	0	0	ABSTAIN	A	0	0	0
H5B-D-1-06#s100r026	64	0	0	0	0	ABSTAIN	A	0	0	0
H5B-D-1-07#s100r026	64	0	0	0	0	ABSTAIN	A	0	0	0
H5B-D-1-08#s100r026	64	0	0	0	0	ABSTAIN	A	0	0	0
H5B-D-1-09#s100r026	64	0	0	0	0	ABSTAIN	A	0	0	0
H5B-D-2-00#s100r026	64	0	0	0	0	ABSTAIN	A	0	0	0
H5B-D-2-01#s100r026	64	0	0	0	0	ABSTAIN	A	0	0	0
H5B-D-2-02#s100r026	64	0	0	0	0	ABSTAIN	A	0	0	0
H5B-D-2-03#s100r026	64	0	0	0	0	ABSTAIN	A	0	0	0
H5B-D-2-04#s100r026	64	0	0	0	0	ABSTAIN	A	0	0	0
H5B-D-2-05#s100r026	64	0	0	0	0	ABSTAIN	A	0	0	0
H5B-D-2-06#s100r026	64	0	0	0	0	ABSTAIN	A	0	0	0
H5B-D-2-07#s100r026	64	0	0	0	0	ABSTAIN	A	0	0	0
H5B-D-2-08#s100r026	64	0	0	0	0	ABSTAIN	A	0	0	0
H5B-D-2-09#s100r026	64	0	0	0	0	ABSTAIN	A	0	0	0
H5B-D-6-00#s100r026	64	0	0	0	0	ABSTAIN	A	0	0	0
H5B-D-6-01#s100r026	64	0	0	0	0	ABSTAIN	A	0	0	0
H5B-D-6-02#s100r026	64	0	0	0	0	ABSTAIN	A	0	0	0
H5B-D-6-03#s100r026	64	0	0	0	0	ABSTAIN	A	0	0	0
H5B-D-6-04#s100r026	64	0	0	0	0	ABSTAIN	A	0	0	0
H5B-D-6-05#s100r026	64	0	0	0	0	ABSTAIN	A	0	0	0
H5B-D-6-06#s100r026	64	0	0	0	0	ABSTAIN	A	0	0	0
H5B-D-6-07#s100r026	64	0	0	0	0	ABSTAIN	A	0	0	0
H5B-D-6-08#s100r026	64	0	0	0	0	ABSTAIN	A	0	0	0
H5B-D-6-09#s100r026	64	0	0	0	0	ABSTAIN	A	0	0	0
H5B-P-06-00#s100r027	64	0	0	0	0	ABSTAIN	A	0	0	0
H5B-P-06-01#s100r027	64	0	0	0	0	ABSTAIN	A	0	0	0
H5B-P-06-02#s100r027	64	0	0	0	0	ABSTAIN	A	0	0	0
H5B-P-06-03#s100r027	64	0	0	0	0	ABSTAIN	A	0	0	0
H5B-P-06-04#s100r027	64	0	0	0	0	ABSTAIN	A	0	0	0
H5B-P-06-05#s100r027	64	0	0	0	0	ABSTAIN	A	0	0	0
H5B-P-06-06#s100r027	64	0	0	0	0	ABSTAIN	A	0	0	0
H5B-P-06-07#s100r027	64	0	0	0	0	ABSTAIN	A	0	0	0
H5B-P-06-08#s100r027	64	0	0	0	0	ABSTAIN	A	0	0	0
H5B-P-06-09#s100r027	64	0	0	0	0	ABSTAIN	A	0	0	0
H5B-P-12-00#s100r027	64	0	0	0	0	ABSTAIN	A	0	0	0
H5B-P-12-01#s100r027	64	0	0	0	0	ABSTAIN	A	0	0	0
H5B-P-12-02#s100r027	64	0	0	0	0	ABSTAIN	A	0	0	0
H5B-P-12-03#s100r027	64	0	0	0	0	ABSTAIN	A	0	0	0
H5B-P-12-04#s100r027	64	0	0	0	0	ABSTAIN	A	0	0	0
H5B-P-12-05#s100r027	64	0	0	0	0	ABSTAIN	A	0	0	0
H5B-P-12-06#s100r027	64	0	0	0	0	ABSTAIN	A	0	0	0
H5B-P-12-07#s100r027	64	0	0	0	0	ABSTAIN	A	0	0	0
H5B-P-12-08#s100r027	64	0	0	0	0	ABSTAIN	A	0	0	0
H5B-P-12-09#s100r027	64	0	0	0	0	ABSTAIN	A	0	0	0
H5B-P-20-00#s100r027	64	0	0	0	0	ABSTAIN	A	0	0	0
H5B-P-20-01#s100r027	64	0	0	0	0	ABSTAIN	A	0	0	0
H5B-P-20-02#s100r027	64	0	0	0	0	ABSTAIN	A	0	0	0
H5B-P-20-03#s100r027	64	0	0	0	0	ABSTAIN	A	0	0	0
H5B-P-20-04#s100r027	64	0	0	0	0	ABSTAIN	A	0	0	0
H5B-P-20-05#s100r027	64	0	0	0	0	ABSTAIN	A	0	0	0
H5B-P-20-06#s100r027	64	0	0	0	0	ABSTAIN	A	0	0	0
H5B-P-20-07#s100r027	64	0	0	0	0	ABSTAIN	A	0	0	0
H5B-P-20-08#s100r027	64	0	0	0	0	ABSTAIN	A	0	0	0
H5B-P-20-09#s100r027	64	0	0	0	0	ABSTAIN	A	0	0	0
H5B-P-40-00#s100r027	64	0	0	0	0	ABSTAIN	A	0	0	0
H5B-P-40-01#s100r027	64	0	0	0	0	ABSTAIN	A	0	0	0
H5B-P-40-02#s100r027	64	0	0	0	0	ABSTAIN	A	0	0	0
H5B-P-40-03#s100r027	64	0	0	0	0	ABSTAIN	A	0	0	0
H5B-P-40-04#s100r027	64	0	0	0	0	ABSTAIN	A	0	0	0
H5B-P-40-05#s100r027	64	0	0	0	0	ABSTAIN	A	0	0	0
H5B-P-40-06#s100r027	64	0	0	0	0	ABSTAIN	A	0	0	0
H5B-P-40-07#s100r027	64	0	0	0	0	ABSTAIN	A	0	0	0
H5B-P-40-08#s100r027	64	0	0	0	0	ABSTAIN	A	0	0	0
H5B-P-40-09#s100r027	64	0	0	0	0	ABSTAIN	A	0	0	0
H5B-O-06-00#s100r027	64	0	0	0	0	ABSTAIN	A	0	0	0
H5B-O-06-01#s100r027	64	0	0	0	0	ABSTAIN	A	0	0	0
H5B-O-06-02#s100r027	64	0	0	0	0	ABSTAIN	A	0	0	0
H5B-O-06-03#s100r027	64	0	0	0	0	ABSTAIN	A	0	0	0
H5B-O-06-04#s100r027	64	0	0	0	0	ABSTAIN	A	0	0	0
H5B-O-06-05#s100r027	64	0	0	0	0	ABSTAIN	A	0	0	0
H5B-O-06-06#s100r027	64	0	0	0	0	ABSTAIN	A	0	0	0
H5B-O-06-07#s100r027	64	0	0	0	0	ABSTAIN	A	0	0	0
H5B-O-06-08#s100r027	64	0	0	0	0	ABSTAIN	A	0	0	0
H5B-O-06-09#s100r027	64	0	0	0	0	ABSTAIN	A	0	0	0
H5B-O-12-00#s100r027	64	0	0	0	0	ABSTAIN	A	0	0	0
H5B-O-12-01#s100r027	64	0	0	0	0	ABSTAIN	A	0	0	0
H5B-O-12-02#s100r027	64	0	0	0	0	ABSTAIN	A	0	0	0
H5B-O-12-03#s100r027	64	0	0	0	0	ABSTAIN	A	0	0	0
H5B-O-12-04#s100r027	64	0	0	0	0	ABSTAIN	A	0	0	0
H5B-O-12-05#s100r027	64	0	0	0	0	ABSTAIN	A	0	0	0
H5B-O-12-06#s100r027	64	0	0	0	0	ABSTAIN	A	0	0	0
H5B-O-12-07#s100r027	64	0	0	0	0	ABSTAIN	A	0	0	0
H5B-O-12-08#s100r027	64	0	0	0	0	ABSTAIN	A	0	0	0
H5B-O-12-09#s100r027	64	0	0	0	0	ABSTAIN	A	0	0	0
H5B-O-20-00#s100r027	64	0	0	0	0	ABSTAIN	A	0	0	0
H5B-O-20-01#s100r027	64	0	0	0	0	ABSTAIN	A	0	0	0
H5B-O-20-02#s100r027	64	0	0	0	0	ABSTAIN	A	0	0	0
H5B-O-20-03#s100r027	64	0	0	0	0	ABSTAIN	A	0	0	0
H5B-O-20-04#s100r027	64	0	0	0	0	ABSTAIN	A	0	0	0
H5B-O-20-05#s100r027	64	0	0	0	0	ABSTAIN	A	0	0	0
H5B-O-20-06#s100r027	64	0	0	0	0	ABSTAIN	A	0	0	0
H5B-O-20-07#s100r027	64	0	0	0	0	ABSTAIN	A	0	0	0
H5B-O-20-08#s100r027	64	0	0	0	0	ABSTAIN	A	0	0	0
H5B-O-20-09#s100r027	64	0	0	0	0	ABSTAIN	A	0	0	0
H5B-O-40-00#s100r027	64	0	0	0	0	ABSTAIN	A	0	0	0
H5B-O-40-01#s100r027	64	0	0	0	0	ABSTAIN	A	0	0	0
H5B-O-40-02#s100r027	64	0	0	0	0	ABSTAIN	A	0	0	0
H5B-O-40-03#s100r027	64	0	0	0	0	ABSTAIN	A	0	0	0
H5B-O-40-04#s100r027	64	0	0	0	0	ABSTAIN	A	0	0	0
H5B-O-40-05#s100r027	64	0	0	0	0	ABSTAIN	A	0	0	0
H5B-O-40-06#s100r027	64	0	0	0	0	ABSTAIN	A	0	0	0
H5B-O-40-07#s100r027	64	0	0	0	0	ABSTAIN	A	0	0	0
H5B-O-40-08#s100r027	64	0	0	0	0	ABSTAIN	A	0	0	0
H5B-O-40-09#s100r027	64	0	0	0	0	ABSTAIN	A	0	0	0
H5B-D-0-00#s100r027	64	0	0	0	0	RELEASE	1	663	0	0
H5B-D-0-01#s100r027	64	0	0	0	0	RELEASE	1	663	0	0
H5B-D-0-02#s100r027	64	0	0	0	0	RELEASE	1	663	0	0
H5B-D-0-03#s100r027	64	0	0	0	0	RELEASE	1	663	0	0
H5B-D-0-04#s100r027	64	0	0	0	0	RELEASE	1	664	0	0
H5B-D-0-05#s100r027	64	0	0	0	0	RELEASE	1	664	0	0
H5B-D-0-06#s100r027	64	0	0	0	0	RELEASE	1	664	0	0
H5B-D-0-07#s100r027	64	0	0	0	0	RELEASE	1	664	0	0
H5B-D-0-08#s100r027	64	0	0	0	0	RELEASE	1	664	0	0
H5B-D-0-09#s100r027	64	0	0	0	0	RELEASE	1	664	0	0
H5B-D-1-00#s100r027	64	0	0	0	0	ABSTAIN	A	0	0	0
H5B-D-1-01#s100r027	64	0	0	0	0	ABSTAIN	A	0	0	0
H5B-D-1-02#s100r027	64	0	0	0	0	ABSTAIN	A	0	0	0
H5B-D-1-03#s100r027	64	0	0	0	0	ABSTAIN	A	0	0	0
H5B-D-1-04#s100r027	64	0	0	0	0	ABSTAIN	A	0	0	0
H5B-D-1-05#s100r027	64	0	0	0	0	ABSTAIN	A	0	0	0
H5B-D-1-06#s100r027	64	0	0	0	0	ABSTAIN	A	0	0	0
H5B-D-1-07#s100r027	64	0	0	0	0	ABSTAIN	A	0	0	0
H5B-D-1-08#s100r027	64	0	0	0	0	ABSTAIN	A	0	0	0
H5B-D-1-09#s100r027	64	0	0	0	0	ABSTAIN	A	0	0	0
H5B-D-2-00#s100r027	64	0	0	0	0	ABSTAIN	A	0	0	0
H5B-D-2-01#s100r027	64	0	0	0	0	ABSTAIN	A	0	0	0
H5B-D-2-02#s100r027	64	0	0	0	0	ABSTAIN	A	0	0	0
H5B-D-2-03#s100r027	64	0	0	0	0	ABSTAIN	A	0	0	0
H5B-D-2-04#s100r027	64	0	0	0	0	ABSTAIN	A	0	0	0
H5B-D-2-05#s100r027	64	0	0	0	0	ABSTAIN	A	0	0	0
H5B-D-2-06#s100r027	64	0	0	0	0	ABSTAIN	A	0	0	0
H5B-D-2-07#s100r027	64	0	0	0	0	ABSTAIN	A	0	0	0
H5B-D-2-08#s100r027	64	0	0	0	0	ABSTAIN	A	0	0	0
H5B-D-2-09#s100r027	64	0	0	0	0	ABSTAIN	A	0	0	0
H5B-D-6-00#s100r027	64	0	0	0	0	ABSTAIN	A	0	0	0
H5B-D-6-01#s100r027	64	0	0	0	0	ABSTAIN	A	0	0	0
H5B-D-6-02#s100r027	64	0	0	0	0	ABSTAIN	A	0	0	0
H5B-D-6-03#s100r027	64	0	0	0	0	ABSTAIN	A	0	0	0
H5B-D-6-04#s100r027	64	0	0	0	0	ABSTAIN	A	0	0	0
H5B-D-6-05#s100r027	64	0	0	0	0	ABSTAIN	A	0	0	0
H5B-D-6-06#s100r027	64	0	0	0	0	ABSTAIN	A	0	0	0
H5B-D-6-07#s100r027	64	0	0	0	0	ABSTAIN	A	0	0	0
H5B-D-6-08#s100r027	64	0	0	0	0	ABSTAIN	A	0	0	0
H5B-D-6-09#s100r027	64	0	0	0	0	ABSTAIN	A	0	0	0
H5B-P-06-00#s100r028	64	0	0	0	0	ABSTAIN	A	0	0	0
H5B-P-06-01#s100r028	64	0	0	0	0	ABSTAIN	A	0	0	0
H5B-P-06-02#s100r028	64	0	0	0	0	ABSTAIN	A	0	0	0
H5B-P-06-03#s100r028	64	0	0	0	0	ABSTAIN	A	0	0	0
H5B-P-06-04#s100r028	64	0	0	0	0	ABSTAIN	A	0	0	0
H5B-P-06-05#s100r028	64	0	0	0	0	ABSTAIN	A	0	0	0
H5B-P-06-06#s100r028	64	0	0	0	0	ABSTAIN	A	0	0	0
H5B-P-06-07#s100r028	64	0	0	0	0	ABSTAIN	A	0	0	0
H5B-P-06-08#s100r028	64	0	0	0	0	ABSTAIN	A	0	0	0
H5B-P-06-09#s100r028	64	0	0	0	0	ABSTAIN	A	0	0	0
H5B-P-12-00#s100r028	64	0	0	0	0	ABSTAIN	A	0	0	0
H5B-P-12-01#s100r028	64	0	0	0	0	ABSTAIN	A	0	0	0
H5B-P-12-02#s100r028	64	0	0	0	0	ABSTAIN	A	0	0	0
H5B-P-12-03#s100r028	64	0	0	0	0	ABSTAIN	A	0	0	0
H5B-P-12-04#s100r028	64	0	0	0	0	ABSTAIN	A	0	0	0
H5B-P-12-05#s100r028	64	0	0	0	0	ABSTAIN	A	0	0	0
H5B-P-12-06#s100r028	64	0	0	0	0	ABSTAIN	A	0	0	0
H5B-P-12-07#s100r028	64	0	0	0	0	ABSTAIN	A	0	0	0
H5B-P-12-08#s100r028	64	0	0	0	0	ABSTAIN	A	0	0	0
H5B-P-12-09#s100r028	64	0	0	0	0	ABSTAIN	A	0	0	0
H5B-P-20-00#s100r028	64	0	0	0	0	ABSTAIN	A	0	0	0
H5B-P-20-01#s100r028	64	0	0	0	0	ABSTAIN	A	0	0	0
H5B-P-20-02#s100r028	64	0	0	0	0	ABSTAIN	A	0	0	0
H5B-P-20-03#s100r028	64	0	0	0	0	ABSTAIN	A	0	0	0
H5B-P-20-04#s100r028	64	0	0	0	0	ABSTAIN	A	0	0	0
H5B-P-20-05#s100r028	64	0	0	0	0	ABSTAIN	A	0	0	0
H5B-P-20-06#s100r028	64	0	0	0	0	ABSTAIN	A	0	0	0
H5B-P-20-07#s100r028	64	0	0	0	0	ABSTAIN	A	0	0	0
H5B-P-20-08#s100r028	64	0	0	0	0	ABSTAIN	A	0	0	0
H5B-P-20-09#s100r028	64	0	0	0	0	ABSTAIN	A	0	0	0
H5B-P-40-00#s100r028	64	0	0	0	0	ABSTAIN	A	0	0	0
H5B-P-40-01#s100r028	64	0	0	0	0	ABSTAIN	A	0	0	0
H5B-P-40-02#s100r028	64	0	0	0	0	ABSTAIN	A	0	0	0
H5B-P-40-03#s100r028	64	0	0	0	0	ABSTAIN	A	0	0	0
H5B-P-40-04#s100r028	64	0	0	0	0	ABSTAIN	A	0	0	0
H5B-P-40-05#s100r028	64	0	0	0	0	ABSTAIN	A	0	0	0
H5B-P-40-06#s100r028	64	0	0	0	0	ABSTAIN	A	0	0	0
H5B-P-40-07#s100r028	64	0	0	0	0	ABSTAIN	A	0	0	0
H5B-P-40-08#s100r028	64	0	0	0	0	ABSTAIN	A	0	0	0
H5B-P-40-09#s100r028	64	0	0	0	0	ABSTAIN	A	0	0	0
H5B-O-06-00#s100r028	64	0	0	0	0	ABSTAIN	A	0	0	0
H5B-O-06-01#s100r028	64	0	0	0	0	ABSTAIN	A	0	0	0
H5B-O-06-02#s100r028	64	0	0	0	0	ABSTAIN	A	0	0	0
H5B-O-06-03#s100r028	64	0	0	0	0	ABSTAIN	A	0	0	0
H5B-O-06-04#s100r028	64	0	0	0	0	ABSTAIN	A	0	0	0
H5B-O-06-05#s100r028	64	0	0	0	0	ABSTAIN	A	0	0	0
H5B-O-06-06#s100r028	64	0	0	0	0	ABSTAIN	A	0	0	0
H5B-O-06-07#s100r028	64	0	0	0	0	ABSTAIN	A	0	0	0
H5B-O-06-08#s100r028	64	0	0	0	0	ABSTAIN	A	0	0	0
H5B-O-06-09#s100r028	64	0	0	0	0	ABSTAIN	A	0	0	0
H5B-O-12-00#s100r028	64	0	0	0	0	ABSTAIN	A	0	0	0
H5B-O-12-01#s100r028	64	0	0	0	0	ABSTAIN	A	0	0	0
H5B-O-12-02#s100r028	64	0	0	0	0	ABSTAIN	A	0	0	0
H5B-O-12-03#s100r028	64	0	0	0	0	ABSTAIN	A	0	0	0
H5B-O-12-04#s100r028	64	0	0	0	0	ABSTAIN	A	0	0	0
H5B-O-12-05#s100r028	64	0	0	0	0	ABSTAIN	A	0	0	0
H5B-O-12-06#s100r028	64	0	0	0	0	ABSTAIN	A	0	0	0
H5B-O-12-07#s100r028	64	0	0	0	0	ABSTAIN	A	0	0	0
H5B-O-12-08#s100r028	64	0	0	0	0	ABSTAIN	A	0	0	0
H5B-O-12-09#s100r028	64	0	0	0	0	ABSTAIN	A	0	0	0
H5B-O-20-00#s100r028	64	0	0	0	0	ABSTAIN	A	0	0	0
H5B-O-20-01#s100r028	64	0	0	0	0	ABSTAIN	A	0	0	0
H5B-O-20-02#s100r028	64	0	0	0	0	ABSTAIN	A	0	0	0
H5B-O-20-03#s100r028	64	0	0	0	0	ABSTAIN	A	0	0	0
H5B-O-20-04#s100r028	64	0	0	0	0	ABSTAIN	A	0	0	0
H5B-O-20-05#s100r028	64	0	0	0	0	ABSTAIN	A	0	0	0
H5B-O-20-06#s100r028	64	0	0	0	0	ABSTAIN	A	0	0	0
H5B-O-20-07#s100r028	64	0	0	0	0	ABSTAIN	A	0	0	0
H5B-O-20-08#s100r028	64	0	0	0	0	ABSTAIN	A	0	0	0
H5B-O-20-09#s100r028	64	0	0	0	0	ABSTAIN	A	0	0	0
H5B-O-40-00#s100r028	64	0	0	0	0	ABSTAIN	A	0	0	0
H5B-O-40-01#s100r028	64	0	0	0	0	ABSTAIN	A	0	0	0
H5B-O-40-02#s100r028	64	0	0	0	0	ABSTAIN	A	0	0	0
H5B-O-40-03#s100r028	64	0	0	0	0	ABSTAIN	A	0	0	0
H5B-O-40-04#s100r028	64	0	0	0	0	ABSTAIN	A	0	0	0
H5B-O-40-05#s100r028	64	0	0	0	0	ABSTAIN	A	0	0	0
H5B-O-40-06#s100r028	64	0	0	0	0	ABSTAIN	A	0	0	0
H5B-O-40-07#s100r028	64	0	0	0	0	ABSTAIN	A	0	0	0
H5B-O-40-08#s100r028	64	0	0	0	0	ABSTAIN	A	0	0	0
H5B-O-40-09#s100r028	64	0	0	0	0	ABSTAIN	A	0	0	0
H5B-D-0-00#s100r028	64	0	0	0	0	RELEASE	1	663	0	0
H5B-D-0-01#s100r028	64	0	0	0	0	RELEASE	1	663	0	0
H5B-D-0-02#s100r028	64	0	0	0	0	RELEASE	1	663	0	0
H5B-D-0-03#s100r028	64	0	0	0	0	RELEASE	1	663	0	0
H5B-D-0-04#s100r028	64	0	0	0	0	RELEASE	1	663	0	0
H5B-D-0-05#s100r028	64	0	0	0	0	RELEASE	1	663	0	0
H5B-D-0-06#s100r028	64	0	0	0	0	RELEASE	1	664	0	0
H5B-D-0-07#s100r028	64	0	0	0	0	RELEASE	1	664	0	0
H5B-D-0-08#s100r028	64	0	0	0	0	RELEASE	1	664	0	0
H5B-D-0-09#s100r028	64	0	0	0	0	RELEASE	1	664	0	0
H5B-D-1-00#s100r028	64	0	0	0	0	ABSTAIN	A	0	0	0
H5B-D-1-01#s100r028	64	0	0	0	0	ABSTAIN	A	0	0	0
H5B-D-1-02#s100r028	64	0	0	0	0	ABSTAIN	A	0	0	0
H5B-D-1-03#s100r028	64	0	0	0	0	ABSTAIN	A	0	0	0
H5B-D-1-04#s100r028	64	0	0	0	0	ABSTAIN	A	0	0	0
H5B-D-1-05#s100r028	64	0	0	0	0	ABSTAIN	A	0	0	0
H5B-D-1-06#s100r028	64	0	0	0	0	ABSTAIN	A	0	0	0
H5B-D-1-07#s100r028	64	0	0	0	0	ABSTAIN	A	0	0	0
H5B-D-1-08#s100r028	64	0	0	0	0	ABSTAIN	A	0	0	0
H5B-D-1-09#s100r028	64	0	0	0	0	ABSTAIN	A	0	0	0
H5B-D-2-00#s100r028	64	0	0	0	0	ABSTAIN	A	0	0	0
H5B-D-2-01#s100r028	64	0	0	0	0	ABSTAIN	A	0	0	0
H5B-D-2-02#s100r028	64	0	0	0	0	ABSTAIN	A	0	0	0
H5B-D-2-03#s100r028	64	0	0	0	0	ABSTAIN	A	0	0	0
H5B-D-2-04#s100r028	64	0	0	0	0	ABSTAIN	A	0	0	0
H5B-D-2-05#s100r028	64	0	0	0	0	ABSTAIN	A	0	0	0
H5B-D-2-06#s100r028	64	0	0	0	0	ABSTAIN	A	0	0	0
H5B-D-2-07#s100r028	64	0	0	0	0	ABSTAIN	A	0	0	0
H5B-D-2-08#s100r028	64	0	0	0	0	ABSTAIN	A	0	0	0
H5B-D-2-09#s100r028	64	0	0	0	0	ABSTAIN	A	0	0	0
H5B-D-6-00#s100r028	64	0	0	0	0	ABSTAIN	A	0	0	0
H5B-D-6-01#s100r028	64	0	0	0	0	ABSTAIN	A	0	0	0
H5B-D-6-02#s100r028	64	0	0	0	0	ABSTAIN	A	0	0	0
H5B-D-6-03#s100r028	64	0	0	0	0	ABSTAIN	A	0	0	0
H5B-D-6-04#s100r028	64	0	0	0	0	ABSTAIN	A	0	0	0
H5B-D-6-05#s100r028	64	0	0	0	0	ABSTAIN	A	0	0	0
H5B-D-6-06#s100r028	64	0	0	0	0	ABSTAIN	A	0	0	0
H5B-D-6-07#s100r028	64	0	0	0	0	ABSTAIN	A	0	0	0
H5B-D-6-08#s100r028	64	0	0	0	0	ABSTAIN	A	0	0	0
H5B-D-6-09#s100r028	64	0	0	0	0	ABSTAIN	A	0	0	0
H5B-P-06-00#s100r029	64	0	0	0	0	ABSTAIN	A	0	0	0
H5B-P-06-01#s100r029	64	0	0	0	0	ABSTAIN	A	0	0	0
H5B-P-06-02#s100r029	64	0	0	0	0	ABSTAIN	A	0	0	0
H5B-P-06-03#s100r029	64	0	0	0	0	ABSTAIN	A	0	0	0
H5B-P-06-04#s100r029	64	0	0	0	0	ABSTAIN	A	0	0	0
H5B-P-06-05#s100r029	64	0	0	0	0	ABSTAIN	A	0	0	0
H5B-P-06-06#s100r029	64	0	0	0	0	ABSTAIN	A	0	0	0
H5B-P-06-07#s100r029	64	0	0	0	0	ABSTAIN	A	0	0	0
H5B-P-06-08#s100r029	64	0	0	0	0	ABSTAIN	A	0	0	0
H5B-P-06-09#s100r029	64	0	0	0	0	ABSTAIN	A	0	0	0
H5B-P-12-00#s100r029	64	0	0	0	0	ABSTAIN	A	0	0	0
H5B-P-12-01#s100r029	64	0	0	0	0	ABSTAIN	A	0	0	0
H5B-P-12-02#s100r029	64	0	0	0	0	ABSTAIN	A	0	0	0
H5B-P-12-03#s100r029	64	0	0	0	0	ABSTAIN	A	0	0	0
H5B-P-12-04#s100r029	64	0	0	0	0	ABSTAIN	A	0	0	0
H5B-P-12-05#s100r029	64	0	0	0	0	ABSTAIN	A	0	0	0
H5B-P-12-06#s100r029	64	0	0	0	0	ABSTAIN	A	0	0	0
H5B-P-12-07#s100r029	64	0	0	0	0	ABSTAIN	A	0	0	0
H5B-P-12-08#s100r029	64	0	0	0	0	ABSTAIN	A	0	0	0
H5B-P-12-09#s100r029	64	0	0	0	0	ABSTAIN	A	0	0	0
H5B-P-20-00#s100r029	64	0	0	0	0	ABSTAIN	A	0	0	0
H5B-P-20-01#s100r029	64	0	0	0	0	ABSTAIN	A	0	0	0
H5B-P-20-02#s100r029	64	0	0	0	0	ABSTAIN	A	0	0	0
H5B-P-20-03#s100r029	64	0	0	0	0	ABSTAIN	A	0	0	0
H5B-P-20-04#s100r029	64	0	0	0	0	ABSTAIN	A	0	0	0
H5B-P-20-05#s100r029	64	0	0	0	0	ABSTAIN	A	0	0	0
H5B-P-20-06#s100r029	64	0	0	0	0	ABSTAIN	A	0	0	0
H5B-P-20-07#s100r029	64	0	0	0	0	ABSTAIN	A	0	0	0
H5B-P-20-08#s100r029	64	0	0	0	0	ABSTAIN	A	0	0	0
H5B-P-20-09#s100r029	64	0	0	0	0	ABSTAIN	A	0	0	0
H5B-P-40-00#s100r029	64	0	0	0	0	ABSTAIN	A	0	0	0
H5B-P-40-01#s100r029	64	0	0	0	0	ABSTAIN	A	0	0	0
H5B-P-40-02#s100r029	64	0	0	0	0	ABSTAIN	A	0	0	0
H5B-P-40-03#s100r029	64	0	0	0	0	ABSTAIN	A	0	0	0
H5B-P-40-04#s100r029	64	0	0	0	0	ABSTAIN	A	0	0	0
H5B-P-40-05#s100r029	64	0	0	0	0	ABSTAIN	A	0	0	0
H5B-P-40-06#s100r029	64	0	0	0	0	ABSTAIN	A	0	0	0
H5B-P-40-07#s100r029	64	0	0	0	0	ABSTAIN	A	0	0	0
H5B-P-40-08#s100r029	64	0	0	0	0	ABSTAIN	A	0	0	0
H5B-P-40-09#s100r029	64	0	0	0	0	ABSTAIN	A	0	0	0
H5B-O-06-00#s100r029	64	0	0	0	0	ABSTAIN	A	0	0	0
H5B-O-06-01#s100r029	64	0	0	0	0	ABSTAIN	A	0	0	0
H5B-O-06-02#s100r029	64	0	0	0	0	ABSTAIN	A	0	0	0
H5B-O-06-03#s100r029	64	0	0	0	0	ABSTAIN	A	0	0	0
H5B-O-06-04#s100r029	64	0	0	0	0	ABSTAIN	A	0	0	0
H5B-O-06-05#s100r029	64	0	0	0	0	ABSTAIN	A	0	0	0
H5B-O-06-06#s100r029	64	0	0	0	0	ABSTAIN	A	0	0	0
H5B-O-06-07#s100r029	64	0	0	0	0	ABSTAIN	A	0	0	0
H5B-O-06-08#s100r029	64	0	0	0	0	ABSTAIN	A	0	0	0
H5B-O-06-09#s100r029	64	0	0	0	0	ABSTAIN	A	0	0	0
H5B-O-12-00#s100r029	64	0	0	0	0	ABSTAIN	A	0	0	0
H5B-O-12-01#s100r029	64	0	0	0	0	ABSTAIN	A	0	0	0
H5B-O-12-02#s100r029	64	0	0	0	0	ABSTAIN	A	0	0	0
H5B-O-12-03#s100r029	64	0	0	0	0	ABSTAIN	A	0	0	0
H5B-O-12-04#s100r029	64	0	0	0	0	ABSTAIN	A	0	0	0
H5B-O-12-05#s100r029	64	0	0	0	0	ABSTAIN	A	0	0	0
H5B-O-12-06#s100r029	64	0	0	0	0	ABSTAIN	A	0	0	0
H5B-O-12-07#s100r029	64	0	0	0	0	ABSTAIN	A	0	0	0
H5B-O-12-08#s100r029	64	0	0	0	0	ABSTAIN	A	0	0	0
H5B-O-12-09#s100r029	64	0	0	0	0	ABSTAIN	A	0	0	0
H5B-O-20-00#s100r029	64	0	0	0	0	ABSTAIN	A	0	0	0
H5B-O-20-01#s100r029	64	0	0	0	0	ABSTAIN	A	0	0	0
H5B-O-20-02#s100r029	64	0	0	0	0	ABSTAIN	A	0	0	0
H5B-O-20-03#s100r029	64	0	0	0	0	ABSTAIN	A	0	0	0
H5B-O-20-04#s100r029	64	0	0	0	0	ABSTAIN	A	0	0	0
H5B-O-20-05#s100r029	64	0	0	0	0	ABSTAIN	A	0	0	0
H5B-O-20-06#s100r029	64	0	0	0	0	ABSTAIN	A	0	0	0
H5B-O-20-07#s100r029	64	0	0	0	0	ABSTAIN	A	0	0	0
H5B-O-20-08#s100r029	64	0	0	0	0	ABSTAIN	A	0	0	0
H5B-O-20-09#s100r029	64	0	0	0	0	ABSTAIN	A	0	0	0
H5B-O-40-00#s100r029	64	0	0	0	0	ABSTAIN	A	0	0	0
H5B-O-40-01#s100r029	64	0	0	0	0	ABSTAIN	A	0	0	0
H5B-O-40-02#s100r029	64	0	0	0	0	ABSTAIN	A	0	0	0
H5B-O-40-03#s100r029	64	0	0	0	0	ABSTAIN	A	0	0	0
H5B-O-40-04#s100r029	64	0	0	0	0	ABSTAIN	A	0	0	0
H5B-O-40-05#s100r029	64	0	0	0	0	ABSTAIN	A	0	0	0
H5B-O-40-06#s100r029	64	0	0	0	0	ABSTAIN	A	0	0	0
H5B-O-40-07#s100r029	64	0	0	0	0	ABSTAIN	A	0	0	0
H5B-O-40-08#s100r029	64	0	0	0	0	ABSTAIN	A	0	0	0
H5B-O-40-09#s100r029	64	0	0	0	0	ABSTAIN	A	0	0	0
H5B-D-0-00#s100r029	64	0	0	0	0	RELEASE	1	663	0	0
H5B-D-0-01#s100r029	64	0	0	0	0	RELEASE	1	663	0	0
H5B-D-0-02#s100r029	64	0	0	0	0	RELEASE	1	663	0	0
H5B-D-0-03#s100r029	64	0	0	0	0	RELEASE	1	663	0	0
H5B-D-0-04#s100r029	64	0	0	0	0	RELEASE	1	663	0	0
H5B-D-0-05#s100r029	64	0	0	0	0	RELEASE	1	663	0	0
H5B-D-0-06#s100r029	64	0	0	0	0	RELEASE	1	663	0	0
H5B-D-0-07#s100r029	64	0	0	0	0	RELEASE	1	664	0	0
H5B-D-0-08#s100r029	64	0	0	0	0	RELEASE	1	664	0	0
H5B-D-0-09#s100r029	64	0	0	0	0	RELEASE	1	664	0	0
H5B-D-1-00#s100r029	64	0	0	0	0	ABSTAIN	A	0	0	0
H5B-D-1-01#s100r029	64	0	0	0	0	ABSTAIN	A	0	0	0
H5B-D-1-02#s100r029	64	0	0	0	0	ABSTAIN	A	0	0	0
H5B-D-1-03#s100r029	64	0	0	0	0	ABSTAIN	A	0	0	0
H5B-D-1-04#s100r029	64	0	0	0	0	ABSTAIN	A	0	0	0
H5B-D-1-05#s100r029	64	0	0	0	0	ABSTAIN	A	0	0	0
H5B-D-1-06#s100r029	64	0	0	0	0	ABSTAIN	A	0	0	0
H5B-D-1-07#s100r029	64	0	0	0	0	ABSTAIN	A	0	0	0
H5B-D-1-08#s100r029	64	0	0	0	0	ABSTAIN	A	0	0	0
H5B-D-1-09#s100r029	64	0	0	0	0	ABSTAIN	A	0	0	0
H5B-D-2-00#s100r029	64	0	0	0	0	ABSTAIN	A	0	0	0
H5B-D-2-01#s100r029	64	0	0	0	0	ABSTAIN	A	0	0	0
H5B-D-2-02#s100r029	64	0	0	0	0	ABSTAIN	A	0	0	0
H5B-D-2-03#s100r029	64	0	0	0	0	ABSTAIN	A	0	0	0
H5B-D-2-04#s100r029	64	0	0	0	0	ABSTAIN	A	0	0	0
H5B-D-2-05#s100r029	64	0	0	0	0	ABSTAIN	A	0	0	0
H5B-D-2-06#s100r029	64	0	0	0	0	ABSTAIN	A	0	0	0
H5B-D-2-07#s100r029	64	0	0	0	0	ABSTAIN	A	0	0	0
H5B-D-2-08#s100r029	64	0	0	0	0	ABSTAIN	A	0	0	0
H5B-D-2-09#s100r029	64	0	0	0	0	ABSTAIN	A	0	0	0
H5B-D-6-00#s100r029	64	0	0	0	0	ABSTAIN	A	0	0	0
H5B-D-6-01#s100r029	64	0	0	0	0	ABSTAIN	A	0	0	0
H5B-D-6-02#s100r029	64	0	0	0	0	ABSTAIN	A	0	0	0
H5B-D-6-03#s100r029	64	0	0	0	0	ABSTAIN	A	0	0	0
H5B-D-6-04#s100r029	64	0	0	0	0	ABSTAIN	A	0	0	0
H5B-D-6-05#s100r029	64	0	0	0	0	ABSTAIN	A	0	0	0
H5B-D-6-06#s100r029	64	0	0	0	0	ABSTAIN	A	0	0	0
H5B-D-6-07#s100r029	64	0	0	0	0	ABSTAIN	A	0	0	0
H5B-D-6-08#s100r029	64	0	0	0	0	ABSTAIN	A	0	0	0
H5B-D-6-09#s100r029	64	0	0	0	0	ABSTAIN	A	0	0	0
H5B-P-06-00#s100r030	64	0	0	0	0	ABSTAIN	A	0	0	0
H5B-P-06-01#s100r030	64	0	0	0	0	ABSTAIN	A	0	0	0
H5B-P-06-02#s100r030	64	0	0	0	0	ABSTAIN	A	0	0	0
H5B-P-06-03#s100r030	64	0	0	0	0	ABSTAIN	A	0	0	0
H5B-P-06-04#s100r030	64	0	0	0	0	ABSTAIN	A	0	0	0
H5B-P-06-05#s100r030	64	0	0	0	0	ABSTAIN	A	0	0	0
H5B-P-06-06#s100r030	64	0	0	0	0	ABSTAIN	A	0	0	0
H5B-P-06-07#s100r030	64	0	0	0	0	ABSTAIN	A	0	0	0
H5B-P-06-08#s100r030	64	0	0	0	0	ABSTAIN	A	0	0	0
H5B-P-06-09#s100r030	64	0	0	0	0	ABSTAIN	A	0	0	0
H5B-P-12-00#s100r030	64	0	0	0	0	ABSTAIN	A	0	0	0
H5B-P-12-01#s100r030	64	0	0	0	0	ABSTAIN	A	0	0	0
H5B-P-12-02#s100r030	64	0	0	0	0	ABSTAIN	A	0	0	0
H5B-P-12-03#s100r030	64	0	0	0	0	ABSTAIN	A	0	0	0
H5B-P-12-04#s100r030	64	0	0	0	0	ABSTAIN	A	0	0	0
H5B-P-12-05#s100r030	64	0	0	0	0	ABSTAIN	A	0	0	0
H5B-P-12-06#s100r030	64	0	0	0	0	ABSTAIN	A	0	0	0
H5B-P-12-07#s100r030	64	0	0	0	0	ABSTAIN	A	0	0	0
H5B-P-12-08#s100r030	64	0	0	0	0	ABSTAIN	A	0	0	0
H5B-P-12-09#s100r030	64	0	0	0	0	ABSTAIN	A	0	0	0
H5B-P-20-00#s100r030	64	0	0	0	0	ABSTAIN	A	0	0	0
H5B-P-20-01#s100r030	64	0	0	0	0	ABSTAIN	A	0	0	0
H5B-P-20-02#s100r030	64	0	0	0	0	ABSTAIN	A	0	0	0
H5B-P-20-03#s100r030	64	0	0	0	0	ABSTAIN	A	0	0	0
H5B-P-20-04#s100r030	64	0	0	0	0	ABSTAIN	A	0	0	0
H5B-P-20-05#s100r030	64	0	0	0	0	ABSTAIN	A	0	0	0
H5B-P-20-06#s100r030	64	0	0	0	0	ABSTAIN	A	0	0	0
H5B-P-20-07#s100r030	64	0	0	0	0	ABSTAIN	A	0	0	0
H5B-P-20-08#s100r030	64	0	0	0	0	ABSTAIN	A	0	0	0
H5B-P-20-09#s100r030	64	0	0	0	0	ABSTAIN	A	0	0	0
H5B-P-40-00#s100r030	64	0	0	0	0	ABSTAIN	A	0	0	0
H5B-P-40-01#s100r030	64	0	0	0	0	ABSTAIN	A	0	0	0
H5B-P-40-02#s100r030	64	0	0	0	0	ABSTAIN	A	0	0	0
H5B-P-40-03#s100r030	64	0	0	0	0	ABSTAIN	A	0	0	0
H5B-P-40-04#s100r030	64	0	0	0	0	ABSTAIN	A	0	0	0
H5B-P-40-05#s100r030	64	0	0	0	0	ABSTAIN	A	0	0	0
H5B-P-40-06#s100r030	64	0	0	0	0	ABSTAIN	A	0	0	0
H5B-P-40-07#s100r030	64	0	0	0	0	ABSTAIN	A	0	0	0
H5B-P-40-08#s100r030	64	0	0	0	0	ABSTAIN	A	0	0	0
H5B-P-40-09#s100r030	64	0	0	0	0	ABSTAIN	A	0	0	0
H5B-O-06-00#s100r030	64	0	0	0	0	ABSTAIN	A	0	0	0
H5B-O-06-01#s100r030	64	0	0	0	0	ABSTAIN	A	0	0	0
H5B-O-06-02#s100r030	64	0	0	0	0	ABSTAIN	A	0	0	0
H5B-O-06-03#s100r030	64	0	0	0	0	ABSTAIN	A	0	0	0
H5B-O-06-04#s100r030	64	0	0	0	0	ABSTAIN	A	0	0	0
H5B-O-06-05#s100r030	64	0	0	0	0	ABSTAIN	A	0	0	0
H5B-O-06-06#s100r030	64	0	0	0	0	ABSTAIN	A	0	0	0
H5B-O-06-07#s100r030	64	0	0	0	0	ABSTAIN	A	0	0	0
H5B-O-06-08#s100r030	64	0	0	0	0	ABSTAIN	A	0	0	0
H5B-O-06-09#s100r030	64	0	0	0	0	ABSTAIN	A	0	0	0
H5B-O-12-00#s100r030	64	0	0	0	0	ABSTAIN	A	0	0	0
H5B-O-12-01#s100r030	64	0	0	0	0	ABSTAIN	A	0	0	0
H5B-O-12-02#s100r030	64	0	0	0	0	ABSTAIN	A	0	0	0
H5B-O-12-03#s100r030	64	0	0	0	0	ABSTAIN	A	0	0	0
H5B-O-12-04#s100r030	64	0	0	0	0	ABSTAIN	A	0	0	0
H5B-O-12-05#s100r030	64	0	0	0	0	ABSTAIN	A	0	0	0
H5B-O-12-06#s100r030	64	0	0	0	0	ABSTAIN	A	0	0	0
H5B-O-12-07#s100r030	64	0	0	0	0	ABSTAIN	A	0	0	0
H5B-O-12-08#s100r030	64	0	0	0	0	ABSTAIN	A	0	0	0
H5B-O-12-09#s100r030	64	0	0	0	0	ABSTAIN	A	0	0	0
H5B-O-20-00#s100r030	64	0	0	0	0	ABSTAIN	A	0	0	0
H5B-O-20-01#s100r030	64	0	0	0	0	ABSTAIN	A	0	0	0
H5B-O-20-02#s100r030	64	0	0	0	0	ABSTAIN	A	0	0	0
H5B-O-20-03#s100r030	64	0	0	0	0	ABSTAIN	A	0	0	0
H5B-O-20-04#s100r030	64	0	0	0	0	ABSTAIN	A	0	0	0
H5B-O-20-05#s100r030	64	0	0	0	0	ABSTAIN	A	0	0	0
H5B-O-20-06#s100r030	64	0	0	0	0	ABSTAIN	A	0	0	0
H5B-O-20-07#s100r030	64	0	0	0	0	ABSTAIN	A	0	0	0
H5B-O-20-08#s100r030	64	0	0	0	0	ABSTAIN	A	0	0	0
H5B-O-20-09#s100r030	64	0	0	0	0	ABSTAIN	A	0	0	0
H5B-O-40-00#s100r030	64	0	0	0	0	ABSTAIN	A	0	0	0
H5B-O-40-01#s100r030	64	0	0	0	0	ABSTAIN	A	0	0	0
H5B-O-40-02#s100r030	64	0	0	0	0	ABSTAIN	A	0	0	0
H5B-O-40-03#s100r030	64	0	0	0	0	ABSTAIN	A	0	0	0
H5B-O-40-04#s100r030	64	0	0	0	0	ABSTAIN	A	0	0	0
H5B-O-40-05#s100r030	64	0	0	0	0	ABSTAIN	A	0	0	0
H5B-O-40-06#s100r030	64	0	0	0	0	ABSTAIN	A	0	0	0
H5B-O-40-07#s100r030	64	0	0	0	0	ABSTAIN	A	0	0	0
H5B-O-40-08#s100r030	64	0	0	0	0	ABSTAIN	A	0	0	0
H5B-O-40-09#s100r030	64	0	0	0	0	ABSTAIN	A	0	0	0
H5B-D-0-00#s100r030	64	0	0	0	0	RELEASE	1	663	0	0
H5B-D-0-01#s100r030	64	0	0	0	0	RELEASE	1	663	0	0
H5B-D-0-02#s100r030	64	0	0	0	0	RELEASE	1	663	0	0
H5B-D-0-03#s100r030	64	0	0	0	0	RELEASE	1	663	0	0
H5B-D-0-04#s100r030	64	0	0	0	0	RELEASE	1	663	0	0
H5B-D-0-05#s100r030	64	0	0	0	0	RELEASE	1	663	0	0
H5B-D-0-06#s100r030	64	0	0	0	0	RELEASE	1	663	0	0
H5B-D-0-07#s100r030	64	0	0	0	0	RELEASE	1	663	0	0
H5B-D-0-08#s100r030	64	0	0	0	0	RELEASE	1	664	0	0
H5B-D-0-09#s100r030	64	0	0	0	0	RELEASE	1	664	0	0
H5B-D-1-00#s100r030	64	0	0	0	0	ABSTAIN	A	0	0	0
H5B-D-1-01#s100r030	64	0	0	0	0	ABSTAIN	A	0	0	0
H5B-D-1-02#s100r030	64	0	0	0	0	ABSTAIN	A	0	0	0
H5B-D-1-03#s100r030	64	0	0	0	0	ABSTAIN	A	0	0	0
H5B-D-1-04#s100r030	64	0	0	0	0	ABSTAIN	A	0	0	0
H5B-D-1-05#s100r030	64	0	0	0	0	ABSTAIN	A	0	0	0
H5B-D-1-06#s100r030	64	0	0	0	0	ABSTAIN	A	0	0	0
H5B-D-1-07#s100r030	64	0	0	0	0	ABSTAIN	A	0	0	0
H5B-D-1-08#s100r030	64	0	0	0	0	ABSTAIN	A	0	0	0
H5B-D-1-09#s100r030	64	0	0	0	0	ABSTAIN	A	0	0	0
H5B-D-2-00#s100r030	64	0	0	0	0	ABSTAIN	A	0	0	0
H5B-D-2-01#s100r030	64	0	0	0	0	ABSTAIN	A	0	0	0
H5B-D-2-02#s100r030	64	0	0	0	0	ABSTAIN	A	0	0	0
H5B-D-2-03#s100r030	64	0	0	0	0	ABSTAIN	A	0	0	0
H5B-D-2-04#s100r030	64	0	0	0	0	ABSTAIN	A	0	0	0
H5B-D-2-05#s100r030	64	0	0	0	0	ABSTAIN	A	0	0	0
H5B-D-2-06#s100r030	64	0	0	0	0	ABSTAIN	A	0	0	0
H5B-D-2-07#s100r030	64	0	0	0	0	ABSTAIN	A	0	0	0
H5B-D-2-08#s100r030	64	0	0	0	0	ABSTAIN	A	0	0	0
H5B-D-2-09#s100r030	64	0	0	0	0	ABSTAIN	A	0	0	0
H5B-D-6-00#s100r030	64	0	0	0	0	ABSTAIN	A	0	0	0
H5B-D-6-01#s100r030	64	0	0	0	0	ABSTAIN	A	0	0	0
H5B-D-6-02#s100r030	64	0	0	0	0	ABSTAIN	A	0	0	0
H5B-D-6-03#s100r030	64	0	0	0	0	ABSTAIN	A	0	0	0
H5B-D-6-04#s100r030	64	0	0	0	0	ABSTAIN	A	0	0	0
H5B-D-6-05#s100r030	64	0	0	0	0	ABSTAIN	A	0	0	0
H5B-D-6-06#s100r030	64	0	0	0	0	ABSTAIN	A	0	0	0
H5B-D-6-07#s100r030	64	0	0	0	0	ABSTAIN	A	0	0	0
H5B-D-6-08#s100r030	64	0	0	0	0	ABSTAIN	A	0	0	0
H5B-D-6-09#s100r030	64	0	0	0	0	ABSTAIN	A	0	0	0
H5B-P-06-00#s100r031	64	0	0	0	0	ABSTAIN	A	0	0	0
H5B-P-06-01#s100r031	64	0	0	0	0	ABSTAIN	A	0	0	0
H5B-P-06-02#s100r031	64	0	0	0	0	ABSTAIN	A	0	0	0
H5B-P-06-03#s100r031	64	0	0	0	0	ABSTAIN	A	0	0	0
H5B-P-06-04#s100r031	64	0	0	0	0	ABSTAIN	A	0	0	0
H5B-P-06-05#s100r031	64	0	0	0	0	ABSTAIN	A	0	0	0
H5B-P-06-06#s100r031	64	0	0	0	0	ABSTAIN	A	0	0	0
H5B-P-06-07#s100r031	64	0	0	0	0	ABSTAIN	A	0	0	0
H5B-P-06-08#s100r031	64	0	0	0	0	ABSTAIN	A	0	0	0
H5B-P-06-09#s100r031	64	0	0	0	0	ABSTAIN	A	0	0	0
H5B-P-12-00#s100r031	64	0	0	0	0	ABSTAIN	A	0	0	0
H5B-P-12-01#s100r031	64	0	0	0	0	ABSTAIN	A	0	0	0
H5B-P-12-02#s100r031	64	0	0	0	0	ABSTAIN	A	0	0	0
H5B-P-12-03#s100r031	64	0	0	0	0	ABSTAIN	A	0	0	0
H5B-P-12-04#s100r031	64	0	0	0	0	ABSTAIN	A	0	0	0
H5B-P-12-05#s100r031	64	0	0	0	0	ABSTAIN	A	0	0	0
H5B-P-12-06#s100r031	64	0	0	0	0	ABSTAIN	A	0	0	0
H5B-P-12-07#s100r031	64	0	0	0	0	ABSTAIN	A	0	0	0
H5B-P-12-08#s100r031	64	0	0	0	0	ABSTAIN	A	0	0	0
H5B-P-12-09#s100r031	64	0	0	0	0	ABSTAIN	A	0	0	0
H5B-P-20-00#s100r031	64	0	0	0	0	ABSTAIN	A	0	0	0
H5B-P-20-01#s100r031	64	0	0	0	0	ABSTAIN	A	0	0	0
H5B-P-20-02#s100r031	64	0	0	0	0	ABSTAIN	A	0	0	0
H5B-P-20-03#s100r031	64	0	0	0	0	ABSTAIN	A	0	0	0
H5B-P-20-04#s100r031	64	0	0	0	0	ABSTAIN	A	0	0	0
H5B-P-20-05#s100r031	64	0	0	0	0	ABSTAIN	A	0	0	0
H5B-P-20-06#s100r031	64	0	0	0	0	ABSTAIN	A	0	0	0
H5B-P-20-07#s100r031	64	0	0	0	0	ABSTAIN	A	0	0	0
H5B-P-20-08#s100r031	64	0	0	0	0	ABSTAIN	A	0	0	0
H5B-P-20-09#s100r031	64	0	0	0	0	ABSTAIN	A	0	0	0
H5B-P-40-00#s100r031	64	0	0	0	0	ABSTAIN	A	0	0	0
H5B-P-40-01#s100r031	64	0	0	0	0	ABSTAIN	A	0	0	0
H5B-P-40-02#s100r031	64	0	0	0	0	ABSTAIN	A	0	0	0
H5B-P-40-03#s100r031	64	0	0	0	0	ABSTAIN	A	0	0	0
H5B-P-40-04#s100r031	64	0	0	0	0	ABSTAIN	A	0	0	0
H5B-P-40-05#s100r031	64	0	0	0	0	ABSTAIN	A	0	0	0
H5B-P-40-06#s100r031	64	0	0	0	0	ABSTAIN	A	0	0	0
H5B-P-40-07#s100r031	64	0	0	0	0	ABSTAIN	A	0	0	0
H5B-P-40-08#s100r031	64	0	0	0	0	ABSTAIN	A	0	0	0
H5B-P-40-09#s100r031	64	0	0	0	0	ABSTAIN	A	0	0	0
H5B-O-06-00#s100r031	64	0	0	0	0	ABSTAIN	A	0	0	0
H5B-O-06-01#s100r031	64	0	0	0	0	ABSTAIN	A	0	0	0
H5B-O-06-02#s100r031	64	0	0	0	0	ABSTAIN	A	0	0	0
H5B-O-06-03#s100r031	64	0	0	0	0	ABSTAIN	A	0	0	0
H5B-O-06-04#s100r031	64	0	0	0	0	ABSTAIN	A	0	0	0
H5B-O-06-05#s100r031	64	0	0	0	0	ABSTAIN	A	0	0	0
H5B-O-06-06#s100r031	64	0	0	0	0	ABSTAIN	A	0	0	0
H5B-O-06-07#s100r031	64	0	0	0	0	ABSTAIN	A	0	0	0
H5B-O-06-08#s100r031	64	0	0	0	0	ABSTAIN	A	0	0	0
H5B-O-06-09#s100r031	64	0	0	0	0	ABSTAIN	A	0	0	0
H5B-O-12-00#s100r031	64	0	0	0	0	ABSTAIN	A	0	0	0
H5B-O-12-01#s100r031	64	0	0	0	0	ABSTAIN	A	0	0	0
H5B-O-12-02#s100r031	64	0	0	0	0	ABSTAIN	A	0	0	0
H5B-O-12-03#s100r031	64	0	0	0	0	ABSTAIN	A	0	0	0
H5B-O-12-04#s100r031	64	0	0	0	0	ABSTAIN	A	0	0	0
H5B-O-12-05#s100r031	64	0	0	0	0	ABSTAIN	A	0	0	0
H5B-O-12-06#s100r031	64	0	0	0	0	ABSTAIN	A	0	0	0
H5B-O-12-07#s100r031	64	0	0	0	0	ABSTAIN	A	0	0	0
H5B-O-12-08#s100r031	64	0	0	0	0	ABSTAIN	A	0	0	0
H5B-O-12-09#s100r031	64	0	0	0	0	ABSTAIN	A	0	0	0
H5B-O-20-00#s100r031	64	0	0	0	0	ABSTAIN	A	0	0	0
H5B-O-20-01#s100r031	64	0	0	0	0	ABSTAIN	A	0	0	0
H5B-O-20-02#s100r031	64	0	0	0	0	ABSTAIN	A	0	0	0
H5B-O-20-03#s100r031	64	0	0	0	0	ABSTAIN	A	0	0	0
H5B-O-20-04#s100r031	64	0	0	0	0	ABSTAIN	A	0	0	0
H5B-O-20-05#s100r031	64	0	0	0	0	ABSTAIN	A	0	0	0
H5B-O-20-06#s100r031	64	0	0	0	0	ABSTAIN	A	0	0	0
H5B-O-20-07#s100r031	64	0	0	0	0	ABSTAIN	A	0	0	0
H5B-O-20-08#s100r031	64	0	0	0	0	ABSTAIN	A	0	0	0
H5B-O-20-09#s100r031	64	0	0	0	0	ABSTAIN	A	0	0	0
H5B-O-40-00#s100r031	64	0	0	0	0	ABSTAIN	A	0	0	0
H5B-O-40-01#s100r031	64	0	0	0	0	ABSTAIN	A	0	0	0
H5B-O-40-02#s100r031	64	0	0	0	0	ABSTAIN	A	0	0	0
H5B-O-40-03#s100r031	64	0	0	0	0	ABSTAIN	A	0	0	0
H5B-O-40-04#s100r031	64	0	0	0	0	ABSTAIN	A	0	0	0
H5B-O-40-05#s100r031	64	0	0	0	0	ABSTAIN	A	0	0	0
H5B-O-40-06#s100r031	64	0	0	0	0	ABSTAIN	A	0	0	0
H5B-O-40-07#s100r031	64	0	0	0	0	ABSTAIN	A	0	0	0
H5B-O-40-08#s100r031	64	0	0	0	0	ABSTAIN	A	0	0	0
H5B-O-40-09#s100r031	64	0	0	0	0	ABSTAIN	A	0	0	0
H5B-D-0-00#s100r031	64	0	0	0	0	RELEASE	1	662	0	0
H5B-D-0-01#s100r031	64	0	0	0	0	RELEASE	1	663	0	0
H5B-D-0-02#s100r031	64	0	0	0	0	RELEASE	1	663	0	0
H5B-D-0-03#s100r031	64	0	0	0	0	RELEASE	1	663	0	0
H5B-D-0-04#s100r031	64	0	0	0	0	RELEASE	1	663	0	0
H5B-D-0-05#s100r031	64	0	0	0	0	RELEASE	1	663	0	0
H5B-D-0-06#s100r031	64	0	0	0	0	RELEASE	1	663	0	0
H5B-D-0-07#s100r031	64	0	0	0	0	RELEASE	1	663	0	0
H5B-D-0-08#s100r031	64	0	0	0	0	RELEASE	1	663	0	0
H5B-D-0-09#s100r031	64	0	0	0	0	RELEASE	1	664	0	0
H5B-D-1-00#s100r031	64	0	0	0	0	ABSTAIN	A	0	0	0
H5B-D-1-01#s100r031	64	0	0	0	0	ABSTAIN	A	0	0	0
H5B-D-1-02#s100r031	64	0	0	0	0	ABSTAIN	A	0	0	0
H5B-D-1-03#s100r031	64	0	0	0	0	ABSTAIN	A	0	0	0
H5B-D-1-04#s100r031	64	0	0	0	0	ABSTAIN	A	0	0	0
H5B-D-1-05#s100r031	64	0	0	0	0	ABSTAIN	A	0	0	0
H5B-D-1-06#s100r031	64	0	0	0	0	ABSTAIN	A	0	0	0
H5B-D-1-07#s100r031	64	0	0	0	0	ABSTAIN	A	0	0	0
H5B-D-1-08#s100r031	64	0	0	0	0	ABSTAIN	A	0	0	0
H5B-D-1-09#s100r031	64	0	0	0	0	ABSTAIN	A	0	0	0
H5B-D-2-00#s100r031	64	0	0	0	0	ABSTAIN	A	0	0	0
H5B-D-2-01#s100r031	64	0	0	0	0	ABSTAIN	A	0	0	0
H5B-D-2-02#s100r031	64	0	0	0	0	ABSTAIN	A	0	0	0
H5B-D-2-03#s100r031	64	0	0	0	0	ABSTAIN	A	0	0	0
H5B-D-2-04#s100r031	64	0	0	0	0	ABSTAIN	A	0	0	0
H5B-D-2-05#s100r031	64	0	0	0	0	ABSTAIN	A	0	0	0
H5B-D-2-06#s100r031	64	0	0	0	0	ABSTAIN	A	0	0	0
H5B-D-2-07#s100r031	64	0	0	0	0	ABSTAIN	A	0	0	0
H5B-D-2-08#s100r031	64	0	0	0	0	ABSTAIN	A	0	0	0
H5B-D-2-09#s100r031	64	0	0	0	0	ABSTAIN	A	0	0	0
H5B-D-6-00#s100r031	64	0	0	0	0	ABSTAIN	A	0	0	0
H5B-D-6-01#s100r031	64	0	0	0	0	ABSTAIN	A	0	0	0
H5B-D-6-02#s100r031	64	0	0	0	0	ABSTAIN	A	0	0	0
H5B-D-6-03#s100r031	64	0	0	0	0	ABSTAIN	A	0	0	0
H5B-D-6-04#s100r031	64	0	0	0	0	ABSTAIN	A	0	0	0
H5B-D-6-05#s100r031	64	0	0	0	0	ABSTAIN	A	0	0	0
H5B-D-6-06#s100r031	64	0	0	0	0	ABSTAIN	A	0	0	0
H5B-D-6-07#s100r031	64	0	0	0	0	ABSTAIN	A	0	0	0
H5B-D-6-08#s100r031	64	0	0	0	0	ABSTAIN	A	0	0	0
H5B-D-6-09#s100r031	64	0	0	0	0	ABSTAIN	A	0	0	0
H5B-P-06-00#s100r032	64	0	0	0	0	ABSTAIN	A	0	0	0
H5B-P-06-01#s100r032	64	0	0	0	0	ABSTAIN	A	0	0	0
H5B-P-06-02#s100r032	64	0	0	0	0	ABSTAIN	A	0	0	0
H5B-P-06-03#s100r032	64	0	0	0	0	ABSTAIN	A	0	0	0
H5B-P-06-04#s100r032	64	0	0	0	0	ABSTAIN	A	0	0	0
H5B-P-06-05#s100r032	64	0	0	0	0	ABSTAIN	A	0	0	0
H5B-P-06-06#s100r032	64	0	0	0	0	ABSTAIN	A	0	0	0
H5B-P-06-07#s100r032	64	0	0	0	0	ABSTAIN	A	0	0	0
H5B-P-06-08#s100r032	64	0	0	0	0	ABSTAIN	A	0	0	0
H5B-P-06-09#s100r032	64	0	0	0	0	ABSTAIN	A	0	0	0
H5B-P-12-00#s100r032	64	0	0	0	0	ABSTAIN	A	0	0	0
H5B-P-12-01#s100r032	64	0	0	0	0	ABSTAIN	A	0	0	0
H5B-P-12-02#s100r032	64	0	0	0	0	ABSTAIN	A	0	0	0
H5B-P-12-03#s100r032	64	0	0	0	0	ABSTAIN	A	0	0	0
H5B-P-12-04#s100r032	64	0	0	0	0	ABSTAIN	A	0	0	0
H5B-P-12-05#s100r032	64	0	0	0	0	ABSTAIN	A	0	0	0
H5B-P-12-06#s100r032	64	0	0	0	0	ABSTAIN	A	0	0	0
H5B-P-12-07#s100r032	64	0	0	0	0	ABSTAIN	A	0	0	0
H5B-P-12-08#s100r032	64	0	0	0	0	ABSTAIN	A	0	0	0
H5B-P-12-09#s100r032	64	0	0	0	0	ABSTAIN	A	0	0	0
H5B-P-20-00#s100r032	64	0	0	0	0	ABSTAIN	A	0	0	0
H5B-P-20-01#s100r032	64	0	0	0	0	ABSTAIN	A	0	0	0
H5B-P-20-02#s100r032	64	0	0	0	0	ABSTAIN	A	0	0	0
H5B-P-20-03#s100r032	64	0	0	0	0	ABSTAIN	A	0	0	0
H5B-P-20-04#s100r032	64	0	0	0	0	ABSTAIN	A	0	0	0
H5B-P-20-05#s100r032	64	0	0	0	0	ABSTAIN	A	0	0	0
H5B-P-20-06#s100r032	64	0	0	0	0	ABSTAIN	A	0	0	0
H5B-P-20-07#s100r032	64	0	0	0	0	ABSTAIN	A	0	0	0
H5B-P-20-08#s100r032	64	0	0	0	0	ABSTAIN	A	0	0	0
H5B-P-20-09#s100r032	64	0	0	0	0	ABSTAIN	A	0	0	0
H5B-P-40-00#s100r032	64	0	0	0	0	ABSTAIN	A	0	0	0
H5B-P-40-01#s100r032	64	0	0	0	0	ABSTAIN	A	0	0	0
H5B-P-40-02#s100r032	64	0	0	0	0	ABSTAIN	A	0	0	0
H5B-P-40-03#s100r032	64	0	0	0	0	ABSTAIN	A	0	0	0
H5B-P-40-04#s100r032	64	0	0	0	0	ABSTAIN	A	0	0	0
H5B-P-40-05#s100r032	64	0	0	0	0	ABSTAIN	A	0	0	0
H5B-P-40-06#s100r032	64	0	0	0	0	ABSTAIN	A	0	0	0
H5B-P-40-07#s100r032	64	0	0	0	0	ABSTAIN	A	0	0	0
H5B-P-40-08#s100r032	64	0	0	0	0	ABSTAIN	A	0	0	0
H5B-P-40-09#s100r032	64	0	0	0	0	ABSTAIN	A	0	0	0
H5B-O-06-00#s100r032	64	0	0	0	0	ABSTAIN	A	0	0	0
H5B-O-06-01#s100r032	64	0	0	0	0	ABSTAIN	A	0	0	0
H5B-O-06-02#s100r032	64	0	0	0	0	ABSTAIN	A	0	0	0
H5B-O-06-03#s100r032	64	0	0	0	0	ABSTAIN	A	0	0	0
H5B-O-06-04#s100r032	64	0	0	0	0	ABSTAIN	A	0	0	0
H5B-O-06-05#s100r032	64	0	0	0	0	ABSTAIN	A	0	0	0
H5B-O-06-06#s100r032	64	0	0	0	0	ABSTAIN	A	0	0	0
H5B-O-06-07#s100r032	64	0	0	0	0	ABSTAIN	A	0	0	0
H5B-O-06-08#s100r032	64	0	0	0	0	ABSTAIN	A	0	0	0
H5B-O-06-09#s100r032	64	0	0	0	0	ABSTAIN	A	0	0	0
H5B-O-12-00#s100r032	64	0	0	0	0	ABSTAIN	A	0	0	0
H5B-O-12-01#s100r032	64	0	0	0	0	ABSTAIN	A	0	0	0
H5B-O-12-02#s100r032	64	0	0	0	0	ABSTAIN	A	0	0	0
H5B-O-12-03#s100r032	64	0	0	0	0	ABSTAIN	A	0	0	0
H5B-O-12-04#s100r032	64	0	0	0	0	ABSTAIN	A	0	0	0
H5B-O-12-05#s100r032	64	0	0	0	0	ABSTAIN	A	0	0	0
H5B-O-12-06#s100r032	64	0	0	0	0	ABSTAIN	A	0	0	0
H5B-O-12-07#s100r032	64	0	0	0	0	ABSTAIN	A	0	0	0
H5B-O-12-08#s100r032	64	0	0	0	0	ABSTAIN	A	0	0	0
H5B-O-12-09#s100r032	64	0	0	0	0	ABSTAIN	A	0	0	0
H5B-O-20-00#s100r032	64	0	0	0	0	ABSTAIN	A	0	0	0
H5B-O-20-01#s100r032	64	0	0	0	0	ABSTAIN	A	0	0	0
H5B-O-20-02#s100r032	64	0	0	0	0	ABSTAIN	A	0	0	0
H5B-O-20-03#s100r032	64	0	0	0	0	ABSTAIN	A	0	0	0
H5B-O-20-04#s100r032	64	0	0	0	0	ABSTAIN	A	0	0	0
H5B-O-20-05#s100r032	64	0	0	0	0	ABSTAIN	A	0	0	0
H5B-O-20-06#s100r032	64	0	0	0	0	ABSTAIN	A	0	0	0
H5B-O-20-07#s100r032	64	0	0	0	0	ABSTAIN	A	0	0	0
H5B-O-20-08#s100r032	64	0	0	0	0	ABSTAIN	A	0	0	0
H5B-O-20-09#s100r032	64	0	0	0	0	ABSTAIN	A	0	0	0
H5B-O-40-00#s100r032	64	0	0	0	0	ABSTAIN	A	0	0	0
H5B-O-40-01#s100r032	64	0	0	0	0	ABSTAIN	A	0	0	0
H5B-O-40-02#s100r032	64	0	0	0	0	ABSTAIN	A	0	0	0
H5B-O-40-03#s100r032	64	0	0	0	0	ABSTAIN	A	0	0	0
H5B-O-40-04#s100r032	64	0	0	0	0	ABSTAIN	A	0	0	0
H5B-O-40-05#s100r032	64	0	0	0	0	ABSTAIN	A	0	0	0
H5B-O-40-06#s100r032	64	0	0	0	0	ABSTAIN	A	0	0	0
H5B-O-40-07#s100r032	64	0	0	0	0	ABSTAIN	A	0	0	0
H5B-O-40-08#s100r032	64	0	0	0	0	ABSTAIN	A	0	0	0
H5B-O-40-09#s100r032	64	0	0	0	0	ABSTAIN	A	0	0	0
H5B-D-0-00#s100r032	64	0	0	0	0	RELEASE	1	662	0	0
H5B-D-0-01#s100r032	64	0	0	0	0	RELEASE	1	662	0	0
H5B-D-0-02#s100r032	64	0	0	0	0	RELEASE	1	663	0	0
H5B-D-0-03#s100r032	64	0	0	0	0	RELEASE	1	663	0	0
H5B-D-0-04#s100r032	64	0	0	0	0	RELEASE	1	663	0	0
H5B-D-0-05#s100r032	64	0	0	0	0	RELEASE	1	663	0	0
H5B-D-0-06#s100r032	64	0	0	0	0	RELEASE	1	663	0	0
H5B-D-0-07#s100r032	64	0	0	0	0	RELEASE	1	663	0	0
H5B-D-0-08#s100r032	64	0	0	0	0	RELEASE	1	663	0	0
H5B-D-0-09#s100r032	64	0	0	0	0	RELEASE	1	663	0	0
H5B-D-1-00#s100r032	64	0	0	0	0	ABSTAIN	A	0	0	0
H5B-D-1-01#s100r032	64	0	0	0	0	ABSTAIN	A	0	0	0
H5B-D-1-02#s100r032	64	0	0	0	0	ABSTAIN	A	0	0	0
H5B-D-1-03#s100r032	64	0	0	0	0	ABSTAIN	A	0	0	0
H5B-D-1-04#s100r032	64	0	0	0	0	ABSTAIN	A	0	0	0
H5B-D-1-05#s100r032	64	0	0	0	0	ABSTAIN	A	0	0	0
H5B-D-1-06#s100r032	64	0	0	0	0	ABSTAIN	A	0	0	0
H5B-D-1-07#s100r032	64	0	0	0	0	ABSTAIN	A	0	0	0
H5B-D-1-08#s100r032	64	0	0	0	0	ABSTAIN	A	0	0	0
H5B-D-1-09#s100r032	64	0	0	0	0	ABSTAIN	A	0	0	0
H5B-D-2-00#s100r032	64	0	0	0	0	ABSTAIN	A	0	0	0
H5B-D-2-01#s100r032	64	0	0	0	0	ABSTAIN	A	0	0	0
H5B-D-2-02#s100r032	64	0	0	0	0	ABSTAIN	A	0	0	0
H5B-D-2-03#s100r032	64	0	0	0	0	ABSTAIN	A	0	0	0
H5B-D-2-04#s100r032	64	0	0	0	0	ABSTAIN	A	0	0	0
H5B-D-2-05#s100r032	64	0	0	0	0	ABSTAIN	A	0	0	0
H5B-D-2-06#s100r032	64	0	0	0	0	ABSTAIN	A	0	0	0
H5B-D-2-07#s100r032	64	0	0	0	0	ABSTAIN	A	0	0	0
H5B-D-2-08#s100r032	64	0	0	0	0	ABSTAIN	A	0	0	0
H5B-D-2-09#s100r032	64	0	0	0	0	ABSTAIN	A	0	0	0
H5B-D-6-00#s100r032	64	0	0	0	0	ABSTAIN	A	0	0	0
H5B-D-6-01#s100r032	64	0	0	0	0	ABSTAIN	A	0	0	0
H5B-D-6-02#s100r032	64	0	0	0	0	ABSTAIN	A	0	0	0
H5B-D-6-03#s100r032	64	0	0	0	0	ABSTAIN	A	0	0	0
H5B-D-6-04#s100r032	64	0	0	0	0	ABSTAIN	A	0	0	0
H5B-D-6-05#s100r032	64	0	0	0	0	ABSTAIN	A	0	0	0
H5B-D-6-06#s100r032	64	0	0	0	0	ABSTAIN	A	0	0	0
H5B-D-6-07#s100r032	64	0	0	0	0	ABSTAIN	A	0	0	0
H5B-D-6-08#s100r032	64	0	0	0	0	ABSTAIN	A	0	0	0
H5B-D-6-09#s100r032	64	0	0	0	0	ABSTAIN	A	0	0	0
H5B-P-06-00#s100r033	64	0	0	0	0	ABSTAIN	A	0	0	0
H5B-P-06-01#s100r033	64	0	0	0	0	ABSTAIN	A	0	0	0
H5B-P-06-02#s100r033	64	0	0	0	0	ABSTAIN	A	0	0	0
H5B-P-06-03#s100r033	64	0	0	0	0	ABSTAIN	A	0	0	0
H5B-P-06-04#s100r033	64	0	0	0	0	ABSTAIN	A	0	0	0
H5B-P-06-05#s100r033	64	0	0	0	0	ABSTAIN	A	0	0	0
H5B-P-06-06#s100r033	64	0	0	0	0	ABSTAIN	A	0	0	0
H5B-P-06-07#s100r033	64	0	0	0	0	ABSTAIN	A	0	0	0
H5B-P-06-08#s100r033	64	0	0	0	0	ABSTAIN	A	0	0	0
H5B-P-06-09#s100r033	64	0	0	0	0	ABSTAIN	A	0	0	0
H5B-P-12-00#s100r033	64	0	0	0	0	ABSTAIN	A	0	0	0
H5B-P-12-01#s100r033	64	0	0	0	0	ABSTAIN	A	0	0	0
H5B-P-12-02#s100r033	64	0	0	0	0	ABSTAIN	A	0	0	0
H5B-P-12-03#s100r033	64	0	0	0	0	ABSTAIN	A	0	0	0
H5B-P-12-04#s100r033	64	0	0	0	0	ABSTAIN	A	0	0	0
H5B-P-12-05#s100r033	64	0	0	0	0	ABSTAIN	A	0	0	0
H5B-P-12-06#s100r033	64	0	0	0	0	ABSTAIN	A	0	0	0
H5B-P-12-07#s100r033	64	0	0	0	0	ABSTAIN	A	0	0	0
H5B-P-12-08#s100r033	64	0	0	0	0	ABSTAIN	A	0	0	0
H5B-P-12-09#s100r033	64	0	0	0	0	ABSTAIN	A	0	0	0
H5B-P-20-00#s100r033	64	0	0	0	0	ABSTAIN	A	0	0	0
H5B-P-20-01#s100r033	64	0	0	0	0	ABSTAIN	A	0	0	0
H5B-P-20-02#s100r033	64	0	0	0	0	ABSTAIN	A	0	0	0
H5B-P-20-03#s100r033	64	0	0	0	0	ABSTAIN	A	0	0	0
H5B-P-20-04#s100r033	64	0	0	0	0	ABSTAIN	A	0	0	0
H5B-P-20-05#s100r033	64	0	0	0	0	ABSTAIN	A	0	0	0
H5B-P-20-06#s100r033	64	0	0	0	0	ABSTAIN	A	0	0	0
H5B-P-20-07#s100r033	64	0	0	0	0	ABSTAIN	A	0	0	0
H5B-P-20-08#s100r033	64	0	0	0	0	ABSTAIN	A	0	0	0
H5B-P-20-09#s100r033	64	0	0	0	0	ABSTAIN	A	0	0	0
H5B-P-40-00#s100r033	64	0	0	0	0	ABSTAIN	A	0	0	0
H5B-P-40-01#s100r033	64	0	0	0	0	ABSTAIN	A	0	0	0
H5B-P-40-02#s100r033	64	0	0	0	0	ABSTAIN	A	0	0	0
H5B-P-40-03#s100r033	64	0	0	0	0	ABSTAIN	A	0	0	0
H5B-P-40-04#s100r033	64	0	0	0	0	ABSTAIN	A	0	0	0
H5B-P-40-05#s100r033	64	0	0	0	0	ABSTAIN	A	0	0	0
H5B-P-40-06#s100r033	64	0	0	0	0	ABSTAIN	A	0	0	0
H5B-P-40-07#s100r033	64	0	0	0	0	ABSTAIN	A	0	0	0
H5B-P-40-08#s100r033	64	0	0	0	0	ABSTAIN	A	0	0	0
H5B-P-40-09#s100r033	64	0	0	0	0	ABSTAIN	A	0	0	0
H5B-O-06-00#s100r033	64	0	0	0	0	ABSTAIN	A	0	0	0
H5B-O-06-01#s100r033	64	0	0	0	0	ABSTAIN	A	0	0	0
H5B-O-06-02#s100r033	64	0	0	0	0	ABSTAIN	A	0	0	0
H5B-O-06-03#s100r033	64	0	0	0	0	ABSTAIN	A	0	0	0
H5B-O-06-04#s100r033	64	0	0	0	0	ABSTAIN	A	0	0	0
H5B-O-06-05#s100r033	64	0	0	0	0	ABSTAIN	A	0	0	0
H5B-O-06-06#s100r033	64	0	0	0	0	ABSTAIN	A	0	0	0
H5B-O-06-07#s100r033	64	0	0	0	0	ABSTAIN	A	0	0	0
H5B-O-06-08#s100r033	64	0	0	0	0	ABSTAIN	A	0	0	0
H5B-O-06-09#s100r033	64	0	0	0	0	ABSTAIN	A	0	0	0
H5B-O-12-00#s100r033	64	0	0	0	0	ABSTAIN	A	0	0	0
H5B-O-12-01#s100r033	64	0	0	0	0	ABSTAIN	A	0	0	0
H5B-O-12-02#s100r033	64	0	0	0	0	ABSTAIN	A	0	0	0
H5B-O-12-03#s100r033	64	0	0	0	0	ABSTAIN	A	0	0	0
H5B-O-12-04#s100r033	64	0	0	0	0	ABSTAIN	A	0	0	0
H5B-O-12-05#s100r033	64	0	0	0	0	ABSTAIN	A	0	0	0
H5B-O-12-06#s100r033	64	0	0	0	0	ABSTAIN	A	0	0	0
H5B-O-12-07#s100r033	64	0	0	0	0	ABSTAIN	A	0	0	0
H5B-O-12-08#s100r033	64	0	0	0	0	ABSTAIN	A	0	0	0
H5B-O-12-09#s100r033	64	0	0	0	0	ABSTAIN	A	0	0	0
H5B-O-20-00#s100r033	64	0	0	0	0	ABSTAIN	A	0	0	0
H5B-O-20-01#s100r033	64	0	0	0	0	ABSTAIN	A	0	0	0
H5B-O-20-02#s100r033	64	0	0	0	0	ABSTAIN	A	0	0	0
H5B-O-20-03#s100r033	64	0	0	0	0	ABSTAIN	A	0	0	0
H5B-O-20-04#s100r033	64	0	0	0	0	ABSTAIN	A	0	0	0
H5B-O-20-05#s100r033	64	0	0	0	0	ABSTAIN	A	0	0	0
H5B-O-20-06#s100r033	64	0	0	0	0	ABSTAIN	A	0	0	0
H5B-O-20-07#s100r033	64	0	0	0	0	ABSTAIN	A	0	0	0
H5B-O-20-08#s100r033	64	0	0	0	0	ABSTAIN	A	0	0	0
H5B-O-20-09#s100r033	64	0	0	0	0	ABSTAIN	A	0	0	0
H5B-O-40-00#s100r033	64	0	0	0	0	ABSTAIN	A	0	0	0
H5B-O-40-01#s100r033	64	0	0	0	0	ABSTAIN	A	0	0	0
H5B-O-40-02#s100r033	64	0	0	0	0	ABSTAIN	A	0	0	0
H5B-O-40-03#s100r033	64	0	0	0	0	ABSTAIN	A	0	0	0
H5B-O-40-04#s100r033	64	0	0	0	0	ABSTAIN	A	0	0	0
H5B-O-40-05#s100r033	64	0	0	0	0	ABSTAIN	A	0	0	0
H5B-O-40-06#s100r033	64	0	0	0	0	ABSTAIN	A	0	0	0
H5B-O-40-07#s100r033	64	0	0	0	0	ABSTAIN	A	0	0	0
H5B-O-40-08#s100r033	64	0	0	0	0	ABSTAIN	A	0	0	0
H5B-O-40-09#s100r033	64	0	0	0	0	ABSTAIN	A	0	0	0
H5B-D-0-00#s100r033	64	0	0	0	0	RELEASE	1	662	0	0
H5B-D-0-01#s100r033	64	0	0	0	0	RELEASE	1	662	0	0
H5B-D-0-02#s100r033	64	0	0	0	0	RELEASE	1	662	0	0
H5B-D-0-03#s100r033	64	0	0	0	0	RELEASE	1	663	0	0
H5B-D-0-04#s100r033	64	0	0	0	0	RELEASE	1	663	0	0
H5B-D-0-05#s100r033	64	0	0	0	0	RELEASE	1	663	0	0
H5B-D-0-06#s100r033	64	0	0	0	0	RELEASE	1	663	0	0
H5B-D-0-07#s100r033	64	0	0	0	0	RELEASE	1	663	0	0
H5B-D-0-08#s100r033	64	0	0	0	0	RELEASE	1	663	0	0
H5B-D-0-09#s100r033	64	0	0	0	0	RELEASE	1	663	0	0
H5B-D-1-00#s100r033	64	0	0	0	0	ABSTAIN	A	0	0	0
H5B-D-1-01#s100r033	64	0	0	0	0	ABSTAIN	A	0	0	0
H5B-D-1-02#s100r033	64	0	0	0	0	ABSTAIN	A	0	0	0
H5B-D-1-03#s100r033	64	0	0	0	0	ABSTAIN	A	0	0	0
H5B-D-1-04#s100r033	64	0	0	0	0	ABSTAIN	A	0	0	0
H5B-D-1-05#s100r033	64	0	0	0	0	ABSTAIN	A	0	0	0
H5B-D-1-06#s100r033	64	0	0	0	0	ABSTAIN	A	0	0	0
H5B-D-1-07#s100r033	64	0	0	0	0	ABSTAIN	A	0	0	0
H5B-D-1-08#s100r033	64	0	0	0	0	ABSTAIN	A	0	0	0
H5B-D-1-09#s100r033	64	0	0	0	0	ABSTAIN	A	0	0	0
H5B-D-2-00#s100r033	64	0	0	0	0	ABSTAIN	A	0	0	0
H5B-D-2-01#s100r033	64	0	0	0	0	ABSTAIN	A	0	0	0
H5B-D-2-02#s100r033	64	0	0	0	0	ABSTAIN	A	0	0	0
H5B-D-2-03#s100r033	64	0	0	0	0	ABSTAIN	A	0	0	0
H5B-D-2-04#s100r033	64	0	0	0	0	ABSTAIN	A	0	0	0
H5B-D-2-05#s100r033	64	0	0	0	0	ABSTAIN	A	0	0	0
H5B-D-2-06#s100r033	64	0	0	0	0	ABSTAIN	A	0	0	0
H5B-D-2-07#s100r033	64	0	0	0	0	ABSTAIN	A	0	0	0
H5B-D-2-08#s100r033	64	0	0	0	0	ABSTAIN	A	0	0	0
H5B-D-2-09#s100r033	64	0	0	0	0	ABSTAIN	A	0	0	0
H5B-D-6-00#s100r033	64	0	0	0	0	ABSTAIN	A	0	0	0
H5B-D-6-01#s100r033	64	0	0	0	0	ABSTAIN	A	0	0	0
H5B-D-6-02#s100r033	64	0	0	0	0	ABSTAIN	A	0	0	0
H5B-D-6-03#s100r033	64	0	0	0	0	ABSTAIN	A	0	0	0
H5B-D-6-04#s100r033	64	0	0	0	0	ABSTAIN	A	0	0	0
H5B-D-6-05#s100r033	64	0	0	0	0	ABSTAIN	A	0	0	0
H5B-D-6-06#s100r033	64	0	0	0	0	ABSTAIN	A	0	0	0
H5B-D-6-07#s100r033	64	0	0	0	0	ABSTAIN	A	0	0	0
H5B-D-6-08#s100r033	64	0	0	0	0	ABSTAIN	A	0	0	0
H5B-D-6-09#s100r033	64	0	0	0	0	ABSTAIN	A	0	0	0
H5B-P-06-00#s100r034	64	0	0	0	0	ABSTAIN	A	0	0	0
H5B-P-06-01#s100r034	64	0	0	0	0	ABSTAIN	A	0	0	0
H5B-P-06-02#s100r034	64	0	0	0	0	ABSTAIN	A	0	0	0
H5B-P-06-03#s100r034	64	0	0	0	0	ABSTAIN	A	0	0	0
H5B-P-06-04#s100r034	64	0	0	0	0	ABSTAIN	A	0	0	0
H5B-P-06-05#s100r034	64	0	0	0	0	ABSTAIN	A	0	0	0
H5B-P-06-06#s100r034	64	0	0	0	0	ABSTAIN	A	0	0	0
H5B-P-06-07#s100r034	64	0	0	0	0	ABSTAIN	A	0	0	0
H5B-P-06-08#s100r034	64	0	0	0	0	ABSTAIN	A	0	0	0
H5B-P-06-09#s100r034	64	0	0	0	0	ABSTAIN	A	0	0	0
H5B-P-12-00#s100r034	64	0	0	0	0	ABSTAIN	A	0	0	0
H5B-P-12-01#s100r034	64	0	0	0	0	ABSTAIN	A	0	0	0
H5B-P-12-02#s100r034	64	0	0	0	0	ABSTAIN	A	0	0	0
H5B-P-12-03#s100r034	64	0	0	0	0	ABSTAIN	A	0	0	0
H5B-P-12-04#s100r034	64	0	0	0	0	ABSTAIN	A	0	0	0
H5B-P-12-05#s100r034	64	0	0	0	0	ABSTAIN	A	0	0	0
H5B-P-12-06#s100r034	64	0	0	0	0	ABSTAIN	A	0	0	0
H5B-P-12-07#s100r034	64	0	0	0	0	ABSTAIN	A	0	0	0
H5B-P-12-08#s100r034	64	0	0	0	0	ABSTAIN	A	0	0	0
H5B-P-12-09#s100r034	64	0	0	0	0	ABSTAIN	A	0	0	0
H5B-P-20-00#s100r034	64	0	0	0	0	ABSTAIN	A	0	0	0
H5B-P-20-01#s100r034	64	0	0	0	0	ABSTAIN	A	0	0	0
H5B-P-20-02#s100r034	64	0	0	0	0	ABSTAIN	A	0	0	0
H5B-P-20-03#s100r034	64	0	0	0	0	ABSTAIN	A	0	0	0
H5B-P-20-04#s100r034	64	0	0	0	0	ABSTAIN	A	0	0	0
H5B-P-20-05#s100r034	64	0	0	0	0	ABSTAIN	A	0	0	0
H5B-P-20-06#s100r034	64	0	0	0	0	ABSTAIN	A	0	0	0
H5B-P-20-07#s100r034	64	0	0	0	0	ABSTAIN	A	0	0	0
H5B-P-20-08#s100r034	64	0	0	0	0	ABSTAIN	A	0	0	0
H5B-P-20-09#s100r034	64	0	0	0	0	ABSTAIN	A	0	0	0
H5B-P-40-00#s100r034	64	0	0	0	0	ABSTAIN	A	0	0	0
H5B-P-40-01#s100r034	64	0	0	0	0	ABSTAIN	A	0	0	0
H5B-P-40-02#s100r034	64	0	0	0	0	ABSTAIN	A	0	0	0
H5B-P-40-03#s100r034	64	0	0	0	0	ABSTAIN	A	0	0	0
H5B-P-40-04#s100r034	64	0	0	0	0	ABSTAIN	A	0	0	0
H5B-P-40-05#s100r034	64	0	0	0	0	ABSTAIN	A	0	0	0
H5B-P-40-06#s100r034	64	0	0	0	0	ABSTAIN	A	0	0	0
H5B-P-40-07#s100r034	64	0	0	0	0	ABSTAIN	A	0	0	0
H5B-P-40-08#s100r034	64	0	0	0	0	ABSTAIN	A	0	0	0
H5B-P-40-09#s100r034	64	0	0	0	0	ABSTAIN	A	0	0	0
H5B-O-06-00#s100r034	64	0	0	0	0	ABSTAIN	A	0	0	0
H5B-O-06-01#s100r034	64	0	0	0	0	ABSTAIN	A	0	0	0
H5B-O-06-02#s100r034	64	0	0	0	0	ABSTAIN	A	0	0	0
H5B-O-06-03#s100r034	64	0	0	0	0	ABSTAIN	A	0	0	0
H5B-O-06-04#s100r034	64	0	0	0	0	ABSTAIN	A	0	0	0
H5B-O-06-05#s100r034	64	0	0	0	0	ABSTAIN	A	0	0	0
H5B-O-06-06#s100r034	64	0	0	0	0	ABSTAIN	A	0	0	0
H5B-O-06-07#s100r034	64	0	0	0	0	ABSTAIN	A	0	0	0
H5B-O-06-08#s100r034	64	0	0	0	0	ABSTAIN	A	0	0	0
H5B-O-06-09#s100r034	64	0	0	0	0	ABSTAIN	A	0	0	0
H5B-O-12-00#s100r034	64	0	0	0	0	ABSTAIN	A	0	0	0
H5B-O-12-01#s100r034	64	0	0	0	0	ABSTAIN	A	0	0	0
H5B-O-12-02#s100r034	64	0	0	0	0	ABSTAIN	A	0	0	0
H5B-O-12-03#s100r034	64	0	0	0	0	ABSTAIN	A	0	0	0
H5B-O-12-04#s100r034	64	0	0	0	0	ABSTAIN	A	0	0	0
H5B-O-12-05#s100r034	64	0	0	0	0	ABSTAIN	A	0	0	0
H5B-O-12-06#s100r034	64	0	0	0	0	ABSTAIN	A	0	0	0
H5B-O-12-07#s100r034	64	0	0	0	0	ABSTAIN	A	0	0	0
H5B-O-12-08#s100r034	64	0	0	0	0	ABSTAIN	A	0	0	0
H5B-O-12-09#s100r034	64	0	0	0	0	ABSTAIN	A	0	0	0
H5B-O-20-00#s100r034	64	0	0	0	0	ABSTAIN	A	0	0	0
H5B-O-20-01#s100r034	64	0	0	0	0	ABSTAIN	A	0	0	0
H5B-O-20-02#s100r034	64	0	0	0	0	ABSTAIN	A	0	0	0
H5B-O-20-03#s100r034	64	0	0	0	0	ABSTAIN	A	0	0	0
H5B-O-20-04#s100r034	64	0	0	0	0	ABSTAIN	A	0	0	0
H5B-O-20-05#s100r034	64	0	0	0	0	ABSTAIN	A	0	0	0
H5B-O-20-06#s100r034	64	0	0	0	0	ABSTAIN	A	0	0	0
H5B-O-20-07#s100r034	64	0	0	0	0	ABSTAIN	A	0	0	0
H5B-O-20-08#s100r034	64	0	0	0	0	ABSTAIN	A	0	0	0
H5B-O-20-09#s100r034	64	0	0	0	0	ABSTAIN	A	0	0	0
H5B-O-40-00#s100r034	64	0	0	0	0	ABSTAIN	A	0	0	0
H5B-O-40-01#s100r034	64	0	0	0	0	ABSTAIN	A	0	0	0
H5B-O-40-02#s100r034	64	0	0	0	0	ABSTAIN	A	0	0	0
H5B-O-40-03#s100r034	64	0	0	0	0	ABSTAIN	A	0	0	0
H5B-O-40-04#s100r034	64	0	0	0	0	ABSTAIN	A	0	0	0
H5B-O-40-05#s100r034	64	0	0	0	0	ABSTAIN	A	0	0	0
H5B-O-40-06#s100r034	64	0	0	0	0	ABSTAIN	A	0	0	0
H5B-O-40-07#s100r034	64	0	0	0	0	ABSTAIN	A	0	0	0
H5B-O-40-08#s100r034	64	0	0	0	0	ABSTAIN	A	0	0	0
H5B-O-40-09#s100r034	64	0	0	0	0	ABSTAIN	A	0	0	0
H5B-D-0-00#s100r034	64	0	0	0	0	RELEASE	1	662	0	0
H5B-D-0-01#s100r034	64	0	0	0	0	RELEASE	1	662	0	0
H5B-D-0-02#s100r034	64	0	0	0	0	RELEASE	1	662	0	0
H5B-D-0-03#s100r034	64	0	0	0	0	RELEASE	1	662	0	0
H5B-D-0-04#s100r034	64	0	0	0	0	RELEASE	1	663	0	0
H5B-D-0-05#s100r034	64	0	0	0	0	RELEASE	1	663	0	0
H5B-D-0-06#s100r034	64	0	0	0	0	RELEASE	1	663	0	0
H5B-D-0-07#s100r034	64	0	0	0	0	RELEASE	1	663	0	0
H5B-D-0-08#s100r034	64	0	0	0	0	RELEASE	1	663	0	0
H5B-D-0-09#s100r034	64	0	0	0	0	RELEASE	1	663	0	0
H5B-D-1-00#s100r034	64	0	0	0	0	ABSTAIN	A	0	0	0
H5B-D-1-01#s100r034	64	0	0	0	0	ABSTAIN	A	0	0	0
H5B-D-1-02#s100r034	64	0	0	0	0	ABSTAIN	A	0	0	0
H5B-D-1-03#s100r034	64	0	0	0	0	ABSTAIN	A	0	0	0
H5B-D-1-04#s100r034	64	0	0	0	0	ABSTAIN	A	0	0	0
H5B-D-1-05#s100r034	64	0	0	0	0	ABSTAIN	A	0	0	0
H5B-D-1-06#s100r034	64	0	0	0	0	ABSTAIN	A	0	0	0
H5B-D-1-07#s100r034	64	0	0	0	0	ABSTAIN	A	0	0	0
H5B-D-1-08#s100r034	64	0	0	0	0	ABSTAIN	A	0	0	0
H5B-D-1-09#s100r034	64	0	0	0	0	ABSTAIN	A	0	0	0
H5B-D-2-00#s100r034	64	0	0	0	0	ABSTAIN	A	0	0	0
H5B-D-2-01#s100r034	64	0	0	0	0	ABSTAIN	A	0	0	0
H5B-D-2-02#s100r034	64	0	0	0	0	ABSTAIN	A	0	0	0
H5B-D-2-03#s100r034	64	0	0	0	0	ABSTAIN	A	0	0	0
H5B-D-2-04#s100r034	64	0	0	0	0	ABSTAIN	A	0	0	0
H5B-D-2-05#s100r034	64	0	0	0	0	ABSTAIN	A	0	0	0
H5B-D-2-06#s100r034	64	0	0	0	0	ABSTAIN	A	0	0	0
H5B-D-2-07#s100r034	64	0	0	0	0	ABSTAIN	A	0	0	0
H5B-D-2-08#s100r034	64	0	0	0	0	ABSTAIN	A	0	0	0
H5B-D-2-09#s100r034	64	0	0	0	0	ABSTAIN	A	0	0	0
H5B-D-6-00#s100r034	64	0	0	0	0	ABSTAIN	A	0	0	0
H5B-D-6-01#s100r034	64	0	0	0	0	ABSTAIN	A	0	0	0
H5B-D-6-02#s100r034	64	0	0	0	0	ABSTAIN	A	0	0	0
H5B-D-6-03#s100r034	64	0	0	0	0	ABSTAIN	A	0	0	0
H5B-D-6-04#s100r034	64	0	0	0	0	ABSTAIN	A	0	0	0
H5B-D-6-05#s100r034	64	0	0	0	0	ABSTAIN	A	0	0	0
H5B-D-6-06#s100r034	64	0	0	0	0	ABSTAIN	A	0	0	0
H5B-D-6-07#s100r034	64	0	0	0	0	ABSTAIN	A	0	0	0
H5B-D-6-08#s100r034	64	0	0	0	0	ABSTAIN	A	0	0	0
H5B-D-6-09#s100r034	64	0	0	0	0	ABSTAIN	A	0	0	0
H5B-P-06-00#s100r035	64	0	0	0	0	ABSTAIN	A	0	0	0
H5B-P-06-01#s100r035	64	0	0	0	0	ABSTAIN	A	0	0	0
H5B-P-06-02#s100r035	64	0	0	0	0	ABSTAIN	A	0	0	0
H5B-P-06-03#s100r035	64	0	0	0	0	ABSTAIN	A	0	0	0
H5B-P-06-04#s100r035	64	0	0	0	0	ABSTAIN	A	0	0	0
H5B-P-06-05#s100r035	64	0	0	0	0	ABSTAIN	A	0	0	0
H5B-P-06-06#s100r035	64	0	0	0	0	ABSTAIN	A	0	0	0
H5B-P-06-07#s100r035	64	0	0	0	0	ABSTAIN	A	0	0	0
H5B-P-06-08#s100r035	64	0	0	0	0	ABSTAIN	A	0	0	0
H5B-P-06-09#s100r035	64	0	0	0	0	ABSTAIN	A	0	0	0
H5B-P-12-00#s100r035	64	0	0	0	0	ABSTAIN	A	0	0	0
H5B-P-12-01#s100r035	64	0	0	0	0	ABSTAIN	A	0	0	0
H5B-P-12-02#s100r035	64	0	0	0	0	ABSTAIN	A	0	0	0
H5B-P-12-03#s100r035	64	0	0	0	0	ABSTAIN	A	0	0	0
H5B-P-12-04#s100r035	64	0	0	0	0	ABSTAIN	A	0	0	0
H5B-P-12-05#s100r035	64	0	0	0	0	ABSTAIN	A	0	0	0
H5B-P-12-06#s100r035	64	0	0	0	0	ABSTAIN	A	0	0	0
H5B-P-12-07#s100r035	64	0	0	0	0	ABSTAIN	A	0	0	0
H5B-P-12-08#s100r035	64	0	0	0	0	ABSTAIN	A	0	0	0
H5B-P-12-09#s100r035	64	0	0	0	0	ABSTAIN	A	0	0	0
H5B-P-20-00#s100r035	64	0	0	0	0	ABSTAIN	A	0	0	0
H5B-P-20-01#s100r035	64	0	0	0	0	ABSTAIN	A	0	0	0
H5B-P-20-02#s100r035	64	0	0	0	0	ABSTAIN	A	0	0	0
H5B-P-20-03#s100r035	64	0	0	0	0	ABSTAIN	A	0	0	0
H5B-P-20-04#s100r035	64	0	0	0	0	ABSTAIN	A	0	0	0
H5B-P-20-05#s100r035	64	0	0	0	0	ABSTAIN	A	0	0	0
H5B-P-20-06#s100r035	64	0	0	0	0	ABSTAIN	A	0	0	0
H5B-P-20-07#s100r035	64	0	0	0	0	ABSTAIN	A	0	0	0
H5B-P-20-08#s100r035	64	0	0	0	0	ABSTAIN	A	0	0	0
H5B-P-20-09#s100r035	64	0	0	0	0	ABSTAIN	A	0	0	0
H5B-P-40-00#s100r035	64	0	0	0	0	ABSTAIN	A	0	0	0
H5B-P-40-01#s100r035	64	0	0	0	0	ABSTAIN	A	0	0	0
H5B-P-40-02#s100r035	64	0	0	0	0	ABSTAIN	A	0	0	0
H5B-P-40-03#s100r035	64	0	0	0	0	ABSTAIN	A	0	0	0
H5B-P-40-04#s100r035	64	0	0	0	0	ABSTAIN	A	0	0	0
H5B-P-40-05#s100r035	64	0	0	0	0	ABSTAIN	A	0	0	0
H5B-P-40-06#s100r035	64	0	0	0	0	ABSTAIN	A	0	0	0
H5B-P-40-07#s100r035	64	0	0	0	0	ABSTAIN	A	0	0	0
H5B-P-40-08#s100r035	64	0	0	0	0	ABSTAIN	A	0	0	0
H5B-P-40-09#s100r035	64	0	0	0	0	ABSTAIN	A	0	0	0
H5B-O-06-00#s100r035	64	0	0	0	0	ABSTAIN	A	0	0	0
H5B-O-06-01#s100r035	64	0	0	0	0	ABSTAIN	A	0	0	0
H5B-O-06-02#s100r035	64	0	0	0	0	ABSTAIN	A	0	0	0
H5B-O-06-03#s100r035	64	0	0	0	0	ABSTAIN	A	0	0	0
H5B-O-06-04#s100r035	64	0	0	0	0	ABSTAIN	A	0	0	0
H5B-O-06-05#s100r035	64	0	0	0	0	ABSTAIN	A	0	0	0
H5B-O-06-06#s100r035	64	0	0	0	0	ABSTAIN	A	0	0	0
H5B-O-06-07#s100r035	64	0	0	0	0	ABSTAIN	A	0	0	0
H5B-O-06-08#s100r035	64	0	0	0	0	ABSTAIN	A	0	0	0
H5B-O-06-09#s100r035	64	0	0	0	0	ABSTAIN	A	0	0	0
H5B-O-12-00#s100r035	64	0	0	0	0	ABSTAIN	A	0	0	0
H5B-O-12-01#s100r035	64	0	0	0	0	ABSTAIN	A	0	0	0
H5B-O-12-02#s100r035	64	0	0	0	0	ABSTAIN	A	0	0	0
H5B-O-12-03#s100r035	64	0	0	0	0	ABSTAIN	A	0	0	0
H5B-O-12-04#s100r035	64	0	0	0	0	ABSTAIN	A	0	0	0
H5B-O-12-05#s100r035	64	0	0	0	0	ABSTAIN	A	0	0	0
H5B-O-12-06#s100r035	64	0	0	0	0	ABSTAIN	A	0	0	0
H5B-O-12-07#s100r035	64	0	0	0	0	ABSTAIN	A	0	0	0
H5B-O-12-08#s100r035	64	0	0	0	0	ABSTAIN	A	0	0	0
H5B-O-12-09#s100r035	64	0	0	0	0	ABSTAIN	A	0	0	0
H5B-O-20-00#s100r035	64	0	0	0	0	ABSTAIN	A	0	0	0
H5B-O-20-01#s100r035	64	0	0	0	0	ABSTAIN	A	0	0	0
H5B-O-20-02#s100r035	64	0	0	0	0	ABSTAIN	A	0	0	0
H5B-O-20-03#s100r035	64	0	0	0	0	ABSTAIN	A	0	0	0
H5B-O-20-04#s100r035	64	0	0	0	0	ABSTAIN	A	0	0	0
H5B-O-20-05#s100r035	64	0	0	0	0	ABSTAIN	A	0	0	0
H5B-O-20-06#s100r035	64	0	0	0	0	ABSTAIN	A	0	0	0
H5B-O-20-07#s100r035	64	0	0	0	0	ABSTAIN	A	0	0	0
H5B-O-20-08#s100r035	64	0	0	0	0	ABSTAIN	A	0	0	0
H5B-O-20-09#s100r035	64	0	0	0	0	ABSTAIN	A	0	0	0
H5B-O-40-00#s100r035	64	0	0	0	0	ABSTAIN	A	0	0	0
H5B-O-40-01#s100r035	64	0	0	0	0	ABSTAIN	A	0	0	0
H5B-O-40-02#s100r035	64	0	0	0	0	ABSTAIN	A	0	0	0
H5B-O-40-03#s100r035	64	0	0	0	0	ABSTAIN	A	0	0	0
H5B-O-40-04#s100r035	64	0	0	0	0	ABSTAIN	A	0	0	0
H5B-O-40-05#s100r035	64	0	0	0	0	ABSTAIN	A	0	0	0
H5B-O-40-06#s100r035	64	0	0	0	0	ABSTAIN	A	0	0	0
H5B-O-40-07#s100r035	64	0	0	0	0	ABSTAIN	A	0	0	0
H5B-O-40-08#s100r035	64	0	0	0	0	ABSTAIN	A	0	0	0
H5B-O-40-09#s100r035	64	0	0	0	0	ABSTAIN	A	0	0	0
H5B-D-0-00#s100r035	64	0	0	0	0	RELEASE	1	662	0	0
H5B-D-0-01#s100r035	64	0	0	0	0	RELEASE	1	662	0	0
H5B-D-0-02#s100r035	64	0	0	0	0	RELEASE	1	662	0	0
H5B-D-0-03#s100r035	64	0	0	0	0	RELEASE	1	662	0	0
H5B-D-0-04#s100r035	64	0	0	0	0	RELEASE	1	662	0	0
H5B-D-0-05#s100r035	64	0	0	0	0	RELEASE	1	662	0	0
H5B-D-0-06#s100r035	64	0	0	0	0	RELEASE	1	663	0	0
H5B-D-0-07#s100r035	64	0	0	0	0	RELEASE	1	663	0	0
H5B-D-0-08#s100r035	64	0	0	0	0	RELEASE	1	663	0	0
H5B-D-0-09#s100r035	64	0	0	0	0	RELEASE	1	663	0	0
H5B-D-1-00#s100r035	64	0	0	0	0	ABSTAIN	A	0	0	0
H5B-D-1-01#s100r035	64	0	0	0	0	ABSTAIN	A	0	0	0
H5B-D-1-02#s100r035	64	0	0	0	0	ABSTAIN	A	0	0	0
H5B-D-1-03#s100r035	64	0	0	0	0	ABSTAIN	A	0	0	0
H5B-D-1-04#s100r035	64	0	0	0	0	ABSTAIN	A	0	0	0
H5B-D-1-05#s100r035	64	0	0	0	0	ABSTAIN	A	0	0	0
H5B-D-1-06#s100r035	64	0	0	0	0	ABSTAIN	A	0	0	0
H5B-D-1-07#s100r035	64	0	0	0	0	ABSTAIN	A	0	0	0
H5B-D-1-08#s100r035	64	0	0	0	0	ABSTAIN	A	0	0	0
H5B-D-1-09#s100r035	64	0	0	0	0	ABSTAIN	A	0	0	0
H5B-D-2-00#s100r035	64	0	0	0	0	ABSTAIN	A	0	0	0
H5B-D-2-01#s100r035	64	0	0	0	0	ABSTAIN	A	0	0	0
H5B-D-2-02#s100r035	64	0	0	0	0	ABSTAIN	A	0	0	0
H5B-D-2-03#s100r035	64	0	0	0	0	ABSTAIN	A	0	0	0
H5B-D-2-04#s100r035	64	0	0	0	0	ABSTAIN	A	0	0	0
H5B-D-2-05#s100r035	64	0	0	0	0	ABSTAIN	A	0	0	0
H5B-D-2-06#s100r035	64	0	0	0	0	ABSTAIN	A	0	0	0
H5B-D-2-07#s100r035	64	0	0	0	0	ABSTAIN	A	0	0	0
H5B-D-2-08#s100r035	64	0	0	0	0	ABSTAIN	A	0	0	0
H5B-D-2-09#s100r035	64	0	0	0	0	ABSTAIN	A	0	0	0
H5B-D-6-00#s100r035	64	0	0	0	0	ABSTAIN	A	0	0	0
H5B-D-6-01#s100r035	64	0	0	0	0	ABSTAIN	A	0	0	0
H5B-D-6-02#s100r035	64	0	0	0	0	ABSTAIN	A	0	0	0
H5B-D-6-03#s100r035	64	0	0	0	0	ABSTAIN	A	0	0	0
H5B-D-6-04#s100r035	64	0	0	0	0	ABSTAIN	A	0	0	0
H5B-D-6-05#s100r035	64	0	0	0	0	ABSTAIN	A	0	0	0
H5B-D-6-06#s100r035	64	0	0	0	0	ABSTAIN	A	0	0	0
H5B-D-6-07#s100r035	64	0	0	0	0	ABSTAIN	A	0	0	0
H5B-D-6-08#s100r035	64	0	0	0	0	ABSTAIN	A	0	0	0
H5B-D-6-09#s100r035	64	0	0	0	0	ABSTAIN	A	0	0	0
H5B-P-06-00#s100r036	64	0	0	0	0	ABSTAIN	A	0	0	0
H5B-P-06-01#s100r036	64	0	0	0	0	ABSTAIN	A	0	0	0
H5B-P-06-02#s100r036	64	0	0	0	0	ABSTAIN	A	0	0	0
H5B-P-06-03#s100r036	64	0	0	0	0	ABSTAIN	A	0	0	0
H5B-P-06-04#s100r036	64	0	0	0	0	ABSTAIN	A	0	0	0
H5B-P-06-05#s100r036	64	0	0	0	0	ABSTAIN	A	0	0	0
H5B-P-06-06#s100r036	64	0	0	0	0	ABSTAIN	A	0	0	0
H5B-P-06-07#s100r036	64	0	0	0	0	ABSTAIN	A	0	0	0
H5B-P-06-08#s100r036	64	0	0	0	0	ABSTAIN	A	0	0	0
H5B-P-06-09#s100r036	64	0	0	0	0	ABSTAIN	A	0	0	0
H5B-P-12-00#s100r036	64	0	0	0	0	ABSTAIN	A	0	0	0
H5B-P-12-01#s100r036	64	0	0	0	0	ABSTAIN	A	0	0	0
H5B-P-12-02#s100r036	64	0	0	0	0	ABSTAIN	A	0	0	0
H5B-P-12-03#s100r036	64	0	0	0	0	ABSTAIN	A	0	0	0
H5B-P-12-04#s100r036	64	0	0	0	0	ABSTAIN	A	0	0	0
H5B-P-12-05#s100r036	64	0	0	0	0	ABSTAIN	A	0	0	0
H5B-P-12-06#s100r036	64	0	0	0	0	ABSTAIN	A	0	0	0
H5B-P-12-07#s100r036	64	0	0	0	0	ABSTAIN	A	0	0	0
H5B-P-12-08#s100r036	64	0	0	0	0	ABSTAIN	A	0	0	0
H5B-P-12-09#s100r036	64	0	0	0	0	ABSTAIN	A	0	0	0
H5B-P-20-00#s100r036	64	0	0	0	0	ABSTAIN	A	0	0	0
H5B-P-20-01#s100r036	64	0	0	0	0	ABSTAIN	A	0	0	0
H5B-P-20-02#s100r036	64	0	0	0	0	ABSTAIN	A	0	0	0
H5B-P-20-03#s100r036	64	0	0	0	0	ABSTAIN	A	0	0	0
H5B-P-20-04#s100r036	64	0	0	0	0	ABSTAIN	A	0	0	0
H5B-P-20-05#s100r036	64	0	0	0	0	ABSTAIN	A	0	0	0
H5B-P-20-06#s100r036	64	0	0	0	0	ABSTAIN	A	0	0	0
H5B-P-20-07#s100r036	64	0	0	0	0	ABSTAIN	A	0	0	0
H5B-P-20-08#s100r036	64	0	0	0	0	ABSTAIN	A	0	0	0
H5B-P-20-09#s100r036	64	0	0	0	0	ABSTAIN	A	0	0	0
H5B-P-40-00#s100r036	64	0	0	0	0	ABSTAIN	A	0	0	0
H5B-P-40-01#s100r036	64	0	0	0	0	ABSTAIN	A	0	0	0
H5B-P-40-02#s100r036	64	0	0	0	0	ABSTAIN	A	0	0	0
H5B-P-40-03#s100r036	64	0	0	0	0	ABSTAIN	A	0	0	0
H5B-P-40-04#s100r036	64	0	0	0	0	ABSTAIN	A	0	0	0
H5B-P-40-05#s100r036	64	0	0	0	0	ABSTAIN	A	0	0	0
H5B-P-40-06#s100r036	64	0	0	0	0	ABSTAIN	A	0	0	0
H5B-P-40-07#s100r036	64	0	0	0	0	ABSTAIN	A	0	0	0
H5B-P-40-08#s100r036	64	0	0	0	0	ABSTAIN	A	0	0	0
H5B-P-40-09#s100r036	64	0	0	0	0	ABSTAIN	A	0	0	0
H5B-O-06-00#s100r036	64	0	0	0	0	ABSTAIN	A	0	0	0
H5B-O-06-01#s100r036	64	0	0	0	0	ABSTAIN	A	0	0	0
H5B-O-06-02#s100r036	64	0	0	0	0	ABSTAIN	A	0	0	0
H5B-O-06-03#s100r036	64	0	0	0	0	ABSTAIN	A	0	0	0
H5B-O-06-04#s100r036	64	0	0	0	0	ABSTAIN	A	0	0	0
H5B-O-06-05#s100r036	64	0	0	0	0	ABSTAIN	A	0	0	0
H5B-O-06-06#s100r036	64	0	0	0	0	ABSTAIN	A	0	0	0
H5B-O-06-07#s100r036	64	0	0	0	0	ABSTAIN	A	0	0	0
H5B-O-06-08#s100r036	64	0	0	0	0	ABSTAIN	A	0	0	0
H5B-O-06-09#s100r036	64	0	0	0	0	ABSTAIN	A	0	0	0
H5B-O-12-00#s100r036	64	0	0	0	0	ABSTAIN	A	0	0	0
H5B-O-12-01#s100r036	64	0	0	0	0	ABSTAIN	A	0	0	0
H5B-O-12-02#s100r036	64	0	0	0	0	ABSTAIN	A	0	0	0
H5B-O-12-03#s100r036	64	0	0	0	0	ABSTAIN	A	0	0	0
H5B-O-12-04#s100r036	64	0	0	0	0	ABSTAIN	A	0	0	0
H5B-O-12-05#s100r036	64	0	0	0	0	ABSTAIN	A	0	0	0
H5B-O-12-06#s100r036	64	0	0	0	0	ABSTAIN	A	0	0	0
H5B-O-12-07#s100r036	64	0	0	0	0	ABSTAIN	A	0	0	0
H5B-O-12-08#s100r036	64	0	0	0	0	ABSTAIN	A	0	0	0
H5B-O-12-09#s100r036	64	0	0	0	0	ABSTAIN	A	0	0	0
H5B-O-20-00#s100r036	64	0	0	0	0	ABSTAIN	A	0	0	0
H5B-O-20-01#s100r036	64	0	0	0	0	ABSTAIN	A	0	0	0
H5B-O-20-02#s100r036	64	0	0	0	0	ABSTAIN	A	0	0	0
H5B-O-20-03#s100r036	64	0	0	0	0	ABSTAIN	A	0	0	0
H5B-O-20-04#s100r036	64	0	0	0	0	ABSTAIN	A	0	0	0
H5B-O-20-05#s100r036	64	0	0	0	0	ABSTAIN	A	0	0	0
H5B-O-20-06#s100r036	64	0	0	0	0	ABSTAIN	A	0	0	0
H5B-O-20-07#s100r036	64	0	0	0	0	ABSTAIN	A	0	0	0
H5B-O-20-08#s100r036	64	0	0	0	0	ABSTAIN	A	0	0	0
H5B-O-20-09#s100r036	64	0	0	0	0	ABSTAIN	A	0	0	0
H5B-O-40-00#s100r036	64	0	0	0	0	ABSTAIN	A	0	0	0
H5B-O-40-01#s100r036	64	0	0	0	0	ABSTAIN	A	0	0	0
H5B-O-40-02#s100r036	64	0	0	0	0	ABSTAIN	A	0	0	0
H5B-O-40-03#s100r036	64	0	0	0	0	ABSTAIN	A	0	0	0
H5B-O-40-04#s100r036	64	0	0	0	0	ABSTAIN	A	0	0	0
H5B-O-40-05#s100r036	64	0	0	0	0	ABSTAIN	A	0	0	0
H5B-O-40-06#s100r036	64	0	0	0	0	ABSTAIN	A	0	0	0
H5B-O-40-07#s100r036	64	0	0	0	0	ABSTAIN	A	0	0	0
H5B-O-40-08#s100r036	64	0	0	0	0	ABSTAIN	A	0	0	0
H5B-O-40-09#s100r036	64	0	0	0	0	ABSTAIN	A	0	0	0
H5B-D-0-00#s100r036	64	0	0	0	0	RELEASE	1	662	0	0
H5B-D-0-01#s100r036	64	0	0	0	0	RELEASE	1	662	0	0
H5B-D-0-02#s100r036	64	0	0	0	0	RELEASE	1	662	0	0
H5B-D-0-03#s100r036	64	0	0	0	0	RELEASE	1	662	0	0
H5B-D-0-04#s100r036	64	0	0	0	0	RELEASE	1	662	0	0
H5B-D-0-05#s100r036	64	0	0	0	0	RELEASE	1	662	0	0
H5B-D-0-06#s100r036	64	0	0	0	0	RELEASE	1	662	0	0
H5B-D-0-07#s100r036	64	0	0	0	0	RELEASE	1	663	0	0
H5B-D-0-08#s100r036	64	0	0	0	0	RELEASE	1	663	0	0
H5B-D-0-09#s100r036	64	0	0	0	0	RELEASE	1	663	0	0
H5B-D-1-00#s100r036	64	0	0	0	0	ABSTAIN	A	0	0	0
H5B-D-1-01#s100r036	64	0	0	0	0	ABSTAIN	A	0	0	0
H5B-D-1-02#s100r036	64	0	0	0	0	ABSTAIN	A	0	0	0
H5B-D-1-03#s100r036	64	0	0	0	0	ABSTAIN	A	0	0	0
H5B-D-1-04#s100r036	64	0	0	0	0	ABSTAIN	A	0	0	0
H5B-D-1-05#s100r036	64	0	0	0	0	ABSTAIN	A	0	0	0
H5B-D-1-06#s100r036	64	0	0	0	0	ABSTAIN	A	0	0	0
H5B-D-1-07#s100r036	64	0	0	0	0	ABSTAIN	A	0	0	0
H5B-D-1-08#s100r036	64	0	0	0	0	ABSTAIN	A	0	0	0
H5B-D-1-09#s100r036	64	0	0	0	0	ABSTAIN	A	0	0	0
H5B-D-2-00#s100r036	64	0	0	0	0	ABSTAIN	A	0	0	0
H5B-D-2-01#s100r036	64	0	0	0	0	ABSTAIN	A	0	0	0
H5B-D-2-02#s100r036	64	0	0	0	0	ABSTAIN	A	0	0	0
H5B-D-2-03#s100r036	64	0	0	0	0	ABSTAIN	A	0	0	0
H5B-D-2-04#s100r036	64	0	0	0	0	ABSTAIN	A	0	0	0
H5B-D-2-05#s100r036	64	0	0	0	0	ABSTAIN	A	0	0	0
H5B-D-2-06#s100r036	64	0	0	0	0	ABSTAIN	A	0	0	0
H5B-D-2-07#s100r036	64	0	0	0	0	ABSTAIN	A	0	0	0
H5B-D-2-08#s100r036	64	0	0	0	0	ABSTAIN	A	0	0	0
H5B-D-2-09#s100r036	64	0	0	0	0	ABSTAIN	A	0	0	0
H5B-D-6-00#s100r036	64	0	0	0	0	ABSTAIN	A	0	0	0
H5B-D-6-01#s100r036	64	0	0	0	0	ABSTAIN	A	0	0	0
H5B-D-6-02#s100r036	64	0	0	0	0	ABSTAIN	A	0	0	0
H5B-D-6-03#s100r036	64	0	0	0	0	ABSTAIN	A	0	0	0
H5B-D-6-04#s100r036	64	0	0	0	0	ABSTAIN	A	0	0	0
H5B-D-6-05#s100r036	64	0	0	0	0	ABSTAIN	A	0	0	0
H5B-D-6-06#s100r036	64	0	0	0	0	ABSTAIN	A	0	0	0
H5B-D-6-07#s100r036	64	0	0	0	0	ABSTAIN	A	0	0	0
H5B-D-6-08#s100r036	64	0	0	0	0	ABSTAIN	A	0	0	0
H5B-D-6-09#s100r036	64	0	0	0	0	ABSTAIN	A	0	0	0
H5B-P-06-00#s100r037	64	0	0	0	0	ABSTAIN	A	0	0	0
H5B-P-06-01#s100r037	64	0	0	0	0	ABSTAIN	A	0	0	0
H5B-P-06-02#s100r037	64	0	0	0	0	ABSTAIN	A	0	0	0
H5B-P-06-03#s100r037	64	0	0	0	0	ABSTAIN	A	0	0	0
H5B-P-06-04#s100r037	64	0	0	0	0	ABSTAIN	A	0	0	0
H5B-P-06-05#s100r037	64	0	0	0	0	ABSTAIN	A	0	0	0
H5B-P-06-06#s100r037	64	0	0	0	0	ABSTAIN	A	0	0	0
H5B-P-06-07#s100r037	64	0	0	0	0	ABSTAIN	A	0	0	0
H5B-P-06-08#s100r037	64	0	0	0	0	ABSTAIN	A	0	0	0
H5B-P-06-09#s100r037	64	0	0	0	0	ABSTAIN	A	0	0	0
H5B-P-12-00#s100r037	64	0	0	0	0	ABSTAIN	A	0	0	0
H5B-P-12-01#s100r037	64	0	0	0	0	ABSTAIN	A	0	0	0
H5B-P-12-02#s100r037	64	0	0	0	0	ABSTAIN	A	0	0	0
H5B-P-12-03#s100r037	64	0	0	0	0	ABSTAIN	A	0	0	0
H5B-P-12-04#s100r037	64	0	0	0	0	ABSTAIN	A	0	0	0
H5B-P-12-05#s100r037	64	0	0	0	0	ABSTAIN	A	0	0	0
H5B-P-12-06#s100r037	64	0	0	0	0	ABSTAIN	A	0	0	0
H5B-P-12-07#s100r037	64	0	0	0	0	ABSTAIN	A	0	0	0
H5B-P-12-08#s100r037	64	0	0	0	0	ABSTAIN	A	0	0	0
H5B-P-12-09#s100r037	64	0	0	0	0	ABSTAIN	A	0	0	0
H5B-P-20-00#s100r037	64	0	0	0	0	ABSTAIN	A	0	0	0
H5B-P-20-01#s100r037	64	0	0	0	0	ABSTAIN	A	0	0	0
H5B-P-20-02#s100r037	64	0	0	0	0	ABSTAIN	A	0	0	0
H5B-P-20-03#s100r037	64	0	0	0	0	ABSTAIN	A	0	0	0
H5B-P-20-04#s100r037	64	0	0	0	0	ABSTAIN	A	0	0	0
H5B-P-20-05#s100r037	64	0	0	0	0	ABSTAIN	A	0	0	0
H5B-P-20-06#s100r037	64	0	0	0	0	ABSTAIN	A	0	0	0
H5B-P-20-07#s100r037	64	0	0	0	0	ABSTAIN	A	0	0	0
H5B-P-20-08#s100r037	64	0	0	0	0	ABSTAIN	A	0	0	0
H5B-P-20-09#s100r037	64	0	0	0	0	ABSTAIN	A	0	0	0
H5B-P-40-00#s100r037	64	0	0	0	0	ABSTAIN	A	0	0	0
H5B-P-40-01#s100r037	64	0	0	0	0	ABSTAIN	A	0	0	0
H5B-P-40-02#s100r037	64	0	0	0	0	ABSTAIN	A	0	0	0
H5B-P-40-03#s100r037	64	0	0	0	0	ABSTAIN	A	0	0	0
H5B-P-40-04#s100r037	64	0	0	0	0	ABSTAIN	A	0	0	0
H5B-P-40-05#s100r037	64	0	0	0	0	ABSTAIN	A	0	0	0
H5B-P-40-06#s100r037	64	0	0	0	0	ABSTAIN	A	0	0	0
H5B-P-40-07#s100r037	64	0	0	0	0	ABSTAIN	A	0	0	0
H5B-P-40-08#s100r037	64	0	0	0	0	ABSTAIN	A	0	0	0
H5B-P-40-09#s100r037	64	0	0	0	0	ABSTAIN	A	0	0	0
H5B-O-06-00#s100r037	64	0	0	0	0	ABSTAIN	A	0	0	0
H5B-O-06-01#s100r037	64	0	0	0	0	ABSTAIN	A	0	0	0
H5B-O-06-02#s100r037	64	0	0	0	0	ABSTAIN	A	0	0	0
H5B-O-06-03#s100r037	64	0	0	0	0	ABSTAIN	A	0	0	0
H5B-O-06-04#s100r037	64	0	0	0	0	ABSTAIN	A	0	0	0
H5B-O-06-05#s100r037	64	0	0	0	0	ABSTAIN	A	0	0	0
H5B-O-06-06#s100r037	64	0	0	0	0	ABSTAIN	A	0	0	0
H5B-O-06-07#s100r037	64	0	0	0	0	ABSTAIN	A	0	0	0
H5B-O-06-08#s100r037	64	0	0	0	0	ABSTAIN	A	0	0	0
H5B-O-06-09#s100r037	64	0	0	0	0	ABSTAIN	A	0	0	0
H5B-O-12-00#s100r037	64	0	0	0	0	ABSTAIN	A	0	0	0
H5B-O-12-01#s100r037	64	0	0	0	0	ABSTAIN	A	0	0	0
H5B-O-12-02#s100r037	64	0	0	0	0	ABSTAIN	A	0	0	0
H5B-O-12-03#s100r037	64	0	0	0	0	ABSTAIN	A	0	0	0
H5B-O-12-04#s100r037	64	0	0	0	0	ABSTAIN	A	0	0	0
H5B-O-12-05#s100r037	64	0	0	0	0	ABSTAIN	A	0	0	0
H5B-O-12-06#s100r037	64	0	0	0	0	ABSTAIN	A	0	0	0
H5B-O-12-07#s100r037	64	0	0	0	0	ABSTAIN	A	0	0	0
H5B-O-12-08#s100r037	64	0	0	0	0	ABSTAIN	A	0	0	0
H5B-O-12-09#s100r037	64	0	0	0	0	ABSTAIN	A	0	0	0
H5B-O-20-00#s100r037	64	0	0	0	0	ABSTAIN	A	0	0	0
H5B-O-20-01#s100r037	64	0	0	0	0	ABSTAIN	A	0	0	0
H5B-O-20-02#s100r037	64	0	0	0	0	ABSTAIN	A	0	0	0
H5B-O-20-03#s100r037	64	0	0	0	0	ABSTAIN	A	0	0	0
H5B-O-20-04#s100r037	64	0	0	0	0	ABSTAIN	A	0	0	0
H5B-O-20-05#s100r037	64	0	0	0	0	ABSTAIN	A	0	0	0
H5B-O-20-06#s100r037	64	0	0	0	0	ABSTAIN	A	0	0	0
H5B-O-20-07#s100r037	64	0	0	0	0	ABSTAIN	A	0	0	0
H5B-O-20-08#s100r037	64	0	0	0	0	ABSTAIN	A	0	0	0
H5B-O-20-09#s100r037	64	0	0	0	0	ABSTAIN	A	0	0	0
H5B-O-40-00#s100r037	64	0	0	0	0	ABSTAIN	A	0	0	0
H5B-O-40-01#s100r037	64	0	0	0	0	ABSTAIN	A	0	0	0
H5B-O-40-02#s100r037	64	0	0	0	0	ABSTAIN	A	0	0	0
H5B-O-40-03#s100r037	64	0	0	0	0	ABSTAIN	A	0	0	0
H5B-O-40-04#s100r037	64	0	0	0	0	ABSTAIN	A	0	0	0
H5B-O-40-05#s100r037	64	0	0	0	0	ABSTAIN	A	0	0	0
H5B-O-40-06#s100r037	64	0	0	0	0	ABSTAIN	A	0	0	0
H5B-O-40-07#s100r037	64	0	0	0	0	ABSTAIN	A	0	0	0
H5B-O-40-08#s100r037	64	0	0	0	0	ABSTAIN	A	0	0	0
H5B-O-40-09#s100r037	64	0	0	0	0	ABSTAIN	A	0	0	0
H5B-D-0-00#s100r037	64	0	0	0	0	RELEASE	1	662	0	0
H5B-D-0-01#s100r037	64	0	0	0	0	RELEASE	1	662	0	0
H5B-D-0-02#s100r037	64	0	0	0	0	RELEASE	1	662	0	0
H5B-D-0-03#s100r037	64	0	0	0	0	RELEASE	1	662	0	0
H5B-D-0-04#s100r037	64	0	0	0	0	RELEASE	1	662	0	0
H5B-D-0-05#s100r037	64	0	0	0	0	RELEASE	1	662	0	0
H5B-D-0-06#s100r037	64	0	0	0	0	RELEASE	1	662	0	0
H5B-D-0-07#s100r037	64	0	0	0	0	RELEASE	1	662	0	0
H5B-D-0-08#s100r037	64	0	0	0	0	RELEASE	1	663	0	0
H5B-D-0-09#s100r037	64	0	0	0	0	RELEASE	1	663	0	0
H5B-D-1-00#s100r037	64	0	0	0	0	ABSTAIN	A	0	0	0
H5B-D-1-01#s100r037	64	0	0	0	0	ABSTAIN	A	0	0	0
H5B-D-1-02#s100r037	64	0	0	0	0	ABSTAIN	A	0	0	0
H5B-D-1-03#s100r037	64	0	0	0	0	ABSTAIN	A	0	0	0
H5B-D-1-04#s100r037	64	0	0	0	0	ABSTAIN	A	0	0	0
H5B-D-1-05#s100r037	64	0	0	0	0	ABSTAIN	A	0	0	0
H5B-D-1-06#s100r037	64	0	0	0	0	ABSTAIN	A	0	0	0
H5B-D-1-07#s100r037	64	0	0	0	0	ABSTAIN	A	0	0	0
H5B-D-1-08#s100r037	64	0	0	0	0	ABSTAIN	A	0	0	0
H5B-D-1-09#s100r037	64	0	0	0	0	ABSTAIN	A	0	0	0
H5B-D-2-00#s100r037	64	0	0	0	0	ABSTAIN	A	0	0	0
H5B-D-2-01#s100r037	64	0	0	0	0	ABSTAIN	A	0	0	0
H5B-D-2-02#s100r037	64	0	0	0	0	ABSTAIN	A	0	0	0
H5B-D-2-03#s100r037	64	0	0	0	0	ABSTAIN	A	0	0	0
H5B-D-2-04#s100r037	64	0	0	0	0	ABSTAIN	A	0	0	0
H5B-D-2-05#s100r037	64	0	0	0	0	ABSTAIN	A	0	0	0
H5B-D-2-06#s100r037	64	0	0	0	0	ABSTAIN	A	0	0	0
H5B-D-2-07#s100r037	64	0	0	0	0	ABSTAIN	A	0	0	0
H5B-D-2-08#s100r037	64	0	0	0	0	ABSTAIN	A	0	0	0
H5B-D-2-09#s100r037	64	0	0	0	0	ABSTAIN	A	0	0	0
H5B-D-6-00#s100r037	64	0	0	0	0	ABSTAIN	A	0	0	0
H5B-D-6-01#s100r037	64	0	0	0	0	ABSTAIN	A	0	0	0
H5B-D-6-02#s100r037	64	0	0	0	0	ABSTAIN	A	0	0	0
H5B-D-6-03#s100r037	64	0	0	0	0	ABSTAIN	A	0	0	0
H5B-D-6-04#s100r037	64	0	0	0	0	ABSTAIN	A	0	0	0
H5B-D-6-05#s100r037	64	0	0	0	0	ABSTAIN	A	0	0	0
H5B-D-6-06#s100r037	64	0	0	0	0	ABSTAIN	A	0	0	0
H5B-D-6-07#s100r037	64	0	0	0	0	ABSTAIN	A	0	0	0
H5B-D-6-08#s100r037	64	0	0	0	0	ABSTAIN	A	0	0	0
H5B-D-6-09#s100r037	64	0	0	0	0	ABSTAIN	A	0	0	0
H5B-P-06-00#s100r038	64	0	0	0	0	ABSTAIN	A	0	0	0
H5B-P-06-01#s100r038	64	0	0	0	0	ABSTAIN	A	0	0	0
H5B-P-06-02#s100r038	64	0	0	0	0	ABSTAIN	A	0	0	0
H5B-P-06-03#s100r038	64	0	0	0	0	ABSTAIN	A	0	0	0
H5B-P-06-04#s100r038	64	0	0	0	0	ABSTAIN	A	0	0	0
H5B-P-06-05#s100r038	64	0	0	0	0	ABSTAIN	A	0	0	0
H5B-P-06-06#s100r038	64	0	0	0	0	ABSTAIN	A	0	0	0
H5B-P-06-07#s100r038	64	0	0	0	0	ABSTAIN	A	0	0	0
H5B-P-06-08#s100r038	64	0	0	0	0	ABSTAIN	A	0	0	0
H5B-P-06-09#s100r038	64	0	0	0	0	ABSTAIN	A	0	0	0
H5B-P-12-00#s100r038	64	0	0	0	0	ABSTAIN	A	0	0	0
H5B-P-12-01#s100r038	64	0	0	0	0	ABSTAIN	A	0	0	0
H5B-P-12-02#s100r038	64	0	0	0	0	ABSTAIN	A	0	0	0
H5B-P-12-03#s100r038	64	0	0	0	0	ABSTAIN	A	0	0	0
H5B-P-12-04#s100r038	64	0	0	0	0	ABSTAIN	A	0	0	0
H5B-P-12-05#s100r038	64	0	0	0	0	ABSTAIN	A	0	0	0
H5B-P-12-06#s100r038	64	0	0	0	0	ABSTAIN	A	0	0	0
H5B-P-12-07#s100r038	64	0	0	0	0	ABSTAIN	A	0	0	0
H5B-P-12-08#s100r038	64	0	0	0	0	ABSTAIN	A	0	0	0
H5B-P-12-09#s100r038	64	0	0	0	0	ABSTAIN	A	0	0	0
H5B-P-20-00#s100r038	64	0	0	0	0	ABSTAIN	A	0	0	0
H5B-P-20-01#s100r038	64	0	0	0	0	ABSTAIN	A	0	0	0
H5B-P-20-02#s100r038	64	0	0	0	0	ABSTAIN	A	0	0	0
H5B-P-20-03#s100r038	64	0	0	0	0	ABSTAIN	A	0	0	0
H5B-P-20-04#s100r038	64	0	0	0	0	ABSTAIN	A	0	0	0
H5B-P-20-05#s100r038	64	0	0	0	0	ABSTAIN	A	0	0	0
H5B-P-20-06#s100r038	64	0	0	0	0	ABSTAIN	A	0	0	0
H5B-P-20-07#s100r038	64	0	0	0	0	ABSTAIN	A	0	0	0
H5B-P-20-08#s100r038	64	0	0	0	0	ABSTAIN	A	0	0	0
H5B-P-20-09#s100r038	64	0	0	0	0	ABSTAIN	A	0	0	0
H5B-P-40-00#s100r038	64	0	0	0	0	ABSTAIN	A	0	0	0
H5B-P-40-01#s100r038	64	0	0	0	0	ABSTAIN	A	0	0	0
H5B-P-40-02#s100r038	64	0	0	0	0	ABSTAIN	A	0	0	0
H5B-P-40-03#s100r038	64	0	0	0	0	ABSTAIN	A	0	0	0
H5B-P-40-04#s100r038	64	0	0	0	0	ABSTAIN	A	0	0	0
H5B-P-40-05#s100r038	64	0	0	0	0	ABSTAIN	A	0	0	0
H5B-P-40-06#s100r038	64	0	0	0	0	ABSTAIN	A	0	0	0
H5B-P-40-07#s100r038	64	0	0	0	0	ABSTAIN	A	0	0	0
H5B-P-40-08#s100r038	64	0	0	0	0	ABSTAIN	A	0	0	0
H5B-P-40-09#s100r038	64	0	0	0	0	ABSTAIN	A	0	0	0
H5B-O-06-00#s100r038	64	0	0	0	0	ABSTAIN	A	0	0	0
H5B-O-06-01#s100r038	64	0	0	0	0	ABSTAIN	A	0	0	0
H5B-O-06-02#s100r038	64	0	0	0	0	ABSTAIN	A	0	0	0
H5B-O-06-03#s100r038	64	0	0	0	0	ABSTAIN	A	0	0	0
H5B-O-06-04#s100r038	64	0	0	0	0	ABSTAIN	A	0	0	0
H5B-O-06-05#s100r038	64	0	0	0	0	ABSTAIN	A	0	0	0
H5B-O-06-06#s100r038	64	0	0	0	0	ABSTAIN	A	0	0	0
H5B-O-06-07#s100r038	64	0	0	0	0	ABSTAIN	A	0	0	0
H5B-O-06-08#s100r038	64	0	0	0	0	ABSTAIN	A	0	0	0
H5B-O-06-09#s100r038	64	0	0	0	0	ABSTAIN	A	0	0	0
H5B-O-12-00#s100r038	64	0	0	0	0	ABSTAIN	A	0	0	0
H5B-O-12-01#s100r038	64	0	0	0	0	ABSTAIN	A	0	0	0
H5B-O-12-02#s100r038	64	0	0	0	0	ABSTAIN	A	0	0	0
H5B-O-12-03#s100r038	64	0	0	0	0	ABSTAIN	A	0	0	0
H5B-O-12-04#s100r038	64	0	0	0	0	ABSTAIN	A	0	0	0
H5B-O-12-05#s100r038	64	0	0	0	0	ABSTAIN	A	0	0	0
H5B-O-12-06#s100r038	64	0	0	0	0	ABSTAIN	A	0	0	0
H5B-O-12-07#s100r038	64	0	0	0	0	ABSTAIN	A	0	0	0
H5B-O-12-08#s100r038	64	0	0	0	0	ABSTAIN	A	0	0	0
H5B-O-12-09#s100r038	64	0	0	0	0	ABSTAIN	A	0	0	0
H5B-O-20-00#s100r038	64	0	0	0	0	ABSTAIN	A	0	0	0
H5B-O-20-01#s100r038	64	0	0	0	0	ABSTAIN	A	0	0	0
H5B-O-20-02#s100r038	64	0	0	0	0	ABSTAIN	A	0	0	0
H5B-O-20-03#s100r038	64	0	0	0	0	ABSTAIN	A	0	0	0
H5B-O-20-04#s100r038	64	0	0	0	0	ABSTAIN	A	0	0	0
H5B-O-20-05#s100r038	64	0	0	0	0	ABSTAIN	A	0	0	0
H5B-O-20-06#s100r038	64	0	0	0	0	ABSTAIN	A	0	0	0
H5B-O-20-07#s100r038	64	0	0	0	0	ABSTAIN	A	0	0	0
H5B-O-20-08#s100r038	64	0	0	0	0	ABSTAIN	A	0	0	0
H5B-O-20-09#s100r038	64	0	0	0	0	ABSTAIN	A	0	0	0
H5B-O-40-00#s100r038	64	0	0	0	0	ABSTAIN	A	0	0	0
H5B-O-40-01#s100r038	64	0	0	0	0	ABSTAIN	A	0	0	0
H5B-O-40-02#s100r038	64	0	0	0	0	ABSTAIN	A	0	0	0
H5B-O-40-03#s100r038	64	0	0	0	0	ABSTAIN	A	0	0	0
H5B-O-40-04#s100r038	64	0	0	0	0	ABSTAIN	A	0	0	0
H5B-O-40-05#s100r038	64	0	0	0	0	ABSTAIN	A	0	0	0
H5B-O-40-06#s100r038	64	0	0	0	0	ABSTAIN	A	0	0	0
H5B-O-40-07#s100r038	64	0	0	0	0	ABSTAIN	A	0	0	0
H5B-O-40-08#s100r038	64	0	0	0	0	ABSTAIN	A	0	0	0
H5B-O-40-09#s100r038	64	0	0	0	0	ABSTAIN	A	0	0	0
H5B-D-0-00#s100r038	64	0	0	0	0	RELEASE	1	662	0	0
H5B-D-0-01#s100r038	64	0	0	0	0	RELEASE	1	662	0	0
H5B-D-0-02#s100r038	64	0	0	0	0	RELEASE	1	662	0	0
H5B-D-0-03#s100r038	64	0	0	0	0	RELEASE	1	662	0	0
H5B-D-0-04#s100r038	64	0	0	0	0	RELEASE	1	662	0	0
H5B-D-0-05#s100r038	64	0	0	0	0	RELEASE	1	662	0	0
H5B-D-0-06#s100r038	64	0	0	0	0	RELEASE	1	662	0	0
H5B-D-0-07#s100r038	64	0	0	0	0	RELEASE	1	662	0	0
H5B-D-0-08#s100r038	64	0	0	0	0	RELEASE	1	662	0	0
H5B-D-0-09#s100r038	64	0	0	0	0	RELEASE	1	663	0	0
H5B-D-1-00#s100r038	64	0	0	0	0	ABSTAIN	A	0	0	0
H5B-D-1-01#s100r038	64	0	0	0	0	ABSTAIN	A	0	0	0
H5B-D-1-02#s100r038	64	0	0	0	0	ABSTAIN	A	0	0	0
H5B-D-1-03#s100r038	64	0	0	0	0	ABSTAIN	A	0	0	0
H5B-D-1-04#s100r038	64	0	0	0	0	ABSTAIN	A	0	0	0
H5B-D-1-05#s100r038	64	0	0	0	0	ABSTAIN	A	0	0	0
H5B-D-1-06#s100r038	64	0	0	0	0	ABSTAIN	A	0	0	0
H5B-D-1-07#s100r038	64	0	0	0	0	ABSTAIN	A	0	0	0
H5B-D-1-08#s100r038	64	0	0	0	0	ABSTAIN	A	0	0	0
H5B-D-1-09#s100r038	64	0	0	0	0	ABSTAIN	A	0	0	0
H5B-D-2-00#s100r038	64	0	0	0	0	ABSTAIN	A	0	0	0
H5B-D-2-01#s100r038	64	0	0	0	0	ABSTAIN	A	0	0	0
H5B-D-2-02#s100r038	64	0	0	0	0	ABSTAIN	A	0	0	0
H5B-D-2-03#s100r038	64	0	0	0	0	ABSTAIN	A	0	0	0
H5B-D-2-04#s100r038	64	0	0	0	0	ABSTAIN	A	0	0	0
H5B-D-2-05#s100r038	64	0	0	0	0	ABSTAIN	A	0	0	0
H5B-D-2-06#s100r038	64	0	0	0	0	ABSTAIN	A	0	0	0
H5B-D-2-07#s100r038	64	0	0	0	0	ABSTAIN	A	0	0	0
H5B-D-2-08#s100r038	64	0	0	0	0	ABSTAIN	A	0	0	0
H5B-D-2-09#s100r038	64	0	0	0	0	ABSTAIN	A	0	0	0
H5B-D-6-00#s100r038	64	0	0	0	0	ABSTAIN	A	0	0	0
H5B-D-6-01#s100r038	64	0	0	0	0	ABSTAIN	A	0	0	0
H5B-D-6-02#s100r038	64	0	0	0	0	ABSTAIN	A	0	0	0
H5B-D-6-03#s100r038	64	0	0	0	0	ABSTAIN	A	0	0	0
H5B-D-6-04#s100r038	64	0	0	0	0	ABSTAIN	A	0	0	0
H5B-D-6-05#s100r038	64	0	0	0	0	ABSTAIN	A	0	0	0
H5B-D-6-06#s100r038	64	0	0	0	0	ABSTAIN	A	0	0	0
H5B-D-6-07#s100r038	64	0	0	0	0	ABSTAIN	A	0	0	0
H5B-D-6-08#s100r038	64	0	0	0	0	ABSTAIN	A	0	0	0
H5B-D-6-09#s100r038	64	0	0	0	0	ABSTAIN	A	0	0	0
H5B-P-06-00#s100r039	64	0	0	0	0	ABSTAIN	A	0	0	0
H5B-P-06-01#s100r039	64	0	0	0	0	ABSTAIN	A	0	0	0
H5B-P-06-02#s100r039	64	0	0	0	0	ABSTAIN	A	0	0	0
H5B-P-06-03#s100r039	64	0	0	0	0	ABSTAIN	A	0	0	0
H5B-P-06-04#s100r039	64	0	0	0	0	ABSTAIN	A	0	0	0
H5B-P-06-05#s100r039	64	0	0	0	0	ABSTAIN	A	0	0	0
H5B-P-06-06#s100r039	64	0	0	0	0	ABSTAIN	A	0	0	0
H5B-P-06-07#s100r039	64	0	0	0	0	ABSTAIN	A	0	0	0
H5B-P-06-08#s100r039	64	0	0	0	0	ABSTAIN	A	0	0	0
H5B-P-06-09#s100r039	64	0	0	0	0	ABSTAIN	A	0	0	0
H5B-P-12-00#s100r039	64	0	0	0	0	ABSTAIN	A	0	0	0
H5B-P-12-01#s100r039	64	0	0	0	0	ABSTAIN	A	0	0	0
H5B-P-12-02#s100r039	64	0	0	0	0	ABSTAIN	A	0	0	0
H5B-P-12-03#s100r039	64	0	0	0	0	ABSTAIN	A	0	0	0
H5B-P-12-04#s100r039	64	0	0	0	0	ABSTAIN	A	0	0	0
H5B-P-12-05#s100r039	64	0	0	0	0	ABSTAIN	A	0	0	0
H5B-P-12-06#s100r039	64	0	0	0	0	ABSTAIN	A	0	0	0
H5B-P-12-07#s100r039	64	0	0	0	0	ABSTAIN	A	0	0	0
H5B-P-12-08#s100r039	64	0	0	0	0	ABSTAIN	A	0	0	0
H5B-P-12-09#s100r039	64	0	0	0	0	ABSTAIN	A	0	0	0
H5B-P-20-00#s100r039	64	0	0	0	0	ABSTAIN	A	0	0	0
H5B-P-20-01#s100r039	64	0	0	0	0	ABSTAIN	A	0	0	0
H5B-P-20-02#s100r039	64	0	0	0	0	ABSTAIN	A	0	0	0
H5B-P-20-03#s100r039	64	0	0	0	0	ABSTAIN	A	0	0	0
H5B-P-20-04#s100r039	64	0	0	0	0	ABSTAIN	A	0	0	0
H5B-P-20-05#s100r039	64	0	0	0	0	ABSTAIN	A	0	0	0
H5B-P-20-06#s100r039	64	0	0	0	0	ABSTAIN	A	0	0	0
H5B-P-20-07#s100r039	64	0	0	0	0	ABSTAIN	A	0	0	0
H5B-P-20-08#s100r039	64	0	0	0	0	ABSTAIN	A	0	0	0
H5B-P-20-09#s100r039	64	0	0	0	0	ABSTAIN	A	0	0	0
H5B-P-40-00#s100r039	64	0	0	0	0	ABSTAIN	A	0	0	0
H5B-P-40-01#s100r039	64	0	0	0	0	ABSTAIN	A	0	0	0
H5B-P-40-02#s100r039	64	0	0	0	0	ABSTAIN	A	0	0	0
H5B-P-40-03#s100r039	64	0	0	0	0	ABSTAIN	A	0	0	0
H5B-P-40-04#s100r039	64	0	0	0	0	ABSTAIN	A	0	0	0
H5B-P-40-05#s100r039	64	0	0	0	0	ABSTAIN	A	0	0	0
H5B-P-40-06#s100r039	64	0	0	0	0	ABSTAIN	A	0	0	0
H5B-P-40-07#s100r039	64	0	0	0	0	ABSTAIN	A	0	0	0
H5B-P-40-08#s100r039	64	0	0	0	0	ABSTAIN	A	0	0	0
H5B-P-40-09#s100r039	64	0	0	0	0	ABSTAIN	A	0	0	0
H5B-O-06-00#s100r039	64	0	0	0	0	ABSTAIN	A	0	0	0
H5B-O-06-01#s100r039	64	0	0	0	0	ABSTAIN	A	0	0	0
H5B-O-06-02#s100r039	64	0	0	0	0	ABSTAIN	A	0	0	0
H5B-O-06-03#s100r039	64	0	0	0	0	ABSTAIN	A	0	0	0
H5B-O-06-04#s100r039	64	0	0	0	0	ABSTAIN	A	0	0	0
H5B-O-06-05#s100r039	64	0	0	0	0	ABSTAIN	A	0	0	0
H5B-O-06-06#s100r039	64	0	0	0	0	ABSTAIN	A	0	0	0
H5B-O-06-07#s100r039	64	0	0	0	0	ABSTAIN	A	0	0	0
H5B-O-06-08#s100r039	64	0	0	0	0	ABSTAIN	A	0	0	0
H5B-O-06-09#s100r039	64	0	0	0	0	ABSTAIN	A	0	0	0
H5B-O-12-00#s100r039	64	0	0	0	0	ABSTAIN	A	0	0	0
H5B-O-12-01#s100r039	64	0	0	0	0	ABSTAIN	A	0	0	0
H5B-O-12-02#s100r039	64	0	0	0	0	ABSTAIN	A	0	0	0
H5B-O-12-03#s100r039	64	0	0	0	0	ABSTAIN	A	0	0	0
H5B-O-12-04#s100r039	64	0	0	0	0	ABSTAIN	A	0	0	0
H5B-O-12-05#s100r039	64	0	0	0	0	ABSTAIN	A	0	0	0
H5B-O-12-06#s100r039	64	0	0	0	0	ABSTAIN	A	0	0	0
H5B-O-12-07#s100r039	64	0	0	0	0	ABSTAIN	A	0	0	0
H5B-O-12-08#s100r039	64	0	0	0	0	ABSTAIN	A	0	0	0
H5B-O-12-09#s100r039	64	0	0	0	0	ABSTAIN	A	0	0	0
H5B-O-20-00#s100r039	64	0	0	0	0	ABSTAIN	A	0	0	0
H5B-O-20-01#s100r039	64	0	0	0	0	ABSTAIN	A	0	0	0
H5B-O-20-02#s100r039	64	0	0	0	0	ABSTAIN	A	0	0	0
H5B-O-20-03#s100r039	64	0	0	0	0	ABSTAIN	A	0	0	0
H5B-O-20-04#s100r039	64	0	0	0	0	ABSTAIN	A	0	0	0
H5B-O-20-05#s100r039	64	0	0	0	0	ABSTAIN	A	0	0	0
H5B-O-20-06#s100r039	64	0	0	0	0	ABSTAIN	A	0	0	0
H5B-O-20-07#s100r039	64	0	0	0	0	ABSTAIN	A	0	0	0
H5B-O-20-08#s100r039	64	0	0	0	0	ABSTAIN	A	0	0	0
H5B-O-20-09#s100r039	64	0	0	0	0	ABSTAIN	A	0	0	0
H5B-O-40-00#s100r039	64	0	0	0	0	ABSTAIN	A	0	0	0
H5B-O-40-01#s100r039	64	0	0	0	0	ABSTAIN	A	0	0	0
H5B-O-40-02#s100r039	64	0	0	0	0	ABSTAIN	A	0	0	0
H5B-O-40-03#s100r039	64	0	0	0	0	ABSTAIN	A	0	0	0
H5B-O-40-04#s100r039	64	0	0	0	0	ABSTAIN	A	0	0	0
H5B-O-40-05#s100r039	64	0	0	0	0	ABSTAIN	A	0	0	0
H5B-O-40-06#s100r039	64	0	0	0	0	ABSTAIN	A	0	0	0
H5B-O-40-07#s100r039	64	0	0	0	0	ABSTAIN	A	0	0	0
H5B-O-40-08#s100r039	64	0	0	0	0	ABSTAIN	A	0	0	0
H5B-O-40-09#s100r039	64	0	0	0	0	ABSTAIN	A	0	0	0
H5B-D-0-00#s100r039	64	0	0	0	0	RELEASE	1	662	0	0
H5B-D-0-01#s100r039	64	0	0	0	0	RELEASE	1	662	0	0
H5B-D-0-02#s100r039	64	0	0	0	0	RELEASE	1	662	0	0
H5B-D-0-03#s100r039	64	0	0	0	0	RELEASE	1	662	0	0
H5B-D-0-04#s100r039	64	0	0	0	0	RELEASE	1	662	0	0
H5B-D-0-05#s100r039	64	0	0	0	0	RELEASE	1	662	0	0
H5B-D-0-06#s100r039	64	0	0	0	0	RELEASE	1	662	0	0
H5B-D-0-07#s100r039	64	0	0	0	0	RELEASE	1	662	0	0
H5B-D-0-08#s100r039	64	0	0	0	0	RELEASE	1	662	0	0
H5B-D-0-09#s100r039	64	0	0	0	0	RELEASE	1	662	0	0
H5B-D-1-00#s100r039	64	0	0	0	0	ABSTAIN	A	0	0	0
H5B-D-1-01#s100r039	64	0	0	0	0	ABSTAIN	A	0	0	0
H5B-D-1-02#s100r039	64	0	0	0	0	ABSTAIN	A	0	0	0
H5B-D-1-03#s100r039	64	0	0	0	0	ABSTAIN	A	0	0	0
H5B-D-1-04#s100r039	64	0	0	0	0	ABSTAIN	A	0	0	0
H5B-D-1-05#s100r039	64	0	0	0	0	ABSTAIN	A	0	0	0
H5B-D-1-06#s100r039	64	0	0	0	0	ABSTAIN	A	0	0	0
H5B-D-1-07#s100r039	64	0	0	0	0	ABSTAIN	A	0	0	0
H5B-D-1-08#s100r039	64	0	0	0	0	ABSTAIN	A	0	0	0
H5B-D-1-09#s100r039	64	0	0	0	0	ABSTAIN	A	0	0	0
H5B-D-2-00#s100r039	64	0	0	0	0	ABSTAIN	A	0	0	0
H5B-D-2-01#s100r039	64	0	0	0	0	ABSTAIN	A	0	0	0
H5B-D-2-02#s100r039	64	0	0	0	0	ABSTAIN	A	0	0	0
H5B-D-2-03#s100r039	64	0	0	0	0	ABSTAIN	A	0	0	0
H5B-D-2-04#s100r039	64	0	0	0	0	ABSTAIN	A	0	0	0
H5B-D-2-05#s100r039	64	0	0	0	0	ABSTAIN	A	0	0	0
H5B-D-2-06#s100r039	64	0	0	0	0	ABSTAIN	A	0	0	0
H5B-D-2-07#s100r039	64	0	0	0	0	ABSTAIN	A	0	0	0
H5B-D-2-08#s100r039	64	0	0	0	0	ABSTAIN	A	0	0	0
H5B-D-2-09#s100r039	64	0	0	0	0	ABSTAIN	A	0	0	0
H5B-D-6-00#s100r039	64	0	0	0	0	ABSTAIN	A	0	0	0
H5B-D-6-01#s100r039	64	0	0	0	0	ABSTAIN	A	0	0	0
H5B-D-6-02#s100r039	64	0	0	0	0	ABSTAIN	A	0	0	0
H5B-D-6-03#s100r039	64	0	0	0	0	ABSTAIN	A	0	0	0
H5B-D-6-04#s100r039	64	0	0	0	0	ABSTAIN	A	0	0	0
H5B-D-6-05#s100r039	64	0	0	0	0	ABSTAIN	A	0	0	0
H5B-D-6-06#s100r039	64	0	0	0	0	ABSTAIN	A	0	0	0
H5B-D-6-07#s100r039	64	0	0	0	0	ABSTAIN	A	0	0	0
H5B-D-6-08#s100r039	64	0	0	0	0	ABSTAIN	A	0	0	0
H5B-D-6-09#s100r039	64	0	0	0	0	ABSTAIN	A	0	0	0
H5B-P-06-00#s100r040	64	0	0	0	0	ABSTAIN	A	0	0	0
H5B-P-06-01#s100r040	64	0	0	0	0	ABSTAIN	A	0	0	0
H5B-P-06-02#s100r040	64	0	0	0	0	ABSTAIN	A	0	0	0
H5B-P-06-03#s100r040	64	0	0	0	0	ABSTAIN	A	0	0	0
H5B-P-06-04#s100r040	64	0	0	0	0	ABSTAIN	A	0	0	0
H5B-P-06-05#s100r040	64	0	0	0	0	ABSTAIN	A	0	0	0
H5B-P-06-06#s100r040	64	0	0	0	0	ABSTAIN	A	0	0	0
H5B-P-06-07#s100r040	64	0	0	0	0	ABSTAIN	A	0	0	0
H5B-P-06-08#s100r040	64	0	0	0	0	ABSTAIN	A	0	0	0
H5B-P-06-09#s100r040	64	0	0	0	0	ABSTAIN	A	0	0	0
H5B-P-12-00#s100r040	64	0	0	0	0	ABSTAIN	A	0	0	0
H5B-P-12-01#s100r040	64	0	0	0	0	ABSTAIN	A	0	0	0
H5B-P-12-02#s100r040	64	0	0	0	0	ABSTAIN	A	0	0	0
H5B-P-12-03#s100r040	64	0	0	0	0	ABSTAIN	A	0	0	0
H5B-P-12-04#s100r040	64	0	0	0	0	ABSTAIN	A	0	0	0
H5B-P-12-05#s100r040	64	0	0	0	0	ABSTAIN	A	0	0	0
H5B-P-12-06#s100r040	64	0	0	0	0	ABSTAIN	A	0	0	0
H5B-P-12-07#s100r040	64	0	0	0	0	ABSTAIN	A	0	0	0
H5B-P-12-08#s100r040	64	0	0	0	0	ABSTAIN	A	0	0	0
H5B-P-12-09#s100r040	64	0	0	0	0	ABSTAIN	A	0	0	0
H5B-P-20-00#s100r040	64	0	0	0	0	ABSTAIN	A	0	0	0
H5B-P-20-01#s100r040	64	0	0	0	0	ABSTAIN	A	0	0	0
H5B-P-20-02#s100r040	64	0	0	0	0	ABSTAIN	A	0	0	0
H5B-P-20-03#s100r040	64	0	0	0	0	ABSTAIN	A	0	0	0
H5B-P-20-04#s100r040	64	0	0	0	0	ABSTAIN	A	0	0	0
H5B-P-20-05#s100r040	64	0	0	0	0	ABSTAIN	A	0	0	0
H5B-P-20-06#s100r040	64	0	0	0	0	ABSTAIN	A	0	0	0
H5B-P-20-07#s100r040	64	0	0	0	0	ABSTAIN	A	0	0	0
H5B-P-20-08#s100r040	64	0	0	0	0	ABSTAIN	A	0	0	0
H5B-P-20-09#s100r040	64	0	0	0	0	ABSTAIN	A	0	0	0
H5B-P-40-00#s100r040	64	0	0	0	0	ABSTAIN	A	0	0	0
H5B-P-40-01#s100r040	64	0	0	0	0	ABSTAIN	A	0	0	0
H5B-P-40-02#s100r040	64	0	0	0	0	ABSTAIN	A	0	0	0
H5B-P-40-03#s100r040	64	0	0	0	0	ABSTAIN	A	0	0	0
H5B-P-40-04#s100r040	64	0	0	0	0	ABSTAIN	A	0	0	0
H5B-P-40-05#s100r040	64	0	0	0	0	ABSTAIN	A	0	0	0
H5B-P-40-06#s100r040	64	0	0	0	0	ABSTAIN	A	0	0	0
H5B-P-40-07#s100r040	64	0	0	0	0	ABSTAIN	A	0	0	0
H5B-P-40-08#s100r040	64	0	0	0	0	ABSTAIN	A	0	0	0
H5B-P-40-09#s100r040	64	0	0	0	0	ABSTAIN	A	0	0	0
H5B-O-06-00#s100r040	64	0	0	0	0	ABSTAIN	A	0	0	0
H5B-O-06-01#s100r040	64	0	0	0	0	ABSTAIN	A	0	0	0
H5B-O-06-02#s100r040	64	0	0	0	0	ABSTAIN	A	0	0	0
H5B-O-06-03#s100r040	64	0	0	0	0	ABSTAIN	A	0	0	0
H5B-O-06-04#s100r040	64	0	0	0	0	ABSTAIN	A	0	0	0
H5B-O-06-05#s100r040	64	0	0	0	0	ABSTAIN	A	0	0	0
H5B-O-06-06#s100r040	64	0	0	0	0	ABSTAIN	A	0	0	0
H5B-O-06-07#s100r040	64	0	0	0	0	ABSTAIN	A	0	0	0
H5B-O-06-08#s100r040	64	0	0	0	0	ABSTAIN	A	0	0	0
H5B-O-06-09#s100r040	64	0	0	0	0	ABSTAIN	A	0	0	0
H5B-O-12-00#s100r040	64	0	0	0	0	ABSTAIN	A	0	0	0
H5B-O-12-01#s100r040	64	0	0	0	0	ABSTAIN	A	0	0	0
H5B-O-12-02#s100r040	64	0	0	0	0	ABSTAIN	A	0	0	0
H5B-O-12-03#s100r040	64	0	0	0	0	ABSTAIN	A	0	0	0
H5B-O-12-04#s100r040	64	0	0	0	0	ABSTAIN	A	0	0	0
H5B-O-12-05#s100r040	64	0	0	0	0	ABSTAIN	A	0	0	0
H5B-O-12-06#s100r040	64	0	0	0	0	ABSTAIN	A	0	0	0
H5B-O-12-07#s100r040	64	0	0	0	0	ABSTAIN	A	0	0	0
H5B-O-12-08#s100r040	64	0	0	0	0	ABSTAIN	A	0	0	0
H5B-O-12-09#s100r040	64	0	0	0	0	ABSTAIN	A	0	0	0
H5B-O-20-00#s100r040	64	0	0	0	0	ABSTAIN	A	0	0	0
H5B-O-20-01#s100r040	64	0	0	0	0	ABSTAIN	A	0	0	0
H5B-O-20-02#s100r040	64	0	0	0	0	ABSTAIN	A	0	0	0
H5B-O-20-03#s100r040	64	0	0	0	0	ABSTAIN	A	0	0	0
H5B-O-20-04#s100r040	64	0	0	0	0	ABSTAIN	A	0	0	0
H5B-O-20-05#s100r040	64	0	0	0	0	ABSTAIN	A	0	0	0
H5B-O-20-06#s100r040	64	0	0	0	0	ABSTAIN	A	0	0	0
H5B-O-20-07#s100r040	64	0	0	0	0	ABSTAIN	A	0	0	0
H5B-O-20-08#s100r040	64	0	0	0	0	ABSTAIN	A	0	0	0
H5B-O-20-09#s100r040	64	0	0	0	0	ABSTAIN	A	0	0	0
H5B-O-40-00#s100r040	64	0	0	0	0	ABSTAIN	A	0	0	0
H5B-O-40-01#s100r040	64	0	0	0	0	ABSTAIN	A	0	0	0
H5B-O-40-02#s100r040	64	0	0	0	0	ABSTAIN	A	0	0	0
H5B-O-40-03#s100r040	64	0	0	0	0	ABSTAIN	A	0	0	0
H5B-O-40-04#s100r040	64	0	0	0	0	ABSTAIN	A	0	0	0
H5B-O-40-05#s100r040	64	0	0	0	0	ABSTAIN	A	0	0	0
H5B-O-40-06#s100r040	64	0	0	0	0	ABSTAIN	A	0	0	0
H5B-O-40-07#s100r040	64	0	0	0	0	ABSTAIN	A	0	0	0
H5B-O-40-08#s100r040	64	0	0	0	0	ABSTAIN	A	0	0	0
H5B-O-40-09#s100r040	64	0	0	0	0	ABSTAIN	A	0	0	0
H5B-D-0-00#s100r040	64	0	0	0	0	RELEASE	1	662	0	0
H5B-D-0-01#s100r040	64	0	0	0	0	RELEASE	1	662	0	0
H5B-D-0-02#s100r040	64	0	0	0	0	RELEASE	1	662	0	0
H5B-D-0-03#s100r040	64	0	0	0	0	RELEASE	1	662	0	0
H5B-D-0-04#s100r040	64	0	0	0	0	RELEASE	1	662	0	0
H5B-D-0-05#s100r040	64	0	0	0	0	RELEASE	1	662	0	0
H5B-D-0-06#s100r040	64	0	0	0	0	RELEASE	1	662	0	0
H5B-D-0-07#s100r040	64	0	0	0	0	RELEASE	1	662	0	0
H5B-D-0-08#s100r040	64	0	0	0	0	RELEASE	1	662	0	0
H5B-D-0-09#s100r040	64	0	0	0	0	RELEASE	1	662	0	0
H5B-D-1-00#s100r040	64	0	0	0	0	ABSTAIN	A	0	0	0
H5B-D-1-01#s100r040	64	0	0	0	0	ABSTAIN	A	0	0	0
H5B-D-1-02#s100r040	64	0	0	0	0	ABSTAIN	A	0	0	0
H5B-D-1-03#s100r040	64	0	0	0	0	ABSTAIN	A	0	0	0
H5B-D-1-04#s100r040	64	0	0	0	0	ABSTAIN	A	0	0	0
H5B-D-1-05#s100r040	64	0	0	0	0	ABSTAIN	A	0	0	0
H5B-D-1-06#s100r040	64	0	0	0	0	ABSTAIN	A	0	0	0
H5B-D-1-07#s100r040	64	0	0	0	0	ABSTAIN	A	0	0	0
H5B-D-1-08#s100r040	64	0	0	0	0	ABSTAIN	A	0	0	0
H5B-D-1-09#s100r040	64	0	0	0	0	ABSTAIN	A	0	0	0
H5B-D-2-00#s100r040	64	0	0	0	0	ABSTAIN	A	0	0	0
H5B-D-2-01#s100r040	64	0	0	0	0	ABSTAIN	A	0	0	0
H5B-D-2-02#s100r040	64	0	0	0	0	ABSTAIN	A	0	0	0
H5B-D-2-03#s100r040	64	0	0	0	0	ABSTAIN	A	0	0	0
H5B-D-2-04#s100r040	64	0	0	0	0	ABSTAIN	A	0	0	0
H5B-D-2-05#s100r040	64	0	0	0	0	ABSTAIN	A	0	0	0
H5B-D-2-06#s100r040	64	0	0	0	0	ABSTAIN	A	0	0	0
H5B-D-2-07#s100r040	64	0	0	0	0	ABSTAIN	A	0	0	0
H5B-D-2-08#s100r040	64	0	0	0	0	ABSTAIN	A	0	0	0
H5B-D-2-09#s100r040	64	0	0	0	0	ABSTAIN	A	0	0	0
H5B-D-6-00#s100r040	64	0	0	0	0	ABSTAIN	A	0	0	0
H5B-D-6-01#s100r040	64	0	0	0	0	ABSTAIN	A	0	0	0
H5B-D-6-02#s100r040	64	0	0	0	0	ABSTAIN	A	0	0	0
H5B-D-6-03#s100r040	64	0	0	0	0	ABSTAIN	A	0	0	0
H5B-D-6-04#s100r040	64	0	0	0	0	ABSTAIN	A	0	0	0
H5B-D-6-05#s100r040	64	0	0	0	0	ABSTAIN	A	0	0	0
H5B-D-6-06#s100r040	64	0	0	0	0	ABSTAIN	A	0	0	0
H5B-D-6-07#s100r040	64	0	0	0	0	ABSTAIN	A	0	0	0
H5B-D-6-08#s100r040	64	0	0	0	0	ABSTAIN	A	0	0	0
H5B-D-6-09#s100r040	64	0	0	0	0	ABSTAIN	A	0	0	0
H5B-P-06-00#s100r041	64	0	0	0	0	ABSTAIN	A	0	0	0
H5B-P-06-01#s100r041	64	0	0	0	0	ABSTAIN	A	0	0	0
H5B-P-06-02#s100r041	64	0	0	0	0	ABSTAIN	A	0	0	0
H5B-P-06-03#s100r041	64	0	0	0	0	ABSTAIN	A	0	0	0
H5B-P-06-04#s100r041	64	0	0	0	0	ABSTAIN	A	0	0	0
H5B-P-06-05#s100r041	64	0	0	0	0	ABSTAIN	A	0	0	0
H5B-P-06-06#s100r041	64	0	0	0	0	ABSTAIN	A	0	0	0
H5B-P-06-07#s100r041	64	0	0	0	0	ABSTAIN	A	0	0	0
H5B-P-06-08#s100r041	64	0	0	0	0	ABSTAIN	A	0	0	0
H5B-P-06-09#s100r041	64	0	0	0	0	ABSTAIN	A	0	0	0
H5B-P-12-00#s100r041	64	0	0	0	0	ABSTAIN	A	0	0	0
H5B-P-12-01#s100r041	64	0	0	0	0	ABSTAIN	A	0	0	0
H5B-P-12-02#s100r041	64	0	0	0	0	ABSTAIN	A	0	0	0
H5B-P-12-03#s100r041	64	0	0	0	0	ABSTAIN	A	0	0	0
H5B-P-12-04#s100r041	64	0	0	0	0	ABSTAIN	A	0	0	0
H5B-P-12-05#s100r041	64	0	0	0	0	ABSTAIN	A	0	0	0
H5B-P-12-06#s100r041	64	0	0	0	0	ABSTAIN	A	0	0	0
H5B-P-12-07#s100r041	64	0	0	0	0	ABSTAIN	A	0	0	0
H5B-P-12-08#s100r041	64	0	0	0	0	ABSTAIN	A	0	0	0
H5B-P-12-09#s100r041	64	0	0	0	0	ABSTAIN	A	0	0	0
H5B-P-20-00#s100r041	64	0	0	0	0	ABSTAIN	A	0	0	0
H5B-P-20-01#s100r041	64	0	0	0	0	ABSTAIN	A	0	0	0
H5B-P-20-02#s100r041	64	0	0	0	0	ABSTAIN	A	0	0	0
H5B-P-20-03#s100r041	64	0	0	0	0	ABSTAIN	A	0	0	0
H5B-P-20-04#s100r041	64	0	0	0	0	ABSTAIN	A	0	0	0
H5B-P-20-05#s100r041	64	0	0	0	0	ABSTAIN	A	0	0	0
H5B-P-20-06#s100r041	64	0	0	0	0	ABSTAIN	A	0	0	0
H5B-P-20-07#s100r041	64	0	0	0	0	ABSTAIN	A	0	0	0
H5B-P-20-08#s100r041	64	0	0	0	0	ABSTAIN	A	0	0	0
H5B-P-20-09#s100r041	64	0	0	0	0	ABSTAIN	A	0	0	0
H5B-P-40-00#s100r041	64	0	0	0	0	ABSTAIN	A	0	0	0
H5B-P-40-01#s100r041	64	0	0	0	0	ABSTAIN	A	0	0	0
H5B-P-40-02#s100r041	64	0	0	0	0	ABSTAIN	A	0	0	0
H5B-P-40-03#s100r041	64	0	0	0	0	ABSTAIN	A	0	0	0
H5B-P-40-04#s100r041	64	0	0	0	0	ABSTAIN	A	0	0	0
H5B-P-40-05#s100r041	64	0	0	0	0	ABSTAIN	A	0	0	0
H5B-P-40-06#s100r041	64	0	0	0	0	ABSTAIN	A	0	0	0
H5B-P-40-07#s100r041	64	0	0	0	0	ABSTAIN	A	0	0	0
H5B-P-40-08#s100r041	64	0	0	0	0	ABSTAIN	A	0	0	0
H5B-P-40-09#s100r041	64	0	0	0	0	ABSTAIN	A	0	0	0
H5B-O-06-00#s100r041	64	0	0	0	0	ABSTAIN	A	0	0	0
H5B-O-06-01#s100r041	64	0	0	0	0	ABSTAIN	A	0	0	0
H5B-O-06-02#s100r041	64	0	0	0	0	ABSTAIN	A	0	0	0
H5B-O-06-03#s100r041	64	0	0	0	0	ABSTAIN	A	0	0	0
H5B-O-06-04#s100r041	64	0	0	0	0	ABSTAIN	A	0	0	0
H5B-O-06-05#s100r041	64	0	0	0	0	ABSTAIN	A	0	0	0
H5B-O-06-06#s100r041	64	0	0	0	0	ABSTAIN	A	0	0	0
H5B-O-06-07#s100r041	64	0	0	0	0	ABSTAIN	A	0	0	0
H5B-O-06-08#s100r041	64	0	0	0	0	ABSTAIN	A	0	0	0
H5B-O-06-09#s100r041	64	0	0	0	0	ABSTAIN	A	0	0	0
H5B-O-12-00#s100r041	64	0	0	0	0	ABSTAIN	A	0	0	0
H5B-O-12-01#s100r041	64	0	0	0	0	ABSTAIN	A	0	0	0
H5B-O-12-02#s100r041	64	0	0	0	0	ABSTAIN	A	0	0	0
H5B-O-12-03#s100r041	64	0	0	0	0	ABSTAIN	A	0	0	0
H5B-O-12-04#s100r041	64	0	0	0	0	ABSTAIN	A	0	0	0
H5B-O-12-05#s100r041	64	0	0	0	0	ABSTAIN	A	0	0	0
H5B-O-12-06#s100r041	64	0	0	0	0	ABSTAIN	A	0	0	0
H5B-O-12-07#s100r041	64	0	0	0	0	ABSTAIN	A	0	0	0
H5B-O-12-08#s100r041	64	0	0	0	0	ABSTAIN	A	0	0	0
H5B-O-12-09#s100r041	64	0	0	0	0	ABSTAIN	A	0	0	0
H5B-O-20-00#s100r041	64	0	0	0	0	ABSTAIN	A	0	0	0
H5B-O-20-01#s100r041	64	0	0	0	0	ABSTAIN	A	0	0	0
H5B-O-20-02#s100r041	64	0	0	0	0	ABSTAIN	A	0	0	0
H5B-O-20-03#s100r041	64	0	0	0	0	ABSTAIN	A	0	0	0
H5B-O-20-04#s100r041	64	0	0	0	0	ABSTAIN	A	0	0	0
H5B-O-20-05#s100r041	64	0	0	0	0	ABSTAIN	A	0	0	0
H5B-O-20-06#s100r041	64	0	0	0	0	ABSTAIN	A	0	0	0
H5B-O-20-07#s100r041	64	0	0	0	0	ABSTAIN	A	0	0	0
H5B-O-20-08#s100r041	64	0	0	0	0	ABSTAIN	A	0	0	0
H5B-O-20-09#s100r041	64	0	0	0	0	ABSTAIN	A	0	0	0
H5B-O-40-00#s100r041	64	0	0	0	0	ABSTAIN	A	0	0	0
H5B-O-40-01#s100r041	64	0	0	0	0	ABSTAIN	A	0	0	0
H5B-O-40-02#s100r041	64	0	0	0	0	ABSTAIN	A	0	0	0
H5B-O-40-03#s100r041	64	0	0	0	0	ABSTAIN	A	0	0	0
H5B-O-40-04#s100r041	64	0	0	0	0	ABSTAIN	A	0	0	0
H5B-O-40-05#s100r041	64	0	0	0	0	ABSTAIN	A	0	0	0
H5B-O-40-06#s100r041	64	0	0	0	0	ABSTAIN	A	0	0	0
H5B-O-40-07#s100r041	64	0	0	0	0	ABSTAIN	A	0	0	0
H5B-O-40-08#s100r041	64	0	0	0	0	ABSTAIN	A	0	0	0
H5B-O-40-09#s100r041	64	0	0	0	0	ABSTAIN	A	0	0	0
H5B-D-0-00#s100r041	64	0	0	0	0	RELEASE	1	661	0	0
H5B-D-0-01#s100r041	64	0	0	0	0	RELEASE	1	662	0	0
H5B-D-0-02#s100r041	64	0	0	0	0	RELEASE	1	662	0	0
H5B-D-0-03#s100r041	64	0	0	0	0	RELEASE	1	662	0	0
H5B-D-0-04#s100r041	64	0	0	0	0	RELEASE	1	662	0	0
H5B-D-0-05#s100r041	64	0	0	0	0	RELEASE	1	662	0	0
H5B-D-0-06#s100r041	64	0	0	0	0	RELEASE	1	662	0	0
H5B-D-0-07#s100r041	64	0	0	0	0	RELEASE	1	662	0	0
H5B-D-0-08#s100r041	64	0	0	0	0	RELEASE	1	662	0	0
H5B-D-0-09#s100r041	64	0	0	0	0	RELEASE	1	662	0	0
H5B-D-1-00#s100r041	64	0	0	0	0	ABSTAIN	A	0	0	0
H5B-D-1-01#s100r041	64	0	0	0	0	ABSTAIN	A	0	0	0
H5B-D-1-02#s100r041	64	0	0	0	0	ABSTAIN	A	0	0	0
H5B-D-1-03#s100r041	64	0	0	0	0	ABSTAIN	A	0	0	0
H5B-D-1-04#s100r041	64	0	0	0	0	ABSTAIN	A	0	0	0
H5B-D-1-05#s100r041	64	0	0	0	0	ABSTAIN	A	0	0	0
H5B-D-1-06#s100r041	64	0	0	0	0	ABSTAIN	A	0	0	0
H5B-D-1-07#s100r041	64	0	0	0	0	ABSTAIN	A	0	0	0
H5B-D-1-08#s100r041	64	0	0	0	0	ABSTAIN	A	0	0	0
H5B-D-1-09#s100r041	64	0	0	0	0	ABSTAIN	A	0	0	0
H5B-D-2-00#s100r041	64	0	0	0	0	ABSTAIN	A	0	0	0
H5B-D-2-01#s100r041	64	0	0	0	0	ABSTAIN	A	0	0	0
H5B-D-2-02#s100r041	64	0	0	0	0	ABSTAIN	A	0	0	0
H5B-D-2-03#s100r041	64	0	0	0	0	ABSTAIN	A	0	0	0
H5B-D-2-04#s100r041	64	0	0	0	0	ABSTAIN	A	0	0	0
H5B-D-2-05#s100r041	64	0	0	0	0	ABSTAIN	A	0	0	0
H5B-D-2-06#s100r041	64	0	0	0	0	ABSTAIN	A	0	0	0
H5B-D-2-07#s100r041	64	0	0	0	0	ABSTAIN	A	0	0	0
H5B-D-2-08#s100r041	64	0	0	0	0	ABSTAIN	A	0	0	0
H5B-D-2-09#s100r041	64	0	0	0	0	ABSTAIN	A	0	0	0
H5B-D-6-00#s100r041	64	0	0	0	0	ABSTAIN	A	0	0	0
H5B-D-6-01#s100r041	64	0	0	0	0	ABSTAIN	A	0	0	0
H5B-D-6-02#s100r041	64	0	0	0	0	ABSTAIN	A	0	0	0
H5B-D-6-03#s100r041	64	0	0	0	0	ABSTAIN	A	0	0	0
H5B-D-6-04#s100r041	64	0	0	0	0	ABSTAIN	A	0	0	0
H5B-D-6-05#s100r041	64	0	0	0	0	ABSTAIN	A	0	0	0
H5B-D-6-06#s100r041	64	0	0	0	0	ABSTAIN	A	0	0	0
H5B-D-6-07#s100r041	64	0	0	0	0	ABSTAIN	A	0	0	0
H5B-D-6-08#s100r041	64	0	0	0	0	ABSTAIN	A	0	0	0
H5B-D-6-09#s100r041	64	0	0	0	0	ABSTAIN	A	0	0	0
H5B-P-06-00#s100r042	64	0	0	0	0	ABSTAIN	A	0	0	0
H5B-P-06-01#s100r042	64	0	0	0	0	ABSTAIN	A	0	0	0
H5B-P-06-02#s100r042	64	0	0	0	0	ABSTAIN	A	0	0	0
H5B-P-06-03#s100r042	64	0	0	0	0	ABSTAIN	A	0	0	0
H5B-P-06-04#s100r042	64	0	0	0	0	ABSTAIN	A	0	0	0
H5B-P-06-05#s100r042	64	0	0	0	0	ABSTAIN	A	0	0	0
H5B-P-06-06#s100r042	64	0	0	0	0	ABSTAIN	A	0	0	0
H5B-P-06-07#s100r042	64	0	0	0	0	ABSTAIN	A	0	0	0
H5B-P-06-08#s100r042	64	0	0	0	0	ABSTAIN	A	0	0	0
H5B-P-06-09#s100r042	64	0	0	0	0	ABSTAIN	A	0	0	0
H5B-P-12-00#s100r042	64	0	0	0	0	ABSTAIN	A	0	0	0
H5B-P-12-01#s100r042	64	0	0	0	0	ABSTAIN	A	0	0	0
H5B-P-12-02#s100r042	64	0	0	0	0	ABSTAIN	A	0	0	0
H5B-P-12-03#s100r042	64	0	0	0	0	ABSTAIN	A	0	0	0
H5B-P-12-04#s100r042	64	0	0	0	0	ABSTAIN	A	0	0	0
H5B-P-12-05#s100r042	64	0	0	0	0	ABSTAIN	A	0	0	0
H5B-P-12-06#s100r042	64	0	0	0	0	ABSTAIN	A	0	0	0
H5B-P-12-07#s100r042	64	0	0	0	0	ABSTAIN	A	0	0	0
H5B-P-12-08#s100r042	64	0	0	0	0	ABSTAIN	A	0	0	0
H5B-P-12-09#s100r042	64	0	0	0	0	ABSTAIN	A	0	0	0
H5B-P-20-00#s100r042	64	0	0	0	0	ABSTAIN	A	0	0	0
H5B-P-20-01#s100r042	64	0	0	0	0	ABSTAIN	A	0	0	0
H5B-P-20-02#s100r042	64	0	0	0	0	ABSTAIN	A	0	0	0
H5B-P-20-03#s100r042	64	0	0	0	0	ABSTAIN	A	0	0	0
H5B-P-20-04#s100r042	64	0	0	0	0	ABSTAIN	A	0	0	0
H5B-P-20-05#s100r042	64	0	0	0	0	ABSTAIN	A	0	0	0
H5B-P-20-06#s100r042	64	0	0	0	0	ABSTAIN	A	0	0	0
H5B-P-20-07#s100r042	64	0	0	0	0	ABSTAIN	A	0	0	0
H5B-P-20-08#s100r042	64	0	0	0	0	ABSTAIN	A	0	0	0
H5B-P-20-09#s100r042	64	0	0	0	0	ABSTAIN	A	0	0	0
H5B-P-40-00#s100r042	64	0	0	0	0	ABSTAIN	A	0	0	0
H5B-P-40-01#s100r042	64	0	0	0	0	ABSTAIN	A	0	0	0
H5B-P-40-02#s100r042	64	0	0	0	0	ABSTAIN	A	0	0	0
H5B-P-40-03#s100r042	64	0	0	0	0	ABSTAIN	A	0	0	0
H5B-P-40-04#s100r042	64	0	0	0	0	ABSTAIN	A	0	0	0
H5B-P-40-05#s100r042	64	0	0	0	0	ABSTAIN	A	0	0	0
H5B-P-40-06#s100r042	64	0	0	0	0	ABSTAIN	A	0	0	0
H5B-P-40-07#s100r042	64	0	0	0	0	ABSTAIN	A	0	0	0
H5B-P-40-08#s100r042	64	0	0	0	0	ABSTAIN	A	0	0	0
H5B-P-40-09#s100r042	64	0	0	0	0	ABSTAIN	A	0	0	0
H5B-O-06-00#s100r042	64	0	0	0	0	ABSTAIN	A	0	0	0
H5B-O-06-01#s100r042	64	0	0	0	0	ABSTAIN	A	0	0	0
H5B-O-06-02#s100r042	64	0	0	0	0	ABSTAIN	A	0	0	0
H5B-O-06-03#s100r042	64	0	0	0	0	ABSTAIN	A	0	0	0
H5B-O-06-04#s100r042	64	0	0	0	0	ABSTAIN	A	0	0	0
H5B-O-06-05#s100r042	64	0	0	0	0	ABSTAIN	A	0	0	0
H5B-O-06-06#s100r042	64	0	0	0	0	ABSTAIN	A	0	0	0
H5B-O-06-07#s100r042	64	0	0	0	0	ABSTAIN	A	0	0	0
H5B-O-06-08#s100r042	64	0	0	0	0	ABSTAIN	A	0	0	0
H5B-O-06-09#s100r042	64	0	0	0	0	ABSTAIN	A	0	0	0
H5B-O-12-00#s100r042	64	0	0	0	0	ABSTAIN	A	0	0	0
H5B-O-12-01#s100r042	64	0	0	0	0	ABSTAIN	A	0	0	0
H5B-O-12-02#s100r042	64	0	0	0	0	ABSTAIN	A	0	0	0
H5B-O-12-03#s100r042	64	0	0	0	0	ABSTAIN	A	0	0	0
H5B-O-12-04#s100r042	64	0	0	0	0	ABSTAIN	A	0	0	0
H5B-O-12-05#s100r042	64	0	0	0	0	ABSTAIN	A	0	0	0
H5B-O-12-06#s100r042	64	0	0	0	0	ABSTAIN	A	0	0	0
H5B-O-12-07#s100r042	64	0	0	0	0	ABSTAIN	A	0	0	0
H5B-O-12-08#s100r042	64	0	0	0	0	ABSTAIN	A	0	0	0
H5B-O-12-09#s100r042	64	0	0	0	0	ABSTAIN	A	0	0	0
H5B-O-20-00#s100r042	64	0	0	0	0	ABSTAIN	A	0	0	0
H5B-O-20-01#s100r042	64	0	0	0	0	ABSTAIN	A	0	0	0
H5B-O-20-02#s100r042	64	0	0	0	0	ABSTAIN	A	0	0	0
H5B-O-20-03#s100r042	64	0	0	0	0	ABSTAIN	A	0	0	0
H5B-O-20-04#s100r042	64	0	0	0	0	ABSTAIN	A	0	0	0
H5B-O-20-05#s100r042	64	0	0	0	0	ABSTAIN	A	0	0	0
H5B-O-20-06#s100r042	64	0	0	0	0	ABSTAIN	A	0	0	0
H5B-O-20-07#s100r042	64	0	0	0	0	ABSTAIN	A	0	0	0
H5B-O-20-08#s100r042	64	0	0	0	0	ABSTAIN	A	0	0	0
H5B-O-20-09#s100r042	64	0	0	0	0	ABSTAIN	A	0	0	0
H5B-O-40-00#s100r042	64	0	0	0	0	ABSTAIN	A	0	0	0
H5B-O-40-01#s100r042	64	0	0	0	0	ABSTAIN	A	0	0	0
H5B-O-40-02#s100r042	64	0	0	0	0	ABSTAIN	A	0	0	0
H5B-O-40-03#s100r042	64	0	0	0	0	ABSTAIN	A	0	0	0
H5B-O-40-04#s100r042	64	0	0	0	0	ABSTAIN	A	0	0	0
H5B-O-40-05#s100r042	64	0	0	0	0	ABSTAIN	A	0	0	0
H5B-O-40-06#s100r042	64	0	0	0	0	ABSTAIN	A	0	0	0
H5B-O-40-07#s100r042	64	0	0	0	0	ABSTAIN	A	0	0	0
H5B-O-40-08#s100r042	64	0	0	0	0	ABSTAIN	A	0	0	0
H5B-O-40-09#s100r042	64	0	0	0	0	ABSTAIN	A	0	0	0
H5B-D-0-00#s100r042	64	0	0	0	0	RELEASE	1	661	0	0
H5B-D-0-01#s100r042	64	0	0	0	0	RELEASE	1	661	0	0
H5B-D-0-02#s100r042	64	0	0	0	0	RELEASE	1	662	0	0
H5B-D-0-03#s100r042	64	0	0	0	0	RELEASE	1	662	0	0
H5B-D-0-04#s100r042	64	0	0	0	0	RELEASE	1	662	0	0
H5B-D-0-05#s100r042	64	0	0	0	0	RELEASE	1	662	0	0
H5B-D-0-06#s100r042	64	0	0	0	0	RELEASE	1	662	0	0
H5B-D-0-07#s100r042	64	0	0	0	0	RELEASE	1	662	0	0
H5B-D-0-08#s100r042	64	0	0	0	0	RELEASE	1	662	0	0
H5B-D-0-09#s100r042	64	0	0	0	0	RELEASE	1	662	0	0
H5B-D-1-00#s100r042	64	0	0	0	0	ABSTAIN	A	0	0	0
H5B-D-1-01#s100r042	64	0	0	0	0	ABSTAIN	A	0	0	0
H5B-D-1-02#s100r042	64	0	0	0	0	ABSTAIN	A	0	0	0
H5B-D-1-03#s100r042	64	0	0	0	0	ABSTAIN	A	0	0	0
H5B-D-1-04#s100r042	64	0	0	0	0	ABSTAIN	A	0	0	0
H5B-D-1-05#s100r042	64	0	0	0	0	ABSTAIN	A	0	0	0
H5B-D-1-06#s100r042	64	0	0	0	0	ABSTAIN	A	0	0	0
H5B-D-1-07#s100r042	64	0	0	0	0	ABSTAIN	A	0	0	0
H5B-D-1-08#s100r042	64	0	0	0	0	ABSTAIN	A	0	0	0
H5B-D-1-09#s100r042	64	0	0	0	0	ABSTAIN	A	0	0	0
H5B-D-2-00#s100r042	64	0	0	0	0	ABSTAIN	A	0	0	0
H5B-D-2-01#s100r042	64	0	0	0	0	ABSTAIN	A	0	0	0
H5B-D-2-02#s100r042	64	0	0	0	0	ABSTAIN	A	0	0	0
H5B-D-2-03#s100r042	64	0	0	0	0	ABSTAIN	A	0	0	0
H5B-D-2-04#s100r042	64	0	0	0	0	ABSTAIN	A	0	0	0
H5B-D-2-05#s100r042	64	0	0	0	0	ABSTAIN	A	0	0	0
H5B-D-2-06#s100r042	64	0	0	0	0	ABSTAIN	A	0	0	0
H5B-D-2-07#s100r042	64	0	0	0	0	ABSTAIN	A	0	0	0
H5B-D-2-08#s100r042	64	0	0	0	0	ABSTAIN	A	0	0	0
H5B-D-2-09#s100r042	64	0	0	0	0	ABSTAIN	A	0	0	0
H5B-D-6-00#s100r042	64	0	0	0	0	ABSTAIN	A	0	0	0
H5B-D-6-01#s100r042	64	0	0	0	0	ABSTAIN	A	0	0	0
H5B-D-6-02#s100r042	64	0	0	0	0	ABSTAIN	A	0	0	0
H5B-D-6-03#s100r042	64	0	0	0	0	ABSTAIN	A	0	0	0
H5B-D-6-04#s100r042	64	0	0	0	0	ABSTAIN	A	0	0	0
H5B-D-6-05#s100r042	64	0	0	0	0	ABSTAIN	A	0	0	0
H5B-D-6-06#s100r042	64	0	0	0	0	ABSTAIN	A	0	0	0
H5B-D-6-07#s100r042	64	0	0	0	0	ABSTAIN	A	0	0	0
H5B-D-6-08#s100r042	64	0	0	0	0	ABSTAIN	A	0	0	0
H5B-D-6-09#s100r042	64	0	0	0	0	ABSTAIN	A	0	0	0
H5B-P-06-00#s100r043	64	0	0	0	0	ABSTAIN	A	0	0	0
H5B-P-06-01#s100r043	64	0	0	0	0	ABSTAIN	A	0	0	0
H5B-P-06-02#s100r043	64	0	0	0	0	ABSTAIN	A	0	0	0
H5B-P-06-03#s100r043	64	0	0	0	0	ABSTAIN	A	0	0	0
H5B-P-06-04#s100r043	64	0	0	0	0	ABSTAIN	A	0	0	0
H5B-P-06-05#s100r043	64	0	0	0	0	ABSTAIN	A	0	0	0
H5B-P-06-06#s100r043	64	0	0	0	0	ABSTAIN	A	0	0	0
H5B-P-06-07#s100r043	64	0	0	0	0	ABSTAIN	A	0	0	0
H5B-P-06-08#s100r043	64	0	0	0	0	ABSTAIN	A	0	0	0
H5B-P-06-09#s100r043	64	0	0	0	0	ABSTAIN	A	0	0	0
H5B-P-12-00#s100r043	64	0	0	0	0	ABSTAIN	A	0	0	0
H5B-P-12-01#s100r043	64	0	0	0	0	ABSTAIN	A	0	0	0
H5B-P-12-02#s100r043	64	0	0	0	0	ABSTAIN	A	0	0	0
H5B-P-12-03#s100r043	64	0	0	0	0	ABSTAIN	A	0	0	0
H5B-P-12-04#s100r043	64	0	0	0	0	ABSTAIN	A	0	0	0
H5B-P-12-05#s100r043	64	0	0	0	0	ABSTAIN	A	0	0	0
H5B-P-12-06#s100r043	64	0	0	0	0	ABSTAIN	A	0	0	0
H5B-P-12-07#s100r043	64	0	0	0	0	ABSTAIN	A	0	0	0
H5B-P-12-08#s100r043	64	0	0	0	0	ABSTAIN	A	0	0	0
H5B-P-12-09#s100r043	64	0	0	0	0	ABSTAIN	A	0	0	0
H5B-P-20-00#s100r043	64	0	0	0	0	ABSTAIN	A	0	0	0
H5B-P-20-01#s100r043	64	0	0	0	0	ABSTAIN	A	0	0	0
H5B-P-20-02#s100r043	64	0	0	0	0	ABSTAIN	A	0	0	0
H5B-P-20-03#s100r043	64	0	0	0	0	ABSTAIN	A	0	0	0
H5B-P-20-04#s100r043	64	0	0	0	0	ABSTAIN	A	0	0	0
H5B-P-20-05#s100r043	64	0	0	0	0	ABSTAIN	A	0	0	0
H5B-P-20-06#s100r043	64	0	0	0	0	ABSTAIN	A	0	0	0
H5B-P-20-07#s100r043	64	0	0	0	0	ABSTAIN	A	0	0	0
H5B-P-20-08#s100r043	64	0	0	0	0	ABSTAIN	A	0	0	0
H5B-P-20-09#s100r043	64	0	0	0	0	ABSTAIN	A	0	0	0
H5B-P-40-00#s100r043	64	0	0	0	0	ABSTAIN	A	0	0	0
H5B-P-40-01#s100r043	64	0	0	0	0	ABSTAIN	A	0	0	0
H5B-P-40-02#s100r043	64	0	0	0	0	ABSTAIN	A	0	0	0
H5B-P-40-03#s100r043	64	0	0	0	0	ABSTAIN	A	0	0	0
H5B-P-40-04#s100r043	64	0	0	0	0	ABSTAIN	A	0	0	0
H5B-P-40-05#s100r043	64	0	0	0	0	ABSTAIN	A	0	0	0
H5B-P-40-06#s100r043	64	0	0	0	0	ABSTAIN	A	0	0	0
H5B-P-40-07#s100r043	64	0	0	0	0	ABSTAIN	A	0	0	0
H5B-P-40-08#s100r043	64	0	0	0	0	ABSTAIN	A	0	0	0
H5B-P-40-09#s100r043	64	0	0	0	0	ABSTAIN	A	0	0	0
H5B-O-06-00#s100r043	64	0	0	0	0	ABSTAIN	A	0	0	0
H5B-O-06-01#s100r043	64	0	0	0	0	ABSTAIN	A	0	0	0
H5B-O-06-02#s100r043	64	0	0	0	0	ABSTAIN	A	0	0	0
H5B-O-06-03#s100r043	64	0	0	0	0	ABSTAIN	A	0	0	0
H5B-O-06-04#s100r043	64	0	0	0	0	ABSTAIN	A	0	0	0
H5B-O-06-05#s100r043	64	0	0	0	0	ABSTAIN	A	0	0	0
H5B-O-06-06#s100r043	64	0	0	0	0	ABSTAIN	A	0	0	0
H5B-O-06-07#s100r043	64	0	0	0	0	ABSTAIN	A	0	0	0
H5B-O-06-08#s100r043	64	0	0	0	0	ABSTAIN	A	0	0	0
H5B-O-06-09#s100r043	64	0	0	0	0	ABSTAIN	A	0	0	0
H5B-O-12-00#s100r043	64	0	0	0	0	ABSTAIN	A	0	0	0
H5B-O-12-01#s100r043	64	0	0	0	0	ABSTAIN	A	0	0	0
H5B-O-12-02#s100r043	64	0	0	0	0	ABSTAIN	A	0	0	0
H5B-O-12-03#s100r043	64	0	0	0	0	ABSTAIN	A	0	0	0
H5B-O-12-04#s100r043	64	0	0	0	0	ABSTAIN	A	0	0	0
H5B-O-12-05#s100r043	64	0	0	0	0	ABSTAIN	A	0	0	0
H5B-O-12-06#s100r043	64	0	0	0	0	ABSTAIN	A	0	0	0
H5B-O-12-07#s100r043	64	0	0	0	0	ABSTAIN	A	0	0	0
H5B-O-12-08#s100r043	64	0	0	0	0	ABSTAIN	A	0	0	0
H5B-O-12-09#s100r043	64	0	0	0	0	ABSTAIN	A	0	0	0
H5B-O-20-00#s100r043	64	0	0	0	0	ABSTAIN	A	0	0	0
H5B-O-20-01#s100r043	64	0	0	0	0	ABSTAIN	A	0	0	0
H5B-O-20-02#s100r043	64	0	0	0	0	ABSTAIN	A	0	0	0
H5B-O-20-03#s100r043	64	0	0	0	0	ABSTAIN	A	0	0	0
H5B-O-20-04#s100r043	64	0	0	0	0	ABSTAIN	A	0	0	0
H5B-O-20-05#s100r043	64	0	0	0	0	ABSTAIN	A	0	0	0
H5B-O-20-06#s100r043	64	0	0	0	0	ABSTAIN	A	0	0	0
H5B-O-20-07#s100r043	64	0	0	0	0	ABSTAIN	A	0	0	0
H5B-O-20-08#s100r043	64	0	0	0	0	ABSTAIN	A	0	0	0
H5B-O-20-09#s100r043	64	0	0	0	0	ABSTAIN	A	0	0	0
H5B-O-40-00#s100r043	64	0	0	0	0	ABSTAIN	A	0	0	0
H5B-O-40-01#s100r043	64	0	0	0	0	ABSTAIN	A	0	0	0
H5B-O-40-02#s100r043	64	0	0	0	0	ABSTAIN	A	0	0	0
H5B-O-40-03#s100r043	64	0	0	0	0	ABSTAIN	A	0	0	0
H5B-O-40-04#s100r043	64	0	0	0	0	ABSTAIN	A	0	0	0
H5B-O-40-05#s100r043	64	0	0	0	0	ABSTAIN	A	0	0	0
H5B-O-40-06#s100r043	64	0	0	0	0	ABSTAIN	A	0	0	0
H5B-O-40-07#s100r043	64	0	0	0	0	ABSTAIN	A	0	0	0
H5B-O-40-08#s100r043	64	0	0	0	0	ABSTAIN	A	0	0	0
H5B-O-40-09#s100r043	64	0	0	0	0	ABSTAIN	A	0	0	0
H5B-D-0-00#s100r043	64	0	0	0	0	RELEASE	1	661	0	0
H5B-D-0-01#s100r043	64	0	0	0	0	RELEASE	1	661	0	0
H5B-D-0-02#s100r043	64	0	0	0	0	RELEASE	1	661	0	0
H5B-D-0-03#s100r043	64	0	0	0	0	RELEASE	1	662	0	0
H5B-D-0-04#s100r043	64	0	0	0	0	RELEASE	1	662	0	0
H5B-D-0-05#s100r043	64	0	0	0	0	RELEASE	1	662	0	0
H5B-D-0-06#s100r043	64	0	0	0	0	RELEASE	1	662	0	0
H5B-D-0-07#s100r043	64	0	0	0	0	RELEASE	1	662	0	0
H5B-D-0-08#s100r043	64	0	0	0	0	RELEASE	1	662	0	0
H5B-D-0-09#s100r043	64	0	0	0	0	RELEASE	1	662	0	0
H5B-D-1-00#s100r043	64	0	0	0	0	ABSTAIN	A	0	0	0
H5B-D-1-01#s100r043	64	0	0	0	0	ABSTAIN	A	0	0	0
H5B-D-1-02#s100r043	64	0	0	0	0	ABSTAIN	A	0	0	0
H5B-D-1-03#s100r043	64	0	0	0	0	ABSTAIN	A	0	0	0
H5B-D-1-04#s100r043	64	0	0	0	0	ABSTAIN	A	0	0	0
H5B-D-1-05#s100r043	64	0	0	0	0	ABSTAIN	A	0	0	0
H5B-D-1-06#s100r043	64	0	0	0	0	ABSTAIN	A	0	0	0
H5B-D-1-07#s100r043	64	0	0	0	0	ABSTAIN	A	0	0	0
H5B-D-1-08#s100r043	64	0	0	0	0	ABSTAIN	A	0	0	0
H5B-D-1-09#s100r043	64	0	0	0	0	ABSTAIN	A	0	0	0
H5B-D-2-00#s100r043	64	0	0	0	0	ABSTAIN	A	0	0	0
H5B-D-2-01#s100r043	64	0	0	0	0	ABSTAIN	A	0	0	0
H5B-D-2-02#s100r043	64	0	0	0	0	ABSTAIN	A	0	0	0
H5B-D-2-03#s100r043	64	0	0	0	0	ABSTAIN	A	0	0	0
H5B-D-2-04#s100r043	64	0	0	0	0	ABSTAIN	A	0	0	0
H5B-D-2-05#s100r043	64	0	0	0	0	ABSTAIN	A	0	0	0
H5B-D-2-06#s100r043	64	0	0	0	0	ABSTAIN	A	0	0	0
H5B-D-2-07#s100r043	64	0	0	0	0	ABSTAIN	A	0	0	0
H5B-D-2-08#s100r043	64	0	0	0	0	ABSTAIN	A	0	0	0
H5B-D-2-09#s100r043	64	0	0	0	0	ABSTAIN	A	0	0	0
H5B-D-6-00#s100r043	64	0	0	0	0	ABSTAIN	A	0	0	0
H5B-D-6-01#s100r043	64	0	0	0	0	ABSTAIN	A	0	0	0
H5B-D-6-02#s100r043	64	0	0	0	0	ABSTAIN	A	0	0	0
H5B-D-6-03#s100r043	64	0	0	0	0	ABSTAIN	A	0	0	0
H5B-D-6-04#s100r043	64	0	0	0	0	ABSTAIN	A	0	0	0
H5B-D-6-05#s100r043	64	0	0	0	0	ABSTAIN	A	0	0	0
H5B-D-6-06#s100r043	64	0	0	0	0	ABSTAIN	A	0	0	0
H5B-D-6-07#s100r043	64	0	0	0	0	ABSTAIN	A	0	0	0
H5B-D-6-08#s100r043	64	0	0	0	0	ABSTAIN	A	0	0	0
H5B-D-6-09#s100r043	64	0	0	0	0	ABSTAIN	A	0	0	0
H5B-P-06-00#s100r044	64	0	0	0	0	ABSTAIN	A	0	0	0
H5B-P-06-01#s100r044	64	0	0	0	0	ABSTAIN	A	0	0	0
H5B-P-06-02#s100r044	64	0	0	0	0	ABSTAIN	A	0	0	0
H5B-P-06-03#s100r044	64	0	0	0	0	ABSTAIN	A	0	0	0
H5B-P-06-04#s100r044	64	0	0	0	0	ABSTAIN	A	0	0	0
H5B-P-06-05#s100r044	64	0	0	0	0	ABSTAIN	A	0	0	0
H5B-P-06-06#s100r044	64	0	0	0	0	ABSTAIN	A	0	0	0
H5B-P-06-07#s100r044	64	0	0	0	0	ABSTAIN	A	0	0	0
H5B-P-06-08#s100r044	64	0	0	0	0	ABSTAIN	A	0	0	0
H5B-P-06-09#s100r044	64	0	0	0	0	ABSTAIN	A	0	0	0
H5B-P-12-00#s100r044	64	0	0	0	0	ABSTAIN	A	0	0	0
H5B-P-12-01#s100r044	64	0	0	0	0	ABSTAIN	A	0	0	0
H5B-P-12-02#s100r044	64	0	0	0	0	ABSTAIN	A	0	0	0
H5B-P-12-03#s100r044	64	0	0	0	0	ABSTAIN	A	0	0	0
H5B-P-12-04#s100r044	64	0	0	0	0	ABSTAIN	A	0	0	0
H5B-P-12-05#s100r044	64	0	0	0	0	ABSTAIN	A	0	0	0
H5B-P-12-06#s100r044	64	0	0	0	0	ABSTAIN	A	0	0	0
H5B-P-12-07#s100r044	64	0	0	0	0	ABSTAIN	A	0	0	0
H5B-P-12-08#s100r044	64	0	0	0	0	ABSTAIN	A	0	0	0
H5B-P-12-09#s100r044	64	0	0	0	0	ABSTAIN	A	0	0	0
H5B-P-20-00#s100r044	64	0	0	0	0	ABSTAIN	A	0	0	0
H5B-P-20-01#s100r044	64	0	0	0	0	ABSTAIN	A	0	0	0
H5B-P-20-02#s100r044	64	0	0	0	0	ABSTAIN	A	0	0	0
H5B-P-20-03#s100r044	64	0	0	0	0	ABSTAIN	A	0	0	0
H5B-P-20-04#s100r044	64	0	0	0	0	ABSTAIN	A	0	0	0
H5B-P-20-05#s100r044	64	0	0	0	0	ABSTAIN	A	0	0	0
H5B-P-20-06#s100r044	64	0	0	0	0	ABSTAIN	A	0	0	0
H5B-P-20-07#s100r044	64	0	0	0	0	ABSTAIN	A	0	0	0
H5B-P-20-08#s100r044	64	0	0	0	0	ABSTAIN	A	0	0	0
H5B-P-20-09#s100r044	64	0	0	0	0	ABSTAIN	A	0	0	0
H5B-P-40-00#s100r044	64	0	0	0	0	ABSTAIN	A	0	0	0
H5B-P-40-01#s100r044	64	0	0	0	0	ABSTAIN	A	0	0	0
H5B-P-40-02#s100r044	64	0	0	0	0	ABSTAIN	A	0	0	0
H5B-P-40-03#s100r044	64	0	0	0	0	ABSTAIN	A	0	0	0
H5B-P-40-04#s100r044	64	0	0	0	0	ABSTAIN	A	0	0	0
H5B-P-40-05#s100r044	64	0	0	0	0	ABSTAIN	A	0	0	0
H5B-P-40-06#s100r044	64	0	0	0	0	ABSTAIN	A	0	0	0
H5B-P-40-07#s100r044	64	0	0	0	0	ABSTAIN	A	0	0	0
H5B-P-40-08#s100r044	64	0	0	0	0	ABSTAIN	A	0	0	0
H5B-P-40-09#s100r044	64	0	0	0	0	ABSTAIN	A	0	0	0
H5B-O-06-00#s100r044	64	0	0	0	0	ABSTAIN	A	0	0	0
H5B-O-06-01#s100r044	64	0	0	0	0	ABSTAIN	A	0	0	0
H5B-O-06-02#s100r044	64	0	0	0	0	ABSTAIN	A	0	0	0
H5B-O-06-03#s100r044	64	0	0	0	0	ABSTAIN	A	0	0	0
H5B-O-06-04#s100r044	64	0	0	0	0	ABSTAIN	A	0	0	0
H5B-O-06-05#s100r044	64	0	0	0	0	ABSTAIN	A	0	0	0
H5B-O-06-06#s100r044	64	0	0	0	0	ABSTAIN	A	0	0	0
H5B-O-06-07#s100r044	64	0	0	0	0	ABSTAIN	A	0	0	0
H5B-O-06-08#s100r044	64	0	0	0	0	ABSTAIN	A	0	0	0
H5B-O-06-09#s100r044	64	0	0	0	0	ABSTAIN	A	0	0	0
H5B-O-12-00#s100r044	64	0	0	0	0	ABSTAIN	A	0	0	0
H5B-O-12-01#s100r044	64	0	0	0	0	ABSTAIN	A	0	0	0
H5B-O-12-02#s100r044	64	0	0	0	0	ABSTAIN	A	0	0	0
H5B-O-12-03#s100r044	64	0	0	0	0	ABSTAIN	A	0	0	0
H5B-O-12-04#s100r044	64	0	0	0	0	ABSTAIN	A	0	0	0
H5B-O-12-05#s100r044	64	0	0	0	0	ABSTAIN	A	0	0	0
H5B-O-12-06#s100r044	64	0	0	0	0	ABSTAIN	A	0	0	0
H5B-O-12-07#s100r044	64	0	0	0	0	ABSTAIN	A	0	0	0
H5B-O-12-08#s100r044	64	0	0	0	0	ABSTAIN	A	0	0	0
H5B-O-12-09#s100r044	64	0	0	0	0	ABSTAIN	A	0	0	0
H5B-O-20-00#s100r044	64	0	0	0	0	ABSTAIN	A	0	0	0
H5B-O-20-01#s100r044	64	0	0	0	0	ABSTAIN	A	0	0	0
H5B-O-20-02#s100r044	64	0	0	0	0	ABSTAIN	A	0	0	0
H5B-O-20-03#s100r044	64	0	0	0	0	ABSTAIN	A	0	0	0
H5B-O-20-04#s100r044	64	0	0	0	0	ABSTAIN	A	0	0	0
H5B-O-20-05#s100r044	64	0	0	0	0	ABSTAIN	A	0	0	0
H5B-O-20-06#s100r044	64	0	0	0	0	ABSTAIN	A	0	0	0
H5B-O-20-07#s100r044	64	0	0	0	0	ABSTAIN	A	0	0	0
H5B-O-20-08#s100r044	64	0	0	0	0	ABSTAIN	A	0	0	0
H5B-O-20-09#s100r044	64	0	0	0	0	ABSTAIN	A	0	0	0
H5B-O-40-00#s100r044	64	0	0	0	0	ABSTAIN	A	0	0	0
H5B-O-40-01#s100r044	64	0	0	0	0	ABSTAIN	A	0	0	0
H5B-O-40-02#s100r044	64	0	0	0	0	ABSTAIN	A	0	0	0
H5B-O-40-03#s100r044	64	0	0	0	0	ABSTAIN	A	0	0	0
H5B-O-40-04#s100r044	64	0	0	0	0	ABSTAIN	A	0	0	0
H5B-O-40-05#s100r044	64	0	0	0	0	ABSTAIN	A	0	0	0
H5B-O-40-06#s100r044	64	0	0	0	0	ABSTAIN	A	0	0	0
H5B-O-40-07#s100r044	64	0	0	0	0	ABSTAIN	A	0	0	0
H5B-O-40-08#s100r044	64	0	0	0	0	ABSTAIN	A	0	0	0
H5B-O-40-09#s100r044	64	0	0	0	0	ABSTAIN	A	0	0	0
H5B-D-0-00#s100r044	64	0	0	0	0	RELEASE	1	661	0	0
H5B-D-0-01#s100r044	64	0	0	0	0	RELEASE	1	661	0	0
H5B-D-0-02#s100r044	64	0	0	0	0	RELEASE	1	661	0	0
H5B-D-0-03#s100r044	64	0	0	0	0	RELEASE	1	662	0	0
H5B-D-0-04#s100r044	64	0	0	0	0	RELEASE	1	662	0	0
H5B-D-0-05#s100r044	64	0	0	0	0	RELEASE	1	662	0	0
H5B-D-0-06#s100r044	64	0	0	0	0	RELEASE	1	662	0	0
H5B-D-0-07#s100r044	64	0	0	0	0	RELEASE	1	662	0	0
H5B-D-0-08#s100r044	64	0	0	0	0	RELEASE	1	662	0	0
H5B-D-0-09#s100r044	64	0	0	0	0	RELEASE	1	662	0	0
H5B-D-1-00#s100r044	64	0	0	0	0	ABSTAIN	A	0	0	0
H5B-D-1-01#s100r044	64	0	0	0	0	ABSTAIN	A	0	0	0
H5B-D-1-02#s100r044	64	0	0	0	0	ABSTAIN	A	0	0	0
H5B-D-1-03#s100r044	64	0	0	0	0	ABSTAIN	A	0	0	0
H5B-D-1-04#s100r044	64	0	0	0	0	ABSTAIN	A	0	0	0
H5B-D-1-05#s100r044	64	0	0	0	0	ABSTAIN	A	0	0	0
H5B-D-1-06#s100r044	64	0	0	0	0	ABSTAIN	A	0	0	0
H5B-D-1-07#s100r044	64	0	0	0	0	ABSTAIN	A	0	0	0
H5B-D-1-08#s100r044	64	0	0	0	0	ABSTAIN	A	0	0	0
H5B-D-1-09#s100r044	64	0	0	0	0	ABSTAIN	A	0	0	0
H5B-D-2-00#s100r044	64	0	0	0	0	ABSTAIN	A	0	0	0
H5B-D-2-01#s100r044	64	0	0	0	0	ABSTAIN	A	0	0	0
H5B-D-2-02#s100r044	64	0	0	0	0	ABSTAIN	A	0	0	0
H5B-D-2-03#s100r044	64	0	0	0	0	ABSTAIN	A	0	0	0
H5B-D-2-04#s100r044	64	0	0	0	0	ABSTAIN	A	0	0	0
H5B-D-2-05#s100r044	64	0	0	0	0	ABSTAIN	A	0	0	0
H5B-D-2-06#s100r044	64	0	0	0	0	ABSTAIN	A	0	0	0
H5B-D-2-07#s100r044	64	0	0	0	0	ABSTAIN	A	0	0	0
H5B-D-2-08#s100r044	64	0	0	0	0	ABSTAIN	A	0	0	0
H5B-D-2-09#s100r044	64	0	0	0	0	ABSTAIN	A	0	0	0
H5B-D-6-00#s100r044	64	0	0	0	0	ABSTAIN	A	0	0	0
H5B-D-6-01#s100r044	64	0	0	0	0	ABSTAIN	A	0	0	0
H5B-D-6-02#s100r044	64	0	0	0	0	ABSTAIN	A	0	0	0
H5B-D-6-03#s100r044	64	0	0	0	0	ABSTAIN	A	0	0	0
H5B-D-6-04#s100r044	64	0	0	0	0	ABSTAIN	A	0	0	0
H5B-D-6-05#s100r044	64	0	0	0	0	ABSTAIN	A	0	0	0
H5B-D-6-06#s100r044	64	0	0	0	0	ABSTAIN	A	0	0	0
H5B-D-6-07#s100r044	64	0	0	0	0	ABSTAIN	A	0	0	0
H5B-D-6-08#s100r044	64	0	0	0	0	ABSTAIN	A	0	0	0
H5B-D-6-09#s100r044	64	0	0	0	0	ABSTAIN	A	0	0	0
H5B-P-06-00#s100r045	64	0	0	0	0	ABSTAIN	A	0	0	0
H5B-P-06-01#s100r045	64	0	0	0	0	ABSTAIN	A	0	0	0
H5B-P-06-02#s100r045	64	0	0	0	0	ABSTAIN	A	0	0	0
H5B-P-06-03#s100r045	64	0	0	0	0	ABSTAIN	A	0	0	0
H5B-P-06-04#s100r045	64	0	0	0	0	ABSTAIN	A	0	0	0
H5B-P-06-05#s100r045	64	0	0	0	0	ABSTAIN	A	0	0	0
H5B-P-06-06#s100r045	64	0	0	0	0	ABSTAIN	A	0	0	0
H5B-P-06-07#s100r045	64	0	0	0	0	ABSTAIN	A	0	0	0
H5B-P-06-08#s100r045	64	0	0	0	0	ABSTAIN	A	0	0	0
H5B-P-06-09#s100r045	64	0	0	0	0	ABSTAIN	A	0	0	0
H5B-P-12-00#s100r045	64	0	0	0	0	ABSTAIN	A	0	0	0
H5B-P-12-01#s100r045	64	0	0	0	0	ABSTAIN	A	0	0	0
H5B-P-12-02#s100r045	64	0	0	0	0	ABSTAIN	A	0	0	0
H5B-P-12-03#s100r045	64	0	0	0	0	ABSTAIN	A	0	0	0
H5B-P-12-04#s100r045	64	0	0	0	0	ABSTAIN	A	0	0	0
H5B-P-12-05#s100r045	64	0	0	0	0	ABSTAIN	A	0	0	0
H5B-P-12-06#s100r045	64	0	0	0	0	ABSTAIN	A	0	0	0
H5B-P-12-07#s100r045	64	0	0	0	0	ABSTAIN	A	0	0	0
H5B-P-12-08#s100r045	64	0	0	0	0	ABSTAIN	A	0	0	0
H5B-P-12-09#s100r045	64	0	0	0	0	ABSTAIN	A	0	0	0
H5B-P-20-00#s100r045	64	0	0	0	0	ABSTAIN	A	0	0	0
H5B-P-20-01#s100r045	64	0	0	0	0	ABSTAIN	A	0	0	0
H5B-P-20-02#s100r045	64	0	0	0	0	ABSTAIN	A	0	0	0
H5B-P-20-03#s100r045	64	0	0	0	0	ABSTAIN	A	0	0	0
H5B-P-20-04#s100r045	64	0	0	0	0	ABSTAIN	A	0	0	0
H5B-P-20-05#s100r045	64	0	0	0	0	ABSTAIN	A	0	0	0
H5B-P-20-06#s100r045	64	0	0	0	0	ABSTAIN	A	0	0	0
H5B-P-20-07#s100r045	64	0	0	0	0	ABSTAIN	A	0	0	0
H5B-P-20-08#s100r045	64	0	0	0	0	ABSTAIN	A	0	0	0
H5B-P-20-09#s100r045	64	0	0	0	0	ABSTAIN	A	0	0	0
H5B-P-40-00#s100r045	64	0	0	0	0	ABSTAIN	A	0	0	0
H5B-P-40-01#s100r045	64	0	0	0	0	ABSTAIN	A	0	0	0
H5B-P-40-02#s100r045	64	0	0	0	0	ABSTAIN	A	0	0	0
H5B-P-40-03#s100r045	64	0	0	0	0	ABSTAIN	A	0	0	0
H5B-P-40-04#s100r045	64	0	0	0	0	ABSTAIN	A	0	0	0
H5B-P-40-05#s100r045	64	0	0	0	0	ABSTAIN	A	0	0	0
H5B-P-40-06#s100r045	64	0	0	0	0	ABSTAIN	A	0	0	0
H5B-P-40-07#s100r045	64	0	0	0	0	ABSTAIN	A	0	0	0
H5B-P-40-08#s100r045	64	0	0	0	0	ABSTAIN	A	0	0	0
H5B-P-40-09#s100r045	64	0	0	0	0	ABSTAIN	A	0	0	0
H5B-O-06-00#s100r045	64	0	0	0	0	ABSTAIN	A	0	0	0
H5B-O-06-01#s100r045	64	0	0	0	0	ABSTAIN	A	0	0	0
H5B-O-06-02#s100r045	64	0	0	0	0	ABSTAIN	A	0	0	0
H5B-O-06-03#s100r045	64	0	0	0	0	ABSTAIN	A	0	0	0
H5B-O-06-04#s100r045	64	0	0	0	0	ABSTAIN	A	0	0	0
H5B-O-06-05#s100r045	64	0	0	0	0	ABSTAIN	A	0	0	0
H5B-O-06-06#s100r045	64	0	0	0	0	ABSTAIN	A	0	0	0
H5B-O-06-07#s100r045	64	0	0	0	0	ABSTAIN	A	0	0	0
H5B-O-06-08#s100r045	64	0	0	0	0	ABSTAIN	A	0	0	0
H5B-O-06-09#s100r045	64	0	0	0	0	ABSTAIN	A	0	0	0
H5B-O-12-00#s100r045	64	0	0	0	0	ABSTAIN	A	0	0	0
H5B-O-12-01#s100r045	64	0	0	0	0	ABSTAIN	A	0	0	0
H5B-O-12-02#s100r045	64	0	0	0	0	ABSTAIN	A	0	0	0
H5B-O-12-03#s100r045	64	0	0	0	0	ABSTAIN	A	0	0	0
H5B-O-12-04#s100r045	64	0	0	0	0	ABSTAIN	A	0	0	0
H5B-O-12-05#s100r045	64	0	0	0	0	ABSTAIN	A	0	0	0
H5B-O-12-06#s100r045	64	0	0	0	0	ABSTAIN	A	0	0	0
H5B-O-12-07#s100r045	64	0	0	0	0	ABSTAIN	A	0	0	0
H5B-O-12-08#s100r045	64	0	0	0	0	ABSTAIN	A	0	0	0
H5B-O-12-09#s100r045	64	0	0	0	0	ABSTAIN	A	0	0	0
H5B-O-20-00#s100r045	64	0	0	0	0	ABSTAIN	A	0	0	0
H5B-O-20-01#s100r045	64	0	0	0	0	ABSTAIN	A	0	0	0
H5B-O-20-02#s100r045	64	0	0	0	0	ABSTAIN	A	0	0	0
H5B-O-20-03#s100r045	64	0	0	0	0	ABSTAIN	A	0	0	0
H5B-O-20-04#s100r045	64	0	0	0	0	ABSTAIN	A	0	0	0
H5B-O-20-05#s100r045	64	0	0	0	0	ABSTAIN	A	0	0	0
H5B-O-20-06#s100r045	64	0	0	0	0	ABSTAIN	A	0	0	0
H5B-O-20-07#s100r045	64	0	0	0	0	ABSTAIN	A	0	0	0
H5B-O-20-08#s100r045	64	0	0	0	0	ABSTAIN	A	0	0	0
H5B-O-20-09#s100r045	64	0	0	0	0	ABSTAIN	A	0	0	0
H5B-O-40-00#s100r045	64	0	0	0	0	ABSTAIN	A	0	0	0
H5B-O-40-01#s100r045	64	0	0	0	0	ABSTAIN	A	0	0	0
H5B-O-40-02#s100r045	64	0	0	0	0	ABSTAIN	A	0	0	0
H5B-O-40-03#s100r045	64	0	0	0	0	ABSTAIN	A	0	0	0
H5B-O-40-04#s100r045	64	0	0	0	0	ABSTAIN	A	0	0	0
H5B-O-40-05#s100r045	64	0	0	0	0	ABSTAIN	A	0	0	0
H5B-O-40-06#s100r045	64	0	0	0	0	ABSTAIN	A	0	0	0
H5B-O-40-07#s100r045	64	0	0	0	0	ABSTAIN	A	0	0	0
H5B-O-40-08#s100r045	64	0	0	0	0	ABSTAIN	A	0	0	0
H5B-O-40-09#s100r045	64	0	0	0	0	ABSTAIN	A	0	0	0
H5B-D-0-00#s100r045	64	0	0	0	0	RELEASE	1	661	0	0
H5B-D-0-01#s100r045	64	0	0	0	0	RELEASE	1	661	0	0
H5B-D-0-02#s100r045	64	0	0	0	0	RELEASE	1	661	0	0
H5B-D-0-03#s100r045	64	0	0	0	0	RELEASE	1	661	0	0
H5B-D-0-04#s100r045	64	0	0	0	0	RELEASE	1	662	0	0
H5B-D-0-05#s100r045	64	0	0	0	0	RELEASE	1	662	0	0
H5B-D-0-06#s100r045	64	0	0	0	0	RELEASE	1	662	0	0
H5B-D-0-07#s100r045	64	0	0	0	0	RELEASE	1	662	0	0
H5B-D-0-08#s100r045	64	0	0	0	0	RELEASE	1	662	0	0
H5B-D-0-09#s100r045	64	0	0	0	0	RELEASE	1	662	0	0
H5B-D-1-00#s100r045	64	0	0	0	0	ABSTAIN	A	0	0	0
H5B-D-1-01#s100r045	64	0	0	0	0	ABSTAIN	A	0	0	0
H5B-D-1-02#s100r045	64	0	0	0	0	ABSTAIN	A	0	0	0
H5B-D-1-03#s100r045	64	0	0	0	0	ABSTAIN	A	0	0	0
H5B-D-1-04#s100r045	64	0	0	0	0	ABSTAIN	A	0	0	0
H5B-D-1-05#s100r045	64	0	0	0	0	ABSTAIN	A	0	0	0
H5B-D-1-06#s100r045	64	0	0	0	0	ABSTAIN	A	0	0	0
H5B-D-1-07#s100r045	64	0	0	0	0	ABSTAIN	A	0	0	0
H5B-D-1-08#s100r045	64	0	0	0	0	ABSTAIN	A	0	0	0
H5B-D-1-09#s100r045	64	0	0	0	0	ABSTAIN	A	0	0	0
H5B-D-2-00#s100r045	64	0	0	0	0	ABSTAIN	A	0	0	0
H5B-D-2-01#s100r045	64	0	0	0	0	ABSTAIN	A	0	0	0
H5B-D-2-02#s100r045	64	0	0	0	0	ABSTAIN	A	0	0	0
H5B-D-2-03#s100r045	64	0	0	0	0	ABSTAIN	A	0	0	0
H5B-D-2-04#s100r045	64	0	0	0	0	ABSTAIN	A	0	0	0
H5B-D-2-05#s100r045	64	0	0	0	0	ABSTAIN	A	0	0	0
H5B-D-2-06#s100r045	64	0	0	0	0	ABSTAIN	A	0	0	0
H5B-D-2-07#s100r045	64	0	0	0	0	ABSTAIN	A	0	0	0
H5B-D-2-08#s100r045	64	0	0	0	0	ABSTAIN	A	0	0	0
H5B-D-2-09#s100r045	64	0	0	0	0	ABSTAIN	A	0	0	0
H5B-D-6-00#s100r045	64	0	0	0	0	ABSTAIN	A	0	0	0
H5B-D-6-01#s100r045	64	0	0	0	0	ABSTAIN	A	0	0	0
H5B-D-6-02#s100r045	64	0	0	0	0	ABSTAIN	A	0	0	0
H5B-D-6-03#s100r045	64	0	0	0	0	ABSTAIN	A	0	0	0
H5B-D-6-04#s100r045	64	0	0	0	0	ABSTAIN	A	0	0	0
H5B-D-6-05#s100r045	64	0	0	0	0	ABSTAIN	A	0	0	0
H5B-D-6-06#s100r045	64	0	0	0	0	ABSTAIN	A	0	0	0
H5B-D-6-07#s100r045	64	0	0	0	0	ABSTAIN	A	0	0	0
H5B-D-6-08#s100r045	64	0	0	0	0	ABSTAIN	A	0	0	0
H5B-D-6-09#s100r045	64	0	0	0	0	ABSTAIN	A	0	0	0
H5B-P-06-00#s100r046	64	0	0	0	0	ABSTAIN	A	0	0	0
H5B-P-06-01#s100r046	64	0	0	0	0	ABSTAIN	A	0	0	0
H5B-P-06-02#s100r046	64	0	0	0	0	ABSTAIN	A	0	0	0
H5B-P-06-03#s100r046	64	0	0	0	0	ABSTAIN	A	0	0	0
H5B-P-06-04#s100r046	64	0	0	0	0	ABSTAIN	A	0	0	0
H5B-P-06-05#s100r046	64	0	0	0	0	ABSTAIN	A	0	0	0
H5B-P-06-06#s100r046	64	0	0	0	0	ABSTAIN	A	0	0	0
H5B-P-06-07#s100r046	64	0	0	0	0	ABSTAIN	A	0	0	0
H5B-P-06-08#s100r046	64	0	0	0	0	ABSTAIN	A	0	0	0
H5B-P-06-09#s100r046	64	0	0	0	0	ABSTAIN	A	0	0	0
H5B-P-12-00#s100r046	64	0	0	0	0	ABSTAIN	A	0	0	0
H5B-P-12-01#s100r046	64	0	0	0	0	ABSTAIN	A	0	0	0
H5B-P-12-02#s100r046	64	0	0	0	0	ABSTAIN	A	0	0	0
H5B-P-12-03#s100r046	64	0	0	0	0	ABSTAIN	A	0	0	0
H5B-P-12-04#s100r046	64	0	0	0	0	ABSTAIN	A	0	0	0
H5B-P-12-05#s100r046	64	0	0	0	0	ABSTAIN	A	0	0	0
H5B-P-12-06#s100r046	64	0	0	0	0	ABSTAIN	A	0	0	0
H5B-P-12-07#s100r046	64	0	0	0	0	ABSTAIN	A	0	0	0
H5B-P-12-08#s100r046	64	0	0	0	0	ABSTAIN	A	0	0	0
H5B-P-12-09#s100r046	64	0	0	0	0	ABSTAIN	A	0	0	0
H5B-P-20-00#s100r046	64	0	0	0	0	ABSTAIN	A	0	0	0
H5B-P-20-01#s100r046	64	0	0	0	0	ABSTAIN	A	0	0	0
H5B-P-20-02#s100r046	64	0	0	0	0	ABSTAIN	A	0	0	0
H5B-P-20-03#s100r046	64	0	0	0	0	ABSTAIN	A	0	0	0
H5B-P-20-04#s100r046	64	0	0	0	0	ABSTAIN	A	0	0	0
H5B-P-20-05#s100r046	64	0	0	0	0	ABSTAIN	A	0	0	0
H5B-P-20-06#s100r046	64	0	0	0	0	ABSTAIN	A	0	0	0
H5B-P-20-07#s100r046	64	0	0	0	0	ABSTAIN	A	0	0	0
H5B-P-20-08#s100r046	64	0	0	0	0	ABSTAIN	A	0	0	0
H5B-P-20-09#s100r046	64	0	0	0	0	ABSTAIN	A	0	0	0
H5B-P-40-00#s100r046	64	0	0	0	0	ABSTAIN	A	0	0	0
H5B-P-40-01#s100r046	64	0	0	0	0	ABSTAIN	A	0	0	0
H5B-P-40-02#s100r046	64	0	0	0	0	ABSTAIN	A	0	0	0
H5B-P-40-03#s100r046	64	0	0	0	0	ABSTAIN	A	0	0	0
H5B-P-40-04#s100r046	64	0	0	0	0	ABSTAIN	A	0	0	0
H5B-P-40-05#s100r046	64	0	0	0	0	ABSTAIN	A	0	0	0
H5B-P-40-06#s100r046	64	0	0	0	0	ABSTAIN	A	0	0	0
H5B-P-40-07#s100r046	64	0	0	0	0	ABSTAIN	A	0	0	0
H5B-P-40-08#s100r046	64	0	0	0	0	ABSTAIN	A	0	0	0
H5B-P-40-09#s100r046	64	0	0	0	0	ABSTAIN	A	0	0	0
H5B-O-06-00#s100r046	64	0	0	0	0	ABSTAIN	A	0	0	0
H5B-O-06-01#s100r046	64	0	0	0	0	ABSTAIN	A	0	0	0
H5B-O-06-02#s100r046	64	0	0	0	0	ABSTAIN	A	0	0	0
H5B-O-06-03#s100r046	64	0	0	0	0	ABSTAIN	A	0	0	0
H5B-O-06-04#s100r046	64	0	0	0	0	ABSTAIN	A	0	0	0
H5B-O-06-05#s100r046	64	0	0	0	0	ABSTAIN	A	0	0	0
H5B-O-06-06#s100r046	64	0	0	0	0	ABSTAIN	A	0	0	0
H5B-O-06-07#s100r046	64	0	0	0	0	ABSTAIN	A	0	0	0
H5B-O-06-08#s100r046	64	0	0	0	0	ABSTAIN	A	0	0	0
H5B-O-06-09#s100r046	64	0	0	0	0	ABSTAIN	A	0	0	0
H5B-O-12-00#s100r046	64	0	0	0	0	ABSTAIN	A	0	0	0
H5B-O-12-01#s100r046	64	0	0	0	0	ABSTAIN	A	0	0	0
H5B-O-12-02#s100r046	64	0	0	0	0	ABSTAIN	A	0	0	0
H5B-O-12-03#s100r046	64	0	0	0	0	ABSTAIN	A	0	0	0
H5B-O-12-04#s100r046	64	0	0	0	0	ABSTAIN	A	0	0	0
H5B-O-12-05#s100r046	64	0	0	0	0	ABSTAIN	A	0	0	0
H5B-O-12-06#s100r046	64	0	0	0	0	ABSTAIN	A	0	0	0
H5B-O-12-07#s100r046	64	0	0	0	0	ABSTAIN	A	0	0	0
H5B-O-12-08#s100r046	64	0	0	0	0	ABSTAIN	A	0	0	0
H5B-O-12-09#s100r046	64	0	0	0	0	ABSTAIN	A	0	0	0
H5B-O-20-00#s100r046	64	0	0	0	0	ABSTAIN	A	0	0	0
H5B-O-20-01#s100r046	64	0	0	0	0	ABSTAIN	A	0	0	0
H5B-O-20-02#s100r046	64	0	0	0	0	ABSTAIN	A	0	0	0
H5B-O-20-03#s100r046	64	0	0	0	0	ABSTAIN	A	0	0	0
H5B-O-20-04#s100r046	64	0	0	0	0	ABSTAIN	A	0	0	0
H5B-O-20-05#s100r046	64	0	0	0	0	ABSTAIN	A	0	0	0
H5B-O-20-06#s100r046	64	0	0	0	0	ABSTAIN	A	0	0	0
H5B-O-20-07#s100r046	64	0	0	0	0	ABSTAIN	A	0	0	0
H5B-O-20-08#s100r046	64	0	0	0	0	ABSTAIN	A	0	0	0
H5B-O-20-09#s100r046	64	0	0	0	0	ABSTAIN	A	0	0	0
H5B-O-40-00#s100r046	64	0	0	0	0	ABSTAIN	A	0	0	0
H5B-O-40-01#s100r046	64	0	0	0	0	ABSTAIN	A	0	0	0
H5B-O-40-02#s100r046	64	0	0	0	0	ABSTAIN	A	0	0	0
H5B-O-40-03#s100r046	64	0	0	0	0	ABSTAIN	A	0	0	0
H5B-O-40-04#s100r046	64	0	0	0	0	ABSTAIN	A	0	0	0
H5B-O-40-05#s100r046	64	0	0	0	0	ABSTAIN	A	0	0	0
H5B-O-40-06#s100r046	64	0	0	0	0	ABSTAIN	A	0	0	0
H5B-O-40-07#s100r046	64	0	0	0	0	ABSTAIN	A	0	0	0
H5B-O-40-08#s100r046	64	0	0	0	0	ABSTAIN	A	0	0	0
H5B-O-40-09#s100r046	64	0	0	0	0	ABSTAIN	A	0	0	0
H5B-D-0-00#s100r046	64	0	0	0	0	RELEASE	1	661	0	0
H5B-D-0-01#s100r046	64	0	0	0	0	RELEASE	1	661	0	0
H5B-D-0-02#s100r046	64	0	0	0	0	RELEASE	1	661	0	0
H5B-D-0-03#s100r046	64	0	0	0	0	RELEASE	1	661	0	0
H5B-D-0-04#s100r046	64	0	0	0	0	RELEASE	1	661	0	0
H5B-D-0-05#s100r046	64	0	0	0	0	RELEASE	1	662	0	0
H5B-D-0-06#s100r046	64	0	0	0	0	RELEASE	1	662	0	0
H5B-D-0-07#s100r046	64	0	0	0	0	RELEASE	1	662	0	0
H5B-D-0-08#s100r046	64	0	0	0	0	RELEASE	1	662	0	0
H5B-D-0-09#s100r046	64	0	0	0	0	RELEASE	1	662	0	0
H5B-D-1-00#s100r046	64	0	0	0	0	ABSTAIN	A	0	0	0
H5B-D-1-01#s100r046	64	0	0	0	0	ABSTAIN	A	0	0	0
H5B-D-1-02#s100r046	64	0	0	0	0	ABSTAIN	A	0	0	0
H5B-D-1-03#s100r046	64	0	0	0	0	ABSTAIN	A	0	0	0
H5B-D-1-04#s100r046	64	0	0	0	0	ABSTAIN	A	0	0	0
H5B-D-1-05#s100r046	64	0	0	0	0	ABSTAIN	A	0	0	0
H5B-D-1-06#s100r046	64	0	0	0	0	ABSTAIN	A	0	0	0
H5B-D-1-07#s100r046	64	0	0	0	0	ABSTAIN	A	0	0	0
H5B-D-1-08#s100r046	64	0	0	0	0	ABSTAIN	A	0	0	0
H5B-D-1-09#s100r046	64	0	0	0	0	ABSTAIN	A	0	0	0
H5B-D-2-00#s100r046	64	0	0	0	0	ABSTAIN	A	0	0	0
H5B-D-2-01#s100r046	64	0	0	0	0	ABSTAIN	A	0	0	0
H5B-D-2-02#s100r046	64	0	0	0	0	ABSTAIN	A	0	0	0
H5B-D-2-03#s100r046	64	0	0	0	0	ABSTAIN	A	0	0	0
H5B-D-2-04#s100r046	64	0	0	0	0	ABSTAIN	A	0	0	0
H5B-D-2-05#s100r046	64	0	0	0	0	ABSTAIN	A	0	0	0
H5B-D-2-06#s100r046	64	0	0	0	0	ABSTAIN	A	0	0	0
H5B-D-2-07#s100r046	64	0	0	0	0	ABSTAIN	A	0	0	0
H5B-D-2-08#s100r046	64	0	0	0	0	ABSTAIN	A	0	0	0
H5B-D-2-09#s100r046	64	0	0	0	0	ABSTAIN	A	0	0	0
H5B-D-6-00#s100r046	64	0	0	0	0	ABSTAIN	A	0	0	0
H5B-D-6-01#s100r046	64	0	0	0	0	ABSTAIN	A	0	0	0
H5B-D-6-02#s100r046	64	0	0	0	0	ABSTAIN	A	0	0	0
H5B-D-6-03#s100r046	64	0	0	0	0	ABSTAIN	A	0	0	0
H5B-D-6-04#s100r046	64	0	0	0	0	ABSTAIN	A	0	0	0
H5B-D-6-05#s100r046	64	0	0	0	0	ABSTAIN	A	0	0	0
H5B-D-6-06#s100r046	64	0	0	0	0	ABSTAIN	A	0	0	0
H5B-D-6-07#s100r046	64	0	0	0	0	ABSTAIN	A	0	0	0
H5B-D-6-08#s100r046	64	0	0	0	0	ABSTAIN	A	0	0	0
H5B-D-6-09#s100r046	64	0	0	0	0	ABSTAIN	A	0	0	0
H5B-P-06-00#s100r047	64	0	0	0	0	ABSTAIN	A	0	0	0
H5B-P-06-01#s100r047	64	0	0	0	0	ABSTAIN	A	0	0	0
H5B-P-06-02#s100r047	64	0	0	0	0	ABSTAIN	A	0	0	0
H5B-P-06-03#s100r047	64	0	0	0	0	ABSTAIN	A	0	0	0
H5B-P-06-04#s100r047	64	0	0	0	0	ABSTAIN	A	0	0	0
H5B-P-06-05#s100r047	64	0	0	0	0	ABSTAIN	A	0	0	0
H5B-P-06-06#s100r047	64	0	0	0	0	ABSTAIN	A	0	0	0
H5B-P-06-07#s100r047	64	0	0	0	0	ABSTAIN	A	0	0	0
H5B-P-06-08#s100r047	64	0	0	0	0	ABSTAIN	A	0	0	0
H5B-P-06-09#s100r047	64	0	0	0	0	ABSTAIN	A	0	0	0
H5B-P-12-00#s100r047	64	0	0	0	0	ABSTAIN	A	0	0	0
H5B-P-12-01#s100r047	64	0	0	0	0	ABSTAIN	A	0	0	0
H5B-P-12-02#s100r047	64	0	0	0	0	ABSTAIN	A	0	0	0
H5B-P-12-03#s100r047	64	0	0	0	0	ABSTAIN	A	0	0	0
H5B-P-12-04#s100r047	64	0	0	0	0	ABSTAIN	A	0	0	0
H5B-P-12-05#s100r047	64	0	0	0	0	ABSTAIN	A	0	0	0
H5B-P-12-06#s100r047	64	0	0	0	0	ABSTAIN	A	0	0	0
H5B-P-12-07#s100r047	64	0	0	0	0	ABSTAIN	A	0	0	0
H5B-P-12-08#s100r047	64	0	0	0	0	ABSTAIN	A	0	0	0
H5B-P-12-09#s100r047	64	0	0	0	0	ABSTAIN	A	0	0	0
H5B-P-20-00#s100r047	64	0	0	0	0	ABSTAIN	A	0	0	0
H5B-P-20-01#s100r047	64	0	0	0	0	ABSTAIN	A	0	0	0
H5B-P-20-02#s100r047	64	0	0	0	0	ABSTAIN	A	0	0	0
H5B-P-20-03#s100r047	64	0	0	0	0	ABSTAIN	A	0	0	0
H5B-P-20-04#s100r047	64	0	0	0	0	ABSTAIN	A	0	0	0
H5B-P-20-05#s100r047	64	0	0	0	0	ABSTAIN	A	0	0	0
H5B-P-20-06#s100r047	64	0	0	0	0	ABSTAIN	A	0	0	0
H5B-P-20-07#s100r047	64	0	0	0	0	ABSTAIN	A	0	0	0
H5B-P-20-08#s100r047	64	0	0	0	0	ABSTAIN	A	0	0	0
H5B-P-20-09#s100r047	64	0	0	0	0	ABSTAIN	A	0	0	0
H5B-P-40-00#s100r047	64	0	0	0	0	ABSTAIN	A	0	0	0
H5B-P-40-01#s100r047	64	0	0	0	0	ABSTAIN	A	0	0	0
H5B-P-40-02#s100r047	64	0	0	0	0	ABSTAIN	A	0	0	0
H5B-P-40-03#s100r047	64	0	0	0	0	ABSTAIN	A	0	0	0
H5B-P-40-04#s100r047	64	0	0	0	0	ABSTAIN	A	0	0	0
H5B-P-40-05#s100r047	64	0	0	0	0	ABSTAIN	A	0	0	0
H5B-P-40-06#s100r047	64	0	0	0	0	ABSTAIN	A	0	0	0
H5B-P-40-07#s100r047	64	0	0	0	0	ABSTAIN	A	0	0	0
H5B-P-40-08#s100r047	64	0	0	0	0	ABSTAIN	A	0	0	0
H5B-P-40-09#s100r047	64	0	0	0	0	ABSTAIN	A	0	0	0
H5B-O-06-00#s100r047	64	0	0	0	0	ABSTAIN	A	0	0	0
H5B-O-06-01#s100r047	64	0	0	0	0	ABSTAIN	A	0	0	0
H5B-O-06-02#s100r047	64	0	0	0	0	ABSTAIN	A	0	0	0
H5B-O-06-03#s100r047	64	0	0	0	0	ABSTAIN	A	0	0	0
H5B-O-06-04#s100r047	64	0	0	0	0	ABSTAIN	A	0	0	0
H5B-O-06-05#s100r047	64	0	0	0	0	ABSTAIN	A	0	0	0
H5B-O-06-06#s100r047	64	0	0	0	0	ABSTAIN	A	0	0	0
H5B-O-06-07#s100r047	64	0	0	0	0	ABSTAIN	A	0	0	0
H5B-O-06-08#s100r047	64	0	0	0	0	ABSTAIN	A	0	0	0
H5B-O-06-09#s100r047	64	0	0	0	0	ABSTAIN	A	0	0	0
H5B-O-12-00#s100r047	64	0	0	0	0	ABSTAIN	A	0	0	0
H5B-O-12-01#s100r047	64	0	0	0	0	ABSTAIN	A	0	0	0
H5B-O-12-02#s100r047	64	0	0	0	0	ABSTAIN	A	0	0	0
H5B-O-12-03#s100r047	64	0	0	0	0	ABSTAIN	A	0	0	0
H5B-O-12-04#s100r047	64	0	0	0	0	ABSTAIN	A	0	0	0
H5B-O-12-05#s100r047	64	0	0	0	0	ABSTAIN	A	0	0	0
H5B-O-12-06#s100r047	64	0	0	0	0	ABSTAIN	A	0	0	0
H5B-O-12-07#s100r047	64	0	0	0	0	ABSTAIN	A	0	0	0
H5B-O-12-08#s100r047	64	0	0	0	0	ABSTAIN	A	0	0	0
H5B-O-12-09#s100r047	64	0	0	0	0	ABSTAIN	A	0	0	0
H5B-O-20-00#s100r047	64	0	0	0	0	ABSTAIN	A	0	0	0
H5B-O-20-01#s100r047	64	0	0	0	0	ABSTAIN	A	0	0	0
H5B-O-20-02#s100r047	64	0	0	0	0	ABSTAIN	A	0	0	0
H5B-O-20-03#s100r047	64	0	0	0	0	ABSTAIN	A	0	0	0
H5B-O-20-04#s100r047	64	0	0	0	0	ABSTAIN	A	0	0	0
H5B-O-20-05#s100r047	64	0	0	0	0	ABSTAIN	A	0	0	0
H5B-O-20-06#s100r047	64	0	0	0	0	ABSTAIN	A	0	0	0
H5B-O-20-07#s100r047	64	0	0	0	0	ABSTAIN	A	0	0	0
H5B-O-20-08#s100r047	64	0	0	0	0	ABSTAIN	A	0	0	0
H5B-O-20-09#s100r047	64	0	0	0	0	ABSTAIN	A	0	0	0
H5B-O-40-00#s100r047	64	0	0	0	0	ABSTAIN	A	0	0	0
H5B-O-40-01#s100r047	64	0	0	0	0	ABSTAIN	A	0	0	0
H5B-O-40-02#s100r047	64	0	0	0	0	ABSTAIN	A	0	0	0
H5B-O-40-03#s100r047	64	0	0	0	0	ABSTAIN	A	0	0	0
H5B-O-40-04#s100r047	64	0	0	0	0	ABSTAIN	A	0	0	0
H5B-O-40-05#s100r047	64	0	0	0	0	ABSTAIN	A	0	0	0
H5B-O-40-06#s100r047	64	0	0	0	0	ABSTAIN	A	0	0	0
H5B-O-40-07#s100r047	64	0	0	0	0	ABSTAIN	A	0	0	0
H5B-O-40-08#s100r047	64	0	0	0	0	ABSTAIN	A	0	0	0
H5B-O-40-09#s100r047	64	0	0	0	0	ABSTAIN	A	0	0	0
H5B-D-0-00#s100r047	64	0	0	0	0	RELEASE	1	661	0	0
H5B-D-0-01#s100r047	64	0	0	0	0	RELEASE	1	661	0	0
H5B-D-0-02#s100r047	64	0	0	0	0	RELEASE	1	661	0	0
H5B-D-0-03#s100r047	64	0	0	0	0	RELEASE	1	661	0	0
H5B-D-0-04#s100r047	64	0	0	0	0	RELEASE	1	661	0	0
H5B-D-0-05#s100r047	64	0	0	0	0	RELEASE	1	661	0	0
H5B-D-0-06#s100r047	64	0	0	0	0	RELEASE	1	662	0	0
H5B-D-0-07#s100r047	64	0	0	0	0	RELEASE	1	662	0	0
H5B-D-0-08#s100r047	64	0	0	0	0	RELEASE	1	662	0	0
H5B-D-0-09#s100r047	64	0	0	0	0	RELEASE	1	662	0	0
H5B-D-1-00#s100r047	64	0	0	0	0	ABSTAIN	A	0	0	0
H5B-D-1-01#s100r047	64	0	0	0	0	ABSTAIN	A	0	0	0
H5B-D-1-02#s100r047	64	0	0	0	0	ABSTAIN	A	0	0	0
H5B-D-1-03#s100r047	64	0	0	0	0	ABSTAIN	A	0	0	0
H5B-D-1-04#s100r047	64	0	0	0	0	ABSTAIN	A	0	0	0
H5B-D-1-05#s100r047	64	0	0	0	0	ABSTAIN	A	0	0	0
H5B-D-1-06#s100r047	64	0	0	0	0	ABSTAIN	A	0	0	0
H5B-D-1-07#s100r047	64	0	0	0	0	ABSTAIN	A	0	0	0
H5B-D-1-08#s100r047	64	0	0	0	0	ABSTAIN	A	0	0	0
H5B-D-1-09#s100r047	64	0	0	0	0	ABSTAIN	A	0	0	0
H5B-D-2-00#s100r047	64	0	0	0	0	ABSTAIN	A	0	0	0
H5B-D-2-01#s100r047	64	0	0	0	0	ABSTAIN	A	0	0	0
H5B-D-2-02#s100r047	64	0	0	0	0	ABSTAIN	A	0	0	0
H5B-D-2-03#s100r047	64	0	0	0	0	ABSTAIN	A	0	0	0
H5B-D-2-04#s100r047	64	0	0	0	0	ABSTAIN	A	0	0	0
H5B-D-2-05#s100r047	64	0	0	0	0	ABSTAIN	A	0	0	0
H5B-D-2-06#s100r047	64	0	0	0	0	ABSTAIN	A	0	0	0
H5B-D-2-07#s100r047	64	0	0	0	0	ABSTAIN	A	0	0	0
H5B-D-2-08#s100r047	64	0	0	0	0	ABSTAIN	A	0	0	0
H5B-D-2-09#s100r047	64	0	0	0	0	ABSTAIN	A	0	0	0
H5B-D-6-00#s100r047	64	0	0	0	0	ABSTAIN	A	0	0	0
H5B-D-6-01#s100r047	64	0	0	0	0	ABSTAIN	A	0	0	0
H5B-D-6-02#s100r047	64	0	0	0	0	ABSTAIN	A	0	0	0
H5B-D-6-03#s100r047	64	0	0	0	0	ABSTAIN	A	0	0	0
H5B-D-6-04#s100r047	64	0	0	0	0	ABSTAIN	A	0	0	0
H5B-D-6-05#s100r047	64	0	0	0	0	ABSTAIN	A	0	0	0
H5B-D-6-06#s100r047	64	0	0	0	0	ABSTAIN	A	0	0	0
H5B-D-6-07#s100r047	64	0	0	0	0	ABSTAIN	A	0	0	0
H5B-D-6-08#s100r047	64	0	0	0	0	ABSTAIN	A	0	0	0
H5B-D-6-09#s100r047	64	0	0	0	0	ABSTAIN	A	0	0	0
H5B-P-06-00#s100r048	64	0	0	0	0	ABSTAIN	A	0	0	0
H5B-P-06-01#s100r048	64	0	0	0	0	ABSTAIN	A	0	0	0
H5B-P-06-02#s100r048	64	0	0	0	0	ABSTAIN	A	0	0	0
H5B-P-06-03#s100r048	64	0	0	0	0	ABSTAIN	A	0	0	0
H5B-P-06-04#s100r048	64	0	0	0	0	ABSTAIN	A	0	0	0
H5B-P-06-05#s100r048	64	0	0	0	0	ABSTAIN	A	0	0	0
H5B-P-06-06#s100r048	64	0	0	0	0	ABSTAIN	A	0	0	0
H5B-P-06-07#s100r048	64	0	0	0	0	ABSTAIN	A	0	0	0
H5B-P-06-08#s100r048	64	0	0	0	0	ABSTAIN	A	0	0	0
H5B-P-06-09#s100r048	64	0	0	0	0	ABSTAIN	A	0	0	0
H5B-P-12-00#s100r048	64	0	0	0	0	ABSTAIN	A	0	0	0
H5B-P-12-01#s100r048	64	0	0	0	0	ABSTAIN	A	0	0	0
H5B-P-12-02#s100r048	64	0	0	0	0	ABSTAIN	A	0	0	0
H5B-P-12-03#s100r048	64	0	0	0	0	ABSTAIN	A	0	0	0
H5B-P-12-04#s100r048	64	0	0	0	0	ABSTAIN	A	0	0	0
H5B-P-12-05#s100r048	64	0	0	0	0	ABSTAIN	A	0	0	0
H5B-P-12-06#s100r048	64	0	0	0	0	ABSTAIN	A	0	0	0
H5B-P-12-07#s100r048	64	0	0	0	0	ABSTAIN	A	0	0	0
H5B-P-12-08#s100r048	64	0	0	0	0	ABSTAIN	A	0	0	0
H5B-P-12-09#s100r048	64	0	0	0	0	ABSTAIN	A	0	0	0
H5B-P-20-00#s100r048	64	0	0	0	0	ABSTAIN	A	0	0	0
H5B-P-20-01#s100r048	64	0	0	0	0	ABSTAIN	A	0	0	0
H5B-P-20-02#s100r048	64	0	0	0	0	ABSTAIN	A	0	0	0
H5B-P-20-03#s100r048	64	0	0	0	0	ABSTAIN	A	0	0	0
H5B-P-20-04#s100r048	64	0	0	0	0	ABSTAIN	A	0	0	0
H5B-P-20-05#s100r048	64	0	0	0	0	ABSTAIN	A	0	0	0
H5B-P-20-06#s100r048	64	0	0	0	0	ABSTAIN	A	0	0	0
H5B-P-20-07#s100r048	64	0	0	0	0	ABSTAIN	A	0	0	0
H5B-P-20-08#s100r048	64	0	0	0	0	ABSTAIN	A	0	0	0
H5B-P-20-09#s100r048	64	0	0	0	0	ABSTAIN	A	0	0	0
H5B-P-40-00#s100r048	64	0	0	0	0	ABSTAIN	A	0	0	0
H5B-P-40-01#s100r048	64	0	0	0	0	ABSTAIN	A	0	0	0
H5B-P-40-02#s100r048	64	0	0	0	0	ABSTAIN	A	0	0	0
H5B-P-40-03#s100r048	64	0	0	0	0	ABSTAIN	A	0	0	0
H5B-P-40-04#s100r048	64	0	0	0	0	ABSTAIN	A	0	0	0
H5B-P-40-05#s100r048	64	0	0	0	0	ABSTAIN	A	0	0	0
H5B-P-40-06#s100r048	64	0	0	0	0	ABSTAIN	A	0	0	0
H5B-P-40-07#s100r048	64	0	0	0	0	ABSTAIN	A	0	0	0
H5B-P-40-08#s100r048	64	0	0	0	0	ABSTAIN	A	0	0	0
H5B-P-40-09#s100r048	64	0	0	0	0	ABSTAIN	A	0	0	0
H5B-O-06-00#s100r048	64	0	0	0	0	ABSTAIN	A	0	0	0
H5B-O-06-01#s100r048	64	0	0	0	0	ABSTAIN	A	0	0	0
H5B-O-06-02#s100r048	64	0	0	0	0	ABSTAIN	A	0	0	0
H5B-O-06-03#s100r048	64	0	0	0	0	ABSTAIN	A	0	0	0
H5B-O-06-04#s100r048	64	0	0	0	0	ABSTAIN	A	0	0	0
H5B-O-06-05#s100r048	64	0	0	0	0	ABSTAIN	A	0	0	0
H5B-O-06-06#s100r048	64	0	0	0	0	ABSTAIN	A	0	0	0
H5B-O-06-07#s100r048	64	0	0	0	0	ABSTAIN	A	0	0	0
H5B-O-06-08#s100r048	64	0	0	0	0	ABSTAIN	A	0	0	0
H5B-O-06-09#s100r048	64	0	0	0	0	ABSTAIN	A	0	0	0
H5B-O-12-00#s100r048	64	0	0	0	0	ABSTAIN	A	0	0	0
H5B-O-12-01#s100r048	64	0	0	0	0	ABSTAIN	A	0	0	0
H5B-O-12-02#s100r048	64	0	0	0	0	ABSTAIN	A	0	0	0
H5B-O-12-03#s100r048	64	0	0	0	0	ABSTAIN	A	0	0	0
H5B-O-12-04#s100r048	64	0	0	0	0	ABSTAIN	A	0	0	0
H5B-O-12-05#s100r048	64	0	0	0	0	ABSTAIN	A	0	0	0
H5B-O-12-06#s100r048	64	0	0	0	0	ABSTAIN	A	0	0	0
H5B-O-12-07#s100r048	64	0	0	0	0	ABSTAIN	A	0	0	0
H5B-O-12-08#s100r048	64	0	0	0	0	ABSTAIN	A	0	0	0
H5B-O-12-09#s100r048	64	0	0	0	0	ABSTAIN	A	0	0	0
H5B-O-20-00#s100r048	64	0	0	0	0	ABSTAIN	A	0	0	0
H5B-O-20-01#s100r048	64	0	0	0	0	ABSTAIN	A	0	0	0
H5B-O-20-02#s100r048	64	0	0	0	0	ABSTAIN	A	0	0	0
H5B-O-20-03#s100r048	64	0	0	0	0	ABSTAIN	A	0	0	0
H5B-O-20-04#s100r048	64	0	0	0	0	ABSTAIN	A	0	0	0
H5B-O-20-05#s100r048	64	0	0	0	0	ABSTAIN	A	0	0	0
H5B-O-20-06#s100r048	64	0	0	0	0	ABSTAIN	A	0	0	0
H5B-O-20-07#s100r048	64	0	0	0	0	ABSTAIN	A	0	0	0
H5B-O-20-08#s100r048	64	0	0	0	0	ABSTAIN	A	0	0	0
H5B-O-20-09#s100r048	64	0	0	0	0	ABSTAIN	A	0	0	0
H5B-O-40-00#s100r048	64	0	0	0	0	ABSTAIN	A	0	0	0
H5B-O-40-01#s100r048	64	0	0	0	0	ABSTAIN	A	0	0	0
H5B-O-40-02#s100r048	64	0	0	0	0	ABSTAIN	A	0	0	0
H5B-O-40-03#s100r048	64	0	0	0	0	ABSTAIN	A	0	0	0
H5B-O-40-04#s100r048	64	0	0	0	0	ABSTAIN	A	0	0	0
H5B-O-40-05#s100r048	64	0	0	0	0	ABSTAIN	A	0	0	0
H5B-O-40-06#s100r048	64	0	0	0	0	ABSTAIN	A	0	0	0
H5B-O-40-07#s100r048	64	0	0	0	0	ABSTAIN	A	0	0	0
H5B-O-40-08#s100r048	64	0	0	0	0	ABSTAIN	A	0	0	0
H5B-O-40-09#s100r048	64	0	0	0	0	ABSTAIN	A	0	0	0
H5B-D-0-00#s100r048	64	0	0	0	0	RELEASE	1	661	0	0
H5B-D-0-01#s100r048	64	0	0	0	0	RELEASE	1	661	0	0
H5B-D-0-02#s100r048	64	0	0	0	0	RELEASE	1	661	0	0
H5B-D-0-03#s100r048	64	0	0	0	0	RELEASE	1	661	0	0
H5B-D-0-04#s100r048	64	0	0	0	0	RELEASE	1	661	0	0
H5B-D-0-05#s100r048	64	0	0	0	0	RELEASE	1	661	0	0
H5B-D-0-06#s100r048	64	0	0	0	0	RELEASE	1	662	0	0
H5B-D-0-07#s100r048	64	0	0	0	0	RELEASE	1	662	0	0
H5B-D-0-08#s100r048	64	0	0	0	0	RELEASE	1	662	0	0
H5B-D-0-09#s100r048	64	0	0	0	0	RELEASE	1	662	0	0
H5B-D-1-00#s100r048	64	0	0	0	0	ABSTAIN	A	0	0	0
H5B-D-1-01#s100r048	64	0	0	0	0	ABSTAIN	A	0	0	0
H5B-D-1-02#s100r048	64	0	0	0	0	ABSTAIN	A	0	0	0
H5B-D-1-03#s100r048	64	0	0	0	0	ABSTAIN	A	0	0	0
H5B-D-1-04#s100r048	64	0	0	0	0	ABSTAIN	A	0	0	0
H5B-D-1-05#s100r048	64	0	0	0	0	ABSTAIN	A	0	0	0
H5B-D-1-06#s100r048	64	0	0	0	0	ABSTAIN	A	0	0	0
H5B-D-1-07#s100r048	64	0	0	0	0	ABSTAIN	A	0	0	0
H5B-D-1-08#s100r048	64	0	0	0	0	ABSTAIN	A	0	0	0
H5B-D-1-09#s100r048	64	0	0	0	0	ABSTAIN	A	0	0	0
H5B-D-2-00#s100r048	64	0	0	0	0	ABSTAIN	A	0	0	0
H5B-D-2-01#s100r048	64	0	0	0	0	ABSTAIN	A	0	0	0
H5B-D-2-02#s100r048	64	0	0	0	0	ABSTAIN	A	0	0	0
H5B-D-2-03#s100r048	64	0	0	0	0	ABSTAIN	A	0	0	0
H5B-D-2-04#s100r048	64	0	0	0	0	ABSTAIN	A	0	0	0
H5B-D-2-05#s100r048	64	0	0	0	0	ABSTAIN	A	0	0	0
H5B-D-2-06#s100r048	64	0	0	0	0	ABSTAIN	A	0	0	0
H5B-D-2-07#s100r048	64	0	0	0	0	ABSTAIN	A	0	0	0
H5B-D-2-08#s100r048	64	0	0	0	0	ABSTAIN	A	0	0	0
H5B-D-2-09#s100r048	64	0	0	0	0	ABSTAIN	A	0	0	0
H5B-D-6-00#s100r048	64	0	0	0	0	ABSTAIN	A	0	0	0
H5B-D-6-01#s100r048	64	0	0	0	0	ABSTAIN	A	0	0	0
H5B-D-6-02#s100r048	64	0	0	0	0	ABSTAIN	A	0	0	0
H5B-D-6-03#s100r048	64	0	0	0	0	ABSTAIN	A	0	0	0
H5B-D-6-04#s100r048	64	0	0	0	0	ABSTAIN	A	0	0	0
H5B-D-6-05#s100r048	64	0	0	0	0	ABSTAIN	A	0	0	0
H5B-D-6-06#s100r048	64	0	0	0	0	ABSTAIN	A	0	0	0
H5B-D-6-07#s100r048	64	0	0	0	0	ABSTAIN	A	0	0	0
H5B-D-6-08#s100r048	64	0	0	0	0	ABSTAIN	A	0	0	0
H5B-D-6-09#s100r048	64	0	0	0	0	ABSTAIN	A	0	0	0
H5B-P-06-00#s100r049	64	0	0	0	0	ABSTAIN	A	0	0	0
H5B-P-06-01#s100r049	64	0	0	0	0	ABSTAIN	A	0	0	0
H5B-P-06-02#s100r049	64	0	0	0	0	ABSTAIN	A	0	0	0
H5B-P-06-03#s100r049	64	0	0	0	0	ABSTAIN	A	0	0	0
H5B-P-06-04#s100r049	64	0	0	0	0	ABSTAIN	A	0	0	0
H5B-P-06-05#s100r049	64	0	0	0	0	ABSTAIN	A	0	0	0
H5B-P-06-06#s100r049	64	0	0	0	0	ABSTAIN	A	0	0	0
H5B-P-06-07#s100r049	64	0	0	0	0	ABSTAIN	A	0	0	0
H5B-P-06-08#s100r049	64	0	0	0	0	ABSTAIN	A	0	0	0
H5B-P-06-09#s100r049	64	0	0	0	0	ABSTAIN	A	0	0	0
H5B-P-12-00#s100r049	64	0	0	0	0	ABSTAIN	A	0	0	0
H5B-P-12-01#s100r049	64	0	0	0	0	ABSTAIN	A	0	0	0
H5B-P-12-02#s100r049	64	0	0	0	0	ABSTAIN	A	0	0	0
H5B-P-12-03#s100r049	64	0	0	0	0	ABSTAIN	A	0	0	0
H5B-P-12-04#s100r049	64	0	0	0	0	ABSTAIN	A	0	0	0
H5B-P-12-05#s100r049	64	0	0	0	0	ABSTAIN	A	0	0	0
H5B-P-12-06#s100r049	64	0	0	0	0	ABSTAIN	A	0	0	0
H5B-P-12-07#s100r049	64	0	0	0	0	ABSTAIN	A	0	0	0
H5B-P-12-08#s100r049	64	0	0	0	0	ABSTAIN	A	0	0	0
H5B-P-12-09#s100r049	64	0	0	0	0	ABSTAIN	A	0	0	0
H5B-P-20-00#s100r049	64	0	0	0	0	ABSTAIN	A	0	0	0
H5B-P-20-01#s100r049	64	0	0	0	0	ABSTAIN	A	0	0	0
H5B-P-20-02#s100r049	64	0	0	0	0	ABSTAIN	A	0	0	0
H5B-P-20-03#s100r049	64	0	0	0	0	ABSTAIN	A	0	0	0
H5B-P-20-04#s100r049	64	0	0	0	0	ABSTAIN	A	0	0	0
H5B-P-20-05#s100r049	64	0	0	0	0	ABSTAIN	A	0	0	0
H5B-P-20-06#s100r049	64	0	0	0	0	ABSTAIN	A	0	0	0
H5B-P-20-07#s100r049	64	0	0	0	0	ABSTAIN	A	0	0	0
H5B-P-20-08#s100r049	64	0	0	0	0	ABSTAIN	A	0	0	0
H5B-P-20-09#s100r049	64	0	0	0	0	ABSTAIN	A	0	0	0
H5B-P-40-00#s100r049	64	0	0	0	0	ABSTAIN	A	0	0	0
H5B-P-40-01#s100r049	64	0	0	0	0	ABSTAIN	A	0	0	0
H5B-P-40-02#s100r049	64	0	0	0	0	ABSTAIN	A	0	0	0
H5B-P-40-03#s100r049	64	0	0	0	0	ABSTAIN	A	0	0	0
H5B-P-40-04#s100r049	64	0	0	0	0	ABSTAIN	A	0	0	0
H5B-P-40-05#s100r049	64	0	0	0	0	ABSTAIN	A	0	0	0
H5B-P-40-06#s100r049	64	0	0	0	0	ABSTAIN	A	0	0	0
H5B-P-40-07#s100r049	64	0	0	0	0	ABSTAIN	A	0	0	0
H5B-P-40-08#s100r049	64	0	0	0	0	ABSTAIN	A	0	0	0
H5B-P-40-09#s100r049	64	0	0	0	0	ABSTAIN	A	0	0	0
H5B-O-06-00#s100r049	64	0	0	0	0	ABSTAIN	A	0	0	0
H5B-O-06-01#s100r049	64	0	0	0	0	ABSTAIN	A	0	0	0
H5B-O-06-02#s100r049	64	0	0	0	0	ABSTAIN	A	0	0	0
H5B-O-06-03#s100r049	64	0	0	0	0	ABSTAIN	A	0	0	0
H5B-O-06-04#s100r049	64	0	0	0	0	ABSTAIN	A	0	0	0
H5B-O-06-05#s100r049	64	0	0	0	0	ABSTAIN	A	0	0	0
H5B-O-06-06#s100r049	64	0	0	0	0	ABSTAIN	A	0	0	0
H5B-O-06-07#s100r049	64	0	0	0	0	ABSTAIN	A	0	0	0
H5B-O-06-08#s100r049	64	0	0	0	0	ABSTAIN	A	0	0	0
H5B-O-06-09#s100r049	64	0	0	0	0	ABSTAIN	A	0	0	0
H5B-O-12-00#s100r049	64	0	0	0	0	ABSTAIN	A	0	0	0
H5B-O-12-01#s100r049	64	0	0	0	0	ABSTAIN	A	0	0	0
H5B-O-12-02#s100r049	64	0	0	0	0	ABSTAIN	A	0	0	0
H5B-O-12-03#s100r049	64	0	0	0	0	ABSTAIN	A	0	0	0
H5B-O-12-04#s100r049	64	0	0	0	0	ABSTAIN	A	0	0	0
H5B-O-12-05#s100r049	64	0	0	0	0	ABSTAIN	A	0	0	0
H5B-O-12-06#s100r049	64	0	0	0	0	ABSTAIN	A	0	0	0
H5B-O-12-07#s100r049	64	0	0	0	0	ABSTAIN	A	0	0	0
H5B-O-12-08#s100r049	64	0	0	0	0	ABSTAIN	A	0	0	0
H5B-O-12-09#s100r049	64	0	0	0	0	ABSTAIN	A	0	0	0
H5B-O-20-00#s100r049	64	0	0	0	0	ABSTAIN	A	0	0	0
H5B-O-20-01#s100r049	64	0	0	0	0	ABSTAIN	A	0	0	0
H5B-O-20-02#s100r049	64	0	0	0	0	ABSTAIN	A	0	0	0
H5B-O-20-03#s100r049	64	0	0	0	0	ABSTAIN	A	0	0	0
H5B-O-20-04#s100r049	64	0	0	0	0	ABSTAIN	A	0	0	0
H5B-O-20-05#s100r049	64	0	0	0	0	ABSTAIN	A	0	0	0
H5B-O-20-06#s100r049	64	0	0	0	0	ABSTAIN	A	0	0	0
H5B-O-20-07#s100r049	64	0	0	0	0	ABSTAIN	A	0	0	0
H5B-O-20-08#s100r049	64	0	0	0	0	ABSTAIN	A	0	0	0
H5B-O-20-09#s100r049	64	0	0	0	0	ABSTAIN	A	0	0	0
H5B-O-40-00#s100r049	64	0	0	0	0	ABSTAIN	A	0	0	0
H5B-O-40-01#s100r049	64	0	0	0	0	ABSTAIN	A	0	0	0
H5B-O-40-02#s100r049	64	0	0	0	0	ABSTAIN	A	0	0	0
H5B-O-40-03#s100r049	64	0	0	0	0	ABSTAIN	A	0	0	0
H5B-O-40-04#s100r049	64	0	0	0	0	ABSTAIN	A	0	0	0
H5B-O-40-05#s100r049	64	0	0	0	0	ABSTAIN	A	0	0	0
H5B-O-40-06#s100r049	64	0	0	0	0	ABSTAIN	A	0	0	0
H5B-O-40-07#s100r049	64	0	0	0	0	ABSTAIN	A	0	0	0
H5B-O-40-08#s100r049	64	0	0	0	0	ABSTAIN	A	0	0	0
H5B-O-40-09#s100r049	64	0	0	0	0	ABSTAIN	A	0	0	0
H5B-D-0-00#s100r049	64	0	0	0	0	RELEASE	1	661	0	0
H5B-D-0-01#s100r049	64	0	0	0	0	RELEASE	1	661	0	0
H5B-D-0-02#s100r049	64	0	0	0	0	RELEASE	1	661	0	0
H5B-D-0-03#s100r049	64	0	0	0	0	RELEASE	1	661	0	0
H5B-D-0-04#s100r049	64	0	0	0	0	RELEASE	1	661	0	0
H5B-D-0-05#s100r049	64	0	0	0	0	RELEASE	1	661	0	0
H5B-D-0-06#s100r049	64	0	0	0	0	RELEASE	1	661	0	0
H5B-D-0-07#s100r049	64	0	0	0	0	RELEASE	1	662	0	0
H5B-D-0-08#s100r049	64	0	0	0	0	RELEASE	1	662	0	0
H5B-D-0-09#s100r049	64	0	0	0	0	RELEASE	1	662	0	0
H5B-D-1-00#s100r049	64	0	0	0	0	ABSTAIN	A	0	0	0
H5B-D-1-01#s100r049	64	0	0	0	0	ABSTAIN	A	0	0	0
H5B-D-1-02#s100r049	64	0	0	0	0	ABSTAIN	A	0	0	0
H5B-D-1-03#s100r049	64	0	0	0	0	ABSTAIN	A	0	0	0
H5B-D-1-04#s100r049	64	0	0	0	0	ABSTAIN	A	0	0	0
H5B-D-1-05#s100r049	64	0	0	0	0	ABSTAIN	A	0	0	0
H5B-D-1-06#s100r049	64	0	0	0	0	ABSTAIN	A	0	0	0
H5B-D-1-07#s100r049	64	0	0	0	0	ABSTAIN	A	0	0	0
H5B-D-1-08#s100r049	64	0	0	0	0	ABSTAIN	A	0	0	0
H5B-D-1-09#s100r049	64	0	0	0	0	ABSTAIN	A	0	0	0
H5B-D-2-00#s100r049	64	0	0	0	0	ABSTAIN	A	0	0	0
H5B-D-2-01#s100r049	64	0	0	0	0	ABSTAIN	A	0	0	0
H5B-D-2-02#s100r049	64	0	0	0	0	ABSTAIN	A	0	0	0
H5B-D-2-03#s100r049	64	0	0	0	0	ABSTAIN	A	0	0	0
H5B-D-2-04#s100r049	64	0	0	0	0	ABSTAIN	A	0	0	0
H5B-D-2-05#s100r049	64	0	0	0	0	ABSTAIN	A	0	0	0
H5B-D-2-06#s100r049	64	0	0	0	0	ABSTAIN	A	0	0	0
H5B-D-2-07#s100r049	64	0	0	0	0	ABSTAIN	A	0	0	0
H5B-D-2-08#s100r049	64	0	0	0	0	ABSTAIN	A	0	0	0
H5B-D-2-09#s100r049	64	0	0	0	0	ABSTAIN	A	0	0	0
H5B-D-6-00#s100r049	64	0	0	0	0	ABSTAIN	A	0	0	0
H5B-D-6-01#s100r049	64	0	0	0	0	ABSTAIN	A	0	0	0
H5B-D-6-02#s100r049	64	0	0	0	0	ABSTAIN	A	0	0	0
H5B-D-6-03#s100r049	64	0	0	0	0	ABSTAIN	A	0	0	0
H5B-D-6-04#s100r049	64	0	0	0	0	ABSTAIN	A	0	0	0
H5B-D-6-05#s100r049	64	0	0	0	0	ABSTAIN	A	0	0	0
H5B-D-6-06#s100r049	64	0	0	0	0	ABSTAIN	A	0	0	0
H5B-D-6-07#s100r049	64	0	0	0	0	ABSTAIN	A	0	0	0
H5B-D-6-08#s100r049	64	0	0	0	0	ABSTAIN	A	0	0	0
H5B-D-6-09#s100r049	64	0	0	0	0	ABSTAIN	A	0	0	0
H5B-P-06-00#s100r050	64	0	0	0	0	ABSTAIN	A	0	0	0
H5B-P-06-01#s100r050	64	0	0	0	0	ABSTAIN	A	0	0	0
H5B-P-06-02#s100r050	64	0	0	0	0	ABSTAIN	A	0	0	0
H5B-P-06-03#s100r050	64	0	0	0	0	ABSTAIN	A	0	0	0
H5B-P-06-04#s100r050	64	0	0	0	0	ABSTAIN	A	0	0	0
H5B-P-06-05#s100r050	64	0	0	0	0	ABSTAIN	A	0	0	0
H5B-P-06-06#s100r050	64	0	0	0	0	ABSTAIN	A	0	0	0
H5B-P-06-07#s100r050	64	0	0	0	0	ABSTAIN	A	0	0	0
H5B-P-06-08#s100r050	64	0	0	0	0	ABSTAIN	A	0	0	0
H5B-P-06-09#s100r050	64	0	0	0	0	ABSTAIN	A	0	0	0
H5B-P-12-00#s100r050	64	0	0	0	0	ABSTAIN	A	0	0	0
H5B-P-12-01#s100r050	64	0	0	0	0	ABSTAIN	A	0	0	0
H5B-P-12-02#s100r050	64	0	0	0	0	ABSTAIN	A	0	0	0
H5B-P-12-03#s100r050	64	0	0	0	0	ABSTAIN	A	0	0	0
H5B-P-12-04#s100r050	64	0	0	0	0	ABSTAIN	A	0	0	0
H5B-P-12-05#s100r050	64	0	0	0	0	ABSTAIN	A	0	0	0
H5B-P-12-06#s100r050	64	0	0	0	0	ABSTAIN	A	0	0	0
H5B-P-12-07#s100r050	64	0	0	0	0	ABSTAIN	A	0	0	0
H5B-P-12-08#s100r050	64	0	0	0	0	ABSTAIN	A	0	0	0
H5B-P-12-09#s100r050	64	0	0	0	0	ABSTAIN	A	0	0	0
H5B-P-20-00#s100r050	64	0	0	0	0	ABSTAIN	A	0	0	0
H5B-P-20-01#s100r050	64	0	0	0	0	ABSTAIN	A	0	0	0
H5B-P-20-02#s100r050	64	0	0	0	0	ABSTAIN	A	0	0	0
H5B-P-20-03#s100r050	64	0	0	0	0	ABSTAIN	A	0	0	0
H5B-P-20-04#s100r050	64	0	0	0	0	ABSTAIN	A	0	0	0
H5B-P-20-05#s100r050	64	0	0	0	0	ABSTAIN	A	0	0	0
H5B-P-20-06#s100r050	64	0	0	0	0	ABSTAIN	A	0	0	0
H5B-P-20-07#s100r050	64	0	0	0	0	ABSTAIN	A	0	0	0
H5B-P-20-08#s100r050	64	0	0	0	0	ABSTAIN	A	0	0	0
H5B-P-20-09#s100r050	64	0	0	0	0	ABSTAIN	A	0	0	0
H5B-P-40-00#s100r050	64	0	0	0	0	ABSTAIN	A	0	0	0
H5B-P-40-01#s100r050	64	0	0	0	0	ABSTAIN	A	0	0	0
H5B-P-40-02#s100r050	64	0	0	0	0	ABSTAIN	A	0	0	0
H5B-P-40-03#s100r050	64	0	0	0	0	ABSTAIN	A	0	0	0
H5B-P-40-04#s100r050	64	0	0	0	0	ABSTAIN	A	0	0	0
H5B-P-40-05#s100r050	64	0	0	0	0	ABSTAIN	A	0	0	0
H5B-P-40-06#s100r050	64	0	0	0	0	ABSTAIN	A	0	0	0
H5B-P-40-07#s100r050	64	0	0	0	0	ABSTAIN	A	0	0	0
H5B-P-40-08#s100r050	64	0	0	0	0	ABSTAIN	A	0	0	0
H5B-P-40-09#s100r050	64	0	0	0	0	ABSTAIN	A	0	0	0
H5B-O-06-00#s100r050	64	0	0	0	0	ABSTAIN	A	0	0	0
H5B-O-06-01#s100r050	64	0	0	0	0	ABSTAIN	A	0	0	0
H5B-O-06-02#s100r050	64	0	0	0	0	ABSTAIN	A	0	0	0
H5B-O-06-03#s100r050	64	0	0	0	0	ABSTAIN	A	0	0	0
H5B-O-06-04#s100r050	64	0	0	0	0	ABSTAIN	A	0	0	0
H5B-O-06-05#s100r050	64	0	0	0	0	ABSTAIN	A	0	0	0
H5B-O-06-06#s100r050	64	0	0	0	0	ABSTAIN	A	0	0	0
H5B-O-06-07#s100r050	64	0	0	0	0	ABSTAIN	A	0	0	0
H5B-O-06-08#s100r050	64	0	0	0	0	ABSTAIN	A	0	0	0
H5B-O-06-09#s100r050	64	0	0	0	0	ABSTAIN	A	0	0	0
H5B-O-12-00#s100r050	64	0	0	0	0	ABSTAIN	A	0	0	0
H5B-O-12-01#s100r050	64	0	0	0	0	ABSTAIN	A	0	0	0
H5B-O-12-02#s100r050	64	0	0	0	0	ABSTAIN	A	0	0	0
H5B-O-12-03#s100r050	64	0	0	0	0	ABSTAIN	A	0	0	0
H5B-O-12-04#s100r050	64	0	0	0	0	ABSTAIN	A	0	0	0
H5B-O-12-05#s100r050	64	0	0	0	0	ABSTAIN	A	0	0	0
H5B-O-12-06#s100r050	64	0	0	0	0	ABSTAIN	A	0	0	0
H5B-O-12-07#s100r050	64	0	0	0	0	ABSTAIN	A	0	0	0
H5B-O-12-08#s100r050	64	0	0	0	0	ABSTAIN	A	0	0	0
H5B-O-12-09#s100r050	64	0	0	0	0	ABSTAIN	A	0	0	0
H5B-O-20-00#s100r050	64	0	0	0	0	ABSTAIN	A	0	0	0
H5B-O-20-01#s100r050	64	0	0	0	0	ABSTAIN	A	0	0	0
H5B-O-20-02#s100r050	64	0	0	0	0	ABSTAIN	A	0	0	0
H5B-O-20-03#s100r050	64	0	0	0	0	ABSTAIN	A	0	0	0
H5B-O-20-04#s100r050	64	0	0	0	0	ABSTAIN	A	0	0	0
H5B-O-20-05#s100r050	64	0	0	0	0	ABSTAIN	A	0	0	0
H5B-O-20-06#s100r050	64	0	0	0	0	ABSTAIN	A	0	0	0
H5B-O-20-07#s100r050	64	0	0	0	0	ABSTAIN	A	0	0	0
H5B-O-20-08#s100r050	64	0	0	0	0	ABSTAIN	A	0	0	0
H5B-O-20-09#s100r050	64	0	0	0	0	ABSTAIN	A	0	0	0
H5B-O-40-00#s100r050	64	0	0	0	0	ABSTAIN	A	0	0	0
H5B-O-40-01#s100r050	64	0	0	0	0	ABSTAIN	A	0	0	0
H5B-O-40-02#s100r050	64	0	0	0	0	ABSTAIN	A	0	0	0
H5B-O-40-03#s100r050	64	0	0	0	0	ABSTAIN	A	0	0	0
H5B-O-40-04#s100r050	64	0	0	0	0	ABSTAIN	A	0	0	0
H5B-O-40-05#s100r050	64	0	0	0	0	ABSTAIN	A	0	0	0
H5B-O-40-06#s100r050	64	0	0	0	0	ABSTAIN	A	0	0	0
H5B-O-40-07#s100r050	64	0	0	0	0	ABSTAIN	A	0	0	0
H5B-O-40-08#s100r050	64	0	0	0	0	ABSTAIN	A	0	0	0
H5B-O-40-09#s100r050	64	0	0	0	0	ABSTAIN	A	0	0	0
H5B-D-0-00#s100r050	64	0	0	0	0	RELEASE	1	661	0	0
H5B-D-0-01#s100r050	64	0	0	0	0	RELEASE	1	661	0	0
H5B-D-0-02#s100r050	64	0	0	0	0	RELEASE	1	661	0	0
H5B-D-0-03#s100r050	64	0	0	0	0	RELEASE	1	661	0	0
H5B-D-0-04#s100r050	64	0	0	0	0	RELEASE	1	661	0	0
H5B-D-0-05#s100r050	64	0	0	0	0	RELEASE	1	661	0	0
H5B-D-0-06#s100r050	64	0	0	0	0	RELEASE	1	661	0	0
H5B-D-0-07#s100r050	64	0	0	0	0	RELEASE	1	661	0	0
H5B-D-0-08#s100r050	64	0	0	0	0	RELEASE	1	662	0	0
H5B-D-0-09#s100r050	64	0	0	0	0	RELEASE	1	662	0	0
H5B-D-1-00#s100r050	64	0	0	0	0	ABSTAIN	A	0	0	0
H5B-D-1-01#s100r050	64	0	0	0	0	ABSTAIN	A	0	0	0
H5B-D-1-02#s100r050	64	0	0	0	0	ABSTAIN	A	0	0	0
H5B-D-1-03#s100r050	64	0	0	0	0	ABSTAIN	A	0	0	0
H5B-D-1-04#s100r050	64	0	0	0	0	ABSTAIN	A	0	0	0
H5B-D-1-05#s100r050	64	0	0	0	0	ABSTAIN	A	0	0	0
H5B-D-1-06#s100r050	64	0	0	0	0	ABSTAIN	A	0	0	0
H5B-D-1-07#s100r050	64	0	0	0	0	ABSTAIN	A	0	0	0
H5B-D-1-08#s100r050	64	0	0	0	0	ABSTAIN	A	0	0	0
H5B-D-1-09#s100r050	64	0	0	0	0	ABSTAIN	A	0	0	0
H5B-D-2-00#s100r050	64	0	0	0	0	ABSTAIN	A	0	0	0
H5B-D-2-01#s100r050	64	0	0	0	0	ABSTAIN	A	0	0	0
H5B-D-2-02#s100r050	64	0	0	0	0	ABSTAIN	A	0	0	0
H5B-D-2-03#s100r050	64	0	0	0	0	ABSTAIN	A	0	0	0
H5B-D-2-04#s100r050	64	0	0	0	0	ABSTAIN	A	0	0	0
H5B-D-2-05#s100r050	64	0	0	0	0	ABSTAIN	A	0	0	0
H5B-D-2-06#s100r050	64	0	0	0	0	ABSTAIN	A	0	0	0
H5B-D-2-07#s100r050	64	0	0	0	0	ABSTAIN	A	0	0	0
H5B-D-2-08#s100r050	64	0	0	0	0	ABSTAIN	A	0	0	0
H5B-D-2-09#s100r050	64	0	0	0	0	ABSTAIN	A	0	0	0
H5B-D-6-00#s100r050	64	0	0	0	0	ABSTAIN	A	0	0	0
H5B-D-6-01#s100r050	64	0	0	0	0	ABSTAIN	A	0	0	0
H5B-D-6-02#s100r050	64	0	0	0	0	ABSTAIN	A	0	0	0
H5B-D-6-03#s100r050	64	0	0	0	0	ABSTAIN	A	0	0	0
H5B-D-6-04#s100r050	64	0	0	0	0	ABSTAIN	A	0	0	0
H5B-D-6-05#s100r050	64	0	0	0	0	ABSTAIN	A	0	0	0
H5B-D-6-06#s100r050	64	0	0	0	0	ABSTAIN	A	0	0	0
H5B-D-6-07#s100r050	64	0	0	0	0	ABSTAIN	A	0	0	0
H5B-D-6-08#s100r050	64	0	0	0	0	ABSTAIN	A	0	0	0
H5B-D-6-09#s100r050	64	0	0	0	0	ABSTAIN	A	0	0	0
H5B-P-06-00#s100r051	64	0	0	0	0	ABSTAIN	A	0	0	0
H5B-P-06-01#s100r051	64	0	0	0	0	ABSTAIN	A	0	0	0
H5B-P-06-02#s100r051	64	0	0	0	0	ABSTAIN	A	0	0	0
H5B-P-06-03#s100r051	64	0	0	0	0	ABSTAIN	A	0	0	0
H5B-P-06-04#s100r051	64	0	0	0	0	ABSTAIN	A	0	0	0
H5B-P-06-05#s100r051	64	0	0	0	0	ABSTAIN	A	0	0	0
H5B-P-06-06#s100r051	64	0	0	0	0	ABSTAIN	A	0	0	0
H5B-P-06-07#s100r051	64	0	0	0	0	ABSTAIN	A	0	0	0
H5B-P-06-08#s100r051	64	0	0	0	0	ABSTAIN	A	0	0	0
H5B-P-06-09#s100r051	64	0	0	0	0	ABSTAIN	A	0	0	0
H5B-P-12-00#s100r051	64	0	0	0	0	ABSTAIN	A	0	0	0
H5B-P-12-01#s100r051	64	0	0	0	0	ABSTAIN	A	0	0	0
H5B-P-12-02#s100r051	64	0	0	0	0	ABSTAIN	A	0	0	0
H5B-P-12-03#s100r051	64	0	0	0	0	ABSTAIN	A	0	0	0
H5B-P-12-04#s100r051	64	0	0	0	0	ABSTAIN	A	0	0	0
H5B-P-12-05#s100r051	64	0	0	0	0	ABSTAIN	A	0	0	0
H5B-P-12-06#s100r051	64	0	0	0	0	ABSTAIN	A	0	0	0
H5B-P-12-07#s100r051	64	0	0	0	0	ABSTAIN	A	0	0	0
H5B-P-12-08#s100r051	64	0	0	0	0	ABSTAIN	A	0	0	0
H5B-P-12-09#s100r051	64	0	0	0	0	ABSTAIN	A	0	0	0
H5B-P-20-00#s100r051	64	0	0	0	0	ABSTAIN	A	0	0	0
H5B-P-20-01#s100r051	64	0	0	0	0	ABSTAIN	A	0	0	0
H5B-P-20-02#s100r051	64	0	0	0	0	ABSTAIN	A	0	0	0
H5B-P-20-03#s100r051	64	0	0	0	0	ABSTAIN	A	0	0	0
H5B-P-20-04#s100r051	64	0	0	0	0	ABSTAIN	A	0	0	0
H5B-P-20-05#s100r051	64	0	0	0	0	ABSTAIN	A	0	0	0
H5B-P-20-06#s100r051	64	0	0	0	0	ABSTAIN	A	0	0	0
H5B-P-20-07#s100r051	64	0	0	0	0	ABSTAIN	A	0	0	0
H5B-P-20-08#s100r051	64	0	0	0	0	ABSTAIN	A	0	0	0
H5B-P-20-09#s100r051	64	0	0	0	0	ABSTAIN	A	0	0	0
H5B-P-40-00#s100r051	64	0	0	0	0	ABSTAIN	A	0	0	0
H5B-P-40-01#s100r051	64	0	0	0	0	ABSTAIN	A	0	0	0
H5B-P-40-02#s100r051	64	0	0	0	0	ABSTAIN	A	0	0	0
H5B-P-40-03#s100r051	64	0	0	0	0	ABSTAIN	A	0	0	0
H5B-P-40-04#s100r051	64	0	0	0	0	ABSTAIN	A	0	0	0
H5B-P-40-05#s100r051	64	0	0	0	0	ABSTAIN	A	0	0	0
H5B-P-40-06#s100r051	64	0	0	0	0	ABSTAIN	A	0	0	0
H5B-P-40-07#s100r051	64	0	0	0	0	ABSTAIN	A	0	0	0
H5B-P-40-08#s100r051	64	0	0	0	0	ABSTAIN	A	0	0	0
H5B-P-40-09#s100r051	64	0	0	0	0	ABSTAIN	A	0	0	0
H5B-O-06-00#s100r051	64	0	0	0	0	ABSTAIN	A	0	0	0
H5B-O-06-01#s100r051	64	0	0	0	0	ABSTAIN	A	0	0	0
H5B-O-06-02#s100r051	64	0	0	0	0	ABSTAIN	A	0	0	0
H5B-O-06-03#s100r051	64	0	0	0	0	ABSTAIN	A	0	0	0
H5B-O-06-04#s100r051	64	0	0	0	0	ABSTAIN	A	0	0	0
H5B-O-06-05#s100r051	64	0	0	0	0	ABSTAIN	A	0	0	0
H5B-O-06-06#s100r051	64	0	0	0	0	ABSTAIN	A	0	0	0
H5B-O-06-07#s100r051	64	0	0	0	0	ABSTAIN	A	0	0	0
H5B-O-06-08#s100r051	64	0	0	0	0	ABSTAIN	A	0	0	0
H5B-O-06-09#s100r051	64	0	0	0	0	ABSTAIN	A	0	0	0
H5B-O-12-00#s100r051	64	0	0	0	0	ABSTAIN	A	0	0	0
H5B-O-12-01#s100r051	64	0	0	0	0	ABSTAIN	A	0	0	0
H5B-O-12-02#s100r051	64	0	0	0	0	ABSTAIN	A	0	0	0
H5B-O-12-03#s100r051	64	0	0	0	0	ABSTAIN	A	0	0	0
H5B-O-12-04#s100r051	64	0	0	0	0	ABSTAIN	A	0	0	0
H5B-O-12-05#s100r051	64	0	0	0	0	ABSTAIN	A	0	0	0
H5B-O-12-06#s100r051	64	0	0	0	0	ABSTAIN	A	0	0	0
H5B-O-12-07#s100r051	64	0	0	0	0	ABSTAIN	A	0	0	0
H5B-O-12-08#s100r051	64	0	0	0	0	ABSTAIN	A	0	0	0
H5B-O-12-09#s100r051	64	0	0	0	0	ABSTAIN	A	0	0	0
H5B-O-20-00#s100r051	64	0	0	0	0	ABSTAIN	A	0	0	0
H5B-O-20-01#s100r051	64	0	0	0	0	ABSTAIN	A	0	0	0
H5B-O-20-02#s100r051	64	0	0	0	0	ABSTAIN	A	0	0	0
H5B-O-20-03#s100r051	64	0	0	0	0	ABSTAIN	A	0	0	0
H5B-O-20-04#s100r051	64	0	0	0	0	ABSTAIN	A	0	0	0
H5B-O-20-05#s100r051	64	0	0	0	0	ABSTAIN	A	0	0	0
H5B-O-20-06#s100r051	64	0	0	0	0	ABSTAIN	A	0	0	0
H5B-O-20-07#s100r051	64	0	0	0	0	ABSTAIN	A	0	0	0
H5B-O-20-08#s100r051	64	0	0	0	0	ABSTAIN	A	0	0	0
H5B-O-20-09#s100r051	64	0	0	0	0	ABSTAIN	A	0	0	0
H5B-O-40-00#s100r051	64	0	0	0	0	ABSTAIN	A	0	0	0
H5B-O-40-01#s100r051	64	0	0	0	0	ABSTAIN	A	0	0	0
H5B-O-40-02#s100r051	64	0	0	0	0	ABSTAIN	A	0	0	0
H5B-O-40-03#s100r051	64	0	0	0	0	ABSTAIN	A	0	0	0
H5B-O-40-04#s100r051	64	0	0	0	0	ABSTAIN	A	0	0	0
H5B-O-40-05#s100r051	64	0	0	0	0	ABSTAIN	A	0	0	0
H5B-O-40-06#s100r051	64	0	0	0	0	ABSTAIN	A	0	0	0
H5B-O-40-07#s100r051	64	0	0	0	0	ABSTAIN	A	0	0	0
H5B-O-40-08#s100r051	64	0	0	0	0	ABSTAIN	A	0	0	0
H5B-O-40-09#s100r051	64	0	0	0	0	ABSTAIN	A	0	0	0
H5B-D-0-00#s100r051	64	0	0	0	0	RELEASE	1	661	0	0
H5B-D-0-01#s100r051	64	0	0	0	0	RELEASE	1	661	0	0
H5B-D-0-02#s100r051	64	0	0	0	0	RELEASE	1	661	0	0
H5B-D-0-03#s100r051	64	0	0	0	0	RELEASE	1	661	0	0
H5B-D-0-04#s100r051	64	0	0	0	0	RELEASE	1	661	0	0
H5B-D-0-05#s100r051	64	0	0	0	0	RELEASE	1	661	0	0
H5B-D-0-06#s100r051	64	0	0	0	0	RELEASE	1	661	0	0
H5B-D-0-07#s100r051	64	0	0	0	0	RELEASE	1	661	0	0
H5B-D-0-08#s100r051	64	0	0	0	0	RELEASE	1	661	0	0
H5B-D-0-09#s100r051	64	0	0	0	0	RELEASE	1	662	0	0
H5B-D-1-00#s100r051	64	0	0	0	0	ABSTAIN	A	0	0	0
H5B-D-1-01#s100r051	64	0	0	0	0	ABSTAIN	A	0	0	0
H5B-D-1-02#s100r051	64	0	0	0	0	ABSTAIN	A	0	0	0
H5B-D-1-03#s100r051	64	0	0	0	0	ABSTAIN	A	0	0	0
H5B-D-1-04#s100r051	64	0	0	0	0	ABSTAIN	A	0	0	0
H5B-D-1-05#s100r051	64	0	0	0	0	ABSTAIN	A	0	0	0
H5B-D-1-06#s100r051	64	0	0	0	0	ABSTAIN	A	0	0	0
H5B-D-1-07#s100r051	64	0	0	0	0	ABSTAIN	A	0	0	0
H5B-D-1-08#s100r051	64	0	0	0	0	ABSTAIN	A	0	0	0
H5B-D-1-09#s100r051	64	0	0	0	0	ABSTAIN	A	0	0	0
H5B-D-2-00#s100r051	64	0	0	0	0	ABSTAIN	A	0	0	0
H5B-D-2-01#s100r051	64	0	0	0	0	ABSTAIN	A	0	0	0
H5B-D-2-02#s100r051	64	0	0	0	0	ABSTAIN	A	0	0	0
H5B-D-2-03#s100r051	64	0	0	0	0	ABSTAIN	A	0	0	0
H5B-D-2-04#s100r051	64	0	0	0	0	ABSTAIN	A	0	0	0
H5B-D-2-05#s100r051	64	0	0	0	0	ABSTAIN	A	0	0	0
H5B-D-2-06#s100r051	64	0	0	0	0	ABSTAIN	A	0	0	0
H5B-D-2-07#s100r051	64	0	0	0	0	ABSTAIN	A	0	0	0
H5B-D-2-08#s100r051	64	0	0	0	0	ABSTAIN	A	0	0	0
H5B-D-2-09#s100r051	64	0	0	0	0	ABSTAIN	A	0	0	0
H5B-D-6-00#s100r051	64	0	0	0	0	ABSTAIN	A	0	0	0
H5B-D-6-01#s100r051	64	0	0	0	0	ABSTAIN	A	0	0	0
H5B-D-6-02#s100r051	64	0	0	0	0	ABSTAIN	A	0	0	0
H5B-D-6-03#s100r051	64	0	0	0	0	ABSTAIN	A	0	0	0
H5B-D-6-04#s100r051	64	0	0	0	0	ABSTAIN	A	0	0	0
H5B-D-6-05#s100r051	64	0	0	0	0	ABSTAIN	A	0	0	0
H5B-D-6-06#s100r051	64	0	0	0	0	ABSTAIN	A	0	0	0
H5B-D-6-07#s100r051	64	0	0	0	0	ABSTAIN	A	0	0	0
H5B-D-6-08#s100r051	64	0	0	0	0	ABSTAIN	A	0	0	0
H5B-D-6-09#s100r051	64	0	0	0	0	ABSTAIN	A	0	0	0
H5B-P-06-00#s100r052	64	0	0	0	0	ABSTAIN	A	0	0	0
H5B-P-06-01#s100r052	64	0	0	0	0	ABSTAIN	A	0	0	0
H5B-P-06-02#s100r052	64	0	0	0	0	ABSTAIN	A	0	0	0
H5B-P-06-03#s100r052	64	0	0	0	0	ABSTAIN	A	0	0	0
H5B-P-06-04#s100r052	64	0	0	0	0	ABSTAIN	A	0	0	0
H5B-P-06-05#s100r052	64	0	0	0	0	ABSTAIN	A	0	0	0
H5B-P-06-06#s100r052	64	0	0	0	0	ABSTAIN	A	0	0	0
H5B-P-06-07#s100r052	64	0	0	0	0	ABSTAIN	A	0	0	0
H5B-P-06-08#s100r052	64	0	0	0	0	ABSTAIN	A	0	0	0
H5B-P-06-09#s100r052	64	0	0	0	0	ABSTAIN	A	0	0	0
H5B-P-12-00#s100r052	64	0	0	0	0	ABSTAIN	A	0	0	0
H5B-P-12-01#s100r052	64	0	0	0	0	ABSTAIN	A	0	0	0
H5B-P-12-02#s100r052	64	0	0	0	0	ABSTAIN	A	0	0	0
H5B-P-12-03#s100r052	64	0	0	0	0	ABSTAIN	A	0	0	0
H5B-P-12-04#s100r052	64	0	0	0	0	ABSTAIN	A	0	0	0
H5B-P-12-05#s100r052	64	0	0	0	0	ABSTAIN	A	0	0	0
H5B-P-12-06#s100r052	64	0	0	0	0	ABSTAIN	A	0	0	0
H5B-P-12-07#s100r052	64	0	0	0	0	ABSTAIN	A	0	0	0
H5B-P-12-08#s100r052	64	0	0	0	0	ABSTAIN	A	0	0	0
H5B-P-12-09#s100r052	64	0	0	0	0	ABSTAIN	A	0	0	0
H5B-P-20-00#s100r052	64	0	0	0	0	ABSTAIN	A	0	0	0
H5B-P-20-01#s100r052	64	0	0	0	0	ABSTAIN	A	0	0	0
H5B-P-20-02#s100r052	64	0	0	0	0	ABSTAIN	A	0	0	0
H5B-P-20-03#s100r052	64	0	0	0	0	ABSTAIN	A	0	0	0
H5B-P-20-04#s100r052	64	0	0	0	0	ABSTAIN	A	0	0	0
H5B-P-20-05#s100r052	64	0	0	0	0	ABSTAIN	A	0	0	0
H5B-P-20-06#s100r052	64	0	0	0	0	ABSTAIN	A	0	0	0
H5B-P-20-07#s100r052	64	0	0	0	0	ABSTAIN	A	0	0	0
H5B-P-20-08#s100r052	64	0	0	0	0	ABSTAIN	A	0	0	0
H5B-P-20-09#s100r052	64	0	0	0	0	ABSTAIN	A	0	0	0
H5B-P-40-00#s100r052	64	0	0	0	0	ABSTAIN	A	0	0	0
H5B-P-40-01#s100r052	64	0	0	0	0	ABSTAIN	A	0	0	0
H5B-P-40-02#s100r052	64	0	0	0	0	ABSTAIN	A	0	0	0
H5B-P-40-03#s100r052	64	0	0	0	0	ABSTAIN	A	0	0	0
H5B-P-40-04#s100r052	64	0	0	0	0	ABSTAIN	A	0	0	0
H5B-P-40-05#s100r052	64	0	0	0	0	ABSTAIN	A	0	0	0
H5B-P-40-06#s100r052	64	0	0	0	0	ABSTAIN	A	0	0	0
H5B-P-40-07#s100r052	64	0	0	0	0	ABSTAIN	A	0	0	0
H5B-P-40-08#s100r052	64	0	0	0	0	ABSTAIN	A	0	0	0
H5B-P-40-09#s100r052	64	0	0	0	0	ABSTAIN	A	0	0	0
H5B-O-06-00#s100r052	64	0	0	0	0	ABSTAIN	A	0	0	0
H5B-O-06-01#s100r052	64	0	0	0	0	ABSTAIN	A	0	0	0
H5B-O-06-02#s100r052	64	0	0	0	0	ABSTAIN	A	0	0	0
H5B-O-06-03#s100r052	64	0	0	0	0	ABSTAIN	A	0	0	0
H5B-O-06-04#s100r052	64	0	0	0	0	ABSTAIN	A	0	0	0
H5B-O-06-05#s100r052	64	0	0	0	0	ABSTAIN	A	0	0	0
H5B-O-06-06#s100r052	64	0	0	0	0	ABSTAIN	A	0	0	0
H5B-O-06-07#s100r052	64	0	0	0	0	ABSTAIN	A	0	0	0
H5B-O-06-08#s100r052	64	0	0	0	0	ABSTAIN	A	0	0	0
H5B-O-06-09#s100r052	64	0	0	0	0	ABSTAIN	A	0	0	0
H5B-O-12-00#s100r052	64	0	0	0	0	ABSTAIN	A	0	0	0
H5B-O-12-01#s100r052	64	0	0	0	0	ABSTAIN	A	0	0	0
H5B-O-12-02#s100r052	64	0	0	0	0	ABSTAIN	A	0	0	0
H5B-O-12-03#s100r052	64	0	0	0	0	ABSTAIN	A	0	0	0
H5B-O-12-04#s100r052	64	0	0	0	0	ABSTAIN	A	0	0	0
H5B-O-12-05#s100r052	64	0	0	0	0	ABSTAIN	A	0	0	0
H5B-O-12-06#s100r052	64	0	0	0	0	ABSTAIN	A	0	0	0
H5B-O-12-07#s100r052	64	0	0	0	0	ABSTAIN	A	0	0	0
H5B-O-12-08#s100r052	64	0	0	0	0	ABSTAIN	A	0	0	0
H5B-O-12-09#s100r052	64	0	0	0	0	ABSTAIN	A	0	0	0
H5B-O-20-00#s100r052	64	0	0	0	0	ABSTAIN	A	0	0	0
H5B-O-20-01#s100r052	64	0	0	0	0	ABSTAIN	A	0	0	0
H5B-O-20-02#s100r052	64	0	0	0	0	ABSTAIN	A	0	0	0
H5B-O-20-03#s100r052	64	0	0	0	0	ABSTAIN	A	0	0	0
H5B-O-20-04#s100r052	64	0	0	0	0	ABSTAIN	A	0	0	0
H5B-O-20-05#s100r052	64	0	0	0	0	ABSTAIN	A	0	0	0
H5B-O-20-06#s100r052	64	0	0	0	0	ABSTAIN	A	0	0	0
H5B-O-20-07#s100r052	64	0	0	0	0	ABSTAIN	A	0	0	0
H5B-O-20-08#s100r052	64	0	0	0	0	ABSTAIN	A	0	0	0
H5B-O-20-09#s100r052	64	0	0	0	0	ABSTAIN	A	0	0	0
H5B-O-40-00#s100r052	64	0	0	0	0	ABSTAIN	A	0	0	0
H5B-O-40-01#s100r052	64	0	0	0	0	ABSTAIN	A	0	0	0
H5B-O-40-02#s100r052	64	0	0	0	0	ABSTAIN	A	0	0	0
H5B-O-40-03#s100r052	64	0	0	0	0	ABSTAIN	A	0	0	0
H5B-O-40-04#s100r052	64	0	0	0	0	ABSTAIN	A	0	0	0
H5B-O-40-05#s100r052	64	0	0	0	0	ABSTAIN	A	0	0	0
H5B-O-40-06#s100r052	64	0	0	0	0	ABSTAIN	A	0	0	0
H5B-O-40-07#s100r052	64	0	0	0	0	ABSTAIN	A	0	0	0
H5B-O-40-08#s100r052	64	0	0	0	0	ABSTAIN	A	0	0	0
H5B-O-40-09#s100r052	64	0	0	0	0	ABSTAIN	A	0	0	0
H5B-D-0-00#s100r052	64	0	0	0	0	RELEASE	1	661	0	0
H5B-D-0-01#s100r052	64	0	0	0	0	RELEASE	1	661	0	0
H5B-D-0-02#s100r052	64	0	0	0	0	RELEASE	1	661	0	0
H5B-D-0-03#s100r052	64	0	0	0	0	RELEASE	1	661	0	0
H5B-D-0-04#s100r052	64	0	0	0	0	RELEASE	1	661	0	0
H5B-D-0-05#s100r052	64	0	0	0	0	RELEASE	1	661	0	0
H5B-D-0-06#s100r052	64	0	0	0	0	RELEASE	1	661	0	0
H5B-D-0-07#s100r052	64	0	0	0	0	RELEASE	1	661	0	0
H5B-D-0-08#s100r052	64	0	0	0	0	RELEASE	1	661	0	0
H5B-D-0-09#s100r052	64	0	0	0	0	RELEASE	1	662	0	0
H5B-D-1-00#s100r052	64	0	0	0	0	ABSTAIN	A	0	0	0
H5B-D-1-01#s100r052	64	0	0	0	0	ABSTAIN	A	0	0	0
H5B-D-1-02#s100r052	64	0	0	0	0	ABSTAIN	A	0	0	0
H5B-D-1-03#s100r052	64	0	0	0	0	ABSTAIN	A	0	0	0
H5B-D-1-04#s100r052	64	0	0	0	0	ABSTAIN	A	0	0	0
H5B-D-1-05#s100r052	64	0	0	0	0	ABSTAIN	A	0	0	0
H5B-D-1-06#s100r052	64	0	0	0	0	ABSTAIN	A	0	0	0
H5B-D-1-07#s100r052	64	0	0	0	0	ABSTAIN	A	0	0	0
H5B-D-1-08#s100r052	64	0	0	0	0	ABSTAIN	A	0	0	0
H5B-D-1-09#s100r052	64	0	0	0	0	ABSTAIN	A	0	0	0
H5B-D-2-00#s100r052	64	0	0	0	0	ABSTAIN	A	0	0	0
H5B-D-2-01#s100r052	64	0	0	0	0	ABSTAIN	A	0	0	0
H5B-D-2-02#s100r052	64	0	0	0	0	ABSTAIN	A	0	0	0
H5B-D-2-03#s100r052	64	0	0	0	0	ABSTAIN	A	0	0	0
H5B-D-2-04#s100r052	64	0	0	0	0	ABSTAIN	A	0	0	0
H5B-D-2-05#s100r052	64	0	0	0	0	ABSTAIN	A	0	0	0
H5B-D-2-06#s100r052	64	0	0	0	0	ABSTAIN	A	0	0	0
H5B-D-2-07#s100r052	64	0	0	0	0	ABSTAIN	A	0	0	0
H5B-D-2-08#s100r052	64	0	0	0	0	ABSTAIN	A	0	0	0
H5B-D-2-09#s100r052	64	0	0	0	0	ABSTAIN	A	0	0	0
H5B-D-6-00#s100r052	64	0	0	0	0	ABSTAIN	A	0	0	0
H5B-D-6-01#s100r052	64	0	0	0	0	ABSTAIN	A	0	0	0
H5B-D-6-02#s100r052	64	0	0	0	0	ABSTAIN	A	0	0	0
H5B-D-6-03#s100r052	64	0	0	0	0	ABSTAIN	A	0	0	0
H5B-D-6-04#s100r052	64	0	0	0	0	ABSTAIN	A	0	0	0
H5B-D-6-05#s100r052	64	0	0	0	0	ABSTAIN	A	0	0	0
H5B-D-6-06#s100r052	64	0	0	0	0	ABSTAIN	A	0	0	0
H5B-D-6-07#s100r052	64	0	0	0	0	ABSTAIN	A	0	0	0
H5B-D-6-08#s100r052	64	0	0	0	0	ABSTAIN	A	0	0	0
H5B-D-6-09#s100r052	64	0	0	0	0	ABSTAIN	A	0	0	0
H5B-P-06-00#s100r053	64	0	0	0	0	ABSTAIN	A	0	0	0
H5B-P-06-01#s100r053	64	0	0	0	0	ABSTAIN	A	0	0	0
H5B-P-06-02#s100r053	64	0	0	0	0	ABSTAIN	A	0	0	0
H5B-P-06-03#s100r053	64	0	0	0	0	ABSTAIN	A	0	0	0
H5B-P-06-04#s100r053	64	0	0	0	0	ABSTAIN	A	0	0	0
H5B-P-06-05#s100r053	64	0	0	0	0	ABSTAIN	A	0	0	0
H5B-P-06-06#s100r053	64	0	0	0	0	ABSTAIN	A	0	0	0
H5B-P-06-07#s100r053	64	0	0	0	0	ABSTAIN	A	0	0	0
H5B-P-06-08#s100r053	64	0	0	0	0	ABSTAIN	A	0	0	0
H5B-P-06-09#s100r053	64	0	0	0	0	ABSTAIN	A	0	0	0
H5B-P-12-00#s100r053	64	0	0	0	0	ABSTAIN	A	0	0	0
H5B-P-12-01#s100r053	64	0	0	0	0	ABSTAIN	A	0	0	0
H5B-P-12-02#s100r053	64	0	0	0	0	ABSTAIN	A	0	0	0
H5B-P-12-03#s100r053	64	0	0	0	0	ABSTAIN	A	0	0	0
H5B-P-12-04#s100r053	64	0	0	0	0	ABSTAIN	A	0	0	0
H5B-P-12-05#s100r053	64	0	0	0	0	ABSTAIN	A	0	0	0
H5B-P-12-06#s100r053	64	0	0	0	0	ABSTAIN	A	0	0	0
H5B-P-12-07#s100r053	64	0	0	0	0	ABSTAIN	A	0	0	0
H5B-P-12-08#s100r053	64	0	0	0	0	ABSTAIN	A	0	0	0
H5B-P-12-09#s100r053	64	0	0	0	0	ABSTAIN	A	0	0	0
H5B-P-20-00#s100r053	64	0	0	0	0	ABSTAIN	A	0	0	0
H5B-P-20-01#s100r053	64	0	0	0	0	ABSTAIN	A	0	0	0
H5B-P-20-02#s100r053	64	0	0	0	0	ABSTAIN	A	0	0	0
H5B-P-20-03#s100r053	64	0	0	0	0	ABSTAIN	A	0	0	0
H5B-P-20-04#s100r053	64	0	0	0	0	ABSTAIN	A	0	0	0
H5B-P-20-05#s100r053	64	0	0	0	0	ABSTAIN	A	0	0	0
H5B-P-20-06#s100r053	64	0	0	0	0	ABSTAIN	A	0	0	0
H5B-P-20-07#s100r053	64	0	0	0	0	ABSTAIN	A	0	0	0
H5B-P-20-08#s100r053	64	0	0	0	0	ABSTAIN	A	0	0	0
H5B-P-20-09#s100r053	64	0	0	0	0	ABSTAIN	A	0	0	0
H5B-P-40-00#s100r053	64	0	0	0	0	ABSTAIN	A	0	0	0
H5B-P-40-01#s100r053	64	0	0	0	0	ABSTAIN	A	0	0	0
H5B-P-40-02#s100r053	64	0	0	0	0	ABSTAIN	A	0	0	0
H5B-P-40-03#s100r053	64	0	0	0	0	ABSTAIN	A	0	0	0
H5B-P-40-04#s100r053	64	0	0	0	0	ABSTAIN	A	0	0	0
H5B-P-40-05#s100r053	64	0	0	0	0	ABSTAIN	A	0	0	0
H5B-P-40-06#s100r053	64	0	0	0	0	ABSTAIN	A	0	0	0
H5B-P-40-07#s100r053	64	0	0	0	0	ABSTAIN	A	0	0	0
H5B-P-40-08#s100r053	64	0	0	0	0	ABSTAIN	A	0	0	0
H5B-P-40-09#s100r053	64	0	0	0	0	ABSTAIN	A	0	0	0
H5B-O-06-00#s100r053	64	0	0	0	0	ABSTAIN	A	0	0	0
H5B-O-06-01#s100r053	64	0	0	0	0	ABSTAIN	A	0	0	0
H5B-O-06-02#s100r053	64	0	0	0	0	ABSTAIN	A	0	0	0
H5B-O-06-03#s100r053	64	0	0	0	0	ABSTAIN	A	0	0	0
H5B-O-06-04#s100r053	64	0	0	0	0	ABSTAIN	A	0	0	0
H5B-O-06-05#s100r053	64	0	0	0	0	ABSTAIN	A	0	0	0
H5B-O-06-06#s100r053	64	0	0	0	0	ABSTAIN	A	0	0	0
H5B-O-06-07#s100r053	64	0	0	0	0	ABSTAIN	A	0	0	0
H5B-O-06-08#s100r053	64	0	0	0	0	ABSTAIN	A	0	0	0
H5B-O-06-09#s100r053	64	0	0	0	0	ABSTAIN	A	0	0	0
H5B-O-12-00#s100r053	64	0	0	0	0	ABSTAIN	A	0	0	0
H5B-O-12-01#s100r053	64	0	0	0	0	ABSTAIN	A	0	0	0
H5B-O-12-02#s100r053	64	0	0	0	0	ABSTAIN	A	0	0	0
H5B-O-12-03#s100r053	64	0	0	0	0	ABSTAIN	A	0	0	0
H5B-O-12-04#s100r053	64	0	0	0	0	ABSTAIN	A	0	0	0
H5B-O-12-05#s100r053	64	0	0	0	0	ABSTAIN	A	0	0	0
H5B-O-12-06#s100r053	64	0	0	0	0	ABSTAIN	A	0	0	0
H5B-O-12-07#s100r053	64	0	0	0	0	ABSTAIN	A	0	0	0
H5B-O-12-08#s100r053	64	0	0	0	0	ABSTAIN	A	0	0	0
H5B-O-12-09#s100r053	64	0	0	0	0	ABSTAIN	A	0	0	0
H5B-O-20-00#s100r053	64	0	0	0	0	ABSTAIN	A	0	0	0
H5B-O-20-01#s100r053	64	0	0	0	0	ABSTAIN	A	0	0	0
H5B-O-20-02#s100r053	64	0	0	0	0	ABSTAIN	A	0	0	0
H5B-O-20-03#s100r053	64	0	0	0	0	ABSTAIN	A	0	0	0
H5B-O-20-04#s100r053	64	0	0	0	0	ABSTAIN	A	0	0	0
H5B-O-20-05#s100r053	64	0	0	0	0	ABSTAIN	A	0	0	0
H5B-O-20-06#s100r053	64	0	0	0	0	ABSTAIN	A	0	0	0
H5B-O-20-07#s100r053	64	0	0	0	0	ABSTAIN	A	0	0	0
H5B-O-20-08#s100r053	64	0	0	0	0	ABSTAIN	A	0	0	0
H5B-O-20-09#s100r053	64	0	0	0	0	ABSTAIN	A	0	0	0
H5B-O-40-00#s100r053	64	0	0	0	0	ABSTAIN	A	0	0	0
H5B-O-40-01#s100r053	64	0	0	0	0	ABSTAIN	A	0	0	0
H5B-O-40-02#s100r053	64	0	0	0	0	ABSTAIN	A	0	0	0
H5B-O-40-03#s100r053	64	0	0	0	0	ABSTAIN	A	0	0	0
H5B-O-40-04#s100r053	64	0	0	0	0	ABSTAIN	A	0	0	0
H5B-O-40-05#s100r053	64	0	0	0	0	ABSTAIN	A	0	0	0
H5B-O-40-06#s100r053	64	0	0	0	0	ABSTAIN	A	0	0	0
H5B-O-40-07#s100r053	64	0	0	0	0	ABSTAIN	A	0	0	0
H5B-O-40-08#s100r053	64	0	0	0	0	ABSTAIN	A	0	0	0
H5B-O-40-09#s100r053	64	0	0	0	0	ABSTAIN	A	0	0	0
H5B-D-0-00#s100r053	64	0	0	0	0	RELEASE	1	661	0	0
H5B-D-0-01#s100r053	64	0	0	0	0	RELEASE	1	661	0	0
H5B-D-0-02#s100r053	64	0	0	0	0	RELEASE	1	661	0	0
H5B-D-0-03#s100r053	64	0	0	0	0	RELEASE	1	661	0	0
H5B-D-0-04#s100r053	64	0	0	0	0	RELEASE	1	661	0	0
H5B-D-0-05#s100r053	64	0	0	0	0	RELEASE	1	661	0	0
H5B-D-0-06#s100r053	64	0	0	0	0	RELEASE	1	661	0	0
H5B-D-0-07#s100r053	64	0	0	0	0	RELEASE	1	661	0	0
H5B-D-0-08#s100r053	64	0	0	0	0	RELEASE	1	661	0	0
H5B-D-0-09#s100r053	64	0	0	0	0	RELEASE	1	661	0	0
H5B-D-1-00#s100r053	64	0	0	0	0	ABSTAIN	A	0	0	0
H5B-D-1-01#s100r053	64	0	0	0	0	ABSTAIN	A	0	0	0
H5B-D-1-02#s100r053	64	0	0	0	0	ABSTAIN	A	0	0	0
H5B-D-1-03#s100r053	64	0	0	0	0	ABSTAIN	A	0	0	0
H5B-D-1-04#s100r053	64	0	0	0	0	ABSTAIN	A	0	0	0
H5B-D-1-05#s100r053	64	0	0	0	0	ABSTAIN	A	0	0	0
H5B-D-1-06#s100r053	64	0	0	0	0	ABSTAIN	A	0	0	0
H5B-D-1-07#s100r053	64	0	0	0	0	ABSTAIN	A	0	0	0
H5B-D-1-08#s100r053	64	0	0	0	0	ABSTAIN	A	0	0	0
H5B-D-1-09#s100r053	64	0	0	0	0	ABSTAIN	A	0	0	0
H5B-D-2-00#s100r053	64	0	0	0	0	ABSTAIN	A	0	0	0
H5B-D-2-01#s100r053	64	0	0	0	0	ABSTAIN	A	0	0	0
H5B-D-2-02#s100r053	64	0	0	0	0	ABSTAIN	A	0	0	0
H5B-D-2-03#s100r053	64	0	0	0	0	ABSTAIN	A	0	0	0
H5B-D-2-04#s100r053	64	0	0	0	0	ABSTAIN	A	0	0	0
H5B-D-2-05#s100r053	64	0	0	0	0	ABSTAIN	A	0	0	0
H5B-D-2-06#s100r053	64	0	0	0	0	ABSTAIN	A	0	0	0
H5B-D-2-07#s100r053	64	0	0	0	0	ABSTAIN	A	0	0	0
H5B-D-2-08#s100r053	64	0	0	0	0	ABSTAIN	A	0	0	0
H5B-D-2-09#s100r053	64	0	0	0	0	ABSTAIN	A	0	0	0
H5B-D-6-00#s100r053	64	0	0	0	0	ABSTAIN	A	0	0	0
H5B-D-6-01#s100r053	64	0	0	0	0	ABSTAIN	A	0	0	0
H5B-D-6-02#s100r053	64	0	0	0	0	ABSTAIN	A	0	0	0
H5B-D-6-03#s100r053	64	0	0	0	0	ABSTAIN	A	0	0	0
H5B-D-6-04#s100r053	64	0	0	0	0	ABSTAIN	A	0	0	0
H5B-D-6-05#s100r053	64	0	0	0	0	ABSTAIN	A	0	0	0
H5B-D-6-06#s100r053	64	0	0	0	0	ABSTAIN	A	0	0	0
H5B-D-6-07#s100r053	64	0	0	0	0	ABSTAIN	A	0	0	0
H5B-D-6-08#s100r053	64	0	0	0	0	ABSTAIN	A	0	0	0
H5B-D-6-09#s100r053	64	0	0	0	0	ABSTAIN	A	0	0	0
H5B-P-06-00#s100r054	64	0	0	0	0	ABSTAIN	A	0	0	0
H5B-P-06-01#s100r054	64	0	0	0	0	ABSTAIN	A	0	0	0
H5B-P-06-02#s100r054	64	0	0	0	0	ABSTAIN	A	0	0	0
H5B-P-06-03#s100r054	64	0	0	0	0	ABSTAIN	A	0	0	0
H5B-P-06-04#s100r054	64	0	0	0	0	ABSTAIN	A	0	0	0
H5B-P-06-05#s100r054	64	0	0	0	0	ABSTAIN	A	0	0	0
H5B-P-06-06#s100r054	64	0	0	0	0	ABSTAIN	A	0	0	0
H5B-P-06-07#s100r054	64	0	0	0	0	ABSTAIN	A	0	0	0
H5B-P-06-08#s100r054	64	0	0	0	0	ABSTAIN	A	0	0	0
H5B-P-06-09#s100r054	64	0	0	0	0	ABSTAIN	A	0	0	0
H5B-P-12-00#s100r054	64	0	0	0	0	ABSTAIN	A	0	0	0
H5B-P-12-01#s100r054	64	0	0	0	0	ABSTAIN	A	0	0	0
H5B-P-12-02#s100r054	64	0	0	0	0	ABSTAIN	A	0	0	0
H5B-P-12-03#s100r054	64	0	0	0	0	ABSTAIN	A	0	0	0
H5B-P-12-04#s100r054	64	0	0	0	0	ABSTAIN	A	0	0	0
H5B-P-12-05#s100r054	64	0	0	0	0	ABSTAIN	A	0	0	0
H5B-P-12-06#s100r054	64	0	0	0	0	ABSTAIN	A	0	0	0
H5B-P-12-07#s100r054	64	0	0	0	0	ABSTAIN	A	0	0	0
H5B-P-12-08#s100r054	64	0	0	0	0	ABSTAIN	A	0	0	0
H5B-P-12-09#s100r054	64	0	0	0	0	ABSTAIN	A	0	0	0
H5B-P-20-00#s100r054	64	0	0	0	0	ABSTAIN	A	0	0	0
H5B-P-20-01#s100r054	64	0	0	0	0	ABSTAIN	A	0	0	0
H5B-P-20-02#s100r054	64	0	0	0	0	ABSTAIN	A	0	0	0
H5B-P-20-03#s100r054	64	0	0	0	0	ABSTAIN	A	0	0	0
H5B-P-20-04#s100r054	64	0	0	0	0	ABSTAIN	A	0	0	0
H5B-P-20-05#s100r054	64	0	0	0	0	ABSTAIN	A	0	0	0
H5B-P-20-06#s100r054	64	0	0	0	0	ABSTAIN	A	0	0	0
H5B-P-20-07#s100r054	64	0	0	0	0	ABSTAIN	A	0	0	0
H5B-P-20-08#s100r054	64	0	0	0	0	ABSTAIN	A	0	0	0
H5B-P-20-09#s100r054	64	0	0	0	0	ABSTAIN	A	0	0	0
H5B-P-40-00#s100r054	64	0	0	0	0	ABSTAIN	A	0	0	0
H5B-P-40-01#s100r054	64	0	0	0	0	ABSTAIN	A	0	0	0
H5B-P-40-02#s100r054	64	0	0	0	0	ABSTAIN	A	0	0	0
H5B-P-40-03#s100r054	64	0	0	0	0	ABSTAIN	A	0	0	0
H5B-P-40-04#s100r054	64	0	0	0	0	ABSTAIN	A	0	0	0
H5B-P-40-05#s100r054	64	0	0	0	0	ABSTAIN	A	0	0	0
H5B-P-40-06#s100r054	64	0	0	0	0	ABSTAIN	A	0	0	0
H5B-P-40-07#s100r054	64	0	0	0	0	ABSTAIN	A	0	0	0
H5B-P-40-08#s100r054	64	0	0	0	0	ABSTAIN	A	0	0	0
H5B-P-40-09#s100r054	64	0	0	0	0	ABSTAIN	A	0	0	0
H5B-O-06-00#s100r054	64	0	0	0	0	ABSTAIN	A	0	0	0
H5B-O-06-01#s100r054	64	0	0	0	0	ABSTAIN	A	0	0	0
H5B-O-06-02#s100r054	64	0	0	0	0	ABSTAIN	A	0	0	0
H5B-O-06-03#s100r054	64	0	0	0	0	ABSTAIN	A	0	0	0
H5B-O-06-04#s100r054	64	0	0	0	0	ABSTAIN	A	0	0	0
H5B-O-06-05#s100r054	64	0	0	0	0	ABSTAIN	A	0	0	0
H5B-O-06-06#s100r054	64	0	0	0	0	ABSTAIN	A	0	0	0
H5B-O-06-07#s100r054	64	0	0	0	0	ABSTAIN	A	0	0	0
H5B-O-06-08#s100r054	64	0	0	0	0	ABSTAIN	A	0	0	0
H5B-O-06-09#s100r054	64	0	0	0	0	ABSTAIN	A	0	0	0
H5B-O-12-00#s100r054	64	0	0	0	0	ABSTAIN	A	0	0	0
H5B-O-12-01#s100r054	64	0	0	0	0	ABSTAIN	A	0	0	0
H5B-O-12-02#s100r054	64	0	0	0	0	ABSTAIN	A	0	0	0
H5B-O-12-03#s100r054	64	0	0	0	0	ABSTAIN	A	0	0	0
H5B-O-12-04#s100r054	64	0	0	0	0	ABSTAIN	A	0	0	0
H5B-O-12-05#s100r054	64	0	0	0	0	ABSTAIN	A	0	0	0
H5B-O-12-06#s100r054	64	0	0	0	0	ABSTAIN	A	0	0	0
H5B-O-12-07#s100r054	64	0	0	0	0	ABSTAIN	A	0	0	0
H5B-O-12-08#s100r054	64	0	0	0	0	ABSTAIN	A	0	0	0
H5B-O-12-09#s100r054	64	0	0	0	0	ABSTAIN	A	0	0	0
H5B-O-20-00#s100r054	64	0	0	0	0	ABSTAIN	A	0	0	0
H5B-O-20-01#s100r054	64	0	0	0	0	ABSTAIN	A	0	0	0
H5B-O-20-02#s100r054	64	0	0	0	0	ABSTAIN	A	0	0	0
H5B-O-20-03#s100r054	64	0	0	0	0	ABSTAIN	A	0	0	0
H5B-O-20-04#s100r054	64	0	0	0	0	ABSTAIN	A	0	0	0
H5B-O-20-05#s100r054	64	0	0	0	0	ABSTAIN	A	0	0	0
H5B-O-20-06#s100r054	64	0	0	0	0	ABSTAIN	A	0	0	0
H5B-O-20-07#s100r054	64	0	0	0	0	ABSTAIN	A	0	0	0
H5B-O-20-08#s100r054	64	0	0	0	0	ABSTAIN	A	0	0	0
H5B-O-20-09#s100r054	64	0	0	0	0	ABSTAIN	A	0	0	0
H5B-O-40-00#s100r054	64	0	0	0	0	ABSTAIN	A	0	0	0
H5B-O-40-01#s100r054	64	0	0	0	0	ABSTAIN	A	0	0	0
H5B-O-40-02#s100r054	64	0	0	0	0	ABSTAIN	A	0	0	0
H5B-O-40-03#s100r054	64	0	0	0	0	ABSTAIN	A	0	0	0
H5B-O-40-04#s100r054	64	0	0	0	0	ABSTAIN	A	0	0	0
H5B-O-40-05#s100r054	64	0	0	0	0	ABSTAIN	A	0	0	0
H5B-O-40-06#s100r054	64	0	0	0	0	ABSTAIN	A	0	0	0
H5B-O-40-07#s100r054	64	0	0	0	0	ABSTAIN	A	0	0	0
H5B-O-40-08#s100r054	64	0	0	0	0	ABSTAIN	A	0	0	0
H5B-O-40-09#s100r054	64	0	0	0	0	ABSTAIN	A	0	0	0
H5B-D-0-00#s100r054	64	0	0	0	0	RELEASE	1	661	0	0
H5B-D-0-01#s100r054	64	0	0	0	0	RELEASE	1	661	0	0
H5B-D-0-02#s100r054	64	0	0	0	0	RELEASE	1	661	0	0
H5B-D-0-03#s100r054	64	0	0	0	0	RELEASE	1	661	0	0
H5B-D-0-04#s100r054	64	0	0	0	0	RELEASE	1	661	0	0
H5B-D-0-05#s100r054	64	0	0	0	0	RELEASE	1	661	0	0
H5B-D-0-06#s100r054	64	0	0	0	0	RELEASE	1	661	0	0
H5B-D-0-07#s100r054	64	0	0	0	0	RELEASE	1	661	0	0
H5B-D-0-08#s100r054	64	0	0	0	0	RELEASE	1	661	0	0
H5B-D-0-09#s100r054	64	0	0	0	0	RELEASE	1	661	0	0
H5B-D-1-00#s100r054	64	0	0	0	0	ABSTAIN	A	0	0	0
H5B-D-1-01#s100r054	64	0	0	0	0	ABSTAIN	A	0	0	0
H5B-D-1-02#s100r054	64	0	0	0	0	ABSTAIN	A	0	0	0
H5B-D-1-03#s100r054	64	0	0	0	0	ABSTAIN	A	0	0	0
H5B-D-1-04#s100r054	64	0	0	0	0	ABSTAIN	A	0	0	0
H5B-D-1-05#s100r054	64	0	0	0	0	ABSTAIN	A	0	0	0
H5B-D-1-06#s100r054	64	0	0	0	0	ABSTAIN	A	0	0	0
H5B-D-1-07#s100r054	64	0	0	0	0	ABSTAIN	A	0	0	0
H5B-D-1-08#s100r054	64	0	0	0	0	ABSTAIN	A	0	0	0
H5B-D-1-09#s100r054	64	0	0	0	0	ABSTAIN	A	0	0	0
H5B-D-2-00#s100r054	64	0	0	0	0	ABSTAIN	A	0	0	0
H5B-D-2-01#s100r054	64	0	0	0	0	ABSTAIN	A	0	0	0
H5B-D-2-02#s100r054	64	0	0	0	0	ABSTAIN	A	0	0	0
H5B-D-2-03#s100r054	64	0	0	0	0	ABSTAIN	A	0	0	0
H5B-D-2-04#s100r054	64	0	0	0	0	ABSTAIN	A	0	0	0
H5B-D-2-05#s100r054	64	0	0	0	0	ABSTAIN	A	0	0	0
H5B-D-2-06#s100r054	64	0	0	0	0	ABSTAIN	A	0	0	0
H5B-D-2-07#s100r054	64	0	0	0	0	ABSTAIN	A	0	0	0
H5B-D-2-08#s100r054	64	0	0	0	0	ABSTAIN	A	0	0	0
H5B-D-2-09#s100r054	64	0	0	0	0	ABSTAIN	A	0	0	0
H5B-D-6-00#s100r054	64	0	0	0	0	ABSTAIN	A	0	0	0
H5B-D-6-01#s100r054	64	0	0	0	0	ABSTAIN	A	0	0	0
H5B-D-6-02#s100r054	64	0	0	0	0	ABSTAIN	A	0	0	0
H5B-D-6-03#s100r054	64	0	0	0	0	ABSTAIN	A	0	0	0
H5B-D-6-04#s100r054	64	0	0	0	0	ABSTAIN	A	0	0	0
H5B-D-6-05#s100r054	64	0	0	0	0	ABSTAIN	A	0	0	0
H5B-D-6-06#s100r054	64	0	0	0	0	ABSTAIN	A	0	0	0
H5B-D-6-07#s100r054	64	0	0	0	0	ABSTAIN	A	0	0	0
H5B-D-6-08#s100r054	64	0	0	0	0	ABSTAIN	A	0	0	0
H5B-D-6-09#s100r054	64	0	0	0	0	ABSTAIN	A	0	0	0
H5B-P-06-00#s100r055	64	0	0	0	0	ABSTAIN	A	0	0	0
H5B-P-06-01#s100r055	64	0	0	0	0	ABSTAIN	A	0	0	0
H5B-P-06-02#s100r055	64	0	0	0	0	ABSTAIN	A	0	0	0
H5B-P-06-03#s100r055	64	0	0	0	0	ABSTAIN	A	0	0	0
H5B-P-06-04#s100r055	64	0	0	0	0	ABSTAIN	A	0	0	0
H5B-P-06-05#s100r055	64	0	0	0	0	ABSTAIN	A	0	0	0
H5B-P-06-06#s100r055	64	0	0	0	0	ABSTAIN	A	0	0	0
H5B-P-06-07#s100r055	64	0	0	0	0	ABSTAIN	A	0	0	0
H5B-P-06-08#s100r055	64	0	0	0	0	ABSTAIN	A	0	0	0
H5B-P-06-09#s100r055	64	0	0	0	0	ABSTAIN	A	0	0	0
H5B-P-12-00#s100r055	64	0	0	0	0	ABSTAIN	A	0	0	0
H5B-P-12-01#s100r055	64	0	0	0	0	ABSTAIN	A	0	0	0
H5B-P-12-02#s100r055	64	0	0	0	0	ABSTAIN	A	0	0	0
H5B-P-12-03#s100r055	64	0	0	0	0	ABSTAIN	A	0	0	0
H5B-P-12-04#s100r055	64	0	0	0	0	ABSTAIN	A	0	0	0
H5B-P-12-05#s100r055	64	0	0	0	0	ABSTAIN	A	0	0	0
H5B-P-12-06#s100r055	64	0	0	0	0	ABSTAIN	A	0	0	0
H5B-P-12-07#s100r055	64	0	0	0	0	ABSTAIN	A	0	0	0
H5B-P-12-08#s100r055	64	0	0	0	0	ABSTAIN	A	0	0	0
H5B-P-12-09#s100r055	64	0	0	0	0	ABSTAIN	A	0	0	0
H5B-P-20-00#s100r055	64	0	0	0	0	ABSTAIN	A	0	0	0
H5B-P-20-01#s100r055	64	0	0	0	0	ABSTAIN	A	0	0	0
H5B-P-20-02#s100r055	64	0	0	0	0	ABSTAIN	A	0	0	0
H5B-P-20-03#s100r055	64	0	0	0	0	ABSTAIN	A	0	0	0
H5B-P-20-04#s100r055	64	0	0	0	0	ABSTAIN	A	0	0	0
H5B-P-20-05#s100r055	64	0	0	0	0	ABSTAIN	A	0	0	0
H5B-P-20-06#s100r055	64	0	0	0	0	ABSTAIN	A	0	0	0
H5B-P-20-07#s100r055	64	0	0	0	0	ABSTAIN	A	0	0	0
H5B-P-20-08#s100r055	64	0	0	0	0	ABSTAIN	A	0	0	0
H5B-P-20-09#s100r055	64	0	0	0	0	ABSTAIN	A	0	0	0
H5B-P-40-00#s100r055	64	0	0	0	0	ABSTAIN	A	0	0	0
H5B-P-40-01#s100r055	64	0	0	0	0	ABSTAIN	A	0	0	0
H5B-P-40-02#s100r055	64	0	0	0	0	ABSTAIN	A	0	0	0
H5B-P-40-03#s100r055	64	0	0	0	0	ABSTAIN	A	0	0	0
H5B-P-40-04#s100r055	64	0	0	0	0	ABSTAIN	A	0	0	0
H5B-P-40-05#s100r055	64	0	0	0	0	ABSTAIN	A	0	0	0
H5B-P-40-06#s100r055	64	0	0	0	0	ABSTAIN	A	0	0	0
H5B-P-40-07#s100r055	64	0	0	0	0	ABSTAIN	A	0	0	0
H5B-P-40-08#s100r055	64	0	0	0	0	ABSTAIN	A	0	0	0
H5B-P-40-09#s100r055	64	0	0	0	0	ABSTAIN	A	0	0	0
H5B-O-06-00#s100r055	64	0	0	0	0	ABSTAIN	A	0	0	0
H5B-O-06-01#s100r055	64	0	0	0	0	ABSTAIN	A	0	0	0
H5B-O-06-02#s100r055	64	0	0	0	0	ABSTAIN	A	0	0	0
H5B-O-06-03#s100r055	64	0	0	0	0	ABSTAIN	A	0	0	0
H5B-O-06-04#s100r055	64	0	0	0	0	ABSTAIN	A	0	0	0
H5B-O-06-05#s100r055	64	0	0	0	0	ABSTAIN	A	0	0	0
H5B-O-06-06#s100r055	64	0	0	0	0	ABSTAIN	A	0	0	0
H5B-O-06-07#s100r055	64	0	0	0	0	ABSTAIN	A	0	0	0
H5B-O-06-08#s100r055	64	0	0	0	0	ABSTAIN	A	0	0	0
H5B-O-06-09#s100r055	64	0	0	0	0	ABSTAIN	A	0	0	0
H5B-O-12-00#s100r055	64	0	0	0	0	ABSTAIN	A	0	0	0
H5B-O-12-01#s100r055	64	0	0	0	0	ABSTAIN	A	0	0	0
H5B-O-12-02#s100r055	64	0	0	0	0	ABSTAIN	A	0	0	0
H5B-O-12-03#s100r055	64	0	0	0	0	ABSTAIN	A	0	0	0
H5B-O-12-04#s100r055	64	0	0	0	0	ABSTAIN	A	0	0	0
H5B-O-12-05#s100r055	64	0	0	0	0	ABSTAIN	A	0	0	0
H5B-O-12-06#s100r055	64	0	0	0	0	ABSTAIN	A	0	0	0
H5B-O-12-07#s100r055	64	0	0	0	0	ABSTAIN	A	0	0	0
H5B-O-12-08#s100r055	64	0	0	0	0	ABSTAIN	A	0	0	0
H5B-O-12-09#s100r055	64	0	0	0	0	ABSTAIN	A	0	0	0
H5B-O-20-00#s100r055	64	0	0	0	0	ABSTAIN	A	0	0	0
H5B-O-20-01#s100r055	64	0	0	0	0	ABSTAIN	A	0	0	0
H5B-O-20-02#s100r055	64	0	0	0	0	ABSTAIN	A	0	0	0
H5B-O-20-03#s100r055	64	0	0	0	0	ABSTAIN	A	0	0	0
H5B-O-20-04#s100r055	64	0	0	0	0	ABSTAIN	A	0	0	0
H5B-O-20-05#s100r055	64	0	0	0	0	ABSTAIN	A	0	0	0
H5B-O-20-06#s100r055	64	0	0	0	0	ABSTAIN	A	0	0	0
H5B-O-20-07#s100r055	64	0	0	0	0	ABSTAIN	A	0	0	0
H5B-O-20-08#s100r055	64	0	0	0	0	ABSTAIN	A	0	0	0
H5B-O-20-09#s100r055	64	0	0	0	0	ABSTAIN	A	0	0	0
H5B-O-40-00#s100r055	64	0	0	0	0	ABSTAIN	A	0	0	0
H5B-O-40-01#s100r055	64	0	0	0	0	ABSTAIN	A	0	0	0
H5B-O-40-02#s100r055	64	0	0	0	0	ABSTAIN	A	0	0	0
H5B-O-40-03#s100r055	64	0	0	0	0	ABSTAIN	A	0	0	0
H5B-O-40-04#s100r055	64	0	0	0	0	ABSTAIN	A	0	0	0
H5B-O-40-05#s100r055	64	0	0	0	0	ABSTAIN	A	0	0	0
H5B-O-40-06#s100r055	64	0	0	0	0	ABSTAIN	A	0	0	0
H5B-O-40-07#s100r055	64	0	0	0	0	ABSTAIN	A	0	0	0
H5B-O-40-08#s100r055	64	0	0	0	0	ABSTAIN	A	0	0	0
H5B-O-40-09#s100r055	64	0	0	0	0	ABSTAIN	A	0	0	0
H5B-D-0-00#s100r055	64	0	0	0	0	RELEASE	1	661	0	0
H5B-D-0-01#s100r055	64	0	0	0	0	RELEASE	1	661	0	0
H5B-D-0-02#s100r055	64	0	0	0	0	RELEASE	1	661	0	0
H5B-D-0-03#s100r055	64	0	0	0	0	RELEASE	1	661	0	0
H5B-D-0-04#s100r055	64	0	0	0	0	RELEASE	1	661	0	0
H5B-D-0-05#s100r055	64	0	0	0	0	RELEASE	1	661	0	0
H5B-D-0-06#s100r055	64	0	0	0	0	RELEASE	1	661	0	0
H5B-D-0-07#s100r055	64	0	0	0	0	RELEASE	1	661	0	0
H5B-D-0-08#s100r055	64	0	0	0	0	RELEASE	1	661	0	0
H5B-D-0-09#s100r055	64	0	0	0	0	RELEASE	1	661	0	0
H5B-D-1-00#s100r055	64	0	0	0	0	ABSTAIN	A	0	0	0
H5B-D-1-01#s100r055	64	0	0	0	0	ABSTAIN	A	0	0	0
H5B-D-1-02#s100r055	64	0	0	0	0	ABSTAIN	A	0	0	0
H5B-D-1-03#s100r055	64	0	0	0	0	ABSTAIN	A	0	0	0
H5B-D-1-04#s100r055	64	0	0	0	0	ABSTAIN	A	0	0	0
H5B-D-1-05#s100r055	64	0	0	0	0	ABSTAIN	A	0	0	0
H5B-D-1-06#s100r055	64	0	0	0	0	ABSTAIN	A	0	0	0
H5B-D-1-07#s100r055	64	0	0	0	0	ABSTAIN	A	0	0	0
H5B-D-1-08#s100r055	64	0	0	0	0	ABSTAIN	A	0	0	0
H5B-D-1-09#s100r055	64	0	0	0	0	ABSTAIN	A	0	0	0
H5B-D-2-00#s100r055	64	0	0	0	0	ABSTAIN	A	0	0	0
H5B-D-2-01#s100r055	64	0	0	0	0	ABSTAIN	A	0	0	0
H5B-D-2-02#s100r055	64	0	0	0	0	ABSTAIN	A	0	0	0
H5B-D-2-03#s100r055	64	0	0	0	0	ABSTAIN	A	0	0	0
H5B-D-2-04#s100r055	64	0	0	0	0	ABSTAIN	A	0	0	0
H5B-D-2-05#s100r055	64	0	0	0	0	ABSTAIN	A	0	0	0
H5B-D-2-06#s100r055	64	0	0	0	0	ABSTAIN	A	0	0	0
H5B-D-2-07#s100r055	64	0	0	0	0	ABSTAIN	A	0	0	0
H5B-D-2-08#s100r055	64	0	0	0	0	ABSTAIN	A	0	0	0
H5B-D-2-09#s100r055	64	0	0	0	0	ABSTAIN	A	0	0	0
H5B-D-6-00#s100r055	64	0	0	0	0	ABSTAIN	A	0	0	0
H5B-D-6-01#s100r055	64	0	0	0	0	ABSTAIN	A	0	0	0
H5B-D-6-02#s100r055	64	0	0	0	0	ABSTAIN	A	0	0	0
H5B-D-6-03#s100r055	64	0	0	0	0	ABSTAIN	A	0	0	0
H5B-D-6-04#s100r055	64	0	0	0	0	ABSTAIN	A	0	0	0
H5B-D-6-05#s100r055	64	0	0	0	0	ABSTAIN	A	0	0	0
H5B-D-6-06#s100r055	64	0	0	0	0	ABSTAIN	A	0	0	0
H5B-D-6-07#s100r055	64	0	0	0	0	ABSTAIN	A	0	0	0
H5B-D-6-08#s100r055	64	0	0	0	0	ABSTAIN	A	0	0	0
H5B-D-6-09#s100r055	64	0	0	0	0	ABSTAIN	A	0	0	0
H5B-P-06-00#s100r056	64	0	0	0	0	ABSTAIN	A	0	0	0
H5B-P-06-01#s100r056	64	0	0	0	0	ABSTAIN	A	0	0	0
H5B-P-06-02#s100r056	64	0	0	0	0	ABSTAIN	A	0	0	0
H5B-P-06-03#s100r056	64	0	0	0	0	ABSTAIN	A	0	0	0
H5B-P-06-04#s100r056	64	0	0	0	0	ABSTAIN	A	0	0	0
H5B-P-06-05#s100r056	64	0	0	0	0	ABSTAIN	A	0	0	0
H5B-P-06-06#s100r056	64	0	0	0	0	ABSTAIN	A	0	0	0
H5B-P-06-07#s100r056	64	0	0	0	0	ABSTAIN	A	0	0	0
H5B-P-06-08#s100r056	64	0	0	0	0	ABSTAIN	A	0	0	0
H5B-P-06-09#s100r056	64	0	0	0	0	ABSTAIN	A	0	0	0
H5B-P-12-00#s100r056	64	0	0	0	0	ABSTAIN	A	0	0	0
H5B-P-12-01#s100r056	64	0	0	0	0	ABSTAIN	A	0	0	0
H5B-P-12-02#s100r056	64	0	0	0	0	ABSTAIN	A	0	0	0
H5B-P-12-03#s100r056	64	0	0	0	0	ABSTAIN	A	0	0	0
H5B-P-12-04#s100r056	64	0	0	0	0	ABSTAIN	A	0	0	0
H5B-P-12-05#s100r056	64	0	0	0	0	ABSTAIN	A	0	0	0
H5B-P-12-06#s100r056	64	0	0	0	0	ABSTAIN	A	0	0	0
H5B-P-12-07#s100r056	64	0	0	0	0	ABSTAIN	A	0	0	0
H5B-P-12-08#s100r056	64	0	0	0	0	ABSTAIN	A	0	0	0
H5B-P-12-09#s100r056	64	0	0	0	0	ABSTAIN	A	0	0	0
H5B-P-20-00#s100r056	64	0	0	0	0	ABSTAIN	A	0	0	0
H5B-P-20-01#s100r056	64	0	0	0	0	ABSTAIN	A	0	0	0
H5B-P-20-02#s100r056	64	0	0	0	0	ABSTAIN	A	0	0	0
H5B-P-20-03#s100r056	64	0	0	0	0	ABSTAIN	A	0	0	0
H5B-P-20-04#s100r056	64	0	0	0	0	ABSTAIN	A	0	0	0
H5B-P-20-05#s100r056	64	0	0	0	0	ABSTAIN	A	0	0	0
H5B-P-20-06#s100r056	64	0	0	0	0	ABSTAIN	A	0	0	0
H5B-P-20-07#s100r056	64	0	0	0	0	ABSTAIN	A	0	0	0
H5B-P-20-08#s100r056	64	0	0	0	0	ABSTAIN	A	0	0	0
H5B-P-20-09#s100r056	64	0	0	0	0	ABSTAIN	A	0	0	0
H5B-P-40-00#s100r056	64	0	0	0	0	ABSTAIN	A	0	0	0
H5B-P-40-01#s100r056	64	0	0	0	0	ABSTAIN	A	0	0	0
H5B-P-40-02#s100r056	64	0	0	0	0	ABSTAIN	A	0	0	0
H5B-P-40-03#s100r056	64	0	0	0	0	ABSTAIN	A	0	0	0
H5B-P-40-04#s100r056	64	0	0	0	0	ABSTAIN	A	0	0	0
H5B-P-40-05#s100r056	64	0	0	0	0	ABSTAIN	A	0	0	0
H5B-P-40-06#s100r056	64	0	0	0	0	ABSTAIN	A	0	0	0
H5B-P-40-07#s100r056	64	0	0	0	0	ABSTAIN	A	0	0	0
H5B-P-40-08#s100r056	64	0	0	0	0	ABSTAIN	A	0	0	0
H5B-P-40-09#s100r056	64	0	0	0	0	ABSTAIN	A	0	0	0
H5B-O-06-00#s100r056	64	0	0	0	0	ABSTAIN	A	0	0	0
H5B-O-06-01#s100r056	64	0	0	0	0	ABSTAIN	A	0	0	0
H5B-O-06-02#s100r056	64	0	0	0	0	ABSTAIN	A	0	0	0
H5B-O-06-03#s100r056	64	0	0	0	0	ABSTAIN	A	0	0	0
H5B-O-06-04#s100r056	64	0	0	0	0	ABSTAIN	A	0	0	0
H5B-O-06-05#s100r056	64	0	0	0	0	ABSTAIN	A	0	0	0
H5B-O-06-06#s100r056	64	0	0	0	0	ABSTAIN	A	0	0	0
H5B-O-06-07#s100r056	64	0	0	0	0	ABSTAIN	A	0	0	0
H5B-O-06-08#s100r056	64	0	0	0	0	ABSTAIN	A	0	0	0
H5B-O-06-09#s100r056	64	0	0	0	0	ABSTAIN	A	0	0	0
H5B-O-12-00#s100r056	64	0	0	0	0	ABSTAIN	A	0	0	0
H5B-O-12-01#s100r056	64	0	0	0	0	ABSTAIN	A	0	0	0
H5B-O-12-02#s100r056	64	0	0	0	0	ABSTAIN	A	0	0	0
H5B-O-12-03#s100r056	64	0	0	0	0	ABSTAIN	A	0	0	0
H5B-O-12-04#s100r056	64	0	0	0	0	ABSTAIN	A	0	0	0
H5B-O-12-05#s100r056	64	0	0	0	0	ABSTAIN	A	0	0	0
H5B-O-12-06#s100r056	64	0	0	0	0	ABSTAIN	A	0	0	0
H5B-O-12-07#s100r056	64	0	0	0	0	ABSTAIN	A	0	0	0
H5B-O-12-08#s100r056	64	0	0	0	0	ABSTAIN	A	0	0	0
H5B-O-12-09#s100r056	64	0	0	0	0	ABSTAIN	A	0	0	0
H5B-O-20-00#s100r056	64	0	0	0	0	ABSTAIN	A	0	0	0
H5B-O-20-01#s100r056	64	0	0	0	0	ABSTAIN	A	0	0	0
H5B-O-20-02#s100r056	64	0	0	0	0	ABSTAIN	A	0	0	0
H5B-O-20-03#s100r056	64	0	0	0	0	ABSTAIN	A	0	0	0
H5B-O-20-04#s100r056	64	0	0	0	0	ABSTAIN	A	0	0	0
H5B-O-20-05#s100r056	64	0	0	0	0	ABSTAIN	A	0	0	0
H5B-O-20-06#s100r056	64	0	0	0	0	ABSTAIN	A	0	0	0
H5B-O-20-07#s100r056	64	0	0	0	0	ABSTAIN	A	0	0	0
H5B-O-20-08#s100r056	64	0	0	0	0	ABSTAIN	A	0	0	0
H5B-O-20-09#s100r056	64	0	0	0	0	ABSTAIN	A	0	0	0
H5B-O-40-00#s100r056	64	0	0	0	0	ABSTAIN	A	0	0	0
H5B-O-40-01#s100r056	64	0	0	0	0	ABSTAIN	A	0	0	0
H5B-O-40-02#s100r056	64	0	0	0	0	ABSTAIN	A	0	0	0
H5B-O-40-03#s100r056	64	0	0	0	0	ABSTAIN	A	0	0	0
H5B-O-40-04#s100r056	64	0	0	0	0	ABSTAIN	A	0	0	0
H5B-O-40-05#s100r056	64	0	0	0	0	ABSTAIN	A	0	0	0
H5B-O-40-06#s100r056	64	0	0	0	0	ABSTAIN	A	0	0	0
H5B-O-40-07#s100r056	64	0	0	0	0	ABSTAIN	A	0	0	0
H5B-O-40-08#s100r056	64	0	0	0	0	ABSTAIN	A	0	0	0
H5B-O-40-09#s100r056	64	0	0	0	0	ABSTAIN	A	0	0	0
H5B-D-0-00#s100r056	64	0	0	0	0	RELEASE	1	661	0	0
H5B-D-0-01#s100r056	64	0	0	0	0	RELEASE	1	661	0	0
H5B-D-0-02#s100r056	64	0	0	0	0	RELEASE	1	661	0	0
H5B-D-0-03#s100r056	64	0	0	0	0	RELEASE	1	661	0	0
H5B-D-0-04#s100r056	64	0	0	0	0	RELEASE	1	661	0	0
H5B-D-0-05#s100r056	64	0	0	0	0	RELEASE	1	661	0	0
H5B-D-0-06#s100r056	64	0	0	0	0	RELEASE	1	661	0	0
H5B-D-0-07#s100r056	64	0	0	0	0	RELEASE	1	661	0	0
H5B-D-0-08#s100r056	64	0	0	0	0	RELEASE	1	661	0	0
H5B-D-0-09#s100r056	64	0	0	0	0	RELEASE	1	661	0	0
H5B-D-1-00#s100r056	64	0	0	0	0	ABSTAIN	A	0	0	0
H5B-D-1-01#s100r056	64	0	0	0	0	ABSTAIN	A	0	0	0
H5B-D-1-02#s100r056	64	0	0	0	0	ABSTAIN	A	0	0	0
H5B-D-1-03#s100r056	64	0	0	0	0	ABSTAIN	A	0	0	0
H5B-D-1-04#s100r056	64	0	0	0	0	ABSTAIN	A	0	0	0
H5B-D-1-05#s100r056	64	0	0	0	0	ABSTAIN	A	0	0	0
H5B-D-1-06#s100r056	64	0	0	0	0	ABSTAIN	A	0	0	0
H5B-D-1-07#s100r056	64	0	0	0	0	ABSTAIN	A	0	0	0
H5B-D-1-08#s100r056	64	0	0	0	0	ABSTAIN	A	0	0	0
H5B-D-1-09#s100r056	64	0	0	0	0	ABSTAIN	A	0	0	0
H5B-D-2-00#s100r056	64	0	0	0	0	ABSTAIN	A	0	0	0
H5B-D-2-01#s100r056	64	0	0	0	0	ABSTAIN	A	0	0	0
H5B-D-2-02#s100r056	64	0	0	0	0	ABSTAIN	A	0	0	0
H5B-D-2-03#s100r056	64	0	0	0	0	ABSTAIN	A	0	0	0
H5B-D-2-04#s100r056	64	0	0	0	0	ABSTAIN	A	0	0	0
H5B-D-2-05#s100r056	64	0	0	0	0	ABSTAIN	A	0	0	0
H5B-D-2-06#s100r056	64	0	0	0	0	ABSTAIN	A	0	0	0
H5B-D-2-07#s100r056	64	0	0	0	0	ABSTAIN	A	0	0	0
H5B-D-2-08#s100r056	64	0	0	0	0	ABSTAIN	A	0	0	0
H5B-D-2-09#s100r056	64	0	0	0	0	ABSTAIN	A	0	0	0
H5B-D-6-00#s100r056	64	0	0	0	0	ABSTAIN	A	0	0	0
H5B-D-6-01#s100r056	64	0	0	0	0	ABSTAIN	A	0	0	0
H5B-D-6-02#s100r056	64	0	0	0	0	ABSTAIN	A	0	0	0
H5B-D-6-03#s100r056	64	0	0	0	0	ABSTAIN	A	0	0	0
H5B-D-6-04#s100r056	64	0	0	0	0	ABSTAIN	A	0	0	0
H5B-D-6-05#s100r056	64	0	0	0	0	ABSTAIN	A	0	0	0
H5B-D-6-06#s100r056	64	0	0	0	0	ABSTAIN	A	0	0	0
H5B-D-6-07#s100r056	64	0	0	0	0	ABSTAIN	A	0	0	0
H5B-D-6-08#s100r056	64	0	0	0	0	ABSTAIN	A	0	0	0
H5B-D-6-09#s100r056	64	0	0	0	0	ABSTAIN	A	0	0	0
H5B-P-06-00#s100r057	64	0	0	0	0	ABSTAIN	A	0	0	0
H5B-P-06-01#s100r057	64	0	0	0	0	ABSTAIN	A	0	0	0
H5B-P-06-02#s100r057	64	0	0	0	0	ABSTAIN	A	0	0	0
H5B-P-06-03#s100r057	64	0	0	0	0	ABSTAIN	A	0	0	0
H5B-P-06-04#s100r057	64	0	0	0	0	ABSTAIN	A	0	0	0
H5B-P-06-05#s100r057	64	0	0	0	0	ABSTAIN	A	0	0	0
H5B-P-06-06#s100r057	64	0	0	0	0	ABSTAIN	A	0	0	0
H5B-P-06-07#s100r057	64	0	0	0	0	ABSTAIN	A	0	0	0
H5B-P-06-08#s100r057	64	0	0	0	0	ABSTAIN	A	0	0	0
H5B-P-06-09#s100r057	64	0	0	0	0	ABSTAIN	A	0	0	0
H5B-P-12-00#s100r057	64	0	0	0	0	ABSTAIN	A	0	0	0
H5B-P-12-01#s100r057	64	0	0	0	0	ABSTAIN	A	0	0	0
H5B-P-12-02#s100r057	64	0	0	0	0	ABSTAIN	A	0	0	0
H5B-P-12-03#s100r057	64	0	0	0	0	ABSTAIN	A	0	0	0
H5B-P-12-04#s100r057	64	0	0	0	0	ABSTAIN	A	0	0	0
H5B-P-12-05#s100r057	64	0	0	0	0	ABSTAIN	A	0	0	0
H5B-P-12-06#s100r057	64	0	0	0	0	ABSTAIN	A	0	0	0
H5B-P-12-07#s100r057	64	0	0	0	0	ABSTAIN	A	0	0	0
H5B-P-12-08#s100r057	64	0	0	0	0	ABSTAIN	A	0	0	0
H5B-P-12-09#s100r057	64	0	0	0	0	ABSTAIN	A	0	0	0
H5B-P-20-00#s100r057	64	0	0	0	0	ABSTAIN	A	0	0	0
H5B-P-20-01#s100r057	64	0	0	0	0	ABSTAIN	A	0	0	0
H5B-P-20-02#s100r057	64	0	0	0	0	ABSTAIN	A	0	0	0
H5B-P-20-03#s100r057	64	0	0	0	0	ABSTAIN	A	0	0	0
H5B-P-20-04#s100r057	64	0	0	0	0	ABSTAIN	A	0	0	0
H5B-P-20-05#s100r057	64	0	0	0	0	ABSTAIN	A	0	0	0
H5B-P-20-06#s100r057	64	0	0	0	0	ABSTAIN	A	0	0	0
H5B-P-20-07#s100r057	64	0	0	0	0	ABSTAIN	A	0	0	0
H5B-P-20-08#s100r057	64	0	0	0	0	ABSTAIN	A	0	0	0
H5B-P-20-09#s100r057	64	0	0	0	0	ABSTAIN	A	0	0	0
H5B-P-40-00#s100r057	64	0	0	0	0	ABSTAIN	A	0	0	0
H5B-P-40-01#s100r057	64	0	0	0	0	ABSTAIN	A	0	0	0
H5B-P-40-02#s100r057	64	0	0	0	0	ABSTAIN	A	0	0	0
H5B-P-40-03#s100r057	64	0	0	0	0	ABSTAIN	A	0	0	0
H5B-P-40-04#s100r057	64	0	0	0	0	ABSTAIN	A	0	0	0
H5B-P-40-05#s100r057	64	0	0	0	0	ABSTAIN	A	0	0	0
H5B-P-40-06#s100r057	64	0	0	0	0	ABSTAIN	A	0	0	0
H5B-P-40-07#s100r057	64	0	0	0	0	ABSTAIN	A	0	0	0
H5B-P-40-08#s100r057	64	0	0	0	0	ABSTAIN	A	0	0	0
H5B-P-40-09#s100r057	64	0	0	0	0	ABSTAIN	A	0	0	0
H5B-O-06-00#s100r057	64	0	0	0	0	ABSTAIN	A	0	0	0
H5B-O-06-01#s100r057	64	0	0	0	0	ABSTAIN	A	0	0	0
H5B-O-06-02#s100r057	64	0	0	0	0	ABSTAIN	A	0	0	0
H5B-O-06-03#s100r057	64	0	0	0	0	ABSTAIN	A	0	0	0
H5B-O-06-04#s100r057	64	0	0	0	0	ABSTAIN	A	0	0	0
H5B-O-06-05#s100r057	64	0	0	0	0	ABSTAIN	A	0	0	0
H5B-O-06-06#s100r057	64	0	0	0	0	ABSTAIN	A	0	0	0
H5B-O-06-07#s100r057	64	0	0	0	0	ABSTAIN	A	0	0	0
H5B-O-06-08#s100r057	64	0	0	0	0	ABSTAIN	A	0	0	0
H5B-O-06-09#s100r057	64	0	0	0	0	ABSTAIN	A	0	0	0
H5B-O-12-00#s100r057	64	0	0	0	0	ABSTAIN	A	0	0	0
H5B-O-12-01#s100r057	64	0	0	0	0	ABSTAIN	A	0	0	0
H5B-O-12-02#s100r057	64	0	0	0	0	ABSTAIN	A	0	0	0
H5B-O-12-03#s100r057	64	0	0	0	0	ABSTAIN	A	0	0	0
H5B-O-12-04#s100r057	64	0	0	0	0	ABSTAIN	A	0	0	0
H5B-O-12-05#s100r057	64	0	0	0	0	ABSTAIN	A	0	0	0
H5B-O-12-06#s100r057	64	0	0	0	0	ABSTAIN	A	0	0	0
H5B-O-12-07#s100r057	64	0	0	0	0	ABSTAIN	A	0	0	0
H5B-O-12-08#s100r057	64	0	0	0	0	ABSTAIN	A	0	0	0
H5B-O-12-09#s100r057	64	0	0	0	0	ABSTAIN	A	0	0	0
H5B-O-20-00#s100r057	64	0	0	0	0	ABSTAIN	A	0	0	0
H5B-O-20-01#s100r057	64	0	0	0	0	ABSTAIN	A	0	0	0
H5B-O-20-02#s100r057	64	0	0	0	0	ABSTAIN	A	0	0	0
H5B-O-20-03#s100r057	64	0	0	0	0	ABSTAIN	A	0	0	0
H5B-O-20-04#s100r057	64	0	0	0	0	ABSTAIN	A	0	0	0
H5B-O-20-05#s100r057	64	0	0	0	0	ABSTAIN	A	0	0	0
H5B-O-20-06#s100r057	64	0	0	0	0	ABSTAIN	A	0	0	0
H5B-O-20-07#s100r057	64	0	0	0	0	ABSTAIN	A	0	0	0
H5B-O-20-08#s100r057	64	0	0	0	0	ABSTAIN	A	0	0	0
H5B-O-20-09#s100r057	64	0	0	0	0	ABSTAIN	A	0	0	0
H5B-O-40-00#s100r057	64	0	0	0	0	ABSTAIN	A	0	0	0
H5B-O-40-01#s100r057	64	0	0	0	0	ABSTAIN	A	0	0	0
H5B-O-40-02#s100r057	64	0	0	0	0	ABSTAIN	A	0	0	0
H5B-O-40-03#s100r057	64	0	0	0	0	ABSTAIN	A	0	0	0
H5B-O-40-04#s100r057	64	0	0	0	0	ABSTAIN	A	0	0	0
H5B-O-40-05#s100r057	64	0	0	0	0	ABSTAIN	A	0	0	0
H5B-O-40-06#s100r057	64	0	0	0	0	ABSTAIN	A	0	0	0
H5B-O-40-07#s100r057	64	0	0	0	0	ABSTAIN	A	0	0	0
H5B-O-40-08#s100r057	64	0	0	0	0	ABSTAIN	A	0	0	0
H5B-O-40-09#s100r057	64	0	0	0	0	ABSTAIN	A	0	0	0
H5B-D-0-00#s100r057	64	0	0	0	0	RELEASE	1	661	0	0
H5B-D-0-01#s100r057	64	0	0	0	0	RELEASE	1	661	0	0
H5B-D-0-02#s100r057	64	0	0	0	0	RELEASE	1	661	0	0
H5B-D-0-03#s100r057	64	0	0	0	0	RELEASE	1	661	0	0
H5B-D-0-04#s100r057	64	0	0	0	0	RELEASE	1	661	0	0
H5B-D-0-05#s100r057	64	0	0	0	0	RELEASE	1	661	0	0
H5B-D-0-06#s100r057	64	0	0	0	0	RELEASE	1	661	0	0
H5B-D-0-07#s100r057	64	0	0	0	0	RELEASE	1	661	0	0
H5B-D-0-08#s100r057	64	0	0	0	0	RELEASE	1	661	0	0
H5B-D-0-09#s100r057	64	0	0	0	0	RELEASE	1	661	0	0
H5B-D-1-00#s100r057	64	0	0	0	0	ABSTAIN	A	0	0	0
H5B-D-1-01#s100r057	64	0	0	0	0	ABSTAIN	A	0	0	0
H5B-D-1-02#s100r057	64	0	0	0	0	ABSTAIN	A	0	0	0
H5B-D-1-03#s100r057	64	0	0	0	0	ABSTAIN	A	0	0	0
H5B-D-1-04#s100r057	64	0	0	0	0	ABSTAIN	A	0	0	0
H5B-D-1-05#s100r057	64	0	0	0	0	ABSTAIN	A	0	0	0
H5B-D-1-06#s100r057	64	0	0	0	0	ABSTAIN	A	0	0	0
H5B-D-1-07#s100r057	64	0	0	0	0	ABSTAIN	A	0	0	0
H5B-D-1-08#s100r057	64	0	0	0	0	ABSTAIN	A	0	0	0
H5B-D-1-09#s100r057	64	0	0	0	0	ABSTAIN	A	0	0	0
H5B-D-2-00#s100r057	64	0	0	0	0	ABSTAIN	A	0	0	0
H5B-D-2-01#s100r057	64	0	0	0	0	ABSTAIN	A	0	0	0
H5B-D-2-02#s100r057	64	0	0	0	0	ABSTAIN	A	0	0	0
H5B-D-2-03#s100r057	64	0	0	0	0	ABSTAIN	A	0	0	0
H5B-D-2-04#s100r057	64	0	0	0	0	ABSTAIN	A	0	0	0
H5B-D-2-05#s100r057	64	0	0	0	0	ABSTAIN	A	0	0	0
H5B-D-2-06#s100r057	64	0	0	0	0	ABSTAIN	A	0	0	0
H5B-D-2-07#s100r057	64	0	0	0	0	ABSTAIN	A	0	0	0
H5B-D-2-08#s100r057	64	0	0	0	0	ABSTAIN	A	0	0	0
H5B-D-2-09#s100r057	64	0	0	0	0	ABSTAIN	A	0	0	0
H5B-D-6-00#s100r057	64	0	0	0	0	ABSTAIN	A	0	0	0
H5B-D-6-01#s100r057	64	0	0	0	0	ABSTAIN	A	0	0	0
H5B-D-6-02#s100r057	64	0	0	0	0	ABSTAIN	A	0	0	0
H5B-D-6-03#s100r057	64	0	0	0	0	ABSTAIN	A	0	0	0
H5B-D-6-04#s100r057	64	0	0	0	0	ABSTAIN	A	0	0	0
H5B-D-6-05#s100r057	64	0	0	0	0	ABSTAIN	A	0	0	0
H5B-D-6-06#s100r057	64	0	0	0	0	ABSTAIN	A	0	0	0
H5B-D-6-07#s100r057	64	0	0	0	0	ABSTAIN	A	0	0	0
H5B-D-6-08#s100r057	64	0	0	0	0	ABSTAIN	A	0	0	0
H5B-D-6-09#s100r057	64	0	0	0	0	ABSTAIN	A	0	0	0
H5B-P-06-00#s100r058	64	0	0	0	0	ABSTAIN	A	0	0	0
H5B-P-06-01#s100r058	64	0	0	0	0	ABSTAIN	A	0	0	0
H5B-P-06-02#s100r058	64	0	0	0	0	ABSTAIN	A	0	0	0
H5B-P-06-03#s100r058	64	0	0	0	0	ABSTAIN	A	0	0	0
H5B-P-06-04#s100r058	64	0	0	0	0	ABSTAIN	A	0	0	0
H5B-P-06-05#s100r058	64	0	0	0	0	ABSTAIN	A	0	0	0
H5B-P-06-06#s100r058	64	0	0	0	0	ABSTAIN	A	0	0	0
H5B-P-06-07#s100r058	64	0	0	0	0	ABSTAIN	A	0	0	0
H5B-P-06-08#s100r058	64	0	0	0	0	ABSTAIN	A	0	0	0
H5B-P-06-09#s100r058	64	0	0	0	0	ABSTAIN	A	0	0	0
H5B-P-12-00#s100r058	64	0	0	0	0	ABSTAIN	A	0	0	0
H5B-P-12-01#s100r058	64	0	0	0	0	ABSTAIN	A	0	0	0
H5B-P-12-02#s100r058	64	0	0	0	0	ABSTAIN	A	0	0	0
H5B-P-12-03#s100r058	64	0	0	0	0	ABSTAIN	A	0	0	0
H5B-P-12-04#s100r058	64	0	0	0	0	ABSTAIN	A	0	0	0
H5B-P-12-05#s100r058	64	0	0	0	0	ABSTAIN	A	0	0	0
H5B-P-12-06#s100r058	64	0	0	0	0	ABSTAIN	A	0	0	0
H5B-P-12-07#s100r058	64	0	0	0	0	ABSTAIN	A	0	0	0
H5B-P-12-08#s100r058	64	0	0	0	0	ABSTAIN	A	0	0	0
H5B-P-12-09#s100r058	64	0	0	0	0	ABSTAIN	A	0	0	0
H5B-P-20-00#s100r058	64	0	0	0	0	ABSTAIN	A	0	0	0
H5B-P-20-01#s100r058	64	0	0	0	0	ABSTAIN	A	0	0	0
H5B-P-20-02#s100r058	64	0	0	0	0	ABSTAIN	A	0	0	0
H5B-P-20-03#s100r058	64	0	0	0	0	ABSTAIN	A	0	0	0
H5B-P-20-04#s100r058	64	0	0	0	0	ABSTAIN	A	0	0	0
H5B-P-20-05#s100r058	64	0	0	0	0	ABSTAIN	A	0	0	0
H5B-P-20-06#s100r058	64	0	0	0	0	ABSTAIN	A	0	0	0
H5B-P-20-07#s100r058	64	0	0	0	0	ABSTAIN	A	0	0	0
H5B-P-20-08#s100r058	64	0	0	0	0	ABSTAIN	A	0	0	0
H5B-P-20-09#s100r058	64	0	0	0	0	ABSTAIN	A	0	0	0
H5B-P-40-00#s100r058	64	0	0	0	0	ABSTAIN	A	0	0	0
H5B-P-40-01#s100r058	64	0	0	0	0	ABSTAIN	A	0	0	0
H5B-P-40-02#s100r058	64	0	0	0	0	ABSTAIN	A	0	0	0
H5B-P-40-03#s100r058	64	0	0	0	0	ABSTAIN	A	0	0	0
H5B-P-40-04#s100r058	64	0	0	0	0	ABSTAIN	A	0	0	0
H5B-P-40-05#s100r058	64	0	0	0	0	ABSTAIN	A	0	0	0
H5B-P-40-06#s100r058	64	0	0	0	0	ABSTAIN	A	0	0	0
H5B-P-40-07#s100r058	64	0	0	0	0	ABSTAIN	A	0	0	0
H5B-P-40-08#s100r058	64	0	0	0	0	ABSTAIN	A	0	0	0
H5B-P-40-09#s100r058	64	0	0	0	0	ABSTAIN	A	0	0	0
H5B-O-06-00#s100r058	64	0	0	0	0	ABSTAIN	A	0	0	0
H5B-O-06-01#s100r058	64	0	0	0	0	ABSTAIN	A	0	0	0
H5B-O-06-02#s100r058	64	0	0	0	0	ABSTAIN	A	0	0	0
H5B-O-06-03#s100r058	64	0	0	0	0	ABSTAIN	A	0	0	0
H5B-O-06-04#s100r058	64	0	0	0	0	ABSTAIN	A	0	0	0
H5B-O-06-05#s100r058	64	0	0	0	0	ABSTAIN	A	0	0	0
H5B-O-06-06#s100r058	64	0	0	0	0	ABSTAIN	A	0	0	0
H5B-O-06-07#s100r058	64	0	0	0	0	ABSTAIN	A	0	0	0
H5B-O-06-08#s100r058	64	0	0	0	0	ABSTAIN	A	0	0	0
H5B-O-06-09#s100r058	64	0	0	0	0	ABSTAIN	A	0	0	0
H5B-O-12-00#s100r058	64	0	0	0	0	ABSTAIN	A	0	0	0
H5B-O-12-01#s100r058	64	0	0	0	0	ABSTAIN	A	0	0	0
H5B-O-12-02#s100r058	64	0	0	0	0	ABSTAIN	A	0	0	0
H5B-O-12-03#s100r058	64	0	0	0	0	ABSTAIN	A	0	0	0
H5B-O-12-04#s100r058	64	0	0	0	0	ABSTAIN	A	0	0	0
H5B-O-12-05#s100r058	64	0	0	0	0	ABSTAIN	A	0	0	0
H5B-O-12-06#s100r058	64	0	0	0	0	ABSTAIN	A	0	0	0
H5B-O-12-07#s100r058	64	0	0	0	0	ABSTAIN	A	0	0	0
H5B-O-12-08#s100r058	64	0	0	0	0	ABSTAIN	A	0	0	0
H5B-O-12-09#s100r058	64	0	0	0	0	ABSTAIN	A	0	0	0
H5B-O-20-00#s100r058	64	0	0	0	0	ABSTAIN	A	0	0	0
H5B-O-20-01#s100r058	64	0	0	0	0	ABSTAIN	A	0	0	0
H5B-O-20-02#s100r058	64	0	0	0	0	ABSTAIN	A	0	0	0
H5B-O-20-03#s100r058	64	0	0	0	0	ABSTAIN	A	0	0	0
H5B-O-20-04#s100r058	64	0	0	0	0	ABSTAIN	A	0	0	0
H5B-O-20-05#s100r058	64	0	0	0	0	ABSTAIN	A	0	0	0
H5B-O-20-06#s100r058	64	0	0	0	0	ABSTAIN	A	0	0	0
H5B-O-20-07#s100r058	64	0	0	0	0	ABSTAIN	A	0	0	0
H5B-O-20-08#s100r058	64	0	0	0	0	ABSTAIN	A	0	0	0
H5B-O-20-09#s100r058	64	0	0	0	0	ABSTAIN	A	0	0	0
H5B-O-40-00#s100r058	64	0	0	0	0	ABSTAIN	A	0	0	0
H5B-O-40-01#s100r058	64	0	0	0	0	ABSTAIN	A	0	0	0
H5B-O-40-02#s100r058	64	0	0	0	0	ABSTAIN	A	0	0	0
H5B-O-40-03#s100r058	64	0	0	0	0	ABSTAIN	A	0	0	0
H5B-O-40-04#s100r058	64	0	0	0	0	ABSTAIN	A	0	0	0
H5B-O-40-05#s100r058	64	0	0	0	0	ABSTAIN	A	0	0	0
H5B-O-40-06#s100r058	64	0	0	0	0	ABSTAIN	A	0	0	0
H5B-O-40-07#s100r058	64	0	0	0	0	ABSTAIN	A	0	0	0
H5B-O-40-08#s100r058	64	0	0	0	0	ABSTAIN	A	0	0	0
H5B-O-40-09#s100r058	64	0	0	0	0	ABSTAIN	A	0	0	0
H5B-D-0-00#s100r058	64	0	0	0	0	RELEASE	1	661	0	0
H5B-D-0-01#s100r058	64	0	0	0	0	RELEASE	1	661	0	0
H5B-D-0-02#s100r058	64	0	0	0	0	RELEASE	1	661	0	0
H5B-D-0-03#s100r058	64	0	0	0	0	RELEASE	1	661	0	0
H5B-D-0-04#s100r058	64	0	0	0	0	RELEASE	1	661	0	0
H5B-D-0-05#s100r058	64	0	0	0	0	RELEASE	1	661	0	0
H5B-D-0-06#s100r058	64	0	0	0	0	RELEASE	1	661	0	0
H5B-D-0-07#s100r058	64	0	0	0	0	RELEASE	1	661	0	0
H5B-D-0-08#s100r058	64	0	0	0	0	RELEASE	1	661	0	0
H5B-D-0-09#s100r058	64	0	0	0	0	RELEASE	1	661	0	0
H5B-D-1-00#s100r058	64	0	0	0	0	ABSTAIN	A	0	0	0
H5B-D-1-01#s100r058	64	0	0	0	0	ABSTAIN	A	0	0	0
H5B-D-1-02#s100r058	64	0	0	0	0	ABSTAIN	A	0	0	0
H5B-D-1-03#s100r058	64	0	0	0	0	ABSTAIN	A	0	0	0
H5B-D-1-04#s100r058	64	0	0	0	0	ABSTAIN	A	0	0	0
H5B-D-1-05#s100r058	64	0	0	0	0	ABSTAIN	A	0	0	0
H5B-D-1-06#s100r058	64	0	0	0	0	ABSTAIN	A	0	0	0
H5B-D-1-07#s100r058	64	0	0	0	0	ABSTAIN	A	0	0	0
H5B-D-1-08#s100r058	64	0	0	0	0	ABSTAIN	A	0	0	0
H5B-D-1-09#s100r058	64	0	0	0	0	ABSTAIN	A	0	0	0
H5B-D-2-00#s100r058	64	0	0	0	0	ABSTAIN	A	0	0	0
H5B-D-2-01#s100r058	64	0	0	0	0	ABSTAIN	A	0	0	0
H5B-D-2-02#s100r058	64	0	0	0	0	ABSTAIN	A	0	0	0
H5B-D-2-03#s100r058	64	0	0	0	0	ABSTAIN	A	0	0	0
H5B-D-2-04#s100r058	64	0	0	0	0	ABSTAIN	A	0	0	0
H5B-D-2-05#s100r058	64	0	0	0	0	ABSTAIN	A	0	0	0
H5B-D-2-06#s100r058	64	0	0	0	0	ABSTAIN	A	0	0	0
H5B-D-2-07#s100r058	64	0	0	0	0	ABSTAIN	A	0	0	0
H5B-D-2-08#s100r058	64	0	0	0	0	ABSTAIN	A	0	0	0
H5B-D-2-09#s100r058	64	0	0	0	0	ABSTAIN	A	0	0	0
H5B-D-6-00#s100r058	64	0	0	0	0	ABSTAIN	A	0	0	0
H5B-D-6-01#s100r058	64	0	0	0	0	ABSTAIN	A	0	0	0
H5B-D-6-02#s100r058	64	0	0	0	0	ABSTAIN	A	0	0	0
H5B-D-6-03#s100r058	64	0	0	0	0	ABSTAIN	A	0	0	0
H5B-D-6-04#s100r058	64	0	0	0	0	ABSTAIN	A	0	0	0
H5B-D-6-05#s100r058	64	0	0	0	0	ABSTAIN	A	0	0	0
H5B-D-6-06#s100r058	64	0	0	0	0	ABSTAIN	A	0	0	0
H5B-D-6-07#s100r058	64	0	0	0	0	ABSTAIN	A	0	0	0
H5B-D-6-08#s100r058	64	0	0	0	0	ABSTAIN	A	0	0	0
H5B-D-6-09#s100r058	64	0	0	0	0	ABSTAIN	A	0	0	0
H5B-P-06-00#s100r059	64	0	0	0	0	ABSTAIN	A	0	0	0
H5B-P-06-01#s100r059	64	0	0	0	0	ABSTAIN	A	0	0	0
H5B-P-06-02#s100r059	64	0	0	0	0	ABSTAIN	A	0	0	0
H5B-P-06-03#s100r059	64	0	0	0	0	ABSTAIN	A	0	0	0
H5B-P-06-04#s100r059	64	0	0	0	0	ABSTAIN	A	0	0	0
H5B-P-06-05#s100r059	64	0	0	0	0	ABSTAIN	A	0	0	0
H5B-P-06-06#s100r059	64	0	0	0	0	ABSTAIN	A	0	0	0
H5B-P-06-07#s100r059	64	0	0	0	0	ABSTAIN	A	0	0	0
H5B-P-06-08#s100r059	64	0	0	0	0	ABSTAIN	A	0	0	0
H5B-P-06-09#s100r059	64	0	0	0	0	ABSTAIN	A	0	0	0
H5B-P-12-00#s100r059	64	0	0	0	0	ABSTAIN	A	0	0	0
H5B-P-12-01#s100r059	64	0	0	0	0	ABSTAIN	A	0	0	0
H5B-P-12-02#s100r059	64	0	0	0	0	ABSTAIN	A	0	0	0
H5B-P-12-03#s100r059	64	0	0	0	0	ABSTAIN	A	0	0	0
H5B-P-12-04#s100r059	64	0	0	0	0	ABSTAIN	A	0	0	0
H5B-P-12-05#s100r059	64	0	0	0	0	ABSTAIN	A	0	0	0
H5B-P-12-06#s100r059	64	0	0	0	0	ABSTAIN	A	0	0	0
H5B-P-12-07#s100r059	64	0	0	0	0	ABSTAIN	A	0	0	0
H5B-P-12-08#s100r059	64	0	0	0	0	ABSTAIN	A	0	0	0
H5B-P-12-09#s100r059	64	0	0	0	0	ABSTAIN	A	0	0	0
H5B-P-20-00#s100r059	64	0	0	0	0	ABSTAIN	A	0	0	0
H5B-P-20-01#s100r059	64	0	0	0	0	ABSTAIN	A	0	0	0
H5B-P-20-02#s100r059	64	0	0	0	0	ABSTAIN	A	0	0	0
H5B-P-20-03#s100r059	64	0	0	0	0	ABSTAIN	A	0	0	0
H5B-P-20-04#s100r059	64	0	0	0	0	ABSTAIN	A	0	0	0
H5B-P-20-05#s100r059	64	0	0	0	0	ABSTAIN	A	0	0	0
H5B-P-20-06#s100r059	64	0	0	0	0	ABSTAIN	A	0	0	0
H5B-P-20-07#s100r059	64	0	0	0	0	ABSTAIN	A	0	0	0
H5B-P-20-08#s100r059	64	0	0	0	0	ABSTAIN	A	0	0	0
H5B-P-20-09#s100r059	64	0	0	0	0	ABSTAIN	A	0	0	0
H5B-P-40-00#s100r059	64	0	0	0	0	ABSTAIN	A	0	0	0
H5B-P-40-01#s100r059	64	0	0	0	0	ABSTAIN	A	0	0	0
H5B-P-40-02#s100r059	64	0	0	0	0	ABSTAIN	A	0	0	0
H5B-P-40-03#s100r059	64	0	0	0	0	ABSTAIN	A	0	0	0
H5B-P-40-04#s100r059	64	0	0	0	0	ABSTAIN	A	0	0	0
H5B-P-40-05#s100r059	64	0	0	0	0	ABSTAIN	A	0	0	0
H5B-P-40-06#s100r059	64	0	0	0	0	ABSTAIN	A	0	0	0
H5B-P-40-07#s100r059	64	0	0	0	0	ABSTAIN	A	0	0	0
H5B-P-40-08#s100r059	64	0	0	0	0	ABSTAIN	A	0	0	0
H5B-P-40-09#s100r059	64	0	0	0	0	ABSTAIN	A	0	0	0
H5B-O-06-00#s100r059	64	0	0	0	0	ABSTAIN	A	0	0	0
H5B-O-06-01#s100r059	64	0	0	0	0	ABSTAIN	A	0	0	0
H5B-O-06-02#s100r059	64	0	0	0	0	ABSTAIN	A	0	0	0
H5B-O-06-03#s100r059	64	0	0	0	0	ABSTAIN	A	0	0	0
H5B-O-06-04#s100r059	64	0	0	0	0	ABSTAIN	A	0	0	0
H5B-O-06-05#s100r059	64	0	0	0	0	ABSTAIN	A	0	0	0
H5B-O-06-06#s100r059	64	0	0	0	0	ABSTAIN	A	0	0	0
H5B-O-06-07#s100r059	64	0	0	0	0	ABSTAIN	A	0	0	0
H5B-O-06-08#s100r059	64	0	0	0	0	ABSTAIN	A	0	0	0
H5B-O-06-09#s100r059	64	0	0	0	0	ABSTAIN	A	0	0	0
H5B-O-12-00#s100r059	64	0	0	0	0	ABSTAIN	A	0	0	0
H5B-O-12-01#s100r059	64	0	0	0	0	ABSTAIN	A	0	0	0
H5B-O-12-02#s100r059	64	0	0	0	0	ABSTAIN	A	0	0	0
H5B-O-12-03#s100r059	64	0	0	0	0	ABSTAIN	A	0	0	0
H5B-O-12-04#s100r059	64	0	0	0	0	ABSTAIN	A	0	0	0
H5B-O-12-05#s100r059	64	0	0	0	0	ABSTAIN	A	0	0	0
H5B-O-12-06#s100r059	64	0	0	0	0	ABSTAIN	A	0	0	0
H5B-O-12-07#s100r059	64	0	0	0	0	ABSTAIN	A	0	0	0
H5B-O-12-08#s100r059	64	0	0	0	0	ABSTAIN	A	0	0	0
H5B-O-12-09#s100r059	64	0	0	0	0	ABSTAIN	A	0	0	0
H5B-O-20-00#s100r059	64	0	0	0	0	ABSTAIN	A	0	0	0
H5B-O-20-01#s100r059	64	0	0	0	0	ABSTAIN	A	0	0	0
H5B-O-20-02#s100r059	64	0	0	0	0	ABSTAIN	A	0	0	0
H5B-O-20-03#s100r059	64	0	0	0	0	ABSTAIN	A	0	0	0
H5B-O-20-04#s100r059	64	0	0	0	0	ABSTAIN	A	0	0	0
H5B-O-20-05#s100r059	64	0	0	0	0	ABSTAIN	A	0	0	0
H5B-O-20-06#s100r059	64	0	0	0	0	ABSTAIN	A	0	0	0
H5B-O-20-07#s100r059	64	0	0	0	0	ABSTAIN	A	0	0	0
H5B-O-20-08#s100r059	64	0	0	0	0	ABSTAIN	A	0	0	0
H5B-O-20-09#s100r059	64	0	0	0	0	ABSTAIN	A	0	0	0
H5B-O-40-00#s100r059	64	0	0	0	0	ABSTAIN	A	0	0	0
H5B-O-40-01#s100r059	64	0	0	0	0	ABSTAIN	A	0	0	0
H5B-O-40-02#s100r059	64	0	0	0	0	ABSTAIN	A	0	0	0
H5B-O-40-03#s100r059	64	0	0	0	0	ABSTAIN	A	0	0	0
H5B-O-40-04#s100r059	64	0	0	0	0	ABSTAIN	A	0	0	0
H5B-O-40-05#s100r059	64	0	0	0	0	ABSTAIN	A	0	0	0
H5B-O-40-06#s100r059	64	0	0	0	0	ABSTAIN	A	0	0	0
H5B-O-40-07#s100r059	64	0	0	0	0	ABSTAIN	A	0	0	0
H5B-O-40-08#s100r059	64	0	0	0	0	ABSTAIN	A	0	0	0
H5B-O-40-09#s100r059	64	0	0	0	0	ABSTAIN	A	0	0	0
H5B-D-0-00#s100r059	64	0	0	0	0	RELEASE	1	661	0	0
H5B-D-0-01#s100r059	64	0	0	0	0	RELEASE	1	661	0	0
H5B-D-0-02#s100r059	64	0	0	0	0	RELEASE	1	661	0	0
H5B-D-0-03#s100r059	64	0	0	0	0	RELEASE	1	661	0	0
H5B-D-0-04#s100r059	64	0	0	0	0	RELEASE	1	661	0	0
H5B-D-0-05#s100r059	64	0	0	0	0	RELEASE	1	661	0	0
H5B-D-0-06#s100r059	64	0	0	0	0	RELEASE	1	661	0	0
H5B-D-0-07#s100r059	64	0	0	0	0	RELEASE	1	661	0	0
H5B-D-0-08#s100r059	64	0	0	0	0	RELEASE	1	661	0	0
H5B-D-0-09#s100r059	64	0	0	0	0	RELEASE	1	661	0	0
H5B-D-1-00#s100r059	64	0	0	0	0	ABSTAIN	A	0	0	0
H5B-D-1-01#s100r059	64	0	0	0	0	ABSTAIN	A	0	0	0
H5B-D-1-02#s100r059	64	0	0	0	0	ABSTAIN	A	0	0	0
H5B-D-1-03#s100r059	64	0	0	0	0	ABSTAIN	A	0	0	0
H5B-D-1-04#s100r059	64	0	0	0	0	ABSTAIN	A	0	0	0
H5B-D-1-05#s100r059	64	0	0	0	0	ABSTAIN	A	0	0	0
H5B-D-1-06#s100r059	64	0	0	0	0	ABSTAIN	A	0	0	0
H5B-D-1-07#s100r059	64	0	0	0	0	ABSTAIN	A	0	0	0
H5B-D-1-08#s100r059	64	0	0	0	0	ABSTAIN	A	0	0	0
H5B-D-1-09#s100r059	64	0	0	0	0	ABSTAIN	A	0	0	0
H5B-D-2-00#s100r059	64	0	0	0	0	ABSTAIN	A	0	0	0
H5B-D-2-01#s100r059	64	0	0	0	0	ABSTAIN	A	0	0	0
H5B-D-2-02#s100r059	64	0	0	0	0	ABSTAIN	A	0	0	0
H5B-D-2-03#s100r059	64	0	0	0	0	ABSTAIN	A	0	0	0
H5B-D-2-04#s100r059	64	0	0	0	0	ABSTAIN	A	0	0	0
H5B-D-2-05#s100r059	64	0	0	0	0	ABSTAIN	A	0	0	0
H5B-D-2-06#s100r059	64	0	0	0	0	ABSTAIN	A	0	0	0
H5B-D-2-07#s100r059	64	0	0	0	0	ABSTAIN	A	0	0	0
H5B-D-2-08#s100r059	64	0	0	0	0	ABSTAIN	A	0	0	0
H5B-D-2-09#s100r059	64	0	0	0	0	ABSTAIN	A	0	0	0
H5B-D-6-00#s100r059	64	0	0	0	0	ABSTAIN	A	0	0	0
H5B-D-6-01#s100r059	64	0	0	0	0	ABSTAIN	A	0	0	0
H5B-D-6-02#s100r059	64	0	0	0	0	ABSTAIN	A	0	0	0
H5B-D-6-03#s100r059	64	0	0	0	0	ABSTAIN	A	0	0	0
H5B-D-6-04#s100r059	64	0	0	0	0	ABSTAIN	A	0	0	0
H5B-D-6-05#s100r059	64	0	0	0	0	ABSTAIN	A	0	0	0
H5B-D-6-06#s100r059	64	0	0	0	0	ABSTAIN	A	0	0	0
H5B-D-6-07#s100r059	64	0	0	0	0	ABSTAIN	A	0	0	0
H5B-D-6-08#s100r059	64	0	0	0	0	ABSTAIN	A	0	0	0
H5B-D-6-09#s100r059	64	0	0	0	0	ABSTAIN	A	0	0	0
H5B-P-06-00#s100r060	64	0	0	0	0	ABSTAIN	A	0	0	0
H5B-P-06-01#s100r060	64	0	0	0	0	ABSTAIN	A	0	0	0
H5B-P-06-02#s100r060	64	0	0	0	0	ABSTAIN	A	0	0	0
H5B-P-06-03#s100r060	64	0	0	0	0	ABSTAIN	A	0	0	0
H5B-P-06-04#s100r060	64	0	0	0	0	ABSTAIN	A	0	0	0
H5B-P-06-05#s100r060	64	0	0	0	0	ABSTAIN	A	0	0	0
H5B-P-06-06#s100r060	64	0	0	0	0	ABSTAIN	A	0	0	0
H5B-P-06-07#s100r060	64	0	0	0	0	ABSTAIN	A	0	0	0
H5B-P-06-08#s100r060	64	0	0	0	0	ABSTAIN	A	0	0	0
H5B-P-06-09#s100r060	64	0	0	0	0	ABSTAIN	A	0	0	0
H5B-P-12-00#s100r060	64	0	0	0	0	ABSTAIN	A	0	0	0
H5B-P-12-01#s100r060	64	0	0	0	0	ABSTAIN	A	0	0	0
H5B-P-12-02#s100r060	64	0	0	0	0	ABSTAIN	A	0	0	0
H5B-P-12-03#s100r060	64	0	0	0	0	ABSTAIN	A	0	0	0
H5B-P-12-04#s100r060	64	0	0	0	0	ABSTAIN	A	0	0	0
H5B-P-12-05#s100r060	64	0	0	0	0	ABSTAIN	A	0	0	0
H5B-P-12-06#s100r060	64	0	0	0	0	ABSTAIN	A	0	0	0
H5B-P-12-07#s100r060	64	0	0	0	0	ABSTAIN	A	0	0	0
H5B-P-12-08#s100r060	64	0	0	0	0	ABSTAIN	A	0	0	0
H5B-P-12-09#s100r060	64	0	0	0	0	ABSTAIN	A	0	0	0
H5B-P-20-00#s100r060	64	0	0	0	0	ABSTAIN	A	0	0	0
H5B-P-20-01#s100r060	64	0	0	0	0	ABSTAIN	A	0	0	0
H5B-P-20-02#s100r060	64	0	0	0	0	ABSTAIN	A	0	0	0
H5B-P-20-03#s100r060	64	0	0	0	0	ABSTAIN	A	0	0	0
H5B-P-20-04#s100r060	64	0	0	0	0	ABSTAIN	A	0	0	0
H5B-P-20-05#s100r060	64	0	0	0	0	ABSTAIN	A	0	0	0
H5B-P-20-06#s100r060	64	0	0	0	0	ABSTAIN	A	0	0	0
H5B-P-20-07#s100r060	64	0	0	0	0	ABSTAIN	A	0	0	0
H5B-P-20-08#s100r060	64	0	0	0	0	ABSTAIN	A	0	0	0
H5B-P-20-09#s100r060	64	0	0	0	0	ABSTAIN	A	0	0	0
H5B-P-40-00#s100r060	64	0	0	0	0	ABSTAIN	A	0	0	0
H5B-P-40-01#s100r060	64	0	0	0	0	ABSTAIN	A	0	0	0
H5B-P-40-02#s100r060	64	0	0	0	0	ABSTAIN	A	0	0	0
H5B-P-40-03#s100r060	64	0	0	0	0	ABSTAIN	A	0	0	0
H5B-P-40-04#s100r060	64	0	0	0	0	ABSTAIN	A	0	0	0
H5B-P-40-05#s100r060	64	0	0	0	0	ABSTAIN	A	0	0	0
H5B-P-40-06#s100r060	64	0	0	0	0	ABSTAIN	A	0	0	0
H5B-P-40-07#s100r060	64	0	0	0	0	ABSTAIN	A	0	0	0
H5B-P-40-08#s100r060	64	0	0	0	0	ABSTAIN	A	0	0	0
H5B-P-40-09#s100r060	64	0	0	0	0	ABSTAIN	A	0	0	0
H5B-O-06-00#s100r060	64	0	0	0	0	ABSTAIN	A	0	0	0
H5B-O-06-01#s100r060	64	0	0	0	0	ABSTAIN	A	0	0	0
H5B-O-06-02#s100r060	64	0	0	0	0	ABSTAIN	A	0	0	0
H5B-O-06-03#s100r060	64	0	0	0	0	ABSTAIN	A	0	0	0
H5B-O-06-04#s100r060	64	0	0	0	0	ABSTAIN	A	0	0	0
H5B-O-06-05#s100r060	64	0	0	0	0	ABSTAIN	A	0	0	0
H5B-O-06-06#s100r060	64	0	0	0	0	ABSTAIN	A	0	0	0
H5B-O-06-07#s100r060	64	0	0	0	0	ABSTAIN	A	0	0	0
H5B-O-06-08#s100r060	64	0	0	0	0	ABSTAIN	A	0	0	0
H5B-O-06-09#s100r060	64	0	0	0	0	ABSTAIN	A	0	0	0
H5B-O-12-00#s100r060	64	0	0	0	0	ABSTAIN	A	0	0	0
H5B-O-12-01#s100r060	64	0	0	0	0	ABSTAIN	A	0	0	0
H5B-O-12-02#s100r060	64	0	0	0	0	ABSTAIN	A	0	0	0
H5B-O-12-03#s100r060	64	0	0	0	0	ABSTAIN	A	0	0	0
H5B-O-12-04#s100r060	64	0	0	0	0	ABSTAIN	A	0	0	0
H5B-O-12-05#s100r060	64	0	0	0	0	ABSTAIN	A	0	0	0
H5B-O-12-06#s100r060	64	0	0	0	0	ABSTAIN	A	0	0	0
H5B-O-12-07#s100r060	64	0	0	0	0	ABSTAIN	A	0	0	0
H5B-O-12-08#s100r060	64	0	0	0	0	ABSTAIN	A	0	0	0
H5B-O-12-09#s100r060	64	0	0	0	0	ABSTAIN	A	0	0	0
H5B-O-20-00#s100r060	64	0	0	0	0	ABSTAIN	A	0	0	0
H5B-O-20-01#s100r060	64	0	0	0	0	ABSTAIN	A	0	0	0
H5B-O-20-02#s100r060	64	0	0	0	0	ABSTAIN	A	0	0	0
H5B-O-20-03#s100r060	64	0	0	0	0	ABSTAIN	A	0	0	0
H5B-O-20-04#s100r060	64	0	0	0	0	ABSTAIN	A	0	0	0
H5B-O-20-05#s100r060	64	0	0	0	0	ABSTAIN	A	0	0	0
H5B-O-20-06#s100r060	64	0	0	0	0	ABSTAIN	A	0	0	0
H5B-O-20-07#s100r060	64	0	0	0	0	ABSTAIN	A	0	0	0
H5B-O-20-08#s100r060	64	0	0	0	0	ABSTAIN	A	0	0	0
H5B-O-20-09#s100r060	64	0	0	0	0	ABSTAIN	A	0	0	0
H5B-O-40-00#s100r060	64	0	0	0	0	ABSTAIN	A	0	0	0
H5B-O-40-01#s100r060	64	0	0	0	0	ABSTAIN	A	0	0	0
H5B-O-40-02#s100r060	64	0	0	0	0	ABSTAIN	A	0	0	0
H5B-O-40-03#s100r060	64	0	0	0	0	ABSTAIN	A	0	0	0
H5B-O-40-04#s100r060	64	0	0	0	0	ABSTAIN	A	0	0	0
H5B-O-40-05#s100r060	64	0	0	0	0	ABSTAIN	A	0	0	0
H5B-O-40-06#s100r060	64	0	0	0	0	ABSTAIN	A	0	0	0
H5B-O-40-07#s100r060	64	0	0	0	0	ABSTAIN	A	0	0	0
H5B-O-40-08#s100r060	64	0	0	0	0	ABSTAIN	A	0	0	0
H5B-O-40-09#s100r060	64	0	0	0	0	ABSTAIN	A	0	0	0
H5B-D-0-00#s100r060	64	0	0	0	0	RELEASE	1	661	0	0
H5B-D-0-01#s100r060	64	0	0	0	0	RELEASE	1	661	0	0
H5B-D-0-02#s100r060	64	0	0	0	0	RELEASE	1	661	0	0
H5B-D-0-03#s100r060	64	0	0	0	0	RELEASE	1	661	0	0
H5B-D-0-04#s100r060	64	0	0	0	0	RELEASE	1	661	0	0
H5B-D-0-05#s100r060	64	0	0	0	0	RELEASE	1	661	0	0
H5B-D-0-06#s100r060	64	0	0	0	0	RELEASE	1	661	0	0
H5B-D-0-07#s100r060	64	0	0	0	0	RELEASE	1	661	0	0
H5B-D-0-08#s100r060	64	0	0	0	0	RELEASE	1	661	0	0
H5B-D-0-09#s100r060	64	0	0	0	0	RELEASE	1	661	0	0
H5B-D-1-00#s100r060	64	0	0	0	0	ABSTAIN	A	0	0	0
H5B-D-1-01#s100r060	64	0	0	0	0	ABSTAIN	A	0	0	0
H5B-D-1-02#s100r060	64	0	0	0	0	ABSTAIN	A	0	0	0
H5B-D-1-03#s100r060	64	0	0	0	0	ABSTAIN	A	0	0	0
H5B-D-1-04#s100r060	64	0	0	0	0	ABSTAIN	A	0	0	0
H5B-D-1-05#s100r060	64	0	0	0	0	ABSTAIN	A	0	0	0
H5B-D-1-06#s100r060	64	0	0	0	0	ABSTAIN	A	0	0	0
H5B-D-1-07#s100r060	64	0	0	0	0	ABSTAIN	A	0	0	0
H5B-D-1-08#s100r060	64	0	0	0	0	ABSTAIN	A	0	0	0
H5B-D-1-09#s100r060	64	0	0	0	0	ABSTAIN	A	0	0	0
H5B-D-2-00#s100r060	64	0	0	0	0	ABSTAIN	A	0	0	0
H5B-D-2-01#s100r060	64	0	0	0	0	ABSTAIN	A	0	0	0
H5B-D-2-02#s100r060	64	0	0	0	0	ABSTAIN	A	0	0	0
H5B-D-2-03#s100r060	64	0	0	0	0	ABSTAIN	A	0	0	0
H5B-D-2-04#s100r060	64	0	0	0	0	ABSTAIN	A	0	0	0
H5B-D-2-05#s100r060	64	0	0	0	0	ABSTAIN	A	0	0	0
H5B-D-2-06#s100r060	64	0	0	0	0	ABSTAIN	A	0	0	0
H5B-D-2-07#s100r060	64	0	0	0	0	ABSTAIN	A	0	0	0
H5B-D-2-08#s100r060	64	0	0	0	0	ABSTAIN	A	0	0	0
H5B-D-2-09#s100r060	64	0	0	0	0	ABSTAIN	A	0	0	0
H5B-D-6-00#s100r060	64	0	0	0	0	ABSTAIN	A	0	0	0
H5B-D-6-01#s100r060	64	0	0	0	0	ABSTAIN	A	0	0	0
H5B-D-6-02#s100r060	64	0	0	0	0	ABSTAIN	A	0	0	0
H5B-D-6-03#s100r060	64	0	0	0	0	ABSTAIN	A	0	0	0
H5B-D-6-04#s100r060	64	0	0	0	0	ABSTAIN	A	0	0	0
H5B-D-6-05#s100r060	64	0	0	0	0	ABSTAIN	A	0	0	0
H5B-D-6-06#s100r060	64	0	0	0	0	ABSTAIN	A	0	0	0
H5B-D-6-07#s100r060	64	0	0	0	0	ABSTAIN	A	0	0	0
H5B-D-6-08#s100r060	64	0	0	0	0	ABSTAIN	A	0	0	0
H5B-D-6-09#s100r060	64	0	0	0	0	ABSTAIN	A	0	0	0
H5B-P-06-00#s100r061	64	0	0	0	0	ABSTAIN	A	0	0	0
H5B-P-06-01#s100r061	64	0	0	0	0	ABSTAIN	A	0	0	0
H5B-P-06-02#s100r061	64	0	0	0	0	ABSTAIN	A	0	0	0
H5B-P-06-03#s100r061	64	0	0	0	0	ABSTAIN	A	0	0	0
H5B-P-06-04#s100r061	64	0	0	0	0	ABSTAIN	A	0	0	0
H5B-P-06-05#s100r061	64	0	0	0	0	ABSTAIN	A	0	0	0
H5B-P-06-06#s100r061	64	0	0	0	0	ABSTAIN	A	0	0	0
H5B-P-06-07#s100r061	64	0	0	0	0	ABSTAIN	A	0	0	0
H5B-P-06-08#s100r061	64	0	0	0	0	ABSTAIN	A	0	0	0
H5B-P-06-09#s100r061	64	0	0	0	0	ABSTAIN	A	0	0	0
H5B-P-12-00#s100r061	64	0	0	0	0	ABSTAIN	A	0	0	0
H5B-P-12-01#s100r061	64	0	0	0	0	ABSTAIN	A	0	0	0
H5B-P-12-02#s100r061	64	0	0	0	0	ABSTAIN	A	0	0	0
H5B-P-12-03#s100r061	64	0	0	0	0	ABSTAIN	A	0	0	0
H5B-P-12-04#s100r061	64	0	0	0	0	ABSTAIN	A	0	0	0
H5B-P-12-05#s100r061	64	0	0	0	0	ABSTAIN	A	0	0	0
H5B-P-12-06#s100r061	64	0	0	0	0	ABSTAIN	A	0	0	0
H5B-P-12-07#s100r061	64	0	0	0	0	ABSTAIN	A	0	0	0
H5B-P-12-08#s100r061	64	0	0	0	0	ABSTAIN	A	0	0	0
H5B-P-12-09#s100r061	64	0	0	0	0	ABSTAIN	A	0	0	0
H5B-P-20-00#s100r061	64	0	0	0	0	ABSTAIN	A	0	0	0
H5B-P-20-01#s100r061	64	0	0	0	0	ABSTAIN	A	0	0	0
H5B-P-20-02#s100r061	64	0	0	0	0	ABSTAIN	A	0	0	0
H5B-P-20-03#s100r061	64	0	0	0	0	ABSTAIN	A	0	0	0
H5B-P-20-04#s100r061	64	0	0	0	0	ABSTAIN	A	0	0	0
H5B-P-20-05#s100r061	64	0	0	0	0	ABSTAIN	A	0	0	0
H5B-P-20-06#s100r061	64	0	0	0	0	ABSTAIN	A	0	0	0
H5B-P-20-07#s100r061	64	0	0	0	0	ABSTAIN	A	0	0	0
H5B-P-20-08#s100r061	64	0	0	0	0	ABSTAIN	A	0	0	0
H5B-P-20-09#s100r061	64	0	0	0	0	ABSTAIN	A	0	0	0
H5B-P-40-00#s100r061	64	0	0	0	0	ABSTAIN	A	0	0	0
H5B-P-40-01#s100r061	64	0	0	0	0	ABSTAIN	A	0	0	0
H5B-P-40-02#s100r061	64	0	0	0	0	ABSTAIN	A	0	0	0
H5B-P-40-03#s100r061	64	0	0	0	0	ABSTAIN	A	0	0	0
H5B-P-40-04#s100r061	64	0	0	0	0	ABSTAIN	A	0	0	0
H5B-P-40-05#s100r061	64	0	0	0	0	ABSTAIN	A	0	0	0
H5B-P-40-06#s100r061	64	0	0	0	0	ABSTAIN	A	0	0	0
H5B-P-40-07#s100r061	64	0	0	0	0	ABSTAIN	A	0	0	0
H5B-P-40-08#s100r061	64	0	0	0	0	ABSTAIN	A	0	0	0
H5B-P-40-09#s100r061	64	0	0	0	0	ABSTAIN	A	0	0	0
H5B-O-06-00#s100r061	64	0	0	0	0	ABSTAIN	A	0	0	0
H5B-O-06-01#s100r061	64	0	0	0	0	ABSTAIN	A	0	0	0
H5B-O-06-02#s100r061	64	0	0	0	0	ABSTAIN	A	0	0	0
H5B-O-06-03#s100r061	64	0	0	0	0	ABSTAIN	A	0	0	0
H5B-O-06-04#s100r061	64	0	0	0	0	ABSTAIN	A	0	0	0
H5B-O-06-05#s100r061	64	0	0	0	0	ABSTAIN	A	0	0	0
H5B-O-06-06#s100r061	64	0	0	0	0	ABSTAIN	A	0	0	0
H5B-O-06-07#s100r061	64	0	0	0	0	ABSTAIN	A	0	0	0
H5B-O-06-08#s100r061	64	0	0	0	0	ABSTAIN	A	0	0	0
H5B-O-06-09#s100r061	64	0	0	0	0	ABSTAIN	A	0	0	0
H5B-O-12-00#s100r061	64	0	0	0	0	ABSTAIN	A	0	0	0
H5B-O-12-01#s100r061	64	0	0	0	0	ABSTAIN	A	0	0	0
H5B-O-12-02#s100r061	64	0	0	0	0	ABSTAIN	A	0	0	0
H5B-O-12-03#s100r061	64	0	0	0	0	ABSTAIN	A	0	0	0
H5B-O-12-04#s100r061	64	0	0	0	0	ABSTAIN	A	0	0	0
H5B-O-12-05#s100r061	64	0	0	0	0	ABSTAIN	A	0	0	0
H5B-O-12-06#s100r061	64	0	0	0	0	ABSTAIN	A	0	0	0
H5B-O-12-07#s100r061	64	0	0	0	0	ABSTAIN	A	0	0	0
H5B-O-12-08#s100r061	64	0	0	0	0	ABSTAIN	A	0	0	0
H5B-O-12-09#s100r061	64	0	0	0	0	ABSTAIN	A	0	0	0
H5B-O-20-00#s100r061	64	0	0	0	0	ABSTAIN	A	0	0	0
H5B-O-20-01#s100r061	64	0	0	0	0	ABSTAIN	A	0	0	0
H5B-O-20-02#s100r061	64	0	0	0	0	ABSTAIN	A	0	0	0
H5B-O-20-03#s100r061	64	0	0	0	0	ABSTAIN	A	0	0	0
H5B-O-20-04#s100r061	64	0	0	0	0	ABSTAIN	A	0	0	0
H5B-O-20-05#s100r061	64	0	0	0	0	ABSTAIN	A	0	0	0
H5B-O-20-06#s100r061	64	0	0	0	0	ABSTAIN	A	0	0	0
H5B-O-20-07#s100r061	64	0	0	0	0	ABSTAIN	A	0	0	0
H5B-O-20-08#s100r061	64	0	0	0	0	ABSTAIN	A	0	0	0
H5B-O-20-09#s100r061	64	0	0	0	0	ABSTAIN	A	0	0	0
H5B-O-40-00#s100r061	64	0	0	0	0	ABSTAIN	A	0	0	0
H5B-O-40-01#s100r061	64	0	0	0	0	ABSTAIN	A	0	0	0
H5B-O-40-02#s100r061	64	0	0	0	0	ABSTAIN	A	0	0	0
H5B-O-40-03#s100r061	64	0	0	0	0	ABSTAIN	A	0	0	0
H5B-O-40-04#s100r061	64	0	0	0	0	ABSTAIN	A	0	0	0
H5B-O-40-05#s100r061	64	0	0	0	0	ABSTAIN	A	0	0	0
H5B-O-40-06#s100r061	64	0	0	0	0	ABSTAIN	A	0	0	0
H5B-O-40-07#s100r061	64	0	0	0	0	ABSTAIN	A	0	0	0
H5B-O-40-08#s100r061	64	0	0	0	0	ABSTAIN	A	0	0	0
H5B-O-40-09#s100r061	64	0	0	0	0	ABSTAIN	A	0	0	0
H5B-D-0-00#s100r061	64	0	0	0	0	RELEASE	1	660	0	0
H5B-D-0-01#s100r061	64	0	0	0	0	RELEASE	1	661	0	0
H5B-D-0-02#s100r061	64	0	0	0	0	RELEASE	1	661	0	0
H5B-D-0-03#s100r061	64	0	0	0	0	RELEASE	1	661	0	0
H5B-D-0-04#s100r061	64	0	0	0	0	RELEASE	1	661	0	0
H5B-D-0-05#s100r061	64	0	0	0	0	RELEASE	1	661	0	0
H5B-D-0-06#s100r061	64	0	0	0	0	RELEASE	1	661	0	0
H5B-D-0-07#s100r061	64	0	0	0	0	RELEASE	1	661	0	0
H5B-D-0-08#s100r061	64	0	0	0	0	RELEASE	1	661	0	0
H5B-D-0-09#s100r061	64	0	0	0	0	RELEASE	1	661	0	0
H5B-D-1-00#s100r061	64	0	0	0	0	ABSTAIN	A	0	0	0
H5B-D-1-01#s100r061	64	0	0	0	0	ABSTAIN	A	0	0	0
H5B-D-1-02#s100r061	64	0	0	0	0	ABSTAIN	A	0	0	0
H5B-D-1-03#s100r061	64	0	0	0	0	ABSTAIN	A	0	0	0
H5B-D-1-04#s100r061	64	0	0	0	0	ABSTAIN	A	0	0	0
H5B-D-1-05#s100r061	64	0	0	0	0	ABSTAIN	A	0	0	0
H5B-D-1-06#s100r061	64	0	0	0	0	ABSTAIN	A	0	0	0
H5B-D-1-07#s100r061	64	0	0	0	0	ABSTAIN	A	0	0	0
H5B-D-1-08#s100r061	64	0	0	0	0	ABSTAIN	A	0	0	0
H5B-D-1-09#s100r061	64	0	0	0	0	ABSTAIN	A	0	0	0
H5B-D-2-00#s100r061	64	0	0	0	0	ABSTAIN	A	0	0	0
H5B-D-2-01#s100r061	64	0	0	0	0	ABSTAIN	A	0	0	0
H5B-D-2-02#s100r061	64	0	0	0	0	ABSTAIN	A	0	0	0
H5B-D-2-03#s100r061	64	0	0	0	0	ABSTAIN	A	0	0	0
H5B-D-2-04#s100r061	64	0	0	0	0	ABSTAIN	A	0	0	0
H5B-D-2-05#s100r061	64	0	0	0	0	ABSTAIN	A	0	0	0
H5B-D-2-06#s100r061	64	0	0	0	0	ABSTAIN	A	0	0	0
H5B-D-2-07#s100r061	64	0	0	0	0	ABSTAIN	A	0	0	0
H5B-D-2-08#s100r061	64	0	0	0	0	ABSTAIN	A	0	0	0
H5B-D-2-09#s100r061	64	0	0	0	0	ABSTAIN	A	0	0	0
H5B-D-6-00#s100r061	64	0	0	0	0	ABSTAIN	A	0	0	0
H5B-D-6-01#s100r061	64	0	0	0	0	ABSTAIN	A	0	0	0
H5B-D-6-02#s100r061	64	0	0	0	0	ABSTAIN	A	0	0	0
H5B-D-6-03#s100r061	64	0	0	0	0	ABSTAIN	A	0	0	0
H5B-D-6-04#s100r061	64	0	0	0	0	ABSTAIN	A	0	0	0
H5B-D-6-05#s100r061	64	0	0	0	0	ABSTAIN	A	0	0	0
H5B-D-6-06#s100r061	64	0	0	0	0	ABSTAIN	A	0	0	0
H5B-D-6-07#s100r061	64	0	0	0	0	ABSTAIN	A	0	0	0
H5B-D-6-08#s100r061	64	0	0	0	0	ABSTAIN	A	0	0	0
H5B-D-6-09#s100r061	64	0	0	0	0	ABSTAIN	A	0	0	0
H5B-P-06-00#s100r062	64	0	0	0	0	ABSTAIN	A	0	0	0
H5B-P-06-01#s100r062	64	0	0	0	0	ABSTAIN	A	0	0	0
H5B-P-06-02#s100r062	64	0	0	0	0	ABSTAIN	A	0	0	0
H5B-P-06-03#s100r062	64	0	0	0	0	ABSTAIN	A	0	0	0
H5B-P-06-04#s100r062	64	0	0	0	0	ABSTAIN	A	0	0	0
H5B-P-06-05#s100r062	64	0	0	0	0	ABSTAIN	A	0	0	0
H5B-P-06-06#s100r062	64	0	0	0	0	ABSTAIN	A	0	0	0
H5B-P-06-07#s100r062	64	0	0	0	0	ABSTAIN	A	0	0	0
H5B-P-06-08#s100r062	64	0	0	0	0	ABSTAIN	A	0	0	0
H5B-P-06-09#s100r062	64	0	0	0	0	ABSTAIN	A	0	0	0
H5B-P-12-00#s100r062	64	0	0	0	0	ABSTAIN	A	0	0	0
H5B-P-12-01#s100r062	64	0	0	0	0	ABSTAIN	A	0	0	0
H5B-P-12-02#s100r062	64	0	0	0	0	ABSTAIN	A	0	0	0
H5B-P-12-03#s100r062	64	0	0	0	0	ABSTAIN	A	0	0	0
H5B-P-12-04#s100r062	64	0	0	0	0	ABSTAIN	A	0	0	0
H5B-P-12-05#s100r062	64	0	0	0	0	ABSTAIN	A	0	0	0
H5B-P-12-06#s100r062	64	0	0	0	0	ABSTAIN	A	0	0	0
H5B-P-12-07#s100r062	64	0	0	0	0	ABSTAIN	A	0	0	0
H5B-P-12-08#s100r062	64	0	0	0	0	ABSTAIN	A	0	0	0
H5B-P-12-09#s100r062	64	0	0	0	0	ABSTAIN	A	0	0	0
H5B-P-20-00#s100r062	64	0	0	0	0	ABSTAIN	A	0	0	0
H5B-P-20-01#s100r062	64	0	0	0	0	ABSTAIN	A	0	0	0
H5B-P-20-02#s100r062	64	0	0	0	0	ABSTAIN	A	0	0	0
H5B-P-20-03#s100r062	64	0	0	0	0	ABSTAIN	A	0	0	0
H5B-P-20-04#s100r062	64	0	0	0	0	ABSTAIN	A	0	0	0
H5B-P-20-05#s100r062	64	0	0	0	0	ABSTAIN	A	0	0	0
H5B-P-20-06#s100r062	64	0	0	0	0	ABSTAIN	A	0	0	0
H5B-P-20-07#s100r062	64	0	0	0	0	ABSTAIN	A	0	0	0
H5B-P-20-08#s100r062	64	0	0	0	0	ABSTAIN	A	0	0	0
H5B-P-20-09#s100r062	64	0	0	0	0	ABSTAIN	A	0	0	0
H5B-P-40-00#s100r062	64	0	0	0	0	ABSTAIN	A	0	0	0
H5B-P-40-01#s100r062	64	0	0	0	0	ABSTAIN	A	0	0	0
H5B-P-40-02#s100r062	64	0	0	0	0	ABSTAIN	A	0	0	0
H5B-P-40-03#s100r062	64	0	0	0	0	ABSTAIN	A	0	0	0
H5B-P-40-04#s100r062	64	0	0	0	0	ABSTAIN	A	0	0	0
H5B-P-40-05#s100r062	64	0	0	0	0	ABSTAIN	A	0	0	0
H5B-P-40-06#s100r062	64	0	0	0	0	ABSTAIN	A	0	0	0
H5B-P-40-07#s100r062	64	0	0	0	0	ABSTAIN	A	0	0	0
H5B-P-40-08#s100r062	64	0	0	0	0	ABSTAIN	A	0	0	0
H5B-P-40-09#s100r062	64	0	0	0	0	ABSTAIN	A	0	0	0
H5B-O-06-00#s100r062	64	0	0	0	0	ABSTAIN	A	0	0	0
H5B-O-06-01#s100r062	64	0	0	0	0	ABSTAIN	A	0	0	0
H5B-O-06-02#s100r062	64	0	0	0	0	ABSTAIN	A	0	0	0
H5B-O-06-03#s100r062	64	0	0	0	0	ABSTAIN	A	0	0	0
H5B-O-06-04#s100r062	64	0	0	0	0	ABSTAIN	A	0	0	0
H5B-O-06-05#s100r062	64	0	0	0	0	ABSTAIN	A	0	0	0
H5B-O-06-06#s100r062	64	0	0	0	0	ABSTAIN	A	0	0	0
H5B-O-06-07#s100r062	64	0	0	0	0	ABSTAIN	A	0	0	0
H5B-O-06-08#s100r062	64	0	0	0	0	ABSTAIN	A	0	0	0
H5B-O-06-09#s100r062	64	0	0	0	0	ABSTAIN	A	0	0	0
H5B-O-12-00#s100r062	64	0	0	0	0	ABSTAIN	A	0	0	0
H5B-O-12-01#s100r062	64	0	0	0	0	ABSTAIN	A	0	0	0
H5B-O-12-02#s100r062	64	0	0	0	0	ABSTAIN	A	0	0	0
H5B-O-12-03#s100r062	64	0	0	0	0	ABSTAIN	A	0	0	0
H5B-O-12-04#s100r062	64	0	0	0	0	ABSTAIN	A	0	0	0
H5B-O-12-05#s100r062	64	0	0	0	0	ABSTAIN	A	0	0	0
H5B-O-12-06#s100r062	64	0	0	0	0	ABSTAIN	A	0	0	0
H5B-O-12-07#s100r062	64	0	0	0	0	ABSTAIN	A	0	0	0
H5B-O-12-08#s100r062	64	0	0	0	0	ABSTAIN	A	0	0	0
H5B-O-12-09#s100r062	64	0	0	0	0	ABSTAIN	A	0	0	0
H5B-O-20-00#s100r062	64	0	0	0	0	ABSTAIN	A	0	0	0
H5B-O-20-01#s100r062	64	0	0	0	0	ABSTAIN	A	0	0	0
H5B-O-20-02#s100r062	64	0	0	0	0	ABSTAIN	A	0	0	0
H5B-O-20-03#s100r062	64	0	0	0	0	ABSTAIN	A	0	0	0
H5B-O-20-04#s100r062	64	0	0	0	0	ABSTAIN	A	0	0	0
H5B-O-20-05#s100r062	64	0	0	0	0	ABSTAIN	A	0	0	0
H5B-O-20-06#s100r062	64	0	0	0	0	ABSTAIN	A	0	0	0
H5B-O-20-07#s100r062	64	0	0	0	0	ABSTAIN	A	0	0	0
H5B-O-20-08#s100r062	64	0	0	0	0	ABSTAIN	A	0	0	0
H5B-O-20-09#s100r062	64	0	0	0	0	ABSTAIN	A	0	0	0
H5B-O-40-00#s100r062	64	0	0	0	0	ABSTAIN	A	0	0	0
H5B-O-40-01#s100r062	64	0	0	0	0	ABSTAIN	A	0	0	0
H5B-O-40-02#s100r062	64	0	0	0	0	ABSTAIN	A	0	0	0
H5B-O-40-03#s100r062	64	0	0	0	0	ABSTAIN	A	0	0	0
H5B-O-40-04#s100r062	64	0	0	0	0	ABSTAIN	A	0	0	0
H5B-O-40-05#s100r062	64	0	0	0	0	ABSTAIN	A	0	0	0
H5B-O-40-06#s100r062	64	0	0	0	0	ABSTAIN	A	0	0	0
H5B-O-40-07#s100r062	64	0	0	0	0	ABSTAIN	A	0	0	0
H5B-O-40-08#s100r062	64	0	0	0	0	ABSTAIN	A	0	0	0
H5B-O-40-09#s100r062	64	0	0	0	0	ABSTAIN	A	0	0	0
H5B-D-0-00#s100r062	64	0	0	0	0	RELEASE	1	660	0	0
H5B-D-0-01#s100r062	64	0	0	0	0	RELEASE	1	661	0	0
H5B-D-0-02#s100r062	64	0	0	0	0	RELEASE	1	661	0	0
H5B-D-0-03#s100r062	64	0	0	0	0	RELEASE	1	661	0	0
H5B-D-0-04#s100r062	64	0	0	0	0	RELEASE	1	661	0	0
H5B-D-0-05#s100r062	64	0	0	0	0	RELEASE	1	661	0	0
H5B-D-0-06#s100r062	64	0	0	0	0	RELEASE	1	661	0	0
H5B-D-0-07#s100r062	64	0	0	0	0	RELEASE	1	661	0	0
H5B-D-0-08#s100r062	64	0	0	0	0	RELEASE	1	661	0	0
H5B-D-0-09#s100r062	64	0	0	0	0	RELEASE	1	661	0	0
H5B-D-1-00#s100r062	64	0	0	0	0	ABSTAIN	A	0	0	0
H5B-D-1-01#s100r062	64	0	0	0	0	ABSTAIN	A	0	0	0
H5B-D-1-02#s100r062	64	0	0	0	0	ABSTAIN	A	0	0	0
H5B-D-1-03#s100r062	64	0	0	0	0	ABSTAIN	A	0	0	0
H5B-D-1-04#s100r062	64	0	0	0	0	ABSTAIN	A	0	0	0
H5B-D-1-05#s100r062	64	0	0	0	0	ABSTAIN	A	0	0	0
H5B-D-1-06#s100r062	64	0	0	0	0	ABSTAIN	A	0	0	0
H5B-D-1-07#s100r062	64	0	0	0	0	ABSTAIN	A	0	0	0
H5B-D-1-08#s100r062	64	0	0	0	0	ABSTAIN	A	0	0	0
H5B-D-1-09#s100r062	64	0	0	0	0	ABSTAIN	A	0	0	0
H5B-D-2-00#s100r062	64	0	0	0	0	ABSTAIN	A	0	0	0
H5B-D-2-01#s100r062	64	0	0	0	0	ABSTAIN	A	0	0	0
H5B-D-2-02#s100r062	64	0	0	0	0	ABSTAIN	A	0	0	0
H5B-D-2-03#s100r062	64	0	0	0	0	ABSTAIN	A	0	0	0
H5B-D-2-04#s100r062	64	0	0	0	0	ABSTAIN	A	0	0	0
H5B-D-2-05#s100r062	64	0	0	0	0	ABSTAIN	A	0	0	0
H5B-D-2-06#s100r062	64	0	0	0	0	ABSTAIN	A	0	0	0
H5B-D-2-07#s100r062	64	0	0	0	0	ABSTAIN	A	0	0	0
H5B-D-2-08#s100r062	64	0	0	0	0	ABSTAIN	A	0	0	0
H5B-D-2-09#s100r062	64	0	0	0	0	ABSTAIN	A	0	0	0
H5B-D-6-00#s100r062	64	0	0	0	0	ABSTAIN	A	0	0	0
H5B-D-6-01#s100r062	64	0	0	0	0	ABSTAIN	A	0	0	0
H5B-D-6-02#s100r062	64	0	0	0	0	ABSTAIN	A	0	0	0
H5B-D-6-03#s100r062	64	0	0	0	0	ABSTAIN	A	0	0	0
H5B-D-6-04#s100r062	64	0	0	0	0	ABSTAIN	A	0	0	0
H5B-D-6-05#s100r062	64	0	0	0	0	ABSTAIN	A	0	0	0
H5B-D-6-06#s100r062	64	0	0	0	0	ABSTAIN	A	0	0	0
H5B-D-6-07#s100r062	64	0	0	0	0	ABSTAIN	A	0	0	0
H5B-D-6-08#s100r062	64	0	0	0	0	ABSTAIN	A	0	0	0
H5B-D-6-09#s100r062	64	0	0	0	0	ABSTAIN	A	0	0	0
H5B-P-06-00#s100r063	64	0	0	0	0	ABSTAIN	A	0	0	0
H5B-P-06-01#s100r063	64	0	0	0	0	ABSTAIN	A	0	0	0
H5B-P-06-02#s100r063	64	0	0	0	0	ABSTAIN	A	0	0	0
H5B-P-06-03#s100r063	64	0	0	0	0	ABSTAIN	A	0	0	0
H5B-P-06-04#s100r063	64	0	0	0	0	ABSTAIN	A	0	0	0
H5B-P-06-05#s100r063	64	0	0	0	0	ABSTAIN	A	0	0	0
H5B-P-06-06#s100r063	64	0	0	0	0	ABSTAIN	A	0	0	0
H5B-P-06-07#s100r063	64	0	0	0	0	ABSTAIN	A	0	0	0
H5B-P-06-08#s100r063	64	0	0	0	0	ABSTAIN	A	0	0	0
H5B-P-06-09#s100r063	64	0	0	0	0	ABSTAIN	A	0	0	0
H5B-P-12-00#s100r063	64	0	0	0	0	ABSTAIN	A	0	0	0
H5B-P-12-01#s100r063	64	0	0	0	0	ABSTAIN	A	0	0	0
H5B-P-12-02#s100r063	64	0	0	0	0	ABSTAIN	A	0	0	0
H5B-P-12-03#s100r063	64	0	0	0	0	ABSTAIN	A	0	0	0
H5B-P-12-04#s100r063	64	0	0	0	0	ABSTAIN	A	0	0	0
H5B-P-12-05#s100r063	64	0	0	0	0	ABSTAIN	A	0	0	0
H5B-P-12-06#s100r063	64	0	0	0	0	ABSTAIN	A	0	0	0
H5B-P-12-07#s100r063	64	0	0	0	0	ABSTAIN	A	0	0	0
H5B-P-12-08#s100r063	64	0	0	0	0	ABSTAIN	A	0	0	0
H5B-P-12-09#s100r063	64	0	0	0	0	ABSTAIN	A	0	0	0
H5B-P-20-00#s100r063	64	0	0	0	0	ABSTAIN	A	0	0	0
H5B-P-20-01#s100r063	64	0	0	0	0	ABSTAIN	A	0	0	0
H5B-P-20-02#s100r063	64	0	0	0	0	ABSTAIN	A	0	0	0
H5B-P-20-03#s100r063	64	0	0	0	0	ABSTAIN	A	0	0	0
H5B-P-20-04#s100r063	64	0	0	0	0	ABSTAIN	A	0	0	0
H5B-P-20-05#s100r063	64	0	0	0	0	ABSTAIN	A	0	0	0
H5B-P-20-06#s100r063	64	0	0	0	0	ABSTAIN	A	0	0	0
H5B-P-20-07#s100r063	64	0	0	0	0	ABSTAIN	A	0	0	0
H5B-P-20-08#s100r063	64	0	0	0	0	ABSTAIN	A	0	0	0
H5B-P-20-09#s100r063	64	0	0	0	0	ABSTAIN	A	0	0	0
H5B-P-40-00#s100r063	64	0	0	0	0	ABSTAIN	A	0	0	0
H5B-P-40-01#s100r063	64	0	0	0	0	ABSTAIN	A	0	0	0
H5B-P-40-02#s100r063	64	0	0	0	0	ABSTAIN	A	0	0	0
H5B-P-40-03#s100r063	64	0	0	0	0	ABSTAIN	A	0	0	0
H5B-P-40-04#s100r063	64	0	0	0	0	ABSTAIN	A	0	0	0
H5B-P-40-05#s100r063	64	0	0	0	0	ABSTAIN	A	0	0	0
H5B-P-40-06#s100r063	64	0	0	0	0	ABSTAIN	A	0	0	0
H5B-P-40-07#s100r063	64	0	0	0	0	ABSTAIN	A	0	0	0
H5B-P-40-08#s100r063	64	0	0	0	0	ABSTAIN	A	0	0	0
H5B-P-40-09#s100r063	64	0	0	0	0	ABSTAIN	A	0	0	0
H5B-O-06-00#s100r063	64	0	0	0	0	ABSTAIN	A	0	0	0
H5B-O-06-01#s100r063	64	0	0	0	0	ABSTAIN	A	0	0	0
H5B-O-06-02#s100r063	64	0	0	0	0	ABSTAIN	A	0	0	0
H5B-O-06-03#s100r063	64	0	0	0	0	ABSTAIN	A	0	0	0
H5B-O-06-04#s100r063	64	0	0	0	0	ABSTAIN	A	0	0	0
H5B-O-06-05#s100r063	64	0	0	0	0	ABSTAIN	A	0	0	0
H5B-O-06-06#s100r063	64	0	0	0	0	ABSTAIN	A	0	0	0
H5B-O-06-07#s100r063	64	0	0	0	0	ABSTAIN	A	0	0	0
H5B-O-06-08#s100r063	64	0	0	0	0	ABSTAIN	A	0	0	0
H5B-O-06-09#s100r063	64	0	0	0	0	ABSTAIN	A	0	0	0
H5B-O-12-00#s100r063	64	0	0	0	0	ABSTAIN	A	0	0	0
H5B-O-12-01#s100r063	64	0	0	0	0	ABSTAIN	A	0	0	0
H5B-O-12-02#s100r063	64	0	0	0	0	ABSTAIN	A	0	0	0
H5B-O-12-03#s100r063	64	0	0	0	0	ABSTAIN	A	0	0	0
H5B-O-12-04#s100r063	64	0	0	0	0	ABSTAIN	A	0	0	0
H5B-O-12-05#s100r063	64	0	0	0	0	ABSTAIN	A	0	0	0
H5B-O-12-06#s100r063	64	0	0	0	0	ABSTAIN	A	0	0	0
H5B-O-12-07#s100r063	64	0	0	0	0	ABSTAIN	A	0	0	0
H5B-O-12-08#s100r063	64	0	0	0	0	ABSTAIN	A	0	0	0
H5B-O-12-09#s100r063	64	0	0	0	0	ABSTAIN	A	0	0	0
H5B-O-20-00#s100r063	64	0	0	0	0	ABSTAIN	A	0	0	0
H5B-O-20-01#s100r063	64	0	0	0	0	ABSTAIN	A	0	0	0
H5B-O-20-02#s100r063	64	0	0	0	0	ABSTAIN	A	0	0	0
H5B-O-20-03#s100r063	64	0	0	0	0	ABSTAIN	A	0	0	0
H5B-O-20-04#s100r063	64	0	0	0	0	ABSTAIN	A	0	0	0
H5B-O-20-05#s100r063	64	0	0	0	0	ABSTAIN	A	0	0	0
H5B-O-20-06#s100r063	64	0	0	0	0	ABSTAIN	A	0	0	0
H5B-O-20-07#s100r063	64	0	0	0	0	ABSTAIN	A	0	0	0
H5B-O-20-08#s100r063	64	0	0	0	0	ABSTAIN	A	0	0	0
H5B-O-20-09#s100r063	64	0	0	0	0	ABSTAIN	A	0	0	0
H5B-O-40-00#s100r063	64	0	0	0	0	ABSTAIN	A	0	0	0
H5B-O-40-01#s100r063	64	0	0	0	0	ABSTAIN	A	0	0	0
H5B-O-40-02#s100r063	64	0	0	0	0	ABSTAIN	A	0	0	0
H5B-O-40-03#s100r063	64	0	0	0	0	ABSTAIN	A	0	0	0
H5B-O-40-04#s100r063	64	0	0	0	0	ABSTAIN	A	0	0	0
H5B-O-40-05#s100r063	64	0	0	0	0	ABSTAIN	A	0	0	0
H5B-O-40-06#s100r063	64	0	0	0	0	ABSTAIN	A	0	0	0
H5B-O-40-07#s100r063	64	0	0	0	0	ABSTAIN	A	0	0	0
H5B-O-40-08#s100r063	64	0	0	0	0	ABSTAIN	A	0	0	0
H5B-O-40-09#s100r063	64	0	0	0	0	ABSTAIN	A	0	0	0
H5B-D-0-00#s100r063	64	0	0	0	0	RELEASE	1	660	0	0
H5B-D-0-01#s100r063	64	0	0	0	0	RELEASE	1	660	0	0
H5B-D-0-02#s100r063	64	0	0	0	0	RELEASE	1	661	0	0
H5B-D-0-03#s100r063	64	0	0	0	0	RELEASE	1	661	0	0
H5B-D-0-04#s100r063	64	0	0	0	0	RELEASE	1	661	0	0
H5B-D-0-05#s100r063	64	0	0	0	0	RELEASE	1	661	0	0
H5B-D-0-06#s100r063	64	0	0	0	0	RELEASE	1	661	0	0
H5B-D-0-07#s100r063	64	0	0	0	0	RELEASE	1	661	0	0
H5B-D-0-08#s100r063	64	0	0	0	0	RELEASE	1	661	0	0
H5B-D-0-09#s100r063	64	0	0	0	0	RELEASE	1	661	0	0
H5B-D-1-00#s100r063	64	0	0	0	0	ABSTAIN	A	0	0	0
H5B-D-1-01#s100r063	64	0	0	0	0	ABSTAIN	A	0	0	0
H5B-D-1-02#s100r063	64	0	0	0	0	ABSTAIN	A	0	0	0
H5B-D-1-03#s100r063	64	0	0	0	0	ABSTAIN	A	0	0	0
H5B-D-1-04#s100r063	64	0	0	0	0	ABSTAIN	A	0	0	0
H5B-D-1-05#s100r063	64	0	0	0	0	ABSTAIN	A	0	0	0
H5B-D-1-06#s100r063	64	0	0	0	0	ABSTAIN	A	0	0	0
H5B-D-1-07#s100r063	64	0	0	0	0	ABSTAIN	A	0	0	0
H5B-D-1-08#s100r063	64	0	0	0	0	ABSTAIN	A	0	0	0
H5B-D-1-09#s100r063	64	0	0	0	0	ABSTAIN	A	0	0	0
H5B-D-2-00#s100r063	64	0	0	0	0	ABSTAIN	A	0	0	0
H5B-D-2-01#s100r063	64	0	0	0	0	ABSTAIN	A	0	0	0
H5B-D-2-02#s100r063	64	0	0	0	0	ABSTAIN	A	0	0	0
H5B-D-2-03#s100r063	64	0	0	0	0	ABSTAIN	A	0	0	0
H5B-D-2-04#s100r063	64	0	0	0	0	ABSTAIN	A	0	0	0
H5B-D-2-05#s100r063	64	0	0	0	0	ABSTAIN	A	0	0	0
H5B-D-2-06#s100r063	64	0	0	0	0	ABSTAIN	A	0	0	0
H5B-D-2-07#s100r063	64	0	0	0	0	ABSTAIN	A	0	0	0
H5B-D-2-08#s100r063	64	0	0	0	0	ABSTAIN	A	0	0	0
H5B-D-2-09#s100r063	64	0	0	0	0	ABSTAIN	A	0	0	0
H5B-D-6-00#s100r063	64	0	0	0	0	ABSTAIN	A	0	0	0
H5B-D-6-01#s100r063	64	0	0	0	0	ABSTAIN	A	0	0	0
H5B-D-6-02#s100r063	64	0	0	0	0	ABSTAIN	A	0	0	0
H5B-D-6-03#s100r063	64	0	0	0	0	ABSTAIN	A	0	0	0
H5B-D-6-04#s100r063	64	0	0	0	0	ABSTAIN	A	0	0	0
H5B-D-6-05#s100r063	64	0	0	0	0	ABSTAIN	A	0	0	0
H5B-D-6-06#s100r063	64	0	0	0	0	ABSTAIN	A	0	0	0
H5B-D-6-07#s100r063	64	0	0	0	0	ABSTAIN	A	0	0	0
H5B-D-6-08#s100r063	64	0	0	0	0	ABSTAIN	A	0	0	0
H5B-D-6-09#s100r063	64	0	0	0	0	ABSTAIN	A	0	0	0
H5B-P-06-00#s100r064	64	0	0	0	0	ABSTAIN	A	0	0	0
H5B-P-06-01#s100r064	64	0	0	0	0	ABSTAIN	A	0	0	0
H5B-P-06-02#s100r064	64	0	0	0	0	ABSTAIN	A	0	0	0
H5B-P-06-03#s100r064	64	0	0	0	0	ABSTAIN	A	0	0	0
H5B-P-06-04#s100r064	64	0	0	0	0	ABSTAIN	A	0	0	0
H5B-P-06-05#s100r064	64	0	0	0	0	ABSTAIN	A	0	0	0
H5B-P-06-06#s100r064	64	0	0	0	0	ABSTAIN	A	0	0	0
H5B-P-06-07#s100r064	64	0	0	0	0	ABSTAIN	A	0	0	0
H5B-P-06-08#s100r064	64	0	0	0	0	ABSTAIN	A	0	0	0
H5B-P-06-09#s100r064	64	0	0	0	0	ABSTAIN	A	0	0	0
H5B-P-12-00#s100r064	64	0	0	0	0	ABSTAIN	A	0	0	0
H5B-P-12-01#s100r064	64	0	0	0	0	ABSTAIN	A	0	0	0
H5B-P-12-02#s100r064	64	0	0	0	0	ABSTAIN	A	0	0	0
H5B-P-12-03#s100r064	64	0	0	0	0	ABSTAIN	A	0	0	0
H5B-P-12-04#s100r064	64	0	0	0	0	ABSTAIN	A	0	0	0
H5B-P-12-05#s100r064	64	0	0	0	0	ABSTAIN	A	0	0	0
H5B-P-12-06#s100r064	64	0	0	0	0	ABSTAIN	A	0	0	0
H5B-P-12-07#s100r064	64	0	0	0	0	ABSTAIN	A	0	0	0
H5B-P-12-08#s100r064	64	0	0	0	0	ABSTAIN	A	0	0	0
H5B-P-12-09#s100r064	64	0	0	0	0	ABSTAIN	A	0	0	0
H5B-P-20-00#s100r064	64	0	0	0	0	ABSTAIN	A	0	0	0
H5B-P-20-01#s100r064	64	0	0	0	0	ABSTAIN	A	0	0	0
H5B-P-20-02#s100r064	64	0	0	0	0	ABSTAIN	A	0	0	0
H5B-P-20-03#s100r064	64	0	0	0	0	ABSTAIN	A	0	0	0
H5B-P-20-04#s100r064	64	0	0	0	0	ABSTAIN	A	0	0	0
H5B-P-20-05#s100r064	64	0	0	0	0	ABSTAIN	A	0	0	0
H5B-P-20-06#s100r064	64	0	0	0	0	ABSTAIN	A	0	0	0
H5B-P-20-07#s100r064	64	0	0	0	0	ABSTAIN	A	0	0	0
H5B-P-20-08#s100r064	64	0	0	0	0	ABSTAIN	A	0	0	0
H5B-P-20-09#s100r064	64	0	0	0	0	ABSTAIN	A	0	0	0
H5B-P-40-00#s100r064	64	0	0	0	0	ABSTAIN	A	0	0	0
H5B-P-40-01#s100r064	64	0	0	0	0	ABSTAIN	A	0	0	0
H5B-P-40-02#s100r064	64	0	0	0	0	ABSTAIN	A	0	0	0
H5B-P-40-03#s100r064	64	0	0	0	0	ABSTAIN	A	0	0	0
H5B-P-40-04#s100r064	64	0	0	0	0	ABSTAIN	A	0	0	0
H5B-P-40-05#s100r064	64	0	0	0	0	ABSTAIN	A	0	0	0
H5B-P-40-06#s100r064	64	0	0	0	0	ABSTAIN	A	0	0	0
H5B-P-40-07#s100r064	64	0	0	0	0	ABSTAIN	A	0	0	0
H5B-P-40-08#s100r064	64	0	0	0	0	ABSTAIN	A	0	0	0
H5B-P-40-09#s100r064	64	0	0	0	0	ABSTAIN	A	0	0	0
H5B-O-06-00#s100r064	64	0	0	0	0	ABSTAIN	A	0	0	0
H5B-O-06-01#s100r064	64	0	0	0	0	ABSTAIN	A	0	0	0
H5B-O-06-02#s100r064	64	0	0	0	0	ABSTAIN	A	0	0	0
H5B-O-06-03#s100r064	64	0	0	0	0	ABSTAIN	A	0	0	0
H5B-O-06-04#s100r064	64	0	0	0	0	ABSTAIN	A	0	0	0
H5B-O-06-05#s100r064	64	0	0	0	0	ABSTAIN	A	0	0	0
H5B-O-06-06#s100r064	64	0	0	0	0	ABSTAIN	A	0	0	0
H5B-O-06-07#s100r064	64	0	0	0	0	ABSTAIN	A	0	0	0
H5B-O-06-08#s100r064	64	0	0	0	0	ABSTAIN	A	0	0	0
H5B-O-06-09#s100r064	64	0	0	0	0	ABSTAIN	A	0	0	0
H5B-O-12-00#s100r064	64	0	0	0	0	ABSTAIN	A	0	0	0
H5B-O-12-01#s100r064	64	0	0	0	0	ABSTAIN	A	0	0	0
H5B-O-12-02#s100r064	64	0	0	0	0	ABSTAIN	A	0	0	0
H5B-O-12-03#s100r064	64	0	0	0	0	ABSTAIN	A	0	0	0
H5B-O-12-04#s100r064	64	0	0	0	0	ABSTAIN	A	0	0	0
H5B-O-12-05#s100r064	64	0	0	0	0	ABSTAIN	A	0	0	0
H5B-O-12-06#s100r064	64	0	0	0	0	ABSTAIN	A	0	0	0
H5B-O-12-07#s100r064	64	0	0	0	0	ABSTAIN	A	0	0	0
H5B-O-12-08#s100r064	64	0	0	0	0	ABSTAIN	A	0	0	0
H5B-O-12-09#s100r064	64	0	0	0	0	ABSTAIN	A	0	0	0
H5B-O-20-00#s100r064	64	0	0	0	0	ABSTAIN	A	0	0	0
H5B-O-20-01#s100r064	64	0	0	0	0	ABSTAIN	A	0	0	0
H5B-O-20-02#s100r064	64	0	0	0	0	ABSTAIN	A	0	0	0
H5B-O-20-03#s100r064	64	0	0	0	0	ABSTAIN	A	0	0	0
H5B-O-20-04#s100r064	64	0	0	0	0	ABSTAIN	A	0	0	0
H5B-O-20-05#s100r064	64	0	0	0	0	ABSTAIN	A	0	0	0
H5B-O-20-06#s100r064	64	0	0	0	0	ABSTAIN	A	0	0	0
H5B-O-20-07#s100r064	64	0	0	0	0	ABSTAIN	A	0	0	0
H5B-O-20-08#s100r064	64	0	0	0	0	ABSTAIN	A	0	0	0
H5B-O-20-09#s100r064	64	0	0	0	0	ABSTAIN	A	0	0	0
H5B-O-40-00#s100r064	64	0	0	0	0	ABSTAIN	A	0	0	0
H5B-O-40-01#s100r064	64	0	0	0	0	ABSTAIN	A	0	0	0
H5B-O-40-02#s100r064	64	0	0	0	0	ABSTAIN	A	0	0	0
H5B-O-40-03#s100r064	64	0	0	0	0	ABSTAIN	A	0	0	0
H5B-O-40-04#s100r064	64	0	0	0	0	ABSTAIN	A	0	0	0
H5B-O-40-05#s100r064	64	0	0	0	0	ABSTAIN	A	0	0	0
H5B-O-40-06#s100r064	64	0	0	0	0	ABSTAIN	A	0	0	0
H5B-O-40-07#s100r064	64	0	0	0	0	ABSTAIN	A	0	0	0
H5B-O-40-08#s100r064	64	0	0	0	0	ABSTAIN	A	0	0	0
H5B-O-40-09#s100r064	64	0	0	0	0	ABSTAIN	A	0	0	0
H5B-D-0-00#s100r064	64	0	0	0	0	RELEASE	1	660	0	0
H5B-D-0-01#s100r064	64	0	0	0	0	RELEASE	1	660	0	0
H5B-D-0-02#s100r064	64	0	0	0	0	RELEASE	1	661	0	0
H5B-D-0-03#s100r064	64	0	0	0	0	RELEASE	1	661	0	0
H5B-D-0-04#s100r064	64	0	0	0	0	RELEASE	1	661	0	0
H5B-D-0-05#s100r064	64	0	0	0	0	RELEASE	1	661	0	0
H5B-D-0-06#s100r064	64	0	0	0	0	RELEASE	1	661	0	0
H5B-D-0-07#s100r064	64	0	0	0	0	RELEASE	1	661	0	0
H5B-D-0-08#s100r064	64	0	0	0	0	RELEASE	1	661	0	0
H5B-D-0-09#s100r064	64	0	0	0	0	RELEASE	1	661	0	0
H5B-D-1-00#s100r064	64	0	0	0	0	ABSTAIN	A	0	0	0
H5B-D-1-01#s100r064	64	0	0	0	0	ABSTAIN	A	0	0	0
H5B-D-1-02#s100r064	64	0	0	0	0	ABSTAIN	A	0	0	0
H5B-D-1-03#s100r064	64	0	0	0	0	ABSTAIN	A	0	0	0
H5B-D-1-04#s100r064	64	0	0	0	0	ABSTAIN	A	0	0	0
H5B-D-1-05#s100r064	64	0	0	0	0	ABSTAIN	A	0	0	0
H5B-D-1-06#s100r064	64	0	0	0	0	ABSTAIN	A	0	0	0
H5B-D-1-07#s100r064	64	0	0	0	0	ABSTAIN	A	0	0	0
H5B-D-1-08#s100r064	64	0	0	0	0	ABSTAIN	A	0	0	0
H5B-D-1-09#s100r064	64	0	0	0	0	ABSTAIN	A	0	0	0
H5B-D-2-00#s100r064	64	0	0	0	0	ABSTAIN	A	0	0	0
H5B-D-2-01#s100r064	64	0	0	0	0	ABSTAIN	A	0	0	0
H5B-D-2-02#s100r064	64	0	0	0	0	ABSTAIN	A	0	0	0
H5B-D-2-03#s100r064	64	0	0	0	0	ABSTAIN	A	0	0	0
H5B-D-2-04#s100r064	64	0	0	0	0	ABSTAIN	A	0	0	0
H5B-D-2-05#s100r064	64	0	0	0	0	ABSTAIN	A	0	0	0
H5B-D-2-06#s100r064	64	0	0	0	0	ABSTAIN	A	0	0	0
H5B-D-2-07#s100r064	64	0	0	0	0	ABSTAIN	A	0	0	0
H5B-D-2-08#s100r064	64	0	0	0	0	ABSTAIN	A	0	0	0
H5B-D-2-09#s100r064	64	0	0	0	0	ABSTAIN	A	0	0	0
H5B-D-6-00#s100r064	64	0	0	0	0	ABSTAIN	A	0	0	0
H5B-D-6-01#s100r064	64	0	0	0	0	ABSTAIN	A	0	0	0
H5B-D-6-02#s100r064	64	0	0	0	0	ABSTAIN	A	0	0	0
H5B-D-6-03#s100r064	64	0	0	0	0	ABSTAIN	A	0	0	0
H5B-D-6-04#s100r064	64	0	0	0	0	ABSTAIN	A	0	0	0
H5B-D-6-05#s100r064	64	0	0	0	0	ABSTAIN	A	0	0	0
H5B-D-6-06#s100r064	64	0	0	0	0	ABSTAIN	A	0	0	0
H5B-D-6-07#s100r064	64	0	0	0	0	ABSTAIN	A	0	0	0
H5B-D-6-08#s100r064	64	0	0	0	0	ABSTAIN	A	0	0	0
H5B-D-6-09#s100r064	64	0	0	0	0	ABSTAIN	A	0	0	0
H5B-P-06-00#s100r065	64	0	0	0	0	ABSTAIN	A	0	0	0
H5B-P-06-01#s100r065	64	0	0	0	0	ABSTAIN	A	0	0	0
H5B-P-06-02#s100r065	64	0	0	0	0	ABSTAIN	A	0	0	0
H5B-P-06-03#s100r065	64	0	0	0	0	ABSTAIN	A	0	0	0
H5B-P-06-04#s100r065	64	0	0	0	0	ABSTAIN	A	0	0	0
H5B-P-06-05#s100r065	64	0	0	0	0	ABSTAIN	A	0	0	0
H5B-P-06-06#s100r065	64	0	0	0	0	ABSTAIN	A	0	0	0
H5B-P-06-07#s100r065	64	0	0	0	0	ABSTAIN	A	0	0	0
H5B-P-06-08#s100r065	64	0	0	0	0	ABSTAIN	A	0	0	0
H5B-P-06-09#s100r065	64	0	0	0	0	ABSTAIN	A	0	0	0
H5B-P-12-00#s100r065	64	0	0	0	0	ABSTAIN	A	0	0	0
H5B-P-12-01#s100r065	64	0	0	0	0	ABSTAIN	A	0	0	0
H5B-P-12-02#s100r065	64	0	0	0	0	ABSTAIN	A	0	0	0
H5B-P-12-03#s100r065	64	0	0	0	0	ABSTAIN	A	0	0	0
H5B-P-12-04#s100r065	64	0	0	0	0	ABSTAIN	A	0	0	0
H5B-P-12-05#s100r065	64	0	0	0	0	ABSTAIN	A	0	0	0
H5B-P-12-06#s100r065	64	0	0	0	0	ABSTAIN	A	0	0	0
H5B-P-12-07#s100r065	64	0	0	0	0	ABSTAIN	A	0	0	0
H5B-P-12-08#s100r065	64	0	0	0	0	ABSTAIN	A	0	0	0
H5B-P-12-09#s100r065	64	0	0	0	0	ABSTAIN	A	0	0	0
H5B-P-20-00#s100r065	64	0	0	0	0	ABSTAIN	A	0	0	0
H5B-P-20-01#s100r065	64	0	0	0	0	ABSTAIN	A	0	0	0
H5B-P-20-02#s100r065	64	0	0	0	0	ABSTAIN	A	0	0	0
H5B-P-20-03#s100r065	64	0	0	0	0	ABSTAIN	A	0	0	0
H5B-P-20-04#s100r065	64	0	0	0	0	ABSTAIN	A	0	0	0
H5B-P-20-05#s100r065	64	0	0	0	0	ABSTAIN	A	0	0	0
H5B-P-20-06#s100r065	64	0	0	0	0	ABSTAIN	A	0	0	0
H5B-P-20-07#s100r065	64	0	0	0	0	ABSTAIN	A	0	0	0
H5B-P-20-08#s100r065	64	0	0	0	0	ABSTAIN	A	0	0	0
H5B-P-20-09#s100r065	64	0	0	0	0	ABSTAIN	A	0	0	0
H5B-P-40-00#s100r065	64	0	0	0	0	ABSTAIN	A	0	0	0
H5B-P-40-01#s100r065	64	0	0	0	0	ABSTAIN	A	0	0	0
H5B-P-40-02#s100r065	64	0	0	0	0	ABSTAIN	A	0	0	0
H5B-P-40-03#s100r065	64	0	0	0	0	ABSTAIN	A	0	0	0
H5B-P-40-04#s100r065	64	0	0	0	0	ABSTAIN	A	0	0	0
H5B-P-40-05#s100r065	64	0	0	0	0	ABSTAIN	A	0	0	0
H5B-P-40-06#s100r065	64	0	0	0	0	ABSTAIN	A	0	0	0
H5B-P-40-07#s100r065	64	0	0	0	0	ABSTAIN	A	0	0	0
H5B-P-40-08#s100r065	64	0	0	0	0	ABSTAIN	A	0	0	0
H5B-P-40-09#s100r065	64	0	0	0	0	ABSTAIN	A	0	0	0
H5B-O-06-00#s100r065	64	0	0	0	0	ABSTAIN	A	0	0	0
H5B-O-06-01#s100r065	64	0	0	0	0	ABSTAIN	A	0	0	0
H5B-O-06-02#s100r065	64	0	0	0	0	ABSTAIN	A	0	0	0
H5B-O-06-03#s100r065	64	0	0	0	0	ABSTAIN	A	0	0	0
H5B-O-06-04#s100r065	64	0	0	0	0	ABSTAIN	A	0	0	0
H5B-O-06-05#s100r065	64	0	0	0	0	ABSTAIN	A	0	0	0
H5B-O-06-06#s100r065	64	0	0	0	0	ABSTAIN	A	0	0	0
H5B-O-06-07#s100r065	64	0	0	0	0	ABSTAIN	A	0	0	0
H5B-O-06-08#s100r065	64	0	0	0	0	ABSTAIN	A	0	0	0
H5B-O-06-09#s100r065	64	0	0	0	0	ABSTAIN	A	0	0	0
H5B-O-12-00#s100r065	64	0	0	0	0	ABSTAIN	A	0	0	0
H5B-O-12-01#s100r065	64	0	0	0	0	ABSTAIN	A	0	0	0
H5B-O-12-02#s100r065	64	0	0	0	0	ABSTAIN	A	0	0	0
H5B-O-12-03#s100r065	64	0	0	0	0	ABSTAIN	A	0	0	0
H5B-O-12-04#s100r065	64	0	0	0	0	ABSTAIN	A	0	0	0
H5B-O-12-05#s100r065	64	0	0	0	0	ABSTAIN	A	0	0	0
H5B-O-12-06#s100r065	64	0	0	0	0	ABSTAIN	A	0	0	0
H5B-O-12-07#s100r065	64	0	0	0	0	ABSTAIN	A	0	0	0
H5B-O-12-08#s100r065	64	0	0	0	0	ABSTAIN	A	0	0	0
H5B-O-12-09#s100r065	64	0	0	0	0	ABSTAIN	A	0	0	0
H5B-O-20-00#s100r065	64	0	0	0	0	ABSTAIN	A	0	0	0
H5B-O-20-01#s100r065	64	0	0	0	0	ABSTAIN	A	0	0	0
H5B-O-20-02#s100r065	64	0	0	0	0	ABSTAIN	A	0	0	0
H5B-O-20-03#s100r065	64	0	0	0	0	ABSTAIN	A	0	0	0
H5B-O-20-04#s100r065	64	0	0	0	0	ABSTAIN	A	0	0	0
H5B-O-20-05#s100r065	64	0	0	0	0	ABSTAIN	A	0	0	0
H5B-O-20-06#s100r065	64	0	0	0	0	ABSTAIN	A	0	0	0
H5B-O-20-07#s100r065	64	0	0	0	0	ABSTAIN	A	0	0	0
H5B-O-20-08#s100r065	64	0	0	0	0	ABSTAIN	A	0	0	0
H5B-O-20-09#s100r065	64	0	0	0	0	ABSTAIN	A	0	0	0
H5B-O-40-00#s100r065	64	0	0	0	0	ABSTAIN	A	0	0	0
H5B-O-40-01#s100r065	64	0	0	0	0	ABSTAIN	A	0	0	0
H5B-O-40-02#s100r065	64	0	0	0	0	ABSTAIN	A	0	0	0
H5B-O-40-03#s100r065	64	0	0	0	0	ABSTAIN	A	0	0	0
H5B-O-40-04#s100r065	64	0	0	0	0	ABSTAIN	A	0	0	0
H5B-O-40-05#s100r065	64	0	0	0	0	ABSTAIN	A	0	0	0
H5B-O-40-06#s100r065	64	0	0	0	0	ABSTAIN	A	0	0	0
H5B-O-40-07#s100r065	64	0	0	0	0	ABSTAIN	A	0	0	0
H5B-O-40-08#s100r065	64	0	0	0	0	ABSTAIN	A	0	0	0
H5B-O-40-09#s100r065	64	0	0	0	0	ABSTAIN	A	0	0	0
H5B-D-0-00#s100r065	64	0	0	0	0	RELEASE	1	660	0	0
H5B-D-0-01#s100r065	64	0	0	0	0	RELEASE	1	660	0	0
H5B-D-0-02#s100r065	64	0	0	0	0	RELEASE	1	660	0	0
H5B-D-0-03#s100r065	64	0	0	0	0	RELEASE	1	661	0	0
H5B-D-0-04#s100r065	64	0	0	0	0	RELEASE	1	661	0	0
H5B-D-0-05#s100r065	64	0	0	0	0	RELEASE	1	661	0	0
H5B-D-0-06#s100r065	64	0	0	0	0	RELEASE	1	661	0	0
H5B-D-0-07#s100r065	64	0	0	0	0	RELEASE	1	661	0	0
H5B-D-0-08#s100r065	64	0	0	0	0	RELEASE	1	661	0	0
H5B-D-0-09#s100r065	64	0	0	0	0	RELEASE	1	661	0	0
H5B-D-1-00#s100r065	64	0	0	0	0	ABSTAIN	A	0	0	0
H5B-D-1-01#s100r065	64	0	0	0	0	ABSTAIN	A	0	0	0
H5B-D-1-02#s100r065	64	0	0	0	0	ABSTAIN	A	0	0	0
H5B-D-1-03#s100r065	64	0	0	0	0	ABSTAIN	A	0	0	0
H5B-D-1-04#s100r065	64	0	0	0	0	ABSTAIN	A	0	0	0
H5B-D-1-05#s100r065	64	0	0	0	0	ABSTAIN	A	0	0	0
H5B-D-1-06#s100r065	64	0	0	0	0	ABSTAIN	A	0	0	0
H5B-D-1-07#s100r065	64	0	0	0	0	ABSTAIN	A	0	0	0
H5B-D-1-08#s100r065	64	0	0	0	0	ABSTAIN	A	0	0	0
H5B-D-1-09#s100r065	64	0	0	0	0	ABSTAIN	A	0	0	0
H5B-D-2-00#s100r065	64	0	0	0	0	ABSTAIN	A	0	0	0
H5B-D-2-01#s100r065	64	0	0	0	0	ABSTAIN	A	0	0	0
H5B-D-2-02#s100r065	64	0	0	0	0	ABSTAIN	A	0	0	0
H5B-D-2-03#s100r065	64	0	0	0	0	ABSTAIN	A	0	0	0
H5B-D-2-04#s100r065	64	0	0	0	0	ABSTAIN	A	0	0	0
H5B-D-2-05#s100r065	64	0	0	0	0	ABSTAIN	A	0	0	0
H5B-D-2-06#s100r065	64	0	0	0	0	ABSTAIN	A	0	0	0
H5B-D-2-07#s100r065	64	0	0	0	0	ABSTAIN	A	0	0	0
H5B-D-2-08#s100r065	64	0	0	0	0	ABSTAIN	A	0	0	0
H5B-D-2-09#s100r065	64	0	0	0	0	ABSTAIN	A	0	0	0
H5B-D-6-00#s100r065	64	0	0	0	0	ABSTAIN	A	0	0	0
H5B-D-6-01#s100r065	64	0	0	0	0	ABSTAIN	A	0	0	0
H5B-D-6-02#s100r065	64	0	0	0	0	ABSTAIN	A	0	0	0
H5B-D-6-03#s100r065	64	0	0	0	0	ABSTAIN	A	0	0	0
H5B-D-6-04#s100r065	64	0	0	0	0	ABSTAIN	A	0	0	0
H5B-D-6-05#s100r065	64	0	0	0	0	ABSTAIN	A	0	0	0
H5B-D-6-06#s100r065	64	0	0	0	0	ABSTAIN	A	0	0	0
H5B-D-6-07#s100r065	64	0	0	0	0	ABSTAIN	A	0	0	0
H5B-D-6-08#s100r065	64	0	0	0	0	ABSTAIN	A	0	0	0
H5B-D-6-09#s100r065	64	0	0	0	0	ABSTAIN	A	0	0	0
H5B-P-06-00#s100r066	64	0	0	0	0	ABSTAIN	A	0	0	0
H5B-P-06-01#s100r066	64	0	0	0	0	ABSTAIN	A	0	0	0
H5B-P-06-02#s100r066	64	0	0	0	0	ABSTAIN	A	0	0	0
H5B-P-06-03#s100r066	64	0	0	0	0	ABSTAIN	A	0	0	0
H5B-P-06-04#s100r066	64	0	0	0	0	ABSTAIN	A	0	0	0
H5B-P-06-05#s100r066	64	0	0	0	0	ABSTAIN	A	0	0	0
H5B-P-06-06#s100r066	64	0	0	0	0	ABSTAIN	A	0	0	0
H5B-P-06-07#s100r066	64	0	0	0	0	ABSTAIN	A	0	0	0
H5B-P-06-08#s100r066	64	0	0	0	0	ABSTAIN	A	0	0	0
H5B-P-06-09#s100r066	64	0	0	0	0	ABSTAIN	A	0	0	0
H5B-P-12-00#s100r066	64	0	0	0	0	ABSTAIN	A	0	0	0
H5B-P-12-01#s100r066	64	0	0	0	0	ABSTAIN	A	0	0	0
H5B-P-12-02#s100r066	64	0	0	0	0	ABSTAIN	A	0	0	0
H5B-P-12-03#s100r066	64	0	0	0	0	ABSTAIN	A	0	0	0
H5B-P-12-04#s100r066	64	0	0	0	0	ABSTAIN	A	0	0	0
H5B-P-12-05#s100r066	64	0	0	0	0	ABSTAIN	A	0	0	0
H5B-P-12-06#s100r066	64	0	0	0	0	ABSTAIN	A	0	0	0
H5B-P-12-07#s100r066	64	0	0	0	0	ABSTAIN	A	0	0	0
H5B-P-12-08#s100r066	64	0	0	0	0	ABSTAIN	A	0	0	0
H5B-P-12-09#s100r066	64	0	0	0	0	ABSTAIN	A	0	0	0
H5B-P-20-00#s100r066	64	0	0	0	0	ABSTAIN	A	0	0	0
H5B-P-20-01#s100r066	64	0	0	0	0	ABSTAIN	A	0	0	0
H5B-P-20-02#s100r066	64	0	0	0	0	ABSTAIN	A	0	0	0
H5B-P-20-03#s100r066	64	0	0	0	0	ABSTAIN	A	0	0	0
H5B-P-20-04#s100r066	64	0	0	0	0	ABSTAIN	A	0	0	0
H5B-P-20-05#s100r066	64	0	0	0	0	ABSTAIN	A	0	0	0
H5B-P-20-06#s100r066	64	0	0	0	0	ABSTAIN	A	0	0	0
H5B-P-20-07#s100r066	64	0	0	0	0	ABSTAIN	A	0	0	0
H5B-P-20-08#s100r066	64	0	0	0	0	ABSTAIN	A	0	0	0
H5B-P-20-09#s100r066	64	0	0	0	0	ABSTAIN	A	0	0	0
H5B-P-40-00#s100r066	64	0	0	0	0	ABSTAIN	A	0	0	0
H5B-P-40-01#s100r066	64	0	0	0	0	ABSTAIN	A	0	0	0
H5B-P-40-02#s100r066	64	0	0	0	0	ABSTAIN	A	0	0	0
H5B-P-40-03#s100r066	64	0	0	0	0	ABSTAIN	A	0	0	0
H5B-P-40-04#s100r066	64	0	0	0	0	ABSTAIN	A	0	0	0
H5B-P-40-05#s100r066	64	0	0	0	0	ABSTAIN	A	0	0	0
H5B-P-40-06#s100r066	64	0	0	0	0	ABSTAIN	A	0	0	0
H5B-P-40-07#s100r066	64	0	0	0	0	ABSTAIN	A	0	0	0
H5B-P-40-08#s100r066	64	0	0	0	0	ABSTAIN	A	0	0	0
H5B-P-40-09#s100r066	64	0	0	0	0	ABSTAIN	A	0	0	0
H5B-O-06-00#s100r066	64	0	0	0	0	ABSTAIN	A	0	0	0
H5B-O-06-01#s100r066	64	0	0	0	0	ABSTAIN	A	0	0	0
H5B-O-06-02#s100r066	64	0	0	0	0	ABSTAIN	A	0	0	0
H5B-O-06-03#s100r066	64	0	0	0	0	ABSTAIN	A	0	0	0
H5B-O-06-04#s100r066	64	0	0	0	0	ABSTAIN	A	0	0	0
H5B-O-06-05#s100r066	64	0	0	0	0	ABSTAIN	A	0	0	0
H5B-O-06-06#s100r066	64	0	0	0	0	ABSTAIN	A	0	0	0
H5B-O-06-07#s100r066	64	0	0	0	0	ABSTAIN	A	0	0	0
H5B-O-06-08#s100r066	64	0	0	0	0	ABSTAIN	A	0	0	0
H5B-O-06-09#s100r066	64	0	0	0	0	ABSTAIN	A	0	0	0
H5B-O-12-00#s100r066	64	0	0	0	0	ABSTAIN	A	0	0	0
H5B-O-12-01#s100r066	64	0	0	0	0	ABSTAIN	A	0	0	0
H5B-O-12-02#s100r066	64	0	0	0	0	ABSTAIN	A	0	0	0
H5B-O-12-03#s100r066	64	0	0	0	0	ABSTAIN	A	0	0	0
H5B-O-12-04#s100r066	64	0	0	0	0	ABSTAIN	A	0	0	0
H5B-O-12-05#s100r066	64	0	0	0	0	ABSTAIN	A	0	0	0
H5B-O-12-06#s100r066	64	0	0	0	0	ABSTAIN	A	0	0	0
H5B-O-12-07#s100r066	64	0	0	0	0	ABSTAIN	A	0	0	0
H5B-O-12-08#s100r066	64	0	0	0	0	ABSTAIN	A	0	0	0
H5B-O-12-09#s100r066	64	0	0	0	0	ABSTAIN	A	0	0	0
H5B-O-20-00#s100r066	64	0	0	0	0	ABSTAIN	A	0	0	0
H5B-O-20-01#s100r066	64	0	0	0	0	ABSTAIN	A	0	0	0
H5B-O-20-02#s100r066	64	0	0	0	0	ABSTAIN	A	0	0	0
H5B-O-20-03#s100r066	64	0	0	0	0	ABSTAIN	A	0	0	0
H5B-O-20-04#s100r066	64	0	0	0	0	ABSTAIN	A	0	0	0
H5B-O-20-05#s100r066	64	0	0	0	0	ABSTAIN	A	0	0	0
H5B-O-20-06#s100r066	64	0	0	0	0	ABSTAIN	A	0	0	0
H5B-O-20-07#s100r066	64	0	0	0	0	ABSTAIN	A	0	0	0
H5B-O-20-08#s100r066	64	0	0	0	0	ABSTAIN	A	0	0	0
H5B-O-20-09#s100r066	64	0	0	0	0	ABSTAIN	A	0	0	0
H5B-O-40-00#s100r066	64	0	0	0	0	ABSTAIN	A	0	0	0
H5B-O-40-01#s100r066	64	0	0	0	0	ABSTAIN	A	0	0	0
H5B-O-40-02#s100r066	64	0	0	0	0	ABSTAIN	A	0	0	0
H5B-O-40-03#s100r066	64	0	0	0	0	ABSTAIN	A	0	0	0
H5B-O-40-04#s100r066	64	0	0	0	0	ABSTAIN	A	0	0	0
H5B-O-40-05#s100r066	64	0	0	0	0	ABSTAIN	A	0	0	0
H5B-O-40-06#s100r066	64	0	0	0	0	ABSTAIN	A	0	0	0
H5B-O-40-07#s100r066	64	0	0	0	0	ABSTAIN	A	0	0	0
H5B-O-40-08#s100r066	64	0	0	0	0	ABSTAIN	A	0	0	0
H5B-O-40-09#s100r066	64	0	0	0	0	ABSTAIN	A	0	0	0
H5B-D-0-00#s100r066	64	0	0	0	0	RELEASE	1	660	0	0
H5B-D-0-01#s100r066	64	0	0	0	0	RELEASE	1	660	0	0
H5B-D-0-02#s100r066	64	0	0	0	0	RELEASE	1	660	0	0
H5B-D-0-03#s100r066	64	0	0	0	0	RELEASE	1	661	0	0
H5B-D-0-04#s100r066	64	0	0	0	0	RELEASE	1	661	0	0
H5B-D-0-05#s100r066	64	0	0	0	0	RELEASE	1	661	0	0
H5B-D-0-06#s100r066	64	0	0	0	0	RELEASE	1	661	0	0
H5B-D-0-07#s100r066	64	0	0	0	0	RELEASE	1	661	0	0
H5B-D-0-08#s100r066	64	0	0	0	0	RELEASE	1	661	0	0
H5B-D-0-09#s100r066	64	0	0	0	0	RELEASE	1	661	0	0
H5B-D-1-00#s100r066	64	0	0	0	0	ABSTAIN	A	0	0	0
H5B-D-1-01#s100r066	64	0	0	0	0	ABSTAIN	A	0	0	0
H5B-D-1-02#s100r066	64	0	0	0	0	ABSTAIN	A	0	0	0
H5B-D-1-03#s100r066	64	0	0	0	0	ABSTAIN	A	0	0	0
H5B-D-1-04#s100r066	64	0	0	0	0	ABSTAIN	A	0	0	0
H5B-D-1-05#s100r066	64	0	0	0	0	ABSTAIN	A	0	0	0
H5B-D-1-06#s100r066	64	0	0	0	0	ABSTAIN	A	0	0	0
H5B-D-1-07#s100r066	64	0	0	0	0	ABSTAIN	A	0	0	0
H5B-D-1-08#s100r066	64	0	0	0	0	ABSTAIN	A	0	0	0
H5B-D-1-09#s100r066	64	0	0	0	0	ABSTAIN	A	0	0	0
H5B-D-2-00#s100r066	64	0	0	0	0	ABSTAIN	A	0	0	0
H5B-D-2-01#s100r066	64	0	0	0	0	ABSTAIN	A	0	0	0
H5B-D-2-02#s100r066	64	0	0	0	0	ABSTAIN	A	0	0	0
H5B-D-2-03#s100r066	64	0	0	0	0	ABSTAIN	A	0	0	0
H5B-D-2-04#s100r066	64	0	0	0	0	ABSTAIN	A	0	0	0
H5B-D-2-05#s100r066	64	0	0	0	0	ABSTAIN	A	0	0	0
H5B-D-2-06#s100r066	64	0	0	0	0	ABSTAIN	A	0	0	0
H5B-D-2-07#s100r066	64	0	0	0	0	ABSTAIN	A	0	0	0
H5B-D-2-08#s100r066	64	0	0	0	0	ABSTAIN	A	0	0	0
H5B-D-2-09#s100r066	64	0	0	0	0	ABSTAIN	A	0	0	0
H5B-D-6-00#s100r066	64	0	0	0	0	ABSTAIN	A	0	0	0
H5B-D-6-01#s100r066	64	0	0	0	0	ABSTAIN	A	0	0	0
H5B-D-6-02#s100r066	64	0	0	0	0	ABSTAIN	A	0	0	0
H5B-D-6-03#s100r066	64	0	0	0	0	ABSTAIN	A	0	0	0
H5B-D-6-04#s100r066	64	0	0	0	0	ABSTAIN	A	0	0	0
H5B-D-6-05#s100r066	64	0	0	0	0	ABSTAIN	A	0	0	0
H5B-D-6-06#s100r066	64	0	0	0	0	ABSTAIN	A	0	0	0
H5B-D-6-07#s100r066	64	0	0	0	0	ABSTAIN	A	0	0	0
H5B-D-6-08#s100r066	64	0	0	0	0	ABSTAIN	A	0	0	0
H5B-D-6-09#s100r066	64	0	0	0	0	ABSTAIN	A	0	0	0
H5B-P-06-00#s100r067	64	0	0	0	0	ABSTAIN	A	0	0	0
H5B-P-06-01#s100r067	64	0	0	0	0	ABSTAIN	A	0	0	0
H5B-P-06-02#s100r067	64	0	0	0	0	ABSTAIN	A	0	0	0
H5B-P-06-03#s100r067	64	0	0	0	0	ABSTAIN	A	0	0	0
H5B-P-06-04#s100r067	64	0	0	0	0	ABSTAIN	A	0	0	0
H5B-P-06-05#s100r067	64	0	0	0	0	ABSTAIN	A	0	0	0
H5B-P-06-06#s100r067	64	0	0	0	0	ABSTAIN	A	0	0	0
H5B-P-06-07#s100r067	64	0	0	0	0	ABSTAIN	A	0	0	0
H5B-P-06-08#s100r067	64	0	0	0	0	ABSTAIN	A	0	0	0
H5B-P-06-09#s100r067	64	0	0	0	0	ABSTAIN	A	0	0	0
H5B-P-12-00#s100r067	64	0	0	0	0	ABSTAIN	A	0	0	0
H5B-P-12-01#s100r067	64	0	0	0	0	ABSTAIN	A	0	0	0
H5B-P-12-02#s100r067	64	0	0	0	0	ABSTAIN	A	0	0	0
H5B-P-12-03#s100r067	64	0	0	0	0	ABSTAIN	A	0	0	0
H5B-P-12-04#s100r067	64	0	0	0	0	ABSTAIN	A	0	0	0
H5B-P-12-05#s100r067	64	0	0	0	0	ABSTAIN	A	0	0	0
H5B-P-12-06#s100r067	64	0	0	0	0	ABSTAIN	A	0	0	0
H5B-P-12-07#s100r067	64	0	0	0	0	ABSTAIN	A	0	0	0
H5B-P-12-08#s100r067	64	0	0	0	0	ABSTAIN	A	0	0	0
H5B-P-12-09#s100r067	64	0	0	0	0	ABSTAIN	A	0	0	0
H5B-P-20-00#s100r067	64	0	0	0	0	ABSTAIN	A	0	0	0
H5B-P-20-01#s100r067	64	0	0	0	0	ABSTAIN	A	0	0	0
H5B-P-20-02#s100r067	64	0	0	0	0	ABSTAIN	A	0	0	0
H5B-P-20-03#s100r067	64	0	0	0	0	ABSTAIN	A	0	0	0
H5B-P-20-04#s100r067	64	0	0	0	0	ABSTAIN	A	0	0	0
H5B-P-20-05#s100r067	64	0	0	0	0	ABSTAIN	A	0	0	0
H5B-P-20-06#s100r067	64	0	0	0	0	ABSTAIN	A	0	0	0
H5B-P-20-07#s100r067	64	0	0	0	0	ABSTAIN	A	0	0	0
H5B-P-20-08#s100r067	64	0	0	0	0	ABSTAIN	A	0	0	0
H5B-P-20-09#s100r067	64	0	0	0	0	ABSTAIN	A	0	0	0
H5B-P-40-00#s100r067	64	0	0	0	0	ABSTAIN	A	0	0	0
H5B-P-40-01#s100r067	64	0	0	0	0	ABSTAIN	A	0	0	0
H5B-P-40-02#s100r067	64	0	0	0	0	ABSTAIN	A	0	0	0
H5B-P-40-03#s100r067	64	0	0	0	0	ABSTAIN	A	0	0	0
H5B-P-40-04#s100r067	64	0	0	0	0	ABSTAIN	A	0	0	0
H5B-P-40-05#s100r067	64	0	0	0	0	ABSTAIN	A	0	0	0
H5B-P-40-06#s100r067	64	0	0	0	0	ABSTAIN	A	0	0	0
H5B-P-40-07#s100r067	64	0	0	0	0	ABSTAIN	A	0	0	0
H5B-P-40-08#s100r067	64	0	0	0	0	ABSTAIN	A	0	0	0
H5B-P-40-09#s100r067	64	0	0	0	0	ABSTAIN	A	0	0	0
H5B-O-06-00#s100r067	64	0	0	0	0	ABSTAIN	A	0	0	0
H5B-O-06-01#s100r067	64	0	0	0	0	ABSTAIN	A	0	0	0
H5B-O-06-02#s100r067	64	0	0	0	0	ABSTAIN	A	0	0	0
H5B-O-06-03#s100r067	64	0	0	0	0	ABSTAIN	A	0	0	0
H5B-O-06-04#s100r067	64	0	0	0	0	ABSTAIN	A	0	0	0
H5B-O-06-05#s100r067	64	0	0	0	0	ABSTAIN	A	0	0	0
H5B-O-06-06#s100r067	64	0	0	0	0	ABSTAIN	A	0	0	0
H5B-O-06-07#s100r067	64	0	0	0	0	ABSTAIN	A	0	0	0
H5B-O-06-08#s100r067	64	0	0	0	0	ABSTAIN	A	0	0	0
H5B-O-06-09#s100r067	64	0	0	0	0	ABSTAIN	A	0	0	0
H5B-O-12-00#s100r067	64	0	0	0	0	ABSTAIN	A	0	0	0
H5B-O-12-01#s100r067	64	0	0	0	0	ABSTAIN	A	0	0	0
H5B-O-12-02#s100r067	64	0	0	0	0	ABSTAIN	A	0	0	0
H5B-O-12-03#s100r067	64	0	0	0	0	ABSTAIN	A	0	0	0
H5B-O-12-04#s100r067	64	0	0	0	0	ABSTAIN	A	0	0	0
H5B-O-12-05#s100r067	64	0	0	0	0	ABSTAIN	A	0	0	0
H5B-O-12-06#s100r067	64	0	0	0	0	ABSTAIN	A	0	0	0
H5B-O-12-07#s100r067	64	0	0	0	0	ABSTAIN	A	0	0	0
H5B-O-12-08#s100r067	64	0	0	0	0	ABSTAIN	A	0	0	0
H5B-O-12-09#s100r067	64	0	0	0	0	ABSTAIN	A	0	0	0
H5B-O-20-00#s100r067	64	0	0	0	0	ABSTAIN	A	0	0	0
H5B-O-20-01#s100r067	64	0	0	0	0	ABSTAIN	A	0	0	0
H5B-O-20-02#s100r067	64	0	0	0	0	ABSTAIN	A	0	0	0
H5B-O-20-03#s100r067	64	0	0	0	0	ABSTAIN	A	0	0	0
H5B-O-20-04#s100r067	64	0	0	0	0	ABSTAIN	A	0	0	0
H5B-O-20-05#s100r067	64	0	0	0	0	ABSTAIN	A	0	0	0
H5B-O-20-06#s100r067	64	0	0	0	0	ABSTAIN	A	0	0	0
H5B-O-20-07#s100r067	64	0	0	0	0	ABSTAIN	A	0	0	0
H5B-O-20-08#s100r067	64	0	0	0	0	ABSTAIN	A	0	0	0
H5B-O-20-09#s100r067	64	0	0	0	0	ABSTAIN	A	0	0	0
H5B-O-40-00#s100r067	64	0	0	0	0	ABSTAIN	A	0	0	0
H5B-O-40-01#s100r067	64	0	0	0	0	ABSTAIN	A	0	0	0
H5B-O-40-02#s100r067	64	0	0	0	0	ABSTAIN	A	0	0	0
H5B-O-40-03#s100r067	64	0	0	0	0	ABSTAIN	A	0	0	0
H5B-O-40-04#s100r067	64	0	0	0	0	ABSTAIN	A	0	0	0
H5B-O-40-05#s100r067	64	0	0	0	0	ABSTAIN	A	0	0	0
H5B-O-40-06#s100r067	64	0	0	0	0	ABSTAIN	A	0	0	0
H5B-O-40-07#s100r067	64	0	0	0	0	ABSTAIN	A	0	0	0
H5B-O-40-08#s100r067	64	0	0	0	0	ABSTAIN	A	0	0	0
H5B-O-40-09#s100r067	64	0	0	0	0	ABSTAIN	A	0	0	0
H5B-D-0-00#s100r067	64	0	0	0	0	RELEASE	1	660	0	0
H5B-D-0-01#s100r067	64	0	0	0	0	RELEASE	1	660	0	0
H5B-D-0-02#s100r067	64	0	0	0	0	RELEASE	1	660	0	0
H5B-D-0-03#s100r067	64	0	0	0	0	RELEASE	1	660	0	0
H5B-D-0-04#s100r067	64	0	0	0	0	RELEASE	1	661	0	0
H5B-D-0-05#s100r067	64	0	0	0	0	RELEASE	1	661	0	0
H5B-D-0-06#s100r067	64	0	0	0	0	RELEASE	1	661	0	0
H5B-D-0-07#s100r067	64	0	0	0	0	RELEASE	1	661	0	0
H5B-D-0-08#s100r067	64	0	0	0	0	RELEASE	1	661	0	0
H5B-D-0-09#s100r067	64	0	0	0	0	RELEASE	1	661	0	0
H5B-D-1-00#s100r067	64	0	0	0	0	ABSTAIN	A	0	0	0
H5B-D-1-01#s100r067	64	0	0	0	0	ABSTAIN	A	0	0	0
H5B-D-1-02#s100r067	64	0	0	0	0	ABSTAIN	A	0	0	0
H5B-D-1-03#s100r067	64	0	0	0	0	ABSTAIN	A	0	0	0
H5B-D-1-04#s100r067	64	0	0	0	0	ABSTAIN	A	0	0	0
H5B-D-1-05#s100r067	64	0	0	0	0	ABSTAIN	A	0	0	0
H5B-D-1-06#s100r067	64	0	0	0	0	ABSTAIN	A	0	0	0
H5B-D-1-07#s100r067	64	0	0	0	0	ABSTAIN	A	0	0	0
H5B-D-1-08#s100r067	64	0	0	0	0	ABSTAIN	A	0	0	0
H5B-D-1-09#s100r067	64	0	0	0	0	ABSTAIN	A	0	0	0
H5B-D-2-00#s100r067	64	0	0	0	0	ABSTAIN	A	0	0	0
H5B-D-2-01#s100r067	64	0	0	0	0	ABSTAIN	A	0	0	0
H5B-D-2-02#s100r067	64	0	0	0	0	ABSTAIN	A	0	0	0
H5B-D-2-03#s100r067	64	0	0	0	0	ABSTAIN	A	0	0	0
H5B-D-2-04#s100r067	64	0	0	0	0	ABSTAIN	A	0	0	0
H5B-D-2-05#s100r067	64	0	0	0	0	ABSTAIN	A	0	0	0
H5B-D-2-06#s100r067	64	0	0	0	0	ABSTAIN	A	0	0	0
H5B-D-2-07#s100r067	64	0	0	0	0	ABSTAIN	A	0	0	0
H5B-D-2-08#s100r067	64	0	0	0	0	ABSTAIN	A	0	0	0
H5B-D-2-09#s100r067	64	0	0	0	0	ABSTAIN	A	0	0	0
H5B-D-6-00#s100r067	64	0	0	0	0	ABSTAIN	A	0	0	0
H5B-D-6-01#s100r067	64	0	0	0	0	ABSTAIN	A	0	0	0
H5B-D-6-02#s100r067	64	0	0	0	0	ABSTAIN	A	0	0	0
H5B-D-6-03#s100r067	64	0	0	0	0	ABSTAIN	A	0	0	0
H5B-D-6-04#s100r067	64	0	0	0	0	ABSTAIN	A	0	0	0
H5B-D-6-05#s100r067	64	0	0	0	0	ABSTAIN	A	0	0	0
H5B-D-6-06#s100r067	64	0	0	0	0	ABSTAIN	A	0	0	0
H5B-D-6-07#s100r067	64	0	0	0	0	ABSTAIN	A	0	0	0
H5B-D-6-08#s100r067	64	0	0	0	0	ABSTAIN	A	0	0	0
H5B-D-6-09#s100r067	64	0	0	0	0	ABSTAIN	A	0	0	0
H5B-P-06-00#s100r068	64	0	0	0	0	ABSTAIN	A	0	0	0
H5B-P-06-01#s100r068	64	0	0	0	0	ABSTAIN	A	0	0	0
H5B-P-06-02#s100r068	64	0	0	0	0	ABSTAIN	A	0	0	0
H5B-P-06-03#s100r068	64	0	0	0	0	ABSTAIN	A	0	0	0
H5B-P-06-04#s100r068	64	0	0	0	0	ABSTAIN	A	0	0	0
H5B-P-06-05#s100r068	64	0	0	0	0	ABSTAIN	A	0	0	0
H5B-P-06-06#s100r068	64	0	0	0	0	ABSTAIN	A	0	0	0
H5B-P-06-07#s100r068	64	0	0	0	0	ABSTAIN	A	0	0	0
H5B-P-06-08#s100r068	64	0	0	0	0	ABSTAIN	A	0	0	0
H5B-P-06-09#s100r068	64	0	0	0	0	ABSTAIN	A	0	0	0
H5B-P-12-00#s100r068	64	0	0	0	0	ABSTAIN	A	0	0	0
H5B-P-12-01#s100r068	64	0	0	0	0	ABSTAIN	A	0	0	0
H5B-P-12-02#s100r068	64	0	0	0	0	ABSTAIN	A	0	0	0
H5B-P-12-03#s100r068	64	0	0	0	0	ABSTAIN	A	0	0	0
H5B-P-12-04#s100r068	64	0	0	0	0	ABSTAIN	A	0	0	0
H5B-P-12-05#s100r068	64	0	0	0	0	ABSTAIN	A	0	0	0
H5B-P-12-06#s100r068	64	0	0	0	0	ABSTAIN	A	0	0	0
H5B-P-12-07#s100r068	64	0	0	0	0	ABSTAIN	A	0	0	0
H5B-P-12-08#s100r068	64	0	0	0	0	ABSTAIN	A	0	0	0
H5B-P-12-09#s100r068	64	0	0	0	0	ABSTAIN	A	0	0	0
H5B-P-20-00#s100r068	64	0	0	0	0	ABSTAIN	A	0	0	0
H5B-P-20-01#s100r068	64	0	0	0	0	ABSTAIN	A	0	0	0
H5B-P-20-02#s100r068	64	0	0	0	0	ABSTAIN	A	0	0	0
H5B-P-20-03#s100r068	64	0	0	0	0	ABSTAIN	A	0	0	0
H5B-P-20-04#s100r068	64	0	0	0	0	ABSTAIN	A	0	0	0
H5B-P-20-05#s100r068	64	0	0	0	0	ABSTAIN	A	0	0	0
H5B-P-20-06#s100r068	64	0	0	0	0	ABSTAIN	A	0	0	0
H5B-P-20-07#s100r068	64	0	0	0	0	ABSTAIN	A	0	0	0
H5B-P-20-08#s100r068	64	0	0	0	0	ABSTAIN	A	0	0	0
H5B-P-20-09#s100r068	64	0	0	0	0	ABSTAIN	A	0	0	0
H5B-P-40-00#s100r068	64	0	0	0	0	ABSTAIN	A	0	0	0
H5B-P-40-01#s100r068	64	0	0	0	0	ABSTAIN	A	0	0	0
H5B-P-40-02#s100r068	64	0	0	0	0	ABSTAIN	A	0	0	0
H5B-P-40-03#s100r068	64	0	0	0	0	ABSTAIN	A	0	0	0
H5B-P-40-04#s100r068	64	0	0	0	0	ABSTAIN	A	0	0	0
H5B-P-40-05#s100r068	64	0	0	0	0	ABSTAIN	A	0	0	0
H5B-P-40-06#s100r068	64	0	0	0	0	ABSTAIN	A	0	0	0
H5B-P-40-07#s100r068	64	0	0	0	0	ABSTAIN	A	0	0	0
H5B-P-40-08#s100r068	64	0	0	0	0	ABSTAIN	A	0	0	0
H5B-P-40-09#s100r068	64	0	0	0	0	ABSTAIN	A	0	0	0
H5B-O-06-00#s100r068	64	0	0	0	0	ABSTAIN	A	0	0	0
H5B-O-06-01#s100r068	64	0	0	0	0	ABSTAIN	A	0	0	0
H5B-O-06-02#s100r068	64	0	0	0	0	ABSTAIN	A	0	0	0
H5B-O-06-03#s100r068	64	0	0	0	0	ABSTAIN	A	0	0	0
H5B-O-06-04#s100r068	64	0	0	0	0	ABSTAIN	A	0	0	0
H5B-O-06-05#s100r068	64	0	0	0	0	ABSTAIN	A	0	0	0
H5B-O-06-06#s100r068	64	0	0	0	0	ABSTAIN	A	0	0	0
H5B-O-06-07#s100r068	64	0	0	0	0	ABSTAIN	A	0	0	0
H5B-O-06-08#s100r068	64	0	0	0	0	ABSTAIN	A	0	0	0
H5B-O-06-09#s100r068	64	0	0	0	0	ABSTAIN	A	0	0	0
H5B-O-12-00#s100r068	64	0	0	0	0	ABSTAIN	A	0	0	0
H5B-O-12-01#s100r068	64	0	0	0	0	ABSTAIN	A	0	0	0
H5B-O-12-02#s100r068	64	0	0	0	0	ABSTAIN	A	0	0	0
H5B-O-12-03#s100r068	64	0	0	0	0	ABSTAIN	A	0	0	0
H5B-O-12-04#s100r068	64	0	0	0	0	ABSTAIN	A	0	0	0
H5B-O-12-05#s100r068	64	0	0	0	0	ABSTAIN	A	0	0	0
H5B-O-12-06#s100r068	64	0	0	0	0	ABSTAIN	A	0	0	0
H5B-O-12-07#s100r068	64	0	0	0	0	ABSTAIN	A	0	0	0
H5B-O-12-08#s100r068	64	0	0	0	0	ABSTAIN	A	0	0	0
H5B-O-12-09#s100r068	64	0	0	0	0	ABSTAIN	A	0	0	0
H5B-O-20-00#s100r068	64	0	0	0	0	ABSTAIN	A	0	0	0
H5B-O-20-01#s100r068	64	0	0	0	0	ABSTAIN	A	0	0	0
H5B-O-20-02#s100r068	64	0	0	0	0	ABSTAIN	A	0	0	0
H5B-O-20-03#s100r068	64	0	0	0	0	ABSTAIN	A	0	0	0
H5B-O-20-04#s100r068	64	0	0	0	0	ABSTAIN	A	0	0	0
H5B-O-20-05#s100r068	64	0	0	0	0	ABSTAIN	A	0	0	0
H5B-O-20-06#s100r068	64	0	0	0	0	ABSTAIN	A	0	0	0
H5B-O-20-07#s100r068	64	0	0	0	0	ABSTAIN	A	0	0	0
H5B-O-20-08#s100r068	64	0	0	0	0	ABSTAIN	A	0	0	0
H5B-O-20-09#s100r068	64	0	0	0	0	ABSTAIN	A	0	0	0
H5B-O-40-00#s100r068	64	0	0	0	0	ABSTAIN	A	0	0	0
H5B-O-40-01#s100r068	64	0	0	0	0	ABSTAIN	A	0	0	0
H5B-O-40-02#s100r068	64	0	0	0	0	ABSTAIN	A	0	0	0
H5B-O-40-03#s100r068	64	0	0	0	0	ABSTAIN	A	0	0	0
H5B-O-40-04#s100r068	64	0	0	0	0	ABSTAIN	A	0	0	0
H5B-O-40-05#s100r068	64	0	0	0	0	ABSTAIN	A	0	0	0
H5B-O-40-06#s100r068	64	0	0	0	0	ABSTAIN	A	0	0	0
H5B-O-40-07#s100r068	64	0	0	0	0	ABSTAIN	A	0	0	0
H5B-O-40-08#s100r068	64	0	0	0	0	ABSTAIN	A	0	0	0
H5B-O-40-09#s100r068	64	0	0	0	0	ABSTAIN	A	0	0	0
H5B-D-0-00#s100r068	64	0	0	0	0	RELEASE	1	660	0	0
H5B-D-0-01#s100r068	64	0	0	0	0	RELEASE	1	660	0	0
H5B-D-0-02#s100r068	64	0	0	0	0	RELEASE	1	660	0	0
H5B-D-0-03#s100r068	64	0	0	0	0	RELEASE	1	660	0	0
H5B-D-0-04#s100r068	64	0	0	0	0	RELEASE	1	661	0	0
H5B-D-0-05#s100r068	64	0	0	0	0	RELEASE	1	661	0	0
H5B-D-0-06#s100r068	64	0	0	0	0	RELEASE	1	661	0	0
H5B-D-0-07#s100r068	64	0	0	0	0	RELEASE	1	661	0	0
H5B-D-0-08#s100r068	64	0	0	0	0	RELEASE	1	661	0	0
H5B-D-0-09#s100r068	64	0	0	0	0	RELEASE	1	661	0	0
H5B-D-1-00#s100r068	64	0	0	0	0	ABSTAIN	A	0	0	0
H5B-D-1-01#s100r068	64	0	0	0	0	ABSTAIN	A	0	0	0
H5B-D-1-02#s100r068	64	0	0	0	0	ABSTAIN	A	0	0	0
H5B-D-1-03#s100r068	64	0	0	0	0	ABSTAIN	A	0	0	0
H5B-D-1-04#s100r068	64	0	0	0	0	ABSTAIN	A	0	0	0
H5B-D-1-05#s100r068	64	0	0	0	0	ABSTAIN	A	0	0	0
H5B-D-1-06#s100r068	64	0	0	0	0	ABSTAIN	A	0	0	0
H5B-D-1-07#s100r068	64	0	0	0	0	ABSTAIN	A	0	0	0
H5B-D-1-08#s100r068	64	0	0	0	0	ABSTAIN	A	0	0	0
H5B-D-1-09#s100r068	64	0	0	0	0	ABSTAIN	A	0	0	0
H5B-D-2-00#s100r068	64	0	0	0	0	ABSTAIN	A	0	0	0
H5B-D-2-01#s100r068	64	0	0	0	0	ABSTAIN	A	0	0	0
H5B-D-2-02#s100r068	64	0	0	0	0	ABSTAIN	A	0	0	0
H5B-D-2-03#s100r068	64	0	0	0	0	ABSTAIN	A	0	0	0
H5B-D-2-04#s100r068	64	0	0	0	0	ABSTAIN	A	0	0	0
H5B-D-2-05#s100r068	64	0	0	0	0	ABSTAIN	A	0	0	0
H5B-D-2-06#s100r068	64	0	0	0	0	ABSTAIN	A	0	0	0
H5B-D-2-07#s100r068	64	0	0	0	0	ABSTAIN	A	0	0	0
H5B-D-2-08#s100r068	64	0	0	0	0	ABSTAIN	A	0	0	0
H5B-D-2-09#s100r068	64	0	0	0	0	ABSTAIN	A	0	0	0
H5B-D-6-00#s100r068	64	0	0	0	0	ABSTAIN	A	0	0	0
H5B-D-6-01#s100r068	64	0	0	0	0	ABSTAIN	A	0	0	0
H5B-D-6-02#s100r068	64	0	0	0	0	ABSTAIN	A	0	0	0
H5B-D-6-03#s100r068	64	0	0	0	0	ABSTAIN	A	0	0	0
H5B-D-6-04#s100r068	64	0	0	0	0	ABSTAIN	A	0	0	0
H5B-D-6-05#s100r068	64	0	0	0	0	ABSTAIN	A	0	0	0
H5B-D-6-06#s100r068	64	0	0	0	0	ABSTAIN	A	0	0	0
H5B-D-6-07#s100r068	64	0	0	0	0	ABSTAIN	A	0	0	0
H5B-D-6-08#s100r068	64	0	0	0	0	ABSTAIN	A	0	0	0
H5B-D-6-09#s100r068	64	0	0	0	0	ABSTAIN	A	0	0	0
H5B-P-06-00#s100r069	64	0	0	0	0	ABSTAIN	A	0	0	0
H5B-P-06-01#s100r069	64	0	0	0	0	ABSTAIN	A	0	0	0
H5B-P-06-02#s100r069	64	0	0	0	0	ABSTAIN	A	0	0	0
H5B-P-06-03#s100r069	64	0	0	0	0	ABSTAIN	A	0	0	0
H5B-P-06-04#s100r069	64	0	0	0	0	ABSTAIN	A	0	0	0
H5B-P-06-05#s100r069	64	0	0	0	0	ABSTAIN	A	0	0	0
H5B-P-06-06#s100r069	64	0	0	0	0	ABSTAIN	A	0	0	0
H5B-P-06-07#s100r069	64	0	0	0	0	ABSTAIN	A	0	0	0
H5B-P-06-08#s100r069	64	0	0	0	0	ABSTAIN	A	0	0	0
H5B-P-06-09#s100r069	64	0	0	0	0	ABSTAIN	A	0	0	0
H5B-P-12-00#s100r069	64	0	0	0	0	ABSTAIN	A	0	0	0
H5B-P-12-01#s100r069	64	0	0	0	0	ABSTAIN	A	0	0	0
H5B-P-12-02#s100r069	64	0	0	0	0	ABSTAIN	A	0	0	0
H5B-P-12-03#s100r069	64	0	0	0	0	ABSTAIN	A	0	0	0
H5B-P-12-04#s100r069	64	0	0	0	0	ABSTAIN	A	0	0	0
H5B-P-12-05#s100r069	64	0	0	0	0	ABSTAIN	A	0	0	0
H5B-P-12-06#s100r069	64	0	0	0	0	ABSTAIN	A	0	0	0
H5B-P-12-07#s100r069	64	0	0	0	0	ABSTAIN	A	0	0	0
H5B-P-12-08#s100r069	64	0	0	0	0	ABSTAIN	A	0	0	0
H5B-P-12-09#s100r069	64	0	0	0	0	ABSTAIN	A	0	0	0
H5B-P-20-00#s100r069	64	0	0	0	0	ABSTAIN	A	0	0	0
H5B-P-20-01#s100r069	64	0	0	0	0	ABSTAIN	A	0	0	0
H5B-P-20-02#s100r069	64	0	0	0	0	ABSTAIN	A	0	0	0
H5B-P-20-03#s100r069	64	0	0	0	0	ABSTAIN	A	0	0	0
H5B-P-20-04#s100r069	64	0	0	0	0	ABSTAIN	A	0	0	0
H5B-P-20-05#s100r069	64	0	0	0	0	ABSTAIN	A	0	0	0
H5B-P-20-06#s100r069	64	0	0	0	0	ABSTAIN	A	0	0	0
H5B-P-20-07#s100r069	64	0	0	0	0	ABSTAIN	A	0	0	0
H5B-P-20-08#s100r069	64	0	0	0	0	ABSTAIN	A	0	0	0
H5B-P-20-09#s100r069	64	0	0	0	0	ABSTAIN	A	0	0	0
H5B-P-40-00#s100r069	64	0	0	0	0	ABSTAIN	A	0	0	0
H5B-P-40-01#s100r069	64	0	0	0	0	ABSTAIN	A	0	0	0
H5B-P-40-02#s100r069	64	0	0	0	0	ABSTAIN	A	0	0	0
H5B-P-40-03#s100r069	64	0	0	0	0	ABSTAIN	A	0	0	0
H5B-P-40-04#s100r069	64	0	0	0	0	ABSTAIN	A	0	0	0
H5B-P-40-05#s100r069	64	0	0	0	0	ABSTAIN	A	0	0	0
H5B-P-40-06#s100r069	64	0	0	0	0	ABSTAIN	A	0	0	0
H5B-P-40-07#s100r069	64	0	0	0	0	ABSTAIN	A	0	0	0
H5B-P-40-08#s100r069	64	0	0	0	0	ABSTAIN	A	0	0	0
H5B-P-40-09#s100r069	64	0	0	0	0	ABSTAIN	A	0	0	0
H5B-O-06-00#s100r069	64	0	0	0	0	ABSTAIN	A	0	0	0
H5B-O-06-01#s100r069	64	0	0	0	0	ABSTAIN	A	0	0	0
H5B-O-06-02#s100r069	64	0	0	0	0	ABSTAIN	A	0	0	0
H5B-O-06-03#s100r069	64	0	0	0	0	ABSTAIN	A	0	0	0
H5B-O-06-04#s100r069	64	0	0	0	0	ABSTAIN	A	0	0	0
H5B-O-06-05#s100r069	64	0	0	0	0	ABSTAIN	A	0	0	0
H5B-O-06-06#s100r069	64	0	0	0	0	ABSTAIN	A	0	0	0
H5B-O-06-07#s100r069	64	0	0	0	0	ABSTAIN	A	0	0	0
H5B-O-06-08#s100r069	64	0	0	0	0	ABSTAIN	A	0	0	0
H5B-O-06-09#s100r069	64	0	0	0	0	ABSTAIN	A	0	0	0
H5B-O-12-00#s100r069	64	0	0	0	0	ABSTAIN	A	0	0	0
H5B-O-12-01#s100r069	64	0	0	0	0	ABSTAIN	A	0	0	0
H5B-O-12-02#s100r069	64	0	0	0	0	ABSTAIN	A	0	0	0
H5B-O-12-03#s100r069	64	0	0	0	0	ABSTAIN	A	0	0	0
H5B-O-12-04#s100r069	64	0	0	0	0	ABSTAIN	A	0	0	0
H5B-O-12-05#s100r069	64	0	0	0	0	ABSTAIN	A	0	0	0
H5B-O-12-06#s100r069	64	0	0	0	0	ABSTAIN	A	0	0	0
H5B-O-12-07#s100r069	64	0	0	0	0	ABSTAIN	A	0	0	0
H5B-O-12-08#s100r069	64	0	0	0	0	ABSTAIN	A	0	0	0
H5B-O-12-09#s100r069	64	0	0	0	0	ABSTAIN	A	0	0	0
H5B-O-20-00#s100r069	64	0	0	0	0	ABSTAIN	A	0	0	0
H5B-O-20-01#s100r069	64	0	0	0	0	ABSTAIN	A	0	0	0
H5B-O-20-02#s100r069	64	0	0	0	0	ABSTAIN	A	0	0	0
H5B-O-20-03#s100r069	64	0	0	0	0	ABSTAIN	A	0	0	0
H5B-O-20-04#s100r069	64	0	0	0	0	ABSTAIN	A	0	0	0
H5B-O-20-05#s100r069	64	0	0	0	0	ABSTAIN	A	0	0	0
H5B-O-20-06#s100r069	64	0	0	0	0	ABSTAIN	A	0	0	0
H5B-O-20-07#s100r069	64	0	0	0	0	ABSTAIN	A	0	0	0
H5B-O-20-08#s100r069	64	0	0	0	0	ABSTAIN	A	0	0	0
H5B-O-20-09#s100r069	64	0	0	0	0	ABSTAIN	A	0	0	0
H5B-O-40-00#s100r069	64	0	0	0	0	ABSTAIN	A	0	0	0
H5B-O-40-01#s100r069	64	0	0	0	0	ABSTAIN	A	0	0	0
H5B-O-40-02#s100r069	64	0	0	0	0	ABSTAIN	A	0	0	0
H5B-O-40-03#s100r069	64	0	0	0	0	ABSTAIN	A	0	0	0
H5B-O-40-04#s100r069	64	0	0	0	0	ABSTAIN	A	0	0	0
H5B-O-40-05#s100r069	64	0	0	0	0	ABSTAIN	A	0	0	0
H5B-O-40-06#s100r069	64	0	0	0	0	ABSTAIN	A	0	0	0
H5B-O-40-07#s100r069	64	0	0	0	0	ABSTAIN	A	0	0	0
H5B-O-40-08#s100r069	64	0	0	0	0	ABSTAIN	A	0	0	0
H5B-O-40-09#s100r069	64	0	0	0	0	ABSTAIN	A	0	0	0
H5B-D-0-00#s100r069	64	0	0	0	0	RELEASE	1	660	0	0
H5B-D-0-01#s100r069	64	0	0	0	0	RELEASE	1	660	0	0
H5B-D-0-02#s100r069	64	0	0	0	0	RELEASE	1	660	0	0
H5B-D-0-03#s100r069	64	0	0	0	0	RELEASE	1	660	0	0
H5B-D-0-04#s100r069	64	0	0	0	0	RELEASE	1	661	0	0
H5B-D-0-05#s100r069	64	0	0	0	0	RELEASE	1	661	0	0
H5B-D-0-06#s100r069	64	0	0	0	0	RELEASE	1	661	0	0
H5B-D-0-07#s100r069	64	0	0	0	0	RELEASE	1	661	0	0
H5B-D-0-08#s100r069	64	0	0	0	0	RELEASE	1	661	0	0
H5B-D-0-09#s100r069	64	0	0	0	0	RELEASE	1	661	0	0
H5B-D-1-00#s100r069	64	0	0	0	0	ABSTAIN	A	0	0	0
H5B-D-1-01#s100r069	64	0	0	0	0	ABSTAIN	A	0	0	0
H5B-D-1-02#s100r069	64	0	0	0	0	ABSTAIN	A	0	0	0
H5B-D-1-03#s100r069	64	0	0	0	0	ABSTAIN	A	0	0	0
H5B-D-1-04#s100r069	64	0	0	0	0	ABSTAIN	A	0	0	0
H5B-D-1-05#s100r069	64	0	0	0	0	ABSTAIN	A	0	0	0
H5B-D-1-06#s100r069	64	0	0	0	0	ABSTAIN	A	0	0	0
H5B-D-1-07#s100r069	64	0	0	0	0	ABSTAIN	A	0	0	0
H5B-D-1-08#s100r069	64	0	0	0	0	ABSTAIN	A	0	0	0
H5B-D-1-09#s100r069	64	0	0	0	0	ABSTAIN	A	0	0	0
H5B-D-2-00#s100r069	64	0	0	0	0	ABSTAIN	A	0	0	0
H5B-D-2-01#s100r069	64	0	0	0	0	ABSTAIN	A	0	0	0
H5B-D-2-02#s100r069	64	0	0	0	0	ABSTAIN	A	0	0	0
H5B-D-2-03#s100r069	64	0	0	0	0	ABSTAIN	A	0	0	0
H5B-D-2-04#s100r069	64	0	0	0	0	ABSTAIN	A	0	0	0
H5B-D-2-05#s100r069	64	0	0	0	0	ABSTAIN	A	0	0	0
H5B-D-2-06#s100r069	64	0	0	0	0	ABSTAIN	A	0	0	0
H5B-D-2-07#s100r069	64	0	0	0	0	ABSTAIN	A	0	0	0
H5B-D-2-08#s100r069	64	0	0	0	0	ABSTAIN	A	0	0	0
H5B-D-2-09#s100r069	64	0	0	0	0	ABSTAIN	A	0	0	0
H5B-D-6-00#s100r069	64	0	0	0	0	ABSTAIN	A	0	0	0
H5B-D-6-01#s100r069	64	0	0	0	0	ABSTAIN	A	0	0	0
H5B-D-6-02#s100r069	64	0	0	0	0	ABSTAIN	A	0	0	0
H5B-D-6-03#s100r069	64	0	0	0	0	ABSTAIN	A	0	0	0
H5B-D-6-04#s100r069	64	0	0	0	0	ABSTAIN	A	0	0	0
H5B-D-6-05#s100r069	64	0	0	0	0	ABSTAIN	A	0	0	0
H5B-D-6-06#s100r069	64	0	0	0	0	ABSTAIN	A	0	0	0
H5B-D-6-07#s100r069	64	0	0	0	0	ABSTAIN	A	0	0	0
H5B-D-6-08#s100r069	64	0	0	0	0	ABSTAIN	A	0	0	0
H5B-D-6-09#s100r069	64	0	0	0	0	ABSTAIN	A	0	0	0
H5B-P-06-00#s100r070	64	0	0	0	0	ABSTAIN	A	0	0	0
H5B-P-06-01#s100r070	64	0	0	0	0	ABSTAIN	A	0	0	0
H5B-P-06-02#s100r070	64	0	0	0	0	ABSTAIN	A	0	0	0
H5B-P-06-03#s100r070	64	0	0	0	0	ABSTAIN	A	0	0	0
H5B-P-06-04#s100r070	64	0	0	0	0	ABSTAIN	A	0	0	0
H5B-P-06-05#s100r070	64	0	0	0	0	ABSTAIN	A	0	0	0
H5B-P-06-06#s100r070	64	0	0	0	0	ABSTAIN	A	0	0	0
H5B-P-06-07#s100r070	64	0	0	0	0	ABSTAIN	A	0	0	0
H5B-P-06-08#s100r070	64	0	0	0	0	ABSTAIN	A	0	0	0
H5B-P-06-09#s100r070	64	0	0	0	0	ABSTAIN	A	0	0	0
H5B-P-12-00#s100r070	64	0	0	0	0	ABSTAIN	A	0	0	0
H5B-P-12-01#s100r070	64	0	0	0	0	ABSTAIN	A	0	0	0
H5B-P-12-02#s100r070	64	0	0	0	0	ABSTAIN	A	0	0	0
H5B-P-12-03#s100r070	64	0	0	0	0	ABSTAIN	A	0	0	0
H5B-P-12-04#s100r070	64	0	0	0	0	ABSTAIN	A	0	0	0
H5B-P-12-05#s100r070	64	0	0	0	0	ABSTAIN	A	0	0	0
H5B-P-12-06#s100r070	64	0	0	0	0	ABSTAIN	A	0	0	0
H5B-P-12-07#s100r070	64	0	0	0	0	ABSTAIN	A	0	0	0
H5B-P-12-08#s100r070	64	0	0	0	0	ABSTAIN	A	0	0	0
H5B-P-12-09#s100r070	64	0	0	0	0	ABSTAIN	A	0	0	0
H5B-P-20-00#s100r070	64	0	0	0	0	ABSTAIN	A	0	0	0
H5B-P-20-01#s100r070	64	0	0	0	0	ABSTAIN	A	0	0	0
H5B-P-20-02#s100r070	64	0	0	0	0	ABSTAIN	A	0	0	0
H5B-P-20-03#s100r070	64	0	0	0	0	ABSTAIN	A	0	0	0
H5B-P-20-04#s100r070	64	0	0	0	0	ABSTAIN	A	0	0	0
H5B-P-20-05#s100r070	64	0	0	0	0	ABSTAIN	A	0	0	0
H5B-P-20-06#s100r070	64	0	0	0	0	ABSTAIN	A	0	0	0
H5B-P-20-07#s100r070	64	0	0	0	0	ABSTAIN	A	0	0	0
H5B-P-20-08#s100r070	64	0	0	0	0	ABSTAIN	A	0	0	0
H5B-P-20-09#s100r070	64	0	0	0	0	ABSTAIN	A	0	0	0
H5B-P-40-00#s100r070	64	0	0	0	0	ABSTAIN	A	0	0	0
H5B-P-40-01#s100r070	64	0	0	0	0	ABSTAIN	A	0	0	0
H5B-P-40-02#s100r070	64	0	0	0	0	ABSTAIN	A	0	0	0
H5B-P-40-03#s100r070	64	0	0	0	0	ABSTAIN	A	0	0	0
H5B-P-40-04#s100r070	64	0	0	0	0	ABSTAIN	A	0	0	0
H5B-P-40-05#s100r070	64	0	0	0	0	ABSTAIN	A	0	0	0
H5B-P-40-06#s100r070	64	0	0	0	0	ABSTAIN	A	0	0	0
H5B-P-40-07#s100r070	64	0	0	0	0	ABSTAIN	A	0	0	0
H5B-P-40-08#s100r070	64	0	0	0	0	ABSTAIN	A	0	0	0
H5B-P-40-09#s100r070	64	0	0	0	0	ABSTAIN	A	0	0	0
H5B-O-06-00#s100r070	64	0	0	0	0	ABSTAIN	A	0	0	0
H5B-O-06-01#s100r070	64	0	0	0	0	ABSTAIN	A	0	0	0
H5B-O-06-02#s100r070	64	0	0	0	0	ABSTAIN	A	0	0	0
H5B-O-06-03#s100r070	64	0	0	0	0	ABSTAIN	A	0	0	0
H5B-O-06-04#s100r070	64	0	0	0	0	ABSTAIN	A	0	0	0
H5B-O-06-05#s100r070	64	0	0	0	0	ABSTAIN	A	0	0	0
H5B-O-06-06#s100r070	64	0	0	0	0	ABSTAIN	A	0	0	0
H5B-O-06-07#s100r070	64	0	0	0	0	ABSTAIN	A	0	0	0
H5B-O-06-08#s100r070	64	0	0	0	0	ABSTAIN	A	0	0	0
H5B-O-06-09#s100r070	64	0	0	0	0	ABSTAIN	A	0	0	0
H5B-O-12-00#s100r070	64	0	0	0	0	ABSTAIN	A	0	0	0
H5B-O-12-01#s100r070	64	0	0	0	0	ABSTAIN	A	0	0	0
H5B-O-12-02#s100r070	64	0	0	0	0	ABSTAIN	A	0	0	0
H5B-O-12-03#s100r070	64	0	0	0	0	ABSTAIN	A	0	0	0
H5B-O-12-04#s100r070	64	0	0	0	0	ABSTAIN	A	0	0	0
H5B-O-12-05#s100r070	64	0	0	0	0	ABSTAIN	A	0	0	0
H5B-O-12-06#s100r070	64	0	0	0	0	ABSTAIN	A	0	0	0
H5B-O-12-07#s100r070	64	0	0	0	0	ABSTAIN	A	0	0	0
H5B-O-12-08#s100r070	64	0	0	0	0	ABSTAIN	A	0	0	0
H5B-O-12-09#s100r070	64	0	0	0	0	ABSTAIN	A	0	0	0
H5B-O-20-00#s100r070	64	0	0	0	0	ABSTAIN	A	0	0	0
H5B-O-20-01#s100r070	64	0	0	0	0	ABSTAIN	A	0	0	0
H5B-O-20-02#s100r070	64	0	0	0	0	ABSTAIN	A	0	0	0
H5B-O-20-03#s100r070	64	0	0	0	0	ABSTAIN	A	0	0	0
H5B-O-20-04#s100r070	64	0	0	0	0	ABSTAIN	A	0	0	0
H5B-O-20-05#s100r070	64	0	0	0	0	ABSTAIN	A	0	0	0
H5B-O-20-06#s100r070	64	0	0	0	0	ABSTAIN	A	0	0	0
H5B-O-20-07#s100r070	64	0	0	0	0	ABSTAIN	A	0	0	0
H5B-O-20-08#s100r070	64	0	0	0	0	ABSTAIN	A	0	0	0
H5B-O-20-09#s100r070	64	0	0	0	0	ABSTAIN	A	0	0	0
H5B-O-40-00#s100r070	64	0	0	0	0	ABSTAIN	A	0	0	0
H5B-O-40-01#s100r070	64	0	0	0	0	ABSTAIN	A	0	0	0
H5B-O-40-02#s100r070	64	0	0	0	0	ABSTAIN	A	0	0	0
H5B-O-40-03#s100r070	64	0	0	0	0	ABSTAIN	A	0	0	0
H5B-O-40-04#s100r070	64	0	0	0	0	ABSTAIN	A	0	0	0
H5B-O-40-05#s100r070	64	0	0	0	0	ABSTAIN	A	0	0	0
H5B-O-40-06#s100r070	64	0	0	0	0	ABSTAIN	A	0	0	0
H5B-O-40-07#s100r070	64	0	0	0	0	ABSTAIN	A	0	0	0
H5B-O-40-08#s100r070	64	0	0	0	0	ABSTAIN	A	0	0	0
H5B-O-40-09#s100r070	64	0	0	0	0	ABSTAIN	A	0	0	0
H5B-D-0-00#s100r070	64	0	0	0	0	RELEASE	1	660	0	0
H5B-D-0-01#s100r070	64	0	0	0	0	RELEASE	1	660	0	0
H5B-D-0-02#s100r070	64	0	0	0	0	RELEASE	1	660	0	0
H5B-D-0-03#s100r070	64	0	0	0	0	RELEASE	1	660	0	0
H5B-D-0-04#s100r070	64	0	0	0	0	RELEASE	1	660	0	0
H5B-D-0-05#s100r070	64	0	0	0	0	RELEASE	1	661	0	0
H5B-D-0-06#s100r070	64	0	0	0	0	RELEASE	1	661	0	0
H5B-D-0-07#s100r070	64	0	0	0	0	RELEASE	1	661	0	0
H5B-D-0-08#s100r070	64	0	0	0	0	RELEASE	1	661	0	0
H5B-D-0-09#s100r070	64	0	0	0	0	RELEASE	1	661	0	0
H5B-D-1-00#s100r070	64	0	0	0	0	ABSTAIN	A	0	0	0
H5B-D-1-01#s100r070	64	0	0	0	0	ABSTAIN	A	0	0	0
H5B-D-1-02#s100r070	64	0	0	0	0	ABSTAIN	A	0	0	0
H5B-D-1-03#s100r070	64	0	0	0	0	ABSTAIN	A	0	0	0
H5B-D-1-04#s100r070	64	0	0	0	0	ABSTAIN	A	0	0	0
H5B-D-1-05#s100r070	64	0	0	0	0	ABSTAIN	A	0	0	0
H5B-D-1-06#s100r070	64	0	0	0	0	ABSTAIN	A	0	0	0
H5B-D-1-07#s100r070	64	0	0	0	0	ABSTAIN	A	0	0	0
H5B-D-1-08#s100r070	64	0	0	0	0	ABSTAIN	A	0	0	0
H5B-D-1-09#s100r070	64	0	0	0	0	ABSTAIN	A	0	0	0
H5B-D-2-00#s100r070	64	0	0	0	0	ABSTAIN	A	0	0	0
H5B-D-2-01#s100r070	64	0	0	0	0	ABSTAIN	A	0	0	0
H5B-D-2-02#s100r070	64	0	0	0	0	ABSTAIN	A	0	0	0
H5B-D-2-03#s100r070	64	0	0	0	0	ABSTAIN	A	0	0	0
H5B-D-2-04#s100r070	64	0	0	0	0	ABSTAIN	A	0	0	0
H5B-D-2-05#s100r070	64	0	0	0	0	ABSTAIN	A	0	0	0
H5B-D-2-06#s100r070	64	0	0	0	0	ABSTAIN	A	0	0	0
H5B-D-2-07#s100r070	64	0	0	0	0	ABSTAIN	A	0	0	0
H5B-D-2-08#s100r070	64	0	0	0	0	ABSTAIN	A	0	0	0
H5B-D-2-09#s100r070	64	0	0	0	0	ABSTAIN	A	0	0	0
H5B-D-6-00#s100r070	64	0	0	0	0	ABSTAIN	A	0	0	0
H5B-D-6-01#s100r070	64	0	0	0	0	ABSTAIN	A	0	0	0
H5B-D-6-02#s100r070	64	0	0	0	0	ABSTAIN	A	0	0	0
H5B-D-6-03#s100r070	64	0	0	0	0	ABSTAIN	A	0	0	0
H5B-D-6-04#s100r070	64	0	0	0	0	ABSTAIN	A	0	0	0
H5B-D-6-05#s100r070	64	0	0	0	0	ABSTAIN	A	0	0	0
H5B-D-6-06#s100r070	64	0	0	0	0	ABSTAIN	A	0	0	0
H5B-D-6-07#s100r070	64	0	0	0	0	ABSTAIN	A	0	0	0
H5B-D-6-08#s100r070	64	0	0	0	0	ABSTAIN	A	0	0	0
H5B-D-6-09#s100r070	64	0	0	0	0	ABSTAIN	A	0	0	0
H5B-P-06-00#s100r071	64	0	0	0	0	ABSTAIN	A	0	0	0
H5B-P-06-01#s100r071	64	0	0	0	0	ABSTAIN	A	0	0	0
H5B-P-06-02#s100r071	64	0	0	0	0	ABSTAIN	A	0	0	0
H5B-P-06-03#s100r071	64	0	0	0	0	ABSTAIN	A	0	0	0
H5B-P-06-04#s100r071	64	0	0	0	0	ABSTAIN	A	0	0	0
H5B-P-06-05#s100r071	64	0	0	0	0	ABSTAIN	A	0	0	0
H5B-P-06-06#s100r071	64	0	0	0	0	ABSTAIN	A	0	0	0
H5B-P-06-07#s100r071	64	0	0	0	0	ABSTAIN	A	0	0	0
H5B-P-06-08#s100r071	64	0	0	0	0	ABSTAIN	A	0	0	0
H5B-P-06-09#s100r071	64	0	0	0	0	ABSTAIN	A	0	0	0
H5B-P-12-00#s100r071	64	0	0	0	0	ABSTAIN	A	0	0	0
H5B-P-12-01#s100r071	64	0	0	0	0	ABSTAIN	A	0	0	0
H5B-P-12-02#s100r071	64	0	0	0	0	ABSTAIN	A	0	0	0
H5B-P-12-03#s100r071	64	0	0	0	0	ABSTAIN	A	0	0	0
H5B-P-12-04#s100r071	64	0	0	0	0	ABSTAIN	A	0	0	0
H5B-P-12-05#s100r071	64	0	0	0	0	ABSTAIN	A	0	0	0
H5B-P-12-06#s100r071	64	0	0	0	0	ABSTAIN	A	0	0	0
H5B-P-12-07#s100r071	64	0	0	0	0	ABSTAIN	A	0	0	0
H5B-P-12-08#s100r071	64	0	0	0	0	ABSTAIN	A	0	0	0
H5B-P-12-09#s100r071	64	0	0	0	0	ABSTAIN	A	0	0	0
H5B-P-20-00#s100r071	64	0	0	0	0	ABSTAIN	A	0	0	0
H5B-P-20-01#s100r071	64	0	0	0	0	ABSTAIN	A	0	0	0
H5B-P-20-02#s100r071	64	0	0	0	0	ABSTAIN	A	0	0	0
H5B-P-20-03#s100r071	64	0	0	0	0	ABSTAIN	A	0	0	0
H5B-P-20-04#s100r071	64	0	0	0	0	ABSTAIN	A	0	0	0
H5B-P-20-05#s100r071	64	0	0	0	0	ABSTAIN	A	0	0	0
H5B-P-20-06#s100r071	64	0	0	0	0	ABSTAIN	A	0	0	0
H5B-P-20-07#s100r071	64	0	0	0	0	ABSTAIN	A	0	0	0
H5B-P-20-08#s100r071	64	0	0	0	0	ABSTAIN	A	0	0	0
H5B-P-20-09#s100r071	64	0	0	0	0	ABSTAIN	A	0	0	0
H5B-P-40-00#s100r071	64	0	0	0	0	ABSTAIN	A	0	0	0
H5B-P-40-01#s100r071	64	0	0	0	0	ABSTAIN	A	0	0	0
H5B-P-40-02#s100r071	64	0	0	0	0	ABSTAIN	A	0	0	0
H5B-P-40-03#s100r071	64	0	0	0	0	ABSTAIN	A	0	0	0
H5B-P-40-04#s100r071	64	0	0	0	0	ABSTAIN	A	0	0	0
H5B-P-40-05#s100r071	64	0	0	0	0	ABSTAIN	A	0	0	0
H5B-P-40-06#s100r071	64	0	0	0	0	ABSTAIN	A	0	0	0
H5B-P-40-07#s100r071	64	0	0	0	0	ABSTAIN	A	0	0	0
H5B-P-40-08#s100r071	64	0	0	0	0	ABSTAIN	A	0	0	0
H5B-P-40-09#s100r071	64	0	0	0	0	ABSTAIN	A	0	0	0
H5B-O-06-00#s100r071	64	0	0	0	0	ABSTAIN	A	0	0	0
H5B-O-06-01#s100r071	64	0	0	0	0	ABSTAIN	A	0	0	0
H5B-O-06-02#s100r071	64	0	0	0	0	ABSTAIN	A	0	0	0
H5B-O-06-03#s100r071	64	0	0	0	0	ABSTAIN	A	0	0	0
H5B-O-06-04#s100r071	64	0	0	0	0	ABSTAIN	A	0	0	0
H5B-O-06-05#s100r071	64	0	0	0	0	ABSTAIN	A	0	0	0
H5B-O-06-06#s100r071	64	0	0	0	0	ABSTAIN	A	0	0	0
H5B-O-06-07#s100r071	64	0	0	0	0	ABSTAIN	A	0	0	0
H5B-O-06-08#s100r071	64	0	0	0	0	ABSTAIN	A	0	0	0
H5B-O-06-09#s100r071	64	0	0	0	0	ABSTAIN	A	0	0	0
H5B-O-12-00#s100r071	64	0	0	0	0	ABSTAIN	A	0	0	0
H5B-O-12-01#s100r071	64	0	0	0	0	ABSTAIN	A	0	0	0
H5B-O-12-02#s100r071	64	0	0	0	0	ABSTAIN	A	0	0	0
H5B-O-12-03#s100r071	64	0	0	0	0	ABSTAIN	A	0	0	0
H5B-O-12-04#s100r071	64	0	0	0	0	ABSTAIN	A	0	0	0
H5B-O-12-05#s100r071	64	0	0	0	0	ABSTAIN	A	0	0	0
H5B-O-12-06#s100r071	64	0	0	0	0	ABSTAIN	A	0	0	0
H5B-O-12-07#s100r071	64	0	0	0	0	ABSTAIN	A	0	0	0
H5B-O-12-08#s100r071	64	0	0	0	0	ABSTAIN	A	0	0	0
H5B-O-12-09#s100r071	64	0	0	0	0	ABSTAIN	A	0	0	0
H5B-O-20-00#s100r071	64	0	0	0	0	ABSTAIN	A	0	0	0
H5B-O-20-01#s100r071	64	0	0	0	0	ABSTAIN	A	0	0	0
H5B-O-20-02#s100r071	64	0	0	0	0	ABSTAIN	A	0	0	0
H5B-O-20-03#s100r071	64	0	0	0	0	ABSTAIN	A	0	0	0
H5B-O-20-04#s100r071	64	0	0	0	0	ABSTAIN	A	0	0	0
H5B-O-20-05#s100r071	64	0	0	0	0	ABSTAIN	A	0	0	0
H5B-O-20-06#s100r071	64	0	0	0	0	ABSTAIN	A	0	0	0
H5B-O-20-07#s100r071	64	0	0	0	0	ABSTAIN	A	0	0	0
H5B-O-20-08#s100r071	64	0	0	0	0	ABSTAIN	A	0	0	0
H5B-O-20-09#s100r071	64	0	0	0	0	ABSTAIN	A	0	0	0
H5B-O-40-00#s100r071	64	0	0	0	0	ABSTAIN	A	0	0	0
H5B-O-40-01#s100r071	64	0	0	0	0	ABSTAIN	A	0	0	0
H5B-O-40-02#s100r071	64	0	0	0	0	ABSTAIN	A	0	0	0
H5B-O-40-03#s100r071	64	0	0	0	0	ABSTAIN	A	0	0	0
H5B-O-40-04#s100r071	64	0	0	0	0	ABSTAIN	A	0	0	0
H5B-O-40-05#s100r071	64	0	0	0	0	ABSTAIN	A	0	0	0
H5B-O-40-06#s100r071	64	0	0	0	0	ABSTAIN	A	0	0	0
H5B-O-40-07#s100r071	64	0	0	0	0	ABSTAIN	A	0	0	0
H5B-O-40-08#s100r071	64	0	0	0	0	ABSTAIN	A	0	0	0
H5B-O-40-09#s100r071	64	0	0	0	0	ABSTAIN	A	0	0	0
H5B-D-0-00#s100r071	64	0	0	0	0	RELEASE	1	660	0	0
H5B-D-0-01#s100r071	64	0	0	0	0	RELEASE	1	660	0	0
H5B-D-0-02#s100r071	64	0	0	0	0	RELEASE	1	660	0	0
H5B-D-0-03#s100r071	64	0	0	0	0	RELEASE	1	660	0	0
H5B-D-0-04#s100r071	64	0	0	0	0	RELEASE	1	660	0	0
H5B-D-0-05#s100r071	64	0	0	0	0	RELEASE	1	661	0	0
H5B-D-0-06#s100r071	64	0	0	0	0	RELEASE	1	661	0	0
H5B-D-0-07#s100r071	64	0	0	0	0	RELEASE	1	661	0	0
H5B-D-0-08#s100r071	64	0	0	0	0	RELEASE	1	661	0	0
H5B-D-0-09#s100r071	64	0	0	0	0	RELEASE	1	661	0	0
H5B-D-1-00#s100r071	64	0	0	0	0	ABSTAIN	A	0	0	0
H5B-D-1-01#s100r071	64	0	0	0	0	ABSTAIN	A	0	0	0
H5B-D-1-02#s100r071	64	0	0	0	0	ABSTAIN	A	0	0	0
H5B-D-1-03#s100r071	64	0	0	0	0	ABSTAIN	A	0	0	0
H5B-D-1-04#s100r071	64	0	0	0	0	ABSTAIN	A	0	0	0
H5B-D-1-05#s100r071	64	0	0	0	0	ABSTAIN	A	0	0	0
H5B-D-1-06#s100r071	64	0	0	0	0	ABSTAIN	A	0	0	0
H5B-D-1-07#s100r071	64	0	0	0	0	ABSTAIN	A	0	0	0
H5B-D-1-08#s100r071	64	0	0	0	0	ABSTAIN	A	0	0	0
H5B-D-1-09#s100r071	64	0	0	0	0	ABSTAIN	A	0	0	0
H5B-D-2-00#s100r071	64	0	0	0	0	ABSTAIN	A	0	0	0
H5B-D-2-01#s100r071	64	0	0	0	0	ABSTAIN	A	0	0	0
H5B-D-2-02#s100r071	64	0	0	0	0	ABSTAIN	A	0	0	0
H5B-D-2-03#s100r071	64	0	0	0	0	ABSTAIN	A	0	0	0
H5B-D-2-04#s100r071	64	0	0	0	0	ABSTAIN	A	0	0	0
H5B-D-2-05#s100r071	64	0	0	0	0	ABSTAIN	A	0	0	0
H5B-D-2-06#s100r071	64	0	0	0	0	ABSTAIN	A	0	0	0
H5B-D-2-07#s100r071	64	0	0	0	0	ABSTAIN	A	0	0	0
H5B-D-2-08#s100r071	64	0	0	0	0	ABSTAIN	A	0	0	0
H5B-D-2-09#s100r071	64	0	0	0	0	ABSTAIN	A	0	0	0
H5B-D-6-00#s100r071	64	0	0	0	0	ABSTAIN	A	0	0	0
H5B-D-6-01#s100r071	64	0	0	0	0	ABSTAIN	A	0	0	0
H5B-D-6-02#s100r071	64	0	0	0	0	ABSTAIN	A	0	0	0
H5B-D-6-03#s100r071	64	0	0	0	0	ABSTAIN	A	0	0	0
H5B-D-6-04#s100r071	64	0	0	0	0	ABSTAIN	A	0	0	0
H5B-D-6-05#s100r071	64	0	0	0	0	ABSTAIN	A	0	0	0
H5B-D-6-06#s100r071	64	0	0	0	0	ABSTAIN	A	0	0	0
H5B-D-6-07#s100r071	64	0	0	0	0	ABSTAIN	A	0	0	0
H5B-D-6-08#s100r071	64	0	0	0	0	ABSTAIN	A	0	0	0
H5B-D-6-09#s100r071	64	0	0	0	0	ABSTAIN	A	0	0	0
H5B-P-06-00#s100r072	64	0	0	0	0	ABSTAIN	A	0	0	0
H5B-P-06-01#s100r072	64	0	0	0	0	ABSTAIN	A	0	0	0
H5B-P-06-02#s100r072	64	0	0	0	0	ABSTAIN	A	0	0	0
H5B-P-06-03#s100r072	64	0	0	0	0	ABSTAIN	A	0	0	0
H5B-P-06-04#s100r072	64	0	0	0	0	ABSTAIN	A	0	0	0
H5B-P-06-05#s100r072	64	0	0	0	0	ABSTAIN	A	0	0	0
H5B-P-06-06#s100r072	64	0	0	0	0	ABSTAIN	A	0	0	0
H5B-P-06-07#s100r072	64	0	0	0	0	ABSTAIN	A	0	0	0
H5B-P-06-08#s100r072	64	0	0	0	0	ABSTAIN	A	0	0	0
H5B-P-06-09#s100r072	64	0	0	0	0	ABSTAIN	A	0	0	0
H5B-P-12-00#s100r072	64	0	0	0	0	ABSTAIN	A	0	0	0
H5B-P-12-01#s100r072	64	0	0	0	0	ABSTAIN	A	0	0	0
H5B-P-12-02#s100r072	64	0	0	0	0	ABSTAIN	A	0	0	0
H5B-P-12-03#s100r072	64	0	0	0	0	ABSTAIN	A	0	0	0
H5B-P-12-04#s100r072	64	0	0	0	0	ABSTAIN	A	0	0	0
H5B-P-12-05#s100r072	64	0	0	0	0	ABSTAIN	A	0	0	0
H5B-P-12-06#s100r072	64	0	0	0	0	ABSTAIN	A	0	0	0
H5B-P-12-07#s100r072	64	0	0	0	0	ABSTAIN	A	0	0	0
H5B-P-12-08#s100r072	64	0	0	0	0	ABSTAIN	A	0	0	0
H5B-P-12-09#s100r072	64	0	0	0	0	ABSTAIN	A	0	0	0
H5B-P-20-00#s100r072	64	0	0	0	0	ABSTAIN	A	0	0	0
H5B-P-20-01#s100r072	64	0	0	0	0	ABSTAIN	A	0	0	0
H5B-P-20-02#s100r072	64	0	0	0	0	ABSTAIN	A	0	0	0
H5B-P-20-03#s100r072	64	0	0	0	0	ABSTAIN	A	0	0	0
H5B-P-20-04#s100r072	64	0	0	0	0	ABSTAIN	A	0	0	0
H5B-P-20-05#s100r072	64	0	0	0	0	ABSTAIN	A	0	0	0
H5B-P-20-06#s100r072	64	0	0	0	0	ABSTAIN	A	0	0	0
H5B-P-20-07#s100r072	64	0	0	0	0	ABSTAIN	A	0	0	0
H5B-P-20-08#s100r072	64	0	0	0	0	ABSTAIN	A	0	0	0
H5B-P-20-09#s100r072	64	0	0	0	0	ABSTAIN	A	0	0	0
H5B-P-40-00#s100r072	64	0	0	0	0	ABSTAIN	A	0	0	0
H5B-P-40-01#s100r072	64	0	0	0	0	ABSTAIN	A	0	0	0
H5B-P-40-02#s100r072	64	0	0	0	0	ABSTAIN	A	0	0	0
H5B-P-40-03#s100r072	64	0	0	0	0	ABSTAIN	A	0	0	0
H5B-P-40-04#s100r072	64	0	0	0	0	ABSTAIN	A	0	0	0
H5B-P-40-05#s100r072	64	0	0	0	0	ABSTAIN	A	0	0	0
H5B-P-40-06#s100r072	64	0	0	0	0	ABSTAIN	A	0	0	0
H5B-P-40-07#s100r072	64	0	0	0	0	ABSTAIN	A	0	0	0
H5B-P-40-08#s100r072	64	0	0	0	0	ABSTAIN	A	0	0	0
H5B-P-40-09#s100r072	64	0	0	0	0	ABSTAIN	A	0	0	0
H5B-O-06-00#s100r072	64	0	0	0	0	ABSTAIN	A	0	0	0
H5B-O-06-01#s100r072	64	0	0	0	0	ABSTAIN	A	0	0	0
H5B-O-06-02#s100r072	64	0	0	0	0	ABSTAIN	A	0	0	0
H5B-O-06-03#s100r072	64	0	0	0	0	ABSTAIN	A	0	0	0
H5B-O-06-04#s100r072	64	0	0	0	0	ABSTAIN	A	0	0	0
H5B-O-06-05#s100r072	64	0	0	0	0	ABSTAIN	A	0	0	0
H5B-O-06-06#s100r072	64	0	0	0	0	ABSTAIN	A	0	0	0
H5B-O-06-07#s100r072	64	0	0	0	0	ABSTAIN	A	0	0	0
H5B-O-06-08#s100r072	64	0	0	0	0	ABSTAIN	A	0	0	0
H5B-O-06-09#s100r072	64	0	0	0	0	ABSTAIN	A	0	0	0
H5B-O-12-00#s100r072	64	0	0	0	0	ABSTAIN	A	0	0	0
H5B-O-12-01#s100r072	64	0	0	0	0	ABSTAIN	A	0	0	0
H5B-O-12-02#s100r072	64	0	0	0	0	ABSTAIN	A	0	0	0
H5B-O-12-03#s100r072	64	0	0	0	0	ABSTAIN	A	0	0	0
H5B-O-12-04#s100r072	64	0	0	0	0	ABSTAIN	A	0	0	0
H5B-O-12-05#s100r072	64	0	0	0	0	ABSTAIN	A	0	0	0
H5B-O-12-06#s100r072	64	0	0	0	0	ABSTAIN	A	0	0	0
H5B-O-12-07#s100r072	64	0	0	0	0	ABSTAIN	A	0	0	0
H5B-O-12-08#s100r072	64	0	0	0	0	ABSTAIN	A	0	0	0
H5B-O-12-09#s100r072	64	0	0	0	0	ABSTAIN	A	0	0	0
H5B-O-20-00#s100r072	64	0	0	0	0	ABSTAIN	A	0	0	0
H5B-O-20-01#s100r072	64	0	0	0	0	ABSTAIN	A	0	0	0
H5B-O-20-02#s100r072	64	0	0	0	0	ABSTAIN	A	0	0	0
H5B-O-20-03#s100r072	64	0	0	0	0	ABSTAIN	A	0	0	0
H5B-O-20-04#s100r072	64	0	0	0	0	ABSTAIN	A	0	0	0
H5B-O-20-05#s100r072	64	0	0	0	0	ABSTAIN	A	0	0	0
H5B-O-20-06#s100r072	64	0	0	0	0	ABSTAIN	A	0	0	0
H5B-O-20-07#s100r072	64	0	0	0	0	ABSTAIN	A	0	0	0
H5B-O-20-08#s100r072	64	0	0	0	0	ABSTAIN	A	0	0	0
H5B-O-20-09#s100r072	64	0	0	0	0	ABSTAIN	A	0	0	0
H5B-O-40-00#s100r072	64	0	0	0	0	ABSTAIN	A	0	0	0
H5B-O-40-01#s100r072	64	0	0	0	0	ABSTAIN	A	0	0	0
H5B-O-40-02#s100r072	64	0	0	0	0	ABSTAIN	A	0	0	0
H5B-O-40-03#s100r072	64	0	0	0	0	ABSTAIN	A	0	0	0
H5B-O-40-04#s100r072	64	0	0	0	0	ABSTAIN	A	0	0	0
H5B-O-40-05#s100r072	64	0	0	0	0	ABSTAIN	A	0	0	0
H5B-O-40-06#s100r072	64	0	0	0	0	ABSTAIN	A	0	0	0
H5B-O-40-07#s100r072	64	0	0	0	0	ABSTAIN	A	0	0	0
H5B-O-40-08#s100r072	64	0	0	0	0	ABSTAIN	A	0	0	0
H5B-O-40-09#s100r072	64	0	0	0	0	ABSTAIN	A	0	0	0
H5B-D-0-00#s100r072	64	0	0	0	0	RELEASE	1	660	0	0
H5B-D-0-01#s100r072	64	0	0	0	0	RELEASE	1	660	0	0
H5B-D-0-02#s100r072	64	0	0	0	0	RELEASE	1	660	0	0
H5B-D-0-03#s100r072	64	0	0	0	0	RELEASE	1	660	0	0
H5B-D-0-04#s100r072	64	0	0	0	0	RELEASE	1	660	0	0
H5B-D-0-05#s100r072	64	0	0	0	0	RELEASE	1	660	0	0
H5B-D-0-06#s100r072	64	0	0	0	0	RELEASE	1	661	0	0
H5B-D-0-07#s100r072	64	0	0	0	0	RELEASE	1	661	0	0
H5B-D-0-08#s100r072	64	0	0	0	0	RELEASE	1	661	0	0
H5B-D-0-09#s100r072	64	0	0	0	0	RELEASE	1	661	0	0
H5B-D-1-00#s100r072	64	0	0	0	0	ABSTAIN	A	0	0	0
H5B-D-1-01#s100r072	64	0	0	0	0	ABSTAIN	A	0	0	0
H5B-D-1-02#s100r072	64	0	0	0	0	ABSTAIN	A	0	0	0
H5B-D-1-03#s100r072	64	0	0	0	0	ABSTAIN	A	0	0	0
H5B-D-1-04#s100r072	64	0	0	0	0	ABSTAIN	A	0	0	0
H5B-D-1-05#s100r072	64	0	0	0	0	ABSTAIN	A	0	0	0
H5B-D-1-06#s100r072	64	0	0	0	0	ABSTAIN	A	0	0	0
H5B-D-1-07#s100r072	64	0	0	0	0	ABSTAIN	A	0	0	0
H5B-D-1-08#s100r072	64	0	0	0	0	ABSTAIN	A	0	0	0
H5B-D-1-09#s100r072	64	0	0	0	0	ABSTAIN	A	0	0	0
H5B-D-2-00#s100r072	64	0	0	0	0	ABSTAIN	A	0	0	0
H5B-D-2-01#s100r072	64	0	0	0	0	ABSTAIN	A	0	0	0
H5B-D-2-02#s100r072	64	0	0	0	0	ABSTAIN	A	0	0	0
H5B-D-2-03#s100r072	64	0	0	0	0	ABSTAIN	A	0	0	0
H5B-D-2-04#s100r072	64	0	0	0	0	ABSTAIN	A	0	0	0
H5B-D-2-05#s100r072	64	0	0	0	0	ABSTAIN	A	0	0	0
H5B-D-2-06#s100r072	64	0	0	0	0	ABSTAIN	A	0	0	0
H5B-D-2-07#s100r072	64	0	0	0	0	ABSTAIN	A	0	0	0
H5B-D-2-08#s100r072	64	0	0	0	0	ABSTAIN	A	0	0	0
H5B-D-2-09#s100r072	64	0	0	0	0	ABSTAIN	A	0	0	0
H5B-D-6-00#s100r072	64	0	0	0	0	ABSTAIN	A	0	0	0
H5B-D-6-01#s100r072	64	0	0	0	0	ABSTAIN	A	0	0	0
H5B-D-6-02#s100r072	64	0	0	0	0	ABSTAIN	A	0	0	0
H5B-D-6-03#s100r072	64	0	0	0	0	ABSTAIN	A	0	0	0
H5B-D-6-04#s100r072	64	0	0	0	0	ABSTAIN	A	0	0	0
H5B-D-6-05#s100r072	64	0	0	0	0	ABSTAIN	A	0	0	0
H5B-D-6-06#s100r072	64	0	0	0	0	ABSTAIN	A	0	0	0
H5B-D-6-07#s100r072	64	0	0	0	0	ABSTAIN	A	0	0	0
H5B-D-6-08#s100r072	64	0	0	0	0	ABSTAIN	A	0	0	0
H5B-D-6-09#s100r072	64	0	0	0	0	ABSTAIN	A	0	0	0
H5B-P-06-00#s100r073	64	0	0	0	0	ABSTAIN	A	0	0	0
H5B-P-06-01#s100r073	64	0	0	0	0	ABSTAIN	A	0	0	0
H5B-P-06-02#s100r073	64	0	0	0	0	ABSTAIN	A	0	0	0
H5B-P-06-03#s100r073	64	0	0	0	0	ABSTAIN	A	0	0	0
H5B-P-06-04#s100r073	64	0	0	0	0	ABSTAIN	A	0	0	0
H5B-P-06-05#s100r073	64	0	0	0	0	ABSTAIN	A	0	0	0
H5B-P-06-06#s100r073	64	0	0	0	0	ABSTAIN	A	0	0	0
H5B-P-06-07#s100r073	64	0	0	0	0	ABSTAIN	A	0	0	0
H5B-P-06-08#s100r073	64	0	0	0	0	ABSTAIN	A	0	0	0
H5B-P-06-09#s100r073	64	0	0	0	0	ABSTAIN	A	0	0	0
H5B-P-12-00#s100r073	64	0	0	0	0	ABSTAIN	A	0	0	0
H5B-P-12-01#s100r073	64	0	0	0	0	ABSTAIN	A	0	0	0
H5B-P-12-02#s100r073	64	0	0	0	0	ABSTAIN	A	0	0	0
H5B-P-12-03#s100r073	64	0	0	0	0	ABSTAIN	A	0	0	0
H5B-P-12-04#s100r073	64	0	0	0	0	ABSTAIN	A	0	0	0
H5B-P-12-05#s100r073	64	0	0	0	0	ABSTAIN	A	0	0	0
H5B-P-12-06#s100r073	64	0	0	0	0	ABSTAIN	A	0	0	0
H5B-P-12-07#s100r073	64	0	0	0	0	ABSTAIN	A	0	0	0
H5B-P-12-08#s100r073	64	0	0	0	0	ABSTAIN	A	0	0	0
H5B-P-12-09#s100r073	64	0	0	0	0	ABSTAIN	A	0	0	0
H5B-P-20-00#s100r073	64	0	0	0	0	ABSTAIN	A	0	0	0
H5B-P-20-01#s100r073	64	0	0	0	0	ABSTAIN	A	0	0	0
H5B-P-20-02#s100r073	64	0	0	0	0	ABSTAIN	A	0	0	0
H5B-P-20-03#s100r073	64	0	0	0	0	ABSTAIN	A	0	0	0
H5B-P-20-04#s100r073	64	0	0	0	0	ABSTAIN	A	0	0	0
H5B-P-20-05#s100r073	64	0	0	0	0	ABSTAIN	A	0	0	0
H5B-P-20-06#s100r073	64	0	0	0	0	ABSTAIN	A	0	0	0
H5B-P-20-07#s100r073	64	0	0	0	0	ABSTAIN	A	0	0	0
H5B-P-20-08#s100r073	64	0	0	0	0	ABSTAIN	A	0	0	0
H5B-P-20-09#s100r073	64	0	0	0	0	ABSTAIN	A	0	0	0
H5B-P-40-00#s100r073	64	0	0	0	0	ABSTAIN	A	0	0	0
H5B-P-40-01#s100r073	64	0	0	0	0	ABSTAIN	A	0	0	0
H5B-P-40-02#s100r073	64	0	0	0	0	ABSTAIN	A	0	0	0
H5B-P-40-03#s100r073	64	0	0	0	0	ABSTAIN	A	0	0	0
H5B-P-40-04#s100r073	64	0	0	0	0	ABSTAIN	A	0	0	0
H5B-P-40-05#s100r073	64	0	0	0	0	ABSTAIN	A	0	0	0
H5B-P-40-06#s100r073	64	0	0	0	0	ABSTAIN	A	0	0	0
H5B-P-40-07#s100r073	64	0	0	0	0	ABSTAIN	A	0	0	0
H5B-P-40-08#s100r073	64	0	0	0	0	ABSTAIN	A	0	0	0
H5B-P-40-09#s100r073	64	0	0	0	0	ABSTAIN	A	0	0	0
H5B-O-06-00#s100r073	64	0	0	0	0	ABSTAIN	A	0	0	0
H5B-O-06-01#s100r073	64	0	0	0	0	ABSTAIN	A	0	0	0
H5B-O-06-02#s100r073	64	0	0	0	0	ABSTAIN	A	0	0	0
H5B-O-06-03#s100r073	64	0	0	0	0	ABSTAIN	A	0	0	0
H5B-O-06-04#s100r073	64	0	0	0	0	ABSTAIN	A	0	0	0
H5B-O-06-05#s100r073	64	0	0	0	0	ABSTAIN	A	0	0	0
H5B-O-06-06#s100r073	64	0	0	0	0	ABSTAIN	A	0	0	0
H5B-O-06-07#s100r073	64	0	0	0	0	ABSTAIN	A	0	0	0
H5B-O-06-08#s100r073	64	0	0	0	0	ABSTAIN	A	0	0	0
H5B-O-06-09#s100r073	64	0	0	0	0	ABSTAIN	A	0	0	0
H5B-O-12-00#s100r073	64	0	0	0	0	ABSTAIN	A	0	0	0
H5B-O-12-01#s100r073	64	0	0	0	0	ABSTAIN	A	0	0	0
H5B-O-12-02#s100r073	64	0	0	0	0	ABSTAIN	A	0	0	0
H5B-O-12-03#s100r073	64	0	0	0	0	ABSTAIN	A	0	0	0
H5B-O-12-04#s100r073	64	0	0	0	0	ABSTAIN	A	0	0	0
H5B-O-12-05#s100r073	64	0	0	0	0	ABSTAIN	A	0	0	0
H5B-O-12-06#s100r073	64	0	0	0	0	ABSTAIN	A	0	0	0
H5B-O-12-07#s100r073	64	0	0	0	0	ABSTAIN	A	0	0	0
H5B-O-12-08#s100r073	64	0	0	0	0	ABSTAIN	A	0	0	0
H5B-O-12-09#s100r073	64	0	0	0	0	ABSTAIN	A	0	0	0
H5B-O-20-00#s100r073	64	0	0	0	0	ABSTAIN	A	0	0	0
H5B-O-20-01#s100r073	64	0	0	0	0	ABSTAIN	A	0	0	0
H5B-O-20-02#s100r073	64	0	0	0	0	ABSTAIN	A	0	0	0
H5B-O-20-03#s100r073	64	0	0	0	0	ABSTAIN	A	0	0	0
H5B-O-20-04#s100r073	64	0	0	0	0	ABSTAIN	A	0	0	0
H5B-O-20-05#s100r073	64	0	0	0	0	ABSTAIN	A	0	0	0
H5B-O-20-06#s100r073	64	0	0	0	0	ABSTAIN	A	0	0	0
H5B-O-20-07#s100r073	64	0	0	0	0	ABSTAIN	A	0	0	0
H5B-O-20-08#s100r073	64	0	0	0	0	ABSTAIN	A	0	0	0
H5B-O-20-09#s100r073	64	0	0	0	0	ABSTAIN	A	0	0	0
H5B-O-40-00#s100r073	64	0	0	0	0	ABSTAIN	A	0	0	0
H5B-O-40-01#s100r073	64	0	0	0	0	ABSTAIN	A	0	0	0
H5B-O-40-02#s100r073	64	0	0	0	0	ABSTAIN	A	0	0	0
H5B-O-40-03#s100r073	64	0	0	0	0	ABSTAIN	A	0	0	0
H5B-O-40-04#s100r073	64	0	0	0	0	ABSTAIN	A	0	0	0
H5B-O-40-05#s100r073	64	0	0	0	0	ABSTAIN	A	0	0	0
H5B-O-40-06#s100r073	64	0	0	0	0	ABSTAIN	A	0	0	0
H5B-O-40-07#s100r073	64	0	0	0	0	ABSTAIN	A	0	0	0
H5B-O-40-08#s100r073	64	0	0	0	0	ABSTAIN	A	0	0	0
H5B-O-40-09#s100r073	64	0	0	0	0	ABSTAIN	A	0	0	0
H5B-D-0-00#s100r073	64	0	0	0	0	RELEASE	1	660	0	0
H5B-D-0-01#s100r073	64	0	0	0	0	RELEASE	1	660	0	0
H5B-D-0-02#s100r073	64	0	0	0	0	RELEASE	1	660	0	0
H5B-D-0-03#s100r073	64	0	0	0	0	RELEASE	1	660	0	0
H5B-D-0-04#s100r073	64	0	0	0	0	RELEASE	1	660	0	0
H5B-D-0-05#s100r073	64	0	0	0	0	RELEASE	1	660	0	0
H5B-D-0-06#s100r073	64	0	0	0	0	RELEASE	1	661	0	0
H5B-D-0-07#s100r073	64	0	0	0	0	RELEASE	1	661	0	0
H5B-D-0-08#s100r073	64	0	0	0	0	RELEASE	1	661	0	0
H5B-D-0-09#s100r073	64	0	0	0	0	RELEASE	1	661	0	0
H5B-D-1-00#s100r073	64	0	0	0	0	ABSTAIN	A	0	0	0
H5B-D-1-01#s100r073	64	0	0	0	0	ABSTAIN	A	0	0	0
H5B-D-1-02#s100r073	64	0	0	0	0	ABSTAIN	A	0	0	0
H5B-D-1-03#s100r073	64	0	0	0	0	ABSTAIN	A	0	0	0
H5B-D-1-04#s100r073	64	0	0	0	0	ABSTAIN	A	0	0	0
H5B-D-1-05#s100r073	64	0	0	0	0	ABSTAIN	A	0	0	0
H5B-D-1-06#s100r073	64	0	0	0	0	ABSTAIN	A	0	0	0
H5B-D-1-07#s100r073	64	0	0	0	0	ABSTAIN	A	0	0	0
H5B-D-1-08#s100r073	64	0	0	0	0	ABSTAIN	A	0	0	0
H5B-D-1-09#s100r073	64	0	0	0	0	ABSTAIN	A	0	0	0
H5B-D-2-00#s100r073	64	0	0	0	0	ABSTAIN	A	0	0	0
H5B-D-2-01#s100r073	64	0	0	0	0	ABSTAIN	A	0	0	0
H5B-D-2-02#s100r073	64	0	0	0	0	ABSTAIN	A	0	0	0
H5B-D-2-03#s100r073	64	0	0	0	0	ABSTAIN	A	0	0	0
H5B-D-2-04#s100r073	64	0	0	0	0	ABSTAIN	A	0	0	0
H5B-D-2-05#s100r073	64	0	0	0	0	ABSTAIN	A	0	0	0
H5B-D-2-06#s100r073	64	0	0	0	0	ABSTAIN	A	0	0	0
H5B-D-2-07#s100r073	64	0	0	0	0	ABSTAIN	A	0	0	0
H5B-D-2-08#s100r073	64	0	0	0	0	ABSTAIN	A	0	0	0
H5B-D-2-09#s100r073	64	0	0	0	0	ABSTAIN	A	0	0	0
H5B-D-6-00#s100r073	64	0	0	0	0	ABSTAIN	A	0	0	0
H5B-D-6-01#s100r073	64	0	0	0	0	ABSTAIN	A	0	0	0
H5B-D-6-02#s100r073	64	0	0	0	0	ABSTAIN	A	0	0	0
H5B-D-6-03#s100r073	64	0	0	0	0	ABSTAIN	A	0	0	0
H5B-D-6-04#s100r073	64	0	0	0	0	ABSTAIN	A	0	0	0
H5B-D-6-05#s100r073	64	0	0	0	0	ABSTAIN	A	0	0	0
H5B-D-6-06#s100r073	64	0	0	0	0	ABSTAIN	A	0	0	0
H5B-D-6-07#s100r073	64	0	0	0	0	ABSTAIN	A	0	0	0
H5B-D-6-08#s100r073	64	0	0	0	0	ABSTAIN	A	0	0	0
H5B-D-6-09#s100r073	64	0	0	0	0	ABSTAIN	A	0	0	0
H5B-P-06-00#s100r074	64	0	0	0	0	ABSTAIN	A	0	0	0
H5B-P-06-01#s100r074	64	0	0	0	0	ABSTAIN	A	0	0	0
H5B-P-06-02#s100r074	64	0	0	0	0	ABSTAIN	A	0	0	0
H5B-P-06-03#s100r074	64	0	0	0	0	ABSTAIN	A	0	0	0
H5B-P-06-04#s100r074	64	0	0	0	0	ABSTAIN	A	0	0	0
H5B-P-06-05#s100r074	64	0	0	0	0	ABSTAIN	A	0	0	0
H5B-P-06-06#s100r074	64	0	0	0	0	ABSTAIN	A	0	0	0
H5B-P-06-07#s100r074	64	0	0	0	0	ABSTAIN	A	0	0	0
H5B-P-06-08#s100r074	64	0	0	0	0	ABSTAIN	A	0	0	0
H5B-P-06-09#s100r074	64	0	0	0	0	ABSTAIN	A	0	0	0
H5B-P-12-00#s100r074	64	0	0	0	0	ABSTAIN	A	0	0	0
H5B-P-12-01#s100r074	64	0	0	0	0	ABSTAIN	A	0	0	0
H5B-P-12-02#s100r074	64	0	0	0	0	ABSTAIN	A	0	0	0
H5B-P-12-03#s100r074	64	0	0	0	0	ABSTAIN	A	0	0	0
H5B-P-12-04#s100r074	64	0	0	0	0	ABSTAIN	A	0	0	0
H5B-P-12-05#s100r074	64	0	0	0	0	ABSTAIN	A	0	0	0
H5B-P-12-06#s100r074	64	0	0	0	0	ABSTAIN	A	0	0	0
H5B-P-12-07#s100r074	64	0	0	0	0	ABSTAIN	A	0	0	0
H5B-P-12-08#s100r074	64	0	0	0	0	ABSTAIN	A	0	0	0
H5B-P-12-09#s100r074	64	0	0	0	0	ABSTAIN	A	0	0	0
H5B-P-20-00#s100r074	64	0	0	0	0	ABSTAIN	A	0	0	0
H5B-P-20-01#s100r074	64	0	0	0	0	ABSTAIN	A	0	0	0
H5B-P-20-02#s100r074	64	0	0	0	0	ABSTAIN	A	0	0	0
H5B-P-20-03#s100r074	64	0	0	0	0	ABSTAIN	A	0	0	0
H5B-P-20-04#s100r074	64	0	0	0	0	ABSTAIN	A	0	0	0
H5B-P-20-05#s100r074	64	0	0	0	0	ABSTAIN	A	0	0	0
H5B-P-20-06#s100r074	64	0	0	0	0	ABSTAIN	A	0	0	0
H5B-P-20-07#s100r074	64	0	0	0	0	ABSTAIN	A	0	0	0
H5B-P-20-08#s100r074	64	0	0	0	0	ABSTAIN	A	0	0	0
H5B-P-20-09#s100r074	64	0	0	0	0	ABSTAIN	A	0	0	0
H5B-P-40-00#s100r074	64	0	0	0	0	ABSTAIN	A	0	0	0
H5B-P-40-01#s100r074	64	0	0	0	0	ABSTAIN	A	0	0	0
H5B-P-40-02#s100r074	64	0	0	0	0	ABSTAIN	A	0	0	0
H5B-P-40-03#s100r074	64	0	0	0	0	ABSTAIN	A	0	0	0
H5B-P-40-04#s100r074	64	0	0	0	0	ABSTAIN	A	0	0	0
H5B-P-40-05#s100r074	64	0	0	0	0	ABSTAIN	A	0	0	0
H5B-P-40-06#s100r074	64	0	0	0	0	ABSTAIN	A	0	0	0
H5B-P-40-07#s100r074	64	0	0	0	0	ABSTAIN	A	0	0	0
H5B-P-40-08#s100r074	64	0	0	0	0	ABSTAIN	A	0	0	0
H5B-P-40-09#s100r074	64	0	0	0	0	ABSTAIN	A	0	0	0
H5B-O-06-00#s100r074	64	0	0	0	0	ABSTAIN	A	0	0	0
H5B-O-06-01#s100r074	64	0	0	0	0	ABSTAIN	A	0	0	0
H5B-O-06-02#s100r074	64	0	0	0	0	ABSTAIN	A	0	0	0
H5B-O-06-03#s100r074	64	0	0	0	0	ABSTAIN	A	0	0	0
H5B-O-06-04#s100r074	64	0	0	0	0	ABSTAIN	A	0	0	0
H5B-O-06-05#s100r074	64	0	0	0	0	ABSTAIN	A	0	0	0
H5B-O-06-06#s100r074	64	0	0	0	0	ABSTAIN	A	0	0	0
H5B-O-06-07#s100r074	64	0	0	0	0	ABSTAIN	A	0	0	0
H5B-O-06-08#s100r074	64	0	0	0	0	ABSTAIN	A	0	0	0
H5B-O-06-09#s100r074	64	0	0	0	0	ABSTAIN	A	0	0	0
H5B-O-12-00#s100r074	64	0	0	0	0	ABSTAIN	A	0	0	0
H5B-O-12-01#s100r074	64	0	0	0	0	ABSTAIN	A	0	0	0
H5B-O-12-02#s100r074	64	0	0	0	0	ABSTAIN	A	0	0	0
H5B-O-12-03#s100r074	64	0	0	0	0	ABSTAIN	A	0	0	0
H5B-O-12-04#s100r074	64	0	0	0	0	ABSTAIN	A	0	0	0
H5B-O-12-05#s100r074	64	0	0	0	0	ABSTAIN	A	0	0	0
H5B-O-12-06#s100r074	64	0	0	0	0	ABSTAIN	A	0	0	0
H5B-O-12-07#s100r074	64	0	0	0	0	ABSTAIN	A	0	0	0
H5B-O-12-08#s100r074	64	0	0	0	0	ABSTAIN	A	0	0	0
H5B-O-12-09#s100r074	64	0	0	0	0	ABSTAIN	A	0	0	0
H5B-O-20-00#s100r074	64	0	0	0	0	ABSTAIN	A	0	0	0
H5B-O-20-01#s100r074	64	0	0	0	0	ABSTAIN	A	0	0	0
H5B-O-20-02#s100r074	64	0	0	0	0	ABSTAIN	A	0	0	0
H5B-O-20-03#s100r074	64	0	0	0	0	ABSTAIN	A	0	0	0
H5B-O-20-04#s100r074	64	0	0	0	0	ABSTAIN	A	0	0	0
H5B-O-20-05#s100r074	64	0	0	0	0	ABSTAIN	A	0	0	0
H5B-O-20-06#s100r074	64	0	0	0	0	ABSTAIN	A	0	0	0
H5B-O-20-07#s100r074	64	0	0	0	0	ABSTAIN	A	0	0	0
H5B-O-20-08#s100r074	64	0	0	0	0	ABSTAIN	A	0	0	0
H5B-O-20-09#s100r074	64	0	0	0	0	ABSTAIN	A	0	0	0
H5B-O-40-00#s100r074	64	0	0	0	0	ABSTAIN	A	0	0	0
H5B-O-40-01#s100r074	64	0	0	0	0	ABSTAIN	A	0	0	0
H5B-O-40-02#s100r074	64	0	0	0	0	ABSTAIN	A	0	0	0
H5B-O-40-03#s100r074	64	0	0	0	0	ABSTAIN	A	0	0	0
H5B-O-40-04#s100r074	64	0	0	0	0	ABSTAIN	A	0	0	0
H5B-O-40-05#s100r074	64	0	0	0	0	ABSTAIN	A	0	0	0
H5B-O-40-06#s100r074	64	0	0	0	0	ABSTAIN	A	0	0	0
H5B-O-40-07#s100r074	64	0	0	0	0	ABSTAIN	A	0	0	0
H5B-O-40-08#s100r074	64	0	0	0	0	ABSTAIN	A	0	0	0
H5B-O-40-09#s100r074	64	0	0	0	0	ABSTAIN	A	0	0	0
H5B-D-0-00#s100r074	64	0	0	0	0	RELEASE	1	660	0	0
H5B-D-0-01#s100r074	64	0	0	0	0	RELEASE	1	660	0	0
H5B-D-0-02#s100r074	64	0	0	0	0	RELEASE	1	660	0	0
H5B-D-0-03#s100r074	64	0	0	0	0	RELEASE	1	660	0	0
H5B-D-0-04#s100r074	64	0	0	0	0	RELEASE	1	660	0	0
H5B-D-0-05#s100r074	64	0	0	0	0	RELEASE	1	660	0	0
H5B-D-0-06#s100r074	64	0	0	0	0	RELEASE	1	660	0	0
H5B-D-0-07#s100r074	64	0	0	0	0	RELEASE	1	661	0	0
H5B-D-0-08#s100r074	64	0	0	0	0	RELEASE	1	661	0	0
H5B-D-0-09#s100r074	64	0	0	0	0	RELEASE	1	661	0	0
H5B-D-1-00#s100r074	64	0	0	0	0	ABSTAIN	A	0	0	0
H5B-D-1-01#s100r074	64	0	0	0	0	ABSTAIN	A	0	0	0
H5B-D-1-02#s100r074	64	0	0	0	0	ABSTAIN	A	0	0	0
H5B-D-1-03#s100r074	64	0	0	0	0	ABSTAIN	A	0	0	0
H5B-D-1-04#s100r074	64	0	0	0	0	ABSTAIN	A	0	0	0
H5B-D-1-05#s100r074	64	0	0	0	0	ABSTAIN	A	0	0	0
H5B-D-1-06#s100r074	64	0	0	0	0	ABSTAIN	A	0	0	0
H5B-D-1-07#s100r074	64	0	0	0	0	ABSTAIN	A	0	0	0
H5B-D-1-08#s100r074	64	0	0	0	0	ABSTAIN	A	0	0	0
H5B-D-1-09#s100r074	64	0	0	0	0	ABSTAIN	A	0	0	0
H5B-D-2-00#s100r074	64	0	0	0	0	ABSTAIN	A	0	0	0
H5B-D-2-01#s100r074	64	0	0	0	0	ABSTAIN	A	0	0	0
H5B-D-2-02#s100r074	64	0	0	0	0	ABSTAIN	A	0	0	0
H5B-D-2-03#s100r074	64	0	0	0	0	ABSTAIN	A	0	0	0
H5B-D-2-04#s100r074	64	0	0	0	0	ABSTAIN	A	0	0	0
H5B-D-2-05#s100r074	64	0	0	0	0	ABSTAIN	A	0	0	0
H5B-D-2-06#s100r074	64	0	0	0	0	ABSTAIN	A	0	0	0
H5B-D-2-07#s100r074	64	0	0	0	0	ABSTAIN	A	0	0	0
H5B-D-2-08#s100r074	64	0	0	0	0	ABSTAIN	A	0	0	0
H5B-D-2-09#s100r074	64	0	0	0	0	ABSTAIN	A	0	0	0
H5B-D-6-00#s100r074	64	0	0	0	0	ABSTAIN	A	0	0	0
H5B-D-6-01#s100r074	64	0	0	0	0	ABSTAIN	A	0	0	0
H5B-D-6-02#s100r074	64	0	0	0	0	ABSTAIN	A	0	0	0
H5B-D-6-03#s100r074	64	0	0	0	0	ABSTAIN	A	0	0	0
H5B-D-6-04#s100r074	64	0	0	0	0	ABSTAIN	A	0	0	0
H5B-D-6-05#s100r074	64	0	0	0	0	ABSTAIN	A	0	0	0
H5B-D-6-06#s100r074	64	0	0	0	0	ABSTAIN	A	0	0	0
H5B-D-6-07#s100r074	64	0	0	0	0	ABSTAIN	A	0	0	0
H5B-D-6-08#s100r074	64	0	0	0	0	ABSTAIN	A	0	0	0
H5B-D-6-09#s100r074	64	0	0	0	0	ABSTAIN	A	0	0	0
H5B-P-06-00#s100r075	64	0	0	0	0	ABSTAIN	A	0	0	0
H5B-P-06-01#s100r075	64	0	0	0	0	ABSTAIN	A	0	0	0
H5B-P-06-02#s100r075	64	0	0	0	0	ABSTAIN	A	0	0	0
H5B-P-06-03#s100r075	64	0	0	0	0	ABSTAIN	A	0	0	0
H5B-P-06-04#s100r075	64	0	0	0	0	ABSTAIN	A	0	0	0
H5B-P-06-05#s100r075	64	0	0	0	0	ABSTAIN	A	0	0	0
H5B-P-06-06#s100r075	64	0	0	0	0	ABSTAIN	A	0	0	0
H5B-P-06-07#s100r075	64	0	0	0	0	ABSTAIN	A	0	0	0
H5B-P-06-08#s100r075	64	0	0	0	0	ABSTAIN	A	0	0	0
H5B-P-06-09#s100r075	64	0	0	0	0	ABSTAIN	A	0	0	0
H5B-P-12-00#s100r075	64	0	0	0	0	ABSTAIN	A	0	0	0
H5B-P-12-01#s100r075	64	0	0	0	0	ABSTAIN	A	0	0	0
H5B-P-12-02#s100r075	64	0	0	0	0	ABSTAIN	A	0	0	0
H5B-P-12-03#s100r075	64	0	0	0	0	ABSTAIN	A	0	0	0
H5B-P-12-04#s100r075	64	0	0	0	0	ABSTAIN	A	0	0	0
H5B-P-12-05#s100r075	64	0	0	0	0	ABSTAIN	A	0	0	0
H5B-P-12-06#s100r075	64	0	0	0	0	ABSTAIN	A	0	0	0
H5B-P-12-07#s100r075	64	0	0	0	0	ABSTAIN	A	0	0	0
H5B-P-12-08#s100r075	64	0	0	0	0	ABSTAIN	A	0	0	0
H5B-P-12-09#s100r075	64	0	0	0	0	ABSTAIN	A	0	0	0
H5B-P-20-00#s100r075	64	0	0	0	0	ABSTAIN	A	0	0	0
H5B-P-20-01#s100r075	64	0	0	0	0	ABSTAIN	A	0	0	0
H5B-P-20-02#s100r075	64	0	0	0	0	ABSTAIN	A	0	0	0
H5B-P-20-03#s100r075	64	0	0	0	0	ABSTAIN	A	0	0	0
H5B-P-20-04#s100r075	64	0	0	0	0	ABSTAIN	A	0	0	0
H5B-P-20-05#s100r075	64	0	0	0	0	ABSTAIN	A	0	0	0
H5B-P-20-06#s100r075	64	0	0	0	0	ABSTAIN	A	0	0	0
H5B-P-20-07#s100r075	64	0	0	0	0	ABSTAIN	A	0	0	0
H5B-P-20-08#s100r075	64	0	0	0	0	ABSTAIN	A	0	0	0
H5B-P-20-09#s100r075	64	0	0	0	0	ABSTAIN	A	0	0	0
H5B-P-40-00#s100r075	64	0	0	0	0	ABSTAIN	A	0	0	0
H5B-P-40-01#s100r075	64	0	0	0	0	ABSTAIN	A	0	0	0
H5B-P-40-02#s100r075	64	0	0	0	0	ABSTAIN	A	0	0	0
H5B-P-40-03#s100r075	64	0	0	0	0	ABSTAIN	A	0	0	0
H5B-P-40-04#s100r075	64	0	0	0	0	ABSTAIN	A	0	0	0
H5B-P-40-05#s100r075	64	0	0	0	0	ABSTAIN	A	0	0	0
H5B-P-40-06#s100r075	64	0	0	0	0	ABSTAIN	A	0	0	0
H5B-P-40-07#s100r075	64	0	0	0	0	ABSTAIN	A	0	0	0
H5B-P-40-08#s100r075	64	0	0	0	0	ABSTAIN	A	0	0	0
H5B-P-40-09#s100r075	64	0	0	0	0	ABSTAIN	A	0	0	0
H5B-O-06-00#s100r075	64	0	0	0	0	ABSTAIN	A	0	0	0
H5B-O-06-01#s100r075	64	0	0	0	0	ABSTAIN	A	0	0	0
H5B-O-06-02#s100r075	64	0	0	0	0	ABSTAIN	A	0	0	0
H5B-O-06-03#s100r075	64	0	0	0	0	ABSTAIN	A	0	0	0
H5B-O-06-04#s100r075	64	0	0	0	0	ABSTAIN	A	0	0	0
H5B-O-06-05#s100r075	64	0	0	0	0	ABSTAIN	A	0	0	0
H5B-O-06-06#s100r075	64	0	0	0	0	ABSTAIN	A	0	0	0
H5B-O-06-07#s100r075	64	0	0	0	0	ABSTAIN	A	0	0	0
H5B-O-06-08#s100r075	64	0	0	0	0	ABSTAIN	A	0	0	0
H5B-O-06-09#s100r075	64	0	0	0	0	ABSTAIN	A	0	0	0
H5B-O-12-00#s100r075	64	0	0	0	0	ABSTAIN	A	0	0	0
H5B-O-12-01#s100r075	64	0	0	0	0	ABSTAIN	A	0	0	0
H5B-O-12-02#s100r075	64	0	0	0	0	ABSTAIN	A	0	0	0
H5B-O-12-03#s100r075	64	0	0	0	0	ABSTAIN	A	0	0	0
H5B-O-12-04#s100r075	64	0	0	0	0	ABSTAIN	A	0	0	0
H5B-O-12-05#s100r075	64	0	0	0	0	ABSTAIN	A	0	0	0
H5B-O-12-06#s100r075	64	0	0	0	0	ABSTAIN	A	0	0	0
H5B-O-12-07#s100r075	64	0	0	0	0	ABSTAIN	A	0	0	0
H5B-O-12-08#s100r075	64	0	0	0	0	ABSTAIN	A	0	0	0
H5B-O-12-09#s100r075	64	0	0	0	0	ABSTAIN	A	0	0	0
H5B-O-20-00#s100r075	64	0	0	0	0	ABSTAIN	A	0	0	0
H5B-O-20-01#s100r075	64	0	0	0	0	ABSTAIN	A	0	0	0
H5B-O-20-02#s100r075	64	0	0	0	0	ABSTAIN	A	0	0	0
H5B-O-20-03#s100r075	64	0	0	0	0	ABSTAIN	A	0	0	0
H5B-O-20-04#s100r075	64	0	0	0	0	ABSTAIN	A	0	0	0
H5B-O-20-05#s100r075	64	0	0	0	0	ABSTAIN	A	0	0	0
H5B-O-20-06#s100r075	64	0	0	0	0	ABSTAIN	A	0	0	0
H5B-O-20-07#s100r075	64	0	0	0	0	ABSTAIN	A	0	0	0
H5B-O-20-08#s100r075	64	0	0	0	0	ABSTAIN	A	0	0	0
H5B-O-20-09#s100r075	64	0	0	0	0	ABSTAIN	A	0	0	0
H5B-O-40-00#s100r075	64	0	0	0	0	ABSTAIN	A	0	0	0
H5B-O-40-01#s100r075	64	0	0	0	0	ABSTAIN	A	0	0	0
H5B-O-40-02#s100r075	64	0	0	0	0	ABSTAIN	A	0	0	0
H5B-O-40-03#s100r075	64	0	0	0	0	ABSTAIN	A	0	0	0
H5B-O-40-04#s100r075	64	0	0	0	0	ABSTAIN	A	0	0	0
H5B-O-40-05#s100r075	64	0	0	0	0	ABSTAIN	A	0	0	0
H5B-O-40-06#s100r075	64	0	0	0	0	ABSTAIN	A	0	0	0
H5B-O-40-07#s100r075	64	0	0	0	0	ABSTAIN	A	0	0	0
H5B-O-40-08#s100r075	64	0	0	0	0	ABSTAIN	A	0	0	0
H5B-O-40-09#s100r075	64	0	0	0	0	ABSTAIN	A	0	0	0
H5B-D-0-00#s100r075	64	0	0	0	0	RELEASE	1	660	0	0
H5B-D-0-01#s100r075	64	0	0	0	0	RELEASE	1	660	0	0
H5B-D-0-02#s100r075	64	0	0	0	0	RELEASE	1	660	0	0
H5B-D-0-03#s100r075	64	0	0	0	0	RELEASE	1	660	0	0
H5B-D-0-04#s100r075	64	0	0	0	0	RELEASE	1	660	0	0
H5B-D-0-05#s100r075	64	0	0	0	0	RELEASE	1	660	0	0
H5B-D-0-06#s100r075	64	0	0	0	0	RELEASE	1	660	0	0
H5B-D-0-07#s100r075	64	0	0	0	0	RELEASE	1	661	0	0
H5B-D-0-08#s100r075	64	0	0	0	0	RELEASE	1	661	0	0
H5B-D-0-09#s100r075	64	0	0	0	0	RELEASE	1	661	0	0
H5B-D-1-00#s100r075	64	0	0	0	0	ABSTAIN	A	0	0	0
H5B-D-1-01#s100r075	64	0	0	0	0	ABSTAIN	A	0	0	0
H5B-D-1-02#s100r075	64	0	0	0	0	ABSTAIN	A	0	0	0
H5B-D-1-03#s100r075	64	0	0	0	0	ABSTAIN	A	0	0	0
H5B-D-1-04#s100r075	64	0	0	0	0	ABSTAIN	A	0	0	0
H5B-D-1-05#s100r075	64	0	0	0	0	ABSTAIN	A	0	0	0
H5B-D-1-06#s100r075	64	0	0	0	0	ABSTAIN	A	0	0	0
H5B-D-1-07#s100r075	64	0	0	0	0	ABSTAIN	A	0	0	0
H5B-D-1-08#s100r075	64	0	0	0	0	ABSTAIN	A	0	0	0
H5B-D-1-09#s100r075	64	0	0	0	0	ABSTAIN	A	0	0	0
H5B-D-2-00#s100r075	64	0	0	0	0	ABSTAIN	A	0	0	0
H5B-D-2-01#s100r075	64	0	0	0	0	ABSTAIN	A	0	0	0
H5B-D-2-02#s100r075	64	0	0	0	0	ABSTAIN	A	0	0	0
H5B-D-2-03#s100r075	64	0	0	0	0	ABSTAIN	A	0	0	0
H5B-D-2-04#s100r075	64	0	0	0	0	ABSTAIN	A	0	0	0
H5B-D-2-05#s100r075	64	0	0	0	0	ABSTAIN	A	0	0	0
H5B-D-2-06#s100r075	64	0	0	0	0	ABSTAIN	A	0	0	0
H5B-D-2-07#s100r075	64	0	0	0	0	ABSTAIN	A	0	0	0
H5B-D-2-08#s100r075	64	0	0	0	0	ABSTAIN	A	0	0	0
H5B-D-2-09#s100r075	64	0	0	0	0	ABSTAIN	A	0	0	0
H5B-D-6-00#s100r075	64	0	0	0	0	ABSTAIN	A	0	0	0
H5B-D-6-01#s100r075	64	0	0	0	0	ABSTAIN	A	0	0	0
H5B-D-6-02#s100r075	64	0	0	0	0	ABSTAIN	A	0	0	0
H5B-D-6-03#s100r075	64	0	0	0	0	ABSTAIN	A	0	0	0
H5B-D-6-04#s100r075	64	0	0	0	0	ABSTAIN	A	0	0	0
H5B-D-6-05#s100r075	64	0	0	0	0	ABSTAIN	A	0	0	0
H5B-D-6-06#s100r075	64	0	0	0	0	ABSTAIN	A	0	0	0
H5B-D-6-07#s100r075	64	0	0	0	0	ABSTAIN	A	0	0	0
H5B-D-6-08#s100r075	64	0	0	0	0	ABSTAIN	A	0	0	0
H5B-D-6-09#s100r075	64	0	0	0	0	ABSTAIN	A	0	0	0
H5B-P-06-00#s100r076	64	0	0	0	0	ABSTAIN	A	0	0	0
H5B-P-06-01#s100r076	64	0	0	0	0	ABSTAIN	A	0	0	0
H5B-P-06-02#s100r076	64	0	0	0	0	ABSTAIN	A	0	0	0
H5B-P-06-03#s100r076	64	0	0	0	0	ABSTAIN	A	0	0	0
H5B-P-06-04#s100r076	64	0	0	0	0	ABSTAIN	A	0	0	0
H5B-P-06-05#s100r076	64	0	0	0	0	ABSTAIN	A	0	0	0
H5B-P-06-06#s100r076	64	0	0	0	0	ABSTAIN	A	0	0	0
H5B-P-06-07#s100r076	64	0	0	0	0	ABSTAIN	A	0	0	0
H5B-P-06-08#s100r076	64	0	0	0	0	ABSTAIN	A	0	0	0
H5B-P-06-09#s100r076	64	0	0	0	0	ABSTAIN	A	0	0	0
H5B-P-12-00#s100r076	64	0	0	0	0	ABSTAIN	A	0	0	0
H5B-P-12-01#s100r076	64	0	0	0	0	ABSTAIN	A	0	0	0
H5B-P-12-02#s100r076	64	0	0	0	0	ABSTAIN	A	0	0	0
H5B-P-12-03#s100r076	64	0	0	0	0	ABSTAIN	A	0	0	0
H5B-P-12-04#s100r076	64	0	0	0	0	ABSTAIN	A	0	0	0
H5B-P-12-05#s100r076	64	0	0	0	0	ABSTAIN	A	0	0	0
H5B-P-12-06#s100r076	64	0	0	0	0	ABSTAIN	A	0	0	0
H5B-P-12-07#s100r076	64	0	0	0	0	ABSTAIN	A	0	0	0
H5B-P-12-08#s100r076	64	0	0	0	0	ABSTAIN	A	0	0	0
H5B-P-12-09#s100r076	64	0	0	0	0	ABSTAIN	A	0	0	0
H5B-P-20-00#s100r076	64	0	0	0	0	ABSTAIN	A	0	0	0
H5B-P-20-01#s100r076	64	0	0	0	0	ABSTAIN	A	0	0	0
H5B-P-20-02#s100r076	64	0	0	0	0	ABSTAIN	A	0	0	0
H5B-P-20-03#s100r076	64	0	0	0	0	ABSTAIN	A	0	0	0
H5B-P-20-04#s100r076	64	0	0	0	0	ABSTAIN	A	0	0	0
H5B-P-20-05#s100r076	64	0	0	0	0	ABSTAIN	A	0	0	0
H5B-P-20-06#s100r076	64	0	0	0	0	ABSTAIN	A	0	0	0
H5B-P-20-07#s100r076	64	0	0	0	0	ABSTAIN	A	0	0	0
H5B-P-20-08#s100r076	64	0	0	0	0	ABSTAIN	A	0	0	0
H5B-P-20-09#s100r076	64	0	0	0	0	ABSTAIN	A	0	0	0
H5B-P-40-00#s100r076	64	0	0	0	0	ABSTAIN	A	0	0	0
H5B-P-40-01#s100r076	64	0	0	0	0	ABSTAIN	A	0	0	0
H5B-P-40-02#s100r076	64	0	0	0	0	ABSTAIN	A	0	0	0
H5B-P-40-03#s100r076	64	0	0	0	0	ABSTAIN	A	0	0	0
H5B-P-40-04#s100r076	64	0	0	0	0	ABSTAIN	A	0	0	0
H5B-P-40-05#s100r076	64	0	0	0	0	ABSTAIN	A	0	0	0
H5B-P-40-06#s100r076	64	0	0	0	0	ABSTAIN	A	0	0	0
H5B-P-40-07#s100r076	64	0	0	0	0	ABSTAIN	A	0	0	0
H5B-P-40-08#s100r076	64	0	0	0	0	ABSTAIN	A	0	0	0
H5B-P-40-09#s100r076	64	0	0	0	0	ABSTAIN	A	0	0	0
H5B-O-06-00#s100r076	64	0	0	0	0	ABSTAIN	A	0	0	0
H5B-O-06-01#s100r076	64	0	0	0	0	ABSTAIN	A	0	0	0
H5B-O-06-02#s100r076	64	0	0	0	0	ABSTAIN	A	0	0	0
H5B-O-06-03#s100r076	64	0	0	0	0	ABSTAIN	A	0	0	0
H5B-O-06-04#s100r076	64	0	0	0	0	ABSTAIN	A	0	0	0
H5B-O-06-05#s100r076	64	0	0	0	0	ABSTAIN	A	0	0	0
H5B-O-06-06#s100r076	64	0	0	0	0	ABSTAIN	A	0	0	0
H5B-O-06-07#s100r076	64	0	0	0	0	ABSTAIN	A	0	0	0
H5B-O-06-08#s100r076	64	0	0	0	0	ABSTAIN	A	0	0	0
H5B-O-06-09#s100r076	64	0	0	0	0	ABSTAIN	A	0	0	0
H5B-O-12-00#s100r076	64	0	0	0	0	ABSTAIN	A	0	0	0
H5B-O-12-01#s100r076	64	0	0	0	0	ABSTAIN	A	0	0	0
H5B-O-12-02#s100r076	64	0	0	0	0	ABSTAIN	A	0	0	0
H5B-O-12-03#s100r076	64	0	0	0	0	ABSTAIN	A	0	0	0
H5B-O-12-04#s100r076	64	0	0	0	0	ABSTAIN	A	0	0	0
H5B-O-12-05#s100r076	64	0	0	0	0	ABSTAIN	A	0	0	0
H5B-O-12-06#s100r076	64	0	0	0	0	ABSTAIN	A	0	0	0
H5B-O-12-07#s100r076	64	0	0	0	0	ABSTAIN	A	0	0	0
H5B-O-12-08#s100r076	64	0	0	0	0	ABSTAIN	A	0	0	0
H5B-O-12-09#s100r076	64	0	0	0	0	ABSTAIN	A	0	0	0
H5B-O-20-00#s100r076	64	0	0	0	0	ABSTAIN	A	0	0	0
H5B-O-20-01#s100r076	64	0	0	0	0	ABSTAIN	A	0	0	0
H5B-O-20-02#s100r076	64	0	0	0	0	ABSTAIN	A	0	0	0
H5B-O-20-03#s100r076	64	0	0	0	0	ABSTAIN	A	0	0	0
H5B-O-20-04#s100r076	64	0	0	0	0	ABSTAIN	A	0	0	0
H5B-O-20-05#s100r076	64	0	0	0	0	ABSTAIN	A	0	0	0
H5B-O-20-06#s100r076	64	0	0	0	0	ABSTAIN	A	0	0	0
H5B-O-20-07#s100r076	64	0	0	0	0	ABSTAIN	A	0	0	0
H5B-O-20-08#s100r076	64	0	0	0	0	ABSTAIN	A	0	0	0
H5B-O-20-09#s100r076	64	0	0	0	0	ABSTAIN	A	0	0	0
H5B-O-40-00#s100r076	64	0	0	0	0	ABSTAIN	A	0	0	0
H5B-O-40-01#s100r076	64	0	0	0	0	ABSTAIN	A	0	0	0
H5B-O-40-02#s100r076	64	0	0	0	0	ABSTAIN	A	0	0	0
H5B-O-40-03#s100r076	64	0	0	0	0	ABSTAIN	A	0	0	0
H5B-O-40-04#s100r076	64	0	0	0	0	ABSTAIN	A	0	0	0
H5B-O-40-05#s100r076	64	0	0	0	0	ABSTAIN	A	0	0	0
H5B-O-40-06#s100r076	64	0	0	0	0	ABSTAIN	A	0	0	0
H5B-O-40-07#s100r076	64	0	0	0	0	ABSTAIN	A	0	0	0
H5B-O-40-08#s100r076	64	0	0	0	0	ABSTAIN	A	0	0	0
H5B-O-40-09#s100r076	64	0	0	0	0	ABSTAIN	A	0	0	0
H5B-D-0-00#s100r076	64	0	0	0	0	RELEASE	1	660	0	0
H5B-D-0-01#s100r076	64	0	0	0	0	RELEASE	1	660	0	0
H5B-D-0-02#s100r076	64	0	0	0	0	RELEASE	1	660	0	0
H5B-D-0-03#s100r076	64	0	0	0	0	RELEASE	1	660	0	0
H5B-D-0-04#s100r076	64	0	0	0	0	RELEASE	1	660	0	0
H5B-D-0-05#s100r076	64	0	0	0	0	RELEASE	1	660	0	0
H5B-D-0-06#s100r076	64	0	0	0	0	RELEASE	1	660	0	0
H5B-D-0-07#s100r076	64	0	0	0	0	RELEASE	1	660	0	0
H5B-D-0-08#s100r076	64	0	0	0	0	RELEASE	1	661	0	0
H5B-D-0-09#s100r076	64	0	0	0	0	RELEASE	1	661	0	0
H5B-D-1-00#s100r076	64	0	0	0	0	ABSTAIN	A	0	0	0
H5B-D-1-01#s100r076	64	0	0	0	0	ABSTAIN	A	0	0	0
H5B-D-1-02#s100r076	64	0	0	0	0	ABSTAIN	A	0	0	0
H5B-D-1-03#s100r076	64	0	0	0	0	ABSTAIN	A	0	0	0
H5B-D-1-04#s100r076	64	0	0	0	0	ABSTAIN	A	0	0	0
H5B-D-1-05#s100r076	64	0	0	0	0	ABSTAIN	A	0	0	0
H5B-D-1-06#s100r076	64	0	0	0	0	ABSTAIN	A	0	0	0
H5B-D-1-07#s100r076	64	0	0	0	0	ABSTAIN	A	0	0	0
H5B-D-1-08#s100r076	64	0	0	0	0	ABSTAIN	A	0	0	0
H5B-D-1-09#s100r076	64	0	0	0	0	ABSTAIN	A	0	0	0
H5B-D-2-00#s100r076	64	0	0	0	0	ABSTAIN	A	0	0	0
H5B-D-2-01#s100r076	64	0	0	0	0	ABSTAIN	A	0	0	0
H5B-D-2-02#s100r076	64	0	0	0	0	ABSTAIN	A	0	0	0
H5B-D-2-03#s100r076	64	0	0	0	0	ABSTAIN	A	0	0	0
H5B-D-2-04#s100r076	64	0	0	0	0	ABSTAIN	A	0	0	0
H5B-D-2-05#s100r076	64	0	0	0	0	ABSTAIN	A	0	0	0
H5B-D-2-06#s100r076	64	0	0	0	0	ABSTAIN	A	0	0	0
H5B-D-2-07#s100r076	64	0	0	0	0	ABSTAIN	A	0	0	0
H5B-D-2-08#s100r076	64	0	0	0	0	ABSTAIN	A	0	0	0
H5B-D-2-09#s100r076	64	0	0	0	0	ABSTAIN	A	0	0	0
H5B-D-6-00#s100r076	64	0	0	0	0	ABSTAIN	A	0	0	0
H5B-D-6-01#s100r076	64	0	0	0	0	ABSTAIN	A	0	0	0
H5B-D-6-02#s100r076	64	0	0	0	0	ABSTAIN	A	0	0	0
H5B-D-6-03#s100r076	64	0	0	0	0	ABSTAIN	A	0	0	0
H5B-D-6-04#s100r076	64	0	0	0	0	ABSTAIN	A	0	0	0
H5B-D-6-05#s100r076	64	0	0	0	0	ABSTAIN	A	0	0	0
H5B-D-6-06#s100r076	64	0	0	0	0	ABSTAIN	A	0	0	0
H5B-D-6-07#s100r076	64	0	0	0	0	ABSTAIN	A	0	0	0
H5B-D-6-08#s100r076	64	0	0	0	0	ABSTAIN	A	0	0	0
H5B-D-6-09#s100r076	64	0	0	0	0	ABSTAIN	A	0	0	0
H5B-P-06-00#s100r077	64	0	0	0	0	ABSTAIN	A	0	0	0
H5B-P-06-01#s100r077	64	0	0	0	0	ABSTAIN	A	0	0	0
H5B-P-06-02#s100r077	64	0	0	0	0	ABSTAIN	A	0	0	0
H5B-P-06-03#s100r077	64	0	0	0	0	ABSTAIN	A	0	0	0
H5B-P-06-04#s100r077	64	0	0	0	0	ABSTAIN	A	0	0	0
H5B-P-06-05#s100r077	64	0	0	0	0	ABSTAIN	A	0	0	0
H5B-P-06-06#s100r077	64	0	0	0	0	ABSTAIN	A	0	0	0
H5B-P-06-07#s100r077	64	0	0	0	0	ABSTAIN	A	0	0	0
H5B-P-06-08#s100r077	64	0	0	0	0	ABSTAIN	A	0	0	0
H5B-P-06-09#s100r077	64	0	0	0	0	ABSTAIN	A	0	0	0
H5B-P-12-00#s100r077	64	0	0	0	0	ABSTAIN	A	0	0	0
H5B-P-12-01#s100r077	64	0	0	0	0	ABSTAIN	A	0	0	0
H5B-P-12-02#s100r077	64	0	0	0	0	ABSTAIN	A	0	0	0
H5B-P-12-03#s100r077	64	0	0	0	0	ABSTAIN	A	0	0	0
H5B-P-12-04#s100r077	64	0	0	0	0	ABSTAIN	A	0	0	0
H5B-P-12-05#s100r077	64	0	0	0	0	ABSTAIN	A	0	0	0
H5B-P-12-06#s100r077	64	0	0	0	0	ABSTAIN	A	0	0	0
H5B-P-12-07#s100r077	64	0	0	0	0	ABSTAIN	A	0	0	0
H5B-P-12-08#s100r077	64	0	0	0	0	ABSTAIN	A	0	0	0
H5B-P-12-09#s100r077	64	0	0	0	0	ABSTAIN	A	0	0	0
H5B-P-20-00#s100r077	64	0	0	0	0	ABSTAIN	A	0	0	0
H5B-P-20-01#s100r077	64	0	0	0	0	ABSTAIN	A	0	0	0
H5B-P-20-02#s100r077	64	0	0	0	0	ABSTAIN	A	0	0	0
H5B-P-20-03#s100r077	64	0	0	0	0	ABSTAIN	A	0	0	0
H5B-P-20-04#s100r077	64	0	0	0	0	ABSTAIN	A	0	0	0
H5B-P-20-05#s100r077	64	0	0	0	0	ABSTAIN	A	0	0	0
H5B-P-20-06#s100r077	64	0	0	0	0	ABSTAIN	A	0	0	0
H5B-P-20-07#s100r077	64	0	0	0	0	ABSTAIN	A	0	0	0
H5B-P-20-08#s100r077	64	0	0	0	0	ABSTAIN	A	0	0	0
H5B-P-20-09#s100r077	64	0	0	0	0	ABSTAIN	A	0	0	0
H5B-P-40-00#s100r077	64	0	0	0	0	ABSTAIN	A	0	0	0
H5B-P-40-01#s100r077	64	0	0	0	0	ABSTAIN	A	0	0	0
H5B-P-40-02#s100r077	64	0	0	0	0	ABSTAIN	A	0	0	0
H5B-P-40-03#s100r077	64	0	0	0	0	ABSTAIN	A	0	0	0
H5B-P-40-04#s100r077	64	0	0	0	0	ABSTAIN	A	0	0	0
H5B-P-40-05#s100r077	64	0	0	0	0	ABSTAIN	A	0	0	0
H5B-P-40-06#s100r077	64	0	0	0	0	ABSTAIN	A	0	0	0
H5B-P-40-07#s100r077	64	0	0	0	0	ABSTAIN	A	0	0	0
H5B-P-40-08#s100r077	64	0	0	0	0	ABSTAIN	A	0	0	0
H5B-P-40-09#s100r077	64	0	0	0	0	ABSTAIN	A	0	0	0
H5B-O-06-00#s100r077	64	0	0	0	0	ABSTAIN	A	0	0	0
H5B-O-06-01#s100r077	64	0	0	0	0	ABSTAIN	A	0	0	0
H5B-O-06-02#s100r077	64	0	0	0	0	ABSTAIN	A	0	0	0
H5B-O-06-03#s100r077	64	0	0	0	0	ABSTAIN	A	0	0	0
H5B-O-06-04#s100r077	64	0	0	0	0	ABSTAIN	A	0	0	0
H5B-O-06-05#s100r077	64	0	0	0	0	ABSTAIN	A	0	0	0
H5B-O-06-06#s100r077	64	0	0	0	0	ABSTAIN	A	0	0	0
H5B-O-06-07#s100r077	64	0	0	0	0	ABSTAIN	A	0	0	0
H5B-O-06-08#s100r077	64	0	0	0	0	ABSTAIN	A	0	0	0
H5B-O-06-09#s100r077	64	0	0	0	0	ABSTAIN	A	0	0	0
H5B-O-12-00#s100r077	64	0	0	0	0	ABSTAIN	A	0	0	0
H5B-O-12-01#s100r077	64	0	0	0	0	ABSTAIN	A	0	0	0
H5B-O-12-02#s100r077	64	0	0	0	0	ABSTAIN	A	0	0	0
H5B-O-12-03#s100r077	64	0	0	0	0	ABSTAIN	A	0	0	0
H5B-O-12-04#s100r077	64	0	0	0	0	ABSTAIN	A	0	0	0
H5B-O-12-05#s100r077	64	0	0	0	0	ABSTAIN	A	0	0	0
H5B-O-12-06#s100r077	64	0	0	0	0	ABSTAIN	A	0	0	0
H5B-O-12-07#s100r077	64	0	0	0	0	ABSTAIN	A	0	0	0
H5B-O-12-08#s100r077	64	0	0	0	0	ABSTAIN	A	0	0	0
H5B-O-12-09#s100r077	64	0	0	0	0	ABSTAIN	A	0	0	0
H5B-O-20-00#s100r077	64	0	0	0	0	ABSTAIN	A	0	0	0
H5B-O-20-01#s100r077	64	0	0	0	0	ABSTAIN	A	0	0	0
H5B-O-20-02#s100r077	64	0	0	0	0	ABSTAIN	A	0	0	0
H5B-O-20-03#s100r077	64	0	0	0	0	ABSTAIN	A	0	0	0
H5B-O-20-04#s100r077	64	0	0	0	0	ABSTAIN	A	0	0	0
H5B-O-20-05#s100r077	64	0	0	0	0	ABSTAIN	A	0	0	0
H5B-O-20-06#s100r077	64	0	0	0	0	ABSTAIN	A	0	0	0
H5B-O-20-07#s100r077	64	0	0	0	0	ABSTAIN	A	0	0	0
H5B-O-20-08#s100r077	64	0	0	0	0	ABSTAIN	A	0	0	0
H5B-O-20-09#s100r077	64	0	0	0	0	ABSTAIN	A	0	0	0
H5B-O-40-00#s100r077	64	0	0	0	0	ABSTAIN	A	0	0	0
H5B-O-40-01#s100r077	64	0	0	0	0	ABSTAIN	A	0	0	0
H5B-O-40-02#s100r077	64	0	0	0	0	ABSTAIN	A	0	0	0
H5B-O-40-03#s100r077	64	0	0	0	0	ABSTAIN	A	0	0	0
H5B-O-40-04#s100r077	64	0	0	0	0	ABSTAIN	A	0	0	0
H5B-O-40-05#s100r077	64	0	0	0	0	ABSTAIN	A	0	0	0
H5B-O-40-06#s100r077	64	0	0	0	0	ABSTAIN	A	0	0	0
H5B-O-40-07#s100r077	64	0	0	0	0	ABSTAIN	A	0	0	0
H5B-O-40-08#s100r077	64	0	0	0	0	ABSTAIN	A	0	0	0
H5B-O-40-09#s100r077	64	0	0	0	0	ABSTAIN	A	0	0	0
H5B-D-0-00#s100r077	64	0	0	0	0	RELEASE	1	660	0	0
H5B-D-0-01#s100r077	64	0	0	0	0	RELEASE	1	660	0	0
H5B-D-0-02#s100r077	64	0	0	0	0	RELEASE	1	660	0	0
H5B-D-0-03#s100r077	64	0	0	0	0	RELEASE	1	660	0	0
H5B-D-0-04#s100r077	64	0	0	0	0	RELEASE	1	660	0	0
H5B-D-0-05#s100r077	64	0	0	0	0	RELEASE	1	660	0	0
H5B-D-0-06#s100r077	64	0	0	0	0	RELEASE	1	660	0	0
H5B-D-0-07#s100r077	64	0	0	0	0	RELEASE	1	660	0	0
H5B-D-0-08#s100r077	64	0	0	0	0	RELEASE	1	661	0	0
H5B-D-0-09#s100r077	64	0	0	0	0	RELEASE	1	661	0	0
H5B-D-1-00#s100r077	64	0	0	0	0	ABSTAIN	A	0	0	0
H5B-D-1-01#s100r077	64	0	0	0	0	ABSTAIN	A	0	0	0
H5B-D-1-02#s100r077	64	0	0	0	0	ABSTAIN	A	0	0	0
H5B-D-1-03#s100r077	64	0	0	0	0	ABSTAIN	A	0	0	0
H5B-D-1-04#s100r077	64	0	0	0	0	ABSTAIN	A	0	0	0
H5B-D-1-05#s100r077	64	0	0	0	0	ABSTAIN	A	0	0	0
H5B-D-1-06#s100r077	64	0	0	0	0	ABSTAIN	A	0	0	0
H5B-D-1-07#s100r077	64	0	0	0	0	ABSTAIN	A	0	0	0
H5B-D-1-08#s100r077	64	0	0	0	0	ABSTAIN	A	0	0	0
H5B-D-1-09#s100r077	64	0	0	0	0	ABSTAIN	A	0	0	0
H5B-D-2-00#s100r077	64	0	0	0	0	ABSTAIN	A	0	0	0
H5B-D-2-01#s100r077	64	0	0	0	0	ABSTAIN	A	0	0	0
H5B-D-2-02#s100r077	64	0	0	0	0	ABSTAIN	A	0	0	0
H5B-D-2-03#s100r077	64	0	0	0	0	ABSTAIN	A	0	0	0
H5B-D-2-04#s100r077	64	0	0	0	0	ABSTAIN	A	0	0	0
H5B-D-2-05#s100r077	64	0	0	0	0	ABSTAIN	A	0	0	0
H5B-D-2-06#s100r077	64	0	0	0	0	ABSTAIN	A	0	0	0
H5B-D-2-07#s100r077	64	0	0	0	0	ABSTAIN	A	0	0	0
H5B-D-2-08#s100r077	64	0	0	0	0	ABSTAIN	A	0	0	0
H5B-D-2-09#s100r077	64	0	0	0	0	ABSTAIN	A	0	0	0
H5B-D-6-00#s100r077	64	0	0	0	0	ABSTAIN	A	0	0	0
H5B-D-6-01#s100r077	64	0	0	0	0	ABSTAIN	A	0	0	0
H5B-D-6-02#s100r077	64	0	0	0	0	ABSTAIN	A	0	0	0
H5B-D-6-03#s100r077	64	0	0	0	0	ABSTAIN	A	0	0	0
H5B-D-6-04#s100r077	64	0	0	0	0	ABSTAIN	A	0	0	0
H5B-D-6-05#s100r077	64	0	0	0	0	ABSTAIN	A	0	0	0
H5B-D-6-06#s100r077	64	0	0	0	0	ABSTAIN	A	0	0	0
H5B-D-6-07#s100r077	64	0	0	0	0	ABSTAIN	A	0	0	0
H5B-D-6-08#s100r077	64	0	0	0	0	ABSTAIN	A	0	0	0
H5B-D-6-09#s100r077	64	0	0	0	0	ABSTAIN	A	0	0	0
H5B-P-06-00#s100r078	64	0	0	0	0	ABSTAIN	A	0	0	0
H5B-P-06-01#s100r078	64	0	0	0	0	ABSTAIN	A	0	0	0
H5B-P-06-02#s100r078	64	0	0	0	0	ABSTAIN	A	0	0	0
H5B-P-06-03#s100r078	64	0	0	0	0	ABSTAIN	A	0	0	0
H5B-P-06-04#s100r078	64	0	0	0	0	ABSTAIN	A	0	0	0
H5B-P-06-05#s100r078	64	0	0	0	0	ABSTAIN	A	0	0	0
H5B-P-06-06#s100r078	64	0	0	0	0	ABSTAIN	A	0	0	0
H5B-P-06-07#s100r078	64	0	0	0	0	ABSTAIN	A	0	0	0
H5B-P-06-08#s100r078	64	0	0	0	0	ABSTAIN	A	0	0	0
H5B-P-06-09#s100r078	64	0	0	0	0	ABSTAIN	A	0	0	0
H5B-P-12-00#s100r078	64	0	0	0	0	ABSTAIN	A	0	0	0
H5B-P-12-01#s100r078	64	0	0	0	0	ABSTAIN	A	0	0	0
H5B-P-12-02#s100r078	64	0	0	0	0	ABSTAIN	A	0	0	0
H5B-P-12-03#s100r078	64	0	0	0	0	ABSTAIN	A	0	0	0
H5B-P-12-04#s100r078	64	0	0	0	0	ABSTAIN	A	0	0	0
H5B-P-12-05#s100r078	64	0	0	0	0	ABSTAIN	A	0	0	0
H5B-P-12-06#s100r078	64	0	0	0	0	ABSTAIN	A	0	0	0
H5B-P-12-07#s100r078	64	0	0	0	0	ABSTAIN	A	0	0	0
H5B-P-12-08#s100r078	64	0	0	0	0	ABSTAIN	A	0	0	0
H5B-P-12-09#s100r078	64	0	0	0	0	ABSTAIN	A	0	0	0
H5B-P-20-00#s100r078	64	0	0	0	0	ABSTAIN	A	0	0	0
H5B-P-20-01#s100r078	64	0	0	0	0	ABSTAIN	A	0	0	0
H5B-P-20-02#s100r078	64	0	0	0	0	ABSTAIN	A	0	0	0
H5B-P-20-03#s100r078	64	0	0	0	0	ABSTAIN	A	0	0	0
H5B-P-20-04#s100r078	64	0	0	0	0	ABSTAIN	A	0	0	0
H5B-P-20-05#s100r078	64	0	0	0	0	ABSTAIN	A	0	0	0
H5B-P-20-06#s100r078	64	0	0	0	0	ABSTAIN	A	0	0	0
H5B-P-20-07#s100r078	64	0	0	0	0	ABSTAIN	A	0	0	0
H5B-P-20-08#s100r078	64	0	0	0	0	ABSTAIN	A	0	0	0
H5B-P-20-09#s100r078	64	0	0	0	0	ABSTAIN	A	0	0	0
H5B-P-40-00#s100r078	64	0	0	0	0	ABSTAIN	A	0	0	0
H5B-P-40-01#s100r078	64	0	0	0	0	ABSTAIN	A	0	0	0
H5B-P-40-02#s100r078	64	0	0	0	0	ABSTAIN	A	0	0	0
H5B-P-40-03#s100r078	64	0	0	0	0	ABSTAIN	A	0	0	0
H5B-P-40-04#s100r078	64	0	0	0	0	ABSTAIN	A	0	0	0
H5B-P-40-05#s100r078	64	0	0	0	0	ABSTAIN	A	0	0	0
H5B-P-40-06#s100r078	64	0	0	0	0	ABSTAIN	A	0	0	0
H5B-P-40-07#s100r078	64	0	0	0	0	ABSTAIN	A	0	0	0
H5B-P-40-08#s100r078	64	0	0	0	0	ABSTAIN	A	0	0	0
H5B-P-40-09#s100r078	64	0	0	0	0	ABSTAIN	A	0	0	0
H5B-O-06-00#s100r078	64	0	0	0	0	ABSTAIN	A	0	0	0
H5B-O-06-01#s100r078	64	0	0	0	0	ABSTAIN	A	0	0	0
H5B-O-06-02#s100r078	64	0	0	0	0	ABSTAIN	A	0	0	0
H5B-O-06-03#s100r078	64	0	0	0	0	ABSTAIN	A	0	0	0
H5B-O-06-04#s100r078	64	0	0	0	0	ABSTAIN	A	0	0	0
H5B-O-06-05#s100r078	64	0	0	0	0	ABSTAIN	A	0	0	0
H5B-O-06-06#s100r078	64	0	0	0	0	ABSTAIN	A	0	0	0
H5B-O-06-07#s100r078	64	0	0	0	0	ABSTAIN	A	0	0	0
H5B-O-06-08#s100r078	64	0	0	0	0	ABSTAIN	A	0	0	0
H5B-O-06-09#s100r078	64	0	0	0	0	ABSTAIN	A	0	0	0
H5B-O-12-00#s100r078	64	0	0	0	0	ABSTAIN	A	0	0	0
H5B-O-12-01#s100r078	64	0	0	0	0	ABSTAIN	A	0	0	0
H5B-O-12-02#s100r078	64	0	0	0	0	ABSTAIN	A	0	0	0
H5B-O-12-03#s100r078	64	0	0	0	0	ABSTAIN	A	0	0	0
H5B-O-12-04#s100r078	64	0	0	0	0	ABSTAIN	A	0	0	0
H5B-O-12-05#s100r078	64	0	0	0	0	ABSTAIN	A	0	0	0
H5B-O-12-06#s100r078	64	0	0	0	0	ABSTAIN	A	0	0	0
H5B-O-12-07#s100r078	64	0	0	0	0	ABSTAIN	A	0	0	0
H5B-O-12-08#s100r078	64	0	0	0	0	ABSTAIN	A	0	0	0
H5B-O-12-09#s100r078	64	0	0	0	0	ABSTAIN	A	0	0	0
H5B-O-20-00#s100r078	64	0	0	0	0	ABSTAIN	A	0	0	0
H5B-O-20-01#s100r078	64	0	0	0	0	ABSTAIN	A	0	0	0
H5B-O-20-02#s100r078	64	0	0	0	0	ABSTAIN	A	0	0	0
H5B-O-20-03#s100r078	64	0	0	0	0	ABSTAIN	A	0	0	0
H5B-O-20-04#s100r078	64	0	0	0	0	ABSTAIN	A	0	0	0
H5B-O-20-05#s100r078	64	0	0	0	0	ABSTAIN	A	0	0	0
H5B-O-20-06#s100r078	64	0	0	0	0	ABSTAIN	A	0	0	0
H5B-O-20-07#s100r078	64	0	0	0	0	ABSTAIN	A	0	0	0
H5B-O-20-08#s100r078	64	0	0	0	0	ABSTAIN	A	0	0	0
H5B-O-20-09#s100r078	64	0	0	0	0	ABSTAIN	A	0	0	0
H5B-O-40-00#s100r078	64	0	0	0	0	ABSTAIN	A	0	0	0
H5B-O-40-01#s100r078	64	0	0	0	0	ABSTAIN	A	0	0	0
H5B-O-40-02#s100r078	64	0	0	0	0	ABSTAIN	A	0	0	0
H5B-O-40-03#s100r078	64	0	0	0	0	ABSTAIN	A	0	0	0
H5B-O-40-04#s100r078	64	0	0	0	0	ABSTAIN	A	0	0	0
H5B-O-40-05#s100r078	64	0	0	0	0	ABSTAIN	A	0	0	0
H5B-O-40-06#s100r078	64	0	0	0	0	ABSTAIN	A	0	0	0
H5B-O-40-07#s100r078	64	0	0	0	0	ABSTAIN	A	0	0	0
H5B-O-40-08#s100r078	64	0	0	0	0	ABSTAIN	A	0	0	0
H5B-O-40-09#s100r078	64	0	0	0	0	ABSTAIN	A	0	0	0
H5B-D-0-00#s100r078	64	0	0	0	0	RELEASE	1	660	0	0
H5B-D-0-01#s100r078	64	0	0	0	0	RELEASE	1	660	0	0
H5B-D-0-02#s100r078	64	0	0	0	0	RELEASE	1	660	0	0
H5B-D-0-03#s100r078	64	0	0	0	0	RELEASE	1	660	0	0
H5B-D-0-04#s100r078	64	0	0	0	0	RELEASE	1	660	0	0
H5B-D-0-05#s100r078	64	0	0	0	0	RELEASE	1	660	0	0
H5B-D-0-06#s100r078	64	0	0	0	0	RELEASE	1	660	0	0
H5B-D-0-07#s100r078	64	0	0	0	0	RELEASE	1	660	0	0
H5B-D-0-08#s100r078	64	0	0	0	0	RELEASE	1	660	0	0
H5B-D-0-09#s100r078	64	0	0	0	0	RELEASE	1	661	0	0
H5B-D-1-00#s100r078	64	0	0	0	0	ABSTAIN	A	0	0	0
H5B-D-1-01#s100r078	64	0	0	0	0	ABSTAIN	A	0	0	0
H5B-D-1-02#s100r078	64	0	0	0	0	ABSTAIN	A	0	0	0
H5B-D-1-03#s100r078	64	0	0	0	0	ABSTAIN	A	0	0	0
H5B-D-1-04#s100r078	64	0	0	0	0	ABSTAIN	A	0	0	0
H5B-D-1-05#s100r078	64	0	0	0	0	ABSTAIN	A	0	0	0
H5B-D-1-06#s100r078	64	0	0	0	0	ABSTAIN	A	0	0	0
H5B-D-1-07#s100r078	64	0	0	0	0	ABSTAIN	A	0	0	0
H5B-D-1-08#s100r078	64	0	0	0	0	ABSTAIN	A	0	0	0
H5B-D-1-09#s100r078	64	0	0	0	0	ABSTAIN	A	0	0	0
H5B-D-2-00#s100r078	64	0	0	0	0	ABSTAIN	A	0	0	0
H5B-D-2-01#s100r078	64	0	0	0	0	ABSTAIN	A	0	0	0
H5B-D-2-02#s100r078	64	0	0	0	0	ABSTAIN	A	0	0	0
H5B-D-2-03#s100r078	64	0	0	0	0	ABSTAIN	A	0	0	0
H5B-D-2-04#s100r078	64	0	0	0	0	ABSTAIN	A	0	0	0
H5B-D-2-05#s100r078	64	0	0	0	0	ABSTAIN	A	0	0	0
H5B-D-2-06#s100r078	64	0	0	0	0	ABSTAIN	A	0	0	0
H5B-D-2-07#s100r078	64	0	0	0	0	ABSTAIN	A	0	0	0
H5B-D-2-08#s100r078	64	0	0	0	0	ABSTAIN	A	0	0	0
H5B-D-2-09#s100r078	64	0	0	0	0	ABSTAIN	A	0	0	0
H5B-D-6-00#s100r078	64	0	0	0	0	ABSTAIN	A	0	0	0
H5B-D-6-01#s100r078	64	0	0	0	0	ABSTAIN	A	0	0	0
H5B-D-6-02#s100r078	64	0	0	0	0	ABSTAIN	A	0	0	0
H5B-D-6-03#s100r078	64	0	0	0	0	ABSTAIN	A	0	0	0
H5B-D-6-04#s100r078	64	0	0	0	0	ABSTAIN	A	0	0	0
H5B-D-6-05#s100r078	64	0	0	0	0	ABSTAIN	A	0	0	0
H5B-D-6-06#s100r078	64	0	0	0	0	ABSTAIN	A	0	0	0
H5B-D-6-07#s100r078	64	0	0	0	0	ABSTAIN	A	0	0	0
H5B-D-6-08#s100r078	64	0	0	0	0	ABSTAIN	A	0	0	0
H5B-D-6-09#s100r078	64	0	0	0	0	ABSTAIN	A	0	0	0
H5B-P-06-00#s100r079	64	0	0	0	0	ABSTAIN	A	0	0	0
H5B-P-06-01#s100r079	64	0	0	0	0	ABSTAIN	A	0	0	0
H5B-P-06-02#s100r079	64	0	0	0	0	ABSTAIN	A	0	0	0
H5B-P-06-03#s100r079	64	0	0	0	0	ABSTAIN	A	0	0	0
H5B-P-06-04#s100r079	64	0	0	0	0	ABSTAIN	A	0	0	0
H5B-P-06-05#s100r079	64	0	0	0	0	ABSTAIN	A	0	0	0
H5B-P-06-06#s100r079	64	0	0	0	0	ABSTAIN	A	0	0	0
H5B-P-06-07#s100r079	64	0	0	0	0	ABSTAIN	A	0	0	0
H5B-P-06-08#s100r079	64	0	0	0	0	ABSTAIN	A	0	0	0
H5B-P-06-09#s100r079	64	0	0	0	0	ABSTAIN	A	0	0	0
H5B-P-12-00#s100r079	64	0	0	0	0	ABSTAIN	A	0	0	0
H5B-P-12-01#s100r079	64	0	0	0	0	ABSTAIN	A	0	0	0
H5B-P-12-02#s100r079	64	0	0	0	0	ABSTAIN	A	0	0	0
H5B-P-12-03#s100r079	64	0	0	0	0	ABSTAIN	A	0	0	0
H5B-P-12-04#s100r079	64	0	0	0	0	ABSTAIN	A	0	0	0
H5B-P-12-05#s100r079	64	0	0	0	0	ABSTAIN	A	0	0	0
H5B-P-12-06#s100r079	64	0	0	0	0	ABSTAIN	A	0	0	0
H5B-P-12-07#s100r079	64	0	0	0	0	ABSTAIN	A	0	0	0
H5B-P-12-08#s100r079	64	0	0	0	0	ABSTAIN	A	0	0	0
H5B-P-12-09#s100r079	64	0	0	0	0	ABSTAIN	A	0	0	0
H5B-P-20-00#s100r079	64	0	0	0	0	ABSTAIN	A	0	0	0
H5B-P-20-01#s100r079	64	0	0	0	0	ABSTAIN	A	0	0	0
H5B-P-20-02#s100r079	64	0	0	0	0	ABSTAIN	A	0	0	0
H5B-P-20-03#s100r079	64	0	0	0	0	ABSTAIN	A	0	0	0
H5B-P-20-04#s100r079	64	0	0	0	0	ABSTAIN	A	0	0	0
H5B-P-20-05#s100r079	64	0	0	0	0	ABSTAIN	A	0	0	0
H5B-P-20-06#s100r079	64	0	0	0	0	ABSTAIN	A	0	0	0
H5B-P-20-07#s100r079	64	0	0	0	0	ABSTAIN	A	0	0	0
H5B-P-20-08#s100r079	64	0	0	0	0	ABSTAIN	A	0	0	0
H5B-P-20-09#s100r079	64	0	0	0	0	ABSTAIN	A	0	0	0
H5B-P-40-00#s100r079	64	0	0	0	0	ABSTAIN	A	0	0	0
H5B-P-40-01#s100r079	64	0	0	0	0	ABSTAIN	A	0	0	0
H5B-P-40-02#s100r079	64	0	0	0	0	ABSTAIN	A	0	0	0
H5B-P-40-03#s100r079	64	0	0	0	0	ABSTAIN	A	0	0	0
H5B-P-40-04#s100r079	64	0	0	0	0	ABSTAIN	A	0	0	0
H5B-P-40-05#s100r079	64	0	0	0	0	ABSTAIN	A	0	0	0
H5B-P-40-06#s100r079	64	0	0	0	0	ABSTAIN	A	0	0	0
H5B-P-40-07#s100r079	64	0	0	0	0	ABSTAIN	A	0	0	0
H5B-P-40-08#s100r079	64	0	0	0	0	ABSTAIN	A	0	0	0
H5B-P-40-09#s100r079	64	0	0	0	0	ABSTAIN	A	0	0	0
H5B-O-06-00#s100r079	64	0	0	0	0	ABSTAIN	A	0	0	0
H5B-O-06-01#s100r079	64	0	0	0	0	ABSTAIN	A	0	0	0
H5B-O-06-02#s100r079	64	0	0	0	0	ABSTAIN	A	0	0	0
H5B-O-06-03#s100r079	64	0	0	0	0	ABSTAIN	A	0	0	0
H5B-O-06-04#s100r079	64	0	0	0	0	ABSTAIN	A	0	0	0
H5B-O-06-05#s100r079	64	0	0	0	0	ABSTAIN	A	0	0	0
H5B-O-06-06#s100r079	64	0	0	0	0	ABSTAIN	A	0	0	0
H5B-O-06-07#s100r079	64	0	0	0	0	ABSTAIN	A	0	0	0
H5B-O-06-08#s100r079	64	0	0	0	0	ABSTAIN	A	0	0	0
H5B-O-06-09#s100r079	64	0	0	0	0	ABSTAIN	A	0	0	0
H5B-O-12-00#s100r079	64	0	0	0	0	ABSTAIN	A	0	0	0
H5B-O-12-01#s100r079	64	0	0	0	0	ABSTAIN	A	0	0	0
H5B-O-12-02#s100r079	64	0	0	0	0	ABSTAIN	A	0	0	0
H5B-O-12-03#s100r079	64	0	0	0	0	ABSTAIN	A	0	0	0
H5B-O-12-04#s100r079	64	0	0	0	0	ABSTAIN	A	0	0	0
H5B-O-12-05#s100r079	64	0	0	0	0	ABSTAIN	A	0	0	0
H5B-O-12-06#s100r079	64	0	0	0	0	ABSTAIN	A	0	0	0
H5B-O-12-07#s100r079	64	0	0	0	0	ABSTAIN	A	0	0	0
H5B-O-12-08#s100r079	64	0	0	0	0	ABSTAIN	A	0	0	0
H5B-O-12-09#s100r079	64	0	0	0	0	ABSTAIN	A	0	0	0
H5B-O-20-00#s100r079	64	0	0	0	0	ABSTAIN	A	0	0	0
H5B-O-20-01#s100r079	64	0	0	0	0	ABSTAIN	A	0	0	0
H5B-O-20-02#s100r079	64	0	0	0	0	ABSTAIN	A	0	0	0
H5B-O-20-03#s100r079	64	0	0	0	0	ABSTAIN	A	0	0	0
H5B-O-20-04#s100r079	64	0	0	0	0	ABSTAIN	A	0	0	0
H5B-O-20-05#s100r079	64	0	0	0	0	ABSTAIN	A	0	0	0
H5B-O-20-06#s100r079	64	0	0	0	0	ABSTAIN	A	0	0	0
H5B-O-20-07#s100r079	64	0	0	0	0	ABSTAIN	A	0	0	0
H5B-O-20-08#s100r079	64	0	0	0	0	ABSTAIN	A	0	0	0
H5B-O-20-09#s100r079	64	0	0	0	0	ABSTAIN	A	0	0	0
H5B-O-40-00#s100r079	64	0	0	0	0	ABSTAIN	A	0	0	0
H5B-O-40-01#s100r079	64	0	0	0	0	ABSTAIN	A	0	0	0
H5B-O-40-02#s100r079	64	0	0	0	0	ABSTAIN	A	0	0	0
H5B-O-40-03#s100r079	64	0	0	0	0	ABSTAIN	A	0	0	0
H5B-O-40-04#s100r079	64	0	0	0	0	ABSTAIN	A	0	0	0
H5B-O-40-05#s100r079	64	0	0	0	0	ABSTAIN	A	0	0	0
H5B-O-40-06#s100r079	64	0	0	0	0	ABSTAIN	A	0	0	0
H5B-O-40-07#s100r079	64	0	0	0	0	ABSTAIN	A	0	0	0
H5B-O-40-08#s100r079	64	0	0	0	0	ABSTAIN	A	0	0	0
H5B-O-40-09#s100r079	64	0	0	0	0	ABSTAIN	A	0	0	0
H5B-D-0-00#s100r079	64	0	0	0	0	RELEASE	1	660	0	0
H5B-D-0-01#s100r079	64	0	0	0	0	RELEASE	1	660	0	0
H5B-D-0-02#s100r079	64	0	0	0	0	RELEASE	1	660	0	0
H5B-D-0-03#s100r079	64	0	0	0	0	RELEASE	1	660	0	0
H5B-D-0-04#s100r079	64	0	0	0	0	RELEASE	1	660	0	0
H5B-D-0-05#s100r079	64	0	0	0	0	RELEASE	1	660	0	0
H5B-D-0-06#s100r079	64	0	0	0	0	RELEASE	1	660	0	0
H5B-D-0-07#s100r079	64	0	0	0	0	RELEASE	1	660	0	0
H5B-D-0-08#s100r079	64	0	0	0	0	RELEASE	1	660	0	0
H5B-D-0-09#s100r079	64	0	0	0	0	RELEASE	1	661	0	0
H5B-D-1-00#s100r079	64	0	0	0	0	ABSTAIN	A	0	0	0
H5B-D-1-01#s100r079	64	0	0	0	0	ABSTAIN	A	0	0	0
H5B-D-1-02#s100r079	64	0	0	0	0	ABSTAIN	A	0	0	0
H5B-D-1-03#s100r079	64	0	0	0	0	ABSTAIN	A	0	0	0
H5B-D-1-04#s100r079	64	0	0	0	0	ABSTAIN	A	0	0	0
H5B-D-1-05#s100r079	64	0	0	0	0	ABSTAIN	A	0	0	0
H5B-D-1-06#s100r079	64	0	0	0	0	ABSTAIN	A	0	0	0
H5B-D-1-07#s100r079	64	0	0	0	0	ABSTAIN	A	0	0	0
H5B-D-1-08#s100r079	64	0	0	0	0	ABSTAIN	A	0	0	0
H5B-D-1-09#s100r079	64	0	0	0	0	ABSTAIN	A	0	0	0
H5B-D-2-00#s100r079	64	0	0	0	0	ABSTAIN	A	0	0	0
H5B-D-2-01#s100r079	64	0	0	0	0	ABSTAIN	A	0	0	0
H5B-D-2-02#s100r079	64	0	0	0	0	ABSTAIN	A	0	0	0
H5B-D-2-03#s100r079	64	0	0	0	0	ABSTAIN	A	0	0	0
H5B-D-2-04#s100r079	64	0	0	0	0	ABSTAIN	A	0	0	0
H5B-D-2-05#s100r079	64	0	0	0	0	ABSTAIN	A	0	0	0
H5B-D-2-06#s100r079	64	0	0	0	0	ABSTAIN	A	0	0	0
H5B-D-2-07#s100r079	64	0	0	0	0	ABSTAIN	A	0	0	0
H5B-D-2-08#s100r079	64	0	0	0	0	ABSTAIN	A	0	0	0
H5B-D-2-09#s100r079	64	0	0	0	0	ABSTAIN	A	0	0	0
H5B-D-6-00#s100r079	64	0	0	0	0	ABSTAIN	A	0	0	0
H5B-D-6-01#s100r079	64	0	0	0	0	ABSTAIN	A	0	0	0
H5B-D-6-02#s100r079	64	0	0	0	0	ABSTAIN	A	0	0	0
H5B-D-6-03#s100r079	64	0	0	0	0	ABSTAIN	A	0	0	0
H5B-D-6-04#s100r079	64	0	0	0	0	ABSTAIN	A	0	0	0
H5B-D-6-05#s100r079	64	0	0	0	0	ABSTAIN	A	0	0	0
H5B-D-6-06#s100r079	64	0	0	0	0	ABSTAIN	A	0	0	0
H5B-D-6-07#s100r079	64	0	0	0	0	ABSTAIN	A	0	0	0
H5B-D-6-08#s100r079	64	0	0	0	0	ABSTAIN	A	0	0	0
H5B-D-6-09#s100r079	64	0	0	0	0	ABSTAIN	A	0	0	0
H5B-P-06-00#s100r080	64	0	0	0	0	ABSTAIN	A	0	0	0
H5B-P-06-01#s100r080	64	0	0	0	0	ABSTAIN	A	0	0	0
H5B-P-06-02#s100r080	64	0	0	0	0	ABSTAIN	A	0	0	0
H5B-P-06-03#s100r080	64	0	0	0	0	ABSTAIN	A	0	0	0
H5B-P-06-04#s100r080	64	0	0	0	0	ABSTAIN	A	0	0	0
H5B-P-06-05#s100r080	64	0	0	0	0	ABSTAIN	A	0	0	0
H5B-P-06-06#s100r080	64	0	0	0	0	ABSTAIN	A	0	0	0
H5B-P-06-07#s100r080	64	0	0	0	0	ABSTAIN	A	0	0	0
H5B-P-06-08#s100r080	64	0	0	0	0	ABSTAIN	A	0	0	0
H5B-P-06-09#s100r080	64	0	0	0	0	ABSTAIN	A	0	0	0
H5B-P-12-00#s100r080	64	0	0	0	0	ABSTAIN	A	0	0	0
H5B-P-12-01#s100r080	64	0	0	0	0	ABSTAIN	A	0	0	0
H5B-P-12-02#s100r080	64	0	0	0	0	ABSTAIN	A	0	0	0
H5B-P-12-03#s100r080	64	0	0	0	0	ABSTAIN	A	0	0	0
H5B-P-12-04#s100r080	64	0	0	0	0	ABSTAIN	A	0	0	0
H5B-P-12-05#s100r080	64	0	0	0	0	ABSTAIN	A	0	0	0
H5B-P-12-06#s100r080	64	0	0	0	0	ABSTAIN	A	0	0	0
H5B-P-12-07#s100r080	64	0	0	0	0	ABSTAIN	A	0	0	0
H5B-P-12-08#s100r080	64	0	0	0	0	ABSTAIN	A	0	0	0
H5B-P-12-09#s100r080	64	0	0	0	0	ABSTAIN	A	0	0	0
H5B-P-20-00#s100r080	64	0	0	0	0	ABSTAIN	A	0	0	0
H5B-P-20-01#s100r080	64	0	0	0	0	ABSTAIN	A	0	0	0
H5B-P-20-02#s100r080	64	0	0	0	0	ABSTAIN	A	0	0	0
H5B-P-20-03#s100r080	64	0	0	0	0	ABSTAIN	A	0	0	0
H5B-P-20-04#s100r080	64	0	0	0	0	ABSTAIN	A	0	0	0
H5B-P-20-05#s100r080	64	0	0	0	0	ABSTAIN	A	0	0	0
H5B-P-20-06#s100r080	64	0	0	0	0	ABSTAIN	A	0	0	0
H5B-P-20-07#s100r080	64	0	0	0	0	ABSTAIN	A	0	0	0
H5B-P-20-08#s100r080	64	0	0	0	0	ABSTAIN	A	0	0	0
H5B-P-20-09#s100r080	64	0	0	0	0	ABSTAIN	A	0	0	0
H5B-P-40-00#s100r080	64	0	0	0	0	ABSTAIN	A	0	0	0
H5B-P-40-01#s100r080	64	0	0	0	0	ABSTAIN	A	0	0	0
H5B-P-40-02#s100r080	64	0	0	0	0	ABSTAIN	A	0	0	0
H5B-P-40-03#s100r080	64	0	0	0	0	ABSTAIN	A	0	0	0
H5B-P-40-04#s100r080	64	0	0	0	0	ABSTAIN	A	0	0	0
H5B-P-40-05#s100r080	64	0	0	0	0	ABSTAIN	A	0	0	0
H5B-P-40-06#s100r080	64	0	0	0	0	ABSTAIN	A	0	0	0
H5B-P-40-07#s100r080	64	0	0	0	0	ABSTAIN	A	0	0	0
H5B-P-40-08#s100r080	64	0	0	0	0	ABSTAIN	A	0	0	0
H5B-P-40-09#s100r080	64	0	0	0	0	ABSTAIN	A	0	0	0
H5B-O-06-00#s100r080	64	0	0	0	0	ABSTAIN	A	0	0	0
H5B-O-06-01#s100r080	64	0	0	0	0	ABSTAIN	A	0	0	0
H5B-O-06-02#s100r080	64	0	0	0	0	ABSTAIN	A	0	0	0
H5B-O-06-03#s100r080	64	0	0	0	0	ABSTAIN	A	0	0	0
H5B-O-06-04#s100r080	64	0	0	0	0	ABSTAIN	A	0	0	0
H5B-O-06-05#s100r080	64	0	0	0	0	ABSTAIN	A	0	0	0
H5B-O-06-06#s100r080	64	0	0	0	0	ABSTAIN	A	0	0	0
H5B-O-06-07#s100r080	64	0	0	0	0	ABSTAIN	A	0	0	0
H5B-O-06-08#s100r080	64	0	0	0	0	ABSTAIN	A	0	0	0
H5B-O-06-09#s100r080	64	0	0	0	0	ABSTAIN	A	0	0	0
H5B-O-12-00#s100r080	64	0	0	0	0	ABSTAIN	A	0	0	0
H5B-O-12-01#s100r080	64	0	0	0	0	ABSTAIN	A	0	0	0
H5B-O-12-02#s100r080	64	0	0	0	0	ABSTAIN	A	0	0	0
H5B-O-12-03#s100r080	64	0	0	0	0	ABSTAIN	A	0	0	0
H5B-O-12-04#s100r080	64	0	0	0	0	ABSTAIN	A	0	0	0
H5B-O-12-05#s100r080	64	0	0	0	0	ABSTAIN	A	0	0	0
H5B-O-12-06#s100r080	64	0	0	0	0	ABSTAIN	A	0	0	0
H5B-O-12-07#s100r080	64	0	0	0	0	ABSTAIN	A	0	0	0
H5B-O-12-08#s100r080	64	0	0	0	0	ABSTAIN	A	0	0	0
H5B-O-12-09#s100r080	64	0	0	0	0	ABSTAIN	A	0	0	0
H5B-O-20-00#s100r080	64	0	0	0	0	ABSTAIN	A	0	0	0
H5B-O-20-01#s100r080	64	0	0	0	0	ABSTAIN	A	0	0	0
H5B-O-20-02#s100r080	64	0	0	0	0	ABSTAIN	A	0	0	0
H5B-O-20-03#s100r080	64	0	0	0	0	ABSTAIN	A	0	0	0
H5B-O-20-04#s100r080	64	0	0	0	0	ABSTAIN	A	0	0	0
H5B-O-20-05#s100r080	64	0	0	0	0	ABSTAIN	A	0	0	0
H5B-O-20-06#s100r080	64	0	0	0	0	ABSTAIN	A	0	0	0
H5B-O-20-07#s100r080	64	0	0	0	0	ABSTAIN	A	0	0	0
H5B-O-20-08#s100r080	64	0	0	0	0	ABSTAIN	A	0	0	0
H5B-O-20-09#s100r080	64	0	0	0	0	ABSTAIN	A	0	0	0
H5B-O-40-00#s100r080	64	0	0	0	0	ABSTAIN	A	0	0	0
H5B-O-40-01#s100r080	64	0	0	0	0	ABSTAIN	A	0	0	0
H5B-O-40-02#s100r080	64	0	0	0	0	ABSTAIN	A	0	0	0
H5B-O-40-03#s100r080	64	0	0	0	0	ABSTAIN	A	0	0	0
H5B-O-40-04#s100r080	64	0	0	0	0	ABSTAIN	A	0	0	0
H5B-O-40-05#s100r080	64	0	0	0	0	ABSTAIN	A	0	0	0
H5B-O-40-06#s100r080	64	0	0	0	0	ABSTAIN	A	0	0	0
H5B-O-40-07#s100r080	64	0	0	0	0	ABSTAIN	A	0	0	0
H5B-O-40-08#s100r080	64	0	0	0	0	ABSTAIN	A	0	0	0
H5B-O-40-09#s100r080	64	0	0	0	0	ABSTAIN	A	0	0	0
H5B-D-0-00#s100r080	64	0	0	0	0	RELEASE	1	660	0	0
H5B-D-0-01#s100r080	64	0	0	0	0	RELEASE	1	660	0	0
H5B-D-0-02#s100r080	64	0	0	0	0	RELEASE	1	660	0	0
H5B-D-0-03#s100r080	64	0	0	0	0	RELEASE	1	660	0	0
H5B-D-0-04#s100r080	64	0	0	0	0	RELEASE	1	660	0	0
H5B-D-0-05#s100r080	64	0	0	0	0	RELEASE	1	660	0	0
H5B-D-0-06#s100r080	64	0	0	0	0	RELEASE	1	660	0	0
H5B-D-0-07#s100r080	64	0	0	0	0	RELEASE	1	660	0	0
H5B-D-0-08#s100r080	64	0	0	0	0	RELEASE	1	660	0	0
H5B-D-0-09#s100r080	64	0	0	0	0	RELEASE	1	660	0	0
H5B-D-1-00#s100r080	64	0	0	0	0	ABSTAIN	A	0	0	0
H5B-D-1-01#s100r080	64	0	0	0	0	ABSTAIN	A	0	0	0
H5B-D-1-02#s100r080	64	0	0	0	0	ABSTAIN	A	0	0	0
H5B-D-1-03#s100r080	64	0	0	0	0	ABSTAIN	A	0	0	0
H5B-D-1-04#s100r080	64	0	0	0	0	ABSTAIN	A	0	0	0
H5B-D-1-05#s100r080	64	0	0	0	0	ABSTAIN	A	0	0	0
H5B-D-1-06#s100r080	64	0	0	0	0	ABSTAIN	A	0	0	0
H5B-D-1-07#s100r080	64	0	0	0	0	ABSTAIN	A	0	0	0
H5B-D-1-08#s100r080	64	0	0	0	0	ABSTAIN	A	0	0	0
H5B-D-1-09#s100r080	64	0	0	0	0	ABSTAIN	A	0	0	0
H5B-D-2-00#s100r080	64	0	0	0	0	ABSTAIN	A	0	0	0
H5B-D-2-01#s100r080	64	0	0	0	0	ABSTAIN	A	0	0	0
H5B-D-2-02#s100r080	64	0	0	0	0	ABSTAIN	A	0	0	0
H5B-D-2-03#s100r080	64	0	0	0	0	ABSTAIN	A	0	0	0
H5B-D-2-04#s100r080	64	0	0	0	0	ABSTAIN	A	0	0	0
H5B-D-2-05#s100r080	64	0	0	0	0	ABSTAIN	A	0	0	0
H5B-D-2-06#s100r080	64	0	0	0	0	ABSTAIN	A	0	0	0
H5B-D-2-07#s100r080	64	0	0	0	0	ABSTAIN	A	0	0	0
H5B-D-2-08#s100r080	64	0	0	0	0	ABSTAIN	A	0	0	0
H5B-D-2-09#s100r080	64	0	0	0	0	ABSTAIN	A	0	0	0
H5B-D-6-00#s100r080	64	0	0	0	0	ABSTAIN	A	0	0	0
H5B-D-6-01#s100r080	64	0	0	0	0	ABSTAIN	A	0	0	0
H5B-D-6-02#s100r080	64	0	0	0	0	ABSTAIN	A	0	0	0
H5B-D-6-03#s100r080	64	0	0	0	0	ABSTAIN	A	0	0	0
H5B-D-6-04#s100r080	64	0	0	0	0	ABSTAIN	A	0	0	0
H5B-D-6-05#s100r080	64	0	0	0	0	ABSTAIN	A	0	0	0
H5B-D-6-06#s100r080	64	0	0	0	0	ABSTAIN	A	0	0	0
H5B-D-6-07#s100r080	64	0	0	0	0	ABSTAIN	A	0	0	0
H5B-D-6-08#s100r080	64	0	0	0	0	ABSTAIN	A	0	0	0
H5B-D-6-09#s100r080	64	0	0	0	0	ABSTAIN	A	0	0	0
H5B-P-06-00#s100r081	64	0	0	0	0	ABSTAIN	A	0	0	0
H5B-P-06-01#s100r081	64	0	0	0	0	ABSTAIN	A	0	0	0
H5B-P-06-02#s100r081	64	0	0	0	0	ABSTAIN	A	0	0	0
H5B-P-06-03#s100r081	64	0	0	0	0	ABSTAIN	A	0	0	0
H5B-P-06-04#s100r081	64	0	0	0	0	ABSTAIN	A	0	0	0
H5B-P-06-05#s100r081	64	0	0	0	0	ABSTAIN	A	0	0	0
H5B-P-06-06#s100r081	64	0	0	0	0	ABSTAIN	A	0	0	0
H5B-P-06-07#s100r081	64	0	0	0	0	ABSTAIN	A	0	0	0
H5B-P-06-08#s100r081	64	0	0	0	0	ABSTAIN	A	0	0	0
H5B-P-06-09#s100r081	64	0	0	0	0	ABSTAIN	A	0	0	0
H5B-P-12-00#s100r081	64	0	0	0	0	ABSTAIN	A	0	0	0
H5B-P-12-01#s100r081	64	0	0	0	0	ABSTAIN	A	0	0	0
H5B-P-12-02#s100r081	64	0	0	0	0	ABSTAIN	A	0	0	0
H5B-P-12-03#s100r081	64	0	0	0	0	ABSTAIN	A	0	0	0
H5B-P-12-04#s100r081	64	0	0	0	0	ABSTAIN	A	0	0	0
H5B-P-12-05#s100r081	64	0	0	0	0	ABSTAIN	A	0	0	0
H5B-P-12-06#s100r081	64	0	0	0	0	ABSTAIN	A	0	0	0
H5B-P-12-07#s100r081	64	0	0	0	0	ABSTAIN	A	0	0	0
H5B-P-12-08#s100r081	64	0	0	0	0	ABSTAIN	A	0	0	0
H5B-P-12-09#s100r081	64	0	0	0	0	ABSTAIN	A	0	0	0
H5B-P-20-00#s100r081	64	0	0	0	0	ABSTAIN	A	0	0	0
H5B-P-20-01#s100r081	64	0	0	0	0	ABSTAIN	A	0	0	0
H5B-P-20-02#s100r081	64	0	0	0	0	ABSTAIN	A	0	0	0
H5B-P-20-03#s100r081	64	0	0	0	0	ABSTAIN	A	0	0	0
H5B-P-20-04#s100r081	64	0	0	0	0	ABSTAIN	A	0	0	0
H5B-P-20-05#s100r081	64	0	0	0	0	ABSTAIN	A	0	0	0
H5B-P-20-06#s100r081	64	0	0	0	0	ABSTAIN	A	0	0	0
H5B-P-20-07#s100r081	64	0	0	0	0	ABSTAIN	A	0	0	0
H5B-P-20-08#s100r081	64	0	0	0	0	ABSTAIN	A	0	0	0
H5B-P-20-09#s100r081	64	0	0	0	0	ABSTAIN	A	0	0	0
H5B-P-40-00#s100r081	64	0	0	0	0	ABSTAIN	A	0	0	0
H5B-P-40-01#s100r081	64	0	0	0	0	ABSTAIN	A	0	0	0
H5B-P-40-02#s100r081	64	0	0	0	0	ABSTAIN	A	0	0	0
H5B-P-40-03#s100r081	64	0	0	0	0	ABSTAIN	A	0	0	0
H5B-P-40-04#s100r081	64	0	0	0	0	ABSTAIN	A	0	0	0
H5B-P-40-05#s100r081	64	0	0	0	0	ABSTAIN	A	0	0	0
H5B-P-40-06#s100r081	64	0	0	0	0	ABSTAIN	A	0	0	0
H5B-P-40-07#s100r081	64	0	0	0	0	ABSTAIN	A	0	0	0
H5B-P-40-08#s100r081	64	0	0	0	0	ABSTAIN	A	0	0	0
H5B-P-40-09#s100r081	64	0	0	0	0	ABSTAIN	A	0	0	0
H5B-O-06-00#s100r081	64	0	0	0	0	ABSTAIN	A	0	0	0
H5B-O-06-01#s100r081	64	0	0	0	0	ABSTAIN	A	0	0	0
H5B-O-06-02#s100r081	64	0	0	0	0	ABSTAIN	A	0	0	0
H5B-O-06-03#s100r081	64	0	0	0	0	ABSTAIN	A	0	0	0
H5B-O-06-04#s100r081	64	0	0	0	0	ABSTAIN	A	0	0	0
H5B-O-06-05#s100r081	64	0	0	0	0	ABSTAIN	A	0	0	0
H5B-O-06-06#s100r081	64	0	0	0	0	ABSTAIN	A	0	0	0
H5B-O-06-07#s100r081	64	0	0	0	0	ABSTAIN	A	0	0	0
H5B-O-06-08#s100r081	64	0	0	0	0	ABSTAIN	A	0	0	0
H5B-O-06-09#s100r081	64	0	0	0	0	ABSTAIN	A	0	0	0
H5B-O-12-00#s100r081	64	0	0	0	0	ABSTAIN	A	0	0	0
H5B-O-12-01#s100r081	64	0	0	0	0	ABSTAIN	A	0	0	0
H5B-O-12-02#s100r081	64	0	0	0	0	ABSTAIN	A	0	0	0
H5B-O-12-03#s100r081	64	0	0	0	0	ABSTAIN	A	0	0	0
H5B-O-12-04#s100r081	64	0	0	0	0	ABSTAIN	A	0	0	0
H5B-O-12-05#s100r081	64	0	0	0	0	ABSTAIN	A	0	0	0
H5B-O-12-06#s100r081	64	0	0	0	0	ABSTAIN	A	0	0	0
H5B-O-12-07#s100r081	64	0	0	0	0	ABSTAIN	A	0	0	0
H5B-O-12-08#s100r081	64	0	0	0	0	ABSTAIN	A	0	0	0
H5B-O-12-09#s100r081	64	0	0	0	0	ABSTAIN	A	0	0	0
H5B-O-20-00#s100r081	64	0	0	0	0	ABSTAIN	A	0	0	0
H5B-O-20-01#s100r081	64	0	0	0	0	ABSTAIN	A	0	0	0
H5B-O-20-02#s100r081	64	0	0	0	0	ABSTAIN	A	0	0	0
H5B-O-20-03#s100r081	64	0	0	0	0	ABSTAIN	A	0	0	0
H5B-O-20-04#s100r081	64	0	0	0	0	ABSTAIN	A	0	0	0
H5B-O-20-05#s100r081	64	0	0	0	0	ABSTAIN	A	0	0	0
H5B-O-20-06#s100r081	64	0	0	0	0	ABSTAIN	A	0	0	0
H5B-O-20-07#s100r081	64	0	0	0	0	ABSTAIN	A	0	0	0
H5B-O-20-08#s100r081	64	0	0	0	0	ABSTAIN	A	0	0	0
H5B-O-20-09#s100r081	64	0	0	0	0	ABSTAIN	A	0	0	0
H5B-O-40-00#s100r081	64	0	0	0	0	ABSTAIN	A	0	0	0
H5B-O-40-01#s100r081	64	0	0	0	0	ABSTAIN	A	0	0	0
H5B-O-40-02#s100r081	64	0	0	0	0	ABSTAIN	A	0	0	0
H5B-O-40-03#s100r081	64	0	0	0	0	ABSTAIN	A	0	0	0
H5B-O-40-04#s100r081	64	0	0	0	0	ABSTAIN	A	0	0	0
H5B-O-40-05#s100r081	64	0	0	0	0	ABSTAIN	A	0	0	0
H5B-O-40-06#s100r081	64	0	0	0	0	ABSTAIN	A	0	0	0
H5B-O-40-07#s100r081	64	0	0	0	0	ABSTAIN	A	0	0	0
H5B-O-40-08#s100r081	64	0	0	0	0	ABSTAIN	A	0	0	0
H5B-O-40-09#s100r081	64	0	0	0	0	ABSTAIN	A	0	0	0
H5B-D-0-00#s100r081	64	0	0	0	0	RELEASE	1	660	0	0
H5B-D-0-01#s100r081	64	0	0	0	0	RELEASE	1	660	0	0
H5B-D-0-02#s100r081	64	0	0	0	0	RELEASE	1	660	0	0
H5B-D-0-03#s100r081	64	0	0	0	0	RELEASE	1	660	0	0
H5B-D-0-04#s100r081	64	0	0	0	0	RELEASE	1	660	0	0
H5B-D-0-05#s100r081	64	0	0	0	0	RELEASE	1	660	0	0
H5B-D-0-06#s100r081	64	0	0	0	0	RELEASE	1	660	0	0
H5B-D-0-07#s100r081	64	0	0	0	0	RELEASE	1	660	0	0
H5B-D-0-08#s100r081	64	0	0	0	0	RELEASE	1	660	0	0
H5B-D-0-09#s100r081	64	0	0	0	0	RELEASE	1	660	0	0
H5B-D-1-00#s100r081	64	0	0	0	0	ABSTAIN	A	0	0	0
H5B-D-1-01#s100r081	64	0	0	0	0	ABSTAIN	A	0	0	0
H5B-D-1-02#s100r081	64	0	0	0	0	ABSTAIN	A	0	0	0
H5B-D-1-03#s100r081	64	0	0	0	0	ABSTAIN	A	0	0	0
H5B-D-1-04#s100r081	64	0	0	0	0	ABSTAIN	A	0	0	0
H5B-D-1-05#s100r081	64	0	0	0	0	ABSTAIN	A	0	0	0
H5B-D-1-06#s100r081	64	0	0	0	0	ABSTAIN	A	0	0	0
H5B-D-1-07#s100r081	64	0	0	0	0	ABSTAIN	A	0	0	0
H5B-D-1-08#s100r081	64	0	0	0	0	ABSTAIN	A	0	0	0
H5B-D-1-09#s100r081	64	0	0	0	0	ABSTAIN	A	0	0	0
H5B-D-2-00#s100r081	64	0	0	0	0	ABSTAIN	A	0	0	0
H5B-D-2-01#s100r081	64	0	0	0	0	ABSTAIN	A	0	0	0
H5B-D-2-02#s100r081	64	0	0	0	0	ABSTAIN	A	0	0	0
H5B-D-2-03#s100r081	64	0	0	0	0	ABSTAIN	A	0	0	0
H5B-D-2-04#s100r081	64	0	0	0	0	ABSTAIN	A	0	0	0
H5B-D-2-05#s100r081	64	0	0	0	0	ABSTAIN	A	0	0	0
H5B-D-2-06#s100r081	64	0	0	0	0	ABSTAIN	A	0	0	0
H5B-D-2-07#s100r081	64	0	0	0	0	ABSTAIN	A	0	0	0
H5B-D-2-08#s100r081	64	0	0	0	0	ABSTAIN	A	0	0	0
H5B-D-2-09#s100r081	64	0	0	0	0	ABSTAIN	A	0	0	0
H5B-D-6-00#s100r081	64	0	0	0	0	ABSTAIN	A	0	0	0
H5B-D-6-01#s100r081	64	0	0	0	0	ABSTAIN	A	0	0	0
H5B-D-6-02#s100r081	64	0	0	0	0	ABSTAIN	A	0	0	0
H5B-D-6-03#s100r081	64	0	0	0	0	ABSTAIN	A	0	0	0
H5B-D-6-04#s100r081	64	0	0	0	0	ABSTAIN	A	0	0	0
H5B-D-6-05#s100r081	64	0	0	0	0	ABSTAIN	A	0	0	0
H5B-D-6-06#s100r081	64	0	0	0	0	ABSTAIN	A	0	0	0
H5B-D-6-07#s100r081	64	0	0	0	0	ABSTAIN	A	0	0	0
H5B-D-6-08#s100r081	64	0	0	0	0	ABSTAIN	A	0	0	0
H5B-D-6-09#s100r081	64	0	0	0	0	ABSTAIN	A	0	0	0
H5B-P-06-00#s100r082	64	0	0	0	0	ABSTAIN	A	0	0	0
H5B-P-06-01#s100r082	64	0	0	0	0	ABSTAIN	A	0	0	0
H5B-P-06-02#s100r082	64	0	0	0	0	ABSTAIN	A	0	0	0
H5B-P-06-03#s100r082	64	0	0	0	0	ABSTAIN	A	0	0	0
H5B-P-06-04#s100r082	64	0	0	0	0	ABSTAIN	A	0	0	0
H5B-P-06-05#s100r082	64	0	0	0	0	ABSTAIN	A	0	0	0
H5B-P-06-06#s100r082	64	0	0	0	0	ABSTAIN	A	0	0	0
H5B-P-06-07#s100r082	64	0	0	0	0	ABSTAIN	A	0	0	0
H5B-P-06-08#s100r082	64	0	0	0	0	ABSTAIN	A	0	0	0
H5B-P-06-09#s100r082	64	0	0	0	0	ABSTAIN	A	0	0	0
H5B-P-12-00#s100r082	64	0	0	0	0	ABSTAIN	A	0	0	0
H5B-P-12-01#s100r082	64	0	0	0	0	ABSTAIN	A	0	0	0
H5B-P-12-02#s100r082	64	0	0	0	0	ABSTAIN	A	0	0	0
H5B-P-12-03#s100r082	64	0	0	0	0	ABSTAIN	A	0	0	0
H5B-P-12-04#s100r082	64	0	0	0	0	ABSTAIN	A	0	0	0
H5B-P-12-05#s100r082	64	0	0	0	0	ABSTAIN	A	0	0	0
H5B-P-12-06#s100r082	64	0	0	0	0	ABSTAIN	A	0	0	0
H5B-P-12-07#s100r082	64	0	0	0	0	ABSTAIN	A	0	0	0
H5B-P-12-08#s100r082	64	0	0	0	0	ABSTAIN	A	0	0	0
H5B-P-12-09#s100r082	64	0	0	0	0	ABSTAIN	A	0	0	0
H5B-P-20-00#s100r082	64	0	0	0	0	ABSTAIN	A	0	0	0
H5B-P-20-01#s100r082	64	0	0	0	0	ABSTAIN	A	0	0	0
H5B-P-20-02#s100r082	64	0	0	0	0	ABSTAIN	A	0	0	0
H5B-P-20-03#s100r082	64	0	0	0	0	ABSTAIN	A	0	0	0
H5B-P-20-04#s100r082	64	0	0	0	0	ABSTAIN	A	0	0	0
H5B-P-20-05#s100r082	64	0	0	0	0	ABSTAIN	A	0	0	0
H5B-P-20-06#s100r082	64	0	0	0	0	ABSTAIN	A	0	0	0
H5B-P-20-07#s100r082	64	0	0	0	0	ABSTAIN	A	0	0	0
H5B-P-20-08#s100r082	64	0	0	0	0	ABSTAIN	A	0	0	0
H5B-P-20-09#s100r082	64	0	0	0	0	ABSTAIN	A	0	0	0
H5B-P-40-00#s100r082	64	0	0	0	0	ABSTAIN	A	0	0	0
H5B-P-40-01#s100r082	64	0	0	0	0	ABSTAIN	A	0	0	0
H5B-P-40-02#s100r082	64	0	0	0	0	ABSTAIN	A	0	0	0
H5B-P-40-03#s100r082	64	0	0	0	0	ABSTAIN	A	0	0	0
H5B-P-40-04#s100r082	64	0	0	0	0	ABSTAIN	A	0	0	0
H5B-P-40-05#s100r082	64	0	0	0	0	ABSTAIN	A	0	0	0
H5B-P-40-06#s100r082	64	0	0	0	0	ABSTAIN	A	0	0	0
H5B-P-40-07#s100r082	64	0	0	0	0	ABSTAIN	A	0	0	0
H5B-P-40-08#s100r082	64	0	0	0	0	ABSTAIN	A	0	0	0
H5B-P-40-09#s100r082	64	0	0	0	0	ABSTAIN	A	0	0	0
H5B-O-06-00#s100r082	64	0	0	0	0	ABSTAIN	A	0	0	0
H5B-O-06-01#s100r082	64	0	0	0	0	ABSTAIN	A	0	0	0
H5B-O-06-02#s100r082	64	0	0	0	0	ABSTAIN	A	0	0	0
H5B-O-06-03#s100r082	64	0	0	0	0	ABSTAIN	A	0	0	0
H5B-O-06-04#s100r082	64	0	0	0	0	ABSTAIN	A	0	0	0
H5B-O-06-05#s100r082	64	0	0	0	0	ABSTAIN	A	0	0	0
H5B-O-06-06#s100r082	64	0	0	0	0	ABSTAIN	A	0	0	0
H5B-O-06-07#s100r082	64	0	0	0	0	ABSTAIN	A	0	0	0
H5B-O-06-08#s100r082	64	0	0	0	0	ABSTAIN	A	0	0	0
H5B-O-06-09#s100r082	64	0	0	0	0	ABSTAIN	A	0	0	0
H5B-O-12-00#s100r082	64	0	0	0	0	ABSTAIN	A	0	0	0
H5B-O-12-01#s100r082	64	0	0	0	0	ABSTAIN	A	0	0	0
H5B-O-12-02#s100r082	64	0	0	0	0	ABSTAIN	A	0	0	0
H5B-O-12-03#s100r082	64	0	0	0	0	ABSTAIN	A	0	0	0
H5B-O-12-04#s100r082	64	0	0	0	0	ABSTAIN	A	0	0	0
H5B-O-12-05#s100r082	64	0	0	0	0	ABSTAIN	A	0	0	0
H5B-O-12-06#s100r082	64	0	0	0	0	ABSTAIN	A	0	0	0
H5B-O-12-07#s100r082	64	0	0	0	0	ABSTAIN	A	0	0	0
H5B-O-12-08#s100r082	64	0	0	0	0	ABSTAIN	A	0	0	0
H5B-O-12-09#s100r082	64	0	0	0	0	ABSTAIN	A	0	0	0
H5B-O-20-00#s100r082	64	0	0	0	0	ABSTAIN	A	0	0	0
H5B-O-20-01#s100r082	64	0	0	0	0	ABSTAIN	A	0	0	0
H5B-O-20-02#s100r082	64	0	0	0	0	ABSTAIN	A	0	0	0
H5B-O-20-03#s100r082	64	0	0	0	0	ABSTAIN	A	0	0	0
H5B-O-20-04#s100r082	64	0	0	0	0	ABSTAIN	A	0	0	0
H5B-O-20-05#s100r082	64	0	0	0	0	ABSTAIN	A	0	0	0
H5B-O-20-06#s100r082	64	0	0	0	0	ABSTAIN	A	0	0	0
H5B-O-20-07#s100r082	64	0	0	0	0	ABSTAIN	A	0	0	0
H5B-O-20-08#s100r082	64	0	0	0	0	ABSTAIN	A	0	0	0
H5B-O-20-09#s100r082	64	0	0	0	0	ABSTAIN	A	0	0	0
H5B-O-40-00#s100r082	64	0	0	0	0	ABSTAIN	A	0	0	0
H5B-O-40-01#s100r082	64	0	0	0	0	ABSTAIN	A	0	0	0
H5B-O-40-02#s100r082	64	0	0	0	0	ABSTAIN	A	0	0	0
H5B-O-40-03#s100r082	64	0	0	0	0	ABSTAIN	A	0	0	0
H5B-O-40-04#s100r082	64	0	0	0	0	ABSTAIN	A	0	0	0
H5B-O-40-05#s100r082	64	0	0	0	0	ABSTAIN	A	0	0	0
H5B-O-40-06#s100r082	64	0	0	0	0	ABSTAIN	A	0	0	0
H5B-O-40-07#s100r082	64	0	0	0	0	ABSTAIN	A	0	0	0
H5B-O-40-08#s100r082	64	0	0	0	0	ABSTAIN	A	0	0	0
H5B-O-40-09#s100r082	64	0	0	0	0	ABSTAIN	A	0	0	0
H5B-D-0-00#s100r082	64	0	0	0	0	RELEASE	1	660	0	0
H5B-D-0-01#s100r082	64	0	0	0	0	RELEASE	1	660	0	0
H5B-D-0-02#s100r082	64	0	0	0	0	RELEASE	1	660	0	0
H5B-D-0-03#s100r082	64	0	0	0	0	RELEASE	1	660	0	0
H5B-D-0-04#s100r082	64	0	0	0	0	RELEASE	1	660	0	0
H5B-D-0-05#s100r082	64	0	0	0	0	RELEASE	1	660	0	0
H5B-D-0-06#s100r082	64	0	0	0	0	RELEASE	1	660	0	0
H5B-D-0-07#s100r082	64	0	0	0	0	RELEASE	1	660	0	0
H5B-D-0-08#s100r082	64	0	0	0	0	RELEASE	1	660	0	0
H5B-D-0-09#s100r082	64	0	0	0	0	RELEASE	1	660	0	0
H5B-D-1-00#s100r082	64	0	0	0	0	ABSTAIN	A	0	0	0
H5B-D-1-01#s100r082	64	0	0	0	0	ABSTAIN	A	0	0	0
H5B-D-1-02#s100r082	64	0	0	0	0	ABSTAIN	A	0	0	0
H5B-D-1-03#s100r082	64	0	0	0	0	ABSTAIN	A	0	0	0
H5B-D-1-04#s100r082	64	0	0	0	0	ABSTAIN	A	0	0	0
H5B-D-1-05#s100r082	64	0	0	0	0	ABSTAIN	A	0	0	0
H5B-D-1-06#s100r082	64	0	0	0	0	ABSTAIN	A	0	0	0
H5B-D-1-07#s100r082	64	0	0	0	0	ABSTAIN	A	0	0	0
H5B-D-1-08#s100r082	64	0	0	0	0	ABSTAIN	A	0	0	0
H5B-D-1-09#s100r082	64	0	0	0	0	ABSTAIN	A	0	0	0
H5B-D-2-00#s100r082	64	0	0	0	0	ABSTAIN	A	0	0	0
H5B-D-2-01#s100r082	64	0	0	0	0	ABSTAIN	A	0	0	0
H5B-D-2-02#s100r082	64	0	0	0	0	ABSTAIN	A	0	0	0
H5B-D-2-03#s100r082	64	0	0	0	0	ABSTAIN	A	0	0	0
H5B-D-2-04#s100r082	64	0	0	0	0	ABSTAIN	A	0	0	0
H5B-D-2-05#s100r082	64	0	0	0	0	ABSTAIN	A	0	0	0
H5B-D-2-06#s100r082	64	0	0	0	0	ABSTAIN	A	0	0	0
H5B-D-2-07#s100r082	64	0	0	0	0	ABSTAIN	A	0	0	0
H5B-D-2-08#s100r082	64	0	0	0	0	ABSTAIN	A	0	0	0
H5B-D-2-09#s100r082	64	0	0	0	0	ABSTAIN	A	0	0	0
H5B-D-6-00#s100r082	64	0	0	0	0	ABSTAIN	A	0	0	0
H5B-D-6-01#s100r082	64	0	0	0	0	ABSTAIN	A	0	0	0
H5B-D-6-02#s100r082	64	0	0	0	0	ABSTAIN	A	0	0	0
H5B-D-6-03#s100r082	64	0	0	0	0	ABSTAIN	A	0	0	0
H5B-D-6-04#s100r082	64	0	0	0	0	ABSTAIN	A	0	0	0
H5B-D-6-05#s100r082	64	0	0	0	0	ABSTAIN	A	0	0	0
H5B-D-6-06#s100r082	64	0	0	0	0	ABSTAIN	A	0	0	0
H5B-D-6-07#s100r082	64	0	0	0	0	ABSTAIN	A	0	0	0
H5B-D-6-08#s100r082	64	0	0	0	0	ABSTAIN	A	0	0	0
H5B-D-6-09#s100r082	64	0	0	0	0	ABSTAIN	A	0	0	0
H5B-P-06-00#s100r083	64	0	0	0	0	ABSTAIN	A	0	0	0
H5B-P-06-01#s100r083	64	0	0	0	0	ABSTAIN	A	0	0	0
H5B-P-06-02#s100r083	64	0	0	0	0	ABSTAIN	A	0	0	0
H5B-P-06-03#s100r083	64	0	0	0	0	ABSTAIN	A	0	0	0
H5B-P-06-04#s100r083	64	0	0	0	0	ABSTAIN	A	0	0	0
H5B-P-06-05#s100r083	64	0	0	0	0	ABSTAIN	A	0	0	0
H5B-P-06-06#s100r083	64	0	0	0	0	ABSTAIN	A	0	0	0
H5B-P-06-07#s100r083	64	0	0	0	0	ABSTAIN	A	0	0	0
H5B-P-06-08#s100r083	64	0	0	0	0	ABSTAIN	A	0	0	0
H5B-P-06-09#s100r083	64	0	0	0	0	ABSTAIN	A	0	0	0
H5B-P-12-00#s100r083	64	0	0	0	0	ABSTAIN	A	0	0	0
H5B-P-12-01#s100r083	64	0	0	0	0	ABSTAIN	A	0	0	0
H5B-P-12-02#s100r083	64	0	0	0	0	ABSTAIN	A	0	0	0
H5B-P-12-03#s100r083	64	0	0	0	0	ABSTAIN	A	0	0	0
H5B-P-12-04#s100r083	64	0	0	0	0	ABSTAIN	A	0	0	0
H5B-P-12-05#s100r083	64	0	0	0	0	ABSTAIN	A	0	0	0
H5B-P-12-06#s100r083	64	0	0	0	0	ABSTAIN	A	0	0	0
H5B-P-12-07#s100r083	64	0	0	0	0	ABSTAIN	A	0	0	0
H5B-P-12-08#s100r083	64	0	0	0	0	ABSTAIN	A	0	0	0
H5B-P-12-09#s100r083	64	0	0	0	0	ABSTAIN	A	0	0	0
H5B-P-20-00#s100r083	64	0	0	0	0	ABSTAIN	A	0	0	0
H5B-P-20-01#s100r083	64	0	0	0	0	ABSTAIN	A	0	0	0
H5B-P-20-02#s100r083	64	0	0	0	0	ABSTAIN	A	0	0	0
H5B-P-20-03#s100r083	64	0	0	0	0	ABSTAIN	A	0	0	0
H5B-P-20-04#s100r083	64	0	0	0	0	ABSTAIN	A	0	0	0
H5B-P-20-05#s100r083	64	0	0	0	0	ABSTAIN	A	0	0	0
H5B-P-20-06#s100r083	64	0	0	0	0	ABSTAIN	A	0	0	0
H5B-P-20-07#s100r083	64	0	0	0	0	ABSTAIN	A	0	0	0
H5B-P-20-08#s100r083	64	0	0	0	0	ABSTAIN	A	0	0	0
H5B-P-20-09#s100r083	64	0	0	0	0	ABSTAIN	A	0	0	0
H5B-P-40-00#s100r083	64	0	0	0	0	ABSTAIN	A	0	0	0
H5B-P-40-01#s100r083	64	0	0	0	0	ABSTAIN	A	0	0	0
H5B-P-40-02#s100r083	64	0	0	0	0	ABSTAIN	A	0	0	0
H5B-P-40-03#s100r083	64	0	0	0	0	ABSTAIN	A	0	0	0
H5B-P-40-04#s100r083	64	0	0	0	0	ABSTAIN	A	0	0	0
H5B-P-40-05#s100r083	64	0	0	0	0	ABSTAIN	A	0	0	0
H5B-P-40-06#s100r083	64	0	0	0	0	ABSTAIN	A	0	0	0
H5B-P-40-07#s100r083	64	0	0	0	0	ABSTAIN	A	0	0	0
H5B-P-40-08#s100r083	64	0	0	0	0	ABSTAIN	A	0	0	0
H5B-P-40-09#s100r083	64	0	0	0	0	ABSTAIN	A	0	0	0
H5B-O-06-00#s100r083	64	0	0	0	0	ABSTAIN	A	0	0	0
H5B-O-06-01#s100r083	64	0	0	0	0	ABSTAIN	A	0	0	0
H5B-O-06-02#s100r083	64	0	0	0	0	ABSTAIN	A	0	0	0
H5B-O-06-03#s100r083	64	0	0	0	0	ABSTAIN	A	0	0	0
H5B-O-06-04#s100r083	64	0	0	0	0	ABSTAIN	A	0	0	0
H5B-O-06-05#s100r083	64	0	0	0	0	ABSTAIN	A	0	0	0
H5B-O-06-06#s100r083	64	0	0	0	0	ABSTAIN	A	0	0	0
H5B-O-06-07#s100r083	64	0	0	0	0	ABSTAIN	A	0	0	0
H5B-O-06-08#s100r083	64	0	0	0	0	ABSTAIN	A	0	0	0
H5B-O-06-09#s100r083	64	0	0	0	0	ABSTAIN	A	0	0	0
H5B-O-12-00#s100r083	64	0	0	0	0	ABSTAIN	A	0	0	0
H5B-O-12-01#s100r083	64	0	0	0	0	ABSTAIN	A	0	0	0
H5B-O-12-02#s100r083	64	0	0	0	0	ABSTAIN	A	0	0	0
H5B-O-12-03#s100r083	64	0	0	0	0	ABSTAIN	A	0	0	0
H5B-O-12-04#s100r083	64	0	0	0	0	ABSTAIN	A	0	0	0
H5B-O-12-05#s100r083	64	0	0	0	0	ABSTAIN	A	0	0	0
H5B-O-12-06#s100r083	64	0	0	0	0	ABSTAIN	A	0	0	0
H5B-O-12-07#s100r083	64	0	0	0	0	ABSTAIN	A	0	0	0
H5B-O-12-08#s100r083	64	0	0	0	0	ABSTAIN	A	0	0	0
H5B-O-12-09#s100r083	64	0	0	0	0	ABSTAIN	A	0	0	0
H5B-O-20-00#s100r083	64	0	0	0	0	ABSTAIN	A	0	0	0
H5B-O-20-01#s100r083	64	0	0	0	0	ABSTAIN	A	0	0	0
H5B-O-20-02#s100r083	64	0	0	0	0	ABSTAIN	A	0	0	0
H5B-O-20-03#s100r083	64	0	0	0	0	ABSTAIN	A	0	0	0
H5B-O-20-04#s100r083	64	0	0	0	0	ABSTAIN	A	0	0	0
H5B-O-20-05#s100r083	64	0	0	0	0	ABSTAIN	A	0	0	0
H5B-O-20-06#s100r083	64	0	0	0	0	ABSTAIN	A	0	0	0
H5B-O-20-07#s100r083	64	0	0	0	0	ABSTAIN	A	0	0	0
H5B-O-20-08#s100r083	64	0	0	0	0	ABSTAIN	A	0	0	0
H5B-O-20-09#s100r083	64	0	0	0	0	ABSTAIN	A	0	0	0
H5B-O-40-00#s100r083	64	0	0	0	0	ABSTAIN	A	0	0	0
H5B-O-40-01#s100r083	64	0	0	0	0	ABSTAIN	A	0	0	0
H5B-O-40-02#s100r083	64	0	0	0	0	ABSTAIN	A	0	0	0
H5B-O-40-03#s100r083	64	0	0	0	0	ABSTAIN	A	0	0	0
H5B-O-40-04#s100r083	64	0	0	0	0	ABSTAIN	A	0	0	0
H5B-O-40-05#s100r083	64	0	0	0	0	ABSTAIN	A	0	0	0
H5B-O-40-06#s100r083	64	0	0	0	0	ABSTAIN	A	0	0	0
H5B-O-40-07#s100r083	64	0	0	0	0	ABSTAIN	A	0	0	0
H5B-O-40-08#s100r083	64	0	0	0	0	ABSTAIN	A	0	0	0
H5B-O-40-09#s100r083	64	0	0	0	0	ABSTAIN	A	0	0	0
H5B-D-0-00#s100r083	64	0	0	0	0	RELEASE	1	660	0	0
H5B-D-0-01#s100r083	64	0	0	0	0	RELEASE	1	660	0	0
H5B-D-0-02#s100r083	64	0	0	0	0	RELEASE	1	660	0	0
H5B-D-0-03#s100r083	64	0	0	0	0	RELEASE	1	660	0	0
H5B-D-0-04#s100r083	64	0	0	0	0	RELEASE	1	660	0	0
H5B-D-0-05#s100r083	64	0	0	0	0	RELEASE	1	660	0	0
H5B-D-0-06#s100r083	64	0	0	0	0	RELEASE	1	660	0	0
H5B-D-0-07#s100r083	64	0	0	0	0	RELEASE	1	660	0	0
H5B-D-0-08#s100r083	64	0	0	0	0	RELEASE	1	660	0	0
H5B-D-0-09#s100r083	64	0	0	0	0	RELEASE	1	660	0	0
H5B-D-1-00#s100r083	64	0	0	0	0	ABSTAIN	A	0	0	0
H5B-D-1-01#s100r083	64	0	0	0	0	ABSTAIN	A	0	0	0
H5B-D-1-02#s100r083	64	0	0	0	0	ABSTAIN	A	0	0	0
H5B-D-1-03#s100r083	64	0	0	0	0	ABSTAIN	A	0	0	0
H5B-D-1-04#s100r083	64	0	0	0	0	ABSTAIN	A	0	0	0
H5B-D-1-05#s100r083	64	0	0	0	0	ABSTAIN	A	0	0	0
H5B-D-1-06#s100r083	64	0	0	0	0	ABSTAIN	A	0	0	0
H5B-D-1-07#s100r083	64	0	0	0	0	ABSTAIN	A	0	0	0
H5B-D-1-08#s100r083	64	0	0	0	0	ABSTAIN	A	0	0	0
H5B-D-1-09#s100r083	64	0	0	0	0	ABSTAIN	A	0	0	0
H5B-D-2-00#s100r083	64	0	0	0	0	ABSTAIN	A	0	0	0
H5B-D-2-01#s100r083	64	0	0	0	0	ABSTAIN	A	0	0	0
H5B-D-2-02#s100r083	64	0	0	0	0	ABSTAIN	A	0	0	0
H5B-D-2-03#s100r083	64	0	0	0	0	ABSTAIN	A	0	0	0
H5B-D-2-04#s100r083	64	0	0	0	0	ABSTAIN	A	0	0	0
H5B-D-2-05#s100r083	64	0	0	0	0	ABSTAIN	A	0	0	0
H5B-D-2-06#s100r083	64	0	0	0	0	ABSTAIN	A	0	0	0
H5B-D-2-07#s100r083	64	0	0	0	0	ABSTAIN	A	0	0	0
H5B-D-2-08#s100r083	64	0	0	0	0	ABSTAIN	A	0	0	0
H5B-D-2-09#s100r083	64	0	0	0	0	ABSTAIN	A	0	0	0
H5B-D-6-00#s100r083	64	0	0	0	0	ABSTAIN	A	0	0	0
H5B-D-6-01#s100r083	64	0	0	0	0	ABSTAIN	A	0	0	0
H5B-D-6-02#s100r083	64	0	0	0	0	ABSTAIN	A	0	0	0
H5B-D-6-03#s100r083	64	0	0	0	0	ABSTAIN	A	0	0	0
H5B-D-6-04#s100r083	64	0	0	0	0	ABSTAIN	A	0	0	0
H5B-D-6-05#s100r083	64	0	0	0	0	ABSTAIN	A	0	0	0
H5B-D-6-06#s100r083	64	0	0	0	0	ABSTAIN	A	0	0	0
H5B-D-6-07#s100r083	64	0	0	0	0	ABSTAIN	A	0	0	0
H5B-D-6-08#s100r083	64	0	0	0	0	ABSTAIN	A	0	0	0
H5B-D-6-09#s100r083	64	0	0	0	0	ABSTAIN	A	0	0	0
H5B-P-06-00#s100r084	64	0	0	0	0	ABSTAIN	A	0	0	0
H5B-P-06-01#s100r084	64	0	0	0	0	ABSTAIN	A	0	0	0
H5B-P-06-02#s100r084	64	0	0	0	0	ABSTAIN	A	0	0	0
H5B-P-06-03#s100r084	64	0	0	0	0	ABSTAIN	A	0	0	0
H5B-P-06-04#s100r084	64	0	0	0	0	ABSTAIN	A	0	0	0
H5B-P-06-05#s100r084	64	0	0	0	0	ABSTAIN	A	0	0	0
H5B-P-06-06#s100r084	64	0	0	0	0	ABSTAIN	A	0	0	0
H5B-P-06-07#s100r084	64	0	0	0	0	ABSTAIN	A	0	0	0
H5B-P-06-08#s100r084	64	0	0	0	0	ABSTAIN	A	0	0	0
H5B-P-06-09#s100r084	64	0	0	0	0	ABSTAIN	A	0	0	0
H5B-P-12-00#s100r084	64	0	0	0	0	ABSTAIN	A	0	0	0
H5B-P-12-01#s100r084	64	0	0	0	0	ABSTAIN	A	0	0	0
H5B-P-12-02#s100r084	64	0	0	0	0	ABSTAIN	A	0	0	0
H5B-P-12-03#s100r084	64	0	0	0	0	ABSTAIN	A	0	0	0
H5B-P-12-04#s100r084	64	0	0	0	0	ABSTAIN	A	0	0	0
H5B-P-12-05#s100r084	64	0	0	0	0	ABSTAIN	A	0	0	0
H5B-P-12-06#s100r084	64	0	0	0	0	ABSTAIN	A	0	0	0
H5B-P-12-07#s100r084	64	0	0	0	0	ABSTAIN	A	0	0	0
H5B-P-12-08#s100r084	64	0	0	0	0	ABSTAIN	A	0	0	0
H5B-P-12-09#s100r084	64	0	0	0	0	ABSTAIN	A	0	0	0
H5B-P-20-00#s100r084	64	0	0	0	0	ABSTAIN	A	0	0	0
H5B-P-20-01#s100r084	64	0	0	0	0	ABSTAIN	A	0	0	0
H5B-P-20-02#s100r084	64	0	0	0	0	ABSTAIN	A	0	0	0
H5B-P-20-03#s100r084	64	0	0	0	0	ABSTAIN	A	0	0	0
H5B-P-20-04#s100r084	64	0	0	0	0	ABSTAIN	A	0	0	0
H5B-P-20-05#s100r084	64	0	0	0	0	ABSTAIN	A	0	0	0
H5B-P-20-06#s100r084	64	0	0	0	0	ABSTAIN	A	0	0	0
H5B-P-20-07#s100r084	64	0	0	0	0	ABSTAIN	A	0	0	0
H5B-P-20-08#s100r084	64	0	0	0	0	ABSTAIN	A	0	0	0
H5B-P-20-09#s100r084	64	0	0	0	0	ABSTAIN	A	0	0	0
H5B-P-40-00#s100r084	64	0	0	0	0	ABSTAIN	A	0	0	0
H5B-P-40-01#s100r084	64	0	0	0	0	ABSTAIN	A	0	0	0
H5B-P-40-02#s100r084	64	0	0	0	0	ABSTAIN	A	0	0	0
H5B-P-40-03#s100r084	64	0	0	0	0	ABSTAIN	A	0	0	0
H5B-P-40-04#s100r084	64	0	0	0	0	ABSTAIN	A	0	0	0
H5B-P-40-05#s100r084	64	0	0	0	0	ABSTAIN	A	0	0	0
H5B-P-40-06#s100r084	64	0	0	0	0	ABSTAIN	A	0	0	0
H5B-P-40-07#s100r084	64	0	0	0	0	ABSTAIN	A	0	0	0
H5B-P-40-08#s100r084	64	0	0	0	0	ABSTAIN	A	0	0	0
H5B-P-40-09#s100r084	64	0	0	0	0	ABSTAIN	A	0	0	0
H5B-O-06-00#s100r084	64	0	0	0	0	ABSTAIN	A	0	0	0
H5B-O-06-01#s100r084	64	0	0	0	0	ABSTAIN	A	0	0	0
H5B-O-06-02#s100r084	64	0	0	0	0	ABSTAIN	A	0	0	0
H5B-O-06-03#s100r084	64	0	0	0	0	ABSTAIN	A	0	0	0
H5B-O-06-04#s100r084	64	0	0	0	0	ABSTAIN	A	0	0	0
H5B-O-06-05#s100r084	64	0	0	0	0	ABSTAIN	A	0	0	0
H5B-O-06-06#s100r084	64	0	0	0	0	ABSTAIN	A	0	0	0
H5B-O-06-07#s100r084	64	0	0	0	0	ABSTAIN	A	0	0	0
H5B-O-06-08#s100r084	64	0	0	0	0	ABSTAIN	A	0	0	0
H5B-O-06-09#s100r084	64	0	0	0	0	ABSTAIN	A	0	0	0
H5B-O-12-00#s100r084	64	0	0	0	0	ABSTAIN	A	0	0	0
H5B-O-12-01#s100r084	64	0	0	0	0	ABSTAIN	A	0	0	0
H5B-O-12-02#s100r084	64	0	0	0	0	ABSTAIN	A	0	0	0
H5B-O-12-03#s100r084	64	0	0	0	0	ABSTAIN	A	0	0	0
H5B-O-12-04#s100r084	64	0	0	0	0	ABSTAIN	A	0	0	0
H5B-O-12-05#s100r084	64	0	0	0	0	ABSTAIN	A	0	0	0
H5B-O-12-06#s100r084	64	0	0	0	0	ABSTAIN	A	0	0	0
H5B-O-12-07#s100r084	64	0	0	0	0	ABSTAIN	A	0	0	0
H5B-O-12-08#s100r084	64	0	0	0	0	ABSTAIN	A	0	0	0
H5B-O-12-09#s100r084	64	0	0	0	0	ABSTAIN	A	0	0	0
H5B-O-20-00#s100r084	64	0	0	0	0	ABSTAIN	A	0	0	0
H5B-O-20-01#s100r084	64	0	0	0	0	ABSTAIN	A	0	0	0
H5B-O-20-02#s100r084	64	0	0	0	0	ABSTAIN	A	0	0	0
H5B-O-20-03#s100r084	64	0	0	0	0	ABSTAIN	A	0	0	0
H5B-O-20-04#s100r084	64	0	0	0	0	ABSTAIN	A	0	0	0
H5B-O-20-05#s100r084	64	0	0	0	0	ABSTAIN	A	0	0	0
H5B-O-20-06#s100r084	64	0	0	0	0	ABSTAIN	A	0	0	0
H5B-O-20-07#s100r084	64	0	0	0	0	ABSTAIN	A	0	0	0
H5B-O-20-08#s100r084	64	0	0	0	0	ABSTAIN	A	0	0	0
H5B-O-20-09#s100r084	64	0	0	0	0	ABSTAIN	A	0	0	0
H5B-O-40-00#s100r084	64	0	0	0	0	ABSTAIN	A	0	0	0
H5B-O-40-01#s100r084	64	0	0	0	0	ABSTAIN	A	0	0	0
H5B-O-40-02#s100r084	64	0	0	0	0	ABSTAIN	A	0	0	0
H5B-O-40-03#s100r084	64	0	0	0	0	ABSTAIN	A	0	0	0
H5B-O-40-04#s100r084	64	0	0	0	0	ABSTAIN	A	0	0	0
H5B-O-40-05#s100r084	64	0	0	0	0	ABSTAIN	A	0	0	0
H5B-O-40-06#s100r084	64	0	0	0	0	ABSTAIN	A	0	0	0
H5B-O-40-07#s100r084	64	0	0	0	0	ABSTAIN	A	0	0	0
H5B-O-40-08#s100r084	64	0	0	0	0	ABSTAIN	A	0	0	0
H5B-O-40-09#s100r084	64	0	0	0	0	ABSTAIN	A	0	0	0
H5B-D-0-00#s100r084	64	0	0	0	0	RELEASE	1	660	0	0
H5B-D-0-01#s100r084	64	0	0	0	0	RELEASE	1	660	0	0
H5B-D-0-02#s100r084	64	0	0	0	0	RELEASE	1	660	0	0
H5B-D-0-03#s100r084	64	0	0	0	0	RELEASE	1	660	0	0
H5B-D-0-04#s100r084	64	0	0	0	0	RELEASE	1	660	0	0
H5B-D-0-05#s100r084	64	0	0	0	0	RELEASE	1	660	0	0
H5B-D-0-06#s100r084	64	0	0	0	0	RELEASE	1	660	0	0
H5B-D-0-07#s100r084	64	0	0	0	0	RELEASE	1	660	0	0
H5B-D-0-08#s100r084	64	0	0	0	0	RELEASE	1	660	0	0
H5B-D-0-09#s100r084	64	0	0	0	0	RELEASE	1	660	0	0
H5B-D-1-00#s100r084	64	0	0	0	0	ABSTAIN	A	0	0	0
H5B-D-1-01#s100r084	64	0	0	0	0	ABSTAIN	A	0	0	0
H5B-D-1-02#s100r084	64	0	0	0	0	ABSTAIN	A	0	0	0
H5B-D-1-03#s100r084	64	0	0	0	0	ABSTAIN	A	0	0	0
H5B-D-1-04#s100r084	64	0	0	0	0	ABSTAIN	A	0	0	0
H5B-D-1-05#s100r084	64	0	0	0	0	ABSTAIN	A	0	0	0
H5B-D-1-06#s100r084	64	0	0	0	0	ABSTAIN	A	0	0	0
H5B-D-1-07#s100r084	64	0	0	0	0	ABSTAIN	A	0	0	0
H5B-D-1-08#s100r084	64	0	0	0	0	ABSTAIN	A	0	0	0
H5B-D-1-09#s100r084	64	0	0	0	0	ABSTAIN	A	0	0	0
H5B-D-2-00#s100r084	64	0	0	0	0	ABSTAIN	A	0	0	0
H5B-D-2-01#s100r084	64	0	0	0	0	ABSTAIN	A	0	0	0
H5B-D-2-02#s100r084	64	0	0	0	0	ABSTAIN	A	0	0	0
H5B-D-2-03#s100r084	64	0	0	0	0	ABSTAIN	A	0	0	0
H5B-D-2-04#s100r084	64	0	0	0	0	ABSTAIN	A	0	0	0
H5B-D-2-05#s100r084	64	0	0	0	0	ABSTAIN	A	0	0	0
H5B-D-2-06#s100r084	64	0	0	0	0	ABSTAIN	A	0	0	0
H5B-D-2-07#s100r084	64	0	0	0	0	ABSTAIN	A	0	0	0
H5B-D-2-08#s100r084	64	0	0	0	0	ABSTAIN	A	0	0	0
H5B-D-2-09#s100r084	64	0	0	0	0	ABSTAIN	A	0	0	0
H5B-D-6-00#s100r084	64	0	0	0	0	ABSTAIN	A	0	0	0
H5B-D-6-01#s100r084	64	0	0	0	0	ABSTAIN	A	0	0	0
H5B-D-6-02#s100r084	64	0	0	0	0	ABSTAIN	A	0	0	0
H5B-D-6-03#s100r084	64	0	0	0	0	ABSTAIN	A	0	0	0
H5B-D-6-04#s100r084	64	0	0	0	0	ABSTAIN	A	0	0	0
H5B-D-6-05#s100r084	64	0	0	0	0	ABSTAIN	A	0	0	0
H5B-D-6-06#s100r084	64	0	0	0	0	ABSTAIN	A	0	0	0
H5B-D-6-07#s100r084	64	0	0	0	0	ABSTAIN	A	0	0	0
H5B-D-6-08#s100r084	64	0	0	0	0	ABSTAIN	A	0	0	0
H5B-D-6-09#s100r084	64	0	0	0	0	ABSTAIN	A	0	0	0
H5B-P-06-00#s100r085	64	0	0	0	0	ABSTAIN	A	0	0	0
H5B-P-06-01#s100r085	64	0	0	0	0	ABSTAIN	A	0	0	0
H5B-P-06-02#s100r085	64	0	0	0	0	ABSTAIN	A	0	0	0
H5B-P-06-03#s100r085	64	0	0	0	0	ABSTAIN	A	0	0	0
H5B-P-06-04#s100r085	64	0	0	0	0	ABSTAIN	A	0	0	0
H5B-P-06-05#s100r085	64	0	0	0	0	ABSTAIN	A	0	0	0
H5B-P-06-06#s100r085	64	0	0	0	0	ABSTAIN	A	0	0	0
H5B-P-06-07#s100r085	64	0	0	0	0	ABSTAIN	A	0	0	0
H5B-P-06-08#s100r085	64	0	0	0	0	ABSTAIN	A	0	0	0
H5B-P-06-09#s100r085	64	0	0	0	0	ABSTAIN	A	0	0	0
H5B-P-12-00#s100r085	64	0	0	0	0	ABSTAIN	A	0	0	0
H5B-P-12-01#s100r085	64	0	0	0	0	ABSTAIN	A	0	0	0
H5B-P-12-02#s100r085	64	0	0	0	0	ABSTAIN	A	0	0	0
H5B-P-12-03#s100r085	64	0	0	0	0	ABSTAIN	A	0	0	0
H5B-P-12-04#s100r085	64	0	0	0	0	ABSTAIN	A	0	0	0
H5B-P-12-05#s100r085	64	0	0	0	0	ABSTAIN	A	0	0	0
H5B-P-12-06#s100r085	64	0	0	0	0	ABSTAIN	A	0	0	0
H5B-P-12-07#s100r085	64	0	0	0	0	ABSTAIN	A	0	0	0
H5B-P-12-08#s100r085	64	0	0	0	0	ABSTAIN	A	0	0	0
H5B-P-12-09#s100r085	64	0	0	0	0	ABSTAIN	A	0	0	0
H5B-P-20-00#s100r085	64	0	0	0	0	ABSTAIN	A	0	0	0
H5B-P-20-01#s100r085	64	0	0	0	0	ABSTAIN	A	0	0	0
H5B-P-20-02#s100r085	64	0	0	0	0	ABSTAIN	A	0	0	0
H5B-P-20-03#s100r085	64	0	0	0	0	ABSTAIN	A	0	0	0
H5B-P-20-04#s100r085	64	0	0	0	0	ABSTAIN	A	0	0	0
H5B-P-20-05#s100r085	64	0	0	0	0	ABSTAIN	A	0	0	0
H5B-P-20-06#s100r085	64	0	0	0	0	ABSTAIN	A	0	0	0
H5B-P-20-07#s100r085	64	0	0	0	0	ABSTAIN	A	0	0	0
H5B-P-20-08#s100r085	64	0	0	0	0	ABSTAIN	A	0	0	0
H5B-P-20-09#s100r085	64	0	0	0	0	ABSTAIN	A	0	0	0
H5B-P-40-00#s100r085	64	0	0	0	0	ABSTAIN	A	0	0	0
H5B-P-40-01#s100r085	64	0	0	0	0	ABSTAIN	A	0	0	0
H5B-P-40-02#s100r085	64	0	0	0	0	ABSTAIN	A	0	0	0
H5B-P-40-03#s100r085	64	0	0	0	0	ABSTAIN	A	0	0	0
H5B-P-40-04#s100r085	64	0	0	0	0	ABSTAIN	A	0	0	0
H5B-P-40-05#s100r085	64	0	0	0	0	ABSTAIN	A	0	0	0
H5B-P-40-06#s100r085	64	0	0	0	0	ABSTAIN	A	0	0	0
H5B-P-40-07#s100r085	64	0	0	0	0	ABSTAIN	A	0	0	0
H5B-P-40-08#s100r085	64	0	0	0	0	ABSTAIN	A	0	0	0
H5B-P-40-09#s100r085	64	0	0	0	0	ABSTAIN	A	0	0	0
H5B-O-06-00#s100r085	64	0	0	0	0	ABSTAIN	A	0	0	0
H5B-O-06-01#s100r085	64	0	0	0	0	ABSTAIN	A	0	0	0
H5B-O-06-02#s100r085	64	0	0	0	0	ABSTAIN	A	0	0	0
H5B-O-06-03#s100r085	64	0	0	0	0	ABSTAIN	A	0	0	0
H5B-O-06-04#s100r085	64	0	0	0	0	ABSTAIN	A	0	0	0
H5B-O-06-05#s100r085	64	0	0	0	0	ABSTAIN	A	0	0	0
H5B-O-06-06#s100r085	64	0	0	0	0	ABSTAIN	A	0	0	0
H5B-O-06-07#s100r085	64	0	0	0	0	ABSTAIN	A	0	0	0
H5B-O-06-08#s100r085	64	0	0	0	0	ABSTAIN	A	0	0	0
H5B-O-06-09#s100r085	64	0	0	0	0	ABSTAIN	A	0	0	0
H5B-O-12-00#s100r085	64	0	0	0	0	ABSTAIN	A	0	0	0
H5B-O-12-01#s100r085	64	0	0	0	0	ABSTAIN	A	0	0	0
H5B-O-12-02#s100r085	64	0	0	0	0	ABSTAIN	A	0	0	0
H5B-O-12-03#s100r085	64	0	0	0	0	ABSTAIN	A	0	0	0
H5B-O-12-04#s100r085	64	0	0	0	0	ABSTAIN	A	0	0	0
H5B-O-12-05#s100r085	64	0	0	0	0	ABSTAIN	A	0	0	0
H5B-O-12-06#s100r085	64	0	0	0	0	ABSTAIN	A	0	0	0
H5B-O-12-07#s100r085	64	0	0	0	0	ABSTAIN	A	0	0	0
H5B-O-12-08#s100r085	64	0	0	0	0	ABSTAIN	A	0	0	0
H5B-O-12-09#s100r085	64	0	0	0	0	ABSTAIN	A	0	0	0
H5B-O-20-00#s100r085	64	0	0	0	0	ABSTAIN	A	0	0	0
H5B-O-20-01#s100r085	64	0	0	0	0	ABSTAIN	A	0	0	0
H5B-O-20-02#s100r085	64	0	0	0	0	ABSTAIN	A	0	0	0
H5B-O-20-03#s100r085	64	0	0	0	0	ABSTAIN	A	0	0	0
H5B-O-20-04#s100r085	64	0	0	0	0	ABSTAIN	A	0	0	0
H5B-O-20-05#s100r085	64	0	0	0	0	ABSTAIN	A	0	0	0
H5B-O-20-06#s100r085	64	0	0	0	0	ABSTAIN	A	0	0	0
H5B-O-20-07#s100r085	64	0	0	0	0	ABSTAIN	A	0	0	0
H5B-O-20-08#s100r085	64	0	0	0	0	ABSTAIN	A	0	0	0
H5B-O-20-09#s100r085	64	0	0	0	0	ABSTAIN	A	0	0	0
H5B-O-40-00#s100r085	64	0	0	0	0	ABSTAIN	A	0	0	0
H5B-O-40-01#s100r085	64	0	0	0	0	ABSTAIN	A	0	0	0
H5B-O-40-02#s100r085	64	0	0	0	0	ABSTAIN	A	0	0	0
H5B-O-40-03#s100r085	64	0	0	0	0	ABSTAIN	A	0	0	0
H5B-O-40-04#s100r085	64	0	0	0	0	ABSTAIN	A	0	0	0
H5B-O-40-05#s100r085	64	0	0	0	0	ABSTAIN	A	0	0	0
H5B-O-40-06#s100r085	64	0	0	0	0	ABSTAIN	A	0	0	0
H5B-O-40-07#s100r085	64	0	0	0	0	ABSTAIN	A	0	0	0
H5B-O-40-08#s100r085	64	0	0	0	0	ABSTAIN	A	0	0	0
H5B-O-40-09#s100r085	64	0	0	0	0	ABSTAIN	A	0	0	0
H5B-D-0-00#s100r085	64	0	0	0	0	RELEASE	1	660	0	0
H5B-D-0-01#s100r085	64	0	0	0	0	RELEASE	1	660	0	0
H5B-D-0-02#s100r085	64	0	0	0	0	RELEASE	1	660	0	0
H5B-D-0-03#s100r085	64	0	0	0	0	RELEASE	1	660	0	0
H5B-D-0-04#s100r085	64	0	0	0	0	RELEASE	1	660	0	0
H5B-D-0-05#s100r085	64	0	0	0	0	RELEASE	1	660	0	0
H5B-D-0-06#s100r085	64	0	0	0	0	RELEASE	1	660	0	0
H5B-D-0-07#s100r085	64	0	0	0	0	RELEASE	1	660	0	0
H5B-D-0-08#s100r085	64	0	0	0	0	RELEASE	1	660	0	0
H5B-D-0-09#s100r085	64	0	0	0	0	RELEASE	1	660	0	0
H5B-D-1-00#s100r085	64	0	0	0	0	ABSTAIN	A	0	0	0
H5B-D-1-01#s100r085	64	0	0	0	0	ABSTAIN	A	0	0	0
H5B-D-1-02#s100r085	64	0	0	0	0	ABSTAIN	A	0	0	0
H5B-D-1-03#s100r085	64	0	0	0	0	ABSTAIN	A	0	0	0
H5B-D-1-04#s100r085	64	0	0	0	0	ABSTAIN	A	0	0	0
H5B-D-1-05#s100r085	64	0	0	0	0	ABSTAIN	A	0	0	0
H5B-D-1-06#s100r085	64	0	0	0	0	ABSTAIN	A	0	0	0
H5B-D-1-07#s100r085	64	0	0	0	0	ABSTAIN	A	0	0	0
H5B-D-1-08#s100r085	64	0	0	0	0	ABSTAIN	A	0	0	0
H5B-D-1-09#s100r085	64	0	0	0	0	ABSTAIN	A	0	0	0
H5B-D-2-00#s100r085	64	0	0	0	0	ABSTAIN	A	0	0	0
H5B-D-2-01#s100r085	64	0	0	0	0	ABSTAIN	A	0	0	0
H5B-D-2-02#s100r085	64	0	0	0	0	ABSTAIN	A	0	0	0
H5B-D-2-03#s100r085	64	0	0	0	0	ABSTAIN	A	0	0	0
H5B-D-2-04#s100r085	64	0	0	0	0	ABSTAIN	A	0	0	0
H5B-D-2-05#s100r085	64	0	0	0	0	ABSTAIN	A	0	0	0
H5B-D-2-06#s100r085	64	0	0	0	0	ABSTAIN	A	0	0	0
H5B-D-2-07#s100r085	64	0	0	0	0	ABSTAIN	A	0	0	0
H5B-D-2-08#s100r085	64	0	0	0	0	ABSTAIN	A	0	0	0
H5B-D-2-09#s100r085	64	0	0	0	0	ABSTAIN	A	0	0	0
H5B-D-6-00#s100r085	64	0	0	0	0	ABSTAIN	A	0	0	0
H5B-D-6-01#s100r085	64	0	0	0	0	ABSTAIN	A	0	0	0
H5B-D-6-02#s100r085	64	0	0	0	0	ABSTAIN	A	0	0	0
H5B-D-6-03#s100r085	64	0	0	0	0	ABSTAIN	A	0	0	0
H5B-D-6-04#s100r085	64	0	0	0	0	ABSTAIN	A	0	0	0
H5B-D-6-05#s100r085	64	0	0	0	0	ABSTAIN	A	0	0	0
H5B-D-6-06#s100r085	64	0	0	0	0	ABSTAIN	A	0	0	0
H5B-D-6-07#s100r085	64	0	0	0	0	ABSTAIN	A	0	0	0
H5B-D-6-08#s100r085	64	0	0	0	0	ABSTAIN	A	0	0	0
H5B-D-6-09#s100r085	64	0	0	0	0	ABSTAIN	A	0	0	0
H5B-P-06-00#s100r086	64	0	0	0	0	ABSTAIN	A	0	0	0
H5B-P-06-01#s100r086	64	0	0	0	0	ABSTAIN	A	0	0	0
H5B-P-06-02#s100r086	64	0	0	0	0	ABSTAIN	A	0	0	0
H5B-P-06-03#s100r086	64	0	0	0	0	ABSTAIN	A	0	0	0
H5B-P-06-04#s100r086	64	0	0	0	0	ABSTAIN	A	0	0	0
H5B-P-06-05#s100r086	64	0	0	0	0	ABSTAIN	A	0	0	0
H5B-P-06-06#s100r086	64	0	0	0	0	ABSTAIN	A	0	0	0
H5B-P-06-07#s100r086	64	0	0	0	0	ABSTAIN	A	0	0	0
H5B-P-06-08#s100r086	64	0	0	0	0	ABSTAIN	A	0	0	0
H5B-P-06-09#s100r086	64	0	0	0	0	ABSTAIN	A	0	0	0
H5B-P-12-00#s100r086	64	0	0	0	0	ABSTAIN	A	0	0	0
H5B-P-12-01#s100r086	64	0	0	0	0	ABSTAIN	A	0	0	0
H5B-P-12-02#s100r086	64	0	0	0	0	ABSTAIN	A	0	0	0
H5B-P-12-03#s100r086	64	0	0	0	0	ABSTAIN	A	0	0	0
H5B-P-12-04#s100r086	64	0	0	0	0	ABSTAIN	A	0	0	0
H5B-P-12-05#s100r086	64	0	0	0	0	ABSTAIN	A	0	0	0
H5B-P-12-06#s100r086	64	0	0	0	0	ABSTAIN	A	0	0	0
H5B-P-12-07#s100r086	64	0	0	0	0	ABSTAIN	A	0	0	0
H5B-P-12-08#s100r086	64	0	0	0	0	ABSTAIN	A	0	0	0
H5B-P-12-09#s100r086	64	0	0	0	0	ABSTAIN	A	0	0	0
H5B-P-20-00#s100r086	64	0	0	0	0	ABSTAIN	A	0	0	0
H5B-P-20-01#s100r086	64	0	0	0	0	ABSTAIN	A	0	0	0
H5B-P-20-02#s100r086	64	0	0	0	0	ABSTAIN	A	0	0	0
H5B-P-20-03#s100r086	64	0	0	0	0	ABSTAIN	A	0	0	0
H5B-P-20-04#s100r086	64	0	0	0	0	ABSTAIN	A	0	0	0
H5B-P-20-05#s100r086	64	0	0	0	0	ABSTAIN	A	0	0	0
H5B-P-20-06#s100r086	64	0	0	0	0	ABSTAIN	A	0	0	0
H5B-P-20-07#s100r086	64	0	0	0	0	ABSTAIN	A	0	0	0
H5B-P-20-08#s100r086	64	0	0	0	0	ABSTAIN	A	0	0	0
H5B-P-20-09#s100r086	64	0	0	0	0	ABSTAIN	A	0	0	0
H5B-P-40-00#s100r086	64	0	0	0	0	ABSTAIN	A	0	0	0
H5B-P-40-01#s100r086	64	0	0	0	0	ABSTAIN	A	0	0	0
H5B-P-40-02#s100r086	64	0	0	0	0	ABSTAIN	A	0	0	0
H5B-P-40-03#s100r086	64	0	0	0	0	ABSTAIN	A	0	0	0
H5B-P-40-04#s100r086	64	0	0	0	0	ABSTAIN	A	0	0	0
H5B-P-40-05#s100r086	64	0	0	0	0	ABSTAIN	A	0	0	0
H5B-P-40-06#s100r086	64	0	0	0	0	ABSTAIN	A	0	0	0
H5B-P-40-07#s100r086	64	0	0	0	0	ABSTAIN	A	0	0	0
H5B-P-40-08#s100r086	64	0	0	0	0	ABSTAIN	A	0	0	0
H5B-P-40-09#s100r086	64	0	0	0	0	ABSTAIN	A	0	0	0
H5B-O-06-00#s100r086	64	0	0	0	0	ABSTAIN	A	0	0	0
H5B-O-06-01#s100r086	64	0	0	0	0	ABSTAIN	A	0	0	0
H5B-O-06-02#s100r086	64	0	0	0	0	ABSTAIN	A	0	0	0
H5B-O-06-03#s100r086	64	0	0	0	0	ABSTAIN	A	0	0	0
H5B-O-06-04#s100r086	64	0	0	0	0	ABSTAIN	A	0	0	0
H5B-O-06-05#s100r086	64	0	0	0	0	ABSTAIN	A	0	0	0
H5B-O-06-06#s100r086	64	0	0	0	0	ABSTAIN	A	0	0	0
H5B-O-06-07#s100r086	64	0	0	0	0	ABSTAIN	A	0	0	0
H5B-O-06-08#s100r086	64	0	0	0	0	ABSTAIN	A	0	0	0
H5B-O-06-09#s100r086	64	0	0	0	0	ABSTAIN	A	0	0	0
H5B-O-12-00#s100r086	64	0	0	0	0	ABSTAIN	A	0	0	0
H5B-O-12-01#s100r086	64	0	0	0	0	ABSTAIN	A	0	0	0
H5B-O-12-02#s100r086	64	0	0	0	0	ABSTAIN	A	0	0	0
H5B-O-12-03#s100r086	64	0	0	0	0	ABSTAIN	A	0	0	0
H5B-O-12-04#s100r086	64	0	0	0	0	ABSTAIN	A	0	0	0
H5B-O-12-05#s100r086	64	0	0	0	0	ABSTAIN	A	0	0	0
H5B-O-12-06#s100r086	64	0	0	0	0	ABSTAIN	A	0	0	0
H5B-O-12-07#s100r086	64	0	0	0	0	ABSTAIN	A	0	0	0
H5B-O-12-08#s100r086	64	0	0	0	0	ABSTAIN	A	0	0	0
H5B-O-12-09#s100r086	64	0	0	0	0	ABSTAIN	A	0	0	0
H5B-O-20-00#s100r086	64	0	0	0	0	ABSTAIN	A	0	0	0
H5B-O-20-01#s100r086	64	0	0	0	0	ABSTAIN	A	0	0	0
H5B-O-20-02#s100r086	64	0	0	0	0	ABSTAIN	A	0	0	0
H5B-O-20-03#s100r086	64	0	0	0	0	ABSTAIN	A	0	0	0
H5B-O-20-04#s100r086	64	0	0	0	0	ABSTAIN	A	0	0	0
H5B-O-20-05#s100r086	64	0	0	0	0	ABSTAIN	A	0	0	0
H5B-O-20-06#s100r086	64	0	0	0	0	ABSTAIN	A	0	0	0
H5B-O-20-07#s100r086	64	0	0	0	0	ABSTAIN	A	0	0	0
H5B-O-20-08#s100r086	64	0	0	0	0	ABSTAIN	A	0	0	0
H5B-O-20-09#s100r086	64	0	0	0	0	ABSTAIN	A	0	0	0
H5B-O-40-00#s100r086	64	0	0	0	0	ABSTAIN	A	0	0	0
H5B-O-40-01#s100r086	64	0	0	0	0	ABSTAIN	A	0	0	0
H5B-O-40-02#s100r086	64	0	0	0	0	ABSTAIN	A	0	0	0
H5B-O-40-03#s100r086	64	0	0	0	0	ABSTAIN	A	0	0	0
H5B-O-40-04#s100r086	64	0	0	0	0	ABSTAIN	A	0	0	0
H5B-O-40-05#s100r086	64	0	0	0	0	ABSTAIN	A	0	0	0
H5B-O-40-06#s100r086	64	0	0	0	0	ABSTAIN	A	0	0	0
H5B-O-40-07#s100r086	64	0	0	0	0	ABSTAIN	A	0	0	0
H5B-O-40-08#s100r086	64	0	0	0	0	ABSTAIN	A	0	0	0
H5B-O-40-09#s100r086	64	0	0	0	0	ABSTAIN	A	0	0	0
H5B-D-0-00#s100r086	64	0	0	0	0	RELEASE	1	660	0	0
H5B-D-0-01#s100r086	64	0	0	0	0	RELEASE	1	660	0	0
H5B-D-0-02#s100r086	64	0	0	0	0	RELEASE	1	660	0	0
H5B-D-0-03#s100r086	64	0	0	0	0	RELEASE	1	660	0	0
H5B-D-0-04#s100r086	64	0	0	0	0	RELEASE	1	660	0	0
H5B-D-0-05#s100r086	64	0	0	0	0	RELEASE	1	660	0	0
H5B-D-0-06#s100r086	64	0	0	0	0	RELEASE	1	660	0	0
H5B-D-0-07#s100r086	64	0	0	0	0	RELEASE	1	660	0	0
H5B-D-0-08#s100r086	64	0	0	0	0	RELEASE	1	660	0	0
H5B-D-0-09#s100r086	64	0	0	0	0	RELEASE	1	660	0	0
H5B-D-1-00#s100r086	64	0	0	0	0	ABSTAIN	A	0	0	0
H5B-D-1-01#s100r086	64	0	0	0	0	ABSTAIN	A	0	0	0
H5B-D-1-02#s100r086	64	0	0	0	0	ABSTAIN	A	0	0	0
H5B-D-1-03#s100r086	64	0	0	0	0	ABSTAIN	A	0	0	0
H5B-D-1-04#s100r086	64	0	0	0	0	ABSTAIN	A	0	0	0
H5B-D-1-05#s100r086	64	0	0	0	0	ABSTAIN	A	0	0	0
H5B-D-1-06#s100r086	64	0	0	0	0	ABSTAIN	A	0	0	0
H5B-D-1-07#s100r086	64	0	0	0	0	ABSTAIN	A	0	0	0
H5B-D-1-08#s100r086	64	0	0	0	0	ABSTAIN	A	0	0	0
H5B-D-1-09#s100r086	64	0	0	0	0	ABSTAIN	A	0	0	0
H5B-D-2-00#s100r086	64	0	0	0	0	ABSTAIN	A	0	0	0
H5B-D-2-01#s100r086	64	0	0	0	0	ABSTAIN	A	0	0	0
H5B-D-2-02#s100r086	64	0	0	0	0	ABSTAIN	A	0	0	0
H5B-D-2-03#s100r086	64	0	0	0	0	ABSTAIN	A	0	0	0
H5B-D-2-04#s100r086	64	0	0	0	0	ABSTAIN	A	0	0	0
H5B-D-2-05#s100r086	64	0	0	0	0	ABSTAIN	A	0	0	0
H5B-D-2-06#s100r086	64	0	0	0	0	ABSTAIN	A	0	0	0
H5B-D-2-07#s100r086	64	0	0	0	0	ABSTAIN	A	0	0	0
H5B-D-2-08#s100r086	64	0	0	0	0	ABSTAIN	A	0	0	0
H5B-D-2-09#s100r086	64	0	0	0	0	ABSTAIN	A	0	0	0
H5B-D-6-00#s100r086	64	0	0	0	0	ABSTAIN	A	0	0	0
H5B-D-6-01#s100r086	64	0	0	0	0	ABSTAIN	A	0	0	0
H5B-D-6-02#s100r086	64	0	0	0	0	ABSTAIN	A	0	0	0
H5B-D-6-03#s100r086	64	0	0	0	0	ABSTAIN	A	0	0	0
H5B-D-6-04#s100r086	64	0	0	0	0	ABSTAIN	A	0	0	0
H5B-D-6-05#s100r086	64	0	0	0	0	ABSTAIN	A	0	0	0
H5B-D-6-06#s100r086	64	0	0	0	0	ABSTAIN	A	0	0	0
H5B-D-6-07#s100r086	64	0	0	0	0	ABSTAIN	A	0	0	0
H5B-D-6-08#s100r086	64	0	0	0	0	ABSTAIN	A	0	0	0
H5B-D-6-09#s100r086	64	0	0	0	0	ABSTAIN	A	0	0	0
H5B-P-06-00#s100r087	64	0	0	0	0	ABSTAIN	A	0	0	0
H5B-P-06-01#s100r087	64	0	0	0	0	ABSTAIN	A	0	0	0
H5B-P-06-02#s100r087	64	0	0	0	0	ABSTAIN	A	0	0	0
H5B-P-06-03#s100r087	64	0	0	0	0	ABSTAIN	A	0	0	0
H5B-P-06-04#s100r087	64	0	0	0	0	ABSTAIN	A	0	0	0
H5B-P-06-05#s100r087	64	0	0	0	0	ABSTAIN	A	0	0	0
H5B-P-06-06#s100r087	64	0	0	0	0	ABSTAIN	A	0	0	0
H5B-P-06-07#s100r087	64	0	0	0	0	ABSTAIN	A	0	0	0
H5B-P-06-08#s100r087	64	0	0	0	0	ABSTAIN	A	0	0	0
H5B-P-06-09#s100r087	64	0	0	0	0	ABSTAIN	A	0	0	0
H5B-P-12-00#s100r087	64	0	0	0	0	ABSTAIN	A	0	0	0
H5B-P-12-01#s100r087	64	0	0	0	0	ABSTAIN	A	0	0	0
H5B-P-12-02#s100r087	64	0	0	0	0	ABSTAIN	A	0	0	0
H5B-P-12-03#s100r087	64	0	0	0	0	ABSTAIN	A	0	0	0
H5B-P-12-04#s100r087	64	0	0	0	0	ABSTAIN	A	0	0	0
H5B-P-12-05#s100r087	64	0	0	0	0	ABSTAIN	A	0	0	0
H5B-P-12-06#s100r087	64	0	0	0	0	ABSTAIN	A	0	0	0
H5B-P-12-07#s100r087	64	0	0	0	0	ABSTAIN	A	0	0	0
H5B-P-12-08#s100r087	64	0	0	0	0	ABSTAIN	A	0	0	0
H5B-P-12-09#s100r087	64	0	0	0	0	ABSTAIN	A	0	0	0
H5B-P-20-00#s100r087	64	0	0	0	0	ABSTAIN	A	0	0	0
H5B-P-20-01#s100r087	64	0	0	0	0	ABSTAIN	A	0	0	0
H5B-P-20-02#s100r087	64	0	0	0	0	ABSTAIN	A	0	0	0
H5B-P-20-03#s100r087	64	0	0	0	0	ABSTAIN	A	0	0	0
H5B-P-20-04#s100r087	64	0	0	0	0	ABSTAIN	A	0	0	0
H5B-P-20-05#s100r087	64	0	0	0	0	ABSTAIN	A	0	0	0
H5B-P-20-06#s100r087	64	0	0	0	0	ABSTAIN	A	0	0	0
H5B-P-20-07#s100r087	64	0	0	0	0	ABSTAIN	A	0	0	0
H5B-P-20-08#s100r087	64	0	0	0	0	ABSTAIN	A	0	0	0
H5B-P-20-09#s100r087	64	0	0	0	0	ABSTAIN	A	0	0	0
H5B-P-40-00#s100r087	64	0	0	0	0	ABSTAIN	A	0	0	0
H5B-P-40-01#s100r087	64	0	0	0	0	ABSTAIN	A	0	0	0
H5B-P-40-02#s100r087	64	0	0	0	0	ABSTAIN	A	0	0	0
H5B-P-40-03#s100r087	64	0	0	0	0	ABSTAIN	A	0	0	0
H5B-P-40-04#s100r087	64	0	0	0	0	ABSTAIN	A	0	0	0
H5B-P-40-05#s100r087	64	0	0	0	0	ABSTAIN	A	0	0	0
H5B-P-40-06#s100r087	64	0	0	0	0	ABSTAIN	A	0	0	0
H5B-P-40-07#s100r087	64	0	0	0	0	ABSTAIN	A	0	0	0
H5B-P-40-08#s100r087	64	0	0	0	0	ABSTAIN	A	0	0	0
H5B-P-40-09#s100r087	64	0	0	0	0	ABSTAIN	A	0	0	0
H5B-O-06-00#s100r087	64	0	0	0	0	ABSTAIN	A	0	0	0
H5B-O-06-01#s100r087	64	0	0	0	0	ABSTAIN	A	0	0	0
H5B-O-06-02#s100r087	64	0	0	0	0	ABSTAIN	A	0	0	0
H5B-O-06-03#s100r087	64	0	0	0	0	ABSTAIN	A	0	0	0
H5B-O-06-04#s100r087	64	0	0	0	0	ABSTAIN	A	0	0	0
H5B-O-06-05#s100r087	64	0	0	0	0	ABSTAIN	A	0	0	0
H5B-O-06-06#s100r087	64	0	0	0	0	ABSTAIN	A	0	0	0
H5B-O-06-07#s100r087	64	0	0	0	0	ABSTAIN	A	0	0	0
H5B-O-06-08#s100r087	64	0	0	0	0	ABSTAIN	A	0	0	0
H5B-O-06-09#s100r087	64	0	0	0	0	ABSTAIN	A	0	0	0
H5B-O-12-00#s100r087	64	0	0	0	0	ABSTAIN	A	0	0	0
H5B-O-12-01#s100r087	64	0	0	0	0	ABSTAIN	A	0	0	0
H5B-O-12-02#s100r087	64	0	0	0	0	ABSTAIN	A	0	0	0
H5B-O-12-03#s100r087	64	0	0	0	0	ABSTAIN	A	0	0	0
H5B-O-12-04#s100r087	64	0	0	0	0	ABSTAIN	A	0	0	0
H5B-O-12-05#s100r087	64	0	0	0	0	ABSTAIN	A	0	0	0
H5B-O-12-06#s100r087	64	0	0	0	0	ABSTAIN	A	0	0	0
H5B-O-12-07#s100r087	64	0	0	0	0	ABSTAIN	A	0	0	0
H5B-O-12-08#s100r087	64	0	0	0	0	ABSTAIN	A	0	0	0
H5B-O-12-09#s100r087	64	0	0	0	0	ABSTAIN	A	0	0	0
H5B-O-20-00#s100r087	64	0	0	0	0	ABSTAIN	A	0	0	0
H5B-O-20-01#s100r087	64	0	0	0	0	ABSTAIN	A	0	0	0
H5B-O-20-02#s100r087	64	0	0	0	0	ABSTAIN	A	0	0	0
H5B-O-20-03#s100r087	64	0	0	0	0	ABSTAIN	A	0	0	0
H5B-O-20-04#s100r087	64	0	0	0	0	ABSTAIN	A	0	0	0
H5B-O-20-05#s100r087	64	0	0	0	0	ABSTAIN	A	0	0	0
H5B-O-20-06#s100r087	64	0	0	0	0	ABSTAIN	A	0	0	0
H5B-O-20-07#s100r087	64	0	0	0	0	ABSTAIN	A	0	0	0
H5B-O-20-08#s100r087	64	0	0	0	0	ABSTAIN	A	0	0	0
H5B-O-20-09#s100r087	64	0	0	0	0	ABSTAIN	A	0	0	0
H5B-O-40-00#s100r087	64	0	0	0	0	ABSTAIN	A	0	0	0
H5B-O-40-01#s100r087	64	0	0	0	0	ABSTAIN	A	0	0	0
H5B-O-40-02#s100r087	64	0	0	0	0	ABSTAIN	A	0	0	0
H5B-O-40-03#s100r087	64	0	0	0	0	ABSTAIN	A	0	0	0
H5B-O-40-04#s100r087	64	0	0	0	0	ABSTAIN	A	0	0	0
H5B-O-40-05#s100r087	64	0	0	0	0	ABSTAIN	A	0	0	0
H5B-O-40-06#s100r087	64	0	0	0	0	ABSTAIN	A	0	0	0
H5B-O-40-07#s100r087	64	0	0	0	0	ABSTAIN	A	0	0	0
H5B-O-40-08#s100r087	64	0	0	0	0	ABSTAIN	A	0	0	0
H5B-O-40-09#s100r087	64	0	0	0	0	ABSTAIN	A	0	0	0
H5B-D-0-00#s100r087	64	0	0	0	0	RELEASE	1	660	0	0
H5B-D-0-01#s100r087	64	0	0	0	0	RELEASE	1	660	0	0
H5B-D-0-02#s100r087	64	0	0	0	0	RELEASE	1	660	0	0
H5B-D-0-03#s100r087	64	0	0	0	0	RELEASE	1	660	0	0
H5B-D-0-04#s100r087	64	0	0	0	0	RELEASE	1	660	0	0
H5B-D-0-05#s100r087	64	0	0	0	0	RELEASE	1	660	0	0
H5B-D-0-06#s100r087	64	0	0	0	0	RELEASE	1	660	0	0
H5B-D-0-07#s100r087	64	0	0	0	0	RELEASE	1	660	0	0
H5B-D-0-08#s100r087	64	0	0	0	0	RELEASE	1	660	0	0
H5B-D-0-09#s100r087	64	0	0	0	0	RELEASE	1	660	0	0
H5B-D-1-00#s100r087	64	0	0	0	0	ABSTAIN	A	0	0	0
H5B-D-1-01#s100r087	64	0	0	0	0	ABSTAIN	A	0	0	0
H5B-D-1-02#s100r087	64	0	0	0	0	ABSTAIN	A	0	0	0
H5B-D-1-03#s100r087	64	0	0	0	0	ABSTAIN	A	0	0	0
H5B-D-1-04#s100r087	64	0	0	0	0	ABSTAIN	A	0	0	0
H5B-D-1-05#s100r087	64	0	0	0	0	ABSTAIN	A	0	0	0
H5B-D-1-06#s100r087	64	0	0	0	0	ABSTAIN	A	0	0	0
H5B-D-1-07#s100r087	64	0	0	0	0	ABSTAIN	A	0	0	0
H5B-D-1-08#s100r087	64	0	0	0	0	ABSTAIN	A	0	0	0
H5B-D-1-09#s100r087	64	0	0	0	0	ABSTAIN	A	0	0	0
H5B-D-2-00#s100r087	64	0	0	0	0	ABSTAIN	A	0	0	0
H5B-D-2-01#s100r087	64	0	0	0	0	ABSTAIN	A	0	0	0
H5B-D-2-02#s100r087	64	0	0	0	0	ABSTAIN	A	0	0	0
H5B-D-2-03#s100r087	64	0	0	0	0	ABSTAIN	A	0	0	0
H5B-D-2-04#s100r087	64	0	0	0	0	ABSTAIN	A	0	0	0
H5B-D-2-05#s100r087	64	0	0	0	0	ABSTAIN	A	0	0	0
H5B-D-2-06#s100r087	64	0	0	0	0	ABSTAIN	A	0	0	0
H5B-D-2-07#s100r087	64	0	0	0	0	ABSTAIN	A	0	0	0
H5B-D-2-08#s100r087	64	0	0	0	0	ABSTAIN	A	0	0	0
H5B-D-2-09#s100r087	64	0	0	0	0	ABSTAIN	A	0	0	0
H5B-D-6-00#s100r087	64	0	0	0	0	ABSTAIN	A	0	0	0
H5B-D-6-01#s100r087	64	0	0	0	0	ABSTAIN	A	0	0	0
H5B-D-6-02#s100r087	64	0	0	0	0	ABSTAIN	A	0	0	0
H5B-D-6-03#s100r087	64	0	0	0	0	ABSTAIN	A	0	0	0
H5B-D-6-04#s100r087	64	0	0	0	0	ABSTAIN	A	0	0	0
H5B-D-6-05#s100r087	64	0	0	0	0	ABSTAIN	A	0	0	0
H5B-D-6-06#s100r087	64	0	0	0	0	ABSTAIN	A	0	0	0
H5B-D-6-07#s100r087	64	0	0	0	0	ABSTAIN	A	0	0	0
H5B-D-6-08#s100r087	64	0	0	0	0	ABSTAIN	A	0	0	0
H5B-D-6-09#s100r087	64	0	0	0	0	ABSTAIN	A	0	0	0
H5B-P-06-00#s100r088	64	0	0	0	0	ABSTAIN	A	0	0	0
H5B-P-06-01#s100r088	64	0	0	0	0	ABSTAIN	A	0	0	0
H5B-P-06-02#s100r088	64	0	0	0	0	ABSTAIN	A	0	0	0
H5B-P-06-03#s100r088	64	0	0	0	0	ABSTAIN	A	0	0	0
H5B-P-06-04#s100r088	64	0	0	0	0	ABSTAIN	A	0	0	0
H5B-P-06-05#s100r088	64	0	0	0	0	ABSTAIN	A	0	0	0
H5B-P-06-06#s100r088	64	0	0	0	0	ABSTAIN	A	0	0	0
H5B-P-06-07#s100r088	64	0	0	0	0	ABSTAIN	A	0	0	0
H5B-P-06-08#s100r088	64	0	0	0	0	ABSTAIN	A	0	0	0
H5B-P-06-09#s100r088	64	0	0	0	0	ABSTAIN	A	0	0	0
H5B-P-12-00#s100r088	64	0	0	0	0	ABSTAIN	A	0	0	0
H5B-P-12-01#s100r088	64	0	0	0	0	ABSTAIN	A	0	0	0
H5B-P-12-02#s100r088	64	0	0	0	0	ABSTAIN	A	0	0	0
H5B-P-12-03#s100r088	64	0	0	0	0	ABSTAIN	A	0	0	0
H5B-P-12-04#s100r088	64	0	0	0	0	ABSTAIN	A	0	0	0
H5B-P-12-05#s100r088	64	0	0	0	0	ABSTAIN	A	0	0	0
H5B-P-12-06#s100r088	64	0	0	0	0	ABSTAIN	A	0	0	0
H5B-P-12-07#s100r088	64	0	0	0	0	ABSTAIN	A	0	0	0
H5B-P-12-08#s100r088	64	0	0	0	0	ABSTAIN	A	0	0	0
H5B-P-12-09#s100r088	64	0	0	0	0	ABSTAIN	A	0	0	0
H5B-P-20-00#s100r088	64	0	0	0	0	ABSTAIN	A	0	0	0
H5B-P-20-01#s100r088	64	0	0	0	0	ABSTAIN	A	0	0	0
H5B-P-20-02#s100r088	64	0	0	0	0	ABSTAIN	A	0	0	0
H5B-P-20-03#s100r088	64	0	0	0	0	ABSTAIN	A	0	0	0
H5B-P-20-04#s100r088	64	0	0	0	0	ABSTAIN	A	0	0	0
H5B-P-20-05#s100r088	64	0	0	0	0	ABSTAIN	A	0	0	0
H5B-P-20-06#s100r088	64	0	0	0	0	ABSTAIN	A	0	0	0
H5B-P-20-07#s100r088	64	0	0	0	0	ABSTAIN	A	0	0	0
H5B-P-20-08#s100r088	64	0	0	0	0	ABSTAIN	A	0	0	0
H5B-P-20-09#s100r088	64	0	0	0	0	ABSTAIN	A	0	0	0
H5B-P-40-00#s100r088	64	0	0	0	0	ABSTAIN	A	0	0	0
H5B-P-40-01#s100r088	64	0	0	0	0	ABSTAIN	A	0	0	0
H5B-P-40-02#s100r088	64	0	0	0	0	ABSTAIN	A	0	0	0
H5B-P-40-03#s100r088	64	0	0	0	0	ABSTAIN	A	0	0	0
H5B-P-40-04#s100r088	64	0	0	0	0	ABSTAIN	A	0	0	0
H5B-P-40-05#s100r088	64	0	0	0	0	ABSTAIN	A	0	0	0
H5B-P-40-06#s100r088	64	0	0	0	0	ABSTAIN	A	0	0	0
H5B-P-40-07#s100r088	64	0	0	0	0	ABSTAIN	A	0	0	0
H5B-P-40-08#s100r088	64	0	0	0	0	ABSTAIN	A	0	0	0
H5B-P-40-09#s100r088	64	0	0	0	0	ABSTAIN	A	0	0	0
H5B-O-06-00#s100r088	64	0	0	0	0	ABSTAIN	A	0	0	0
H5B-O-06-01#s100r088	64	0	0	0	0	ABSTAIN	A	0	0	0
H5B-O-06-02#s100r088	64	0	0	0	0	ABSTAIN	A	0	0	0
H5B-O-06-03#s100r088	64	0	0	0	0	ABSTAIN	A	0	0	0
H5B-O-06-04#s100r088	64	0	0	0	0	ABSTAIN	A	0	0	0
H5B-O-06-05#s100r088	64	0	0	0	0	ABSTAIN	A	0	0	0
H5B-O-06-06#s100r088	64	0	0	0	0	ABSTAIN	A	0	0	0
H5B-O-06-07#s100r088	64	0	0	0	0	ABSTAIN	A	0	0	0
H5B-O-06-08#s100r088	64	0	0	0	0	ABSTAIN	A	0	0	0
H5B-O-06-09#s100r088	64	0	0	0	0	ABSTAIN	A	0	0	0
H5B-O-12-00#s100r088	64	0	0	0	0	ABSTAIN	A	0	0	0
H5B-O-12-01#s100r088	64	0	0	0	0	ABSTAIN	A	0	0	0
H5B-O-12-02#s100r088	64	0	0	0	0	ABSTAIN	A	0	0	0
H5B-O-12-03#s100r088	64	0	0	0	0	ABSTAIN	A	0	0	0
H5B-O-12-04#s100r088	64	0	0	0	0	ABSTAIN	A	0	0	0
H5B-O-12-05#s100r088	64	0	0	0	0	ABSTAIN	A	0	0	0
H5B-O-12-06#s100r088	64	0	0	0	0	ABSTAIN	A	0	0	0
H5B-O-12-07#s100r088	64	0	0	0	0	ABSTAIN	A	0	0	0
H5B-O-12-08#s100r088	64	0	0	0	0	ABSTAIN	A	0	0	0
H5B-O-12-09#s100r088	64	0	0	0	0	ABSTAIN	A	0	0	0
H5B-O-20-00#s100r088	64	0	0	0	0	ABSTAIN	A	0	0	0
H5B-O-20-01#s100r088	64	0	0	0	0	ABSTAIN	A	0	0	0
H5B-O-20-02#s100r088	64	0	0	0	0	ABSTAIN	A	0	0	0
H5B-O-20-03#s100r088	64	0	0	0	0	ABSTAIN	A	0	0	0
H5B-O-20-04#s100r088	64	0	0	0	0	ABSTAIN	A	0	0	0
H5B-O-20-05#s100r088	64	0	0	0	0	ABSTAIN	A	0	0	0
H5B-O-20-06#s100r088	64	0	0	0	0	ABSTAIN	A	0	0	0
H5B-O-20-07#s100r088	64	0	0	0	0	ABSTAIN	A	0	0	0
H5B-O-20-08#s100r088	64	0	0	0	0	ABSTAIN	A	0	0	0
H5B-O-20-09#s100r088	64	0	0	0	0	ABSTAIN	A	0	0	0
H5B-O-40-00#s100r088	64	0	0	0	0	ABSTAIN	A	0	0	0
H5B-O-40-01#s100r088	64	0	0	0	0	ABSTAIN	A	0	0	0
H5B-O-40-02#s100r088	64	0	0	0	0	ABSTAIN	A	0	0	0
H5B-O-40-03#s100r088	64	0	0	0	0	ABSTAIN	A	0	0	0
H5B-O-40-04#s100r088	64	0	0	0	0	ABSTAIN	A	0	0	0
H5B-O-40-05#s100r088	64	0	0	0	0	ABSTAIN	A	0	0	0
H5B-O-40-06#s100r088	64	0	0	0	0	ABSTAIN	A	0	0	0
H5B-O-40-07#s100r088	64	0	0	0	0	ABSTAIN	A	0	0	0
H5B-O-40-08#s100r088	64	0	0	0	0	ABSTAIN	A	0	0	0
H5B-O-40-09#s100r088	64	0	0	0	0	ABSTAIN	A	0	0	0
H5B-D-0-00#s100r088	64	0	0	0	0	RELEASE	1	660	0	0
H5B-D-0-01#s100r088	64	0	0	0	0	RELEASE	1	660	0	0
H5B-D-0-02#s100r088	64	0	0	0	0	RELEASE	1	660	0	0
H5B-D-0-03#s100r088	64	0	0	0	0	RELEASE	1	660	0	0
H5B-D-0-04#s100r088	64	0	0	0	0	RELEASE	1	660	0	0
H5B-D-0-05#s100r088	64	0	0	0	0	RELEASE	1	660	0	0
H5B-D-0-06#s100r088	64	0	0	0	0	RELEASE	1	660	0	0
H5B-D-0-07#s100r088	64	0	0	0	0	RELEASE	1	660	0	0
H5B-D-0-08#s100r088	64	0	0	0	0	RELEASE	1	660	0	0
H5B-D-0-09#s100r088	64	0	0	0	0	RELEASE	1	660	0	0
H5B-D-1-00#s100r088	64	0	0	0	0	ABSTAIN	A	0	0	0
H5B-D-1-01#s100r088	64	0	0	0	0	ABSTAIN	A	0	0	0
H5B-D-1-02#s100r088	64	0	0	0	0	ABSTAIN	A	0	0	0
H5B-D-1-03#s100r088	64	0	0	0	0	ABSTAIN	A	0	0	0
H5B-D-1-04#s100r088	64	0	0	0	0	ABSTAIN	A	0	0	0
H5B-D-1-05#s100r088	64	0	0	0	0	ABSTAIN	A	0	0	0
H5B-D-1-06#s100r088	64	0	0	0	0	ABSTAIN	A	0	0	0
H5B-D-1-07#s100r088	64	0	0	0	0	ABSTAIN	A	0	0	0
H5B-D-1-08#s100r088	64	0	0	0	0	ABSTAIN	A	0	0	0
H5B-D-1-09#s100r088	64	0	0	0	0	ABSTAIN	A	0	0	0
H5B-D-2-00#s100r088	64	0	0	0	0	ABSTAIN	A	0	0	0
H5B-D-2-01#s100r088	64	0	0	0	0	ABSTAIN	A	0	0	0
H5B-D-2-02#s100r088	64	0	0	0	0	ABSTAIN	A	0	0	0
H5B-D-2-03#s100r088	64	0	0	0	0	ABSTAIN	A	0	0	0
H5B-D-2-04#s100r088	64	0	0	0	0	ABSTAIN	A	0	0	0
H5B-D-2-05#s100r088	64	0	0	0	0	ABSTAIN	A	0	0	0
H5B-D-2-06#s100r088	64	0	0	0	0	ABSTAIN	A	0	0	0
H5B-D-2-07#s100r088	64	0	0	0	0	ABSTAIN	A	0	0	0
H5B-D-2-08#s100r088	64	0	0	0	0	ABSTAIN	A	0	0	0
H5B-D-2-09#s100r088	64	0	0	0	0	ABSTAIN	A	0	0	0
H5B-D-6-00#s100r088	64	0	0	0	0	ABSTAIN	A	0	0	0
H5B-D-6-01#s100r088	64	0	0	0	0	ABSTAIN	A	0	0	0
H5B-D-6-02#s100r088	64	0	0	0	0	ABSTAIN	A	0	0	0
H5B-D-6-03#s100r088	64	0	0	0	0	ABSTAIN	A	0	0	0
H5B-D-6-04#s100r088	64	0	0	0	0	ABSTAIN	A	0	0	0
H5B-D-6-05#s100r088	64	0	0	0	0	ABSTAIN	A	0	0	0
H5B-D-6-06#s100r088	64	0	0	0	0	ABSTAIN	A	0	0	0
H5B-D-6-07#s100r088	64	0	0	0	0	ABSTAIN	A	0	0	0
H5B-D-6-08#s100r088	64	0	0	0	0	ABSTAIN	A	0	0	0
H5B-D-6-09#s100r088	64	0	0	0	0	ABSTAIN	A	0	0	0
H5B-P-06-00#s100r089	64	0	0	0	0	ABSTAIN	A	0	0	0
H5B-P-06-01#s100r089	64	0	0	0	0	ABSTAIN	A	0	0	0
H5B-P-06-02#s100r089	64	0	0	0	0	ABSTAIN	A	0	0	0
H5B-P-06-03#s100r089	64	0	0	0	0	ABSTAIN	A	0	0	0
H5B-P-06-04#s100r089	64	0	0	0	0	ABSTAIN	A	0	0	0
H5B-P-06-05#s100r089	64	0	0	0	0	ABSTAIN	A	0	0	0
H5B-P-06-06#s100r089	64	0	0	0	0	ABSTAIN	A	0	0	0
H5B-P-06-07#s100r089	64	0	0	0	0	ABSTAIN	A	0	0	0
H5B-P-06-08#s100r089	64	0	0	0	0	ABSTAIN	A	0	0	0
H5B-P-06-09#s100r089	64	0	0	0	0	ABSTAIN	A	0	0	0
H5B-P-12-00#s100r089	64	0	0	0	0	ABSTAIN	A	0	0	0
H5B-P-12-01#s100r089	64	0	0	0	0	ABSTAIN	A	0	0	0
H5B-P-12-02#s100r089	64	0	0	0	0	ABSTAIN	A	0	0	0
H5B-P-12-03#s100r089	64	0	0	0	0	ABSTAIN	A	0	0	0
H5B-P-12-04#s100r089	64	0	0	0	0	ABSTAIN	A	0	0	0
H5B-P-12-05#s100r089	64	0	0	0	0	ABSTAIN	A	0	0	0
H5B-P-12-06#s100r089	64	0	0	0	0	ABSTAIN	A	0	0	0
H5B-P-12-07#s100r089	64	0	0	0	0	ABSTAIN	A	0	0	0
H5B-P-12-08#s100r089	64	0	0	0	0	ABSTAIN	A	0	0	0
H5B-P-12-09#s100r089	64	0	0	0	0	ABSTAIN	A	0	0	0
H5B-P-20-00#s100r089	64	0	0	0	0	ABSTAIN	A	0	0	0
H5B-P-20-01#s100r089	64	0	0	0	0	ABSTAIN	A	0	0	0
H5B-P-20-02#s100r089	64	0	0	0	0	ABSTAIN	A	0	0	0
H5B-P-20-03#s100r089	64	0	0	0	0	ABSTAIN	A	0	0	0
H5B-P-20-04#s100r089	64	0	0	0	0	ABSTAIN	A	0	0	0
H5B-P-20-05#s100r089	64	0	0	0	0	ABSTAIN	A	0	0	0
H5B-P-20-06#s100r089	64	0	0	0	0	ABSTAIN	A	0	0	0
H5B-P-20-07#s100r089	64	0	0	0	0	ABSTAIN	A	0	0	0
H5B-P-20-08#s100r089	64	0	0	0	0	ABSTAIN	A	0	0	0
H5B-P-20-09#s100r089	64	0	0	0	0	ABSTAIN	A	0	0	0
H5B-P-40-00#s100r089	64	0	0	0	0	ABSTAIN	A	0	0	0
H5B-P-40-01#s100r089	64	0	0	0	0	ABSTAIN	A	0	0	0
H5B-P-40-02#s100r089	64	0	0	0	0	ABSTAIN	A	0	0	0
H5B-P-40-03#s100r089	64	0	0	0	0	ABSTAIN	A	0	0	0
H5B-P-40-04#s100r089	64	0	0	0	0	ABSTAIN	A	0	0	0
H5B-P-40-05#s100r089	64	0	0	0	0	ABSTAIN	A	0	0	0
H5B-P-40-06#s100r089	64	0	0	0	0	ABSTAIN	A	0	0	0
H5B-P-40-07#s100r089	64	0	0	0	0	ABSTAIN	A	0	0	0
H5B-P-40-08#s100r089	64	0	0	0	0	ABSTAIN	A	0	0	0
H5B-P-40-09#s100r089	64	0	0	0	0	ABSTAIN	A	0	0	0
H5B-O-06-00#s100r089	64	0	0	0	0	ABSTAIN	A	0	0	0
H5B-O-06-01#s100r089	64	0	0	0	0	ABSTAIN	A	0	0	0
H5B-O-06-02#s100r089	64	0	0	0	0	ABSTAIN	A	0	0	0
H5B-O-06-03#s100r089	64	0	0	0	0	ABSTAIN	A	0	0	0
H5B-O-06-04#s100r089	64	0	0	0	0	ABSTAIN	A	0	0	0
H5B-O-06-05#s100r089	64	0	0	0	0	ABSTAIN	A	0	0	0
H5B-O-06-06#s100r089	64	0	0	0	0	ABSTAIN	A	0	0	0
H5B-O-06-07#s100r089	64	0	0	0	0	ABSTAIN	A	0	0	0
H5B-O-06-08#s100r089	64	0	0	0	0	ABSTAIN	A	0	0	0
H5B-O-06-09#s100r089	64	0	0	0	0	ABSTAIN	A	0	0	0
H5B-O-12-00#s100r089	64	0	0	0	0	ABSTAIN	A	0	0	0
H5B-O-12-01#s100r089	64	0	0	0	0	ABSTAIN	A	0	0	0
H5B-O-12-02#s100r089	64	0	0	0	0	ABSTAIN	A	0	0	0
H5B-O-12-03#s100r089	64	0	0	0	0	ABSTAIN	A	0	0	0
H5B-O-12-04#s100r089	64	0	0	0	0	ABSTAIN	A	0	0	0
H5B-O-12-05#s100r089	64	0	0	0	0	ABSTAIN	A	0	0	0
H5B-O-12-06#s100r089	64	0	0	0	0	ABSTAIN	A	0	0	0
H5B-O-12-07#s100r089	64	0	0	0	0	ABSTAIN	A	0	0	0
H5B-O-12-08#s100r089	64	0	0	0	0	ABSTAIN	A	0	0	0
H5B-O-12-09#s100r089	64	0	0	0	0	ABSTAIN	A	0	0	0
H5B-O-20-00#s100r089	64	0	0	0	0	ABSTAIN	A	0	0	0
H5B-O-20-01#s100r089	64	0	0	0	0	ABSTAIN	A	0	0	0
H5B-O-20-02#s100r089	64	0	0	0	0	ABSTAIN	A	0	0	0
H5B-O-20-03#s100r089	64	0	0	0	0	ABSTAIN	A	0	0	0
H5B-O-20-04#s100r089	64	0	0	0	0	ABSTAIN	A	0	0	0
H5B-O-20-05#s100r089	64	0	0	0	0	ABSTAIN	A	0	0	0
H5B-O-20-06#s100r089	64	0	0	0	0	ABSTAIN	A	0	0	0
H5B-O-20-07#s100r089	64	0	0	0	0	ABSTAIN	A	0	0	0
H5B-O-20-08#s100r089	64	0	0	0	0	ABSTAIN	A	0	0	0
H5B-O-20-09#s100r089	64	0	0	0	0	ABSTAIN	A	0	0	0
H5B-O-40-00#s100r089	64	0	0	0	0	ABSTAIN	A	0	0	0
H5B-O-40-01#s100r089	64	0	0	0	0	ABSTAIN	A	0	0	0
H5B-O-40-02#s100r089	64	0	0	0	0	ABSTAIN	A	0	0	0
H5B-O-40-03#s100r089	64	0	0	0	0	ABSTAIN	A	0	0	0
H5B-O-40-04#s100r089	64	0	0	0	0	ABSTAIN	A	0	0	0
H5B-O-40-05#s100r089	64	0	0	0	0	ABSTAIN	A	0	0	0
H5B-O-40-06#s100r089	64	0	0	0	0	ABSTAIN	A	0	0	0
H5B-O-40-07#s100r089	64	0	0	0	0	ABSTAIN	A	0	0	0
H5B-O-40-08#s100r089	64	0	0	0	0	ABSTAIN	A	0	0	0
H5B-O-40-09#s100r089	64	0	0	0	0	ABSTAIN	A	0	0	0
H5B-D-0-00#s100r089	64	0	0	0	0	RELEASE	1	660	0	0
H5B-D-0-01#s100r089	64	0	0	0	0	RELEASE	1	660	0	0
H5B-D-0-02#s100r089	64	0	0	0	0	RELEASE	1	660	0	0
H5B-D-0-03#s100r089	64	0	0	0	0	RELEASE	1	660	0	0
H5B-D-0-04#s100r089	64	0	0	0	0	RELEASE	1	660	0	0
H5B-D-0-05#s100r089	64	0	0	0	0	RELEASE	1	660	0	0
H5B-D-0-06#s100r089	64	0	0	0	0	RELEASE	1	660	0	0
H5B-D-0-07#s100r089	64	0	0	0	0	RELEASE	1	660	0	0
H5B-D-0-08#s100r089	64	0	0	0	0	RELEASE	1	660	0	0
H5B-D-0-09#s100r089	64	0	0	0	0	RELEASE	1	660	0	0
H5B-D-1-00#s100r089	64	0	0	0	0	ABSTAIN	A	0	0	0
H5B-D-1-01#s100r089	64	0	0	0	0	ABSTAIN	A	0	0	0
H5B-D-1-02#s100r089	64	0	0	0	0	ABSTAIN	A	0	0	0
H5B-D-1-03#s100r089	64	0	0	0	0	ABSTAIN	A	0	0	0
H5B-D-1-04#s100r089	64	0	0	0	0	ABSTAIN	A	0	0	0
H5B-D-1-05#s100r089	64	0	0	0	0	ABSTAIN	A	0	0	0
H5B-D-1-06#s100r089	64	0	0	0	0	ABSTAIN	A	0	0	0
H5B-D-1-07#s100r089	64	0	0	0	0	ABSTAIN	A	0	0	0
H5B-D-1-08#s100r089	64	0	0	0	0	ABSTAIN	A	0	0	0
H5B-D-1-09#s100r089	64	0	0	0	0	ABSTAIN	A	0	0	0
H5B-D-2-00#s100r089	64	0	0	0	0	ABSTAIN	A	0	0	0
H5B-D-2-01#s100r089	64	0	0	0	0	ABSTAIN	A	0	0	0
H5B-D-2-02#s100r089	64	0	0	0	0	ABSTAIN	A	0	0	0
H5B-D-2-03#s100r089	64	0	0	0	0	ABSTAIN	A	0	0	0
H5B-D-2-04#s100r089	64	0	0	0	0	ABSTAIN	A	0	0	0
H5B-D-2-05#s100r089	64	0	0	0	0	ABSTAIN	A	0	0	0
H5B-D-2-06#s100r089	64	0	0	0	0	ABSTAIN	A	0	0	0
H5B-D-2-07#s100r089	64	0	0	0	0	ABSTAIN	A	0	0	0
H5B-D-2-08#s100r089	64	0	0	0	0	ABSTAIN	A	0	0	0
H5B-D-2-09#s100r089	64	0	0	0	0	ABSTAIN	A	0	0	0
H5B-D-6-00#s100r089	64	0	0	0	0	ABSTAIN	A	0	0	0
H5B-D-6-01#s100r089	64	0	0	0	0	ABSTAIN	A	0	0	0
H5B-D-6-02#s100r089	64	0	0	0	0	ABSTAIN	A	0	0	0
H5B-D-6-03#s100r089	64	0	0	0	0	ABSTAIN	A	0	0	0
H5B-D-6-04#s100r089	64	0	0	0	0	ABSTAIN	A	0	0	0
H5B-D-6-05#s100r089	64	0	0	0	0	ABSTAIN	A	0	0	0
H5B-D-6-06#s100r089	64	0	0	0	0	ABSTAIN	A	0	0	0
H5B-D-6-07#s100r089	64	0	0	0	0	ABSTAIN	A	0	0	0
H5B-D-6-08#s100r089	64	0	0	0	0	ABSTAIN	A	0	0	0
H5B-D-6-09#s100r089	64	0	0	0	0	ABSTAIN	A	0	0	0
H5B-P-06-00#s100r090	64	0	0	0	0	ABSTAIN	A	0	0	0
H5B-P-06-01#s100r090	64	0	0	0	0	ABSTAIN	A	0	0	0
H5B-P-06-02#s100r090	64	0	0	0	0	ABSTAIN	A	0	0	0
H5B-P-06-03#s100r090	64	0	0	0	0	ABSTAIN	A	0	0	0
H5B-P-06-04#s100r090	64	0	0	0	0	ABSTAIN	A	0	0	0
H5B-P-06-05#s100r090	64	0	0	0	0	ABSTAIN	A	0	0	0
H5B-P-06-06#s100r090	64	0	0	0	0	ABSTAIN	A	0	0	0
H5B-P-06-07#s100r090	64	0	0	0	0	ABSTAIN	A	0	0	0
H5B-P-06-08#s100r090	64	0	0	0	0	ABSTAIN	A	0	0	0
H5B-P-06-09#s100r090	64	0	0	0	0	ABSTAIN	A	0	0	0
H5B-P-12-00#s100r090	64	0	0	0	0	ABSTAIN	A	0	0	0
H5B-P-12-01#s100r090	64	0	0	0	0	ABSTAIN	A	0	0	0
H5B-P-12-02#s100r090	64	0	0	0	0	ABSTAIN	A	0	0	0
H5B-P-12-03#s100r090	64	0	0	0	0	ABSTAIN	A	0	0	0
H5B-P-12-04#s100r090	64	0	0	0	0	ABSTAIN	A	0	0	0
H5B-P-12-05#s100r090	64	0	0	0	0	ABSTAIN	A	0	0	0
H5B-P-12-06#s100r090	64	0	0	0	0	ABSTAIN	A	0	0	0
H5B-P-12-07#s100r090	64	0	0	0	0	ABSTAIN	A	0	0	0
H5B-P-12-08#s100r090	64	0	0	0	0	ABSTAIN	A	0	0	0
H5B-P-12-09#s100r090	64	0	0	0	0	ABSTAIN	A	0	0	0
H5B-P-20-00#s100r090	64	0	0	0	0	ABSTAIN	A	0	0	0
H5B-P-20-01#s100r090	64	0	0	0	0	ABSTAIN	A	0	0	0
H5B-P-20-02#s100r090	64	0	0	0	0	ABSTAIN	A	0	0	0
H5B-P-20-03#s100r090	64	0	0	0	0	ABSTAIN	A	0	0	0
H5B-P-20-04#s100r090	64	0	0	0	0	ABSTAIN	A	0	0	0
H5B-P-20-05#s100r090	64	0	0	0	0	ABSTAIN	A	0	0	0
H5B-P-20-06#s100r090	64	0	0	0	0	ABSTAIN	A	0	0	0
H5B-P-20-07#s100r090	64	0	0	0	0	ABSTAIN	A	0	0	0
H5B-P-20-08#s100r090	64	0	0	0	0	ABSTAIN	A	0	0	0
H5B-P-20-09#s100r090	64	0	0	0	0	ABSTAIN	A	0	0	0
H5B-P-40-00#s100r090	64	0	0	0	0	ABSTAIN	A	0	0	0
H5B-P-40-01#s100r090	64	0	0	0	0	ABSTAIN	A	0	0	0
H5B-P-40-02#s100r090	64	0	0	0	0	ABSTAIN	A	0	0	0
H5B-P-40-03#s100r090	64	0	0	0	0	ABSTAIN	A	0	0	0
H5B-P-40-04#s100r090	64	0	0	0	0	ABSTAIN	A	0	0	0
H5B-P-40-05#s100r090	64	0	0	0	0	ABSTAIN	A	0	0	0
H5B-P-40-06#s100r090	64	0	0	0	0	ABSTAIN	A	0	0	0
H5B-P-40-07#s100r090	64	0	0	0	0	ABSTAIN	A	0	0	0
H5B-P-40-08#s100r090	64	0	0	0	0	ABSTAIN	A	0	0	0
H5B-P-40-09#s100r090	64	0	0	0	0	ABSTAIN	A	0	0	0
H5B-O-06-00#s100r090	64	0	0	0	0	ABSTAIN	A	0	0	0
H5B-O-06-01#s100r090	64	0	0	0	0	ABSTAIN	A	0	0	0
H5B-O-06-02#s100r090	64	0	0	0	0	ABSTAIN	A	0	0	0
H5B-O-06-03#s100r090	64	0	0	0	0	ABSTAIN	A	0	0	0
H5B-O-06-04#s100r090	64	0	0	0	0	ABSTAIN	A	0	0	0
H5B-O-06-05#s100r090	64	0	0	0	0	ABSTAIN	A	0	0	0
H5B-O-06-06#s100r090	64	0	0	0	0	ABSTAIN	A	0	0	0
H5B-O-06-07#s100r090	64	0	0	0	0	ABSTAIN	A	0	0	0
H5B-O-06-08#s100r090	64	0	0	0	0	ABSTAIN	A	0	0	0
H5B-O-06-09#s100r090	64	0	0	0	0	ABSTAIN	A	0	0	0
H5B-O-12-00#s100r090	64	0	0	0	0	ABSTAIN	A	0	0	0
H5B-O-12-01#s100r090	64	0	0	0	0	ABSTAIN	A	0	0	0
H5B-O-12-02#s100r090	64	0	0	0	0	ABSTAIN	A	0	0	0
H5B-O-12-03#s100r090	64	0	0	0	0	ABSTAIN	A	0	0	0
H5B-O-12-04#s100r090	64	0	0	0	0	ABSTAIN	A	0	0	0
H5B-O-12-05#s100r090	64	0	0	0	0	ABSTAIN	A	0	0	0
H5B-O-12-06#s100r090	64	0	0	0	0	ABSTAIN	A	0	0	0
H5B-O-12-07#s100r090	64	0	0	0	0	ABSTAIN	A	0	0	0
H5B-O-12-08#s100r090	64	0	0	0	0	ABSTAIN	A	0	0	0
H5B-O-12-09#s100r090	64	0	0	0	0	ABSTAIN	A	0	0	0
H5B-O-20-00#s100r090	64	0	0	0	0	ABSTAIN	A	0	0	0
H5B-O-20-01#s100r090	64	0	0	0	0	ABSTAIN	A	0	0	0
H5B-O-20-02#s100r090	64	0	0	0	0	ABSTAIN	A	0	0	0
H5B-O-20-03#s100r090	64	0	0	0	0	ABSTAIN	A	0	0	0
H5B-O-20-04#s100r090	64	0	0	0	0	ABSTAIN	A	0	0	0
H5B-O-20-05#s100r090	64	0	0	0	0	ABSTAIN	A	0	0	0
H5B-O-20-06#s100r090	64	0	0	0	0	ABSTAIN	A	0	0	0
H5B-O-20-07#s100r090	64	0	0	0	0	ABSTAIN	A	0	0	0
H5B-O-20-08#s100r090	64	0	0	0	0	ABSTAIN	A	0	0	0
H5B-O-20-09#s100r090	64	0	0	0	0	ABSTAIN	A	0	0	0
H5B-O-40-00#s100r090	64	0	0	0	0	ABSTAIN	A	0	0	0
H5B-O-40-01#s100r090	64	0	0	0	0	ABSTAIN	A	0	0	0
H5B-O-40-02#s100r090	64	0	0	0	0	ABSTAIN	A	0	0	0
H5B-O-40-03#s100r090	64	0	0	0	0	ABSTAIN	A	0	0	0
H5B-O-40-04#s100r090	64	0	0	0	0	ABSTAIN	A	0	0	0
H5B-O-40-05#s100r090	64	0	0	0	0	ABSTAIN	A	0	0	0
H5B-O-40-06#s100r090	64	0	0	0	0	ABSTAIN	A	0	0	0
H5B-O-40-07#s100r090	64	0	0	0	0	ABSTAIN	A	0	0	0
H5B-O-40-08#s100r090	64	0	0	0	0	ABSTAIN	A	0	0	0
H5B-O-40-09#s100r090	64	0	0	0	0	ABSTAIN	A	0	0	0
H5B-D-0-00#s100r090	64	0	0	0	0	RELEASE	1	660	0	0
H5B-D-0-01#s100r090	64	0	0	0	0	RELEASE	1	660	0	0
H5B-D-0-02#s100r090	64	0	0	0	0	RELEASE	1	660	0	0
H5B-D-0-03#s100r090	64	0	0	0	0	RELEASE	1	660	0	0
H5B-D-0-04#s100r090	64	0	0	0	0	RELEASE	1	660	0	0
H5B-D-0-05#s100r090	64	0	0	0	0	RELEASE	1	660	0	0
H5B-D-0-06#s100r090	64	0	0	0	0	RELEASE	1	660	0	0
H5B-D-0-07#s100r090	64	0	0	0	0	RELEASE	1	660	0	0
H5B-D-0-08#s100r090	64	0	0	0	0	RELEASE	1	660	0	0
H5B-D-0-09#s100r090	64	0	0	0	0	RELEASE	1	660	0	0
H5B-D-1-00#s100r090	64	0	0	0	0	ABSTAIN	A	0	0	0
H5B-D-1-01#s100r090	64	0	0	0	0	ABSTAIN	A	0	0	0
H5B-D-1-02#s100r090	64	0	0	0	0	ABSTAIN	A	0	0	0
H5B-D-1-03#s100r090	64	0	0	0	0	ABSTAIN	A	0	0	0
H5B-D-1-04#s100r090	64	0	0	0	0	ABSTAIN	A	0	0	0
H5B-D-1-05#s100r090	64	0	0	0	0	ABSTAIN	A	0	0	0
H5B-D-1-06#s100r090	64	0	0	0	0	ABSTAIN	A	0	0	0
H5B-D-1-07#s100r090	64	0	0	0	0	ABSTAIN	A	0	0	0
H5B-D-1-08#s100r090	64	0	0	0	0	ABSTAIN	A	0	0	0
H5B-D-1-09#s100r090	64	0	0	0	0	ABSTAIN	A	0	0	0
H5B-D-2-00#s100r090	64	0	0	0	0	ABSTAIN	A	0	0	0
H5B-D-2-01#s100r090	64	0	0	0	0	ABSTAIN	A	0	0	0
H5B-D-2-02#s100r090	64	0	0	0	0	ABSTAIN	A	0	0	0
H5B-D-2-03#s100r090	64	0	0	0	0	ABSTAIN	A	0	0	0
H5B-D-2-04#s100r090	64	0	0	0	0	ABSTAIN	A	0	0	0
H5B-D-2-05#s100r090	64	0	0	0	0	ABSTAIN	A	0	0	0
H5B-D-2-06#s100r090	64	0	0	0	0	ABSTAIN	A	0	0	0
H5B-D-2-07#s100r090	64	0	0	0	0	ABSTAIN	A	0	0	0
H5B-D-2-08#s100r090	64	0	0	0	0	ABSTAIN	A	0	0	0
H5B-D-2-09#s100r090	64	0	0	0	0	ABSTAIN	A	0	0	0
H5B-D-6-00#s100r090	64	0	0	0	0	ABSTAIN	A	0	0	0
H5B-D-6-01#s100r090	64	0	0	0	0	ABSTAIN	A	0	0	0
H5B-D-6-02#s100r090	64	0	0	0	0	ABSTAIN	A	0	0	0
H5B-D-6-03#s100r090	64	0	0	0	0	ABSTAIN	A	0	0	0
H5B-D-6-04#s100r090	64	0	0	0	0	ABSTAIN	A	0	0	0
H5B-D-6-05#s100r090	64	0	0	0	0	ABSTAIN	A	0	0	0
H5B-D-6-06#s100r090	64	0	0	0	0	ABSTAIN	A	0	0	0
H5B-D-6-07#s100r090	64	0	0	0	0	ABSTAIN	A	0	0	0
H5B-D-6-08#s100r090	64	0	0	0	0	ABSTAIN	A	0	0	0
H5B-D-6-09#s100r090	64	0	0	0	0	ABSTAIN	A	0	0	0
H5B-P-06-00#s100r091	64	0	0	0	0	ABSTAIN	A	0	0	0
H5B-P-06-01#s100r091	64	0	0	0	0	ABSTAIN	A	0	0	0
H5B-P-06-02#s100r091	64	0	0	0	0	ABSTAIN	A	0	0	0
H5B-P-06-03#s100r091	64	0	0	0	0	ABSTAIN	A	0	0	0
H5B-P-06-04#s100r091	64	0	0	0	0	ABSTAIN	A	0	0	0
H5B-P-06-05#s100r091	64	0	0	0	0	ABSTAIN	A	0	0	0
H5B-P-06-06#s100r091	64	0	0	0	0	ABSTAIN	A	0	0	0
H5B-P-06-07#s100r091	64	0	0	0	0	ABSTAIN	A	0	0	0
H5B-P-06-08#s100r091	64	0	0	0	0	ABSTAIN	A	0	0	0
H5B-P-06-09#s100r091	64	0	0	0	0	ABSTAIN	A	0	0	0
H5B-P-12-00#s100r091	64	0	0	0	0	ABSTAIN	A	0	0	0
H5B-P-12-01#s100r091	64	0	0	0	0	ABSTAIN	A	0	0	0
H5B-P-12-02#s100r091	64	0	0	0	0	ABSTAIN	A	0	0	0
H5B-P-12-03#s100r091	64	0	0	0	0	ABSTAIN	A	0	0	0
H5B-P-12-04#s100r091	64	0	0	0	0	ABSTAIN	A	0	0	0
H5B-P-12-05#s100r091	64	0	0	0	0	ABSTAIN	A	0	0	0
H5B-P-12-06#s100r091	64	0	0	0	0	ABSTAIN	A	0	0	0
H5B-P-12-07#s100r091	64	0	0	0	0	ABSTAIN	A	0	0	0
H5B-P-12-08#s100r091	64	0	0	0	0	ABSTAIN	A	0	0	0
H5B-P-12-09#s100r091	64	0	0	0	0	ABSTAIN	A	0	0	0
H5B-P-20-00#s100r091	64	0	0	0	0	ABSTAIN	A	0	0	0
H5B-P-20-01#s100r091	64	0	0	0	0	ABSTAIN	A	0	0	0
H5B-P-20-02#s100r091	64	0	0	0	0	ABSTAIN	A	0	0	0
H5B-P-20-03#s100r091	64	0	0	0	0	ABSTAIN	A	0	0	0
H5B-P-20-04#s100r091	64	0	0	0	0	ABSTAIN	A	0	0	0
H5B-P-20-05#s100r091	64	0	0	0	0	ABSTAIN	A	0	0	0
H5B-P-20-06#s100r091	64	0	0	0	0	ABSTAIN	A	0	0	0
H5B-P-20-07#s100r091	64	0	0	0	0	ABSTAIN	A	0	0	0
H5B-P-20-08#s100r091	64	0	0	0	0	ABSTAIN	A	0	0	0
H5B-P-20-09#s100r091	64	0	0	0	0	ABSTAIN	A	0	0	0
H5B-P-40-00#s100r091	64	0	0	0	0	ABSTAIN	A	0	0	0
H5B-P-40-01#s100r091	64	0	0	0	0	ABSTAIN	A	0	0	0
H5B-P-40-02#s100r091	64	0	0	0	0	ABSTAIN	A	0	0	0
H5B-P-40-03#s100r091	64	0	0	0	0	ABSTAIN	A	0	0	0
H5B-P-40-04#s100r091	64	0	0	0	0	ABSTAIN	A	0	0	0
H5B-P-40-05#s100r091	64	0	0	0	0	ABSTAIN	A	0	0	0
H5B-P-40-06#s100r091	64	0	0	0	0	ABSTAIN	A	0	0	0
H5B-P-40-07#s100r091	64	0	0	0	0	ABSTAIN	A	0	0	0
H5B-P-40-08#s100r091	64	0	0	0	0	ABSTAIN	A	0	0	0
H5B-P-40-09#s100r091	64	0	0	0	0	ABSTAIN	A	0	0	0
H5B-O-06-00#s100r091	64	0	0	0	0	ABSTAIN	A	0	0	0
H5B-O-06-01#s100r091	64	0	0	0	0	ABSTAIN	A	0	0	0
H5B-O-06-02#s100r091	64	0	0	0	0	ABSTAIN	A	0	0	0
H5B-O-06-03#s100r091	64	0	0	0	0	ABSTAIN	A	0	0	0
H5B-O-06-04#s100r091	64	0	0	0	0	ABSTAIN	A	0	0	0
H5B-O-06-05#s100r091	64	0	0	0	0	ABSTAIN	A	0	0	0
H5B-O-06-06#s100r091	64	0	0	0	0	ABSTAIN	A	0	0	0
H5B-O-06-07#s100r091	64	0	0	0	0	ABSTAIN	A	0	0	0
H5B-O-06-08#s100r091	64	0	0	0	0	ABSTAIN	A	0	0	0
H5B-O-06-09#s100r091	64	0	0	0	0	ABSTAIN	A	0	0	0
H5B-O-12-00#s100r091	64	0	0	0	0	ABSTAIN	A	0	0	0
H5B-O-12-01#s100r091	64	0	0	0	0	ABSTAIN	A	0	0	0
H5B-O-12-02#s100r091	64	0	0	0	0	ABSTAIN	A	0	0	0
H5B-O-12-03#s100r091	64	0	0	0	0	ABSTAIN	A	0	0	0
H5B-O-12-04#s100r091	64	0	0	0	0	ABSTAIN	A	0	0	0
H5B-O-12-05#s100r091	64	0	0	0	0	ABSTAIN	A	0	0	0
H5B-O-12-06#s100r091	64	0	0	0	0	ABSTAIN	A	0	0	0
H5B-O-12-07#s100r091	64	0	0	0	0	ABSTAIN	A	0	0	0
H5B-O-12-08#s100r091	64	0	0	0	0	ABSTAIN	A	0	0	0
H5B-O-12-09#s100r091	64	0	0	0	0	ABSTAIN	A	0	0	0
H5B-O-20-00#s100r091	64	0	0	0	0	ABSTAIN	A	0	0	0
H5B-O-20-01#s100r091	64	0	0	0	0	ABSTAIN	A	0	0	0
H5B-O-20-02#s100r091	64	0	0	0	0	ABSTAIN	A	0	0	0
H5B-O-20-03#s100r091	64	0	0	0	0	ABSTAIN	A	0	0	0
H5B-O-20-04#s100r091	64	0	0	0	0	ABSTAIN	A	0	0	0
H5B-O-20-05#s100r091	64	0	0	0	0	ABSTAIN	A	0	0	0
H5B-O-20-06#s100r091	64	0	0	0	0	ABSTAIN	A	0	0	0
H5B-O-20-07#s100r091	64	0	0	0	0	ABSTAIN	A	0	0	0
H5B-O-20-08#s100r091	64	0	0	0	0	ABSTAIN	A	0	0	0
H5B-O-20-09#s100r091	64	0	0	0	0	ABSTAIN	A	0	0	0
H5B-O-40-00#s100r091	64	0	0	0	0	ABSTAIN	A	0	0	0
H5B-O-40-01#s100r091	64	0	0	0	0	ABSTAIN	A	0	0	0
H5B-O-40-02#s100r091	64	0	0	0	0	ABSTAIN	A	0	0	0
H5B-O-40-03#s100r091	64	0	0	0	0	ABSTAIN	A	0	0	0
H5B-O-40-04#s100r091	64	0	0	0	0	ABSTAIN	A	0	0	0
H5B-O-40-05#s100r091	64	0	0	0	0	ABSTAIN	A	0	0	0
H5B-O-40-06#s100r091	64	0	0	0	0	ABSTAIN	A	0	0	0
H5B-O-40-07#s100r091	64	0	0	0	0	ABSTAIN	A	0	0	0
H5B-O-40-08#s100r091	64	0	0	0	0	ABSTAIN	A	0	0	0
H5B-O-40-09#s100r091	64	0	0	0	0	ABSTAIN	A	0	0	0
H5B-D-0-00#s100r091	64	0	0	0	0	RELEASE	1	660	0	0
H5B-D-0-01#s100r091	64	0	0	0	0	RELEASE	1	660	0	0
H5B-D-0-02#s100r091	64	0	0	0	0	RELEASE	1	660	0	0
H5B-D-0-03#s100r091	64	0	0	0	0	RELEASE	1	660	0	0
H5B-D-0-04#s100r091	64	0	0	0	0	RELEASE	1	660	0	0
H5B-D-0-05#s100r091	64	0	0	0	0	RELEASE	1	660	0	0
H5B-D-0-06#s100r091	64	0	0	0	0	RELEASE	1	660	0	0
H5B-D-0-07#s100r091	64	0	0	0	0	RELEASE	1	660	0	0
H5B-D-0-08#s100r091	64	0	0	0	0	RELEASE	1	660	0	0
H5B-D-0-09#s100r091	64	0	0	0	0	RELEASE	1	660	0	0
H5B-D-1-00#s100r091	64	0	0	0	0	ABSTAIN	A	0	0	0
H5B-D-1-01#s100r091	64	0	0	0	0	ABSTAIN	A	0	0	0
H5B-D-1-02#s100r091	64	0	0	0	0	ABSTAIN	A	0	0	0
H5B-D-1-03#s100r091	64	0	0	0	0	ABSTAIN	A	0	0	0
H5B-D-1-04#s100r091	64	0	0	0	0	ABSTAIN	A	0	0	0
H5B-D-1-05#s100r091	64	0	0	0	0	ABSTAIN	A	0	0	0
H5B-D-1-06#s100r091	64	0	0	0	0	ABSTAIN	A	0	0	0
H5B-D-1-07#s100r091	64	0	0	0	0	ABSTAIN	A	0	0	0
H5B-D-1-08#s100r091	64	0	0	0	0	ABSTAIN	A	0	0	0
H5B-D-1-09#s100r091	64	0	0	0	0	ABSTAIN	A	0	0	0
H5B-D-2-00#s100r091	64	0	0	0	0	ABSTAIN	A	0	0	0
H5B-D-2-01#s100r091	64	0	0	0	0	ABSTAIN	A	0	0	0
H5B-D-2-02#s100r091	64	0	0	0	0	ABSTAIN	A	0	0	0
H5B-D-2-03#s100r091	64	0	0	0	0	ABSTAIN	A	0	0	0
H5B-D-2-04#s100r091	64	0	0	0	0	ABSTAIN	A	0	0	0
H5B-D-2-05#s100r091	64	0	0	0	0	ABSTAIN	A	0	0	0
H5B-D-2-06#s100r091	64	0	0	0	0	ABSTAIN	A	0	0	0
H5B-D-2-07#s100r091	64	0	0	0	0	ABSTAIN	A	0	0	0
H5B-D-2-08#s100r091	64	0	0	0	0	ABSTAIN	A	0	0	0
H5B-D-2-09#s100r091	64	0	0	0	0	ABSTAIN	A	0	0	0
H5B-D-6-00#s100r091	64	0	0	0	0	ABSTAIN	A	0	0	0
H5B-D-6-01#s100r091	64	0	0	0	0	ABSTAIN	A	0	0	0
H5B-D-6-02#s100r091	64	0	0	0	0	ABSTAIN	A	0	0	0
H5B-D-6-03#s100r091	64	0	0	0	0	ABSTAIN	A	0	0	0
H5B-D-6-04#s100r091	64	0	0	0	0	ABSTAIN	A	0	0	0
H5B-D-6-05#s100r091	64	0	0	0	0	ABSTAIN	A	0	0	0
H5B-D-6-06#s100r091	64	0	0	0	0	ABSTAIN	A	0	0	0
H5B-D-6-07#s100r091	64	0	0	0	0	ABSTAIN	A	0	0	0
H5B-D-6-08#s100r091	64	0	0	0	0	ABSTAIN	A	0	0	0
H5B-D-6-09#s100r091	64	0	0	0	0	ABSTAIN	A	0	0	0
H5B-P-06-00#s100r092	64	0	0	0	0	ABSTAIN	A	0	0	0
H5B-P-06-01#s100r092	64	0	0	0	0	ABSTAIN	A	0	0	0
H5B-P-06-02#s100r092	64	0	0	0	0	ABSTAIN	A	0	0	0
H5B-P-06-03#s100r092	64	0	0	0	0	ABSTAIN	A	0	0	0
H5B-P-06-04#s100r092	64	0	0	0	0	ABSTAIN	A	0	0	0
H5B-P-06-05#s100r092	64	0	0	0	0	ABSTAIN	A	0	0	0
H5B-P-06-06#s100r092	64	0	0	0	0	ABSTAIN	A	0	0	0
H5B-P-06-07#s100r092	64	0	0	0	0	ABSTAIN	A	0	0	0
H5B-P-06-08#s100r092	64	0	0	0	0	ABSTAIN	A	0	0	0
H5B-P-06-09#s100r092	64	0	0	0	0	ABSTAIN	A	0	0	0
H5B-P-12-00#s100r092	64	0	0	0	0	ABSTAIN	A	0	0	0
H5B-P-12-01#s100r092	64	0	0	0	0	ABSTAIN	A	0	0	0
H5B-P-12-02#s100r092	64	0	0	0	0	ABSTAIN	A	0	0	0
H5B-P-12-03#s100r092	64	0	0	0	0	ABSTAIN	A	0	0	0
H5B-P-12-04#s100r092	64	0	0	0	0	ABSTAIN	A	0	0	0
H5B-P-12-05#s100r092	64	0	0	0	0	ABSTAIN	A	0	0	0
H5B-P-12-06#s100r092	64	0	0	0	0	ABSTAIN	A	0	0	0
H5B-P-12-07#s100r092	64	0	0	0	0	ABSTAIN	A	0	0	0
H5B-P-12-08#s100r092	64	0	0	0	0	ABSTAIN	A	0	0	0
H5B-P-12-09#s100r092	64	0	0	0	0	ABSTAIN	A	0	0	0
H5B-P-20-00#s100r092	64	0	0	0	0	ABSTAIN	A	0	0	0
H5B-P-20-01#s100r092	64	0	0	0	0	ABSTAIN	A	0	0	0
H5B-P-20-02#s100r092	64	0	0	0	0	ABSTAIN	A	0	0	0
H5B-P-20-03#s100r092	64	0	0	0	0	ABSTAIN	A	0	0	0
H5B-P-20-04#s100r092	64	0	0	0	0	ABSTAIN	A	0	0	0
H5B-P-20-05#s100r092	64	0	0	0	0	ABSTAIN	A	0	0	0
H5B-P-20-06#s100r092	64	0	0	0	0	ABSTAIN	A	0	0	0
H5B-P-20-07#s100r092	64	0	0	0	0	ABSTAIN	A	0	0	0
H5B-P-20-08#s100r092	64	0	0	0	0	ABSTAIN	A	0	0	0
H5B-P-20-09#s100r092	64	0	0	0	0	ABSTAIN	A	0	0	0
H5B-P-40-00#s100r092	64	0	0	0	0	ABSTAIN	A	0	0	0
H5B-P-40-01#s100r092	64	0	0	0	0	ABSTAIN	A	0	0	0
H5B-P-40-02#s100r092	64	0	0	0	0	ABSTAIN	A	0	0	0
H5B-P-40-03#s100r092	64	0	0	0	0	ABSTAIN	A	0	0	0
H5B-P-40-04#s100r092	64	0	0	0	0	ABSTAIN	A	0	0	0
H5B-P-40-05#s100r092	64	0	0	0	0	ABSTAIN	A	0	0	0
H5B-P-40-06#s100r092	64	0	0	0	0	ABSTAIN	A	0	0	0
H5B-P-40-07#s100r092	64	0	0	0	0	ABSTAIN	A	0	0	0
H5B-P-40-08#s100r092	64	0	0	0	0	ABSTAIN	A	0	0	0
H5B-P-40-09#s100r092	64	0	0	0	0	ABSTAIN	A	0	0	0
H5B-O-06-00#s100r092	64	0	0	0	0	ABSTAIN	A	0	0	0
H5B-O-06-01#s100r092	64	0	0	0	0	ABSTAIN	A	0	0	0
H5B-O-06-02#s100r092	64	0	0	0	0	ABSTAIN	A	0	0	0
H5B-O-06-03#s100r092	64	0	0	0	0	ABSTAIN	A	0	0	0
H5B-O-06-04#s100r092	64	0	0	0	0	ABSTAIN	A	0	0	0
H5B-O-06-05#s100r092	64	0	0	0	0	ABSTAIN	A	0	0	0
H5B-O-06-06#s100r092	64	0	0	0	0	ABSTAIN	A	0	0	0
H5B-O-06-07#s100r092	64	0	0	0	0	ABSTAIN	A	0	0	0
H5B-O-06-08#s100r092	64	0	0	0	0	ABSTAIN	A	0	0	0
H5B-O-06-09#s100r092	64	0	0	0	0	ABSTAIN	A	0	0	0
H5B-O-12-00#s100r092	64	0	0	0	0	ABSTAIN	A	0	0	0
H5B-O-12-01#s100r092	64	0	0	0	0	ABSTAIN	A	0	0	0
H5B-O-12-02#s100r092	64	0	0	0	0	ABSTAIN	A	0	0	0
H5B-O-12-03#s100r092	64	0	0	0	0	ABSTAIN	A	0	0	0
H5B-O-12-04#s100r092	64	0	0	0	0	ABSTAIN	A	0	0	0
H5B-O-12-05#s100r092	64	0	0	0	0	ABSTAIN	A	0	0	0
H5B-O-12-06#s100r092	64	0	0	0	0	ABSTAIN	A	0	0	0
H5B-O-12-07#s100r092	64	0	0	0	0	ABSTAIN	A	0	0	0
H5B-O-12-08#s100r092	64	0	0	0	0	ABSTAIN	A	0	0	0
H5B-O-12-09#s100r092	64	0	0	0	0	ABSTAIN	A	0	0	0
H5B-O-20-00#s100r092	64	0	0	0	0	ABSTAIN	A	0	0	0
H5B-O-20-01#s100r092	64	0	0	0	0	ABSTAIN	A	0	0	0
H5B-O-20-02#s100r092	64	0	0	0	0	ABSTAIN	A	0	0	0
H5B-O-20-03#s100r092	64	0	0	0	0	ABSTAIN	A	0	0	0
H5B-O-20-04#s100r092	64	0	0	0	0	ABSTAIN	A	0	0	0
H5B-O-20-05#s100r092	64	0	0	0	0	ABSTAIN	A	0	0	0
H5B-O-20-06#s100r092	64	0	0	0	0	ABSTAIN	A	0	0	0
H5B-O-20-07#s100r092	64	0	0	0	0	ABSTAIN	A	0	0	0
H5B-O-20-08#s100r092	64	0	0	0	0	ABSTAIN	A	0	0	0
H5B-O-20-09#s100r092	64	0	0	0	0	ABSTAIN	A	0	0	0
H5B-O-40-00#s100r092	64	0	0	0	0	ABSTAIN	A	0	0	0
H5B-O-40-01#s100r092	64	0	0	0	0	ABSTAIN	A	0	0	0
H5B-O-40-02#s100r092	64	0	0	0	0	ABSTAIN	A	0	0	0
H5B-O-40-03#s100r092	64	0	0	0	0	ABSTAIN	A	0	0	0
H5B-O-40-04#s100r092	64	0	0	0	0	ABSTAIN	A	0	0	0
H5B-O-40-05#s100r092	64	0	0	0	0	ABSTAIN	A	0	0	0
H5B-O-40-06#s100r092	64	0	0	0	0	ABSTAIN	A	0	0	0
H5B-O-40-07#s100r092	64	0	0	0	0	ABSTAIN	A	0	0	0
H5B-O-40-08#s100r092	64	0	0	0	0	ABSTAIN	A	0	0	0
H5B-O-40-09#s100r092	64	0	0	0	0	ABSTAIN	A	0	0	0
H5B-D-0-00#s100r092	64	0	0	0	0	RELEASE	1	660	0	0
H5B-D-0-01#s100r092	64	0	0	0	0	RELEASE	1	660	0	0
H5B-D-0-02#s100r092	64	0	0	0	0	RELEASE	1	660	0	0
H5B-D-0-03#s100r092	64	0	0	0	0	RELEASE	1	660	0	0
H5B-D-0-04#s100r092	64	0	0	0	0	RELEASE	1	660	0	0
H5B-D-0-05#s100r092	64	0	0	0	0	RELEASE	1	660	0	0
H5B-D-0-06#s100r092	64	0	0	0	0	RELEASE	1	660	0	0
H5B-D-0-07#s100r092	64	0	0	0	0	RELEASE	1	660	0	0
H5B-D-0-08#s100r092	64	0	0	0	0	RELEASE	1	660	0	0
H5B-D-0-09#s100r092	64	0	0	0	0	RELEASE	1	660	0	0
H5B-D-1-00#s100r092	64	0	0	0	0	ABSTAIN	A	0	0	0
H5B-D-1-01#s100r092	64	0	0	0	0	ABSTAIN	A	0	0	0
H5B-D-1-02#s100r092	64	0	0	0	0	ABSTAIN	A	0	0	0
H5B-D-1-03#s100r092	64	0	0	0	0	ABSTAIN	A	0	0	0
H5B-D-1-04#s100r092	64	0	0	0	0	ABSTAIN	A	0	0	0
H5B-D-1-05#s100r092	64	0	0	0	0	ABSTAIN	A	0	0	0
H5B-D-1-06#s100r092	64	0	0	0	0	ABSTAIN	A	0	0	0
H5B-D-1-07#s100r092	64	0	0	0	0	ABSTAIN	A	0	0	0
H5B-D-1-08#s100r092	64	0	0	0	0	ABSTAIN	A	0	0	0
H5B-D-1-09#s100r092	64	0	0	0	0	ABSTAIN	A	0	0	0
H5B-D-2-00#s100r092	64	0	0	0	0	ABSTAIN	A	0	0	0
H5B-D-2-01#s100r092	64	0	0	0	0	ABSTAIN	A	0	0	0
H5B-D-2-02#s100r092	64	0	0	0	0	ABSTAIN	A	0	0	0
H5B-D-2-03#s100r092	64	0	0	0	0	ABSTAIN	A	0	0	0
H5B-D-2-04#s100r092	64	0	0	0	0	ABSTAIN	A	0	0	0
H5B-D-2-05#s100r092	64	0	0	0	0	ABSTAIN	A	0	0	0
H5B-D-2-06#s100r092	64	0	0	0	0	ABSTAIN	A	0	0	0
H5B-D-2-07#s100r092	64	0	0	0	0	ABSTAIN	A	0	0	0
H5B-D-2-08#s100r092	64	0	0	0	0	ABSTAIN	A	0	0	0
H5B-D-2-09#s100r092	64	0	0	0	0	ABSTAIN	A	0	0	0
H5B-D-6-00#s100r092	64	0	0	0	0	ABSTAIN	A	0	0	0
H5B-D-6-01#s100r092	64	0	0	0	0	ABSTAIN	A	0	0	0
H5B-D-6-02#s100r092	64	0	0	0	0	ABSTAIN	A	0	0	0
H5B-D-6-03#s100r092	64	0	0	0	0	ABSTAIN	A	0	0	0
H5B-D-6-04#s100r092	64	0	0	0	0	ABSTAIN	A	0	0	0
H5B-D-6-05#s100r092	64	0	0	0	0	ABSTAIN	A	0	0	0
H5B-D-6-06#s100r092	64	0	0	0	0	ABSTAIN	A	0	0	0
H5B-D-6-07#s100r092	64	0	0	0	0	ABSTAIN	A	0	0	0
H5B-D-6-08#s100r092	64	0	0	0	0	ABSTAIN	A	0	0	0
H5B-D-6-09#s100r092	64	0	0	0	0	ABSTAIN	A	0	0	0
H5B-P-06-00#s100r093	64	0	0	0	0	ABSTAIN	A	0	0	0
H5B-P-06-01#s100r093	64	0	0	0	0	ABSTAIN	A	0	0	0
H5B-P-06-02#s100r093	64	0	0	0	0	ABSTAIN	A	0	0	0
H5B-P-06-03#s100r093	64	0	0	0	0	ABSTAIN	A	0	0	0
H5B-P-06-04#s100r093	64	0	0	0	0	ABSTAIN	A	0	0	0
H5B-P-06-05#s100r093	64	0	0	0	0	ABSTAIN	A	0	0	0
H5B-P-06-06#s100r093	64	0	0	0	0	ABSTAIN	A	0	0	0
H5B-P-06-07#s100r093	64	0	0	0	0	ABSTAIN	A	0	0	0
H5B-P-06-08#s100r093	64	0	0	0	0	ABSTAIN	A	0	0	0
H5B-P-06-09#s100r093	64	0	0	0	0	ABSTAIN	A	0	0	0
H5B-P-12-00#s100r093	64	0	0	0	0	ABSTAIN	A	0	0	0
H5B-P-12-01#s100r093	64	0	0	0	0	ABSTAIN	A	0	0	0
H5B-P-12-02#s100r093	64	0	0	0	0	ABSTAIN	A	0	0	0
H5B-P-12-03#s100r093	64	0	0	0	0	ABSTAIN	A	0	0	0
H5B-P-12-04#s100r093	64	0	0	0	0	ABSTAIN	A	0	0	0
H5B-P-12-05#s100r093	64	0	0	0	0	ABSTAIN	A	0	0	0
H5B-P-12-06#s100r093	64	0	0	0	0	ABSTAIN	A	0	0	0
H5B-P-12-07#s100r093	64	0	0	0	0	ABSTAIN	A	0	0	0
H5B-P-12-08#s100r093	64	0	0	0	0	ABSTAIN	A	0	0	0
H5B-P-12-09#s100r093	64	0	0	0	0	ABSTAIN	A	0	0	0
H5B-P-20-00#s100r093	64	0	0	0	0	ABSTAIN	A	0	0	0
H5B-P-20-01#s100r093	64	0	0	0	0	ABSTAIN	A	0	0	0
H5B-P-20-02#s100r093	64	0	0	0	0	ABSTAIN	A	0	0	0
H5B-P-20-03#s100r093	64	0	0	0	0	ABSTAIN	A	0	0	0
H5B-P-20-04#s100r093	64	0	0	0	0	ABSTAIN	A	0	0	0
H5B-P-20-05#s100r093	64	0	0	0	0	ABSTAIN	A	0	0	0
H5B-P-20-06#s100r093	64	0	0	0	0	ABSTAIN	A	0	0	0
H5B-P-20-07#s100r093	64	0	0	0	0	ABSTAIN	A	0	0	0
H5B-P-20-08#s100r093	64	0	0	0	0	ABSTAIN	A	0	0	0
H5B-P-20-09#s100r093	64	0	0	0	0	ABSTAIN	A	0	0	0
H5B-P-40-00#s100r093	64	0	0	0	0	ABSTAIN	A	0	0	0
H5B-P-40-01#s100r093	64	0	0	0	0	ABSTAIN	A	0	0	0
H5B-P-40-02#s100r093	64	0	0	0	0	ABSTAIN	A	0	0	0
H5B-P-40-03#s100r093	64	0	0	0	0	ABSTAIN	A	0	0	0
H5B-P-40-04#s100r093	64	0	0	0	0	ABSTAIN	A	0	0	0
H5B-P-40-05#s100r093	64	0	0	0	0	ABSTAIN	A	0	0	0
H5B-P-40-06#s100r093	64	0	0	0	0	ABSTAIN	A	0	0	0
H5B-P-40-07#s100r093	64	0	0	0	0	ABSTAIN	A	0	0	0
H5B-P-40-08#s100r093	64	0	0	0	0	ABSTAIN	A	0	0	0
H5B-P-40-09#s100r093	64	0	0	0	0	ABSTAIN	A	0	0	0
H5B-O-06-00#s100r093	64	0	0	0	0	ABSTAIN	A	0	0	0
H5B-O-06-01#s100r093	64	0	0	0	0	ABSTAIN	A	0	0	0
H5B-O-06-02#s100r093	64	0	0	0	0	ABSTAIN	A	0	0	0
H5B-O-06-03#s100r093	64	0	0	0	0	ABSTAIN	A	0	0	0
H5B-O-06-04#s100r093	64	0	0	0	0	ABSTAIN	A	0	0	0
H5B-O-06-05#s100r093	64	0	0	0	0	ABSTAIN	A	0	0	0
H5B-O-06-06#s100r093	64	0	0	0	0	ABSTAIN	A	0	0	0
H5B-O-06-07#s100r093	64	0	0	0	0	ABSTAIN	A	0	0	0
H5B-O-06-08#s100r093	64	0	0	0	0	ABSTAIN	A	0	0	0
H5B-O-06-09#s100r093	64	0	0	0	0	ABSTAIN	A	0	0	0
H5B-O-12-00#s100r093	64	0	0	0	0	ABSTAIN	A	0	0	0
H5B-O-12-01#s100r093	64	0	0	0	0	ABSTAIN	A	0	0	0
H5B-O-12-02#s100r093	64	0	0	0	0	ABSTAIN	A	0	0	0
H5B-O-12-03#s100r093	64	0	0	0	0	ABSTAIN	A	0	0	0
H5B-O-12-04#s100r093	64	0	0	0	0	ABSTAIN	A	0	0	0
H5B-O-12-05#s100r093	64	0	0	0	0	ABSTAIN	A	0	0	0
H5B-O-12-06#s100r093	64	0	0	0	0	ABSTAIN	A	0	0	0
H5B-O-12-07#s100r093	64	0	0	0	0	ABSTAIN	A	0	0	0
H5B-O-12-08#s100r093	64	0	0	0	0	ABSTAIN	A	0	0	0
H5B-O-12-09#s100r093	64	0	0	0	0	ABSTAIN	A	0	0	0
H5B-O-20-00#s100r093	64	0	0	0	0	ABSTAIN	A	0	0	0
H5B-O-20-01#s100r093	64	0	0	0	0	ABSTAIN	A	0	0	0
H5B-O-20-02#s100r093	64	0	0	0	0	ABSTAIN	A	0	0	0
H5B-O-20-03#s100r093	64	0	0	0	0	ABSTAIN	A	0	0	0
H5B-O-20-04#s100r093	64	0	0	0	0	ABSTAIN	A	0	0	0
H5B-O-20-05#s100r093	64	0	0	0	0	ABSTAIN	A	0	0	0
H5B-O-20-06#s100r093	64	0	0	0	0	ABSTAIN	A	0	0	0
H5B-O-20-07#s100r093	64	0	0	0	0	ABSTAIN	A	0	0	0
H5B-O-20-08#s100r093	64	0	0	0	0	ABSTAIN	A	0	0	0
H5B-O-20-09#s100r093	64	0	0	0	0	ABSTAIN	A	0	0	0
H5B-O-40-00#s100r093	64	0	0	0	0	ABSTAIN	A	0	0	0
H5B-O-40-01#s100r093	64	0	0	0	0	ABSTAIN	A	0	0	0
H5B-O-40-02#s100r093	64	0	0	0	0	ABSTAIN	A	0	0	0
H5B-O-40-03#s100r093	64	0	0	0	0	ABSTAIN	A	0	0	0
H5B-O-40-04#s100r093	64	0	0	0	0	ABSTAIN	A	0	0	0
H5B-O-40-05#s100r093	64	0	0	0	0	ABSTAIN	A	0	0	0
H5B-O-40-06#s100r093	64	0	0	0	0	ABSTAIN	A	0	0	0
H5B-O-40-07#s100r093	64	0	0	0	0	ABSTAIN	A	0	0	0
H5B-O-40-08#s100r093	64	0	0	0	0	ABSTAIN	A	0	0	0
H5B-O-40-09#s100r093	64	0	0	0	0	ABSTAIN	A	0	0	0
H5B-D-0-00#s100r093	64	0	0	0	0	RELEASE	1	660	0	0
H5B-D-0-01#s100r093	64	0	0	0	0	RELEASE	1	660	0	0
H5B-D-0-02#s100r093	64	0	0	0	0	RELEASE	1	660	0	0
H5B-D-0-03#s100r093	64	0	0	0	0	RELEASE	1	660	0	0
H5B-D-0-04#s100r093	64	0	0	0	0	RELEASE	1	660	0	0
H5B-D-0-05#s100r093	64	0	0	0	0	RELEASE	1	660	0	0
H5B-D-0-06#s100r093	64	0	0	0	0	RELEASE	1	660	0	0
H5B-D-0-07#s100r093	64	0	0	0	0	RELEASE	1	660	0	0
H5B-D-0-08#s100r093	64	0	0	0	0	RELEASE	1	660	0	0
H5B-D-0-09#s100r093	64	0	0	0	0	RELEASE	1	660	0	0
H5B-D-1-00#s100r093	64	0	0	0	0	ABSTAIN	A	0	0	0
H5B-D-1-01#s100r093	64	0	0	0	0	ABSTAIN	A	0	0	0
H5B-D-1-02#s100r093	64	0	0	0	0	ABSTAIN	A	0	0	0
H5B-D-1-03#s100r093	64	0	0	0	0	ABSTAIN	A	0	0	0
H5B-D-1-04#s100r093	64	0	0	0	0	ABSTAIN	A	0	0	0
H5B-D-1-05#s100r093	64	0	0	0	0	ABSTAIN	A	0	0	0
H5B-D-1-06#s100r093	64	0	0	0	0	ABSTAIN	A	0	0	0
H5B-D-1-07#s100r093	64	0	0	0	0	ABSTAIN	A	0	0	0
H5B-D-1-08#s100r093	64	0	0	0	0	ABSTAIN	A	0	0	0
H5B-D-1-09#s100r093	64	0	0	0	0	ABSTAIN	A	0	0	0
H5B-D-2-00#s100r093	64	0	0	0	0	ABSTAIN	A	0	0	0
H5B-D-2-01#s100r093	64	0	0	0	0	ABSTAIN	A	0	0	0
H5B-D-2-02#s100r093	64	0	0	0	0	ABSTAIN	A	0	0	0
H5B-D-2-03#s100r093	64	0	0	0	0	ABSTAIN	A	0	0	0
H5B-D-2-04#s100r093	64	0	0	0	0	ABSTAIN	A	0	0	0
H5B-D-2-05#s100r093	64	0	0	0	0	ABSTAIN	A	0	0	0
H5B-D-2-06#s100r093	64	0	0	0	0	ABSTAIN	A	0	0	0
H5B-D-2-07#s100r093	64	0	0	0	0	ABSTAIN	A	0	0	0
H5B-D-2-08#s100r093	64	0	0	0	0	ABSTAIN	A	0	0	0
H5B-D-2-09#s100r093	64	0	0	0	0	ABSTAIN	A	0	0	0
H5B-D-6-00#s100r093	64	0	0	0	0	ABSTAIN	A	0	0	0
H5B-D-6-01#s100r093	64	0	0	0	0	ABSTAIN	A	0	0	0
H5B-D-6-02#s100r093	64	0	0	0	0	ABSTAIN	A	0	0	0
H5B-D-6-03#s100r093	64	0	0	0	0	ABSTAIN	A	0	0	0
H5B-D-6-04#s100r093	64	0	0	0	0	ABSTAIN	A	0	0	0
H5B-D-6-05#s100r093	64	0	0	0	0	ABSTAIN	A	0	0	0
H5B-D-6-06#s100r093	64	0	0	0	0	ABSTAIN	A	0	0	0
H5B-D-6-07#s100r093	64	0	0	0	0	ABSTAIN	A	0	0	0
H5B-D-6-08#s100r093	64	0	0	0	0	ABSTAIN	A	0	0	0
H5B-D-6-09#s100r093	64	0	0	0	0	ABSTAIN	A	0	0	0
H5B-P-06-00#s100r094	64	0	0	0	0	ABSTAIN	A	0	0	0
H5B-P-06-01#s100r094	64	0	0	0	0	ABSTAIN	A	0	0	0
H5B-P-06-02#s100r094	64	0	0	0	0	ABSTAIN	A	0	0	0
H5B-P-06-03#s100r094	64	0	0	0	0	ABSTAIN	A	0	0	0
H5B-P-06-04#s100r094	64	0	0	0	0	ABSTAIN	A	0	0	0
H5B-P-06-05#s100r094	64	0	0	0	0	ABSTAIN	A	0	0	0
H5B-P-06-06#s100r094	64	0	0	0	0	ABSTAIN	A	0	0	0
H5B-P-06-07#s100r094	64	0	0	0	0	ABSTAIN	A	0	0	0
H5B-P-06-08#s100r094	64	0	0	0	0	ABSTAIN	A	0	0	0
H5B-P-06-09#s100r094	64	0	0	0	0	ABSTAIN	A	0	0	0
H5B-P-12-00#s100r094	64	0	0	0	0	ABSTAIN	A	0	0	0
H5B-P-12-01#s100r094	64	0	0	0	0	ABSTAIN	A	0	0	0
H5B-P-12-02#s100r094	64	0	0	0	0	ABSTAIN	A	0	0	0
H5B-P-12-03#s100r094	64	0	0	0	0	ABSTAIN	A	0	0	0
H5B-P-12-04#s100r094	64	0	0	0	0	ABSTAIN	A	0	0	0
H5B-P-12-05#s100r094	64	0	0	0	0	ABSTAIN	A	0	0	0
H5B-P-12-06#s100r094	64	0	0	0	0	ABSTAIN	A	0	0	0
H5B-P-12-07#s100r094	64	0	0	0	0	ABSTAIN	A	0	0	0
H5B-P-12-08#s100r094	64	0	0	0	0	ABSTAIN	A	0	0	0
H5B-P-12-09#s100r094	64	0	0	0	0	ABSTAIN	A	0	0	0
H5B-P-20-00#s100r094	64	0	0	0	0	ABSTAIN	A	0	0	0
H5B-P-20-01#s100r094	64	0	0	0	0	ABSTAIN	A	0	0	0
H5B-P-20-02#s100r094	64	0	0	0	0	ABSTAIN	A	0	0	0
H5B-P-20-03#s100r094	64	0	0	0	0	ABSTAIN	A	0	0	0
H5B-P-20-04#s100r094	64	0	0	0	0	ABSTAIN	A	0	0	0
H5B-P-20-05#s100r094	64	0	0	0	0	ABSTAIN	A	0	0	0
H5B-P-20-06#s100r094	64	0	0	0	0	ABSTAIN	A	0	0	0
H5B-P-20-07#s100r094	64	0	0	0	0	ABSTAIN	A	0	0	0
H5B-P-20-08#s100r094	64	0	0	0	0	ABSTAIN	A	0	0	0
H5B-P-20-09#s100r094	64	0	0	0	0	ABSTAIN	A	0	0	0
H5B-P-40-00#s100r094	64	0	0	0	0	ABSTAIN	A	0	0	0
H5B-P-40-01#s100r094	64	0	0	0	0	ABSTAIN	A	0	0	0
H5B-P-40-02#s100r094	64	0	0	0	0	ABSTAIN	A	0	0	0
H5B-P-40-03#s100r094	64	0	0	0	0	ABSTAIN	A	0	0	0
H5B-P-40-04#s100r094	64	0	0	0	0	ABSTAIN	A	0	0	0
H5B-P-40-05#s100r094	64	0	0	0	0	ABSTAIN	A	0	0	0
H5B-P-40-06#s100r094	64	0	0	0	0	ABSTAIN	A	0	0	0
H5B-P-40-07#s100r094	64	0	0	0	0	ABSTAIN	A	0	0	0
H5B-P-40-08#s100r094	64	0	0	0	0	ABSTAIN	A	0	0	0
H5B-P-40-09#s100r094	64	0	0	0	0	ABSTAIN	A	0	0	0
H5B-O-06-00#s100r094	64	0	0	0	0	ABSTAIN	A	0	0	0
H5B-O-06-01#s100r094	64	0	0	0	0	ABSTAIN	A	0	0	0
H5B-O-06-02#s100r094	64	0	0	0	0	ABSTAIN	A	0	0	0
H5B-O-06-03#s100r094	64	0	0	0	0	ABSTAIN	A	0	0	0
H5B-O-06-04#s100r094	64	0	0	0	0	ABSTAIN	A	0	0	0
H5B-O-06-05#s100r094	64	0	0	0	0	ABSTAIN	A	0	0	0
H5B-O-06-06#s100r094	64	0	0	0	0	ABSTAIN	A	0	0	0
H5B-O-06-07#s100r094	64	0	0	0	0	ABSTAIN	A	0	0	0
H5B-O-06-08#s100r094	64	0	0	0	0	ABSTAIN	A	0	0	0
H5B-O-06-09#s100r094	64	0	0	0	0	ABSTAIN	A	0	0	0
H5B-O-12-00#s100r094	64	0	0	0	0	ABSTAIN	A	0	0	0
H5B-O-12-01#s100r094	64	0	0	0	0	ABSTAIN	A	0	0	0
H5B-O-12-02#s100r094	64	0	0	0	0	ABSTAIN	A	0	0	0
H5B-O-12-03#s100r094	64	0	0	0	0	ABSTAIN	A	0	0	0
H5B-O-12-04#s100r094	64	0	0	0	0	ABSTAIN	A	0	0	0
H5B-O-12-05#s100r094	64	0	0	0	0	ABSTAIN	A	0	0	0
H5B-O-12-06#s100r094	64	0	0	0	0	ABSTAIN	A	0	0	0
H5B-O-12-07#s100r094	64	0	0	0	0	ABSTAIN	A	0	0	0
H5B-O-12-08#s100r094	64	0	0	0	0	ABSTAIN	A	0	0	0
H5B-O-12-09#s100r094	64	0	0	0	0	ABSTAIN	A	0	0	0
H5B-O-20-00#s100r094	64	0	0	0	0	ABSTAIN	A	0	0	0
H5B-O-20-01#s100r094	64	0	0	0	0	ABSTAIN	A	0	0	0
H5B-O-20-02#s100r094	64	0	0	0	0	ABSTAIN	A	0	0	0
H5B-O-20-03#s100r094	64	0	0	0	0	ABSTAIN	A	0	0	0
H5B-O-20-04#s100r094	64	0	0	0	0	ABSTAIN	A	0	0	0
H5B-O-20-05#s100r094	64	0	0	0	0	ABSTAIN	A	0	0	0
H5B-O-20-06#s100r094	64	0	0	0	0	ABSTAIN	A	0	0	0
H5B-O-20-07#s100r094	64	0	0	0	0	ABSTAIN	A	0	0	0
H5B-O-20-08#s100r094	64	0	0	0	0	ABSTAIN	A	0	0	0
H5B-O-20-09#s100r094	64	0	0	0	0	ABSTAIN	A	0	0	0
H5B-O-40-00#s100r094	64	0	0	0	0	ABSTAIN	A	0	0	0
H5B-O-40-01#s100r094	64	0	0	0	0	ABSTAIN	A	0	0	0
H5B-O-40-02#s100r094	64	0	0	0	0	ABSTAIN	A	0	0	0
H5B-O-40-03#s100r094	64	0	0	0	0	ABSTAIN	A	0	0	0
H5B-O-40-04#s100r094	64	0	0	0	0	ABSTAIN	A	0	0	0
H5B-O-40-05#s100r094	64	0	0	0	0	ABSTAIN	A	0	0	0
H5B-O-40-06#s100r094	64	0	0	0	0	ABSTAIN	A	0	0	0
H5B-O-40-07#s100r094	64	0	0	0	0	ABSTAIN	A	0	0	0
H5B-O-40-08#s100r094	64	0	0	0	0	ABSTAIN	A	0	0	0
H5B-O-40-09#s100r094	64	0	0	0	0	ABSTAIN	A	0	0	0
H5B-D-0-00#s100r094	64	0	0	0	0	RELEASE	1	660	0	0
H5B-D-0-01#s100r094	64	0	0	0	0	RELEASE	1	660	0	0
H5B-D-0-02#s100r094	64	0	0	0	0	RELEASE	1	660	0	0
H5B-D-0-03#s100r094	64	0	0	0	0	RELEASE	1	660	0	0
H5B-D-0-04#s100r094	64	0	0	0	0	RELEASE	1	660	0	0
H5B-D-0-05#s100r094	64	0	0	0	0	RELEASE	1	660	0	0
H5B-D-0-06#s100r094	64	0	0	0	0	RELEASE	1	660	0	0
H5B-D-0-07#s100r094	64	0	0	0	0	RELEASE	1	660	0	0
H5B-D-0-08#s100r094	64	0	0	0	0	RELEASE	1	660	0	0
H5B-D-0-09#s100r094	64	0	0	0	0	RELEASE	1	660	0	0
H5B-D-1-00#s100r094	64	0	0	0	0	ABSTAIN	A	0	0	0
H5B-D-1-01#s100r094	64	0	0	0	0	ABSTAIN	A	0	0	0
H5B-D-1-02#s100r094	64	0	0	0	0	ABSTAIN	A	0	0	0
H5B-D-1-03#s100r094	64	0	0	0	0	ABSTAIN	A	0	0	0
H5B-D-1-04#s100r094	64	0	0	0	0	ABSTAIN	A	0	0	0
H5B-D-1-05#s100r094	64	0	0	0	0	ABSTAIN	A	0	0	0
H5B-D-1-06#s100r094	64	0	0	0	0	ABSTAIN	A	0	0	0
H5B-D-1-07#s100r094	64	0	0	0	0	ABSTAIN	A	0	0	0
H5B-D-1-08#s100r094	64	0	0	0	0	ABSTAIN	A	0	0	0
H5B-D-1-09#s100r094	64	0	0	0	0	ABSTAIN	A	0	0	0
H5B-D-2-00#s100r094	64	0	0	0	0	ABSTAIN	A	0	0	0
H5B-D-2-01#s100r094	64	0	0	0	0	ABSTAIN	A	0	0	0
H5B-D-2-02#s100r094	64	0	0	0	0	ABSTAIN	A	0	0	0
H5B-D-2-03#s100r094	64	0	0	0	0	ABSTAIN	A	0	0	0
H5B-D-2-04#s100r094	64	0	0	0	0	ABSTAIN	A	0	0	0
H5B-D-2-05#s100r094	64	0	0	0	0	ABSTAIN	A	0	0	0
H5B-D-2-06#s100r094	64	0	0	0	0	ABSTAIN	A	0	0	0
H5B-D-2-07#s100r094	64	0	0	0	0	ABSTAIN	A	0	0	0
H5B-D-2-08#s100r094	64	0	0	0	0	ABSTAIN	A	0	0	0
H5B-D-2-09#s100r094	64	0	0	0	0	ABSTAIN	A	0	0	0
H5B-D-6-00#s100r094	64	0	0	0	0	ABSTAIN	A	0	0	0
H5B-D-6-01#s100r094	64	0	0	0	0	ABSTAIN	A	0	0	0
H5B-D-6-02#s100r094	64	0	0	0	0	ABSTAIN	A	0	0	0
H5B-D-6-03#s100r094	64	0	0	0	0	ABSTAIN	A	0	0	0
H5B-D-6-04#s100r094	64	0	0	0	0	ABSTAIN	A	0	0	0
H5B-D-6-05#s100r094	64	0	0	0	0	ABSTAIN	A	0	0	0
H5B-D-6-06#s100r094	64	0	0	0	0	ABSTAIN	A	0	0	0
H5B-D-6-07#s100r094	64	0	0	0	0	ABSTAIN	A	0	0	0
H5B-D-6-08#s100r094	64	0	0	0	0	ABSTAIN	A	0	0	0
H5B-D-6-09#s100r094	64	0	0	0	0	ABSTAIN	A	0	0	0
H5B-P-06-00#s100r095	64	0	0	0	0	ABSTAIN	A	0	0	0
H5B-P-06-01#s100r095	64	0	0	0	0	ABSTAIN	A	0	0	0
H5B-P-06-02#s100r095	64	0	0	0	0	ABSTAIN	A	0	0	0
H5B-P-06-03#s100r095	64	0	0	0	0	ABSTAIN	A	0	0	0
H5B-P-06-04#s100r095	64	0	0	0	0	ABSTAIN	A	0	0	0
H5B-P-06-05#s100r095	64	0	0	0	0	ABSTAIN	A	0	0	0
H5B-P-06-06#s100r095	64	0	0	0	0	ABSTAIN	A	0	0	0
H5B-P-06-07#s100r095	64	0	0	0	0	ABSTAIN	A	0	0	0
H5B-P-06-08#s100r095	64	0	0	0	0	ABSTAIN	A	0	0	0
H5B-P-06-09#s100r095	64	0	0	0	0	ABSTAIN	A	0	0	0
H5B-P-12-00#s100r095	64	0	0	0	0	ABSTAIN	A	0	0	0
H5B-P-12-01#s100r095	64	0	0	0	0	ABSTAIN	A	0	0	0
H5B-P-12-02#s100r095	64	0	0	0	0	ABSTAIN	A	0	0	0
H5B-P-12-03#s100r095	64	0	0	0	0	ABSTAIN	A	0	0	0
H5B-P-12-04#s100r095	64	0	0	0	0	ABSTAIN	A	0	0	0
H5B-P-12-05#s100r095	64	0	0	0	0	ABSTAIN	A	0	0	0
H5B-P-12-06#s100r095	64	0	0	0	0	ABSTAIN	A	0	0	0
H5B-P-12-07#s100r095	64	0	0	0	0	ABSTAIN	A	0	0	0
H5B-P-12-08#s100r095	64	0	0	0	0	ABSTAIN	A	0	0	0
H5B-P-12-09#s100r095	64	0	0	0	0	ABSTAIN	A	0	0	0
H5B-P-20-00#s100r095	64	0	0	0	0	ABSTAIN	A	0	0	0
H5B-P-20-01#s100r095	64	0	0	0	0	ABSTAIN	A	0	0	0
H5B-P-20-02#s100r095	64	0	0	0	0	ABSTAIN	A	0	0	0
H5B-P-20-03#s100r095	64	0	0	0	0	ABSTAIN	A	0	0	0
H5B-P-20-04#s100r095	64	0	0	0	0	ABSTAIN	A	0	0	0
H5B-P-20-05#s100r095	64	0	0	0	0	ABSTAIN	A	0	0	0
H5B-P-20-06#s100r095	64	0	0	0	0	ABSTAIN	A	0	0	0
H5B-P-20-07#s100r095	64	0	0	0	0	ABSTAIN	A	0	0	0
H5B-P-20-08#s100r095	64	0	0	0	0	ABSTAIN	A	0	0	0
H5B-P-20-09#s100r095	64	0	0	0	0	ABSTAIN	A	0	0	0
H5B-P-40-00#s100r095	64	0	0	0	0	ABSTAIN	A	0	0	0
H5B-P-40-01#s100r095	64	0	0	0	0	ABSTAIN	A	0	0	0
H5B-P-40-02#s100r095	64	0	0	0	0	ABSTAIN	A	0	0	0
H5B-P-40-03#s100r095	64	0	0	0	0	ABSTAIN	A	0	0	0
H5B-P-40-04#s100r095	64	0	0	0	0	ABSTAIN	A	0	0	0
H5B-P-40-05#s100r095	64	0	0	0	0	ABSTAIN	A	0	0	0
H5B-P-40-06#s100r095	64	0	0	0	0	ABSTAIN	A	0	0	0
H5B-P-40-07#s100r095	64	0	0	0	0	ABSTAIN	A	0	0	0
H5B-P-40-08#s100r095	64	0	0	0	0	ABSTAIN	A	0	0	0
H5B-P-40-09#s100r095	64	0	0	0	0	ABSTAIN	A	0	0	0
H5B-O-06-00#s100r095	64	0	0	0	0	ABSTAIN	A	0	0	0
H5B-O-06-01#s100r095	64	0	0	0	0	ABSTAIN	A	0	0	0
H5B-O-06-02#s100r095	64	0	0	0	0	ABSTAIN	A	0	0	0
H5B-O-06-03#s100r095	64	0	0	0	0	ABSTAIN	A	0	0	0
H5B-O-06-04#s100r095	64	0	0	0	0	ABSTAIN	A	0	0	0
H5B-O-06-05#s100r095	64	0	0	0	0	ABSTAIN	A	0	0	0
H5B-O-06-06#s100r095	64	0	0	0	0	ABSTAIN	A	0	0	0
H5B-O-06-07#s100r095	64	0	0	0	0	ABSTAIN	A	0	0	0
H5B-O-06-08#s100r095	64	0	0	0	0	ABSTAIN	A	0	0	0
H5B-O-06-09#s100r095	64	0	0	0	0	ABSTAIN	A	0	0	0
H5B-O-12-00#s100r095	64	0	0	0	0	ABSTAIN	A	0	0	0
H5B-O-12-01#s100r095	64	0	0	0	0	ABSTAIN	A	0	0	0
H5B-O-12-02#s100r095	64	0	0	0	0	ABSTAIN	A	0	0	0
H5B-O-12-03#s100r095	64	0	0	0	0	ABSTAIN	A	0	0	0
H5B-O-12-04#s100r095	64	0	0	0	0	ABSTAIN	A	0	0	0
H5B-O-12-05#s100r095	64	0	0	0	0	ABSTAIN	A	0	0	0
H5B-O-12-06#s100r095	64	0	0	0	0	ABSTAIN	A	0	0	0
H5B-O-12-07#s100r095	64	0	0	0	0	ABSTAIN	A	0	0	0
H5B-O-12-08#s100r095	64	0	0	0	0	ABSTAIN	A	0	0	0
H5B-O-12-09#s100r095	64	0	0	0	0	ABSTAIN	A	0	0	0
H5B-O-20-00#s100r095	64	0	0	0	0	ABSTAIN	A	0	0	0
H5B-O-20-01#s100r095	64	0	0	0	0	ABSTAIN	A	0	0	0
H5B-O-20-02#s100r095	64	0	0	0	0	ABSTAIN	A	0	0	0
H5B-O-20-03#s100r095	64	0	0	0	0	ABSTAIN	A	0	0	0
H5B-O-20-04#s100r095	64	0	0	0	0	ABSTAIN	A	0	0	0
H5B-O-20-05#s100r095	64	0	0	0	0	ABSTAIN	A	0	0	0
H5B-O-20-06#s100r095	64	0	0	0	0	ABSTAIN	A	0	0	0
H5B-O-20-07#s100r095	64	0	0	0	0	ABSTAIN	A	0	0	0
H5B-O-20-08#s100r095	64	0	0	0	0	ABSTAIN	A	0	0	0
H5B-O-20-09#s100r095	64	0	0	0	0	ABSTAIN	A	0	0	0
H5B-O-40-00#s100r095	64	0	0	0	0	ABSTAIN	A	0	0	0
H5B-O-40-01#s100r095	64	0	0	0	0	ABSTAIN	A	0	0	0
H5B-O-40-02#s100r095	64	0	0	0	0	ABSTAIN	A	0	0	0
H5B-O-40-03#s100r095	64	0	0	0	0	ABSTAIN	A	0	0	0
H5B-O-40-04#s100r095	64	0	0	0	0	ABSTAIN	A	0	0	0
H5B-O-40-05#s100r095	64	0	0	0	0	ABSTAIN	A	0	0	0
H5B-O-40-06#s100r095	64	0	0	0	0	ABSTAIN	A	0	0	0
H5B-O-40-07#s100r095	64	0	0	0	0	ABSTAIN	A	0	0	0
H5B-O-40-08#s100r095	64	0	0	0	0	ABSTAIN	A	0	0	0
H5B-O-40-09#s100r095	64	0	0	0	0	ABSTAIN	A	0	0	0
H5B-D-0-00#s100r095	64	0	0	0	0	RELEASE	1	660	0	0
H5B-D-0-01#s100r095	64	0	0	0	0	RELEASE	1	660	0	0
H5B-D-0-02#s100r095	64	0	0	0	0	RELEASE	1	660	0	0
H5B-D-0-03#s100r095	64	0	0	0	0	RELEASE	1	660	0	0
H5B-D-0-04#s100r095	64	0	0	0	0	RELEASE	1	660	0	0
H5B-D-0-05#s100r095	64	0	0	0	0	RELEASE	1	660	0	0
H5B-D-0-06#s100r095	64	0	0	0	0	RELEASE	1	660	0	0
H5B-D-0-07#s100r095	64	0	0	0	0	RELEASE	1	660	0	0
H5B-D-0-08#s100r095	64	0	0	0	0	RELEASE	1	660	0	0
H5B-D-0-09#s100r095	64	0	0	0	0	RELEASE	1	660	0	0
H5B-D-1-00#s100r095	64	0	0	0	0	ABSTAIN	A	0	0	0
H5B-D-1-01#s100r095	64	0	0	0	0	ABSTAIN	A	0	0	0
H5B-D-1-02#s100r095	64	0	0	0	0	ABSTAIN	A	0	0	0
H5B-D-1-03#s100r095	64	0	0	0	0	ABSTAIN	A	0	0	0
H5B-D-1-04#s100r095	64	0	0	0	0	ABSTAIN	A	0	0	0
H5B-D-1-05#s100r095	64	0	0	0	0	ABSTAIN	A	0	0	0
H5B-D-1-06#s100r095	64	0	0	0	0	ABSTAIN	A	0	0	0
H5B-D-1-07#s100r095	64	0	0	0	0	ABSTAIN	A	0	0	0
H5B-D-1-08#s100r095	64	0	0	0	0	ABSTAIN	A	0	0	0
H5B-D-1-09#s100r095	64	0	0	0	0	ABSTAIN	A	0	0	0
H5B-D-2-00#s100r095	64	0	0	0	0	ABSTAIN	A	0	0	0
H5B-D-2-01#s100r095	64	0	0	0	0	ABSTAIN	A	0	0	0
H5B-D-2-02#s100r095	64	0	0	0	0	ABSTAIN	A	0	0	0
H5B-D-2-03#s100r095	64	0	0	0	0	ABSTAIN	A	0	0	0
H5B-D-2-04#s100r095	64	0	0	0	0	ABSTAIN	A	0	0	0
H5B-D-2-05#s100r095	64	0	0	0	0	ABSTAIN	A	0	0	0
H5B-D-2-06#s100r095	64	0	0	0	0	ABSTAIN	A	0	0	0
H5B-D-2-07#s100r095	64	0	0	0	0	ABSTAIN	A	0	0	0
H5B-D-2-08#s100r095	64	0	0	0	0	ABSTAIN	A	0	0	0
H5B-D-2-09#s100r095	64	0	0	0	0	ABSTAIN	A	0	0	0
H5B-D-6-00#s100r095	64	0	0	0	0	ABSTAIN	A	0	0	0
H5B-D-6-01#s100r095	64	0	0	0	0	ABSTAIN	A	0	0	0
H5B-D-6-02#s100r095	64	0	0	0	0	ABSTAIN	A	0	0	0
H5B-D-6-03#s100r095	64	0	0	0	0	ABSTAIN	A	0	0	0
H5B-D-6-04#s100r095	64	0	0	0	0	ABSTAIN	A	0	0	0
H5B-D-6-05#s100r095	64	0	0	0	0	ABSTAIN	A	0	0	0
H5B-D-6-06#s100r095	64	0	0	0	0	ABSTAIN	A	0	0	0
H5B-D-6-07#s100r095	64	0	0	0	0	ABSTAIN	A	0	0	0
H5B-D-6-08#s100r095	64	0	0	0	0	ABSTAIN	A	0	0	0
H5B-D-6-09#s100r095	64	0	0	0	0	ABSTAIN	A	0	0	0
H5B-P-06-00#s100r096	64	0	0	0	0	ABSTAIN	A	0	0	0
H5B-P-06-01#s100r096	64	0	0	0	0	ABSTAIN	A	0	0	0
H5B-P-06-02#s100r096	64	0	0	0	0	ABSTAIN	A	0	0	0
H5B-P-06-03#s100r096	64	0	0	0	0	ABSTAIN	A	0	0	0
H5B-P-06-04#s100r096	64	0	0	0	0	ABSTAIN	A	0	0	0
H5B-P-06-05#s100r096	64	0	0	0	0	ABSTAIN	A	0	0	0
H5B-P-06-06#s100r096	64	0	0	0	0	ABSTAIN	A	0	0	0
H5B-P-06-07#s100r096	64	0	0	0	0	ABSTAIN	A	0	0	0
H5B-P-06-08#s100r096	64	0	0	0	0	ABSTAIN	A	0	0	0
H5B-P-06-09#s100r096	64	0	0	0	0	ABSTAIN	A	0	0	0
H5B-P-12-00#s100r096	64	0	0	0	0	ABSTAIN	A	0	0	0
H5B-P-12-01#s100r096	64	0	0	0	0	ABSTAIN	A	0	0	0
H5B-P-12-02#s100r096	64	0	0	0	0	ABSTAIN	A	0	0	0
H5B-P-12-03#s100r096	64	0	0	0	0	ABSTAIN	A	0	0	0
H5B-P-12-04#s100r096	64	0	0	0	0	ABSTAIN	A	0	0	0
H5B-P-12-05#s100r096	64	0	0	0	0	ABSTAIN	A	0	0	0
H5B-P-12-06#s100r096	64	0	0	0	0	ABSTAIN	A	0	0	0
H5B-P-12-07#s100r096	64	0	0	0	0	ABSTAIN	A	0	0	0
H5B-P-12-08#s100r096	64	0	0	0	0	ABSTAIN	A	0	0	0
H5B-P-12-09#s100r096	64	0	0	0	0	ABSTAIN	A	0	0	0
H5B-P-20-00#s100r096	64	0	0	0	0	ABSTAIN	A	0	0	0
H5B-P-20-01#s100r096	64	0	0	0	0	ABSTAIN	A	0	0	0
H5B-P-20-02#s100r096	64	0	0	0	0	ABSTAIN	A	0	0	0
H5B-P-20-03#s100r096	64	0	0	0	0	ABSTAIN	A	0	0	0
H5B-P-20-04#s100r096	64	0	0	0	0	ABSTAIN	A	0	0	0
H5B-P-20-05#s100r096	64	0	0	0	0	ABSTAIN	A	0	0	0
H5B-P-20-06#s100r096	64	0	0	0	0	ABSTAIN	A	0	0	0
H5B-P-20-07#s100r096	64	0	0	0	0	ABSTAIN	A	0	0	0
H5B-P-20-08#s100r096	64	0	0	0	0	ABSTAIN	A	0	0	0
H5B-P-20-09#s100r096	64	0	0	0	0	ABSTAIN	A	0	0	0
H5B-P-40-00#s100r096	64	0	0	0	0	ABSTAIN	A	0	0	0
H5B-P-40-01#s100r096	64	0	0	0	0	ABSTAIN	A	0	0	0
H5B-P-40-02#s100r096	64	0	0	0	0	ABSTAIN	A	0	0	0
H5B-P-40-03#s100r096	64	0	0	0	0	ABSTAIN	A	0	0	0
H5B-P-40-04#s100r096	64	0	0	0	0	ABSTAIN	A	0	0	0
H5B-P-40-05#s100r096	64	0	0	0	0	ABSTAIN	A	0	0	0
H5B-P-40-06#s100r096	64	0	0	0	0	ABSTAIN	A	0	0	0
H5B-P-40-07#s100r096	64	0	0	0	0	ABSTAIN	A	0	0	0
H5B-P-40-08#s100r096	64	0	0	0	0	ABSTAIN	A	0	0	0
H5B-P-40-09#s100r096	64	0	0	0	0	ABSTAIN	A	0	0	0
H5B-O-06-00#s100r096	64	0	0	0	0	ABSTAIN	A	0	0	0
H5B-O-06-01#s100r096	64	0	0	0	0	ABSTAIN	A	0	0	0
H5B-O-06-02#s100r096	64	0	0	0	0	ABSTAIN	A	0	0	0
H5B-O-06-03#s100r096	64	0	0	0	0	ABSTAIN	A	0	0	0
H5B-O-06-04#s100r096	64	0	0	0	0	ABSTAIN	A	0	0	0
H5B-O-06-05#s100r096	64	0	0	0	0	ABSTAIN	A	0	0	0
H5B-O-06-06#s100r096	64	0	0	0	0	ABSTAIN	A	0	0	0
H5B-O-06-07#s100r096	64	0	0	0	0	ABSTAIN	A	0	0	0
H5B-O-06-08#s100r096	64	0	0	0	0	ABSTAIN	A	0	0	0
H5B-O-06-09#s100r096	64	0	0	0	0	ABSTAIN	A	0	0	0
H5B-O-12-00#s100r096	64	0	0	0	0	ABSTAIN	A	0	0	0
H5B-O-12-01#s100r096	64	0	0	0	0	ABSTAIN	A	0	0	0
H5B-O-12-02#s100r096	64	0	0	0	0	ABSTAIN	A	0	0	0
H5B-O-12-03#s100r096	64	0	0	0	0	ABSTAIN	A	0	0	0
H5B-O-12-04#s100r096	64	0	0	0	0	ABSTAIN	A	0	0	0
H5B-O-12-05#s100r096	64	0	0	0	0	ABSTAIN	A	0	0	0
H5B-O-12-06#s100r096	64	0	0	0	0	ABSTAIN	A	0	0	0
H5B-O-12-07#s100r096	64	0	0	0	0	ABSTAIN	A	0	0	0
H5B-O-12-08#s100r096	64	0	0	0	0	ABSTAIN	A	0	0	0
H5B-O-12-09#s100r096	64	0	0	0	0	ABSTAIN	A	0	0	0
H5B-O-20-00#s100r096	64	0	0	0	0	ABSTAIN	A	0	0	0
H5B-O-20-01#s100r096	64	0	0	0	0	ABSTAIN	A	0	0	0
H5B-O-20-02#s100r096	64	0	0	0	0	ABSTAIN	A	0	0	0
H5B-O-20-03#s100r096	64	0	0	0	0	ABSTAIN	A	0	0	0
H5B-O-20-04#s100r096	64	0	0	0	0	ABSTAIN	A	0	0	0
H5B-O-20-05#s100r096	64	0	0	0	0	ABSTAIN	A	0	0	0
H5B-O-20-06#s100r096	64	0	0	0	0	ABSTAIN	A	0	0	0
H5B-O-20-07#s100r096	64	0	0	0	0	ABSTAIN	A	0	0	0
H5B-O-20-08#s100r096	64	0	0	0	0	ABSTAIN	A	0	0	0
H5B-O-20-09#s100r096	64	0	0	0	0	ABSTAIN	A	0	0	0
H5B-O-40-00#s100r096	64	0	0	0	0	ABSTAIN	A	0	0	0
H5B-O-40-01#s100r096	64	0	0	0	0	ABSTAIN	A	0	0	0
H5B-O-40-02#s100r096	64	0	0	0	0	ABSTAIN	A	0	0	0
H5B-O-40-03#s100r096	64	0	0	0	0	ABSTAIN	A	0	0	0
H5B-O-40-04#s100r096	64	0	0	0	0	ABSTAIN	A	0	0	0
H5B-O-40-05#s100r096	64	0	0	0	0	ABSTAIN	A	0	0	0
H5B-O-40-06#s100r096	64	0	0	0	0	ABSTAIN	A	0	0	0
H5B-O-40-07#s100r096	64	0	0	0	0	ABSTAIN	A	0	0	0
H5B-O-40-08#s100r096	64	0	0	0	0	ABSTAIN	A	0	0	0
H5B-O-40-09#s100r096	64	0	0	0	0	ABSTAIN	A	0	0	0
H5B-D-0-00#s100r096	64	0	0	0	0	RELEASE	1	660	0	0
H5B-D-0-01#s100r096	64	0	0	0	0	RELEASE	1	660	0	0
H5B-D-0-02#s100r096	64	0	0	0	0	RELEASE	1	660	0	0
H5B-D-0-03#s100r096	64	0	0	0	0	RELEASE	1	660	0	0
H5B-D-0-04#s100r096	64	0	0	0	0	RELEASE	1	660	0	0
H5B-D-0-05#s100r096	64	0	0	0	0	RELEASE	1	660	0	0
H5B-D-0-06#s100r096	64	0	0	0	0	RELEASE	1	660	0	0
H5B-D-0-07#s100r096	64	0	0	0	0	RELEASE	1	660	0	0
H5B-D-0-08#s100r096	64	0	0	0	0	RELEASE	1	660	0	0
H5B-D-0-09#s100r096	64	0	0	0	0	RELEASE	1	660	0	0
H5B-D-1-00#s100r096	64	0	0	0	0	ABSTAIN	A	0	0	0
H5B-D-1-01#s100r096	64	0	0	0	0	ABSTAIN	A	0	0	0
H5B-D-1-02#s100r096	64	0	0	0	0	ABSTAIN	A	0	0	0
H5B-D-1-03#s100r096	64	0	0	0	0	ABSTAIN	A	0	0	0
H5B-D-1-04#s100r096	64	0	0	0	0	ABSTAIN	A	0	0	0
H5B-D-1-05#s100r096	64	0	0	0	0	ABSTAIN	A	0	0	0
H5B-D-1-06#s100r096	64	0	0	0	0	ABSTAIN	A	0	0	0
H5B-D-1-07#s100r096	64	0	0	0	0	ABSTAIN	A	0	0	0
H5B-D-1-08#s100r096	64	0	0	0	0	ABSTAIN	A	0	0	0
H5B-D-1-09#s100r096	64	0	0	0	0	ABSTAIN	A	0	0	0
H5B-D-2-00#s100r096	64	0	0	0	0	ABSTAIN	A	0	0	0
H5B-D-2-01#s100r096	64	0	0	0	0	ABSTAIN	A	0	0	0
H5B-D-2-02#s100r096	64	0	0	0	0	ABSTAIN	A	0	0	0
H5B-D-2-03#s100r096	64	0	0	0	0	ABSTAIN	A	0	0	0
H5B-D-2-04#s100r096	64	0	0	0	0	ABSTAIN	A	0	0	0
H5B-D-2-05#s100r096	64	0	0	0	0	ABSTAIN	A	0	0	0
H5B-D-2-06#s100r096	64	0	0	0	0	ABSTAIN	A	0	0	0
H5B-D-2-07#s100r096	64	0	0	0	0	ABSTAIN	A	0	0	0
H5B-D-2-08#s100r096	64	0	0	0	0	ABSTAIN	A	0	0	0
H5B-D-2-09#s100r096	64	0	0	0	0	ABSTAIN	A	0	0	0
H5B-D-6-00#s100r096	64	0	0	0	0	ABSTAIN	A	0	0	0
H5B-D-6-01#s100r096	64	0	0	0	0	ABSTAIN	A	0	0	0
H5B-D-6-02#s100r096	64	0	0	0	0	ABSTAIN	A	0	0	0
H5B-D-6-03#s100r096	64	0	0	0	0	ABSTAIN	A	0	0	0
H5B-D-6-04#s100r096	64	0	0	0	0	ABSTAIN	A	0	0	0
H5B-D-6-05#s100r096	64	0	0	0	0	ABSTAIN	A	0	0	0
H5B-D-6-06#s100r096	64	0	0	0	0	ABSTAIN	A	0	0	0
H5B-D-6-07#s100r096	64	0	0	0	0	ABSTAIN	A	0	0	0
H5B-D-6-08#s100r096	64	0	0	0	0	ABSTAIN	A	0	0	0
H5B-D-6-09#s100r096	64	0	0	0	0	ABSTAIN	A	0	0	0
H5B-P-06-00#s100r097	64	0	0	0	0	ABSTAIN	A	0	0	0
H5B-P-06-01#s100r097	64	0	0	0	0	ABSTAIN	A	0	0	0
H5B-P-06-02#s100r097	64	0	0	0	0	ABSTAIN	A	0	0	0
H5B-P-06-03#s100r097	64	0	0	0	0	ABSTAIN	A	0	0	0
H5B-P-06-04#s100r097	64	0	0	0	0	ABSTAIN	A	0	0	0
H5B-P-06-05#s100r097	64	0	0	0	0	ABSTAIN	A	0	0	0
H5B-P-06-06#s100r097	64	0	0	0	0	ABSTAIN	A	0	0	0
H5B-P-06-07#s100r097	64	0	0	0	0	ABSTAIN	A	0	0	0
H5B-P-06-08#s100r097	64	0	0	0	0	ABSTAIN	A	0	0	0
H5B-P-06-09#s100r097	64	0	0	0	0	ABSTAIN	A	0	0	0
H5B-P-12-00#s100r097	64	0	0	0	0	ABSTAIN	A	0	0	0
H5B-P-12-01#s100r097	64	0	0	0	0	ABSTAIN	A	0	0	0
H5B-P-12-02#s100r097	64	0	0	0	0	ABSTAIN	A	0	0	0
H5B-P-12-03#s100r097	64	0	0	0	0	ABSTAIN	A	0	0	0
H5B-P-12-04#s100r097	64	0	0	0	0	ABSTAIN	A	0	0	0
H5B-P-12-05#s100r097	64	0	0	0	0	ABSTAIN	A	0	0	0
H5B-P-12-06#s100r097	64	0	0	0	0	ABSTAIN	A	0	0	0
H5B-P-12-07#s100r097	64	0	0	0	0	ABSTAIN	A	0	0	0
H5B-P-12-08#s100r097	64	0	0	0	0	ABSTAIN	A	0	0	0
H5B-P-12-09#s100r097	64	0	0	0	0	ABSTAIN	A	0	0	0
H5B-P-20-00#s100r097	64	0	0	0	0	ABSTAIN	A	0	0	0
H5B-P-20-01#s100r097	64	0	0	0	0	ABSTAIN	A	0	0	0
H5B-P-20-02#s100r097	64	0	0	0	0	ABSTAIN	A	0	0	0
H5B-P-20-03#s100r097	64	0	0	0	0	ABSTAIN	A	0	0	0
H5B-P-20-04#s100r097	64	0	0	0	0	ABSTAIN	A	0	0	0
H5B-P-20-05#s100r097	64	0	0	0	0	ABSTAIN	A	0	0	0
H5B-P-20-06#s100r097	64	0	0	0	0	ABSTAIN	A	0	0	0
H5B-P-20-07#s100r097	64	0	0	0	0	ABSTAIN	A	0	0	0
H5B-P-20-08#s100r097	64	0	0	0	0	ABSTAIN	A	0	0	0
H5B-P-20-09#s100r097	64	0	0	0	0	ABSTAIN	A	0	0	0
H5B-P-40-00#s100r097	64	0	0	0	0	ABSTAIN	A	0	0	0
H5B-P-40-01#s100r097	64	0	0	0	0	ABSTAIN	A	0	0	0
H5B-P-40-02#s100r097	64	0	0	0	0	ABSTAIN	A	0	0	0
H5B-P-40-03#s100r097	64	0	0	0	0	ABSTAIN	A	0	0	0
H5B-P-40-04#s100r097	64	0	0	0	0	ABSTAIN	A	0	0	0
H5B-P-40-05#s100r097	64	0	0	0	0	ABSTAIN	A	0	0	0
H5B-P-40-06#s100r097	64	0	0	0	0	ABSTAIN	A	0	0	0
H5B-P-40-07#s100r097	64	0	0	0	0	ABSTAIN	A	0	0	0
H5B-P-40-08#s100r097	64	0	0	0	0	ABSTAIN	A	0	0	0
H5B-P-40-09#s100r097	64	0	0	0	0	ABSTAIN	A	0	0	0
H5B-O-06-00#s100r097	64	0	0	0	0	ABSTAIN	A	0	0	0
H5B-O-06-01#s100r097	64	0	0	0	0	ABSTAIN	A	0	0	0
H5B-O-06-02#s100r097	64	0	0	0	0	ABSTAIN	A	0	0	0
H5B-O-06-03#s100r097	64	0	0	0	0	ABSTAIN	A	0	0	0
H5B-O-06-04#s100r097	64	0	0	0	0	ABSTAIN	A	0	0	0
H5B-O-06-05#s100r097	64	0	0	0	0	ABSTAIN	A	0	0	0
H5B-O-06-06#s100r097	64	0	0	0	0	ABSTAIN	A	0	0	0
H5B-O-06-07#s100r097	64	0	0	0	0	ABSTAIN	A	0	0	0
H5B-O-06-08#s100r097	64	0	0	0	0	ABSTAIN	A	0	0	0
H5B-O-06-09#s100r097	64	0	0	0	0	ABSTAIN	A	0	0	0
H5B-O-12-00#s100r097	64	0	0	0	0	ABSTAIN	A	0	0	0
H5B-O-12-01#s100r097	64	0	0	0	0	ABSTAIN	A	0	0	0
H5B-O-12-02#s100r097	64	0	0	0	0	ABSTAIN	A	0	0	0
H5B-O-12-03#s100r097	64	0	0	0	0	ABSTAIN	A	0	0	0
H5B-O-12-04#s100r097	64	0	0	0	0	ABSTAIN	A	0	0	0
H5B-O-12-05#s100r097	64	0	0	0	0	ABSTAIN	A	0	0	0
H5B-O-12-06#s100r097	64	0	0	0	0	ABSTAIN	A	0	0	0
H5B-O-12-07#s100r097	64	0	0	0	0	ABSTAIN	A	0	0	0
H5B-O-12-08#s100r097	64	0	0	0	0	ABSTAIN	A	0	0	0
H5B-O-12-09#s100r097	64	0	0	0	0	ABSTAIN	A	0	0	0
H5B-O-20-00#s100r097	64	0	0	0	0	ABSTAIN	A	0	0	0
H5B-O-20-01#s100r097	64	0	0	0	0	ABSTAIN	A	0	0	0
H5B-O-20-02#s100r097	64	0	0	0	0	ABSTAIN	A	0	0	0
H5B-O-20-03#s100r097	64	0	0	0	0	ABSTAIN	A	0	0	0
H5B-O-20-04#s100r097	64	0	0	0	0	ABSTAIN	A	0	0	0
H5B-O-20-05#s100r097	64	0	0	0	0	ABSTAIN	A	0	0	0
H5B-O-20-06#s100r097	64	0	0	0	0	ABSTAIN	A	0	0	0
H5B-O-20-07#s100r097	64	0	0	0	0	ABSTAIN	A	0	0	0
H5B-O-20-08#s100r097	64	0	0	0	0	ABSTAIN	A	0	0	0
H5B-O-20-09#s100r097	64	0	0	0	0	ABSTAIN	A	0	0	0
H5B-O-40-00#s100r097	64	0	0	0	0	ABSTAIN	A	0	0	0
H5B-O-40-01#s100r097	64	0	0	0	0	ABSTAIN	A	0	0	0
H5B-O-40-02#s100r097	64	0	0	0	0	ABSTAIN	A	0	0	0
H5B-O-40-03#s100r097	64	0	0	0	0	ABSTAIN	A	0	0	0
H5B-O-40-04#s100r097	64	0	0	0	0	ABSTAIN	A	0	0	0
H5B-O-40-05#s100r097	64	0	0	0	0	ABSTAIN	A	0	0	0
H5B-O-40-06#s100r097	64	0	0	0	0	ABSTAIN	A	0	0	0
H5B-O-40-07#s100r097	64	0	0	0	0	ABSTAIN	A	0	0	0
H5B-O-40-08#s100r097	64	0	0	0	0	ABSTAIN	A	0	0	0
H5B-O-40-09#s100r097	64	0	0	0	0	ABSTAIN	A	0	0	0
H5B-D-0-00#s100r097	64	0	0	0	0	RELEASE	1	660	0	0
H5B-D-0-01#s100r097	64	0	0	0	0	RELEASE	1	660	0	0
H5B-D-0-02#s100r097	64	0	0	0	0	RELEASE	1	660	0	0
H5B-D-0-03#s100r097	64	0	0	0	0	RELEASE	1	660	0	0
H5B-D-0-04#s100r097	64	0	0	0	0	RELEASE	1	660	0	0
H5B-D-0-05#s100r097	64	0	0	0	0	RELEASE	1	660	0	0
H5B-D-0-06#s100r097	64	0	0	0	0	RELEASE	1	660	0	0
H5B-D-0-07#s100r097	64	0	0	0	0	RELEASE	1	660	0	0
H5B-D-0-08#s100r097	64	0	0	0	0	RELEASE	1	660	0	0
H5B-D-0-09#s100r097	64	0	0	0	0	RELEASE	1	660	0	0
H5B-D-1-00#s100r097	64	0	0	0	0	ABSTAIN	A	0	0	0
H5B-D-1-01#s100r097	64	0	0	0	0	ABSTAIN	A	0	0	0
H5B-D-1-02#s100r097	64	0	0	0	0	ABSTAIN	A	0	0	0
H5B-D-1-03#s100r097	64	0	0	0	0	ABSTAIN	A	0	0	0
H5B-D-1-04#s100r097	64	0	0	0	0	ABSTAIN	A	0	0	0
H5B-D-1-05#s100r097	64	0	0	0	0	ABSTAIN	A	0	0	0
H5B-D-1-06#s100r097	64	0	0	0	0	ABSTAIN	A	0	0	0
H5B-D-1-07#s100r097	64	0	0	0	0	ABSTAIN	A	0	0	0
H5B-D-1-08#s100r097	64	0	0	0	0	ABSTAIN	A	0	0	0
H5B-D-1-09#s100r097	64	0	0	0	0	ABSTAIN	A	0	0	0
H5B-D-2-00#s100r097	64	0	0	0	0	ABSTAIN	A	0	0	0
H5B-D-2-01#s100r097	64	0	0	0	0	ABSTAIN	A	0	0	0
H5B-D-2-02#s100r097	64	0	0	0	0	ABSTAIN	A	0	0	0
H5B-D-2-03#s100r097	64	0	0	0	0	ABSTAIN	A	0	0	0
H5B-D-2-04#s100r097	64	0	0	0	0	ABSTAIN	A	0	0	0
H5B-D-2-05#s100r097	64	0	0	0	0	ABSTAIN	A	0	0	0
H5B-D-2-06#s100r097	64	0	0	0	0	ABSTAIN	A	0	0	0
H5B-D-2-07#s100r097	64	0	0	0	0	ABSTAIN	A	0	0	0
H5B-D-2-08#s100r097	64	0	0	0	0	ABSTAIN	A	0	0	0
H5B-D-2-09#s100r097	64	0	0	0	0	ABSTAIN	A	0	0	0
H5B-D-6-00#s100r097	64	0	0	0	0	ABSTAIN	A	0	0	0
H5B-D-6-01#s100r097	64	0	0	0	0	ABSTAIN	A	0	0	0
H5B-D-6-02#s100r097	64	0	0	0	0	ABSTAIN	A	0	0	0
H5B-D-6-03#s100r097	64	0	0	0	0	ABSTAIN	A	0	0	0
H5B-D-6-04#s100r097	64	0	0	0	0	ABSTAIN	A	0	0	0
H5B-D-6-05#s100r097	64	0	0	0	0	ABSTAIN	A	0	0	0
H5B-D-6-06#s100r097	64	0	0	0	0	ABSTAIN	A	0	0	0
H5B-D-6-07#s100r097	64	0	0	0	0	ABSTAIN	A	0	0	0
H5B-D-6-08#s100r097	64	0	0	0	0	ABSTAIN	A	0	0	0
H5B-D-6-09#s100r097	64	0	0	0	0	ABSTAIN	A	0	0	0
H5B-P-06-00#s100r098	64	0	0	0	0	ABSTAIN	A	0	0	0
H5B-P-06-01#s100r098	64	0	0	0	0	ABSTAIN	A	0	0	0
H5B-P-06-02#s100r098	64	0	0	0	0	ABSTAIN	A	0	0	0
H5B-P-06-03#s100r098	64	0	0	0	0	ABSTAIN	A	0	0	0
H5B-P-06-04#s100r098	64	0	0	0	0	ABSTAIN	A	0	0	0
H5B-P-06-05#s100r098	64	0	0	0	0	ABSTAIN	A	0	0	0
H5B-P-06-06#s100r098	64	0	0	0	0	ABSTAIN	A	0	0	0
H5B-P-06-07#s100r098	64	0	0	0	0	ABSTAIN	A	0	0	0
H5B-P-06-08#s100r098	64	0	0	0	0	ABSTAIN	A	0	0	0
H5B-P-06-09#s100r098	64	0	0	0	0	ABSTAIN	A	0	0	0
H5B-P-12-00#s100r098	64	0	0	0	0	ABSTAIN	A	0	0	0
H5B-P-12-01#s100r098	64	0	0	0	0	ABSTAIN	A	0	0	0
H5B-P-12-02#s100r098	64	0	0	0	0	ABSTAIN	A	0	0	0
H5B-P-12-03#s100r098	64	0	0	0	0	ABSTAIN	A	0	0	0
H5B-P-12-04#s100r098	64	0	0	0	0	ABSTAIN	A	0	0	0
H5B-P-12-05#s100r098	64	0	0	0	0	ABSTAIN	A	0	0	0
H5B-P-12-06#s100r098	64	0	0	0	0	ABSTAIN	A	0	0	0
H5B-P-12-07#s100r098	64	0	0	0	0	ABSTAIN	A	0	0	0
H5B-P-12-08#s100r098	64	0	0	0	0	ABSTAIN	A	0	0	0
H5B-P-12-09#s100r098	64	0	0	0	0	ABSTAIN	A	0	0	0
H5B-P-20-00#s100r098	64	0	0	0	0	ABSTAIN	A	0	0	0
H5B-P-20-01#s100r098	64	0	0	0	0	ABSTAIN	A	0	0	0
H5B-P-20-02#s100r098	64	0	0	0	0	ABSTAIN	A	0	0	0
H5B-P-20-03#s100r098	64	0	0	0	0	ABSTAIN	A	0	0	0
H5B-P-20-04#s100r098	64	0	0	0	0	ABSTAIN	A	0	0	0
H5B-P-20-05#s100r098	64	0	0	0	0	ABSTAIN	A	0	0	0
H5B-P-20-06#s100r098	64	0	0	0	0	ABSTAIN	A	0	0	0
H5B-P-20-07#s100r098	64	0	0	0	0	ABSTAIN	A	0	0	0
H5B-P-20-08#s100r098	64	0	0	0	0	ABSTAIN	A	0	0	0
H5B-P-20-09#s100r098	64	0	0	0	0	ABSTAIN	A	0	0	0
H5B-P-40-00#s100r098	64	0	0	0	0	ABSTAIN	A	0	0	0
H5B-P-40-01#s100r098	64	0	0	0	0	ABSTAIN	A	0	0	0
H5B-P-40-02#s100r098	64	0	0	0	0	ABSTAIN	A	0	0	0
H5B-P-40-03#s100r098	64	0	0	0	0	ABSTAIN	A	0	0	0
H5B-P-40-04#s100r098	64	0	0	0	0	ABSTAIN	A	0	0	0
H5B-P-40-05#s100r098	64	0	0	0	0	ABSTAIN	A	0	0	0
H5B-P-40-06#s100r098	64	0	0	0	0	ABSTAIN	A	0	0	0
H5B-P-40-07#s100r098	64	0	0	0	0	ABSTAIN	A	0	0	0
H5B-P-40-08#s100r098	64	0	0	0	0	ABSTAIN	A	0	0	0
H5B-P-40-09#s100r098	64	0	0	0	0	ABSTAIN	A	0	0	0
H5B-O-06-00#s100r098	64	0	0	0	0	ABSTAIN	A	0	0	0
H5B-O-06-01#s100r098	64	0	0	0	0	ABSTAIN	A	0	0	0
H5B-O-06-02#s100r098	64	0	0	0	0	ABSTAIN	A	0	0	0
H5B-O-06-03#s100r098	64	0	0	0	0	ABSTAIN	A	0	0	0
H5B-O-06-04#s100r098	64	0	0	0	0	ABSTAIN	A	0	0	0
H5B-O-06-05#s100r098	64	0	0	0	0	ABSTAIN	A	0	0	0
H5B-O-06-06#s100r098	64	0	0	0	0	ABSTAIN	A	0	0	0
H5B-O-06-07#s100r098	64	0	0	0	0	ABSTAIN	A	0	0	0
H5B-O-06-08#s100r098	64	0	0	0	0	ABSTAIN	A	0	0	0
H5B-O-06-09#s100r098	64	0	0	0	0	ABSTAIN	A	0	0	0
H5B-O-12-00#s100r098	64	0	0	0	0	ABSTAIN	A	0	0	0
H5B-O-12-01#s100r098	64	0	0	0	0	ABSTAIN	A	0	0	0
H5B-O-12-02#s100r098	64	0	0	0	0	ABSTAIN	A	0	0	0
H5B-O-12-03#s100r098	64	0	0	0	0	ABSTAIN	A	0	0	0
H5B-O-12-04#s100r098	64	0	0	0	0	ABSTAIN	A	0	0	0
H5B-O-12-05#s100r098	64	0	0	0	0	ABSTAIN	A	0	0	0
H5B-O-12-06#s100r098	64	0	0	0	0	ABSTAIN	A	0	0	0
H5B-O-12-07#s100r098	64	0	0	0	0	ABSTAIN	A	0	0	0
H5B-O-12-08#s100r098	64	0	0	0	0	ABSTAIN	A	0	0	0
H5B-O-12-09#s100r098	64	0	0	0	0	ABSTAIN	A	0	0	0
H5B-O-20-00#s100r098	64	0	0	0	0	ABSTAIN	A	0	0	0
H5B-O-20-01#s100r098	64	0	0	0	0	ABSTAIN	A	0	0	0
H5B-O-20-02#s100r098	64	0	0	0	0	ABSTAIN	A	0	0	0
H5B-O-20-03#s100r098	64	0	0	0	0	ABSTAIN	A	0	0	0
H5B-O-20-04#s100r098	64	0	0	0	0	ABSTAIN	A	0	0	0
H5B-O-20-05#s100r098	64	0	0	0	0	ABSTAIN	A	0	0	0
H5B-O-20-06#s100r098	64	0	0	0	0	ABSTAIN	A	0	0	0
H5B-O-20-07#s100r098	64	0	0	0	0	ABSTAIN	A	0	0	0
H5B-O-20-08#s100r098	64	0	0	0	0	ABSTAIN	A	0	0	0
H5B-O-20-09#s100r098	64	0	0	0	0	ABSTAIN	A	0	0	0
H5B-O-40-00#s100r098	64	0	0	0	0	ABSTAIN	A	0	0	0
H5B-O-40-01#s100r098	64	0	0	0	0	ABSTAIN	A	0	0	0
H5B-O-40-02#s100r098	64	0	0	0	0	ABSTAIN	A	0	0	0
H5B-O-40-03#s100r098	64	0	0	0	0	ABSTAIN	A	0	0	0
H5B-O-40-04#s100r098	64	0	0	0	0	ABSTAIN	A	0	0	0
H5B-O-40-05#s100r098	64	0	0	0	0	ABSTAIN	A	0	0	0
H5B-O-40-06#s100r098	64	0	0	0	0	ABSTAIN	A	0	0	0
H5B-O-40-07#s100r098	64	0	0	0	0	ABSTAIN	A	0	0	0
H5B-O-40-08#s100r098	64	0	0	0	0	ABSTAIN	A	0	0	0
H5B-O-40-09#s100r098	64	0	0	0	0	ABSTAIN	A	0	0	0
H5B-D-0-00#s100r098	64	0	0	0	0	RELEASE	1	660	0	0
H5B-D-0-01#s100r098	64	0	0	0	0	RELEASE	1	660	0	0
H5B-D-0-02#s100r098	64	0	0	0	0	RELEASE	1	660	0	0
H5B-D-0-03#s100r098	64	0	0	0	0	RELEASE	1	660	0	0
H5B-D-0-04#s100r098	64	0	0	0	0	RELEASE	1	660	0	0
H5B-D-0-05#s100r098	64	0	0	0	0	RELEASE	1	660	0	0
H5B-D-0-06#s100r098	64	0	0	0	0	RELEASE	1	660	0	0
H5B-D-0-07#s100r098	64	0	0	0	0	RELEASE	1	660	0	0
H5B-D-0-08#s100r098	64	0	0	0	0	RELEASE	1	660	0	0
H5B-D-0-09#s100r098	64	0	0	0	0	RELEASE	1	660	0	0
H5B-D-1-00#s100r098	64	0	0	0	0	ABSTAIN	A	0	0	0
H5B-D-1-01#s100r098	64	0	0	0	0	ABSTAIN	A	0	0	0
H5B-D-1-02#s100r098	64	0	0	0	0	ABSTAIN	A	0	0	0
H5B-D-1-03#s100r098	64	0	0	0	0	ABSTAIN	A	0	0	0
H5B-D-1-04#s100r098	64	0	0	0	0	ABSTAIN	A	0	0	0
H5B-D-1-05#s100r098	64	0	0	0	0	ABSTAIN	A	0	0	0
H5B-D-1-06#s100r098	64	0	0	0	0	ABSTAIN	A	0	0	0
H5B-D-1-07#s100r098	64	0	0	0	0	ABSTAIN	A	0	0	0
H5B-D-1-08#s100r098	64	0	0	0	0	ABSTAIN	A	0	0	0
H5B-D-1-09#s100r098	64	0	0	0	0	ABSTAIN	A	0	0	0
H5B-D-2-00#s100r098	64	0	0	0	0	ABSTAIN	A	0	0	0
H5B-D-2-01#s100r098	64	0	0	0	0	ABSTAIN	A	0	0	0
H5B-D-2-02#s100r098	64	0	0	0	0	ABSTAIN	A	0	0	0
H5B-D-2-03#s100r098	64	0	0	0	0	ABSTAIN	A	0	0	0
H5B-D-2-04#s100r098	64	0	0	0	0	ABSTAIN	A	0	0	0
H5B-D-2-05#s100r098	64	0	0	0	0	ABSTAIN	A	0	0	0
H5B-D-2-06#s100r098	64	0	0	0	0	ABSTAIN	A	0	0	0
H5B-D-2-07#s100r098	64	0	0	0	0	ABSTAIN	A	0	0	0
H5B-D-2-08#s100r098	64	0	0	0	0	ABSTAIN	A	0	0	0
H5B-D-2-09#s100r098	64	0	0	0	0	ABSTAIN	A	0	0	0
H5B-D-6-00#s100r098	64	0	0	0	0	ABSTAIN	A	0	0	0
H5B-D-6-01#s100r098	64	0	0	0	0	ABSTAIN	A	0	0	0
H5B-D-6-02#s100r098	64	0	0	0	0	ABSTAIN	A	0	0	0
H5B-D-6-03#s100r098	64	0	0	0	0	ABSTAIN	A	0	0	0
H5B-D-6-04#s100r098	64	0	0	0	0	ABSTAIN	A	0	0	0
H5B-D-6-05#s100r098	64	0	0	0	0	ABSTAIN	A	0	0	0
H5B-D-6-06#s100r098	64	0	0	0	0	ABSTAIN	A	0	0	0
H5B-D-6-07#s100r098	64	0	0	0	0	ABSTAIN	A	0	0	0
H5B-D-6-08#s100r098	64	0	0	0	0	ABSTAIN	A	0	0	0
H5B-D-6-09#s100r098	64	0	0	0	0	ABSTAIN	A	0	0	0
H5B-P-06-00#s100r099	64	0	0	0	0	ABSTAIN	A	0	0	0
H5B-P-06-01#s100r099	64	0	0	0	0	ABSTAIN	A	0	0	0
H5B-P-06-02#s100r099	64	0	0	0	0	ABSTAIN	A	0	0	0
H5B-P-06-03#s100r099	64	0	0	0	0	ABSTAIN	A	0	0	0
H5B-P-06-04#s100r099	64	0	0	0	0	ABSTAIN	A	0	0	0
H5B-P-06-05#s100r099	64	0	0	0	0	ABSTAIN	A	0	0	0
H5B-P-06-06#s100r099	64	0	0	0	0	ABSTAIN	A	0	0	0
H5B-P-06-07#s100r099	64	0	0	0	0	ABSTAIN	A	0	0	0
H5B-P-06-08#s100r099	64	0	0	0	0	ABSTAIN	A	0	0	0
H5B-P-06-09#s100r099	64	0	0	0	0	ABSTAIN	A	0	0	0
H5B-P-12-00#s100r099	64	0	0	0	0	ABSTAIN	A	0	0	0
H5B-P-12-01#s100r099	64	0	0	0	0	ABSTAIN	A	0	0	0
H5B-P-12-02#s100r099	64	0	0	0	0	ABSTAIN	A	0	0	0
H5B-P-12-03#s100r099	64	0	0	0	0	ABSTAIN	A	0	0	0
H5B-P-12-04#s100r099	64	0	0	0	0	ABSTAIN	A	0	0	0
H5B-P-12-05#s100r099	64	0	0	0	0	ABSTAIN	A	0	0	0
H5B-P-12-06#s100r099	64	0	0	0	0	ABSTAIN	A	0	0	0
H5B-P-12-07#s100r099	64	0	0	0	0	ABSTAIN	A	0	0	0
H5B-P-12-08#s100r099	64	0	0	0	0	ABSTAIN	A	0	0	0
H5B-P-12-09#s100r099	64	0	0	0	0	ABSTAIN	A	0	0	0
H5B-P-20-00#s100r099	64	0	0	0	0	ABSTAIN	A	0	0	0
H5B-P-20-01#s100r099	64	0	0	0	0	ABSTAIN	A	0	0	0
H5B-P-20-02#s100r099	64	0	0	0	0	ABSTAIN	A	0	0	0
H5B-P-20-03#s100r099	64	0	0	0	0	ABSTAIN	A	0	0	0
H5B-P-20-04#s100r099	64	0	0	0	0	ABSTAIN	A	0	0	0
H5B-P-20-05#s100r099	64	0	0	0	0	ABSTAIN	A	0	0	0
H5B-P-20-06#s100r099	64	0	0	0	0	ABSTAIN	A	0	0	0
H5B-P-20-07#s100r099	64	0	0	0	0	ABSTAIN	A	0	0	0
H5B-P-20-08#s100r099	64	0	0	0	0	ABSTAIN	A	0	0	0
H5B-P-20-09#s100r099	64	0	0	0	0	ABSTAIN	A	0	0	0
H5B-P-40-00#s100r099	64	0	0	0	0	ABSTAIN	A	0	0	0
H5B-P-40-01#s100r099	64	0	0	0	0	ABSTAIN	A	0	0	0
H5B-P-40-02#s100r099	64	0	0	0	0	ABSTAIN	A	0	0	0
H5B-P-40-03#s100r099	64	0	0	0	0	ABSTAIN	A	0	0	0
H5B-P-40-04#s100r099	64	0	0	0	0	ABSTAIN	A	0	0	0
H5B-P-40-05#s100r099	64	0	0	0	0	ABSTAIN	A	0	0	0
H5B-P-40-06#s100r099	64	0	0	0	0	ABSTAIN	A	0	0	0
H5B-P-40-07#s100r099	64	0	0	0	0	ABSTAIN	A	0	0	0
H5B-P-40-08#s100r099	64	0	0	0	0	ABSTAIN	A	0	0	0
H5B-P-40-09#s100r099	64	0	0	0	0	ABSTAIN	A	0	0	0
H5B-O-06-00#s100r099	64	0	0	0	0	ABSTAIN	A	0	0	0
H5B-O-06-01#s100r099	64	0	0	0	0	ABSTAIN	A	0	0	0
H5B-O-06-02#s100r099	64	0	0	0	0	ABSTAIN	A	0	0	0
H5B-O-06-03#s100r099	64	0	0	0	0	ABSTAIN	A	0	0	0
H5B-O-06-04#s100r099	64	0	0	0	0	ABSTAIN	A	0	0	0
H5B-O-06-05#s100r099	64	0	0	0	0	ABSTAIN	A	0	0	0
H5B-O-06-06#s100r099	64	0	0	0	0	ABSTAIN	A	0	0	0
H5B-O-06-07#s100r099	64	0	0	0	0	ABSTAIN	A	0	0	0
H5B-O-06-08#s100r099	64	0	0	0	0	ABSTAIN	A	0	0	0
H5B-O-06-09#s100r099	64	0	0	0	0	ABSTAIN	A	0	0	0
H5B-O-12-00#s100r099	64	0	0	0	0	ABSTAIN	A	0	0	0
H5B-O-12-01#s100r099	64	0	0	0	0	ABSTAIN	A	0	0	0
H5B-O-12-02#s100r099	64	0	0	0	0	ABSTAIN	A	0	0	0
H5B-O-12-03#s100r099	64	0	0	0	0	ABSTAIN	A	0	0	0
H5B-O-12-04#s100r099	64	0	0	0	0	ABSTAIN	A	0	0	0
H5B-O-12-05#s100r099	64	0	0	0	0	ABSTAIN	A	0	0	0
H5B-O-12-06#s100r099	64	0	0	0	0	ABSTAIN	A	0	0	0
H5B-O-12-07#s100r099	64	0	0	0	0	ABSTAIN	A	0	0	0
H5B-O-12-08#s100r099	64	0	0	0	0	ABSTAIN	A	0	0	0
H5B-O-12-09#s100r099	64	0	0	0	0	ABSTAIN	A	0	0	0
H5B-O-20-00#s100r099	64	0	0	0	0	ABSTAIN	A	0	0	0
H5B-O-20-01#s100r099	64	0	0	0	0	ABSTAIN	A	0	0	0
H5B-O-20-02#s100r099	64	0	0	0	0	ABSTAIN	A	0	0	0
H5B-O-20-03#s100r099	64	0	0	0	0	ABSTAIN	A	0	0	0
H5B-O-20-04#s100r099	64	0	0	0	0	ABSTAIN	A	0	0	0
H5B-O-20-05#s100r099	64	0	0	0	0	ABSTAIN	A	0	0	0
H5B-O-20-06#s100r099	64	0	0	0	0	ABSTAIN	A	0	0	0
H5B-O-20-07#s100r099	64	0	0	0	0	ABSTAIN	A	0	0	0
H5B-O-20-08#s100r099	64	0	0	0	0	ABSTAIN	A	0	0	0
H5B-O-20-09#s100r099	64	0	0	0	0	ABSTAIN	A	0	0	0
H5B-O-40-00#s100r099	64	0	0	0	0	ABSTAIN	A	0	0	0
H5B-O-40-01#s100r099	64	0	0	0	0	ABSTAIN	A	0	0	0
H5B-O-40-02#s100r099	64	0	0	0	0	ABSTAIN	A	0	0	0
H5B-O-40-03#s100r099	64	0	0	0	0	ABSTAIN	A	0	0	0
H5B-O-40-04#s100r099	64	0	0	0	0	ABSTAIN	A	0	0	0
H5B-O-40-05#s100r099	64	0	0	0	0	ABSTAIN	A	0	0	0
H5B-O-40-06#s100r099	64	0	0	0	0	ABSTAIN	A	0	0	0
H5B-O-40-07#s100r099	64	0	0	0	0	ABSTAIN	A	0	0	0
H5B-O-40-08#s100r099	64	0	0	0	0	ABSTAIN	A	0	0	0
H5B-O-40-09#s100r099	64	0	0	0	0	ABSTAIN	A	0	0	0
H5B-D-0-00#s100r099	64	0	0	0	0	RELEASE	1	660	0	0
H5B-D-0-01#s100r099	64	0	0	0	0	RELEASE	1	660	0	0
H5B-D-0-02#s100r099	64	0	0	0	0	RELEASE	1	660	0	0
H5B-D-0-03#s100r099	64	0	0	0	0	RELEASE	1	660	0	0
H5B-D-0-04#s100r099	64	0	0	0	0	RELEASE	1	660	0	0
H5B-D-0-05#s100r099	64	0	0	0	0	RELEASE	1	660	0	0
H5B-D-0-06#s100r099	64	0	0	0	0	RELEASE	1	660	0	0
H5B-D-0-07#s100r099	64	0	0	0	0	RELEASE	1	660	0	0
H5B-D-0-08#s100r099	64	0	0	0	0	RELEASE	1	660	0	0
H5B-D-0-09#s100r099	64	0	0	0	0	RELEASE	1	660	0	0
H5B-D-1-00#s100r099	64	0	0	0	0	ABSTAIN	A	0	0	0
H5B-D-1-01#s100r099	64	0	0	0	0	ABSTAIN	A	0	0	0
H5B-D-1-02#s100r099	64	0	0	0	0	ABSTAIN	A	0	0	0
H5B-D-1-03#s100r099	64	0	0	0	0	ABSTAIN	A	0	0	0
H5B-D-1-04#s100r099	64	0	0	0	0	ABSTAIN	A	0	0	0
H5B-D-1-05#s100r099	64	0	0	0	0	ABSTAIN	A	0	0	0
H5B-D-1-06#s100r099	64	0	0	0	0	ABSTAIN	A	0	0	0
H5B-D-1-07#s100r099	64	0	0	0	0	ABSTAIN	A	0	0	0
H5B-D-1-08#s100r099	64	0	0	0	0	ABSTAIN	A	0	0	0
H5B-D-1-09#s100r099	64	0	0	0	0	ABSTAIN	A	0	0	0
H5B-D-2-00#s100r099	64	0	0	0	0	ABSTAIN	A	0	0	0
H5B-D-2-01#s100r099	64	0	0	0	0	ABSTAIN	A	0	0	0
H5B-D-2-02#s100r099	64	0	0	0	0	ABSTAIN	A	0	0	0
H5B-D-2-03#s100r099	64	0	0	0	0	ABSTAIN	A	0	0	0
H5B-D-2-04#s100r099	64	0	0	0	0	ABSTAIN	A	0	0	0
H5B-D-2-05#s100r099	64	0	0	0	0	ABSTAIN	A	0	0	0
H5B-D-2-06#s100r099	64	0	0	0	0	ABSTAIN	A	0	0	0
H5B-D-2-07#s100r099	64	0	0	0	0	ABSTAIN	A	0	0	0
H5B-D-2-08#s100r099	64	0	0	0	0	ABSTAIN	A	0	0	0
H5B-D-2-09#s100r099	64	0	0	0	0	ABSTAIN	A	0	0	0
H5B-D-6-00#s100r099	64	0	0	0	0	ABSTAIN	A	0	0	0
H5B-D-6-01#s100r099	64	0	0	0	0	ABSTAIN	A	0	0	0
H5B-D-6-02#s100r099	64	0	0	0	0	ABSTAIN	A	0	0	0
H5B-D-6-03#s100r099	64	0	0	0	0	ABSTAIN	A	0	0	0
H5B-D-6-04#s100r099	64	0	0	0	0	ABSTAIN	A	0	0	0
H5B-D-6-05#s100r099	64	0	0	0	0	ABSTAIN	A	0	0	0
H5B-D-6-06#s100r099	64	0	0	0	0	ABSTAIN	A	0	0	0
H5B-D-6-07#s100r099	64	0	0	0	0	ABSTAIN	A	0	0	0
H5B-D-6-08#s100r099	64	0	0	0	0	ABSTAIN	A	0	0	0
H5B-D-6-09#s100r099	64	0	0	0	0	ABSTAIN	A	0	0	0
H5B-P-06-00#s100r100	64	0	0	0	0	ABSTAIN	A	0	0	0
H5B-P-06-01#s100r100	64	0	0	0	0	ABSTAIN	A	0	0	0
H5B-P-06-02#s100r100	64	0	0	0	0	ABSTAIN	A	0	0	0
H5B-P-06-03#s100r100	64	0	0	0	0	ABSTAIN	A	0	0	0
H5B-P-06-04#s100r100	64	0	0	0	0	ABSTAIN	A	0	0	0
H5B-P-06-05#s100r100	64	0	0	0	0	ABSTAIN	A	0	0	0
H5B-P-06-06#s100r100	64	0	0	0	0	ABSTAIN	A	0	0	0
H5B-P-06-07#s100r100	64	0	0	0	0	ABSTAIN	A	0	0	0
H5B-P-06-08#s100r100	64	0	0	0	0	ABSTAIN	A	0	0	0
H5B-P-06-09#s100r100	64	0	0	0	0	ABSTAIN	A	0	0	0
H5B-P-12-00#s100r100	64	0	0	0	0	ABSTAIN	A	0	0	0
H5B-P-12-01#s100r100	64	0	0	0	0	ABSTAIN	A	0	0	0
H5B-P-12-02#s100r100	64	0	0	0	0	ABSTAIN	A	0	0	0
H5B-P-12-03#s100r100	64	0	0	0	0	ABSTAIN	A	0	0	0
H5B-P-12-04#s100r100	64	0	0	0	0	ABSTAIN	A	0	0	0
H5B-P-12-05#s100r100	64	0	0	0	0	ABSTAIN	A	0	0	0
H5B-P-12-06#s100r100	64	0	0	0	0	ABSTAIN	A	0	0	0
H5B-P-12-07#s100r100	64	0	0	0	0	ABSTAIN	A	0	0	0
H5B-P-12-08#s100r100	64	0	0	0	0	ABSTAIN	A	0	0	0
H5B-P-12-09#s100r100	64	0	0	0	0	ABSTAIN	A	0	0	0
H5B-P-20-00#s100r100	64	0	0	0	0	ABSTAIN	A	0	0	0
H5B-P-20-01#s100r100	64	0	0	0	0	ABSTAIN	A	0	0	0
H5B-P-20-02#s100r100	64	0	0	0	0	ABSTAIN	A	0	0	0
H5B-P-20-03#s100r100	64	0	0	0	0	ABSTAIN	A	0	0	0
H5B-P-20-04#s100r100	64	0	0	0	0	ABSTAIN	A	0	0	0
H5B-P-20-05#s100r100	64	0	0	0	0	ABSTAIN	A	0	0	0
H5B-P-20-06#s100r100	64	0	0	0	0	ABSTAIN	A	0	0	0
H5B-P-20-07#s100r100	64	0	0	0	0	ABSTAIN	A	0	0	0
H5B-P-20-08#s100r100	64	0	0	0	0	ABSTAIN	A	0	0	0
H5B-P-20-09#s100r100	64	0	0	0	0	ABSTAIN	A	0	0	0
H5B-P-40-00#s100r100	64	0	0	0	0	ABSTAIN	A	0	0	0
H5B-P-40-01#s100r100	64	0	0	0	0	ABSTAIN	A	0	0	0
H5B-P-40-02#s100r100	64	0	0	0	0	ABSTAIN	A	0	0	0
H5B-P-40-03#s100r100	64	0	0	0	0	ABSTAIN	A	0	0	0
H5B-P-40-04#s100r100	64	0	0	0	0	ABSTAIN	A	0	0	0
H5B-P-40-05#s100r100	64	0	0	0	0	ABSTAIN	A	0	0	0
H5B-P-40-06#s100r100	64	0	0	0	0	ABSTAIN	A	0	0	0
H5B-P-40-07#s100r100	64	0	0	0	0	ABSTAIN	A	0	0	0
H5B-P-40-08#s100r100	64	0	0	0	0	ABSTAIN	A	0	0	0
H5B-P-40-09#s100r100	64	0	0	0	0	ABSTAIN	A	0	0	0
H5B-O-06-00#s100r100	64	0	0	0	0	ABSTAIN	A	0	0	0
H5B-O-06-01#s100r100	64	0	0	0	0	ABSTAIN	A	0	0	0
H5B-O-06-02#s100r100	64	0	0	0	0	ABSTAIN	A	0	0	0
H5B-O-06-03#s100r100	64	0	0	0	0	ABSTAIN	A	0	0	0
H5B-O-06-04#s100r100	64	0	0	0	0	ABSTAIN	A	0	0	0
H5B-O-06-05#s100r100	64	0	0	0	0	ABSTAIN	A	0	0	0
H5B-O-06-06#s100r100	64	0	0	0	0	ABSTAIN	A	0	0	0
H5B-O-06-07#s100r100	64	0	0	0	0	ABSTAIN	A	0	0	0
H5B-O-06-08#s100r100	64	0	0	0	0	ABSTAIN	A	0	0	0
H5B-O-06-09#s100r100	64	0	0	0	0	ABSTAIN	A	0	0	0
H5B-O-12-00#s100r100	64	0	0	0	0	ABSTAIN	A	0	0	0
H5B-O-12-01#s100r100	64	0	0	0	0	ABSTAIN	A	0	0	0
H5B-O-12-02#s100r100	64	0	0	0	0	ABSTAIN	A	0	0	0
H5B-O-12-03#s100r100	64	0	0	0	0	ABSTAIN	A	0	0	0
H5B-O-12-04#s100r100	64	0	0	0	0	ABSTAIN	A	0	0	0
H5B-O-12-05#s100r100	64	0	0	0	0	ABSTAIN	A	0	0	0
H5B-O-12-06#s100r100	64	0	0	0	0	ABSTAIN	A	0	0	0
H5B-O-12-07#s100r100	64	0	0	0	0	ABSTAIN	A	0	0	0
H5B-O-12-08#s100r100	64	0	0	0	0	ABSTAIN	A	0	0	0
H5B-O-12-09#s100r100	64	0	0	0	0	ABSTAIN	A	0	0	0
H5B-O-20-00#s100r100	64	0	0	0	0	ABSTAIN	A	0	0	0
H5B-O-20-01#s100r100	64	0	0	0	0	ABSTAIN	A	0	0	0
H5B-O-20-02#s100r100	64	0	0	0	0	ABSTAIN	A	0	0	0
H5B-O-20-03#s100r100	64	0	0	0	0	ABSTAIN	A	0	0	0
H5B-O-20-04#s100r100	64	0	0	0	0	ABSTAIN	A	0	0	0
H5B-O-20-05#s100r100	64	0	0	0	0	ABSTAIN	A	0	0	0
H5B-O-20-06#s100r100	64	0	0	0	0	ABSTAIN	A	0	0	0
H5B-O-20-07#s100r100	64	0	0	0	0	ABSTAIN	A	0	0	0
H5B-O-20-08#s100r100	64	0	0	0	0	ABSTAIN	A	0	0	0
H5B-O-20-09#s100r100	64	0	0	0	0	ABSTAIN	A	0	0	0
H5B-O-40-00#s100r100	64	0	0	0	0	ABSTAIN	A	0	0	0
H5B-O-40-01#s100r100	64	0	0	0	0	ABSTAIN	A	0	0	0
H5B-O-40-02#s100r100	64	0	0	0	0	ABSTAIN	A	0	0	0
H5B-O-40-03#s100r100	64	0	0	0	0	ABSTAIN	A	0	0	0
H5B-O-40-04#s100r100	64	0	0	0	0	ABSTAIN	A	0	0	0
H5B-O-40-05#s100r100	64	0	0	0	0	ABSTAIN	A	0	0	0
H5B-O-40-06#s100r100	64	0	0	0	0	ABSTAIN	A	0	0	0
H5B-O-40-07#s100r100	64	0	0	0	0	ABSTAIN	A	0	0	0
H5B-O-40-08#s100r100	64	0	0	0	0	ABSTAIN	A	0	0	0
H5B-O-40-09#s100r100	64	0	0	0	0	ABSTAIN	A	0	0	0
H5B-D-0-00#s100r100	64	0	0	0	0	RELEASE	1	660	0	0
H5B-D-0-01#s100r100	64	0	0	0	0	RELEASE	1	660	0	0
H5B-D-0-02#s100r100	64	0	0	0	0	RELEASE	1	660	0	0
H5B-D-0-03#s100r100	64	0	0	0	0	RELEASE	1	660	0	0
H5B-D-0-04#s100r100	64	0	0	0	0	RELEASE	1	660	0	0
H5B-D-0-05#s100r100	64	0	0	0	0	RELEASE	1	660	0	0
H5B-D-0-06#s100r100	64	0	0	0	0	RELEASE	1	660	0	0
H5B-D-0-07#s100r100	64	0	0	0	0	RELEASE	1	660	0	0
H5B-D-0-08#s100r100	64	0	0	0	0	RELEASE	1	660	0	0
H5B-D-0-09#s100r100	64	0	0	0	0	RELEASE	1	660	0	0
H5B-D-1-00#s100r100	64	0	0	0	0	ABSTAIN	A	0	0	0
H5B-D-1-01#s100r100	64	0	0	0	0	ABSTAIN	A	0	0	0
H5B-D-1-02#s100r100	64	0	0	0	0	ABSTAIN	A	0	0	0
H5B-D-1-03#s100r100	64	0	0	0	0	ABSTAIN	A	0	0	0
H5B-D-1-04#s100r100	64	0	0	0	0	ABSTAIN	A	0	0	0
H5B-D-1-05#s100r100	64	0	0	0	0	ABSTAIN	A	0	0	0
H5B-D-1-06#s100r100	64	0	0	0	0	ABSTAIN	A	0	0	0
H5B-D-1-07#s100r100	64	0	0	0	0	ABSTAIN	A	0	0	0
H5B-D-1-08#s100r100	64	0	0	0	0	ABSTAIN	A	0	0	0
H5B-D-1-09#s100r100	64	0	0	0	0	ABSTAIN	A	0	0	0
H5B-D-2-00#s100r100	64	0	0	0	0	ABSTAIN	A	0	0	0
H5B-D-2-01#s100r100	64	0	0	0	0	ABSTAIN	A	0	0	0
H5B-D-2-02#s100r100	64	0	0	0	0	ABSTAIN	A	0	0	0
H5B-D-2-03#s100r100	64	0	0	0	0	ABSTAIN	A	0	0	0
H5B-D-2-04#s100r100	64	0	0	0	0	ABSTAIN	A	0	0	0
H5B-D-2-05#s100r100	64	0	0	0	0	ABSTAIN	A	0	0	0
H5B-D-2-06#s100r100	64	0	0	0	0	ABSTAIN	A	0	0	0
H5B-D-2-07#s100r100	64	0	0	0	0	ABSTAIN	A	0	0	0
H5B-D-2-08#s100r100	64	0	0	0	0	ABSTAIN	A	0	0	0
H5B-D-2-09#s100r100	64	0	0	0	0	ABSTAIN	A	0	0	0
H5B-D-6-00#s100r100	64	0	0	0	0	ABSTAIN	A	0	0	0
H5B-D-6-01#s100r100	64	0	0	0	0	ABSTAIN	A	0	0	0
H5B-D-6-02#s100r100	64	0	0	0	0	ABSTAIN	A	0	0	0
H5B-D-6-03#s100r100	64	0	0	0	0	ABSTAIN	A	0	0	0
H5B-D-6-04#s100r100	64	0	0	0	0	ABSTAIN	A	0	0	0
H5B-D-6-05#s100r100	64	0	0	0	0	ABSTAIN	A	0	0	0
H5B-D-6-06#s100r100	64	0	0	0	0	ABSTAIN	A	0	0	0
H5B-D-6-07#s100r100	64	0	0	0	0	ABSTAIN	A	0	0	0
H5B-D-6-08#s100r100	64	0	0	0	0	ABSTAIN	A	0	0	0
H5B-D-6-09#s100r100	64	0	0	0	0	ABSTAIN	A	0	0	0
