H5B-P-06-00#s100r001	16	0	0	0	0	ABSTAIN	A	0	0	0
H5B-P-06-01#s100r001	16	0	0	0	0	ABSTAIN	A	0	0	0
H5B-P-06-02#s100r001	16	0	0	0	0	ABSTAIN	A	0	0	0
H5B-P-06-03#s100r001	16	0	0	0	0	ABSTAIN	A	0	0	0
H5B-P-06-04#s100r001	16	0	0	0	0	ABSTAIN	A	0	0	0
H5B-P-06-05#s100r001	16	0	0	0	0	ABSTAIN	A	0	0	0
H5B-P-06-06#s100r001	16	0	0	0	0	ABSTAIN	A	0	0	0
H5B-P-06-07#s100r001	16	0	0	0	0	ABSTAIN	A	0	0	0
H5B-P-06-08#s100r001	16	0	0	0	0	ABSTAIN	A	0	0	0
H5B-P-06-09#s100r001	16	0	0	0	0	ABSTAIN	A	0	0	0
H5B-P-12-00#s100r001	16	0	0	0	0	ABSTAIN	A	0	0	0
H5B-P-12-01#s100r001	16	0	0	0	0	ABSTAIN	A	0	0	0
H5B-P-12-02#s100r001	16	0	0	0	0	ABSTAIN	A	0	0	0
H5B-P-12-03#s100r001	16	0	0	0	0	ABSTAIN	A	0	0	0
H5B-P-12-04#s100r001	16	0	0	0	0	ABSTAIN	A	0	0	0
H5B-P-12-05#s100r001	16	0	0	0	0	ABSTAIN	A	0	0	0
H5B-P-12-06#s100r001	16	0	0	0	0	ABSTAIN	A	0	0	0
H5B-P-12-07#s100r001	16	0	0	0	0	ABSTAIN	A	0	0	0
H5B-P-12-08#s100r001	16	0	0	0	0	ABSTAIN	A	0	0	0
H5B-P-12-09#s100r001	16	0	0	0	0	ABSTAIN	A	0	0	0
H5B-P-20-00#s100r001	16	0	0	0	0	RELEASE	0	0	0	0
H5B-P-20-01#s100r001	16	0	0	0	0	RELEASE	0	0	0	0
H5B-P-20-02#s100r001	16	0	0	0	0	RELEASE	0	0	0	0
H5B-P-20-03#s100r001	16	0	0	0	0	RELEASE	0	0	0	0
H5B-P-20-04#s100r001	16	0	0	0	0	RELEASE	0	0	0	0
H5B-P-20-05#s100r001	16	0	0	0	0	RELEASE	0	0	0	0
H5B-P-20-06#s100r001	16	0	0	0	0	RELEASE	0	0	0	0
H5B-P-20-07#s100r001	16	0	0	0	0	RELEASE	0	0	0	0
H5B-P-20-08#s100r001	16	0	0	0	0	RELEASE	0	0	0	0
H5B-P-20-09#s100r001	16	0	0	0	0	RELEASE	0	0	0	0
H5B-P-40-00#s100r001	16	0	0	0	0	RELEASE	0	0	0	0
H5B-P-40-01#s100r001	16	0	0	0	0	RELEASE	0	0	0	0
H5B-P-40-02#s100r001	16	0	0	0	0	RELEASE	0	0	0	0
H5B-P-40-03#s100r001	16	0	0	0	0	RELEASE	0	0	0	0
H5B-P-40-04#s100r001	16	0	0	0	0	RELEASE	0	0	0	0
H5B-P-40-05#s100r001	16	0	0	0	0	RELEASE	0	0	0	0
H5B-P-40-06#s100r001	16	0	0	0	0	RELEASE	0	0	0	0
H5B-P-40-07#s100r001	16	0	0	0	0	RELEASE	0	0	0	0
H5B-P-40-08#s100r001	16	0	0	0	0	RELEASE	0	0	0	0
H5B-P-40-09#s100r001	16	0	0	0	0	RELEASE	0	0	0	0
H5B-O-06-00#s100r001	16	0	0	0	0	ABSTAIN	A	0	0	0
H5B-O-06-01#s100r001	16	0	0	0	0	ABSTAIN	A	0	0	0
H5B-O-06-02#s100r001	16	0	0	0	0	ABSTAIN	A	0	0	0
H5B-O-06-03#s100r001	16	0	0	0	0	ABSTAIN	A	0	0	0
H5B-O-06-04#s100r001	16	0	0	0	0	ABSTAIN	A	0	0	0
H5B-O-06-05#s100r001	16	0	0	0	0	ABSTAIN	A	0	0	0
H5B-O-06-06#s100r001	16	0	0	0	0	ABSTAIN	A	0	0	0
H5B-O-06-07#s100r001	16	0	0	0	0	ABSTAIN	A	0	0	0
H5B-O-06-08#s100r001	16	0	0	0	0	ABSTAIN	A	0	0	0
H5B-O-06-09#s100r001	16	0	0	0	0	ABSTAIN	A	0	0	0
H5B-O-12-00#s100r001	16	0	0	0	0	ABSTAIN	A	0	0	0
H5B-O-12-01#s100r001	16	0	0	0	0	ABSTAIN	A	0	0	0
H5B-O-12-02#s100r001	16	0	0	0	0	ABSTAIN	A	0	0	0
H5B-O-12-03#s100r001	16	0	0	0	0	ABSTAIN	A	0	0	0
H5B-O-12-04#s100r001	16	0	0	0	0	ABSTAIN	A	0	0	0
H5B-O-12-05#s100r001	16	0	0	0	0	ABSTAIN	A	0	0	0
H5B-O-12-06#s100r001	16	0	0	0	0	ABSTAIN	A	0	0	0
H5B-O-12-07#s100r001	16	0	0	0	0	ABSTAIN	A	0	0	0
H5B-O-12-08#s100r001	16	0	0	0	0	ABSTAIN	A	0	0	0
H5B-O-12-09#s100r001	16	0	0	0	0	ABSTAIN	A	0	0	0
H5B-O-20-00#s100r001	16	0	0	0	0	RELEASE	1	625	0	0
H5B-O-20-01#s100r001	16	0	0	0	0	RELEASE	1	403	0	0
H5B-O-20-02#s100r001	16	0	0	0	0	RELEASE	1	634	0	0
H5B-O-20-03#s100r001	16	0	0	0	0	RELEASE	1	425	0	0
H5B-O-20-04#s100r001	16	0	0	0	0	RELEASE	1	669	0	0
H5B-O-20-05#s100r001	16	0	0	0	0	RELEASE	1	642	0	0
H5B-O-20-06#s100r001	16	0	0	0	0	RELEASE	1	444	0	0
H5B-O-20-07#s100r001	16	0	0	0	0	RELEASE	1	650	0	0
H5B-O-20-08#s100r001	16	0	0	0	0	RELEASE	1	463	0	0
H5B-O-20-09#s100r001	16	0	0	0	0	RELEASE	1	686	0	0
H5B-O-40-00#s100r001	16	0	0	0	0	RELEASE	1	625	0	0
H5B-O-40-01#s100r001	16	0	0	0	0	RELEASE	1	480	0	0
H5B-O-40-02#s100r001	16	0	0	0	0	RELEASE	1	632	0	0
H5B-O-40-03#s100r001	16	0	0	0	0	RELEASE	1	496	0	0
H5B-O-40-04#s100r001	16	0	0	0	0	RELEASE	1	638	0	0
H5B-O-40-05#s100r001	16	0	0	0	0	RELEASE	1	641	0	0
H5B-O-40-06#s100r001	16	0	0	0	0	RELEASE	1	512	0	0
H5B-O-40-07#s100r001	16	0	0	0	0	RELEASE	1	648	0	0
H5B-O-40-08#s100r001	16	0	0	0	0	RELEASE	1	526	0	0
H5B-O-40-09#s100r001	16	0	0	0	0	RELEASE	1	654	0	0
H5B-D-0-00#s100r001	16	0	0	0	0	RELEASE	1	996	0	0
H5B-D-0-01#s100r001	16	0	0	0	0	RELEASE	1	996	0	0
H5B-D-0-02#s100r001	16	0	0	0	0	RELEASE	1	996	0	0
H5B-D-0-03#s100r001	16	0	0	0	0	RELEASE	1	996	0	0
H5B-D-0-04#s100r001	16	0	0	0	0	RELEASE	1	996	0	0
H5B-D-0-05#s100r001	16	0	0	0	0	RELEASE	1	996	0	0
H5B-D-0-06#s100r001	16	0	0	0	0	RELEASE	1	996	0	0
H5B-D-0-07#s100r001	16	0	0	0	0	RELEASE	1	996	0	0
H5B-D-0-08#s100r001	16	0	0	0	0	RELEASE	1	996	0	0
H5B-D-0-09#s100r001	16	0	0	0	0	RELEASE	1	996	0	0
H5B-D-1-00#s100r001	16	0	0	0	0	ABSTAIN	A	0	0	0
H5B-D-1-01#s100r001	16	0	0	0	0	ABSTAIN	A	0	0	0
H5B-D-1-02#s100r001	16	0	0	0	0	ABSTAIN	A	0	0	0
H5B-D-1-03#s100r001	16	0	0	0	0	ABSTAIN	A	0	0	0
H5B-D-1-04#s100r001	16	0	0	0	0	ABSTAIN	A	0	0	0
H5B-D-1-05#s100r001	16	0	0	0	0	ABSTAIN	A	0	0	0
H5B-D-1-06#s100r001	16	0	0	0	0	ABSTAIN	A	0	0	0
H5B-D-1-07#s100r001	16	0	0	0	0	ABSTAIN	A	0	0	0
H5B-D-1-08#s100r001	16	0	0	0	0	ABSTAIN	A	0	0	0
H5B-D-1-09#s100r001	16	0	0	0	0	ABSTAIN	A	0	0	0
H5B-D-2-00#s100r001	16	0	0	0	0	ABSTAIN	A	0	0	0
H5B-D-2-01#s100r001	16	0	0	0	0	ABSTAIN	A	0	0	0
H5B-D-2-02#s100r001	16	0	0	0	0	ABSTAIN	A	0	0	0
H5B-D-2-03#s100r001	16	0	0	0	0	ABSTAIN	A	0	0	0
H5B-D-2-04#s100r001	16	0	0	0	0	ABSTAIN	A	0	0	0
H5B-D-2-05#s100r001	16	0	0	0	0	ABSTAIN	A	0	0	0
H5B-D-2-06#s100r001	16	0	0	0	0	ABSTAIN	A	0	0	0
H5B-D-2-07#s100r001	16	0	0	0	0	ABSTAIN	A	0	0	0
H5B-D-2-08#s100r001	16	0	0	0	0	ABSTAIN	A	0	0	0
H5B-D-2-09#s100r001	16	0	0	0	0	ABSTAIN	A	0	0	0
H5B-D-6-00#s100r001	16	0	0	0	0	ABSTAIN	A	0	0	0
H5B-D-6-01#s100r001	16	0	0	0	0	ABSTAIN	A	0	0	0
H5B-D-6-02#s100r001	16	0	0	0	0	ABSTAIN	A	0	0	0
H5B-D-6-03#s100r001	16	0	0	0	0	ABSTAIN	A	0	0	0
H5B-D-6-04#s100r001	16	0	0	0	0	ABSTAIN	A	0	0	0
H5B-D-6-05#s100r001	16	0	0	0	0	ABSTAIN	A	0	0	0
H5B-D-6-06#s100r001	16	0	0	0	0	ABSTAIN	A	0	0	0
H5B-D-6-07#s100r001	16	0	0	0	0	ABSTAIN	A	0	0	0
H5B-D-6-08#s100r001	16	0	0	0	0	ABSTAIN	A	0	0	0
H5B-D-6-09#s100r001	16	0	0	0	0	ABSTAIN	A	0	0	0
H5B-P-06-00#s100r002	16	0	0	0	0	ABSTAIN	A	0	0	0
H5B-P-06-01#s100r002	16	0	0	0	0	ABSTAIN	A	0	0	0
H5B-P-06-02#s100r002	16	0	0	0	0	ABSTAIN	A	0	0	0
H5B-P-06-03#s100r002	16	0	0	0	0	ABSTAIN	A	0	0	0
H5B-P-06-04#s100r002	16	0	0	0	0	ABSTAIN	A	0	0	0
H5B-P-06-05#s100r002	16	0	0	0	0	ABSTAIN	A	0	0	0
H5B-P-06-06#s100r002	16	0	0	0	0	ABSTAIN	A	0	0	0
H5B-P-06-07#s100r002	16	0	0	0	0	ABSTAIN	A	0	0	0
H5B-P-06-08#s100r002	16	0	0	0	0	ABSTAIN	A	0	0	0
H5B-P-06-09#s100r002	16	0	0	0	0	ABSTAIN	A	0	0	0
H5B-P-12-00#s100r002	16	0	0	0	0	ABSTAIN	A	0	0	0
H5B-P-12-01#s100r002	16	0	0	0	0	ABSTAIN	A	0	0	0
H5B-P-12-02#s100r002	16	0	0	0	0	ABSTAIN	A	0	0	0
H5B-P-12-03#s100r002	16	0	0	0	0	ABSTAIN	A	0	0	0
H5B-P-12-04#s100r002	16	0	0	0	0	ABSTAIN	A	0	0	0
H5B-P-12-05#s100r002	16	0	0	0	0	ABSTAIN	A	0	0	0
H5B-P-12-06#s100r002	16	0	0	0	0	ABSTAIN	A	0	0	0
H5B-P-12-07#s100r002	16	0	0	0	0	ABSTAIN	A	0	0	0
H5B-P-12-08#s100r002	16	0	0	0	0	ABSTAIN	A	0	0	0
H5B-P-12-09#s100r002	16	0	0	0	0	ABSTAIN	A	0	0	0
H5B-P-20-00#s100r002	16	0	0	0	0	RELEASE	0	0	0	0
H5B-P-20-01#s100r002	16	0	0	0	0	RELEASE	0	0	0	0
H5B-P-20-02#s100r002	16	0	0	0	0	RELEASE	0	0	0	0
H5B-P-20-03#s100r002	16	0	0	0	0	RELEASE	0	0	0	0
H5B-P-20-04#s100r002	16	0	0	0	0	RELEASE	0	0	0	0
H5B-P-20-05#s100r002	16	0	0	0	0	RELEASE	0	0	0	0
H5B-P-20-06#s100r002	16	0	0	0	0	RELEASE	0	0	0	0
H5B-P-20-07#s100r002	16	0	0	0	0	RELEASE	0	0	0	0
H5B-P-20-08#s100r002	16	0	0	0	0	RELEASE	0	0	0	0
H5B-P-20-09#s100r002	16	0	0	0	0	RELEASE	0	0	0	0
H5B-P-40-00#s100r002	16	0	0	0	0	RELEASE	0	0	0	0
H5B-P-40-01#s100r002	16	0	0	0	0	RELEASE	0	0	0	0
H5B-P-40-02#s100r002	16	0	0	0	0	RELEASE	0	0	0	0
H5B-P-40-03#s100r002	16	0	0	0	0	RELEASE	0	0	0	0
H5B-P-40-04#s100r002	16	0	0	0	0	RELEASE	0	0	0	0
H5B-P-40-05#s100r002	16	0	0	0	0	RELEASE	0	0	0	0
H5B-P-40-06#s100r002	16	0	0	0	0	RELEASE	0	0	0	0
H5B-P-40-07#s100r002	16	0	0	0	0	RELEASE	0	0	0	0
H5B-P-40-08#s100r002	16	0	0	0	0	RELEASE	0	0	0	0
H5B-P-40-09#s100r002	16	0	0	0	0	RELEASE	0	0	0	0
H5B-O-06-00#s100r002	16	0	0	0	0	ABSTAIN	A	0	0	0
H5B-O-06-01#s100r002	16	0	0	0	0	ABSTAIN	A	0	0	0
H5B-O-06-02#s100r002	16	0	0	0	0	ABSTAIN	A	0	0	0
H5B-O-06-03#s100r002	16	0	0	0	0	ABSTAIN	A	0	0	0
H5B-O-06-04#s100r002	16	0	0	0	0	ABSTAIN	A	0	0	0
H5B-O-06-05#s100r002	16	0	0	0	0	ABSTAIN	A	0	0	0
H5B-O-06-06#s100r002	16	0	0	0	0	ABSTAIN	A	0	0	0
H5B-O-06-07#s100r002	16	0	0	0	0	ABSTAIN	A	0	0	0
H5B-O-06-08#s100r002	16	0	0	0	0	ABSTAIN	A	0	0	0
H5B-O-06-09#s100r002	16	0	0	0	0	ABSTAIN	A	0	0	0
H5B-O-12-00#s100r002	16	0	0	0	0	ABSTAIN	A	0	0	0
H5B-O-12-01#s100r002	16	0	0	0	0	ABSTAIN	A	0	0	0
H5B-O-12-02#s100r002	16	0	0	0	0	ABSTAIN	A	0	0	0
H5B-O-12-03#s100r002	16	0	0	0	0	ABSTAIN	A	0	0	0
H5B-O-12-04#s100r002	16	0	0	0	0	ABSTAIN	A	0	0	0
H5B-O-12-05#s100r002	16	0	0	0	0	ABSTAIN	A	0	0	0
H5B-O-12-06#s100r002	16	0	0	0	0	ABSTAIN	A	0	0	0
H5B-O-12-07#s100r002	16	0	0	0	0	ABSTAIN	A	0	0	0
H5B-O-12-08#s100r002	16	0	0	0	0	ABSTAIN	A	0	0	0
H5B-O-12-09#s100r002	16	0	0	0	0	ABSTAIN	A	0	0	0
H5B-O-20-00#s100r002	16	0	0	0	0	RELEASE	1	651	0	0
H5B-O-20-01#s100r002	16	0	0	0	0	RELEASE	1	465	0	0
H5B-O-20-02#s100r002	16	0	0	0	0	RELEASE	1	654	0	0
H5B-O-20-03#s100r002	16	0	0	0	0	RELEASE	1	473	0	0
H5B-O-20-04#s100r002	16	0	0	0	0	RELEASE	1	659	0	0
H5B-O-20-05#s100r002	16	0	0	0	0	RELEASE	1	658	0	0
H5B-O-20-06#s100r002	16	0	0	0	0	RELEASE	1	482	0	0
H5B-O-20-07#s100r002	16	0	0	0	0	RELEASE	1	662	0	0
H5B-O-20-08#s100r002	16	0	0	0	0	RELEASE	1	490	0	0
H5B-O-20-09#s100r002	16	0	0	0	0	RELEASE	1	667	0	0
H5B-O-40-00#s100r002	16	0	0	0	0	RELEASE	1	639	0	0
H5B-O-40-01#s100r002	16	0	0	0	0	RELEASE	1	498	0	0
H5B-O-40-02#s100r002	16	0	0	0	0	RELEASE	1	642	0	0
H5B-O-40-03#s100r002	16	0	0	0	0	RELEASE	1	506	0	0
H5B-O-40-04#s100r002	16	0	0	0	0	RELEASE	1	645	0	0
H5B-O-40-05#s100r002	16	0	0	0	0	RELEASE	1	647	0	0
H5B-O-40-06#s100r002	16	0	0	0	0	RELEASE	1	513	0	0
H5B-O-40-07#s100r002	16	0	0	0	0	RELEASE	1	650	0	0
H5B-O-40-08#s100r002	16	0	0	0	0	RELEASE	1	520	0	0
H5B-O-40-09#s100r002	16	0	0	0	0	RELEASE	1	653	0	0
H5B-D-0-00#s100r002	16	0	0	0	0	RELEASE	1	744	0	0
H5B-D-0-01#s100r002	16	0	0	0	0	RELEASE	1	747	0	0
H5B-D-0-02#s100r002	16	0	0	0	0	RELEASE	1	749	0	0
H5B-D-0-03#s100r002	16	0	0	0	0	RELEASE	1	751	0	0
H5B-D-0-04#s100r002	16	0	0	0	0	RELEASE	1	753	0	0
H5B-D-0-05#s100r002	16	0	0	0	0	RELEASE	1	755	0	0
H5B-D-0-06#s100r002	16	0	0	0	0	RELEASE	1	757	0	0
H5B-D-0-07#s100r002	16	0	0	0	0	RELEASE	1	759	0	0
H5B-D-0-08#s100r002	16	0	0	0	0	RELEASE	1	761	0	0
H5B-D-0-09#s100r002	16	0	0	0	0	RELEASE	1	762	0	0
H5B-D-1-00#s100r002	16	0	0	0	0	ABSTAIN	A	0	0	0
H5B-D-1-01#s100r002	16	0	0	0	0	ABSTAIN	A	0	0	0
H5B-D-1-02#s100r002	16	0	0	0	0	ABSTAIN	A	0	0	0
H5B-D-1-03#s100r002	16	0	0	0	0	ABSTAIN	A	0	0	0
H5B-D-1-04#s100r002	16	0	0	0	0	ABSTAIN	A	0	0	0
H5B-D-1-05#s100r002	16	0	0	0	0	ABSTAIN	A	0	0	0
H5B-D-1-06#s100r002	16	0	0	0	0	ABSTAIN	A	0	0	0
H5B-D-1-07#s100r002	16	0	0	0	0	ABSTAIN	A	0	0	0
H5B-D-1-08#s100r002	16	0	0	0	0	ABSTAIN	A	0	0	0
H5B-D-1-09#s100r002	16	0	0	0	0	ABSTAIN	A	0	0	0
H5B-D-2-00#s100r002	16	0	0	0	0	ABSTAIN	A	0	0	0
H5B-D-2-01#s100r002	16	0	0	0	0	ABSTAIN	A	0	0	0
H5B-D-2-02#s100r002	16	0	0	0	0	ABSTAIN	A	0	0	0
H5B-D-2-03#s100r002	16	0	0	0	0	ABSTAIN	A	0	0	0
H5B-D-2-04#s100r002	16	0	0	0	0	ABSTAIN	A	0	0	0
H5B-D-2-05#s100r002	16	0	0	0	0	ABSTAIN	A	0	0	0
H5B-D-2-06#s100r002	16	0	0	0	0	ABSTAIN	A	0	0	0
H5B-D-2-07#s100r002	16	0	0	0	0	ABSTAIN	A	0	0	0
H5B-D-2-08#s100r002	16	0	0	0	0	ABSTAIN	A	0	0	0
H5B-D-2-09#s100r002	16	0	0	0	0	ABSTAIN	A	0	0	0
H5B-D-6-00#s100r002	16	0	0	0	0	ABSTAIN	A	0	0	0
H5B-D-6-01#s100r002	16	0	0	0	0	ABSTAIN	A	0	0	0
H5B-D-6-02#s100r002	16	0	0	0	0	ABSTAIN	A	0	0	0
H5B-D-6-03#s100r002	16	0	0	0	0	ABSTAIN	A	0	0	0
H5B-D-6-04#s100r002	16	0	0	0	0	ABSTAIN	A	0	0	0
H5B-D-6-05#s100r002	16	0	0	0	0	ABSTAIN	A	0	0	0
H5B-D-6-06#s100r002	16	0	0	0	0	ABSTAIN	A	0	0	0
H5B-D-6-07#s100r002	16	0	0	0	0	ABSTAIN	A	0	0	0
H5B-D-6-08#s100r002	16	0	0	0	0	ABSTAIN	A	0	0	0
H5B-D-6-09#s100r002	16	0	0	0	0	ABSTAIN	A	0	0	0
H5B-P-06-00#s100r003	16	0	0	0	0	ABSTAIN	A	0	0	0
H5B-P-06-01#s100r003	16	0	0	0	0	ABSTAIN	A	0	0	0
H5B-P-06-02#s100r003	16	0	0	0	0	ABSTAIN	A	0	0	0
H5B-P-06-03#s100r003	16	0	0	0	0	ABSTAIN	A	0	0	0
H5B-P-06-04#s100r003	16	0	0	0	0	ABSTAIN	A	0	0	0
H5B-P-06-05#s100r003	16	0	0	0	0	ABSTAIN	A	0	0	0
H5B-P-06-06#s100r003	16	0	0	0	0	ABSTAIN	A	0	0	0
H5B-P-06-07#s100r003	16	0	0	0	0	ABSTAIN	A	0	0	0
H5B-P-06-08#s100r003	16	0	0	0	0	ABSTAIN	A	0	0	0
H5B-P-06-09#s100r003	16	0	0	0	0	ABSTAIN	A	0	0	0
H5B-P-12-00#s100r003	16	0	0	0	0	ABSTAIN	A	0	0	0
H5B-P-12-01#s100r003	16	0	0	0	0	ABSTAIN	A	0	0	0
H5B-P-12-02#s100r003	16	0	0	0	0	ABSTAIN	A	0	0	0
H5B-P-12-03#s100r003	16	0	0	0	0	ABSTAIN	A	0	0	0
H5B-P-12-04#s100r003	16	0	0	0	0	ABSTAIN	A	0	0	0
H5B-P-12-05#s100r003	16	0	0	0	0	ABSTAIN	A	0	0	0
H5B-P-12-06#s100r003	16	0	0	0	0	ABSTAIN	A	0	0	0
H5B-P-12-07#s100r003	16	0	0	0	0	ABSTAIN	A	0	0	0
H5B-P-12-08#s100r003	16	0	0	0	0	ABSTAIN	A	0	0	0
H5B-P-12-09#s100r003	16	0	0	0	0	ABSTAIN	A	0	0	0
H5B-P-20-00#s100r003	16	0	0	0	0	RELEASE	0	0	0	0
H5B-P-20-01#s100r003	16	0	0	0	0	RELEASE	0	0	0	0
H5B-P-20-02#s100r003	16	0	0	0	0	RELEASE	0	0	0	0
H5B-P-20-03#s100r003	16	0	0	0	0	RELEASE	0	0	0	0
H5B-P-20-04#s100r003	16	0	0	0	0	RELEASE	0	0	0	0
H5B-P-20-05#s100r003	16	0	0	0	0	RELEASE	0	0	0	0
H5B-P-20-06#s100r003	16	0	0	0	0	RELEASE	0	0	0	0
H5B-P-20-07#s100r003	16	0	0	0	0	RELEASE	0	0	0	0
H5B-P-20-08#s100r003	16	0	0	0	0	RELEASE	0	0	0	0
H5B-P-20-09#s100r003	16	0	0	0	0	RELEASE	0	0	0	0
H5B-P-40-00#s100r003	16	0	0	0	0	RELEASE	0	0	0	0
H5B-P-40-01#s100r003	16	0	0	0	0	RELEASE	0	0	0	0
H5B-P-40-02#s100r003	16	0	0	0	0	RELEASE	0	0	0	0
H5B-P-40-03#s100r003	16	0	0	0	0	RELEASE	0	0	0	0
H5B-P-40-04#s100r003	16	0	0	0	0	RELEASE	0	0	0	0
H5B-P-40-05#s100r003	16	0	0	0	0	RELEASE	0	0	0	0
H5B-P-40-06#s100r003	16	0	0	0	0	RELEASE	0	0	0	0
H5B-P-40-07#s100r003	16	0	0	0	0	RELEASE	0	0	0	0
H5B-P-40-08#s100r003	16	0	0	0	0	RELEASE	0	0	0	0
H5B-P-40-09#s100r003	16	0	0	0	0	RELEASE	0	0	0	0
H5B-O-06-00#s100r003	16	0	0	0	0	ABSTAIN	A	0	0	0
H5B-O-06-01#s100r003	16	0	0	0	0	ABSTAIN	A	0	0	0
H5B-O-06-02#s100r003	16	0	0	0	0	ABSTAIN	A	0	0	0
H5B-O-06-03#s100r003	16	0	0	0	0	ABSTAIN	A	0	0	0
H5B-O-06-04#s100r003	16	0	0	0	0	ABSTAIN	A	0	0	0
H5B-O-06-05#s100r003	16	0	0	0	0	ABSTAIN	A	0	0	0
H5B-O-06-06#s100r003	16	0	0	0	0	ABSTAIN	A	0	0	0
H5B-O-06-07#s100r003	16	0	0	0	0	ABSTAIN	A	0	0	0
H5B-O-06-08#s100r003	16	0	0	0	0	ABSTAIN	A	0	0	0
H5B-O-06-09#s100r003	16	0	0	0	0	ABSTAIN	A	0	0	0
H5B-O-12-00#s100r003	16	0	0	0	0	ABSTAIN	A	0	0	0
H5B-O-12-01#s100r003	16	0	0	0	0	ABSTAIN	A	0	0	0
H5B-O-12-02#s100r003	16	0	0	0	0	ABSTAIN	A	0	0	0
H5B-O-12-03#s100r003	16	0	0	0	0	ABSTAIN	A	0	0	0
H5B-O-12-04#s100r003	16	0	0	0	0	ABSTAIN	A	0	0	0
H5B-O-12-05#s100r003	16	0	0	0	0	ABSTAIN	A	0	0	0
H5B-O-12-06#s100r003	16	0	0	0	0	ABSTAIN	A	0	0	0
H5B-O-12-07#s100r003	16	0	0	0	0	ABSTAIN	A	0	0	0
H5B-O-12-08#s100r003	16	0	0	0	0	ABSTAIN	A	0	0	0
H5B-O-12-09#s100r003	16	0	0	0	0	ABSTAIN	A	0	0	0
H5B-O-20-00#s100r003	16	0	0	0	0	RELEASE	1	652	0	0
H5B-O-20-01#s100r003	16	0	0	0	0	RELEASE	1	482	0	0
H5B-O-20-02#s100r003	16	0	0	0	0	RELEASE	1	654	0	0
H5B-O-20-03#s100r003	16	0	0	0	0	RELEASE	1	488	0	0
H5B-O-20-04#s100r003	16	0	0	0	0	RELEASE	1	657	0	0
H5B-O-20-05#s100r003	16	0	0	0	0	RELEASE	1	658	0	0
H5B-O-20-06#s100r003	16	0	0	0	0	RELEASE	1	493	0	0
H5B-O-20-07#s100r003	16	0	0	0	0	RELEASE	1	660	0	0
H5B-O-20-08#s100r003	16	0	0	0	0	RELEASE	1	498	0	0
H5B-O-20-09#s100r003	16	0	0	0	0	RELEASE	1	662	0	0
H5B-O-40-00#s100r003	16	0	0	0	0	RELEASE	1	643	0	0
H5B-O-40-01#s100r003	16	0	0	0	0	RELEASE	1	504	0	0
H5B-O-40-02#s100r003	16	0	0	0	0	RELEASE	1	645	0	0
H5B-O-40-03#s100r003	16	0	0	0	0	RELEASE	1	509	0	0
H5B-O-40-04#s100r003	16	0	0	0	0	RELEASE	1	647	0	0
H5B-O-40-05#s100r003	16	0	0	0	0	RELEASE	1	648	0	0
H5B-O-40-06#s100r003	16	0	0	0	0	RELEASE	1	514	0	0
H5B-O-40-07#s100r003	16	0	0	0	0	RELEASE	1	650	0	0
H5B-O-40-08#s100r003	16	0	0	0	0	RELEASE	1	519	0	0
H5B-O-40-09#s100r003	16	0	0	0	0	RELEASE	1	652	0	0
H5B-D-0-00#s100r003	16	0	0	0	0	RELEASE	1	708	0	0
H5B-D-0-01#s100r003	16	0	0	0	0	RELEASE	1	709	0	0
H5B-D-0-02#s100r003	16	0	0	0	0	RELEASE	1	711	0	0
H5B-D-0-03#s100r003	16	0	0	0	0	RELEASE	1	712	0	0
H5B-D-0-04#s100r003	16	0	0	0	0	RELEASE	1	713	0	0
H5B-D-0-05#s100r003	16	0	0	0	0	RELEASE	1	715	0	0
H5B-D-0-06#s100r003	16	0	0	0	0	RELEASE	1	716	0	0
H5B-D-0-07#s100r003	16	0	0	0	0	RELEASE	1	717	0	0
H5B-D-0-08#s100r003	16	0	0	0	0	RELEASE	1	719	0	0
H5B-D-0-09#s100r003	16	0	0	0	0	RELEASE	1	720	0	0
H5B-D-1-00#s100r003	16	0	0	0	0	ABSTAIN	A	0	0	0
H5B-D-1-01#s100r003	16	0	0	0	0	ABSTAIN	A	0	0	0
H5B-D-1-02#s100r003	16	0	0	0	0	ABSTAIN	A	0	0	0
H5B-D-1-03#s100r003	16	0	0	0	0	ABSTAIN	A	0	0	0
H5B-D-1-04#s100r003	16	0	0	0	0	ABSTAIN	A	0	0	0
H5B-D-1-05#s100r003	16	0	0	0	0	ABSTAIN	A	0	0	0
H5B-D-1-06#s100r003	16	0	0	0	0	ABSTAIN	A	0	0	0
H5B-D-1-07#s100r003	16	0	0	0	0	ABSTAIN	A	0	0	0
H5B-D-1-08#s100r003	16	0	0	0	0	ABSTAIN	A	0	0	0
H5B-D-1-09#s100r003	16	0	0	0	0	ABSTAIN	A	0	0	0
H5B-D-2-00#s100r003	16	0	0	0	0	ABSTAIN	A	0	0	0
H5B-D-2-01#s100r003	16	0	0	0	0	ABSTAIN	A	0	0	0
H5B-D-2-02#s100r003	16	0	0	0	0	ABSTAIN	A	0	0	0
H5B-D-2-03#s100r003	16	0	0	0	0	ABSTAIN	A	0	0	0
H5B-D-2-04#s100r003	16	0	0	0	0	ABSTAIN	A	0	0	0
H5B-D-2-05#s100r003	16	0	0	0	0	ABSTAIN	A	0	0	0
H5B-D-2-06#s100r003	16	0	0	0	0	ABSTAIN	A	0	0	0
H5B-D-2-07#s100r003	16	0	0	0	0	ABSTAIN	A	0	0	0
H5B-D-2-08#s100r003	16	0	0	0	0	ABSTAIN	A	0	0	0
H5B-D-2-09#s100r003	16	0	0	0	0	ABSTAIN	A	0	0	0
H5B-D-6-00#s100r003	16	0	0	0	0	ABSTAIN	A	0	0	0
H5B-D-6-01#s100r003	16	0	0	0	0	ABSTAIN	A	0	0	0
H5B-D-6-02#s100r003	16	0	0	0	0	ABSTAIN	A	0	0	0
H5B-D-6-03#s100r003	16	0	0	0	0	ABSTAIN	A	0	0	0
H5B-D-6-04#s100r003	16	0	0	0	0	ABSTAIN	A	0	0	0
H5B-D-6-05#s100r003	16	0	0	0	0	ABSTAIN	A	0	0	0
H5B-D-6-06#s100r003	16	0	0	0	0	ABSTAIN	A	0	0	0
H5B-D-6-07#s100r003	16	0	0	0	0	ABSTAIN	A	0	0	0
H5B-D-6-08#s100r003	16	0	0	0	0	ABSTAIN	A	0	0	0
H5B-D-6-09#s100r003	16	0	0	0	0	ABSTAIN	A	0	0	0
H5B-P-06-00#s100r004	16	0	0	0	0	ABSTAIN	A	0	0	0
H5B-P-06-01#s100r004	16	0	0	0	0	ABSTAIN	A	0	0	0
H5B-P-06-02#s100r004	16	0	0	0	0	ABSTAIN	A	0	0	0
H5B-P-06-03#s100r004	16	0	0	0	0	ABSTAIN	A	0	0	0
H5B-P-06-04#s100r004	16	0	0	0	0	ABSTAIN	A	0	0	0
H5B-P-06-05#s100r004	16	0	0	0	0	ABSTAIN	A	0	0	0
H5B-P-06-06#s100r004	16	0	0	0	0	ABSTAIN	A	0	0	0
H5B-P-06-07#s100r004	16	0	0	0	0	ABSTAIN	A	0	0	0
H5B-P-06-08#s100r004	16	0	0	0	0	ABSTAIN	A	0	0	0
H5B-P-06-09#s100r004	16	0	0	0	0	ABSTAIN	A	0	0	0
H5B-P-12-00#s100r004	16	0	0	0	0	ABSTAIN	A	0	0	0
H5B-P-12-01#s100r004	16	0	0	0	0	ABSTAIN	A	0	0	0
H5B-P-12-02#s100r004	16	0	0	0	0	ABSTAIN	A	0	0	0
H5B-P-12-03#s100r004	16	0	0	0	0	ABSTAIN	A	0	0	0
H5B-P-12-04#s100r004	16	0	0	0	0	ABSTAIN	A	0	0	0
H5B-P-12-05#s100r004	16	0	0	0	0	ABSTAIN	A	0	0	0
H5B-P-12-06#s100r004	16	0	0	0	0	ABSTAIN	A	0	0	0
H5B-P-12-07#s100r004	16	0	0	0	0	ABSTAIN	A	0	0	0
H5B-P-12-08#s100r004	16	0	0	0	0	ABSTAIN	A	0	0	0
H5B-P-12-09#s100r004	16	0	0	0	0	ABSTAIN	A	0	0	0
H5B-P-20-00#s100r004	16	0	0	0	0	RELEASE	0	0	0	0
H5B-P-20-01#s100r004	16	0	0	0	0	RELEASE	0	0	0	0
H5B-P-20-02#s100r004	16	0	0	0	0	RELEASE	0	0	0	0
H5B-P-20-03#s100r004	16	0	0	0	0	RELEASE	0	0	0	0
H5B-P-20-04#s100r004	16	0	0	0	0	RELEASE	0	0	0	0
H5B-P-20-05#s100r004	16	0	0	0	0	RELEASE	0	0	0	0
H5B-P-20-06#s100r004	16	0	0	0	0	RELEASE	0	0	0	0
H5B-P-20-07#s100r004	16	0	0	0	0	RELEASE	0	0	0	0
H5B-P-20-08#s100r004	16	0	0	0	0	RELEASE	0	0	0	0
H5B-P-20-09#s100r004	16	0	0	0	0	RELEASE	0	0	0	0
H5B-P-40-00#s100r004	16	0	0	0	0	RELEASE	0	0	0	0
H5B-P-40-01#s100r004	16	0	0	0	0	RELEASE	0	0	0	0
H5B-P-40-02#s100r004	16	0	0	0	0	RELEASE	0	0	0	0
H5B-P-40-03#s100r004	16	0	0	0	0	RELEASE	0	0	0	0
H5B-P-40-04#s100r004	16	0	0	0	0	RELEASE	0	0	0	0
H5B-P-40-05#s100r004	16	0	0	0	0	RELEASE	0	0	0	0
H5B-P-40-06#s100r004	16	0	0	0	0	RELEASE	0	0	0	0
H5B-P-40-07#s100r004	16	0	0	0	0	RELEASE	0	0	0	0
H5B-P-40-08#s100r004	16	0	0	0	0	RELEASE	0	0	0	0
H5B-P-40-09#s100r004	16	0	0	0	0	RELEASE	0	0	0	0
H5B-O-06-00#s100r004	16	0	0	0	0	ABSTAIN	A	0	0	0
H5B-O-06-01#s100r004	16	0	0	0	0	ABSTAIN	A	0	0	0
H5B-O-06-02#s100r004	16	0	0	0	0	ABSTAIN	A	0	0	0
H5B-O-06-03#s100r004	16	0	0	0	0	ABSTAIN	A	0	0	0
H5B-O-06-04#s100r004	16	0	0	0	0	ABSTAIN	A	0	0	0
H5B-O-06-05#s100r004	16	0	0	0	0	ABSTAIN	A	0	0	0
H5B-O-06-06#s100r004	16	0	0	0	0	ABSTAIN	A	0	0	0
H5B-O-06-07#s100r004	16	0	0	0	0	ABSTAIN	A	0	0	0
H5B-O-06-08#s100r004	16	0	0	0	0	ABSTAIN	A	0	0	0
H5B-O-06-09#s100r004	16	0	0	0	0	ABSTAIN	A	0	0	0
H5B-O-12-00#s100r004	16	0	0	0	0	ABSTAIN	A	0	0	0
H5B-O-12-01#s100r004	16	0	0	0	0	ABSTAIN	A	0	0	0
H5B-O-12-02#s100r004	16	0	0	0	0	ABSTAIN	A	0	0	0
H5B-O-12-03#s100r004	16	0	0	0	0	ABSTAIN	A	0	0	0
H5B-O-12-04#s100r004	16	0	0	0	0	ABSTAIN	A	0	0	0
H5B-O-12-05#s100r004	16	0	0	0	0	ABSTAIN	A	0	0	0
H5B-O-12-06#s100r004	16	0	0	0	0	ABSTAIN	A	0	0	0
H5B-O-12-07#s100r004	16	0	0	0	0	ABSTAIN	A	0	0	0
H5B-O-12-08#s100r004	16	0	0	0	0	ABSTAIN	A	0	0	0
H5B-O-12-09#s100r004	16	0	0	0	0	ABSTAIN	A	0	0	0
H5B-O-20-00#s100r004	16	0	0	0	0	RELEASE	1	652	0	0
H5B-O-20-01#s100r004	16	0	0	0	0	RELEASE	1	491	0	0
H5B-O-20-02#s100r004	16	0	0	0	0	RELEASE	1	654	0	0
H5B-O-20-03#s100r004	16	0	0	0	0	RELEASE	1	495	0	0
H5B-O-20-04#s100r004	16	0	0	0	0	RELEASE	1	655	0	0
H5B-O-20-05#s100r004	16	0	0	0	0	RELEASE	1	656	0	0
H5B-O-20-06#s100r004	16	0	0	0	0	RELEASE	1	499	0	0
H5B-O-20-07#s100r004	16	0	0	0	0	RELEASE	1	658	0	0
H5B-O-20-08#s100r004	16	0	0	0	0	RELEASE	1	503	0	0
H5B-O-20-09#s100r004	16	0	0	0	0	RELEASE	1	659	0	0
H5B-O-40-00#s100r004	16	0	0	0	0	RELEASE	1	645	0	0
H5B-O-40-01#s100r004	16	0	0	0	0	RELEASE	1	506	0	0
H5B-O-40-02#s100r004	16	0	0	0	0	RELEASE	1	647	0	0
H5B-O-40-03#s100r004	16	0	0	0	0	RELEASE	1	510	0	0
H5B-O-40-04#s100r004	16	0	0	0	0	RELEASE	1	648	0	0
H5B-O-40-05#s100r004	16	0	0	0	0	RELEASE	1	649	0	0
H5B-O-40-06#s100r004	16	0	0	0	0	RELEASE	1	514	0	0
H5B-O-40-07#s100r004	16	0	0	0	0	RELEASE	1	651	0	0
H5B-O-40-08#s100r004	16	0	0	0	0	RELEASE	1	518	0	0
H5B-O-40-09#s100r004	16	0	0	0	0	RELEASE	1	652	0	0
H5B-D-0-00#s100r004	16	0	0	0	0	RELEASE	1	693	0	0
H5B-D-0-01#s100r004	16	0	0	0	0	RELEASE	1	694	0	0
H5B-D-0-02#s100r004	16	0	0	0	0	RELEASE	1	695	0	0
H5B-D-0-03#s100r004	16	0	0	0	0	RELEASE	1	696	0	0
H5B-D-0-04#s100r004	16	0	0	0	0	RELEASE	1	697	0	0
H5B-D-0-05#s100r004	16	0	0	0	0	RELEASE	1	698	0	0
H5B-D-0-06#s100r004	16	0	0	0	0	RELEASE	1	699	0	0
H5B-D-0-07#s100r004	16	0	0	0	0	RELEASE	1	700	0	0
H5B-D-0-08#s100r004	16	0	0	0	0	RELEASE	1	701	0	0
H5B-D-0-09#s100r004	16	0	0	0	0	RELEASE	1	702	0	0
H5B-D-1-00#s100r004	16	0	0	0	0	ABSTAIN	A	0	0	0
H5B-D-1-01#s100r004	16	0	0	0	0	ABSTAIN	A	0	0	0
H5B-D-1-02#s100r004	16	0	0	0	0	ABSTAIN	A	0	0	0
H5B-D-1-03#s100r004	16	0	0	0	0	ABSTAIN	A	0	0	0
H5B-D-1-04#s100r004	16	0	0	0	0	ABSTAIN	A	0	0	0
H5B-D-1-05#s100r004	16	0	0	0	0	ABSTAIN	A	0	0	0
H5B-D-1-06#s100r004	16	0	0	0	0	ABSTAIN	A	0	0	0
H5B-D-1-07#s100r004	16	0	0	0	0	ABSTAIN	A	0	0	0
H5B-D-1-08#s100r004	16	0	0	0	0	ABSTAIN	A	0	0	0
H5B-D-1-09#s100r004	16	0	0	0	0	ABSTAIN	A	0	0	0
H5B-D-2-00#s100r004	16	0	0	0	0	ABSTAIN	A	0	0	0
H5B-D-2-01#s100r004	16	0	0	0	0	ABSTAIN	A	0	0	0
H5B-D-2-02#s100r004	16	0	0	0	0	ABSTAIN	A	0	0	0
H5B-D-2-03#s100r004	16	0	0	0	0	ABSTAIN	A	0	0	0
H5B-D-2-04#s100r004	16	0	0	0	0	ABSTAIN	A	0	0	0
H5B-D-2-05#s100r004	16	0	0	0	0	ABSTAIN	A	0	0	0
H5B-D-2-06#s100r004	16	0	0	0	0	ABSTAIN	A	0	0	0
H5B-D-2-07#s100r004	16	0	0	0	0	ABSTAIN	A	0	0	0
H5B-D-2-08#s100r004	16	0	0	0	0	ABSTAIN	A	0	0	0
H5B-D-2-09#s100r004	16	0	0	0	0	ABSTAIN	A	0	0	0
H5B-D-6-00#s100r004	16	0	0	0	0	ABSTAIN	A	0	0	0
H5B-D-6-01#s100r004	16	0	0	0	0	ABSTAIN	A	0	0	0
H5B-D-6-02#s100r004	16	0	0	0	0	ABSTAIN	A	0	0	0
H5B-D-6-03#s100r004	16	0	0	0	0	ABSTAIN	A	0	0	0
H5B-D-6-04#s100r004	16	0	0	0	0	ABSTAIN	A	0	0	0
H5B-D-6-05#s100r004	16	0	0	0	0	ABSTAIN	A	0	0	0
H5B-D-6-06#s100r004	16	0	0	0	0	ABSTAIN	A	0	0	0
H5B-D-6-07#s100r004	16	0	0	0	0	ABSTAIN	A	0	0	0
H5B-D-6-08#s100r004	16	0	0	0	0	ABSTAIN	A	0	0	0
H5B-D-6-09#s100r004	16	0	0	0	0	ABSTAIN	A	0	0	0
H5B-P-06-00#s100r005	16	0	0	0	0	ABSTAIN	A	0	0	0
H5B-P-06-01#s100r005	16	0	0	0	0	ABSTAIN	A	0	0	0
H5B-P-06-02#s100r005	16	0	0	0	0	ABSTAIN	A	0	0	0
H5B-P-06-03#s100r005	16	0	0	0	0	ABSTAIN	A	0	0	0
H5B-P-06-04#s100r005	16	0	0	0	0	ABSTAIN	A	0	0	0
H5B-P-06-05#s100r005	16	0	0	0	0	ABSTAIN	A	0	0	0
H5B-P-06-06#s100r005	16	0	0	0	0	ABSTAIN	A	0	0	0
H5B-P-06-07#s100r005	16	0	0	0	0	ABSTAIN	A	0	0	0
H5B-P-06-08#s100r005	16	0	0	0	0	ABSTAIN	A	0	0	0
H5B-P-06-09#s100r005	16	0	0	0	0	ABSTAIN	A	0	0	0
H5B-P-12-00#s100r005	16	0	0	0	0	ABSTAIN	A	0	0	0
H5B-P-12-01#s100r005	16	0	0	0	0	ABSTAIN	A	0	0	0
H5B-P-12-02#s100r005	16	0	0	0	0	ABSTAIN	A	0	0	0
H5B-P-12-03#s100r005	16	0	0	0	0	ABSTAIN	A	0	0	0
H5B-P-12-04#s100r005	16	0	0	0	0	ABSTAIN	A	0	0	0
H5B-P-12-05#s100r005	16	0	0	0	0	ABSTAIN	A	0	0	0
H5B-P-12-06#s100r005	16	0	0	0	0	ABSTAIN	A	0	0	0
H5B-P-12-07#s100r005	16	0	0	0	0	ABSTAIN	A	0	0	0
H5B-P-12-08#s100r005	16	0	0	0	0	ABSTAIN	A	0	0	0
H5B-P-12-09#s100r005	16	0	0	0	0	ABSTAIN	A	0	0	0
H5B-P-20-00#s100r005	16	0	0	0	0	RELEASE	0	0	0	0
H5B-P-20-01#s100r005	16	0	0	0	0	RELEASE	0	0	0	0
H5B-P-20-02#s100r005	16	0	0	0	0	RELEASE	0	0	0	0
H5B-P-20-03#s100r005	16	0	0	0	0	RELEASE	0	0	0	0
H5B-P-20-04#s100r005	16	0	0	0	0	RELEASE	0	0	0	0
H5B-P-20-05#s100r005	16	0	0	0	0	RELEASE	0	0	0	0
H5B-P-20-06#s100r005	16	0	0	0	0	RELEASE	0	0	0	0
H5B-P-20-07#s100r005	16	0	0	0	0	RELEASE	0	0	0	0
H5B-P-20-08#s100r005	16	0	0	0	0	RELEASE	0	0	0	0
H5B-P-20-09#s100r005	16	0	0	0	0	RELEASE	0	0	0	0
H5B-P-40-00#s100r005	16	0	0	0	0	RELEASE	0	0	0	0
H5B-P-40-01#s100r005	16	0	0	0	0	RELEASE	0	0	0	0
H5B-P-40-02#s100r005	16	0	0	0	0	RELEASE	0	0	0	0
H5B-P-40-03#s100r005	16	0	0	0	0	RELEASE	0	0	0	0
H5B-P-40-04#s100r005	16	0	0	0	0	RELEASE	0	0	0	0
H5B-P-40-05#s100r005	16	0	0	0	0	RELEASE	0	0	0	0
H5B-P-40-06#s100r005	16	0	0	0	0	RELEASE	0	0	0	0
H5B-P-40-07#s100r005	16	0	0	0	0	RELEASE	0	0	0	0
H5B-P-40-08#s100r005	16	0	0	0	0	RELEASE	0	0	0	0
H5B-P-40-09#s100r005	16	0	0	0	0	RELEASE	0	0	0	0
H5B-O-06-00#s100r005	16	0	0	0	0	ABSTAIN	A	0	0	0
H5B-O-06-01#s100r005	16	0	0	0	0	ABSTAIN	A	0	0	0
H5B-O-06-02#s100r005	16	0	0	0	0	ABSTAIN	A	0	0	0
H5B-O-06-03#s100r005	16	0	0	0	0	ABSTAIN	A	0	0	0
H5B-O-06-04#s100r005	16	0	0	0	0	ABSTAIN	A	0	0	0
H5B-O-06-05#s100r005	16	0	0	0	0	ABSTAIN	A	0	0	0
H5B-O-06-06#s100r005	16	0	0	0	0	ABSTAIN	A	0	0	0
H5B-O-06-07#s100r005	16	0	0	0	0	ABSTAIN	A	0	0	0
H5B-O-06-08#s100r005	16	0	0	0	0	ABSTAIN	A	0	0	0
H5B-O-06-09#s100r005	16	0	0	0	0	ABSTAIN	A	0	0	0
H5B-O-12-00#s100r005	16	0	0	0	0	ABSTAIN	A	0	0	0
H5B-O-12-01#s100r005	16	0	0	0	0	ABSTAIN	A	0	0	0
H5B-O-12-02#s100r005	16	0	0	0	0	ABSTAIN	A	0	0	0
H5B-O-12-03#s100r005	16	0	0	0	0	ABSTAIN	A	0	0	0
H5B-O-12-04#s100r005	16	0	0	0	0	ABSTAIN	A	0	0	0
H5B-O-12-05#s100r005	16	0	0	0	0	ABSTAIN	A	0	0	0
H5B-O-12-06#s100r005	16	0	0	0	0	ABSTAIN	A	0	0	0
H5B-O-12-07#s100r005	16	0	0	0	0	ABSTAIN	A	0	0	0
H5B-O-12-08#s100r005	16	0	0	0	0	ABSTAIN	A	0	0	0
H5B-O-12-09#s100r005	16	0	0	0	0	ABSTAIN	A	0	0	0
H5B-O-20-00#s100r005	16	0	0	0	0	RELEASE	1	652	0	0
H5B-O-20-01#s100r005	16	0	0	0	0	RELEASE	1	496	0	0
H5B-O-20-02#s100r005	16	0	0	0	0	RELEASE	1	653	0	0
H5B-O-20-03#s100r005	16	0	0	0	0	RELEASE	1	499	0	0
H5B-O-20-04#s100r005	16	0	0	0	0	RELEASE	1	654	0	0
H5B-O-20-05#s100r005	16	0	0	0	0	RELEASE	1	655	0	0
H5B-O-20-06#s100r005	16	0	0	0	0	RELEASE	1	502	0	0
H5B-O-20-07#s100r005	16	0	0	0	0	RELEASE	1	656	0	0
H5B-O-20-08#s100r005	16	0	0	0	0	RELEASE	1	505	0	0
H5B-O-20-09#s100r005	16	0	0	0	0	RELEASE	1	658	0	0
H5B-O-40-00#s100r005	16	0	0	0	0	RELEASE	1	647	0	0
H5B-O-40-01#s100r005	16	0	0	0	0	RELEASE	1	508	0	0
H5B-O-40-02#s100r005	16	0	0	0	0	RELEASE	1	648	0	0
H5B-O-40-03#s100r005	16	0	0	0	0	RELEASE	1	511	0	0
H5B-O-40-04#s100r005	16	0	0	0	0	RELEASE	1	649	0	0
H5B-O-40-05#s100r005	16	0	0	0	0	RELEASE	1	650	0	0
H5B-O-40-06#s100r005	16	0	0	0	0	RELEASE	1	514	0	0
H5B-O-40-07#s100r005	16	0	0	0	0	RELEASE	1	651	0	0
H5B-O-40-08#s100r005	16	0	0	0	0	RELEASE	1	517	0	0
H5B-O-40-09#s100r005	16	0	0	0	0	RELEASE	1	652	0	0
H5B-D-0-00#s100r005	16	0	0	0	0	RELEASE	1	685	0	0
H5B-D-0-01#s100r005	16	0	0	0	0	RELEASE	1	686	0	0
H5B-D-0-02#s100r005	16	0	0	0	0	RELEASE	1	687	0	0
H5B-D-0-03#s100r005	16	0	0	0	0	RELEASE	1	688	0	0
H5B-D-0-04#s100r005	16	0	0	0	0	RELEASE	1	688	0	0
H5B-D-0-05#s100r005	16	0	0	0	0	RELEASE	1	689	0	0
H5B-D-0-06#s100r005	16	0	0	0	0	RELEASE	1	690	0	0
H5B-D-0-07#s100r005	16	0	0	0	0	RELEASE	1	691	0	0
H5B-D-0-08#s100r005	16	0	0	0	0	RELEASE	1	692	0	0
H5B-D-0-09#s100r005	16	0	0	0	0	RELEASE	1	692	0	0
H5B-D-1-00#s100r005	16	0	0	0	0	ABSTAIN	A	0	0	0
H5B-D-1-01#s100r005	16	0	0	0	0	ABSTAIN	A	0	0	0
H5B-D-1-02#s100r005	16	0	0	0	0	ABSTAIN	A	0	0	0
H5B-D-1-03#s100r005	16	0	0	0	0	ABSTAIN	A	0	0	0
H5B-D-1-04#s100r005	16	0	0	0	0	ABSTAIN	A	0	0	0
H5B-D-1-05#s100r005	16	0	0	0	0	ABSTAIN	A	0	0	0
H5B-D-1-06#s100r005	16	0	0	0	0	ABSTAIN	A	0	0	0
H5B-D-1-07#s100r005	16	0	0	0	0	ABSTAIN	A	0	0	0
H5B-D-1-08#s100r005	16	0	0	0	0	ABSTAIN	A	0	0	0
H5B-D-1-09#s100r005	16	0	0	0	0	ABSTAIN	A	0	0	0
H5B-D-2-00#s100r005	16	0	0	0	0	ABSTAIN	A	0	0	0
H5B-D-2-01#s100r005	16	0	0	0	0	ABSTAIN	A	0	0	0
H5B-D-2-02#s100r005	16	0	0	0	0	ABSTAIN	A	0	0	0
H5B-D-2-03#s100r005	16	0	0	0	0	ABSTAIN	A	0	0	0
H5B-D-2-04#s100r005	16	0	0	0	0	ABSTAIN	A	0	0	0
H5B-D-2-05#s100r005	16	0	0	0	0	ABSTAIN	A	0	0	0
H5B-D-2-06#s100r005	16	0	0	0	0	ABSTAIN	A	0	0	0
H5B-D-2-07#s100r005	16	0	0	0	0	ABSTAIN	A	0	0	0
H5B-D-2-08#s100r005	16	0	0	0	0	ABSTAIN	A	0	0	0
H5B-D-2-09#s100r005	16	0	0	0	0	ABSTAIN	A	0	0	0
H5B-D-6-00#s100r005	16	0	0	0	0	ABSTAIN	A	0	0	0
H5B-D-6-01#s100r005	16	0	0	0	0	ABSTAIN	A	0	0	0
H5B-D-6-02#s100r005	16	0	0	0	0	ABSTAIN	A	0	0	0
H5B-D-6-03#s100r005	16	0	0	0	0	ABSTAIN	A	0	0	0
H5B-D-6-04#s100r005	16	0	0	0	0	ABSTAIN	A	0	0	0
H5B-D-6-05#s100r005	16	0	0	0	0	ABSTAIN	A	0	0	0
H5B-D-6-06#s100r005	16	0	0	0	0	ABSTAIN	A	0	0	0
H5B-D-6-07#s100r005	16	0	0	0	0	ABSTAIN	A	0	0	0
H5B-D-6-08#s100r005	16	0	0	0	0	ABSTAIN	A	0	0	0
H5B-D-6-09#s100r005	16	0	0	0	0	ABSTAIN	A	0	0	0
H5B-P-06-00#s100r006	16	0	0	0	0	ABSTAIN	A	0	0	0
H5B-P-06-01#s100r006	16	0	0	0	0	ABSTAIN	A	0	0	0
H5B-P-06-02#s100r006	16	0	0	0	0	ABSTAIN	A	0	0	0
H5B-P-06-03#s100r006	16	0	0	0	0	ABSTAIN	A	0	0	0
H5B-P-06-04#s100r006	16	0	0	0	0	ABSTAIN	A	0	0	0
H5B-P-06-05#s100r006	16	0	0	0	0	ABSTAIN	A	0	0	0
H5B-P-06-06#s100r006	16	0	0	0	0	ABSTAIN	A	0	0	0
H5B-P-06-07#s100r006	16	0	0	0	0	ABSTAIN	A	0	0	0
H5B-P-06-08#s100r006	16	0	0	0	0	ABSTAIN	A	0	0	0
H5B-P-06-09#s100r006	16	0	0	0	0	ABSTAIN	A	0	0	0
H5B-P-12-00#s100r006	16	0	0	0	0	ABSTAIN	A	0	0	0
H5B-P-12-01#s100r006	16	0	0	0	0	ABSTAIN	A	0	0	0
H5B-P-12-02#s100r006	16	0	0	0	0	ABSTAIN	A	0	0	0
H5B-P-12-03#s100r006	16	0	0	0	0	ABSTAIN	A	0	0	0
H5B-P-12-04#s100r006	16	0	0	0	0	ABSTAIN	A	0	0	0
H5B-P-12-05#s100r006	16	0	0	0	0	ABSTAIN	A	0	0	0
H5B-P-12-06#s100r006	16	0	0	0	0	ABSTAIN	A	0	0	0
H5B-P-12-07#s100r006	16	0	0	0	0	ABSTAIN	A	0	0	0
H5B-P-12-08#s100r006	16	0	0	0	0	ABSTAIN	A	0	0	0
H5B-P-12-09#s100r006	16	0	0	0	0	ABSTAIN	A	0	0	0
H5B-P-20-00#s100r006	16	0	0	0	0	RELEASE	0	0	0	0
H5B-P-20-01#s100r006	16	0	0	0	0	RELEASE	0	0	0	0
H5B-P-20-02#s100r006	16	0	0	0	0	RELEASE	0	0	0	0
H5B-P-20-03#s100r006	16	0	0	0	0	RELEASE	0	0	0	0
H5B-P-20-04#s100r006	16	0	0	0	0	RELEASE	0	0	0	0
H5B-P-20-05#s100r006	16	0	0	0	0	RELEASE	0	0	0	0
H5B-P-20-06#s100r006	16	0	0	0	0	RELEASE	0	0	0	0
H5B-P-20-07#s100r006	16	0	0	0	0	RELEASE	0	0	0	0
H5B-P-20-08#s100r006	16	0	0	0	0	RELEASE	0	0	0	0
H5B-P-20-09#s100r006	16	0	0	0	0	RELEASE	0	0	0	0
H5B-P-40-00#s100r006	16	0	0	0	0	RELEASE	0	0	0	0
H5B-P-40-01#s100r006	16	0	0	0	0	RELEASE	0	0	0	0
H5B-P-40-02#s100r006	16	0	0	0	0	RELEASE	0	0	0	0
H5B-P-40-03#s100r006	16	0	0	0	0	RELEASE	0	0	0	0
H5B-P-40-04#s100r006	16	0	0	0	0	RELEASE	0	0	0	0
H5B-P-40-05#s100r006	16	0	0	0	0	RELEASE	0	0	0	0
H5B-P-40-06#s100r006	16	0	0	0	0	RELEASE	0	0	0	0
H5B-P-40-07#s100r006	16	0	0	0	0	RELEASE	0	0	0	0
H5B-P-40-08#s100r006	16	0	0	0	0	RELEASE	0	0	0	0
H5B-P-40-09#s100r006	16	0	0	0	0	RELEASE	0	0	0	0
H5B-O-06-00#s100r006	16	0	0	0	0	ABSTAIN	A	0	0	0
H5B-O-06-01#s100r006	16	0	0	0	0	ABSTAIN	A	0	0	0
H5B-O-06-02#s100r006	16	0	0	0	0	ABSTAIN	A	0	0	0
H5B-O-06-03#s100r006	16	0	0	0	0	ABSTAIN	A	0	0	0
H5B-O-06-04#s100r006	16	0	0	0	0	ABSTAIN	A	0	0	0
H5B-O-06-05#s100r006	16	0	0	0	0	ABSTAIN	A	0	0	0
H5B-O-06-06#s100r006	16	0	0	0	0	ABSTAIN	A	0	0	0
H5B-O-06-07#s100r006	16	0	0	0	0	ABSTAIN	A	0	0	0
H5B-O-06-08#s100r006	16	0	0	0	0	ABSTAIN	A	0	0	0
H5B-O-06-09#s100r006	16	0	0	0	0	ABSTAIN	A	0	0	0
H5B-O-12-00#s100r006	16	0	0	0	0	ABSTAIN	A	0	0	0
H5B-O-12-01#s100r006	16	0	0	0	0	ABSTAIN	A	0	0	0
H5B-O-12-02#s100r006	16	0	0	0	0	ABSTAIN	A	0	0	0
H5B-O-12-03#s100r006	16	0	0	0	0	ABSTAIN	A	0	0	0
H5B-O-12-04#s100r006	16	0	0	0	0	ABSTAIN	A	0	0	0
H5B-O-12-05#s100r006	16	0	0	0	0	ABSTAIN	A	0	0	0
H5B-O-12-06#s100r006	16	0	0	0	0	ABSTAIN	A	0	0	0
H5B-O-12-07#s100r006	16	0	0	0	0	ABSTAIN	A	0	0	0
H5B-O-12-08#s100r006	16	0	0	0	0	ABSTAIN	A	0	0	0
H5B-O-12-09#s100r006	16	0	0	0	0	ABSTAIN	A	0	0	0
H5B-O-20-00#s100r006	16	0	0	0	0	RELEASE	1	652	0	0
H5B-O-20-01#s100r006	16	0	0	0	0	RELEASE	1	499	0	0
H5B-O-20-02#s100r006	16	0	0	0	0	RELEASE	1	653	0	0
H5B-O-20-03#s100r006	16	0	0	0	0	RELEASE	1	502	0	0
H5B-O-20-04#s100r006	16	0	0	0	0	RELEASE	1	654	0	0
H5B-O-20-05#s100r006	16	0	0	0	0	RELEASE	1	655	0	0
H5B-O-20-06#s100r006	16	0	0	0	0	RELEASE	1	504	0	0
H5B-O-20-07#s100r006	16	0	0	0	0	RELEASE	1	656	0	0
H5B-O-20-08#s100r006	16	0	0	0	0	RELEASE	1	507	0	0
H5B-O-20-09#s100r006	16	0	0	0	0	RELEASE	1	657	0	0
H5B-O-40-00#s100r006	16	0	0	0	0	RELEASE	1	647	0	0
H5B-O-40-01#s100r006	16	0	0	0	0	RELEASE	1	509	0	0
H5B-O-40-02#s100r006	16	0	0	0	0	RELEASE	1	648	0	0
H5B-O-40-03#s100r006	16	0	0	0	0	RELEASE	1	512	0	0
H5B-O-40-04#s100r006	16	0	0	0	0	RELEASE	1	650	0	0
H5B-O-40-05#s100r006	16	0	0	0	0	RELEASE	1	650	0	0
H5B-O-40-06#s100r006	16	0	0	0	0	RELEASE	1	514	0	0
H5B-O-40-07#s100r006	16	0	0	0	0	RELEASE	1	651	0	0
H5B-O-40-08#s100r006	16	0	0	0	0	RELEASE	1	517	0	0
H5B-O-40-09#s100r006	16	0	0	0	0	RELEASE	1	652	0	0
H5B-D-0-00#s100r006	16	0	0	0	0	RELEASE	1	680	0	0
H5B-D-0-01#s100r006	16	0	0	0	0	RELEASE	1	681	0	0
H5B-D-0-02#s100r006	16	0	0	0	0	RELEASE	1	681	0	0
H5B-D-0-03#s100r006	16	0	0	0	0	RELEASE	1	682	0	0
H5B-D-0-04#s100r006	16	0	0	0	0	RELEASE	1	683	0	0
H5B-D-0-05#s100r006	16	0	0	0	0	RELEASE	1	684	0	0
H5B-D-0-06#s100r006	16	0	0	0	0	RELEASE	1	684	0	0
H5B-D-0-07#s100r006	16	0	0	0	0	RELEASE	1	685	0	0
H5B-D-0-08#s100r006	16	0	0	0	0	RELEASE	1	685	0	0
H5B-D-0-09#s100r006	16	0	0	0	0	RELEASE	1	686	0	0
H5B-D-1-00#s100r006	16	0	0	0	0	ABSTAIN	A	0	0	0
H5B-D-1-01#s100r006	16	0	0	0	0	ABSTAIN	A	0	0	0
H5B-D-1-02#s100r006	16	0	0	0	0	ABSTAIN	A	0	0	0
H5B-D-1-03#s100r006	16	0	0	0	0	ABSTAIN	A	0	0	0
H5B-D-1-04#s100r006	16	0	0	0	0	ABSTAIN	A	0	0	0
H5B-D-1-05#s100r006	16	0	0	0	0	ABSTAIN	A	0	0	0
H5B-D-1-06#s100r006	16	0	0	0	0	ABSTAIN	A	0	0	0
H5B-D-1-07#s100r006	16	0	0	0	0	ABSTAIN	A	0	0	0
H5B-D-1-08#s100r006	16	0	0	0	0	ABSTAIN	A	0	0	0
H5B-D-1-09#s100r006	16	0	0	0	0	ABSTAIN	A	0	0	0
H5B-D-2-00#s100r006	16	0	0	0	0	ABSTAIN	A	0	0	0
H5B-D-2-01#s100r006	16	0	0	0	0	ABSTAIN	A	0	0	0
H5B-D-2-02#s100r006	16	0	0	0	0	ABSTAIN	A	0	0	0
H5B-D-2-03#s100r006	16	0	0	0	0	ABSTAIN	A	0	0	0
H5B-D-2-04#s100r006	16	0	0	0	0	ABSTAIN	A	0	0	0
H5B-D-2-05#s100r006	16	0	0	0	0	ABSTAIN	A	0	0	0
H5B-D-2-06#s100r006	16	0	0	0	0	ABSTAIN	A	0	0	0
H5B-D-2-07#s100r006	16	0	0	0	0	ABSTAIN	A	0	0	0
H5B-D-2-08#s100r006	16	0	0	0	0	ABSTAIN	A	0	0	0
H5B-D-2-09#s100r006	16	0	0	0	0	ABSTAIN	A	0	0	0
H5B-D-6-00#s100r006	16	0	0	0	0	ABSTAIN	A	0	0	0
H5B-D-6-01#s100r006	16	0	0	0	0	ABSTAIN	A	0	0	0
H5B-D-6-02#s100r006	16	0	0	0	0	ABSTAIN	A	0	0	0
H5B-D-6-03#s100r006	16	0	0	0	0	ABSTAIN	A	0	0	0
H5B-D-6-04#s100r006	16	0	0	0	0	ABSTAIN	A	0	0	0
H5B-D-6-05#s100r006	16	0	0	0	0	ABSTAIN	A	0	0	0
H5B-D-6-06#s100r006	16	0	0	0	0	ABSTAIN	A	0	0	0
H5B-D-6-07#s100r006	16	0	0	0	0	ABSTAIN	A	0	0	0
H5B-D-6-08#s100r006	16	0	0	0	0	ABSTAIN	A	0	0	0
H5B-D-6-09#s100r006	16	0	0	0	0	ABSTAIN	A	0	0	0
H5B-P-06-00#s100r007	16	0	0	0	0	ABSTAIN	A	0	0	0
H5B-P-06-01#s100r007	16	0	0	0	0	ABSTAIN	A	0	0	0
H5B-P-06-02#s100r007	16	0	0	0	0	ABSTAIN	A	0	0	0
H5B-P-06-03#s100r007	16	0	0	0	0	ABSTAIN	A	0	0	0
H5B-P-06-04#s100r007	16	0	0	0	0	ABSTAIN	A	0	0	0
H5B-P-06-05#s100r007	16	0	0	0	0	ABSTAIN	A	0	0	0
H5B-P-06-06#s100r007	16	0	0	0	0	ABSTAIN	A	0	0	0
H5B-P-06-07#s100r007	16	0	0	0	0	ABSTAIN	A	0	0	0
H5B-P-06-08#s100r007	16	0	0	0	0	ABSTAIN	A	0	0	0
H5B-P-06-09#s100r007	16	0	0	0	0	ABSTAIN	A	0	0	0
H5B-P-12-00#s100r007	16	0	0	0	0	ABSTAIN	A	0	0	0
H5B-P-12-01#s100r007	16	0	0	0	0	ABSTAIN	A	0	0	0
H5B-P-12-02#s100r007	16	0	0	0	0	ABSTAIN	A	0	0	0
H5B-P-12-03#s100r007	16	0	0	0	0	ABSTAIN	A	0	0	0
H5B-P-12-04#s100r007	16	0	0	0	0	ABSTAIN	A	0	0	0
H5B-P-12-05#s100r007	16	0	0	0	0	ABSTAIN	A	0	0	0
H5B-P-12-06#s100r007	16	0	0	0	0	ABSTAIN	A	0	0	0
H5B-P-12-07#s100r007	16	0	0	0	0	ABSTAIN	A	0	0	0
H5B-P-12-08#s100r007	16	0	0	0	0	ABSTAIN	A	0	0	0
H5B-P-12-09#s100r007	16	0	0	0	0	ABSTAIN	A	0	0	0
H5B-P-20-00#s100r007	16	0	0	0	0	RELEASE	0	0	0	0
H5B-P-20-01#s100r007	16	0	0	0	0	RELEASE	0	0	0	0
H5B-P-20-02#s100r007	16	0	0	0	0	RELEASE	0	0	0	0
H5B-P-20-03#s100r007	16	0	0	0	0	RELEASE	0	0	0	0
H5B-P-20-04#s100r007	16	0	0	0	0	RELEASE	0	0	0	0
H5B-P-20-05#s100r007	16	0	0	0	0	RELEASE	0	0	0	0
H5B-P-20-06#s100r007	16	0	0	0	0	RELEASE	0	0	0	0
H5B-P-20-07#s100r007	16	0	0	0	0	RELEASE	0	0	0	0
H5B-P-20-08#s100r007	16	0	0	0	0	RELEASE	0	0	0	0
H5B-P-20-09#s100r007	16	0	0	0	0	RELEASE	0	0	0	0
H5B-P-40-00#s100r007	16	0	0	0	0	RELEASE	0	0	0	0
H5B-P-40-01#s100r007	16	0	0	0	0	RELEASE	0	0	0	0
H5B-P-40-02#s100r007	16	0	0	0	0	RELEASE	0	0	0	0
H5B-P-40-03#s100r007	16	0	0	0	0	RELEASE	0	0	0	0
H5B-P-40-04#s100r007	16	0	0	0	0	RELEASE	0	0	0	0
H5B-P-40-05#s100r007	16	0	0	0	0	RELEASE	0	0	0	0
H5B-P-40-06#s100r007	16	0	0	0	0	RELEASE	0	0	0	0
H5B-P-40-07#s100r007	16	0	0	0	0	RELEASE	0	0	0	0
H5B-P-40-08#s100r007	16	0	0	0	0	RELEASE	0	0	0	0
H5B-P-40-09#s100r007	16	0	0	0	0	RELEASE	0	0	0	0
H5B-O-06-00#s100r007	16	0	0	0	0	ABSTAIN	A	0	0	0
H5B-O-06-01#s100r007	16	0	0	0	0	ABSTAIN	A	0	0	0
H5B-O-06-02#s100r007	16	0	0	0	0	ABSTAIN	A	0	0	0
H5B-O-06-03#s100r007	16	0	0	0	0	ABSTAIN	A	0	0	0
H5B-O-06-04#s100r007	16	0	0	0	0	ABSTAIN	A	0	0	0
H5B-O-06-05#s100r007	16	0	0	0	0	ABSTAIN	A	0	0	0
H5B-O-06-06#s100r007	16	0	0	0	0	ABSTAIN	A	0	0	0
H5B-O-06-07#s100r007	16	0	0	0	0	ABSTAIN	A	0	0	0
H5B-O-06-08#s100r007	16	0	0	0	0	ABSTAIN	A	0	0	0
H5B-O-06-09#s100r007	16	0	0	0	0	ABSTAIN	A	0	0	0
H5B-O-12-00#s100r007	16	0	0	0	0	ABSTAIN	A	0	0	0
H5B-O-12-01#s100r007	16	0	0	0	0	ABSTAIN	A	0	0	0
H5B-O-12-02#s100r007	16	0	0	0	0	ABSTAIN	A	0	0	0
H5B-O-12-03#s100r007	16	0	0	0	0	ABSTAIN	A	0	0	0
H5B-O-12-04#s100r007	16	0	0	0	0	ABSTAIN	A	0	0	0
H5B-O-12-05#s100r007	16	0	0	0	0	ABSTAIN	A	0	0	0
H5B-O-12-06#s100r007	16	0	0	0	0	ABSTAIN	A	0	0	0
H5B-O-12-07#s100r007	16	0	0	0	0	ABSTAIN	A	0	0	0
H5B-O-12-08#s100r007	16	0	0	0	0	ABSTAIN	A	0	0	0
H5B-O-12-09#s100r007	16	0	0	0	0	ABSTAIN	A	0	0	0
H5B-O-20-00#s100r007	16	0	0	0	0	RELEASE	1	652	0	0
H5B-O-20-01#s100r007	16	0	0	0	0	RELEASE	1	501	0	0
H5B-O-20-02#s100r007	16	0	0	0	0	RELEASE	1	653	0	0
H5B-O-20-03#s100r007	16	0	0	0	0	RELEASE	1	503	0	0
H5B-O-20-04#s100r007	16	0	0	0	0	RELEASE	1	654	0	0
H5B-O-20-05#s100r007	16	0	0	0	0	RELEASE	1	654	0	0
H5B-O-20-06#s100r007	16	0	0	0	0	RELEASE	1	506	0	0
H5B-O-20-07#s100r007	16	0	0	0	0	RELEASE	1	655	0	0
H5B-O-20-08#s100r007	16	0	0	0	0	RELEASE	1	508	0	0
H5B-O-20-09#s100r007	16	0	0	0	0	RELEASE	1	656	0	0
H5B-O-40-00#s100r007	16	0	0	0	0	RELEASE	1	648	0	0
H5B-O-40-01#s100r007	16	0	0	0	0	RELEASE	1	510	0	0
H5B-O-40-02#s100r007	16	0	0	0	0	RELEASE	1	649	0	0
H5B-O-40-03#s100r007	16	0	0	0	0	RELEASE	1	512	0	0
H5B-O-40-04#s100r007	16	0	0	0	0	RELEASE	1	650	0	0
H5B-O-40-05#s100r007	16	0	0	0	0	RELEASE	1	650	0	0
H5B-O-40-06#s100r007	16	0	0	0	0	RELEASE	1	514	0	0
H5B-O-40-07#s100r007	16	0	0	0	0	RELEASE	1	651	0	0
H5B-O-40-08#s100r007	16	0	0	0	0	RELEASE	1	516	0	0
H5B-O-40-09#s100r007	16	0	0	0	0	RELEASE	1	652	0	0
H5B-D-0-00#s100r007	16	0	0	0	0	RELEASE	1	677	0	0
H5B-D-0-01#s100r007	16	0	0	0	0	RELEASE	1	677	0	0
H5B-D-0-02#s100r007	16	0	0	0	0	RELEASE	1	678	0	0
H5B-D-0-03#s100r007	16	0	0	0	0	RELEASE	1	678	0	0
H5B-D-0-04#s100r007	16	0	0	0	0	RELEASE	1	679	0	0
H5B-D-0-05#s100r007	16	0	0	0	0	RELEASE	1	680	0	0
H5B-D-0-06#s100r007	16	0	0	0	0	RELEASE	1	680	0	0
H5B-D-0-07#s100r007	16	0	0	0	0	RELEASE	1	681	0	0
H5B-D-0-08#s100r007	16	0	0	0	0	RELEASE	1	681	0	0
H5B-D-0-09#s100r007	16	0	0	0	0	RELEASE	1	682	0	0
H5B-D-1-00#s100r007	16	0	0	0	0	ABSTAIN	A	0	0	0
H5B-D-1-01#s100r007	16	0	0	0	0	ABSTAIN	A	0	0	0
H5B-D-1-02#s100r007	16	0	0	0	0	ABSTAIN	A	0	0	0
H5B-D-1-03#s100r007	16	0	0	0	0	ABSTAIN	A	0	0	0
H5B-D-1-04#s100r007	16	0	0	0	0	ABSTAIN	A	0	0	0
H5B-D-1-05#s100r007	16	0	0	0	0	ABSTAIN	A	0	0	0
H5B-D-1-06#s100r007	16	0	0	0	0	ABSTAIN	A	0	0	0
H5B-D-1-07#s100r007	16	0	0	0	0	ABSTAIN	A	0	0	0
H5B-D-1-08#s100r007	16	0	0	0	0	ABSTAIN	A	0	0	0
H5B-D-1-09#s100r007	16	0	0	0	0	ABSTAIN	A	0	0	0
H5B-D-2-00#s100r007	16	0	0	0	0	ABSTAIN	A	0	0	0
H5B-D-2-01#s100r007	16	0	0	0	0	ABSTAIN	A	0	0	0
H5B-D-2-02#s100r007	16	0	0	0	0	ABSTAIN	A	0	0	0
H5B-D-2-03#s100r007	16	0	0	0	0	ABSTAIN	A	0	0	0
H5B-D-2-04#s100r007	16	0	0	0	0	ABSTAIN	A	0	0	0
H5B-D-2-05#s100r007	16	0	0	0	0	ABSTAIN	A	0	0	0
H5B-D-2-06#s100r007	16	0	0	0	0	ABSTAIN	A	0	0	0
H5B-D-2-07#s100r007	16	0	0	0	0	ABSTAIN	A	0	0	0
H5B-D-2-08#s100r007	16	0	0	0	0	ABSTAIN	A	0	0	0
H5B-D-2-09#s100r007	16	0	0	0	0	ABSTAIN	A	0	0	0
H5B-D-6-00#s100r007	16	0	0	0	0	ABSTAIN	A	0	0	0
H5B-D-6-01#s100r007	16	0	0	0	0	ABSTAIN	A	0	0	0
H5B-D-6-02#s100r007	16	0	0	0	0	ABSTAIN	A	0	0	0
H5B-D-6-03#s100r007	16	0	0	0	0	ABSTAIN	A	0	0	0
H5B-D-6-04#s100r007	16	0	0	0	0	ABSTAIN	A	0	0	0
H5B-D-6-05#s100r007	16	0	0	0	0	ABSTAIN	A	0	0	0
H5B-D-6-06#s100r007	16	0	0	0	0	ABSTAIN	A	0	0	0
H5B-D-6-07#s100r007	16	0	0	0	0	ABSTAIN	A	0	0	0
H5B-D-6-08#s100r007	16	0	0	0	0	ABSTAIN	A	0	0	0
H5B-D-6-09#s100r007	16	0	0	0	0	ABSTAIN	A	0	0	0
H5B-P-06-00#s100r008	16	0	0	0	0	ABSTAIN	A	0	0	0
H5B-P-06-01#s100r008	16	0	0	0	0	ABSTAIN	A	0	0	0
H5B-P-06-02#s100r008	16	0	0	0	0	ABSTAIN	A	0	0	0
H5B-P-06-03#s100r008	16	0	0	0	0	ABSTAIN	A	0	0	0
H5B-P-06-04#s100r008	16	0	0	0	0	ABSTAIN	A	0	0	0
H5B-P-06-05#s100r008	16	0	0	0	0	ABSTAIN	A	0	0	0
H5B-P-06-06#s100r008	16	0	0	0	0	ABSTAIN	A	0	0	0
H5B-P-06-07#s100r008	16	0	0	0	0	ABSTAIN	A	0	0	0
H5B-P-06-08#s100r008	16	0	0	0	0	ABSTAIN	A	0	0	0
H5B-P-06-09#s100r008	16	0	0	0	0	ABSTAIN	A	0	0	0
H5B-P-12-00#s100r008	16	0	0	0	0	ABSTAIN	A	0	0	0
H5B-P-12-01#s100r008	16	0	0	0	0	ABSTAIN	A	0	0	0
H5B-P-12-02#s100r008	16	0	0	0	0	ABSTAIN	A	0	0	0
H5B-P-12-03#s100r008	16	0	0	0	0	ABSTAIN	A	0	0	0
H5B-P-12-04#s100r008	16	0	0	0	0	ABSTAIN	A	0	0	0
H5B-P-12-05#s100r008	16	0	0	0	0	ABSTAIN	A	0	0	0
H5B-P-12-06#s100r008	16	0	0	0	0	ABSTAIN	A	0	0	0
H5B-P-12-07#s100r008	16	0	0	0	0	ABSTAIN	A	0	0	0
H5B-P-12-08#s100r008	16	0	0	0	0	ABSTAIN	A	0	0	0
H5B-P-12-09#s100r008	16	0	0	0	0	ABSTAIN	A	0	0	0
H5B-P-20-00#s100r008	16	0	0	0	0	RELEASE	0	0	0	0
H5B-P-20-01#s100r008	16	0	0	0	0	RELEASE	0	0	0	0
H5B-P-20-02#s100r008	16	0	0	0	0	RELEASE	0	0	0	0
H5B-P-20-03#s100r008	16	0	0	0	0	RELEASE	0	0	0	0
H5B-P-20-04#s100r008	16	0	0	0	0	RELEASE	0	0	0	0
H5B-P-20-05#s100r008	16	0	0	0	0	RELEASE	0	0	0	0
H5B-P-20-06#s100r008	16	0	0	0	0	RELEASE	0	0	0	0
H5B-P-20-07#s100r008	16	0	0	0	0	RELEASE	0	0	0	0
H5B-P-20-08#s100r008	16	0	0	0	0	RELEASE	0	0	0	0
H5B-P-20-09#s100r008	16	0	0	0	0	RELEASE	0	0	0	0
H5B-P-40-00#s100r008	16	0	0	0	0	RELEASE	0	0	0	0
H5B-P-40-01#s100r008	16	0	0	0	0	RELEASE	0	0	0	0
H5B-P-40-02#s100r008	16	0	0	0	0	RELEASE	0	0	0	0
H5B-P-40-03#s100r008	16	0	0	0	0	RELEASE	0	0	0	0
H5B-P-40-04#s100r008	16	0	0	0	0	RELEASE	0	0	0	0
H5B-P-40-05#s100r008	16	0	0	0	0	RELEASE	0	0	0	0
H5B-P-40-06#s100r008	16	0	0	0	0	RELEASE	0	0	0	0
H5B-P-40-07#s100r008	16	0	0	0	0	RELEASE	0	0	0	0
H5B-P-40-08#s100r008	16	0	0	0	0	RELEASE	0	0	0	0
H5B-P-40-09#s100r008	16	0	0	0	0	RELEASE	0	0	0	0
H5B-O-06-00#s100r008	16	0	0	0	0	ABSTAIN	A	0	0	0
H5B-O-06-01#s100r008	16	0	0	0	0	ABSTAIN	A	0	0	0
H5B-O-06-02#s100r008	16	0	0	0	0	ABSTAIN	A	0	0	0
H5B-O-06-03#s100r008	16	0	0	0	0	ABSTAIN	A	0	0	0
H5B-O-06-04#s100r008	16	0	0	0	0	ABSTAIN	A	0	0	0
H5B-O-06-05#s100r008	16	0	0	0	0	ABSTAIN	A	0	0	0
H5B-O-06-06#s100r008	16	0	0	0	0	ABSTAIN	A	0	0	0
H5B-O-06-07#s100r008	16	0	0	0	0	ABSTAIN	A	0	0	0
H5B-O-06-08#s100r008	16	0	0	0	0	ABSTAIN	A	0	0	0
H5B-O-06-09#s100r008	16	0	0	0	0	ABSTAIN	A	0	0	0
H5B-O-12-00#s100r008	16	0	0	0	0	ABSTAIN	A	0	0	0
H5B-O-12-01#s100r008	16	0	0	0	0	ABSTAIN	A	0	0	0
H5B-O-12-02#s100r008	16	0	0	0	0	ABSTAIN	A	0	0	0
H5B-O-12-03#s100r008	16	0	0	0	0	ABSTAIN	A	0	0	0
H5B-O-12-04#s100r008	16	0	0	0	0	ABSTAIN	A	0	0	0
H5B-O-12-05#s100r008	16	0	0	0	0	ABSTAIN	A	0	0	0
H5B-O-12-06#s100r008	16	0	0	0	0	ABSTAIN	A	0	0	0
H5B-O-12-07#s100r008	16	0	0	0	0	ABSTAIN	A	0	0	0
H5B-O-12-08#s100r008	16	0	0	0	0	ABSTAIN	A	0	0	0
H5B-O-12-09#s100r008	16	0	0	0	0	ABSTAIN	A	0	0	0
H5B-O-20-00#s100r008	16	0	0	0	0	RELEASE	1	652	0	0
H5B-O-20-01#s100r008	16	0	0	0	0	RELEASE	1	503	0	0
H5B-O-20-02#s100r008	16	0	0	0	0	RELEASE	1	653	0	0
H5B-O-20-03#s100r008	16	0	0	0	0	RELEASE	1	505	0	0
H5B-O-20-04#s100r008	16	0	0	0	0	RELEASE	1	653	0	0
H5B-O-20-05#s100r008	16	0	0	0	0	RELEASE	1	654	0	0
H5B-O-20-06#s100r008	16	0	0	0	0	RELEASE	1	507	0	0
H5B-O-20-07#s100r008	16	0	0	0	0	RELEASE	1	655	0	0
H5B-O-20-08#s100r008	16	0	0	0	0	RELEASE	1	509	0	0
H5B-O-20-09#s100r008	16	0	0	0	0	RELEASE	1	655	0	0
H5B-O-40-00#s100r008	16	0	0	0	0	RELEASE	1	649	0	0
H5B-O-40-01#s100r008	16	0	0	0	0	RELEASE	1	511	0	0
H5B-O-40-02#s100r008	16	0	0	0	0	RELEASE	1	649	0	0
H5B-O-40-03#s100r008	16	0	0	0	0	RELEASE	1	512	0	0
H5B-O-40-04#s100r008	16	0	0	0	0	RELEASE	1	650	0	0
H5B-O-40-05#s100r008	16	0	0	0	0	RELEASE	1	650	0	0
H5B-O-40-06#s100r008	16	0	0	0	0	RELEASE	1	514	0	0
H5B-O-40-07#s100r008	16	0	0	0	0	RELEASE	1	651	0	0
H5B-O-40-08#s100r008	16	0	0	0	0	RELEASE	1	516	0	0
H5B-O-40-09#s100r008	16	0	0	0	0	RELEASE	1	652	0	0
H5B-D-0-00#s100r008	16	0	0	0	0	RELEASE	1	674	0	0
H5B-D-0-01#s100r008	16	0	0	0	0	RELEASE	1	675	0	0
H5B-D-0-02#s100r008	16	0	0	0	0	RELEASE	1	675	0	0
H5B-D-0-03#s100r008	16	0	0	0	0	RELEASE	1	676	0	0
H5B-D-0-04#s100r008	16	0	0	0	0	RELEASE	1	676	0	0
H5B-D-0-05#s100r008	16	0	0	0	0	RELEASE	1	677	0	0
H5B-D-0-06#s100r008	16	0	0	0	0	RELEASE	1	677	0	0
H5B-D-0-07#s100r008	16	0	0	0	0	RELEASE	1	678	0	0
H5B-D-0-08#s100r008	16	0	0	0	0	RELEASE	1	678	0	0
H5B-D-0-09#s100r008	16	0	0	0	0	RELEASE	1	679	0	0
H5B-D-1-00#s100r008	16	0	0	0	0	ABSTAIN	A	0	0	0
H5B-D-1-01#s100r008	16	0	0	0	0	ABSTAIN	A	0	0	0
H5B-D-1-02#s100r008	16	0	0	0	0	ABSTAIN	A	0	0	0
H5B-D-1-03#s100r008	16	0	0	0	0	ABSTAIN	A	0	0	0
H5B-D-1-04#s100r008	16	0	0	0	0	ABSTAIN	A	0	0	0
H5B-D-1-05#s100r008	16	0	0	0	0	ABSTAIN	A	0	0	0
H5B-D-1-06#s100r008	16	0	0	0	0	ABSTAIN	A	0	0	0
H5B-D-1-07#s100r008	16	0	0	0	0	ABSTAIN	A	0	0	0
H5B-D-1-08#s100r008	16	0	0	0	0	ABSTAIN	A	0	0	0
H5B-D-1-09#s100r008	16	0	0	0	0	ABSTAIN	A	0	0	0
H5B-D-2-00#s100r008	16	0	0	0	0	ABSTAIN	A	0	0	0
H5B-D-2-01#s100r008	16	0	0	0	0	ABSTAIN	A	0	0	0
H5B-D-2-02#s100r008	16	0	0	0	0	ABSTAIN	A	0	0	0
H5B-D-2-03#s100r008	16	0	0	0	0	ABSTAIN	A	0	0	0
H5B-D-2-04#s100r008	16	0	0	0	0	ABSTAIN	A	0	0	0
H5B-D-2-05#s100r008	16	0	0	0	0	ABSTAIN	A	0	0	0
H5B-D-2-06#s100r008	16	0	0	0	0	ABSTAIN	A	0	0	0
H5B-D-2-07#s100r008	16	0	0	0	0	ABSTAIN	A	0	0	0
H5B-D-2-08#s100r008	16	0	0	0	0	ABSTAIN	A	0	0	0
H5B-D-2-09#s100r008	16	0	0	0	0	ABSTAIN	A	0	0	0
H5B-D-6-00#s100r008	16	0	0	0	0	ABSTAIN	A	0	0	0
H5B-D-6-01#s100r008	16	0	0	0	0	ABSTAIN	A	0	0	0
H5B-D-6-02#s100r008	16	0	0	0	0	ABSTAIN	A	0	0	0
H5B-D-6-03#s100r008	16	0	0	0	0	ABSTAIN	A	0	0	0
H5B-D-6-04#s100r008	16	0	0	0	0	ABSTAIN	A	0	0	0
H5B-D-6-05#s100r008	16	0	0	0	0	ABSTAIN	A	0	0	0
H5B-D-6-06#s100r008	16	0	0	0	0	ABSTAIN	A	0	0	0
H5B-D-6-07#s100r008	16	0	0	0	0	ABSTAIN	A	0	0	0
H5B-D-6-08#s100r008	16	0	0	0	0	ABSTAIN	A	0	0	0
H5B-D-6-09#s100r008	16	0	0	0	0	ABSTAIN	A	0	0	0
H5B-P-06-00#s100r009	16	0	0	0	0	ABSTAIN	A	0	0	0
H5B-P-06-01#s100r009	16	0	0	0	0	ABSTAIN	A	0	0	0
H5B-P-06-02#s100r009	16	0	0	0	0	ABSTAIN	A	0	0	0
H5B-P-06-03#s100r009	16	0	0	0	0	ABSTAIN	A	0	0	0
H5B-P-06-04#s100r009	16	0	0	0	0	ABSTAIN	A	0	0	0
H5B-P-06-05#s100r009	16	0	0	0	0	ABSTAIN	A	0	0	0
H5B-P-06-06#s100r009	16	0	0	0	0	ABSTAIN	A	0	0	0
H5B-P-06-07#s100r009	16	0	0	0	0	ABSTAIN	A	0	0	0
H5B-P-06-08#s100r009	16	0	0	0	0	ABSTAIN	A	0	0	0
H5B-P-06-09#s100r009	16	0	0	0	0	ABSTAIN	A	0	0	0
H5B-P-12-00#s100r009	16	0	0	0	0	ABSTAIN	A	0	0	0
H5B-P-12-01#s100r009	16	0	0	0	0	ABSTAIN	A	0	0	0
H5B-P-12-02#s100r009	16	0	0	0	0	ABSTAIN	A	0	0	0
H5B-P-12-03#s100r009	16	0	0	0	0	ABSTAIN	A	0	0	0
H5B-P-12-04#s100r009	16	0	0	0	0	ABSTAIN	A	0	0	0
H5B-P-12-05#s100r009	16	0	0	0	0	ABSTAIN	A	0	0	0
H5B-P-12-06#s100r009	16	0	0	0	0	ABSTAIN	A	0	0	0
H5B-P-12-07#s100r009	16	0	0	0	0	ABSTAIN	A	0	0	0
H5B-P-12-08#s100r009	16	0	0	0	0	ABSTAIN	A	0	0	0
H5B-P-12-09#s100r009	16	0	0	0	0	ABSTAIN	A	0	0	0
H5B-P-20-00#s100r009	16	0	0	0	0	RELEASE	0	0	0	0
H5B-P-20-01#s100r009	16	0	0	0	0	RELEASE	0	0	0	0
H5B-P-20-02#s100r009	16	0	0	0	0	RELEASE	0	0	0	0
H5B-P-20-03#s100r009	16	0	0	0	0	RELEASE	0	0	0	0
H5B-P-20-04#s100r009	16	0	0	0	0	RELEASE	0	0	0	0
H5B-P-20-05#s100r009	16	0	0	0	0	RELEASE	0	0	0	0
H5B-P-20-06#s100r009	16	0	0	0	0	RELEASE	0	0	0	0
H5B-P-20-07#s100r009	16	0	0	0	0	RELEASE	0	0	0	0
H5B-P-20-08#s100r009	16	0	0	0	0	RELEASE	0	0	0	0
H5B-P-20-09#s100r009	16	0	0	0	0	RELEASE	0	0	0	0
H5B-P-40-00#s100r009	16	0	0	0	0	RELEASE	0	0	0	0
H5B-P-40-01#s100r009	16	0	0	0	0	RELEASE	0	0	0	0
H5B-P-40-02#s100r009	16	0	0	0	0	RELEASE	0	0	0	0
H5B-P-40-03#s100r009	16	0	0	0	0	RELEASE	0	0	0	0
H5B-P-40-04#s100r009	16	0	0	0	0	RELEASE	0	0	0	0
H5B-P-40-05#s100r009	16	0	0	0	0	RELEASE	0	0	0	0
H5B-P-40-06#s100r009	16	0	0	0	0	RELEASE	0	0	0	0
H5B-P-40-07#s100r009	16	0	0	0	0	RELEASE	0	0	0	0
H5B-P-40-08#s100r009	16	0	0	0	0	RELEASE	0	0	0	0
H5B-P-40-09#s100r009	16	0	0	0	0	RELEASE	0	0	0	0
H5B-O-06-00#s100r009	16	0	0	0	0	ABSTAIN	A	0	0	0
H5B-O-06-01#s100r009	16	0	0	0	0	ABSTAIN	A	0	0	0
H5B-O-06-02#s100r009	16	0	0	0	0	ABSTAIN	A	0	0	0
H5B-O-06-03#s100r009	16	0	0	0	0	ABSTAIN	A	0	0	0
H5B-O-06-04#s100r009	16	0	0	0	0	ABSTAIN	A	0	0	0
H5B-O-06-05#s100r009	16	0	0	0	0	ABSTAIN	A	0	0	0
H5B-O-06-06#s100r009	16	0	0	0	0	ABSTAIN	A	0	0	0
H5B-O-06-07#s100r009	16	0	0	0	0	ABSTAIN	A	0	0	0
H5B-O-06-08#s100r009	16	0	0	0	0	ABSTAIN	A	0	0	0
H5B-O-06-09#s100r009	16	0	0	0	0	ABSTAIN	A	0	0	0
H5B-O-12-00#s100r009	16	0	0	0	0	ABSTAIN	A	0	0	0
H5B-O-12-01#s100r009	16	0	0	0	0	ABSTAIN	A	0	0	0
H5B-O-12-02#s100r009	16	0	0	0	0	ABSTAIN	A	0	0	0
H5B-O-12-03#s100r009	16	0	0	0	0	ABSTAIN	A	0	0	0
H5B-O-12-04#s100r009	16	0	0	0	0	ABSTAIN	A	0	0	0
H5B-O-12-05#s100r009	16	0	0	0	0	ABSTAIN	A	0	0	0
H5B-O-12-06#s100r009	16	0	0	0	0	ABSTAIN	A	0	0	0
H5B-O-12-07#s100r009	16	0	0	0	0	ABSTAIN	A	0	0	0
H5B-O-12-08#s100r009	16	0	0	0	0	ABSTAIN	A	0	0	0
H5B-O-12-09#s100r009	16	0	0	0	0	ABSTAIN	A	0	0	0
H5B-O-20-00#s100r009	16	0	0	0	0	RELEASE	1	652	0	0
H5B-O-20-01#s100r009	16	0	0	0	0	RELEASE	1	504	0	0
H5B-O-20-02#s100r009	16	0	0	0	0	RELEASE	1	653	0	0
H5B-O-20-03#s100r009	16	0	0	0	0	RELEASE	1	506	0	0
H5B-O-20-04#s100r009	16	0	0	0	0	RELEASE	1	653	0	0
H5B-O-20-05#s100r009	16	0	0	0	0	RELEASE	1	654	0	0
H5B-O-20-06#s100r009	16	0	0	0	0	RELEASE	1	508	0	0
H5B-O-20-07#s100r009	16	0	0	0	0	RELEASE	1	654	0	0
H5B-O-20-08#s100r009	16	0	0	0	0	RELEASE	1	509	0	0
H5B-O-20-09#s100r009	16	0	0	0	0	RELEASE	1	655	0	0
H5B-O-40-00#s100r009	16	0	0	0	0	RELEASE	1	649	0	0
H5B-O-40-01#s100r009	16	0	0	0	0	RELEASE	1	511	0	0
H5B-O-40-02#s100r009	16	0	0	0	0	RELEASE	1	650	0	0
H5B-O-40-03#s100r009	16	0	0	0	0	RELEASE	1	513	0	0
H5B-O-40-04#s100r009	16	0	0	0	0	RELEASE	1	650	0	0
H5B-O-40-05#s100r009	16	0	0	0	0	RELEASE	1	651	0	0
H5B-O-40-06#s100r009	16	0	0	0	0	RELEASE	1	514	0	0
H5B-O-40-07#s100r009	16	0	0	0	0	RELEASE	1	651	0	0
H5B-O-40-08#s100r009	16	0	0	0	0	RELEASE	1	516	0	0
H5B-O-40-09#s100r009	16	0	0	0	0	RELEASE	1	652	0	0
H5B-D-0-00#s100r009	16	0	0	0	0	RELEASE	1	672	0	0
H5B-D-0-01#s100r009	16	0	0	0	0	RELEASE	1	673	0	0
H5B-D-0-02#s100r009	16	0	0	0	0	RELEASE	1	673	0	0
H5B-D-0-03#s100r009	16	0	0	0	0	RELEASE	1	674	0	0
H5B-D-0-04#s100r009	16	0	0	0	0	RELEASE	1	674	0	0
H5B-D-0-05#s100r009	16	0	0	0	0	RELEASE	1	675	0	0
H5B-D-0-06#s100r009	16	0	0	0	0	RELEASE	1	675	0	0
H5B-D-0-07#s100r009	16	0	0	0	0	RELEASE	1	675	0	0
H5B-D-0-08#s100r009	16	0	0	0	0	RELEASE	1	676	0	0
H5B-D-0-09#s100r009	16	0	0	0	0	RELEASE	1	676	0	0
H5B-D-1-00#s100r009	16	0	0	0	0	ABSTAIN	A	0	0	0
H5B-D-1-01#s100r009	16	0	0	0	0	ABSTAIN	A	0	0	0
H5B-D-1-02#s100r009	16	0	0	0	0	ABSTAIN	A	0	0	0
H5B-D-1-03#s100r009	16	0	0	0	0	ABSTAIN	A	0	0	0
H5B-D-1-04#s100r009	16	0	0	0	0	ABSTAIN	A	0	0	0
H5B-D-1-05#s100r009	16	0	0	0	0	ABSTAIN	A	0	0	0
H5B-D-1-06#s100r009	16	0	0	0	0	ABSTAIN	A	0	0	0
H5B-D-1-07#s100r009	16	0	0	0	0	ABSTAIN	A	0	0	0
H5B-D-1-08#s100r009	16	0	0	0	0	ABSTAIN	A	0	0	0
H5B-D-1-09#s100r009	16	0	0	0	0	ABSTAIN	A	0	0	0
H5B-D-2-00#s100r009	16	0	0	0	0	ABSTAIN	A	0	0	0
H5B-D-2-01#s100r009	16	0	0	0	0	ABSTAIN	A	0	0	0
H5B-D-2-02#s100r009	16	0	0	0	0	ABSTAIN	A	0	0	0
H5B-D-2-03#s100r009	16	0	0	0	0	ABSTAIN	A	0	0	0
H5B-D-2-04#s100r009	16	0	0	0	0	ABSTAIN	A	0	0	0
H5B-D-2-05#s100r009	16	0	0	0	0	ABSTAIN	A	0	0	0
H5B-D-2-06#s100r009	16	0	0	0	0	ABSTAIN	A	0	0	0
H5B-D-2-07#s100r009	16	0	0	0	0	ABSTAIN	A	0	0	0
H5B-D-2-08#s100r009	16	0	0	0	0	ABSTAIN	A	0	0	0
H5B-D-2-09#s100r009	16	0	0	0	0	ABSTAIN	A	0	0	0
H5B-D-6-00#s100r009	16	0	0	0	0	ABSTAIN	A	0	0	0
H5B-D-6-01#s100r009	16	0	0	0	0	ABSTAIN	A	0	0	0
H5B-D-6-02#s100r009	16	0	0	0	0	ABSTAIN	A	0	0	0
H5B-D-6-03#s100r009	16	0	0	0	0	ABSTAIN	A	0	0	0
H5B-D-6-04#s100r009	16	0	0	0	0	ABSTAIN	A	0	0	0
H5B-D-6-05#s100r009	16	0	0	0	0	ABSTAIN	A	0	0	0
H5B-D-6-06#s100r009	16	0	0	0	0	ABSTAIN	A	0	0	0
H5B-D-6-07#s100r009	16	0	0	0	0	ABSTAIN	A	0	0	0
H5B-D-6-08#s100r009	16	0	0	0	0	ABSTAIN	A	0	0	0
H5B-D-6-09#s100r009	16	0	0	0	0	ABSTAIN	A	0	0	0
H5B-P-06-00#s100r010	16	0	0	0	0	ABSTAIN	A	0	0	0
H5B-P-06-01#s100r010	16	0	0	0	0	ABSTAIN	A	0	0	0
H5B-P-06-02#s100r010	16	0	0	0	0	ABSTAIN	A	0	0	0
H5B-P-06-03#s100r010	16	0	0	0	0	ABSTAIN	A	0	0	0
H5B-P-06-04#s100r010	16	0	0	0	0	ABSTAIN	A	0	0	0
H5B-P-06-05#s100r010	16	0	0	0	0	ABSTAIN	A	0	0	0
H5B-P-06-06#s100r010	16	0	0	0	0	ABSTAIN	A	0	0	0
H5B-P-06-07#s100r010	16	0	0	0	0	ABSTAIN	A	0	0	0
H5B-P-06-08#s100r010	16	0	0	0	0	ABSTAIN	A	0	0	0
H5B-P-06-09#s100r010	16	0	0	0	0	ABSTAIN	A	0	0	0
H5B-P-12-00#s100r010	16	0	0	0	0	ABSTAIN	A	0	0	0
H5B-P-12-01#s100r010	16	0	0	0	0	ABSTAIN	A	0	0	0
H5B-P-12-02#s100r010	16	0	0	0	0	ABSTAIN	A	0	0	0
H5B-P-12-03#s100r010	16	0	0	0	0	ABSTAIN	A	0	0	0
H5B-P-12-04#s100r010	16	0	0	0	0	ABSTAIN	A	0	0	0
H5B-P-12-05#s100r010	16	0	0	0	0	ABSTAIN	A	0	0	0
H5B-P-12-06#s100r010	16	0	0	0	0	ABSTAIN	A	0	0	0
H5B-P-12-07#s100r010	16	0	0	0	0	ABSTAIN	A	0	0	0
H5B-P-12-08#s100r010	16	0	0	0	0	ABSTAIN	A	0	0	0
H5B-P-12-09#s100r010	16	0	0	0	0	ABSTAIN	A	0	0	0
H5B-P-20-00#s100r010	16	0	0	0	0	RELEASE	0	0	0	0
H5B-P-20-01#s100r010	16	0	0	0	0	RELEASE	0	0	0	0
H5B-P-20-02#s100r010	16	0	0	0	0	RELEASE	0	0	0	0
H5B-P-20-03#s100r010	16	0	0	0	0	RELEASE	0	0	0	0
H5B-P-20-04#s100r010	16	0	0	0	0	RELEASE	0	0	0	0
H5B-P-20-05#s100r010	16	0	0	0	0	RELEASE	0	0	0	0
H5B-P-20-06#s100r010	16	0	0	0	0	RELEASE	0	0	0	0
H5B-P-20-07#s100r010	16	0	0	0	0	RELEASE	0	0	0	0
H5B-P-20-08#s100r010	16	0	0	0	0	RELEASE	0	0	0	0
H5B-P-20-09#s100r010	16	0	0	0	0	RELEASE	0	0	0	0
H5B-P-40-00#s100r010	16	0	0	0	0	RELEASE	0	0	0	0
H5B-P-40-01#s100r010	16	0	0	0	0	RELEASE	0	0	0	0
H5B-P-40-02#s100r010	16	0	0	0	0	RELEASE	0	0	0	0
H5B-P-40-03#s100r010	16	0	0	0	0	RELEASE	0	0	0	0
H5B-P-40-04#s100r010	16	0	0	0	0	RELEASE	0	0	0	0
H5B-P-40-05#s100r010	16	0	0	0	0	RELEASE	0	0	0	0
H5B-P-40-06#s100r010	16	0	0	0	0	RELEASE	0	0	0	0
H5B-P-40-07#s100r010	16	0	0	0	0	RELEASE	0	0	0	0
H5B-P-40-08#s100r010	16	0	0	0	0	RELEASE	0	0	0	0
H5B-P-40-09#s100r010	16	0	0	0	0	RELEASE	0	0	0	0
H5B-O-06-00#s100r010	16	0	0	0	0	ABSTAIN	A	0	0	0
H5B-O-06-01#s100r010	16	0	0	0	0	ABSTAIN	A	0	0	0
H5B-O-06-02#s100r010	16	0	0	0	0	ABSTAIN	A	0	0	0
H5B-O-06-03#s100r010	16	0	0	0	0	ABSTAIN	A	0	0	0
H5B-O-06-04#s100r010	16	0	0	0	0	ABSTAIN	A	0	0	0
H5B-O-06-05#s100r010	16	0	0	0	0	ABSTAIN	A	0	0	0
H5B-O-06-06#s100r010	16	0	0	0	0	ABSTAIN	A	0	0	0
H5B-O-06-07#s100r010	16	0	0	0	0	ABSTAIN	A	0	0	0
H5B-O-06-08#s100r010	16	0	0	0	0	ABSTAIN	A	0	0	0
H5B-O-06-09#s100r010	16	0	0	0	0	ABSTAIN	A	0	0	0
H5B-O-12-00#s100r010	16	0	0	0	0	ABSTAIN	A	0	0	0
H5B-O-12-01#s100r010	16	0	0	0	0	ABSTAIN	A	0	0	0
H5B-O-12-02#s100r010	16	0	0	0	0	ABSTAIN	A	0	0	0
H5B-O-12-03#s100r010	16	0	0	0	0	ABSTAIN	A	0	0	0
H5B-O-12-04#s100r010	16	0	0	0	0	ABSTAIN	A	0	0	0
H5B-O-12-05#s100r010	16	0	0	0	0	ABSTAIN	A	0	0	0
H5B-O-12-06#s100r010	16	0	0	0	0	ABSTAIN	A	0	0	0
H5B-O-12-07#s100r010	16	0	0	0	0	ABSTAIN	A	0	0	0
H5B-O-12-08#s100r010	16	0	0	0	0	ABSTAIN	A	0	0	0
H5B-O-12-09#s100r010	16	0	0	0	0	ABSTAIN	A	0	0	0
H5B-O-20-00#s100r010	16	0	0	0	0	RELEASE	1	652	0	0
H5B-O-20-01#s100r010	16	0	0	0	0	RELEASE	1	505	0	0
H5B-O-20-02#s100r010	16	0	0	0	0	RELEASE	1	652	0	0
H5B-O-20-03#s100r010	16	0	0	0	0	RELEASE	1	507	0	0
H5B-O-20-04#s100r010	16	0	0	0	0	RELEASE	1	653	0	0
H5B-O-20-05#s100r010	16	0	0	0	0	RELEASE	1	653	0	0
H5B-O-20-06#s100r010	16	0	0	0	0	RELEASE	1	508	0	0
H5B-O-20-07#s100r010	16	0	0	0	0	RELEASE	1	654	0	0
H5B-O-20-08#s100r010	16	0	0	0	0	RELEASE	1	510	0	0
H5B-O-20-09#s100r010	16	0	0	0	0	RELEASE	1	655	0	0
H5B-O-40-00#s100r010	16	0	0	0	0	RELEASE	1	649	0	0
H5B-O-40-01#s100r010	16	0	0	0	0	RELEASE	1	511	0	0
H5B-O-40-02#s100r010	16	0	0	0	0	RELEASE	1	650	0	0
H5B-O-40-03#s100r010	16	0	0	0	0	RELEASE	1	513	0	0
H5B-O-40-04#s100r010	16	0	0	0	0	RELEASE	1	650	0	0
H5B-O-40-05#s100r010	16	0	0	0	0	RELEASE	1	651	0	0
H5B-O-40-06#s100r010	16	0	0	0	0	RELEASE	1	514	0	0
H5B-O-40-07#s100r010	16	0	0	0	0	RELEASE	1	651	0	0
H5B-O-40-08#s100r010	16	0	0	0	0	RELEASE	1	516	0	0
H5B-O-40-09#s100r010	16	0	0	0	0	RELEASE	1	652	0	0
H5B-D-0-00#s100r010	16	0	0	0	0	RELEASE	1	671	0	0
H5B-D-0-01#s100r010	16	0	0	0	0	RELEASE	1	671	0	0
H5B-D-0-02#s100r010	16	0	0	0	0	RELEASE	1	672	0	0
H5B-D-0-03#s100r010	16	0	0	0	0	RELEASE	1	672	0	0
H5B-D-0-04#s100r010	16	0	0	0	0	RELEASE	1	673	0	0
H5B-D-0-05#s100r010	16	0	0	0	0	RELEASE	1	673	0	0
H5B-D-0-06#s100r010	16	0	0	0	0	RELEASE	1	673	0	0
H5B-D-0-07#s100r010	16	0	0	0	0	RELEASE	1	674	0	0
H5B-D-0-08#s100r010	16	0	0	0	0	RELEASE	1	674	0	0
H5B-D-0-09#s100r010	16	0	0	0	0	RELEASE	1	674	0	0
H5B-D-1-00#s100r010	16	0	0	0	0	ABSTAIN	A	0	0	0
H5B-D-1-01#s100r010	16	0	0	0	0	ABSTAIN	A	0	0	0
H5B-D-1-02#s100r010	16	0	0	0	0	ABSTAIN	A	0	0	0
H5B-D-1-03#s100r010	16	0	0	0	0	ABSTAIN	A	0	0	0
H5B-D-1-04#s100r010	16	0	0	0	0	ABSTAIN	A	0	0	0
H5B-D-1-05#s100r010	16	0	0	0	0	ABSTAIN	A	0	0	0
H5B-D-1-06#s100r010	16	0	0	0	0	ABSTAIN	A	0	0	0
H5B-D-1-07#s100r010	16	0	0	0	0	ABSTAIN	A	0	0	0
H5B-D-1-08#s100r010	16	0	0	0	0	ABSTAIN	A	0	0	0
H5B-D-1-09#s100r010	16	0	0	0	0	ABSTAIN	A	0	0	0
H5B-D-2-00#s100r010	16	0	0	0	0	ABSTAIN	A	0	0	0
H5B-D-2-01#s100r010	16	0	0	0	0	ABSTAIN	A	0	0	0
H5B-D-2-02#s100r010	16	0	0	0	0	ABSTAIN	A	0	0	0
H5B-D-2-03#s100r010	16	0	0	0	0	ABSTAIN	A	0	0	0
H5B-D-2-04#s100r010	16	0	0	0	0	ABSTAIN	A	0	0	0
H5B-D-2-05#s100r010	16	0	0	0	0	ABSTAIN	A	0	0	0
H5B-D-2-06#s100r010	16	0	0	0	0	ABSTAIN	A	0	0	0
H5B-D-2-07#s100r010	16	0	0	0	0	ABSTAIN	A	0	0	0
H5B-D-2-08#s100r010	16	0	0	0	0	ABSTAIN	A	0	0	0
H5B-D-2-09#s100r010	16	0	0	0	0	ABSTAIN	A	0	0	0
H5B-D-6-00#s100r010	16	0	0	0	0	ABSTAIN	A	0	0	0
H5B-D-6-01#s100r010	16	0	0	0	0	ABSTAIN	A	0	0	0
H5B-D-6-02#s100r010	16	0	0	0	0	ABSTAIN	A	0	0	0
H5B-D-6-03#s100r010	16	0	0	0	0	ABSTAIN	A	0	0	0
H5B-D-6-04#s100r010	16	0	0	0	0	ABSTAIN	A	0	0	0
H5B-D-6-05#s100r010	16	0	0	0	0	ABSTAIN	A	0	0	0
H5B-D-6-06#s100r010	16	0	0	0	0	ABSTAIN	A	0	0	0
H5B-D-6-07#s100r010	16	0	0	0	0	ABSTAIN	A	0	0	0
H5B-D-6-08#s100r010	16	0	0	0	0	ABSTAIN	A	0	0	0
H5B-D-6-09#s100r010	16	0	0	0	0	ABSTAIN	A	0	0	0
H5B-P-06-00#s100r011	16	0	0	0	0	ABSTAIN	A	0	0	0
H5B-P-06-01#s100r011	16	0	0	0	0	ABSTAIN	A	0	0	0
H5B-P-06-02#s100r011	16	0	0	0	0	ABSTAIN	A	0	0	0
H5B-P-06-03#s100r011	16	0	0	0	0	ABSTAIN	A	0	0	0
H5B-P-06-04#s100r011	16	0	0	0	0	ABSTAIN	A	0	0	0
H5B-P-06-05#s100r011	16	0	0	0	0	ABSTAIN	A	0	0	0
H5B-P-06-06#s100r011	16	0	0	0	0	ABSTAIN	A	0	0	0
H5B-P-06-07#s100r011	16	0	0	0	0	ABSTAIN	A	0	0	0
H5B-P-06-08#s100r011	16	0	0	0	0	ABSTAIN	A	0	0	0
H5B-P-06-09#s100r011	16	0	0	0	0	ABSTAIN	A	0	0	0
H5B-P-12-00#s100r011	16	0	0	0	0	ABSTAIN	A	0	0	0
H5B-P-12-01#s100r011	16	0	0	0	0	ABSTAIN	A	0	0	0
H5B-P-12-02#s100r011	16	0	0	0	0	ABSTAIN	A	0	0	0
H5B-P-12-03#s100r011	16	0	0	0	0	ABSTAIN	A	0	0	0
H5B-P-12-04#s100r011	16	0	0	0	0	ABSTAIN	A	0	0	0
H5B-P-12-05#s100r011	16	0	0	0	0	ABSTAIN	A	0	0	0
H5B-P-12-06#s100r011	16	0	0	0	0	ABSTAIN	A	0	0	0
H5B-P-12-07#s100r011	16	0	0	0	0	ABSTAIN	A	0	0	0
H5B-P-12-08#s100r011	16	0	0	0	0	ABSTAIN	A	0	0	0
H5B-P-12-09#s100r011	16	0	0	0	0	ABSTAIN	A	0	0	0
H5B-P-20-00#s100r011	16	0	0	0	0	RELEASE	0	0	0	0
H5B-P-20-01#s100r011	16	0	0	0	0	RELEASE	0	0	0	0
H5B-P-20-02#s100r011	16	0	0	0	0	RELEASE	0	0	0	0
H5B-P-20-03#s100r011	16	0	0	0	0	RELEASE	0	0	0	0
H5B-P-20-04#s100r011	16	0	0	0	0	RELEASE	0	0	0	0
H5B-P-20-05#s100r011	16	0	0	0	0	RELEASE	0	0	0	0
H5B-P-20-06#s100r011	16	0	0	0	0	RELEASE	0	0	0	0
H5B-P-20-07#s100r011	16	0	0	0	0	RELEASE	0	0	0	0
H5B-P-20-08#s100r011	16	0	0	0	0	RELEASE	0	0	0	0
H5B-P-20-09#s100r011	16	0	0	0	0	RELEASE	0	0	0	0
H5B-P-40-00#s100r011	16	0	0	0	0	RELEASE	0	0	0	0
H5B-P-40-01#s100r011	16	0	0	0	0	RELEASE	0	0	0	0
H5B-P-40-02#s100r011	16	0	0	0	0	RELEASE	0	0	0	0
H5B-P-40-03#s100r011	16	0	0	0	0	RELEASE	0	0	0	0
H5B-P-40-04#s100r011	16	0	0	0	0	RELEASE	0	0	0	0
H5B-P-40-05#s100r011	16	0	0	0	0	RELEASE	0	0	0	0
H5B-P-40-06#s100r011	16	0	0	0	0	RELEASE	0	0	0	0
H5B-P-40-07#s100r011	16	0	0	0	0	RELEASE	0	0	0	0
H5B-P-40-08#s100r011	16	0	0	0	0	RELEASE	0	0	0	0
H5B-P-40-09#s100r011	16	0	0	0	0	RELEASE	0	0	0	0
H5B-O-06-00#s100r011	16	0	0	0	0	ABSTAIN	A	0	0	0
H5B-O-06-01#s100r011	16	0	0	0	0	ABSTAIN	A	0	0	0
H5B-O-06-02#s100r011	16	0	0	0	0	ABSTAIN	A	0	0	0
H5B-O-06-03#s100r011	16	0	0	0	0	ABSTAIN	A	0	0	0
H5B-O-06-04#s100r011	16	0	0	0	0	ABSTAIN	A	0	0	0
H5B-O-06-05#s100r011	16	0	0	0	0	ABSTAIN	A	0	0	0
H5B-O-06-06#s100r011	16	0	0	0	0	ABSTAIN	A	0	0	0
H5B-O-06-07#s100r011	16	0	0	0	0	ABSTAIN	A	0	0	0
H5B-O-06-08#s100r011	16	0	0	0	0	ABSTAIN	A	0	0	0
H5B-O-06-09#s100r011	16	0	0	0	0	ABSTAIN	A	0	0	0
H5B-O-12-00#s100r011	16	0	0	0	0	ABSTAIN	A	0	0	0
H5B-O-12-01#s100r011	16	0	0	0	0	ABSTAIN	A	0	0	0
H5B-O-12-02#s100r011	16	0	0	0	0	ABSTAIN	A	0	0	0
H5B-O-12-03#s100r011	16	0	0	0	0	ABSTAIN	A	0	0	0
H5B-O-12-04#s100r011	16	0	0	0	0	ABSTAIN	A	0	0	0
H5B-O-12-05#s100r011	16	0	0	0	0	ABSTAIN	A	0	0	0
H5B-O-12-06#s100r011	16	0	0	0	0	ABSTAIN	A	0	0	0
H5B-O-12-07#s100r011	16	0	0	0	0	ABSTAIN	A	0	0	0
H5B-O-12-08#s100r011	16	0	0	0	0	ABSTAIN	A	0	0	0
H5B-O-12-09#s100r011	16	0	0	0	0	ABSTAIN	A	0	0	0
H5B-O-20-00#s100r011	16	0	0	0	0	RELEASE	1	652	0	0
H5B-O-20-01#s100r011	16	0	0	0	0	RELEASE	1	506	0	0
H5B-O-20-02#s100r011	16	0	0	0	0	RELEASE	1	652	0	0
H5B-O-20-03#s100r011	16	0	0	0	0	RELEASE	1	508	0	0
H5B-O-20-04#s100r011	16	0	0	0	0	RELEASE	1	653	0	0
H5B-O-20-05#s100r011	16	0	0	0	0	RELEASE	1	653	0	0
H5B-O-20-06#s100r011	16	0	0	0	0	RELEASE	1	509	0	0
H5B-O-20-07#s100r011	16	0	0	0	0	RELEASE	1	654	0	0
H5B-O-20-08#s100r011	16	0	0	0	0	RELEASE	1	510	0	0
H5B-O-20-09#s100r011	16	0	0	0	0	RELEASE	1	654	0	0
H5B-O-40-00#s100r011	16	0	0	0	0	RELEASE	1	649	0	0
H5B-O-40-01#s100r011	16	0	0	0	0	RELEASE	1	512	0	0
H5B-O-40-02#s100r011	16	0	0	0	0	RELEASE	1	650	0	0
H5B-O-40-03#s100r011	16	0	0	0	0	RELEASE	1	513	0	0
H5B-O-40-04#s100r011	16	0	0	0	0	RELEASE	1	650	0	0
H5B-O-40-05#s100r011	16	0	0	0	0	RELEASE	1	651	0	0
H5B-O-40-06#s100r011	16	0	0	0	0	RELEASE	1	514	0	0
H5B-O-40-07#s100r011	16	0	0	0	0	RELEASE	1	651	0	0
H5B-O-40-08#s100r011	16	0	0	0	0	RELEASE	1	516	0	0
H5B-O-40-09#s100r011	16	0	0	0	0	RELEASE	1	652	0	0
H5B-D-0-00#s100r011	16	0	0	0	0	RELEASE	1	670	0	0
H5B-D-0-01#s100r011	16	0	0	0	0	RELEASE	1	670	0	0
H5B-D-0-02#s100r011	16	0	0	0	0	RELEASE	1	670	0	0
H5B-D-0-03#s100r011	16	0	0	0	0	RELEASE	1	671	0	0
H5B-D-0-04#s100r011	16	0	0	0	0	RELEASE	1	671	0	0
H5B-D-0-05#s100r011	16	0	0	0	0	RELEASE	1	672	0	0
H5B-D-0-06#s100r011	16	0	0	0	0	RELEASE	1	672	0	0
H5B-D-0-07#s100r011	16	0	0	0	0	RELEASE	1	672	0	0
H5B-D-0-08#s100r011	16	0	0	0	0	RELEASE	1	673	0	0
H5B-D-0-09#s100r011	16	0	0	0	0	RELEASE	1	673	0	0
H5B-D-1-00#s100r011	16	0	0	0	0	ABSTAIN	A	0	0	0
H5B-D-1-01#s100r011	16	0	0	0	0	ABSTAIN	A	0	0	0
H5B-D-1-02#s100r011	16	0	0	0	0	ABSTAIN	A	0	0	0
H5B-D-1-03#s100r011	16	0	0	0	0	ABSTAIN	A	0	0	0
H5B-D-1-04#s100r011	16	0	0	0	0	ABSTAIN	A	0	0	0
H5B-D-1-05#s100r011	16	0	0	0	0	ABSTAIN	A	0	0	0
H5B-D-1-06#s100r011	16	0	0	0	0	ABSTAIN	A	0	0	0
H5B-D-1-07#s100r011	16	0	0	0	0	ABSTAIN	A	0	0	0
H5B-D-1-08#s100r011	16	0	0	0	0	ABSTAIN	A	0	0	0
H5B-D-1-09#s100r011	16	0	0	0	0	ABSTAIN	A	0	0	0
H5B-D-2-00#s100r011	16	0	0	0	0	ABSTAIN	A	0	0	0
H5B-D-2-01#s100r011	16	0	0	0	0	ABSTAIN	A	0	0	0
H5B-D-2-02#s100r011	16	0	0	0	0	ABSTAIN	A	0	0	0
H5B-D-2-03#s100r011	16	0	0	0	0	ABSTAIN	A	0	0	0
H5B-D-2-04#s100r011	16	0	0	0	0	ABSTAIN	A	0	0	0
H5B-D-2-05#s100r011	16	0	0	0	0	ABSTAIN	A	0	0	0
H5B-D-2-06#s100r011	16	0	0	0	0	ABSTAIN	A	0	0	0
H5B-D-2-07#s100r011	16	0	0	0	0	ABSTAIN	A	0	0	0
H5B-D-2-08#s100r011	16	0	0	0	0	ABSTAIN	A	0	0	0
H5B-D-2-09#s100r011	16	0	0	0	0	ABSTAIN	A	0	0	0
H5B-D-6-00#s100r011	16	0	0	0	0	ABSTAIN	A	0	0	0
H5B-D-6-01#s100r011	16	0	0	0	0	ABSTAIN	A	0	0	0
H5B-D-6-02#s100r011	16	0	0	0	0	ABSTAIN	A	0	0	0
H5B-D-6-03#s100r011	16	0	0	0	0	ABSTAIN	A	0	0	0
H5B-D-6-04#s100r011	16	0	0	0	0	ABSTAIN	A	0	0	0
H5B-D-6-05#s100r011	16	0	0	0	0	ABSTAIN	A	0	0	0
H5B-D-6-06#s100r011	16	0	0	0	0	ABSTAIN	A	0	0	0
H5B-D-6-07#s100r011	16	0	0	0	0	ABSTAIN	A	0	0	0
H5B-D-6-08#s100r011	16	0	0	0	0	ABSTAIN	A	0	0	0
H5B-D-6-09#s100r011	16	0	0	0	0	ABSTAIN	A	0	0	0
H5B-P-06-00#s100r012	16	0	0	0	0	ABSTAIN	A	0	0	0
H5B-P-06-01#s100r012	16	0	0	0	0	ABSTAIN	A	0	0	0
H5B-P-06-02#s100r012	16	0	0	0	0	ABSTAIN	A	0	0	0
H5B-P-06-03#s100r012	16	0	0	0	0	ABSTAIN	A	0	0	0
H5B-P-06-04#s100r012	16	0	0	0	0	ABSTAIN	A	0	0	0
H5B-P-06-05#s100r012	16	0	0	0	0	ABSTAIN	A	0	0	0
H5B-P-06-06#s100r012	16	0	0	0	0	ABSTAIN	A	0	0	0
H5B-P-06-07#s100r012	16	0	0	0	0	ABSTAIN	A	0	0	0
H5B-P-06-08#s100r012	16	0	0	0	0	ABSTAIN	A	0	0	0
H5B-P-06-09#s100r012	16	0	0	0	0	ABSTAIN	A	0	0	0
H5B-P-12-00#s100r012	16	0	0	0	0	ABSTAIN	A	0	0	0
H5B-P-12-01#s100r012	16	0	0	0	0	ABSTAIN	A	0	0	0
H5B-P-12-02#s100r012	16	0	0	0	0	ABSTAIN	A	0	0	0
H5B-P-12-03#s100r012	16	0	0	0	0	ABSTAIN	A	0	0	0
H5B-P-12-04#s100r012	16	0	0	0	0	ABSTAIN	A	0	0	0
H5B-P-12-05#s100r012	16	0	0	0	0	ABSTAIN	A	0	0	0
H5B-P-12-06#s100r012	16	0	0	0	0	ABSTAIN	A	0	0	0
H5B-P-12-07#s100r012	16	0	0	0	0	ABSTAIN	A	0	0	0
H5B-P-12-08#s100r012	16	0	0	0	0	ABSTAIN	A	0	0	0
H5B-P-12-09#s100r012	16	0	0	0	0	ABSTAIN	A	0	0	0
H5B-P-20-00#s100r012	16	0	0	0	0	RELEASE	0	0	0	0
H5B-P-20-01#s100r012	16	0	0	0	0	RELEASE	0	0	0	0
H5B-P-20-02#s100r012	16	0	0	0	0	RELEASE	0	0	0	0
H5B-P-20-03#s100r012	16	0	0	0	0	RELEASE	0	0	0	0
H5B-P-20-04#s100r012	16	0	0	0	0	RELEASE	0	0	0	0
H5B-P-20-05#s100r012	16	0	0	0	0	RELEASE	0	0	0	0
H5B-P-20-06#s100r012	16	0	0	0	0	RELEASE	0	0	0	0
H5B-P-20-07#s100r012	16	0	0	0	0	RELEASE	0	0	0	0
H5B-P-20-08#s100r012	16	0	0	0	0	RELEASE	0	0	0	0
H5B-P-20-09#s100r012	16	0	0	0	0	RELEASE	0	0	0	0
H5B-P-40-00#s100r012	16	0	0	0	0	RELEASE	0	0	0	0
H5B-P-40-01#s100r012	16	0	0	0	0	RELEASE	0	0	0	0
H5B-P-40-02#s100r012	16	0	0	0	0	RELEASE	0	0	0	0
H5B-P-40-03#s100r012	16	0	0	0	0	RELEASE	0	0	0	0
H5B-P-40-04#s100r012	16	0	0	0	0	RELEASE	0	0	0	0
H5B-P-40-05#s100r012	16	0	0	0	0	RELEASE	0	0	0	0
H5B-P-40-06#s100r012	16	0	0	0	0	RELEASE	0	0	0	0
H5B-P-40-07#s100r012	16	0	0	0	0	RELEASE	0	0	0	0
H5B-P-40-08#s100r012	16	0	0	0	0	RELEASE	0	0	0	0
H5B-P-40-09#s100r012	16	0	0	0	0	RELEASE	0	0	0	0
H5B-O-06-00#s100r012	16	0	0	0	0	ABSTAIN	A	0	0	0
H5B-O-06-01#s100r012	16	0	0	0	0	ABSTAIN	A	0	0	0
H5B-O-06-02#s100r012	16	0	0	0	0	ABSTAIN	A	0	0	0
H5B-O-06-03#s100r012	16	0	0	0	0	ABSTAIN	A	0	0	0
H5B-O-06-04#s100r012	16	0	0	0	0	ABSTAIN	A	0	0	0
H5B-O-06-05#s100r012	16	0	0	0	0	ABSTAIN	A	0	0	0
H5B-O-06-06#s100r012	16	0	0	0	0	ABSTAIN	A	0	0	0
H5B-O-06-07#s100r012	16	0	0	0	0	ABSTAIN	A	0	0	0
H5B-O-06-08#s100r012	16	0	0	0	0	ABSTAIN	A	0	0	0
H5B-O-06-09#s100r012	16	0	0	0	0	ABSTAIN	A	0	0	0
H5B-O-12-00#s100r012	16	0	0	0	0	ABSTAIN	A	0	0	0
H5B-O-12-01#s100r012	16	0	0	0	0	ABSTAIN	A	0	0	0
H5B-O-12-02#s100r012	16	0	0	0	0	ABSTAIN	A	0	0	0
H5B-O-12-03#s100r012	16	0	0	0	0	ABSTAIN	A	0	0	0
H5B-O-12-04#s100r012	16	0	0	0	0	ABSTAIN	A	0	0	0
H5B-O-12-05#s100r012	16	0	0	0	0	ABSTAIN	A	0	0	0
H5B-O-12-06#s100r012	16	0	0	0	0	ABSTAIN	A	0	0	0
H5B-O-12-07#s100r012	16	0	0	0	0	ABSTAIN	A	0	0	0
H5B-O-12-08#s100r012	16	0	0	0	0	ABSTAIN	A	0	0	0
H5B-O-12-09#s100r012	16	0	0	0	0	ABSTAIN	A	0	0	0
H5B-O-20-00#s100r012	16	0	0	0	0	RELEASE	1	652	0	0
H5B-O-20-01#s100r012	16	0	0	0	0	RELEASE	1	507	0	0
H5B-O-20-02#s100r012	16	0	0	0	0	RELEASE	1	652	0	0
H5B-O-20-03#s100r012	16	0	0	0	0	RELEASE	1	508	0	0
H5B-O-20-04#s100r012	16	0	0	0	0	RELEASE	1	653	0	0
H5B-O-20-05#s100r012	16	0	0	0	0	RELEASE	1	653	0	0
H5B-O-20-06#s100r012	16	0	0	0	0	RELEASE	1	509	0	0
H5B-O-20-07#s100r012	16	0	0	0	0	RELEASE	1	654	0	0
H5B-O-20-08#s100r012	16	0	0	0	0	RELEASE	1	511	0	0
H5B-O-20-09#s100r012	16	0	0	0	0	RELEASE	1	654	0	0
H5B-O-40-00#s100r012	16	0	0	0	0	RELEASE	1	650	0	0
H5B-O-40-01#s100r012	16	0	0	0	0	RELEASE	1	512	0	0
H5B-O-40-02#s100r012	16	0	0	0	0	RELEASE	1	650	0	0
H5B-O-40-03#s100r012	16	0	0	0	0	RELEASE	1	513	0	0
H5B-O-40-04#s100r012	16	0	0	0	0	RELEASE	1	651	0	0
H5B-O-40-05#s100r012	16	0	0	0	0	RELEASE	1	651	0	0
H5B-O-40-06#s100r012	16	0	0	0	0	RELEASE	1	514	0	0
H5B-O-40-07#s100r012	16	0	0	0	0	RELEASE	1	651	0	0
H5B-O-40-08#s100r012	16	0	0	0	0	RELEASE	1	516	0	0
H5B-O-40-09#s100r012	16	0	0	0	0	RELEASE	1	652	0	0
H5B-D-0-00#s100r012	16	0	0	0	0	RELEASE	1	669	0	0
H5B-D-0-01#s100r012	16	0	0	0	0	RELEASE	1	669	0	0
H5B-D-0-02#s100r012	16	0	0	0	0	RELEASE	1	669	0	0
H5B-D-0-03#s100r012	16	0	0	0	0	RELEASE	1	670	0	0
H5B-D-0-04#s100r012	16	0	0	0	0	RELEASE	1	670	0	0
H5B-D-0-05#s100r012	16	0	0	0	0	RELEASE	1	670	0	0
H5B-D-0-06#s100r012	16	0	0	0	0	RELEASE	1	671	0	0
H5B-D-0-07#s100r012	16	0	0	0	0	RELEASE	1	671	0	0
H5B-D-0-08#s100r012	16	0	0	0	0	RELEASE	1	671	0	0
H5B-D-0-09#s100r012	16	0	0	0	0	RELEASE	1	672	0	0
H5B-D-1-00#s100r012	16	0	0	0	0	ABSTAIN	A	0	0	0
H5B-D-1-01#s100r012	16	0	0	0	0	ABSTAIN	A	0	0	0
H5B-D-1-02#s100r012	16	0	0	0	0	ABSTAIN	A	0	0	0
H5B-D-1-03#s100r012	16	0	0	0	0	ABSTAIN	A	0	0	0
H5B-D-1-04#s100r012	16	0	0	0	0	ABSTAIN	A	0	0	0
H5B-D-1-05#s100r012	16	0	0	0	0	ABSTAIN	A	0	0	0
H5B-D-1-06#s100r012	16	0	0	0	0	ABSTAIN	A	0	0	0
H5B-D-1-07#s100r012	16	0	0	0	0	ABSTAIN	A	0	0	0
H5B-D-1-08#s100r012	16	0	0	0	0	ABSTAIN	A	0	0	0
H5B-D-1-09#s100r012	16	0	0	0	0	ABSTAIN	A	0	0	0
H5B-D-2-00#s100r012	16	0	0	0	0	ABSTAIN	A	0	0	0
H5B-D-2-01#s100r012	16	0	0	0	0	ABSTAIN	A	0	0	0
H5B-D-2-02#s100r012	16	0	0	0	0	ABSTAIN	A	0	0	0
H5B-D-2-03#s100r012	16	0	0	0	0	ABSTAIN	A	0	0	0
H5B-D-2-04#s100r012	16	0	0	0	0	ABSTAIN	A	0	0	0
H5B-D-2-05#s100r012	16	0	0	0	0	ABSTAIN	A	0	0	0
H5B-D-2-06#s100r012	16	0	0	0	0	ABSTAIN	A	0	0	0
H5B-D-2-07#s100r012	16	0	0	0	0	ABSTAIN	A	0	0	0
H5B-D-2-08#s100r012	16	0	0	0	0	ABSTAIN	A	0	0	0
H5B-D-2-09#s100r012	16	0	0	0	0	ABSTAIN	A	0	0	0
H5B-D-6-00#s100r012	16	0	0	0	0	ABSTAIN	A	0	0	0
H5B-D-6-01#s100r012	16	0	0	0	0	ABSTAIN	A	0	0	0
H5B-D-6-02#s100r012	16	0	0	0	0	ABSTAIN	A	0	0	0
H5B-D-6-03#s100r012	16	0	0	0	0	ABSTAIN	A	0	0	0
H5B-D-6-04#s100r012	16	0	0	0	0	ABSTAIN	A	0	0	0
H5B-D-6-05#s100r012	16	0	0	0	0	ABSTAIN	A	0	0	0
H5B-D-6-06#s100r012	16	0	0	0	0	ABSTAIN	A	0	0	0
H5B-D-6-07#s100r012	16	0	0	0	0	ABSTAIN	A	0	0	0
H5B-D-6-08#s100r012	16	0	0	0	0	ABSTAIN	A	0	0	0
H5B-D-6-09#s100r012	16	0	0	0	0	ABSTAIN	A	0	0	0
H5B-P-06-00#s100r013	16	0	0	0	0	ABSTAIN	A	0	0	0
H5B-P-06-01#s100r013	16	0	0	0	0	ABSTAIN	A	0	0	0
H5B-P-06-02#s100r013	16	0	0	0	0	ABSTAIN	A	0	0	0
H5B-P-06-03#s100r013	16	0	0	0	0	ABSTAIN	A	0	0	0
H5B-P-06-04#s100r013	16	0	0	0	0	ABSTAIN	A	0	0	0
H5B-P-06-05#s100r013	16	0	0	0	0	ABSTAIN	A	0	0	0
H5B-P-06-06#s100r013	16	0	0	0	0	ABSTAIN	A	0	0	0
H5B-P-06-07#s100r013	16	0	0	0	0	ABSTAIN	A	0	0	0
H5B-P-06-08#s100r013	16	0	0	0	0	ABSTAIN	A	0	0	0
H5B-P-06-09#s100r013	16	0	0	0	0	ABSTAIN	A	0	0	0
H5B-P-12-00#s100r013	16	0	0	0	0	ABSTAIN	A	0	0	0
H5B-P-12-01#s100r013	16	0	0	0	0	ABSTAIN	A	0	0	0
H5B-P-12-02#s100r013	16	0	0	0	0	ABSTAIN	A	0	0	0
H5B-P-12-03#s100r013	16	0	0	0	0	ABSTAIN	A	0	0	0
H5B-P-12-04#s100r013	16	0	0	0	0	ABSTAIN	A	0	0	0
H5B-P-12-05#s100r013	16	0	0	0	0	ABSTAIN	A	0	0	0
H5B-P-12-06#s100r013	16	0	0	0	0	ABSTAIN	A	0	0	0
H5B-P-12-07#s100r013	16	0	0	0	0	ABSTAIN	A	0	0	0
H5B-P-12-08#s100r013	16	0	0	0	0	ABSTAIN	A	0	0	0
H5B-P-12-09#s100r013	16	0	0	0	0	ABSTAIN	A	0	0	0
H5B-P-20-00#s100r013	16	0	0	0	0	RELEASE	0	0	0	0
H5B-P-20-01#s100r013	16	0	0	0	0	RELEASE	0	0	0	0
H5B-P-20-02#s100r013	16	0	0	0	0	RELEASE	0	0	0	0
H5B-P-20-03#s100r013	16	0	0	0	0	RELEASE	0	0	0	0
H5B-P-20-04#s100r013	16	0	0	0	0	RELEASE	0	0	0	0
H5B-P-20-05#s100r013	16	0	0	0	0	RELEASE	0	0	0	0
H5B-P-20-06#s100r013	16	0	0	0	0	RELEASE	0	0	0	0
H5B-P-20-07#s100r013	16	0	0	0	0	RELEASE	0	0	0	0
H5B-P-20-08#s100r013	16	0	0	0	0	RELEASE	0	0	0	0
H5B-P-20-09#s100r013	16	0	0	0	0	RELEASE	0	0	0	0
H5B-P-40-00#s100r013	16	0	0	0	0	RELEASE	0	0	0	0
H5B-P-40-01#s100r013	16	0	0	0	0	RELEASE	0	0	0	0
H5B-P-40-02#s100r013	16	0	0	0	0	RELEASE	0	0	0	0
H5B-P-40-03#s100r013	16	0	0	0	0	RELEASE	0	0	0	0
H5B-P-40-04#s100r013	16	0	0	0	0	RELEASE	0	0	0	0
H5B-P-40-05#s100r013	16	0	0	0	0	RELEASE	0	0	0	0
H5B-P-40-06#s100r013	16	0	0	0	0	RELEASE	0	0	0	0
H5B-P-40-07#s100r013	16	0	0	0	0	RELEASE	0	0	0	0
H5B-P-40-08#s100r013	16	0	0	0	0	RELEASE	0	0	0	0
H5B-P-40-09#s100r013	16	0	0	0	0	RELEASE	0	0	0	0
H5B-O-06-00#s100r013	16	0	0	0	0	ABSTAIN	A	0	0	0
H5B-O-06-01#s100r013	16	0	0	0	0	ABSTAIN	A	0	0	0
H5B-O-06-02#s100r013	16	0	0	0	0	ABSTAIN	A	0	0	0
H5B-O-06-03#s100r013	16	0	0	0	0	ABSTAIN	A	0	0	0
H5B-O-06-04#s100r013	16	0	0	0	0	ABSTAIN	A	0	0	0
H5B-O-06-05#s100r013	16	0	0	0	0	ABSTAIN	A	0	0	0
H5B-O-06-06#s100r013	16	0	0	0	0	ABSTAIN	A	0	0	0
H5B-O-06-07#s100r013	16	0	0	0	0	ABSTAIN	A	0	0	0
H5B-O-06-08#s100r013	16	0	0	0	0	ABSTAIN	A	0	0	0
H5B-O-06-09#s100r013	16	0	0	0	0	ABSTAIN	A	0	0	0
H5B-O-12-00#s100r013	16	0	0	0	0	ABSTAIN	A	0	0	0
H5B-O-12-01#s100r013	16	0	0	0	0	ABSTAIN	A	0	0	0
H5B-O-12-02#s100r013	16	0	0	0	0	ABSTAIN	A	0	0	0
H5B-O-12-03#s100r013	16	0	0	0	0	ABSTAIN	A	0	0	0
H5B-O-12-04#s100r013	16	0	0	0	0	ABSTAIN	A	0	0	0
H5B-O-12-05#s100r013	16	0	0	0	0	ABSTAIN	A	0	0	0
H5B-O-12-06#s100r013	16	0	0	0	0	ABSTAIN	A	0	0	0
H5B-O-12-07#s100r013	16	0	0	0	0	ABSTAIN	A	0	0	0
H5B-O-12-08#s100r013	16	0	0	0	0	ABSTAIN	A	0	0	0
H5B-O-12-09#s100r013	16	0	0	0	0	ABSTAIN	A	0	0	0
H5B-O-20-00#s100r013	16	0	0	0	0	RELEASE	1	652	0	0
H5B-O-20-01#s100r013	16	0	0	0	0	RELEASE	1	508	0	0
H5B-O-20-02#s100r013	16	0	0	0	0	RELEASE	1	652	0	0
H5B-O-20-03#s100r013	16	0	0	0	0	RELEASE	1	509	0	0
H5B-O-20-04#s100r013	16	0	0	0	0	RELEASE	1	653	0	0
H5B-O-20-05#s100r013	16	0	0	0	0	RELEASE	1	653	0	0
H5B-O-20-06#s100r013	16	0	0	0	0	RELEASE	1	510	0	0
H5B-O-20-07#s100r013	16	0	0	0	0	RELEASE	1	653	0	0
H5B-O-20-08#s100r013	16	0	0	0	0	RELEASE	1	511	0	0
H5B-O-20-09#s100r013	16	0	0	0	0	RELEASE	1	654	0	0
H5B-O-40-00#s100r013	16	0	0	0	0	RELEASE	1	650	0	0
H5B-O-40-01#s100r013	16	0	0	0	0	RELEASE	1	512	0	0
H5B-O-40-02#s100r013	16	0	0	0	0	RELEASE	1	650	0	0
H5B-O-40-03#s100r013	16	0	0	0	0	RELEASE	1	513	0	0
H5B-O-40-04#s100r013	16	0	0	0	0	RELEASE	1	651	0	0
H5B-O-40-05#s100r013	16	0	0	0	0	RELEASE	1	651	0	0
H5B-O-40-06#s100r013	16	0	0	0	0	RELEASE	1	514	0	0
H5B-O-40-07#s100r013	16	0	0	0	0	RELEASE	1	651	0	0
H5B-O-40-08#s100r013	16	0	0	0	0	RELEASE	1	516	0	0
H5B-O-40-09#s100r013	16	0	0	0	0	RELEASE	1	652	0	0
H5B-D-0-00#s100r013	16	0	0	0	0	RELEASE	1	668	0	0
H5B-D-0-01#s100r013	16	0	0	0	0	RELEASE	1	668	0	0
H5B-D-0-02#s100r013	16	0	0	0	0	RELEASE	1	669	0	0
H5B-D-0-03#s100r013	16	0	0	0	0	RELEASE	1	669	0	0
H5B-D-0-04#s100r013	16	0	0	0	0	RELEASE	1	669	0	0
H5B-D-0-05#s100r013	16	0	0	0	0	RELEASE	1	669	0	0
H5B-D-0-06#s100r013	16	0	0	0	0	RELEASE	1	670	0	0
H5B-D-0-07#s100r013	16	0	0	0	0	RELEASE	1	670	0	0
H5B-D-0-08#s100r013	16	0	0	0	0	RELEASE	1	670	0	0
H5B-D-0-09#s100r013	16	0	0	0	0	RELEASE	1	671	0	0
H5B-D-1-00#s100r013	16	0	0	0	0	ABSTAIN	A	0	0	0
H5B-D-1-01#s100r013	16	0	0	0	0	ABSTAIN	A	0	0	0
H5B-D-1-02#s100r013	16	0	0	0	0	ABSTAIN	A	0	0	0
H5B-D-1-03#s100r013	16	0	0	0	0	ABSTAIN	A	0	0	0
H5B-D-1-04#s100r013	16	0	0	0	0	ABSTAIN	A	0	0	0
H5B-D-1-05#s100r013	16	0	0	0	0	ABSTAIN	A	0	0	0
H5B-D-1-06#s100r013	16	0	0	0	0	ABSTAIN	A	0	0	0
H5B-D-1-07#s100r013	16	0	0	0	0	ABSTAIN	A	0	0	0
H5B-D-1-08#s100r013	16	0	0	0	0	ABSTAIN	A	0	0	0
H5B-D-1-09#s100r013	16	0	0	0	0	ABSTAIN	A	0	0	0
H5B-D-2-00#s100r013	16	0	0	0	0	ABSTAIN	A	0	0	0
H5B-D-2-01#s100r013	16	0	0	0	0	ABSTAIN	A	0	0	0
H5B-D-2-02#s100r013	16	0	0	0	0	ABSTAIN	A	0	0	0
H5B-D-2-03#s100r013	16	0	0	0	0	ABSTAIN	A	0	0	0
H5B-D-2-04#s100r013	16	0	0	0	0	ABSTAIN	A	0	0	0
H5B-D-2-05#s100r013	16	0	0	0	0	ABSTAIN	A	0	0	0
H5B-D-2-06#s100r013	16	0	0	0	0	ABSTAIN	A	0	0	0
H5B-D-2-07#s100r013	16	0	0	0	0	ABSTAIN	A	0	0	0
H5B-D-2-08#s100r013	16	0	0	0	0	ABSTAIN	A	0	0	0
H5B-D-2-09#s100r013	16	0	0	0	0	ABSTAIN	A	0	0	0
H5B-D-6-00#s100r013	16	0	0	0	0	ABSTAIN	A	0	0	0
H5B-D-6-01#s100r013	16	0	0	0	0	ABSTAIN	A	0	0	0
H5B-D-6-02#s100r013	16	0	0	0	0	ABSTAIN	A	0	0	0
H5B-D-6-03#s100r013	16	0	0	0	0	ABSTAIN	A	0	0	0
H5B-D-6-04#s100r013	16	0	0	0	0	ABSTAIN	A	0	0	0
H5B-D-6-05#s100r013	16	0	0	0	0	ABSTAIN	A	0	0	0
H5B-D-6-06#s100r013	16	0	0	0	0	ABSTAIN	A	0	0	0
H5B-D-6-07#s100r013	16	0	0	0	0	ABSTAIN	A	0	0	0
H5B-D-6-08#s100r013	16	0	0	0	0	ABSTAIN	A	0	0	0
H5B-D-6-09#s100r013	16	0	0	0	0	ABSTAIN	A	0	0	0
H5B-P-06-00#s100r014	16	0	0	0	0	ABSTAIN	A	0	0	0
H5B-P-06-01#s100r014	16	0	0	0	0	ABSTAIN	A	0	0	0
H5B-P-06-02#s100r014	16	0	0	0	0	ABSTAIN	A	0	0	0
H5B-P-06-03#s100r014	16	0	0	0	0	ABSTAIN	A	0	0	0
H5B-P-06-04#s100r014	16	0	0	0	0	ABSTAIN	A	0	0	0
H5B-P-06-05#s100r014	16	0	0	0	0	ABSTAIN	A	0	0	0
H5B-P-06-06#s100r014	16	0	0	0	0	ABSTAIN	A	0	0	0
H5B-P-06-07#s100r014	16	0	0	0	0	ABSTAIN	A	0	0	0
H5B-P-06-08#s100r014	16	0	0	0	0	ABSTAIN	A	0	0	0
H5B-P-06-09#s100r014	16	0	0	0	0	ABSTAIN	A	0	0	0
H5B-P-12-00#s100r014	16	0	0	0	0	ABSTAIN	A	0	0	0
H5B-P-12-01#s100r014	16	0	0	0	0	ABSTAIN	A	0	0	0
H5B-P-12-02#s100r014	16	0	0	0	0	ABSTAIN	A	0	0	0
H5B-P-12-03#s100r014	16	0	0	0	0	ABSTAIN	A	0	0	0
H5B-P-12-04#s100r014	16	0	0	0	0	ABSTAIN	A	0	0	0
H5B-P-12-05#s100r014	16	0	0	0	0	ABSTAIN	A	0	0	0
H5B-P-12-06#s100r014	16	0	0	0	0	ABSTAIN	A	0	0	0
H5B-P-12-07#s100r014	16	0	0	0	0	ABSTAIN	A	0	0	0
H5B-P-12-08#s100r014	16	0	0	0	0	ABSTAIN	A	0	0	0
H5B-P-12-09#s100r014	16	0	0	0	0	ABSTAIN	A	0	0	0
H5B-P-20-00#s100r014	16	0	0	0	0	RELEASE	0	0	0	0
H5B-P-20-01#s100r014	16	0	0	0	0	RELEASE	0	0	0	0
H5B-P-20-02#s100r014	16	0	0	0	0	RELEASE	0	0	0	0
H5B-P-20-03#s100r014	16	0	0	0	0	RELEASE	0	0	0	0
H5B-P-20-04#s100r014	16	0	0	0	0	RELEASE	0	0	0	0
H5B-P-20-05#s100r014	16	0	0	0	0	RELEASE	0	0	0	0
H5B-P-20-06#s100r014	16	0	0	0	0	RELEASE	0	0	0	0
H5B-P-20-07#s100r014	16	0	0	0	0	RELEASE	0	0	0	0
H5B-P-20-08#s100r014	16	0	0	0	0	RELEASE	0	0	0	0
H5B-P-20-09#s100r014	16	0	0	0	0	RELEASE	0	0	0	0
H5B-P-40-00#s100r014	16	0	0	0	0	RELEASE	0	0	0	0
H5B-P-40-01#s100r014	16	0	0	0	0	RELEASE	0	0	0	0
H5B-P-40-02#s100r014	16	0	0	0	0	RELEASE	0	0	0	0
H5B-P-40-03#s100r014	16	0	0	0	0	RELEASE	0	0	0	0
H5B-P-40-04#s100r014	16	0	0	0	0	RELEASE	0	0	0	0
H5B-P-40-05#s100r014	16	0	0	0	0	RELEASE	0	0	0	0
H5B-P-40-06#s100r014	16	0	0	0	0	RELEASE	0	0	0	0
H5B-P-40-07#s100r014	16	0	0	0	0	RELEASE	0	0	0	0
H5B-P-40-08#s100r014	16	0	0	0	0	RELEASE	0	0	0	0
H5B-P-40-09#s100r014	16	0	0	0	0	RELEASE	0	0	0	0
H5B-O-06-00#s100r014	16	0	0	0	0	ABSTAIN	A	0	0	0
H5B-O-06-01#s100r014	16	0	0	0	0	ABSTAIN	A	0	0	0
H5B-O-06-02#s100r014	16	0	0	0	0	ABSTAIN	A	0	0	0
H5B-O-06-03#s100r014	16	0	0	0	0	ABSTAIN	A	0	0	0
H5B-O-06-04#s100r014	16	0	0	0	0	ABSTAIN	A	0	0	0
H5B-O-06-05#s100r014	16	0	0	0	0	ABSTAIN	A	0	0	0
H5B-O-06-06#s100r014	16	0	0	0	0	ABSTAIN	A	0	0	0
H5B-O-06-07#s100r014	16	0	0	0	0	ABSTAIN	A	0	0	0
H5B-O-06-08#s100r014	16	0	0	0	0	ABSTAIN	A	0	0	0
H5B-O-06-09#s100r014	16	0	0	0	0	ABSTAIN	A	0	0	0
H5B-O-12-00#s100r014	16	0	0	0	0	ABSTAIN	A	0	0	0
H5B-O-12-01#s100r014	16	0	0	0	0	ABSTAIN	A	0	0	0
H5B-O-12-02#s100r014	16	0	0	0	0	ABSTAIN	A	0	0	0
H5B-O-12-03#s100r014	16	0	0	0	0	ABSTAIN	A	0	0	0
H5B-O-12-04#s100r014	16	0	0	0	0	ABSTAIN	A	0	0	0
H5B-O-12-05#s100r014	16	0	0	0	0	ABSTAIN	A	0	0	0
H5B-O-12-06#s100r014	16	0	0	0	0	ABSTAIN	A	0	0	0
H5B-O-12-07#s100r014	16	0	0	0	0	ABSTAIN	A	0	0	0
H5B-O-12-08#s100r014	16	0	0	0	0	ABSTAIN	A	0	0	0
H5B-O-12-09#s100r014	16	0	0	0	0	ABSTAIN	A	0	0	0
H5B-O-20-00#s100r014	16	0	0	0	0	RELEASE	1	652	0	0
H5B-O-20-01#s100r014	16	0	0	0	0	RELEASE	1	508	0	0
H5B-O-20-02#s100r014	16	0	0	0	0	RELEASE	1	652	0	0
H5B-O-20-03#s100r014	16	0	0	0	0	RELEASE	1	509	0	0
H5B-O-20-04#s100r014	16	0	0	0	0	RELEASE	1	653	0	0
H5B-O-20-05#s100r014	16	0	0	0	0	RELEASE	1	653	0	0
H5B-O-20-06#s100r014	16	0	0	0	0	RELEASE	1	510	0	0
H5B-O-20-07#s100r014	16	0	0	0	0	RELEASE	1	653	0	0
H5B-O-20-08#s100r014	16	0	0	0	0	RELEASE	1	511	0	0
H5B-O-20-09#s100r014	16	0	0	0	0	RELEASE	1	654	0	0
H5B-O-40-00#s100r014	16	0	0	0	0	RELEASE	1	650	0	0
H5B-O-40-01#s100r014	16	0	0	0	0	RELEASE	1	512	0	0
H5B-O-40-02#s100r014	16	0	0	0	0	RELEASE	1	650	0	0
H5B-O-40-03#s100r014	16	0	0	0	0	RELEASE	1	513	0	0
H5B-O-40-04#s100r014	16	0	0	0	0	RELEASE	1	651	0	0
H5B-O-40-05#s100r014	16	0	0	0	0	RELEASE	1	651	0	0
H5B-O-40-06#s100r014	16	0	0	0	0	RELEASE	1	514	0	0
H5B-O-40-07#s100r014	16	0	0	0	0	RELEASE	1	651	0	0
H5B-O-40-08#s100r014	16	0	0	0	0	RELEASE	1	515	0	0
H5B-O-40-09#s100r014	16	0	0	0	0	RELEASE	1	652	0	0
H5B-D-0-00#s100r014	16	0	0	0	0	RELEASE	1	667	0	0
H5B-D-0-01#s100r014	16	0	0	0	0	RELEASE	1	668	0	0
H5B-D-0-02#s100r014	16	0	0	0	0	RELEASE	1	668	0	0
H5B-D-0-03#s100r014	16	0	0	0	0	RELEASE	1	668	0	0
H5B-D-0-04#s100r014	16	0	0	0	0	RELEASE	1	668	0	0
H5B-D-0-05#s100r014	16	0	0	0	0	RELEASE	1	669	0	0
H5B-D-0-06#s100r014	16	0	0	0	0	RELEASE	1	669	0	0
H5B-D-0-07#s100r014	16	0	0	0	0	RELEASE	1	669	0	0
H5B-D-0-08#s100r014	16	0	0	0	0	RELEASE	1	669	0	0
H5B-D-0-09#s100r014	16	0	0	0	0	RELEASE	1	670	0	0
H5B-D-1-00#s100r014	16	0	0	0	0	ABSTAIN	A	0	0	0
H5B-D-1-01#s100r014	16	0	0	0	0	ABSTAIN	A	0	0	0
H5B-D-1-02#s100r014	16	0	0	0	0	ABSTAIN	A	0	0	0
H5B-D-1-03#s100r014	16	0	0	0	0	ABSTAIN	A	0	0	0
H5B-D-1-04#s100r014	16	0	0	0	0	ABSTAIN	A	0	0	0
H5B-D-1-05#s100r014	16	0	0	0	0	ABSTAIN	A	0	0	0
H5B-D-1-06#s100r014	16	0	0	0	0	ABSTAIN	A	0	0	0
H5B-D-1-07#s100r014	16	0	0	0	0	ABSTAIN	A	0	0	0
H5B-D-1-08#s100r014	16	0	0	0	0	ABSTAIN	A	0	0	0
H5B-D-1-09#s100r014	16	0	0	0	0	ABSTAIN	A	0	0	0
H5B-D-2-00#s100r014	16	0	0	0	0	ABSTAIN	A	0	0	0
H5B-D-2-01#s100r014	16	0	0	0	0	ABSTAIN	A	0	0	0
H5B-D-2-02#s100r014	16	0	0	0	0	ABSTAIN	A	0	0	0
H5B-D-2-03#s100r014	16	0	0	0	0	ABSTAIN	A	0	0	0
H5B-D-2-04#s100r014	16	0	0	0	0	ABSTAIN	A	0	0	0
H5B-D-2-05#s100r014	16	0	0	0	0	ABSTAIN	A	0	0	0
H5B-D-2-06#s100r014	16	0	0	0	0	ABSTAIN	A	0	0	0
H5B-D-2-07#s100r014	16	0	0	0	0	ABSTAIN	A	0	0	0
H5B-D-2-08#s100r014	16	0	0	0	0	ABSTAIN	A	0	0	0
H5B-D-2-09#s100r014	16	0	0	0	0	ABSTAIN	A	0	0	0
H5B-D-6-00#s100r014	16	0	0	0	0	ABSTAIN	A	0	0	0
H5B-D-6-01#s100r014	16	0	0	0	0	ABSTAIN	A	0	0	0
H5B-D-6-02#s100r014	16	0	0	0	0	ABSTAIN	A	0	0	0
H5B-D-6-03#s100r014	16	0	0	0	0	ABSTAIN	A	0	0	0
H5B-D-6-04#s100r014	16	0	0	0	0	ABSTAIN	A	0	0	0
H5B-D-6-05#s100r014	16	0	0	0	0	ABSTAIN	A	0	0	0
H5B-D-6-06#s100r014	16	0	0	0	0	ABSTAIN	A	0	0	0
H5B-D-6-07#s100r014	16	0	0	0	0	ABSTAIN	A	0	0	0
H5B-D-6-08#s100r014	16	0	0	0	0	ABSTAIN	A	0	0	0
H5B-D-6-09#s100r014	16	0	0	0	0	ABSTAIN	A	0	0	0
H5B-P-06-00#s100r015	16	0	0	0	0	ABSTAIN	A	0	0	0
H5B-P-06-01#s100r015	16	0	0	0	0	ABSTAIN	A	0	0	0
H5B-P-06-02#s100r015	16	0	0	0	0	ABSTAIN	A	0	0	0
H5B-P-06-03#s100r015	16	0	0	0	0	ABSTAIN	A	0	0	0
H5B-P-06-04#s100r015	16	0	0	0	0	ABSTAIN	A	0	0	0
H5B-P-06-05#s100r015	16	0	0	0	0	ABSTAIN	A	0	0	0
H5B-P-06-06#s100r015	16	0	0	0	0	ABSTAIN	A	0	0	0
H5B-P-06-07#s100r015	16	0	0	0	0	ABSTAIN	A	0	0	0
H5B-P-06-08#s100r015	16	0	0	0	0	ABSTAIN	A	0	0	0
H5B-P-06-09#s100r015	16	0	0	0	0	ABSTAIN	A	0	0	0
H5B-P-12-00#s100r015	16	0	0	0	0	ABSTAIN	A	0	0	0
H5B-P-12-01#s100r015	16	0	0	0	0	ABSTAIN	A	0	0	0
H5B-P-12-02#s100r015	16	0	0	0	0	ABSTAIN	A	0	0	0
H5B-P-12-03#s100r015	16	0	0	0	0	ABSTAIN	A	0	0	0
H5B-P-12-04#s100r015	16	0	0	0	0	ABSTAIN	A	0	0	0
H5B-P-12-05#s100r015	16	0	0	0	0	ABSTAIN	A	0	0	0
H5B-P-12-06#s100r015	16	0	0	0	0	ABSTAIN	A	0	0	0
H5B-P-12-07#s100r015	16	0	0	0	0	ABSTAIN	A	0	0	0
H5B-P-12-08#s100r015	16	0	0	0	0	ABSTAIN	A	0	0	0
H5B-P-12-09#s100r015	16	0	0	0	0	ABSTAIN	A	0	0	0
H5B-P-20-00#s100r015	16	0	0	0	0	RELEASE	0	0	0	0
H5B-P-20-01#s100r015	16	0	0	0	0	RELEASE	0	0	0	0
H5B-P-20-02#s100r015	16	0	0	0	0	RELEASE	0	0	0	0
H5B-P-20-03#s100r015	16	0	0	0	0	RELEASE	0	0	0	0
H5B-P-20-04#s100r015	16	0	0	0	0	RELEASE	0	0	0	0
H5B-P-20-05#s100r015	16	0	0	0	0	RELEASE	0	0	0	0
H5B-P-20-06#s100r015	16	0	0	0	0	RELEASE	0	0	0	0
H5B-P-20-07#s100r015	16	0	0	0	0	RELEASE	0	0	0	0
H5B-P-20-08#s100r015	16	0	0	0	0	RELEASE	0	0	0	0
H5B-P-20-09#s100r015	16	0	0	0	0	RELEASE	0	0	0	0
H5B-P-40-00#s100r015	16	0	0	0	0	RELEASE	0	0	0	0
H5B-P-40-01#s100r015	16	0	0	0	0	RELEASE	0	0	0	0
H5B-P-40-02#s100r015	16	0	0	0	0	RELEASE	0	0	0	0
H5B-P-40-03#s100r015	16	0	0	0	0	RELEASE	0	0	0	0
H5B-P-40-04#s100r015	16	0	0	0	0	RELEASE	0	0	0	0
H5B-P-40-05#s100r015	16	0	0	0	0	RELEASE	0	0	0	0
H5B-P-40-06#s100r015	16	0	0	0	0	RELEASE	0	0	0	0
H5B-P-40-07#s100r015	16	0	0	0	0	RELEASE	0	0	0	0
H5B-P-40-08#s100r015	16	0	0	0	0	RELEASE	0	0	0	0
H5B-P-40-09#s100r015	16	0	0	0	0	RELEASE	0	0	0	0
H5B-O-06-00#s100r015	16	0	0	0	0	ABSTAIN	A	0	0	0
H5B-O-06-01#s100r015	16	0	0	0	0	ABSTAIN	A	0	0	0
H5B-O-06-02#s100r015	16	0	0	0	0	ABSTAIN	A	0	0	0
H5B-O-06-03#s100r015	16	0	0	0	0	ABSTAIN	A	0	0	0
H5B-O-06-04#s100r015	16	0	0	0	0	ABSTAIN	A	0	0	0
H5B-O-06-05#s100r015	16	0	0	0	0	ABSTAIN	A	0	0	0
H5B-O-06-06#s100r015	16	0	0	0	0	ABSTAIN	A	0	0	0
H5B-O-06-07#s100r015	16	0	0	0	0	ABSTAIN	A	0	0	0
H5B-O-06-08#s100r015	16	0	0	0	0	ABSTAIN	A	0	0	0
H5B-O-06-09#s100r015	16	0	0	0	0	ABSTAIN	A	0	0	0
H5B-O-12-00#s100r015	16	0	0	0	0	ABSTAIN	A	0	0	0
H5B-O-12-01#s100r015	16	0	0	0	0	ABSTAIN	A	0	0	0
H5B-O-12-02#s100r015	16	0	0	0	0	ABSTAIN	A	0	0	0
H5B-O-12-03#s100r015	16	0	0	0	0	ABSTAIN	A	0	0	0
H5B-O-12-04#s100r015	16	0	0	0	0	ABSTAIN	A	0	0	0
H5B-O-12-05#s100r015	16	0	0	0	0	ABSTAIN	A	0	0	0
H5B-O-12-06#s100r015	16	0	0	0	0	ABSTAIN	A	0	0	0
H5B-O-12-07#s100r015	16	0	0	0	0	ABSTAIN	A	0	0	0
H5B-O-12-08#s100r015	16	0	0	0	0	ABSTAIN	A	0	0	0
H5B-O-12-09#s100r015	16	0	0	0	0	ABSTAIN	A	0	0	0
H5B-O-20-00#s100r015	16	0	0	0	0	RELEASE	1	652	0	0
H5B-O-20-01#s100r015	16	0	0	0	0	RELEASE	1	508	0	0
H5B-O-20-02#s100r015	16	0	0	0	0	RELEASE	1	652	0	0
H5B-O-20-03#s100r015	16	0	0	0	0	RELEASE	1	510	0	0
H5B-O-20-04#s100r015	16	0	0	0	0	RELEASE	1	653	0	0
H5B-O-20-05#s100r015	16	0	0	0	0	RELEASE	1	653	0	0
H5B-O-20-06#s100r015	16	0	0	0	0	RELEASE	1	510	0	0
H5B-O-20-07#s100r015	16	0	0	0	0	RELEASE	1	653	0	0
H5B-O-20-08#s100r015	16	0	0	0	0	RELEASE	1	511	0	0
H5B-O-20-09#s100r015	16	0	0	0	0	RELEASE	1	654	0	0
H5B-O-40-00#s100r015	16	0	0	0	0	RELEASE	1	650	0	0
H5B-O-40-01#s100r015	16	0	0	0	0	RELEASE	1	512	0	0
H5B-O-40-02#s100r015	16	0	0	0	0	RELEASE	1	650	0	0
H5B-O-40-03#s100r015	16	0	0	0	0	RELEASE	1	513	0	0
H5B-O-40-04#s100r015	16	0	0	0	0	RELEASE	1	651	0	0
H5B-O-40-05#s100r015	16	0	0	0	0	RELEASE	1	651	0	0
H5B-O-40-06#s100r015	16	0	0	0	0	RELEASE	1	514	0	0
H5B-O-40-07#s100r015	16	0	0	0	0	RELEASE	1	651	0	0
H5B-O-40-08#s100r015	16	0	0	0	0	RELEASE	1	515	0	0
H5B-O-40-09#s100r015	16	0	0	0	0	RELEASE	1	652	0	0
H5B-D-0-00#s100r015	16	0	0	0	0	RELEASE	1	667	0	0
H5B-D-0-01#s100r015	16	0	0	0	0	RELEASE	1	667	0	0
H5B-D-0-02#s100r015	16	0	0	0	0	RELEASE	1	667	0	0
H5B-D-0-03#s100r015	16	0	0	0	0	RELEASE	1	667	0	0
H5B-D-0-04#s100r015	16	0	0	0	0	RELEASE	1	668	0	0
H5B-D-0-05#s100r015	16	0	0	0	0	RELEASE	1	668	0	0
H5B-D-0-06#s100r015	16	0	0	0	0	RELEASE	1	668	0	0
H5B-D-0-07#s100r015	16	0	0	0	0	RELEASE	1	668	0	0
H5B-D-0-08#s100r015	16	0	0	0	0	RELEASE	1	669	0	0
H5B-D-0-09#s100r015	16	0	0	0	0	RELEASE	1	669	0	0
H5B-D-1-00#s100r015	16	0	0	0	0	ABSTAIN	A	0	0	0
H5B-D-1-01#s100r015	16	0	0	0	0	ABSTAIN	A	0	0	0
H5B-D-1-02#s100r015	16	0	0	0	0	ABSTAIN	A	0	0	0
H5B-D-1-03#s100r015	16	0	0	0	0	ABSTAIN	A	0	0	0
H5B-D-1-04#s100r015	16	0	0	0	0	ABSTAIN	A	0	0	0
H5B-D-1-05#s100r015	16	0	0	0	0	ABSTAIN	A	0	0	0
H5B-D-1-06#s100r015	16	0	0	0	0	ABSTAIN	A	0	0	0
H5B-D-1-07#s100r015	16	0	0	0	0	ABSTAIN	A	0	0	0
H5B-D-1-08#s100r015	16	0	0	0	0	ABSTAIN	A	0	0	0
H5B-D-1-09#s100r015	16	0	0	0	0	ABSTAIN	A	0	0	0
H5B-D-2-00#s100r015	16	0	0	0	0	ABSTAIN	A	0	0	0
H5B-D-2-01#s100r015	16	0	0	0	0	ABSTAIN	A	0	0	0
H5B-D-2-02#s100r015	16	0	0	0	0	ABSTAIN	A	0	0	0
H5B-D-2-03#s100r015	16	0	0	0	0	ABSTAIN	A	0	0	0
H5B-D-2-04#s100r015	16	0	0	0	0	ABSTAIN	A	0	0	0
H5B-D-2-05#s100r015	16	0	0	0	0	ABSTAIN	A	0	0	0
H5B-D-2-06#s100r015	16	0	0	0	0	ABSTAIN	A	0	0	0
H5B-D-2-07#s100r015	16	0	0	0	0	ABSTAIN	A	0	0	0
H5B-D-2-08#s100r015	16	0	0	0	0	ABSTAIN	A	0	0	0
H5B-D-2-09#s100r015	16	0	0	0	0	ABSTAIN	A	0	0	0
H5B-D-6-00#s100r015	16	0	0	0	0	ABSTAIN	A	0	0	0
H5B-D-6-01#s100r015	16	0	0	0	0	ABSTAIN	A	0	0	0
H5B-D-6-02#s100r015	16	0	0	0	0	ABSTAIN	A	0	0	0
H5B-D-6-03#s100r015	16	0	0	0	0	ABSTAIN	A	0	0	0
H5B-D-6-04#s100r015	16	0	0	0	0	ABSTAIN	A	0	0	0
H5B-D-6-05#s100r015	16	0	0	0	0	ABSTAIN	A	0	0	0
H5B-D-6-06#s100r015	16	0	0	0	0	ABSTAIN	A	0	0	0
H5B-D-6-07#s100r015	16	0	0	0	0	ABSTAIN	A	0	0	0
H5B-D-6-08#s100r015	16	0	0	0	0	ABSTAIN	A	0	0	0
H5B-D-6-09#s100r015	16	0	0	0	0	ABSTAIN	A	0	0	0
H5B-P-06-00#s100r016	16	0	0	0	0	ABSTAIN	A	0	0	0
H5B-P-06-01#s100r016	16	0	0	0	0	ABSTAIN	A	0	0	0
H5B-P-06-02#s100r016	16	0	0	0	0	ABSTAIN	A	0	0	0
H5B-P-06-03#s100r016	16	0	0	0	0	ABSTAIN	A	0	0	0
H5B-P-06-04#s100r016	16	0	0	0	0	ABSTAIN	A	0	0	0
H5B-P-06-05#s100r016	16	0	0	0	0	ABSTAIN	A	0	0	0
H5B-P-06-06#s100r016	16	0	0	0	0	ABSTAIN	A	0	0	0
H5B-P-06-07#s100r016	16	0	0	0	0	ABSTAIN	A	0	0	0
H5B-P-06-08#s100r016	16	0	0	0	0	ABSTAIN	A	0	0	0
H5B-P-06-09#s100r016	16	0	0	0	0	ABSTAIN	A	0	0	0
H5B-P-12-00#s100r016	16	0	0	0	0	ABSTAIN	A	0	0	0
H5B-P-12-01#s100r016	16	0	0	0	0	ABSTAIN	A	0	0	0
H5B-P-12-02#s100r016	16	0	0	0	0	ABSTAIN	A	0	0	0
H5B-P-12-03#s100r016	16	0	0	0	0	ABSTAIN	A	0	0	0
H5B-P-12-04#s100r016	16	0	0	0	0	ABSTAIN	A	0	0	0
H5B-P-12-05#s100r016	16	0	0	0	0	ABSTAIN	A	0	0	0
H5B-P-12-06#s100r016	16	0	0	0	0	ABSTAIN	A	0	0	0
H5B-P-12-07#s100r016	16	0	0	0	0	ABSTAIN	A	0	0	0
H5B-P-12-08#s100r016	16	0	0	0	0	ABSTAIN	A	0	0	0
H5B-P-12-09#s100r016	16	0	0	0	0	ABSTAIN	A	0	0	0
H5B-P-20-00#s100r016	16	0	0	0	0	RELEASE	0	0	0	0
H5B-P-20-01#s100r016	16	0	0	0	0	RELEASE	0	0	0	0
H5B-P-20-02#s100r016	16	0	0	0	0	RELEASE	0	0	0	0
H5B-P-20-03#s100r016	16	0	0	0	0	RELEASE	0	0	0	0
H5B-P-20-04#s100r016	16	0	0	0	0	RELEASE	0	0	0	0
H5B-P-20-05#s100r016	16	0	0	0	0	RELEASE	0	0	0	0
H5B-P-20-06#s100r016	16	0	0	0	0	RELEASE	0	0	0	0
H5B-P-20-07#s100r016	16	0	0	0	0	RELEASE	0	0	0	0
H5B-P-20-08#s100r016	16	0	0	0	0	RELEASE	0	0	0	0
H5B-P-20-09#s100r016	16	0	0	0	0	RELEASE	0	0	0	0
H5B-P-40-00#s100r016	16	0	0	0	0	RELEASE	0	0	0	0
H5B-P-40-01#s100r016	16	0	0	0	0	RELEASE	0	0	0	0
H5B-P-40-02#s100r016	16	0	0	0	0	RELEASE	0	0	0	0
H5B-P-40-03#s100r016	16	0	0	0	0	RELEASE	0	0	0	0
H5B-P-40-04#s100r016	16	0	0	0	0	RELEASE	0	0	0	0
H5B-P-40-05#s100r016	16	0	0	0	0	RELEASE	0	0	0	0
H5B-P-40-06#s100r016	16	0	0	0	0	RELEASE	0	0	0	0
H5B-P-40-07#s100r016	16	0	0	0	0	RELEASE	0	0	0	0
H5B-P-40-08#s100r016	16	0	0	0	0	RELEASE	0	0	0	0
H5B-P-40-09#s100r016	16	0	0	0	0	RELEASE	0	0	0	0
H5B-O-06-00#s100r016	16	0	0	0	0	ABSTAIN	A	0	0	0
H5B-O-06-01#s100r016	16	0	0	0	0	ABSTAIN	A	0	0	0
H5B-O-06-02#s100r016	16	0	0	0	0	ABSTAIN	A	0	0	0
H5B-O-06-03#s100r016	16	0	0	0	0	ABSTAIN	A	0	0	0
H5B-O-06-04#s100r016	16	0	0	0	0	ABSTAIN	A	0	0	0
H5B-O-06-05#s100r016	16	0	0	0	0	ABSTAIN	A	0	0	0
H5B-O-06-06#s100r016	16	0	0	0	0	ABSTAIN	A	0	0	0
H5B-O-06-07#s100r016	16	0	0	0	0	ABSTAIN	A	0	0	0
H5B-O-06-08#s100r016	16	0	0	0	0	ABSTAIN	A	0	0	0
H5B-O-06-09#s100r016	16	0	0	0	0	ABSTAIN	A	0	0	0
H5B-O-12-00#s100r016	16	0	0	0	0	ABSTAIN	A	0	0	0
H5B-O-12-01#s100r016	16	0	0	0	0	ABSTAIN	A	0	0	0
H5B-O-12-02#s100r016	16	0	0	0	0	ABSTAIN	A	0	0	0
H5B-O-12-03#s100r016	16	0	0	0	0	ABSTAIN	A	0	0	0
H5B-O-12-04#s100r016	16	0	0	0	0	ABSTAIN	A	0	0	0
H5B-O-12-05#s100r016	16	0	0	0	0	ABSTAIN	A	0	0	0
H5B-O-12-06#s100r016	16	0	0	0	0	ABSTAIN	A	0	0	0
H5B-O-12-07#s100r016	16	0	0	0	0	ABSTAIN	A	0	0	0
H5B-O-12-08#s100r016	16	0	0	0	0	ABSTAIN	A	0	0	0
H5B-O-12-09#s100r016	16	0	0	0	0	ABSTAIN	A	0	0	0
H5B-O-20-00#s100r016	16	0	0	0	0	RELEASE	1	652	0	0
H5B-O-20-01#s100r016	16	0	0	0	0	RELEASE	1	509	0	0
H5B-O-20-02#s100r016	16	0	0	0	0	RELEASE	1	652	0	0
H5B-O-20-03#s100r016	16	0	0	0	0	RELEASE	1	510	0	0
H5B-O-20-04#s100r016	16	0	0	0	0	RELEASE	1	653	0	0
H5B-O-20-05#s100r016	16	0	0	0	0	RELEASE	1	653	0	0
H5B-O-20-06#s100r016	16	0	0	0	0	RELEASE	1	511	0	0
H5B-O-20-07#s100r016	16	0	0	0	0	RELEASE	1	653	0	0
H5B-O-20-08#s100r016	16	0	0	0	0	RELEASE	1	512	0	0
H5B-O-20-09#s100r016	16	0	0	0	0	RELEASE	1	653	0	0
H5B-O-40-00#s100r016	16	0	0	0	0	RELEASE	1	650	0	0
H5B-O-40-01#s100r016	16	0	0	0	0	RELEASE	1	513	0	0
H5B-O-40-02#s100r016	16	0	0	0	0	RELEASE	1	650	0	0
H5B-O-40-03#s100r016	16	0	0	0	0	RELEASE	1	514	0	0
H5B-O-40-04#s100r016	16	0	0	0	0	RELEASE	1	651	0	0
H5B-O-40-05#s100r016	16	0	0	0	0	RELEASE	1	651	0	0
H5B-O-40-06#s100r016	16	0	0	0	0	RELEASE	1	514	0	0
H5B-O-40-07#s100r016	16	0	0	0	0	RELEASE	1	651	0	0
H5B-O-40-08#s100r016	16	0	0	0	0	RELEASE	1	515	0	0
H5B-O-40-09#s100r016	16	0	0	0	0	RELEASE	1	652	0	0
H5B-D-0-00#s100r016	16	0	0	0	0	RELEASE	1	666	0	0
H5B-D-0-01#s100r016	16	0	0	0	0	RELEASE	1	666	0	0
H5B-D-0-02#s100r016	16	0	0	0	0	RELEASE	1	667	0	0
H5B-D-0-03#s100r016	16	0	0	0	0	RELEASE	1	667	0	0
H5B-D-0-04#s100r016	16	0	0	0	0	RELEASE	1	667	0	0
H5B-D-0-05#s100r016	16	0	0	0	0	RELEASE	1	667	0	0
H5B-D-0-06#s100r016	16	0	0	0	0	RELEASE	1	668	0	0
H5B-D-0-07#s100r016	16	0	0	0	0	RELEASE	1	668	0	0
H5B-D-0-08#s100r016	16	0	0	0	0	RELEASE	1	668	0	0
H5B-D-0-09#s100r016	16	0	0	0	0	RELEASE	1	668	0	0
H5B-D-1-00#s100r016	16	0	0	0	0	ABSTAIN	A	0	0	0
H5B-D-1-01#s100r016	16	0	0	0	0	ABSTAIN	A	0	0	0
H5B-D-1-02#s100r016	16	0	0	0	0	ABSTAIN	A	0	0	0
H5B-D-1-03#s100r016	16	0	0	0	0	ABSTAIN	A	0	0	0
H5B-D-1-04#s100r016	16	0	0	0	0	ABSTAIN	A	0	0	0
H5B-D-1-05#s100r016	16	0	0	0	0	ABSTAIN	A	0	0	0
H5B-D-1-06#s100r016	16	0	0	0	0	ABSTAIN	A	0	0	0
H5B-D-1-07#s100r016	16	0	0	0	0	ABSTAIN	A	0	0	0
H5B-D-1-08#s100r016	16	0	0	0	0	ABSTAIN	A	0	0	0
H5B-D-1-09#s100r016	16	0	0	0	0	ABSTAIN	A	0	0	0
H5B-D-2-00#s100r016	16	0	0	0	0	ABSTAIN	A	0	0	0
H5B-D-2-01#s100r016	16	0	0	0	0	ABSTAIN	A	0	0	0
H5B-D-2-02#s100r016	16	0	0	0	0	ABSTAIN	A	0	0	0
H5B-D-2-03#s100r016	16	0	0	0	0	ABSTAIN	A	0	0	0
H5B-D-2-04#s100r016	16	0	0	0	0	ABSTAIN	A	0	0	0
H5B-D-2-05#s100r016	16	0	0	0	0	ABSTAIN	A	0	0	0
H5B-D-2-06#s100r016	16	0	0	0	0	ABSTAIN	A	0	0	0
H5B-D-2-07#s100r016	16	0	0	0	0	ABSTAIN	A	0	0	0
H5B-D-2-08#s100r016	16	0	0	0	0	ABSTAIN	A	0	0	0
H5B-D-2-09#s100r016	16	0	0	0	0	ABSTAIN	A	0	0	0
H5B-D-6-00#s100r016	16	0	0	0	0	ABSTAIN	A	0	0	0
H5B-D-6-01#s100r016	16	0	0	0	0	ABSTAIN	A	0	0	0
H5B-D-6-02#s100r016	16	0	0	0	0	ABSTAIN	A	0	0	0
H5B-D-6-03#s100r016	16	0	0	0	0	ABSTAIN	A	0	0	0
H5B-D-6-04#s100r016	16	0	0	0	0	ABSTAIN	A	0	0	0
H5B-D-6-05#s100r016	16	0	0	0	0	ABSTAIN	A	0	0	0
H5B-D-6-06#s100r016	16	0	0	0	0	ABSTAIN	A	0	0	0
H5B-D-6-07#s100r016	16	0	0	0	0	ABSTAIN	A	0	0	0
H5B-D-6-08#s100r016	16	0	0	0	0	ABSTAIN	A	0	0	0
H5B-D-6-09#s100r016	16	0	0	0	0	ABSTAIN	A	0	0	0
H5B-P-06-00#s100r017	16	0	0	0	0	ABSTAIN	A	0	0	0
H5B-P-06-01#s100r017	16	0	0	0	0	ABSTAIN	A	0	0	0
H5B-P-06-02#s100r017	16	0	0	0	0	ABSTAIN	A	0	0	0
H5B-P-06-03#s100r017	16	0	0	0	0	ABSTAIN	A	0	0	0
H5B-P-06-04#s100r017	16	0	0	0	0	ABSTAIN	A	0	0	0
H5B-P-06-05#s100r017	16	0	0	0	0	ABSTAIN	A	0	0	0
H5B-P-06-06#s100r017	16	0	0	0	0	ABSTAIN	A	0	0	0
H5B-P-06-07#s100r017	16	0	0	0	0	ABSTAIN	A	0	0	0
H5B-P-06-08#s100r017	16	0	0	0	0	ABSTAIN	A	0	0	0
H5B-P-06-09#s100r017	16	0	0	0	0	ABSTAIN	A	0	0	0
H5B-P-12-00#s100r017	16	0	0	0	0	ABSTAIN	A	0	0	0
H5B-P-12-01#s100r017	16	0	0	0	0	ABSTAIN	A	0	0	0
H5B-P-12-02#s100r017	16	0	0	0	0	ABSTAIN	A	0	0	0
H5B-P-12-03#s100r017	16	0	0	0	0	ABSTAIN	A	0	0	0
H5B-P-12-04#s100r017	16	0	0	0	0	ABSTAIN	A	0	0	0
H5B-P-12-05#s100r017	16	0	0	0	0	ABSTAIN	A	0	0	0
H5B-P-12-06#s100r017	16	0	0	0	0	ABSTAIN	A	0	0	0
H5B-P-12-07#s100r017	16	0	0	0	0	ABSTAIN	A	0	0	0
H5B-P-12-08#s100r017	16	0	0	0	0	ABSTAIN	A	0	0	0
H5B-P-12-09#s100r017	16	0	0	0	0	ABSTAIN	A	0	0	0
H5B-P-20-00#s100r017	16	0	0	0	0	RELEASE	0	0	0	0
H5B-P-20-01#s100r017	16	0	0	0	0	RELEASE	0	0	0	0
H5B-P-20-02#s100r017	16	0	0	0	0	RELEASE	0	0	0	0
H5B-P-20-03#s100r017	16	0	0	0	0	RELEASE	0	0	0	0
H5B-P-20-04#s100r017	16	0	0	0	0	RELEASE	0	0	0	0
H5B-P-20-05#s100r017	16	0	0	0	0	RELEASE	0	0	0	0
H5B-P-20-06#s100r017	16	0	0	0	0	RELEASE	0	0	0	0
H5B-P-20-07#s100r017	16	0	0	0	0	RELEASE	0	0	0	0
H5B-P-20-08#s100r017	16	0	0	0	0	RELEASE	0	0	0	0
H5B-P-20-09#s100r017	16	0	0	0	0	RELEASE	0	0	0	0
H5B-P-40-00#s100r017	16	0	0	0	0	RELEASE	0	0	0	0
H5B-P-40-01#s100r017	16	0	0	0	0	RELEASE	0	0	0	0
H5B-P-40-02#s100r017	16	0	0	0	0	RELEASE	0	0	0	0
H5B-P-40-03#s100r017	16	0	0	0	0	RELEASE	0	0	0	0
H5B-P-40-04#s100r017	16	0	0	0	0	RELEASE	0	0	0	0
H5B-P-40-05#s100r017	16	0	0	0	0	RELEASE	0	0	0	0
H5B-P-40-06#s100r017	16	0	0	0	0	RELEASE	0	0	0	0
H5B-P-40-07#s100r017	16	0	0	0	0	RELEASE	0	0	0	0
H5B-P-40-08#s100r017	16	0	0	0	0	RELEASE	0	0	0	0
H5B-P-40-09#s100r017	16	0	0	0	0	RELEASE	0	0	0	0
H5B-O-06-00#s100r017	16	0	0	0	0	ABSTAIN	A	0	0	0
H5B-O-06-01#s100r017	16	0	0	0	0	ABSTAIN	A	0	0	0
H5B-O-06-02#s100r017	16	0	0	0	0	ABSTAIN	A	0	0	0
H5B-O-06-03#s100r017	16	0	0	0	0	ABSTAIN	A	0	0	0
H5B-O-06-04#s100r017	16	0	0	0	0	ABSTAIN	A	0	0	0
H5B-O-06-05#s100r017	16	0	0	0	0	ABSTAIN	A	0	0	0
H5B-O-06-06#s100r017	16	0	0	0	0	ABSTAIN	A	0	0	0
H5B-O-06-07#s100r017	16	0	0	0	0	ABSTAIN	A	0	0	0
H5B-O-06-08#s100r017	16	0	0	0	0	ABSTAIN	A	0	0	0
H5B-O-06-09#s100r017	16	0	0	0	0	ABSTAIN	A	0	0	0
H5B-O-12-00#s100r017	16	0	0	0	0	ABSTAIN	A	0	0	0
H5B-O-12-01#s100r017	16	0	0	0	0	ABSTAIN	A	0	0	0
H5B-O-12-02#s100r017	16	0	0	0	0	ABSTAIN	A	0	0	0
H5B-O-12-03#s100r017	16	0	0	0	0	ABSTAIN	A	0	0	0
H5B-O-12-04#s100r017	16	0	0	0	0	ABSTAIN	A	0	0	0
H5B-O-12-05#s100r017	16	0	0	0	0	ABSTAIN	A	0	0	0
H5B-O-12-06#s100r017	16	0	0	0	0	ABSTAIN	A	0	0	0
H5B-O-12-07#s100r017	16	0	0	0	0	ABSTAIN	A	0	0	0
H5B-O-12-08#s100r017	16	0	0	0	0	ABSTAIN	A	0	0	0
H5B-O-12-09#s100r017	16	0	0	0	0	ABSTAIN	A	0	0	0
H5B-O-20-00#s100r017	16	0	0	0	0	RELEASE	1	652	0	0
H5B-O-20-01#s100r017	16	0	0	0	0	RELEASE	1	509	0	0
H5B-O-20-02#s100r017	16	0	0	0	0	RELEASE	1	652	0	0
H5B-O-20-03#s100r017	16	0	0	0	0	RELEASE	1	510	0	0
H5B-O-20-04#s100r017	16	0	0	0	0	RELEASE	1	652	0	0
H5B-O-20-05#s100r017	16	0	0	0	0	RELEASE	1	653	0	0
H5B-O-20-06#s100r017	16	0	0	0	0	RELEASE	1	511	0	0
H5B-O-20-07#s100r017	16	0	0	0	0	RELEASE	1	653	0	0
H5B-O-20-08#s100r017	16	0	0	0	0	RELEASE	1	512	0	0
H5B-O-20-09#s100r017	16	0	0	0	0	RELEASE	1	653	0	0
H5B-O-40-00#s100r017	16	0	0	0	0	RELEASE	1	650	0	0
H5B-O-40-01#s100r017	16	0	0	0	0	RELEASE	1	513	0	0
H5B-O-40-02#s100r017	16	0	0	0	0	RELEASE	1	651	0	0
H5B-O-40-03#s100r017	16	0	0	0	0	RELEASE	1	514	0	0
H5B-O-40-04#s100r017	16	0	0	0	0	RELEASE	1	651	0	0
H5B-O-40-05#s100r017	16	0	0	0	0	RELEASE	1	651	0	0
H5B-O-40-06#s100r017	16	0	0	0	0	RELEASE	1	514	0	0
H5B-O-40-07#s100r017	16	0	0	0	0	RELEASE	1	651	0	0
H5B-O-40-08#s100r017	16	0	0	0	0	RELEASE	1	515	0	0
H5B-O-40-09#s100r017	16	0	0	0	0	RELEASE	1	652	0	0
H5B-D-0-00#s100r017	16	0	0	0	0	RELEASE	1	666	0	0
H5B-D-0-01#s100r017	16	0	0	0	0	RELEASE	1	666	0	0
H5B-D-0-02#s100r017	16	0	0	0	0	RELEASE	1	666	0	0
H5B-D-0-03#s100r017	16	0	0	0	0	RELEASE	1	666	0	0
H5B-D-0-04#s100r017	16	0	0	0	0	RELEASE	1	667	0	0
H5B-D-0-05#s100r017	16	0	0	0	0	RELEASE	1	667	0	0
H5B-D-0-06#s100r017	16	0	0	0	0	RELEASE	1	667	0	0
H5B-D-0-07#s100r017	16	0	0	0	0	RELEASE	1	667	0	0
H5B-D-0-08#s100r017	16	0	0	0	0	RELEASE	1	667	0	0
H5B-D-0-09#s100r017	16	0	0	0	0	RELEASE	1	668	0	0
H5B-D-1-00#s100r017	16	0	0	0	0	ABSTAIN	A	0	0	0
H5B-D-1-01#s100r017	16	0	0	0	0	ABSTAIN	A	0	0	0
H5B-D-1-02#s100r017	16	0	0	0	0	ABSTAIN	A	0	0	0
H5B-D-1-03#s100r017	16	0	0	0	0	ABSTAIN	A	0	0	0
H5B-D-1-04#s100r017	16	0	0	0	0	ABSTAIN	A	0	0	0
H5B-D-1-05#s100r017	16	0	0	0	0	ABSTAIN	A	0	0	0
H5B-D-1-06#s100r017	16	0	0	0	0	ABSTAIN	A	0	0	0
H5B-D-1-07#s100r017	16	0	0	0	0	ABSTAIN	A	0	0	0
H5B-D-1-08#s100r017	16	0	0	0	0	ABSTAIN	A	0	0	0
H5B-D-1-09#s100r017	16	0	0	0	0	ABSTAIN	A	0	0	0
H5B-D-2-00#s100r017	16	0	0	0	0	ABSTAIN	A	0	0	0
H5B-D-2-01#s100r017	16	0	0	0	0	ABSTAIN	A	0	0	0
H5B-D-2-02#s100r017	16	0	0	0	0	ABSTAIN	A	0	0	0
H5B-D-2-03#s100r017	16	0	0	0	0	ABSTAIN	A	0	0	0
H5B-D-2-04#s100r017	16	0	0	0	0	ABSTAIN	A	0	0	0
H5B-D-2-05#s100r017	16	0	0	0	0	ABSTAIN	A	0	0	0
H5B-D-2-06#s100r017	16	0	0	0	0	ABSTAIN	A	0	0	0
H5B-D-2-07#s100r017	16	0	0	0	0	ABSTAIN	A	0	0	0
H5B-D-2-08#s100r017	16	0	0	0	0	ABSTAIN	A	0	0	0
H5B-D-2-09#s100r017	16	0	0	0	0	ABSTAIN	A	0	0	0
H5B-D-6-00#s100r017	16	0	0	0	0	ABSTAIN	A	0	0	0
H5B-D-6-01#s100r017	16	0	0	0	0	ABSTAIN	A	0	0	0
H5B-D-6-02#s100r017	16	0	0	0	0	ABSTAIN	A	0	0	0
H5B-D-6-03#s100r017	16	0	0	0	0	ABSTAIN	A	0	0	0
H5B-D-6-04#s100r017	16	0	0	0	0	ABSTAIN	A	0	0	0
H5B-D-6-05#s100r017	16	0	0	0	0	ABSTAIN	A	0	0	0
H5B-D-6-06#s100r017	16	0	0	0	0	ABSTAIN	A	0	0	0
H5B-D-6-07#s100r017	16	0	0	0	0	ABSTAIN	A	0	0	0
H5B-D-6-08#s100r017	16	0	0	0	0	ABSTAIN	A	0	0	0
H5B-D-6-09#s100r017	16	0	0	0	0	ABSTAIN	A	0	0	0
H5B-P-06-00#s100r018	16	0	0	0	0	ABSTAIN	A	0	0	0
H5B-P-06-01#s100r018	16	0	0	0	0	ABSTAIN	A	0	0	0
H5B-P-06-02#s100r018	16	0	0	0	0	ABSTAIN	A	0	0	0
H5B-P-06-03#s100r018	16	0	0	0	0	ABSTAIN	A	0	0	0
H5B-P-06-04#s100r018	16	0	0	0	0	ABSTAIN	A	0	0	0
H5B-P-06-05#s100r018	16	0	0	0	0	ABSTAIN	A	0	0	0
H5B-P-06-06#s100r018	16	0	0	0	0	ABSTAIN	A	0	0	0
H5B-P-06-07#s100r018	16	0	0	0	0	ABSTAIN	A	0	0	0
H5B-P-06-08#s100r018	16	0	0	0	0	ABSTAIN	A	0	0	0
H5B-P-06-09#s100r018	16	0	0	0	0	ABSTAIN	A	0	0	0
H5B-P-12-00#s100r018	16	0	0	0	0	ABSTAIN	A	0	0	0
H5B-P-12-01#s100r018	16	0	0	0	0	ABSTAIN	A	0	0	0
H5B-P-12-02#s100r018	16	0	0	0	0	ABSTAIN	A	0	0	0
H5B-P-12-03#s100r018	16	0	0	0	0	ABSTAIN	A	0	0	0
H5B-P-12-04#s100r018	16	0	0	0	0	ABSTAIN	A	0	0	0
H5B-P-12-05#s100r018	16	0	0	0	0	ABSTAIN	A	0	0	0
H5B-P-12-06#s100r018	16	0	0	0	0	ABSTAIN	A	0	0	0
H5B-P-12-07#s100r018	16	0	0	0	0	ABSTAIN	A	0	0	0
H5B-P-12-08#s100r018	16	0	0	0	0	ABSTAIN	A	0	0	0
H5B-P-12-09#s100r018	16	0	0	0	0	ABSTAIN	A	0	0	0
H5B-P-20-00#s100r018	16	0	0	0	0	RELEASE	0	0	0	0
H5B-P-20-01#s100r018	16	0	0	0	0	RELEASE	0	0	0	0
H5B-P-20-02#s100r018	16	0	0	0	0	RELEASE	0	0	0	0
H5B-P-20-03#s100r018	16	0	0	0	0	RELEASE	0	0	0	0
H5B-P-20-04#s100r018	16	0	0	0	0	RELEASE	0	0	0	0
H5B-P-20-05#s100r018	16	0	0	0	0	RELEASE	0	0	0	0
H5B-P-20-06#s100r018	16	0	0	0	0	RELEASE	0	0	0	0
H5B-P-20-07#s100r018	16	0	0	0	0	RELEASE	0	0	0	0
H5B-P-20-08#s100r018	16	0	0	0	0	RELEASE	0	0	0	0
H5B-P-20-09#s100r018	16	0	0	0	0	RELEASE	0	0	0	0
H5B-P-40-00#s100r018	16	0	0	0	0	RELEASE	0	0	0	0
H5B-P-40-01#s100r018	16	0	0	0	0	RELEASE	0	0	0	0
H5B-P-40-02#s100r018	16	0	0	0	0	RELEASE	0	0	0	0
H5B-P-40-03#s100r018	16	0	0	0	0	RELEASE	0	0	0	0
H5B-P-40-04#s100r018	16	0	0	0	0	RELEASE	0	0	0	0
H5B-P-40-05#s100r018	16	0	0	0	0	RELEASE	0	0	0	0
H5B-P-40-06#s100r018	16	0	0	0	0	RELEASE	0	0	0	0
H5B-P-40-07#s100r018	16	0	0	0	0	RELEASE	0	0	0	0
H5B-P-40-08#s100r018	16	0	0	0	0	RELEASE	0	0	0	0
H5B-P-40-09#s100r018	16	0	0	0	0	RELEASE	0	0	0	0
H5B-O-06-00#s100r018	16	0	0	0	0	ABSTAIN	A	0	0	0
H5B-O-06-01#s100r018	16	0	0	0	0	ABSTAIN	A	0	0	0
H5B-O-06-02#s100r018	16	0	0	0	0	ABSTAIN	A	0	0	0
H5B-O-06-03#s100r018	16	0	0	0	0	ABSTAIN	A	0	0	0
H5B-O-06-04#s100r018	16	0	0	0	0	ABSTAIN	A	0	0	0
H5B-O-06-05#s100r018	16	0	0	0	0	ABSTAIN	A	0	0	0
H5B-O-06-06#s100r018	16	0	0	0	0	ABSTAIN	A	0	0	0
H5B-O-06-07#s100r018	16	0	0	0	0	ABSTAIN	A	0	0	0
H5B-O-06-08#s100r018	16	0	0	0	0	ABSTAIN	A	0	0	0
H5B-O-06-09#s100r018	16	0	0	0	0	ABSTAIN	A	0	0	0
H5B-O-12-00#s100r018	16	0	0	0	0	ABSTAIN	A	0	0	0
H5B-O-12-01#s100r018	16	0	0	0	0	ABSTAIN	A	0	0	0
H5B-O-12-02#s100r018	16	0	0	0	0	ABSTAIN	A	0	0	0
H5B-O-12-03#s100r018	16	0	0	0	0	ABSTAIN	A	0	0	0
H5B-O-12-04#s100r018	16	0	0	0	0	ABSTAIN	A	0	0	0
H5B-O-12-05#s100r018	16	0	0	0	0	ABSTAIN	A	0	0	0
H5B-O-12-06#s100r018	16	0	0	0	0	ABSTAIN	A	0	0	0
H5B-O-12-07#s100r018	16	0	0	0	0	ABSTAIN	A	0	0	0
H5B-O-12-08#s100r018	16	0	0	0	0	ABSTAIN	A	0	0	0
H5B-O-12-09#s100r018	16	0	0	0	0	ABSTAIN	A	0	0	0
H5B-O-20-00#s100r018	16	0	0	0	0	RELEASE	1	652	0	0
H5B-O-20-01#s100r018	16	0	0	0	0	RELEASE	1	510	0	0
H5B-O-20-02#s100r018	16	0	0	0	0	RELEASE	1	652	0	0
H5B-O-20-03#s100r018	16	0	0	0	0	RELEASE	1	510	0	0
H5B-O-20-04#s100r018	16	0	0	0	0	RELEASE	1	652	0	0
H5B-O-20-05#s100r018	16	0	0	0	0	RELEASE	1	653	0	0
H5B-O-20-06#s100r018	16	0	0	0	0	RELEASE	1	511	0	0
H5B-O-20-07#s100r018	16	0	0	0	0	RELEASE	1	653	0	0
H5B-O-20-08#s100r018	16	0	0	0	0	RELEASE	1	512	0	0
H5B-O-20-09#s100r018	16	0	0	0	0	RELEASE	1	653	0	0
H5B-O-40-00#s100r018	16	0	0	0	0	RELEASE	1	650	0	0
H5B-O-40-01#s100r018	16	0	0	0	0	RELEASE	1	513	0	0
H5B-O-40-02#s100r018	16	0	0	0	0	RELEASE	1	651	0	0
H5B-O-40-03#s100r018	16	0	0	0	0	RELEASE	1	514	0	0
H5B-O-40-04#s100r018	16	0	0	0	0	RELEASE	1	651	0	0
H5B-O-40-05#s100r018	16	0	0	0	0	RELEASE	1	651	0	0
H5B-O-40-06#s100r018	16	0	0	0	0	RELEASE	1	514	0	0
H5B-O-40-07#s100r018	16	0	0	0	0	RELEASE	1	651	0	0
H5B-O-40-08#s100r018	16	0	0	0	0	RELEASE	1	515	0	0
H5B-O-40-09#s100r018	16	0	0	0	0	RELEASE	1	652	0	0
H5B-D-0-00#s100r018	16	0	0	0	0	RELEASE	1	665	0	0
H5B-D-0-01#s100r018	16	0	0	0	0	RELEASE	1	665	0	0
H5B-D-0-02#s100r018	16	0	0	0	0	RELEASE	1	666	0	0
H5B-D-0-03#s100r018	16	0	0	0	0	RELEASE	1	666	0	0
H5B-D-0-04#s100r018	16	0	0	0	0	RELEASE	1	666	0	0
H5B-D-0-05#s100r018	16	0	0	0	0	RELEASE	1	666	0	0
H5B-D-0-06#s100r018	16	0	0	0	0	RELEASE	1	667	0	0
H5B-D-0-07#s100r018	16	0	0	0	0	RELEASE	1	667	0	0
H5B-D-0-08#s100r018	16	0	0	0	0	RELEASE	1	667	0	0
H5B-D-0-09#s100r018	16	0	0	0	0	RELEASE	1	667	0	0
H5B-D-1-00#s100r018	16	0	0	0	0	ABSTAIN	A	0	0	0
H5B-D-1-01#s100r018	16	0	0	0	0	ABSTAIN	A	0	0	0
H5B-D-1-02#s100r018	16	0	0	0	0	ABSTAIN	A	0	0	0
H5B-D-1-03#s100r018	16	0	0	0	0	ABSTAIN	A	0	0	0
H5B-D-1-04#s100r018	16	0	0	0	0	ABSTAIN	A	0	0	0
H5B-D-1-05#s100r018	16	0	0	0	0	ABSTAIN	A	0	0	0
H5B-D-1-06#s100r018	16	0	0	0	0	ABSTAIN	A	0	0	0
H5B-D-1-07#s100r018	16	0	0	0	0	ABSTAIN	A	0	0	0
H5B-D-1-08#s100r018	16	0	0	0	0	ABSTAIN	A	0	0	0
H5B-D-1-09#s100r018	16	0	0	0	0	ABSTAIN	A	0	0	0
H5B-D-2-00#s100r018	16	0	0	0	0	ABSTAIN	A	0	0	0
H5B-D-2-01#s100r018	16	0	0	0	0	ABSTAIN	A	0	0	0
H5B-D-2-02#s100r018	16	0	0	0	0	ABSTAIN	A	0	0	0
H5B-D-2-03#s100r018	16	0	0	0	0	ABSTAIN	A	0	0	0
H5B-D-2-04#s100r018	16	0	0	0	0	ABSTAIN	A	0	0	0
H5B-D-2-05#s100r018	16	0	0	0	0	ABSTAIN	A	0	0	0
H5B-D-2-06#s100r018	16	0	0	0	0	ABSTAIN	A	0	0	0
H5B-D-2-07#s100r018	16	0	0	0	0	ABSTAIN	A	0	0	0
H5B-D-2-08#s100r018	16	0	0	0	0	ABSTAIN	A	0	0	0
H5B-D-2-09#s100r018	16	0	0	0	0	ABSTAIN	A	0	0	0
H5B-D-6-00#s100r018	16	0	0	0	0	ABSTAIN	A	0	0	0
H5B-D-6-01#s100r018	16	0	0	0	0	ABSTAIN	A	0	0	0
H5B-D-6-02#s100r018	16	0	0	0	0	ABSTAIN	A	0	0	0
H5B-D-6-03#s100r018	16	0	0	0	0	ABSTAIN	A	0	0	0
H5B-D-6-04#s100r018	16	0	0	0	0	ABSTAIN	A	0	0	0
H5B-D-6-05#s100r018	16	0	0	0	0	ABSTAIN	A	0	0	0
H5B-D-6-06#s100r018	16	0	0	0	0	ABSTAIN	A	0	0	0
H5B-D-6-07#s100r018	16	0	0	0	0	ABSTAIN	A	0	0	0
H5B-D-6-08#s100r018	16	0	0	0	0	ABSTAIN	A	0	0	0
H5B-D-6-09#s100r018	16	0	0	0	0	ABSTAIN	A	0	0	0
H5B-P-06-00#s100r019	16	0	0	0	0	ABSTAIN	A	0	0	0
H5B-P-06-01#s100r019	16	0	0	0	0	ABSTAIN	A	0	0	0
H5B-P-06-02#s100r019	16	0	0	0	0	ABSTAIN	A	0	0	0
H5B-P-06-03#s100r019	16	0	0	0	0	ABSTAIN	A	0	0	0
H5B-P-06-04#s100r019	16	0	0	0	0	ABSTAIN	A	0	0	0
H5B-P-06-05#s100r019	16	0	0	0	0	ABSTAIN	A	0	0	0
H5B-P-06-06#s100r019	16	0	0	0	0	ABSTAIN	A	0	0	0
H5B-P-06-07#s100r019	16	0	0	0	0	ABSTAIN	A	0	0	0
H5B-P-06-08#s100r019	16	0	0	0	0	ABSTAIN	A	0	0	0
H5B-P-06-09#s100r019	16	0	0	0	0	ABSTAIN	A	0	0	0
H5B-P-12-00#s100r019	16	0	0	0	0	ABSTAIN	A	0	0	0
H5B-P-12-01#s100r019	16	0	0	0	0	ABSTAIN	A	0	0	0
H5B-P-12-02#s100r019	16	0	0	0	0	ABSTAIN	A	0	0	0
H5B-P-12-03#s100r019	16	0	0	0	0	ABSTAIN	A	0	0	0
H5B-P-12-04#s100r019	16	0	0	0	0	ABSTAIN	A	0	0	0
H5B-P-12-05#s100r019	16	0	0	0	0	ABSTAIN	A	0	0	0
H5B-P-12-06#s100r019	16	0	0	0	0	ABSTAIN	A	0	0	0
H5B-P-12-07#s100r019	16	0	0	0	0	ABSTAIN	A	0	0	0
H5B-P-12-08#s100r019	16	0	0	0	0	ABSTAIN	A	0	0	0
H5B-P-12-09#s100r019	16	0	0	0	0	ABSTAIN	A	0	0	0
H5B-P-20-00#s100r019	16	0	0	0	0	RELEASE	0	0	0	0
H5B-P-20-01#s100r019	16	0	0	0	0	RELEASE	0	0	0	0
H5B-P-20-02#s100r019	16	0	0	0	0	RELEASE	0	0	0	0
H5B-P-20-03#s100r019	16	0	0	0	0	RELEASE	0	0	0	0
H5B-P-20-04#s100r019	16	0	0	0	0	RELEASE	0	0	0	0
H5B-P-20-05#s100r019	16	0	0	0	0	RELEASE	0	0	0	0
H5B-P-20-06#s100r019	16	0	0	0	0	RELEASE	0	0	0	0
H5B-P-20-07#s100r019	16	0	0	0	0	RELEASE	0	0	0	0
H5B-P-20-08#s100r019	16	0	0	0	0	RELEASE	0	0	0	0
H5B-P-20-09#s100r019	16	0	0	0	0	RELEASE	0	0	0	0
H5B-P-40-00#s100r019	16	0	0	0	0	RELEASE	0	0	0	0
H5B-P-40-01#s100r019	16	0	0	0	0	RELEASE	0	0	0	0
H5B-P-40-02#s100r019	16	0	0	0	0	RELEASE	0	0	0	0
H5B-P-40-03#s100r019	16	0	0	0	0	RELEASE	0	0	0	0
H5B-P-40-04#s100r019	16	0	0	0	0	RELEASE	0	0	0	0
H5B-P-40-05#s100r019	16	0	0	0	0	RELEASE	0	0	0	0
H5B-P-40-06#s100r019	16	0	0	0	0	RELEASE	0	0	0	0
H5B-P-40-07#s100r019	16	0	0	0	0	RELEASE	0	0	0	0
H5B-P-40-08#s100r019	16	0	0	0	0	RELEASE	0	0	0	0
H5B-P-40-09#s100r019	16	0	0	0	0	RELEASE	0	0	0	0
H5B-O-06-00#s100r019	16	0	0	0	0	ABSTAIN	A	0	0	0
H5B-O-06-01#s100r019	16	0	0	0	0	ABSTAIN	A	0	0	0
H5B-O-06-02#s100r019	16	0	0	0	0	ABSTAIN	A	0	0	0
H5B-O-06-03#s100r019	16	0	0	0	0	ABSTAIN	A	0	0	0
H5B-O-06-04#s100r019	16	0	0	0	0	ABSTAIN	A	0	0	0
H5B-O-06-05#s100r019	16	0	0	0	0	ABSTAIN	A	0	0	0
H5B-O-06-06#s100r019	16	0	0	0	0	ABSTAIN	A	0	0	0
H5B-O-06-07#s100r019	16	0	0	0	0	ABSTAIN	A	0	0	0
H5B-O-06-08#s100r019	16	0	0	0	0	ABSTAIN	A	0	0	0
H5B-O-06-09#s100r019	16	0	0	0	0	ABSTAIN	A	0	0	0
H5B-O-12-00#s100r019	16	0	0	0	0	ABSTAIN	A	0	0	0
H5B-O-12-01#s100r019	16	0	0	0	0	ABSTAIN	A	0	0	0
H5B-O-12-02#s100r019	16	0	0	0	0	ABSTAIN	A	0	0	0
H5B-O-12-03#s100r019	16	0	0	0	0	ABSTAIN	A	0	0	0
H5B-O-12-04#s100r019	16	0	0	0	0	ABSTAIN	A	0	0	0
H5B-O-12-05#s100r019	16	0	0	0	0	ABSTAIN	A	0	0	0
H5B-O-12-06#s100r019	16	0	0	0	0	ABSTAIN	A	0	0	0
H5B-O-12-07#s100r019	16	0	0	0	0	ABSTAIN	A	0	0	0
H5B-O-12-08#s100r019	16	0	0	0	0	ABSTAIN	A	0	0	0
H5B-O-12-09#s100r019	16	0	0	0	0	ABSTAIN	A	0	0	0
H5B-O-20-00#s100r019	16	0	0	0	0	RELEASE	1	652	0	0
H5B-O-20-01#s100r019	16	0	0	0	0	RELEASE	1	510	0	0
H5B-O-20-02#s100r019	16	0	0	0	0	RELEASE	1	652	0	0
H5B-O-20-03#s100r019	16	0	0	0	0	RELEASE	1	511	0	0
H5B-O-20-04#s100r019	16	0	0	0	0	RELEASE	1	652	0	0
H5B-O-20-05#s100r019	16	0	0	0	0	RELEASE	1	653	0	0
H5B-O-20-06#s100r019	16	0	0	0	0	RELEASE	1	511	0	0
H5B-O-20-07#s100r019	16	0	0	0	0	RELEASE	1	653	0	0
H5B-O-20-08#s100r019	16	0	0	0	0	RELEASE	1	512	0	0
H5B-O-20-09#s100r019	16	0	0	0	0	RELEASE	1	653	0	0
H5B-O-40-00#s100r019	16	0	0	0	0	RELEASE	1	650	0	0
H5B-O-40-01#s100r019	16	0	0	0	0	RELEASE	1	513	0	0
H5B-O-40-02#s100r019	16	0	0	0	0	RELEASE	1	651	0	0
H5B-O-40-03#s100r019	16	0	0	0	0	RELEASE	1	514	0	0
H5B-O-40-04#s100r019	16	0	0	0	0	RELEASE	1	651	0	0
H5B-O-40-05#s100r019	16	0	0	0	0	RELEASE	1	651	0	0
H5B-O-40-06#s100r019	16	0	0	0	0	RELEASE	1	514	0	0
H5B-O-40-07#s100r019	16	0	0	0	0	RELEASE	1	651	0	0
H5B-O-40-08#s100r019	16	0	0	0	0	RELEASE	1	515	0	0
H5B-O-40-09#s100r019	16	0	0	0	0	RELEASE	1	652	0	0
H5B-D-0-00#s100r019	16	0	0	0	0	RELEASE	1	665	0	0
H5B-D-0-01#s100r019	16	0	0	0	0	RELEASE	1	665	0	0
H5B-D-0-02#s100r019	16	0	0	0	0	RELEASE	1	665	0	0
H5B-D-0-03#s100r019	16	0	0	0	0	RELEASE	1	665	0	0
H5B-D-0-04#s100r019	16	0	0	0	0	RELEASE	1	666	0	0
H5B-D-0-05#s100r019	16	0	0	0	0	RELEASE	1	666	0	0
H5B-D-0-06#s100r019	16	0	0	0	0	RELEASE	1	666	0	0
H5B-D-0-07#s100r019	16	0	0	0	0	RELEASE	1	666	0	0
H5B-D-0-08#s100r019	16	0	0	0	0	RELEASE	1	667	0	0
H5B-D-0-09#s100r019	16	0	0	0	0	RELEASE	1	667	0	0
H5B-D-1-00#s100r019	16	0	0	0	0	ABSTAIN	A	0	0	0
H5B-D-1-01#s100r019	16	0	0	0	0	ABSTAIN	A	0	0	0
H5B-D-1-02#s100r019	16	0	0	0	0	ABSTAIN	A	0	0	0
H5B-D-1-03#s100r019	16	0	0	0	0	ABSTAIN	A	0	0	0
H5B-D-1-04#s100r019	16	0	0	0	0	ABSTAIN	A	0	0	0
H5B-D-1-05#s100r019	16	0	0	0	0	ABSTAIN	A	0	0	0
H5B-D-1-06#s100r019	16	0	0	0	0	ABSTAIN	A	0	0	0
H5B-D-1-07#s100r019	16	0	0	0	0	ABSTAIN	A	0	0	0
H5B-D-1-08#s100r019	16	0	0	0	0	ABSTAIN	A	0	0	0
H5B-D-1-09#s100r019	16	0	0	0	0	ABSTAIN	A	0	0	0
H5B-D-2-00#s100r019	16	0	0	0	0	ABSTAIN	A	0	0	0
H5B-D-2-01#s100r019	16	0	0	0	0	ABSTAIN	A	0	0	0
H5B-D-2-02#s100r019	16	0	0	0	0	ABSTAIN	A	0	0	0
H5B-D-2-03#s100r019	16	0	0	0	0	ABSTAIN	A	0	0	0
H5B-D-2-04#s100r019	16	0	0	0	0	ABSTAIN	A	0	0	0
H5B-D-2-05#s100r019	16	0	0	0	0	ABSTAIN	A	0	0	0
H5B-D-2-06#s100r019	16	0	0	0	0	ABSTAIN	A	0	0	0
H5B-D-2-07#s100r019	16	0	0	0	0	ABSTAIN	A	0	0	0
H5B-D-2-08#s100r019	16	0	0	0	0	ABSTAIN	A	0	0	0
H5B-D-2-09#s100r019	16	0	0	0	0	ABSTAIN	A	0	0	0
H5B-D-6-00#s100r019	16	0	0	0	0	ABSTAIN	A	0	0	0
H5B-D-6-01#s100r019	16	0	0	0	0	ABSTAIN	A	0	0	0
H5B-D-6-02#s100r019	16	0	0	0	0	ABSTAIN	A	0	0	0
H5B-D-6-03#s100r019	16	0	0	0	0	ABSTAIN	A	0	0	0
H5B-D-6-04#s100r019	16	0	0	0	0	ABSTAIN	A	0	0	0
H5B-D-6-05#s100r019	16	0	0	0	0	ABSTAIN	A	0	0	0
H5B-D-6-06#s100r019	16	0	0	0	0	ABSTAIN	A	0	0	0
H5B-D-6-07#s100r019	16	0	0	0	0	ABSTAIN	A	0	0	0
H5B-D-6-08#s100r019	16	0	0	0	0	ABSTAIN	A	0	0	0
H5B-D-6-09#s100r019	16	0	0	0	0	ABSTAIN	A	0	0	0
H5B-P-06-00#s100r020	16	0	0	0	0	ABSTAIN	A	0	0	0
H5B-P-06-01#s100r020	16	0	0	0	0	ABSTAIN	A	0	0	0
H5B-P-06-02#s100r020	16	0	0	0	0	ABSTAIN	A	0	0	0
H5B-P-06-03#s100r020	16	0	0	0	0	ABSTAIN	A	0	0	0
H5B-P-06-04#s100r020	16	0	0	0	0	ABSTAIN	A	0	0	0
H5B-P-06-05#s100r020	16	0	0	0	0	ABSTAIN	A	0	0	0
H5B-P-06-06#s100r020	16	0	0	0	0	ABSTAIN	A	0	0	0
H5B-P-06-07#s100r020	16	0	0	0	0	ABSTAIN	A	0	0	0
H5B-P-06-08#s100r020	16	0	0	0	0	ABSTAIN	A	0	0	0
H5B-P-06-09#s100r020	16	0	0	0	0	ABSTAIN	A	0	0	0
H5B-P-12-00#s100r020	16	0	0	0	0	ABSTAIN	A	0	0	0
H5B-P-12-01#s100r020	16	0	0	0	0	ABSTAIN	A	0	0	0
H5B-P-12-02#s100r020	16	0	0	0	0	ABSTAIN	A	0	0	0
H5B-P-12-03#s100r020	16	0	0	0	0	ABSTAIN	A	0	0	0
H5B-P-12-04#s100r020	16	0	0	0	0	ABSTAIN	A	0	0	0
H5B-P-12-05#s100r020	16	0	0	0	0	ABSTAIN	A	0	0	0
H5B-P-12-06#s100r020	16	0	0	0	0	ABSTAIN	A	0	0	0
H5B-P-12-07#s100r020	16	0	0	0	0	ABSTAIN	A	0	0	0
H5B-P-12-08#s100r020	16	0	0	0	0	ABSTAIN	A	0	0	0
H5B-P-12-09#s100r020	16	0	0	0	0	ABSTAIN	A	0	0	0
H5B-P-20-00#s100r020	16	0	0	0	0	RELEASE	0	0	0	0
H5B-P-20-01#s100r020	16	0	0	0	0	RELEASE	0	0	0	0
H5B-P-20-02#s100r020	16	0	0	0	0	RELEASE	0	0	0	0
H5B-P-20-03#s100r020	16	0	0	0	0	RELEASE	0	0	0	0
H5B-P-20-04#s100r020	16	0	0	0	0	RELEASE	0	0	0	0
H5B-P-20-05#s100r020	16	0	0	0	0	RELEASE	0	0	0	0
H5B-P-20-06#s100r020	16	0	0	0	0	RELEASE	0	0	0	0
H5B-P-20-07#s100r020	16	0	0	0	0	RELEASE	0	0	0	0
H5B-P-20-08#s100r020	16	0	0	0	0	RELEASE	0	0	0	0
H5B-P-20-09#s100r020	16	0	0	0	0	RELEASE	0	0	0	0
H5B-P-40-00#s100r020	16	0	0	0	0	RELEASE	0	0	0	0
H5B-P-40-01#s100r020	16	0	0	0	0	RELEASE	0	0	0	0
H5B-P-40-02#s100r020	16	0	0	0	0	RELEASE	0	0	0	0
H5B-P-40-03#s100r020	16	0	0	0	0	RELEASE	0	0	0	0
H5B-P-40-04#s100r020	16	0	0	0	0	RELEASE	0	0	0	0
H5B-P-40-05#s100r020	16	0	0	0	0	RELEASE	0	0	0	0
H5B-P-40-06#s100r020	16	0	0	0	0	RELEASE	0	0	0	0
H5B-P-40-07#s100r020	16	0	0	0	0	RELEASE	0	0	0	0
H5B-P-40-08#s100r020	16	0	0	0	0	RELEASE	0	0	0	0
H5B-P-40-09#s100r020	16	0	0	0	0	RELEASE	0	0	0	0
H5B-O-06-00#s100r020	16	0	0	0	0	ABSTAIN	A	0	0	0
H5B-O-06-01#s100r020	16	0	0	0	0	ABSTAIN	A	0	0	0
H5B-O-06-02#s100r020	16	0	0	0	0	ABSTAIN	A	0	0	0
H5B-O-06-03#s100r020	16	0	0	0	0	ABSTAIN	A	0	0	0
H5B-O-06-04#s100r020	16	0	0	0	0	ABSTAIN	A	0	0	0
H5B-O-06-05#s100r020	16	0	0	0	0	ABSTAIN	A	0	0	0
H5B-O-06-06#s100r020	16	0	0	0	0	ABSTAIN	A	0	0	0
H5B-O-06-07#s100r020	16	0	0	0	0	ABSTAIN	A	0	0	0
H5B-O-06-08#s100r020	16	0	0	0	0	ABSTAIN	A	0	0	0
H5B-O-06-09#s100r020	16	0	0	0	0	ABSTAIN	A	0	0	0
H5B-O-12-00#s100r020	16	0	0	0	0	ABSTAIN	A	0	0	0
H5B-O-12-01#s100r020	16	0	0	0	0	ABSTAIN	A	0	0	0
H5B-O-12-02#s100r020	16	0	0	0	0	ABSTAIN	A	0	0	0
H5B-O-12-03#s100r020	16	0	0	0	0	ABSTAIN	A	0	0	0
H5B-O-12-04#s100r020	16	0	0	0	0	ABSTAIN	A	0	0	0
H5B-O-12-05#s100r020	16	0	0	0	0	ABSTAIN	A	0	0	0
H5B-O-12-06#s100r020	16	0	0	0	0	ABSTAIN	A	0	0	0
H5B-O-12-07#s100r020	16	0	0	0	0	ABSTAIN	A	0	0	0
H5B-O-12-08#s100r020	16	0	0	0	0	ABSTAIN	A	0	0	0
H5B-O-12-09#s100r020	16	0	0	0	0	ABSTAIN	A	0	0	0
H5B-O-20-00#s100r020	16	0	0	0	0	RELEASE	1	652	0	0
H5B-O-20-01#s100r020	16	0	0	0	0	RELEASE	1	510	0	0
H5B-O-20-02#s100r020	16	0	0	0	0	RELEASE	1	652	0	0
H5B-O-20-03#s100r020	16	0	0	0	0	RELEASE	1	511	0	0
H5B-O-20-04#s100r020	16	0	0	0	0	RELEASE	1	652	0	0
H5B-O-20-05#s100r020	16	0	0	0	0	RELEASE	1	653	0	0
H5B-O-20-06#s100r020	16	0	0	0	0	RELEASE	1	512	0	0
H5B-O-20-07#s100r020	16	0	0	0	0	RELEASE	1	653	0	0
H5B-O-20-08#s100r020	16	0	0	0	0	RELEASE	1	512	0	0
H5B-O-20-09#s100r020	16	0	0	0	0	RELEASE	1	653	0	0
H5B-O-40-00#s100r020	16	0	0	0	0	RELEASE	1	650	0	0
H5B-O-40-01#s100r020	16	0	0	0	0	RELEASE	1	513	0	0
H5B-O-40-02#s100r020	16	0	0	0	0	RELEASE	1	651	0	0
H5B-O-40-03#s100r020	16	0	0	0	0	RELEASE	1	514	0	0
H5B-O-40-04#s100r020	16	0	0	0	0	RELEASE	1	651	0	0
H5B-O-40-05#s100r020	16	0	0	0	0	RELEASE	1	651	0	0
H5B-O-40-06#s100r020	16	0	0	0	0	RELEASE	1	515	0	0
H5B-O-40-07#s100r020	16	0	0	0	0	RELEASE	1	651	0	0
H5B-O-40-08#s100r020	16	0	0	0	0	RELEASE	1	515	0	0
H5B-O-40-09#s100r020	16	0	0	0	0	RELEASE	1	652	0	0
H5B-D-0-00#s100r020	16	0	0	0	0	RELEASE	1	665	0	0
H5B-D-0-01#s100r020	16	0	0	0	0	RELEASE	1	665	0	0
H5B-D-0-02#s100r020	16	0	0	0	0	RELEASE	1	665	0	0
H5B-D-0-03#s100r020	16	0	0	0	0	RELEASE	1	665	0	0
H5B-D-0-04#s100r020	16	0	0	0	0	RELEASE	1	665	0	0
H5B-D-0-05#s100r020	16	0	0	0	0	RELEASE	1	666	0	0
H5B-D-0-06#s100r020	16	0	0	0	0	RELEASE	1	666	0	0
H5B-D-0-07#s100r020	16	0	0	0	0	RELEASE	1	666	0	0
H5B-D-0-08#s100r020	16	0	0	0	0	RELEASE	1	666	0	0
H5B-D-0-09#s100r020	16	0	0	0	0	RELEASE	1	666	0	0
H5B-D-1-00#s100r020	16	0	0	0	0	ABSTAIN	A	0	0	0
H5B-D-1-01#s100r020	16	0	0	0	0	ABSTAIN	A	0	0	0
H5B-D-1-02#s100r020	16	0	0	0	0	ABSTAIN	A	0	0	0
H5B-D-1-03#s100r020	16	0	0	0	0	ABSTAIN	A	0	0	0
H5B-D-1-04#s100r020	16	0	0	0	0	ABSTAIN	A	0	0	0
H5B-D-1-05#s100r020	16	0	0	0	0	ABSTAIN	A	0	0	0
H5B-D-1-06#s100r020	16	0	0	0	0	ABSTAIN	A	0	0	0
H5B-D-1-07#s100r020	16	0	0	0	0	ABSTAIN	A	0	0	0
H5B-D-1-08#s100r020	16	0	0	0	0	ABSTAIN	A	0	0	0
H5B-D-1-09#s100r020	16	0	0	0	0	ABSTAIN	A	0	0	0
H5B-D-2-00#s100r020	16	0	0	0	0	ABSTAIN	A	0	0	0
H5B-D-2-01#s100r020	16	0	0	0	0	ABSTAIN	A	0	0	0
H5B-D-2-02#s100r020	16	0	0	0	0	ABSTAIN	A	0	0	0
H5B-D-2-03#s100r020	16	0	0	0	0	ABSTAIN	A	0	0	0
H5B-D-2-04#s100r020	16	0	0	0	0	ABSTAIN	A	0	0	0
H5B-D-2-05#s100r020	16	0	0	0	0	ABSTAIN	A	0	0	0
H5B-D-2-06#s100r020	16	0	0	0	0	ABSTAIN	A	0	0	0
H5B-D-2-07#s100r020	16	0	0	0	0	ABSTAIN	A	0	0	0
H5B-D-2-08#s100r020	16	0	0	0	0	ABSTAIN	A	0	0	0
H5B-D-2-09#s100r020	16	0	0	0	0	ABSTAIN	A	0	0	0
H5B-D-6-00#s100r020	16	0	0	0	0	ABSTAIN	A	0	0	0
H5B-D-6-01#s100r020	16	0	0	0	0	ABSTAIN	A	0	0	0
H5B-D-6-02#s100r020	16	0	0	0	0	ABSTAIN	A	0	0	0
H5B-D-6-03#s100r020	16	0	0	0	0	ABSTAIN	A	0	0	0
H5B-D-6-04#s100r020	16	0	0	0	0	ABSTAIN	A	0	0	0
H5B-D-6-05#s100r020	16	0	0	0	0	ABSTAIN	A	0	0	0
H5B-D-6-06#s100r020	16	0	0	0	0	ABSTAIN	A	0	0	0
H5B-D-6-07#s100r020	16	0	0	0	0	ABSTAIN	A	0	0	0
H5B-D-6-08#s100r020	16	0	0	0	0	ABSTAIN	A	0	0	0
H5B-D-6-09#s100r020	16	0	0	0	0	ABSTAIN	A	0	0	0
H5B-P-06-00#s100r021	16	0	0	0	0	ABSTAIN	A	0	0	0
H5B-P-06-01#s100r021	16	0	0	0	0	ABSTAIN	A	0	0	0
H5B-P-06-02#s100r021	16	0	0	0	0	ABSTAIN	A	0	0	0
H5B-P-06-03#s100r021	16	0	0	0	0	ABSTAIN	A	0	0	0
H5B-P-06-04#s100r021	16	0	0	0	0	ABSTAIN	A	0	0	0
H5B-P-06-05#s100r021	16	0	0	0	0	ABSTAIN	A	0	0	0
H5B-P-06-06#s100r021	16	0	0	0	0	ABSTAIN	A	0	0	0
H5B-P-06-07#s100r021	16	0	0	0	0	ABSTAIN	A	0	0	0
H5B-P-06-08#s100r021	16	0	0	0	0	ABSTAIN	A	0	0	0
H5B-P-06-09#s100r021	16	0	0	0	0	ABSTAIN	A	0	0	0
H5B-P-12-00#s100r021	16	0	0	0	0	ABSTAIN	A	0	0	0
H5B-P-12-01#s100r021	16	0	0	0	0	ABSTAIN	A	0	0	0
H5B-P-12-02#s100r021	16	0	0	0	0	ABSTAIN	A	0	0	0
H5B-P-12-03#s100r021	16	0	0	0	0	ABSTAIN	A	0	0	0
H5B-P-12-04#s100r021	16	0	0	0	0	ABSTAIN	A	0	0	0
H5B-P-12-05#s100r021	16	0	0	0	0	ABSTAIN	A	0	0	0
H5B-P-12-06#s100r021	16	0	0	0	0	ABSTAIN	A	0	0	0
H5B-P-12-07#s100r021	16	0	0	0	0	ABSTAIN	A	0	0	0
H5B-P-12-08#s100r021	16	0	0	0	0	ABSTAIN	A	0	0	0
H5B-P-12-09#s100r021	16	0	0	0	0	ABSTAIN	A	0	0	0
H5B-P-20-00#s100r021	16	0	0	0	0	RELEASE	0	0	0	0
H5B-P-20-01#s100r021	16	0	0	0	0	RELEASE	0	0	0	0
H5B-P-20-02#s100r021	16	0	0	0	0	RELEASE	0	0	0	0
H5B-P-20-03#s100r021	16	0	0	0	0	RELEASE	0	0	0	0
H5B-P-20-04#s100r021	16	0	0	0	0	RELEASE	0	0	0	0
H5B-P-20-05#s100r021	16	0	0	0	0	RELEASE	0	0	0	0
H5B-P-20-06#s100r021	16	0	0	0	0	RELEASE	0	0	0	0
H5B-P-20-07#s100r021	16	0	0	0	0	RELEASE	0	0	0	0
H5B-P-20-08#s100r021	16	0	0	0	0	RELEASE	0	0	0	0
H5B-P-20-09#s100r021	16	0	0	0	0	RELEASE	0	0	0	0
H5B-P-40-00#s100r021	16	0	0	0	0	RELEASE	0	0	0	0
H5B-P-40-01#s100r021	16	0	0	0	0	RELEASE	0	0	0	0
H5B-P-40-02#s100r021	16	0	0	0	0	RELEASE	0	0	0	0
H5B-P-40-03#s100r021	16	0	0	0	0	RELEASE	0	0	0	0
H5B-P-40-04#s100r021	16	0	0	0	0	RELEASE	0	0	0	0
H5B-P-40-05#s100r021	16	0	0	0	0	RELEASE	0	0	0	0
H5B-P-40-06#s100r021	16	0	0	0	0	RELEASE	0	0	0	0
H5B-P-40-07#s100r021	16	0	0	0	0	RELEASE	0	0	0	0
H5B-P-40-08#s100r021	16	0	0	0	0	RELEASE	0	0	0	0
H5B-P-40-09#s100r021	16	0	0	0	0	RELEASE	0	0	0	0
H5B-O-06-00#s100r021	16	0	0	0	0	ABSTAIN	A	0	0	0
H5B-O-06-01#s100r021	16	0	0	0	0	ABSTAIN	A	0	0	0
H5B-O-06-02#s100r021	16	0	0	0	0	ABSTAIN	A	0	0	0
H5B-O-06-03#s100r021	16	0	0	0	0	ABSTAIN	A	0	0	0
H5B-O-06-04#s100r021	16	0	0	0	0	ABSTAIN	A	0	0	0
H5B-O-06-05#s100r021	16	0	0	0	0	ABSTAIN	A	0	0	0
H5B-O-06-06#s100r021	16	0	0	0	0	ABSTAIN	A	0	0	0
H5B-O-06-07#s100r021	16	0	0	0	0	ABSTAIN	A	0	0	0
H5B-O-06-08#s100r021	16	0	0	0	0	ABSTAIN	A	0	0	0
H5B-O-06-09#s100r021	16	0	0	0	0	ABSTAIN	A	0	0	0
H5B-O-12-00#s100r021	16	0	0	0	0	ABSTAIN	A	0	0	0
H5B-O-12-01#s100r021	16	0	0	0	0	ABSTAIN	A	0	0	0
H5B-O-12-02#s100r021	16	0	0	0	0	ABSTAIN	A	0	0	0
H5B-O-12-03#s100r021	16	0	0	0	0	ABSTAIN	A	0	0	0
H5B-O-12-04#s100r021	16	0	0	0	0	ABSTAIN	A	0	0	0
H5B-O-12-05#s100r021	16	0	0	0	0	ABSTAIN	A	0	0	0
H5B-O-12-06#s100r021	16	0	0	0	0	ABSTAIN	A	0	0	0
H5B-O-12-07#s100r021	16	0	0	0	0	ABSTAIN	A	0	0	0
H5B-O-12-08#s100r021	16	0	0	0	0	ABSTAIN	A	0	0	0
H5B-O-12-09#s100r021	16	0	0	0	0	ABSTAIN	A	0	0	0
H5B-O-20-00#s100r021	16	0	0	0	0	RELEASE	1	652	0	0
H5B-O-20-01#s100r021	16	0	0	0	0	RELEASE	1	510	0	0
H5B-O-20-02#s100r021	16	0	0	0	0	RELEASE	1	652	0	0
H5B-O-20-03#s100r021	16	0	0	0	0	RELEASE	1	511	0	0
H5B-O-20-04#s100r021	16	0	0	0	0	RELEASE	1	652	0	0
H5B-O-20-05#s100r021	16	0	0	0	0	RELEASE	1	652	0	0
H5B-O-20-06#s100r021	16	0	0	0	0	RELEASE	1	512	0	0
H5B-O-20-07#s100r021	16	0	0	0	0	RELEASE	1	653	0	0
H5B-O-20-08#s100r021	16	0	0	0	0	RELEASE	1	512	0	0
H5B-O-20-09#s100r021	16	0	0	0	0	RELEASE	1	653	0	0
H5B-O-40-00#s100r021	16	0	0	0	0	RELEASE	1	650	0	0
H5B-O-40-01#s100r021	16	0	0	0	0	RELEASE	1	513	0	0
H5B-O-40-02#s100r021	16	0	0	0	0	RELEASE	1	651	0	0
H5B-O-40-03#s100r021	16	0	0	0	0	RELEASE	1	514	0	0
H5B-O-40-04#s100r021	16	0	0	0	0	RELEASE	1	651	0	0
H5B-O-40-05#s100r021	16	0	0	0	0	RELEASE	1	651	0	0
H5B-O-40-06#s100r021	16	0	0	0	0	RELEASE	1	515	0	0
H5B-O-40-07#s100r021	16	0	0	0	0	RELEASE	1	651	0	0
H5B-O-40-08#s100r021	16	0	0	0	0	RELEASE	1	515	0	0
H5B-O-40-09#s100r021	16	0	0	0	0	RELEASE	1	652	0	0
H5B-D-0-00#s100r021	16	0	0	0	0	RELEASE	1	664	0	0
H5B-D-0-01#s100r021	16	0	0	0	0	RELEASE	1	664	0	0
H5B-D-0-02#s100r021	16	0	0	0	0	RELEASE	1	665	0	0
H5B-D-0-03#s100r021	16	0	0	0	0	RELEASE	1	665	0	0
H5B-D-0-04#s100r021	16	0	0	0	0	RELEASE	1	665	0	0
H5B-D-0-05#s100r021	16	0	0	0	0	RELEASE	1	665	0	0
H5B-D-0-06#s100r021	16	0	0	0	0	RELEASE	1	665	0	0
H5B-D-0-07#s100r021	16	0	0	0	0	RELEASE	1	666	0	0
H5B-D-0-08#s100r021	16	0	0	0	0	RELEASE	1	666	0	0
H5B-D-0-09#s100r021	16	0	0	0	0	RELEASE	1	666	0	0
H5B-D-1-00#s100r021	16	0	0	0	0	ABSTAIN	A	0	0	0
H5B-D-1-01#s100r021	16	0	0	0	0	ABSTAIN	A	0	0	0
H5B-D-1-02#s100r021	16	0	0	0	0	ABSTAIN	A	0	0	0
H5B-D-1-03#s100r021	16	0	0	0	0	ABSTAIN	A	0	0	0
H5B-D-1-04#s100r021	16	0	0	0	0	ABSTAIN	A	0	0	0
H5B-D-1-05#s100r021	16	0	0	0	0	ABSTAIN	A	0	0	0
H5B-D-1-06#s100r021	16	0	0	0	0	ABSTAIN	A	0	0	0
H5B-D-1-07#s100r021	16	0	0	0	0	ABSTAIN	A	0	0	0
H5B-D-1-08#s100r021	16	0	0	0	0	ABSTAIN	A	0	0	0
H5B-D-1-09#s100r021	16	0	0	0	0	ABSTAIN	A	0	0	0
H5B-D-2-00#s100r021	16	0	0	0	0	ABSTAIN	A	0	0	0
H5B-D-2-01#s100r021	16	0	0	0	0	ABSTAIN	A	0	0	0
H5B-D-2-02#s100r021	16	0	0	0	0	ABSTAIN	A	0	0	0
H5B-D-2-03#s100r021	16	0	0	0	0	ABSTAIN	A	0	0	0
H5B-D-2-04#s100r021	16	0	0	0	0	ABSTAIN	A	0	0	0
H5B-D-2-05#s100r021	16	0	0	0	0	ABSTAIN	A	0	0	0
H5B-D-2-06#s100r021	16	0	0	0	0	ABSTAIN	A	0	0	0
H5B-D-2-07#s100r021	16	0	0	0	0	ABSTAIN	A	0	0	0
H5B-D-2-08#s100r021	16	0	0	0	0	ABSTAIN	A	0	0	0
H5B-D-2-09#s100r021	16	0	0	0	0	ABSTAIN	A	0	0	0
H5B-D-6-00#s100r021	16	0	0	0	0	ABSTAIN	A	0	0	0
H5B-D-6-01#s100r021	16	0	0	0	0	ABSTAIN	A	0	0	0
H5B-D-6-02#s100r021	16	0	0	0	0	ABSTAIN	A	0	0	0
H5B-D-6-03#s100r021	16	0	0	0	0	ABSTAIN	A	0	0	0
H5B-D-6-04#s100r021	16	0	0	0	0	ABSTAIN	A	0	0	0
H5B-D-6-05#s100r021	16	0	0	0	0	ABSTAIN	A	0	0	0
H5B-D-6-06#s100r021	16	0	0	0	0	ABSTAIN	A	0	0	0
H5B-D-6-07#s100r021	16	0	0	0	0	ABSTAIN	A	0	0	0
H5B-D-6-08#s100r021	16	0	0	0	0	ABSTAIN	A	0	0	0
H5B-D-6-09#s100r021	16	0	0	0	0	ABSTAIN	A	0	0	0
H5B-P-06-00#s100r022	16	0	0	0	0	ABSTAIN	A	0	0	0
H5B-P-06-01#s100r022	16	0	0	0	0	ABSTAIN	A	0	0	0
H5B-P-06-02#s100r022	16	0	0	0	0	ABSTAIN	A	0	0	0
H5B-P-06-03#s100r022	16	0	0	0	0	ABSTAIN	A	0	0	0
H5B-P-06-04#s100r022	16	0	0	0	0	ABSTAIN	A	0	0	0
H5B-P-06-05#s100r022	16	0	0	0	0	ABSTAIN	A	0	0	0
H5B-P-06-06#s100r022	16	0	0	0	0	ABSTAIN	A	0	0	0
H5B-P-06-07#s100r022	16	0	0	0	0	ABSTAIN	A	0	0	0
H5B-P-06-08#s100r022	16	0	0	0	0	ABSTAIN	A	0	0	0
H5B-P-06-09#s100r022	16	0	0	0	0	ABSTAIN	A	0	0	0
H5B-P-12-00#s100r022	16	0	0	0	0	ABSTAIN	A	0	0	0
H5B-P-12-01#s100r022	16	0	0	0	0	ABSTAIN	A	0	0	0
H5B-P-12-02#s100r022	16	0	0	0	0	ABSTAIN	A	0	0	0
H5B-P-12-03#s100r022	16	0	0	0	0	ABSTAIN	A	0	0	0
H5B-P-12-04#s100r022	16	0	0	0	0	ABSTAIN	A	0	0	0
H5B-P-12-05#s100r022	16	0	0	0	0	ABSTAIN	A	0	0	0
H5B-P-12-06#s100r022	16	0	0	0	0	ABSTAIN	A	0	0	0
H5B-P-12-07#s100r022	16	0	0	0	0	ABSTAIN	A	0	0	0
H5B-P-12-08#s100r022	16	0	0	0	0	ABSTAIN	A	0	0	0
H5B-P-12-09#s100r022	16	0	0	0	0	ABSTAIN	A	0	0	0
H5B-P-20-00#s100r022	16	0	0	0	0	RELEASE	0	0	0	0
H5B-P-20-01#s100r022	16	0	0	0	0	RELEASE	0	0	0	0
H5B-P-20-02#s100r022	16	0	0	0	0	RELEASE	0	0	0	0
H5B-P-20-03#s100r022	16	0	0	0	0	RELEASE	0	0	0	0
H5B-P-20-04#s100r022	16	0	0	0	0	RELEASE	0	0	0	0
H5B-P-20-05#s100r022	16	0	0	0	0	RELEASE	0	0	0	0
H5B-P-20-06#s100r022	16	0	0	0	0	RELEASE	0	0	0	0
H5B-P-20-07#s100r022	16	0	0	0	0	RELEASE	0	0	0	0
H5B-P-20-08#s100r022	16	0	0	0	0	RELEASE	0	0	0	0
H5B-P-20-09#s100r022	16	0	0	0	0	RELEASE	0	0	0	0
H5B-P-40-00#s100r022	16	0	0	0	0	RELEASE	0	0	0	0
H5B-P-40-01#s100r022	16	0	0	0	0	RELEASE	0	0	0	0
H5B-P-40-02#s100r022	16	0	0	0	0	RELEASE	0	0	0	0
H5B-P-40-03#s100r022	16	0	0	0	0	RELEASE	0	0	0	0
H5B-P-40-04#s100r022	16	0	0	0	0	RELEASE	0	0	0	0
H5B-P-40-05#s100r022	16	0	0	0	0	RELEASE	0	0	0	0
H5B-P-40-06#s100r022	16	0	0	0	0	RELEASE	0	0	0	0
H5B-P-40-07#s100r022	16	0	0	0	0	RELEASE	0	0	0	0
H5B-P-40-08#s100r022	16	0	0	0	0	RELEASE	0	0	0	0
H5B-P-40-09#s100r022	16	0	0	0	0	RELEASE	0	0	0	0
H5B-O-06-00#s100r022	16	0	0	0	0	ABSTAIN	A	0	0	0
H5B-O-06-01#s100r022	16	0	0	0	0	ABSTAIN	A	0	0	0
H5B-O-06-02#s100r022	16	0	0	0	0	ABSTAIN	A	0	0	0
H5B-O-06-03#s100r022	16	0	0	0	0	ABSTAIN	A	0	0	0
H5B-O-06-04#s100r022	16	0	0	0	0	ABSTAIN	A	0	0	0
H5B-O-06-05#s100r022	16	0	0	0	0	ABSTAIN	A	0	0	0
H5B-O-06-06#s100r022	16	0	0	0	0	ABSTAIN	A	0	0	0
H5B-O-06-07#s100r022	16	0	0	0	0	ABSTAIN	A	0	0	0
H5B-O-06-08#s100r022	16	0	0	0	0	ABSTAIN	A	0	0	0
H5B-O-06-09#s100r022	16	0	0	0	0	ABSTAIN	A	0	0	0
H5B-O-12-00#s100r022	16	0	0	0	0	ABSTAIN	A	0	0	0
H5B-O-12-01#s100r022	16	0	0	0	0	ABSTAIN	A	0	0	0
H5B-O-12-02#s100r022	16	0	0	0	0	ABSTAIN	A	0	0	0
H5B-O-12-03#s100r022	16	0	0	0	0	ABSTAIN	A	0	0	0
H5B-O-12-04#s100r022	16	0	0	0	0	ABSTAIN	A	0	0	0
H5B-O-12-05#s100r022	16	0	0	0	0	ABSTAIN	A	0	0	0
H5B-O-12-06#s100r022	16	0	0	0	0	ABSTAIN	A	0	0	0
H5B-O-12-07#s100r022	16	0	0	0	0	ABSTAIN	A	0	0	0
H5B-O-12-08#s100r022	16	0	0	0	0	ABSTAIN	A	0	0	0
H5B-O-12-09#s100r022	16	0	0	0	0	ABSTAIN	A	0	0	0
H5B-O-20-00#s100r022	16	0	0	0	0	RELEASE	1	652	0	0
H5B-O-20-01#s100r022	16	0	0	0	0	RELEASE	1	510	0	0
H5B-O-20-02#s100r022	16	0	0	0	0	RELEASE	1	652	0	0
H5B-O-20-03#s100r022	16	0	0	0	0	RELEASE	1	511	0	0
H5B-O-20-04#s100r022	16	0	0	0	0	RELEASE	1	652	0	0
H5B-O-20-05#s100r022	16	0	0	0	0	RELEASE	1	652	0	0
H5B-O-20-06#s100r022	16	0	0	0	0	RELEASE	1	512	0	0
H5B-O-20-07#s100r022	16	0	0	0	0	RELEASE	1	653	0	0
H5B-O-20-08#s100r022	16	0	0	0	0	RELEASE	1	513	0	0
H5B-O-20-09#s100r022	16	0	0	0	0	RELEASE	1	653	0	0
H5B-O-40-00#s100r022	16	0	0	0	0	RELEASE	1	651	0	0
H5B-O-40-01#s100r022	16	0	0	0	0	RELEASE	1	513	0	0
H5B-O-40-02#s100r022	16	0	0	0	0	RELEASE	1	651	0	0
H5B-O-40-03#s100r022	16	0	0	0	0	RELEASE	1	514	0	0
H5B-O-40-04#s100r022	16	0	0	0	0	RELEASE	1	651	0	0
H5B-O-40-05#s100r022	16	0	0	0	0	RELEASE	1	651	0	0
H5B-O-40-06#s100r022	16	0	0	0	0	RELEASE	1	515	0	0
H5B-O-40-07#s100r022	16	0	0	0	0	RELEASE	1	651	0	0
H5B-O-40-08#s100r022	16	0	0	0	0	RELEASE	1	515	0	0
H5B-O-40-09#s100r022	16	0	0	0	0	RELEASE	1	652	0	0
H5B-D-0-00#s100r022	16	0	0	0	0	RELEASE	1	664	0	0
H5B-D-0-01#s100r022	16	0	0	0	0	RELEASE	1	664	0	0
H5B-D-0-02#s100r022	16	0	0	0	0	RELEASE	1	664	0	0
H5B-D-0-03#s100r022	16	0	0	0	0	RELEASE	1	665	0	0
H5B-D-0-04#s100r022	16	0	0	0	0	RELEASE	1	665	0	0
H5B-D-0-05#s100r022	16	0	0	0	0	RELEASE	1	665	0	0
H5B-D-0-06#s100r022	16	0	0	0	0	RELEASE	1	665	0	0
H5B-D-0-07#s100r022	16	0	0	0	0	RELEASE	1	665	0	0
H5B-D-0-08#s100r022	16	0	0	0	0	RELEASE	1	665	0	0
H5B-D-0-09#s100r022	16	0	0	0	0	RELEASE	1	666	0	0
H5B-D-1-00#s100r022	16	0	0	0	0	ABSTAIN	A	0	0	0
H5B-D-1-01#s100r022	16	0	0	0	0	ABSTAIN	A	0	0	0
H5B-D-1-02#s100r022	16	0	0	0	0	ABSTAIN	A	0	0	0
H5B-D-1-03#s100r022	16	0	0	0	0	ABSTAIN	A	0	0	0
H5B-D-1-04#s100r022	16	0	0	0	0	ABSTAIN	A	0	0	0
H5B-D-1-05#s100r022	16	0	0	0	0	ABSTAIN	A	0	0	0
H5B-D-1-06#s100r022	16	0	0	0	0	ABSTAIN	A	0	0	0
H5B-D-1-07#s100r022	16	0	0	0	0	ABSTAIN	A	0	0	0
H5B-D-1-08#s100r022	16	0	0	0	0	ABSTAIN	A	0	0	0
H5B-D-1-09#s100r022	16	0	0	0	0	ABSTAIN	A	0	0	0
H5B-D-2-00#s100r022	16	0	0	0	0	ABSTAIN	A	0	0	0
H5B-D-2-01#s100r022	16	0	0	0	0	ABSTAIN	A	0	0	0
H5B-D-2-02#s100r022	16	0	0	0	0	ABSTAIN	A	0	0	0
H5B-D-2-03#s100r022	16	0	0	0	0	ABSTAIN	A	0	0	0
H5B-D-2-04#s100r022	16	0	0	0	0	ABSTAIN	A	0	0	0
H5B-D-2-05#s100r022	16	0	0	0	0	ABSTAIN	A	0	0	0
H5B-D-2-06#s100r022	16	0	0	0	0	ABSTAIN	A	0	0	0
H5B-D-2-07#s100r022	16	0	0	0	0	ABSTAIN	A	0	0	0
H5B-D-2-08#s100r022	16	0	0	0	0	ABSTAIN	A	0	0	0
H5B-D-2-09#s100r022	16	0	0	0	0	ABSTAIN	A	0	0	0
H5B-D-6-00#s100r022	16	0	0	0	0	ABSTAIN	A	0	0	0
H5B-D-6-01#s100r022	16	0	0	0	0	ABSTAIN	A	0	0	0
H5B-D-6-02#s100r022	16	0	0	0	0	ABSTAIN	A	0	0	0
H5B-D-6-03#s100r022	16	0	0	0	0	ABSTAIN	A	0	0	0
H5B-D-6-04#s100r022	16	0	0	0	0	ABSTAIN	A	0	0	0
H5B-D-6-05#s100r022	16	0	0	0	0	ABSTAIN	A	0	0	0
H5B-D-6-06#s100r022	16	0	0	0	0	ABSTAIN	A	0	0	0
H5B-D-6-07#s100r022	16	0	0	0	0	ABSTAIN	A	0	0	0
H5B-D-6-08#s100r022	16	0	0	0	0	ABSTAIN	A	0	0	0
H5B-D-6-09#s100r022	16	0	0	0	0	ABSTAIN	A	0	0	0
H5B-P-06-00#s100r023	16	0	0	0	0	ABSTAIN	A	0	0	0
H5B-P-06-01#s100r023	16	0	0	0	0	ABSTAIN	A	0	0	0
H5B-P-06-02#s100r023	16	0	0	0	0	ABSTAIN	A	0	0	0
H5B-P-06-03#s100r023	16	0	0	0	0	ABSTAIN	A	0	0	0
H5B-P-06-04#s100r023	16	0	0	0	0	ABSTAIN	A	0	0	0
H5B-P-06-05#s100r023	16	0	0	0	0	ABSTAIN	A	0	0	0
H5B-P-06-06#s100r023	16	0	0	0	0	ABSTAIN	A	0	0	0
H5B-P-06-07#s100r023	16	0	0	0	0	ABSTAIN	A	0	0	0
H5B-P-06-08#s100r023	16	0	0	0	0	ABSTAIN	A	0	0	0
H5B-P-06-09#s100r023	16	0	0	0	0	ABSTAIN	A	0	0	0
H5B-P-12-00#s100r023	16	0	0	0	0	ABSTAIN	A	0	0	0
H5B-P-12-01#s100r023	16	0	0	0	0	ABSTAIN	A	0	0	0
H5B-P-12-02#s100r023	16	0	0	0	0	ABSTAIN	A	0	0	0
H5B-P-12-03#s100r023	16	0	0	0	0	ABSTAIN	A	0	0	0
H5B-P-12-04#s100r023	16	0	0	0	0	ABSTAIN	A	0	0	0
H5B-P-12-05#s100r023	16	0	0	0	0	ABSTAIN	A	0	0	0
H5B-P-12-06#s100r023	16	0	0	0	0	ABSTAIN	A	0	0	0
H5B-P-12-07#s100r023	16	0	0	0	0	ABSTAIN	A	0	0	0
H5B-P-12-08#s100r023	16	0	0	0	0	ABSTAIN	A	0	0	0
H5B-P-12-09#s100r023	16	0	0	0	0	ABSTAIN	A	0	0	0
H5B-P-20-00#s100r023	16	0	0	0	0	RELEASE	0	0	0	0
H5B-P-20-01#s100r023	16	0	0	0	0	RELEASE	0	0	0	0
H5B-P-20-02#s100r023	16	0	0	0	0	RELEASE	0	0	0	0
H5B-P-20-03#s100r023	16	0	0	0	0	RELEASE	0	0	0	0
H5B-P-20-04#s100r023	16	0	0	0	0	RELEASE	0	0	0	0
H5B-P-20-05#s100r023	16	0	0	0	0	RELEASE	0	0	0	0
H5B-P-20-06#s100r023	16	0	0	0	0	RELEASE	0	0	0	0
H5B-P-20-07#s100r023	16	0	0	0	0	RELEASE	0	0	0	0
H5B-P-20-08#s100r023	16	0	0	0	0	RELEASE	0	0	0	0
H5B-P-20-09#s100r023	16	0	0	0	0	RELEASE	0	0	0	0
H5B-P-40-00#s100r023	16	0	0	0	0	RELEASE	0	0	0	0
H5B-P-40-01#s100r023	16	0	0	0	0	RELEASE	0	0	0	0
H5B-P-40-02#s100r023	16	0	0	0	0	RELEASE	0	0	0	0
H5B-P-40-03#s100r023	16	0	0	0	0	RELEASE	0	0	0	0
H5B-P-40-04#s100r023	16	0	0	0	0	RELEASE	0	0	0	0
H5B-P-40-05#s100r023	16	0	0	0	0	RELEASE	0	0	0	0
H5B-P-40-06#s100r023	16	0	0	0	0	RELEASE	0	0	0	0
H5B-P-40-07#s100r023	16	0	0	0	0	RELEASE	0	0	0	0
H5B-P-40-08#s100r023	16	0	0	0	0	RELEASE	0	0	0	0
H5B-P-40-09#s100r023	16	0	0	0	0	RELEASE	0	0	0	0
H5B-O-06-00#s100r023	16	0	0	0	0	ABSTAIN	A	0	0	0
H5B-O-06-01#s100r023	16	0	0	0	0	ABSTAIN	A	0	0	0
H5B-O-06-02#s100r023	16	0	0	0	0	ABSTAIN	A	0	0	0
H5B-O-06-03#s100r023	16	0	0	0	0	ABSTAIN	A	0	0	0
H5B-O-06-04#s100r023	16	0	0	0	0	ABSTAIN	A	0	0	0
H5B-O-06-05#s100r023	16	0	0	0	0	ABSTAIN	A	0	0	0
H5B-O-06-06#s100r023	16	0	0	0	0	ABSTAIN	A	0	0	0
H5B-O-06-07#s100r023	16	0	0	0	0	ABSTAIN	A	0	0	0
H5B-O-06-08#s100r023	16	0	0	0	0	ABSTAIN	A	0	0	0
H5B-O-06-09#s100r023	16	0	0	0	0	ABSTAIN	A	0	0	0
H5B-O-12-00#s100r023	16	0	0	0	0	ABSTAIN	A	0	0	0
H5B-O-12-01#s100r023	16	0	0	0	0	ABSTAIN	A	0	0	0
H5B-O-12-02#s100r023	16	0	0	0	0	ABSTAIN	A	0	0	0
H5B-O-12-03#s100r023	16	0	0	0	0	ABSTAIN	A	0	0	0
H5B-O-12-04#s100r023	16	0	0	0	0	ABSTAIN	A	0	0	0
H5B-O-12-05#s100r023	16	0	0	0	0	ABSTAIN	A	0	0	0
H5B-O-12-06#s100r023	16	0	0	0	0	ABSTAIN	A	0	0	0
H5B-O-12-07#s100r023	16	0	0	0	0	ABSTAIN	A	0	0	0
H5B-O-12-08#s100r023	16	0	0	0	0	ABSTAIN	A	0	0	0
H5B-O-12-09#s100r023	16	0	0	0	0	ABSTAIN	A	0	0	0
H5B-O-20-00#s100r023	16	0	0	0	0	RELEASE	1	652	0	0
H5B-O-20-01#s100r023	16	0	0	0	0	RELEASE	1	511	0	0
H5B-O-20-02#s100r023	16	0	0	0	0	RELEASE	1	652	0	0
H5B-O-20-03#s100r023	16	0	0	0	0	RELEASE	1	511	0	0
H5B-O-20-04#s100r023	16	0	0	0	0	RELEASE	1	652	0	0
H5B-O-20-05#s100r023	16	0	0	0	0	RELEASE	1	652	0	0
H5B-O-20-06#s100r023	16	0	0	0	0	RELEASE	1	512	0	0
H5B-O-20-07#s100r023	16	0	0	0	0	RELEASE	1	653	0	0
H5B-O-20-08#s100r023	16	0	0	0	0	RELEASE	1	513	0	0
H5B-O-20-09#s100r023	16	0	0	0	0	RELEASE	1	653	0	0
H5B-O-40-00#s100r023	16	0	0	0	0	RELEASE	1	651	0	0
H5B-O-40-01#s100r023	16	0	0	0	0	RELEASE	1	513	0	0
H5B-O-40-02#s100r023	16	0	0	0	0	RELEASE	1	651	0	0
H5B-O-40-03#s100r023	16	0	0	0	0	RELEASE	1	514	0	0
H5B-O-40-04#s100r023	16	0	0	0	0	RELEASE	1	651	0	0
H5B-O-40-05#s100r023	16	0	0	0	0	RELEASE	1	651	0	0
H5B-O-40-06#s100r023	16	0	0	0	0	RELEASE	1	515	0	0
H5B-O-40-07#s100r023	16	0	0	0	0	RELEASE	1	652	0	0
H5B-O-40-08#s100r023	16	0	0	0	0	RELEASE	1	515	0	0
H5B-O-40-09#s100r023	16	0	0	0	0	RELEASE	1	652	0	0
H5B-D-0-00#s100r023	16	0	0	0	0	RELEASE	1	664	0	0
H5B-D-0-01#s100r023	16	0	0	0	0	RELEASE	1	664	0	0
H5B-D-0-02#s100r023	16	0	0	0	0	RELEASE	1	664	0	0
H5B-D-0-03#s100r023	16	0	0	0	0	RELEASE	1	664	0	0
H5B-D-0-04#s100r023	16	0	0	0	0	RELEASE	1	664	0	0
H5B-D-0-05#s100r023	16	0	0	0	0	RELEASE	1	665	0	0
H5B-D-0-06#s100r023	16	0	0	0	0	RELEASE	1	665	0	0
H5B-D-0-07#s100r023	16	0	0	0	0	RELEASE	1	665	0	0
H5B-D-0-08#s100r023	16	0	0	0	0	RELEASE	1	665	0	0
H5B-D-0-09#s100r023	16	0	0	0	0	RELEASE	1	665	0	0
H5B-D-1-00#s100r023	16	0	0	0	0	ABSTAIN	A	0	0	0
H5B-D-1-01#s100r023	16	0	0	0	0	ABSTAIN	A	0	0	0
H5B-D-1-02#s100r023	16	0	0	0	0	ABSTAIN	A	0	0	0
H5B-D-1-03#s100r023	16	0	0	0	0	ABSTAIN	A	0	0	0
H5B-D-1-04#s100r023	16	0	0	0	0	ABSTAIN	A	0	0	0
H5B-D-1-05#s100r023	16	0	0	0	0	ABSTAIN	A	0	0	0
H5B-D-1-06#s100r023	16	0	0	0	0	ABSTAIN	A	0	0	0
H5B-D-1-07#s100r023	16	0	0	0	0	ABSTAIN	A	0	0	0
H5B-D-1-08#s100r023	16	0	0	0	0	ABSTAIN	A	0	0	0
H5B-D-1-09#s100r023	16	0	0	0	0	ABSTAIN	A	0	0	0
H5B-D-2-00#s100r023	16	0	0	0	0	ABSTAIN	A	0	0	0
H5B-D-2-01#s100r023	16	0	0	0	0	ABSTAIN	A	0	0	0
H5B-D-2-02#s100r023	16	0	0	0	0	ABSTAIN	A	0	0	0
H5B-D-2-03#s100r023	16	0	0	0	0	ABSTAIN	A	0	0	0
H5B-D-2-04#s100r023	16	0	0	0	0	ABSTAIN	A	0	0	0
H5B-D-2-05#s100r023	16	0	0	0	0	ABSTAIN	A	0	0	0
H5B-D-2-06#s100r023	16	0	0	0	0	ABSTAIN	A	0	0	0
H5B-D-2-07#s100r023	16	0	0	0	0	ABSTAIN	A	0	0	0
H5B-D-2-08#s100r023	16	0	0	0	0	ABSTAIN	A	0	0	0
H5B-D-2-09#s100r023	16	0	0	0	0	ABSTAIN	A	0	0	0
H5B-D-6-00#s100r023	16	0	0	0	0	ABSTAIN	A	0	0	0
H5B-D-6-01#s100r023	16	0	0	0	0	ABSTAIN	A	0	0	0
H5B-D-6-02#s100r023	16	0	0	0	0	ABSTAIN	A	0	0	0
H5B-D-6-03#s100r023	16	0	0	0	0	ABSTAIN	A	0	0	0
H5B-D-6-04#s100r023	16	0	0	0	0	ABSTAIN	A	0	0	0
H5B-D-6-05#s100r023	16	0	0	0	0	ABSTAIN	A	0	0	0
H5B-D-6-06#s100r023	16	0	0	0	0	ABSTAIN	A	0	0	0
H5B-D-6-07#s100r023	16	0	0	0	0	ABSTAIN	A	0	0	0
H5B-D-6-08#s100r023	16	0	0	0	0	ABSTAIN	A	0	0	0
H5B-D-6-09#s100r023	16	0	0	0	0	ABSTAIN	A	0	0	0
H5B-P-06-00#s100r024	16	0	0	0	0	ABSTAIN	A	0	0	0
H5B-P-06-01#s100r024	16	0	0	0	0	ABSTAIN	A	0	0	0
H5B-P-06-02#s100r024	16	0	0	0	0	ABSTAIN	A	0	0	0
H5B-P-06-03#s100r024	16	0	0	0	0	ABSTAIN	A	0	0	0
H5B-P-06-04#s100r024	16	0	0	0	0	ABSTAIN	A	0	0	0
H5B-P-06-05#s100r024	16	0	0	0	0	ABSTAIN	A	0	0	0
H5B-P-06-06#s100r024	16	0	0	0	0	ABSTAIN	A	0	0	0
H5B-P-06-07#s100r024	16	0	0	0	0	ABSTAIN	A	0	0	0
H5B-P-06-08#s100r024	16	0	0	0	0	ABSTAIN	A	0	0	0
H5B-P-06-09#s100r024	16	0	0	0	0	ABSTAIN	A	0	0	0
H5B-P-12-00#s100r024	16	0	0	0	0	ABSTAIN	A	0	0	0
H5B-P-12-01#s100r024	16	0	0	0	0	ABSTAIN	A	0	0	0
H5B-P-12-02#s100r024	16	0	0	0	0	ABSTAIN	A	0	0	0
H5B-P-12-03#s100r024	16	0	0	0	0	ABSTAIN	A	0	0	0
H5B-P-12-04#s100r024	16	0	0	0	0	ABSTAIN	A	0	0	0
H5B-P-12-05#s100r024	16	0	0	0	0	ABSTAIN	A	0	0	0
H5B-P-12-06#s100r024	16	0	0	0	0	ABSTAIN	A	0	0	0
H5B-P-12-07#s100r024	16	0	0	0	0	ABSTAIN	A	0	0	0
H5B-P-12-08#s100r024	16	0	0	0	0	ABSTAIN	A	0	0	0
H5B-P-12-09#s100r024	16	0	0	0	0	ABSTAIN	A	0	0	0
H5B-P-20-00#s100r024	16	0	0	0	0	RELEASE	0	0	0	0
H5B-P-20-01#s100r024	16	0	0	0	0	RELEASE	0	0	0	0
H5B-P-20-02#s100r024	16	0	0	0	0	RELEASE	0	0	0	0
H5B-P-20-03#s100r024	16	0	0	0	0	RELEASE	0	0	0	0
H5B-P-20-04#s100r024	16	0	0	0	0	RELEASE	0	0	0	0
H5B-P-20-05#s100r024	16	0	0	0	0	RELEASE	0	0	0	0
H5B-P-20-06#s100r024	16	0	0	0	0	RELEASE	0	0	0	0
H5B-P-20-07#s100r024	16	0	0	0	0	RELEASE	0	0	0	0
H5B-P-20-08#s100r024	16	0	0	0	0	RELEASE	0	0	0	0
H5B-P-20-09#s100r024	16	0	0	0	0	RELEASE	0	0	0	0
H5B-P-40-00#s100r024	16	0	0	0	0	RELEASE	0	0	0	0
H5B-P-40-01#s100r024	16	0	0	0	0	RELEASE	0	0	0	0
H5B-P-40-02#s100r024	16	0	0	0	0	RELEASE	0	0	0	0
H5B-P-40-03#s100r024	16	0	0	0	0	RELEASE	0	0	0	0
H5B-P-40-04#s100r024	16	0	0	0	0	RELEASE	0	0	0	0
H5B-P-40-05#s100r024	16	0	0	0	0	RELEASE	0	0	0	0
H5B-P-40-06#s100r024	16	0	0	0	0	RELEASE	0	0	0	0
H5B-P-40-07#s100r024	16	0	0	0	0	RELEASE	0	0	0	0
H5B-P-40-08#s100r024	16	0	0	0	0	RELEASE	0	0	0	0
H5B-P-40-09#s100r024	16	0	0	0	0	RELEASE	0	0	0	0
H5B-O-06-00#s100r024	16	0	0	0	0	ABSTAIN	A	0	0	0
H5B-O-06-01#s100r024	16	0	0	0	0	ABSTAIN	A	0	0	0
H5B-O-06-02#s100r024	16	0	0	0	0	ABSTAIN	A	0	0	0
H5B-O-06-03#s100r024	16	0	0	0	0	ABSTAIN	A	0	0	0
H5B-O-06-04#s100r024	16	0	0	0	0	ABSTAIN	A	0	0	0
H5B-O-06-05#s100r024	16	0	0	0	0	ABSTAIN	A	0	0	0
H5B-O-06-06#s100r024	16	0	0	0	0	ABSTAIN	A	0	0	0
H5B-O-06-07#s100r024	16	0	0	0	0	ABSTAIN	A	0	0	0
H5B-O-06-08#s100r024	16	0	0	0	0	ABSTAIN	A	0	0	0
H5B-O-06-09#s100r024	16	0	0	0	0	ABSTAIN	A	0	0	0
H5B-O-12-00#s100r024	16	0	0	0	0	ABSTAIN	A	0	0	0
H5B-O-12-01#s100r024	16	0	0	0	0	ABSTAIN	A	0	0	0
H5B-O-12-02#s100r024	16	0	0	0	0	ABSTAIN	A	0	0	0
H5B-O-12-03#s100r024	16	0	0	0	0	ABSTAIN	A	0	0	0
H5B-O-12-04#s100r024	16	0	0	0	0	ABSTAIN	A	0	0	0
H5B-O-12-05#s100r024	16	0	0	0	0	ABSTAIN	A	0	0	0
H5B-O-12-06#s100r024	16	0	0	0	0	ABSTAIN	A	0	0	0
H5B-O-12-07#s100r024	16	0	0	0	0	ABSTAIN	A	0	0	0
H5B-O-12-08#s100r024	16	0	0	0	0	ABSTAIN	A	0	0	0
H5B-O-12-09#s100r024	16	0	0	0	0	ABSTAIN	A	0	0	0
H5B-O-20-00#s100r024	16	0	0	0	0	RELEASE	1	652	0	0
H5B-O-20-01#s100r024	16	0	0	0	0	RELEASE	1	511	0	0
H5B-O-20-02#s100r024	16	0	0	0	0	RELEASE	1	652	0	0
H5B-O-20-03#s100r024	16	0	0	0	0	RELEASE	1	511	0	0
H5B-O-20-04#s100r024	16	0	0	0	0	RELEASE	1	652	0	0
H5B-O-20-05#s100r024	16	0	0	0	0	RELEASE	1	652	0	0
H5B-O-20-06#s100r024	16	0	0	0	0	RELEASE	1	512	0	0
H5B-O-20-07#s100r024	16	0	0	0	0	RELEASE	1	653	0	0
H5B-O-20-08#s100r024	16	0	0	0	0	RELEASE	1	513	0	0
H5B-O-20-09#s100r024	16	0	0	0	0	RELEASE	1	653	0	0
H5B-O-40-00#s100r024	16	0	0	0	0	RELEASE	1	651	0	0
H5B-O-40-01#s100r024	16	0	0	0	0	RELEASE	1	513	0	0
H5B-O-40-02#s100r024	16	0	0	0	0	RELEASE	1	651	0	0
H5B-O-40-03#s100r024	16	0	0	0	0	RELEASE	1	514	0	0
H5B-O-40-04#s100r024	16	0	0	0	0	RELEASE	1	651	0	0
H5B-O-40-05#s100r024	16	0	0	0	0	RELEASE	1	651	0	0
H5B-O-40-06#s100r024	16	0	0	0	0	RELEASE	1	515	0	0
H5B-O-40-07#s100r024	16	0	0	0	0	RELEASE	1	652	0	0
H5B-O-40-08#s100r024	16	0	0	0	0	RELEASE	1	515	0	0
H5B-O-40-09#s100r024	16	0	0	0	0	RELEASE	1	652	0	0
H5B-D-0-00#s100r024	16	0	0	0	0	RELEASE	1	664	0	0
H5B-D-0-01#s100r024	16	0	0	0	0	RELEASE	1	664	0	0
H5B-D-0-02#s100r024	16	0	0	0	0	RELEASE	1	664	0	0
H5B-D-0-03#s100r024	16	0	0	0	0	RELEASE	1	664	0	0
H5B-D-0-04#s100r024	16	0	0	0	0	RELEASE	1	664	0	0
H5B-D-0-05#s100r024	16	0	0	0	0	RELEASE	1	664	0	0
H5B-D-0-06#s100r024	16	0	0	0	0	RELEASE	1	665	0	0
H5B-D-0-07#s100r024	16	0	0	0	0	RELEASE	1	665	0	0
H5B-D-0-08#s100r024	16	0	0	0	0	RELEASE	1	665	0	0
H5B-D-0-09#s100r024	16	0	0	0	0	RELEASE	1	665	0	0
H5B-D-1-00#s100r024	16	0	0	0	0	ABSTAIN	A	0	0	0
H5B-D-1-01#s100r024	16	0	0	0	0	ABSTAIN	A	0	0	0
H5B-D-1-02#s100r024	16	0	0	0	0	ABSTAIN	A	0	0	0
H5B-D-1-03#s100r024	16	0	0	0	0	ABSTAIN	A	0	0	0
H5B-D-1-04#s100r024	16	0	0	0	0	ABSTAIN	A	0	0	0
H5B-D-1-05#s100r024	16	0	0	0	0	ABSTAIN	A	0	0	0
H5B-D-1-06#s100r024	16	0	0	0	0	ABSTAIN	A	0	0	0
H5B-D-1-07#s100r024	16	0	0	0	0	ABSTAIN	A	0	0	0
H5B-D-1-08#s100r024	16	0	0	0	0	ABSTAIN	A	0	0	0
H5B-D-1-09#s100r024	16	0	0	0	0	ABSTAIN	A	0	0	0
H5B-D-2-00#s100r024	16	0	0	0	0	ABSTAIN	A	0	0	0
H5B-D-2-01#s100r024	16	0	0	0	0	ABSTAIN	A	0	0	0
H5B-D-2-02#s100r024	16	0	0	0	0	ABSTAIN	A	0	0	0
H5B-D-2-03#s100r024	16	0	0	0	0	ABSTAIN	A	0	0	0
H5B-D-2-04#s100r024	16	0	0	0	0	ABSTAIN	A	0	0	0
H5B-D-2-05#s100r024	16	0	0	0	0	ABSTAIN	A	0	0	0
H5B-D-2-06#s100r024	16	0	0	0	0	ABSTAIN	A	0	0	0
H5B-D-2-07#s100r024	16	0	0	0	0	ABSTAIN	A	0	0	0
H5B-D-2-08#s100r024	16	0	0	0	0	ABSTAIN	A	0	0	0
H5B-D-2-09#s100r024	16	0	0	0	0	ABSTAIN	A	0	0	0
H5B-D-6-00#s100r024	16	0	0	0	0	ABSTAIN	A	0	0	0
H5B-D-6-01#s100r024	16	0	0	0	0	ABSTAIN	A	0	0	0
H5B-D-6-02#s100r024	16	0	0	0	0	ABSTAIN	A	0	0	0
H5B-D-6-03#s100r024	16	0	0	0	0	ABSTAIN	A	0	0	0
H5B-D-6-04#s100r024	16	0	0	0	0	ABSTAIN	A	0	0	0
H5B-D-6-05#s100r024	16	0	0	0	0	ABSTAIN	A	0	0	0
H5B-D-6-06#s100r024	16	0	0	0	0	ABSTAIN	A	0	0	0
H5B-D-6-07#s100r024	16	0	0	0	0	ABSTAIN	A	0	0	0
H5B-D-6-08#s100r024	16	0	0	0	0	ABSTAIN	A	0	0	0
H5B-D-6-09#s100r024	16	0	0	0	0	ABSTAIN	A	0	0	0
H5B-P-06-00#s100r025	16	0	0	0	0	ABSTAIN	A	0	0	0
H5B-P-06-01#s100r025	16	0	0	0	0	ABSTAIN	A	0	0	0
H5B-P-06-02#s100r025	16	0	0	0	0	ABSTAIN	A	0	0	0
H5B-P-06-03#s100r025	16	0	0	0	0	ABSTAIN	A	0	0	0
H5B-P-06-04#s100r025	16	0	0	0	0	ABSTAIN	A	0	0	0
H5B-P-06-05#s100r025	16	0	0	0	0	ABSTAIN	A	0	0	0
H5B-P-06-06#s100r025	16	0	0	0	0	ABSTAIN	A	0	0	0
H5B-P-06-07#s100r025	16	0	0	0	0	ABSTAIN	A	0	0	0
H5B-P-06-08#s100r025	16	0	0	0	0	ABSTAIN	A	0	0	0
H5B-P-06-09#s100r025	16	0	0	0	0	ABSTAIN	A	0	0	0
H5B-P-12-00#s100r025	16	0	0	0	0	ABSTAIN	A	0	0	0
H5B-P-12-01#s100r025	16	0	0	0	0	ABSTAIN	A	0	0	0
H5B-P-12-02#s100r025	16	0	0	0	0	ABSTAIN	A	0	0	0
H5B-P-12-03#s100r025	16	0	0	0	0	ABSTAIN	A	0	0	0
H5B-P-12-04#s100r025	16	0	0	0	0	ABSTAIN	A	0	0	0
H5B-P-12-05#s100r025	16	0	0	0	0	ABSTAIN	A	0	0	0
H5B-P-12-06#s100r025	16	0	0	0	0	ABSTAIN	A	0	0	0
H5B-P-12-07#s100r025	16	0	0	0	0	ABSTAIN	A	0	0	0
H5B-P-12-08#s100r025	16	0	0	0	0	ABSTAIN	A	0	0	0
H5B-P-12-09#s100r025	16	0	0	0	0	ABSTAIN	A	0	0	0
H5B-P-20-00#s100r025	16	0	0	0	0	RELEASE	0	0	0	0
H5B-P-20-01#s100r025	16	0	0	0	0	RELEASE	0	0	0	0
H5B-P-20-02#s100r025	16	0	0	0	0	RELEASE	0	0	0	0
H5B-P-20-03#s100r025	16	0	0	0	0	RELEASE	0	0	0	0
H5B-P-20-04#s100r025	16	0	0	0	0	RELEASE	0	0	0	0
H5B-P-20-05#s100r025	16	0	0	0	0	RELEASE	0	0	0	0
H5B-P-20-06#s100r025	16	0	0	0	0	RELEASE	0	0	0	0
H5B-P-20-07#s100r025	16	0	0	0	0	RELEASE	0	0	0	0
H5B-P-20-08#s100r025	16	0	0	0	0	RELEASE	0	0	0	0
H5B-P-20-09#s100r025	16	0	0	0	0	RELEASE	0	0	0	0
H5B-P-40-00#s100r025	16	0	0	0	0	RELEASE	0	0	0	0
H5B-P-40-01#s100r025	16	0	0	0	0	RELEASE	0	0	0	0
H5B-P-40-02#s100r025	16	0	0	0	0	RELEASE	0	0	0	0
H5B-P-40-03#s100r025	16	0	0	0	0	RELEASE	0	0	0	0
H5B-P-40-04#s100r025	16	0	0	0	0	RELEASE	0	0	0	0
H5B-P-40-05#s100r025	16	0	0	0	0	RELEASE	0	0	0	0
H5B-P-40-06#s100r025	16	0	0	0	0	RELEASE	0	0	0	0
H5B-P-40-07#s100r025	16	0	0	0	0	RELEASE	0	0	0	0
H5B-P-40-08#s100r025	16	0	0	0	0	RELEASE	0	0	0	0
H5B-P-40-09#s100r025	16	0	0	0	0	RELEASE	0	0	0	0
H5B-O-06-00#s100r025	16	0	0	0	0	ABSTAIN	A	0	0	0
H5B-O-06-01#s100r025	16	0	0	0	0	ABSTAIN	A	0	0	0
H5B-O-06-02#s100r025	16	0	0	0	0	ABSTAIN	A	0	0	0
H5B-O-06-03#s100r025	16	0	0	0	0	ABSTAIN	A	0	0	0
H5B-O-06-04#s100r025	16	0	0	0	0	ABSTAIN	A	0	0	0
H5B-O-06-05#s100r025	16	0	0	0	0	ABSTAIN	A	0	0	0
H5B-O-06-06#s100r025	16	0	0	0	0	ABSTAIN	A	0	0	0
H5B-O-06-07#s100r025	16	0	0	0	0	ABSTAIN	A	0	0	0
H5B-O-06-08#s100r025	16	0	0	0	0	ABSTAIN	A	0	0	0
H5B-O-06-09#s100r025	16	0	0	0	0	ABSTAIN	A	0	0	0
H5B-O-12-00#s100r025	16	0	0	0	0	ABSTAIN	A	0	0	0
H5B-O-12-01#s100r025	16	0	0	0	0	ABSTAIN	A	0	0	0
H5B-O-12-02#s100r025	16	0	0	0	0	ABSTAIN	A	0	0	0
H5B-O-12-03#s100r025	16	0	0	0	0	ABSTAIN	A	0	0	0
H5B-O-12-04#s100r025	16	0	0	0	0	ABSTAIN	A	0	0	0
H5B-O-12-05#s100r025	16	0	0	0	0	ABSTAIN	A	0	0	0
H5B-O-12-06#s100r025	16	0	0	0	0	ABSTAIN	A	0	0	0
H5B-O-12-07#s100r025	16	0	0	0	0	ABSTAIN	A	0	0	0
H5B-O-12-08#s100r025	16	0	0	0	0	ABSTAIN	A	0	0	0
H5B-O-12-09#s100r025	16	0	0	0	0	ABSTAIN	A	0	0	0
H5B-O-20-00#s100r025	16	0	0	0	0	RELEASE	1	652	0	0
H5B-O-20-01#s100r025	16	0	0	0	0	RELEASE	1	511	0	0
H5B-O-20-02#s100r025	16	0	0	0	0	RELEASE	1	652	0	0
H5B-O-20-03#s100r025	16	0	0	0	0	RELEASE	1	512	0	0
H5B-O-20-04#s100r025	16	0	0	0	0	RELEASE	1	652	0	0
H5B-O-20-05#s100r025	16	0	0	0	0	RELEASE	1	652	0	0
H5B-O-20-06#s100r025	16	0	0	0	0	RELEASE	1	512	0	0
H5B-O-20-07#s100r025	16	0	0	0	0	RELEASE	1	653	0	0
H5B-O-20-08#s100r025	16	0	0	0	0	RELEASE	1	513	0	0
H5B-O-20-09#s100r025	16	0	0	0	0	RELEASE	1	653	0	0
H5B-O-40-00#s100r025	16	0	0	0	0	RELEASE	1	651	0	0
H5B-O-40-01#s100r025	16	0	0	0	0	RELEASE	1	513	0	0
H5B-O-40-02#s100r025	16	0	0	0	0	RELEASE	1	651	0	0
H5B-O-40-03#s100r025	16	0	0	0	0	RELEASE	1	514	0	0
H5B-O-40-04#s100r025	16	0	0	0	0	RELEASE	1	651	0	0
H5B-O-40-05#s100r025	16	0	0	0	0	RELEASE	1	651	0	0
H5B-O-40-06#s100r025	16	0	0	0	0	RELEASE	1	515	0	0
H5B-O-40-07#s100r025	16	0	0	0	0	RELEASE	1	652	0	0
H5B-O-40-08#s100r025	16	0	0	0	0	RELEASE	1	515	0	0
H5B-O-40-09#s100r025	16	0	0	0	0	RELEASE	1	652	0	0
H5B-D-0-00#s100r025	16	0	0	0	0	RELEASE	1	663	0	0
H5B-D-0-01#s100r025	16	0	0	0	0	RELEASE	1	663	0	0
H5B-D-0-02#s100r025	16	0	0	0	0	RELEASE	1	664	0	0
H5B-D-0-03#s100r025	16	0	0	0	0	RELEASE	1	664	0	0
H5B-D-0-04#s100r025	16	0	0	0	0	RELEASE	1	664	0	0
H5B-D-0-05#s100r025	16	0	0	0	0	RELEASE	1	664	0	0
H5B-D-0-06#s100r025	16	0	0	0	0	RELEASE	1	664	0	0
H5B-D-0-07#s100r025	16	0	0	0	0	RELEASE	1	664	0	0
H5B-D-0-08#s100r025	16	0	0	0	0	RELEASE	1	665	0	0
H5B-D-0-09#s100r025	16	0	0	0	0	RELEASE	1	665	0	0
H5B-D-1-00#s100r025	16	0	0	0	0	ABSTAIN	A	0	0	0
H5B-D-1-01#s100r025	16	0	0	0	0	ABSTAIN	A	0	0	0
H5B-D-1-02#s100r025	16	0	0	0	0	ABSTAIN	A	0	0	0
H5B-D-1-03#s100r025	16	0	0	0	0	ABSTAIN	A	0	0	0
H5B-D-1-04#s100r025	16	0	0	0	0	ABSTAIN	A	0	0	0
H5B-D-1-05#s100r025	16	0	0	0	0	ABSTAIN	A	0	0	0
H5B-D-1-06#s100r025	16	0	0	0	0	ABSTAIN	A	0	0	0
H5B-D-1-07#s100r025	16	0	0	0	0	ABSTAIN	A	0	0	0
H5B-D-1-08#s100r025	16	0	0	0	0	ABSTAIN	A	0	0	0
H5B-D-1-09#s100r025	16	0	0	0	0	ABSTAIN	A	0	0	0
H5B-D-2-00#s100r025	16	0	0	0	0	ABSTAIN	A	0	0	0
H5B-D-2-01#s100r025	16	0	0	0	0	ABSTAIN	A	0	0	0
H5B-D-2-02#s100r025	16	0	0	0	0	ABSTAIN	A	0	0	0
H5B-D-2-03#s100r025	16	0	0	0	0	ABSTAIN	A	0	0	0
H5B-D-2-04#s100r025	16	0	0	0	0	ABSTAIN	A	0	0	0
H5B-D-2-05#s100r025	16	0	0	0	0	ABSTAIN	A	0	0	0
H5B-D-2-06#s100r025	16	0	0	0	0	ABSTAIN	A	0	0	0
H5B-D-2-07#s100r025	16	0	0	0	0	ABSTAIN	A	0	0	0
H5B-D-2-08#s100r025	16	0	0	0	0	ABSTAIN	A	0	0	0
H5B-D-2-09#s100r025	16	0	0	0	0	ABSTAIN	A	0	0	0
H5B-D-6-00#s100r025	16	0	0	0	0	ABSTAIN	A	0	0	0
H5B-D-6-01#s100r025	16	0	0	0	0	ABSTAIN	A	0	0	0
H5B-D-6-02#s100r025	16	0	0	0	0	ABSTAIN	A	0	0	0
H5B-D-6-03#s100r025	16	0	0	0	0	ABSTAIN	A	0	0	0
H5B-D-6-04#s100r025	16	0	0	0	0	ABSTAIN	A	0	0	0
H5B-D-6-05#s100r025	16	0	0	0	0	ABSTAIN	A	0	0	0
H5B-D-6-06#s100r025	16	0	0	0	0	ABSTAIN	A	0	0	0
H5B-D-6-07#s100r025	16	0	0	0	0	ABSTAIN	A	0	0	0
H5B-D-6-08#s100r025	16	0	0	0	0	ABSTAIN	A	0	0	0
H5B-D-6-09#s100r025	16	0	0	0	0	ABSTAIN	A	0	0	0
H5B-P-06-00#s100r026	16	0	0	0	0	ABSTAIN	A	0	0	0
H5B-P-06-01#s100r026	16	0	0	0	0	ABSTAIN	A	0	0	0
H5B-P-06-02#s100r026	16	0	0	0	0	ABSTAIN	A	0	0	0
H5B-P-06-03#s100r026	16	0	0	0	0	ABSTAIN	A	0	0	0
H5B-P-06-04#s100r026	16	0	0	0	0	ABSTAIN	A	0	0	0
H5B-P-06-05#s100r026	16	0	0	0	0	ABSTAIN	A	0	0	0
H5B-P-06-06#s100r026	16	0	0	0	0	ABSTAIN	A	0	0	0
H5B-P-06-07#s100r026	16	0	0	0	0	ABSTAIN	A	0	0	0
H5B-P-06-08#s100r026	16	0	0	0	0	ABSTAIN	A	0	0	0
H5B-P-06-09#s100r026	16	0	0	0	0	ABSTAIN	A	0	0	0
H5B-P-12-00#s100r026	16	0	0	0	0	ABSTAIN	A	0	0	0
H5B-P-12-01#s100r026	16	0	0	0	0	ABSTAIN	A	0	0	0
H5B-P-12-02#s100r026	16	0	0	0	0	ABSTAIN	A	0	0	0
H5B-P-12-03#s100r026	16	0	0	0	0	ABSTAIN	A	0	0	0
H5B-P-12-04#s100r026	16	0	0	0	0	ABSTAIN	A	0	0	0
H5B-P-12-05#s100r026	16	0	0	0	0	ABSTAIN	A	0	0	0
H5B-P-12-06#s100r026	16	0	0	0	0	ABSTAIN	A	0	0	0
H5B-P-12-07#s100r026	16	0	0	0	0	ABSTAIN	A	0	0	0
H5B-P-12-08#s100r026	16	0	0	0	0	ABSTAIN	A	0	0	0
H5B-P-12-09#s100r026	16	0	0	0	0	ABSTAIN	A	0	0	0
H5B-P-20-00#s100r026	16	0	0	0	0	RELEASE	0	0	0	0
H5B-P-20-01#s100r026	16	0	0	0	0	RELEASE	0	0	0	0
H5B-P-20-02#s100r026	16	0	0	0	0	RELEASE	0	0	0	0
H5B-P-20-03#s100r026	16	0	0	0	0	RELEASE	0	0	0	0
H5B-P-20-04#s100r026	16	0	0	0	0	RELEASE	0	0	0	0
H5B-P-20-05#s100r026	16	0	0	0	0	RELEASE	0	0	0	0
H5B-P-20-06#s100r026	16	0	0	0	0	RELEASE	0	0	0	0
H5B-P-20-07#s100r026	16	0	0	0	0	RELEASE	0	0	0	0
H5B-P-20-08#s100r026	16	0	0	0	0	RELEASE	0	0	0	0
H5B-P-20-09#s100r026	16	0	0	0	0	RELEASE	0	0	0	0
H5B-P-40-00#s100r026	16	0	0	0	0	RELEASE	0	0	0	0
H5B-P-40-01#s100r026	16	0	0	0	0	RELEASE	0	0	0	0
H5B-P-40-02#s100r026	16	0	0	0	0	RELEASE	0	0	0	0
H5B-P-40-03#s100r026	16	0	0	0	0	RELEASE	0	0	0	0
H5B-P-40-04#s100r026	16	0	0	0	0	RELEASE	0	0	0	0
H5B-P-40-05#s100r026	16	0	0	0	0	RELEASE	0	0	0	0
H5B-P-40-06#s100r026	16	0	0	0	0	RELEASE	0	0	0	0
H5B-P-40-07#s100r026	16	0	0	0	0	RELEASE	0	0	0	0
H5B-P-40-08#s100r026	16	0	0	0	0	RELEASE	0	0	0	0
H5B-P-40-09#s100r026	16	0	0	0	0	RELEASE	0	0	0	0
H5B-O-06-00#s100r026	16	0	0	0	0	ABSTAIN	A	0	0	0
H5B-O-06-01#s100r026	16	0	0	0	0	ABSTAIN	A	0	0	0
H5B-O-06-02#s100r026	16	0	0	0	0	ABSTAIN	A	0	0	0
H5B-O-06-03#s100r026	16	0	0	0	0	ABSTAIN	A	0	0	0
H5B-O-06-04#s100r026	16	0	0	0	0	ABSTAIN	A	0	0	0
H5B-O-06-05#s100r026	16	0	0	0	0	ABSTAIN	A	0	0	0
H5B-O-06-06#s100r026	16	0	0	0	0	ABSTAIN	A	0	0	0
H5B-O-06-07#s100r026	16	0	0	0	0	ABSTAIN	A	0	0	0
H5B-O-06-08#s100r026	16	0	0	0	0	ABSTAIN	A	0	0	0
H5B-O-06-09#s100r026	16	0	0	0	0	ABSTAIN	A	0	0	0
H5B-O-12-00#s100r026	16	0	0	0	0	ABSTAIN	A	0	0	0
H5B-O-12-01#s100r026	16	0	0	0	0	ABSTAIN	A	0	0	0
H5B-O-12-02#s100r026	16	0	0	0	0	ABSTAIN	A	0	0	0
H5B-O-12-03#s100r026	16	0	0	0	0	ABSTAIN	A	0	0	0
H5B-O-12-04#s100r026	16	0	0	0	0	ABSTAIN	A	0	0	0
H5B-O-12-05#s100r026	16	0	0	0	0	ABSTAIN	A	0	0	0
H5B-O-12-06#s100r026	16	0	0	0	0	ABSTAIN	A	0	0	0
H5B-O-12-07#s100r026	16	0	0	0	0	ABSTAIN	A	0	0	0
H5B-O-12-08#s100r026	16	0	0	0	0	ABSTAIN	A	0	0	0
H5B-O-12-09#s100r026	16	0	0	0	0	ABSTAIN	A	0	0	0
H5B-O-20-00#s100r026	16	0	0	0	0	RELEASE	1	652	0	0
H5B-O-20-01#s100r026	16	0	0	0	0	RELEASE	1	511	0	0
H5B-O-20-02#s100r026	16	0	0	0	0	RELEASE	1	652	0	0
H5B-O-20-03#s100r026	16	0	0	0	0	RELEASE	1	512	0	0
H5B-O-20-04#s100r026	16	0	0	0	0	RELEASE	1	652	0	0
H5B-O-20-05#s100r026	16	0	0	0	0	RELEASE	1	652	0	0
H5B-O-20-06#s100r026	16	0	0	0	0	RELEASE	1	512	0	0
H5B-O-20-07#s100r026	16	0	0	0	0	RELEASE	1	653	0	0
H5B-O-20-08#s100r026	16	0	0	0	0	RELEASE	1	513	0	0
H5B-O-20-09#s100r026	16	0	0	0	0	RELEASE	1	653	0	0
H5B-O-40-00#s100r026	16	0	0	0	0	RELEASE	1	651	0	0
H5B-O-40-01#s100r026	16	0	0	0	0	RELEASE	1	513	0	0
H5B-O-40-02#s100r026	16	0	0	0	0	RELEASE	1	651	0	0
H5B-O-40-03#s100r026	16	0	0	0	0	RELEASE	1	514	0	0
H5B-O-40-04#s100r026	16	0	0	0	0	RELEASE	1	651	0	0
H5B-O-40-05#s100r026	16	0	0	0	0	RELEASE	1	651	0	0
H5B-O-40-06#s100r026	16	0	0	0	0	RELEASE	1	515	0	0
H5B-O-40-07#s100r026	16	0	0	0	0	RELEASE	1	652	0	0
H5B-O-40-08#s100r026	16	0	0	0	0	RELEASE	1	515	0	0
H5B-O-40-09#s100r026	16	0	0	0	0	RELEASE	1	652	0	0
H5B-D-0-00#s100r026	16	0	0	0	0	RELEASE	1	663	0	0
H5B-D-0-01#s100r026	16	0	0	0	0	RELEASE	1	663	0	0
H5B-D-0-02#s100r026	16	0	0	0	0	RELEASE	1	663	0	0
H5B-D-0-03#s100r026	16	0	0	0	0	RELEASE	1	664	0	0
H5B-D-0-04#s100r026	16	0	0	0	0	RELEASE	1	664	0	0
H5B-D-0-05#s100r026	16	0	0	0	0	RELEASE	1	664	0	0
H5B-D-0-06#s100r026	16	0	0	0	0	RELEASE	1	664	0	0
H5B-D-0-07#s100r026	16	0	0	0	0	RELEASE	1	664	0	0
H5B-D-0-08#s100r026	16	0	0	0	0	RELEASE	1	664	0	0
H5B-D-0-09#s100r026	16	0	0	0	0	RELEASE	1	664	0	0
H5B-D-1-00#s100r026	16	0	0	0	0	ABSTAIN	A	0	0	0
H5B-D-1-01#s100r026	16	0	0	0	0	ABSTAIN	A	0	0	0
H5B-D-1-02#s100r026	16	0	0	0	0	ABSTAIN	A	0	0	0
H5B-D-1-03#s100r026	16	0	0	0	0	ABSTAIN	A	0	0	0
H5B-D-1-04#s100r026	16	0	0	0	0	ABSTAIN	A	0	0	0
H5B-D-1-05#s100r026	16	0	0	0	0	ABSTAIN	A	0	0	0
H5B-D-1-06#s100r026	16	0	0	0	0	ABSTAIN	A	0	0	0
H5B-D-1-07#s100r026	16	0	0	0	0	ABSTAIN	A	0	0	0
H5B-D-1-08#s100r026	16	0	0	0	0	ABSTAIN	A	0	0	0
H5B-D-1-09#s100r026	16	0	0	0	0	ABSTAIN	A	0	0	0
H5B-D-2-00#s100r026	16	0	0	0	0	ABSTAIN	A	0	0	0
H5B-D-2-01#s100r026	16	0	0	0	0	ABSTAIN	A	0	0	0
H5B-D-2-02#s100r026	16	0	0	0	0	ABSTAIN	A	0	0	0
H5B-D-2-03#s100r026	16	0	0	0	0	ABSTAIN	A	0	0	0
H5B-D-2-04#s100r026	16	0	0	0	0	ABSTAIN	A	0	0	0
H5B-D-2-05#s100r026	16	0	0	0	0	ABSTAIN	A	0	0	0
H5B-D-2-06#s100r026	16	0	0	0	0	ABSTAIN	A	0	0	0
H5B-D-2-07#s100r026	16	0	0	0	0	ABSTAIN	A	0	0	0
H5B-D-2-08#s100r026	16	0	0	0	0	ABSTAIN	A	0	0	0
H5B-D-2-09#s100r026	16	0	0	0	0	ABSTAIN	A	0	0	0
H5B-D-6-00#s100r026	16	0	0	0	0	ABSTAIN	A	0	0	0
H5B-D-6-01#s100r026	16	0	0	0	0	ABSTAIN	A	0	0	0
H5B-D-6-02#s100r026	16	0	0	0	0	ABSTAIN	A	0	0	0
H5B-D-6-03#s100r026	16	0	0	0	0	ABSTAIN	A	0	0	0
H5B-D-6-04#s100r026	16	0	0	0	0	ABSTAIN	A	0	0	0
H5B-D-6-05#s100r026	16	0	0	0	0	ABSTAIN	A	0	0	0
H5B-D-6-06#s100r026	16	0	0	0	0	ABSTAIN	A	0	0	0
H5B-D-6-07#s100r026	16	0	0	0	0	ABSTAIN	A	0	0	0
H5B-D-6-08#s100r026	16	0	0	0	0	ABSTAIN	A	0	0	0
H5B-D-6-09#s100r026	16	0	0	0	0	ABSTAIN	A	0	0	0
H5B-P-06-00#s100r027	16	0	0	0	0	ABSTAIN	A	0	0	0
H5B-P-06-01#s100r027	16	0	0	0	0	ABSTAIN	A	0	0	0
H5B-P-06-02#s100r027	16	0	0	0	0	ABSTAIN	A	0	0	0
H5B-P-06-03#s100r027	16	0	0	0	0	ABSTAIN	A	0	0	0
H5B-P-06-04#s100r027	16	0	0	0	0	ABSTAIN	A	0	0	0
H5B-P-06-05#s100r027	16	0	0	0	0	ABSTAIN	A	0	0	0
H5B-P-06-06#s100r027	16	0	0	0	0	ABSTAIN	A	0	0	0
H5B-P-06-07#s100r027	16	0	0	0	0	ABSTAIN	A	0	0	0
H5B-P-06-08#s100r027	16	0	0	0	0	ABSTAIN	A	0	0	0
H5B-P-06-09#s100r027	16	0	0	0	0	ABSTAIN	A	0	0	0
H5B-P-12-00#s100r027	16	0	0	0	0	ABSTAIN	A	0	0	0
H5B-P-12-01#s100r027	16	0	0	0	0	ABSTAIN	A	0	0	0
H5B-P-12-02#s100r027	16	0	0	0	0	ABSTAIN	A	0	0	0
H5B-P-12-03#s100r027	16	0	0	0	0	ABSTAIN	A	0	0	0
H5B-P-12-04#s100r027	16	0	0	0	0	ABSTAIN	A	0	0	0
H5B-P-12-05#s100r027	16	0	0	0	0	ABSTAIN	A	0	0	0
H5B-P-12-06#s100r027	16	0	0	0	0	ABSTAIN	A	0	0	0
H5B-P-12-07#s100r027	16	0	0	0	0	ABSTAIN	A	0	0	0
H5B-P-12-08#s100r027	16	0	0	0	0	ABSTAIN	A	0	0	0
H5B-P-12-09#s100r027	16	0	0	0	0	ABSTAIN	A	0	0	0
H5B-P-20-00#s100r027	16	0	0	0	0	RELEASE	0	0	0	0
H5B-P-20-01#s100r027	16	0	0	0	0	RELEASE	0	0	0	0
H5B-P-20-02#s100r027	16	0	0	0	0	RELEASE	0	0	0	0
H5B-P-20-03#s100r027	16	0	0	0	0	RELEASE	0	0	0	0
H5B-P-20-04#s100r027	16	0	0	0	0	RELEASE	0	0	0	0
H5B-P-20-05#s100r027	16	0	0	0	0	RELEASE	0	0	0	0
H5B-P-20-06#s100r027	16	0	0	0	0	RELEASE	0	0	0	0
H5B-P-20-07#s100r027	16	0	0	0	0	RELEASE	0	0	0	0
H5B-P-20-08#s100r027	16	0	0	0	0	RELEASE	0	0	0	0
H5B-P-20-09#s100r027	16	0	0	0	0	RELEASE	0	0	0	0
H5B-P-40-00#s100r027	16	0	0	0	0	RELEASE	0	0	0	0
H5B-P-40-01#s100r027	16	0	0	0	0	RELEASE	0	0	0	0
H5B-P-40-02#s100r027	16	0	0	0	0	RELEASE	0	0	0	0
H5B-P-40-03#s100r027	16	0	0	0	0	RELEASE	0	0	0	0
H5B-P-40-04#s100r027	16	0	0	0	0	RELEASE	0	0	0	0
H5B-P-40-05#s100r027	16	0	0	0	0	RELEASE	0	0	0	0
H5B-P-40-06#s100r027	16	0	0	0	0	RELEASE	0	0	0	0
H5B-P-40-07#s100r027	16	0	0	0	0	RELEASE	0	0	0	0
H5B-P-40-08#s100r027	16	0	0	0	0	RELEASE	0	0	0	0
H5B-P-40-09#s100r027	16	0	0	0	0	RELEASE	0	0	0	0
H5B-O-06-00#s100r027	16	0	0	0	0	ABSTAIN	A	0	0	0
H5B-O-06-01#s100r027	16	0	0	0	0	ABSTAIN	A	0	0	0
H5B-O-06-02#s100r027	16	0	0	0	0	ABSTAIN	A	0	0	0
H5B-O-06-03#s100r027	16	0	0	0	0	ABSTAIN	A	0	0	0
H5B-O-06-04#s100r027	16	0	0	0	0	ABSTAIN	A	0	0	0
H5B-O-06-05#s100r027	16	0	0	0	0	ABSTAIN	A	0	0	0
H5B-O-06-06#s100r027	16	0	0	0	0	ABSTAIN	A	0	0	0
H5B-O-06-07#s100r027	16	0	0	0	0	ABSTAIN	A	0	0	0
H5B-O-06-08#s100r027	16	0	0	0	0	ABSTAIN	A	0	0	0
H5B-O-06-09#s100r027	16	0	0	0	0	ABSTAIN	A	0	0	0
H5B-O-12-00#s100r027	16	0	0	0	0	ABSTAIN	A	0	0	0
H5B-O-12-01#s100r027	16	0	0	0	0	ABSTAIN	A	0	0	0
H5B-O-12-02#s100r027	16	0	0	0	0	ABSTAIN	A	0	0	0
H5B-O-12-03#s100r027	16	0	0	0	0	ABSTAIN	A	0	0	0
H5B-O-12-04#s100r027	16	0	0	0	0	ABSTAIN	A	0	0	0
H5B-O-12-05#s100r027	16	0	0	0	0	ABSTAIN	A	0	0	0
H5B-O-12-06#s100r027	16	0	0	0	0	ABSTAIN	A	0	0	0
H5B-O-12-07#s100r027	16	0	0	0	0	ABSTAIN	A	0	0	0
H5B-O-12-08#s100r027	16	0	0	0	0	ABSTAIN	A	0	0	0
H5B-O-12-09#s100r027	16	0	0	0	0	ABSTAIN	A	0	0	0
H5B-O-20-00#s100r027	16	0	0	0	0	RELEASE	1	652	0	0
H5B-O-20-01#s100r027	16	0	0	0	0	RELEASE	1	511	0	0
H5B-O-20-02#s100r027	16	0	0	0	0	RELEASE	1	652	0	0
H5B-O-20-03#s100r027	16	0	0	0	0	RELEASE	1	512	0	0
H5B-O-20-04#s100r027	16	0	0	0	0	RELEASE	1	652	0	0
H5B-O-20-05#s100r027	16	0	0	0	0	RELEASE	1	652	0	0
H5B-O-20-06#s100r027	16	0	0	0	0	RELEASE	1	512	0	0
H5B-O-20-07#s100r027	16	0	0	0	0	RELEASE	1	653	0	0
H5B-O-20-08#s100r027	16	0	0	0	0	RELEASE	1	513	0	0
H5B-O-20-09#s100r027	16	0	0	0	0	RELEASE	1	653	0	0
H5B-O-40-00#s100r027	16	0	0	0	0	RELEASE	1	651	0	0
H5B-O-40-01#s100r027	16	0	0	0	0	RELEASE	1	513	0	0
H5B-O-40-02#s100r027	16	0	0	0	0	RELEASE	1	651	0	0
H5B-O-40-03#s100r027	16	0	0	0	0	RELEASE	1	514	0	0
H5B-O-40-04#s100r027	16	0	0	0	0	RELEASE	1	651	0	0
H5B-O-40-05#s100r027	16	0	0	0	0	RELEASE	1	651	0	0
H5B-O-40-06#s100r027	16	0	0	0	0	RELEASE	1	515	0	0
H5B-O-40-07#s100r027	16	0	0	0	0	RELEASE	1	652	0	0
H5B-O-40-08#s100r027	16	0	0	0	0	RELEASE	1	515	0	0
H5B-O-40-09#s100r027	16	0	0	0	0	RELEASE	1	652	0	0
H5B-D-0-00#s100r027	16	0	0	0	0	RELEASE	1	663	0	0
H5B-D-0-01#s100r027	16	0	0	0	0	RELEASE	1	663	0	0
H5B-D-0-02#s100r027	16	0	0	0	0	RELEASE	1	663	0	0
H5B-D-0-03#s100r027	16	0	0	0	0	RELEASE	1	663	0	0
H5B-D-0-04#s100r027	16	0	0	0	0	RELEASE	1	664	0	0
H5B-D-0-05#s100r027	16	0	0	0	0	RELEASE	1	664	0	0
H5B-D-0-06#s100r027	16	0	0	0	0	RELEASE	1	664	0	0
H5B-D-0-07#s100r027	16	0	0	0	0	RELEASE	1	664	0	0
H5B-D-0-08#s100r027	16	0	0	0	0	RELEASE	1	664	0	0
H5B-D-0-09#s100r027	16	0	0	0	0	RELEASE	1	664	0	0
H5B-D-1-00#s100r027	16	0	0	0	0	ABSTAIN	A	0	0	0
H5B-D-1-01#s100r027	16	0	0	0	0	ABSTAIN	A	0	0	0
H5B-D-1-02#s100r027	16	0	0	0	0	ABSTAIN	A	0	0	0
H5B-D-1-03#s100r027	16	0	0	0	0	ABSTAIN	A	0	0	0
H5B-D-1-04#s100r027	16	0	0	0	0	ABSTAIN	A	0	0	0
H5B-D-1-05#s100r027	16	0	0	0	0	ABSTAIN	A	0	0	0
H5B-D-1-06#s100r027	16	0	0	0	0	ABSTAIN	A	0	0	0
H5B-D-1-07#s100r027	16	0	0	0	0	ABSTAIN	A	0	0	0
H5B-D-1-08#s100r027	16	0	0	0	0	ABSTAIN	A	0	0	0
H5B-D-1-09#s100r027	16	0	0	0	0	ABSTAIN	A	0	0	0
H5B-D-2-00#s100r027	16	0	0	0	0	ABSTAIN	A	0	0	0
H5B-D-2-01#s100r027	16	0	0	0	0	ABSTAIN	A	0	0	0
H5B-D-2-02#s100r027	16	0	0	0	0	ABSTAIN	A	0	0	0
H5B-D-2-03#s100r027	16	0	0	0	0	ABSTAIN	A	0	0	0
H5B-D-2-04#s100r027	16	0	0	0	0	ABSTAIN	A	0	0	0
H5B-D-2-05#s100r027	16	0	0	0	0	ABSTAIN	A	0	0	0
H5B-D-2-06#s100r027	16	0	0	0	0	ABSTAIN	A	0	0	0
H5B-D-2-07#s100r027	16	0	0	0	0	ABSTAIN	A	0	0	0
H5B-D-2-08#s100r027	16	0	0	0	0	ABSTAIN	A	0	0	0
H5B-D-2-09#s100r027	16	0	0	0	0	ABSTAIN	A	0	0	0
H5B-D-6-00#s100r027	16	0	0	0	0	ABSTAIN	A	0	0	0
H5B-D-6-01#s100r027	16	0	0	0	0	ABSTAIN	A	0	0	0
H5B-D-6-02#s100r027	16	0	0	0	0	ABSTAIN	A	0	0	0
H5B-D-6-03#s100r027	16	0	0	0	0	ABSTAIN	A	0	0	0
H5B-D-6-04#s100r027	16	0	0	0	0	ABSTAIN	A	0	0	0
H5B-D-6-05#s100r027	16	0	0	0	0	ABSTAIN	A	0	0	0
H5B-D-6-06#s100r027	16	0	0	0	0	ABSTAIN	A	0	0	0
H5B-D-6-07#s100r027	16	0	0	0	0	ABSTAIN	A	0	0	0
H5B-D-6-08#s100r027	16	0	0	0	0	ABSTAIN	A	0	0	0
H5B-D-6-09#s100r027	16	0	0	0	0	ABSTAIN	A	0	0	0
H5B-P-06-00#s100r028	16	0	0	0	0	ABSTAIN	A	0	0	0
H5B-P-06-01#s100r028	16	0	0	0	0	ABSTAIN	A	0	0	0
H5B-P-06-02#s100r028	16	0	0	0	0	ABSTAIN	A	0	0	0
H5B-P-06-03#s100r028	16	0	0	0	0	ABSTAIN	A	0	0	0
H5B-P-06-04#s100r028	16	0	0	0	0	ABSTAIN	A	0	0	0
H5B-P-06-05#s100r028	16	0	0	0	0	ABSTAIN	A	0	0	0
H5B-P-06-06#s100r028	16	0	0	0	0	ABSTAIN	A	0	0	0
H5B-P-06-07#s100r028	16	0	0	0	0	ABSTAIN	A	0	0	0
H5B-P-06-08#s100r028	16	0	0	0	0	ABSTAIN	A	0	0	0
H5B-P-06-09#s100r028	16	0	0	0	0	ABSTAIN	A	0	0	0
H5B-P-12-00#s100r028	16	0	0	0	0	ABSTAIN	A	0	0	0
H5B-P-12-01#s100r028	16	0	0	0	0	ABSTAIN	A	0	0	0
H5B-P-12-02#s100r028	16	0	0	0	0	ABSTAIN	A	0	0	0
H5B-P-12-03#s100r028	16	0	0	0	0	ABSTAIN	A	0	0	0
H5B-P-12-04#s100r028	16	0	0	0	0	ABSTAIN	A	0	0	0
H5B-P-12-05#s100r028	16	0	0	0	0	ABSTAIN	A	0	0	0
H5B-P-12-06#s100r028	16	0	0	0	0	ABSTAIN	A	0	0	0
H5B-P-12-07#s100r028	16	0	0	0	0	ABSTAIN	A	0	0	0
H5B-P-12-08#s100r028	16	0	0	0	0	ABSTAIN	A	0	0	0
H5B-P-12-09#s100r028	16	0	0	0	0	ABSTAIN	A	0	0	0
H5B-P-20-00#s100r028	16	0	0	0	0	RELEASE	0	0	0	0
H5B-P-20-01#s100r028	16	0	0	0	0	RELEASE	0	0	0	0
H5B-P-20-02#s100r028	16	0	0	0	0	RELEASE	0	0	0	0
H5B-P-20-03#s100r028	16	0	0	0	0	RELEASE	0	0	0	0
H5B-P-20-04#s100r028	16	0	0	0	0	RELEASE	0	0	0	0
H5B-P-20-05#s100r028	16	0	0	0	0	RELEASE	0	0	0	0
H5B-P-20-06#s100r028	16	0	0	0	0	RELEASE	0	0	0	0
H5B-P-20-07#s100r028	16	0	0	0	0	RELEASE	0	0	0	0
H5B-P-20-08#s100r028	16	0	0	0	0	RELEASE	0	0	0	0
H5B-P-20-09#s100r028	16	0	0	0	0	RELEASE	0	0	0	0
H5B-P-40-00#s100r028	16	0	0	0	0	RELEASE	0	0	0	0
H5B-P-40-01#s100r028	16	0	0	0	0	RELEASE	0	0	0	0
H5B-P-40-02#s100r028	16	0	0	0	0	RELEASE	0	0	0	0
H5B-P-40-03#s100r028	16	0	0	0	0	RELEASE	0	0	0	0
H5B-P-40-04#s100r028	16	0	0	0	0	RELEASE	0	0	0	0
H5B-P-40-05#s100r028	16	0	0	0	0	RELEASE	0	0	0	0
H5B-P-40-06#s100r028	16	0	0	0	0	RELEASE	0	0	0	0
H5B-P-40-07#s100r028	16	0	0	0	0	RELEASE	0	0	0	0
H5B-P-40-08#s100r028	16	0	0	0	0	RELEASE	0	0	0	0
H5B-P-40-09#s100r028	16	0	0	0	0	RELEASE	0	0	0	0
H5B-O-06-00#s100r028	16	0	0	0	0	ABSTAIN	A	0	0	0
H5B-O-06-01#s100r028	16	0	0	0	0	ABSTAIN	A	0	0	0
H5B-O-06-02#s100r028	16	0	0	0	0	ABSTAIN	A	0	0	0
H5B-O-06-03#s100r028	16	0	0	0	0	ABSTAIN	A	0	0	0
H5B-O-06-04#s100r028	16	0	0	0	0	ABSTAIN	A	0	0	0
H5B-O-06-05#s100r028	16	0	0	0	0	ABSTAIN	A	0	0	0
H5B-O-06-06#s100r028	16	0	0	0	0	ABSTAIN	A	0	0	0
H5B-O-06-07#s100r028	16	0	0	0	0	ABSTAIN	A	0	0	0
H5B-O-06-08#s100r028	16	0	0	0	0	ABSTAIN	A	0	0	0
H5B-O-06-09#s100r028	16	0	0	0	0	ABSTAIN	A	0	0	0
H5B-O-12-00#s100r028	16	0	0	0	0	ABSTAIN	A	0	0	0
H5B-O-12-01#s100r028	16	0	0	0	0	ABSTAIN	A	0	0	0
H5B-O-12-02#s100r028	16	0	0	0	0	ABSTAIN	A	0	0	0
H5B-O-12-03#s100r028	16	0	0	0	0	ABSTAIN	A	0	0	0
H5B-O-12-04#s100r028	16	0	0	0	0	ABSTAIN	A	0	0	0
H5B-O-12-05#s100r028	16	0	0	0	0	ABSTAIN	A	0	0	0
H5B-O-12-06#s100r028	16	0	0	0	0	ABSTAIN	A	0	0	0
H5B-O-12-07#s100r028	16	0	0	0	0	ABSTAIN	A	0	0	0
H5B-O-12-08#s100r028	16	0	0	0	0	ABSTAIN	A	0	0	0
H5B-O-12-09#s100r028	16	0	0	0	0	ABSTAIN	A	0	0	0
H5B-O-20-00#s100r028	16	0	0	0	0	RELEASE	1	652	0	0
H5B-O-20-01#s100r028	16	0	0	0	0	RELEASE	1	511	0	0
H5B-O-20-02#s100r028	16	0	0	0	0	RELEASE	1	652	0	0
H5B-O-20-03#s100r028	16	0	0	0	0	RELEASE	1	512	0	0
H5B-O-20-04#s100r028	16	0	0	0	0	RELEASE	1	652	0	0
H5B-O-20-05#s100r028	16	0	0	0	0	RELEASE	1	652	0	0
H5B-O-20-06#s100r028	16	0	0	0	0	RELEASE	1	512	0	0
H5B-O-20-07#s100r028	16	0	0	0	0	RELEASE	1	652	0	0
H5B-O-20-08#s100r028	16	0	0	0	0	RELEASE	1	513	0	0
H5B-O-20-09#s100r028	16	0	0	0	0	RELEASE	1	653	0	0
H5B-O-40-00#s100r028	16	0	0	0	0	RELEASE	1	651	0	0
H5B-O-40-01#s100r028	16	0	0	0	0	RELEASE	1	513	0	0
H5B-O-40-02#s100r028	16	0	0	0	0	RELEASE	1	651	0	0
H5B-O-40-03#s100r028	16	0	0	0	0	RELEASE	1	514	0	0
H5B-O-40-04#s100r028	16	0	0	0	0	RELEASE	1	651	0	0
H5B-O-40-05#s100r028	16	0	0	0	0	RELEASE	1	651	0	0
H5B-O-40-06#s100r028	16	0	0	0	0	RELEASE	1	515	0	0
H5B-O-40-07#s100r028	16	0	0	0	0	RELEASE	1	652	0	0
H5B-O-40-08#s100r028	16	0	0	0	0	RELEASE	1	515	0	0
H5B-O-40-09#s100r028	16	0	0	0	0	RELEASE	1	652	0	0
H5B-D-0-00#s100r028	16	0	0	0	0	RELEASE	1	663	0	0
H5B-D-0-01#s100r028	16	0	0	0	0	RELEASE	1	663	0	0
H5B-D-0-02#s100r028	16	0	0	0	0	RELEASE	1	663	0	0
H5B-D-0-03#s100r028	16	0	0	0	0	RELEASE	1	663	0	0
H5B-D-0-04#s100r028	16	0	0	0	0	RELEASE	1	663	0	0
H5B-D-0-05#s100r028	16	0	0	0	0	RELEASE	1	663	0	0
H5B-D-0-06#s100r028	16	0	0	0	0	RELEASE	1	664	0	0
H5B-D-0-07#s100r028	16	0	0	0	0	RELEASE	1	664	0	0
H5B-D-0-08#s100r028	16	0	0	0	0	RELEASE	1	664	0	0
H5B-D-0-09#s100r028	16	0	0	0	0	RELEASE	1	664	0	0
H5B-D-1-00#s100r028	16	0	0	0	0	ABSTAIN	A	0	0	0
H5B-D-1-01#s100r028	16	0	0	0	0	ABSTAIN	A	0	0	0
H5B-D-1-02#s100r028	16	0	0	0	0	ABSTAIN	A	0	0	0
H5B-D-1-03#s100r028	16	0	0	0	0	ABSTAIN	A	0	0	0
H5B-D-1-04#s100r028	16	0	0	0	0	ABSTAIN	A	0	0	0
H5B-D-1-05#s100r028	16	0	0	0	0	ABSTAIN	A	0	0	0
H5B-D-1-06#s100r028	16	0	0	0	0	ABSTAIN	A	0	0	0
H5B-D-1-07#s100r028	16	0	0	0	0	ABSTAIN	A	0	0	0
H5B-D-1-08#s100r028	16	0	0	0	0	ABSTAIN	A	0	0	0
H5B-D-1-09#s100r028	16	0	0	0	0	ABSTAIN	A	0	0	0
H5B-D-2-00#s100r028	16	0	0	0	0	ABSTAIN	A	0	0	0
H5B-D-2-01#s100r028	16	0	0	0	0	ABSTAIN	A	0	0	0
H5B-D-2-02#s100r028	16	0	0	0	0	ABSTAIN	A	0	0	0
H5B-D-2-03#s100r028	16	0	0	0	0	ABSTAIN	A	0	0	0
H5B-D-2-04#s100r028	16	0	0	0	0	ABSTAIN	A	0	0	0
H5B-D-2-05#s100r028	16	0	0	0	0	ABSTAIN	A	0	0	0
H5B-D-2-06#s100r028	16	0	0	0	0	ABSTAIN	A	0	0	0
H5B-D-2-07#s100r028	16	0	0	0	0	ABSTAIN	A	0	0	0
H5B-D-2-08#s100r028	16	0	0	0	0	ABSTAIN	A	0	0	0
H5B-D-2-09#s100r028	16	0	0	0	0	ABSTAIN	A	0	0	0
H5B-D-6-00#s100r028	16	0	0	0	0	ABSTAIN	A	0	0	0
H5B-D-6-01#s100r028	16	0	0	0	0	ABSTAIN	A	0	0	0
H5B-D-6-02#s100r028	16	0	0	0	0	ABSTAIN	A	0	0	0
H5B-D-6-03#s100r028	16	0	0	0	0	ABSTAIN	A	0	0	0
H5B-D-6-04#s100r028	16	0	0	0	0	ABSTAIN	A	0	0	0
H5B-D-6-05#s100r028	16	0	0	0	0	ABSTAIN	A	0	0	0
H5B-D-6-06#s100r028	16	0	0	0	0	ABSTAIN	A	0	0	0
H5B-D-6-07#s100r028	16	0	0	0	0	ABSTAIN	A	0	0	0
H5B-D-6-08#s100r028	16	0	0	0	0	ABSTAIN	A	0	0	0
H5B-D-6-09#s100r028	16	0	0	0	0	ABSTAIN	A	0	0	0
H5B-P-06-00#s100r029	16	0	0	0	0	ABSTAIN	A	0	0	0
H5B-P-06-01#s100r029	16	0	0	0	0	ABSTAIN	A	0	0	0
H5B-P-06-02#s100r029	16	0	0	0	0	ABSTAIN	A	0	0	0
H5B-P-06-03#s100r029	16	0	0	0	0	ABSTAIN	A	0	0	0
H5B-P-06-04#s100r029	16	0	0	0	0	ABSTAIN	A	0	0	0
H5B-P-06-05#s100r029	16	0	0	0	0	ABSTAIN	A	0	0	0
H5B-P-06-06#s100r029	16	0	0	0	0	ABSTAIN	A	0	0	0
H5B-P-06-07#s100r029	16	0	0	0	0	ABSTAIN	A	0	0	0
H5B-P-06-08#s100r029	16	0	0	0	0	ABSTAIN	A	0	0	0
H5B-P-06-09#s100r029	16	0	0	0	0	ABSTAIN	A	0	0	0
H5B-P-12-00#s100r029	16	0	0	0	0	ABSTAIN	A	0	0	0
H5B-P-12-01#s100r029	16	0	0	0	0	ABSTAIN	A	0	0	0
H5B-P-12-02#s100r029	16	0	0	0	0	ABSTAIN	A	0	0	0
H5B-P-12-03#s100r029	16	0	0	0	0	ABSTAIN	A	0	0	0
H5B-P-12-04#s100r029	16	0	0	0	0	ABSTAIN	A	0	0	0
H5B-P-12-05#s100r029	16	0	0	0	0	ABSTAIN	A	0	0	0
H5B-P-12-06#s100r029	16	0	0	0	0	ABSTAIN	A	0	0	0
H5B-P-12-07#s100r029	16	0	0	0	0	ABSTAIN	A	0	0	0
H5B-P-12-08#s100r029	16	0	0	0	0	ABSTAIN	A	0	0	0
H5B-P-12-09#s100r029	16	0	0	0	0	ABSTAIN	A	0	0	0
H5B-P-20-00#s100r029	16	0	0	0	0	RELEASE	0	0	0	0
H5B-P-20-01#s100r029	16	0	0	0	0	RELEASE	0	0	0	0
H5B-P-20-02#s100r029	16	0	0	0	0	RELEASE	0	0	0	0
H5B-P-20-03#s100r029	16	0	0	0	0	RELEASE	0	0	0	0
H5B-P-20-04#s100r029	16	0	0	0	0	RELEASE	0	0	0	0
H5B-P-20-05#s100r029	16	0	0	0	0	RELEASE	0	0	0	0
H5B-P-20-06#s100r029	16	0	0	0	0	RELEASE	0	0	0	0
H5B-P-20-07#s100r029	16	0	0	0	0	RELEASE	0	0	0	0
H5B-P-20-08#s100r029	16	0	0	0	0	RELEASE	0	0	0	0
H5B-P-20-09#s100r029	16	0	0	0	0	RELEASE	0	0	0	0
H5B-P-40-00#s100r029	16	0	0	0	0	RELEASE	0	0	0	0
H5B-P-40-01#s100r029	16	0	0	0	0	RELEASE	0	0	0	0
H5B-P-40-02#s100r029	16	0	0	0	0	RELEASE	0	0	0	0
H5B-P-40-03#s100r029	16	0	0	0	0	RELEASE	0	0	0	0
H5B-P-40-04#s100r029	16	0	0	0	0	RELEASE	0	0	0	0
H5B-P-40-05#s100r029	16	0	0	0	0	RELEASE	0	0	0	0
H5B-P-40-06#s100r029	16	0	0	0	0	RELEASE	0	0	0	0
H5B-P-40-07#s100r029	16	0	0	0	0	RELEASE	0	0	0	0
H5B-P-40-08#s100r029	16	0	0	0	0	RELEASE	0	0	0	0
H5B-P-40-09#s100r029	16	0	0	0	0	RELEASE	0	0	0	0
H5B-O-06-00#s100r029	16	0	0	0	0	ABSTAIN	A	0	0	0
H5B-O-06-01#s100r029	16	0	0	0	0	ABSTAIN	A	0	0	0
H5B-O-06-02#s100r029	16	0	0	0	0	ABSTAIN	A	0	0	0
H5B-O-06-03#s100r029	16	0	0	0	0	ABSTAIN	A	0	0	0
H5B-O-06-04#s100r029	16	0	0	0	0	ABSTAIN	A	0	0	0
H5B-O-06-05#s100r029	16	0	0	0	0	ABSTAIN	A	0	0	0
H5B-O-06-06#s100r029	16	0	0	0	0	ABSTAIN	A	0	0	0
H5B-O-06-07#s100r029	16	0	0	0	0	ABSTAIN	A	0	0	0
H5B-O-06-08#s100r029	16	0	0	0	0	ABSTAIN	A	0	0	0
H5B-O-06-09#s100r029	16	0	0	0	0	ABSTAIN	A	0	0	0
H5B-O-12-00#s100r029	16	0	0	0	0	ABSTAIN	A	0	0	0
H5B-O-12-01#s100r029	16	0	0	0	0	ABSTAIN	A	0	0	0
H5B-O-12-02#s100r029	16	0	0	0	0	ABSTAIN	A	0	0	0
H5B-O-12-03#s100r029	16	0	0	0	0	ABSTAIN	A	0	0	0
H5B-O-12-04#s100r029	16	0	0	0	0	ABSTAIN	A	0	0	0
H5B-O-12-05#s100r029	16	0	0	0	0	ABSTAIN	A	0	0	0
H5B-O-12-06#s100r029	16	0	0	0	0	ABSTAIN	A	0	0	0
H5B-O-12-07#s100r029	16	0	0	0	0	ABSTAIN	A	0	0	0
H5B-O-12-08#s100r029	16	0	0	0	0	ABSTAIN	A	0	0	0
H5B-O-12-09#s100r029	16	0	0	0	0	ABSTAIN	A	0	0	0
H5B-O-20-00#s100r029	16	0	0	0	0	RELEASE	1	652	0	0
H5B-O-20-01#s100r029	16	0	0	0	0	RELEASE	1	511	0	0
H5B-O-20-02#s100r029	16	0	0	0	0	RELEASE	1	652	0	0
H5B-O-20-03#s100r029	16	0	0	0	0	RELEASE	1	512	0	0
H5B-O-20-04#s100r029	16	0	0	0	0	RELEASE	1	652	0	0
H5B-O-20-05#s100r029	16	0	0	0	0	RELEASE	1	652	0	0
H5B-O-20-06#s100r029	16	0	0	0	0	RELEASE	1	513	0	0
H5B-O-20-07#s100r029	16	0	0	0	0	RELEASE	1	652	0	0
H5B-O-20-08#s100r029	16	0	0	0	0	RELEASE	1	513	0	0
H5B-O-20-09#s100r029	16	0	0	0	0	RELEASE	1	653	0	0
H5B-O-40-00#s100r029	16	0	0	0	0	RELEASE	1	651	0	0
H5B-O-40-01#s100r029	16	0	0	0	0	RELEASE	1	514	0	0
H5B-O-40-02#s100r029	16	0	0	0	0	RELEASE	1	651	0	0
H5B-O-40-03#s100r029	16	0	0	0	0	RELEASE	1	514	0	0
H5B-O-40-04#s100r029	16	0	0	0	0	RELEASE	1	651	0	0
H5B-O-40-05#s100r029	16	0	0	0	0	RELEASE	1	651	0	0
H5B-O-40-06#s100r029	16	0	0	0	0	RELEASE	1	515	0	0
H5B-O-40-07#s100r029	16	0	0	0	0	RELEASE	1	652	0	0
H5B-O-40-08#s100r029	16	0	0	0	0	RELEASE	1	515	0	0
H5B-O-40-09#s100r029	16	0	0	0	0	RELEASE	1	652	0	0
H5B-D-0-00#s100r029	16	0	0	0	0	RELEASE	1	663	0	0
H5B-D-0-01#s100r029	16	0	0	0	0	RELEASE	1	663	0	0
H5B-D-0-02#s100r029	16	0	0	0	0	RELEASE	1	663	0	0
H5B-D-0-03#s100r029	16	0	0	0	0	RELEASE	1	663	0	0
H5B-D-0-04#s100r029	16	0	0	0	0	RELEASE	1	663	0	0
H5B-D-0-05#s100r029	16	0	0	0	0	RELEASE	1	663	0	0
H5B-D-0-06#s100r029	16	0	0	0	0	RELEASE	1	663	0	0
H5B-D-0-07#s100r029	16	0	0	0	0	RELEASE	1	664	0	0
H5B-D-0-08#s100r029	16	0	0	0	0	RELEASE	1	664	0	0
H5B-D-0-09#s100r029	16	0	0	0	0	RELEASE	1	664	0	0
H5B-D-1-00#s100r029	16	0	0	0	0	ABSTAIN	A	0	0	0
H5B-D-1-01#s100r029	16	0	0	0	0	ABSTAIN	A	0	0	0
H5B-D-1-02#s100r029	16	0	0	0	0	ABSTAIN	A	0	0	0
H5B-D-1-03#s100r029	16	0	0	0	0	ABSTAIN	A	0	0	0
H5B-D-1-04#s100r029	16	0	0	0	0	ABSTAIN	A	0	0	0
H5B-D-1-05#s100r029	16	0	0	0	0	ABSTAIN	A	0	0	0
H5B-D-1-06#s100r029	16	0	0	0	0	ABSTAIN	A	0	0	0
H5B-D-1-07#s100r029	16	0	0	0	0	ABSTAIN	A	0	0	0
H5B-D-1-08#s100r029	16	0	0	0	0	ABSTAIN	A	0	0	0
H5B-D-1-09#s100r029	16	0	0	0	0	ABSTAIN	A	0	0	0
H5B-D-2-00#s100r029	16	0	0	0	0	ABSTAIN	A	0	0	0
H5B-D-2-01#s100r029	16	0	0	0	0	ABSTAIN	A	0	0	0
H5B-D-2-02#s100r029	16	0	0	0	0	ABSTAIN	A	0	0	0
H5B-D-2-03#s100r029	16	0	0	0	0	ABSTAIN	A	0	0	0
H5B-D-2-04#s100r029	16	0	0	0	0	ABSTAIN	A	0	0	0
H5B-D-2-05#s100r029	16	0	0	0	0	ABSTAIN	A	0	0	0
H5B-D-2-06#s100r029	16	0	0	0	0	ABSTAIN	A	0	0	0
H5B-D-2-07#s100r029	16	0	0	0	0	ABSTAIN	A	0	0	0
H5B-D-2-08#s100r029	16	0	0	0	0	ABSTAIN	A	0	0	0
H5B-D-2-09#s100r029	16	0	0	0	0	ABSTAIN	A	0	0	0
H5B-D-6-00#s100r029	16	0	0	0	0	ABSTAIN	A	0	0	0
H5B-D-6-01#s100r029	16	0	0	0	0	ABSTAIN	A	0	0	0
H5B-D-6-02#s100r029	16	0	0	0	0	ABSTAIN	A	0	0	0
H5B-D-6-03#s100r029	16	0	0	0	0	ABSTAIN	A	0	0	0
H5B-D-6-04#s100r029	16	0	0	0	0	ABSTAIN	A	0	0	0
H5B-D-6-05#s100r029	16	0	0	0	0	ABSTAIN	A	0	0	0
H5B-D-6-06#s100r029	16	0	0	0	0	ABSTAIN	A	0	0	0
H5B-D-6-07#s100r029	16	0	0	0	0	ABSTAIN	A	0	0	0
H5B-D-6-08#s100r029	16	0	0	0	0	ABSTAIN	A	0	0	0
H5B-D-6-09#s100r029	16	0	0	0	0	ABSTAIN	A	0	0	0
H5B-P-06-00#s100r030	16	0	0	0	0	ABSTAIN	A	0	0	0
H5B-P-06-01#s100r030	16	0	0	0	0	ABSTAIN	A	0	0	0
H5B-P-06-02#s100r030	16	0	0	0	0	ABSTAIN	A	0	0	0
H5B-P-06-03#s100r030	16	0	0	0	0	ABSTAIN	A	0	0	0
H5B-P-06-04#s100r030	16	0	0	0	0	ABSTAIN	A	0	0	0
H5B-P-06-05#s100r030	16	0	0	0	0	ABSTAIN	A	0	0	0
H5B-P-06-06#s100r030	16	0	0	0	0	ABSTAIN	A	0	0	0
H5B-P-06-07#s100r030	16	0	0	0	0	ABSTAIN	A	0	0	0
H5B-P-06-08#s100r030	16	0	0	0	0	ABSTAIN	A	0	0	0
H5B-P-06-09#s100r030	16	0	0	0	0	ABSTAIN	A	0	0	0
H5B-P-12-00#s100r030	16	0	0	0	0	ABSTAIN	A	0	0	0
H5B-P-12-01#s100r030	16	0	0	0	0	ABSTAIN	A	0	0	0
H5B-P-12-02#s100r030	16	0	0	0	0	ABSTAIN	A	0	0	0
H5B-P-12-03#s100r030	16	0	0	0	0	ABSTAIN	A	0	0	0
H5B-P-12-04#s100r030	16	0	0	0	0	ABSTAIN	A	0	0	0
H5B-P-12-05#s100r030	16	0	0	0	0	ABSTAIN	A	0	0	0
H5B-P-12-06#s100r030	16	0	0	0	0	ABSTAIN	A	0	0	0
H5B-P-12-07#s100r030	16	0	0	0	0	ABSTAIN	A	0	0	0
H5B-P-12-08#s100r030	16	0	0	0	0	ABSTAIN	A	0	0	0
H5B-P-12-09#s100r030	16	0	0	0	0	ABSTAIN	A	0	0	0
H5B-P-20-00#s100r030	16	0	0	0	0	RELEASE	0	0	0	0
H5B-P-20-01#s100r030	16	0	0	0	0	RELEASE	0	0	0	0
H5B-P-20-02#s100r030	16	0	0	0	0	RELEASE	0	0	0	0
H5B-P-20-03#s100r030	16	0	0	0	0	RELEASE	0	0	0	0
H5B-P-20-04#s100r030	16	0	0	0	0	RELEASE	0	0	0	0
H5B-P-20-05#s100r030	16	0	0	0	0	RELEASE	0	0	0	0
H5B-P-20-06#s100r030	16	0	0	0	0	RELEASE	0	0	0	0
H5B-P-20-07#s100r030	16	0	0	0	0	RELEASE	0	0	0	0
H5B-P-20-08#s100r030	16	0	0	0	0	RELEASE	0	0	0	0
H5B-P-20-09#s100r030	16	0	0	0	0	RELEASE	0	0	0	0
H5B-P-40-00#s100r030	16	0	0	0	0	RELEASE	0	0	0	0
H5B-P-40-01#s100r030	16	0	0	0	0	RELEASE	0	0	0	0
H5B-P-40-02#s100r030	16	0	0	0	0	RELEASE	0	0	0	0
H5B-P-40-03#s100r030	16	0	0	0	0	RELEASE	0	0	0	0
H5B-P-40-04#s100r030	16	0	0	0	0	RELEASE	0	0	0	0
H5B-P-40-05#s100r030	16	0	0	0	0	RELEASE	0	0	0	0
H5B-P-40-06#s100r030	16	0	0	0	0	RELEASE	0	0	0	0
H5B-P-40-07#s100r030	16	0	0	0	0	RELEASE	0	0	0	0
H5B-P-40-08#s100r030	16	0	0	0	0	RELEASE	0	0	0	0
H5B-P-40-09#s100r030	16	0	0	0	0	RELEASE	0	0	0	0
H5B-O-06-00#s100r030	16	0	0	0	0	ABSTAIN	A	0	0	0
H5B-O-06-01#s100r030	16	0	0	0	0	ABSTAIN	A	0	0	0
H5B-O-06-02#s100r030	16	0	0	0	0	ABSTAIN	A	0	0	0
H5B-O-06-03#s100r030	16	0	0	0	0	ABSTAIN	A	0	0	0
H5B-O-06-04#s100r030	16	0	0	0	0	ABSTAIN	A	0	0	0
H5B-O-06-05#s100r030	16	0	0	0	0	ABSTAIN	A	0	0	0
H5B-O-06-06#s100r030	16	0	0	0	0	ABSTAIN	A	0	0	0
H5B-O-06-07#s100r030	16	0	0	0	0	ABSTAIN	A	0	0	0
H5B-O-06-08#s100r030	16	0	0	0	0	ABSTAIN	A	0	0	0
H5B-O-06-09#s100r030	16	0	0	0	0	ABSTAIN	A	0	0	0
H5B-O-12-00#s100r030	16	0	0	0	0	ABSTAIN	A	0	0	0
H5B-O-12-01#s100r030	16	0	0	0	0	ABSTAIN	A	0	0	0
H5B-O-12-02#s100r030	16	0	0	0	0	ABSTAIN	A	0	0	0
H5B-O-12-03#s100r030	16	0	0	0	0	ABSTAIN	A	0	0	0
H5B-O-12-04#s100r030	16	0	0	0	0	ABSTAIN	A	0	0	0
H5B-O-12-05#s100r030	16	0	0	0	0	ABSTAIN	A	0	0	0
H5B-O-12-06#s100r030	16	0	0	0	0	ABSTAIN	A	0	0	0
H5B-O-12-07#s100r030	16	0	0	0	0	ABSTAIN	A	0	0	0
H5B-O-12-08#s100r030	16	0	0	0	0	ABSTAIN	A	0	0	0
H5B-O-12-09#s100r030	16	0	0	0	0	ABSTAIN	A	0	0	0
H5B-O-20-00#s100r030	16	0	0	0	0	RELEASE	1	652	0	0
H5B-O-20-01#s100r030	16	0	0	0	0	RELEASE	1	512	0	0
H5B-O-20-02#s100r030	16	0	0	0	0	RELEASE	1	652	0	0
H5B-O-20-03#s100r030	16	0	0	0	0	RELEASE	1	512	0	0
H5B-O-20-04#s100r030	16	0	0	0	0	RELEASE	1	652	0	0
H5B-O-20-05#s100r030	16	0	0	0	0	RELEASE	1	652	0	0
H5B-O-20-06#s100r030	16	0	0	0	0	RELEASE	1	513	0	0
H5B-O-20-07#s100r030	16	0	0	0	0	RELEASE	1	652	0	0
H5B-O-20-08#s100r030	16	0	0	0	0	RELEASE	1	513	0	0
H5B-O-20-09#s100r030	16	0	0	0	0	RELEASE	1	653	0	0
H5B-O-40-00#s100r030	16	0	0	0	0	RELEASE	1	651	0	0
H5B-O-40-01#s100r030	16	0	0	0	0	RELEASE	1	514	0	0
H5B-O-40-02#s100r030	16	0	0	0	0	RELEASE	1	651	0	0
H5B-O-40-03#s100r030	16	0	0	0	0	RELEASE	1	514	0	0
H5B-O-40-04#s100r030	16	0	0	0	0	RELEASE	1	651	0	0
H5B-O-40-05#s100r030	16	0	0	0	0	RELEASE	1	651	0	0
H5B-O-40-06#s100r030	16	0	0	0	0	RELEASE	1	515	0	0
H5B-O-40-07#s100r030	16	0	0	0	0	RELEASE	1	652	0	0
H5B-O-40-08#s100r030	16	0	0	0	0	RELEASE	1	515	0	0
H5B-O-40-09#s100r030	16	0	0	0	0	RELEASE	1	652	0	0
H5B-D-0-00#s100r030	16	0	0	0	0	RELEASE	1	663	0	0
H5B-D-0-01#s100r030	16	0	0	0	0	RELEASE	1	663	0	0
H5B-D-0-02#s100r030	16	0	0	0	0	RELEASE	1	663	0	0
H5B-D-0-03#s100r030	16	0	0	0	0	RELEASE	1	663	0	0
H5B-D-0-04#s100r030	16	0	0	0	0	RELEASE	1	663	0	0
H5B-D-0-05#s100r030	16	0	0	0	0	RELEASE	1	663	0	0
H5B-D-0-06#s100r030	16	0	0	0	0	RELEASE	1	663	0	0
H5B-D-0-07#s100r030	16	0	0	0	0	RELEASE	1	663	0	0
H5B-D-0-08#s100r030	16	0	0	0	0	RELEASE	1	664	0	0
H5B-D-0-09#s100r030	16	0	0	0	0	RELEASE	1	664	0	0
H5B-D-1-00#s100r030	16	0	0	0	0	ABSTAIN	A	0	0	0
H5B-D-1-01#s100r030	16	0	0	0	0	ABSTAIN	A	0	0	0
H5B-D-1-02#s100r030	16	0	0	0	0	ABSTAIN	A	0	0	0
H5B-D-1-03#s100r030	16	0	0	0	0	ABSTAIN	A	0	0	0
H5B-D-1-04#s100r030	16	0	0	0	0	ABSTAIN	A	0	0	0
H5B-D-1-05#s100r030	16	0	0	0	0	ABSTAIN	A	0	0	0
H5B-D-1-06#s100r030	16	0	0	0	0	ABSTAIN	A	0	0	0
H5B-D-1-07#s100r030	16	0	0	0	0	ABSTAIN	A	0	0	0
H5B-D-1-08#s100r030	16	0	0	0	0	ABSTAIN	A	0	0	0
H5B-D-1-09#s100r030	16	0	0	0	0	ABSTAIN	A	0	0	0
H5B-D-2-00#s100r030	16	0	0	0	0	ABSTAIN	A	0	0	0
H5B-D-2-01#s100r030	16	0	0	0	0	ABSTAIN	A	0	0	0
H5B-D-2-02#s100r030	16	0	0	0	0	ABSTAIN	A	0	0	0
H5B-D-2-03#s100r030	16	0	0	0	0	ABSTAIN	A	0	0	0
H5B-D-2-04#s100r030	16	0	0	0	0	ABSTAIN	A	0	0	0
H5B-D-2-05#s100r030	16	0	0	0	0	ABSTAIN	A	0	0	0
H5B-D-2-06#s100r030	16	0	0	0	0	ABSTAIN	A	0	0	0
H5B-D-2-07#s100r030	16	0	0	0	0	ABSTAIN	A	0	0	0
H5B-D-2-08#s100r030	16	0	0	0	0	ABSTAIN	A	0	0	0
H5B-D-2-09#s100r030	16	0	0	0	0	ABSTAIN	A	0	0	0
H5B-D-6-00#s100r030	16	0	0	0	0	ABSTAIN	A	0	0	0
H5B-D-6-01#s100r030	16	0	0	0	0	ABSTAIN	A	0	0	0
H5B-D-6-02#s100r030	16	0	0	0	0	ABSTAIN	A	0	0	0
H5B-D-6-03#s100r030	16	0	0	0	0	ABSTAIN	A	0	0	0
H5B-D-6-04#s100r030	16	0	0	0	0	ABSTAIN	A	0	0	0
H5B-D-6-05#s100r030	16	0	0	0	0	ABSTAIN	A	0	0	0
H5B-D-6-06#s100r030	16	0	0	0	0	ABSTAIN	A	0	0	0
H5B-D-6-07#s100r030	16	0	0	0	0	ABSTAIN	A	0	0	0
H5B-D-6-08#s100r030	16	0	0	0	0	ABSTAIN	A	0	0	0
H5B-D-6-09#s100r030	16	0	0	0	0	ABSTAIN	A	0	0	0
H5B-P-06-00#s100r031	16	0	0	0	0	ABSTAIN	A	0	0	0
H5B-P-06-01#s100r031	16	0	0	0	0	ABSTAIN	A	0	0	0
H5B-P-06-02#s100r031	16	0	0	0	0	ABSTAIN	A	0	0	0
H5B-P-06-03#s100r031	16	0	0	0	0	ABSTAIN	A	0	0	0
H5B-P-06-04#s100r031	16	0	0	0	0	ABSTAIN	A	0	0	0
H5B-P-06-05#s100r031	16	0	0	0	0	ABSTAIN	A	0	0	0
H5B-P-06-06#s100r031	16	0	0	0	0	ABSTAIN	A	0	0	0
H5B-P-06-07#s100r031	16	0	0	0	0	ABSTAIN	A	0	0	0
H5B-P-06-08#s100r031	16	0	0	0	0	ABSTAIN	A	0	0	0
H5B-P-06-09#s100r031	16	0	0	0	0	ABSTAIN	A	0	0	0
H5B-P-12-00#s100r031	16	0	0	0	0	ABSTAIN	A	0	0	0
H5B-P-12-01#s100r031	16	0	0	0	0	ABSTAIN	A	0	0	0
H5B-P-12-02#s100r031	16	0	0	0	0	ABSTAIN	A	0	0	0
H5B-P-12-03#s100r031	16	0	0	0	0	ABSTAIN	A	0	0	0
H5B-P-12-04#s100r031	16	0	0	0	0	ABSTAIN	A	0	0	0
H5B-P-12-05#s100r031	16	0	0	0	0	ABSTAIN	A	0	0	0
H5B-P-12-06#s100r031	16	0	0	0	0	ABSTAIN	A	0	0	0
H5B-P-12-07#s100r031	16	0	0	0	0	ABSTAIN	A	0	0	0
H5B-P-12-08#s100r031	16	0	0	0	0	ABSTAIN	A	0	0	0
H5B-P-12-09#s100r031	16	0	0	0	0	ABSTAIN	A	0	0	0
H5B-P-20-00#s100r031	16	0	0	0	0	RELEASE	0	0	0	0
H5B-P-20-01#s100r031	16	0	0	0	0	RELEASE	0	0	0	0
H5B-P-20-02#s100r031	16	0	0	0	0	RELEASE	0	0	0	0
H5B-P-20-03#s100r031	16	0	0	0	0	RELEASE	0	0	0	0
H5B-P-20-04#s100r031	16	0	0	0	0	RELEASE	0	0	0	0
H5B-P-20-05#s100r031	16	0	0	0	0	RELEASE	0	0	0	0
H5B-P-20-06#s100r031	16	0	0	0	0	RELEASE	0	0	0	0
H5B-P-20-07#s100r031	16	0	0	0	0	RELEASE	0	0	0	0
H5B-P-20-08#s100r031	16	0	0	0	0	RELEASE	0	0	0	0
H5B-P-20-09#s100r031	16	0	0	0	0	RELEASE	0	0	0	0
H5B-P-40-00#s100r031	16	0	0	0	0	RELEASE	0	0	0	0
H5B-P-40-01#s100r031	16	0	0	0	0	RELEASE	0	0	0	0
H5B-P-40-02#s100r031	16	0	0	0	0	RELEASE	0	0	0	0
H5B-P-40-03#s100r031	16	0	0	0	0	RELEASE	0	0	0	0
H5B-P-40-04#s100r031	16	0	0	0	0	RELEASE	0	0	0	0
H5B-P-40-05#s100r031	16	0	0	0	0	RELEASE	0	0	0	0
H5B-P-40-06#s100r031	16	0	0	0	0	RELEASE	0	0	0	0
H5B-P-40-07#s100r031	16	0	0	0	0	RELEASE	0	0	0	0
H5B-P-40-08#s100r031	16	0	0	0	0	RELEASE	0	0	0	0
H5B-P-40-09#s100r031	16	0	0	0	0	RELEASE	0	0	0	0
H5B-O-06-00#s100r031	16	0	0	0	0	ABSTAIN	A	0	0	0
H5B-O-06-01#s100r031	16	0	0	0	0	ABSTAIN	A	0	0	0
H5B-O-06-02#s100r031	16	0	0	0	0	ABSTAIN	A	0	0	0
H5B-O-06-03#s100r031	16	0	0	0	0	ABSTAIN	A	0	0	0
H5B-O-06-04#s100r031	16	0	0	0	0	ABSTAIN	A	0	0	0
H5B-O-06-05#s100r031	16	0	0	0	0	ABSTAIN	A	0	0	0
H5B-O-06-06#s100r031	16	0	0	0	0	ABSTAIN	A	0	0	0
H5B-O-06-07#s100r031	16	0	0	0	0	ABSTAIN	A	0	0	0
H5B-O-06-08#s100r031	16	0	0	0	0	ABSTAIN	A	0	0	0
H5B-O-06-09#s100r031	16	0	0	0	0	ABSTAIN	A	0	0	0
H5B-O-12-00#s100r031	16	0	0	0	0	ABSTAIN	A	0	0	0
H5B-O-12-01#s100r031	16	0	0	0	0	ABSTAIN	A	0	0	0
H5B-O-12-02#s100r031	16	0	0	0	0	ABSTAIN	A	0	0	0
H5B-O-12-03#s100r031	16	0	0	0	0	ABSTAIN	A	0	0	0
H5B-O-12-04#s100r031	16	0	0	0	0	ABSTAIN	A	0	0	0
H5B-O-12-05#s100r031	16	0	0	0	0	ABSTAIN	A	0	0	0
H5B-O-12-06#s100r031	16	0	0	0	0	ABSTAIN	A	0	0	0
H5B-O-12-07#s100r031	16	0	0	0	0	ABSTAIN	A	0	0	0
H5B-O-12-08#s100r031	16	0	0	0	0	ABSTAIN	A	0	0	0
H5B-O-12-09#s100r031	16	0	0	0	0	ABSTAIN	A	0	0	0
H5B-O-20-00#s100r031	16	0	0	0	0	RELEASE	1	652	0	0
H5B-O-20-01#s100r031	16	0	0	0	0	RELEASE	1	512	0	0
H5B-O-20-02#s100r031	16	0	0	0	0	RELEASE	1	652	0	0
H5B-O-20-03#s100r031	16	0	0	0	0	RELEASE	1	512	0	0
H5B-O-20-04#s100r031	16	0	0	0	0	RELEASE	1	652	0	0
H5B-O-20-05#s100r031	16	0	0	0	0	RELEASE	1	652	0	0
H5B-O-20-06#s100r031	16	0	0	0	0	RELEASE	1	513	0	0
H5B-O-20-07#s100r031	16	0	0	0	0	RELEASE	1	652	0	0
H5B-O-20-08#s100r031	16	0	0	0	0	RELEASE	1	513	0	0
H5B-O-20-09#s100r031	16	0	0	0	0	RELEASE	1	653	0	0
H5B-O-40-00#s100r031	16	0	0	0	0	RELEASE	1	651	0	0
H5B-O-40-01#s100r031	16	0	0	0	0	RELEASE	1	514	0	0
H5B-O-40-02#s100r031	16	0	0	0	0	RELEASE	1	651	0	0
H5B-O-40-03#s100r031	16	0	0	0	0	RELEASE	1	514	0	0
H5B-O-40-04#s100r031	16	0	0	0	0	RELEASE	1	651	0	0
H5B-O-40-05#s100r031	16	0	0	0	0	RELEASE	1	651	0	0
H5B-O-40-06#s100r031	16	0	0	0	0	RELEASE	1	515	0	0
H5B-O-40-07#s100r031	16	0	0	0	0	RELEASE	1	652	0	0
H5B-O-40-08#s100r031	16	0	0	0	0	RELEASE	1	515	0	0
H5B-O-40-09#s100r031	16	0	0	0	0	RELEASE	1	652	0	0
H5B-D-0-00#s100r031	16	0	0	0	0	RELEASE	1	662	0	0
H5B-D-0-01#s100r031	16	0	0	0	0	RELEASE	1	663	0	0
H5B-D-0-02#s100r031	16	0	0	0	0	RELEASE	1	663	0	0
H5B-D-0-03#s100r031	16	0	0	0	0	RELEASE	1	663	0	0
H5B-D-0-04#s100r031	16	0	0	0	0	RELEASE	1	663	0	0
H5B-D-0-05#s100r031	16	0	0	0	0	RELEASE	1	663	0	0
H5B-D-0-06#s100r031	16	0	0	0	0	RELEASE	1	663	0	0
H5B-D-0-07#s100r031	16	0	0	0	0	RELEASE	1	663	0	0
H5B-D-0-08#s100r031	16	0	0	0	0	RELEASE	1	663	0	0
H5B-D-0-09#s100r031	16	0	0	0	0	RELEASE	1	664	0	0
H5B-D-1-00#s100r031	16	0	0	0	0	ABSTAIN	A	0	0	0
H5B-D-1-01#s100r031	16	0	0	0	0	ABSTAIN	A	0	0	0
H5B-D-1-02#s100r031	16	0	0	0	0	ABSTAIN	A	0	0	0
H5B-D-1-03#s100r031	16	0	0	0	0	ABSTAIN	A	0	0	0
H5B-D-1-04#s100r031	16	0	0	0	0	ABSTAIN	A	0	0	0
H5B-D-1-05#s100r031	16	0	0	0	0	ABSTAIN	A	0	0	0
H5B-D-1-06#s100r031	16	0	0	0	0	ABSTAIN	A	0	0	0
H5B-D-1-07#s100r031	16	0	0	0	0	ABSTAIN	A	0	0	0
H5B-D-1-08#s100r031	16	0	0	0	0	ABSTAIN	A	0	0	0
H5B-D-1-09#s100r031	16	0	0	0	0	ABSTAIN	A	0	0	0
H5B-D-2-00#s100r031	16	0	0	0	0	ABSTAIN	A	0	0	0
H5B-D-2-01#s100r031	16	0	0	0	0	ABSTAIN	A	0	0	0
H5B-D-2-02#s100r031	16	0	0	0	0	ABSTAIN	A	0	0	0
H5B-D-2-03#s100r031	16	0	0	0	0	ABSTAIN	A	0	0	0
H5B-D-2-04#s100r031	16	0	0	0	0	ABSTAIN	A	0	0	0
H5B-D-2-05#s100r031	16	0	0	0	0	ABSTAIN	A	0	0	0
H5B-D-2-06#s100r031	16	0	0	0	0	ABSTAIN	A	0	0	0
H5B-D-2-07#s100r031	16	0	0	0	0	ABSTAIN	A	0	0	0
H5B-D-2-08#s100r031	16	0	0	0	0	ABSTAIN	A	0	0	0
H5B-D-2-09#s100r031	16	0	0	0	0	ABSTAIN	A	0	0	0
H5B-D-6-00#s100r031	16	0	0	0	0	ABSTAIN	A	0	0	0
H5B-D-6-01#s100r031	16	0	0	0	0	ABSTAIN	A	0	0	0
H5B-D-6-02#s100r031	16	0	0	0	0	ABSTAIN	A	0	0	0
H5B-D-6-03#s100r031	16	0	0	0	0	ABSTAIN	A	0	0	0
H5B-D-6-04#s100r031	16	0	0	0	0	ABSTAIN	A	0	0	0
H5B-D-6-05#s100r031	16	0	0	0	0	ABSTAIN	A	0	0	0
H5B-D-6-06#s100r031	16	0	0	0	0	ABSTAIN	A	0	0	0
H5B-D-6-07#s100r031	16	0	0	0	0	ABSTAIN	A	0	0	0
H5B-D-6-08#s100r031	16	0	0	0	0	ABSTAIN	A	0	0	0
H5B-D-6-09#s100r031	16	0	0	0	0	ABSTAIN	A	0	0	0
H5B-P-06-00#s100r032	16	0	0	0	0	ABSTAIN	A	0	0	0
H5B-P-06-01#s100r032	16	0	0	0	0	ABSTAIN	A	0	0	0
H5B-P-06-02#s100r032	16	0	0	0	0	ABSTAIN	A	0	0	0
H5B-P-06-03#s100r032	16	0	0	0	0	ABSTAIN	A	0	0	0
H5B-P-06-04#s100r032	16	0	0	0	0	ABSTAIN	A	0	0	0
H5B-P-06-05#s100r032	16	0	0	0	0	ABSTAIN	A	0	0	0
H5B-P-06-06#s100r032	16	0	0	0	0	ABSTAIN	A	0	0	0
H5B-P-06-07#s100r032	16	0	0	0	0	ABSTAIN	A	0	0	0
H5B-P-06-08#s100r032	16	0	0	0	0	ABSTAIN	A	0	0	0
H5B-P-06-09#s100r032	16	0	0	0	0	ABSTAIN	A	0	0	0
H5B-P-12-00#s100r032	16	0	0	0	0	ABSTAIN	A	0	0	0
H5B-P-12-01#s100r032	16	0	0	0	0	ABSTAIN	A	0	0	0
H5B-P-12-02#s100r032	16	0	0	0	0	ABSTAIN	A	0	0	0
H5B-P-12-03#s100r032	16	0	0	0	0	ABSTAIN	A	0	0	0
H5B-P-12-04#s100r032	16	0	0	0	0	ABSTAIN	A	0	0	0
H5B-P-12-05#s100r032	16	0	0	0	0	ABSTAIN	A	0	0	0
H5B-P-12-06#s100r032	16	0	0	0	0	ABSTAIN	A	0	0	0
H5B-P-12-07#s100r032	16	0	0	0	0	ABSTAIN	A	0	0	0
H5B-P-12-08#s100r032	16	0	0	0	0	ABSTAIN	A	0	0	0
H5B-P-12-09#s100r032	16	0	0	0	0	ABSTAIN	A	0	0	0
H5B-P-20-00#s100r032	16	0	0	0	0	RELEASE	0	0	0	0
H5B-P-20-01#s100r032	16	0	0	0	0	RELEASE	0	0	0	0
H5B-P-20-02#s100r032	16	0	0	0	0	RELEASE	0	0	0	0
H5B-P-20-03#s100r032	16	0	0	0	0	RELEASE	0	0	0	0
H5B-P-20-04#s100r032	16	0	0	0	0	RELEASE	0	0	0	0
H5B-P-20-05#s100r032	16	0	0	0	0	RELEASE	0	0	0	0
H5B-P-20-06#s100r032	16	0	0	0	0	RELEASE	0	0	0	0
H5B-P-20-07#s100r032	16	0	0	0	0	RELEASE	0	0	0	0
H5B-P-20-08#s100r032	16	0	0	0	0	RELEASE	0	0	0	0
H5B-P-20-09#s100r032	16	0	0	0	0	RELEASE	0	0	0	0
H5B-P-40-00#s100r032	16	0	0	0	0	RELEASE	0	0	0	0
H5B-P-40-01#s100r032	16	0	0	0	0	RELEASE	0	0	0	0
H5B-P-40-02#s100r032	16	0	0	0	0	RELEASE	0	0	0	0
H5B-P-40-03#s100r032	16	0	0	0	0	RELEASE	0	0	0	0
H5B-P-40-04#s100r032	16	0	0	0	0	RELEASE	0	0	0	0
H5B-P-40-05#s100r032	16	0	0	0	0	RELEASE	0	0	0	0
H5B-P-40-06#s100r032	16	0	0	0	0	RELEASE	0	0	0	0
H5B-P-40-07#s100r032	16	0	0	0	0	RELEASE	0	0	0	0
H5B-P-40-08#s100r032	16	0	0	0	0	RELEASE	0	0	0	0
H5B-P-40-09#s100r032	16	0	0	0	0	RELEASE	0	0	0	0
H5B-O-06-00#s100r032	16	0	0	0	0	ABSTAIN	A	0	0	0
H5B-O-06-01#s100r032	16	0	0	0	0	ABSTAIN	A	0	0	0
H5B-O-06-02#s100r032	16	0	0	0	0	ABSTAIN	A	0	0	0
H5B-O-06-03#s100r032	16	0	0	0	0	ABSTAIN	A	0	0	0
H5B-O-06-04#s100r032	16	0	0	0	0	ABSTAIN	A	0	0	0
H5B-O-06-05#s100r032	16	0	0	0	0	ABSTAIN	A	0	0	0
H5B-O-06-06#s100r032	16	0	0	0	0	ABSTAIN	A	0	0	0
H5B-O-06-07#s100r032	16	0	0	0	0	ABSTAIN	A	0	0	0
H5B-O-06-08#s100r032	16	0	0	0	0	ABSTAIN	A	0	0	0
H5B-O-06-09#s100r032	16	0	0	0	0	ABSTAIN	A	0	0	0
H5B-O-12-00#s100r032	16	0	0	0	0	ABSTAIN	A	0	0	0
H5B-O-12-01#s100r032	16	0	0	0	0	ABSTAIN	A	0	0	0
H5B-O-12-02#s100r032	16	0	0	0	0	ABSTAIN	A	0	0	0
H5B-O-12-03#s100r032	16	0	0	0	0	ABSTAIN	A	0	0	0
H5B-O-12-04#s100r032	16	0	0	0	0	ABSTAIN	A	0	0	0
H5B-O-12-05#s100r032	16	0	0	0	0	ABSTAIN	A	0	0	0
H5B-O-12-06#s100r032	16	0	0	0	0	ABSTAIN	A	0	0	0
H5B-O-12-07#s100r032	16	0	0	0	0	ABSTAIN	A	0	0	0
H5B-O-12-08#s100r032	16	0	0	0	0	ABSTAIN	A	0	0	0
H5B-O-12-09#s100r032	16	0	0	0	0	ABSTAIN	A	0	0	0
H5B-O-20-00#s100r032	16	0	0	0	0	RELEASE	1	652	0	0
H5B-O-20-01#s100r032	16	0	0	0	0	RELEASE	1	512	0	0
H5B-O-20-02#s100r032	16	0	0	0	0	RELEASE	1	652	0	0
H5B-O-20-03#s100r032	16	0	0	0	0	RELEASE	1	512	0	0
H5B-O-20-04#s100r032	16	0	0	0	0	RELEASE	1	652	0	0
H5B-O-20-05#s100r032	16	0	0	0	0	RELEASE	1	652	0	0
H5B-O-20-06#s100r032	16	0	0	0	0	RELEASE	1	513	0	0
H5B-O-20-07#s100r032	16	0	0	0	0	RELEASE	1	652	0	0
H5B-O-20-08#s100r032	16	0	0	0	0	RELEASE	1	513	0	0
H5B-O-20-09#s100r032	16	0	0	0	0	RELEASE	1	653	0	0
H5B-O-40-00#s100r032	16	0	0	0	0	RELEASE	1	651	0	0
H5B-O-40-01#s100r032	16	0	0	0	0	RELEASE	1	514	0	0
H5B-O-40-02#s100r032	16	0	0	0	0	RELEASE	1	651	0	0
H5B-O-40-03#s100r032	16	0	0	0	0	RELEASE	1	514	0	0
H5B-O-40-04#s100r032	16	0	0	0	0	RELEASE	1	651	0	0
H5B-O-40-05#s100r032	16	0	0	0	0	RELEASE	1	651	0	0
H5B-O-40-06#s100r032	16	0	0	0	0	RELEASE	1	515	0	0
H5B-O-40-07#s100r032	16	0	0	0	0	RELEASE	1	652	0	0
H5B-O-40-08#s100r032	16	0	0	0	0	RELEASE	1	515	0	0
H5B-O-40-09#s100r032	16	0	0	0	0	RELEASE	1	652	0	0
H5B-D-0-00#s100r032	16	0	0	0	0	RELEASE	1	662	0	0
H5B-D-0-01#s100r032	16	0	0	0	0	RELEASE	1	662	0	0
H5B-D-0-02#s100r032	16	0	0	0	0	RELEASE	1	663	0	0
H5B-D-0-03#s100r032	16	0	0	0	0	RELEASE	1	663	0	0
H5B-D-0-04#s100r032	16	0	0	0	0	RELEASE	1	663	0	0
H5B-D-0-05#s100r032	16	0	0	0	0	RELEASE	1	663	0	0
H5B-D-0-06#s100r032	16	0	0	0	0	RELEASE	1	663	0	0
H5B-D-0-07#s100r032	16	0	0	0	0	RELEASE	1	663	0	0
H5B-D-0-08#s100r032	16	0	0	0	0	RELEASE	1	663	0	0
H5B-D-0-09#s100r032	16	0	0	0	0	RELEASE	1	663	0	0
H5B-D-1-00#s100r032	16	0	0	0	0	ABSTAIN	A	0	0	0
H5B-D-1-01#s100r032	16	0	0	0	0	ABSTAIN	A	0	0	0
H5B-D-1-02#s100r032	16	0	0	0	0	ABSTAIN	A	0	0	0
H5B-D-1-03#s100r032	16	0	0	0	0	ABSTAIN	A	0	0	0
H5B-D-1-04#s100r032	16	0	0	0	0	ABSTAIN	A	0	0	0
H5B-D-1-05#s100r032	16	0	0	0	0	ABSTAIN	A	0	0	0
H5B-D-1-06#s100r032	16	0	0	0	0	ABSTAIN	A	0	0	0
H5B-D-1-07#s100r032	16	0	0	0	0	ABSTAIN	A	0	0	0
H5B-D-1-08#s100r032	16	0	0	0	0	ABSTAIN	A	0	0	0
H5B-D-1-09#s100r032	16	0	0	0	0	ABSTAIN	A	0	0	0
H5B-D-2-00#s100r032	16	0	0	0	0	ABSTAIN	A	0	0	0
H5B-D-2-01#s100r032	16	0	0	0	0	ABSTAIN	A	0	0	0
H5B-D-2-02#s100r032	16	0	0	0	0	ABSTAIN	A	0	0	0
H5B-D-2-03#s100r032	16	0	0	0	0	ABSTAIN	A	0	0	0
H5B-D-2-04#s100r032	16	0	0	0	0	ABSTAIN	A	0	0	0
H5B-D-2-05#s100r032	16	0	0	0	0	ABSTAIN	A	0	0	0
H5B-D-2-06#s100r032	16	0	0	0	0	ABSTAIN	A	0	0	0
H5B-D-2-07#s100r032	16	0	0	0	0	ABSTAIN	A	0	0	0
H5B-D-2-08#s100r032	16	0	0	0	0	ABSTAIN	A	0	0	0
H5B-D-2-09#s100r032	16	0	0	0	0	ABSTAIN	A	0	0	0
H5B-D-6-00#s100r032	16	0	0	0	0	ABSTAIN	A	0	0	0
H5B-D-6-01#s100r032	16	0	0	0	0	ABSTAIN	A	0	0	0
H5B-D-6-02#s100r032	16	0	0	0	0	ABSTAIN	A	0	0	0
H5B-D-6-03#s100r032	16	0	0	0	0	ABSTAIN	A	0	0	0
H5B-D-6-04#s100r032	16	0	0	0	0	ABSTAIN	A	0	0	0
H5B-D-6-05#s100r032	16	0	0	0	0	ABSTAIN	A	0	0	0
H5B-D-6-06#s100r032	16	0	0	0	0	ABSTAIN	A	0	0	0
H5B-D-6-07#s100r032	16	0	0	0	0	ABSTAIN	A	0	0	0
H5B-D-6-08#s100r032	16	0	0	0	0	ABSTAIN	A	0	0	0
H5B-D-6-09#s100r032	16	0	0	0	0	ABSTAIN	A	0	0	0
H5B-P-06-00#s100r033	16	0	0	0	0	ABSTAIN	A	0	0	0
H5B-P-06-01#s100r033	16	0	0	0	0	ABSTAIN	A	0	0	0
H5B-P-06-02#s100r033	16	0	0	0	0	ABSTAIN	A	0	0	0
H5B-P-06-03#s100r033	16	0	0	0	0	ABSTAIN	A	0	0	0
H5B-P-06-04#s100r033	16	0	0	0	0	ABSTAIN	A	0	0	0
H5B-P-06-05#s100r033	16	0	0	0	0	ABSTAIN	A	0	0	0
H5B-P-06-06#s100r033	16	0	0	0	0	ABSTAIN	A	0	0	0
H5B-P-06-07#s100r033	16	0	0	0	0	ABSTAIN	A	0	0	0
H5B-P-06-08#s100r033	16	0	0	0	0	ABSTAIN	A	0	0	0
H5B-P-06-09#s100r033	16	0	0	0	0	ABSTAIN	A	0	0	0
H5B-P-12-00#s100r033	16	0	0	0	0	ABSTAIN	A	0	0	0
H5B-P-12-01#s100r033	16	0	0	0	0	ABSTAIN	A	0	0	0
H5B-P-12-02#s100r033	16	0	0	0	0	ABSTAIN	A	0	0	0
H5B-P-12-03#s100r033	16	0	0	0	0	ABSTAIN	A	0	0	0
H5B-P-12-04#s100r033	16	0	0	0	0	ABSTAIN	A	0	0	0
H5B-P-12-05#s100r033	16	0	0	0	0	ABSTAIN	A	0	0	0
H5B-P-12-06#s100r033	16	0	0	0	0	ABSTAIN	A	0	0	0
H5B-P-12-07#s100r033	16	0	0	0	0	ABSTAIN	A	0	0	0
H5B-P-12-08#s100r033	16	0	0	0	0	ABSTAIN	A	0	0	0
H5B-P-12-09#s100r033	16	0	0	0	0	ABSTAIN	A	0	0	0
H5B-P-20-00#s100r033	16	0	0	0	0	RELEASE	0	0	0	0
H5B-P-20-01#s100r033	16	0	0	0	0	RELEASE	0	0	0	0
H5B-P-20-02#s100r033	16	0	0	0	0	RELEASE	0	0	0	0
H5B-P-20-03#s100r033	16	0	0	0	0	RELEASE	0	0	0	0
H5B-P-20-04#s100r033	16	0	0	0	0	RELEASE	0	0	0	0
H5B-P-20-05#s100r033	16	0	0	0	0	RELEASE	0	0	0	0
H5B-P-20-06#s100r033	16	0	0	0	0	RELEASE	0	0	0	0
H5B-P-20-07#s100r033	16	0	0	0	0	RELEASE	0	0	0	0
H5B-P-20-08#s100r033	16	0	0	0	0	RELEASE	0	0	0	0
H5B-P-20-09#s100r033	16	0	0	0	0	RELEASE	0	0	0	0
H5B-P-40-00#s100r033	16	0	0	0	0	RELEASE	0	0	0	0
H5B-P-40-01#s100r033	16	0	0	0	0	RELEASE	0	0	0	0
H5B-P-40-02#s100r033	16	0	0	0	0	RELEASE	0	0	0	0
H5B-P-40-03#s100r033	16	0	0	0	0	RELEASE	0	0	0	0
H5B-P-40-04#s100r033	16	0	0	0	0	RELEASE	0	0	0	0
H5B-P-40-05#s100r033	16	0	0	0	0	RELEASE	0	0	0	0
H5B-P-40-06#s100r033	16	0	0	0	0	RELEASE	0	0	0	0
H5B-P-40-07#s100r033	16	0	0	0	0	RELEASE	0	0	0	0
H5B-P-40-08#s100r033	16	0	0	0	0	RELEASE	0	0	0	0
H5B-P-40-09#s100r033	16	0	0	0	0	RELEASE	0	0	0	0
H5B-O-06-00#s100r033	16	0	0	0	0	ABSTAIN	A	0	0	0
H5B-O-06-01#s100r033	16	0	0	0	0	ABSTAIN	A	0	0	0
H5B-O-06-02#s100r033	16	0	0	0	0	ABSTAIN	A	0	0	0
H5B-O-06-03#s100r033	16	0	0	0	0	ABSTAIN	A	0	0	0
H5B-O-06-04#s100r033	16	0	0	0	0	ABSTAIN	A	0	0	0
H5B-O-06-05#s100r033	16	0	0	0	0	ABSTAIN	A	0	0	0
H5B-O-06-06#s100r033	16	0	0	0	0	ABSTAIN	A	0	0	0
H5B-O-06-07#s100r033	16	0	0	0	0	ABSTAIN	A	0	0	0
H5B-O-06-08#s100r033	16	0	0	0	0	ABSTAIN	A	0	0	0
H5B-O-06-09#s100r033	16	0	0	0	0	ABSTAIN	A	0	0	0
H5B-O-12-00#s100r033	16	0	0	0	0	ABSTAIN	A	0	0	0
H5B-O-12-01#s100r033	16	0	0	0	0	ABSTAIN	A	0	0	0
H5B-O-12-02#s100r033	16	0	0	0	0	ABSTAIN	A	0	0	0
H5B-O-12-03#s100r033	16	0	0	0	0	ABSTAIN	A	0	0	0
H5B-O-12-04#s100r033	16	0	0	0	0	ABSTAIN	A	0	0	0
H5B-O-12-05#s100r033	16	0	0	0	0	ABSTAIN	A	0	0	0
H5B-O-12-06#s100r033	16	0	0	0	0	ABSTAIN	A	0	0	0
H5B-O-12-07#s100r033	16	0	0	0	0	ABSTAIN	A	0	0	0
H5B-O-12-08#s100r033	16	0	0	0	0	ABSTAIN	A	0	0	0
H5B-O-12-09#s100r033	16	0	0	0	0	ABSTAIN	A	0	0	0
H5B-O-20-00#s100r033	16	0	0	0	0	RELEASE	1	652	0	0
H5B-O-20-01#s100r033	16	0	0	0	0	RELEASE	1	512	0	0
H5B-O-20-02#s100r033	16	0	0	0	0	RELEASE	1	652	0	0
H5B-O-20-03#s100r033	16	0	0	0	0	RELEASE	1	512	0	0
H5B-O-20-04#s100r033	16	0	0	0	0	RELEASE	1	652	0	0
H5B-O-20-05#s100r033	16	0	0	0	0	RELEASE	1	652	0	0
H5B-O-20-06#s100r033	16	0	0	0	0	RELEASE	1	513	0	0
H5B-O-20-07#s100r033	16	0	0	0	0	RELEASE	1	652	0	0
H5B-O-20-08#s100r033	16	0	0	0	0	RELEASE	1	513	0	0
H5B-O-20-09#s100r033	16	0	0	0	0	RELEASE	1	653	0	0
H5B-O-40-00#s100r033	16	0	0	0	0	RELEASE	1	651	0	0
H5B-O-40-01#s100r033	16	0	0	0	0	RELEASE	1	514	0	0
H5B-O-40-02#s100r033	16	0	0	0	0	RELEASE	1	651	0	0
H5B-O-40-03#s100r033	16	0	0	0	0	RELEASE	1	514	0	0
H5B-O-40-04#s100r033	16	0	0	0	0	RELEASE	1	651	0	0
H5B-O-40-05#s100r033	16	0	0	0	0	RELEASE	1	651	0	0
H5B-O-40-06#s100r033	16	0	0	0	0	RELEASE	1	515	0	0
H5B-O-40-07#s100r033	16	0	0	0	0	RELEASE	1	652	0	0
H5B-O-40-08#s100r033	16	0	0	0	0	RELEASE	1	515	0	0
H5B-O-40-09#s100r033	16	0	0	0	0	RELEASE	1	652	0	0
H5B-D-0-00#s100r033	16	0	0	0	0	RELEASE	1	662	0	0
H5B-D-0-01#s100r033	16	0	0	0	0	RELEASE	1	662	0	0
H5B-D-0-02#s100r033	16	0	0	0	0	RELEASE	1	662	0	0
H5B-D-0-03#s100r033	16	0	0	0	0	RELEASE	1	663	0	0
H5B-D-0-04#s100r033	16	0	0	0	0	RELEASE	1	663	0	0
H5B-D-0-05#s100r033	16	0	0	0	0	RELEASE	1	663	0	0
H5B-D-0-06#s100r033	16	0	0	0	0	RELEASE	1	663	0	0
H5B-D-0-07#s100r033	16	0	0	0	0	RELEASE	1	663	0	0
H5B-D-0-08#s100r033	16	0	0	0	0	RELEASE	1	663	0	0
H5B-D-0-09#s100r033	16	0	0	0	0	RELEASE	1	663	0	0
H5B-D-1-00#s100r033	16	0	0	0	0	ABSTAIN	A	0	0	0
H5B-D-1-01#s100r033	16	0	0	0	0	ABSTAIN	A	0	0	0
H5B-D-1-02#s100r033	16	0	0	0	0	ABSTAIN	A	0	0	0
H5B-D-1-03#s100r033	16	0	0	0	0	ABSTAIN	A	0	0	0
H5B-D-1-04#s100r033	16	0	0	0	0	ABSTAIN	A	0	0	0
H5B-D-1-05#s100r033	16	0	0	0	0	ABSTAIN	A	0	0	0
H5B-D-1-06#s100r033	16	0	0	0	0	ABSTAIN	A	0	0	0
H5B-D-1-07#s100r033	16	0	0	0	0	ABSTAIN	A	0	0	0
H5B-D-1-08#s100r033	16	0	0	0	0	ABSTAIN	A	0	0	0
H5B-D-1-09#s100r033	16	0	0	0	0	ABSTAIN	A	0	0	0
H5B-D-2-00#s100r033	16	0	0	0	0	ABSTAIN	A	0	0	0
H5B-D-2-01#s100r033	16	0	0	0	0	ABSTAIN	A	0	0	0
H5B-D-2-02#s100r033	16	0	0	0	0	ABSTAIN	A	0	0	0
H5B-D-2-03#s100r033	16	0	0	0	0	ABSTAIN	A	0	0	0
H5B-D-2-04#s100r033	16	0	0	0	0	ABSTAIN	A	0	0	0
H5B-D-2-05#s100r033	16	0	0	0	0	ABSTAIN	A	0	0	0
H5B-D-2-06#s100r033	16	0	0	0	0	ABSTAIN	A	0	0	0
H5B-D-2-07#s100r033	16	0	0	0	0	ABSTAIN	A	0	0	0
H5B-D-2-08#s100r033	16	0	0	0	0	ABSTAIN	A	0	0	0
H5B-D-2-09#s100r033	16	0	0	0	0	ABSTAIN	A	0	0	0
H5B-D-6-00#s100r033	16	0	0	0	0	ABSTAIN	A	0	0	0
H5B-D-6-01#s100r033	16	0	0	0	0	ABSTAIN	A	0	0	0
H5B-D-6-02#s100r033	16	0	0	0	0	ABSTAIN	A	0	0	0
H5B-D-6-03#s100r033	16	0	0	0	0	ABSTAIN	A	0	0	0
H5B-D-6-04#s100r033	16	0	0	0	0	ABSTAIN	A	0	0	0
H5B-D-6-05#s100r033	16	0	0	0	0	ABSTAIN	A	0	0	0
H5B-D-6-06#s100r033	16	0	0	0	0	ABSTAIN	A	0	0	0
H5B-D-6-07#s100r033	16	0	0	0	0	ABSTAIN	A	0	0	0
H5B-D-6-08#s100r033	16	0	0	0	0	ABSTAIN	A	0	0	0
H5B-D-6-09#s100r033	16	0	0	0	0	ABSTAIN	A	0	0	0
H5B-P-06-00#s100r034	16	0	0	0	0	ABSTAIN	A	0	0	0
H5B-P-06-01#s100r034	16	0	0	0	0	ABSTAIN	A	0	0	0
H5B-P-06-02#s100r034	16	0	0	0	0	ABSTAIN	A	0	0	0
H5B-P-06-03#s100r034	16	0	0	0	0	ABSTAIN	A	0	0	0
H5B-P-06-04#s100r034	16	0	0	0	0	ABSTAIN	A	0	0	0
H5B-P-06-05#s100r034	16	0	0	0	0	ABSTAIN	A	0	0	0
H5B-P-06-06#s100r034	16	0	0	0	0	ABSTAIN	A	0	0	0
H5B-P-06-07#s100r034	16	0	0	0	0	ABSTAIN	A	0	0	0
H5B-P-06-08#s100r034	16	0	0	0	0	ABSTAIN	A	0	0	0
H5B-P-06-09#s100r034	16	0	0	0	0	ABSTAIN	A	0	0	0
H5B-P-12-00#s100r034	16	0	0	0	0	ABSTAIN	A	0	0	0
H5B-P-12-01#s100r034	16	0	0	0	0	ABSTAIN	A	0	0	0
H5B-P-12-02#s100r034	16	0	0	0	0	ABSTAIN	A	0	0	0
H5B-P-12-03#s100r034	16	0	0	0	0	ABSTAIN	A	0	0	0
H5B-P-12-04#s100r034	16	0	0	0	0	ABSTAIN	A	0	0	0
H5B-P-12-05#s100r034	16	0	0	0	0	ABSTAIN	A	0	0	0
H5B-P-12-06#s100r034	16	0	0	0	0	ABSTAIN	A	0	0	0
H5B-P-12-07#s100r034	16	0	0	0	0	ABSTAIN	A	0	0	0
H5B-P-12-08#s100r034	16	0	0	0	0	ABSTAIN	A	0	0	0
H5B-P-12-09#s100r034	16	0	0	0	0	ABSTAIN	A	0	0	0
H5B-P-20-00#s100r034	16	0	0	0	0	RELEASE	0	0	0	0
H5B-P-20-01#s100r034	16	0	0	0	0	RELEASE	0	0	0	0
H5B-P-20-02#s100r034	16	0	0	0	0	RELEASE	0	0	0	0
H5B-P-20-03#s100r034	16	0	0	0	0	RELEASE	0	0	0	0
H5B-P-20-04#s100r034	16	0	0	0	0	RELEASE	0	0	0	0
H5B-P-20-05#s100r034	16	0	0	0	0	RELEASE	0	0	0	0
H5B-P-20-06#s100r034	16	0	0	0	0	RELEASE	0	0	0	0
H5B-P-20-07#s100r034	16	0	0	0	0	RELEASE	0	0	0	0
H5B-P-20-08#s100r034	16	0	0	0	0	RELEASE	0	0	0	0
H5B-P-20-09#s100r034	16	0	0	0	0	RELEASE	0	0	0	0
H5B-P-40-00#s100r034	16	0	0	0	0	RELEASE	0	0	0	0
H5B-P-40-01#s100r034	16	0	0	0	0	RELEASE	0	0	0	0
H5B-P-40-02#s100r034	16	0	0	0	0	RELEASE	0	0	0	0
H5B-P-40-03#s100r034	16	0	0	0	0	RELEASE	0	0	0	0
H5B-P-40-04#s100r034	16	0	0	0	0	RELEASE	0	0	0	0
H5B-P-40-05#s100r034	16	0	0	0	0	RELEASE	0	0	0	0
H5B-P-40-06#s100r034	16	0	0	0	0	RELEASE	0	0	0	0
H5B-P-40-07#s100r034	16	0	0	0	0	RELEASE	0	0	0	0
H5B-P-40-08#s100r034	16	0	0	0	0	RELEASE	0	0	0	0
H5B-P-40-09#s100r034	16	0	0	0	0	RELEASE	0	0	0	0
H5B-O-06-00#s100r034	16	0	0	0	0	ABSTAIN	A	0	0	0
H5B-O-06-01#s100r034	16	0	0	0	0	ABSTAIN	A	0	0	0
H5B-O-06-02#s100r034	16	0	0	0	0	ABSTAIN	A	0	0	0
H5B-O-06-03#s100r034	16	0	0	0	0	ABSTAIN	A	0	0	0
H5B-O-06-04#s100r034	16	0	0	0	0	ABSTAIN	A	0	0	0
H5B-O-06-05#s100r034	16	0	0	0	0	ABSTAIN	A	0	0	0
H5B-O-06-06#s100r034	16	0	0	0	0	ABSTAIN	A	0	0	0
H5B-O-06-07#s100r034	16	0	0	0	0	ABSTAIN	A	0	0	0
H5B-O-06-08#s100r034	16	0	0	0	0	ABSTAIN	A	0	0	0
H5B-O-06-09#s100r034	16	0	0	0	0	ABSTAIN	A	0	0	0
H5B-O-12-00#s100r034	16	0	0	0	0	ABSTAIN	A	0	0	0
H5B-O-12-01#s100r034	16	0	0	0	0	ABSTAIN	A	0	0	0
H5B-O-12-02#s100r034	16	0	0	0	0	ABSTAIN	A	0	0	0
H5B-O-12-03#s100r034	16	0	0	0	0	ABSTAIN	A	0	0	0
H5B-O-12-04#s100r034	16	0	0	0	0	ABSTAIN	A	0	0	0
H5B-O-12-05#s100r034	16	0	0	0	0	ABSTAIN	A	0	0	0
H5B-O-12-06#s100r034	16	0	0	0	0	ABSTAIN	A	0	0	0
H5B-O-12-07#s100r034	16	0	0	0	0	ABSTAIN	A	0	0	0
H5B-O-12-08#s100r034	16	0	0	0	0	ABSTAIN	A	0	0	0
H5B-O-12-09#s100r034	16	0	0	0	0	ABSTAIN	A	0	0	0
H5B-O-20-00#s100r034	16	0	0	0	0	RELEASE	1	652	0	0
H5B-O-20-01#s100r034	16	0	0	0	0	RELEASE	1	512	0	0
H5B-O-20-02#s100r034	16	0	0	0	0	RELEASE	1	652	0	0
H5B-O-20-03#s100r034	16	0	0	0	0	RELEASE	1	512	0	0
H5B-O-20-04#s100r034	16	0	0	0	0	RELEASE	1	652	0	0
H5B-O-20-05#s100r034	16	0	0	0	0	RELEASE	1	652	0	0
H5B-O-20-06#s100r034	16	0	0	0	0	RELEASE	1	513	0	0
H5B-O-20-07#s100r034	16	0	0	0	0	RELEASE	1	652	0	0
H5B-O-20-08#s100r034	16	0	0	0	0	RELEASE	1	513	0	0
H5B-O-20-09#s100r034	16	0	0	0	0	RELEASE	1	653	0	0
H5B-O-40-00#s100r034	16	0	0	0	0	RELEASE	1	651	0	0
H5B-O-40-01#s100r034	16	0	0	0	0	RELEASE	1	514	0	0
H5B-O-40-02#s100r034	16	0	0	0	0	RELEASE	1	651	0	0
H5B-O-40-03#s100r034	16	0	0	0	0	RELEASE	1	514	0	0
H5B-O-40-04#s100r034	16	0	0	0	0	RELEASE	1	651	0	0
H5B-O-40-05#s100r034	16	0	0	0	0	RELEASE	1	651	0	0
H5B-O-40-06#s100r034	16	0	0	0	0	RELEASE	1	515	0	0
H5B-O-40-07#s100r034	16	0	0	0	0	RELEASE	1	652	0	0
H5B-O-40-08#s100r034	16	0	0	0	0	RELEASE	1	515	0	0
H5B-O-40-09#s100r034	16	0	0	0	0	RELEASE	1	652	0	0
H5B-D-0-00#s100r034	16	0	0	0	0	RELEASE	1	662	0	0
H5B-D-0-01#s100r034	16	0	0	0	0	RELEASE	1	662	0	0
H5B-D-0-02#s100r034	16	0	0	0	0	RELEASE	1	662	0	0
H5B-D-0-03#s100r034	16	0	0	0	0	RELEASE	1	662	0	0
H5B-D-0-04#s100r034	16	0	0	0	0	RELEASE	1	663	0	0
H5B-D-0-05#s100r034	16	0	0	0	0	RELEASE	1	663	0	0
H5B-D-0-06#s100r034	16	0	0	0	0	RELEASE	1	663	0	0
H5B-D-0-07#s100r034	16	0	0	0	0	RELEASE	1	663	0	0
H5B-D-0-08#s100r034	16	0	0	0	0	RELEASE	1	663	0	0
H5B-D-0-09#s100r034	16	0	0	0	0	RELEASE	1	663	0	0
H5B-D-1-00#s100r034	16	0	0	0	0	ABSTAIN	A	0	0	0
H5B-D-1-01#s100r034	16	0	0	0	0	ABSTAIN	A	0	0	0
H5B-D-1-02#s100r034	16	0	0	0	0	ABSTAIN	A	0	0	0
H5B-D-1-03#s100r034	16	0	0	0	0	ABSTAIN	A	0	0	0
H5B-D-1-04#s100r034	16	0	0	0	0	ABSTAIN	A	0	0	0
H5B-D-1-05#s100r034	16	0	0	0	0	ABSTAIN	A	0	0	0
H5B-D-1-06#s100r034	16	0	0	0	0	ABSTAIN	A	0	0	0
H5B-D-1-07#s100r034	16	0	0	0	0	ABSTAIN	A	0	0	0
H5B-D-1-08#s100r034	16	0	0	0	0	ABSTAIN	A	0	0	0
H5B-D-1-09#s100r034	16	0	0	0	0	ABSTAIN	A	0	0	0
H5B-D-2-00#s100r034	16	0	0	0	0	ABSTAIN	A	0	0	0
H5B-D-2-01#s100r034	16	0	0	0	0	ABSTAIN	A	0	0	0
H5B-D-2-02#s100r034	16	0	0	0	0	ABSTAIN	A	0	0	0
H5B-D-2-03#s100r034	16	0	0	0	0	ABSTAIN	A	0	0	0
H5B-D-2-04#s100r034	16	0	0	0	0	ABSTAIN	A	0	0	0
H5B-D-2-05#s100r034	16	0	0	0	0	ABSTAIN	A	0	0	0
H5B-D-2-06#s100r034	16	0	0	0	0	ABSTAIN	A	0	0	0
H5B-D-2-07#s100r034	16	0	0	0	0	ABSTAIN	A	0	0	0
H5B-D-2-08#s100r034	16	0	0	0	0	ABSTAIN	A	0	0	0
H5B-D-2-09#s100r034	16	0	0	0	0	ABSTAIN	A	0	0	0
H5B-D-6-00#s100r034	16	0	0	0	0	ABSTAIN	A	0	0	0
H5B-D-6-01#s100r034	16	0	0	0	0	ABSTAIN	A	0	0	0
H5B-D-6-02#s100r034	16	0	0	0	0	ABSTAIN	A	0	0	0
H5B-D-6-03#s100r034	16	0	0	0	0	ABSTAIN	A	0	0	0
H5B-D-6-04#s100r034	16	0	0	0	0	ABSTAIN	A	0	0	0
H5B-D-6-05#s100r034	16	0	0	0	0	ABSTAIN	A	0	0	0
H5B-D-6-06#s100r034	16	0	0	0	0	ABSTAIN	A	0	0	0
H5B-D-6-07#s100r034	16	0	0	0	0	ABSTAIN	A	0	0	0
H5B-D-6-08#s100r034	16	0	0	0	0	ABSTAIN	A	0	0	0
H5B-D-6-09#s100r034	16	0	0	0	0	ABSTAIN	A	0	0	0
H5B-P-06-00#s100r035	16	0	0	0	0	ABSTAIN	A	0	0	0
H5B-P-06-01#s100r035	16	0	0	0	0	ABSTAIN	A	0	0	0
H5B-P-06-02#s100r035	16	0	0	0	0	ABSTAIN	A	0	0	0
H5B-P-06-03#s100r035	16	0	0	0	0	ABSTAIN	A	0	0	0
H5B-P-06-04#s100r035	16	0	0	0	0	ABSTAIN	A	0	0	0
H5B-P-06-05#s100r035	16	0	0	0	0	ABSTAIN	A	0	0	0
H5B-P-06-06#s100r035	16	0	0	0	0	ABSTAIN	A	0	0	0
H5B-P-06-07#s100r035	16	0	0	0	0	ABSTAIN	A	0	0	0
H5B-P-06-08#s100r035	16	0	0	0	0	ABSTAIN	A	0	0	0
H5B-P-06-09#s100r035	16	0	0	0	0	ABSTAIN	A	0	0	0
H5B-P-12-00#s100r035	16	0	0	0	0	ABSTAIN	A	0	0	0
H5B-P-12-01#s100r035	16	0	0	0	0	ABSTAIN	A	0	0	0
H5B-P-12-02#s100r035	16	0	0	0	0	ABSTAIN	A	0	0	0
H5B-P-12-03#s100r035	16	0	0	0	0	ABSTAIN	A	0	0	0
H5B-P-12-04#s100r035	16	0	0	0	0	ABSTAIN	A	0	0	0
H5B-P-12-05#s100r035	16	0	0	0	0	ABSTAIN	A	0	0	0
H5B-P-12-06#s100r035	16	0	0	0	0	ABSTAIN	A	0	0	0
H5B-P-12-07#s100r035	16	0	0	0	0	ABSTAIN	A	0	0	0
H5B-P-12-08#s100r035	16	0	0	0	0	ABSTAIN	A	0	0	0
H5B-P-12-09#s100r035	16	0	0	0	0	ABSTAIN	A	0	0	0
H5B-P-20-00#s100r035	16	0	0	0	0	RELEASE	0	0	0	0
H5B-P-20-01#s100r035	16	0	0	0	0	RELEASE	0	0	0	0
H5B-P-20-02#s100r035	16	0	0	0	0	RELEASE	0	0	0	0
H5B-P-20-03#s100r035	16	0	0	0	0	RELEASE	0	0	0	0
H5B-P-20-04#s100r035	16	0	0	0	0	RELEASE	0	0	0	0
H5B-P-20-05#s100r035	16	0	0	0	0	RELEASE	0	0	0	0
H5B-P-20-06#s100r035	16	0	0	0	0	RELEASE	0	0	0	0
H5B-P-20-07#s100r035	16	0	0	0	0	RELEASE	0	0	0	0
H5B-P-20-08#s100r035	16	0	0	0	0	RELEASE	0	0	0	0
H5B-P-20-09#s100r035	16	0	0	0	0	RELEASE	0	0	0	0
H5B-P-40-00#s100r035	16	0	0	0	0	RELEASE	0	0	0	0
H5B-P-40-01#s100r035	16	0	0	0	0	RELEASE	0	0	0	0
H5B-P-40-02#s100r035	16	0	0	0	0	RELEASE	0	0	0	0
H5B-P-40-03#s100r035	16	0	0	0	0	RELEASE	0	0	0	0
H5B-P-40-04#s100r035	16	0	0	0	0	RELEASE	0	0	0	0
H5B-P-40-05#s100r035	16	0	0	0	0	RELEASE	0	0	0	0
H5B-P-40-06#s100r035	16	0	0	0	0	RELEASE	0	0	0	0
H5B-P-40-07#s100r035	16	0	0	0	0	RELEASE	0	0	0	0
H5B-P-40-08#s100r035	16	0	0	0	0	RELEASE	0	0	0	0
H5B-P-40-09#s100r035	16	0	0	0	0	RELEASE	0	0	0	0
H5B-O-06-00#s100r035	16	0	0	0	0	ABSTAIN	A	0	0	0
H5B-O-06-01#s100r035	16	0	0	0	0	ABSTAIN	A	0	0	0
H5B-O-06-02#s100r035	16	0	0	0	0	ABSTAIN	A	0	0	0
H5B-O-06-03#s100r035	16	0	0	0	0	ABSTAIN	A	0	0	0
H5B-O-06-04#s100r035	16	0	0	0	0	ABSTAIN	A	0	0	0
H5B-O-06-05#s100r035	16	0	0	0	0	ABSTAIN	A	0	0	0
H5B-O-06-06#s100r035	16	0	0	0	0	ABSTAIN	A	0	0	0
H5B-O-06-07#s100r035	16	0	0	0	0	ABSTAIN	A	0	0	0
H5B-O-06-08#s100r035	16	0	0	0	0	ABSTAIN	A	0	0	0
H5B-O-06-09#s100r035	16	0	0	0	0	ABSTAIN	A	0	0	0
H5B-O-12-00#s100r035	16	0	0	0	0	ABSTAIN	A	0	0	0
H5B-O-12-01#s100r035	16	0	0	0	0	ABSTAIN	A	0	0	0
H5B-O-12-02#s100r035	16	0	0	0	0	ABSTAIN	A	0	0	0
H5B-O-12-03#s100r035	16	0	0	0	0	ABSTAIN	A	0	0	0
H5B-O-12-04#s100r035	16	0	0	0	0	ABSTAIN	A	0	0	0
H5B-O-12-05#s100r035	16	0	0	0	0	ABSTAIN	A	0	0	0
H5B-O-12-06#s100r035	16	0	0	0	0	ABSTAIN	A	0	0	0
H5B-O-12-07#s100r035	16	0	0	0	0	ABSTAIN	A	0	0	0
H5B-O-12-08#s100r035	16	0	0	0	0	ABSTAIN	A	0	0	0
H5B-O-12-09#s100r035	16	0	0	0	0	ABSTAIN	A	0	0	0
H5B-O-20-00#s100r035	16	0	0	0	0	RELEASE	1	652	0	0
H5B-O-20-01#s100r035	16	0	0	0	0	RELEASE	1	512	0	0
H5B-O-20-02#s100r035	16	0	0	0	0	RELEASE	1	652	0	0
H5B-O-20-03#s100r035	16	0	0	0	0	RELEASE	1	512	0	0
H5B-O-20-04#s100r035	16	0	0	0	0	RELEASE	1	652	0	0
H5B-O-20-05#s100r035	16	0	0	0	0	RELEASE	1	652	0	0
H5B-O-20-06#s100r035	16	0	0	0	0	RELEASE	1	513	0	0
H5B-O-20-07#s100r035	16	0	0	0	0	RELEASE	1	652	0	0
H5B-O-20-08#s100r035	16	0	0	0	0	RELEASE	1	513	0	0
H5B-O-20-09#s100r035	16	0	0	0	0	RELEASE	1	652	0	0
H5B-O-40-00#s100r035	16	0	0	0	0	RELEASE	1	651	0	0
H5B-O-40-01#s100r035	16	0	0	0	0	RELEASE	1	514	0	0
H5B-O-40-02#s100r035	16	0	0	0	0	RELEASE	1	651	0	0
H5B-O-40-03#s100r035	16	0	0	0	0	RELEASE	1	514	0	0
H5B-O-40-04#s100r035	16	0	0	0	0	RELEASE	1	651	0	0
H5B-O-40-05#s100r035	16	0	0	0	0	RELEASE	1	651	0	0
H5B-O-40-06#s100r035	16	0	0	0	0	RELEASE	1	515	0	0
H5B-O-40-07#s100r035	16	0	0	0	0	RELEASE	1	652	0	0
H5B-O-40-08#s100r035	16	0	0	0	0	RELEASE	1	515	0	0
H5B-O-40-09#s100r035	16	0	0	0	0	RELEASE	1	652	0	0
H5B-D-0-00#s100r035	16	0	0	0	0	RELEASE	1	662	0	0
H5B-D-0-01#s100r035	16	0	0	0	0	RELEASE	1	662	0	0
H5B-D-0-02#s100r035	16	0	0	0	0	RELEASE	1	662	0	0
H5B-D-0-03#s100r035	16	0	0	0	0	RELEASE	1	662	0	0
H5B-D-0-04#s100r035	16	0	0	0	0	RELEASE	1	662	0	0
H5B-D-0-05#s100r035	16	0	0	0	0	RELEASE	1	662	0	0
H5B-D-0-06#s100r035	16	0	0	0	0	RELEASE	1	663	0	0
H5B-D-0-07#s100r035	16	0	0	0	0	RELEASE	1	663	0	0
H5B-D-0-08#s100r035	16	0	0	0	0	RELEASE	1	663	0	0
H5B-D-0-09#s100r035	16	0	0	0	0	RELEASE	1	663	0	0
H5B-D-1-00#s100r035	16	0	0	0	0	ABSTAIN	A	0	0	0
H5B-D-1-01#s100r035	16	0	0	0	0	ABSTAIN	A	0	0	0
H5B-D-1-02#s100r035	16	0	0	0	0	ABSTAIN	A	0	0	0
H5B-D-1-03#s100r035	16	0	0	0	0	ABSTAIN	A	0	0	0
H5B-D-1-04#s100r035	16	0	0	0	0	ABSTAIN	A	0	0	0
H5B-D-1-05#s100r035	16	0	0	0	0	ABSTAIN	A	0	0	0
H5B-D-1-06#s100r035	16	0	0	0	0	ABSTAIN	A	0	0	0
H5B-D-1-07#s100r035	16	0	0	0	0	ABSTAIN	A	0	0	0
H5B-D-1-08#s100r035	16	0	0	0	0	ABSTAIN	A	0	0	0
H5B-D-1-09#s100r035	16	0	0	0	0	ABSTAIN	A	0	0	0
H5B-D-2-00#s100r035	16	0	0	0	0	ABSTAIN	A	0	0	0
H5B-D-2-01#s100r035	16	0	0	0	0	ABSTAIN	A	0	0	0
H5B-D-2-02#s100r035	16	0	0	0	0	ABSTAIN	A	0	0	0
H5B-D-2-03#s100r035	16	0	0	0	0	ABSTAIN	A	0	0	0
H5B-D-2-04#s100r035	16	0	0	0	0	ABSTAIN	A	0	0	0
H5B-D-2-05#s100r035	16	0	0	0	0	ABSTAIN	A	0	0	0
H5B-D-2-06#s100r035	16	0	0	0	0	ABSTAIN	A	0	0	0
H5B-D-2-07#s100r035	16	0	0	0	0	ABSTAIN	A	0	0	0
H5B-D-2-08#s100r035	16	0	0	0	0	ABSTAIN	A	0	0	0
H5B-D-2-09#s100r035	16	0	0	0	0	ABSTAIN	A	0	0	0
H5B-D-6-00#s100r035	16	0	0	0	0	ABSTAIN	A	0	0	0
H5B-D-6-01#s100r035	16	0	0	0	0	ABSTAIN	A	0	0	0
H5B-D-6-02#s100r035	16	0	0	0	0	ABSTAIN	A	0	0	0
H5B-D-6-03#s100r035	16	0	0	0	0	ABSTAIN	A	0	0	0
H5B-D-6-04#s100r035	16	0	0	0	0	ABSTAIN	A	0	0	0
H5B-D-6-05#s100r035	16	0	0	0	0	ABSTAIN	A	0	0	0
H5B-D-6-06#s100r035	16	0	0	0	0	ABSTAIN	A	0	0	0
H5B-D-6-07#s100r035	16	0	0	0	0	ABSTAIN	A	0	0	0
H5B-D-6-08#s100r035	16	0	0	0	0	ABSTAIN	A	0	0	0
H5B-D-6-09#s100r035	16	0	0	0	0	ABSTAIN	A	0	0	0
H5B-P-06-00#s100r036	16	0	0	0	0	ABSTAIN	A	0	0	0
H5B-P-06-01#s100r036	16	0	0	0	0	ABSTAIN	A	0	0	0
H5B-P-06-02#s100r036	16	0	0	0	0	ABSTAIN	A	0	0	0
H5B-P-06-03#s100r036	16	0	0	0	0	ABSTAIN	A	0	0	0
H5B-P-06-04#s100r036	16	0	0	0	0	ABSTAIN	A	0	0	0
H5B-P-06-05#s100r036	16	0	0	0	0	ABSTAIN	A	0	0	0
H5B-P-06-06#s100r036	16	0	0	0	0	ABSTAIN	A	0	0	0
H5B-P-06-07#s100r036	16	0	0	0	0	ABSTAIN	A	0	0	0
H5B-P-06-08#s100r036	16	0	0	0	0	ABSTAIN	A	0	0	0
H5B-P-06-09#s100r036	16	0	0	0	0	ABSTAIN	A	0	0	0
H5B-P-12-00#s100r036	16	0	0	0	0	ABSTAIN	A	0	0	0
H5B-P-12-01#s100r036	16	0	0	0	0	ABSTAIN	A	0	0	0
H5B-P-12-02#s100r036	16	0	0	0	0	ABSTAIN	A	0	0	0
H5B-P-12-03#s100r036	16	0	0	0	0	ABSTAIN	A	0	0	0
H5B-P-12-04#s100r036	16	0	0	0	0	ABSTAIN	A	0	0	0
H5B-P-12-05#s100r036	16	0	0	0	0	ABSTAIN	A	0	0	0
H5B-P-12-06#s100r036	16	0	0	0	0	ABSTAIN	A	0	0	0
H5B-P-12-07#s100r036	16	0	0	0	0	ABSTAIN	A	0	0	0
H5B-P-12-08#s100r036	16	0	0	0	0	ABSTAIN	A	0	0	0
H5B-P-12-09#s100r036	16	0	0	0	0	ABSTAIN	A	0	0	0
H5B-P-20-00#s100r036	16	0	0	0	0	RELEASE	0	0	0	0
H5B-P-20-01#s100r036	16	0	0	0	0	RELEASE	0	0	0	0
H5B-P-20-02#s100r036	16	0	0	0	0	RELEASE	0	0	0	0
H5B-P-20-03#s100r036	16	0	0	0	0	RELEASE	0	0	0	0
H5B-P-20-04#s100r036	16	0	0	0	0	RELEASE	0	0	0	0
H5B-P-20-05#s100r036	16	0	0	0	0	RELEASE	0	0	0	0
H5B-P-20-06#s100r036	16	0	0	0	0	RELEASE	0	0	0	0
H5B-P-20-07#s100r036	16	0	0	0	0	RELEASE	0	0	0	0
H5B-P-20-08#s100r036	16	0	0	0	0	RELEASE	0	0	0	0
H5B-P-20-09#s100r036	16	0	0	0	0	RELEASE	0	0	0	0
H5B-P-40-00#s100r036	16	0	0	0	0	RELEASE	0	0	0	0
H5B-P-40-01#s100r036	16	0	0	0	0	RELEASE	0	0	0	0
H5B-P-40-02#s100r036	16	0	0	0	0	RELEASE	0	0	0	0
H5B-P-40-03#s100r036	16	0	0	0	0	RELEASE	0	0	0	0
H5B-P-40-04#s100r036	16	0	0	0	0	RELEASE	0	0	0	0
H5B-P-40-05#s100r036	16	0	0	0	0	RELEASE	0	0	0	0
H5B-P-40-06#s100r036	16	0	0	0	0	RELEASE	0	0	0	0
H5B-P-40-07#s100r036	16	0	0	0	0	RELEASE	0	0	0	0
H5B-P-40-08#s100r036	16	0	0	0	0	RELEASE	0	0	0	0
H5B-P-40-09#s100r036	16	0	0	0	0	RELEASE	0	0	0	0
H5B-O-06-00#s100r036	16	0	0	0	0	ABSTAIN	A	0	0	0
H5B-O-06-01#s100r036	16	0	0	0	0	ABSTAIN	A	0	0	0
H5B-O-06-02#s100r036	16	0	0	0	0	ABSTAIN	A	0	0	0
H5B-O-06-03#s100r036	16	0	0	0	0	ABSTAIN	A	0	0	0
H5B-O-06-04#s100r036	16	0	0	0	0	ABSTAIN	A	0	0	0
H5B-O-06-05#s100r036	16	0	0	0	0	ABSTAIN	A	0	0	0
H5B-O-06-06#s100r036	16	0	0	0	0	ABSTAIN	A	0	0	0
H5B-O-06-07#s100r036	16	0	0	0	0	ABSTAIN	A	0	0	0
H5B-O-06-08#s100r036	16	0	0	0	0	ABSTAIN	A	0	0	0
H5B-O-06-09#s100r036	16	0	0	0	0	ABSTAIN	A	0	0	0
H5B-O-12-00#s100r036	16	0	0	0	0	ABSTAIN	A	0	0	0
H5B-O-12-01#s100r036	16	0	0	0	0	ABSTAIN	A	0	0	0
H5B-O-12-02#s100r036	16	0	0	0	0	ABSTAIN	A	0	0	0
H5B-O-12-03#s100r036	16	0	0	0	0	ABSTAIN	A	0	0	0
H5B-O-12-04#s100r036	16	0	0	0	0	ABSTAIN	A	0	0	0
H5B-O-12-05#s100r036	16	0	0	0	0	ABSTAIN	A	0	0	0
H5B-O-12-06#s100r036	16	0	0	0	0	ABSTAIN	A	0	0	0
H5B-O-12-07#s100r036	16	0	0	0	0	ABSTAIN	A	0	0	0
H5B-O-12-08#s100r036	16	0	0	0	0	ABSTAIN	A	0	0	0
H5B-O-12-09#s100r036	16	0	0	0	0	ABSTAIN	A	0	0	0
H5B-O-20-00#s100r036	16	0	0	0	0	RELEASE	1	652	0	0
H5B-O-20-01#s100r036	16	0	0	0	0	RELEASE	1	512	0	0
H5B-O-20-02#s100r036	16	0	0	0	0	RELEASE	1	652	0	0
H5B-O-20-03#s100r036	16	0	0	0	0	RELEASE	1	513	0	0
H5B-O-20-04#s100r036	16	0	0	0	0	RELEASE	1	652	0	0
H5B-O-20-05#s100r036	16	0	0	0	0	RELEASE	1	652	0	0
H5B-O-20-06#s100r036	16	0	0	0	0	RELEASE	1	513	0	0
H5B-O-20-07#s100r036	16	0	0	0	0	RELEASE	1	652	0	0
H5B-O-20-08#s100r036	16	0	0	0	0	RELEASE	1	513	0	0
H5B-O-20-09#s100r036	16	0	0	0	0	RELEASE	1	652	0	0
H5B-O-40-00#s100r036	16	0	0	0	0	RELEASE	1	651	0	0
H5B-O-40-01#s100r036	16	0	0	0	0	RELEASE	1	514	0	0
H5B-O-40-02#s100r036	16	0	0	0	0	RELEASE	1	651	0	0
H5B-O-40-03#s100r036	16	0	0	0	0	RELEASE	1	514	0	0
H5B-O-40-04#s100r036	16	0	0	0	0	RELEASE	1	651	0	0
H5B-O-40-05#s100r036	16	0	0	0	0	RELEASE	1	651	0	0
H5B-O-40-06#s100r036	16	0	0	0	0	RELEASE	1	515	0	0
H5B-O-40-07#s100r036	16	0	0	0	0	RELEASE	1	652	0	0
H5B-O-40-08#s100r036	16	0	0	0	0	RELEASE	1	515	0	0
H5B-O-40-09#s100r036	16	0	0	0	0	RELEASE	1	652	0	0
H5B-D-0-00#s100r036	16	0	0	0	0	RELEASE	1	662	0	0
H5B-D-0-01#s100r036	16	0	0	0	0	RELEASE	1	662	0	0
H5B-D-0-02#s100r036	16	0	0	0	0	RELEASE	1	662	0	0
H5B-D-0-03#s100r036	16	0	0	0	0	RELEASE	1	662	0	0
H5B-D-0-04#s100r036	16	0	0	0	0	RELEASE	1	662	0	0
H5B-D-0-05#s100r036	16	0	0	0	0	RELEASE	1	662	0	0
H5B-D-0-06#s100r036	16	0	0	0	0	RELEASE	1	662	0	0
H5B-D-0-07#s100r036	16	0	0	0	0	RELEASE	1	663	0	0
H5B-D-0-08#s100r036	16	0	0	0	0	RELEASE	1	663	0	0
H5B-D-0-09#s100r036	16	0	0	0	0	RELEASE	1	663	0	0
H5B-D-1-00#s100r036	16	0	0	0	0	ABSTAIN	A	0	0	0
H5B-D-1-01#s100r036	16	0	0	0	0	ABSTAIN	A	0	0	0
H5B-D-1-02#s100r036	16	0	0	0	0	ABSTAIN	A	0	0	0
H5B-D-1-03#s100r036	16	0	0	0	0	ABSTAIN	A	0	0	0
H5B-D-1-04#s100r036	16	0	0	0	0	ABSTAIN	A	0	0	0
H5B-D-1-05#s100r036	16	0	0	0	0	ABSTAIN	A	0	0	0
H5B-D-1-06#s100r036	16	0	0	0	0	ABSTAIN	A	0	0	0
H5B-D-1-07#s100r036	16	0	0	0	0	ABSTAIN	A	0	0	0
H5B-D-1-08#s100r036	16	0	0	0	0	ABSTAIN	A	0	0	0
H5B-D-1-09#s100r036	16	0	0	0	0	ABSTAIN	A	0	0	0
H5B-D-2-00#s100r036	16	0	0	0	0	ABSTAIN	A	0	0	0
H5B-D-2-01#s100r036	16	0	0	0	0	ABSTAIN	A	0	0	0
H5B-D-2-02#s100r036	16	0	0	0	0	ABSTAIN	A	0	0	0
H5B-D-2-03#s100r036	16	0	0	0	0	ABSTAIN	A	0	0	0
H5B-D-2-04#s100r036	16	0	0	0	0	ABSTAIN	A	0	0	0
H5B-D-2-05#s100r036	16	0	0	0	0	ABSTAIN	A	0	0	0
H5B-D-2-06#s100r036	16	0	0	0	0	ABSTAIN	A	0	0	0
H5B-D-2-07#s100r036	16	0	0	0	0	ABSTAIN	A	0	0	0
H5B-D-2-08#s100r036	16	0	0	0	0	ABSTAIN	A	0	0	0
H5B-D-2-09#s100r036	16	0	0	0	0	ABSTAIN	A	0	0	0
H5B-D-6-00#s100r036	16	0	0	0	0	ABSTAIN	A	0	0	0
H5B-D-6-01#s100r036	16	0	0	0	0	ABSTAIN	A	0	0	0
H5B-D-6-02#s100r036	16	0	0	0	0	ABSTAIN	A	0	0	0
H5B-D-6-03#s100r036	16	0	0	0	0	ABSTAIN	A	0	0	0
H5B-D-6-04#s100r036	16	0	0	0	0	ABSTAIN	A	0	0	0
H5B-D-6-05#s100r036	16	0	0	0	0	ABSTAIN	A	0	0	0
H5B-D-6-06#s100r036	16	0	0	0	0	ABSTAIN	A	0	0	0
H5B-D-6-07#s100r036	16	0	0	0	0	ABSTAIN	A	0	0	0
H5B-D-6-08#s100r036	16	0	0	0	0	ABSTAIN	A	0	0	0
H5B-D-6-09#s100r036	16	0	0	0	0	ABSTAIN	A	0	0	0
H5B-P-06-00#s100r037	16	0	0	0	0	ABSTAIN	A	0	0	0
H5B-P-06-01#s100r037	16	0	0	0	0	ABSTAIN	A	0	0	0
H5B-P-06-02#s100r037	16	0	0	0	0	ABSTAIN	A	0	0	0
H5B-P-06-03#s100r037	16	0	0	0	0	ABSTAIN	A	0	0	0
H5B-P-06-04#s100r037	16	0	0	0	0	ABSTAIN	A	0	0	0
H5B-P-06-05#s100r037	16	0	0	0	0	ABSTAIN	A	0	0	0
H5B-P-06-06#s100r037	16	0	0	0	0	ABSTAIN	A	0	0	0
H5B-P-06-07#s100r037	16	0	0	0	0	ABSTAIN	A	0	0	0
H5B-P-06-08#s100r037	16	0	0	0	0	ABSTAIN	A	0	0	0
H5B-P-06-09#s100r037	16	0	0	0	0	ABSTAIN	A	0	0	0
H5B-P-12-00#s100r037	16	0	0	0	0	ABSTAIN	A	0	0	0
H5B-P-12-01#s100r037	16	0	0	0	0	ABSTAIN	A	0	0	0
H5B-P-12-02#s100r037	16	0	0	0	0	ABSTAIN	A	0	0	0
H5B-P-12-03#s100r037	16	0	0	0	0	ABSTAIN	A	0	0	0
H5B-P-12-04#s100r037	16	0	0	0	0	ABSTAIN	A	0	0	0
H5B-P-12-05#s100r037	16	0	0	0	0	ABSTAIN	A	0	0	0
H5B-P-12-06#s100r037	16	0	0	0	0	ABSTAIN	A	0	0	0
H5B-P-12-07#s100r037	16	0	0	0	0	ABSTAIN	A	0	0	0
H5B-P-12-08#s100r037	16	0	0	0	0	ABSTAIN	A	0	0	0
H5B-P-12-09#s100r037	16	0	0	0	0	ABSTAIN	A	0	0	0
H5B-P-20-00#s100r037	16	0	0	0	0	RELEASE	0	0	0	0
H5B-P-20-01#s100r037	16	0	0	0	0	RELEASE	0	0	0	0
H5B-P-20-02#s100r037	16	0	0	0	0	RELEASE	0	0	0	0
H5B-P-20-03#s100r037	16	0	0	0	0	RELEASE	0	0	0	0
H5B-P-20-04#s100r037	16	0	0	0	0	RELEASE	0	0	0	0
H5B-P-20-05#s100r037	16	0	0	0	0	RELEASE	0	0	0	0
H5B-P-20-06#s100r037	16	0	0	0	0	RELEASE	0	0	0	0
H5B-P-20-07#s100r037	16	0	0	0	0	RELEASE	0	0	0	0
H5B-P-20-08#s100r037	16	0	0	0	0	RELEASE	0	0	0	0
H5B-P-20-09#s100r037	16	0	0	0	0	RELEASE	0	0	0	0
H5B-P-40-00#s100r037	16	0	0	0	0	RELEASE	0	0	0	0
H5B-P-40-01#s100r037	16	0	0	0	0	RELEASE	0	0	0	0
H5B-P-40-02#s100r037	16	0	0	0	0	RELEASE	0	0	0	0
H5B-P-40-03#s100r037	16	0	0	0	0	RELEASE	0	0	0	0
H5B-P-40-04#s100r037	16	0	0	0	0	RELEASE	0	0	0	0
H5B-P-40-05#s100r037	16	0	0	0	0	RELEASE	0	0	0	0
H5B-P-40-06#s100r037	16	0	0	0	0	RELEASE	0	0	0	0
H5B-P-40-07#s100r037	16	0	0	0	0	RELEASE	0	0	0	0
H5B-P-40-08#s100r037	16	0	0	0	0	RELEASE	0	0	0	0
H5B-P-40-09#s100r037	16	0	0	0	0	RELEASE	0	0	0	0
H5B-O-06-00#s100r037	16	0	0	0	0	ABSTAIN	A	0	0	0
H5B-O-06-01#s100r037	16	0	0	0	0	ABSTAIN	A	0	0	0
H5B-O-06-02#s100r037	16	0	0	0	0	ABSTAIN	A	0	0	0
H5B-O-06-03#s100r037	16	0	0	0	0	ABSTAIN	A	0	0	0
H5B-O-06-04#s100r037	16	0	0	0	0	ABSTAIN	A	0	0	0
H5B-O-06-05#s100r037	16	0	0	0	0	ABSTAIN	A	0	0	0
H5B-O-06-06#s100r037	16	0	0	0	0	ABSTAIN	A	0	0	0
H5B-O-06-07#s100r037	16	0	0	0	0	ABSTAIN	A	0	0	0
H5B-O-06-08#s100r037	16	0	0	0	0	ABSTAIN	A	0	0	0
H5B-O-06-09#s100r037	16	0	0	0	0	ABSTAIN	A	0	0	0
H5B-O-12-00#s100r037	16	0	0	0	0	ABSTAIN	A	0	0	0
H5B-O-12-01#s100r037	16	0	0	0	0	ABSTAIN	A	0	0	0
H5B-O-12-02#s100r037	16	0	0	0	0	ABSTAIN	A	0	0	0
H5B-O-12-03#s100r037	16	0	0	0	0	ABSTAIN	A	0	0	0
H5B-O-12-04#s100r037	16	0	0	0	0	ABSTAIN	A	0	0	0
H5B-O-12-05#s100r037	16	0	0	0	0	ABSTAIN	A	0	0	0
H5B-O-12-06#s100r037	16	0	0	0	0	ABSTAIN	A	0	0	0
H5B-O-12-07#s100r037	16	0	0	0	0	ABSTAIN	A	0	0	0
H5B-O-12-08#s100r037	16	0	0	0	0	ABSTAIN	A	0	0	0
H5B-O-12-09#s100r037	16	0	0	0	0	ABSTAIN	A	0	0	0
H5B-O-20-00#s100r037	16	0	0	0	0	RELEASE	1	652	0	0
H5B-O-20-01#s100r037	16	0	0	0	0	RELEASE	1	512	0	0
H5B-O-20-02#s100r037	16	0	0	0	0	RELEASE	1	652	0	0
H5B-O-20-03#s100r037	16	0	0	0	0	RELEASE	1	513	0	0
H5B-O-20-04#s100r037	16	0	0	0	0	RELEASE	1	652	0	0
H5B-O-20-05#s100r037	16	0	0	0	0	RELEASE	1	652	0	0
H5B-O-20-06#s100r037	16	0	0	0	0	RELEASE	1	513	0	0
H5B-O-20-07#s100r037	16	0	0	0	0	RELEASE	1	652	0	0
H5B-O-20-08#s100r037	16	0	0	0	0	RELEASE	1	513	0	0
H5B-O-20-09#s100r037	16	0	0	0	0	RELEASE	1	652	0	0
H5B-O-40-00#s100r037	16	0	0	0	0	RELEASE	1	651	0	0
H5B-O-40-01#s100r037	16	0	0	0	0	RELEASE	1	514	0	0
H5B-O-40-02#s100r037	16	0	0	0	0	RELEASE	1	651	0	0
H5B-O-40-03#s100r037	16	0	0	0	0	RELEASE	1	514	0	0
H5B-O-40-04#s100r037	16	0	0	0	0	RELEASE	1	651	0	0
H5B-O-40-05#s100r037	16	0	0	0	0	RELEASE	1	651	0	0
H5B-O-40-06#s100r037	16	0	0	0	0	RELEASE	1	515	0	0
H5B-O-40-07#s100r037	16	0	0	0	0	RELEASE	1	652	0	0
H5B-O-40-08#s100r037	16	0	0	0	0	RELEASE	1	515	0	0
H5B-O-40-09#s100r037	16	0	0	0	0	RELEASE	1	652	0	0
H5B-D-0-00#s100r037	16	0	0	0	0	RELEASE	1	662	0	0
H5B-D-0-01#s100r037	16	0	0	0	0	RELEASE	1	662	0	0
H5B-D-0-02#s100r037	16	0	0	0	0	RELEASE	1	662	0	0
H5B-D-0-03#s100r037	16	0	0	0	0	RELEASE	1	662	0	0
H5B-D-0-04#s100r037	16	0	0	0	0	RELEASE	1	662	0	0
H5B-D-0-05#s100r037	16	0	0	0	0	RELEASE	1	662	0	0
H5B-D-0-06#s100r037	16	0	0	0	0	RELEASE	1	662	0	0
H5B-D-0-07#s100r037	16	0	0	0	0	RELEASE	1	662	0	0
H5B-D-0-08#s100r037	16	0	0	0	0	RELEASE	1	663	0	0
H5B-D-0-09#s100r037	16	0	0	0	0	RELEASE	1	663	0	0
H5B-D-1-00#s100r037	16	0	0	0	0	ABSTAIN	A	0	0	0
H5B-D-1-01#s100r037	16	0	0	0	0	ABSTAIN	A	0	0	0
H5B-D-1-02#s100r037	16	0	0	0	0	ABSTAIN	A	0	0	0
H5B-D-1-03#s100r037	16	0	0	0	0	ABSTAIN	A	0	0	0
H5B-D-1-04#s100r037	16	0	0	0	0	ABSTAIN	A	0	0	0
H5B-D-1-05#s100r037	16	0	0	0	0	ABSTAIN	A	0	0	0
H5B-D-1-06#s100r037	16	0	0	0	0	ABSTAIN	A	0	0	0
H5B-D-1-07#s100r037	16	0	0	0	0	ABSTAIN	A	0	0	0
H5B-D-1-08#s100r037	16	0	0	0	0	ABSTAIN	A	0	0	0
H5B-D-1-09#s100r037	16	0	0	0	0	ABSTAIN	A	0	0	0
H5B-D-2-00#s100r037	16	0	0	0	0	ABSTAIN	A	0	0	0
H5B-D-2-01#s100r037	16	0	0	0	0	ABSTAIN	A	0	0	0
H5B-D-2-02#s100r037	16	0	0	0	0	ABSTAIN	A	0	0	0
H5B-D-2-03#s100r037	16	0	0	0	0	ABSTAIN	A	0	0	0
H5B-D-2-04#s100r037	16	0	0	0	0	ABSTAIN	A	0	0	0
H5B-D-2-05#s100r037	16	0	0	0	0	ABSTAIN	A	0	0	0
H5B-D-2-06#s100r037	16	0	0	0	0	ABSTAIN	A	0	0	0
H5B-D-2-07#s100r037	16	0	0	0	0	ABSTAIN	A	0	0	0
H5B-D-2-08#s100r037	16	0	0	0	0	ABSTAIN	A	0	0	0
H5B-D-2-09#s100r037	16	0	0	0	0	ABSTAIN	A	0	0	0
H5B-D-6-00#s100r037	16	0	0	0	0	ABSTAIN	A	0	0	0
H5B-D-6-01#s100r037	16	0	0	0	0	ABSTAIN	A	0	0	0
H5B-D-6-02#s100r037	16	0	0	0	0	ABSTAIN	A	0	0	0
H5B-D-6-03#s100r037	16	0	0	0	0	ABSTAIN	A	0	0	0
H5B-D-6-04#s100r037	16	0	0	0	0	ABSTAIN	A	0	0	0
H5B-D-6-05#s100r037	16	0	0	0	0	ABSTAIN	A	0	0	0
H5B-D-6-06#s100r037	16	0	0	0	0	ABSTAIN	A	0	0	0
H5B-D-6-07#s100r037	16	0	0	0	0	ABSTAIN	A	0	0	0
H5B-D-6-08#s100r037	16	0	0	0	0	ABSTAIN	A	0	0	0
H5B-D-6-09#s100r037	16	0	0	0	0	ABSTAIN	A	0	0	0
H5B-P-06-00#s100r038	16	0	0	0	0	ABSTAIN	A	0	0	0
H5B-P-06-01#s100r038	16	0	0	0	0	ABSTAIN	A	0	0	0
H5B-P-06-02#s100r038	16	0	0	0	0	ABSTAIN	A	0	0	0
H5B-P-06-03#s100r038	16	0	0	0	0	ABSTAIN	A	0	0	0
H5B-P-06-04#s100r038	16	0	0	0	0	ABSTAIN	A	0	0	0
H5B-P-06-05#s100r038	16	0	0	0	0	ABSTAIN	A	0	0	0
H5B-P-06-06#s100r038	16	0	0	0	0	ABSTAIN	A	0	0	0
H5B-P-06-07#s100r038	16	0	0	0	0	ABSTAIN	A	0	0	0
H5B-P-06-08#s100r038	16	0	0	0	0	ABSTAIN	A	0	0	0
H5B-P-06-09#s100r038	16	0	0	0	0	ABSTAIN	A	0	0	0
H5B-P-12-00#s100r038	16	0	0	0	0	ABSTAIN	A	0	0	0
H5B-P-12-01#s100r038	16	0	0	0	0	ABSTAIN	A	0	0	0
H5B-P-12-02#s100r038	16	0	0	0	0	ABSTAIN	A	0	0	0
H5B-P-12-03#s100r038	16	0	0	0	0	ABSTAIN	A	0	0	0
H5B-P-12-04#s100r038	16	0	0	0	0	ABSTAIN	A	0	0	0
H5B-P-12-05#s100r038	16	0	0	0	0	ABSTAIN	A	0	0	0
H5B-P-12-06#s100r038	16	0	0	0	0	ABSTAIN	A	0	0	0
H5B-P-12-07#s100r038	16	0	0	0	0	ABSTAIN	A	0	0	0
H5B-P-12-08#s100r038	16	0	0	0	0	ABSTAIN	A	0	0	0
H5B-P-12-09#s100r038	16	0	0	0	0	ABSTAIN	A	0	0	0
H5B-P-20-00#s100r038	16	0	0	0	0	RELEASE	0	0	0	0
H5B-P-20-01#s100r038	16	0	0	0	0	RELEASE	0	0	0	0
H5B-P-20-02#s100r038	16	0	0	0	0	RELEASE	0	0	0	0
H5B-P-20-03#s100r038	16	0	0	0	0	RELEASE	0	0	0	0
H5B-P-20-04#s100r038	16	0	0	0	0	RELEASE	0	0	0	0
H5B-P-20-05#s100r038	16	0	0	0	0	RELEASE	0	0	0	0
H5B-P-20-06#s100r038	16	0	0	0	0	RELEASE	0	0	0	0
H5B-P-20-07#s100r038	16	0	0	0	0	RELEASE	0	0	0	0
H5B-P-20-08#s100r038	16	0	0	0	0	RELEASE	0	0	0	0
H5B-P-20-09#s100r038	16	0	0	0	0	RELEASE	0	0	0	0
H5B-P-40-00#s100r038	16	0	0	0	0	RELEASE	0	0	0	0
H5B-P-40-01#s100r038	16	0	0	0	0	RELEASE	0	0	0	0
H5B-P-40-02#s100r038	16	0	0	0	0	RELEASE	0	0	0	0
H5B-P-40-03#s100r038	16	0	0	0	0	RELEASE	0	0	0	0
H5B-P-40-04#s100r038	16	0	0	0	0	RELEASE	0	0	0	0
H5B-P-40-05#s100r038	16	0	0	0	0	RELEASE	0	0	0	0
H5B-P-40-06#s100r038	16	0	0	0	0	RELEASE	0	0	0	0
H5B-P-40-07#s100r038	16	0	0	0	0	RELEASE	0	0	0	0
H5B-P-40-08#s100r038	16	0	0	0	0	RELEASE	0	0	0	0
H5B-P-40-09#s100r038	16	0	0	0	0	RELEASE	0	0	0	0
H5B-O-06-00#s100r038	16	0	0	0	0	ABSTAIN	A	0	0	0
H5B-O-06-01#s100r038	16	0	0	0	0	ABSTAIN	A	0	0	0
H5B-O-06-02#s100r038	16	0	0	0	0	ABSTAIN	A	0	0	0
H5B-O-06-03#s100r038	16	0	0	0	0	ABSTAIN	A	0	0	0
H5B-O-06-04#s100r038	16	0	0	0	0	ABSTAIN	A	0	0	0
H5B-O-06-05#s100r038	16	0	0	0	0	ABSTAIN	A	0	0	0
H5B-O-06-06#s100r038	16	0	0	0	0	ABSTAIN	A	0	0	0
H5B-O-06-07#s100r038	16	0	0	0	0	ABSTAIN	A	0	0	0
H5B-O-06-08#s100r038	16	0	0	0	0	ABSTAIN	A	0	0	0
H5B-O-06-09#s100r038	16	0	0	0	0	ABSTAIN	A	0	0	0
H5B-O-12-00#s100r038	16	0	0	0	0	ABSTAIN	A	0	0	0
H5B-O-12-01#s100r038	16	0	0	0	0	ABSTAIN	A	0	0	0
H5B-O-12-02#s100r038	16	0	0	0	0	ABSTAIN	A	0	0	0
H5B-O-12-03#s100r038	16	0	0	0	0	ABSTAIN	A	0	0	0
H5B-O-12-04#s100r038	16	0	0	0	0	ABSTAIN	A	0	0	0
H5B-O-12-05#s100r038	16	0	0	0	0	ABSTAIN	A	0	0	0
H5B-O-12-06#s100r038	16	0	0	0	0	ABSTAIN	A	0	0	0
H5B-O-12-07#s100r038	16	0	0	0	0	ABSTAIN	A	0	0	0
H5B-O-12-08#s100r038	16	0	0	0	0	ABSTAIN	A	0	0	0
H5B-O-12-09#s100r038	16	0	0	0	0	ABSTAIN	A	0	0	0
H5B-O-20-00#s100r038	16	0	0	0	0	RELEASE	1	652	0	0
H5B-O-20-01#s100r038	16	0	0	0	0	RELEASE	1	512	0	0
H5B-O-20-02#s100r038	16	0	0	0	0	RELEASE	1	652	0	0
H5B-O-20-03#s100r038	16	0	0	0	0	RELEASE	1	513	0	0
H5B-O-20-04#s100r038	16	0	0	0	0	RELEASE	1	652	0	0
H5B-O-20-05#s100r038	16	0	0	0	0	RELEASE	1	652	0	0
H5B-O-20-06#s100r038	16	0	0	0	0	RELEASE	1	513	0	0
H5B-O-20-07#s100r038	16	0	0	0	0	RELEASE	1	652	0	0
H5B-O-20-08#s100r038	16	0	0	0	0	RELEASE	1	513	0	0
H5B-O-20-09#s100r038	16	0	0	0	0	RELEASE	1	652	0	0
H5B-O-40-00#s100r038	16	0	0	0	0	RELEASE	1	651	0	0
H5B-O-40-01#s100r038	16	0	0	0	0	RELEASE	1	514	0	0
H5B-O-40-02#s100r038	16	0	0	0	0	RELEASE	1	651	0	0
H5B-O-40-03#s100r038	16	0	0	0	0	RELEASE	1	514	0	0
H5B-O-40-04#s100r038	16	0	0	0	0	RELEASE	1	651	0	0
H5B-O-40-05#s100r038	16	0	0	0	0	RELEASE	1	651	0	0
H5B-O-40-06#s100r038	16	0	0	0	0	RELEASE	1	515	0	0
H5B-O-40-07#s100r038	16	0	0	0	0	RELEASE	1	652	0	0
H5B-O-40-08#s100r038	16	0	0	0	0	RELEASE	1	515	0	0
H5B-O-40-09#s100r038	16	0	0	0	0	RELEASE	1	652	0	0
H5B-D-0-00#s100r038	16	0	0	0	0	RELEASE	1	662	0	0
H5B-D-0-01#s100r038	16	0	0	0	0	RELEASE	1	662	0	0
H5B-D-0-02#s100r038	16	0	0	0	0	RELEASE	1	662	0	0
H5B-D-0-03#s100r038	16	0	0	0	0	RELEASE	1	662	0	0
H5B-D-0-04#s100r038	16	0	0	0	0	RELEASE	1	662	0	0
H5B-D-0-05#s100r038	16	0	0	0	0	RELEASE	1	662	0	0
H5B-D-0-06#s100r038	16	0	0	0	0	RELEASE	1	662	0	0
H5B-D-0-07#s100r038	16	0	0	0	0	RELEASE	1	662	0	0
H5B-D-0-08#s100r038	16	0	0	0	0	RELEASE	1	662	0	0
H5B-D-0-09#s100r038	16	0	0	0	0	RELEASE	1	663	0	0
H5B-D-1-00#s100r038	16	0	0	0	0	ABSTAIN	A	0	0	0
H5B-D-1-01#s100r038	16	0	0	0	0	ABSTAIN	A	0	0	0
H5B-D-1-02#s100r038	16	0	0	0	0	ABSTAIN	A	0	0	0
H5B-D-1-03#s100r038	16	0	0	0	0	ABSTAIN	A	0	0	0
H5B-D-1-04#s100r038	16	0	0	0	0	ABSTAIN	A	0	0	0
H5B-D-1-05#s100r038	16	0	0	0	0	ABSTAIN	A	0	0	0
H5B-D-1-06#s100r038	16	0	0	0	0	ABSTAIN	A	0	0	0
H5B-D-1-07#s100r038	16	0	0	0	0	ABSTAIN	A	0	0	0
H5B-D-1-08#s100r038	16	0	0	0	0	ABSTAIN	A	0	0	0
H5B-D-1-09#s100r038	16	0	0	0	0	ABSTAIN	A	0	0	0
H5B-D-2-00#s100r038	16	0	0	0	0	ABSTAIN	A	0	0	0
H5B-D-2-01#s100r038	16	0	0	0	0	ABSTAIN	A	0	0	0
H5B-D-2-02#s100r038	16	0	0	0	0	ABSTAIN	A	0	0	0
H5B-D-2-03#s100r038	16	0	0	0	0	ABSTAIN	A	0	0	0
H5B-D-2-04#s100r038	16	0	0	0	0	ABSTAIN	A	0	0	0
H5B-D-2-05#s100r038	16	0	0	0	0	ABSTAIN	A	0	0	0
H5B-D-2-06#s100r038	16	0	0	0	0	ABSTAIN	A	0	0	0
H5B-D-2-07#s100r038	16	0	0	0	0	ABSTAIN	A	0	0	0
H5B-D-2-08#s100r038	16	0	0	0	0	ABSTAIN	A	0	0	0
H5B-D-2-09#s100r038	16	0	0	0	0	ABSTAIN	A	0	0	0
H5B-D-6-00#s100r038	16	0	0	0	0	ABSTAIN	A	0	0	0
H5B-D-6-01#s100r038	16	0	0	0	0	ABSTAIN	A	0	0	0
H5B-D-6-02#s100r038	16	0	0	0	0	ABSTAIN	A	0	0	0
H5B-D-6-03#s100r038	16	0	0	0	0	ABSTAIN	A	0	0	0
H5B-D-6-04#s100r038	16	0	0	0	0	ABSTAIN	A	0	0	0
H5B-D-6-05#s100r038	16	0	0	0	0	ABSTAIN	A	0	0	0
H5B-D-6-06#s100r038	16	0	0	0	0	ABSTAIN	A	0	0	0
H5B-D-6-07#s100r038	16	0	0	0	0	ABSTAIN	A	0	0	0
H5B-D-6-08#s100r038	16	0	0	0	0	ABSTAIN	A	0	0	0
H5B-D-6-09#s100r038	16	0	0	0	0	ABSTAIN	A	0	0	0
H5B-P-06-00#s100r039	16	0	0	0	0	ABSTAIN	A	0	0	0
H5B-P-06-01#s100r039	16	0	0	0	0	ABSTAIN	A	0	0	0
H5B-P-06-02#s100r039	16	0	0	0	0	ABSTAIN	A	0	0	0
H5B-P-06-03#s100r039	16	0	0	0	0	ABSTAIN	A	0	0	0
H5B-P-06-04#s100r039	16	0	0	0	0	ABSTAIN	A	0	0	0
H5B-P-06-05#s100r039	16	0	0	0	0	ABSTAIN	A	0	0	0
H5B-P-06-06#s100r039	16	0	0	0	0	ABSTAIN	A	0	0	0
H5B-P-06-07#s100r039	16	0	0	0	0	ABSTAIN	A	0	0	0
H5B-P-06-08#s100r039	16	0	0	0	0	ABSTAIN	A	0	0	0
H5B-P-06-09#s100r039	16	0	0	0	0	ABSTAIN	A	0	0	0
H5B-P-12-00#s100r039	16	0	0	0	0	ABSTAIN	A	0	0	0
H5B-P-12-01#s100r039	16	0	0	0	0	ABSTAIN	A	0	0	0
H5B-P-12-02#s100r039	16	0	0	0	0	ABSTAIN	A	0	0	0
H5B-P-12-03#s100r039	16	0	0	0	0	ABSTAIN	A	0	0	0
H5B-P-12-04#s100r039	16	0	0	0	0	ABSTAIN	A	0	0	0
H5B-P-12-05#s100r039	16	0	0	0	0	ABSTAIN	A	0	0	0
H5B-P-12-06#s100r039	16	0	0	0	0	ABSTAIN	A	0	0	0
H5B-P-12-07#s100r039	16	0	0	0	0	ABSTAIN	A	0	0	0
H5B-P-12-08#s100r039	16	0	0	0	0	ABSTAIN	A	0	0	0
H5B-P-12-09#s100r039	16	0	0	0	0	ABSTAIN	A	0	0	0
H5B-P-20-00#s100r039	16	0	0	0	0	RELEASE	0	0	0	0
H5B-P-20-01#s100r039	16	0	0	0	0	RELEASE	0	0	0	0
H5B-P-20-02#s100r039	16	0	0	0	0	RELEASE	0	0	0	0
H5B-P-20-03#s100r039	16	0	0	0	0	RELEASE	0	0	0	0
H5B-P-20-04#s100r039	16	0	0	0	0	RELEASE	0	0	0	0
H5B-P-20-05#s100r039	16	0	0	0	0	RELEASE	0	0	0	0
H5B-P-20-06#s100r039	16	0	0	0	0	RELEASE	0	0	0	0
H5B-P-20-07#s100r039	16	0	0	0	0	RELEASE	0	0	0	0
H5B-P-20-08#s100r039	16	0	0	0	0	RELEASE	0	0	0	0
H5B-P-20-09#s100r039	16	0	0	0	0	RELEASE	0	0	0	0
H5B-P-40-00#s100r039	16	0	0	0	0	RELEASE	0	0	0	0
H5B-P-40-01#s100r039	16	0	0	0	0	RELEASE	0	0	0	0
H5B-P-40-02#s100r039	16	0	0	0	0	RELEASE	0	0	0	0
H5B-P-40-03#s100r039	16	0	0	0	0	RELEASE	0	0	0	0
H5B-P-40-04#s100r039	16	0	0	0	0	RELEASE	0	0	0	0
H5B-P-40-05#s100r039	16	0	0	0	0	RELEASE	0	0	0	0
H5B-P-40-06#s100r039	16	0	0	0	0	RELEASE	0	0	0	0
H5B-P-40-07#s100r039	16	0	0	0	0	RELEASE	0	0	0	0
H5B-P-40-08#s100r039	16	0	0	0	0	RELEASE	0	0	0	0
H5B-P-40-09#s100r039	16	0	0	0	0	RELEASE	0	0	0	0
H5B-O-06-00#s100r039	16	0	0	0	0	ABSTAIN	A	0	0	0
H5B-O-06-01#s100r039	16	0	0	0	0	ABSTAIN	A	0	0	0
H5B-O-06-02#s100r039	16	0	0	0	0	ABSTAIN	A	0	0	0
H5B-O-06-03#s100r039	16	0	0	0	0	ABSTAIN	A	0	0	0
H5B-O-06-04#s100r039	16	0	0	0	0	ABSTAIN	A	0	0	0
H5B-O-06-05#s100r039	16	0	0	0	0	ABSTAIN	A	0	0	0
H5B-O-06-06#s100r039	16	0	0	0	0	ABSTAIN	A	0	0	0
H5B-O-06-07#s100r039	16	0	0	0	0	ABSTAIN	A	0	0	0
H5B-O-06-08#s100r039	16	0	0	0	0	ABSTAIN	A	0	0	0
H5B-O-06-09#s100r039	16	0	0	0	0	ABSTAIN	A	0	0	0
H5B-O-12-00#s100r039	16	0	0	0	0	ABSTAIN	A	0	0	0
H5B-O-12-01#s100r039	16	0	0	0	0	ABSTAIN	A	0	0	0
H5B-O-12-02#s100r039	16	0	0	0	0	ABSTAIN	A	0	0	0
H5B-O-12-03#s100r039	16	0	0	0	0	ABSTAIN	A	0	0	0
H5B-O-12-04#s100r039	16	0	0	0	0	ABSTAIN	A	0	0	0
H5B-O-12-05#s100r039	16	0	0	0	0	ABSTAIN	A	0	0	0
H5B-O-12-06#s100r039	16	0	0	0	0	ABSTAIN	A	0	0	0
H5B-O-12-07#s100r039	16	0	0	0	0	ABSTAIN	A	0	0	0
H5B-O-12-08#s100r039	16	0	0	0	0	ABSTAIN	A	0	0	0
H5B-O-12-09#s100r039	16	0	0	0	0	ABSTAIN	A	0	0	0
H5B-O-20-00#s100r039	16	0	0	0	0	RELEASE	1	652	0	0
H5B-O-20-01#s100r039	16	0	0	0	0	RELEASE	1	512	0	0
H5B-O-20-02#s100r039	16	0	0	0	0	RELEASE	1	652	0	0
H5B-O-20-03#s100r039	16	0	0	0	0	RELEASE	1	513	0	0
H5B-O-20-04#s100r039	16	0	0	0	0	RELEASE	1	652	0	0
H5B-O-20-05#s100r039	16	0	0	0	0	RELEASE	1	652	0	0
H5B-O-20-06#s100r039	16	0	0	0	0	RELEASE	1	513	0	0
H5B-O-20-07#s100r039	16	0	0	0	0	RELEASE	1	652	0	0
H5B-O-20-08#s100r039	16	0	0	0	0	RELEASE	1	513	0	0
H5B-O-20-09#s100r039	16	0	0	0	0	RELEASE	1	652	0	0
H5B-O-40-00#s100r039	16	0	0	0	0	RELEASE	1	651	0	0
H5B-O-40-01#s100r039	16	0	0	0	0	RELEASE	1	514	0	0
H5B-O-40-02#s100r039	16	0	0	0	0	RELEASE	1	651	0	0
H5B-O-40-03#s100r039	16	0	0	0	0	RELEASE	1	514	0	0
H5B-O-40-04#s100r039	16	0	0	0	0	RELEASE	1	651	0	0
H5B-O-40-05#s100r039	16	0	0	0	0	RELEASE	1	651	0	0
H5B-O-40-06#s100r039	16	0	0	0	0	RELEASE	1	515	0	0
H5B-O-40-07#s100r039	16	0	0	0	0	RELEASE	1	652	0	0
H5B-O-40-08#s100r039	16	0	0	0	0	RELEASE	1	515	0	0
H5B-O-40-09#s100r039	16	0	0	0	0	RELEASE	1	652	0	0
H5B-D-0-00#s100r039	16	0	0	0	0	RELEASE	1	662	0	0
H5B-D-0-01#s100r039	16	0	0	0	0	RELEASE	1	662	0	0
H5B-D-0-02#s100r039	16	0	0	0	0	RELEASE	1	662	0	0
H5B-D-0-03#s100r039	16	0	0	0	0	RELEASE	1	662	0	0
H5B-D-0-04#s100r039	16	0	0	0	0	RELEASE	1	662	0	0
H5B-D-0-05#s100r039	16	0	0	0	0	RELEASE	1	662	0	0
H5B-D-0-06#s100r039	16	0	0	0	0	RELEASE	1	662	0	0
H5B-D-0-07#s100r039	16	0	0	0	0	RELEASE	1	662	0	0
H5B-D-0-08#s100r039	16	0	0	0	0	RELEASE	1	662	0	0
H5B-D-0-09#s100r039	16	0	0	0	0	RELEASE	1	662	0	0
H5B-D-1-00#s100r039	16	0	0	0	0	ABSTAIN	A	0	0	0
H5B-D-1-01#s100r039	16	0	0	0	0	ABSTAIN	A	0	0	0
H5B-D-1-02#s100r039	16	0	0	0	0	ABSTAIN	A	0	0	0
H5B-D-1-03#s100r039	16	0	0	0	0	ABSTAIN	A	0	0	0
H5B-D-1-04#s100r039	16	0	0	0	0	ABSTAIN	A	0	0	0
H5B-D-1-05#s100r039	16	0	0	0	0	ABSTAIN	A	0	0	0
H5B-D-1-06#s100r039	16	0	0	0	0	ABSTAIN	A	0	0	0
H5B-D-1-07#s100r039	16	0	0	0	0	ABSTAIN	A	0	0	0
H5B-D-1-08#s100r039	16	0	0	0	0	ABSTAIN	A	0	0	0
H5B-D-1-09#s100r039	16	0	0	0	0	ABSTAIN	A	0	0	0
H5B-D-2-00#s100r039	16	0	0	0	0	ABSTAIN	A	0	0	0
H5B-D-2-01#s100r039	16	0	0	0	0	ABSTAIN	A	0	0	0
H5B-D-2-02#s100r039	16	0	0	0	0	ABSTAIN	A	0	0	0
H5B-D-2-03#s100r039	16	0	0	0	0	ABSTAIN	A	0	0	0
H5B-D-2-04#s100r039	16	0	0	0	0	ABSTAIN	A	0	0	0
H5B-D-2-05#s100r039	16	0	0	0	0	ABSTAIN	A	0	0	0
H5B-D-2-06#s100r039	16	0	0	0	0	ABSTAIN	A	0	0	0
H5B-D-2-07#s100r039	16	0	0	0	0	ABSTAIN	A	0	0	0
H5B-D-2-08#s100r039	16	0	0	0	0	ABSTAIN	A	0	0	0
H5B-D-2-09#s100r039	16	0	0	0	0	ABSTAIN	A	0	0	0
H5B-D-6-00#s100r039	16	0	0	0	0	ABSTAIN	A	0	0	0
H5B-D-6-01#s100r039	16	0	0	0	0	ABSTAIN	A	0	0	0
H5B-D-6-02#s100r039	16	0	0	0	0	ABSTAIN	A	0	0	0
H5B-D-6-03#s100r039	16	0	0	0	0	ABSTAIN	A	0	0	0
H5B-D-6-04#s100r039	16	0	0	0	0	ABSTAIN	A	0	0	0
H5B-D-6-05#s100r039	16	0	0	0	0	ABSTAIN	A	0	0	0
H5B-D-6-06#s100r039	16	0	0	0	0	ABSTAIN	A	0	0	0
H5B-D-6-07#s100r039	16	0	0	0	0	ABSTAIN	A	0	0	0
H5B-D-6-08#s100r039	16	0	0	0	0	ABSTAIN	A	0	0	0
H5B-D-6-09#s100r039	16	0	0	0	0	ABSTAIN	A	0	0	0
H5B-P-06-00#s100r040	16	0	0	0	0	ABSTAIN	A	0	0	0
H5B-P-06-01#s100r040	16	0	0	0	0	ABSTAIN	A	0	0	0
H5B-P-06-02#s100r040	16	0	0	0	0	ABSTAIN	A	0	0	0
H5B-P-06-03#s100r040	16	0	0	0	0	ABSTAIN	A	0	0	0
H5B-P-06-04#s100r040	16	0	0	0	0	ABSTAIN	A	0	0	0
H5B-P-06-05#s100r040	16	0	0	0	0	ABSTAIN	A	0	0	0
H5B-P-06-06#s100r040	16	0	0	0	0	ABSTAIN	A	0	0	0
H5B-P-06-07#s100r040	16	0	0	0	0	ABSTAIN	A	0	0	0
H5B-P-06-08#s100r040	16	0	0	0	0	ABSTAIN	A	0	0	0
H5B-P-06-09#s100r040	16	0	0	0	0	ABSTAIN	A	0	0	0
H5B-P-12-00#s100r040	16	0	0	0	0	ABSTAIN	A	0	0	0
H5B-P-12-01#s100r040	16	0	0	0	0	ABSTAIN	A	0	0	0
H5B-P-12-02#s100r040	16	0	0	0	0	ABSTAIN	A	0	0	0
H5B-P-12-03#s100r040	16	0	0	0	0	ABSTAIN	A	0	0	0
H5B-P-12-04#s100r040	16	0	0	0	0	ABSTAIN	A	0	0	0
H5B-P-12-05#s100r040	16	0	0	0	0	ABSTAIN	A	0	0	0
H5B-P-12-06#s100r040	16	0	0	0	0	ABSTAIN	A	0	0	0
H5B-P-12-07#s100r040	16	0	0	0	0	ABSTAIN	A	0	0	0
H5B-P-12-08#s100r040	16	0	0	0	0	ABSTAIN	A	0	0	0
H5B-P-12-09#s100r040	16	0	0	0	0	ABSTAIN	A	0	0	0
H5B-P-20-00#s100r040	16	0	0	0	0	RELEASE	0	0	0	0
H5B-P-20-01#s100r040	16	0	0	0	0	RELEASE	0	0	0	0
H5B-P-20-02#s100r040	16	0	0	0	0	RELEASE	0	0	0	0
H5B-P-20-03#s100r040	16	0	0	0	0	RELEASE	0	0	0	0
H5B-P-20-04#s100r040	16	0	0	0	0	RELEASE	0	0	0	0
H5B-P-20-05#s100r040	16	0	0	0	0	RELEASE	0	0	0	0
H5B-P-20-06#s100r040	16	0	0	0	0	RELEASE	0	0	0	0
H5B-P-20-07#s100r040	16	0	0	0	0	RELEASE	0	0	0	0
H5B-P-20-08#s100r040	16	0	0	0	0	RELEASE	0	0	0	0
H5B-P-20-09#s100r040	16	0	0	0	0	RELEASE	0	0	0	0
H5B-P-40-00#s100r040	16	0	0	0	0	RELEASE	0	0	0	0
H5B-P-40-01#s100r040	16	0	0	0	0	RELEASE	0	0	0	0
H5B-P-40-02#s100r040	16	0	0	0	0	RELEASE	0	0	0	0
H5B-P-40-03#s100r040	16	0	0	0	0	RELEASE	0	0	0	0
H5B-P-40-04#s100r040	16	0	0	0	0	RELEASE	0	0	0	0
H5B-P-40-05#s100r040	16	0	0	0	0	RELEASE	0	0	0	0
H5B-P-40-06#s100r040	16	0	0	0	0	RELEASE	0	0	0	0
H5B-P-40-07#s100r040	16	0	0	0	0	RELEASE	0	0	0	0
H5B-P-40-08#s100r040	16	0	0	0	0	RELEASE	0	0	0	0
H5B-P-40-09#s100r040	16	0	0	0	0	RELEASE	0	0	0	0
H5B-O-06-00#s100r040	16	0	0	0	0	ABSTAIN	A	0	0	0
H5B-O-06-01#s100r040	16	0	0	0	0	ABSTAIN	A	0	0	0
H5B-O-06-02#s100r040	16	0	0	0	0	ABSTAIN	A	0	0	0
H5B-O-06-03#s100r040	16	0	0	0	0	ABSTAIN	A	0	0	0
H5B-O-06-04#s100r040	16	0	0	0	0	ABSTAIN	A	0	0	0
H5B-O-06-05#s100r040	16	0	0	0	0	ABSTAIN	A	0	0	0
H5B-O-06-06#s100r040	16	0	0	0	0	ABSTAIN	A	0	0	0
H5B-O-06-07#s100r040	16	0	0	0	0	ABSTAIN	A	0	0	0
H5B-O-06-08#s100r040	16	0	0	0	0	ABSTAIN	A	0	0	0
H5B-O-06-09#s100r040	16	0	0	0	0	ABSTAIN	A	0	0	0
H5B-O-12-00#s100r040	16	0	0	0	0	ABSTAIN	A	0	0	0
H5B-O-12-01#s100r040	16	0	0	0	0	ABSTAIN	A	0	0	0
H5B-O-12-02#s100r040	16	0	0	0	0	ABSTAIN	A	0	0	0
H5B-O-12-03#s100r040	16	0	0	0	0	ABSTAIN	A	0	0	0
H5B-O-12-04#s100r040	16	0	0	0	0	ABSTAIN	A	0	0	0
H5B-O-12-05#s100r040	16	0	0	0	0	ABSTAIN	A	0	0	0
H5B-O-12-06#s100r040	16	0	0	0	0	ABSTAIN	A	0	0	0
H5B-O-12-07#s100r040	16	0	0	0	0	ABSTAIN	A	0	0	0
H5B-O-12-08#s100r040	16	0	0	0	0	ABSTAIN	A	0	0	0
H5B-O-12-09#s100r040	16	0	0	0	0	ABSTAIN	A	0	0	0
H5B-O-20-00#s100r040	16	0	0	0	0	RELEASE	1	652	0	0
H5B-O-20-01#s100r040	16	0	0	0	0	RELEASE	1	512	0	0
H5B-O-20-02#s100r040	16	0	0	0	0	RELEASE	1	652	0	0
H5B-O-20-03#s100r040	16	0	0	0	0	RELEASE	1	513	0	0
H5B-O-20-04#s100r040	16	0	0	0	0	RELEASE	1	652	0	0
H5B-O-20-05#s100r040	16	0	0	0	0	RELEASE	1	652	0	0
H5B-O-20-06#s100r040	16	0	0	0	0	RELEASE	1	513	0	0
H5B-O-20-07#s100r040	16	0	0	0	0	RELEASE	1	652	0	0
H5B-O-20-08#s100r040	16	0	0	0	0	RELEASE	1	513	0	0
H5B-O-20-09#s100r040	16	0	0	0	0	RELEASE	1	652	0	0
H5B-O-40-00#s100r040	16	0	0	0	0	RELEASE	1	651	0	0
H5B-O-40-01#s100r040	16	0	0	0	0	RELEASE	1	514	0	0
H5B-O-40-02#s100r040	16	0	0	0	0	RELEASE	1	651	0	0
H5B-O-40-03#s100r040	16	0	0	0	0	RELEASE	1	514	0	0
H5B-O-40-04#s100r040	16	0	0	0	0	RELEASE	1	651	0	0
H5B-O-40-05#s100r040	16	0	0	0	0	RELEASE	1	651	0	0
H5B-O-40-06#s100r040	16	0	0	0	0	RELEASE	1	515	0	0
H5B-O-40-07#s100r040	16	0	0	0	0	RELEASE	1	652	0	0
H5B-O-40-08#s100r040	16	0	0	0	0	RELEASE	1	515	0	0
H5B-O-40-09#s100r040	16	0	0	0	0	RELEASE	1	652	0	0
H5B-D-0-00#s100r040	16	0	0	0	0	RELEASE	1	662	0	0
H5B-D-0-01#s100r040	16	0	0	0	0	RELEASE	1	662	0	0
H5B-D-0-02#s100r040	16	0	0	0	0	RELEASE	1	662	0	0
H5B-D-0-03#s100r040	16	0	0	0	0	RELEASE	1	662	0	0
H5B-D-0-04#s100r040	16	0	0	0	0	RELEASE	1	662	0	0
H5B-D-0-05#s100r040	16	0	0	0	0	RELEASE	1	662	0	0
H5B-D-0-06#s100r040	16	0	0	0	0	RELEASE	1	662	0	0
H5B-D-0-07#s100r040	16	0	0	0	0	RELEASE	1	662	0	0
H5B-D-0-08#s100r040	16	0	0	0	0	RELEASE	1	662	0	0
H5B-D-0-09#s100r040	16	0	0	0	0	RELEASE	1	662	0	0
H5B-D-1-00#s100r040	16	0	0	0	0	ABSTAIN	A	0	0	0
H5B-D-1-01#s100r040	16	0	0	0	0	ABSTAIN	A	0	0	0
H5B-D-1-02#s100r040	16	0	0	0	0	ABSTAIN	A	0	0	0
H5B-D-1-03#s100r040	16	0	0	0	0	ABSTAIN	A	0	0	0
H5B-D-1-04#s100r040	16	0	0	0	0	ABSTAIN	A	0	0	0
H5B-D-1-05#s100r040	16	0	0	0	0	ABSTAIN	A	0	0	0
H5B-D-1-06#s100r040	16	0	0	0	0	ABSTAIN	A	0	0	0
H5B-D-1-07#s100r040	16	0	0	0	0	ABSTAIN	A	0	0	0
H5B-D-1-08#s100r040	16	0	0	0	0	ABSTAIN	A	0	0	0
H5B-D-1-09#s100r040	16	0	0	0	0	ABSTAIN	A	0	0	0
H5B-D-2-00#s100r040	16	0	0	0	0	ABSTAIN	A	0	0	0
H5B-D-2-01#s100r040	16	0	0	0	0	ABSTAIN	A	0	0	0
H5B-D-2-02#s100r040	16	0	0	0	0	ABSTAIN	A	0	0	0
H5B-D-2-03#s100r040	16	0	0	0	0	ABSTAIN	A	0	0	0
H5B-D-2-04#s100r040	16	0	0	0	0	ABSTAIN	A	0	0	0
H5B-D-2-05#s100r040	16	0	0	0	0	ABSTAIN	A	0	0	0
H5B-D-2-06#s100r040	16	0	0	0	0	ABSTAIN	A	0	0	0
H5B-D-2-07#s100r040	16	0	0	0	0	ABSTAIN	A	0	0	0
H5B-D-2-08#s100r040	16	0	0	0	0	ABSTAIN	A	0	0	0
H5B-D-2-09#s100r040	16	0	0	0	0	ABSTAIN	A	0	0	0
H5B-D-6-00#s100r040	16	0	0	0	0	ABSTAIN	A	0	0	0
H5B-D-6-01#s100r040	16	0	0	0	0	ABSTAIN	A	0	0	0
H5B-D-6-02#s100r040	16	0	0	0	0	ABSTAIN	A	0	0	0
H5B-D-6-03#s100r040	16	0	0	0	0	ABSTAIN	A	0	0	0
H5B-D-6-04#s100r040	16	0	0	0	0	ABSTAIN	A	0	0	0
H5B-D-6-05#s100r040	16	0	0	0	0	ABSTAIN	A	0	0	0
H5B-D-6-06#s100r040	16	0	0	0	0	ABSTAIN	A	0	0	0
H5B-D-6-07#s100r040	16	0	0	0	0	ABSTAIN	A	0	0	0
H5B-D-6-08#s100r040	16	0	0	0	0	ABSTAIN	A	0	0	0
H5B-D-6-09#s100r040	16	0	0	0	0	ABSTAIN	A	0	0	0
H5B-P-06-00#s100r041	16	0	0	0	0	ABSTAIN	A	0	0	0
H5B-P-06-01#s100r041	16	0	0	0	0	ABSTAIN	A	0	0	0
H5B-P-06-02#s100r041	16	0	0	0	0	ABSTAIN	A	0	0	0
H5B-P-06-03#s100r041	16	0	0	0	0	ABSTAIN	A	0	0	0
H5B-P-06-04#s100r041	16	0	0	0	0	ABSTAIN	A	0	0	0
H5B-P-06-05#s100r041	16	0	0	0	0	ABSTAIN	A	0	0	0
H5B-P-06-06#s100r041	16	0	0	0	0	ABSTAIN	A	0	0	0
H5B-P-06-07#s100r041	16	0	0	0	0	ABSTAIN	A	0	0	0
H5B-P-06-08#s100r041	16	0	0	0	0	ABSTAIN	A	0	0	0
H5B-P-06-09#s100r041	16	0	0	0	0	ABSTAIN	A	0	0	0
H5B-P-12-00#s100r041	16	0	0	0	0	ABSTAIN	A	0	0	0
H5B-P-12-01#s100r041	16	0	0	0	0	ABSTAIN	A	0	0	0
H5B-P-12-02#s100r041	16	0	0	0	0	ABSTAIN	A	0	0	0
H5B-P-12-03#s100r041	16	0	0	0	0	ABSTAIN	A	0	0	0
H5B-P-12-04#s100r041	16	0	0	0	0	ABSTAIN	A	0	0	0
H5B-P-12-05#s100r041	16	0	0	0	0	ABSTAIN	A	0	0	0
H5B-P-12-06#s100r041	16	0	0	0	0	ABSTAIN	A	0	0	0
H5B-P-12-07#s100r041	16	0	0	0	0	ABSTAIN	A	0	0	0
H5B-P-12-08#s100r041	16	0	0	0	0	ABSTAIN	A	0	0	0
H5B-P-12-09#s100r041	16	0	0	0	0	ABSTAIN	A	0	0	0
H5B-P-20-00#s100r041	16	0	0	0	0	RELEASE	0	0	0	0
H5B-P-20-01#s100r041	16	0	0	0	0	RELEASE	0	0	0	0
H5B-P-20-02#s100r041	16	0	0	0	0	RELEASE	0	0	0	0
H5B-P-20-03#s100r041	16	0	0	0	0	RELEASE	0	0	0	0
H5B-P-20-04#s100r041	16	0	0	0	0	RELEASE	0	0	0	0
H5B-P-20-05#s100r041	16	0	0	0	0	RELEASE	0	0	0	0
H5B-P-20-06#s100r041	16	0	0	0	0	RELEASE	0	0	0	0
H5B-P-20-07#s100r041	16	0	0	0	0	RELEASE	0	0	0	0
H5B-P-20-08#s100r041	16	0	0	0	0	RELEASE	0	0	0	0
H5B-P-20-09#s100r041	16	0	0	0	0	RELEASE	0	0	0	0
H5B-P-40-00#s100r041	16	0	0	0	0	RELEASE	0	0	0	0
H5B-P-40-01#s100r041	16	0	0	0	0	RELEASE	0	0	0	0
H5B-P-40-02#s100r041	16	0	0	0	0	RELEASE	0	0	0	0
H5B-P-40-03#s100r041	16	0	0	0	0	RELEASE	0	0	0	0
H5B-P-40-04#s100r041	16	0	0	0	0	RELEASE	0	0	0	0
H5B-P-40-05#s100r041	16	0	0	0	0	RELEASE	0	0	0	0
H5B-P-40-06#s100r041	16	0	0	0	0	RELEASE	0	0	0	0
H5B-P-40-07#s100r041	16	0	0	0	0	RELEASE	0	0	0	0
H5B-P-40-08#s100r041	16	0	0	0	0	RELEASE	0	0	0	0
H5B-P-40-09#s100r041	16	0	0	0	0	RELEASE	0	0	0	0
H5B-O-06-00#s100r041	16	0	0	0	0	ABSTAIN	A	0	0	0
H5B-O-06-01#s100r041	16	0	0	0	0	ABSTAIN	A	0	0	0
H5B-O-06-02#s100r041	16	0	0	0	0	ABSTAIN	A	0	0	0
H5B-O-06-03#s100r041	16	0	0	0	0	ABSTAIN	A	0	0	0
H5B-O-06-04#s100r041	16	0	0	0	0	ABSTAIN	A	0	0	0
H5B-O-06-05#s100r041	16	0	0	0	0	ABSTAIN	A	0	0	0
H5B-O-06-06#s100r041	16	0	0	0	0	ABSTAIN	A	0	0	0
H5B-O-06-07#s100r041	16	0	0	0	0	ABSTAIN	A	0	0	0
H5B-O-06-08#s100r041	16	0	0	0	0	ABSTAIN	A	0	0	0
H5B-O-06-09#s100r041	16	0	0	0	0	ABSTAIN	A	0	0	0
H5B-O-12-00#s100r041	16	0	0	0	0	ABSTAIN	A	0	0	0
H5B-O-12-01#s100r041	16	0	0	0	0	ABSTAIN	A	0	0	0
H5B-O-12-02#s100r041	16	0	0	0	0	ABSTAIN	A	0	0	0
H5B-O-12-03#s100r041	16	0	0	0	0	ABSTAIN	A	0	0	0
H5B-O-12-04#s100r041	16	0	0	0	0	ABSTAIN	A	0	0	0
H5B-O-12-05#s100r041	16	0	0	0	0	ABSTAIN	A	0	0	0
H5B-O-12-06#s100r041	16	0	0	0	0	ABSTAIN	A	0	0	0
H5B-O-12-07#s100r041	16	0	0	0	0	ABSTAIN	A	0	0	0
H5B-O-12-08#s100r041	16	0	0	0	0	ABSTAIN	A	0	0	0
H5B-O-12-09#s100r041	16	0	0	0	0	ABSTAIN	A	0	0	0
H5B-O-20-00#s100r041	16	0	0	0	0	RELEASE	1	652	0	0
H5B-O-20-01#s100r041	16	0	0	0	0	RELEASE	1	512	0	0
H5B-O-20-02#s100r041	16	0	0	0	0	RELEASE	1	652	0	0
H5B-O-20-03#s100r041	16	0	0	0	0	RELEASE	1	513	0	0
H5B-O-20-04#s100r041	16	0	0	0	0	RELEASE	1	652	0	0
H5B-O-20-05#s100r041	16	0	0	0	0	RELEASE	1	652	0	0
H5B-O-20-06#s100r041	16	0	0	0	0	RELEASE	1	513	0	0
H5B-O-20-07#s100r041	16	0	0	0	0	RELEASE	1	652	0	0
H5B-O-20-08#s100r041	16	0	0	0	0	RELEASE	1	514	0	0
H5B-O-20-09#s100r041	16	0	0	0	0	RELEASE	1	652	0	0
H5B-O-40-00#s100r041	16	0	0	0	0	RELEASE	1	651	0	0
H5B-O-40-01#s100r041	16	0	0	0	0	RELEASE	1	514	0	0
H5B-O-40-02#s100r041	16	0	0	0	0	RELEASE	1	651	0	0
H5B-O-40-03#s100r041	16	0	0	0	0	RELEASE	1	514	0	0
H5B-O-40-04#s100r041	16	0	0	0	0	RELEASE	1	651	0	0
H5B-O-40-05#s100r041	16	0	0	0	0	RELEASE	1	651	0	0
H5B-O-40-06#s100r041	16	0	0	0	0	RELEASE	1	515	0	0
H5B-O-40-07#s100r041	16	0	0	0	0	RELEASE	1	652	0	0
H5B-O-40-08#s100r041	16	0	0	0	0	RELEASE	1	515	0	0
H5B-O-40-09#s100r041	16	0	0	0	0	RELEASE	1	652	0	0
H5B-D-0-00#s100r041	16	0	0	0	0	RELEASE	1	661	0	0
H5B-D-0-01#s100r041	16	0	0	0	0	RELEASE	1	662	0	0
H5B-D-0-02#s100r041	16	0	0	0	0	RELEASE	1	662	0	0
H5B-D-0-03#s100r041	16	0	0	0	0	RELEASE	1	662	0	0
H5B-D-0-04#s100r041	16	0	0	0	0	RELEASE	1	662	0	0
H5B-D-0-05#s100r041	16	0	0	0	0	RELEASE	1	662	0	0
H5B-D-0-06#s100r041	16	0	0	0	0	RELEASE	1	662	0	0
H5B-D-0-07#s100r041	16	0	0	0	0	RELEASE	1	662	0	0
H5B-D-0-08#s100r041	16	0	0	0	0	RELEASE	1	662	0	0
H5B-D-0-09#s100r041	16	0	0	0	0	RELEASE	1	662	0	0
H5B-D-1-00#s100r041	16	0	0	0	0	ABSTAIN	A	0	0	0
H5B-D-1-01#s100r041	16	0	0	0	0	ABSTAIN	A	0	0	0
H5B-D-1-02#s100r041	16	0	0	0	0	ABSTAIN	A	0	0	0
H5B-D-1-03#s100r041	16	0	0	0	0	ABSTAIN	A	0	0	0
H5B-D-1-04#s100r041	16	0	0	0	0	ABSTAIN	A	0	0	0
H5B-D-1-05#s100r041	16	0	0	0	0	ABSTAIN	A	0	0	0
H5B-D-1-06#s100r041	16	0	0	0	0	ABSTAIN	A	0	0	0
H5B-D-1-07#s100r041	16	0	0	0	0	ABSTAIN	A	0	0	0
H5B-D-1-08#s100r041	16	0	0	0	0	ABSTAIN	A	0	0	0
H5B-D-1-09#s100r041	16	0	0	0	0	ABSTAIN	A	0	0	0
H5B-D-2-00#s100r041	16	0	0	0	0	ABSTAIN	A	0	0	0
H5B-D-2-01#s100r041	16	0	0	0	0	ABSTAIN	A	0	0	0
H5B-D-2-02#s100r041	16	0	0	0	0	ABSTAIN	A	0	0	0
H5B-D-2-03#s100r041	16	0	0	0	0	ABSTAIN	A	0	0	0
H5B-D-2-04#s100r041	16	0	0	0	0	ABSTAIN	A	0	0	0
H5B-D-2-05#s100r041	16	0	0	0	0	ABSTAIN	A	0	0	0
H5B-D-2-06#s100r041	16	0	0	0	0	ABSTAIN	A	0	0	0
H5B-D-2-07#s100r041	16	0	0	0	0	ABSTAIN	A	0	0	0
H5B-D-2-08#s100r041	16	0	0	0	0	ABSTAIN	A	0	0	0
H5B-D-2-09#s100r041	16	0	0	0	0	ABSTAIN	A	0	0	0
H5B-D-6-00#s100r041	16	0	0	0	0	ABSTAIN	A	0	0	0
H5B-D-6-01#s100r041	16	0	0	0	0	ABSTAIN	A	0	0	0
H5B-D-6-02#s100r041	16	0	0	0	0	ABSTAIN	A	0	0	0
H5B-D-6-03#s100r041	16	0	0	0	0	ABSTAIN	A	0	0	0
H5B-D-6-04#s100r041	16	0	0	0	0	ABSTAIN	A	0	0	0
H5B-D-6-05#s100r041	16	0	0	0	0	ABSTAIN	A	0	0	0
H5B-D-6-06#s100r041	16	0	0	0	0	ABSTAIN	A	0	0	0
H5B-D-6-07#s100r041	16	0	0	0	0	ABSTAIN	A	0	0	0
H5B-D-6-08#s100r041	16	0	0	0	0	ABSTAIN	A	0	0	0
H5B-D-6-09#s100r041	16	0	0	0	0	ABSTAIN	A	0	0	0
H5B-P-06-00#s100r042	16	0	0	0	0	ABSTAIN	A	0	0	0
H5B-P-06-01#s100r042	16	0	0	0	0	ABSTAIN	A	0	0	0
H5B-P-06-02#s100r042	16	0	0	0	0	ABSTAIN	A	0	0	0
H5B-P-06-03#s100r042	16	0	0	0	0	ABSTAIN	A	0	0	0
H5B-P-06-04#s100r042	16	0	0	0	0	ABSTAIN	A	0	0	0
H5B-P-06-05#s100r042	16	0	0	0	0	ABSTAIN	A	0	0	0
H5B-P-06-06#s100r042	16	0	0	0	0	ABSTAIN	A	0	0	0
H5B-P-06-07#s100r042	16	0	0	0	0	ABSTAIN	A	0	0	0
H5B-P-06-08#s100r042	16	0	0	0	0	ABSTAIN	A	0	0	0
H5B-P-06-09#s100r042	16	0	0	0	0	ABSTAIN	A	0	0	0
H5B-P-12-00#s100r042	16	0	0	0	0	ABSTAIN	A	0	0	0
H5B-P-12-01#s100r042	16	0	0	0	0	ABSTAIN	A	0	0	0
H5B-P-12-02#s100r042	16	0	0	0	0	ABSTAIN	A	0	0	0
H5B-P-12-03#s100r042	16	0	0	0	0	ABSTAIN	A	0	0	0
H5B-P-12-04#s100r042	16	0	0	0	0	ABSTAIN	A	0	0	0
H5B-P-12-05#s100r042	16	0	0	0	0	ABSTAIN	A	0	0	0
H5B-P-12-06#s100r042	16	0	0	0	0	ABSTAIN	A	0	0	0
H5B-P-12-07#s100r042	16	0	0	0	0	ABSTAIN	A	0	0	0
H5B-P-12-08#s100r042	16	0	0	0	0	ABSTAIN	A	0	0	0
H5B-P-12-09#s100r042	16	0	0	0	0	ABSTAIN	A	0	0	0
H5B-P-20-00#s100r042	16	0	0	0	0	RELEASE	0	0	0	0
H5B-P-20-01#s100r042	16	0	0	0	0	RELEASE	0	0	0	0
H5B-P-20-02#s100r042	16	0	0	0	0	RELEASE	0	0	0	0
H5B-P-20-03#s100r042	16	0	0	0	0	RELEASE	0	0	0	0
H5B-P-20-04#s100r042	16	0	0	0	0	RELEASE	0	0	0	0
H5B-P-20-05#s100r042	16	0	0	0	0	RELEASE	0	0	0	0
H5B-P-20-06#s100r042	16	0	0	0	0	RELEASE	0	0	0	0
H5B-P-20-07#s100r042	16	0	0	0	0	RELEASE	0	0	0	0
H5B-P-20-08#s100r042	16	0	0	0	0	RELEASE	0	0	0	0
H5B-P-20-09#s100r042	16	0	0	0	0	RELEASE	0	0	0	0
H5B-P-40-00#s100r042	16	0	0	0	0	RELEASE	0	0	0	0
H5B-P-40-01#s100r042	16	0	0	0	0	RELEASE	0	0	0	0
H5B-P-40-02#s100r042	16	0	0	0	0	RELEASE	0	0	0	0
H5B-P-40-03#s100r042	16	0	0	0	0	RELEASE	0	0	0	0
H5B-P-40-04#s100r042	16	0	0	0	0	RELEASE	0	0	0	0
H5B-P-40-05#s100r042	16	0	0	0	0	RELEASE	0	0	0	0
H5B-P-40-06#s100r042	16	0	0	0	0	RELEASE	0	0	0	0
H5B-P-40-07#s100r042	16	0	0	0	0	RELEASE	0	0	0	0
H5B-P-40-08#s100r042	16	0	0	0	0	RELEASE	0	0	0	0
H5B-P-40-09#s100r042	16	0	0	0	0	RELEASE	0	0	0	0
H5B-O-06-00#s100r042	16	0	0	0	0	ABSTAIN	A	0	0	0
H5B-O-06-01#s100r042	16	0	0	0	0	ABSTAIN	A	0	0	0
H5B-O-06-02#s100r042	16	0	0	0	0	ABSTAIN	A	0	0	0
H5B-O-06-03#s100r042	16	0	0	0	0	ABSTAIN	A	0	0	0
H5B-O-06-04#s100r042	16	0	0	0	0	ABSTAIN	A	0	0	0
H5B-O-06-05#s100r042	16	0	0	0	0	ABSTAIN	A	0	0	0
H5B-O-06-06#s100r042	16	0	0	0	0	ABSTAIN	A	0	0	0
H5B-O-06-07#s100r042	16	0	0	0	0	ABSTAIN	A	0	0	0
H5B-O-06-08#s100r042	16	0	0	0	0	ABSTAIN	A	0	0	0
H5B-O-06-09#s100r042	16	0	0	0	0	ABSTAIN	A	0	0	0
H5B-O-12-00#s100r042	16	0	0	0	0	ABSTAIN	A	0	0	0
H5B-O-12-01#s100r042	16	0	0	0	0	ABSTAIN	A	0	0	0
H5B-O-12-02#s100r042	16	0	0	0	0	ABSTAIN	A	0	0	0
H5B-O-12-03#s100r042	16	0	0	0	0	ABSTAIN	A	0	0	0
H5B-O-12-04#s100r042	16	0	0	0	0	ABSTAIN	A	0	0	0
H5B-O-12-05#s100r042	16	0	0	0	0	ABSTAIN	A	0	0	0
H5B-O-12-06#s100r042	16	0	0	0	0	ABSTAIN	A	0	0	0
H5B-O-12-07#s100r042	16	0	0	0	0	ABSTAIN	A	0	0	0
H5B-O-12-08#s100r042	16	0	0	0	0	ABSTAIN	A	0	0	0
H5B-O-12-09#s100r042	16	0	0	0	0	ABSTAIN	A	0	0	0
H5B-O-20-00#s100r042	16	0	0	0	0	RELEASE	1	652	0	0
H5B-O-20-01#s100r042	16	0	0	0	0	RELEASE	1	512	0	0
H5B-O-20-02#s100r042	16	0	0	0	0	RELEASE	1	652	0	0
H5B-O-20-03#s100r042	16	0	0	0	0	RELEASE	1	513	0	0
H5B-O-20-04#s100r042	16	0	0	0	0	RELEASE	1	652	0	0
H5B-O-20-05#s100r042	16	0	0	0	0	RELEASE	1	652	0	0
H5B-O-20-06#s100r042	16	0	0	0	0	RELEASE	1	513	0	0
H5B-O-20-07#s100r042	16	0	0	0	0	RELEASE	1	652	0	0
H5B-O-20-08#s100r042	16	0	0	0	0	RELEASE	1	514	0	0
H5B-O-20-09#s100r042	16	0	0	0	0	RELEASE	1	652	0	0
H5B-O-40-00#s100r042	16	0	0	0	0	RELEASE	1	651	0	0
H5B-O-40-01#s100r042	16	0	0	0	0	RELEASE	1	514	0	0
H5B-O-40-02#s100r042	16	0	0	0	0	RELEASE	1	651	0	0
H5B-O-40-03#s100r042	16	0	0	0	0	RELEASE	1	514	0	0
H5B-O-40-04#s100r042	16	0	0	0	0	RELEASE	1	651	0	0
H5B-O-40-05#s100r042	16	0	0	0	0	RELEASE	1	651	0	0
H5B-O-40-06#s100r042	16	0	0	0	0	RELEASE	1	515	0	0
H5B-O-40-07#s100r042	16	0	0	0	0	RELEASE	1	652	0	0
H5B-O-40-08#s100r042	16	0	0	0	0	RELEASE	1	515	0	0
H5B-O-40-09#s100r042	16	0	0	0	0	RELEASE	1	652	0	0
H5B-D-0-00#s100r042	16	0	0	0	0	RELEASE	1	661	0	0
H5B-D-0-01#s100r042	16	0	0	0	0	RELEASE	1	661	0	0
H5B-D-0-02#s100r042	16	0	0	0	0	RELEASE	1	662	0	0
H5B-D-0-03#s100r042	16	0	0	0	0	RELEASE	1	662	0	0
H5B-D-0-04#s100r042	16	0	0	0	0	RELEASE	1	662	0	0
H5B-D-0-05#s100r042	16	0	0	0	0	RELEASE	1	662	0	0
H5B-D-0-06#s100r042	16	0	0	0	0	RELEASE	1	662	0	0
H5B-D-0-07#s100r042	16	0	0	0	0	RELEASE	1	662	0	0
H5B-D-0-08#s100r042	16	0	0	0	0	RELEASE	1	662	0	0
H5B-D-0-09#s100r042	16	0	0	0	0	RELEASE	1	662	0	0
H5B-D-1-00#s100r042	16	0	0	0	0	ABSTAIN	A	0	0	0
H5B-D-1-01#s100r042	16	0	0	0	0	ABSTAIN	A	0	0	0
H5B-D-1-02#s100r042	16	0	0	0	0	ABSTAIN	A	0	0	0
H5B-D-1-03#s100r042	16	0	0	0	0	ABSTAIN	A	0	0	0
H5B-D-1-04#s100r042	16	0	0	0	0	ABSTAIN	A	0	0	0
H5B-D-1-05#s100r042	16	0	0	0	0	ABSTAIN	A	0	0	0
H5B-D-1-06#s100r042	16	0	0	0	0	ABSTAIN	A	0	0	0
H5B-D-1-07#s100r042	16	0	0	0	0	ABSTAIN	A	0	0	0
H5B-D-1-08#s100r042	16	0	0	0	0	ABSTAIN	A	0	0	0
H5B-D-1-09#s100r042	16	0	0	0	0	ABSTAIN	A	0	0	0
H5B-D-2-00#s100r042	16	0	0	0	0	ABSTAIN	A	0	0	0
H5B-D-2-01#s100r042	16	0	0	0	0	ABSTAIN	A	0	0	0
H5B-D-2-02#s100r042	16	0	0	0	0	ABSTAIN	A	0	0	0
H5B-D-2-03#s100r042	16	0	0	0	0	ABSTAIN	A	0	0	0
H5B-D-2-04#s100r042	16	0	0	0	0	ABSTAIN	A	0	0	0
H5B-D-2-05#s100r042	16	0	0	0	0	ABSTAIN	A	0	0	0
H5B-D-2-06#s100r042	16	0	0	0	0	ABSTAIN	A	0	0	0
H5B-D-2-07#s100r042	16	0	0	0	0	ABSTAIN	A	0	0	0
H5B-D-2-08#s100r042	16	0	0	0	0	ABSTAIN	A	0	0	0
H5B-D-2-09#s100r042	16	0	0	0	0	ABSTAIN	A	0	0	0
H5B-D-6-00#s100r042	16	0	0	0	0	ABSTAIN	A	0	0	0
H5B-D-6-01#s100r042	16	0	0	0	0	ABSTAIN	A	0	0	0
H5B-D-6-02#s100r042	16	0	0	0	0	ABSTAIN	A	0	0	0
H5B-D-6-03#s100r042	16	0	0	0	0	ABSTAIN	A	0	0	0
H5B-D-6-04#s100r042	16	0	0	0	0	ABSTAIN	A	0	0	0
H5B-D-6-05#s100r042	16	0	0	0	0	ABSTAIN	A	0	0	0
H5B-D-6-06#s100r042	16	0	0	0	0	ABSTAIN	A	0	0	0
H5B-D-6-07#s100r042	16	0	0	0	0	ABSTAIN	A	0	0	0
H5B-D-6-08#s100r042	16	0	0	0	0	ABSTAIN	A	0	0	0
H5B-D-6-09#s100r042	16	0	0	0	0	ABSTAIN	A	0	0	0
H5B-P-06-00#s100r043	16	0	0	0	0	ABSTAIN	A	0	0	0
H5B-P-06-01#s100r043	16	0	0	0	0	ABSTAIN	A	0	0	0
H5B-P-06-02#s100r043	16	0	0	0	0	ABSTAIN	A	0	0	0
H5B-P-06-03#s100r043	16	0	0	0	0	ABSTAIN	A	0	0	0
H5B-P-06-04#s100r043	16	0	0	0	0	ABSTAIN	A	0	0	0
H5B-P-06-05#s100r043	16	0	0	0	0	ABSTAIN	A	0	0	0
H5B-P-06-06#s100r043	16	0	0	0	0	ABSTAIN	A	0	0	0
H5B-P-06-07#s100r043	16	0	0	0	0	ABSTAIN	A	0	0	0
H5B-P-06-08#s100r043	16	0	0	0	0	ABSTAIN	A	0	0	0
H5B-P-06-09#s100r043	16	0	0	0	0	ABSTAIN	A	0	0	0
H5B-P-12-00#s100r043	16	0	0	0	0	ABSTAIN	A	0	0	0
H5B-P-12-01#s100r043	16	0	0	0	0	ABSTAIN	A	0	0	0
H5B-P-12-02#s100r043	16	0	0	0	0	ABSTAIN	A	0	0	0
H5B-P-12-03#s100r043	16	0	0	0	0	ABSTAIN	A	0	0	0
H5B-P-12-04#s100r043	16	0	0	0	0	ABSTAIN	A	0	0	0
H5B-P-12-05#s100r043	16	0	0	0	0	ABSTAIN	A	0	0	0
H5B-P-12-06#s100r043	16	0	0	0	0	ABSTAIN	A	0	0	0
H5B-P-12-07#s100r043	16	0	0	0	0	ABSTAIN	A	0	0	0
H5B-P-12-08#s100r043	16	0	0	0	0	ABSTAIN	A	0	0	0
H5B-P-12-09#s100r043	16	0	0	0	0	ABSTAIN	A	0	0	0
H5B-P-20-00#s100r043	16	0	0	0	0	RELEASE	0	0	0	0
H5B-P-20-01#s100r043	16	0	0	0	0	RELEASE	0	0	0	0
H5B-P-20-02#s100r043	16	0	0	0	0	RELEASE	0	0	0	0
H5B-P-20-03#s100r043	16	0	0	0	0	RELEASE	0	0	0	0
H5B-P-20-04#s100r043	16	0	0	0	0	RELEASE	0	0	0	0
H5B-P-20-05#s100r043	16	0	0	0	0	RELEASE	0	0	0	0
H5B-P-20-06#s100r043	16	0	0	0	0	RELEASE	0	0	0	0
H5B-P-20-07#s100r043	16	0	0	0	0	RELEASE	0	0	0	0
H5B-P-20-08#s100r043	16	0	0	0	0	RELEASE	0	0	0	0
H5B-P-20-09#s100r043	16	0	0	0	0	RELEASE	0	0	0	0
H5B-P-40-00#s100r043	16	0	0	0	0	RELEASE	0	0	0	0
H5B-P-40-01#s100r043	16	0	0	0	0	RELEASE	0	0	0	0
H5B-P-40-02#s100r043	16	0	0	0	0	RELEASE	0	0	0	0
H5B-P-40-03#s100r043	16	0	0	0	0	RELEASE	0	0	0	0
H5B-P-40-04#s100r043	16	0	0	0	0	RELEASE	0	0	0	0
H5B-P-40-05#s100r043	16	0	0	0	0	RELEASE	0	0	0	0
H5B-P-40-06#s100r043	16	0	0	0	0	RELEASE	0	0	0	0
H5B-P-40-07#s100r043	16	0	0	0	0	RELEASE	0	0	0	0
H5B-P-40-08#s100r043	16	0	0	0	0	RELEASE	0	0	0	0
H5B-P-40-09#s100r043	16	0	0	0	0	RELEASE	0	0	0	0
H5B-O-06-00#s100r043	16	0	0	0	0	ABSTAIN	A	0	0	0
H5B-O-06-01#s100r043	16	0	0	0	0	ABSTAIN	A	0	0	0
H5B-O-06-02#s100r043	16	0	0	0	0	ABSTAIN	A	0	0	0
H5B-O-06-03#s100r043	16	0	0	0	0	ABSTAIN	A	0	0	0
H5B-O-06-04#s100r043	16	0	0	0	0	ABSTAIN	A	0	0	0
H5B-O-06-05#s100r043	16	0	0	0	0	ABSTAIN	A	0	0	0
H5B-O-06-06#s100r043	16	0	0	0	0	ABSTAIN	A	0	0	0
H5B-O-06-07#s100r043	16	0	0	0	0	ABSTAIN	A	0	0	0
H5B-O-06-08#s100r043	16	0	0	0	0	ABSTAIN	A	0	0	0
H5B-O-06-09#s100r043	16	0	0	0	0	ABSTAIN	A	0	0	0
H5B-O-12-00#s100r043	16	0	0	0	0	ABSTAIN	A	0	0	0
H5B-O-12-01#s100r043	16	0	0	0	0	ABSTAIN	A	0	0	0
H5B-O-12-02#s100r043	16	0	0	0	0	ABSTAIN	A	0	0	0
H5B-O-12-03#s100r043	16	0	0	0	0	ABSTAIN	A	0	0	0
H5B-O-12-04#s100r043	16	0	0	0	0	ABSTAIN	A	0	0	0
H5B-O-12-05#s100r043	16	0	0	0	0	ABSTAIN	A	0	0	0
H5B-O-12-06#s100r043	16	0	0	0	0	ABSTAIN	A	0	0	0
H5B-O-12-07#s100r043	16	0	0	0	0	ABSTAIN	A	0	0	0
H5B-O-12-08#s100r043	16	0	0	0	0	ABSTAIN	A	0	0	0
H5B-O-12-09#s100r043	16	0	0	0	0	ABSTAIN	A	0	0	0
H5B-O-20-00#s100r043	16	0	0	0	0	RELEASE	1	652	0	0
H5B-O-20-01#s100r043	16	0	0	0	0	RELEASE	1	513	0	0
H5B-O-20-02#s100r043	16	0	0	0	0	RELEASE	1	652	0	0
H5B-O-20-03#s100r043	16	0	0	0	0	RELEASE	1	513	0	0
H5B-O-20-04#s100r043	16	0	0	0	0	RELEASE	1	652	0	0
H5B-O-20-05#s100r043	16	0	0	0	0	RELEASE	1	652	0	0
H5B-O-20-06#s100r043	16	0	0	0	0	RELEASE	1	513	0	0
H5B-O-20-07#s100r043	16	0	0	0	0	RELEASE	1	652	0	0
H5B-O-20-08#s100r043	16	0	0	0	0	RELEASE	1	514	0	0
H5B-O-20-09#s100r043	16	0	0	0	0	RELEASE	1	652	0	0
H5B-O-40-00#s100r043	16	0	0	0	0	RELEASE	1	651	0	0
H5B-O-40-01#s100r043	16	0	0	0	0	RELEASE	1	514	0	0
H5B-O-40-02#s100r043	16	0	0	0	0	RELEASE	1	651	0	0
H5B-O-40-03#s100r043	16	0	0	0	0	RELEASE	1	514	0	0
H5B-O-40-04#s100r043	16	0	0	0	0	RELEASE	1	651	0	0
H5B-O-40-05#s100r043	16	0	0	0	0	RELEASE	1	651	0	0
H5B-O-40-06#s100r043	16	0	0	0	0	RELEASE	1	515	0	0
H5B-O-40-07#s100r043	16	0	0	0	0	RELEASE	1	652	0	0
H5B-O-40-08#s100r043	16	0	0	0	0	RELEASE	1	515	0	0
H5B-O-40-09#s100r043	16	0	0	0	0	RELEASE	1	652	0	0
H5B-D-0-00#s100r043	16	0	0	0	0	RELEASE	1	661	0	0
H5B-D-0-01#s100r043	16	0	0	0	0	RELEASE	1	661	0	0
H5B-D-0-02#s100r043	16	0	0	0	0	RELEASE	1	661	0	0
H5B-D-0-03#s100r043	16	0	0	0	0	RELEASE	1	662	0	0
H5B-D-0-04#s100r043	16	0	0	0	0	RELEASE	1	662	0	0
H5B-D-0-05#s100r043	16	0	0	0	0	RELEASE	1	662	0	0
H5B-D-0-06#s100r043	16	0	0	0	0	RELEASE	1	662	0	0
H5B-D-0-07#s100r043	16	0	0	0	0	RELEASE	1	662	0	0
H5B-D-0-08#s100r043	16	0	0	0	0	RELEASE	1	662	0	0
H5B-D-0-09#s100r043	16	0	0	0	0	RELEASE	1	662	0	0
H5B-D-1-00#s100r043	16	0	0	0	0	ABSTAIN	A	0	0	0
H5B-D-1-01#s100r043	16	0	0	0	0	ABSTAIN	A	0	0	0
H5B-D-1-02#s100r043	16	0	0	0	0	ABSTAIN	A	0	0	0
H5B-D-1-03#s100r043	16	0	0	0	0	ABSTAIN	A	0	0	0
H5B-D-1-04#s100r043	16	0	0	0	0	ABSTAIN	A	0	0	0
H5B-D-1-05#s100r043	16	0	0	0	0	ABSTAIN	A	0	0	0
H5B-D-1-06#s100r043	16	0	0	0	0	ABSTAIN	A	0	0	0
H5B-D-1-07#s100r043	16	0	0	0	0	ABSTAIN	A	0	0	0
H5B-D-1-08#s100r043	16	0	0	0	0	ABSTAIN	A	0	0	0
H5B-D-1-09#s100r043	16	0	0	0	0	ABSTAIN	A	0	0	0
H5B-D-2-00#s100r043	16	0	0	0	0	ABSTAIN	A	0	0	0
H5B-D-2-01#s100r043	16	0	0	0	0	ABSTAIN	A	0	0	0
H5B-D-2-02#s100r043	16	0	0	0	0	ABSTAIN	A	0	0	0
H5B-D-2-03#s100r043	16	0	0	0	0	ABSTAIN	A	0	0	0
H5B-D-2-04#s100r043	16	0	0	0	0	ABSTAIN	A	0	0	0
H5B-D-2-05#s100r043	16	0	0	0	0	ABSTAIN	A	0	0	0
H5B-D-2-06#s100r043	16	0	0	0	0	ABSTAIN	A	0	0	0
H5B-D-2-07#s100r043	16	0	0	0	0	ABSTAIN	A	0	0	0
H5B-D-2-08#s100r043	16	0	0	0	0	ABSTAIN	A	0	0	0
H5B-D-2-09#s100r043	16	0	0	0	0	ABSTAIN	A	0	0	0
H5B-D-6-00#s100r043	16	0	0	0	0	ABSTAIN	A	0	0	0
H5B-D-6-01#s100r043	16	0	0	0	0	ABSTAIN	A	0	0	0
H5B-D-6-02#s100r043	16	0	0	0	0	ABSTAIN	A	0	0	0
H5B-D-6-03#s100r043	16	0	0	0	0	ABSTAIN	A	0	0	0
H5B-D-6-04#s100r043	16	0	0	0	0	ABSTAIN	A	0	0	0
H5B-D-6-05#s100r043	16	0	0	0	0	ABSTAIN	A	0	0	0
H5B-D-6-06#s100r043	16	0	0	0	0	ABSTAIN	A	0	0	0
H5B-D-6-07#s100r043	16	0	0	0	0	ABSTAIN	A	0	0	0
H5B-D-6-08#s100r043	16	0	0	0	0	ABSTAIN	A	0	0	0
H5B-D-6-09#s100r043	16	0	0	0	0	ABSTAIN	A	0	0	0
H5B-P-06-00#s100r044	16	0	0	0	0	ABSTAIN	A	0	0	0
H5B-P-06-01#s100r044	16	0	0	0	0	ABSTAIN	A	0	0	0
H5B-P-06-02#s100r044	16	0	0	0	0	ABSTAIN	A	0	0	0
H5B-P-06-03#s100r044	16	0	0	0	0	ABSTAIN	A	0	0	0
H5B-P-06-04#s100r044	16	0	0	0	0	ABSTAIN	A	0	0	0
H5B-P-06-05#s100r044	16	0	0	0	0	ABSTAIN	A	0	0	0
H5B-P-06-06#s100r044	16	0	0	0	0	ABSTAIN	A	0	0	0
H5B-P-06-07#s100r044	16	0	0	0	0	ABSTAIN	A	0	0	0
H5B-P-06-08#s100r044	16	0	0	0	0	ABSTAIN	A	0	0	0
H5B-P-06-09#s100r044	16	0	0	0	0	ABSTAIN	A	0	0	0
H5B-P-12-00#s100r044	16	0	0	0	0	ABSTAIN	A	0	0	0
H5B-P-12-01#s100r044	16	0	0	0	0	ABSTAIN	A	0	0	0
H5B-P-12-02#s100r044	16	0	0	0	0	ABSTAIN	A	0	0	0
H5B-P-12-03#s100r044	16	0	0	0	0	ABSTAIN	A	0	0	0
H5B-P-12-04#s100r044	16	0	0	0	0	ABSTAIN	A	0	0	0
H5B-P-12-05#s100r044	16	0	0	0	0	ABSTAIN	A	0	0	0
H5B-P-12-06#s100r044	16	0	0	0	0	ABSTAIN	A	0	0	0
H5B-P-12-07#s100r044	16	0	0	0	0	ABSTAIN	A	0	0	0
H5B-P-12-08#s100r044	16	0	0	0	0	ABSTAIN	A	0	0	0
H5B-P-12-09#s100r044	16	0	0	0	0	ABSTAIN	A	0	0	0
H5B-P-20-00#s100r044	16	0	0	0	0	RELEASE	0	0	0	0
H5B-P-20-01#s100r044	16	0	0	0	0	RELEASE	0	0	0	0
H5B-P-20-02#s100r044	16	0	0	0	0	RELEASE	0	0	0	0
H5B-P-20-03#s100r044	16	0	0	0	0	RELEASE	0	0	0	0
H5B-P-20-04#s100r044	16	0	0	0	0	RELEASE	0	0	0	0
H5B-P-20-05#s100r044	16	0	0	0	0	RELEASE	0	0	0	0
H5B-P-20-06#s100r044	16	0	0	0	0	RELEASE	0	0	0	0
H5B-P-20-07#s100r044	16	0	0	0	0	RELEASE	0	0	0	0
H5B-P-20-08#s100r044	16	0	0	0	0	RELEASE	0	0	0	0
H5B-P-20-09#s100r044	16	0	0	0	0	RELEASE	0	0	0	0
H5B-P-40-00#s100r044	16	0	0	0	0	RELEASE	0	0	0	0
H5B-P-40-01#s100r044	16	0	0	0	0	RELEASE	0	0	0	0
H5B-P-40-02#s100r044	16	0	0	0	0	RELEASE	0	0	0	0
H5B-P-40-03#s100r044	16	0	0	0	0	RELEASE	0	0	0	0
H5B-P-40-04#s100r044	16	0	0	0	0	RELEASE	0	0	0	0
H5B-P-40-05#s100r044	16	0	0	0	0	RELEASE	0	0	0	0
H5B-P-40-06#s100r044	16	0	0	0	0	RELEASE	0	0	0	0
H5B-P-40-07#s100r044	16	0	0	0	0	RELEASE	0	0	0	0
H5B-P-40-08#s100r044	16	0	0	0	0	RELEASE	0	0	0	0
H5B-P-40-09#s100r044	16	0	0	0	0	RELEASE	0	0	0	0
H5B-O-06-00#s100r044	16	0	0	0	0	ABSTAIN	A	0	0	0
H5B-O-06-01#s100r044	16	0	0	0	0	ABSTAIN	A	0	0	0
H5B-O-06-02#s100r044	16	0	0	0	0	ABSTAIN	A	0	0	0
H5B-O-06-03#s100r044	16	0	0	0	0	ABSTAIN	A	0	0	0
H5B-O-06-04#s100r044	16	0	0	0	0	ABSTAIN	A	0	0	0
H5B-O-06-05#s100r044	16	0	0	0	0	ABSTAIN	A	0	0	0
H5B-O-06-06#s100r044	16	0	0	0	0	ABSTAIN	A	0	0	0
H5B-O-06-07#s100r044	16	0	0	0	0	ABSTAIN	A	0	0	0
H5B-O-06-08#s100r044	16	0	0	0	0	ABSTAIN	A	0	0	0
H5B-O-06-09#s100r044	16	0	0	0	0	ABSTAIN	A	0	0	0
H5B-O-12-00#s100r044	16	0	0	0	0	ABSTAIN	A	0	0	0
H5B-O-12-01#s100r044	16	0	0	0	0	ABSTAIN	A	0	0	0
H5B-O-12-02#s100r044	16	0	0	0	0	ABSTAIN	A	0	0	0
H5B-O-12-03#s100r044	16	0	0	0	0	ABSTAIN	A	0	0	0
H5B-O-12-04#s100r044	16	0	0	0	0	ABSTAIN	A	0	0	0
H5B-O-12-05#s100r044	16	0	0	0	0	ABSTAIN	A	0	0	0
H5B-O-12-06#s100r044	16	0	0	0	0	ABSTAIN	A	0	0	0
H5B-O-12-07#s100r044	16	0	0	0	0	ABSTAIN	A	0	0	0
H5B-O-12-08#s100r044	16	0	0	0	0	ABSTAIN	A	0	0	0
H5B-O-12-09#s100r044	16	0	0	0	0	ABSTAIN	A	0	0	0
H5B-O-20-00#s100r044	16	0	0	0	0	RELEASE	1	652	0	0
H5B-O-20-01#s100r044	16	0	0	0	0	RELEASE	1	513	0	0
H5B-O-20-02#s100r044	16	0	0	0	0	RELEASE	1	652	0	0
H5B-O-20-03#s100r044	16	0	0	0	0	RELEASE	1	513	0	0
H5B-O-20-04#s100r044	16	0	0	0	0	RELEASE	1	652	0	0
H5B-O-20-05#s100r044	16	0	0	0	0	RELEASE	1	652	0	0
H5B-O-20-06#s100r044	16	0	0	0	0	RELEASE	1	513	0	0
H5B-O-20-07#s100r044	16	0	0	0	0	RELEASE	1	652	0	0
H5B-O-20-08#s100r044	16	0	0	0	0	RELEASE	1	514	0	0
H5B-O-20-09#s100r044	16	0	0	0	0	RELEASE	1	652	0	0
H5B-O-40-00#s100r044	16	0	0	0	0	RELEASE	1	651	0	0
H5B-O-40-01#s100r044	16	0	0	0	0	RELEASE	1	514	0	0
H5B-O-40-02#s100r044	16	0	0	0	0	RELEASE	1	651	0	0
H5B-O-40-03#s100r044	16	0	0	0	0	RELEASE	1	514	0	0
H5B-O-40-04#s100r044	16	0	0	0	0	RELEASE	1	651	0	0
H5B-O-40-05#s100r044	16	0	0	0	0	RELEASE	1	651	0	0
H5B-O-40-06#s100r044	16	0	0	0	0	RELEASE	1	515	0	0
H5B-O-40-07#s100r044	16	0	0	0	0	RELEASE	1	652	0	0
H5B-O-40-08#s100r044	16	0	0	0	0	RELEASE	1	515	0	0
H5B-O-40-09#s100r044	16	0	0	0	0	RELEASE	1	652	0	0
H5B-D-0-00#s100r044	16	0	0	0	0	RELEASE	1	661	0	0
H5B-D-0-01#s100r044	16	0	0	0	0	RELEASE	1	661	0	0
H5B-D-0-02#s100r044	16	0	0	0	0	RELEASE	1	661	0	0
H5B-D-0-03#s100r044	16	0	0	0	0	RELEASE	1	662	0	0
H5B-D-0-04#s100r044	16	0	0	0	0	RELEASE	1	662	0	0
H5B-D-0-05#s100r044	16	0	0	0	0	RELEASE	1	662	0	0
H5B-D-0-06#s100r044	16	0	0	0	0	RELEASE	1	662	0	0
H5B-D-0-07#s100r044	16	0	0	0	0	RELEASE	1	662	0	0
H5B-D-0-08#s100r044	16	0	0	0	0	RELEASE	1	662	0	0
H5B-D-0-09#s100r044	16	0	0	0	0	RELEASE	1	662	0	0
H5B-D-1-00#s100r044	16	0	0	0	0	ABSTAIN	A	0	0	0
H5B-D-1-01#s100r044	16	0	0	0	0	ABSTAIN	A	0	0	0
H5B-D-1-02#s100r044	16	0	0	0	0	ABSTAIN	A	0	0	0
H5B-D-1-03#s100r044	16	0	0	0	0	ABSTAIN	A	0	0	0
H5B-D-1-04#s100r044	16	0	0	0	0	ABSTAIN	A	0	0	0
H5B-D-1-05#s100r044	16	0	0	0	0	ABSTAIN	A	0	0	0
H5B-D-1-06#s100r044	16	0	0	0	0	ABSTAIN	A	0	0	0
H5B-D-1-07#s100r044	16	0	0	0	0	ABSTAIN	A	0	0	0
H5B-D-1-08#s100r044	16	0	0	0	0	ABSTAIN	A	0	0	0
H5B-D-1-09#s100r044	16	0	0	0	0	ABSTAIN	A	0	0	0
H5B-D-2-00#s100r044	16	0	0	0	0	ABSTAIN	A	0	0	0
H5B-D-2-01#s100r044	16	0	0	0	0	ABSTAIN	A	0	0	0
H5B-D-2-02#s100r044	16	0	0	0	0	ABSTAIN	A	0	0	0
H5B-D-2-03#s100r044	16	0	0	0	0	ABSTAIN	A	0	0	0
H5B-D-2-04#s100r044	16	0	0	0	0	ABSTAIN	A	0	0	0
H5B-D-2-05#s100r044	16	0	0	0	0	ABSTAIN	A	0	0	0
H5B-D-2-06#s100r044	16	0	0	0	0	ABSTAIN	A	0	0	0
H5B-D-2-07#s100r044	16	0	0	0	0	ABSTAIN	A	0	0	0
H5B-D-2-08#s100r044	16	0	0	0	0	ABSTAIN	A	0	0	0
H5B-D-2-09#s100r044	16	0	0	0	0	ABSTAIN	A	0	0	0
H5B-D-6-00#s100r044	16	0	0	0	0	ABSTAIN	A	0	0	0
H5B-D-6-01#s100r044	16	0	0	0	0	ABSTAIN	A	0	0	0
H5B-D-6-02#s100r044	16	0	0	0	0	ABSTAIN	A	0	0	0
H5B-D-6-03#s100r044	16	0	0	0	0	ABSTAIN	A	0	0	0
H5B-D-6-04#s100r044	16	0	0	0	0	ABSTAIN	A	0	0	0
H5B-D-6-05#s100r044	16	0	0	0	0	ABSTAIN	A	0	0	0
H5B-D-6-06#s100r044	16	0	0	0	0	ABSTAIN	A	0	0	0
H5B-D-6-07#s100r044	16	0	0	0	0	ABSTAIN	A	0	0	0
H5B-D-6-08#s100r044	16	0	0	0	0	ABSTAIN	A	0	0	0
H5B-D-6-09#s100r044	16	0	0	0	0	ABSTAIN	A	0	0	0
H5B-P-06-00#s100r045	16	0	0	0	0	ABSTAIN	A	0	0	0
H5B-P-06-01#s100r045	16	0	0	0	0	ABSTAIN	A	0	0	0
H5B-P-06-02#s100r045	16	0	0	0	0	ABSTAIN	A	0	0	0
H5B-P-06-03#s100r045	16	0	0	0	0	ABSTAIN	A	0	0	0
H5B-P-06-04#s100r045	16	0	0	0	0	ABSTAIN	A	0	0	0
H5B-P-06-05#s100r045	16	0	0	0	0	ABSTAIN	A	0	0	0
H5B-P-06-06#s100r045	16	0	0	0	0	ABSTAIN	A	0	0	0
H5B-P-06-07#s100r045	16	0	0	0	0	ABSTAIN	A	0	0	0
H5B-P-06-08#s100r045	16	0	0	0	0	ABSTAIN	A	0	0	0
H5B-P-06-09#s100r045	16	0	0	0	0	ABSTAIN	A	0	0	0
H5B-P-12-00#s100r045	16	0	0	0	0	ABSTAIN	A	0	0	0
H5B-P-12-01#s100r045	16	0	0	0	0	ABSTAIN	A	0	0	0
H5B-P-12-02#s100r045	16	0	0	0	0	ABSTAIN	A	0	0	0
H5B-P-12-03#s100r045	16	0	0	0	0	ABSTAIN	A	0	0	0
H5B-P-12-04#s100r045	16	0	0	0	0	ABSTAIN	A	0	0	0
H5B-P-12-05#s100r045	16	0	0	0	0	ABSTAIN	A	0	0	0
H5B-P-12-06#s100r045	16	0	0	0	0	ABSTAIN	A	0	0	0
H5B-P-12-07#s100r045	16	0	0	0	0	ABSTAIN	A	0	0	0
H5B-P-12-08#s100r045	16	0	0	0	0	ABSTAIN	A	0	0	0
H5B-P-12-09#s100r045	16	0	0	0	0	ABSTAIN	A	0	0	0
H5B-P-20-00#s100r045	16	0	0	0	0	RELEASE	0	0	0	0
H5B-P-20-01#s100r045	16	0	0	0	0	RELEASE	0	0	0	0
H5B-P-20-02#s100r045	16	0	0	0	0	RELEASE	0	0	0	0
H5B-P-20-03#s100r045	16	0	0	0	0	RELEASE	0	0	0	0
H5B-P-20-04#s100r045	16	0	0	0	0	RELEASE	0	0	0	0
H5B-P-20-05#s100r045	16	0	0	0	0	RELEASE	0	0	0	0
H5B-P-20-06#s100r045	16	0	0	0	0	RELEASE	0	0	0	0
H5B-P-20-07#s100r045	16	0	0	0	0	RELEASE	0	0	0	0
H5B-P-20-08#s100r045	16	0	0	0	0	RELEASE	0	0	0	0
H5B-P-20-09#s100r045	16	0	0	0	0	RELEASE	0	0	0	0
H5B-P-40-00#s100r045	16	0	0	0	0	RELEASE	0	0	0	0
H5B-P-40-01#s100r045	16	0	0	0	0	RELEASE	0	0	0	0
H5B-P-40-02#s100r045	16	0	0	0	0	RELEASE	0	0	0	0
H5B-P-40-03#s100r045	16	0	0	0	0	RELEASE	0	0	0	0
H5B-P-40-04#s100r045	16	0	0	0	0	RELEASE	0	0	0	0
H5B-P-40-05#s100r045	16	0	0	0	0	RELEASE	0	0	0	0
H5B-P-40-06#s100r045	16	0	0	0	0	RELEASE	0	0	0	0
H5B-P-40-07#s100r045	16	0	0	0	0	RELEASE	0	0	0	0
H5B-P-40-08#s100r045	16	0	0	0	0	RELEASE	0	0	0	0
H5B-P-40-09#s100r045	16	0	0	0	0	RELEASE	0	0	0	0
H5B-O-06-00#s100r045	16	0	0	0	0	ABSTAIN	A	0	0	0
H5B-O-06-01#s100r045	16	0	0	0	0	ABSTAIN	A	0	0	0
H5B-O-06-02#s100r045	16	0	0	0	0	ABSTAIN	A	0	0	0
H5B-O-06-03#s100r045	16	0	0	0	0	ABSTAIN	A	0	0	0
H5B-O-06-04#s100r045	16	0	0	0	0	ABSTAIN	A	0	0	0
H5B-O-06-05#s100r045	16	0	0	0	0	ABSTAIN	A	0	0	0
H5B-O-06-06#s100r045	16	0	0	0	0	ABSTAIN	A	0	0	0
H5B-O-06-07#s100r045	16	0	0	0	0	ABSTAIN	A	0	0	0
H5B-O-06-08#s100r045	16	0	0	0	0	ABSTAIN	A	0	0	0
H5B-O-06-09#s100r045	16	0	0	0	0	ABSTAIN	A	0	0	0
H5B-O-12-00#s100r045	16	0	0	0	0	ABSTAIN	A	0	0	0
H5B-O-12-01#s100r045	16	0	0	0	0	ABSTAIN	A	0	0	0
H5B-O-12-02#s100r045	16	0	0	0	0	ABSTAIN	A	0	0	0
H5B-O-12-03#s100r045	16	0	0	0	0	ABSTAIN	A	0	0	0
H5B-O-12-04#s100r045	16	0	0	0	0	ABSTAIN	A	0	0	0
H5B-O-12-05#s100r045	16	0	0	0	0	ABSTAIN	A	0	0	0
H5B-O-12-06#s100r045	16	0	0	0	0	ABSTAIN	A	0	0	0
H5B-O-12-07#s100r045	16	0	0	0	0	ABSTAIN	A	0	0	0
H5B-O-12-08#s100r045	16	0	0	0	0	ABSTAIN	A	0	0	0
H5B-O-12-09#s100r045	16	0	0	0	0	ABSTAIN	A	0	0	0
H5B-O-20-00#s100r045	16	0	0	0	0	RELEASE	1	652	0	0
H5B-O-20-01#s100r045	16	0	0	0	0	RELEASE	1	513	0	0
H5B-O-20-02#s100r045	16	0	0	0	0	RELEASE	1	652	0	0
H5B-O-20-03#s100r045	16	0	0	0	0	RELEASE	1	513	0	0
H5B-O-20-04#s100r045	16	0	0	0	0	RELEASE	1	652	0	0
H5B-O-20-05#s100r045	16	0	0	0	0	RELEASE	1	652	0	0
H5B-O-20-06#s100r045	16	0	0	0	0	RELEASE	1	513	0	0
H5B-O-20-07#s100r045	16	0	0	0	0	RELEASE	1	652	0	0
H5B-O-20-08#s100r045	16	0	0	0	0	RELEASE	1	514	0	0
H5B-O-20-09#s100r045	16	0	0	0	0	RELEASE	1	652	0	0
H5B-O-40-00#s100r045	16	0	0	0	0	RELEASE	1	651	0	0
H5B-O-40-01#s100r045	16	0	0	0	0	RELEASE	1	514	0	0
H5B-O-40-02#s100r045	16	0	0	0	0	RELEASE	1	651	0	0
H5B-O-40-03#s100r045	16	0	0	0	0	RELEASE	1	514	0	0
H5B-O-40-04#s100r045	16	0	0	0	0	RELEASE	1	651	0	0
H5B-O-40-05#s100r045	16	0	0	0	0	RELEASE	1	651	0	0
H5B-O-40-06#s100r045	16	0	0	0	0	RELEASE	1	515	0	0
H5B-O-40-07#s100r045	16	0	0	0	0	RELEASE	1	652	0	0
H5B-O-40-08#s100r045	16	0	0	0	0	RELEASE	1	515	0	0
H5B-O-40-09#s100r045	16	0	0	0	0	RELEASE	1	652	0	0
H5B-D-0-00#s100r045	16	0	0	0	0	RELEASE	1	661	0	0
H5B-D-0-01#s100r045	16	0	0	0	0	RELEASE	1	661	0	0
H5B-D-0-02#s100r045	16	0	0	0	0	RELEASE	1	661	0	0
H5B-D-0-03#s100r045	16	0	0	0	0	RELEASE	1	661	0	0
H5B-D-0-04#s100r045	16	0	0	0	0	RELEASE	1	662	0	0
H5B-D-0-05#s100r045	16	0	0	0	0	RELEASE	1	662	0	0
H5B-D-0-06#s100r045	16	0	0	0	0	RELEASE	1	662	0	0
H5B-D-0-07#s100r045	16	0	0	0	0	RELEASE	1	662	0	0
H5B-D-0-08#s100r045	16	0	0	0	0	RELEASE	1	662	0	0
H5B-D-0-09#s100r045	16	0	0	0	0	RELEASE	1	662	0	0
H5B-D-1-00#s100r045	16	0	0	0	0	ABSTAIN	A	0	0	0
H5B-D-1-01#s100r045	16	0	0	0	0	ABSTAIN	A	0	0	0
H5B-D-1-02#s100r045	16	0	0	0	0	ABSTAIN	A	0	0	0
H5B-D-1-03#s100r045	16	0	0	0	0	ABSTAIN	A	0	0	0
H5B-D-1-04#s100r045	16	0	0	0	0	ABSTAIN	A	0	0	0
H5B-D-1-05#s100r045	16	0	0	0	0	ABSTAIN	A	0	0	0
H5B-D-1-06#s100r045	16	0	0	0	0	ABSTAIN	A	0	0	0
H5B-D-1-07#s100r045	16	0	0	0	0	ABSTAIN	A	0	0	0
H5B-D-1-08#s100r045	16	0	0	0	0	ABSTAIN	A	0	0	0
H5B-D-1-09#s100r045	16	0	0	0	0	ABSTAIN	A	0	0	0
H5B-D-2-00#s100r045	16	0	0	0	0	ABSTAIN	A	0	0	0
H5B-D-2-01#s100r045	16	0	0	0	0	ABSTAIN	A	0	0	0
H5B-D-2-02#s100r045	16	0	0	0	0	ABSTAIN	A	0	0	0
H5B-D-2-03#s100r045	16	0	0	0	0	ABSTAIN	A	0	0	0
H5B-D-2-04#s100r045	16	0	0	0	0	ABSTAIN	A	0	0	0
H5B-D-2-05#s100r045	16	0	0	0	0	ABSTAIN	A	0	0	0
H5B-D-2-06#s100r045	16	0	0	0	0	ABSTAIN	A	0	0	0
H5B-D-2-07#s100r045	16	0	0	0	0	ABSTAIN	A	0	0	0
H5B-D-2-08#s100r045	16	0	0	0	0	ABSTAIN	A	0	0	0
H5B-D-2-09#s100r045	16	0	0	0	0	ABSTAIN	A	0	0	0
H5B-D-6-00#s100r045	16	0	0	0	0	ABSTAIN	A	0	0	0
H5B-D-6-01#s100r045	16	0	0	0	0	ABSTAIN	A	0	0	0
H5B-D-6-02#s100r045	16	0	0	0	0	ABSTAIN	A	0	0	0
H5B-D-6-03#s100r045	16	0	0	0	0	ABSTAIN	A	0	0	0
H5B-D-6-04#s100r045	16	0	0	0	0	ABSTAIN	A	0	0	0
H5B-D-6-05#s100r045	16	0	0	0	0	ABSTAIN	A	0	0	0
H5B-D-6-06#s100r045	16	0	0	0	0	ABSTAIN	A	0	0	0
H5B-D-6-07#s100r045	16	0	0	0	0	ABSTAIN	A	0	0	0
H5B-D-6-08#s100r045	16	0	0	0	0	ABSTAIN	A	0	0	0
H5B-D-6-09#s100r045	16	0	0	0	0	ABSTAIN	A	0	0	0
H5B-P-06-00#s100r046	16	0	0	0	0	ABSTAIN	A	0	0	0
H5B-P-06-01#s100r046	16	0	0	0	0	ABSTAIN	A	0	0	0
H5B-P-06-02#s100r046	16	0	0	0	0	ABSTAIN	A	0	0	0
H5B-P-06-03#s100r046	16	0	0	0	0	ABSTAIN	A	0	0	0
H5B-P-06-04#s100r046	16	0	0	0	0	ABSTAIN	A	0	0	0
H5B-P-06-05#s100r046	16	0	0	0	0	ABSTAIN	A	0	0	0
H5B-P-06-06#s100r046	16	0	0	0	0	ABSTAIN	A	0	0	0
H5B-P-06-07#s100r046	16	0	0	0	0	ABSTAIN	A	0	0	0
H5B-P-06-08#s100r046	16	0	0	0	0	ABSTAIN	A	0	0	0
H5B-P-06-09#s100r046	16	0	0	0	0	ABSTAIN	A	0	0	0
H5B-P-12-00#s100r046	16	0	0	0	0	ABSTAIN	A	0	0	0
H5B-P-12-01#s100r046	16	0	0	0	0	ABSTAIN	A	0	0	0
H5B-P-12-02#s100r046	16	0	0	0	0	ABSTAIN	A	0	0	0
H5B-P-12-03#s100r046	16	0	0	0	0	ABSTAIN	A	0	0	0
H5B-P-12-04#s100r046	16	0	0	0	0	ABSTAIN	A	0	0	0
H5B-P-12-05#s100r046	16	0	0	0	0	ABSTAIN	A	0	0	0
H5B-P-12-06#s100r046	16	0	0	0	0	ABSTAIN	A	0	0	0
H5B-P-12-07#s100r046	16	0	0	0	0	ABSTAIN	A	0	0	0
H5B-P-12-08#s100r046	16	0	0	0	0	ABSTAIN	A	0	0	0
H5B-P-12-09#s100r046	16	0	0	0	0	ABSTAIN	A	0	0	0
H5B-P-20-00#s100r046	16	0	0	0	0	RELEASE	0	0	0	0
H5B-P-20-01#s100r046	16	0	0	0	0	RELEASE	0	0	0	0
H5B-P-20-02#s100r046	16	0	0	0	0	RELEASE	0	0	0	0
H5B-P-20-03#s100r046	16	0	0	0	0	RELEASE	0	0	0	0
H5B-P-20-04#s100r046	16	0	0	0	0	RELEASE	0	0	0	0
H5B-P-20-05#s100r046	16	0	0	0	0	RELEASE	0	0	0	0
H5B-P-20-06#s100r046	16	0	0	0	0	RELEASE	0	0	0	0
H5B-P-20-07#s100r046	16	0	0	0	0	RELEASE	0	0	0	0
H5B-P-20-08#s100r046	16	0	0	0	0	RELEASE	0	0	0	0
H5B-P-20-09#s100r046	16	0	0	0	0	RELEASE	0	0	0	0
H5B-P-40-00#s100r046	16	0	0	0	0	RELEASE	0	0	0	0
H5B-P-40-01#s100r046	16	0	0	0	0	RELEASE	0	0	0	0
H5B-P-40-02#s100r046	16	0	0	0	0	RELEASE	0	0	0	0
H5B-P-40-03#s100r046	16	0	0	0	0	RELEASE	0	0	0	0
H5B-P-40-04#s100r046	16	0	0	0	0	RELEASE	0	0	0	0
H5B-P-40-05#s100r046	16	0	0	0	0	RELEASE	0	0	0	0
H5B-P-40-06#s100r046	16	0	0	0	0	RELEASE	0	0	0	0
H5B-P-40-07#s100r046	16	0	0	0	0	RELEASE	0	0	0	0
H5B-P-40-08#s100r046	16	0	0	0	0	RELEASE	0	0	0	0
H5B-P-40-09#s100r046	16	0	0	0	0	RELEASE	0	0	0	0
H5B-O-06-00#s100r046	16	0	0	0	0	ABSTAIN	A	0	0	0
H5B-O-06-01#s100r046	16	0	0	0	0	ABSTAIN	A	0	0	0
H5B-O-06-02#s100r046	16	0	0	0	0	ABSTAIN	A	0	0	0
H5B-O-06-03#s100r046	16	0	0	0	0	ABSTAIN	A	0	0	0
H5B-O-06-04#s100r046	16	0	0	0	0	ABSTAIN	A	0	0	0
H5B-O-06-05#s100r046	16	0	0	0	0	ABSTAIN	A	0	0	0
H5B-O-06-06#s100r046	16	0	0	0	0	ABSTAIN	A	0	0	0
H5B-O-06-07#s100r046	16	0	0	0	0	ABSTAIN	A	0	0	0
H5B-O-06-08#s100r046	16	0	0	0	0	ABSTAIN	A	0	0	0
H5B-O-06-09#s100r046	16	0	0	0	0	ABSTAIN	A	0	0	0
H5B-O-12-00#s100r046	16	0	0	0	0	ABSTAIN	A	0	0	0
H5B-O-12-01#s100r046	16	0	0	0	0	ABSTAIN	A	0	0	0
H5B-O-12-02#s100r046	16	0	0	0	0	ABSTAIN	A	0	0	0
H5B-O-12-03#s100r046	16	0	0	0	0	ABSTAIN	A	0	0	0
H5B-O-12-04#s100r046	16	0	0	0	0	ABSTAIN	A	0	0	0
H5B-O-12-05#s100r046	16	0	0	0	0	ABSTAIN	A	0	0	0
H5B-O-12-06#s100r046	16	0	0	0	0	ABSTAIN	A	0	0	0
H5B-O-12-07#s100r046	16	0	0	0	0	ABSTAIN	A	0	0	0
H5B-O-12-08#s100r046	16	0	0	0	0	ABSTAIN	A	0	0	0
H5B-O-12-09#s100r046	16	0	0	0	0	ABSTAIN	A	0	0	0
H5B-O-20-00#s100r046	16	0	0	0	0	RELEASE	1	652	0	0
H5B-O-20-01#s100r046	16	0	0	0	0	RELEASE	1	513	0	0
H5B-O-20-02#s100r046	16	0	0	0	0	RELEASE	1	652	0	0
H5B-O-20-03#s100r046	16	0	0	0	0	RELEASE	1	513	0	0
H5B-O-20-04#s100r046	16	0	0	0	0	RELEASE	1	652	0	0
H5B-O-20-05#s100r046	16	0	0	0	0	RELEASE	1	652	0	0
H5B-O-20-06#s100r046	16	0	0	0	0	RELEASE	1	513	0	0
H5B-O-20-07#s100r046	16	0	0	0	0	RELEASE	1	652	0	0
H5B-O-20-08#s100r046	16	0	0	0	0	RELEASE	1	514	0	0
H5B-O-20-09#s100r046	16	0	0	0	0	RELEASE	1	652	0	0
H5B-O-40-00#s100r046	16	0	0	0	0	RELEASE	1	651	0	0
H5B-O-40-01#s100r046	16	0	0	0	0	RELEASE	1	514	0	0
H5B-O-40-02#s100r046	16	0	0	0	0	RELEASE	1	651	0	0
H5B-O-40-03#s100r046	16	0	0	0	0	RELEASE	1	514	0	0
H5B-O-40-04#s100r046	16	0	0	0	0	RELEASE	1	651	0	0
H5B-O-40-05#s100r046	16	0	0	0	0	RELEASE	1	651	0	0
H5B-O-40-06#s100r046	16	0	0	0	0	RELEASE	1	515	0	0
H5B-O-40-07#s100r046	16	0	0	0	0	RELEASE	1	652	0	0
H5B-O-40-08#s100r046	16	0	0	0	0	RELEASE	1	515	0	0
H5B-O-40-09#s100r046	16	0	0	0	0	RELEASE	1	652	0	0
H5B-D-0-00#s100r046	16	0	0	0	0	RELEASE	1	661	0	0
H5B-D-0-01#s100r046	16	0	0	0	0	RELEASE	1	661	0	0
H5B-D-0-02#s100r046	16	0	0	0	0	RELEASE	1	661	0	0
H5B-D-0-03#s100r046	16	0	0	0	0	RELEASE	1	661	0	0
H5B-D-0-04#s100r046	16	0	0	0	0	RELEASE	1	661	0	0
H5B-D-0-05#s100r046	16	0	0	0	0	RELEASE	1	662	0	0
H5B-D-0-06#s100r046	16	0	0	0	0	RELEASE	1	662	0	0
H5B-D-0-07#s100r046	16	0	0	0	0	RELEASE	1	662	0	0
H5B-D-0-08#s100r046	16	0	0	0	0	RELEASE	1	662	0	0
H5B-D-0-09#s100r046	16	0	0	0	0	RELEASE	1	662	0	0
H5B-D-1-00#s100r046	16	0	0	0	0	ABSTAIN	A	0	0	0
H5B-D-1-01#s100r046	16	0	0	0	0	ABSTAIN	A	0	0	0
H5B-D-1-02#s100r046	16	0	0	0	0	ABSTAIN	A	0	0	0
H5B-D-1-03#s100r046	16	0	0	0	0	ABSTAIN	A	0	0	0
H5B-D-1-04#s100r046	16	0	0	0	0	ABSTAIN	A	0	0	0
H5B-D-1-05#s100r046	16	0	0	0	0	ABSTAIN	A	0	0	0
H5B-D-1-06#s100r046	16	0	0	0	0	ABSTAIN	A	0	0	0
H5B-D-1-07#s100r046	16	0	0	0	0	ABSTAIN	A	0	0	0
H5B-D-1-08#s100r046	16	0	0	0	0	ABSTAIN	A	0	0	0
H5B-D-1-09#s100r046	16	0	0	0	0	ABSTAIN	A	0	0	0
H5B-D-2-00#s100r046	16	0	0	0	0	ABSTAIN	A	0	0	0
H5B-D-2-01#s100r046	16	0	0	0	0	ABSTAIN	A	0	0	0
H5B-D-2-02#s100r046	16	0	0	0	0	ABSTAIN	A	0	0	0
H5B-D-2-03#s100r046	16	0	0	0	0	ABSTAIN	A	0	0	0
H5B-D-2-04#s100r046	16	0	0	0	0	ABSTAIN	A	0	0	0
H5B-D-2-05#s100r046	16	0	0	0	0	ABSTAIN	A	0	0	0
H5B-D-2-06#s100r046	16	0	0	0	0	ABSTAIN	A	0	0	0
H5B-D-2-07#s100r046	16	0	0	0	0	ABSTAIN	A	0	0	0
H5B-D-2-08#s100r046	16	0	0	0	0	ABSTAIN	A	0	0	0
H5B-D-2-09#s100r046	16	0	0	0	0	ABSTAIN	A	0	0	0
H5B-D-6-00#s100r046	16	0	0	0	0	ABSTAIN	A	0	0	0
H5B-D-6-01#s100r046	16	0	0	0	0	ABSTAIN	A	0	0	0
H5B-D-6-02#s100r046	16	0	0	0	0	ABSTAIN	A	0	0	0
H5B-D-6-03#s100r046	16	0	0	0	0	ABSTAIN	A	0	0	0
H5B-D-6-04#s100r046	16	0	0	0	0	ABSTAIN	A	0	0	0
H5B-D-6-05#s100r046	16	0	0	0	0	ABSTAIN	A	0	0	0
H5B-D-6-06#s100r046	16	0	0	0	0	ABSTAIN	A	0	0	0
H5B-D-6-07#s100r046	16	0	0	0	0	ABSTAIN	A	0	0	0
H5B-D-6-08#s100r046	16	0	0	0	0	ABSTAIN	A	0	0	0
H5B-D-6-09#s100r046	16	0	0	0	0	ABSTAIN	A	0	0	0
H5B-P-06-00#s100r047	16	0	0	0	0	ABSTAIN	A	0	0	0
H5B-P-06-01#s100r047	16	0	0	0	0	ABSTAIN	A	0	0	0
H5B-P-06-02#s100r047	16	0	0	0	0	ABSTAIN	A	0	0	0
H5B-P-06-03#s100r047	16	0	0	0	0	ABSTAIN	A	0	0	0
H5B-P-06-04#s100r047	16	0	0	0	0	ABSTAIN	A	0	0	0
H5B-P-06-05#s100r047	16	0	0	0	0	ABSTAIN	A	0	0	0
H5B-P-06-06#s100r047	16	0	0	0	0	ABSTAIN	A	0	0	0
H5B-P-06-07#s100r047	16	0	0	0	0	ABSTAIN	A	0	0	0
H5B-P-06-08#s100r047	16	0	0	0	0	ABSTAIN	A	0	0	0
H5B-P-06-09#s100r047	16	0	0	0	0	ABSTAIN	A	0	0	0
H5B-P-12-00#s100r047	16	0	0	0	0	ABSTAIN	A	0	0	0
H5B-P-12-01#s100r047	16	0	0	0	0	ABSTAIN	A	0	0	0
H5B-P-12-02#s100r047	16	0	0	0	0	ABSTAIN	A	0	0	0
H5B-P-12-03#s100r047	16	0	0	0	0	ABSTAIN	A	0	0	0
H5B-P-12-04#s100r047	16	0	0	0	0	ABSTAIN	A	0	0	0
H5B-P-12-05#s100r047	16	0	0	0	0	ABSTAIN	A	0	0	0
H5B-P-12-06#s100r047	16	0	0	0	0	ABSTAIN	A	0	0	0
H5B-P-12-07#s100r047	16	0	0	0	0	ABSTAIN	A	0	0	0
H5B-P-12-08#s100r047	16	0	0	0	0	ABSTAIN	A	0	0	0
H5B-P-12-09#s100r047	16	0	0	0	0	ABSTAIN	A	0	0	0
H5B-P-20-00#s100r047	16	0	0	0	0	RELEASE	0	0	0	0
H5B-P-20-01#s100r047	16	0	0	0	0	RELEASE	0	0	0	0
H5B-P-20-02#s100r047	16	0	0	0	0	RELEASE	0	0	0	0
H5B-P-20-03#s100r047	16	0	0	0	0	RELEASE	0	0	0	0
H5B-P-20-04#s100r047	16	0	0	0	0	RELEASE	0	0	0	0
H5B-P-20-05#s100r047	16	0	0	0	0	RELEASE	0	0	0	0
H5B-P-20-06#s100r047	16	0	0	0	0	RELEASE	0	0	0	0
H5B-P-20-07#s100r047	16	0	0	0	0	RELEASE	0	0	0	0
H5B-P-20-08#s100r047	16	0	0	0	0	RELEASE	0	0	0	0
H5B-P-20-09#s100r047	16	0	0	0	0	RELEASE	0	0	0	0
H5B-P-40-00#s100r047	16	0	0	0	0	RELEASE	0	0	0	0
H5B-P-40-01#s100r047	16	0	0	0	0	RELEASE	0	0	0	0
H5B-P-40-02#s100r047	16	0	0	0	0	RELEASE	0	0	0	0
H5B-P-40-03#s100r047	16	0	0	0	0	RELEASE	0	0	0	0
H5B-P-40-04#s100r047	16	0	0	0	0	RELEASE	0	0	0	0
H5B-P-40-05#s100r047	16	0	0	0	0	RELEASE	0	0	0	0
H5B-P-40-06#s100r047	16	0	0	0	0	RELEASE	0	0	0	0
H5B-P-40-07#s100r047	16	0	0	0	0	RELEASE	0	0	0	0
H5B-P-40-08#s100r047	16	0	0	0	0	RELEASE	0	0	0	0
H5B-P-40-09#s100r047	16	0	0	0	0	RELEASE	0	0	0	0
H5B-O-06-00#s100r047	16	0	0	0	0	ABSTAIN	A	0	0	0
H5B-O-06-01#s100r047	16	0	0	0	0	ABSTAIN	A	0	0	0
H5B-O-06-02#s100r047	16	0	0	0	0	ABSTAIN	A	0	0	0
H5B-O-06-03#s100r047	16	0	0	0	0	ABSTAIN	A	0	0	0
H5B-O-06-04#s100r047	16	0	0	0	0	ABSTAIN	A	0	0	0
H5B-O-06-05#s100r047	16	0	0	0	0	ABSTAIN	A	0	0	0
H5B-O-06-06#s100r047	16	0	0	0	0	ABSTAIN	A	0	0	0
H5B-O-06-07#s100r047	16	0	0	0	0	ABSTAIN	A	0	0	0
H5B-O-06-08#s100r047	16	0	0	0	0	ABSTAIN	A	0	0	0
H5B-O-06-09#s100r047	16	0	0	0	0	ABSTAIN	A	0	0	0
H5B-O-12-00#s100r047	16	0	0	0	0	ABSTAIN	A	0	0	0
H5B-O-12-01#s100r047	16	0	0	0	0	ABSTAIN	A	0	0	0
H5B-O-12-02#s100r047	16	0	0	0	0	ABSTAIN	A	0	0	0
H5B-O-12-03#s100r047	16	0	0	0	0	ABSTAIN	A	0	0	0
H5B-O-12-04#s100r047	16	0	0	0	0	ABSTAIN	A	0	0	0
H5B-O-12-05#s100r047	16	0	0	0	0	ABSTAIN	A	0	0	0
H5B-O-12-06#s100r047	16	0	0	0	0	ABSTAIN	A	0	0	0
H5B-O-12-07#s100r047	16	0	0	0	0	ABSTAIN	A	0	0	0
H5B-O-12-08#s100r047	16	0	0	0	0	ABSTAIN	A	0	0	0
H5B-O-12-09#s100r047	16	0	0	0	0	ABSTAIN	A	0	0	0
H5B-O-20-00#s100r047	16	0	0	0	0	RELEASE	1	652	0	0
H5B-O-20-01#s100r047	16	0	0	0	0	RELEASE	1	513	0	0
H5B-O-20-02#s100r047	16	0	0	0	0	RELEASE	1	652	0	0
H5B-O-20-03#s100r047	16	0	0	0	0	RELEASE	1	513	0	0
H5B-O-20-04#s100r047	16	0	0	0	0	RELEASE	1	652	0	0
H5B-O-20-05#s100r047	16	0	0	0	0	RELEASE	1	652	0	0
H5B-O-20-06#s100r047	16	0	0	0	0	RELEASE	1	513	0	0
H5B-O-20-07#s100r047	16	0	0	0	0	RELEASE	1	652	0	0
H5B-O-20-08#s100r047	16	0	0	0	0	RELEASE	1	514	0	0
H5B-O-20-09#s100r047	16	0	0	0	0	RELEASE	1	652	0	0
H5B-O-40-00#s100r047	16	0	0	0	0	RELEASE	1	651	0	0
H5B-O-40-01#s100r047	16	0	0	0	0	RELEASE	1	514	0	0
H5B-O-40-02#s100r047	16	0	0	0	0	RELEASE	1	651	0	0
H5B-O-40-03#s100r047	16	0	0	0	0	RELEASE	1	514	0	0
H5B-O-40-04#s100r047	16	0	0	0	0	RELEASE	1	651	0	0
H5B-O-40-05#s100r047	16	0	0	0	0	RELEASE	1	651	0	0
H5B-O-40-06#s100r047	16	0	0	0	0	RELEASE	1	515	0	0
H5B-O-40-07#s100r047	16	0	0	0	0	RELEASE	1	652	0	0
H5B-O-40-08#s100r047	16	0	0	0	0	RELEASE	1	515	0	0
H5B-O-40-09#s100r047	16	0	0	0	0	RELEASE	1	652	0	0
H5B-D-0-00#s100r047	16	0	0	0	0	RELEASE	1	661	0	0
H5B-D-0-01#s100r047	16	0	0	0	0	RELEASE	1	661	0	0
H5B-D-0-02#s100r047	16	0	0	0	0	RELEASE	1	661	0	0
H5B-D-0-03#s100r047	16	0	0	0	0	RELEASE	1	661	0	0
H5B-D-0-04#s100r047	16	0	0	0	0	RELEASE	1	661	0	0
H5B-D-0-05#s100r047	16	0	0	0	0	RELEASE	1	661	0	0
H5B-D-0-06#s100r047	16	0	0	0	0	RELEASE	1	662	0	0
H5B-D-0-07#s100r047	16	0	0	0	0	RELEASE	1	662	0	0
H5B-D-0-08#s100r047	16	0	0	0	0	RELEASE	1	662	0	0
H5B-D-0-09#s100r047	16	0	0	0	0	RELEASE	1	662	0	0
H5B-D-1-00#s100r047	16	0	0	0	0	ABSTAIN	A	0	0	0
H5B-D-1-01#s100r047	16	0	0	0	0	ABSTAIN	A	0	0	0
H5B-D-1-02#s100r047	16	0	0	0	0	ABSTAIN	A	0	0	0
H5B-D-1-03#s100r047	16	0	0	0	0	ABSTAIN	A	0	0	0
H5B-D-1-04#s100r047	16	0	0	0	0	ABSTAIN	A	0	0	0
H5B-D-1-05#s100r047	16	0	0	0	0	ABSTAIN	A	0	0	0
H5B-D-1-06#s100r047	16	0	0	0	0	ABSTAIN	A	0	0	0
H5B-D-1-07#s100r047	16	0	0	0	0	ABSTAIN	A	0	0	0
H5B-D-1-08#s100r047	16	0	0	0	0	ABSTAIN	A	0	0	0
H5B-D-1-09#s100r047	16	0	0	0	0	ABSTAIN	A	0	0	0
H5B-D-2-00#s100r047	16	0	0	0	0	ABSTAIN	A	0	0	0
H5B-D-2-01#s100r047	16	0	0	0	0	ABSTAIN	A	0	0	0
H5B-D-2-02#s100r047	16	0	0	0	0	ABSTAIN	A	0	0	0
H5B-D-2-03#s100r047	16	0	0	0	0	ABSTAIN	A	0	0	0
H5B-D-2-04#s100r047	16	0	0	0	0	ABSTAIN	A	0	0	0
H5B-D-2-05#s100r047	16	0	0	0	0	ABSTAIN	A	0	0	0
H5B-D-2-06#s100r047	16	0	0	0	0	ABSTAIN	A	0	0	0
H5B-D-2-07#s100r047	16	0	0	0	0	ABSTAIN	A	0	0	0
H5B-D-2-08#s100r047	16	0	0	0	0	ABSTAIN	A	0	0	0
H5B-D-2-09#s100r047	16	0	0	0	0	ABSTAIN	A	0	0	0
H5B-D-6-00#s100r047	16	0	0	0	0	ABSTAIN	A	0	0	0
H5B-D-6-01#s100r047	16	0	0	0	0	ABSTAIN	A	0	0	0
H5B-D-6-02#s100r047	16	0	0	0	0	ABSTAIN	A	0	0	0
H5B-D-6-03#s100r047	16	0	0	0	0	ABSTAIN	A	0	0	0
H5B-D-6-04#s100r047	16	0	0	0	0	ABSTAIN	A	0	0	0
H5B-D-6-05#s100r047	16	0	0	0	0	ABSTAIN	A	0	0	0
H5B-D-6-06#s100r047	16	0	0	0	0	ABSTAIN	A	0	0	0
H5B-D-6-07#s100r047	16	0	0	0	0	ABSTAIN	A	0	0	0
H5B-D-6-08#s100r047	16	0	0	0	0	ABSTAIN	A	0	0	0
H5B-D-6-09#s100r047	16	0	0	0	0	ABSTAIN	A	0	0	0
H5B-P-06-00#s100r048	16	0	0	0	0	ABSTAIN	A	0	0	0
H5B-P-06-01#s100r048	16	0	0	0	0	ABSTAIN	A	0	0	0
H5B-P-06-02#s100r048	16	0	0	0	0	ABSTAIN	A	0	0	0
H5B-P-06-03#s100r048	16	0	0	0	0	ABSTAIN	A	0	0	0
H5B-P-06-04#s100r048	16	0	0	0	0	ABSTAIN	A	0	0	0
H5B-P-06-05#s100r048	16	0	0	0	0	ABSTAIN	A	0	0	0
H5B-P-06-06#s100r048	16	0	0	0	0	ABSTAIN	A	0	0	0
H5B-P-06-07#s100r048	16	0	0	0	0	ABSTAIN	A	0	0	0
H5B-P-06-08#s100r048	16	0	0	0	0	ABSTAIN	A	0	0	0
H5B-P-06-09#s100r048	16	0	0	0	0	ABSTAIN	A	0	0	0
H5B-P-12-00#s100r048	16	0	0	0	0	ABSTAIN	A	0	0	0
H5B-P-12-01#s100r048	16	0	0	0	0	ABSTAIN	A	0	0	0
H5B-P-12-02#s100r048	16	0	0	0	0	ABSTAIN	A	0	0	0
H5B-P-12-03#s100r048	16	0	0	0	0	ABSTAIN	A	0	0	0
H5B-P-12-04#s100r048	16	0	0	0	0	ABSTAIN	A	0	0	0
H5B-P-12-05#s100r048	16	0	0	0	0	ABSTAIN	A	0	0	0
H5B-P-12-06#s100r048	16	0	0	0	0	ABSTAIN	A	0	0	0
H5B-P-12-07#s100r048	16	0	0	0	0	ABSTAIN	A	0	0	0
H5B-P-12-08#s100r048	16	0	0	0	0	ABSTAIN	A	0	0	0
H5B-P-12-09#s100r048	16	0	0	0	0	ABSTAIN	A	0	0	0
H5B-P-20-00#s100r048	16	0	0	0	0	RELEASE	0	0	0	0
H5B-P-20-01#s100r048	16	0	0	0	0	RELEASE	0	0	0	0
H5B-P-20-02#s100r048	16	0	0	0	0	RELEASE	0	0	0	0
H5B-P-20-03#s100r048	16	0	0	0	0	RELEASE	0	0	0	0
H5B-P-20-04#s100r048	16	0	0	0	0	RELEASE	0	0	0	0
H5B-P-20-05#s100r048	16	0	0	0	0	RELEASE	0	0	0	0
H5B-P-20-06#s100r048	16	0	0	0	0	RELEASE	0	0	0	0
H5B-P-20-07#s100r048	16	0	0	0	0	RELEASE	0	0	0	0
H5B-P-20-08#s100r048	16	0	0	0	0	RELEASE	0	0	0	0
H5B-P-20-09#s100r048	16	0	0	0	0	RELEASE	0	0	0	0
H5B-P-40-00#s100r048	16	0	0	0	0	RELEASE	0	0	0	0
H5B-P-40-01#s100r048	16	0	0	0	0	RELEASE	0	0	0	0
H5B-P-40-02#s100r048	16	0	0	0	0	RELEASE	0	0	0	0
H5B-P-40-03#s100r048	16	0	0	0	0	RELEASE	0	0	0	0
H5B-P-40-04#s100r048	16	0	0	0	0	RELEASE	0	0	0	0
H5B-P-40-05#s100r048	16	0	0	0	0	RELEASE	0	0	0	0
H5B-P-40-06#s100r048	16	0	0	0	0	RELEASE	0	0	0	0
H5B-P-40-07#s100r048	16	0	0	0	0	RELEASE	0	0	0	0
H5B-P-40-08#s100r048	16	0	0	0	0	RELEASE	0	0	0	0
H5B-P-40-09#s100r048	16	0	0	0	0	RELEASE	0	0	0	0
H5B-O-06-00#s100r048	16	0	0	0	0	ABSTAIN	A	0	0	0
H5B-O-06-01#s100r048	16	0	0	0	0	ABSTAIN	A	0	0	0
H5B-O-06-02#s100r048	16	0	0	0	0	ABSTAIN	A	0	0	0
H5B-O-06-03#s100r048	16	0	0	0	0	ABSTAIN	A	0	0	0
H5B-O-06-04#s100r048	16	0	0	0	0	ABSTAIN	A	0	0	0
H5B-O-06-05#s100r048	16	0	0	0	0	ABSTAIN	A	0	0	0
H5B-O-06-06#s100r048	16	0	0	0	0	ABSTAIN	A	0	0	0
H5B-O-06-07#s100r048	16	0	0	0	0	ABSTAIN	A	0	0	0
H5B-O-06-08#s100r048	16	0	0	0	0	ABSTAIN	A	0	0	0
H5B-O-06-09#s100r048	16	0	0	0	0	ABSTAIN	A	0	0	0
H5B-O-12-00#s100r048	16	0	0	0	0	ABSTAIN	A	0	0	0
H5B-O-12-01#s100r048	16	0	0	0	0	ABSTAIN	A	0	0	0
H5B-O-12-02#s100r048	16	0	0	0	0	ABSTAIN	A	0	0	0
H5B-O-12-03#s100r048	16	0	0	0	0	ABSTAIN	A	0	0	0
H5B-O-12-04#s100r048	16	0	0	0	0	ABSTAIN	A	0	0	0
H5B-O-12-05#s100r048	16	0	0	0	0	ABSTAIN	A	0	0	0
H5B-O-12-06#s100r048	16	0	0	0	0	ABSTAIN	A	0	0	0
H5B-O-12-07#s100r048	16	0	0	0	0	ABSTAIN	A	0	0	0
H5B-O-12-08#s100r048	16	0	0	0	0	ABSTAIN	A	0	0	0
H5B-O-12-09#s100r048	16	0	0	0	0	ABSTAIN	A	0	0	0
H5B-O-20-00#s100r048	16	0	0	0	0	RELEASE	1	652	0	0
H5B-O-20-01#s100r048	16	0	0	0	0	RELEASE	1	513	0	0
H5B-O-20-02#s100r048	16	0	0	0	0	RELEASE	1	652	0	0
H5B-O-20-03#s100r048	16	0	0	0	0	RELEASE	1	513	0	0
H5B-O-20-04#s100r048	16	0	0	0	0	RELEASE	1	652	0	0
H5B-O-20-05#s100r048	16	0	0	0	0	RELEASE	1	652	0	0
H5B-O-20-06#s100r048	16	0	0	0	0	RELEASE	1	513	0	0
H5B-O-20-07#s100r048	16	0	0	0	0	RELEASE	1	652	0	0
H5B-O-20-08#s100r048	16	0	0	0	0	RELEASE	1	514	0	0
H5B-O-20-09#s100r048	16	0	0	0	0	RELEASE	1	652	0	0
H5B-O-40-00#s100r048	16	0	0	0	0	RELEASE	1	651	0	0
H5B-O-40-01#s100r048	16	0	0	0	0	RELEASE	1	514	0	0
H5B-O-40-02#s100r048	16	0	0	0	0	RELEASE	1	651	0	0
H5B-O-40-03#s100r048	16	0	0	0	0	RELEASE	1	514	0	0
H5B-O-40-04#s100r048	16	0	0	0	0	RELEASE	1	651	0	0
H5B-O-40-05#s100r048	16	0	0	0	0	RELEASE	1	651	0	0
H5B-O-40-06#s100r048	16	0	0	0	0	RELEASE	1	515	0	0
H5B-O-40-07#s100r048	16	0	0	0	0	RELEASE	1	652	0	0
H5B-O-40-08#s100r048	16	0	0	0	0	RELEASE	1	515	0	0
H5B-O-40-09#s100r048	16	0	0	0	0	RELEASE	1	652	0	0
H5B-D-0-00#s100r048	16	0	0	0	0	RELEASE	1	661	0	0
H5B-D-0-01#s100r048	16	0	0	0	0	RELEASE	1	661	0	0
H5B-D-0-02#s100r048	16	0	0	0	0	RELEASE	1	661	0	0
H5B-D-0-03#s100r048	16	0	0	0	0	RELEASE	1	661	0	0
H5B-D-0-04#s100r048	16	0	0	0	0	RELEASE	1	661	0	0
H5B-D-0-05#s100r048	16	0	0	0	0	RELEASE	1	661	0	0
H5B-D-0-06#s100r048	16	0	0	0	0	RELEASE	1	662	0	0
H5B-D-0-07#s100r048	16	0	0	0	0	RELEASE	1	662	0	0
H5B-D-0-08#s100r048	16	0	0	0	0	RELEASE	1	662	0	0
H5B-D-0-09#s100r048	16	0	0	0	0	RELEASE	1	662	0	0
H5B-D-1-00#s100r048	16	0	0	0	0	ABSTAIN	A	0	0	0
H5B-D-1-01#s100r048	16	0	0	0	0	ABSTAIN	A	0	0	0
H5B-D-1-02#s100r048	16	0	0	0	0	ABSTAIN	A	0	0	0
H5B-D-1-03#s100r048	16	0	0	0	0	ABSTAIN	A	0	0	0
H5B-D-1-04#s100r048	16	0	0	0	0	ABSTAIN	A	0	0	0
H5B-D-1-05#s100r048	16	0	0	0	0	ABSTAIN	A	0	0	0
H5B-D-1-06#s100r048	16	0	0	0	0	ABSTAIN	A	0	0	0
H5B-D-1-07#s100r048	16	0	0	0	0	ABSTAIN	A	0	0	0
H5B-D-1-08#s100r048	16	0	0	0	0	ABSTAIN	A	0	0	0
H5B-D-1-09#s100r048	16	0	0	0	0	ABSTAIN	A	0	0	0
H5B-D-2-00#s100r048	16	0	0	0	0	ABSTAIN	A	0	0	0
H5B-D-2-01#s100r048	16	0	0	0	0	ABSTAIN	A	0	0	0
H5B-D-2-02#s100r048	16	0	0	0	0	ABSTAIN	A	0	0	0
H5B-D-2-03#s100r048	16	0	0	0	0	ABSTAIN	A	0	0	0
H5B-D-2-04#s100r048	16	0	0	0	0	ABSTAIN	A	0	0	0
H5B-D-2-05#s100r048	16	0	0	0	0	ABSTAIN	A	0	0	0
H5B-D-2-06#s100r048	16	0	0	0	0	ABSTAIN	A	0	0	0
H5B-D-2-07#s100r048	16	0	0	0	0	ABSTAIN	A	0	0	0
H5B-D-2-08#s100r048	16	0	0	0	0	ABSTAIN	A	0	0	0
H5B-D-2-09#s100r048	16	0	0	0	0	ABSTAIN	A	0	0	0
H5B-D-6-00#s100r048	16	0	0	0	0	ABSTAIN	A	0	0	0
H5B-D-6-01#s100r048	16	0	0	0	0	ABSTAIN	A	0	0	0
H5B-D-6-02#s100r048	16	0	0	0	0	ABSTAIN	A	0	0	0
H5B-D-6-03#s100r048	16	0	0	0	0	ABSTAIN	A	0	0	0
H5B-D-6-04#s100r048	16	0	0	0	0	ABSTAIN	A	0	0	0
H5B-D-6-05#s100r048	16	0	0	0	0	ABSTAIN	A	0	0	0
H5B-D-6-06#s100r048	16	0	0	0	0	ABSTAIN	A	0	0	0
H5B-D-6-07#s100r048	16	0	0	0	0	ABSTAIN	A	0	0	0
H5B-D-6-08#s100r048	16	0	0	0	0	ABSTAIN	A	0	0	0
H5B-D-6-09#s100r048	16	0	0	0	0	ABSTAIN	A	0	0	0
H5B-P-06-00#s100r049	16	0	0	0	0	ABSTAIN	A	0	0	0
H5B-P-06-01#s100r049	16	0	0	0	0	ABSTAIN	A	0	0	0
H5B-P-06-02#s100r049	16	0	0	0	0	ABSTAIN	A	0	0	0
H5B-P-06-03#s100r049	16	0	0	0	0	ABSTAIN	A	0	0	0
H5B-P-06-04#s100r049	16	0	0	0	0	ABSTAIN	A	0	0	0
H5B-P-06-05#s100r049	16	0	0	0	0	ABSTAIN	A	0	0	0
H5B-P-06-06#s100r049	16	0	0	0	0	ABSTAIN	A	0	0	0
H5B-P-06-07#s100r049	16	0	0	0	0	ABSTAIN	A	0	0	0
H5B-P-06-08#s100r049	16	0	0	0	0	ABSTAIN	A	0	0	0
H5B-P-06-09#s100r049	16	0	0	0	0	ABSTAIN	A	0	0	0
H5B-P-12-00#s100r049	16	0	0	0	0	ABSTAIN	A	0	0	0
H5B-P-12-01#s100r049	16	0	0	0	0	ABSTAIN	A	0	0	0
H5B-P-12-02#s100r049	16	0	0	0	0	ABSTAIN	A	0	0	0
H5B-P-12-03#s100r049	16	0	0	0	0	ABSTAIN	A	0	0	0
H5B-P-12-04#s100r049	16	0	0	0	0	ABSTAIN	A	0	0	0
H5B-P-12-05#s100r049	16	0	0	0	0	ABSTAIN	A	0	0	0
H5B-P-12-06#s100r049	16	0	0	0	0	ABSTAIN	A	0	0	0
H5B-P-12-07#s100r049	16	0	0	0	0	ABSTAIN	A	0	0	0
H5B-P-12-08#s100r049	16	0	0	0	0	ABSTAIN	A	0	0	0
H5B-P-12-09#s100r049	16	0	0	0	0	ABSTAIN	A	0	0	0
H5B-P-20-00#s100r049	16	0	0	0	0	RELEASE	0	0	0	0
H5B-P-20-01#s100r049	16	0	0	0	0	RELEASE	0	0	0	0
H5B-P-20-02#s100r049	16	0	0	0	0	RELEASE	0	0	0	0
H5B-P-20-03#s100r049	16	0	0	0	0	RELEASE	0	0	0	0
H5B-P-20-04#s100r049	16	0	0	0	0	RELEASE	0	0	0	0
H5B-P-20-05#s100r049	16	0	0	0	0	RELEASE	0	0	0	0
H5B-P-20-06#s100r049	16	0	0	0	0	RELEASE	0	0	0	0
H5B-P-20-07#s100r049	16	0	0	0	0	RELEASE	0	0	0	0
H5B-P-20-08#s100r049	16	0	0	0	0	RELEASE	0	0	0	0
H5B-P-20-09#s100r049	16	0	0	0	0	RELEASE	0	0	0	0
H5B-P-40-00#s100r049	16	0	0	0	0	RELEASE	0	0	0	0
H5B-P-40-01#s100r049	16	0	0	0	0	RELEASE	0	0	0	0
H5B-P-40-02#s100r049	16	0	0	0	0	RELEASE	0	0	0	0
H5B-P-40-03#s100r049	16	0	0	0	0	RELEASE	0	0	0	0
H5B-P-40-04#s100r049	16	0	0	0	0	RELEASE	0	0	0	0
H5B-P-40-05#s100r049	16	0	0	0	0	RELEASE	0	0	0	0
H5B-P-40-06#s100r049	16	0	0	0	0	RELEASE	0	0	0	0
H5B-P-40-07#s100r049	16	0	0	0	0	RELEASE	0	0	0	0
H5B-P-40-08#s100r049	16	0	0	0	0	RELEASE	0	0	0	0
H5B-P-40-09#s100r049	16	0	0	0	0	RELEASE	0	0	0	0
H5B-O-06-00#s100r049	16	0	0	0	0	ABSTAIN	A	0	0	0
H5B-O-06-01#s100r049	16	0	0	0	0	ABSTAIN	A	0	0	0
H5B-O-06-02#s100r049	16	0	0	0	0	ABSTAIN	A	0	0	0
H5B-O-06-03#s100r049	16	0	0	0	0	ABSTAIN	A	0	0	0
H5B-O-06-04#s100r049	16	0	0	0	0	ABSTAIN	A	0	0	0
H5B-O-06-05#s100r049	16	0	0	0	0	ABSTAIN	A	0	0	0
H5B-O-06-06#s100r049	16	0	0	0	0	ABSTAIN	A	0	0	0
H5B-O-06-07#s100r049	16	0	0	0	0	ABSTAIN	A	0	0	0
H5B-O-06-08#s100r049	16	0	0	0	0	ABSTAIN	A	0	0	0
H5B-O-06-09#s100r049	16	0	0	0	0	ABSTAIN	A	0	0	0
H5B-O-12-00#s100r049	16	0	0	0	0	ABSTAIN	A	0	0	0
H5B-O-12-01#s100r049	16	0	0	0	0	ABSTAIN	A	0	0	0
H5B-O-12-02#s100r049	16	0	0	0	0	ABSTAIN	A	0	0	0
H5B-O-12-03#s100r049	16	0	0	0	0	ABSTAIN	A	0	0	0
H5B-O-12-04#s100r049	16	0	0	0	0	ABSTAIN	A	0	0	0
H5B-O-12-05#s100r049	16	0	0	0	0	ABSTAIN	A	0	0	0
H5B-O-12-06#s100r049	16	0	0	0	0	ABSTAIN	A	0	0	0
H5B-O-12-07#s100r049	16	0	0	0	0	ABSTAIN	A	0	0	0
H5B-O-12-08#s100r049	16	0	0	0	0	ABSTAIN	A	0	0	0
H5B-O-12-09#s100r049	16	0	0	0	0	ABSTAIN	A	0	0	0
H5B-O-20-00#s100r049	16	0	0	0	0	RELEASE	1	652	0	0
H5B-O-20-01#s100r049	16	0	0	0	0	RELEASE	1	513	0	0
H5B-O-20-02#s100r049	16	0	0	0	0	RELEASE	1	652	0	0
H5B-O-20-03#s100r049	16	0	0	0	0	RELEASE	1	513	0	0
H5B-O-20-04#s100r049	16	0	0	0	0	RELEASE	1	652	0	0
H5B-O-20-05#s100r049	16	0	0	0	0	RELEASE	1	652	0	0
H5B-O-20-06#s100r049	16	0	0	0	0	RELEASE	1	513	0	0
H5B-O-20-07#s100r049	16	0	0	0	0	RELEASE	1	652	0	0
H5B-O-20-08#s100r049	16	0	0	0	0	RELEASE	1	514	0	0
H5B-O-20-09#s100r049	16	0	0	0	0	RELEASE	1	652	0	0
H5B-O-40-00#s100r049	16	0	0	0	0	RELEASE	1	651	0	0
H5B-O-40-01#s100r049	16	0	0	0	0	RELEASE	1	514	0	0
H5B-O-40-02#s100r049	16	0	0	0	0	RELEASE	1	651	0	0
H5B-O-40-03#s100r049	16	0	0	0	0	RELEASE	1	514	0	0
H5B-O-40-04#s100r049	16	0	0	0	0	RELEASE	1	651	0	0
H5B-O-40-05#s100r049	16	0	0	0	0	RELEASE	1	651	0	0
H5B-O-40-06#s100r049	16	0	0	0	0	RELEASE	1	515	0	0
H5B-O-40-07#s100r049	16	0	0	0	0	RELEASE	1	652	0	0
H5B-O-40-08#s100r049	16	0	0	0	0	RELEASE	1	515	0	0
H5B-O-40-09#s100r049	16	0	0	0	0	RELEASE	1	652	0	0
H5B-D-0-00#s100r049	16	0	0	0	0	RELEASE	1	661	0	0
H5B-D-0-01#s100r049	16	0	0	0	0	RELEASE	1	661	0	0
H5B-D-0-02#s100r049	16	0	0	0	0	RELEASE	1	661	0	0
H5B-D-0-03#s100r049	16	0	0	0	0	RELEASE	1	661	0	0
H5B-D-0-04#s100r049	16	0	0	0	0	RELEASE	1	661	0	0
H5B-D-0-05#s100r049	16	0	0	0	0	RELEASE	1	661	0	0
H5B-D-0-06#s100r049	16	0	0	0	0	RELEASE	1	661	0	0
H5B-D-0-07#s100r049	16	0	0	0	0	RELEASE	1	662	0	0
H5B-D-0-08#s100r049	16	0	0	0	0	RELEASE	1	662	0	0
H5B-D-0-09#s100r049	16	0	0	0	0	RELEASE	1	662	0	0
H5B-D-1-00#s100r049	16	0	0	0	0	ABSTAIN	A	0	0	0
H5B-D-1-01#s100r049	16	0	0	0	0	ABSTAIN	A	0	0	0
H5B-D-1-02#s100r049	16	0	0	0	0	ABSTAIN	A	0	0	0
H5B-D-1-03#s100r049	16	0	0	0	0	ABSTAIN	A	0	0	0
H5B-D-1-04#s100r049	16	0	0	0	0	ABSTAIN	A	0	0	0
H5B-D-1-05#s100r049	16	0	0	0	0	ABSTAIN	A	0	0	0
H5B-D-1-06#s100r049	16	0	0	0	0	ABSTAIN	A	0	0	0
H5B-D-1-07#s100r049	16	0	0	0	0	ABSTAIN	A	0	0	0
H5B-D-1-08#s100r049	16	0	0	0	0	ABSTAIN	A	0	0	0
H5B-D-1-09#s100r049	16	0	0	0	0	ABSTAIN	A	0	0	0
H5B-D-2-00#s100r049	16	0	0	0	0	ABSTAIN	A	0	0	0
H5B-D-2-01#s100r049	16	0	0	0	0	ABSTAIN	A	0	0	0
H5B-D-2-02#s100r049	16	0	0	0	0	ABSTAIN	A	0	0	0
H5B-D-2-03#s100r049	16	0	0	0	0	ABSTAIN	A	0	0	0
H5B-D-2-04#s100r049	16	0	0	0	0	ABSTAIN	A	0	0	0
H5B-D-2-05#s100r049	16	0	0	0	0	ABSTAIN	A	0	0	0
H5B-D-2-06#s100r049	16	0	0	0	0	ABSTAIN	A	0	0	0
H5B-D-2-07#s100r049	16	0	0	0	0	ABSTAIN	A	0	0	0
H5B-D-2-08#s100r049	16	0	0	0	0	ABSTAIN	A	0	0	0
H5B-D-2-09#s100r049	16	0	0	0	0	ABSTAIN	A	0	0	0
H5B-D-6-00#s100r049	16	0	0	0	0	ABSTAIN	A	0	0	0
H5B-D-6-01#s100r049	16	0	0	0	0	ABSTAIN	A	0	0	0
H5B-D-6-02#s100r049	16	0	0	0	0	ABSTAIN	A	0	0	0
H5B-D-6-03#s100r049	16	0	0	0	0	ABSTAIN	A	0	0	0
H5B-D-6-04#s100r049	16	0	0	0	0	ABSTAIN	A	0	0	0
H5B-D-6-05#s100r049	16	0	0	0	0	ABSTAIN	A	0	0	0
H5B-D-6-06#s100r049	16	0	0	0	0	ABSTAIN	A	0	0	0
H5B-D-6-07#s100r049	16	0	0	0	0	ABSTAIN	A	0	0	0
H5B-D-6-08#s100r049	16	0	0	0	0	ABSTAIN	A	0	0	0
H5B-D-6-09#s100r049	16	0	0	0	0	ABSTAIN	A	0	0	0
H5B-P-06-00#s100r050	16	0	0	0	0	ABSTAIN	A	0	0	0
H5B-P-06-01#s100r050	16	0	0	0	0	ABSTAIN	A	0	0	0
H5B-P-06-02#s100r050	16	0	0	0	0	ABSTAIN	A	0	0	0
H5B-P-06-03#s100r050	16	0	0	0	0	ABSTAIN	A	0	0	0
H5B-P-06-04#s100r050	16	0	0	0	0	ABSTAIN	A	0	0	0
H5B-P-06-05#s100r050	16	0	0	0	0	ABSTAIN	A	0	0	0
H5B-P-06-06#s100r050	16	0	0	0	0	ABSTAIN	A	0	0	0
H5B-P-06-07#s100r050	16	0	0	0	0	ABSTAIN	A	0	0	0
H5B-P-06-08#s100r050	16	0	0	0	0	ABSTAIN	A	0	0	0
H5B-P-06-09#s100r050	16	0	0	0	0	ABSTAIN	A	0	0	0
H5B-P-12-00#s100r050	16	0	0	0	0	ABSTAIN	A	0	0	0
H5B-P-12-01#s100r050	16	0	0	0	0	ABSTAIN	A	0	0	0
H5B-P-12-02#s100r050	16	0	0	0	0	ABSTAIN	A	0	0	0
H5B-P-12-03#s100r050	16	0	0	0	0	ABSTAIN	A	0	0	0
H5B-P-12-04#s100r050	16	0	0	0	0	ABSTAIN	A	0	0	0
H5B-P-12-05#s100r050	16	0	0	0	0	ABSTAIN	A	0	0	0
H5B-P-12-06#s100r050	16	0	0	0	0	ABSTAIN	A	0	0	0
H5B-P-12-07#s100r050	16	0	0	0	0	ABSTAIN	A	0	0	0
H5B-P-12-08#s100r050	16	0	0	0	0	ABSTAIN	A	0	0	0
H5B-P-12-09#s100r050	16	0	0	0	0	ABSTAIN	A	0	0	0
H5B-P-20-00#s100r050	16	0	0	0	0	RELEASE	0	0	0	0
H5B-P-20-01#s100r050	16	0	0	0	0	RELEASE	0	0	0	0
H5B-P-20-02#s100r050	16	0	0	0	0	RELEASE	0	0	0	0
H5B-P-20-03#s100r050	16	0	0	0	0	RELEASE	0	0	0	0
H5B-P-20-04#s100r050	16	0	0	0	0	RELEASE	0	0	0	0
H5B-P-20-05#s100r050	16	0	0	0	0	RELEASE	0	0	0	0
H5B-P-20-06#s100r050	16	0	0	0	0	RELEASE	0	0	0	0
H5B-P-20-07#s100r050	16	0	0	0	0	RELEASE	0	0	0	0
H5B-P-20-08#s100r050	16	0	0	0	0	RELEASE	0	0	0	0
H5B-P-20-09#s100r050	16	0	0	0	0	RELEASE	0	0	0	0
H5B-P-40-00#s100r050	16	0	0	0	0	RELEASE	0	0	0	0
H5B-P-40-01#s100r050	16	0	0	0	0	RELEASE	0	0	0	0
H5B-P-40-02#s100r050	16	0	0	0	0	RELEASE	0	0	0	0
H5B-P-40-03#s100r050	16	0	0	0	0	RELEASE	0	0	0	0
H5B-P-40-04#s100r050	16	0	0	0	0	RELEASE	0	0	0	0
H5B-P-40-05#s100r050	16	0	0	0	0	RELEASE	0	0	0	0
H5B-P-40-06#s100r050	16	0	0	0	0	RELEASE	0	0	0	0
H5B-P-40-07#s100r050	16	0	0	0	0	RELEASE	0	0	0	0
H5B-P-40-08#s100r050	16	0	0	0	0	RELEASE	0	0	0	0
H5B-P-40-09#s100r050	16	0	0	0	0	RELEASE	0	0	0	0
H5B-O-06-00#s100r050	16	0	0	0	0	ABSTAIN	A	0	0	0
H5B-O-06-01#s100r050	16	0	0	0	0	ABSTAIN	A	0	0	0
H5B-O-06-02#s100r050	16	0	0	0	0	ABSTAIN	A	0	0	0
H5B-O-06-03#s100r050	16	0	0	0	0	ABSTAIN	A	0	0	0
H5B-O-06-04#s100r050	16	0	0	0	0	ABSTAIN	A	0	0	0
H5B-O-06-05#s100r050	16	0	0	0	0	ABSTAIN	A	0	0	0
H5B-O-06-06#s100r050	16	0	0	0	0	ABSTAIN	A	0	0	0
H5B-O-06-07#s100r050	16	0	0	0	0	ABSTAIN	A	0	0	0
H5B-O-06-08#s100r050	16	0	0	0	0	ABSTAIN	A	0	0	0
H5B-O-06-09#s100r050	16	0	0	0	0	ABSTAIN	A	0	0	0
H5B-O-12-00#s100r050	16	0	0	0	0	ABSTAIN	A	0	0	0
H5B-O-12-01#s100r050	16	0	0	0	0	ABSTAIN	A	0	0	0
H5B-O-12-02#s100r050	16	0	0	0	0	ABSTAIN	A	0	0	0
H5B-O-12-03#s100r050	16	0	0	0	0	ABSTAIN	A	0	0	0
H5B-O-12-04#s100r050	16	0	0	0	0	ABSTAIN	A	0	0	0
H5B-O-12-05#s100r050	16	0	0	0	0	ABSTAIN	A	0	0	0
H5B-O-12-06#s100r050	16	0	0	0	0	ABSTAIN	A	0	0	0
H5B-O-12-07#s100r050	16	0	0	0	0	ABSTAIN	A	0	0	0
H5B-O-12-08#s100r050	16	0	0	0	0	ABSTAIN	A	0	0	0
H5B-O-12-09#s100r050	16	0	0	0	0	ABSTAIN	A	0	0	0
H5B-O-20-00#s100r050	16	0	0	0	0	RELEASE	1	652	0	0
H5B-O-20-01#s100r050	16	0	0	0	0	RELEASE	1	513	0	0
H5B-O-20-02#s100r050	16	0	0	0	0	RELEASE	1	652	0	0
H5B-O-20-03#s100r050	16	0	0	0	0	RELEASE	1	513	0	0
H5B-O-20-04#s100r050	16	0	0	0	0	RELEASE	1	652	0	0
H5B-O-20-05#s100r050	16	0	0	0	0	RELEASE	1	652	0	0
H5B-O-20-06#s100r050	16	0	0	0	0	RELEASE	1	513	0	0
H5B-O-20-07#s100r050	16	0	0	0	0	RELEASE	1	652	0	0
H5B-O-20-08#s100r050	16	0	0	0	0	RELEASE	1	514	0	0
H5B-O-20-09#s100r050	16	0	0	0	0	RELEASE	1	652	0	0
H5B-O-40-00#s100r050	16	0	0	0	0	RELEASE	1	651	0	0
H5B-O-40-01#s100r050	16	0	0	0	0	RELEASE	1	514	0	0
H5B-O-40-02#s100r050	16	0	0	0	0	RELEASE	1	651	0	0
H5B-O-40-03#s100r050	16	0	0	0	0	RELEASE	1	514	0	0
H5B-O-40-04#s100r050	16	0	0	0	0	RELEASE	1	651	0	0
H5B-O-40-05#s100r050	16	0	0	0	0	RELEASE	1	651	0	0
H5B-O-40-06#s100r050	16	0	0	0	0	RELEASE	1	515	0	0
H5B-O-40-07#s100r050	16	0	0	0	0	RELEASE	1	652	0	0
H5B-O-40-08#s100r050	16	0	0	0	0	RELEASE	1	515	0	0
H5B-O-40-09#s100r050	16	0	0	0	0	RELEASE	1	652	0	0
H5B-D-0-00#s100r050	16	0	0	0	0	RELEASE	1	661	0	0
H5B-D-0-01#s100r050	16	0	0	0	0	RELEASE	1	661	0	0
H5B-D-0-02#s100r050	16	0	0	0	0	RELEASE	1	661	0	0
H5B-D-0-03#s100r050	16	0	0	0	0	RELEASE	1	661	0	0
H5B-D-0-04#s100r050	16	0	0	0	0	RELEASE	1	661	0	0
H5B-D-0-05#s100r050	16	0	0	0	0	RELEASE	1	661	0	0
H5B-D-0-06#s100r050	16	0	0	0	0	RELEASE	1	661	0	0
H5B-D-0-07#s100r050	16	0	0	0	0	RELEASE	1	661	0	0
H5B-D-0-08#s100r050	16	0	0	0	0	RELEASE	1	662	0	0
H5B-D-0-09#s100r050	16	0	0	0	0	RELEASE	1	662	0	0
H5B-D-1-00#s100r050	16	0	0	0	0	ABSTAIN	A	0	0	0
H5B-D-1-01#s100r050	16	0	0	0	0	ABSTAIN	A	0	0	0
H5B-D-1-02#s100r050	16	0	0	0	0	ABSTAIN	A	0	0	0
H5B-D-1-03#s100r050	16	0	0	0	0	ABSTAIN	A	0	0	0
H5B-D-1-04#s100r050	16	0	0	0	0	ABSTAIN	A	0	0	0
H5B-D-1-05#s100r050	16	0	0	0	0	ABSTAIN	A	0	0	0
H5B-D-1-06#s100r050	16	0	0	0	0	ABSTAIN	A	0	0	0
H5B-D-1-07#s100r050	16	0	0	0	0	ABSTAIN	A	0	0	0
H5B-D-1-08#s100r050	16	0	0	0	0	ABSTAIN	A	0	0	0
H5B-D-1-09#s100r050	16	0	0	0	0	ABSTAIN	A	0	0	0
H5B-D-2-00#s100r050	16	0	0	0	0	ABSTAIN	A	0	0	0
H5B-D-2-01#s100r050	16	0	0	0	0	ABSTAIN	A	0	0	0
H5B-D-2-02#s100r050	16	0	0	0	0	ABSTAIN	A	0	0	0
H5B-D-2-03#s100r050	16	0	0	0	0	ABSTAIN	A	0	0	0
H5B-D-2-04#s100r050	16	0	0	0	0	ABSTAIN	A	0	0	0
H5B-D-2-05#s100r050	16	0	0	0	0	ABSTAIN	A	0	0	0
H5B-D-2-06#s100r050	16	0	0	0	0	ABSTAIN	A	0	0	0
H5B-D-2-07#s100r050	16	0	0	0	0	ABSTAIN	A	0	0	0
H5B-D-2-08#s100r050	16	0	0	0	0	ABSTAIN	A	0	0	0
H5B-D-2-09#s100r050	16	0	0	0	0	ABSTAIN	A	0	0	0
H5B-D-6-00#s100r050	16	0	0	0	0	ABSTAIN	A	0	0	0
H5B-D-6-01#s100r050	16	0	0	0	0	ABSTAIN	A	0	0	0
H5B-D-6-02#s100r050	16	0	0	0	0	ABSTAIN	A	0	0	0
H5B-D-6-03#s100r050	16	0	0	0	0	ABSTAIN	A	0	0	0
H5B-D-6-04#s100r050	16	0	0	0	0	ABSTAIN	A	0	0	0
H5B-D-6-05#s100r050	16	0	0	0	0	ABSTAIN	A	0	0	0
H5B-D-6-06#s100r050	16	0	0	0	0	ABSTAIN	A	0	0	0
H5B-D-6-07#s100r050	16	0	0	0	0	ABSTAIN	A	0	0	0
H5B-D-6-08#s100r050	16	0	0	0	0	ABSTAIN	A	0	0	0
H5B-D-6-09#s100r050	16	0	0	0	0	ABSTAIN	A	0	0	0
H5B-P-06-00#s100r051	16	0	0	0	0	ABSTAIN	A	0	0	0
H5B-P-06-01#s100r051	16	0	0	0	0	ABSTAIN	A	0	0	0
H5B-P-06-02#s100r051	16	0	0	0	0	ABSTAIN	A	0	0	0
H5B-P-06-03#s100r051	16	0	0	0	0	ABSTAIN	A	0	0	0
H5B-P-06-04#s100r051	16	0	0	0	0	ABSTAIN	A	0	0	0
H5B-P-06-05#s100r051	16	0	0	0	0	ABSTAIN	A	0	0	0
H5B-P-06-06#s100r051	16	0	0	0	0	ABSTAIN	A	0	0	0
H5B-P-06-07#s100r051	16	0	0	0	0	ABSTAIN	A	0	0	0
H5B-P-06-08#s100r051	16	0	0	0	0	ABSTAIN	A	0	0	0
H5B-P-06-09#s100r051	16	0	0	0	0	ABSTAIN	A	0	0	0
H5B-P-12-00#s100r051	16	0	0	0	0	ABSTAIN	A	0	0	0
H5B-P-12-01#s100r051	16	0	0	0	0	ABSTAIN	A	0	0	0
H5B-P-12-02#s100r051	16	0	0	0	0	ABSTAIN	A	0	0	0
H5B-P-12-03#s100r051	16	0	0	0	0	ABSTAIN	A	0	0	0
H5B-P-12-04#s100r051	16	0	0	0	0	ABSTAIN	A	0	0	0
H5B-P-12-05#s100r051	16	0	0	0	0	ABSTAIN	A	0	0	0
H5B-P-12-06#s100r051	16	0	0	0	0	ABSTAIN	A	0	0	0
H5B-P-12-07#s100r051	16	0	0	0	0	ABSTAIN	A	0	0	0
H5B-P-12-08#s100r051	16	0	0	0	0	ABSTAIN	A	0	0	0
H5B-P-12-09#s100r051	16	0	0	0	0	ABSTAIN	A	0	0	0
H5B-P-20-00#s100r051	16	0	0	0	0	RELEASE	0	0	0	0
H5B-P-20-01#s100r051	16	0	0	0	0	RELEASE	0	0	0	0
H5B-P-20-02#s100r051	16	0	0	0	0	RELEASE	0	0	0	0
H5B-P-20-03#s100r051	16	0	0	0	0	RELEASE	0	0	0	0
H5B-P-20-04#s100r051	16	0	0	0	0	RELEASE	0	0	0	0
H5B-P-20-05#s100r051	16	0	0	0	0	RELEASE	0	0	0	0
H5B-P-20-06#s100r051	16	0	0	0	0	RELEASE	0	0	0	0
H5B-P-20-07#s100r051	16	0	0	0	0	RELEASE	0	0	0	0
H5B-P-20-08#s100r051	16	0	0	0	0	RELEASE	0	0	0	0
H5B-P-20-09#s100r051	16	0	0	0	0	RELEASE	0	0	0	0
H5B-P-40-00#s100r051	16	0	0	0	0	RELEASE	0	0	0	0
H5B-P-40-01#s100r051	16	0	0	0	0	RELEASE	0	0	0	0
H5B-P-40-02#s100r051	16	0	0	0	0	RELEASE	0	0	0	0
H5B-P-40-03#s100r051	16	0	0	0	0	RELEASE	0	0	0	0
H5B-P-40-04#s100r051	16	0	0	0	0	RELEASE	0	0	0	0
H5B-P-40-05#s100r051	16	0	0	0	0	RELEASE	0	0	0	0
H5B-P-40-06#s100r051	16	0	0	0	0	RELEASE	0	0	0	0
H5B-P-40-07#s100r051	16	0	0	0	0	RELEASE	0	0	0	0
H5B-P-40-08#s100r051	16	0	0	0	0	RELEASE	0	0	0	0
H5B-P-40-09#s100r051	16	0	0	0	0	RELEASE	0	0	0	0
H5B-O-06-00#s100r051	16	0	0	0	0	ABSTAIN	A	0	0	0
H5B-O-06-01#s100r051	16	0	0	0	0	ABSTAIN	A	0	0	0
H5B-O-06-02#s100r051	16	0	0	0	0	ABSTAIN	A	0	0	0
H5B-O-06-03#s100r051	16	0	0	0	0	ABSTAIN	A	0	0	0
H5B-O-06-04#s100r051	16	0	0	0	0	ABSTAIN	A	0	0	0
H5B-O-06-05#s100r051	16	0	0	0	0	ABSTAIN	A	0	0	0
H5B-O-06-06#s100r051	16	0	0	0	0	ABSTAIN	A	0	0	0
H5B-O-06-07#s100r051	16	0	0	0	0	ABSTAIN	A	0	0	0
H5B-O-06-08#s100r051	16	0	0	0	0	ABSTAIN	A	0	0	0
H5B-O-06-09#s100r051	16	0	0	0	0	ABSTAIN	A	0	0	0
H5B-O-12-00#s100r051	16	0	0	0	0	ABSTAIN	A	0	0	0
H5B-O-12-01#s100r051	16	0	0	0	0	ABSTAIN	A	0	0	0
H5B-O-12-02#s100r051	16	0	0	0	0	ABSTAIN	A	0	0	0
H5B-O-12-03#s100r051	16	0	0	0	0	ABSTAIN	A	0	0	0
H5B-O-12-04#s100r051	16	0	0	0	0	ABSTAIN	A	0	0	0
H5B-O-12-05#s100r051	16	0	0	0	0	ABSTAIN	A	0	0	0
H5B-O-12-06#s100r051	16	0	0	0	0	ABSTAIN	A	0	0	0
H5B-O-12-07#s100r051	16	0	0	0	0	ABSTAIN	A	0	0	0
H5B-O-12-08#s100r051	16	0	0	0	0	ABSTAIN	A	0	0	0
H5B-O-12-09#s100r051	16	0	0	0	0	ABSTAIN	A	0	0	0
H5B-O-20-00#s100r051	16	0	0	0	0	RELEASE	1	652	0	0
H5B-O-20-01#s100r051	16	0	0	0	0	RELEASE	1	513	0	0
H5B-O-20-02#s100r051	16	0	0	0	0	RELEASE	1	652	0	0
H5B-O-20-03#s100r051	16	0	0	0	0	RELEASE	1	513	0	0
H5B-O-20-04#s100r051	16	0	0	0	0	RELEASE	1	652	0	0
H5B-O-20-05#s100r051	16	0	0	0	0	RELEASE	1	652	0	0
H5B-O-20-06#s100r051	16	0	0	0	0	RELEASE	1	513	0	0
H5B-O-20-07#s100r051	16	0	0	0	0	RELEASE	1	652	0	0
H5B-O-20-08#s100r051	16	0	0	0	0	RELEASE	1	514	0	0
H5B-O-20-09#s100r051	16	0	0	0	0	RELEASE	1	652	0	0
H5B-O-40-00#s100r051	16	0	0	0	0	RELEASE	1	651	0	0
H5B-O-40-01#s100r051	16	0	0	0	0	RELEASE	1	514	0	0
H5B-O-40-02#s100r051	16	0	0	0	0	RELEASE	1	651	0	0
H5B-O-40-03#s100r051	16	0	0	0	0	RELEASE	1	514	0	0
H5B-O-40-04#s100r051	16	0	0	0	0	RELEASE	1	651	0	0
H5B-O-40-05#s100r051	16	0	0	0	0	RELEASE	1	651	0	0
H5B-O-40-06#s100r051	16	0	0	0	0	RELEASE	1	515	0	0
H5B-O-40-07#s100r051	16	0	0	0	0	RELEASE	1	652	0	0
H5B-O-40-08#s100r051	16	0	0	0	0	RELEASE	1	515	0	0
H5B-O-40-09#s100r051	16	0	0	0	0	RELEASE	1	652	0	0
H5B-D-0-00#s100r051	16	0	0	0	0	RELEASE	1	661	0	0
H5B-D-0-01#s100r051	16	0	0	0	0	RELEASE	1	661	0	0
H5B-D-0-02#s100r051	16	0	0	0	0	RELEASE	1	661	0	0
H5B-D-0-03#s100r051	16	0	0	0	0	RELEASE	1	661	0	0
H5B-D-0-04#s100r051	16	0	0	0	0	RELEASE	1	661	0	0
H5B-D-0-05#s100r051	16	0	0	0	0	RELEASE	1	661	0	0
H5B-D-0-06#s100r051	16	0	0	0	0	RELEASE	1	661	0	0
H5B-D-0-07#s100r051	16	0	0	0	0	RELEASE	1	661	0	0
H5B-D-0-08#s100r051	16	0	0	0	0	RELEASE	1	661	0	0
H5B-D-0-09#s100r051	16	0	0	0	0	RELEASE	1	662	0	0
H5B-D-1-00#s100r051	16	0	0	0	0	ABSTAIN	A	0	0	0
H5B-D-1-01#s100r051	16	0	0	0	0	ABSTAIN	A	0	0	0
H5B-D-1-02#s100r051	16	0	0	0	0	ABSTAIN	A	0	0	0
H5B-D-1-03#s100r051	16	0	0	0	0	ABSTAIN	A	0	0	0
H5B-D-1-04#s100r051	16	0	0	0	0	ABSTAIN	A	0	0	0
H5B-D-1-05#s100r051	16	0	0	0	0	ABSTAIN	A	0	0	0
H5B-D-1-06#s100r051	16	0	0	0	0	ABSTAIN	A	0	0	0
H5B-D-1-07#s100r051	16	0	0	0	0	ABSTAIN	A	0	0	0
H5B-D-1-08#s100r051	16	0	0	0	0	ABSTAIN	A	0	0	0
H5B-D-1-09#s100r051	16	0	0	0	0	ABSTAIN	A	0	0	0
H5B-D-2-00#s100r051	16	0	0	0	0	ABSTAIN	A	0	0	0
H5B-D-2-01#s100r051	16	0	0	0	0	ABSTAIN	A	0	0	0
H5B-D-2-02#s100r051	16	0	0	0	0	ABSTAIN	A	0	0	0
H5B-D-2-03#s100r051	16	0	0	0	0	ABSTAIN	A	0	0	0
H5B-D-2-04#s100r051	16	0	0	0	0	ABSTAIN	A	0	0	0
H5B-D-2-05#s100r051	16	0	0	0	0	ABSTAIN	A	0	0	0
H5B-D-2-06#s100r051	16	0	0	0	0	ABSTAIN	A	0	0	0
H5B-D-2-07#s100r051	16	0	0	0	0	ABSTAIN	A	0	0	0
H5B-D-2-08#s100r051	16	0	0	0	0	ABSTAIN	A	0	0	0
H5B-D-2-09#s100r051	16	0	0	0	0	ABSTAIN	A	0	0	0
H5B-D-6-00#s100r051	16	0	0	0	0	ABSTAIN	A	0	0	0
H5B-D-6-01#s100r051	16	0	0	0	0	ABSTAIN	A	0	0	0
H5B-D-6-02#s100r051	16	0	0	0	0	ABSTAIN	A	0	0	0
H5B-D-6-03#s100r051	16	0	0	0	0	ABSTAIN	A	0	0	0
H5B-D-6-04#s100r051	16	0	0	0	0	ABSTAIN	A	0	0	0
H5B-D-6-05#s100r051	16	0	0	0	0	ABSTAIN	A	0	0	0
H5B-D-6-06#s100r051	16	0	0	0	0	ABSTAIN	A	0	0	0
H5B-D-6-07#s100r051	16	0	0	0	0	ABSTAIN	A	0	0	0
H5B-D-6-08#s100r051	16	0	0	0	0	ABSTAIN	A	0	0	0
H5B-D-6-09#s100r051	16	0	0	0	0	ABSTAIN	A	0	0	0
H5B-P-06-00#s100r052	16	0	0	0	0	ABSTAIN	A	0	0	0
H5B-P-06-01#s100r052	16	0	0	0	0	ABSTAIN	A	0	0	0
H5B-P-06-02#s100r052	16	0	0	0	0	ABSTAIN	A	0	0	0
H5B-P-06-03#s100r052	16	0	0	0	0	ABSTAIN	A	0	0	0
H5B-P-06-04#s100r052	16	0	0	0	0	ABSTAIN	A	0	0	0
H5B-P-06-05#s100r052	16	0	0	0	0	ABSTAIN	A	0	0	0
H5B-P-06-06#s100r052	16	0	0	0	0	ABSTAIN	A	0	0	0
H5B-P-06-07#s100r052	16	0	0	0	0	ABSTAIN	A	0	0	0
H5B-P-06-08#s100r052	16	0	0	0	0	ABSTAIN	A	0	0	0
H5B-P-06-09#s100r052	16	0	0	0	0	ABSTAIN	A	0	0	0
H5B-P-12-00#s100r052	16	0	0	0	0	ABSTAIN	A	0	0	0
H5B-P-12-01#s100r052	16	0	0	0	0	ABSTAIN	A	0	0	0
H5B-P-12-02#s100r052	16	0	0	0	0	ABSTAIN	A	0	0	0
H5B-P-12-03#s100r052	16	0	0	0	0	ABSTAIN	A	0	0	0
H5B-P-12-04#s100r052	16	0	0	0	0	ABSTAIN	A	0	0	0
H5B-P-12-05#s100r052	16	0	0	0	0	ABSTAIN	A	0	0	0
H5B-P-12-06#s100r052	16	0	0	0	0	ABSTAIN	A	0	0	0
H5B-P-12-07#s100r052	16	0	0	0	0	ABSTAIN	A	0	0	0
H5B-P-12-08#s100r052	16	0	0	0	0	ABSTAIN	A	0	0	0
H5B-P-12-09#s100r052	16	0	0	0	0	ABSTAIN	A	0	0	0
H5B-P-20-00#s100r052	16	0	0	0	0	RELEASE	0	0	0	0
H5B-P-20-01#s100r052	16	0	0	0	0	RELEASE	0	0	0	0
H5B-P-20-02#s100r052	16	0	0	0	0	RELEASE	0	0	0	0
H5B-P-20-03#s100r052	16	0	0	0	0	RELEASE	0	0	0	0
H5B-P-20-04#s100r052	16	0	0	0	0	RELEASE	0	0	0	0
H5B-P-20-05#s100r052	16	0	0	0	0	RELEASE	0	0	0	0
H5B-P-20-06#s100r052	16	0	0	0	0	RELEASE	0	0	0	0
H5B-P-20-07#s100r052	16	0	0	0	0	RELEASE	0	0	0	0
H5B-P-20-08#s100r052	16	0	0	0	0	RELEASE	0	0	0	0
H5B-P-20-09#s100r052	16	0	0	0	0	RELEASE	0	0	0	0
H5B-P-40-00#s100r052	16	0	0	0	0	RELEASE	0	0	0	0
H5B-P-40-01#s100r052	16	0	0	0	0	RELEASE	0	0	0	0
H5B-P-40-02#s100r052	16	0	0	0	0	RELEASE	0	0	0	0
H5B-P-40-03#s100r052	16	0	0	0	0	RELEASE	0	0	0	0
H5B-P-40-04#s100r052	16	0	0	0	0	RELEASE	0	0	0	0
H5B-P-40-05#s100r052	16	0	0	0	0	RELEASE	0	0	0	0
H5B-P-40-06#s100r052	16	0	0	0	0	RELEASE	0	0	0	0
H5B-P-40-07#s100r052	16	0	0	0	0	RELEASE	0	0	0	0
H5B-P-40-08#s100r052	16	0	0	0	0	RELEASE	0	0	0	0
H5B-P-40-09#s100r052	16	0	0	0	0	RELEASE	0	0	0	0
H5B-O-06-00#s100r052	16	0	0	0	0	ABSTAIN	A	0	0	0
H5B-O-06-01#s100r052	16	0	0	0	0	ABSTAIN	A	0	0	0
H5B-O-06-02#s100r052	16	0	0	0	0	ABSTAIN	A	0	0	0
H5B-O-06-03#s100r052	16	0	0	0	0	ABSTAIN	A	0	0	0
H5B-O-06-04#s100r052	16	0	0	0	0	ABSTAIN	A	0	0	0
H5B-O-06-05#s100r052	16	0	0	0	0	ABSTAIN	A	0	0	0
H5B-O-06-06#s100r052	16	0	0	0	0	ABSTAIN	A	0	0	0
H5B-O-06-07#s100r052	16	0	0	0	0	ABSTAIN	A	0	0	0
H5B-O-06-08#s100r052	16	0	0	0	0	ABSTAIN	A	0	0	0
H5B-O-06-09#s100r052	16	0	0	0	0	ABSTAIN	A	0	0	0
H5B-O-12-00#s100r052	16	0	0	0	0	ABSTAIN	A	0	0	0
H5B-O-12-01#s100r052	16	0	0	0	0	ABSTAIN	A	0	0	0
H5B-O-12-02#s100r052	16	0	0	0	0	ABSTAIN	A	0	0	0
H5B-O-12-03#s100r052	16	0	0	0	0	ABSTAIN	A	0	0	0
H5B-O-12-04#s100r052	16	0	0	0	0	ABSTAIN	A	0	0	0
H5B-O-12-05#s100r052	16	0	0	0	0	ABSTAIN	A	0	0	0
H5B-O-12-06#s100r052	16	0	0	0	0	ABSTAIN	A	0	0	0
H5B-O-12-07#s100r052	16	0	0	0	0	ABSTAIN	A	0	0	0
H5B-O-12-08#s100r052	16	0	0	0	0	ABSTAIN	A	0	0	0
H5B-O-12-09#s100r052	16	0	0	0	0	ABSTAIN	A	0	0	0
H5B-O-20-00#s100r052	16	0	0	0	0	RELEASE	1	652	0	0
H5B-O-20-01#s100r052	16	0	0	0	0	RELEASE	1	513	0	0
H5B-O-20-02#s100r052	16	0	0	0	0	RELEASE	1	652	0	0
H5B-O-20-03#s100r052	16	0	0	0	0	RELEASE	1	513	0	0
H5B-O-20-04#s100r052	16	0	0	0	0	RELEASE	1	652	0	0
H5B-O-20-05#s100r052	16	0	0	0	0	RELEASE	1	652	0	0
H5B-O-20-06#s100r052	16	0	0	0	0	RELEASE	1	513	0	0
H5B-O-20-07#s100r052	16	0	0	0	0	RELEASE	1	652	0	0
H5B-O-20-08#s100r052	16	0	0	0	0	RELEASE	1	514	0	0
H5B-O-20-09#s100r052	16	0	0	0	0	RELEASE	1	652	0	0
H5B-O-40-00#s100r052	16	0	0	0	0	RELEASE	1	651	0	0
H5B-O-40-01#s100r052	16	0	0	0	0	RELEASE	1	514	0	0
H5B-O-40-02#s100r052	16	0	0	0	0	RELEASE	1	651	0	0
H5B-O-40-03#s100r052	16	0	0	0	0	RELEASE	1	514	0	0
H5B-O-40-04#s100r052	16	0	0	0	0	RELEASE	1	651	0	0
H5B-O-40-05#s100r052	16	0	0	0	0	RELEASE	1	651	0	0
H5B-O-40-06#s100r052	16	0	0	0	0	RELEASE	1	515	0	0
H5B-O-40-07#s100r052	16	0	0	0	0	RELEASE	1	652	0	0
H5B-O-40-08#s100r052	16	0	0	0	0	RELEASE	1	515	0	0
H5B-O-40-09#s100r052	16	0	0	0	0	RELEASE	1	652	0	0
H5B-D-0-00#s100r052	16	0	0	0	0	RELEASE	1	661	0	0
H5B-D-0-01#s100r052	16	0	0	0	0	RELEASE	1	661	0	0
H5B-D-0-02#s100r052	16	0	0	0	0	RELEASE	1	661	0	0
H5B-D-0-03#s100r052	16	0	0	0	0	RELEASE	1	661	0	0
H5B-D-0-04#s100r052	16	0	0	0	0	RELEASE	1	661	0	0
H5B-D-0-05#s100r052	16	0	0	0	0	RELEASE	1	661	0	0
H5B-D-0-06#s100r052	16	0	0	0	0	RELEASE	1	661	0	0
H5B-D-0-07#s100r052	16	0	0	0	0	RELEASE	1	661	0	0
H5B-D-0-08#s100r052	16	0	0	0	0	RELEASE	1	661	0	0
H5B-D-0-09#s100r052	16	0	0	0	0	RELEASE	1	662	0	0
H5B-D-1-00#s100r052	16	0	0	0	0	ABSTAIN	A	0	0	0
H5B-D-1-01#s100r052	16	0	0	0	0	ABSTAIN	A	0	0	0
H5B-D-1-02#s100r052	16	0	0	0	0	ABSTAIN	A	0	0	0
H5B-D-1-03#s100r052	16	0	0	0	0	ABSTAIN	A	0	0	0
H5B-D-1-04#s100r052	16	0	0	0	0	ABSTAIN	A	0	0	0
H5B-D-1-05#s100r052	16	0	0	0	0	ABSTAIN	A	0	0	0
H5B-D-1-06#s100r052	16	0	0	0	0	ABSTAIN	A	0	0	0
H5B-D-1-07#s100r052	16	0	0	0	0	ABSTAIN	A	0	0	0
H5B-D-1-08#s100r052	16	0	0	0	0	ABSTAIN	A	0	0	0
H5B-D-1-09#s100r052	16	0	0	0	0	ABSTAIN	A	0	0	0
H5B-D-2-00#s100r052	16	0	0	0	0	ABSTAIN	A	0	0	0
H5B-D-2-01#s100r052	16	0	0	0	0	ABSTAIN	A	0	0	0
H5B-D-2-02#s100r052	16	0	0	0	0	ABSTAIN	A	0	0	0
H5B-D-2-03#s100r052	16	0	0	0	0	ABSTAIN	A	0	0	0
H5B-D-2-04#s100r052	16	0	0	0	0	ABSTAIN	A	0	0	0
H5B-D-2-05#s100r052	16	0	0	0	0	ABSTAIN	A	0	0	0
H5B-D-2-06#s100r052	16	0	0	0	0	ABSTAIN	A	0	0	0
H5B-D-2-07#s100r052	16	0	0	0	0	ABSTAIN	A	0	0	0
H5B-D-2-08#s100r052	16	0	0	0	0	ABSTAIN	A	0	0	0
H5B-D-2-09#s100r052	16	0	0	0	0	ABSTAIN	A	0	0	0
H5B-D-6-00#s100r052	16	0	0	0	0	ABSTAIN	A	0	0	0
H5B-D-6-01#s100r052	16	0	0	0	0	ABSTAIN	A	0	0	0
H5B-D-6-02#s100r052	16	0	0	0	0	ABSTAIN	A	0	0	0
H5B-D-6-03#s100r052	16	0	0	0	0	ABSTAIN	A	0	0	0
H5B-D-6-04#s100r052	16	0	0	0	0	ABSTAIN	A	0	0	0
H5B-D-6-05#s100r052	16	0	0	0	0	ABSTAIN	A	0	0	0
H5B-D-6-06#s100r052	16	0	0	0	0	ABSTAIN	A	0	0	0
H5B-D-6-07#s100r052	16	0	0	0	0	ABSTAIN	A	0	0	0
H5B-D-6-08#s100r052	16	0	0	0	0	ABSTAIN	A	0	0	0
H5B-D-6-09#s100r052	16	0	0	0	0	ABSTAIN	A	0	0	0
H5B-P-06-00#s100r053	16	0	0	0	0	ABSTAIN	A	0	0	0
H5B-P-06-01#s100r053	16	0	0	0	0	ABSTAIN	A	0	0	0
H5B-P-06-02#s100r053	16	0	0	0	0	ABSTAIN	A	0	0	0
H5B-P-06-03#s100r053	16	0	0	0	0	ABSTAIN	A	0	0	0
H5B-P-06-04#s100r053	16	0	0	0	0	ABSTAIN	A	0	0	0
H5B-P-06-05#s100r053	16	0	0	0	0	ABSTAIN	A	0	0	0
H5B-P-06-06#s100r053	16	0	0	0	0	ABSTAIN	A	0	0	0
H5B-P-06-07#s100r053	16	0	0	0	0	ABSTAIN	A	0	0	0
H5B-P-06-08#s100r053	16	0	0	0	0	ABSTAIN	A	0	0	0
H5B-P-06-09#s100r053	16	0	0	0	0	ABSTAIN	A	0	0	0
H5B-P-12-00#s100r053	16	0	0	0	0	ABSTAIN	A	0	0	0
H5B-P-12-01#s100r053	16	0	0	0	0	ABSTAIN	A	0	0	0
H5B-P-12-02#s100r053	16	0	0	0	0	ABSTAIN	A	0	0	0
H5B-P-12-03#s100r053	16	0	0	0	0	ABSTAIN	A	0	0	0
H5B-P-12-04#s100r053	16	0	0	0	0	ABSTAIN	A	0	0	0
H5B-P-12-05#s100r053	16	0	0	0	0	ABSTAIN	A	0	0	0
H5B-P-12-06#s100r053	16	0	0	0	0	ABSTAIN	A	0	0	0
H5B-P-12-07#s100r053	16	0	0	0	0	ABSTAIN	A	0	0	0
H5B-P-12-08#s100r053	16	0	0	0	0	ABSTAIN	A	0	0	0
H5B-P-12-09#s100r053	16	0	0	0	0	ABSTAIN	A	0	0	0
H5B-P-20-00#s100r053	16	0	0	0	0	RELEASE	0	0	0	0
H5B-P-20-01#s100r053	16	0	0	0	0	RELEASE	0	0	0	0
H5B-P-20-02#s100r053	16	0	0	0	0	RELEASE	0	0	0	0
H5B-P-20-03#s100r053	16	0	0	0	0	RELEASE	0	0	0	0
H5B-P-20-04#s100r053	16	0	0	0	0	RELEASE	0	0	0	0
H5B-P-20-05#s100r053	16	0	0	0	0	RELEASE	0	0	0	0
H5B-P-20-06#s100r053	16	0	0	0	0	RELEASE	0	0	0	0
H5B-P-20-07#s100r053	16	0	0	0	0	RELEASE	0	0	0	0
H5B-P-20-08#s100r053	16	0	0	0	0	RELEASE	0	0	0	0
H5B-P-20-09#s100r053	16	0	0	0	0	RELEASE	0	0	0	0
H5B-P-40-00#s100r053	16	0	0	0	0	RELEASE	0	0	0	0
H5B-P-40-01#s100r053	16	0	0	0	0	RELEASE	0	0	0	0
H5B-P-40-02#s100r053	16	0	0	0	0	RELEASE	0	0	0	0
H5B-P-40-03#s100r053	16	0	0	0	0	RELEASE	0	0	0	0
H5B-P-40-04#s100r053	16	0	0	0	0	RELEASE	0	0	0	0
H5B-P-40-05#s100r053	16	0	0	0	0	RELEASE	0	0	0	0
H5B-P-40-06#s100r053	16	0	0	0	0	RELEASE	0	0	0	0
H5B-P-40-07#s100r053	16	0	0	0	0	RELEASE	0	0	0	0
H5B-P-40-08#s100r053	16	0	0	0	0	RELEASE	0	0	0	0
H5B-P-40-09#s100r053	16	0	0	0	0	RELEASE	0	0	0	0
H5B-O-06-00#s100r053	16	0	0	0	0	ABSTAIN	A	0	0	0
H5B-O-06-01#s100r053	16	0	0	0	0	ABSTAIN	A	0	0	0
H5B-O-06-02#s100r053	16	0	0	0	0	ABSTAIN	A	0	0	0
H5B-O-06-03#s100r053	16	0	0	0	0	ABSTAIN	A	0	0	0
H5B-O-06-04#s100r053	16	0	0	0	0	ABSTAIN	A	0	0	0
H5B-O-06-05#s100r053	16	0	0	0	0	ABSTAIN	A	0	0	0
H5B-O-06-06#s100r053	16	0	0	0	0	ABSTAIN	A	0	0	0
H5B-O-06-07#s100r053	16	0	0	0	0	ABSTAIN	A	0	0	0
H5B-O-06-08#s100r053	16	0	0	0	0	ABSTAIN	A	0	0	0
H5B-O-06-09#s100r053	16	0	0	0	0	ABSTAIN	A	0	0	0
H5B-O-12-00#s100r053	16	0	0	0	0	ABSTAIN	A	0	0	0
H5B-O-12-01#s100r053	16	0	0	0	0	ABSTAIN	A	0	0	0
H5B-O-12-02#s100r053	16	0	0	0	0	ABSTAIN	A	0	0	0
H5B-O-12-03#s100r053	16	0	0	0	0	ABSTAIN	A	0	0	0
H5B-O-12-04#s100r053	16	0	0	0	0	ABSTAIN	A	0	0	0
H5B-O-12-05#s100r053	16	0	0	0	0	ABSTAIN	A	0	0	0
H5B-O-12-06#s100r053	16	0	0	0	0	ABSTAIN	A	0	0	0
H5B-O-12-07#s100r053	16	0	0	0	0	ABSTAIN	A	0	0	0
H5B-O-12-08#s100r053	16	0	0	0	0	ABSTAIN	A	0	0	0
H5B-O-12-09#s100r053	16	0	0	0	0	ABSTAIN	A	0	0	0
H5B-O-20-00#s100r053	16	0	0	0	0	RELEASE	1	652	0	0
H5B-O-20-01#s100r053	16	0	0	0	0	RELEASE	1	513	0	0
H5B-O-20-02#s100r053	16	0	0	0	0	RELEASE	1	652	0	0
H5B-O-20-03#s100r053	16	0	0	0	0	RELEASE	1	513	0	0
H5B-O-20-04#s100r053	16	0	0	0	0	RELEASE	1	652	0	0
H5B-O-20-05#s100r053	16	0	0	0	0	RELEASE	1	652	0	0
H5B-O-20-06#s100r053	16	0	0	0	0	RELEASE	1	513	0	0
H5B-O-20-07#s100r053	16	0	0	0	0	RELEASE	1	652	0	0
H5B-O-20-08#s100r053	16	0	0	0	0	RELEASE	1	514	0	0
H5B-O-20-09#s100r053	16	0	0	0	0	RELEASE	1	652	0	0
H5B-O-40-00#s100r053	16	0	0	0	0	RELEASE	1	651	0	0
H5B-O-40-01#s100r053	16	0	0	0	0	RELEASE	1	514	0	0
H5B-O-40-02#s100r053	16	0	0	0	0	RELEASE	1	651	0	0
H5B-O-40-03#s100r053	16	0	0	0	0	RELEASE	1	514	0	0
H5B-O-40-04#s100r053	16	0	0	0	0	RELEASE	1	651	0	0
H5B-O-40-05#s100r053	16	0	0	0	0	RELEASE	1	651	0	0
H5B-O-40-06#s100r053	16	0	0	0	0	RELEASE	1	515	0	0
H5B-O-40-07#s100r053	16	0	0	0	0	RELEASE	1	652	0	0
H5B-O-40-08#s100r053	16	0	0	0	0	RELEASE	1	515	0	0
H5B-O-40-09#s100r053	16	0	0	0	0	RELEASE	1	652	0	0
H5B-D-0-00#s100r053	16	0	0	0	0	RELEASE	1	661	0	0
H5B-D-0-01#s100r053	16	0	0	0	0	RELEASE	1	661	0	0
H5B-D-0-02#s100r053	16	0	0	0	0	RELEASE	1	661	0	0
H5B-D-0-03#s100r053	16	0	0	0	0	RELEASE	1	661	0	0
H5B-D-0-04#s100r053	16	0	0	0	0	RELEASE	1	661	0	0
H5B-D-0-05#s100r053	16	0	0	0	0	RELEASE	1	661	0	0
H5B-D-0-06#s100r053	16	0	0	0	0	RELEASE	1	661	0	0
H5B-D-0-07#s100r053	16	0	0	0	0	RELEASE	1	661	0	0
H5B-D-0-08#s100r053	16	0	0	0	0	RELEASE	1	661	0	0
H5B-D-0-09#s100r053	16	0	0	0	0	RELEASE	1	661	0	0
H5B-D-1-00#s100r053	16	0	0	0	0	ABSTAIN	A	0	0	0
H5B-D-1-01#s100r053	16	0	0	0	0	ABSTAIN	A	0	0	0
H5B-D-1-02#s100r053	16	0	0	0	0	ABSTAIN	A	0	0	0
H5B-D-1-03#s100r053	16	0	0	0	0	ABSTAIN	A	0	0	0
H5B-D-1-04#s100r053	16	0	0	0	0	ABSTAIN	A	0	0	0
H5B-D-1-05#s100r053	16	0	0	0	0	ABSTAIN	A	0	0	0
H5B-D-1-06#s100r053	16	0	0	0	0	ABSTAIN	A	0	0	0
H5B-D-1-07#s100r053	16	0	0	0	0	ABSTAIN	A	0	0	0
H5B-D-1-08#s100r053	16	0	0	0	0	ABSTAIN	A	0	0	0
H5B-D-1-09#s100r053	16	0	0	0	0	ABSTAIN	A	0	0	0
H5B-D-2-00#s100r053	16	0	0	0	0	ABSTAIN	A	0	0	0
H5B-D-2-01#s100r053	16	0	0	0	0	ABSTAIN	A	0	0	0
H5B-D-2-02#s100r053	16	0	0	0	0	ABSTAIN	A	0	0	0
H5B-D-2-03#s100r053	16	0	0	0	0	ABSTAIN	A	0	0	0
H5B-D-2-04#s100r053	16	0	0	0	0	ABSTAIN	A	0	0	0
H5B-D-2-05#s100r053	16	0	0	0	0	ABSTAIN	A	0	0	0
H5B-D-2-06#s100r053	16	0	0	0	0	ABSTAIN	A	0	0	0
H5B-D-2-07#s100r053	16	0	0	0	0	ABSTAIN	A	0	0	0
H5B-D-2-08#s100r053	16	0	0	0	0	ABSTAIN	A	0	0	0
H5B-D-2-09#s100r053	16	0	0	0	0	ABSTAIN	A	0	0	0
H5B-D-6-00#s100r053	16	0	0	0	0	ABSTAIN	A	0	0	0
H5B-D-6-01#s100r053	16	0	0	0	0	ABSTAIN	A	0	0	0
H5B-D-6-02#s100r053	16	0	0	0	0	ABSTAIN	A	0	0	0
H5B-D-6-03#s100r053	16	0	0	0	0	ABSTAIN	A	0	0	0
H5B-D-6-04#s100r053	16	0	0	0	0	ABSTAIN	A	0	0	0
H5B-D-6-05#s100r053	16	0	0	0	0	ABSTAIN	A	0	0	0
H5B-D-6-06#s100r053	16	0	0	0	0	ABSTAIN	A	0	0	0
H5B-D-6-07#s100r053	16	0	0	0	0	ABSTAIN	A	0	0	0
H5B-D-6-08#s100r053	16	0	0	0	0	ABSTAIN	A	0	0	0
H5B-D-6-09#s100r053	16	0	0	0	0	ABSTAIN	A	0	0	0
H5B-P-06-00#s100r054	16	0	0	0	0	ABSTAIN	A	0	0	0
H5B-P-06-01#s100r054	16	0	0	0	0	ABSTAIN	A	0	0	0
H5B-P-06-02#s100r054	16	0	0	0	0	ABSTAIN	A	0	0	0
H5B-P-06-03#s100r054	16	0	0	0	0	ABSTAIN	A	0	0	0
H5B-P-06-04#s100r054	16	0	0	0	0	ABSTAIN	A	0	0	0
H5B-P-06-05#s100r054	16	0	0	0	0	ABSTAIN	A	0	0	0
H5B-P-06-06#s100r054	16	0	0	0	0	ABSTAIN	A	0	0	0
H5B-P-06-07#s100r054	16	0	0	0	0	ABSTAIN	A	0	0	0
H5B-P-06-08#s100r054	16	0	0	0	0	ABSTAIN	A	0	0	0
H5B-P-06-09#s100r054	16	0	0	0	0	ABSTAIN	A	0	0	0
H5B-P-12-00#s100r054	16	0	0	0	0	ABSTAIN	A	0	0	0
H5B-P-12-01#s100r054	16	0	0	0	0	ABSTAIN	A	0	0	0
H5B-P-12-02#s100r054	16	0	0	0	0	ABSTAIN	A	0	0	0
H5B-P-12-03#s100r054	16	0	0	0	0	ABSTAIN	A	0	0	0
H5B-P-12-04#s100r054	16	0	0	0	0	ABSTAIN	A	0	0	0
H5B-P-12-05#s100r054	16	0	0	0	0	ABSTAIN	A	0	0	0
H5B-P-12-06#s100r054	16	0	0	0	0	ABSTAIN	A	0	0	0
H5B-P-12-07#s100r054	16	0	0	0	0	ABSTAIN	A	0	0	0
H5B-P-12-08#s100r054	16	0	0	0	0	ABSTAIN	A	0	0	0
H5B-P-12-09#s100r054	16	0	0	0	0	ABSTAIN	A	0	0	0
H5B-P-20-00#s100r054	16	0	0	0	0	RELEASE	0	0	0	0
H5B-P-20-01#s100r054	16	0	0	0	0	RELEASE	0	0	0	0
H5B-P-20-02#s100r054	16	0	0	0	0	RELEASE	0	0	0	0
H5B-P-20-03#s100r054	16	0	0	0	0	RELEASE	0	0	0	0
H5B-P-20-04#s100r054	16	0	0	0	0	RELEASE	0	0	0	0
H5B-P-20-05#s100r054	16	0	0	0	0	RELEASE	0	0	0	0
H5B-P-20-06#s100r054	16	0	0	0	0	RELEASE	0	0	0	0
H5B-P-20-07#s100r054	16	0	0	0	0	RELEASE	0	0	0	0
H5B-P-20-08#s100r054	16	0	0	0	0	RELEASE	0	0	0	0
H5B-P-20-09#s100r054	16	0	0	0	0	RELEASE	0	0	0	0
H5B-P-40-00#s100r054	16	0	0	0	0	RELEASE	0	0	0	0
H5B-P-40-01#s100r054	16	0	0	0	0	RELEASE	0	0	0	0
H5B-P-40-02#s100r054	16	0	0	0	0	RELEASE	0	0	0	0
H5B-P-40-03#s100r054	16	0	0	0	0	RELEASE	0	0	0	0
H5B-P-40-04#s100r054	16	0	0	0	0	RELEASE	0	0	0	0
H5B-P-40-05#s100r054	16	0	0	0	0	RELEASE	0	0	0	0
H5B-P-40-06#s100r054	16	0	0	0	0	RELEASE	0	0	0	0
H5B-P-40-07#s100r054	16	0	0	0	0	RELEASE	0	0	0	0
H5B-P-40-08#s100r054	16	0	0	0	0	RELEASE	0	0	0	0
H5B-P-40-09#s100r054	16	0	0	0	0	RELEASE	0	0	0	0
H5B-O-06-00#s100r054	16	0	0	0	0	ABSTAIN	A	0	0	0
H5B-O-06-01#s100r054	16	0	0	0	0	ABSTAIN	A	0	0	0
H5B-O-06-02#s100r054	16	0	0	0	0	ABSTAIN	A	0	0	0
H5B-O-06-03#s100r054	16	0	0	0	0	ABSTAIN	A	0	0	0
H5B-O-06-04#s100r054	16	0	0	0	0	ABSTAIN	A	0	0	0
H5B-O-06-05#s100r054	16	0	0	0	0	ABSTAIN	A	0	0	0
H5B-O-06-06#s100r054	16	0	0	0	0	ABSTAIN	A	0	0	0
H5B-O-06-07#s100r054	16	0	0	0	0	ABSTAIN	A	0	0	0
H5B-O-06-08#s100r054	16	0	0	0	0	ABSTAIN	A	0	0	0
H5B-O-06-09#s100r054	16	0	0	0	0	ABSTAIN	A	0	0	0
H5B-O-12-00#s100r054	16	0	0	0	0	ABSTAIN	A	0	0	0
H5B-O-12-01#s100r054	16	0	0	0	0	ABSTAIN	A	0	0	0
H5B-O-12-02#s100r054	16	0	0	0	0	ABSTAIN	A	0	0	0
H5B-O-12-03#s100r054	16	0	0	0	0	ABSTAIN	A	0	0	0
H5B-O-12-04#s100r054	16	0	0	0	0	ABSTAIN	A	0	0	0
H5B-O-12-05#s100r054	16	0	0	0	0	ABSTAIN	A	0	0	0
H5B-O-12-06#s100r054	16	0	0	0	0	ABSTAIN	A	0	0	0
H5B-O-12-07#s100r054	16	0	0	0	0	ABSTAIN	A	0	0	0
H5B-O-12-08#s100r054	16	0	0	0	0	ABSTAIN	A	0	0	0
H5B-O-12-09#s100r054	16	0	0	0	0	ABSTAIN	A	0	0	0
H5B-O-20-00#s100r054	16	0	0	0	0	RELEASE	1	652	0	0
H5B-O-20-01#s100r054	16	0	0	0	0	RELEASE	1	513	0	0
H5B-O-20-02#s100r054	16	0	0	0	0	RELEASE	1	652	0	0
H5B-O-20-03#s100r054	16	0	0	0	0	RELEASE	1	513	0	0
H5B-O-20-04#s100r054	16	0	0	0	0	RELEASE	1	652	0	0
H5B-O-20-05#s100r054	16	0	0	0	0	RELEASE	1	652	0	0
H5B-O-20-06#s100r054	16	0	0	0	0	RELEASE	1	514	0	0
H5B-O-20-07#s100r054	16	0	0	0	0	RELEASE	1	652	0	0
H5B-O-20-08#s100r054	16	0	0	0	0	RELEASE	1	514	0	0
H5B-O-20-09#s100r054	16	0	0	0	0	RELEASE	1	652	0	0
H5B-O-40-00#s100r054	16	0	0	0	0	RELEASE	1	651	0	0
H5B-O-40-01#s100r054	16	0	0	0	0	RELEASE	1	514	0	0
H5B-O-40-02#s100r054	16	0	0	0	0	RELEASE	1	651	0	0
H5B-O-40-03#s100r054	16	0	0	0	0	RELEASE	1	514	0	0
H5B-O-40-04#s100r054	16	0	0	0	0	RELEASE	1	651	0	0
H5B-O-40-05#s100r054	16	0	0	0	0	RELEASE	1	651	0	0
H5B-O-40-06#s100r054	16	0	0	0	0	RELEASE	1	515	0	0
H5B-O-40-07#s100r054	16	0	0	0	0	RELEASE	1	652	0	0
H5B-O-40-08#s100r054	16	0	0	0	0	RELEASE	1	515	0	0
H5B-O-40-09#s100r054	16	0	0	0	0	RELEASE	1	652	0	0
H5B-D-0-00#s100r054	16	0	0	0	0	RELEASE	1	661	0	0
H5B-D-0-01#s100r054	16	0	0	0	0	RELEASE	1	661	0	0
H5B-D-0-02#s100r054	16	0	0	0	0	RELEASE	1	661	0	0
H5B-D-0-03#s100r054	16	0	0	0	0	RELEASE	1	661	0	0
H5B-D-0-04#s100r054	16	0	0	0	0	RELEASE	1	661	0	0
H5B-D-0-05#s100r054	16	0	0	0	0	RELEASE	1	661	0	0
H5B-D-0-06#s100r054	16	0	0	0	0	RELEASE	1	661	0	0
H5B-D-0-07#s100r054	16	0	0	0	0	RELEASE	1	661	0	0
H5B-D-0-08#s100r054	16	0	0	0	0	RELEASE	1	661	0	0
H5B-D-0-09#s100r054	16	0	0	0	0	RELEASE	1	661	0	0
H5B-D-1-00#s100r054	16	0	0	0	0	ABSTAIN	A	0	0	0
H5B-D-1-01#s100r054	16	0	0	0	0	ABSTAIN	A	0	0	0
H5B-D-1-02#s100r054	16	0	0	0	0	ABSTAIN	A	0	0	0
H5B-D-1-03#s100r054	16	0	0	0	0	ABSTAIN	A	0	0	0
H5B-D-1-04#s100r054	16	0	0	0	0	ABSTAIN	A	0	0	0
H5B-D-1-05#s100r054	16	0	0	0	0	ABSTAIN	A	0	0	0
H5B-D-1-06#s100r054	16	0	0	0	0	ABSTAIN	A	0	0	0
H5B-D-1-07#s100r054	16	0	0	0	0	ABSTAIN	A	0	0	0
H5B-D-1-08#s100r054	16	0	0	0	0	ABSTAIN	A	0	0	0
H5B-D-1-09#s100r054	16	0	0	0	0	ABSTAIN	A	0	0	0
H5B-D-2-00#s100r054	16	0	0	0	0	ABSTAIN	A	0	0	0
H5B-D-2-01#s100r054	16	0	0	0	0	ABSTAIN	A	0	0	0
H5B-D-2-02#s100r054	16	0	0	0	0	ABSTAIN	A	0	0	0
H5B-D-2-03#s100r054	16	0	0	0	0	ABSTAIN	A	0	0	0
H5B-D-2-04#s100r054	16	0	0	0	0	ABSTAIN	A	0	0	0
H5B-D-2-05#s100r054	16	0	0	0	0	ABSTAIN	A	0	0	0
H5B-D-2-06#s100r054	16	0	0	0	0	ABSTAIN	A	0	0	0
H5B-D-2-07#s100r054	16	0	0	0	0	ABSTAIN	A	0	0	0
H5B-D-2-08#s100r054	16	0	0	0	0	ABSTAIN	A	0	0	0
H5B-D-2-09#s100r054	16	0	0	0	0	ABSTAIN	A	0	0	0
H5B-D-6-00#s100r054	16	0	0	0	0	ABSTAIN	A	0	0	0
H5B-D-6-01#s100r054	16	0	0	0	0	ABSTAIN	A	0	0	0
H5B-D-6-02#s100r054	16	0	0	0	0	ABSTAIN	A	0	0	0
H5B-D-6-03#s100r054	16	0	0	0	0	ABSTAIN	A	0	0	0
H5B-D-6-04#s100r054	16	0	0	0	0	ABSTAIN	A	0	0	0
H5B-D-6-05#s100r054	16	0	0	0	0	ABSTAIN	A	0	0	0
H5B-D-6-06#s100r054	16	0	0	0	0	ABSTAIN	A	0	0	0
H5B-D-6-07#s100r054	16	0	0	0	0	ABSTAIN	A	0	0	0
H5B-D-6-08#s100r054	16	0	0	0	0	ABSTAIN	A	0	0	0
H5B-D-6-09#s100r054	16	0	0	0	0	ABSTAIN	A	0	0	0
H5B-P-06-00#s100r055	16	0	0	0	0	ABSTAIN	A	0	0	0
H5B-P-06-01#s100r055	16	0	0	0	0	ABSTAIN	A	0	0	0
H5B-P-06-02#s100r055	16	0	0	0	0	ABSTAIN	A	0	0	0
H5B-P-06-03#s100r055	16	0	0	0	0	ABSTAIN	A	0	0	0
H5B-P-06-04#s100r055	16	0	0	0	0	ABSTAIN	A	0	0	0
H5B-P-06-05#s100r055	16	0	0	0	0	ABSTAIN	A	0	0	0
H5B-P-06-06#s100r055	16	0	0	0	0	ABSTAIN	A	0	0	0
H5B-P-06-07#s100r055	16	0	0	0	0	ABSTAIN	A	0	0	0
H5B-P-06-08#s100r055	16	0	0	0	0	ABSTAIN	A	0	0	0
H5B-P-06-09#s100r055	16	0	0	0	0	ABSTAIN	A	0	0	0
H5B-P-12-00#s100r055	16	0	0	0	0	ABSTAIN	A	0	0	0
H5B-P-12-01#s100r055	16	0	0	0	0	ABSTAIN	A	0	0	0
H5B-P-12-02#s100r055	16	0	0	0	0	ABSTAIN	A	0	0	0
H5B-P-12-03#s100r055	16	0	0	0	0	ABSTAIN	A	0	0	0
H5B-P-12-04#s100r055	16	0	0	0	0	ABSTAIN	A	0	0	0
H5B-P-12-05#s100r055	16	0	0	0	0	ABSTAIN	A	0	0	0
H5B-P-12-06#s100r055	16	0	0	0	0	ABSTAIN	A	0	0	0
H5B-P-12-07#s100r055	16	0	0	0	0	ABSTAIN	A	0	0	0
H5B-P-12-08#s100r055	16	0	0	0	0	ABSTAIN	A	0	0	0
H5B-P-12-09#s100r055	16	0	0	0	0	ABSTAIN	A	0	0	0
H5B-P-20-00#s100r055	16	0	0	0	0	RELEASE	0	0	0	0
H5B-P-20-01#s100r055	16	0	0	0	0	RELEASE	0	0	0	0
H5B-P-20-02#s100r055	16	0	0	0	0	RELEASE	0	0	0	0
H5B-P-20-03#s100r055	16	0	0	0	0	RELEASE	0	0	0	0
H5B-P-20-04#s100r055	16	0	0	0	0	RELEASE	0	0	0	0
H5B-P-20-05#s100r055	16	0	0	0	0	RELEASE	0	0	0	0
H5B-P-20-06#s100r055	16	0	0	0	0	RELEASE	0	0	0	0
H5B-P-20-07#s100r055	16	0	0	0	0	RELEASE	0	0	0	0
H5B-P-20-08#s100r055	16	0	0	0	0	RELEASE	0	0	0	0
H5B-P-20-09#s100r055	16	0	0	0	0	RELEASE	0	0	0	0
H5B-P-40-00#s100r055	16	0	0	0	0	RELEASE	0	0	0	0
H5B-P-40-01#s100r055	16	0	0	0	0	RELEASE	0	0	0	0
H5B-P-40-02#s100r055	16	0	0	0	0	RELEASE	0	0	0	0
H5B-P-40-03#s100r055	16	0	0	0	0	RELEASE	0	0	0	0
H5B-P-40-04#s100r055	16	0	0	0	0	RELEASE	0	0	0	0
H5B-P-40-05#s100r055	16	0	0	0	0	RELEASE	0	0	0	0
H5B-P-40-06#s100r055	16	0	0	0	0	RELEASE	0	0	0	0
H5B-P-40-07#s100r055	16	0	0	0	0	RELEASE	0	0	0	0
H5B-P-40-08#s100r055	16	0	0	0	0	RELEASE	0	0	0	0
H5B-P-40-09#s100r055	16	0	0	0	0	RELEASE	0	0	0	0
H5B-O-06-00#s100r055	16	0	0	0	0	ABSTAIN	A	0	0	0
H5B-O-06-01#s100r055	16	0	0	0	0	ABSTAIN	A	0	0	0
H5B-O-06-02#s100r055	16	0	0	0	0	ABSTAIN	A	0	0	0
H5B-O-06-03#s100r055	16	0	0	0	0	ABSTAIN	A	0	0	0
H5B-O-06-04#s100r055	16	0	0	0	0	ABSTAIN	A	0	0	0
H5B-O-06-05#s100r055	16	0	0	0	0	ABSTAIN	A	0	0	0
H5B-O-06-06#s100r055	16	0	0	0	0	ABSTAIN	A	0	0	0
H5B-O-06-07#s100r055	16	0	0	0	0	ABSTAIN	A	0	0	0
H5B-O-06-08#s100r055	16	0	0	0	0	ABSTAIN	A	0	0	0
H5B-O-06-09#s100r055	16	0	0	0	0	ABSTAIN	A	0	0	0
H5B-O-12-00#s100r055	16	0	0	0	0	ABSTAIN	A	0	0	0
H5B-O-12-01#s100r055	16	0	0	0	0	ABSTAIN	A	0	0	0
H5B-O-12-02#s100r055	16	0	0	0	0	ABSTAIN	A	0	0	0
H5B-O-12-03#s100r055	16	0	0	0	0	ABSTAIN	A	0	0	0
H5B-O-12-04#s100r055	16	0	0	0	0	ABSTAIN	A	0	0	0
H5B-O-12-05#s100r055	16	0	0	0	0	ABSTAIN	A	0	0	0
H5B-O-12-06#s100r055	16	0	0	0	0	ABSTAIN	A	0	0	0
H5B-O-12-07#s100r055	16	0	0	0	0	ABSTAIN	A	0	0	0
H5B-O-12-08#s100r055	16	0	0	0	0	ABSTAIN	A	0	0	0
H5B-O-12-09#s100r055	16	0	0	0	0	ABSTAIN	A	0	0	0
H5B-O-20-00#s100r055	16	0	0	0	0	RELEASE	1	652	0	0
H5B-O-20-01#s100r055	16	0	0	0	0	RELEASE	1	513	0	0
H5B-O-20-02#s100r055	16	0	0	0	0	RELEASE	1	652	0	0
H5B-O-20-03#s100r055	16	0	0	0	0	RELEASE	1	513	0	0
H5B-O-20-04#s100r055	16	0	0	0	0	RELEASE	1	652	0	0
H5B-O-20-05#s100r055	16	0	0	0	0	RELEASE	1	652	0	0
H5B-O-20-06#s100r055	16	0	0	0	0	RELEASE	1	514	0	0
H5B-O-20-07#s100r055	16	0	0	0	0	RELEASE	1	652	0	0
H5B-O-20-08#s100r055	16	0	0	0	0	RELEASE	1	514	0	0
H5B-O-20-09#s100r055	16	0	0	0	0	RELEASE	1	652	0	0
H5B-O-40-00#s100r055	16	0	0	0	0	RELEASE	1	651	0	0
H5B-O-40-01#s100r055	16	0	0	0	0	RELEASE	1	514	0	0
H5B-O-40-02#s100r055	16	0	0	0	0	RELEASE	1	651	0	0
H5B-O-40-03#s100r055	16	0	0	0	0	RELEASE	1	514	0	0
H5B-O-40-04#s100r055	16	0	0	0	0	RELEASE	1	651	0	0
H5B-O-40-05#s100r055	16	0	0	0	0	RELEASE	1	651	0	0
H5B-O-40-06#s100r055	16	0	0	0	0	RELEASE	1	515	0	0
H5B-O-40-07#s100r055	16	0	0	0	0	RELEASE	1	652	0	0
H5B-O-40-08#s100r055	16	0	0	0	0	RELEASE	1	515	0	0
H5B-O-40-09#s100r055	16	0	0	0	0	RELEASE	1	652	0	0
H5B-D-0-00#s100r055	16	0	0	0	0	RELEASE	1	661	0	0
H5B-D-0-01#s100r055	16	0	0	0	0	RELEASE	1	661	0	0
H5B-D-0-02#s100r055	16	0	0	0	0	RELEASE	1	661	0	0
H5B-D-0-03#s100r055	16	0	0	0	0	RELEASE	1	661	0	0
H5B-D-0-04#s100r055	16	0	0	0	0	RELEASE	1	661	0	0
H5B-D-0-05#s100r055	16	0	0	0	0	RELEASE	1	661	0	0
H5B-D-0-06#s100r055	16	0	0	0	0	RELEASE	1	661	0	0
H5B-D-0-07#s100r055	16	0	0	0	0	RELEASE	1	661	0	0
H5B-D-0-08#s100r055	16	0	0	0	0	RELEASE	1	661	0	0
H5B-D-0-09#s100r055	16	0	0	0	0	RELEASE	1	661	0	0
H5B-D-1-00#s100r055	16	0	0	0	0	ABSTAIN	A	0	0	0
H5B-D-1-01#s100r055	16	0	0	0	0	ABSTAIN	A	0	0	0
H5B-D-1-02#s100r055	16	0	0	0	0	ABSTAIN	A	0	0	0
H5B-D-1-03#s100r055	16	0	0	0	0	ABSTAIN	A	0	0	0
H5B-D-1-04#s100r055	16	0	0	0	0	ABSTAIN	A	0	0	0
H5B-D-1-05#s100r055	16	0	0	0	0	ABSTAIN	A	0	0	0
H5B-D-1-06#s100r055	16	0	0	0	0	ABSTAIN	A	0	0	0
H5B-D-1-07#s100r055	16	0	0	0	0	ABSTAIN	A	0	0	0
H5B-D-1-08#s100r055	16	0	0	0	0	ABSTAIN	A	0	0	0
H5B-D-1-09#s100r055	16	0	0	0	0	ABSTAIN	A	0	0	0
H5B-D-2-00#s100r055	16	0	0	0	0	ABSTAIN	A	0	0	0
H5B-D-2-01#s100r055	16	0	0	0	0	ABSTAIN	A	0	0	0
H5B-D-2-02#s100r055	16	0	0	0	0	ABSTAIN	A	0	0	0
H5B-D-2-03#s100r055	16	0	0	0	0	ABSTAIN	A	0	0	0
H5B-D-2-04#s100r055	16	0	0	0	0	ABSTAIN	A	0	0	0
H5B-D-2-05#s100r055	16	0	0	0	0	ABSTAIN	A	0	0	0
H5B-D-2-06#s100r055	16	0	0	0	0	ABSTAIN	A	0	0	0
H5B-D-2-07#s100r055	16	0	0	0	0	ABSTAIN	A	0	0	0
H5B-D-2-08#s100r055	16	0	0	0	0	ABSTAIN	A	0	0	0
H5B-D-2-09#s100r055	16	0	0	0	0	ABSTAIN	A	0	0	0
H5B-D-6-00#s100r055	16	0	0	0	0	ABSTAIN	A	0	0	0
H5B-D-6-01#s100r055	16	0	0	0	0	ABSTAIN	A	0	0	0
H5B-D-6-02#s100r055	16	0	0	0	0	ABSTAIN	A	0	0	0
H5B-D-6-03#s100r055	16	0	0	0	0	ABSTAIN	A	0	0	0
H5B-D-6-04#s100r055	16	0	0	0	0	ABSTAIN	A	0	0	0
H5B-D-6-05#s100r055	16	0	0	0	0	ABSTAIN	A	0	0	0
H5B-D-6-06#s100r055	16	0	0	0	0	ABSTAIN	A	0	0	0
H5B-D-6-07#s100r055	16	0	0	0	0	ABSTAIN	A	0	0	0
H5B-D-6-08#s100r055	16	0	0	0	0	ABSTAIN	A	0	0	0
H5B-D-6-09#s100r055	16	0	0	0	0	ABSTAIN	A	0	0	0
H5B-P-06-00#s100r056	16	0	0	0	0	ABSTAIN	A	0	0	0
H5B-P-06-01#s100r056	16	0	0	0	0	ABSTAIN	A	0	0	0
H5B-P-06-02#s100r056	16	0	0	0	0	ABSTAIN	A	0	0	0
H5B-P-06-03#s100r056	16	0	0	0	0	ABSTAIN	A	0	0	0
H5B-P-06-04#s100r056	16	0	0	0	0	ABSTAIN	A	0	0	0
H5B-P-06-05#s100r056	16	0	0	0	0	ABSTAIN	A	0	0	0
H5B-P-06-06#s100r056	16	0	0	0	0	ABSTAIN	A	0	0	0
H5B-P-06-07#s100r056	16	0	0	0	0	ABSTAIN	A	0	0	0
H5B-P-06-08#s100r056	16	0	0	0	0	ABSTAIN	A	0	0	0
H5B-P-06-09#s100r056	16	0	0	0	0	ABSTAIN	A	0	0	0
H5B-P-12-00#s100r056	16	0	0	0	0	ABSTAIN	A	0	0	0
H5B-P-12-01#s100r056	16	0	0	0	0	ABSTAIN	A	0	0	0
H5B-P-12-02#s100r056	16	0	0	0	0	ABSTAIN	A	0	0	0
H5B-P-12-03#s100r056	16	0	0	0	0	ABSTAIN	A	0	0	0
H5B-P-12-04#s100r056	16	0	0	0	0	ABSTAIN	A	0	0	0
H5B-P-12-05#s100r056	16	0	0	0	0	ABSTAIN	A	0	0	0
H5B-P-12-06#s100r056	16	0	0	0	0	ABSTAIN	A	0	0	0
H5B-P-12-07#s100r056	16	0	0	0	0	ABSTAIN	A	0	0	0
H5B-P-12-08#s100r056	16	0	0	0	0	ABSTAIN	A	0	0	0
H5B-P-12-09#s100r056	16	0	0	0	0	ABSTAIN	A	0	0	0
H5B-P-20-00#s100r056	16	0	0	0	0	RELEASE	0	0	0	0
H5B-P-20-01#s100r056	16	0	0	0	0	RELEASE	0	0	0	0
H5B-P-20-02#s100r056	16	0	0	0	0	RELEASE	0	0	0	0
H5B-P-20-03#s100r056	16	0	0	0	0	RELEASE	0	0	0	0
H5B-P-20-04#s100r056	16	0	0	0	0	RELEASE	0	0	0	0
H5B-P-20-05#s100r056	16	0	0	0	0	RELEASE	0	0	0	0
H5B-P-20-06#s100r056	16	0	0	0	0	RELEASE	0	0	0	0
H5B-P-20-07#s100r056	16	0	0	0	0	RELEASE	0	0	0	0
H5B-P-20-08#s100r056	16	0	0	0	0	RELEASE	0	0	0	0
H5B-P-20-09#s100r056	16	0	0	0	0	RELEASE	0	0	0	0
H5B-P-40-00#s100r056	16	0	0	0	0	RELEASE	0	0	0	0
H5B-P-40-01#s100r056	16	0	0	0	0	RELEASE	0	0	0	0
H5B-P-40-02#s100r056	16	0	0	0	0	RELEASE	0	0	0	0
H5B-P-40-03#s100r056	16	0	0	0	0	RELEASE	0	0	0	0
H5B-P-40-04#s100r056	16	0	0	0	0	RELEASE	0	0	0	0
H5B-P-40-05#s100r056	16	0	0	0	0	RELEASE	0	0	0	0
H5B-P-40-06#s100r056	16	0	0	0	0	RELEASE	0	0	0	0
H5B-P-40-07#s100r056	16	0	0	0	0	RELEASE	0	0	0	0
H5B-P-40-08#s100r056	16	0	0	0	0	RELEASE	0	0	0	0
H5B-P-40-09#s100r056	16	0	0	0	0	RELEASE	0	0	0	0
H5B-O-06-00#s100r056	16	0	0	0	0	ABSTAIN	A	0	0	0
H5B-O-06-01#s100r056	16	0	0	0	0	ABSTAIN	A	0	0	0
H5B-O-06-02#s100r056	16	0	0	0	0	ABSTAIN	A	0	0	0
H5B-O-06-03#s100r056	16	0	0	0	0	ABSTAIN	A	0	0	0
H5B-O-06-04#s100r056	16	0	0	0	0	ABSTAIN	A	0	0	0
H5B-O-06-05#s100r056	16	0	0	0	0	ABSTAIN	A	0	0	0
H5B-O-06-06#s100r056	16	0	0	0	0	ABSTAIN	A	0	0	0
H5B-O-06-07#s100r056	16	0	0	0	0	ABSTAIN	A	0	0	0
H5B-O-06-08#s100r056	16	0	0	0	0	ABSTAIN	A	0	0	0
H5B-O-06-09#s100r056	16	0	0	0	0	ABSTAIN	A	0	0	0
H5B-O-12-00#s100r056	16	0	0	0	0	ABSTAIN	A	0	0	0
H5B-O-12-01#s100r056	16	0	0	0	0	ABSTAIN	A	0	0	0
H5B-O-12-02#s100r056	16	0	0	0	0	ABSTAIN	A	0	0	0
H5B-O-12-03#s100r056	16	0	0	0	0	ABSTAIN	A	0	0	0
H5B-O-12-04#s100r056	16	0	0	0	0	ABSTAIN	A	0	0	0
H5B-O-12-05#s100r056	16	0	0	0	0	ABSTAIN	A	0	0	0
H5B-O-12-06#s100r056	16	0	0	0	0	ABSTAIN	A	0	0	0
H5B-O-12-07#s100r056	16	0	0	0	0	ABSTAIN	A	0	0	0
H5B-O-12-08#s100r056	16	0	0	0	0	ABSTAIN	A	0	0	0
H5B-O-12-09#s100r056	16	0	0	0	0	ABSTAIN	A	0	0	0
H5B-O-20-00#s100r056	16	0	0	0	0	RELEASE	1	652	0	0
H5B-O-20-01#s100r056	16	0	0	0	0	RELEASE	1	513	0	0
H5B-O-20-02#s100r056	16	0	0	0	0	RELEASE	1	652	0	0
H5B-O-20-03#s100r056	16	0	0	0	0	RELEASE	1	513	0	0
H5B-O-20-04#s100r056	16	0	0	0	0	RELEASE	1	652	0	0
H5B-O-20-05#s100r056	16	0	0	0	0	RELEASE	1	652	0	0
H5B-O-20-06#s100r056	16	0	0	0	0	RELEASE	1	514	0	0
H5B-O-20-07#s100r056	16	0	0	0	0	RELEASE	1	652	0	0
H5B-O-20-08#s100r056	16	0	0	0	0	RELEASE	1	514	0	0
H5B-O-20-09#s100r056	16	0	0	0	0	RELEASE	1	652	0	0
H5B-O-40-00#s100r056	16	0	0	0	0	RELEASE	1	651	0	0
H5B-O-40-01#s100r056	16	0	0	0	0	RELEASE	1	514	0	0
H5B-O-40-02#s100r056	16	0	0	0	0	RELEASE	1	651	0	0
H5B-O-40-03#s100r056	16	0	0	0	0	RELEASE	1	514	0	0
H5B-O-40-04#s100r056	16	0	0	0	0	RELEASE	1	651	0	0
H5B-O-40-05#s100r056	16	0	0	0	0	RELEASE	1	651	0	0
H5B-O-40-06#s100r056	16	0	0	0	0	RELEASE	1	515	0	0
H5B-O-40-07#s100r056	16	0	0	0	0	RELEASE	1	652	0	0
H5B-O-40-08#s100r056	16	0	0	0	0	RELEASE	1	515	0	0
H5B-O-40-09#s100r056	16	0	0	0	0	RELEASE	1	652	0	0
H5B-D-0-00#s100r056	16	0	0	0	0	RELEASE	1	661	0	0
H5B-D-0-01#s100r056	16	0	0	0	0	RELEASE	1	661	0	0
H5B-D-0-02#s100r056	16	0	0	0	0	RELEASE	1	661	0	0
H5B-D-0-03#s100r056	16	0	0	0	0	RELEASE	1	661	0	0
H5B-D-0-04#s100r056	16	0	0	0	0	RELEASE	1	661	0	0
H5B-D-0-05#s100r056	16	0	0	0	0	RELEASE	1	661	0	0
H5B-D-0-06#s100r056	16	0	0	0	0	RELEASE	1	661	0	0
H5B-D-0-07#s100r056	16	0	0	0	0	RELEASE	1	661	0	0
H5B-D-0-08#s100r056	16	0	0	0	0	RELEASE	1	661	0	0
H5B-D-0-09#s100r056	16	0	0	0	0	RELEASE	1	661	0	0
H5B-D-1-00#s100r056	16	0	0	0	0	ABSTAIN	A	0	0	0
H5B-D-1-01#s100r056	16	0	0	0	0	ABSTAIN	A	0	0	0
H5B-D-1-02#s100r056	16	0	0	0	0	ABSTAIN	A	0	0	0
H5B-D-1-03#s100r056	16	0	0	0	0	ABSTAIN	A	0	0	0
H5B-D-1-04#s100r056	16	0	0	0	0	ABSTAIN	A	0	0	0
H5B-D-1-05#s100r056	16	0	0	0	0	ABSTAIN	A	0	0	0
H5B-D-1-06#s100r056	16	0	0	0	0	ABSTAIN	A	0	0	0
H5B-D-1-07#s100r056	16	0	0	0	0	ABSTAIN	A	0	0	0
H5B-D-1-08#s100r056	16	0	0	0	0	ABSTAIN	A	0	0	0
H5B-D-1-09#s100r056	16	0	0	0	0	ABSTAIN	A	0	0	0
H5B-D-2-00#s100r056	16	0	0	0	0	ABSTAIN	A	0	0	0
H5B-D-2-01#s100r056	16	0	0	0	0	ABSTAIN	A	0	0	0
H5B-D-2-02#s100r056	16	0	0	0	0	ABSTAIN	A	0	0	0
H5B-D-2-03#s100r056	16	0	0	0	0	ABSTAIN	A	0	0	0
H5B-D-2-04#s100r056	16	0	0	0	0	ABSTAIN	A	0	0	0
H5B-D-2-05#s100r056	16	0	0	0	0	ABSTAIN	A	0	0	0
H5B-D-2-06#s100r056	16	0	0	0	0	ABSTAIN	A	0	0	0
H5B-D-2-07#s100r056	16	0	0	0	0	ABSTAIN	A	0	0	0
H5B-D-2-08#s100r056	16	0	0	0	0	ABSTAIN	A	0	0	0
H5B-D-2-09#s100r056	16	0	0	0	0	ABSTAIN	A	0	0	0
H5B-D-6-00#s100r056	16	0	0	0	0	ABSTAIN	A	0	0	0
H5B-D-6-01#s100r056	16	0	0	0	0	ABSTAIN	A	0	0	0
H5B-D-6-02#s100r056	16	0	0	0	0	ABSTAIN	A	0	0	0
H5B-D-6-03#s100r056	16	0	0	0	0	ABSTAIN	A	0	0	0
H5B-D-6-04#s100r056	16	0	0	0	0	ABSTAIN	A	0	0	0
H5B-D-6-05#s100r056	16	0	0	0	0	ABSTAIN	A	0	0	0
H5B-D-6-06#s100r056	16	0	0	0	0	ABSTAIN	A	0	0	0
H5B-D-6-07#s100r056	16	0	0	0	0	ABSTAIN	A	0	0	0
H5B-D-6-08#s100r056	16	0	0	0	0	ABSTAIN	A	0	0	0
H5B-D-6-09#s100r056	16	0	0	0	0	ABSTAIN	A	0	0	0
H5B-P-06-00#s100r057	16	0	0	0	0	ABSTAIN	A	0	0	0
H5B-P-06-01#s100r057	16	0	0	0	0	ABSTAIN	A	0	0	0
H5B-P-06-02#s100r057	16	0	0	0	0	ABSTAIN	A	0	0	0
H5B-P-06-03#s100r057	16	0	0	0	0	ABSTAIN	A	0	0	0
H5B-P-06-04#s100r057	16	0	0	0	0	ABSTAIN	A	0	0	0
H5B-P-06-05#s100r057	16	0	0	0	0	ABSTAIN	A	0	0	0
H5B-P-06-06#s100r057	16	0	0	0	0	ABSTAIN	A	0	0	0
H5B-P-06-07#s100r057	16	0	0	0	0	ABSTAIN	A	0	0	0
H5B-P-06-08#s100r057	16	0	0	0	0	ABSTAIN	A	0	0	0
H5B-P-06-09#s100r057	16	0	0	0	0	ABSTAIN	A	0	0	0
H5B-P-12-00#s100r057	16	0	0	0	0	ABSTAIN	A	0	0	0
H5B-P-12-01#s100r057	16	0	0	0	0	ABSTAIN	A	0	0	0
H5B-P-12-02#s100r057	16	0	0	0	0	ABSTAIN	A	0	0	0
H5B-P-12-03#s100r057	16	0	0	0	0	ABSTAIN	A	0	0	0
H5B-P-12-04#s100r057	16	0	0	0	0	ABSTAIN	A	0	0	0
H5B-P-12-05#s100r057	16	0	0	0	0	ABSTAIN	A	0	0	0
H5B-P-12-06#s100r057	16	0	0	0	0	ABSTAIN	A	0	0	0
H5B-P-12-07#s100r057	16	0	0	0	0	ABSTAIN	A	0	0	0
H5B-P-12-08#s100r057	16	0	0	0	0	ABSTAIN	A	0	0	0
H5B-P-12-09#s100r057	16	0	0	0	0	ABSTAIN	A	0	0	0
H5B-P-20-00#s100r057	16	0	0	0	0	RELEASE	0	0	0	0
H5B-P-20-01#s100r057	16	0	0	0	0	RELEASE	0	0	0	0
H5B-P-20-02#s100r057	16	0	0	0	0	RELEASE	0	0	0	0
H5B-P-20-03#s100r057	16	0	0	0	0	RELEASE	0	0	0	0
H5B-P-20-04#s100r057	16	0	0	0	0	RELEASE	0	0	0	0
H5B-P-20-05#s100r057	16	0	0	0	0	RELEASE	0	0	0	0
H5B-P-20-06#s100r057	16	0	0	0	0	RELEASE	0	0	0	0
H5B-P-20-07#s100r057	16	0	0	0	0	RELEASE	0	0	0	0
H5B-P-20-08#s100r057	16	0	0	0	0	RELEASE	0	0	0	0
H5B-P-20-09#s100r057	16	0	0	0	0	RELEASE	0	0	0	0
H5B-P-40-00#s100r057	16	0	0	0	0	RELEASE	0	0	0	0
H5B-P-40-01#s100r057	16	0	0	0	0	RELEASE	0	0	0	0
H5B-P-40-02#s100r057	16	0	0	0	0	RELEASE	0	0	0	0
H5B-P-40-03#s100r057	16	0	0	0	0	RELEASE	0	0	0	0
H5B-P-40-04#s100r057	16	0	0	0	0	RELEASE	0	0	0	0
H5B-P-40-05#s100r057	16	0	0	0	0	RELEASE	0	0	0	0
H5B-P-40-06#s100r057	16	0	0	0	0	RELEASE	0	0	0	0
H5B-P-40-07#s100r057	16	0	0	0	0	RELEASE	0	0	0	0
H5B-P-40-08#s100r057	16	0	0	0	0	RELEASE	0	0	0	0
H5B-P-40-09#s100r057	16	0	0	0	0	RELEASE	0	0	0	0
H5B-O-06-00#s100r057	16	0	0	0	0	ABSTAIN	A	0	0	0
H5B-O-06-01#s100r057	16	0	0	0	0	ABSTAIN	A	0	0	0
H5B-O-06-02#s100r057	16	0	0	0	0	ABSTAIN	A	0	0	0
H5B-O-06-03#s100r057	16	0	0	0	0	ABSTAIN	A	0	0	0
H5B-O-06-04#s100r057	16	0	0	0	0	ABSTAIN	A	0	0	0
H5B-O-06-05#s100r057	16	0	0	0	0	ABSTAIN	A	0	0	0
H5B-O-06-06#s100r057	16	0	0	0	0	ABSTAIN	A	0	0	0
H5B-O-06-07#s100r057	16	0	0	0	0	ABSTAIN	A	0	0	0
H5B-O-06-08#s100r057	16	0	0	0	0	ABSTAIN	A	0	0	0
H5B-O-06-09#s100r057	16	0	0	0	0	ABSTAIN	A	0	0	0
H5B-O-12-00#s100r057	16	0	0	0	0	ABSTAIN	A	0	0	0
H5B-O-12-01#s100r057	16	0	0	0	0	ABSTAIN	A	0	0	0
H5B-O-12-02#s100r057	16	0	0	0	0	ABSTAIN	A	0	0	0
H5B-O-12-03#s100r057	16	0	0	0	0	ABSTAIN	A	0	0	0
H5B-O-12-04#s100r057	16	0	0	0	0	ABSTAIN	A	0	0	0
H5B-O-12-05#s100r057	16	0	0	0	0	ABSTAIN	A	0	0	0
H5B-O-12-06#s100r057	16	0	0	0	0	ABSTAIN	A	0	0	0
H5B-O-12-07#s100r057	16	0	0	0	0	ABSTAIN	A	0	0	0
H5B-O-12-08#s100r057	16	0	0	0	0	ABSTAIN	A	0	0	0
H5B-O-12-09#s100r057	16	0	0	0	0	ABSTAIN	A	0	0	0
H5B-O-20-00#s100r057	16	0	0	0	0	RELEASE	1	652	0	0
H5B-O-20-01#s100r057	16	0	0	0	0	RELEASE	1	513	0	0
H5B-O-20-02#s100r057	16	0	0	0	0	RELEASE	1	652	0	0
H5B-O-20-03#s100r057	16	0	0	0	0	RELEASE	1	513	0	0
H5B-O-20-04#s100r057	16	0	0	0	0	RELEASE	1	652	0	0
H5B-O-20-05#s100r057	16	0	0	0	0	RELEASE	1	652	0	0
H5B-O-20-06#s100r057	16	0	0	0	0	RELEASE	1	514	0	0
H5B-O-20-07#s100r057	16	0	0	0	0	RELEASE	1	652	0	0
H5B-O-20-08#s100r057	16	0	0	0	0	RELEASE	1	514	0	0
H5B-O-20-09#s100r057	16	0	0	0	0	RELEASE	1	652	0	0
H5B-O-40-00#s100r057	16	0	0	0	0	RELEASE	1	651	0	0
H5B-O-40-01#s100r057	16	0	0	0	0	RELEASE	1	514	0	0
H5B-O-40-02#s100r057	16	0	0	0	0	RELEASE	1	651	0	0
H5B-O-40-03#s100r057	16	0	0	0	0	RELEASE	1	514	0	0
H5B-O-40-04#s100r057	16	0	0	0	0	RELEASE	1	651	0	0
H5B-O-40-05#s100r057	16	0	0	0	0	RELEASE	1	651	0	0
H5B-O-40-06#s100r057	16	0	0	0	0	RELEASE	1	515	0	0
H5B-O-40-07#s100r057	16	0	0	0	0	RELEASE	1	652	0	0
H5B-O-40-08#s100r057	16	0	0	0	0	RELEASE	1	515	0	0
H5B-O-40-09#s100r057	16	0	0	0	0	RELEASE	1	652	0	0
H5B-D-0-00#s100r057	16	0	0	0	0	RELEASE	1	661	0	0
H5B-D-0-01#s100r057	16	0	0	0	0	RELEASE	1	661	0	0
H5B-D-0-02#s100r057	16	0	0	0	0	RELEASE	1	661	0	0
H5B-D-0-03#s100r057	16	0	0	0	0	RELEASE	1	661	0	0
H5B-D-0-04#s100r057	16	0	0	0	0	RELEASE	1	661	0	0
H5B-D-0-05#s100r057	16	0	0	0	0	RELEASE	1	661	0	0
H5B-D-0-06#s100r057	16	0	0	0	0	RELEASE	1	661	0	0
H5B-D-0-07#s100r057	16	0	0	0	0	RELEASE	1	661	0	0
H5B-D-0-08#s100r057	16	0	0	0	0	RELEASE	1	661	0	0
H5B-D-0-09#s100r057	16	0	0	0	0	RELEASE	1	661	0	0
H5B-D-1-00#s100r057	16	0	0	0	0	ABSTAIN	A	0	0	0
H5B-D-1-01#s100r057	16	0	0	0	0	ABSTAIN	A	0	0	0
H5B-D-1-02#s100r057	16	0	0	0	0	ABSTAIN	A	0	0	0
H5B-D-1-03#s100r057	16	0	0	0	0	ABSTAIN	A	0	0	0
H5B-D-1-04#s100r057	16	0	0	0	0	ABSTAIN	A	0	0	0
H5B-D-1-05#s100r057	16	0	0	0	0	ABSTAIN	A	0	0	0
H5B-D-1-06#s100r057	16	0	0	0	0	ABSTAIN	A	0	0	0
H5B-D-1-07#s100r057	16	0	0	0	0	ABSTAIN	A	0	0	0
H5B-D-1-08#s100r057	16	0	0	0	0	ABSTAIN	A	0	0	0
H5B-D-1-09#s100r057	16	0	0	0	0	ABSTAIN	A	0	0	0
H5B-D-2-00#s100r057	16	0	0	0	0	ABSTAIN	A	0	0	0
H5B-D-2-01#s100r057	16	0	0	0	0	ABSTAIN	A	0	0	0
H5B-D-2-02#s100r057	16	0	0	0	0	ABSTAIN	A	0	0	0
H5B-D-2-03#s100r057	16	0	0	0	0	ABSTAIN	A	0	0	0
H5B-D-2-04#s100r057	16	0	0	0	0	ABSTAIN	A	0	0	0
H5B-D-2-05#s100r057	16	0	0	0	0	ABSTAIN	A	0	0	0
H5B-D-2-06#s100r057	16	0	0	0	0	ABSTAIN	A	0	0	0
H5B-D-2-07#s100r057	16	0	0	0	0	ABSTAIN	A	0	0	0
H5B-D-2-08#s100r057	16	0	0	0	0	ABSTAIN	A	0	0	0
H5B-D-2-09#s100r057	16	0	0	0	0	ABSTAIN	A	0	0	0
H5B-D-6-00#s100r057	16	0	0	0	0	ABSTAIN	A	0	0	0
H5B-D-6-01#s100r057	16	0	0	0	0	ABSTAIN	A	0	0	0
H5B-D-6-02#s100r057	16	0	0	0	0	ABSTAIN	A	0	0	0
H5B-D-6-03#s100r057	16	0	0	0	0	ABSTAIN	A	0	0	0
H5B-D-6-04#s100r057	16	0	0	0	0	ABSTAIN	A	0	0	0
H5B-D-6-05#s100r057	16	0	0	0	0	ABSTAIN	A	0	0	0
H5B-D-6-06#s100r057	16	0	0	0	0	ABSTAIN	A	0	0	0
H5B-D-6-07#s100r057	16	0	0	0	0	ABSTAIN	A	0	0	0
H5B-D-6-08#s100r057	16	0	0	0	0	ABSTAIN	A	0	0	0
H5B-D-6-09#s100r057	16	0	0	0	0	ABSTAIN	A	0	0	0
H5B-P-06-00#s100r058	16	0	0	0	0	ABSTAIN	A	0	0	0
H5B-P-06-01#s100r058	16	0	0	0	0	ABSTAIN	A	0	0	0
H5B-P-06-02#s100r058	16	0	0	0	0	ABSTAIN	A	0	0	0
H5B-P-06-03#s100r058	16	0	0	0	0	ABSTAIN	A	0	0	0
H5B-P-06-04#s100r058	16	0	0	0	0	ABSTAIN	A	0	0	0
H5B-P-06-05#s100r058	16	0	0	0	0	ABSTAIN	A	0	0	0
H5B-P-06-06#s100r058	16	0	0	0	0	ABSTAIN	A	0	0	0
H5B-P-06-07#s100r058	16	0	0	0	0	ABSTAIN	A	0	0	0
H5B-P-06-08#s100r058	16	0	0	0	0	ABSTAIN	A	0	0	0
H5B-P-06-09#s100r058	16	0	0	0	0	ABSTAIN	A	0	0	0
H5B-P-12-00#s100r058	16	0	0	0	0	ABSTAIN	A	0	0	0
H5B-P-12-01#s100r058	16	0	0	0	0	ABSTAIN	A	0	0	0
H5B-P-12-02#s100r058	16	0	0	0	0	ABSTAIN	A	0	0	0
H5B-P-12-03#s100r058	16	0	0	0	0	ABSTAIN	A	0	0	0
H5B-P-12-04#s100r058	16	0	0	0	0	ABSTAIN	A	0	0	0
H5B-P-12-05#s100r058	16	0	0	0	0	ABSTAIN	A	0	0	0
H5B-P-12-06#s100r058	16	0	0	0	0	ABSTAIN	A	0	0	0
H5B-P-12-07#s100r058	16	0	0	0	0	ABSTAIN	A	0	0	0
H5B-P-12-08#s100r058	16	0	0	0	0	ABSTAIN	A	0	0	0
H5B-P-12-09#s100r058	16	0	0	0	0	ABSTAIN	A	0	0	0
H5B-P-20-00#s100r058	16	0	0	0	0	RELEASE	0	0	0	0
H5B-P-20-01#s100r058	16	0	0	0	0	RELEASE	0	0	0	0
H5B-P-20-02#s100r058	16	0	0	0	0	RELEASE	0	0	0	0
H5B-P-20-03#s100r058	16	0	0	0	0	RELEASE	0	0	0	0
H5B-P-20-04#s100r058	16	0	0	0	0	RELEASE	0	0	0	0
H5B-P-20-05#s100r058	16	0	0	0	0	RELEASE	0	0	0	0
H5B-P-20-06#s100r058	16	0	0	0	0	RELEASE	0	0	0	0
H5B-P-20-07#s100r058	16	0	0	0	0	RELEASE	0	0	0	0
H5B-P-20-08#s100r058	16	0	0	0	0	RELEASE	0	0	0	0
H5B-P-20-09#s100r058	16	0	0	0	0	RELEASE	0	0	0	0
H5B-P-40-00#s100r058	16	0	0	0	0	RELEASE	0	0	0	0
H5B-P-40-01#s100r058	16	0	0	0	0	RELEASE	0	0	0	0
H5B-P-40-02#s100r058	16	0	0	0	0	RELEASE	0	0	0	0
H5B-P-40-03#s100r058	16	0	0	0	0	RELEASE	0	0	0	0
H5B-P-40-04#s100r058	16	0	0	0	0	RELEASE	0	0	0	0
H5B-P-40-05#s100r058	16	0	0	0	0	RELEASE	0	0	0	0
H5B-P-40-06#s100r058	16	0	0	0	0	RELEASE	0	0	0	0
H5B-P-40-07#s100r058	16	0	0	0	0	RELEASE	0	0	0	0
H5B-P-40-08#s100r058	16	0	0	0	0	RELEASE	0	0	0	0
H5B-P-40-09#s100r058	16	0	0	0	0	RELEASE	0	0	0	0
H5B-O-06-00#s100r058	16	0	0	0	0	ABSTAIN	A	0	0	0
H5B-O-06-01#s100r058	16	0	0	0	0	ABSTAIN	A	0	0	0
H5B-O-06-02#s100r058	16	0	0	0	0	ABSTAIN	A	0	0	0
H5B-O-06-03#s100r058	16	0	0	0	0	ABSTAIN	A	0	0	0
H5B-O-06-04#s100r058	16	0	0	0	0	ABSTAIN	A	0	0	0
H5B-O-06-05#s100r058	16	0	0	0	0	ABSTAIN	A	0	0	0
H5B-O-06-06#s100r058	16	0	0	0	0	ABSTAIN	A	0	0	0
H5B-O-06-07#s100r058	16	0	0	0	0	ABSTAIN	A	0	0	0
H5B-O-06-08#s100r058	16	0	0	0	0	ABSTAIN	A	0	0	0
H5B-O-06-09#s100r058	16	0	0	0	0	ABSTAIN	A	0	0	0
H5B-O-12-00#s100r058	16	0	0	0	0	ABSTAIN	A	0	0	0
H5B-O-12-01#s100r058	16	0	0	0	0	ABSTAIN	A	0	0	0
H5B-O-12-02#s100r058	16	0	0	0	0	ABSTAIN	A	0	0	0
H5B-O-12-03#s100r058	16	0	0	0	0	ABSTAIN	A	0	0	0
H5B-O-12-04#s100r058	16	0	0	0	0	ABSTAIN	A	0	0	0
H5B-O-12-05#s100r058	16	0	0	0	0	ABSTAIN	A	0	0	0
H5B-O-12-06#s100r058	16	0	0	0	0	ABSTAIN	A	0	0	0
H5B-O-12-07#s100r058	16	0	0	0	0	ABSTAIN	A	0	0	0
H5B-O-12-08#s100r058	16	0	0	0	0	ABSTAIN	A	0	0	0
H5B-O-12-09#s100r058	16	0	0	0	0	ABSTAIN	A	0	0	0
H5B-O-20-00#s100r058	16	0	0	0	0	RELEASE	1	652	0	0
H5B-O-20-01#s100r058	16	0	0	0	0	RELEASE	1	513	0	0
H5B-O-20-02#s100r058	16	0	0	0	0	RELEASE	1	652	0	0
H5B-O-20-03#s100r058	16	0	0	0	0	RELEASE	1	513	0	0
H5B-O-20-04#s100r058	16	0	0	0	0	RELEASE	1	652	0	0
H5B-O-20-05#s100r058	16	0	0	0	0	RELEASE	1	652	0	0
H5B-O-20-06#s100r058	16	0	0	0	0	RELEASE	1	514	0	0
H5B-O-20-07#s100r058	16	0	0	0	0	RELEASE	1	652	0	0
H5B-O-20-08#s100r058	16	0	0	0	0	RELEASE	1	514	0	0
H5B-O-20-09#s100r058	16	0	0	0	0	RELEASE	1	652	0	0
H5B-O-40-00#s100r058	16	0	0	0	0	RELEASE	1	651	0	0
H5B-O-40-01#s100r058	16	0	0	0	0	RELEASE	1	514	0	0
H5B-O-40-02#s100r058	16	0	0	0	0	RELEASE	1	651	0	0
H5B-O-40-03#s100r058	16	0	0	0	0	RELEASE	1	514	0	0
H5B-O-40-04#s100r058	16	0	0	0	0	RELEASE	1	651	0	0
H5B-O-40-05#s100r058	16	0	0	0	0	RELEASE	1	652	0	0
H5B-O-40-06#s100r058	16	0	0	0	0	RELEASE	1	515	0	0
H5B-O-40-07#s100r058	16	0	0	0	0	RELEASE	1	652	0	0
H5B-O-40-08#s100r058	16	0	0	0	0	RELEASE	1	515	0	0
H5B-O-40-09#s100r058	16	0	0	0	0	RELEASE	1	652	0	0
H5B-D-0-00#s100r058	16	0	0	0	0	RELEASE	1	661	0	0
H5B-D-0-01#s100r058	16	0	0	0	0	RELEASE	1	661	0	0
H5B-D-0-02#s100r058	16	0	0	0	0	RELEASE	1	661	0	0
H5B-D-0-03#s100r058	16	0	0	0	0	RELEASE	1	661	0	0
H5B-D-0-04#s100r058	16	0	0	0	0	RELEASE	1	661	0	0
H5B-D-0-05#s100r058	16	0	0	0	0	RELEASE	1	661	0	0
H5B-D-0-06#s100r058	16	0	0	0	0	RELEASE	1	661	0	0
H5B-D-0-07#s100r058	16	0	0	0	0	RELEASE	1	661	0	0
H5B-D-0-08#s100r058	16	0	0	0	0	RELEASE	1	661	0	0
H5B-D-0-09#s100r058	16	0	0	0	0	RELEASE	1	661	0	0
H5B-D-1-00#s100r058	16	0	0	0	0	ABSTAIN	A	0	0	0
H5B-D-1-01#s100r058	16	0	0	0	0	ABSTAIN	A	0	0	0
H5B-D-1-02#s100r058	16	0	0	0	0	ABSTAIN	A	0	0	0
H5B-D-1-03#s100r058	16	0	0	0	0	ABSTAIN	A	0	0	0
H5B-D-1-04#s100r058	16	0	0	0	0	ABSTAIN	A	0	0	0
H5B-D-1-05#s100r058	16	0	0	0	0	ABSTAIN	A	0	0	0
H5B-D-1-06#s100r058	16	0	0	0	0	ABSTAIN	A	0	0	0
H5B-D-1-07#s100r058	16	0	0	0	0	ABSTAIN	A	0	0	0
H5B-D-1-08#s100r058	16	0	0	0	0	ABSTAIN	A	0	0	0
H5B-D-1-09#s100r058	16	0	0	0	0	ABSTAIN	A	0	0	0
H5B-D-2-00#s100r058	16	0	0	0	0	ABSTAIN	A	0	0	0
H5B-D-2-01#s100r058	16	0	0	0	0	ABSTAIN	A	0	0	0
H5B-D-2-02#s100r058	16	0	0	0	0	ABSTAIN	A	0	0	0
H5B-D-2-03#s100r058	16	0	0	0	0	ABSTAIN	A	0	0	0
H5B-D-2-04#s100r058	16	0	0	0	0	ABSTAIN	A	0	0	0
H5B-D-2-05#s100r058	16	0	0	0	0	ABSTAIN	A	0	0	0
H5B-D-2-06#s100r058	16	0	0	0	0	ABSTAIN	A	0	0	0
H5B-D-2-07#s100r058	16	0	0	0	0	ABSTAIN	A	0	0	0
H5B-D-2-08#s100r058	16	0	0	0	0	ABSTAIN	A	0	0	0
H5B-D-2-09#s100r058	16	0	0	0	0	ABSTAIN	A	0	0	0
H5B-D-6-00#s100r058	16	0	0	0	0	ABSTAIN	A	0	0	0
H5B-D-6-01#s100r058	16	0	0	0	0	ABSTAIN	A	0	0	0
H5B-D-6-02#s100r058	16	0	0	0	0	ABSTAIN	A	0	0	0
H5B-D-6-03#s100r058	16	0	0	0	0	ABSTAIN	A	0	0	0
H5B-D-6-04#s100r058	16	0	0	0	0	ABSTAIN	A	0	0	0
H5B-D-6-05#s100r058	16	0	0	0	0	ABSTAIN	A	0	0	0
H5B-D-6-06#s100r058	16	0	0	0	0	ABSTAIN	A	0	0	0
H5B-D-6-07#s100r058	16	0	0	0	0	ABSTAIN	A	0	0	0
H5B-D-6-08#s100r058	16	0	0	0	0	ABSTAIN	A	0	0	0
H5B-D-6-09#s100r058	16	0	0	0	0	ABSTAIN	A	0	0	0
H5B-P-06-00#s100r059	16	0	0	0	0	ABSTAIN	A	0	0	0
H5B-P-06-01#s100r059	16	0	0	0	0	ABSTAIN	A	0	0	0
H5B-P-06-02#s100r059	16	0	0	0	0	ABSTAIN	A	0	0	0
H5B-P-06-03#s100r059	16	0	0	0	0	ABSTAIN	A	0	0	0
H5B-P-06-04#s100r059	16	0	0	0	0	ABSTAIN	A	0	0	0
H5B-P-06-05#s100r059	16	0	0	0	0	ABSTAIN	A	0	0	0
H5B-P-06-06#s100r059	16	0	0	0	0	ABSTAIN	A	0	0	0
H5B-P-06-07#s100r059	16	0	0	0	0	ABSTAIN	A	0	0	0
H5B-P-06-08#s100r059	16	0	0	0	0	ABSTAIN	A	0	0	0
H5B-P-06-09#s100r059	16	0	0	0	0	ABSTAIN	A	0	0	0
H5B-P-12-00#s100r059	16	0	0	0	0	ABSTAIN	A	0	0	0
H5B-P-12-01#s100r059	16	0	0	0	0	ABSTAIN	A	0	0	0
H5B-P-12-02#s100r059	16	0	0	0	0	ABSTAIN	A	0	0	0
H5B-P-12-03#s100r059	16	0	0	0	0	ABSTAIN	A	0	0	0
H5B-P-12-04#s100r059	16	0	0	0	0	ABSTAIN	A	0	0	0
H5B-P-12-05#s100r059	16	0	0	0	0	ABSTAIN	A	0	0	0
H5B-P-12-06#s100r059	16	0	0	0	0	ABSTAIN	A	0	0	0
H5B-P-12-07#s100r059	16	0	0	0	0	ABSTAIN	A	0	0	0
H5B-P-12-08#s100r059	16	0	0	0	0	ABSTAIN	A	0	0	0
H5B-P-12-09#s100r059	16	0	0	0	0	ABSTAIN	A	0	0	0
H5B-P-20-00#s100r059	16	0	0	0	0	RELEASE	0	0	0	0
H5B-P-20-01#s100r059	16	0	0	0	0	RELEASE	0	0	0	0
H5B-P-20-02#s100r059	16	0	0	0	0	RELEASE	0	0	0	0
H5B-P-20-03#s100r059	16	0	0	0	0	RELEASE	0	0	0	0
H5B-P-20-04#s100r059	16	0	0	0	0	RELEASE	0	0	0	0
H5B-P-20-05#s100r059	16	0	0	0	0	RELEASE	0	0	0	0
H5B-P-20-06#s100r059	16	0	0	0	0	RELEASE	0	0	0	0
H5B-P-20-07#s100r059	16	0	0	0	0	RELEASE	0	0	0	0
H5B-P-20-08#s100r059	16	0	0	0	0	RELEASE	0	0	0	0
H5B-P-20-09#s100r059	16	0	0	0	0	RELEASE	0	0	0	0
H5B-P-40-00#s100r059	16	0	0	0	0	RELEASE	0	0	0	0
H5B-P-40-01#s100r059	16	0	0	0	0	RELEASE	0	0	0	0
H5B-P-40-02#s100r059	16	0	0	0	0	RELEASE	0	0	0	0
H5B-P-40-03#s100r059	16	0	0	0	0	RELEASE	0	0	0	0
H5B-P-40-04#s100r059	16	0	0	0	0	RELEASE	0	0	0	0
H5B-P-40-05#s100r059	16	0	0	0	0	RELEASE	0	0	0	0
H5B-P-40-06#s100r059	16	0	0	0	0	RELEASE	0	0	0	0
H5B-P-40-07#s100r059	16	0	0	0	0	RELEASE	0	0	0	0
H5B-P-40-08#s100r059	16	0	0	0	0	RELEASE	0	0	0	0
H5B-P-40-09#s100r059	16	0	0	0	0	RELEASE	0	0	0	0
H5B-O-06-00#s100r059	16	0	0	0	0	ABSTAIN	A	0	0	0
H5B-O-06-01#s100r059	16	0	0	0	0	ABSTAIN	A	0	0	0
H5B-O-06-02#s100r059	16	0	0	0	0	ABSTAIN	A	0	0	0
H5B-O-06-03#s100r059	16	0	0	0	0	ABSTAIN	A	0	0	0
H5B-O-06-04#s100r059	16	0	0	0	0	ABSTAIN	A	0	0	0
H5B-O-06-05#s100r059	16	0	0	0	0	ABSTAIN	A	0	0	0
H5B-O-06-06#s100r059	16	0	0	0	0	ABSTAIN	A	0	0	0
H5B-O-06-07#s100r059	16	0	0	0	0	ABSTAIN	A	0	0	0
H5B-O-06-08#s100r059	16	0	0	0	0	ABSTAIN	A	0	0	0
H5B-O-06-09#s100r059	16	0	0	0	0	ABSTAIN	A	0	0	0
H5B-O-12-00#s100r059	16	0	0	0	0	ABSTAIN	A	0	0	0
H5B-O-12-01#s100r059	16	0	0	0	0	ABSTAIN	A	0	0	0
H5B-O-12-02#s100r059	16	0	0	0	0	ABSTAIN	A	0	0	0
H5B-O-12-03#s100r059	16	0	0	0	0	ABSTAIN	A	0	0	0
H5B-O-12-04#s100r059	16	0	0	0	0	ABSTAIN	A	0	0	0
H5B-O-12-05#s100r059	16	0	0	0	0	ABSTAIN	A	0	0	0
H5B-O-12-06#s100r059	16	0	0	0	0	ABSTAIN	A	0	0	0
H5B-O-12-07#s100r059	16	0	0	0	0	ABSTAIN	A	0	0	0
H5B-O-12-08#s100r059	16	0	0	0	0	ABSTAIN	A	0	0	0
H5B-O-12-09#s100r059	16	0	0	0	0	ABSTAIN	A	0	0	0
H5B-O-20-00#s100r059	16	0	0	0	0	RELEASE	1	652	0	0
H5B-O-20-01#s100r059	16	0	0	0	0	RELEASE	1	513	0	0
H5B-O-20-02#s100r059	16	0	0	0	0	RELEASE	1	652	0	0
H5B-O-20-03#s100r059	16	0	0	0	0	RELEASE	1	513	0	0
H5B-O-20-04#s100r059	16	0	0	0	0	RELEASE	1	652	0	0
H5B-O-20-05#s100r059	16	0	0	0	0	RELEASE	1	652	0	0
H5B-O-20-06#s100r059	16	0	0	0	0	RELEASE	1	514	0	0
H5B-O-20-07#s100r059	16	0	0	0	0	RELEASE	1	652	0	0
H5B-O-20-08#s100r059	16	0	0	0	0	RELEASE	1	514	0	0
H5B-O-20-09#s100r059	16	0	0	0	0	RELEASE	1	652	0	0
H5B-O-40-00#s100r059	16	0	0	0	0	RELEASE	1	651	0	0
H5B-O-40-01#s100r059	16	0	0	0	0	RELEASE	1	514	0	0
H5B-O-40-02#s100r059	16	0	0	0	0	RELEASE	1	651	0	0
H5B-O-40-03#s100r059	16	0	0	0	0	RELEASE	1	514	0	0
H5B-O-40-04#s100r059	16	0	0	0	0	RELEASE	1	651	0	0
H5B-O-40-05#s100r059	16	0	0	0	0	RELEASE	1	652	0	0
H5B-O-40-06#s100r059	16	0	0	0	0	RELEASE	1	515	0	0
H5B-O-40-07#s100r059	16	0	0	0	0	RELEASE	1	652	0	0
H5B-O-40-08#s100r059	16	0	0	0	0	RELEASE	1	515	0	0
H5B-O-40-09#s100r059	16	0	0	0	0	RELEASE	1	652	0	0
H5B-D-0-00#s100r059	16	0	0	0	0	RELEASE	1	661	0	0
H5B-D-0-01#s100r059	16	0	0	0	0	RELEASE	1	661	0	0
H5B-D-0-02#s100r059	16	0	0	0	0	RELEASE	1	661	0	0
H5B-D-0-03#s100r059	16	0	0	0	0	RELEASE	1	661	0	0
H5B-D-0-04#s100r059	16	0	0	0	0	RELEASE	1	661	0	0
H5B-D-0-05#s100r059	16	0	0	0	0	RELEASE	1	661	0	0
H5B-D-0-06#s100r059	16	0	0	0	0	RELEASE	1	661	0	0
H5B-D-0-07#s100r059	16	0	0	0	0	RELEASE	1	661	0	0
H5B-D-0-08#s100r059	16	0	0	0	0	RELEASE	1	661	0	0
H5B-D-0-09#s100r059	16	0	0	0	0	RELEASE	1	661	0	0
H5B-D-1-00#s100r059	16	0	0	0	0	ABSTAIN	A	0	0	0
H5B-D-1-01#s100r059	16	0	0	0	0	ABSTAIN	A	0	0	0
H5B-D-1-02#s100r059	16	0	0	0	0	ABSTAIN	A	0	0	0
H5B-D-1-03#s100r059	16	0	0	0	0	ABSTAIN	A	0	0	0
H5B-D-1-04#s100r059	16	0	0	0	0	ABSTAIN	A	0	0	0
H5B-D-1-05#s100r059	16	0	0	0	0	ABSTAIN	A	0	0	0
H5B-D-1-06#s100r059	16	0	0	0	0	ABSTAIN	A	0	0	0
H5B-D-1-07#s100r059	16	0	0	0	0	ABSTAIN	A	0	0	0
H5B-D-1-08#s100r059	16	0	0	0	0	ABSTAIN	A	0	0	0
H5B-D-1-09#s100r059	16	0	0	0	0	ABSTAIN	A	0	0	0
H5B-D-2-00#s100r059	16	0	0	0	0	ABSTAIN	A	0	0	0
H5B-D-2-01#s100r059	16	0	0	0	0	ABSTAIN	A	0	0	0
H5B-D-2-02#s100r059	16	0	0	0	0	ABSTAIN	A	0	0	0
H5B-D-2-03#s100r059	16	0	0	0	0	ABSTAIN	A	0	0	0
H5B-D-2-04#s100r059	16	0	0	0	0	ABSTAIN	A	0	0	0
H5B-D-2-05#s100r059	16	0	0	0	0	ABSTAIN	A	0	0	0
H5B-D-2-06#s100r059	16	0	0	0	0	ABSTAIN	A	0	0	0
H5B-D-2-07#s100r059	16	0	0	0	0	ABSTAIN	A	0	0	0
H5B-D-2-08#s100r059	16	0	0	0	0	ABSTAIN	A	0	0	0
H5B-D-2-09#s100r059	16	0	0	0	0	ABSTAIN	A	0	0	0
H5B-D-6-00#s100r059	16	0	0	0	0	ABSTAIN	A	0	0	0
H5B-D-6-01#s100r059	16	0	0	0	0	ABSTAIN	A	0	0	0
H5B-D-6-02#s100r059	16	0	0	0	0	ABSTAIN	A	0	0	0
H5B-D-6-03#s100r059	16	0	0	0	0	ABSTAIN	A	0	0	0
H5B-D-6-04#s100r059	16	0	0	0	0	ABSTAIN	A	0	0	0
H5B-D-6-05#s100r059	16	0	0	0	0	ABSTAIN	A	0	0	0
H5B-D-6-06#s100r059	16	0	0	0	0	ABSTAIN	A	0	0	0
H5B-D-6-07#s100r059	16	0	0	0	0	ABSTAIN	A	0	0	0
H5B-D-6-08#s100r059	16	0	0	0	0	ABSTAIN	A	0	0	0
H5B-D-6-09#s100r059	16	0	0	0	0	ABSTAIN	A	0	0	0
H5B-P-06-00#s100r060	16	0	0	0	0	ABSTAIN	A	0	0	0
H5B-P-06-01#s100r060	16	0	0	0	0	ABSTAIN	A	0	0	0
H5B-P-06-02#s100r060	16	0	0	0	0	ABSTAIN	A	0	0	0
H5B-P-06-03#s100r060	16	0	0	0	0	ABSTAIN	A	0	0	0
H5B-P-06-04#s100r060	16	0	0	0	0	ABSTAIN	A	0	0	0
H5B-P-06-05#s100r060	16	0	0	0	0	ABSTAIN	A	0	0	0
H5B-P-06-06#s100r060	16	0	0	0	0	ABSTAIN	A	0	0	0
H5B-P-06-07#s100r060	16	0	0	0	0	ABSTAIN	A	0	0	0
H5B-P-06-08#s100r060	16	0	0	0	0	ABSTAIN	A	0	0	0
H5B-P-06-09#s100r060	16	0	0	0	0	ABSTAIN	A	0	0	0
H5B-P-12-00#s100r060	16	0	0	0	0	ABSTAIN	A	0	0	0
H5B-P-12-01#s100r060	16	0	0	0	0	ABSTAIN	A	0	0	0
H5B-P-12-02#s100r060	16	0	0	0	0	ABSTAIN	A	0	0	0
H5B-P-12-03#s100r060	16	0	0	0	0	ABSTAIN	A	0	0	0
H5B-P-12-04#s100r060	16	0	0	0	0	ABSTAIN	A	0	0	0
H5B-P-12-05#s100r060	16	0	0	0	0	ABSTAIN	A	0	0	0
H5B-P-12-06#s100r060	16	0	0	0	0	ABSTAIN	A	0	0	0
H5B-P-12-07#s100r060	16	0	0	0	0	ABSTAIN	A	0	0	0
H5B-P-12-08#s100r060	16	0	0	0	0	ABSTAIN	A	0	0	0
H5B-P-12-09#s100r060	16	0	0	0	0	ABSTAIN	A	0	0	0
H5B-P-20-00#s100r060	16	0	0	0	0	RELEASE	0	0	0	0
H5B-P-20-01#s100r060	16	0	0	0	0	RELEASE	0	0	0	0
H5B-P-20-02#s100r060	16	0	0	0	0	RELEASE	0	0	0	0
H5B-P-20-03#s100r060	16	0	0	0	0	RELEASE	0	0	0	0
H5B-P-20-04#s100r060	16	0	0	0	0	RELEASE	0	0	0	0
H5B-P-20-05#s100r060	16	0	0	0	0	RELEASE	0	0	0	0
H5B-P-20-06#s100r060	16	0	0	0	0	RELEASE	0	0	0	0
H5B-P-20-07#s100r060	16	0	0	0	0	RELEASE	0	0	0	0
H5B-P-20-08#s100r060	16	0	0	0	0	RELEASE	0	0	0	0
H5B-P-20-09#s100r060	16	0	0	0	0	RELEASE	0	0	0	0
H5B-P-40-00#s100r060	16	0	0	0	0	RELEASE	0	0	0	0
H5B-P-40-01#s100r060	16	0	0	0	0	RELEASE	0	0	0	0
H5B-P-40-02#s100r060	16	0	0	0	0	RELEASE	0	0	0	0
H5B-P-40-03#s100r060	16	0	0	0	0	RELEASE	0	0	0	0
H5B-P-40-04#s100r060	16	0	0	0	0	RELEASE	0	0	0	0
H5B-P-40-05#s100r060	16	0	0	0	0	RELEASE	0	0	0	0
H5B-P-40-06#s100r060	16	0	0	0	0	RELEASE	0	0	0	0
H5B-P-40-07#s100r060	16	0	0	0	0	RELEASE	0	0	0	0
H5B-P-40-08#s100r060	16	0	0	0	0	RELEASE	0	0	0	0
H5B-P-40-09#s100r060	16	0	0	0	0	RELEASE	0	0	0	0
H5B-O-06-00#s100r060	16	0	0	0	0	ABSTAIN	A	0	0	0
H5B-O-06-01#s100r060	16	0	0	0	0	ABSTAIN	A	0	0	0
H5B-O-06-02#s100r060	16	0	0	0	0	ABSTAIN	A	0	0	0
H5B-O-06-03#s100r060	16	0	0	0	0	ABSTAIN	A	0	0	0
H5B-O-06-04#s100r060	16	0	0	0	0	ABSTAIN	A	0	0	0
H5B-O-06-05#s100r060	16	0	0	0	0	ABSTAIN	A	0	0	0
H5B-O-06-06#s100r060	16	0	0	0	0	ABSTAIN	A	0	0	0
H5B-O-06-07#s100r060	16	0	0	0	0	ABSTAIN	A	0	0	0
H5B-O-06-08#s100r060	16	0	0	0	0	ABSTAIN	A	0	0	0
H5B-O-06-09#s100r060	16	0	0	0	0	ABSTAIN	A	0	0	0
H5B-O-12-00#s100r060	16	0	0	0	0	ABSTAIN	A	0	0	0
H5B-O-12-01#s100r060	16	0	0	0	0	ABSTAIN	A	0	0	0
H5B-O-12-02#s100r060	16	0	0	0	0	ABSTAIN	A	0	0	0
H5B-O-12-03#s100r060	16	0	0	0	0	ABSTAIN	A	0	0	0
H5B-O-12-04#s100r060	16	0	0	0	0	ABSTAIN	A	0	0	0
H5B-O-12-05#s100r060	16	0	0	0	0	ABSTAIN	A	0	0	0
H5B-O-12-06#s100r060	16	0	0	0	0	ABSTAIN	A	0	0	0
H5B-O-12-07#s100r060	16	0	0	0	0	ABSTAIN	A	0	0	0
H5B-O-12-08#s100r060	16	0	0	0	0	ABSTAIN	A	0	0	0
H5B-O-12-09#s100r060	16	0	0	0	0	ABSTAIN	A	0	0	0
H5B-O-20-00#s100r060	16	0	0	0	0	RELEASE	1	652	0	0
H5B-O-20-01#s100r060	16	0	0	0	0	RELEASE	1	513	0	0
H5B-O-20-02#s100r060	16	0	0	0	0	RELEASE	1	652	0	0
H5B-O-20-03#s100r060	16	0	0	0	0	RELEASE	1	513	0	0
H5B-O-20-04#s100r060	16	0	0	0	0	RELEASE	1	652	0	0
H5B-O-20-05#s100r060	16	0	0	0	0	RELEASE	1	652	0	0
H5B-O-20-06#s100r060	16	0	0	0	0	RELEASE	1	514	0	0
H5B-O-20-07#s100r060	16	0	0	0	0	RELEASE	1	652	0	0
H5B-O-20-08#s100r060	16	0	0	0	0	RELEASE	1	514	0	0
H5B-O-20-09#s100r060	16	0	0	0	0	RELEASE	1	652	0	0
H5B-O-40-00#s100r060	16	0	0	0	0	RELEASE	1	651	0	0
H5B-O-40-01#s100r060	16	0	0	0	0	RELEASE	1	514	0	0
H5B-O-40-02#s100r060	16	0	0	0	0	RELEASE	1	651	0	0
H5B-O-40-03#s100r060	16	0	0	0	0	RELEASE	1	514	0	0
H5B-O-40-04#s100r060	16	0	0	0	0	RELEASE	1	651	0	0
H5B-O-40-05#s100r060	16	0	0	0	0	RELEASE	1	652	0	0
H5B-O-40-06#s100r060	16	0	0	0	0	RELEASE	1	515	0	0
H5B-O-40-07#s100r060	16	0	0	0	0	RELEASE	1	652	0	0
H5B-O-40-08#s100r060	16	0	0	0	0	RELEASE	1	515	0	0
H5B-O-40-09#s100r060	16	0	0	0	0	RELEASE	1	652	0	0
H5B-D-0-00#s100r060	16	0	0	0	0	RELEASE	1	661	0	0
H5B-D-0-01#s100r060	16	0	0	0	0	RELEASE	1	661	0	0
H5B-D-0-02#s100r060	16	0	0	0	0	RELEASE	1	661	0	0
H5B-D-0-03#s100r060	16	0	0	0	0	RELEASE	1	661	0	0
H5B-D-0-04#s100r060	16	0	0	0	0	RELEASE	1	661	0	0
H5B-D-0-05#s100r060	16	0	0	0	0	RELEASE	1	661	0	0
H5B-D-0-06#s100r060	16	0	0	0	0	RELEASE	1	661	0	0
H5B-D-0-07#s100r060	16	0	0	0	0	RELEASE	1	661	0	0
H5B-D-0-08#s100r060	16	0	0	0	0	RELEASE	1	661	0	0
H5B-D-0-09#s100r060	16	0	0	0	0	RELEASE	1	661	0	0
H5B-D-1-00#s100r060	16	0	0	0	0	ABSTAIN	A	0	0	0
H5B-D-1-01#s100r060	16	0	0	0	0	ABSTAIN	A	0	0	0
H5B-D-1-02#s100r060	16	0	0	0	0	ABSTAIN	A	0	0	0
H5B-D-1-03#s100r060	16	0	0	0	0	ABSTAIN	A	0	0	0
H5B-D-1-04#s100r060	16	0	0	0	0	ABSTAIN	A	0	0	0
H5B-D-1-05#s100r060	16	0	0	0	0	ABSTAIN	A	0	0	0
H5B-D-1-06#s100r060	16	0	0	0	0	ABSTAIN	A	0	0	0
H5B-D-1-07#s100r060	16	0	0	0	0	ABSTAIN	A	0	0	0
H5B-D-1-08#s100r060	16	0	0	0	0	ABSTAIN	A	0	0	0
H5B-D-1-09#s100r060	16	0	0	0	0	ABSTAIN	A	0	0	0
H5B-D-2-00#s100r060	16	0	0	0	0	ABSTAIN	A	0	0	0
H5B-D-2-01#s100r060	16	0	0	0	0	ABSTAIN	A	0	0	0
H5B-D-2-02#s100r060	16	0	0	0	0	ABSTAIN	A	0	0	0
H5B-D-2-03#s100r060	16	0	0	0	0	ABSTAIN	A	0	0	0
H5B-D-2-04#s100r060	16	0	0	0	0	ABSTAIN	A	0	0	0
H5B-D-2-05#s100r060	16	0	0	0	0	ABSTAIN	A	0	0	0
H5B-D-2-06#s100r060	16	0	0	0	0	ABSTAIN	A	0	0	0
H5B-D-2-07#s100r060	16	0	0	0	0	ABSTAIN	A	0	0	0
H5B-D-2-08#s100r060	16	0	0	0	0	ABSTAIN	A	0	0	0
H5B-D-2-09#s100r060	16	0	0	0	0	ABSTAIN	A	0	0	0
H5B-D-6-00#s100r060	16	0	0	0	0	ABSTAIN	A	0	0	0
H5B-D-6-01#s100r060	16	0	0	0	0	ABSTAIN	A	0	0	0
H5B-D-6-02#s100r060	16	0	0	0	0	ABSTAIN	A	0	0	0
H5B-D-6-03#s100r060	16	0	0	0	0	ABSTAIN	A	0	0	0
H5B-D-6-04#s100r060	16	0	0	0	0	ABSTAIN	A	0	0	0
H5B-D-6-05#s100r060	16	0	0	0	0	ABSTAIN	A	0	0	0
H5B-D-6-06#s100r060	16	0	0	0	0	ABSTAIN	A	0	0	0
H5B-D-6-07#s100r060	16	0	0	0	0	ABSTAIN	A	0	0	0
H5B-D-6-08#s100r060	16	0	0	0	0	ABSTAIN	A	0	0	0
H5B-D-6-09#s100r060	16	0	0	0	0	ABSTAIN	A	0	0	0
H5B-P-06-00#s100r061	16	0	0	0	0	ABSTAIN	A	0	0	0
H5B-P-06-01#s100r061	16	0	0	0	0	ABSTAIN	A	0	0	0
H5B-P-06-02#s100r061	16	0	0	0	0	ABSTAIN	A	0	0	0
H5B-P-06-03#s100r061	16	0	0	0	0	ABSTAIN	A	0	0	0
H5B-P-06-04#s100r061	16	0	0	0	0	ABSTAIN	A	0	0	0
H5B-P-06-05#s100r061	16	0	0	0	0	ABSTAIN	A	0	0	0
H5B-P-06-06#s100r061	16	0	0	0	0	ABSTAIN	A	0	0	0
H5B-P-06-07#s100r061	16	0	0	0	0	ABSTAIN	A	0	0	0
H5B-P-06-08#s100r061	16	0	0	0	0	ABSTAIN	A	0	0	0
H5B-P-06-09#s100r061	16	0	0	0	0	ABSTAIN	A	0	0	0
H5B-P-12-00#s100r061	16	0	0	0	0	ABSTAIN	A	0	0	0
H5B-P-12-01#s100r061	16	0	0	0	0	ABSTAIN	A	0	0	0
H5B-P-12-02#s100r061	16	0	0	0	0	ABSTAIN	A	0	0	0
H5B-P-12-03#s100r061	16	0	0	0	0	ABSTAIN	A	0	0	0
H5B-P-12-04#s100r061	16	0	0	0	0	ABSTAIN	A	0	0	0
H5B-P-12-05#s100r061	16	0	0	0	0	ABSTAIN	A	0	0	0
H5B-P-12-06#s100r061	16	0	0	0	0	ABSTAIN	A	0	0	0
H5B-P-12-07#s100r061	16	0	0	0	0	ABSTAIN	A	0	0	0
H5B-P-12-08#s100r061	16	0	0	0	0	ABSTAIN	A	0	0	0
H5B-P-12-09#s100r061	16	0	0	0	0	ABSTAIN	A	0	0	0
H5B-P-20-00#s100r061	16	0	0	0	0	RELEASE	0	0	0	0
H5B-P-20-01#s100r061	16	0	0	0	0	RELEASE	0	0	0	0
H5B-P-20-02#s100r061	16	0	0	0	0	RELEASE	0	0	0	0
H5B-P-20-03#s100r061	16	0	0	0	0	RELEASE	0	0	0	0
H5B-P-20-04#s100r061	16	0	0	0	0	RELEASE	0	0	0	0
H5B-P-20-05#s100r061	16	0	0	0	0	RELEASE	0	0	0	0
H5B-P-20-06#s100r061	16	0	0	0	0	RELEASE	0	0	0	0
H5B-P-20-07#s100r061	16	0	0	0	0	RELEASE	0	0	0	0
H5B-P-20-08#s100r061	16	0	0	0	0	RELEASE	0	0	0	0
H5B-P-20-09#s100r061	16	0	0	0	0	RELEASE	0	0	0	0
H5B-P-40-00#s100r061	16	0	0	0	0	RELEASE	0	0	0	0
H5B-P-40-01#s100r061	16	0	0	0	0	RELEASE	0	0	0	0
H5B-P-40-02#s100r061	16	0	0	0	0	RELEASE	0	0	0	0
H5B-P-40-03#s100r061	16	0	0	0	0	RELEASE	0	0	0	0
H5B-P-40-04#s100r061	16	0	0	0	0	RELEASE	0	0	0	0
H5B-P-40-05#s100r061	16	0	0	0	0	RELEASE	0	0	0	0
H5B-P-40-06#s100r061	16	0	0	0	0	RELEASE	0	0	0	0
H5B-P-40-07#s100r061	16	0	0	0	0	RELEASE	0	0	0	0
H5B-P-40-08#s100r061	16	0	0	0	0	RELEASE	0	0	0	0
H5B-P-40-09#s100r061	16	0	0	0	0	RELEASE	0	0	0	0
H5B-O-06-00#s100r061	16	0	0	0	0	ABSTAIN	A	0	0	0
H5B-O-06-01#s100r061	16	0	0	0	0	ABSTAIN	A	0	0	0
H5B-O-06-02#s100r061	16	0	0	0	0	ABSTAIN	A	0	0	0
H5B-O-06-03#s100r061	16	0	0	0	0	ABSTAIN	A	0	0	0
H5B-O-06-04#s100r061	16	0	0	0	0	ABSTAIN	A	0	0	0
H5B-O-06-05#s100r061	16	0	0	0	0	ABSTAIN	A	0	0	0
H5B-O-06-06#s100r061	16	0	0	0	0	ABSTAIN	A	0	0	0
H5B-O-06-07#s100r061	16	0	0	0	0	ABSTAIN	A	0	0	0
H5B-O-06-08#s100r061	16	0	0	0	0	ABSTAIN	A	0	0	0
H5B-O-06-09#s100r061	16	0	0	0	0	ABSTAIN	A	0	0	0
H5B-O-12-00#s100r061	16	0	0	0	0	ABSTAIN	A	0	0	0
H5B-O-12-01#s100r061	16	0	0	0	0	ABSTAIN	A	0	0	0
H5B-O-12-02#s100r061	16	0	0	0	0	ABSTAIN	A	0	0	0
H5B-O-12-03#s100r061	16	0	0	0	0	ABSTAIN	A	0	0	0
H5B-O-12-04#s100r061	16	0	0	0	0	ABSTAIN	A	0	0	0
H5B-O-12-05#s100r061	16	0	0	0	0	ABSTAIN	A	0	0	0
H5B-O-12-06#s100r061	16	0	0	0	0	ABSTAIN	A	0	0	0
H5B-O-12-07#s100r061	16	0	0	0	0	ABSTAIN	A	0	0	0
H5B-O-12-08#s100r061	16	0	0	0	0	ABSTAIN	A	0	0	0
H5B-O-12-09#s100r061	16	0	0	0	0	ABSTAIN	A	0	0	0
H5B-O-20-00#s100r061	16	0	0	0	0	RELEASE	1	652	0	0
H5B-O-20-01#s100r061	16	0	0	0	0	RELEASE	1	513	0	0
H5B-O-20-02#s100r061	16	0	0	0	0	RELEASE	1	652	0	0
H5B-O-20-03#s100r061	16	0	0	0	0	RELEASE	1	513	0	0
H5B-O-20-04#s100r061	16	0	0	0	0	RELEASE	1	652	0	0
H5B-O-20-05#s100r061	16	0	0	0	0	RELEASE	1	652	0	0
H5B-O-20-06#s100r061	16	0	0	0	0	RELEASE	1	514	0	0
H5B-O-20-07#s100r061	16	0	0	0	0	RELEASE	1	652	0	0
H5B-O-20-08#s100r061	16	0	0	0	0	RELEASE	1	514	0	0
H5B-O-20-09#s100r061	16	0	0	0	0	RELEASE	1	652	0	0
H5B-O-40-00#s100r061	16	0	0	0	0	RELEASE	1	651	0	0
H5B-O-40-01#s100r061	16	0	0	0	0	RELEASE	1	514	0	0
H5B-O-40-02#s100r061	16	0	0	0	0	RELEASE	1	651	0	0
H5B-O-40-03#s100r061	16	0	0	0	0	RELEASE	1	514	0	0
H5B-O-40-04#s100r061	16	0	0	0	0	RELEASE	1	651	0	0
H5B-O-40-05#s100r061	16	0	0	0	0	RELEASE	1	652	0	0
H5B-O-40-06#s100r061	16	0	0	0	0	RELEASE	1	515	0	0
H5B-O-40-07#s100r061	16	0	0	0	0	RELEASE	1	652	0	0
H5B-O-40-08#s100r061	16	0	0	0	0	RELEASE	1	515	0	0
H5B-O-40-09#s100r061	16	0	0	0	0	RELEASE	1	652	0	0
H5B-D-0-00#s100r061	16	0	0	0	0	RELEASE	1	660	0	0
H5B-D-0-01#s100r061	16	0	0	0	0	RELEASE	1	661	0	0
H5B-D-0-02#s100r061	16	0	0	0	0	RELEASE	1	661	0	0
H5B-D-0-03#s100r061	16	0	0	0	0	RELEASE	1	661	0	0
H5B-D-0-04#s100r061	16	0	0	0	0	RELEASE	1	661	0	0
H5B-D-0-05#s100r061	16	0	0	0	0	RELEASE	1	661	0	0
H5B-D-0-06#s100r061	16	0	0	0	0	RELEASE	1	661	0	0
H5B-D-0-07#s100r061	16	0	0	0	0	RELEASE	1	661	0	0
H5B-D-0-08#s100r061	16	0	0	0	0	RELEASE	1	661	0	0
H5B-D-0-09#s100r061	16	0	0	0	0	RELEASE	1	661	0	0
H5B-D-1-00#s100r061	16	0	0	0	0	ABSTAIN	A	0	0	0
H5B-D-1-01#s100r061	16	0	0	0	0	ABSTAIN	A	0	0	0
H5B-D-1-02#s100r061	16	0	0	0	0	ABSTAIN	A	0	0	0
H5B-D-1-03#s100r061	16	0	0	0	0	ABSTAIN	A	0	0	0
H5B-D-1-04#s100r061	16	0	0	0	0	ABSTAIN	A	0	0	0
H5B-D-1-05#s100r061	16	0	0	0	0	ABSTAIN	A	0	0	0
H5B-D-1-06#s100r061	16	0	0	0	0	ABSTAIN	A	0	0	0
H5B-D-1-07#s100r061	16	0	0	0	0	ABSTAIN	A	0	0	0
H5B-D-1-08#s100r061	16	0	0	0	0	ABSTAIN	A	0	0	0
H5B-D-1-09#s100r061	16	0	0	0	0	ABSTAIN	A	0	0	0
H5B-D-2-00#s100r061	16	0	0	0	0	ABSTAIN	A	0	0	0
H5B-D-2-01#s100r061	16	0	0	0	0	ABSTAIN	A	0	0	0
H5B-D-2-02#s100r061	16	0	0	0	0	ABSTAIN	A	0	0	0
H5B-D-2-03#s100r061	16	0	0	0	0	ABSTAIN	A	0	0	0
H5B-D-2-04#s100r061	16	0	0	0	0	ABSTAIN	A	0	0	0
H5B-D-2-05#s100r061	16	0	0	0	0	ABSTAIN	A	0	0	0
H5B-D-2-06#s100r061	16	0	0	0	0	ABSTAIN	A	0	0	0
H5B-D-2-07#s100r061	16	0	0	0	0	ABSTAIN	A	0	0	0
H5B-D-2-08#s100r061	16	0	0	0	0	ABSTAIN	A	0	0	0
H5B-D-2-09#s100r061	16	0	0	0	0	ABSTAIN	A	0	0	0
H5B-D-6-00#s100r061	16	0	0	0	0	ABSTAIN	A	0	0	0
H5B-D-6-01#s100r061	16	0	0	0	0	ABSTAIN	A	0	0	0
H5B-D-6-02#s100r061	16	0	0	0	0	ABSTAIN	A	0	0	0
H5B-D-6-03#s100r061	16	0	0	0	0	ABSTAIN	A	0	0	0
H5B-D-6-04#s100r061	16	0	0	0	0	ABSTAIN	A	0	0	0
H5B-D-6-05#s100r061	16	0	0	0	0	ABSTAIN	A	0	0	0
H5B-D-6-06#s100r061	16	0	0	0	0	ABSTAIN	A	0	0	0
H5B-D-6-07#s100r061	16	0	0	0	0	ABSTAIN	A	0	0	0
H5B-D-6-08#s100r061	16	0	0	0	0	ABSTAIN	A	0	0	0
H5B-D-6-09#s100r061	16	0	0	0	0	ABSTAIN	A	0	0	0
H5B-P-06-00#s100r062	16	0	0	0	0	ABSTAIN	A	0	0	0
H5B-P-06-01#s100r062	16	0	0	0	0	ABSTAIN	A	0	0	0
H5B-P-06-02#s100r062	16	0	0	0	0	ABSTAIN	A	0	0	0
H5B-P-06-03#s100r062	16	0	0	0	0	ABSTAIN	A	0	0	0
H5B-P-06-04#s100r062	16	0	0	0	0	ABSTAIN	A	0	0	0
H5B-P-06-05#s100r062	16	0	0	0	0	ABSTAIN	A	0	0	0
H5B-P-06-06#s100r062	16	0	0	0	0	ABSTAIN	A	0	0	0
H5B-P-06-07#s100r062	16	0	0	0	0	ABSTAIN	A	0	0	0
H5B-P-06-08#s100r062	16	0	0	0	0	ABSTAIN	A	0	0	0
H5B-P-06-09#s100r062	16	0	0	0	0	ABSTAIN	A	0	0	0
H5B-P-12-00#s100r062	16	0	0	0	0	ABSTAIN	A	0	0	0
H5B-P-12-01#s100r062	16	0	0	0	0	ABSTAIN	A	0	0	0
H5B-P-12-02#s100r062	16	0	0	0	0	ABSTAIN	A	0	0	0
H5B-P-12-03#s100r062	16	0	0	0	0	ABSTAIN	A	0	0	0
H5B-P-12-04#s100r062	16	0	0	0	0	ABSTAIN	A	0	0	0
H5B-P-12-05#s100r062	16	0	0	0	0	ABSTAIN	A	0	0	0
H5B-P-12-06#s100r062	16	0	0	0	0	ABSTAIN	A	0	0	0
H5B-P-12-07#s100r062	16	0	0	0	0	ABSTAIN	A	0	0	0
H5B-P-12-08#s100r062	16	0	0	0	0	ABSTAIN	A	0	0	0
H5B-P-12-09#s100r062	16	0	0	0	0	ABSTAIN	A	0	0	0
H5B-P-20-00#s100r062	16	0	0	0	0	RELEASE	0	0	0	0
H5B-P-20-01#s100r062	16	0	0	0	0	RELEASE	0	0	0	0
H5B-P-20-02#s100r062	16	0	0	0	0	RELEASE	0	0	0	0
H5B-P-20-03#s100r062	16	0	0	0	0	RELEASE	0	0	0	0
H5B-P-20-04#s100r062	16	0	0	0	0	RELEASE	0	0	0	0
H5B-P-20-05#s100r062	16	0	0	0	0	RELEASE	0	0	0	0
H5B-P-20-06#s100r062	16	0	0	0	0	RELEASE	0	0	0	0
H5B-P-20-07#s100r062	16	0	0	0	0	RELEASE	0	0	0	0
H5B-P-20-08#s100r062	16	0	0	0	0	RELEASE	0	0	0	0
H5B-P-20-09#s100r062	16	0	0	0	0	RELEASE	0	0	0	0
H5B-P-40-00#s100r062	16	0	0	0	0	RELEASE	0	0	0	0
H5B-P-40-01#s100r062	16	0	0	0	0	RELEASE	0	0	0	0
H5B-P-40-02#s100r062	16	0	0	0	0	RELEASE	0	0	0	0
H5B-P-40-03#s100r062	16	0	0	0	0	RELEASE	0	0	0	0
H5B-P-40-04#s100r062	16	0	0	0	0	RELEASE	0	0	0	0
H5B-P-40-05#s100r062	16	0	0	0	0	RELEASE	0	0	0	0
H5B-P-40-06#s100r062	16	0	0	0	0	RELEASE	0	0	0	0
H5B-P-40-07#s100r062	16	0	0	0	0	RELEASE	0	0	0	0
H5B-P-40-08#s100r062	16	0	0	0	0	RELEASE	0	0	0	0
H5B-P-40-09#s100r062	16	0	0	0	0	RELEASE	0	0	0	0
H5B-O-06-00#s100r062	16	0	0	0	0	ABSTAIN	A	0	0	0
H5B-O-06-01#s100r062	16	0	0	0	0	ABSTAIN	A	0	0	0
H5B-O-06-02#s100r062	16	0	0	0	0	ABSTAIN	A	0	0	0
H5B-O-06-03#s100r062	16	0	0	0	0	ABSTAIN	A	0	0	0
H5B-O-06-04#s100r062	16	0	0	0	0	ABSTAIN	A	0	0	0
H5B-O-06-05#s100r062	16	0	0	0	0	ABSTAIN	A	0	0	0
H5B-O-06-06#s100r062	16	0	0	0	0	ABSTAIN	A	0	0	0
H5B-O-06-07#s100r062	16	0	0	0	0	ABSTAIN	A	0	0	0
H5B-O-06-08#s100r062	16	0	0	0	0	ABSTAIN	A	0	0	0
H5B-O-06-09#s100r062	16	0	0	0	0	ABSTAIN	A	0	0	0
H5B-O-12-00#s100r062	16	0	0	0	0	ABSTAIN	A	0	0	0
H5B-O-12-01#s100r062	16	0	0	0	0	ABSTAIN	A	0	0	0
H5B-O-12-02#s100r062	16	0	0	0	0	ABSTAIN	A	0	0	0
H5B-O-12-03#s100r062	16	0	0	0	0	ABSTAIN	A	0	0	0
H5B-O-12-04#s100r062	16	0	0	0	0	ABSTAIN	A	0	0	0
H5B-O-12-05#s100r062	16	0	0	0	0	ABSTAIN	A	0	0	0
H5B-O-12-06#s100r062	16	0	0	0	0	ABSTAIN	A	0	0	0
H5B-O-12-07#s100r062	16	0	0	0	0	ABSTAIN	A	0	0	0
H5B-O-12-08#s100r062	16	0	0	0	0	ABSTAIN	A	0	0	0
H5B-O-12-09#s100r062	16	0	0	0	0	ABSTAIN	A	0	0	0
H5B-O-20-00#s100r062	16	0	0	0	0	RELEASE	1	652	0	0
H5B-O-20-01#s100r062	16	0	0	0	0	RELEASE	1	513	0	0
H5B-O-20-02#s100r062	16	0	0	0	0	RELEASE	1	652	0	0
H5B-O-20-03#s100r062	16	0	0	0	0	RELEASE	1	513	0	0
H5B-O-20-04#s100r062	16	0	0	0	0	RELEASE	1	652	0	0
H5B-O-20-05#s100r062	16	0	0	0	0	RELEASE	1	652	0	0
H5B-O-20-06#s100r062	16	0	0	0	0	RELEASE	1	514	0	0
H5B-O-20-07#s100r062	16	0	0	0	0	RELEASE	1	652	0	0
H5B-O-20-08#s100r062	16	0	0	0	0	RELEASE	1	514	0	0
H5B-O-20-09#s100r062	16	0	0	0	0	RELEASE	1	652	0	0
H5B-O-40-00#s100r062	16	0	0	0	0	RELEASE	1	651	0	0
H5B-O-40-01#s100r062	16	0	0	0	0	RELEASE	1	514	0	0
H5B-O-40-02#s100r062	16	0	0	0	0	RELEASE	1	651	0	0
H5B-O-40-03#s100r062	16	0	0	0	0	RELEASE	1	514	0	0
H5B-O-40-04#s100r062	16	0	0	0	0	RELEASE	1	651	0	0
H5B-O-40-05#s100r062	16	0	0	0	0	RELEASE	1	652	0	0
H5B-O-40-06#s100r062	16	0	0	0	0	RELEASE	1	515	0	0
H5B-O-40-07#s100r062	16	0	0	0	0	RELEASE	1	652	0	0
H5B-O-40-08#s100r062	16	0	0	0	0	RELEASE	1	515	0	0
H5B-O-40-09#s100r062	16	0	0	0	0	RELEASE	1	652	0	0
H5B-D-0-00#s100r062	16	0	0	0	0	RELEASE	1	660	0	0
H5B-D-0-01#s100r062	16	0	0	0	0	RELEASE	1	661	0	0
H5B-D-0-02#s100r062	16	0	0	0	0	RELEASE	1	661	0	0
H5B-D-0-03#s100r062	16	0	0	0	0	RELEASE	1	661	0	0
H5B-D-0-04#s100r062	16	0	0	0	0	RELEASE	1	661	0	0
H5B-D-0-05#s100r062	16	0	0	0	0	RELEASE	1	661	0	0
H5B-D-0-06#s100r062	16	0	0	0	0	RELEASE	1	661	0	0
H5B-D-0-07#s100r062	16	0	0	0	0	RELEASE	1	661	0	0
H5B-D-0-08#s100r062	16	0	0	0	0	RELEASE	1	661	0	0
H5B-D-0-09#s100r062	16	0	0	0	0	RELEASE	1	661	0	0
H5B-D-1-00#s100r062	16	0	0	0	0	ABSTAIN	A	0	0	0
H5B-D-1-01#s100r062	16	0	0	0	0	ABSTAIN	A	0	0	0
H5B-D-1-02#s100r062	16	0	0	0	0	ABSTAIN	A	0	0	0
H5B-D-1-03#s100r062	16	0	0	0	0	ABSTAIN	A	0	0	0
H5B-D-1-04#s100r062	16	0	0	0	0	ABSTAIN	A	0	0	0
H5B-D-1-05#s100r062	16	0	0	0	0	ABSTAIN	A	0	0	0
H5B-D-1-06#s100r062	16	0	0	0	0	ABSTAIN	A	0	0	0
H5B-D-1-07#s100r062	16	0	0	0	0	ABSTAIN	A	0	0	0
H5B-D-1-08#s100r062	16	0	0	0	0	ABSTAIN	A	0	0	0
H5B-D-1-09#s100r062	16	0	0	0	0	ABSTAIN	A	0	0	0
H5B-D-2-00#s100r062	16	0	0	0	0	ABSTAIN	A	0	0	0
H5B-D-2-01#s100r062	16	0	0	0	0	ABSTAIN	A	0	0	0
H5B-D-2-02#s100r062	16	0	0	0	0	ABSTAIN	A	0	0	0
H5B-D-2-03#s100r062	16	0	0	0	0	ABSTAIN	A	0	0	0
H5B-D-2-04#s100r062	16	0	0	0	0	ABSTAIN	A	0	0	0
H5B-D-2-05#s100r062	16	0	0	0	0	ABSTAIN	A	0	0	0
H5B-D-2-06#s100r062	16	0	0	0	0	ABSTAIN	A	0	0	0
H5B-D-2-07#s100r062	16	0	0	0	0	ABSTAIN	A	0	0	0
H5B-D-2-08#s100r062	16	0	0	0	0	ABSTAIN	A	0	0	0
H5B-D-2-09#s100r062	16	0	0	0	0	ABSTAIN	A	0	0	0
H5B-D-6-00#s100r062	16	0	0	0	0	ABSTAIN	A	0	0	0
H5B-D-6-01#s100r062	16	0	0	0	0	ABSTAIN	A	0	0	0
H5B-D-6-02#s100r062	16	0	0	0	0	ABSTAIN	A	0	0	0
H5B-D-6-03#s100r062	16	0	0	0	0	ABSTAIN	A	0	0	0
H5B-D-6-04#s100r062	16	0	0	0	0	ABSTAIN	A	0	0	0
H5B-D-6-05#s100r062	16	0	0	0	0	ABSTAIN	A	0	0	0
H5B-D-6-06#s100r062	16	0	0	0	0	ABSTAIN	A	0	0	0
H5B-D-6-07#s100r062	16	0	0	0	0	ABSTAIN	A	0	0	0
H5B-D-6-08#s100r062	16	0	0	0	0	ABSTAIN	A	0	0	0
H5B-D-6-09#s100r062	16	0	0	0	0	ABSTAIN	A	0	0	0
H5B-P-06-00#s100r063	16	0	0	0	0	ABSTAIN	A	0	0	0
H5B-P-06-01#s100r063	16	0	0	0	0	ABSTAIN	A	0	0	0
H5B-P-06-02#s100r063	16	0	0	0	0	ABSTAIN	A	0	0	0
H5B-P-06-03#s100r063	16	0	0	0	0	ABSTAIN	A	0	0	0
H5B-P-06-04#s100r063	16	0	0	0	0	ABSTAIN	A	0	0	0
H5B-P-06-05#s100r063	16	0	0	0	0	ABSTAIN	A	0	0	0
H5B-P-06-06#s100r063	16	0	0	0	0	ABSTAIN	A	0	0	0
H5B-P-06-07#s100r063	16	0	0	0	0	ABSTAIN	A	0	0	0
H5B-P-06-08#s100r063	16	0	0	0	0	ABSTAIN	A	0	0	0
H5B-P-06-09#s100r063	16	0	0	0	0	ABSTAIN	A	0	0	0
H5B-P-12-00#s100r063	16	0	0	0	0	ABSTAIN	A	0	0	0
H5B-P-12-01#s100r063	16	0	0	0	0	ABSTAIN	A	0	0	0
H5B-P-12-02#s100r063	16	0	0	0	0	ABSTAIN	A	0	0	0
H5B-P-12-03#s100r063	16	0	0	0	0	ABSTAIN	A	0	0	0
H5B-P-12-04#s100r063	16	0	0	0	0	ABSTAIN	A	0	0	0
H5B-P-12-05#s100r063	16	0	0	0	0	ABSTAIN	A	0	0	0
H5B-P-12-06#s100r063	16	0	0	0	0	ABSTAIN	A	0	0	0
H5B-P-12-07#s100r063	16	0	0	0	0	ABSTAIN	A	0	0	0
H5B-P-12-08#s100r063	16	0	0	0	0	ABSTAIN	A	0	0	0
H5B-P-12-09#s100r063	16	0	0	0	0	ABSTAIN	A	0	0	0
H5B-P-20-00#s100r063	16	0	0	0	0	RELEASE	0	0	0	0
H5B-P-20-01#s100r063	16	0	0	0	0	RELEASE	0	0	0	0
H5B-P-20-02#s100r063	16	0	0	0	0	RELEASE	0	0	0	0
H5B-P-20-03#s100r063	16	0	0	0	0	RELEASE	0	0	0	0
H5B-P-20-04#s100r063	16	0	0	0	0	RELEASE	0	0	0	0
H5B-P-20-05#s100r063	16	0	0	0	0	RELEASE	0	0	0	0
H5B-P-20-06#s100r063	16	0	0	0	0	RELEASE	0	0	0	0
H5B-P-20-07#s100r063	16	0	0	0	0	RELEASE	0	0	0	0
H5B-P-20-08#s100r063	16	0	0	0	0	RELEASE	0	0	0	0
H5B-P-20-09#s100r063	16	0	0	0	0	RELEASE	0	0	0	0
H5B-P-40-00#s100r063	16	0	0	0	0	RELEASE	0	0	0	0
H5B-P-40-01#s100r063	16	0	0	0	0	RELEASE	0	0	0	0
H5B-P-40-02#s100r063	16	0	0	0	0	RELEASE	0	0	0	0
H5B-P-40-03#s100r063	16	0	0	0	0	RELEASE	0	0	0	0
H5B-P-40-04#s100r063	16	0	0	0	0	RELEASE	0	0	0	0
H5B-P-40-05#s100r063	16	0	0	0	0	RELEASE	0	0	0	0
H5B-P-40-06#s100r063	16	0	0	0	0	RELEASE	0	0	0	0
H5B-P-40-07#s100r063	16	0	0	0	0	RELEASE	0	0	0	0
H5B-P-40-08#s100r063	16	0	0	0	0	RELEASE	0	0	0	0
H5B-P-40-09#s100r063	16	0	0	0	0	RELEASE	0	0	0	0
H5B-O-06-00#s100r063	16	0	0	0	0	ABSTAIN	A	0	0	0
H5B-O-06-01#s100r063	16	0	0	0	0	ABSTAIN	A	0	0	0
H5B-O-06-02#s100r063	16	0	0	0	0	ABSTAIN	A	0	0	0
H5B-O-06-03#s100r063	16	0	0	0	0	ABSTAIN	A	0	0	0
H5B-O-06-04#s100r063	16	0	0	0	0	ABSTAIN	A	0	0	0
H5B-O-06-05#s100r063	16	0	0	0	0	ABSTAIN	A	0	0	0
H5B-O-06-06#s100r063	16	0	0	0	0	ABSTAIN	A	0	0	0
H5B-O-06-07#s100r063	16	0	0	0	0	ABSTAIN	A	0	0	0
H5B-O-06-08#s100r063	16	0	0	0	0	ABSTAIN	A	0	0	0
H5B-O-06-09#s100r063	16	0	0	0	0	ABSTAIN	A	0	0	0
H5B-O-12-00#s100r063	16	0	0	0	0	ABSTAIN	A	0	0	0
H5B-O-12-01#s100r063	16	0	0	0	0	ABSTAIN	A	0	0	0
H5B-O-12-02#s100r063	16	0	0	0	0	ABSTAIN	A	0	0	0
H5B-O-12-03#s100r063	16	0	0	0	0	ABSTAIN	A	0	0	0
H5B-O-12-04#s100r063	16	0	0	0	0	ABSTAIN	A	0	0	0
H5B-O-12-05#s100r063	16	0	0	0	0	ABSTAIN	A	0	0	0
H5B-O-12-06#s100r063	16	0	0	0	0	ABSTAIN	A	0	0	0
H5B-O-12-07#s100r063	16	0	0	0	0	ABSTAIN	A	0	0	0
H5B-O-12-08#s100r063	16	0	0	0	0	ABSTAIN	A	0	0	0
H5B-O-12-09#s100r063	16	0	0	0	0	ABSTAIN	A	0	0	0
H5B-O-20-00#s100r063	16	0	0	0	0	RELEASE	1	652	0	0
H5B-O-20-01#s100r063	16	0	0	0	0	RELEASE	1	513	0	0
H5B-O-20-02#s100r063	16	0	0	0	0	RELEASE	1	652	0	0
H5B-O-20-03#s100r063	16	0	0	0	0	RELEASE	1	513	0	0
H5B-O-20-04#s100r063	16	0	0	0	0	RELEASE	1	652	0	0
H5B-O-20-05#s100r063	16	0	0	0	0	RELEASE	1	652	0	0
H5B-O-20-06#s100r063	16	0	0	0	0	RELEASE	1	514	0	0
H5B-O-20-07#s100r063	16	0	0	0	0	RELEASE	1	652	0	0
H5B-O-20-08#s100r063	16	0	0	0	0	RELEASE	1	514	0	0
H5B-O-20-09#s100r063	16	0	0	0	0	RELEASE	1	652	0	0
H5B-O-40-00#s100r063	16	0	0	0	0	RELEASE	1	651	0	0
H5B-O-40-01#s100r063	16	0	0	0	0	RELEASE	1	514	0	0
H5B-O-40-02#s100r063	16	0	0	0	0	RELEASE	1	651	0	0
H5B-O-40-03#s100r063	16	0	0	0	0	RELEASE	1	514	0	0
H5B-O-40-04#s100r063	16	0	0	0	0	RELEASE	1	651	0	0
H5B-O-40-05#s100r063	16	0	0	0	0	RELEASE	1	652	0	0
H5B-O-40-06#s100r063	16	0	0	0	0	RELEASE	1	515	0	0
H5B-O-40-07#s100r063	16	0	0	0	0	RELEASE	1	652	0	0
H5B-O-40-08#s100r063	16	0	0	0	0	RELEASE	1	515	0	0
H5B-O-40-09#s100r063	16	0	0	0	0	RELEASE	1	652	0	0
H5B-D-0-00#s100r063	16	0	0	0	0	RELEASE	1	660	0	0
H5B-D-0-01#s100r063	16	0	0	0	0	RELEASE	1	660	0	0
H5B-D-0-02#s100r063	16	0	0	0	0	RELEASE	1	661	0	0
H5B-D-0-03#s100r063	16	0	0	0	0	RELEASE	1	661	0	0
H5B-D-0-04#s100r063	16	0	0	0	0	RELEASE	1	661	0	0
H5B-D-0-05#s100r063	16	0	0	0	0	RELEASE	1	661	0	0
H5B-D-0-06#s100r063	16	0	0	0	0	RELEASE	1	661	0	0
H5B-D-0-07#s100r063	16	0	0	0	0	RELEASE	1	661	0	0
H5B-D-0-08#s100r063	16	0	0	0	0	RELEASE	1	661	0	0
H5B-D-0-09#s100r063	16	0	0	0	0	RELEASE	1	661	0	0
H5B-D-1-00#s100r063	16	0	0	0	0	ABSTAIN	A	0	0	0
H5B-D-1-01#s100r063	16	0	0	0	0	ABSTAIN	A	0	0	0
H5B-D-1-02#s100r063	16	0	0	0	0	ABSTAIN	A	0	0	0
H5B-D-1-03#s100r063	16	0	0	0	0	ABSTAIN	A	0	0	0
H5B-D-1-04#s100r063	16	0	0	0	0	ABSTAIN	A	0	0	0
H5B-D-1-05#s100r063	16	0	0	0	0	ABSTAIN	A	0	0	0
H5B-D-1-06#s100r063	16	0	0	0	0	ABSTAIN	A	0	0	0
H5B-D-1-07#s100r063	16	0	0	0	0	ABSTAIN	A	0	0	0
H5B-D-1-08#s100r063	16	0	0	0	0	ABSTAIN	A	0	0	0
H5B-D-1-09#s100r063	16	0	0	0	0	ABSTAIN	A	0	0	0
H5B-D-2-00#s100r063	16	0	0	0	0	ABSTAIN	A	0	0	0
H5B-D-2-01#s100r063	16	0	0	0	0	ABSTAIN	A	0	0	0
H5B-D-2-02#s100r063	16	0	0	0	0	ABSTAIN	A	0	0	0
H5B-D-2-03#s100r063	16	0	0	0	0	ABSTAIN	A	0	0	0
H5B-D-2-04#s100r063	16	0	0	0	0	ABSTAIN	A	0	0	0
H5B-D-2-05#s100r063	16	0	0	0	0	ABSTAIN	A	0	0	0
H5B-D-2-06#s100r063	16	0	0	0	0	ABSTAIN	A	0	0	0
H5B-D-2-07#s100r063	16	0	0	0	0	ABSTAIN	A	0	0	0
H5B-D-2-08#s100r063	16	0	0	0	0	ABSTAIN	A	0	0	0
H5B-D-2-09#s100r063	16	0	0	0	0	ABSTAIN	A	0	0	0
H5B-D-6-00#s100r063	16	0	0	0	0	ABSTAIN	A	0	0	0
H5B-D-6-01#s100r063	16	0	0	0	0	ABSTAIN	A	0	0	0
H5B-D-6-02#s100r063	16	0	0	0	0	ABSTAIN	A	0	0	0
H5B-D-6-03#s100r063	16	0	0	0	0	ABSTAIN	A	0	0	0
H5B-D-6-04#s100r063	16	0	0	0	0	ABSTAIN	A	0	0	0
H5B-D-6-05#s100r063	16	0	0	0	0	ABSTAIN	A	0	0	0
H5B-D-6-06#s100r063	16	0	0	0	0	ABSTAIN	A	0	0	0
H5B-D-6-07#s100r063	16	0	0	0	0	ABSTAIN	A	0	0	0
H5B-D-6-08#s100r063	16	0	0	0	0	ABSTAIN	A	0	0	0
H5B-D-6-09#s100r063	16	0	0	0	0	ABSTAIN	A	0	0	0
H5B-P-06-00#s100r064	16	0	0	0	0	ABSTAIN	A	0	0	0
H5B-P-06-01#s100r064	16	0	0	0	0	ABSTAIN	A	0	0	0
H5B-P-06-02#s100r064	16	0	0	0	0	ABSTAIN	A	0	0	0
H5B-P-06-03#s100r064	16	0	0	0	0	ABSTAIN	A	0	0	0
H5B-P-06-04#s100r064	16	0	0	0	0	ABSTAIN	A	0	0	0
H5B-P-06-05#s100r064	16	0	0	0	0	ABSTAIN	A	0	0	0
H5B-P-06-06#s100r064	16	0	0	0	0	ABSTAIN	A	0	0	0
H5B-P-06-07#s100r064	16	0	0	0	0	ABSTAIN	A	0	0	0
H5B-P-06-08#s100r064	16	0	0	0	0	ABSTAIN	A	0	0	0
H5B-P-06-09#s100r064	16	0	0	0	0	ABSTAIN	A	0	0	0
H5B-P-12-00#s100r064	16	0	0	0	0	ABSTAIN	A	0	0	0
H5B-P-12-01#s100r064	16	0	0	0	0	ABSTAIN	A	0	0	0
H5B-P-12-02#s100r064	16	0	0	0	0	ABSTAIN	A	0	0	0
H5B-P-12-03#s100r064	16	0	0	0	0	ABSTAIN	A	0	0	0
H5B-P-12-04#s100r064	16	0	0	0	0	ABSTAIN	A	0	0	0
H5B-P-12-05#s100r064	16	0	0	0	0	ABSTAIN	A	0	0	0
H5B-P-12-06#s100r064	16	0	0	0	0	ABSTAIN	A	0	0	0
H5B-P-12-07#s100r064	16	0	0	0	0	ABSTAIN	A	0	0	0
H5B-P-12-08#s100r064	16	0	0	0	0	ABSTAIN	A	0	0	0
H5B-P-12-09#s100r064	16	0	0	0	0	ABSTAIN	A	0	0	0
H5B-P-20-00#s100r064	16	0	0	0	0	RELEASE	0	0	0	0
H5B-P-20-01#s100r064	16	0	0	0	0	RELEASE	0	0	0	0
H5B-P-20-02#s100r064	16	0	0	0	0	RELEASE	0	0	0	0
H5B-P-20-03#s100r064	16	0	0	0	0	RELEASE	0	0	0	0
H5B-P-20-04#s100r064	16	0	0	0	0	RELEASE	0	0	0	0
H5B-P-20-05#s100r064	16	0	0	0	0	RELEASE	0	0	0	0
H5B-P-20-06#s100r064	16	0	0	0	0	RELEASE	0	0	0	0
H5B-P-20-07#s100r064	16	0	0	0	0	RELEASE	0	0	0	0
H5B-P-20-08#s100r064	16	0	0	0	0	RELEASE	0	0	0	0
H5B-P-20-09#s100r064	16	0	0	0	0	RELEASE	0	0	0	0
H5B-P-40-00#s100r064	16	0	0	0	0	RELEASE	0	0	0	0
H5B-P-40-01#s100r064	16	0	0	0	0	RELEASE	0	0	0	0
H5B-P-40-02#s100r064	16	0	0	0	0	RELEASE	0	0	0	0
H5B-P-40-03#s100r064	16	0	0	0	0	RELEASE	0	0	0	0
H5B-P-40-04#s100r064	16	0	0	0	0	RELEASE	0	0	0	0
H5B-P-40-05#s100r064	16	0	0	0	0	RELEASE	0	0	0	0
H5B-P-40-06#s100r064	16	0	0	0	0	RELEASE	0	0	0	0
H5B-P-40-07#s100r064	16	0	0	0	0	RELEASE	0	0	0	0
H5B-P-40-08#s100r064	16	0	0	0	0	RELEASE	0	0	0	0
H5B-P-40-09#s100r064	16	0	0	0	0	RELEASE	0	0	0	0
H5B-O-06-00#s100r064	16	0	0	0	0	ABSTAIN	A	0	0	0
H5B-O-06-01#s100r064	16	0	0	0	0	ABSTAIN	A	0	0	0
H5B-O-06-02#s100r064	16	0	0	0	0	ABSTAIN	A	0	0	0
H5B-O-06-03#s100r064	16	0	0	0	0	ABSTAIN	A	0	0	0
H5B-O-06-04#s100r064	16	0	0	0	0	ABSTAIN	A	0	0	0
H5B-O-06-05#s100r064	16	0	0	0	0	ABSTAIN	A	0	0	0
H5B-O-06-06#s100r064	16	0	0	0	0	ABSTAIN	A	0	0	0
H5B-O-06-07#s100r064	16	0	0	0	0	ABSTAIN	A	0	0	0
H5B-O-06-08#s100r064	16	0	0	0	0	ABSTAIN	A	0	0	0
H5B-O-06-09#s100r064	16	0	0	0	0	ABSTAIN	A	0	0	0
H5B-O-12-00#s100r064	16	0	0	0	0	ABSTAIN	A	0	0	0
H5B-O-12-01#s100r064	16	0	0	0	0	ABSTAIN	A	0	0	0
H5B-O-12-02#s100r064	16	0	0	0	0	ABSTAIN	A	0	0	0
H5B-O-12-03#s100r064	16	0	0	0	0	ABSTAIN	A	0	0	0
H5B-O-12-04#s100r064	16	0	0	0	0	ABSTAIN	A	0	0	0
H5B-O-12-05#s100r064	16	0	0	0	0	ABSTAIN	A	0	0	0
H5B-O-12-06#s100r064	16	0	0	0	0	ABSTAIN	A	0	0	0
H5B-O-12-07#s100r064	16	0	0	0	0	ABSTAIN	A	0	0	0
H5B-O-12-08#s100r064	16	0	0	0	0	ABSTAIN	A	0	0	0
H5B-O-12-09#s100r064	16	0	0	0	0	ABSTAIN	A	0	0	0
H5B-O-20-00#s100r064	16	0	0	0	0	RELEASE	1	652	0	0
H5B-O-20-01#s100r064	16	0	0	0	0	RELEASE	1	513	0	0
H5B-O-20-02#s100r064	16	0	0	0	0	RELEASE	1	652	0	0
H5B-O-20-03#s100r064	16	0	0	0	0	RELEASE	1	513	0	0
H5B-O-20-04#s100r064	16	0	0	0	0	RELEASE	1	652	0	0
H5B-O-20-05#s100r064	16	0	0	0	0	RELEASE	1	652	0	0
H5B-O-20-06#s100r064	16	0	0	0	0	RELEASE	1	514	0	0
H5B-O-20-07#s100r064	16	0	0	0	0	RELEASE	1	652	0	0
H5B-O-20-08#s100r064	16	0	0	0	0	RELEASE	1	514	0	0
H5B-O-20-09#s100r064	16	0	0	0	0	RELEASE	1	652	0	0
H5B-O-40-00#s100r064	16	0	0	0	0	RELEASE	1	651	0	0
H5B-O-40-01#s100r064	16	0	0	0	0	RELEASE	1	514	0	0
H5B-O-40-02#s100r064	16	0	0	0	0	RELEASE	1	651	0	0
H5B-O-40-03#s100r064	16	0	0	0	0	RELEASE	1	514	0	0
H5B-O-40-04#s100r064	16	0	0	0	0	RELEASE	1	651	0	0
H5B-O-40-05#s100r064	16	0	0	0	0	RELEASE	1	652	0	0
H5B-O-40-06#s100r064	16	0	0	0	0	RELEASE	1	515	0	0
H5B-O-40-07#s100r064	16	0	0	0	0	RELEASE	1	652	0	0
H5B-O-40-08#s100r064	16	0	0	0	0	RELEASE	1	515	0	0
H5B-O-40-09#s100r064	16	0	0	0	0	RELEASE	1	652	0	0
H5B-D-0-00#s100r064	16	0	0	0	0	RELEASE	1	660	0	0
H5B-D-0-01#s100r064	16	0	0	0	0	RELEASE	1	660	0	0
H5B-D-0-02#s100r064	16	0	0	0	0	RELEASE	1	661	0	0
H5B-D-0-03#s100r064	16	0	0	0	0	RELEASE	1	661	0	0
H5B-D-0-04#s100r064	16	0	0	0	0	RELEASE	1	661	0	0
H5B-D-0-05#s100r064	16	0	0	0	0	RELEASE	1	661	0	0
H5B-D-0-06#s100r064	16	0	0	0	0	RELEASE	1	661	0	0
H5B-D-0-07#s100r064	16	0	0	0	0	RELEASE	1	661	0	0
H5B-D-0-08#s100r064	16	0	0	0	0	RELEASE	1	661	0	0
H5B-D-0-09#s100r064	16	0	0	0	0	RELEASE	1	661	0	0
H5B-D-1-00#s100r064	16	0	0	0	0	ABSTAIN	A	0	0	0
H5B-D-1-01#s100r064	16	0	0	0	0	ABSTAIN	A	0	0	0
H5B-D-1-02#s100r064	16	0	0	0	0	ABSTAIN	A	0	0	0
H5B-D-1-03#s100r064	16	0	0	0	0	ABSTAIN	A	0	0	0
H5B-D-1-04#s100r064	16	0	0	0	0	ABSTAIN	A	0	0	0
H5B-D-1-05#s100r064	16	0	0	0	0	ABSTAIN	A	0	0	0
H5B-D-1-06#s100r064	16	0	0	0	0	ABSTAIN	A	0	0	0
H5B-D-1-07#s100r064	16	0	0	0	0	ABSTAIN	A	0	0	0
H5B-D-1-08#s100r064	16	0	0	0	0	ABSTAIN	A	0	0	0
H5B-D-1-09#s100r064	16	0	0	0	0	ABSTAIN	A	0	0	0
H5B-D-2-00#s100r064	16	0	0	0	0	ABSTAIN	A	0	0	0
H5B-D-2-01#s100r064	16	0	0	0	0	ABSTAIN	A	0	0	0
H5B-D-2-02#s100r064	16	0	0	0	0	ABSTAIN	A	0	0	0
H5B-D-2-03#s100r064	16	0	0	0	0	ABSTAIN	A	0	0	0
H5B-D-2-04#s100r064	16	0	0	0	0	ABSTAIN	A	0	0	0
H5B-D-2-05#s100r064	16	0	0	0	0	ABSTAIN	A	0	0	0
H5B-D-2-06#s100r064	16	0	0	0	0	ABSTAIN	A	0	0	0
H5B-D-2-07#s100r064	16	0	0	0	0	ABSTAIN	A	0	0	0
H5B-D-2-08#s100r064	16	0	0	0	0	ABSTAIN	A	0	0	0
H5B-D-2-09#s100r064	16	0	0	0	0	ABSTAIN	A	0	0	0
H5B-D-6-00#s100r064	16	0	0	0	0	ABSTAIN	A	0	0	0
H5B-D-6-01#s100r064	16	0	0	0	0	ABSTAIN	A	0	0	0
H5B-D-6-02#s100r064	16	0	0	0	0	ABSTAIN	A	0	0	0
H5B-D-6-03#s100r064	16	0	0	0	0	ABSTAIN	A	0	0	0
H5B-D-6-04#s100r064	16	0	0	0	0	ABSTAIN	A	0	0	0
H5B-D-6-05#s100r064	16	0	0	0	0	ABSTAIN	A	0	0	0
H5B-D-6-06#s100r064	16	0	0	0	0	ABSTAIN	A	0	0	0
H5B-D-6-07#s100r064	16	0	0	0	0	ABSTAIN	A	0	0	0
H5B-D-6-08#s100r064	16	0	0	0	0	ABSTAIN	A	0	0	0
H5B-D-6-09#s100r064	16	0	0	0	0	ABSTAIN	A	0	0	0
H5B-P-06-00#s100r065	16	0	0	0	0	ABSTAIN	A	0	0	0
H5B-P-06-01#s100r065	16	0	0	0	0	ABSTAIN	A	0	0	0
H5B-P-06-02#s100r065	16	0	0	0	0	ABSTAIN	A	0	0	0
H5B-P-06-03#s100r065	16	0	0	0	0	ABSTAIN	A	0	0	0
H5B-P-06-04#s100r065	16	0	0	0	0	ABSTAIN	A	0	0	0
H5B-P-06-05#s100r065	16	0	0	0	0	ABSTAIN	A	0	0	0
H5B-P-06-06#s100r065	16	0	0	0	0	ABSTAIN	A	0	0	0
H5B-P-06-07#s100r065	16	0	0	0	0	ABSTAIN	A	0	0	0
H5B-P-06-08#s100r065	16	0	0	0	0	ABSTAIN	A	0	0	0
H5B-P-06-09#s100r065	16	0	0	0	0	ABSTAIN	A	0	0	0
H5B-P-12-00#s100r065	16	0	0	0	0	ABSTAIN	A	0	0	0
H5B-P-12-01#s100r065	16	0	0	0	0	ABSTAIN	A	0	0	0
H5B-P-12-02#s100r065	16	0	0	0	0	ABSTAIN	A	0	0	0
H5B-P-12-03#s100r065	16	0	0	0	0	ABSTAIN	A	0	0	0
H5B-P-12-04#s100r065	16	0	0	0	0	ABSTAIN	A	0	0	0
H5B-P-12-05#s100r065	16	0	0	0	0	ABSTAIN	A	0	0	0
H5B-P-12-06#s100r065	16	0	0	0	0	ABSTAIN	A	0	0	0
H5B-P-12-07#s100r065	16	0	0	0	0	ABSTAIN	A	0	0	0
H5B-P-12-08#s100r065	16	0	0	0	0	ABSTAIN	A	0	0	0
H5B-P-12-09#s100r065	16	0	0	0	0	ABSTAIN	A	0	0	0
H5B-P-20-00#s100r065	16	0	0	0	0	RELEASE	0	0	0	0
H5B-P-20-01#s100r065	16	0	0	0	0	RELEASE	0	0	0	0
H5B-P-20-02#s100r065	16	0	0	0	0	RELEASE	0	0	0	0
H5B-P-20-03#s100r065	16	0	0	0	0	RELEASE	0	0	0	0
H5B-P-20-04#s100r065	16	0	0	0	0	RELEASE	0	0	0	0
H5B-P-20-05#s100r065	16	0	0	0	0	RELEASE	0	0	0	0
H5B-P-20-06#s100r065	16	0	0	0	0	RELEASE	0	0	0	0
H5B-P-20-07#s100r065	16	0	0	0	0	RELEASE	0	0	0	0
H5B-P-20-08#s100r065	16	0	0	0	0	RELEASE	0	0	0	0
H5B-P-20-09#s100r065	16	0	0	0	0	RELEASE	0	0	0	0
H5B-P-40-00#s100r065	16	0	0	0	0	RELEASE	0	0	0	0
H5B-P-40-01#s100r065	16	0	0	0	0	RELEASE	0	0	0	0
H5B-P-40-02#s100r065	16	0	0	0	0	RELEASE	0	0	0	0
H5B-P-40-03#s100r065	16	0	0	0	0	RELEASE	0	0	0	0
H5B-P-40-04#s100r065	16	0	0	0	0	RELEASE	0	0	0	0
H5B-P-40-05#s100r065	16	0	0	0	0	RELEASE	0	0	0	0
H5B-P-40-06#s100r065	16	0	0	0	0	RELEASE	0	0	0	0
H5B-P-40-07#s100r065	16	0	0	0	0	RELEASE	0	0	0	0
H5B-P-40-08#s100r065	16	0	0	0	0	RELEASE	0	0	0	0
H5B-P-40-09#s100r065	16	0	0	0	0	RELEASE	0	0	0	0
H5B-O-06-00#s100r065	16	0	0	0	0	ABSTAIN	A	0	0	0
H5B-O-06-01#s100r065	16	0	0	0	0	ABSTAIN	A	0	0	0
H5B-O-06-02#s100r065	16	0	0	0	0	ABSTAIN	A	0	0	0
H5B-O-06-03#s100r065	16	0	0	0	0	ABSTAIN	A	0	0	0
H5B-O-06-04#s100r065	16	0	0	0	0	ABSTAIN	A	0	0	0
H5B-O-06-05#s100r065	16	0	0	0	0	ABSTAIN	A	0	0	0
H5B-O-06-06#s100r065	16	0	0	0	0	ABSTAIN	A	0	0	0
H5B-O-06-07#s100r065	16	0	0	0	0	ABSTAIN	A	0	0	0
H5B-O-06-08#s100r065	16	0	0	0	0	ABSTAIN	A	0	0	0
H5B-O-06-09#s100r065	16	0	0	0	0	ABSTAIN	A	0	0	0
H5B-O-12-00#s100r065	16	0	0	0	0	ABSTAIN	A	0	0	0
H5B-O-12-01#s100r065	16	0	0	0	0	ABSTAIN	A	0	0	0
H5B-O-12-02#s100r065	16	0	0	0	0	ABSTAIN	A	0	0	0
H5B-O-12-03#s100r065	16	0	0	0	0	ABSTAIN	A	0	0	0
H5B-O-12-04#s100r065	16	0	0	0	0	ABSTAIN	A	0	0	0
H5B-O-12-05#s100r065	16	0	0	0	0	ABSTAIN	A	0	0	0
H5B-O-12-06#s100r065	16	0	0	0	0	ABSTAIN	A	0	0	0
H5B-O-12-07#s100r065	16	0	0	0	0	ABSTAIN	A	0	0	0
H5B-O-12-08#s100r065	16	0	0	0	0	ABSTAIN	A	0	0	0
H5B-O-12-09#s100r065	16	0	0	0	0	ABSTAIN	A	0	0	0
H5B-O-20-00#s100r065	16	0	0	0	0	RELEASE	1	652	0	0
H5B-O-20-01#s100r065	16	0	0	0	0	RELEASE	1	513	0	0
H5B-O-20-02#s100r065	16	0	0	0	0	RELEASE	1	652	0	0
H5B-O-20-03#s100r065	16	0	0	0	0	RELEASE	1	513	0	0
H5B-O-20-04#s100r065	16	0	0	0	0	RELEASE	1	652	0	0
H5B-O-20-05#s100r065	16	0	0	0	0	RELEASE	1	652	0	0
H5B-O-20-06#s100r065	16	0	0	0	0	RELEASE	1	514	0	0
H5B-O-20-07#s100r065	16	0	0	0	0	RELEASE	1	652	0	0
H5B-O-20-08#s100r065	16	0	0	0	0	RELEASE	1	514	0	0
H5B-O-20-09#s100r065	16	0	0	0	0	RELEASE	1	652	0	0
H5B-O-40-00#s100r065	16	0	0	0	0	RELEASE	1	651	0	0
H5B-O-40-01#s100r065	16	0	0	0	0	RELEASE	1	514	0	0
H5B-O-40-02#s100r065	16	0	0	0	0	RELEASE	1	651	0	0
H5B-O-40-03#s100r065	16	0	0	0	0	RELEASE	1	514	0	0
H5B-O-40-04#s100r065	16	0	0	0	0	RELEASE	1	651	0	0
H5B-O-40-05#s100r065	16	0	0	0	0	RELEASE	1	652	0	0
H5B-O-40-06#s100r065	16	0	0	0	0	RELEASE	1	515	0	0
H5B-O-40-07#s100r065	16	0	0	0	0	RELEASE	1	652	0	0
H5B-O-40-08#s100r065	16	0	0	0	0	RELEASE	1	515	0	0
H5B-O-40-09#s100r065	16	0	0	0	0	RELEASE	1	652	0	0
H5B-D-0-00#s100r065	16	0	0	0	0	RELEASE	1	660	0	0
H5B-D-0-01#s100r065	16	0	0	0	0	RELEASE	1	660	0	0
H5B-D-0-02#s100r065	16	0	0	0	0	RELEASE	1	660	0	0
H5B-D-0-03#s100r065	16	0	0	0	0	RELEASE	1	661	0	0
H5B-D-0-04#s100r065	16	0	0	0	0	RELEASE	1	661	0	0
H5B-D-0-05#s100r065	16	0	0	0	0	RELEASE	1	661	0	0
H5B-D-0-06#s100r065	16	0	0	0	0	RELEASE	1	661	0	0
H5B-D-0-07#s100r065	16	0	0	0	0	RELEASE	1	661	0	0
H5B-D-0-08#s100r065	16	0	0	0	0	RELEASE	1	661	0	0
H5B-D-0-09#s100r065	16	0	0	0	0	RELEASE	1	661	0	0
H5B-D-1-00#s100r065	16	0	0	0	0	ABSTAIN	A	0	0	0
H5B-D-1-01#s100r065	16	0	0	0	0	ABSTAIN	A	0	0	0
H5B-D-1-02#s100r065	16	0	0	0	0	ABSTAIN	A	0	0	0
H5B-D-1-03#s100r065	16	0	0	0	0	ABSTAIN	A	0	0	0
H5B-D-1-04#s100r065	16	0	0	0	0	ABSTAIN	A	0	0	0
H5B-D-1-05#s100r065	16	0	0	0	0	ABSTAIN	A	0	0	0
H5B-D-1-06#s100r065	16	0	0	0	0	ABSTAIN	A	0	0	0
H5B-D-1-07#s100r065	16	0	0	0	0	ABSTAIN	A	0	0	0
H5B-D-1-08#s100r065	16	0	0	0	0	ABSTAIN	A	0	0	0
H5B-D-1-09#s100r065	16	0	0	0	0	ABSTAIN	A	0	0	0
H5B-D-2-00#s100r065	16	0	0	0	0	ABSTAIN	A	0	0	0
H5B-D-2-01#s100r065	16	0	0	0	0	ABSTAIN	A	0	0	0
H5B-D-2-02#s100r065	16	0	0	0	0	ABSTAIN	A	0	0	0
H5B-D-2-03#s100r065	16	0	0	0	0	ABSTAIN	A	0	0	0
H5B-D-2-04#s100r065	16	0	0	0	0	ABSTAIN	A	0	0	0
H5B-D-2-05#s100r065	16	0	0	0	0	ABSTAIN	A	0	0	0
H5B-D-2-06#s100r065	16	0	0	0	0	ABSTAIN	A	0	0	0
H5B-D-2-07#s100r065	16	0	0	0	0	ABSTAIN	A	0	0	0
H5B-D-2-08#s100r065	16	0	0	0	0	ABSTAIN	A	0	0	0
H5B-D-2-09#s100r065	16	0	0	0	0	ABSTAIN	A	0	0	0
H5B-D-6-00#s100r065	16	0	0	0	0	ABSTAIN	A	0	0	0
H5B-D-6-01#s100r065	16	0	0	0	0	ABSTAIN	A	0	0	0
H5B-D-6-02#s100r065	16	0	0	0	0	ABSTAIN	A	0	0	0
H5B-D-6-03#s100r065	16	0	0	0	0	ABSTAIN	A	0	0	0
H5B-D-6-04#s100r065	16	0	0	0	0	ABSTAIN	A	0	0	0
H5B-D-6-05#s100r065	16	0	0	0	0	ABSTAIN	A	0	0	0
H5B-D-6-06#s100r065	16	0	0	0	0	ABSTAIN	A	0	0	0
H5B-D-6-07#s100r065	16	0	0	0	0	ABSTAIN	A	0	0	0
H5B-D-6-08#s100r065	16	0	0	0	0	ABSTAIN	A	0	0	0
H5B-D-6-09#s100r065	16	0	0	0	0	ABSTAIN	A	0	0	0
H5B-P-06-00#s100r066	16	0	0	0	0	ABSTAIN	A	0	0	0
H5B-P-06-01#s100r066	16	0	0	0	0	ABSTAIN	A	0	0	0
H5B-P-06-02#s100r066	16	0	0	0	0	ABSTAIN	A	0	0	0
H5B-P-06-03#s100r066	16	0	0	0	0	ABSTAIN	A	0	0	0
H5B-P-06-04#s100r066	16	0	0	0	0	ABSTAIN	A	0	0	0
H5B-P-06-05#s100r066	16	0	0	0	0	ABSTAIN	A	0	0	0
H5B-P-06-06#s100r066	16	0	0	0	0	ABSTAIN	A	0	0	0
H5B-P-06-07#s100r066	16	0	0	0	0	ABSTAIN	A	0	0	0
H5B-P-06-08#s100r066	16	0	0	0	0	ABSTAIN	A	0	0	0
H5B-P-06-09#s100r066	16	0	0	0	0	ABSTAIN	A	0	0	0
H5B-P-12-00#s100r066	16	0	0	0	0	ABSTAIN	A	0	0	0
H5B-P-12-01#s100r066	16	0	0	0	0	ABSTAIN	A	0	0	0
H5B-P-12-02#s100r066	16	0	0	0	0	ABSTAIN	A	0	0	0
H5B-P-12-03#s100r066	16	0	0	0	0	ABSTAIN	A	0	0	0
H5B-P-12-04#s100r066	16	0	0	0	0	ABSTAIN	A	0	0	0
H5B-P-12-05#s100r066	16	0	0	0	0	ABSTAIN	A	0	0	0
H5B-P-12-06#s100r066	16	0	0	0	0	ABSTAIN	A	0	0	0
H5B-P-12-07#s100r066	16	0	0	0	0	ABSTAIN	A	0	0	0
H5B-P-12-08#s100r066	16	0	0	0	0	ABSTAIN	A	0	0	0
H5B-P-12-09#s100r066	16	0	0	0	0	ABSTAIN	A	0	0	0
H5B-P-20-00#s100r066	16	0	0	0	0	RELEASE	0	0	0	0
H5B-P-20-01#s100r066	16	0	0	0	0	RELEASE	0	0	0	0
H5B-P-20-02#s100r066	16	0	0	0	0	RELEASE	0	0	0	0
H5B-P-20-03#s100r066	16	0	0	0	0	RELEASE	0	0	0	0
H5B-P-20-04#s100r066	16	0	0	0	0	RELEASE	0	0	0	0
H5B-P-20-05#s100r066	16	0	0	0	0	RELEASE	0	0	0	0
H5B-P-20-06#s100r066	16	0	0	0	0	RELEASE	0	0	0	0
H5B-P-20-07#s100r066	16	0	0	0	0	RELEASE	0	0	0	0
H5B-P-20-08#s100r066	16	0	0	0	0	RELEASE	0	0	0	0
H5B-P-20-09#s100r066	16	0	0	0	0	RELEASE	0	0	0	0
H5B-P-40-00#s100r066	16	0	0	0	0	RELEASE	0	0	0	0
H5B-P-40-01#s100r066	16	0	0	0	0	RELEASE	0	0	0	0
H5B-P-40-02#s100r066	16	0	0	0	0	RELEASE	0	0	0	0
H5B-P-40-03#s100r066	16	0	0	0	0	RELEASE	0	0	0	0
H5B-P-40-04#s100r066	16	0	0	0	0	RELEASE	0	0	0	0
H5B-P-40-05#s100r066	16	0	0	0	0	RELEASE	0	0	0	0
H5B-P-40-06#s100r066	16	0	0	0	0	RELEASE	0	0	0	0
H5B-P-40-07#s100r066	16	0	0	0	0	RELEASE	0	0	0	0
H5B-P-40-08#s100r066	16	0	0	0	0	RELEASE	0	0	0	0
H5B-P-40-09#s100r066	16	0	0	0	0	RELEASE	0	0	0	0
H5B-O-06-00#s100r066	16	0	0	0	0	ABSTAIN	A	0	0	0
H5B-O-06-01#s100r066	16	0	0	0	0	ABSTAIN	A	0	0	0
H5B-O-06-02#s100r066	16	0	0	0	0	ABSTAIN	A	0	0	0
H5B-O-06-03#s100r066	16	0	0	0	0	ABSTAIN	A	0	0	0
H5B-O-06-04#s100r066	16	0	0	0	0	ABSTAIN	A	0	0	0
H5B-O-06-05#s100r066	16	0	0	0	0	ABSTAIN	A	0	0	0
H5B-O-06-06#s100r066	16	0	0	0	0	ABSTAIN	A	0	0	0
H5B-O-06-07#s100r066	16	0	0	0	0	ABSTAIN	A	0	0	0
H5B-O-06-08#s100r066	16	0	0	0	0	ABSTAIN	A	0	0	0
H5B-O-06-09#s100r066	16	0	0	0	0	ABSTAIN	A	0	0	0
H5B-O-12-00#s100r066	16	0	0	0	0	ABSTAIN	A	0	0	0
H5B-O-12-01#s100r066	16	0	0	0	0	ABSTAIN	A	0	0	0
H5B-O-12-02#s100r066	16	0	0	0	0	ABSTAIN	A	0	0	0
H5B-O-12-03#s100r066	16	0	0	0	0	ABSTAIN	A	0	0	0
H5B-O-12-04#s100r066	16	0	0	0	0	ABSTAIN	A	0	0	0
H5B-O-12-05#s100r066	16	0	0	0	0	ABSTAIN	A	0	0	0
H5B-O-12-06#s100r066	16	0	0	0	0	ABSTAIN	A	0	0	0
H5B-O-12-07#s100r066	16	0	0	0	0	ABSTAIN	A	0	0	0
H5B-O-12-08#s100r066	16	0	0	0	0	ABSTAIN	A	0	0	0
H5B-O-12-09#s100r066	16	0	0	0	0	ABSTAIN	A	0	0	0
H5B-O-20-00#s100r066	16	0	0	0	0	RELEASE	1	652	0	0
H5B-O-20-01#s100r066	16	0	0	0	0	RELEASE	1	513	0	0
H5B-O-20-02#s100r066	16	0	0	0	0	RELEASE	1	652	0	0
H5B-O-20-03#s100r066	16	0	0	0	0	RELEASE	1	513	0	0
H5B-O-20-04#s100r066	16	0	0	0	0	RELEASE	1	652	0	0
H5B-O-20-05#s100r066	16	0	0	0	0	RELEASE	1	652	0	0
H5B-O-20-06#s100r066	16	0	0	0	0	RELEASE	1	514	0	0
H5B-O-20-07#s100r066	16	0	0	0	0	RELEASE	1	652	0	0
H5B-O-20-08#s100r066	16	0	0	0	0	RELEASE	1	514	0	0
H5B-O-20-09#s100r066	16	0	0	0	0	RELEASE	1	652	0	0
H5B-O-40-00#s100r066	16	0	0	0	0	RELEASE	1	651	0	0
H5B-O-40-01#s100r066	16	0	0	0	0	RELEASE	1	514	0	0
H5B-O-40-02#s100r066	16	0	0	0	0	RELEASE	1	651	0	0
H5B-O-40-03#s100r066	16	0	0	0	0	RELEASE	1	514	0	0
H5B-O-40-04#s100r066	16	0	0	0	0	RELEASE	1	651	0	0
H5B-O-40-05#s100r066	16	0	0	0	0	RELEASE	1	652	0	0
H5B-O-40-06#s100r066	16	0	0	0	0	RELEASE	1	515	0	0
H5B-O-40-07#s100r066	16	0	0	0	0	RELEASE	1	652	0	0
H5B-O-40-08#s100r066	16	0	0	0	0	RELEASE	1	515	0	0
H5B-O-40-09#s100r066	16	0	0	0	0	RELEASE	1	652	0	0
H5B-D-0-00#s100r066	16	0	0	0	0	RELEASE	1	660	0	0
H5B-D-0-01#s100r066	16	0	0	0	0	RELEASE	1	660	0	0
H5B-D-0-02#s100r066	16	0	0	0	0	RELEASE	1	660	0	0
H5B-D-0-03#s100r066	16	0	0	0	0	RELEASE	1	661	0	0
H5B-D-0-04#s100r066	16	0	0	0	0	RELEASE	1	661	0	0
H5B-D-0-05#s100r066	16	0	0	0	0	RELEASE	1	661	0	0
H5B-D-0-06#s100r066	16	0	0	0	0	RELEASE	1	661	0	0
H5B-D-0-07#s100r066	16	0	0	0	0	RELEASE	1	661	0	0
H5B-D-0-08#s100r066	16	0	0	0	0	RELEASE	1	661	0	0
H5B-D-0-09#s100r066	16	0	0	0	0	RELEASE	1	661	0	0
H5B-D-1-00#s100r066	16	0	0	0	0	ABSTAIN	A	0	0	0
H5B-D-1-01#s100r066	16	0	0	0	0	ABSTAIN	A	0	0	0
H5B-D-1-02#s100r066	16	0	0	0	0	ABSTAIN	A	0	0	0
H5B-D-1-03#s100r066	16	0	0	0	0	ABSTAIN	A	0	0	0
H5B-D-1-04#s100r066	16	0	0	0	0	ABSTAIN	A	0	0	0
H5B-D-1-05#s100r066	16	0	0	0	0	ABSTAIN	A	0	0	0
H5B-D-1-06#s100r066	16	0	0	0	0	ABSTAIN	A	0	0	0
H5B-D-1-07#s100r066	16	0	0	0	0	ABSTAIN	A	0	0	0
H5B-D-1-08#s100r066	16	0	0	0	0	ABSTAIN	A	0	0	0
H5B-D-1-09#s100r066	16	0	0	0	0	ABSTAIN	A	0	0	0
H5B-D-2-00#s100r066	16	0	0	0	0	ABSTAIN	A	0	0	0
H5B-D-2-01#s100r066	16	0	0	0	0	ABSTAIN	A	0	0	0
H5B-D-2-02#s100r066	16	0	0	0	0	ABSTAIN	A	0	0	0
H5B-D-2-03#s100r066	16	0	0	0	0	ABSTAIN	A	0	0	0
H5B-D-2-04#s100r066	16	0	0	0	0	ABSTAIN	A	0	0	0
H5B-D-2-05#s100r066	16	0	0	0	0	ABSTAIN	A	0	0	0
H5B-D-2-06#s100r066	16	0	0	0	0	ABSTAIN	A	0	0	0
H5B-D-2-07#s100r066	16	0	0	0	0	ABSTAIN	A	0	0	0
H5B-D-2-08#s100r066	16	0	0	0	0	ABSTAIN	A	0	0	0
H5B-D-2-09#s100r066	16	0	0	0	0	ABSTAIN	A	0	0	0
H5B-D-6-00#s100r066	16	0	0	0	0	ABSTAIN	A	0	0	0
H5B-D-6-01#s100r066	16	0	0	0	0	ABSTAIN	A	0	0	0
H5B-D-6-02#s100r066	16	0	0	0	0	ABSTAIN	A	0	0	0
H5B-D-6-03#s100r066	16	0	0	0	0	ABSTAIN	A	0	0	0
H5B-D-6-04#s100r066	16	0	0	0	0	ABSTAIN	A	0	0	0
H5B-D-6-05#s100r066	16	0	0	0	0	ABSTAIN	A	0	0	0
H5B-D-6-06#s100r066	16	0	0	0	0	ABSTAIN	A	0	0	0
H5B-D-6-07#s100r066	16	0	0	0	0	ABSTAIN	A	0	0	0
H5B-D-6-08#s100r066	16	0	0	0	0	ABSTAIN	A	0	0	0
H5B-D-6-09#s100r066	16	0	0	0	0	ABSTAIN	A	0	0	0
H5B-P-06-00#s100r067	16	0	0	0	0	ABSTAIN	A	0	0	0
H5B-P-06-01#s100r067	16	0	0	0	0	ABSTAIN	A	0	0	0
H5B-P-06-02#s100r067	16	0	0	0	0	ABSTAIN	A	0	0	0
H5B-P-06-03#s100r067	16	0	0	0	0	ABSTAIN	A	0	0	0
H5B-P-06-04#s100r067	16	0	0	0	0	ABSTAIN	A	0	0	0
H5B-P-06-05#s100r067	16	0	0	0	0	ABSTAIN	A	0	0	0
H5B-P-06-06#s100r067	16	0	0	0	0	ABSTAIN	A	0	0	0
H5B-P-06-07#s100r067	16	0	0	0	0	ABSTAIN	A	0	0	0
H5B-P-06-08#s100r067	16	0	0	0	0	ABSTAIN	A	0	0	0
H5B-P-06-09#s100r067	16	0	0	0	0	ABSTAIN	A	0	0	0
H5B-P-12-00#s100r067	16	0	0	0	0	ABSTAIN	A	0	0	0
H5B-P-12-01#s100r067	16	0	0	0	0	ABSTAIN	A	0	0	0
H5B-P-12-02#s100r067	16	0	0	0	0	ABSTAIN	A	0	0	0
H5B-P-12-03#s100r067	16	0	0	0	0	ABSTAIN	A	0	0	0
H5B-P-12-04#s100r067	16	0	0	0	0	ABSTAIN	A	0	0	0
H5B-P-12-05#s100r067	16	0	0	0	0	ABSTAIN	A	0	0	0
H5B-P-12-06#s100r067	16	0	0	0	0	ABSTAIN	A	0	0	0
H5B-P-12-07#s100r067	16	0	0	0	0	ABSTAIN	A	0	0	0
H5B-P-12-08#s100r067	16	0	0	0	0	ABSTAIN	A	0	0	0
H5B-P-12-09#s100r067	16	0	0	0	0	ABSTAIN	A	0	0	0
H5B-P-20-00#s100r067	16	0	0	0	0	RELEASE	0	0	0	0
H5B-P-20-01#s100r067	16	0	0	0	0	RELEASE	0	0	0	0
H5B-P-20-02#s100r067	16	0	0	0	0	RELEASE	0	0	0	0
H5B-P-20-03#s100r067	16	0	0	0	0	RELEASE	0	0	0	0
H5B-P-20-04#s100r067	16	0	0	0	0	RELEASE	0	0	0	0
H5B-P-20-05#s100r067	16	0	0	0	0	RELEASE	0	0	0	0
H5B-P-20-06#s100r067	16	0	0	0	0	RELEASE	0	0	0	0
H5B-P-20-07#s100r067	16	0	0	0	0	RELEASE	0	0	0	0
H5B-P-20-08#s100r067	16	0	0	0	0	RELEASE	0	0	0	0
H5B-P-20-09#s100r067	16	0	0	0	0	RELEASE	0	0	0	0
H5B-P-40-00#s100r067	16	0	0	0	0	RELEASE	0	0	0	0
H5B-P-40-01#s100r067	16	0	0	0	0	RELEASE	0	0	0	0
H5B-P-40-02#s100r067	16	0	0	0	0	RELEASE	0	0	0	0
H5B-P-40-03#s100r067	16	0	0	0	0	RELEASE	0	0	0	0
H5B-P-40-04#s100r067	16	0	0	0	0	RELEASE	0	0	0	0
H5B-P-40-05#s100r067	16	0	0	0	0	RELEASE	0	0	0	0
H5B-P-40-06#s100r067	16	0	0	0	0	RELEASE	0	0	0	0
H5B-P-40-07#s100r067	16	0	0	0	0	RELEASE	0	0	0	0
H5B-P-40-08#s100r067	16	0	0	0	0	RELEASE	0	0	0	0
H5B-P-40-09#s100r067	16	0	0	0	0	RELEASE	0	0	0	0
H5B-O-06-00#s100r067	16	0	0	0	0	ABSTAIN	A	0	0	0
H5B-O-06-01#s100r067	16	0	0	0	0	ABSTAIN	A	0	0	0
H5B-O-06-02#s100r067	16	0	0	0	0	ABSTAIN	A	0	0	0
H5B-O-06-03#s100r067	16	0	0	0	0	ABSTAIN	A	0	0	0
H5B-O-06-04#s100r067	16	0	0	0	0	ABSTAIN	A	0	0	0
H5B-O-06-05#s100r067	16	0	0	0	0	ABSTAIN	A	0	0	0
H5B-O-06-06#s100r067	16	0	0	0	0	ABSTAIN	A	0	0	0
H5B-O-06-07#s100r067	16	0	0	0	0	ABSTAIN	A	0	0	0
H5B-O-06-08#s100r067	16	0	0	0	0	ABSTAIN	A	0	0	0
H5B-O-06-09#s100r067	16	0	0	0	0	ABSTAIN	A	0	0	0
H5B-O-12-00#s100r067	16	0	0	0	0	ABSTAIN	A	0	0	0
H5B-O-12-01#s100r067	16	0	0	0	0	ABSTAIN	A	0	0	0
H5B-O-12-02#s100r067	16	0	0	0	0	ABSTAIN	A	0	0	0
H5B-O-12-03#s100r067	16	0	0	0	0	ABSTAIN	A	0	0	0
H5B-O-12-04#s100r067	16	0	0	0	0	ABSTAIN	A	0	0	0
H5B-O-12-05#s100r067	16	0	0	0	0	ABSTAIN	A	0	0	0
H5B-O-12-06#s100r067	16	0	0	0	0	ABSTAIN	A	0	0	0
H5B-O-12-07#s100r067	16	0	0	0	0	ABSTAIN	A	0	0	0
H5B-O-12-08#s100r067	16	0	0	0	0	ABSTAIN	A	0	0	0
H5B-O-12-09#s100r067	16	0	0	0	0	ABSTAIN	A	0	0	0
H5B-O-20-00#s100r067	16	0	0	0	0	RELEASE	1	652	0	0
H5B-O-20-01#s100r067	16	0	0	0	0	RELEASE	1	513	0	0
H5B-O-20-02#s100r067	16	0	0	0	0	RELEASE	1	652	0	0
H5B-O-20-03#s100r067	16	0	0	0	0	RELEASE	1	514	0	0
H5B-O-20-04#s100r067	16	0	0	0	0	RELEASE	1	652	0	0
H5B-O-20-05#s100r067	16	0	0	0	0	RELEASE	1	652	0	0
H5B-O-20-06#s100r067	16	0	0	0	0	RELEASE	1	514	0	0
H5B-O-20-07#s100r067	16	0	0	0	0	RELEASE	1	652	0	0
H5B-O-20-08#s100r067	16	0	0	0	0	RELEASE	1	514	0	0
H5B-O-20-09#s100r067	16	0	0	0	0	RELEASE	1	652	0	0
H5B-O-40-00#s100r067	16	0	0	0	0	RELEASE	1	651	0	0
H5B-O-40-01#s100r067	16	0	0	0	0	RELEASE	1	514	0	0
H5B-O-40-02#s100r067	16	0	0	0	0	RELEASE	1	651	0	0
H5B-O-40-03#s100r067	16	0	0	0	0	RELEASE	1	514	0	0
H5B-O-40-04#s100r067	16	0	0	0	0	RELEASE	1	651	0	0
H5B-O-40-05#s100r067	16	0	0	0	0	RELEASE	1	652	0	0
H5B-O-40-06#s100r067	16	0	0	0	0	RELEASE	1	515	0	0
H5B-O-40-07#s100r067	16	0	0	0	0	RELEASE	1	652	0	0
H5B-O-40-08#s100r067	16	0	0	0	0	RELEASE	1	515	0	0
H5B-O-40-09#s100r067	16	0	0	0	0	RELEASE	1	652	0	0
H5B-D-0-00#s100r067	16	0	0	0	0	RELEASE	1	660	0	0
H5B-D-0-01#s100r067	16	0	0	0	0	RELEASE	1	660	0	0
H5B-D-0-02#s100r067	16	0	0	0	0	RELEASE	1	660	0	0
H5B-D-0-03#s100r067	16	0	0	0	0	RELEASE	1	660	0	0
H5B-D-0-04#s100r067	16	0	0	0	0	RELEASE	1	661	0	0
H5B-D-0-05#s100r067	16	0	0	0	0	RELEASE	1	661	0	0
H5B-D-0-06#s100r067	16	0	0	0	0	RELEASE	1	661	0	0
H5B-D-0-07#s100r067	16	0	0	0	0	RELEASE	1	661	0	0
H5B-D-0-08#s100r067	16	0	0	0	0	RELEASE	1	661	0	0
H5B-D-0-09#s100r067	16	0	0	0	0	RELEASE	1	661	0	0
H5B-D-1-00#s100r067	16	0	0	0	0	ABSTAIN	A	0	0	0
H5B-D-1-01#s100r067	16	0	0	0	0	ABSTAIN	A	0	0	0
H5B-D-1-02#s100r067	16	0	0	0	0	ABSTAIN	A	0	0	0
H5B-D-1-03#s100r067	16	0	0	0	0	ABSTAIN	A	0	0	0
H5B-D-1-04#s100r067	16	0	0	0	0	ABSTAIN	A	0	0	0
H5B-D-1-05#s100r067	16	0	0	0	0	ABSTAIN	A	0	0	0
H5B-D-1-06#s100r067	16	0	0	0	0	ABSTAIN	A	0	0	0
H5B-D-1-07#s100r067	16	0	0	0	0	ABSTAIN	A	0	0	0
H5B-D-1-08#s100r067	16	0	0	0	0	ABSTAIN	A	0	0	0
H5B-D-1-09#s100r067	16	0	0	0	0	ABSTAIN	A	0	0	0
H5B-D-2-00#s100r067	16	0	0	0	0	ABSTAIN	A	0	0	0
H5B-D-2-01#s100r067	16	0	0	0	0	ABSTAIN	A	0	0	0
H5B-D-2-02#s100r067	16	0	0	0	0	ABSTAIN	A	0	0	0
H5B-D-2-03#s100r067	16	0	0	0	0	ABSTAIN	A	0	0	0
H5B-D-2-04#s100r067	16	0	0	0	0	ABSTAIN	A	0	0	0
H5B-D-2-05#s100r067	16	0	0	0	0	ABSTAIN	A	0	0	0
H5B-D-2-06#s100r067	16	0	0	0	0	ABSTAIN	A	0	0	0
H5B-D-2-07#s100r067	16	0	0	0	0	ABSTAIN	A	0	0	0
H5B-D-2-08#s100r067	16	0	0	0	0	ABSTAIN	A	0	0	0
H5B-D-2-09#s100r067	16	0	0	0	0	ABSTAIN	A	0	0	0
H5B-D-6-00#s100r067	16	0	0	0	0	ABSTAIN	A	0	0	0
H5B-D-6-01#s100r067	16	0	0	0	0	ABSTAIN	A	0	0	0
H5B-D-6-02#s100r067	16	0	0	0	0	ABSTAIN	A	0	0	0
H5B-D-6-03#s100r067	16	0	0	0	0	ABSTAIN	A	0	0	0
H5B-D-6-04#s100r067	16	0	0	0	0	ABSTAIN	A	0	0	0
H5B-D-6-05#s100r067	16	0	0	0	0	ABSTAIN	A	0	0	0
H5B-D-6-06#s100r067	16	0	0	0	0	ABSTAIN	A	0	0	0
H5B-D-6-07#s100r067	16	0	0	0	0	ABSTAIN	A	0	0	0
H5B-D-6-08#s100r067	16	0	0	0	0	ABSTAIN	A	0	0	0
H5B-D-6-09#s100r067	16	0	0	0	0	ABSTAIN	A	0	0	0
H5B-P-06-00#s100r068	16	0	0	0	0	ABSTAIN	A	0	0	0
H5B-P-06-01#s100r068	16	0	0	0	0	ABSTAIN	A	0	0	0
H5B-P-06-02#s100r068	16	0	0	0	0	ABSTAIN	A	0	0	0
H5B-P-06-03#s100r068	16	0	0	0	0	ABSTAIN	A	0	0	0
H5B-P-06-04#s100r068	16	0	0	0	0	ABSTAIN	A	0	0	0
H5B-P-06-05#s100r068	16	0	0	0	0	ABSTAIN	A	0	0	0
H5B-P-06-06#s100r068	16	0	0	0	0	ABSTAIN	A	0	0	0
H5B-P-06-07#s100r068	16	0	0	0	0	ABSTAIN	A	0	0	0
H5B-P-06-08#s100r068	16	0	0	0	0	ABSTAIN	A	0	0	0
H5B-P-06-09#s100r068	16	0	0	0	0	ABSTAIN	A	0	0	0
H5B-P-12-00#s100r068	16	0	0	0	0	ABSTAIN	A	0	0	0
H5B-P-12-01#s100r068	16	0	0	0	0	ABSTAIN	A	0	0	0
H5B-P-12-02#s100r068	16	0	0	0	0	ABSTAIN	A	0	0	0
H5B-P-12-03#s100r068	16	0	0	0	0	ABSTAIN	A	0	0	0
H5B-P-12-04#s100r068	16	0	0	0	0	ABSTAIN	A	0	0	0
H5B-P-12-05#s100r068	16	0	0	0	0	ABSTAIN	A	0	0	0
H5B-P-12-06#s100r068	16	0	0	0	0	ABSTAIN	A	0	0	0
H5B-P-12-07#s100r068	16	0	0	0	0	ABSTAIN	A	0	0	0
H5B-P-12-08#s100r068	16	0	0	0	0	ABSTAIN	A	0	0	0
H5B-P-12-09#s100r068	16	0	0	0	0	ABSTAIN	A	0	0	0
H5B-P-20-00#s100r068	16	0	0	0	0	RELEASE	0	0	0	0
H5B-P-20-01#s100r068	16	0	0	0	0	RELEASE	0	0	0	0
H5B-P-20-02#s100r068	16	0	0	0	0	RELEASE	0	0	0	0
H5B-P-20-03#s100r068	16	0	0	0	0	RELEASE	0	0	0	0
H5B-P-20-04#s100r068	16	0	0	0	0	RELEASE	0	0	0	0
H5B-P-20-05#s100r068	16	0	0	0	0	RELEASE	0	0	0	0
H5B-P-20-06#s100r068	16	0	0	0	0	RELEASE	0	0	0	0
H5B-P-20-07#s100r068	16	0	0	0	0	RELEASE	0	0	0	0
H5B-P-20-08#s100r068	16	0	0	0	0	RELEASE	0	0	0	0
H5B-P-20-09#s100r068	16	0	0	0	0	RELEASE	0	0	0	0
H5B-P-40-00#s100r068	16	0	0	0	0	RELEASE	0	0	0	0
H5B-P-40-01#s100r068	16	0	0	0	0	RELEASE	0	0	0	0
H5B-P-40-02#s100r068	16	0	0	0	0	RELEASE	0	0	0	0
H5B-P-40-03#s100r068	16	0	0	0	0	RELEASE	0	0	0	0
H5B-P-40-04#s100r068	16	0	0	0	0	RELEASE	0	0	0	0
H5B-P-40-05#s100r068	16	0	0	0	0	RELEASE	0	0	0	0
H5B-P-40-06#s100r068	16	0	0	0	0	RELEASE	0	0	0	0
H5B-P-40-07#s100r068	16	0	0	0	0	RELEASE	0	0	0	0
H5B-P-40-08#s100r068	16	0	0	0	0	RELEASE	0	0	0	0
H5B-P-40-09#s100r068	16	0	0	0	0	RELEASE	0	0	0	0
H5B-O-06-00#s100r068	16	0	0	0	0	ABSTAIN	A	0	0	0
H5B-O-06-01#s100r068	16	0	0	0	0	ABSTAIN	A	0	0	0
H5B-O-06-02#s100r068	16	0	0	0	0	ABSTAIN	A	0	0	0
H5B-O-06-03#s100r068	16	0	0	0	0	ABSTAIN	A	0	0	0
H5B-O-06-04#s100r068	16	0	0	0	0	ABSTAIN	A	0	0	0
H5B-O-06-05#s100r068	16	0	0	0	0	ABSTAIN	A	0	0	0
H5B-O-06-06#s100r068	16	0	0	0	0	ABSTAIN	A	0	0	0
H5B-O-06-07#s100r068	16	0	0	0	0	ABSTAIN	A	0	0	0
H5B-O-06-08#s100r068	16	0	0	0	0	ABSTAIN	A	0	0	0
H5B-O-06-09#s100r068	16	0	0	0	0	ABSTAIN	A	0	0	0
H5B-O-12-00#s100r068	16	0	0	0	0	ABSTAIN	A	0	0	0
H5B-O-12-01#s100r068	16	0	0	0	0	ABSTAIN	A	0	0	0
H5B-O-12-02#s100r068	16	0	0	0	0	ABSTAIN	A	0	0	0
H5B-O-12-03#s100r068	16	0	0	0	0	ABSTAIN	A	0	0	0
H5B-O-12-04#s100r068	16	0	0	0	0	ABSTAIN	A	0	0	0
H5B-O-12-05#s100r068	16	0	0	0	0	ABSTAIN	A	0	0	0
H5B-O-12-06#s100r068	16	0	0	0	0	ABSTAIN	A	0	0	0
H5B-O-12-07#s100r068	16	0	0	0	0	ABSTAIN	A	0	0	0
H5B-O-12-08#s100r068	16	0	0	0	0	ABSTAIN	A	0	0	0
H5B-O-12-09#s100r068	16	0	0	0	0	ABSTAIN	A	0	0	0
H5B-O-20-00#s100r068	16	0	0	0	0	RELEASE	1	652	0	0
H5B-O-20-01#s100r068	16	0	0	0	0	RELEASE	1	513	0	0
H5B-O-20-02#s100r068	16	0	0	0	0	RELEASE	1	652	0	0
H5B-O-20-03#s100r068	16	0	0	0	0	RELEASE	1	514	0	0
H5B-O-20-04#s100r068	16	0	0	0	0	RELEASE	1	652	0	0
H5B-O-20-05#s100r068	16	0	0	0	0	RELEASE	1	652	0	0
H5B-O-20-06#s100r068	16	0	0	0	0	RELEASE	1	514	0	0
H5B-O-20-07#s100r068	16	0	0	0	0	RELEASE	1	652	0	0
H5B-O-20-08#s100r068	16	0	0	0	0	RELEASE	1	514	0	0
H5B-O-20-09#s100r068	16	0	0	0	0	RELEASE	1	652	0	0
H5B-O-40-00#s100r068	16	0	0	0	0	RELEASE	1	651	0	0
H5B-O-40-01#s100r068	16	0	0	0	0	RELEASE	1	514	0	0
H5B-O-40-02#s100r068	16	0	0	0	0	RELEASE	1	651	0	0
H5B-O-40-03#s100r068	16	0	0	0	0	RELEASE	1	514	0	0
H5B-O-40-04#s100r068	16	0	0	0	0	RELEASE	1	651	0	0
H5B-O-40-05#s100r068	16	0	0	0	0	RELEASE	1	652	0	0
H5B-O-40-06#s100r068	16	0	0	0	0	RELEASE	1	515	0	0
H5B-O-40-07#s100r068	16	0	0	0	0	RELEASE	1	652	0	0
H5B-O-40-08#s100r068	16	0	0	0	0	RELEASE	1	515	0	0
H5B-O-40-09#s100r068	16	0	0	0	0	RELEASE	1	652	0	0
H5B-D-0-00#s100r068	16	0	0	0	0	RELEASE	1	660	0	0
H5B-D-0-01#s100r068	16	0	0	0	0	RELEASE	1	660	0	0
H5B-D-0-02#s100r068	16	0	0	0	0	RELEASE	1	660	0	0
H5B-D-0-03#s100r068	16	0	0	0	0	RELEASE	1	660	0	0
H5B-D-0-04#s100r068	16	0	0	0	0	RELEASE	1	661	0	0
H5B-D-0-05#s100r068	16	0	0	0	0	RELEASE	1	661	0	0
H5B-D-0-06#s100r068	16	0	0	0	0	RELEASE	1	661	0	0
H5B-D-0-07#s100r068	16	0	0	0	0	RELEASE	1	661	0	0
H5B-D-0-08#s100r068	16	0	0	0	0	RELEASE	1	661	0	0
H5B-D-0-09#s100r068	16	0	0	0	0	RELEASE	1	661	0	0
H5B-D-1-00#s100r068	16	0	0	0	0	ABSTAIN	A	0	0	0
H5B-D-1-01#s100r068	16	0	0	0	0	ABSTAIN	A	0	0	0
H5B-D-1-02#s100r068	16	0	0	0	0	ABSTAIN	A	0	0	0
H5B-D-1-03#s100r068	16	0	0	0	0	ABSTAIN	A	0	0	0
H5B-D-1-04#s100r068	16	0	0	0	0	ABSTAIN	A	0	0	0
H5B-D-1-05#s100r068	16	0	0	0	0	ABSTAIN	A	0	0	0
H5B-D-1-06#s100r068	16	0	0	0	0	ABSTAIN	A	0	0	0
H5B-D-1-07#s100r068	16	0	0	0	0	ABSTAIN	A	0	0	0
H5B-D-1-08#s100r068	16	0	0	0	0	ABSTAIN	A	0	0	0
H5B-D-1-09#s100r068	16	0	0	0	0	ABSTAIN	A	0	0	0
H5B-D-2-00#s100r068	16	0	0	0	0	ABSTAIN	A	0	0	0
H5B-D-2-01#s100r068	16	0	0	0	0	ABSTAIN	A	0	0	0
H5B-D-2-02#s100r068	16	0	0	0	0	ABSTAIN	A	0	0	0
H5B-D-2-03#s100r068	16	0	0	0	0	ABSTAIN	A	0	0	0
H5B-D-2-04#s100r068	16	0	0	0	0	ABSTAIN	A	0	0	0
H5B-D-2-05#s100r068	16	0	0	0	0	ABSTAIN	A	0	0	0
H5B-D-2-06#s100r068	16	0	0	0	0	ABSTAIN	A	0	0	0
H5B-D-2-07#s100r068	16	0	0	0	0	ABSTAIN	A	0	0	0
H5B-D-2-08#s100r068	16	0	0	0	0	ABSTAIN	A	0	0	0
H5B-D-2-09#s100r068	16	0	0	0	0	ABSTAIN	A	0	0	0
H5B-D-6-00#s100r068	16	0	0	0	0	ABSTAIN	A	0	0	0
H5B-D-6-01#s100r068	16	0	0	0	0	ABSTAIN	A	0	0	0
H5B-D-6-02#s100r068	16	0	0	0	0	ABSTAIN	A	0	0	0
H5B-D-6-03#s100r068	16	0	0	0	0	ABSTAIN	A	0	0	0
H5B-D-6-04#s100r068	16	0	0	0	0	ABSTAIN	A	0	0	0
H5B-D-6-05#s100r068	16	0	0	0	0	ABSTAIN	A	0	0	0
H5B-D-6-06#s100r068	16	0	0	0	0	ABSTAIN	A	0	0	0
H5B-D-6-07#s100r068	16	0	0	0	0	ABSTAIN	A	0	0	0
H5B-D-6-08#s100r068	16	0	0	0	0	ABSTAIN	A	0	0	0
H5B-D-6-09#s100r068	16	0	0	0	0	ABSTAIN	A	0	0	0
H5B-P-06-00#s100r069	16	0	0	0	0	ABSTAIN	A	0	0	0
H5B-P-06-01#s100r069	16	0	0	0	0	ABSTAIN	A	0	0	0
H5B-P-06-02#s100r069	16	0	0	0	0	ABSTAIN	A	0	0	0
H5B-P-06-03#s100r069	16	0	0	0	0	ABSTAIN	A	0	0	0
H5B-P-06-04#s100r069	16	0	0	0	0	ABSTAIN	A	0	0	0
H5B-P-06-05#s100r069	16	0	0	0	0	ABSTAIN	A	0	0	0
H5B-P-06-06#s100r069	16	0	0	0	0	ABSTAIN	A	0	0	0
H5B-P-06-07#s100r069	16	0	0	0	0	ABSTAIN	A	0	0	0
H5B-P-06-08#s100r069	16	0	0	0	0	ABSTAIN	A	0	0	0
H5B-P-06-09#s100r069	16	0	0	0	0	ABSTAIN	A	0	0	0
H5B-P-12-00#s100r069	16	0	0	0	0	ABSTAIN	A	0	0	0
H5B-P-12-01#s100r069	16	0	0	0	0	ABSTAIN	A	0	0	0
H5B-P-12-02#s100r069	16	0	0	0	0	ABSTAIN	A	0	0	0
H5B-P-12-03#s100r069	16	0	0	0	0	ABSTAIN	A	0	0	0
H5B-P-12-04#s100r069	16	0	0	0	0	ABSTAIN	A	0	0	0
H5B-P-12-05#s100r069	16	0	0	0	0	ABSTAIN	A	0	0	0
H5B-P-12-06#s100r069	16	0	0	0	0	ABSTAIN	A	0	0	0
H5B-P-12-07#s100r069	16	0	0	0	0	ABSTAIN	A	0	0	0
H5B-P-12-08#s100r069	16	0	0	0	0	ABSTAIN	A	0	0	0
H5B-P-12-09#s100r069	16	0	0	0	0	ABSTAIN	A	0	0	0
H5B-P-20-00#s100r069	16	0	0	0	0	RELEASE	0	0	0	0
H5B-P-20-01#s100r069	16	0	0	0	0	RELEASE	0	0	0	0
H5B-P-20-02#s100r069	16	0	0	0	0	RELEASE	0	0	0	0
H5B-P-20-03#s100r069	16	0	0	0	0	RELEASE	0	0	0	0
H5B-P-20-04#s100r069	16	0	0	0	0	RELEASE	0	0	0	0
H5B-P-20-05#s100r069	16	0	0	0	0	RELEASE	0	0	0	0
H5B-P-20-06#s100r069	16	0	0	0	0	RELEASE	0	0	0	0
H5B-P-20-07#s100r069	16	0	0	0	0	RELEASE	0	0	0	0
H5B-P-20-08#s100r069	16	0	0	0	0	RELEASE	0	0	0	0
H5B-P-20-09#s100r069	16	0	0	0	0	RELEASE	0	0	0	0
H5B-P-40-00#s100r069	16	0	0	0	0	RELEASE	0	0	0	0
H5B-P-40-01#s100r069	16	0	0	0	0	RELEASE	0	0	0	0
H5B-P-40-02#s100r069	16	0	0	0	0	RELEASE	0	0	0	0
H5B-P-40-03#s100r069	16	0	0	0	0	RELEASE	0	0	0	0
H5B-P-40-04#s100r069	16	0	0	0	0	RELEASE	0	0	0	0
H5B-P-40-05#s100r069	16	0	0	0	0	RELEASE	0	0	0	0
H5B-P-40-06#s100r069	16	0	0	0	0	RELEASE	0	0	0	0
H5B-P-40-07#s100r069	16	0	0	0	0	RELEASE	0	0	0	0
H5B-P-40-08#s100r069	16	0	0	0	0	RELEASE	0	0	0	0
H5B-P-40-09#s100r069	16	0	0	0	0	RELEASE	0	0	0	0
H5B-O-06-00#s100r069	16	0	0	0	0	ABSTAIN	A	0	0	0
H5B-O-06-01#s100r069	16	0	0	0	0	ABSTAIN	A	0	0	0
H5B-O-06-02#s100r069	16	0	0	0	0	ABSTAIN	A	0	0	0
H5B-O-06-03#s100r069	16	0	0	0	0	ABSTAIN	A	0	0	0
H5B-O-06-04#s100r069	16	0	0	0	0	ABSTAIN	A	0	0	0
H5B-O-06-05#s100r069	16	0	0	0	0	ABSTAIN	A	0	0	0
H5B-O-06-06#s100r069	16	0	0	0	0	ABSTAIN	A	0	0	0
H5B-O-06-07#s100r069	16	0	0	0	0	ABSTAIN	A	0	0	0
H5B-O-06-08#s100r069	16	0	0	0	0	ABSTAIN	A	0	0	0
H5B-O-06-09#s100r069	16	0	0	0	0	ABSTAIN	A	0	0	0
H5B-O-12-00#s100r069	16	0	0	0	0	ABSTAIN	A	0	0	0
H5B-O-12-01#s100r069	16	0	0	0	0	ABSTAIN	A	0	0	0
H5B-O-12-02#s100r069	16	0	0	0	0	ABSTAIN	A	0	0	0
H5B-O-12-03#s100r069	16	0	0	0	0	ABSTAIN	A	0	0	0
H5B-O-12-04#s100r069	16	0	0	0	0	ABSTAIN	A	0	0	0
H5B-O-12-05#s100r069	16	0	0	0	0	ABSTAIN	A	0	0	0
H5B-O-12-06#s100r069	16	0	0	0	0	ABSTAIN	A	0	0	0
H5B-O-12-07#s100r069	16	0	0	0	0	ABSTAIN	A	0	0	0
H5B-O-12-08#s100r069	16	0	0	0	0	ABSTAIN	A	0	0	0
H5B-O-12-09#s100r069	16	0	0	0	0	ABSTAIN	A	0	0	0
H5B-O-20-00#s100r069	16	0	0	0	0	RELEASE	1	652	0	0
H5B-O-20-01#s100r069	16	0	0	0	0	RELEASE	1	513	0	0
H5B-O-20-02#s100r069	16	0	0	0	0	RELEASE	1	652	0	0
H5B-O-20-03#s100r069	16	0	0	0	0	RELEASE	1	514	0	0
H5B-O-20-04#s100r069	16	0	0	0	0	RELEASE	1	652	0	0
H5B-O-20-05#s100r069	16	0	0	0	0	RELEASE	1	652	0	0
H5B-O-20-06#s100r069	16	0	0	0	0	RELEASE	1	514	0	0
H5B-O-20-07#s100r069	16	0	0	0	0	RELEASE	1	652	0	0
H5B-O-20-08#s100r069	16	0	0	0	0	RELEASE	1	514	0	0
H5B-O-20-09#s100r069	16	0	0	0	0	RELEASE	1	652	0	0
H5B-O-40-00#s100r069	16	0	0	0	0	RELEASE	1	651	0	0
H5B-O-40-01#s100r069	16	0	0	0	0	RELEASE	1	514	0	0
H5B-O-40-02#s100r069	16	0	0	0	0	RELEASE	1	651	0	0
H5B-O-40-03#s100r069	16	0	0	0	0	RELEASE	1	514	0	0
H5B-O-40-04#s100r069	16	0	0	0	0	RELEASE	1	651	0	0
H5B-O-40-05#s100r069	16	0	0	0	0	RELEASE	1	652	0	0
H5B-O-40-06#s100r069	16	0	0	0	0	RELEASE	1	515	0	0
H5B-O-40-07#s100r069	16	0	0	0	0	RELEASE	1	652	0	0
H5B-O-40-08#s100r069	16	0	0	0	0	RELEASE	1	515	0	0
H5B-O-40-09#s100r069	16	0	0	0	0	RELEASE	1	652	0	0
H5B-D-0-00#s100r069	16	0	0	0	0	RELEASE	1	660	0	0
H5B-D-0-01#s100r069	16	0	0	0	0	RELEASE	1	660	0	0
H5B-D-0-02#s100r069	16	0	0	0	0	RELEASE	1	660	0	0
H5B-D-0-03#s100r069	16	0	0	0	0	RELEASE	1	660	0	0
H5B-D-0-04#s100r069	16	0	0	0	0	RELEASE	1	661	0	0
H5B-D-0-05#s100r069	16	0	0	0	0	RELEASE	1	661	0	0
H5B-D-0-06#s100r069	16	0	0	0	0	RELEASE	1	661	0	0
H5B-D-0-07#s100r069	16	0	0	0	0	RELEASE	1	661	0	0
H5B-D-0-08#s100r069	16	0	0	0	0	RELEASE	1	661	0	0
H5B-D-0-09#s100r069	16	0	0	0	0	RELEASE	1	661	0	0
H5B-D-1-00#s100r069	16	0	0	0	0	ABSTAIN	A	0	0	0
H5B-D-1-01#s100r069	16	0	0	0	0	ABSTAIN	A	0	0	0
H5B-D-1-02#s100r069	16	0	0	0	0	ABSTAIN	A	0	0	0
H5B-D-1-03#s100r069	16	0	0	0	0	ABSTAIN	A	0	0	0
H5B-D-1-04#s100r069	16	0	0	0	0	ABSTAIN	A	0	0	0
H5B-D-1-05#s100r069	16	0	0	0	0	ABSTAIN	A	0	0	0
H5B-D-1-06#s100r069	16	0	0	0	0	ABSTAIN	A	0	0	0
H5B-D-1-07#s100r069	16	0	0	0	0	ABSTAIN	A	0	0	0
H5B-D-1-08#s100r069	16	0	0	0	0	ABSTAIN	A	0	0	0
H5B-D-1-09#s100r069	16	0	0	0	0	ABSTAIN	A	0	0	0
H5B-D-2-00#s100r069	16	0	0	0	0	ABSTAIN	A	0	0	0
H5B-D-2-01#s100r069	16	0	0	0	0	ABSTAIN	A	0	0	0
H5B-D-2-02#s100r069	16	0	0	0	0	ABSTAIN	A	0	0	0
H5B-D-2-03#s100r069	16	0	0	0	0	ABSTAIN	A	0	0	0
H5B-D-2-04#s100r069	16	0	0	0	0	ABSTAIN	A	0	0	0
H5B-D-2-05#s100r069	16	0	0	0	0	ABSTAIN	A	0	0	0
H5B-D-2-06#s100r069	16	0	0	0	0	ABSTAIN	A	0	0	0
H5B-D-2-07#s100r069	16	0	0	0	0	ABSTAIN	A	0	0	0
H5B-D-2-08#s100r069	16	0	0	0	0	ABSTAIN	A	0	0	0
H5B-D-2-09#s100r069	16	0	0	0	0	ABSTAIN	A	0	0	0
H5B-D-6-00#s100r069	16	0	0	0	0	ABSTAIN	A	0	0	0
H5B-D-6-01#s100r069	16	0	0	0	0	ABSTAIN	A	0	0	0
H5B-D-6-02#s100r069	16	0	0	0	0	ABSTAIN	A	0	0	0
H5B-D-6-03#s100r069	16	0	0	0	0	ABSTAIN	A	0	0	0
H5B-D-6-04#s100r069	16	0	0	0	0	ABSTAIN	A	0	0	0
H5B-D-6-05#s100r069	16	0	0	0	0	ABSTAIN	A	0	0	0
H5B-D-6-06#s100r069	16	0	0	0	0	ABSTAIN	A	0	0	0
H5B-D-6-07#s100r069	16	0	0	0	0	ABSTAIN	A	0	0	0
H5B-D-6-08#s100r069	16	0	0	0	0	ABSTAIN	A	0	0	0
H5B-D-6-09#s100r069	16	0	0	0	0	ABSTAIN	A	0	0	0
H5B-P-06-00#s100r070	16	0	0	0	0	ABSTAIN	A	0	0	0
H5B-P-06-01#s100r070	16	0	0	0	0	ABSTAIN	A	0	0	0
H5B-P-06-02#s100r070	16	0	0	0	0	ABSTAIN	A	0	0	0
H5B-P-06-03#s100r070	16	0	0	0	0	ABSTAIN	A	0	0	0
H5B-P-06-04#s100r070	16	0	0	0	0	ABSTAIN	A	0	0	0
H5B-P-06-05#s100r070	16	0	0	0	0	ABSTAIN	A	0	0	0
H5B-P-06-06#s100r070	16	0	0	0	0	ABSTAIN	A	0	0	0
H5B-P-06-07#s100r070	16	0	0	0	0	ABSTAIN	A	0	0	0
H5B-P-06-08#s100r070	16	0	0	0	0	ABSTAIN	A	0	0	0
H5B-P-06-09#s100r070	16	0	0	0	0	ABSTAIN	A	0	0	0
H5B-P-12-00#s100r070	16	0	0	0	0	ABSTAIN	A	0	0	0
H5B-P-12-01#s100r070	16	0	0	0	0	ABSTAIN	A	0	0	0
H5B-P-12-02#s100r070	16	0	0	0	0	ABSTAIN	A	0	0	0
H5B-P-12-03#s100r070	16	0	0	0	0	ABSTAIN	A	0	0	0
H5B-P-12-04#s100r070	16	0	0	0	0	ABSTAIN	A	0	0	0
H5B-P-12-05#s100r070	16	0	0	0	0	ABSTAIN	A	0	0	0
H5B-P-12-06#s100r070	16	0	0	0	0	ABSTAIN	A	0	0	0
H5B-P-12-07#s100r070	16	0	0	0	0	ABSTAIN	A	0	0	0
H5B-P-12-08#s100r070	16	0	0	0	0	ABSTAIN	A	0	0	0
H5B-P-12-09#s100r070	16	0	0	0	0	ABSTAIN	A	0	0	0
H5B-P-20-00#s100r070	16	0	0	0	0	RELEASE	0	0	0	0
H5B-P-20-01#s100r070	16	0	0	0	0	RELEASE	0	0	0	0
H5B-P-20-02#s100r070	16	0	0	0	0	RELEASE	0	0	0	0
H5B-P-20-03#s100r070	16	0	0	0	0	RELEASE	0	0	0	0
H5B-P-20-04#s100r070	16	0	0	0	0	RELEASE	0	0	0	0
H5B-P-20-05#s100r070	16	0	0	0	0	RELEASE	0	0	0	0
H5B-P-20-06#s100r070	16	0	0	0	0	RELEASE	0	0	0	0
H5B-P-20-07#s100r070	16	0	0	0	0	RELEASE	0	0	0	0
H5B-P-20-08#s100r070	16	0	0	0	0	RELEASE	0	0	0	0
H5B-P-20-09#s100r070	16	0	0	0	0	RELEASE	0	0	0	0
H5B-P-40-00#s100r070	16	0	0	0	0	RELEASE	0	0	0	0
H5B-P-40-01#s100r070	16	0	0	0	0	RELEASE	0	0	0	0
H5B-P-40-02#s100r070	16	0	0	0	0	RELEASE	0	0	0	0
H5B-P-40-03#s100r070	16	0	0	0	0	RELEASE	0	0	0	0
H5B-P-40-04#s100r070	16	0	0	0	0	RELEASE	0	0	0	0
H5B-P-40-05#s100r070	16	0	0	0	0	RELEASE	0	0	0	0
H5B-P-40-06#s100r070	16	0	0	0	0	RELEASE	0	0	0	0
H5B-P-40-07#s100r070	16	0	0	0	0	RELEASE	0	0	0	0
H5B-P-40-08#s100r070	16	0	0	0	0	RELEASE	0	0	0	0
H5B-P-40-09#s100r070	16	0	0	0	0	RELEASE	0	0	0	0
H5B-O-06-00#s100r070	16	0	0	0	0	ABSTAIN	A	0	0	0
H5B-O-06-01#s100r070	16	0	0	0	0	ABSTAIN	A	0	0	0
H5B-O-06-02#s100r070	16	0	0	0	0	ABSTAIN	A	0	0	0
H5B-O-06-03#s100r070	16	0	0	0	0	ABSTAIN	A	0	0	0
H5B-O-06-04#s100r070	16	0	0	0	0	ABSTAIN	A	0	0	0
H5B-O-06-05#s100r070	16	0	0	0	0	ABSTAIN	A	0	0	0
H5B-O-06-06#s100r070	16	0	0	0	0	ABSTAIN	A	0	0	0
H5B-O-06-07#s100r070	16	0	0	0	0	ABSTAIN	A	0	0	0
H5B-O-06-08#s100r070	16	0	0	0	0	ABSTAIN	A	0	0	0
H5B-O-06-09#s100r070	16	0	0	0	0	ABSTAIN	A	0	0	0
H5B-O-12-00#s100r070	16	0	0	0	0	ABSTAIN	A	0	0	0
H5B-O-12-01#s100r070	16	0	0	0	0	ABSTAIN	A	0	0	0
H5B-O-12-02#s100r070	16	0	0	0	0	ABSTAIN	A	0	0	0
H5B-O-12-03#s100r070	16	0	0	0	0	ABSTAIN	A	0	0	0
H5B-O-12-04#s100r070	16	0	0	0	0	ABSTAIN	A	0	0	0
H5B-O-12-05#s100r070	16	0	0	0	0	ABSTAIN	A	0	0	0
H5B-O-12-06#s100r070	16	0	0	0	0	ABSTAIN	A	0	0	0
H5B-O-12-07#s100r070	16	0	0	0	0	ABSTAIN	A	0	0	0
H5B-O-12-08#s100r070	16	0	0	0	0	ABSTAIN	A	0	0	0
H5B-O-12-09#s100r070	16	0	0	0	0	ABSTAIN	A	0	0	0
H5B-O-20-00#s100r070	16	0	0	0	0	RELEASE	1	652	0	0
H5B-O-20-01#s100r070	16	0	0	0	0	RELEASE	1	513	0	0
H5B-O-20-02#s100r070	16	0	0	0	0	RELEASE	1	652	0	0
H5B-O-20-03#s100r070	16	0	0	0	0	RELEASE	1	514	0	0
H5B-O-20-04#s100r070	16	0	0	0	0	RELEASE	1	652	0	0
H5B-O-20-05#s100r070	16	0	0	0	0	RELEASE	1	652	0	0
H5B-O-20-06#s100r070	16	0	0	0	0	RELEASE	1	514	0	0
H5B-O-20-07#s100r070	16	0	0	0	0	RELEASE	1	652	0	0
H5B-O-20-08#s100r070	16	0	0	0	0	RELEASE	1	514	0	0
H5B-O-20-09#s100r070	16	0	0	0	0	RELEASE	1	652	0	0
H5B-O-40-00#s100r070	16	0	0	0	0	RELEASE	1	651	0	0
H5B-O-40-01#s100r070	16	0	0	0	0	RELEASE	1	514	0	0
H5B-O-40-02#s100r070	16	0	0	0	0	RELEASE	1	651	0	0
H5B-O-40-03#s100r070	16	0	0	0	0	RELEASE	1	514	0	0
H5B-O-40-04#s100r070	16	0	0	0	0	RELEASE	1	651	0	0
H5B-O-40-05#s100r070	16	0	0	0	0	RELEASE	1	652	0	0
H5B-O-40-06#s100r070	16	0	0	0	0	RELEASE	1	515	0	0
H5B-O-40-07#s100r070	16	0	0	0	0	RELEASE	1	652	0	0
H5B-O-40-08#s100r070	16	0	0	0	0	RELEASE	1	515	0	0
H5B-O-40-09#s100r070	16	0	0	0	0	RELEASE	1	652	0	0
H5B-D-0-00#s100r070	16	0	0	0	0	RELEASE	1	660	0	0
H5B-D-0-01#s100r070	16	0	0	0	0	RELEASE	1	660	0	0
H5B-D-0-02#s100r070	16	0	0	0	0	RELEASE	1	660	0	0
H5B-D-0-03#s100r070	16	0	0	0	0	RELEASE	1	660	0	0
H5B-D-0-04#s100r070	16	0	0	0	0	RELEASE	1	660	0	0
H5B-D-0-05#s100r070	16	0	0	0	0	RELEASE	1	661	0	0
H5B-D-0-06#s100r070	16	0	0	0	0	RELEASE	1	661	0	0
H5B-D-0-07#s100r070	16	0	0	0	0	RELEASE	1	661	0	0
H5B-D-0-08#s100r070	16	0	0	0	0	RELEASE	1	661	0	0
H5B-D-0-09#s100r070	16	0	0	0	0	RELEASE	1	661	0	0
H5B-D-1-00#s100r070	16	0	0	0	0	ABSTAIN	A	0	0	0
H5B-D-1-01#s100r070	16	0	0	0	0	ABSTAIN	A	0	0	0
H5B-D-1-02#s100r070	16	0	0	0	0	ABSTAIN	A	0	0	0
H5B-D-1-03#s100r070	16	0	0	0	0	ABSTAIN	A	0	0	0
H5B-D-1-04#s100r070	16	0	0	0	0	ABSTAIN	A	0	0	0
H5B-D-1-05#s100r070	16	0	0	0	0	ABSTAIN	A	0	0	0
H5B-D-1-06#s100r070	16	0	0	0	0	ABSTAIN	A	0	0	0
H5B-D-1-07#s100r070	16	0	0	0	0	ABSTAIN	A	0	0	0
H5B-D-1-08#s100r070	16	0	0	0	0	ABSTAIN	A	0	0	0
H5B-D-1-09#s100r070	16	0	0	0	0	ABSTAIN	A	0	0	0
H5B-D-2-00#s100r070	16	0	0	0	0	ABSTAIN	A	0	0	0
H5B-D-2-01#s100r070	16	0	0	0	0	ABSTAIN	A	0	0	0
H5B-D-2-02#s100r070	16	0	0	0	0	ABSTAIN	A	0	0	0
H5B-D-2-03#s100r070	16	0	0	0	0	ABSTAIN	A	0	0	0
H5B-D-2-04#s100r070	16	0	0	0	0	ABSTAIN	A	0	0	0
H5B-D-2-05#s100r070	16	0	0	0	0	ABSTAIN	A	0	0	0
H5B-D-2-06#s100r070	16	0	0	0	0	ABSTAIN	A	0	0	0
H5B-D-2-07#s100r070	16	0	0	0	0	ABSTAIN	A	0	0	0
H5B-D-2-08#s100r070	16	0	0	0	0	ABSTAIN	A	0	0	0
H5B-D-2-09#s100r070	16	0	0	0	0	ABSTAIN	A	0	0	0
H5B-D-6-00#s100r070	16	0	0	0	0	ABSTAIN	A	0	0	0
H5B-D-6-01#s100r070	16	0	0	0	0	ABSTAIN	A	0	0	0
H5B-D-6-02#s100r070	16	0	0	0	0	ABSTAIN	A	0	0	0
H5B-D-6-03#s100r070	16	0	0	0	0	ABSTAIN	A	0	0	0
H5B-D-6-04#s100r070	16	0	0	0	0	ABSTAIN	A	0	0	0
H5B-D-6-05#s100r070	16	0	0	0	0	ABSTAIN	A	0	0	0
H5B-D-6-06#s100r070	16	0	0	0	0	ABSTAIN	A	0	0	0
H5B-D-6-07#s100r070	16	0	0	0	0	ABSTAIN	A	0	0	0
H5B-D-6-08#s100r070	16	0	0	0	0	ABSTAIN	A	0	0	0
H5B-D-6-09#s100r070	16	0	0	0	0	ABSTAIN	A	0	0	0
H5B-P-06-00#s100r071	16	0	0	0	0	ABSTAIN	A	0	0	0
H5B-P-06-01#s100r071	16	0	0	0	0	ABSTAIN	A	0	0	0
H5B-P-06-02#s100r071	16	0	0	0	0	ABSTAIN	A	0	0	0
H5B-P-06-03#s100r071	16	0	0	0	0	ABSTAIN	A	0	0	0
H5B-P-06-04#s100r071	16	0	0	0	0	ABSTAIN	A	0	0	0
H5B-P-06-05#s100r071	16	0	0	0	0	ABSTAIN	A	0	0	0
H5B-P-06-06#s100r071	16	0	0	0	0	ABSTAIN	A	0	0	0
H5B-P-06-07#s100r071	16	0	0	0	0	ABSTAIN	A	0	0	0
H5B-P-06-08#s100r071	16	0	0	0	0	ABSTAIN	A	0	0	0
H5B-P-06-09#s100r071	16	0	0	0	0	ABSTAIN	A	0	0	0
H5B-P-12-00#s100r071	16	0	0	0	0	ABSTAIN	A	0	0	0
H5B-P-12-01#s100r071	16	0	0	0	0	ABSTAIN	A	0	0	0
H5B-P-12-02#s100r071	16	0	0	0	0	ABSTAIN	A	0	0	0
H5B-P-12-03#s100r071	16	0	0	0	0	ABSTAIN	A	0	0	0
H5B-P-12-04#s100r071	16	0	0	0	0	ABSTAIN	A	0	0	0
H5B-P-12-05#s100r071	16	0	0	0	0	ABSTAIN	A	0	0	0
H5B-P-12-06#s100r071	16	0	0	0	0	ABSTAIN	A	0	0	0
H5B-P-12-07#s100r071	16	0	0	0	0	ABSTAIN	A	0	0	0
H5B-P-12-08#s100r071	16	0	0	0	0	ABSTAIN	A	0	0	0
H5B-P-12-09#s100r071	16	0	0	0	0	ABSTAIN	A	0	0	0
H5B-P-20-00#s100r071	16	0	0	0	0	RELEASE	0	0	0	0
H5B-P-20-01#s100r071	16	0	0	0	0	RELEASE	0	0	0	0
H5B-P-20-02#s100r071	16	0	0	0	0	RELEASE	0	0	0	0
H5B-P-20-03#s100r071	16	0	0	0	0	RELEASE	0	0	0	0
H5B-P-20-04#s100r071	16	0	0	0	0	RELEASE	0	0	0	0
H5B-P-20-05#s100r071	16	0	0	0	0	RELEASE	0	0	0	0
H5B-P-20-06#s100r071	16	0	0	0	0	RELEASE	0	0	0	0
H5B-P-20-07#s100r071	16	0	0	0	0	RELEASE	0	0	0	0
H5B-P-20-08#s100r071	16	0	0	0	0	RELEASE	0	0	0	0
H5B-P-20-09#s100r071	16	0	0	0	0	RELEASE	0	0	0	0
H5B-P-40-00#s100r071	16	0	0	0	0	RELEASE	0	0	0	0
H5B-P-40-01#s100r071	16	0	0	0	0	RELEASE	0	0	0	0
H5B-P-40-02#s100r071	16	0	0	0	0	RELEASE	0	0	0	0
H5B-P-40-03#s100r071	16	0	0	0	0	RELEASE	0	0	0	0
H5B-P-40-04#s100r071	16	0	0	0	0	RELEASE	0	0	0	0
H5B-P-40-05#s100r071	16	0	0	0	0	RELEASE	0	0	0	0
H5B-P-40-06#s100r071	16	0	0	0	0	RELEASE	0	0	0	0
H5B-P-40-07#s100r071	16	0	0	0	0	RELEASE	0	0	0	0
H5B-P-40-08#s100r071	16	0	0	0	0	RELEASE	0	0	0	0
H5B-P-40-09#s100r071	16	0	0	0	0	RELEASE	0	0	0	0
H5B-O-06-00#s100r071	16	0	0	0	0	ABSTAIN	A	0	0	0
H5B-O-06-01#s100r071	16	0	0	0	0	ABSTAIN	A	0	0	0
H5B-O-06-02#s100r071	16	0	0	0	0	ABSTAIN	A	0	0	0
H5B-O-06-03#s100r071	16	0	0	0	0	ABSTAIN	A	0	0	0
H5B-O-06-04#s100r071	16	0	0	0	0	ABSTAIN	A	0	0	0
H5B-O-06-05#s100r071	16	0	0	0	0	ABSTAIN	A	0	0	0
H5B-O-06-06#s100r071	16	0	0	0	0	ABSTAIN	A	0	0	0
H5B-O-06-07#s100r071	16	0	0	0	0	ABSTAIN	A	0	0	0
H5B-O-06-08#s100r071	16	0	0	0	0	ABSTAIN	A	0	0	0
H5B-O-06-09#s100r071	16	0	0	0	0	ABSTAIN	A	0	0	0
H5B-O-12-00#s100r071	16	0	0	0	0	ABSTAIN	A	0	0	0
H5B-O-12-01#s100r071	16	0	0	0	0	ABSTAIN	A	0	0	0
H5B-O-12-02#s100r071	16	0	0	0	0	ABSTAIN	A	0	0	0
H5B-O-12-03#s100r071	16	0	0	0	0	ABSTAIN	A	0	0	0
H5B-O-12-04#s100r071	16	0	0	0	0	ABSTAIN	A	0	0	0
H5B-O-12-05#s100r071	16	0	0	0	0	ABSTAIN	A	0	0	0
H5B-O-12-06#s100r071	16	0	0	0	0	ABSTAIN	A	0	0	0
H5B-O-12-07#s100r071	16	0	0	0	0	ABSTAIN	A	0	0	0
H5B-O-12-08#s100r071	16	0	0	0	0	ABSTAIN	A	0	0	0
H5B-O-12-09#s100r071	16	0	0	0	0	ABSTAIN	A	0	0	0
H5B-O-20-00#s100r071	16	0	0	0	0	RELEASE	1	652	0	0
H5B-O-20-01#s100r071	16	0	0	0	0	RELEASE	1	513	0	0
H5B-O-20-02#s100r071	16	0	0	0	0	RELEASE	1	652	0	0
H5B-O-20-03#s100r071	16	0	0	0	0	RELEASE	1	514	0	0
H5B-O-20-04#s100r071	16	0	0	0	0	RELEASE	1	652	0	0
H5B-O-20-05#s100r071	16	0	0	0	0	RELEASE	1	652	0	0
H5B-O-20-06#s100r071	16	0	0	0	0	RELEASE	1	514	0	0
H5B-O-20-07#s100r071	16	0	0	0	0	RELEASE	1	652	0	0
H5B-O-20-08#s100r071	16	0	0	0	0	RELEASE	1	514	0	0
H5B-O-20-09#s100r071	16	0	0	0	0	RELEASE	1	652	0	0
H5B-O-40-00#s100r071	16	0	0	0	0	RELEASE	1	651	0	0
H5B-O-40-01#s100r071	16	0	0	0	0	RELEASE	1	514	0	0
H5B-O-40-02#s100r071	16	0	0	0	0	RELEASE	1	651	0	0
H5B-O-40-03#s100r071	16	0	0	0	0	RELEASE	1	514	0	0
H5B-O-40-04#s100r071	16	0	0	0	0	RELEASE	1	651	0	0
H5B-O-40-05#s100r071	16	0	0	0	0	RELEASE	1	652	0	0
H5B-O-40-06#s100r071	16	0	0	0	0	RELEASE	1	515	0	0
H5B-O-40-07#s100r071	16	0	0	0	0	RELEASE	1	652	0	0
H5B-O-40-08#s100r071	16	0	0	0	0	RELEASE	1	515	0	0
H5B-O-40-09#s100r071	16	0	0	0	0	RELEASE	1	652	0	0
H5B-D-0-00#s100r071	16	0	0	0	0	RELEASE	1	660	0	0
H5B-D-0-01#s100r071	16	0	0	0	0	RELEASE	1	660	0	0
H5B-D-0-02#s100r071	16	0	0	0	0	RELEASE	1	660	0	0
H5B-D-0-03#s100r071	16	0	0	0	0	RELEASE	1	660	0	0
H5B-D-0-04#s100r071	16	0	0	0	0	RELEASE	1	660	0	0
H5B-D-0-05#s100r071	16	0	0	0	0	RELEASE	1	661	0	0
H5B-D-0-06#s100r071	16	0	0	0	0	RELEASE	1	661	0	0
H5B-D-0-07#s100r071	16	0	0	0	0	RELEASE	1	661	0	0
H5B-D-0-08#s100r071	16	0	0	0	0	RELEASE	1	661	0	0
H5B-D-0-09#s100r071	16	0	0	0	0	RELEASE	1	661	0	0
H5B-D-1-00#s100r071	16	0	0	0	0	ABSTAIN	A	0	0	0
H5B-D-1-01#s100r071	16	0	0	0	0	ABSTAIN	A	0	0	0
H5B-D-1-02#s100r071	16	0	0	0	0	ABSTAIN	A	0	0	0
H5B-D-1-03#s100r071	16	0	0	0	0	ABSTAIN	A	0	0	0
H5B-D-1-04#s100r071	16	0	0	0	0	ABSTAIN	A	0	0	0
H5B-D-1-05#s100r071	16	0	0	0	0	ABSTAIN	A	0	0	0
H5B-D-1-06#s100r071	16	0	0	0	0	ABSTAIN	A	0	0	0
H5B-D-1-07#s100r071	16	0	0	0	0	ABSTAIN	A	0	0	0
H5B-D-1-08#s100r071	16	0	0	0	0	ABSTAIN	A	0	0	0
H5B-D-1-09#s100r071	16	0	0	0	0	ABSTAIN	A	0	0	0
H5B-D-2-00#s100r071	16	0	0	0	0	ABSTAIN	A	0	0	0
H5B-D-2-01#s100r071	16	0	0	0	0	ABSTAIN	A	0	0	0
H5B-D-2-02#s100r071	16	0	0	0	0	ABSTAIN	A	0	0	0
H5B-D-2-03#s100r071	16	0	0	0	0	ABSTAIN	A	0	0	0
H5B-D-2-04#s100r071	16	0	0	0	0	ABSTAIN	A	0	0	0
H5B-D-2-05#s100r071	16	0	0	0	0	ABSTAIN	A	0	0	0
H5B-D-2-06#s100r071	16	0	0	0	0	ABSTAIN	A	0	0	0
H5B-D-2-07#s100r071	16	0	0	0	0	ABSTAIN	A	0	0	0
H5B-D-2-08#s100r071	16	0	0	0	0	ABSTAIN	A	0	0	0
H5B-D-2-09#s100r071	16	0	0	0	0	ABSTAIN	A	0	0	0
H5B-D-6-00#s100r071	16	0	0	0	0	ABSTAIN	A	0	0	0
H5B-D-6-01#s100r071	16	0	0	0	0	ABSTAIN	A	0	0	0
H5B-D-6-02#s100r071	16	0	0	0	0	ABSTAIN	A	0	0	0
H5B-D-6-03#s100r071	16	0	0	0	0	ABSTAIN	A	0	0	0
H5B-D-6-04#s100r071	16	0	0	0	0	ABSTAIN	A	0	0	0
H5B-D-6-05#s100r071	16	0	0	0	0	ABSTAIN	A	0	0	0
H5B-D-6-06#s100r071	16	0	0	0	0	ABSTAIN	A	0	0	0
H5B-D-6-07#s100r071	16	0	0	0	0	ABSTAIN	A	0	0	0
H5B-D-6-08#s100r071	16	0	0	0	0	ABSTAIN	A	0	0	0
H5B-D-6-09#s100r071	16	0	0	0	0	ABSTAIN	A	0	0	0
H5B-P-06-00#s100r072	16	0	0	0	0	ABSTAIN	A	0	0	0
H5B-P-06-01#s100r072	16	0	0	0	0	ABSTAIN	A	0	0	0
H5B-P-06-02#s100r072	16	0	0	0	0	ABSTAIN	A	0	0	0
H5B-P-06-03#s100r072	16	0	0	0	0	ABSTAIN	A	0	0	0
H5B-P-06-04#s100r072	16	0	0	0	0	ABSTAIN	A	0	0	0
H5B-P-06-05#s100r072	16	0	0	0	0	ABSTAIN	A	0	0	0
H5B-P-06-06#s100r072	16	0	0	0	0	ABSTAIN	A	0	0	0
H5B-P-06-07#s100r072	16	0	0	0	0	ABSTAIN	A	0	0	0
H5B-P-06-08#s100r072	16	0	0	0	0	ABSTAIN	A	0	0	0
H5B-P-06-09#s100r072	16	0	0	0	0	ABSTAIN	A	0	0	0
H5B-P-12-00#s100r072	16	0	0	0	0	ABSTAIN	A	0	0	0
H5B-P-12-01#s100r072	16	0	0	0	0	ABSTAIN	A	0	0	0
H5B-P-12-02#s100r072	16	0	0	0	0	ABSTAIN	A	0	0	0
H5B-P-12-03#s100r072	16	0	0	0	0	ABSTAIN	A	0	0	0
H5B-P-12-04#s100r072	16	0	0	0	0	ABSTAIN	A	0	0	0
H5B-P-12-05#s100r072	16	0	0	0	0	ABSTAIN	A	0	0	0
H5B-P-12-06#s100r072	16	0	0	0	0	ABSTAIN	A	0	0	0
H5B-P-12-07#s100r072	16	0	0	0	0	ABSTAIN	A	0	0	0
H5B-P-12-08#s100r072	16	0	0	0	0	ABSTAIN	A	0	0	0
H5B-P-12-09#s100r072	16	0	0	0	0	ABSTAIN	A	0	0	0
H5B-P-20-00#s100r072	16	0	0	0	0	RELEASE	0	0	0	0
H5B-P-20-01#s100r072	16	0	0	0	0	RELEASE	0	0	0	0
H5B-P-20-02#s100r072	16	0	0	0	0	RELEASE	0	0	0	0
H5B-P-20-03#s100r072	16	0	0	0	0	RELEASE	0	0	0	0
H5B-P-20-04#s100r072	16	0	0	0	0	RELEASE	0	0	0	0
H5B-P-20-05#s100r072	16	0	0	0	0	RELEASE	0	0	0	0
H5B-P-20-06#s100r072	16	0	0	0	0	RELEASE	0	0	0	0
H5B-P-20-07#s100r072	16	0	0	0	0	RELEASE	0	0	0	0
H5B-P-20-08#s100r072	16	0	0	0	0	RELEASE	0	0	0	0
H5B-P-20-09#s100r072	16	0	0	0	0	RELEASE	0	0	0	0
H5B-P-40-00#s100r072	16	0	0	0	0	RELEASE	0	0	0	0
H5B-P-40-01#s100r072	16	0	0	0	0	RELEASE	0	0	0	0
H5B-P-40-02#s100r072	16	0	0	0	0	RELEASE	0	0	0	0
H5B-P-40-03#s100r072	16	0	0	0	0	RELEASE	0	0	0	0
H5B-P-40-04#s100r072	16	0	0	0	0	RELEASE	0	0	0	0
H5B-P-40-05#s100r072	16	0	0	0	0	RELEASE	0	0	0	0
H5B-P-40-06#s100r072	16	0	0	0	0	RELEASE	0	0	0	0
H5B-P-40-07#s100r072	16	0	0	0	0	RELEASE	0	0	0	0
H5B-P-40-08#s100r072	16	0	0	0	0	RELEASE	0	0	0	0
H5B-P-40-09#s100r072	16	0	0	0	0	RELEASE	0	0	0	0
H5B-O-06-00#s100r072	16	0	0	0	0	ABSTAIN	A	0	0	0
H5B-O-06-01#s100r072	16	0	0	0	0	ABSTAIN	A	0	0	0
H5B-O-06-02#s100r072	16	0	0	0	0	ABSTAIN	A	0	0	0
H5B-O-06-03#s100r072	16	0	0	0	0	ABSTAIN	A	0	0	0
H5B-O-06-04#s100r072	16	0	0	0	0	ABSTAIN	A	0	0	0
H5B-O-06-05#s100r072	16	0	0	0	0	ABSTAIN	A	0	0	0
H5B-O-06-06#s100r072	16	0	0	0	0	ABSTAIN	A	0	0	0
H5B-O-06-07#s100r072	16	0	0	0	0	ABSTAIN	A	0	0	0
H5B-O-06-08#s100r072	16	0	0	0	0	ABSTAIN	A	0	0	0
H5B-O-06-09#s100r072	16	0	0	0	0	ABSTAIN	A	0	0	0
H5B-O-12-00#s100r072	16	0	0	0	0	ABSTAIN	A	0	0	0
H5B-O-12-01#s100r072	16	0	0	0	0	ABSTAIN	A	0	0	0
H5B-O-12-02#s100r072	16	0	0	0	0	ABSTAIN	A	0	0	0
H5B-O-12-03#s100r072	16	0	0	0	0	ABSTAIN	A	0	0	0
H5B-O-12-04#s100r072	16	0	0	0	0	ABSTAIN	A	0	0	0
H5B-O-12-05#s100r072	16	0	0	0	0	ABSTAIN	A	0	0	0
H5B-O-12-06#s100r072	16	0	0	0	0	ABSTAIN	A	0	0	0
H5B-O-12-07#s100r072	16	0	0	0	0	ABSTAIN	A	0	0	0
H5B-O-12-08#s100r072	16	0	0	0	0	ABSTAIN	A	0	0	0
H5B-O-12-09#s100r072	16	0	0	0	0	ABSTAIN	A	0	0	0
H5B-O-20-00#s100r072	16	0	0	0	0	RELEASE	1	652	0	0
H5B-O-20-01#s100r072	16	0	0	0	0	RELEASE	1	513	0	0
H5B-O-20-02#s100r072	16	0	0	0	0	RELEASE	1	652	0	0
H5B-O-20-03#s100r072	16	0	0	0	0	RELEASE	1	514	0	0
H5B-O-20-04#s100r072	16	0	0	0	0	RELEASE	1	652	0	0
H5B-O-20-05#s100r072	16	0	0	0	0	RELEASE	1	652	0	0
H5B-O-20-06#s100r072	16	0	0	0	0	RELEASE	1	514	0	0
H5B-O-20-07#s100r072	16	0	0	0	0	RELEASE	1	652	0	0
H5B-O-20-08#s100r072	16	0	0	0	0	RELEASE	1	514	0	0
H5B-O-20-09#s100r072	16	0	0	0	0	RELEASE	1	652	0	0
H5B-O-40-00#s100r072	16	0	0	0	0	RELEASE	1	651	0	0
H5B-O-40-01#s100r072	16	0	0	0	0	RELEASE	1	514	0	0
H5B-O-40-02#s100r072	16	0	0	0	0	RELEASE	1	651	0	0
H5B-O-40-03#s100r072	16	0	0	0	0	RELEASE	1	514	0	0
H5B-O-40-04#s100r072	16	0	0	0	0	RELEASE	1	651	0	0
H5B-O-40-05#s100r072	16	0	0	0	0	RELEASE	1	652	0	0
H5B-O-40-06#s100r072	16	0	0	0	0	RELEASE	1	515	0	0
H5B-O-40-07#s100r072	16	0	0	0	0	RELEASE	1	652	0	0
H5B-O-40-08#s100r072	16	0	0	0	0	RELEASE	1	515	0	0
H5B-O-40-09#s100r072	16	0	0	0	0	RELEASE	1	652	0	0
H5B-D-0-00#s100r072	16	0	0	0	0	RELEASE	1	660	0	0
H5B-D-0-01#s100r072	16	0	0	0	0	RELEASE	1	660	0	0
H5B-D-0-02#s100r072	16	0	0	0	0	RELEASE	1	660	0	0
H5B-D-0-03#s100r072	16	0	0	0	0	RELEASE	1	660	0	0
H5B-D-0-04#s100r072	16	0	0	0	0	RELEASE	1	660	0	0
H5B-D-0-05#s100r072	16	0	0	0	0	RELEASE	1	660	0	0
H5B-D-0-06#s100r072	16	0	0	0	0	RELEASE	1	661	0	0
H5B-D-0-07#s100r072	16	0	0	0	0	RELEASE	1	661	0	0
H5B-D-0-08#s100r072	16	0	0	0	0	RELEASE	1	661	0	0
H5B-D-0-09#s100r072	16	0	0	0	0	RELEASE	1	661	0	0
H5B-D-1-00#s100r072	16	0	0	0	0	ABSTAIN	A	0	0	0
H5B-D-1-01#s100r072	16	0	0	0	0	ABSTAIN	A	0	0	0
H5B-D-1-02#s100r072	16	0	0	0	0	ABSTAIN	A	0	0	0
H5B-D-1-03#s100r072	16	0	0	0	0	ABSTAIN	A	0	0	0
H5B-D-1-04#s100r072	16	0	0	0	0	ABSTAIN	A	0	0	0
H5B-D-1-05#s100r072	16	0	0	0	0	ABSTAIN	A	0	0	0
H5B-D-1-06#s100r072	16	0	0	0	0	ABSTAIN	A	0	0	0
H5B-D-1-07#s100r072	16	0	0	0	0	ABSTAIN	A	0	0	0
H5B-D-1-08#s100r072	16	0	0	0	0	ABSTAIN	A	0	0	0
H5B-D-1-09#s100r072	16	0	0	0	0	ABSTAIN	A	0	0	0
H5B-D-2-00#s100r072	16	0	0	0	0	ABSTAIN	A	0	0	0
H5B-D-2-01#s100r072	16	0	0	0	0	ABSTAIN	A	0	0	0
H5B-D-2-02#s100r072	16	0	0	0	0	ABSTAIN	A	0	0	0
H5B-D-2-03#s100r072	16	0	0	0	0	ABSTAIN	A	0	0	0
H5B-D-2-04#s100r072	16	0	0	0	0	ABSTAIN	A	0	0	0
H5B-D-2-05#s100r072	16	0	0	0	0	ABSTAIN	A	0	0	0
H5B-D-2-06#s100r072	16	0	0	0	0	ABSTAIN	A	0	0	0
H5B-D-2-07#s100r072	16	0	0	0	0	ABSTAIN	A	0	0	0
H5B-D-2-08#s100r072	16	0	0	0	0	ABSTAIN	A	0	0	0
H5B-D-2-09#s100r072	16	0	0	0	0	ABSTAIN	A	0	0	0
H5B-D-6-00#s100r072	16	0	0	0	0	ABSTAIN	A	0	0	0
H5B-D-6-01#s100r072	16	0	0	0	0	ABSTAIN	A	0	0	0
H5B-D-6-02#s100r072	16	0	0	0	0	ABSTAIN	A	0	0	0
H5B-D-6-03#s100r072	16	0	0	0	0	ABSTAIN	A	0	0	0
H5B-D-6-04#s100r072	16	0	0	0	0	ABSTAIN	A	0	0	0
H5B-D-6-05#s100r072	16	0	0	0	0	ABSTAIN	A	0	0	0
H5B-D-6-06#s100r072	16	0	0	0	0	ABSTAIN	A	0	0	0
H5B-D-6-07#s100r072	16	0	0	0	0	ABSTAIN	A	0	0	0
H5B-D-6-08#s100r072	16	0	0	0	0	ABSTAIN	A	0	0	0
H5B-D-6-09#s100r072	16	0	0	0	0	ABSTAIN	A	0	0	0
H5B-P-06-00#s100r073	16	0	0	0	0	ABSTAIN	A	0	0	0
H5B-P-06-01#s100r073	16	0	0	0	0	ABSTAIN	A	0	0	0
H5B-P-06-02#s100r073	16	0	0	0	0	ABSTAIN	A	0	0	0
H5B-P-06-03#s100r073	16	0	0	0	0	ABSTAIN	A	0	0	0
H5B-P-06-04#s100r073	16	0	0	0	0	ABSTAIN	A	0	0	0
H5B-P-06-05#s100r073	16	0	0	0	0	ABSTAIN	A	0	0	0
H5B-P-06-06#s100r073	16	0	0	0	0	ABSTAIN	A	0	0	0
H5B-P-06-07#s100r073	16	0	0	0	0	ABSTAIN	A	0	0	0
H5B-P-06-08#s100r073	16	0	0	0	0	ABSTAIN	A	0	0	0
H5B-P-06-09#s100r073	16	0	0	0	0	ABSTAIN	A	0	0	0
H5B-P-12-00#s100r073	16	0	0	0	0	ABSTAIN	A	0	0	0
H5B-P-12-01#s100r073	16	0	0	0	0	ABSTAIN	A	0	0	0
H5B-P-12-02#s100r073	16	0	0	0	0	ABSTAIN	A	0	0	0
H5B-P-12-03#s100r073	16	0	0	0	0	ABSTAIN	A	0	0	0
H5B-P-12-04#s100r073	16	0	0	0	0	ABSTAIN	A	0	0	0
H5B-P-12-05#s100r073	16	0	0	0	0	ABSTAIN	A	0	0	0
H5B-P-12-06#s100r073	16	0	0	0	0	ABSTAIN	A	0	0	0
H5B-P-12-07#s100r073	16	0	0	0	0	ABSTAIN	A	0	0	0
H5B-P-12-08#s100r073	16	0	0	0	0	ABSTAIN	A	0	0	0
H5B-P-12-09#s100r073	16	0	0	0	0	ABSTAIN	A	0	0	0
H5B-P-20-00#s100r073	16	0	0	0	0	RELEASE	0	0	0	0
H5B-P-20-01#s100r073	16	0	0	0	0	RELEASE	0	0	0	0
H5B-P-20-02#s100r073	16	0	0	0	0	RELEASE	0	0	0	0
H5B-P-20-03#s100r073	16	0	0	0	0	RELEASE	0	0	0	0
H5B-P-20-04#s100r073	16	0	0	0	0	RELEASE	0	0	0	0
H5B-P-20-05#s100r073	16	0	0	0	0	RELEASE	0	0	0	0
H5B-P-20-06#s100r073	16	0	0	0	0	RELEASE	0	0	0	0
H5B-P-20-07#s100r073	16	0	0	0	0	RELEASE	0	0	0	0
H5B-P-20-08#s100r073	16	0	0	0	0	RELEASE	0	0	0	0
H5B-P-20-09#s100r073	16	0	0	0	0	RELEASE	0	0	0	0
H5B-P-40-00#s100r073	16	0	0	0	0	RELEASE	0	0	0	0
H5B-P-40-01#s100r073	16	0	0	0	0	RELEASE	0	0	0	0
H5B-P-40-02#s100r073	16	0	0	0	0	RELEASE	0	0	0	0
H5B-P-40-03#s100r073	16	0	0	0	0	RELEASE	0	0	0	0
H5B-P-40-04#s100r073	16	0	0	0	0	RELEASE	0	0	0	0
H5B-P-40-05#s100r073	16	0	0	0	0	RELEASE	0	0	0	0
H5B-P-40-06#s100r073	16	0	0	0	0	RELEASE	0	0	0	0
H5B-P-40-07#s100r073	16	0	0	0	0	RELEASE	0	0	0	0
H5B-P-40-08#s100r073	16	0	0	0	0	RELEASE	0	0	0	0
H5B-P-40-09#s100r073	16	0	0	0	0	RELEASE	0	0	0	0
H5B-O-06-00#s100r073	16	0	0	0	0	ABSTAIN	A	0	0	0
H5B-O-06-01#s100r073	16	0	0	0	0	ABSTAIN	A	0	0	0
H5B-O-06-02#s100r073	16	0	0	0	0	ABSTAIN	A	0	0	0
H5B-O-06-03#s100r073	16	0	0	0	0	ABSTAIN	A	0	0	0
H5B-O-06-04#s100r073	16	0	0	0	0	ABSTAIN	A	0	0	0
H5B-O-06-05#s100r073	16	0	0	0	0	ABSTAIN	A	0	0	0
H5B-O-06-06#s100r073	16	0	0	0	0	ABSTAIN	A	0	0	0
H5B-O-06-07#s100r073	16	0	0	0	0	ABSTAIN	A	0	0	0
H5B-O-06-08#s100r073	16	0	0	0	0	ABSTAIN	A	0	0	0
H5B-O-06-09#s100r073	16	0	0	0	0	ABSTAIN	A	0	0	0
H5B-O-12-00#s100r073	16	0	0	0	0	ABSTAIN	A	0	0	0
H5B-O-12-01#s100r073	16	0	0	0	0	ABSTAIN	A	0	0	0
H5B-O-12-02#s100r073	16	0	0	0	0	ABSTAIN	A	0	0	0
H5B-O-12-03#s100r073	16	0	0	0	0	ABSTAIN	A	0	0	0
H5B-O-12-04#s100r073	16	0	0	0	0	ABSTAIN	A	0	0	0
H5B-O-12-05#s100r073	16	0	0	0	0	ABSTAIN	A	0	0	0
H5B-O-12-06#s100r073	16	0	0	0	0	ABSTAIN	A	0	0	0
H5B-O-12-07#s100r073	16	0	0	0	0	ABSTAIN	A	0	0	0
H5B-O-12-08#s100r073	16	0	0	0	0	ABSTAIN	A	0	0	0
H5B-O-12-09#s100r073	16	0	0	0	0	ABSTAIN	A	0	0	0
H5B-O-20-00#s100r073	16	0	0	0	0	RELEASE	1	652	0	0
H5B-O-20-01#s100r073	16	0	0	0	0	RELEASE	1	513	0	0
H5B-O-20-02#s100r073	16	0	0	0	0	RELEASE	1	652	0	0
H5B-O-20-03#s100r073	16	0	0	0	0	RELEASE	1	514	0	0
H5B-O-20-04#s100r073	16	0	0	0	0	RELEASE	1	652	0	0
H5B-O-20-05#s100r073	16	0	0	0	0	RELEASE	1	652	0	0
H5B-O-20-06#s100r073	16	0	0	0	0	RELEASE	1	514	0	0
H5B-O-20-07#s100r073	16	0	0	0	0	RELEASE	1	652	0	0
H5B-O-20-08#s100r073	16	0	0	0	0	RELEASE	1	514	0	0
H5B-O-20-09#s100r073	16	0	0	0	0	RELEASE	1	652	0	0
H5B-O-40-00#s100r073	16	0	0	0	0	RELEASE	1	651	0	0
H5B-O-40-01#s100r073	16	0	0	0	0	RELEASE	1	514	0	0
H5B-O-40-02#s100r073	16	0	0	0	0	RELEASE	1	651	0	0
H5B-O-40-03#s100r073	16	0	0	0	0	RELEASE	1	514	0	0
H5B-O-40-04#s100r073	16	0	0	0	0	RELEASE	1	651	0	0
H5B-O-40-05#s100r073	16	0	0	0	0	RELEASE	1	652	0	0
H5B-O-40-06#s100r073	16	0	0	0	0	RELEASE	1	515	0	0
H5B-O-40-07#s100r073	16	0	0	0	0	RELEASE	1	652	0	0
H5B-O-40-08#s100r073	16	0	0	0	0	RELEASE	1	515	0	0
H5B-O-40-09#s100r073	16	0	0	0	0	RELEASE	1	652	0	0
H5B-D-0-00#s100r073	16	0	0	0	0	RELEASE	1	660	0	0
H5B-D-0-01#s100r073	16	0	0	0	0	RELEASE	1	660	0	0
H5B-D-0-02#s100r073	16	0	0	0	0	RELEASE	1	660	0	0
H5B-D-0-03#s100r073	16	0	0	0	0	RELEASE	1	660	0	0
H5B-D-0-04#s100r073	16	0	0	0	0	RELEASE	1	660	0	0
H5B-D-0-05#s100r073	16	0	0	0	0	RELEASE	1	660	0	0
H5B-D-0-06#s100r073	16	0	0	0	0	RELEASE	1	661	0	0
H5B-D-0-07#s100r073	16	0	0	0	0	RELEASE	1	661	0	0
H5B-D-0-08#s100r073	16	0	0	0	0	RELEASE	1	661	0	0
H5B-D-0-09#s100r073	16	0	0	0	0	RELEASE	1	661	0	0
H5B-D-1-00#s100r073	16	0	0	0	0	ABSTAIN	A	0	0	0
H5B-D-1-01#s100r073	16	0	0	0	0	ABSTAIN	A	0	0	0
H5B-D-1-02#s100r073	16	0	0	0	0	ABSTAIN	A	0	0	0
H5B-D-1-03#s100r073	16	0	0	0	0	ABSTAIN	A	0	0	0
H5B-D-1-04#s100r073	16	0	0	0	0	ABSTAIN	A	0	0	0
H5B-D-1-05#s100r073	16	0	0	0	0	ABSTAIN	A	0	0	0
H5B-D-1-06#s100r073	16	0	0	0	0	ABSTAIN	A	0	0	0
H5B-D-1-07#s100r073	16	0	0	0	0	ABSTAIN	A	0	0	0
H5B-D-1-08#s100r073	16	0	0	0	0	ABSTAIN	A	0	0	0
H5B-D-1-09#s100r073	16	0	0	0	0	ABSTAIN	A	0	0	0
H5B-D-2-00#s100r073	16	0	0	0	0	ABSTAIN	A	0	0	0
H5B-D-2-01#s100r073	16	0	0	0	0	ABSTAIN	A	0	0	0
H5B-D-2-02#s100r073	16	0	0	0	0	ABSTAIN	A	0	0	0
H5B-D-2-03#s100r073	16	0	0	0	0	ABSTAIN	A	0	0	0
H5B-D-2-04#s100r073	16	0	0	0	0	ABSTAIN	A	0	0	0
H5B-D-2-05#s100r073	16	0	0	0	0	ABSTAIN	A	0	0	0
H5B-D-2-06#s100r073	16	0	0	0	0	ABSTAIN	A	0	0	0
H5B-D-2-07#s100r073	16	0	0	0	0	ABSTAIN	A	0	0	0
H5B-D-2-08#s100r073	16	0	0	0	0	ABSTAIN	A	0	0	0
H5B-D-2-09#s100r073	16	0	0	0	0	ABSTAIN	A	0	0	0
H5B-D-6-00#s100r073	16	0	0	0	0	ABSTAIN	A	0	0	0
H5B-D-6-01#s100r073	16	0	0	0	0	ABSTAIN	A	0	0	0
H5B-D-6-02#s100r073	16	0	0	0	0	ABSTAIN	A	0	0	0
H5B-D-6-03#s100r073	16	0	0	0	0	ABSTAIN	A	0	0	0
H5B-D-6-04#s100r073	16	0	0	0	0	ABSTAIN	A	0	0	0
H5B-D-6-05#s100r073	16	0	0	0	0	ABSTAIN	A	0	0	0
H5B-D-6-06#s100r073	16	0	0	0	0	ABSTAIN	A	0	0	0
H5B-D-6-07#s100r073	16	0	0	0	0	ABSTAIN	A	0	0	0
H5B-D-6-08#s100r073	16	0	0	0	0	ABSTAIN	A	0	0	0
H5B-D-6-09#s100r073	16	0	0	0	0	ABSTAIN	A	0	0	0
H5B-P-06-00#s100r074	16	0	0	0	0	ABSTAIN	A	0	0	0
H5B-P-06-01#s100r074	16	0	0	0	0	ABSTAIN	A	0	0	0
H5B-P-06-02#s100r074	16	0	0	0	0	ABSTAIN	A	0	0	0
H5B-P-06-03#s100r074	16	0	0	0	0	ABSTAIN	A	0	0	0
H5B-P-06-04#s100r074	16	0	0	0	0	ABSTAIN	A	0	0	0
H5B-P-06-05#s100r074	16	0	0	0	0	ABSTAIN	A	0	0	0
H5B-P-06-06#s100r074	16	0	0	0	0	ABSTAIN	A	0	0	0
H5B-P-06-07#s100r074	16	0	0	0	0	ABSTAIN	A	0	0	0
H5B-P-06-08#s100r074	16	0	0	0	0	ABSTAIN	A	0	0	0
H5B-P-06-09#s100r074	16	0	0	0	0	ABSTAIN	A	0	0	0
H5B-P-12-00#s100r074	16	0	0	0	0	ABSTAIN	A	0	0	0
H5B-P-12-01#s100r074	16	0	0	0	0	ABSTAIN	A	0	0	0
H5B-P-12-02#s100r074	16	0	0	0	0	ABSTAIN	A	0	0	0
H5B-P-12-03#s100r074	16	0	0	0	0	ABSTAIN	A	0	0	0
H5B-P-12-04#s100r074	16	0	0	0	0	ABSTAIN	A	0	0	0
H5B-P-12-05#s100r074	16	0	0	0	0	ABSTAIN	A	0	0	0
H5B-P-12-06#s100r074	16	0	0	0	0	ABSTAIN	A	0	0	0
H5B-P-12-07#s100r074	16	0	0	0	0	ABSTAIN	A	0	0	0
H5B-P-12-08#s100r074	16	0	0	0	0	ABSTAIN	A	0	0	0
H5B-P-12-09#s100r074	16	0	0	0	0	ABSTAIN	A	0	0	0
H5B-P-20-00#s100r074	16	0	0	0	0	RELEASE	0	0	0	0
H5B-P-20-01#s100r074	16	0	0	0	0	RELEASE	0	0	0	0
H5B-P-20-02#s100r074	16	0	0	0	0	RELEASE	0	0	0	0
H5B-P-20-03#s100r074	16	0	0	0	0	RELEASE	0	0	0	0
H5B-P-20-04#s100r074	16	0	0	0	0	RELEASE	0	0	0	0
H5B-P-20-05#s100r074	16	0	0	0	0	RELEASE	0	0	0	0
H5B-P-20-06#s100r074	16	0	0	0	0	RELEASE	0	0	0	0
H5B-P-20-07#s100r074	16	0	0	0	0	RELEASE	0	0	0	0
H5B-P-20-08#s100r074	16	0	0	0	0	RELEASE	0	0	0	0
H5B-P-20-09#s100r074	16	0	0	0	0	RELEASE	0	0	0	0
H5B-P-40-00#s100r074	16	0	0	0	0	RELEASE	0	0	0	0
H5B-P-40-01#s100r074	16	0	0	0	0	RELEASE	0	0	0	0
H5B-P-40-02#s100r074	16	0	0	0	0	RELEASE	0	0	0	0
H5B-P-40-03#s100r074	16	0	0	0	0	RELEASE	0	0	0	0
H5B-P-40-04#s100r074	16	0	0	0	0	RELEASE	0	0	0	0
H5B-P-40-05#s100r074	16	0	0	0	0	RELEASE	0	0	0	0
H5B-P-40-06#s100r074	16	0	0	0	0	RELEASE	0	0	0	0
H5B-P-40-07#s100r074	16	0	0	0	0	RELEASE	0	0	0	0
H5B-P-40-08#s100r074	16	0	0	0	0	RELEASE	0	0	0	0
H5B-P-40-09#s100r074	16	0	0	0	0	RELEASE	0	0	0	0
H5B-O-06-00#s100r074	16	0	0	0	0	ABSTAIN	A	0	0	0
H5B-O-06-01#s100r074	16	0	0	0	0	ABSTAIN	A	0	0	0
H5B-O-06-02#s100r074	16	0	0	0	0	ABSTAIN	A	0	0	0
H5B-O-06-03#s100r074	16	0	0	0	0	ABSTAIN	A	0	0	0
H5B-O-06-04#s100r074	16	0	0	0	0	ABSTAIN	A	0	0	0
H5B-O-06-05#s100r074	16	0	0	0	0	ABSTAIN	A	0	0	0
H5B-O-06-06#s100r074	16	0	0	0	0	ABSTAIN	A	0	0	0
H5B-O-06-07#s100r074	16	0	0	0	0	ABSTAIN	A	0	0	0
H5B-O-06-08#s100r074	16	0	0	0	0	ABSTAIN	A	0	0	0
H5B-O-06-09#s100r074	16	0	0	0	0	ABSTAIN	A	0	0	0
H5B-O-12-00#s100r074	16	0	0	0	0	ABSTAIN	A	0	0	0
H5B-O-12-01#s100r074	16	0	0	0	0	ABSTAIN	A	0	0	0
H5B-O-12-02#s100r074	16	0	0	0	0	ABSTAIN	A	0	0	0
H5B-O-12-03#s100r074	16	0	0	0	0	ABSTAIN	A	0	0	0
H5B-O-12-04#s100r074	16	0	0	0	0	ABSTAIN	A	0	0	0
H5B-O-12-05#s100r074	16	0	0	0	0	ABSTAIN	A	0	0	0
H5B-O-12-06#s100r074	16	0	0	0	0	ABSTAIN	A	0	0	0
H5B-O-12-07#s100r074	16	0	0	0	0	ABSTAIN	A	0	0	0
H5B-O-12-08#s100r074	16	0	0	0	0	ABSTAIN	A	0	0	0
H5B-O-12-09#s100r074	16	0	0	0	0	ABSTAIN	A	0	0	0
H5B-O-20-00#s100r074	16	0	0	0	0	RELEASE	1	652	0	0
H5B-O-20-01#s100r074	16	0	0	0	0	RELEASE	1	513	0	0
H5B-O-20-02#s100r074	16	0	0	0	0	RELEASE	1	652	0	0
H5B-O-20-03#s100r074	16	0	0	0	0	RELEASE	1	514	0	0
H5B-O-20-04#s100r074	16	0	0	0	0	RELEASE	1	652	0	0
H5B-O-20-05#s100r074	16	0	0	0	0	RELEASE	1	652	0	0
H5B-O-20-06#s100r074	16	0	0	0	0	RELEASE	1	514	0	0
H5B-O-20-07#s100r074	16	0	0	0	0	RELEASE	1	652	0	0
H5B-O-20-08#s100r074	16	0	0	0	0	RELEASE	1	514	0	0
H5B-O-20-09#s100r074	16	0	0	0	0	RELEASE	1	652	0	0
H5B-O-40-00#s100r074	16	0	0	0	0	RELEASE	1	651	0	0
H5B-O-40-01#s100r074	16	0	0	0	0	RELEASE	1	514	0	0
H5B-O-40-02#s100r074	16	0	0	0	0	RELEASE	1	651	0	0
H5B-O-40-03#s100r074	16	0	0	0	0	RELEASE	1	514	0	0
H5B-O-40-04#s100r074	16	0	0	0	0	RELEASE	1	651	0	0
H5B-O-40-05#s100r074	16	0	0	0	0	RELEASE	1	652	0	0
H5B-O-40-06#s100r074	16	0	0	0	0	RELEASE	1	515	0	0
H5B-O-40-07#s100r074	16	0	0	0	0	RELEASE	1	652	0	0
H5B-O-40-08#s100r074	16	0	0	0	0	RELEASE	1	515	0	0
H5B-O-40-09#s100r074	16	0	0	0	0	RELEASE	1	652	0	0
H5B-D-0-00#s100r074	16	0	0	0	0	RELEASE	1	660	0	0
H5B-D-0-01#s100r074	16	0	0	0	0	RELEASE	1	660	0	0
H5B-D-0-02#s100r074	16	0	0	0	0	RELEASE	1	660	0	0
H5B-D-0-03#s100r074	16	0	0	0	0	RELEASE	1	660	0	0
H5B-D-0-04#s100r074	16	0	0	0	0	RELEASE	1	660	0	0
H5B-D-0-05#s100r074	16	0	0	0	0	RELEASE	1	660	0	0
H5B-D-0-06#s100r074	16	0	0	0	0	RELEASE	1	660	0	0
H5B-D-0-07#s100r074	16	0	0	0	0	RELEASE	1	661	0	0
H5B-D-0-08#s100r074	16	0	0	0	0	RELEASE	1	661	0	0
H5B-D-0-09#s100r074	16	0	0	0	0	RELEASE	1	661	0	0
H5B-D-1-00#s100r074	16	0	0	0	0	ABSTAIN	A	0	0	0
H5B-D-1-01#s100r074	16	0	0	0	0	ABSTAIN	A	0	0	0
H5B-D-1-02#s100r074	16	0	0	0	0	ABSTAIN	A	0	0	0
H5B-D-1-03#s100r074	16	0	0	0	0	ABSTAIN	A	0	0	0
H5B-D-1-04#s100r074	16	0	0	0	0	ABSTAIN	A	0	0	0
H5B-D-1-05#s100r074	16	0	0	0	0	ABSTAIN	A	0	0	0
H5B-D-1-06#s100r074	16	0	0	0	0	ABSTAIN	A	0	0	0
H5B-D-1-07#s100r074	16	0	0	0	0	ABSTAIN	A	0	0	0
H5B-D-1-08#s100r074	16	0	0	0	0	ABSTAIN	A	0	0	0
H5B-D-1-09#s100r074	16	0	0	0	0	ABSTAIN	A	0	0	0
H5B-D-2-00#s100r074	16	0	0	0	0	ABSTAIN	A	0	0	0
H5B-D-2-01#s100r074	16	0	0	0	0	ABSTAIN	A	0	0	0
H5B-D-2-02#s100r074	16	0	0	0	0	ABSTAIN	A	0	0	0
H5B-D-2-03#s100r074	16	0	0	0	0	ABSTAIN	A	0	0	0
H5B-D-2-04#s100r074	16	0	0	0	0	ABSTAIN	A	0	0	0
H5B-D-2-05#s100r074	16	0	0	0	0	ABSTAIN	A	0	0	0
H5B-D-2-06#s100r074	16	0	0	0	0	ABSTAIN	A	0	0	0
H5B-D-2-07#s100r074	16	0	0	0	0	ABSTAIN	A	0	0	0
H5B-D-2-08#s100r074	16	0	0	0	0	ABSTAIN	A	0	0	0
H5B-D-2-09#s100r074	16	0	0	0	0	ABSTAIN	A	0	0	0
H5B-D-6-00#s100r074	16	0	0	0	0	ABSTAIN	A	0	0	0
H5B-D-6-01#s100r074	16	0	0	0	0	ABSTAIN	A	0	0	0
H5B-D-6-02#s100r074	16	0	0	0	0	ABSTAIN	A	0	0	0
H5B-D-6-03#s100r074	16	0	0	0	0	ABSTAIN	A	0	0	0
H5B-D-6-04#s100r074	16	0	0	0	0	ABSTAIN	A	0	0	0
H5B-D-6-05#s100r074	16	0	0	0	0	ABSTAIN	A	0	0	0
H5B-D-6-06#s100r074	16	0	0	0	0	ABSTAIN	A	0	0	0
H5B-D-6-07#s100r074	16	0	0	0	0	ABSTAIN	A	0	0	0
H5B-D-6-08#s100r074	16	0	0	0	0	ABSTAIN	A	0	0	0
H5B-D-6-09#s100r074	16	0	0	0	0	ABSTAIN	A	0	0	0
H5B-P-06-00#s100r075	16	0	0	0	0	ABSTAIN	A	0	0	0
H5B-P-06-01#s100r075	16	0	0	0	0	ABSTAIN	A	0	0	0
H5B-P-06-02#s100r075	16	0	0	0	0	ABSTAIN	A	0	0	0
H5B-P-06-03#s100r075	16	0	0	0	0	ABSTAIN	A	0	0	0
H5B-P-06-04#s100r075	16	0	0	0	0	ABSTAIN	A	0	0	0
H5B-P-06-05#s100r075	16	0	0	0	0	ABSTAIN	A	0	0	0
H5B-P-06-06#s100r075	16	0	0	0	0	ABSTAIN	A	0	0	0
H5B-P-06-07#s100r075	16	0	0	0	0	ABSTAIN	A	0	0	0
H5B-P-06-08#s100r075	16	0	0	0	0	ABSTAIN	A	0	0	0
H5B-P-06-09#s100r075	16	0	0	0	0	ABSTAIN	A	0	0	0
H5B-P-12-00#s100r075	16	0	0	0	0	ABSTAIN	A	0	0	0
H5B-P-12-01#s100r075	16	0	0	0	0	ABSTAIN	A	0	0	0
H5B-P-12-02#s100r075	16	0	0	0	0	ABSTAIN	A	0	0	0
H5B-P-12-03#s100r075	16	0	0	0	0	ABSTAIN	A	0	0	0
H5B-P-12-04#s100r075	16	0	0	0	0	ABSTAIN	A	0	0	0
H5B-P-12-05#s100r075	16	0	0	0	0	ABSTAIN	A	0	0	0
H5B-P-12-06#s100r075	16	0	0	0	0	ABSTAIN	A	0	0	0
H5B-P-12-07#s100r075	16	0	0	0	0	ABSTAIN	A	0	0	0
H5B-P-12-08#s100r075	16	0	0	0	0	ABSTAIN	A	0	0	0
H5B-P-12-09#s100r075	16	0	0	0	0	ABSTAIN	A	0	0	0
H5B-P-20-00#s100r075	16	0	0	0	0	RELEASE	0	0	0	0
H5B-P-20-01#s100r075	16	0	0	0	0	RELEASE	0	0	0	0
H5B-P-20-02#s100r075	16	0	0	0	0	RELEASE	0	0	0	0
H5B-P-20-03#s100r075	16	0	0	0	0	RELEASE	0	0	0	0
H5B-P-20-04#s100r075	16	0	0	0	0	RELEASE	0	0	0	0
H5B-P-20-05#s100r075	16	0	0	0	0	RELEASE	0	0	0	0
H5B-P-20-06#s100r075	16	0	0	0	0	RELEASE	0	0	0	0
H5B-P-20-07#s100r075	16	0	0	0	0	RELEASE	0	0	0	0
H5B-P-20-08#s100r075	16	0	0	0	0	RELEASE	0	0	0	0
H5B-P-20-09#s100r075	16	0	0	0	0	RELEASE	0	0	0	0
H5B-P-40-00#s100r075	16	0	0	0	0	RELEASE	0	0	0	0
H5B-P-40-01#s100r075	16	0	0	0	0	RELEASE	0	0	0	0
H5B-P-40-02#s100r075	16	0	0	0	0	RELEASE	0	0	0	0
H5B-P-40-03#s100r075	16	0	0	0	0	RELEASE	0	0	0	0
H5B-P-40-04#s100r075	16	0	0	0	0	RELEASE	0	0	0	0
H5B-P-40-05#s100r075	16	0	0	0	0	RELEASE	0	0	0	0
H5B-P-40-06#s100r075	16	0	0	0	0	RELEASE	0	0	0	0
H5B-P-40-07#s100r075	16	0	0	0	0	RELEASE	0	0	0	0
H5B-P-40-08#s100r075	16	0	0	0	0	RELEASE	0	0	0	0
H5B-P-40-09#s100r075	16	0	0	0	0	RELEASE	0	0	0	0
H5B-O-06-00#s100r075	16	0	0	0	0	ABSTAIN	A	0	0	0
H5B-O-06-01#s100r075	16	0	0	0	0	ABSTAIN	A	0	0	0
H5B-O-06-02#s100r075	16	0	0	0	0	ABSTAIN	A	0	0	0
H5B-O-06-03#s100r075	16	0	0	0	0	ABSTAIN	A	0	0	0
H5B-O-06-04#s100r075	16	0	0	0	0	ABSTAIN	A	0	0	0
H5B-O-06-05#s100r075	16	0	0	0	0	ABSTAIN	A	0	0	0
H5B-O-06-06#s100r075	16	0	0	0	0	ABSTAIN	A	0	0	0
H5B-O-06-07#s100r075	16	0	0	0	0	ABSTAIN	A	0	0	0
H5B-O-06-08#s100r075	16	0	0	0	0	ABSTAIN	A	0	0	0
H5B-O-06-09#s100r075	16	0	0	0	0	ABSTAIN	A	0	0	0
H5B-O-12-00#s100r075	16	0	0	0	0	ABSTAIN	A	0	0	0
H5B-O-12-01#s100r075	16	0	0	0	0	ABSTAIN	A	0	0	0
H5B-O-12-02#s100r075	16	0	0	0	0	ABSTAIN	A	0	0	0
H5B-O-12-03#s100r075	16	0	0	0	0	ABSTAIN	A	0	0	0
H5B-O-12-04#s100r075	16	0	0	0	0	ABSTAIN	A	0	0	0
H5B-O-12-05#s100r075	16	0	0	0	0	ABSTAIN	A	0	0	0
H5B-O-12-06#s100r075	16	0	0	0	0	ABSTAIN	A	0	0	0
H5B-O-12-07#s100r075	16	0	0	0	0	ABSTAIN	A	0	0	0
H5B-O-12-08#s100r075	16	0	0	0	0	ABSTAIN	A	0	0	0
H5B-O-12-09#s100r075	16	0	0	0	0	ABSTAIN	A	0	0	0
H5B-O-20-00#s100r075	16	0	0	0	0	RELEASE	1	652	0	0
H5B-O-20-01#s100r075	16	0	0	0	0	RELEASE	1	513	0	0
H5B-O-20-02#s100r075	16	0	0	0	0	RELEASE	1	652	0	0
H5B-O-20-03#s100r075	16	0	0	0	0	RELEASE	1	514	0	0
H5B-O-20-04#s100r075	16	0	0	0	0	RELEASE	1	652	0	0
H5B-O-20-05#s100r075	16	0	0	0	0	RELEASE	1	652	0	0
H5B-O-20-06#s100r075	16	0	0	0	0	RELEASE	1	514	0	0
H5B-O-20-07#s100r075	16	0	0	0	0	RELEASE	1	652	0	0
H5B-O-20-08#s100r075	16	0	0	0	0	RELEASE	1	514	0	0
H5B-O-20-09#s100r075	16	0	0	0	0	RELEASE	1	652	0	0
H5B-O-40-00#s100r075	16	0	0	0	0	RELEASE	1	651	0	0
H5B-O-40-01#s100r075	16	0	0	0	0	RELEASE	1	514	0	0
H5B-O-40-02#s100r075	16	0	0	0	0	RELEASE	1	651	0	0
H5B-O-40-03#s100r075	16	0	0	0	0	RELEASE	1	514	0	0
H5B-O-40-04#s100r075	16	0	0	0	0	RELEASE	1	652	0	0
H5B-O-40-05#s100r075	16	0	0	0	0	RELEASE	1	652	0	0
H5B-O-40-06#s100r075	16	0	0	0	0	RELEASE	1	515	0	0
H5B-O-40-07#s100r075	16	0	0	0	0	RELEASE	1	652	0	0
H5B-O-40-08#s100r075	16	0	0	0	0	RELEASE	1	515	0	0
H5B-O-40-09#s100r075	16	0	0	0	0	RELEASE	1	652	0	0
H5B-D-0-00#s100r075	16	0	0	0	0	RELEASE	1	660	0	0
H5B-D-0-01#s100r075	16	0	0	0	0	RELEASE	1	660	0	0
H5B-D-0-02#s100r075	16	0	0	0	0	RELEASE	1	660	0	0
H5B-D-0-03#s100r075	16	0	0	0	0	RELEASE	1	660	0	0
H5B-D-0-04#s100r075	16	0	0	0	0	RELEASE	1	660	0	0
H5B-D-0-05#s100r075	16	0	0	0	0	RELEASE	1	660	0	0
H5B-D-0-06#s100r075	16	0	0	0	0	RELEASE	1	660	0	0
H5B-D-0-07#s100r075	16	0	0	0	0	RELEASE	1	661	0	0
H5B-D-0-08#s100r075	16	0	0	0	0	RELEASE	1	661	0	0
H5B-D-0-09#s100r075	16	0	0	0	0	RELEASE	1	661	0	0
H5B-D-1-00#s100r075	16	0	0	0	0	ABSTAIN	A	0	0	0
H5B-D-1-01#s100r075	16	0	0	0	0	ABSTAIN	A	0	0	0
H5B-D-1-02#s100r075	16	0	0	0	0	ABSTAIN	A	0	0	0
H5B-D-1-03#s100r075	16	0	0	0	0	ABSTAIN	A	0	0	0
H5B-D-1-04#s100r075	16	0	0	0	0	ABSTAIN	A	0	0	0
H5B-D-1-05#s100r075	16	0	0	0	0	ABSTAIN	A	0	0	0
H5B-D-1-06#s100r075	16	0	0	0	0	ABSTAIN	A	0	0	0
H5B-D-1-07#s100r075	16	0	0	0	0	ABSTAIN	A	0	0	0
H5B-D-1-08#s100r075	16	0	0	0	0	ABSTAIN	A	0	0	0
H5B-D-1-09#s100r075	16	0	0	0	0	ABSTAIN	A	0	0	0
H5B-D-2-00#s100r075	16	0	0	0	0	ABSTAIN	A	0	0	0
H5B-D-2-01#s100r075	16	0	0	0	0	ABSTAIN	A	0	0	0
H5B-D-2-02#s100r075	16	0	0	0	0	ABSTAIN	A	0	0	0
H5B-D-2-03#s100r075	16	0	0	0	0	ABSTAIN	A	0	0	0
H5B-D-2-04#s100r075	16	0	0	0	0	ABSTAIN	A	0	0	0
H5B-D-2-05#s100r075	16	0	0	0	0	ABSTAIN	A	0	0	0
H5B-D-2-06#s100r075	16	0	0	0	0	ABSTAIN	A	0	0	0
H5B-D-2-07#s100r075	16	0	0	0	0	ABSTAIN	A	0	0	0
H5B-D-2-08#s100r075	16	0	0	0	0	ABSTAIN	A	0	0	0
H5B-D-2-09#s100r075	16	0	0	0	0	ABSTAIN	A	0	0	0
H5B-D-6-00#s100r075	16	0	0	0	0	ABSTAIN	A	0	0	0
H5B-D-6-01#s100r075	16	0	0	0	0	ABSTAIN	A	0	0	0
H5B-D-6-02#s100r075	16	0	0	0	0	ABSTAIN	A	0	0	0
H5B-D-6-03#s100r075	16	0	0	0	0	ABSTAIN	A	0	0	0
H5B-D-6-04#s100r075	16	0	0	0	0	ABSTAIN	A	0	0	0
H5B-D-6-05#s100r075	16	0	0	0	0	ABSTAIN	A	0	0	0
H5B-D-6-06#s100r075	16	0	0	0	0	ABSTAIN	A	0	0	0
H5B-D-6-07#s100r075	16	0	0	0	0	ABSTAIN	A	0	0	0
H5B-D-6-08#s100r075	16	0	0	0	0	ABSTAIN	A	0	0	0
H5B-D-6-09#s100r075	16	0	0	0	0	ABSTAIN	A	0	0	0
H5B-P-06-00#s100r076	16	0	0	0	0	ABSTAIN	A	0	0	0
H5B-P-06-01#s100r076	16	0	0	0	0	ABSTAIN	A	0	0	0
H5B-P-06-02#s100r076	16	0	0	0	0	ABSTAIN	A	0	0	0
H5B-P-06-03#s100r076	16	0	0	0	0	ABSTAIN	A	0	0	0
H5B-P-06-04#s100r076	16	0	0	0	0	ABSTAIN	A	0	0	0
H5B-P-06-05#s100r076	16	0	0	0	0	ABSTAIN	A	0	0	0
H5B-P-06-06#s100r076	16	0	0	0	0	ABSTAIN	A	0	0	0
H5B-P-06-07#s100r076	16	0	0	0	0	ABSTAIN	A	0	0	0
H5B-P-06-08#s100r076	16	0	0	0	0	ABSTAIN	A	0	0	0
H5B-P-06-09#s100r076	16	0	0	0	0	ABSTAIN	A	0	0	0
H5B-P-12-00#s100r076	16	0	0	0	0	ABSTAIN	A	0	0	0
H5B-P-12-01#s100r076	16	0	0	0	0	ABSTAIN	A	0	0	0
H5B-P-12-02#s100r076	16	0	0	0	0	ABSTAIN	A	0	0	0
H5B-P-12-03#s100r076	16	0	0	0	0	ABSTAIN	A	0	0	0
H5B-P-12-04#s100r076	16	0	0	0	0	ABSTAIN	A	0	0	0
H5B-P-12-05#s100r076	16	0	0	0	0	ABSTAIN	A	0	0	0
H5B-P-12-06#s100r076	16	0	0	0	0	ABSTAIN	A	0	0	0
H5B-P-12-07#s100r076	16	0	0	0	0	ABSTAIN	A	0	0	0
H5B-P-12-08#s100r076	16	0	0	0	0	ABSTAIN	A	0	0	0
H5B-P-12-09#s100r076	16	0	0	0	0	ABSTAIN	A	0	0	0
H5B-P-20-00#s100r076	16	0	0	0	0	RELEASE	0	0	0	0
H5B-P-20-01#s100r076	16	0	0	0	0	RELEASE	0	0	0	0
H5B-P-20-02#s100r076	16	0	0	0	0	RELEASE	0	0	0	0
H5B-P-20-03#s100r076	16	0	0	0	0	RELEASE	0	0	0	0
H5B-P-20-04#s100r076	16	0	0	0	0	RELEASE	0	0	0	0
H5B-P-20-05#s100r076	16	0	0	0	0	RELEASE	0	0	0	0
H5B-P-20-06#s100r076	16	0	0	0	0	RELEASE	0	0	0	0
H5B-P-20-07#s100r076	16	0	0	0	0	RELEASE	0	0	0	0
H5B-P-20-08#s100r076	16	0	0	0	0	RELEASE	0	0	0	0
H5B-P-20-09#s100r076	16	0	0	0	0	RELEASE	0	0	0	0
H5B-P-40-00#s100r076	16	0	0	0	0	RELEASE	0	0	0	0
H5B-P-40-01#s100r076	16	0	0	0	0	RELEASE	0	0	0	0
H5B-P-40-02#s100r076	16	0	0	0	0	RELEASE	0	0	0	0
H5B-P-40-03#s100r076	16	0	0	0	0	RELEASE	0	0	0	0
H5B-P-40-04#s100r076	16	0	0	0	0	RELEASE	0	0	0	0
H5B-P-40-05#s100r076	16	0	0	0	0	RELEASE	0	0	0	0
H5B-P-40-06#s100r076	16	0	0	0	0	RELEASE	0	0	0	0
H5B-P-40-07#s100r076	16	0	0	0	0	RELEASE	0	0	0	0
H5B-P-40-08#s100r076	16	0	0	0	0	RELEASE	0	0	0	0
H5B-P-40-09#s100r076	16	0	0	0	0	RELEASE	0	0	0	0
H5B-O-06-00#s100r076	16	0	0	0	0	ABSTAIN	A	0	0	0
H5B-O-06-01#s100r076	16	0	0	0	0	ABSTAIN	A	0	0	0
H5B-O-06-02#s100r076	16	0	0	0	0	ABSTAIN	A	0	0	0
H5B-O-06-03#s100r076	16	0	0	0	0	ABSTAIN	A	0	0	0
H5B-O-06-04#s100r076	16	0	0	0	0	ABSTAIN	A	0	0	0
H5B-O-06-05#s100r076	16	0	0	0	0	ABSTAIN	A	0	0	0
H5B-O-06-06#s100r076	16	0	0	0	0	ABSTAIN	A	0	0	0
H5B-O-06-07#s100r076	16	0	0	0	0	ABSTAIN	A	0	0	0
H5B-O-06-08#s100r076	16	0	0	0	0	ABSTAIN	A	0	0	0
H5B-O-06-09#s100r076	16	0	0	0	0	ABSTAIN	A	0	0	0
H5B-O-12-00#s100r076	16	0	0	0	0	ABSTAIN	A	0	0	0
H5B-O-12-01#s100r076	16	0	0	0	0	ABSTAIN	A	0	0	0
H5B-O-12-02#s100r076	16	0	0	0	0	ABSTAIN	A	0	0	0
H5B-O-12-03#s100r076	16	0	0	0	0	ABSTAIN	A	0	0	0
H5B-O-12-04#s100r076	16	0	0	0	0	ABSTAIN	A	0	0	0
H5B-O-12-05#s100r076	16	0	0	0	0	ABSTAIN	A	0	0	0
H5B-O-12-06#s100r076	16	0	0	0	0	ABSTAIN	A	0	0	0
H5B-O-12-07#s100r076	16	0	0	0	0	ABSTAIN	A	0	0	0
H5B-O-12-08#s100r076	16	0	0	0	0	ABSTAIN	A	0	0	0
H5B-O-12-09#s100r076	16	0	0	0	0	ABSTAIN	A	0	0	0
H5B-O-20-00#s100r076	16	0	0	0	0	RELEASE	1	652	0	0
H5B-O-20-01#s100r076	16	0	0	0	0	RELEASE	1	513	0	0
H5B-O-20-02#s100r076	16	0	0	0	0	RELEASE	1	652	0	0
H5B-O-20-03#s100r076	16	0	0	0	0	RELEASE	1	514	0	0
H5B-O-20-04#s100r076	16	0	0	0	0	RELEASE	1	652	0	0
H5B-O-20-05#s100r076	16	0	0	0	0	RELEASE	1	652	0	0
H5B-O-20-06#s100r076	16	0	0	0	0	RELEASE	1	514	0	0
H5B-O-20-07#s100r076	16	0	0	0	0	RELEASE	1	652	0	0
H5B-O-20-08#s100r076	16	0	0	0	0	RELEASE	1	514	0	0
H5B-O-20-09#s100r076	16	0	0	0	0	RELEASE	1	652	0	0
H5B-O-40-00#s100r076	16	0	0	0	0	RELEASE	1	651	0	0
H5B-O-40-01#s100r076	16	0	0	0	0	RELEASE	1	514	0	0
H5B-O-40-02#s100r076	16	0	0	0	0	RELEASE	1	651	0	0
H5B-O-40-03#s100r076	16	0	0	0	0	RELEASE	1	514	0	0
H5B-O-40-04#s100r076	16	0	0	0	0	RELEASE	1	652	0	0
H5B-O-40-05#s100r076	16	0	0	0	0	RELEASE	1	652	0	0
H5B-O-40-06#s100r076	16	0	0	0	0	RELEASE	1	515	0	0
H5B-O-40-07#s100r076	16	0	0	0	0	RELEASE	1	652	0	0
H5B-O-40-08#s100r076	16	0	0	0	0	RELEASE	1	515	0	0
H5B-O-40-09#s100r076	16	0	0	0	0	RELEASE	1	652	0	0
H5B-D-0-00#s100r076	16	0	0	0	0	RELEASE	1	660	0	0
H5B-D-0-01#s100r076	16	0	0	0	0	RELEASE	1	660	0	0
H5B-D-0-02#s100r076	16	0	0	0	0	RELEASE	1	660	0	0
H5B-D-0-03#s100r076	16	0	0	0	0	RELEASE	1	660	0	0
H5B-D-0-04#s100r076	16	0	0	0	0	RELEASE	1	660	0	0
H5B-D-0-05#s100r076	16	0	0	0	0	RELEASE	1	660	0	0
H5B-D-0-06#s100r076	16	0	0	0	0	RELEASE	1	660	0	0
H5B-D-0-07#s100r076	16	0	0	0	0	RELEASE	1	660	0	0
H5B-D-0-08#s100r076	16	0	0	0	0	RELEASE	1	661	0	0
H5B-D-0-09#s100r076	16	0	0	0	0	RELEASE	1	661	0	0
H5B-D-1-00#s100r076	16	0	0	0	0	ABSTAIN	A	0	0	0
H5B-D-1-01#s100r076	16	0	0	0	0	ABSTAIN	A	0	0	0
H5B-D-1-02#s100r076	16	0	0	0	0	ABSTAIN	A	0	0	0
H5B-D-1-03#s100r076	16	0	0	0	0	ABSTAIN	A	0	0	0
H5B-D-1-04#s100r076	16	0	0	0	0	ABSTAIN	A	0	0	0
H5B-D-1-05#s100r076	16	0	0	0	0	ABSTAIN	A	0	0	0
H5B-D-1-06#s100r076	16	0	0	0	0	ABSTAIN	A	0	0	0
H5B-D-1-07#s100r076	16	0	0	0	0	ABSTAIN	A	0	0	0
H5B-D-1-08#s100r076	16	0	0	0	0	ABSTAIN	A	0	0	0
H5B-D-1-09#s100r076	16	0	0	0	0	ABSTAIN	A	0	0	0
H5B-D-2-00#s100r076	16	0	0	0	0	ABSTAIN	A	0	0	0
H5B-D-2-01#s100r076	16	0	0	0	0	ABSTAIN	A	0	0	0
H5B-D-2-02#s100r076	16	0	0	0	0	ABSTAIN	A	0	0	0
H5B-D-2-03#s100r076	16	0	0	0	0	ABSTAIN	A	0	0	0
H5B-D-2-04#s100r076	16	0	0	0	0	ABSTAIN	A	0	0	0
H5B-D-2-05#s100r076	16	0	0	0	0	ABSTAIN	A	0	0	0
H5B-D-2-06#s100r076	16	0	0	0	0	ABSTAIN	A	0	0	0
H5B-D-2-07#s100r076	16	0	0	0	0	ABSTAIN	A	0	0	0
H5B-D-2-08#s100r076	16	0	0	0	0	ABSTAIN	A	0	0	0
H5B-D-2-09#s100r076	16	0	0	0	0	ABSTAIN	A	0	0	0
H5B-D-6-00#s100r076	16	0	0	0	0	ABSTAIN	A	0	0	0
H5B-D-6-01#s100r076	16	0	0	0	0	ABSTAIN	A	0	0	0
H5B-D-6-02#s100r076	16	0	0	0	0	ABSTAIN	A	0	0	0
H5B-D-6-03#s100r076	16	0	0	0	0	ABSTAIN	A	0	0	0
H5B-D-6-04#s100r076	16	0	0	0	0	ABSTAIN	A	0	0	0
H5B-D-6-05#s100r076	16	0	0	0	0	ABSTAIN	A	0	0	0
H5B-D-6-06#s100r076	16	0	0	0	0	ABSTAIN	A	0	0	0
H5B-D-6-07#s100r076	16	0	0	0	0	ABSTAIN	A	0	0	0
H5B-D-6-08#s100r076	16	0	0	0	0	ABSTAIN	A	0	0	0
H5B-D-6-09#s100r076	16	0	0	0	0	ABSTAIN	A	0	0	0
H5B-P-06-00#s100r077	16	0	0	0	0	ABSTAIN	A	0	0	0
H5B-P-06-01#s100r077	16	0	0	0	0	ABSTAIN	A	0	0	0
H5B-P-06-02#s100r077	16	0	0	0	0	ABSTAIN	A	0	0	0
H5B-P-06-03#s100r077	16	0	0	0	0	ABSTAIN	A	0	0	0
H5B-P-06-04#s100r077	16	0	0	0	0	ABSTAIN	A	0	0	0
H5B-P-06-05#s100r077	16	0	0	0	0	ABSTAIN	A	0	0	0
H5B-P-06-06#s100r077	16	0	0	0	0	ABSTAIN	A	0	0	0
H5B-P-06-07#s100r077	16	0	0	0	0	ABSTAIN	A	0	0	0
H5B-P-06-08#s100r077	16	0	0	0	0	ABSTAIN	A	0	0	0
H5B-P-06-09#s100r077	16	0	0	0	0	ABSTAIN	A	0	0	0
H5B-P-12-00#s100r077	16	0	0	0	0	ABSTAIN	A	0	0	0
H5B-P-12-01#s100r077	16	0	0	0	0	ABSTAIN	A	0	0	0
H5B-P-12-02#s100r077	16	0	0	0	0	ABSTAIN	A	0	0	0
H5B-P-12-03#s100r077	16	0	0	0	0	ABSTAIN	A	0	0	0
H5B-P-12-04#s100r077	16	0	0	0	0	ABSTAIN	A	0	0	0
H5B-P-12-05#s100r077	16	0	0	0	0	ABSTAIN	A	0	0	0
H5B-P-12-06#s100r077	16	0	0	0	0	ABSTAIN	A	0	0	0
H5B-P-12-07#s100r077	16	0	0	0	0	ABSTAIN	A	0	0	0
H5B-P-12-08#s100r077	16	0	0	0	0	ABSTAIN	A	0	0	0
H5B-P-12-09#s100r077	16	0	0	0	0	ABSTAIN	A	0	0	0
H5B-P-20-00#s100r077	16	0	0	0	0	RELEASE	0	0	0	0
H5B-P-20-01#s100r077	16	0	0	0	0	RELEASE	0	0	0	0
H5B-P-20-02#s100r077	16	0	0	0	0	RELEASE	0	0	0	0
H5B-P-20-03#s100r077	16	0	0	0	0	RELEASE	0	0	0	0
H5B-P-20-04#s100r077	16	0	0	0	0	RELEASE	0	0	0	0
H5B-P-20-05#s100r077	16	0	0	0	0	RELEASE	0	0	0	0
H5B-P-20-06#s100r077	16	0	0	0	0	RELEASE	0	0	0	0
H5B-P-20-07#s100r077	16	0	0	0	0	RELEASE	0	0	0	0
H5B-P-20-08#s100r077	16	0	0	0	0	RELEASE	0	0	0	0
H5B-P-20-09#s100r077	16	0	0	0	0	RELEASE	0	0	0	0
H5B-P-40-00#s100r077	16	0	0	0	0	RELEASE	0	0	0	0
H5B-P-40-01#s100r077	16	0	0	0	0	RELEASE	0	0	0	0
H5B-P-40-02#s100r077	16	0	0	0	0	RELEASE	0	0	0	0
H5B-P-40-03#s100r077	16	0	0	0	0	RELEASE	0	0	0	0
H5B-P-40-04#s100r077	16	0	0	0	0	RELEASE	0	0	0	0
H5B-P-40-05#s100r077	16	0	0	0	0	RELEASE	0	0	0	0
H5B-P-40-06#s100r077	16	0	0	0	0	RELEASE	0	0	0	0
H5B-P-40-07#s100r077	16	0	0	0	0	RELEASE	0	0	0	0
H5B-P-40-08#s100r077	16	0	0	0	0	RELEASE	0	0	0	0
H5B-P-40-09#s100r077	16	0	0	0	0	RELEASE	0	0	0	0
H5B-O-06-00#s100r077	16	0	0	0	0	ABSTAIN	A	0	0	0
H5B-O-06-01#s100r077	16	0	0	0	0	ABSTAIN	A	0	0	0
H5B-O-06-02#s100r077	16	0	0	0	0	ABSTAIN	A	0	0	0
H5B-O-06-03#s100r077	16	0	0	0	0	ABSTAIN	A	0	0	0
H5B-O-06-04#s100r077	16	0	0	0	0	ABSTAIN	A	0	0	0
H5B-O-06-05#s100r077	16	0	0	0	0	ABSTAIN	A	0	0	0
H5B-O-06-06#s100r077	16	0	0	0	0	ABSTAIN	A	0	0	0
H5B-O-06-07#s100r077	16	0	0	0	0	ABSTAIN	A	0	0	0
H5B-O-06-08#s100r077	16	0	0	0	0	ABSTAIN	A	0	0	0
H5B-O-06-09#s100r077	16	0	0	0	0	ABSTAIN	A	0	0	0
H5B-O-12-00#s100r077	16	0	0	0	0	ABSTAIN	A	0	0	0
H5B-O-12-01#s100r077	16	0	0	0	0	ABSTAIN	A	0	0	0
H5B-O-12-02#s100r077	16	0	0	0	0	ABSTAIN	A	0	0	0
H5B-O-12-03#s100r077	16	0	0	0	0	ABSTAIN	A	0	0	0
H5B-O-12-04#s100r077	16	0	0	0	0	ABSTAIN	A	0	0	0
H5B-O-12-05#s100r077	16	0	0	0	0	ABSTAIN	A	0	0	0
H5B-O-12-06#s100r077	16	0	0	0	0	ABSTAIN	A	0	0	0
H5B-O-12-07#s100r077	16	0	0	0	0	ABSTAIN	A	0	0	0
H5B-O-12-08#s100r077	16	0	0	0	0	ABSTAIN	A	0	0	0
H5B-O-12-09#s100r077	16	0	0	0	0	ABSTAIN	A	0	0	0
H5B-O-20-00#s100r077	16	0	0	0	0	RELEASE	1	652	0	0
H5B-O-20-01#s100r077	16	0	0	0	0	RELEASE	1	513	0	0
H5B-O-20-02#s100r077	16	0	0	0	0	RELEASE	1	652	0	0
H5B-O-20-03#s100r077	16	0	0	0	0	RELEASE	1	514	0	0
H5B-O-20-04#s100r077	16	0	0	0	0	RELEASE	1	652	0	0
H5B-O-20-05#s100r077	16	0	0	0	0	RELEASE	1	652	0	0
H5B-O-20-06#s100r077	16	0	0	0	0	RELEASE	1	514	0	0
H5B-O-20-07#s100r077	16	0	0	0	0	RELEASE	1	652	0	0
H5B-O-20-08#s100r077	16	0	0	0	0	RELEASE	1	514	0	0
H5B-O-20-09#s100r077	16	0	0	0	0	RELEASE	1	652	0	0
H5B-O-40-00#s100r077	16	0	0	0	0	RELEASE	1	651	0	0
H5B-O-40-01#s100r077	16	0	0	0	0	RELEASE	1	514	0	0
H5B-O-40-02#s100r077	16	0	0	0	0	RELEASE	1	651	0	0
H5B-O-40-03#s100r077	16	0	0	0	0	RELEASE	1	514	0	0
H5B-O-40-04#s100r077	16	0	0	0	0	RELEASE	1	652	0	0
H5B-O-40-05#s100r077	16	0	0	0	0	RELEASE	1	652	0	0
H5B-O-40-06#s100r077	16	0	0	0	0	RELEASE	1	515	0	0
H5B-O-40-07#s100r077	16	0	0	0	0	RELEASE	1	652	0	0
H5B-O-40-08#s100r077	16	0	0	0	0	RELEASE	1	515	0	0
H5B-O-40-09#s100r077	16	0	0	0	0	RELEASE	1	652	0	0
H5B-D-0-00#s100r077	16	0	0	0	0	RELEASE	1	660	0	0
H5B-D-0-01#s100r077	16	0	0	0	0	RELEASE	1	660	0	0
H5B-D-0-02#s100r077	16	0	0	0	0	RELEASE	1	660	0	0
H5B-D-0-03#s100r077	16	0	0	0	0	RELEASE	1	660	0	0
H5B-D-0-04#s100r077	16	0	0	0	0	RELEASE	1	660	0	0
H5B-D-0-05#s100r077	16	0	0	0	0	RELEASE	1	660	0	0
H5B-D-0-06#s100r077	16	0	0	0	0	RELEASE	1	660	0	0
H5B-D-0-07#s100r077	16	0	0	0	0	RELEASE	1	660	0	0
H5B-D-0-08#s100r077	16	0	0	0	0	RELEASE	1	661	0	0
H5B-D-0-09#s100r077	16	0	0	0	0	RELEASE	1	661	0	0
H5B-D-1-00#s100r077	16	0	0	0	0	ABSTAIN	A	0	0	0
H5B-D-1-01#s100r077	16	0	0	0	0	ABSTAIN	A	0	0	0
H5B-D-1-02#s100r077	16	0	0	0	0	ABSTAIN	A	0	0	0
H5B-D-1-03#s100r077	16	0	0	0	0	ABSTAIN	A	0	0	0
H5B-D-1-04#s100r077	16	0	0	0	0	ABSTAIN	A	0	0	0
H5B-D-1-05#s100r077	16	0	0	0	0	ABSTAIN	A	0	0	0
H5B-D-1-06#s100r077	16	0	0	0	0	ABSTAIN	A	0	0	0
H5B-D-1-07#s100r077	16	0	0	0	0	ABSTAIN	A	0	0	0
H5B-D-1-08#s100r077	16	0	0	0	0	ABSTAIN	A	0	0	0
H5B-D-1-09#s100r077	16	0	0	0	0	ABSTAIN	A	0	0	0
H5B-D-2-00#s100r077	16	0	0	0	0	ABSTAIN	A	0	0	0
H5B-D-2-01#s100r077	16	0	0	0	0	ABSTAIN	A	0	0	0
H5B-D-2-02#s100r077	16	0	0	0	0	ABSTAIN	A	0	0	0
H5B-D-2-03#s100r077	16	0	0	0	0	ABSTAIN	A	0	0	0
H5B-D-2-04#s100r077	16	0	0	0	0	ABSTAIN	A	0	0	0
H5B-D-2-05#s100r077	16	0	0	0	0	ABSTAIN	A	0	0	0
H5B-D-2-06#s100r077	16	0	0	0	0	ABSTAIN	A	0	0	0
H5B-D-2-07#s100r077	16	0	0	0	0	ABSTAIN	A	0	0	0
H5B-D-2-08#s100r077	16	0	0	0	0	ABSTAIN	A	0	0	0
H5B-D-2-09#s100r077	16	0	0	0	0	ABSTAIN	A	0	0	0
H5B-D-6-00#s100r077	16	0	0	0	0	ABSTAIN	A	0	0	0
H5B-D-6-01#s100r077	16	0	0	0	0	ABSTAIN	A	0	0	0
H5B-D-6-02#s100r077	16	0	0	0	0	ABSTAIN	A	0	0	0
H5B-D-6-03#s100r077	16	0	0	0	0	ABSTAIN	A	0	0	0
H5B-D-6-04#s100r077	16	0	0	0	0	ABSTAIN	A	0	0	0
H5B-D-6-05#s100r077	16	0	0	0	0	ABSTAIN	A	0	0	0
H5B-D-6-06#s100r077	16	0	0	0	0	ABSTAIN	A	0	0	0
H5B-D-6-07#s100r077	16	0	0	0	0	ABSTAIN	A	0	0	0
H5B-D-6-08#s100r077	16	0	0	0	0	ABSTAIN	A	0	0	0
H5B-D-6-09#s100r077	16	0	0	0	0	ABSTAIN	A	0	0	0
H5B-P-06-00#s100r078	16	0	0	0	0	ABSTAIN	A	0	0	0
H5B-P-06-01#s100r078	16	0	0	0	0	ABSTAIN	A	0	0	0
H5B-P-06-02#s100r078	16	0	0	0	0	ABSTAIN	A	0	0	0
H5B-P-06-03#s100r078	16	0	0	0	0	ABSTAIN	A	0	0	0
H5B-P-06-04#s100r078	16	0	0	0	0	ABSTAIN	A	0	0	0
H5B-P-06-05#s100r078	16	0	0	0	0	ABSTAIN	A	0	0	0
H5B-P-06-06#s100r078	16	0	0	0	0	ABSTAIN	A	0	0	0
H5B-P-06-07#s100r078	16	0	0	0	0	ABSTAIN	A	0	0	0
H5B-P-06-08#s100r078	16	0	0	0	0	ABSTAIN	A	0	0	0
H5B-P-06-09#s100r078	16	0	0	0	0	ABSTAIN	A	0	0	0
H5B-P-12-00#s100r078	16	0	0	0	0	ABSTAIN	A	0	0	0
H5B-P-12-01#s100r078	16	0	0	0	0	ABSTAIN	A	0	0	0
H5B-P-12-02#s100r078	16	0	0	0	0	ABSTAIN	A	0	0	0
H5B-P-12-03#s100r078	16	0	0	0	0	ABSTAIN	A	0	0	0
H5B-P-12-04#s100r078	16	0	0	0	0	ABSTAIN	A	0	0	0
H5B-P-12-05#s100r078	16	0	0	0	0	ABSTAIN	A	0	0	0
H5B-P-12-06#s100r078	16	0	0	0	0	ABSTAIN	A	0	0	0
H5B-P-12-07#s100r078	16	0	0	0	0	ABSTAIN	A	0	0	0
H5B-P-12-08#s100r078	16	0	0	0	0	ABSTAIN	A	0	0	0
H5B-P-12-09#s100r078	16	0	0	0	0	ABSTAIN	A	0	0	0
H5B-P-20-00#s100r078	16	0	0	0	0	RELEASE	0	0	0	0
H5B-P-20-01#s100r078	16	0	0	0	0	RELEASE	0	0	0	0
H5B-P-20-02#s100r078	16	0	0	0	0	RELEASE	0	0	0	0
H5B-P-20-03#s100r078	16	0	0	0	0	RELEASE	0	0	0	0
H5B-P-20-04#s100r078	16	0	0	0	0	RELEASE	0	0	0	0
H5B-P-20-05#s100r078	16	0	0	0	0	RELEASE	0	0	0	0
H5B-P-20-06#s100r078	16	0	0	0	0	RELEASE	0	0	0	0
H5B-P-20-07#s100r078	16	0	0	0	0	RELEASE	0	0	0	0
H5B-P-20-08#s100r078	16	0	0	0	0	RELEASE	0	0	0	0
H5B-P-20-09#s100r078	16	0	0	0	0	RELEASE	0	0	0	0
H5B-P-40-00#s100r078	16	0	0	0	0	RELEASE	0	0	0	0
H5B-P-40-01#s100r078	16	0	0	0	0	RELEASE	0	0	0	0
H5B-P-40-02#s100r078	16	0	0	0	0	RELEASE	0	0	0	0
H5B-P-40-03#s100r078	16	0	0	0	0	RELEASE	0	0	0	0
H5B-P-40-04#s100r078	16	0	0	0	0	RELEASE	0	0	0	0
H5B-P-40-05#s100r078	16	0	0	0	0	RELEASE	0	0	0	0
H5B-P-40-06#s100r078	16	0	0	0	0	RELEASE	0	0	0	0
H5B-P-40-07#s100r078	16	0	0	0	0	RELEASE	0	0	0	0
H5B-P-40-08#s100r078	16	0	0	0	0	RELEASE	0	0	0	0
H5B-P-40-09#s100r078	16	0	0	0	0	RELEASE	0	0	0	0
H5B-O-06-00#s100r078	16	0	0	0	0	ABSTAIN	A	0	0	0
H5B-O-06-01#s100r078	16	0	0	0	0	ABSTAIN	A	0	0	0
H5B-O-06-02#s100r078	16	0	0	0	0	ABSTAIN	A	0	0	0
H5B-O-06-03#s100r078	16	0	0	0	0	ABSTAIN	A	0	0	0
H5B-O-06-04#s100r078	16	0	0	0	0	ABSTAIN	A	0	0	0
H5B-O-06-05#s100r078	16	0	0	0	0	ABSTAIN	A	0	0	0
H5B-O-06-06#s100r078	16	0	0	0	0	ABSTAIN	A	0	0	0
H5B-O-06-07#s100r078	16	0	0	0	0	ABSTAIN	A	0	0	0
H5B-O-06-08#s100r078	16	0	0	0	0	ABSTAIN	A	0	0	0
H5B-O-06-09#s100r078	16	0	0	0	0	ABSTAIN	A	0	0	0
H5B-O-12-00#s100r078	16	0	0	0	0	ABSTAIN	A	0	0	0
H5B-O-12-01#s100r078	16	0	0	0	0	ABSTAIN	A	0	0	0
H5B-O-12-02#s100r078	16	0	0	0	0	ABSTAIN	A	0	0	0
H5B-O-12-03#s100r078	16	0	0	0	0	ABSTAIN	A	0	0	0
H5B-O-12-04#s100r078	16	0	0	0	0	ABSTAIN	A	0	0	0
H5B-O-12-05#s100r078	16	0	0	0	0	ABSTAIN	A	0	0	0
H5B-O-12-06#s100r078	16	0	0	0	0	ABSTAIN	A	0	0	0
H5B-O-12-07#s100r078	16	0	0	0	0	ABSTAIN	A	0	0	0
H5B-O-12-08#s100r078	16	0	0	0	0	ABSTAIN	A	0	0	0
H5B-O-12-09#s100r078	16	0	0	0	0	ABSTAIN	A	0	0	0
H5B-O-20-00#s100r078	16	0	0	0	0	RELEASE	1	652	0	0
H5B-O-20-01#s100r078	16	0	0	0	0	RELEASE	1	513	0	0
H5B-O-20-02#s100r078	16	0	0	0	0	RELEASE	1	652	0	0
H5B-O-20-03#s100r078	16	0	0	0	0	RELEASE	1	514	0	0
H5B-O-20-04#s100r078	16	0	0	0	0	RELEASE	1	652	0	0
H5B-O-20-05#s100r078	16	0	0	0	0	RELEASE	1	652	0	0
H5B-O-20-06#s100r078	16	0	0	0	0	RELEASE	1	514	0	0
H5B-O-20-07#s100r078	16	0	0	0	0	RELEASE	1	652	0	0
H5B-O-20-08#s100r078	16	0	0	0	0	RELEASE	1	514	0	0
H5B-O-20-09#s100r078	16	0	0	0	0	RELEASE	1	652	0	0
H5B-O-40-00#s100r078	16	0	0	0	0	RELEASE	1	651	0	0
H5B-O-40-01#s100r078	16	0	0	0	0	RELEASE	1	514	0	0
H5B-O-40-02#s100r078	16	0	0	0	0	RELEASE	1	651	0	0
H5B-O-40-03#s100r078	16	0	0	0	0	RELEASE	1	514	0	0
H5B-O-40-04#s100r078	16	0	0	0	0	RELEASE	1	652	0	0
H5B-O-40-05#s100r078	16	0	0	0	0	RELEASE	1	652	0	0
H5B-O-40-06#s100r078	16	0	0	0	0	RELEASE	1	515	0	0
H5B-O-40-07#s100r078	16	0	0	0	0	RELEASE	1	652	0	0
H5B-O-40-08#s100r078	16	0	0	0	0	RELEASE	1	515	0	0
H5B-O-40-09#s100r078	16	0	0	0	0	RELEASE	1	652	0	0
H5B-D-0-00#s100r078	16	0	0	0	0	RELEASE	1	660	0	0
H5B-D-0-01#s100r078	16	0	0	0	0	RELEASE	1	660	0	0
H5B-D-0-02#s100r078	16	0	0	0	0	RELEASE	1	660	0	0
H5B-D-0-03#s100r078	16	0	0	0	0	RELEASE	1	660	0	0
H5B-D-0-04#s100r078	16	0	0	0	0	RELEASE	1	660	0	0
H5B-D-0-05#s100r078	16	0	0	0	0	RELEASE	1	660	0	0
H5B-D-0-06#s100r078	16	0	0	0	0	RELEASE	1	660	0	0
H5B-D-0-07#s100r078	16	0	0	0	0	RELEASE	1	660	0	0
H5B-D-0-08#s100r078	16	0	0	0	0	RELEASE	1	660	0	0
H5B-D-0-09#s100r078	16	0	0	0	0	RELEASE	1	661	0	0
H5B-D-1-00#s100r078	16	0	0	0	0	ABSTAIN	A	0	0	0
H5B-D-1-01#s100r078	16	0	0	0	0	ABSTAIN	A	0	0	0
H5B-D-1-02#s100r078	16	0	0	0	0	ABSTAIN	A	0	0	0
H5B-D-1-03#s100r078	16	0	0	0	0	ABSTAIN	A	0	0	0
H5B-D-1-04#s100r078	16	0	0	0	0	ABSTAIN	A	0	0	0
H5B-D-1-05#s100r078	16	0	0	0	0	ABSTAIN	A	0	0	0
H5B-D-1-06#s100r078	16	0	0	0	0	ABSTAIN	A	0	0	0
H5B-D-1-07#s100r078	16	0	0	0	0	ABSTAIN	A	0	0	0
H5B-D-1-08#s100r078	16	0	0	0	0	ABSTAIN	A	0	0	0
H5B-D-1-09#s100r078	16	0	0	0	0	ABSTAIN	A	0	0	0
H5B-D-2-00#s100r078	16	0	0	0	0	ABSTAIN	A	0	0	0
H5B-D-2-01#s100r078	16	0	0	0	0	ABSTAIN	A	0	0	0
H5B-D-2-02#s100r078	16	0	0	0	0	ABSTAIN	A	0	0	0
H5B-D-2-03#s100r078	16	0	0	0	0	ABSTAIN	A	0	0	0
H5B-D-2-04#s100r078	16	0	0	0	0	ABSTAIN	A	0	0	0
H5B-D-2-05#s100r078	16	0	0	0	0	ABSTAIN	A	0	0	0
H5B-D-2-06#s100r078	16	0	0	0	0	ABSTAIN	A	0	0	0
H5B-D-2-07#s100r078	16	0	0	0	0	ABSTAIN	A	0	0	0
H5B-D-2-08#s100r078	16	0	0	0	0	ABSTAIN	A	0	0	0
H5B-D-2-09#s100r078	16	0	0	0	0	ABSTAIN	A	0	0	0
H5B-D-6-00#s100r078	16	0	0	0	0	ABSTAIN	A	0	0	0
H5B-D-6-01#s100r078	16	0	0	0	0	ABSTAIN	A	0	0	0
H5B-D-6-02#s100r078	16	0	0	0	0	ABSTAIN	A	0	0	0
H5B-D-6-03#s100r078	16	0	0	0	0	ABSTAIN	A	0	0	0
H5B-D-6-04#s100r078	16	0	0	0	0	ABSTAIN	A	0	0	0
H5B-D-6-05#s100r078	16	0	0	0	0	ABSTAIN	A	0	0	0
H5B-D-6-06#s100r078	16	0	0	0	0	ABSTAIN	A	0	0	0
H5B-D-6-07#s100r078	16	0	0	0	0	ABSTAIN	A	0	0	0
H5B-D-6-08#s100r078	16	0	0	0	0	ABSTAIN	A	0	0	0
H5B-D-6-09#s100r078	16	0	0	0	0	ABSTAIN	A	0	0	0
H5B-P-06-00#s100r079	16	0	0	0	0	ABSTAIN	A	0	0	0
H5B-P-06-01#s100r079	16	0	0	0	0	ABSTAIN	A	0	0	0
H5B-P-06-02#s100r079	16	0	0	0	0	ABSTAIN	A	0	0	0
H5B-P-06-03#s100r079	16	0	0	0	0	ABSTAIN	A	0	0	0
H5B-P-06-04#s100r079	16	0	0	0	0	ABSTAIN	A	0	0	0
H5B-P-06-05#s100r079	16	0	0	0	0	ABSTAIN	A	0	0	0
H5B-P-06-06#s100r079	16	0	0	0	0	ABSTAIN	A	0	0	0
H5B-P-06-07#s100r079	16	0	0	0	0	ABSTAIN	A	0	0	0
H5B-P-06-08#s100r079	16	0	0	0	0	ABSTAIN	A	0	0	0
H5B-P-06-09#s100r079	16	0	0	0	0	ABSTAIN	A	0	0	0
H5B-P-12-00#s100r079	16	0	0	0	0	ABSTAIN	A	0	0	0
H5B-P-12-01#s100r079	16	0	0	0	0	ABSTAIN	A	0	0	0
H5B-P-12-02#s100r079	16	0	0	0	0	ABSTAIN	A	0	0	0
H5B-P-12-03#s100r079	16	0	0	0	0	ABSTAIN	A	0	0	0
H5B-P-12-04#s100r079	16	0	0	0	0	ABSTAIN	A	0	0	0
H5B-P-12-05#s100r079	16	0	0	0	0	ABSTAIN	A	0	0	0
H5B-P-12-06#s100r079	16	0	0	0	0	ABSTAIN	A	0	0	0
H5B-P-12-07#s100r079	16	0	0	0	0	ABSTAIN	A	0	0	0
H5B-P-12-08#s100r079	16	0	0	0	0	ABSTAIN	A	0	0	0
H5B-P-12-09#s100r079	16	0	0	0	0	ABSTAIN	A	0	0	0
H5B-P-20-00#s100r079	16	0	0	0	0	RELEASE	0	0	0	0
H5B-P-20-01#s100r079	16	0	0	0	0	RELEASE	0	0	0	0
H5B-P-20-02#s100r079	16	0	0	0	0	RELEASE	0	0	0	0
H5B-P-20-03#s100r079	16	0	0	0	0	RELEASE	0	0	0	0
H5B-P-20-04#s100r079	16	0	0	0	0	RELEASE	0	0	0	0
H5B-P-20-05#s100r079	16	0	0	0	0	RELEASE	0	0	0	0
H5B-P-20-06#s100r079	16	0	0	0	0	RELEASE	0	0	0	0
H5B-P-20-07#s100r079	16	0	0	0	0	RELEASE	0	0	0	0
H5B-P-20-08#s100r079	16	0	0	0	0	RELEASE	0	0	0	0
H5B-P-20-09#s100r079	16	0	0	0	0	RELEASE	0	0	0	0
H5B-P-40-00#s100r079	16	0	0	0	0	RELEASE	0	0	0	0
H5B-P-40-01#s100r079	16	0	0	0	0	RELEASE	0	0	0	0
H5B-P-40-02#s100r079	16	0	0	0	0	RELEASE	0	0	0	0
H5B-P-40-03#s100r079	16	0	0	0	0	RELEASE	0	0	0	0
H5B-P-40-04#s100r079	16	0	0	0	0	RELEASE	0	0	0	0
H5B-P-40-05#s100r079	16	0	0	0	0	RELEASE	0	0	0	0
H5B-P-40-06#s100r079	16	0	0	0	0	RELEASE	0	0	0	0
H5B-P-40-07#s100r079	16	0	0	0	0	RELEASE	0	0	0	0
H5B-P-40-08#s100r079	16	0	0	0	0	RELEASE	0	0	0	0
H5B-P-40-09#s100r079	16	0	0	0	0	RELEASE	0	0	0	0
H5B-O-06-00#s100r079	16	0	0	0	0	ABSTAIN	A	0	0	0
H5B-O-06-01#s100r079	16	0	0	0	0	ABSTAIN	A	0	0	0
H5B-O-06-02#s100r079	16	0	0	0	0	ABSTAIN	A	0	0	0
H5B-O-06-03#s100r079	16	0	0	0	0	ABSTAIN	A	0	0	0
H5B-O-06-04#s100r079	16	0	0	0	0	ABSTAIN	A	0	0	0
H5B-O-06-05#s100r079	16	0	0	0	0	ABSTAIN	A	0	0	0
H5B-O-06-06#s100r079	16	0	0	0	0	ABSTAIN	A	0	0	0
H5B-O-06-07#s100r079	16	0	0	0	0	ABSTAIN	A	0	0	0
H5B-O-06-08#s100r079	16	0	0	0	0	ABSTAIN	A	0	0	0
H5B-O-06-09#s100r079	16	0	0	0	0	ABSTAIN	A	0	0	0
H5B-O-12-00#s100r079	16	0	0	0	0	ABSTAIN	A	0	0	0
H5B-O-12-01#s100r079	16	0	0	0	0	ABSTAIN	A	0	0	0
H5B-O-12-02#s100r079	16	0	0	0	0	ABSTAIN	A	0	0	0
H5B-O-12-03#s100r079	16	0	0	0	0	ABSTAIN	A	0	0	0
H5B-O-12-04#s100r079	16	0	0	0	0	ABSTAIN	A	0	0	0
H5B-O-12-05#s100r079	16	0	0	0	0	ABSTAIN	A	0	0	0
H5B-O-12-06#s100r079	16	0	0	0	0	ABSTAIN	A	0	0	0
H5B-O-12-07#s100r079	16	0	0	0	0	ABSTAIN	A	0	0	0
H5B-O-12-08#s100r079	16	0	0	0	0	ABSTAIN	A	0	0	0
H5B-O-12-09#s100r079	16	0	0	0	0	ABSTAIN	A	0	0	0
H5B-O-20-00#s100r079	16	0	0	0	0	RELEASE	1	652	0	0
H5B-O-20-01#s100r079	16	0	0	0	0	RELEASE	1	513	0	0
H5B-O-20-02#s100r079	16	0	0	0	0	RELEASE	1	652	0	0
H5B-O-20-03#s100r079	16	0	0	0	0	RELEASE	1	514	0	0
H5B-O-20-04#s100r079	16	0	0	0	0	RELEASE	1	652	0	0
H5B-O-20-05#s100r079	16	0	0	0	0	RELEASE	1	652	0	0
H5B-O-20-06#s100r079	16	0	0	0	0	RELEASE	1	514	0	0
H5B-O-20-07#s100r079	16	0	0	0	0	RELEASE	1	652	0	0
H5B-O-20-08#s100r079	16	0	0	0	0	RELEASE	1	514	0	0
H5B-O-20-09#s100r079	16	0	0	0	0	RELEASE	1	652	0	0
H5B-O-40-00#s100r079	16	0	0	0	0	RELEASE	1	651	0	0
H5B-O-40-01#s100r079	16	0	0	0	0	RELEASE	1	514	0	0
H5B-O-40-02#s100r079	16	0	0	0	0	RELEASE	1	651	0	0
H5B-O-40-03#s100r079	16	0	0	0	0	RELEASE	1	514	0	0
H5B-O-40-04#s100r079	16	0	0	0	0	RELEASE	1	652	0	0
H5B-O-40-05#s100r079	16	0	0	0	0	RELEASE	1	652	0	0
H5B-O-40-06#s100r079	16	0	0	0	0	RELEASE	1	515	0	0
H5B-O-40-07#s100r079	16	0	0	0	0	RELEASE	1	652	0	0
H5B-O-40-08#s100r079	16	0	0	0	0	RELEASE	1	515	0	0
H5B-O-40-09#s100r079	16	0	0	0	0	RELEASE	1	652	0	0
H5B-D-0-00#s100r079	16	0	0	0	0	RELEASE	1	660	0	0
H5B-D-0-01#s100r079	16	0	0	0	0	RELEASE	1	660	0	0
H5B-D-0-02#s100r079	16	0	0	0	0	RELEASE	1	660	0	0
H5B-D-0-03#s100r079	16	0	0	0	0	RELEASE	1	660	0	0
H5B-D-0-04#s100r079	16	0	0	0	0	RELEASE	1	660	0	0
H5B-D-0-05#s100r079	16	0	0	0	0	RELEASE	1	660	0	0
H5B-D-0-06#s100r079	16	0	0	0	0	RELEASE	1	660	0	0
H5B-D-0-07#s100r079	16	0	0	0	0	RELEASE	1	660	0	0
H5B-D-0-08#s100r079	16	0	0	0	0	RELEASE	1	660	0	0
H5B-D-0-09#s100r079	16	0	0	0	0	RELEASE	1	661	0	0
H5B-D-1-00#s100r079	16	0	0	0	0	ABSTAIN	A	0	0	0
H5B-D-1-01#s100r079	16	0	0	0	0	ABSTAIN	A	0	0	0
H5B-D-1-02#s100r079	16	0	0	0	0	ABSTAIN	A	0	0	0
H5B-D-1-03#s100r079	16	0	0	0	0	ABSTAIN	A	0	0	0
H5B-D-1-04#s100r079	16	0	0	0	0	ABSTAIN	A	0	0	0
H5B-D-1-05#s100r079	16	0	0	0	0	ABSTAIN	A	0	0	0
H5B-D-1-06#s100r079	16	0	0	0	0	ABSTAIN	A	0	0	0
H5B-D-1-07#s100r079	16	0	0	0	0	ABSTAIN	A	0	0	0
H5B-D-1-08#s100r079	16	0	0	0	0	ABSTAIN	A	0	0	0
H5B-D-1-09#s100r079	16	0	0	0	0	ABSTAIN	A	0	0	0
H5B-D-2-00#s100r079	16	0	0	0	0	ABSTAIN	A	0	0	0
H5B-D-2-01#s100r079	16	0	0	0	0	ABSTAIN	A	0	0	0
H5B-D-2-02#s100r079	16	0	0	0	0	ABSTAIN	A	0	0	0
H5B-D-2-03#s100r079	16	0	0	0	0	ABSTAIN	A	0	0	0
H5B-D-2-04#s100r079	16	0	0	0	0	ABSTAIN	A	0	0	0
H5B-D-2-05#s100r079	16	0	0	0	0	ABSTAIN	A	0	0	0
H5B-D-2-06#s100r079	16	0	0	0	0	ABSTAIN	A	0	0	0
H5B-D-2-07#s100r079	16	0	0	0	0	ABSTAIN	A	0	0	0
H5B-D-2-08#s100r079	16	0	0	0	0	ABSTAIN	A	0	0	0
H5B-D-2-09#s100r079	16	0	0	0	0	ABSTAIN	A	0	0	0
H5B-D-6-00#s100r079	16	0	0	0	0	ABSTAIN	A	0	0	0
H5B-D-6-01#s100r079	16	0	0	0	0	ABSTAIN	A	0	0	0
H5B-D-6-02#s100r079	16	0	0	0	0	ABSTAIN	A	0	0	0
H5B-D-6-03#s100r079	16	0	0	0	0	ABSTAIN	A	0	0	0
H5B-D-6-04#s100r079	16	0	0	0	0	ABSTAIN	A	0	0	0
H5B-D-6-05#s100r079	16	0	0	0	0	ABSTAIN	A	0	0	0
H5B-D-6-06#s100r079	16	0	0	0	0	ABSTAIN	A	0	0	0
H5B-D-6-07#s100r079	16	0	0	0	0	ABSTAIN	A	0	0	0
H5B-D-6-08#s100r079	16	0	0	0	0	ABSTAIN	A	0	0	0
H5B-D-6-09#s100r079	16	0	0	0	0	ABSTAIN	A	0	0	0
H5B-P-06-00#s100r080	16	0	0	0	0	ABSTAIN	A	0	0	0
H5B-P-06-01#s100r080	16	0	0	0	0	ABSTAIN	A	0	0	0
H5B-P-06-02#s100r080	16	0	0	0	0	ABSTAIN	A	0	0	0
H5B-P-06-03#s100r080	16	0	0	0	0	ABSTAIN	A	0	0	0
H5B-P-06-04#s100r080	16	0	0	0	0	ABSTAIN	A	0	0	0
H5B-P-06-05#s100r080	16	0	0	0	0	ABSTAIN	A	0	0	0
H5B-P-06-06#s100r080	16	0	0	0	0	ABSTAIN	A	0	0	0
H5B-P-06-07#s100r080	16	0	0	0	0	ABSTAIN	A	0	0	0
H5B-P-06-08#s100r080	16	0	0	0	0	ABSTAIN	A	0	0	0
H5B-P-06-09#s100r080	16	0	0	0	0	ABSTAIN	A	0	0	0
H5B-P-12-00#s100r080	16	0	0	0	0	ABSTAIN	A	0	0	0
H5B-P-12-01#s100r080	16	0	0	0	0	ABSTAIN	A	0	0	0
H5B-P-12-02#s100r080	16	0	0	0	0	ABSTAIN	A	0	0	0
H5B-P-12-03#s100r080	16	0	0	0	0	ABSTAIN	A	0	0	0
H5B-P-12-04#s100r080	16	0	0	0	0	ABSTAIN	A	0	0	0
H5B-P-12-05#s100r080	16	0	0	0	0	ABSTAIN	A	0	0	0
H5B-P-12-06#s100r080	16	0	0	0	0	ABSTAIN	A	0	0	0
H5B-P-12-07#s100r080	16	0	0	0	0	ABSTAIN	A	0	0	0
H5B-P-12-08#s100r080	16	0	0	0	0	ABSTAIN	A	0	0	0
H5B-P-12-09#s100r080	16	0	0	0	0	ABSTAIN	A	0	0	0
H5B-P-20-00#s100r080	16	0	0	0	0	RELEASE	0	0	0	0
H5B-P-20-01#s100r080	16	0	0	0	0	RELEASE	0	0	0	0
H5B-P-20-02#s100r080	16	0	0	0	0	RELEASE	0	0	0	0
H5B-P-20-03#s100r080	16	0	0	0	0	RELEASE	0	0	0	0
H5B-P-20-04#s100r080	16	0	0	0	0	RELEASE	0	0	0	0
H5B-P-20-05#s100r080	16	0	0	0	0	RELEASE	0	0	0	0
H5B-P-20-06#s100r080	16	0	0	0	0	RELEASE	0	0	0	0
H5B-P-20-07#s100r080	16	0	0	0	0	RELEASE	0	0	0	0
H5B-P-20-08#s100r080	16	0	0	0	0	RELEASE	0	0	0	0
H5B-P-20-09#s100r080	16	0	0	0	0	RELEASE	0	0	0	0
H5B-P-40-00#s100r080	16	0	0	0	0	RELEASE	0	0	0	0
H5B-P-40-01#s100r080	16	0	0	0	0	RELEASE	0	0	0	0
H5B-P-40-02#s100r080	16	0	0	0	0	RELEASE	0	0	0	0
H5B-P-40-03#s100r080	16	0	0	0	0	RELEASE	0	0	0	0
H5B-P-40-04#s100r080	16	0	0	0	0	RELEASE	0	0	0	0
H5B-P-40-05#s100r080	16	0	0	0	0	RELEASE	0	0	0	0
H5B-P-40-06#s100r080	16	0	0	0	0	RELEASE	0	0	0	0
H5B-P-40-07#s100r080	16	0	0	0	0	RELEASE	0	0	0	0
H5B-P-40-08#s100r080	16	0	0	0	0	RELEASE	0	0	0	0
H5B-P-40-09#s100r080	16	0	0	0	0	RELEASE	0	0	0	0
H5B-O-06-00#s100r080	16	0	0	0	0	ABSTAIN	A	0	0	0
H5B-O-06-01#s100r080	16	0	0	0	0	ABSTAIN	A	0	0	0
H5B-O-06-02#s100r080	16	0	0	0	0	ABSTAIN	A	0	0	0
H5B-O-06-03#s100r080	16	0	0	0	0	ABSTAIN	A	0	0	0
H5B-O-06-04#s100r080	16	0	0	0	0	ABSTAIN	A	0	0	0
H5B-O-06-05#s100r080	16	0	0	0	0	ABSTAIN	A	0	0	0
H5B-O-06-06#s100r080	16	0	0	0	0	ABSTAIN	A	0	0	0
H5B-O-06-07#s100r080	16	0	0	0	0	ABSTAIN	A	0	0	0
H5B-O-06-08#s100r080	16	0	0	0	0	ABSTAIN	A	0	0	0
H5B-O-06-09#s100r080	16	0	0	0	0	ABSTAIN	A	0	0	0
H5B-O-12-00#s100r080	16	0	0	0	0	ABSTAIN	A	0	0	0
H5B-O-12-01#s100r080	16	0	0	0	0	ABSTAIN	A	0	0	0
H5B-O-12-02#s100r080	16	0	0	0	0	ABSTAIN	A	0	0	0
H5B-O-12-03#s100r080	16	0	0	0	0	ABSTAIN	A	0	0	0
H5B-O-12-04#s100r080	16	0	0	0	0	ABSTAIN	A	0	0	0
H5B-O-12-05#s100r080	16	0	0	0	0	ABSTAIN	A	0	0	0
H5B-O-12-06#s100r080	16	0	0	0	0	ABSTAIN	A	0	0	0
H5B-O-12-07#s100r080	16	0	0	0	0	ABSTAIN	A	0	0	0
H5B-O-12-08#s100r080	16	0	0	0	0	ABSTAIN	A	0	0	0
H5B-O-12-09#s100r080	16	0	0	0	0	ABSTAIN	A	0	0	0
H5B-O-20-00#s100r080	16	0	0	0	0	RELEASE	1	652	0	0
H5B-O-20-01#s100r080	16	0	0	0	0	RELEASE	1	514	0	0
H5B-O-20-02#s100r080	16	0	0	0	0	RELEASE	1	652	0	0
H5B-O-20-03#s100r080	16	0	0	0	0	RELEASE	1	514	0	0
H5B-O-20-04#s100r080	16	0	0	0	0	RELEASE	1	652	0	0
H5B-O-20-05#s100r080	16	0	0	0	0	RELEASE	1	652	0	0
H5B-O-20-06#s100r080	16	0	0	0	0	RELEASE	1	514	0	0
H5B-O-20-07#s100r080	16	0	0	0	0	RELEASE	1	652	0	0
H5B-O-20-08#s100r080	16	0	0	0	0	RELEASE	1	514	0	0
H5B-O-20-09#s100r080	16	0	0	0	0	RELEASE	1	652	0	0
H5B-O-40-00#s100r080	16	0	0	0	0	RELEASE	1	651	0	0
H5B-O-40-01#s100r080	16	0	0	0	0	RELEASE	1	514	0	0
H5B-O-40-02#s100r080	16	0	0	0	0	RELEASE	1	651	0	0
H5B-O-40-03#s100r080	16	0	0	0	0	RELEASE	1	514	0	0
H5B-O-40-04#s100r080	16	0	0	0	0	RELEASE	1	652	0	0
H5B-O-40-05#s100r080	16	0	0	0	0	RELEASE	1	652	0	0
H5B-O-40-06#s100r080	16	0	0	0	0	RELEASE	1	515	0	0
H5B-O-40-07#s100r080	16	0	0	0	0	RELEASE	1	652	0	0
H5B-O-40-08#s100r080	16	0	0	0	0	RELEASE	1	515	0	0
H5B-O-40-09#s100r080	16	0	0	0	0	RELEASE	1	652	0	0
H5B-D-0-00#s100r080	16	0	0	0	0	RELEASE	1	660	0	0
H5B-D-0-01#s100r080	16	0	0	0	0	RELEASE	1	660	0	0
H5B-D-0-02#s100r080	16	0	0	0	0	RELEASE	1	660	0	0
H5B-D-0-03#s100r080	16	0	0	0	0	RELEASE	1	660	0	0
H5B-D-0-04#s100r080	16	0	0	0	0	RELEASE	1	660	0	0
H5B-D-0-05#s100r080	16	0	0	0	0	RELEASE	1	660	0	0
H5B-D-0-06#s100r080	16	0	0	0	0	RELEASE	1	660	0	0
H5B-D-0-07#s100r080	16	0	0	0	0	RELEASE	1	660	0	0
H5B-D-0-08#s100r080	16	0	0	0	0	RELEASE	1	660	0	0
H5B-D-0-09#s100r080	16	0	0	0	0	RELEASE	1	660	0	0
H5B-D-1-00#s100r080	16	0	0	0	0	ABSTAIN	A	0	0	0
H5B-D-1-01#s100r080	16	0	0	0	0	ABSTAIN	A	0	0	0
H5B-D-1-02#s100r080	16	0	0	0	0	ABSTAIN	A	0	0	0
H5B-D-1-03#s100r080	16	0	0	0	0	ABSTAIN	A	0	0	0
H5B-D-1-04#s100r080	16	0	0	0	0	ABSTAIN	A	0	0	0
H5B-D-1-05#s100r080	16	0	0	0	0	ABSTAIN	A	0	0	0
H5B-D-1-06#s100r080	16	0	0	0	0	ABSTAIN	A	0	0	0
H5B-D-1-07#s100r080	16	0	0	0	0	ABSTAIN	A	0	0	0
H5B-D-1-08#s100r080	16	0	0	0	0	ABSTAIN	A	0	0	0
H5B-D-1-09#s100r080	16	0	0	0	0	ABSTAIN	A	0	0	0
H5B-D-2-00#s100r080	16	0	0	0	0	ABSTAIN	A	0	0	0
H5B-D-2-01#s100r080	16	0	0	0	0	ABSTAIN	A	0	0	0
H5B-D-2-02#s100r080	16	0	0	0	0	ABSTAIN	A	0	0	0
H5B-D-2-03#s100r080	16	0	0	0	0	ABSTAIN	A	0	0	0
H5B-D-2-04#s100r080	16	0	0	0	0	ABSTAIN	A	0	0	0
H5B-D-2-05#s100r080	16	0	0	0	0	ABSTAIN	A	0	0	0
H5B-D-2-06#s100r080	16	0	0	0	0	ABSTAIN	A	0	0	0
H5B-D-2-07#s100r080	16	0	0	0	0	ABSTAIN	A	0	0	0
H5B-D-2-08#s100r080	16	0	0	0	0	ABSTAIN	A	0	0	0
H5B-D-2-09#s100r080	16	0	0	0	0	ABSTAIN	A	0	0	0
H5B-D-6-00#s100r080	16	0	0	0	0	ABSTAIN	A	0	0	0
H5B-D-6-01#s100r080	16	0	0	0	0	ABSTAIN	A	0	0	0
H5B-D-6-02#s100r080	16	0	0	0	0	ABSTAIN	A	0	0	0
H5B-D-6-03#s100r080	16	0	0	0	0	ABSTAIN	A	0	0	0
H5B-D-6-04#s100r080	16	0	0	0	0	ABSTAIN	A	0	0	0
H5B-D-6-05#s100r080	16	0	0	0	0	ABSTAIN	A	0	0	0
H5B-D-6-06#s100r080	16	0	0	0	0	ABSTAIN	A	0	0	0
H5B-D-6-07#s100r080	16	0	0	0	0	ABSTAIN	A	0	0	0
H5B-D-6-08#s100r080	16	0	0	0	0	ABSTAIN	A	0	0	0
H5B-D-6-09#s100r080	16	0	0	0	0	ABSTAIN	A	0	0	0
H5B-P-06-00#s100r081	16	0	0	0	0	ABSTAIN	A	0	0	0
H5B-P-06-01#s100r081	16	0	0	0	0	ABSTAIN	A	0	0	0
H5B-P-06-02#s100r081	16	0	0	0	0	ABSTAIN	A	0	0	0
H5B-P-06-03#s100r081	16	0	0	0	0	ABSTAIN	A	0	0	0
H5B-P-06-04#s100r081	16	0	0	0	0	ABSTAIN	A	0	0	0
H5B-P-06-05#s100r081	16	0	0	0	0	ABSTAIN	A	0	0	0
H5B-P-06-06#s100r081	16	0	0	0	0	ABSTAIN	A	0	0	0
H5B-P-06-07#s100r081	16	0	0	0	0	ABSTAIN	A	0	0	0
H5B-P-06-08#s100r081	16	0	0	0	0	ABSTAIN	A	0	0	0
H5B-P-06-09#s100r081	16	0	0	0	0	ABSTAIN	A	0	0	0
H5B-P-12-00#s100r081	16	0	0	0	0	ABSTAIN	A	0	0	0
H5B-P-12-01#s100r081	16	0	0	0	0	ABSTAIN	A	0	0	0
H5B-P-12-02#s100r081	16	0	0	0	0	ABSTAIN	A	0	0	0
H5B-P-12-03#s100r081	16	0	0	0	0	ABSTAIN	A	0	0	0
H5B-P-12-04#s100r081	16	0	0	0	0	ABSTAIN	A	0	0	0
H5B-P-12-05#s100r081	16	0	0	0	0	ABSTAIN	A	0	0	0
H5B-P-12-06#s100r081	16	0	0	0	0	ABSTAIN	A	0	0	0
H5B-P-12-07#s100r081	16	0	0	0	0	ABSTAIN	A	0	0	0
H5B-P-12-08#s100r081	16	0	0	0	0	ABSTAIN	A	0	0	0
H5B-P-12-09#s100r081	16	0	0	0	0	ABSTAIN	A	0	0	0
H5B-P-20-00#s100r081	16	0	0	0	0	RELEASE	0	0	0	0
H5B-P-20-01#s100r081	16	0	0	0	0	RELEASE	0	0	0	0
H5B-P-20-02#s100r081	16	0	0	0	0	RELEASE	0	0	0	0
H5B-P-20-03#s100r081	16	0	0	0	0	RELEASE	0	0	0	0
H5B-P-20-04#s100r081	16	0	0	0	0	RELEASE	0	0	0	0
H5B-P-20-05#s100r081	16	0	0	0	0	RELEASE	0	0	0	0
H5B-P-20-06#s100r081	16	0	0	0	0	RELEASE	0	0	0	0
H5B-P-20-07#s100r081	16	0	0	0	0	RELEASE	0	0	0	0
H5B-P-20-08#s100r081	16	0	0	0	0	RELEASE	0	0	0	0
H5B-P-20-09#s100r081	16	0	0	0	0	RELEASE	0	0	0	0
H5B-P-40-00#s100r081	16	0	0	0	0	RELEASE	0	0	0	0
H5B-P-40-01#s100r081	16	0	0	0	0	RELEASE	0	0	0	0
H5B-P-40-02#s100r081	16	0	0	0	0	RELEASE	0	0	0	0
H5B-P-40-03#s100r081	16	0	0	0	0	RELEASE	0	0	0	0
H5B-P-40-04#s100r081	16	0	0	0	0	RELEASE	0	0	0	0
H5B-P-40-05#s100r081	16	0	0	0	0	RELEASE	0	0	0	0
H5B-P-40-06#s100r081	16	0	0	0	0	RELEASE	0	0	0	0
H5B-P-40-07#s100r081	16	0	0	0	0	RELEASE	0	0	0	0
H5B-P-40-08#s100r081	16	0	0	0	0	RELEASE	0	0	0	0
H5B-P-40-09#s100r081	16	0	0	0	0	RELEASE	0	0	0	0
H5B-O-06-00#s100r081	16	0	0	0	0	ABSTAIN	A	0	0	0
H5B-O-06-01#s100r081	16	0	0	0	0	ABSTAIN	A	0	0	0
H5B-O-06-02#s100r081	16	0	0	0	0	ABSTAIN	A	0	0	0
H5B-O-06-03#s100r081	16	0	0	0	0	ABSTAIN	A	0	0	0
H5B-O-06-04#s100r081	16	0	0	0	0	ABSTAIN	A	0	0	0
H5B-O-06-05#s100r081	16	0	0	0	0	ABSTAIN	A	0	0	0
H5B-O-06-06#s100r081	16	0	0	0	0	ABSTAIN	A	0	0	0
H5B-O-06-07#s100r081	16	0	0	0	0	ABSTAIN	A	0	0	0
H5B-O-06-08#s100r081	16	0	0	0	0	ABSTAIN	A	0	0	0
H5B-O-06-09#s100r081	16	0	0	0	0	ABSTAIN	A	0	0	0
H5B-O-12-00#s100r081	16	0	0	0	0	ABSTAIN	A	0	0	0
H5B-O-12-01#s100r081	16	0	0	0	0	ABSTAIN	A	0	0	0
H5B-O-12-02#s100r081	16	0	0	0	0	ABSTAIN	A	0	0	0
H5B-O-12-03#s100r081	16	0	0	0	0	ABSTAIN	A	0	0	0
H5B-O-12-04#s100r081	16	0	0	0	0	ABSTAIN	A	0	0	0
H5B-O-12-05#s100r081	16	0	0	0	0	ABSTAIN	A	0	0	0
H5B-O-12-06#s100r081	16	0	0	0	0	ABSTAIN	A	0	0	0
H5B-O-12-07#s100r081	16	0	0	0	0	ABSTAIN	A	0	0	0
H5B-O-12-08#s100r081	16	0	0	0	0	ABSTAIN	A	0	0	0
H5B-O-12-09#s100r081	16	0	0	0	0	ABSTAIN	A	0	0	0
H5B-O-20-00#s100r081	16	0	0	0	0	RELEASE	1	652	0	0
H5B-O-20-01#s100r081	16	0	0	0	0	RELEASE	1	514	0	0
H5B-O-20-02#s100r081	16	0	0	0	0	RELEASE	1	652	0	0
H5B-O-20-03#s100r081	16	0	0	0	0	RELEASE	1	514	0	0
H5B-O-20-04#s100r081	16	0	0	0	0	RELEASE	1	652	0	0
H5B-O-20-05#s100r081	16	0	0	0	0	RELEASE	1	652	0	0
H5B-O-20-06#s100r081	16	0	0	0	0	RELEASE	1	514	0	0
H5B-O-20-07#s100r081	16	0	0	0	0	RELEASE	1	652	0	0
H5B-O-20-08#s100r081	16	0	0	0	0	RELEASE	1	514	0	0
H5B-O-20-09#s100r081	16	0	0	0	0	RELEASE	1	652	0	0
H5B-O-40-00#s100r081	16	0	0	0	0	RELEASE	1	651	0	0
H5B-O-40-01#s100r081	16	0	0	0	0	RELEASE	1	514	0	0
H5B-O-40-02#s100r081	16	0	0	0	0	RELEASE	1	651	0	0
H5B-O-40-03#s100r081	16	0	0	0	0	RELEASE	1	514	0	0
H5B-O-40-04#s100r081	16	0	0	0	0	RELEASE	1	652	0	0
H5B-O-40-05#s100r081	16	0	0	0	0	RELEASE	1	652	0	0
H5B-O-40-06#s100r081	16	0	0	0	0	RELEASE	1	515	0	0
H5B-O-40-07#s100r081	16	0	0	0	0	RELEASE	1	652	0	0
H5B-O-40-08#s100r081	16	0	0	0	0	RELEASE	1	515	0	0
H5B-O-40-09#s100r081	16	0	0	0	0	RELEASE	1	652	0	0
H5B-D-0-00#s100r081	16	0	0	0	0	RELEASE	1	660	0	0
H5B-D-0-01#s100r081	16	0	0	0	0	RELEASE	1	660	0	0
H5B-D-0-02#s100r081	16	0	0	0	0	RELEASE	1	660	0	0
H5B-D-0-03#s100r081	16	0	0	0	0	RELEASE	1	660	0	0
H5B-D-0-04#s100r081	16	0	0	0	0	RELEASE	1	660	0	0
H5B-D-0-05#s100r081	16	0	0	0	0	RELEASE	1	660	0	0
H5B-D-0-06#s100r081	16	0	0	0	0	RELEASE	1	660	0	0
H5B-D-0-07#s100r081	16	0	0	0	0	RELEASE	1	660	0	0
H5B-D-0-08#s100r081	16	0	0	0	0	RELEASE	1	660	0	0
H5B-D-0-09#s100r081	16	0	0	0	0	RELEASE	1	660	0	0
H5B-D-1-00#s100r081	16	0	0	0	0	ABSTAIN	A	0	0	0
H5B-D-1-01#s100r081	16	0	0	0	0	ABSTAIN	A	0	0	0
H5B-D-1-02#s100r081	16	0	0	0	0	ABSTAIN	A	0	0	0
H5B-D-1-03#s100r081	16	0	0	0	0	ABSTAIN	A	0	0	0
H5B-D-1-04#s100r081	16	0	0	0	0	ABSTAIN	A	0	0	0
H5B-D-1-05#s100r081	16	0	0	0	0	ABSTAIN	A	0	0	0
H5B-D-1-06#s100r081	16	0	0	0	0	ABSTAIN	A	0	0	0
H5B-D-1-07#s100r081	16	0	0	0	0	ABSTAIN	A	0	0	0
H5B-D-1-08#s100r081	16	0	0	0	0	ABSTAIN	A	0	0	0
H5B-D-1-09#s100r081	16	0	0	0	0	ABSTAIN	A	0	0	0
H5B-D-2-00#s100r081	16	0	0	0	0	ABSTAIN	A	0	0	0
H5B-D-2-01#s100r081	16	0	0	0	0	ABSTAIN	A	0	0	0
H5B-D-2-02#s100r081	16	0	0	0	0	ABSTAIN	A	0	0	0
H5B-D-2-03#s100r081	16	0	0	0	0	ABSTAIN	A	0	0	0
H5B-D-2-04#s100r081	16	0	0	0	0	ABSTAIN	A	0	0	0
H5B-D-2-05#s100r081	16	0	0	0	0	ABSTAIN	A	0	0	0
H5B-D-2-06#s100r081	16	0	0	0	0	ABSTAIN	A	0	0	0
H5B-D-2-07#s100r081	16	0	0	0	0	ABSTAIN	A	0	0	0
H5B-D-2-08#s100r081	16	0	0	0	0	ABSTAIN	A	0	0	0
H5B-D-2-09#s100r081	16	0	0	0	0	ABSTAIN	A	0	0	0
H5B-D-6-00#s100r081	16	0	0	0	0	ABSTAIN	A	0	0	0
H5B-D-6-01#s100r081	16	0	0	0	0	ABSTAIN	A	0	0	0
H5B-D-6-02#s100r081	16	0	0	0	0	ABSTAIN	A	0	0	0
H5B-D-6-03#s100r081	16	0	0	0	0	ABSTAIN	A	0	0	0
H5B-D-6-04#s100r081	16	0	0	0	0	ABSTAIN	A	0	0	0
H5B-D-6-05#s100r081	16	0	0	0	0	ABSTAIN	A	0	0	0
H5B-D-6-06#s100r081	16	0	0	0	0	ABSTAIN	A	0	0	0
H5B-D-6-07#s100r081	16	0	0	0	0	ABSTAIN	A	0	0	0
H5B-D-6-08#s100r081	16	0	0	0	0	ABSTAIN	A	0	0	0
H5B-D-6-09#s100r081	16	0	0	0	0	ABSTAIN	A	0	0	0
H5B-P-06-00#s100r082	16	0	0	0	0	ABSTAIN	A	0	0	0
H5B-P-06-01#s100r082	16	0	0	0	0	ABSTAIN	A	0	0	0
H5B-P-06-02#s100r082	16	0	0	0	0	ABSTAIN	A	0	0	0
H5B-P-06-03#s100r082	16	0	0	0	0	ABSTAIN	A	0	0	0
H5B-P-06-04#s100r082	16	0	0	0	0	ABSTAIN	A	0	0	0
H5B-P-06-05#s100r082	16	0	0	0	0	ABSTAIN	A	0	0	0
H5B-P-06-06#s100r082	16	0	0	0	0	ABSTAIN	A	0	0	0
H5B-P-06-07#s100r082	16	0	0	0	0	ABSTAIN	A	0	0	0
H5B-P-06-08#s100r082	16	0	0	0	0	ABSTAIN	A	0	0	0
H5B-P-06-09#s100r082	16	0	0	0	0	ABSTAIN	A	0	0	0
H5B-P-12-00#s100r082	16	0	0	0	0	ABSTAIN	A	0	0	0
H5B-P-12-01#s100r082	16	0	0	0	0	ABSTAIN	A	0	0	0
H5B-P-12-02#s100r082	16	0	0	0	0	ABSTAIN	A	0	0	0
H5B-P-12-03#s100r082	16	0	0	0	0	ABSTAIN	A	0	0	0
H5B-P-12-04#s100r082	16	0	0	0	0	ABSTAIN	A	0	0	0
H5B-P-12-05#s100r082	16	0	0	0	0	ABSTAIN	A	0	0	0
H5B-P-12-06#s100r082	16	0	0	0	0	ABSTAIN	A	0	0	0
H5B-P-12-07#s100r082	16	0	0	0	0	ABSTAIN	A	0	0	0
H5B-P-12-08#s100r082	16	0	0	0	0	ABSTAIN	A	0	0	0
H5B-P-12-09#s100r082	16	0	0	0	0	ABSTAIN	A	0	0	0
H5B-P-20-00#s100r082	16	0	0	0	0	RELEASE	0	0	0	0
H5B-P-20-01#s100r082	16	0	0	0	0	RELEASE	0	0	0	0
H5B-P-20-02#s100r082	16	0	0	0	0	RELEASE	0	0	0	0
H5B-P-20-03#s100r082	16	0	0	0	0	RELEASE	0	0	0	0
H5B-P-20-04#s100r082	16	0	0	0	0	RELEASE	0	0	0	0
H5B-P-20-05#s100r082	16	0	0	0	0	RELEASE	0	0	0	0
H5B-P-20-06#s100r082	16	0	0	0	0	RELEASE	0	0	0	0
H5B-P-20-07#s100r082	16	0	0	0	0	RELEASE	0	0	0	0
H5B-P-20-08#s100r082	16	0	0	0	0	RELEASE	0	0	0	0
H5B-P-20-09#s100r082	16	0	0	0	0	RELEASE	0	0	0	0
H5B-P-40-00#s100r082	16	0	0	0	0	RELEASE	0	0	0	0
H5B-P-40-01#s100r082	16	0	0	0	0	RELEASE	0	0	0	0
H5B-P-40-02#s100r082	16	0	0	0	0	RELEASE	0	0	0	0
H5B-P-40-03#s100r082	16	0	0	0	0	RELEASE	0	0	0	0
H5B-P-40-04#s100r082	16	0	0	0	0	RELEASE	0	0	0	0
H5B-P-40-05#s100r082	16	0	0	0	0	RELEASE	0	0	0	0
H5B-P-40-06#s100r082	16	0	0	0	0	RELEASE	0	0	0	0
H5B-P-40-07#s100r082	16	0	0	0	0	RELEASE	0	0	0	0
H5B-P-40-08#s100r082	16	0	0	0	0	RELEASE	0	0	0	0
H5B-P-40-09#s100r082	16	0	0	0	0	RELEASE	0	0	0	0
H5B-O-06-00#s100r082	16	0	0	0	0	ABSTAIN	A	0	0	0
H5B-O-06-01#s100r082	16	0	0	0	0	ABSTAIN	A	0	0	0
H5B-O-06-02#s100r082	16	0	0	0	0	ABSTAIN	A	0	0	0
H5B-O-06-03#s100r082	16	0	0	0	0	ABSTAIN	A	0	0	0
H5B-O-06-04#s100r082	16	0	0	0	0	ABSTAIN	A	0	0	0
H5B-O-06-05#s100r082	16	0	0	0	0	ABSTAIN	A	0	0	0
H5B-O-06-06#s100r082	16	0	0	0	0	ABSTAIN	A	0	0	0
H5B-O-06-07#s100r082	16	0	0	0	0	ABSTAIN	A	0	0	0
H5B-O-06-08#s100r082	16	0	0	0	0	ABSTAIN	A	0	0	0
H5B-O-06-09#s100r082	16	0	0	0	0	ABSTAIN	A	0	0	0
H5B-O-12-00#s100r082	16	0	0	0	0	ABSTAIN	A	0	0	0
H5B-O-12-01#s100r082	16	0	0	0	0	ABSTAIN	A	0	0	0
H5B-O-12-02#s100r082	16	0	0	0	0	ABSTAIN	A	0	0	0
H5B-O-12-03#s100r082	16	0	0	0	0	ABSTAIN	A	0	0	0
H5B-O-12-04#s100r082	16	0	0	0	0	ABSTAIN	A	0	0	0
H5B-O-12-05#s100r082	16	0	0	0	0	ABSTAIN	A	0	0	0
H5B-O-12-06#s100r082	16	0	0	0	0	ABSTAIN	A	0	0	0
H5B-O-12-07#s100r082	16	0	0	0	0	ABSTAIN	A	0	0	0
H5B-O-12-08#s100r082	16	0	0	0	0	ABSTAIN	A	0	0	0
H5B-O-12-09#s100r082	16	0	0	0	0	ABSTAIN	A	0	0	0
H5B-O-20-00#s100r082	16	0	0	0	0	RELEASE	1	652	0	0
H5B-O-20-01#s100r082	16	0	0	0	0	RELEASE	1	514	0	0
H5B-O-20-02#s100r082	16	0	0	0	0	RELEASE	1	652	0	0
H5B-O-20-03#s100r082	16	0	0	0	0	RELEASE	1	514	0	0
H5B-O-20-04#s100r082	16	0	0	0	0	RELEASE	1	652	0	0
H5B-O-20-05#s100r082	16	0	0	0	0	RELEASE	1	652	0	0
H5B-O-20-06#s100r082	16	0	0	0	0	RELEASE	1	514	0	0
H5B-O-20-07#s100r082	16	0	0	0	0	RELEASE	1	652	0	0
H5B-O-20-08#s100r082	16	0	0	0	0	RELEASE	1	514	0	0
H5B-O-20-09#s100r082	16	0	0	0	0	RELEASE	1	652	0	0
H5B-O-40-00#s100r082	16	0	0	0	0	RELEASE	1	651	0	0
H5B-O-40-01#s100r082	16	0	0	0	0	RELEASE	1	514	0	0
H5B-O-40-02#s100r082	16	0	0	0	0	RELEASE	1	651	0	0
H5B-O-40-03#s100r082	16	0	0	0	0	RELEASE	1	514	0	0
H5B-O-40-04#s100r082	16	0	0	0	0	RELEASE	1	652	0	0
H5B-O-40-05#s100r082	16	0	0	0	0	RELEASE	1	652	0	0
H5B-O-40-06#s100r082	16	0	0	0	0	RELEASE	1	515	0	0
H5B-O-40-07#s100r082	16	0	0	0	0	RELEASE	1	652	0	0
H5B-O-40-08#s100r082	16	0	0	0	0	RELEASE	1	515	0	0
H5B-O-40-09#s100r082	16	0	0	0	0	RELEASE	1	652	0	0
H5B-D-0-00#s100r082	16	0	0	0	0	RELEASE	1	660	0	0
H5B-D-0-01#s100r082	16	0	0	0	0	RELEASE	1	660	0	0
H5B-D-0-02#s100r082	16	0	0	0	0	RELEASE	1	660	0	0
H5B-D-0-03#s100r082	16	0	0	0	0	RELEASE	1	660	0	0
H5B-D-0-04#s100r082	16	0	0	0	0	RELEASE	1	660	0	0
H5B-D-0-05#s100r082	16	0	0	0	0	RELEASE	1	660	0	0
H5B-D-0-06#s100r082	16	0	0	0	0	RELEASE	1	660	0	0
H5B-D-0-07#s100r082	16	0	0	0	0	RELEASE	1	660	0	0
H5B-D-0-08#s100r082	16	0	0	0	0	RELEASE	1	660	0	0
H5B-D-0-09#s100r082	16	0	0	0	0	RELEASE	1	660	0	0
H5B-D-1-00#s100r082	16	0	0	0	0	ABSTAIN	A	0	0	0
H5B-D-1-01#s100r082	16	0	0	0	0	ABSTAIN	A	0	0	0
H5B-D-1-02#s100r082	16	0	0	0	0	ABSTAIN	A	0	0	0
H5B-D-1-03#s100r082	16	0	0	0	0	ABSTAIN	A	0	0	0
H5B-D-1-04#s100r082	16	0	0	0	0	ABSTAIN	A	0	0	0
H5B-D-1-05#s100r082	16	0	0	0	0	ABSTAIN	A	0	0	0
H5B-D-1-06#s100r082	16	0	0	0	0	ABSTAIN	A	0	0	0
H5B-D-1-07#s100r082	16	0	0	0	0	ABSTAIN	A	0	0	0
H5B-D-1-08#s100r082	16	0	0	0	0	ABSTAIN	A	0	0	0
H5B-D-1-09#s100r082	16	0	0	0	0	ABSTAIN	A	0	0	0
H5B-D-2-00#s100r082	16	0	0	0	0	ABSTAIN	A	0	0	0
H5B-D-2-01#s100r082	16	0	0	0	0	ABSTAIN	A	0	0	0
H5B-D-2-02#s100r082	16	0	0	0	0	ABSTAIN	A	0	0	0
H5B-D-2-03#s100r082	16	0	0	0	0	ABSTAIN	A	0	0	0
H5B-D-2-04#s100r082	16	0	0	0	0	ABSTAIN	A	0	0	0
H5B-D-2-05#s100r082	16	0	0	0	0	ABSTAIN	A	0	0	0
H5B-D-2-06#s100r082	16	0	0	0	0	ABSTAIN	A	0	0	0
H5B-D-2-07#s100r082	16	0	0	0	0	ABSTAIN	A	0	0	0
H5B-D-2-08#s100r082	16	0	0	0	0	ABSTAIN	A	0	0	0
H5B-D-2-09#s100r082	16	0	0	0	0	ABSTAIN	A	0	0	0
H5B-D-6-00#s100r082	16	0	0	0	0	ABSTAIN	A	0	0	0
H5B-D-6-01#s100r082	16	0	0	0	0	ABSTAIN	A	0	0	0
H5B-D-6-02#s100r082	16	0	0	0	0	ABSTAIN	A	0	0	0
H5B-D-6-03#s100r082	16	0	0	0	0	ABSTAIN	A	0	0	0
H5B-D-6-04#s100r082	16	0	0	0	0	ABSTAIN	A	0	0	0
H5B-D-6-05#s100r082	16	0	0	0	0	ABSTAIN	A	0	0	0
H5B-D-6-06#s100r082	16	0	0	0	0	ABSTAIN	A	0	0	0
H5B-D-6-07#s100r082	16	0	0	0	0	ABSTAIN	A	0	0	0
H5B-D-6-08#s100r082	16	0	0	0	0	ABSTAIN	A	0	0	0
H5B-D-6-09#s100r082	16	0	0	0	0	ABSTAIN	A	0	0	0
H5B-P-06-00#s100r083	16	0	0	0	0	ABSTAIN	A	0	0	0
H5B-P-06-01#s100r083	16	0	0	0	0	ABSTAIN	A	0	0	0
H5B-P-06-02#s100r083	16	0	0	0	0	ABSTAIN	A	0	0	0
H5B-P-06-03#s100r083	16	0	0	0	0	ABSTAIN	A	0	0	0
H5B-P-06-04#s100r083	16	0	0	0	0	ABSTAIN	A	0	0	0
H5B-P-06-05#s100r083	16	0	0	0	0	ABSTAIN	A	0	0	0
H5B-P-06-06#s100r083	16	0	0	0	0	ABSTAIN	A	0	0	0
H5B-P-06-07#s100r083	16	0	0	0	0	ABSTAIN	A	0	0	0
H5B-P-06-08#s100r083	16	0	0	0	0	ABSTAIN	A	0	0	0
H5B-P-06-09#s100r083	16	0	0	0	0	ABSTAIN	A	0	0	0
H5B-P-12-00#s100r083	16	0	0	0	0	ABSTAIN	A	0	0	0
H5B-P-12-01#s100r083	16	0	0	0	0	ABSTAIN	A	0	0	0
H5B-P-12-02#s100r083	16	0	0	0	0	ABSTAIN	A	0	0	0
H5B-P-12-03#s100r083	16	0	0	0	0	ABSTAIN	A	0	0	0
H5B-P-12-04#s100r083	16	0	0	0	0	ABSTAIN	A	0	0	0
H5B-P-12-05#s100r083	16	0	0	0	0	ABSTAIN	A	0	0	0
H5B-P-12-06#s100r083	16	0	0	0	0	ABSTAIN	A	0	0	0
H5B-P-12-07#s100r083	16	0	0	0	0	ABSTAIN	A	0	0	0
H5B-P-12-08#s100r083	16	0	0	0	0	ABSTAIN	A	0	0	0
H5B-P-12-09#s100r083	16	0	0	0	0	ABSTAIN	A	0	0	0
H5B-P-20-00#s100r083	16	0	0	0	0	RELEASE	0	0	0	0
H5B-P-20-01#s100r083	16	0	0	0	0	RELEASE	0	0	0	0
H5B-P-20-02#s100r083	16	0	0	0	0	RELEASE	0	0	0	0
H5B-P-20-03#s100r083	16	0	0	0	0	RELEASE	0	0	0	0
H5B-P-20-04#s100r083	16	0	0	0	0	RELEASE	0	0	0	0
H5B-P-20-05#s100r083	16	0	0	0	0	RELEASE	0	0	0	0
H5B-P-20-06#s100r083	16	0	0	0	0	RELEASE	0	0	0	0
H5B-P-20-07#s100r083	16	0	0	0	0	RELEASE	0	0	0	0
H5B-P-20-08#s100r083	16	0	0	0	0	RELEASE	0	0	0	0
H5B-P-20-09#s100r083	16	0	0	0	0	RELEASE	0	0	0	0
H5B-P-40-00#s100r083	16	0	0	0	0	RELEASE	0	0	0	0
H5B-P-40-01#s100r083	16	0	0	0	0	RELEASE	0	0	0	0
H5B-P-40-02#s100r083	16	0	0	0	0	RELEASE	0	0	0	0
H5B-P-40-03#s100r083	16	0	0	0	0	RELEASE	0	0	0	0
H5B-P-40-04#s100r083	16	0	0	0	0	RELEASE	0	0	0	0
H5B-P-40-05#s100r083	16	0	0	0	0	RELEASE	0	0	0	0
H5B-P-40-06#s100r083	16	0	0	0	0	RELEASE	0	0	0	0
H5B-P-40-07#s100r083	16	0	0	0	0	RELEASE	0	0	0	0
H5B-P-40-08#s100r083	16	0	0	0	0	RELEASE	0	0	0	0
H5B-P-40-09#s100r083	16	0	0	0	0	RELEASE	0	0	0	0
H5B-O-06-00#s100r083	16	0	0	0	0	ABSTAIN	A	0	0	0
H5B-O-06-01#s100r083	16	0	0	0	0	ABSTAIN	A	0	0	0
H5B-O-06-02#s100r083	16	0	0	0	0	ABSTAIN	A	0	0	0
H5B-O-06-03#s100r083	16	0	0	0	0	ABSTAIN	A	0	0	0
H5B-O-06-04#s100r083	16	0	0	0	0	ABSTAIN	A	0	0	0
H5B-O-06-05#s100r083	16	0	0	0	0	ABSTAIN	A	0	0	0
H5B-O-06-06#s100r083	16	0	0	0	0	ABSTAIN	A	0	0	0
H5B-O-06-07#s100r083	16	0	0	0	0	ABSTAIN	A	0	0	0
H5B-O-06-08#s100r083	16	0	0	0	0	ABSTAIN	A	0	0	0
H5B-O-06-09#s100r083	16	0	0	0	0	ABSTAIN	A	0	0	0
H5B-O-12-00#s100r083	16	0	0	0	0	ABSTAIN	A	0	0	0
H5B-O-12-01#s100r083	16	0	0	0	0	ABSTAIN	A	0	0	0
H5B-O-12-02#s100r083	16	0	0	0	0	ABSTAIN	A	0	0	0
H5B-O-12-03#s100r083	16	0	0	0	0	ABSTAIN	A	0	0	0
H5B-O-12-04#s100r083	16	0	0	0	0	ABSTAIN	A	0	0	0
H5B-O-12-05#s100r083	16	0	0	0	0	ABSTAIN	A	0	0	0
H5B-O-12-06#s100r083	16	0	0	0	0	ABSTAIN	A	0	0	0
H5B-O-12-07#s100r083	16	0	0	0	0	ABSTAIN	A	0	0	0
H5B-O-12-08#s100r083	16	0	0	0	0	ABSTAIN	A	0	0	0
H5B-O-12-09#s100r083	16	0	0	0	0	ABSTAIN	A	0	0	0
H5B-O-20-00#s100r083	16	0	0	0	0	RELEASE	1	652	0	0
H5B-O-20-01#s100r083	16	0	0	0	0	RELEASE	1	514	0	0
H5B-O-20-02#s100r083	16	0	0	0	0	RELEASE	1	652	0	0
H5B-O-20-03#s100r083	16	0	0	0	0	RELEASE	1	514	0	0
H5B-O-20-04#s100r083	16	0	0	0	0	RELEASE	1	652	0	0
H5B-O-20-05#s100r083	16	0	0	0	0	RELEASE	1	652	0	0
H5B-O-20-06#s100r083	16	0	0	0	0	RELEASE	1	514	0	0
H5B-O-20-07#s100r083	16	0	0	0	0	RELEASE	1	652	0	0
H5B-O-20-08#s100r083	16	0	0	0	0	RELEASE	1	514	0	0
H5B-O-20-09#s100r083	16	0	0	0	0	RELEASE	1	652	0	0
H5B-O-40-00#s100r083	16	0	0	0	0	RELEASE	1	651	0	0
H5B-O-40-01#s100r083	16	0	0	0	0	RELEASE	1	514	0	0
H5B-O-40-02#s100r083	16	0	0	0	0	RELEASE	1	651	0	0
H5B-O-40-03#s100r083	16	0	0	0	0	RELEASE	1	514	0	0
H5B-O-40-04#s100r083	16	0	0	0	0	RELEASE	1	652	0	0
H5B-O-40-05#s100r083	16	0	0	0	0	RELEASE	1	652	0	0
H5B-O-40-06#s100r083	16	0	0	0	0	RELEASE	1	515	0	0
H5B-O-40-07#s100r083	16	0	0	0	0	RELEASE	1	652	0	0
H5B-O-40-08#s100r083	16	0	0	0	0	RELEASE	1	515	0	0
H5B-O-40-09#s100r083	16	0	0	0	0	RELEASE	1	652	0	0
H5B-D-0-00#s100r083	16	0	0	0	0	RELEASE	1	660	0	0
H5B-D-0-01#s100r083	16	0	0	0	0	RELEASE	1	660	0	0
H5B-D-0-02#s100r083	16	0	0	0	0	RELEASE	1	660	0	0
H5B-D-0-03#s100r083	16	0	0	0	0	RELEASE	1	660	0	0
H5B-D-0-04#s100r083	16	0	0	0	0	RELEASE	1	660	0	0
H5B-D-0-05#s100r083	16	0	0	0	0	RELEASE	1	660	0	0
H5B-D-0-06#s100r083	16	0	0	0	0	RELEASE	1	660	0	0
H5B-D-0-07#s100r083	16	0	0	0	0	RELEASE	1	660	0	0
H5B-D-0-08#s100r083	16	0	0	0	0	RELEASE	1	660	0	0
H5B-D-0-09#s100r083	16	0	0	0	0	RELEASE	1	660	0	0
H5B-D-1-00#s100r083	16	0	0	0	0	ABSTAIN	A	0	0	0
H5B-D-1-01#s100r083	16	0	0	0	0	ABSTAIN	A	0	0	0
H5B-D-1-02#s100r083	16	0	0	0	0	ABSTAIN	A	0	0	0
H5B-D-1-03#s100r083	16	0	0	0	0	ABSTAIN	A	0	0	0
H5B-D-1-04#s100r083	16	0	0	0	0	ABSTAIN	A	0	0	0
H5B-D-1-05#s100r083	16	0	0	0	0	ABSTAIN	A	0	0	0
H5B-D-1-06#s100r083	16	0	0	0	0	ABSTAIN	A	0	0	0
H5B-D-1-07#s100r083	16	0	0	0	0	ABSTAIN	A	0	0	0
H5B-D-1-08#s100r083	16	0	0	0	0	ABSTAIN	A	0	0	0
H5B-D-1-09#s100r083	16	0	0	0	0	ABSTAIN	A	0	0	0
H5B-D-2-00#s100r083	16	0	0	0	0	ABSTAIN	A	0	0	0
H5B-D-2-01#s100r083	16	0	0	0	0	ABSTAIN	A	0	0	0
H5B-D-2-02#s100r083	16	0	0	0	0	ABSTAIN	A	0	0	0
H5B-D-2-03#s100r083	16	0	0	0	0	ABSTAIN	A	0	0	0
H5B-D-2-04#s100r083	16	0	0	0	0	ABSTAIN	A	0	0	0
H5B-D-2-05#s100r083	16	0	0	0	0	ABSTAIN	A	0	0	0
H5B-D-2-06#s100r083	16	0	0	0	0	ABSTAIN	A	0	0	0
H5B-D-2-07#s100r083	16	0	0	0	0	ABSTAIN	A	0	0	0
H5B-D-2-08#s100r083	16	0	0	0	0	ABSTAIN	A	0	0	0
H5B-D-2-09#s100r083	16	0	0	0	0	ABSTAIN	A	0	0	0
H5B-D-6-00#s100r083	16	0	0	0	0	ABSTAIN	A	0	0	0
H5B-D-6-01#s100r083	16	0	0	0	0	ABSTAIN	A	0	0	0
H5B-D-6-02#s100r083	16	0	0	0	0	ABSTAIN	A	0	0	0
H5B-D-6-03#s100r083	16	0	0	0	0	ABSTAIN	A	0	0	0
H5B-D-6-04#s100r083	16	0	0	0	0	ABSTAIN	A	0	0	0
H5B-D-6-05#s100r083	16	0	0	0	0	ABSTAIN	A	0	0	0
H5B-D-6-06#s100r083	16	0	0	0	0	ABSTAIN	A	0	0	0
H5B-D-6-07#s100r083	16	0	0	0	0	ABSTAIN	A	0	0	0
H5B-D-6-08#s100r083	16	0	0	0	0	ABSTAIN	A	0	0	0
H5B-D-6-09#s100r083	16	0	0	0	0	ABSTAIN	A	0	0	0
H5B-P-06-00#s100r084	16	0	0	0	0	ABSTAIN	A	0	0	0
H5B-P-06-01#s100r084	16	0	0	0	0	ABSTAIN	A	0	0	0
H5B-P-06-02#s100r084	16	0	0	0	0	ABSTAIN	A	0	0	0
H5B-P-06-03#s100r084	16	0	0	0	0	ABSTAIN	A	0	0	0
H5B-P-06-04#s100r084	16	0	0	0	0	ABSTAIN	A	0	0	0
H5B-P-06-05#s100r084	16	0	0	0	0	ABSTAIN	A	0	0	0
H5B-P-06-06#s100r084	16	0	0	0	0	ABSTAIN	A	0	0	0
H5B-P-06-07#s100r084	16	0	0	0	0	ABSTAIN	A	0	0	0
H5B-P-06-08#s100r084	16	0	0	0	0	ABSTAIN	A	0	0	0
H5B-P-06-09#s100r084	16	0	0	0	0	ABSTAIN	A	0	0	0
H5B-P-12-00#s100r084	16	0	0	0	0	ABSTAIN	A	0	0	0
H5B-P-12-01#s100r084	16	0	0	0	0	ABSTAIN	A	0	0	0
H5B-P-12-02#s100r084	16	0	0	0	0	ABSTAIN	A	0	0	0
H5B-P-12-03#s100r084	16	0	0	0	0	ABSTAIN	A	0	0	0
H5B-P-12-04#s100r084	16	0	0	0	0	ABSTAIN	A	0	0	0
H5B-P-12-05#s100r084	16	0	0	0	0	ABSTAIN	A	0	0	0
H5B-P-12-06#s100r084	16	0	0	0	0	ABSTAIN	A	0	0	0
H5B-P-12-07#s100r084	16	0	0	0	0	ABSTAIN	A	0	0	0
H5B-P-12-08#s100r084	16	0	0	0	0	ABSTAIN	A	0	0	0
H5B-P-12-09#s100r084	16	0	0	0	0	ABSTAIN	A	0	0	0
H5B-P-20-00#s100r084	16	0	0	0	0	RELEASE	0	0	0	0
H5B-P-20-01#s100r084	16	0	0	0	0	RELEASE	0	0	0	0
H5B-P-20-02#s100r084	16	0	0	0	0	RELEASE	0	0	0	0
H5B-P-20-03#s100r084	16	0	0	0	0	RELEASE	0	0	0	0
H5B-P-20-04#s100r084	16	0	0	0	0	RELEASE	0	0	0	0
H5B-P-20-05#s100r084	16	0	0	0	0	RELEASE	0	0	0	0
H5B-P-20-06#s100r084	16	0	0	0	0	RELEASE	0	0	0	0
H5B-P-20-07#s100r084	16	0	0	0	0	RELEASE	0	0	0	0
H5B-P-20-08#s100r084	16	0	0	0	0	RELEASE	0	0	0	0
H5B-P-20-09#s100r084	16	0	0	0	0	RELEASE	0	0	0	0
H5B-P-40-00#s100r084	16	0	0	0	0	RELEASE	0	0	0	0
H5B-P-40-01#s100r084	16	0	0	0	0	RELEASE	0	0	0	0
H5B-P-40-02#s100r084	16	0	0	0	0	RELEASE	0	0	0	0
H5B-P-40-03#s100r084	16	0	0	0	0	RELEASE	0	0	0	0
H5B-P-40-04#s100r084	16	0	0	0	0	RELEASE	0	0	0	0
H5B-P-40-05#s100r084	16	0	0	0	0	RELEASE	0	0	0	0
H5B-P-40-06#s100r084	16	0	0	0	0	RELEASE	0	0	0	0
H5B-P-40-07#s100r084	16	0	0	0	0	RELEASE	0	0	0	0
H5B-P-40-08#s100r084	16	0	0	0	0	RELEASE	0	0	0	0
H5B-P-40-09#s100r084	16	0	0	0	0	RELEASE	0	0	0	0
H5B-O-06-00#s100r084	16	0	0	0	0	ABSTAIN	A	0	0	0
H5B-O-06-01#s100r084	16	0	0	0	0	ABSTAIN	A	0	0	0
H5B-O-06-02#s100r084	16	0	0	0	0	ABSTAIN	A	0	0	0
H5B-O-06-03#s100r084	16	0	0	0	0	ABSTAIN	A	0	0	0
H5B-O-06-04#s100r084	16	0	0	0	0	ABSTAIN	A	0	0	0
H5B-O-06-05#s100r084	16	0	0	0	0	ABSTAIN	A	0	0	0
H5B-O-06-06#s100r084	16	0	0	0	0	ABSTAIN	A	0	0	0
H5B-O-06-07#s100r084	16	0	0	0	0	ABSTAIN	A	0	0	0
H5B-O-06-08#s100r084	16	0	0	0	0	ABSTAIN	A	0	0	0
H5B-O-06-09#s100r084	16	0	0	0	0	ABSTAIN	A	0	0	0
H5B-O-12-00#s100r084	16	0	0	0	0	ABSTAIN	A	0	0	0
H5B-O-12-01#s100r084	16	0	0	0	0	ABSTAIN	A	0	0	0
H5B-O-12-02#s100r084	16	0	0	0	0	ABSTAIN	A	0	0	0
H5B-O-12-03#s100r084	16	0	0	0	0	ABSTAIN	A	0	0	0
H5B-O-12-04#s100r084	16	0	0	0	0	ABSTAIN	A	0	0	0
H5B-O-12-05#s100r084	16	0	0	0	0	ABSTAIN	A	0	0	0
H5B-O-12-06#s100r084	16	0	0	0	0	ABSTAIN	A	0	0	0
H5B-O-12-07#s100r084	16	0	0	0	0	ABSTAIN	A	0	0	0
H5B-O-12-08#s100r084	16	0	0	0	0	ABSTAIN	A	0	0	0
H5B-O-12-09#s100r084	16	0	0	0	0	ABSTAIN	A	0	0	0
H5B-O-20-00#s100r084	16	0	0	0	0	RELEASE	1	652	0	0
H5B-O-20-01#s100r084	16	0	0	0	0	RELEASE	1	514	0	0
H5B-O-20-02#s100r084	16	0	0	0	0	RELEASE	1	652	0	0
H5B-O-20-03#s100r084	16	0	0	0	0	RELEASE	1	514	0	0
H5B-O-20-04#s100r084	16	0	0	0	0	RELEASE	1	652	0	0
H5B-O-20-05#s100r084	16	0	0	0	0	RELEASE	1	652	0	0
H5B-O-20-06#s100r084	16	0	0	0	0	RELEASE	1	514	0	0
H5B-O-20-07#s100r084	16	0	0	0	0	RELEASE	1	652	0	0
H5B-O-20-08#s100r084	16	0	0	0	0	RELEASE	1	514	0	0
H5B-O-20-09#s100r084	16	0	0	0	0	RELEASE	1	652	0	0
H5B-O-40-00#s100r084	16	0	0	0	0	RELEASE	1	651	0	0
H5B-O-40-01#s100r084	16	0	0	0	0	RELEASE	1	514	0	0
H5B-O-40-02#s100r084	16	0	0	0	0	RELEASE	1	651	0	0
H5B-O-40-03#s100r084	16	0	0	0	0	RELEASE	1	514	0	0
H5B-O-40-04#s100r084	16	0	0	0	0	RELEASE	1	652	0	0
H5B-O-40-05#s100r084	16	0	0	0	0	RELEASE	1	652	0	0
H5B-O-40-06#s100r084	16	0	0	0	0	RELEASE	1	515	0	0
H5B-O-40-07#s100r084	16	0	0	0	0	RELEASE	1	652	0	0
H5B-O-40-08#s100r084	16	0	0	0	0	RELEASE	1	515	0	0
H5B-O-40-09#s100r084	16	0	0	0	0	RELEASE	1	652	0	0
H5B-D-0-00#s100r084	16	0	0	0	0	RELEASE	1	660	0	0
H5B-D-0-01#s100r084	16	0	0	0	0	RELEASE	1	660	0	0
H5B-D-0-02#s100r084	16	0	0	0	0	RELEASE	1	660	0	0
H5B-D-0-03#s100r084	16	0	0	0	0	RELEASE	1	660	0	0
H5B-D-0-04#s100r084	16	0	0	0	0	RELEASE	1	660	0	0
H5B-D-0-05#s100r084	16	0	0	0	0	RELEASE	1	660	0	0
H5B-D-0-06#s100r084	16	0	0	0	0	RELEASE	1	660	0	0
H5B-D-0-07#s100r084	16	0	0	0	0	RELEASE	1	660	0	0
H5B-D-0-08#s100r084	16	0	0	0	0	RELEASE	1	660	0	0
H5B-D-0-09#s100r084	16	0	0	0	0	RELEASE	1	660	0	0
H5B-D-1-00#s100r084	16	0	0	0	0	ABSTAIN	A	0	0	0
H5B-D-1-01#s100r084	16	0	0	0	0	ABSTAIN	A	0	0	0
H5B-D-1-02#s100r084	16	0	0	0	0	ABSTAIN	A	0	0	0
H5B-D-1-03#s100r084	16	0	0	0	0	ABSTAIN	A	0	0	0
H5B-D-1-04#s100r084	16	0	0	0	0	ABSTAIN	A	0	0	0
H5B-D-1-05#s100r084	16	0	0	0	0	ABSTAIN	A	0	0	0
H5B-D-1-06#s100r084	16	0	0	0	0	ABSTAIN	A	0	0	0
H5B-D-1-07#s100r084	16	0	0	0	0	ABSTAIN	A	0	0	0
H5B-D-1-08#s100r084	16	0	0	0	0	ABSTAIN	A	0	0	0
H5B-D-1-09#s100r084	16	0	0	0	0	ABSTAIN	A	0	0	0
H5B-D-2-00#s100r084	16	0	0	0	0	ABSTAIN	A	0	0	0
H5B-D-2-01#s100r084	16	0	0	0	0	ABSTAIN	A	0	0	0
H5B-D-2-02#s100r084	16	0	0	0	0	ABSTAIN	A	0	0	0
H5B-D-2-03#s100r084	16	0	0	0	0	ABSTAIN	A	0	0	0
H5B-D-2-04#s100r084	16	0	0	0	0	ABSTAIN	A	0	0	0
H5B-D-2-05#s100r084	16	0	0	0	0	ABSTAIN	A	0	0	0
H5B-D-2-06#s100r084	16	0	0	0	0	ABSTAIN	A	0	0	0
H5B-D-2-07#s100r084	16	0	0	0	0	ABSTAIN	A	0	0	0
H5B-D-2-08#s100r084	16	0	0	0	0	ABSTAIN	A	0	0	0
H5B-D-2-09#s100r084	16	0	0	0	0	ABSTAIN	A	0	0	0
H5B-D-6-00#s100r084	16	0	0	0	0	ABSTAIN	A	0	0	0
H5B-D-6-01#s100r084	16	0	0	0	0	ABSTAIN	A	0	0	0
H5B-D-6-02#s100r084	16	0	0	0	0	ABSTAIN	A	0	0	0
H5B-D-6-03#s100r084	16	0	0	0	0	ABSTAIN	A	0	0	0
H5B-D-6-04#s100r084	16	0	0	0	0	ABSTAIN	A	0	0	0
H5B-D-6-05#s100r084	16	0	0	0	0	ABSTAIN	A	0	0	0
H5B-D-6-06#s100r084	16	0	0	0	0	ABSTAIN	A	0	0	0
H5B-D-6-07#s100r084	16	0	0	0	0	ABSTAIN	A	0	0	0
H5B-D-6-08#s100r084	16	0	0	0	0	ABSTAIN	A	0	0	0
H5B-D-6-09#s100r084	16	0	0	0	0	ABSTAIN	A	0	0	0
H5B-P-06-00#s100r085	16	0	0	0	0	ABSTAIN	A	0	0	0
H5B-P-06-01#s100r085	16	0	0	0	0	ABSTAIN	A	0	0	0
H5B-P-06-02#s100r085	16	0	0	0	0	ABSTAIN	A	0	0	0
H5B-P-06-03#s100r085	16	0	0	0	0	ABSTAIN	A	0	0	0
H5B-P-06-04#s100r085	16	0	0	0	0	ABSTAIN	A	0	0	0
H5B-P-06-05#s100r085	16	0	0	0	0	ABSTAIN	A	0	0	0
H5B-P-06-06#s100r085	16	0	0	0	0	ABSTAIN	A	0	0	0
H5B-P-06-07#s100r085	16	0	0	0	0	ABSTAIN	A	0	0	0
H5B-P-06-08#s100r085	16	0	0	0	0	ABSTAIN	A	0	0	0
H5B-P-06-09#s100r085	16	0	0	0	0	ABSTAIN	A	0	0	0
H5B-P-12-00#s100r085	16	0	0	0	0	ABSTAIN	A	0	0	0
H5B-P-12-01#s100r085	16	0	0	0	0	ABSTAIN	A	0	0	0
H5B-P-12-02#s100r085	16	0	0	0	0	ABSTAIN	A	0	0	0
H5B-P-12-03#s100r085	16	0	0	0	0	ABSTAIN	A	0	0	0
H5B-P-12-04#s100r085	16	0	0	0	0	ABSTAIN	A	0	0	0
H5B-P-12-05#s100r085	16	0	0	0	0	ABSTAIN	A	0	0	0
H5B-P-12-06#s100r085	16	0	0	0	0	ABSTAIN	A	0	0	0
H5B-P-12-07#s100r085	16	0	0	0	0	ABSTAIN	A	0	0	0
H5B-P-12-08#s100r085	16	0	0	0	0	ABSTAIN	A	0	0	0
H5B-P-12-09#s100r085	16	0	0	0	0	ABSTAIN	A	0	0	0
H5B-P-20-00#s100r085	16	0	0	0	0	RELEASE	0	0	0	0
H5B-P-20-01#s100r085	16	0	0	0	0	RELEASE	0	0	0	0
H5B-P-20-02#s100r085	16	0	0	0	0	RELEASE	0	0	0	0
H5B-P-20-03#s100r085	16	0	0	0	0	RELEASE	0	0	0	0
H5B-P-20-04#s100r085	16	0	0	0	0	RELEASE	0	0	0	0
H5B-P-20-05#s100r085	16	0	0	0	0	RELEASE	0	0	0	0
H5B-P-20-06#s100r085	16	0	0	0	0	RELEASE	0	0	0	0
H5B-P-20-07#s100r085	16	0	0	0	0	RELEASE	0	0	0	0
H5B-P-20-08#s100r085	16	0	0	0	0	RELEASE	0	0	0	0
H5B-P-20-09#s100r085	16	0	0	0	0	RELEASE	0	0	0	0
H5B-P-40-00#s100r085	16	0	0	0	0	RELEASE	0	0	0	0
H5B-P-40-01#s100r085	16	0	0	0	0	RELEASE	0	0	0	0
H5B-P-40-02#s100r085	16	0	0	0	0	RELEASE	0	0	0	0
H5B-P-40-03#s100r085	16	0	0	0	0	RELEASE	0	0	0	0
H5B-P-40-04#s100r085	16	0	0	0	0	RELEASE	0	0	0	0
H5B-P-40-05#s100r085	16	0	0	0	0	RELEASE	0	0	0	0
H5B-P-40-06#s100r085	16	0	0	0	0	RELEASE	0	0	0	0
H5B-P-40-07#s100r085	16	0	0	0	0	RELEASE	0	0	0	0
H5B-P-40-08#s100r085	16	0	0	0	0	RELEASE	0	0	0	0
H5B-P-40-09#s100r085	16	0	0	0	0	RELEASE	0	0	0	0
H5B-O-06-00#s100r085	16	0	0	0	0	ABSTAIN	A	0	0	0
H5B-O-06-01#s100r085	16	0	0	0	0	ABSTAIN	A	0	0	0
H5B-O-06-02#s100r085	16	0	0	0	0	ABSTAIN	A	0	0	0
H5B-O-06-03#s100r085	16	0	0	0	0	ABSTAIN	A	0	0	0
H5B-O-06-04#s100r085	16	0	0	0	0	ABSTAIN	A	0	0	0
H5B-O-06-05#s100r085	16	0	0	0	0	ABSTAIN	A	0	0	0
H5B-O-06-06#s100r085	16	0	0	0	0	ABSTAIN	A	0	0	0
H5B-O-06-07#s100r085	16	0	0	0	0	ABSTAIN	A	0	0	0
H5B-O-06-08#s100r085	16	0	0	0	0	ABSTAIN	A	0	0	0
H5B-O-06-09#s100r085	16	0	0	0	0	ABSTAIN	A	0	0	0
H5B-O-12-00#s100r085	16	0	0	0	0	ABSTAIN	A	0	0	0
H5B-O-12-01#s100r085	16	0	0	0	0	ABSTAIN	A	0	0	0
H5B-O-12-02#s100r085	16	0	0	0	0	ABSTAIN	A	0	0	0
H5B-O-12-03#s100r085	16	0	0	0	0	ABSTAIN	A	0	0	0
H5B-O-12-04#s100r085	16	0	0	0	0	ABSTAIN	A	0	0	0
H5B-O-12-05#s100r085	16	0	0	0	0	ABSTAIN	A	0	0	0
H5B-O-12-06#s100r085	16	0	0	0	0	ABSTAIN	A	0	0	0
H5B-O-12-07#s100r085	16	0	0	0	0	ABSTAIN	A	0	0	0
H5B-O-12-08#s100r085	16	0	0	0	0	ABSTAIN	A	0	0	0
H5B-O-12-09#s100r085	16	0	0	0	0	ABSTAIN	A	0	0	0
H5B-O-20-00#s100r085	16	0	0	0	0	RELEASE	1	652	0	0
H5B-O-20-01#s100r085	16	0	0	0	0	RELEASE	1	514	0	0
H5B-O-20-02#s100r085	16	0	0	0	0	RELEASE	1	652	0	0
H5B-O-20-03#s100r085	16	0	0	0	0	RELEASE	1	514	0	0
H5B-O-20-04#s100r085	16	0	0	0	0	RELEASE	1	652	0	0
H5B-O-20-05#s100r085	16	0	0	0	0	RELEASE	1	652	0	0
H5B-O-20-06#s100r085	16	0	0	0	0	RELEASE	1	514	0	0
H5B-O-20-07#s100r085	16	0	0	0	0	RELEASE	1	652	0	0
H5B-O-20-08#s100r085	16	0	0	0	0	RELEASE	1	514	0	0
H5B-O-20-09#s100r085	16	0	0	0	0	RELEASE	1	652	0	0
H5B-O-40-00#s100r085	16	0	0	0	0	RELEASE	1	651	0	0
H5B-O-40-01#s100r085	16	0	0	0	0	RELEASE	1	514	0	0
H5B-O-40-02#s100r085	16	0	0	0	0	RELEASE	1	651	0	0
H5B-O-40-03#s100r085	16	0	0	0	0	RELEASE	1	514	0	0
H5B-O-40-04#s100r085	16	0	0	0	0	RELEASE	1	652	0	0
H5B-O-40-05#s100r085	16	0	0	0	0	RELEASE	1	652	0	0
H5B-O-40-06#s100r085	16	0	0	0	0	RELEASE	1	515	0	0
H5B-O-40-07#s100r085	16	0	0	0	0	RELEASE	1	652	0	0
H5B-O-40-08#s100r085	16	0	0	0	0	RELEASE	1	515	0	0
H5B-O-40-09#s100r085	16	0	0	0	0	RELEASE	1	652	0	0
H5B-D-0-00#s100r085	16	0	0	0	0	RELEASE	1	660	0	0
H5B-D-0-01#s100r085	16	0	0	0	0	RELEASE	1	660	0	0
H5B-D-0-02#s100r085	16	0	0	0	0	RELEASE	1	660	0	0
H5B-D-0-03#s100r085	16	0	0	0	0	RELEASE	1	660	0	0
H5B-D-0-04#s100r085	16	0	0	0	0	RELEASE	1	660	0	0
H5B-D-0-05#s100r085	16	0	0	0	0	RELEASE	1	660	0	0
H5B-D-0-06#s100r085	16	0	0	0	0	RELEASE	1	660	0	0
H5B-D-0-07#s100r085	16	0	0	0	0	RELEASE	1	660	0	0
H5B-D-0-08#s100r085	16	0	0	0	0	RELEASE	1	660	0	0
H5B-D-0-09#s100r085	16	0	0	0	0	RELEASE	1	660	0	0
H5B-D-1-00#s100r085	16	0	0	0	0	ABSTAIN	A	0	0	0
H5B-D-1-01#s100r085	16	0	0	0	0	ABSTAIN	A	0	0	0
H5B-D-1-02#s100r085	16	0	0	0	0	ABSTAIN	A	0	0	0
H5B-D-1-03#s100r085	16	0	0	0	0	ABSTAIN	A	0	0	0
H5B-D-1-04#s100r085	16	0	0	0	0	ABSTAIN	A	0	0	0
H5B-D-1-05#s100r085	16	0	0	0	0	ABSTAIN	A	0	0	0
H5B-D-1-06#s100r085	16	0	0	0	0	ABSTAIN	A	0	0	0
H5B-D-1-07#s100r085	16	0	0	0	0	ABSTAIN	A	0	0	0
H5B-D-1-08#s100r085	16	0	0	0	0	ABSTAIN	A	0	0	0
H5B-D-1-09#s100r085	16	0	0	0	0	ABSTAIN	A	0	0	0
H5B-D-2-00#s100r085	16	0	0	0	0	ABSTAIN	A	0	0	0
H5B-D-2-01#s100r085	16	0	0	0	0	ABSTAIN	A	0	0	0
H5B-D-2-02#s100r085	16	0	0	0	0	ABSTAIN	A	0	0	0
H5B-D-2-03#s100r085	16	0	0	0	0	ABSTAIN	A	0	0	0
H5B-D-2-04#s100r085	16	0	0	0	0	ABSTAIN	A	0	0	0
H5B-D-2-05#s100r085	16	0	0	0	0	ABSTAIN	A	0	0	0
H5B-D-2-06#s100r085	16	0	0	0	0	ABSTAIN	A	0	0	0
H5B-D-2-07#s100r085	16	0	0	0	0	ABSTAIN	A	0	0	0
H5B-D-2-08#s100r085	16	0	0	0	0	ABSTAIN	A	0	0	0
H5B-D-2-09#s100r085	16	0	0	0	0	ABSTAIN	A	0	0	0
H5B-D-6-00#s100r085	16	0	0	0	0	ABSTAIN	A	0	0	0
H5B-D-6-01#s100r085	16	0	0	0	0	ABSTAIN	A	0	0	0
H5B-D-6-02#s100r085	16	0	0	0	0	ABSTAIN	A	0	0	0
H5B-D-6-03#s100r085	16	0	0	0	0	ABSTAIN	A	0	0	0
H5B-D-6-04#s100r085	16	0	0	0	0	ABSTAIN	A	0	0	0
H5B-D-6-05#s100r085	16	0	0	0	0	ABSTAIN	A	0	0	0
H5B-D-6-06#s100r085	16	0	0	0	0	ABSTAIN	A	0	0	0
H5B-D-6-07#s100r085	16	0	0	0	0	ABSTAIN	A	0	0	0
H5B-D-6-08#s100r085	16	0	0	0	0	ABSTAIN	A	0	0	0
H5B-D-6-09#s100r085	16	0	0	0	0	ABSTAIN	A	0	0	0
H5B-P-06-00#s100r086	16	0	0	0	0	ABSTAIN	A	0	0	0
H5B-P-06-01#s100r086	16	0	0	0	0	ABSTAIN	A	0	0	0
H5B-P-06-02#s100r086	16	0	0	0	0	ABSTAIN	A	0	0	0
H5B-P-06-03#s100r086	16	0	0	0	0	ABSTAIN	A	0	0	0
H5B-P-06-04#s100r086	16	0	0	0	0	ABSTAIN	A	0	0	0
H5B-P-06-05#s100r086	16	0	0	0	0	ABSTAIN	A	0	0	0
H5B-P-06-06#s100r086	16	0	0	0	0	ABSTAIN	A	0	0	0
H5B-P-06-07#s100r086	16	0	0	0	0	ABSTAIN	A	0	0	0
H5B-P-06-08#s100r086	16	0	0	0	0	ABSTAIN	A	0	0	0
H5B-P-06-09#s100r086	16	0	0	0	0	ABSTAIN	A	0	0	0
H5B-P-12-00#s100r086	16	0	0	0	0	ABSTAIN	A	0	0	0
H5B-P-12-01#s100r086	16	0	0	0	0	ABSTAIN	A	0	0	0
H5B-P-12-02#s100r086	16	0	0	0	0	ABSTAIN	A	0	0	0
H5B-P-12-03#s100r086	16	0	0	0	0	ABSTAIN	A	0	0	0
H5B-P-12-04#s100r086	16	0	0	0	0	ABSTAIN	A	0	0	0
H5B-P-12-05#s100r086	16	0	0	0	0	ABSTAIN	A	0	0	0
H5B-P-12-06#s100r086	16	0	0	0	0	ABSTAIN	A	0	0	0
H5B-P-12-07#s100r086	16	0	0	0	0	ABSTAIN	A	0	0	0
H5B-P-12-08#s100r086	16	0	0	0	0	ABSTAIN	A	0	0	0
H5B-P-12-09#s100r086	16	0	0	0	0	ABSTAIN	A	0	0	0
H5B-P-20-00#s100r086	16	0	0	0	0	RELEASE	0	0	0	0
H5B-P-20-01#s100r086	16	0	0	0	0	RELEASE	0	0	0	0
H5B-P-20-02#s100r086	16	0	0	0	0	RELEASE	0	0	0	0
H5B-P-20-03#s100r086	16	0	0	0	0	RELEASE	0	0	0	0
H5B-P-20-04#s100r086	16	0	0	0	0	RELEASE	0	0	0	0
H5B-P-20-05#s100r086	16	0	0	0	0	RELEASE	0	0	0	0
H5B-P-20-06#s100r086	16	0	0	0	0	RELEASE	0	0	0	0
H5B-P-20-07#s100r086	16	0	0	0	0	RELEASE	0	0	0	0
H5B-P-20-08#s100r086	16	0	0	0	0	RELEASE	0	0	0	0
H5B-P-20-09#s100r086	16	0	0	0	0	RELEASE	0	0	0	0
H5B-P-40-00#s100r086	16	0	0	0	0	RELEASE	0	0	0	0
H5B-P-40-01#s100r086	16	0	0	0	0	RELEASE	0	0	0	0
H5B-P-40-02#s100r086	16	0	0	0	0	RELEASE	0	0	0	0
H5B-P-40-03#s100r086	16	0	0	0	0	RELEASE	0	0	0	0
H5B-P-40-04#s100r086	16	0	0	0	0	RELEASE	0	0	0	0
H5B-P-40-05#s100r086	16	0	0	0	0	RELEASE	0	0	0	0
H5B-P-40-06#s100r086	16	0	0	0	0	RELEASE	0	0	0	0
H5B-P-40-07#s100r086	16	0	0	0	0	RELEASE	0	0	0	0
H5B-P-40-08#s100r086	16	0	0	0	0	RELEASE	0	0	0	0
H5B-P-40-09#s100r086	16	0	0	0	0	RELEASE	0	0	0	0
H5B-O-06-00#s100r086	16	0	0	0	0	ABSTAIN	A	0	0	0
H5B-O-06-01#s100r086	16	0	0	0	0	ABSTAIN	A	0	0	0
H5B-O-06-02#s100r086	16	0	0	0	0	ABSTAIN	A	0	0	0
H5B-O-06-03#s100r086	16	0	0	0	0	ABSTAIN	A	0	0	0
H5B-O-06-04#s100r086	16	0	0	0	0	ABSTAIN	A	0	0	0
H5B-O-06-05#s100r086	16	0	0	0	0	ABSTAIN	A	0	0	0
H5B-O-06-06#s100r086	16	0	0	0	0	ABSTAIN	A	0	0	0
H5B-O-06-07#s100r086	16	0	0	0	0	ABSTAIN	A	0	0	0
H5B-O-06-08#s100r086	16	0	0	0	0	ABSTAIN	A	0	0	0
H5B-O-06-09#s100r086	16	0	0	0	0	ABSTAIN	A	0	0	0
H5B-O-12-00#s100r086	16	0	0	0	0	ABSTAIN	A	0	0	0
H5B-O-12-01#s100r086	16	0	0	0	0	ABSTAIN	A	0	0	0
H5B-O-12-02#s100r086	16	0	0	0	0	ABSTAIN	A	0	0	0
H5B-O-12-03#s100r086	16	0	0	0	0	ABSTAIN	A	0	0	0
H5B-O-12-04#s100r086	16	0	0	0	0	ABSTAIN	A	0	0	0
H5B-O-12-05#s100r086	16	0	0	0	0	ABSTAIN	A	0	0	0
H5B-O-12-06#s100r086	16	0	0	0	0	ABSTAIN	A	0	0	0
H5B-O-12-07#s100r086	16	0	0	0	0	ABSTAIN	A	0	0	0
H5B-O-12-08#s100r086	16	0	0	0	0	ABSTAIN	A	0	0	0
H5B-O-12-09#s100r086	16	0	0	0	0	ABSTAIN	A	0	0	0
H5B-O-20-00#s100r086	16	0	0	0	0	RELEASE	1	652	0	0
H5B-O-20-01#s100r086	16	0	0	0	0	RELEASE	1	514	0	0
H5B-O-20-02#s100r086	16	0	0	0	0	RELEASE	1	652	0	0
H5B-O-20-03#s100r086	16	0	0	0	0	RELEASE	1	514	0	0
H5B-O-20-04#s100r086	16	0	0	0	0	RELEASE	1	652	0	0
H5B-O-20-05#s100r086	16	0	0	0	0	RELEASE	1	652	0	0
H5B-O-20-06#s100r086	16	0	0	0	0	RELEASE	1	514	0	0
H5B-O-20-07#s100r086	16	0	0	0	0	RELEASE	1	652	0	0
H5B-O-20-08#s100r086	16	0	0	0	0	RELEASE	1	514	0	0
H5B-O-20-09#s100r086	16	0	0	0	0	RELEASE	1	652	0	0
H5B-O-40-00#s100r086	16	0	0	0	0	RELEASE	1	651	0	0
H5B-O-40-01#s100r086	16	0	0	0	0	RELEASE	1	514	0	0
H5B-O-40-02#s100r086	16	0	0	0	0	RELEASE	1	651	0	0
H5B-O-40-03#s100r086	16	0	0	0	0	RELEASE	1	514	0	0
H5B-O-40-04#s100r086	16	0	0	0	0	RELEASE	1	652	0	0
H5B-O-40-05#s100r086	16	0	0	0	0	RELEASE	1	652	0	0
H5B-O-40-06#s100r086	16	0	0	0	0	RELEASE	1	515	0	0
H5B-O-40-07#s100r086	16	0	0	0	0	RELEASE	1	652	0	0
H5B-O-40-08#s100r086	16	0	0	0	0	RELEASE	1	515	0	0
H5B-O-40-09#s100r086	16	0	0	0	0	RELEASE	1	652	0	0
H5B-D-0-00#s100r086	16	0	0	0	0	RELEASE	1	660	0	0
H5B-D-0-01#s100r086	16	0	0	0	0	RELEASE	1	660	0	0
H5B-D-0-02#s100r086	16	0	0	0	0	RELEASE	1	660	0	0
H5B-D-0-03#s100r086	16	0	0	0	0	RELEASE	1	660	0	0
H5B-D-0-04#s100r086	16	0	0	0	0	RELEASE	1	660	0	0
H5B-D-0-05#s100r086	16	0	0	0	0	RELEASE	1	660	0	0
H5B-D-0-06#s100r086	16	0	0	0	0	RELEASE	1	660	0	0
H5B-D-0-07#s100r086	16	0	0	0	0	RELEASE	1	660	0	0
H5B-D-0-08#s100r086	16	0	0	0	0	RELEASE	1	660	0	0
H5B-D-0-09#s100r086	16	0	0	0	0	RELEASE	1	660	0	0
H5B-D-1-00#s100r086	16	0	0	0	0	ABSTAIN	A	0	0	0
H5B-D-1-01#s100r086	16	0	0	0	0	ABSTAIN	A	0	0	0
H5B-D-1-02#s100r086	16	0	0	0	0	ABSTAIN	A	0	0	0
H5B-D-1-03#s100r086	16	0	0	0	0	ABSTAIN	A	0	0	0
H5B-D-1-04#s100r086	16	0	0	0	0	ABSTAIN	A	0	0	0
H5B-D-1-05#s100r086	16	0	0	0	0	ABSTAIN	A	0	0	0
H5B-D-1-06#s100r086	16	0	0	0	0	ABSTAIN	A	0	0	0
H5B-D-1-07#s100r086	16	0	0	0	0	ABSTAIN	A	0	0	0
H5B-D-1-08#s100r086	16	0	0	0	0	ABSTAIN	A	0	0	0
H5B-D-1-09#s100r086	16	0	0	0	0	ABSTAIN	A	0	0	0
H5B-D-2-00#s100r086	16	0	0	0	0	ABSTAIN	A	0	0	0
H5B-D-2-01#s100r086	16	0	0	0	0	ABSTAIN	A	0	0	0
H5B-D-2-02#s100r086	16	0	0	0	0	ABSTAIN	A	0	0	0
H5B-D-2-03#s100r086	16	0	0	0	0	ABSTAIN	A	0	0	0
H5B-D-2-04#s100r086	16	0	0	0	0	ABSTAIN	A	0	0	0
H5B-D-2-05#s100r086	16	0	0	0	0	ABSTAIN	A	0	0	0
H5B-D-2-06#s100r086	16	0	0	0	0	ABSTAIN	A	0	0	0
H5B-D-2-07#s100r086	16	0	0	0	0	ABSTAIN	A	0	0	0
H5B-D-2-08#s100r086	16	0	0	0	0	ABSTAIN	A	0	0	0
H5B-D-2-09#s100r086	16	0	0	0	0	ABSTAIN	A	0	0	0
H5B-D-6-00#s100r086	16	0	0	0	0	ABSTAIN	A	0	0	0
H5B-D-6-01#s100r086	16	0	0	0	0	ABSTAIN	A	0	0	0
H5B-D-6-02#s100r086	16	0	0	0	0	ABSTAIN	A	0	0	0
H5B-D-6-03#s100r086	16	0	0	0	0	ABSTAIN	A	0	0	0
H5B-D-6-04#s100r086	16	0	0	0	0	ABSTAIN	A	0	0	0
H5B-D-6-05#s100r086	16	0	0	0	0	ABSTAIN	A	0	0	0
H5B-D-6-06#s100r086	16	0	0	0	0	ABSTAIN	A	0	0	0
H5B-D-6-07#s100r086	16	0	0	0	0	ABSTAIN	A	0	0	0
H5B-D-6-08#s100r086	16	0	0	0	0	ABSTAIN	A	0	0	0
H5B-D-6-09#s100r086	16	0	0	0	0	ABSTAIN	A	0	0	0
H5B-P-06-00#s100r087	16	0	0	0	0	ABSTAIN	A	0	0	0
H5B-P-06-01#s100r087	16	0	0	0	0	ABSTAIN	A	0	0	0
H5B-P-06-02#s100r087	16	0	0	0	0	ABSTAIN	A	0	0	0
H5B-P-06-03#s100r087	16	0	0	0	0	ABSTAIN	A	0	0	0
H5B-P-06-04#s100r087	16	0	0	0	0	ABSTAIN	A	0	0	0
H5B-P-06-05#s100r087	16	0	0	0	0	ABSTAIN	A	0	0	0
H5B-P-06-06#s100r087	16	0	0	0	0	ABSTAIN	A	0	0	0
H5B-P-06-07#s100r087	16	0	0	0	0	ABSTAIN	A	0	0	0
H5B-P-06-08#s100r087	16	0	0	0	0	ABSTAIN	A	0	0	0
H5B-P-06-09#s100r087	16	0	0	0	0	ABSTAIN	A	0	0	0
H5B-P-12-00#s100r087	16	0	0	0	0	ABSTAIN	A	0	0	0
H5B-P-12-01#s100r087	16	0	0	0	0	ABSTAIN	A	0	0	0
H5B-P-12-02#s100r087	16	0	0	0	0	ABSTAIN	A	0	0	0
H5B-P-12-03#s100r087	16	0	0	0	0	ABSTAIN	A	0	0	0
H5B-P-12-04#s100r087	16	0	0	0	0	ABSTAIN	A	0	0	0
H5B-P-12-05#s100r087	16	0	0	0	0	ABSTAIN	A	0	0	0
H5B-P-12-06#s100r087	16	0	0	0	0	ABSTAIN	A	0	0	0
H5B-P-12-07#s100r087	16	0	0	0	0	ABSTAIN	A	0	0	0
H5B-P-12-08#s100r087	16	0	0	0	0	ABSTAIN	A	0	0	0
H5B-P-12-09#s100r087	16	0	0	0	0	ABSTAIN	A	0	0	0
H5B-P-20-00#s100r087	16	0	0	0	0	RELEASE	0	0	0	0
H5B-P-20-01#s100r087	16	0	0	0	0	RELEASE	0	0	0	0
H5B-P-20-02#s100r087	16	0	0	0	0	RELEASE	0	0	0	0
H5B-P-20-03#s100r087	16	0	0	0	0	RELEASE	0	0	0	0
H5B-P-20-04#s100r087	16	0	0	0	0	RELEASE	0	0	0	0
H5B-P-20-05#s100r087	16	0	0	0	0	RELEASE	0	0	0	0
H5B-P-20-06#s100r087	16	0	0	0	0	RELEASE	0	0	0	0
H5B-P-20-07#s100r087	16	0	0	0	0	RELEASE	0	0	0	0
H5B-P-20-08#s100r087	16	0	0	0	0	RELEASE	0	0	0	0
H5B-P-20-09#s100r087	16	0	0	0	0	RELEASE	0	0	0	0
H5B-P-40-00#s100r087	16	0	0	0	0	RELEASE	0	0	0	0
H5B-P-40-01#s100r087	16	0	0	0	0	RELEASE	0	0	0	0
H5B-P-40-02#s100r087	16	0	0	0	0	RELEASE	0	0	0	0
H5B-P-40-03#s100r087	16	0	0	0	0	RELEASE	0	0	0	0
H5B-P-40-04#s100r087	16	0	0	0	0	RELEASE	0	0	0	0
H5B-P-40-05#s100r087	16	0	0	0	0	RELEASE	0	0	0	0
H5B-P-40-06#s100r087	16	0	0	0	0	RELEASE	0	0	0	0
H5B-P-40-07#s100r087	16	0	0	0	0	RELEASE	0	0	0	0
H5B-P-40-08#s100r087	16	0	0	0	0	RELEASE	0	0	0	0
H5B-P-40-09#s100r087	16	0	0	0	0	RELEASE	0	0	0	0
H5B-O-06-00#s100r087	16	0	0	0	0	ABSTAIN	A	0	0	0
H5B-O-06-01#s100r087	16	0	0	0	0	ABSTAIN	A	0	0	0
H5B-O-06-02#s100r087	16	0	0	0	0	ABSTAIN	A	0	0	0
H5B-O-06-03#s100r087	16	0	0	0	0	ABSTAIN	A	0	0	0
H5B-O-06-04#s100r087	16	0	0	0	0	ABSTAIN	A	0	0	0
H5B-O-06-05#s100r087	16	0	0	0	0	ABSTAIN	A	0	0	0
H5B-O-06-06#s100r087	16	0	0	0	0	ABSTAIN	A	0	0	0
H5B-O-06-07#s100r087	16	0	0	0	0	ABSTAIN	A	0	0	0
H5B-O-06-08#s100r087	16	0	0	0	0	ABSTAIN	A	0	0	0
H5B-O-06-09#s100r087	16	0	0	0	0	ABSTAIN	A	0	0	0
H5B-O-12-00#s100r087	16	0	0	0	0	ABSTAIN	A	0	0	0
H5B-O-12-01#s100r087	16	0	0	0	0	ABSTAIN	A	0	0	0
H5B-O-12-02#s100r087	16	0	0	0	0	ABSTAIN	A	0	0	0
H5B-O-12-03#s100r087	16	0	0	0	0	ABSTAIN	A	0	0	0
H5B-O-12-04#s100r087	16	0	0	0	0	ABSTAIN	A	0	0	0
H5B-O-12-05#s100r087	16	0	0	0	0	ABSTAIN	A	0	0	0
H5B-O-12-06#s100r087	16	0	0	0	0	ABSTAIN	A	0	0	0
H5B-O-12-07#s100r087	16	0	0	0	0	ABSTAIN	A	0	0	0
H5B-O-12-08#s100r087	16	0	0	0	0	ABSTAIN	A	0	0	0
H5B-O-12-09#s100r087	16	0	0	0	0	ABSTAIN	A	0	0	0
H5B-O-20-00#s100r087	16	0	0	0	0	RELEASE	1	652	0	0
H5B-O-20-01#s100r087	16	0	0	0	0	RELEASE	1	514	0	0
H5B-O-20-02#s100r087	16	0	0	0	0	RELEASE	1	652	0	0
H5B-O-20-03#s100r087	16	0	0	0	0	RELEASE	1	514	0	0
H5B-O-20-04#s100r087	16	0	0	0	0	RELEASE	1	652	0	0
H5B-O-20-05#s100r087	16	0	0	0	0	RELEASE	1	652	0	0
H5B-O-20-06#s100r087	16	0	0	0	0	RELEASE	1	514	0	0
H5B-O-20-07#s100r087	16	0	0	0	0	RELEASE	1	652	0	0
H5B-O-20-08#s100r087	16	0	0	0	0	RELEASE	1	514	0	0
H5B-O-20-09#s100r087	16	0	0	0	0	RELEASE	1	652	0	0
H5B-O-40-00#s100r087	16	0	0	0	0	RELEASE	1	651	0	0
H5B-O-40-01#s100r087	16	0	0	0	0	RELEASE	1	514	0	0
H5B-O-40-02#s100r087	16	0	0	0	0	RELEASE	1	651	0	0
H5B-O-40-03#s100r087	16	0	0	0	0	RELEASE	1	514	0	0
H5B-O-40-04#s100r087	16	0	0	0	0	RELEASE	1	652	0	0
H5B-O-40-05#s100r087	16	0	0	0	0	RELEASE	1	652	0	0
H5B-O-40-06#s100r087	16	0	0	0	0	RELEASE	1	515	0	0
H5B-O-40-07#s100r087	16	0	0	0	0	RELEASE	1	652	0	0
H5B-O-40-08#s100r087	16	0	0	0	0	RELEASE	1	515	0	0
H5B-O-40-09#s100r087	16	0	0	0	0	RELEASE	1	652	0	0
H5B-D-0-00#s100r087	16	0	0	0	0	RELEASE	1	660	0	0
H5B-D-0-01#s100r087	16	0	0	0	0	RELEASE	1	660	0	0
H5B-D-0-02#s100r087	16	0	0	0	0	RELEASE	1	660	0	0
H5B-D-0-03#s100r087	16	0	0	0	0	RELEASE	1	660	0	0
H5B-D-0-04#s100r087	16	0	0	0	0	RELEASE	1	660	0	0
H5B-D-0-05#s100r087	16	0	0	0	0	RELEASE	1	660	0	0
H5B-D-0-06#s100r087	16	0	0	0	0	RELEASE	1	660	0	0
H5B-D-0-07#s100r087	16	0	0	0	0	RELEASE	1	660	0	0
H5B-D-0-08#s100r087	16	0	0	0	0	RELEASE	1	660	0	0
H5B-D-0-09#s100r087	16	0	0	0	0	RELEASE	1	660	0	0
H5B-D-1-00#s100r087	16	0	0	0	0	ABSTAIN	A	0	0	0
H5B-D-1-01#s100r087	16	0	0	0	0	ABSTAIN	A	0	0	0
H5B-D-1-02#s100r087	16	0	0	0	0	ABSTAIN	A	0	0	0
H5B-D-1-03#s100r087	16	0	0	0	0	ABSTAIN	A	0	0	0
H5B-D-1-04#s100r087	16	0	0	0	0	ABSTAIN	A	0	0	0
H5B-D-1-05#s100r087	16	0	0	0	0	ABSTAIN	A	0	0	0
H5B-D-1-06#s100r087	16	0	0	0	0	ABSTAIN	A	0	0	0
H5B-D-1-07#s100r087	16	0	0	0	0	ABSTAIN	A	0	0	0
H5B-D-1-08#s100r087	16	0	0	0	0	ABSTAIN	A	0	0	0
H5B-D-1-09#s100r087	16	0	0	0	0	ABSTAIN	A	0	0	0
H5B-D-2-00#s100r087	16	0	0	0	0	ABSTAIN	A	0	0	0
H5B-D-2-01#s100r087	16	0	0	0	0	ABSTAIN	A	0	0	0
H5B-D-2-02#s100r087	16	0	0	0	0	ABSTAIN	A	0	0	0
H5B-D-2-03#s100r087	16	0	0	0	0	ABSTAIN	A	0	0	0
H5B-D-2-04#s100r087	16	0	0	0	0	ABSTAIN	A	0	0	0
H5B-D-2-05#s100r087	16	0	0	0	0	ABSTAIN	A	0	0	0
H5B-D-2-06#s100r087	16	0	0	0	0	ABSTAIN	A	0	0	0
H5B-D-2-07#s100r087	16	0	0	0	0	ABSTAIN	A	0	0	0
H5B-D-2-08#s100r087	16	0	0	0	0	ABSTAIN	A	0	0	0
H5B-D-2-09#s100r087	16	0	0	0	0	ABSTAIN	A	0	0	0
H5B-D-6-00#s100r087	16	0	0	0	0	ABSTAIN	A	0	0	0
H5B-D-6-01#s100r087	16	0	0	0	0	ABSTAIN	A	0	0	0
H5B-D-6-02#s100r087	16	0	0	0	0	ABSTAIN	A	0	0	0
H5B-D-6-03#s100r087	16	0	0	0	0	ABSTAIN	A	0	0	0
H5B-D-6-04#s100r087	16	0	0	0	0	ABSTAIN	A	0	0	0
H5B-D-6-05#s100r087	16	0	0	0	0	ABSTAIN	A	0	0	0
H5B-D-6-06#s100r087	16	0	0	0	0	ABSTAIN	A	0	0	0
H5B-D-6-07#s100r087	16	0	0	0	0	ABSTAIN	A	0	0	0
H5B-D-6-08#s100r087	16	0	0	0	0	ABSTAIN	A	0	0	0
H5B-D-6-09#s100r087	16	0	0	0	0	ABSTAIN	A	0	0	0
H5B-P-06-00#s100r088	16	0	0	0	0	ABSTAIN	A	0	0	0
H5B-P-06-01#s100r088	16	0	0	0	0	ABSTAIN	A	0	0	0
H5B-P-06-02#s100r088	16	0	0	0	0	ABSTAIN	A	0	0	0
H5B-P-06-03#s100r088	16	0	0	0	0	ABSTAIN	A	0	0	0
H5B-P-06-04#s100r088	16	0	0	0	0	ABSTAIN	A	0	0	0
H5B-P-06-05#s100r088	16	0	0	0	0	ABSTAIN	A	0	0	0
H5B-P-06-06#s100r088	16	0	0	0	0	ABSTAIN	A	0	0	0
H5B-P-06-07#s100r088	16	0	0	0	0	ABSTAIN	A	0	0	0
H5B-P-06-08#s100r088	16	0	0	0	0	ABSTAIN	A	0	0	0
H5B-P-06-09#s100r088	16	0	0	0	0	ABSTAIN	A	0	0	0
H5B-P-12-00#s100r088	16	0	0	0	0	ABSTAIN	A	0	0	0
H5B-P-12-01#s100r088	16	0	0	0	0	ABSTAIN	A	0	0	0
H5B-P-12-02#s100r088	16	0	0	0	0	ABSTAIN	A	0	0	0
H5B-P-12-03#s100r088	16	0	0	0	0	ABSTAIN	A	0	0	0
H5B-P-12-04#s100r088	16	0	0	0	0	ABSTAIN	A	0	0	0
H5B-P-12-05#s100r088	16	0	0	0	0	ABSTAIN	A	0	0	0
H5B-P-12-06#s100r088	16	0	0	0	0	ABSTAIN	A	0	0	0
H5B-P-12-07#s100r088	16	0	0	0	0	ABSTAIN	A	0	0	0
H5B-P-12-08#s100r088	16	0	0	0	0	ABSTAIN	A	0	0	0
H5B-P-12-09#s100r088	16	0	0	0	0	ABSTAIN	A	0	0	0
H5B-P-20-00#s100r088	16	0	0	0	0	RELEASE	0	0	0	0
H5B-P-20-01#s100r088	16	0	0	0	0	RELEASE	0	0	0	0
H5B-P-20-02#s100r088	16	0	0	0	0	RELEASE	0	0	0	0
H5B-P-20-03#s100r088	16	0	0	0	0	RELEASE	0	0	0	0
H5B-P-20-04#s100r088	16	0	0	0	0	RELEASE	0	0	0	0
H5B-P-20-05#s100r088	16	0	0	0	0	RELEASE	0	0	0	0
H5B-P-20-06#s100r088	16	0	0	0	0	RELEASE	0	0	0	0
H5B-P-20-07#s100r088	16	0	0	0	0	RELEASE	0	0	0	0
H5B-P-20-08#s100r088	16	0	0	0	0	RELEASE	0	0	0	0
H5B-P-20-09#s100r088	16	0	0	0	0	RELEASE	0	0	0	0
H5B-P-40-00#s100r088	16	0	0	0	0	RELEASE	0	0	0	0
H5B-P-40-01#s100r088	16	0	0	0	0	RELEASE	0	0	0	0
H5B-P-40-02#s100r088	16	0	0	0	0	RELEASE	0	0	0	0
H5B-P-40-03#s100r088	16	0	0	0	0	RELEASE	0	0	0	0
H5B-P-40-04#s100r088	16	0	0	0	0	RELEASE	0	0	0	0
H5B-P-40-05#s100r088	16	0	0	0	0	RELEASE	0	0	0	0
H5B-P-40-06#s100r088	16	0	0	0	0	RELEASE	0	0	0	0
H5B-P-40-07#s100r088	16	0	0	0	0	RELEASE	0	0	0	0
H5B-P-40-08#s100r088	16	0	0	0	0	RELEASE	0	0	0	0
H5B-P-40-09#s100r088	16	0	0	0	0	RELEASE	0	0	0	0
H5B-O-06-00#s100r088	16	0	0	0	0	ABSTAIN	A	0	0	0
H5B-O-06-01#s100r088	16	0	0	0	0	ABSTAIN	A	0	0	0
H5B-O-06-02#s100r088	16	0	0	0	0	ABSTAIN	A	0	0	0
H5B-O-06-03#s100r088	16	0	0	0	0	ABSTAIN	A	0	0	0
H5B-O-06-04#s100r088	16	0	0	0	0	ABSTAIN	A	0	0	0
H5B-O-06-05#s100r088	16	0	0	0	0	ABSTAIN	A	0	0	0
H5B-O-06-06#s100r088	16	0	0	0	0	ABSTAIN	A	0	0	0
H5B-O-06-07#s100r088	16	0	0	0	0	ABSTAIN	A	0	0	0
H5B-O-06-08#s100r088	16	0	0	0	0	ABSTAIN	A	0	0	0
H5B-O-06-09#s100r088	16	0	0	0	0	ABSTAIN	A	0	0	0
H5B-O-12-00#s100r088	16	0	0	0	0	ABSTAIN	A	0	0	0
H5B-O-12-01#s100r088	16	0	0	0	0	ABSTAIN	A	0	0	0
H5B-O-12-02#s100r088	16	0	0	0	0	ABSTAIN	A	0	0	0
H5B-O-12-03#s100r088	16	0	0	0	0	ABSTAIN	A	0	0	0
H5B-O-12-04#s100r088	16	0	0	0	0	ABSTAIN	A	0	0	0
H5B-O-12-05#s100r088	16	0	0	0	0	ABSTAIN	A	0	0	0
H5B-O-12-06#s100r088	16	0	0	0	0	ABSTAIN	A	0	0	0
H5B-O-12-07#s100r088	16	0	0	0	0	ABSTAIN	A	0	0	0
H5B-O-12-08#s100r088	16	0	0	0	0	ABSTAIN	A	0	0	0
H5B-O-12-09#s100r088	16	0	0	0	0	ABSTAIN	A	0	0	0
H5B-O-20-00#s100r088	16	0	0	0	0	RELEASE	1	652	0	0
H5B-O-20-01#s100r088	16	0	0	0	0	RELEASE	1	514	0	0
H5B-O-20-02#s100r088	16	0	0	0	0	RELEASE	1	652	0	0
H5B-O-20-03#s100r088	16	0	0	0	0	RELEASE	1	514	0	0
H5B-O-20-04#s100r088	16	0	0	0	0	RELEASE	1	652	0	0
H5B-O-20-05#s100r088	16	0	0	0	0	RELEASE	1	652	0	0
H5B-O-20-06#s100r088	16	0	0	0	0	RELEASE	1	514	0	0
H5B-O-20-07#s100r088	16	0	0	0	0	RELEASE	1	652	0	0
H5B-O-20-08#s100r088	16	0	0	0	0	RELEASE	1	514	0	0
H5B-O-20-09#s100r088	16	0	0	0	0	RELEASE	1	652	0	0
H5B-O-40-00#s100r088	16	0	0	0	0	RELEASE	1	651	0	0
H5B-O-40-01#s100r088	16	0	0	0	0	RELEASE	1	514	0	0
H5B-O-40-02#s100r088	16	0	0	0	0	RELEASE	1	651	0	0
H5B-O-40-03#s100r088	16	0	0	0	0	RELEASE	1	514	0	0
H5B-O-40-04#s100r088	16	0	0	0	0	RELEASE	1	652	0	0
H5B-O-40-05#s100r088	16	0	0	0	0	RELEASE	1	652	0	0
H5B-O-40-06#s100r088	16	0	0	0	0	RELEASE	1	515	0	0
H5B-O-40-07#s100r088	16	0	0	0	0	RELEASE	1	652	0	0
H5B-O-40-08#s100r088	16	0	0	0	0	RELEASE	1	515	0	0
H5B-O-40-09#s100r088	16	0	0	0	0	RELEASE	1	652	0	0
H5B-D-0-00#s100r088	16	0	0	0	0	RELEASE	1	660	0	0
H5B-D-0-01#s100r088	16	0	0	0	0	RELEASE	1	660	0	0
H5B-D-0-02#s100r088	16	0	0	0	0	RELEASE	1	660	0	0
H5B-D-0-03#s100r088	16	0	0	0	0	RELEASE	1	660	0	0
H5B-D-0-04#s100r088	16	0	0	0	0	RELEASE	1	660	0	0
H5B-D-0-05#s100r088	16	0	0	0	0	RELEASE	1	660	0	0
H5B-D-0-06#s100r088	16	0	0	0	0	RELEASE	1	660	0	0
H5B-D-0-07#s100r088	16	0	0	0	0	RELEASE	1	660	0	0
H5B-D-0-08#s100r088	16	0	0	0	0	RELEASE	1	660	0	0
H5B-D-0-09#s100r088	16	0	0	0	0	RELEASE	1	660	0	0
H5B-D-1-00#s100r088	16	0	0	0	0	ABSTAIN	A	0	0	0
H5B-D-1-01#s100r088	16	0	0	0	0	ABSTAIN	A	0	0	0
H5B-D-1-02#s100r088	16	0	0	0	0	ABSTAIN	A	0	0	0
H5B-D-1-03#s100r088	16	0	0	0	0	ABSTAIN	A	0	0	0
H5B-D-1-04#s100r088	16	0	0	0	0	ABSTAIN	A	0	0	0
H5B-D-1-05#s100r088	16	0	0	0	0	ABSTAIN	A	0	0	0
H5B-D-1-06#s100r088	16	0	0	0	0	ABSTAIN	A	0	0	0
H5B-D-1-07#s100r088	16	0	0	0	0	ABSTAIN	A	0	0	0
H5B-D-1-08#s100r088	16	0	0	0	0	ABSTAIN	A	0	0	0
H5B-D-1-09#s100r088	16	0	0	0	0	ABSTAIN	A	0	0	0
H5B-D-2-00#s100r088	16	0	0	0	0	ABSTAIN	A	0	0	0
H5B-D-2-01#s100r088	16	0	0	0	0	ABSTAIN	A	0	0	0
H5B-D-2-02#s100r088	16	0	0	0	0	ABSTAIN	A	0	0	0
H5B-D-2-03#s100r088	16	0	0	0	0	ABSTAIN	A	0	0	0
H5B-D-2-04#s100r088	16	0	0	0	0	ABSTAIN	A	0	0	0
H5B-D-2-05#s100r088	16	0	0	0	0	ABSTAIN	A	0	0	0
H5B-D-2-06#s100r088	16	0	0	0	0	ABSTAIN	A	0	0	0
H5B-D-2-07#s100r088	16	0	0	0	0	ABSTAIN	A	0	0	0
H5B-D-2-08#s100r088	16	0	0	0	0	ABSTAIN	A	0	0	0
H5B-D-2-09#s100r088	16	0	0	0	0	ABSTAIN	A	0	0	0
H5B-D-6-00#s100r088	16	0	0	0	0	ABSTAIN	A	0	0	0
H5B-D-6-01#s100r088	16	0	0	0	0	ABSTAIN	A	0	0	0
H5B-D-6-02#s100r088	16	0	0	0	0	ABSTAIN	A	0	0	0
H5B-D-6-03#s100r088	16	0	0	0	0	ABSTAIN	A	0	0	0
H5B-D-6-04#s100r088	16	0	0	0	0	ABSTAIN	A	0	0	0
H5B-D-6-05#s100r088	16	0	0	0	0	ABSTAIN	A	0	0	0
H5B-D-6-06#s100r088	16	0	0	0	0	ABSTAIN	A	0	0	0
H5B-D-6-07#s100r088	16	0	0	0	0	ABSTAIN	A	0	0	0
H5B-D-6-08#s100r088	16	0	0	0	0	ABSTAIN	A	0	0	0
H5B-D-6-09#s100r088	16	0	0	0	0	ABSTAIN	A	0	0	0
H5B-P-06-00#s100r089	16	0	0	0	0	ABSTAIN	A	0	0	0
H5B-P-06-01#s100r089	16	0	0	0	0	ABSTAIN	A	0	0	0
H5B-P-06-02#s100r089	16	0	0	0	0	ABSTAIN	A	0	0	0
H5B-P-06-03#s100r089	16	0	0	0	0	ABSTAIN	A	0	0	0
H5B-P-06-04#s100r089	16	0	0	0	0	ABSTAIN	A	0	0	0
H5B-P-06-05#s100r089	16	0	0	0	0	ABSTAIN	A	0	0	0
H5B-P-06-06#s100r089	16	0	0	0	0	ABSTAIN	A	0	0	0
H5B-P-06-07#s100r089	16	0	0	0	0	ABSTAIN	A	0	0	0
H5B-P-06-08#s100r089	16	0	0	0	0	ABSTAIN	A	0	0	0
H5B-P-06-09#s100r089	16	0	0	0	0	ABSTAIN	A	0	0	0
H5B-P-12-00#s100r089	16	0	0	0	0	ABSTAIN	A	0	0	0
H5B-P-12-01#s100r089	16	0	0	0	0	ABSTAIN	A	0	0	0
H5B-P-12-02#s100r089	16	0	0	0	0	ABSTAIN	A	0	0	0
H5B-P-12-03#s100r089	16	0	0	0	0	ABSTAIN	A	0	0	0
H5B-P-12-04#s100r089	16	0	0	0	0	ABSTAIN	A	0	0	0
H5B-P-12-05#s100r089	16	0	0	0	0	ABSTAIN	A	0	0	0
H5B-P-12-06#s100r089	16	0	0	0	0	ABSTAIN	A	0	0	0
H5B-P-12-07#s100r089	16	0	0	0	0	ABSTAIN	A	0	0	0
H5B-P-12-08#s100r089	16	0	0	0	0	ABSTAIN	A	0	0	0
H5B-P-12-09#s100r089	16	0	0	0	0	ABSTAIN	A	0	0	0
H5B-P-20-00#s100r089	16	0	0	0	0	RELEASE	0	0	0	0
H5B-P-20-01#s100r089	16	0	0	0	0	RELEASE	0	0	0	0
H5B-P-20-02#s100r089	16	0	0	0	0	RELEASE	0	0	0	0
H5B-P-20-03#s100r089	16	0	0	0	0	RELEASE	0	0	0	0
H5B-P-20-04#s100r089	16	0	0	0	0	RELEASE	0	0	0	0
H5B-P-20-05#s100r089	16	0	0	0	0	RELEASE	0	0	0	0
H5B-P-20-06#s100r089	16	0	0	0	0	RELEASE	0	0	0	0
H5B-P-20-07#s100r089	16	0	0	0	0	RELEASE	0	0	0	0
H5B-P-20-08#s100r089	16	0	0	0	0	RELEASE	0	0	0	0
H5B-P-20-09#s100r089	16	0	0	0	0	RELEASE	0	0	0	0
H5B-P-40-00#s100r089	16	0	0	0	0	RELEASE	0	0	0	0
H5B-P-40-01#s100r089	16	0	0	0	0	RELEASE	0	0	0	0
H5B-P-40-02#s100r089	16	0	0	0	0	RELEASE	0	0	0	0
H5B-P-40-03#s100r089	16	0	0	0	0	RELEASE	0	0	0	0
H5B-P-40-04#s100r089	16	0	0	0	0	RELEASE	0	0	0	0
H5B-P-40-05#s100r089	16	0	0	0	0	RELEASE	0	0	0	0
H5B-P-40-06#s100r089	16	0	0	0	0	RELEASE	0	0	0	0
H5B-P-40-07#s100r089	16	0	0	0	0	RELEASE	0	0	0	0
H5B-P-40-08#s100r089	16	0	0	0	0	RELEASE	0	0	0	0
H5B-P-40-09#s100r089	16	0	0	0	0	RELEASE	0	0	0	0
H5B-O-06-00#s100r089	16	0	0	0	0	ABSTAIN	A	0	0	0
H5B-O-06-01#s100r089	16	0	0	0	0	ABSTAIN	A	0	0	0
H5B-O-06-02#s100r089	16	0	0	0	0	ABSTAIN	A	0	0	0
H5B-O-06-03#s100r089	16	0	0	0	0	ABSTAIN	A	0	0	0
H5B-O-06-04#s100r089	16	0	0	0	0	ABSTAIN	A	0	0	0
H5B-O-06-05#s100r089	16	0	0	0	0	ABSTAIN	A	0	0	0
H5B-O-06-06#s100r089	16	0	0	0	0	ABSTAIN	A	0	0	0
H5B-O-06-07#s100r089	16	0	0	0	0	ABSTAIN	A	0	0	0
H5B-O-06-08#s100r089	16	0	0	0	0	ABSTAIN	A	0	0	0
H5B-O-06-09#s100r089	16	0	0	0	0	ABSTAIN	A	0	0	0
H5B-O-12-00#s100r089	16	0	0	0	0	ABSTAIN	A	0	0	0
H5B-O-12-01#s100r089	16	0	0	0	0	ABSTAIN	A	0	0	0
H5B-O-12-02#s100r089	16	0	0	0	0	ABSTAIN	A	0	0	0
H5B-O-12-03#s100r089	16	0	0	0	0	ABSTAIN	A	0	0	0
H5B-O-12-04#s100r089	16	0	0	0	0	ABSTAIN	A	0	0	0
H5B-O-12-05#s100r089	16	0	0	0	0	ABSTAIN	A	0	0	0
H5B-O-12-06#s100r089	16	0	0	0	0	ABSTAIN	A	0	0	0
H5B-O-12-07#s100r089	16	0	0	0	0	ABSTAIN	A	0	0	0
H5B-O-12-08#s100r089	16	0	0	0	0	ABSTAIN	A	0	0	0
H5B-O-12-09#s100r089	16	0	0	0	0	ABSTAIN	A	0	0	0
H5B-O-20-00#s100r089	16	0	0	0	0	RELEASE	1	652	0	0
H5B-O-20-01#s100r089	16	0	0	0	0	RELEASE	1	514	0	0
H5B-O-20-02#s100r089	16	0	0	0	0	RELEASE	1	652	0	0
H5B-O-20-03#s100r089	16	0	0	0	0	RELEASE	1	514	0	0
H5B-O-20-04#s100r089	16	0	0	0	0	RELEASE	1	652	0	0
H5B-O-20-05#s100r089	16	0	0	0	0	RELEASE	1	652	0	0
H5B-O-20-06#s100r089	16	0	0	0	0	RELEASE	1	514	0	0
H5B-O-20-07#s100r089	16	0	0	0	0	RELEASE	1	652	0	0
H5B-O-20-08#s100r089	16	0	0	0	0	RELEASE	1	514	0	0
H5B-O-20-09#s100r089	16	0	0	0	0	RELEASE	1	652	0	0
H5B-O-40-00#s100r089	16	0	0	0	0	RELEASE	1	651	0	0
H5B-O-40-01#s100r089	16	0	0	0	0	RELEASE	1	514	0	0
H5B-O-40-02#s100r089	16	0	0	0	0	RELEASE	1	651	0	0
H5B-O-40-03#s100r089	16	0	0	0	0	RELEASE	1	514	0	0
H5B-O-40-04#s100r089	16	0	0	0	0	RELEASE	1	652	0	0
H5B-O-40-05#s100r089	16	0	0	0	0	RELEASE	1	652	0	0
H5B-O-40-06#s100r089	16	0	0	0	0	RELEASE	1	515	0	0
H5B-O-40-07#s100r089	16	0	0	0	0	RELEASE	1	652	0	0
H5B-O-40-08#s100r089	16	0	0	0	0	RELEASE	1	515	0	0
H5B-O-40-09#s100r089	16	0	0	0	0	RELEASE	1	652	0	0
H5B-D-0-00#s100r089	16	0	0	0	0	RELEASE	1	660	0	0
H5B-D-0-01#s100r089	16	0	0	0	0	RELEASE	1	660	0	0
H5B-D-0-02#s100r089	16	0	0	0	0	RELEASE	1	660	0	0
H5B-D-0-03#s100r089	16	0	0	0	0	RELEASE	1	660	0	0
H5B-D-0-04#s100r089	16	0	0	0	0	RELEASE	1	660	0	0
H5B-D-0-05#s100r089	16	0	0	0	0	RELEASE	1	660	0	0
H5B-D-0-06#s100r089	16	0	0	0	0	RELEASE	1	660	0	0
H5B-D-0-07#s100r089	16	0	0	0	0	RELEASE	1	660	0	0
H5B-D-0-08#s100r089	16	0	0	0	0	RELEASE	1	660	0	0
H5B-D-0-09#s100r089	16	0	0	0	0	RELEASE	1	660	0	0
H5B-D-1-00#s100r089	16	0	0	0	0	ABSTAIN	A	0	0	0
H5B-D-1-01#s100r089	16	0	0	0	0	ABSTAIN	A	0	0	0
H5B-D-1-02#s100r089	16	0	0	0	0	ABSTAIN	A	0	0	0
H5B-D-1-03#s100r089	16	0	0	0	0	ABSTAIN	A	0	0	0
H5B-D-1-04#s100r089	16	0	0	0	0	ABSTAIN	A	0	0	0
H5B-D-1-05#s100r089	16	0	0	0	0	ABSTAIN	A	0	0	0
H5B-D-1-06#s100r089	16	0	0	0	0	ABSTAIN	A	0	0	0
H5B-D-1-07#s100r089	16	0	0	0	0	ABSTAIN	A	0	0	0
H5B-D-1-08#s100r089	16	0	0	0	0	ABSTAIN	A	0	0	0
H5B-D-1-09#s100r089	16	0	0	0	0	ABSTAIN	A	0	0	0
H5B-D-2-00#s100r089	16	0	0	0	0	ABSTAIN	A	0	0	0
H5B-D-2-01#s100r089	16	0	0	0	0	ABSTAIN	A	0	0	0
H5B-D-2-02#s100r089	16	0	0	0	0	ABSTAIN	A	0	0	0
H5B-D-2-03#s100r089	16	0	0	0	0	ABSTAIN	A	0	0	0
H5B-D-2-04#s100r089	16	0	0	0	0	ABSTAIN	A	0	0	0
H5B-D-2-05#s100r089	16	0	0	0	0	ABSTAIN	A	0	0	0
H5B-D-2-06#s100r089	16	0	0	0	0	ABSTAIN	A	0	0	0
H5B-D-2-07#s100r089	16	0	0	0	0	ABSTAIN	A	0	0	0
H5B-D-2-08#s100r089	16	0	0	0	0	ABSTAIN	A	0	0	0
H5B-D-2-09#s100r089	16	0	0	0	0	ABSTAIN	A	0	0	0
H5B-D-6-00#s100r089	16	0	0	0	0	ABSTAIN	A	0	0	0
H5B-D-6-01#s100r089	16	0	0	0	0	ABSTAIN	A	0	0	0
H5B-D-6-02#s100r089	16	0	0	0	0	ABSTAIN	A	0	0	0
H5B-D-6-03#s100r089	16	0	0	0	0	ABSTAIN	A	0	0	0
H5B-D-6-04#s100r089	16	0	0	0	0	ABSTAIN	A	0	0	0
H5B-D-6-05#s100r089	16	0	0	0	0	ABSTAIN	A	0	0	0
H5B-D-6-06#s100r089	16	0	0	0	0	ABSTAIN	A	0	0	0
H5B-D-6-07#s100r089	16	0	0	0	0	ABSTAIN	A	0	0	0
H5B-D-6-08#s100r089	16	0	0	0	0	ABSTAIN	A	0	0	0
H5B-D-6-09#s100r089	16	0	0	0	0	ABSTAIN	A	0	0	0
H5B-P-06-00#s100r090	16	0	0	0	0	ABSTAIN	A	0	0	0
H5B-P-06-01#s100r090	16	0	0	0	0	ABSTAIN	A	0	0	0
H5B-P-06-02#s100r090	16	0	0	0	0	ABSTAIN	A	0	0	0
H5B-P-06-03#s100r090	16	0	0	0	0	ABSTAIN	A	0	0	0
H5B-P-06-04#s100r090	16	0	0	0	0	ABSTAIN	A	0	0	0
H5B-P-06-05#s100r090	16	0	0	0	0	ABSTAIN	A	0	0	0
H5B-P-06-06#s100r090	16	0	0	0	0	ABSTAIN	A	0	0	0
H5B-P-06-07#s100r090	16	0	0	0	0	ABSTAIN	A	0	0	0
H5B-P-06-08#s100r090	16	0	0	0	0	ABSTAIN	A	0	0	0
H5B-P-06-09#s100r090	16	0	0	0	0	ABSTAIN	A	0	0	0
H5B-P-12-00#s100r090	16	0	0	0	0	ABSTAIN	A	0	0	0
H5B-P-12-01#s100r090	16	0	0	0	0	ABSTAIN	A	0	0	0
H5B-P-12-02#s100r090	16	0	0	0	0	ABSTAIN	A	0	0	0
H5B-P-12-03#s100r090	16	0	0	0	0	ABSTAIN	A	0	0	0
H5B-P-12-04#s100r090	16	0	0	0	0	ABSTAIN	A	0	0	0
H5B-P-12-05#s100r090	16	0	0	0	0	ABSTAIN	A	0	0	0
H5B-P-12-06#s100r090	16	0	0	0	0	ABSTAIN	A	0	0	0
H5B-P-12-07#s100r090	16	0	0	0	0	ABSTAIN	A	0	0	0
H5B-P-12-08#s100r090	16	0	0	0	0	ABSTAIN	A	0	0	0
H5B-P-12-09#s100r090	16	0	0	0	0	ABSTAIN	A	0	0	0
H5B-P-20-00#s100r090	16	0	0	0	0	RELEASE	0	0	0	0
H5B-P-20-01#s100r090	16	0	0	0	0	RELEASE	0	0	0	0
H5B-P-20-02#s100r090	16	0	0	0	0	RELEASE	0	0	0	0
H5B-P-20-03#s100r090	16	0	0	0	0	RELEASE	0	0	0	0
H5B-P-20-04#s100r090	16	0	0	0	0	RELEASE	0	0	0	0
H5B-P-20-05#s100r090	16	0	0	0	0	RELEASE	0	0	0	0
H5B-P-20-06#s100r090	16	0	0	0	0	RELEASE	0	0	0	0
H5B-P-20-07#s100r090	16	0	0	0	0	RELEASE	0	0	0	0
H5B-P-20-08#s100r090	16	0	0	0	0	RELEASE	0	0	0	0
H5B-P-20-09#s100r090	16	0	0	0	0	RELEASE	0	0	0	0
H5B-P-40-00#s100r090	16	0	0	0	0	RELEASE	0	0	0	0
H5B-P-40-01#s100r090	16	0	0	0	0	RELEASE	0	0	0	0
H5B-P-40-02#s100r090	16	0	0	0	0	RELEASE	0	0	0	0
H5B-P-40-03#s100r090	16	0	0	0	0	RELEASE	0	0	0	0
H5B-P-40-04#s100r090	16	0	0	0	0	RELEASE	0	0	0	0
H5B-P-40-05#s100r090	16	0	0	0	0	RELEASE	0	0	0	0
H5B-P-40-06#s100r090	16	0	0	0	0	RELEASE	0	0	0	0
H5B-P-40-07#s100r090	16	0	0	0	0	RELEASE	0	0	0	0
H5B-P-40-08#s100r090	16	0	0	0	0	RELEASE	0	0	0	0
H5B-P-40-09#s100r090	16	0	0	0	0	RELEASE	0	0	0	0
H5B-O-06-00#s100r090	16	0	0	0	0	ABSTAIN	A	0	0	0
H5B-O-06-01#s100r090	16	0	0	0	0	ABSTAIN	A	0	0	0
H5B-O-06-02#s100r090	16	0	0	0	0	ABSTAIN	A	0	0	0
H5B-O-06-03#s100r090	16	0	0	0	0	ABSTAIN	A	0	0	0
H5B-O-06-04#s100r090	16	0	0	0	0	ABSTAIN	A	0	0	0
H5B-O-06-05#s100r090	16	0	0	0	0	ABSTAIN	A	0	0	0
H5B-O-06-06#s100r090	16	0	0	0	0	ABSTAIN	A	0	0	0
H5B-O-06-07#s100r090	16	0	0	0	0	ABSTAIN	A	0	0	0
H5B-O-06-08#s100r090	16	0	0	0	0	ABSTAIN	A	0	0	0
H5B-O-06-09#s100r090	16	0	0	0	0	ABSTAIN	A	0	0	0
H5B-O-12-00#s100r090	16	0	0	0	0	ABSTAIN	A	0	0	0
H5B-O-12-01#s100r090	16	0	0	0	0	ABSTAIN	A	0	0	0
H5B-O-12-02#s100r090	16	0	0	0	0	ABSTAIN	A	0	0	0
H5B-O-12-03#s100r090	16	0	0	0	0	ABSTAIN	A	0	0	0
H5B-O-12-04#s100r090	16	0	0	0	0	ABSTAIN	A	0	0	0
H5B-O-12-05#s100r090	16	0	0	0	0	ABSTAIN	A	0	0	0
H5B-O-12-06#s100r090	16	0	0	0	0	ABSTAIN	A	0	0	0
H5B-O-12-07#s100r090	16	0	0	0	0	ABSTAIN	A	0	0	0
H5B-O-12-08#s100r090	16	0	0	0	0	ABSTAIN	A	0	0	0
H5B-O-12-09#s100r090	16	0	0	0	0	ABSTAIN	A	0	0	0
H5B-O-20-00#s100r090	16	0	0	0	0	RELEASE	1	652	0	0
H5B-O-20-01#s100r090	16	0	0	0	0	RELEASE	1	514	0	0
H5B-O-20-02#s100r090	16	0	0	0	0	RELEASE	1	652	0	0
H5B-O-20-03#s100r090	16	0	0	0	0	RELEASE	1	514	0	0
H5B-O-20-04#s100r090	16	0	0	0	0	RELEASE	1	652	0	0
H5B-O-20-05#s100r090	16	0	0	0	0	RELEASE	1	652	0	0
H5B-O-20-06#s100r090	16	0	0	0	0	RELEASE	1	514	0	0
H5B-O-20-07#s100r090	16	0	0	0	0	RELEASE	1	652	0	0
H5B-O-20-08#s100r090	16	0	0	0	0	RELEASE	1	514	0	0
H5B-O-20-09#s100r090	16	0	0	0	0	RELEASE	1	652	0	0
H5B-O-40-00#s100r090	16	0	0	0	0	RELEASE	1	651	0	0
H5B-O-40-01#s100r090	16	0	0	0	0	RELEASE	1	514	0	0
H5B-O-40-02#s100r090	16	0	0	0	0	RELEASE	1	651	0	0
H5B-O-40-03#s100r090	16	0	0	0	0	RELEASE	1	514	0	0
H5B-O-40-04#s100r090	16	0	0	0	0	RELEASE	1	652	0	0
H5B-O-40-05#s100r090	16	0	0	0	0	RELEASE	1	652	0	0
H5B-O-40-06#s100r090	16	0	0	0	0	RELEASE	1	515	0	0
H5B-O-40-07#s100r090	16	0	0	0	0	RELEASE	1	652	0	0
H5B-O-40-08#s100r090	16	0	0	0	0	RELEASE	1	515	0	0
H5B-O-40-09#s100r090	16	0	0	0	0	RELEASE	1	652	0	0
H5B-D-0-00#s100r090	16	0	0	0	0	RELEASE	1	660	0	0
H5B-D-0-01#s100r090	16	0	0	0	0	RELEASE	1	660	0	0
H5B-D-0-02#s100r090	16	0	0	0	0	RELEASE	1	660	0	0
H5B-D-0-03#s100r090	16	0	0	0	0	RELEASE	1	660	0	0
H5B-D-0-04#s100r090	16	0	0	0	0	RELEASE	1	660	0	0
H5B-D-0-05#s100r090	16	0	0	0	0	RELEASE	1	660	0	0
H5B-D-0-06#s100r090	16	0	0	0	0	RELEASE	1	660	0	0
H5B-D-0-07#s100r090	16	0	0	0	0	RELEASE	1	660	0	0
H5B-D-0-08#s100r090	16	0	0	0	0	RELEASE	1	660	0	0
H5B-D-0-09#s100r090	16	0	0	0	0	RELEASE	1	660	0	0
H5B-D-1-00#s100r090	16	0	0	0	0	ABSTAIN	A	0	0	0
H5B-D-1-01#s100r090	16	0	0	0	0	ABSTAIN	A	0	0	0
H5B-D-1-02#s100r090	16	0	0	0	0	ABSTAIN	A	0	0	0
H5B-D-1-03#s100r090	16	0	0	0	0	ABSTAIN	A	0	0	0
H5B-D-1-04#s100r090	16	0	0	0	0	ABSTAIN	A	0	0	0
H5B-D-1-05#s100r090	16	0	0	0	0	ABSTAIN	A	0	0	0
H5B-D-1-06#s100r090	16	0	0	0	0	ABSTAIN	A	0	0	0
H5B-D-1-07#s100r090	16	0	0	0	0	ABSTAIN	A	0	0	0
H5B-D-1-08#s100r090	16	0	0	0	0	ABSTAIN	A	0	0	0
H5B-D-1-09#s100r090	16	0	0	0	0	ABSTAIN	A	0	0	0
H5B-D-2-00#s100r090	16	0	0	0	0	ABSTAIN	A	0	0	0
H5B-D-2-01#s100r090	16	0	0	0	0	ABSTAIN	A	0	0	0
H5B-D-2-02#s100r090	16	0	0	0	0	ABSTAIN	A	0	0	0
H5B-D-2-03#s100r090	16	0	0	0	0	ABSTAIN	A	0	0	0
H5B-D-2-04#s100r090	16	0	0	0	0	ABSTAIN	A	0	0	0
H5B-D-2-05#s100r090	16	0	0	0	0	ABSTAIN	A	0	0	0
H5B-D-2-06#s100r090	16	0	0	0	0	ABSTAIN	A	0	0	0
H5B-D-2-07#s100r090	16	0	0	0	0	ABSTAIN	A	0	0	0
H5B-D-2-08#s100r090	16	0	0	0	0	ABSTAIN	A	0	0	0
H5B-D-2-09#s100r090	16	0	0	0	0	ABSTAIN	A	0	0	0
H5B-D-6-00#s100r090	16	0	0	0	0	ABSTAIN	A	0	0	0
H5B-D-6-01#s100r090	16	0	0	0	0	ABSTAIN	A	0	0	0
H5B-D-6-02#s100r090	16	0	0	0	0	ABSTAIN	A	0	0	0
H5B-D-6-03#s100r090	16	0	0	0	0	ABSTAIN	A	0	0	0
H5B-D-6-04#s100r090	16	0	0	0	0	ABSTAIN	A	0	0	0
H5B-D-6-05#s100r090	16	0	0	0	0	ABSTAIN	A	0	0	0
H5B-D-6-06#s100r090	16	0	0	0	0	ABSTAIN	A	0	0	0
H5B-D-6-07#s100r090	16	0	0	0	0	ABSTAIN	A	0	0	0
H5B-D-6-08#s100r090	16	0	0	0	0	ABSTAIN	A	0	0	0
H5B-D-6-09#s100r090	16	0	0	0	0	ABSTAIN	A	0	0	0
H5B-P-06-00#s100r091	16	0	0	0	0	ABSTAIN	A	0	0	0
H5B-P-06-01#s100r091	16	0	0	0	0	ABSTAIN	A	0	0	0
H5B-P-06-02#s100r091	16	0	0	0	0	ABSTAIN	A	0	0	0
H5B-P-06-03#s100r091	16	0	0	0	0	ABSTAIN	A	0	0	0
H5B-P-06-04#s100r091	16	0	0	0	0	ABSTAIN	A	0	0	0
H5B-P-06-05#s100r091	16	0	0	0	0	ABSTAIN	A	0	0	0
H5B-P-06-06#s100r091	16	0	0	0	0	ABSTAIN	A	0	0	0
H5B-P-06-07#s100r091	16	0	0	0	0	ABSTAIN	A	0	0	0
H5B-P-06-08#s100r091	16	0	0	0	0	ABSTAIN	A	0	0	0
H5B-P-06-09#s100r091	16	0	0	0	0	ABSTAIN	A	0	0	0
H5B-P-12-00#s100r091	16	0	0	0	0	ABSTAIN	A	0	0	0
H5B-P-12-01#s100r091	16	0	0	0	0	ABSTAIN	A	0	0	0
H5B-P-12-02#s100r091	16	0	0	0	0	ABSTAIN	A	0	0	0
H5B-P-12-03#s100r091	16	0	0	0	0	ABSTAIN	A	0	0	0
H5B-P-12-04#s100r091	16	0	0	0	0	ABSTAIN	A	0	0	0
H5B-P-12-05#s100r091	16	0	0	0	0	ABSTAIN	A	0	0	0
H5B-P-12-06#s100r091	16	0	0	0	0	ABSTAIN	A	0	0	0
H5B-P-12-07#s100r091	16	0	0	0	0	ABSTAIN	A	0	0	0
H5B-P-12-08#s100r091	16	0	0	0	0	ABSTAIN	A	0	0	0
H5B-P-12-09#s100r091	16	0	0	0	0	ABSTAIN	A	0	0	0
H5B-P-20-00#s100r091	16	0	0	0	0	RELEASE	0	0	0	0
H5B-P-20-01#s100r091	16	0	0	0	0	RELEASE	0	0	0	0
H5B-P-20-02#s100r091	16	0	0	0	0	RELEASE	0	0	0	0
H5B-P-20-03#s100r091	16	0	0	0	0	RELEASE	0	0	0	0
H5B-P-20-04#s100r091	16	0	0	0	0	RELEASE	0	0	0	0
H5B-P-20-05#s100r091	16	0	0	0	0	RELEASE	0	0	0	0
H5B-P-20-06#s100r091	16	0	0	0	0	RELEASE	0	0	0	0
H5B-P-20-07#s100r091	16	0	0	0	0	RELEASE	0	0	0	0
H5B-P-20-08#s100r091	16	0	0	0	0	RELEASE	0	0	0	0
H5B-P-20-09#s100r091	16	0	0	0	0	RELEASE	0	0	0	0
H5B-P-40-00#s100r091	16	0	0	0	0	RELEASE	0	0	0	0
H5B-P-40-01#s100r091	16	0	0	0	0	RELEASE	0	0	0	0
H5B-P-40-02#s100r091	16	0	0	0	0	RELEASE	0	0	0	0
H5B-P-40-03#s100r091	16	0	0	0	0	RELEASE	0	0	0	0
H5B-P-40-04#s100r091	16	0	0	0	0	RELEASE	0	0	0	0
H5B-P-40-05#s100r091	16	0	0	0	0	RELEASE	0	0	0	0
H5B-P-40-06#s100r091	16	0	0	0	0	RELEASE	0	0	0	0
H5B-P-40-07#s100r091	16	0	0	0	0	RELEASE	0	0	0	0
H5B-P-40-08#s100r091	16	0	0	0	0	RELEASE	0	0	0	0
H5B-P-40-09#s100r091	16	0	0	0	0	RELEASE	0	0	0	0
H5B-O-06-00#s100r091	16	0	0	0	0	ABSTAIN	A	0	0	0
H5B-O-06-01#s100r091	16	0	0	0	0	ABSTAIN	A	0	0	0
H5B-O-06-02#s100r091	16	0	0	0	0	ABSTAIN	A	0	0	0
H5B-O-06-03#s100r091	16	0	0	0	0	ABSTAIN	A	0	0	0
H5B-O-06-04#s100r091	16	0	0	0	0	ABSTAIN	A	0	0	0
H5B-O-06-05#s100r091	16	0	0	0	0	ABSTAIN	A	0	0	0
H5B-O-06-06#s100r091	16	0	0	0	0	ABSTAIN	A	0	0	0
H5B-O-06-07#s100r091	16	0	0	0	0	ABSTAIN	A	0	0	0
H5B-O-06-08#s100r091	16	0	0	0	0	ABSTAIN	A	0	0	0
H5B-O-06-09#s100r091	16	0	0	0	0	ABSTAIN	A	0	0	0
H5B-O-12-00#s100r091	16	0	0	0	0	ABSTAIN	A	0	0	0
H5B-O-12-01#s100r091	16	0	0	0	0	ABSTAIN	A	0	0	0
H5B-O-12-02#s100r091	16	0	0	0	0	ABSTAIN	A	0	0	0
H5B-O-12-03#s100r091	16	0	0	0	0	ABSTAIN	A	0	0	0
H5B-O-12-04#s100r091	16	0	0	0	0	ABSTAIN	A	0	0	0
H5B-O-12-05#s100r091	16	0	0	0	0	ABSTAIN	A	0	0	0
H5B-O-12-06#s100r091	16	0	0	0	0	ABSTAIN	A	0	0	0
H5B-O-12-07#s100r091	16	0	0	0	0	ABSTAIN	A	0	0	0
H5B-O-12-08#s100r091	16	0	0	0	0	ABSTAIN	A	0	0	0
H5B-O-12-09#s100r091	16	0	0	0	0	ABSTAIN	A	0	0	0
H5B-O-20-00#s100r091	16	0	0	0	0	RELEASE	1	652	0	0
H5B-O-20-01#s100r091	16	0	0	0	0	RELEASE	1	514	0	0
H5B-O-20-02#s100r091	16	0	0	0	0	RELEASE	1	652	0	0
H5B-O-20-03#s100r091	16	0	0	0	0	RELEASE	1	514	0	0
H5B-O-20-04#s100r091	16	0	0	0	0	RELEASE	1	652	0	0
H5B-O-20-05#s100r091	16	0	0	0	0	RELEASE	1	652	0	0
H5B-O-20-06#s100r091	16	0	0	0	0	RELEASE	1	514	0	0
H5B-O-20-07#s100r091	16	0	0	0	0	RELEASE	1	652	0	0
H5B-O-20-08#s100r091	16	0	0	0	0	RELEASE	1	514	0	0
H5B-O-20-09#s100r091	16	0	0	0	0	RELEASE	1	652	0	0
H5B-O-40-00#s100r091	16	0	0	0	0	RELEASE	1	651	0	0
H5B-O-40-01#s100r091	16	0	0	0	0	RELEASE	1	514	0	0
H5B-O-40-02#s100r091	16	0	0	0	0	RELEASE	1	651	0	0
H5B-O-40-03#s100r091	16	0	0	0	0	RELEASE	1	514	0	0
H5B-O-40-04#s100r091	16	0	0	0	0	RELEASE	1	652	0	0
H5B-O-40-05#s100r091	16	0	0	0	0	RELEASE	1	652	0	0
H5B-O-40-06#s100r091	16	0	0	0	0	RELEASE	1	515	0	0
H5B-O-40-07#s100r091	16	0	0	0	0	RELEASE	1	652	0	0
H5B-O-40-08#s100r091	16	0	0	0	0	RELEASE	1	515	0	0
H5B-O-40-09#s100r091	16	0	0	0	0	RELEASE	1	652	0	0
H5B-D-0-00#s100r091	16	0	0	0	0	RELEASE	1	660	0	0
H5B-D-0-01#s100r091	16	0	0	0	0	RELEASE	1	660	0	0
H5B-D-0-02#s100r091	16	0	0	0	0	RELEASE	1	660	0	0
H5B-D-0-03#s100r091	16	0	0	0	0	RELEASE	1	660	0	0
H5B-D-0-04#s100r091	16	0	0	0	0	RELEASE	1	660	0	0
H5B-D-0-05#s100r091	16	0	0	0	0	RELEASE	1	660	0	0
H5B-D-0-06#s100r091	16	0	0	0	0	RELEASE	1	660	0	0
H5B-D-0-07#s100r091	16	0	0	0	0	RELEASE	1	660	0	0
H5B-D-0-08#s100r091	16	0	0	0	0	RELEASE	1	660	0	0
H5B-D-0-09#s100r091	16	0	0	0	0	RELEASE	1	660	0	0
H5B-D-1-00#s100r091	16	0	0	0	0	ABSTAIN	A	0	0	0
H5B-D-1-01#s100r091	16	0	0	0	0	ABSTAIN	A	0	0	0
H5B-D-1-02#s100r091	16	0	0	0	0	ABSTAIN	A	0	0	0
H5B-D-1-03#s100r091	16	0	0	0	0	ABSTAIN	A	0	0	0
H5B-D-1-04#s100r091	16	0	0	0	0	ABSTAIN	A	0	0	0
H5B-D-1-05#s100r091	16	0	0	0	0	ABSTAIN	A	0	0	0
H5B-D-1-06#s100r091	16	0	0	0	0	ABSTAIN	A	0	0	0
H5B-D-1-07#s100r091	16	0	0	0	0	ABSTAIN	A	0	0	0
H5B-D-1-08#s100r091	16	0	0	0	0	ABSTAIN	A	0	0	0
H5B-D-1-09#s100r091	16	0	0	0	0	ABSTAIN	A	0	0	0
H5B-D-2-00#s100r091	16	0	0	0	0	ABSTAIN	A	0	0	0
H5B-D-2-01#s100r091	16	0	0	0	0	ABSTAIN	A	0	0	0
H5B-D-2-02#s100r091	16	0	0	0	0	ABSTAIN	A	0	0	0
H5B-D-2-03#s100r091	16	0	0	0	0	ABSTAIN	A	0	0	0
H5B-D-2-04#s100r091	16	0	0	0	0	ABSTAIN	A	0	0	0
H5B-D-2-05#s100r091	16	0	0	0	0	ABSTAIN	A	0	0	0
H5B-D-2-06#s100r091	16	0	0	0	0	ABSTAIN	A	0	0	0
H5B-D-2-07#s100r091	16	0	0	0	0	ABSTAIN	A	0	0	0
H5B-D-2-08#s100r091	16	0	0	0	0	ABSTAIN	A	0	0	0
H5B-D-2-09#s100r091	16	0	0	0	0	ABSTAIN	A	0	0	0
H5B-D-6-00#s100r091	16	0	0	0	0	ABSTAIN	A	0	0	0
H5B-D-6-01#s100r091	16	0	0	0	0	ABSTAIN	A	0	0	0
H5B-D-6-02#s100r091	16	0	0	0	0	ABSTAIN	A	0	0	0
H5B-D-6-03#s100r091	16	0	0	0	0	ABSTAIN	A	0	0	0
H5B-D-6-04#s100r091	16	0	0	0	0	ABSTAIN	A	0	0	0
H5B-D-6-05#s100r091	16	0	0	0	0	ABSTAIN	A	0	0	0
H5B-D-6-06#s100r091	16	0	0	0	0	ABSTAIN	A	0	0	0
H5B-D-6-07#s100r091	16	0	0	0	0	ABSTAIN	A	0	0	0
H5B-D-6-08#s100r091	16	0	0	0	0	ABSTAIN	A	0	0	0
H5B-D-6-09#s100r091	16	0	0	0	0	ABSTAIN	A	0	0	0
H5B-P-06-00#s100r092	16	0	0	0	0	ABSTAIN	A	0	0	0
H5B-P-06-01#s100r092	16	0	0	0	0	ABSTAIN	A	0	0	0
H5B-P-06-02#s100r092	16	0	0	0	0	ABSTAIN	A	0	0	0
H5B-P-06-03#s100r092	16	0	0	0	0	ABSTAIN	A	0	0	0
H5B-P-06-04#s100r092	16	0	0	0	0	ABSTAIN	A	0	0	0
H5B-P-06-05#s100r092	16	0	0	0	0	ABSTAIN	A	0	0	0
H5B-P-06-06#s100r092	16	0	0	0	0	ABSTAIN	A	0	0	0
H5B-P-06-07#s100r092	16	0	0	0	0	ABSTAIN	A	0	0	0
H5B-P-06-08#s100r092	16	0	0	0	0	ABSTAIN	A	0	0	0
H5B-P-06-09#s100r092	16	0	0	0	0	ABSTAIN	A	0	0	0
H5B-P-12-00#s100r092	16	0	0	0	0	ABSTAIN	A	0	0	0
H5B-P-12-01#s100r092	16	0	0	0	0	ABSTAIN	A	0	0	0
H5B-P-12-02#s100r092	16	0	0	0	0	ABSTAIN	A	0	0	0
H5B-P-12-03#s100r092	16	0	0	0	0	ABSTAIN	A	0	0	0
H5B-P-12-04#s100r092	16	0	0	0	0	ABSTAIN	A	0	0	0
H5B-P-12-05#s100r092	16	0	0	0	0	ABSTAIN	A	0	0	0
H5B-P-12-06#s100r092	16	0	0	0	0	ABSTAIN	A	0	0	0
H5B-P-12-07#s100r092	16	0	0	0	0	ABSTAIN	A	0	0	0
H5B-P-12-08#s100r092	16	0	0	0	0	ABSTAIN	A	0	0	0
H5B-P-12-09#s100r092	16	0	0	0	0	ABSTAIN	A	0	0	0
H5B-P-20-00#s100r092	16	0	0	0	0	RELEASE	0	0	0	0
H5B-P-20-01#s100r092	16	0	0	0	0	RELEASE	0	0	0	0
H5B-P-20-02#s100r092	16	0	0	0	0	RELEASE	0	0	0	0
H5B-P-20-03#s100r092	16	0	0	0	0	RELEASE	0	0	0	0
H5B-P-20-04#s100r092	16	0	0	0	0	RELEASE	0	0	0	0
H5B-P-20-05#s100r092	16	0	0	0	0	RELEASE	0	0	0	0
H5B-P-20-06#s100r092	16	0	0	0	0	RELEASE	0	0	0	0
H5B-P-20-07#s100r092	16	0	0	0	0	RELEASE	0	0	0	0
H5B-P-20-08#s100r092	16	0	0	0	0	RELEASE	0	0	0	0
H5B-P-20-09#s100r092	16	0	0	0	0	RELEASE	0	0	0	0
H5B-P-40-00#s100r092	16	0	0	0	0	RELEASE	0	0	0	0
H5B-P-40-01#s100r092	16	0	0	0	0	RELEASE	0	0	0	0
H5B-P-40-02#s100r092	16	0	0	0	0	RELEASE	0	0	0	0
H5B-P-40-03#s100r092	16	0	0	0	0	RELEASE	0	0	0	0
H5B-P-40-04#s100r092	16	0	0	0	0	RELEASE	0	0	0	0
H5B-P-40-05#s100r092	16	0	0	0	0	RELEASE	0	0	0	0
H5B-P-40-06#s100r092	16	0	0	0	0	RELEASE	0	0	0	0
H5B-P-40-07#s100r092	16	0	0	0	0	RELEASE	0	0	0	0
H5B-P-40-08#s100r092	16	0	0	0	0	RELEASE	0	0	0	0
H5B-P-40-09#s100r092	16	0	0	0	0	RELEASE	0	0	0	0
H5B-O-06-00#s100r092	16	0	0	0	0	ABSTAIN	A	0	0	0
H5B-O-06-01#s100r092	16	0	0	0	0	ABSTAIN	A	0	0	0
H5B-O-06-02#s100r092	16	0	0	0	0	ABSTAIN	A	0	0	0
H5B-O-06-03#s100r092	16	0	0	0	0	ABSTAIN	A	0	0	0
H5B-O-06-04#s100r092	16	0	0	0	0	ABSTAIN	A	0	0	0
H5B-O-06-05#s100r092	16	0	0	0	0	ABSTAIN	A	0	0	0
H5B-O-06-06#s100r092	16	0	0	0	0	ABSTAIN	A	0	0	0
H5B-O-06-07#s100r092	16	0	0	0	0	ABSTAIN	A	0	0	0
H5B-O-06-08#s100r092	16	0	0	0	0	ABSTAIN	A	0	0	0
H5B-O-06-09#s100r092	16	0	0	0	0	ABSTAIN	A	0	0	0
H5B-O-12-00#s100r092	16	0	0	0	0	ABSTAIN	A	0	0	0
H5B-O-12-01#s100r092	16	0	0	0	0	ABSTAIN	A	0	0	0
H5B-O-12-02#s100r092	16	0	0	0	0	ABSTAIN	A	0	0	0
H5B-O-12-03#s100r092	16	0	0	0	0	ABSTAIN	A	0	0	0
H5B-O-12-04#s100r092	16	0	0	0	0	ABSTAIN	A	0	0	0
H5B-O-12-05#s100r092	16	0	0	0	0	ABSTAIN	A	0	0	0
H5B-O-12-06#s100r092	16	0	0	0	0	ABSTAIN	A	0	0	0
H5B-O-12-07#s100r092	16	0	0	0	0	ABSTAIN	A	0	0	0
H5B-O-12-08#s100r092	16	0	0	0	0	ABSTAIN	A	0	0	0
H5B-O-12-09#s100r092	16	0	0	0	0	ABSTAIN	A	0	0	0
H5B-O-20-00#s100r092	16	0	0	0	0	RELEASE	1	652	0	0
H5B-O-20-01#s100r092	16	0	0	0	0	RELEASE	1	514	0	0
H5B-O-20-02#s100r092	16	0	0	0	0	RELEASE	1	652	0	0
H5B-O-20-03#s100r092	16	0	0	0	0	RELEASE	1	514	0	0
H5B-O-20-04#s100r092	16	0	0	0	0	RELEASE	1	652	0	0
H5B-O-20-05#s100r092	16	0	0	0	0	RELEASE	1	652	0	0
H5B-O-20-06#s100r092	16	0	0	0	0	RELEASE	1	514	0	0
H5B-O-20-07#s100r092	16	0	0	0	0	RELEASE	1	652	0	0
H5B-O-20-08#s100r092	16	0	0	0	0	RELEASE	1	514	0	0
H5B-O-20-09#s100r092	16	0	0	0	0	RELEASE	1	652	0	0
H5B-O-40-00#s100r092	16	0	0	0	0	RELEASE	1	651	0	0
H5B-O-40-01#s100r092	16	0	0	0	0	RELEASE	1	514	0	0
H5B-O-40-02#s100r092	16	0	0	0	0	RELEASE	1	651	0	0
H5B-O-40-03#s100r092	16	0	0	0	0	RELEASE	1	514	0	0
H5B-O-40-04#s100r092	16	0	0	0	0	RELEASE	1	652	0	0
H5B-O-40-05#s100r092	16	0	0	0	0	RELEASE	1	652	0	0
H5B-O-40-06#s100r092	16	0	0	0	0	RELEASE	1	515	0	0
H5B-O-40-07#s100r092	16	0	0	0	0	RELEASE	1	652	0	0
H5B-O-40-08#s100r092	16	0	0	0	0	RELEASE	1	515	0	0
H5B-O-40-09#s100r092	16	0	0	0	0	RELEASE	1	652	0	0
H5B-D-0-00#s100r092	16	0	0	0	0	RELEASE	1	660	0	0
H5B-D-0-01#s100r092	16	0	0	0	0	RELEASE	1	660	0	0
H5B-D-0-02#s100r092	16	0	0	0	0	RELEASE	1	660	0	0
H5B-D-0-03#s100r092	16	0	0	0	0	RELEASE	1	660	0	0
H5B-D-0-04#s100r092	16	0	0	0	0	RELEASE	1	660	0	0
H5B-D-0-05#s100r092	16	0	0	0	0	RELEASE	1	660	0	0
H5B-D-0-06#s100r092	16	0	0	0	0	RELEASE	1	660	0	0
H5B-D-0-07#s100r092	16	0	0	0	0	RELEASE	1	660	0	0
H5B-D-0-08#s100r092	16	0	0	0	0	RELEASE	1	660	0	0
H5B-D-0-09#s100r092	16	0	0	0	0	RELEASE	1	660	0	0
H5B-D-1-00#s100r092	16	0	0	0	0	ABSTAIN	A	0	0	0
H5B-D-1-01#s100r092	16	0	0	0	0	ABSTAIN	A	0	0	0
H5B-D-1-02#s100r092	16	0	0	0	0	ABSTAIN	A	0	0	0
H5B-D-1-03#s100r092	16	0	0	0	0	ABSTAIN	A	0	0	0
H5B-D-1-04#s100r092	16	0	0	0	0	ABSTAIN	A	0	0	0
H5B-D-1-05#s100r092	16	0	0	0	0	ABSTAIN	A	0	0	0
H5B-D-1-06#s100r092	16	0	0	0	0	ABSTAIN	A	0	0	0
H5B-D-1-07#s100r092	16	0	0	0	0	ABSTAIN	A	0	0	0
H5B-D-1-08#s100r092	16	0	0	0	0	ABSTAIN	A	0	0	0
H5B-D-1-09#s100r092	16	0	0	0	0	ABSTAIN	A	0	0	0
H5B-D-2-00#s100r092	16	0	0	0	0	ABSTAIN	A	0	0	0
H5B-D-2-01#s100r092	16	0	0	0	0	ABSTAIN	A	0	0	0
H5B-D-2-02#s100r092	16	0	0	0	0	ABSTAIN	A	0	0	0
H5B-D-2-03#s100r092	16	0	0	0	0	ABSTAIN	A	0	0	0
H5B-D-2-04#s100r092	16	0	0	0	0	ABSTAIN	A	0	0	0
H5B-D-2-05#s100r092	16	0	0	0	0	ABSTAIN	A	0	0	0
H5B-D-2-06#s100r092	16	0	0	0	0	ABSTAIN	A	0	0	0
H5B-D-2-07#s100r092	16	0	0	0	0	ABSTAIN	A	0	0	0
H5B-D-2-08#s100r092	16	0	0	0	0	ABSTAIN	A	0	0	0
H5B-D-2-09#s100r092	16	0	0	0	0	ABSTAIN	A	0	0	0
H5B-D-6-00#s100r092	16	0	0	0	0	ABSTAIN	A	0	0	0
H5B-D-6-01#s100r092	16	0	0	0	0	ABSTAIN	A	0	0	0
H5B-D-6-02#s100r092	16	0	0	0	0	ABSTAIN	A	0	0	0
H5B-D-6-03#s100r092	16	0	0	0	0	ABSTAIN	A	0	0	0
H5B-D-6-04#s100r092	16	0	0	0	0	ABSTAIN	A	0	0	0
H5B-D-6-05#s100r092	16	0	0	0	0	ABSTAIN	A	0	0	0
H5B-D-6-06#s100r092	16	0	0	0	0	ABSTAIN	A	0	0	0
H5B-D-6-07#s100r092	16	0	0	0	0	ABSTAIN	A	0	0	0
H5B-D-6-08#s100r092	16	0	0	0	0	ABSTAIN	A	0	0	0
H5B-D-6-09#s100r092	16	0	0	0	0	ABSTAIN	A	0	0	0
H5B-P-06-00#s100r093	16	0	0	0	0	ABSTAIN	A	0	0	0
H5B-P-06-01#s100r093	16	0	0	0	0	ABSTAIN	A	0	0	0
H5B-P-06-02#s100r093	16	0	0	0	0	ABSTAIN	A	0	0	0
H5B-P-06-03#s100r093	16	0	0	0	0	ABSTAIN	A	0	0	0
H5B-P-06-04#s100r093	16	0	0	0	0	ABSTAIN	A	0	0	0
H5B-P-06-05#s100r093	16	0	0	0	0	ABSTAIN	A	0	0	0
H5B-P-06-06#s100r093	16	0	0	0	0	ABSTAIN	A	0	0	0
H5B-P-06-07#s100r093	16	0	0	0	0	ABSTAIN	A	0	0	0
H5B-P-06-08#s100r093	16	0	0	0	0	ABSTAIN	A	0	0	0
H5B-P-06-09#s100r093	16	0	0	0	0	ABSTAIN	A	0	0	0
H5B-P-12-00#s100r093	16	0	0	0	0	ABSTAIN	A	0	0	0
H5B-P-12-01#s100r093	16	0	0	0	0	ABSTAIN	A	0	0	0
H5B-P-12-02#s100r093	16	0	0	0	0	ABSTAIN	A	0	0	0
H5B-P-12-03#s100r093	16	0	0	0	0	ABSTAIN	A	0	0	0
H5B-P-12-04#s100r093	16	0	0	0	0	ABSTAIN	A	0	0	0
H5B-P-12-05#s100r093	16	0	0	0	0	ABSTAIN	A	0	0	0
H5B-P-12-06#s100r093	16	0	0	0	0	ABSTAIN	A	0	0	0
H5B-P-12-07#s100r093	16	0	0	0	0	ABSTAIN	A	0	0	0
H5B-P-12-08#s100r093	16	0	0	0	0	ABSTAIN	A	0	0	0
H5B-P-12-09#s100r093	16	0	0	0	0	ABSTAIN	A	0	0	0
H5B-P-20-00#s100r093	16	0	0	0	0	RELEASE	0	0	0	0
H5B-P-20-01#s100r093	16	0	0	0	0	RELEASE	0	0	0	0
H5B-P-20-02#s100r093	16	0	0	0	0	RELEASE	0	0	0	0
H5B-P-20-03#s100r093	16	0	0	0	0	RELEASE	0	0	0	0
H5B-P-20-04#s100r093	16	0	0	0	0	RELEASE	0	0	0	0
H5B-P-20-05#s100r093	16	0	0	0	0	RELEASE	0	0	0	0
H5B-P-20-06#s100r093	16	0	0	0	0	RELEASE	0	0	0	0
H5B-P-20-07#s100r093	16	0	0	0	0	RELEASE	0	0	0	0
H5B-P-20-08#s100r093	16	0	0	0	0	RELEASE	0	0	0	0
H5B-P-20-09#s100r093	16	0	0	0	0	RELEASE	0	0	0	0
H5B-P-40-00#s100r093	16	0	0	0	0	RELEASE	0	0	0	0
H5B-P-40-01#s100r093	16	0	0	0	0	RELEASE	0	0	0	0
H5B-P-40-02#s100r093	16	0	0	0	0	RELEASE	0	0	0	0
H5B-P-40-03#s100r093	16	0	0	0	0	RELEASE	0	0	0	0
H5B-P-40-04#s100r093	16	0	0	0	0	RELEASE	0	0	0	0
H5B-P-40-05#s100r093	16	0	0	0	0	RELEASE	0	0	0	0
H5B-P-40-06#s100r093	16	0	0	0	0	RELEASE	0	0	0	0
H5B-P-40-07#s100r093	16	0	0	0	0	RELEASE	0	0	0	0
H5B-P-40-08#s100r093	16	0	0	0	0	RELEASE	0	0	0	0
H5B-P-40-09#s100r093	16	0	0	0	0	RELEASE	0	0	0	0
H5B-O-06-00#s100r093	16	0	0	0	0	ABSTAIN	A	0	0	0
H5B-O-06-01#s100r093	16	0	0	0	0	ABSTAIN	A	0	0	0
H5B-O-06-02#s100r093	16	0	0	0	0	ABSTAIN	A	0	0	0
H5B-O-06-03#s100r093	16	0	0	0	0	ABSTAIN	A	0	0	0
H5B-O-06-04#s100r093	16	0	0	0	0	ABSTAIN	A	0	0	0
H5B-O-06-05#s100r093	16	0	0	0	0	ABSTAIN	A	0	0	0
H5B-O-06-06#s100r093	16	0	0	0	0	ABSTAIN	A	0	0	0
H5B-O-06-07#s100r093	16	0	0	0	0	ABSTAIN	A	0	0	0
H5B-O-06-08#s100r093	16	0	0	0	0	ABSTAIN	A	0	0	0
H5B-O-06-09#s100r093	16	0	0	0	0	ABSTAIN	A	0	0	0
H5B-O-12-00#s100r093	16	0	0	0	0	ABSTAIN	A	0	0	0
H5B-O-12-01#s100r093	16	0	0	0	0	ABSTAIN	A	0	0	0
H5B-O-12-02#s100r093	16	0	0	0	0	ABSTAIN	A	0	0	0
H5B-O-12-03#s100r093	16	0	0	0	0	ABSTAIN	A	0	0	0
H5B-O-12-04#s100r093	16	0	0	0	0	ABSTAIN	A	0	0	0
H5B-O-12-05#s100r093	16	0	0	0	0	ABSTAIN	A	0	0	0
H5B-O-12-06#s100r093	16	0	0	0	0	ABSTAIN	A	0	0	0
H5B-O-12-07#s100r093	16	0	0	0	0	ABSTAIN	A	0	0	0
H5B-O-12-08#s100r093	16	0	0	0	0	ABSTAIN	A	0	0	0
H5B-O-12-09#s100r093	16	0	0	0	0	ABSTAIN	A	0	0	0
H5B-O-20-00#s100r093	16	0	0	0	0	RELEASE	1	652	0	0
H5B-O-20-01#s100r093	16	0	0	0	0	RELEASE	1	514	0	0
H5B-O-20-02#s100r093	16	0	0	0	0	RELEASE	1	652	0	0
H5B-O-20-03#s100r093	16	0	0	0	0	RELEASE	1	514	0	0
H5B-O-20-04#s100r093	16	0	0	0	0	RELEASE	1	652	0	0
H5B-O-20-05#s100r093	16	0	0	0	0	RELEASE	1	652	0	0
H5B-O-20-06#s100r093	16	0	0	0	0	RELEASE	1	514	0	0
H5B-O-20-07#s100r093	16	0	0	0	0	RELEASE	1	652	0	0
H5B-O-20-08#s100r093	16	0	0	0	0	RELEASE	1	514	0	0
H5B-O-20-09#s100r093	16	0	0	0	0	RELEASE	1	652	0	0
H5B-O-40-00#s100r093	16	0	0	0	0	RELEASE	1	651	0	0
H5B-O-40-01#s100r093	16	0	0	0	0	RELEASE	1	514	0	0
H5B-O-40-02#s100r093	16	0	0	0	0	RELEASE	1	651	0	0
H5B-O-40-03#s100r093	16	0	0	0	0	RELEASE	1	514	0	0
H5B-O-40-04#s100r093	16	0	0	0	0	RELEASE	1	652	0	0
H5B-O-40-05#s100r093	16	0	0	0	0	RELEASE	1	652	0	0
H5B-O-40-06#s100r093	16	0	0	0	0	RELEASE	1	515	0	0
H5B-O-40-07#s100r093	16	0	0	0	0	RELEASE	1	652	0	0
H5B-O-40-08#s100r093	16	0	0	0	0	RELEASE	1	515	0	0
H5B-O-40-09#s100r093	16	0	0	0	0	RELEASE	1	652	0	0
H5B-D-0-00#s100r093	16	0	0	0	0	RELEASE	1	660	0	0
H5B-D-0-01#s100r093	16	0	0	0	0	RELEASE	1	660	0	0
H5B-D-0-02#s100r093	16	0	0	0	0	RELEASE	1	660	0	0
H5B-D-0-03#s100r093	16	0	0	0	0	RELEASE	1	660	0	0
H5B-D-0-04#s100r093	16	0	0	0	0	RELEASE	1	660	0	0
H5B-D-0-05#s100r093	16	0	0	0	0	RELEASE	1	660	0	0
H5B-D-0-06#s100r093	16	0	0	0	0	RELEASE	1	660	0	0
H5B-D-0-07#s100r093	16	0	0	0	0	RELEASE	1	660	0	0
H5B-D-0-08#s100r093	16	0	0	0	0	RELEASE	1	660	0	0
H5B-D-0-09#s100r093	16	0	0	0	0	RELEASE	1	660	0	0
H5B-D-1-00#s100r093	16	0	0	0	0	ABSTAIN	A	0	0	0
H5B-D-1-01#s100r093	16	0	0	0	0	ABSTAIN	A	0	0	0
H5B-D-1-02#s100r093	16	0	0	0	0	ABSTAIN	A	0	0	0
H5B-D-1-03#s100r093	16	0	0	0	0	ABSTAIN	A	0	0	0
H5B-D-1-04#s100r093	16	0	0	0	0	ABSTAIN	A	0	0	0
H5B-D-1-05#s100r093	16	0	0	0	0	ABSTAIN	A	0	0	0
H5B-D-1-06#s100r093	16	0	0	0	0	ABSTAIN	A	0	0	0
H5B-D-1-07#s100r093	16	0	0	0	0	ABSTAIN	A	0	0	0
H5B-D-1-08#s100r093	16	0	0	0	0	ABSTAIN	A	0	0	0
H5B-D-1-09#s100r093	16	0	0	0	0	ABSTAIN	A	0	0	0
H5B-D-2-00#s100r093	16	0	0	0	0	ABSTAIN	A	0	0	0
H5B-D-2-01#s100r093	16	0	0	0	0	ABSTAIN	A	0	0	0
H5B-D-2-02#s100r093	16	0	0	0	0	ABSTAIN	A	0	0	0
H5B-D-2-03#s100r093	16	0	0	0	0	ABSTAIN	A	0	0	0
H5B-D-2-04#s100r093	16	0	0	0	0	ABSTAIN	A	0	0	0
H5B-D-2-05#s100r093	16	0	0	0	0	ABSTAIN	A	0	0	0
H5B-D-2-06#s100r093	16	0	0	0	0	ABSTAIN	A	0	0	0
H5B-D-2-07#s100r093	16	0	0	0	0	ABSTAIN	A	0	0	0
H5B-D-2-08#s100r093	16	0	0	0	0	ABSTAIN	A	0	0	0
H5B-D-2-09#s100r093	16	0	0	0	0	ABSTAIN	A	0	0	0
H5B-D-6-00#s100r093	16	0	0	0	0	ABSTAIN	A	0	0	0
H5B-D-6-01#s100r093	16	0	0	0	0	ABSTAIN	A	0	0	0
H5B-D-6-02#s100r093	16	0	0	0	0	ABSTAIN	A	0	0	0
H5B-D-6-03#s100r093	16	0	0	0	0	ABSTAIN	A	0	0	0
H5B-D-6-04#s100r093	16	0	0	0	0	ABSTAIN	A	0	0	0
H5B-D-6-05#s100r093	16	0	0	0	0	ABSTAIN	A	0	0	0
H5B-D-6-06#s100r093	16	0	0	0	0	ABSTAIN	A	0	0	0
H5B-D-6-07#s100r093	16	0	0	0	0	ABSTAIN	A	0	0	0
H5B-D-6-08#s100r093	16	0	0	0	0	ABSTAIN	A	0	0	0
H5B-D-6-09#s100r093	16	0	0	0	0	ABSTAIN	A	0	0	0
H5B-P-06-00#s100r094	16	0	0	0	0	ABSTAIN	A	0	0	0
H5B-P-06-01#s100r094	16	0	0	0	0	ABSTAIN	A	0	0	0
H5B-P-06-02#s100r094	16	0	0	0	0	ABSTAIN	A	0	0	0
H5B-P-06-03#s100r094	16	0	0	0	0	ABSTAIN	A	0	0	0
H5B-P-06-04#s100r094	16	0	0	0	0	ABSTAIN	A	0	0	0
H5B-P-06-05#s100r094	16	0	0	0	0	ABSTAIN	A	0	0	0
H5B-P-06-06#s100r094	16	0	0	0	0	ABSTAIN	A	0	0	0
H5B-P-06-07#s100r094	16	0	0	0	0	ABSTAIN	A	0	0	0
H5B-P-06-08#s100r094	16	0	0	0	0	ABSTAIN	A	0	0	0
H5B-P-06-09#s100r094	16	0	0	0	0	ABSTAIN	A	0	0	0
H5B-P-12-00#s100r094	16	0	0	0	0	ABSTAIN	A	0	0	0
H5B-P-12-01#s100r094	16	0	0	0	0	ABSTAIN	A	0	0	0
H5B-P-12-02#s100r094	16	0	0	0	0	ABSTAIN	A	0	0	0
H5B-P-12-03#s100r094	16	0	0	0	0	ABSTAIN	A	0	0	0
H5B-P-12-04#s100r094	16	0	0	0	0	ABSTAIN	A	0	0	0
H5B-P-12-05#s100r094	16	0	0	0	0	ABSTAIN	A	0	0	0
H5B-P-12-06#s100r094	16	0	0	0	0	ABSTAIN	A	0	0	0
H5B-P-12-07#s100r094	16	0	0	0	0	ABSTAIN	A	0	0	0
H5B-P-12-08#s100r094	16	0	0	0	0	ABSTAIN	A	0	0	0
H5B-P-12-09#s100r094	16	0	0	0	0	ABSTAIN	A	0	0	0
H5B-P-20-00#s100r094	16	0	0	0	0	RELEASE	0	0	0	0
H5B-P-20-01#s100r094	16	0	0	0	0	RELEASE	0	0	0	0
H5B-P-20-02#s100r094	16	0	0	0	0	RELEASE	0	0	0	0
H5B-P-20-03#s100r094	16	0	0	0	0	RELEASE	0	0	0	0
H5B-P-20-04#s100r094	16	0	0	0	0	RELEASE	0	0	0	0
H5B-P-20-05#s100r094	16	0	0	0	0	RELEASE	0	0	0	0
H5B-P-20-06#s100r094	16	0	0	0	0	RELEASE	0	0	0	0
H5B-P-20-07#s100r094	16	0	0	0	0	RELEASE	0	0	0	0
H5B-P-20-08#s100r094	16	0	0	0	0	RELEASE	0	0	0	0
H5B-P-20-09#s100r094	16	0	0	0	0	RELEASE	0	0	0	0
H5B-P-40-00#s100r094	16	0	0	0	0	RELEASE	0	0	0	0
H5B-P-40-01#s100r094	16	0	0	0	0	RELEASE	0	0	0	0
H5B-P-40-02#s100r094	16	0	0	0	0	RELEASE	0	0	0	0
H5B-P-40-03#s100r094	16	0	0	0	0	RELEASE	0	0	0	0
H5B-P-40-04#s100r094	16	0	0	0	0	RELEASE	0	0	0	0
H5B-P-40-05#s100r094	16	0	0	0	0	RELEASE	0	0	0	0
H5B-P-40-06#s100r094	16	0	0	0	0	RELEASE	0	0	0	0
H5B-P-40-07#s100r094	16	0	0	0	0	RELEASE	0	0	0	0
H5B-P-40-08#s100r094	16	0	0	0	0	RELEASE	0	0	0	0
H5B-P-40-09#s100r094	16	0	0	0	0	RELEASE	0	0	0	0
H5B-O-06-00#s100r094	16	0	0	0	0	ABSTAIN	A	0	0	0
H5B-O-06-01#s100r094	16	0	0	0	0	ABSTAIN	A	0	0	0
H5B-O-06-02#s100r094	16	0	0	0	0	ABSTAIN	A	0	0	0
H5B-O-06-03#s100r094	16	0	0	0	0	ABSTAIN	A	0	0	0
H5B-O-06-04#s100r094	16	0	0	0	0	ABSTAIN	A	0	0	0
H5B-O-06-05#s100r094	16	0	0	0	0	ABSTAIN	A	0	0	0
H5B-O-06-06#s100r094	16	0	0	0	0	ABSTAIN	A	0	0	0
H5B-O-06-07#s100r094	16	0	0	0	0	ABSTAIN	A	0	0	0
H5B-O-06-08#s100r094	16	0	0	0	0	ABSTAIN	A	0	0	0
H5B-O-06-09#s100r094	16	0	0	0	0	ABSTAIN	A	0	0	0
H5B-O-12-00#s100r094	16	0	0	0	0	ABSTAIN	A	0	0	0
H5B-O-12-01#s100r094	16	0	0	0	0	ABSTAIN	A	0	0	0
H5B-O-12-02#s100r094	16	0	0	0	0	ABSTAIN	A	0	0	0
H5B-O-12-03#s100r094	16	0	0	0	0	ABSTAIN	A	0	0	0
H5B-O-12-04#s100r094	16	0	0	0	0	ABSTAIN	A	0	0	0
H5B-O-12-05#s100r094	16	0	0	0	0	ABSTAIN	A	0	0	0
H5B-O-12-06#s100r094	16	0	0	0	0	ABSTAIN	A	0	0	0
H5B-O-12-07#s100r094	16	0	0	0	0	ABSTAIN	A	0	0	0
H5B-O-12-08#s100r094	16	0	0	0	0	ABSTAIN	A	0	0	0
H5B-O-12-09#s100r094	16	0	0	0	0	ABSTAIN	A	0	0	0
H5B-O-20-00#s100r094	16	0	0	0	0	RELEASE	1	652	0	0
H5B-O-20-01#s100r094	16	0	0	0	0	RELEASE	1	514	0	0
H5B-O-20-02#s100r094	16	0	0	0	0	RELEASE	1	652	0	0
H5B-O-20-03#s100r094	16	0	0	0	0	RELEASE	1	514	0	0
H5B-O-20-04#s100r094	16	0	0	0	0	RELEASE	1	652	0	0
H5B-O-20-05#s100r094	16	0	0	0	0	RELEASE	1	652	0	0
H5B-O-20-06#s100r094	16	0	0	0	0	RELEASE	1	514	0	0
H5B-O-20-07#s100r094	16	0	0	0	0	RELEASE	1	652	0	0
H5B-O-20-08#s100r094	16	0	0	0	0	RELEASE	1	514	0	0
H5B-O-20-09#s100r094	16	0	0	0	0	RELEASE	1	652	0	0
H5B-O-40-00#s100r094	16	0	0	0	0	RELEASE	1	651	0	0
H5B-O-40-01#s100r094	16	0	0	0	0	RELEASE	1	514	0	0
H5B-O-40-02#s100r094	16	0	0	0	0	RELEASE	1	651	0	0
H5B-O-40-03#s100r094	16	0	0	0	0	RELEASE	1	514	0	0
H5B-O-40-04#s100r094	16	0	0	0	0	RELEASE	1	652	0	0
H5B-O-40-05#s100r094	16	0	0	0	0	RELEASE	1	652	0	0
H5B-O-40-06#s100r094	16	0	0	0	0	RELEASE	1	515	0	0
H5B-O-40-07#s100r094	16	0	0	0	0	RELEASE	1	652	0	0
H5B-O-40-08#s100r094	16	0	0	0	0	RELEASE	1	515	0	0
H5B-O-40-09#s100r094	16	0	0	0	0	RELEASE	1	652	0	0
H5B-D-0-00#s100r094	16	0	0	0	0	RELEASE	1	660	0	0
H5B-D-0-01#s100r094	16	0	0	0	0	RELEASE	1	660	0	0
H5B-D-0-02#s100r094	16	0	0	0	0	RELEASE	1	660	0	0
H5B-D-0-03#s100r094	16	0	0	0	0	RELEASE	1	660	0	0
H5B-D-0-04#s100r094	16	0	0	0	0	RELEASE	1	660	0	0
H5B-D-0-05#s100r094	16	0	0	0	0	RELEASE	1	660	0	0
H5B-D-0-06#s100r094	16	0	0	0	0	RELEASE	1	660	0	0
H5B-D-0-07#s100r094	16	0	0	0	0	RELEASE	1	660	0	0
H5B-D-0-08#s100r094	16	0	0	0	0	RELEASE	1	660	0	0
H5B-D-0-09#s100r094	16	0	0	0	0	RELEASE	1	660	0	0
H5B-D-1-00#s100r094	16	0	0	0	0	ABSTAIN	A	0	0	0
H5B-D-1-01#s100r094	16	0	0	0	0	ABSTAIN	A	0	0	0
H5B-D-1-02#s100r094	16	0	0	0	0	ABSTAIN	A	0	0	0
H5B-D-1-03#s100r094	16	0	0	0	0	ABSTAIN	A	0	0	0
H5B-D-1-04#s100r094	16	0	0	0	0	ABSTAIN	A	0	0	0
H5B-D-1-05#s100r094	16	0	0	0	0	ABSTAIN	A	0	0	0
H5B-D-1-06#s100r094	16	0	0	0	0	ABSTAIN	A	0	0	0
H5B-D-1-07#s100r094	16	0	0	0	0	ABSTAIN	A	0	0	0
H5B-D-1-08#s100r094	16	0	0	0	0	ABSTAIN	A	0	0	0
H5B-D-1-09#s100r094	16	0	0	0	0	ABSTAIN	A	0	0	0
H5B-D-2-00#s100r094	16	0	0	0	0	ABSTAIN	A	0	0	0
H5B-D-2-01#s100r094	16	0	0	0	0	ABSTAIN	A	0	0	0
H5B-D-2-02#s100r094	16	0	0	0	0	ABSTAIN	A	0	0	0
H5B-D-2-03#s100r094	16	0	0	0	0	ABSTAIN	A	0	0	0
H5B-D-2-04#s100r094	16	0	0	0	0	ABSTAIN	A	0	0	0
H5B-D-2-05#s100r094	16	0	0	0	0	ABSTAIN	A	0	0	0
H5B-D-2-06#s100r094	16	0	0	0	0	ABSTAIN	A	0	0	0
H5B-D-2-07#s100r094	16	0	0	0	0	ABSTAIN	A	0	0	0
H5B-D-2-08#s100r094	16	0	0	0	0	ABSTAIN	A	0	0	0
H5B-D-2-09#s100r094	16	0	0	0	0	ABSTAIN	A	0	0	0
H5B-D-6-00#s100r094	16	0	0	0	0	ABSTAIN	A	0	0	0
H5B-D-6-01#s100r094	16	0	0	0	0	ABSTAIN	A	0	0	0
H5B-D-6-02#s100r094	16	0	0	0	0	ABSTAIN	A	0	0	0
H5B-D-6-03#s100r094	16	0	0	0	0	ABSTAIN	A	0	0	0
H5B-D-6-04#s100r094	16	0	0	0	0	ABSTAIN	A	0	0	0
H5B-D-6-05#s100r094	16	0	0	0	0	ABSTAIN	A	0	0	0
H5B-D-6-06#s100r094	16	0	0	0	0	ABSTAIN	A	0	0	0
H5B-D-6-07#s100r094	16	0	0	0	0	ABSTAIN	A	0	0	0
H5B-D-6-08#s100r094	16	0	0	0	0	ABSTAIN	A	0	0	0
H5B-D-6-09#s100r094	16	0	0	0	0	ABSTAIN	A	0	0	0
H5B-P-06-00#s100r095	16	0	0	0	0	ABSTAIN	A	0	0	0
H5B-P-06-01#s100r095	16	0	0	0	0	ABSTAIN	A	0	0	0
H5B-P-06-02#s100r095	16	0	0	0	0	ABSTAIN	A	0	0	0
H5B-P-06-03#s100r095	16	0	0	0	0	ABSTAIN	A	0	0	0
H5B-P-06-04#s100r095	16	0	0	0	0	ABSTAIN	A	0	0	0
H5B-P-06-05#s100r095	16	0	0	0	0	ABSTAIN	A	0	0	0
H5B-P-06-06#s100r095	16	0	0	0	0	ABSTAIN	A	0	0	0
H5B-P-06-07#s100r095	16	0	0	0	0	ABSTAIN	A	0	0	0
H5B-P-06-08#s100r095	16	0	0	0	0	ABSTAIN	A	0	0	0
H5B-P-06-09#s100r095	16	0	0	0	0	ABSTAIN	A	0	0	0
H5B-P-12-00#s100r095	16	0	0	0	0	ABSTAIN	A	0	0	0
H5B-P-12-01#s100r095	16	0	0	0	0	ABSTAIN	A	0	0	0
H5B-P-12-02#s100r095	16	0	0	0	0	ABSTAIN	A	0	0	0
H5B-P-12-03#s100r095	16	0	0	0	0	ABSTAIN	A	0	0	0
H5B-P-12-04#s100r095	16	0	0	0	0	ABSTAIN	A	0	0	0
H5B-P-12-05#s100r095	16	0	0	0	0	ABSTAIN	A	0	0	0
H5B-P-12-06#s100r095	16	0	0	0	0	ABSTAIN	A	0	0	0
H5B-P-12-07#s100r095	16	0	0	0	0	ABSTAIN	A	0	0	0
H5B-P-12-08#s100r095	16	0	0	0	0	ABSTAIN	A	0	0	0
H5B-P-12-09#s100r095	16	0	0	0	0	ABSTAIN	A	0	0	0
H5B-P-20-00#s100r095	16	0	0	0	0	RELEASE	0	0	0	0
H5B-P-20-01#s100r095	16	0	0	0	0	RELEASE	0	0	0	0
H5B-P-20-02#s100r095	16	0	0	0	0	RELEASE	0	0	0	0
H5B-P-20-03#s100r095	16	0	0	0	0	RELEASE	0	0	0	0
H5B-P-20-04#s100r095	16	0	0	0	0	RELEASE	0	0	0	0
H5B-P-20-05#s100r095	16	0	0	0	0	RELEASE	0	0	0	0
H5B-P-20-06#s100r095	16	0	0	0	0	RELEASE	0	0	0	0
H5B-P-20-07#s100r095	16	0	0	0	0	RELEASE	0	0	0	0
H5B-P-20-08#s100r095	16	0	0	0	0	RELEASE	0	0	0	0
H5B-P-20-09#s100r095	16	0	0	0	0	RELEASE	0	0	0	0
H5B-P-40-00#s100r095	16	0	0	0	0	RELEASE	0	0	0	0
H5B-P-40-01#s100r095	16	0	0	0	0	RELEASE	0	0	0	0
H5B-P-40-02#s100r095	16	0	0	0	0	RELEASE	0	0	0	0
H5B-P-40-03#s100r095	16	0	0	0	0	RELEASE	0	0	0	0
H5B-P-40-04#s100r095	16	0	0	0	0	RELEASE	0	0	0	0
H5B-P-40-05#s100r095	16	0	0	0	0	RELEASE	0	0	0	0
H5B-P-40-06#s100r095	16	0	0	0	0	RELEASE	0	0	0	0
H5B-P-40-07#s100r095	16	0	0	0	0	RELEASE	0	0	0	0
H5B-P-40-08#s100r095	16	0	0	0	0	RELEASE	0	0	0	0
H5B-P-40-09#s100r095	16	0	0	0	0	RELEASE	0	0	0	0
H5B-O-06-00#s100r095	16	0	0	0	0	ABSTAIN	A	0	0	0
H5B-O-06-01#s100r095	16	0	0	0	0	ABSTAIN	A	0	0	0
H5B-O-06-02#s100r095	16	0	0	0	0	ABSTAIN	A	0	0	0
H5B-O-06-03#s100r095	16	0	0	0	0	ABSTAIN	A	0	0	0
H5B-O-06-04#s100r095	16	0	0	0	0	ABSTAIN	A	0	0	0
H5B-O-06-05#s100r095	16	0	0	0	0	ABSTAIN	A	0	0	0
H5B-O-06-06#s100r095	16	0	0	0	0	ABSTAIN	A	0	0	0
H5B-O-06-07#s100r095	16	0	0	0	0	ABSTAIN	A	0	0	0
H5B-O-06-08#s100r095	16	0	0	0	0	ABSTAIN	A	0	0	0
H5B-O-06-09#s100r095	16	0	0	0	0	ABSTAIN	A	0	0	0
H5B-O-12-00#s100r095	16	0	0	0	0	ABSTAIN	A	0	0	0
H5B-O-12-01#s100r095	16	0	0	0	0	ABSTAIN	A	0	0	0
H5B-O-12-02#s100r095	16	0	0	0	0	ABSTAIN	A	0	0	0
H5B-O-12-03#s100r095	16	0	0	0	0	ABSTAIN	A	0	0	0
H5B-O-12-04#s100r095	16	0	0	0	0	ABSTAIN	A	0	0	0
H5B-O-12-05#s100r095	16	0	0	0	0	ABSTAIN	A	0	0	0
H5B-O-12-06#s100r095	16	0	0	0	0	ABSTAIN	A	0	0	0
H5B-O-12-07#s100r095	16	0	0	0	0	ABSTAIN	A	0	0	0
H5B-O-12-08#s100r095	16	0	0	0	0	ABSTAIN	A	0	0	0
H5B-O-12-09#s100r095	16	0	0	0	0	ABSTAIN	A	0	0	0
H5B-O-20-00#s100r095	16	0	0	0	0	RELEASE	1	652	0	0
H5B-O-20-01#s100r095	16	0	0	0	0	RELEASE	1	514	0	0
H5B-O-20-02#s100r095	16	0	0	0	0	RELEASE	1	652	0	0
H5B-O-20-03#s100r095	16	0	0	0	0	RELEASE	1	514	0	0
H5B-O-20-04#s100r095	16	0	0	0	0	RELEASE	1	652	0	0
H5B-O-20-05#s100r095	16	0	0	0	0	RELEASE	1	652	0	0
H5B-O-20-06#s100r095	16	0	0	0	0	RELEASE	1	514	0	0
H5B-O-20-07#s100r095	16	0	0	0	0	RELEASE	1	652	0	0
H5B-O-20-08#s100r095	16	0	0	0	0	RELEASE	1	514	0	0
H5B-O-20-09#s100r095	16	0	0	0	0	RELEASE	1	652	0	0
H5B-O-40-00#s100r095	16	0	0	0	0	RELEASE	1	651	0	0
H5B-O-40-01#s100r095	16	0	0	0	0	RELEASE	1	514	0	0
H5B-O-40-02#s100r095	16	0	0	0	0	RELEASE	1	651	0	0
H5B-O-40-03#s100r095	16	0	0	0	0	RELEASE	1	514	0	0
H5B-O-40-04#s100r095	16	0	0	0	0	RELEASE	1	652	0	0
H5B-O-40-05#s100r095	16	0	0	0	0	RELEASE	1	652	0	0
H5B-O-40-06#s100r095	16	0	0	0	0	RELEASE	1	515	0	0
H5B-O-40-07#s100r095	16	0	0	0	0	RELEASE	1	652	0	0
H5B-O-40-08#s100r095	16	0	0	0	0	RELEASE	1	515	0	0
H5B-O-40-09#s100r095	16	0	0	0	0	RELEASE	1	652	0	0
H5B-D-0-00#s100r095	16	0	0	0	0	RELEASE	1	660	0	0
H5B-D-0-01#s100r095	16	0	0	0	0	RELEASE	1	660	0	0
H5B-D-0-02#s100r095	16	0	0	0	0	RELEASE	1	660	0	0
H5B-D-0-03#s100r095	16	0	0	0	0	RELEASE	1	660	0	0
H5B-D-0-04#s100r095	16	0	0	0	0	RELEASE	1	660	0	0
H5B-D-0-05#s100r095	16	0	0	0	0	RELEASE	1	660	0	0
H5B-D-0-06#s100r095	16	0	0	0	0	RELEASE	1	660	0	0
H5B-D-0-07#s100r095	16	0	0	0	0	RELEASE	1	660	0	0
H5B-D-0-08#s100r095	16	0	0	0	0	RELEASE	1	660	0	0
H5B-D-0-09#s100r095	16	0	0	0	0	RELEASE	1	660	0	0
H5B-D-1-00#s100r095	16	0	0	0	0	ABSTAIN	A	0	0	0
H5B-D-1-01#s100r095	16	0	0	0	0	ABSTAIN	A	0	0	0
H5B-D-1-02#s100r095	16	0	0	0	0	ABSTAIN	A	0	0	0
H5B-D-1-03#s100r095	16	0	0	0	0	ABSTAIN	A	0	0	0
H5B-D-1-04#s100r095	16	0	0	0	0	ABSTAIN	A	0	0	0
H5B-D-1-05#s100r095	16	0	0	0	0	ABSTAIN	A	0	0	0
H5B-D-1-06#s100r095	16	0	0	0	0	ABSTAIN	A	0	0	0
H5B-D-1-07#s100r095	16	0	0	0	0	ABSTAIN	A	0	0	0
H5B-D-1-08#s100r095	16	0	0	0	0	ABSTAIN	A	0	0	0
H5B-D-1-09#s100r095	16	0	0	0	0	ABSTAIN	A	0	0	0
H5B-D-2-00#s100r095	16	0	0	0	0	ABSTAIN	A	0	0	0
H5B-D-2-01#s100r095	16	0	0	0	0	ABSTAIN	A	0	0	0
H5B-D-2-02#s100r095	16	0	0	0	0	ABSTAIN	A	0	0	0
H5B-D-2-03#s100r095	16	0	0	0	0	ABSTAIN	A	0	0	0
H5B-D-2-04#s100r095	16	0	0	0	0	ABSTAIN	A	0	0	0
H5B-D-2-05#s100r095	16	0	0	0	0	ABSTAIN	A	0	0	0
H5B-D-2-06#s100r095	16	0	0	0	0	ABSTAIN	A	0	0	0
H5B-D-2-07#s100r095	16	0	0	0	0	ABSTAIN	A	0	0	0
H5B-D-2-08#s100r095	16	0	0	0	0	ABSTAIN	A	0	0	0
H5B-D-2-09#s100r095	16	0	0	0	0	ABSTAIN	A	0	0	0
H5B-D-6-00#s100r095	16	0	0	0	0	ABSTAIN	A	0	0	0
H5B-D-6-01#s100r095	16	0	0	0	0	ABSTAIN	A	0	0	0
H5B-D-6-02#s100r095	16	0	0	0	0	ABSTAIN	A	0	0	0
H5B-D-6-03#s100r095	16	0	0	0	0	ABSTAIN	A	0	0	0
H5B-D-6-04#s100r095	16	0	0	0	0	ABSTAIN	A	0	0	0
H5B-D-6-05#s100r095	16	0	0	0	0	ABSTAIN	A	0	0	0
H5B-D-6-06#s100r095	16	0	0	0	0	ABSTAIN	A	0	0	0
H5B-D-6-07#s100r095	16	0	0	0	0	ABSTAIN	A	0	0	0
H5B-D-6-08#s100r095	16	0	0	0	0	ABSTAIN	A	0	0	0
H5B-D-6-09#s100r095	16	0	0	0	0	ABSTAIN	A	0	0	0
H5B-P-06-00#s100r096	16	0	0	0	0	ABSTAIN	A	0	0	0
H5B-P-06-01#s100r096	16	0	0	0	0	ABSTAIN	A	0	0	0
H5B-P-06-02#s100r096	16	0	0	0	0	ABSTAIN	A	0	0	0
H5B-P-06-03#s100r096	16	0	0	0	0	ABSTAIN	A	0	0	0
H5B-P-06-04#s100r096	16	0	0	0	0	ABSTAIN	A	0	0	0
H5B-P-06-05#s100r096	16	0	0	0	0	ABSTAIN	A	0	0	0
H5B-P-06-06#s100r096	16	0	0	0	0	ABSTAIN	A	0	0	0
H5B-P-06-07#s100r096	16	0	0	0	0	ABSTAIN	A	0	0	0
H5B-P-06-08#s100r096	16	0	0	0	0	ABSTAIN	A	0	0	0
H5B-P-06-09#s100r096	16	0	0	0	0	ABSTAIN	A	0	0	0
H5B-P-12-00#s100r096	16	0	0	0	0	ABSTAIN	A	0	0	0
H5B-P-12-01#s100r096	16	0	0	0	0	ABSTAIN	A	0	0	0
H5B-P-12-02#s100r096	16	0	0	0	0	ABSTAIN	A	0	0	0
H5B-P-12-03#s100r096	16	0	0	0	0	ABSTAIN	A	0	0	0
H5B-P-12-04#s100r096	16	0	0	0	0	ABSTAIN	A	0	0	0
H5B-P-12-05#s100r096	16	0	0	0	0	ABSTAIN	A	0	0	0
H5B-P-12-06#s100r096	16	0	0	0	0	ABSTAIN	A	0	0	0
H5B-P-12-07#s100r096	16	0	0	0	0	ABSTAIN	A	0	0	0
H5B-P-12-08#s100r096	16	0	0	0	0	ABSTAIN	A	0	0	0
H5B-P-12-09#s100r096	16	0	0	0	0	ABSTAIN	A	0	0	0
H5B-P-20-00#s100r096	16	0	0	0	0	RELEASE	0	0	0	0
H5B-P-20-01#s100r096	16	0	0	0	0	RELEASE	0	0	0	0
H5B-P-20-02#s100r096	16	0	0	0	0	RELEASE	0	0	0	0
H5B-P-20-03#s100r096	16	0	0	0	0	RELEASE	0	0	0	0
H5B-P-20-04#s100r096	16	0	0	0	0	RELEASE	0	0	0	0
H5B-P-20-05#s100r096	16	0	0	0	0	RELEASE	0	0	0	0
H5B-P-20-06#s100r096	16	0	0	0	0	RELEASE	0	0	0	0
H5B-P-20-07#s100r096	16	0	0	0	0	RELEASE	0	0	0	0
H5B-P-20-08#s100r096	16	0	0	0	0	RELEASE	0	0	0	0
H5B-P-20-09#s100r096	16	0	0	0	0	RELEASE	0	0	0	0
H5B-P-40-00#s100r096	16	0	0	0	0	RELEASE	0	0	0	0
H5B-P-40-01#s100r096	16	0	0	0	0	RELEASE	0	0	0	0
H5B-P-40-02#s100r096	16	0	0	0	0	RELEASE	0	0	0	0
H5B-P-40-03#s100r096	16	0	0	0	0	RELEASE	0	0	0	0
H5B-P-40-04#s100r096	16	0	0	0	0	RELEASE	0	0	0	0
H5B-P-40-05#s100r096	16	0	0	0	0	RELEASE	0	0	0	0
H5B-P-40-06#s100r096	16	0	0	0	0	RELEASE	0	0	0	0
H5B-P-40-07#s100r096	16	0	0	0	0	RELEASE	0	0	0	0
H5B-P-40-08#s100r096	16	0	0	0	0	RELEASE	0	0	0	0
H5B-P-40-09#s100r096	16	0	0	0	0	RELEASE	0	0	0	0
H5B-O-06-00#s100r096	16	0	0	0	0	ABSTAIN	A	0	0	0
H5B-O-06-01#s100r096	16	0	0	0	0	ABSTAIN	A	0	0	0
H5B-O-06-02#s100r096	16	0	0	0	0	ABSTAIN	A	0	0	0
H5B-O-06-03#s100r096	16	0	0	0	0	ABSTAIN	A	0	0	0
H5B-O-06-04#s100r096	16	0	0	0	0	ABSTAIN	A	0	0	0
H5B-O-06-05#s100r096	16	0	0	0	0	ABSTAIN	A	0	0	0
H5B-O-06-06#s100r096	16	0	0	0	0	ABSTAIN	A	0	0	0
H5B-O-06-07#s100r096	16	0	0	0	0	ABSTAIN	A	0	0	0
H5B-O-06-08#s100r096	16	0	0	0	0	ABSTAIN	A	0	0	0
H5B-O-06-09#s100r096	16	0	0	0	0	ABSTAIN	A	0	0	0
H5B-O-12-00#s100r096	16	0	0	0	0	ABSTAIN	A	0	0	0
H5B-O-12-01#s100r096	16	0	0	0	0	ABSTAIN	A	0	0	0
H5B-O-12-02#s100r096	16	0	0	0	0	ABSTAIN	A	0	0	0
H5B-O-12-03#s100r096	16	0	0	0	0	ABSTAIN	A	0	0	0
H5B-O-12-04#s100r096	16	0	0	0	0	ABSTAIN	A	0	0	0
H5B-O-12-05#s100r096	16	0	0	0	0	ABSTAIN	A	0	0	0
H5B-O-12-06#s100r096	16	0	0	0	0	ABSTAIN	A	0	0	0
H5B-O-12-07#s100r096	16	0	0	0	0	ABSTAIN	A	0	0	0
H5B-O-12-08#s100r096	16	0	0	0	0	ABSTAIN	A	0	0	0
H5B-O-12-09#s100r096	16	0	0	0	0	ABSTAIN	A	0	0	0
H5B-O-20-00#s100r096	16	0	0	0	0	RELEASE	1	652	0	0
H5B-O-20-01#s100r096	16	0	0	0	0	RELEASE	1	514	0	0
H5B-O-20-02#s100r096	16	0	0	0	0	RELEASE	1	652	0	0
H5B-O-20-03#s100r096	16	0	0	0	0	RELEASE	1	514	0	0
H5B-O-20-04#s100r096	16	0	0	0	0	RELEASE	1	652	0	0
H5B-O-20-05#s100r096	16	0	0	0	0	RELEASE	1	652	0	0
H5B-O-20-06#s100r096	16	0	0	0	0	RELEASE	1	514	0	0
H5B-O-20-07#s100r096	16	0	0	0	0	RELEASE	1	652	0	0
H5B-O-20-08#s100r096	16	0	0	0	0	RELEASE	1	514	0	0
H5B-O-20-09#s100r096	16	0	0	0	0	RELEASE	1	652	0	0
H5B-O-40-00#s100r096	16	0	0	0	0	RELEASE	1	651	0	0
H5B-O-40-01#s100r096	16	0	0	0	0	RELEASE	1	514	0	0
H5B-O-40-02#s100r096	16	0	0	0	0	RELEASE	1	651	0	0
H5B-O-40-03#s100r096	16	0	0	0	0	RELEASE	1	514	0	0
H5B-O-40-04#s100r096	16	0	0	0	0	RELEASE	1	652	0	0
H5B-O-40-05#s100r096	16	0	0	0	0	RELEASE	1	652	0	0
H5B-O-40-06#s100r096	16	0	0	0	0	RELEASE	1	515	0	0
H5B-O-40-07#s100r096	16	0	0	0	0	RELEASE	1	652	0	0
H5B-O-40-08#s100r096	16	0	0	0	0	RELEASE	1	515	0	0
H5B-O-40-09#s100r096	16	0	0	0	0	RELEASE	1	652	0	0
H5B-D-0-00#s100r096	16	0	0	0	0	RELEASE	1	660	0	0
H5B-D-0-01#s100r096	16	0	0	0	0	RELEASE	1	660	0	0
H5B-D-0-02#s100r096	16	0	0	0	0	RELEASE	1	660	0	0
H5B-D-0-03#s100r096	16	0	0	0	0	RELEASE	1	660	0	0
H5B-D-0-04#s100r096	16	0	0	0	0	RELEASE	1	660	0	0
H5B-D-0-05#s100r096	16	0	0	0	0	RELEASE	1	660	0	0
H5B-D-0-06#s100r096	16	0	0	0	0	RELEASE	1	660	0	0
H5B-D-0-07#s100r096	16	0	0	0	0	RELEASE	1	660	0	0
H5B-D-0-08#s100r096	16	0	0	0	0	RELEASE	1	660	0	0
H5B-D-0-09#s100r096	16	0	0	0	0	RELEASE	1	660	0	0
H5B-D-1-00#s100r096	16	0	0	0	0	ABSTAIN	A	0	0	0
H5B-D-1-01#s100r096	16	0	0	0	0	ABSTAIN	A	0	0	0
H5B-D-1-02#s100r096	16	0	0	0	0	ABSTAIN	A	0	0	0
H5B-D-1-03#s100r096	16	0	0	0	0	ABSTAIN	A	0	0	0
H5B-D-1-04#s100r096	16	0	0	0	0	ABSTAIN	A	0	0	0
H5B-D-1-05#s100r096	16	0	0	0	0	ABSTAIN	A	0	0	0
H5B-D-1-06#s100r096	16	0	0	0	0	ABSTAIN	A	0	0	0
H5B-D-1-07#s100r096	16	0	0	0	0	ABSTAIN	A	0	0	0
H5B-D-1-08#s100r096	16	0	0	0	0	ABSTAIN	A	0	0	0
H5B-D-1-09#s100r096	16	0	0	0	0	ABSTAIN	A	0	0	0
H5B-D-2-00#s100r096	16	0	0	0	0	ABSTAIN	A	0	0	0
H5B-D-2-01#s100r096	16	0	0	0	0	ABSTAIN	A	0	0	0
H5B-D-2-02#s100r096	16	0	0	0	0	ABSTAIN	A	0	0	0
H5B-D-2-03#s100r096	16	0	0	0	0	ABSTAIN	A	0	0	0
H5B-D-2-04#s100r096	16	0	0	0	0	ABSTAIN	A	0	0	0
H5B-D-2-05#s100r096	16	0	0	0	0	ABSTAIN	A	0	0	0
H5B-D-2-06#s100r096	16	0	0	0	0	ABSTAIN	A	0	0	0
H5B-D-2-07#s100r096	16	0	0	0	0	ABSTAIN	A	0	0	0
H5B-D-2-08#s100r096	16	0	0	0	0	ABSTAIN	A	0	0	0
H5B-D-2-09#s100r096	16	0	0	0	0	ABSTAIN	A	0	0	0
H5B-D-6-00#s100r096	16	0	0	0	0	ABSTAIN	A	0	0	0
H5B-D-6-01#s100r096	16	0	0	0	0	ABSTAIN	A	0	0	0
H5B-D-6-02#s100r096	16	0	0	0	0	ABSTAIN	A	0	0	0
H5B-D-6-03#s100r096	16	0	0	0	0	ABSTAIN	A	0	0	0
H5B-D-6-04#s100r096	16	0	0	0	0	ABSTAIN	A	0	0	0
H5B-D-6-05#s100r096	16	0	0	0	0	ABSTAIN	A	0	0	0
H5B-D-6-06#s100r096	16	0	0	0	0	ABSTAIN	A	0	0	0
H5B-D-6-07#s100r096	16	0	0	0	0	ABSTAIN	A	0	0	0
H5B-D-6-08#s100r096	16	0	0	0	0	ABSTAIN	A	0	0	0
H5B-D-6-09#s100r096	16	0	0	0	0	ABSTAIN	A	0	0	0
H5B-P-06-00#s100r097	16	0	0	0	0	ABSTAIN	A	0	0	0
H5B-P-06-01#s100r097	16	0	0	0	0	ABSTAIN	A	0	0	0
H5B-P-06-02#s100r097	16	0	0	0	0	ABSTAIN	A	0	0	0
H5B-P-06-03#s100r097	16	0	0	0	0	ABSTAIN	A	0	0	0
H5B-P-06-04#s100r097	16	0	0	0	0	ABSTAIN	A	0	0	0
H5B-P-06-05#s100r097	16	0	0	0	0	ABSTAIN	A	0	0	0
H5B-P-06-06#s100r097	16	0	0	0	0	ABSTAIN	A	0	0	0
H5B-P-06-07#s100r097	16	0	0	0	0	ABSTAIN	A	0	0	0
H5B-P-06-08#s100r097	16	0	0	0	0	ABSTAIN	A	0	0	0
H5B-P-06-09#s100r097	16	0	0	0	0	ABSTAIN	A	0	0	0
H5B-P-12-00#s100r097	16	0	0	0	0	ABSTAIN	A	0	0	0
H5B-P-12-01#s100r097	16	0	0	0	0	ABSTAIN	A	0	0	0
H5B-P-12-02#s100r097	16	0	0	0	0	ABSTAIN	A	0	0	0
H5B-P-12-03#s100r097	16	0	0	0	0	ABSTAIN	A	0	0	0
H5B-P-12-04#s100r097	16	0	0	0	0	ABSTAIN	A	0	0	0
H5B-P-12-05#s100r097	16	0	0	0	0	ABSTAIN	A	0	0	0
H5B-P-12-06#s100r097	16	0	0	0	0	ABSTAIN	A	0	0	0
H5B-P-12-07#s100r097	16	0	0	0	0	ABSTAIN	A	0	0	0
H5B-P-12-08#s100r097	16	0	0	0	0	ABSTAIN	A	0	0	0
H5B-P-12-09#s100r097	16	0	0	0	0	ABSTAIN	A	0	0	0
H5B-P-20-00#s100r097	16	0	0	0	0	RELEASE	0	0	0	0
H5B-P-20-01#s100r097	16	0	0	0	0	RELEASE	0	0	0	0
H5B-P-20-02#s100r097	16	0	0	0	0	RELEASE	0	0	0	0
H5B-P-20-03#s100r097	16	0	0	0	0	RELEASE	0	0	0	0
H5B-P-20-04#s100r097	16	0	0	0	0	RELEASE	0	0	0	0
H5B-P-20-05#s100r097	16	0	0	0	0	RELEASE	0	0	0	0
H5B-P-20-06#s100r097	16	0	0	0	0	RELEASE	0	0	0	0
H5B-P-20-07#s100r097	16	0	0	0	0	RELEASE	0	0	0	0
H5B-P-20-08#s100r097	16	0	0	0	0	RELEASE	0	0	0	0
H5B-P-20-09#s100r097	16	0	0	0	0	RELEASE	0	0	0	0
H5B-P-40-00#s100r097	16	0	0	0	0	RELEASE	0	0	0	0
H5B-P-40-01#s100r097	16	0	0	0	0	RELEASE	0	0	0	0
H5B-P-40-02#s100r097	16	0	0	0	0	RELEASE	0	0	0	0
H5B-P-40-03#s100r097	16	0	0	0	0	RELEASE	0	0	0	0
H5B-P-40-04#s100r097	16	0	0	0	0	RELEASE	0	0	0	0
H5B-P-40-05#s100r097	16	0	0	0	0	RELEASE	0	0	0	0
H5B-P-40-06#s100r097	16	0	0	0	0	RELEASE	0	0	0	0
H5B-P-40-07#s100r097	16	0	0	0	0	RELEASE	0	0	0	0
H5B-P-40-08#s100r097	16	0	0	0	0	RELEASE	0	0	0	0
H5B-P-40-09#s100r097	16	0	0	0	0	RELEASE	0	0	0	0
H5B-O-06-00#s100r097	16	0	0	0	0	ABSTAIN	A	0	0	0
H5B-O-06-01#s100r097	16	0	0	0	0	ABSTAIN	A	0	0	0
H5B-O-06-02#s100r097	16	0	0	0	0	ABSTAIN	A	0	0	0
H5B-O-06-03#s100r097	16	0	0	0	0	ABSTAIN	A	0	0	0
H5B-O-06-04#s100r097	16	0	0	0	0	ABSTAIN	A	0	0	0
H5B-O-06-05#s100r097	16	0	0	0	0	ABSTAIN	A	0	0	0
H5B-O-06-06#s100r097	16	0	0	0	0	ABSTAIN	A	0	0	0
H5B-O-06-07#s100r097	16	0	0	0	0	ABSTAIN	A	0	0	0
H5B-O-06-08#s100r097	16	0	0	0	0	ABSTAIN	A	0	0	0
H5B-O-06-09#s100r097	16	0	0	0	0	ABSTAIN	A	0	0	0
H5B-O-12-00#s100r097	16	0	0	0	0	ABSTAIN	A	0	0	0
H5B-O-12-01#s100r097	16	0	0	0	0	ABSTAIN	A	0	0	0
H5B-O-12-02#s100r097	16	0	0	0	0	ABSTAIN	A	0	0	0
H5B-O-12-03#s100r097	16	0	0	0	0	ABSTAIN	A	0	0	0
H5B-O-12-04#s100r097	16	0	0	0	0	ABSTAIN	A	0	0	0
H5B-O-12-05#s100r097	16	0	0	0	0	ABSTAIN	A	0	0	0
H5B-O-12-06#s100r097	16	0	0	0	0	ABSTAIN	A	0	0	0
H5B-O-12-07#s100r097	16	0	0	0	0	ABSTAIN	A	0	0	0
H5B-O-12-08#s100r097	16	0	0	0	0	ABSTAIN	A	0	0	0
H5B-O-12-09#s100r097	16	0	0	0	0	ABSTAIN	A	0	0	0
H5B-O-20-00#s100r097	16	0	0	0	0	RELEASE	1	652	0	0
H5B-O-20-01#s100r097	16	0	0	0	0	RELEASE	1	514	0	0
H5B-O-20-02#s100r097	16	0	0	0	0	RELEASE	1	652	0	0
H5B-O-20-03#s100r097	16	0	0	0	0	RELEASE	1	514	0	0
H5B-O-20-04#s100r097	16	0	0	0	0	RELEASE	1	652	0	0
H5B-O-20-05#s100r097	16	0	0	0	0	RELEASE	1	652	0	0
H5B-O-20-06#s100r097	16	0	0	0	0	RELEASE	1	514	0	0
H5B-O-20-07#s100r097	16	0	0	0	0	RELEASE	1	652	0	0
H5B-O-20-08#s100r097	16	0	0	0	0	RELEASE	1	514	0	0
H5B-O-20-09#s100r097	16	0	0	0	0	RELEASE	1	652	0	0
H5B-O-40-00#s100r097	16	0	0	0	0	RELEASE	1	651	0	0
H5B-O-40-01#s100r097	16	0	0	0	0	RELEASE	1	514	0	0
H5B-O-40-02#s100r097	16	0	0	0	0	RELEASE	1	651	0	0
H5B-O-40-03#s100r097	16	0	0	0	0	RELEASE	1	514	0	0
H5B-O-40-04#s100r097	16	0	0	0	0	RELEASE	1	652	0	0
H5B-O-40-05#s100r097	16	0	0	0	0	RELEASE	1	652	0	0
H5B-O-40-06#s100r097	16	0	0	0	0	RELEASE	1	515	0	0
H5B-O-40-07#s100r097	16	0	0	0	0	RELEASE	1	652	0	0
H5B-O-40-08#s100r097	16	0	0	0	0	RELEASE	1	515	0	0
H5B-O-40-09#s100r097	16	0	0	0	0	RELEASE	1	652	0	0
H5B-D-0-00#s100r097	16	0	0	0	0	RELEASE	1	660	0	0
H5B-D-0-01#s100r097	16	0	0	0	0	RELEASE	1	660	0	0
H5B-D-0-02#s100r097	16	0	0	0	0	RELEASE	1	660	0	0
H5B-D-0-03#s100r097	16	0	0	0	0	RELEASE	1	660	0	0
H5B-D-0-04#s100r097	16	0	0	0	0	RELEASE	1	660	0	0
H5B-D-0-05#s100r097	16	0	0	0	0	RELEASE	1	660	0	0
H5B-D-0-06#s100r097	16	0	0	0	0	RELEASE	1	660	0	0
H5B-D-0-07#s100r097	16	0	0	0	0	RELEASE	1	660	0	0
H5B-D-0-08#s100r097	16	0	0	0	0	RELEASE	1	660	0	0
H5B-D-0-09#s100r097	16	0	0	0	0	RELEASE	1	660	0	0
H5B-D-1-00#s100r097	16	0	0	0	0	ABSTAIN	A	0	0	0
H5B-D-1-01#s100r097	16	0	0	0	0	ABSTAIN	A	0	0	0
H5B-D-1-02#s100r097	16	0	0	0	0	ABSTAIN	A	0	0	0
H5B-D-1-03#s100r097	16	0	0	0	0	ABSTAIN	A	0	0	0
H5B-D-1-04#s100r097	16	0	0	0	0	ABSTAIN	A	0	0	0
H5B-D-1-05#s100r097	16	0	0	0	0	ABSTAIN	A	0	0	0
H5B-D-1-06#s100r097	16	0	0	0	0	ABSTAIN	A	0	0	0
H5B-D-1-07#s100r097	16	0	0	0	0	ABSTAIN	A	0	0	0
H5B-D-1-08#s100r097	16	0	0	0	0	ABSTAIN	A	0	0	0
H5B-D-1-09#s100r097	16	0	0	0	0	ABSTAIN	A	0	0	0
H5B-D-2-00#s100r097	16	0	0	0	0	ABSTAIN	A	0	0	0
H5B-D-2-01#s100r097	16	0	0	0	0	ABSTAIN	A	0	0	0
H5B-D-2-02#s100r097	16	0	0	0	0	ABSTAIN	A	0	0	0
H5B-D-2-03#s100r097	16	0	0	0	0	ABSTAIN	A	0	0	0
H5B-D-2-04#s100r097	16	0	0	0	0	ABSTAIN	A	0	0	0
H5B-D-2-05#s100r097	16	0	0	0	0	ABSTAIN	A	0	0	0
H5B-D-2-06#s100r097	16	0	0	0	0	ABSTAIN	A	0	0	0
H5B-D-2-07#s100r097	16	0	0	0	0	ABSTAIN	A	0	0	0
H5B-D-2-08#s100r097	16	0	0	0	0	ABSTAIN	A	0	0	0
H5B-D-2-09#s100r097	16	0	0	0	0	ABSTAIN	A	0	0	0
H5B-D-6-00#s100r097	16	0	0	0	0	ABSTAIN	A	0	0	0
H5B-D-6-01#s100r097	16	0	0	0	0	ABSTAIN	A	0	0	0
H5B-D-6-02#s100r097	16	0	0	0	0	ABSTAIN	A	0	0	0
H5B-D-6-03#s100r097	16	0	0	0	0	ABSTAIN	A	0	0	0
H5B-D-6-04#s100r097	16	0	0	0	0	ABSTAIN	A	0	0	0
H5B-D-6-05#s100r097	16	0	0	0	0	ABSTAIN	A	0	0	0
H5B-D-6-06#s100r097	16	0	0	0	0	ABSTAIN	A	0	0	0
H5B-D-6-07#s100r097	16	0	0	0	0	ABSTAIN	A	0	0	0
H5B-D-6-08#s100r097	16	0	0	0	0	ABSTAIN	A	0	0	0
H5B-D-6-09#s100r097	16	0	0	0	0	ABSTAIN	A	0	0	0
H5B-P-06-00#s100r098	16	0	0	0	0	ABSTAIN	A	0	0	0
H5B-P-06-01#s100r098	16	0	0	0	0	ABSTAIN	A	0	0	0
H5B-P-06-02#s100r098	16	0	0	0	0	ABSTAIN	A	0	0	0
H5B-P-06-03#s100r098	16	0	0	0	0	ABSTAIN	A	0	0	0
H5B-P-06-04#s100r098	16	0	0	0	0	ABSTAIN	A	0	0	0
H5B-P-06-05#s100r098	16	0	0	0	0	ABSTAIN	A	0	0	0
H5B-P-06-06#s100r098	16	0	0	0	0	ABSTAIN	A	0	0	0
H5B-P-06-07#s100r098	16	0	0	0	0	ABSTAIN	A	0	0	0
H5B-P-06-08#s100r098	16	0	0	0	0	ABSTAIN	A	0	0	0
H5B-P-06-09#s100r098	16	0	0	0	0	ABSTAIN	A	0	0	0
H5B-P-12-00#s100r098	16	0	0	0	0	ABSTAIN	A	0	0	0
H5B-P-12-01#s100r098	16	0	0	0	0	ABSTAIN	A	0	0	0
H5B-P-12-02#s100r098	16	0	0	0	0	ABSTAIN	A	0	0	0
H5B-P-12-03#s100r098	16	0	0	0	0	ABSTAIN	A	0	0	0
H5B-P-12-04#s100r098	16	0	0	0	0	ABSTAIN	A	0	0	0
H5B-P-12-05#s100r098	16	0	0	0	0	ABSTAIN	A	0	0	0
H5B-P-12-06#s100r098	16	0	0	0	0	ABSTAIN	A	0	0	0
H5B-P-12-07#s100r098	16	0	0	0	0	ABSTAIN	A	0	0	0
H5B-P-12-08#s100r098	16	0	0	0	0	ABSTAIN	A	0	0	0
H5B-P-12-09#s100r098	16	0	0	0	0	ABSTAIN	A	0	0	0
H5B-P-20-00#s100r098	16	0	0	0	0	RELEASE	0	0	0	0
H5B-P-20-01#s100r098	16	0	0	0	0	RELEASE	0	0	0	0
H5B-P-20-02#s100r098	16	0	0	0	0	RELEASE	0	0	0	0
H5B-P-20-03#s100r098	16	0	0	0	0	RELEASE	0	0	0	0
H5B-P-20-04#s100r098	16	0	0	0	0	RELEASE	0	0	0	0
H5B-P-20-05#s100r098	16	0	0	0	0	RELEASE	0	0	0	0
H5B-P-20-06#s100r098	16	0	0	0	0	RELEASE	0	0	0	0
H5B-P-20-07#s100r098	16	0	0	0	0	RELEASE	0	0	0	0
H5B-P-20-08#s100r098	16	0	0	0	0	RELEASE	0	0	0	0
H5B-P-20-09#s100r098	16	0	0	0	0	RELEASE	0	0	0	0
H5B-P-40-00#s100r098	16	0	0	0	0	RELEASE	0	0	0	0
H5B-P-40-01#s100r098	16	0	0	0	0	RELEASE	0	0	0	0
H5B-P-40-02#s100r098	16	0	0	0	0	RELEASE	0	0	0	0
H5B-P-40-03#s100r098	16	0	0	0	0	RELEASE	0	0	0	0
H5B-P-40-04#s100r098	16	0	0	0	0	RELEASE	0	0	0	0
H5B-P-40-05#s100r098	16	0	0	0	0	RELEASE	0	0	0	0
H5B-P-40-06#s100r098	16	0	0	0	0	RELEASE	0	0	0	0
H5B-P-40-07#s100r098	16	0	0	0	0	RELEASE	0	0	0	0
H5B-P-40-08#s100r098	16	0	0	0	0	RELEASE	0	0	0	0
H5B-P-40-09#s100r098	16	0	0	0	0	RELEASE	0	0	0	0
H5B-O-06-00#s100r098	16	0	0	0	0	ABSTAIN	A	0	0	0
H5B-O-06-01#s100r098	16	0	0	0	0	ABSTAIN	A	0	0	0
H5B-O-06-02#s100r098	16	0	0	0	0	ABSTAIN	A	0	0	0
H5B-O-06-03#s100r098	16	0	0	0	0	ABSTAIN	A	0	0	0
H5B-O-06-04#s100r098	16	0	0	0	0	ABSTAIN	A	0	0	0
H5B-O-06-05#s100r098	16	0	0	0	0	ABSTAIN	A	0	0	0
H5B-O-06-06#s100r098	16	0	0	0	0	ABSTAIN	A	0	0	0
H5B-O-06-07#s100r098	16	0	0	0	0	ABSTAIN	A	0	0	0
H5B-O-06-08#s100r098	16	0	0	0	0	ABSTAIN	A	0	0	0
H5B-O-06-09#s100r098	16	0	0	0	0	ABSTAIN	A	0	0	0
H5B-O-12-00#s100r098	16	0	0	0	0	ABSTAIN	A	0	0	0
H5B-O-12-01#s100r098	16	0	0	0	0	ABSTAIN	A	0	0	0
H5B-O-12-02#s100r098	16	0	0	0	0	ABSTAIN	A	0	0	0
H5B-O-12-03#s100r098	16	0	0	0	0	ABSTAIN	A	0	0	0
H5B-O-12-04#s100r098	16	0	0	0	0	ABSTAIN	A	0	0	0
H5B-O-12-05#s100r098	16	0	0	0	0	ABSTAIN	A	0	0	0
H5B-O-12-06#s100r098	16	0	0	0	0	ABSTAIN	A	0	0	0
H5B-O-12-07#s100r098	16	0	0	0	0	ABSTAIN	A	0	0	0
H5B-O-12-08#s100r098	16	0	0	0	0	ABSTAIN	A	0	0	0
H5B-O-12-09#s100r098	16	0	0	0	0	ABSTAIN	A	0	0	0
H5B-O-20-00#s100r098	16	0	0	0	0	RELEASE	1	652	0	0
H5B-O-20-01#s100r098	16	0	0	0	0	RELEASE	1	514	0	0
H5B-O-20-02#s100r098	16	0	0	0	0	RELEASE	1	652	0	0
H5B-O-20-03#s100r098	16	0	0	0	0	RELEASE	1	514	0	0
H5B-O-20-04#s100r098	16	0	0	0	0	RELEASE	1	652	0	0
H5B-O-20-05#s100r098	16	0	0	0	0	RELEASE	1	652	0	0
H5B-O-20-06#s100r098	16	0	0	0	0	RELEASE	1	514	0	0
H5B-O-20-07#s100r098	16	0	0	0	0	RELEASE	1	652	0	0
H5B-O-20-08#s100r098	16	0	0	0	0	RELEASE	1	514	0	0
H5B-O-20-09#s100r098	16	0	0	0	0	RELEASE	1	652	0	0
H5B-O-40-00#s100r098	16	0	0	0	0	RELEASE	1	651	0	0
H5B-O-40-01#s100r098	16	0	0	0	0	RELEASE	1	514	0	0
H5B-O-40-02#s100r098	16	0	0	0	0	RELEASE	1	651	0	0
H5B-O-40-03#s100r098	16	0	0	0	0	RELEASE	1	514	0	0
H5B-O-40-04#s100r098	16	0	0	0	0	RELEASE	1	652	0	0
H5B-O-40-05#s100r098	16	0	0	0	0	RELEASE	1	652	0	0
H5B-O-40-06#s100r098	16	0	0	0	0	RELEASE	1	515	0	0
H5B-O-40-07#s100r098	16	0	0	0	0	RELEASE	1	652	0	0
H5B-O-40-08#s100r098	16	0	0	0	0	RELEASE	1	515	0	0
H5B-O-40-09#s100r098	16	0	0	0	0	RELEASE	1	652	0	0
H5B-D-0-00#s100r098	16	0	0	0	0	RELEASE	1	660	0	0
H5B-D-0-01#s100r098	16	0	0	0	0	RELEASE	1	660	0	0
H5B-D-0-02#s100r098	16	0	0	0	0	RELEASE	1	660	0	0
H5B-D-0-03#s100r098	16	0	0	0	0	RELEASE	1	660	0	0
H5B-D-0-04#s100r098	16	0	0	0	0	RELEASE	1	660	0	0
H5B-D-0-05#s100r098	16	0	0	0	0	RELEASE	1	660	0	0
H5B-D-0-06#s100r098	16	0	0	0	0	RELEASE	1	660	0	0
H5B-D-0-07#s100r098	16	0	0	0	0	RELEASE	1	660	0	0
H5B-D-0-08#s100r098	16	0	0	0	0	RELEASE	1	660	0	0
H5B-D-0-09#s100r098	16	0	0	0	0	RELEASE	1	660	0	0
H5B-D-1-00#s100r098	16	0	0	0	0	ABSTAIN	A	0	0	0
H5B-D-1-01#s100r098	16	0	0	0	0	ABSTAIN	A	0	0	0
H5B-D-1-02#s100r098	16	0	0	0	0	ABSTAIN	A	0	0	0
H5B-D-1-03#s100r098	16	0	0	0	0	ABSTAIN	A	0	0	0
H5B-D-1-04#s100r098	16	0	0	0	0	ABSTAIN	A	0	0	0
H5B-D-1-05#s100r098	16	0	0	0	0	ABSTAIN	A	0	0	0
H5B-D-1-06#s100r098	16	0	0	0	0	ABSTAIN	A	0	0	0
H5B-D-1-07#s100r098	16	0	0	0	0	ABSTAIN	A	0	0	0
H5B-D-1-08#s100r098	16	0	0	0	0	ABSTAIN	A	0	0	0
H5B-D-1-09#s100r098	16	0	0	0	0	ABSTAIN	A	0	0	0
H5B-D-2-00#s100r098	16	0	0	0	0	ABSTAIN	A	0	0	0
H5B-D-2-01#s100r098	16	0	0	0	0	ABSTAIN	A	0	0	0
H5B-D-2-02#s100r098	16	0	0	0	0	ABSTAIN	A	0	0	0
H5B-D-2-03#s100r098	16	0	0	0	0	ABSTAIN	A	0	0	0
H5B-D-2-04#s100r098	16	0	0	0	0	ABSTAIN	A	0	0	0
H5B-D-2-05#s100r098	16	0	0	0	0	ABSTAIN	A	0	0	0
H5B-D-2-06#s100r098	16	0	0	0	0	ABSTAIN	A	0	0	0
H5B-D-2-07#s100r098	16	0	0	0	0	ABSTAIN	A	0	0	0
H5B-D-2-08#s100r098	16	0	0	0	0	ABSTAIN	A	0	0	0
H5B-D-2-09#s100r098	16	0	0	0	0	ABSTAIN	A	0	0	0
H5B-D-6-00#s100r098	16	0	0	0	0	ABSTAIN	A	0	0	0
H5B-D-6-01#s100r098	16	0	0	0	0	ABSTAIN	A	0	0	0
H5B-D-6-02#s100r098	16	0	0	0	0	ABSTAIN	A	0	0	0
H5B-D-6-03#s100r098	16	0	0	0	0	ABSTAIN	A	0	0	0
H5B-D-6-04#s100r098	16	0	0	0	0	ABSTAIN	A	0	0	0
H5B-D-6-05#s100r098	16	0	0	0	0	ABSTAIN	A	0	0	0
H5B-D-6-06#s100r098	16	0	0	0	0	ABSTAIN	A	0	0	0
H5B-D-6-07#s100r098	16	0	0	0	0	ABSTAIN	A	0	0	0
H5B-D-6-08#s100r098	16	0	0	0	0	ABSTAIN	A	0	0	0
H5B-D-6-09#s100r098	16	0	0	0	0	ABSTAIN	A	0	0	0
H5B-P-06-00#s100r099	16	0	0	0	0	ABSTAIN	A	0	0	0
H5B-P-06-01#s100r099	16	0	0	0	0	ABSTAIN	A	0	0	0
H5B-P-06-02#s100r099	16	0	0	0	0	ABSTAIN	A	0	0	0
H5B-P-06-03#s100r099	16	0	0	0	0	ABSTAIN	A	0	0	0
H5B-P-06-04#s100r099	16	0	0	0	0	ABSTAIN	A	0	0	0
H5B-P-06-05#s100r099	16	0	0	0	0	ABSTAIN	A	0	0	0
H5B-P-06-06#s100r099	16	0	0	0	0	ABSTAIN	A	0	0	0
H5B-P-06-07#s100r099	16	0	0	0	0	ABSTAIN	A	0	0	0
H5B-P-06-08#s100r099	16	0	0	0	0	ABSTAIN	A	0	0	0
H5B-P-06-09#s100r099	16	0	0	0	0	ABSTAIN	A	0	0	0
H5B-P-12-00#s100r099	16	0	0	0	0	ABSTAIN	A	0	0	0
H5B-P-12-01#s100r099	16	0	0	0	0	ABSTAIN	A	0	0	0
H5B-P-12-02#s100r099	16	0	0	0	0	ABSTAIN	A	0	0	0
H5B-P-12-03#s100r099	16	0	0	0	0	ABSTAIN	A	0	0	0
H5B-P-12-04#s100r099	16	0	0	0	0	ABSTAIN	A	0	0	0
H5B-P-12-05#s100r099	16	0	0	0	0	ABSTAIN	A	0	0	0
H5B-P-12-06#s100r099	16	0	0	0	0	ABSTAIN	A	0	0	0
H5B-P-12-07#s100r099	16	0	0	0	0	ABSTAIN	A	0	0	0
H5B-P-12-08#s100r099	16	0	0	0	0	ABSTAIN	A	0	0	0
H5B-P-12-09#s100r099	16	0	0	0	0	ABSTAIN	A	0	0	0
H5B-P-20-00#s100r099	16	0	0	0	0	RELEASE	0	0	0	0
H5B-P-20-01#s100r099	16	0	0	0	0	RELEASE	0	0	0	0
H5B-P-20-02#s100r099	16	0	0	0	0	RELEASE	0	0	0	0
H5B-P-20-03#s100r099	16	0	0	0	0	RELEASE	0	0	0	0
H5B-P-20-04#s100r099	16	0	0	0	0	RELEASE	0	0	0	0
H5B-P-20-05#s100r099	16	0	0	0	0	RELEASE	0	0	0	0
H5B-P-20-06#s100r099	16	0	0	0	0	RELEASE	0	0	0	0
H5B-P-20-07#s100r099	16	0	0	0	0	RELEASE	0	0	0	0
H5B-P-20-08#s100r099	16	0	0	0	0	RELEASE	0	0	0	0
H5B-P-20-09#s100r099	16	0	0	0	0	RELEASE	0	0	0	0
H5B-P-40-00#s100r099	16	0	0	0	0	RELEASE	0	0	0	0
H5B-P-40-01#s100r099	16	0	0	0	0	RELEASE	0	0	0	0
H5B-P-40-02#s100r099	16	0	0	0	0	RELEASE	0	0	0	0
H5B-P-40-03#s100r099	16	0	0	0	0	RELEASE	0	0	0	0
H5B-P-40-04#s100r099	16	0	0	0	0	RELEASE	0	0	0	0
H5B-P-40-05#s100r099	16	0	0	0	0	RELEASE	0	0	0	0
H5B-P-40-06#s100r099	16	0	0	0	0	RELEASE	0	0	0	0
H5B-P-40-07#s100r099	16	0	0	0	0	RELEASE	0	0	0	0
H5B-P-40-08#s100r099	16	0	0	0	0	RELEASE	0	0	0	0
H5B-P-40-09#s100r099	16	0	0	0	0	RELEASE	0	0	0	0
H5B-O-06-00#s100r099	16	0	0	0	0	ABSTAIN	A	0	0	0
H5B-O-06-01#s100r099	16	0	0	0	0	ABSTAIN	A	0	0	0
H5B-O-06-02#s100r099	16	0	0	0	0	ABSTAIN	A	0	0	0
H5B-O-06-03#s100r099	16	0	0	0	0	ABSTAIN	A	0	0	0
H5B-O-06-04#s100r099	16	0	0	0	0	ABSTAIN	A	0	0	0
H5B-O-06-05#s100r099	16	0	0	0	0	ABSTAIN	A	0	0	0
H5B-O-06-06#s100r099	16	0	0	0	0	ABSTAIN	A	0	0	0
H5B-O-06-07#s100r099	16	0	0	0	0	ABSTAIN	A	0	0	0
H5B-O-06-08#s100r099	16	0	0	0	0	ABSTAIN	A	0	0	0
H5B-O-06-09#s100r099	16	0	0	0	0	ABSTAIN	A	0	0	0
H5B-O-12-00#s100r099	16	0	0	0	0	ABSTAIN	A	0	0	0
H5B-O-12-01#s100r099	16	0	0	0	0	ABSTAIN	A	0	0	0
H5B-O-12-02#s100r099	16	0	0	0	0	ABSTAIN	A	0	0	0
H5B-O-12-03#s100r099	16	0	0	0	0	ABSTAIN	A	0	0	0
H5B-O-12-04#s100r099	16	0	0	0	0	ABSTAIN	A	0	0	0
H5B-O-12-05#s100r099	16	0	0	0	0	ABSTAIN	A	0	0	0
H5B-O-12-06#s100r099	16	0	0	0	0	ABSTAIN	A	0	0	0
H5B-O-12-07#s100r099	16	0	0	0	0	ABSTAIN	A	0	0	0
H5B-O-12-08#s100r099	16	0	0	0	0	ABSTAIN	A	0	0	0
H5B-O-12-09#s100r099	16	0	0	0	0	ABSTAIN	A	0	0	0
H5B-O-20-00#s100r099	16	0	0	0	0	RELEASE	1	652	0	0
H5B-O-20-01#s100r099	16	0	0	0	0	RELEASE	1	514	0	0
H5B-O-20-02#s100r099	16	0	0	0	0	RELEASE	1	652	0	0
H5B-O-20-03#s100r099	16	0	0	0	0	RELEASE	1	514	0	0
H5B-O-20-04#s100r099	16	0	0	0	0	RELEASE	1	652	0	0
H5B-O-20-05#s100r099	16	0	0	0	0	RELEASE	1	652	0	0
H5B-O-20-06#s100r099	16	0	0	0	0	RELEASE	1	514	0	0
H5B-O-20-07#s100r099	16	0	0	0	0	RELEASE	1	652	0	0
H5B-O-20-08#s100r099	16	0	0	0	0	RELEASE	1	514	0	0
H5B-O-20-09#s100r099	16	0	0	0	0	RELEASE	1	652	0	0
H5B-O-40-00#s100r099	16	0	0	0	0	RELEASE	1	651	0	0
H5B-O-40-01#s100r099	16	0	0	0	0	RELEASE	1	514	0	0
H5B-O-40-02#s100r099	16	0	0	0	0	RELEASE	1	651	0	0
H5B-O-40-03#s100r099	16	0	0	0	0	RELEASE	1	514	0	0
H5B-O-40-04#s100r099	16	0	0	0	0	RELEASE	1	652	0	0
H5B-O-40-05#s100r099	16	0	0	0	0	RELEASE	1	652	0	0
H5B-O-40-06#s100r099	16	0	0	0	0	RELEASE	1	515	0	0
H5B-O-40-07#s100r099	16	0	0	0	0	RELEASE	1	652	0	0
H5B-O-40-08#s100r099	16	0	0	0	0	RELEASE	1	515	0	0
H5B-O-40-09#s100r099	16	0	0	0	0	RELEASE	1	652	0	0
H5B-D-0-00#s100r099	16	0	0	0	0	RELEASE	1	660	0	0
H5B-D-0-01#s100r099	16	0	0	0	0	RELEASE	1	660	0	0
H5B-D-0-02#s100r099	16	0	0	0	0	RELEASE	1	660	0	0
H5B-D-0-03#s100r099	16	0	0	0	0	RELEASE	1	660	0	0
H5B-D-0-04#s100r099	16	0	0	0	0	RELEASE	1	660	0	0
H5B-D-0-05#s100r099	16	0	0	0	0	RELEASE	1	660	0	0
H5B-D-0-06#s100r099	16	0	0	0	0	RELEASE	1	660	0	0
H5B-D-0-07#s100r099	16	0	0	0	0	RELEASE	1	660	0	0
H5B-D-0-08#s100r099	16	0	0	0	0	RELEASE	1	660	0	0
H5B-D-0-09#s100r099	16	0	0	0	0	RELEASE	1	660	0	0
H5B-D-1-00#s100r099	16	0	0	0	0	ABSTAIN	A	0	0	0
H5B-D-1-01#s100r099	16	0	0	0	0	ABSTAIN	A	0	0	0
H5B-D-1-02#s100r099	16	0	0	0	0	ABSTAIN	A	0	0	0
H5B-D-1-03#s100r099	16	0	0	0	0	ABSTAIN	A	0	0	0
H5B-D-1-04#s100r099	16	0	0	0	0	ABSTAIN	A	0	0	0
H5B-D-1-05#s100r099	16	0	0	0	0	ABSTAIN	A	0	0	0
H5B-D-1-06#s100r099	16	0	0	0	0	ABSTAIN	A	0	0	0
H5B-D-1-07#s100r099	16	0	0	0	0	ABSTAIN	A	0	0	0
H5B-D-1-08#s100r099	16	0	0	0	0	ABSTAIN	A	0	0	0
H5B-D-1-09#s100r099	16	0	0	0	0	ABSTAIN	A	0	0	0
H5B-D-2-00#s100r099	16	0	0	0	0	ABSTAIN	A	0	0	0
H5B-D-2-01#s100r099	16	0	0	0	0	ABSTAIN	A	0	0	0
H5B-D-2-02#s100r099	16	0	0	0	0	ABSTAIN	A	0	0	0
H5B-D-2-03#s100r099	16	0	0	0	0	ABSTAIN	A	0	0	0
H5B-D-2-04#s100r099	16	0	0	0	0	ABSTAIN	A	0	0	0
H5B-D-2-05#s100r099	16	0	0	0	0	ABSTAIN	A	0	0	0
H5B-D-2-06#s100r099	16	0	0	0	0	ABSTAIN	A	0	0	0
H5B-D-2-07#s100r099	16	0	0	0	0	ABSTAIN	A	0	0	0
H5B-D-2-08#s100r099	16	0	0	0	0	ABSTAIN	A	0	0	0
H5B-D-2-09#s100r099	16	0	0	0	0	ABSTAIN	A	0	0	0
H5B-D-6-00#s100r099	16	0	0	0	0	ABSTAIN	A	0	0	0
H5B-D-6-01#s100r099	16	0	0	0	0	ABSTAIN	A	0	0	0
H5B-D-6-02#s100r099	16	0	0	0	0	ABSTAIN	A	0	0	0
H5B-D-6-03#s100r099	16	0	0	0	0	ABSTAIN	A	0	0	0
H5B-D-6-04#s100r099	16	0	0	0	0	ABSTAIN	A	0	0	0
H5B-D-6-05#s100r099	16	0	0	0	0	ABSTAIN	A	0	0	0
H5B-D-6-06#s100r099	16	0	0	0	0	ABSTAIN	A	0	0	0
H5B-D-6-07#s100r099	16	0	0	0	0	ABSTAIN	A	0	0	0
H5B-D-6-08#s100r099	16	0	0	0	0	ABSTAIN	A	0	0	0
H5B-D-6-09#s100r099	16	0	0	0	0	ABSTAIN	A	0	0	0
H5B-P-06-00#s100r100	16	0	0	0	0	ABSTAIN	A	0	0	0
H5B-P-06-01#s100r100	16	0	0	0	0	ABSTAIN	A	0	0	0
H5B-P-06-02#s100r100	16	0	0	0	0	ABSTAIN	A	0	0	0
H5B-P-06-03#s100r100	16	0	0	0	0	ABSTAIN	A	0	0	0
H5B-P-06-04#s100r100	16	0	0	0	0	ABSTAIN	A	0	0	0
H5B-P-06-05#s100r100	16	0	0	0	0	ABSTAIN	A	0	0	0
H5B-P-06-06#s100r100	16	0	0	0	0	ABSTAIN	A	0	0	0
H5B-P-06-07#s100r100	16	0	0	0	0	ABSTAIN	A	0	0	0
H5B-P-06-08#s100r100	16	0	0	0	0	ABSTAIN	A	0	0	0
H5B-P-06-09#s100r100	16	0	0	0	0	ABSTAIN	A	0	0	0
H5B-P-12-00#s100r100	16	0	0	0	0	ABSTAIN	A	0	0	0
H5B-P-12-01#s100r100	16	0	0	0	0	ABSTAIN	A	0	0	0
H5B-P-12-02#s100r100	16	0	0	0	0	ABSTAIN	A	0	0	0
H5B-P-12-03#s100r100	16	0	0	0	0	ABSTAIN	A	0	0	0
H5B-P-12-04#s100r100	16	0	0	0	0	ABSTAIN	A	0	0	0
H5B-P-12-05#s100r100	16	0	0	0	0	ABSTAIN	A	0	0	0
H5B-P-12-06#s100r100	16	0	0	0	0	ABSTAIN	A	0	0	0
H5B-P-12-07#s100r100	16	0	0	0	0	ABSTAIN	A	0	0	0
H5B-P-12-08#s100r100	16	0	0	0	0	ABSTAIN	A	0	0	0
H5B-P-12-09#s100r100	16	0	0	0	0	ABSTAIN	A	0	0	0
H5B-P-20-00#s100r100	16	0	0	0	0	RELEASE	0	0	0	0
H5B-P-20-01#s100r100	16	0	0	0	0	RELEASE	0	0	0	0
H5B-P-20-02#s100r100	16	0	0	0	0	RELEASE	0	0	0	0
H5B-P-20-03#s100r100	16	0	0	0	0	RELEASE	0	0	0	0
H5B-P-20-04#s100r100	16	0	0	0	0	RELEASE	0	0	0	0
H5B-P-20-05#s100r100	16	0	0	0	0	RELEASE	0	0	0	0
H5B-P-20-06#s100r100	16	0	0	0	0	RELEASE	0	0	0	0
H5B-P-20-07#s100r100	16	0	0	0	0	RELEASE	0	0	0	0
H5B-P-20-08#s100r100	16	0	0	0	0	RELEASE	0	0	0	0
H5B-P-20-09#s100r100	16	0	0	0	0	RELEASE	0	0	0	0
H5B-P-40-00#s100r100	16	0	0	0	0	RELEASE	0	0	0	0
H5B-P-40-01#s100r100	16	0	0	0	0	RELEASE	0	0	0	0
H5B-P-40-02#s100r100	16	0	0	0	0	RELEASE	0	0	0	0
H5B-P-40-03#s100r100	16	0	0	0	0	RELEASE	0	0	0	0
H5B-P-40-04#s100r100	16	0	0	0	0	RELEASE	0	0	0	0
H5B-P-40-05#s100r100	16	0	0	0	0	RELEASE	0	0	0	0
H5B-P-40-06#s100r100	16	0	0	0	0	RELEASE	0	0	0	0
H5B-P-40-07#s100r100	16	0	0	0	0	RELEASE	0	0	0	0
H5B-P-40-08#s100r100	16	0	0	0	0	RELEASE	0	0	0	0
H5B-P-40-09#s100r100	16	0	0	0	0	RELEASE	0	0	0	0
H5B-O-06-00#s100r100	16	0	0	0	0	ABSTAIN	A	0	0	0
H5B-O-06-01#s100r100	16	0	0	0	0	ABSTAIN	A	0	0	0
H5B-O-06-02#s100r100	16	0	0	0	0	ABSTAIN	A	0	0	0
H5B-O-06-03#s100r100	16	0	0	0	0	ABSTAIN	A	0	0	0
H5B-O-06-04#s100r100	16	0	0	0	0	ABSTAIN	A	0	0	0
H5B-O-06-05#s100r100	16	0	0	0	0	ABSTAIN	A	0	0	0
H5B-O-06-06#s100r100	16	0	0	0	0	ABSTAIN	A	0	0	0
H5B-O-06-07#s100r100	16	0	0	0	0	ABSTAIN	A	0	0	0
H5B-O-06-08#s100r100	16	0	0	0	0	ABSTAIN	A	0	0	0
H5B-O-06-09#s100r100	16	0	0	0	0	ABSTAIN	A	0	0	0
H5B-O-12-00#s100r100	16	0	0	0	0	ABSTAIN	A	0	0	0
H5B-O-12-01#s100r100	16	0	0	0	0	ABSTAIN	A	0	0	0
H5B-O-12-02#s100r100	16	0	0	0	0	ABSTAIN	A	0	0	0
H5B-O-12-03#s100r100	16	0	0	0	0	ABSTAIN	A	0	0	0
H5B-O-12-04#s100r100	16	0	0	0	0	ABSTAIN	A	0	0	0
H5B-O-12-05#s100r100	16	0	0	0	0	ABSTAIN	A	0	0	0
H5B-O-12-06#s100r100	16	0	0	0	0	ABSTAIN	A	0	0	0
H5B-O-12-07#s100r100	16	0	0	0	0	ABSTAIN	A	0	0	0
H5B-O-12-08#s100r100	16	0	0	0	0	ABSTAIN	A	0	0	0
H5B-O-12-09#s100r100	16	0	0	0	0	ABSTAIN	A	0	0	0
H5B-O-20-00#s100r100	16	0	0	0	0	RELEASE	1	652	0	0
H5B-O-20-01#s100r100	16	0	0	0	0	RELEASE	1	514	0	0
H5B-O-20-02#s100r100	16	0	0	0	0	RELEASE	1	652	0	0
H5B-O-20-03#s100r100	16	0	0	0	0	RELEASE	1	514	0	0
H5B-O-20-04#s100r100	16	0	0	0	0	RELEASE	1	652	0	0
H5B-O-20-05#s100r100	16	0	0	0	0	RELEASE	1	652	0	0
H5B-O-20-06#s100r100	16	0	0	0	0	RELEASE	1	514	0	0
H5B-O-20-07#s100r100	16	0	0	0	0	RELEASE	1	652	0	0
H5B-O-20-08#s100r100	16	0	0	0	0	RELEASE	1	514	0	0
H5B-O-20-09#s100r100	16	0	0	0	0	RELEASE	1	652	0	0
H5B-O-40-00#s100r100	16	0	0	0	0	RELEASE	1	651	0	0
H5B-O-40-01#s100r100	16	0	0	0	0	RELEASE	1	514	0	0
H5B-O-40-02#s100r100	16	0	0	0	0	RELEASE	1	651	0	0
H5B-O-40-03#s100r100	16	0	0	0	0	RELEASE	1	514	0	0
H5B-O-40-04#s100r100	16	0	0	0	0	RELEASE	1	652	0	0
H5B-O-40-05#s100r100	16	0	0	0	0	RELEASE	1	652	0	0
H5B-O-40-06#s100r100	16	0	0	0	0	RELEASE	1	515	0	0
H5B-O-40-07#s100r100	16	0	0	0	0	RELEASE	1	652	0	0
H5B-O-40-08#s100r100	16	0	0	0	0	RELEASE	1	515	0	0
H5B-O-40-09#s100r100	16	0	0	0	0	RELEASE	1	652	0	0
H5B-D-0-00#s100r100	16	0	0	0	0	RELEASE	1	660	0	0
H5B-D-0-01#s100r100	16	0	0	0	0	RELEASE	1	660	0	0
H5B-D-0-02#s100r100	16	0	0	0	0	RELEASE	1	660	0	0
H5B-D-0-03#s100r100	16	0	0	0	0	RELEASE	1	660	0	0
H5B-D-0-04#s100r100	16	0	0	0	0	RELEASE	1	660	0	0
H5B-D-0-05#s100r100	16	0	0	0	0	RELEASE	1	660	0	0
H5B-D-0-06#s100r100	16	0	0	0	0	RELEASE	1	660	0	0
H5B-D-0-07#s100r100	16	0	0	0	0	RELEASE	1	660	0	0
H5B-D-0-08#s100r100	16	0	0	0	0	RELEASE	1	660	0	0
H5B-D-0-09#s100r100	16	0	0	0	0	RELEASE	1	660	0	0
H5B-D-1-00#s100r100	16	0	0	0	0	ABSTAIN	A	0	0	0
H5B-D-1-01#s100r100	16	0	0	0	0	ABSTAIN	A	0	0	0
H5B-D-1-02#s100r100	16	0	0	0	0	ABSTAIN	A	0	0	0
H5B-D-1-03#s100r100	16	0	0	0	0	ABSTAIN	A	0	0	0
H5B-D-1-04#s100r100	16	0	0	0	0	ABSTAIN	A	0	0	0
H5B-D-1-05#s100r100	16	0	0	0	0	ABSTAIN	A	0	0	0
H5B-D-1-06#s100r100	16	0	0	0	0	ABSTAIN	A	0	0	0
H5B-D-1-07#s100r100	16	0	0	0	0	ABSTAIN	A	0	0	0
H5B-D-1-08#s100r100	16	0	0	0	0	ABSTAIN	A	0	0	0
H5B-D-1-09#s100r100	16	0	0	0	0	ABSTAIN	A	0	0	0
H5B-D-2-00#s100r100	16	0	0	0	0	ABSTAIN	A	0	0	0
H5B-D-2-01#s100r100	16	0	0	0	0	ABSTAIN	A	0	0	0
H5B-D-2-02#s100r100	16	0	0	0	0	ABSTAIN	A	0	0	0
H5B-D-2-03#s100r100	16	0	0	0	0	ABSTAIN	A	0	0	0
H5B-D-2-04#s100r100	16	0	0	0	0	ABSTAIN	A	0	0	0
H5B-D-2-05#s100r100	16	0	0	0	0	ABSTAIN	A	0	0	0
H5B-D-2-06#s100r100	16	0	0	0	0	ABSTAIN	A	0	0	0
H5B-D-2-07#s100r100	16	0	0	0	0	ABSTAIN	A	0	0	0
H5B-D-2-08#s100r100	16	0	0	0	0	ABSTAIN	A	0	0	0
H5B-D-2-09#s100r100	16	0	0	0	0	ABSTAIN	A	0	0	0
H5B-D-6-00#s100r100	16	0	0	0	0	ABSTAIN	A	0	0	0
H5B-D-6-01#s100r100	16	0	0	0	0	ABSTAIN	A	0	0	0
H5B-D-6-02#s100r100	16	0	0	0	0	ABSTAIN	A	0	0	0
H5B-D-6-03#s100r100	16	0	0	0	0	ABSTAIN	A	0	0	0
H5B-D-6-04#s100r100	16	0	0	0	0	ABSTAIN	A	0	0	0
H5B-D-6-05#s100r100	16	0	0	0	0	ABSTAIN	A	0	0	0
H5B-D-6-06#s100r100	16	0	0	0	0	ABSTAIN	A	0	0	0
H5B-D-6-07#s100r100	16	0	0	0	0	ABSTAIN	A	0	0	0
H5B-D-6-08#s100r100	16	0	0	0	0	ABSTAIN	A	0	0	0
H5B-D-6-09#s100r100	16	0	0	0	0	ABSTAIN	A	0	0	0
