0|G|0|0|814|6600|1|1
1|G|1|0|846|8265|1|1
2|G|2|1|911|15354|1|1
3|G|0|1|853|8757|1|1
4|G|1|2|908|14931|1|1
5|G|2|2|878|10837|1|1
6|G|0|3|927|19123|1|1
7|G|1|3|885|11633|1|1
8|G|2|4|887|11836|1|1
9|G|0|4|747|4449|1|1
10|G|1|5|836|7657|1|1
11|G|2|5|879|10962|1|1
12|G|0|6|877|10759|1|1
13|G|1|6|842|8041|1|1
14|G|2|7|845|8234|1|1
15|G|0|7|739|4267|1|1
16|G|1|8|857|9007|1|1
17|G|2|8|891|12370|1|1
18|G|0|9|836|7694|1|1
19|G|1|9|798|5949|1|1
20|G|2|10|837|7733|1|1
21|G|0|10|827|7212|1|1
22|G|1|11|889|12130|1|1
23|G|2|11|848|8371|1|1
24|G|0|12|871|10150|1|1
25|G|1|12|839|7825|1|1
26|G|2|13|841|7934|1|1
27|G|0|13|886|11674|1|1
28|G|1|14|842|8052|1|1
29|G|2|14|919|17201|1|1
30|G|0|15|868|9876|1|1
31|G|1|15|857|9019|1|1
32|G|2|16|777|5246|1|1
33|G|0|16|882|11272|1|1
34|G|1|17|804|6167|1|1
35|G|2|17|876|10684|1|1
36|G|0|18|879|10943|1|1
37|G|1|18|825|7087|1|1
38|G|2|19|869|9968|1|1
39|G|0|19|792|5723|1|1
40|G|1|20|899|13401|1|1
41|G|2|20|771|5053|1|1
42|G|0|21|802|6099|1|1
43|G|1|21|850|8526|1|1
44|G|2|22|906|14608|1|1
45|G|0|22|898|13245|1|1
46|G|1|23|888|11942|1|1
47|G|2|23|899|13355|1|1
48|G|0|24|877|10745|1|1
49|G|1|24|764|4874|1|1
50|G|2|25|898|13241|1|1
51|G|0|25|723|3932|1|1
52|G|1|26|706|3605|1|1
53|G|2|26|838|7793|1|1
54|G|0|27|903|13985|1|1
55|G|1|27|858|9088|1|1
56|G|2|28|880|11054|1|1
57|G|0|28|850|8514|1|1
58|G|1|29|878|10798|1|1
59|G|2|29|828|7269|1|1
60|G|0|30|897|13129|1|1
61|G|1|30|720|3860|1|1
62|G|2|31|751|4530|1|1
63|G|0|31|849|8435|1|1
64|G|1|32|843|8110|1|1
65|G|2|32|896|13034|1|1
66|G|0|33|860|9288|1|1
67|G|1|33|866|9754|1|1
68|G|2|34|903|14072|1|1
69|G|0|34|856|8950|1|1
70|G|1|35|921|17679|1|1
71|G|2|35|743|4342|1|1
72|G|0|36|864|9586|1|1
73|G|1|36|933|21026|1|1
74|G|2|37|913|15824|1|1
75|G|0|37|876|10683|1|1
76|G|1|38|839|7863|1|1
77|G|2|38|876|10693|1|1
78|G|0|39|767|4942|1|1
79|G|1|39|869|9954|1|1
80|G|2|40|907|14691|1|1
81|G|0|40|897|13077|1|1
82|G|1|41|873|10394|1|1
83|G|2|41|795|5820|1|1
84|G|0|42|880|11021|1|1
85|G|1|42|772|5101|1|1
86|G|2|43|714|3755|1|1
87|G|0|43|729|4040|1|1
88|G|1|44|816|6682|1|1
89|G|2|44|725|3955|1|1
90|G|0|45|934|21392|1|1
91|G|1|45|854|8835|1|1
92|G|2|46|885|11652|1|1
93|G|0|46|912|15565|1|1
94|G|1|47|862|9386|1|1
95|G|2|47|740|4288|1|1
96|G|0|48|869|9965|1|1
97|G|1|48|844|8168|1|1
98|G|2|49|905|14402|1|1
99|G|0|49|930|20157|1|1
100|G|1|50|795|5832|1|1
101|G|2|50|772|5085|1|1
102|G|0|51|853|8732|1|1
103|G|1|51|802|6078|1|1
104|G|2|52|863|9487|1|1
105|G|0|52|881|11136|1|1
106|G|1|53|896|12935|1|1
107|G|2|53|822|6952|1|1
108|G|0|54|891|12314|1|1
109|G|1|54|880|11052|1|1
110|G|2|55|823|7014|1|1
111|G|0|55|909|15149|1|1
112|G|1|56|777|5236|1|1
113|G|2|56|924|18269|1|1
114|G|0|57|754|4617|1|1
115|G|1|57|800|6004|1|1
116|G|2|58|834|7538|1|1
117|G|0|58|820|6855|1|1
118|G|1|59|824|7052|1|1
119|G|2|59|852|8691|1|1
120|G|0|60|902|13813|1|1
121|G|1|60|923|18190|1|1
122|G|2|61|872|10255|1|1
123|G|0|61|746|4425|1|1
124|G|1|62|719|3857|1|1
125|G|2|62|720|3867|1|1
126|G|0|63|828|7261|1|1
127|G|1|63|872|10255|1|1
128|G|2|64|850|8549|1|1
129|G|0|64|844|8170|1|1
130|G|1|65|734|4146|1|1
131|G|2|65|891|12351|1|1
132|G|0|66|784|5476|1|1
133|G|1|66|862|9435|1|1
134|G|2|67|805|6199|1|1
135|G|0|67|830|7370|1|1
136|G|1|68|814|6603|1|1
137|G|2|68|822|6937|1|1
138|G|0|69|735|4179|1|1
139|G|1|69|818|6768|1|1
140|G|2|70|705|3588|1|1
141|G|0|70|788|5603|1|1
142|G|1|71|831|7413|1|1
143|G|2|71|842|8004|1|1
144|G|0|72|707|3633|1|1
145|G|1|72|853|8725|1|1
146|G|2|73|873|10314|1|1
147|G|0|73|742|4335|1|1
148|G|1|74|724|3942|1|1
149|G|2|74|909|15051|1|1
150|G|0|75|711|3708|1|1
151|G|1|75|814|6596|1|1
152|G|2|76|909|15135|1|1
153|G|0|76|822|6950|1|1
154|G|1|77|864|9544|1|1
155|G|2|77|804|6165|1|1
156|G|0|78|878|10861|1|1
157|G|1|78|722|3914|1|1
158|G|2|79|789|5636|1|1
159|G|0|79|859|9154|1|1
160|G|1|80|817|6732|1|1
161|G|2|80|895|12877|1|1
162|G|0|81|813|6560|1|1
163|G|1|81|803|6123|1|1
164|G|2|82|853|8725|1|1
165|G|0|82|876|10662|1|1
166|G|1|83|890|12180|1|1
167|G|2|83|893|12645|1|1
168|G|0|84|776|5218|1|1
169|G|1|84|900|13643|1|1
170|G|2|85|746|4408|1|1
171|G|0|85|861|9345|1|1
172|G|1|86|717|3816|1|1
173|G|2|86|862|9444|1|1
174|G|0|87|915|16320|1|1
175|G|1|87|909|15115|1|1
176|G|2|88|864|9543|1|1
177|G|0|88|719|3849|1|1
178|G|1|89|889|12022|1|1
179|G|2|89|875|21036|1|1
180|G|0|90|724|7874|1|1
181|G|1|90|869|20050|1|1
182|G|2|91|883|22646|1|1
183|G|0|91|871|20429|1|1
184|G|1|92|842|16004|1|1
185|G|2|92|855|17778|1|1
186|G|0|93|870|20250|1|1
187|G|1|93|870|20211|1|1
188|G|2|94|887|23583|1|1
189|G|0|94|823|14016|1|1
190|G|1|95|865|19229|1|1
191|G|2|95|728|8046|0|0
192|G|0|96|712|7434|0|0
193|G|1|96|869|19971|1|1
194|G|2|97|853|17543|1|1
195|G|0|97|884|22881|1|1
196|G|1|98|863|19005|1|1
197|G|2|98|778|10520|1|1
198|G|0|99|828|14498|1|1
199|G|1|99|889|24167|1|1
10000|F|1|110000|764|1888|1|1
200|G|2|100|798|11923|1|1
201|G|0|100|802|12185|0|0
202|G|1|101|828|14490|1|1
203|G|2|101|892|24910|1|1
204|G|0|102|860|18458|1|1
205|G|1|102|783|10856|1|1
206|G|2|103|820|13710|0|1
207|G|0|103|862|18881|1|1
208|G|1|104|887|23683|1|1
209|G|2|104|780|10667|1|1
210|G|0|105|855|17823|1|1
211|G|1|105|878|21614|1|1
212|G|2|106|887|23576|1|1
213|G|0|106|826|14265|0|1
214|G|1|107|881|22385|1|1
215|G|2|107|746|8812|0|0
216|G|0|108|793|11536|1|1
217|G|1|108|884|23083|1|1
218|G|2|109|854|17571|1|1
219|G|0|109|882|22487|1|1
220|G|1|110|864|19171|1|1
221|G|2|110|881|22413|1|1
222|G|0|111|872|20572|1|1
223|G|1|111|873|20648|1|1
224|G|2|112|847|16715|1|1
225|G|0|112|831|14838|1|1
226|G|1|113|848|16774|1|1
227|G|2|113|733|8264|0|1
228|G|0|114|740|8562|0|1
229|G|1|114|806|12465|1|1
230|G|2|115|734|8311|0|0
231|G|0|115|873|20730|1|1
232|G|1|116|758|9446|1|1
233|G|2|116|890|24314|1|1
234|G|0|117|869|19968|1|1
235|G|1|117|884|22972|1|1
236|G|2|118|774|10298|1|1
237|G|0|118|876|21240|1|1
238|G|1|119|839|15738|1|1
239|G|2|119|877|21532|1|1
240|G|0|120|870|20117|1|1
241|G|1|120|859|18304|1|1
242|G|2|121|851|17228|1|1
243|G|0|121|883|22845|1|1
244|G|1|122|788|11204|0|1
245|G|2|122|843|16194|0|1
246|G|0|123|803|12305|1|1
247|G|1|123|869|20061|1|1
248|G|2|124|872|20439|1|1
249|G|0|124|891|24713|1|1
250|G|1|125|753|9180|1|1
251|G|2|125|730|8139|0|0
252|G|0|126|779|10630|1|1
253|G|1|126|707|7262|0|1
254|G|2|127|781|10734|1|1
255|G|0|127|872|20501|1|1
256|G|1|128|884|23044|1|1
257|G|2|128|872|20614|1|1
258|G|0|129|860|18581|1|1
259|G|1|129|761|9593|1|1
260|G|2|130|874|20941|1|1
261|G|0|130|883|22777|1|1
262|G|1|131|753|9170|0|1
263|G|2|131|855|17750|1|1
264|G|0|132|774|10280|1|1
265|G|1|132|836|15295|1|1
266|G|2|133|889|24101|1|1
267|G|0|133|854|17667|1|1
268|G|1|134|878|21777|1|1
269|G|2|134|731|8194|0|1
270|G|0|135|850|17099|1|1
271|G|1|135|810|12873|1|1
272|G|2|136|873|20809|1|1
273|G|0|136|771|10122|1|1
274|G|1|137|812|12961|1|1
275|G|2|137|836|15364|0|1
276|G|0|138|773|10235|0|1
277|G|1|138|725|7925|0|0
278|G|2|139|758|9428|0|1
279|G|0|139|892|24876|1|1
280|G|1|140|795|11684|1|1
281|G|2|140|876|21210|1|1
282|G|0|141|740|8555|1|1
283|G|1|141|856|17909|1|1
284|G|2|142|787|11140|1|1
285|G|0|142|870|20166|1|1
286|G|1|143|879|21903|1|1
287|G|2|143|882|22544|1|1
288|G|0|144|879|21861|1|1
289|G|1|144|791|11407|1|1
290|G|2|145|879|21970|1|1
291|G|0|145|879|21911|1|1
292|G|1|146|743|8712|1|1
293|G|2|146|862|18768|1|1
294|G|0|147|860|18535|1|1
295|G|1|147|873|20643|1|1
296|G|2|148|886|23473|1|1
297|G|0|148|886|23364|1|1
298|G|1|149|873|20776|1|1
299|G|2|149|870|20199|1|1
300|G|0|150|884|22984|1|1
301|G|1|150|803|12296|1|1
302|G|2|151|874|20930|1|1
303|G|0|151|873|20799|1|1
304|G|1|152|816|13328|1|1
305|G|2|152|779|10630|0|1
306|G|0|153|736|8399|1|1
307|G|1|153|762|9653|0|1
308|G|2|154|798|11867|1|1
309|G|0|154|888|23862|1|1
310|G|1|155|889|24158|1|1
311|G|2|155|882|22438|1|1
312|G|0|156|756|9321|0|1
313|G|1|156|777|10456|1|1
314|G|2|157|828|14456|0|1
315|G|0|157|847|16640|1|1
316|G|1|158|767|9910|1|1
317|G|2|158|876|21278|1|1
318|G|0|159|823|14023|1|1
319|G|1|159|886|23409|1|1
320|G|2|160|886|23343|1|1
321|G|0|160|855|17797|1|1
322|G|1|161|814|13186|1|1
323|G|2|161|866|19446|1|1
324|G|0|162|887|23644|1|1
325|G|1|162|886|23407|1|1
326|G|2|163|753|9167|1|1
327|G|0|163|878|21669|1|1
328|G|1|164|882|22599|1|1
329|G|2|164|850|17077|1|1
330|G|0|165|838|15531|1|1
331|G|1|165|887|23666|1|1
332|G|2|166|749|8980|1|1
333|G|0|166|857|18077|1|1
334|G|1|167|761|9581|1|1
335|G|2|167|885|23093|1|1
336|G|0|168|762|9648|1|1
337|G|1|168|747|8888|1|1
338|G|2|169|847|16634|1|1
339|G|0|169|833|14992|1|1
340|G|1|170|830|14667|1|1
341|G|2|170|819|13597|1|1
342|G|0|171|885|23151|1|1
343|G|1|171|878|21792|1|1
344|G|2|172|862|18814|1|1
345|G|0|172|745|8778|0|1
346|G|1|173|847|16671|1|1
347|G|2|173|792|11443|1|1
348|G|0|174|840|15779|1|1
349|G|1|174|774|10294|0|1
350|G|2|175|879|21840|1|1
351|G|0|175|888|23790|1|1
352|G|1|176|792|11435|1|1
353|G|2|176|782|10811|1|1
354|G|0|177|837|15472|1|1
355|G|1|177|877|21422|1|1
356|G|2|178|756|9328|1|1
357|G|0|178|739|8502|1|1
358|G|1|179|845|16469|1|1
359|G|2|179|838|15621|0|1
360|G|0|180|830|14653|0|1
361|G|1|180|847|16637|1|1
362|G|2|181|881|22316|1|1
363|G|0|181|750|9012|0|1
364|G|1|182|791|11367|1|1
365|G|2|182|799|11973|1|1
366|G|0|183|841|15946|1|1
367|G|1|183|855|17734|1|1
368|G|2|184|789|11278|0|1
369|G|0|184|862|18786|1|1
370|G|1|185|821|13766|0|1
371|G|2|185|889|24194|1|1
372|G|0|186|843|16113|1|1
373|G|1|186|788|11151|0|1
374|G|2|187|869|20000|1|1
375|G|0|187|881|22332|1|1
376|G|1|188|794|11602|0|1
377|G|2|188|722|7798|0|0
378|G|0|189|889|24140|1|1
379|G|1|189|750|9037|0|1
380|G|2|190|849|16889|1|1
381|G|0|190|889|24099|1|1
382|G|1|191|880|22013|1|1
383|G|2|191|886|23426|1|1
384|G|0|192|877|21467|1|1
385|G|1|192|891|24728|1|1
386|G|2|193|864|19108|1|1
387|G|0|193|817|13428|1|1
388|G|1|194|890|24281|1|1
389|G|2|194|871|20397|1|1
390|G|0|195|822|13912|1|1
391|G|1|195|792|11428|0|1
392|G|2|196|764|9736|1|1
393|G|0|196|833|15004|1|1
394|G|1|197|853|17518|1|1
395|G|2|197|878|21644|1|1
396|G|0|198|864|19155|1|1
397|G|1|198|861|18651|1|1
398|G|2|199|800|12059|1|1
399|G|0|199|877|21551|1|1
10001|F|2|110001|774|1915|1|1
400|G|1|200|779|10622|0|1
401|G|2|200|880|22032|1|1
402|G|0|201|884|23012|1|1
403|G|1|201|804|12344|0|1
404|G|2|202|864|19210|1|1
405|G|0|202|808|12678|0|1
406|G|1|203|791|11408|1|1
407|G|2|203|848|16812|1|1
408|G|0|204|871|20407|1|1
409|G|1|204|885|23190|1|1
410|G|2|205|877|21437|1|1
411|G|0|205|873|20789|1|1
412|G|1|206|868|19728|1|1
413|G|2|206|886|23548|1|1
414|G|0|207|881|22397|1|1
415|G|1|207|884|23002|1|1
416|G|2|208|825|14230|1|1
417|G|0|208|853|17425|1|1
418|G|1|209|874|20889|1|1
419|G|2|209|811|12911|1|1
420|G|0|210|862|18850|0|1
421|G|1|210|843|16155|1|1
422|G|2|211|746|8815|1|1
423|G|0|211|769|9994|1|1
424|G|1|212|732|8206|0|0
425|G|2|212|771|10117|0|1
426|G|0|213|771|10108|1|1
427|G|1|213|835|15286|1|1
428|G|2|214|718|7653|1|1
429|G|0|214|724|7879|0|1
430|G|1|215|871|20322|1|1
431|G|2|215|837|15493|1|1
432|G|0|216|849|16880|1|1
433|G|1|216|889|24105|1|1
434|G|2|217|884|23033|1|1
435|G|0|217|842|16100|1|1
436|G|1|218|851|17170|1|1
437|G|2|218|871|20338|1|1
438|G|0|219|870|20203|1|1
439|G|1|219|837|15498|1|1
440|G|2|220|817|13468|1|1
441|G|0|220|728|8034|1|1
442|G|1|221|754|9243|1|1
443|G|2|221|887|23580|1|1
444|G|0|222|890|24296|1|1
445|G|1|222|834|15149|1|1
446|G|2|223|886|23334|1|1
447|G|0|223|752|9123|0|1
448|G|1|224|776|10447|0|1
449|G|2|224|880|22170|1|1
450|G|0|225|874|20846|1|1
451|G|1|225|767|9893|0|0
452|G|2|226|850|17082|1|1
453|G|0|226|886|23376|1|1
454|G|1|227|885|23094|1|1
455|G|2|227|854|17673|1|1
456|G|0|228|796|11770|1|1
457|G|1|228|878|21784|1|1
458|G|2|229|862|18741|1|1
459|G|0|229|814|13132|1|1
460|G|1|230|723|7838|1|1
461|G|2|230|754|9234|0|1
462|G|0|231|769|10028|0|1
463|G|1|231|846|16519|0|1
464|G|2|232|768|9977|0|1
465|G|0|232|804|12337|0|1
466|G|1|233|828|14529|1|1
467|G|2|233|747|8876|0|1
468|G|0|234|868|19830|1|1
469|G|1|234|714|7493|0|0
470|G|2|235|828|14449|1|1
471|G|0|235|743|8716|0|1
472|G|1|236|740|8542|0|1
473|G|2|236|768|9979|1|1
474|G|0|237|855|17762|1|1
475|G|1|237|886|23377|1|1
476|G|2|238|828|14455|1|1
477|G|0|238|861|18674|1|1
478|G|1|239|850|17047|1|1
479|G|2|239|849|16968|1|1
480|G|0|240|830|14677|1|1
481|G|1|240|859|18348|1|1
482|G|2|241|885|23162|1|1
483|G|0|241|784|10907|0|1
484|G|1|242|806|12474|0|1
485|G|2|242|759|9471|1|1
486|G|0|243|876|21341|1|1
487|G|1|243|859|18306|1|1
488|G|2|244|871|20271|1|1
489|G|0|244|864|19178|1|1
490|G|1|245|881|22330|1|1
491|G|2|245|813|13072|1|1
492|G|0|246|852|17292|1|1
493|G|1|246|780|10665|1|1
494|G|2|247|784|10926|1|1
495|G|0|247|889|24210|1|1
496|G|1|248|844|16333|0|1
497|G|2|248|833|15043|1|1
498|G|0|249|844|16254|0|1
499|G|1|249|719|7703|0|0
500|G|2|250|872|20561|1|1
501|G|0|250|739|8510|0|1
502|G|1|251|842|16042|1|1
503|G|2|251|850|17109|0|1
504|G|0|252|804|12383|1|1
505|G|1|252|891|24627|1|1
506|G|2|253|745|8770|0|0
507|G|0|253|886|23503|1|1
508|G|1|254|856|17899|1|1
509|G|2|254|707|7246|0|1
510|G|0|255|856|17836|0|1
511|G|1|255|796|11714|1|1
512|G|2|256|763|9669|0|1
513|G|0|256|793|11502|1|1
514|G|1|257|776|10432|1|1
515|G|2|257|764|9744|1|1
516|G|0|258|795|11638|0|1
517|G|1|258|829|14616|1|1
518|G|2|259|830|14743|1|1
519|G|0|259|877|21422|1|1
520|G|1|260|856|17845|1|1
521|G|2|260|859|18405|1|1
522|G|0|261|801|12093|1|1
523|G|1|261|891|24540|1|1
524|G|2|262|882|22435|1|1
525|G|0|262|788|11218|1|1
526|G|1|263|720|7752|0|1
527|G|2|263|850|17037|1|1
528|G|0|264|733|8248|0|1
529|G|1|264|869|20055|1|1
530|G|2|265|755|9278|1|1
531|G|0|265|866|19530|1|1
532|G|1|266|837|15495|1|1
533|G|2|266|743|8709|0|1
534|G|0|267|853|17462|1|1
535|G|1|267|801|12130|0|1
536|G|2|268|755|9266|0|1
537|G|0|268|866|19433|1|1
538|G|1|269|749|8977|1|1
539|G|2|269|891|24734|1|1
540|G|0|270|882|22544|1|1
541|G|1|270|847|16681|1|1
542|G|2|271|782|10804|1|1
543|G|0|271|836|15314|0|1
544|G|1|272|864|19135|1|1
545|G|2|272|787|11108|0|1
546|G|0|273|799|11930|1|1
547|G|1|273|878|21611|1|1
548|G|2|274|775|10340|1|1
549|G|0|274|859|18386|0|1
550|G|1|275|859|18386|1|1
551|G|2|275|781|10704|0|1
552|G|0|276|858|18193|1|1
553|G|1|276|756|9331|1|1
554|G|2|277|824|14133|0|1
555|G|0|277|819|13601|0|1
556|G|1|278|878|21781|1|1
557|G|2|278|849|16927|0|1
558|G|0|279|783|10873|1|1
559|G|1|279|713|7454|1|1
560|G|2|280|811|12883|1|1
561|G|0|280|883|22711|1|1
562|G|1|281|719|7703|1|1
563|G|2|281|860|18528|1|1
564|G|0|282|757|9360|1|1
565|G|1|282|861|18611|1|1
566|G|2|283|751|9094|0|1
567|G|0|283|888|24005|1|1
568|G|1|284|881|22247|1|1
569|G|2|284|879|21918|1|1
570|G|0|285|870|20130|1|1
571|G|1|285|748|8906|1|1
572|G|2|286|751|9060|1|1
573|G|0|286|825|14187|1|1
574|G|1|287|886|23405|1|1
575|G|2|287|832|14876|0|1
576|G|0|288|745|8804|0|0
577|G|1|288|874|20980|1|1
578|G|2|289|870|20207|1|1
579|G|0|289|880|22156|1|1
580|G|1|290|781|10723|1|1
581|G|2|290|740|8574|0|1
582|G|0|291|860|18516|1|1
583|G|1|291|797|11821|1|1
584|G|2|292|867|19567|1|1
585|G|0|292|725|7918|1|1
586|G|1|293|856|17904|0|1
587|G|2|293|865|19244|1|1
588|G|0|294|810|12802|0|1
589|G|1|294|893|25057|1|1
590|G|2|295|880|22192|1|1
591|G|0|295|853|17464|1|1
592|G|1|296|872|20486|1|1
593|G|2|296|835|15194|0|1
594|G|0|297|884|22865|1|1
595|G|1|297|814|13141|1|1
596|G|2|298|802|12228|1|1
597|G|0|298|838|15523|1|1
598|G|1|299|891|24747|1|1
599|G|2|299|886|23453|1|1
10002|F|0|110002|788|1958|1|1
600|G|0|300|862|18845|1|1
601|G|1|300|850|17114|1|1
602|G|2|301|878|21743|1|1
603|G|0|301|879|21869|1|1
604|G|1|302|805|12449|1|1
605|G|2|302|875|21121|1|1
606|G|0|303|837|15418|1|1
607|G|1|303|776|10412|1|1
608|G|2|304|771|10151|0|0
609|G|0|304|853|17435|1|1
610|G|1|305|875|21101|1|1
611|G|2|305|869|19943|1|1
612|G|0|306|858|18269|1|1
613|G|1|306|891|24563|1|1
614|G|2|307|873|10398|0|0
615|G|0|307|928|19528|0|0
616|G|1|308|881|11113|0|0
617|G|2|308|771|5062|0|0
618|G|0|309|886|11763|0|0
619|G|1|309|911|15544|0|0
620|G|2|310|873|10367|0|0
621|G|0|310|759|4746|0|0
622|G|1|311|845|8193|0|0
623|G|2|311|754|4613|0|0
624|G|0|312|791|5706|0|0
625|G|1|312|756|4657|0|0
626|G|2|313|830|7345|0|0
627|G|0|313|889|12117|0|0
628|G|1|314|790|5670|0|0
629|G|2|314|863|18898|0|0
630|G|0|315|974|114971|0|0
631|G|1|315|874|20854|0|0
632|G|2|316|982|164110|0|0
633|G|0|316|975|121120|0|0
634|G|1|317|987|227888|0|0
635|G|2|317|912|31140|0|0
636|G|0|318|984|193857|0|0
637|G|1|318|896|25989|0|0
638|G|2|319|980|154395|0|0
639|G|0|319|986|212559|0|0
640|G|1|320|981|158034|0|0
641|G|2|320|904|28541|0|0
642|G|0|321|973|109196|0|0
643|G|1|321|848|16862|0|0
644|G|2|322|969|96626|0|0
645|G|0|322|984|189154|0|0
646|G|1|323|975|119869|0|0
647|G|2|323|911|30963|0|0
648|G|0|324|978|139566|0|0
649|G|1|324|934|43068|0|0
650|G|2|325|973|108132|0|0
651|G|0|325|981|155049|0|0
652|G|1|326|970|100247|0|0
653|G|2|326|926|37966|0|0
654|G|0|327|971|102467|0|0
655|G|1|327|913|31631|0|0
656|G|2|328|981|160420|0|0
657|G|0|328|985|208008|0|0
658|G|1|329|985|203932|0|0
659|G|2|329|878|10836|0|0
660|G|0|330|928|19405|0|0
661|G|1|330|879|10986|0|0
662|G|2|331|770|5025|0|0
663|G|0|331|887|11868|0|0
664|G|1|332|912|15654|0|0
665|G|2|332|873|10323|0|0
666|G|0|333|760|4754|0|0
667|G|1|333|845|8212|0|0
668|G|2|334|763|4832|0|0
669|G|0|334|782|5397|0|0
670|G|1|335|748|4464|0|0
671|G|2|335|827|7195|0|0
672|G|0|336|890|12197|0|0
673|G|1|336|788|5603|0|0
674|G|2|337|862|18892|0|0
675|G|0|337|974|114973|0|0
676|G|1|338|874|20847|0|0
677|G|2|338|982|164111|0|0
678|G|0|339|975|121150|0|0
679|G|1|339|987|227885|0|0
680|G|2|340|912|31156|0|0
681|G|0|340|984|193851|0|0
682|G|1|341|896|26050|0|0
683|G|2|341|980|154395|0|0
684|G|0|342|986|212558|0|0
685|G|1|342|981|158014|0|0
686|G|2|343|904|28565|0|0
687|G|0|343|973|109186|0|0
688|G|1|344|848|16860|0|0
689|G|2|344|969|96613|0|0
690|G|0|345|984|189125|0|0
691|G|1|345|975|119878|0|0
692|G|2|346|911|30941|0|0
693|G|0|346|978|139562|0|0
694|G|1|347|934|43085|0|0
695|G|2|347|973|108158|0|0
696|G|0|348|981|155039|0|0
697|G|1|348|970|100237|0|0
698|G|2|349|926|37948|0|0
699|G|0|349|971|102464|0|0
700|G|1|350|913|31648|0|0
701|G|2|350|981|160415|0|0
702|G|0|351|985|208006|0|0
703|G|1|351|985|203936|0|0
704|G|2|352|869|10026|1|1
705|G|0|352|756|4671|1|1
706|G|1|353|935|21679|1|0
707|G|2|353|928|19472|1|0
708|G|0|354|710|3690|1|1
709|G|1|354|857|9020|1|1
710|G|2|355|858|9071|1|1
711|G|0|355|948|27397|1|1
712|G|1|356|740|8568|1|1
713|G|2|356|741|8624|0|0
714|G|0|357|722|7828|0|1
715|G|1|357|726|7977|1|1
716|G|2|358|751|9087|0|1
717|G|0|358|823|14025|1|1
718|G|1|359|778|10567|0|1
719|G|2|359|782|10789|1|1
720|G|0|360|812|12963|1|1
721|G|1|360|823|14003|1|1
722|G|2|361|800|12073|1|1
723|G|0|361|717|7635|1|1
724|G|1|362|818|13527|1|1
725|G|2|362|815|13296|1|1
726|G|0|363|790|11319|1|1
727|G|1|363|817|13480|0|1
728|G|2|364|801|12138|1|1
729|G|0|364|812|12981|1|1
730|G|1|365|765|9768|1|1
731|G|2|365|715|7558|0|0
732|G|0|366|728|8032|1|1
733|G|1|366|827|14344|1|1
734|G|2|367|772|10186|1|1
735|G|0|367|727|8015|0|1
736|G|1|368|753|9169|1|1
737|G|2|368|749|8956|1|1
738|G|0|369|824|14125|1|1
739|G|1|369|796|11742|1|1
740|G|2|370|802|12205|1|1
741|G|0|370|817|13415|1|1
742|G|1|371|792|11460|1|1
743|G|2|371|814|13149|1|1
744|G|0|372|730|8119|1|1
745|G|1|372|777|10503|0|1
746|G|2|373|746|8818|0|1
747|G|0|373|830|14708|1|1
748|G|1|374|822|13880|1|1
749|G|2|374|827|14407|1|1
750|G|0|375|798|11904|1|1
751|G|1|375|733|8265|0|0
752|G|2|376|828|14463|1|1
753|G|0|376|793|11533|1|1
754|G|1|377|789|11255|1|1
755|G|2|377|722|7826|1|1
756|G|0|378|781|10702|1|1
757|G|1|378|786|11082|1|1
758|G|2|379|832|14891|1|1
759|G|0|379|778|10573|1|1
760|G|1|380|776|10435|1|1
761|G|2|380|718|7676|0|0
762|G|0|381|807|12547|1|1
763|G|1|381|810|12844|0|1
764|G|2|382|811|12920|0|1
765|G|0|382|832|14924|1|1
766|G|1|383|753|9187|0|1
767|G|2|383|754|9220|0|1
768|G|0|384|802|12182|0|1
769|G|1|384|772|10185|0|1
770|G|2|385|767|9926|1|1
771|G|0|385|774|10326|1|1
772|G|1|386|825|14226|1|1
773|G|2|386|830|14723|1|1
774|G|0|387|739|8513|1|1
775|G|1|387|772|10209|1|1
776|G|2|388|769|9992|1|1
777|G|0|388|773|10254|0|1
778|G|1|389|719|7702|0|0
779|G|2|389|827|14378|1|1
780|G|0|390|764|9741|0|1
781|G|1|390|767|9931|1|1
782|G|2|391|829|14582|1|1
783|G|0|391|804|12347|1|1
784|G|1|392|804|12328|1|1
785|G|2|392|803|12282|1|1
786|G|0|393|831|14764|1|1
787|G|1|393|773|10268|1|1
788|G|2|394|741|8589|1|1
789|G|0|394|784|10926|1|1
790|G|1|395|774|10288|1|1
791|G|2|395|832|14953|1|1
792|G|0|396|813|13060|1|1
793|G|1|396|803|12292|0|1
794|G|2|397|822|13929|0|1
795|G|0|397|826|14282|1|1
796|G|1|398|818|13519|1|1
797|G|2|398|813|13093|1|1
798|G|0|399|794|11612|1|1
799|G|1|399|788|11193|1|1
10003|F|1|110003|798|1993|1|1
800|G|2|400|749|8979|0|1
801|G|0|400|759|9452|1|1
802|G|1|401|711|7383|1|1
803|G|2|401|815|13253|1|1
804|G|0|402|810|12808|1|1
805|G|1|402|733|8263|1|1
806|G|2|403|816|13331|0|1
807|G|0|403|830|14679|1|1
808|G|1|404|830|14680|1|1
809|G|2|404|804|12322|1|1
810|G|0|405|727|8009|1|1
811|G|1|405|795|11654|1|1
812|G|2|406|801|12132|1|1
813|G|0|406|782|10782|0|1
814|G|1|407|787|11142|0|1
815|G|2|407|779|10616|0|0
816|G|0|408|811|12890|1|1
817|G|1|408|824|14073|0|1
818|G|2|409|730|8126|1|1
819|G|0|409|778|10568|0|1
820|G|1|410|782|10777|0|1
821|G|2|410|815|13277|1|1
822|G|0|411|785|11013|0|1
823|G|1|411|736|8397|1|1
824|G|2|412|777|10483|1|1
825|G|0|412|763|9698|1|1
826|G|1|413|813|13078|0|1
827|G|2|413|823|14044|1|1
828|G|0|414|828|14457|1|1
829|G|1|414|753|9191|0|1
830|G|2|415|818|13508|1|1
831|G|0|415|734|8303|0|1
832|G|1|416|833|15006|0|1
833|G|2|416|809|12710|1|1
834|G|0|417|817|13476|1|1
835|G|1|417|784|10912|1|1
836|G|2|418|732|8227|1|1
837|G|0|418|826|14248|1|1
838|G|1|419|821|13782|0|1
839|G|2|419|773|10272|1|1
840|G|0|420|809|12768|0|1
841|G|1|420|736|8399|0|1
842|G|2|421|820|13706|1|1
843|G|0|421|820|13759|1|1
844|G|1|422|732|8210|1|1
845|G|2|422|806|12492|1|1
846|G|0|423|732|8229|1|1
847|G|1|423|706|7210|1|1
848|G|2|424|794|11608|1|1
849|G|0|424|752|9101|1|1
850|G|1|425|725|7947|0|0
851|G|2|425|759|9483|0|1
852|G|0|426|801|12150|0|1
853|G|1|426|779|10592|0|1
854|G|2|427|824|14121|0|1
855|G|0|427|822|13922|1|1
856|G|1|428|825|14165|1|1
857|G|2|428|822|13906|0|1
858|G|0|429|773|10234|0|0
859|G|1|429|747|8866|1|1
860|G|2|430|797|11820|1|1
861|G|0|430|794|11623|0|1
862|G|1|431|707|7256|0|1
863|G|2|431|757|9358|1|1
864|G|0|432|773|10267|0|1
865|G|1|432|748|8936|0|0
866|G|2|433|723|7854|1|1
867|G|0|433|809|12760|1|1
868|G|1|434|744|8719|0|1
869|G|2|434|802|12217|1|1
870|G|0|435|764|9721|0|1
871|G|1|435|740|8550|1|1
872|G|2|436|821|13851|0|1
873|G|0|436|807|12564|1|1
874|G|1|437|740|8544|1|1
875|G|2|437|790|11315|0|1
876|G|0|438|760|9512|1|1
877|G|1|438|762|9640|1|1
878|G|2|439|830|14658|1|1
879|G|0|439|768|9977|1|1
880|G|1|440|799|11941|1|1
881|G|2|440|788|11174|1|1
882|G|0|441|820|13716|1|1
883|G|1|441|830|14676|1|1
884|G|2|442|761|9578|1|1
885|G|0|442|740|8555|1|1
886|G|1|443|820|13700|1|1
887|G|2|443|751|9090|0|1
888|G|0|444|761|9581|1|1
889|G|1|444|834|15088|0|1
890|G|2|445|820|13672|1|1
891|G|0|445|794|11624|1|1
892|G|1|446|811|12912|1|1
893|G|2|446|818|13544|1|1
894|G|0|447|786|11035|1|1
895|G|1|447|760|9539|1|1
896|G|2|448|726|7952|0|1
897|G|0|448|757|9364|1|1
898|G|1|449|794|11633|1|1
899|G|2|449|812|12996|0|1
900|G|0|450|751|9089|0|0
901|G|1|450|802|12202|1|1
902|G|2|451|813|13107|1|1
903|G|0|451|758|9397|1|1
904|G|1|452|816|13355|1|1
905|G|2|452|762|9616|0|1
906|G|0|453|705|7195|0|0
907|G|1|453|825|14232|0|1
908|G|2|454|808|12657|1|1
909|G|0|454|832|14960|1|1
910|G|1|455|814|6600|1|1
911|G|2|455|846|8265|1|1
912|G|0|456|911|15354|1|1
913|G|1|456|853|8757|1|1
914|G|2|457|908|14931|1|1
915|G|0|457|878|10837|1|1
916|G|1|458|927|19123|1|1
917|G|2|458|885|11633|1|1
918|G|0|459|887|11836|1|1
919|G|1|459|747|4449|1|1
920|G|2|460|836|7657|1|1
921|G|0|460|879|10962|1|1
922|G|1|461|877|10759|1|1
923|G|2|461|842|8041|1|1
924|G|0|462|845|8234|1|1
925|G|1|462|739|4267|1|1
926|G|2|463|857|9007|1|1
927|G|0|463|891|12370|1|1
928|G|1|464|836|7694|1|1
929|G|2|464|798|5949|1|1
930|G|0|465|837|7733|1|1
931|G|1|465|827|7212|1|1
932|G|2|466|889|12130|1|1
933|G|0|466|848|8371|1|1
934|G|1|467|871|10150|1|1
935|G|2|467|839|7825|1|1
936|G|0|468|841|7934|1|1
937|G|1|468|886|11674|1|1
938|G|2|469|842|8052|1|1
939|G|0|469|919|17201|1|1
940|G|1|470|868|9876|1|1
941|G|2|470|857|9019|1|1
942|G|0|471|777|5246|1|1
943|G|1|471|882|11272|1|1
944|G|2|472|804|6167|1|1
945|G|0|472|876|10684|1|1
946|G|1|473|879|10943|1|1
947|G|2|473|825|7087|1|1
948|G|0|474|869|9968|1|1
949|G|1|474|792|5723|1|1
950|G|2|475|899|13401|1|1
951|G|0|475|771|5053|1|1
952|G|1|476|802|6099|1|1
953|G|2|476|850|8526|1|1
954|G|0|477|906|14608|1|1
955|G|1|477|898|13245|1|1
956|G|2|478|888|11942|1|1
957|G|0|478|899|13355|1|1
958|G|1|479|877|10745|1|1
959|G|2|479|764|4874|1|1
960|G|0|480|898|13241|1|1
961|G|1|480|723|3932|1|1
962|G|2|481|706|3605|1|1
963|G|0|481|838|7793|1|1
964|G|1|482|903|13985|1|1
965|G|2|482|858|9088|1|1
966|G|0|483|880|11054|1|1
967|G|1|483|850|8514|1|1
968|G|2|484|878|10798|1|1
969|G|0|484|828|7269|1|1
970|G|1|485|897|13129|1|1
971|G|2|485|720|3860|1|1
972|G|0|486|751|4530|1|1
973|G|1|486|849|8435|1|1
974|G|2|487|843|8110|1|1
975|G|0|487|896|13034|1|1
976|G|1|488|860|9288|1|1
977|G|2|488|866|9754|1|1
978|G|0|489|903|14072|1|1
979|G|1|489|856|8950|1|1
980|G|2|490|921|17679|1|1
981|G|0|490|743|4342|1|1
982|G|1|491|864|9586|1|1
983|G|2|491|933|21026|1|1
984|G|0|492|913|15824|1|1
985|G|1|492|876|10683|1|1
986|G|2|493|839|7863|1|1
987|G|0|493|876|10693|1|1
988|G|1|494|767|4942|1|1
989|G|2|494|869|9954|1|1
990|G|0|495|907|14691|1|1
991|G|1|495|897|13077|1|1
992|G|2|496|873|10394|1|1
993|G|0|496|795|5820|1|1
994|G|1|497|880|11021|1|1
995|G|2|497|772|5101|1|1
996|G|0|498|714|3755|1|1
997|G|1|498|729|4040|1|1
998|G|2|499|816|6682|1|1
999|G|0|499|725|3955|1|1
10004|F|2|110004|798|1993|1|1
1000|G|1|500|934|21392|1|1
1001|G|2|500|854|8835|1|1
1002|G|0|501|885|11652|1|1
1003|G|1|501|912|15565|1|1
1004|G|2|502|862|9386|1|1
1005|G|0|502|740|4288|1|1
1006|G|1|503|869|9965|1|1
1007|G|2|503|844|8168|1|1
1008|G|0|504|905|14402|1|1
1009|G|1|504|930|20157|1|1
1010|G|2|505|795|5832|1|1
1011|G|0|505|772|5085|1|1
1012|G|1|506|853|8732|1|1
1013|G|2|506|802|6078|1|1
1014|G|0|507|863|9487|1|1
1015|G|1|507|881|11136|1|1
1016|G|2|508|896|12935|1|1
1017|G|0|508|822|6952|1|1
1018|G|1|509|891|12314|1|1
1019|G|2|509|880|11052|1|1
1020|G|0|510|823|7014|1|1
1021|G|1|510|909|15149|1|1
1022|G|2|511|777|5236|1|1
1023|G|0|511|924|18269|1|1
1024|G|1|512|754|4617|1|1
1025|G|2|512|800|6004|1|1
1026|G|0|513|834|7538|1|1
1027|G|1|513|820|6855|1|1
1028|G|2|514|824|7052|1|1
1029|G|0|514|852|8691|1|1
1030|G|1|515|902|13813|1|1
1031|G|2|515|923|18190|1|1
1032|G|0|516|872|10255|1|1
1033|G|1|516|746|4425|1|1
1034|G|2|517|719|3857|1|1
1035|G|0|517|720|3867|1|1
1036|G|1|518|828|7261|1|1
1037|G|2|518|872|10255|1|1
1038|G|0|519|850|8549|1|1
1039|G|1|519|844|8170|1|1
1040|G|2|520|734|4146|1|1
1041|G|0|520|891|12351|1|1
1042|G|1|521|784|5476|1|1
1043|G|2|521|862|9435|1|1
1044|G|0|522|805|6199|1|1
1045|G|1|522|830|7370|1|1
1046|G|2|523|814|6603|1|1
1047|G|0|523|822|6937|1|1
1048|G|1|524|735|4179|1|1
1049|G|2|524|818|6768|1|1
1050|G|0|525|705|3588|1|1
1051|G|1|525|788|5603|1|1
1052|G|2|526|831|7413|1|1
1053|G|0|526|842|8004|1|1
1054|G|1|527|707|3633|1|1
1055|G|2|527|853|8725|1|1
1056|G|0|528|873|10314|1|1
1057|G|1|528|742|4335|1|1
1058|G|2|529|724|3942|1|1
1059|G|0|529|909|15051|1|1
1060|G|1|530|711|3708|1|1
1061|G|2|530|814|6596|1|1
1062|G|0|531|909|15135|1|1
1063|G|1|531|822|6950|1|1
1064|G|2|532|864|9544|1|1
1065|G|0|532|804|6165|1|1
1066|G|1|533|878|10861|1|1
1067|G|2|533|722|3914|1|1
1068|G|0|534|789|5636|1|1
1069|G|1|534|859|9154|1|1
1070|G|2|535|817|6732|1|1
1071|G|0|535|895|12877|1|1
1072|G|1|536|813|6560|1|1
1073|G|2|536|803|6123|1|1
1074|G|0|537|853|8725|1|1
1075|G|1|537|876|10662|1|1
1076|G|2|538|890|12180|1|1
1077|G|0|538|893|12645|1|1
1078|G|1|539|776|5218|1|1
1079|G|2|539|900|13643|1|1
1080|G|0|540|746|4408|1|1
1081|G|1|540|861|9345|1|1
1082|G|2|541|717|3816|1|1
1083|G|0|541|862|9444|1|1
1084|G|1|542|915|16320|1|1
1085|G|2|542|909|15115|1|1
1086|G|0|543|864|9543|1|1
1087|G|1|543|719|3849|1|1
1088|G|2|544|889|12022|1|1
1089|G|0|544|875|21036|1|1
1090|G|1|545|724|7874|1|1
1091|G|2|545|869|20050|1|1
1092|G|0|546|883|22646|1|1
1093|G|1|546|871|20429|1|1
1094|G|2|547|842|16004|1|1
1095|G|0|547|855|17778|1|1
1096|G|1|548|870|20250|1|1
1097|G|2|548|870|20211|1|1
1098|G|0|549|887|23583|1|1
1099|G|1|549|823|14016|1|1
1100|G|2|550|865|19229|1|1
1101|G|0|550|728|8046|0|0
1102|G|1|551|712|7434|0|0
1103|G|2|551|869|19971|1|1
1104|G|0|552|853|17543|1|1
1105|G|1|552|884|22881|1|1
1106|G|2|553|863|19005|1|1
1107|G|0|553|778|10520|1|1
1108|G|1|554|828|14498|1|1
1109|G|2|554|889|24167|1|1
1110|G|0|555|798|11923|1|1
1111|G|1|555|802|12185|0|0
1112|G|2|556|828|14490|1|1
1113|G|0|556|892|24910|1|1
1114|G|1|557|860|18458|1|1
1115|G|2|557|783|10856|1|1
1116|G|0|558|820|13710|0|1
1117|G|1|558|862|18881|1|1
1118|G|2|559|887|23683|1|1
1119|G|0|559|780|10667|1|1
1120|G|1|560|855|17823|1|1
1121|G|2|560|878|21614|1|1
1122|G|0|561|887|23576|1|1
1123|G|1|561|826|14265|0|1
1124|G|2|562|881|22385|1|1
1125|G|0|562|746|8812|0|0
1126|G|1|563|793|11536|1|1
1127|G|2|563|884|23083|1|1
1128|G|0|564|854|17571|1|1
1129|G|1|564|882|22487|1|1
1130|G|2|565|864|19171|1|1
1131|G|0|565|881|22413|1|1
1132|G|1|566|872|20572|1|1
1133|G|2|566|873|20648|1|1
1134|G|0|567|847|16715|1|1
1135|G|1|567|831|14838|1|1
1136|G|2|568|848|16774|1|1
1137|G|0|568|733|8264|0|1
1138|G|1|569|740|8562|0|1
1139|G|2|569|806|12465|1|1
1140|G|0|570|734|8311|0|0
1141|G|1|570|873|20730|1|1
1142|G|2|571|758|9446|1|1
1143|G|0|571|890|24314|1|1
1144|G|1|572|869|19968|1|1
1145|G|2|572|884|22972|1|1
1146|G|0|573|774|10298|1|1
1147|G|1|573|876|21240|1|1
1148|G|2|574|839|15738|1|1
1149|G|0|574|877|21532|1|1
1150|G|1|575|870|20117|1|1
1151|G|2|575|859|18304|1|1
1152|G|0|576|851|17228|1|1
1153|G|1|576|883|22845|1|1
1154|G|2|577|788|11204|0|1
1155|G|0|577|843|16194|0|1
1156|G|1|578|803|12305|1|1
1157|G|2|578|869|20061|1|1
1158|G|0|579|872|20439|1|1
1159|G|1|579|891|24713|1|1
1160|G|2|580|753|9180|1|1
1161|G|0|580|730|8139|0|0
1162|G|1|581|779|10630|1|1
1163|G|2|581|707|7262|0|1
1164|G|0|582|781|10734|1|1
1165|G|1|582|872|20501|1|1
1166|G|2|583|884|23044|1|1
1167|G|0|583|872|20614|1|1
1168|G|1|584|860|18581|1|1
1169|G|2|584|761|9593|1|1
1170|G|0|585|874|20941|1|1
1171|G|1|585|883|22777|1|1
1172|G|2|586|753|9170|0|1
1173|G|0|586|855|17750|1|1
1174|G|1|587|774|10280|1|1
1175|G|2|587|836|15295|1|1
1176|G|0|588|889|24101|1|1
1177|G|1|588|854|17667|1|1
1178|G|2|589|878|21777|1|1
1179|G|0|589|731|8194|0|1
1180|G|1|590|850|17099|1|1
1181|G|2|590|810|12873|1|1
1182|G|0|591|873|20809|1|1
1183|G|1|591|771|10122|1|1
1184|G|2|592|812|12961|1|1
1185|G|0|592|836|15364|0|1
1186|G|1|593|773|10235|0|1
1187|G|2|593|725|7925|0|0
1188|G|0|594|758|9428|0|1
1189|G|1|594|892|24876|1|1
1190|G|2|595|795|11684|1|1
1191|G|0|595|876|21210|1|1
1192|G|1|596|740|8555|1|1
1193|G|2|596|856|17909|1|1
1194|G|0|597|787|11140|1|1
1195|G|1|597|870|20166|1|1
1196|G|2|598|879|21903|1|1
1197|G|0|598|882|22544|1|1
1198|G|1|599|879|21861|1|1
1199|G|2|599|791|11407|1|1
10005|F|0|110005|799|1997|1|1
1200|G|0|600|879|21970|1|1
1201|G|1|600|879|21911|1|1
1202|G|2|601|743|8712|1|1
1203|G|0|601|862|18768|1|1
1204|G|1|602|860|18535|1|1
1205|G|2|602|873|20643|1|1
1206|G|0|603|886|23473|1|1
1207|G|1|603|886|23364|1|1
1208|G|2|604|873|20776|1|1
1209|G|0|604|870|20199|1|1
1210|G|1|605|884|22984|1|1
1211|G|2|605|803|12296|1|1
1212|G|0|606|874|20930|1|1
1213|G|1|606|873|20799|1|1
1214|G|2|607|816|13328|1|1
1215|G|0|607|779|10630|0|1
1216|G|1|608|736|8399|1|1
1217|G|2|608|762|9653|0|1
1218|G|0|609|798|11867|1|1
1219|G|1|609|888|23862|1|1
1220|G|2|610|889|24158|1|1
1221|G|0|610|882|22438|1|1
1222|G|1|611|756|9321|0|1
1223|G|2|611|777|10456|1|1
1224|G|0|612|828|14456|0|1
1225|G|1|612|847|16640|1|1
1226|G|2|613|767|9910|1|1
1227|G|0|613|876|21278|1|1
1228|G|1|614|823|14023|1|1
1229|G|2|614|886|23409|1|1
1230|G|0|615|886|23343|1|1
1231|G|1|615|855|17797|1|1
1232|G|2|616|814|13186|1|1
1233|G|0|616|866|19446|1|1
1234|G|1|617|887|23644|1|1
1235|G|2|617|886|23407|1|1
1236|G|0|618|753|9167|1|1
1237|G|1|618|878|21669|1|1
1238|G|2|619|882|22599|1|1
1239|G|0|619|850|17077|1|1
1240|G|1|620|838|15531|1|1
1241|G|2|620|887|23666|1|1
1242|G|0|621|749|8980|1|1
1243|G|1|621|857|18077|1|1
1244|G|2|622|761|9581|1|1
1245|G|0|622|885|23093|1|1
1246|G|1|623|762|9648|1|1
1247|G|2|623|747|8888|1|1
1248|G|0|624|847|16634|1|1
1249|G|1|624|833|14992|1|1
1250|G|2|625|830|14667|1|1
1251|G|0|625|819|13597|1|1
1252|G|1|626|885|23151|1|1
1253|G|2|626|878|21792|1|1
1254|G|0|627|862|18814|1|1
1255|G|1|627|745|8778|0|1
1256|G|2|628|847|16671|1|1
1257|G|0|628|792|11443|1|1
1258|G|1|629|840|15779|1|1
1259|G|2|629|774|10294|0|1
1260|G|0|630|879|21840|1|1
1261|G|1|630|888|23790|1|1
1262|G|2|631|792|11435|1|1
1263|G|0|631|782|10811|1|1
1264|G|1|632|837|15472|1|1
1265|G|2|632|877|21422|1|1
1266|G|0|633|756|9328|1|1
1267|G|1|633|739|8502|1|1
1268|G|2|634|845|16469|1|1
1269|G|0|634|838|15621|0|1
1270|G|1|635|830|14653|0|1
1271|G|2|635|847|16637|1|1
1272|G|0|636|881|22316|1|1
1273|G|1|636|750|9012|0|1
1274|G|2|637|791|11367|1|1
1275|G|0|637|799|11973|1|1
1276|G|1|638|841|15946|1|1
1277|G|2|638|855|17734|1|1
1278|G|0|639|789|11278|0|1
1279|G|1|639|862|18786|1|1
1280|G|2|640|821|13766|0|1
1281|G|0|640|889|24194|1|1
1282|G|1|641|843|16113|1|1
1283|G|2|641|788|11151|0|1
1284|G|0|642|869|20000|1|1
1285|G|1|642|881|22332|1|1
1286|G|2|643|794|11602|0|1
1287|G|0|643|722|7798|0|0
1288|G|1|644|889|24140|1|1
1289|G|2|644|750|9037|0|1
1290|G|0|645|849|16889|1|1
1291|G|1|645|889|24099|1|1
1292|G|2|646|880|22013|1|1
1293|G|0|646|886|23426|1|1
1294|G|1|647|877|21467|1|1
1295|G|2|647|891|24728|1|1
1296|G|0|648|864|19108|1|1
1297|G|1|648|817|13428|1|1
1298|G|2|649|890|24281|1|1
1299|G|0|649|871|20397|1|1
1300|G|1|650|822|13912|1|1
1301|G|2|650|792|11428|0|1
1302|G|0|651|764|9736|1|1
1303|G|1|651|833|15004|1|1
1304|G|2|652|853|17518|1|1
1305|G|0|652|878|21644|1|1
1306|G|1|653|864|19155|1|1
1307|G|2|653|861|18651|1|1
1308|G|0|654|800|12059|1|1
1309|G|1|654|877|21551|1|1
1310|G|2|655|779|10622|0|1
1311|G|0|655|880|22032|1|1
1312|G|1|656|884|23012|1|1
1313|G|2|656|804|12344|0|1
1314|G|0|657|864|19210|1|1
1315|G|1|657|808|12678|0|1
1316|G|2|658|791|11408|1|1
1317|G|0|658|848|16812|1|1
1318|G|1|659|871|20407|1|1
1319|G|2|659|885|23190|1|1
1320|G|0|660|877|21437|1|1
1321|G|1|660|873|20789|1|1
1322|G|2|661|868|19728|1|1
1323|G|0|661|886|23548|1|1
1324|G|1|662|881|22397|1|1
1325|G|2|662|884|23002|1|1
1326|G|0|663|825|14230|1|1
1327|G|1|663|853|17425|1|1
1328|G|2|664|874|20889|1|1
1329|G|0|664|811|12911|1|1
1330|G|1|665|862|18850|0|1
1331|G|2|665|843|16155|1|1
1332|G|0|666|746|8815|1|1
1333|G|1|666|769|9994|1|1
1334|G|2|667|732|8206|0|0
1335|G|0|667|771|10117|0|1
1336|G|1|668|771|10108|1|1
1337|G|2|668|835|15286|1|1
1338|G|0|669|718|7653|1|1
1339|G|1|669|724|7879|0|1
1340|G|2|670|871|20322|1|1
1341|G|0|670|837|15493|1|1
1342|G|1|671|849|16880|1|1
1343|G|2|671|889|24105|1|1
1344|G|0|672|884|23033|1|1
1345|G|1|672|842|16100|1|1
1346|G|2|673|851|17170|1|1
1347|G|0|673|871|20338|1|1
1348|G|1|674|870|20203|1|1
1349|G|2|674|837|15498|1|1
1350|G|0|675|817|13468|1|1
1351|G|1|675|728|8034|1|1
1352|G|2|676|754|9243|1|1
1353|G|0|676|887|23580|1|1
1354|G|1|677|890|24296|1|1
1355|G|2|677|834|15149|1|1
1356|G|0|678|886|23334|1|1
1357|G|1|678|752|9123|0|1
1358|G|2|679|776|10447|0|1
1359|G|0|679|880|22170|1|1
1360|G|1|680|874|20846|1|1
1361|G|2|680|767|9893|0|0
1362|G|0|681|850|17082|1|1
1363|G|1|681|886|23376|1|1
1364|G|2|682|885|23094|1|1
1365|G|0|682|854|17673|1|1
1366|G|1|683|796|11770|1|1
1367|G|2|683|878|21784|1|1
1368|G|0|684|862|18741|1|1
1369|G|1|684|814|13132|1|1
1370|G|2|685|723|7838|1|1
1371|G|0|685|754|9234|0|1
1372|G|1|686|769|10028|0|1
1373|G|2|686|846|16519|0|1
1374|G|0|687|768|9977|0|1
1375|G|1|687|804|12337|0|1
1376|G|2|688|828|14529|1|1
1377|G|0|688|747|8876|0|1
1378|G|1|689|868|19830|1|1
1379|G|2|689|714|7493|0|0
1380|G|0|690|828|14449|1|1
1381|G|1|690|743|8716|0|1
1382|G|2|691|740|8542|0|1
1383|G|0|691|768|9979|1|1
1384|G|1|692|855|17762|1|1
1385|G|2|692|886|23377|1|1
1386|G|0|693|828|14455|1|1
1387|G|1|693|861|18674|1|1
1388|G|2|694|850|17047|1|1
1389|G|0|694|849|16968|1|1
1390|G|1|695|830|14677|1|1
1391|G|2|695|859|18348|1|1
1392|G|0|696|885|23162|1|1
1393|G|1|696|784|10907|0|1
1394|G|2|697|806|12474|0|1
1395|G|0|697|759|9471|1|1
1396|G|1|698|876|21341|1|1
1397|G|2|698|859|18306|1|1
1398|G|0|699|871|20271|1|1
1399|G|1|699|864|19178|1|1
10006|F|1|110006|800|2000|1|1
1400|G|2|700|881|22330|1|1
1401|G|0|700|813|13072|1|1
1402|G|1|701|852|17292|1|1
1403|G|2|701|780|10665|1|1
1404|G|0|702|784|10926|1|1
1405|G|1|702|889|24210|1|1
1406|G|2|703|844|16333|0|1
1407|G|0|703|833|15043|1|1
1408|G|1|704|844|16254|0|1
1409|G|2|704|719|7703|0|0
1410|G|0|705|872|20561|1|1
1411|G|1|705|739|8510|0|1
1412|G|2|706|842|16042|1|1
1413|G|0|706|850|17109|0|1
1414|G|1|707|804|12383|1|1
1415|G|2|707|891|24627|1|1
1416|G|0|708|745|8770|0|0
1417|G|1|708|886|23503|1|1
1418|G|2|709|856|17899|1|1
1419|G|0|709|707|7246|0|1
1420|G|1|710|856|17836|0|1
1421|G|2|710|796|11714|1|1
1422|G|0|711|763|9669|0|1
1423|G|1|711|793|11502|1|1
1424|G|2|712|776|10432|1|1
1425|G|0|712|764|9744|1|1
1426|G|1|713|795|11638|0|1
1427|G|2|713|829|14616|1|1
1428|G|0|714|830|14743|1|1
1429|G|1|714|877|21422|1|1
1430|G|2|715|856|17845|1|1
1431|G|0|715|859|18405|1|1
1432|G|1|716|801|12093|1|1
1433|G|2|716|891|24540|1|1
1434|G|0|717|882|22435|1|1
1435|G|1|717|788|11218|1|1
1436|G|2|718|720|7752|0|1
1437|G|0|718|850|17037|1|1
1438|G|1|719|733|8248|0|1
1439|G|2|719|869|20055|1|1
1440|G|0|720|755|9278|1|1
1441|G|1|720|866|19530|1|1
1442|G|2|721|837|15495|1|1
1443|G|0|721|743|8709|0|1
1444|G|1|722|853|17462|1|1
1445|G|2|722|801|12130|0|1
1446|G|0|723|755|9266|0|1
1447|G|1|723|866|19433|1|1
1448|G|2|724|749|8977|1|1
1449|G|0|724|891|24734|1|1
1450|G|1|725|882|22544|1|1
1451|G|2|725|847|16681|1|1
1452|G|0|726|782|10804|1|1
1453|G|1|726|836|15314|0|1
1454|G|2|727|864|19135|1|1
1455|G|0|727|787|11108|0|1
1456|G|1|728|799|11930|1|1
1457|G|2|728|878|21611|1|1
1458|G|0|729|775|10340|1|1
1459|G|1|729|859|18386|0|1
1460|G|2|730|859|18386|1|1
1461|G|0|730|781|10704|0|1
1462|G|1|731|858|18193|1|1
1463|G|2|731|756|9331|1|1
1464|G|0|732|824|14133|0|1
1465|G|1|732|819|13601|0|1
1466|G|2|733|878|21781|1|1
1467|G|0|733|849|16927|0|1
1468|G|1|734|783|10873|1|1
1469|G|2|734|713|7454|1|1
1470|G|0|735|811|12883|1|1
1471|G|1|735|883|22711|1|1
1472|G|2|736|719|7703|1|1
1473|G|0|736|860|18528|1|1
1474|G|1|737|757|9360|1|1
1475|G|2|737|861|18611|1|1
1476|G|0|738|751|9094|0|1
1477|G|1|738|888|24005|1|1
1478|G|2|739|881|22247|1|1
1479|G|0|739|879|21918|1|1
1480|G|1|740|870|20130|1|1
1481|G|2|740|748|8906|1|1
1482|G|0|741|751|9060|1|1
1483|G|1|741|825|14187|1|1
1484|G|2|742|886|23405|1|1
1485|G|0|742|832|14876|0|1
1486|G|1|743|745|8804|0|0
1487|G|2|743|874|20980|1|1
1488|G|0|744|870|20207|1|1
1489|G|1|744|880|22156|1|1
1490|G|2|745|781|10723|1|1
1491|G|0|745|740|8574|0|1
1492|G|1|746|860|18516|1|1
1493|G|2|746|797|11821|1|1
1494|G|0|747|867|19567|1|1
1495|G|1|747|725|7918|1|1
1496|G|2|748|856|17904|0|1
1497|G|0|748|865|19244|1|1
1498|G|1|749|810|12802|0|1
1499|G|2|749|893|25057|1|1
1500|G|0|750|880|22192|1|1
1501|G|1|750|853|17464|1|1
1502|G|2|751|872|20486|1|1
1503|G|0|751|835|15194|0|1
1504|G|1|752|884|22865|1|1
1505|G|2|752|814|13141|1|1
1506|G|0|753|802|12228|1|1
1507|G|1|753|838|15523|1|1
1508|G|2|754|891|24747|1|1
1509|G|0|754|886|23453|1|1
1510|G|1|755|862|18845|1|1
1511|G|2|755|850|17114|1|1
1512|G|0|756|878|21743|1|1
1513|G|1|756|879|21869|1|1
1514|G|2|757|805|12449|1|1
1515|G|0|757|875|21121|1|1
1516|G|1|758|837|15418|1|1
1517|G|2|758|776|10412|1|1
1518|G|0|759|771|10151|0|0
1519|G|1|759|853|17435|1|1
1520|G|2|760|875|21101|1|1
1521|G|0|760|869|19943|1|1
1522|G|1|761|858|18269|1|1
1523|G|2|761|891|24563|1|1
1524|G|0|762|873|10398|0|0
1525|G|1|762|928|19528|0|0
1526|G|2|763|881|11113|0|0
1527|G|0|763|771|5062|0|0
1528|G|1|764|886|11763|0|0
1529|G|2|764|911|15544|0|0
1530|G|0|765|873|10367|0|0
1531|G|1|765|759|4746|0|0
1532|G|2|766|845|8193|0|0
1533|G|0|766|754|4613|0|0
1534|G|1|767|791|5706|0|0
1535|G|2|767|756|4657|0|0
1536|G|0|768|830|7345|0|0
1537|G|1|768|889|12117|0|0
1538|G|2|769|790|5670|0|0
1539|G|0|769|863|18898|0|0
1540|G|1|770|974|114971|0|0
1541|G|2|770|874|20854|0|0
1542|G|0|771|982|164110|0|0
1543|G|1|771|975|121120|0|0
1544|G|2|772|987|227888|0|0
1545|G|0|772|912|31140|0|0
1546|G|1|773|984|193857|0|0
1547|G|2|773|896|25989|0|0
1548|G|0|774|980|154395|0|0
1549|G|1|774|986|212559|0|0
1550|G|2|775|981|158034|0|0
1551|G|0|775|904|28541|0|0
1552|G|1|776|973|109196|0|0
1553|G|2|776|848|16862|0|0
1554|G|0|777|969|96626|0|0
1555|G|1|777|984|189154|0|0
1556|G|2|778|975|119869|0|0
1557|G|0|778|911|30963|0|0
1558|G|1|779|978|139566|0|0
1559|G|2|779|934|43068|0|0
1560|G|0|780|973|108132|0|0
1561|G|1|780|981|155049|0|0
1562|G|2|781|970|100247|0|0
1563|G|0|781|926|37966|0|0
1564|G|1|782|971|102467|0|0
1565|G|2|782|913|31631|0|0
1566|G|0|783|981|160420|0|0
1567|G|1|783|985|208008|0|0
1568|G|2|784|985|203932|0|0
1569|G|0|784|878|10836|0|0
1570|G|1|785|928|19405|0|0
1571|G|2|785|879|10986|0|0
1572|G|0|786|770|5025|0|0
1573|G|1|786|887|11868|0|0
1574|G|2|787|912|15654|0|0
1575|G|0|787|873|10323|0|0
1576|G|1|788|760|4754|0|0
1577|G|2|788|845|8212|0|0
1578|G|0|789|763|4832|0|0
1579|G|1|789|782|5397|0|0
1580|G|2|790|748|4464|0|0
1581|G|0|790|827|7195|0|0
1582|G|1|791|890|12197|0|0
1583|G|2|791|788|5603|0|0
1584|G|0|792|862|18892|0|0
1585|G|1|792|974|114973|0|0
1586|G|2|793|874|20847|0|0
1587|G|0|793|982|164111|0|0
1588|G|1|794|975|121150|0|0
1589|G|2|794|987|227885|0|0
1590|G|0|795|912|31156|0|0
1591|G|1|795|984|193851|0|0
1592|G|2|796|896|26050|0|0
1593|G|0|796|980|154395|0|0
1594|G|1|797|986|212558|0|0
1595|G|2|797|981|158014|0|0
1596|G|0|798|904|28565|0|0
1597|G|1|798|973|109186|0|0
1598|G|2|799|848|16860|0|0
1599|G|0|799|969|96613|0|0
10007|F|2|110007|806|2024|1|1
1600|G|1|800|984|189125|0|0
1601|G|2|800|975|119878|0|0
1602|G|0|801|911|30941|0|0
1603|G|1|801|978|139562|0|0
1604|G|2|802|934|43085|0|0
1605|G|0|802|973|108158|0|0
1606|G|1|803|981|155039|0|0
1607|G|2|803|970|100237|0|0
1608|G|0|804|926|37948|0|0
1609|G|1|804|971|102464|0|0
1610|G|2|805|913|31648|0|0
1611|G|0|805|981|160415|0|0
1612|G|1|806|985|208006|0|0
1613|G|2|806|985|203936|0|0
1614|G|0|807|869|10026|1|1
1615|G|1|807|756|4671|1|1
1616|G|2|808|935|21679|1|0
1617|G|0|808|928|19472|1|0
1618|G|1|809|710|3690|1|1
1619|G|2|809|857|9020|1|1
1620|G|0|810|858|9071|1|1
1621|G|1|810|948|27397|1|1
1622|G|2|811|740|8568|1|1
1623|G|0|811|741|8624|0|0
1624|G|1|812|722|7828|0|1
1625|G|2|812|726|7977|1|1
1626|G|0|813|751|9087|0|1
1627|G|1|813|823|14025|1|1
1628|G|2|814|778|10567|0|1
1629|G|0|814|782|10789|1|1
1630|G|1|815|812|12963|1|1
1631|G|2|815|823|14003|1|1
1632|G|0|816|800|12073|1|1
1633|G|1|816|717|7635|1|1
1634|G|2|817|818|13527|1|1
1635|G|0|817|815|13296|1|1
1636|G|1|818|790|11319|1|1
1637|G|2|818|817|13480|0|1
1638|G|0|819|801|12138|1|1
1639|G|1|819|812|12981|1|1
1640|G|2|820|765|9768|1|1
1641|G|0|820|715|7558|0|0
1642|G|1|821|728|8032|1|1
1643|G|2|821|827|14344|1|1
1644|G|0|822|772|10186|1|1
1645|G|1|822|727|8015|0|1
1646|G|2|823|753|9169|1|1
1647|G|0|823|749|8956|1|1
1648|G|1|824|824|14125|1|1
1649|G|2|824|796|11742|1|1
1650|G|0|825|802|12205|1|1
1651|G|1|825|817|13415|1|1
1652|G|2|826|792|11460|1|1
1653|G|0|826|814|13149|1|1
1654|G|1|827|730|8119|1|1
1655|G|2|827|777|10503|0|1
1656|G|0|828|746|8818|0|1
1657|G|1|828|830|14708|1|1
1658|G|2|829|822|13880|1|1
1659|G|0|829|827|14407|1|1
1660|G|1|830|798|11904|1|1
1661|G|2|830|733|8265|0|0
1662|G|0|831|828|14463|1|1
1663|G|1|831|793|11533|1|1
1664|G|2|832|789|11255|1|1
1665|G|0|832|722|7826|1|1
1666|G|1|833|781|10702|1|1
1667|G|2|833|786|11082|1|1
1668|G|0|834|832|14891|1|1
1669|G|1|834|778|10573|1|1
1670|G|2|835|776|10435|1|1
1671|G|0|835|718|7676|0|0
1672|G|1|836|807|12547|1|1
1673|G|2|836|810|12844|0|1
1674|G|0|837|811|12920|0|1
1675|G|1|837|832|14924|1|1
1676|G|2|838|753|9187|0|1
1677|G|0|838|754|9220|0|1
1678|G|1|839|802|12182|0|1
1679|G|2|839|772|10185|0|1
1680|G|0|840|767|9926|1|1
1681|G|1|840|774|10326|1|1
1682|G|2|841|825|14226|1|1
1683|G|0|841|830|14723|1|1
1684|G|1|842|739|8513|1|1
1685|G|2|842|772|10209|1|1
1686|G|0|843|769|9992|1|1
1687|G|1|843|773|10254|0|1
1688|G|2|844|719|7702|0|0
1689|G|0|844|827|14378|1|1
1690|G|1|845|764|9741|0|1
1691|G|2|845|767|9931|1|1
1692|G|0|846|829|14582|1|1
1693|G|1|846|804|12347|1|1
1694|G|2|847|804|12328|1|1
1695|G|0|847|803|12282|1|1
1696|G|1|848|831|14764|1|1
1697|G|2|848|773|10268|1|1
1698|G|0|849|741|8589|1|1
1699|G|1|849|784|10926|1|1
1700|G|2|850|774|10288|1|1
1701|G|0|850|832|14953|1|1
1702|G|1|851|813|13060|1|1
1703|G|2|851|803|12292|0|1
1704|G|0|852|822|13929|0|1
1705|G|1|852|826|14282|1|1
1706|G|2|853|818|13519|1|1
1707|G|0|853|813|13093|1|1
1708|G|1|854|794|11612|1|1
1709|G|2|854|788|11193|1|1
1710|G|0|855|749|8979|0|1
1711|G|1|855|759|9452|1|1
1712|G|2|856|711|7383|1|1
1713|G|0|856|815|13253|1|1
1714|G|1|857|810|12808|1|1
1715|G|2|857|733|8263|1|1
1716|G|0|858|816|13331|0|1
1717|G|1|858|830|14679|1|1
1718|G|2|859|830|14680|1|1
1719|G|0|859|804|12322|1|1
1720|G|1|860|727|8009|1|1
1721|G|2|860|795|11654|1|1
1722|G|0|861|801|12132|1|1
1723|G|1|861|782|10782|0|1
1724|G|2|862|787|11142|0|1
1725|G|0|862|779|10616|0|0
1726|G|1|863|811|12890|1|1
1727|G|2|863|824|14073|0|1
1728|G|0|864|730|8126|1|1
1729|G|1|864|778|10568|0|1
1730|G|2|865|782|10777|0|1
1731|G|0|865|815|13277|1|1
1732|G|1|866|785|11013|0|1
1733|G|2|866|736|8397|1|1
1734|G|0|867|777|10483|1|1
1735|G|1|867|763|9698|1|1
1736|G|2|868|813|13078|0|1
1737|G|0|868|823|14044|1|1
1738|G|1|869|828|14457|1|1
1739|G|2|869|753|9191|0|1
1740|G|0|870|818|13508|1|1
1741|G|1|870|734|8303|0|1
1742|G|2|871|833|15006|0|1
1743|G|0|871|809|12710|1|1
1744|G|1|872|817|13476|1|1
1745|G|2|872|784|10912|1|1
1746|G|0|873|732|8227|1|1
1747|G|1|873|826|14248|1|1
1748|G|2|874|821|13782|0|1
1749|G|0|874|773|10272|1|1
1750|G|1|875|809|12768|0|1
1751|G|2|875|736|8399|0|1
1752|G|0|876|820|13706|1|1
1753|G|1|876|820|13759|1|1
1754|G|2|877|732|8210|1|1
1755|G|0|877|806|12492|1|1
1756|G|1|878|732|8229|1|1
1757|G|2|878|706|7210|1|1
1758|G|0|879|794|11608|1|1
1759|G|1|879|752|9101|1|1
1760|G|2|880|725|7947|0|0
1761|G|0|880|759|9483|0|1
1762|G|1|881|801|12150|0|1
1763|G|2|881|779|10592|0|1
1764|G|0|882|824|14121|0|1
1765|G|1|882|822|13922|1|1
1766|G|2|883|825|14165|1|1
1767|G|0|883|822|13906|0|1
1768|G|1|884|773|10234|0|0
1769|G|2|884|747|8866|1|1
1770|G|0|885|797|11820|1|1
1771|G|1|885|794|11623|0|1
1772|G|2|886|707|7256|0|1
1773|G|0|886|757|9358|1|1
1774|G|1|887|773|10267|0|1
1775|G|2|887|748|8936|0|0
1776|G|0|888|723|7854|1|1
1777|G|1|888|809|12760|1|1
1778|G|2|889|744|8719|0|1
1779|G|0|889|802|12217|1|1
1780|G|1|890|764|9721|0|1
1781|G|2|890|740|8550|1|1
1782|G|0|891|821|13851|0|1
1783|G|1|891|807|12564|1|1
1784|G|2|892|740|8544|1|1
1785|G|0|892|790|11315|0|1
1786|G|1|893|760|9512|1|1
1787|G|2|893|762|9640|1|1
1788|G|0|894|830|14658|1|1
1789|G|1|894|768|9977|1|1
1790|G|2|895|799|11941|1|1
1791|G|0|895|788|11174|1|1
1792|G|1|896|820|13716|1|1
1793|G|2|896|830|14676|1|1
1794|G|0|897|761|9578|1|1
1795|G|1|897|740|8555|1|1
1796|G|2|898|820|13700|1|1
1797|G|0|898|751|9090|0|1
1798|G|1|899|761|9581|1|1
1799|G|2|899|834|15088|0|1
10008|F|0|110008|832|2255|1|1
1800|G|0|900|820|13672|1|1
1801|G|1|900|794|11624|1|1
1802|G|2|901|811|12912|1|1
1803|G|0|901|818|13544|1|1
1804|G|1|902|786|11035|1|1
1805|G|2|902|760|9539|1|1
1806|G|0|903|726|7952|0|1
1807|G|1|903|757|9364|1|1
1808|G|2|904|794|11633|1|1
1809|G|0|904|812|12996|0|1
1810|G|1|905|751|9089|0|0
1811|G|2|905|802|12202|1|1
1812|G|0|906|813|13107|1|1
1813|G|1|906|758|9397|1|1
1814|G|2|907|816|13355|1|1
1815|G|0|907|762|9616|0|1
1816|G|1|908|705|7195|0|0
1817|G|2|908|825|14232|0|1
1818|G|0|909|808|12657|1|1
1819|G|1|909|832|14960|1|1
1820|G|2|910|814|6600|1|1
1821|G|0|910|846|8265|1|1
1822|G|1|911|911|15354|1|1
1823|G|2|911|853|8757|1|1
1824|G|0|912|908|14931|1|1
1825|G|1|912|878|10837|1|1
1826|G|2|913|927|19123|1|1
1827|G|0|913|885|11633|1|1
1828|G|1|914|887|11836|1|1
1829|G|2|914|747|4449|1|1
1830|G|0|915|836|7657|1|1
1831|G|1|915|879|10962|1|1
1832|G|2|916|877|10759|1|1
1833|G|0|916|842|8041|1|1
1834|G|1|917|845|8234|1|1
1835|G|2|917|739|4267|1|1
1836|G|0|918|857|9007|1|1
1837|G|1|918|891|12370|1|1
1838|G|2|919|836|7694|1|1
1839|G|0|919|798|5949|1|1
1840|G|1|920|837|7733|1|1
1841|G|2|920|827|7212|1|1
1842|G|0|921|889|12130|1|1
1843|G|1|921|848|8371|1|1
1844|G|2|922|871|10150|1|1
1845|G|0|922|839|7825|1|1
1846|G|1|923|841|7934|1|1
1847|G|2|923|886|11674|1|1
1848|G|0|924|842|8052|1|1
1849|G|1|924|919|17201|1|1
1850|G|2|925|868|9876|1|1
1851|G|0|925|857|9019|1|1
1852|G|1|926|777|5246|1|1
1853|G|2|926|882|11272|1|1
1854|G|0|927|804|6167|1|1
1855|G|1|927|876|10684|1|1
1856|G|2|928|879|10943|1|1
1857|G|0|928|825|7087|1|1
1858|G|1|929|869|9968|1|1
1859|G|2|929|792|5723|1|1
1860|G|0|930|899|13401|1|1
1861|G|1|930|771|5053|1|1
1862|G|2|931|802|6099|1|1
1863|G|0|931|850|8526|1|1
1864|G|1|932|906|14608|1|1
1865|G|2|932|898|13245|1|1
1866|G|0|933|888|11942|1|1
1867|G|1|933|899|13355|1|1
1868|G|2|934|877|10745|1|1
1869|G|0|934|764|4874|1|1
1870|G|1|935|898|13241|1|1
1871|G|2|935|723|3932|1|1
1872|G|0|936|706|3605|1|1
1873|G|1|936|838|7793|1|1
1874|G|2|937|903|13985|1|1
1875|G|0|937|858|9088|1|1
1876|G|1|938|880|11054|1|1
1877|G|2|938|850|8514|1|1
1878|G|0|939|878|10798|1|1
1879|G|1|939|828|7269|1|1
1880|G|2|940|897|13129|1|1
1881|G|0|940|720|3860|1|1
1882|G|1|941|751|4530|1|1
1883|G|2|941|849|8435|1|1
1884|G|0|942|843|8110|1|1
1885|G|1|942|896|13034|1|1
1886|G|2|943|860|9288|1|1
1887|G|0|943|866|9754|1|1
1888|G|1|944|903|14072|1|1
1889|G|2|944|856|8950|1|1
1890|G|0|945|921|17679|1|1
1891|G|1|945|743|4342|1|1
1892|G|2|946|864|9586|1|1
1893|G|0|946|933|21026|1|1
1894|G|1|947|913|15824|1|1
1895|G|2|947|876|10683|1|1
1896|G|0|948|839|7863|1|1
1897|G|1|948|876|10693|1|1
1898|G|2|949|767|4942|1|1
1899|G|0|949|869|9954|1|1
1900|G|1|950|907|14691|1|1
1901|G|2|950|897|13077|1|1
1902|G|0|951|873|10394|1|1
1903|G|1|951|795|5820|1|1
1904|G|2|952|880|11021|1|1
1905|G|0|952|772|5101|1|1
1906|G|1|953|714|3755|1|1
1907|G|2|953|729|4040|1|1
1908|G|0|954|816|6682|1|1
1909|G|1|954|725|3955|1|1
1910|G|2|955|934|21392|1|1
1911|G|0|955|854|8835|1|1
1912|G|1|956|885|11652|1|1
1913|G|2|956|912|15565|1|1
1914|G|0|957|862|9386|1|1
1915|G|1|957|740|4288|1|1
1916|G|2|958|869|9965|1|1
1917|G|0|958|844|8168|1|1
1918|G|1|959|905|14402|1|1
1919|G|2|959|930|20157|1|1
1920|G|0|960|795|5832|1|1
1921|G|1|960|772|5085|1|1
1922|G|2|961|853|8732|1|1
1923|G|0|961|802|6078|1|1
1924|G|1|962|863|9487|1|1
1925|G|2|962|881|11136|1|1
1926|G|0|963|896|12935|1|1
1927|G|1|963|822|6952|1|1
1928|G|2|964|891|12314|1|1
1929|G|0|964|880|11052|1|1
1930|G|1|965|823|7014|1|1
1931|G|2|965|909|15149|1|1
1932|G|0|966|777|5236|1|1
1933|G|1|966|924|18269|1|1
1934|G|2|967|754|4617|1|1
1935|G|0|967|800|6004|1|1
1936|G|1|968|834|7538|1|1
1937|G|2|968|820|6855|1|1
1938|G|0|969|824|7052|1|1
1939|G|1|969|852|8691|1|1
1940|G|2|970|902|13813|1|1
1941|G|0|970|923|18190|1|1
1942|G|1|971|872|10255|1|1
1943|G|2|971|746|4425|1|1
1944|G|0|972|719|3857|1|1
1945|G|1|972|720|3867|1|1
1946|G|2|973|828|7261|1|1
1947|G|0|973|872|10255|1|1
1948|G|1|974|850|8549|1|1
1949|G|2|974|844|8170|1|1
1950|G|0|975|734|4146|1|1
1951|G|1|975|891|12351|1|1
1952|G|2|976|784|5476|1|1
1953|G|0|976|862|9435|1|1
1954|G|1|977|805|6199|1|1
1955|G|2|977|830|7370|1|1
1956|G|0|978|814|6603|1|1
1957|G|1|978|822|6937|1|1
1958|G|2|979|735|4179|1|1
1959|G|0|979|818|6768|1|1
1960|G|1|980|705|3588|1|1
1961|G|2|980|788|5603|1|1
1962|G|0|981|831|7413|1|1
1963|G|1|981|842|8004|1|1
1964|G|2|982|707|3633|1|1
1965|G|0|982|853|8725|1|1
1966|G|1|983|873|10314|1|1
1967|G|2|983|742|4335|1|1
1968|G|0|984|724|3942|1|1
1969|G|1|984|909|15051|1|1
1970|G|2|985|711|3708|1|1
1971|G|0|985|814|6596|1|1
1972|G|1|986|909|15135|1|1
1973|G|2|986|822|6950|1|1
1974|G|0|987|864|9544|1|1
1975|G|1|987|804|6165|1|1
1976|G|2|988|878|10861|1|1
1977|G|0|988|722|3914|1|1
1978|G|1|989|789|5636|1|1
1979|G|2|989|859|9154|1|1
1980|G|0|990|817|6732|1|1
1981|G|1|990|895|12877|1|1
1982|G|2|991|813|6560|1|1
1983|G|0|991|803|6123|1|1
1984|G|1|992|853|8725|1|1
1985|G|2|992|876|10662|1|1
1986|G|0|993|890|12180|1|1
1987|G|1|993|893|12645|1|1
1988|G|2|994|776|5218|1|1
1989|G|0|994|900|13643|1|1
1990|G|1|995|746|4408|1|1
1991|G|2|995|861|9345|1|1
1992|G|0|996|717|3816|1|1
1993|G|1|996|862|9444|1|1
1994|G|2|997|915|16320|1|1
1995|G|0|997|909|15115|1|1
1996|G|1|998|864|9543|1|1
1997|G|2|998|719|3849|1|1
1998|G|0|999|889|12022|1|1
1999|G|1|999|875|21036|1|1
10009|F|1|110009|830|2267|1|1
2000|G|2|1000|724|7874|1|1
2001|G|0|1000|869|20050|1|1
2002|G|1|1001|883|22646|1|1
2003|G|2|1001|871|20429|1|1
2004|G|0|1002|842|16004|1|1
2005|G|1|1002|855|17778|1|1
2006|G|2|1003|870|20250|1|1
2007|G|0|1003|870|20211|1|1
2008|G|1|1004|887|23583|1|1
2009|G|2|1004|823|14016|1|1
2010|G|0|1005|865|19229|1|1
2011|G|1|1005|728|8046|0|0
2012|G|2|1006|712|7434|0|0
2013|G|0|1006|869|19971|1|1
2014|G|1|1007|853|17543|1|1
2015|G|2|1007|884|22881|1|1
2016|G|0|1008|863|19005|1|1
2017|G|1|1008|778|10520|1|1
2018|G|2|1009|828|14498|1|1
2019|G|0|1009|889|24167|1|1
2020|G|1|1010|798|11923|1|1
2021|G|2|1010|802|12185|0|0
2022|G|0|1011|828|14490|1|1
2023|G|1|1011|892|24910|1|1
2024|G|2|1012|860|18458|1|1
2025|G|0|1012|783|10856|1|1
2026|G|1|1013|820|13710|0|1
2027|G|2|1013|862|18881|1|1
2028|G|0|1014|887|23683|1|1
2029|G|1|1014|780|10667|1|1
2030|G|2|1015|855|17823|1|1
2031|G|0|1015|878|21614|1|1
2032|G|1|1016|887|23576|1|1
2033|G|2|1016|826|14265|0|1
2034|G|0|1017|881|22385|1|1
2035|G|1|1017|746|8812|0|0
2036|G|2|1018|793|11536|1|1
2037|G|0|1018|884|23083|1|1
2038|G|1|1019|854|17571|1|1
2039|G|2|1019|882|22487|1|1
2040|G|0|1020|864|19171|1|1
2041|G|1|1020|881|22413|1|1
2042|G|2|1021|872|20572|1|1
2043|G|0|1021|873|20648|1|1
2044|G|1|1022|847|16715|1|1
2045|G|2|1022|831|14838|1|1
2046|G|0|1023|848|16774|1|1
2047|G|1|1023|733|8264|0|1
2048|G|2|1024|740|8562|0|1
2049|G|0|1024|806|12465|1|1
2050|G|1|1025|734|8311|0|0
2051|G|2|1025|873|20730|1|1
2052|G|0|1026|758|9446|1|1
2053|G|1|1026|890|24314|1|1
2054|G|2|1027|869|19968|1|1
2055|G|0|1027|884|22972|1|1
2056|G|1|1028|774|10298|1|1
2057|G|2|1028|876|21240|1|1
2058|G|0|1029|839|15738|1|1
2059|G|1|1029|877|21532|1|1
2060|G|2|1030|870|20117|1|1
2061|G|0|1030|859|18304|1|1
2062|G|1|1031|851|17228|1|1
2063|G|2|1031|883|22845|1|1
2064|G|0|1032|788|11204|0|1
2065|G|1|1032|843|16194|0|1
2066|G|2|1033|803|12305|1|1
2067|G|0|1033|869|20061|1|1
2068|G|1|1034|872|20439|1|1
2069|G|2|1034|891|24713|1|1
2070|G|0|1035|753|9180|1|1
2071|G|1|1035|730|8139|0|0
2072|G|2|1036|779|10630|1|1
2073|G|0|1036|707|7262|0|1
2074|G|1|1037|781|10734|1|1
2075|G|2|1037|872|20501|1|1
2076|G|0|1038|884|23044|1|1
2077|G|1|1038|872|20614|1|1
2078|G|2|1039|860|18581|1|1
2079|G|0|1039|761|9593|1|1
2080|G|1|1040|874|20941|1|1
2081|G|2|1040|883|22777|1|1
2082|G|0|1041|753|9170|0|1
2083|G|1|1041|855|17750|1|1
2084|G|2|1042|774|10280|1|1
2085|G|0|1042|836|15295|1|1
2086|G|1|1043|889|24101|1|1
2087|G|2|1043|854|17667|1|1
2088|G|0|1044|878|21777|1|1
2089|G|1|1044|731|8194|0|1
2090|G|2|1045|850|17099|1|1
2091|G|0|1045|810|12873|1|1
2092|G|1|1046|873|20809|1|1
2093|G|2|1046|771|10122|1|1
2094|G|0|1047|812|12961|1|1
2095|G|1|1047|836|15364|0|1
2096|G|2|1048|773|10235|0|1
2097|G|0|1048|725|7925|0|0
2098|G|1|1049|758|9428|0|1
2099|G|2|1049|892|24876|1|1
2100|G|0|1050|795|11684|1|1
2101|G|1|1050|876|21210|1|1
2102|G|2|1051|740|8555|1|1
2103|G|0|1051|856|17909|1|1
2104|G|1|1052|787|11140|1|1
2105|G|2|1052|870|20166|1|1
2106|G|0|1053|879|21903|1|1
2107|G|1|1053|882|22544|1|1
2108|G|2|1054|879|21861|1|1
2109|G|0|1054|791|11407|1|1
2110|G|1|1055|879|21970|1|1
2111|G|2|1055|879|21911|1|1
2112|G|0|1056|743|8712|1|1
2113|G|1|1056|862|18768|1|1
2114|G|2|1057|860|18535|1|1
2115|G|0|1057|873|20643|1|1
2116|G|1|1058|886|23473|1|1
2117|G|2|1058|886|23364|1|1
2118|G|0|1059|873|20776|1|1
2119|G|1|1059|870|20199|1|1
2120|G|2|1060|884|22984|1|1
2121|G|0|1060|803|12296|1|1
2122|G|1|1061|874|20930|1|1
2123|G|2|1061|873|20799|1|1
2124|G|0|1062|816|13328|1|1
2125|G|1|1062|779|10630|0|1
2126|G|2|1063|736|8399|1|1
2127|G|0|1063|762|9653|0|1
2128|G|1|1064|798|11867|1|1
2129|G|2|1064|888|23862|1|1
2130|G|0|1065|889|24158|1|1
2131|G|1|1065|882|22438|1|1
2132|G|2|1066|756|9321|0|1
2133|G|0|1066|777|10456|1|1
2134|G|1|1067|828|14456|0|1
2135|G|2|1067|847|16640|1|1
2136|G|0|1068|767|9910|1|1
2137|G|1|1068|876|21278|1|1
2138|G|2|1069|823|14023|1|1
2139|G|0|1069|886|23409|1|1
2140|G|1|1070|886|23343|1|1
2141|G|2|1070|855|17797|1|1
2142|G|0|1071|814|13186|1|1
2143|G|1|1071|866|19446|1|1
2144|G|2|1072|887|23644|1|1
2145|G|0|1072|886|23407|1|1
2146|G|1|1073|753|9167|1|1
2147|G|2|1073|878|21669|1|1
2148|G|0|1074|882|22599|1|1
2149|G|1|1074|850|17077|1|1
2150|G|2|1075|838|15531|1|1
2151|G|0|1075|887|23666|1|1
2152|G|1|1076|749|8980|1|1
2153|G|2|1076|857|18077|1|1
2154|G|0|1077|761|9581|1|1
2155|G|1|1077|885|23093|1|1
2156|G|2|1078|762|9648|1|1
2157|G|0|1078|747|8888|1|1
2158|G|1|1079|847|16634|1|1
2159|G|2|1079|833|14992|1|1
2160|G|0|1080|830|14667|1|1
2161|G|1|1080|819|13597|1|1
2162|G|2|1081|885|23151|1|1
2163|G|0|1081|878|21792|1|1
2164|G|1|1082|862|18814|1|1
2165|G|2|1082|745|8778|0|1
2166|G|0|1083|847|16671|1|1
2167|G|1|1083|792|11443|1|1
2168|G|2|1084|840|15779|1|1
2169|G|0|1084|774|10294|0|1
2170|G|1|1085|879|21840|1|1
2171|G|2|1085|888|23790|1|1
2172|G|0|1086|792|11435|1|1
2173|G|1|1086|782|10811|1|1
2174|G|2|1087|837|15472|1|1
2175|G|0|1087|877|21422|1|1
2176|G|1|1088|756|9328|1|1
2177|G|2|1088|739|8502|1|1
2178|G|0|1089|845|16469|1|1
2179|G|1|1089|838|15621|0|1
2180|G|2|1090|830|14653|0|1
2181|G|0|1090|847|16637|1|1
2182|G|1|1091|881|22316|1|1
2183|G|2|1091|750|9012|0|1
2184|G|0|1092|791|11367|1|1
2185|G|1|1092|799|11973|1|1
2186|G|2|1093|841|15946|1|1
2187|G|0|1093|855|17734|1|1
2188|G|1|1094|789|11278|0|1
2189|G|2|1094|862|18786|1|1
2190|G|0|1095|821|13766|0|1
2191|G|1|1095|889|24194|1|1
2192|G|2|1096|843|16113|1|1
2193|G|0|1096|788|11151|0|1
2194|G|1|1097|869|20000|1|1
2195|G|2|1097|881|22332|1|1
2196|G|0|1098|794|11602|0|1
2197|G|1|1098|722|7798|0|0
2198|G|2|1099|889|24140|1|1
2199|G|0|1099|750|9037|0|1
10010|F|2|110010|819|2320|1|1
2200|G|1|1100|849|16889|1|1
2201|G|2|1100|889|24099|1|1
2202|G|0|1101|880|22013|1|1
2203|G|1|1101|886|23426|1|1
2204|G|2|1102|877|21467|1|1
2205|G|0|1102|891|24728|1|1
2206|G|1|1103|864|19108|1|1
2207|G|2|1103|817|13428|1|1
2208|G|0|1104|890|24281|1|1
2209|G|1|1104|871|20397|1|1
2210|G|2|1105|822|13912|1|1
2211|G|0|1105|792|11428|0|1
2212|G|1|1106|764|9736|1|1
2213|G|2|1106|833|15004|1|1
2214|G|0|1107|853|17518|1|1
2215|G|1|1107|878|21644|1|1
2216|G|2|1108|864|19155|1|1
2217|G|0|1108|861|18651|1|1
2218|G|1|1109|800|12059|1|1
2219|G|2|1109|877|21551|1|1
2220|G|0|1110|779|10622|0|1
2221|G|1|1110|880|22032|1|1
2222|G|2|1111|884|23012|1|1
2223|G|0|1111|804|12344|0|1
2224|G|1|1112|864|19210|1|1
2225|G|2|1112|808|12678|0|1
2226|G|0|1113|791|11408|1|1
2227|G|1|1113|848|16812|1|1
2228|G|2|1114|871|20407|1|1
2229|G|0|1114|885|23190|1|1
2230|G|1|1115|877|21437|1|1
2231|G|2|1115|873|20789|1|1
2232|G|0|1116|868|19728|1|1
2233|G|1|1116|886|23548|1|1
2234|G|2|1117|881|22397|1|1
2235|G|0|1117|884|23002|1|1
2236|G|1|1118|825|14230|1|1
2237|G|2|1118|853|17425|1|1
2238|G|0|1119|874|20889|1|1
2239|G|1|1119|811|12911|1|1
2240|G|2|1120|862|18850|0|1
2241|G|0|1120|843|16155|1|1
2242|G|1|1121|746|8815|1|1
2243|G|2|1121|769|9994|1|1
2244|G|0|1122|732|8206|0|0
2245|G|1|1122|771|10117|0|1
2246|G|2|1123|771|10108|1|1
2247|G|0|1123|835|15286|1|1
2248|G|1|1124|718|7653|1|1
2249|G|2|1124|724|7879|0|1
2250|G|0|1125|871|20322|1|1
2251|G|1|1125|837|15493|1|1
2252|G|2|1126|849|16880|1|1
2253|G|0|1126|889|24105|1|1
2254|G|1|1127|884|23033|1|1
2255|G|2|1127|842|16100|1|1
2256|G|0|1128|851|17170|1|1
2257|G|1|1128|871|20338|1|1
2258|G|2|1129|870|20203|1|1
2259|G|0|1129|837|15498|1|1
2260|G|1|1130|817|13468|1|1
2261|G|2|1130|728|8034|1|1
2262|G|0|1131|754|9243|1|1
2263|G|1|1131|887|23580|1|1
2264|G|2|1132|890|24296|1|1
2265|G|0|1132|834|15149|1|1
2266|G|1|1133|886|23334|1|1
2267|G|2|1133|752|9123|0|1
2268|G|0|1134|776|10447|0|1
2269|G|1|1134|880|22170|1|1
2270|G|2|1135|874|20846|1|1
2271|G|0|1135|767|9893|0|0
2272|G|1|1136|850|17082|1|1
2273|G|2|1136|886|23376|1|1
2274|G|0|1137|885|23094|1|1
2275|G|1|1137|854|17673|1|1
2276|G|2|1138|796|11770|1|1
2277|G|0|1138|878|21784|1|1
2278|G|1|1139|862|18741|1|1
2279|G|2|1139|814|13132|1|1
2280|G|0|1140|723|7838|1|1
2281|G|1|1140|754|9234|0|1
2282|G|2|1141|769|10028|0|1
2283|G|0|1141|846|16519|0|1
2284|G|1|1142|768|9977|0|1
2285|G|2|1142|804|12337|0|1
2286|G|0|1143|828|14529|1|1
2287|G|1|1143|747|8876|0|1
2288|G|2|1144|868|19830|1|1
2289|G|0|1144|714|7493|0|0
2290|G|1|1145|828|14449|1|1
2291|G|2|1145|743|8716|0|1
2292|G|0|1146|740|8542|0|1
2293|G|1|1146|768|9979|1|1
2294|G|2|1147|855|17762|1|1
2295|G|0|1147|886|23377|1|1
2296|G|1|1148|828|14455|1|1
2297|G|2|1148|861|18674|1|1
2298|G|0|1149|850|17047|1|1
2299|G|1|1149|849|16968|1|1
2300|G|2|1150|830|14677|1|1
2301|G|0|1150|859|18348|1|1
2302|G|1|1151|885|23162|1|1
2303|G|2|1151|784|10907|0|1
2304|G|0|1152|806|12474|0|1
2305|G|1|1152|759|9471|1|1
2306|G|2|1153|876|21341|1|1
2307|G|0|1153|859|18306|1|1
2308|G|1|1154|871|20271|1|1
2309|G|2|1154|864|19178|1|1
2310|G|0|1155|881|22330|1|1
2311|G|1|1155|813|13072|1|1
2312|G|2|1156|852|17292|1|1
2313|G|0|1156|780|10665|1|1
2314|G|1|1157|784|10926|1|1
2315|G|2|1157|889|24210|1|1
2316|G|0|1158|844|16333|0|1
2317|G|1|1158|833|15043|1|1
2318|G|2|1159|844|16254|0|1
2319|G|0|1159|719|7703|0|0
2320|G|1|1160|872|20561|1|1
2321|G|2|1160|739|8510|0|1
2322|G|0|1161|842|16042|1|1
2323|G|1|1161|850|17109|0|1
2324|G|2|1162|804|12383|1|1
2325|G|0|1162|891|24627|1|1
2326|G|1|1163|745|8770|0|0
2327|G|2|1163|886|23503|1|1
2328|G|0|1164|856|17899|1|1
2329|G|1|1164|707|7246|0|1
2330|G|2|1165|856|17836|0|1
2331|G|0|1165|796|11714|1|1
2332|G|1|1166|763|9669|0|1
2333|G|2|1166|793|11502|1|1
2334|G|0|1167|776|10432|1|1
2335|G|1|1167|764|9744|1|1
2336|G|2|1168|795|11638|0|1
2337|G|0|1168|829|14616|1|1
2338|G|1|1169|830|14743|1|1
2339|G|2|1169|877|21422|1|1
2340|G|0|1170|856|17845|1|1
2341|G|1|1170|859|18405|1|1
2342|G|2|1171|801|12093|1|1
2343|G|0|1171|891|24540|1|1
2344|G|1|1172|882|22435|1|1
2345|G|2|1172|788|11218|1|1
2346|G|0|1173|720|7752|0|1
2347|G|1|1173|850|17037|1|1
2348|G|2|1174|733|8248|0|1
2349|G|0|1174|869|20055|1|1
2350|G|1|1175|755|9278|1|1
2351|G|2|1175|866|19530|1|1
2352|G|0|1176|837|15495|1|1
2353|G|1|1176|743|8709|0|1
2354|G|2|1177|853|17462|1|1
2355|G|0|1177|801|12130|0|1
2356|G|1|1178|755|9266|0|1
2357|G|2|1178|866|19433|1|1
2358|G|0|1179|749|8977|1|1
2359|G|1|1179|891|24734|1|1
2360|G|2|1180|882|22544|1|1
2361|G|0|1180|847|16681|1|1
2362|G|1|1181|782|10804|1|1
2363|G|2|1181|836|15314|0|1
2364|G|0|1182|864|19135|1|1
2365|G|1|1182|787|11108|0|1
2366|G|2|1183|799|11930|1|1
2367|G|0|1183|878|21611|1|1
2368|G|1|1184|775|10340|1|1
2369|G|2|1184|859|18386|0|1
2370|G|0|1185|859|18386|1|1
2371|G|1|1185|781|10704|0|1
2372|G|2|1186|858|18193|1|1
2373|G|0|1186|756|9331|1|1
2374|G|1|1187|824|14133|0|1
2375|G|2|1187|819|13601|0|1
2376|G|0|1188|878|21781|1|1
2377|G|1|1188|849|16927|0|1
2378|G|2|1189|783|10873|1|1
2379|G|0|1189|713|7454|1|1
2380|G|1|1190|811|12883|1|1
2381|G|2|1190|883|22711|1|1
2382|G|0|1191|719|7703|1|1
2383|G|1|1191|860|18528|1|1
2384|G|2|1192|757|9360|1|1
2385|G|0|1192|861|18611|1|1
2386|G|1|1193|751|9094|0|1
2387|G|2|1193|888|24005|1|1
2388|G|0|1194|881|22247|1|1
2389|G|1|1194|879|21918|1|1
2390|G|2|1195|870|20130|1|1
2391|G|0|1195|748|8906|1|1
2392|G|1|1196|751|9060|1|1
2393|G|2|1196|825|14187|1|1
2394|G|0|1197|886|23405|1|1
2395|G|1|1197|832|14876|0|1
2396|G|2|1198|745|8804|0|0
2397|G|0|1198|874|20980|1|1
2398|G|1|1199|870|20207|1|1
2399|G|2|1199|880|22156|1|1
10011|F|0|110011|806|2373|1|1
2400|G|0|1200|781|10723|1|1
2401|G|1|1200|740|8574|0|1
2402|G|2|1201|860|18516|1|1
2403|G|0|1201|797|11821|1|1
2404|G|1|1202|867|19567|1|1
2405|G|2|1202|725|7918|1|1
2406|G|0|1203|856|17904|0|1
2407|G|1|1203|865|19244|1|1
2408|G|2|1204|810|12802|0|1
2409|G|0|1204|893|25057|1|1
2410|G|1|1205|880|22192|1|1
2411|G|2|1205|853|17464|1|1
2412|G|0|1206|872|20486|1|1
2413|G|1|1206|835|15194|0|1
2414|G|2|1207|884|22865|1|1
2415|G|0|1207|814|13141|1|1
2416|G|1|1208|802|12228|1|1
2417|G|2|1208|838|15523|1|1
2418|G|0|1209|891|24747|1|1
2419|G|1|1209|886|23453|1|1
2420|G|2|1210|862|18845|1|1
2421|G|0|1210|850|17114|1|1
2422|G|1|1211|878|21743|1|1
2423|G|2|1211|879|21869|1|1
2424|G|0|1212|805|12449|1|1
2425|G|1|1212|875|21121|1|1
2426|G|2|1213|837|15418|1|1
2427|G|0|1213|776|10412|1|1
2428|G|1|1214|771|10151|0|0
2429|G|2|1214|853|17435|1|1
2430|G|0|1215|875|21101|1|1
2431|G|1|1215|869|19943|1|1
2432|G|2|1216|858|18269|1|1
2433|G|0|1216|891|24563|1|1
2434|G|1|1217|873|10398|0|0
2435|G|2|1217|928|19528|0|0
2436|G|0|1218|881|11113|0|0
2437|G|1|1218|771|5062|0|0
2438|G|2|1219|886|11763|0|0
2439|G|0|1219|911|15544|0|0
2440|G|1|1220|873|10367|0|0
2441|G|2|1220|759|4746|0|0
2442|G|0|1221|845|8193|0|0
2443|G|1|1221|754|4613|0|0
2444|G|2|1222|791|5706|0|0
2445|G|0|1222|756|4657|0|0
2446|G|1|1223|830|7345|0|0
2447|G|2|1223|889|12117|0|0
2448|G|0|1224|790|5670|0|0
2449|G|1|1224|863|18898|0|0
2450|G|2|1225|974|114971|0|0
2451|G|0|1225|874|20854|0|0
2452|G|1|1226|982|164110|0|0
2453|G|2|1226|975|121120|0|0
2454|G|0|1227|987|227888|0|0
2455|G|1|1227|912|31140|0|0
2456|G|2|1228|984|193857|0|0
2457|G|0|1228|896|25989|0|0
2458|G|1|1229|980|154395|0|0
2459|G|2|1229|986|212559|0|0
2460|G|0|1230|981|158034|0|0
2461|G|1|1230|904|28541|0|0
2462|G|2|1231|973|109196|0|0
2463|G|0|1231|848|16862|0|0
2464|G|1|1232|969|96626|0|0
2465|G|2|1232|984|189154|0|0
2466|G|0|1233|975|119869|0|0
2467|G|1|1233|911|30963|0|0
2468|G|2|1234|978|139566|0|0
2469|G|0|1234|934|43068|0|0
2470|G|1|1235|973|108132|0|0
2471|G|2|1235|981|155049|0|0
2472|G|0|1236|970|100247|0|0
2473|G|1|1236|926|37966|0|0
2474|G|2|1237|971|102467|0|0
2475|G|0|1237|913|31631|0|0
2476|G|1|1238|981|160420|0|0
2477|G|2|1238|985|208008|0|0
2478|G|0|1239|985|203932|0|0
2479|G|1|1239|878|10836|0|0
2480|G|2|1240|928|19405|0|0
2481|G|0|1240|879|10986|0|0
2482|G|1|1241|770|5025|0|0
2483|G|2|1241|887|11868|0|0
2484|G|0|1242|912|15654|0|0
2485|G|1|1242|873|10323|0|0
2486|G|2|1243|760|4754|0|0
2487|G|0|1243|845|8212|0|0
2488|G|1|1244|763|4832|0|0
2489|G|2|1244|782|5397|0|0
2490|G|0|1245|748|4464|0|0
2491|G|1|1245|827|7195|0|0
2492|G|2|1246|890|12197|0|0
2493|G|0|1246|788|5603|0|0
2494|G|1|1247|862|18892|0|0
2495|G|2|1247|974|114973|0|0
2496|G|0|1248|874|20847|0|0
2497|G|1|1248|982|164111|0|0
2498|G|2|1249|975|121150|0|0
2499|G|0|1249|987|227885|0|0
2500|G|1|1250|912|31156|0|0
2501|G|2|1250|984|193851|0|0
2502|G|0|1251|896|26050|0|0
2503|G|1|1251|980|154395|0|0
2504|G|2|1252|986|212558|0|0
2505|G|0|1252|981|158014|0|0
2506|G|1|1253|904|28565|0|0
2507|G|2|1253|973|109186|0|0
2508|G|0|1254|848|16860|0|0
2509|G|1|1254|969|96613|0|0
2510|G|2|1255|984|189125|0|0
2511|G|0|1255|975|119878|0|0
2512|G|1|1256|911|30941|0|0
2513|G|2|1256|978|139562|0|0
2514|G|0|1257|934|43085|0|0
2515|G|1|1257|973|108158|0|0
2516|G|2|1258|981|155039|0|0
2517|G|0|1258|970|100237|0|0
2518|G|1|1259|926|37948|0|0
2519|G|2|1259|971|102464|0|0
2520|G|0|1260|913|31648|0|0
2521|G|1|1260|981|160415|0|0
2522|G|2|1261|985|208006|0|0
2523|G|0|1261|985|203936|0|0
2524|G|1|1262|869|10026|1|1
2525|G|2|1262|756|4671|1|1
2526|G|0|1263|935|21679|1|0
2527|G|1|1263|928|19472|1|0
2528|G|2|1264|710|3690|1|1
2529|G|0|1264|857|9020|1|1
2530|G|1|1265|858|9071|1|1
2531|G|2|1265|948|27397|1|1
2532|G|0|1266|740|8568|1|1
2533|G|1|1266|741|8624|0|0
2534|G|2|1267|722|7828|0|1
2535|G|0|1267|726|7977|1|1
2536|G|1|1268|751|9087|0|1
2537|G|2|1268|823|14025|1|1
2538|G|0|1269|778|10567|0|1
2539|G|1|1269|782|10789|1|1
2540|G|2|1270|812|12963|1|1
2541|G|0|1270|823|14003|1|1
2542|G|1|1271|800|12073|1|1
2543|G|2|1271|717|7635|1|1
2544|G|0|1272|818|13527|1|1
2545|G|1|1272|815|13296|1|1
2546|G|2|1273|790|11319|1|1
2547|G|0|1273|817|13480|0|1
2548|G|1|1274|801|12138|1|1
2549|G|2|1274|812|12981|1|1
2550|G|0|1275|765|9768|1|1
2551|G|1|1275|715|7558|0|0
2552|G|2|1276|728|8032|1|1
2553|G|0|1276|827|14344|1|1
2554|G|1|1277|772|10186|1|1
2555|G|2|1277|727|8015|0|1
2556|G|0|1278|753|9169|1|1
2557|G|1|1278|749|8956|1|1
2558|G|2|1279|824|14125|1|1
2559|G|0|1279|796|11742|1|1
2560|G|1|1280|802|12205|1|1
2561|G|2|1280|817|13415|1|1
2562|G|0|1281|792|11460|1|1
2563|G|1|1281|814|13149|1|1
2564|G|2|1282|730|8119|1|1
2565|G|0|1282|777|10503|0|1
2566|G|1|1283|746|8818|0|1
2567|G|2|1283|830|14708|1|1
2568|G|0|1284|822|13880|1|1
2569|G|1|1284|827|14407|1|1
2570|G|2|1285|798|11904|1|1
2571|G|0|1285|733|8265|0|0
2572|G|1|1286|828|14463|1|1
2573|G|2|1286|793|11533|1|1
2574|G|0|1287|789|11255|1|1
2575|G|1|1287|722|7826|1|1
2576|G|2|1288|781|10702|1|1
2577|G|0|1288|786|11082|1|1
2578|G|1|1289|832|14891|1|1
2579|G|2|1289|778|10573|1|1
2580|G|0|1290|776|10435|1|1
2581|G|1|1290|718|7676|0|0
2582|G|2|1291|807|12547|1|1
2583|G|0|1291|810|12844|0|1
2584|G|1|1292|811|12920|0|1
2585|G|2|1292|832|14924|1|1
2586|G|0|1293|753|9187|0|1
2587|G|1|1293|754|9220|0|1
2588|G|2|1294|802|12182|0|1
2589|G|0|1294|772|10185|0|1
2590|G|1|1295|767|9926|1|1
2591|G|2|1295|774|10326|1|1
2592|G|0|1296|825|14226|1|1
2593|G|1|1296|830|14723|1|1
2594|G|2|1297|739|8513|1|1
2595|G|0|1297|772|10209|1|1
2596|G|1|1298|769|9992|1|1
2597|G|2|1298|773|10254|0|1
2598|G|0|1299|719|7702|0|0
2599|G|1|1299|827|14378|1|1
10012|F|1|110012|718|382|1|1
2600|G|2|1300|764|9741|0|1
2601|G|0|1300|767|9931|1|1
2602|G|1|1301|829|14582|1|1
2603|G|2|1301|804|12347|1|1
2604|G|0|1302|804|12328|1|1
2605|G|1|1302|803|12282|1|1
2606|G|2|1303|831|14764|1|1
2607|G|0|1303|773|10268|1|1
2608|G|1|1304|741|8589|1|1
2609|G|2|1304|784|10926|1|1
2610|G|0|1305|774|10288|1|1
2611|G|1|1305|832|14953|1|1
2612|G|2|1306|813|13060|1|1
2613|G|0|1306|803|12292|0|1
2614|G|1|1307|822|13929|0|1
2615|G|2|1307|826|14282|1|1
2616|G|0|1308|818|13519|1|1
2617|G|1|1308|813|13093|1|1
2618|G|2|1309|794|11612|1|1
2619|G|0|1309|788|11193|1|1
2620|G|1|1310|749|8979|0|1
2621|G|2|1310|759|9452|1|1
2622|G|0|1311|711|7383|1|1
2623|G|1|1311|815|13253|1|1
2624|G|2|1312|810|12808|1|1
2625|G|0|1312|733|8263|1|1
2626|G|1|1313|816|13331|0|1
2627|G|2|1313|830|14679|1|1
2628|G|0|1314|830|14680|1|1
2629|G|1|1314|804|12322|1|1
2630|G|2|1315|727|8009|1|1
2631|G|0|1315|795|11654|1|1
2632|G|1|1316|801|12132|1|1
2633|G|2|1316|782|10782|0|1
2634|G|0|1317|787|11142|0|1
2635|G|1|1317|779|10616|0|0
2636|G|2|1318|811|12890|1|1
2637|G|0|1318|824|14073|0|1
2638|G|1|1319|730|8126|1|1
2639|G|2|1319|778|10568|0|1
2640|G|0|1320|782|10777|0|1
2641|G|1|1320|815|13277|1|1
2642|G|2|1321|785|11013|0|1
2643|G|0|1321|736|8397|1|1
2644|G|1|1322|777|10483|1|1
2645|G|2|1322|763|9698|1|1
2646|G|0|1323|813|13078|0|1
2647|G|1|1323|823|14044|1|1
2648|G|2|1324|828|14457|1|1
2649|G|0|1324|753|9191|0|1
2650|G|1|1325|818|13508|1|1
2651|G|2|1325|734|8303|0|1
2652|G|0|1326|833|15006|0|1
2653|G|1|1326|809|12710|1|1
2654|G|2|1327|817|13476|1|1
2655|G|0|1327|784|10912|1|1
2656|G|1|1328|732|8227|1|1
2657|G|2|1328|826|14248|1|1
2658|G|0|1329|821|13782|0|1
2659|G|1|1329|773|10272|1|1
2660|G|2|1330|809|12768|0|1
2661|G|0|1330|736|8399|0|1
2662|G|1|1331|820|13706|1|1
2663|G|2|1331|820|13759|1|1
2664|G|0|1332|732|8210|1|1
2665|G|1|1332|806|12492|1|1
2666|G|2|1333|732|8229|1|1
2667|G|0|1333|706|7210|1|1
2668|G|1|1334|794|11608|1|1
2669|G|2|1334|752|9101|1|1
2670|G|0|1335|725|7947|0|0
2671|G|1|1335|759|9483|0|1
2672|G|2|1336|801|12150|0|1
2673|G|0|1336|779|10592|0|1
2674|G|1|1337|824|14121|0|1
2675|G|2|1337|822|13922|1|1
2676|G|0|1338|825|14165|1|1
2677|G|1|1338|822|13906|0|1
2678|G|2|1339|773|10234|0|0
2679|G|0|1339|747|8866|1|1
2680|G|1|1340|797|11820|1|1
2681|G|2|1340|794|11623|0|1
2682|G|0|1341|707|7256|0|1
2683|G|1|1341|757|9358|1|1
2684|G|2|1342|773|10267|0|1
2685|G|0|1342|748|8936|0|0
2686|G|1|1343|723|7854|1|1
2687|G|2|1343|809|12760|1|1
2688|G|0|1344|744|8719|0|1
2689|G|1|1344|802|12217|1|1
2690|G|2|1345|764|9721|0|1
2691|G|0|1345|740|8550|1|1
2692|G|1|1346|821|13851|0|1
2693|G|2|1346|807|12564|1|1
2694|G|0|1347|740|8544|1|1
2695|G|1|1347|790|11315|0|1
2696|G|2|1348|760|9512|1|1
2697|G|0|1348|762|9640|1|1
2698|G|1|1349|830|14658|1|1
2699|G|2|1349|768|9977|1|1
2700|G|0|1350|799|11941|1|1
2701|G|1|1350|788|11174|1|1
2702|G|2|1351|820|13716|1|1
2703|G|0|1351|830|14676|1|1
2704|G|1|1352|761|9578|1|1
2705|G|2|1352|740|8555|1|1
2706|G|0|1353|820|13700|1|1
2707|G|1|1353|751|9090|0|1
2708|G|2|1354|761|9581|1|1
2709|G|0|1354|834|15088|0|1
2710|G|1|1355|820|13672|1|1
2711|G|2|1355|794|11624|1|1
2712|G|0|1356|811|12912|1|1
2713|G|1|1356|818|13544|1|1
2714|G|2|1357|786|11035|1|1
2715|G|0|1357|760|9539|1|1
2716|G|1|1358|726|7952|0|1
2717|G|2|1358|757|9364|1|1
2718|G|0|1359|794|11633|1|1
2719|G|1|1359|812|12996|0|1
2720|G|2|1360|751|9089|0|0
2721|G|0|1360|802|12202|1|1
2722|G|1|1361|813|13107|1|1
2723|G|2|1361|758|9397|1|1
2724|G|0|1362|816|13355|1|1
2725|G|1|1362|762|9616|0|1
2726|G|2|1363|705|7195|0|0
2727|G|0|1363|825|14232|0|1
2728|G|1|1364|808|12657|1|1
2729|G|2|1364|832|14960|1|1
2730|G|0|1365|814|6600|1|1
2731|G|1|1365|846|8265|1|1
2732|G|2|1366|911|15354|1|1
2733|G|0|1366|853|8757|1|1
2734|G|1|1367|908|14931|1|1
2735|G|2|1367|878|10837|1|1
2736|G|0|1368|927|19123|1|1
2737|G|1|1368|885|11633|1|1
2738|G|2|1369|887|11836|1|1
2739|G|0|1369|747|4449|1|1
2740|G|1|1370|836|7657|1|1
2741|G|2|1370|879|10962|1|1
2742|G|0|1371|877|10759|1|1
2743|G|1|1371|842|8041|1|1
2744|G|2|1372|845|8234|1|1
2745|G|0|1372|739|4267|1|1
2746|G|1|1373|857|9007|1|1
2747|G|2|1373|891|12370|1|1
2748|G|0|1374|836|7694|1|1
2749|G|1|1374|798|5949|1|1
2750|G|2|1375|837|7733|1|1
2751|G|0|1375|827|7212|1|1
2752|G|1|1376|889|12130|1|1
2753|G|2|1376|848|8371|1|1
2754|G|0|1377|871|10150|1|1
2755|G|1|1377|839|7825|1|1
2756|G|2|1378|841|7934|1|1
2757|G|0|1378|886|11674|1|1
2758|G|1|1379|842|8052|1|1
2759|G|2|1379|919|17201|1|1
2760|G|0|1380|868|9876|1|1
2761|G|1|1380|857|9019|1|1
2762|G|2|1381|777|5246|1|1
2763|G|0|1381|882|11272|1|1
2764|G|1|1382|804|6167|1|1
2765|G|2|1382|876|10684|1|1
2766|G|0|1383|879|10943|1|1
2767|G|1|1383|825|7087|1|1
2768|G|2|1384|869|9968|1|1
2769|G|0|1384|792|5723|1|1
2770|G|1|1385|899|13401|1|1
2771|G|2|1385|771|5053|1|1
2772|G|0|1386|802|6099|1|1
2773|G|1|1386|850|8526|1|1
2774|G|2|1387|906|14608|1|1
2775|G|0|1387|898|13245|1|1
2776|G|1|1388|888|11942|1|1
2777|G|2|1388|899|13355|1|1
2778|G|0|1389|877|10745|1|1
2779|G|1|1389|764|4874|1|1
2780|G|2|1390|898|13241|1|1
2781|G|0|1390|723|3932|1|1
2782|G|1|1391|706|3605|1|1
2783|G|2|1391|838|7793|1|1
2784|G|0|1392|903|13985|1|1
2785|G|1|1392|858|9088|1|1
2786|G|2|1393|880|11054|1|1
2787|G|0|1393|850|8514|1|1
2788|G|1|1394|878|10798|1|1
2789|G|2|1394|828|7269|1|1
2790|G|0|1395|897|13129|1|1
2791|G|1|1395|720|3860|1|1
2792|G|2|1396|751|4530|1|1
2793|G|0|1396|849|8435|1|1
2794|G|1|1397|843|8110|1|1
2795|G|2|1397|896|13034|1|1
2796|G|0|1398|860|9288|1|1
2797|G|1|1398|866|9754|1|1
2798|G|2|1399|903|14072|1|1
2799|G|0|1399|856|8950|1|1
10013|F|2|110013|704|358|1|1
2800|G|1|1400|921|17679|1|1
2801|G|2|1400|743|4342|1|1
2802|G|0|1401|864|9586|1|1
2803|G|1|1401|933|21026|1|1
2804|G|2|1402|913|15824|1|1
2805|G|0|1402|876|10683|1|1
2806|G|1|1403|839|7863|1|1
2807|G|2|1403|876|10693|1|1
2808|G|0|1404|767|4942|1|1
2809|G|1|1404|869|9954|1|1
2810|G|2|1405|907|14691|1|1
2811|G|0|1405|897|13077|1|1
2812|G|1|1406|873|10394|1|1
2813|G|2|1406|795|5820|1|1
2814|G|0|1407|880|11021|1|1
2815|G|1|1407|772|5101|1|1
2816|G|2|1408|714|3755|1|1
2817|G|0|1408|729|4040|1|1
2818|G|1|1409|816|6682|1|1
2819|G|2|1409|725|3955|1|1
2820|G|0|1410|934|21392|1|1
2821|G|1|1410|854|8835|1|1
2822|G|2|1411|885|11652|1|1
2823|G|0|1411|912|15565|1|1
2824|G|1|1412|862|9386|1|1
2825|G|2|1412|740|4288|1|1
2826|G|0|1413|869|9965|1|1
2827|G|1|1413|844|8168|1|1
2828|G|2|1414|905|14402|1|1
2829|G|0|1414|930|20157|1|1
2830|G|1|1415|795|5832|1|1
2831|G|2|1415|772|5085|1|1
2832|G|0|1416|853|8732|1|1
2833|G|1|1416|802|6078|1|1
2834|G|2|1417|863|9487|1|1
2835|G|0|1417|881|11136|1|1
2836|G|1|1418|896|12935|1|1
2837|G|2|1418|822|6952|1|1
2838|G|0|1419|891|12314|1|1
2839|G|1|1419|880|11052|1|1
2840|G|2|1420|823|7014|1|1
2841|G|0|1420|909|15149|1|1
2842|G|1|1421|777|5236|1|1
2843|G|2|1421|924|18269|1|1
2844|G|0|1422|754|4617|1|1
2845|G|1|1422|800|6004|1|1
2846|G|2|1423|834|7538|1|1
2847|G|0|1423|820|6855|1|1
2848|G|1|1424|824|7052|1|1
2849|G|2|1424|852|8691|1|1
2850|G|0|1425|902|13813|1|1
2851|G|1|1425|923|18190|1|1
2852|G|2|1426|872|10255|1|1
2853|G|0|1426|746|4425|1|1
2854|G|1|1427|719|3857|1|1
2855|G|2|1427|720|3867|1|1
2856|G|0|1428|828|7261|1|1
2857|G|1|1428|872|10255|1|1
2858|G|2|1429|850|8549|1|1
2859|G|0|1429|844|8170|1|1
2860|G|1|1430|734|4146|1|1
2861|G|2|1430|891|12351|1|1
2862|G|0|1431|784|5476|1|1
2863|G|1|1431|862|9435|1|1
2864|G|2|1432|805|6199|1|1
2865|G|0|1432|830|7370|1|1
2866|G|1|1433|814|6603|1|1
2867|G|2|1433|822|6937|1|1
2868|G|0|1434|735|4179|1|1
2869|G|1|1434|818|6768|1|1
2870|G|2|1435|705|3588|1|1
2871|G|0|1435|788|5603|1|1
2872|G|1|1436|831|7413|1|1
2873|G|2|1436|842|8004|1|1
2874|G|0|1437|707|3633|1|1
2875|G|1|1437|853|8725|1|1
2876|G|2|1438|873|10314|1|1
2877|G|0|1438|742|4335|1|1
2878|G|1|1439|724|3942|1|1
2879|G|2|1439|909|15051|1|1
2880|G|0|1440|711|3708|1|1
2881|G|1|1440|814|6596|1|1
2882|G|2|1441|909|15135|1|1
2883|G|0|1441|822|6950|1|1
2884|G|1|1442|864|9544|1|1
2885|G|2|1442|804|6165|1|1
2886|G|0|1443|878|10861|1|1
2887|G|1|1443|722|3914|1|1
2888|G|2|1444|789|5636|1|1
2889|G|0|1444|859|9154|1|1
2890|G|1|1445|817|6732|1|1
2891|G|2|1445|895|12877|1|1
2892|G|0|1446|813|6560|1|1
2893|G|1|1446|803|6123|1|1
2894|G|2|1447|853|8725|1|1
2895|G|0|1447|876|10662|1|1
2896|G|1|1448|890|12180|1|1
2897|G|2|1448|893|12645|1|1
2898|G|0|1449|776|5218|1|1
2899|G|1|1449|900|13643|1|1
2900|G|2|1450|746|4408|1|1
2901|G|0|1450|861|9345|1|1
2902|G|1|1451|717|3816|1|1
2903|G|2|1451|862|9444|1|1
2904|G|0|1452|915|16320|1|1
2905|G|1|1452|909|15115|1|1
2906|G|2|1453|864|9543|1|1
2907|G|0|1453|719|3849|1|1
2908|G|1|1454|889|12022|1|1
2909|G|2|1454|875|21036|1|1
2910|G|0|1455|724|7874|1|1
2911|G|1|1455|869|20050|1|1
2912|G|2|1456|883|22646|1|1
2913|G|0|1456|871|20429|1|1
2914|G|1|1457|842|16004|1|1
2915|G|2|1457|855|17778|1|1
2916|G|0|1458|870|20250|1|1
2917|G|1|1458|870|20211|1|1
2918|G|2|1459|887|23583|1|1
2919|G|0|1459|823|14016|1|1
2920|G|1|1460|865|19229|1|1
2921|G|2|1460|728|8046|0|0
2922|G|0|1461|712|7434|0|0
2923|G|1|1461|869|19971|1|1
2924|G|2|1462|853|17543|1|1
2925|G|0|1462|884|22881|1|1
2926|G|1|1463|863|19005|1|1
2927|G|2|1463|778|10520|1|1
2928|G|0|1464|828|14498|1|1
2929|G|1|1464|889|24167|1|1
2930|G|2|1465|798|11923|1|1
2931|G|0|1465|802|12185|0|0
2932|G|1|1466|828|14490|1|1
2933|G|2|1466|892|24910|1|1
2934|G|0|1467|860|18458|1|1
2935|G|1|1467|783|10856|1|1
2936|G|2|1468|820|13710|0|1
2937|G|0|1468|862|18881|1|1
2938|G|1|1469|887|23683|1|1
2939|G|2|1469|780|10667|1|1
2940|G|0|1470|855|17823|1|1
2941|G|1|1470|878|21614|1|1
2942|G|2|1471|887|23576|1|1
2943|G|0|1471|826|14265|0|1
2944|G|1|1472|881|22385|1|1
2945|G|2|1472|746|8812|0|0
2946|G|0|1473|793|11536|1|1
2947|G|1|1473|884|23083|1|1
2948|G|2|1474|854|17571|1|1
2949|G|0|1474|882|22487|1|1
2950|G|1|1475|864|19171|1|1
2951|G|2|1475|881|22413|1|1
2952|G|0|1476|872|20572|1|1
2953|G|1|1476|873|20648|1|1
2954|G|2|1477|847|16715|1|1
2955|G|0|1477|831|14838|1|1
2956|G|1|1478|848|16774|1|1
2957|G|2|1478|733|8264|0|1
2958|G|0|1479|740|8562|0|1
2959|G|1|1479|806|12465|1|1
2960|G|2|1480|734|8311|0|0
2961|G|0|1480|873|20730|1|1
2962|G|1|1481|758|9446|1|1
2963|G|2|1481|890|24314|1|1
2964|G|0|1482|869|19968|1|1
2965|G|1|1482|884|22972|1|1
2966|G|2|1483|774|10298|1|1
2967|G|0|1483|876|21240|1|1
2968|G|1|1484|839|15738|1|1
2969|G|2|1484|877|21532|1|1
2970|G|0|1485|870|20117|1|1
2971|G|1|1485|859|18304|1|1
2972|G|2|1486|851|17228|1|1
2973|G|0|1486|883|22845|1|1
2974|G|1|1487|788|11204|0|1
2975|G|2|1487|843|16194|0|1
2976|G|0|1488|803|12305|1|1
2977|G|1|1488|869|20061|1|1
2978|G|2|1489|872|20439|1|1
2979|G|0|1489|891|24713|1|1
2980|G|1|1490|753|9180|1|1
2981|G|2|1490|730|8139|0|0
2982|G|0|1491|779|10630|1|1
2983|G|1|1491|707|7262|0|1
2984|G|2|1492|781|10734|1|1
2985|G|0|1492|872|20501|1|1
2986|G|1|1493|884|23044|1|1
2987|G|2|1493|872|20614|1|1
2988|G|0|1494|860|18581|1|1
2989|G|1|1494|761|9593|1|1
2990|G|2|1495|874|20941|1|1
2991|G|0|1495|883|22777|1|1
2992|G|1|1496|753|9170|0|1
2993|G|2|1496|855|17750|1|1
2994|G|0|1497|774|10280|1|1
2995|G|1|1497|836|15295|1|1
2996|G|2|1498|889|24101|1|1
2997|G|0|1498|854|17667|1|1
2998|G|1|1499|878|21777|1|1
2999|G|2|1499|731|8194|0|1
10014|F|0|110014|718|382|1|1
3000|G|0|1500|850|17099|1|1
3001|G|1|1500|810|12873|1|1
3002|G|2|1501|873|20809|1|1
3003|G|0|1501|771|10122|1|1
3004|G|1|1502|812|12961|1|1
3005|G|2|1502|836|15364|0|1
3006|G|0|1503|773|10235|0|1
3007|G|1|1503|725|7925|0|0
3008|G|2|1504|758|9428|0|1
3009|G|0|1504|892|24876|1|1
3010|G|1|1505|795|11684|1|1
3011|G|2|1505|876|21210|1|1
3012|G|0|1506|740|8555|1|1
3013|G|1|1506|856|17909|1|1
3014|G|2|1507|787|11140|1|1
3015|G|0|1507|870|20166|1|1
3016|G|1|1508|879|21903|1|1
3017|G|2|1508|882|22544|1|1
3018|G|0|1509|879|21861|1|1
3019|G|1|1509|791|11407|1|1
3020|G|2|1510|879|21970|1|1
3021|G|0|1510|879|21911|1|1
3022|G|1|1511|743|8712|1|1
3023|G|2|1511|862|18768|1|1
3024|G|0|1512|860|18535|1|1
3025|G|1|1512|873|20643|1|1
3026|G|2|1513|886|23473|1|1
3027|G|0|1513|886|23364|1|1
3028|G|1|1514|873|20776|1|1
3029|G|2|1514|870|20199|1|1
3030|G|0|1515|884|22984|1|1
3031|G|1|1515|803|12296|1|1
3032|G|2|1516|874|20930|1|1
3033|G|0|1516|873|20799|1|1
3034|G|1|1517|816|13328|1|1
3035|G|2|1517|779|10630|0|1
3036|G|0|1518|736|8399|1|1
3037|G|1|1518|762|9653|0|1
3038|G|2|1519|798|11867|1|1
3039|G|0|1519|888|23862|1|1
3040|G|1|1520|889|24158|1|1
3041|G|2|1520|882|22438|1|1
3042|G|0|1521|756|9321|0|1
3043|G|1|1521|777|10456|1|1
3044|G|2|1522|828|14456|0|1
3045|G|0|1522|847|16640|1|1
3046|G|1|1523|767|9910|1|1
3047|G|2|1523|876|21278|1|1
3048|G|0|1524|823|14023|1|1
3049|G|1|1524|886|23409|1|1
3050|G|2|1525|886|23343|1|1
3051|G|0|1525|855|17797|1|1
3052|G|1|1526|814|13186|1|1
3053|G|2|1526|866|19446|1|1
3054|G|0|1527|887|23644|1|1
3055|G|1|1527|886|23407|1|1
3056|G|2|1528|753|9167|1|1
3057|G|0|1528|878|21669|1|1
3058|G|1|1529|882|22599|1|1
3059|G|2|1529|850|17077|1|1
3060|G|0|1530|838|15531|1|1
3061|G|1|1530|887|23666|1|1
3062|G|2|1531|749|8980|1|1
3063|G|0|1531|857|18077|1|1
3064|G|1|1532|761|9581|1|1
3065|G|2|1532|885|23093|1|1
3066|G|0|1533|762|9648|1|1
3067|G|1|1533|747|8888|1|1
3068|G|2|1534|847|16634|1|1
3069|G|0|1534|833|14992|1|1
3070|G|1|1535|830|14667|1|1
3071|G|2|1535|819|13597|1|1
3072|G|0|1536|885|23151|1|1
3073|G|1|1536|878|21792|1|1
3074|G|2|1537|862|18814|1|1
3075|G|0|1537|745|8778|0|1
3076|G|1|1538|847|16671|1|1
3077|G|2|1538|792|11443|1|1
3078|G|0|1539|840|15779|1|1
3079|G|1|1539|774|10294|0|1
3080|G|2|1540|879|21840|1|1
3081|G|0|1540|888|23790|1|1
3082|G|1|1541|792|11435|1|1
3083|G|2|1541|782|10811|1|1
3084|G|0|1542|837|15472|1|1
3085|G|1|1542|877|21422|1|1
3086|G|2|1543|756|9328|1|1
3087|G|0|1543|739|8502|1|1
3088|G|1|1544|845|16469|1|1
3089|G|2|1544|838|15621|0|1
3090|G|0|1545|830|14653|0|1
3091|G|1|1545|847|16637|1|1
3092|G|2|1546|881|22316|1|1
3093|G|0|1546|750|9012|0|1
3094|G|1|1547|791|11367|1|1
3095|G|2|1547|799|11973|1|1
3096|G|0|1548|841|15946|1|1
3097|G|1|1548|855|17734|1|1
3098|G|2|1549|789|11278|0|1
3099|G|0|1549|862|18786|1|1
3100|G|1|1550|821|13766|0|1
3101|G|2|1550|889|24194|1|1
3102|G|0|1551|843|16113|1|1
3103|G|1|1551|788|11151|0|1
3104|G|2|1552|869|20000|1|1
3105|G|0|1552|881|22332|1|1
3106|G|1|1553|794|11602|0|1
3107|G|2|1553|722|7798|0|0
3108|G|0|1554|889|24140|1|1
3109|G|1|1554|750|9037|0|1
3110|G|2|1555|849|16889|1|1
3111|G|0|1555|889|24099|1|1
3112|G|1|1556|880|22013|1|1
3113|G|2|1556|886|23426|1|1
3114|G|0|1557|877|21467|1|1
3115|G|1|1557|891|24728|1|1
3116|G|2|1558|864|19108|1|1
3117|G|0|1558|817|13428|1|1
3118|G|1|1559|890|24281|1|1
3119|G|2|1559|871|20397|1|1
3120|G|0|1560|822|13912|1|1
3121|G|1|1560|792|11428|0|1
3122|G|2|1561|764|9736|1|1
3123|G|0|1561|833|15004|1|1
3124|G|1|1562|853|17518|1|1
3125|G|2|1562|878|21644|1|1
3126|G|0|1563|864|19155|1|1
3127|G|1|1563|861|18651|1|1
3128|G|2|1564|800|12059|1|1
3129|G|0|1564|877|21551|1|1
3130|G|1|1565|779|10622|0|1
3131|G|2|1565|880|22032|1|1
3132|G|0|1566|884|23012|1|1
3133|G|1|1566|804|12344|0|1
3134|G|2|1567|864|19210|1|1
3135|G|0|1567|808|12678|0|1
3136|G|1|1568|791|11408|1|1
3137|G|2|1568|848|16812|1|1
3138|G|0|1569|871|20407|1|1
3139|G|1|1569|885|23190|1|1
3140|G|2|1570|877|21437|1|1
3141|G|0|1570|873|20789|1|1
3142|G|1|1571|868|19728|1|1
3143|G|2|1571|886|23548|1|1
3144|G|0|1572|881|22397|1|1
3145|G|1|1572|884|23002|1|1
3146|G|2|1573|825|14230|1|1
3147|G|0|1573|853|17425|1|1
3148|G|1|1574|874|20889|1|1
3149|G|2|1574|811|12911|1|1
3150|G|0|1575|862|18850|0|1
3151|G|1|1575|843|16155|1|1
3152|G|2|1576|746|8815|1|1
3153|G|0|1576|769|9994|1|1
3154|G|1|1577|732|8206|0|0
3155|G|2|1577|771|10117|0|1
3156|G|0|1578|771|10108|1|1
3157|G|1|1578|835|15286|1|1
3158|G|2|1579|718|7653|1|1
3159|G|0|1579|724|7879|0|1
3160|G|1|1580|871|20322|1|1
3161|G|2|1580|837|15493|1|1
3162|G|0|1581|849|16880|1|1
3163|G|1|1581|889|24105|1|1
3164|G|2|1582|884|23033|1|1
3165|G|0|1582|842|16100|1|1
3166|G|1|1583|851|17170|1|1
3167|G|2|1583|871|20338|1|1
3168|G|0|1584|870|20203|1|1
3169|G|1|1584|837|15498|1|1
3170|G|2|1585|817|13468|1|1
3171|G|0|1585|728|8034|1|1
3172|G|1|1586|754|9243|1|1
3173|G|2|1586|887|23580|1|1
3174|G|0|1587|890|24296|1|1
3175|G|1|1587|834|15149|1|1
3176|G|2|1588|886|23334|1|1
3177|G|0|1588|752|9123|0|1
3178|G|1|1589|776|10447|0|1
3179|G|2|1589|880|22170|1|1
3180|G|0|1590|874|20846|1|1
3181|G|1|1590|767|9893|0|0
3182|G|2|1591|850|17082|1|1
3183|G|0|1591|886|23376|1|1
3184|G|1|1592|885|23094|1|1
3185|G|2|1592|854|17673|1|1
3186|G|0|1593|796|11770|1|1
3187|G|1|1593|878|21784|1|1
3188|G|2|1594|862|18741|1|1
3189|G|0|1594|814|13132|1|1
3190|G|1|1595|723|7838|1|1
3191|G|2|1595|754|9234|0|1
3192|G|0|1596|769|10028|0|1
3193|G|1|1596|846|16519|0|1
3194|G|2|1597|768|9977|0|1
3195|G|0|1597|804|12337|0|1
3196|G|1|1598|828|14529|1|1
3197|G|2|1598|747|8876|0|1
3198|G|0|1599|868|19830|1|1
3199|G|1|1599|714|7493|0|0
10015|F|1|110015|704|358|1|1
3200|G|2|1600|828|14449|1|1
3201|G|0|1600|743|8716|0|1
3202|G|1|1601|740|8542|0|1
3203|G|2|1601|768|9979|1|1
3204|G|0|1602|855|17762|1|1
3205|G|1|1602|886|23377|1|1
3206|G|2|1603|828|14455|1|1
3207|G|0|1603|861|18674|1|1
3208|G|1|1604|850|17047|1|1
3209|G|2|1604|849|16968|1|1
3210|G|0|1605|830|14677|1|1
3211|G|1|1605|859|18348|1|1
3212|G|2|1606|885|23162|1|1
3213|G|0|1606|784|10907|0|1
3214|G|1|1607|806|12474|0|1
3215|G|2|1607|759|9471|1|1
3216|G|0|1608|876|21341|1|1
3217|G|1|1608|859|18306|1|1
3218|G|2|1609|871|20271|1|1
3219|G|0|1609|864|19178|1|1
3220|G|1|1610|881|22330|1|1
3221|G|2|1610|813|13072|1|1
3222|G|0|1611|852|17292|1|1
3223|G|1|1611|780|10665|1|1
3224|G|2|1612|784|10926|1|1
3225|G|0|1612|889|24210|1|1
3226|G|1|1613|844|16333|0|1
3227|G|2|1613|833|15043|1|1
3228|G|0|1614|844|16254|0|1
3229|G|1|1614|719|7703|0|0
3230|G|2|1615|872|20561|1|1
3231|G|0|1615|739|8510|0|1
3232|G|1|1616|842|16042|1|1
3233|G|2|1616|850|17109|0|1
3234|G|0|1617|804|12383|1|1
3235|G|1|1617|891|24627|1|1
3236|G|2|1618|745|8770|0|0
3237|G|0|1618|886|23503|1|1
3238|G|1|1619|856|17899|1|1
3239|G|2|1619|707|7246|0|1
3240|G|0|1620|856|17836|0|1
3241|G|1|1620|796|11714|1|1
3242|G|2|1621|763|9669|0|1
3243|G|0|1621|793|11502|1|1
3244|G|1|1622|776|10432|1|1
3245|G|2|1622|764|9744|1|1
3246|G|0|1623|795|11638|0|1
3247|G|1|1623|829|14616|1|1
3248|G|2|1624|830|14743|1|1
3249|G|0|1624|877|21422|1|1
3250|G|1|1625|856|17845|1|1
3251|G|2|1625|859|18405|1|1
3252|G|0|1626|801|12093|1|1
3253|G|1|1626|891|24540|1|1
3254|G|2|1627|882|22435|1|1
3255|G|0|1627|788|11218|1|1
3256|G|1|1628|720|7752|0|1
3257|G|2|1628|850|17037|1|1
3258|G|0|1629|733|8248|0|1
3259|G|1|1629|869|20055|1|1
3260|G|2|1630|755|9278|1|1
3261|G|0|1630|866|19530|1|1
3262|G|1|1631|837|15495|1|1
3263|G|2|1631|743|8709|0|1
3264|G|0|1632|853|17462|1|1
3265|G|1|1632|801|12130|0|1
3266|G|2|1633|755|9266|0|1
3267|G|0|1633|866|19433|1|1
3268|G|1|1634|749|8977|1|1
3269|G|2|1634|891|24734|1|1
3270|G|0|1635|882|22544|1|1
3271|G|1|1635|847|16681|1|1
3272|G|2|1636|782|10804|1|1
3273|G|0|1636|836|15314|0|1
3274|G|1|1637|864|19135|1|1
3275|G|2|1637|787|11108|0|1
3276|G|0|1638|799|11930|1|1
3277|G|1|1638|878|21611|1|1
3278|G|2|1639|775|10340|1|1
3279|G|0|1639|859|18386|0|1
3280|G|1|1640|859|18386|1|1
3281|G|2|1640|781|10704|0|1
3282|G|0|1641|858|18193|1|1
3283|G|1|1641|756|9331|1|1
3284|G|2|1642|824|14133|0|1
3285|G|0|1642|819|13601|0|1
3286|G|1|1643|878|21781|1|1
3287|G|2|1643|849|16927|0|1
3288|G|0|1644|783|10873|1|1
3289|G|1|1644|713|7454|1|1
3290|G|2|1645|811|12883|1|1
3291|G|0|1645|883|22711|1|1
3292|G|1|1646|719|7703|1|1
3293|G|2|1646|860|18528|1|1
3294|G|0|1647|757|9360|1|1
3295|G|1|1647|861|18611|1|1
3296|G|2|1648|751|9094|0|1
3297|G|0|1648|888|24005|1|1
3298|G|1|1649|881|22247|1|1
3299|G|2|1649|879|21918|1|1
3300|G|0|1650|870|20130|1|1
3301|G|1|1650|748|8906|1|1
3302|G|2|1651|751|9060|1|1
3303|G|0|1651|825|14187|1|1
3304|G|1|1652|886|23405|1|1
3305|G|2|1652|832|14876|0|1
3306|G|0|1653|745|8804|0|0
3307|G|1|1653|874|20980|1|1
3308|G|2|1654|870|20207|1|1
3309|G|0|1654|880|22156|1|1
3310|G|1|1655|781|10723|1|1
3311|G|2|1655|740|8574|0|1
3312|G|0|1656|860|18516|1|1
3313|G|1|1656|797|11821|1|1
3314|G|2|1657|867|19567|1|1
3315|G|0|1657|725|7918|1|1
3316|G|1|1658|856|17904|0|1
3317|G|2|1658|865|19244|1|1
3318|G|0|1659|810|12802|0|1
3319|G|1|1659|893|25057|1|1
3320|G|2|1660|880|22192|1|1
3321|G|0|1660|853|17464|1|1
3322|G|1|1661|872|20486|1|1
3323|G|2|1661|835|15194|0|1
3324|G|0|1662|884|22865|1|1
3325|G|1|1662|814|13141|1|1
3326|G|2|1663|802|12228|1|1
3327|G|0|1663|838|15523|1|1
3328|G|1|1664|891|24747|1|1
3329|G|2|1664|886|23453|1|1
3330|G|0|1665|862|18845|1|1
3331|G|1|1665|850|17114|1|1
3332|G|2|1666|878|21743|1|1
3333|G|0|1666|879|21869|1|1
3334|G|1|1667|805|12449|1|1
3335|G|2|1667|875|21121|1|1
3336|G|0|1668|837|15418|1|1
3337|G|1|1668|776|10412|1|1
3338|G|2|1669|771|10151|0|0
3339|G|0|1669|853|17435|1|1
3340|G|1|1670|875|21101|1|1
3341|G|2|1670|869|19943|1|1
3342|G|0|1671|858|18269|1|1
3343|G|1|1671|891|24563|1|1
3344|G|2|1672|873|10398|0|0
3345|G|0|1672|928|19528|0|0
3346|G|1|1673|881|11113|0|0
3347|G|2|1673|771|5062|0|0
3348|G|0|1674|886|11763|0|0
3349|G|1|1674|911|15544|0|0
3350|G|2|1675|873|10367|0|0
3351|G|0|1675|759|4746|0|0
3352|G|1|1676|845|8193|0|0
3353|G|2|1676|754|4613|0|0
3354|G|0|1677|791|5706|0|0
3355|G|1|1677|756|4657|0|0
3356|G|2|1678|830|7345|0|0
3357|G|0|1678|889|12117|0|0
3358|G|1|1679|790|5670|0|0
3359|G|2|1679|863|18898|0|0
3360|G|0|1680|974|114971|0|0
3361|G|1|1680|874|20854|0|0
3362|G|2|1681|982|164110|0|0
3363|G|0|1681|975|121120|0|0
3364|G|1|1682|987|227888|0|0
3365|G|2|1682|912|31140|0|0
3366|G|0|1683|984|193857|0|0
3367|G|1|1683|896|25989|0|0
3368|G|2|1684|980|154395|0|0
3369|G|0|1684|986|212559|0|0
3370|G|1|1685|981|158034|0|0
3371|G|2|1685|904|28541|0|0
3372|G|0|1686|973|109196|0|0
3373|G|1|1686|848|16862|0|0
3374|G|2|1687|969|96626|0|0
3375|G|0|1687|984|189154|0|0
3376|G|1|1688|975|119869|0|0
3377|G|2|1688|911|30963|0|0
3378|G|0|1689|978|139566|0|0
3379|G|1|1689|934|43068|0|0
3380|G|2|1690|973|108132|0|0
3381|G|0|1690|981|155049|0|0
3382|G|1|1691|970|100247|0|0
3383|G|2|1691|926|37966|0|0
3384|G|0|1692|971|102467|0|0
3385|G|1|1692|913|31631|0|0
3386|G|2|1693|981|160420|0|0
3387|G|0|1693|985|208008|0|0
3388|G|1|1694|985|203932|0|0
3389|G|2|1694|878|10836|0|0
3390|G|0|1695|928|19405|0|0
3391|G|1|1695|879|10986|0|0
3392|G|2|1696|770|5025|0|0
3393|G|0|1696|887|11868|0|0
3394|G|1|1697|912|15654|0|0
3395|G|2|1697|873|10323|0|0
3396|G|0|1698|760|4754|0|0
3397|G|1|1698|845|8212|0|0
3398|G|2|1699|763|4832|0|0
3399|G|0|1699|782|5397|0|0
10016|F|2|110016|718|382|1|1
3400|G|1|1700|748|4464|0|0
3401|G|2|1700|827|7195|0|0
3402|G|0|1701|890|12197|0|0
3403|G|1|1701|788|5603|0|0
3404|G|2|1702|862|18892|0|0
3405|G|0|1702|974|114973|0|0
3406|G|1|1703|874|20847|0|0
3407|G|2|1703|982|164111|0|0
3408|G|0|1704|975|121150|0|0
3409|G|1|1704|987|227885|0|0
3410|G|2|1705|912|31156|0|0
3411|G|0|1705|984|193851|0|0
3412|G|1|1706|896|26050|0|0
3413|G|2|1706|980|154395|0|0
3414|G|0|1707|986|212558|0|0
3415|G|1|1707|981|158014|0|0
3416|G|2|1708|904|28565|0|0
3417|G|0|1708|973|109186|0|0
3418|G|1|1709|848|16860|0|0
3419|G|2|1709|969|96613|0|0
3420|G|0|1710|984|189125|0|0
3421|G|1|1710|975|119878|0|0
3422|G|2|1711|911|30941|0|0
3423|G|0|1711|978|139562|0|0
3424|G|1|1712|934|43085|0|0
3425|G|2|1712|973|108158|0|0
3426|G|0|1713|981|155039|0|0
3427|G|1|1713|970|100237|0|0
3428|G|2|1714|926|37948|0|0
3429|G|0|1714|971|102464|0|0
3430|G|1|1715|913|31648|0|0
3431|G|2|1715|981|160415|0|0
3432|G|0|1716|985|208006|0|0
3433|G|1|1716|985|203936|0|0
3434|G|2|1717|869|10026|1|1
3435|G|0|1717|756|4671|1|1
3436|G|1|1718|935|21679|1|0
3437|G|2|1718|928|19472|1|0
3438|G|0|1719|710|3690|1|1
3439|G|1|1719|857|9020|1|1
3440|G|2|1720|858|9071|1|1
3441|G|0|1720|948|27397|1|1
3442|G|1|1721|740|8568|1|1
3443|G|2|1721|741|8624|0|0
3444|G|0|1722|722|7828|0|1
3445|G|1|1722|726|7977|1|1
3446|G|2|1723|751|9087|0|1
3447|G|0|1723|823|14025|1|1
3448|G|1|1724|778|10567|0|1
3449|G|2|1724|782|10789|1|1
3450|G|0|1725|812|12963|1|1
3451|G|1|1725|823|14003|1|1
3452|G|2|1726|800|12073|1|1
3453|G|0|1726|717|7635|1|1
3454|G|1|1727|818|13527|1|1
3455|G|2|1727|815|13296|1|1
3456|G|0|1728|790|11319|1|1
3457|G|1|1728|817|13480|0|1
3458|G|2|1729|801|12138|1|1
3459|G|0|1729|812|12981|1|1
3460|G|1|1730|765|9768|1|1
3461|G|2|1730|715|7558|0|0
3462|G|0|1731|728|8032|1|1
3463|G|1|1731|827|14344|1|1
3464|G|2|1732|772|10186|1|1
3465|G|0|1732|727|8015|0|1
3466|G|1|1733|753|9169|1|1
3467|G|2|1733|749|8956|1|1
3468|G|0|1734|824|14125|1|1
3469|G|1|1734|796|11742|1|1
3470|G|2|1735|802|12205|1|1
3471|G|0|1735|817|13415|1|1
3472|G|1|1736|792|11460|1|1
3473|G|2|1736|814|13149|1|1
3474|G|0|1737|730|8119|1|1
3475|G|1|1737|777|10503|0|1
3476|G|2|1738|746|8818|0|1
3477|G|0|1738|830|14708|1|1
3478|G|1|1739|822|13880|1|1
3479|G|2|1739|827|14407|1|1
3480|G|0|1740|798|11904|1|1
3481|G|1|1740|733|8265|0|0
3482|G|2|1741|828|14463|1|1
3483|G|0|1741|793|11533|1|1
3484|G|1|1742|789|11255|1|1
3485|G|2|1742|722|7826|1|1
3486|G|0|1743|781|10702|1|1
3487|G|1|1743|786|11082|1|1
3488|G|2|1744|832|14891|1|1
3489|G|0|1744|778|10573|1|1
3490|G|1|1745|776|10435|1|1
3491|G|2|1745|718|7676|0|0
3492|G|0|1746|807|12547|1|1
3493|G|1|1746|810|12844|0|1
3494|G|2|1747|811|12920|0|1
3495|G|0|1747|832|14924|1|1
3496|G|1|1748|753|9187|0|1
3497|G|2|1748|754|9220|0|1
3498|G|0|1749|802|12182|0|1
3499|G|1|1749|772|10185|0|1
3500|G|2|1750|767|9926|1|1
3501|G|0|1750|774|10326|1|1
3502|G|1|1751|825|14226|1|1
3503|G|2|1751|830|14723|1|1
3504|G|0|1752|739|8513|1|1
3505|G|1|1752|772|10209|1|1
3506|G|2|1753|769|9992|1|1
3507|G|0|1753|773|10254|0|1
3508|G|1|1754|719|7702|0|0
3509|G|2|1754|827|14378|1|1
3510|G|0|1755|764|9741|0|1
3511|G|1|1755|767|9931|1|1
3512|G|2|1756|829|14582|1|1
3513|G|0|1756|804|12347|1|1
3514|G|1|1757|804|12328|1|1
3515|G|2|1757|803|12282|1|1
3516|G|0|1758|831|14764|1|1
3517|G|1|1758|773|10268|1|1
3518|G|2|1759|741|8589|1|1
3519|G|0|1759|784|10926|1|1
3520|G|1|1760|774|10288|1|1
3521|G|2|1760|832|14953|1|1
3522|G|0|1761|813|13060|1|1
3523|G|1|1761|803|12292|0|1
3524|G|2|1762|822|13929|0|1
3525|G|0|1762|826|14282|1|1
3526|G|1|1763|818|13519|1|1
3527|G|2|1763|813|13093|1|1
3528|G|0|1764|794|11612|1|1
3529|G|1|1764|788|11193|1|1
3530|G|2|1765|749|8979|0|1
3531|G|0|1765|759|9452|1|1
3532|G|1|1766|711|7383|1|1
3533|G|2|1766|815|13253|1|1
3534|G|0|1767|810|12808|1|1
3535|G|1|1767|733|8263|1|1
3536|G|2|1768|816|13331|0|1
3537|G|0|1768|830|14679|1|1
3538|G|1|1769|830|14680|1|1
3539|G|2|1769|804|12322|1|1
3540|G|0|1770|727|8009|1|1
3541|G|1|1770|795|11654|1|1
3542|G|2|1771|801|12132|1|1
3543|G|0|1771|782|10782|0|1
3544|G|1|1772|787|11142|0|1
3545|G|2|1772|779|10616|0|0
3546|G|0|1773|811|12890|1|1
3547|G|1|1773|824|14073|0|1
3548|G|2|1774|730|8126|1|1
3549|G|0|1774|778|10568|0|1
3550|G|1|1775|782|10777|0|1
3551|G|2|1775|815|13277|1|1
3552|G|0|1776|785|11013|0|1
3553|G|1|1776|736|8397|1|1
3554|G|2|1777|777|10483|1|1
3555|G|0|1777|763|9698|1|1
3556|G|1|1778|813|13078|0|1
3557|G|2|1778|823|14044|1|1
3558|G|0|1779|828|14457|1|1
3559|G|1|1779|753|9191|0|1
3560|G|2|1780|818|13508|1|1
3561|G|0|1780|734|8303|0|1
3562|G|1|1781|833|15006|0|1
3563|G|2|1781|809|12710|1|1
3564|G|0|1782|817|13476|1|1
3565|G|1|1782|784|10912|1|1
3566|G|2|1783|732|8227|1|1
3567|G|0|1783|826|14248|1|1
3568|G|1|1784|821|13782|0|1
3569|G|2|1784|773|10272|1|1
3570|G|0|1785|809|12768|0|1
3571|G|1|1785|736|8399|0|1
3572|G|2|1786|820|13706|1|1
3573|G|0|1786|820|13759|1|1
3574|G|1|1787|732|8210|1|1
3575|G|2|1787|806|12492|1|1
3576|G|0|1788|732|8229|1|1
3577|G|1|1788|706|7210|1|1
3578|G|2|1789|794|11608|1|1
3579|G|0|1789|752|9101|1|1
3580|G|1|1790|725|7947|0|0
3581|G|2|1790|759|9483|0|1
3582|G|0|1791|801|12150|0|1
3583|G|1|1791|779|10592|0|1
3584|G|2|1792|824|14121|0|1
3585|G|0|1792|822|13922|1|1
3586|G|1|1793|825|14165|1|1
3587|G|2|1793|822|13906|0|1
3588|G|0|1794|773|10234|0|0
3589|G|1|1794|747|8866|1|1
3590|G|2|1795|797|11820|1|1
3591|G|0|1795|794|11623|0|1
3592|G|1|1796|707|7256|0|1
3593|G|2|1796|757|9358|1|1
3594|G|0|1797|773|10267|0|1
3595|G|1|1797|748|8936|0|0
3596|G|2|1798|723|7854|1|1
3597|G|0|1798|809|12760|1|1
3598|G|1|1799|744|8719|0|1
3599|G|2|1799|802|12217|1|1
10017|F|0|110017|704|358|1|1
3600|G|0|1800|764|9721|0|1
3601|G|1|1800|740|8550|1|1
3602|G|2|1801|821|13851|0|1
3603|G|0|1801|807|12564|1|1
3604|G|1|1802|740|8544|1|1
3605|G|2|1802|790|11315|0|1
3606|G|0|1803|760|9512|1|1
3607|G|1|1803|762|9640|1|1
3608|G|2|1804|830|14658|1|1
3609|G|0|1804|768|9977|1|1
3610|G|1|1805|799|11941|1|1
3611|G|2|1805|788|11174|1|1
3612|G|0|1806|820|13716|1|1
3613|G|1|1806|830|14676|1|1
3614|G|2|1807|761|9578|1|1
3615|G|0|1807|740|8555|1|1
3616|G|1|1808|820|13700|1|1
3617|G|2|1808|751|9090|0|1
3618|G|0|1809|761|9581|1|1
3619|G|1|1809|834|15088|0|1
3620|G|2|1810|820|13672|1|1
3621|G|0|1810|794|11624|1|1
3622|G|1|1811|811|12912|1|1
3623|G|2|1811|818|13544|1|1
3624|G|0|1812|786|11035|1|1
3625|G|1|1812|760|9539|1|1
3626|G|2|1813|726|7952|0|1
3627|G|0|1813|757|9364|1|1
3628|G|1|1814|794|11633|1|1
3629|G|2|1814|812|12996|0|1
3630|G|0|1815|751|9089|0|0
3631|G|1|1815|802|12202|1|1
3632|G|2|1816|813|13107|1|1
3633|G|0|1816|758|9397|1|1
3634|G|1|1817|816|13355|1|1
3635|G|2|1817|762|9616|0|1
3636|G|0|1818|705|7195|0|0
3637|G|1|1818|825|14232|0|1
3638|G|2|1819|808|12657|1|1
3639|G|0|1819|832|14960|1|1
3640|G|1|1820|814|6600|1|1
3641|G|2|1820|846|8265|1|1
3642|G|0|1821|911|15354|1|1
3643|G|1|1821|853|8757|1|1
3644|G|2|1822|908|14931|1|1
3645|G|0|1822|878|10837|1|1
3646|G|1|1823|927|19123|1|1
3647|G|2|1823|885|11633|1|1
3648|G|0|1824|887|11836|1|1
3649|G|1|1824|747|4449|1|1
3650|G|2|1825|836|7657|1|1
3651|G|0|1825|879|10962|1|1
3652|G|1|1826|877|10759|1|1
3653|G|2|1826|842|8041|1|1
3654|G|0|1827|845|8234|1|1
3655|G|1|1827|739|4267|1|1
3656|G|2|1828|857|9007|1|1
3657|G|0|1828|891|12370|1|1
3658|G|1|1829|836|7694|1|1
3659|G|2|1829|798|5949|1|1
3660|G|0|1830|837|7733|1|1
3661|G|1|1830|827|7212|1|1
3662|G|2|1831|889|12130|1|1
3663|G|0|1831|848|8371|1|1
3664|G|1|1832|871|10150|1|1
3665|G|2|1832|839|7825|1|1
3666|G|0|1833|841|7934|1|1
3667|G|1|1833|886|11674|1|1
3668|G|2|1834|842|8052|1|1
3669|G|0|1834|919|17201|1|1
3670|G|1|1835|868|9876|1|1
3671|G|2|1835|857|9019|1|1
3672|G|0|1836|777|5246|1|1
3673|G|1|1836|882|11272|1|1
3674|G|2|1837|804|6167|1|1
3675|G|0|1837|876|10684|1|1
3676|G|1|1838|879|10943|1|1
3677|G|2|1838|825|7087|1|1
3678|G|0|1839|869|9968|1|1
3679|G|1|1839|792|5723|1|1
3680|G|2|1840|899|13401|1|1
3681|G|0|1840|771|5053|1|1
3682|G|1|1841|802|6099|1|1
3683|G|2|1841|850|8526|1|1
3684|G|0|1842|906|14608|1|1
3685|G|1|1842|898|13245|1|1
3686|G|2|1843|888|11942|1|1
3687|G|0|1843|899|13355|1|1
3688|G|1|1844|877|10745|1|1
3689|G|2|1844|764|4874|1|1
3690|G|0|1845|898|13241|1|1
3691|G|1|1845|723|3932|1|1
3692|G|2|1846|706|3605|1|1
3693|G|0|1846|838|7793|1|1
3694|G|1|1847|903|13985|1|1
3695|G|2|1847|858|9088|1|1
3696|G|0|1848|880|11054|1|1
3697|G|1|1848|850|8514|1|1
3698|G|2|1849|878|10798|1|1
3699|G|0|1849|828|7269|1|1
3700|G|1|1850|897|13129|1|1
3701|G|2|1850|720|3860|1|1
3702|G|0|1851|751|4530|1|1
3703|G|1|1851|849|8435|1|1
3704|G|2|1852|843|8110|1|1
3705|G|0|1852|896|13034|1|1
3706|G|1|1853|860|9288|1|1
3707|G|2|1853|866|9754|1|1
3708|G|0|1854|903|14072|1|1
3709|G|1|1854|856|8950|1|1
3710|G|2|1855|921|17679|1|1
3711|G|0|1855|743|4342|1|1
3712|G|1|1856|864|9586|1|1
3713|G|2|1856|933|21026|1|1
3714|G|0|1857|913|15824|1|1
3715|G|1|1857|876|10683|1|1
3716|G|2|1858|839|7863|1|1
3717|G|0|1858|876|10693|1|1
3718|G|1|1859|767|4942|1|1
3719|G|2|1859|869|9954|1|1
3720|G|0|1860|907|14691|1|1
3721|G|1|1860|897|13077|1|1
3722|G|2|1861|873|10394|1|1
3723|G|0|1861|795|5820|1|1
3724|G|1|1862|880|11021|1|1
3725|G|2|1862|772|5101|1|1
3726|G|0|1863|714|3755|1|1
3727|G|1|1863|729|4040|1|1
3728|G|2|1864|816|6682|1|1
3729|G|0|1864|725|3955|1|1
3730|G|1|1865|934|21392|1|1
3731|G|2|1865|854|8835|1|1
3732|G|0|1866|885|11652|1|1
3733|G|1|1866|912|15565|1|1
3734|G|2|1867|862|9386|1|1
3735|G|0|1867|740|4288|1|1
3736|G|1|1868|869|9965|1|1
3737|G|2|1868|844|8168|1|1
3738|G|0|1869|905|14402|1|1
3739|G|1|1869|930|20157|1|1
3740|G|2|1870|795|5832|1|1
3741|G|0|1870|772|5085|1|1
3742|G|1|1871|853|8732|1|1
3743|G|2|1871|802|6078|1|1
3744|G|0|1872|863|9487|1|1
3745|G|1|1872|881|11136|1|1
3746|G|2|1873|896|12935|1|1
3747|G|0|1873|822|6952|1|1
3748|G|1|1874|891|12314|1|1
3749|G|2|1874|880|11052|1|1
3750|G|0|1875|823|7014|1|1
3751|G|1|1875|909|15149|1|1
3752|G|2|1876|777|5236|1|1
3753|G|0|1876|924|18269|1|1
3754|G|1|1877|754|4617|1|1
3755|G|2|1877|800|6004|1|1
3756|G|0|1878|834|7538|1|1
3757|G|1|1878|820|6855|1|1
3758|G|2|1879|824|7052|1|1
3759|G|0|1879|852|8691|1|1
3760|G|1|1880|902|13813|1|1
3761|G|2|1880|923|18190|1|1
3762|G|0|1881|872|10255|1|1
3763|G|1|1881|746|4425|1|1
3764|G|2|1882|719|3857|1|1
3765|G|0|1882|720|3867|1|1
3766|G|1|1883|828|7261|1|1
3767|G|2|1883|872|10255|1|1
3768|G|0|1884|850|8549|1|1
3769|G|1|1884|844|8170|1|1
3770|G|2|1885|734|4146|1|1
3771|G|0|1885|891|12351|1|1
3772|G|1|1886|784|5476|1|1
3773|G|2|1886|862|9435|1|1
3774|G|0|1887|805|6199|1|1
3775|G|1|1887|830|7370|1|1
3776|G|2|1888|814|6603|1|1
3777|G|0|1888|822|6937|1|1
3778|G|1|1889|735|4179|1|1
3779|G|2|1889|818|6768|1|1
3780|G|0|1890|705|3588|1|1
3781|G|1|1890|788|5603|1|1
3782|G|2|1891|831|7413|1|1
3783|G|0|1891|842|8004|1|1
3784|G|1|1892|707|3633|1|1
3785|G|2|1892|853|8725|1|1
3786|G|0|1893|873|10314|1|1
3787|G|1|1893|742|4335|1|1
3788|G|2|1894|724|3942|1|1
3789|G|0|1894|909|15051|1|1
3790|G|1|1895|711|3708|1|1
3791|G|2|1895|814|6596|1|1
3792|G|0|1896|909|15135|1|1
3793|G|1|1896|822|6950|1|1
3794|G|2|1897|864|9544|1|1
3795|G|0|1897|804|6165|1|1
3796|G|1|1898|878|10861|1|1
3797|G|2|1898|722|3914|1|1
3798|G|0|1899|789|5636|1|1
3799|G|1|1899|859|9154|1|1
10018|F|1|110018|718|382|1|1
3800|G|2|1900|817|6732|1|1
3801|G|0|1900|895|12877|1|1
3802|G|1|1901|813|6560|1|1
3803|G|2|1901|803|6123|1|1
3804|G|0|1902|853|8725|1|1
3805|G|1|1902|876|10662|1|1
3806|G|2|1903|890|12180|1|1
3807|G|0|1903|893|12645|1|1
3808|G|1|1904|776|5218|1|1
3809|G|2|1904|900|13643|1|1
3810|G|0|1905|746|4408|1|1
3811|G|1|1905|861|9345|1|1
3812|G|2|1906|717|3816|1|1
3813|G|0|1906|862|9444|1|1
3814|G|1|1907|915|16320|1|1
3815|G|2|1907|909|15115|1|1
3816|G|0|1908|864|9543|1|1
3817|G|1|1908|719|3849|1|1
3818|G|2|1909|889|12022|1|1
3819|G|0|1909|875|21036|1|1
3820|G|1|1910|724|7874|1|1
3821|G|2|1910|869|20050|1|1
3822|G|0|1911|883|22646|1|1
3823|G|1|1911|871|20429|1|1
3824|G|2|1912|842|16004|1|1
3825|G|0|1912|855|17778|1|1
3826|G|1|1913|870|20250|1|1
3827|G|2|1913|870|20211|1|1
3828|G|0|1914|887|23583|1|1
3829|G|1|1914|823|14016|1|1
3830|G|2|1915|865|19229|1|1
3831|G|0|1915|728|8046|0|0
3832|G|1|1916|712|7434|0|0
3833|G|2|1916|869|19971|1|1
3834|G|0|1917|853|17543|1|1
3835|G|1|1917|884|22881|1|1
3836|G|2|1918|863|19005|1|1
3837|G|0|1918|778|10520|1|1
3838|G|1|1919|828|14498|1|1
3839|G|2|1919|889|24167|1|1
3840|G|0|1920|798|11923|1|1
3841|G|1|1920|802|12185|0|0
3842|G|2|1921|828|14490|1|1
3843|G|0|1921|892|24910|1|1
3844|G|1|1922|860|18458|1|1
3845|G|2|1922|783|10856|1|1
3846|G|0|1923|820|13710|0|1
3847|G|1|1923|862|18881|1|1
3848|G|2|1924|887|23683|1|1
3849|G|0|1924|780|10667|1|1
3850|G|1|1925|855|17823|1|1
3851|G|2|1925|878|21614|1|1
3852|G|0|1926|887|23576|1|1
3853|G|1|1926|826|14265|0|1
3854|G|2|1927|881|22385|1|1
3855|G|0|1927|746|8812|0|0
3856|G|1|1928|793|11536|1|1
3857|G|2|1928|884|23083|1|1
3858|G|0|1929|854|17571|1|1
3859|G|1|1929|882|22487|1|1
3860|G|2|1930|864|19171|1|1
3861|G|0|1930|881|22413|1|1
3862|G|1|1931|872|20572|1|1
3863|G|2|1931|873|20648|1|1
3864|G|0|1932|847|16715|1|1
3865|G|1|1932|831|14838|1|1
3866|G|2|1933|848|16774|1|1
3867|G|0|1933|733|8264|0|1
3868|G|1|1934|740|8562|0|1
3869|G|2|1934|806|12465|1|1
3870|G|0|1935|734|8311|0|0
3871|G|1|1935|873|20730|1|1
3872|G|2|1936|758|9446|1|1
3873|G|0|1936|890|24314|1|1
3874|G|1|1937|869|19968|1|1
3875|G|2|1937|884|22972|1|1
3876|G|0|1938|774|10298|1|1
3877|G|1|1938|876|21240|1|1
3878|G|2|1939|839|15738|1|1
3879|G|0|1939|877|21532|1|1
3880|G|1|1940|870|20117|1|1
3881|G|2|1940|859|18304|1|1
3882|G|0|1941|851|17228|1|1
3883|G|1|1941|883|22845|1|1
3884|G|2|1942|788|11204|0|1
3885|G|0|1942|843|16194|0|1
3886|G|1|1943|803|12305|1|1
3887|G|2|1943|869|20061|1|1
3888|G|0|1944|872|20439|1|1
3889|G|1|1944|891|24713|1|1
3890|G|2|1945|753|9180|1|1
3891|G|0|1945|730|8139|0|0
3892|G|1|1946|779|10630|1|1
3893|G|2|1946|707|7262|0|1
3894|G|0|1947|781|10734|1|1
3895|G|1|1947|872|20501|1|1
3896|G|2|1948|884|23044|1|1
3897|G|0|1948|872|20614|1|1
3898|G|1|1949|860|18581|1|1
3899|G|2|1949|761|9593|1|1
3900|G|0|1950|874|20941|1|1
3901|G|1|1950|883|22777|1|1
3902|G|2|1951|753|9170|0|1
3903|G|0|1951|855|17750|1|1
3904|G|1|1952|774|10280|1|1
3905|G|2|1952|836|15295|1|1
3906|G|0|1953|889|24101|1|1
3907|G|1|1953|854|17667|1|1
3908|G|2|1954|878|21777|1|1
3909|G|0|1954|731|8194|0|1
3910|G|1|1955|850|17099|1|1
3911|G|2|1955|810|12873|1|1
3912|G|0|1956|873|20809|1|1
3913|G|1|1956|771|10122|1|1
3914|G|2|1957|812|12961|1|1
3915|G|0|1957|836|15364|0|1
3916|G|1|1958|773|10235|0|1
3917|G|2|1958|725|7925|0|0
3918|G|0|1959|758|9428|0|1
3919|G|1|1959|892|24876|1|1
3920|G|2|1960|795|11684|1|1
3921|G|0|1960|876|21210|1|1
3922|G|1|1961|740|8555|1|1
3923|G|2|1961|856|17909|1|1
3924|G|0|1962|787|11140|1|1
3925|G|1|1962|870|20166|1|1
3926|G|2|1963|879|21903|1|1
3927|G|0|1963|882|22544|1|1
3928|G|1|1964|879|21861|1|1
3929|G|2|1964|791|11407|1|1
3930|G|0|1965|879|21970|1|1
3931|G|1|1965|879|21911|1|1
3932|G|2|1966|743|8712|1|1
3933|G|0|1966|862|18768|1|1
3934|G|1|1967|860|18535|1|1
3935|G|2|1967|873|20643|1|1
3936|G|0|1968|886|23473|1|1
3937|G|1|1968|886|23364|1|1
3938|G|2|1969|873|20776|1|1
3939|G|0|1969|870|20199|1|1
3940|G|1|1970|884|22984|1|1
3941|G|2|1970|803|12296|1|1
3942|G|0|1971|874|20930|1|1
3943|G|1|1971|873|20799|1|1
3944|G|2|1972|816|13328|1|1
3945|G|0|1972|779|10630|0|1
3946|G|1|1973|736|8399|1|1
3947|G|2|1973|762|9653|0|1
3948|G|0|1974|798|11867|1|1
3949|G|1|1974|888|23862|1|1
3950|G|2|1975|889|24158|1|1
3951|G|0|1975|882|22438|1|1
3952|G|1|1976|756|9321|0|1
3953|G|2|1976|777|10456|1|1
3954|G|0|1977|828|14456|0|1
3955|G|1|1977|847|16640|1|1
3956|G|2|1978|767|9910|1|1
3957|G|0|1978|876|21278|1|1
3958|G|1|1979|823|14023|1|1
3959|G|2|1979|886|23409|1|1
3960|G|0|1980|886|23343|1|1
3961|G|1|1980|855|17797|1|1
3962|G|2|1981|814|13186|1|1
3963|G|0|1981|866|19446|1|1
3964|G|1|1982|887|23644|1|1
3965|G|2|1982|886|23407|1|1
3966|G|0|1983|753|9167|1|1
3967|G|1|1983|878|21669|1|1
3968|G|2|1984|882|22599|1|1
3969|G|0|1984|850|17077|1|1
3970|G|1|1985|838|15531|1|1
3971|G|2|1985|887|23666|1|1
3972|G|0|1986|749|8980|1|1
3973|G|1|1986|857|18077|1|1
3974|G|2|1987|761|9581|1|1
3975|G|0|1987|885|23093|1|1
3976|G|1|1988|762|9648|1|1
3977|G|2|1988|747|8888|1|1
3978|G|0|1989|847|16634|1|1
3979|G|1|1989|833|14992|1|1
3980|G|2|1990|830|14667|1|1
3981|G|0|1990|819|13597|1|1
3982|G|1|1991|885|23151|1|1
3983|G|2|1991|878|21792|1|1
3984|G|0|1992|862|18814|1|1
3985|G|1|1992|745|8778|0|1
3986|G|2|1993|847|16671|1|1
3987|G|0|1993|792|11443|1|1
3988|G|1|1994|840|15779|1|1
3989|G|2|1994|774|10294|0|1
3990|G|0|1995|879|21840|1|1
3991|G|1|1995|888|23790|1|1
3992|G|2|1996|792|11435|1|1
3993|G|0|1996|782|10811|1|1
3994|G|1|1997|837|15472|1|1
3995|G|2|1997|877|21422|1|1
3996|G|0|1998|756|9328|1|1
3997|G|1|1998|739|8502|1|1
3998|G|2|1999|845|16469|1|1
3999|G|0|1999|838|15621|0|1
10019|F|2|110019|704|358|1|1
4000|G|1|2000|830|14653|0|1
4001|G|2|2000|847|16637|1|1
4002|G|0|2001|881|22316|1|1
4003|G|1|2001|750|9012|0|1
4004|G|2|2002|791|11367|1|1
4005|G|0|2002|799|11973|1|1
4006|G|1|2003|841|15946|1|1
4007|G|2|2003|855|17734|1|1
4008|G|0|2004|789|11278|0|1
4009|G|1|2004|862|18786|1|1
4010|G|2|2005|821|13766|0|1
4011|G|0|2005|889|24194|1|1
4012|G|1|2006|843|16113|1|1
4013|G|2|2006|788|11151|0|1
4014|G|0|2007|869|20000|1|1
4015|G|1|2007|881|22332|1|1
4016|G|2|2008|794|11602|0|1
4017|G|0|2008|722|7798|0|0
4018|G|1|2009|889|24140|1|1
4019|G|2|2009|750|9037|0|1
4020|G|0|2010|849|16889|1|1
4021|G|1|2010|889|24099|1|1
4022|G|2|2011|880|22013|1|1
4023|G|0|2011|886|23426|1|1
4024|G|1|2012|877|21467|1|1
4025|G|2|2012|891|24728|1|1
4026|G|0|2013|864|19108|1|1
4027|G|1|2013|817|13428|1|1
4028|G|2|2014|890|24281|1|1
4029|G|0|2014|871|20397|1|1
4030|G|1|2015|822|13912|1|1
4031|G|2|2015|792|11428|0|1
4032|G|0|2016|764|9736|1|1
4033|G|1|2016|833|15004|1|1
4034|G|2|2017|853|17518|1|1
4035|G|0|2017|878|21644|1|1
4036|G|1|2018|864|19155|1|1
4037|G|2|2018|861|18651|1|1
4038|G|0|2019|800|12059|1|1
4039|G|1|2019|877|21551|1|1
4040|G|2|2020|779|10622|0|1
4041|G|0|2020|880|22032|1|1
4042|G|1|2021|884|23012|1|1
4043|G|2|2021|804|12344|0|1
4044|G|0|2022|864|19210|1|1
4045|G|1|2022|808|12678|0|1
4046|G|2|2023|791|11408|1|1
4047|G|0|2023|848|16812|1|1
4048|G|1|2024|871|20407|1|1
4049|G|2|2024|885|23190|1|1
4050|G|0|2025|877|21437|1|1
4051|G|1|2025|873|20789|1|1
4052|G|2|2026|868|19728|1|1
4053|G|0|2026|886|23548|1|1
4054|G|1|2027|881|22397|1|1
4055|G|2|2027|884|23002|1|1
4056|G|0|2028|825|14230|1|1
4057|G|1|2028|853|17425|1|1
4058|G|2|2029|874|20889|1|1
4059|G|0|2029|811|12911|1|1
4060|G|1|2030|862|18850|0|1
4061|G|2|2030|843|16155|1|1
4062|G|0|2031|746|8815|1|1
4063|G|1|2031|769|9994|1|1
4064|G|2|2032|732|8206|0|0
4065|G|0|2032|771|10117|0|1
4066|G|1|2033|771|10108|1|1
4067|G|2|2033|835|15286|1|1
4068|G|0|2034|718|7653|1|1
4069|G|1|2034|724|7879|0|1
4070|G|2|2035|871|20322|1|1
4071|G|0|2035|837|15493|1|1
4072|G|1|2036|849|16880|1|1
4073|G|2|2036|889|24105|1|1
4074|G|0|2037|884|23033|1|1
4075|G|1|2037|842|16100|1|1
4076|G|2|2038|851|17170|1|1
4077|G|0|2038|871|20338|1|1
4078|G|1|2039|870|20203|1|1
4079|G|2|2039|837|15498|1|1
4080|G|0|2040|817|13468|1|1
4081|G|1|2040|728|8034|1|1
4082|G|2|2041|754|9243|1|1
4083|G|0|2041|887|23580|1|1
4084|G|1|2042|890|24296|1|1
4085|G|2|2042|834|15149|1|1
4086|G|0|2043|886|23334|1|1
4087|G|1|2043|752|9123|0|1
4088|G|2|2044|776|10447|0|1
4089|G|0|2044|880|22170|1|1
4090|G|1|2045|874|20846|1|1
4091|G|2|2045|767|9893|0|0
4092|G|0|2046|850|17082|1|1
4093|G|1|2046|886|23376|1|1
4094|G|2|2047|885|23094|1|1
4095|G|0|2047|854|17673|1|1
4096|G|1|2048|796|11770|1|1
4097|G|2|2048|878|21784|1|1
4098|G|0|2049|862|18741|1|1
4099|G|1|2049|814|13132|1|1
4100|G|2|2050|723|7838|1|1
4101|G|0|2050|754|9234|0|1
4102|G|1|2051|769|10028|0|1
4103|G|2|2051|846|16519|0|1
4104|G|0|2052|768|9977|0|1
4105|G|1|2052|804|12337|0|1
4106|G|2|2053|828|14529|1|1
4107|G|0|2053|747|8876|0|1
4108|G|1|2054|868|19830|1|1
4109|G|2|2054|714|7493|0|0
4110|G|0|2055|828|14449|1|1
4111|G|1|2055|743|8716|0|1
4112|G|2|2056|740|8542|0|1
4113|G|0|2056|768|9979|1|1
4114|G|1|2057|855|17762|1|1
4115|G|2|2057|886|23377|1|1
4116|G|0|2058|828|14455|1|1
4117|G|1|2058|861|18674|1|1
4118|G|2|2059|850|17047|1|1
4119|G|0|2059|849|16968|1|1
4120|G|1|2060|830|14677|1|1
4121|G|2|2060|859|18348|1|1
4122|G|0|2061|885|23162|1|1
4123|G|1|2061|784|10907|0|1
4124|G|2|2062|806|12474|0|1
4125|G|0|2062|759|9471|1|1
4126|G|1|2063|876|21341|1|1
4127|G|2|2063|859|18306|1|1
4128|G|0|2064|871|20271|1|1
4129|G|1|2064|864|19178|1|1
4130|G|2|2065|881|22330|1|1
4131|G|0|2065|813|13072|1|1
4132|G|1|2066|852|17292|1|1
4133|G|2|2066|780|10665|1|1
4134|G|0|2067|784|10926|1|1
4135|G|1|2067|889|24210|1|1
4136|G|2|2068|844|16333|0|1
4137|G|0|2068|833|15043|1|1
4138|G|1|2069|844|16254|0|1
4139|G|2|2069|719|7703|0|0
4140|G|0|2070|872|20561|1|1
4141|G|1|2070|739|8510|0|1
4142|G|2|2071|842|16042|1|1
4143|G|0|2071|850|17109|0|1
4144|G|1|2072|804|12383|1|1
4145|G|2|2072|891|24627|1|1
4146|G|0|2073|745|8770|0|0
4147|G|1|2073|886|23503|1|1
4148|G|2|2074|856|17899|1|1
4149|G|0|2074|707|7246|0|1
4150|G|1|2075|856|17836|0|1
4151|G|2|2075|796|11714|1|1
4152|G|0|2076|763|9669|0|1
4153|G|1|2076|793|11502|1|1
4154|G|2|2077|776|10432|1|1
4155|G|0|2077|764|9744|1|1
4156|G|1|2078|795|11638|0|1
4157|G|2|2078|829|14616|1|1
4158|G|0|2079|830|14743|1|1
4159|G|1|2079|877|21422|1|1
4160|G|2|2080|856|17845|1|1
4161|G|0|2080|859|18405|1|1
4162|G|1|2081|801|12093|1|1
4163|G|2|2081|891|24540|1|1
4164|G|0|2082|882|22435|1|1
4165|G|1|2082|788|11218|1|1
4166|G|2|2083|720|7752|0|1
4167|G|0|2083|850|17037|1|1
4168|G|1|2084|733|8248|0|1
4169|G|2|2084|869|20055|1|1
4170|G|0|2085|755|9278|1|1
4171|G|1|2085|866|19530|1|1
4172|G|2|2086|837|15495|1|1
4173|G|0|2086|743|8709|0|1
4174|G|1|2087|853|17462|1|1
4175|G|2|2087|801|12130|0|1
4176|G|0|2088|755|9266|0|1
4177|G|1|2088|866|19433|1|1
4178|G|2|2089|749|8977|1|1
4179|G|0|2089|891|24734|1|1
4180|G|1|2090|882|22544|1|1
4181|G|2|2090|847|16681|1|1
4182|G|0|2091|782|10804|1|1
4183|G|1|2091|836|15314|0|1
4184|G|2|2092|864|19135|1|1
4185|G|0|2092|787|11108|0|1
4186|G|1|2093|799|11930|1|1
4187|G|2|2093|878|21611|1|1
4188|G|0|2094|775|10340|1|1
4189|G|1|2094|859|18386|0|1
4190|G|2|2095|859|18386|1|1
4191|G|0|2095|781|10704|0|1
4192|G|1|2096|858|18193|1|1
4193|G|2|2096|756|9331|1|1
4194|G|0|2097|824|14133|0|1
4195|G|1|2097|819|13601|0|1
4196|G|2|2098|878|21781|1|1
4197|G|0|2098|849|16927|0|1
4198|G|1|2099|783|10873|1|1
4199|G|2|2099|713|7454|1|1
10020|F|0|110020|850|382|1|1
4200|G|0|2100|811|12883|1|1
4201|G|1|2100|883|22711|1|1
4202|G|2|2101|719|7703|1|1
4203|G|0|2101|860|18528|1|1
4204|G|1|2102|757|9360|1|1
4205|G|2|2102|861|18611|1|1
4206|G|0|2103|751|9094|0|1
4207|G|1|2103|888|24005|1|1
4208|G|2|2104|881|22247|1|1
4209|G|0|2104|879|21918|1|1
4210|G|1|2105|870|20130|1|1
4211|G|2|2105|748|8906|1|1
4212|G|0|2106|751|9060|1|1
4213|G|1|2106|825|14187|1|1
4214|G|2|2107|886|23405|1|1
4215|G|0|2107|832|14876|0|1
4216|G|1|2108|745|8804|0|0
4217|G|2|2108|874|20980|1|1
4218|G|0|2109|870|20207|1|1
4219|G|1|2109|880|22156|1|1
4220|G|2|2110|781|10723|1|1
4221|G|0|2110|740|8574|0|1
4222|G|1|2111|860|18516|1|1
4223|G|2|2111|797|11821|1|1
4224|G|0|2112|867|19567|1|1
4225|G|1|2112|725|7918|1|1
4226|G|2|2113|856|17904|0|1
4227|G|0|2113|865|19244|1|1
4228|G|1|2114|810|12802|0|1
4229|G|2|2114|893|25057|1|1
4230|G|0|2115|880|22192|1|1
4231|G|1|2115|853|17464|1|1
4232|G|2|2116|872|20486|1|1
4233|G|0|2116|835|15194|0|1
4234|G|1|2117|884|22865|1|1
4235|G|2|2117|814|13141|1|1
4236|G|0|2118|802|12228|1|1
4237|G|1|2118|838|15523|1|1
4238|G|2|2119|891|24747|1|1
4239|G|0|2119|886|23453|1|1
4240|G|1|2120|862|18845|1|1
4241|G|2|2120|850|17114|1|1
4242|G|0|2121|878|21743|1|1
4243|G|1|2121|879|21869|1|1
4244|G|2|2122|805|12449|1|1
4245|G|0|2122|875|21121|1|1
4246|G|1|2123|837|15418|1|1
4247|G|2|2123|776|10412|1|1
4248|G|0|2124|771|10151|0|0
4249|G|1|2124|853|17435|1|1
4250|G|2|2125|875|21101|1|1
4251|G|0|2125|869|19943|1|1
4252|G|1|2126|858|18269|1|1
4253|G|2|2126|891|24563|1|1
4254|G|0|2127|873|10398|0|0
4255|G|1|2127|928|19528|0|0
4256|G|2|2128|881|11113|0|0
4257|G|0|2128|771|5062|0|0
4258|G|1|2129|886|11763|0|0
4259|G|2|2129|911|15544|0|0
4260|G|0|2130|873|10367|0|0
4261|G|1|2130|759|4746|0|0
4262|G|2|2131|845|8193|0|0
4263|G|0|2131|754|4613|0|0
4264|G|1|2132|791|5706|0|0
4265|G|2|2132|756|4657|0|0
4266|G|0|2133|830|7345|0|0
4267|G|1|2133|889|12117|0|0
4268|G|2|2134|790|5670|0|0
4269|G|0|2134|863|18898|0|0
4270|G|1|2135|974|114971|0|0
4271|G|2|2135|874|20854|0|0
4272|G|0|2136|982|164110|0|0
4273|G|1|2136|975|121120|0|0
4274|G|2|2137|987|227888|0|0
4275|G|0|2137|912|31140|0|0
4276|G|1|2138|984|193857|0|0
4277|G|2|2138|896|25989|0|0
4278|G|0|2139|980|154395|0|0
4279|G|1|2139|986|212559|0|0
4280|G|2|2140|981|158034|0|0
4281|G|0|2140|904|28541|0|0
4282|G|1|2141|973|109196|0|0
4283|G|2|2141|848|16862|0|0
4284|G|0|2142|969|96626|0|0
4285|G|1|2142|984|189154|0|0
4286|G|2|2143|975|119869|0|0
4287|G|0|2143|911|30963|0|0
4288|G|1|2144|978|139566|0|0
4289|G|2|2144|934|43068|0|0
4290|G|0|2145|973|108132|0|0
4291|G|1|2145|981|155049|0|0
4292|G|2|2146|970|100247|0|0
4293|G|0|2146|926|37966|0|0
4294|G|1|2147|971|102467|0|0
4295|G|2|2147|913|31631|0|0
4296|G|0|2148|981|160420|0|0
4297|G|1|2148|985|208008|0|0
4298|G|2|2149|985|203932|0|0
4299|G|0|2149|878|10836|0|0
4300|G|1|2150|928|19405|0|0
4301|G|2|2150|879|10986|0|0
4302|G|0|2151|770|5025|0|0
4303|G|1|2151|887|11868|0|0
4304|G|2|2152|912|15654|0|0
4305|G|0|2152|873|10323|0|0
4306|G|1|2153|760|4754|0|0
4307|G|2|2153|845|8212|0|0
4308|G|0|2154|763|4832|0|0
4309|G|1|2154|782|5397|0|0
4310|G|2|2155|748|4464|0|0
4311|G|0|2155|827|7195|0|0
4312|G|1|2156|890|12197|0|0
4313|G|2|2156|788|5603|0|0
4314|G|0|2157|862|18892|0|0
4315|G|1|2157|974|114973|0|0
4316|G|2|2158|874|20847|0|0
4317|G|0|2158|982|164111|0|0
4318|G|1|2159|975|121150|0|0
4319|G|2|2159|987|227885|0|0
4320|G|0|2160|912|31156|0|0
4321|G|1|2160|984|193851|0|0
4322|G|2|2161|896|26050|0|0
4323|G|0|2161|980|154395|0|0
4324|G|1|2162|986|212558|0|0
4325|G|2|2162|981|158014|0|0
4326|G|0|2163|904|28565|0|0
4327|G|1|2163|973|109186|0|0
4328|G|2|2164|848|16860|0|0
4329|G|0|2164|969|96613|0|0
4330|G|1|2165|984|189125|0|0
4331|G|2|2165|975|119878|0|0
4332|G|0|2166|911|30941|0|0
4333|G|1|2166|978|139562|0|0
4334|G|2|2167|934|43085|0|0
4335|G|0|2167|973|108158|0|0
4336|G|1|2168|981|155039|0|0
4337|G|2|2168|970|100237|0|0
4338|G|0|2169|926|37948|0|0
4339|G|1|2169|971|102464|0|0
4340|G|2|2170|913|31648|0|0
4341|G|0|2170|981|160415|0|0
4342|G|1|2171|985|208006|0|0
4343|G|2|2171|985|203936|0|0
4344|G|0|2172|869|10026|1|1
4345|G|1|2172|756|4671|1|1
4346|G|2|2173|935|21679|1|0
4347|G|0|2173|928|19472|1|0
4348|G|1|2174|710|3690|1|1
4349|G|2|2174|857|9020|1|1
4350|G|0|2175|858|9071|1|1
4351|G|1|2175|948|27397|1|1
4352|G|2|2176|740|8568|1|1
4353|G|0|2176|741|8624|0|0
4354|G|1|2177|722|7828|0|1
4355|G|2|2177|726|7977|1|1
4356|G|0|2178|751|9087|0|1
4357|G|1|2178|823|14025|1|1
4358|G|2|2179|778|10567|0|1
4359|G|0|2179|782|10789|1|1
4360|G|1|2180|812|12963|1|1
4361|G|2|2180|823|14003|1|1
4362|G|0|2181|800|12073|1|1
4363|G|1|2181|717|7635|1|1
4364|G|2|2182|818|13527|1|1
4365|G|0|2182|815|13296|1|1
4366|G|1|2183|790|11319|1|1
4367|G|2|2183|817|13480|0|1
4368|G|0|2184|801|12138|1|1
4369|G|1|2184|812|12981|1|1
4370|G|2|2185|765|9768|1|1
4371|G|0|2185|715|7558|0|0
4372|G|1|2186|728|8032|1|1
4373|G|2|2186|827|14344|1|1
4374|G|0|2187|772|10186|1|1
4375|G|1|2187|727|8015|0|1
4376|G|2|2188|753|9169|1|1
4377|G|0|2188|749|8956|1|1
4378|G|1|2189|824|14125|1|1
4379|G|2|2189|796|11742|1|1
4380|G|0|2190|802|12205|1|1
4381|G|1|2190|817|13415|1|1
4382|G|2|2191|792|11460|1|1
4383|G|0|2191|814|13149|1|1
4384|G|1|2192|730|8119|1|1
4385|G|2|2192|777|10503|0|1
4386|G|0|2193|746|8818|0|1
4387|G|1|2193|830|14708|1|1
4388|G|2|2194|822|13880|1|1
4389|G|0|2194|827|14407|1|1
4390|G|1|2195|798|11904|1|1
4391|G|2|2195|733|8265|0|0
4392|G|0|2196|828|14463|1|1
4393|G|1|2196|793|11533|1|1
4394|G|2|2197|789|11255|1|1
4395|G|0|2197|722|7826|1|1
4396|G|1|2198|781|10702|1|1
4397|G|2|2198|786|11082|1|1
4398|G|0|2199|832|14891|1|1
4399|G|1|2199|778|10573|1|1
10021|F|1|110021|840|358|1|1
4400|G|2|2200|776|10435|1|1
4401|G|0|2200|718|7676|0|0
4402|G|1|2201|807|12547|1|1
4403|G|2|2201|810|12844|0|1
4404|G|0|2202|811|12920|0|1
4405|G|1|2202|832|14924|1|1
4406|G|2|2203|753|9187|0|1
4407|G|0|2203|754|9220|0|1
4408|G|1|2204|802|12182|0|1
4409|G|2|2204|772|10185|0|1
4410|G|0|2205|767|9926|1|1
4411|G|1|2205|774|10326|1|1
4412|G|2|2206|825|14226|1|1
4413|G|0|2206|830|14723|1|1
4414|G|1|2207|739|8513|1|1
4415|G|2|2207|772|10209|1|1
4416|G|0|2208|769|9992|1|1
4417|G|1|2208|773|10254|0|1
4418|G|2|2209|719|7702|0|0
4419|G|0|2209|827|14378|1|1
4420|G|1|2210|764|9741|0|1
4421|G|2|2210|767|9931|1|1
4422|G|0|2211|829|14582|1|1
4423|G|1|2211|804|12347|1|1
4424|G|2|2212|804|12328|1|1
4425|G|0|2212|803|12282|1|1
4426|G|1|2213|831|14764|1|1
4427|G|2|2213|773|10268|1|1
4428|G|0|2214|741|8589|1|1
4429|G|1|2214|784|10926|1|1
4430|G|2|2215|774|10288|1|1
4431|G|0|2215|832|14953|1|1
4432|G|1|2216|813|13060|1|1
4433|G|2|2216|803|12292|0|1
4434|G|0|2217|822|13929|0|1
4435|G|1|2217|826|14282|1|1
4436|G|2|2218|818|13519|1|1
4437|G|0|2218|813|13093|1|1
4438|G|1|2219|794|11612|1|1
4439|G|2|2219|788|11193|1|1
4440|G|0|2220|749|8979|0|1
4441|G|1|2220|759|9452|1|1
4442|G|2|2221|711|7383|1|1
4443|G|0|2221|815|13253|1|1
4444|G|1|2222|810|12808|1|1
4445|G|2|2222|733|8263|1|1
4446|G|0|2223|816|13331|0|1
4447|G|1|2223|830|14679|1|1
4448|G|2|2224|830|14680|1|1
4449|G|0|2224|804|12322|1|1
4450|G|1|2225|727|8009|1|1
4451|G|2|2225|795|11654|1|1
4452|G|0|2226|801|12132|1|1
4453|G|1|2226|782|10782|0|1
4454|G|2|2227|787|11142|0|1
4455|G|0|2227|779|10616|0|0
4456|G|1|2228|811|12890|1|1
4457|G|2|2228|824|14073|0|1
4458|G|0|2229|730|8126|1|1
4459|G|1|2229|778|10568|0|1
4460|G|2|2230|782|10777|0|1
4461|G|0|2230|815|13277|1|1
4462|G|1|2231|785|11013|0|1
4463|G|2|2231|736|8397|1|1
4464|G|0|2232|777|10483|1|1
4465|G|1|2232|763|9698|1|1
4466|G|2|2233|813|13078|0|1
4467|G|0|2233|823|14044|1|1
4468|G|1|2234|828|14457|1|1
4469|G|2|2234|753|9191|0|1
4470|G|0|2235|818|13508|1|1
4471|G|1|2235|734|8303|0|1
4472|G|2|2236|833|15006|0|1
4473|G|0|2236|809|12710|1|1
4474|G|1|2237|817|13476|1|1
4475|G|2|2237|784|10912|1|1
4476|G|0|2238|732|8227|1|1
4477|G|1|2238|826|14248|1|1
4478|G|2|2239|821|13782|0|1
4479|G|0|2239|773|10272|1|1
4480|G|1|2240|809|12768|0|1
4481|G|2|2240|736|8399|0|1
4482|G|0|2241|820|13706|1|1
4483|G|1|2241|820|13759|1|1
4484|G|2|2242|732|8210|1|1
4485|G|0|2242|806|12492|1|1
4486|G|1|2243|732|8229|1|1
4487|G|2|2243|706|7210|1|1
4488|G|0|2244|794|11608|1|1
4489|G|1|2244|752|9101|1|1
4490|G|2|2245|725|7947|0|0
4491|G|0|2245|759|9483|0|1
4492|G|1|2246|801|12150|0|1
4493|G|2|2246|779|10592|0|1
4494|G|0|2247|824|14121|0|1
4495|G|1|2247|822|13922|1|1
4496|G|2|2248|825|14165|1|1
4497|G|0|2248|822|13906|0|1
4498|G|1|2249|773|10234|0|0
4499|G|2|2249|747|8866|1|1
4500|G|0|2250|797|11820|1|1
4501|G|1|2250|794|11623|0|1
4502|G|2|2251|707|7256|0|1
4503|G|0|2251|757|9358|1|1
4504|G|1|2252|773|10267|0|1
4505|G|2|2252|748|8936|0|0
4506|G|0|2253|723|7854|1|1
4507|G|1|2253|809|12760|1|1
4508|G|2|2254|744|8719|0|1
4509|G|0|2254|802|12217|1|1
4510|G|1|2255|764|9721|0|1
4511|G|2|2255|740|8550|1|1
4512|G|0|2256|821|13851|0|1
4513|G|1|2256|807|12564|1|1
4514|G|2|2257|740|8544|1|1
4515|G|0|2257|790|11315|0|1
4516|G|1|2258|760|9512|1|1
4517|G|2|2258|762|9640|1|1
4518|G|0|2259|830|14658|1|1
4519|G|1|2259|768|9977|1|1
4520|G|2|2260|799|11941|1|1
4521|G|0|2260|788|11174|1|1
4522|G|1|2261|820|13716|1|1
4523|G|2|2261|830|14676|1|1
4524|G|0|2262|761|9578|1|1
4525|G|1|2262|740|8555|1|1
4526|G|2|2263|820|13700|1|1
4527|G|0|2263|751|9090|0|1
4528|G|1|2264|761|9581|1|1
4529|G|2|2264|834|15088|0|1
4530|G|0|2265|820|13672|1|1
4531|G|1|2265|794|11624|1|1
4532|G|2|2266|811|12912|1|1
4533|G|0|2266|818|13544|1|1
4534|G|1|2267|786|11035|1|1
4535|G|2|2267|760|9539|1|1
4536|G|0|2268|726|7952|0|1
4537|G|1|2268|757|9364|1|1
4538|G|2|2269|794|11633|1|1
4539|G|0|2269|812|12996|0|1
4540|G|1|2270|751|9089|0|0
4541|G|2|2270|802|12202|1|1
4542|G|0|2271|813|13107|1|1
4543|G|1|2271|758|9397|1|1
4544|G|2|2272|816|13355|1|1
4545|G|0|2272|762|9616|0|1
4546|G|1|2273|705|7195|0|0
4547|G|2|2273|825|14232|0|1
4548|G|0|2274|808|12657|1|1
4549|G|1|2274|832|14960|1|1
4550|G|2|2275|814|6600|1|1
4551|G|0|2275|846|8265|1|1
4552|G|1|2276|911|15354|1|1
4553|G|2|2276|853|8757|1|1
4554|G|0|2277|908|14931|1|1
4555|G|1|2277|878|10837|1|1
4556|G|2|2278|927|19123|1|1
4557|G|0|2278|885|11633|1|1
4558|G|1|2279|887|11836|1|1
4559|G|2|2279|747|4449|1|1
4560|G|0|2280|836|7657|1|1
4561|G|1|2280|879|10962|1|1
4562|G|2|2281|877|10759|1|1
4563|G|0|2281|842|8041|1|1
4564|G|1|2282|845|8234|1|1
4565|G|2|2282|739|4267|1|1
4566|G|0|2283|857|9007|1|1
4567|G|1|2283|891|12370|1|1
4568|G|2|2284|836|7694|1|1
4569|G|0|2284|798|5949|1|1
4570|G|1|2285|837|7733|1|1
4571|G|2|2285|827|7212|1|1
4572|G|0|2286|889|12130|1|1
4573|G|1|2286|848|8371|1|1
4574|G|2|2287|871|10150|1|1
4575|G|0|2287|839|7825|1|1
4576|G|1|2288|841|7934|1|1
4577|G|2|2288|886|11674|1|1
4578|G|0|2289|842|8052|1|1
4579|G|1|2289|919|17201|1|1
4580|G|2|2290|868|9876|1|1
4581|G|0|2290|857|9019|1|1
4582|G|1|2291|777|5246|1|1
4583|G|2|2291|882|11272|1|1
4584|G|0|2292|804|6167|1|1
4585|G|1|2292|876|10684|1|1
4586|G|2|2293|879|10943|1|1
4587|G|0|2293|825|7087|1|1
4588|G|1|2294|869|9968|1|1
4589|G|2|2294|792|5723|1|1
4590|G|0|2295|899|13401|1|1
4591|G|1|2295|771|5053|1|1
4592|G|2|2296|802|6099|1|1
4593|G|0|2296|850|8526|1|1
4594|G|1|2297|906|14608|1|1
4595|G|2|2297|898|13245|1|1
4596|G|0|2298|888|11942|1|1
4597|G|1|2298|899|13355|1|1
4598|G|2|2299|877|10745|1|1
4599|G|0|2299|764|4874|1|1
10022|F|2|110022|718|6600|1|1
4600|G|1|2300|898|13241|1|1
4601|G|2|2300|723|3932|1|1
4602|G|0|2301|706|3605|1|1
4603|G|1|2301|838|7793|1|1
4604|G|2|2302|903|13985|1|1
4605|G|0|2302|858|9088|1|1
4606|G|1|2303|880|11054|1|1
4607|G|2|2303|850|8514|1|1
4608|G|0|2304|878|10798|1|1
4609|G|1|2304|828|7269|1|1
4610|G|2|2305|897|13129|1|1
4611|G|0|2305|720|3860|1|1
4612|G|1|2306|751|4530|1|1
4613|G|2|2306|849|8435|1|1
4614|G|0|2307|843|8110|1|1
4615|G|1|2307|896|13034|1|1
4616|G|2|2308|860|9288|1|1
4617|G|0|2308|866|9754|1|1
4618|G|1|2309|903|14072|1|1
4619|G|2|2309|856|8950|1|1
4620|G|0|2310|921|17679|1|1
4621|G|1|2310|743|4342|1|1
4622|G|2|2311|864|9586|1|1
4623|G|0|2311|933|21026|1|1
4624|G|1|2312|913|15824|1|1
4625|G|2|2312|876|10683|1|1
4626|G|0|2313|839|7863|1|1
4627|G|1|2313|876|10693|1|1
4628|G|2|2314|767|4942|1|1
4629|G|0|2314|869|9954|1|1
4630|G|1|2315|907|14691|1|1
4631|G|2|2315|897|13077|1|1
4632|G|0|2316|873|10394|1|1
4633|G|1|2316|795|5820|1|1
4634|G|2|2317|880|11021|1|1
4635|G|0|2317|772|5101|1|1
4636|G|1|2318|714|3755|1|1
4637|G|2|2318|729|4040|1|1
4638|G|0|2319|816|6682|1|1
4639|G|1|2319|725|3955|1|1
4640|G|2|2320|934|21392|1|1
4641|G|0|2320|854|8835|1|1
4642|G|1|2321|885|11652|1|1
4643|G|2|2321|912|15565|1|1
4644|G|0|2322|862|9386|1|1
4645|G|1|2322|740|4288|1|1
4646|G|2|2323|869|9965|1|1
4647|G|0|2323|844|8168|1|1
4648|G|1|2324|905|14402|1|1
4649|G|2|2324|930|20157|1|1
4650|G|0|2325|795|5832|1|1
4651|G|1|2325|772|5085|1|1
4652|G|2|2326|853|8732|1|1
4653|G|0|2326|802|6078|1|1
4654|G|1|2327|863|9487|1|1
4655|G|2|2327|881|11136|1|1
4656|G|0|2328|896|12935|1|1
4657|G|1|2328|822|6952|1|1
4658|G|2|2329|891|12314|1|1
4659|G|0|2329|880|11052|1|1
4660|G|1|2330|823|7014|1|1
4661|G|2|2330|909|15149|1|1
4662|G|0|2331|777|5236|1|1
4663|G|1|2331|924|18269|1|1
4664|G|2|2332|754|4617|1|1
4665|G|0|2332|800|6004|1|1
4666|G|1|2333|834|7538|1|1
4667|G|2|2333|820|6855|1|1
4668|G|0|2334|824|7052|1|1
4669|G|1|2334|852|8691|1|1
4670|G|2|2335|902|13813|1|1
4671|G|0|2335|923|18190|1|1
4672|G|1|2336|872|10255|1|1
4673|G|2|2336|746|4425|1|1
4674|G|0|2337|719|3857|1|1
4675|G|1|2337|720|3867|1|1
4676|G|2|2338|828|7261|1|1
4677|G|0|2338|872|10255|1|1
4678|G|1|2339|850|8549|1|1
4679|G|2|2339|844|8170|1|1
4680|G|0|2340|734|4146|1|1
4681|G|1|2340|891|12351|1|1
4682|G|2|2341|784|5476|1|1
4683|G|0|2341|862|9435|1|1
4684|G|1|2342|805|6199|1|1
4685|G|2|2342|830|7370|1|1
4686|G|0|2343|814|6603|1|1
4687|G|1|2343|822|6937|1|1
4688|G|2|2344|735|4179|1|1
4689|G|0|2344|818|6768|1|1
4690|G|1|2345|705|3588|1|1
4691|G|2|2345|788|5603|1|1
4692|G|0|2346|831|7413|1|1
4693|G|1|2346|842|8004|1|1
4694|G|2|2347|707|3633|1|1
4695|G|0|2347|853|8725|1|1
4696|G|1|2348|873|10314|1|1
4697|G|2|2348|742|4335|1|1
4698|G|0|2349|724|3942|1|1
4699|G|1|2349|909|15051|1|1
4700|G|2|2350|711|3708|1|1
4701|G|0|2350|814|6596|1|1
4702|G|1|2351|909|15135|1|1
4703|G|2|2351|822|6950|1|1
4704|G|0|2352|864|9544|1|1
4705|G|1|2352|804|6165|1|1
4706|G|2|2353|878|10861|1|1
4707|G|0|2353|722|3914|1|1
4708|G|1|2354|789|5636|1|1
4709|G|2|2354|859|9154|1|1
4710|G|0|2355|817|6732|1|1
4711|G|1|2355|895|12877|1|1
4712|G|2|2356|813|6560|1|1
4713|G|0|2356|803|6123|1|1
4714|G|1|2357|853|8725|1|1
4715|G|2|2357|876|10662|1|1
4716|G|0|2358|890|12180|1|1
4717|G|1|2358|893|12645|1|1
4718|G|2|2359|776|5218|1|1
4719|G|0|2359|900|13643|1|1
4720|G|1|2360|746|4408|1|1
4721|G|2|2360|861|9345|1|1
4722|G|0|2361|717|3816|1|1
4723|G|1|2361|862|9444|1|1
4724|G|2|2362|915|16320|1|1
4725|G|0|2362|909|15115|1|1
4726|G|1|2363|864|9543|1|1
4727|G|2|2363|719|3849|1|1
4728|G|0|2364|889|12022|1|1
4729|G|1|2364|875|21036|1|1
4730|G|2|2365|724|7874|1|1
4731|G|0|2365|869|20050|1|1
4732|G|1|2366|883|22646|1|1
4733|G|2|2366|871|20429|1|1
4734|G|0|2367|842|16004|1|1
4735|G|1|2367|855|17778|1|1
4736|G|2|2368|870|20250|1|1
4737|G|0|2368|870|20211|1|1
4738|G|1|2369|887|23583|1|1
4739|G|2|2369|823|14016|1|1
4740|G|0|2370|865|19229|1|1
4741|G|1|2370|728|8046|0|0
4742|G|2|2371|712|7434|0|0
4743|G|0|2371|869|19971|1|1
4744|G|1|2372|853|17543|1|1
4745|G|2|2372|884|22881|1|1
4746|G|0|2373|863|19005|1|1
4747|G|1|2373|778|10520|1|1
4748|G|2|2374|828|14498|1|1
4749|G|0|2374|889|24167|1|1
4750|G|1|2375|798|11923|1|1
4751|G|2|2375|802|12185|0|0
4752|G|0|2376|828|14490|1|1
4753|G|1|2376|892|24910|1|1
4754|G|2|2377|860|18458|1|1
4755|G|0|2377|783|10856|1|1
4756|G|1|2378|820|13710|0|1
4757|G|2|2378|862|18881|1|1
4758|G|0|2379|887|23683|1|1
4759|G|1|2379|780|10667|1|1
4760|G|2|2380|855|17823|1|1
4761|G|0|2380|878|21614|1|1
4762|G|1|2381|887|23576|1|1
4763|G|2|2381|826|14265|0|1
4764|G|0|2382|881|22385|1|1
4765|G|1|2382|746|8812|0|0
4766|G|2|2383|793|11536|1|1
4767|G|0|2383|884|23083|1|1
4768|G|1|2384|854|17571|1|1
4769|G|2|2384|882|22487|1|1
4770|G|0|2385|864|19171|1|1
4771|G|1|2385|881|22413|1|1
4772|G|2|2386|872|20572|1|1
4773|G|0|2386|873|20648|1|1
4774|G|1|2387|847|16715|1|1
4775|G|2|2387|831|14838|1|1
4776|G|0|2388|848|16774|1|1
4777|G|1|2388|733|8264|0|1
4778|G|2|2389|740|8562|0|1
4779|G|0|2389|806|12465|1|1
4780|G|1|2390|734|8311|0|0
4781|G|2|2390|873|20730|1|1
4782|G|0|2391|758|9446|1|1
4783|G|1|2391|890|24314|1|1
4784|G|2|2392|869|19968|1|1
4785|G|0|2392|884|22972|1|1
4786|G|1|2393|774|10298|1|1
4787|G|2|2393|876|21240|1|1
4788|G|0|2394|839|15738|1|1
4789|G|1|2394|877|21532|1|1
4790|G|2|2395|870|20117|1|1
4791|G|0|2395|859|18304|1|1
4792|G|1|2396|851|17228|1|1
4793|G|2|2396|883|22845|1|1
4794|G|0|2397|788|11204|0|1
4795|G|1|2397|843|16194|0|1
4796|G|2|2398|803|12305|1|1
4797|G|0|2398|869|20061|1|1
4798|G|1|2399|872|20439|1|1
4799|G|2|2399|891|24713|1|1
10023|F|0|110023|704|6603|1|1
4800|G|0|2400|753|9180|1|1
4801|G|1|2400|730|8139|0|0
4802|G|2|2401|779|10630|1|1
4803|G|0|2401|707|7262|0|1
4804|G|1|2402|781|10734|1|1
4805|G|2|2402|872|20501|1|1
4806|G|0|2403|884|23044|1|1
4807|G|1|2403|872|20614|1|1
4808|G|2|2404|860|18581|1|1
4809|G|0|2404|761|9593|1|1
4810|G|1|2405|874|20941|1|1
4811|G|2|2405|883|22777|1|1
4812|G|0|2406|753|9170|0|1
4813|G|1|2406|855|17750|1|1
4814|G|2|2407|774|10280|1|1
4815|G|0|2407|836|15295|1|1
4816|G|1|2408|889|24101|1|1
4817|G|2|2408|854|17667|1|1
4818|G|0|2409|878|21777|1|1
4819|G|1|2409|731|8194|0|1
4820|G|2|2410|850|17099|1|1
4821|G|0|2410|810|12873|1|1
4822|G|1|2411|873|20809|1|1
4823|G|2|2411|771|10122|1|1
4824|G|0|2412|812|12961|1|1
4825|G|1|2412|836|15364|0|1
4826|G|2|2413|773|10235|0|1
4827|G|0|2413|725|7925|0|0
4828|G|1|2414|758|9428|0|1
4829|G|2|2414|892|24876|1|1
4830|G|0|2415|795|11684|1|1
4831|G|1|2415|876|21210|1|1
4832|G|2|2416|740|8555|1|1
4833|G|0|2416|856|17909|1|1
4834|G|1|2417|787|11140|1|1
4835|G|2|2417|870|20166|1|1
4836|G|0|2418|879|21903|1|1
4837|G|1|2418|882|22544|1|1
4838|G|2|2419|879|21861|1|1
4839|G|0|2419|791|11407|1|1
4840|G|1|2420|879|21970|1|1
4841|G|2|2420|879|21911|1|1
4842|G|0|2421|743|8712|1|1
4843|G|1|2421|862|18768|1|1
4844|G|2|2422|860|18535|1|1
4845|G|0|2422|873|20643|1|1
4846|G|1|2423|886|23473|1|1
4847|G|2|2423|886|23364|1|1
4848|G|0|2424|873|20776|1|1
4849|G|1|2424|870|20199|1|1
4850|G|2|2425|884|22984|1|1
4851|G|0|2425|803|12296|1|1
4852|G|1|2426|874|20930|1|1
4853|G|2|2426|873|20799|1|1
4854|G|0|2427|816|13328|1|1
4855|G|1|2427|779|10630|0|1
4856|G|2|2428|736|8399|1|1
4857|G|0|2428|762|9653|0|1
4858|G|1|2429|798|11867|1|1
4859|G|2|2429|888|23862|1|1
4860|G|0|2430|889|24158|1|1
4861|G|1|2430|882|22438|1|1
4862|G|2|2431|756|9321|0|1
4863|G|0|2431|777|10456|1|1
4864|G|1|2432|828|14456|0|1
4865|G|2|2432|847|16640|1|1
4866|G|0|2433|767|9910|1|1
4867|G|1|2433|876|21278|1|1
4868|G|2|2434|823|14023|1|1
4869|G|0|2434|886|23409|1|1
4870|G|1|2435|886|23343|1|1
4871|G|2|2435|855|17797|1|1
4872|G|0|2436|814|13186|1|1
4873|G|1|2436|866|19446|1|1
4874|G|2|2437|887|23644|1|1
4875|G|0|2437|886|23407|1|1
4876|G|1|2438|753|9167|1|1
4877|G|2|2438|878|21669|1|1
4878|G|0|2439|882|22599|1|1
4879|G|1|2439|850|17077|1|1
4880|G|2|2440|838|15531|1|1
4881|G|0|2440|887|23666|1|1
4882|G|1|2441|749|8980|1|1
4883|G|2|2441|857|18077|1|1
4884|G|0|2442|761|9581|1|1
4885|G|1|2442|885|23093|1|1
4886|G|2|2443|762|9648|1|1
4887|G|0|2443|747|8888|1|1
4888|G|1|2444|847|16634|1|1
4889|G|2|2444|833|14992|1|1
4890|G|0|2445|830|14667|1|1
4891|G|1|2445|819|13597|1|1
4892|G|2|2446|885|23151|1|1
4893|G|0|2446|878|21792|1|1
4894|G|1|2447|862|18814|1|1
4895|G|2|2447|745|8778|0|1
4896|G|0|2448|847|16671|1|1
4897|G|1|2448|792|11443|1|1
4898|G|2|2449|840|15779|1|1
4899|G|0|2449|774|10294|0|1
4900|G|1|2450|879|21840|1|1
4901|G|2|2450|888|23790|1|1
4902|G|0|2451|792|11435|1|1
4903|G|1|2451|782|10811|1|1
4904|G|2|2452|837|15472|1|1
4905|G|0|2452|877|21422|1|1
4906|G|1|2453|756|9328|1|1
4907|G|2|2453|739|8502|1|1
4908|G|0|2454|845|16469|1|1
4909|G|1|2454|838|15621|0|1
4910|G|2|2455|830|14653|0|1
4911|G|0|2455|847|16637|1|1
4912|G|1|2456|881|22316|1|1
4913|G|2|2456|750|9012|0|1
4914|G|0|2457|791|11367|1|1
4915|G|1|2457|799|11973|1|1
4916|G|2|2458|841|15946|1|1
4917|G|0|2458|855|17734|1|1
4918|G|1|2459|789|11278|0|1
4919|G|2|2459|862|18786|1|1
4920|G|0|2460|821|13766|0|1
4921|G|1|2460|889|24194|1|1
4922|G|2|2461|843|16113|1|1
4923|G|0|2461|788|11151|0|1
4924|G|1|2462|869|20000|1|1
4925|G|2|2462|881|22332|1|1
4926|G|0|2463|794|11602|0|1
4927|G|1|2463|722|7798|0|0
4928|G|2|2464|889|24140|1|1
4929|G|0|2464|750|9037|0|1
4930|G|1|2465|849|16889|1|1
4931|G|2|2465|889|24099|1|1
4932|G|0|2466|880|22013|1|1
4933|G|1|2466|886|23426|1|1
4934|G|2|2467|877|21467|1|1
4935|G|0|2467|891|24728|1|1
4936|G|1|2468|864|19108|1|1
4937|G|2|2468|817|13428|1|1
4938|G|0|2469|890|24281|1|1
4939|G|1|2469|871|20397|1|1
4940|G|2|2470|822|13912|1|1
4941|G|0|2470|792|11428|0|1
4942|G|1|2471|764|9736|1|1
4943|G|2|2471|833|15004|1|1
4944|G|0|2472|853|17518|1|1
4945|G|1|2472|878|21644|1|1
4946|G|2|2473|864|19155|1|1
4947|G|0|2473|861|18651|1|1
4948|G|1|2474|800|12059|1|1
4949|G|2|2474|877|21551|1|1
4950|G|0|2475|779|10622|0|1
4951|G|1|2475|880|22032|1|1
4952|G|2|2476|884|23012|1|1
4953|G|0|2476|804|12344|0|1
4954|G|1|2477|864|19210|1|1
4955|G|2|2477|808|12678|0|1
4956|G|0|2478|791|11408|1|1
4957|G|1|2478|848|16812|1|1
4958|G|2|2479|871|20407|1|1
4959|G|0|2479|885|23190|1|1
4960|G|1|2480|877|21437|1|1
4961|G|2|2480|873|20789|1|1
4962|G|0|2481|868|19728|1|1
4963|G|1|2481|886|23548|1|1
4964|G|2|2482|881|22397|1|1
4965|G|0|2482|884|23002|1|1
4966|G|1|2483|825|14230|1|1
4967|G|2|2483|853|17425|1|1
4968|G|0|2484|874|20889|1|1
4969|G|1|2484|811|12911|1|1
4970|G|2|2485|862|18850|0|1
4971|G|0|2485|843|16155|1|1
4972|G|1|2486|746|8815|1|1
4973|G|2|2486|769|9994|1|1
4974|G|0|2487|732|8206|0|0
4975|G|1|2487|771|10117|0|1
4976|G|2|2488|771|10108|1|1
4977|G|0|2488|835|15286|1|1
4978|G|1|2489|718|7653|1|1
4979|G|2|2489|724|7879|0|1
4980|G|0|2490|871|20322|1|1
4981|G|1|2490|837|15493|1|1
4982|G|2|2491|849|16880|1|1
4983|G|0|2491|889|24105|1|1
4984|G|1|2492|884|23033|1|1
4985|G|2|2492|842|16100|1|1
4986|G|0|2493|851|17170|1|1
4987|G|1|2493|871|20338|1|1
4988|G|2|2494|870|20203|1|1
4989|G|0|2494|837|15498|1|1
4990|G|1|2495|817|13468|1|1
4991|G|2|2495|728|8034|1|1
4992|G|0|2496|754|9243|1|1
4993|G|1|2496|887|23580|1|1
4994|G|2|2497|890|24296|1|1
4995|G|0|2497|834|15149|1|1
4996|G|1|2498|886|23334|1|1
4997|G|2|2498|752|9123|0|1
4998|G|0|2499|776|10447|0|1
4999|G|1|2499|880|22170|1|1
10024|F|1|110024|718|6600|1|1
5000|G|2|2500|874|20846|1|1
5001|G|0|2500|767|9893|0|0
5002|G|1|2501|850|17082|1|1
5003|G|2|2501|886|23376|1|1
5004|G|0|2502|885|23094|1|1
5005|G|1|2502|854|17673|1|1
5006|G|2|2503|796|11770|1|1
5007|G|0|2503|878|21784|1|1
5008|G|1|2504|862|18741|1|1
5009|G|2|2504|814|13132|1|1
5010|G|0|2505|723|7838|1|1
5011|G|1|2505|754|9234|0|1
5012|G|2|2506|769|10028|0|1
5013|G|0|2506|846|16519|0|1
5014|G|1|2507|768|9977|0|1
5015|G|2|2507|804|12337|0|1
5016|G|0|2508|828|14529|1|1
5017|G|1|2508|747|8876|0|1
5018|G|2|2509|868|19830|1|1
5019|G|0|2509|714|7493|0|0
5020|G|1|2510|828|14449|1|1
5021|G|2|2510|743|8716|0|1
5022|G|0|2511|740|8542|0|1
5023|G|1|2511|768|9979|1|1
5024|G|2|2512|855|17762|1|1
5025|G|0|2512|886|23377|1|1
5026|G|1|2513|828|14455|1|1
5027|G|2|2513|861|18674|1|1
5028|G|0|2514|850|17047|1|1
5029|G|1|2514|849|16968|1|1
5030|G|2|2515|830|14677|1|1
5031|G|0|2515|859|18348|1|1
5032|G|1|2516|885|23162|1|1
5033|G|2|2516|784|10907|0|1
5034|G|0|2517|806|12474|0|1
5035|G|1|2517|759|9471|1|1
5036|G|2|2518|876|21341|1|1
5037|G|0|2518|859|18306|1|1
5038|G|1|2519|871|20271|1|1
5039|G|2|2519|864|19178|1|1
5040|G|0|2520|881|22330|1|1
5041|G|1|2520|813|13072|1|1
5042|G|2|2521|852|17292|1|1
5043|G|0|2521|780|10665|1|1
5044|G|1|2522|784|10926|1|1
5045|G|2|2522|889|24210|1|1
5046|G|0|2523|844|16333|0|1
5047|G|1|2523|833|15043|1|1
5048|G|2|2524|844|16254|0|1
5049|G|0|2524|719|7703|0|0
5050|G|1|2525|872|20561|1|1
5051|G|2|2525|739|8510|0|1
5052|G|0|2526|842|16042|1|1
5053|G|1|2526|850|17109|0|1
5054|G|2|2527|804|12383|1|1
5055|G|0|2527|891|24627|1|1
5056|G|1|2528|745|8770|0|0
5057|G|2|2528|886|23503|1|1
5058|G|0|2529|856|17899|1|1
5059|G|1|2529|707|7246|0|1
5060|G|2|2530|856|17836|0|1
5061|G|0|2530|796|11714|1|1
5062|G|1|2531|763|9669|0|1
5063|G|2|2531|793|11502|1|1
5064|G|0|2532|776|10432|1|1
5065|G|1|2532|764|9744|1|1
5066|G|2|2533|795|11638|0|1
5067|G|0|2533|829|14616|1|1
5068|G|1|2534|830|14743|1|1
5069|G|2|2534|877|21422|1|1
5070|G|0|2535|856|17845|1|1
5071|G|1|2535|859|18405|1|1
5072|G|2|2536|801|12093|1|1
5073|G|0|2536|891|24540|1|1
5074|G|1|2537|882|22435|1|1
5075|G|2|2537|788|11218|1|1
5076|G|0|2538|720|7752|0|1
5077|G|1|2538|850|17037|1|1
5078|G|2|2539|733|8248|0|1
5079|G|0|2539|869|20055|1|1
5080|G|1|2540|755|9278|1|1
5081|G|2|2540|866|19530|1|1
5082|G|0|2541|837|15495|1|1
5083|G|1|2541|743|8709|0|1
5084|G|2|2542|853|17462|1|1
5085|G|0|2542|801|12130|0|1
5086|G|1|2543|755|9266|0|1
5087|G|2|2543|866|19433|1|1
5088|G|0|2544|749|8977|1|1
5089|G|1|2544|891|24734|1|1
5090|G|2|2545|882|22544|1|1
5091|G|0|2545|847|16681|1|1
5092|G|1|2546|782|10804|1|1
5093|G|2|2546|836|15314|0|1
5094|G|0|2547|864|19135|1|1
5095|G|1|2547|787|11108|0|1
5096|G|2|2548|799|11930|1|1
5097|G|0|2548|878|21611|1|1
5098|G|1|2549|775|10340|1|1
5099|G|2|2549|859|18386|0|1
5100|G|0|2550|859|18386|1|1
5101|G|1|2550|781|10704|0|1
5102|G|2|2551|858|18193|1|1
5103|G|0|2551|756|9331|1|1
5104|G|1|2552|824|14133|0|1
5105|G|2|2552|819|13601|0|1
5106|G|0|2553|878|21781|1|1
5107|G|1|2553|849|16927|0|1
5108|G|2|2554|783|10873|1|1
5109|G|0|2554|713|7454|1|1
5110|G|1|2555|811|12883|1|1
5111|G|2|2555|883|22711|1|1
5112|G|0|2556|719|7703|1|1
5113|G|1|2556|860|18528|1|1
5114|G|2|2557|757|9360|1|1
5115|G|0|2557|861|18611|1|1
5116|G|1|2558|751|9094|0|1
5117|G|2|2558|888|24005|1|1
5118|G|0|2559|881|22247|1|1
5119|G|1|2559|879|21918|1|1
5120|G|2|2560|870|20130|1|1
5121|G|0|2560|748|8906|1|1
5122|G|1|2561|751|9060|1|1
5123|G|2|2561|825|14187|1|1
5124|G|0|2562|886|23405|1|1
5125|G|1|2562|832|14876|0|1
5126|G|2|2563|745|8804|0|0
5127|G|0|2563|874|20980|1|1
5128|G|1|2564|870|20207|1|1
5129|G|2|2564|880|22156|1|1
5130|G|0|2565|781|10723|1|1
5131|G|1|2565|740|8574|0|1
5132|G|2|2566|860|18516|1|1
5133|G|0|2566|797|11821|1|1
5134|G|1|2567|867|19567|1|1
5135|G|2|2567|725|7918|1|1
5136|G|0|2568|856|17904|0|1
5137|G|1|2568|865|19244|1|1
5138|G|2|2569|810|12802|0|1
5139|G|0|2569|893|25057|1|1
5140|G|1|2570|880|22192|1|1
5141|G|2|2570|853|17464|1|1
5142|G|0|2571|872|20486|1|1
5143|G|1|2571|835|15194|0|1
5144|G|2|2572|884|22865|1|1
5145|G|0|2572|814|13141|1|1
5146|G|1|2573|802|12228|1|1
5147|G|2|2573|838|15523|1|1
5148|G|0|2574|891|24747|1|1
5149|G|1|2574|886|23453|1|1
5150|G|2|2575|862|18845|1|1
5151|G|0|2575|850|17114|1|1
5152|G|1|2576|878|21743|1|1
5153|G|2|2576|879|21869|1|1
5154|G|0|2577|805|12449|1|1
5155|G|1|2577|875|21121|1|1
5156|G|2|2578|837|15418|1|1
5157|G|0|2578|776|10412|1|1
5158|G|1|2579|771|10151|0|0
5159|G|2|2579|853|17435|1|1
5160|G|0|2580|875|21101|1|1
5161|G|1|2580|869|19943|1|1
5162|G|2|2581|858|18269|1|1
5163|G|0|2581|891|24563|1|1
5164|G|1|2582|873|10398|0|0
5165|G|2|2582|928|19528|0|0
5166|G|0|2583|881|11113|0|0
5167|G|1|2583|771|5062|0|0
5168|G|2|2584|886|11763|0|0
5169|G|0|2584|911|15544|0|0
5170|G|1|2585|873|10367|0|0
5171|G|2|2585|759|4746|0|0
5172|G|0|2586|845|8193|0|0
5173|G|1|2586|754|4613|0|0
5174|G|2|2587|791|5706|0|0
5175|G|0|2587|756|4657|0|0
5176|G|1|2588|830|7345|0|0
5177|G|2|2588|889|12117|0|0
5178|G|0|2589|790|5670|0|0
5179|G|1|2589|863|18898|0|0
5180|G|2|2590|974|114971|0|0
5181|G|0|2590|874|20854|0|0
5182|G|1|2591|982|164110|0|0
5183|G|2|2591|975|121120|0|0
5184|G|0|2592|987|227888|0|0
5185|G|1|2592|912|31140|0|0
5186|G|2|2593|984|193857|0|0
5187|G|0|2593|896|25989|0|0
5188|G|1|2594|980|154395|0|0
5189|G|2|2594|986|212559|0|0
5190|G|0|2595|981|158034|0|0
5191|G|1|2595|904|28541|0|0
5192|G|2|2596|973|109196|0|0
5193|G|0|2596|848|16862|0|0
5194|G|1|2597|969|96626|0|0
5195|G|2|2597|984|189154|0|0
5196|G|0|2598|975|119869|0|0
5197|G|1|2598|911|30963|0|0
5198|G|2|2599|978|139566|0|0
5199|G|0|2599|934|43068|0|0
10025|F|2|110025|704|358|1|1
5200|G|1|2600|973|108132|0|0
5201|G|2|2600|981|155049|0|0
5202|G|0|2601|970|100247|0|0
5203|G|1|2601|926|37966|0|0
5204|G|2|2602|971|102467|0|0
5205|G|0|2602|913|31631|0|0
5206|G|1|2603|981|160420|0|0
5207|G|2|2603|985|208008|0|0
5208|G|0|2604|985|203932|0|0
5209|G|1|2604|878|10836|0|0
5210|G|2|2605|928|19405|0|0
5211|G|0|2605|879|10986|0|0
5212|G|1|2606|770|5025|0|0
5213|G|2|2606|887|11868|0|0
5214|G|0|2607|912|15654|0|0
5215|G|1|2607|873|10323|0|0
5216|G|2|2608|760|4754|0|0
5217|G|0|2608|845|8212|0|0
5218|G|1|2609|763|4832|0|0
5219|G|2|2609|782|5397|0|0
5220|G|0|2610|748|4464|0|0
5221|G|1|2610|827|7195|0|0
5222|G|2|2611|890|12197|0|0
5223|G|0|2611|788|5603|0|0
5224|G|1|2612|862|18892|0|0
5225|G|2|2612|974|114973|0|0
5226|G|0|2613|874|20847|0|0
5227|G|1|2613|982|164111|0|0
5228|G|2|2614|975|121150|0|0
5229|G|0|2614|987|227885|0|0
5230|G|1|2615|912|31156|0|0
5231|G|2|2615|984|193851|0|0
5232|G|0|2616|896|26050|0|0
5233|G|1|2616|980|154395|0|0
5234|G|2|2617|986|212558|0|0
5235|G|0|2617|981|158014|0|0
5236|G|1|2618|904|28565|0|0
5237|G|2|2618|973|109186|0|0
5238|G|0|2619|848|16860|0|0
5239|G|1|2619|969|96613|0|0
5240|G|2|2620|984|189125|0|0
5241|G|0|2620|975|119878|0|0
5242|G|1|2621|911|30941|0|0
5243|G|2|2621|978|139562|0|0
5244|G|0|2622|934|43085|0|0
5245|G|1|2622|973|108158|0|0
5246|G|2|2623|981|155039|0|0
5247|G|0|2623|970|100237|0|0
5248|G|1|2624|926|37948|0|0
5249|G|2|2624|971|102464|0|0
5250|G|0|2625|913|31648|0|0
5251|G|1|2625|981|160415|0|0
5252|G|2|2626|985|208006|0|0
5253|G|0|2626|985|203936|0|0
5254|G|1|2627|869|10026|1|1
5255|G|2|2627|756|4671|1|1
5256|G|0|2628|935|21679|1|0
5257|G|1|2628|928|19472|1|0
5258|G|2|2629|710|3690|1|1
5259|G|0|2629|857|9020|1|1
5260|G|1|2630|858|9071|1|1
5261|G|2|2630|948|27397|1|1
5262|G|0|2631|740|8568|1|1
5263|G|1|2631|741|8624|0|0
5264|G|2|2632|722|7828|0|1
5265|G|0|2632|726|7977|1|1
5266|G|1|2633|751|9087|0|1
5267|G|2|2633|823|14025|1|1
5268|G|0|2634|778|10567|0|1
5269|G|1|2634|782|10789|1|1
5270|G|2|2635|812|12963|1|1
5271|G|0|2635|823|14003|1|1
5272|G|1|2636|800|12073|1|1
5273|G|2|2636|717|7635|1|1
5274|G|0|2637|818|13527|1|1
5275|G|1|2637|815|13296|1|1
5276|G|2|2638|790|11319|1|1
5277|G|0|2638|817|13480|0|1
5278|G|1|2639|801|12138|1|1
5279|G|2|2639|812|12981|1|1
5280|G|0|2640|765|9768|1|1
5281|G|1|2640|715|7558|0|0
5282|G|2|2641|728|8032|1|1
5283|G|0|2641|827|14344|1|1
5284|G|1|2642|772|10186|1|1
5285|G|2|2642|727|8015|0|1
5286|G|0|2643|753|9169|1|1
5287|G|1|2643|749|8956|1|1
5288|G|2|2644|824|14125|1|1
5289|G|0|2644|796|11742|1|1
5290|G|1|2645|802|12205|1|1
5291|G|2|2645|817|13415|1|1
5292|G|0|2646|792|11460|1|1
5293|G|1|2646|814|13149|1|1
5294|G|2|2647|730|8119|1|1
5295|G|0|2647|777|10503|0|1
5296|G|1|2648|746|8818|0|1
5297|G|2|2648|830|14708|1|1
5298|G|0|2649|822|13880|1|1
5299|G|1|2649|827|14407|1|1
5300|G|2|2650|798|11904|1|1
5301|G|0|2650|733|8265|0|0
5302|G|1|2651|828|14463|1|1
5303|G|2|2651|793|11533|1|1
5304|G|0|2652|789|11255|1|1
5305|G|1|2652|722|7826|1|1
5306|G|2|2653|781|10702|1|1
5307|G|0|2653|786|11082|1|1
5308|G|1|2654|832|14891|1|1
5309|G|2|2654|778|10573|1|1
5310|G|0|2655|776|10435|1|1
5311|G|1|2655|718|7676|0|0
5312|G|2|2656|807|12547|1|1
5313|G|0|2656|810|12844|0|1
5314|G|1|2657|811|12920|0|1
5315|G|2|2657|832|14924|1|1
5316|G|0|2658|753|9187|0|1
5317|G|1|2658|754|9220|0|1
5318|G|2|2659|802|12182|0|1
5319|G|0|2659|772|10185|0|1
5320|G|1|2660|767|9926|1|1
5321|G|2|2660|774|10326|1|1
5322|G|0|2661|825|14226|1|1
5323|G|1|2661|830|14723|1|1
5324|G|2|2662|739|8513|1|1
5325|G|0|2662|772|10209|1|1
5326|G|1|2663|769|9992|1|1
5327|G|2|2663|773|10254|0|1
5328|G|0|2664|719|7702|0|0
5329|G|1|2664|827|14378|1|1
5330|G|2|2665|764|9741|0|1
5331|G|0|2665|767|9931|1|1
5332|G|1|2666|829|14582|1|1
5333|G|2|2666|804|12347|1|1
5334|G|0|2667|804|12328|1|1
5335|G|1|2667|803|12282|1|1
5336|G|2|2668|831|14764|1|1
5337|G|0|2668|773|10268|1|1
5338|G|1|2669|741|8589|1|1
5339|G|2|2669|784|10926|1|1
5340|G|0|2670|774|10288|1|1
5341|G|1|2670|832|14953|1|1
5342|G|2|2671|813|13060|1|1
5343|G|0|2671|803|12292|0|1
5344|G|1|2672|822|13929|0|1
5345|G|2|2672|826|14282|1|1
5346|G|0|2673|818|13519|1|1
5347|G|1|2673|813|13093|1|1
5348|G|2|2674|794|11612|1|1
5349|G|0|2674|788|11193|1|1
5350|G|1|2675|749|8979|0|1
5351|G|2|2675|759|9452|1|1
5352|G|0|2676|711|7383|1|1
5353|G|1|2676|815|13253|1|1
5354|G|2|2677|810|12808|1|1
5355|G|0|2677|733|8263|1|1
5356|G|1|2678|816|13331|0|1
5357|G|2|2678|830|14679|1|1
5358|G|0|2679|830|14680|1|1
5359|G|1|2679|804|12322|1|1
5360|G|2|2680|727|8009|1|1
5361|G|0|2680|795|11654|1|1
5362|G|1|2681|801|12132|1|1
5363|G|2|2681|782|10782|0|1
5364|G|0|2682|787|11142|0|1
5365|G|1|2682|779|10616|0|0
5366|G|2|2683|811|12890|1|1
5367|G|0|2683|824|14073|0|1
5368|G|1|2684|730|8126|1|1
5369|G|2|2684|778|10568|0|1
5370|G|0|2685|782|10777|0|1
5371|G|1|2685|815|13277|1|1
5372|G|2|2686|785|11013|0|1
5373|G|0|2686|736|8397|1|1
5374|G|1|2687|777|10483|1|1
5375|G|2|2687|763|9698|1|1
5376|G|0|2688|813|13078|0|1
5377|G|1|2688|823|14044|1|1
5378|G|2|2689|828|14457|1|1
5379|G|0|2689|753|9191|0|1
5380|G|1|2690|818|13508|1|1
5381|G|2|2690|734|8303|0|1
5382|G|0|2691|833|15006|0|1
5383|G|1|2691|809|12710|1|1
5384|G|2|2692|817|13476|1|1
5385|G|0|2692|784|10912|1|1
5386|G|1|2693|732|8227|1|1
5387|G|2|2693|826|14248|1|1
5388|G|0|2694|821|13782|0|1
5389|G|1|2694|773|10272|1|1
5390|G|2|2695|809|12768|0|1
5391|G|0|2695|736|8399|0|1
5392|G|1|2696|820|13706|1|1
5393|G|2|2696|820|13759|1|1
5394|G|0|2697|732|8210|1|1
5395|G|1|2697|806|12492|1|1
5396|G|2|2698|732|8229|1|1
5397|G|0|2698|706|7210|1|1
5398|G|1|2699|794|11608|1|1
5399|G|2|2699|752|9101|1|1
10026|F|0|110026|718|382|1|1
5400|G|0|2700|725|7947|0|0
5401|G|1|2700|759|9483|0|1
5402|G|2|2701|801|12150|0|1
5403|G|0|2701|779|10592|0|1
5404|G|1|2702|824|14121|0|1
5405|G|2|2702|822|13922|1|1
5406|G|0|2703|825|14165|1|1
5407|G|1|2703|822|13906|0|1
5408|G|2|2704|773|10234|0|0
5409|G|0|2704|747|8866|1|1
5410|G|1|2705|797|11820|1|1
5411|G|2|2705|794|11623|0|1
5412|G|0|2706|707|7256|0|1
5413|G|1|2706|757|9358|1|1
5414|G|2|2707|773|10267|0|1
5415|G|0|2707|748|8936|0|0
5416|G|1|2708|723|7854|1|1
5417|G|2|2708|809|12760|1|1
5418|G|0|2709|744|8719|0|1
5419|G|1|2709|802|12217|1|1
5420|G|2|2710|764|9721|0|1
5421|G|0|2710|740|8550|1|1
5422|G|1|2711|821|13851|0|1
5423|G|2|2711|807|12564|1|1
5424|G|0|2712|740|8544|1|1
5425|G|1|2712|790|11315|0|1
5426|G|2|2713|760|9512|1|1
5427|G|0|2713|762|9640|1|1
5428|G|1|2714|830|14658|1|1
5429|G|2|2714|768|9977|1|1
5430|G|0|2715|799|11941|1|1
5431|G|1|2715|788|11174|1|1
5432|G|2|2716|820|13716|1|1
5433|G|0|2716|830|14676|1|1
5434|G|1|2717|761|9578|1|1
5435|G|2|2717|740|8555|1|1
5436|G|0|2718|820|13700|1|1
5437|G|1|2718|751|9090|0|1
5438|G|2|2719|761|9581|1|1
5439|G|0|2719|834|15088|0|1
5440|G|1|2720|820|13672|1|1
5441|G|2|2720|794|11624|1|1
5442|G|0|2721|811|12912|1|1
5443|G|1|2721|818|13544|1|1
5444|G|2|2722|786|11035|1|1
5445|G|0|2722|760|9539|1|1
5446|G|1|2723|726|7952|0|1
5447|G|2|2723|757|9364|1|1
5448|G|0|2724|794|11633|1|1
5449|G|1|2724|812|12996|0|1
5450|G|2|2725|751|9089|0|0
5451|G|0|2725|802|12202|1|1
5452|G|1|2726|813|13107|1|1
5453|G|2|2726|758|9397|1|1
5454|G|0|2727|816|13355|1|1
5455|G|1|2727|762|9616|0|1
5456|G|2|2728|705|7195|0|0
5457|G|0|2728|825|14232|0|1
5458|G|1|2729|808|12657|1|1
5459|G|2|2729|832|14960|1|1
5460|G|0|2730|814|6600|1|1
5461|G|1|2730|846|8265|1|1
5462|G|2|2731|911|15354|1|1
5463|G|0|2731|853|8757|1|1
5464|G|1|2732|908|14931|1|1
5465|G|2|2732|878|10837|1|1
5466|G|0|2733|927|19123|1|1
5467|G|1|2733|885|11633|1|1
5468|G|2|2734|887|11836|1|1
5469|G|0|2734|747|4449|1|1
5470|G|1|2735|836|7657|1|1
5471|G|2|2735|879|10962|1|1
5472|G|0|2736|877|10759|1|1
5473|G|1|2736|842|8041|1|1
5474|G|2|2737|845|8234|1|1
5475|G|0|2737|739|4267|1|1
5476|G|1|2738|857|9007|1|1
5477|G|2|2738|891|12370|1|1
5478|G|0|2739|836|7694|1|1
5479|G|1|2739|798|5949|1|1
5480|G|2|2740|837|7733|1|1
5481|G|0|2740|827|7212|1|1
5482|G|1|2741|889|12130|1|1
5483|G|2|2741|848|8371|1|1
5484|G|0|2742|871|10150|1|1
5485|G|1|2742|839|7825|1|1
5486|G|2|2743|841|7934|1|1
5487|G|0|2743|886|11674|1|1
5488|G|1|2744|842|8052|1|1
5489|G|2|2744|919|17201|1|1
5490|G|0|2745|868|9876|1|1
5491|G|1|2745|857|9019|1|1
5492|G|2|2746|777|5246|1|1
5493|G|0|2746|882|11272|1|1
5494|G|1|2747|804|6167|1|1
5495|G|2|2747|876|10684|1|1
5496|G|0|2748|879|10943|1|1
5497|G|1|2748|825|7087|1|1
5498|G|2|2749|869|9968|1|1
5499|G|0|2749|792|5723|1|1
5500|G|1|2750|899|13401|1|1
5501|G|2|2750|771|5053|1|1
5502|G|0|2751|802|6099|1|1
5503|G|1|2751|850|8526|1|1
5504|G|2|2752|906|14608|1|1
5505|G|0|2752|898|13245|1|1
5506|G|1|2753|888|11942|1|1
5507|G|2|2753|899|13355|1|1
5508|G|0|2754|877|10745|1|1
5509|G|1|2754|764|4874|1|1
5510|G|2|2755|898|13241|1|1
5511|G|0|2755|723|3932|1|1
5512|G|1|2756|706|3605|1|1
5513|G|2|2756|838|7793|1|1
5514|G|0|2757|903|13985|1|1
5515|G|1|2757|858|9088|1|1
5516|G|2|2758|880|11054|1|1
5517|G|0|2758|850|8514|1|1
5518|G|1|2759|878|10798|1|1
5519|G|2|2759|828|7269|1|1
5520|G|0|2760|897|13129|1|1
5521|G|1|2760|720|3860|1|1
5522|G|2|2761|751|4530|1|1
5523|G|0|2761|849|8435|1|1
5524|G|1|2762|843|8110|1|1
5525|G|2|2762|896|13034|1|1
5526|G|0|2763|860|9288|1|1
5527|G|1|2763|866|9754|1|1
5528|G|2|2764|903|14072|1|1
5529|G|0|2764|856|8950|1|1
5530|G|1|2765|921|17679|1|1
5531|G|2|2765|743|4342|1|1
5532|G|0|2766|864|9586|1|1
5533|G|1|2766|933|21026|1|1
5534|G|2|2767|913|15824|1|1
5535|G|0|2767|876|10683|1|1
5536|G|1|2768|839|7863|1|1
5537|G|2|2768|876|10693|1|1
5538|G|0|2769|767|4942|1|1
5539|G|1|2769|869|9954|1|1
5540|G|2|2770|907|14691|1|1
5541|G|0|2770|897|13077|1|1
5542|G|1|2771|873|10394|1|1
5543|G|2|2771|795|5820|1|1
5544|G|0|2772|880|11021|1|1
5545|G|1|2772|772|5101|1|1
5546|G|2|2773|714|3755|1|1
5547|G|0|2773|729|4040|1|1
5548|G|1|2774|816|6682|1|1
5549|G|2|2774|725|3955|1|1
5550|G|0|2775|934|21392|1|1
5551|G|1|2775|854|8835|1|1
5552|G|2|2776|885|11652|1|1
5553|G|0|2776|912|15565|1|1
5554|G|1|2777|862|9386|1|1
5555|G|2|2777|740|4288|1|1
5556|G|0|2778|869|9965|1|1
5557|G|1|2778|844|8168|1|1
5558|G|2|2779|905|14402|1|1
5559|G|0|2779|930|20157|1|1
5560|G|1|2780|795|5832|1|1
5561|G|2|2780|772|5085|1|1
5562|G|0|2781|853|8732|1|1
5563|G|1|2781|802|6078|1|1
5564|G|2|2782|863|9487|1|1
5565|G|0|2782|881|11136|1|1
5566|G|1|2783|896|12935|1|1
5567|G|2|2783|822|6952|1|1
5568|G|0|2784|891|12314|1|1
5569|G|1|2784|880|11052|1|1
5570|G|2|2785|823|7014|1|1
5571|G|0|2785|909|15149|1|1
5572|G|1|2786|777|5236|1|1
5573|G|2|2786|924|18269|1|1
5574|G|0|2787|754|4617|1|1
5575|G|1|2787|800|6004|1|1
5576|G|2|2788|834|7538|1|1
5577|G|0|2788|820|6855|1|1
5578|G|1|2789|824|7052|1|1
5579|G|2|2789|852|8691|1|1
5580|G|0|2790|902|13813|1|1
5581|G|1|2790|923|18190|1|1
5582|G|2|2791|872|10255|1|1
5583|G|0|2791|746|4425|1|1
5584|G|1|2792|719|3857|1|1
5585|G|2|2792|720|3867|1|1
5586|G|0|2793|828|7261|1|1
5587|G|1|2793|872|10255|1|1
5588|G|2|2794|850|8549|1|1
5589|G|0|2794|844|8170|1|1
5590|G|1|2795|734|4146|1|1
5591|G|2|2795|891|12351|1|1
5592|G|0|2796|784|5476|1|1
5593|G|1|2796|862|9435|1|1
5594|G|2|2797|805|6199|1|1
5595|G|0|2797|830|7370|1|1
5596|G|1|2798|814|6603|1|1
5597|G|2|2798|822|6937|1|1
5598|G|0|2799|735|4179|1|1
5599|G|1|2799|818|6768|1|1
10027|F|1|110027|704|358|1|1
5600|G|2|2800|705|3588|1|1
5601|G|0|2800|788|5603|1|1
5602|G|1|2801|831|7413|1|1
5603|G|2|2801|842|8004|1|1
5604|G|0|2802|707|3633|1|1
5605|G|1|2802|853|8725|1|1
5606|G|2|2803|873|10314|1|1
5607|G|0|2803|742|4335|1|1
5608|G|1|2804|724|3942|1|1
5609|G|2|2804|909|15051|1|1
5610|G|0|2805|711|3708|1|1
5611|G|1|2805|814|6596|1|1
5612|G|2|2806|909|15135|1|1
5613|G|0|2806|822|6950|1|1
5614|G|1|2807|864|9544|1|1
5615|G|2|2807|804|6165|1|1
5616|G|0|2808|878|10861|1|1
5617|G|1|2808|722|3914|1|1
5618|G|2|2809|789|5636|1|1
5619|G|0|2809|859|9154|1|1
5620|G|1|2810|817|6732|1|1
5621|G|2|2810|895|12877|1|1
5622|G|0|2811|813|6560|1|1
5623|G|1|2811|803|6123|1|1
5624|G|2|2812|853|8725|1|1
5625|G|0|2812|876|10662|1|1
5626|G|1|2813|890|12180|1|1
5627|G|2|2813|893|12645|1|1
5628|G|0|2814|776|5218|1|1
5629|G|1|2814|900|13643|1|1
5630|G|2|2815|746|4408|1|1
5631|G|0|2815|861|9345|1|1
5632|G|1|2816|717|3816|1|1
5633|G|2|2816|862|9444|1|1
5634|G|0|2817|915|16320|1|1
5635|G|1|2817|909|15115|1|1
5636|G|2|2818|864|9543|1|1
5637|G|0|2818|719|3849|1|1
5638|G|1|2819|889|12022|1|1
5639|G|2|2819|875|21036|1|1
5640|G|0|2820|724|7874|1|1
5641|G|1|2820|869|20050|1|1
5642|G|2|2821|883|22646|1|1
5643|G|0|2821|871|20429|1|1
5644|G|1|2822|842|16004|1|1
5645|G|2|2822|855|17778|1|1
5646|G|0|2823|870|20250|1|1
5647|G|1|2823|870|20211|1|1
5648|G|2|2824|887|23583|1|1
5649|G|0|2824|823|14016|1|1
5650|G|1|2825|865|19229|1|1
5651|G|2|2825|728|8046|0|0
5652|G|0|2826|712|7434|0|0
5653|G|1|2826|869|19971|1|1
5654|G|2|2827|853|17543|1|1
5655|G|0|2827|884|22881|1|1
5656|G|1|2828|863|19005|1|1
5657|G|2|2828|778|10520|1|1
5658|G|0|2829|828|14498|1|1
5659|G|1|2829|889|24167|1|1
5660|G|2|2830|798|11923|1|1
5661|G|0|2830|802|12185|0|0
5662|G|1|2831|828|14490|1|1
5663|G|2|2831|892|24910|1|1
5664|G|0|2832|860|18458|1|1
5665|G|1|2832|783|10856|1|1
5666|G|2|2833|820|13710|0|1
5667|G|0|2833|862|18881|1|1
5668|G|1|2834|887|23683|1|1
5669|G|2|2834|780|10667|1|1
5670|G|0|2835|855|17823|1|1
5671|G|1|2835|878|21614|1|1
5672|G|2|2836|887|23576|1|1
5673|G|0|2836|826|14265|0|1
5674|G|1|2837|881|22385|1|1
5675|G|2|2837|746|8812|0|0
5676|G|0|2838|793|11536|1|1
5677|G|1|2838|884|23083|1|1
5678|G|2|2839|854|17571|1|1
5679|G|0|2839|882|22487|1|1
5680|G|1|2840|864|19171|1|1
5681|G|2|2840|881|22413|1|1
5682|G|0|2841|872|20572|1|1
5683|G|1|2841|873|20648|1|1
5684|G|2|2842|847|16715|1|1
5685|G|0|2842|831|14838|1|1
5686|G|1|2843|848|16774|1|1
5687|G|2|2843|733|8264|0|1
5688|G|0|2844|740|8562|0|1
5689|G|1|2844|806|12465|1|1
5690|G|2|2845|734|8311|0|0
5691|G|0|2845|873|20730|1|1
5692|G|1|2846|758|9446|1|1
5693|G|2|2846|890|24314|1|1
5694|G|0|2847|869|19968|1|1
5695|G|1|2847|884|22972|1|1
5696|G|2|2848|774|10298|1|1
5697|G|0|2848|876|21240|1|1
5698|G|1|2849|839|15738|1|1
5699|G|2|2849|877|21532|1|1
5700|G|0|2850|870|20117|1|1
5701|G|1|2850|859|18304|1|1
5702|G|2|2851|851|17228|1|1
5703|G|0|2851|883|22845|1|1
5704|G|1|2852|788|11204|0|1
5705|G|2|2852|843|16194|0|1
5706|G|0|2853|803|12305|1|1
5707|G|1|2853|869|20061|1|1
5708|G|2|2854|872|20439|1|1
5709|G|0|2854|891|24713|1|1
5710|G|1|2855|753|9180|1|1
5711|G|2|2855|730|8139|0|0
5712|G|0|2856|779|10630|1|1
5713|G|1|2856|707|7262|0|1
5714|G|2|2857|781|10734|1|1
5715|G|0|2857|872|20501|1|1
5716|G|1|2858|884|23044|1|1
5717|G|2|2858|872|20614|1|1
5718|G|0|2859|860|18581|1|1
5719|G|1|2859|761|9593|1|1
5720|G|2|2860|874|20941|1|1
5721|G|0|2860|883|22777|1|1
5722|G|1|2861|753|9170|0|1
5723|G|2|2861|855|17750|1|1
5724|G|0|2862|774|10280|1|1
5725|G|1|2862|836|15295|1|1
5726|G|2|2863|889|24101|1|1
5727|G|0|2863|854|17667|1|1
5728|G|1|2864|878|21777|1|1
5729|G|2|2864|731|8194|0|1
5730|G|0|2865|850|17099|1|1
5731|G|1|2865|810|12873|1|1
5732|G|2|2866|873|20809|1|1
5733|G|0|2866|771|10122|1|1
5734|G|1|2867|812|12961|1|1
5735|G|2|2867|836|15364|0|1
5736|G|0|2868|773|10235|0|1
5737|G|1|2868|725|7925|0|0
5738|G|2|2869|758|9428|0|1
5739|G|0|2869|892|24876|1|1
5740|G|1|2870|795|11684|1|1
5741|G|2|2870|876|21210|1|1
5742|G|0|2871|740|8555|1|1
5743|G|1|2871|856|17909|1|1
5744|G|2|2872|787|11140|1|1
5745|G|0|2872|870|20166|1|1
5746|G|1|2873|879|21903|1|1
5747|G|2|2873|882|22544|1|1
5748|G|0|2874|879|21861|1|1
5749|G|1|2874|791|11407|1|1
5750|G|2|2875|879|21970|1|1
5751|G|0|2875|879|21911|1|1
5752|G|1|2876|743|8712|1|1
5753|G|2|2876|862|18768|1|1
5754|G|0|2877|860|18535|1|1
5755|G|1|2877|873|20643|1|1
5756|G|2|2878|886|23473|1|1
5757|G|0|2878|886|23364|1|1
5758|G|1|2879|873|20776|1|1
5759|G|2|2879|870|20199|1|1
5760|G|0|2880|884|22984|1|1
5761|G|1|2880|803|12296|1|1
5762|G|2|2881|874|20930|1|1
5763|G|0|2881|873|20799|1|1
5764|G|1|2882|816|13328|1|1
5765|G|2|2882|779|10630|0|1
5766|G|0|2883|736|8399|1|1
5767|G|1|2883|762|9653|0|1
5768|G|2|2884|798|11867|1|1
5769|G|0|2884|888|23862|1|1
5770|G|1|2885|889|24158|1|1
5771|G|2|2885|882|22438|1|1
5772|G|0|2886|756|9321|0|1
5773|G|1|2886|777|10456|1|1
5774|G|2|2887|828|14456|0|1
5775|G|0|2887|847|16640|1|1
5776|G|1|2888|767|9910|1|1
5777|G|2|2888|876|21278|1|1
5778|G|0|2889|823|14023|1|1
5779|G|1|2889|886|23409|1|1
5780|G|2|2890|886|23343|1|1
5781|G|0|2890|855|17797|1|1
5782|G|1|2891|814|13186|1|1
5783|G|2|2891|866|19446|1|1
5784|G|0|2892|887|23644|1|1
5785|G|1|2892|886|23407|1|1
5786|G|2|2893|753|9167|1|1
5787|G|0|2893|878|21669|1|1
5788|G|1|2894|882|22599|1|1
5789|G|2|2894|850|17077|1|1
5790|G|0|2895|838|15531|1|1
5791|G|1|2895|887|23666|1|1
5792|G|2|2896|749|8980|1|1
5793|G|0|2896|857|18077|1|1
5794|G|1|2897|761|9581|1|1
5795|G|2|2897|885|23093|1|1
5796|G|0|2898|762|9648|1|1
5797|G|1|2898|747|8888|1|1
5798|G|2|2899|847|16634|1|1
5799|G|0|2899|833|14992|1|1
10028|F|2|110028|718|382|1|1
5800|G|1|2900|830|14667|1|1
5801|G|2|2900|819|13597|1|1
5802|G|0|2901|885|23151|1|1
5803|G|1|2901|878|21792|1|1
5804|G|2|2902|862|18814|1|1
5805|G|0|2902|745|8778|0|1
5806|G|1|2903|847|16671|1|1
5807|G|2|2903|792|11443|1|1
5808|G|0|2904|840|15779|1|1
5809|G|1|2904|774|10294|0|1
5810|G|2|2905|879|21840|1|1
5811|G|0|2905|888|23790|1|1
5812|G|1|2906|792|11435|1|1
5813|G|2|2906|782|10811|1|1
5814|G|0|2907|837|15472|1|1
5815|G|1|2907|877|21422|1|1
5816|G|2|2908|756|9328|1|1
5817|G|0|2908|739|8502|1|1
5818|G|1|2909|845|16469|1|1
5819|G|2|2909|838|15621|0|1
5820|G|0|2910|830|14653|0|1
5821|G|1|2910|847|16637|1|1
5822|G|2|2911|881|22316|1|1
5823|G|0|2911|750|9012|0|1
5824|G|1|2912|791|11367|1|1
5825|G|2|2912|799|11973|1|1
5826|G|0|2913|841|15946|1|1
5827|G|1|2913|855|17734|1|1
5828|G|2|2914|789|11278|0|1
5829|G|0|2914|862|18786|1|1
5830|G|1|2915|821|13766|0|1
5831|G|2|2915|889|24194|1|1
5832|G|0|2916|843|16113|1|1
5833|G|1|2916|788|11151|0|1
5834|G|2|2917|869|20000|1|1
5835|G|0|2917|881|22332|1|1
5836|G|1|2918|794|11602|0|1
5837|G|2|2918|722|7798|0|0
5838|G|0|2919|889|24140|1|1
5839|G|1|2919|750|9037|0|1
5840|G|2|2920|849|16889|1|1
5841|G|0|2920|889|24099|1|1
5842|G|1|2921|880|22013|1|1
5843|G|2|2921|886|23426|1|1
5844|G|0|2922|877|21467|1|1
5845|G|1|2922|891|24728|1|1
5846|G|2|2923|864|19108|1|1
5847|G|0|2923|817|13428|1|1
5848|G|1|2924|890|24281|1|1
5849|G|2|2924|871|20397|1|1
5850|G|0|2925|822|13912|1|1
5851|G|1|2925|792|11428|0|1
5852|G|2|2926|764|9736|1|1
5853|G|0|2926|833|15004|1|1
5854|G|1|2927|853|17518|1|1
5855|G|2|2927|878|21644|1|1
5856|G|0|2928|864|19155|1|1
5857|G|1|2928|861|18651|1|1
5858|G|2|2929|800|12059|1|1
5859|G|0|2929|877|21551|1|1
5860|G|1|2930|779|10622|0|1
5861|G|2|2930|880|22032|1|1
5862|G|0|2931|884|23012|1|1
5863|G|1|2931|804|12344|0|1
5864|G|2|2932|864|19210|1|1
5865|G|0|2932|808|12678|0|1
5866|G|1|2933|791|11408|1|1
5867|G|2|2933|848|16812|1|1
5868|G|0|2934|871|20407|1|1
5869|G|1|2934|885|23190|1|1
5870|G|2|2935|877|21437|1|1
5871|G|0|2935|873|20789|1|1
5872|G|1|2936|868|19728|1|1
5873|G|2|2936|886|23548|1|1
5874|G|0|2937|881|22397|1|1
5875|G|1|2937|884|23002|1|1
5876|G|2|2938|825|14230|1|1
5877|G|0|2938|853|17425|1|1
5878|G|1|2939|874|20889|1|1
5879|G|2|2939|811|12911|1|1
5880|G|0|2940|862|18850|0|1
5881|G|1|2940|843|16155|1|1
5882|G|2|2941|746|8815|1|1
5883|G|0|2941|769|9994|1|1
5884|G|1|2942|732|8206|0|0
5885|G|2|2942|771|10117|0|1
5886|G|0|2943|771|10108|1|1
5887|G|1|2943|835|15286|1|1
5888|G|2|2944|718|7653|1|1
5889|G|0|2944|724|7879|0|1
5890|G|1|2945|871|20322|1|1
5891|G|2|2945|837|15493|1|1
5892|G|0|2946|849|16880|1|1
5893|G|1|2946|889|24105|1|1
5894|G|2|2947|884|23033|1|1
5895|G|0|2947|842|16100|1|1
5896|G|1|2948|851|17170|1|1
5897|G|2|2948|871|20338|1|1
5898|G|0|2949|870|20203|1|1
5899|G|1|2949|837|15498|1|1
5900|G|2|2950|817|13468|1|1
5901|G|0|2950|728|8034|1|1
5902|G|1|2951|754|9243|1|1
5903|G|2|2951|887|23580|1|1
5904|G|0|2952|890|24296|1|1
5905|G|1|2952|834|15149|1|1
5906|G|2|2953|886|23334|1|1
5907|G|0|2953|752|9123|0|1
5908|G|1|2954|776|10447|0|1
5909|G|2|2954|880|22170|1|1
5910|G|0|2955|874|20846|1|1
5911|G|1|2955|767|9893|0|0
5912|G|2|2956|850|17082|1|1
5913|G|0|2956|886|23376|1|1
5914|G|1|2957|885|23094|1|1
5915|G|2|2957|854|17673|1|1
5916|G|0|2958|796|11770|1|1
5917|G|1|2958|878|21784|1|1
5918|G|2|2959|862|18741|1|1
5919|G|0|2959|814|13132|1|1
5920|G|1|2960|723|7838|1|1
5921|G|2|2960|754|9234|0|1
5922|G|0|2961|769|10028|0|1
5923|G|1|2961|846|16519|0|1
5924|G|2|2962|768|9977|0|1
5925|G|0|2962|804|12337|0|1
5926|G|1|2963|828|14529|1|1
5927|G|2|2963|747|8876|0|1
5928|G|0|2964|868|19830|1|1
5929|G|1|2964|714|7493|0|0
5930|G|2|2965|828|14449|1|1
5931|G|0|2965|743|8716|0|1
5932|G|1|2966|740|8542|0|1
5933|G|2|2966|768|9979|1|1
5934|G|0|2967|855|17762|1|1
5935|G|1|2967|886|23377|1|1
5936|G|2|2968|828|14455|1|1
5937|G|0|2968|861|18674|1|1
5938|G|1|2969|850|17047|1|1
5939|G|2|2969|849|16968|1|1
5940|G|0|2970|830|14677|1|1
5941|G|1|2970|859|18348|1|1
5942|G|2|2971|885|23162|1|1
5943|G|0|2971|784|10907|0|1
5944|G|1|2972|806|12474|0|1
5945|G|2|2972|759|9471|1|1
5946|G|0|2973|876|21341|1|1
5947|G|1|2973|859|18306|1|1
5948|G|2|2974|871|20271|1|1
5949|G|0|2974|864|19178|1|1
5950|G|1|2975|881|22330|1|1
5951|G|2|2975|813|13072|1|1
5952|G|0|2976|852|17292|1|1
5953|G|1|2976|780|10665|1|1
5954|G|2|2977|784|10926|1|1
5955|G|0|2977|889|24210|1|1
5956|G|1|2978|844|16333|0|1
5957|G|2|2978|833|15043|1|1
5958|G|0|2979|844|16254|0|1
5959|G|1|2979|719|7703|0|0
5960|G|2|2980|872|20561|1|1
5961|G|0|2980|739|8510|0|1
5962|G|1|2981|842|16042|1|1
5963|G|2|2981|850|17109|0|1
5964|G|0|2982|804|12383|1|1
5965|G|1|2982|891|24627|1|1
5966|G|2|2983|745|8770|0|0
5967|G|0|2983|886|23503|1|1
5968|G|1|2984|856|17899|1|1
5969|G|2|2984|707|7246|0|1
5970|G|0|2985|856|17836|0|1
5971|G|1|2985|796|11714|1|1
5972|G|2|2986|763|9669|0|1
5973|G|0|2986|793|11502|1|1
5974|G|1|2987|776|10432|1|1
5975|G|2|2987|764|9744|1|1
5976|G|0|2988|795|11638|0|1
5977|G|1|2988|829|14616|1|1
5978|G|2|2989|830|14743|1|1
5979|G|0|2989|877|21422|1|1
5980|G|1|2990|856|17845|1|1
5981|G|2|2990|859|18405|1|1
5982|G|0|2991|801|12093|1|1
5983|G|1|2991|891|24540|1|1
5984|G|2|2992|882|22435|1|1
5985|G|0|2992|788|11218|1|1
5986|G|1|2993|720|7752|0|1
5987|G|2|2993|850|17037|1|1
5988|G|0|2994|733|8248|0|1
5989|G|1|2994|869|20055|1|1
5990|G|2|2995|755|9278|1|1
5991|G|0|2995|866|19530|1|1
5992|G|1|2996|837|15495|1|1
5993|G|2|2996|743|8709|0|1
5994|G|0|2997|853|17462|1|1
5995|G|1|2997|801|12130|0|1
5996|G|2|2998|755|9266|0|1
5997|G|0|2998|866|19433|1|1
5998|G|1|2999|749|8977|1|1
5999|G|2|2999|891|24734|1|1
10029|F|0|110029|704|358|1|1
6000|G|0|3000|882|22544|1|1
6001|G|1|3000|847|16681|1|1
6002|G|2|3001|782|10804|1|1
6003|G|0|3001|836|15314|0|1
6004|G|1|3002|864|19135|1|1
6005|G|2|3002|787|11108|0|1
6006|G|0|3003|799|11930|1|1
6007|G|1|3003|878|21611|1|1
6008|G|2|3004|775|10340|1|1
6009|G|0|3004|859|18386|0|1
6010|G|1|3005|859|18386|1|1
6011|G|2|3005|781|10704|0|1
6012|G|0|3006|858|18193|1|1
6013|G|1|3006|756|9331|1|1
6014|G|2|3007|824|14133|0|1
6015|G|0|3007|819|13601|0|1
6016|G|1|3008|878|21781|1|1
6017|G|2|3008|849|16927|0|1
6018|G|0|3009|783|10873|1|1
6019|G|1|3009|713|7454|1|1
6020|G|2|3010|811|12883|1|1
6021|G|0|3010|883|22711|1|1
6022|G|1|3011|719|7703|1|1
6023|G|2|3011|860|18528|1|1
6024|G|0|3012|757|9360|1|1
6025|G|1|3012|861|18611|1|1
6026|G|2|3013|751|9094|0|1
6027|G|0|3013|888|24005|1|1
6028|G|1|3014|881|22247|1|1
6029|G|2|3014|879|21918|1|1
6030|G|0|3015|870|20130|1|1
6031|G|1|3015|748|8906|1|1
6032|G|2|3016|751|9060|1|1
6033|G|0|3016|825|14187|1|1
6034|G|1|3017|886|23405|1|1
6035|G|2|3017|832|14876|0|1
6036|G|0|3018|745|8804|0|0
6037|G|1|3018|874|20980|1|1
6038|G|2|3019|870|20207|1|1
6039|G|0|3019|880|22156|1|1
6040|G|1|3020|781|10723|1|1
6041|G|2|3020|740|8574|0|1
6042|G|0|3021|860|18516|1|1
6043|G|1|3021|797|11821|1|1
6044|G|2|3022|867|19567|1|1
6045|G|0|3022|725|7918|1|1
6046|G|1|3023|856|17904|0|1
6047|G|2|3023|865|19244|1|1
6048|G|0|3024|810|12802|0|1
6049|G|1|3024|893|25057|1|1
6050|G|2|3025|880|22192|1|1
6051|G|0|3025|853|17464|1|1
6052|G|1|3026|872|20486|1|1
6053|G|2|3026|835|15194|0|1
6054|G|0|3027|884|22865|1|1
6055|G|1|3027|814|13141|1|1
6056|G|2|3028|802|12228|1|1
6057|G|0|3028|838|15523|1|1
6058|G|1|3029|891|24747|1|1
6059|G|2|3029|886|23453|1|1
6060|G|0|3030|862|18845|1|1
6061|G|1|3030|850|17114|1|1
6062|G|2|3031|878|21743|1|1
6063|G|0|3031|879|21869|1|1
6064|G|1|3032|805|12449|1|1
6065|G|2|3032|875|21121|1|1
6066|G|0|3033|837|15418|1|1
6067|G|1|3033|776|10412|1|1
6068|G|2|3034|771|10151|0|0
6069|G|0|3034|853|17435|1|1
6070|G|1|3035|875|21101|1|1
6071|G|2|3035|869|19943|1|1
6072|G|0|3036|858|18269|1|1
6073|G|1|3036|891|24563|1|1
6074|G|2|3037|873|10398|0|0
6075|G|0|3037|928|19528|0|0
6076|G|1|3038|881|11113|0|0
6077|G|2|3038|771|5062|0|0
6078|G|0|3039|886|11763|0|0
6079|G|1|3039|911|15544|0|0
6080|G|2|3040|873|10367|0|0
6081|G|0|3040|759|4746|0|0
6082|G|1|3041|845|8193|0|0
6083|G|2|3041|754|4613|0|0
6084|G|0|3042|791|5706|0|0
6085|G|1|3042|756|4657|0|0
6086|G|2|3043|830|7345|0|0
6087|G|0|3043|889|12117|0|0
6088|G|1|3044|790|5670|0|0
6089|G|2|3044|863|18898|0|0
6090|G|0|3045|974|114971|0|0
6091|G|1|3045|874|20854|0|0
6092|G|2|3046|982|164110|0|0
6093|G|0|3046|975|121120|0|0
6094|G|1|3047|987|227888|0|0
6095|G|2|3047|912|31140|0|0
6096|G|0|3048|984|193857|0|0
6097|G|1|3048|896|25989|0|0
6098|G|2|3049|980|154395|0|0
6099|G|0|3049|986|212559|0|0
6100|G|1|3050|981|158034|0|0
6101|G|2|3050|904|28541|0|0
6102|G|0|3051|973|109196|0|0
6103|G|1|3051|848|16862|0|0
6104|G|2|3052|969|96626|0|0
6105|G|0|3052|984|189154|0|0
6106|G|1|3053|975|119869|0|0
6107|G|2|3053|911|30963|0|0
6108|G|0|3054|978|139566|0|0
6109|G|1|3054|934|43068|0|0
6110|G|2|3055|973|108132|0|0
6111|G|0|3055|981|155049|0|0
6112|G|1|3056|970|100247|0|0
6113|G|2|3056|926|37966|0|0
6114|G|0|3057|971|102467|0|0
6115|G|1|3057|913|31631|0|0
6116|G|2|3058|981|160420|0|0
6117|G|0|3058|985|208008|0|0
6118|G|1|3059|985|203932|0|0
6119|G|2|3059|878|10836|0|0
6120|G|0|3060|928|19405|0|0
6121|G|1|3060|879|10986|0|0
6122|G|2|3061|770|5025|0|0
6123|G|0|3061|887|11868|0|0
6124|G|1|3062|912|15654|0|0
6125|G|2|3062|873|10323|0|0
6126|G|0|3063|760|4754|0|0
6127|G|1|3063|845|8212|0|0
6128|G|2|3064|763|4832|0|0
6129|G|0|3064|782|5397|0|0
6130|G|1|3065|748|4464|0|0
6131|G|2|3065|827|7195|0|0
6132|G|0|3066|890|12197|0|0
6133|G|1|3066|788|5603|0|0
6134|G|2|3067|862|18892|0|0
6135|G|0|3067|974|114973|0|0
6136|G|1|3068|874|20847|0|0
6137|G|2|3068|982|164111|0|0
6138|G|0|3069|975|121150|0|0
6139|G|1|3069|987|227885|0|0
6140|G|2|3070|912|31156|0|0
6141|G|0|3070|984|193851|0|0
6142|G|1|3071|896|26050|0|0
6143|G|2|3071|980|154395|0|0
6144|G|0|3072|986|212558|0|0
6145|G|1|3072|981|158014|0|0
6146|G|2|3073|904|28565|0|0
6147|G|0|3073|973|109186|0|0
6148|G|1|3074|848|16860|0|0
6149|G|2|3074|969|96613|0|0
6150|G|0|3075|984|189125|0|0
6151|G|1|3075|975|119878|0|0
6152|G|2|3076|911|30941|0|0
6153|G|0|3076|978|139562|0|0
6154|G|1|3077|934|43085|0|0
6155|G|2|3077|973|108158|0|0
6156|G|0|3078|981|155039|0|0
6157|G|1|3078|970|100237|0|0
6158|G|2|3079|926|37948|0|0
6159|G|0|3079|971|102464|0|0
6160|G|1|3080|913|31648|0|0
6161|G|2|3080|981|160415|0|0
6162|G|0|3081|985|208006|0|0
6163|G|1|3081|985|203936|0|0
6164|G|2|3082|869|10026|1|1
6165|G|0|3082|756|4671|1|1
6166|G|1|3083|935|21679|1|0
6167|G|2|3083|928|19472|1|0
6168|G|0|3084|710|3690|1|1
6169|G|1|3084|857|9020|1|1
6170|G|2|3085|858|9071|1|1
6171|G|0|3085|948|27397|1|1
6172|G|1|3086|740|8568|1|1
6173|G|2|3086|741|8624|0|0
6174|G|0|3087|722|7828|0|1
6175|G|1|3087|726|7977|1|1
6176|G|2|3088|751|9087|0|1
6177|G|0|3088|823|14025|1|1
6178|G|1|3089|778|10567|0|1
6179|G|2|3089|782|10789|1|1
6180|G|0|3090|812|12963|1|1
6181|G|1|3090|823|14003|1|1
6182|G|2|3091|800|12073|1|1
6183|G|0|3091|717|7635|1|1
6184|G|1|3092|818|13527|1|1
6185|G|2|3092|815|13296|1|1
6186|G|0|3093|790|11319|1|1
6187|G|1|3093|817|13480|0|1
6188|G|2|3094|801|12138|1|1
6189|G|0|3094|812|12981|1|1
6190|G|1|3095|765|9768|1|1
6191|G|2|3095|715|7558|0|0
6192|G|0|3096|728|8032|1|1
6193|G|1|3096|827|14344|1|1
6194|G|2|3097|772|10186|1|1
6195|G|0|3097|727|8015|0|1
6196|G|1|3098|753|9169|1|1
6197|G|2|3098|749|8956|1|1
6198|G|0|3099|824|14125|1|1
6199|G|1|3099|796|11742|1|1
10030|F|1|110030|755|464|0|0
6200|G|2|3100|802|12205|1|1
6201|G|0|3100|817|13415|1|1
6202|G|1|3101|792|11460|1|1
6203|G|2|3101|814|13149|1|1
6204|G|0|3102|730|8119|1|1
6205|G|1|3102|777|10503|0|1
6206|G|2|3103|746|8818|0|1
6207|G|0|3103|830|14708|1|1
6208|G|1|3104|822|13880|1|1
6209|G|2|3104|827|14407|1|1
6210|G|0|3105|798|11904|1|1
6211|G|1|3105|733|8265|0|0
6212|G|2|3106|828|14463|1|1
6213|G|0|3106|793|11533|1|1
6214|G|1|3107|789|11255|1|1
6215|G|2|3107|722|7826|1|1
6216|G|0|3108|781|10702|1|1
6217|G|1|3108|786|11082|1|1
6218|G|2|3109|832|14891|1|1
6219|G|0|3109|778|10573|1|1
6220|G|1|3110|776|10435|1|1
6221|G|2|3110|718|7676|0|0
6222|G|0|3111|807|12547|1|1
6223|G|1|3111|810|12844|0|1
6224|G|2|3112|811|12920|0|1
6225|G|0|3112|832|14924|1|1
6226|G|1|3113|753|9187|0|1
6227|G|2|3113|754|9220|0|1
6228|G|0|3114|802|12182|0|1
6229|G|1|3114|772|10185|0|1
6230|G|2|3115|767|9926|1|1
6231|G|0|3115|774|10326|1|1
6232|G|1|3116|825|14226|1|1
6233|G|2|3116|830|14723|1|1
6234|G|0|3117|739|8513|1|1
6235|G|1|3117|772|10209|1|1
6236|G|2|3118|769|9992|1|1
6237|G|0|3118|773|10254|0|1
6238|G|1|3119|719|7702|0|0
6239|G|2|3119|827|14378|1|1
6240|G|0|3120|764|9741|0|1
6241|G|1|3120|767|9931|1|1
6242|G|2|3121|829|14582|1|1
6243|G|0|3121|804|12347|1|1
6244|G|1|3122|804|12328|1|1
6245|G|2|3122|803|12282|1|1
6246|G|0|3123|831|14764|1|1
6247|G|1|3123|773|10268|1|1
6248|G|2|3124|741|8589|1|1
6249|G|0|3124|784|10926|1|1
6250|G|1|3125|774|10288|1|1
6251|G|2|3125|832|14953|1|1
6252|G|0|3126|813|13060|1|1
6253|G|1|3126|803|12292|0|1
6254|G|2|3127|822|13929|0|1
6255|G|0|3127|826|14282|1|1
6256|G|1|3128|818|13519|1|1
6257|G|2|3128|813|13093|1|1
6258|G|0|3129|794|11612|1|1
6259|G|1|3129|788|11193|1|1
6260|G|2|3130|749|8979|0|1
6261|G|0|3130|759|9452|1|1
6262|G|1|3131|711|7383|1|1
6263|G|2|3131|815|13253|1|1
6264|G|0|3132|810|12808|1|1
6265|G|1|3132|733|8263|1|1
6266|G|2|3133|816|13331|0|1
6267|G|0|3133|830|14679|1|1
6268|G|1|3134|830|14680|1|1
6269|G|2|3134|804|12322|1|1
6270|G|0|3135|727|8009|1|1
6271|G|1|3135|795|11654|1|1
6272|G|2|3136|801|12132|1|1
6273|G|0|3136|782|10782|0|1
6274|G|1|3137|787|11142|0|1
6275|G|2|3137|779|10616|0|0
6276|G|0|3138|811|12890|1|1
6277|G|1|3138|824|14073|0|1
6278|G|2|3139|730|8126|1|1
6279|G|0|3139|778|10568|0|1
6280|G|1|3140|782|10777|0|1
6281|G|2|3140|815|13277|1|1
6282|G|0|3141|785|11013|0|1
6283|G|1|3141|736|8397|1|1
6284|G|2|3142|777|10483|1|1
6285|G|0|3142|763|9698|1|1
6286|G|1|3143|813|13078|0|1
6287|G|2|3143|823|14044|1|1
6288|G|0|3144|828|14457|1|1
6289|G|1|3144|753|9191|0|1
6290|G|2|3145|818|13508|1|1
6291|G|0|3145|734|8303|0|1
6292|G|1|3146|833|15006|0|1
6293|G|2|3146|809|12710|1|1
6294|G|0|3147|817|13476|1|1
6295|G|1|3147|784|10912|1|1
6296|G|2|3148|732|8227|1|1
6297|G|0|3148|826|14248|1|1
6298|G|1|3149|821|13782|0|1
6299|G|2|3149|773|10272|1|1
6300|G|0|3150|809|12768|0|1
6301|G|1|3150|736|8399|0|1
6302|G|2|3151|820|13706|1|1
6303|G|0|3151|820|13759|1|1
6304|G|1|3152|732|8210|1|1
6305|G|2|3152|806|12492|1|1
6306|G|0|3153|732|8229|1|1
6307|G|1|3153|706|7210|1|1
6308|G|2|3154|794|11608|1|1
6309|G|0|3154|752|9101|1|1
6310|G|1|3155|725|7947|0|0
6311|G|2|3155|759|9483|0|1
6312|G|0|3156|801|12150|0|1
6313|G|1|3156|779|10592|0|1
6314|G|2|3157|824|14121|0|1
6315|G|0|3157|822|13922|1|1
6316|G|1|3158|825|14165|1|1
6317|G|2|3158|822|13906|0|1
6318|G|0|3159|773|10234|0|0
6319|G|1|3159|747|8866|1|1
6320|G|2|3160|797|11820|1|1
6321|G|0|3160|794|11623|0|1
6322|G|1|3161|707|7256|0|1
6323|G|2|3161|757|9358|1|1
6324|G|0|3162|773|10267|0|1
6325|G|1|3162|748|8936|0|0
6326|G|2|3163|723|7854|1|1
6327|G|0|3163|809|12760|1|1
6328|G|1|3164|744|8719|0|1
6329|G|2|3164|802|12217|1|1
6330|G|0|3165|764|9721|0|1
6331|G|1|3165|740|8550|1|1
6332|G|2|3166|821|13851|0|1
6333|G|0|3166|807|12564|1|1
6334|G|1|3167|740|8544|1|1
6335|G|2|3167|790|11315|0|1
6336|G|0|3168|760|9512|1|1
6337|G|1|3168|762|9640|1|1
6338|G|2|3169|830|14658|1|1
6339|G|0|3169|768|9977|1|1
6340|G|1|3170|799|11941|1|1
6341|G|2|3170|788|11174|1|1
6342|G|0|3171|820|13716|1|1
6343|G|1|3171|830|14676|1|1
6344|G|2|3172|761|9578|1|1
6345|G|0|3172|740|8555|1|1
6346|G|1|3173|820|13700|1|1
6347|G|2|3173|751|9090|0|1
6348|G|0|3174|761|9581|1|1
6349|G|1|3174|834|15088|0|1
6350|G|2|3175|820|13672|1|1
6351|G|0|3175|794|11624|1|1
6352|G|1|3176|811|12912|1|1
6353|G|2|3176|818|13544|1|1
6354|G|0|3177|786|11035|1|1
6355|G|1|3177|760|9539|1|1
6356|G|2|3178|726|7952|0|1
6357|G|0|3178|757|9364|1|1
6358|G|1|3179|794|11633|1|1
6359|G|2|3179|812|12996|0|1
6360|G|0|3180|751|9089|0|0
6361|G|1|3180|802|12202|1|1
6362|G|2|3181|813|13107|1|1
6363|G|0|3181|758|9397|1|1
6364|G|1|3182|816|13355|1|1
6365|G|2|3182|762|9616|0|1
6366|G|0|3183|705|7195|0|0
6367|G|1|3183|825|14232|0|1
6368|G|2|3184|808|12657|1|1
6369|G|0|3184|832|14960|1|1
6370|G|1|3185|814|6600|1|1
6371|G|2|3185|846|8265|1|1
6372|G|0|3186|911|15354|1|1
6373|G|1|3186|853|8757|1|1
6374|G|2|3187|908|14931|1|1
6375|G|0|3187|878|10837|1|1
6376|G|1|3188|927|19123|1|1
6377|G|2|3188|885|11633|1|1
6378|G|0|3189|887|11836|1|1
6379|G|1|3189|747|4449|1|1
6380|G|2|3190|836|7657|1|1
6381|G|0|3190|879|10962|1|1
6382|G|1|3191|877|10759|1|1
6383|G|2|3191|842|8041|1|1
6384|G|0|3192|845|8234|1|1
6385|G|1|3192|739|4267|1|1
6386|G|2|3193|857|9007|1|1
6387|G|0|3193|891|12370|1|1
6388|G|1|3194|836|7694|1|1
6389|G|2|3194|798|5949|1|1
6390|G|0|3195|837|7733|1|1
6391|G|1|3195|827|7212|1|1
6392|G|2|3196|889|12130|1|1
6393|G|0|3196|848|8371|1|1
6394|G|1|3197|871|10150|1|1
6395|G|2|3197|839|7825|1|1
6396|G|0|3198|841|7934|1|1
6397|G|1|3198|886|11674|1|1
6398|G|2|3199|842|8052|1|1
6399|G|0|3199|919|17201|1|1
10031|F|2|110031|774|515|0|0
6400|G|1|3200|868|9876|1|1
6401|G|2|3200|857|9019|1|1
6402|G|0|3201|777|5246|1|1
6403|G|1|3201|882|11272|1|1
6404|G|2|3202|804|6167|1|1
6405|G|0|3202|876|10684|1|1
6406|G|1|3203|879|10943|1|1
6407|G|2|3203|825|7087|1|1
6408|G|0|3204|869|9968|1|1
6409|G|1|3204|792|5723|1|1
6410|G|2|3205|899|13401|1|1
6411|G|0|3205|771|5053|1|1
6412|G|1|3206|802|6099|1|1
6413|G|2|3206|850|8526|1|1
6414|G|0|3207|906|14608|1|1
6415|G|1|3207|898|13245|1|1
6416|G|2|3208|888|11942|1|1
6417|G|0|3208|899|13355|1|1
6418|G|1|3209|877|10745|1|1
6419|G|2|3209|764|4874|1|1
6420|G|0|3210|898|13241|1|1
6421|G|1|3210|723|3932|1|1
6422|G|2|3211|706|3605|1|1
6423|G|0|3211|838|7793|1|1
6424|G|1|3212|903|13985|1|1
6425|G|2|3212|858|9088|1|1
6426|G|0|3213|880|11054|1|1
6427|G|1|3213|850|8514|1|1
6428|G|2|3214|878|10798|1|1
6429|G|0|3214|828|7269|1|1
6430|G|1|3215|897|13129|1|1
6431|G|2|3215|720|3860|1|1
6432|G|0|3216|751|4530|1|1
6433|G|1|3216|849|8435|1|1
6434|G|2|3217|843|8110|1|1
6435|G|0|3217|896|13034|1|1
6436|G|1|3218|860|9288|1|1
6437|G|2|3218|866|9754|1|1
6438|G|0|3219|903|14072|1|1
6439|G|1|3219|856|8950|1|1
6440|G|2|3220|921|17679|1|1
6441|G|0|3220|743|4342|1|1
6442|G|1|3221|864|9586|1|1
6443|G|2|3221|933|21026|1|1
6444|G|0|3222|913|15824|1|1
6445|G|1|3222|876|10683|1|1
6446|G|2|3223|839|7863|1|1
6447|G|0|3223|876|10693|1|1
6448|G|1|3224|767|4942|1|1
6449|G|2|3224|869|9954|1|1
6450|G|0|3225|907|14691|1|1
6451|G|1|3225|897|13077|1|1
6452|G|2|3226|873|10394|1|1
6453|G|0|3226|795|5820|1|1
6454|G|1|3227|880|11021|1|1
6455|G|2|3227|772|5101|1|1
6456|G|0|3228|714|3755|1|1
6457|G|1|3228|729|4040|1|1
6458|G|2|3229|816|6682|1|1
6459|G|0|3229|725|3955|1|1
6460|G|1|3230|934|21392|1|1
6461|G|2|3230|854|8835|1|1
6462|G|0|3231|885|11652|1|1
6463|G|1|3231|912|15565|1|1
6464|G|2|3232|862|9386|1|1
6465|G|0|3232|740|4288|1|1
6466|G|1|3233|869|9965|1|1
6467|G|2|3233|844|8168|1|1
6468|G|0|3234|905|14402|1|1
6469|G|1|3234|930|20157|1|1
6470|G|2|3235|795|5832|1|1
6471|G|0|3235|772|5085|1|1
6472|G|1|3236|853|8732|1|1
6473|G|2|3236|802|6078|1|1
6474|G|0|3237|863|9487|1|1
6475|G|1|3237|881|11136|1|1
6476|G|2|3238|896|12935|1|1
6477|G|0|3238|822|6952|1|1
6478|G|1|3239|891|12314|1|1
6479|G|2|3239|880|11052|1|1
6480|G|0|3240|823|7014|1|1
6481|G|1|3240|909|15149|1|1
6482|G|2|3241|777|5236|1|1
6483|G|0|3241|924|18269|1|1
6484|G|1|3242|754|4617|1|1
6485|G|2|3242|800|6004|1|1
6486|G|0|3243|834|7538|1|1
6487|G|1|3243|820|6855|1|1
6488|G|2|3244|824|7052|1|1
6489|G|0|3244|852|8691|1|1
6490|G|1|3245|902|13813|1|1
6491|G|2|3245|923|18190|1|1
6492|G|0|3246|872|10255|1|1
6493|G|1|3246|746|4425|1|1
6494|G|2|3247|719|3857|1|1
6495|G|0|3247|720|3867|1|1
6496|G|1|3248|828|7261|1|1
6497|G|2|3248|872|10255|1|1
6498|G|0|3249|850|8549|1|1
6499|G|1|3249|844|8170|1|1
6500|G|2|3250|734|4146|1|1
6501|G|0|3250|891|12351|1|1
6502|G|1|3251|784|5476|1|1
6503|G|2|3251|862|9435|1|1
6504|G|0|3252|805|6199|1|1
6505|G|1|3252|830|7370|1|1
6506|G|2|3253|814|6603|1|1
6507|G|0|3253|822|6937|1|1
6508|G|1|3254|735|4179|1|1
6509|G|2|3254|818|6768|1|1
6510|G|0|3255|705|3588|1|1
6511|G|1|3255|788|5603|1|1
6512|G|2|3256|831|7413|1|1
6513|G|0|3256|842|8004|1|1
6514|G|1|3257|707|3633|1|1
6515|G|2|3257|853|8725|1|1
6516|G|0|3258|873|10314|1|1
6517|G|1|3258|742|4335|1|1
6518|G|2|3259|724|3942|1|1
6519|G|0|3259|909|15051|1|1
6520|G|1|3260|711|3708|1|1
6521|G|2|3260|814|6596|1|1
6522|G|0|3261|909|15135|1|1
6523|G|1|3261|822|6950|1|1
6524|G|2|3262|864|9544|1|1
6525|G|0|3262|804|6165|1|1
6526|G|1|3263|878|10861|1|1
6527|G|2|3263|722|3914|1|1
6528|G|0|3264|789|5636|1|1
6529|G|1|3264|859|9154|1|1
6530|G|2|3265|817|6732|1|1
6531|G|0|3265|895|12877|1|1
6532|G|1|3266|813|6560|1|1
6533|G|2|3266|803|6123|1|1
6534|G|0|3267|853|8725|1|1
6535|G|1|3267|876|10662|1|1
6536|G|2|3268|890|12180|1|1
6537|G|0|3268|893|12645|1|1
6538|G|1|3269|776|5218|1|1
6539|G|2|3269|900|13643|1|1
6540|G|0|3270|746|4408|1|1
6541|G|1|3270|861|9345|1|1
6542|G|2|3271|717|3816|1|1
6543|G|0|3271|862|9444|1|1
6544|G|1|3272|915|16320|1|1
6545|G|2|3272|909|15115|1|1
6546|G|0|3273|864|9543|1|1
6547|G|1|3273|719|3849|1|1
6548|G|2|3274|889|12022|1|1
6549|G|0|3274|875|21036|1|1
6550|G|1|3275|724|7874|1|1
6551|G|2|3275|869|20050|1|1
6552|G|0|3276|883|22646|1|1
6553|G|1|3276|871|20429|1|1
6554|G|2|3277|842|16004|1|1
6555|G|0|3277|855|17778|1|1
6556|G|1|3278|870|20250|1|1
6557|G|2|3278|870|20211|1|1
6558|G|0|3279|887|23583|1|1
6559|G|1|3279|823|14016|1|1
6560|G|2|3280|865|19229|1|1
6561|G|0|3280|728|8046|0|0
6562|G|1|3281|712|7434|0|0
6563|G|2|3281|869|19971|1|1
6564|G|0|3282|853|17543|1|1
6565|G|1|3282|884|22881|1|1
6566|G|2|3283|863|19005|1|1
6567|G|0|3283|778|10520|1|1
6568|G|1|3284|828|14498|1|1
6569|G|2|3284|889|24167|1|1
6570|G|0|3285|798|11923|1|1
6571|G|1|3285|802|12185|0|0
6572|G|2|3286|828|14490|1|1
6573|G|0|3286|892|24910|1|1
6574|G|1|3287|860|18458|1|1
6575|G|2|3287|783|10856|1|1
6576|G|0|3288|820|13710|0|1
6577|G|1|3288|862|18881|1|1
6578|G|2|3289|887|23683|1|1
6579|G|0|3289|780|10667|1|1
6580|G|1|3290|855|17823|1|1
6581|G|2|3290|878|21614|1|1
6582|G|0|3291|887|23576|1|1
6583|G|1|3291|826|14265|0|1
6584|G|2|3292|881|22385|1|1
6585|G|0|3292|746|8812|0|0
6586|G|1|3293|793|11536|1|1
6587|G|2|3293|884|23083|1|1
6588|G|0|3294|854|17571|1|1
6589|G|1|3294|882|22487|1|1
6590|G|2|3295|864|19171|1|1
6591|G|0|3295|881|22413|1|1
6592|G|1|3296|872|20572|1|1
6593|G|2|3296|873|20648|1|1
6594|G|0|3297|847|16715|1|1
6595|G|1|3297|831|14838|1|1
6596|G|2|3298|848|16774|1|1
6597|G|0|3298|733|8264|0|1
6598|G|1|3299|740|8562|0|1
6599|G|2|3299|806|12465|1|1
10032|F|0|110032|759|474|0|0
6600|G|0|3300|734|8311|0|0
6601|G|1|3300|873|20730|1|1
6602|G|2|3301|758|9446|1|1
6603|G|0|3301|890|24314|1|1
6604|G|1|3302|869|19968|1|1
6605|G|2|3302|884|22972|1|1
6606|G|0|3303|774|10298|1|1
6607|G|1|3303|876|21240|1|1
6608|G|2|3304|839|15738|1|1
6609|G|0|3304|877|21532|1|1
6610|G|1|3305|870|20117|1|1
6611|G|2|3305|859|18304|1|1
6612|G|0|3306|851|17228|1|1
6613|G|1|3306|883|22845|1|1
6614|G|2|3307|788|11204|0|1
6615|G|0|3307|843|16194|0|1
6616|G|1|3308|803|12305|1|1
6617|G|2|3308|869|20061|1|1
6618|G|0|3309|872|20439|1|1
6619|G|1|3309|891|24713|1|1
6620|G|2|3310|753|9180|1|1
6621|G|0|3310|730|8139|0|0
6622|G|1|3311|779|10630|1|1
6623|G|2|3311|707|7262|0|1
6624|G|0|3312|781|10734|1|1
6625|G|1|3312|872|20501|1|1
6626|G|2|3313|884|23044|1|1
6627|G|0|3313|872|20614|1|1
6628|G|1|3314|860|18581|1|1
6629|G|2|3314|761|9593|1|1
6630|G|0|3315|874|20941|1|1
6631|G|1|3315|883|22777|1|1
6632|G|2|3316|753|9170|0|1
6633|G|0|3316|855|17750|1|1
6634|G|1|3317|774|10280|1|1
6635|G|2|3317|836|15295|1|1
6636|G|0|3318|889|24101|1|1
6637|G|1|3318|854|17667|1|1
6638|G|2|3319|878|21777|1|1
6639|G|0|3319|731|8194|0|1
6640|G|1|3320|850|17099|1|1
6641|G|2|3320|810|12873|1|1
6642|G|0|3321|873|20809|1|1
6643|G|1|3321|771|10122|1|1
6644|G|2|3322|812|12961|1|1
6645|G|0|3322|836|15364|0|1
6646|G|1|3323|773|10235|0|1
6647|G|2|3323|725|7925|0|0
6648|G|0|3324|758|9428|0|1
6649|G|1|3324|892|24876|1|1
6650|G|2|3325|795|11684|1|1
6651|G|0|3325|876|21210|1|1
6652|G|1|3326|740|8555|1|1
6653|G|2|3326|856|17909|1|1
6654|G|0|3327|787|11140|1|1
6655|G|1|3327|870|20166|1|1
6656|G|2|3328|879|21903|1|1
6657|G|0|3328|882|22544|1|1
6658|G|1|3329|879|21861|1|1
6659|G|2|3329|791|11407|1|1
6660|G|0|3330|879|21970|1|1
6661|G|1|3330|879|21911|1|1
6662|G|2|3331|743|8712|1|1
6663|G|0|3331|862|18768|1|1
6664|G|1|3332|860|18535|1|1
6665|G|2|3332|873|20643|1|1
6666|G|0|3333|886|23473|1|1
6667|G|1|3333|886|23364|1|1
6668|G|2|3334|873|20776|1|1
6669|G|0|3334|870|20199|1|1
6670|G|1|3335|884|22984|1|1
6671|G|2|3335|803|12296|1|1
6672|G|0|3336|874|20930|1|1
6673|G|1|3336|873|20799|1|1
6674|G|2|3337|816|13328|1|1
6675|G|0|3337|779|10630|0|1
6676|G|1|3338|736|8399|1|1
6677|G|2|3338|762|9653|0|1
6678|G|0|3339|798|11867|1|1
6679|G|1|3339|888|23862|1|1
6680|G|2|3340|889|24158|1|1
6681|G|0|3340|882|22438|1|1
6682|G|1|3341|756|9321|0|1
6683|G|2|3341|777|10456|1|1
6684|G|0|3342|828|14456|0|1
6685|G|1|3342|847|16640|1|1
6686|G|2|3343|767|9910|1|1
6687|G|0|3343|876|21278|1|1
6688|G|1|3344|823|14023|1|1
6689|G|2|3344|886|23409|1|1
6690|G|0|3345|886|23343|1|1
6691|G|1|3345|855|17797|1|1
6692|G|2|3346|814|13186|1|1
6693|G|0|3346|866|19446|1|1
6694|G|1|3347|887|23644|1|1
6695|G|2|3347|886|23407|1|1
6696|G|0|3348|753|9167|1|1
6697|G|1|3348|878|21669|1|1
6698|G|2|3349|882|22599|1|1
6699|G|0|3349|850|17077|1|1
6700|G|1|3350|838|15531|1|1
6701|G|2|3350|887|23666|1|1
6702|G|0|3351|749|8980|1|1
6703|G|1|3351|857|18077|1|1
6704|G|2|3352|761|9581|1|1
6705|G|0|3352|885|23093|1|1
6706|G|1|3353|762|9648|1|1
6707|G|2|3353|747|8888|1|1
6708|G|0|3354|847|16634|1|1
6709|G|1|3354|833|14992|1|1
6710|G|2|3355|830|14667|1|1
6711|G|0|3355|819|13597|1|1
6712|G|1|3356|885|23151|1|1
6713|G|2|3356|878|21792|1|1
6714|G|0|3357|862|18814|1|1
6715|G|1|3357|745|8778|0|1
6716|G|2|3358|847|16671|1|1
6717|G|0|3358|792|11443|1|1
6718|G|1|3359|840|15779|1|1
6719|G|2|3359|774|10294|0|1
6720|G|0|3360|879|21840|1|1
6721|G|1|3360|888|23790|1|1
6722|G|2|3361|792|11435|1|1
6723|G|0|3361|782|10811|1|1
6724|G|1|3362|837|15472|1|1
6725|G|2|3362|877|21422|1|1
6726|G|0|3363|756|9328|1|1
6727|G|1|3363|739|8502|1|1
6728|G|2|3364|845|16469|1|1
6729|G|0|3364|838|15621|0|1
6730|G|1|3365|830|14653|0|1
6731|G|2|3365|847|16637|1|1
6732|G|0|3366|881|22316|1|1
6733|G|1|3366|750|9012|0|1
6734|G|2|3367|791|11367|1|1
6735|G|0|3367|799|11973|1|1
6736|G|1|3368|841|15946|1|1
6737|G|2|3368|855|17734|1|1
6738|G|0|3369|789|11278|0|1
6739|G|1|3369|862|18786|1|1
6740|G|2|3370|821|13766|0|1
6741|G|0|3370|889|24194|1|1
6742|G|1|3371|843|16113|1|1
6743|G|2|3371|788|11151|0|1
6744|G|0|3372|869|20000|1|1
6745|G|1|3372|881|22332|1|1
6746|G|2|3373|794|11602|0|1
6747|G|0|3373|722|7798|0|0
6748|G|1|3374|889|24140|1|1
6749|G|2|3374|750|9037|0|1
6750|G|0|3375|849|16889|1|1
6751|G|1|3375|889|24099|1|1
6752|G|2|3376|880|22013|1|1
6753|G|0|3376|886|23426|1|1
6754|G|1|3377|877|21467|1|1
6755|G|2|3377|891|24728|1|1
6756|G|0|3378|864|19108|1|1
6757|G|1|3378|817|13428|1|1
6758|G|2|3379|890|24281|1|1
6759|G|0|3379|871|20397|1|1
6760|G|1|3380|822|13912|1|1
6761|G|2|3380|792|11428|0|1
6762|G|0|3381|764|9736|1|1
6763|G|1|3381|833|15004|1|1
6764|G|2|3382|853|17518|1|1
6765|G|0|3382|878|21644|1|1
6766|G|1|3383|864|19155|1|1
6767|G|2|3383|861|18651|1|1
6768|G|0|3384|800|12059|1|1
6769|G|1|3384|877|21551|1|1
6770|G|2|3385|779|10622|0|1
6771|G|0|3385|880|22032|1|1
6772|G|1|3386|884|23012|1|1
6773|G|2|3386|804|12344|0|1
6774|G|0|3387|864|19210|1|1
6775|G|1|3387|808|12678|0|1
6776|G|2|3388|791|11408|1|1
6777|G|0|3388|848|16812|1|1
6778|G|1|3389|871|20407|1|1
6779|G|2|3389|885|23190|1|1
6780|G|0|3390|877|21437|1|1
6781|G|1|3390|873|20789|1|1
6782|G|2|3391|868|19728|1|1
6783|G|0|3391|886|23548|1|1
6784|G|1|3392|881|22397|1|1
6785|G|2|3392|884|23002|1|1
6786|G|0|3393|825|14230|1|1
6787|G|1|3393|853|17425|1|1
6788|G|2|3394|874|20889|1|1
6789|G|0|3394|811|12911|1|1
6790|G|1|3395|862|18850|0|1
6791|G|2|3395|843|16155|1|1
6792|G|0|3396|746|8815|1|1
6793|G|1|3396|769|9994|1|1
6794|G|2|3397|732|8206|0|0
6795|G|0|3397|771|10117|0|1
6796|G|1|3398|771|10108|1|1
6797|G|2|3398|835|15286|1|1
6798|G|0|3399|718|7653|1|1
6799|G|1|3399|724|7879|0|1
10033|F|1|110033|755|464|0|0
6800|G|2|3400|871|20322|1|1
6801|G|0|3400|837|15493|1|1
6802|G|1|3401|849|16880|1|1
6803|G|2|3401|889|24105|1|1
6804|G|0|3402|884|23033|1|1
6805|G|1|3402|842|16100|1|1
6806|G|2|3403|851|17170|1|1
6807|G|0|3403|871|20338|1|1
6808|G|1|3404|870|20203|1|1
6809|G|2|3404|837|15498|1|1
6810|G|0|3405|817|13468|1|1
6811|G|1|3405|728|8034|1|1
6812|G|2|3406|754|9243|1|1
6813|G|0|3406|887|23580|1|1
6814|G|1|3407|890|24296|1|1
6815|G|2|3407|834|15149|1|1
6816|G|0|3408|886|23334|1|1
6817|G|1|3408|752|9123|0|1
6818|G|2|3409|776|10447|0|1
6819|G|0|3409|880|22170|1|1
6820|G|1|3410|874|20846|1|1
6821|G|2|3410|767|9893|0|0
6822|G|0|3411|850|17082|1|1
6823|G|1|3411|886|23376|1|1
6824|G|2|3412|885|23094|1|1
6825|G|0|3412|854|17673|1|1
6826|G|1|3413|796|11770|1|1
6827|G|2|3413|878|21784|1|1
6828|G|0|3414|862|18741|1|1
6829|G|1|3414|814|13132|1|1
6830|G|2|3415|723|7838|1|1
6831|G|0|3415|754|9234|0|1
6832|G|1|3416|769|10028|0|1
6833|G|2|3416|846|16519|0|1
6834|G|0|3417|768|9977|0|1
6835|G|1|3417|804|12337|0|1
6836|G|2|3418|828|14529|1|1
6837|G|0|3418|747|8876|0|1
6838|G|1|3419|868|19830|1|1
6839|G|2|3419|714|7493|0|0
6840|G|0|3420|828|14449|1|1
6841|G|1|3420|743|8716|0|1
6842|G|2|3421|740|8542|0|1
6843|G|0|3421|768|9979|1|1
6844|G|1|3422|855|17762|1|1
6845|G|2|3422|886|23377|1|1
6846|G|0|3423|828|14455|1|1
6847|G|1|3423|861|18674|1|1
6848|G|2|3424|850|17047|1|1
6849|G|0|3424|849|16968|1|1
6850|G|1|3425|830|14677|1|1
6851|G|2|3425|859|18348|1|1
6852|G|0|3426|885|23162|1|1
6853|G|1|3426|784|10907|0|1
6854|G|2|3427|806|12474|0|1
6855|G|0|3427|759|9471|1|1
6856|G|1|3428|876|21341|1|1
6857|G|2|3428|859|18306|1|1
6858|G|0|3429|871|20271|1|1
6859|G|1|3429|864|19178|1|1
6860|G|2|3430|881|22330|1|1
6861|G|0|3430|813|13072|1|1
6862|G|1|3431|852|17292|1|1
6863|G|2|3431|780|10665|1|1
6864|G|0|3432|784|10926|1|1
6865|G|1|3432|889|24210|1|1
6866|G|2|3433|844|16333|0|1
6867|G|0|3433|833|15043|1|1
6868|G|1|3434|844|16254|0|1
6869|G|2|3434|719|7703|0|0
6870|G|0|3435|872|20561|1|1
6871|G|1|3435|739|8510|0|1
6872|G|2|3436|842|16042|1|1
6873|G|0|3436|850|17109|0|1
6874|G|1|3437|804|12383|1|1
6875|G|2|3437|891|24627|1|1
6876|G|0|3438|745|8770|0|0
6877|G|1|3438|886|23503|1|1
6878|G|2|3439|856|17899|1|1
6879|G|0|3439|707|7246|0|1
6880|G|1|3440|856|17836|0|1
6881|G|2|3440|796|11714|1|1
6882|G|0|3441|763|9669|0|1
6883|G|1|3441|793|11502|1|1
6884|G|2|3442|776|10432|1|1
6885|G|0|3442|764|9744|1|1
6886|G|1|3443|795|11638|0|1
6887|G|2|3443|829|14616|1|1
6888|G|0|3444|830|14743|1|1
6889|G|1|3444|877|21422|1|1
6890|G|2|3445|856|17845|1|1
6891|G|0|3445|859|18405|1|1
6892|G|1|3446|801|12093|1|1
6893|G|2|3446|891|24540|1|1
6894|G|0|3447|882|22435|1|1
6895|G|1|3447|788|11218|1|1
6896|G|2|3448|720|7752|0|1
6897|G|0|3448|850|17037|1|1
6898|G|1|3449|733|8248|0|1
6899|G|2|3449|869|20055|1|1
6900|G|0|3450|755|9278|1|1
6901|G|1|3450|866|19530|1|1
6902|G|2|3451|837|15495|1|1
6903|G|0|3451|743|8709|0|1
6904|G|1|3452|853|17462|1|1
6905|G|2|3452|801|12130|0|1
6906|G|0|3453|755|9266|0|1
6907|G|1|3453|866|19433|1|1
6908|G|2|3454|749|8977|1|1
6909|G|0|3454|891|24734|1|1
6910|G|1|3455|882|22544|1|1
6911|G|2|3455|847|16681|1|1
6912|G|0|3456|782|10804|1|1
6913|G|1|3456|836|15314|0|1
6914|G|2|3457|864|19135|1|1
6915|G|0|3457|787|11108|0|1
6916|G|1|3458|799|11930|1|1
6917|G|2|3458|878|21611|1|1
6918|G|0|3459|775|10340|1|1
6919|G|1|3459|859|18386|0|1
6920|G|2|3460|859|18386|1|1
6921|G|0|3460|781|10704|0|1
6922|G|1|3461|858|18193|1|1
6923|G|2|3461|756|9331|1|1
6924|G|0|3462|824|14133|0|1
6925|G|1|3462|819|13601|0|1
6926|G|2|3463|878|21781|1|1
6927|G|0|3463|849|16927|0|1
6928|G|1|3464|783|10873|1|1
6929|G|2|3464|713|7454|1|1
6930|G|0|3465|811|12883|1|1
6931|G|1|3465|883|22711|1|1
6932|G|2|3466|719|7703|1|1
6933|G|0|3466|860|18528|1|1
6934|G|1|3467|757|9360|1|1
6935|G|2|3467|861|18611|1|1
6936|G|0|3468|751|9094|0|1
6937|G|1|3468|888|24005|1|1
6938|G|2|3469|881|22247|1|1
6939|G|0|3469|879|21918|1|1
6940|G|1|3470|870|20130|1|1
6941|G|2|3470|748|8906|1|1
6942|G|0|3471|751|9060|1|1
6943|G|1|3471|825|14187|1|1
6944|G|2|3472|886|23405|1|1
6945|G|0|3472|832|14876|0|1
6946|G|1|3473|745|8804|0|0
6947|G|2|3473|874|20980|1|1
6948|G|0|3474|870|20207|1|1
6949|G|1|3474|880|22156|1|1
6950|G|2|3475|781|10723|1|1
6951|G|0|3475|740|8574|0|1
6952|G|1|3476|860|18516|1|1
6953|G|2|3476|797|11821|1|1
6954|G|0|3477|867|19567|1|1
6955|G|1|3477|725|7918|1|1
6956|G|2|3478|856|17904|0|1
6957|G|0|3478|865|19244|1|1
6958|G|1|3479|810|12802|0|1
6959|G|2|3479|893|25057|1|1
6960|G|0|3480|880|22192|1|1
6961|G|1|3480|853|17464|1|1
6962|G|2|3481|872|20486|1|1
6963|G|0|3481|835|15194|0|1
6964|G|1|3482|884|22865|1|1
6965|G|2|3482|814|13141|1|1
6966|G|0|3483|802|12228|1|1
6967|G|1|3483|838|15523|1|1
6968|G|2|3484|891|24747|1|1
6969|G|0|3484|886|23453|1|1
6970|G|1|3485|862|18845|1|1
6971|G|2|3485|850|17114|1|1
6972|G|0|3486|878|21743|1|1
6973|G|1|3486|879|21869|1|1
6974|G|2|3487|805|12449|1|1
6975|G|0|3487|875|21121|1|1
6976|G|1|3488|837|15418|1|1
6977|G|2|3488|776|10412|1|1
6978|G|0|3489|771|10151|0|0
6979|G|1|3489|853|17435|1|1
6980|G|2|3490|875|21101|1|1
6981|G|0|3490|869|19943|1|1
6982|G|1|3491|858|18269|1|1
6983|G|2|3491|891|24563|1|1
6984|G|0|3492|873|10398|0|0
6985|G|1|3492|928|19528|0|0
6986|G|2|3493|881|11113|0|0
6987|G|0|3493|771|5062|0|0
6988|G|1|3494|886|11763|0|0
6989|G|2|3494|911|15544|0|0
6990|G|0|3495|873|10367|0|0
6991|G|1|3495|759|4746|0|0
6992|G|2|3496|845|8193|0|0
6993|G|0|3496|754|4613|0|0
6994|G|1|3497|791|5706|0|0
6995|G|2|3497|756|4657|0|0
6996|G|0|3498|830|7345|0|0
6997|G|1|3498|889|12117|0|0
6998|G|2|3499|790|5670|0|0
6999|G|0|3499|863|18898|0|0
10034|F|2|110034|747|445|0|0
7000|G|1|3500|974|114971|0|0
7001|G|2|3500|874|20854|0|0
7002|G|0|3501|982|164110|0|0
7003|G|1|3501|975|121120|0|0
7004|G|2|3502|987|227888|0|0
7005|G|0|3502|912|31140|0|0
7006|G|1|3503|984|193857|0|0
7007|G|2|3503|896|25989|0|0
7008|G|0|3504|980|154395|0|0
7009|G|1|3504|986|212559|0|0
7010|G|2|3505|981|158034|0|0
7011|G|0|3505|904|28541|0|0
7012|G|1|3506|973|109196|0|0
7013|G|2|3506|848|16862|0|0
7014|G|0|3507|969|96626|0|0
7015|G|1|3507|984|189154|0|0
7016|G|2|3508|975|119869|0|0
7017|G|0|3508|911|30963|0|0
7018|G|1|3509|978|139566|0|0
7019|G|2|3509|934|43068|0|0
7020|G|0|3510|973|108132|0|0
7021|G|1|3510|981|155049|0|0
7022|G|2|3511|970|100247|0|0
7023|G|0|3511|926|37966|0|0
7024|G|1|3512|971|102467|0|0
7025|G|2|3512|913|31631|0|0
7026|G|0|3513|981|160420|0|0
7027|G|1|3513|985|208008|0|0
7028|G|2|3514|985|203932|0|0
7029|G|0|3514|878|10836|0|0
7030|G|1|3515|928|19405|0|0
7031|G|2|3515|879|10986|0|0
7032|G|0|3516|770|5025|0|0
7033|G|1|3516|887|11868|0|0
7034|G|2|3517|912|15654|0|0
7035|G|0|3517|873|10323|0|0
7036|G|1|3518|760|4754|0|0
7037|G|2|3518|845|8212|0|0
7038|G|0|3519|763|4832|0|0
7039|G|1|3519|782|5397|0|0
7040|G|2|3520|748|4464|0|0
7041|G|0|3520|827|7195|0|0
7042|G|1|3521|890|12197|0|0
7043|G|2|3521|788|5603|0|0
7044|G|0|3522|862|18892|0|0
7045|G|1|3522|974|114973|0|0
7046|G|2|3523|874|20847|0|0
7047|G|0|3523|982|164111|0|0
7048|G|1|3524|975|121150|0|0
7049|G|2|3524|987|227885|0|0
7050|G|0|3525|912|31156|0|0
7051|G|1|3525|984|193851|0|0
7052|G|2|3526|896|26050|0|0
7053|G|0|3526|980|154395|0|0
7054|G|1|3527|986|212558|0|0
7055|G|2|3527|981|158014|0|0
7056|G|0|3528|904|28565|0|0
7057|G|1|3528|973|109186|0|0
7058|G|2|3529|848|16860|0|0
7059|G|0|3529|969|96613|0|0
7060|G|1|3530|984|189125|0|0
7061|G|2|3530|975|119878|0|0
7062|G|0|3531|911|30941|0|0
7063|G|1|3531|978|139562|0|0
7064|G|2|3532|934|43085|0|0
7065|G|0|3532|973|108158|0|0
7066|G|1|3533|981|155039|0|0
7067|G|2|3533|970|100237|0|0
7068|G|0|3534|926|37948|0|0
7069|G|1|3534|971|102464|0|0
7070|G|2|3535|913|31648|0|0
7071|G|0|3535|981|160415|0|0
7072|G|1|3536|985|208006|0|0
7073|G|2|3536|985|203936|0|0
7074|G|0|3537|869|10026|1|1
7075|G|1|3537|756|4671|1|1
7076|G|2|3538|935|21679|1|0
7077|G|0|3538|928|19472|1|0
7078|G|1|3539|710|3690|1|1
7079|G|2|3539|857|9020|1|1
7080|G|0|3540|858|9071|1|1
7081|G|1|3540|948|27397|1|1
7082|G|2|3541|740|8568|1|1
7083|G|0|3541|741|8624|0|0
7084|G|1|3542|722|7828|0|1
7085|G|2|3542|726|7977|1|1
7086|G|0|3543|751|9087|0|1
7087|G|1|3543|823|14025|1|1
7088|G|2|3544|778|10567|0|1
7089|G|0|3544|782|10789|1|1
7090|G|1|3545|812|12963|1|1
7091|G|2|3545|823|14003|1|1
7092|G|0|3546|800|12073|1|1
7093|G|1|3546|717|7635|1|1
7094|G|2|3547|818|13527|1|1
7095|G|0|3547|815|13296|1|1
7096|G|1|3548|790|11319|1|1
7097|G|2|3548|817|13480|0|1
7098|G|0|3549|801|12138|1|1
7099|G|1|3549|812|12981|1|1
7100|G|2|3550|765|9768|1|1
7101|G|0|3550|715|7558|0|0
7102|G|1|3551|728|8032|1|1
7103|G|2|3551|827|14344|1|1
7104|G|0|3552|772|10186|1|1
7105|G|1|3552|727|8015|0|1
7106|G|2|3553|753|9169|1|1
7107|G|0|3553|749|8956|1|1
7108|G|1|3554|824|14125|1|1
7109|G|2|3554|796|11742|1|1
7110|G|0|3555|802|12205|1|1
7111|G|1|3555|817|13415|1|1
7112|G|2|3556|792|11460|1|1
7113|G|0|3556|814|13149|1|1
7114|G|1|3557|730|8119|1|1
7115|G|2|3557|777|10503|0|1
7116|G|0|3558|746|8818|0|1
7117|G|1|3558|830|14708|1|1
7118|G|2|3559|822|13880|1|1
7119|G|0|3559|827|14407|1|1
7120|G|1|3560|798|11904|1|1
7121|G|2|3560|733|8265|0|0
7122|G|0|3561|828|14463|1|1
7123|G|1|3561|793|11533|1|1
7124|G|2|3562|789|11255|1|1
7125|G|0|3562|722|7826|1|1
7126|G|1|3563|781|10702|1|1
7127|G|2|3563|786|11082|1|1
7128|G|0|3564|832|14891|1|1
7129|G|1|3564|778|10573|1|1
7130|G|2|3565|776|10435|1|1
7131|G|0|3565|718|7676|0|0
7132|G|1|3566|807|12547|1|1
7133|G|2|3566|810|12844|0|1
7134|G|0|3567|811|12920|0|1
7135|G|1|3567|832|14924|1|1
7136|G|2|3568|753|9187|0|1
7137|G|0|3568|754|9220|0|1
7138|G|1|3569|802|12182|0|1
7139|G|2|3569|772|10185|0|1
7140|G|0|3570|767|9926|1|1
7141|G|1|3570|774|10326|1|1
7142|G|2|3571|825|14226|1|1
7143|G|0|3571|830|14723|1|1
7144|G|1|3572|739|8513|1|1
7145|G|2|3572|772|10209|1|1
7146|G|0|3573|769|9992|1|1
7147|G|1|3573|773|10254|0|1
7148|G|2|3574|719|7702|0|0
7149|G|0|3574|827|14378|1|1
7150|G|1|3575|764|9741|0|1
7151|G|2|3575|767|9931|1|1
7152|G|0|3576|829|14582|1|1
7153|G|1|3576|804|12347|1|1
7154|G|2|3577|804|12328|1|1
7155|G|0|3577|803|12282|1|1
7156|G|1|3578|831|14764|1|1
7157|G|2|3578|773|10268|1|1
7158|G|0|3579|741|8589|1|1
7159|G|1|3579|784|10926|1|1
7160|G|2|3580|774|10288|1|1
7161|G|0|3580|832|14953|1|1
7162|G|1|3581|813|13060|1|1
7163|G|2|3581|803|12292|0|1
7164|G|0|3582|822|13929|0|1
7165|G|1|3582|826|14282|1|1
7166|G|2|3583|818|13519|1|1
7167|G|0|3583|813|13093|1|1
7168|G|1|3584|794|11612|1|1
7169|G|2|3584|788|11193|1|1
7170|G|0|3585|749|8979|0|1
7171|G|1|3585|759|9452|1|1
7172|G|2|3586|711|7383|1|1
7173|G|0|3586|815|13253|1|1
7174|G|1|3587|810|12808|1|1
7175|G|2|3587|733|8263|1|1
7176|G|0|3588|816|13331|0|1
7177|G|1|3588|830|14679|1|1
7178|G|2|3589|830|14680|1|1
7179|G|0|3589|804|12322|1|1
7180|G|1|3590|727|8009|1|1
7181|G|2|3590|795|11654|1|1
7182|G|0|3591|801|12132|1|1
7183|G|1|3591|782|10782|0|1
7184|G|2|3592|787|11142|0|1
7185|G|0|3592|779|10616|0|0
7186|G|1|3593|811|12890|1|1
7187|G|2|3593|824|14073|0|1
7188|G|0|3594|730|8126|1|1
7189|G|1|3594|778|10568|0|1
7190|G|2|3595|782|10777|0|1
7191|G|0|3595|815|13277|1|1
7192|G|1|3596|785|11013|0|1
7193|G|2|3596|736|8397|1|1
7194|G|0|3597|777|10483|1|1
7195|G|1|3597|763|9698|1|1
7196|G|2|3598|813|13078|0|1
7197|G|0|3598|823|14044|1|1
7198|G|1|3599|828|14457|1|1
7199|G|2|3599|753|9191|0|1
10035|F|0|110035|712|372|0|0
7200|G|0|3600|818|13508|1|1
7201|G|1|3600|734|8303|0|1
7202|G|2|3601|833|15006|0|1
7203|G|0|3601|809|12710|1|1
7204|G|1|3602|817|13476|1|1
7205|G|2|3602|784|10912|1|1
7206|G|0|3603|732|8227|1|1
7207|G|1|3603|826|14248|1|1
7208|G|2|3604|821|13782|0|1
7209|G|0|3604|773|10272|1|1
7210|G|1|3605|809|12768|0|1
7211|G|2|3605|736|8399|0|1
7212|G|0|3606|820|13706|1|1
7213|G|1|3606|820|13759|1|1
7214|G|2|3607|732|8210|1|1
7215|G|0|3607|806|12492|1|1
7216|G|1|3608|732|8229|1|1
7217|G|2|3608|706|7210|1|1
7218|G|0|3609|794|11608|1|1
7219|G|1|3609|752|9101|1|1
7220|G|2|3610|725|7947|0|0
7221|G|0|3610|759|9483|0|1
7222|G|1|3611|801|12150|0|1
7223|G|2|3611|779|10592|0|1
7224|G|0|3612|824|14121|0|1
7225|G|1|3612|822|13922|1|1
7226|G|2|3613|825|14165|1|1
7227|G|0|3613|822|13906|0|1
7228|G|1|3614|773|10234|0|0
7229|G|2|3614|747|8866|1|1
7230|G|0|3615|797|11820|1|1
7231|G|1|3615|794|11623|0|1
7232|G|2|3616|707|7256|0|1
7233|G|0|3616|757|9358|1|1
7234|G|1|3617|773|10267|0|1
7235|G|2|3617|748|8936|0|0
7236|G|0|3618|723|7854|1|1
7237|G|1|3618|809|12760|1|1
7238|G|2|3619|744|8719|0|1
7239|G|0|3619|802|12217|1|1
7240|G|1|3620|764|9721|0|1
7241|G|2|3620|740|8550|1|1
7242|G|0|3621|821|13851|0|1
7243|G|1|3621|807|12564|1|1
7244|G|2|3622|740|8544|1|1
7245|G|0|3622|790|11315|0|1
7246|G|1|3623|760|9512|1|1
7247|G|2|3623|762|9640|1|1
7248|G|0|3624|830|14658|1|1
7249|G|1|3624|768|9977|1|1
7250|G|2|3625|799|11941|1|1
7251|G|0|3625|788|11174|1|1
7252|G|1|3626|820|13716|1|1
7253|G|2|3626|830|14676|1|1
7254|G|0|3627|761|9578|1|1
7255|G|1|3627|740|8555|1|1
7256|G|2|3628|820|13700|1|1
7257|G|0|3628|751|9090|0|1
7258|G|1|3629|761|9581|1|1
7259|G|2|3629|834|15088|0|1
7260|G|0|3630|820|13672|1|1
7261|G|1|3630|794|11624|1|1
7262|G|2|3631|811|12912|1|1
7263|G|0|3631|818|13544|1|1
7264|G|1|3632|786|11035|1|1
7265|G|2|3632|760|9539|1|1
7266|G|0|3633|726|7952|0|1
7267|G|1|3633|757|9364|1|1
7268|G|2|3634|794|11633|1|1
7269|G|0|3634|812|12996|0|1
7270|G|1|3635|751|9089|0|0
7271|G|2|3635|802|12202|1|1
7272|G|0|3636|813|13107|1|1
7273|G|1|3636|758|9397|1|1
7274|G|2|3637|816|13355|1|1
7275|G|0|3637|762|9616|0|1
7276|G|1|3638|705|7195|0|0
7277|G|2|3638|825|14232|0|1
7278|G|0|3639|808|12657|1|1
7279|G|1|3639|832|14960|1|1
7280|G|2|3640|814|6600|1|1
7281|G|0|3640|846|8265|1|1
7282|G|1|3641|911|15354|1|1
7283|G|2|3641|853|8757|1|1
7284|G|0|3642|908|14931|1|1
7285|G|1|3642|878|10837|1|1
7286|G|2|3643|927|19123|1|1
7287|G|0|3643|885|11633|1|1
7288|G|1|3644|887|11836|1|1
7289|G|2|3644|747|4449|1|1
7290|G|0|3645|836|7657|1|1
7291|G|1|3645|879|10962|1|1
7292|G|2|3646|877|10759|1|1
7293|G|0|3646|842|8041|1|1
7294|G|1|3647|845|8234|1|1
7295|G|2|3647|739|4267|1|1
7296|G|0|3648|857|9007|1|1
7297|G|1|3648|891|12370|1|1
7298|G|2|3649|836|7694|1|1
7299|G|0|3649|798|5949|1|1
7300|G|1|3650|837|7733|1|1
7301|G|2|3650|827|7212|1|1
7302|G|0|3651|889|12130|1|1
7303|G|1|3651|848|8371|1|1
7304|G|2|3652|871|10150|1|1
7305|G|0|3652|839|7825|1|1
7306|G|1|3653|841|7934|1|1
7307|G|2|3653|886|11674|1|1
7308|G|0|3654|842|8052|1|1
7309|G|1|3654|919|17201|1|1
7310|G|2|3655|868|9876|1|1
7311|G|0|3655|857|9019|1|1
7312|G|1|3656|777|5246|1|1
7313|G|2|3656|882|11272|1|1
7314|G|0|3657|804|6167|1|1
7315|G|1|3657|876|10684|1|1
7316|G|2|3658|879|10943|1|1
7317|G|0|3658|825|7087|1|1
7318|G|1|3659|869|9968|1|1
7319|G|2|3659|792|5723|1|1
7320|G|0|3660|899|13401|1|1
7321|G|1|3660|771|5053|1|1
7322|G|2|3661|802|6099|1|1
7323|G|0|3661|850|8526|1|1
7324|G|1|3662|906|14608|1|1
7325|G|2|3662|898|13245|1|1
7326|G|0|3663|888|11942|1|1
7327|G|1|3663|899|13355|1|1
7328|G|2|3664|877|10745|1|1
7329|G|0|3664|764|4874|1|1
7330|G|1|3665|898|13241|1|1
7331|G|2|3665|723|3932|1|1
7332|G|0|3666|706|3605|1|1
7333|G|1|3666|838|7793|1|1
7334|G|2|3667|903|13985|1|1
7335|G|0|3667|858|9088|1|1
7336|G|1|3668|880|11054|1|1
7337|G|2|3668|850|8514|1|1
7338|G|0|3669|878|10798|1|1
7339|G|1|3669|828|7269|1|1
7340|G|2|3670|897|13129|1|1
7341|G|0|3670|720|3860|1|1
7342|G|1|3671|751|4530|1|1
7343|G|2|3671|849|8435|1|1
7344|G|0|3672|843|8110|1|1
7345|G|1|3672|896|13034|1|1
7346|G|2|3673|860|9288|1|1
7347|G|0|3673|866|9754|1|1
7348|G|1|3674|903|14072|1|1
7349|G|2|3674|856|8950|1|1
7350|G|0|3675|921|17679|1|1
7351|G|1|3675|743|4342|1|1
7352|G|2|3676|864|9586|1|1
7353|G|0|3676|933|21026|1|1
7354|G|1|3677|913|15824|1|1
7355|G|2|3677|876|10683|1|1
7356|G|0|3678|839|7863|1|1
7357|G|1|3678|876|10693|1|1
7358|G|2|3679|767|4942|1|1
7359|G|0|3679|869|9954|1|1
7360|G|1|3680|907|14691|1|1
7361|G|2|3680|897|13077|1|1
7362|G|0|3681|873|10394|1|1
7363|G|1|3681|795|5820|1|1
7364|G|2|3682|880|11021|1|1
7365|G|0|3682|772|5101|1|1
7366|G|1|3683|714|3755|1|1
7367|G|2|3683|729|4040|1|1
7368|G|0|3684|816|6682|1|1
7369|G|1|3684|725|3955|1|1
7370|G|2|3685|934|21392|1|1
7371|G|0|3685|854|8835|1|1
7372|G|1|3686|885|11652|1|1
7373|G|2|3686|912|15565|1|1
7374|G|0|3687|862|9386|1|1
7375|G|1|3687|740|4288|1|1
7376|G|2|3688|869|9965|1|1
7377|G|0|3688|844|8168|1|1
7378|G|1|3689|905|14402|1|1
7379|G|2|3689|930|20157|1|1
7380|G|0|3690|795|5832|1|1
7381|G|1|3690|772|5085|1|1
7382|G|2|3691|853|8732|1|1
7383|G|0|3691|802|6078|1|1
7384|G|1|3692|863|9487|1|1
7385|G|2|3692|881|11136|1|1
7386|G|0|3693|896|12935|1|1
7387|G|1|3693|822|6952|1|1
7388|G|2|3694|891|12314|1|1
7389|G|0|3694|880|11052|1|1
7390|G|1|3695|823|7014|1|1
7391|G|2|3695|909|15149|1|1
7392|G|0|3696|777|5236|1|1
7393|G|1|3696|924|18269|1|1
7394|G|2|3697|754|4617|1|1
7395|G|0|3697|800|6004|1|1
7396|G|1|3698|834|7538|1|1
7397|G|2|3698|820|6855|1|1
7398|G|0|3699|824|7052|1|1
7399|G|1|3699|852|8691|1|1
10036|F|1|110036|718|382|0|0
7400|G|2|3700|902|13813|1|1
7401|G|0|3700|923|18190|1|1
7402|G|1|3701|872|10255|1|1
7403|G|2|3701|746|4425|1|1
7404|G|0|3702|719|3857|1|1
7405|G|1|3702|720|3867|1|1
7406|G|2|3703|828|7261|1|1
7407|G|0|3703|872|10255|1|1
7408|G|1|3704|850|8549|1|1
7409|G|2|3704|844|8170|1|1
7410|G|0|3705|734|4146|1|1
7411|G|1|3705|891|12351|1|1
7412|G|2|3706|784|5476|1|1
7413|G|0|3706|862|9435|1|1
7414|G|1|3707|805|6199|1|1
7415|G|2|3707|830|7370|1|1
7416|G|0|3708|814|6603|1|1
7417|G|1|3708|822|6937|1|1
7418|G|2|3709|735|4179|1|1
7419|G|0|3709|818|6768|1|1
7420|G|1|3710|705|3588|1|1
7421|G|2|3710|788|5603|1|1
7422|G|0|3711|831|7413|1|1
7423|G|1|3711|842|8004|1|1
7424|G|2|3712|707|3633|1|1
7425|G|0|3712|853|8725|1|1
7426|G|1|3713|873|10314|1|1
7427|G|2|3713|742|4335|1|1
7428|G|0|3714|724|3942|1|1
7429|G|1|3714|909|15051|1|1
7430|G|2|3715|711|3708|1|1
7431|G|0|3715|814|6596|1|1
7432|G|1|3716|909|15135|1|1
7433|G|2|3716|822|6950|1|1
7434|G|0|3717|864|9544|1|1
7435|G|1|3717|804|6165|1|1
7436|G|2|3718|878|10861|1|1
7437|G|0|3718|722|3914|1|1
7438|G|1|3719|789|5636|1|1
7439|G|2|3719|859|9154|1|1
7440|G|0|3720|817|6732|1|1
7441|G|1|3720|895|12877|1|1
7442|G|2|3721|813|6560|1|1
7443|G|0|3721|803|6123|1|1
7444|G|1|3722|853|8725|1|1
7445|G|2|3722|876|10662|1|1
7446|G|0|3723|890|12180|1|1
7447|G|1|3723|893|12645|1|1
7448|G|2|3724|776|5218|1|1
7449|G|0|3724|900|13643|1|1
7450|G|1|3725|746|4408|1|1
7451|G|2|3725|861|9345|1|1
7452|G|0|3726|717|3816|1|1
7453|G|1|3726|862|9444|1|1
7454|G|2|3727|915|16320|1|1
7455|G|0|3727|909|15115|1|1
7456|G|1|3728|864|9543|1|1
7457|G|2|3728|719|3849|1|1
7458|G|0|3729|889|12022|1|1
7459|G|1|3729|875|21036|1|1
7460|G|2|3730|724|7874|1|1
7461|G|0|3730|869|20050|1|1
7462|G|1|3731|883|22646|1|1
7463|G|2|3731|871|20429|1|1
7464|G|0|3732|842|16004|1|1
7465|G|1|3732|855|17778|1|1
7466|G|2|3733|870|20250|1|1
7467|G|0|3733|870|20211|1|1
7468|G|1|3734|887|23583|1|1
7469|G|2|3734|823|14016|1|1
7470|G|0|3735|865|19229|1|1
7471|G|1|3735|728|8046|0|0
7472|G|2|3736|712|7434|0|0
7473|G|0|3736|869|19971|1|1
7474|G|1|3737|853|17543|1|1
7475|G|2|3737|884|22881|1|1
7476|G|0|3738|863|19005|1|1
7477|G|1|3738|778|10520|1|1
7478|G|2|3739|828|14498|1|1
7479|G|0|3739|889|24167|1|1
7480|G|1|3740|798|11923|1|1
7481|G|2|3740|802|12185|0|0
7482|G|0|3741|828|14490|1|1
7483|G|1|3741|892|24910|1|1
7484|G|2|3742|860|18458|1|1
7485|G|0|3742|783|10856|1|1
7486|G|1|3743|820|13710|0|1
7487|G|2|3743|862|18881|1|1
7488|G|0|3744|887|23683|1|1
7489|G|1|3744|780|10667|1|1
7490|G|2|3745|855|17823|1|1
7491|G|0|3745|878|21614|1|1
7492|G|1|3746|887|23576|1|1
7493|G|2|3746|826|14265|0|1
7494|G|0|3747|881|22385|1|1
7495|G|1|3747|746|8812|0|0
7496|G|2|3748|793|11536|1|1
7497|G|0|3748|884|23083|1|1
7498|G|1|3749|854|17571|1|1
7499|G|2|3749|882|22487|1|1
7500|G|0|3750|864|19171|1|1
7501|G|1|3750|881|22413|1|1
7502|G|2|3751|872|20572|1|1
7503|G|0|3751|873|20648|1|1
7504|G|1|3752|847|16715|1|1
7505|G|2|3752|831|14838|1|1
7506|G|0|3753|848|16774|1|1
7507|G|1|3753|733|8264|0|1
7508|G|2|3754|740|8562|0|1
7509|G|0|3754|806|12465|1|1
7510|G|1|3755|734|8311|0|0
7511|G|2|3755|873|20730|1|1
7512|G|0|3756|758|9446|1|1
7513|G|1|3756|890|24314|1|1
7514|G|2|3757|869|19968|1|1
7515|G|0|3757|884|22972|1|1
7516|G|1|3758|774|10298|1|1
7517|G|2|3758|876|21240|1|1
7518|G|0|3759|839|15738|1|1
7519|G|1|3759|877|21532|1|1
7520|G|2|3760|870|20117|1|1
7521|G|0|3760|859|18304|1|1
7522|G|1|3761|851|17228|1|1
7523|G|2|3761|883|22845|1|1
7524|G|0|3762|788|11204|0|1
7525|G|1|3762|843|16194|0|1
7526|G|2|3763|803|12305|1|1
7527|G|0|3763|869|20061|1|1
7528|G|1|3764|872|20439|1|1
7529|G|2|3764|891|24713|1|1
7530|G|0|3765|753|9180|1|1
7531|G|1|3765|730|8139|0|0
7532|G|2|3766|779|10630|1|1
7533|G|0|3766|707|7262|0|1
7534|G|1|3767|781|10734|1|1
7535|G|2|3767|872|20501|1|1
7536|G|0|3768|884|23044|1|1
7537|G|1|3768|872|20614|1|1
7538|G|2|3769|860|18581|1|1
7539|G|0|3769|761|9593|1|1
7540|G|1|3770|874|20941|1|1
7541|G|2|3770|883|22777|1|1
7542|G|0|3771|753|9170|0|1
7543|G|1|3771|855|17750|1|1
7544|G|2|3772|774|10280|1|1
7545|G|0|3772|836|15295|1|1
7546|G|1|3773|889|24101|1|1
7547|G|2|3773|854|17667|1|1
7548|G|0|3774|878|21777|1|1
7549|G|1|3774|731|8194|0|1
7550|G|2|3775|850|17099|1|1
7551|G|0|3775|810|12873|1|1
7552|G|1|3776|873|20809|1|1
7553|G|2|3776|771|10122|1|1
7554|G|0|3777|812|12961|1|1
7555|G|1|3777|836|15364|0|1
7556|G|2|3778|773|10235|0|1
7557|G|0|3778|725|7925|0|0
7558|G|1|3779|758|9428|0|1
7559|G|2|3779|892|24876|1|1
7560|G|0|3780|795|11684|1|1
7561|G|1|3780|876|21210|1|1
7562|G|2|3781|740|8555|1|1
7563|G|0|3781|856|17909|1|1
7564|G|1|3782|787|11140|1|1
7565|G|2|3782|870|20166|1|1
7566|G|0|3783|879|21903|1|1
7567|G|1|3783|882|22544|1|1
7568|G|2|3784|879|21861|1|1
7569|G|0|3784|791|11407|1|1
7570|G|1|3785|879|21970|1|1
7571|G|2|3785|879|21911|1|1
7572|G|0|3786|743|8712|1|1
7573|G|1|3786|862|18768|1|1
7574|G|2|3787|860|18535|1|1
7575|G|0|3787|873|20643|1|1
7576|G|1|3788|886|23473|1|1
7577|G|2|3788|886|23364|1|1
7578|G|0|3789|873|20776|1|1
7579|G|1|3789|870|20199|1|1
7580|G|2|3790|884|22984|1|1
7581|G|0|3790|803|12296|1|1
7582|G|1|3791|874|20930|1|1
7583|G|2|3791|873|20799|1|1
7584|G|0|3792|816|13328|1|1
7585|G|1|3792|779|10630|0|1
7586|G|2|3793|736|8399|1|1
7587|G|0|3793|762|9653|0|1
7588|G|1|3794|798|11867|1|1
7589|G|2|3794|888|23862|1|1
7590|G|0|3795|889|24158|1|1
7591|G|1|3795|882|22438|1|1
7592|G|2|3796|756|9321|0|1
7593|G|0|3796|777|10456|1|1
7594|G|1|3797|828|14456|0|1
7595|G|2|3797|847|16640|1|1
7596|G|0|3798|767|9910|1|1
7597|G|1|3798|876|21278|1|1
7598|G|2|3799|823|14023|1|1
7599|G|0|3799|886|23409|1|1
10037|F|2|110037|744|437|0|0
7600|G|1|3800|886|23343|1|1
7601|G|2|3800|855|17797|1|1
7602|G|0|3801|814|13186|1|1
7603|G|1|3801|866|19446|1|1
7604|G|2|3802|887|23644|1|1
7605|G|0|3802|886|23407|1|1
7606|G|1|3803|753|9167|1|1
7607|G|2|3803|878|21669|1|1
7608|G|0|3804|882|22599|1|1
7609|G|1|3804|850|17077|1|1
7610|G|2|3805|838|15531|1|1
7611|G|0|3805|887|23666|1|1
7612|G|1|3806|749|8980|1|1
7613|G|2|3806|857|18077|1|1
7614|G|0|3807|761|9581|1|1
7615|G|1|3807|885|23093|1|1
7616|G|2|3808|762|9648|1|1
7617|G|0|3808|747|8888|1|1
7618|G|1|3809|847|16634|1|1
7619|G|2|3809|833|14992|1|1
7620|G|0|3810|830|14667|1|1
7621|G|1|3810|819|13597|1|1
7622|G|2|3811|885|23151|1|1
7623|G|0|3811|878|21792|1|1
7624|G|1|3812|862|18814|1|1
7625|G|2|3812|745|8778|0|1
7626|G|0|3813|847|16671|1|1
7627|G|1|3813|792|11443|1|1
7628|G|2|3814|840|15779|1|1
7629|G|0|3814|774|10294|0|1
7630|G|1|3815|879|21840|1|1
7631|G|2|3815|888|23790|1|1
7632|G|0|3816|792|11435|1|1
7633|G|1|3816|782|10811|1|1
7634|G|2|3817|837|15472|1|1
7635|G|0|3817|877|21422|1|1
7636|G|1|3818|756|9328|1|1
7637|G|2|3818|739|8502|1|1
7638|G|0|3819|845|16469|1|1
7639|G|1|3819|838|15621|0|1
7640|G|2|3820|830|14653|0|1
7641|G|0|3820|847|16637|1|1
7642|G|1|3821|881|22316|1|1
7643|G|2|3821|750|9012|0|1
7644|G|0|3822|791|11367|1|1
7645|G|1|3822|799|11973|1|1
7646|G|2|3823|841|15946|1|1
7647|G|0|3823|855|17734|1|1
7648|G|1|3824|789|11278|0|1
7649|G|2|3824|862|18786|1|1
7650|G|0|3825|821|13766|0|1
7651|G|1|3825|889|24194|1|1
7652|G|2|3826|843|16113|1|1
7653|G|0|3826|788|11151|0|1
7654|G|1|3827|869|20000|1|1
7655|G|2|3827|881|22332|1|1
7656|G|0|3828|794|11602|0|1
7657|G|1|3828|722|7798|0|0
7658|G|2|3829|889|24140|1|1
7659|G|0|3829|750|9037|0|1
7660|G|1|3830|849|16889|1|1
7661|G|2|3830|889|24099|1|1
7662|G|0|3831|880|22013|1|1
7663|G|1|3831|886|23426|1|1
7664|G|2|3832|877|21467|1|1
7665|G|0|3832|891|24728|1|1
7666|G|1|3833|864|19108|1|1
7667|G|2|3833|817|13428|1|1
7668|G|0|3834|890|24281|1|1
7669|G|1|3834|871|20397|1|1
7670|G|2|3835|822|13912|1|1
7671|G|0|3835|792|11428|0|1
7672|G|1|3836|764|9736|1|1
7673|G|2|3836|833|15004|1|1
7674|G|0|3837|853|17518|1|1
7675|G|1|3837|878|21644|1|1
7676|G|2|3838|864|19155|1|1
7677|G|0|3838|861|18651|1|1
7678|G|1|3839|800|12059|1|1
7679|G|2|3839|877|21551|1|1
7680|G|0|3840|779|10622|0|1
7681|G|1|3840|880|22032|1|1
7682|G|2|3841|884|23012|1|1
7683|G|0|3841|804|12344|0|1
7684|G|1|3842|864|19210|1|1
7685|G|2|3842|808|12678|0|1
7686|G|0|3843|791|11408|1|1
7687|G|1|3843|848|16812|1|1
7688|G|2|3844|871|20407|1|1
7689|G|0|3844|885|23190|1|1
7690|G|1|3845|877|21437|1|1
7691|G|2|3845|873|20789|1|1
7692|G|0|3846|868|19728|1|1
7693|G|1|3846|886|23548|1|1
7694|G|2|3847|881|22397|1|1
7695|G|0|3847|884|23002|1|1
7696|G|1|3848|825|14230|1|1
7697|G|2|3848|853|17425|1|1
7698|G|0|3849|874|20889|1|1
7699|G|1|3849|811|12911|1|1
7700|G|2|3850|862|18850|0|1
7701|G|0|3850|843|16155|1|1
7702|G|1|3851|746|8815|1|1
7703|G|2|3851|769|9994|1|1
7704|G|0|3852|732|8206|0|0
7705|G|1|3852|771|10117|0|1
7706|G|2|3853|771|10108|1|1
7707|G|0|3853|835|15286|1|1
7708|G|1|3854|718|7653|1|1
7709|G|2|3854|724|7879|0|1
7710|G|0|3855|871|20322|1|1
7711|G|1|3855|837|15493|1|1
7712|G|2|3856|849|16880|1|1
7713|G|0|3856|889|24105|1|1
7714|G|1|3857|884|23033|1|1
7715|G|2|3857|842|16100|1|1
7716|G|0|3858|851|17170|1|1
7717|G|1|3858|871|20338|1|1
7718|G|2|3859|870|20203|1|1
7719|G|0|3859|837|15498|1|1
7720|G|1|3860|817|13468|1|1
7721|G|2|3860|728|8034|1|1
7722|G|0|3861|754|9243|1|1
7723|G|1|3861|887|23580|1|1
7724|G|2|3862|890|24296|1|1
7725|G|0|3862|834|15149|1|1
7726|G|1|3863|886|23334|1|1
7727|G|2|3863|752|9123|0|1
7728|G|0|3864|776|10447|0|1
7729|G|1|3864|880|22170|1|1
7730|G|2|3865|874|20846|1|1
7731|G|0|3865|767|9893|0|0
7732|G|1|3866|850|17082|1|1
7733|G|2|3866|886|23376|1|1
7734|G|0|3867|885|23094|1|1
7735|G|1|3867|854|17673|1|1
7736|G|2|3868|796|11770|1|1
7737|G|0|3868|878|21784|1|1
7738|G|1|3869|862|18741|1|1
7739|G|2|3869|814|13132|1|1
7740|G|0|3870|723|7838|1|1
7741|G|1|3870|754|9234|0|1
7742|G|2|3871|769|10028|0|1
7743|G|0|3871|846|16519|0|1
7744|G|1|3872|768|9977|0|1
7745|G|2|3872|804|12337|0|1
7746|G|0|3873|828|14529|1|1
7747|G|1|3873|747|8876|0|1
7748|G|2|3874|868|19830|1|1
7749|G|0|3874|714|7493|0|0
7750|G|1|3875|828|14449|1|1
7751|G|2|3875|743|8716|0|1
7752|G|0|3876|740|8542|0|1
7753|G|1|3876|768|9979|1|1
7754|G|2|3877|855|17762|1|1
7755|G|0|3877|886|23377|1|1
7756|G|1|3878|828|14455|1|1
7757|G|2|3878|861|18674|1|1
7758|G|0|3879|850|17047|1|1
7759|G|1|3879|849|16968|1|1
7760|G|2|3880|830|14677|1|1
7761|G|0|3880|859|18348|1|1
7762|G|1|3881|885|23162|1|1
7763|G|2|3881|784|10907|0|1
7764|G|0|3882|806|12474|0|1
7765|G|1|3882|759|9471|1|1
7766|G|2|3883|876|21341|1|1
7767|G|0|3883|859|18306|1|1
7768|G|1|3884|871|20271|1|1
7769|G|2|3884|864|19178|1|1
7770|G|0|3885|881|22330|1|1
7771|G|1|3885|813|13072|1|1
7772|G|2|3886|852|17292|1|1
7773|G|0|3886|780|10665|1|1
7774|G|1|3887|784|10926|1|1
7775|G|2|3887|889|24210|1|1
7776|G|0|3888|844|16333|0|1
7777|G|1|3888|833|15043|1|1
7778|G|2|3889|844|16254|0|1
7779|G|0|3889|719|7703|0|0
7780|G|1|3890|872|20561|1|1
7781|G|2|3890|739|8510|0|1
7782|G|0|3891|842|16042|1|1
7783|G|1|3891|850|17109|0|1
7784|G|2|3892|804|12383|1|1
7785|G|0|3892|891|24627|1|1
7786|G|1|3893|745|8770|0|0
7787|G|2|3893|886|23503|1|1
7788|G|0|3894|856|17899|1|1
7789|G|1|3894|707|7246|0|1
7790|G|2|3895|856|17836|0|1
7791|G|0|3895|796|11714|1|1
7792|G|1|3896|763|9669|0|1
7793|G|2|3896|793|11502|1|1
7794|G|0|3897|776|10432|1|1
7795|G|1|3897|764|9744|1|1
7796|G|2|3898|795|11638|0|1
7797|G|0|3898|829|14616|1|1
7798|G|1|3899|830|14743|1|1
7799|G|2|3899|877|21422|1|1
10038|F|0|110038|753|459|0|0
7800|G|0|3900|856|17845|1|1
7801|G|1|3900|859|18405|1|1
7802|G|2|3901|801|12093|1|1
7803|G|0|3901|891|24540|1|1
7804|G|1|3902|882|22435|1|1
7805|G|2|3902|788|11218|1|1
7806|G|0|3903|720|7752|0|1
7807|G|1|3903|850|17037|1|1
7808|G|2|3904|733|8248|0|1
7809|G|0|3904|869|20055|1|1
7810|G|1|3905|755|9278|1|1
7811|G|2|3905|866|19530|1|1
7812|G|0|3906|837|15495|1|1
7813|G|1|3906|743|8709|0|1
7814|G|2|3907|853|17462|1|1
7815|G|0|3907|801|12130|0|1
7816|G|1|3908|755|9266|0|1
7817|G|2|3908|866|19433|1|1
7818|G|0|3909|749|8977|1|1
7819|G|1|3909|891|24734|1|1
7820|G|2|3910|882|22544|1|1
7821|G|0|3910|847|16681|1|1
7822|G|1|3911|782|10804|1|1
7823|G|2|3911|836|15314|0|1
7824|G|0|3912|864|19135|1|1
7825|G|1|3912|787|11108|0|1
7826|G|2|3913|799|11930|1|1
7827|G|0|3913|878|21611|1|1
7828|G|1|3914|775|10340|1|1
7829|G|2|3914|859|18386|0|1
7830|G|0|3915|859|18386|1|1
7831|G|1|3915|781|10704|0|1
7832|G|2|3916|858|18193|1|1
7833|G|0|3916|756|9331|1|1
7834|G|1|3917|824|14133|0|1
7835|G|2|3917|819|13601|0|1
7836|G|0|3918|878|21781|1|1
7837|G|1|3918|849|16927|0|1
7838|G|2|3919|783|10873|1|1
7839|G|0|3919|713|7454|1|1
7840|G|1|3920|811|12883|1|1
7841|G|2|3920|883|22711|1|1
7842|G|0|3921|719|7703|1|1
7843|G|1|3921|860|18528|1|1
7844|G|2|3922|757|9360|1|1
7845|G|0|3922|861|18611|1|1
7846|G|1|3923|751|9094|0|1
7847|G|2|3923|888|24005|1|1
7848|G|0|3924|881|22247|1|1
7849|G|1|3924|879|21918|1|1
7850|G|2|3925|870|20130|1|1
7851|G|0|3925|748|8906|1|1
7852|G|1|3926|751|9060|1|1
7853|G|2|3926|825|14187|1|1
7854|G|0|3927|886|23405|1|1
7855|G|1|3927|832|14876|0|1
7856|G|2|3928|745|8804|0|0
7857|G|0|3928|874|20980|1|1
7858|G|1|3929|870|20207|1|1
7859|G|2|3929|880|22156|1|1
7860|G|0|3930|781|10723|1|1
7861|G|1|3930|740|8574|0|1
7862|G|2|3931|860|18516|1|1
7863|G|0|3931|797|11821|1|1
7864|G|1|3932|867|19567|1|1
7865|G|2|3932|725|7918|1|1
7866|G|0|3933|856|17904|0|1
7867|G|1|3933|865|19244|1|1
7868|G|2|3934|810|12802|0|1
7869|G|0|3934|893|25057|1|1
7870|G|1|3935|880|22192|1|1
7871|G|2|3935|853|17464|1|1
7872|G|0|3936|872|20486|1|1
7873|G|1|3936|835|15194|0|1
7874|G|2|3937|884|22865|1|1
7875|G|0|3937|814|13141|1|1
7876|G|1|3938|802|12228|1|1
7877|G|2|3938|838|15523|1|1
7878|G|0|3939|891|24747|1|1
7879|G|1|3939|886|23453|1|1
7880|G|2|3940|862|18845|1|1
7881|G|0|3940|850|17114|1|1
7882|G|1|3941|878|21743|1|1
7883|G|2|3941|879|21869|1|1
7884|G|0|3942|805|12449|1|1
7885|G|1|3942|875|21121|1|1
7886|G|2|3943|837|15418|1|1
7887|G|0|3943|776|10412|1|1
7888|G|1|3944|771|10151|0|0
7889|G|2|3944|853|17435|1|1
7890|G|0|3945|875|21101|1|1
7891|G|1|3945|869|19943|1|1
7892|G|2|3946|858|18269|1|1
7893|G|0|3946|891|24563|1|1
7894|G|1|3947|873|10398|0|0
7895|G|2|3947|928|19528|0|0
7896|G|0|3948|881|11113|0|0
7897|G|1|3948|771|5062|0|0
7898|G|2|3949|886|11763|0|0
7899|G|0|3949|911|15544|0|0
7900|G|1|3950|873|10367|0|0
7901|G|2|3950|759|4746|0|0
7902|G|0|3951|845|8193|0|0
7903|G|1|3951|754|4613|0|0
7904|G|2|3952|791|5706|0|0
7905|G|0|3952|756|4657|0|0
7906|G|1|3953|830|7345|0|0
7907|G|2|3953|889|12117|0|0
7908|G|0|3954|790|5670|0|0
7909|G|1|3954|863|18898|0|0
7910|G|2|3955|974|114971|0|0
7911|G|0|3955|874|20854|0|0
7912|G|1|3956|982|164110|0|0
7913|G|2|3956|975|121120|0|0
7914|G|0|3957|987|227888|0|0
7915|G|1|3957|912|31140|0|0
7916|G|2|3958|984|193857|0|0
7917|G|0|3958|896|25989|0|0
7918|G|1|3959|980|154395|0|0
7919|G|2|3959|986|212559|0|0
7920|G|0|3960|981|158034|0|0
7921|G|1|3960|904|28541|0|0
7922|G|2|3961|973|109196|0|0
7923|G|0|3961|848|16862|0|0
7924|G|1|3962|969|96626|0|0
7925|G|2|3962|984|189154|0|0
7926|G|0|3963|975|119869|0|0
7927|G|1|3963|911|30963|0|0
7928|G|2|3964|978|139566|0|0
7929|G|0|3964|934|43068|0|0
7930|G|1|3965|973|108132|0|0
7931|G|2|3965|981|155049|0|0
7932|G|0|3966|970|100247|0|0
7933|G|1|3966|926|37966|0|0
7934|G|2|3967|971|102467|0|0
7935|G|0|3967|913|31631|0|0
7936|G|1|3968|981|160420|0|0
7937|G|2|3968|985|208008|0|0
7938|G|0|3969|985|203932|0|0
7939|G|1|3969|878|10836|0|0
7940|G|2|3970|928|19405|0|0
7941|G|0|3970|879|10986|0|0
7942|G|1|3971|770|5025|0|0
7943|G|2|3971|887|11868|0|0
7944|G|0|3972|912|15654|0|0
7945|G|1|3972|873|10323|0|0
7946|G|2|3973|760|4754|0|0
7947|G|0|3973|845|8212|0|0
7948|G|1|3974|763|4832|0|0
7949|G|2|3974|782|5397|0|0
7950|G|0|3975|748|4464|0|0
7951|G|1|3975|827|7195|0|0
7952|G|2|3976|890|12197|0|0
7953|G|0|3976|788|5603|0|0
7954|G|1|3977|862|18892|0|0
7955|G|2|3977|974|114973|0|0
7956|G|0|3978|874|20847|0|0
7957|G|1|3978|982|164111|0|0
7958|G|2|3979|975|121150|0|0
7959|G|0|3979|987|227885|0|0
7960|G|1|3980|912|31156|0|0
7961|G|2|3980|984|193851|0|0
7962|G|0|3981|896|26050|0|0
7963|G|1|3981|980|154395|0|0
7964|G|2|3982|986|212558|0|0
7965|G|0|3982|981|158014|0|0
7966|G|1|3983|904|28565|0|0
7967|G|2|3983|973|109186|0|0
7968|G|0|3984|848|16860|0|0
7969|G|1|3984|969|96613|0|0
7970|G|2|3985|984|189125|0|0
7971|G|0|3985|975|119878|0|0
7972|G|1|3986|911|30941|0|0
7973|G|2|3986|978|139562|0|0
7974|G|0|3987|934|43085|0|0
7975|G|1|3987|973|108158|0|0
7976|G|2|3988|981|155039|0|0
7977|G|0|3988|970|100237|0|0
7978|G|1|3989|926|37948|0|0
7979|G|2|3989|971|102464|0|0
7980|G|0|3990|913|31648|0|0
7981|G|1|3990|981|160415|0|0
7982|G|2|3991|985|208006|0|0
7983|G|0|3991|985|203936|0|0
7984|G|1|3992|869|10026|1|1
7985|G|2|3992|756|4671|1|1
7986|G|0|3993|935|21679|1|0
7987|G|1|3993|928|19472|1|0
7988|G|2|3994|710|3690|1|1
7989|G|0|3994|857|9020|1|1
7990|G|1|3995|858|9071|1|1
7991|G|2|3995|948|27397|1|1
7992|G|0|3996|740|8568|1|1
7993|G|1|3996|741|8624|0|0
7994|G|2|3997|722|7828|0|1
7995|G|0|3997|726|7977|1|1
7996|G|1|3998|751|9087|0|1
7997|G|2|3998|823|14025|1|1
7998|G|0|3999|778|10567|0|1
7999|G|1|3999|782|10789|1|1
10039|F|1|110039|826|717|0|0
8000|G|2|4000|812|12963|1|1
8001|G|0|4000|823|14003|1|1
8002|G|1|4001|800|12073|1|1
8003|G|2|4001|717|7635|1|1
8004|G|0|4002|818|13527|1|1
8005|G|1|4002|815|13296|1|1
8006|G|2|4003|790|11319|1|1
8007|G|0|4003|817|13480|0|1
8008|G|1|4004|801|12138|1|1
8009|G|2|4004|812|12981|1|1
8010|G|0|4005|765|9768|1|1
8011|G|1|4005|715|7558|0|0
8012|G|2|4006|728|8032|1|1
8013|G|0|4006|827|14344|1|1
8014|G|1|4007|772|10186|1|1
8015|G|2|4007|727|8015|0|1
8016|G|0|4008|753|9169|1|1
8017|G|1|4008|749|8956|1|1
8018|G|2|4009|824|14125|1|1
8019|G|0|4009|796|11742|1|1
8020|G|1|4010|802|12205|1|1
8021|G|2|4010|817|13415|1|1
8022|G|0|4011|792|11460|1|1
8023|G|1|4011|814|13149|1|1
8024|G|2|4012|730|8119|1|1
8025|G|0|4012|777|10503|0|1
8026|G|1|4013|746|8818|0|1
8027|G|2|4013|830|14708|1|1
8028|G|0|4014|822|13880|1|1
8029|G|1|4014|827|14407|1|1
8030|G|2|4015|798|11904|1|1
8031|G|0|4015|733|8265|0|0
8032|G|1|4016|828|14463|1|1
8033|G|2|4016|793|11533|1|1
8034|G|0|4017|789|11255|1|1
8035|G|1|4017|722|7826|1|1
8036|G|2|4018|781|10702|1|1
8037|G|0|4018|786|11082|1|1
8038|G|1|4019|832|14891|1|1
8039|G|2|4019|778|10573|1|1
8040|G|0|4020|776|10435|1|1
8041|G|1|4020|718|7676|0|0
8042|G|2|4021|807|12547|1|1
8043|G|0|4021|810|12844|0|1
8044|G|1|4022|811|12920|0|1
8045|G|2|4022|832|14924|1|1
8046|G|0|4023|753|9187|0|1
8047|G|1|4023|754|9220|0|1
8048|G|2|4024|802|12182|0|1
8049|G|0|4024|772|10185|0|1
8050|G|1|4025|767|9926|1|1
8051|G|2|4025|774|10326|1|1
8052|G|0|4026|825|14226|1|1
8053|G|1|4026|830|14723|1|1
8054|G|2|4027|739|8513|1|1
8055|G|0|4027|772|10209|1|1
8056|G|1|4028|769|9992|1|1
8057|G|2|4028|773|10254|0|1
8058|G|0|4029|719|7702|0|0
8059|G|1|4029|827|14378|1|1
8060|G|2|4030|764|9741|0|1
8061|G|0|4030|767|9931|1|1
8062|G|1|4031|829|14582|1|1
8063|G|2|4031|804|12347|1|1
8064|G|0|4032|804|12328|1|1
8065|G|1|4032|803|12282|1|1
8066|G|2|4033|831|14764|1|1
8067|G|0|4033|773|10268|1|1
8068|G|1|4034|741|8589|1|1
8069|G|2|4034|784|10926|1|1
8070|G|0|4035|774|10288|1|1
8071|G|1|4035|832|14953|1|1
8072|G|2|4036|813|13060|1|1
8073|G|0|4036|803|12292|0|1
8074|G|1|4037|822|13929|0|1
8075|G|2|4037|826|14282|1|1
8076|G|0|4038|818|13519|1|1
8077|G|1|4038|813|13093|1|1
8078|G|2|4039|794|11612|1|1
8079|G|0|4039|788|11193|1|1
8080|G|1|4040|749|8979|0|1
8081|G|2|4040|759|9452|1|1
8082|G|0|4041|711|7383|1|1
8083|G|1|4041|815|13253|1|1
8084|G|2|4042|810|12808|1|1
8085|G|0|4042|733|8263|1|1
8086|G|1|4043|816|13331|0|1
8087|G|2|4043|830|14679|1|1
8088|G|0|4044|830|14680|1|1
8089|G|1|4044|804|12322|1|1
8090|G|2|4045|727|8009|1|1
8091|G|0|4045|795|11654|1|1
8092|G|1|4046|801|12132|1|1
8093|G|2|4046|782|10782|0|1
8094|G|0|4047|787|11142|0|1
8095|G|1|4047|779|10616|0|0
8096|G|2|4048|811|12890|1|1
8097|G|0|4048|824|14073|0|1
8098|G|1|4049|730|8126|1|1
8099|G|2|4049|778|10568|0|1
8100|G|0|4050|782|10777|0|1
8101|G|1|4050|815|13277|1|1
8102|G|2|4051|785|11013|0|1
8103|G|0|4051|736|8397|1|1
8104|G|1|4052|777|10483|1|1
8105|G|2|4052|763|9698|1|1
8106|G|0|4053|813|13078|0|1
8107|G|1|4053|823|14044|1|1
8108|G|2|4054|828|14457|1|1
8109|G|0|4054|753|9191|0|1
8110|G|1|4055|818|13508|1|1
8111|G|2|4055|734|8303|0|1
8112|G|0|4056|833|15006|0|1
8113|G|1|4056|809|12710|1|1
8114|G|2|4057|817|13476|1|1
8115|G|0|4057|784|10912|1|1
8116|G|1|4058|732|8227|1|1
8117|G|2|4058|826|14248|1|1
8118|G|0|4059|821|13782|0|1
8119|G|1|4059|773|10272|1|1
8120|G|2|4060|809|12768|0|1
8121|G|0|4060|736|8399|0|1
8122|G|1|4061|820|13706|1|1
8123|G|2|4061|820|13759|1|1
8124|G|0|4062|732|8210|1|1
8125|G|1|4062|806|12492|1|1
8126|G|2|4063|732|8229|1|1
8127|G|0|4063|706|7210|1|1
8128|G|1|4064|794|11608|1|1
8129|G|2|4064|752|9101|1|1
8130|G|0|4065|725|7947|0|0
8131|G|1|4065|759|9483|0|1
8132|G|2|4066|801|12150|0|1
8133|G|0|4066|779|10592|0|1
8134|G|1|4067|824|14121|0|1
8135|G|2|4067|822|13922|1|1
8136|G|0|4068|825|14165|1|1
8137|G|1|4068|822|13906|0|1
8138|G|2|4069|773|10234|0|0
8139|G|0|4069|747|8866|1|1
8140|G|1|4070|797|11820|1|1
8141|G|2|4070|794|11623|0|1
8142|G|0|4071|707|7256|0|1
8143|G|1|4071|757|9358|1|1
8144|G|2|4072|773|10267|0|1
8145|G|0|4072|748|8936|0|0
8146|G|1|4073|723|7854|1|1
8147|G|2|4073|809|12760|1|1
8148|G|0|4074|744|8719|0|1
8149|G|1|4074|802|12217|1|1
8150|G|2|4075|764|9721|0|1
8151|G|0|4075|740|8550|1|1
8152|G|1|4076|821|13851|0|1
8153|G|2|4076|807|12564|1|1
8154|G|0|4077|740|8544|1|1
8155|G|1|4077|790|11315|0|1
8156|G|2|4078|760|9512|1|1
8157|G|0|4078|762|9640|1|1
8158|G|1|4079|830|14658|1|1
8159|G|2|4079|768|9977|1|1
8160|G|0|4080|799|11941|1|1
8161|G|1|4080|788|11174|1|1
8162|G|2|4081|820|13716|1|1
8163|G|0|4081|830|14676|1|1
8164|G|1|4082|761|9578|1|1
8165|G|2|4082|740|8555|1|1
8166|G|0|4083|820|13700|1|1
8167|G|1|4083|751|9090|0|1
8168|G|2|4084|761|9581|1|1
8169|G|0|4084|834|15088|0|1
8170|G|1|4085|820|13672|1|1
8171|G|2|4085|794|11624|1|1
8172|G|0|4086|811|12912|1|1
8173|G|1|4086|818|13544|1|1
8174|G|2|4087|786|11035|1|1
8175|G|0|4087|760|9539|1|1
8176|G|1|4088|726|7952|0|1
8177|G|2|4088|757|9364|1|1
8178|G|0|4089|794|11633|1|1
8179|G|1|4089|812|12996|0|1
8180|G|2|4090|751|9089|0|0
8181|G|0|4090|802|12202|1|1
8182|G|1|4091|813|13107|1|1
8183|G|2|4091|758|9397|1|1
8184|G|0|4092|816|13355|1|1
8185|G|1|4092|762|9616|0|1
8186|G|2|4093|705|7195|0|0
8187|G|0|4093|825|14232|0|1
8188|G|1|4094|808|12657|1|1
8189|G|2|4094|832|14960|1|1
8190|G|0|4095|814|6600|1|1
8191|G|1|4095|846|8265|1|1
8192|G|2|4096|911|15354|1|1
8193|G|0|4096|853|8757|1|1
8194|G|1|4097|908|14931|1|1
8195|G|2|4097|878|10837|1|1
8196|G|0|4098|927|19123|1|1
8197|G|1|4098|885|11633|1|1
8198|G|2|4099|887|11836|1|1
8199|G|0|4099|747|4449|1|1
10040|F|2|110040|772|510|0|0
8200|G|1|4100|836|7657|1|1
8201|G|2|4100|879|10962|1|1
8202|G|0|4101|877|10759|1|1
8203|G|1|4101|842|8041|1|1
8204|G|2|4102|845|8234|1|1
8205|G|0|4102|739|4267|1|1
8206|G|1|4103|857|9007|1|1
8207|G|2|4103|891|12370|1|1
8208|G|0|4104|836|7694|1|1
8209|G|1|4104|798|5949|1|1
8210|G|2|4105|837|7733|1|1
8211|G|0|4105|827|7212|1|1
8212|G|1|4106|889|12130|1|1
8213|G|2|4106|848|8371|1|1
8214|G|0|4107|871|10150|1|1
8215|G|1|4107|839|7825|1|1
8216|G|2|4108|841|7934|1|1
8217|G|0|4108|886|11674|1|1
8218|G|1|4109|842|8052|1|1
8219|G|2|4109|919|17201|1|1
8220|G|0|4110|868|9876|1|1
8221|G|1|4110|857|9019|1|1
8222|G|2|4111|777|5246|1|1
8223|G|0|4111|882|11272|1|1
8224|G|1|4112|804|6167|1|1
8225|G|2|4112|876|10684|1|1
8226|G|0|4113|879|10943|1|1
8227|G|1|4113|825|7087|1|1
8228|G|2|4114|869|9968|1|1
8229|G|0|4114|792|5723|1|1
8230|G|1|4115|899|13401|1|1
8231|G|2|4115|771|5053|1|1
8232|G|0|4116|802|6099|1|1
8233|G|1|4116|850|8526|1|1
8234|G|2|4117|906|14608|1|1
8235|G|0|4117|898|13245|1|1
8236|G|1|4118|888|11942|1|1
8237|G|2|4118|899|13355|1|1
8238|G|0|4119|877|10745|1|1
8239|G|1|4119|764|4874|1|1
8240|G|2|4120|898|13241|1|1
8241|G|0|4120|723|3932|1|1
8242|G|1|4121|706|3605|1|1
8243|G|2|4121|838|7793|1|1
8244|G|0|4122|903|13985|1|1
8245|G|1|4122|858|9088|1|1
8246|G|2|4123|880|11054|1|1
8247|G|0|4123|850|8514|1|1
8248|G|1|4124|878|10798|1|1
8249|G|2|4124|828|7269|1|1
8250|G|0|4125|897|13129|1|1
8251|G|1|4125|720|3860|1|1
8252|G|2|4126|751|4530|1|1
8253|G|0|4126|849|8435|1|1
8254|G|1|4127|843|8110|1|1
8255|G|2|4127|896|13034|1|1
8256|G|0|4128|860|9288|1|1
8257|G|1|4128|866|9754|1|1
8258|G|2|4129|903|14072|1|1
8259|G|0|4129|856|8950|1|1
8260|G|1|4130|921|17679|1|1
8261|G|2|4130|743|4342|1|1
8262|G|0|4131|864|9586|1|1
8263|G|1|4131|933|21026|1|1
8264|G|2|4132|913|15824|1|1
8265|G|0|4132|876|10683|1|1
8266|G|1|4133|839|7863|1|1
8267|G|2|4133|876|10693|1|1
8268|G|0|4134|767|4942|1|1
8269|G|1|4134|869|9954|1|1
8270|G|2|4135|907|14691|1|1
8271|G|0|4135|897|13077|1|1
8272|G|1|4136|873|10394|1|1
8273|G|2|4136|795|5820|1|1
8274|G|0|4137|880|11021|1|1
8275|G|1|4137|772|5101|1|1
8276|G|2|4138|714|3755|1|1
8277|G|0|4138|729|4040|1|1
8278|G|1|4139|816|6682|1|1
8279|G|2|4139|725|3955|1|1
8280|G|0|4140|934|21392|1|1
8281|G|1|4140|854|8835|1|1
8282|G|2|4141|885|11652|1|1
8283|G|0|4141|912|15565|1|1
8284|G|1|4142|862|9386|1|1
8285|G|2|4142|740|4288|1|1
8286|G|0|4143|869|9965|1|1
8287|G|1|4143|844|8168|1|1
8288|G|2|4144|905|14402|1|1
8289|G|0|4144|930|20157|1|1
8290|G|1|4145|795|5832|1|1
8291|G|2|4145|772|5085|1|1
8292|G|0|4146|853|8732|1|1
8293|G|1|4146|802|6078|1|1
8294|G|2|4147|863|9487|1|1
8295|G|0|4147|881|11136|1|1
8296|G|1|4148|896|12935|1|1
8297|G|2|4148|822|6952|1|1
8298|G|0|4149|891|12314|1|1
8299|G|1|4149|880|11052|1|1
8300|G|2|4150|823|7014|1|1
8301|G|0|4150|909|15149|1|1
8302|G|1|4151|777|5236|1|1
8303|G|2|4151|924|18269|1|1
8304|G|0|4152|754|4617|1|1
8305|G|1|4152|800|6004|1|1
8306|G|2|4153|834|7538|1|1
8307|G|0|4153|820|6855|1|1
8308|G|1|4154|824|7052|1|1
8309|G|2|4154|852|8691|1|1
8310|G|0|4155|902|13813|1|1
8311|G|1|4155|923|18190|1|1
8312|G|2|4156|872|10255|1|1
8313|G|0|4156|746|4425|1|1
8314|G|1|4157|719|3857|1|1
8315|G|2|4157|720|3867|1|1
8316|G|0|4158|828|7261|1|1
8317|G|1|4158|872|10255|1|1
8318|G|2|4159|850|8549|1|1
8319|G|0|4159|844|8170|1|1
8320|G|1|4160|734|4146|1|1
8321|G|2|4160|891|12351|1|1
8322|G|0|4161|784|5476|1|1
8323|G|1|4161|862|9435|1|1
8324|G|2|4162|805|6199|1|1
8325|G|0|4162|830|7370|1|1
8326|G|1|4163|814|6603|1|1
8327|G|2|4163|822|6937|1|1
8328|G|0|4164|735|4179|1|1
8329|G|1|4164|818|6768|1|1
8330|G|2|4165|705|3588|1|1
8331|G|0|4165|788|5603|1|1
8332|G|1|4166|831|7413|1|1
8333|G|2|4166|842|8004|1|1
8334|G|0|4167|707|3633|1|1
8335|G|1|4167|853|8725|1|1
8336|G|2|4168|873|10314|1|1
8337|G|0|4168|742|4335|1|1
8338|G|1|4169|724|3942|1|1
8339|G|2|4169|909|15051|1|1
8340|G|0|4170|711|3708|1|1
8341|G|1|4170|814|6596|1|1
8342|G|2|4171|909|15135|1|1
8343|G|0|4171|822|6950|1|1
8344|G|1|4172|864|9544|1|1
8345|G|2|4172|804|6165|1|1
8346|G|0|4173|878|10861|1|1
8347|G|1|4173|722|3914|1|1
8348|G|2|4174|789|5636|1|1
8349|G|0|4174|859|9154|1|1
8350|G|1|4175|817|6732|1|1
8351|G|2|4175|895|12877|1|1
8352|G|0|4176|813|6560|1|1
8353|G|1|4176|803|6123|1|1
8354|G|2|4177|853|8725|1|1
8355|G|0|4177|876|10662|1|1
8356|G|1|4178|890|12180|1|1
8357|G|2|4178|893|12645|1|1
8358|G|0|4179|776|5218|1|1
8359|G|1|4179|900|13643|1|1
8360|G|2|4180|746|4408|1|1
8361|G|0|4180|861|9345|1|1
8362|G|1|4181|717|3816|1|1
8363|G|2|4181|862|9444|1|1
8364|G|0|4182|915|16320|1|1
8365|G|1|4182|909|15115|1|1
8366|G|2|4183|864|9543|1|1
8367|G|0|4183|719|3849|1|1
8368|G|1|4184|889|12022|1|1
8369|G|2|4184|875|21036|1|1
8370|G|0|4185|724|7874|1|1
8371|G|1|4185|869|20050|1|1
8372|G|2|4186|883|22646|1|1
8373|G|0|4186|871|20429|1|1
8374|G|1|4187|842|16004|1|1
8375|G|2|4187|855|17778|1|1
8376|G|0|4188|870|20250|1|1
8377|G|1|4188|870|20211|1|1
8378|G|2|4189|887|23583|1|1
8379|G|0|4189|823|14016|1|1
8380|G|1|4190|865|19229|1|1
8381|G|2|4190|728|8046|0|0
8382|G|0|4191|712|7434|0|0
8383|G|1|4191|869|19971|1|1
8384|G|2|4192|853|17543|1|1
8385|G|0|4192|884|22881|1|1
8386|G|1|4193|863|19005|1|1
8387|G|2|4193|778|10520|1|1
8388|G|0|4194|828|14498|1|1
8389|G|1|4194|889|24167|1|1
8390|G|2|4195|798|11923|1|1
8391|G|0|4195|802|12185|0|0
8392|G|1|4196|828|14490|1|1
8393|G|2|4196|892|24910|1|1
8394|G|0|4197|860|18458|1|1
8395|G|1|4197|783|10856|1|1
8396|G|2|4198|820|13710|0|1
8397|G|0|4198|862|18881|1|1
8398|G|1|4199|887|23683|1|1
8399|G|2|4199|780|10667|1|1
10041|F|0|110041|775|517|0|0
8400|G|0|4200|855|17823|1|1
8401|G|1|4200|878|21614|1|1
8402|G|2|4201|887|23576|1|1
8403|G|0|4201|826|14265|0|1
8404|G|1|4202|881|22385|1|1
8405|G|2|4202|746|8812|0|0
8406|G|0|4203|793|11536|1|1
8407|G|1|4203|884|23083|1|1
8408|G|2|4204|854|17571|1|1
8409|G|0|4204|882|22487|1|1
8410|G|1|4205|864|19171|1|1
8411|G|2|4205|881|22413|1|1
8412|G|0|4206|872|20572|1|1
8413|G|1|4206|873|20648|1|1
8414|G|2|4207|847|16715|1|1
8415|G|0|4207|831|14838|1|1
8416|G|1|4208|848|16774|1|1
8417|G|2|4208|733|8264|0|1
8418|G|0|4209|740|8562|0|1
8419|G|1|4209|806|12465|1|1
8420|G|2|4210|734|8311|0|0
8421|G|0|4210|873|20730|1|1
8422|G|1|4211|758|9446|1|1
8423|G|2|4211|890|24314|1|1
8424|G|0|4212|869|19968|1|1
8425|G|1|4212|884|22972|1|1
8426|G|2|4213|774|10298|1|1
8427|G|0|4213|876|21240|1|1
8428|G|1|4214|839|15738|1|1
8429|G|2|4214|877|21532|1|1
8430|G|0|4215|870|20117|1|1
8431|G|1|4215|859|18304|1|1
8432|G|2|4216|851|17228|1|1
8433|G|0|4216|883|22845|1|1
8434|G|1|4217|788|11204|0|1
8435|G|2|4217|843|16194|0|1
8436|G|0|4218|803|12305|1|1
8437|G|1|4218|869|20061|1|1
8438|G|2|4219|872|20439|1|1
8439|G|0|4219|891|24713|1|1
8440|G|1|4220|753|9180|1|1
8441|G|2|4220|730|8139|0|0
8442|G|0|4221|779|10630|1|1
8443|G|1|4221|707|7262|0|1
8444|G|2|4222|781|10734|1|1
8445|G|0|4222|872|20501|1|1
8446|G|1|4223|884|23044|1|1
8447|G|2|4223|872|20614|1|1
8448|G|0|4224|860|18581|1|1
8449|G|1|4224|761|9593|1|1
8450|G|2|4225|874|20941|1|1
8451|G|0|4225|883|22777|1|1
8452|G|1|4226|753|9170|0|1
8453|G|2|4226|855|17750|1|1
8454|G|0|4227|774|10280|1|1
8455|G|1|4227|836|15295|1|1
8456|G|2|4228|889|24101|1|1
8457|G|0|4228|854|17667|1|1
8458|G|1|4229|878|21777|1|1
8459|G|2|4229|731|8194|0|1
8460|G|0|4230|850|17099|1|1
8461|G|1|4230|810|12873|1|1
8462|G|2|4231|873|20809|1|1
8463|G|0|4231|771|10122|1|1
8464|G|1|4232|812|12961|1|1
8465|G|2|4232|836|15364|0|1
8466|G|0|4233|773|10235|0|1
8467|G|1|4233|725|7925|0|0
8468|G|2|4234|758|9428|0|1
8469|G|0|4234|892|24876|1|1
8470|G|1|4235|795|11684|1|1
8471|G|2|4235|876|21210|1|1
8472|G|0|4236|740|8555|1|1
8473|G|1|4236|856|17909|1|1
8474|G|2|4237|787|11140|1|1
8475|G|0|4237|870|20166|1|1
8476|G|1|4238|879|21903|1|1
8477|G|2|4238|882|22544|1|1
8478|G|0|4239|879|21861|1|1
8479|G|1|4239|791|11407|1|1
8480|G|2|4240|879|21970|1|1
8481|G|0|4240|879|21911|1|1
8482|G|1|4241|743|8712|1|1
8483|G|2|4241|862|18768|1|1
8484|G|0|4242|860|18535|1|1
8485|G|1|4242|873|20643|1|1
8486|G|2|4243|886|23473|1|1
8487|G|0|4243|886|23364|1|1
8488|G|1|4244|873|20776|1|1
8489|G|2|4244|870|20199|1|1
8490|G|0|4245|884|22984|1|1
8491|G|1|4245|803|12296|1|1
8492|G|2|4246|874|20930|1|1
8493|G|0|4246|873|20799|1|1
8494|G|1|4247|816|13328|1|1
8495|G|2|4247|779|10630|0|1
8496|G|0|4248|736|8399|1|1
8497|G|1|4248|762|9653|0|1
8498|G|2|4249|798|11867|1|1
8499|G|0|4249|888|23862|1|1
8500|G|1|4250|889|24158|1|1
8501|G|2|4250|882|22438|1|1
8502|G|0|4251|756|9321|0|1
8503|G|1|4251|777|10456|1|1
8504|G|2|4252|828|14456|0|1
8505|G|0|4252|847|16640|1|1
8506|G|1|4253|767|9910|1|1
8507|G|2|4253|876|21278|1|1
8508|G|0|4254|823|14023|1|1
8509|G|1|4254|886|23409|1|1
8510|G|2|4255|886|23343|1|1
8511|G|0|4255|855|17797|1|1
8512|G|1|4256|814|13186|1|1
8513|G|2|4256|866|19446|1|1
8514|G|0|4257|887|23644|1|1
8515|G|1|4257|886|23407|1|1
8516|G|2|4258|753|9167|1|1
8517|G|0|4258|878|21669|1|1
8518|G|1|4259|882|22599|1|1
8519|G|2|4259|850|17077|1|1
8520|G|0|4260|838|15531|1|1
8521|G|1|4260|887|23666|1|1
8522|G|2|4261|749|8980|1|1
8523|G|0|4261|857|18077|1|1
8524|G|1|4262|761|9581|1|1
8525|G|2|4262|885|23093|1|1
8526|G|0|4263|762|9648|1|1
8527|G|1|4263|747|8888|1|1
8528|G|2|4264|847|16634|1|1
8529|G|0|4264|833|14992|1|1
8530|G|1|4265|830|14667|1|1
8531|G|2|4265|819|13597|1|1
8532|G|0|4266|885|23151|1|1
8533|G|1|4266|878|21792|1|1
8534|G|2|4267|862|18814|1|1
8535|G|0|4267|745|8778|0|1
8536|G|1|4268|847|16671|1|1
8537|G|2|4268|792|11443|1|1
8538|G|0|4269|840|15779|1|1
8539|G|1|4269|774|10294|0|1
8540|G|2|4270|879|21840|1|1
8541|G|0|4270|888|23790|1|1
8542|G|1|4271|792|11435|1|1
8543|G|2|4271|782|10811|1|1
8544|G|0|4272|837|15472|1|1
8545|G|1|4272|877|21422|1|1
8546|G|2|4273|756|9328|1|1
8547|G|0|4273|739|8502|1|1
8548|G|1|4274|845|16469|1|1
8549|G|2|4274|838|15621|0|1
8550|G|0|4275|830|14653|0|1
8551|G|1|4275|847|16637|1|1
8552|G|2|4276|881|22316|1|1
8553|G|0|4276|750|9012|0|1
8554|G|1|4277|791|11367|1|1
8555|G|2|4277|799|11973|1|1
8556|G|0|4278|841|15946|1|1
8557|G|1|4278|855|17734|1|1
8558|G|2|4279|789|11278|0|1
8559|G|0|4279|862|18786|1|1
8560|G|1|4280|821|13766|0|1
8561|G|2|4280|889|24194|1|1
8562|G|0|4281|843|16113|1|1
8563|G|1|4281|788|11151|0|1
8564|G|2|4282|869|20000|1|1
8565|G|0|4282|881|22332|1|1
8566|G|1|4283|794|11602|0|1
8567|G|2|4283|722|7798|0|0
8568|G|0|4284|889|24140|1|1
8569|G|1|4284|750|9037|0|1
8570|G|2|4285|849|16889|1|1
8571|G|0|4285|889|24099|1|1
8572|G|1|4286|880|22013|1|1
8573|G|2|4286|886|23426|1|1
8574|G|0|4287|877|21467|1|1
8575|G|1|4287|891|24728|1|1
8576|G|2|4288|864|19108|1|1
8577|G|0|4288|817|13428|1|1
8578|G|1|4289|890|24281|1|1
8579|G|2|4289|871|20397|1|1
8580|G|0|4290|822|13912|1|1
8581|G|1|4290|792|11428|0|1
8582|G|2|4291|764|9736|1|1
8583|G|0|4291|833|15004|1|1
8584|G|1|4292|853|17518|1|1
8585|G|2|4292|878|21644|1|1
8586|G|0|4293|864|19155|1|1
8587|G|1|4293|861|18651|1|1
8588|G|2|4294|800|12059|1|1
8589|G|0|4294|877|21551|1|1
8590|G|1|4295|779|10622|0|1
8591|G|2|4295|880|22032|1|1
8592|G|0|4296|884|23012|1|1
8593|G|1|4296|804|12344|0|1
8594|G|2|4297|864|19210|1|1
8595|G|0|4297|808|12678|0|1
8596|G|1|4298|791|11408|1|1
8597|G|2|4298|848|16812|1|1
8598|G|0|4299|871|20407|1|1
8599|G|1|4299|885|23190|1|1
10042|F|1|110042|776|520|0|0
8600|G|2|4300|877|21437|1|1
8601|G|0|4300|873|20789|1|1
8602|G|1|4301|868|19728|1|1
8603|G|2|4301|886|23548|1|1
8604|G|0|4302|881|22397|1|1
8605|G|1|4302|884|23002|1|1
8606|G|2|4303|825|14230|1|1
8607|G|0|4303|853|17425|1|1
8608|G|1|4304|874|20889|1|1
8609|G|2|4304|811|12911|1|1
8610|G|0|4305|862|18850|0|1
8611|G|1|4305|843|16155|1|1
8612|G|2|4306|746|8815|1|1
8613|G|0|4306|769|9994|1|1
8614|G|1|4307|732|8206|0|0
8615|G|2|4307|771|10117|0|1
8616|G|0|4308|771|10108|1|1
8617|G|1|4308|835|15286|1|1
8618|G|2|4309|718|7653|1|1
8619|G|0|4309|724|7879|0|1
8620|G|1|4310|871|20322|1|1
8621|G|2|4310|837|15493|1|1
8622|G|0|4311|849|16880|1|1
8623|G|1|4311|889|24105|1|1
8624|G|2|4312|884|23033|1|1
8625|G|0|4312|842|16100|1|1
8626|G|1|4313|851|17170|1|1
8627|G|2|4313|871|20338|1|1
8628|G|0|4314|870|20203|1|1
8629|G|1|4314|837|15498|1|1
8630|G|2|4315|817|13468|1|1
8631|G|0|4315|728|8034|1|1
8632|G|1|4316|754|9243|1|1
8633|G|2|4316|887|23580|1|1
8634|G|0|4317|890|24296|1|1
8635|G|1|4317|834|15149|1|1
8636|G|2|4318|886|23334|1|1
8637|G|0|4318|752|9123|0|1
8638|G|1|4319|776|10447|0|1
8639|G|2|4319|880|22170|1|1
8640|G|0|4320|874|20846|1|1
8641|G|1|4320|767|9893|0|0
8642|G|2|4321|850|17082|1|1
8643|G|0|4321|886|23376|1|1
8644|G|1|4322|885|23094|1|1
8645|G|2|4322|854|17673|1|1
8646|G|0|4323|796|11770|1|1
8647|G|1|4323|878|21784|1|1
8648|G|2|4324|862|18741|1|1
8649|G|0|4324|814|13132|1|1
8650|G|1|4325|723|7838|1|1
8651|G|2|4325|754|9234|0|1
8652|G|0|4326|769|10028|0|1
8653|G|1|4326|846|16519|0|1
8654|G|2|4327|768|9977|0|1
8655|G|0|4327|804|12337|0|1
8656|G|1|4328|828|14529|1|1
8657|G|2|4328|747|8876|0|1
8658|G|0|4329|868|19830|1|1
8659|G|1|4329|714|7493|0|0
8660|G|2|4330|828|14449|1|1
8661|G|0|4330|743|8716|0|1
8662|G|1|4331|740|8542|0|1
8663|G|2|4331|768|9979|1|1
8664|G|0|4332|855|17762|1|1
8665|G|1|4332|886|23377|1|1
8666|G|2|4333|828|14455|1|1
8667|G|0|4333|861|18674|1|1
8668|G|1|4334|850|17047|1|1
8669|G|2|4334|849|16968|1|1
8670|G|0|4335|830|14677|1|1
8671|G|1|4335|859|18348|1|1
8672|G|2|4336|885|23162|1|1
8673|G|0|4336|784|10907|0|1
8674|G|1|4337|806|12474|0|1
8675|G|2|4337|759|9471|1|1
8676|G|0|4338|876|21341|1|1
8677|G|1|4338|859|18306|1|1
8678|G|2|4339|871|20271|1|1
8679|G|0|4339|864|19178|1|1
8680|G|1|4340|881|22330|1|1
8681|G|2|4340|813|13072|1|1
8682|G|0|4341|852|17292|1|1
8683|G|1|4341|780|10665|1|1
8684|G|2|4342|784|10926|1|1
8685|G|0|4342|889|24210|1|1
8686|G|1|4343|844|16333|0|1
8687|G|2|4343|833|15043|1|1
8688|G|0|4344|844|16254|0|1
8689|G|1|4344|719|7703|0|0
8690|G|2|4345|872|20561|1|1
8691|G|0|4345|739|8510|0|1
8692|G|1|4346|842|16042|1|1
8693|G|2|4346|850|17109|0|1
8694|G|0|4347|804|12383|1|1
8695|G|1|4347|891|24627|1|1
8696|G|2|4348|745|8770|0|0
8697|G|0|4348|886|23503|1|1
8698|G|1|4349|856|17899|1|1
8699|G|2|4349|707|7246|0|1
8700|G|0|4350|856|17836|0|1
8701|G|1|4350|796|11714|1|1
8702|G|2|4351|763|9669|0|1
8703|G|0|4351|793|11502|1|1
8704|G|1|4352|776|10432|1|1
8705|G|2|4352|764|9744|1|1
8706|G|0|4353|795|11638|0|1
8707|G|1|4353|829|14616|1|1
8708|G|2|4354|830|14743|1|1
8709|G|0|4354|877|21422|1|1
8710|G|1|4355|856|17845|1|1
8711|G|2|4355|859|18405|1|1
8712|G|0|4356|801|12093|1|1
8713|G|1|4356|891|24540|1|1
8714|G|2|4357|882|22435|1|1
8715|G|0|4357|788|11218|1|1
8716|G|1|4358|720|7752|0|1
8717|G|2|4358|850|17037|1|1
8718|G|0|4359|733|8248|0|1
8719|G|1|4359|869|20055|1|1
8720|G|2|4360|755|9278|1|1
8721|G|0|4360|866|19530|1|1
8722|G|1|4361|837|15495|1|1
8723|G|2|4361|743|8709|0|1
8724|G|0|4362|853|17462|1|1
8725|G|1|4362|801|12130|0|1
8726|G|2|4363|755|9266|0|1
8727|G|0|4363|866|19433|1|1
8728|G|1|4364|749|8977|1|1
8729|G|2|4364|891|24734|1|1
8730|G|0|4365|882|22544|1|1
8731|G|1|4365|847|16681|1|1
8732|G|2|4366|782|10804|1|1
8733|G|0|4366|836|15314|0|1
8734|G|1|4367|864|19135|1|1
8735|G|2|4367|787|11108|0|1
8736|G|0|4368|799|11930|1|1
8737|G|1|4368|878|21611|1|1
8738|G|2|4369|775|10340|1|1
8739|G|0|4369|859|18386|0|1
8740|G|1|4370|859|18386|1|1
8741|G|2|4370|781|10704|0|1
8742|G|0|4371|858|18193|1|1
8743|G|1|4371|756|9331|1|1
8744|G|2|4372|824|14133|0|1
8745|G|0|4372|819|13601|0|1
8746|G|1|4373|878|21781|1|1
8747|G|2|4373|849|16927|0|1
8748|G|0|4374|783|10873|1|1
8749|G|1|4374|713|7454|1|1
8750|G|2|4375|811|12883|1|1
8751|G|0|4375|883|22711|1|1
8752|G|1|4376|719|7703|1|1
8753|G|2|4376|860|18528|1|1
8754|G|0|4377|757|9360|1|1
8755|G|1|4377|861|18611|1|1
8756|G|2|4378|751|9094|0|1
8757|G|0|4378|888|24005|1|1
8758|G|1|4379|881|22247|1|1
8759|G|2|4379|879|21918|1|1
8760|G|0|4380|870|20130|1|1
8761|G|1|4380|748|8906|1|1
8762|G|2|4381|751|9060|1|1
8763|G|0|4381|825|14187|1|1
8764|G|1|4382|886|23405|1|1
8765|G|2|4382|832|14876|0|1
8766|G|0|4383|745|8804|0|0
8767|G|1|4383|874|20980|1|1
8768|G|2|4384|870|20207|1|1
8769|G|0|4384|880|22156|1|1
8770|G|1|4385|781|10723|1|1
8771|G|2|4385|740|8574|0|1
8772|G|0|4386|860|18516|1|1
8773|G|1|4386|797|11821|1|1
8774|G|2|4387|867|19567|1|1
8775|G|0|4387|725|7918|1|1
8776|G|1|4388|856|17904|0|1
8777|G|2|4388|865|19244|1|1
8778|G|0|4389|810|12802|0|1
8779|G|1|4389|893|25057|1|1
8780|G|2|4390|880|22192|1|1
8781|G|0|4390|853|17464|1|1
8782|G|1|4391|872|20486|1|1
8783|G|2|4391|835|15194|0|1
8784|G|0|4392|884|22865|1|1
8785|G|1|4392|814|13141|1|1
8786|G|2|4393|802|12228|1|1
8787|G|0|4393|838|15523|1|1
8788|G|1|4394|891|24747|1|1
8789|G|2|4394|886|23453|1|1
8790|G|0|4395|862|18845|1|1
8791|G|1|4395|850|17114|1|1
8792|G|2|4396|878|21743|1|1
8793|G|0|4396|879|21869|1|1
8794|G|1|4397|805|12449|1|1
8795|G|2|4397|875|21121|1|1
8796|G|0|4398|837|15418|1|1
8797|G|1|4398|776|10412|1|1
8798|G|2|4399|771|10151|0|0
8799|G|0|4399|853|17435|1|1
10043|F|2|110043|737|421|0|0
8800|G|1|4400|875|21101|1|1
8801|G|2|4400|869|19943|1|1
8802|G|0|4401|858|18269|1|1
8803|G|1|4401|891|24563|1|1
8804|G|2|4402|873|10398|0|0
8805|G|0|4402|928|19528|0|0
8806|G|1|4403|881|11113|0|0
8807|G|2|4403|771|5062|0|0
8808|G|0|4404|886|11763|0|0
8809|G|1|4404|911|15544|0|0
8810|G|2|4405|873|10367|0|0
8811|G|0|4405|759|4746|0|0
8812|G|1|4406|845|8193|0|0
8813|G|2|4406|754|4613|0|0
8814|G|0|4407|791|5706|0|0
8815|G|1|4407|756|4657|0|0
8816|G|2|4408|830|7345|0|0
8817|G|0|4408|889|12117|0|0
8818|G|1|4409|790|5670|0|0
8819|G|2|4409|863|18898|0|0
8820|G|0|4410|974|114971|0|0
8821|G|1|4410|874|20854|0|0
8822|G|2|4411|982|164110|0|0
8823|G|0|4411|975|121120|0|0
8824|G|1|4412|987|227888|0|0
8825|G|2|4412|912|31140|0|0
8826|G|0|4413|984|193857|0|0
8827|G|1|4413|896|25989|0|0
8828|G|2|4414|980|154395|0|0
8829|G|0|4414|986|212559|0|0
8830|G|1|4415|981|158034|0|0
8831|G|2|4415|904|28541|0|0
8832|G|0|4416|973|109196|0|0
8833|G|1|4416|848|16862|0|0
8834|G|2|4417|969|96626|0|0
8835|G|0|4417|984|189154|0|0
8836|G|1|4418|975|119869|0|0
8837|G|2|4418|911|30963|0|0
8838|G|0|4419|978|139566|0|0
8839|G|1|4419|934|43068|0|0
8840|G|2|4420|973|108132|0|0
8841|G|0|4420|981|155049|0|0
8842|G|1|4421|970|100247|0|0
8843|G|2|4421|926|37966|0|0
8844|G|0|4422|971|102467|0|0
8845|G|1|4422|913|31631|0|0
8846|G|2|4423|981|160420|0|0
8847|G|0|4423|985|208008|0|0
8848|G|1|4424|985|203932|0|0
8849|G|2|4424|878|10836|0|0
8850|G|0|4425|928|19405|0|0
8851|G|1|4425|879|10986|0|0
8852|G|2|4426|770|5025|0|0
8853|G|0|4426|887|11868|0|0
8854|G|1|4427|912|15654|0|0
8855|G|2|4427|873|10323|0|0
8856|G|0|4428|760|4754|0|0
8857|G|1|4428|845|8212|0|0
8858|G|2|4429|763|4832|0|0
8859|G|0|4429|782|5397|0|0
8860|G|1|4430|748|4464|0|0
8861|G|2|4430|827|7195|0|0
8862|G|0|4431|890|12197|0|0
8863|G|1|4431|788|5603|0|0
8864|G|2|4432|862|18892|0|0
8865|G|0|4432|974|114973|0|0
8866|G|1|4433|874|20847|0|0
8867|G|2|4433|982|164111|0|0
8868|G|0|4434|975|121150|0|0
8869|G|1|4434|987|227885|0|0
8870|G|2|4435|912|31156|0|0
8871|G|0|4435|984|193851|0|0
8872|G|1|4436|896|26050|0|0
8873|G|2|4436|980|154395|0|0
8874|G|0|4437|986|212558|0|0
8875|G|1|4437|981|158014|0|0
8876|G|2|4438|904|28565|0|0
8877|G|0|4438|973|109186|0|0
8878|G|1|4439|848|16860|0|0
8879|G|2|4439|969|96613|0|0
8880|G|0|4440|984|189125|0|0
8881|G|1|4440|975|119878|0|0
8882|G|2|4441|911|30941|0|0
8883|G|0|4441|978|139562|0|0
8884|G|1|4442|934|43085|0|0
8885|G|2|4442|973|108158|0|0
8886|G|0|4443|981|155039|0|0
8887|G|1|4443|970|100237|0|0
8888|G|2|4444|926|37948|0|0
8889|G|0|4444|971|102464|0|0
8890|G|1|4445|913|31648|0|0
8891|G|2|4445|981|160415|0|0
8892|G|0|4446|985|208006|0|0
8893|G|1|4446|985|203936|0|0
8894|G|2|4447|869|10026|1|1
8895|G|0|4447|756|4671|1|1
8896|G|1|4448|935|21679|1|0
8897|G|2|4448|928|19472|1|0
8898|G|0|4449|710|3690|1|1
8899|G|1|4449|857|9020|1|1
8900|G|2|4450|858|9071|1|1
8901|G|0|4450|948|27397|1|1
8902|G|1|4451|740|8568|1|1
8903|G|2|4451|741|8624|0|0
8904|G|0|4452|722|7828|0|1
8905|G|1|4452|726|7977|1|1
8906|G|2|4453|751|9087|0|1
8907|G|0|4453|823|14025|1|1
8908|G|1|4454|778|10567|0|1
8909|G|2|4454|782|10789|1|1
8910|G|0|4455|812|12963|1|1
8911|G|1|4455|823|14003|1|1
8912|G|2|4456|800|12073|1|1
8913|G|0|4456|717|7635|1|1
8914|G|1|4457|818|13527|1|1
8915|G|2|4457|815|13296|1|1
8916|G|0|4458|790|11319|1|1
8917|G|1|4458|817|13480|0|1
8918|G|2|4459|801|12138|1|1
8919|G|0|4459|812|12981|1|1
8920|G|1|4460|765|9768|1|1
8921|G|2|4460|715|7558|0|0
8922|G|0|4461|728|8032|1|1
8923|G|1|4461|827|14344|1|1
8924|G|2|4462|772|10186|1|1
8925|G|0|4462|727|8015|0|1
8926|G|1|4463|753|9169|1|1
8927|G|2|4463|749|8956|1|1
8928|G|0|4464|824|14125|1|1
8929|G|1|4464|796|11742|1|1
8930|G|2|4465|802|12205|1|1
8931|G|0|4465|817|13415|1|1
8932|G|1|4466|792|11460|1|1
8933|G|2|4466|814|13149|1|1
8934|G|0|4467|730|8119|1|1
8935|G|1|4467|777|10503|0|1
8936|G|2|4468|746|8818|0|1
8937|G|0|4468|830|14708|1|1
8938|G|1|4469|822|13880|1|1
8939|G|2|4469|827|14407|1|1
8940|G|0|4470|798|11904|1|1
8941|G|1|4470|733|8265|0|0
8942|G|2|4471|828|14463|1|1
8943|G|0|4471|793|11533|1|1
8944|G|1|4472|789|11255|1|1
8945|G|2|4472|722|7826|1|1
8946|G|0|4473|781|10702|1|1
8947|G|1|4473|786|11082|1|1
8948|G|2|4474|832|14891|1|1
8949|G|0|4474|778|10573|1|1
8950|G|1|4475|776|10435|1|1
8951|G|2|4475|718|7676|0|0
8952|G|0|4476|807|12547|1|1
8953|G|1|4476|810|12844|0|1
8954|G|2|4477|811|12920|0|1
8955|G|0|4477|832|14924|1|1
8956|G|1|4478|753|9187|0|1
8957|G|2|4478|754|9220|0|1
8958|G|0|4479|802|12182|0|1
8959|G|1|4479|772|10185|0|1
8960|G|2|4480|767|9926|1|1
8961|G|0|4480|774|10326|1|1
8962|G|1|4481|825|14226|1|1
8963|G|2|4481|830|14723|1|1
8964|G|0|4482|739|8513|1|1
8965|G|1|4482|772|10209|1|1
8966|G|2|4483|769|9992|1|1
8967|G|0|4483|773|10254|0|1
8968|G|1|4484|719|7702|0|0
8969|G|2|4484|827|14378|1|1
8970|G|0|4485|764|9741|0|1
8971|G|1|4485|767|9931|1|1
8972|G|2|4486|829|14582|1|1
8973|G|0|4486|804|12347|1|1
8974|G|1|4487|804|12328|1|1
8975|G|2|4487|803|12282|1|1
8976|G|0|4488|831|14764|1|1
8977|G|1|4488|773|10268|1|1
8978|G|2|4489|741|8589|1|1
8979|G|0|4489|784|10926|1|1
8980|G|1|4490|774|10288|1|1
8981|G|2|4490|832|14953|1|1
8982|G|0|4491|813|13060|1|1
8983|G|1|4491|803|12292|0|1
8984|G|2|4492|822|13929|0|1
8985|G|0|4492|826|14282|1|1
8986|G|1|4493|818|13519|1|1
8987|G|2|4493|813|13093|1|1
8988|G|0|4494|794|11612|1|1
8989|G|1|4494|788|11193|1|1
8990|G|2|4495|749|8979|0|1
8991|G|0|4495|759|9452|1|1
8992|G|1|4496|711|7383|1|1
8993|G|2|4496|815|13253|1|1
8994|G|0|4497|810|12808|1|1
8995|G|1|4497|733|8263|1|1
8996|G|2|4498|816|13331|0|1
8997|G|0|4498|830|14679|1|1
8998|G|1|4499|830|14680|1|1
8999|G|2|4499|804|12322|1|1
10044|F|0|110044|817|670|0|0
9000|G|0|4500|727|8009|1|1
9001|G|1|4500|795|11654|1|1
9002|G|2|4501|801|12132|1|1
9003|G|0|4501|782|10782|0|1
9004|G|1|4502|787|11142|0|1
9005|G|2|4502|779|10616|0|0
9006|G|0|4503|811|12890|1|1
9007|G|1|4503|824|14073|0|1
9008|G|2|4504|730|8126|1|1
9009|G|0|4504|778|10568|0|1
9010|G|1|4505|782|10777|0|1
9011|G|2|4505|815|13277|1|1
9012|G|0|4506|785|11013|0|1
9013|G|1|4506|736|8397|1|1
9014|G|2|4507|777|10483|1|1
9015|G|0|4507|763|9698|1|1
9016|G|1|4508|813|13078|0|1
9017|G|2|4508|823|14044|1|1
9018|G|0|4509|828|14457|1|1
9019|G|1|4509|753|9191|0|1
9020|G|2|4510|818|13508|1|1
9021|G|0|4510|734|8303|0|1
9022|G|1|4511|833|15006|0|1
9023|G|2|4511|809|12710|1|1
9024|G|0|4512|817|13476|1|1
9025|G|1|4512|784|10912|1|1
9026|G|2|4513|732|8227|1|1
9027|G|0|4513|826|14248|1|1
9028|G|1|4514|821|13782|0|1
9029|G|2|4514|773|10272|1|1
9030|G|0|4515|809|12768|0|1
9031|G|1|4515|736|8399|0|1
9032|G|2|4516|820|13706|1|1
9033|G|0|4516|820|13759|1|1
9034|G|1|4517|732|8210|1|1
9035|G|2|4517|806|12492|1|1
9036|G|0|4518|732|8229|1|1
9037|G|1|4518|706|7210|1|1
9038|G|2|4519|794|11608|1|1
9039|G|0|4519|752|9101|1|1
9040|G|1|4520|725|7947|0|0
9041|G|2|4520|759|9483|0|1
9042|G|0|4521|801|12150|0|1
9043|G|1|4521|779|10592|0|1
9044|G|2|4522|824|14121|0|1
9045|G|0|4522|822|13922|1|1
9046|G|1|4523|825|14165|1|1
9047|G|2|4523|822|13906|0|1
9048|G|0|4524|773|10234|0|0
9049|G|1|4524|747|8866|1|1
9050|G|2|4525|797|11820|1|1
9051|G|0|4525|794|11623|0|1
9052|G|1|4526|707|7256|0|1
9053|G|2|4526|757|9358|1|1
9054|G|0|4527|773|10267|0|1
9055|G|1|4527|748|8936|0|0
9056|G|2|4528|723|7854|1|1
9057|G|0|4528|809|12760|1|1
9058|G|1|4529|744|8719|0|1
9059|G|2|4529|802|12217|1|1
9060|G|0|4530|764|9721|0|1
9061|G|1|4530|740|8550|1|1
9062|G|2|4531|821|13851|0|1
9063|G|0|4531|807|12564|1|1
9064|G|1|4532|740|8544|1|1
9065|G|2|4532|790|11315|0|1
9066|G|0|4533|760|9512|1|1
9067|G|1|4533|762|9640|1|1
9068|G|2|4534|830|14658|1|1
9069|G|0|4534|768|9977|1|1
9070|G|1|4535|799|11941|1|1
9071|G|2|4535|788|11174|1|1
9072|G|0|4536|820|13716|1|1
9073|G|1|4536|830|14676|1|1
9074|G|2|4537|761|9578|1|1
9075|G|0|4537|740|8555|1|1
9076|G|1|4538|820|13700|1|1
9077|G|2|4538|751|9090|0|1
9078|G|0|4539|761|9581|1|1
9079|G|1|4539|834|15088|0|1
9080|G|2|4540|820|13672|1|1
9081|G|0|4540|794|11624|1|1
9082|G|1|4541|811|12912|1|1
9083|G|2|4541|818|13544|1|1
9084|G|0|4542|786|11035|1|1
9085|G|1|4542|760|9539|1|1
9086|G|2|4543|726|7952|0|1
9087|G|0|4543|757|9364|1|1
9088|G|1|4544|794|11633|1|1
9089|G|2|4544|812|12996|0|1
9090|G|0|4545|751|9089|0|0
9091|G|1|4545|802|12202|1|1
9092|G|2|4546|813|13107|1|1
9093|G|0|4546|758|9397|1|1
9094|G|1|4547|816|13355|1|1
9095|G|2|4547|762|9616|0|1
9096|G|0|4548|705|7195|0|0
9097|G|1|4548|825|14232|0|1
9098|G|2|4549|808|12657|1|1
9099|G|0|4549|832|14960|1|1
9100|G|1|4550|814|6600|1|1
9101|G|2|4550|846|8265|1|1
9102|G|0|4551|911|15354|1|1
9103|G|1|4551|853|8757|1|1
9104|G|2|4552|908|14931|1|1
9105|G|0|4552|878|10837|1|1
9106|G|1|4553|927|19123|1|1
9107|G|2|4553|885|11633|1|1
9108|G|0|4554|887|11836|1|1
9109|G|1|4554|747|4449|1|1
9110|G|2|4555|836|7657|1|1
9111|G|0|4555|879|10962|1|1
9112|G|1|4556|877|10759|1|1
9113|G|2|4556|842|8041|1|1
9114|G|0|4557|845|8234|1|1
9115|G|1|4557|739|4267|1|1
9116|G|2|4558|857|9007|1|1
9117|G|0|4558|891|12370|1|1
9118|G|1|4559|836|7694|1|1
9119|G|2|4559|798|5949|1|1
9120|G|0|4560|837|7733|1|1
9121|G|1|4560|827|7212|1|1
9122|G|2|4561|889|12130|1|1
9123|G|0|4561|848|8371|1|1
9124|G|1|4562|871|10150|1|1
9125|G|2|4562|839|7825|1|1
9126|G|0|4563|841|7934|1|1
9127|G|1|4563|886|11674|1|1
9128|G|2|4564|842|8052|1|1
9129|G|0|4564|919|17201|1|1
9130|G|1|4565|868|9876|1|1
9131|G|2|4565|857|9019|1|1
9132|G|0|4566|777|5246|1|1
9133|G|1|4566|882|11272|1|1
9134|G|2|4567|804|6167|1|1
9135|G|0|4567|876|10684|1|1
9136|G|1|4568|879|10943|1|1
9137|G|2|4568|825|7087|1|1
9138|G|0|4569|869|9968|1|1
9139|G|1|4569|792|5723|1|1
9140|G|2|4570|899|13401|1|1
9141|G|0|4570|771|5053|1|1
9142|G|1|4571|802|6099|1|1
9143|G|2|4571|850|8526|1|1
9144|G|0|4572|906|14608|1|1
9145|G|1|4572|898|13245|1|1
9146|G|2|4573|888|11942|1|1
9147|G|0|4573|899|13355|1|1
9148|G|1|4574|877|10745|1|1
9149|G|2|4574|764|4874|1|1
9150|G|0|4575|898|13241|1|1
9151|G|1|4575|723|3932|1|1
9152|G|2|4576|706|3605|1|1
9153|G|0|4576|838|7793|1|1
9154|G|1|4577|903|13985|1|1
9155|G|2|4577|858|9088|1|1
9156|G|0|4578|880|11054|1|1
9157|G|1|4578|850|8514|1|1
9158|G|2|4579|878|10798|1|1
9159|G|0|4579|828|7269|1|1
9160|G|1|4580|897|13129|1|1
9161|G|2|4580|720|3860|1|1
9162|G|0|4581|751|4530|1|1
9163|G|1|4581|849|8435|1|1
9164|G|2|4582|843|8110|1|1
9165|G|0|4582|896|13034|1|1
9166|G|1|4583|860|9288|1|1
9167|G|2|4583|866|9754|1|1
9168|G|0|4584|903|14072|1|1
9169|G|1|4584|856|8950|1|1
9170|G|2|4585|921|17679|1|1
9171|G|0|4585|743|4342|1|1
9172|G|1|4586|864|9586|1|1
9173|G|2|4586|933|21026|1|1
9174|G|0|4587|913|15824|1|1
9175|G|1|4587|876|10683|1|1
9176|G|2|4588|839|7863|1|1
9177|G|0|4588|876|10693|1|1
9178|G|1|4589|767|4942|1|1
9179|G|2|4589|869|9954|1|1
9180|G|0|4590|907|14691|1|1
9181|G|1|4590|897|13077|1|1
9182|G|2|4591|873|10394|1|1
9183|G|0|4591|795|5820|1|1
9184|G|1|4592|880|11021|1|1
9185|G|2|4592|772|5101|1|1
9186|G|0|4593|714|3755|1|1
9187|G|1|4593|729|4040|1|1
9188|G|2|4594|816|6682|1|1
9189|G|0|4594|725|3955|1|1
9190|G|1|4595|934|21392|1|1
9191|G|2|4595|854|8835|1|1
9192|G|0|4596|885|11652|1|1
9193|G|1|4596|912|15565|1|1
9194|G|2|4597|862|9386|1|1
9195|G|0|4597|740|4288|1|1
9196|G|1|4598|869|9965|1|1
9197|G|2|4598|844|8168|1|1
9198|G|0|4599|905|14402|1|1
9199|G|1|4599|930|20157|1|1
10045|F|1|110045|780|533|0|0
9200|G|2|4600|795|5832|1|1
9201|G|0|4600|772|5085|1|1
9202|G|1|4601|853|8732|1|1
9203|G|2|4601|802|6078|1|1
9204|G|0|4602|863|9487|1|1
9205|G|1|4602|881|11136|1|1
9206|G|2|4603|896|12935|1|1
9207|G|0|4603|822|6952|1|1
9208|G|1|4604|891|12314|1|1
9209|G|2|4604|880|11052|1|1
9210|G|0|4605|823|7014|1|1
9211|G|1|4605|909|15149|1|1
9212|G|2|4606|777|5236|1|1
9213|G|0|4606|924|18269|1|1
9214|G|1|4607|754|4617|1|1
9215|G|2|4607|800|6004|1|1
9216|G|0|4608|834|7538|1|1
9217|G|1|4608|820|6855|1|1
9218|G|2|4609|824|7052|1|1
9219|G|0|4609|852|8691|1|1
9220|G|1|4610|902|13813|1|1
9221|G|2|4610|923|18190|1|1
9222|G|0|4611|872|10255|1|1
9223|G|1|4611|746|4425|1|1
9224|G|2|4612|719|3857|1|1
9225|G|0|4612|720|3867|1|1
9226|G|1|4613|828|7261|1|1
9227|G|2|4613|872|10255|1|1
9228|G|0|4614|850|8549|1|1
9229|G|1|4614|844|8170|1|1
9230|G|2|4615|734|4146|1|1
9231|G|0|4615|891|12351|1|1
9232|G|1|4616|784|5476|1|1
9233|G|2|4616|862|9435|1|1
9234|G|0|4617|805|6199|1|1
9235|G|1|4617|830|7370|1|1
9236|G|2|4618|814|6603|1|1
9237|G|0|4618|822|6937|1|1
9238|G|1|4619|735|4179|1|1
9239|G|2|4619|818|6768|1|1
9240|G|0|4620|705|3588|1|1
9241|G|1|4620|788|5603|1|1
9242|G|2|4621|831|7413|1|1
9243|G|0|4621|842|8004|1|1
9244|G|1|4622|707|3633|1|1
9245|G|2|4622|853|8725|1|1
9246|G|0|4623|873|10314|1|1
9247|G|1|4623|742|4335|1|1
9248|G|2|4624|724|3942|1|1
9249|G|0|4624|909|15051|1|1
9250|G|1|4625|711|3708|1|1
9251|G|2|4625|814|6596|1|1
9252|G|0|4626|909|15135|1|1
9253|G|1|4626|822|6950|1|1
9254|G|2|4627|864|9544|1|1
9255|G|0|4627|804|6165|1|1
9256|G|1|4628|878|10861|1|1
9257|G|2|4628|722|3914|1|1
9258|G|0|4629|789|5636|1|1
9259|G|1|4629|859|9154|1|1
9260|G|2|4630|817|6732|1|1
9261|G|0|4630|895|12877|1|1
9262|G|1|4631|813|6560|1|1
9263|G|2|4631|803|6123|1|1
9264|G|0|4632|853|8725|1|1
9265|G|1|4632|876|10662|1|1
9266|G|2|4633|890|12180|1|1
9267|G|0|4633|893|12645|1|1
9268|G|1|4634|776|5218|1|1
9269|G|2|4634|900|13643|1|1
9270|G|0|4635|746|4408|1|1
9271|G|1|4635|861|9345|1|1
9272|G|2|4636|717|3816|1|1
9273|G|0|4636|862|9444|1|1
9274|G|1|4637|915|16320|1|1
9275|G|2|4637|909|15115|1|1
9276|G|0|4638|864|9543|1|1
9277|G|1|4638|719|3849|1|1
9278|G|2|4639|889|12022|1|1
9279|G|0|4639|875|21036|1|1
9280|G|1|4640|724|7874|1|1
9281|G|2|4640|869|20050|1|1
9282|G|0|4641|883|22646|1|1
9283|G|1|4641|871|20429|1|1
9284|G|2|4642|842|16004|1|1
9285|G|0|4642|855|17778|1|1
9286|G|1|4643|870|20250|1|1
9287|G|2|4643|870|20211|1|1
9288|G|0|4644|887|23583|1|1
9289|G|1|4644|823|14016|1|1
9290|G|2|4645|865|19229|1|1
9291|G|0|4645|728|8046|0|0
9292|G|1|4646|712|7434|0|0
9293|G|2|4646|869|19971|1|1
9294|G|0|4647|853|17543|1|1
9295|G|1|4647|884|22881|1|1
9296|G|2|4648|863|19005|1|1
9297|G|0|4648|778|10520|1|1
9298|G|1|4649|828|14498|1|1
9299|G|2|4649|889|24167|1|1
9300|G|0|4650|798|11923|1|1
9301|G|1|4650|802|12185|0|0
9302|G|2|4651|828|14490|1|1
9303|G|0|4651|892|24910|1|1
9304|G|1|4652|860|18458|1|1
9305|G|2|4652|783|10856|1|1
9306|G|0|4653|820|13710|0|1
9307|G|1|4653|862|18881|1|1
9308|G|2|4654|887|23683|1|1
9309|G|0|4654|780|10667|1|1
9310|G|1|4655|855|17823|1|1
9311|G|2|4655|878|21614|1|1
9312|G|0|4656|887|23576|1|1
9313|G|1|4656|826|14265|0|1
9314|G|2|4657|881|22385|1|1
9315|G|0|4657|746|8812|0|0
9316|G|1|4658|793|11536|1|1
9317|G|2|4658|884|23083|1|1
9318|G|0|4659|854|17571|1|1
9319|G|1|4659|882|22487|1|1
9320|G|2|4660|864|19171|1|1
9321|G|0|4660|881|22413|1|1
9322|G|1|4661|872|20572|1|1
9323|G|2|4661|873|20648|1|1
9324|G|0|4662|847|16715|1|1
9325|G|1|4662|831|14838|1|1
9326|G|2|4663|848|16774|1|1
9327|G|0|4663|733|8264|0|1
9328|G|1|4664|740|8562|0|1
9329|G|2|4664|806|12465|1|1
9330|G|0|4665|734|8311|0|0
9331|G|1|4665|873|20730|1|1
9332|G|2|4666|758|9446|1|1
9333|G|0|4666|890|24314|1|1
9334|G|1|4667|869|19968|1|1
9335|G|2|4667|884|22972|1|1
9336|G|0|4668|774|10298|1|1
9337|G|1|4668|876|21240|1|1
9338|G|2|4669|839|15738|1|1
9339|G|0|4669|877|21532|1|1
9340|G|1|4670|870|20117|1|1
9341|G|2|4670|859|18304|1|1
9342|G|0|4671|851|17228|1|1
9343|G|1|4671|883|22845|1|1
9344|G|2|4672|788|11204|0|1
9345|G|0|4672|843|16194|0|1
9346|G|1|4673|803|12305|1|1
9347|G|2|4673|869|20061|1|1
9348|G|0|4674|872|20439|1|1
9349|G|1|4674|891|24713|1|1
9350|G|2|4675|753|9180|1|1
9351|G|0|4675|730|8139|0|0
9352|G|1|4676|779|10630|1|1
9353|G|2|4676|707|7262|0|1
9354|G|0|4677|781|10734|1|1
9355|G|1|4677|872|20501|1|1
9356|G|2|4678|884|23044|1|1
9357|G|0|4678|872|20614|1|1
9358|G|1|4679|860|18581|1|1
9359|G|2|4679|761|9593|1|1
9360|G|0|4680|874|20941|1|1
9361|G|1|4680|883|22777|1|1
9362|G|2|4681|753|9170|0|1
9363|G|0|4681|855|17750|1|1
9364|G|1|4682|774|10280|1|1
9365|G|2|4682|836|15295|1|1
9366|G|0|4683|889|24101|1|1
9367|G|1|4683|854|17667|1|1
9368|G|2|4684|878|21777|1|1
9369|G|0|4684|731|8194|0|1
9370|G|1|4685|850|17099|1|1
9371|G|2|4685|810|12873|1|1
9372|G|0|4686|873|20809|1|1
9373|G|1|4686|771|10122|1|1
9374|G|2|4687|812|12961|1|1
9375|G|0|4687|836|15364|0|1
9376|G|1|4688|773|10235|0|1
9377|G|2|4688|725|7925|0|0
9378|G|0|4689|758|9428|0|1
9379|G|1|4689|892|24876|1|1
9380|G|2|4690|795|11684|1|1
9381|G|0|4690|876|21210|1|1
9382|G|1|4691|740|8555|1|1
9383|G|2|4691|856|17909|1|1
9384|G|0|4692|787|11140|1|1
9385|G|1|4692|870|20166|1|1
9386|G|2|4693|879|21903|1|1
9387|G|0|4693|882|22544|1|1
9388|G|1|4694|879|21861|1|1
9389|G|2|4694|791|11407|1|1
9390|G|0|4695|879|21970|1|1
9391|G|1|4695|879|21911|1|1
9392|G|2|4696|743|8712|1|1
9393|G|0|4696|862|18768|1|1
9394|G|1|4697|860|18535|1|1
9395|G|2|4697|873|20643|1|1
9396|G|0|4698|886|23473|1|1
9397|G|1|4698|886|23364|1|1
9398|G|2|4699|873|20776|1|1
9399|G|0|4699|870|20199|1|1
10046|F|2|110046|710|368|0|0
9400|G|1|4700|884|22984|1|1
9401|G|2|4700|803|12296|1|1
9402|G|0|4701|874|20930|1|1
9403|G|1|4701|873|20799|1|1
9404|G|2|4702|816|13328|1|1
9405|G|0|4702|779|10630|0|1
9406|G|1|4703|736|8399|1|1
9407|G|2|4703|762|9653|0|1
9408|G|0|4704|798|11867|1|1
9409|G|1|4704|888|23862|1|1
9410|G|2|4705|889|24158|1|1
9411|G|0|4705|882|22438|1|1
9412|G|1|4706|756|9321|0|1
9413|G|2|4706|777|10456|1|1
9414|G|0|4707|828|14456|0|1
9415|G|1|4707|847|16640|1|1
9416|G|2|4708|767|9910|1|1
9417|G|0|4708|876|21278|1|1
9418|G|1|4709|823|14023|1|1
9419|G|2|4709|886|23409|1|1
9420|G|0|4710|886|23343|1|1
9421|G|1|4710|855|17797|1|1
9422|G|2|4711|814|13186|1|1
9423|G|0|4711|866|19446|1|1
9424|G|1|4712|887|23644|1|1
9425|G|2|4712|886|23407|1|1
9426|G|0|4713|753|9167|1|1
9427|G|1|4713|878|21669|1|1
9428|G|2|4714|882|22599|1|1
9429|G|0|4714|850|17077|1|1
9430|G|1|4715|838|15531|1|1
9431|G|2|4715|887|23666|1|1
9432|G|0|4716|749|8980|1|1
9433|G|1|4716|857|18077|1|1
9434|G|2|4717|761|9581|1|1
9435|G|0|4717|885|23093|1|1
9436|G|1|4718|762|9648|1|1
9437|G|2|4718|747|8888|1|1
9438|G|0|4719|847|16634|1|1
9439|G|1|4719|833|14992|1|1
9440|G|2|4720|830|14667|1|1
9441|G|0|4720|819|13597|1|1
9442|G|1|4721|885|23151|1|1
9443|G|2|4721|878|21792|1|1
9444|G|0|4722|862|18814|1|1
9445|G|1|4722|745|8778|0|1
9446|G|2|4723|847|16671|1|1
9447|G|0|4723|792|11443|1|1
9448|G|1|4724|840|15779|1|1
9449|G|2|4724|774|10294|0|1
9450|G|0|4725|879|21840|1|1
9451|G|1|4725|888|23790|1|1
9452|G|2|4726|792|11435|1|1
9453|G|0|4726|782|10811|1|1
9454|G|1|4727|837|15472|1|1
9455|G|2|4727|877|21422|1|1
9456|G|0|4728|756|9328|1|1
9457|G|1|4728|739|8502|1|1
9458|G|2|4729|845|16469|1|1
9459|G|0|4729|838|15621|0|1
9460|G|1|4730|830|14653|0|1
9461|G|2|4730|847|16637|1|1
9462|G|0|4731|881|22316|1|1
9463|G|1|4731|750|9012|0|1
9464|G|2|4732|791|11367|1|1
9465|G|0|4732|799|11973|1|1
9466|G|1|4733|841|15946|1|1
9467|G|2|4733|855|17734|1|1
9468|G|0|4734|789|11278|0|1
9469|G|1|4734|862|18786|1|1
9470|G|2|4735|821|13766|0|1
9471|G|0|4735|889|24194|1|1
9472|G|1|4736|843|16113|1|1
9473|G|2|4736|788|11151|0|1
9474|G|0|4737|869|20000|1|1
9475|G|1|4737|881|22332|1|1
9476|G|2|4738|794|11602|0|1
9477|G|0|4738|722|7798|0|0
9478|G|1|4739|889|24140|1|1
9479|G|2|4739|750|9037|0|1
9480|G|0|4740|849|16889|1|1
9481|G|1|4740|889|24099|1|1
9482|G|2|4741|880|22013|1|1
9483|G|0|4741|886|23426|1|1
9484|G|1|4742|877|21467|1|1
9485|G|2|4742|891|24728|1|1
9486|G|0|4743|864|19108|1|1
9487|G|1|4743|817|13428|1|1
9488|G|2|4744|890|24281|1|1
9489|G|0|4744|871|20397|1|1
9490|G|1|4745|822|13912|1|1
9491|G|2|4745|792|11428|0|1
9492|G|0|4746|764|9736|1|1
9493|G|1|4746|833|15004|1|1
9494|G|2|4747|853|17518|1|1
9495|G|0|4747|878|21644|1|1
9496|G|1|4748|864|19155|1|1
9497|G|2|4748|861|18651|1|1
9498|G|0|4749|800|12059|1|1
9499|G|1|4749|877|21551|1|1
9500|G|2|4750|779|10622|0|1
9501|G|0|4750|880|22032|1|1
9502|G|1|4751|884|23012|1|1
9503|G|2|4751|804|12344|0|1
9504|G|0|4752|864|19210|1|1
9505|G|1|4752|808|12678|0|1
9506|G|2|4753|791|11408|1|1
9507|G|0|4753|848|16812|1|1
9508|G|1|4754|871|20407|1|1
9509|G|2|4754|885|23190|1|1
9510|G|0|4755|877|21437|1|1
9511|G|1|4755|873|20789|1|1
9512|G|2|4756|868|19728|1|1
9513|G|0|4756|886|23548|1|1
9514|G|1|4757|881|22397|1|1
9515|G|2|4757|884|23002|1|1
9516|G|0|4758|825|14230|1|1
9517|G|1|4758|853|17425|1|1
9518|G|2|4759|874|20889|1|1
9519|G|0|4759|811|12911|1|1
9520|G|1|4760|862|18850|0|1
9521|G|2|4760|843|16155|1|1
9522|G|0|4761|746|8815|1|1
9523|G|1|4761|769|9994|1|1
9524|G|2|4762|732|8206|0|0
9525|G|0|4762|771|10117|0|1
9526|G|1|4763|771|10108|1|1
9527|G|2|4763|835|15286|1|1
9528|G|0|4764|718|7653|1|1
9529|G|1|4764|724|7879|0|1
9530|G|2|4765|871|20322|1|1
9531|G|0|4765|837|15493|1|1
9532|G|1|4766|849|16880|1|1
9533|G|2|4766|889|24105|1|1
9534|G|0|4767|884|23033|1|1
9535|G|1|4767|842|16100|1|1
9536|G|2|4768|851|17170|1|1
9537|G|0|4768|871|20338|1|1
9538|G|1|4769|870|20203|1|1
9539|G|2|4769|837|15498|1|1
9540|G|0|4770|817|13468|1|1
9541|G|1|4770|728|8034|1|1
9542|G|2|4771|754|9243|1|1
9543|G|0|4771|887|23580|1|1
9544|G|1|4772|890|24296|1|1
9545|G|2|4772|834|15149|1|1
9546|G|0|4773|886|23334|1|1
9547|G|1|4773|752|9123|0|1
9548|G|2|4774|776|10447|0|1
9549|G|0|4774|880|22170|1|1
9550|G|1|4775|874|20846|1|1
9551|G|2|4775|767|9893|0|0
9552|G|0|4776|850|17082|1|1
9553|G|1|4776|886|23376|1|1
9554|G|2|4777|885|23094|1|1
9555|G|0|4777|854|17673|1|1
9556|G|1|4778|796|11770|1|1
9557|G|2|4778|878|21784|1|1
9558|G|0|4779|862|18741|1|1
9559|G|1|4779|814|13132|1|1
9560|G|2|4780|723|7838|1|1
9561|G|0|4780|754|9234|0|1
9562|G|1|4781|769|10028|0|1
9563|G|2|4781|846|16519|0|1
9564|G|0|4782|768|9977|0|1
9565|G|1|4782|804|12337|0|1
9566|G|2|4783|828|14529|1|1
9567|G|0|4783|747|8876|0|1
9568|G|1|4784|868|19830|1|1
9569|G|2|4784|714|7493|0|0
9570|G|0|4785|828|14449|1|1
9571|G|1|4785|743|8716|0|1
9572|G|2|4786|740|8542|0|1
9573|G|0|4786|768|9979|1|1
9574|G|1|4787|855|17762|1|1
9575|G|2|4787|886|23377|1|1
9576|G|0|4788|828|14455|1|1
9577|G|1|4788|861|18674|1|1
9578|G|2|4789|850|17047|1|1
9579|G|0|4789|849|16968|1|1
9580|G|1|4790|830|14677|1|1
9581|G|2|4790|859|18348|1|1
9582|G|0|4791|885|23162|1|1
9583|G|1|4791|784|10907|0|1
9584|G|2|4792|806|12474|0|1
9585|G|0|4792|759|9471|1|1
9586|G|1|4793|876|21341|1|1
9587|G|2|4793|859|18306|1|1
9588|G|0|4794|871|20271|1|1
9589|G|1|4794|864|19178|1|1
9590|G|2|4795|881|22330|1|1
9591|G|0|4795|813|13072|1|1
9592|G|1|4796|852|17292|1|1
9593|G|2|4796|780|10665|1|1
9594|G|0|4797|784|10926|1|1
9595|G|1|4797|889|24210|1|1
9596|G|2|4798|844|16333|0|1
9597|G|0|4798|833|15043|1|1
9598|G|1|4799|844|16254|0|1
9599|G|2|4799|719|7703|0|0
10047|F|0|110047|770|504|0|0
9600|G|0|4800|872|20561|1|1
9601|G|1|4800|739|8510|0|1
9602|G|2|4801|842|16042|1|1
9603|G|0|4801|850|17109|0|1
9604|G|1|4802|804|12383|1|1
9605|G|2|4802|891|24627|1|1
9606|G|0|4803|745|8770|0|0
9607|G|1|4803|886|23503|1|1
9608|G|2|4804|856|17899|1|1
9609|G|0|4804|707|7246|0|1
9610|G|1|4805|856|17836|0|1
9611|G|2|4805|796|11714|1|1
9612|G|0|4806|763|9669|0|1
9613|G|1|4806|793|11502|1|1
9614|G|2|4807|776|10432|1|1
9615|G|0|4807|764|9744|1|1
9616|G|1|4808|795|11638|0|1
9617|G|2|4808|829|14616|1|1
9618|G|0|4809|830|14743|1|1
9619|G|1|4809|877|21422|1|1
9620|G|2|4810|856|17845|1|1
9621|G|0|4810|859|18405|1|1
9622|G|1|4811|801|12093|1|1
9623|G|2|4811|891|24540|1|1
9624|G|0|4812|882|22435|1|1
9625|G|1|4812|788|11218|1|1
9626|G|2|4813|720|7752|0|1
9627|G|0|4813|850|17037|1|1
9628|G|1|4814|733|8248|0|1
9629|G|2|4814|869|20055|1|1
9630|G|0|4815|755|9278|1|1
9631|G|1|4815|866|19530|1|1
9632|G|2|4816|837|15495|1|1
9633|G|0|4816|743|8709|0|1
9634|G|1|4817|853|17462|1|1
9635|G|2|4817|801|12130|0|1
9636|G|0|4818|755|9266|0|1
9637|G|1|4818|866|19433|1|1
9638|G|2|4819|749|8977|1|1
9639|G|0|4819|891|24734|1|1
9640|G|1|4820|882|22544|1|1
9641|G|2|4820|847|16681|1|1
9642|G|0|4821|782|10804|1|1
9643|G|1|4821|836|15314|0|1
9644|G|2|4822|864|19135|1|1
9645|G|0|4822|787|11108|0|1
9646|G|1|4823|799|11930|1|1
9647|G|2|4823|878|21611|1|1
9648|G|0|4824|775|10340|1|1
9649|G|1|4824|859|18386|0|1
9650|G|2|4825|859|18386|1|1
9651|G|0|4825|781|10704|0|1
9652|G|1|4826|858|18193|1|1
9653|G|2|4826|756|9331|1|1
9654|G|0|4827|824|14133|0|1
9655|G|1|4827|819|13601|0|1
9656|G|2|4828|878|21781|1|1
9657|G|0|4828|849|16927|0|1
9658|G|1|4829|783|10873|1|1
9659|G|2|4829|713|7454|1|1
9660|G|0|4830|811|12883|1|1
9661|G|1|4830|883|22711|1|1
9662|G|2|4831|719|7703|1|1
9663|G|0|4831|860|18528|1|1
9664|G|1|4832|757|9360|1|1
9665|G|2|4832|861|18611|1|1
9666|G|0|4833|751|9094|0|1
9667|G|1|4833|888|24005|1|1
9668|G|2|4834|881|22247|1|1
9669|G|0|4834|879|21918|1|1
9670|G|1|4835|870|20130|1|1
9671|G|2|4835|748|8906|1|1
9672|G|0|4836|751|9060|1|1
9673|G|1|4836|825|14187|1|1
9674|G|2|4837|886|23405|1|1
9675|G|0|4837|832|14876|0|1
9676|G|1|4838|745|8804|0|0
9677|G|2|4838|874|20980|1|1
9678|G|0|4839|870|20207|1|1
9679|G|1|4839|880|22156|1|1
9680|G|2|4840|781|10723|1|1
9681|G|0|4840|740|8574|0|1
9682|G|1|4841|860|18516|1|1
9683|G|2|4841|797|11821|1|1
9684|G|0|4842|867|19567|1|1
9685|G|1|4842|725|7918|1|1
9686|G|2|4843|856|17904|0|1
9687|G|0|4843|865|19244|1|1
9688|G|1|4844|810|12802|0|1
9689|G|2|4844|893|25057|1|1
9690|G|0|4845|880|22192|1|1
9691|G|1|4845|853|17464|1|1
9692|G|2|4846|872|20486|1|1
9693|G|0|4846|835|15194|0|1
9694|G|1|4847|884|22865|1|1
9695|G|2|4847|814|13141|1|1
9696|G|0|4848|802|12228|1|1
9697|G|1|4848|838|15523|1|1
9698|G|2|4849|891|24747|1|1
9699|G|0|4849|886|23453|1|1
9700|G|1|4850|862|18845|1|1
9701|G|2|4850|850|17114|1|1
9702|G|0|4851|878|21743|1|1
9703|G|1|4851|879|21869|1|1
9704|G|2|4852|805|12449|1|1
9705|G|0|4852|875|21121|1|1
9706|G|1|4853|837|15418|1|1
9707|G|2|4853|776|10412|1|1
9708|G|0|4854|771|10151|0|0
9709|G|1|4854|853|17435|1|1
9710|G|2|4855|875|21101|1|1
9711|G|0|4855|869|19943|1|1
9712|G|1|4856|858|18269|1|1
9713|G|2|4856|891|24563|1|1
9714|G|0|4857|873|10398|0|0
9715|G|1|4857|928|19528|0|0
9716|G|2|4858|881|11113|0|0
9717|G|0|4858|771|5062|0|0
9718|G|1|4859|886|11763|0|0
9719|G|2|4859|911|15544|0|0
9720|G|0|4860|873|10367|0|0
9721|G|1|4860|759|4746|0|0
9722|G|2|4861|845|8193|0|0
9723|G|0|4861|754|4613|0|0
9724|G|1|4862|791|5706|0|0
9725|G|2|4862|756|4657|0|0
9726|G|0|4863|830|7345|0|0
9727|G|1|4863|889|12117|0|0
9728|G|2|4864|790|5670|0|0
9729|G|0|4864|863|18898|0|0
9730|G|1|4865|974|114971|0|0
9731|G|2|4865|874|20854|0|0
9732|G|0|4866|982|164110|0|0
9733|G|1|4866|975|121120|0|0
9734|G|2|4867|987|227888|0|0
9735|G|0|4867|912|31140|0|0
9736|G|1|4868|984|193857|0|0
9737|G|2|4868|896|25989|0|0
9738|G|0|4869|980|154395|0|0
9739|G|1|4869|986|212559|0|0
9740|G|2|4870|981|158034|0|0
9741|G|0|4870|904|28541|0|0
9742|G|1|4871|973|109196|0|0
9743|G|2|4871|848|16862|0|0
9744|G|0|4872|969|96626|0|0
9745|G|1|4872|984|189154|0|0
9746|G|2|4873|975|119869|0|0
9747|G|0|4873|911|30963|0|0
9748|G|1|4874|978|139566|0|0
9749|G|2|4874|934|43068|0|0
9750|G|0|4875|973|108132|0|0
9751|G|1|4875|981|155049|0|0
9752|G|2|4876|970|100247|0|0
9753|G|0|4876|926|37966|0|0
9754|G|1|4877|971|102467|0|0
9755|G|2|4877|913|31631|0|0
9756|G|0|4878|981|160420|0|0
9757|G|1|4878|985|208008|0|0
9758|G|2|4879|985|203932|0|0
9759|G|0|4879|878|10836|0|0
9760|G|1|4880|928|19405|0|0
9761|G|2|4880|879|10986|0|0
9762|G|0|4881|770|5025|0|0
9763|G|1|4881|887|11868|0|0
9764|G|2|4882|912|15654|0|0
9765|G|0|4882|873|10323|0|0
9766|G|1|4883|760|4754|0|0
9767|G|2|4883|845|8212|0|0
9768|G|0|4884|763|4832|0|0
9769|G|1|4884|782|5397|0|0
9770|G|2|4885|748|4464|0|0
9771|G|0|4885|827|7195|0|0
9772|G|1|4886|890|12197|0|0
9773|G|2|4886|788|5603|0|0
9774|G|0|4887|862|18892|0|0
9775|G|1|4887|974|114973|0|0
9776|G|2|4888|874|20847|0|0
9777|G|0|4888|982|164111|0|0
9778|G|1|4889|975|121150|0|0
9779|G|2|4889|987|227885|0|0
9780|G|0|4890|912|31156|0|0
9781|G|1|4890|984|193851|0|0
9782|G|2|4891|896|26050|0|0
9783|G|0|4891|980|154395|0|0
9784|G|1|4892|986|212558|0|0
9785|G|2|4892|981|158014|0|0
9786|G|0|4893|904|28565|0|0
9787|G|1|4893|973|109186|0|0
9788|G|2|4894|848|16860|0|0
9789|G|0|4894|969|96613|0|0
9790|G|1|4895|984|189125|0|0
9791|G|2|4895|975|119878|0|0
9792|G|0|4896|911|30941|0|0
9793|G|1|4896|978|139562|0|0
9794|G|2|4897|934|43085|0|0
9795|G|0|4897|973|108158|0|0
9796|G|1|4898|981|155039|0|0
9797|G|2|4898|970|100237|0|0
9798|G|0|4899|926|37948|0|0
9799|G|1|4899|971|102464|0|0
10048|F|1|110048|767|496|0|0
9800|G|2|4900|913|31648|0|0
9801|G|0|4900|981|160415|0|0
9802|G|1|4901|985|208006|0|0
9803|G|2|4901|985|203936|0|0
9804|G|0|4902|869|10026|1|1
9805|G|1|4902|756|4671|1|1
9806|G|2|4903|935|21679|1|0
9807|G|0|4903|928|19472|1|0
9808|G|1|4904|710|3690|1|1
9809|G|2|4904|857|9020|1|1
9810|G|0|4905|858|9071|1|1
9811|G|1|4905|948|27397|1|1
9812|G|2|4906|740|8568|1|1
9813|G|0|4906|741|8624|0|0
9814|G|1|4907|722|7828|0|1
9815|G|2|4907|726|7977|1|1
9816|G|0|4908|751|9087|0|1
9817|G|1|4908|823|14025|1|1
9818|G|2|4909|778|10567|0|1
9819|G|0|4909|782|10789|1|1
9820|G|1|4910|812|12963|1|1
9821|G|2|4910|823|14003|1|1
9822|G|0|4911|800|12073|1|1
9823|G|1|4911|717|7635|1|1
9824|G|2|4912|818|13527|1|1
9825|G|0|4912|815|13296|1|1
9826|G|1|4913|790|11319|1|1
9827|G|2|4913|817|13480|0|1
9828|G|0|4914|801|12138|1|1
9829|G|1|4914|812|12981|1|1
9830|G|2|4915|765|9768|1|1
9831|G|0|4915|715|7558|0|0
9832|G|1|4916|728|8032|1|1
9833|G|2|4916|827|14344|1|1
9834|G|0|4917|772|10186|1|1
9835|G|1|4917|727|8015|0|1
9836|G|2|4918|753|9169|1|1
9837|G|0|4918|749|8956|1|1
9838|G|1|4919|824|14125|1|1
9839|G|2|4919|796|11742|1|1
9840|G|0|4920|802|12205|1|1
9841|G|1|4920|817|13415|1|1
9842|G|2|4921|792|11460|1|1
9843|G|0|4921|814|13149|1|1
9844|G|1|4922|730|8119|1|1
9845|G|2|4922|777|10503|0|1
9846|G|0|4923|746|8818|0|1
9847|G|1|4923|830|14708|1|1
9848|G|2|4924|822|13880|1|1
9849|G|0|4924|827|14407|1|1
9850|G|1|4925|798|11904|1|1
9851|G|2|4925|733|8265|0|0
9852|G|0|4926|828|14463|1|1
9853|G|1|4926|793|11533|1|1
9854|G|2|4927|789|11255|1|1
9855|G|0|4927|722|7826|1|1
9856|G|1|4928|781|10702|1|1
9857|G|2|4928|786|11082|1|1
9858|G|0|4929|832|14891|1|1
9859|G|1|4929|778|10573|1|1
9860|G|2|4930|776|10435|1|1
9861|G|0|4930|718|7676|0|0
9862|G|1|4931|807|12547|1|1
9863|G|2|4931|810|12844|0|1
9864|G|0|4932|811|12920|0|1
9865|G|1|4932|832|14924|1|1
9866|G|2|4933|753|9187|0|1
9867|G|0|4933|754|9220|0|1
9868|G|1|4934|802|12182|0|1
9869|G|2|4934|772|10185|0|1
9870|G|0|4935|767|9926|1|1
9871|G|1|4935|774|10326|1|1
9872|G|2|4936|825|14226|1|1
9873|G|0|4936|830|14723|1|1
9874|G|1|4937|739|8513|1|1
9875|G|2|4937|772|10209|1|1
9876|G|0|4938|769|9992|1|1
9877|G|1|4938|773|10254|0|1
9878|G|2|4939|719|7702|0|0
9879|G|0|4939|827|14378|1|1
9880|G|1|4940|764|9741|0|1
9881|G|2|4940|767|9931|1|1
9882|G|0|4941|829|14582|1|1
9883|G|1|4941|804|12347|1|1
9884|G|2|4942|804|12328|1|1
9885|G|0|4942|803|12282|1|1
9886|G|1|4943|831|14764|1|1
9887|G|2|4943|773|10268|1|1
9888|G|0|4944|741|8589|1|1
9889|G|1|4944|784|10926|1|1
9890|G|2|4945|774|10288|1|1
9891|G|0|4945|832|14953|1|1
9892|G|1|4946|813|13060|1|1
9893|G|2|4946|803|12292|0|1
9894|G|0|4947|822|13929|0|1
9895|G|1|4947|826|14282|1|1
9896|G|2|4948|818|13519|1|1
9897|G|0|4948|813|13093|1|1
9898|G|1|4949|794|11612|1|1
9899|G|2|4949|788|11193|1|1
9900|G|0|4950|749|8979|0|1
9901|G|1|4950|759|9452|1|1
9902|G|2|4951|711|7383|1|1
9903|G|0|4951|815|13253|1|1
9904|G|1|4952|810|12808|1|1
9905|G|2|4952|733|8263|1|1
9906|G|0|4953|816|13331|0|1
9907|G|1|4953|830|14679|1|1
9908|G|2|4954|830|14680|1|1
9909|G|0|4954|804|12322|1|1
9910|G|1|4955|727|8009|1|1
9911|G|2|4955|795|11654|1|1
9912|G|0|4956|801|12132|1|1
9913|G|1|4956|782|10782|0|1
9914|G|2|4957|787|11142|0|1
9915|G|0|4957|779|10616|0|0
9916|G|1|4958|811|12890|1|1
9917|G|2|4958|824|14073|0|1
9918|G|0|4959|730|8126|1|1
9919|G|1|4959|778|10568|0|1
9920|G|2|4960|782|10777|0|1
9921|G|0|4960|815|13277|1|1
9922|G|1|4961|785|11013|0|1
9923|G|2|4961|736|8397|1|1
9924|G|0|4962|777|10483|1|1
9925|G|1|4962|763|9698|1|1
9926|G|2|4963|813|13078|0|1
9927|G|0|4963|823|14044|1|1
9928|G|1|4964|828|14457|1|1
9929|G|2|4964|753|9191|0|1
9930|G|0|4965|818|13508|1|1
9931|G|1|4965|734|8303|0|1
9932|G|2|4966|833|15006|0|1
9933|G|0|4966|809|12710|1|1
9934|G|1|4967|817|13476|1|1
9935|G|2|4967|784|10912|1|1
9936|G|0|4968|732|8227|1|1
9937|G|1|4968|826|14248|1|1
9938|G|2|4969|821|13782|0|1
9939|G|0|4969|773|10272|1|1
9940|G|1|4970|809|12768|0|1
9941|G|2|4970|736|8399|0|1
9942|G|0|4971|820|13706|1|1
9943|G|1|4971|820|13759|1|1
9944|G|2|4972|732|8210|1|1
9945|G|0|4972|806|12492|1|1
9946|G|1|4973|732|8229|1|1
9947|G|2|4973|706|7210|1|1
9948|G|0|4974|794|11608|1|1
9949|G|1|4974|752|9101|1|1
9950|G|2|4975|725|7947|0|0
9951|G|0|4975|759|9483|0|1
9952|G|1|4976|801|12150|0|1
9953|G|2|4976|779|10592|0|1
9954|G|0|4977|824|14121|0|1
9955|G|1|4977|822|13922|1|1
9956|G|2|4978|825|14165|1|1
9957|G|0|4978|822|13906|0|1
9958|G|1|4979|773|10234|0|0
9959|G|2|4979|747|8866|1|1
9960|G|0|4980|797|11820|1|1
9961|G|1|4980|794|11623|0|1
9962|G|2|4981|707|7256|0|1
9963|G|0|4981|757|9358|1|1
9964|G|1|4982|773|10267|0|1
9965|G|2|4982|748|8936|0|0
9966|G|0|4983|723|7854|1|1
9967|G|1|4983|809|12760|1|1
9968|G|2|4984|744|8719|0|1
9969|G|0|4984|802|12217|1|1
9970|G|1|4985|764|9721|0|1
9971|G|2|4985|740|8550|1|1
9972|G|0|4986|821|13851|0|1
9973|G|1|4986|807|12564|1|1
9974|G|2|4987|740|8544|1|1
9975|G|0|4987|790|11315|0|1
9976|G|1|4988|760|9512|1|1
9977|G|2|4988|762|9640|1|1
9978|G|0|4989|830|14658|1|1
9979|G|1|4989|768|9977|1|1
9980|G|2|4990|799|11941|1|1
9981|G|0|4990|788|11174|1|1
9982|G|1|4991|820|13716|1|1
9983|G|2|4991|830|14676|1|1
9984|G|0|4992|761|9578|1|1
9985|G|1|4992|740|8555|1|1
9986|G|2|4993|820|13700|1|1
9987|G|0|4993|751|9090|0|1
9988|G|1|4994|761|9581|1|1
9989|G|2|4994|834|15088|0|1
9990|G|0|4995|820|13672|1|1
9991|G|1|4995|794|11624|1|1
9992|G|2|4996|811|12912|1|1
9993|G|0|4996|818|13544|1|1
9994|G|1|4997|786|11035|1|1
9995|G|2|4997|760|9539|1|1
9996|G|0|4998|726|7952|0|1
9997|G|1|4998|757|9364|1|1
9998|G|2|4999|794|11633|1|1
9999|G|0|4999|812|12996|0|1
10049|F|2|110049|741|431|0|0
