ST_TS 0 2 3 0 0 0 0 0 0 0 0 0 0 0 0 0 0
ST_DELIB 50 2 3 1 1 75 3 2 0
ST_DELIB 75 2 3 1 1 75 3 3 0
ST_TS 250 251 385 3 0 1 0 0 67 75 0 0 0 1 1 25 1
ST_DELIB 319 4 1 2 3 10 1 0 0
ST_DELIB 320 7 1 2 3 10 1 0 0
ST_DELIB 321 10 1 2 3 10 1 0 0
ST_DELIB 322 13 1 2 3 10 1 0 0
ST_DELIB 323 16 1 2 3 10 1 0 0
ST_DELIB 324 19 1 2 3 10 1 0 0
ST_DELIB 325 22 1 2 3 10 1 0 0
ST_DELIB 326 34 1 2 3 10 1 0 0
ST_DELIB 327 37 1 2 3 10 1 0 0
ST_DELIB 328 40 1 2 3 10 1 0 0
ST_DELIB 329 43 1 2 3 10 1 0 0
ST_DELIB 330 46 1 2 3 10 1 0 0
ST_DELIB 331 49 1 2 3 10 1 0 0
ST_DELIB 332 52 1 2 3 10 1 0 0
ST_DELIB 333 64 1 2 3 10 1 0 0
ST_DELIB 334 67 1 2 3 10 1 0 0
ST_DELIB 335 70 1 2 3 10 1 0 0
ST_DELIB 336 73 1 2 3 10 1 0 0
ST_DELIB 337 76 1 2 3 10 1 0 0
ST_DELIB 338 78 1 2 3 10 1 0 0
ST_DELIB 339 81 1 2 3 10 1 0 0
ST_DELIB 340 93 1 2 3 10 1 0 0
ST_DELIB 341 96 1 2 3 10 1 0 0
ST_DELIB 342 99 1 2 3 10 1 0 0
ST_DELIB 343 102 1 2 3 10 1 0 0
ST_DELIB 344 105 1 2 3 10 1 0 0
ST_DELIB 345 7 1 2 3 10 1 0 0
ST_DELIB 346 108 1 2 3 10 1 0 0
ST_DELIB 347 111 1 2 3 10 1 0 0
ST_DELIB 348 123 1 2 3 10 1 0 0
ST_DELIB 349 126 1 2 3 10 1 0 0
ST_DELIB 350 129 1 2 3 10 1 0 0
ST_DELIB 351 132 1 2 3 10 1 0 0
ST_DELIB 352 135 1 2 3 10 1 0 0
ST_DELIB 353 138 1 2 3 10 1 0 0
ST_DELIB 354 141 1 2 3 10 1 0 0
ST_DELIB 355 153 1 2 3 10 1 0 0
ST_DELIB 356 156 1 2 3 10 1 0 0
ST_DELIB 357 52 1 2 3 10 1 0 0
ST_DELIB 358 159 1 2 3 10 1 0 0
ST_DELIB 359 162 1 2 3 10 1 0 0
ST_DELIB 360 70 1 2 3 10 1 0 0
ST_DELIB 361 165 1 2 3 10 1 0 0
ST_DELIB 362 168 1 2 3 10 1 0 0
ST_DELIB 363 78 1 2 3 10 1 0 0
ST_DELIB 364 171 1 2 3 10 1 0 0
ST_DELIB 365 183 1 2 3 10 1 0 0
ST_DELIB 366 96 1 2 3 10 1 0 0
ST_DELIB 367 186 1 2 3 10 1 0 0
ST_DELIB 368 189 1 2 3 10 1 0 0
ST_DELIB 369 105 1 2 3 10 1 0 0
ST_DELIB 370 192 1 2 3 10 1 0 0
ST_DELIB 371 195 1 2 3 10 1 0 0
ST_DELIB 372 111 1 2 3 10 1 0 0
ST_DELIB 373 198 1 2 3 10 1 0 0
ST_DELIB 374 201 1 2 3 10 1 0 0
ST_DELIB 375 129 1 2 3 10 1 0 0
ST_DELIB 376 213 1 2 3 10 1 0 0
ST_DELIB 377 216 1 2 3 10 1 0 0
ST_DELIB 378 219 1 2 3 10 1 0 0
ST_DELIB 379 222 1 2 3 10 1 0 0
ST_DELIB 380 225 1 2 3 10 1 0 0
ST_DELIB 381 228 1 2 3 10 1 0 0
ST_DELIB 382 231 1 2 3 10 1 0 0
ST_DELIB 383 243 1 2 3 10 1 0 0
ST_DELIB 384 246 1 2 3 10 1 0 0
ST_DELIB 385 249 1 2 3 10 1 0 0
ST_DELIB 386 252 1 2 3 10 1 0 0
ST_DELIB 387 168 1 2 3 10 1 0 0
ST_DELIB 388 255 1 2 3 10 1 0 0
ST_DELIB 389 258 1 2 3 10 1 0 0
ST_DELIB 390 183 1 2 3 10 1 0 0
ST_DELIB 391 261 1 2 3 10 1 0 0
ST_DELIB 392 273 1 2 3 10 1 0 0
ST_DELIB 393 189 1 2 3 10 1 0 0
ST_DELIB 394 276 1 2 3 10 1 0 0
ST_DELIB 395 279 1 2 3 10 1 0 0
ST_DELIB 396 195 1 2 3 10 1 0 0
ST_DELIB 397 282 1 2 3 10 1 0 0
ST_DELIB 398 285 1 2 3 10 1 0 0
ST_DELIB 399 201 1 2 3 10 1 0 0
ST_DELIB 400 288 1 2 3 10 1 0 0
ST_DELIB 401 291 1 2 3 10 1 0 0
ST_DELIB 402 216 1 2 3 10 1 0 0
ST_DELIB 403 303 1 2 3 10 1 0 0
ST_DELIB 404 306 1 2 3 10 1 0 0
ST_DELIB 405 225 1 2 3 10 1 0 0
ST_DELIB 406 309 1 2 3 10 1 0 0
ST_DELIB 407 312 1 2 3 10 1 0 0
ST_DELIB 408 315 1 2 3 10 1 0 0
ST_DELIB 409 318 1 2 3 10 1 0 0
ST_DELIB 410 3 1 2 3 10 1 0 0
ST_DELIB 411 6 1 2 3 10 1 0 0
ST_DELIB 412 9 1 2 3 10 1 0 0
ST_DELIB 413 12 1 2 3 10 1 0 0
ST_DELIB 414 13 1 2 3 10 1 0 0
ST_DELIB 415 22 1 2 3 10 1 0 0
ST_DELIB 416 24 1 2 3 10 1 0 0
ST_DELIB 417 273 1 2 3 10 1 0 0
ST_DELIB 418 27 1 2 3 10 1 0 0
ST_DELIB 419 30 1 2 3 10 1 0 0
ST_DELIB 420 279 1 2 3 10 1 0 0
ST_DELIB 421 33 1 2 3 10 1 0 0
ST_DELIB 422 36 1 2 3 10 1 0 0
ST_DELIB 423 285 1 2 3 10 1 0 0
ST_DELIB 424 39 1 2 3 10 1 0 0
ST_DELIB 425 40 1 2 3 10 1 0 0
ST_DELIB 426 291 1 2 3 10 1 0 0
ST_DELIB 427 42 1 2 3 10 1 0 0
ST_DELIB 428 49 1 2 3 10 1 0 0
ST_DELIB 429 306 1 2 3 10 1 0 0
ST_DELIB 430 54 1 2 3 10 1 0 0
ST_DELIB 431 57 1 2 3 10 1 0 0
ST_DELIB 432 312 1 2 3 10 1 0 0
ST_DELIB 433 60 1 2 3 10 1 0 0
ST_DELIB 434 63 1 2 3 10 1 0 0
ST_DELIB 435 3 1 2 3 10 1 0 0
ST_DELIB 436 66 1 2 3 10 1 0 0
ST_DELIB 437 9 1 2 3 10 1 0 0
ST_DELIB 438 67 1 2 3 10 1 0 0
ST_DELIB 439 69 1 2 3 10 1 0 0
ST_DELIB 440 22 1 2 3 10 1 0 0
ST_DELIB 441 72 1 2 3 10 1 0 0
ST_DELIB 442 76 1 2 3 10 1 0 0
ST_DELIB 443 27 1 2 3 10 1 0 0
ST_DELIB 444 83 1 2 3 10 1 0 0
ST_DELIB 445 86 1 2 3 10 1 0 0
ST_DELIB 446 33 1 2 3 10 1 0 0
ST_DELIB 447 36 1 2 3 10 1 0 0
ST_DELIB 448 89 1 2 3 10 1 0 0
ST_DELIB 449 39 1 2 3 10 1 0 0
ST_DELIB 450 40 1 2 3 10 1 0 0
ST_DELIB 451 92 1 2 3 10 1 0 0
ST_DELIB 452 42 1 2 3 10 1 0 0
ST_DELIB 453 49 1 2 3 10 1 0 0
ST_DELIB 454 93 1 2 3 10 1 0 0
ST_DELIB 455 54 1 2 3 10 1 0 0
ST_DELIB 456 57 1 2 3 10 1 0 0
ST_DELIB 457 95 1 2 3 10 1 0 0
ST_DELIB 458 98 1 2 3 10 1 0 0
ST_DELIB 459 63 1 2 3 10 1 0 0
ST_DELIB 460 101 1 2 3 10 1 0 0
ST_DELIB 461 113 1 2 3 10 1 0 0
ST_DELIB 462 9 1 2 3 10 1 0 0
ST_DELIB 463 116 1 2 3 10 1 0 0
ST_DELIB 464 119 1 2 3 10 1 0 0
ST_DELIB 465 22 1 2 3 10 1 0 0
ST_DELIB 466 122 1 2 3 10 1 0 0
ST_DELIB 467 76 1 2 3 10 1 0 0
ST_DELIB 468 125 1 2 3 10 1 0 0
ST_DELIB 469 128 1 2 3 10 1 0 0
ST_DELIB 470 86 1 2 3 10 1 0 0
ST_DELIB 471 131 1 2 3 10 1 0 0
ST_DELIB 472 135 1 2 3 10 1 0 0
ST_DELIB 473 89 1 2 3 10 1 0 0
ST_DELIB 474 143 1 2 3 10 1 0 0
ST_DELIB 475 146 1 2 3 10 1 0 0
ST_DELIB 476 92 1 2 3 10 1 0 0
ST_DELIB 477 42 1 2 3 10 1 0 0
ST_DELIB 478 149 1 2 3 10 1 0 0
ST_DELIB 479 93 1 2 3 10 1 0 0
ST_DELIB 480 54 1 2 3 10 1 0 0
ST_DELIB 481 152 1 2 3 10 1 0 0
ST_DELIB 482 95 1 2 3 10 1 0 0
ST_DELIB 483 98 1 2 3 10 1 0 0
ST_DELIB 484 153 1 2 3 10 1 0 0
ST_DELIB 485 101 1 2 3 10 1 0 0
ST_DELIB 486 113 1 2 3 10 1 0 0
ST_DELIB 487 155 1 2 3 10 1 0 0
ST_DELIB 488 158 1 2 3 10 1 0 0
ST_DELIB 489 119 1 2 3 10 1 0 0
ST_DELIB 490 159 1 2 3 10 1 0 0
ST_DELIB 491 161 1 2 3 10 1 0 0
ST_DELIB 492 76 1 2 3 10 1 0 0
ST_DELIB 493 165 1 2 3 10 1 0 0
ST_DELIB 494 171 1 2 3 10 1 0 0
ST_DELIB 495 86 1 2 3 10 1 0 0
ST_DELIB 496 173 1 2 3 10 1 0 0
ST_DELIB 497 135 1 2 3 10 1 0 0
ST_DELIB 498 176 1 2 3 10 1 0 0
ST_DELIB 499 179 1 2 3 10 1 0 0
ST_TS 500 320 785 3 181 1 181 0 142 150 0 0 0 1 1 25 1
ST_DELIB 500 146 1 2 3 10 1 0 0
ST_DELIB 501 182 1 2 3 10 1 0 0
ST_DELIB 502 185 1 2 3 10 1 0 0
ST_DELIB 503 149 1 2 3 10 1 0 0
ST_DELIB 504 186 1 2 3 10 1 0 0
ST_DELIB 505 188 1 2 3 10 1 0 0
ST_DELIB 506 152 1 2 3 10 1 0 0
ST_DELIB 507 95 1 2 3 10 1 0 0
ST_DELIB 508 191 1 2 3 10 1 0 0
ST_DELIB 509 153 1 2 3 10 1 0 0
ST_DELIB 510 101 1 2 3 10 1 0 0
ST_DELIB 511 192 1 2 3 10 1 0 0
ST_DELIB 512 155 1 2 3 10 1 0 0
ST_DELIB 513 158 1 2 3 10 1 0 0
ST_DELIB 514 203 1 2 3 10 1 0 0
ST_DELIB 515 159 1 2 3 10 1 0 0
ST_DELIB 516 161 1 2 3 10 1 0 0
ST_DELIB 517 206 1 2 3 10 1 0 0
ST_DELIB 518 209 1 2 3 10 1 0 0
ST_DELIB 519 171 1 2 3 10 1 0 0
ST_DELIB 520 212 1 2 3 10 1 0 0
ST_DELIB 521 215 1 2 3 10 1 0 0
ST_DELIB 522 135 1 2 3 10 1 0 0
ST_DELIB 523 218 1 2 3 10 1 0 0
ST_DELIB 524 221 1 2 3 10 1 0 0
ST_DELIB 525 146 1 2 3 10 1 0 0
ST_DELIB 526 231 1 2 3 10 1 0 0
ST_DELIB 527 185 1 2 3 10 1 0 0
ST_DELIB 528 233 1 2 3 10 1 0 0
ST_DELIB 529 236 1 2 3 10 1 0 0
ST_DELIB 530 188 1 2 3 10 1 0 0
ST_DELIB 531 239 1 2 3 10 1 0 0
ST_DELIB 532 242 1 2 3 10 1 0 0
ST_DELIB 533 191 1 2 3 10 1 0 0
ST_DELIB 534 245 1 2 3 10 1 0 0
ST_DELIB 535 248 1 2 3 10 1 0 0
ST_DELIB 536 192 1 2 3 10 1 0 0
ST_DELIB 537 155 1 2 3 10 1 0 0
ST_DELIB 538 249 1 2 3 10 1 0 0
ST_DELIB 539 203 1 2 3 10 1 0 0
ST_DELIB 540 159 1 2 3 10 1 0 0
ST_DELIB 541 251 1 2 3 10 1 0 0
ST_DELIB 542 206 1 2 3 10 1 0 0
ST_DELIB 543 209 1 2 3 10 1 0 0
ST_DELIB 544 255 1 2 3 10 1 0 0
ST_DELIB 545 212 1 2 3 10 1 0 0
ST_DELIB 546 215 1 2 3 10 1 0 0
ST_DELIB 547 261 1 2 3 10 1 0 0
ST_DELIB 548 263 1 2 3 10 1 0 0
ST_DELIB 549 221 1 2 3 10 1 0 0
ST_DELIB 550 266 1 2 3 10 1 0 0
ST_DELIB 551 269 1 2 3 10 1 0 0
ST_DELIB 552 185 1 2 3 10 1 0 0
ST_DELIB 553 272 1 2 3 10 1 0 0
ST_DELIB 554 275 1 2 3 10 1 0 0
ST_DELIB 555 188 1 2 3 10 1 0 0
ST_DELIB 556 276 1 2 3 10 1 0 0
ST_DELIB 557 242 1 2 3 10 1 0 0
ST_DELIB 558 278 1 2 3 10 1 0 0
ST_DELIB 559 281 1 2 3 10 1 0 0
ST_DELIB 560 248 1 2 3 10 1 0 0
ST_DELIB 561 282 1 2 3 10 1 0 0
ST_DELIB 562 288 1 2 3 10 1 0 0
ST_DELIB 563 249 1 2 3 10 1 0 0
ST_DELIB 564 293 1 2 3 10 1 0 0
ST_DELIB 565 296 1 2 3 10 1 0 0
ST_DELIB 566 251 1 2 3 10 1 0 0
ST_DELIB 567 206 1 2 3 10 1 0 0
ST_DELIB 568 299 1 2 3 10 1 0 0
ST_DELIB 569 255 1 2 3 10 1 0 0
ST_DELIB 570 212 1 2 3 10 1 0 0
ST_DELIB 571 302 1 2 3 10 1 0 0
ST_DELIB 572 261 1 2 3 10 1 0 0
ST_DELIB 573 263 1 2 3 10 1 0 0
ST_DELIB 574 305 1 2 3 10 1 0 0
ST_DELIB 575 266 1 2 3 10 1 0 0
ST_DELIB 576 269 1 2 3 10 1 0 0
ST_DELIB 577 308 1 2 3 10 1 0 0
ST_DELIB 578 311 1 2 3 10 1 0 0
ST_DELIB 579 275 1 2 3 10 1 0 0
ST_DELIB 580 2 1 2 3 10 1 0 0
ST_DELIB 581 3 1 2 3 10 1 0 0
ST_DELIB 582 242 1 2 3 10 1 0 0
ST_DELIB 583 6 1 2 3 10 1 0 0
ST_DELIB 584 7 1 2 3 10 1 0 0
ST_DELIB 585 248 1 2 3 10 1 0 0
ST_DELIB 586 9 1 2 3 10 1 0 0
ST_DELIB 587 288 1 2 3 10 1 0 0
ST_DELIB 588 10 1 2 3 10 1 0 0
ST_DELIB 589 13 1 2 3 10 1 0 0
ST_DELIB 590 296 1 2 3 10 1 0 0
ST_DELIB 591 14 1 2 3 10 1 0 0
ST_DELIB 592 17 1 2 3 10 1 0 0
ST_DELIB 593 299 1 2 3 10 1 0 0
ST_DELIB 594 19 1 2 3 10 1 0 0
ST_DELIB 595 20 1 2 3 10 1 0 0
ST_DELIB 596 302 1 2 3 10 1 0 0
ST_DELIB 597 261 1 2 3 10 1 0 0
ST_DELIB 598 22 1 2 3 10 1 0 0
ST_DELIB 599 305 1 2 3 10 1 0 0
ST_DELIB 600 266 1 2 3 10 1 0 0
ST_DELIB 601 23 1 2 3 10 1 0 0
ST_DELIB 602 308 1 2 3 10 1 0 0
ST_DELIB 603 311 1 2 3 10 1 0 0
ST_DELIB 604 26 1 2 3 10 1 0 0
ST_DELIB 605 2 1 2 3 10 1 0 0
ST_DELIB 606 3 1 2 3 10 1 0 0
ST_DELIB 607 29 1 2 3 10 1 0 0
ST_DELIB 608 32 1 2 3 10 1 0 0
ST_DELIB 609 7 1 2 3 10 1 0 0
ST_DELIB 610 36 1 2 3 10 1 0 0
ST_DELIB 611 37 1 2 3 10 1 0 0
ST_DELIB 612 288 1 2 3 10 1 0 0
ST_DELIB 613 10 1 2 3 10 1 0 0
ST_DELIB 614 40 1 2 3 10 1 0 0
ST_DELIB 615 296 1 2 3 10 1 0 0
ST_DELIB 616 14 1 2 3 10 1 0 0
ST_DELIB 617 17 1 2 3 10 1 0 0
ST_DELIB 618 42 1 2 3 10 1 0 0
ST_DELIB 619 19 1 2 3 10 1 0 0
ST_DELIB 620 20 1 2 3 10 1 0 0
ST_DELIB 621 44 1 2 3 10 1 0 0
ST_DELIB 622 46 1 2 3 10 1 0 0
ST_DELIB 623 22 1 2 3 10 1 0 0
ST_DELIB 624 47 1 2 3 10 1 0 0
ST_DELIB 625 50 1 2 3 10 1 0 0
ST_DELIB 626 23 1 2 3 10 1 0 0
ST_DELIB 627 308 1 2 3 10 1 0 0
ST_DELIB 628 52 1 2 3 10 1 0 0
ST_DELIB 629 26 1 2 3 10 1 0 0
ST_DELIB 630 2 1 2 3 10 1 0 0
ST_DELIB 631 53 1 2 3 10 1 0 0
ST_DELIB 632 29 1 2 3 10 1 0 0
ST_DELIB 633 32 1 2 3 10 1 0 0
ST_DELIB 634 54 1 2 3 10 1 0 0
ST_DELIB 635 36 1 2 3 10 1 0 0
ST_DELIB 636 37 1 2 3 10 1 0 0
ST_DELIB 637 56 1 2 3 10 1 0 0
ST_DELIB 638 59 1 2 3 10 1 0 0
ST_DELIB 639 40 1 2 3 10 1 0 0
ST_DELIB 640 62 1 2 3 10 1 0 0
ST_DELIB 641 67 1 2 3 10 1 0 0
ST_DELIB 642 17 1 2 3 10 1 0 0
ST_DELIB 643 42 1 2 3 10 1 0 0
ST_DELIB 644 70 1 2 3 10 1 0 0
ST_DELIB 645 20 1 2 3 10 1 0 0
ST_DELIB 646 44 1 2 3 10 1 0 0
ST_DELIB 647 46 1 2 3 10 1 0 0
ST_DELIB 648 72 1 2 3 10 1 0 0
ST_DELIB 649 47 1 2 3 10 1 0 0
ST_DELIB 650 50 1 2 3 10 1 0 0
ST_DELIB 651 74 1 2 3 10 1 0 0
ST_DELIB 652 76 1 2 3 10 1 0 0
ST_DELIB 653 52 1 2 3 10 1 0 0
ST_DELIB 654 79 1 2 3 10 1 0 0
ST_DELIB 655 2 1 2 3 10 1 0 0
ST_DELIB 656 53 1 2 3 10 1 0 0
ST_DELIB 657 29 1 2 3 10 1 0 0
ST_DELIB 658 82 1 2 3 10 1 0 0
ST_DELIB 659 54 1 2 3 10 1 0 0
ST_DELIB 660 36 1 2 3 10 1 0 0
ST_DELIB 661 83 1 2 3 10 1 0 0
ST_DELIB 662 56 1 2 3 10 1 0 0
ST_DELIB 663 59 1 2 3 10 1 0 0
ST_DELIB 664 85 1 2 3 10 1 0 0
ST_DELIB 665 62 1 2 3 10 1 0 0
ST_DELIB 666 67 1 2 3 10 1 0 0
ST_DELIB 667 17 1 2 3 10 1 0 0
ST_DELIB 668 86 1 2 3 10 1 0 0
ST_DELIB 669 70 1 2 3 10 1 0 0
ST_DELIB 670 20 1 2 3 10 1 0 0
ST_DELIB 671 88 1 2 3 10 1 0 0
ST_DELIB 672 46 1 2 3 10 1 0 0
ST_DELIB 673 72 1 2 3 10 1 0 0
ST_DELIB 674 91 1 2 3 10 1 0 0
ST_DELIB 675 50 1 2 3 10 1 0 0
ST_DELIB 676 74 1 2 3 10 1 0 0
ST_DELIB 677 76 1 2 3 10 1 0 0
ST_DELIB 678 95 1 2 3 10 1 0 0
ST_DELIB 679 79 1 2 3 10 1 0 0
ST_DELIB 680 2 1 2 3 10 1 0 0
ST_DELIB 681 99 1 2 3 10 1 0 0
ST_DELIB 682 29 1 2 3 10 1 0 0
ST_DELIB 683 82 1 2 3 10 1 0 0
ST_DELIB 684 101 1 2 3 10 1 0 0
ST_DELIB 685 36 1 2 3 10 1 0 0
ST_DELIB 686 83 1 2 3 10 1 0 0
ST_DELIB 687 56 1 2 3 10 1 0 0
ST_DELIB 688 103 1 2 3 10 1 0 0
ST_DELIB 689 85 1 2 3 10 1 0 0
ST_DELIB 690 62 1 2 3 10 1 0 0
ST_DELIB 691 106 1 2 3 10 1 0 0
ST_DELIB 692 17 1 2 3 10 1 0 0
ST_DELIB 693 86 1 2 3 10 1 0 0
ST_DELIB 694 109 1 2 3 10 1 0 0
ST_DELIB 695 20 1 2 3 10 1 0 0
ST_DELIB 696 88 1 2 3 10 1 0 0
ST_DELIB 697 46 1 2 3 10 1 0 0
ST_DELIB 698 111 1 2 3 10 1 0 0
ST_DELIB 699 91 1 2 3 10 1 0 0
ST_DELIB 700 50 1 2 3 10 1 0 0
ST_DELIB 701 112 1 2 3 10 1 0 0
ST_DELIB 702 76 1 2 3 10 1 0 0
ST_DELIB 703 95 1 2 3 10 1 0 0
ST_DELIB 704 115 1 2 3 10 1 0 0
ST_DELIB 705 2 1 2 3 10 1 0 0
ST_DELIB 706 99 1 2 3 10 1 0 0
ST_DELIB 707 29 1 2 3 10 1 0 0
ST_DELIB 708 118 1 2 3 10 1 0 0
ST_DELIB 709 101 1 2 3 10 1 0 0
ST_DELIB 710 36 1 2 3 10 1 0 0
ST_DELIB 711 121 1 2 3 10 1 0 0
ST_DELIB 712 56 1 2 3 10 1 0 0
ST_DELIB 713 103 1 2 3 10 1 0 0
ST_DELIB 714 123 1 2 3 10 1 0 0
ST_DELIB 715 62 1 2 3 10 1 0 0
ST_DELIB 716 106 1 2 3 10 1 0 0
ST_DELIB 717 17 1 2 3 10 1 0 0
ST_DELIB 718 125 1 2 3 10 1 0 0
ST_DELIB 719 109 1 2 3 10 1 0 0
ST_DELIB 720 20 1 2 3 10 1 0 0
ST_DELIB 721 129 1 2 3 10 1 0 0
ST_DELIB 722 46 1 2 3 10 1 0 0
ST_DELIB 723 111 1 2 3 10 1 0 0
ST_DELIB 724 131 1 2 3 10 1 0 0
ST_DELIB 725 50 1 2 3 10 1 0 0
ST_DELIB 726 112 1 2 3 10 1 0 0
ST_DELIB 727 76 1 2 3 10 1 0 0
ST_DELIB 728 132 1 2 3 10 1 0 0
ST_DELIB 729 115 1 2 3 10 1 0 0
ST_DELIB 730 2 1 2 3 10 1 0 0
ST_DELIB 731 133 1 2 3 10 1 0 0
ST_DELIB 732 29 1 2 3 10 1 0 0
ST_DELIB 733 118 1 2 3 10 1 0 0
ST_DELIB 734 135 1 2 3 10 1 0 0
ST_DELIB 735 36 1 2 3 10 1 0 0
ST_DELIB 736 121 1 2 3 10 1 0 0
ST_DELIB 737 56 1 2 3 10 1 0 0
ST_DELIB 738 136 1 2 3 10 1 0 0
ST_DELIB 739 123 1 2 3 10 1 0 0
ST_DELIB 740 62 1 2 3 10 1 0 0
ST_DELIB 741 139 1 2 3 10 1 0 0
ST_DELIB 742 17 1 2 3 10 1 0 0
ST_DELIB 743 125 1 2 3 10 1 0 0
ST_DELIB 744 141 1 2 3 10 1 0 0
ST_DELIB 745 20 1 2 3 10 1 0 0
ST_DELIB 746 129 1 2 3 10 1 0 0
ST_DELIB 747 46 1 2 3 10 1 0 0
ST_DELIB 748 142 1 2 3 10 1 0 0
ST_DELIB 749 131 1 2 3 10 1 0 0
ST_TS 750 320 1185 3 431 1 431 0 217 225 0 0 0 1 1 25 1
ST_DELIB 750 50 1 2 3 10 1 0 0
ST_DELIB 751 143 1 2 3 10 1 0 0
ST_DELIB 752 76 1 2 3 10 1 0 0
ST_DELIB 753 132 1 2 3 10 1 0 0
ST_DELIB 754 145 1 2 3 10 1 0 0
ST_DELIB 755 2 1 2 3 10 1 0 0
ST_DELIB 756 133 1 2 3 10 1 0 0
ST_DELIB 757 29 1 2 3 10 1 0 0
ST_DELIB 758 146 1 2 3 10 1 0 0
ST_DELIB 759 135 1 2 3 10 1 0 0
ST_DELIB 760 36 1 2 3 10 1 0 0
ST_DELIB 761 148 1 2 3 10 1 0 0
ST_DELIB 762 56 1 2 3 10 1 0 0
ST_DELIB 763 136 1 2 3 10 1 0 0
ST_DELIB 764 151 1 2 3 10 1 0 0
ST_DELIB 765 62 1 2 3 10 1 0 0
ST_DELIB 766 139 1 2 3 10 1 0 0
ST_DELIB 767 17 1 2 3 10 1 0 0
ST_DELIB 768 155 1 2 3 10 1 0 0
ST_DELIB 769 141 1 2 3 10 1 0 0
ST_DELIB 770 20 1 2 3 10 1 0 0
ST_DELIB 771 159 1 2 3 10 1 0 0
ST_DELIB 772 46 1 2 3 10 1 0 0
ST_DELIB 773 142 1 2 3 10 1 0 0
ST_DELIB 774 163 1 2 3 10 1 0 0
ST_DELIB 775 50 1 2 3 10 1 0 0
ST_DELIB 776 143 1 2 3 10 1 0 0
ST_DELIB 777 76 1 2 3 10 1 0 0
ST_DELIB 778 166 1 2 3 10 1 0 0
ST_DELIB 779 145 1 2 3 10 1 0 0
ST_DELIB 780 2 1 2 3 10 1 0 0
ST_DELIB 781 168 1 2 3 10 1 0 0
ST_DELIB 782 29 1 2 3 10 1 0 0
ST_DELIB 783 146 1 2 3 10 1 0 0
ST_DELIB 784 169 1 2 3 10 1 0 0
ST_DELIB 785 36 1 2 3 10 1 0 0
ST_DELIB 786 148 1 2 3 10 1 0 0
ST_DELIB 787 56 1 2 3 10 1 0 0
ST_DELIB 788 172 1 2 3 10 1 0 0
ST_DELIB 789 151 1 2 3 10 1 0 0
ST_DELIB 790 62 1 2 3 10 1 0 0
ST_DELIB 791 175 1 2 3 10 1 0 0
ST_DELIB 792 17 1 2 3 10 1 0 0
ST_DELIB 793 155 1 2 3 10 1 0 0
ST_DELIB 794 176 1 2 3 10 1 0 0
ST_DELIB 795 20 1 2 3 10 1 0 0
ST_DELIB 796 159 1 2 3 10 1 0 0
ST_DELIB 797 46 1 2 3 10 1 0 0
ST_DELIB 798 178 1 2 3 10 1 0 0
ST_DELIB 799 163 1 2 3 10 1 0 0
ST_DELIB 800 50 1 2 3 10 1 0 0
ST_DELIB 801 181 1 2 3 10 1 0 0
ST_DELIB 802 76 1 2 3 10 1 0 0
ST_DELIB 803 166 1 2 3 10 1 0 0
ST_DELIB 804 182 1 2 3 10 1 0 0
ST_DELIB 805 2 1 2 3 10 1 0 0
ST_DELIB 806 168 1 2 3 10 1 0 0
ST_DELIB 807 29 1 2 3 10 1 0 0
ST_DELIB 808 183 1 2 3 10 1 0 0
ST_DELIB 809 169 1 2 3 10 1 0 0
ST_DELIB 810 36 1 2 3 10 1 0 0
ST_DELIB 811 185 1 2 3 10 1 0 0
ST_DELIB 812 56 1 2 3 10 1 0 0
ST_DELIB 813 172 1 2 3 10 1 0 0
ST_DELIB 814 186 1 2 3 10 1 0 0
ST_DELIB 815 62 1 2 3 10 1 0 0
ST_DELIB 816 175 1 2 3 10 1 0 0
ST_DELIB 817 17 1 2 3 10 1 0 0
ST_DELIB 818 188 1 2 3 10 1 0 0
ST_DELIB 819 176 1 2 3 10 1 0 0
ST_DELIB 820 20 1 2 3 10 1 0 0
ST_DELIB 821 193 1 2 3 10 1 0 0
ST_DELIB 822 46 1 2 3 10 1 0 0
ST_DELIB 823 178 1 2 3 10 1 0 0
ST_DELIB 824 196 1 2 3 10 1 0 0
ST_DELIB 825 50 1 2 3 10 1 0 0
ST_DELIB 826 181 1 2 3 10 1 0 0
ST_DELIB 827 76 1 2 3 10 1 0 0
ST_DELIB 828 199 1 2 3 10 1 0 0
ST_DELIB 829 182 1 2 3 10 1 0 0
ST_DELIB 830 2 1 2 3 10 1 0 0
ST_DELIB 831 202 1 2 3 10 1 0 0
ST_DELIB 832 29 1 2 3 10 1 0 0
ST_DELIB 833 183 1 2 3 10 1 0 0
ST_DELIB 834 205 1 2 3 10 1 0 0
ST_DELIB 835 36 1 2 3 10 1 0 0
ST_DELIB 836 185 1 2 3 10 1 0 0
ST_DELIB 837 56 1 2 3 10 1 0 0
ST_DELIB 838 206 1 2 3 10 1 0 0
ST_DELIB 839 186 1 2 3 10 1 0 0
ST_DELIB 840 62 1 2 3 10 1 0 0
ST_DELIB 841 208 1 2 3 10 1 0 0
ST_DELIB 842 17 1 2 3 10 1 0 0
ST_DELIB 843 188 1 2 3 10 1 0 0
ST_DELIB 844 211 1 2 3 10 1 0 0
ST_DELIB 845 20 1 2 3 10 1 0 0
ST_DELIB 846 193 1 2 3 10 1 0 0
ST_DELIB 847 46 1 2 3 10 1 0 0
ST_DELIB 848 212 1 2 3 10 1 0 0
ST_DELIB 849 196 1 2 3 10 1 0 0
ST_DELIB 850 50 1 2 3 10 1 0 0
ST_DELIB 851 216 1 2 3 10 1 0 0
ST_DELIB 852 76 1 2 3 10 1 0 0
ST_DELIB 853 199 1 2 3 10 1 0 0
ST_DELIB 854 219 1 2 3 10 1 0 0
ST_DELIB 855 2 1 2 3 10 1 0 0
ST_DELIB 856 202 1 2 3 10 1 0 0
ST_DELIB 857 29 1 2 3 10 1 0 0
ST_DELIB 858 223 1 2 3 10 1 0 0
ST_DELIB 859 205 1 2 3 10 1 0 0
ST_DELIB 860 36 1 2 3 10 1 0 0
ST_DELIB 861 225 1 2 3 10 1 0 0
ST_DELIB 862 56 1 2 3 10 1 0 0
ST_DELIB 863 206 1 2 3 10 1 0 0
ST_DELIB 864 226 1 2 3 10 1 0 0
ST_DELIB 865 62 1 2 3 10 1 0 0
ST_DELIB 866 208 1 2 3 10 1 0 0
ST_DELIB 867 17 1 2 3 10 1 0 0
ST_DELIB 868 228 1 2 3 10 1 0 0
ST_DELIB 869 211 1 2 3 10 1 0 0
ST_DELIB 870 20 1 2 3 10 1 0 0
ST_DELIB 871 229 1 2 3 10 1 0 0
ST_DELIB 872 46 1 2 3 10 1 0 0
ST_DELIB 873 212 1 2 3 10 1 0 0
ST_DELIB 874 232 1 2 3 10 1 0 0
ST_DELIB 875 50 1 2 3 10 1 0 0
ST_DELIB 876 216 1 2 3 10 1 0 0
ST_DELIB 877 76 1 2 3 10 1 0 0
ST_DELIB 878 233 1 2 3 10 1 0 0
ST_DELIB 879 219 1 2 3 10 1 0 0
ST_DELIB 880 2 1 2 3 10 1 0 0
ST_DELIB 881 235 1 2 3 10 1 0 0
ST_DELIB 882 29 1 2 3 10 1 0 0
ST_DELIB 883 183 3 1 1 75 3 2 0
ST_DELIB 883 223 1 2 3 10 1 0 0
ST_DELIB 884 238 1 2 3 10 1 0 0
ST_DELIB 885 36 1 2 3 10 1 0 0
ST_DELIB 886 225 1 2 3 10 1 0 0
ST_DELIB 887 56 1 2 3 10 1 0 0
ST_DELIB 888 239 1 2 3 10 1 0 0
ST_DELIB 889 226 1 2 3 10 1 0 0
ST_DELIB 890 62 1 2 3 10 1 0 0
ST_DELIB 891 241 1 2 3 10 1 0 0
ST_DELIB 892 17 1 2 3 10 1 0 0
ST_DELIB 893 228 1 2 3 10 1 0 0
ST_DELIB 894 242 1 2 3 10 1 0 0
ST_DELIB 895 20 1 2 3 10 1 0 0
ST_DELIB 896 229 1 2 3 10 1 0 0
ST_DELIB 897 46 1 2 3 10 1 0 0
ST_DELIB 898 245 1 2 3 10 1 0 0
ST_DELIB 899 232 1 2 3 10 1 0 0
ST_DELIB 900 50 1 2 3 10 1 0 0
ST_DELIB 901 246 1 2 3 10 1 0 0
ST_DELIB 902 76 1 2 3 10 1 0 0
ST_DELIB 903 233 1 2 3 10 1 0 0
ST_DELIB 904 248 1 2 3 10 1 0 0
ST_DELIB 905 2 1 2 3 10 1 0 0
ST_DELIB 906 235 1 2 3 10 1 0 0
ST_DELIB 907 29 1 2 3 10 1 0 0
ST_DELIB 908 183 3 1 1 75 3 3 0
ST_DELIB 909 238 1 2 3 10 1 0 0
ST_DELIB 910 36 1 2 3 10 1 0 0
ST_DELIB 911 253 1 2 3 10 1 0 0
ST_DELIB 912 56 1 2 3 10 1 0 0
ST_DELIB 913 239 1 2 3 10 1 0 0
ST_DELIB 914 256 1 2 3 10 1 0 0
ST_DELIB 915 62 1 2 3 10 1 0 0
ST_DELIB 916 241 1 2 3 10 1 0 0
ST_DELIB 917 17 1 2 3 10 1 0 0
ST_DELIB 918 259 1 2 3 10 1 0 0
ST_DELIB 919 242 1 2 3 10 1 0 0
ST_DELIB 920 20 1 2 3 10 1 0 0
ST_DELIB 921 261 1 2 3 10 1 0 0
ST_DELIB 922 46 1 2 3 10 1 0 0
ST_DELIB 923 245 1 2 3 10 1 0 0
ST_DELIB 924 262 1 2 3 10 1 0 0
ST_DELIB 925 50 1 2 3 10 1 0 0
ST_DELIB 926 246 1 2 3 10 1 0 0
ST_DELIB 927 76 1 2 3 10 1 0 0
ST_DELIB 928 265 1 2 3 10 1 0 0
ST_DELIB 929 248 1 2 3 10 1 0 0
ST_DELIB 930 2 1 2 3 10 1 0 0
ST_DELIB 931 266 1 2 3 10 1 0 0
ST_DELIB 932 29 1 2 3 10 1 0 0
ST_DELIB 933 183 1 2 3 10 1 0 0
ST_DELIB 934 268 1 2 3 10 1 0 0
ST_DELIB 935 36 1 2 3 10 1 0 0
ST_DELIB 936 253 1 2 3 10 1 0 0
ST_DELIB 937 56 1 2 3 10 1 0 0
ST_DELIB 938 271 1 2 3 10 1 0 0
ST_DELIB 939 256 1 2 3 10 1 0 0
ST_DELIB 940 62 1 2 3 10 1 0 0
ST_DELIB 941 273 1 2 3 10 1 0 0
ST_DELIB 942 17 1 2 3 10 1 0 0
ST_DELIB 943 259 1 2 3 10 1 0 0
ST_DELIB 944 278 1 2 3 10 1 0 0
ST_DELIB 945 20 1 2 3 10 1 0 0
ST_DELIB 946 261 1 2 3 10 1 0 0
ST_DELIB 947 46 1 2 3 10 1 0 0
ST_DELIB 948 279 1 2 3 10 1 0 0
ST_DELIB 949 262 1 2 3 10 1 0 0
ST_DELIB 950 50 1 2 3 10 1 0 0
ST_DELIB 951 282 1 2 3 10 1 0 0
ST_DELIB 952 76 1 2 3 10 1 0 0
ST_DELIB 953 265 1 2 3 10 1 0 0
ST_DELIB 954 283 1 2 3 10 1 0 0
ST_DELIB 955 2 1 2 3 10 1 0 0
ST_DELIB 956 266 1 2 3 10 1 0 0
ST_DELIB 957 29 1 2 3 10 1 0 0
ST_DELIB 958 286 1 2 3 10 1 0 0
ST_DELIB 959 268 1 2 3 10 1 0 0
ST_DELIB 960 36 1 2 3 10 1 0 0
ST_DELIB 961 288 1 2 3 10 1 0 0
ST_DELIB 962 56 1 2 3 10 1 0 0
ST_DELIB 963 271 1 2 3 10 1 0 0
ST_DELIB 964 289 1 2 3 10 1 0 0
ST_DELIB 965 62 1 2 3 10 1 0 0
ST_DELIB 966 273 1 2 3 10 1 0 0
ST_DELIB 967 17 1 2 3 10 1 0 0
ST_DELIB 968 292 1 2 3 10 1 0 0
ST_DELIB 969 278 1 2 3 10 1 0 0
ST_DELIB 970 20 1 2 3 10 1 0 0
ST_DELIB 971 293 1 2 3 10 1 0 0
ST_DELIB 972 46 1 2 3 10 1 0 0
ST_DELIB 973 279 1 2 3 10 1 0 0
ST_DELIB 974 295 1 2 3 10 1 0 0
ST_DELIB 975 50 1 2 3 10 1 0 0
ST_DELIB 976 282 1 2 3 10 1 0 0
ST_DELIB 977 76 1 2 3 10 1 0 0
ST_DELIB 978 296 1 2 3 10 1 0 0
ST_DELIB 979 283 1 2 3 10 1 0 0
ST_DELIB 980 2 1 2 3 10 1 0 0
ST_DELIB 981 298 1 2 3 10 1 0 0
ST_DELIB 982 29 1 2 3 10 1 0 0
ST_DELIB 983 286 1 2 3 10 1 0 0
ST_DELIB 984 301 1 2 3 10 1 0 0
ST_DELIB 985 36 1 2 3 10 1 0 0
ST_DELIB 986 288 1 2 3 10 1 0 0
ST_DELIB 987 56 1 2 3 10 1 0 0
ST_DELIB 988 308 1 2 3 10 1 0 0
ST_DELIB 989 289 1 2 3 10 1 0 0
ST_DELIB 990 62 1 2 3 10 1 0 0
ST_DELIB 991 312 1 2 3 10 1 0 0
ST_DELIB 992 17 1 2 3 10 1 0 0
ST_DELIB 993 292 1 2 3 10 1 0 0
ST_DELIB 994 313 1 2 3 10 1 0 0
ST_DELIB 995 20 1 2 3 10 1 0 0
ST_DELIB 996 293 1 2 3 10 1 0 0
ST_DELIB 997 46 1 2 3 10 1 0 0
ST_DELIB 998 315 1 2 3 10 1 0 0
ST_DELIB 999 295 1 2 3 10 1 0 0
ST_TS 1000 320 1588 6 680 2 680 0 291 300 0 0 0 2 2 50 2
ST_DELIB 1000 50 1 2 3 10 1 0 0
ST_DELIB 1001 316 1 2 3 10 1 0 0
ST_DELIB 1002 76 1 2 3 10 1 0 0
ST_DELIB 1003 296 1 2 3 10 1 0 0
ST_DELIB 1004 319 1 2 3 10 1 0 0
ST_DELIB 1005 2 1 2 3 10 1 0 0
ST_DELIB 1006 298 1 2 3 10 1 0 0
ST_DELIB 1007 29 1 2 3 10 1 0 0
ST_DELIB 1008 17 1 2 3 10 1 0 0
ST_DELIB 1009 301 1 2 3 10 1 0 0
ST_DELIB 1010 36 1 2 3 10 1 0 0
ST_DELIB 1011 20 1 2 3 10 1 0 0
ST_DELIB 1012 56 1 2 3 10 1 0 0
ST_DELIB 1013 308 1 2 3 10 1 0 0
ST_DELIB 1014 29 1 2 3 10 1 0 0
ST_DELIB 1015 62 1 2 3 10 1 0 0
ST_DELIB 1016 312 1 2 3 10 1 0 0
ST_DELIB 1017 36 1 2 3 10 1 0 0
ST_DELIB 1018 315 1 2 3 10 1 0 0
ST_DELIB 1019 313 1 2 3 10 1 0 0
ST_DELIB 1020 316 1 2 3 10 1 0 0
ST_DELIB 1021 319 1 2 3 10 1 0 0
ST_DELIB 1022 46 1 2 3 10 1 0 0
ST_DELIB 1023 46 1 2 3 10 1 0 0
ST_DELIB 1024 50 1 2 3 10 1 0 0
ST_DELIB 1025 50 1 2 3 10 1 0 0
ST_DELIB 1026 50 1 2 3 10 1 0 0
ST_DELIB 1027 76 1 2 3 10 1 0 0
ST_DELIB 1028 56 1 2 3 10 1 0 0
ST_DELIB 1029 56 1 2 3 10 1 0 0
ST_DELIB 1030 2 1 2 3 10 1 0 0
ST_DELIB 1031 2 1 2 3 10 1 0 0
ST_DELIB 1032 2 1 2 3 10 1 0 0
ST_DELIB 1033 17 1 2 3 10 1 0 0
ST_DELIB 1034 62 1 2 3 10 1 0 0
ST_DELIB 1035 62 1 2 3 10 1 0 0
ST_DELIB 1036 20 1 2 3 10 1 0 0
ST_DELIB 1037 76 1 2 3 10 1 0 0
ST_DELIB 1038 76 1 2 3 10 1 0 0
ST_DELIB 1039 29 1 2 3 10 1 0 0
ST_DELIB 1040 315 1 2 3 10 1 0 0
ST_DELIB 1041 315 1 2 3 10 1 0 0
ST_DELIB 1042 36 1 2 3 10 1 0 0
ST_DELIB 1043 36 1 2 3 10 1 0 0
ST_DELIB 1044 319 1 2 3 10 1 0 0
ST_DELIB 1045 316 1 2 3 10 1 0 0
ST_DELIB 1046 316 1 2 3 10 1 0 0
ST_DELIB 1047 2 1 2 3 10 1 0 0
ST_DELIB 1048 2 1 2 3 10 1 0 0
ST_DELIB 1049 2 1 2 3 10 1 0 0
ST_DELIB 1050 62 1 2 3 10 1 0 0
ST_DELIB 1051 62 1 2 3 10 1 0 0
ST_DELIB 1052 62 1 2 3 10 1 0 0
ST_DELIB 1053 62 1 2 3 10 1 0 0
ST_DELIB 1054 76 1 2 3 10 1 0 0
ST_DELIB 1055 76 1 2 3 10 1 0 0
ST_DELIB 1056 76 1 2 3 10 1 0 0
ST_DELIB 1057 315 1 2 3 10 1 0 0
ST_DELIB 1058 315 1 2 3 10 1 0 0
ST_DELIB 1059 315 1 2 3 10 1 0 0
ST_DELIB 1060 319 1 2 3 10 1 0 0
ST_DELIB 1061 319 1 2 3 10 1 0 0
ST_DELIB 1062 319 1 2 3 10 1 0 0
ST_DELIB 1063 319 1 2 3 10 1 0 0
ST_DELIB 1064 2 1 2 3 75 3 0 0
ST_DELIB 1065 2 1 2 3 10 3 0 0
ST_DELIB 1066 2 1 2 3 10 3 0 0
ST_DELIB 1067 36 1 2 3 75 3 0 0
ST_DELIB 1068 36 1 2 3 10 3 0 0
ST_DELIB 1069 36 1 2 3 10 3 0 0
ST_DELIB 1070 316 1 2 3 75 3 0 0
ST_DELIB 1071 316 1 2 3 10 3 0 0
ST_DELIB 1072 316 1 2 3 10 3 0 0
ST_DELIB 1073 316 1 2 3 10 3 0 0
ST_DELIB 1074 316 1 2 3 75 3 0 0
ST_DELIB 1075 316 1 2 3 10 3 0 0
ST_DELIB 1076 316 1 2 3 10 3 0 0
ST_DELIB 1077 316 1 2 3 75 3 0 0
ST_DELIB 1078 316 1 2 3 10 3 0 0
ST_DELIB 1079 316 1 2 3 10 3 0 0
ST_DELIB 1080 316 1 2 3 75 3 0 0
ST_DELIB 1081 316 1 2 3 10 3 0 0
ST_DELIB 1082 316 1 2 3 10 3 0 0
ST_DELIB 1083 316 1 2 3 10 3 0 0
ST_DELIB 1084 2 1 2 3 75 3 0 0
ST_DELIB 1085 2 1 2 3 10 3 0 0
ST_DELIB 1086 2 1 2 3 10 3 0 0
ST_DELIB 1087 36 1 2 3 75 3 0 0
ST_DELIB 1088 36 1 2 3 10 3 0 0
ST_DELIB 1089 36 1 2 3 10 3 0 0
ST_DELIB 1090 2 1 2 3 75 3 0 0
ST_DELIB 1091 2 1 2 3 10 3 0 0
ST_DELIB 1092 2 1 2 3 10 3 0 0
ST_DELIB 1093 2 1 2 3 10 3 0 0
ST_DELIB 1094 2 1 2 3 75 3 0 0
ST_DELIB 1095 2 1 2 3 10 3 0 0
ST_DELIB 1096 2 1 2 3 10 3 0 0
ST_DELIB 1097 2 1 2 3 75 3 0 0
ST_DELIB 1098 2 1 2 3 10 3 0 0
ST_DELIB 1099 2 1 2 3 10 3 0 0
ST_DELIB 1100 2 1 2 3 75 3 0 0
ST_DELIB 1101 2 1 2 3 10 3 0 0
ST_DELIB 1102 2 1 2 3 10 3 0 0
ST_DELIB 1103 2 1 2 3 10 3 0 0
ST_DELIB 1104 2 1 2 3 75 3 0 0
ST_DELIB 1105 2 1 2 3 10 3 0 0
ST_DELIB 1106 2 1 2 3 10 3 0 0
ST_DELIB 1107 2 1 2 3 75 3 0 0
ST_DELIB 1108 2 1 2 3 10 3 0 0
ST_DELIB 1109 2 1 2 3 10 3 0 0
ST_DELIB 1110 2 1 2 3 75 3 0 0
ST_DELIB 1111 2 1 2 3 10 3 0 0
ST_DELIB 1112 2 1 2 3 10 3 0 0
ST_DELIB 1113 2 1 2 3 10 3 0 0
ST_DELIB 1114 2 1 2 3 75 3 0 0
ST_DELIB 1115 2 1 2 3 10 3 0 0
ST_DELIB 1116 2 1 2 3 10 3 0 0
ST_DELIB 1117 2 1 2 3 75 3 0 0
ST_DELIB 1118 2 1 2 3 10 3 0 0
ST_DELIB 1119 2 1 2 3 10 3 0 0
ST_DELIB 1120 2 1 2 3 75 3 0 0
ST_DELIB 1121 2 1 2 3 10 3 0 0
ST_DELIB 1122 2 1 2 3 10 3 0 0
ST_DELIB 1123 2 1 2 3 10 3 0 0
ST_DELIB 1124 2 1 2 3 75 3 0 0
ST_DELIB 1125 2 1 2 3 10 3 0 0
ST_DELIB 1126 2 1 2 3 10 3 0 0
ST_DELIB 1127 2 1 2 3 75 3 0 0
ST_DELIB 1128 2 1 2 3 10 3 0 0
ST_DELIB 1129 2 1 2 3 10 3 0 0
ST_DELIB 1130 2 1 2 3 75 3 0 0
ST_DELIB 1131 2 1 2 3 10 3 0 0
ST_DELIB 1132 2 1 2 3 10 3 0 0
ST_DELIB 1133 2 1 2 3 10 3 0 0
ST_DELIB 1134 2 1 2 3 75 3 0 0
ST_DELIB 1135 2 1 2 3 10 3 0 0
ST_DELIB 1136 2 1 2 3 10 3 0 0
ST_DELIB 1137 2 1 2 3 75 3 0 0
ST_DELIB 1138 2 1 2 3 10 3 0 0
ST_DELIB 1139 2 1 2 3 10 3 0 0
ST_DELIB 1140 2 1 2 3 75 3 0 0
ST_DELIB 1141 2 1 2 3 10 3 0 0
ST_DELIB 1142 2 1 2 3 10 3 0 0
ST_DELIB 1143 2 1 2 3 10 3 0 0
ST_DELIB 1144 2 1 2 3 75 3 0 0
ST_DELIB 1145 2 1 2 3 10 3 0 0
ST_DELIB 1146 2 1 2 3 10 3 0 0
ST_DELIB 1147 2 1 2 3 75 3 0 0
ST_DELIB 1148 2 1 2 3 10 3 0 0
ST_DELIB 1149 2 1 2 3 10 3 0 0
ST_DELIB 1150 2 1 2 3 75 3 0 0
ST_DELIB 1151 2 1 2 3 10 3 0 0
ST_DELIB 1152 2 1 2 3 10 3 0 0
ST_DELIB 1153 2 1 2 3 10 3 0 0
ST_DELIB 1154 2 1 2 3 75 3 0 0
ST_DELIB 1155 2 1 2 3 10 3 0 0
ST_DELIB 1156 2 1 2 3 10 3 0 0
ST_DELIB 1157 2 1 2 3 75 3 0 0
ST_DELIB 1158 2 1 2 3 10 3 0 0
ST_DELIB 1159 2 1 2 3 10 3 0 0
ST_DELIB 1160 2 1 2 3 75 3 0 0
ST_DELIB 1161 2 1 2 3 10 3 0 0
ST_DELIB 1162 2 1 2 3 10 3 0 0
ST_DELIB 1163 2 1 2 3 10 3 0 0
ST_DELIB 1164 2 1 2 3 75 3 0 0
ST_DELIB 1165 2 1 2 3 10 3 0 0
ST_DELIB 1166 2 1 2 3 10 3 0 0
ST_DELIB 1167 2 1 2 3 75 3 0 0
ST_DELIB 1168 2 1 2 3 10 3 0 0
ST_DELIB 1169 2 1 2 3 10 3 0 0
ST_DELIB 1170 2 1 2 3 75 3 0 0
ST_DELIB 1171 2 1 2 3 10 3 0 0
ST_DELIB 1172 2 1 2 3 10 3 0 0
ST_DELIB 1173 2 1 2 3 10 3 0 0
ST_DELIB 1174 2 1 2 3 75 3 0 0
ST_DELIB 1175 2 1 2 3 10 3 0 0
ST_DELIB 1176 2 1 2 3 10 3 0 0
ST_DELIB 1177 2 1 2 3 75 3 0 0
ST_DELIB 1178 2 1 2 3 10 3 0 0
ST_DELIB 1179 2 1 2 3 10 3 0 0
ST_DELIB 1180 2 1 2 3 75 3 0 0
ST_DELIB 1181 2 1 2 3 10 3 0 0
ST_DELIB 1182 2 1 2 3 10 3 0 0
ST_DELIB 1183 2 1 2 3 10 3 0 0
ST_DELIB 1184 2 1 2 3 75 3 0 0
ST_DELIB 1185 2 1 2 3 10 3 0 0
ST_DELIB 1186 2 1 2 3 10 3 0 0
ST_DELIB 1187 2 1 2 3 75 3 0 0
ST_DELIB 1188 2 1 2 3 10 3 0 0
ST_DELIB 1189 2 1 2 3 10 3 0 0
ST_DELIB 1190 2 1 2 3 75 3 0 0
ST_DELIB 1191 2 1 2 3 10 3 0 0
ST_DELIB 1192 2 1 2 3 10 3 0 0
ST_DELIB 1193 2 1 2 3 10 3 0 0
ST_DELIB 1194 2 1 2 3 75 3 0 0
ST_DELIB 1195 2 1 2 3 10 3 0 0
ST_DELIB 1196 2 1 2 3 10 3 0 0
ST_DELIB 1197 2 1 2 3 75 3 0 0
ST_DELIB 1198 2 1 2 3 10 3 0 0
ST_DELIB 1199 2 1 2 3 10 3 0 0
ST_DELIB 1200 2 1 2 3 75 3 0 0
ST_DELIB 1201 2 1 2 3 10 3 0 0
ST_DELIB 1202 2 1 2 3 10 3 0 0
ST_DELIB 1203 2 1 2 3 10 3 0 0
ST_DELIB 1204 2 1 2 3 75 3 0 0
ST_DELIB 1205 2 1 2 3 10 3 0 0
ST_DELIB 1206 2 1 2 3 10 3 0 0
ST_DELIB 1207 2 1 2 3 75 3 0 0
ST_DELIB 1208 2 1 2 3 10 3 0 0
ST_DELIB 1209 2 1 2 3 10 3 0 0
ST_DELIB 1210 2 1 2 3 75 3 0 0
ST_DELIB 1211 2 1 2 3 10 3 0 0
ST_DELIB 1212 2 1 2 3 10 3 0 0
ST_DELIB 1213 2 1 2 3 10 3 0 0
ST_DELIB 1214 2 1 2 3 75 3 0 0
ST_DELIB 1215 2 1 2 3 10 3 0 0
ST_DELIB 1216 2 1 2 3 10 3 0 0
ST_DELIB 1217 2 1 2 3 75 3 0 0
ST_DELIB 1218 2 1 2 3 10 3 0 0
ST_DELIB 1219 2 1 2 3 10 3 0 0
ST_DELIB 1220 2 1 2 3 75 3 0 0
ST_DELIB 1221 2 1 2 3 10 3 0 0
ST_DELIB 1222 2 1 2 3 10 3 0 0
ST_DELIB 1223 2 1 2 3 10 3 0 0
ST_DELIB 1224 2 1 2 3 75 3 0 0
ST_DELIB 1225 2 1 2 3 10 3 0 0
ST_DELIB 1226 2 1 2 3 10 3 0 0
ST_DELIB 1227 2 1 2 3 75 3 0 0
ST_DELIB 1228 2 1 2 3 10 3 0 0
ST_DELIB 1229 2 1 2 3 10 3 0 0
ST_DELIB 1230 2 1 2 3 75 3 0 0
ST_DELIB 1231 2 1 2 3 10 3 0 0
ST_DELIB 1232 2 1 2 3 10 3 0 0
ST_DELIB 1233 2 1 2 3 10 3 0 0
ST_DELIB 1234 2 1 2 3 75 3 0 0
ST_DELIB 1235 2 1 2 3 10 3 0 0
ST_DELIB 1236 2 1 2 3 10 3 0 0
ST_DELIB 1237 2 1 2 3 75 3 0 0
ST_DELIB 1238 2 1 2 3 10 3 0 0
ST_DELIB 1239 2 1 2 3 10 3 0 0
ST_DELIB 1240 2 1 2 3 75 3 0 0
ST_DELIB 1241 2 1 2 3 10 3 0 0
ST_DELIB 1242 2 1 2 3 10 3 0 0
ST_DELIB 1243 2 1 2 3 10 3 0 0
ST_DELIB 1244 2 1 2 3 75 3 0 0
ST_DELIB 1245 2 1 2 3 10 3 0 0
ST_DELIB 1246 2 1 2 3 10 3 0 0
ST_DELIB 1247 2 1 2 3 75 3 0 0
ST_DELIB 1248 2 1 2 3 10 3 0 0
ST_DELIB 1249 2 1 2 3 10 3 0 0
ST_TS 1250 320 1897 6 1302 2 930 0 317 375 0 0 0 2 2 50 2
ST_DELIB 1250 2 1 2 3 75 3 0 0
ST_DELIB 1251 2 1 2 3 10 3 0 0
ST_DELIB 1252 2 1 2 3 10 3 0 0
ST_DELIB 1253 2 1 2 3 10 3 0 0
ST_DELIB 1254 2 1 2 3 75 3 0 0
ST_DELIB 1255 2 1 2 3 10 3 0 0
ST_DELIB 1256 2 1 2 3 10 3 0 0
ST_DELIB 1257 2 1 2 3 75 3 0 0
ST_DELIB 1258 2 1 2 3 10 3 0 0
ST_DELIB 1259 2 1 2 3 10 3 0 0
ST_DELIB 1260 2 1 2 3 75 3 0 0
ST_DELIB 1261 2 1 2 3 10 3 0 0
ST_DELIB 1262 2 1 2 3 10 3 0 0
ST_DELIB 1263 2 1 2 3 10 3 0 0
ST_DELIB 1264 2 1 2 3 75 3 0 0
ST_DELIB 1265 2 1 2 3 10 3 0 0
ST_DELIB 1266 2 1 2 3 10 3 0 0
ST_DELIB 1267 2 1 2 3 75 3 0 0
ST_DELIB 1268 2 1 2 3 10 3 0 0
ST_DELIB 1269 2 1 2 3 10 3 0 0
ST_DELIB 1270 2 1 2 3 75 3 0 0
ST_DELIB 1271 2 1 2 3 10 3 0 0
ST_DELIB 1272 2 1 2 3 10 3 0 0
ST_DELIB 1273 2 1 2 3 10 3 0 0
ST_DELIB 1274 2 1 2 3 75 3 0 0
ST_DELIB 1275 2 1 2 3 10 3 0 0
ST_DELIB 1276 2 1 2 3 10 3 0 0
ST_DELIB 1277 2 1 2 3 75 3 0 0
ST_DELIB 1278 2 1 2 3 10 3 0 0
ST_DELIB 1279 2 1 2 3 10 3 0 0
ST_DELIB 1280 2 1 2 3 75 3 0 0
ST_DELIB 1281 2 1 2 3 10 3 0 0
ST_DELIB 1282 2 1 2 3 10 3 0 0
ST_DELIB 1283 2 1 2 3 10 3 0 0
ST_DELIB 1284 2 1 2 3 75 3 0 0
ST_DELIB 1285 2 1 2 3 10 3 0 0
ST_DELIB 1286 2 1 2 3 10 3 0 0
ST_DELIB 1287 2 1 2 3 75 3 0 0
ST_DELIB 1288 2 1 2 3 10 3 0 0
ST_DELIB 1289 2 1 2 3 10 3 0 0
ST_DELIB 1290 2 1 2 3 75 3 0 0
ST_DELIB 1291 2 1 2 3 10 3 0 0
ST_DELIB 1292 2 1 2 3 10 3 0 0
ST_DELIB 1293 2 1 2 3 10 3 0 0
ST_DELIB 1294 2 1 2 3 75 3 0 0
ST_DELIB 1295 2 1 2 3 10 3 0 0
ST_DELIB 1296 2 1 2 3 10 3 0 0
ST_DELIB 1297 2 1 2 3 75 3 0 0
ST_DELIB 1298 2 1 2 3 10 3 0 0
ST_DELIB 1299 2 1 2 3 10 3 0 0
ST_DELIB 1300 2 1 2 3 75 3 0 0
ST_DELIB 1301 2 1 2 3 10 3 0 0
ST_DELIB 1302 2 1 2 3 10 3 0 0
ST_DELIB 1303 2 1 2 3 10 3 0 0
ST_DELIB 1304 2 1 2 3 75 3 0 0
ST_DELIB 1305 2 1 2 3 10 3 0 0
ST_DELIB 1306 2 1 2 3 10 3 0 0
ST_DELIB 1307 2 1 2 3 75 3 0 0
ST_DELIB 1308 2 1 2 3 10 3 0 0
ST_DELIB 1309 2 1 2 3 10 3 0 0
ST_DELIB 1310 2 1 2 3 75 3 0 0
ST_DELIB 1311 2 1 2 3 10 3 0 0
ST_DELIB 1312 2 1 2 3 10 3 0 0
ST_DELIB 1313 2 1 2 3 10 3 0 0
ST_DELIB 1314 2 1 2 3 75 3 0 0
ST_DELIB 1315 2 1 2 3 10 3 0 0
ST_DELIB 1316 2 1 2 3 10 3 0 0
ST_DELIB 1317 2 1 2 3 75 3 0 0
ST_DELIB 1318 2 1 2 3 10 3 0 0
ST_DELIB 1319 2 1 2 3 10 3 0 0
ST_DELIB 1320 2 1 2 3 75 3 0 0
ST_DELIB 1321 2 1 2 3 10 3 0 0
ST_DELIB 1322 2 1 2 3 10 3 0 0
ST_DELIB 1323 2 1 2 3 10 3 0 0
ST_DELIB 1324 2 1 2 3 75 3 0 0
ST_DELIB 1325 2 1 2 3 10 3 0 0
ST_DELIB 1326 2 1 2 3 10 3 0 0
ST_DELIB 1327 2 1 2 3 75 3 0 0
ST_DELIB 1328 2 1 2 3 10 3 0 0
ST_DELIB 1329 2 1 2 3 10 3 0 0
ST_DELIB 1330 2 1 2 3 75 3 0 0
ST_DELIB 1331 2 1 2 3 10 3 0 0
ST_DELIB 1332 2 1 2 3 10 3 0 0
ST_DELIB 1333 2 1 2 3 10 3 0 0
ST_DELIB 1334 2 1 2 3 75 3 0 0
ST_DELIB 1335 2 1 2 3 10 3 0 0
ST_DELIB 1336 2 1 2 3 10 3 0 0
ST_DELIB 1337 2 1 2 3 75 3 0 0
ST_DELIB 1338 2 1 2 3 10 3 0 0
ST_DELIB 1339 2 1 2 3 10 3 0 0
ST_DELIB 1340 2 1 2 3 75 3 0 0
ST_DELIB 1341 2 1 2 3 10 3 0 0
ST_DELIB 1342 2 1 2 3 10 3 0 0
ST_DELIB 1343 2 1 2 3 10 3 0 0
ST_DELIB 1344 2 1 2 3 75 3 0 0
ST_DELIB 1345 2 1 2 3 10 3 0 0
ST_DELIB 1346 2 1 2 3 10 3 0 0
ST_DELIB 1347 2 1 2 3 75 3 0 0
ST_DELIB 1348 2 1 2 3 10 3 0 0
ST_DELIB 1349 2 1 2 3 10 3 0 0
ST_DELIB 1350 2 1 2 3 75 3 0 0
ST_DELIB 1351 2 1 2 3 10 3 0 0
ST_DELIB 1352 2 1 2 3 10 3 0 0
ST_DELIB 1353 2 1 2 3 10 3 0 0
ST_DELIB 1354 2 1 2 3 75 3 0 0
ST_DELIB 1355 2 1 2 3 10 3 0 0
ST_DELIB 1356 2 1 2 3 10 3 0 0
ST_DELIB 1357 2 1 2 3 75 3 0 0
ST_DELIB 1358 2 1 2 3 10 3 0 0
ST_DELIB 1359 2 1 2 3 10 3 0 0
ST_DELIB 1360 2 1 2 3 75 3 0 0
ST_DELIB 1361 2 1 2 3 10 3 0 0
ST_DELIB 1362 2 1 2 3 10 3 0 0
ST_DELIB 1363 2 1 2 3 10 3 0 0
ST_DELIB 1364 2 1 2 3 75 3 0 0
ST_DELIB 1365 2 1 2 3 10 3 0 0
ST_DELIB 1366 2 1 2 3 10 3 0 0
ST_DELIB 1367 2 1 2 3 75 3 0 0
ST_DELIB 1368 2 1 2 3 10 3 0 0
ST_DELIB 1369 2 1 2 3 10 3 0 0
ST_DELIB 1370 2 1 2 3 75 3 0 0
ST_DELIB 1371 2 1 2 3 10 3 0 0
ST_DELIB 1372 2 1 2 3 10 3 0 0
ST_DELIB 1373 2 1 2 3 10 3 0 0
ST_DELIB 1374 2 1 2 3 75 3 0 0
ST_DELIB 1375 2 1 2 3 10 3 0 0
ST_DELIB 1376 2 1 2 3 10 3 0 0
ST_DELIB 1377 2 1 2 3 75 3 0 0
ST_DELIB 1378 2 1 2 3 10 3 0 0
ST_DELIB 1379 2 1 2 3 10 3 0 0
ST_DELIB 1380 2 1 2 3 75 3 0 0
ST_DELIB 1381 2 1 2 3 10 3 0 0
ST_DELIB 1382 2 1 2 3 10 3 0 0
ST_DELIB 1383 2 1 2 3 10 3 0 0
ST_DELIB 1384 2 1 2 3 75 3 0 0
ST_DELIB 1385 2 1 2 3 10 3 0 0
ST_DELIB 1386 2 1 2 3 10 3 0 0
ST_DELIB 1387 2 1 2 3 75 3 0 0
ST_DELIB 1388 2 1 2 3 10 3 0 0
ST_DELIB 1389 2 1 2 3 10 3 0 0
ST_DELIB 1390 2 1 2 3 75 3 0 0
ST_DELIB 1391 2 1 2 3 10 3 0 0
ST_DELIB 1392 2 1 2 3 10 3 0 0
ST_DELIB 1393 2 1 2 3 10 3 0 0
ST_DELIB 1394 2 1 2 3 75 3 0 0
ST_DELIB 1395 2 1 2 3 10 3 0 0
ST_DELIB 1396 2 1 2 3 10 3 0 0
ST_DELIB 1397 2 1 2 3 75 3 0 0
ST_DELIB 1398 2 1 2 3 10 3 0 0
ST_DELIB 1399 2 1 2 3 10 3 0 0
ST_DELIB 1400 2 1 2 3 75 3 0 0
ST_DELIB 1401 2 1 2 3 10 3 0 0
ST_DELIB 1402 2 1 2 3 10 3 0 0
ST_DELIB 1403 2 1 2 3 10 3 0 0
ST_DELIB 1404 2 1 2 3 75 3 0 0
ST_DELIB 1405 2 1 2 3 10 3 0 0
ST_DELIB 1406 2 1 2 3 10 3 0 0
ST_DELIB 1407 2 1 2 3 75 3 0 0
ST_DELIB 1408 2 1 2 3 10 3 0 0
ST_DELIB 1409 2 1 2 3 10 3 0 0
ST_DELIB 1410 2 1 2 3 75 3 0 0
ST_DELIB 1411 2 1 2 3 10 3 0 0
ST_DELIB 1412 2 1 2 3 10 3 0 0
ST_DELIB 1413 2 1 2 3 10 3 0 0
ST_DELIB 1414 2 1 2 3 75 3 0 0
ST_DELIB 1415 2 1 2 3 10 3 0 0
ST_DELIB 1416 2 1 2 3 10 3 0 0
ST_DELIB 1417 2 1 2 3 75 3 0 0
ST_DELIB 1418 2 1 2 3 10 3 0 0
ST_DELIB 1419 2 1 2 3 10 3 0 0
ST_DELIB 1420 2 1 2 3 75 3 0 0
ST_DELIB 1421 2 1 2 3 10 3 0 0
ST_DELIB 1422 2 1 2 3 10 3 0 0
ST_DELIB 1423 2 1 2 3 10 3 0 0
ST_DELIB 1424 2 1 2 3 75 3 0 0
ST_DELIB 1425 2 1 2 3 10 3 0 0
ST_DELIB 1426 2 1 2 3 10 3 0 0
ST_DELIB 1427 2 1 2 3 75 3 0 0
ST_DELIB 1428 2 1 2 3 10 3 0 0
ST_DELIB 1429 2 1 2 3 10 3 0 0
ST_DELIB 1430 2 1 2 3 75 3 0 0
ST_DELIB 1431 2 1 2 3 10 3 0 0
ST_DELIB 1432 2 1 2 3 10 3 0 0
ST_DELIB 1433 2 1 2 3 10 3 0 0
ST_DELIB 1434 2 1 2 3 75 3 0 0
ST_DELIB 1435 2 1 2 3 10 3 0 0
ST_DELIB 1436 2 1 2 3 10 3 0 0
ST_DELIB 1437 2 1 2 3 75 3 0 0
ST_DELIB 1438 2 1 2 3 10 3 0 0
ST_DELIB 1439 2 1 2 3 10 3 0 0
ST_DELIB 1440 2 1 2 3 75 3 0 0
ST_DELIB 1441 2 1 2 3 10 3 0 0
ST_DELIB 1442 2 1 2 3 10 3 0 0
ST_DELIB 1443 2 1 2 3 10 3 0 0
ST_DELIB 1444 2 1 2 3 75 3 0 0
ST_DELIB 1445 2 1 2 3 10 3 0 0
ST_DELIB 1446 2 1 2 3 10 3 0 0
ST_DELIB 1447 2 1 2 3 75 3 0 0
ST_DELIB 1448 2 1 2 3 10 3 0 0
ST_DELIB 1449 2 1 2 3 10 3 0 0
ST_DELIB 1450 2 1 2 3 75 3 0 0
ST_DELIB 1451 2 1 2 3 10 3 0 0
ST_DELIB 1452 2 1 2 3 10 3 0 0
ST_DELIB 1453 2 1 2 3 10 3 0 0
ST_DELIB 1454 2 1 2 3 75 3 0 0
ST_DELIB 1455 2 1 2 3 10 3 0 0
ST_DELIB 1456 2 1 2 3 10 3 0 0
ST_DELIB 1457 2 1 2 3 75 3 0 0
ST_DELIB 1458 2 1 2 3 10 3 0 0
ST_DELIB 1459 2 1 2 3 10 3 0 0
ST_DELIB 1460 2 1 2 3 75 3 0 0
ST_DELIB 1461 2 1 2 3 10 3 0 0
ST_DELIB 1462 2 1 2 3 10 3 0 0
ST_DELIB 1463 2 1 2 3 10 3 0 0
ST_DELIB 1464 2 1 2 3 75 3 0 0
ST_DELIB 1465 2 1 2 3 10 3 0 0
ST_DELIB 1466 2 1 2 3 10 3 0 0
ST_DELIB 1467 2 1 2 3 75 3 0 0
ST_DELIB 1468 2 1 2 3 10 3 0 0
ST_DELIB 1469 2 1 2 3 10 3 0 0
ST_DELIB 1470 2 1 2 3 75 3 0 0
ST_DELIB 1471 2 1 2 3 10 3 0 0
ST_DELIB 1472 2 1 2 3 10 3 0 0
ST_DELIB 1473 2 1 2 3 10 3 0 0
ST_DELIB 1474 2 1 2 3 75 3 0 0
ST_DELIB 1475 2 1 2 3 10 3 0 0
ST_DELIB 1476 2 1 2 3 10 3 0 0
ST_DELIB 1477 2 1 2 3 75 3 0 0
ST_DELIB 1478 2 1 2 3 10 3 0 0
ST_DELIB 1479 2 1 2 3 10 3 0 0
ST_DELIB 1480 2 1 2 3 75 3 0 0
ST_DELIB 1481 2 1 2 3 10 3 0 0
ST_DELIB 1482 2 1 2 3 10 3 0 0
ST_DELIB 1483 2 1 2 3 10 3 0 0
ST_DELIB 1484 2 1 2 3 75 3 0 0
ST_DELIB 1485 2 1 2 3 10 3 0 0
ST_DELIB 1486 2 1 2 3 10 3 0 0
ST_DELIB 1487 2 1 2 3 75 3 0 0
ST_DELIB 1488 2 1 2 3 10 3 0 0
ST_DELIB 1489 2 1 2 3 10 3 0 0
ST_DELIB 1490 2 1 2 3 75 3 0 0
ST_DELIB 1491 2 1 2 3 10 3 0 0
ST_DELIB 1492 2 1 2 3 10 3 0 0
ST_DELIB 1493 2 1 2 3 10 3 0 0
ST_DELIB 1494 2 1 2 3 75 3 0 0
ST_DELIB 1495 2 1 2 3 10 3 0 0
ST_DELIB 1496 2 1 2 3 10 3 0 0
ST_DELIB 1497 2 1 2 3 75 3 0 0
ST_DELIB 1498 2 1 2 3 10 3 0 0
ST_DELIB 1499 2 1 2 3 10 3 0 0
ST_TS 1500 320 2147 6 2052 2 1180 0 317 450 0 0 0 2 2 50 2
ST_DELIB 1500 2 1 2 3 75 3 0 0
ST_DELIB 1501 2 1 2 3 10 3 0 0
ST_DELIB 1502 2 1 2 3 10 3 0 0
ST_DELIB 1503 2 1 2 3 10 3 0 0
ST_DELIB 1504 2 1 2 3 75 3 0 0
ST_DELIB 1505 2 1 2 3 10 3 0 0
ST_DELIB 1506 2 1 2 3 10 3 0 0
ST_DELIB 1507 2 1 2 3 75 3 0 0
ST_DELIB 1508 2 1 2 3 10 3 0 0
ST_DELIB 1509 2 1 2 3 10 3 0 0
ST_DELIB 1510 2 1 2 3 75 3 0 0
ST_DELIB 1511 2 1 2 3 10 3 0 0
ST_DELIB 1512 2 1 2 3 10 3 0 0
ST_DELIB 1513 2 1 2 3 10 3 0 0
ST_DELIB 1514 2 1 2 3 75 3 0 0
ST_DELIB 1515 2 1 2 3 10 3 0 0
ST_DELIB 1516 2 1 2 3 10 3 0 0
ST_DELIB 1517 2 1 2 3 75 3 0 0
ST_DELIB 1518 2 1 2 3 10 3 0 0
ST_DELIB 1519 2 1 2 3 10 3 0 0
ST_DELIB 1520 2 1 2 3 75 3 0 0
ST_DELIB 1521 2 1 2 3 10 3 0 0
ST_DELIB 1522 2 1 2 3 10 3 0 0
ST_DELIB 1523 2 1 2 3 10 3 0 0
ST_DELIB 1524 2 1 2 3 75 3 0 0
ST_DELIB 1525 2 1 2 3 10 3 0 0
ST_DELIB 1526 2 1 2 3 10 3 0 0
ST_DELIB 1527 2 1 2 3 75 3 0 0
ST_DELIB 1528 2 1 2 3 10 3 0 0
ST_DELIB 1529 2 1 2 3 10 3 0 0
ST_DELIB 1530 2 1 2 3 75 3 0 0
ST_DELIB 1531 2 1 2 3 10 3 0 0
ST_DELIB 1532 2 1 2 3 10 3 0 0
ST_DELIB 1533 2 1 2 3 10 3 0 0
ST_DELIB 1534 2 1 2 3 75 3 0 0
ST_DELIB 1535 2 1 2 3 10 3 0 0
ST_DELIB 1536 2 1 2 3 10 3 0 0
ST_DELIB 1537 2 1 2 3 75 3 0 0
ST_DELIB 1538 2 1 2 3 10 3 0 0
ST_DELIB 1539 2 1 2 3 10 3 0 0
ST_DELIB 1540 2 1 2 3 75 3 0 0
ST_DELIB 1541 2 1 2 3 10 3 0 0
ST_DELIB 1542 2 1 2 3 10 3 0 0
ST_DELIB 1543 2 1 2 3 10 3 0 0
ST_DELIB 1544 2 1 2 3 75 3 0 0
ST_DELIB 1545 2 1 2 3 10 3 0 0
ST_DELIB 1546 2 1 2 3 10 3 0 0
ST_DELIB 1547 2 1 2 3 75 3 0 0
ST_DELIB 1548 2 1 2 3 10 3 0 0
ST_DELIB 1549 2 1 2 3 10 3 0 0
ST_DELIB 1550 2 1 2 3 75 3 0 0
ST_DELIB 1551 2 1 2 3 10 3 0 0
ST_DELIB 1552 2 1 2 3 10 3 0 0
ST_DELIB 1553 2 1 2 3 10 3 0 0
ST_DELIB 1554 2 1 2 3 75 3 0 0
ST_DELIB 1555 2 1 2 3 10 3 0 0
ST_DELIB 1556 2 1 2 3 10 3 0 0
ST_DELIB 1557 2 1 2 3 75 3 0 0
ST_DELIB 1558 2 1 2 3 10 3 0 0
ST_DELIB 1559 2 1 2 3 10 3 0 0
ST_DELIB 1560 2 1 2 3 75 3 0 0
ST_DELIB 1561 2 1 2 3 10 3 0 0
ST_DELIB 1562 2 1 2 3 10 3 0 0
ST_DELIB 1563 2 1 2 3 10 3 0 0
ST_DELIB 1564 2 1 2 3 75 3 0 0
ST_DELIB 1565 2 1 2 3 10 3 0 0
ST_DELIB 1566 2 1 2 3 10 3 0 0
ST_DELIB 1567 2 1 2 3 75 3 0 0
ST_DELIB 1568 2 1 2 3 10 3 0 0
ST_DELIB 1569 2 1 2 3 10 3 0 0
ST_DELIB 1570 2 1 2 3 75 3 0 0
ST_DELIB 1571 2 1 2 3 10 3 0 0
ST_DELIB 1572 2 1 2 3 10 3 0 0
ST_DELIB 1573 2 1 2 3 10 3 0 0
ST_DELIB 1574 2 1 2 3 75 3 0 0
ST_DELIB 1575 2 1 2 3 10 3 0 0
ST_DELIB 1576 2 1 2 3 10 3 0 0
ST_DELIB 1577 2 1 2 3 75 3 0 0
ST_DELIB 1578 2 1 2 3 10 3 0 0
ST_DELIB 1579 2 1 2 3 10 3 0 0
ST_DELIB 1580 2 1 2 3 75 3 0 0
ST_DELIB 1581 2 1 2 3 10 3 0 0
ST_DELIB 1582 2 1 2 3 10 3 0 0
ST_DELIB 1583 2 1 2 3 10 3 0 0
ST_DELIB 1584 2 1 2 3 75 3 0 0
ST_DELIB 1585 2 1 2 3 10 3 0 0
ST_DELIB 1586 2 1 2 3 10 3 0 0
ST_DELIB 1587 2 1 2 3 75 3 0 0
ST_DELIB 1588 2 1 2 3 10 3 0 0
ST_DELIB 1589 2 1 2 3 10 3 0 0
ST_DELIB 1590 2 1 2 3 75 3 0 0
ST_DELIB 1591 2 1 2 3 10 3 0 0
ST_DELIB 1592 2 1 2 3 10 3 0 0
ST_DELIB 1593 2 1 2 3 10 3 0 0
ST_DELIB 1594 2 1 2 3 75 3 0 0
ST_DELIB 1595 2 1 2 3 10 3 0 0
ST_DELIB 1596 2 1 2 3 10 3 0 0
ST_DELIB 1597 2 1 2 3 75 3 0 0
ST_DELIB 1598 2 1 2 3 10 3 0 0
ST_DELIB 1599 2 1 2 3 10 3 0 0
ST_DELIB 1600 2 1 2 3 75 3 0 0
ST_DELIB 1601 2 1 2 3 10 3 0 0
ST_DELIB 1602 2 1 2 3 10 3 0 0
ST_DELIB 1603 2 1 2 3 10 3 0 0
ST_DELIB 1604 2 1 2 3 75 3 0 0
ST_DELIB 1605 2 1 2 3 10 3 0 0
ST_DELIB 1606 2 1 2 3 10 3 0 0
ST_DELIB 1607 2 1 2 3 75 3 0 0
ST_DELIB 1608 2 1 2 3 10 3 0 0
ST_DELIB 1609 2 1 2 3 10 3 0 0
ST_DELIB 1610 2 1 2 3 75 3 0 0
ST_DELIB 1611 2 1 2 3 10 3 0 0
ST_DELIB 1612 2 1 2 3 10 3 0 0
ST_DELIB 1613 2 1 2 3 10 3 0 0
ST_DELIB 1614 2 1 2 3 75 3 0 0
ST_DELIB 1615 2 1 2 3 10 3 0 0
ST_DELIB 1616 2 1 2 3 10 3 0 0
ST_DELIB 1617 2 1 2 3 75 3 0 0
ST_DELIB 1618 2 1 2 3 10 3 0 0
ST_DELIB 1619 2 1 2 3 10 3 0 0
ST_DELIB 1620 2 1 2 3 75 3 0 0
ST_DELIB 1621 2 1 2 3 10 3 0 0
ST_DELIB 1622 2 1 2 3 10 3 0 0
ST_DELIB 1623 2 1 2 3 10 3 0 0
ST_DELIB 1624 2 1 2 3 75 3 0 0
ST_DELIB 1625 2 1 2 3 10 3 0 0
ST_DELIB 1626 2 1 2 3 10 3 0 0
ST_DELIB 1627 2 1 2 3 75 3 0 0
ST_DELIB 1628 2 1 2 3 10 3 0 0
ST_DELIB 1629 2 1 2 3 10 3 0 0
ST_DELIB 1630 2 1 2 3 75 3 0 0
ST_DELIB 1631 2 1 2 3 10 3 0 0
ST_DELIB 1632 2 1 2 3 10 3 0 0
ST_DELIB 1633 2 1 2 3 10 3 0 0
ST_DELIB 1634 2 1 2 3 75 3 0 0
ST_DELIB 1635 2 1 2 3 10 3 0 0
ST_DELIB 1636 2 1 2 3 10 3 0 0
ST_DELIB 1637 2 1 2 3 75 3 0 0
ST_DELIB 1638 2 1 2 3 10 3 0 0
ST_DELIB 1639 2 1 2 3 10 3 0 0
ST_DELIB 1640 2 1 2 3 75 3 0 0
ST_DELIB 1641 2 1 2 3 10 3 0 0
ST_DELIB 1642 2 1 2 3 10 3 0 0
ST_DELIB 1643 2 1 2 3 10 3 0 0
ST_DELIB 1644 2 1 2 3 75 3 0 0
ST_DELIB 1645 2 1 2 3 10 3 0 0
ST_DELIB 1646 2 1 2 3 10 3 0 0
ST_DELIB 1647 2 1 2 3 75 3 0 0
ST_DELIB 1648 2 1 2 3 10 3 0 0
ST_DELIB 1649 2 1 2 3 10 3 0 0
ST_DELIB 1650 2 1 2 3 75 3 0 0
ST_DELIB 1651 2 1 2 3 10 3 0 0
ST_DELIB 1652 2 1 2 3 10 3 0 0
ST_DELIB 1653 2 1 2 3 10 3 0 0
ST_DELIB 1654 2 1 2 3 75 3 0 0
ST_DELIB 1655 2 1 2 3 10 3 0 0
ST_DELIB 1656 2 1 2 3 10 3 0 0
ST_DELIB 1657 2 1 2 3 75 3 0 0
ST_DELIB 1658 2 1 2 3 10 3 0 0
ST_DELIB 1659 2 1 2 3 10 3 0 0
ST_DELIB 1660 2 1 2 3 75 3 0 0
ST_DELIB 1661 2 1 2 3 10 3 0 0
ST_DELIB 1662 2 1 2 3 10 3 0 0
ST_DELIB 1663 2 1 2 3 10 3 0 0
ST_DELIB 1664 2 1 2 3 75 3 0 0
ST_DELIB 1665 2 1 2 3 10 3 0 0
ST_DELIB 1666 2 1 2 3 10 3 0 0
ST_DELIB 1667 2 1 2 3 75 3 0 0
ST_DELIB 1668 2 1 2 3 10 3 0 0
ST_DELIB 1669 2 1 2 3 10 3 0 0
ST_DELIB 1670 2 1 2 3 75 3 0 0
ST_DELIB 1671 2 1 2 3 10 3 0 0
ST_DELIB 1672 2 1 2 3 10 3 0 0
ST_DELIB 1673 2 1 2 3 10 3 0 0
ST_DELIB 1674 2 1 2 3 75 3 0 0
ST_DELIB 1675 2 1 2 3 10 3 0 0
ST_DELIB 1676 2 1 2 3 10 3 0 0
ST_DELIB 1677 2 1 2 3 75 3 0 0
ST_DELIB 1678 2 1 2 3 10 3 0 0
ST_DELIB 1679 2 1 2 3 10 3 0 0
ST_DELIB 1680 2 1 2 3 75 3 0 0
ST_DELIB 1681 2 1 2 3 10 3 0 0
ST_DELIB 1682 2 1 2 3 10 3 0 0
ST_DELIB 1683 2 1 2 3 10 3 0 0
ST_DELIB 1684 2 1 2 3 75 3 0 0
ST_DELIB 1685 2 1 2 3 10 3 0 0
ST_DELIB 1686 2 1 2 3 10 3 0 0
ST_DELIB 1687 2 1 2 3 75 3 0 0
ST_DELIB 1688 2 1 2 3 10 3 0 0
ST_DELIB 1689 2 1 2 3 10 3 0 0
ST_DELIB 1690 2 1 2 3 75 3 0 0
ST_DELIB 1691 2 1 2 3 10 3 0 0
ST_DELIB 1692 2 1 2 3 10 3 0 0
ST_DELIB 1693 2 1 2 3 10 3 0 0
ST_DELIB 1694 2 1 2 3 75 3 0 0
ST_DELIB 1695 2 1 2 3 10 3 0 0
ST_DELIB 1696 2 1 2 3 10 3 0 0
ST_DELIB 1697 2 1 2 3 75 3 0 0
ST_DELIB 1698 2 1 2 3 10 3 0 0
ST_DELIB 1699 2 1 2 3 10 3 0 0
ST_DELIB 1700 2 1 2 3 75 3 0 0
ST_DELIB 1701 2 1 2 3 10 3 0 0
ST_DELIB 1702 2 1 2 3 10 3 0 0
ST_DELIB 1703 2 1 2 3 10 3 0 0
ST_DELIB 1704 2 1 2 3 75 3 0 0
ST_DELIB 1705 2 1 2 3 10 3 0 0
ST_DELIB 1706 2 1 2 3 10 3 0 0
ST_DELIB 1707 2 1 2 3 75 3 0 0
ST_DELIB 1708 2 1 2 3 10 3 0 0
ST_DELIB 1709 2 1 2 3 10 3 0 0
ST_DELIB 1710 2 1 2 3 75 3 0 0
ST_DELIB 1711 2 1 2 3 10 3 0 0
ST_DELIB 1712 2 1 2 3 10 3 0 0
ST_DELIB 1713 2 1 2 3 10 3 0 0
ST_DELIB 1714 2 1 2 3 75 3 0 0
ST_DELIB 1715 2 1 2 3 10 3 0 0
ST_DELIB 1716 2 1 2 3 10 3 0 0
ST_DELIB 1717 2 1 2 3 75 3 0 0
ST_DELIB 1718 2 1 2 3 10 3 0 0
ST_DELIB 1719 2 1 2 3 10 3 0 0
ST_DELIB 1720 2 1 2 3 75 3 0 0
ST_DELIB 1721 2 1 2 3 10 3 0 0
ST_DELIB 1722 2 1 2 3 10 3 0 0
ST_DELIB 1723 2 1 2 3 10 3 0 0
ST_DELIB 1724 2 1 2 3 75 3 0 0
ST_DELIB 1725 2 1 2 3 10 3 0 0
ST_DELIB 1726 2 1 2 3 10 3 0 0
ST_DELIB 1727 2 1 2 3 75 3 0 0
ST_DELIB 1728 2 1 2 3 10 3 0 0
ST_DELIB 1729 2 1 2 3 10 3 0 0
ST_DELIB 1730 2 1 2 3 75 3 0 0
ST_DELIB 1731 2 1 2 3 10 3 0 0
ST_DELIB 1732 2 1 2 3 10 3 0 0
ST_DELIB 1733 2 1 2 3 10 3 0 0
ST_DELIB 1734 2 1 2 3 75 3 0 0
ST_DELIB 1735 2 1 2 3 10 3 0 0
ST_DELIB 1736 2 1 2 3 10 3 0 0
ST_DELIB 1737 2 1 2 3 75 3 0 0
ST_DELIB 1738 2 1 2 3 10 3 0 0
ST_DELIB 1739 2 1 2 3 10 3 0 0
ST_DELIB 1740 2 1 2 3 75 3 0 0
ST_DELIB 1741 2 1 2 3 10 3 0 0
ST_DELIB 1742 2 1 2 3 10 3 0 0
ST_DELIB 1743 2 1 2 3 10 3 0 0
ST_DELIB 1744 2 1 2 3 75 3 0 0
ST_DELIB 1745 2 1 2 3 10 3 0 0
ST_DELIB 1746 2 1 2 3 10 3 0 0
ST_DELIB 1747 2 1 2 3 75 3 0 0
ST_DELIB 1748 2 1 2 3 10 3 0 0
ST_DELIB 1749 2 1 2 3 10 3 0 0
ST_TS 1750 320 2397 6 2802 2 1430 0 317 525 0 0 0 3 2 50 2
ST_DELIB 1750 2 1 2 3 75 3 0 0
ST_DELIB 1751 2 1 2 3 10 3 0 0
ST_DELIB 1752 2 1 2 3 10 3 0 0
ST_DELIB 1753 2 1 2 3 10 3 0 0
ST_DELIB 1754 2 1 2 3 75 3 0 0
ST_DELIB 1755 2 1 2 3 10 3 0 0
ST_DELIB 1756 2 1 2 3 10 3 0 0
ST_DELIB 1757 2 1 2 3 75 3 0 0
ST_DELIB 1758 2 1 2 3 10 3 0 0
ST_DELIB 1759 2 1 2 3 10 3 0 0
ST_DELIB 1760 2 1 2 3 75 3 0 0
ST_DELIB 1761 2 1 2 3 10 3 0 0
ST_DELIB 1762 2 1 2 3 10 3 0 0
ST_DELIB 1763 2 1 2 3 10 3 0 0
ST_DELIB 1764 2 1 2 3 75 3 0 0
ST_DELIB 1765 2 1 2 3 10 3 0 0
ST_DELIB 1766 2 1 2 3 10 3 0 0
ST_DELIB 1767 2 1 2 3 75 3 0 0
ST_DELIB 1768 2 1 2 3 10 3 0 0
ST_DELIB 1769 2 1 2 3 10 3 0 0
ST_DELIB 1770 2 1 2 3 75 3 0 0
ST_DELIB 1771 2 1 2 3 10 3 0 0
ST_DELIB 1772 2 1 2 3 10 3 0 0
ST_DELIB 1773 2 1 2 3 10 3 0 0
ST_DELIB 1774 2 1 2 3 75 3 0 0
ST_DELIB 1775 2 1 2 3 10 3 0 0
ST_DELIB 1776 2 1 2 3 10 3 0 0
ST_DELIB 1777 2 1 2 3 75 3 0 0
ST_DELIB 1778 2 1 2 3 10 3 0 0
ST_DELIB 1779 2 1 2 3 10 3 0 0
ST_DELIB 1780 2 1 2 3 75 3 0 0
ST_DELIB 1781 2 1 2 3 10 3 0 0
ST_DELIB 1782 2 1 2 3 10 3 0 0
ST_DELIB 1783 2 1 2 3 10 3 0 0
ST_DELIB 1784 2 1 2 3 75 3 0 0
ST_DELIB 1785 2 1 2 3 10 3 0 0
ST_DELIB 1786 2 1 2 3 10 3 0 0
ST_DELIB 1787 2 1 2 3 75 3 0 0
ST_DELIB 1788 2 1 2 3 10 3 0 0
ST_DELIB 1789 2 1 2 3 10 3 0 0
ST_DELIB 1790 2 1 2 3 75 3 0 0
ST_DELIB 1791 2 1 2 3 10 3 0 0
ST_DELIB 1792 2 1 2 3 10 3 0 0
ST_DELIB 1793 2 1 2 3 10 3 0 0
ST_DELIB 1794 2 1 2 3 75 3 0 0
ST_DELIB 1795 2 1 2 3 10 3 0 0
ST_DELIB 1796 2 1 2 3 10 3 0 0
ST_DELIB 1797 2 1 2 3 75 3 0 0
ST_DELIB 1798 2 1 2 3 10 3 0 0
ST_DELIB 1799 2 1 2 3 10 3 0 0
ST_DELIB 1800 2 1 2 3 75 3 0 0
ST_DELIB 1801 2 1 2 3 10 3 0 0
ST_DELIB 1802 2 1 2 3 10 3 0 0
ST_DELIB 1803 2 1 2 3 10 3 0 0
ST_DELIB 1804 2 1 2 3 75 3 0 0
ST_DELIB 1805 2 1 2 3 10 3 0 0
ST_DELIB 1806 2 1 2 3 10 3 0 0
ST_DELIB 1807 2 1 2 3 75 3 0 0
ST_DELIB 1808 2 1 2 3 10 3 0 0
ST_DELIB 1809 2 1 2 3 10 3 0 0
ST_DELIB 1810 2 1 2 3 75 3 0 0
ST_DELIB 1811 2 1 2 3 10 3 0 0
ST_DELIB 1812 2 1 2 3 10 3 0 0
ST_DELIB 1813 2 1 2 3 10 3 0 0
ST_DELIB 1814 2 1 2 3 75 3 0 0
ST_DELIB 1815 2 1 2 3 10 3 0 0
ST_DELIB 1816 2 1 2 3 10 3 0 0
ST_DELIB 1817 2 1 2 3 75 3 0 0
ST_DELIB 1818 2 1 2 3 10 3 0 0
ST_DELIB 1819 2 1 2 3 10 3 0 0
ST_DELIB 1820 2 1 2 3 75 3 0 0
ST_DELIB 1821 2 1 2 3 10 3 0 0
ST_DELIB 1822 2 1 2 3 10 3 0 0
ST_DELIB 1823 2 1 2 3 10 3 0 0
ST_DELIB 1824 2 1 2 3 75 3 0 0
ST_DELIB 1825 2 1 2 3 10 3 0 0
ST_DELIB 1826 2 1 2 3 10 3 0 0
ST_DELIB 1827 2 1 2 3 75 3 0 0
ST_DELIB 1828 2 1 2 3 10 3 0 0
ST_DELIB 1829 2 1 2 3 10 3 0 0
ST_DELIB 1830 2 1 2 3 75 3 0 0
ST_DELIB 1831 2 1 2 3 10 3 0 0
ST_DELIB 1832 2 1 2 3 10 3 0 0
ST_DELIB 1833 2 1 2 3 10 3 0 0
ST_DELIB 1834 2 1 2 3 75 3 0 0
ST_DELIB 1835 2 1 2 3 10 3 0 0
ST_DELIB 1836 2 1 2 3 10 3 0 0
ST_DELIB 1837 2 1 2 3 75 3 0 0
ST_DELIB 1838 2 1 2 3 10 3 0 0
ST_DELIB 1839 2 1 2 3 10 3 0 0
ST_DELIB 1840 2 1 2 3 75 3 0 0
ST_DELIB 1841 2 1 2 3 10 3 0 0
ST_DELIB 1842 2 1 2 3 10 3 0 0
ST_DELIB 1843 2 1 2 3 10 3 0 0
ST_DELIB 1844 2 1 2 3 75 3 0 0
ST_DELIB 1845 2 1 2 3 10 3 0 0
ST_DELIB 1846 2 1 2 3 10 3 0 0
ST_DELIB 1847 2 1 2 3 75 3 0 0
ST_DELIB 1848 2 1 2 3 10 3 0 0
ST_DELIB 1849 2 1 2 3 10 3 0 0
ST_DELIB 1850 2 1 2 3 75 3 0 0
ST_DELIB 1851 2 1 2 3 10 3 0 0
ST_DELIB 1852 2 1 2 3 10 3 0 0
ST_DELIB 1853 2 1 2 3 10 3 0 0
ST_DELIB 1854 2 1 2 3 75 3 0 0
ST_DELIB 1855 2 1 2 3 10 3 0 0
ST_DELIB 1856 2 1 2 3 10 3 0 0
ST_DELIB 1857 2 1 2 3 75 3 0 0
ST_DELIB 1858 2 1 2 3 10 3 0 0
ST_DELIB 1859 2 1 2 3 10 3 0 0
ST_DELIB 1860 2 1 2 3 75 3 0 0
ST_DELIB 1861 2 1 2 3 10 3 0 0
ST_DELIB 1862 2 1 2 3 10 3 0 0
ST_DELIB 1863 2 1 2 3 10 3 0 0
ST_DELIB 1864 2 1 2 3 75 3 0 0
ST_DELIB 1865 2 1 2 3 10 3 0 0
ST_DELIB 1866 2 1 2 3 10 3 0 0
ST_DELIB 1867 2 1 2 3 75 3 0 0
ST_DELIB 1868 2 1 2 3 10 3 0 0
ST_DELIB 1869 2 1 2 3 10 3 0 0
ST_DELIB 1870 2 1 2 3 75 3 0 0
ST_DELIB 1871 2 1 2 3 10 3 0 0
ST_DELIB 1872 2 1 2 3 10 3 0 0
ST_DELIB 1873 2 1 2 3 10 3 0 0
ST_DELIB 1874 2 1 2 3 75 3 0 0
ST_DELIB 1875 2 1 2 3 10 3 0 0
ST_DELIB 1876 2 1 2 3 10 3 0 0
ST_DELIB 1877 2 1 2 3 75 3 0 0
ST_DELIB 1878 2 1 2 3 10 3 0 0
ST_DELIB 1879 2 1 2 3 10 3 0 0
ST_DELIB 1880 2 1 2 3 75 3 0 0
ST_DELIB 1881 2 1 2 3 10 3 0 0
ST_DELIB 1882 2 1 2 3 10 3 0 0
ST_DELIB 1883 2 1 2 3 10 3 0 0
ST_DELIB 1884 2 1 2 3 75 3 0 0
ST_DELIB 1885 2 1 2 3 10 3 0 0
ST_DELIB 1886 2 1 2 3 10 3 0 0
ST_DELIB 1887 2 1 2 3 75 3 0 0
ST_DELIB 1888 2 1 2 3 10 3 0 0
ST_DELIB 1889 2 1 2 3 10 3 0 0
ST_DELIB 1890 2 1 2 3 75 3 0 0
ST_DELIB 1891 2 1 2 3 10 3 0 0
ST_DELIB 1892 2 1 2 3 10 3 0 0
ST_DELIB 1893 2 1 2 3 10 3 0 0
ST_DELIB 1894 2 1 2 3 75 3 0 0
ST_DELIB 1895 2 1 2 3 10 3 0 0
ST_DELIB 1896 2 1 2 3 10 3 0 0
ST_DELIB 1897 2 1 2 3 75 3 0 0
ST_DELIB 1898 2 1 2 3 10 3 0 0
ST_DELIB 1899 2 1 2 3 10 3 0 0
ST_DELIB 1900 2 1 2 3 75 3 0 0
ST_DELIB 1901 2 1 2 3 10 3 0 0
ST_DELIB 1902 2 1 2 3 10 3 0 0
ST_DELIB 1903 2 1 2 3 10 3 0 0
ST_DELIB 1904 2 1 2 3 75 3 0 0
ST_DELIB 1905 2 1 2 3 10 3 0 0
ST_DELIB 1906 2 1 2 3 10 3 0 0
ST_DELIB 1907 2 1 2 3 75 3 0 0
ST_DELIB 1908 2 1 2 3 10 3 0 0
ST_DELIB 1909 2 1 2 3 10 3 0 0
ST_DELIB 1910 2 1 2 3 75 3 0 0
ST_DELIB 1911 2 1 2 3 10 3 0 0
ST_DELIB 1912 2 1 2 3 10 3 0 0
ST_DELIB 1913 2 1 2 3 10 3 0 0
ST_DELIB 1914 2 1 2 3 75 3 0 0
ST_DELIB 1915 2 1 2 3 10 3 0 0
ST_DELIB 1916 2 1 2 3 10 3 0 0
ST_DELIB 1917 2 1 2 3 75 3 0 0
ST_DELIB 1918 2 1 2 3 10 3 0 0
ST_DELIB 1919 2 1 2 3 10 3 0 0
ST_DELIB 1920 2 1 2 3 75 3 0 0
ST_DELIB 1921 2 1 2 3 10 3 0 0
ST_DELIB 1922 2 1 2 3 10 3 0 0
ST_DELIB 1923 2 1 2 3 10 3 0 0
ST_DELIB 1924 2 1 2 3 75 3 0 0
ST_DELIB 1925 2 1 2 3 10 3 0 0
ST_DELIB 1926 2 1 2 3 10 3 0 0
ST_DELIB 1927 2 1 2 3 75 3 0 0
ST_DELIB 1928 2 1 2 3 10 3 0 0
ST_DELIB 1929 2 1 2 3 10 3 0 0
ST_DELIB 1930 2 1 2 3 75 3 0 0
ST_DELIB 1931 2 1 2 3 10 3 0 0
ST_DELIB 1932 2 1 2 3 10 3 0 0
ST_DELIB 1933 2 1 2 3 10 3 0 0
ST_DELIB 1934 2 1 2 3 75 3 0 0
ST_DELIB 1935 2 1 2 3 10 3 0 0
ST_DELIB 1936 2 1 2 3 10 3 0 0
ST_DELIB 1937 2 1 2 3 75 3 0 0
ST_DELIB 1938 2 1 2 3 10 3 0 0
ST_DELIB 1939 2 1 2 3 10 3 0 0
ST_DELIB 1940 2 1 2 3 75 3 0 0
ST_DELIB 1941 2 1 2 3 10 3 0 0
ST_DELIB 1942 2 1 2 3 10 3 0 0
ST_DELIB 1943 2 1 2 3 10 3 0 0
ST_DELIB 1944 2 1 2 3 75 3 0 0
ST_DELIB 1945 2 1 2 3 10 3 0 0
ST_DELIB 1946 2 1 2 3 10 3 0 0
ST_DELIB 1947 2 1 2 3 75 3 0 0
ST_DELIB 1948 2 1 2 3 10 3 0 0
ST_DELIB 1949 2 1 2 3 10 3 0 0
ST_DELIB 1950 2 1 2 3 75 3 0 0
ST_DELIB 1951 2 1 2 3 10 3 0 0
ST_DELIB 1952 2 1 2 3 10 3 0 0
ST_DELIB 1953 2 1 2 3 10 3 0 0
ST_DELIB 1954 2 1 2 3 75 3 0 0
ST_DELIB 1955 2 1 2 3 10 3 0 0
ST_DELIB 1956 2 1 2 3 10 3 0 0
ST_DELIB 1957 2 1 2 3 75 3 0 0
ST_DELIB 1958 2 1 2 3 10 3 0 0
ST_DELIB 1959 2 1 2 3 10 3 0 0
ST_DELIB 1960 2 1 2 3 75 3 0 0
ST_DELIB 1961 2 1 2 3 10 3 0 0
ST_DELIB 1962 2 1 2 3 10 3 0 0
ST_DELIB 1963 2 1 2 3 10 3 0 0
ST_DELIB 1964 2 1 2 3 75 3 0 0
ST_DELIB 1965 2 1 2 3 10 3 0 0
ST_DELIB 1966 2 1 2 3 10 3 0 0
ST_DELIB 1967 2 1 2 3 75 3 0 0
ST_DELIB 1968 2 1 2 3 10 3 0 0
ST_DELIB 1969 2 1 2 3 10 3 0 0
ST_DELIB 1970 2 1 2 3 75 3 0 0
ST_DELIB 1971 2 1 2 3 10 3 0 0
ST_DELIB 1972 2 1 2 3 10 3 0 0
ST_DELIB 1973 2 1 2 3 10 3 0 0
ST_DELIB 1974 2 1 2 3 75 3 0 0
ST_DELIB 1975 2 1 2 3 10 3 0 0
ST_DELIB 1976 2 1 2 3 10 3 0 0
ST_DELIB 1977 2 1 2 3 75 3 0 0
ST_DELIB 1978 2 1 2 3 10 3 0 0
ST_DELIB 1979 2 1 2 3 10 3 0 0
ST_DELIB 1980 2 1 2 3 75 3 0 0
ST_DELIB 1981 2 1 2 3 10 3 0 0
ST_DELIB 1982 2 1 2 3 10 3 0 0
ST_DELIB 1983 2 1 2 3 10 3 0 0
ST_DELIB 1984 2 1 2 3 75 3 0 0
ST_DELIB 1985 2 1 2 3 10 3 0 0
ST_DELIB 1986 2 1 2 3 10 3 0 0
ST_DELIB 1987 2 1 2 3 75 3 0 0
ST_DELIB 1988 2 1 2 3 10 3 0 0
ST_DELIB 1989 2 1 2 3 10 3 0 0
ST_DELIB 1990 2 1 2 3 75 3 0 0
ST_DELIB 1991 2 1 2 3 10 3 0 0
ST_DELIB 1992 2 1 2 3 10 3 0 0
ST_DELIB 1993 2 1 2 3 10 3 0 0
ST_DELIB 1994 2 1 2 3 75 3 0 0
ST_DELIB 1995 2 1 2 3 10 3 0 0
ST_DELIB 1996 2 1 2 3 10 3 0 0
ST_DELIB 1997 2 1 2 3 75 3 0 0
ST_DELIB 1998 2 1 2 3 10 3 0 0
ST_DELIB 1999 2 1 2 3 10 3 0 0
ST_TS 2000 320 2647 6 3552 2 1680 0 317 600 0 0 0 3 2 50 2
ST_DELIB 2000 2 1 2 3 75 3 0 0
ST_DELIB 2001 2 1 2 3 10 3 0 0
ST_DELIB 2002 2 1 2 3 10 3 0 0
ST_DELIB 2003 2 1 2 3 10 3 0 0
ST_DELIB 2004 2 1 2 3 75 3 0 0
ST_DELIB 2005 2 1 2 3 10 3 0 0
ST_DELIB 2006 2 1 2 3 10 3 0 0
ST_DELIB 2007 2 1 2 3 75 3 0 0
ST_DELIB 2008 2 1 2 3 10 3 0 0
ST_DELIB 2009 2 1 2 3 10 3 0 0
ST_DELIB 2010 2 1 2 3 75 3 0 0
ST_DELIB 2011 2 1 2 3 10 3 0 0
ST_DELIB 2012 2 1 2 3 10 3 0 0
ST_DELIB 2013 2 1 2 3 10 3 0 0
ST_DELIB 2014 2 1 2 3 75 3 0 0
ST_DELIB 2015 2 1 2 3 10 3 0 0
ST_DELIB 2016 2 1 2 3 10 3 0 0
ST_DELIB 2017 2 1 2 3 75 3 0 0
ST_DELIB 2018 2 1 2 3 10 3 0 0
ST_DELIB 2019 2 1 2 3 10 3 0 0
ST_DELIB 2020 2 1 2 3 75 3 0 0
ST_DELIB 2021 2 1 2 3 10 3 0 0
ST_DELIB 2022 2 1 2 3 10 3 0 0
ST_DELIB 2023 2 1 2 3 10 3 0 0
ST_DELIB 2024 2 1 2 3 75 3 0 0
ST_DELIB 2025 2 1 2 3 10 3 0 0
ST_DELIB 2026 2 1 2 3 10 3 0 0
ST_DELIB 2027 2 1 2 3 75 3 0 0
ST_DELIB 2028 2 1 2 3 10 3 0 0
ST_DELIB 2029 2 1 2 3 10 3 0 0
ST_DELIB 2030 2 1 2 3 75 3 0 0
ST_DELIB 2031 2 1 2 3 10 3 0 0
ST_DELIB 2032 2 1 2 3 10 3 0 0
ST_DELIB 2033 2 1 2 3 10 3 0 0
ST_DELIB 2034 2 1 2 3 75 3 0 0
ST_DELIB 2035 2 1 2 3 10 3 0 0
ST_DELIB 2036 2 1 2 3 10 3 0 0
ST_DELIB 2037 2 1 2 3 75 3 0 0
ST_DELIB 2038 2 1 2 3 10 3 0 0
ST_DELIB 2039 2 1 2 3 10 3 0 0
ST_DELIB 2040 2 1 2 3 75 3 0 0
ST_DELIB 2041 2 1 2 3 10 3 0 0
ST_DELIB 2042 2 1 2 3 10 3 0 0
ST_DELIB 2043 2 1 2 3 10 3 0 0
ST_DELIB 2044 2 1 2 3 75 3 0 0
ST_DELIB 2045 2 1 2 3 10 3 0 0
ST_DELIB 2046 2 1 2 3 10 3 0 0
ST_DELIB 2047 2 1 2 3 75 3 0 0
ST_DELIB 2048 2 1 2 3 10 3 0 0
ST_DELIB 2049 2 1 2 3 10 3 0 0
ST_DELIB 2050 2 1 2 3 75 3 0 0
ST_DELIB 2051 2 1 2 3 10 3 0 0
ST_DELIB 2052 2 1 2 3 10 3 0 0
ST_DELIB 2053 2 1 2 3 10 3 0 0
ST_DELIB 2054 2 1 2 3 75 3 0 0
ST_DELIB 2055 2 1 2 3 10 3 0 0
ST_DELIB 2056 2 1 2 3 10 3 0 0
ST_DELIB 2057 2 1 2 3 75 3 0 0
ST_DELIB 2058 2 1 2 3 10 3 0 0
ST_DELIB 2059 2 1 2 3 10 3 0 0
ST_DELIB 2060 2 1 2 3 75 3 0 0
ST_DELIB 2061 2 1 2 3 10 3 0 0
ST_DELIB 2062 2 1 2 3 10 3 0 0
ST_DELIB 2063 2 1 2 3 10 3 0 0
ST_DELIB 2064 2 1 2 3 75 3 0 0
ST_DELIB 2065 2 1 2 3 10 3 0 0
ST_DELIB 2066 2 1 2 3 10 3 0 0
ST_DELIB 2067 2 1 2 3 75 3 0 0
ST_DELIB 2068 2 1 2 3 10 3 0 0
ST_DELIB 2069 2 1 2 3 10 3 0 0
ST_DELIB 2070 2 1 2 3 75 3 0 0
ST_DELIB 2071 2 1 2 3 10 3 0 0
ST_DELIB 2072 2 1 2 3 10 3 0 0
ST_DELIB 2073 2 1 2 3 10 3 0 0
ST_DELIB 2074 2 1 2 3 75 3 0 0
ST_DELIB 2075 2 1 2 3 10 3 0 0
ST_DELIB 2076 2 1 2 3 10 3 0 0
ST_DELIB 2077 2 1 2 3 75 3 0 0
ST_DELIB 2078 2 1 2 3 10 3 0 0
ST_DELIB 2079 2 1 2 3 10 3 0 0
ST_DELIB 2080 2 1 2 3 75 3 0 0
ST_DELIB 2081 2 1 2 3 10 3 0 0
ST_DELIB 2082 2 1 2 3 10 3 0 0
ST_DELIB 2083 2 1 2 3 10 3 0 0
ST_DELIB 2084 2 1 2 3 75 3 0 0
ST_DELIB 2085 2 1 2 3 10 3 0 0
ST_DELIB 2086 2 1 2 3 10 3 0 0
ST_DELIB 2087 2 1 2 3 75 3 0 0
ST_DELIB 2088 2 1 2 3 10 3 0 0
ST_DELIB 2089 2 1 2 3 10 3 0 0
ST_DELIB 2090 2 1 2 3 75 3 0 0
ST_DELIB 2091 2 1 2 3 10 3 0 0
ST_DELIB 2092 2 1 2 3 10 3 0 0
ST_DELIB 2093 2 1 2 3 10 3 0 0
ST_DELIB 2094 2 1 2 3 75 3 0 0
ST_DELIB 2095 2 1 2 3 10 3 0 0
ST_DELIB 2096 2 1 2 3 10 3 0 0
ST_DELIB 2097 2 1 2 3 75 3 0 0
ST_DELIB 2098 2 1 2 3 10 3 0 0
ST_DELIB 2099 2 1 2 3 10 3 0 0
ST_DELIB 2100 2 1 2 3 75 3 0 0
ST_DELIB 2101 2 1 2 3 10 3 0 0
ST_DELIB 2102 2 1 2 3 10 3 0 0
ST_DELIB 2103 2 1 2 3 10 3 0 0
ST_DELIB 2104 2 1 2 3 75 3 0 0
ST_DELIB 2105 2 1 2 3 10 3 0 0
ST_DELIB 2106 2 1 2 3 10 3 0 0
ST_DELIB 2107 2 1 2 3 75 3 0 0
ST_DELIB 2108 2 1 2 3 10 3 0 0
ST_DELIB 2109 2 1 2 3 10 3 0 0
ST_DELIB 2110 2 1 2 3 75 3 0 0
ST_DELIB 2111 2 1 2 3 10 3 0 0
ST_DELIB 2112 2 1 2 3 10 3 0 0
ST_DELIB 2113 2 1 2 3 10 3 0 0
ST_DELIB 2114 2 1 2 3 75 3 0 0
ST_DELIB 2115 2 1 2 3 10 3 0 0
ST_DELIB 2116 2 1 2 3 10 3 0 0
ST_DELIB 2117 2 1 2 3 75 3 0 0
ST_DELIB 2118 2 1 2 3 10 3 0 0
ST_DELIB 2119 2 1 2 3 10 3 0 0
ST_DELIB 2120 2 1 2 3 75 3 0 0
ST_DELIB 2121 2 1 2 3 10 3 0 0
ST_DELIB 2122 2 1 2 3 10 3 0 0
ST_DELIB 2123 2 1 2 3 10 3 0 0
ST_DELIB 2124 2 1 2 3 75 3 0 0
ST_DELIB 2125 2 1 2 3 10 3 0 0
ST_DELIB 2126 2 1 2 3 10 3 0 0
ST_DELIB 2127 2 1 2 3 75 3 0 0
ST_DELIB 2128 2 1 2 3 10 3 0 0
ST_DELIB 2129 2 1 2 3 10 3 0 0
ST_DELIB 2130 2 1 2 3 75 3 0 0
ST_DELIB 2131 2 1 2 3 10 3 0 0
ST_DELIB 2132 2 1 2 3 10 3 0 0
ST_DELIB 2133 2 1 2 3 10 3 0 0
ST_DELIB 2134 2 1 2 3 75 3 0 0
ST_DELIB 2135 2 1 2 3 10 3 0 0
ST_DELIB 2136 2 1 2 3 10 3 0 0
ST_DELIB 2137 2 1 2 3 75 3 0 0
ST_DELIB 2138 2 1 2 3 10 3 0 0
ST_DELIB 2139 2 1 2 3 10 3 0 0
ST_DELIB 2140 2 1 2 3 75 3 0 0
ST_DELIB 2141 2 1 2 3 10 3 0 0
ST_DELIB 2142 2 1 2 3 10 3 0 0
ST_DELIB 2143 2 1 2 3 10 3 0 0
ST_DELIB 2144 2 1 2 3 75 3 0 0
ST_DELIB 2145 2 1 2 3 10 3 0 0
ST_DELIB 2146 2 1 2 3 10 3 0 0
ST_DELIB 2147 2 1 2 3 75 3 0 0
ST_DELIB 2148 2 1 2 3 10 3 0 0
ST_DELIB 2149 2 1 2 3 10 3 0 0
ST_DELIB 2150 2 1 2 3 75 3 0 0
ST_DELIB 2151 2 1 2 3 10 3 0 0
ST_DELIB 2152 2 1 2 3 10 3 0 0
ST_DELIB 2153 2 1 2 3 10 3 0 0
ST_DELIB 2154 2 1 2 3 75 3 0 0
ST_DELIB 2155 2 1 2 3 10 3 0 0
ST_DELIB 2156 2 1 2 3 10 3 0 0
ST_DELIB 2157 2 1 2 3 75 3 0 0
ST_DELIB 2158 2 1 2 3 10 3 0 0
ST_DELIB 2159 2 1 2 3 10 3 0 0
ST_DELIB 2160 2 1 2 3 75 3 0 0
ST_DELIB 2161 2 1 2 3 10 3 0 0
ST_DELIB 2162 2 1 2 3 10 3 0 0
ST_DELIB 2163 2 1 2 3 10 3 0 0
ST_DELIB 2164 2 1 2 3 75 3 0 0
ST_DELIB 2165 2 1 2 3 10 3 0 0
ST_DELIB 2166 2 1 2 3 10 3 0 0
ST_DELIB 2167 2 1 2 3 75 3 0 0
ST_DELIB 2168 2 1 2 3 10 3 0 0
ST_DELIB 2169 2 1 2 3 10 3 0 0
ST_DELIB 2170 2 1 2 3 75 3 0 0
ST_DELIB 2171 2 1 2 3 10 3 0 0
ST_DELIB 2172 2 1 2 3 10 3 0 0
ST_DELIB 2173 2 1 2 3 10 3 0 0
ST_DELIB 2174 2 1 2 3 75 3 0 0
ST_DELIB 2175 2 1 2 3 10 3 0 0
ST_DELIB 2176 2 1 2 3 10 3 0 0
ST_DELIB 2177 2 1 2 3 75 3 0 0
ST_DELIB 2178 2 1 2 3 10 3 0 0
ST_DELIB 2179 2 1 2 3 10 3 0 0
ST_DELIB 2180 2 1 2 3 75 3 0 0
ST_DELIB 2181 2 1 2 3 10 3 0 0
ST_DELIB 2182 2 1 2 3 10 3 0 0
ST_DELIB 2183 2 1 2 3 10 3 0 0
ST_DELIB 2184 2 1 2 3 75 3 0 0
ST_DELIB 2185 2 1 2 3 10 3 0 0
ST_DELIB 2186 2 1 2 3 10 3 0 0
ST_DELIB 2187 2 1 2 3 75 3 0 0
ST_DELIB 2188 2 1 2 3 10 3 0 0
ST_DELIB 2189 2 1 2 3 10 3 0 0
ST_DELIB 2190 2 1 2 3 75 3 0 0
ST_DELIB 2191 2 1 2 3 10 3 0 0
ST_DELIB 2192 2 1 2 3 10 3 0 0
ST_DELIB 2193 2 1 2 3 10 3 0 0
ST_DELIB 2194 2 1 2 3 75 3 0 0
ST_DELIB 2195 2 1 2 3 10 3 0 0
ST_DELIB 2196 2 1 2 3 10 3 0 0
ST_DELIB 2197 2 1 2 3 75 3 0 0
ST_DELIB 2198 2 1 2 3 10 3 0 0
ST_DELIB 2199 2 1 2 3 10 3 0 0
ST_DELIB 2200 2 1 2 3 75 3 0 0
ST_DELIB 2201 2 1 2 3 10 3 0 0
ST_DELIB 2202 2 1 2 3 10 3 0 0
ST_DELIB 2203 2 1 2 3 10 3 0 0
ST_DELIB 2204 2 1 2 3 75 3 0 0
ST_DELIB 2205 2 1 2 3 10 3 0 0
ST_DELIB 2206 2 1 2 3 10 3 0 0
ST_DELIB 2207 2 1 2 3 75 3 0 0
ST_DELIB 2208 2 1 2 3 10 3 0 0
ST_DELIB 2209 2 1 2 3 10 3 0 0
ST_DELIB 2210 2 1 2 3 75 3 0 0
ST_DELIB 2211 2 1 2 3 10 3 0 0
ST_DELIB 2212 2 1 2 3 10 3 0 0
ST_DELIB 2213 2 1 2 3 10 3 0 0
ST_DELIB 2214 2 1 2 3 75 3 0 0
ST_DELIB 2215 2 1 2 3 10 3 0 0
ST_DELIB 2216 2 1 2 3 10 3 0 0
ST_DELIB 2217 2 1 2 3 75 3 0 0
ST_DELIB 2218 2 1 2 3 10 3 0 0
ST_DELIB 2219 2 1 2 3 10 3 0 0
ST_DELIB 2220 2 1 2 3 75 3 0 0
ST_DELIB 2221 2 1 2 3 10 3 0 0
ST_DELIB 2222 2 1 2 3 10 3 0 0
ST_DELIB 2223 2 1 2 3 10 3 0 0
ST_DELIB 2224 2 1 2 3 75 3 0 0
ST_DELIB 2225 2 1 2 3 10 3 0 0
ST_DELIB 2226 2 1 2 3 10 3 0 0
ST_DELIB 2227 2 1 2 3 75 3 0 0
ST_DELIB 2228 2 1 2 3 10 3 0 0
ST_DELIB 2229 2 1 2 3 10 3 0 0
ST_DELIB 2230 2 1 2 3 75 3 0 0
ST_DELIB 2231 2 1 2 3 10 3 0 0
ST_DELIB 2232 2 1 2 3 10 3 0 0
ST_DELIB 2233 2 1 2 3 10 3 0 0
ST_DELIB 2234 2 1 2 3 75 3 0 0
ST_DELIB 2235 2 1 2 3 10 3 0 0
ST_DELIB 2236 2 1 2 3 10 3 0 0
ST_DELIB 2237 2 1 2 3 75 3 0 0
ST_DELIB 2238 2 1 2 3 10 3 0 0
ST_DELIB 2239 2 1 2 3 10 3 0 0
ST_DELIB 2240 2 1 2 3 75 3 0 0
ST_DELIB 2241 2 1 2 3 10 3 0 0
ST_DELIB 2242 2 1 2 3 10 3 0 0
ST_DELIB 2243 2 1 2 3 10 3 0 0
ST_DELIB 2244 2 1 2 3 75 3 0 0
ST_DELIB 2245 2 1 2 3 10 3 0 0
ST_DELIB 2246 2 1 2 3 10 3 0 0
ST_DELIB 2247 2 1 2 3 75 3 0 0
ST_DELIB 2248 2 1 2 3 10 3 0 0
ST_DELIB 2249 2 1 2 3 10 3 0 0
ST_TS 2250 320 2897 6 4302 2 1930 0 317 675 0 0 0 3 2 50 2
ST_DELIB 2250 2 1 2 3 75 3 0 0
ST_DELIB 2251 2 1 2 3 10 3 0 0
ST_DELIB 2252 2 1 2 3 10 3 0 0
ST_DELIB 2253 2 1 2 3 10 3 0 0
ST_DELIB 2254 2 1 2 3 75 3 0 0
ST_DELIB 2255 2 1 2 3 10 3 0 0
ST_DELIB 2256 2 1 2 3 10 3 0 0
ST_DELIB 2257 2 1 2 3 75 3 0 0
ST_DELIB 2258 2 1 2 3 10 3 0 0
ST_DELIB 2259 2 1 2 3 10 3 0 0
ST_DELIB 2260 2 1 2 3 75 3 0 0
ST_DELIB 2261 2 1 2 3 10 3 0 0
ST_DELIB 2262 2 1 2 3 10 3 0 0
ST_DELIB 2263 2 1 2 3 10 3 0 0
ST_DELIB 2264 2 1 2 3 75 3 0 0
ST_DELIB 2265 2 1 2 3 10 3 0 0
ST_DELIB 2266 2 1 2 3 10 3 0 0
ST_DELIB 2267 2 1 2 3 75 3 0 0
ST_DELIB 2268 2 1 2 3 10 3 0 0
ST_DELIB 2269 2 1 2 3 10 3 0 0
ST_DELIB 2270 2 1 2 3 75 3 0 0
ST_DELIB 2271 2 1 2 3 10 3 0 0
ST_DELIB 2272 2 1 2 3 10 3 0 0
ST_DELIB 2273 2 1 2 3 10 3 0 0
ST_DELIB 2274 2 1 2 3 75 3 0 0
ST_DELIB 2275 2 1 2 3 10 3 0 0
ST_DELIB 2276 2 1 2 3 10 3 0 0
ST_DELIB 2277 2 1 2 3 75 3 0 0
ST_DELIB 2278 2 1 2 3 10 3 0 0
ST_DELIB 2279 2 1 2 3 10 3 0 0
ST_DELIB 2280 2 1 2 3 75 3 0 0
ST_DELIB 2281 2 1 2 3 10 3 0 0
ST_DELIB 2282 2 1 2 3 10 3 0 0
ST_DELIB 2283 2 1 2 3 10 3 0 0
ST_DELIB 2284 2 1 2 3 75 3 0 0
ST_DELIB 2285 2 1 2 3 10 3 0 0
ST_DELIB 2286 2 1 2 3 10 3 0 0
ST_DELIB 2287 2 1 2 3 75 3 0 0
ST_DELIB 2288 2 1 2 3 10 3 0 0
ST_DELIB 2289 2 1 2 3 10 3 0 0
ST_DELIB 2290 2 1 2 3 75 3 0 0
ST_DELIB 2291 2 1 2 3 10 3 0 0
ST_DELIB 2292 2 1 2 3 10 3 0 0
ST_DELIB 2293 2 1 2 3 10 3 0 0
ST_DELIB 2294 2 1 2 3 75 3 0 0
ST_DELIB 2295 2 1 2 3 10 3 0 0
ST_DELIB 2296 2 1 2 3 10 3 0 0
ST_DELIB 2297 2 1 2 3 75 3 0 0
ST_DELIB 2298 2 1 2 3 10 3 0 0
ST_DELIB 2299 2 1 2 3 10 3 0 0
ST_DELIB 2300 2 1 2 3 75 3 0 0
ST_DELIB 2301 2 1 2 3 10 3 0 0
ST_DELIB 2302 2 1 2 3 10 3 0 0
ST_DELIB 2303 2 1 2 3 10 3 0 0
ST_DELIB 2304 2 1 2 3 75 3 0 0
ST_DELIB 2305 2 1 2 3 10 3 0 0
ST_DELIB 2306 2 1 2 3 10 3 0 0
ST_DELIB 2307 2 1 2 3 75 3 0 0
ST_DELIB 2308 2 1 2 3 10 3 0 0
ST_DELIB 2309 2 1 2 3 10 3 0 0
ST_DELIB 2310 2 1 2 3 75 3 0 0
ST_DELIB 2311 2 1 2 3 10 3 0 0
ST_DELIB 2312 2 1 2 3 10 3 0 0
ST_DELIB 2313 2 1 2 3 10 3 0 0
ST_DELIB 2314 2 1 2 3 75 3 0 0
ST_DELIB 2315 2 1 2 3 10 3 0 0
ST_DELIB 2316 2 1 2 3 10 3 0 0
ST_DELIB 2317 2 1 2 3 75 3 0 0
ST_DELIB 2318 2 1 2 3 10 3 0 0
ST_DELIB 2319 2 1 2 3 10 3 0 0
ST_DELIB 2320 2 1 2 3 75 3 0 0
ST_DELIB 2321 2 1 2 3 10 3 0 0
ST_DELIB 2322 2 1 2 3 10 3 0 0
ST_DELIB 2323 2 1 2 3 10 3 0 0
ST_DELIB 2324 2 1 2 3 75 3 0 0
ST_DELIB 2325 2 1 2 3 10 3 0 0
ST_DELIB 2326 2 1 2 3 10 3 0 0
ST_DELIB 2327 2 1 2 3 75 3 0 0
ST_DELIB 2328 2 1 2 3 10 3 0 0
ST_DELIB 2329 2 1 2 3 10 3 0 0
ST_DELIB 2330 2 1 2 3 75 3 0 0
ST_DELIB 2331 2 1 2 3 10 3 0 0
ST_DELIB 2332 2 1 2 3 10 3 0 0
ST_DELIB 2333 2 1 2 3 10 3 0 0
ST_DELIB 2334 2 1 2 3 75 3 0 0
ST_DELIB 2335 2 1 2 3 10 3 0 0
ST_DELIB 2336 2 1 2 3 10 3 0 0
ST_DELIB 2337 2 1 2 3 75 3 0 0
ST_DELIB 2338 2 1 2 3 10 3 0 0
ST_DELIB 2339 2 1 2 3 10 3 0 0
ST_DELIB 2340 2 1 2 3 75 3 0 0
ST_DELIB 2341 2 1 2 3 10 3 0 0
ST_DELIB 2342 2 1 2 3 10 3 0 0
ST_DELIB 2343 2 1 2 3 10 3 0 0
ST_DELIB 2344 2 1 2 3 75 3 0 0
ST_DELIB 2345 2 1 2 3 10 3 0 0
ST_DELIB 2346 2 1 2 3 10 3 0 0
ST_DELIB 2347 2 1 2 3 75 3 0 0
ST_DELIB 2348 2 1 2 3 10 3 0 0
ST_DELIB 2349 2 1 2 3 10 3 0 0
ST_DELIB 2350 2 1 2 3 75 3 0 0
ST_DELIB 2351 2 1 2 3 10 3 0 0
ST_DELIB 2352 2 1 2 3 10 3 0 0
ST_DELIB 2353 2 1 2 3 10 3 0 0
ST_DELIB 2354 2 1 2 3 75 3 0 0
ST_DELIB 2355 2 1 2 3 10 3 0 0
ST_DELIB 2356 2 1 2 3 10 3 0 0
ST_DELIB 2357 2 1 2 3 75 3 0 0
ST_DELIB 2358 2 1 2 3 10 3 0 0
ST_DELIB 2359 2 1 2 3 10 3 0 0
ST_DELIB 2360 2 1 2 3 75 3 0 0
ST_DELIB 2361 2 1 2 3 10 3 0 0
ST_DELIB 2362 2 1 2 3 10 3 0 0
ST_DELIB 2363 2 1 2 3 10 3 0 0
ST_DELIB 2364 2 1 2 3 75 3 0 0
ST_DELIB 2365 2 1 2 3 10 3 0 0
ST_DELIB 2366 2 1 2 3 10 3 0 0
ST_DELIB 2367 2 1 2 3 75 3 0 0
ST_DELIB 2368 2 1 2 3 10 3 0 0
ST_DELIB 2369 2 1 2 3 10 3 0 0
ST_DELIB 2370 2 1 2 3 75 3 0 0
ST_DELIB 2371 2 1 2 3 10 3 0 0
ST_DELIB 2372 2 1 2 3 10 3 0 0
ST_DELIB 2373 2 1 2 3 10 3 0 0
ST_DELIB 2374 2 1 2 3 75 3 0 0
ST_DELIB 2375 2 1 2 3 10 3 0 0
ST_DELIB 2376 2 1 2 3 10 3 0 0
ST_DELIB 2377 2 1 2 3 75 3 0 0
ST_DELIB 2378 2 1 2 3 10 3 0 0
ST_DELIB 2379 2 1 2 3 10 3 0 0
ST_DELIB 2380 2 1 2 3 75 3 0 0
ST_DELIB 2381 2 1 2 3 10 3 0 0
ST_DELIB 2382 2 1 2 3 10 3 0 0
ST_DELIB 2383 2 1 2 3 10 3 0 0
ST_DELIB 2384 2 1 2 3 75 3 0 0
ST_DELIB 2385 2 1 2 3 10 3 0 0
ST_DELIB 2386 2 1 2 3 10 3 0 0
ST_DELIB 2387 2 1 2 3 75 3 0 0
ST_DELIB 2388 2 1 2 3 10 3 0 0
ST_DELIB 2389 2 1 2 3 10 3 0 0
ST_DELIB 2390 2 1 2 3 75 3 0 0
ST_DELIB 2391 2 1 2 3 10 3 0 0
ST_DELIB 2392 2 1 2 3 10 3 0 0
ST_DELIB 2393 2 1 2 3 10 3 0 0
ST_DELIB 2394 2 1 2 3 75 3 0 0
ST_DELIB 2395 2 1 2 3 10 3 0 0
ST_DELIB 2396 2 1 2 3 10 3 0 0
ST_DELIB 2397 2 1 2 3 75 3 0 0
ST_DELIB 2398 2 1 2 3 10 3 0 0
ST_DELIB 2399 2 1 2 3 10 3 0 0
ST_DELIB 2400 2 1 2 3 75 3 0 0
ST_DELIB 2401 2 1 2 3 10 3 0 0
ST_DELIB 2402 2 1 2 3 10 3 0 0
ST_DELIB 2403 2 1 2 3 10 3 0 0
ST_DELIB 2404 2 1 2 3 75 3 0 0
ST_DELIB 2405 2 1 2 3 10 3 0 0
ST_DELIB 2406 2 1 2 3 10 3 0 0
ST_DELIB 2407 2 1 2 3 75 3 0 0
ST_DELIB 2408 2 1 2 3 10 3 0 0
ST_DELIB 2409 2 1 2 3 10 3 0 0
ST_DELIB 2410 2 1 2 3 75 3 0 0
ST_DELIB 2411 2 1 2 3 10 3 0 0
ST_DELIB 2412 2 1 2 3 10 3 0 0
ST_DELIB 2413 2 1 2 3 10 3 0 0
ST_DELIB 2414 2 1 2 3 75 3 0 0
ST_DELIB 2415 2 1 2 3 10 3 0 0
ST_DELIB 2416 2 1 2 3 10 3 0 0
ST_DELIB 2417 2 1 2 3 75 3 0 0
ST_DELIB 2418 2 1 2 3 10 3 0 0
ST_DELIB 2419 2 1 2 3 10 3 0 0
ST_DELIB 2420 2 1 2 3 75 3 0 0
ST_DELIB 2421 2 1 2 3 10 3 0 0
ST_DELIB 2422 2 1 2 3 10 3 0 0
ST_DELIB 2423 2 1 2 3 10 3 0 0
ST_DELIB 2424 2 1 2 3 75 3 0 0
ST_DELIB 2425 2 1 2 3 10 3 0 0
ST_DELIB 2426 2 1 2 3 10 3 0 0
ST_DELIB 2427 2 1 2 3 75 3 0 0
ST_DELIB 2428 2 1 2 3 10 3 0 0
ST_DELIB 2429 2 1 2 3 10 3 0 0
ST_DELIB 2430 2 1 2 3 75 3 0 0
ST_DELIB 2431 2 1 2 3 10 3 0 0
ST_DELIB 2432 2 1 2 3 10 3 0 0
ST_DELIB 2433 2 1 2 3 10 3 0 0
ST_DELIB 2434 2 1 2 3 75 3 0 0
ST_DELIB 2435 2 1 2 3 10 3 0 0
ST_DELIB 2436 2 1 2 3 10 3 0 0
ST_DELIB 2437 2 1 2 3 75 3 0 0
ST_DELIB 2438 2 1 2 3 10 3 0 0
ST_DELIB 2439 2 1 2 3 10 3 0 0
ST_DELIB 2440 2 1 2 3 75 3 0 0
ST_DELIB 2441 2 1 2 3 10 3 0 0
ST_DELIB 2442 2 1 2 3 10 3 0 0
ST_DELIB 2443 2 1 2 3 10 3 0 0
ST_DELIB 2444 2 1 2 3 75 3 0 0
ST_DELIB 2445 2 1 2 3 10 3 0 0
ST_DELIB 2446 2 1 2 3 10 3 0 0
ST_DELIB 2447 2 1 2 3 75 3 0 0
ST_DELIB 2448 2 1 2 3 10 3 0 0
ST_DELIB 2449 2 1 2 3 10 3 0 0
ST_DELIB 2450 2 1 2 3 75 3 0 0
ST_DELIB 2451 2 1 2 3 10 3 0 0
ST_DELIB 2452 2 1 2 3 10 3 0 0
ST_DELIB 2453 2 1 2 3 10 3 0 0
ST_DELIB 2454 2 1 2 3 75 3 0 0
ST_DELIB 2455 2 1 2 3 10 3 0 0
ST_DELIB 2456 2 1 2 3 10 3 0 0
ST_DELIB 2457 2 1 2 3 75 3 0 0
ST_DELIB 2458 2 1 2 3 10 3 0 0
ST_DELIB 2459 2 1 2 3 10 3 0 0
ST_DELIB 2460 2 1 2 3 75 3 0 0
ST_DELIB 2461 2 1 2 3 10 3 0 0
ST_DELIB 2462 2 1 2 3 10 3 0 0
ST_DELIB 2463 2 1 2 3 10 3 0 0
ST_DELIB 2464 2 1 2 3 75 3 0 0
ST_DELIB 2465 2 1 2 3 10 3 0 0
ST_DELIB 2466 2 1 2 3 10 3 0 0
ST_DELIB 2467 2 1 2 3 75 3 0 0
ST_DELIB 2468 2 1 2 3 10 3 0 0
ST_DELIB 2469 2 1 2 3 10 3 0 0
ST_DELIB 2470 2 1 2 3 75 3 0 0
ST_DELIB 2471 2 1 2 3 10 3 0 0
ST_DELIB 2472 2 1 2 3 10 3 0 0
ST_DELIB 2473 2 1 2 3 10 3 0 0
ST_DELIB 2474 2 1 2 3 75 3 0 0
ST_DELIB 2475 2 1 2 3 10 3 0 0
ST_DELIB 2476 2 1 2 3 10 3 0 0
ST_DELIB 2477 2 1 2 3 75 3 0 0
ST_DELIB 2478 2 1 2 3 10 3 0 0
ST_DELIB 2479 2 1 2 3 10 3 0 0
ST_DELIB 2480 2 1 2 3 75 3 0 0
ST_DELIB 2481 2 1 2 3 10 3 0 0
ST_DELIB 2482 2 1 2 3 10 3 0 0
ST_DELIB 2483 2 1 2 3 10 3 0 0
ST_DELIB 2484 2 1 2 3 75 3 0 0
ST_DELIB 2485 2 1 2 3 10 3 0 0
ST_DELIB 2486 2 1 2 3 10 3 0 0
ST_DELIB 2487 2 1 2 3 75 3 0 0
ST_DELIB 2488 2 1 2 3 10 3 0 0
ST_DELIB 2489 2 1 2 3 10 3 0 0
ST_DELIB 2490 2 1 2 3 75 3 0 0
ST_DELIB 2491 2 1 2 3 10 3 0 0
ST_DELIB 2492 2 1 2 3 10 3 0 0
ST_DELIB 2493 2 1 2 3 10 3 0 0
ST_DELIB 2494 2 1 2 3 75 3 0 0
ST_DELIB 2495 2 1 2 3 10 3 0 0
ST_DELIB 2496 2 1 2 3 10 3 0 0
ST_DELIB 2497 2 1 2 3 75 3 0 0
ST_DELIB 2498 2 1 2 3 10 3 0 0
ST_DELIB 2499 2 1 2 3 10 3 0 0
ST_TS 2500 320 3147 6 5052 2 2180 0 317 750 0 0 0 3 2 50 2
ST_DELIB 2500 2 1 2 3 75 3 0 0
ST_DELIB 2501 2 1 2 3 75 3 0 0
ST_DELIB 2502 2 1 2 3 10 3 0 0
ST_DELIB 2503 2 1 2 3 10 3 0 0
ST_DELIB 2504 2 1 2 3 75 3 0 0
ST_DELIB 2505 2 1 2 3 10 3 0 0
ST_DELIB 2506 2 1 2 3 10 3 0 0
ST_DELIB 2507 2 1 2 3 75 3 0 0
ST_DELIB 2508 2 1 2 3 10 3 0 0
ST_DELIB 2509 2 1 2 3 10 3 0 0
ST_DELIB 2510 2 1 2 3 75 3 0 0
ST_DELIB 2511 2 1 2 3 10 3 0 0
ST_DELIB 2512 2 1 2 3 10 3 0 0
ST_DELIB 2513 2 1 2 3 10 3 0 0
ST_DELIB 2514 2 1 2 3 75 3 0 0
ST_DELIB 2515 2 1 2 3 10 3 0 0
ST_DELIB 2516 2 1 2 3 10 3 0 0
ST_DELIB 2517 2 1 2 3 75 3 0 0
ST_DELIB 2518 2 1 2 3 10 3 0 0
ST_DELIB 2519 2 1 2 3 10 3 0 0
ST_DELIB 2520 2 1 2 3 75 3 0 0
ST_DELIB 2521 2 1 2 3 10 3 0 0
ST_DELIB 2522 2 1 2 3 10 3 0 0
ST_DELIB 2523 2 1 2 3 10 3 0 0
ST_DELIB 2524 2 1 2 3 75 3 0 0
ST_DELIB 2525 2 1 2 3 10 3 0 0
ST_DELIB 2526 2 1 2 3 10 3 0 0
ST_DELIB 2527 2 1 2 3 75 3 0 0
ST_DELIB 2528 2 1 2 3 10 3 0 0
ST_DELIB 2529 2 1 2 3 10 3 0 0
ST_DELIB 2530 2 1 2 3 75 3 0 0
ST_DELIB 2531 2 1 2 3 10 3 0 0
ST_DELIB 2532 2 1 2 3 10 3 0 0
ST_DELIB 2533 2 1 2 3 10 3 0 0
ST_DELIB 2534 2 1 2 3 75 3 0 0
ST_DELIB 2535 2 1 2 3 10 3 0 0
ST_DELIB 2536 2 1 2 3 10 3 0 0
ST_DELIB 2537 2 1 2 3 75 3 0 0
ST_DELIB 2538 2 1 2 3 10 3 0 0
ST_DELIB 2539 2 1 2 3 10 3 0 0
ST_DELIB 2540 2 1 2 3 75 3 0 0
ST_DELIB 2541 2 1 2 3 10 3 0 0
ST_DELIB 2542 2 1 2 3 10 3 0 0
ST_DELIB 2543 2 1 2 3 10 3 0 0
ST_DELIB 2544 2 1 2 3 75 3 0 0
ST_DELIB 2545 2 1 2 3 10 3 0 0
ST_DELIB 2546 2 1 2 3 10 3 0 0
ST_DELIB 2547 2 1 2 3 75 3 0 0
ST_DELIB 2548 2 1 2 3 10 3 0 0
ST_DELIB 2549 2 1 2 3 10 3 0 0
ST_DELIB 2550 2 1 2 3 75 3 0 0
ST_DELIB 2551 2 1 2 3 10 3 0 0
ST_DELIB 2552 2 1 2 3 10 3 0 0
ST_DELIB 2553 2 1 2 3 10 3 0 0
ST_DELIB 2554 2 1 2 3 75 3 0 0
ST_DELIB 2555 2 1 2 3 10 3 0 0
ST_DELIB 2556 2 1 2 3 10 3 0 0
ST_DELIB 2557 2 1 2 3 75 3 0 0
ST_DELIB 2558 2 1 2 3 10 3 0 0
ST_DELIB 2559 2 1 2 3 10 3 0 0
ST_DELIB 2560 2 1 2 3 75 3 0 0
ST_DELIB 2561 2 1 2 3 10 3 0 0
ST_DELIB 2562 2 1 2 3 10 3 0 0
ST_DELIB 2563 2 1 2 3 10 3 0 0
ST_DELIB 2564 2 1 2 3 75 3 0 0
ST_DELIB 2565 2 1 2 3 10 3 0 0
ST_DELIB 2566 2 1 2 3 10 3 0 0
ST_DELIB 2567 2 1 2 3 75 3 0 0
ST_DELIB 2568 2 1 2 3 10 3 0 0
ST_DELIB 2569 2 1 2 3 10 3 0 0
ST_DELIB 2570 2 1 2 3 75 3 0 0
ST_DELIB 2571 2 1 2 3 10 3 0 0
ST_DELIB 2572 2 1 2 3 10 3 0 0
ST_DELIB 2573 2 1 2 3 10 3 0 0
ST_DELIB 2574 2 1 2 3 75 3 0 0
ST_DELIB 2575 2 1 2 3 10 3 0 0
ST_DELIB 2576 2 1 2 3 10 3 0 0
ST_DELIB 2577 2 1 2 3 75 3 0 0
ST_DELIB 2578 2 1 2 3 10 3 0 0
ST_DELIB 2579 2 1 2 3 10 3 0 0
ST_DELIB 2580 2 1 2 3 75 3 0 0
ST_DELIB 2581 2 1 2 3 10 3 0 0
ST_DELIB 2582 2 1 2 3 10 3 0 0
ST_DELIB 2583 2 1 2 3 10 3 0 0
ST_DELIB 2584 2 1 2 3 75 3 0 0
ST_DELIB 2585 2 1 2 3 10 3 0 0
ST_DELIB 2586 2 1 2 3 10 3 0 0
ST_DELIB 2587 2 1 2 3 75 3 0 0
ST_DELIB 2588 2 1 2 3 10 3 0 0
ST_DELIB 2589 2 1 2 3 10 3 0 0
ST_DELIB 2590 2 1 2 3 75 3 0 0
ST_DELIB 2591 2 1 2 3 10 3 0 0
ST_DELIB 2592 2 1 2 3 10 3 0 0
ST_DELIB 2593 2 1 2 3 10 3 0 0
ST_DELIB 2594 2 1 2 3 75 3 0 0
ST_DELIB 2595 2 1 2 3 10 3 0 0
ST_DELIB 2596 2 1 2 3 10 3 0 0
ST_DELIB 2597 2 1 2 3 75 3 0 0
ST_DELIB 2598 2 1 2 3 10 3 0 0
ST_DELIB 2599 2 1 2 3 10 3 0 0
ST_DELIB 2600 2 1 2 3 75 3 0 0
ST_DELIB 2601 2 1 2 3 10 3 0 0
ST_DELIB 2602 2 1 2 3 10 3 0 0
ST_DELIB 2603 2 1 2 3 10 3 0 0
ST_DELIB 2604 2 1 2 3 75 3 0 0
ST_DELIB 2605 2 1 2 3 10 3 0 0
ST_DELIB 2606 2 1 2 3 10 3 0 0
ST_DELIB 2607 2 1 2 3 75 3 0 0
ST_DELIB 2608 2 1 2 3 10 3 0 0
ST_DELIB 2609 2 1 2 3 10 3 0 0
ST_DELIB 2610 2 1 2 3 75 3 0 0
ST_DELIB 2611 2 1 2 3 10 3 0 0
ST_DELIB 2612 2 1 2 3 10 3 0 0
ST_DELIB 2613 2 1 2 3 10 3 0 0
ST_DELIB 2614 2 1 2 3 75 3 0 0
ST_DELIB 2615 2 1 2 3 10 3 0 0
ST_DELIB 2616 2 1 2 3 10 3 0 0
ST_DELIB 2617 2 1 2 3 75 3 0 0
ST_DELIB 2618 2 1 2 3 10 3 0 0
ST_DELIB 2619 2 1 2 3 10 3 0 0
ST_DELIB 2620 2 1 2 3 75 3 0 0
ST_DELIB 2621 2 1 2 3 10 3 0 0
ST_DELIB 2622 2 1 2 3 10 3 0 0
ST_DELIB 2623 2 1 2 3 10 3 0 0
ST_DELIB 2624 2 1 2 3 75 3 0 0
ST_DELIB 2625 2 1 2 3 10 3 0 0
ST_DELIB 2626 2 1 2 3 10 3 0 0
ST_DELIB 2627 2 1 2 3 75 3 0 0
ST_DELIB 2628 2 1 2 3 10 3 0 0
ST_DELIB 2629 2 1 2 3 10 3 0 0
ST_DELIB 2630 2 1 2 3 75 3 0 0
ST_DELIB 2631 2 1 2 3 10 3 0 0
ST_DELIB 2632 2 1 2 3 10 3 0 0
ST_DELIB 2633 2 1 2 3 10 3 0 0
ST_DELIB 2634 2 1 2 3 75 3 0 0
ST_DELIB 2635 2 1 2 3 10 3 0 0
ST_DELIB 2636 2 1 2 3 10 3 0 0
ST_DELIB 2637 2 1 2 3 75 3 0 0
ST_DELIB 2638 2 1 2 3 10 3 0 0
ST_DELIB 2639 2 1 2 3 10 3 0 0
ST_DELIB 2640 2 1 2 3 75 3 0 0
ST_DELIB 2641 2 1 2 3 10 3 0 0
ST_DELIB 2642 2 1 2 3 10 3 0 0
ST_DELIB 2643 2 1 2 3 10 3 0 0
ST_DELIB 2644 2 1 2 3 75 3 0 0
ST_DELIB 2645 2 1 2 3 10 3 0 0
ST_DELIB 2646 2 1 2 3 10 3 0 0
ST_DELIB 2647 2 1 2 3 75 3 0 0
ST_DELIB 2648 2 1 2 3 10 3 0 0
ST_DELIB 2649 2 1 2 3 10 3 0 0
ST_DELIB 2650 2 1 2 3 75 3 0 0
ST_DELIB 2651 2 1 2 3 10 3 0 0
ST_DELIB 2652 2 1 2 3 10 3 0 0
ST_DELIB 2653 2 1 2 3 10 3 0 0
ST_DELIB 2654 2 1 2 3 75 3 0 0
ST_DELIB 2655 2 1 2 3 10 3 0 0
ST_DELIB 2656 2 1 2 3 10 3 0 0
ST_DELIB 2657 2 1 2 3 75 3 0 0
ST_DELIB 2658 2 1 2 3 10 3 0 0
ST_DELIB 2659 2 1 2 3 10 3 0 0
ST_DELIB 2660 2 1 2 3 75 3 0 0
ST_DELIB 2661 2 1 2 3 10 3 0 0
ST_DELIB 2662 2 1 2 3 10 3 0 0
ST_DELIB 2663 2 1 2 3 10 3 0 0
ST_DELIB 2664 2 1 2 3 75 3 0 0
ST_DELIB 2665 2 1 2 3 10 3 0 0
ST_DELIB 2666 2 1 2 3 10 3 0 0
ST_DELIB 2667 2 1 2 3 75 3 0 0
ST_DELIB 2668 2 1 2 3 10 3 0 0
ST_DELIB 2669 2 1 2 3 10 3 0 0
ST_DELIB 2670 2 1 2 3 75 3 0 0
ST_DELIB 2671 2 1 2 3 10 3 0 0
ST_DELIB 2672 2 1 2 3 10 3 0 0
ST_DELIB 2673 2 1 2 3 10 3 0 0
ST_DELIB 2674 2 1 2 3 75 3 0 0
ST_DELIB 2675 2 1 2 3 10 3 0 0
ST_DELIB 2676 2 1 2 3 10 3 0 0
ST_DELIB 2677 2 1 2 3 75 3 0 0
ST_DELIB 2678 2 1 2 3 10 3 0 0
ST_DELIB 2679 2 1 2 3 10 3 0 0
ST_DELIB 2680 2 1 2 3 75 3 0 0
ST_DELIB 2681 2 1 2 3 10 3 0 0
ST_DELIB 2682 2 1 2 3 10 3 0 0
ST_DELIB 2683 2 1 2 3 10 3 0 0
ST_DELIB 2684 2 1 2 3 75 3 0 0
ST_DELIB 2685 2 1 2 3 10 3 0 0
ST_DELIB 2686 2 1 2 3 10 3 0 0
ST_DELIB 2687 2 1 2 3 75 3 0 0
ST_DELIB 2688 2 1 2 3 10 3 0 0
ST_DELIB 2689 2 1 2 3 10 3 0 0
ST_DELIB 2690 2 1 2 3 75 3 0 0
ST_DELIB 2691 2 1 2 3 10 3 0 0
ST_DELIB 2692 2 1 2 3 10 3 0 0
ST_DELIB 2693 2 1 2 3 10 3 0 0
ST_DELIB 2694 2 1 2 3 75 3 0 0
ST_DELIB 2695 2 1 2 3 10 3 0 0
ST_DELIB 2696 2 1 2 3 10 3 0 0
ST_DELIB 2697 2 1 2 3 75 3 0 0
ST_DELIB 2698 2 1 2 3 10 3 0 0
ST_DELIB 2699 2 1 2 3 10 3 0 0
ST_DELIB 2700 2 1 2 3 75 3 0 0
ST_DELIB 2701 2 1 2 3 10 3 0 0
ST_DELIB 2702 2 1 2 3 10 3 0 0
ST_DELIB 2703 2 1 2 3 10 3 0 0
ST_DELIB 2704 2 1 2 3 75 3 0 0
ST_DELIB 2705 2 1 2 3 10 3 0 0
ST_DELIB 2706 2 1 2 3 10 3 0 0
ST_DELIB 2707 2 1 2 3 75 3 0 0
ST_DELIB 2708 2 1 2 3 10 3 0 0
ST_DELIB 2709 2 1 2 3 10 3 0 0
ST_DELIB 2710 2 1 2 3 75 3 0 0
ST_DELIB 2711 2 1 2 3 10 3 0 0
ST_DELIB 2712 2 1 2 3 10 3 0 0
ST_DELIB 2713 2 1 2 3 10 3 0 0
ST_DELIB 2714 2 1 2 3 75 3 0 0
ST_DELIB 2715 2 1 2 3 10 3 0 0
ST_DELIB 2716 2 1 2 3 10 3 0 0
ST_DELIB 2717 2 1 2 3 75 3 0 0
ST_DELIB 2718 2 1 2 3 10 3 0 0
ST_DELIB 2719 2 1 2 3 10 3 0 0
ST_DELIB 2720 2 1 2 3 75 3 0 0
ST_DELIB 2721 2 1 2 3 10 3 0 0
ST_DELIB 2722 2 1 2 3 10 3 0 0
ST_DELIB 2723 2 1 2 3 10 3 0 0
ST_DELIB 2724 2 1 2 3 75 3 0 0
ST_DELIB 2725 2 1 2 3 10 3 0 0
ST_DELIB 2726 2 1 2 3 10 3 0 0
ST_DELIB 2727 2 1 2 3 75 3 0 0
ST_DELIB 2728 2 1 2 3 10 3 0 0
ST_DELIB 2729 2 1 2 3 10 3 0 0
ST_DELIB 2730 2 1 2 3 75 3 0 0
ST_DELIB 2731 2 1 2 3 10 3 0 0
ST_DELIB 2732 2 1 2 3 10 3 0 0
ST_DELIB 2733 2 1 2 3 10 3 0 0
ST_DELIB 2734 2 1 2 3 75 3 0 0
ST_DELIB 2735 2 1 2 3 10 3 0 0
ST_DELIB 2736 2 1 2 3 10 3 0 0
ST_DELIB 2737 2 1 2 3 75 3 0 0
ST_DELIB 2738 2 1 2 3 10 3 0 0
ST_DELIB 2739 2 1 2 3 10 3 0 0
ST_DELIB 2740 2 1 2 3 75 3 0 0
ST_DELIB 2741 2 1 2 3 10 3 0 0
ST_DELIB 2742 2 1 2 3 10 3 0 0
ST_DELIB 2743 2 1 2 3 10 3 0 0
ST_DELIB 2744 2 1 2 3 75 3 0 0
ST_DELIB 2745 2 1 2 3 10 3 0 0
ST_DELIB 2746 2 1 2 3 10 3 0 0
ST_DELIB 2747 2 1 2 3 75 3 0 0
ST_DELIB 2748 2 1 2 3 10 3 0 0
ST_DELIB 2749 2 1 2 3 10 3 0 0
ST_TS 2750 320 3397 6 5802 2 2430 0 317 825 0 0 0 4 2 50 2
ST_DELIB 2750 2 1 2 3 75 3 0 0
ST_DELIB 2751 2 1 2 3 10 3 0 0
ST_DELIB 2752 2 1 2 3 10 3 0 0
ST_DELIB 2753 2 1 2 3 10 3 0 0
ST_DELIB 2754 2 1 2 3 75 3 0 0
ST_DELIB 2755 2 1 2 3 10 3 0 0
ST_DELIB 2756 2 1 2 3 10 3 0 0
ST_DELIB 2757 2 1 2 3 75 3 0 0
ST_DELIB 2758 2 1 2 3 10 3 0 0
ST_DELIB 2759 2 1 2 3 10 3 0 0
ST_DELIB 2760 2 1 2 3 75 3 0 0
ST_DELIB 2761 2 1 2 3 10 3 0 0
ST_DELIB 2762 2 1 2 3 10 3 0 0
ST_DELIB 2763 2 1 2 3 10 3 0 0
ST_DELIB 2764 2 1 2 3 75 3 0 0
ST_DELIB 2765 2 1 2 3 10 3 0 0
ST_DELIB 2766 2 1 2 3 10 3 0 0
ST_DELIB 2767 2 1 2 3 75 3 0 0
ST_DELIB 2768 2 1 2 3 10 3 0 0
ST_DELIB 2769 2 1 2 3 10 3 0 0
ST_DELIB 2770 2 1 2 3 75 3 0 0
ST_DELIB 2771 2 1 2 3 10 3 0 0
ST_DELIB 2772 2 1 2 3 10 3 0 0
ST_DELIB 2773 2 1 2 3 10 3 0 0
ST_DELIB 2774 2 1 2 3 75 3 0 0
ST_DELIB 2775 2 1 2 3 10 3 0 0
ST_DELIB 2776 2 1 2 3 10 3 0 0
ST_DELIB 2777 2 1 2 3 75 3 0 0
ST_DELIB 2778 2 1 2 3 10 3 0 0
ST_DELIB 2779 2 1 2 3 10 3 0 0
ST_DELIB 2780 2 1 2 3 75 3 0 0
ST_DELIB 2781 2 1 2 3 10 3 0 0
ST_DELIB 2782 2 1 2 3 10 3 0 0
ST_DELIB 2783 2 1 2 3 10 3 0 0
ST_DELIB 2784 2 1 2 3 75 3 0 0
ST_DELIB 2785 2 1 2 3 10 3 0 0
ST_DELIB 2786 2 1 2 3 10 3 0 0
ST_DELIB 2787 2 1 2 3 75 3 0 0
ST_DELIB 2788 2 1 2 3 10 3 0 0
ST_DELIB 2789 2 1 2 3 10 3 0 0
ST_DELIB 2790 2 1 2 3 75 3 0 0
ST_DELIB 2791 2 1 2 3 10 3 0 0
ST_DELIB 2792 2 1 2 3 10 3 0 0
ST_DELIB 2793 2 1 2 3 10 3 0 0
ST_DELIB 2794 2 1 2 3 75 3 0 0
ST_DELIB 2795 2 1 2 3 10 3 0 0
ST_DELIB 2796 2 1 2 3 10 3 0 0
ST_DELIB 2797 2 1 2 3 75 3 0 0
ST_DELIB 2798 2 1 2 3 10 3 0 0
ST_DELIB 2799 2 1 2 3 10 3 0 0
ST_DELIB 2800 2 1 2 3 75 3 0 0
ST_DELIB 2801 2 1 2 3 10 3 0 0
ST_DELIB 2802 2 1 2 3 10 3 0 0
ST_DELIB 2803 2 1 2 3 10 3 0 0
ST_DELIB 2804 2 1 2 3 75 3 0 0
ST_DELIB 2805 2 1 2 3 10 3 0 0
ST_DELIB 2806 2 1 2 3 10 3 0 0
ST_DELIB 2807 2 1 2 3 75 3 0 0
ST_DELIB 2808 2 1 2 3 10 3 0 0
ST_DELIB 2809 2 1 2 3 10 3 0 0
ST_DELIB 2810 2 1 2 3 75 3 0 0
ST_DELIB 2811 2 1 2 3 10 3 0 0
ST_DELIB 2812 2 1 2 3 10 3 0 0
ST_DELIB 2813 2 1 2 3 10 3 0 0
ST_DELIB 2814 2 1 2 3 75 3 0 0
ST_DELIB 2815 2 1 2 3 10 3 0 0
ST_DELIB 2816 2 1 2 3 10 3 0 0
ST_DELIB 2817 2 1 2 3 75 3 0 0
ST_DELIB 2818 2 1 2 3 10 3 0 0
ST_DELIB 2819 2 1 2 3 10 3 0 0
ST_DELIB 2820 2 1 2 3 75 3 0 0
ST_DELIB 2821 2 1 2 3 10 3 0 0
ST_DELIB 2822 2 1 2 3 10 3 0 0
ST_DELIB 2823 2 1 2 3 10 3 0 0
ST_DELIB 2824 2 1 2 3 75 3 0 0
ST_DELIB 2825 2 1 2 3 10 3 0 0
ST_DELIB 2826 2 1 2 3 10 3 0 0
ST_DELIB 2827 2 1 2 3 75 3 0 0
ST_DELIB 2828 2 1 2 3 10 3 0 0
ST_DELIB 2829 2 1 2 3 10 3 0 0
ST_DELIB 2830 2 1 2 3 75 3 0 0
ST_DELIB 2831 2 1 2 3 10 3 0 0
ST_DELIB 2832 2 1 2 3 10 3 0 0
ST_DELIB 2833 2 1 2 3 10 3 0 0
ST_DELIB 2834 2 1 2 3 75 3 0 0
ST_DELIB 2835 2 1 2 3 10 3 0 0
ST_DELIB 2836 2 1 2 3 10 3 0 0
ST_DELIB 2837 2 1 2 3 75 3 0 0
ST_DELIB 2838 2 1 2 3 10 3 0 0
ST_DELIB 2839 2 1 2 3 10 3 0 0
ST_DELIB 2840 2 1 2 3 75 3 0 0
ST_DELIB 2841 2 1 2 3 10 3 0 0
ST_DELIB 2842 2 1 2 3 10 3 0 0
ST_DELIB 2843 2 1 2 3 10 3 0 0
ST_DELIB 2844 2 1 2 3 75 3 0 0
ST_DELIB 2845 2 1 2 3 10 3 0 0
ST_DELIB 2846 2 1 2 3 10 3 0 0
ST_DELIB 2847 2 1 2 3 75 3 0 0
ST_DELIB 2848 2 1 2 3 10 3 0 0
ST_DELIB 2849 2 1 2 3 10 3 0 0
ST_DELIB 2850 2 1 2 3 75 3 0 0
ST_DELIB 2851 2 1 2 3 10 3 0 0
ST_DELIB 2852 2 1 2 3 10 3 0 0
ST_DELIB 2853 2 1 2 3 10 3 0 0
ST_DELIB 2854 2 1 2 3 75 3 0 0
ST_DELIB 2855 2 1 2 3 10 3 0 0
ST_DELIB 2856 2 1 2 3 10 3 0 0
ST_DELIB 2857 2 1 2 3 75 3 0 0
ST_DELIB 2858 2 1 2 3 10 3 0 0
ST_DELIB 2859 2 1 2 3 10 3 0 0
ST_DELIB 2860 2 1 2 3 75 3 0 0
ST_DELIB 2861 2 1 2 3 10 3 0 0
ST_DELIB 2862 2 1 2 3 10 3 0 0
ST_DELIB 2863 2 1 2 3 10 3 0 0
ST_DELIB 2864 2 1 2 3 75 3 0 0
ST_DELIB 2865 2 1 2 3 10 3 0 0
ST_DELIB 2866 2 1 2 3 10 3 0 0
ST_DELIB 2867 2 1 2 3 75 3 0 0
ST_DELIB 2868 2 1 2 3 10 3 0 0
ST_DELIB 2869 2 1 2 3 10 3 0 0
ST_DELIB 2870 2 1 2 3 75 3 0 0
ST_DELIB 2871 2 1 2 3 10 3 0 0
ST_DELIB 2872 2 1 2 3 10 3 0 0
ST_DELIB 2873 2 1 2 3 10 3 0 0
ST_DELIB 2874 2 1 2 3 75 3 0 0
ST_DELIB 2875 2 1 2 3 10 3 0 0
ST_DELIB 2876 2 1 2 3 10 3 0 0
ST_DELIB 2877 2 1 2 3 75 3 0 0
ST_DELIB 2878 2 1 2 3 10 3 0 0
ST_DELIB 2879 2 1 2 3 10 3 0 0
ST_DELIB 2880 2 1 2 3 75 3 0 0
ST_DELIB 2881 2 1 2 3 10 3 0 0
ST_DELIB 2882 2 1 2 3 10 3 0 0
ST_DELIB 2883 2 1 2 3 10 3 0 0
ST_DELIB 2884 2 1 2 3 75 3 0 0
ST_DELIB 2885 2 1 2 3 10 3 0 0
ST_DELIB 2886 2 1 2 3 10 3 0 0
ST_DELIB 2887 2 1 2 3 75 3 0 0
ST_DELIB 2888 2 1 2 3 10 3 0 0
ST_DELIB 2889 2 1 2 3 10 3 0 0
ST_DELIB 2890 2 1 2 3 75 3 0 0
ST_DELIB 2891 2 1 2 3 10 3 0 0
ST_DELIB 2892 2 1 2 3 10 3 0 0
ST_DELIB 2893 2 1 2 3 10 3 0 0
ST_DELIB 2894 2 1 2 3 75 3 0 0
ST_DELIB 2895 2 1 2 3 10 3 0 0
ST_DELIB 2896 2 1 2 3 10 3 0 0
ST_DELIB 2897 2 1 2 3 75 3 0 0
ST_DELIB 2898 2 1 2 3 10 3 0 0
ST_DELIB 2899 2 1 2 3 10 3 0 0
ST_DELIB 2900 2 1 2 3 75 3 0 0
ST_DELIB 2901 2 1 2 3 10 3 0 0
ST_DELIB 2902 2 1 2 3 10 3 0 0
ST_DELIB 2903 2 1 2 3 10 3 0 0
ST_DELIB 2904 2 1 2 3 75 3 0 0
ST_DELIB 2905 2 1 2 3 10 3 0 0
ST_DELIB 2906 2 1 2 3 10 3 0 0
ST_DELIB 2907 2 1 2 3 75 3 0 0
ST_DELIB 2908 2 1 2 3 10 3 0 0
ST_DELIB 2909 2 1 2 3 10 3 0 0
ST_DELIB 2910 2 1 2 3 75 3 0 0
ST_DELIB 2911 2 1 2 3 10 3 0 0
ST_DELIB 2912 2 1 2 3 10 3 0 0
ST_DELIB 2913 2 1 2 3 10 3 0 0
ST_DELIB 2914 2 1 2 3 75 3 0 0
ST_DELIB 2915 2 1 2 3 10 3 0 0
ST_DELIB 2916 2 1 2 3 10 3 0 0
ST_DELIB 2917 2 1 2 3 75 3 0 0
ST_DELIB 2918 2 1 2 3 10 3 0 0
ST_DELIB 2919 2 1 2 3 10 3 0 0
ST_DELIB 2920 2 1 2 3 75 3 0 0
ST_DELIB 2921 2 1 2 3 10 3 0 0
ST_DELIB 2922 2 1 2 3 10 3 0 0
ST_DELIB 2923 2 1 2 3 10 3 0 0
ST_DELIB 2924 2 1 2 3 75 3 0 0
ST_DELIB 2925 2 1 2 3 10 3 0 0
ST_DELIB 2926 2 1 2 3 10 3 0 0
ST_DELIB 2927 2 1 2 3 75 3 0 0
ST_DELIB 2928 2 1 2 3 10 3 0 0
ST_DELIB 2929 2 1 2 3 10 3 0 0
ST_DELIB 2930 2 1 2 3 75 3 0 0
ST_DELIB 2931 2 1 2 3 10 3 0 0
ST_DELIB 2932 2 1 2 3 10 3 0 0
ST_DELIB 2933 2 1 2 3 10 3 0 0
ST_DELIB 2934 2 1 2 3 75 3 0 0
ST_DELIB 2935 2 1 2 3 10 3 0 0
ST_DELIB 2936 2 1 2 3 10 3 0 0
ST_DELIB 2937 2 1 2 3 75 3 0 0
ST_DELIB 2938 2 1 2 3 10 3 0 0
ST_DELIB 2939 2 1 2 3 10 3 0 0
ST_DELIB 2940 2 1 2 3 75 3 0 0
ST_DELIB 2941 2 1 2 3 10 3 0 0
ST_DELIB 2942 2 1 2 3 10 3 0 0
ST_DELIB 2943 2 1 2 3 10 3 0 0
ST_DELIB 2944 2 1 2 3 75 3 0 0
ST_DELIB 2945 2 1 2 3 10 3 0 0
ST_DELIB 2946 2 1 2 3 10 3 0 0
ST_DELIB 2947 2 1 2 3 75 3 0 0
ST_DELIB 2948 2 1 2 3 10 3 0 0
ST_DELIB 2949 2 1 2 3 10 3 0 0
ST_DELIB 2950 2 1 2 3 75 3 0 0
ST_DELIB 2951 2 1 2 3 10 3 0 0
ST_DELIB 2952 2 1 2 3 10 3 0 0
ST_DELIB 2953 2 1 2 3 10 3 0 0
ST_DELIB 2954 2 1 2 3 75 3 0 0
ST_DELIB 2955 2 1 2 3 10 3 0 0
ST_DELIB 2956 2 1 2 3 10 3 0 0
ST_DELIB 2957 2 1 2 3 75 3 0 0
ST_DELIB 2958 2 1 2 3 10 3 0 0
ST_DELIB 2959 2 1 2 3 10 3 0 0
ST_DELIB 2960 2 1 2 3 75 3 0 0
ST_DELIB 2961 2 1 2 3 10 3 0 0
ST_DELIB 2962 2 1 2 3 10 3 0 0
ST_DELIB 2963 2 1 2 3 10 3 0 0
ST_DELIB 2964 2 1 2 3 75 3 0 0
ST_DELIB 2965 2 1 2 3 10 3 0 0
ST_DELIB 2966 2 1 2 3 10 3 0 0
ST_DELIB 2967 2 1 2 3 75 3 0 0
ST_DELIB 2968 2 1 2 3 10 3 0 0
ST_DELIB 2969 2 1 2 3 10 3 0 0
ST_DELIB 2970 2 1 2 3 75 3 0 0
ST_DELIB 2971 2 1 2 3 10 3 0 0
ST_DELIB 2972 2 1 2 3 10 3 0 0
ST_DELIB 2973 2 1 2 3 10 3 0 0
ST_DELIB 2974 2 1 2 3 75 3 0 0
ST_DELIB 2975 2 1 2 3 10 3 0 0
ST_DELIB 2976 2 1 2 3 10 3 0 0
ST_DELIB 2977 2 1 2 3 75 3 0 0
ST_DELIB 2978 2 1 2 3 10 3 0 0
ST_DELIB 2979 2 1 2 3 10 3 0 0
ST_DELIB 2980 2 1 2 3 75 3 0 0
ST_DELIB 2981 2 1 2 3 10 3 0 0
ST_DELIB 2982 2 1 2 3 10 3 0 0
ST_DELIB 2983 2 1 2 3 10 3 0 0
ST_DELIB 2984 2 1 2 3 75 3 0 0
ST_DELIB 2985 2 1 2 3 10 3 0 0
ST_DELIB 2986 2 1 2 3 10 3 0 0
ST_DELIB 2987 2 1 2 3 75 3 0 0
ST_DELIB 2988 2 1 2 3 10 3 0 0
ST_DELIB 2989 2 1 2 3 10 3 0 0
ST_DELIB 2990 2 1 2 3 75 3 0 0
ST_DELIB 2991 2 1 2 3 10 3 0 0
ST_DELIB 2992 2 1 2 3 10 3 0 0
ST_DELIB 2993 2 1 2 3 10 3 0 0
ST_DELIB 2994 2 1 2 3 75 3 0 0
ST_DELIB 2995 2 1 2 3 10 3 0 0
ST_DELIB 2996 2 1 2 3 10 3 0 0
ST_DELIB 2997 2 1 2 3 75 3 0 0
ST_DELIB 2998 2 1 2 3 10 3 0 0
ST_DELIB 2999 2 1 2 3 10 3 0 0
ST_TS 3000 320 3647 6 6552 2 2680 0 317 900 0 0 0 4 2 50 2
ST_DELIB 3000 2 1 2 3 75 3 0 0
ST_DELIB 3001 2 1 2 3 10 3 0 0
ST_DELIB 3002 2 1 2 3 10 3 0 0
ST_DELIB 3003 2 1 2 3 10 3 0 0
ST_DELIB 3004 2 1 2 3 75 3 0 0
ST_DELIB 3005 2 1 2 3 10 3 0 0
ST_DELIB 3006 2 1 2 3 10 3 0 0
ST_DELIB 3007 2 1 2 3 75 3 0 0
ST_DELIB 3008 2 1 2 3 10 3 0 0
ST_DELIB 3009 2 1 2 3 10 3 0 0
ST_DELIB 3010 2 1 2 3 75 3 0 0
ST_DELIB 3011 2 1 2 3 10 3 0 0
ST_DELIB 3012 2 1 2 3 10 3 0 0
ST_DELIB 3013 2 1 2 3 10 3 0 0
ST_DELIB 3014 2 1 2 3 75 3 0 0
ST_DELIB 3015 2 1 2 3 10 3 0 0
ST_DELIB 3016 2 1 2 3 10 3 0 0
ST_DELIB 3017 2 1 2 3 75 3 0 0
ST_DELIB 3018 2 1 2 3 10 3 0 0
ST_DELIB 3019 2 1 2 3 10 3 0 0
ST_DELIB 3020 2 1 2 3 75 3 0 0
ST_DELIB 3021 2 1 2 3 10 3 0 0
ST_DELIB 3022 2 1 2 3 10 3 0 0
ST_DELIB 3023 2 1 2 3 10 3 0 0
ST_DELIB 3024 2 1 2 3 75 3 0 0
ST_DELIB 3025 2 1 2 3 10 3 0 0
ST_DELIB 3026 2 1 2 3 10 3 0 0
ST_DELIB 3027 2 1 2 3 75 3 0 0
ST_DELIB 3028 2 1 2 3 10 3 0 0
ST_DELIB 3029 2 1 2 3 10 3 0 0
ST_DELIB 3030 2 1 2 3 75 3 0 0
ST_DELIB 3031 2 1 2 3 10 3 0 0
ST_DELIB 3032 2 1 2 3 10 3 0 0
ST_DELIB 3033 2 1 2 3 10 3 0 0
ST_DELIB 3034 2 1 2 3 75 3 0 0
ST_DELIB 3035 2 1 2 3 10 3 0 0
ST_DELIB 3036 2 1 2 3 10 3 0 0
ST_DELIB 3037 2 1 2 3 75 3 0 0
ST_DELIB 3038 2 1 2 3 10 3 0 0
ST_DELIB 3039 2 1 2 3 10 3 0 0
ST_DELIB 3040 2 1 2 3 75 3 0 0
ST_DELIB 3041 2 1 2 3 10 3 0 0
ST_DELIB 3042 2 1 2 3 10 3 0 0
ST_DELIB 3043 2 1 2 3 10 3 0 0
ST_DELIB 3044 2 1 2 3 75 3 0 0
ST_DELIB 3045 2 1 2 3 10 3 0 0
ST_DELIB 3046 2 1 2 3 10 3 0 0
ST_DELIB 3047 2 1 2 3 75 3 0 0
ST_DELIB 3048 2 1 2 3 10 3 0 0
ST_DELIB 3049 2 1 2 3 10 3 0 0
ST_DELIB 3050 2 1 2 3 75 3 0 0
ST_DELIB 3051 2 1 2 3 10 3 0 0
ST_DELIB 3052 2 1 2 3 10 3 0 0
ST_DELIB 3053 2 1 2 3 10 3 0 0
ST_DELIB 3054 2 1 2 3 75 3 0 0
ST_DELIB 3055 2 1 2 3 10 3 0 0
ST_DELIB 3056 2 1 2 3 10 3 0 0
ST_DELIB 3057 2 1 2 3 75 3 0 0
ST_DELIB 3058 2 1 2 3 10 3 0 0
ST_DELIB 3059 2 1 2 3 10 3 0 0
ST_DELIB 3060 2 1 2 3 75 3 0 0
ST_DELIB 3061 2 1 2 3 10 3 0 0
ST_DELIB 3062 2 1 2 3 10 3 0 0
ST_DELIB 3063 2 1 2 3 10 3 0 0
ST_DELIB 3064 2 1 2 3 75 3 0 0
ST_DELIB 3065 2 1 2 3 10 3 0 0
ST_DELIB 3066 2 1 2 3 10 3 0 0
ST_DELIB 3067 2 1 2 3 75 3 0 0
ST_DELIB 3068 2 1 2 3 10 3 0 0
ST_DELIB 3069 2 1 2 3 10 3 0 0
ST_DELIB 3070 2 1 2 3 75 3 0 0
ST_DELIB 3071 2 1 2 3 10 3 0 0
ST_DELIB 3072 2 1 2 3 10 3 0 0
ST_DELIB 3073 2 1 2 3 10 3 0 0
ST_DELIB 3074 2 1 2 3 75 3 0 0
ST_DELIB 3075 2 1 2 3 10 3 0 0
ST_DELIB 3076 2 1 2 3 10 3 0 0
ST_DELIB 3077 2 1 2 3 75 3 0 0
ST_DELIB 3078 2 1 2 3 10 3 0 0
ST_DELIB 3079 2 1 2 3 10 3 0 0
ST_DELIB 3080 2 1 2 3 75 3 0 0
ST_DELIB 3081 2 1 2 3 10 3 0 0
ST_DELIB 3082 2 1 2 3 10 3 0 0
ST_DELIB 3083 2 1 2 3 10 3 0 0
ST_DELIB 3084 2 1 2 3 75 3 0 0
ST_DELIB 3085 2 1 2 3 10 3 0 0
ST_DELIB 3086 2 1 2 3 10 3 0 0
ST_DELIB 3087 2 1 2 3 75 3 0 0
ST_DELIB 3088 2 1 2 3 10 3 0 0
ST_DELIB 3089 2 1 2 3 10 3 0 0
ST_DELIB 3090 2 1 2 3 75 3 0 0
ST_DELIB 3091 2 1 2 3 10 3 0 0
ST_DELIB 3092 2 1 2 3 10 3 0 0
ST_DELIB 3093 2 1 2 3 10 3 0 0
ST_DELIB 3094 2 1 2 3 75 3 0 0
ST_DELIB 3095 2 1 2 3 10 3 0 0
ST_DELIB 3096 2 1 2 3 10 3 0 0
ST_DELIB 3097 2 1 2 3 75 3 0 0
ST_DELIB 3098 2 1 2 3 10 3 0 0
ST_DELIB 3099 2 1 2 3 10 3 0 0
ST_DELIB 3100 2 1 2 3 75 3 0 0
ST_DELIB 3101 2 1 2 3 10 3 0 0
ST_DELIB 3102 2 1 2 3 10 3 0 0
ST_DELIB 3103 2 1 2 3 10 3 0 0
ST_DELIB 3104 2 1 2 3 75 3 0 0
ST_DELIB 3105 2 1 2 3 10 3 0 0
ST_DELIB 3106 2 1 2 3 10 3 0 0
ST_DELIB 3107 2 1 2 3 75 3 0 0
ST_DELIB 3108 2 1 2 3 10 3 0 0
ST_DELIB 3109 2 1 2 3 10 3 0 0
ST_DELIB 3110 2 1 2 3 75 3 0 0
ST_DELIB 3111 2 1 2 3 10 3 0 0
ST_DELIB 3112 2 1 2 3 10 3 0 0
ST_DELIB 3113 2 1 2 3 10 3 0 0
ST_DELIB 3114 2 1 2 3 75 3 0 0
ST_DELIB 3115 2 1 2 3 10 3 0 0
ST_DELIB 3116 2 1 2 3 10 3 0 0
ST_DELIB 3117 2 1 2 3 75 3 0 0
ST_DELIB 3118 2 1 2 3 10 3 0 0
ST_DELIB 3119 2 1 2 3 10 3 0 0
ST_DELIB 3120 2 1 2 3 75 3 0 0
ST_DELIB 3121 2 1 2 3 10 3 0 0
ST_DELIB 3122 2 1 2 3 10 3 0 0
ST_DELIB 3123 2 1 2 3 10 3 0 0
ST_DELIB 3124 2 1 2 3 75 3 0 0
ST_DELIB 3125 2 1 2 3 10 3 0 0
ST_DELIB 3126 2 1 2 3 10 3 0 0
ST_DELIB 3127 2 1 2 3 75 3 0 0
ST_DELIB 3128 2 1 2 3 10 3 0 0
ST_DELIB 3129 2 1 2 3 10 3 0 0
ST_DELIB 3130 2 1 2 3 75 3 0 0
ST_DELIB 3131 2 1 2 3 10 3 0 0
ST_DELIB 3132 2 1 2 3 10 3 0 0
ST_DELIB 3133 2 1 2 3 10 3 0 0
ST_DELIB 3134 2 1 2 3 75 3 0 0
ST_DELIB 3135 2 1 2 3 10 3 0 0
ST_DELIB 3136 2 1 2 3 10 3 0 0
ST_DELIB 3137 2 1 2 3 75 3 0 0
ST_DELIB 3138 2 1 2 3 10 3 0 0
ST_DELIB 3139 2 1 2 3 10 3 0 0
ST_DELIB 3140 2 1 2 3 75 3 0 0
ST_DELIB 3141 2 1 2 3 10 3 0 0
ST_DELIB 3142 2 1 2 3 10 3 0 0
ST_DELIB 3143 2 1 2 3 10 3 0 0
ST_DELIB 3144 2 1 2 3 75 3 0 0
ST_DELIB 3145 2 1 2 3 10 3 0 0
ST_DELIB 3146 2 1 2 3 10 3 0 0
ST_DELIB 3147 2 1 2 3 75 3 0 0
ST_DELIB 3148 2 1 2 3 10 3 0 0
ST_DELIB 3149 2 1 2 3 10 3 0 0
ST_DELIB 3150 2 1 2 3 75 3 0 0
ST_DELIB 3151 2 1 2 3 10 3 0 0
ST_DELIB 3152 2 1 2 3 10 3 0 0
ST_DELIB 3153 2 1 2 3 10 3 0 0
ST_DELIB 3154 2 1 2 3 75 3 0 0
ST_DELIB 3155 2 1 2 3 10 3 0 0
ST_DELIB 3156 2 1 2 3 10 3 0 0
ST_DELIB 3157 2 1 2 3 75 3 0 0
ST_DELIB 3158 2 1 2 3 10 3 0 0
ST_DELIB 3159 2 1 2 3 10 3 0 0
ST_DELIB 3160 2 1 2 3 75 3 0 0
ST_DELIB 3161 2 1 2 3 10 3 0 0
ST_DELIB 3162 2 1 2 3 10 3 0 0
ST_DELIB 3163 2 1 2 3 10 3 0 0
ST_DELIB 3164 2 1 2 3 75 3 0 0
ST_DELIB 3165 2 1 2 3 10 3 0 0
ST_DELIB 3166 2 1 2 3 10 3 0 0
ST_DELIB 3167 2 1 2 3 75 3 0 0
ST_DELIB 3168 2 1 2 3 10 3 0 0
ST_DELIB 3169 2 1 2 3 10 3 0 0
ST_DELIB 3170 2 1 2 3 75 3 0 0
ST_DELIB 3171 2 1 2 3 10 3 0 0
ST_DELIB 3172 2 1 2 3 10 3 0 0
ST_DELIB 3173 2 1 2 3 10 3 0 0
ST_DELIB 3174 2 1 2 3 75 3 0 0
ST_DELIB 3175 2 1 2 3 10 3 0 0
ST_DELIB 3176 2 1 2 3 10 3 0 0
ST_DELIB 3177 2 1 2 3 75 3 0 0
ST_DELIB 3178 2 1 2 3 10 3 0 0
ST_DELIB 3179 2 1 2 3 10 3 0 0
ST_DELIB 3180 2 1 2 3 75 3 0 0
ST_DELIB 3181 2 1 2 3 10 3 0 0
ST_DELIB 3182 2 1 2 3 10 3 0 0
ST_DELIB 3183 2 1 2 3 10 3 0 0
ST_DELIB 3184 2 1 2 3 75 3 0 0
ST_DELIB 3185 2 1 2 3 10 3 0 0
ST_DELIB 3186 2 1 2 3 10 3 0 0
ST_DELIB 3187 2 1 2 3 75 3 0 0
ST_DELIB 3188 2 1 2 3 10 3 0 0
ST_DELIB 3189 2 1 2 3 10 3 0 0
ST_DELIB 3190 2 1 2 3 75 3 0 0
ST_DELIB 3191 2 1 2 3 10 3 0 0
ST_DELIB 3192 2 1 2 3 10 3 0 0
ST_DELIB 3193 2 1 2 3 10 3 0 0
ST_DELIB 3194 2 1 2 3 75 3 0 0
ST_DELIB 3195 2 1 2 3 10 3 0 0
ST_DELIB 3196 2 1 2 3 10 3 0 0
ST_DELIB 3197 2 1 2 3 75 3 0 0
ST_DELIB 3198 2 1 2 3 10 3 0 0
ST_DELIB 3199 2 1 2 3 10 3 0 0
ST_DELIB 3200 2 1 2 3 75 3 0 0
ST_DELIB 3201 2 1 2 3 10 3 0 0
ST_DELIB 3202 2 1 2 3 10 3 0 0
ST_DELIB 3203 2 1 2 3 10 3 0 0
ST_DELIB 3204 2 1 2 3 75 3 0 0
ST_DELIB 3205 2 1 2 3 10 3 0 0
ST_DELIB 3206 2 1 2 3 10 3 0 0
ST_DELIB 3207 2 1 2 3 75 3 0 0
ST_DELIB 3208 2 1 2 3 10 3 0 0
ST_DELIB 3209 2 1 2 3 10 3 0 0
ST_DELIB 3210 2 1 2 3 75 3 0 0
ST_DELIB 3211 2 1 2 3 10 3 0 0
ST_DELIB 3212 2 1 2 3 10 3 0 0
ST_DELIB 3213 2 1 2 3 10 3 0 0
ST_DELIB 3214 2 1 2 3 75 3 0 0
ST_DELIB 3215 2 1 2 3 10 3 0 0
ST_DELIB 3216 2 1 2 3 10 3 0 0
ST_DELIB 3217 2 1 2 3 75 3 0 0
ST_DELIB 3218 2 1 2 3 10 3 0 0
ST_DELIB 3219 2 1 2 3 10 3 0 0
ST_DELIB 3220 2 1 2 3 75 3 0 0
ST_DELIB 3221 2 1 2 3 10 3 0 0
ST_DELIB 3222 2 1 2 3 10 3 0 0
ST_DELIB 3223 2 1 2 3 10 3 0 0
ST_DELIB 3224 2 1 2 3 75 3 0 0
ST_DELIB 3225 2 1 2 3 10 3 0 0
ST_DELIB 3226 2 1 2 3 10 3 0 0
ST_DELIB 3227 2 1 2 3 75 3 0 0
ST_DELIB 3228 2 1 2 3 10 3 0 0
ST_DELIB 3229 2 1 2 3 10 3 0 0
ST_DELIB 3230 2 1 2 3 75 3 0 0
ST_DELIB 3231 2 1 2 3 10 3 0 0
ST_DELIB 3232 2 1 2 3 10 3 0 0
ST_DELIB 3233 2 1 2 3 10 3 0 0
ST_DELIB 3234 2 1 2 3 75 3 0 0
ST_DELIB 3235 2 1 2 3 10 3 0 0
ST_DELIB 3236 2 1 2 3 10 3 0 0
ST_DELIB 3237 2 1 2 3 75 3 0 0
ST_DELIB 3238 2 1 2 3 10 3 0 0
ST_DELIB 3239 2 1 2 3 10 3 0 0
ST_DELIB 3240 2 1 2 3 75 3 0 0
ST_DELIB 3241 2 1 2 3 10 3 0 0
ST_DELIB 3242 2 1 2 3 10 3 0 0
ST_DELIB 3243 2 1 2 3 10 3 0 0
ST_DELIB 3244 2 1 2 3 75 3 0 0
ST_DELIB 3245 2 1 2 3 10 3 0 0
ST_DELIB 3246 2 1 2 3 10 3 0 0
ST_DELIB 3247 2 1 2 3 75 3 0 0
ST_DELIB 3248 2 1 2 3 10 3 0 0
ST_DELIB 3249 2 1 2 3 10 3 0 0
ST_TS 3250 320 3897 6 7302 2 2930 0 317 975 0 0 0 4 2 50 2
ST_DELIB 3250 2 1 2 3 75 3 0 0
ST_DELIB 3251 2 1 2 3 10 3 0 0
ST_DELIB 3252 2 1 2 3 10 3 0 0
ST_DELIB 3253 2 1 2 3 10 3 0 0
ST_DELIB 3254 2 1 2 3 75 3 0 0
ST_DELIB 3255 2 1 2 3 10 3 0 0
ST_DELIB 3256 2 1 2 3 10 3 0 0
ST_DELIB 3257 2 1 2 3 75 3 0 0
ST_DELIB 3258 2 1 2 3 10 3 0 0
ST_DELIB 3259 2 1 2 3 10 3 0 0
ST_DELIB 3260 2 1 2 3 75 3 0 0
ST_DELIB 3261 2 1 2 3 10 3 0 0
ST_DELIB 3262 2 1 2 3 10 3 0 0
ST_DELIB 3263 2 1 2 3 10 3 0 0
ST_DELIB 3264 2 1 2 3 75 3 0 0
ST_DELIB 3265 2 1 2 3 10 3 0 0
ST_DELIB 3266 2 1 2 3 10 3 0 0
ST_DELIB 3267 2 1 2 3 75 3 0 0
ST_DELIB 3268 2 1 2 3 10 3 0 0
ST_DELIB 3269 2 1 2 3 10 3 0 0
ST_DELIB 3270 2 1 2 3 75 3 0 0
ST_DELIB 3271 2 1 2 3 10 3 0 0
ST_DELIB 3272 2 1 2 3 10 3 0 0
ST_DELIB 3273 2 1 2 3 10 3 0 0
ST_DELIB 3274 2 1 2 3 75 3 0 0
ST_DELIB 3275 2 1 2 3 10 3 0 0
ST_DELIB 3276 2 1 2 3 10 3 0 0
ST_DELIB 3277 2 1 2 3 75 3 0 0
ST_DELIB 3278 2 1 2 3 10 3 0 0
ST_DELIB 3279 2 1 2 3 10 3 0 0
ST_DELIB 3280 2 1 2 3 75 3 0 0
ST_DELIB 3281 2 1 2 3 10 3 0 0
ST_DELIB 3282 2 1 2 3 10 3 0 0
ST_DELIB 3283 2 1 2 3 10 3 0 0
ST_DELIB 3284 2 1 2 3 75 3 0 0
ST_DELIB 3285 2 1 2 3 10 3 0 0
ST_DELIB 3286 2 1 2 3 10 3 0 0
ST_DELIB 3287 2 1 2 3 75 3 0 0
ST_DELIB 3288 2 1 2 3 10 3 0 0
ST_DELIB 3289 2 1 2 3 10 3 0 0
ST_DELIB 3290 2 1 2 3 75 3 0 0
ST_DELIB 3291 2 1 2 3 10 3 0 0
ST_DELIB 3292 2 1 2 3 10 3 0 0
ST_DELIB 3293 2 1 2 3 10 3 0 0
ST_DELIB 3294 2 1 2 3 75 3 0 0
ST_DELIB 3295 2 1 2 3 10 3 0 0
ST_DELIB 3296 2 1 2 3 10 3 0 0
ST_DELIB 3297 2 1 2 3 75 3 0 0
ST_DELIB 3298 2 1 2 3 10 3 0 0
ST_DELIB 3299 2 1 2 3 10 3 0 0
ST_DELIB 3300 2 1 2 3 75 3 0 0
ST_DELIB 3301 2 1 2 3 10 3 0 0
ST_DELIB 3302 2 1 2 3 10 3 0 0
ST_DELIB 3303 2 1 2 3 10 3 0 0
ST_DELIB 3304 2 1 2 3 75 3 0 0
ST_DELIB 3305 2 1 2 3 10 3 0 0
ST_DELIB 3306 2 1 2 3 10 3 0 0
ST_DELIB 3307 2 1 2 3 75 3 0 0
ST_DELIB 3308 2 1 2 3 10 3 0 0
ST_DELIB 3309 2 1 2 3 10 3 0 0
ST_DELIB 3310 2 1 2 3 75 3 0 0
ST_DELIB 3311 2 1 2 3 10 3 0 0
ST_DELIB 3312 2 1 2 3 10 3 0 0
ST_DELIB 3313 2 1 2 3 10 3 0 0
ST_DELIB 3314 2 1 2 3 75 3 0 0
ST_DELIB 3315 2 1 2 3 10 3 0 0
ST_DELIB 3316 2 1 2 3 10 3 0 0
ST_DELIB 3317 2 1 2 3 75 3 0 0
ST_DELIB 3318 2 1 2 3 10 3 0 0
ST_DELIB 3319 2 1 2 3 10 3 0 0
ST_DELIB 3320 2 1 2 3 75 3 0 0
ST_DELIB 3321 2 1 2 3 10 3 0 0
ST_DELIB 3322 2 1 2 3 10 3 0 0
ST_DELIB 3323 2 1 2 3 10 3 0 0
ST_DELIB 3324 2 1 2 3 75 3 0 0
ST_DELIB 3325 2 1 2 3 10 3 0 0
ST_DELIB 3326 2 1 2 3 10 3 0 0
ST_DELIB 3327 2 1 2 3 75 3 0 0
ST_DELIB 3328 2 1 2 3 10 3 0 0
ST_DELIB 3329 2 1 2 3 10 3 0 0
ST_DELIB 3330 2 1 2 3 75 3 0 0
ST_DELIB 3331 2 1 2 3 10 3 0 0
ST_DELIB 3332 2 1 2 3 10 3 0 0
ST_DELIB 3333 2 1 2 3 10 3 0 0
ST_DELIB 3334 2 1 2 3 75 3 0 0
ST_DELIB 3335 2 1 2 3 10 3 0 0
ST_DELIB 3336 2 1 2 3 10 3 0 0
ST_DELIB 3337 2 1 2 3 75 3 0 0
ST_DELIB 3338 2 1 2 3 10 3 0 0
ST_DELIB 3339 2 1 2 3 10 3 0 0
ST_DELIB 3340 2 1 2 3 75 3 0 0
ST_DELIB 3341 2 1 2 3 10 3 0 0
ST_DELIB 3342 2 1 2 3 10 3 0 0
ST_DELIB 3343 2 1 2 3 10 3 0 0
ST_DELIB 3344 2 1 2 3 75 3 0 0
ST_DELIB 3345 2 1 2 3 10 3 0 0
ST_DELIB 3346 2 1 2 3 10 3 0 0
ST_DELIB 3347 2 1 2 3 75 3 0 0
ST_DELIB 3348 2 1 2 3 10 3 0 0
ST_DELIB 3349 2 1 2 3 10 3 0 0
ST_DELIB 3350 2 1 2 3 75 3 0 0
ST_DELIB 3351 2 1 2 3 10 3 0 0
ST_DELIB 3352 2 1 2 3 10 3 0 0
ST_DELIB 3353 2 1 2 3 10 3 0 0
ST_DELIB 3354 2 1 2 3 75 3 0 0
ST_DELIB 3355 2 1 2 3 10 3 0 0
ST_DELIB 3356 2 1 2 3 10 3 0 0
ST_DELIB 3357 2 1 2 3 75 3 0 0
ST_DELIB 3358 2 1 2 3 10 3 0 0
ST_DELIB 3359 2 1 2 3 10 3 0 0
ST_DELIB 3360 2 1 2 3 75 3 0 0
ST_DELIB 3361 2 1 2 3 10 3 0 0
ST_DELIB 3362 2 1 2 3 10 3 0 0
ST_DELIB 3363 2 1 2 3 10 3 0 0
ST_DELIB 3364 2 1 2 3 75 3 0 0
ST_DELIB 3365 2 1 2 3 10 3 0 0
ST_DELIB 3366 2 1 2 3 10 3 0 0
ST_DELIB 3367 2 1 2 3 75 3 0 0
ST_DELIB 3368 2 1 2 3 10 3 0 0
ST_DELIB 3369 2 1 2 3 10 3 0 0
ST_DELIB 3370 2 1 2 3 75 3 0 0
ST_DELIB 3371 2 1 2 3 10 3 0 0
ST_DELIB 3372 2 1 2 3 10 3 0 0
ST_DELIB 3373 2 1 2 3 10 3 0 0
ST_DELIB 3374 2 1 2 3 75 3 0 0
ST_DELIB 3375 2 1 2 3 10 3 0 0
ST_DELIB 3376 2 1 2 3 10 3 0 0
ST_DELIB 3377 2 1 2 3 75 3 0 0
ST_DELIB 3378 2 1 2 3 10 3 0 0
ST_DELIB 3379 2 1 2 3 10 3 0 0
ST_DELIB 3380 2 1 2 3 75 3 0 0
ST_DELIB 3381 2 1 2 3 10 3 0 0
ST_DELIB 3382 2 1 2 3 10 3 0 0
ST_DELIB 3383 2 1 2 3 10 3 0 0
ST_DELIB 3384 2 1 2 3 75 3 0 0
ST_DELIB 3385 2 1 2 3 10 3 0 0
ST_DELIB 3386 2 1 2 3 10 3 0 0
ST_DELIB 3387 2 1 2 3 75 3 0 0
ST_DELIB 3388 2 1 2 3 10 3 0 0
ST_DELIB 3389 2 1 2 3 10 3 0 0
ST_DELIB 3390 2 1 2 3 75 3 0 0
ST_DELIB 3391 2 1 2 3 10 3 0 0
ST_DELIB 3392 2 1 2 3 10 3 0 0
ST_DELIB 3393 2 1 2 3 10 3 0 0
ST_DELIB 3394 2 1 2 3 75 3 0 0
ST_DELIB 3395 2 1 2 3 10 3 0 0
ST_DELIB 3396 2 1 2 3 10 3 0 0
ST_DELIB 3397 2 1 2 3 75 3 0 0
ST_DELIB 3398 2 1 2 3 10 3 0 0
ST_DELIB 3399 2 1 2 3 10 3 0 0
ST_DELIB 3400 2 1 2 3 75 3 0 0
ST_DELIB 3401 2 1 2 3 10 3 0 0
ST_DELIB 3402 2 1 2 3 10 3 0 0
ST_DELIB 3403 2 1 2 3 10 3 0 0
ST_DELIB 3404 2 1 2 3 75 3 0 0
ST_DELIB 3405 2 1 2 3 10 3 0 0
ST_DELIB 3406 2 1 2 3 10 3 0 0
ST_DELIB 3407 2 1 2 3 75 3 0 0
ST_DELIB 3408 2 1 2 3 10 3 0 0
ST_DELIB 3409 2 1 2 3 10 3 0 0
ST_DELIB 3410 2 1 2 3 75 3 0 0
ST_DELIB 3411 2 1 2 3 10 3 0 0
ST_DELIB 3412 2 1 2 3 10 3 0 0
ST_DELIB 3413 2 1 2 3 10 3 0 0
ST_DELIB 3414 2 1 2 3 75 3 0 0
ST_DELIB 3415 2 1 2 3 10 3 0 0
ST_DELIB 3416 2 1 2 3 10 3 0 0
ST_DELIB 3417 2 1 2 3 75 3 0 0
ST_DELIB 3418 2 1 2 3 10 3 0 0
ST_DELIB 3419 2 1 2 3 10 3 0 0
ST_DELIB 3420 2 1 2 3 75 3 0 0
ST_DELIB 3421 2 1 2 3 10 3 0 0
ST_DELIB 3422 2 1 2 3 10 3 0 0
ST_DELIB 3423 2 1 2 3 10 3 0 0
ST_DELIB 3424 2 1 2 3 75 3 0 0
ST_DELIB 3425 2 1 2 3 10 3 0 0
ST_DELIB 3426 2 1 2 3 10 3 0 0
ST_DELIB 3427 2 1 2 3 75 3 0 0
ST_DELIB 3428 2 1 2 3 10 3 0 0
ST_DELIB 3429 2 1 2 3 10 3 0 0
ST_DELIB 3430 2 1 2 3 75 3 0 0
ST_DELIB 3431 2 1 2 3 10 3 0 0
ST_DELIB 3432 2 1 2 3 10 3 0 0
ST_DELIB 3433 2 1 2 3 10 3 0 0
ST_DELIB 3434 2 1 2 3 75 3 0 0
ST_DELIB 3435 2 1 2 3 10 3 0 0
ST_DELIB 3436 2 1 2 3 10 3 0 0
ST_DELIB 3437 2 1 2 3 75 3 0 0
ST_DELIB 3438 2 1 2 3 10 3 0 0
ST_DELIB 3439 2 1 2 3 10 3 0 0
ST_DELIB 3440 2 1 2 3 75 3 0 0
ST_DELIB 3441 2 1 2 3 10 3 0 0
ST_DELIB 3442 2 1 2 3 10 3 0 0
ST_DELIB 3443 2 1 2 3 10 3 0 0
ST_DELIB 3444 2 1 2 3 75 3 0 0
ST_DELIB 3445 2 1 2 3 10 3 0 0
ST_DELIB 3446 2 1 2 3 10 3 0 0
ST_DELIB 3447 2 1 2 3 75 3 0 0
ST_DELIB 3448 2 1 2 3 10 3 0 0
ST_DELIB 3449 2 1 2 3 10 3 0 0
ST_DELIB 3450 2 1 2 3 75 3 0 0
ST_DELIB 3451 2 1 2 3 10 3 0 0
ST_DELIB 3452 2 1 2 3 10 3 0 0
ST_DELIB 3453 2 1 2 3 10 3 0 0
ST_DELIB 3454 2 1 2 3 75 3 0 0
ST_DELIB 3455 2 1 2 3 10 3 0 0
ST_DELIB 3456 2 1 2 3 10 3 0 0
ST_DELIB 3457 2 1 2 3 75 3 0 0
ST_DELIB 3458 2 1 2 3 10 3 0 0
ST_DELIB 3459 2 1 2 3 10 3 0 0
ST_DELIB 3460 2 1 2 3 75 3 0 0
ST_DELIB 3461 2 1 2 3 10 3 0 0
ST_DELIB 3462 2 1 2 3 10 3 0 0
ST_DELIB 3463 2 1 2 3 10 3 0 0
ST_DELIB 3464 2 1 2 3 75 3 0 0
ST_DELIB 3465 2 1 2 3 10 3 0 0
ST_DELIB 3466 2 1 2 3 10 3 0 0
ST_DELIB 3467 2 1 2 3 75 3 0 0
ST_DELIB 3468 2 1 2 3 10 3 0 0
ST_DELIB 3469 2 1 2 3 10 3 0 0
ST_DELIB 3470 2 1 2 3 75 3 0 0
ST_DELIB 3471 2 1 2 3 10 3 0 0
ST_DELIB 3472 2 1 2 3 10 3 0 0
ST_DELIB 3473 2 1 2 3 10 3 0 0
ST_DELIB 3474 2 1 2 3 75 3 0 0
ST_DELIB 3475 2 1 2 3 10 3 0 0
ST_DELIB 3476 2 1 2 3 10 3 0 0
ST_DELIB 3477 2 1 2 3 75 3 0 0
ST_DELIB 3478 2 1 2 3 10 3 0 0
ST_DELIB 3479 2 1 2 3 10 3 0 0
ST_DELIB 3480 2 1 2 3 75 3 0 0
ST_DELIB 3481 2 1 2 3 10 3 0 0
ST_DELIB 3482 2 1 2 3 10 3 0 0
ST_DELIB 3483 2 1 2 3 10 3 0 0
ST_DELIB 3484 2 1 2 3 75 3 0 0
ST_DELIB 3485 2 1 2 3 10 3 0 0
ST_DELIB 3486 2 1 2 3 10 3 0 0
ST_DELIB 3487 2 1 2 3 75 3 0 0
ST_DELIB 3488 2 1 2 3 10 3 0 0
ST_DELIB 3489 2 1 2 3 10 3 0 0
ST_DELIB 3490 2 1 2 3 75 3 0 0
ST_DELIB 3491 2 1 2 3 10 3 0 0
ST_DELIB 3492 2 1 2 3 10 3 0 0
ST_DELIB 3493 2 1 2 3 10 3 0 0
ST_DELIB 3494 2 1 2 3 75 3 0 0
ST_DELIB 3495 2 1 2 3 10 3 0 0
ST_DELIB 3496 2 1 2 3 10 3 0 0
ST_DELIB 3497 2 1 2 3 75 3 0 0
ST_DELIB 3498 2 1 2 3 10 3 0 0
ST_DELIB 3499 2 1 2 3 10 3 0 0
ST_TS 3500 320 4147 6 8052 2 3180 0 317 1050 0 0 0 5 2 50 2
ST_DELIB 3500 2 1 2 3 75 3 0 0
ST_DELIB 3501 2 1 2 3 10 3 0 0
ST_DELIB 3502 2 1 2 3 10 3 0 0
ST_DELIB 3503 2 1 2 3 10 3 0 0
ST_DELIB 3504 2 1 2 3 75 3 0 0
ST_DELIB 3505 2 1 2 3 10 3 0 0
ST_DELIB 3506 2 1 2 3 10 3 0 0
ST_DELIB 3507 2 1 2 3 75 3 0 0
ST_DELIB 3508 2 1 2 3 10 3 0 0
ST_DELIB 3509 2 1 2 3 10 3 0 0
ST_DELIB 3510 2 1 2 3 75 3 0 0
ST_DELIB 3511 2 1 2 3 10 3 0 0
ST_DELIB 3512 2 1 2 3 10 3 0 0
ST_DELIB 3513 2 1 2 3 10 3 0 0
ST_DELIB 3514 2 1 2 3 75 3 0 0
ST_DELIB 3515 2 1 2 3 10 3 0 0
ST_DELIB 3516 2 1 2 3 10 3 0 0
ST_DELIB 3517 2 1 2 3 75 3 0 0
ST_DELIB 3518 2 1 2 3 10 3 0 0
ST_DELIB 3519 2 1 2 3 10 3 0 0
ST_DELIB 3520 2 1 2 3 75 3 0 0
ST_DELIB 3521 2 1 2 3 10 3 0 0
ST_DELIB 3522 2 1 2 3 10 3 0 0
ST_DELIB 3523 2 1 2 3 10 3 0 0
ST_DELIB 3524 2 1 2 3 75 3 0 0
ST_DELIB 3525 2 1 2 3 10 3 0 0
ST_DELIB 3526 2 1 2 3 10 3 0 0
ST_DELIB 3527 2 1 2 3 75 3 0 0
ST_DELIB 3528 2 1 2 3 10 3 0 0
ST_DELIB 3529 2 1 2 3 10 3 0 0
ST_DELIB 3530 2 1 2 3 75 3 0 0
ST_DELIB 3531 2 1 2 3 10 3 0 0
ST_DELIB 3532 2 1 2 3 10 3 0 0
ST_DELIB 3533 2 1 2 3 10 3 0 0
ST_DELIB 3534 2 1 2 3 75 3 0 0
ST_DELIB 3535 2 1 2 3 10 3 0 0
ST_DELIB 3536 2 1 2 3 10 3 0 0
ST_DELIB 3537 2 1 2 3 75 3 0 0
ST_DELIB 3538 2 1 2 3 10 3 0 0
ST_DELIB 3539 2 1 2 3 10 3 0 0
ST_DELIB 3540 2 1 2 3 75 3 0 0
ST_DELIB 3541 2 1 2 3 10 3 0 0
ST_DELIB 3542 2 1 2 3 10 3 0 0
ST_DELIB 3543 2 1 2 3 10 3 0 0
ST_DELIB 3544 2 1 2 3 75 3 0 0
ST_DELIB 3545 2 1 2 3 10 3 0 0
ST_DELIB 3546 2 1 2 3 10 3 0 0
ST_DELIB 3547 2 1 2 3 75 3 0 0
ST_DELIB 3548 2 1 2 3 10 3 0 0
ST_DELIB 3549 2 1 2 3 10 3 0 0
ST_DELIB 3550 2 1 2 3 75 3 0 0
ST_DELIB 3551 2 1 2 3 10 3 0 0
ST_DELIB 3552 2 1 2 3 10 3 0 0
ST_DELIB 3553 2 1 2 3 10 3 0 0
ST_DELIB 3554 2 1 2 3 75 3 0 0
ST_DELIB 3555 2 1 2 3 10 3 0 0
ST_DELIB 3556 2 1 2 3 10 3 0 0
ST_DELIB 3557 2 1 2 3 75 3 0 0
ST_DELIB 3558 2 1 2 3 10 3 0 0
ST_DELIB 3559 2 1 2 3 10 3 0 0
ST_DELIB 3560 2 1 2 3 75 3 0 0
ST_DELIB 3561 2 1 2 3 10 3 0 0
ST_DELIB 3562 2 1 2 3 10 3 0 0
ST_DELIB 3563 2 1 2 3 10 3 0 0
ST_DELIB 3564 2 1 2 3 75 3 0 0
ST_DELIB 3565 2 1 2 3 10 3 0 0
ST_DELIB 3566 2 1 2 3 10 3 0 0
ST_DELIB 3567 2 1 2 3 75 3 0 0
ST_DELIB 3568 2 1 2 3 10 3 0 0
ST_DELIB 3569 2 1 2 3 10 3 0 0
ST_DELIB 3570 2 1 2 3 75 3 0 0
ST_DELIB 3571 2 1 2 3 10 3 0 0
ST_DELIB 3572 2 1 2 3 10 3 0 0
ST_DELIB 3573 2 1 2 3 10 3 0 0
ST_DELIB 3574 2 1 2 3 75 3 0 0
ST_DELIB 3575 2 1 2 3 10 3 0 0
ST_DELIB 3576 2 1 2 3 10 3 0 0
ST_DELIB 3577 2 1 2 3 75 3 0 0
ST_DELIB 3578 2 1 2 3 10 3 0 0
ST_DELIB 3579 2 1 2 3 10 3 0 0
ST_DELIB 3580 2 1 2 3 75 3 0 0
ST_DELIB 3581 2 1 2 3 10 3 0 0
ST_DELIB 3582 2 1 2 3 10 3 0 0
ST_DELIB 3583 2 1 2 3 10 3 0 0
ST_DELIB 3584 2 1 2 3 75 3 0 0
ST_DELIB 3585 2 1 2 3 10 3 0 0
ST_DELIB 3586 2 1 2 3 10 3 0 0
ST_DELIB 3587 2 1 2 3 75 3 0 0
ST_DELIB 3588 2 1 2 3 10 3 0 0
ST_DELIB 3589 2 1 2 3 10 3 0 0
ST_DELIB 3590 2 1 2 3 75 3 0 0
ST_DELIB 3591 2 1 2 3 10 3 0 0
ST_DELIB 3592 2 1 2 3 10 3 0 0
ST_DELIB 3593 2 1 2 3 10 3 0 0
ST_DELIB 3594 2 1 2 3 75 3 0 0
ST_DELIB 3595 2 1 2 3 10 3 0 0
ST_DELIB 3596 2 1 2 3 10 3 0 0
ST_DELIB 3597 2 1 2 3 75 3 0 0
ST_DELIB 3598 2 1 2 3 10 3 0 0
ST_DELIB 3599 2 1 2 3 10 3 0 0
ST_DELIB 3600 2 1 2 3 75 3 0 0
ST_DELIB 3601 2 1 2 3 10 3 0 0
ST_DELIB 3602 2 1 2 3 10 3 0 0
ST_DELIB 3603 2 1 2 3 10 3 0 0
ST_DELIB 3604 2 1 2 3 75 3 0 0
ST_DELIB 3605 2 1 2 3 10 3 0 0
ST_DELIB 3606 2 1 2 3 10 3 0 0
ST_DELIB 3607 2 1 2 3 75 3 0 0
ST_DELIB 3608 2 1 2 3 10 3 0 0
ST_DELIB 3609 2 1 2 3 10 3 0 0
ST_DELIB 3610 2 1 2 3 75 3 0 0
ST_DELIB 3611 2 1 2 3 10 3 0 0
ST_DELIB 3612 2 1 2 3 10 3 0 0
ST_DELIB 3613 2 1 2 3 10 3 0 0
ST_DELIB 3614 2 1 2 3 75 3 0 0
ST_DELIB 3615 2 1 2 3 10 3 0 0
ST_DELIB 3616 2 1 2 3 10 3 0 0
ST_DELIB 3617 2 1 2 3 75 3 0 0
ST_DELIB 3618 2 1 2 3 10 3 0 0
ST_DELIB 3619 2 1 2 3 10 3 0 0
ST_DELIB 3620 2 1 2 3 75 3 0 0
ST_DELIB 3621 2 1 2 3 10 3 0 0
ST_DELIB 3622 2 1 2 3 10 3 0 0
ST_DELIB 3623 2 1 2 3 10 3 0 0
ST_DELIB 3624 2 1 2 3 75 3 0 0
ST_DELIB 3625 2 1 2 3 10 3 0 0
ST_DELIB 3626 2 1 2 3 10 3 0 0
ST_DELIB 3627 2 1 2 3 75 3 0 0
ST_DELIB 3628 2 1 2 3 10 3 0 0
ST_DELIB 3629 2 1 2 3 10 3 0 0
ST_DELIB 3630 2 1 2 3 75 3 0 0
ST_DELIB 3631 2 1 2 3 10 3 0 0
ST_DELIB 3632 2 1 2 3 10 3 0 0
ST_DELIB 3633 2 1 2 3 10 3 0 0
ST_DELIB 3634 2 1 2 3 75 3 0 0
ST_DELIB 3635 2 1 2 3 10 3 0 0
ST_DELIB 3636 2 1 2 3 10 3 0 0
ST_DELIB 3637 2 1 2 3 75 3 0 0
ST_DELIB 3638 2 1 2 3 10 3 0 0
ST_DELIB 3639 2 1 2 3 10 3 0 0
ST_DELIB 3640 2 1 2 3 75 3 0 0
ST_DELIB 3641 2 1 2 3 10 3 0 0
ST_DELIB 3642 2 1 2 3 10 3 0 0
ST_DELIB 3643 2 1 2 3 10 3 0 0
ST_DELIB 3644 2 1 2 3 75 3 0 0
ST_DELIB 3645 2 1 2 3 10 3 0 0
ST_DELIB 3646 2 1 2 3 10 3 0 0
ST_DELIB 3647 2 1 2 3 75 3 0 0
ST_DELIB 3648 2 1 2 3 10 3 0 0
ST_DELIB 3649 2 1 2 3 10 3 0 0
ST_DELIB 3650 2 1 2 3 75 3 0 0
ST_DELIB 3651 2 1 2 3 10 3 0 0
ST_DELIB 3652 2 1 2 3 10 3 0 0
ST_DELIB 3653 2 1 2 3 10 3 0 0
ST_DELIB 3654 2 1 2 3 75 3 0 0
ST_DELIB 3655 2 1 2 3 10 3 0 0
ST_DELIB 3656 2 1 2 3 10 3 0 0
ST_DELIB 3657 2 1 2 3 75 3 0 0
ST_DELIB 3658 2 1 2 3 10 3 0 0
ST_DELIB 3659 2 1 2 3 10 3 0 0
ST_DELIB 3660 2 1 2 3 75 3 0 0
ST_DELIB 3661 2 1 2 3 10 3 0 0
ST_DELIB 3662 2 1 2 3 10 3 0 0
ST_DELIB 3663 2 1 2 3 10 3 0 0
ST_DELIB 3664 2 1 2 3 75 3 0 0
ST_DELIB 3665 2 1 2 3 10 3 0 0
ST_DELIB 3666 2 1 2 3 10 3 0 0
ST_DELIB 3667 2 1 2 3 75 3 0 0
ST_DELIB 3668 2 1 2 3 10 3 0 0
ST_DELIB 3669 2 1 2 3 10 3 0 0
ST_DELIB 3670 2 1 2 3 75 3 0 0
ST_DELIB 3671 2 1 2 3 10 3 0 0
ST_DELIB 3672 2 1 2 3 10 3 0 0
ST_DELIB 3673 2 1 2 3 10 3 0 0
ST_DELIB 3674 2 1 2 3 75 3 0 0
ST_DELIB 3675 2 1 2 3 10 3 0 0
ST_DELIB 3676 2 1 2 3 10 3 0 0
ST_DELIB 3677 2 1 2 3 75 3 0 0
ST_DELIB 3678 2 1 2 3 10 3 0 0
ST_DELIB 3679 2 1 2 3 10 3 0 0
ST_DELIB 3680 2 1 2 3 75 3 0 0
ST_DELIB 3681 2 1 2 3 10 3 0 0
ST_DELIB 3682 2 1 2 3 10 3 0 0
ST_DELIB 3683 2 1 2 3 10 3 0 0
ST_DELIB 3684 2 1 2 3 75 3 0 0
ST_DELIB 3685 2 1 2 3 10 3 0 0
ST_DELIB 3686 2 1 2 3 10 3 0 0
ST_DELIB 3687 2 1 2 3 75 3 0 0
ST_DELIB 3688 2 1 2 3 10 3 0 0
ST_DELIB 3689 2 1 2 3 10 3 0 0
ST_DELIB 3690 2 1 2 3 75 3 0 0
ST_DELIB 3691 2 1 2 3 10 3 0 0
ST_DELIB 3692 2 1 2 3 10 3 0 0
ST_DELIB 3693 2 1 2 3 10 3 0 0
ST_DELIB 3694 2 1 2 3 75 3 0 0
ST_DELIB 3695 2 1 2 3 10 3 0 0
ST_DELIB 3696 2 1 2 3 10 3 0 0
ST_DELIB 3697 2 1 2 3 75 3 0 0
ST_DELIB 3698 2 1 2 3 10 3 0 0
ST_DELIB 3699 2 1 2 3 10 3 0 0
ST_DELIB 3700 2 1 2 3 75 3 0 0
ST_DELIB 3701 2 1 2 3 10 3 0 0
ST_DELIB 3702 2 1 2 3 10 3 0 0
ST_DELIB 3703 2 1 2 3 10 3 0 0
ST_DELIB 3704 2 1 2 3 75 3 0 0
ST_DELIB 3705 2 1 2 3 10 3 0 0
ST_DELIB 3706 2 1 2 3 10 3 0 0
ST_DELIB 3707 2 1 2 3 75 3 0 0
ST_DELIB 3708 2 1 2 3 10 3 0 0
ST_DELIB 3709 2 1 2 3 10 3 0 0
ST_DELIB 3710 2 1 2 3 75 3 0 0
ST_DELIB 3711 2 1 2 3 10 3 0 0
ST_DELIB 3712 2 1 2 3 10 3 0 0
ST_DELIB 3713 2 1 2 3 10 3 0 0
ST_DELIB 3714 2 1 2 3 75 3 0 0
ST_DELIB 3715 2 1 2 3 10 3 0 0
ST_DELIB 3716 2 1 2 3 10 3 0 0
ST_DELIB 3717 2 1 2 3 75 3 0 0
ST_DELIB 3718 2 1 2 3 10 3 0 0
ST_DELIB 3719 2 1 2 3 10 3 0 0
ST_DELIB 3720 2 1 2 3 75 3 0 0
ST_DELIB 3721 2 1 2 3 10 3 0 0
ST_DELIB 3722 2 1 2 3 10 3 0 0
ST_DELIB 3723 2 1 2 3 10 3 0 0
ST_DELIB 3724 2 1 2 3 75 3 0 0
ST_DELIB 3725 2 1 2 3 10 3 0 0
ST_DELIB 3726 2 1 2 3 10 3 0 0
ST_DELIB 3727 2 1 2 3 75 3 0 0
ST_DELIB 3728 2 1 2 3 10 3 0 0
ST_DELIB 3729 2 1 2 3 10 3 0 0
ST_DELIB 3730 2 1 2 3 75 3 0 0
ST_DELIB 3731 2 1 2 3 10 3 0 0
ST_DELIB 3732 2 1 2 3 10 3 0 0
ST_DELIB 3733 2 1 2 3 10 3 0 0
ST_DELIB 3734 2 1 2 3 75 3 0 0
ST_DELIB 3735 2 1 2 3 10 3 0 0
ST_DELIB 3736 2 1 2 3 10 3 0 0
ST_DELIB 3737 2 1 2 3 75 3 0 0
ST_DELIB 3738 2 1 2 3 10 3 0 0
ST_DELIB 3739 2 1 2 3 10 3 0 0
ST_DELIB 3740 2 1 2 3 75 3 0 0
ST_DELIB 3741 2 1 2 3 10 3 0 0
ST_DELIB 3742 2 1 2 3 10 3 0 0
ST_DELIB 3743 2 1 2 3 10 3 0 0
ST_DELIB 3744 2 1 2 3 75 3 0 0
ST_DELIB 3745 2 1 2 3 10 3 0 0
ST_DELIB 3746 2 1 2 3 10 3 0 0
ST_DELIB 3747 2 1 2 3 75 3 0 0
ST_DELIB 3748 2 1 2 3 10 3 0 0
ST_DELIB 3749 2 1 2 3 10 3 0 0
ST_TS 3750 320 4397 6 8802 2 3430 0 317 1125 0 0 0 5 2 50 2
ST_DELIB 3750 2 1 2 3 75 3 0 0
ST_DELIB 3751 2 1 2 3 10 3 0 0
ST_DELIB 3752 2 1 2 3 10 3 0 0
ST_DELIB 3753 2 1 2 3 10 3 0 0
ST_DELIB 3754 2 1 2 3 75 3 0 0
ST_DELIB 3755 2 1 2 3 10 3 0 0
ST_DELIB 3756 2 1 2 3 10 3 0 0
ST_DELIB 3757 2 1 2 3 75 3 0 0
ST_DELIB 3758 2 1 2 3 10 3 0 0
ST_DELIB 3759 2 1 2 3 10 3 0 0
ST_DELIB 3760 2 1 2 3 75 3 0 0
ST_DELIB 3761 2 1 2 3 10 3 0 0
ST_DELIB 3762 2 1 2 3 10 3 0 0
ST_DELIB 3763 2 1 2 3 10 3 0 0
ST_DELIB 3764 2 1 2 3 75 3 0 0
ST_DELIB 3765 2 1 2 3 10 3 0 0
ST_DELIB 3766 2 1 2 3 10 3 0 0
ST_DELIB 3767 2 1 2 3 75 3 0 0
ST_DELIB 3768 2 1 2 3 10 3 0 0
ST_DELIB 3769 2 1 2 3 10 3 0 0
ST_DELIB 3770 2 1 2 3 75 3 0 0
ST_DELIB 3771 2 1 2 3 10 3 0 0
ST_DELIB 3772 2 1 2 3 10 3 0 0
ST_DELIB 3773 2 1 2 3 10 3 0 0
ST_DELIB 3774 2 1 2 3 75 3 0 0
ST_DELIB 3775 2 1 2 3 10 3 0 0
ST_DELIB 3776 2 1 2 3 10 3 0 0
ST_DELIB 3777 2 1 2 3 75 3 0 0
ST_DELIB 3778 2 1 2 3 10 3 0 0
ST_DELIB 3779 2 1 2 3 10 3 0 0
ST_DELIB 3780 2 1 2 3 75 3 0 0
ST_DELIB 3781 2 1 2 3 10 3 0 0
ST_DELIB 3782 2 1 2 3 10 3 0 0
ST_DELIB 3783 2 1 2 3 10 3 0 0
ST_DELIB 3784 2 1 2 3 75 3 0 0
ST_DELIB 3785 2 1 2 3 10 3 0 0
ST_DELIB 3786 2 1 2 3 10 3 0 0
ST_DELIB 3787 2 1 2 3 75 3 0 0
ST_DELIB 3788 2 1 2 3 10 3 0 0
ST_DELIB 3789 2 1 2 3 10 3 0 0
ST_DELIB 3790 2 1 2 3 75 3 0 0
ST_DELIB 3791 2 1 2 3 10 3 0 0
ST_DELIB 3792 2 1 2 3 10 3 0 0
ST_DELIB 3793 2 1 2 3 10 3 0 0
ST_DELIB 3794 2 1 2 3 75 3 0 0
ST_DELIB 3795 2 1 2 3 10 3 0 0
ST_DELIB 3796 2 1 2 3 10 3 0 0
ST_DELIB 3797 2 1 2 3 75 3 0 0
ST_DELIB 3798 2 1 2 3 10 3 0 0
ST_DELIB 3799 2 1 2 3 10 3 0 0
ST_DELIB 3800 2 1 2 3 75 3 0 0
ST_DELIB 3801 2 1 2 3 10 3 0 0
ST_DELIB 3802 2 1 2 3 10 3 0 0
ST_DELIB 3803 2 1 2 3 10 3 0 0
ST_DELIB 3804 2 1 2 3 75 3 0 0
ST_DELIB 3805 2 1 2 3 10 3 0 0
ST_DELIB 3806 2 1 2 3 10 3 0 0
ST_DELIB 3807 2 1 2 3 75 3 0 0
ST_DELIB 3808 2 1 2 3 10 3 0 0
ST_DELIB 3809 2 1 2 3 10 3 0 0
ST_DELIB 3810 2 1 2 3 75 3 0 0
ST_DELIB 3811 2 1 2 3 10 3 0 0
ST_DELIB 3812 2 1 2 3 10 3 0 0
ST_DELIB 3813 2 1 2 3 10 3 0 0
ST_DELIB 3814 2 1 2 3 75 3 0 0
ST_DELIB 3815 2 1 2 3 10 3 0 0
ST_DELIB 3816 2 1 2 3 10 3 0 0
ST_DELIB 3817 2 1 2 3 75 3 0 0
ST_DELIB 3818 2 1 2 3 10 3 0 0
ST_DELIB 3819 2 1 2 3 10 3 0 0
ST_DELIB 3820 2 1 2 3 75 3 0 0
ST_DELIB 3821 2 1 2 3 10 3 0 0
ST_DELIB 3822 2 1 2 3 10 3 0 0
ST_DELIB 3823 2 1 2 3 10 3 0 0
ST_DELIB 3824 2 1 2 3 75 3 0 0
ST_DELIB 3825 2 1 2 3 10 3 0 0
ST_DELIB 3826 2 1 2 3 10 3 0 0
ST_DELIB 3827 2 1 2 3 75 3 0 0
ST_DELIB 3828 2 1 2 3 10 3 0 0
ST_DELIB 3829 2 1 2 3 10 3 0 0
ST_DELIB 3830 2 1 2 3 75 3 0 0
ST_DELIB 3831 2 1 2 3 10 3 0 0
ST_DELIB 3832 2 1 2 3 10 3 0 0
ST_DELIB 3833 2 1 2 3 10 3 0 0
ST_DELIB 3834 2 1 2 3 75 3 0 0
ST_DELIB 3835 2 1 2 3 10 3 0 0
ST_DELIB 3836 2 1 2 3 10 3 0 0
ST_DELIB 3837 2 1 2 3 75 3 0 0
ST_DELIB 3838 2 1 2 3 10 3 0 0
ST_DELIB 3839 2 1 2 3 10 3 0 0
ST_DELIB 3840 2 1 2 3 75 3 0 0
ST_DELIB 3841 2 1 2 3 10 3 0 0
ST_DELIB 3842 2 1 2 3 10 3 0 0
ST_DELIB 3843 2 1 2 3 10 3 0 0
ST_DELIB 3844 2 1 2 3 75 3 0 0
ST_DELIB 3845 2 1 2 3 10 3 0 0
ST_DELIB 3846 2 1 2 3 10 3 0 0
ST_DELIB 3847 2 1 2 3 75 3 0 0
ST_DELIB 3848 2 1 2 3 10 3 0 0
ST_DELIB 3849 2 1 2 3 10 3 0 0
ST_DELIB 3850 2 1 2 3 75 3 0 0
ST_DELIB 3851 2 1 2 3 10 3 0 0
ST_DELIB 3852 2 1 2 3 10 3 0 0
ST_DELIB 3853 2 1 2 3 10 3 0 0
ST_DELIB 3854 2 1 2 3 75 3 0 0
ST_DELIB 3855 2 1 2 3 10 3 0 0
ST_DELIB 3856 2 1 2 3 10 3 0 0
ST_DELIB 3857 2 1 2 3 75 3 0 0
ST_DELIB 3858 2 1 2 3 10 3 0 0
ST_DELIB 3859 2 1 2 3 10 3 0 0
ST_DELIB 3860 2 1 2 3 75 3 0 0
ST_DELIB 3861 2 1 2 3 10 3 0 0
ST_DELIB 3862 2 1 2 3 10 3 0 0
ST_DELIB 3863 2 1 2 3 10 3 0 0
ST_DELIB 3864 2 1 2 3 75 3 0 0
ST_DELIB 3865 2 1 2 3 10 3 0 0
ST_DELIB 3866 2 1 2 3 10 3 0 0
ST_DELIB 3867 2 1 2 3 75 3 0 0
ST_DELIB 3868 2 1 2 3 10 3 0 0
ST_DELIB 3869 2 1 2 3 10 3 0 0
ST_DELIB 3870 2 1 2 3 75 3 0 0
ST_DELIB 3871 2 1 2 3 10 3 0 0
ST_DELIB 3872 2 1 2 3 10 3 0 0
ST_DELIB 3873 2 1 2 3 10 3 0 0
ST_DELIB 3874 2 1 2 3 75 3 0 0
ST_DELIB 3875 2 1 2 3 10 3 0 0
ST_DELIB 3876 2 1 2 3 10 3 0 0
ST_DELIB 3877 2 1 2 3 75 3 0 0
ST_DELIB 3878 2 1 2 3 10 3 0 0
ST_DELIB 3879 2 1 2 3 10 3 0 0
ST_DELIB 3880 2 1 2 3 75 3 0 0
ST_DELIB 3881 2 1 2 3 10 3 0 0
ST_DELIB 3882 2 1 2 3 10 3 0 0
ST_DELIB 3883 2 1 2 3 10 3 0 0
ST_DELIB 3884 2 1 2 3 75 3 0 0
ST_DELIB 3885 2 1 2 3 10 3 0 0
ST_DELIB 3886 2 1 2 3 10 3 0 0
ST_DELIB 3887 2 1 2 3 75 3 0 0
ST_DELIB 3888 2 1 2 3 10 3 0 0
ST_DELIB 3889 2 1 2 3 10 3 0 0
ST_DELIB 3890 2 1 2 3 75 3 0 0
ST_DELIB 3891 2 1 2 3 10 3 0 0
ST_DELIB 3892 2 1 2 3 10 3 0 0
ST_DELIB 3893 2 1 2 3 10 3 0 0
ST_DELIB 3894 2 1 2 3 75 3 0 0
ST_DELIB 3895 2 1 2 3 10 3 0 0
ST_DELIB 3896 2 1 2 3 10 3 0 0
ST_DELIB 3897 2 1 2 3 75 3 0 0
ST_DELIB 3898 2 1 2 3 10 3 0 0
ST_DELIB 3899 2 1 2 3 10 3 0 0
ST_DELIB 3900 2 1 2 3 75 3 0 0
ST_DELIB 3901 2 1 2 3 10 3 0 0
ST_DELIB 3902 2 1 2 3 10 3 0 0
ST_DELIB 3903 2 1 2 3 10 3 0 0
ST_DELIB 3904 2 1 2 3 75 3 0 0
ST_DELIB 3905 2 1 2 3 10 3 0 0
ST_DELIB 3906 2 1 2 3 10 3 0 0
ST_DELIB 3907 2 1 2 3 75 3 0 0
ST_DELIB 3908 2 1 2 3 10 3 0 0
ST_DELIB 3909 2 1 2 3 10 3 0 0
ST_DELIB 3910 2 1 2 3 75 3 0 0
ST_DELIB 3911 2 1 2 3 10 3 0 0
ST_DELIB 3912 2 1 2 3 10 3 0 0
ST_DELIB 3913 2 1 2 3 10 3 0 0
ST_DELIB 3914 2 1 2 3 75 3 0 0
ST_DELIB 3915 2 1 2 3 10 3 0 0
ST_DELIB 3916 2 1 2 3 10 3 0 0
ST_DELIB 3917 2 1 2 3 75 3 0 0
ST_DELIB 3918 2 1 2 3 10 3 0 0
ST_DELIB 3919 2 1 2 3 10 3 0 0
ST_DELIB 3920 2 1 2 3 75 3 0 0
ST_DELIB 3921 2 1 2 3 10 3 0 0
ST_DELIB 3922 2 1 2 3 10 3 0 0
ST_DELIB 3923 2 1 2 3 10 3 0 0
ST_DELIB 3924 2 1 2 3 75 3 0 0
ST_DELIB 3925 2 1 2 3 10 3 0 0
ST_DELIB 3926 2 1 2 3 10 3 0 0
ST_DELIB 3927 2 1 2 3 75 3 0 0
ST_DELIB 3928 2 1 2 3 10 3 0 0
ST_DELIB 3929 2 1 2 3 10 3 0 0
ST_DELIB 3930 2 1 2 3 75 3 0 0
ST_DELIB 3931 2 1 2 3 10 3 0 0
ST_DELIB 3932 2 1 2 3 10 3 0 0
ST_DELIB 3933 2 1 2 3 10 3 0 0
ST_DELIB 3934 2 1 2 3 75 3 0 0
ST_DELIB 3935 2 1 2 3 10 3 0 0
ST_DELIB 3936 2 1 2 3 10 3 0 0
ST_DELIB 3937 2 1 2 3 75 3 0 0
ST_DELIB 3938 2 1 2 3 10 3 0 0
ST_DELIB 3939 2 1 2 3 10 3 0 0
ST_DELIB 3940 2 1 2 3 75 3 0 0
ST_DELIB 3941 2 1 2 3 10 3 0 0
ST_DELIB 3942 2 1 2 3 10 3 0 0
ST_DELIB 3943 2 1 2 3 10 3 0 0
ST_DELIB 3944 2 1 2 3 75 3 0 0
ST_DELIB 3945 2 1 2 3 10 3 0 0
ST_DELIB 3946 2 1 2 3 10 3 0 0
ST_DELIB 3947 2 1 2 3 75 3 0 0
ST_DELIB 3948 2 1 2 3 10 3 0 0
ST_DELIB 3949 2 1 2 3 10 3 0 0
ST_DELIB 3950 2 1 2 3 75 3 0 0
ST_DELIB 3951 2 1 2 3 10 3 0 0
ST_DELIB 3952 2 1 2 3 10 3 0 0
ST_DELIB 3953 2 1 2 3 10 3 0 0
ST_DELIB 3954 2 1 2 3 75 3 0 0
ST_DELIB 3955 2 1 2 3 10 3 0 0
ST_DELIB 3956 2 1 2 3 10 3 0 0
ST_DELIB 3957 2 1 2 3 75 3 0 0
ST_DELIB 3958 2 1 2 3 10 3 0 0
ST_DELIB 3959 2 1 2 3 10 3 0 0
ST_DELIB 3960 2 1 2 3 75 3 0 0
ST_DELIB 3961 2 1 2 3 10 3 0 0
ST_DELIB 3962 2 1 2 3 10 3 0 0
ST_DELIB 3963 2 1 2 3 10 3 0 0
ST_DELIB 3964 2 1 2 3 75 3 0 0
ST_DELIB 3965 2 1 2 3 10 3 0 0
ST_DELIB 3966 2 1 2 3 10 3 0 0
ST_DELIB 3967 2 1 2 3 75 3 0 0
ST_DELIB 3968 2 1 2 3 10 3 0 0
ST_DELIB 3969 2 1 2 3 10 3 0 0
ST_DELIB 3970 2 1 2 3 75 3 0 0
ST_DELIB 3971 2 1 2 3 10 3 0 0
ST_DELIB 3972 2 1 2 3 10 3 0 0
ST_DELIB 3973 2 1 2 3 10 3 0 0
ST_DELIB 3974 2 1 2 3 75 3 0 0
ST_DELIB 3975 2 1 2 3 10 3 0 0
ST_DELIB 3976 2 1 2 3 10 3 0 0
ST_DELIB 3977 2 1 2 3 75 3 0 0
ST_DELIB 3978 2 1 2 3 10 3 0 0
ST_DELIB 3979 2 1 2 3 10 3 0 0
ST_DELIB 3980 2 1 2 3 75 3 0 0
ST_DELIB 3981 2 1 2 3 10 3 0 0
ST_DELIB 3982 2 1 2 3 10 3 0 0
ST_DELIB 3983 2 1 2 3 10 3 0 0
ST_DELIB 3984 2 1 2 3 75 3 0 0
ST_DELIB 3985 2 1 2 3 10 3 0 0
ST_DELIB 3986 2 1 2 3 10 3 0 0
ST_DELIB 3987 2 1 2 3 75 3 0 0
ST_DELIB 3988 2 1 2 3 10 3 0 0
ST_DELIB 3989 2 1 2 3 10 3 0 0
ST_DELIB 3990 2 1 2 3 75 3 0 0
ST_DELIB 3991 2 1 2 3 10 3 0 0
ST_DELIB 3992 2 1 2 3 10 3 0 0
ST_DELIB 3993 2 1 2 3 10 3 0 0
ST_DELIB 3994 2 1 2 3 75 3 0 0
ST_DELIB 3995 2 1 2 3 10 3 0 0
ST_DELIB 3996 2 1 2 3 10 3 0 0
ST_DELIB 3997 2 1 2 3 75 3 0 0
ST_DELIB 3998 2 1 2 3 10 3 0 0
ST_DELIB 3999 2 1 2 3 10 3 0 0
ST_TS 4000 320 4647 6 9552 2 3680 0 317 1200 0 0 0 5 2 50 2
ST_DELIB 4000 2 1 2 3 75 3 0 0
ST_DELIB 4001 2 1 2 3 10 3 0 0
ST_DELIB 4002 2 1 2 3 10 3 0 0
ST_DELIB 4003 2 1 2 3 10 3 0 0
ST_DELIB 4004 2 1 2 3 75 3 0 0
ST_DELIB 4005 2 1 2 3 10 3 0 0
ST_DELIB 4006 2 1 2 3 10 3 0 0
ST_DELIB 4007 2 1 2 3 75 3 0 0
ST_DELIB 4008 2 1 2 3 10 3 0 0
ST_DELIB 4009 2 1 2 3 10 3 0 0
ST_DELIB 4010 2 1 2 3 75 3 0 0
ST_DELIB 4011 2 1 2 3 10 3 0 0
ST_DELIB 4012 2 1 2 3 10 3 0 0
ST_DELIB 4013 2 1 2 3 10 3 0 0
ST_DELIB 4014 2 1 2 3 75 3 0 0
ST_DELIB 4015 2 1 2 3 10 3 0 0
ST_DELIB 4016 2 1 2 3 10 3 0 0
ST_DELIB 4017 2 1 2 3 75 3 0 0
ST_DELIB 4018 2 1 2 3 10 3 0 0
ST_DELIB 4019 2 1 2 3 10 3 0 0
ST_DELIB 4020 2 1 2 3 75 3 0 0
ST_DELIB 4021 2 1 2 3 10 3 0 0
ST_DELIB 4022 2 1 2 3 10 3 0 0
ST_DELIB 4023 2 1 2 3 10 3 0 0
ST_DELIB 4024 2 1 2 3 75 3 0 0
ST_DELIB 4025 2 1 2 3 10 3 0 0
ST_DELIB 4026 2 1 2 3 10 3 0 0
ST_DELIB 4027 2 1 2 3 75 3 0 0
ST_DELIB 4028 2 1 2 3 10 3 0 0
ST_DELIB 4029 2 1 2 3 10 3 0 0
ST_DELIB 4030 2 1 2 3 75 3 0 0
ST_DELIB 4031 2 1 2 3 10 3 0 0
ST_DELIB 4032 2 1 2 3 10 3 0 0
ST_DELIB 4033 2 1 2 3 10 3 0 0
ST_DELIB 4034 2 1 2 3 75 3 0 0
ST_DELIB 4035 2 1 2 3 10 3 0 0
ST_DELIB 4036 2 1 2 3 10 3 0 0
ST_DELIB 4037 2 1 2 3 75 3 0 0
ST_DELIB 4038 2 1 2 3 10 3 0 0
ST_DELIB 4039 2 1 2 3 10 3 0 0
ST_DELIB 4040 2 1 2 3 75 3 0 0
ST_DELIB 4041 2 1 2 3 10 3 0 0
ST_DELIB 4042 2 1 2 3 10 3 0 0
ST_DELIB 4043 2 1 2 3 10 3 0 0
ST_DELIB 4044 2 1 2 3 75 3 0 0
ST_DELIB 4045 2 1 2 3 10 3 0 0
ST_DELIB 4046 2 1 2 3 10 3 0 0
ST_DELIB 4047 2 1 2 3 75 3 0 0
ST_DELIB 4048 2 1 2 3 10 3 0 0
ST_DELIB 4049 2 1 2 3 10 3 0 0
ST_DELIB 4050 2 1 2 3 75 3 0 0
ST_DELIB 4051 2 1 2 3 10 3 0 0
ST_DELIB 4052 2 1 2 3 10 3 0 0
ST_DELIB 4053 2 1 2 3 10 3 0 0
ST_DELIB 4054 2 1 2 3 75 3 0 0
ST_DELIB 4055 2 1 2 3 10 3 0 0
ST_DELIB 4056 2 1 2 3 10 3 0 0
ST_DELIB 4057 2 1 2 3 75 3 0 0
ST_DELIB 4058 2 1 2 3 10 3 0 0
ST_DELIB 4059 2 1 2 3 10 3 0 0
ST_DELIB 4060 2 1 2 3 75 3 0 0
ST_DELIB 4061 2 1 2 3 10 3 0 0
ST_DELIB 4062 2 1 2 3 10 3 0 0
ST_DELIB 4063 2 1 2 3 10 3 0 0
ST_DELIB 4064 2 1 2 3 75 3 0 0
ST_DELIB 4065 2 1 2 3 10 3 0 0
ST_DELIB 4066 2 1 2 3 10 3 0 0
ST_DELIB 4067 2 1 2 3 75 3 0 0
ST_DELIB 4068 2 1 2 3 10 3 0 0
ST_DELIB 4069 2 1 2 3 10 3 0 0
ST_DELIB 4070 2 1 2 3 75 3 0 0
ST_DELIB 4071 2 1 2 3 10 3 0 0
ST_DELIB 4072 2 1 2 3 10 3 0 0
ST_DELIB 4073 2 1 2 3 10 3 0 0
ST_DELIB 4074 2 1 2 3 75 3 0 0
ST_DELIB 4075 2 1 2 3 10 3 0 0
ST_DELIB 4076 2 1 2 3 10 3 0 0
ST_DELIB 4077 2 1 2 3 75 3 0 0
ST_DELIB 4078 2 1 2 3 10 3 0 0
ST_DELIB 4079 2 1 2 3 10 3 0 0
ST_DELIB 4080 2 1 2 3 75 3 0 0
ST_DELIB 4081 2 1 2 3 10 3 0 0
ST_DELIB 4082 2 1 2 3 10 3 0 0
ST_DELIB 4083 2 1 2 3 10 3 0 0
ST_DELIB 4084 2 1 2 3 75 3 0 0
ST_DELIB 4085 2 1 2 3 10 3 0 0
ST_DELIB 4086 2 1 2 3 10 3 0 0
ST_DELIB 4087 2 1 2 3 75 3 0 0
ST_DELIB 4088 2 1 2 3 10 3 0 0
ST_DELIB 4089 2 1 2 3 10 3 0 0
ST_DELIB 4090 2 1 2 3 75 3 0 0
ST_DELIB 4091 2 1 2 3 10 3 0 0
ST_DELIB 4092 2 1 2 3 10 3 0 0
ST_DELIB 4093 2 1 2 3 10 3 0 0
ST_DELIB 4094 2 1 2 3 75 3 0 0
ST_DELIB 4095 2 1 2 3 10 3 0 0
ST_DELIB 4096 2 1 2 3 10 3 0 0
ST_DELIB 4097 2 1 2 3 75 3 0 0
ST_DELIB 4098 2 1 2 3 10 3 0 0
ST_DELIB 4099 2 1 2 3 10 3 0 0
ST_DELIB 4100 2 1 2 3 75 3 0 0
ST_DELIB 4101 2 1 2 3 10 3 0 0
ST_DELIB 4102 2 1 2 3 10 3 0 0
ST_DELIB 4103 2 1 2 3 10 3 0 0
ST_DELIB 4104 2 1 2 3 75 3 0 0
ST_DELIB 4105 2 1 2 3 10 3 0 0
ST_DELIB 4106 2 1 2 3 10 3 0 0
ST_DELIB 4107 2 1 2 3 75 3 0 0
ST_DELIB 4108 2 1 2 3 10 3 0 0
ST_DELIB 4109 2 1 2 3 10 3 0 0
ST_DELIB 4110 2 1 2 3 75 3 0 0
ST_DELIB 4111 2 1 2 3 10 3 0 0
ST_DELIB 4112 2 1 2 3 10 3 0 0
ST_DELIB 4113 2 1 2 3 10 3 0 0
ST_DELIB 4114 2 1 2 3 75 3 0 0
ST_DELIB 4115 2 1 2 3 10 3 0 0
ST_DELIB 4116 2 1 2 3 10 3 0 0
ST_DELIB 4117 2 1 2 3 75 3 0 0
ST_DELIB 4118 2 1 2 3 10 3 0 0
ST_DELIB 4119 2 1 2 3 10 3 0 0
ST_DELIB 4120 2 1 2 3 75 3 0 0
ST_DELIB 4121 2 1 2 3 10 3 0 0
ST_DELIB 4122 2 1 2 3 10 3 0 0
ST_DELIB 4123 2 1 2 3 10 3 0 0
ST_DELIB 4124 2 1 2 3 75 3 0 0
ST_DELIB 4125 2 1 2 3 10 3 0 0
ST_DELIB 4126 2 1 2 3 10 3 0 0
ST_DELIB 4127 2 1 2 3 75 3 0 0
ST_DELIB 4128 2 1 2 3 10 3 0 0
ST_DELIB 4129 2 1 2 3 10 3 0 0
ST_DELIB 4130 2 1 2 3 75 3 0 0
ST_DELIB 4131 2 1 2 3 10 3 0 0
ST_DELIB 4132 2 1 2 3 10 3 0 0
ST_DELIB 4133 2 1 2 3 10 3 0 0
ST_DELIB 4134 2 1 2 3 75 3 0 0
ST_DELIB 4135 2 1 2 3 10 3 0 0
ST_DELIB 4136 2 1 2 3 10 3 0 0
ST_DELIB 4137 2 1 2 3 75 3 0 0
ST_DELIB 4138 2 1 2 3 10 3 0 0
ST_DELIB 4139 2 1 2 3 10 3 0 0
ST_DELIB 4140 2 1 2 3 75 3 0 0
ST_DELIB 4141 2 1 2 3 10 3 0 0
ST_DELIB 4142 2 1 2 3 10 3 0 0
ST_DELIB 4143 2 1 2 3 10 3 0 0
ST_DELIB 4144 2 1 2 3 75 3 0 0
ST_DELIB 4145 2 1 2 3 10 3 0 0
ST_DELIB 4146 2 1 2 3 10 3 0 0
ST_DELIB 4147 2 1 2 3 75 3 0 0
ST_DELIB 4148 2 1 2 3 10 3 0 0
ST_DELIB 4149 2 1 2 3 10 3 0 0
ST_DELIB 4150 2 1 2 3 75 3 0 0
ST_DELIB 4151 2 1 2 3 10 3 0 0
ST_DELIB 4152 2 1 2 3 10 3 0 0
ST_DELIB 4153 2 1 2 3 10 3 0 0
ST_DELIB 4154 2 1 2 3 75 3 0 0
ST_DELIB 4155 2 1 2 3 10 3 0 0
ST_DELIB 4156 2 1 2 3 10 3 0 0
ST_DELIB 4157 2 1 2 3 75 3 0 0
ST_DELIB 4158 2 1 2 3 10 3 0 0
ST_DELIB 4159 2 1 2 3 10 3 0 0
ST_DELIB 4160 2 1 2 3 75 3 0 0
ST_DELIB 4161 2 1 2 3 10 3 0 0
ST_DELIB 4162 2 1 2 3 10 3 0 0
ST_DELIB 4163 2 1 2 3 10 3 0 0
ST_DELIB 4164 2 1 2 3 75 3 0 0
ST_DELIB 4165 2 1 2 3 10 3 0 0
ST_DELIB 4166 2 1 2 3 10 3 0 0
ST_DELIB 4167 2 1 2 3 75 3 0 0
ST_DELIB 4168 2 1 2 3 10 3 0 0
ST_DELIB 4169 2 1 2 3 10 3 0 0
ST_DELIB 4170 2 1 2 3 75 3 0 0
ST_DELIB 4171 2 1 2 3 10 3 0 0
ST_DELIB 4172 2 1 2 3 10 3 0 0
ST_DELIB 4173 2 1 2 3 10 3 0 0
ST_DELIB 4174 2 1 2 3 75 3 0 0
ST_DELIB 4175 2 1 2 3 10 3 0 0
ST_DELIB 4176 2 1 2 3 10 3 0 0
ST_DELIB 4177 2 1 2 3 75 3 0 0
ST_DELIB 4178 2 1 2 3 10 3 0 0
ST_DELIB 4179 2 1 2 3 10 3 0 0
ST_DELIB 4180 2 1 2 3 75 3 0 0
ST_DELIB 4181 2 1 2 3 10 3 0 0
ST_DELIB 4182 2 1 2 3 10 3 0 0
ST_DELIB 4183 2 1 2 3 10 3 0 0
ST_DELIB 4184 2 1 2 3 75 3 0 0
ST_DELIB 4185 2 1 2 3 10 3 0 0
ST_DELIB 4186 2 1 2 3 10 3 0 0
ST_DELIB 4187 2 1 2 3 75 3 0 0
ST_DELIB 4188 2 1 2 3 10 3 0 0
ST_DELIB 4189 2 1 2 3 10 3 0 0
ST_DELIB 4190 2 1 2 3 75 3 0 0
ST_DELIB 4191 2 1 2 3 10 3 0 0
ST_DELIB 4192 2 1 2 3 10 3 0 0
ST_DELIB 4193 2 1 2 3 10 3 0 0
ST_DELIB 4194 2 1 2 3 75 3 0 0
ST_DELIB 4195 2 1 2 3 10 3 0 0
ST_DELIB 4196 2 1 2 3 10 3 0 0
ST_DELIB 4197 2 1 2 3 75 3 0 0
ST_DELIB 4198 2 1 2 3 10 3 0 0
ST_DELIB 4199 2 1 2 3 10 3 0 0
ST_DELIB 4200 2 1 2 3 75 3 0 0
ST_DELIB 4201 2 1 2 3 10 3 0 0
ST_DELIB 4202 2 1 2 3 10 3 0 0
ST_DELIB 4203 2 1 2 3 10 3 0 0
ST_DELIB 4204 2 1 2 3 75 3 0 0
ST_DELIB 4205 2 1 2 3 10 3 0 0
ST_DELIB 4206 2 1 2 3 10 3 0 0
ST_DELIB 4207 2 1 2 3 75 3 0 0
ST_DELIB 4208 2 1 2 3 10 3 0 0
ST_DELIB 4209 2 1 2 3 10 3 0 0
ST_DELIB 4210 2 1 2 3 75 3 0 0
ST_DELIB 4211 2 1 2 3 10 3 0 0
ST_DELIB 4212 2 1 2 3 10 3 0 0
ST_DELIB 4213 2 1 2 3 10 3 0 0
ST_DELIB 4214 2 1 2 3 75 3 0 0
ST_DELIB 4215 2 1 2 3 10 3 0 0
ST_DELIB 4216 2 1 2 3 10 3 0 0
ST_DELIB 4217 2 1 2 3 75 3 0 0
ST_DELIB 4218 2 1 2 3 10 3 0 0
ST_DELIB 4219 2 1 2 3 10 3 0 0
ST_DELIB 4220 2 1 2 3 75 3 0 0
ST_DELIB 4221 2 1 2 3 10 3 0 0
ST_DELIB 4222 2 1 2 3 10 3 0 0
ST_DELIB 4223 2 1 2 3 10 3 0 0
ST_DELIB 4224 2 1 2 3 75 3 0 0
ST_DELIB 4225 2 1 2 3 10 3 0 0
ST_DELIB 4226 2 1 2 3 10 3 0 0
ST_DELIB 4227 2 1 2 3 75 3 0 0
ST_DELIB 4228 2 1 2 3 10 3 0 0
ST_DELIB 4229 2 1 2 3 10 3 0 0
ST_DELIB 4230 2 1 2 3 75 3 0 0
ST_DELIB 4231 2 1 2 3 10 3 0 0
ST_DELIB 4232 2 1 2 3 10 3 0 0
ST_DELIB 4233 2 1 2 3 10 3 0 0
ST_DELIB 4234 2 1 2 3 75 3 0 0
ST_DELIB 4235 2 1 2 3 10 3 0 0
ST_DELIB 4236 2 1 2 3 10 3 0 0
ST_DELIB 4237 2 1 2 3 75 3 0 0
ST_DELIB 4238 2 1 2 3 10 3 0 0
ST_DELIB 4239 2 1 2 3 10 3 0 0
ST_DELIB 4240 2 1 2 3 75 3 0 0
ST_DELIB 4241 2 1 2 3 10 3 0 0
ST_DELIB 4242 2 1 2 3 10 3 0 0
ST_DELIB 4243 2 1 2 3 10 3 0 0
ST_DELIB 4244 2 1 2 3 75 3 0 0
ST_DELIB 4245 2 1 2 3 10 3 0 0
ST_DELIB 4246 2 1 2 3 10 3 0 0
ST_DELIB 4247 2 1 2 3 75 3 0 0
ST_DELIB 4248 2 1 2 3 10 3 0 0
ST_DELIB 4249 2 1 2 3 10 3 0 0
ST_TS 4250 320 4897 6 10302 2 3930 0 317 1275 0 0 0 6 2 50 2
ST_DELIB 4250 2 1 2 3 75 3 0 0
ST_DELIB 4251 2 1 2 3 10 3 0 0
ST_DELIB 4252 2 1 2 3 10 3 0 0
ST_DELIB 4253 2 1 2 3 10 3 0 0
ST_DELIB 4254 2 1 2 3 75 3 0 0
ST_DELIB 4255 2 1 2 3 10 3 0 0
ST_DELIB 4256 2 1 2 3 10 3 0 0
ST_DELIB 4257 2 1 2 3 75 3 0 0
ST_DELIB 4258 2 1 2 3 10 3 0 0
ST_DELIB 4259 2 1 2 3 10 3 0 0
ST_DELIB 4260 2 1 2 3 75 3 0 0
ST_DELIB 4261 2 1 2 3 10 3 0 0
ST_DELIB 4262 2 1 2 3 10 3 0 0
ST_DELIB 4263 2 1 2 3 10 3 0 0
ST_DELIB 4264 2 1 2 3 75 3 0 0
ST_DELIB 4265 2 1 2 3 10 3 0 0
ST_DELIB 4266 2 1 2 3 10 3 0 0
ST_DELIB 4267 2 1 2 3 75 3 0 0
ST_DELIB 4268 2 1 2 3 10 3 0 0
ST_DELIB 4269 2 1 2 3 10 3 0 0
ST_DELIB 4270 2 1 2 3 75 3 0 0
ST_DELIB 4271 2 1 2 3 10 3 0 0
ST_DELIB 4272 2 1 2 3 10 3 0 0
ST_DELIB 4273 2 1 2 3 10 3 0 0
ST_DELIB 4274 2 1 2 3 75 3 0 0
ST_DELIB 4275 2 1 2 3 10 3 0 0
ST_DELIB 4276 2 1 2 3 10 3 0 0
ST_DELIB 4277 2 1 2 3 75 3 0 0
ST_DELIB 4278 2 1 2 3 10 3 0 0
ST_DELIB 4279 2 1 2 3 10 3 0 0
ST_DELIB 4280 2 1 2 3 75 3 0 0
ST_DELIB 4281 2 1 2 3 10 3 0 0
ST_DELIB 4282 2 1 2 3 10 3 0 0
ST_DELIB 4283 2 1 2 3 10 3 0 0
ST_DELIB 4284 2 1 2 3 75 3 0 0
ST_DELIB 4285 2 1 2 3 10 3 0 0
ST_DELIB 4286 2 1 2 3 10 3 0 0
ST_DELIB 4287 2 1 2 3 75 3 0 0
ST_DELIB 4288 2 1 2 3 10 3 0 0
ST_DELIB 4289 2 1 2 3 10 3 0 0
ST_DELIB 4290 2 1 2 3 75 3 0 0
ST_DELIB 4291 2 1 2 3 10 3 0 0
ST_DELIB 4292 2 1 2 3 10 3 0 0
ST_DELIB 4293 2 1 2 3 10 3 0 0
ST_DELIB 4294 2 1 2 3 75 3 0 0
ST_DELIB 4295 2 1 2 3 10 3 0 0
ST_DELIB 4296 2 1 2 3 10 3 0 0
ST_DELIB 4297 2 1 2 3 75 3 0 0
ST_DELIB 4298 2 1 2 3 10 3 0 0
ST_DELIB 4299 2 1 2 3 10 3 0 0
ST_DELIB 4300 2 1 2 3 75 3 0 0
ST_DELIB 4301 2 1 2 3 10 3 0 0
ST_DELIB 4302 2 1 2 3 10 3 0 0
ST_DELIB 4303 2 1 2 3 10 3 0 0
ST_DELIB 4304 2 1 2 3 75 3 0 0
ST_DELIB 4305 2 1 2 3 10 3 0 0
ST_DELIB 4306 2 1 2 3 10 3 0 0
ST_DELIB 4307 2 1 2 3 75 3 0 0
ST_DELIB 4308 2 1 2 3 10 3 0 0
ST_DELIB 4309 2 1 2 3 10 3 0 0
ST_DELIB 4310 2 1 2 3 75 3 0 0
ST_DELIB 4311 2 1 2 3 10 3 0 0
ST_DELIB 4312 2 1 2 3 10 3 0 0
ST_DELIB 4313 2 1 2 3 10 3 0 0
ST_DELIB 4314 2 1 2 3 75 3 0 0
ST_DELIB 4315 2 1 2 3 10 3 0 0
ST_DELIB 4316 2 1 2 3 10 3 0 0
ST_DELIB 4317 2 1 2 3 75 3 0 0
ST_DELIB 4318 2 1 2 3 10 3 0 0
ST_DELIB 4319 2 1 2 3 10 3 0 0
ST_DELIB 4320 2 1 2 3 75 3 0 0
ST_DELIB 4321 2 1 2 3 10 3 0 0
ST_DELIB 4322 2 1 2 3 10 3 0 0
ST_DELIB 4323 2 1 2 3 10 3 0 0
ST_DELIB 4324 2 1 2 3 75 3 0 0
ST_DELIB 4325 2 1 2 3 10 3 0 0
ST_DELIB 4326 2 1 2 3 10 3 0 0
ST_DELIB 4327 2 1 2 3 75 3 0 0
ST_DELIB 4328 2 1 2 3 10 3 0 0
ST_DELIB 4329 2 1 2 3 10 3 0 0
ST_DELIB 4330 2 1 2 3 75 3 0 0
ST_DELIB 4331 2 1 2 3 10 3 0 0
ST_DELIB 4332 2 1 2 3 10 3 0 0
ST_DELIB 4333 2 1 2 3 10 3 0 0
ST_DELIB 4334 2 1 2 3 75 3 0 0
ST_DELIB 4335 2 1 2 3 10 3 0 0
ST_DELIB 4336 2 1 2 3 10 3 0 0
ST_DELIB 4337 2 1 2 3 75 3 0 0
ST_DELIB 4338 2 1 2 3 10 3 0 0
ST_DELIB 4339 2 1 2 3 10 3 0 0
ST_DELIB 4340 2 1 2 3 75 3 0 0
ST_DELIB 4341 2 1 2 3 10 3 0 0
ST_DELIB 4342 2 1 2 3 10 3 0 0
ST_DELIB 4343 2 1 2 3 10 3 0 0
ST_DELIB 4344 2 1 2 3 75 3 0 0
ST_DELIB 4345 2 1 2 3 10 3 0 0
ST_DELIB 4346 2 1 2 3 10 3 0 0
ST_DELIB 4347 2 1 2 3 75 3 0 0
ST_DELIB 4348 2 1 2 3 10 3 0 0
ST_DELIB 4349 2 1 2 3 10 3 0 0
ST_DELIB 4350 2 1 2 3 75 3 0 0
ST_DELIB 4351 2 1 2 3 10 3 0 0
ST_DELIB 4352 2 1 2 3 10 3 0 0
ST_DELIB 4353 2 1 2 3 10 3 0 0
ST_DELIB 4354 2 1 2 3 75 3 0 0
ST_DELIB 4355 2 1 2 3 10 3 0 0
ST_DELIB 4356 2 1 2 3 10 3 0 0
ST_DELIB 4357 2 1 2 3 75 3 0 0
ST_DELIB 4358 2 1 2 3 10 3 0 0
ST_DELIB 4359 2 1 2 3 10 3 0 0
ST_DELIB 4360 2 1 2 3 75 3 0 0
ST_DELIB 4361 2 1 2 3 10 3 0 0
ST_DELIB 4362 2 1 2 3 10 3 0 0
ST_DELIB 4363 2 1 2 3 10 3 0 0
ST_DELIB 4364 2 1 2 3 75 3 0 0
ST_DELIB 4365 2 1 2 3 10 3 0 0
ST_DELIB 4366 2 1 2 3 10 3 0 0
ST_DELIB 4367 2 1 2 3 75 3 0 0
ST_DELIB 4368 2 1 2 3 10 3 0 0
ST_DELIB 4369 2 1 2 3 10 3 0 0
ST_DELIB 4370 2 1 2 3 75 3 0 0
ST_DELIB 4371 2 1 2 3 10 3 0 0
ST_DELIB 4372 2 1 2 3 10 3 0 0
ST_DELIB 4373 2 1 2 3 10 3 0 0
ST_DELIB 4374 2 1 2 3 75 3 0 0
ST_DELIB 4375 2 1 2 3 10 3 0 0
ST_DELIB 4376 2 1 2 3 10 3 0 0
ST_DELIB 4377 2 1 2 3 75 3 0 0
ST_DELIB 4378 2 1 2 3 10 3 0 0
ST_DELIB 4379 2 1 2 3 10 3 0 0
ST_DELIB 4380 2 1 2 3 75 3 0 0
ST_DELIB 4381 2 1 2 3 10 3 0 0
ST_DELIB 4382 2 1 2 3 10 3 0 0
ST_DELIB 4383 2 1 2 3 10 3 0 0
ST_DELIB 4384 2 1 2 3 75 3 0 0
ST_DELIB 4385 2 1 2 3 10 3 0 0
ST_DELIB 4386 2 1 2 3 10 3 0 0
ST_DELIB 4387 2 1 2 3 75 3 0 0
ST_DELIB 4388 2 1 2 3 10 3 0 0
ST_DELIB 4389 2 1 2 3 10 3 0 0
ST_DELIB 4390 2 1 2 3 75 3 0 0
ST_DELIB 4391 2 1 2 3 10 3 0 0
ST_DELIB 4392 2 1 2 3 10 3 0 0
ST_DELIB 4393 2 1 2 3 10 3 0 0
ST_DELIB 4394 2 1 2 3 75 3 0 0
ST_DELIB 4395 2 1 2 3 10 3 0 0
ST_DELIB 4396 2 1 2 3 10 3 0 0
ST_DELIB 4397 2 1 2 3 75 3 0 0
ST_DELIB 4398 2 1 2 3 10 3 0 0
ST_DELIB 4399 2 1 2 3 10 3 0 0
ST_DELIB 4400 2 1 2 3 75 3 0 0
ST_DELIB 4401 2 1 2 3 10 3 0 0
ST_DELIB 4402 2 1 2 3 10 3 0 0
ST_DELIB 4403 2 1 2 3 10 3 0 0
ST_DELIB 4404 2 1 2 3 75 3 0 0
ST_DELIB 4405 2 1 2 3 10 3 0 0
ST_DELIB 4406 2 1 2 3 10 3 0 0
ST_DELIB 4407 2 1 2 3 75 3 0 0
ST_DELIB 4408 2 1 2 3 10 3 0 0
ST_DELIB 4409 2 1 2 3 10 3 0 0
ST_DELIB 4410 2 1 2 3 75 3 0 0
ST_DELIB 4411 2 1 2 3 10 3 0 0
ST_DELIB 4412 2 1 2 3 10 3 0 0
ST_DELIB 4413 2 1 2 3 10 3 0 0
ST_DELIB 4414 2 1 2 3 75 3 0 0
ST_DELIB 4415 2 1 2 3 10 3 0 0
ST_DELIB 4416 2 1 2 3 10 3 0 0
ST_DELIB 4417 2 1 2 3 75 3 0 0
ST_DELIB 4418 2 1 2 3 10 3 0 0
ST_DELIB 4419 2 1 2 3 10 3 0 0
ST_DELIB 4420 2 1 2 3 75 3 0 0
ST_DELIB 4421 2 1 2 3 10 3 0 0
ST_DELIB 4422 2 1 2 3 10 3 0 0
ST_DELIB 4423 2 1 2 3 10 3 0 0
ST_DELIB 4424 2 1 2 3 75 3 0 0
ST_DELIB 4425 2 1 2 3 10 3 0 0
ST_DELIB 4426 2 1 2 3 10 3 0 0
ST_DELIB 4427 2 1 2 3 75 3 0 0
ST_DELIB 4428 2 1 2 3 10 3 0 0
ST_DELIB 4429 2 1 2 3 10 3 0 0
ST_DELIB 4430 2 1 2 3 75 3 0 0
ST_DELIB 4431 2 1 2 3 10 3 0 0
ST_DELIB 4432 2 1 2 3 10 3 0 0
ST_DELIB 4433 2 1 2 3 10 3 0 0
ST_DELIB 4434 2 1 2 3 75 3 0 0
ST_DELIB 4435 2 1 2 3 10 3 0 0
ST_DELIB 4436 2 1 2 3 10 3 0 0
ST_DELIB 4437 2 1 2 3 75 3 0 0
ST_DELIB 4438 2 1 2 3 10 3 0 0
ST_DELIB 4439 2 1 2 3 10 3 0 0
ST_DELIB 4440 2 1 2 3 75 3 0 0
ST_DELIB 4441 2 1 2 3 10 3 0 0
ST_DELIB 4442 2 1 2 3 10 3 0 0
ST_DELIB 4443 2 1 2 3 10 3 0 0
ST_DELIB 4444 2 1 2 3 75 3 0 0
ST_DELIB 4445 2 1 2 3 10 3 0 0
ST_DELIB 4446 2 1 2 3 10 3 0 0
ST_DELIB 4447 2 1 2 3 75 3 0 0
ST_DELIB 4448 2 1 2 3 10 3 0 0
ST_DELIB 4449 2 1 2 3 10 3 0 0
ST_DELIB 4450 2 1 2 3 75 3 0 0
ST_DELIB 4451 2 1 2 3 10 3 0 0
ST_DELIB 4452 2 1 2 3 10 3 0 0
ST_DELIB 4453 2 1 2 3 10 3 0 0
ST_DELIB 4454 2 1 2 3 75 3 0 0
ST_DELIB 4455 2 1 2 3 10 3 0 0
ST_DELIB 4456 2 1 2 3 10 3 0 0
ST_DELIB 4457 2 1 2 3 75 3 0 0
ST_DELIB 4458 2 1 2 3 10 3 0 0
ST_DELIB 4459 2 1 2 3 10 3 0 0
ST_DELIB 4460 2 1 2 3 75 3 0 0
ST_DELIB 4461 2 1 2 3 10 3 0 0
ST_DELIB 4462 2 1 2 3 10 3 0 0
ST_DELIB 4463 2 1 2 3 10 3 0 0
ST_DELIB 4464 2 1 2 3 75 3 0 0
ST_DELIB 4465 2 1 2 3 10 3 0 0
ST_DELIB 4466 2 1 2 3 10 3 0 0
ST_DELIB 4467 2 1 2 3 75 3 0 0
ST_DELIB 4468 2 1 2 3 10 3 0 0
ST_DELIB 4469 2 1 2 3 10 3 0 0
ST_DELIB 4470 2 1 2 3 75 3 0 0
ST_DELIB 4471 2 1 2 3 10 3 0 0
ST_DELIB 4472 2 1 2 3 10 3 0 0
ST_DELIB 4473 2 1 2 3 10 3 0 0
ST_DELIB 4474 2 1 2 3 75 3 0 0
ST_DELIB 4475 2 1 2 3 10 3 0 0
ST_DELIB 4476 2 1 2 3 10 3 0 0
ST_DELIB 4477 2 1 2 3 75 3 0 0
ST_DELIB 4478 2 1 2 3 10 3 0 0
ST_DELIB 4479 2 1 2 3 10 3 0 0
ST_DELIB 4480 2 1 2 3 75 3 0 0
ST_DELIB 4481 2 1 2 3 10 3 0 0
ST_DELIB 4482 2 1 2 3 10 3 0 0
ST_DELIB 4483 2 1 2 3 10 3 0 0
ST_DELIB 4484 2 1 2 3 75 3 0 0
ST_DELIB 4485 2 1 2 3 10 3 0 0
ST_DELIB 4486 2 1 2 3 10 3 0 0
ST_DELIB 4487 2 1 2 3 75 3 0 0
ST_DELIB 4488 2 1 2 3 10 3 0 0
ST_DELIB 4489 2 1 2 3 10 3 0 0
ST_DELIB 4490 2 1 2 3 75 3 0 0
ST_DELIB 4491 2 1 2 3 10 3 0 0
ST_DELIB 4492 2 1 2 3 10 3 0 0
ST_DELIB 4493 2 1 2 3 10 3 0 0
ST_DELIB 4494 2 1 2 3 75 3 0 0
ST_DELIB 4495 2 1 2 3 10 3 0 0
ST_DELIB 4496 2 1 2 3 10 3 0 0
ST_DELIB 4497 2 1 2 3 75 3 0 0
ST_DELIB 4498 2 1 2 3 10 3 0 0
ST_DELIB 4499 2 1 2 3 10 3 0 0
ST_TS 4500 320 5147 6 11052 2 4180 0 317 1350 0 0 0 6 2 50 2
ST_DELIB 4500 2 1 2 3 75 3 0 0
ST_DELIB 4501 2 1 2 3 10 3 0 0
ST_DELIB 4502 2 1 2 3 10 3 0 0
ST_DELIB 4503 2 1 2 3 10 3 0 0
ST_DELIB 4504 2 1 2 3 75 3 0 0
ST_DELIB 4505 2 1 2 3 10 3 0 0
ST_DELIB 4506 2 1 2 3 10 3 0 0
ST_DELIB 4507 2 1 2 3 75 3 0 0
ST_DELIB 4508 2 1 2 3 10 3 0 0
ST_DELIB 4509 2 1 2 3 10 3 0 0
ST_DELIB 4510 2 1 2 3 75 3 0 0
ST_DELIB 4511 2 1 2 3 10 3 0 0
ST_DELIB 4512 2 1 2 3 10 3 0 0
ST_DELIB 4513 2 1 2 3 10 3 0 0
ST_DELIB 4514 2 1 2 3 75 3 0 0
ST_DELIB 4515 2 1 2 3 10 3 0 0
ST_DELIB 4516 2 1 2 3 10 3 0 0
ST_DELIB 4517 2 1 2 3 75 3 0 0
ST_DELIB 4518 2 1 2 3 10 3 0 0
ST_DELIB 4519 2 1 2 3 10 3 0 0
ST_DELIB 4520 2 1 2 3 75 3 0 0
ST_DELIB 4521 2 1 2 3 10 3 0 0
ST_DELIB 4522 2 1 2 3 10 3 0 0
ST_DELIB 4523 2 1 2 3 10 3 0 0
ST_DELIB 4524 2 1 2 3 75 3 0 0
ST_DELIB 4525 2 1 2 3 10 3 0 0
ST_DELIB 4526 2 1 2 3 10 3 0 0
ST_DELIB 4527 2 1 2 3 75 3 0 0
ST_DELIB 4528 2 1 2 3 10 3 0 0
ST_DELIB 4529 2 1 2 3 10 3 0 0
ST_DELIB 4530 2 1 2 3 75 3 0 0
ST_DELIB 4531 2 1 2 3 10 3 0 0
ST_DELIB 4532 2 1 2 3 10 3 0 0
ST_DELIB 4533 2 1 2 3 10 3 0 0
ST_DELIB 4534 2 1 2 3 75 3 0 0
ST_DELIB 4535 2 1 2 3 10 3 0 0
ST_DELIB 4536 2 1 2 3 10 3 0 0
ST_DELIB 4537 2 1 2 3 75 3 0 0
ST_DELIB 4538 2 1 2 3 10 3 0 0
ST_DELIB 4539 2 1 2 3 10 3 0 0
ST_DELIB 4540 2 1 2 3 75 3 0 0
ST_DELIB 4541 2 1 2 3 10 3 0 0
ST_DELIB 4542 2 1 2 3 10 3 0 0
ST_DELIB 4543 2 1 2 3 10 3 0 0
ST_DELIB 4544 2 1 2 3 75 3 0 0
ST_DELIB 4545 2 1 2 3 10 3 0 0
ST_DELIB 4546 2 1 2 3 10 3 0 0
ST_DELIB 4547 2 1 2 3 75 3 0 0
ST_DELIB 4548 2 1 2 3 10 3 0 0
ST_DELIB 4549 2 1 2 3 10 3 0 0
ST_DELIB 4550 2 1 2 3 75 3 0 0
ST_DELIB 4551 2 1 2 3 10 3 0 0
ST_DELIB 4552 2 1 2 3 10 3 0 0
ST_DELIB 4553 2 1 2 3 10 3 0 0
ST_DELIB 4554 2 1 2 3 75 3 0 0
ST_DELIB 4555 2 1 2 3 10 3 0 0
ST_DELIB 4556 2 1 2 3 10 3 0 0
ST_DELIB 4557 2 1 2 3 75 3 0 0
ST_DELIB 4558 2 1 2 3 10 3 0 0
ST_DELIB 4559 2 1 2 3 10 3 0 0
ST_DELIB 4560 2 1 2 3 75 3 0 0
ST_DELIB 4561 2 1 2 3 10 3 0 0
ST_DELIB 4562 2 1 2 3 10 3 0 0
ST_DELIB 4563 2 1 2 3 10 3 0 0
ST_DELIB 4564 2 1 2 3 75 3 0 0
ST_DELIB 4565 2 1 2 3 10 3 0 0
ST_DELIB 4566 2 1 2 3 10 3 0 0
ST_DELIB 4567 2 1 2 3 75 3 0 0
ST_DELIB 4568 2 1 2 3 10 3 0 0
ST_DELIB 4569 2 1 2 3 10 3 0 0
ST_DELIB 4570 2 1 2 3 75 3 0 0
ST_DELIB 4571 2 1 2 3 10 3 0 0
ST_DELIB 4572 2 1 2 3 10 3 0 0
ST_DELIB 4573 2 1 2 3 10 3 0 0
ST_DELIB 4574 2 1 2 3 75 3 0 0
ST_DELIB 4575 2 1 2 3 10 3 0 0
ST_DELIB 4576 2 1 2 3 10 3 0 0
ST_DELIB 4577 2 1 2 3 75 3 0 0
ST_DELIB 4578 2 1 2 3 10 3 0 0
ST_DELIB 4579 2 1 2 3 10 3 0 0
ST_DELIB 4580 2 1 2 3 75 3 0 0
ST_DELIB 4581 2 1 2 3 10 3 0 0
ST_DELIB 4582 2 1 2 3 10 3 0 0
ST_DELIB 4583 2 1 2 3 10 3 0 0
ST_DELIB 4584 2 1 2 3 75 3 0 0
ST_DELIB 4585 2 1 2 3 10 3 0 0
ST_DELIB 4586 2 1 2 3 10 3 0 0
ST_DELIB 4587 2 1 2 3 75 3 0 0
ST_DELIB 4588 2 1 2 3 10 3 0 0
ST_DELIB 4589 2 1 2 3 10 3 0 0
ST_DELIB 4590 2 1 2 3 75 3 0 0
ST_DELIB 4591 2 1 2 3 10 3 0 0
ST_DELIB 4592 2 1 2 3 10 3 0 0
ST_DELIB 4593 2 1 2 3 10 3 0 0
ST_DELIB 4594 2 1 2 3 75 3 0 0
ST_DELIB 4595 2 1 2 3 10 3 0 0
ST_DELIB 4596 2 1 2 3 10 3 0 0
ST_DELIB 4597 2 1 2 3 75 3 0 0
ST_DELIB 4598 2 1 2 3 10 3 0 0
ST_DELIB 4599 2 1 2 3 10 3 0 0
ST_DELIB 4600 2 1 2 3 75 3 0 0
ST_DELIB 4601 2 1 2 3 10 3 0 0
ST_DELIB 4602 2 1 2 3 10 3 0 0
ST_DELIB 4603 2 1 2 3 10 3 0 0
ST_DELIB 4604 2 1 2 3 75 3 0 0
ST_DELIB 4605 2 1 2 3 10 3 0 0
ST_DELIB 4606 2 1 2 3 10 3 0 0
ST_DELIB 4607 2 1 2 3 75 3 0 0
ST_DELIB 4608 2 1 2 3 10 3 0 0
ST_DELIB 4609 2 1 2 3 10 3 0 0
ST_DELIB 4610 2 1 2 3 75 3 0 0
ST_DELIB 4611 2 1 2 3 10 3 0 0
ST_DELIB 4612 2 1 2 3 10 3 0 0
ST_DELIB 4613 2 1 2 3 10 3 0 0
ST_DELIB 4614 2 1 2 3 75 3 0 0
ST_DELIB 4615 2 1 2 3 10 3 0 0
ST_DELIB 4616 2 1 2 3 10 3 0 0
ST_DELIB 4617 2 1 2 3 75 3 0 0
ST_DELIB 4618 2 1 2 3 10 3 0 0
ST_DELIB 4619 2 1 2 3 10 3 0 0
ST_DELIB 4620 2 1 2 3 75 3 0 0
ST_DELIB 4621 2 1 2 3 10 3 0 0
ST_DELIB 4622 2 1 2 3 10 3 0 0
ST_DELIB 4623 2 1 2 3 10 3 0 0
ST_DELIB 4624 2 1 2 3 75 3 0 0
ST_DELIB 4625 2 1 2 3 10 3 0 0
ST_DELIB 4626 2 1 2 3 10 3 0 0
ST_DELIB 4627 2 1 2 3 75 3 0 0
ST_DELIB 4628 2 1 2 3 10 3 0 0
ST_DELIB 4629 2 1 2 3 10 3 0 0
ST_DELIB 4630 2 1 2 3 75 3 0 0
ST_DELIB 4631 2 1 2 3 10 3 0 0
ST_DELIB 4632 2 1 2 3 10 3 0 0
ST_DELIB 4633 2 1 2 3 10 3 0 0
ST_DELIB 4634 2 1 2 3 75 3 0 0
ST_DELIB 4635 2 1 2 3 10 3 0 0
ST_DELIB 4636 2 1 2 3 10 3 0 0
ST_DELIB 4637 2 1 2 3 75 3 0 0
ST_DELIB 4638 2 1 2 3 10 3 0 0
ST_DELIB 4639 2 1 2 3 10 3 0 0
ST_DELIB 4640 2 1 2 3 75 3 0 0
ST_DELIB 4641 2 1 2 3 10 3 0 0
ST_DELIB 4642 2 1 2 3 10 3 0 0
ST_DELIB 4643 2 1 2 3 10 3 0 0
ST_DELIB 4644 2 1 2 3 75 3 0 0
ST_DELIB 4645 2 1 2 3 10 3 0 0
ST_DELIB 4646 2 1 2 3 10 3 0 0
ST_DELIB 4647 2 1 2 3 75 3 0 0
ST_DELIB 4648 2 1 2 3 10 3 0 0
ST_DELIB 4649 2 1 2 3 10 3 0 0
ST_DELIB 4650 2 1 2 3 75 3 0 0
ST_DELIB 4651 2 1 2 3 10 3 0 0
ST_DELIB 4652 2 1 2 3 10 3 0 0
ST_DELIB 4653 2 1 2 3 10 3 0 0
ST_DELIB 4654 2 1 2 3 75 3 0 0
ST_DELIB 4655 2 1 2 3 10 3 0 0
ST_DELIB 4656 2 1 2 3 10 3 0 0
ST_DELIB 4657 2 1 2 3 75 3 0 0
ST_DELIB 4658 2 1 2 3 10 3 0 0
ST_DELIB 4659 2 1 2 3 10 3 0 0
ST_DELIB 4660 2 1 2 3 75 3 0 0
ST_DELIB 4661 2 1 2 3 10 3 0 0
ST_DELIB 4662 2 1 2 3 10 3 0 0
ST_DELIB 4663 2 1 2 3 10 3 0 0
ST_DELIB 4664 2 1 2 3 75 3 0 0
ST_DELIB 4665 2 1 2 3 10 3 0 0
ST_DELIB 4666 2 1 2 3 10 3 0 0
ST_DELIB 4667 2 1 2 3 75 3 0 0
ST_DELIB 4668 2 1 2 3 10 3 0 0
ST_DELIB 4669 2 1 2 3 10 3 0 0
ST_DELIB 4670 2 1 2 3 75 3 0 0
ST_DELIB 4671 2 1 2 3 10 3 0 0
ST_DELIB 4672 2 1 2 3 10 3 0 0
ST_DELIB 4673 2 1 2 3 10 3 0 0
ST_DELIB 4674 2 1 2 3 75 3 0 0
ST_DELIB 4675 2 1 2 3 10 3 0 0
ST_DELIB 4676 2 1 2 3 10 3 0 0
ST_DELIB 4677 2 1 2 3 75 3 0 0
ST_DELIB 4678 2 1 2 3 10 3 0 0
ST_DELIB 4679 2 1 2 3 10 3 0 0
ST_DELIB 4680 2 1 2 3 75 3 0 0
ST_DELIB 4681 2 1 2 3 10 3 0 0
ST_DELIB 4682 2 1 2 3 10 3 0 0
ST_DELIB 4683 2 1 2 3 10 3 0 0
ST_DELIB 4684 2 1 2 3 75 3 0 0
ST_DELIB 4685 2 1 2 3 10 3 0 0
ST_DELIB 4686 2 1 2 3 10 3 0 0
ST_DELIB 4687 2 1 2 3 75 3 0 0
ST_DELIB 4688 2 1 2 3 10 3 0 0
ST_DELIB 4689 2 1 2 3 10 3 0 0
ST_DELIB 4690 2 1 2 3 75 3 0 0
ST_DELIB 4691 2 1 2 3 10 3 0 0
ST_DELIB 4692 2 1 2 3 10 3 0 0
ST_DELIB 4693 2 1 2 3 10 3 0 0
ST_DELIB 4694 2 1 2 3 75 3 0 0
ST_DELIB 4695 2 1 2 3 10 3 0 0
ST_DELIB 4696 2 1 2 3 10 3 0 0
ST_DELIB 4697 2 1 2 3 75 3 0 0
ST_DELIB 4698 2 1 2 3 10 3 0 0
ST_DELIB 4699 2 1 2 3 10 3 0 0
ST_DELIB 4700 2 1 2 3 75 3 0 0
ST_DELIB 4701 2 1 2 3 10 3 0 0
ST_DELIB 4702 2 1 2 3 10 3 0 0
ST_DELIB 4703 2 1 2 3 10 3 0 0
ST_DELIB 4704 2 1 2 3 75 3 0 0
ST_DELIB 4705 2 1 2 3 10 3 0 0
ST_DELIB 4706 2 1 2 3 10 3 0 0
ST_DELIB 4707 2 1 2 3 75 3 0 0
ST_DELIB 4708 2 1 2 3 10 3 0 0
ST_DELIB 4709 2 1 2 3 10 3 0 0
ST_DELIB 4710 2 1 2 3 75 3 0 0
ST_DELIB 4711 2 1 2 3 10 3 0 0
ST_DELIB 4712 2 1 2 3 10 3 0 0
ST_DELIB 4713 2 1 2 3 10 3 0 0
ST_DELIB 4714 2 1 2 3 75 3 0 0
ST_DELIB 4715 2 1 2 3 10 3 0 0
ST_DELIB 4716 2 1 2 3 10 3 0 0
ST_DELIB 4717 2 1 2 3 75 3 0 0
ST_DELIB 4718 2 1 2 3 10 3 0 0
ST_DELIB 4719 2 1 2 3 10 3 0 0
ST_DELIB 4720 2 1 2 3 75 3 0 0
ST_DELIB 4721 2 1 2 3 10 3 0 0
ST_DELIB 4722 2 1 2 3 10 3 0 0
ST_DELIB 4723 2 1 2 3 10 3 0 0
ST_DELIB 4724 2 1 2 3 75 3 0 0
ST_DELIB 4725 2 1 2 3 10 3 0 0
ST_DELIB 4726 2 1 2 3 10 3 0 0
ST_DELIB 4727 2 1 2 3 75 3 0 0
ST_DELIB 4728 2 1 2 3 10 3 0 0
ST_DELIB 4729 2 1 2 3 10 3 0 0
ST_DELIB 4730 2 1 2 3 75 3 0 0
ST_DELIB 4731 2 1 2 3 10 3 0 0
ST_DELIB 4732 2 1 2 3 10 3 0 0
ST_DELIB 4733 2 1 2 3 10 3 0 0
ST_DELIB 4734 2 1 2 3 75 3 0 0
ST_DELIB 4735 2 1 2 3 10 3 0 0
ST_DELIB 4736 2 1 2 3 10 3 0 0
ST_DELIB 4737 2 1 2 3 75 3 0 0
ST_DELIB 4738 2 1 2 3 10 3 0 0
ST_DELIB 4739 2 1 2 3 10 3 0 0
ST_DELIB 4740 2 1 2 3 75 3 0 0
ST_DELIB 4741 2 1 2 3 10 3 0 0
ST_DELIB 4742 2 1 2 3 10 3 0 0
ST_DELIB 4743 2 1 2 3 10 3 0 0
ST_DELIB 4744 2 1 2 3 75 3 0 0
ST_DELIB 4745 2 1 2 3 10 3 0 0
ST_DELIB 4746 2 1 2 3 10 3 0 0
ST_DELIB 4747 2 1 2 3 75 3 0 0
ST_DELIB 4748 2 1 2 3 10 3 0 0
ST_DELIB 4749 2 1 2 3 10 3 0 0
ST_TS 4750 320 5397 6 11802 2 4430 0 317 1425 0 0 0 6 2 50 2
ST_DELIB 4750 2 1 2 3 75 3 0 0
ST_DELIB 4751 2 1 2 3 10 3 0 0
ST_DELIB 4752 2 1 2 3 10 3 0 0
ST_DELIB 4753 2 1 2 3 10 3 0 0
ST_DELIB 4754 2 1 2 3 75 3 0 0
ST_DELIB 4755 2 1 2 3 10 3 0 0
ST_DELIB 4756 2 1 2 3 10 3 0 0
ST_DELIB 4757 2 1 2 3 75 3 0 0
ST_DELIB 4758 2 1 2 3 10 3 0 0
ST_DELIB 4759 2 1 2 3 10 3 0 0
ST_DELIB 4760 2 1 2 3 75 3 0 0
ST_DELIB 4761 2 1 2 3 10 3 0 0
ST_DELIB 4762 2 1 2 3 10 3 0 0
ST_DELIB 4763 2 1 2 3 10 3 0 0
ST_DELIB 4764 2 1 2 3 75 3 0 0
ST_DELIB 4765 2 1 2 3 10 3 0 0
ST_DELIB 4766 2 1 2 3 10 3 0 0
ST_DELIB 4767 2 1 2 3 75 3 0 0
ST_DELIB 4768 2 1 2 3 10 3 0 0
ST_DELIB 4769 2 1 2 3 10 3 0 0
ST_DELIB 4770 2 1 2 3 75 3 0 0
ST_DELIB 4771 2 1 2 3 10 3 0 0
ST_DELIB 4772 2 1 2 3 10 3 0 0
ST_DELIB 4773 2 1 2 3 10 3 0 0
ST_DELIB 4774 2 1 2 3 75 3 0 0
ST_DELIB 4775 2 1 2 3 10 3 0 0
ST_DELIB 4776 2 1 2 3 10 3 0 0
ST_DELIB 4777 2 1 2 3 75 3 0 0
ST_DELIB 4778 2 1 2 3 10 3 0 0
ST_DELIB 4779 2 1 2 3 10 3 0 0
ST_DELIB 4780 2 1 2 3 75 3 0 0
ST_DELIB 4781 2 1 2 3 10 3 0 0
ST_DELIB 4782 2 1 2 3 10 3 0 0
ST_DELIB 4783 2 1 2 3 10 3 0 0
ST_DELIB 4784 2 1 2 3 75 3 0 0
ST_DELIB 4785 2 1 2 3 10 3 0 0
ST_DELIB 4786 2 1 2 3 10 3 0 0
ST_DELIB 4787 2 1 2 3 75 3 0 0
ST_DELIB 4788 2 1 2 3 10 3 0 0
ST_DELIB 4789 2 1 2 3 10 3 0 0
ST_DELIB 4790 2 1 2 3 75 3 0 0
ST_DELIB 4791 2 1 2 3 10 3 0 0
ST_DELIB 4792 2 1 2 3 10 3 0 0
ST_DELIB 4793 2 1 2 3 10 3 0 0
ST_DELIB 4794 2 1 2 3 75 3 0 0
ST_DELIB 4795 2 1 2 3 10 3 0 0
ST_DELIB 4796 2 1 2 3 10 3 0 0
ST_DELIB 4797 2 1 2 3 75 3 0 0
ST_DELIB 4798 2 1 2 3 10 3 0 0
ST_DELIB 4799 2 1 2 3 10 3 0 0
ST_DELIB 4800 2 1 2 3 75 3 0 0
ST_DELIB 4801 2 1 2 3 10 3 0 0
ST_DELIB 4802 2 1 2 3 10 3 0 0
ST_DELIB 4803 2 1 2 3 10 3 0 0
ST_DELIB 4804 2 1 2 3 75 3 0 0
ST_DELIB 4805 2 1 2 3 10 3 0 0
ST_DELIB 4806 2 1 2 3 10 3 0 0
ST_DELIB 4807 2 1 2 3 75 3 0 0
ST_DELIB 4808 2 1 2 3 10 3 0 0
ST_DELIB 4809 2 1 2 3 10 3 0 0
ST_DELIB 4810 2 1 2 3 75 3 0 0
ST_DELIB 4811 2 1 2 3 10 3 0 0
ST_DELIB 4812 2 1 2 3 10 3 0 0
ST_DELIB 4813 2 1 2 3 10 3 0 0
ST_DELIB 4814 2 1 2 3 75 3 0 0
ST_DELIB 4815 2 1 2 3 10 3 0 0
ST_DELIB 4816 2 1 2 3 10 3 0 0
ST_DELIB 4817 2 1 2 3 75 3 0 0
ST_DELIB 4818 2 1 2 3 10 3 0 0
ST_DELIB 4819 2 1 2 3 10 3 0 0
ST_DELIB 4820 2 1 2 3 75 3 0 0
ST_DELIB 4821 2 1 2 3 10 3 0 0
ST_DELIB 4822 2 1 2 3 10 3 0 0
ST_DELIB 4823 2 1 2 3 10 3 0 0
ST_DELIB 4824 2 1 2 3 75 3 0 0
ST_DELIB 4825 2 1 2 3 10 3 0 0
ST_DELIB 4826 2 1 2 3 10 3 0 0
ST_DELIB 4827 2 1 2 3 75 3 0 0
ST_DELIB 4828 2 1 2 3 10 3 0 0
ST_DELIB 4829 2 1 2 3 10 3 0 0
ST_DELIB 4830 2 1 2 3 75 3 0 0
ST_DELIB 4831 2 1 2 3 10 3 0 0
ST_DELIB 4832 2 1 2 3 10 3 0 0
ST_DELIB 4833 2 1 2 3 10 3 0 0
ST_DELIB 4834 2 1 2 3 75 3 0 0
ST_DELIB 4835 2 1 2 3 10 3 0 0
ST_DELIB 4836 2 1 2 3 10 3 0 0
ST_DELIB 4837 2 1 2 3 75 3 0 0
ST_DELIB 4838 2 1 2 3 10 3 0 0
ST_DELIB 4839 2 1 2 3 10 3 0 0
ST_DELIB 4840 2 1 2 3 75 3 0 0
ST_DELIB 4841 2 1 2 3 10 3 0 0
ST_DELIB 4842 2 1 2 3 10 3 0 0
ST_DELIB 4843 2 1 2 3 10 3 0 0
ST_DELIB 4844 2 1 2 3 75 3 0 0
ST_DELIB 4845 2 1 2 3 10 3 0 0
ST_DELIB 4846 2 1 2 3 10 3 0 0
ST_DELIB 4847 2 1 2 3 75 3 0 0
ST_DELIB 4848 2 1 2 3 10 3 0 0
ST_DELIB 4849 2 1 2 3 10 3 0 0
ST_DELIB 4850 2 1 2 3 75 3 0 0
ST_DELIB 4851 2 1 2 3 10 3 0 0
ST_DELIB 4852 2 1 2 3 10 3 0 0
ST_DELIB 4853 2 1 2 3 10 3 0 0
ST_DELIB 4854 2 1 2 3 75 3 0 0
ST_DELIB 4855 2 1 2 3 10 3 0 0
ST_DELIB 4856 2 1 2 3 10 3 0 0
ST_DELIB 4857 2 1 2 3 75 3 0 0
ST_DELIB 4858 2 1 2 3 10 3 0 0
ST_DELIB 4859 2 1 2 3 10 3 0 0
ST_DELIB 4860 2 1 2 3 75 3 0 0
ST_DELIB 4861 2 1 2 3 10 3 0 0
ST_DELIB 4862 2 1 2 3 10 3 0 0
ST_DELIB 4863 2 1 2 3 10 3 0 0
ST_DELIB 4864 2 1 2 3 75 3 0 0
ST_DELIB 4865 2 1 2 3 10 3 0 0
ST_DELIB 4866 2 1 2 3 10 3 0 0
ST_DELIB 4867 2 1 2 3 75 3 0 0
ST_DELIB 4868 2 1 2 3 10 3 0 0
ST_DELIB 4869 2 1 2 3 10 3 0 0
ST_DELIB 4870 2 1 2 3 75 3 0 0
ST_DELIB 4871 2 1 2 3 10 3 0 0
ST_DELIB 4872 2 1 2 3 10 3 0 0
ST_DELIB 4873 2 1 2 3 10 3 0 0
ST_DELIB 4874 2 1 2 3 75 3 0 0
ST_DELIB 4875 2 1 2 3 10 3 0 0
ST_DELIB 4876 2 1 2 3 10 3 0 0
ST_DELIB 4877 2 1 2 3 75 3 0 0
ST_DELIB 4878 2 1 2 3 10 3 0 0
ST_DELIB 4879 2 1 2 3 10 3 0 0
ST_DELIB 4880 2 1 2 3 75 3 0 0
ST_DELIB 4881 2 1 2 3 10 3 0 0
ST_DELIB 4882 2 1 2 3 10 3 0 0
ST_DELIB 4883 2 1 2 3 10 3 0 0
ST_DELIB 4884 2 1 2 3 75 3 0 0
ST_DELIB 4885 2 1 2 3 10 3 0 0
ST_DELIB 4886 2 1 2 3 10 3 0 0
ST_DELIB 4887 2 1 2 3 75 3 0 0
ST_DELIB 4888 2 1 2 3 10 3 0 0
ST_DELIB 4889 2 1 2 3 10 3 0 0
ST_DELIB 4890 2 1 2 3 75 3 0 0
ST_DELIB 4891 2 1 2 3 10 3 0 0
ST_DELIB 4892 2 1 2 3 10 3 0 0
ST_DELIB 4893 2 1 2 3 10 3 0 0
ST_DELIB 4894 2 1 2 3 75 3 0 0
ST_DELIB 4895 2 1 2 3 10 3 0 0
ST_DELIB 4896 2 1 2 3 10 3 0 0
ST_DELIB 4897 2 1 2 3 75 3 0 0
ST_DELIB 4898 2 1 2 3 10 3 0 0
ST_DELIB 4899 2 1 2 3 10 3 0 0
ST_DELIB 4900 2 1 2 3 75 3 0 0
ST_DELIB 4901 2 1 2 3 10 3 0 0
ST_DELIB 4902 2 1 2 3 10 3 0 0
ST_DELIB 4903 2 1 2 3 10 3 0 0
ST_DELIB 4904 2 1 2 3 75 3 0 0
ST_DELIB 4905 2 1 2 3 10 3 0 0
ST_DELIB 4906 2 1 2 3 10 3 0 0
ST_DELIB 4907 2 1 2 3 75 3 0 0
ST_DELIB 4908 2 1 2 3 10 3 0 0
ST_DELIB 4909 2 1 2 3 10 3 0 0
ST_DELIB 4910 2 1 2 3 75 3 0 0
ST_DELIB 4911 2 1 2 3 10 3 0 0
ST_DELIB 4912 2 1 2 3 10 3 0 0
ST_DELIB 4913 2 1 2 3 10 3 0 0
ST_DELIB 4914 2 1 2 3 75 3 0 0
ST_DELIB 4915 2 1 2 3 10 3 0 0
ST_DELIB 4916 2 1 2 3 10 3 0 0
ST_DELIB 4917 2 1 2 3 75 3 0 0
ST_DELIB 4918 2 1 2 3 10 3 0 0
ST_DELIB 4919 2 1 2 3 10 3 0 0
ST_DELIB 4920 2 1 2 3 75 3 0 0
ST_DELIB 4921 2 1 2 3 10 3 0 0
ST_DELIB 4922 2 1 2 3 10 3 0 0
ST_DELIB 4923 2 1 2 3 10 3 0 0
ST_DELIB 4924 2 1 2 3 75 3 0 0
ST_DELIB 4925 2 1 2 3 10 3 0 0
ST_DELIB 4926 2 1 2 3 10 3 0 0
ST_DELIB 4927 2 1 2 3 75 3 0 0
ST_DELIB 4928 2 1 2 3 10 3 0 0
ST_DELIB 4929 2 1 2 3 10 3 0 0
ST_DELIB 4930 2 1 2 3 75 3 0 0
ST_DELIB 4931 2 1 2 3 10 3 0 0
ST_DELIB 4932 2 1 2 3 10 3 0 0
ST_DELIB 4933 2 1 2 3 10 3 0 0
ST_DELIB 4934 2 1 2 3 75 3 0 0
ST_DELIB 4935 2 1 2 3 10 3 0 0
ST_DELIB 4936 2 1 2 3 10 3 0 0
ST_DELIB 4937 2 1 2 3 75 3 0 0
ST_DELIB 4938 2 1 2 3 10 3 0 0
ST_DELIB 4939 2 1 2 3 10 3 0 0
ST_DELIB 4940 2 1 2 3 75 3 0 0
ST_DELIB 4941 2 1 2 3 10 3 0 0
ST_DELIB 4942 2 1 2 3 10 3 0 0
ST_DELIB 4943 2 1 2 3 10 3 0 0
ST_DELIB 4944 2 1 2 3 75 3 0 0
ST_DELIB 4945 2 1 2 3 10 3 0 0
ST_DELIB 4946 2 1 2 3 10 3 0 0
ST_DELIB 4947 2 1 2 3 75 3 0 0
ST_DELIB 4948 2 1 2 3 10 3 0 0
ST_DELIB 4949 2 1 2 3 10 3 0 0
ST_DELIB 4950 2 1 2 3 75 3 0 0
ST_DELIB 4951 2 1 2 3 10 3 0 0
ST_DELIB 4952 2 1 2 3 10 3 0 0
ST_DELIB 4953 2 1 2 3 10 3 0 0
ST_DELIB 4954 2 1 2 3 75 3 0 0
ST_DELIB 4955 2 1 2 3 10 3 0 0
ST_DELIB 4956 2 1 2 3 10 3 0 0
ST_DELIB 4957 2 1 2 3 75 3 0 0
ST_DELIB 4958 2 1 2 3 10 3 0 0
ST_DELIB 4959 2 1 2 3 10 3 0 0
ST_DELIB 4960 2 1 2 3 75 3 0 0
ST_DELIB 4961 2 1 2 3 10 3 0 0
ST_DELIB 4962 2 1 2 3 10 3 0 0
ST_DELIB 4963 2 1 2 3 10 3 0 0
ST_DELIB 4964 2 1 2 3 75 3 0 0
ST_DELIB 4965 2 1 2 3 10 3 0 0
ST_DELIB 4966 2 1 2 3 10 3 0 0
ST_DELIB 4967 2 1 2 3 75 3 0 0
ST_DELIB 4968 2 1 2 3 10 3 0 0
ST_DELIB 4969 2 1 2 3 10 3 0 0
ST_DELIB 4970 2 1 2 3 75 3 0 0
ST_DELIB 4971 2 1 2 3 10 3 0 0
ST_DELIB 4972 2 1 2 3 10 3 0 0
ST_DELIB 4973 2 1 2 3 10 3 0 0
ST_DELIB 4974 2 1 2 3 75 3 0 0
ST_DELIB 4975 2 1 2 3 10 3 0 0
ST_DELIB 4976 2 1 2 3 10 3 0 0
ST_DELIB 4977 2 1 2 3 75 3 0 0
ST_DELIB 4978 2 1 2 3 10 3 0 0
ST_DELIB 4979 2 1 2 3 10 3 0 0
ST_DELIB 4980 2 1 2 3 75 3 0 0
ST_DELIB 4981 2 1 2 3 10 3 0 0
ST_DELIB 4982 2 1 2 3 10 3 0 0
ST_DELIB 4983 2 1 2 3 10 3 0 0
ST_DELIB 4984 2 1 2 3 75 3 0 0
ST_DELIB 4985 2 1 2 3 10 3 0 0
ST_DELIB 4986 2 1 2 3 10 3 0 0
ST_DELIB 4987 2 1 2 3 75 3 0 0
ST_DELIB 4988 2 1 2 3 10 3 0 0
ST_DELIB 4989 2 1 2 3 10 3 0 0
ST_DELIB 4990 2 1 2 3 75 3 0 0
ST_DELIB 4991 2 1 2 3 10 3 0 0
ST_DELIB 4992 2 1 2 3 10 3 0 0
ST_DELIB 4993 2 1 2 3 10 3 0 0
ST_DELIB 4994 2 1 2 3 75 3 0 0
ST_DELIB 4995 2 1 2 3 10 3 0 0
ST_DELIB 4996 2 1 2 3 10 3 0 0
ST_DELIB 4997 2 1 2 3 75 3 0 0
ST_DELIB 4998 2 1 2 3 10 3 0 0
ST_DELIB 4999 2 1 2 3 10 3 0 0
ST_TS 5000 320 5647 6 12552 2 4680 0 317 1500 0 0 0 6 2 50 2
ST_CELL 10 2 2 1
ST_AUDIT_N 5647
ST_DROPS 0
ST_ABANDONS 0
ST_ABANDON_Q 0 0 0 0
ST_METRIC 3 6 6
ST_METRIC 4 0 3498
ST_METRIC 5 0 6
ST_A_SUMMARY 2 4680 0 6 12552
ST_LEDGER 5647 474348
CL_CHECK,ck_replay,0,0
CL_CHECK,ck_refusals_clean,0,0
CL_CHECK,ck_core_live,1,1
CL_CHECK,ck_strength_lineage,1,1
CL_CHECK,ck_strength_lineage,1,1
CL_CHECK,ck_strength_lineage,1,1
CL_CHECK,ck_strength_lineage,1,1
CL_CHECK,ck_strength_lineage,1,1
CL_CHECK,ck_strength_lineage,1,1
CL_CHECK,ck_strength_lineage,1,1
CL_CHECK,ck_strength_lineage,1,1
CL_CHECK,ck_strength_lineage,1,1
CL_CHECK,ck_strength_lineage,1,1
CL_CHECK,ck_strength_lineage,1,1
CL_CHECK,ck_strength_lineage,1,1
CL_CHECK,ck_strength_lineage,1,1
CL_CHECK,ck_strength_lineage,1,1
CL_CHECK,ck_strength_lineage,1,1
CL_CHECK,ck_strength_lineage,1,1
CL_CHECK,ck_strength_lineage,1,1
CL_CHECK,ck_strength_lineage,1,1
CL_CHECK,ck_strength_lineage,1,1
CL_CHECK,ck_strength_lineage,1,1
CL_CHECK,ck_strength_lineage,1,1
CL_CHECK,ck_strength_lineage,1,1
CL_CHECK,ck_strength_lineage,1,1
CL_CHECK,ck_strength_lineage,1,1
CL_CHECK,ck_strength_lineage,1,1
CL_CHECK,ck_strength_lineage,1,1
CL_CHECK,ck_strength_lineage,1,1
CL_CHECK,ck_strength_lineage,1,1
CL_CHECK,ck_strength_lineage,1,1
CL_CHECK,ck_strength_lineage,1,1
CL_CHECK,ck_strength_lineage,1,1
CL_CHECK,ck_strength_lineage,1,1
CL_CHECK,ck_strength_lineage,1,1
CL_CHECK,ck_strength_lineage,1,1
CL_CHECK,ck_strength_lineage,1,1
CL_CHECK,ck_strength_lineage,1,1
CL_CHECK,ck_strength_lineage,1,1
CL_CHECK,ck_strength_lineage,1,1
CL_CHECK,ck_strength_lineage,1,1
CL_CHECK,ck_strength_lineage,1,1
CL_CHECK,ck_strength_lineage,1,1
CL_CHECK,ck_strength_lineage,1,1
CL_CHECK,ck_strength_lineage,1,1
CL_CHECK,ck_strength_lineage,1,1
CL_CHECK,ck_strength_lineage,1,1
CL_CHECK,ck_strength_lineage,1,1
CL_CHECK,ck_strength_lineage,1,1
CL_CHECK,ck_strength_lineage,1,1
CL_CHECK,ck_strength_lineage,1,1
CL_CHECK,ck_strength_lineage,1,1
CL_CHECK,ck_strength_lineage,1,1
CL_CHECK,ck_strength_lineage,1,1
CL_CHECK,ck_strength_lineage,1,1
CL_CHECK,ck_strength_lineage,1,1
CL_CHECK,ck_strength_lineage,1,1
CL_CHECK,ck_strength_lineage,1,1
CL_CHECK,ck_strength_lineage,1,1
CL_CHECK,ck_strength_lineage,1,1
CL_CHECK,ck_strength_lineage,1,1
CL_CHECK,ck_strength_lineage,1,1
CL_CHECK,ck_strength_lineage,1,1
CL_CHECK,ck_strength_lineage,1,1
CL_CHECK,ck_strength_lineage,1,1
CL_CHECK,ck_strength_lineage,1,1
CL_CHECK,ck_strength_lineage,1,1
CL_CHECK,ck_strength_lineage,1,1
CL_CHECK,ck_strength_lineage,1,1
CL_CHECK,ck_strength_lineage,1,1
CL_CHECK,ck_strength_lineage,1,1
CL_CHECK,ck_strength_lineage,1,1
CL_CHECK,ck_strength_lineage,1,1
CL_CHECK,ck_strength_lineage,1,1
CL_CHECK,ck_strength_lineage,1,1
CL_CHECK,ck_strength_lineage,1,1
CL_CHECK,ck_strength_lineage,1,1
CL_CHECK,ck_strength_lineage,1,1
CL_CHECK,ck_strength_lineage,1,1
CL_CHECK,ck_strength_lineage,1,1
CL_CHECK,ck_strength_lineage,1,1
CL_CHECK,ck_strength_lineage,1,1
CL_CHECK,ck_strength_lineage,1,1
CL_CHECK,ck_strength_lineage,1,1
CL_CHECK,ck_strength_lineage,1,1
CL_CHECK,ck_strength_lineage,1,1
CL_CHECK,ck_strength_lineage,1,1
CL_CHECK,ck_strength_lineage,1,1
CL_CHECK,ck_strength_lineage,1,1
CL_CHECK,ck_strength_lineage,1,1
CL_CHECK,ck_strength_lineage,1,1
CL_CHECK,ck_strength_lineage,1,1
CL_CHECK,ck_strength_lineage,1,1
CL_CHECK,ck_strength_lineage,1,1
CL_CHECK,ck_strength_lineage,1,1
CL_CHECK,ck_strength_lineage,1,1
CL_CHECK,ck_strength_lineage,1,1
CL_CHECK,ck_strength_lineage,1,1
CL_CHECK,ck_strength_lineage,1,1
CL_CHECK,ck_strength_lineage,1,1
CL_CHECK,ck_strength_lineage,1,1
CL_CHECK,ck_strength_lineage,1,1
CL_CHECK,ck_strength_lineage,1,1
CL_CHECK,ck_strength_lineage,1,1
CL_CHECK,ck_strength_lineage,1,1
CL_CHECK,ck_strength_lineage,1,1
CL_CHECK,ck_strength_lineage,1,1
CL_CHECK,ck_strength_lineage,1,1
CL_CHECK,ck_strength_lineage,1,1
CL_CHECK,ck_strength_lineage,1,1
CL_CHECK,ck_strength_lineage,1,1
CL_CHECK,ck_strength_lineage,1,1
CL_CHECK,ck_strength_lineage,1,1
CL_CHECK,ck_strength_lineage,1,1
CL_CHECK,ck_strength_lineage,1,1
CL_CHECK,ck_strength_lineage,1,1
CL_CHECK,ck_strength_lineage,1,1
CL_CHECK,ck_strength_lineage,1,1
CL_CHECK,ck_strength_lineage,1,1
CL_CHECK,ck_strength_lineage,1,1
CL_CHECK,ck_strength_lineage,1,1
CL_CHECK,ck_strength_lineage,1,1
CL_CHECK,ck_strength_lineage,1,1
CL_CHECK,ck_strength_lineage,1,1
CL_CHECK,ck_strength_lineage,1,1
CL_CHECK,ck_strength_lineage,1,1
CL_CHECK,ck_strength_lineage,1,1
CL_CHECK,ck_strength_lineage,1,1
CL_CHECK,ck_strength_lineage,1,1
CL_CHECK,ck_strength_lineage,1,1
CL_CHECK,ck_strength_lineage,1,1
CL_CHECK,ck_strength_lineage,1,1
CL_CHECK,ck_strength_lineage,1,1
CL_CHECK,ck_strength_lineage,1,1
CL_CHECK,ck_strength_lineage,1,1
CL_CHECK,ck_strength_lineage,1,1
CL_CHECK,ck_strength_lineage,1,1
CL_CHECK,ck_strength_lineage,1,1
CL_CHECK,ck_strength_lineage,1,1
CL_CHECK,ck_strength_lineage,1,1
CL_CHECK,ck_strength_lineage,1,1
CL_CHECK,ck_strength_lineage,1,1
CL_CHECK,ck_strength_lineage,1,1
CL_CHECK,ck_strength_lineage,1,1
CL_CHECK,ck_strength_lineage,1,1
CL_CHECK,ck_strength_lineage,1,1
CL_CHECK,ck_strength_lineage,1,1
CL_CHECK,ck_strength_lineage,1,1
CL_CHECK,ck_strength_lineage,1,1
CL_CHECK,ck_strength_lineage,1,1
CL_CHECK,ck_strength_lineage,1,1
CL_CHECK,ck_strength_lineage,1,1
CL_CHECK,ck_strength_lineage,1,1
CL_CHECK,ck_strength_lineage,1,1
CL_CHECK,ck_strength_lineage,1,1
CL_CHECK,ck_strength_lineage,1,1
CL_CHECK,ck_strength_lineage,1,1
CL_CHECK,ck_strength_lineage,1,1
CL_CHECK,ck_strength_lineage,1,1
CL_CHECK,ck_strength_lineage,1,1
CL_CHECK,ck_strength_lineage,1,1
CL_CHECK,ck_strength_lineage,1,1
CL_CHECK,ck_strength_lineage,1,1
CL_CHECK,ck_strength_lineage,1,1
CL_CHECK,ck_strength_lineage,1,1
CL_CHECK,ck_strength_lineage,1,1
CL_CHECK,ck_strength_lineage,1,1
CL_CHECK,ck_strength_lineage,1,1
CL_CHECK,ck_strength_lineage,1,1
CL_CHECK,ck_strength_lineage,1,1
CL_CHECK,ck_strength_lineage,1,1
CL_CHECK,ck_strength_lineage,1,1
CL_CHECK,ck_strength_lineage,1,1
CL_CHECK,ck_strength_lineage,1,1
CL_CHECK,ck_strength_lineage,1,1
CL_CHECK,ck_strength_lineage,1,1
CL_CHECK,ck_strength_lineage,1,1
CL_CHECK,ck_strength_lineage,1,1
CL_CHECK,ck_strength_lineage,1,1
CL_CHECK,ck_strength_lineage,1,1
CL_CHECK,ck_strength_lineage,1,1
CL_CHECK,ck_strength_lineage,1,1
CL_CHECK,ck_strength_lineage,1,1
CL_CHECK,ck_strength_lineage,1,1
CL_CHECK,ck_strength_lineage,1,1
CL_CHECK,ck_strength_lineage,1,1
CL_CHECK,ck_strength_lineage,1,1
CL_CHECK,ck_strength_lineage,1,1
CL_CHECK,ck_strength_lineage,1,1
CL_CHECK,ck_strength_lineage,1,1
CL_CHECK,ck_strength_lineage,1,1
CL_CHECK,ck_strength_lineage,1,1
CL_CHECK,ck_strength_lineage,1,1
CL_CHECK,ck_strength_lineage,1,1
CL_CHECK,ck_strength_lineage,1,1
CL_CHECK,ck_strength_lineage,1,1
CL_CHECK,ck_strength_lineage,1,1
CL_CHECK,ck_strength_lineage,1,1
CL_CHECK,ck_strength_lineage,1,1
CL_CHECK,ck_strength_lineage,1,1
CL_CHECK,ck_strength_lineage,1,1
CL_CHECK,ck_strength_lineage,1,1
CL_CHECK,ck_strength_lineage,1,1
CL_CHECK,ck_strength_lineage,1,1
CL_CHECK,ck_strength_lineage,1,1
CL_CHECK,ck_strength_lineage,1,1
CL_CHECK,ck_strength_lineage,1,1
CL_CHECK,ck_strength_lineage,1,1
CL_CHECK,ck_strength_lineage,1,1
CL_CHECK,ck_strength_lineage,1,1
CL_CHECK,ck_strength_lineage,1,1
CL_CHECK,ck_strength_lineage,1,1
CL_CHECK,ck_strength_lineage,1,1
CL_CHECK,ck_strength_lineage,1,1
CL_CHECK,ck_strength_lineage,1,1
CL_CHECK,ck_strength_lineage,1,1
CL_CHECK,ck_strength_lineage,1,1
CL_CHECK,ck_strength_lineage,1,1
CL_CHECK,ck_strength_lineage,1,1
CL_CHECK,ck_strength_lineage,1,1
CL_CHECK,ck_strength_lineage,1,1
CL_CHECK,ck_strength_lineage,1,1
CL_CHECK,ck_strength_lineage,1,1
CL_CHECK,ck_strength_lineage,1,1
CL_CHECK,ck_strength_lineage,1,1
CL_CHECK,ck_strength_lineage,1,1
CL_CHECK,ck_strength_lineage,1,1
CL_CHECK,ck_strength_lineage,1,1
CL_CHECK,ck_strength_lineage,1,1
CL_CHECK,ck_strength_lineage,1,1
CL_CHECK,ck_strength_lineage,1,1
CL_CHECK,ck_strength_lineage,1,1
CL_CHECK,ck_strength_lineage,1,1
CL_CHECK,ck_strength_lineage,1,1
CL_CHECK,ck_strength_lineage,1,1
CL_CHECK,ck_strength_lineage,1,1
CL_CHECK,ck_strength_lineage,1,1
CL_CHECK,ck_strength_lineage,1,1
CL_CHECK,ck_strength_lineage,1,1
CL_CHECK,ck_strength_lineage,1,1
CL_CHECK,ck_strength_lineage,1,1
CL_CHECK,ck_strength_lineage,1,1
CL_CHECK,ck_strength_lineage,1,1
CL_CHECK,ck_strength_lineage,1,1
CL_CHECK,ck_strength_lineage,1,1
CL_CHECK,ck_strength_lineage,1,1
CL_CHECK,ck_strength_lineage,1,1
CL_CHECK,ck_strength_lineage,1,1
CL_CHECK,ck_strength_lineage,1,1
CL_CHECK,ck_strength_lineage,1,1
CL_CHECK,ck_strength_lineage,1,1
CL_CHECK,ck_strength_lineage,1,1
CL_CHECK,ck_strength_lineage,1,1
CL_CHECK,ck_strength_lineage,1,1
CL_CHECK,ck_strength_lineage,1,1
CL_CHECK,ck_strength_lineage,1,1
CL_CHECK,ck_strength_lineage,1,1
CL_CHECK,ck_strength_lineage,1,1
CL_CHECK,ck_strength_lineage,1,1
CL_CHECK,ck_strength_lineage,1,1
CL_CHECK,ck_strength_lineage,1,1
CL_CHECK,ck_strength_lineage,1,1
CL_CHECK,ck_strength_lineage,1,1
CL_CHECK,ck_strength_lineage,1,1
CL_CHECK,ck_strength_lineage,1,1
CL_CHECK,ck_strength_lineage,1,1
CL_CHECK,ck_strength_lineage,1,1
CL_CHECK,ck_strength_lineage,1,1
CL_CHECK,ck_strength_lineage,1,1
CL_CHECK,ck_strength_lineage,1,1
CL_CHECK,ck_strength_lineage,1,1
CL_CHECK,ck_strength_lineage,1,1
CL_CHECK,ck_strength_lineage,1,1
CL_CHECK,ck_strength_lineage,1,1
CL_CHECK,ck_strength_lineage,1,1
CL_CHECK,ck_strength_lineage,1,1
CL_CHECK,ck_strength_lineage,1,1
CL_CHECK,ck_strength_lineage,1,1
CL_CHECK,ck_strength_lineage,1,1
CL_CHECK,ck_strength_lineage,1,1
CL_CHECK,ck_strength_lineage,1,1
CL_CHECK,ck_strength_lineage,1,1
CL_CHECK,ck_strength_lineage,1,1
CL_CHECK,ck_strength_lineage,1,1
CL_CHECK,ck_strength_lineage,1,1
CL_CHECK,ck_strength_lineage,1,1
CL_CHECK,ck_strength_lineage,1,1
CL_CHECK,ck_strength_lineage,1,1
CL_CHECK,ck_strength_lineage,1,1
CL_CHECK,ck_strength_lineage,1,1
CL_CHECK,ck_strength_lineage,1,1
CL_CHECK,ck_strength_lineage,1,1
CL_CHECK,ck_strength_lineage,1,1
CL_CHECK,ck_strength_lineage,1,1
CL_CHECK,ck_strength_lineage,1,1
CL_CHECK,ck_strength_lineage,1,1
CL_CHECK,ck_strength_lineage,1,1
CL_CHECK,ck_strength_lineage,1,1
CL_CHECK,ck_strength_lineage,1,1
CL_CHECK,ck_strength_lineage,1,1
CL_CHECK,ck_strength_lineage,1,1
CL_CHECK,ck_strength_lineage,1,1
CL_CHECK,ck_strength_lineage,1,1
CL_CHECK,ck_strength_lineage,1,1
CL_CHECK,ck_strength_lineage,1,1
CL_CHECK,ck_strength_lineage,1,1
CL_CHECK,ck_strength_lineage,1,1
CL_CHECK,ck_strength_lineage,1,1
CL_CHECK,ck_strength_lineage,1,1
CL_CHECK,ck_strength_lineage,1,1
CL_CHECK,ck_strength_lineage,1,1
CL_CHECK,ck_strength_lineage,1,1
CL_CHECK,ck_strength_lineage,1,1
CL_CHECK,ck_strength_lineage,1,1
CL_CHECK,ck_strength_lineage,1,1
CL_CHECK,ck_strength_lineage,1,1
CL_CHECK,ck_strength_lineage,1,1
CL_CHECK,ck_strength_lineage,1,1
CL_CHECK,ck_strength_lineage,1,1
CL_CHECK,ck_strength_lineage,1,1
CL_CHECK,ck_strength_lineage,1,1
CL_CHECK,ck_strength_lineage,1,1
CL_CHECK,ck_strength_lineage,1,1
CL_CHECK,ck_strength_lineage,1,1
CL_CHECK,ck_strength_lineage,1,1
CL_CHECK,ck_strength_lineage,1,1
CL_CHECK,ck_strength_lineage,1,1
CL_CHECK,ck_strength_lineage,1,1
CL_CHECK,ck_strength_lineage,1,1
CL_CHECK,ck_strength_lineage,1,1
CL_CHECK,ck_strength_lineage,1,1
CL_CHECK,ck_strength_lineage,1,1
CL_CHECK,ck_strength_lineage,1,1
CL_CHECK,ck_strength_lineage,1,1
CL_CHECK,ck_strength_lineage,1,1
CL_CHECK,ck_strength_lineage,1,1
CL_CHECK,ck_strength_lineage,1,1
CL_CHECK,ck_strength_lineage,1,1
CL_CHECK,ck_strength_lineage,1,1
CL_CHECK,ck_strength_lineage,1,1
CL_CHECK,ck_strength_lineage,1,1
CL_CHECK,ck_strength_lineage,1,1
CL_CHECK,ck_strength_lineage,1,1
CL_CHECK,ck_strength_lineage,1,1
CL_CHECK,ck_strength_lineage,1,1
CL_CHECK,ck_strength_lineage,1,1
CL_CHECK,ck_strength_lineage,1,1
CL_CHECK,ck_strength_lineage,1,1
CL_CHECK,ck_strength_lineage,1,1
CL_CHECK,ck_strength_lineage,1,1
CL_CHECK,ck_strength_lineage,1,1
CL_CHECK,ck_strength_lineage,1,1
CL_CHECK,ck_strength_lineage,1,1
CL_CHECK,ck_strength_lineage,1,1
CL_CHECK,ck_strength_lineage,1,1
CL_CHECK,ck_strength_lineage,1,1
CL_CHECK,ck_strength_lineage,1,1
CL_CHECK,ck_strength_lineage,1,1
CL_CHECK,ck_strength_lineage,1,1
CL_CHECK,ck_strength_lineage,1,1
CL_CHECK,ck_strength_lineage,1,1
CL_CHECK,ck_strength_lineage,1,1
CL_CHECK,ck_strength_lineage,1,1
CL_CHECK,ck_strength_lineage,1,1
CL_CHECK,ck_strength_lineage,1,1
CL_CHECK,ck_strength_lineage,1,1
CL_CHECK,ck_strength_lineage,1,1
CL_CHECK,ck_strength_lineage,1,1
CL_CHECK,ck_strength_lineage,1,1
CL_CHECK,ck_strength_lineage,1,1
CL_CHECK,ck_strength_lineage,1,1
CL_CHECK,ck_strength_lineage,1,1
CL_CHECK,ck_strength_lineage,1,1
CL_CHECK,ck_strength_lineage,1,1
CL_CHECK,ck_strength_lineage,1,1
CL_CHECK,ck_strength_lineage,1,1
CL_CHECK,ck_strength_lineage,1,1
CL_CHECK,ck_strength_lineage,1,1
CL_CHECK,ck_strength_lineage,1,1
CL_CHECK,ck_strength_lineage,1,1
CL_CHECK,ck_strength_lineage,1,1
CL_CHECK,ck_strength_lineage,1,1
CL_CHECK,ck_strength_lineage,1,1
CL_CHECK,ck_strength_lineage,1,1
CL_CHECK,ck_strength_lineage,1,1
CL_CHECK,ck_strength_lineage,1,1
CL_CHECK,ck_strength_lineage,1,1
CL_CHECK,ck_strength_lineage,1,1
CL_CHECK,ck_strength_lineage,1,1
CL_CHECK,ck_strength_lineage,1,1
CL_CHECK,ck_strength_lineage,1,1
CL_CHECK,ck_strength_lineage,1,1
CL_CHECK,ck_strength_lineage,1,1
CL_CHECK,ck_strength_lineage,1,1
CL_CHECK,ck_strength_lineage,1,1
CL_CHECK,ck_strength_lineage,1,1
CL_CHECK,ck_strength_lineage,1,1
CL_CHECK,ck_strength_lineage,1,1
CL_CHECK,ck_strength_lineage,1,1
CL_CHECK,ck_strength_lineage,1,1
CL_CHECK,ck_strength_lineage,1,1
CL_CHECK,ck_strength_lineage,1,1
CL_CHECK,ck_strength_lineage,1,1
CL_CHECK,ck_strength_lineage,1,1
CL_CHECK,ck_strength_lineage,1,1
CL_CHECK,ck_strength_lineage,1,1
CL_CHECK,ck_strength_lineage,1,1
CL_CHECK,ck_strength_lineage,1,1
CL_CHECK,ck_strength_lineage,1,1
CL_CHECK,ck_strength_lineage,1,1
CL_CHECK,ck_strength_lineage,1,1
CL_CHECK,ck_strength_lineage,1,1
CL_CHECK,ck_strength_lineage,1,1
CL_CHECK,ck_strength_lineage,1,1
CL_CHECK,ck_strength_lineage,1,1
CL_CHECK,ck_strength_lineage,1,1
CL_CHECK,ck_strength_lineage,1,1
CL_CHECK,ck_strength_lineage,1,1
CL_CHECK,ck_strength_lineage,1,1
CL_CHECK,ck_strength_lineage,1,1
CL_CHECK,ck_strength_lineage,1,1
CL_CHECK,ck_strength_lineage,1,1
CL_CHECK,ck_strength_lineage,1,1
CL_CHECK,ck_strength_lineage,1,1
CL_CHECK,ck_strength_lineage,1,1
CL_CHECK,ck_strength_lineage,1,1
CL_CHECK,ck_strength_lineage,1,1
CL_CHECK,ck_strength_lineage,1,1
CL_CHECK,ck_strength_lineage,1,1
CL_CHECK,ck_strength_lineage,1,1
CL_CHECK,ck_strength_lineage,1,1
CL_CHECK,ck_strength_lineage,1,1
CL_CHECK,ck_strength_lineage,1,1
CL_CHECK,ck_strength_lineage,1,1
CL_CHECK,ck_strength_lineage,1,1
CL_CHECK,ck_strength_lineage,1,1
CL_CHECK,ck_strength_lineage,1,1
CL_CHECK,ck_strength_lineage,1,1
CL_CHECK,ck_strength_lineage,1,1
CL_CHECK,ck_strength_lineage,1,1
CL_CHECK,ck_strength_lineage,1,1
CL_CHECK,ck_strength_lineage,1,1
CL_CHECK,ck_strength_lineage,1,1
CL_CHECK,ck_strength_lineage,1,1
CL_CHECK,ck_strength_lineage,1,1
CL_CHECK,ck_strength_lineage,1,1
CL_CHECK,ck_strength_lineage,1,1
CL_CHECK,ck_strength_lineage,1,1
CL_CHECK,ck_strength_lineage,1,1
CL_CHECK,ck_strength_lineage,1,1
CL_CHECK,ck_strength_lineage,1,1
CL_CHECK,ck_strength_lineage,1,1
CL_CHECK,ck_strength_lineage,1,1
CL_CHECK,ck_strength_lineage,1,1
CL_CHECK,ck_strength_lineage,1,1
CL_CHECK,ck_strength_lineage,1,1
CL_CHECK,ck_strength_lineage,1,1
CL_CHECK,ck_strength_lineage,1,1
CL_CHECK,ck_strength_lineage,1,1
CL_CHECK,ck_strength_lineage,1,1
CL_CHECK,ck_strength_lineage,1,1
CL_CHECK,ck_strength_lineage,1,1
CL_CHECK,ck_strength_lineage,1,1
CL_CHECK,ck_strength_lineage,1,1
CL_CHECK,ck_strength_lineage,1,1
CL_CHECK,ck_strength_lineage,1,1
CL_CHECK,ck_strength_lineage,1,1
CL_CHECK,ck_strength_lineage,1,1
CL_CHECK,ck_strength_lineage,1,1
CL_CHECK,ck_strength_lineage,1,1
CL_CHECK,ck_strength_lineage,1,1
CL_CHECK,ck_strength_lineage,1,1
CL_CHECK,ck_strength_lineage,1,1
CL_CHECK,ck_strength_lineage,1,1
CL_CHECK,ck_strength_lineage,1,1
CL_CHECK,ck_strength_lineage,1,1
CL_CHECK,ck_strength_lineage,1,1
CL_CHECK,ck_strength_lineage,1,1
CL_CHECK,ck_strength_lineage,1,1
CL_CHECK,ck_strength_lineage,1,1
CL_CHECK,ck_strength_lineage,1,1
CL_CHECK,ck_strength_lineage,1,1
CL_CHECK,ck_strength_lineage,1,1
CL_CHECK,ck_strength_lineage,1,1
CL_CHECK,ck_strength_lineage,1,1
CL_CHECK,ck_strength_lineage,1,1
CL_CHECK,ck_strength_lineage,1,1
CL_CHECK,ck_strength_lineage,1,1
CL_CHECK,ck_strength_lineage,1,1
CL_CHECK,ck_strength_lineage,1,1
CL_CHECK,ck_strength_lineage,1,1
CL_CHECK,ck_strength_lineage,1,1
CL_CHECK,ck_strength_lineage,1,1
CL_CHECK,ck_strength_lineage,1,1
CL_CHECK,ck_strength_lineage,1,1
CL_CHECK,ck_strength_lineage,1,1
CL_CHECK,ck_strength_lineage,1,1
CL_CHECK,ck_strength_lineage,1,1
CL_CHECK,ck_strength_lineage,1,1
CL_CHECK,ck_strength_lineage,1,1
CL_CHECK,ck_strength_lineage,1,1
CL_CHECK,ck_strength_lineage,1,1
CL_CHECK,ck_strength_lineage,1,1
CL_CHECK,ck_strength_lineage,1,1
CL_CHECK,ck_strength_lineage,1,1
CL_CHECK,ck_strength_lineage,1,1
CL_CHECK,ck_strength_lineage,1,1
CL_CHECK,ck_strength_lineage,1,1
CL_CHECK,ck_strength_lineage,1,1
CL_CHECK,ck_strength_lineage,1,1
CL_CHECK,ck_strength_lineage,1,1
CL_CHECK,ck_strength_lineage,1,1
CL_CHECK,ck_strength_lineage,1,1
CL_CHECK,ck_strength_lineage,1,1
CL_CHECK,ck_strength_lineage,1,1
CL_CHECK,ck_strength_lineage,1,1
CL_CHECK,ck_strength_lineage,1,1
CL_CHECK,ck_strength_lineage,1,1
CL_CHECK,ck_strength_lineage,1,1
CL_CHECK,ck_strength_lineage,1,1
CL_CHECK,ck_strength_lineage,1,1
CL_CHECK,ck_strength_lineage,1,1
CL_CHECK,ck_strength_lineage,1,1
CL_CHECK,ck_strength_lineage,1,1
CL_CHECK,ck_strength_lineage,1,1
CL_CHECK,ck_strength_lineage,1,1
CL_CHECK,ck_strength_lineage,1,1
CL_CHECK,ck_strength_lineage,1,1
CL_CHECK,ck_strength_lineage,1,1
CL_CHECK,ck_strength_lineage,1,1
CL_CHECK,ck_strength_lineage,1,1
CL_CHECK,ck_strength_lineage,1,1
CL_CHECK,ck_strength_lineage,1,1
CL_CHECK,ck_strength_lineage,1,1
CL_CHECK,ck_strength_lineage,1,1
CL_CHECK,ck_strength_lineage,1,1
CL_CHECK,ck_strength_lineage,1,1
CL_CHECK,ck_strength_lineage,1,1
CL_CHECK,ck_strength_lineage,1,1
CL_CHECK,ck_strength_lineage,1,1
CL_CHECK,ck_strength_lineage,1,1
CL_CHECK,ck_strength_lineage,1,1
CL_CHECK,ck_strength_lineage,1,1
CL_CHECK,ck_strength_lineage,1,1
CL_CHECK,ck_strength_lineage,1,1
CL_CHECK,ck_strength_lineage,1,1
CL_CHECK,ck_strength_lineage,1,1
CL_CHECK,ck_strength_lineage,1,1
CL_CHECK,ck_strength_lineage,1,1
CL_CHECK,ck_strength_lineage,1,1
CL_CHECK,ck_strength_lineage,1,1
CL_CHECK,ck_strength_lineage,1,1
CL_CHECK,ck_strength_lineage,1,1
CL_CHECK,ck_strength_lineage,1,1
CL_CHECK,ck_strength_lineage,1,1
CL_CHECK,ck_strength_lineage,1,1
CL_CHECK,ck_strength_lineage,1,1
CL_CHECK,ck_strength_lineage,1,1
CL_CHECK,ck_strength_lineage,1,1
CL_CHECK,ck_strength_lineage,1,1
CL_CHECK,ck_strength_lineage,1,1
CL_CHECK,ck_strength_lineage,1,1
CL_CHECK,ck_strength_lineage,1,1
CL_CHECK,ck_strength_lineage,1,1
CL_CHECK,ck_strength_lineage,1,1
CL_CHECK,ck_strength_lineage,1,1
CL_CHECK,ck_strength_lineage,1,1
CL_CHECK,ck_strength_lineage,1,1
CL_CHECK,ck_strength_lineage,1,1
CL_CHECK,ck_strength_lineage,1,1
CL_CHECK,ck_strength_lineage,1,1
CL_CHECK,ck_strength_lineage,1,1
CL_CHECK,ck_strength_lineage,1,1
CL_CHECK,ck_strength_lineage,1,1
CL_CHECK,ck_strength_lineage,1,1
CL_CHECK,ck_strength_lineage,1,1
CL_CHECK,ck_strength_lineage,1,1
CL_CHECK,ck_strength_lineage,1,1
CL_CHECK,ck_strength_lineage,1,1
CL_CHECK,ck_strength_lineage,1,1
CL_CHECK,ck_strength_lineage,1,1
CL_CHECK,ck_strength_lineage,1,1
CL_CHECK,ck_strength_lineage,1,1
CL_CHECK,ck_strength_lineage,1,1
CL_CHECK,ck_strength_lineage,1,1
CL_CHECK,ck_strength_lineage,1,1
CL_CHECK,ck_strength_lineage,1,1
CL_CHECK,ck_strength_lineage,1,1
CL_CHECK,ck_strength_lineage,1,1
CL_CHECK,ck_strength_lineage,1,1
CL_CHECK,ck_strength_lineage,1,1
CL_CHECK,ck_strength_lineage,1,1
CL_CHECK,ck_strength_lineage,1,1
CL_CHECK,ck_strength_lineage,1,1
CL_CHECK,ck_strength_lineage,1,1
CL_CHECK,ck_strength_lineage,1,1
CL_CHECK,ck_strength_lineage,1,1
CL_CHECK,ck_strength_lineage,1,1
CL_CHECK,ck_strength_lineage,1,1
CL_CHECK,ck_strength_lineage,1,1
CL_CHECK,ck_strength_lineage,1,1
CL_CHECK,ck_strength_lineage,1,1
CL_CHECK,ck_strength_lineage,1,1
CL_CHECK,ck_strength_lineage,1,1
CL_CHECK,ck_strength_lineage,1,1
CL_CHECK,ck_strength_lineage,1,1
CL_CHECK,ck_strength_lineage,1,1
CL_CHECK,ck_strength_lineage,1,1
CL_CHECK,ck_strength_lineage,1,1
CL_CHECK,ck_strength_lineage,1,1
CL_CHECK,ck_strength_lineage,1,1
CL_CHECK,ck_strength_lineage,1,1
CL_CHECK,ck_strength_lineage,1,1
CL_CHECK,ck_strength_lineage,1,1
CL_CHECK,ck_strength_lineage,1,1
CL_CHECK,ck_strength_lineage,1,1
CL_CHECK,ck_strength_lineage,1,1
CL_CHECK,ck_strength_lineage,1,1
CL_CHECK,ck_strength_lineage,1,1
CL_CHECK,ck_strength_lineage,1,1
CL_CHECK,ck_strength_lineage,1,1
CL_CHECK,ck_strength_lineage,1,1
CL_CHECK,ck_strength_lineage,1,1
CL_CHECK,ck_strength_lineage,1,1
CL_CHECK,ck_strength_lineage,1,1
CL_CHECK,ck_strength_lineage,1,1
CL_CHECK,ck_strength_lineage,1,1
CL_CHECK,ck_strength_lineage,1,1
CL_CHECK,ck_strength_lineage,1,1
CL_CHECK,ck_strength_lineage,1,1
CL_CHECK,ck_strength_lineage,1,1
CL_CHECK,ck_strength_lineage,1,1
CL_CHECK,ck_strength_lineage,1,1
CL_CHECK,ck_strength_lineage,1,1
CL_CHECK,ck_strength_lineage,1,1
CL_CHECK,ck_strength_lineage,1,1
CL_CHECK,ck_strength_lineage,1,1
CL_CHECK,ck_strength_lineage,1,1
CL_CHECK,ck_strength_lineage,1,1
CL_CHECK,ck_strength_lineage,1,1
CL_CHECK,ck_strength_lineage,1,1
CL_CHECK,ck_strength_lineage,1,1
CL_CHECK,ck_strength_lineage,1,1
CL_CHECK,ck_strength_lineage,1,1
CL_CHECK,ck_strength_lineage,1,1
CL_CHECK,ck_strength_lineage,1,1
CL_CHECK,ck_strength_lineage,1,1
CL_CHECK,ck_strength_lineage,1,1
CL_CHECK,ck_strength_lineage,1,1
CL_CHECK,ck_strength_lineage,1,1
CL_CHECK,ck_strength_lineage,1,1
CL_CHECK,ck_strength_lineage,1,1
CL_CHECK,ck_strength_lineage,1,1
CL_CHECK,ck_strength_lineage,1,1
CL_CHECK,ck_strength_lineage,1,1
CL_CHECK,ck_strength_lineage,1,1
CL_CHECK,ck_strength_lineage,1,1
CL_CHECK,ck_strength_lineage,1,1
CL_CHECK,ck_strength_lineage,1,1
CL_CHECK,ck_strength_lineage,1,1
CL_CHECK,ck_strength_lineage,1,1
CL_CHECK,ck_strength_lineage,1,1
CL_CHECK,ck_strength_lineage,1,1
CL_CHECK,ck_strength_lineage,1,1
CL_CHECK,ck_strength_lineage,1,1
CL_CHECK,ck_strength_lineage,1,1
CL_CHECK,ck_strength_lineage,1,1
CL_CHECK,ck_strength_lineage,1,1
CL_CHECK,ck_strength_lineage,1,1
CL_CHECK,ck_strength_lineage,1,1
CL_CHECK,ck_strength_lineage,1,1
CL_CHECK,ck_strength_lineage,1,1
CL_CHECK,ck_strength_lineage,1,1
CL_CHECK,ck_strength_lineage,1,1
CL_CHECK,ck_strength_lineage,1,1
CL_CHECK,ck_strength_lineage,1,1
CL_CHECK,ck_strength_lineage,1,1
CL_CHECK,ck_strength_lineage,1,1
CL_CHECK,ck_strength_lineage,1,1
CL_CHECK,ck_strength_lineage,1,1
CL_CHECK,ck_strength_lineage,1,1
CL_CHECK,ck_strength_lineage,1,1
CL_CHECK,ck_strength_lineage,1,1
CL_CHECK,ck_strength_lineage,1,1
CL_CHECK,ck_strength_lineage,1,1
CL_CHECK,ck_strength_lineage,1,1
CL_CHECK,ck_strength_lineage,1,1
CL_CHECK,ck_strength_lineage,1,1
CL_CHECK,ck_strength_lineage,1,1
CL_CHECK,ck_strength_lineage,1,1
CL_CHECK,ck_strength_lineage,1,1
CL_CHECK,ck_strength_lineage,1,1
CL_CHECK,ck_strength_lineage,1,1
CL_CHECK,ck_strength_lineage,1,1
CL_CHECK,ck_strength_lineage,1,1
CL_CHECK,ck_strength_lineage,1,1
CL_CHECK,ck_strength_lineage,1,1
CL_CHECK,ck_strength_lineage,1,1
CL_CHECK,ck_strength_lineage,1,1
CL_CHECK,ck_strength_lineage,1,1
CL_CHECK,ck_strength_lineage,1,1
CL_CHECK,ck_strength_lineage,1,1
CL_CHECK,ck_strength_lineage,1,1
CL_CHECK,ck_strength_lineage,1,1
CL_CHECK,ck_strength_lineage,1,1
CL_CHECK,ck_strength_lineage,1,1
CL_CHECK,ck_strength_lineage,1,1
CL_CHECK,ck_strength_lineage,1,1
CL_CHECK,ck_strength_lineage,1,1
CL_CHECK,ck_strength_lineage,1,1
CL_CHECK,ck_strength_lineage,1,1
CL_CHECK,ck_strength_lineage,1,1
CL_CHECK,ck_strength_lineage,1,1
CL_CHECK,ck_strength_lineage,1,1
CL_CHECK,ck_strength_lineage,1,1
CL_CHECK,ck_strength_lineage,1,1
CL_CHECK,ck_strength_lineage,1,1
CL_CHECK,ck_strength_lineage,1,1
CL_CHECK,ck_strength_lineage,1,1
CL_CHECK,ck_strength_lineage,1,1
CL_CHECK,ck_strength_lineage,1,1
CL_CHECK,ck_strength_lineage,1,1
CL_CHECK,ck_strength_lineage,1,1
CL_CHECK,ck_strength_lineage,1,1
CL_CHECK,ck_strength_lineage,1,1
CL_CHECK,ck_strength_lineage,1,1
CL_CHECK,ck_strength_lineage,1,1
CL_CHECK,ck_strength_lineage,1,1
CL_CHECK,ck_strength_lineage,1,1
CL_CHECK,ck_strength_lineage,1,1
CL_CHECK,ck_strength_lineage,1,1
CL_CHECK,ck_strength_lineage,1,1
CL_CHECK,ck_strength_lineage,1,1
CL_CHECK,ck_strength_lineage,1,1
CL_CHECK,ck_strength_lineage,1,1
CL_CHECK,ck_strength_lineage,1,1
CL_CHECK,ck_strength_lineage,1,1
CL_CHECK,ck_strength_lineage,1,1
CL_CHECK,ck_strength_lineage,1,1
CL_CHECK,ck_strength_lineage,1,1
CL_CHECK,ck_strength_lineage,1,1
CL_CHECK,ck_strength_lineage,1,1
CL_CHECK,ck_strength_lineage,1,1
CL_CHECK,ck_strength_lineage,1,1
CL_CHECK,ck_strength_lineage,1,1
CL_CHECK,ck_strength_lineage,1,1
CL_CHECK,ck_strength_lineage,1,1
CL_CHECK,ck_strength_lineage,1,1
CL_CHECK,ck_strength_lineage,1,1
CL_CHECK,ck_strength_lineage,1,1
CL_CHECK,ck_strength_lineage,1,1
CL_CHECK,ck_strength_lineage,1,1
CL_CHECK,ck_strength_lineage,1,1
CL_CHECK,ck_strength_lineage,1,1
CL_CHECK,ck_strength_lineage,1,1
CL_CHECK,ck_strength_lineage,1,1
CL_CHECK,ck_strength_lineage,1,1
CL_CHECK,ck_strength_lineage,1,1
CL_CHECK,ck_strength_lineage,1,1
CL_CHECK,ck_strength_lineage,1,1
CL_CHECK,ck_strength_lineage,1,1
CL_CHECK,ck_strength_lineage,1,1
CL_CHECK,ck_strength_lineage,1,1
CL_CHECK,ck_strength_lineage,1,1
CL_CHECK,ck_strength_lineage,1,1
CL_CHECK,ck_strength_lineage,1,1
CL_CHECK,ck_strength_lineage,1,1
CL_CHECK,ck_strength_lineage,1,1
CL_CHECK,ck_strength_lineage,1,1
CL_CHECK,ck_strength_lineage,1,1
CL_CHECK,ck_strength_lineage,1,1
CL_CHECK,ck_strength_lineage,1,1
CL_CHECK,ck_strength_lineage,1,1
CL_CHECK,ck_strength_lineage,1,1
CL_CHECK,ck_strength_lineage,1,1
CL_CHECK,ck_strength_lineage,1,1
CL_CHECK,ck_strength_lineage,1,1
CL_CHECK,ck_strength_lineage,1,1
CL_CHECK,ck_strength_lineage,1,1
CL_CHECK,ck_strength_lineage,1,1
CL_CHECK,ck_strength_lineage,1,1
CL_CHECK,ck_strength_lineage,1,1
CL_CHECK,ck_strength_lineage,1,1
CL_CHECK,ck_strength_lineage,1,1
CL_CHECK,ck_strength_lineage,1,1
CL_CHECK,ck_strength_lineage,1,1
CL_CHECK,ck_strength_lineage,1,1
CL_CHECK,ck_strength_lineage,1,1
CL_CHECK,ck_strength_lineage,1,1
CL_CHECK,ck_strength_lineage,1,1
CL_CHECK,ck_strength_lineage,1,1
CL_CHECK,ck_strength_lineage,1,1
CL_CHECK,ck_strength_lineage,1,1
CL_CHECK,ck_strength_lineage,1,1
CL_CHECK,ck_strength_lineage,1,1
CL_CHECK,ck_strength_lineage,1,1
CL_CHECK,ck_strength_lineage,1,1
CL_CHECK,ck_strength_lineage,1,1
CL_CHECK,ck_strength_lineage,1,1
CL_CHECK,ck_strength_lineage,1,1
CL_CHECK,ck_strength_lineage,1,1
CL_CHECK,ck_strength_lineage,1,1
CL_CHECK,ck_strength_lineage,1,1
CL_CHECK,ck_strength_lineage,1,1
CL_CHECK,ck_strength_lineage,1,1
CL_CHECK,ck_strength_lineage,1,1
CL_CHECK,ck_strength_lineage,1,1
CL_CHECK,ck_strength_lineage,1,1
CL_CHECK,ck_strength_lineage,1,1
CL_CHECK,ck_strength_lineage,1,1
CL_CHECK,ck_strength_lineage,1,1
CL_CHECK,ck_strength_lineage,1,1
CL_CHECK,ck_strength_lineage,1,1
CL_CHECK,ck_strength_lineage,1,1
CL_CHECK,ck_strength_lineage,1,1
CL_CHECK,ck_strength_lineage,1,1
CL_CHECK,ck_strength_lineage,1,1
CL_CHECK,ck_strength_lineage,1,1
CL_CHECK,ck_strength_lineage,1,1
CL_CHECK,ck_strength_lineage,1,1
CL_CHECK,ck_strength_lineage,1,1
CL_CHECK,ck_strength_lineage,1,1
CL_CHECK,ck_strength_lineage,1,1
CL_CHECK,ck_strength_lineage,1,1
CL_CHECK,ck_strength_lineage,1,1
CL_CHECK,ck_strength_lineage,1,1
CL_CHECK,ck_strength_lineage,1,1
CL_CHECK,ck_strength_lineage,1,1
CL_CHECK,ck_strength_lineage,1,1
CL_CHECK,ck_strength_lineage,1,1
CL_CHECK,ck_strength_lineage,1,1
CL_CHECK,ck_strength_lineage,1,1
CL_CHECK,ck_strength_lineage,1,1
CL_CHECK,ck_strength_lineage,1,1
CL_CHECK,ck_strength_lineage,1,1
CL_CHECK,ck_strength_lineage,1,1
CL_CHECK,ck_strength_lineage,1,1
CL_CHECK,ck_strength_lineage,1,1
CL_CHECK,ck_strength_lineage,1,1
CL_CHECK,ck_strength_lineage,1,1
CL_CHECK,ck_strength_lineage,1,1
CL_CHECK,ck_strength_lineage,1,1
CL_CHECK,ck_strength_lineage,1,1
CL_CHECK,ck_strength_lineage,1,1
CL_CHECK,ck_strength_lineage,1,1
CL_CHECK,ck_strength_lineage,1,1
CL_CHECK,ck_strength_lineage,1,1
CL_CHECK,ck_strength_lineage,1,1
CL_CHECK,ck_strength_lineage,1,1
CL_CHECK,ck_strength_lineage,1,1
CL_CHECK,ck_strength_lineage,1,1
CL_CHECK,ck_strength_lineage,1,1
CL_CHECK,ck_strength_lineage,1,1
CL_CHECK,ck_strength_lineage,1,1
CL_CHECK,ck_strength_lineage,1,1
CL_CHECK,ck_strength_lineage,1,1
CL_CHECK,ck_strength_lineage,1,1
CL_CHECK,ck_strength_lineage,1,1
CL_CHECK,ck_strength_lineage,1,1
CL_CHECK,ck_strength_lineage,1,1
CL_CHECK,ck_strength_lineage,1,1
CL_CHECK,ck_strength_lineage,1,1
CL_CHECK,ck_strength_lineage,1,1
CL_CHECK,ck_strength_lineage,1,1
CL_CHECK,ck_strength_lineage,1,1
CL_CHECK,ck_strength_lineage,1,1
CL_CHECK,ck_strength_lineage,1,1
CL_CHECK,ck_strength_lineage,1,1
CL_CHECK,ck_strength_lineage,1,1
CL_CHECK,ck_strength_lineage,1,1
CL_CHECK,ck_strength_lineage,1,1
CL_CHECK,ck_strength_lineage,1,1
CL_CHECK,ck_strength_lineage,1,1
CL_CHECK,ck_strength_lineage,1,1
CL_CHECK,ck_strength_lineage,1,1
CL_CHECK,ck_strength_lineage,1,1
CL_CHECK,ck_strength_lineage,1,1
CL_CHECK,ck_strength_lineage,1,1
CL_CHECK,ck_strength_lineage,1,1
CL_CHECK,ck_strength_lineage,1,1
CL_CHECK,ck_strength_lineage,1,1
CL_CHECK,ck_strength_lineage,1,1
CL_CHECK,ck_strength_lineage,1,1
CL_CHECK,ck_strength_lineage,1,1
CL_CHECK,ck_strength_lineage,1,1
CL_CHECK,ck_strength_lineage,1,1
CL_CHECK,ck_strength_lineage,1,1
CL_CHECK,ck_strength_lineage,1,1
CL_CHECK,ck_strength_lineage,1,1
CL_CHECK,ck_strength_lineage,1,1
CL_CHECK,ck_strength_lineage,1,1
CL_CHECK,ck_strength_lineage,1,1
CL_CHECK,ck_strength_lineage,1,1
CL_CHECK,ck_strength_lineage,1,1
CL_CHECK,ck_strength_lineage,1,1
CL_CHECK,ck_strength_lineage,1,1
CL_CHECK,ck_strength_lineage,1,1
CL_CHECK,ck_strength_lineage,1,1
CL_CHECK,ck_strength_lineage,1,1
CL_CHECK,ck_strength_lineage,1,1
CL_CHECK,ck_strength_lineage,1,1
CL_CHECK,ck_strength_lineage,1,1
CL_CHECK,ck_strength_lineage,1,1
CL_CHECK,ck_strength_lineage,1,1
CL_CHECK,ck_strength_lineage,1,1
CL_CHECK,ck_strength_lineage,1,1
CL_CHECK,ck_strength_lineage,1,1
CL_CHECK,ck_strength_lineage,1,1
CL_CHECK,ck_strength_lineage,1,1
CL_CHECK,ck_strength_lineage,1,1
CL_CHECK,ck_strength_lineage,1,1
CL_CHECK,ck_strength_lineage,1,1
CL_CHECK,ck_strength_lineage,1,1
CL_CHECK,ck_strength_lineage,1,1
CL_CHECK,ck_strength_lineage,1,1
CL_CHECK,ck_strength_lineage,1,1
CL_CHECK,ck_strength_lineage,1,1
CL_CHECK,ck_strength_lineage,1,1
CL_CHECK,ck_strength_lineage,1,1
CL_CHECK,ck_strength_lineage,1,1
CL_CHECK,ck_strength_lineage,1,1
CL_CHECK,ck_strength_lineage,1,1
CL_CHECK,ck_strength_lineage,1,1
CL_CHECK,ck_strength_lineage,1,1
CL_CHECK,ck_strength_lineage,1,1
CL_CHECK,ck_strength_lineage,1,1
CL_CHECK,ck_strength_lineage,1,1
CL_CHECK,ck_strength_lineage,1,1
CL_CHECK,ck_strength_lineage,1,1
CL_CHECK,ck_strength_lineage,1,1
CL_CHECK,ck_strength_lineage,1,1
CL_CHECK,ck_strength_lineage,1,1
CL_CHECK,ck_strength_lineage,1,1
CL_CHECK,ck_strength_lineage,1,1
CL_CHECK,ck_strength_lineage,1,1
CL_CHECK,ck_strength_lineage,1,1
CL_CHECK,ck_strength_lineage,1,1
CL_CHECK,ck_strength_lineage,1,1
CL_CHECK,ck_strength_lineage,1,1
CL_CHECK,ck_strength_lineage,1,1
CL_CHECK,ck_strength_lineage,1,1
CL_CHECK,ck_strength_lineage,1,1
CL_CHECK,ck_strength_lineage,1,1
CL_CHECK,ck_strength_lineage,1,1
CL_CHECK,ck_strength_lineage,1,1
CL_CHECK,ck_strength_lineage,1,1
CL_CHECK,ck_strength_lineage,1,1
CL_CHECK,ck_strength_lineage,1,1
CL_CHECK,ck_strength_lineage,1,1
CL_CHECK,ck_strength_lineage,1,1
CL_CHECK,ck_strength_lineage,1,1
CL_CHECK,ck_strength_lineage,1,1
CL_CHECK,ck_strength_lineage,1,1
CL_CHECK,ck_strength_lineage,1,1
CL_CHECK,ck_strength_lineage,1,1
CL_CHECK,ck_strength_lineage,1,1
CL_CHECK,ck_strength_lineage,1,1
CL_CHECK,ck_strength_lineage,1,1
CL_CHECK,ck_strength_lineage,1,1
CL_CHECK,ck_strength_lineage,1,1
CL_CHECK,ck_strength_lineage,1,1
CL_CHECK,ck_strength_lineage,1,1
CL_CHECK,ck_strength_lineage,1,1
CL_CHECK,ck_strength_lineage,1,1
CL_CHECK,ck_strength_lineage,1,1
CL_CHECK,ck_strength_lineage,1,1
CL_CHECK,ck_strength_lineage,1,1
CL_CHECK,ck_strength_lineage,1,1
CL_CHECK,ck_strength_lineage,1,1
CL_CHECK,ck_strength_lineage,1,1
CL_CHECK,ck_strength_lineage,1,1
CL_CHECK,ck_strength_lineage,1,1
CL_CHECK,ck_strength_lineage,1,1
CL_CHECK,ck_strength_lineage,1,1
CL_CHECK,ck_strength_lineage,1,1
CL_CHECK,ck_strength_lineage,1,1
CL_CHECK,ck_strength_lineage,1,1
CL_CHECK,ck_strength_lineage,1,1
CL_CHECK,ck_strength_lineage,1,1
CL_CHECK,ck_strength_lineage,1,1
CL_CHECK,ck_strength_lineage,1,1
CL_CHECK,ck_strength_lineage,1,1
CL_CHECK,ck_strength_lineage,1,1
CL_CHECK,ck_strength_lineage,1,1
CL_CHECK,ck_strength_lineage,1,1
CL_CHECK,ck_strength_lineage,1,1
CL_CHECK,ck_strength_lineage,1,1
CL_CHECK,ck_strength_lineage,1,1
CL_CHECK,ck_strength_lineage,1,1
CL_CHECK,ck_strength_lineage,1,1
CL_CHECK,ck_strength_lineage,1,1
CL_CHECK,ck_strength_lineage,1,1
CL_CHECK,ck_strength_lineage,1,1
CL_CHECK,ck_strength_lineage,1,1
CL_CHECK,ck_strength_lineage,1,1
CL_CHECK,ck_strength_lineage,1,1
CL_CHECK,ck_strength_lineage,1,1
CL_CHECK,ck_strength_lineage,1,1
CL_CHECK,ck_strength_lineage,1,1
CL_CHECK,ck_strength_lineage,1,1
CL_CHECK,ck_strength_lineage,1,1
CL_CHECK,ck_strength_lineage,1,1
CL_CHECK,ck_strength_lineage,1,1
CL_CHECK,ck_strength_lineage,1,1
CL_CHECK,ck_strength_lineage,1,1
CL_CHECK,ck_strength_lineage,1,1
CL_CHECK,ck_strength_lineage,1,1
CL_CHECK,ck_strength_lineage,1,1
CL_CHECK,ck_strength_lineage,1,1
CL_CHECK,ck_strength_lineage,1,1
CL_CHECK,ck_strength_lineage,1,1
CL_CHECK,ck_strength_lineage,1,1
CL_CHECK,ck_strength_lineage,1,1
CL_CHECK,ck_strength_lineage,1,1
CL_CHECK,ck_strength_lineage,1,1
CL_CHECK,ck_strength_lineage,1,1
CL_CHECK,ck_strength_lineage,1,1
CL_CHECK,ck_strength_lineage,1,1
CL_CHECK,ck_strength_lineage,1,1
CL_CHECK,ck_strength_lineage,1,1
CL_CHECK,ck_strength_lineage,1,1
CL_CHECK,ck_strength_lineage,1,1
CL_CHECK,ck_strength_lineage,1,1
CL_CHECK,ck_strength_lineage,1,1
CL_CHECK,ck_strength_lineage,1,1
CL_CHECK,ck_strength_lineage,1,1
CL_CHECK,ck_strength_lineage,1,1
CL_CHECK,ck_strength_lineage,1,1
CL_CHECK,ck_strength_lineage,1,1
CL_CHECK,ck_strength_lineage,1,1
CL_CHECK,ck_strength_lineage,1,1
CL_CHECK,ck_strength_lineage,1,1
CL_CHECK,ck_strength_lineage,1,1
CL_CHECK,ck_strength_lineage,1,1
CL_CHECK,ck_strength_lineage,1,1
CL_CHECK,ck_strength_lineage,1,1
CL_CHECK,ck_strength_lineage,1,1
CL_CHECK,ck_strength_lineage,1,1
CL_CHECK,ck_strength_lineage,1,1
CL_CHECK,ck_strength_lineage,1,1
CL_CHECK,ck_strength_lineage,1,1
CL_CHECK,ck_strength_lineage,1,1
CL_CHECK,ck_strength_lineage,1,1
CL_CHECK,ck_strength_lineage,1,1
CL_CHECK,ck_strength_lineage,1,1
CL_CHECK,ck_strength_lineage,1,1
CL_CHECK,ck_strength_lineage,1,1
CL_CHECK,ck_strength_lineage,1,1
CL_CHECK,ck_strength_lineage,1,1
CL_CHECK,ck_strength_lineage,1,1
CL_CHECK,ck_strength_lineage,1,1
CL_CHECK,ck_strength_lineage,1,1
CL_CHECK,ck_strength_lineage,1,1
CL_CHECK,ck_strength_lineage,1,1
CL_CHECK,ck_strength_lineage,1,1
CL_CHECK,ck_strength_lineage,1,1
CL_CHECK,ck_strength_lineage,1,1
CL_CHECK,ck_strength_lineage,1,1
CL_CHECK,ck_strength_lineage,1,1
CL_CHECK,ck_strength_lineage,1,1
CL_CHECK,ck_strength_lineage,1,1
CL_CHECK,ck_strength_lineage,1,1
CL_CHECK,ck_strength_lineage,1,1
CL_CHECK,ck_strength_lineage,1,1
CL_CHECK,ck_strength_lineage,1,1
CL_CHECK,ck_strength_lineage,1,1
CL_CHECK,ck_strength_lineage,1,1
CL_CHECK,ck_strength_lineage,1,1
CL_CHECK,ck_strength_lineage,1,1
CL_CHECK,ck_strength_lineage,1,1
CL_CHECK,ck_strength_lineage,1,1
CL_CHECK,ck_strength_lineage,1,1
CL_CHECK,ck_strength_lineage,1,1
CL_CHECK,ck_strength_lineage,1,1
CL_CHECK,ck_strength_lineage,1,1
CL_CHECK,ck_strength_lineage,1,1
CL_CHECK,ck_strength_lineage,1,1
CL_CHECK,ck_strength_lineage,1,1
CL_CHECK,ck_strength_lineage,1,1
CL_CHECK,ck_strength_lineage,1,1
CL_CHECK,ck_strength_lineage,1,1
CL_CHECK,ck_strength_lineage,1,1
CL_CHECK,ck_strength_lineage,1,1
CL_CHECK,ck_strength_lineage,1,1
CL_CHECK,ck_strength_lineage,1,1
CL_CHECK,ck_strength_lineage,1,1
CL_CHECK,ck_strength_lineage,1,1
CL_CHECK,ck_strength_lineage,1,1
CL_CHECK,ck_strength_lineage,1,1
CL_CHECK,ck_strength_lineage,1,1
CL_CHECK,ck_strength_lineage,1,1
CL_CHECK,ck_strength_lineage,1,1
CL_CHECK,ck_strength_lineage,1,1
CL_CHECK,ck_strength_lineage,1,1
CL_CHECK,ck_strength_lineage,1,1
CL_CHECK,ck_strength_lineage,1,1
CL_CHECK,ck_strength_lineage,1,1
CL_CHECK,ck_strength_lineage,1,1
CL_CHECK,ck_strength_lineage,1,1
CL_CHECK,ck_strength_lineage,1,1
CL_CHECK,ck_strength_lineage,1,1
CL_CHECK,ck_strength_lineage,1,1
CL_CHECK,ck_strength_lineage,1,1
CL_CHECK,ck_strength_lineage,1,1
CL_CHECK,ck_strength_lineage,1,1
CL_CHECK,ck_strength_lineage,1,1
CL_CHECK,ck_strength_lineage,1,1
CL_CHECK,ck_strength_lineage,1,1
CL_CHECK,ck_strength_lineage,1,1
CL_CHECK,ck_strength_lineage,1,1
CL_CHECK,ck_strength_lineage,1,1
CL_CHECK,ck_strength_lineage,1,1
CL_CHECK,ck_strength_lineage,1,1
CL_CHECK,ck_strength_lineage,1,1
CL_CHECK,ck_strength_lineage,1,1
CL_CHECK,ck_strength_lineage,1,1
CL_CHECK,ck_strength_lineage,1,1
CL_CHECK,ck_strength_lineage,1,1
CL_CHECK,ck_strength_lineage,1,1
CL_CHECK,ck_strength_lineage,1,1
CL_CHECK,ck_strength_lineage,1,1
CL_CHECK,ck_strength_lineage,1,1
CL_CHECK,ck_strength_lineage,1,1
CL_CHECK,ck_strength_lineage,1,1
CL_CHECK,ck_strength_lineage,1,1
CL_CHECK,ck_strength_lineage,1,1
CL_CHECK,ck_strength_lineage,1,1
CL_CHECK,ck_strength_lineage,1,1
CL_CHECK,ck_strength_lineage,1,1
CL_CHECK,ck_strength_lineage,1,1
CL_CHECK,ck_strength_lineage,1,1
CL_CHECK,ck_strength_lineage,1,1
CL_CHECK,ck_strength_lineage,1,1
CL_CHECK,ck_strength_lineage,1,1
CL_CHECK,ck_strength_lineage,1,1
CL_CHECK,ck_strength_lineage,1,1
CL_CHECK,ck_strength_lineage,1,1
CL_CHECK,ck_strength_lineage,1,1
CL_CHECK,ck_strength_lineage,1,1
CL_CHECK,ck_strength_lineage,1,1
CL_CHECK,ck_strength_lineage,1,1
CL_CHECK,ck_strength_lineage,1,1
CL_CHECK,ck_strength_lineage,1,1
CL_CHECK,ck_strength_lineage,1,1
CL_CHECK,ck_strength_lineage,1,1
CL_CHECK,ck_strength_lineage,1,1
CL_CHECK,ck_strength_lineage,1,1
CL_CHECK,ck_strength_lineage,1,1
CL_CHECK,ck_strength_lineage,1,1
CL_CHECK,ck_strength_lineage,1,1
CL_CHECK,ck_strength_lineage,1,1
CL_CHECK,ck_strength_lineage,1,1
CL_CHECK,ck_strength_lineage,1,1
CL_CHECK,ck_strength_lineage,1,1
CL_CHECK,ck_strength_lineage,1,1
CL_CHECK,ck_strength_lineage,1,1
CL_CHECK,ck_strength_lineage,1,1
CL_CHECK,ck_strength_lineage,1,1
CL_CHECK,ck_strength_lineage,1,1
CL_CHECK,ck_strength_lineage,1,1
CL_CHECK,ck_strength_lineage,1,1
CL_CHECK,ck_strength_lineage,1,1
CL_CHECK,ck_strength_lineage,1,1
CL_CHECK,ck_strength_lineage,1,1
CL_CHECK,ck_strength_lineage,1,1
CL_CHECK,ck_strength_lineage,1,1
CL_CHECK,ck_strength_lineage,1,1
CL_CHECK,ck_strength_lineage,1,1
CL_CHECK,ck_strength_lineage,1,1
CL_CHECK,ck_strength_lineage,1,1
CL_CHECK,ck_strength_lineage,1,1
CL_CHECK,ck_strength_lineage,1,1
CL_CHECK,ck_strength_lineage,1,1
CL_CHECK,ck_strength_lineage,1,1
CL_CHECK,ck_strength_lineage,1,1
CL_CHECK,ck_strength_lineage,1,1
CL_CHECK,ck_strength_lineage,1,1
CL_CHECK,ck_strength_lineage,1,1
CL_CHECK,ck_strength_lineage,1,1
CL_CHECK,ck_strength_lineage,1,1
CL_CHECK,ck_strength_lineage,1,1
CL_CHECK,ck_strength_lineage,1,1
CL_CHECK,ck_strength_lineage,1,1
CL_CHECK,ck_strength_lineage,1,1
CL_CHECK,ck_strength_lineage,1,1
CL_CHECK,ck_strength_lineage,1,1
CL_CHECK,ck_strength_lineage,1,1
CL_CHECK,ck_strength_lineage,1,1
CL_CHECK,ck_strength_lineage,1,1
CL_CHECK,ck_strength_lineage,1,1
CL_CHECK,ck_strength_lineage,1,1
CL_CHECK,ck_strength_lineage,1,1
CL_CHECK,ck_strength_lineage,1,1
CL_CHECK,ck_strength_lineage,1,1
CL_CHECK,ck_strength_lineage,1,1
CL_CHECK,ck_strength_lineage,1,1
CL_CHECK,ck_strength_lineage,1,1
CL_CHECK,ck_strength_lineage,1,1
CL_CHECK,ck_strength_lineage,1,1
CL_CHECK,ck_strength_lineage,1,1
CL_CHECK,ck_strength_lineage,1,1
CL_CHECK,ck_strength_lineage,1,1
CL_CHECK,ck_strength_lineage,1,1
CL_CHECK,ck_strength_lineage,1,1
CL_CHECK,ck_strength_lineage,1,1
CL_CHECK,ck_strength_lineage,1,1
CL_CHECK,ck_strength_lineage,1,1
CL_CHECK,ck_strength_lineage,1,1
CL_CHECK,ck_strength_lineage,1,1
CL_CHECK,ck_strength_lineage,1,1
CL_CHECK,ck_strength_lineage,1,1
CL_CHECK,ck_strength_lineage,1,1
CL_CHECK,ck_strength_lineage,1,1
CL_CHECK,ck_strength_lineage,1,1
CL_CHECK,ck_strength_lineage,1,1
CL_CHECK,ck_strength_lineage,1,1
CL_CHECK,ck_strength_lineage,1,1
CL_CHECK,ck_strength_lineage,1,1
CL_CHECK,ck_strength_lineage,1,1
CL_CHECK,ck_strength_lineage,1,1
CL_CHECK,ck_strength_lineage,1,1
CL_CHECK,ck_strength_lineage,1,1
CL_CHECK,ck_strength_lineage,1,1
CL_CHECK,ck_strength_lineage,1,1
CL_CHECK,ck_strength_lineage,1,1
CL_CHECK,ck_strength_lineage,1,1
CL_CHECK,ck_strength_lineage,1,1
CL_CHECK,ck_strength_lineage,1,1
CL_CHECK,ck_strength_lineage,1,1
CL_CHECK,ck_strength_lineage,1,1
CL_CHECK,ck_strength_lineage,1,1
CL_CHECK,ck_strength_lineage,1,1
CL_CHECK,ck_strength_lineage,1,1
CL_CHECK,ck_strength_lineage,1,1
CL_CHECK,ck_strength_lineage,1,1
CL_CHECK,ck_strength_lineage,1,1
CL_CHECK,ck_strength_lineage,1,1
CL_CHECK,ck_strength_lineage,1,1
CL_CHECK,ck_strength_lineage,1,1
CL_CHECK,ck_strength_lineage,1,1
CL_CHECK,ck_strength_lineage,1,1
CL_CHECK,ck_strength_lineage,1,1
CL_CHECK,ck_strength_lineage,1,1
CL_CHECK,ck_strength_lineage,1,1
CL_CHECK,ck_strength_lineage,1,1
CL_CHECK,ck_strength_lineage,1,1
CL_CHECK,ck_strength_lineage,1,1
CL_CHECK,ck_strength_lineage,1,1
CL_CHECK,ck_strength_lineage,1,1
CL_CHECK,ck_strength_lineage,1,1
CL_CHECK,ck_strength_lineage,1,1
CL_CHECK,ck_strength_lineage,1,1
CL_CHECK,ck_strength_lineage,1,1
CL_CHECK,ck_strength_lineage,1,1
CL_CHECK,ck_strength_lineage,1,1
CL_CHECK,ck_strength_lineage,1,1
CL_CHECK,ck_strength_lineage,1,1
CL_CHECK,ck_strength_lineage,1,1
CL_CHECK,ck_strength_lineage,1,1
CL_CHECK,ck_strength_lineage,1,1
CL_CHECK,ck_strength_lineage,1,1
CL_CHECK,ck_strength_lineage,1,1
CL_CHECK,ck_strength_lineage,1,1
CL_CHECK,ck_strength_lineage,1,1
CL_CHECK,ck_strength_lineage,1,1
CL_CHECK,ck_strength_lineage,1,1
CL_CHECK,ck_strength_lineage,1,1
CL_CHECK,ck_strength_lineage,1,1
CL_CHECK,ck_strength_lineage,1,1
CL_CHECK,ck_strength_lineage,1,1
CL_CHECK,ck_strength_lineage,1,1
CL_CHECK,ck_strength_lineage,1,1
CL_CHECK,ck_strength_lineage,1,1
CL_CHECK,ck_strength_lineage,1,1
CL_CHECK,ck_strength_lineage,1,1
CL_CHECK,ck_strength_lineage,1,1
CL_CHECK,ck_strength_lineage,1,1
CL_CHECK,ck_strength_lineage,1,1
CL_CHECK,ck_strength_lineage,1,1
CL_CHECK,ck_strength_lineage,1,1
CL_CHECK,ck_strength_lineage,1,1
CL_CHECK,ck_strength_lineage,1,1
CL_CHECK,ck_strength_lineage,1,1
CL_CHECK,ck_strength_lineage,1,1
CL_CHECK,ck_strength_lineage,1,1
CL_CHECK,ck_strength_lineage,1,1
CL_CHECK,ck_strength_lineage,1,1
CL_CHECK,ck_strength_lineage,1,1
CL_CHECK,ck_strength_lineage,1,1
CL_CHECK,ck_strength_lineage,1,1
CL_CHECK,ck_strength_lineage,1,1
CL_CHECK,ck_strength_lineage,1,1
CL_CHECK,ck_strength_lineage,1,1
CL_CHECK,ck_strength_lineage,1,1
CL_CHECK,ck_strength_lineage,1,1
CL_CHECK,ck_strength_lineage,1,1
CL_CHECK,ck_strength_lineage,1,1
CL_CHECK,ck_strength_lineage,1,1
CL_CHECK,ck_strength_lineage,1,1
CL_CHECK,ck_strength_lineage,1,1
CL_CHECK,ck_strength_lineage,1,1
CL_CHECK,ck_strength_lineage,1,1
CL_CHECK,ck_strength_lineage,1,1
CL_CHECK,ck_strength_lineage,1,1
CL_CHECK,ck_strength_lineage,1,1
CL_CHECK,ck_strength_lineage,1,1
CL_CHECK,ck_strength_lineage,1,1
CL_CHECK,ck_strength_lineage,1,1
CL_CHECK,ck_strength_lineage,1,1
CL_CHECK,ck_strength_lineage,1,1
CL_CHECK,ck_strength_lineage,1,1
CL_CHECK,ck_strength_lineage,1,1
CL_CHECK,ck_strength_lineage,1,1
CL_CHECK,ck_strength_lineage,1,1
CL_CHECK,ck_strength_lineage,1,1
CL_CHECK,ck_strength_lineage,1,1
CL_CHECK,ck_strength_lineage,1,1
CL_CHECK,ck_strength_lineage,1,1
CL_CHECK,ck_strength_lineage,1,1
CL_CHECK,ck_strength_lineage,1,1
CL_CHECK,ck_strength_lineage,1,1
CL_CHECK,ck_strength_lineage,1,1
CL_CHECK,ck_strength_lineage,1,1
CL_CHECK,ck_strength_lineage,1,1
CL_CHECK,ck_strength_lineage,1,1
CL_CHECK,ck_strength_lineage,1,1
CL_CHECK,ck_strength_lineage,1,1
CL_CHECK,ck_strength_lineage,1,1
CL_CHECK,ck_strength_lineage,1,1
CL_CHECK,ck_strength_lineage,1,1
CL_CHECK,ck_strength_lineage,1,1
CL_CHECK,ck_strength_lineage,1,1
CL_CHECK,ck_strength_lineage,1,1
CL_CHECK,ck_strength_lineage,1,1
CL_CHECK,ck_strength_lineage,1,1
CL_CHECK,ck_strength_lineage,1,1
CL_CHECK,ck_strength_lineage,1,1
CL_CHECK,ck_strength_lineage,1,1
CL_CHECK,ck_strength_lineage,1,1
CL_CHECK,ck_strength_lineage,1,1
CL_CHECK,ck_strength_lineage,1,1
CL_CHECK,ck_strength_lineage,1,1
CL_CHECK,ck_strength_lineage,1,1
CL_CHECK,ck_strength_lineage,1,1
CL_CHECK,ck_strength_lineage,1,1
CL_CHECK,ck_strength_lineage,1,1
CL_CHECK,ck_strength_lineage,1,1
CL_CHECK,ck_strength_lineage,1,1
CL_CHECK,ck_strength_lineage,1,1
CL_CHECK,ck_strength_lineage,1,1
CL_CHECK,ck_strength_lineage,1,1
CL_CHECK,ck_strength_lineage,1,1
CL_CHECK,ck_strength_lineage,1,1
CL_CHECK,ck_strength_lineage,1,1
CL_CHECK,ck_strength_lineage,1,1
CL_CHECK,ck_strength_lineage,1,1
CL_CHECK,ck_strength_lineage,1,1
CL_CHECK,ck_strength_lineage,1,1
CL_CHECK,ck_strength_lineage,1,1
CL_CHECK,ck_strength_lineage,1,1
CL_CHECK,ck_strength_lineage,1,1
CL_CHECK,ck_strength_lineage,1,1
CL_CHECK,ck_strength_lineage,1,1
CL_CHECK,ck_strength_lineage,1,1
CL_CHECK,ck_strength_lineage,1,1
CL_CHECK,ck_strength_lineage,1,1
CL_CHECK,ck_strength_lineage,1,1
CL_CHECK,ck_strength_lineage,1,1
CL_CHECK,ck_strength_lineage,1,1
CL_CHECK,ck_strength_lineage,1,1
CL_CHECK,ck_strength_lineage,1,1
CL_CHECK,ck_strength_lineage,1,1
CL_CHECK,ck_strength_lineage,1,1
CL_CHECK,ck_strength_lineage,1,1
CL_CHECK,ck_strength_lineage,1,1
CL_CHECK,ck_strength_lineage,1,1
CL_CHECK,ck_strength_lineage,1,1
CL_CHECK,ck_strength_lineage,1,1
CL_CHECK,ck_strength_lineage,1,1
CL_CHECK,ck_strength_lineage,1,1
CL_CHECK,ck_strength_lineage,1,1
CL_CHECK,ck_strength_lineage,1,1
CL_CHECK,ck_strength_lineage,1,1
CL_CHECK,ck_strength_lineage,1,1
CL_CHECK,ck_strength_lineage,1,1
CL_CHECK,ck_strength_lineage,1,1
CL_CHECK,ck_strength_lineage,1,1
CL_CHECK,ck_strength_lineage,1,1
CL_CHECK,ck_strength_lineage,1,1
CL_CHECK,ck_strength_lineage,1,1
CL_CHECK,ck_strength_lineage,1,1
CL_CHECK,ck_strength_lineage,1,1
CL_CHECK,ck_strength_lineage,1,1
CL_CHECK,ck_strength_lineage,1,1
CL_CHECK,ck_strength_lineage,1,1
CL_CHECK,ck_strength_lineage,1,1
CL_CHECK,ck_strength_lineage,1,1
CL_CHECK,ck_strength_lineage,1,1
CL_CHECK,ck_strength_lineage,1,1
CL_CHECK,ck_strength_lineage,1,1
CL_CHECK,ck_strength_lineage,1,1
CL_CHECK,ck_strength_lineage,1,1
CL_CHECK,ck_strength_lineage,1,1
CL_CHECK,ck_strength_lineage,1,1
CL_CHECK,ck_strength_lineage,1,1
CL_CHECK,ck_strength_lineage,1,1
CL_CHECK,ck_strength_lineage,1,1
CL_CHECK,ck_strength_lineage,1,1
CL_CHECK,ck_strength_lineage,1,1
CL_CHECK,ck_strength_lineage,1,1
CL_CHECK,ck_strength_lineage,1,1
CL_CHECK,ck_strength_lineage,1,1
CL_CHECK,ck_strength_lineage,1,1
CL_CHECK,ck_strength_lineage,1,1
CL_CHECK,ck_strength_lineage,1,1
CL_CHECK,ck_strength_lineage,1,1
CL_CHECK,ck_strength_lineage,1,1
CL_CHECK,ck_strength_lineage,1,1
CL_CHECK,ck_strength_lineage,1,1
CL_CHECK,ck_strength_lineage,1,1
CL_CHECK,ck_strength_lineage,1,1
CL_CHECK,ck_strength_lineage,1,1
CL_CHECK,ck_strength_lineage,1,1
CL_CHECK,ck_strength_lineage,1,1
CL_CHECK,ck_strength_lineage,1,1
CL_CHECK,ck_strength_lineage,1,1
CL_CHECK,ck_strength_lineage,1,1
CL_CHECK,ck_strength_lineage,1,1
CL_CHECK,ck_strength_lineage,1,1
CL_CHECK,ck_strength_lineage,1,1
CL_CHECK,ck_strength_lineage,1,1
CL_CHECK,ck_strength_lineage,1,1
CL_CHECK,ck_strength_lineage,1,1
CL_CHECK,ck_strength_lineage,1,1
CL_CHECK,ck_strength_lineage,1,1
CL_CHECK,ck_strength_lineage,1,1
CL_CHECK,ck_strength_lineage,1,1
CL_CHECK,ck_strength_lineage,1,1
CL_CHECK,ck_strength_lineage,1,1
CL_CHECK,ck_strength_lineage,1,1
CL_CHECK,ck_strength_lineage,1,1
CL_CHECK,ck_strength_lineage,1,1
CL_CHECK,ck_strength_lineage,1,1
CL_CHECK,ck_strength_lineage,1,1
CL_CHECK,ck_strength_lineage,1,1
CL_CHECK,ck_strength_lineage,1,1
CL_CHECK,ck_strength_lineage,1,1
CL_CHECK,ck_strength_lineage,1,1
CL_CHECK,ck_strength_lineage,1,1
CL_CHECK,ck_strength_lineage,1,1
CL_CHECK,ck_strength_lineage,1,1
CL_CHECK,ck_strength_lineage,1,1
CL_CHECK,ck_strength_lineage,1,1
CL_CHECK,ck_strength_lineage,1,1
CL_CHECK,ck_strength_lineage,1,1
CL_CHECK,ck_strength_lineage,1,1
CL_CHECK,ck_strength_lineage,1,1
CL_CHECK,ck_strength_lineage,1,1
CL_CHECK,ck_strength_lineage,1,1
CL_CHECK,ck_strength_lineage,1,1
CL_CHECK,ck_strength_lineage,1,1
CL_CHECK,ck_strength_lineage,1,1
CL_CHECK,ck_strength_lineage,1,1
CL_CHECK,ck_strength_lineage,1,1
CL_CHECK,ck_strength_lineage,1,1
CL_CHECK,ck_strength_lineage,1,1
CL_CHECK,ck_strength_lineage,1,1
CL_CHECK,ck_strength_lineage,1,1
CL_CHECK,ck_strength_lineage,1,1
CL_CHECK,ck_strength_lineage,1,1
CL_CHECK,ck_strength_lineage,1,1
CL_CHECK,ck_strength_lineage,1,1
CL_CHECK,ck_strength_lineage,1,1
CL_CHECK,ck_strength_lineage,1,1
CL_CHECK,ck_strength_lineage,1,1
CL_CHECK,ck_strength_lineage,1,1
CL_CHECK,ck_strength_lineage,1,1
CL_CHECK,ck_strength_lineage,1,1
CL_CHECK,ck_strength_lineage,1,1
CL_CHECK,ck_strength_lineage,1,1
CL_CHECK,ck_strength_lineage,1,1
CL_CHECK,ck_strength_lineage,1,1
CL_CHECK,ck_strength_lineage,1,1
CL_CHECK,ck_strength_lineage,1,1
CL_CHECK,ck_strength_lineage,1,1
CL_CHECK,ck_strength_lineage,1,1
CL_CHECK,ck_strength_lineage,1,1
CL_CHECK,ck_strength_lineage,1,1
CL_CHECK,ck_strength_lineage,1,1
CL_CHECK,ck_strength_lineage,1,1
CL_CHECK,ck_strength_lineage,1,1
CL_CHECK,ck_strength_lineage,1,1
CL_CHECK,ck_strength_lineage,1,1
CL_CHECK,ck_strength_lineage,1,1
CL_CHECK,ck_strength_lineage,1,1
CL_CHECK,ck_strength_lineage,1,1
CL_CHECK,ck_strength_lineage,1,1
CL_CHECK,ck_strength_lineage,1,1
CL_CHECK,ck_strength_lineage,1,1
CL_CHECK,ck_strength_lineage,1,1
CL_CHECK,ck_strength_lineage,1,1
CL_CHECK,ck_strength_lineage,1,1
CL_CHECK,ck_strength_lineage,1,1
CL_CHECK,ck_strength_lineage,1,1
CL_CHECK,ck_strength_lineage,1,1
CL_CHECK,ck_strength_lineage,1,1
CL_CHECK,ck_strength_lineage,1,1
CL_CHECK,ck_strength_lineage,1,1
CL_CHECK,ck_strength_lineage,1,1
CL_CHECK,ck_strength_lineage,1,1
CL_CHECK,ck_strength_lineage,1,1
CL_CHECK,ck_strength_lineage,1,1
CL_CHECK,ck_strength_lineage,1,1
CL_CHECK,ck_strength_lineage,1,1
CL_CHECK,ck_strength_lineage,1,1
CL_CHECK,ck_strength_lineage,1,1
CL_CHECK,ck_strength_lineage,1,1
CL_CHECK,ck_strength_lineage,1,1
CL_CHECK,ck_strength_lineage,1,1
CL_CHECK,ck_strength_lineage,1,1
CL_CHECK,ck_strength_lineage,1,1
CL_CHECK,ck_strength_lineage,1,1
CL_CHECK,ck_strength_lineage,1,1
CL_CHECK,ck_strength_lineage,1,1
CL_CHECK,ck_strength_lineage,1,1
CL_CHECK,ck_strength_lineage,1,1
CL_CHECK,ck_strength_lineage,1,1
CL_CHECK,ck_strength_lineage,1,1
CL_CHECK,ck_strength_lineage,1,1
CL_CHECK,ck_strength_lineage,1,1
CL_CHECK,ck_strength_lineage,1,1
CL_CHECK,ck_strength_lineage,1,1
CL_CHECK,ck_strength_lineage,1,1
CL_CHECK,ck_strength_lineage,1,1
CL_CHECK,ck_strength_lineage,1,1
CL_CHECK,ck_strength_lineage,1,1
CL_CHECK,ck_strength_lineage,1,1
CL_CHECK,ck_strength_lineage,1,1
CL_CHECK,ck_strength_lineage,1,1
CL_CHECK,ck_strength_lineage,1,1
CL_CHECK,ck_strength_lineage,1,1
CL_CHECK,ck_strength_lineage,1,1
CL_CHECK,ck_strength_lineage,1,1
CL_CHECK,ck_strength_lineage,1,1
CL_CHECK,ck_strength_lineage,1,1
CL_CHECK,ck_strength_lineage,1,1
CL_CHECK,ck_strength_lineage,1,1
CL_CHECK,ck_strength_lineage,1,1
CL_CHECK,ck_strength_lineage,1,1
CL_CHECK,ck_strength_lineage,1,1
CL_CHECK,ck_strength_lineage,1,1
CL_CHECK,ck_strength_lineage,1,1
CL_CHECK,ck_strength_lineage,1,1
CL_CHECK,ck_strength_lineage,1,1
CL_CHECK,ck_strength_lineage,1,1
CL_CHECK,ck_strength_lineage,1,1
CL_CHECK,ck_strength_lineage,1,1
CL_CHECK,ck_strength_lineage,1,1
CL_CHECK,ck_strength_lineage,1,1
CL_CHECK,ck_strength_lineage,1,1
CL_CHECK,ck_strength_lineage,1,1
CL_CHECK,ck_strength_lineage,1,1
CL_CHECK,ck_strength_lineage,1,1
CL_CHECK,ck_strength_lineage,1,1
CL_CHECK,ck_strength_lineage,1,1
CL_CHECK,ck_strength_lineage,1,1
CL_CHECK,ck_strength_lineage,1,1
CL_CHECK,ck_strength_lineage,1,1
CL_CHECK,ck_strength_lineage,1,1
CL_CHECK,ck_strength_lineage,1,1
CL_CHECK,ck_strength_lineage,1,1
CL_CHECK,ck_strength_lineage,1,1
CL_CHECK,ck_strength_lineage,1,1
CL_CHECK,ck_strength_lineage,1,1
CL_CHECK,ck_strength_lineage,1,1
CL_CHECK,ck_strength_lineage,1,1
CL_CHECK,ck_strength_lineage,1,1
CL_CHECK,ck_strength_lineage,1,1
CL_CHECK,ck_strength_lineage,1,1
CL_CHECK,ck_strength_lineage,1,1
CL_CHECK,ck_strength_lineage,1,1
CL_CHECK,ck_strength_lineage,1,1
CL_CHECK,ck_strength_lineage,1,1
CL_CHECK,ck_strength_lineage,1,1
CL_CHECK,ck_strength_lineage,1,1
CL_CHECK,ck_strength_lineage,1,1
CL_CHECK,ck_strength_lineage,1,1
CL_CHECK,ck_strength_lineage,1,1
CL_CHECK,ck_strength_lineage,1,1
CL_CHECK,ck_strength_lineage,1,1
CL_CHECK,ck_strength_lineage,1,1
CL_CHECK,ck_strength_lineage,1,1
CL_CHECK,ck_strength_lineage,1,1
CL_CHECK,ck_strength_lineage,1,1
CL_CHECK,ck_strength_lineage,1,1
CL_CHECK,ck_strength_lineage,1,1
CL_CHECK,ck_strength_lineage,1,1
CL_CHECK,ck_strength_lineage,1,1
CL_CHECK,ck_strength_lineage,1,1
CL_CHECK,ck_strength_lineage,1,1
CL_CHECK,ck_strength_lineage,1,1
CL_CHECK,ck_strength_lineage,1,1
CL_CHECK,ck_strength_lineage,1,1
CL_CHECK,ck_strength_lineage,1,1
CL_CHECK,ck_strength_lineage,1,1
CL_CHECK,ck_strength_lineage,1,1
CL_CHECK,ck_strength_lineage,1,1
CL_CHECK,ck_strength_lineage,1,1
CL_CHECK,ck_strength_lineage,1,1
CL_CHECK,ck_strength_lineage,1,1
CL_CHECK,ck_strength_lineage,1,1
CL_CHECK,ck_strength_lineage,1,1
CL_CHECK,ck_strength_lineage,1,1
CL_CHECK,ck_strength_lineage,1,1
CL_CHECK,ck_strength_lineage,1,1
CL_CHECK,ck_strength_lineage,1,1
CL_CHECK,ck_strength_lineage,1,1
CL_CHECK,ck_strength_lineage,1,1
CL_CHECK,ck_strength_lineage,1,1
CL_CHECK,ck_strength_lineage,1,1
CL_CHECK,ck_strength_lineage,1,1
CL_CHECK,ck_strength_lineage,1,1
CL_CHECK,ck_strength_lineage,1,1
CL_CHECK,ck_strength_lineage,1,1
CL_CHECK,ck_strength_lineage,1,1
CL_CHECK,ck_strength_lineage,1,1
CL_CHECK,ck_strength_lineage,1,1
CL_CHECK,ck_strength_lineage,1,1
CL_CHECK,ck_strength_lineage,1,1
CL_CHECK,ck_strength_lineage,1,1
CL_CHECK,ck_strength_lineage,1,1
CL_CHECK,ck_strength_lineage,1,1
CL_CHECK,ck_strength_lineage,1,1
CL_CHECK,ck_strength_lineage,1,1
CL_CHECK,ck_strength_lineage,1,1
CL_CHECK,ck_strength_lineage,1,1
CL_CHECK,ck_strength_lineage,1,1
CL_CHECK,ck_strength_lineage,1,1
CL_CHECK,ck_strength_lineage,1,1
CL_CHECK,ck_strength_lineage,1,1
CL_CHECK,ck_strength_lineage,1,1
CL_CHECK,ck_strength_lineage,1,1
CL_CHECK,ck_strength_lineage,1,1
CL_CHECK,ck_strength_lineage,1,1
CL_CHECK,ck_strength_lineage,1,1
CL_CHECK,ck_strength_lineage,1,1
CL_CHECK,ck_strength_lineage,1,1
CL_CHECK,ck_strength_lineage,1,1
CL_CHECK,ck_strength_lineage,1,1
CL_CHECK,ck_strength_lineage,1,1
CL_CHECK,ck_strength_lineage,1,1
CL_CHECK,ck_strength_lineage,1,1
CL_CHECK,ck_strength_lineage,1,1
CL_CHECK,ck_strength_lineage,1,1
CL_CHECK,ck_strength_lineage,1,1
CL_CHECK,ck_strength_lineage,1,1
CL_CHECK,ck_strength_lineage,1,1
CL_CHECK,ck_strength_lineage,1,1
CL_CHECK,ck_strength_lineage,1,1
CL_CHECK,ck_strength_lineage,1,1
CL_CHECK,ck_strength_lineage,1,1
CL_CHECK,ck_strength_lineage,1,1
CL_CHECK,ck_strength_lineage,1,1
CL_CHECK,ck_strength_lineage,1,1
CL_CHECK,ck_strength_lineage,1,1
CL_CHECK,ck_strength_lineage,1,1
CL_CHECK,ck_strength_lineage,1,1
CL_CHECK,ck_strength_lineage,1,1
CL_CHECK,ck_strength_lineage,1,1
CL_CHECK,ck_strength_lineage,1,1
CL_CHECK,ck_strength_lineage,1,1
CL_CHECK,ck_strength_lineage,1,1
CL_CHECK,ck_strength_lineage,1,1
CL_CHECK,ck_strength_lineage,1,1
CL_CHECK,ck_strength_lineage,1,1
CL_CHECK,ck_strength_lineage,1,1
CL_CHECK,ck_strength_lineage,1,1
CL_CHECK,ck_strength_lineage,1,1
CL_CHECK,ck_strength_lineage,1,1
CL_CHECK,ck_strength_lineage,1,1
CL_CHECK,ck_strength_lineage,1,1
CL_CHECK,ck_strength_lineage,1,1
CL_CHECK,ck_strength_lineage,1,1
CL_CHECK,ck_strength_lineage,1,1
CL_CHECK,ck_strength_lineage,1,1
CL_CHECK,ck_strength_lineage,1,1
CL_CHECK,ck_strength_lineage,1,1
CL_CHECK,ck_strength_lineage,1,1
CL_CHECK,ck_strength_lineage,1,1
CL_CHECK,ck_strength_lineage,1,1
CL_CHECK,ck_strength_lineage,1,1
CL_CHECK,ck_strength_lineage,1,1
CL_CHECK,ck_strength_lineage,1,1
CL_CHECK,ck_strength_lineage,1,1
CL_CHECK,ck_strength_lineage,1,1
CL_CHECK,ck_strength_lineage,1,1
CL_CHECK,ck_strength_lineage,1,1
CL_CHECK,ck_strength_lineage,1,1
CL_CHECK,ck_strength_lineage,1,1
CL_CHECK,ck_strength_lineage,1,1
CL_CHECK,ck_strength_lineage,1,1
CL_CHECK,ck_strength_lineage,1,1
CL_CHECK,ck_strength_lineage,1,1
CL_CHECK,ck_strength_lineage,1,1
CL_CHECK,ck_strength_lineage,1,1
CL_CHECK,ck_strength_lineage,1,1
CL_CHECK,ck_strength_lineage,1,1
CL_CHECK,ck_strength_lineage,1,1
CL_CHECK,ck_strength_lineage,1,1
CL_CHECK,ck_strength_lineage,1,1
CL_CHECK,ck_strength_lineage,1,1
CL_CHECK,ck_strength_lineage,1,1
CL_CHECK,ck_strength_lineage,1,1
CL_CHECK,ck_strength_lineage,1,1
CL_CHECK,ck_strength_lineage,1,1
CL_CHECK,ck_strength_lineage,1,1
CL_CHECK,ck_strength_lineage,1,1
CL_CHECK,ck_strength_lineage,1,1
CL_CHECK,ck_strength_lineage,1,1
CL_CHECK,ck_strength_lineage,1,1
CL_CHECK,ck_strength_lineage,1,1
CL_CHECK,ck_strength_lineage,1,1
CL_CHECK,ck_strength_lineage,1,1
CL_CHECK,ck_strength_lineage,1,1
CL_CHECK,ck_strength_lineage,1,1
CL_CHECK,ck_strength_lineage,1,1
CL_CHECK,ck_strength_lineage,1,1
CL_CHECK,ck_strength_lineage,1,1
CL_CHECK,ck_strength_lineage,1,1
CL_CHECK,ck_strength_lineage,1,1
CL_CHECK,ck_strength_lineage,1,1
CL_CHECK,ck_strength_lineage,1,1
CL_CHECK,ck_strength_lineage,1,1
CL_CHECK,ck_strength_lineage,1,1
CL_CHECK,ck_strength_lineage,1,1
CL_CHECK,ck_strength_lineage,1,1
CL_CHECK,ck_strength_lineage,1,1
CL_CHECK,ck_strength_lineage,1,1
CL_CHECK,ck_strength_lineage,1,1
CL_CHECK,ck_strength_lineage,1,1
CL_CHECK,ck_strength_lineage,1,1
CL_CHECK,ck_strength_lineage,1,1
CL_CHECK,ck_strength_lineage,1,1
CL_CHECK,ck_strength_lineage,1,1
CL_CHECK,ck_strength_lineage,1,1
CL_CHECK,ck_strength_lineage,1,1
CL_CHECK,ck_strength_lineage,1,1
CL_CHECK,ck_strength_lineage,1,1
CL_CHECK,ck_strength_lineage,1,1
CL_CHECK,ck_strength_lineage,1,1
CL_CHECK,ck_strength_lineage,1,1
CL_CHECK,ck_strength_lineage,1,1
CL_CHECK,ck_strength_lineage,1,1
CL_CHECK,ck_strength_lineage,1,1
CL_CHECK,ck_strength_lineage,1,1
CL_CHECK,ck_strength_lineage,1,1
CL_CHECK,ck_strength_lineage,1,1
CL_CHECK,ck_strength_lineage,1,1
CL_CHECK,ck_strength_lineage,1,1
CL_CHECK,ck_strength_lineage,1,1
CL_CHECK,ck_strength_lineage,1,1
CL_CHECK,ck_strength_lineage,1,1
CL_CHECK,ck_strength_lineage,1,1
CL_CHECK,ck_strength_lineage,1,1
CL_CHECK,ck_strength_lineage,1,1
CL_CHECK,ck_strength_lineage,1,1
CL_CHECK,ck_strength_lineage,1,1
CL_CHECK,ck_strength_lineage,1,1
CL_CHECK,ck_strength_lineage,1,1
CL_CHECK,ck_strength_lineage,1,1
CL_CHECK,ck_strength_lineage,1,1
CL_CHECK,ck_strength_lineage,1,1
CL_CHECK,ck_strength_lineage,1,1
CL_CHECK,ck_strength_lineage,1,1
CL_CHECK,ck_strength_lineage,1,1
CL_CHECK,ck_strength_lineage,1,1
CL_CHECK,ck_strength_lineage,1,1
CL_CHECK,ck_strength_lineage,1,1
CL_CHECK,ck_strength_lineage,1,1
CL_CHECK,ck_strength_lineage,1,1
CL_CHECK,ck_strength_lineage,1,1
CL_CHECK,ck_strength_lineage,1,1
CL_CHECK,ck_strength_lineage,1,1
CL_CHECK,ck_strength_lineage,1,1
CL_CHECK,ck_strength_lineage,1,1
CL_CHECK,ck_strength_lineage,1,1
CL_CHECK,ck_strength_lineage,1,1
CL_CHECK,ck_strength_lineage,1,1
CL_CHECK,ck_strength_lineage,1,1
CL_CHECK,ck_strength_lineage,1,1
CL_CHECK,ck_strength_lineage,1,1
CL_CHECK,ck_strength_lineage,1,1
CL_CHECK,ck_strength_lineage,1,1
CL_CHECK,ck_strength_lineage,1,1
CL_CHECK,ck_strength_lineage,1,1
CL_CHECK,ck_strength_lineage,1,1
CL_CHECK,ck_strength_lineage,1,1
CL_CHECK,ck_strength_lineage,1,1
CL_CHECK,ck_strength_lineage,1,1
CL_CHECK,ck_strength_lineage,1,1
CL_CHECK,ck_strength_lineage,1,1
CL_CHECK,ck_strength_lineage,1,1
CL_CHECK,ck_strength_lineage,1,1
CL_CHECK,ck_strength_lineage,1,1
CL_CHECK,ck_strength_lineage,1,1
CL_CHECK,ck_strength_lineage,1,1
CL_CHECK,ck_strength_lineage,1,1
CL_CHECK,ck_strength_lineage,1,1
CL_CHECK,ck_strength_lineage,1,1
CL_CHECK,ck_strength_lineage,1,1
CL_CHECK,ck_strength_lineage,1,1
CL_CHECK,ck_strength_lineage,1,1
CL_CHECK,ck_strength_lineage,1,1
CL_CHECK,ck_strength_lineage,1,1
CL_CHECK,ck_strength_lineage,1,1
CL_CHECK,ck_strength_lineage,1,1
CL_CHECK,ck_strength_lineage,1,1
CL_CHECK,ck_strength_lineage,1,1
CL_CHECK,ck_strength_lineage,1,1
CL_CHECK,ck_strength_lineage,1,1
CL_CHECK,ck_strength_lineage,1,1
CL_CHECK,ck_strength_lineage,1,1
CL_CHECK,ck_strength_lineage,1,1
CL_CHECK,ck_strength_lineage,1,1
CL_CHECK,ck_strength_lineage,1,1
CL_CHECK,ck_strength_lineage,1,1
CL_CHECK,ck_strength_lineage,1,1
CL_CHECK,ck_strength_lineage,1,1
CL_CHECK,ck_strength_lineage,1,1
CL_CHECK,ck_strength_lineage,1,1
CL_CHECK,ck_strength_lineage,1,1
CL_CHECK,ck_strength_lineage,1,1
CL_CHECK,ck_strength_lineage,1,1
CL_CHECK,ck_strength_lineage,1,1
CL_CHECK,ck_strength_lineage,1,1
CL_CHECK,ck_strength_lineage,1,1
CL_CHECK,ck_strength_lineage,1,1
CL_CHECK,ck_strength_lineage,1,1
CL_CHECK,ck_strength_lineage,1,1
CL_CHECK,ck_strength_lineage,1,1
CL_CHECK,ck_strength_lineage,1,1
CL_CHECK,ck_strength_lineage,1,1
CL_CHECK,ck_strength_lineage,1,1
CL_CHECK,ck_strength_lineage,1,1
CL_CHECK,ck_strength_lineage,1,1
CL_CHECK,ck_strength_lineage,1,1
CL_CHECK,ck_strength_lineage,1,1
CL_CHECK,ck_strength_lineage,1,1
CL_CHECK,ck_strength_lineage,1,1
CL_CHECK,ck_strength_lineage,1,1
CL_CHECK,ck_strength_lineage,1,1
CL_CHECK,ck_strength_lineage,1,1
CL_CHECK,ck_strength_lineage,1,1
CL_CHECK,ck_strength_lineage,1,1
CL_CHECK,ck_strength_lineage,1,1
CL_CHECK,ck_strength_lineage,1,1
CL_CHECK,ck_strength_lineage,1,1
CL_CHECK,ck_strength_lineage,1,1
CL_CHECK,ck_strength_lineage,1,1
CL_CHECK,ck_strength_lineage,1,1
CL_CHECK,ck_strength_lineage,1,1
CL_CHECK,ck_strength_lineage,1,1
CL_CHECK,ck_strength_lineage,1,1
CL_CHECK,ck_strength_lineage,1,1
CL_CHECK,ck_strength_lineage,1,1
CL_CHECK,ck_strength_lineage,1,1
CL_CHECK,ck_strength_lineage,1,1
CL_CHECK,ck_strength_lineage,1,1
CL_CHECK,ck_strength_lineage,1,1
CL_CHECK,ck_strength_lineage,1,1
CL_CHECK,ck_strength_lineage,1,1
CL_CHECK,ck_strength_lineage,1,1
CL_CHECK,ck_strength_lineage,1,1
CL_CHECK,ck_strength_lineage,1,1
CL_CHECK,ck_strength_lineage,1,1
CL_CHECK,ck_strength_lineage,1,1
CL_CHECK,ck_strength_lineage,1,1
CL_CHECK,ck_strength_lineage,1,1
CL_CHECK,ck_strength_lineage,1,1
CL_CHECK,ck_strength_lineage,1,1
CL_CHECK,ck_strength_lineage,1,1
CL_CHECK,ck_strength_lineage,1,1
CL_CHECK,ck_strength_lineage,1,1
CL_CHECK,ck_strength_lineage,1,1
CL_CHECK,ck_strength_lineage,1,1
CL_CHECK,ck_strength_lineage,1,1
CL_CHECK,ck_strength_lineage,1,1
CL_CHECK,ck_strength_lineage,1,1
CL_CHECK,ck_strength_lineage,1,1
CL_CHECK,ck_strength_lineage,1,1
CL_CHECK,ck_strength_lineage,1,1
CL_CHECK,ck_strength_lineage,1,1
CL_CHECK,ck_strength_lineage,1,1
CL_CHECK,ck_strength_lineage,1,1
CL_CHECK,ck_strength_lineage,1,1
CL_CHECK,ck_strength_lineage,1,1
CL_CHECK,ck_strength_lineage,1,1
CL_CHECK,ck_strength_lineage,1,1
CL_CHECK,ck_strength_lineage,1,1
CL_CHECK,ck_strength_lineage,1,1
CL_CHECK,ck_strength_lineage,1,1
CL_CHECK,ck_strength_lineage,1,1
CL_CHECK,ck_strength_lineage,1,1
CL_CHECK,ck_strength_lineage,1,1
CL_CHECK,ck_strength_lineage,1,1
CL_CHECK,ck_strength_lineage,1,1
CL_CHECK,ck_strength_lineage,1,1
CL_CHECK,ck_strength_lineage,1,1
CL_CHECK,ck_strength_lineage,1,1
CL_CHECK,ck_strength_lineage,1,1
CL_CHECK,ck_strength_lineage,1,1
CL_CHECK,ck_strength_lineage,1,1
CL_CHECK,ck_strength_lineage,1,1
CL_CHECK,ck_strength_lineage,1,1
CL_CHECK,ck_strength_lineage,1,1
CL_CHECK,ck_strength_lineage,1,1
CL_CHECK,ck_strength_lineage,1,1
CL_CHECK,ck_strength_lineage,1,1
CL_CHECK,ck_strength_lineage,1,1
CL_CHECK,ck_strength_lineage,1,1
CL_CHECK,ck_strength_lineage,1,1
CL_CHECK,ck_strength_lineage,1,1
CL_CHECK,ck_strength_lineage,1,1
CL_CHECK,ck_strength_lineage,1,1
CL_CHECK,ck_strength_lineage,1,1
CL_CHECK,ck_strength_lineage,1,1
CL_CHECK,ck_strength_lineage,1,1
CL_CHECK,ck_strength_lineage,1,1
CL_CHECK,ck_strength_lineage,1,1
CL_CHECK,ck_strength_lineage,1,1
CL_CHECK,ck_strength_lineage,1,1
CL_CHECK,ck_strength_lineage,1,1
CL_CHECK,ck_strength_lineage,1,1
CL_CHECK,ck_strength_lineage,1,1
CL_CHECK,ck_strength_lineage,1,1
CL_CHECK,ck_strength_lineage,1,1
CL_CHECK,ck_strength_lineage,1,1
CL_CHECK,ck_strength_lineage,1,1
CL_CHECK,ck_strength_lineage,1,1
CL_CHECK,ck_strength_lineage,1,1
CL_CHECK,ck_strength_lineage,1,1
CL_CHECK,ck_strength_lineage,1,1
CL_CHECK,ck_strength_lineage,1,1
CL_CHECK,ck_strength_lineage,1,1
CL_CHECK,ck_strength_lineage,1,1
CL_CHECK,ck_strength_lineage,1,1
CL_CHECK,ck_strength_lineage,1,1
CL_CHECK,ck_strength_lineage,1,1
CL_CHECK,ck_strength_lineage,1,1
CL_CHECK,ck_strength_lineage,1,1
CL_CHECK,ck_strength_lineage,1,1
CL_CHECK,ck_strength_lineage,1,1
CL_CHECK,ck_strength_lineage,1,1
CL_CHECK,ck_strength_lineage,1,1
CL_CHECK,ck_strength_lineage,1,1
CL_CHECK,ck_strength_lineage,1,1
CL_CHECK,ck_strength_lineage,1,1
CL_CHECK,ck_strength_lineage,1,1
CL_CHECK,ck_strength_lineage,1,1
CL_CHECK,ck_strength_lineage,1,1
CL_CHECK,ck_strength_lineage,1,1
CL_CHECK,ck_strength_lineage,1,1
CL_CHECK,ck_strength_lineage,1,1
CL_CHECK,ck_strength_lineage,1,1
CL_CHECK,ck_strength_lineage,1,1
CL_CHECK,ck_strength_lineage,1,1
CL_CHECK,ck_strength_lineage,1,1
CL_CHECK,ck_strength_lineage,1,1
CL_CHECK,ck_strength_lineage,1,1
CL_CHECK,ck_strength_lineage,1,1
CL_CHECK,ck_strength_lineage,1,1
CL_CHECK,ck_strength_lineage,1,1
CL_CHECK,ck_strength_lineage,1,1
CL_CHECK,ck_strength_lineage,1,1
CL_CHECK,ck_strength_lineage,1,1
CL_CHECK,ck_strength_lineage,1,1
CL_CHECK,ck_strength_lineage,1,1
CL_CHECK,ck_strength_lineage,1,1
CL_CHECK,ck_strength_lineage,1,1
CL_CHECK,ck_strength_lineage,1,1
CL_CHECK,ck_strength_lineage,1,1
CL_CHECK,ck_strength_lineage,1,1
CL_CHECK,ck_strength_lineage,1,1
CL_CHECK,ck_strength_lineage,1,1
CL_CHECK,ck_strength_lineage,1,1
CL_CHECK,ck_strength_lineage,1,1
CL_CHECK,ck_strength_lineage,1,1
CL_CHECK,ck_strength_lineage,1,1
CL_CHECK,ck_strength_lineage,1,1
CL_CHECK,ck_strength_lineage,1,1
CL_CHECK,ck_strength_lineage,1,1
CL_CHECK,ck_strength_lineage,1,1
CL_CHECK,ck_strength_lineage,1,1
CL_CHECK,ck_strength_lineage,1,1
CL_CHECK,ck_strength_lineage,1,1
CL_CHECK,ck_strength_lineage,1,1
CL_CHECK,ck_strength_lineage,1,1
CL_CHECK,ck_strength_lineage,1,1
CL_CHECK,ck_strength_lineage,1,1
CL_CHECK,ck_strength_lineage,1,1
CL_CHECK,ck_strength_lineage,1,1
CL_CHECK,ck_strength_lineage,1,1
CL_CHECK,ck_strength_lineage,1,1
CL_CHECK,ck_strength_lineage,1,1
CL_CHECK,ck_strength_lineage,1,1
CL_CHECK,ck_strength_lineage,1,1
CL_CHECK,ck_strength_lineage,1,1
CL_CHECK,ck_strength_lineage,1,1
CL_CHECK,ck_strength_lineage,1,1
CL_CHECK,ck_strength_lineage,1,1
CL_CHECK,ck_strength_lineage,1,1
CL_CHECK,ck_strength_lineage,1,1
CL_CHECK,ck_strength_lineage,1,1
CL_CHECK,ck_strength_lineage,1,1
CL_CHECK,ck_strength_lineage,1,1
CL_CHECK,ck_strength_lineage,1,1
CL_CHECK,ck_strength_lineage,1,1
CL_CHECK,ck_strength_lineage,1,1
CL_CHECK,ck_strength_lineage,1,1
CL_CHECK,ck_strength_lineage,1,1
CL_CHECK,ck_strength_lineage,1,1
CL_CHECK,ck_strength_lineage,1,1
CL_CHECK,ck_strength_lineage,1,1
CL_CHECK,ck_strength_lineage,1,1
CL_CHECK,ck_strength_lineage,1,1
CL_CHECK,ck_strength_lineage,1,1
CL_CHECK,ck_strength_lineage,1,1
CL_CHECK,ck_strength_lineage,1,1
CL_CHECK,ck_strength_lineage,1,1
CL_CHECK,ck_strength_lineage,1,1
CL_CHECK,ck_strength_lineage,1,1
CL_CHECK,ck_strength_lineage,1,1
CL_CHECK,ck_strength_lineage,1,1
CL_CHECK,ck_strength_lineage,1,1
CL_CHECK,ck_strength_lineage,1,1
CL_CHECK,ck_strength_lineage,1,1
CL_CHECK,ck_strength_lineage,1,1
CL_CHECK,ck_strength_lineage,1,1
CL_CHECK,ck_strength_lineage,1,1
CL_CHECK,ck_strength_lineage,1,1
CL_CHECK,ck_strength_lineage,1,1
CL_CHECK,ck_strength_lineage,1,1
CL_CHECK,ck_strength_lineage,1,1
CL_CHECK,ck_strength_lineage,1,1
CL_CHECK,ck_strength_lineage,1,1
CL_CHECK,ck_strength_lineage,1,1
CL_CHECK,ck_strength_lineage,1,1
CL_CHECK,ck_strength_lineage,1,1
CL_CHECK,ck_strength_lineage,1,1
CL_CHECK,ck_strength_lineage,1,1
CL_CHECK,ck_strength_lineage,1,1
CL_CHECK,ck_strength_lineage,1,1
CL_CHECK,ck_strength_lineage,1,1
CL_CHECK,ck_strength_lineage,1,1
CL_CHECK,ck_strength_lineage,1,1
CL_CHECK,ck_strength_lineage,1,1
CL_CHECK,ck_strength_lineage,1,1
CL_CHECK,ck_strength_lineage,1,1
CL_CHECK,ck_strength_lineage,1,1
CL_CHECK,ck_strength_lineage,1,1
CL_CHECK,ck_strength_lineage,1,1
CL_CHECK,ck_strength_lineage,1,1
CL_CHECK,ck_strength_lineage,1,1
CL_CHECK,ck_strength_lineage,1,1
CL_CHECK,ck_strength_lineage,1,1
CL_CHECK,ck_strength_lineage,1,1
CL_CHECK,ck_strength_lineage,1,1
CL_CHECK,ck_strength_lineage,1,1
CL_CHECK,ck_strength_lineage,1,1
CL_CHECK,ck_strength_lineage,1,1
CL_CHECK,ck_strength_lineage,1,1
CL_CHECK,ck_strength_lineage,1,1
CL_CHECK,ck_strength_lineage,1,1
CL_CHECK,ck_strength_lineage,1,1
CL_CHECK,ck_strength_lineage,1,1
CL_CHECK,ck_strength_lineage,1,1
CL_CHECK,ck_strength_lineage,1,1
CL_CHECK,ck_strength_lineage,1,1
CL_CHECK,ck_strength_lineage,1,1
CL_CHECK,ck_strength_lineage,1,1
CL_CHECK,ck_strength_lineage,1,1
CL_CHECK,ck_strength_lineage,1,1
CL_CHECK,ck_strength_lineage,1,1
CL_CHECK,ck_strength_lineage,1,1
CL_CHECK,ck_strength_lineage,1,1
CL_CHECK,ck_strength_lineage,1,1
CL_CHECK,ck_strength_lineage,1,1
CL_CHECK,ck_strength_lineage,1,1
CL_CHECK,ck_strength_lineage,1,1
CL_CHECK,ck_strength_lineage,1,1
CL_CHECK,ck_strength_lineage,1,1
CL_CHECK,ck_strength_lineage,1,1
CL_CHECK,ck_strength_lineage,1,1
CL_CHECK,ck_strength_lineage,1,1
CL_CHECK,ck_strength_lineage,1,1
CL_CHECK,ck_strength_lineage,1,1
CL_CHECK,ck_strength_lineage,1,1
CL_CHECK,ck_strength_lineage,1,1
CL_CHECK,ck_strength_lineage,1,1
CL_CHECK,ck_strength_lineage,1,1
CL_CHECK,ck_strength_lineage,1,1
CL_CHECK,ck_strength_lineage,1,1
CL_CHECK,ck_strength_lineage,1,1
CL_CHECK,ck_strength_lineage,1,1
CL_CHECK,ck_strength_lineage,1,1
CL_CHECK,ck_strength_lineage,1,1
CL_CHECK,ck_strength_lineage,1,1
CL_CHECK,ck_strength_lineage,1,1
CL_CHECK,ck_strength_lineage,1,1
CL_CHECK,ck_strength_lineage,1,1
CL_CHECK,ck_strength_lineage,1,1
CL_CHECK,ck_strength_lineage,1,1
CL_CHECK,ck_strength_lineage,1,1
CL_CHECK,ck_strength_lineage,1,1
CL_CHECK,ck_strength_lineage,1,1
CL_CHECK,ck_strength_lineage,1,1
CL_CHECK,ck_strength_lineage,1,1
CL_CHECK,ck_strength_lineage,1,1
CL_CHECK,ck_strength_lineage,1,1
CL_CHECK,ck_strength_lineage,1,1
CL_CHECK,ck_strength_lineage,1,1
CL_CHECK,ck_strength_lineage,1,1
CL_CHECK,ck_strength_lineage,1,1
CL_CHECK,ck_strength_lineage,1,1
CL_CHECK,ck_strength_lineage,1,1
CL_CHECK,ck_strength_lineage,1,1
CL_CHECK,ck_strength_lineage,1,1
CL_CHECK,ck_strength_lineage,1,1
CL_CHECK,ck_strength_lineage,1,1
CL_CHECK,ck_strength_lineage,1,1
CL_CHECK,ck_strength_lineage,1,1
CL_CHECK,ck_strength_lineage,1,1
CL_CHECK,ck_strength_lineage,1,1
CL_CHECK,ck_strength_lineage,1,1
CL_CHECK,ck_strength_lineage,1,1
CL_CHECK,ck_strength_lineage,1,1
CL_CHECK,ck_strength_lineage,1,1
CL_CHECK,ck_strength_lineage,1,1
CL_CHECK,ck_strength_lineage,1,1
CL_CHECK,ck_strength_lineage,1,1
CL_CHECK,ck_strength_lineage,1,1
CL_CHECK,ck_strength_lineage,1,1
CL_CHECK,ck_strength_lineage,1,1
CL_CHECK,ck_strength_lineage,1,1
CL_CHECK,ck_strength_lineage,1,1
CL_CHECK,ck_strength_lineage,1,1
CL_CHECK,ck_strength_lineage,1,1
CL_CHECK,ck_strength_lineage,1,1
CL_CHECK,ck_strength_lineage,1,1
CL_CHECK,ck_strength_lineage,1,1
CL_CHECK,ck_strength_lineage,1,1
CL_CHECK,ck_strength_lineage,1,1
CL_CHECK,ck_strength_lineage,1,1
CL_CHECK,ck_strength_lineage,1,1
CL_CHECK,ck_strength_lineage,1,1
CL_CHECK,ck_strength_lineage,1,1
CL_CHECK,ck_strength_lineage,1,1
CL_CHECK,ck_strength_lineage,1,1
CL_CHECK,ck_strength_lineage,1,1
CL_CHECK,ck_strength_lineage,1,1
CL_CHECK,ck_strength_lineage,1,1
CL_CHECK,ck_strength_lineage,1,1
CL_CHECK,ck_strength_lineage,1,1
CL_CHECK,ck_strength_lineage,1,1
CL_CHECK,ck_strength_lineage,1,1
CL_CHECK,ck_strength_lineage,1,1
CL_CHECK,ck_strength_lineage,1,1
CL_CHECK,ck_strength_lineage,1,1
CL_CHECK,ck_strength_lineage,1,1
CL_CHECK,ck_strength_lineage,1,1
CL_CHECK,ck_strength_lineage,1,1
CL_CHECK,ck_strength_lineage,1,1
CL_CHECK,ck_strength_lineage,1,1
CL_CHECK,ck_strength_lineage,1,1
CL_CHECK,ck_strength_lineage,1,1
CL_CHECK,ck_strength_lineage,1,1
CL_CHECK,ck_strength_lineage,1,1
CL_CHECK,ck_strength_lineage,1,1
CL_CHECK,ck_strength_lineage,1,1
CL_CHECK,ck_strength_lineage,1,1
CL_CHECK,ck_strength_lineage,1,1
CL_CHECK,ck_strength_lineage,1,1
CL_CHECK,ck_strength_lineage,1,1
CL_CHECK,ck_strength_lineage,1,1
CL_CHECK,ck_strength_lineage,1,1
CL_CHECK,ck_strength_lineage,1,1
CL_CHECK,ck_strength_lineage,1,1
CL_CHECK,ck_strength_lineage,1,1
CL_CHECK,ck_strength_lineage,1,1
CL_CHECK,ck_strength_lineage,1,1
CL_CHECK,ck_strength_lineage,1,1
CL_CHECK,ck_strength_lineage,1,1
CL_CHECK,ck_strength_lineage,1,1
CL_CHECK,ck_strength_lineage,1,1
CL_CHECK,ck_strength_lineage,1,1
CL_CHECK,ck_strength_lineage,1,1
CL_CHECK,ck_strength_lineage,1,1
CL_CHECK,ck_strength_lineage,1,1
CL_CHECK,ck_strength_lineage,1,1
CL_CHECK,ck_strength_lineage,1,1
CL_CHECK,ck_strength_lineage,1,1
CL_CHECK,ck_strength_lineage,1,1
CL_CHECK,ck_strength_lineage,1,1
CL_CHECK,ck_strength_lineage,1,1
CL_CHECK,ck_strength_lineage,1,1
CL_CHECK,ck_strength_lineage,1,1
CL_CHECK,ck_strength_lineage,1,1
CL_CHECK,ck_strength_lineage,1,1
CL_CHECK,ck_strength_lineage,1,1
CL_CHECK,ck_strength_lineage,1,1
CL_CHECK,ck_strength_lineage,1,1
CL_CHECK,ck_strength_lineage,1,1
CL_CHECK,ck_strength_lineage,1,1
CL_CHECK,ck_strength_lineage,1,1
CL_CHECK,ck_strength_lineage,1,1
CL_CHECK,ck_strength_lineage,1,1
CL_CHECK,ck_strength_lineage,1,1
CL_CHECK,ck_strength_lineage,1,1
CL_CHECK,ck_strength_lineage,1,1
CL_CHECK,ck_strength_lineage,1,1
CL_CHECK,ck_strength_lineage,1,1
CL_CHECK,ck_strength_lineage,1,1
CL_CHECK,ck_strength_lineage,1,1
CL_CHECK,ck_strength_lineage,1,1
CL_CHECK,ck_strength_lineage,1,1
CL_CHECK,ck_strength_lineage,1,1
CL_CHECK,ck_strength_lineage,1,1
CL_CHECK,ck_strength_lineage,1,1
CL_CHECK,ck_strength_lineage,1,1
CL_CHECK,ck_strength_lineage,1,1
CL_CHECK,ck_strength_lineage,1,1
CL_CHECK,ck_strength_lineage,1,1
CL_CHECK,ck_strength_lineage,1,1
CL_CHECK,ck_strength_lineage,1,1
CL_CHECK,ck_strength_lineage,1,1
CL_CHECK,ck_strength_lineage,1,1
CL_CHECK,ck_strength_lineage,1,1
CL_CHECK,ck_strength_lineage,1,1
CL_CHECK,ck_strength_lineage,1,1
CL_CHECK,ck_strength_lineage,1,1
CL_CHECK,ck_strength_lineage,1,1
CL_CHECK,ck_strength_lineage,1,1
CL_CHECK,ck_strength_lineage,1,1
CL_CHECK,ck_strength_lineage,1,1
CL_CHECK,ck_strength_lineage,1,1
CL_CHECK,ck_strength_lineage,1,1
CL_CHECK,ck_strength_lineage,1,1
CL_CHECK,ck_strength_lineage,1,1
CL_CHECK,ck_strength_lineage,1,1
CL_CHECK,ck_strength_lineage,1,1
CL_CHECK,ck_strength_lineage,1,1
CL_CHECK,ck_strength_lineage,1,1
CL_CHECK,ck_strength_lineage,1,1
CL_CHECK,ck_strength_lineage,1,1
CL_CHECK,ck_strength_lineage,1,1
CL_CHECK,ck_strength_lineage,1,1
CL_CHECK,ck_strength_lineage,1,1
CL_CHECK,ck_strength_lineage,1,1
CL_CHECK,ck_strength_lineage,1,1
CL_CHECK,ck_strength_lineage,1,1
CL_CHECK,ck_strength_lineage,1,1
CL_CHECK,ck_strength_lineage,1,1
CL_CHECK,ck_strength_lineage,1,1
CL_CHECK,ck_strength_lineage,1,1
CL_CHECK,ck_strength_lineage,1,1
CL_CHECK,ck_strength_lineage,1,1
CL_CHECK,ck_strength_lineage,1,1
CL_CHECK,ck_strength_lineage,1,1
CL_CHECK,ck_strength_lineage,1,1
CL_CHECK,ck_strength_lineage,1,1
CL_CHECK,ck_strength_lineage,1,1
CL_CHECK,ck_strength_lineage,1,1
CL_CHECK,ck_strength_lineage,1,1
CL_CHECK,ck_strength_lineage,1,1
CL_CHECK,ck_strength_lineage,1,1
CL_CHECK,ck_strength_lineage,1,1
CL_CHECK,ck_strength_lineage,1,1
CL_CHECK,ck_strength_lineage,1,1
CL_CHECK,ck_strength_lineage,1,1
CL_CHECK,ck_strength_lineage,1,1
CL_CHECK,ck_strength_lineage,1,1
CL_CHECK,ck_strength_lineage,1,1
CL_CHECK,ck_strength_lineage,1,1
CL_CHECK,ck_strength_lineage,1,1
CL_CHECK,ck_strength_lineage,1,1
CL_CHECK,ck_strength_lineage,1,1
CL_CHECK,ck_strength_lineage,1,1
CL_CHECK,ck_strength_lineage,1,1
CL_CHECK,ck_strength_lineage,1,1
CL_CHECK,ck_strength_lineage,1,1
CL_CHECK,ck_strength_lineage,1,1
CL_CHECK,ck_strength_lineage,1,1
CL_CHECK,ck_strength_lineage,1,1
CL_CHECK,ck_strength_lineage,1,1
CL_CHECK,ck_strength_lineage,1,1
CL_CHECK,ck_strength_lineage,1,1
CL_CHECK,ck_strength_lineage,1,1
CL_CHECK,ck_strength_lineage,1,1
CL_CHECK,ck_strength_lineage,1,1
CL_CHECK,ck_strength_lineage,1,1
CL_CHECK,ck_strength_lineage,1,1
CL_CHECK,ck_strength_lineage,1,1
CL_CHECK,ck_strength_lineage,1,1
CL_CHECK,ck_strength_lineage,1,1
CL_CHECK,ck_strength_lineage,1,1
CL_CHECK,ck_strength_lineage,1,1
CL_CHECK,ck_strength_lineage,1,1
CL_CHECK,ck_strength_lineage,1,1
CL_CHECK,ck_strength_lineage,1,1
CL_CHECK,ck_strength_lineage,1,1
CL_CHECK,ck_strength_lineage,1,1
CL_CHECK,ck_strength_lineage,1,1
CL_CHECK,ck_strength_lineage,1,1
CL_CHECK,ck_strength_lineage,1,1
CL_CHECK,ck_strength_lineage,1,1
CL_CHECK,ck_strength_lineage,1,1
CL_CHECK,ck_strength_lineage,1,1
CL_CHECK,ck_strength_lineage,1,1
CL_CHECK,ck_strength_lineage,1,1
CL_CHECK,ck_strength_lineage,1,1
CL_CHECK,ck_strength_lineage,1,1
CL_CHECK,ck_strength_lineage,1,1
CL_CHECK,ck_strength_lineage,1,1
CL_CHECK,ck_strength_lineage,1,1
CL_CHECK,ck_strength_lineage,1,1
CL_CHECK,ck_strength_lineage,1,1
CL_CHECK,ck_strength_lineage,1,1
CL_CHECK,ck_strength_lineage,1,1
CL_CHECK,ck_strength_lineage,1,1
CL_CHECK,ck_strength_lineage,1,1
CL_CHECK,ck_strength_lineage,1,1
CL_CHECK,ck_strength_lineage,1,1
CL_CHECK,ck_strength_lineage,1,1
CL_CHECK,ck_strength_lineage,1,1
CL_CHECK,ck_strength_lineage,1,1
CL_CHECK,ck_strength_lineage,1,1
CL_CHECK,ck_strength_lineage,1,1
CL_CHECK,ck_strength_lineage,1,1
CL_CHECK,ck_strength_lineage,1,1
CL_CHECK,ck_strength_lineage,1,1
CL_CHECK,ck_strength_lineage,1,1
CL_CHECK,ck_strength_lineage,1,1
CL_CHECK,ck_strength_lineage,1,1
CL_CHECK,ck_strength_lineage,1,1
CL_CHECK,ck_strength_lineage,1,1
CL_CHECK,ck_strength_lineage,1,1
CL_CHECK,ck_strength_lineage,1,1
CL_CHECK,ck_strength_lineage,1,1
CL_CHECK,ck_strength_lineage,1,1
CL_CHECK,ck_strength_lineage,1,1
CL_CHECK,ck_strength_lineage,1,1
CL_CHECK,ck_strength_lineage,1,1
CL_CHECK,ck_strength_lineage,1,1
CL_CHECK,ck_strength_lineage,1,1
CL_CHECK,ck_strength_lineage,1,1
CL_CHECK,ck_strength_lineage,1,1
CL_CHECK,ck_strength_lineage,1,1
CL_CHECK,ck_strength_lineage,1,1
CL_CHECK,ck_strength_lineage,1,1
CL_CHECK,ck_strength_lineage,1,1
CL_CHECK,ck_strength_lineage,1,1
CL_CHECK,ck_strength_lineage,1,1
CL_CHECK,ck_strength_lineage,1,1
CL_CHECK,ck_strength_lineage,1,1
CL_CHECK,ck_strength_lineage,1,1
CL_CHECK,ck_strength_lineage,1,1
CL_CHECK,ck_strength_lineage,1,1
CL_CHECK,ck_strength_lineage,1,1
CL_CHECK,ck_strength_lineage,1,1
CL_CHECK,ck_strength_lineage,1,1
CL_CHECK,ck_strength_lineage,1,1
CL_CHECK,ck_strength_lineage,1,1
CL_CHECK,ck_strength_lineage,1,1
CL_CHECK,ck_strength_lineage,1,1
CL_CHECK,ck_strength_lineage,1,1
CL_CHECK,ck_strength_lineage,1,1
CL_CHECK,ck_strength_lineage,1,1
CL_CHECK,ck_strength_lineage,1,1
CL_CHECK,ck_strength_lineage,1,1
CL_CHECK,ck_strength_lineage,1,1
CL_CHECK,ck_strength_lineage,1,1
CL_CHECK,ck_strength_lineage,1,1
CL_CHECK,ck_strength_lineage,1,1
CL_CHECK,ck_strength_lineage,1,1
CL_CHECK,ck_strength_lineage,1,1
CL_CHECK,ck_strength_lineage,1,1
CL_CHECK,ck_strength_lineage,1,1
CL_CHECK,ck_strength_lineage,1,1
CL_CHECK,ck_strength_lineage,1,1
CL_CHECK,ck_strength_lineage,1,1
CL_CHECK,ck_strength_lineage,1,1
CL_CHECK,ck_strength_lineage,1,1
CL_CHECK,ck_strength_lineage,1,1
CL_CHECK,ck_strength_lineage,1,1
CL_CHECK,ck_strength_lineage,1,1
CL_CHECK,ck_strength_lineage,1,1
CL_CHECK,ck_strength_lineage,1,1
CL_CHECK,ck_strength_lineage,1,1
CL_CHECK,ck_strength_lineage,1,1
CL_CHECK,ck_strength_lineage,1,1
CL_CHECK,ck_strength_lineage,1,1
CL_CHECK,ck_strength_lineage,1,1
CL_CHECK,ck_strength_lineage,1,1
CL_CHECK,ck_strength_lineage,1,1
CL_CHECK,ck_strength_lineage,1,1
CL_CHECK,ck_strength_lineage,1,1
CL_CHECK,ck_strength_lineage,1,1
CL_CHECK,ck_strength_lineage,1,1
CL_CHECK,ck_strength_lineage,1,1
CL_CHECK,ck_strength_lineage,1,1
CL_CHECK,ck_strength_lineage,1,1
CL_CHECK,ck_strength_lineage,1,1
CL_CHECK,ck_strength_lineage,1,1
CL_CHECK,ck_strength_lineage,1,1
CL_CHECK,ck_strength_lineage,1,1
CL_CHECK,ck_strength_lineage,1,1
CL_CHECK,ck_strength_lineage,1,1
CL_CHECK,ck_strength_lineage,1,1
CL_CHECK,ck_strength_lineage,1,1
CL_CHECK,ck_strength_lineage,1,1
CL_CHECK,ck_strength_lineage,1,1
CL_CHECK,ck_strength_lineage,1,1
CL_CHECK,ck_strength_lineage,1,1
CL_CHECK,ck_strength_lineage,1,1
CL_CHECK,ck_strength_lineage,1,1
CL_CHECK,ck_strength_lineage,1,1
CL_CHECK,ck_strength_lineage,1,1
CL_CHECK,ck_strength_lineage,1,1
CL_CHECK,ck_strength_lineage,1,1
CL_CHECK,ck_strength_lineage,1,1
CL_CHECK,ck_strength_lineage,1,1
CL_CHECK,ck_strength_lineage,1,1
CL_CHECK,ck_strength_lineage,1,1
CL_CHECK,ck_strength_lineage,1,1
CL_CHECK,ck_strength_lineage,1,1
CL_CHECK,ck_strength_lineage,1,1
CL_CHECK,ck_strength_lineage,1,1
CL_CHECK,ck_strength_lineage,1,1
CL_CHECK,ck_strength_lineage,1,1
CL_CHECK,ck_strength_lineage,1,1
CL_CHECK,ck_strength_lineage,1,1
CL_CHECK,ck_strength_lineage,1,1
CL_CHECK,ck_strength_lineage,1,1
CL_CHECK,ck_strength_lineage,1,1
CL_CHECK,ck_strength_lineage,1,1
CL_CHECK,ck_strength_lineage,1,1
CL_CHECK,ck_strength_lineage,1,1
CL_CHECK,ck_strength_lineage,1,1
CL_CHECK,ck_strength_lineage,1,1
CL_CHECK,ck_strength_lineage,1,1
CL_CHECK,ck_strength_lineage,1,1
CL_CHECK,ck_strength_lineage,1,1
CL_CHECK,ck_strength_lineage,1,1
CL_CHECK,ck_strength_lineage,1,1
CL_CHECK,ck_strength_lineage,1,1
CL_CHECK,ck_strength_lineage,1,1
CL_CHECK,ck_strength_lineage,1,1
CL_CHECK,ck_strength_lineage,1,1
CL_CHECK,ck_strength_lineage,1,1
CL_CHECK,ck_strength_lineage,1,1
CL_CHECK,ck_strength_lineage,1,1
CL_CHECK,ck_strength_lineage,1,1
CL_CHECK,ck_strength_lineage,1,1
CL_CHECK,ck_strength_lineage,1,1
CL_CHECK,ck_strength_lineage,1,1
CL_CHECK,ck_strength_lineage,1,1
CL_CHECK,ck_strength_lineage,1,1
CL_CHECK,ck_strength_lineage,1,1
CL_CHECK,ck_strength_lineage,1,1
CL_CHECK,ck_strength_lineage,1,1
CL_CHECK,ck_strength_lineage,1,1
CL_CHECK,ck_strength_lineage,1,1
CL_CHECK,ck_strength_lineage,1,1
CL_CHECK,ck_strength_lineage,1,1
CL_CHECK,ck_strength_lineage,1,1
CL_CHECK,ck_strength_lineage,1,1
CL_CHECK,ck_strength_lineage,1,1
CL_CHECK,ck_strength_lineage,1,1
CL_CHECK,ck_strength_lineage,1,1
CL_CHECK,ck_strength_lineage,1,1
CL_CHECK,ck_strength_lineage,1,1
CL_CHECK,ck_strength_lineage,1,1
CL_CHECK,ck_strength_lineage,1,1
CL_CHECK,ck_strength_lineage,1,1
CL_CHECK,ck_strength_lineage,1,1
CL_CHECK,ck_strength_lineage,1,1
CL_CHECK,ck_strength_lineage,1,1
CL_CHECK,ck_strength_lineage,1,1
CL_CHECK,ck_strength_lineage,1,1
CL_CHECK,ck_strength_lineage,1,1
CL_CHECK,ck_strength_lineage,1,1
CL_CHECK,ck_strength_lineage,1,1
CL_CHECK,ck_strength_lineage,1,1
CL_CHECK,ck_strength_lineage,1,1
CL_CHECK,ck_strength_lineage,1,1
CL_CHECK,ck_strength_lineage,1,1
CL_CHECK,ck_strength_lineage,1,1
CL_CHECK,ck_strength_lineage,1,1
CL_CHECK,ck_strength_lineage,1,1
CL_CHECK,ck_strength_lineage,1,1
CL_CHECK,ck_strength_lineage,1,1
CL_CHECK,ck_strength_lineage,1,1
CL_CHECK,ck_strength_lineage,1,1
CL_CHECK,ck_strength_lineage,1,1
CL_CHECK,ck_strength_lineage,1,1
CL_CHECK,ck_strength_lineage,1,1
CL_CHECK,ck_strength_lineage,1,1
CL_CHECK,ck_strength_lineage,1,1
CL_CHECK,ck_strength_lineage,1,1
CL_CHECK,ck_strength_lineage,1,1
CL_CHECK,ck_strength_lineage,1,1
CL_CHECK,ck_strength_lineage,1,1
CL_CHECK,ck_strength_lineage,1,1
CL_CHECK,ck_strength_lineage,1,1
CL_CHECK,ck_strength_lineage,1,1
CL_CHECK,ck_strength_lineage,1,1
CL_CHECK,ck_strength_lineage,1,1
CL_CHECK,ck_strength_lineage,1,1
CL_CHECK,ck_strength_lineage,1,1
CL_CHECK,ck_strength_lineage,1,1
CL_CHECK,ck_strength_lineage,1,1
CL_CHECK,ck_strength_lineage,1,1
CL_CHECK,ck_strength_lineage,1,1
CL_CHECK,ck_strength_lineage,1,1
CL_CHECK,ck_strength_lineage,1,1
CL_CHECK,ck_strength_lineage,1,1
CL_CHECK,ck_strength_lineage,1,1
CL_CHECK,ck_strength_lineage,1,1
CL_CHECK,ck_strength_lineage,1,1
CL_CHECK,ck_strength_lineage,1,1
CL_CHECK,ck_strength_lineage,1,1
CL_CHECK,ck_strength_lineage,1,1
CL_CHECK,ck_strength_lineage,1,1
CL_CHECK,ck_strength_lineage,1,1
CL_CHECK,ck_strength_lineage,1,1
CL_CHECK,ck_strength_lineage,1,1
CL_CHECK,ck_strength_lineage,1,1
CL_CHECK,ck_strength_lineage,1,1
CL_CHECK,ck_strength_lineage,1,1
CL_CHECK,ck_strength_lineage,1,1
CL_CHECK,ck_strength_lineage,1,1
CL_CHECK,ck_strength_lineage,1,1
CL_CHECK,ck_strength_lineage,1,1
CL_CHECK,ck_strength_lineage,1,1
CL_CHECK,ck_strength_lineage,1,1
CL_CHECK,ck_strength_lineage,1,1
CL_CHECK,ck_strength_lineage,1,1
CL_CHECK,ck_strength_lineage,1,1
CL_CHECK,ck_strength_lineage,1,1
CL_CHECK,ck_strength_lineage,1,1
CL_CHECK,ck_strength_lineage,1,1
CL_CHECK,ck_strength_lineage,1,1
CL_CHECK,ck_strength_lineage,1,1
CL_CHECK,ck_strength_lineage,1,1
CL_CHECK,ck_strength_lineage,1,1
CL_CHECK,ck_strength_lineage,1,1
CL_CHECK,ck_strength_lineage,1,1
CL_CHECK,ck_strength_lineage,1,1
CL_CHECK,ck_strength_lineage,1,1
CL_CHECK,ck_strength_lineage,1,1
CL_CHECK,ck_strength_lineage,1,1
CL_CHECK,ck_strength_lineage,1,1
CL_CHECK,ck_strength_lineage,1,1
CL_CHECK,ck_strength_lineage,1,1
CL_CHECK,ck_strength_lineage,1,1
CL_CHECK,ck_strength_lineage,1,1
CL_CHECK,ck_strength_lineage,1,1
CL_CHECK,ck_strength_lineage,1,1
CL_CHECK,ck_strength_lineage,1,1
CL_CHECK,ck_strength_lineage,1,1
CL_CHECK,ck_strength_lineage,1,1
CL_CHECK,ck_strength_lineage,1,1
CL_CHECK,ck_strength_lineage,1,1
CL_CHECK,ck_strength_lineage,1,1
CL_CHECK,ck_strength_lineage,1,1
CL_CHECK,ck_strength_lineage,1,1
CL_CHECK,ck_strength_lineage,1,1
CL_CHECK,ck_strength_lineage,1,1
CL_CHECK,ck_strength_lineage,1,1
CL_CHECK,ck_strength_lineage,1,1
CL_CHECK,ck_strength_lineage,1,1
CL_CHECK,ck_strength_lineage,1,1
CL_CHECK,ck_strength_lineage,1,1
CL_CHECK,ck_strength_lineage,1,1
CL_CHECK,ck_strength_lineage,1,1
CL_CHECK,ck_strength_lineage,1,1
CL_CHECK,ck_strength_lineage,1,1
CL_CHECK,ck_strength_lineage,1,1
CL_CHECK,ck_strength_lineage,1,1
CL_CHECK,ck_strength_lineage,1,1
CL_CHECK,ck_strength_lineage,1,1
CL_CHECK,ck_strength_lineage,1,1
CL_CHECK,ck_strength_lineage,1,1
CL_CHECK,ck_strength_lineage,1,1
CL_CHECK,ck_strength_lineage,1,1
CL_CHECK,ck_strength_lineage,1,1
CL_CHECK,ck_strength_lineage,1,1
CL_CHECK,ck_strength_lineage,1,1
CL_CHECK,ck_strength_lineage,1,1
CL_CHECK,ck_strength_lineage,1,1
CL_CHECK,ck_strength_lineage,1,1
CL_CHECK,ck_strength_lineage,1,1
CL_CHECK,ck_strength_lineage,1,1
CL_CHECK,ck_strength_lineage,1,1
CL_CHECK,ck_strength_lineage,1,1
CL_CHECK,ck_strength_lineage,1,1
CL_CHECK,ck_strength_lineage,1,1
CL_CHECK,ck_strength_lineage,1,1
CL_CHECK,ck_strength_lineage,1,1
CL_CHECK,ck_strength_lineage,1,1
CL_CHECK,ck_strength_lineage,1,1
CL_CHECK,ck_strength_lineage,1,1
CL_CHECK,ck_strength_lineage,1,1
CL_CHECK,ck_strength_lineage,1,1
CL_CHECK,ck_strength_lineage,1,1
CL_CHECK,ck_strength_lineage,1,1
CL_CHECK,ck_strength_lineage,1,1
CL_CHECK,ck_strength_lineage,1,1
CL_CHECK,ck_strength_lineage,1,1
CL_CHECK,ck_strength_lineage,1,1
CL_CHECK,ck_strength_lineage,1,1
CL_CHECK,ck_strength_lineage,1,1
CL_CHECK,ck_strength_lineage,1,1
CL_CHECK,ck_strength_lineage,1,1
CL_CHECK,ck_strength_lineage,1,1
CL_CHECK,ck_strength_lineage,1,1
CL_CHECK,ck_strength_lineage,1,1
CL_CHECK,ck_strength_lineage,1,1
CL_CHECK,ck_strength_lineage,1,1
CL_CHECK,ck_strength_lineage,1,1
CL_CHECK,ck_strength_lineage,1,1
CL_CHECK,ck_strength_lineage,1,1
CL_CHECK,ck_strength_lineage,1,1
CL_CHECK,ck_strength_lineage,1,1
CL_CHECK,ck_strength_lineage,1,1
CL_CHECK,ck_strength_lineage,1,1
CL_CHECK,ck_strength_lineage,1,1
CL_CHECK,ck_strength_lineage,1,1
CL_CHECK,ck_strength_lineage,1,1
CL_CHECK,ck_strength_lineage,1,1
CL_CHECK,ck_strength_lineage,1,1
CL_CHECK,ck_strength_lineage,1,1
CL_CHECK,ck_strength_lineage,1,1
CL_CHECK,ck_strength_lineage,1,1
CL_CHECK,ck_strength_lineage,1,1
CL_CHECK,ck_strength_lineage,1,1
CL_CHECK,ck_strength_lineage,1,1
CL_CHECK,ck_strength_lineage,1,1
CL_CHECK,ck_strength_lineage,1,1
CL_CHECK,ck_strength_lineage,1,1
CL_CHECK,ck_strength_lineage,1,1
CL_CHECK,ck_strength_lineage,1,1
CL_CHECK,ck_strength_lineage,1,1
CL_CHECK,ck_strength_lineage,1,1
CL_CHECK,ck_strength_lineage,1,1
CL_CHECK,ck_strength_lineage,1,1
CL_CHECK,ck_strength_lineage,1,1
CL_CHECK,ck_strength_lineage,1,1
CL_CHECK,ck_strength_lineage,1,1
CL_CHECK,ck_strength_lineage,1,1
CL_CHECK,ck_strength_lineage,1,1
CL_CHECK,ck_strength_lineage,1,1
CL_CHECK,ck_strength_lineage,1,1
CL_CHECK,ck_strength_lineage,1,1
CL_CHECK,ck_strength_lineage,1,1
CL_CHECK,ck_strength_lineage,1,1
CL_CHECK,ck_strength_lineage,1,1
CL_CHECK,ck_strength_lineage,1,1
CL_CHECK,ck_strength_lineage,1,1
CL_CHECK,ck_strength_lineage,1,1
CL_CHECK,ck_strength_lineage,1,1
CL_CHECK,ck_strength_lineage,1,1
CL_CHECK,ck_strength_lineage,1,1
CL_CHECK,ck_strength_lineage,1,1
CL_CHECK,ck_strength_lineage,1,1
CL_CHECK,ck_strength_lineage,1,1
CL_CHECK,ck_strength_lineage,1,1
CL_CHECK,ck_strength_lineage,1,1
CL_CHECK,ck_strength_lineage,1,1
CL_CHECK,ck_strength_lineage,1,1
CL_CHECK,ck_strength_lineage,1,1
CL_CHECK,ck_strength_lineage,1,1
CL_CHECK,ck_strength_lineage,1,1
CL_CHECK,ck_strength_lineage,1,1
CL_CHECK,ck_strength_lineage,1,1
CL_CHECK,ck_strength_lineage,1,1
CL_CHECK,ck_strength_lineage,1,1
CL_CHECK,ck_strength_lineage,1,1
CL_CHECK,ck_strength_lineage,1,1
CL_CHECK,ck_strength_lineage,1,1
CL_CHECK,ck_strength_lineage,1,1
CL_CHECK,ck_strength_lineage,1,1
CL_CHECK,ck_strength_lineage,1,1
CL_CHECK,ck_strength_lineage,1,1
CL_CHECK,ck_strength_lineage,1,1
CL_CHECK,ck_strength_lineage,1,1
CL_CHECK,ck_strength_lineage,1,1
CL_CHECK,ck_strength_lineage,1,1
CL_CHECK,ck_strength_lineage,1,1
CL_CHECK,ck_strength_lineage,1,1
CL_CHECK,ck_strength_lineage,1,1
CL_CHECK,ck_strength_lineage,1,1
CL_CHECK,ck_strength_lineage,1,1
CL_CHECK,ck_strength_lineage,1,1
CL_CHECK,ck_strength_lineage,1,1
CL_CHECK,ck_strength_lineage,1,1
CL_CHECK,ck_strength_lineage,1,1
CL_CHECK,ck_strength_lineage,1,1
CL_CHECK,ck_strength_lineage,1,1
CL_CHECK,ck_strength_lineage,1,1
CL_CHECK,ck_strength_lineage,1,1
CL_CHECK,ck_strength_lineage,1,1
CL_CHECK,ck_strength_lineage,1,1
CL_CHECK,ck_strength_lineage,1,1
CL_CHECK,ck_strength_lineage,1,1
CL_CHECK,ck_strength_lineage,1,1
CL_CHECK,ck_strength_lineage,1,1
CL_CHECK,ck_strength_lineage,1,1
CL_CHECK,ck_strength_lineage,1,1
CL_CHECK,ck_strength_lineage,1,1
CL_CHECK,ck_strength_lineage,1,1
CL_CHECK,ck_strength_lineage,1,1
CL_CHECK,ck_strength_lineage,1,1
CL_CHECK,ck_strength_lineage,1,1
CL_CHECK,ck_strength_lineage,1,1
CL_CHECK,ck_strength_lineage,1,1
CL_CHECK,ck_strength_lineage,1,1
CL_CHECK,ck_strength_lineage,1,1
CL_CHECK,ck_strength_lineage,1,1
CL_CHECK,ck_strength_lineage,1,1
CL_CHECK,ck_strength_lineage,1,1
CL_CHECK,ck_strength_lineage,1,1
CL_CHECK,ck_strength_lineage,1,1
CL_CHECK,ck_strength_lineage,1,1
CL_CHECK,ck_strength_lineage,1,1
CL_CHECK,ck_strength_lineage,1,1
CL_CHECK,ck_strength_lineage,1,1
CL_CHECK,ck_strength_lineage,1,1
CL_CHECK,ck_strength_lineage,1,1
CL_CHECK,ck_strength_lineage,1,1
CL_CHECK,ck_strength_lineage,1,1
CL_CHECK,ck_strength_lineage,1,1
CL_CHECK,ck_strength_lineage,1,1
CL_CHECK,ck_strength_lineage,1,1
CL_CHECK,ck_strength_lineage,1,1
CL_CHECK,ck_strength_lineage,1,1
CL_CHECK,ck_strength_lineage,1,1
CL_CHECK,ck_strength_lineage,1,1
CL_CHECK,ck_strength_lineage,1,1
CL_CHECK,ck_strength_lineage,1,1
CL_CHECK,ck_strength_lineage,1,1
CL_CHECK,ck_strength_lineage,1,1
CL_CHECK,ck_strength_lineage,1,1
CL_CHECK,ck_strength_lineage,1,1
CL_CHECK,ck_strength_lineage,1,1
CL_CHECK,ck_strength_lineage,1,1
CL_CHECK,ck_strength_lineage,1,1
CL_CHECK,ck_strength_lineage,1,1
CL_CHECK,ck_strength_lineage,1,1
CL_CHECK,ck_strength_lineage,1,1
CL_CHECK,ck_strength_lineage,1,1
CL_CHECK,ck_strength_lineage,1,1
CL_CHECK,ck_strength_lineage,1,1
CL_CHECK,ck_strength_lineage,1,1
CL_CHECK,ck_strength_lineage,1,1
CL_CHECK,ck_strength_lineage,1,1
CL_CHECK,ck_strength_lineage,1,1
CL_CHECK,ck_strength_lineage,1,1
CL_CHECK,ck_strength_lineage,1,1
CL_CHECK,ck_strength_lineage,1,1
CL_CHECK,ck_strength_lineage,1,1
CL_CHECK,ck_strength_lineage,1,1
CL_CHECK,ck_strength_lineage,1,1
CL_CHECK,ck_strength_lineage,1,1
CL_CHECK,ck_strength_lineage,1,1
CL_CHECK,ck_strength_lineage,1,1
CL_CHECK,ck_strength_lineage,1,1
CL_CHECK,ck_strength_lineage,1,1
CL_CHECK,ck_strength_lineage,1,1
CL_CHECK,ck_strength_lineage,1,1
CL_CHECK,ck_strength_lineage,1,1
CL_CHECK,ck_strength_lineage,1,1
CL_CHECK,ck_strength_lineage,1,1
CL_CHECK,ck_strength_lineage,1,1
CL_CHECK,ck_strength_lineage,1,1
CL_CHECK,ck_strength_lineage,1,1
CL_CHECK,ck_strength_lineage,1,1
CL_CHECK,ck_strength_lineage,1,1
CL_CHECK,ck_strength_lineage,1,1
CL_CHECK,ck_strength_lineage,1,1
CL_CHECK,ck_strength_lineage,1,1
CL_CHECK,ck_strength_lineage,1,1
CL_CHECK,ck_strength_lineage,1,1
CL_CHECK,ck_strength_lineage,1,1
CL_CHECK,ck_strength_lineage,1,1
CL_CHECK,ck_strength_lineage,1,1
CL_CHECK,ck_strength_lineage,1,1
CL_CHECK,ck_strength_lineage,1,1
CL_CHECK,ck_strength_lineage,1,1
CL_CHECK,ck_strength_lineage,1,1
CL_CHECK,ck_strength_lineage,1,1
CL_CHECK,ck_strength_lineage,1,1
CL_CHECK,ck_strength_lineage,1,1
CL_CHECK,ck_strength_lineage,1,1
CL_CHECK,ck_strength_lineage,1,1
CL_CHECK,ck_strength_lineage,1,1
CL_CHECK,ck_strength_lineage,1,1
CL_CHECK,ck_strength_lineage,1,1
CL_CHECK,ck_strength_lineage,1,1
CL_CHECK,ck_strength_lineage,1,1
CL_CHECK,ck_strength_lineage,1,1
CL_CHECK,ck_strength_lineage,1,1
CL_CHECK,ck_strength_lineage,1,1
CL_CHECK,ck_strength_lineage,1,1
CL_CHECK,ck_strength_lineage,1,1
CL_CHECK,ck_strength_lineage,1,1
CL_CHECK,ck_strength_lineage,1,1
CL_CHECK,ck_strength_lineage,1,1
CL_CHECK,ck_strength_lineage,1,1
CL_CHECK,ck_strength_lineage,1,1
CL_CHECK,ck_strength_lineage,1,1
CL_CHECK,ck_strength_lineage,1,1
CL_CHECK,ck_strength_lineage,1,1
CL_CHECK,ck_strength_lineage,1,1
CL_CHECK,ck_strength_lineage,1,1
CL_CHECK,ck_strength_lineage,1,1
CL_CHECK,ck_strength_lineage,1,1
CL_CHECK,ck_strength_lineage,1,1
CL_CHECK,ck_strength_lineage,1,1
CL_CHECK,ck_strength_lineage,1,1
CL_CHECK,ck_strength_lineage,1,1
CL_CHECK,ck_strength_lineage,1,1
CL_CHECK,ck_strength_lineage,1,1
CL_CHECK,ck_strength_lineage,1,1
CL_CHECK,ck_strength_lineage,1,1
CL_CHECK,ck_strength_lineage,1,1
CL_CHECK,ck_strength_lineage,1,1
CL_CHECK,ck_strength_lineage,1,1
CL_CHECK,ck_strength_lineage,1,1
CL_CHECK,ck_strength_lineage,1,1
CL_CHECK,ck_strength_lineage,1,1
CL_CHECK,ck_strength_lineage,1,1
CL_CHECK,ck_strength_lineage,1,1
CL_CHECK,ck_strength_lineage,1,1
CL_CHECK,ck_strength_lineage,1,1
CL_CHECK,ck_strength_lineage,1,1
CL_CHECK,ck_strength_lineage,1,1
CL_CHECK,ck_strength_lineage,1,1
CL_CHECK,ck_strength_lineage,1,1
CL_CHECK,ck_strength_lineage,1,1
CL_CHECK,ck_strength_lineage,1,1
CL_CHECK,ck_strength_lineage,1,1
CL_CHECK,ck_strength_lineage,1,1
CL_CHECK,ck_strength_lineage,1,1
CL_CHECK,ck_strength_lineage,1,1
CL_CHECK,ck_strength_lineage,1,1
CL_CHECK,ck_strength_lineage,1,1
CL_CHECK,ck_strength_lineage,1,1
CL_CHECK,ck_strength_lineage,1,1
CL_CHECK,ck_strength_lineage,1,1
CL_CHECK,ck_strength_lineage,1,1
CL_CHECK,ck_strength_lineage,1,1
CL_CHECK,ck_strength_lineage,1,1
CL_CHECK,ck_strength_lineage,1,1
CL_CHECK,ck_strength_lineage,1,1
CL_CHECK,ck_strength_lineage,1,1
CL_CHECK,ck_strength_lineage,1,1
CL_CHECK,ck_strength_lineage,1,1
CL_CHECK,ck_strength_lineage,1,1
CL_CHECK,ck_strength_lineage,1,1
CL_CHECK,ck_strength_lineage,1,1
CL_CHECK,ck_strength_lineage,1,1
CL_CHECK,ck_strength_lineage,1,1
CL_CHECK,ck_strength_lineage,1,1
CL_CHECK,ck_strength_lineage,1,1
CL_CHECK,ck_strength_lineage,1,1
CL_CHECK,ck_strength_lineage,1,1
CL_CHECK,ck_strength_lineage,1,1
CL_CHECK,ck_strength_lineage,1,1
CL_CHECK,ck_strength_lineage,1,1
CL_CHECK,ck_strength_lineage,1,1
CL_CHECK,ck_strength_lineage,1,1
CL_CHECK,ck_strength_lineage,1,1
CL_CHECK,ck_strength_lineage,1,1
CL_CHECK,ck_strength_lineage,1,1
CL_CHECK,ck_strength_lineage,1,1
CL_CHECK,ck_strength_lineage,1,1
CL_CHECK,ck_strength_lineage,1,1
CL_CHECK,ck_strength_lineage,1,1
CL_CHECK,ck_strength_lineage,1,1
CL_CHECK,ck_strength_lineage,1,1
CL_CHECK,ck_strength_lineage,1,1
CL_CHECK,ck_strength_lineage,1,1
CL_CHECK,ck_strength_lineage,1,1
CL_CHECK,ck_strength_lineage,1,1
CL_CHECK,ck_strength_lineage,1,1
CL_CHECK,ck_strength_lineage,1,1
CL_CHECK,ck_strength_lineage,1,1
CL_CHECK,ck_strength_lineage,1,1
CL_CHECK,ck_strength_lineage,1,1
CL_CHECK,ck_strength_lineage,1,1
CL_CHECK,ck_strength_lineage,1,1
CL_CHECK,ck_strength_lineage,1,1
CL_CHECK,ck_strength_lineage,1,1
CL_CHECK,ck_strength_lineage,1,1
CL_CHECK,ck_strength_lineage,1,1
CL_CHECK,ck_strength_lineage,1,1
CL_CHECK,ck_strength_lineage,1,1
CL_CHECK,ck_strength_lineage,1,1
CL_CHECK,ck_strength_lineage,1,1
CL_CHECK,ck_strength_lineage,1,1
CL_CHECK,ck_strength_lineage,1,1
CL_CHECK,ck_strength_lineage,1,1
CL_CHECK,ck_strength_lineage,1,1
CL_CHECK,ck_strength_lineage,1,1
CL_CHECK,ck_strength_lineage,1,1
CL_CHECK,ck_strength_lineage,1,1
CL_CHECK,ck_strength_lineage,1,1
CL_CHECK,ck_strength_lineage,1,1
CL_CHECK,ck_strength_lineage,1,1
CL_CHECK,ck_strength_lineage,1,1
CL_CHECK,ck_strength_lineage,1,1
CL_CHECK,ck_strength_lineage,1,1
CL_CHECK,ck_strength_lineage,1,1
CL_CHECK,ck_strength_lineage,1,1
CL_CHECK,ck_strength_lineage,1,1
CL_CHECK,ck_strength_lineage,1,1
CL_CHECK,ck_strength_lineage,1,1
CL_CHECK,ck_strength_lineage,1,1
CL_CHECK,ck_strength_lineage,1,1
CL_CHECK,ck_strength_lineage,1,1
CL_CHECK,ck_strength_lineage,1,1
CL_CHECK,ck_strength_lineage,1,1
CL_CHECK,ck_strength_lineage,1,1
CL_CHECK,ck_strength_lineage,1,1
CL_CHECK,ck_strength_lineage,1,1
CL_CHECK,ck_strength_lineage,1,1
CL_CHECK,ck_strength_lineage,1,1
CL_CHECK,ck_strength_lineage,1,1
CL_CHECK,ck_strength_lineage,1,1
CL_CHECK,ck_strength_lineage,1,1
CL_CHECK,ck_strength_lineage,1,1
CL_CHECK,ck_strength_lineage,1,1
CL_CHECK,ck_strength_lineage,1,1
CL_CHECK,ck_strength_lineage,1,1
CL_CHECK,ck_strength_lineage,1,1
CL_CHECK,ck_strength_lineage,1,1
CL_CHECK,ck_strength_lineage,1,1
CL_CHECK,ck_strength_lineage,1,1
CL_CHECK,ck_strength_lineage,1,1
CL_CHECK,ck_strength_lineage,1,1
CL_CHECK,ck_strength_lineage,1,1
CL_CHECK,ck_strength_lineage,1,1
CL_CHECK,ck_strength_lineage,1,1
CL_CHECK,ck_strength_lineage,1,1
CL_CHECK,ck_strength_lineage,1,1
CL_CHECK,ck_strength_lineage,1,1
CL_CHECK,ck_strength_lineage,1,1
CL_CHECK,ck_strength_lineage,1,1
CL_CHECK,ck_strength_lineage,1,1
CL_CHECK,ck_strength_lineage,1,1
CL_CHECK,ck_strength_lineage,1,1
CL_CHECK,ck_strength_lineage,1,1
CL_CHECK,ck_strength_lineage,1,1
CL_CHECK,ck_strength_lineage,1,1
CL_CHECK,ck_strength_lineage,1,1
CL_CHECK,ck_strength_lineage,1,1
CL_CHECK,ck_strength_lineage,1,1
CL_CHECK,ck_strength_lineage,1,1
CL_CHECK,ck_strength_lineage,1,1
CL_CHECK,ck_strength_lineage,1,1
CL_CHECK,ck_strength_lineage,1,1
CL_CHECK,ck_strength_lineage,1,1
CL_CHECK,ck_strength_lineage,1,1
CL_CHECK,ck_strength_lineage,1,1
CL_CHECK,ck_strength_lineage,1,1
CL_CHECK,ck_strength_lineage,1,1
CL_CHECK,ck_strength_lineage,1,1
CL_CHECK,ck_strength_lineage,1,1
CL_CHECK,ck_strength_lineage,1,1
CL_CHECK,ck_strength_lineage,1,1
CL_CHECK,ck_strength_lineage,1,1
CL_CHECK,ck_strength_lineage,1,1
CL_CHECK,ck_strength_lineage,1,1
CL_CHECK,ck_strength_lineage,1,1
CL_CHECK,ck_strength_lineage,1,1
CL_CHECK,ck_strength_lineage,1,1
CL_CHECK,ck_strength_lineage,1,1
CL_CHECK,ck_strength_lineage,1,1
CL_CHECK,ck_strength_lineage,1,1
CL_CHECK,ck_strength_lineage,1,1
CL_CHECK,ck_strength_lineage,1,1
CL_CHECK,ck_strength_lineage,1,1
CL_CHECK,ck_strength_lineage,1,1
CL_CHECK,ck_strength_lineage,1,1
CL_CHECK,ck_strength_lineage,1,1
CL_CHECK,ck_strength_lineage,1,1
CL_CHECK,ck_strength_lineage,1,1
CL_CHECK,ck_strength_lineage,1,1
CL_CHECK,ck_strength_lineage,1,1
CL_CHECK,ck_strength_lineage,1,1
CL_CHECK,ck_strength_lineage,1,1
CL_CHECK,ck_strength_lineage,1,1
CL_CHECK,ck_strength_lineage,1,1
CL_CHECK,ck_strength_lineage,1,1
CL_CHECK,ck_strength_lineage,1,1
CL_CHECK,ck_strength_lineage,1,1
CL_CHECK,ck_strength_lineage,1,1
CL_CHECK,ck_strength_lineage,1,1
CL_CHECK,ck_strength_lineage,1,1
CL_CHECK,ck_strength_lineage,1,1
CL_CHECK,ck_strength_lineage,1,1
CL_CHECK,ck_strength_lineage,1,1
CL_CHECK,ck_strength_lineage,1,1
CL_CHECK,ck_strength_lineage,1,1
CL_CHECK,ck_strength_lineage,1,1
CL_CHECK,ck_strength_lineage,1,1
CL_CHECK,ck_strength_lineage,1,1
CL_CHECK,ck_strength_lineage,1,1
CL_CHECK,ck_strength_lineage,1,1
CL_CHECK,ck_strength_lineage,1,1
CL_CHECK,ck_strength_lineage,1,1
CL_CHECK,ck_strength_lineage,1,1
CL_CHECK,ck_strength_lineage,1,1
CL_CHECK,ck_strength_lineage,1,1
CL_CHECK,ck_strength_lineage,1,1
CL_CHECK,ck_strength_lineage,1,1
CL_CHECK,ck_strength_lineage,1,1
CL_CHECK,ck_strength_lineage,1,1
CL_CHECK,ck_strength_lineage,1,1
CL_CHECK,ck_strength_lineage,1,1
CL_CHECK,ck_strength_lineage,1,1
CL_CHECK,ck_strength_lineage,1,1
CL_CHECK,ck_strength_lineage,1,1
CL_CHECK,ck_strength_lineage,1,1
CL_CHECK,ck_strength_lineage,1,1
CL_CHECK,ck_strength_lineage,1,1
CL_CHECK,ck_strength_lineage,1,1
CL_CHECK,ck_strength_lineage,1,1
CL_CHECK,ck_strength_lineage,1,1
CL_CHECK,ck_strength_lineage,1,1
CL_CHECK,ck_strength_lineage,1,1
CL_CHECK,ck_strength_lineage,1,1
CL_CHECK,ck_strength_lineage,1,1
CL_CHECK,ck_strength_lineage,1,1
CL_CHECK,ck_strength_lineage,1,1
CL_CHECK,ck_strength_lineage,1,1
CL_CHECK,ck_strength_lineage,1,1
CL_CHECK,ck_strength_lineage,1,1
CL_CHECK,ck_strength_lineage,1,1
CL_CHECK,ck_strength_lineage,1,1
CL_CHECK,ck_strength_lineage,1,1
CL_CHECK,ck_strength_lineage,1,1
CL_CHECK,ck_strength_lineage,1,1
CL_CHECK,ck_strength_lineage,1,1
CL_CHECK,ck_strength_lineage,1,1
CL_CHECK,ck_strength_lineage,1,1
CL_CHECK,ck_strength_lineage,1,1
CL_CHECK,ck_strength_lineage,1,1
CL_CHECK,ck_strength_lineage,1,1
CL_CHECK,ck_strength_lineage,1,1
CL_CHECK,ck_strength_lineage,1,1
CL_CHECK,ck_strength_lineage,1,1
CL_CHECK,ck_strength_lineage,1,1
CL_CHECK,ck_strength_lineage,1,1
CL_CHECK,ck_strength_lineage,1,1
CL_CHECK,ck_strength_lineage,1,1
CL_CHECK,ck_strength_lineage,1,1
CL_CHECK,ck_strength_lineage,1,1
CL_CHECK,ck_strength_lineage,1,1
CL_CHECK,ck_strength_lineage,1,1
CL_CHECK,ck_strength_lineage,1,1
CL_CHECK,ck_strength_lineage,1,1
CL_CHECK,ck_strength_lineage,1,1
CL_CHECK,ck_strength_lineage,1,1
CL_CHECK,ck_strength_lineage,1,1
CL_CHECK,ck_strength_lineage,1,1
CL_CHECK,ck_strength_lineage,1,1
CL_CHECK,ck_strength_lineage,1,1
CL_CHECK,ck_strength_lineage,1,1
CL_CHECK,ck_strength_lineage,1,1
CL_CHECK,ck_strength_lineage,1,1
CL_CHECK,ck_strength_lineage,1,1
CL_CHECK,ck_strength_lineage,1,1
CL_CHECK,ck_strength_lineage,1,1
CL_CHECK,ck_strength_lineage,1,1
CL_CHECK,ck_strength_lineage,1,1
CL_CHECK,ck_strength_lineage,1,1
CL_CHECK,ck_strength_lineage,1,1
CL_CHECK,ck_strength_lineage,1,1
CL_CHECK,ck_strength_lineage,1,1
CL_CHECK,ck_strength_lineage,1,1
CL_CHECK,ck_strength_lineage,1,1
CL_CHECK,ck_strength_lineage,1,1
CL_CHECK,ck_strength_lineage,1,1
CL_CHECK,ck_strength_lineage,1,1
CL_CHECK,ck_strength_lineage,1,1
CL_CHECK,ck_strength_lineage,1,1
CL_CHECK,ck_strength_lineage,1,1
CL_CHECK,ck_strength_lineage,1,1
CL_CHECK,ck_strength_lineage,1,1
CL_CHECK,ck_strength_lineage,1,1
CL_CHECK,ck_strength_lineage,1,1
CL_CHECK,ck_strength_lineage,1,1
CL_CHECK,ck_strength_lineage,1,1
CL_CHECK,ck_strength_lineage,1,1
CL_CHECK,ck_strength_lineage,1,1
CL_CHECK,ck_strength_lineage,1,1
CL_CHECK,ck_strength_lineage,1,1
CL_CHECK,ck_strength_lineage,1,1
CL_CHECK,ck_strength_lineage,1,1
CL_CHECK,ck_strength_lineage,1,1
CL_CHECK,ck_strength_lineage,1,1
CL_CHECK,ck_strength_lineage,1,1
CL_CHECK,ck_strength_lineage,1,1
CL_CHECK,ck_strength_lineage,1,1
CL_CHECK,ck_strength_lineage,1,1
CL_CHECK,ck_strength_lineage,1,1
CL_CHECK,ck_strength_lineage,1,1
CL_CHECK,ck_strength_lineage,1,1
CL_CHECK,ck_strength_lineage,1,1
CL_CHECK,ck_strength_lineage,1,1
CL_CHECK,ck_strength_lineage,1,1
CL_CHECK,ck_strength_lineage,1,1
CL_CHECK,ck_strength_lineage,1,1
CL_CHECK,ck_strength_lineage,1,1
CL_CHECK,ck_strength_lineage,1,1
CL_CHECK,ck_strength_lineage,1,1
CL_CHECK,ck_strength_lineage,1,1
CL_CHECK,ck_strength_lineage,1,1
CL_CHECK,ck_strength_lineage,1,1
CL_CHECK,ck_strength_lineage,1,1
CL_CHECK,ck_strength_lineage,1,1
CL_CHECK,ck_strength_lineage,1,1
CL_CHECK,ck_strength_lineage,1,1
CL_CHECK,ck_strength_lineage,1,1
CL_CHECK,ck_strength_lineage,1,1
CL_CHECK,ck_strength_lineage,1,1
CL_CHECK,ck_strength_lineage,1,1
CL_CHECK,ck_strength_lineage,1,1
CL_CHECK,ck_strength_lineage,1,1
CL_CHECK,ck_strength_lineage,1,1
CL_CHECK,ck_strength_lineage,1,1
CL_CHECK,ck_strength_lineage,1,1
CL_CHECK,ck_strength_lineage,1,1
CL_CHECK,ck_strength_lineage,1,1
CL_CHECK,ck_strength_lineage,1,1
CL_CHECK,ck_strength_lineage,1,1
CL_CHECK,ck_strength_lineage,1,1
CL_CHECK,ck_strength_lineage,1,1
CL_CHECK,ck_strength_lineage,1,1
CL_CHECK,ck_strength_lineage,1,1
CL_CHECK,ck_strength_lineage,1,1
CL_CHECK,ck_strength_lineage,1,1
CL_CHECK,ck_strength_lineage,1,1
CL_CHECK,ck_strength_lineage,1,1
CL_CHECK,ck_strength_lineage,1,1
CL_CHECK,ck_strength_lineage,1,1
CL_CHECK,ck_strength_lineage,1,1
CL_CHECK,ck_strength_lineage,1,1
CL_CHECK,ck_strength_lineage,1,1
CL_CHECK,ck_strength_lineage,1,1
CL_CHECK,ck_strength_lineage,1,1
CL_CHECK,ck_strength_lineage,1,1
CL_CHECK,ck_strength_lineage,1,1
CL_CHECK,ck_strength_lineage,1,1
CL_CHECK,ck_strength_lineage,1,1
CL_CHECK,ck_strength_lineage,1,1
CL_CHECK,ck_strength_lineage,1,1
CL_CHECK,ck_strength_lineage,1,1
CL_CHECK,ck_strength_lineage,1,1
CL_CHECK,ck_strength_lineage,1,1
CL_CHECK,ck_strength_lineage,1,1
CL_CHECK,ck_strength_lineage,1,1
CL_CHECK,ck_strength_lineage,1,1
CL_CHECK,ck_strength_lineage,1,1
CL_CHECK,ck_strength_lineage,1,1
CL_CHECK,ck_strength_lineage,1,1
CL_CHECK,ck_strength_lineage,1,1
CL_CHECK,ck_strength_lineage,1,1
CL_CHECK,ck_strength_lineage,1,1
CL_CHECK,ck_strength_lineage,1,1
CL_CHECK,ck_strength_lineage,1,1
CL_CHECK,ck_strength_lineage,1,1
CL_CHECK,ck_strength_lineage,1,1
CL_CHECK,ck_strength_lineage,1,1
CL_CHECK,ck_strength_lineage,1,1
CL_CHECK,ck_strength_lineage,1,1
CL_CHECK,ck_strength_lineage,1,1
CL_CHECK,ck_strength_lineage,1,1
CL_CHECK,ck_strength_lineage,1,1
CL_CHECK,ck_strength_lineage,1,1
CL_CHECK,ck_strength_lineage,1,1
CL_CHECK,ck_strength_lineage,1,1
CL_CHECK,ck_strength_lineage,1,1
CL_CHECK,ck_strength_lineage,1,1
CL_CHECK,ck_strength_lineage,1,1
CL_CHECK,ck_strength_lineage,1,1
CL_CHECK,ck_strength_lineage,1,1
CL_CHECK,ck_strength_lineage,1,1
CL_CHECK,ck_strength_lineage,1,1
CL_CHECK,ck_strength_lineage,1,1
CL_CHECK,ck_strength_lineage,1,1
CL_CHECK,ck_strength_lineage,1,1
CL_CHECK,ck_strength_lineage,1,1
CL_CHECK,ck_strength_lineage,1,1
CL_CHECK,ck_strength_lineage,1,1
CL_CHECK,ck_strength_lineage,1,1
CL_CHECK,ck_strength_lineage,1,1
CL_CHECK,ck_strength_lineage,1,1
CL_CHECK,ck_strength_lineage,1,1
CL_CHECK,ck_strength_lineage,1,1
CL_CHECK,ck_strength_lineage,1,1
CL_CHECK,ck_strength_lineage,1,1
CL_CHECK,ck_strength_lineage,1,1
CL_CHECK,ck_strength_lineage,1,1
CL_CHECK,ck_strength_lineage,1,1
CL_CHECK,ck_strength_lineage,1,1
CL_CHECK,ck_strength_lineage,1,1
CL_CHECK,ck_strength_lineage,1,1
CL_CHECK,ck_strength_lineage,1,1
CL_CHECK,ck_strength_lineage,1,1
CL_CHECK,ck_strength_lineage,1,1
CL_CHECK,ck_strength_lineage,1,1
CL_CHECK,ck_strength_lineage,1,1
CL_CHECK,ck_strength_lineage,1,1
CL_CHECK,ck_strength_lineage,1,1
CL_CHECK,ck_strength_lineage,1,1
CL_CHECK,ck_strength_lineage,1,1
CL_CHECK,ck_strength_lineage,1,1
CL_CHECK,ck_strength_lineage,1,1
CL_CHECK,ck_strength_lineage,1,1
CL_CHECK,ck_strength_lineage,1,1
CL_CHECK,ck_strength_lineage,1,1
CL_CHECK,ck_strength_lineage,1,1
CL_CHECK,ck_strength_lineage,1,1
CL_CHECK,ck_strength_lineage,1,1
CL_CHECK,ck_strength_lineage,1,1
CL_CHECK,ck_strength_lineage,1,1
CL_CHECK,ck_strength_lineage,1,1
CL_CHECK,ck_strength_lineage,1,1
CL_CHECK,ck_strength_lineage,1,1
CL_CHECK,ck_strength_lineage,1,1
CL_CHECK,ck_strength_lineage,1,1
CL_CHECK,ck_strength_lineage,1,1
CL_CHECK,ck_strength_lineage,1,1
CL_CHECK,ck_strength_lineage,1,1
CL_CHECK,ck_strength_lineage,1,1
CL_CHECK,ck_strength_lineage,1,1
CL_CHECK,ck_strength_lineage,1,1
CL_CHECK,ck_strength_lineage,1,1
CL_CHECK,ck_strength_lineage,1,1
CL_CHECK,ck_strength_lineage,1,1
CL_CHECK,ck_strength_lineage,1,1
CL_CHECK,ck_strength_lineage,1,1
CL_CHECK,ck_strength_lineage,1,1
CL_CHECK,ck_strength_lineage,1,1
CL_CHECK,ck_strength_lineage,1,1
CL_CHECK,ck_strength_lineage,1,1
CL_CHECK,ck_strength_lineage,1,1
CL_CHECK,ck_strength_lineage,1,1
CL_CHECK,ck_strength_lineage,1,1
CL_CHECK,ck_strength_lineage,1,1
CL_CHECK,ck_strength_lineage,1,1
CL_CHECK,ck_strength_lineage,1,1
CL_CHECK,ck_strength_lineage,1,1
CL_CHECK,ck_strength_lineage,1,1
CL_CHECK,ck_strength_lineage,1,1
CL_CHECK,ck_strength_lineage,1,1
CL_CHECK,ck_strength_lineage,1,1
CL_CHECK,ck_strength_lineage,1,1
CL_CHECK,ck_strength_lineage,1,1
CL_CHECK,ck_strength_lineage,1,1
CL_CHECK,ck_strength_lineage,1,1
CL_CHECK,ck_strength_lineage,1,1
CL_CHECK,ck_strength_lineage,1,1
CL_CHECK,ck_strength_lineage,1,1
CL_CHECK,ck_strength_lineage,1,1
CL_CHECK,ck_strength_lineage,1,1
CL_CHECK,ck_strength_lineage,1,1
CL_CHECK,ck_strength_lineage,1,1
CL_CHECK,ck_strength_lineage,1,1
CL_CHECK,ck_strength_lineage,1,1
CL_CHECK,ck_strength_lineage,1,1
CL_CHECK,ck_strength_lineage,1,1
CL_CHECK,ck_strength_lineage,1,1
CL_CHECK,ck_strength_lineage,1,1
CL_CHECK,ck_strength_lineage,1,1
CL_CHECK,ck_strength_lineage,1,1
CL_CHECK,ck_strength_lineage,1,1
CL_CHECK,ck_strength_lineage,1,1
CL_CHECK,ck_strength_lineage,1,1
CL_CHECK,ck_strength_lineage,1,1
CL_CHECK,ck_strength_lineage,1,1
CL_CHECK,ck_strength_lineage,1,1
CL_CHECK,ck_strength_lineage,1,1
CL_CHECK,ck_strength_lineage,1,1
CL_CHECK,ck_strength_lineage,1,1
CL_CHECK,ck_strength_lineage,1,1
CL_CHECK,ck_strength_lineage,1,1
CL_CHECK,ck_strength_lineage,1,1
CL_CHECK,ck_strength_lineage,1,1
CL_CHECK,ck_strength_lineage,1,1
CL_CHECK,ck_strength_lineage,1,1
CL_CHECK,ck_strength_lineage,1,1
CL_CHECK,ck_strength_lineage,1,1
CL_CHECK,ck_strength_lineage,1,1
CL_CHECK,ck_strength_lineage,1,1
CL_CHECK,ck_strength_lineage,1,1
CL_CHECK,ck_strength_lineage,1,1
CL_CHECK,ck_strength_lineage,1,1
CL_CHECK,ck_strength_lineage,1,1
CL_CHECK,ck_strength_lineage,1,1
CL_CHECK,ck_strength_lineage,1,1
CL_CHECK,ck_strength_lineage,1,1
CL_CHECK,ck_strength_lineage,1,1
CL_CHECK,ck_strength_lineage,1,1
CL_CHECK,ck_strength_lineage,1,1
CL_CHECK,ck_strength_lineage,1,1
CL_CHECK,ck_strength_lineage,1,1
CL_CHECK,ck_strength_lineage,1,1
CL_CHECK,ck_strength_lineage,1,1
CL_CHECK,ck_strength_lineage,1,1
CL_CHECK,ck_strength_lineage,1,1
CL_CHECK,ck_strength_lineage,1,1
CL_CHECK,ck_strength_lineage,1,1
CL_CHECK,ck_strength_lineage,1,1
CL_CHECK,ck_strength_lineage,1,1
CL_CHECK,ck_strength_lineage,1,1
CL_CHECK,ck_strength_lineage,1,1
CL_CHECK,ck_strength_lineage,1,1
CL_CHECK,ck_strength_lineage,1,1
CL_CHECK,ck_strength_lineage,1,1
CL_CHECK,ck_strength_lineage,1,1
CL_CHECK,ck_strength_lineage,1,1
CL_CHECK,ck_strength_lineage,1,1
CL_CHECK,ck_strength_lineage,1,1
CL_CHECK,ck_strength_lineage,1,1
CL_CHECK,ck_strength_lineage,1,1
CL_CHECK,ck_strength_lineage,1,1
CL_CHECK,ck_strength_lineage,1,1
CL_CHECK,ck_strength_lineage,1,1
CL_CHECK,ck_strength_lineage,1,1
CL_CHECK,ck_strength_lineage,1,1
CL_CHECK,ck_strength_lineage,1,1
CL_CHECK,ck_strength_lineage,1,1
CL_CHECK,ck_strength_lineage,1,1
CL_CHECK,ck_strength_lineage,1,1
CL_CHECK,ck_strength_lineage,1,1
CL_CHECK,ck_strength_lineage,1,1
CL_CHECK,ck_strength_lineage,1,1
CL_CHECK,ck_strength_lineage,1,1
CL_CHECK,ck_strength_lineage,1,1
CL_CHECK,ck_strength_lineage,1,1
CL_CHECK,ck_strength_lineage,1,1
CL_CHECK,ck_strength_lineage,1,1
CL_CHECK,ck_strength_lineage,1,1
CL_CHECK,ck_strength_lineage,1,1
CL_CHECK,ck_strength_lineage,1,1
CL_CHECK,ck_strength_lineage,1,1
CL_CHECK,ck_strength_lineage,1,1
CL_CHECK,ck_strength_lineage,1,1
CL_CHECK,ck_strength_lineage,1,1
CL_CHECK,ck_strength_lineage,1,1
CL_CHECK,ck_strength_lineage,1,1
CL_CHECK,ck_strength_lineage,1,1
CL_CHECK,ck_strength_lineage,1,1
CL_CHECK,ck_strength_lineage,1,1
CL_CHECK,ck_strength_lineage,1,1
CL_CHECK,ck_strength_lineage,1,1
CL_CHECK,ck_strength_lineage,1,1
CL_CHECK,ck_strength_lineage,1,1
CL_CHECK,ck_strength_lineage,1,1
CL_CHECK,ck_strength_lineage,1,1
CL_CHECK,ck_strength_lineage,1,1
CL_CHECK,ck_strength_lineage,1,1
CL_CHECK,ck_strength_lineage,1,1
CL_CHECK,ck_strength_lineage,1,1
CL_CHECK,ck_strength_lineage,1,1
CL_CHECK,ck_strength_lineage,1,1
CL_CHECK,ck_strength_lineage,1,1
CL_CHECK,ck_strength_lineage,1,1
CL_CHECK,ck_strength_lineage,1,1
CL_CHECK,ck_strength_lineage,1,1
CL_CHECK,ck_strength_lineage,1,1
CL_CHECK,ck_strength_lineage,1,1
CL_CHECK,ck_strength_lineage,1,1
CL_CHECK,ck_strength_lineage,1,1
CL_CHECK,ck_strength_lineage,1,1
CL_CHECK,ck_strength_lineage,1,1
CL_CHECK,ck_strength_lineage,1,1
CL_CHECK,ck_strength_lineage,1,1
CL_CHECK,ck_strength_lineage,1,1
CL_CHECK,ck_strength_lineage,1,1
CL_CHECK,ck_strength_lineage,1,1
CL_CHECK,ck_strength_lineage,1,1
CL_CHECK,ck_strength_lineage,1,1
CL_CHECK,ck_strength_lineage,1,1
CL_CHECK,ck_strength_lineage,1,1
CL_CHECK,ck_strength_lineage,1,1
CL_CHECK,ck_strength_lineage,1,1
CL_CHECK,ck_strength_lineage,1,1
CL_CHECK,ck_strength_lineage,1,1
CL_CHECK,ck_strength_lineage,1,1
CL_CHECK,ck_strength_lineage,1,1
CL_CHECK,ck_strength_lineage,1,1
CL_CHECK,ck_strength_lineage,1,1
CL_CHECK,ck_strength_lineage,1,1
CL_CHECK,ck_strength_lineage,1,1
CL_CHECK,ck_strength_lineage,1,1
CL_CHECK,ck_strength_lineage,1,1
CL_CHECK,ck_strength_lineage,1,1
CL_CHECK,ck_strength_lineage,1,1
CL_CHECK,ck_strength_lineage,1,1
CL_CHECK,ck_strength_lineage,1,1
CL_CHECK,ck_strength_lineage,1,1
CL_CHECK,ck_strength_lineage,1,1
CL_CHECK,ck_strength_lineage,1,1
CL_CHECK,ck_strength_lineage,1,1
CL_CHECK,ck_strength_lineage,1,1
CL_CHECK,ck_strength_lineage,1,1
CL_CHECK,ck_strength_lineage,1,1
CL_CHECK,ck_strength_lineage,1,1
CL_CHECK,ck_strength_lineage,1,1
CL_CHECK,ck_strength_lineage,1,1
CL_CHECK,ck_strength_lineage,1,1
CL_CHECK,ck_strength_lineage,1,1
CL_CHECK,ck_strength_lineage,1,1
CL_CHECK,ck_strength_lineage,1,1
CL_CHECK,ck_strength_lineage,1,1
CL_CHECK,ck_strength_lineage,1,1
CL_CHECK,ck_strength_lineage,1,1
CL_CHECK,ck_strength_lineage,1,1
CL_CHECK,ck_strength_lineage,1,1
CL_CHECK,ck_strength_lineage,1,1
CL_CHECK,ck_strength_lineage,1,1
CL_CHECK,ck_strength_lineage,1,1
CL_CHECK,ck_strength_lineage,1,1
CL_CHECK,ck_strength_lineage,1,1
CL_CHECK,ck_strength_lineage,1,1
CL_CHECK,ck_strength_lineage,1,1
CL_CHECK,ck_strength_lineage,1,1
CL_CHECK,ck_strength_lineage,1,1
CL_CHECK,ck_strength_lineage,1,1
CL_CHECK,ck_strength_lineage,1,1
CL_CHECK,ck_strength_lineage,1,1
CL_CHECK,ck_strength_lineage,1,1
CL_CHECK,ck_strength_lineage,1,1
CL_CHECK,ck_strength_lineage,1,1
CL_CHECK,ck_strength_lineage,1,1
CL_CHECK,ck_strength_lineage,1,1
CL_CHECK,ck_strength_lineage,1,1
CL_CHECK,ck_strength_lineage,1,1
CL_CHECK,ck_strength_lineage,1,1
CL_CHECK,ck_strength_lineage,1,1
CL_CHECK,ck_strength_lineage,1,1
CL_CHECK,ck_strength_lineage,1,1
CL_CHECK,ck_strength_lineage,1,1
CL_CHECK,ck_strength_lineage,1,1
CL_CHECK,ck_strength_lineage,1,1
CL_CHECK,ck_strength_lineage,1,1
CL_CHECK,ck_strength_lineage,1,1
CL_CHECK,ck_strength_lineage,1,1
CL_CHECK,ck_strength_lineage,1,1
CL_CHECK,ck_strength_lineage,1,1
CL_CHECK,ck_strength_lineage,1,1
CL_CHECK,ck_strength_lineage,1,1
CL_CHECK,ck_strength_lineage,1,1
CL_CHECK,ck_strength_lineage,1,1
CL_CHECK,ck_strength_lineage,1,1
CL_CHECK,ck_strength_lineage,1,1
CL_CHECK,ck_strength_lineage,1,1
CL_CHECK,ck_strength_lineage,1,1
CL_CHECK,ck_strength_lineage,1,1
CL_CHECK,ck_strength_lineage,1,1
CL_CHECK,ck_strength_lineage,1,1
CL_CHECK,ck_strength_lineage,1,1
CL_CHECK,ck_strength_lineage,1,1
CL_CHECK,ck_strength_lineage,1,1
CL_CHECK,ck_strength_lineage,1,1
CL_CHECK,ck_strength_lineage,1,1
CL_CHECK,ck_strength_lineage,1,1
CL_CHECK,ck_strength_lineage,1,1
CL_CHECK,ck_strength_lineage,1,1
CL_CHECK,ck_strength_lineage,1,1
CL_CHECK,ck_strength_lineage,1,1
CL_CHECK,ck_strength_lineage,1,1
CL_CHECK,ck_strength_lineage,1,1
CL_CHECK,ck_strength_lineage,1,1
CL_CHECK,ck_strength_lineage,1,1
CL_CHECK,ck_strength_lineage,1,1
CL_CHECK,ck_strength_lineage,1,1
CL_CHECK,ck_strength_lineage,1,1
CL_CHECK,ck_strength_lineage,1,1
CL_CHECK,ck_strength_lineage,1,1
CL_CHECK,ck_strength_lineage,1,1
CL_CHECK,ck_strength_lineage,1,1
CL_CHECK,ck_strength_lineage,1,1
CL_CHECK,ck_strength_lineage,1,1
CL_CHECK,ck_strength_lineage,1,1
CL_CHECK,ck_strength_lineage,1,1
CL_CHECK,ck_strength_lineage,1,1
CL_CHECK,ck_strength_lineage,1,1
CL_CHECK,ck_strength_lineage,1,1
CL_CHECK,ck_strength_lineage,1,1
CL_CHECK,ck_strength_lineage,1,1
CL_CHECK,ck_strength_lineage,1,1
CL_CHECK,ck_strength_lineage,1,1
CL_CHECK,ck_strength_lineage,1,1
CL_CHECK,ck_strength_lineage,1,1
CL_CHECK,ck_strength_lineage,1,1
CL_CHECK,ck_strength_lineage,1,1
CL_CHECK,ck_strength_lineage,1,1
CL_CHECK,ck_strength_lineage,1,1
CL_CHECK,ck_strength_lineage,1,1
CL_CHECK,ck_strength_lineage,1,1
CL_CHECK,ck_strength_lineage,1,1
CL_CHECK,ck_strength_lineage,1,1
CL_CHECK,ck_strength_lineage,1,1
CL_CHECK,ck_strength_lineage,1,1
CL_CHECK,ck_strength_lineage,1,1
CL_CHECK,ck_strength_lineage,1,1
CL_CHECK,ck_strength_lineage,1,1
CL_CHECK,ck_strength_lineage,1,1
CL_CHECK,ck_strength_lineage,1,1
CL_CHECK,ck_strength_lineage,1,1
CL_CHECK,ck_strength_lineage,1,1
CL_CHECK,ck_strength_lineage,1,1
CL_CHECK,ck_strength_lineage,1,1
CL_CHECK,ck_strength_lineage,1,1
CL_CHECK,ck_strength_lineage,1,1
CL_CHECK,ck_strength_lineage,1,1
CL_CHECK,ck_strength_lineage,1,1
CL_CHECK,ck_strength_lineage,1,1
CL_CHECK,ck_strength_lineage,1,1
CL_CHECK,ck_strength_lineage,1,1
CL_CHECK,ck_strength_lineage,1,1
CL_CHECK,ck_strength_lineage,1,1
CL_CHECK,ck_strength_lineage,1,1
CL_CHECK,ck_strength_lineage,1,1
CL_CHECK,ck_strength_lineage,1,1
CL_CHECK,ck_strength_lineage,1,1
CL_CHECK,ck_strength_lineage,1,1
CL_CHECK,ck_strength_lineage,1,1
CL_CHECK,ck_del_cite_count,3,3
CL_CHECK,ck_del_cite_genuine,1,1
CL_CHECK,ck_del_cite_genuine,1,1
CL_CHECK,ck_del_cite_genuine,1,1
CL_CHECK,ck_del_cite_distinct,3,3
CL_CHECK,ck_del_justify,1,1
CL_CHECK,ck_del_cite_count,3,3
CL_CHECK,ck_del_cite_genuine,1,1
CL_CHECK,ck_del_cite_genuine,1,1
CL_CHECK,ck_del_cite_genuine,1,1
CL_CHECK,ck_del_cite_distinct,3,3
CL_CHECK,ck_del_justify,1,1
CL_CHECK,ck_no_bad_kill,0,0
CL_CHECK,ck_no_bad_forcepin,0,0
CL_CHECK,ck_no_bad_code,0,0
CL_CHECK,ck_no_bad_role,0,0
CL_CHECK,ck_no_bad_pexp,0,0
CL_CHECK,ck_no_bad_recycle,0,0
ST_FINGERPRINT 1416817952
ST_INVALID 0
ST_DONE
