ST_TS 0 2 3 0 0 0 0 0 0 0 0 0 0 0 0 0 0
ST_DELIB 50 2 3 2 9 75 3 2 0
ST_TS 250 252 383 0 3 0 1 1 67 75 0 0 0 1 0 0 0
ST_DELIB 318 4 1 2 3 10 1 0 0
ST_DELIB 319 7 1 2 3 10 1 0 0
ST_DELIB 320 10 1 2 3 10 1 0 0
ST_DELIB 321 13 1 2 3 10 1 0 0
ST_DELIB 322 16 1 2 3 10 1 0 0
ST_DELIB 323 19 1 2 3 10 1 0 0
ST_DELIB 324 22 1 2 3 10 1 0 0
ST_DELIB 325 34 1 2 3 10 1 0 0
ST_DELIB 326 37 1 2 3 10 1 0 0
ST_DELIB 327 40 1 2 3 10 1 0 0
ST_DELIB 328 43 1 2 3 10 1 0 0
ST_DELIB 329 46 1 2 3 10 1 0 0
ST_DELIB 330 49 1 2 3 10 1 0 0
ST_DELIB 331 52 1 2 3 10 1 0 0
ST_DELIB 332 64 1 2 3 10 1 0 0
ST_DELIB 333 67 1 2 3 10 1 0 0
ST_DELIB 334 70 1 2 3 10 1 0 0
ST_DELIB 335 73 1 2 3 10 1 0 0
ST_DELIB 336 76 1 2 3 10 1 0 0
ST_DELIB 337 79 1 2 3 10 1 0 0
ST_DELIB 338 82 1 2 3 10 1 0 0
ST_DELIB 339 94 1 2 3 10 1 0 0
ST_DELIB 340 97 1 2 3 10 1 0 0
ST_DELIB 341 100 1 2 3 10 1 0 0
ST_DELIB 342 103 1 2 3 10 1 0 0
ST_DELIB 343 106 1 2 3 10 1 0 0
ST_DELIB 344 109 1 2 3 10 1 0 0
ST_DELIB 345 10 1 2 3 10 1 0 0
ST_DELIB 346 112 1 2 3 10 1 0 0
ST_DELIB 347 124 1 2 3 10 1 0 0
ST_DELIB 348 127 1 2 3 10 1 0 0
ST_DELIB 349 130 1 2 3 10 1 0 0
ST_DELIB 350 133 1 2 3 10 1 0 0
ST_DELIB 351 136 1 2 3 10 1 0 0
ST_DELIB 352 139 1 2 3 10 1 0 0
ST_DELIB 353 142 1 2 3 10 1 0 0
ST_DELIB 354 154 1 2 3 10 1 0 0
ST_DELIB 355 157 1 2 3 10 1 0 0
ST_DELIB 356 160 1 2 3 10 1 0 0
ST_DELIB 357 64 1 2 3 10 1 0 0
ST_DELIB 358 163 1 2 3 10 1 0 0
ST_DELIB 359 166 1 2 3 10 1 0 0
ST_DELIB 360 73 1 2 3 10 1 0 0
ST_DELIB 361 169 1 2 3 10 1 0 0
ST_DELIB 362 172 1 2 3 10 1 0 0
ST_DELIB 363 82 1 2 3 10 1 0 0
ST_DELIB 364 184 1 2 3 10 1 0 0
ST_DELIB 365 187 1 2 3 10 1 0 0
ST_DELIB 366 100 1 2 3 10 1 0 0
ST_DELIB 367 190 1 2 3 10 1 0 0
ST_DELIB 368 193 1 2 3 10 1 0 0
ST_DELIB 369 109 1 2 3 10 1 0 0
ST_DELIB 370 196 1 2 3 10 1 0 0
ST_DELIB 371 199 1 2 3 10 1 0 0
ST_DELIB 372 124 1 2 3 10 1 0 0
ST_DELIB 373 202 1 2 3 10 1 0 0
ST_DELIB 374 214 1 2 3 10 1 0 0
ST_DELIB 375 133 1 2 3 10 1 0 0
ST_DELIB 376 217 1 2 3 10 1 0 0
ST_DELIB 377 220 1 2 3 10 1 0 0
ST_DELIB 378 223 1 2 3 10 1 0 0
ST_DELIB 379 226 1 2 3 10 1 0 0
ST_DELIB 380 229 1 2 3 10 1 0 0
ST_DELIB 381 232 1 2 3 10 1 0 0
ST_DELIB 382 244 1 2 3 10 1 0 0
ST_DELIB 383 247 1 2 3 10 1 0 0
ST_DELIB 384 250 1 2 3 10 1 0 0
ST_DELIB 385 253 1 2 3 10 1 0 0
ST_DELIB 386 256 1 2 3 10 1 0 0
ST_DELIB 387 172 1 2 3 10 1 0 0
ST_DELIB 388 259 1 2 3 10 1 0 0
ST_DELIB 389 262 1 2 3 10 1 0 0
ST_DELIB 390 187 1 2 3 10 1 0 0
ST_DELIB 391 274 1 2 3 10 1 0 0
ST_DELIB 392 277 1 2 3 10 1 0 0
ST_DELIB 393 193 1 2 3 10 1 0 0
ST_DELIB 394 280 1 2 3 10 1 0 0
ST_DELIB 395 283 1 2 3 10 1 0 0
ST_DELIB 396 199 1 2 3 10 1 0 0
ST_DELIB 397 286 1 2 3 10 1 0 0
ST_DELIB 398 289 1 2 3 10 1 0 0
ST_DELIB 399 214 1 2 3 10 1 0 0
ST_DELIB 400 292 1 2 3 10 1 0 0
ST_DELIB 401 304 1 2 3 10 1 0 0
ST_DELIB 402 220 1 2 3 10 1 0 0
ST_DELIB 403 307 1 2 3 10 1 0 0
ST_DELIB 404 310 1 2 3 10 1 0 0
ST_DELIB 405 229 1 2 3 10 1 0 0
ST_DELIB 406 313 1 2 3 10 1 0 0
ST_DELIB 407 316 1 2 3 10 1 0 0
ST_DELIB 408 319 1 2 3 10 1 0 0
ST_DELIB 409 3 1 2 3 10 1 0 0
ST_DELIB 410 6 1 2 3 10 1 0 0
ST_DELIB 411 9 1 2 3 10 1 0 0
ST_DELIB 412 12 1 2 3 10 1 0 0
ST_DELIB 413 16 1 2 3 10 1 0 0
ST_DELIB 414 24 1 2 3 10 1 0 0
ST_DELIB 415 27 1 2 3 10 1 0 0
ST_DELIB 416 30 1 2 3 10 1 0 0
ST_DELIB 417 277 1 2 3 10 1 0 0
ST_DELIB 418 33 1 2 3 10 1 0 0
ST_DELIB 419 34 1 2 3 10 1 0 0
ST_DELIB 420 283 1 2 3 10 1 0 0
ST_DELIB 421 36 1 2 3 10 1 0 0
ST_DELIB 422 39 1 2 3 10 1 0 0
ST_DELIB 423 289 1 2 3 10 1 0 0
ST_DELIB 424 42 1 2 3 10 1 0 0
ST_DELIB 425 43 1 2 3 10 1 0 0
ST_DELIB 426 304 1 2 3 10 1 0 0
ST_DELIB 427 52 1 2 3 10 1 0 0
ST_DELIB 428 54 1 2 3 10 1 0 0
ST_DELIB 429 310 1 2 3 10 1 0 0
ST_DELIB 430 57 1 2 3 10 1 0 0
ST_DELIB 431 60 1 2 3 10 1 0 0
ST_DELIB 432 316 1 2 3 10 1 0 0
ST_DELIB 433 63 1 2 3 10 1 0 0
ST_DELIB 434 66 1 2 3 10 1 0 0
ST_DELIB 435 6 1 2 3 10 1 0 0
ST_DELIB 436 69 1 2 3 10 1 0 0
ST_DELIB 437 12 1 2 3 10 1 0 0
ST_DELIB 438 70 1 2 3 10 1 0 0
ST_DELIB 439 72 1 2 3 10 1 0 0
ST_DELIB 440 27 1 2 3 10 1 0 0
ST_DELIB 441 79 1 2 3 10 1 0 0
ST_DELIB 442 84 1 2 3 10 1 0 0
ST_DELIB 443 33 1 2 3 10 1 0 0
ST_DELIB 444 87 1 2 3 10 1 0 0
ST_DELIB 445 90 1 2 3 10 1 0 0
ST_DELIB 446 36 1 2 3 10 1 0 0
ST_DELIB 447 39 1 2 3 10 1 0 0
ST_DELIB 448 93 1 2 3 10 1 0 0
ST_DELIB 449 42 1 2 3 10 1 0 0
ST_DELIB 450 43 1 2 3 10 1 0 0
ST_DELIB 451 96 1 2 3 10 1 0 0
ST_DELIB 452 52 1 2 3 10 1 0 0
ST_DELIB 453 54 1 2 3 10 1 0 0
ST_DELIB 454 97 1 2 3 10 1 0 0
ST_DELIB 455 57 1 2 3 10 1 0 0
ST_DELIB 456 60 1 2 3 10 1 0 0
ST_DELIB 457 99 1 2 3 10 1 0 0
ST_DELIB 458 102 1 2 3 10 1 0 0
ST_DELIB 459 66 1 2 3 10 1 0 0
ST_DELIB 460 114 1 2 3 10 1 0 0
ST_DELIB 461 117 1 2 3 10 1 0 0
ST_DELIB 462 12 1 2 3 10 1 0 0
ST_DELIB 463 120 1 2 3 10 1 0 0
ST_DELIB 464 123 1 2 3 10 1 0 0
ST_DELIB 465 27 1 2 3 10 1 0 0
ST_DELIB 466 126 1 2 3 10 1 0 0
ST_DELIB 467 84 1 2 3 10 1 0 0
ST_DELIB 468 129 1 2 3 10 1 0 0
ST_DELIB 469 132 1 2 3 10 1 0 0
ST_DELIB 470 90 1 2 3 10 1 0 0
ST_DELIB 471 139 1 2 3 10 1 0 0
ST_DELIB 472 144 1 2 3 10 1 0 0
ST_DELIB 473 93 1 2 3 10 1 0 0
ST_DELIB 474 147 1 2 3 10 1 0 0
ST_DELIB 475 150 1 2 3 10 1 0 0
ST_DELIB 476 96 1 2 3 10 1 0 0
ST_DELIB 477 52 1 2 3 10 1 0 0
ST_DELIB 478 153 1 2 3 10 1 0 0
ST_DELIB 479 97 1 2 3 10 1 0 0
ST_DELIB 480 57 1 2 3 10 1 0 0
ST_DELIB 481 156 1 2 3 10 1 0 0
ST_DELIB 482 99 1 2 3 10 1 0 0
ST_DELIB 483 102 1 2 3 10 1 0 0
ST_DELIB 484 157 1 2 3 10 1 0 0
ST_DELIB 485 114 1 2 3 10 1 0 0
ST_DELIB 486 117 1 2 3 10 1 0 0
ST_DELIB 487 159 1 2 3 10 1 0 0
ST_DELIB 488 162 1 2 3 10 1 0 0
ST_DELIB 489 123 1 2 3 10 1 0 0
ST_DELIB 490 163 1 2 3 10 1 0 0
ST_DELIB 491 169 1 2 3 10 1 0 0
ST_DELIB 492 84 1 2 3 10 1 0 0
ST_DELIB 493 174 1 2 3 10 1 0 0
ST_DELIB 494 177 1 2 3 10 1 0 0
ST_DELIB 495 90 1 2 3 10 1 0 0
ST_DELIB 496 180 1 2 3 10 1 0 0
ST_DELIB 497 144 1 2 3 10 1 0 0
ST_DELIB 498 183 1 2 3 10 1 0 0
ST_DELIB 499 184 1 2 3 10 1 0 0
ST_TS 500 320 783 0 185 0 183 1 142 150 0 0 0 1 0 0 0
ST_DELIB 500 150 1 2 3 10 1 0 0
ST_DELIB 501 186 1 2 3 10 1 0 0
ST_DELIB 502 189 1 2 3 10 1 0 0
ST_DELIB 503 153 1 2 3 10 1 0 0
ST_DELIB 504 190 1 2 3 10 1 0 0
ST_DELIB 505 192 1 2 3 10 1 0 0
ST_DELIB 506 156 1 2 3 10 1 0 0
ST_DELIB 507 99 1 2 3 10 1 0 0
ST_DELIB 508 196 1 2 3 10 1 0 0
ST_DELIB 509 157 1 2 3 10 1 0 0
ST_DELIB 510 114 1 2 3 10 1 0 0
ST_DELIB 511 204 1 2 3 10 1 0 0
ST_DELIB 512 159 1 2 3 10 1 0 0
ST_DELIB 513 162 1 2 3 10 1 0 0
ST_DELIB 514 207 1 2 3 10 1 0 0
ST_DELIB 515 163 1 2 3 10 1 0 0
ST_DELIB 516 169 1 2 3 10 1 0 0
ST_DELIB 517 210 1 2 3 10 1 0 0
ST_DELIB 518 213 1 2 3 10 1 0 0
ST_DELIB 519 177 1 2 3 10 1 0 0
ST_DELIB 520 216 1 2 3 10 1 0 0
ST_DELIB 521 219 1 2 3 10 1 0 0
ST_DELIB 522 144 1 2 3 10 1 0 0
ST_DELIB 523 222 1 2 3 10 1 0 0
ST_DELIB 524 234 1 2 3 10 1 0 0
ST_DELIB 525 150 1 2 3 10 1 0 0
ST_DELIB 526 237 1 2 3 10 1 0 0
ST_DELIB 527 189 1 2 3 10 1 0 0
ST_DELIB 528 240 1 2 3 10 1 0 0
ST_DELIB 529 243 1 2 3 10 1 0 0
ST_DELIB 530 192 1 2 3 10 1 0 0
ST_DELIB 531 244 1 2 3 10 1 0 0
ST_DELIB 532 246 1 2 3 10 1 0 0
ST_DELIB 533 196 1 2 3 10 1 0 0
ST_DELIB 534 249 1 2 3 10 1 0 0
ST_DELIB 535 252 1 2 3 10 1 0 0
ST_DELIB 536 204 1 2 3 10 1 0 0
ST_DELIB 537 159 1 2 3 10 1 0 0
ST_DELIB 538 253 1 2 3 10 1 0 0
ST_DELIB 539 207 1 2 3 10 1 0 0
ST_DELIB 540 163 1 2 3 10 1 0 0
ST_DELIB 541 259 1 2 3 10 1 0 0
ST_DELIB 542 210 1 2 3 10 1 0 0
ST_DELIB 543 213 1 2 3 10 1 0 0
ST_DELIB 544 264 1 2 3 10 1 0 0
ST_DELIB 545 216 1 2 3 10 1 0 0
ST_DELIB 546 219 1 2 3 10 1 0 0
ST_DELIB 547 267 1 2 3 10 1 0 0
ST_DELIB 548 270 1 2 3 10 1 0 0
ST_DELIB 549 234 1 2 3 10 1 0 0
ST_DELIB 550 273 1 2 3 10 1 0 0
ST_DELIB 551 274 1 2 3 10 1 0 0
ST_DELIB 552 189 1 2 3 10 1 0 0
ST_DELIB 553 276 1 2 3 10 1 0 0
ST_DELIB 554 279 1 2 3 10 1 0 0
ST_DELIB 555 192 1 2 3 10 1 0 0
ST_DELIB 556 280 1 2 3 10 1 0 0
ST_DELIB 557 246 1 2 3 10 1 0 0
ST_DELIB 558 282 1 2 3 10 1 0 0
ST_DELIB 559 286 1 2 3 10 1 0 0
ST_DELIB 560 252 1 2 3 10 1 0 0
ST_DELIB 561 292 1 2 3 10 1 0 0
ST_DELIB 562 294 1 2 3 10 1 0 0
ST_DELIB 563 253 1 2 3 10 1 0 0
ST_DELIB 564 297 1 2 3 10 1 0 0
ST_DELIB 565 300 1 2 3 10 1 0 0
ST_DELIB 566 259 1 2 3 10 1 0 0
ST_DELIB 567 210 1 2 3 10 1 0 0
ST_DELIB 568 303 1 2 3 10 1 0 0
ST_DELIB 569 264 1 2 3 10 1 0 0
ST_DELIB 570 216 1 2 3 10 1 0 0
ST_DELIB 571 306 1 2 3 10 1 0 0
ST_DELIB 572 267 1 2 3 10 1 0 0
ST_DELIB 573 270 1 2 3 10 1 0 0
ST_DELIB 574 309 1 2 3 10 1 0 0
ST_DELIB 575 273 1 2 3 10 1 0 0
ST_DELIB 576 274 1 2 3 10 1 0 0
ST_DELIB 577 312 1 2 3 10 1 0 0
ST_DELIB 578 4 1 2 3 10 1 0 0
ST_DELIB 579 279 1 2 3 10 1 0 0
ST_DELIB 580 6 1 2 3 10 1 0 0
ST_DELIB 581 9 1 2 3 10 1 0 0
ST_DELIB 582 246 1 2 3 10 1 0 0
ST_DELIB 583 10 1 2 3 10 1 0 0
ST_DELIB 584 12 1 2 3 10 1 0 0
ST_DELIB 585 252 1 2 3 10 1 0 0
ST_DELIB 586 13 1 2 3 10 1 0 0
ST_DELIB 587 294 1 2 3 10 1 0 0
ST_DELIB 588 14 1 2 3 10 1 0 0
ST_DELIB 589 17 1 2 3 10 1 0 0
ST_DELIB 590 300 1 2 3 10 1 0 0
ST_DELIB 591 20 1 2 3 10 1 0 0
ST_DELIB 592 22 1 2 3 10 1 0 0
ST_DELIB 593 303 1 2 3 10 1 0 0
ST_DELIB 594 23 1 2 3 10 1 0 0
ST_DELIB 595 24 1 2 3 10 1 0 0
ST_DELIB 596 306 1 2 3 10 1 0 0
ST_DELIB 597 267 1 2 3 10 1 0 0
ST_DELIB 598 26 1 2 3 10 1 0 0
ST_DELIB 599 309 1 2 3 10 1 0 0
ST_DELIB 600 273 1 2 3 10 1 0 0
ST_DELIB 601 27 1 2 3 10 1 0 0
ST_DELIB 602 312 1 2 3 10 1 0 0
ST_DELIB 603 4 1 2 3 10 1 0 0
ST_DELIB 604 29 1 2 3 10 1 0 0
ST_DELIB 605 6 1 2 3 10 1 0 0
ST_DELIB 606 9 1 2 3 10 1 0 0
ST_DELIB 607 32 1 2 3 10 1 0 0
ST_DELIB 608 39 1 2 3 10 1 0 0
ST_DELIB 609 12 1 2 3 10 1 0 0
ST_DELIB 610 40 1 2 3 10 1 0 0
ST_DELIB 611 43 1 2 3 10 1 0 0
ST_DELIB 612 294 1 2 3 10 1 0 0
ST_DELIB 613 14 1 2 3 10 1 0 0
ST_DELIB 614 44 1 2 3 10 1 0 0
ST_DELIB 615 300 1 2 3 10 1 0 0
ST_DELIB 616 20 1 2 3 10 1 0 0
ST_DELIB 617 22 1 2 3 10 1 0 0
ST_DELIB 618 47 1 2 3 10 1 0 0
ST_DELIB 619 23 1 2 3 10 1 0 0
ST_DELIB 620 24 1 2 3 10 1 0 0
ST_DELIB 621 49 1 2 3 10 1 0 0
ST_DELIB 622 50 1 2 3 10 1 0 0
ST_DELIB 623 26 1 2 3 10 1 0 0
ST_DELIB 624 52 1 2 3 10 1 0 0
ST_DELIB 625 53 1 2 3 10 1 0 0
ST_DELIB 626 27 1 2 3 10 1 0 0
ST_DELIB 627 312 1 2 3 10 1 0 0
ST_DELIB 628 56 1 2 3 10 1 0 0
ST_DELIB 629 29 1 2 3 10 1 0 0
ST_DELIB 630 6 1 2 3 10 1 0 0
ST_DELIB 631 57 1 2 3 10 1 0 0
ST_DELIB 632 32 1 2 3 10 1 0 0
ST_DELIB 633 39 1 2 3 10 1 0 0
ST_DELIB 634 59 1 2 3 10 1 0 0
ST_DELIB 635 40 1 2 3 10 1 0 0
ST_DELIB 636 43 1 2 3 10 1 0 0
ST_DELIB 637 62 1 2 3 10 1 0 0
ST_DELIB 638 64 1 2 3 10 1 0 0
ST_DELIB 639 44 1 2 3 10 1 0 0
ST_DELIB 640 70 1 2 3 10 1 0 0
ST_DELIB 641 73 1 2 3 10 1 0 0
ST_DELIB 642 22 1 2 3 10 1 0 0
ST_DELIB 643 47 1 2 3 10 1 0 0
ST_DELIB 644 74 1 2 3 10 1 0 0
ST_DELIB 645 24 1 2 3 10 1 0 0
ST_DELIB 646 49 1 2 3 10 1 0 0
ST_DELIB 647 50 1 2 3 10 1 0 0
ST_DELIB 648 77 1 2 3 10 1 0 0
ST_DELIB 649 52 1 2 3 10 1 0 0
ST_DELIB 650 53 1 2 3 10 1 0 0
ST_DELIB 651 79 1 2 3 10 1 0 0
ST_DELIB 652 80 1 2 3 10 1 0 0
ST_DELIB 653 56 1 2 3 10 1 0 0
ST_DELIB 654 83 1 2 3 10 1 0 0
ST_DELIB 655 6 1 2 3 10 1 0 0
ST_DELIB 656 57 1 2 3 10 1 0 0
ST_DELIB 657 32 1 2 3 10 1 0 0
ST_DELIB 658 84 1 2 3 10 1 0 0
ST_DELIB 659 59 1 2 3 10 1 0 0
ST_DELIB 660 40 1 2 3 10 1 0 0
ST_DELIB 661 86 1 2 3 10 1 0 0
ST_DELIB 662 62 1 2 3 10 1 0 0
ST_DELIB 663 64 1 2 3 10 1 0 0
ST_DELIB 664 87 1 2 3 10 1 0 0
ST_DELIB 665 70 1 2 3 10 1 0 0
ST_DELIB 666 73 1 2 3 10 1 0 0
ST_DELIB 667 22 1 2 3 10 1 0 0
ST_DELIB 668 89 1 2 3 10 1 0 0
ST_DELIB 669 74 1 2 3 10 1 0 0
ST_DELIB 670 24 1 2 3 10 1 0 0
ST_DELIB 671 90 1 2 3 10 1 0 0
ST_DELIB 672 50 1 2 3 10 1 0 0
ST_DELIB 673 77 1 2 3 10 1 0 0
ST_DELIB 674 92 1 2 3 10 1 0 0
ST_DELIB 675 53 1 2 3 10 1 0 0
ST_DELIB 676 79 1 2 3 10 1 0 0
ST_DELIB 677 80 1 2 3 10 1 0 0
ST_DELIB 678 99 1 2 3 10 1 0 0
ST_DELIB 679 83 1 2 3 10 1 0 0
ST_DELIB 680 6 1 2 3 10 1 0 0
ST_DELIB 681 103 1 2 3 10 1 0 0
ST_DELIB 682 32 1 2 3 10 1 0 0
ST_DELIB 683 84 1 2 3 10 1 0 0
ST_DELIB 684 104 1 2 3 10 1 0 0
ST_DELIB 685 40 1 2 3 10 1 0 0
ST_DELIB 686 86 1 2 3 10 1 0 0
ST_DELIB 687 62 1 2 3 10 1 0 0
ST_DELIB 688 107 1 2 3 10 1 0 0
ST_DELIB 689 87 1 2 3 10 1 0 0
ST_DELIB 690 70 1 2 3 10 1 0 0
ST_DELIB 691 110 1 2 3 10 1 0 0
ST_DELIB 692 22 1 2 3 10 1 0 0
ST_DELIB 693 89 1 2 3 10 1 0 0
ST_DELIB 694 113 1 2 3 10 1 0 0
ST_DELIB 695 24 1 2 3 10 1 0 0
ST_DELIB 696 90 1 2 3 10 1 0 0
ST_DELIB 697 50 1 2 3 10 1 0 0
ST_DELIB 698 114 1 2 3 10 1 0 0
ST_DELIB 699 92 1 2 3 10 1 0 0
ST_DELIB 700 53 1 2 3 10 1 0 0
ST_DELIB 701 116 1 2 3 10 1 0 0
ST_DELIB 702 80 1 2 3 10 1 0 0
ST_DELIB 703 99 1 2 3 10 1 0 0
ST_DELIB 704 119 1 2 3 10 1 0 0
ST_DELIB 705 6 1 2 3 10 1 0 0
ST_DELIB 706 103 1 2 3 10 1 0 0
ST_DELIB 707 32 1 2 3 10 1 0 0
ST_DELIB 708 122 1 2 3 10 1 0 0
ST_DELIB 709 104 1 2 3 10 1 0 0
ST_DELIB 710 40 1 2 3 10 1 0 0
ST_DELIB 711 124 1 2 3 10 1 0 0
ST_DELIB 712 62 1 2 3 10 1 0 0
ST_DELIB 713 107 1 2 3 10 1 0 0
ST_DELIB 714 127 1 2 3 10 1 0 0
ST_DELIB 715 70 1 2 3 10 1 0 0
ST_DELIB 716 110 1 2 3 10 1 0 0
ST_DELIB 717 22 1 2 3 10 1 0 0
ST_DELIB 718 129 1 2 3 10 1 0 0
ST_DELIB 719 113 1 2 3 10 1 0 0
ST_DELIB 720 24 1 2 3 10 1 0 0
ST_DELIB 721 133 1 2 3 10 1 0 0
ST_DELIB 722 50 1 2 3 10 1 0 0
ST_DELIB 723 114 1 2 3 10 1 0 0
ST_DELIB 724 134 1 2 3 10 1 0 0
ST_DELIB 725 53 1 2 3 10 1 0 0
ST_DELIB 726 116 1 2 3 10 1 0 0
ST_DELIB 727 80 1 2 3 10 1 0 0
ST_DELIB 728 136 1 2 3 10 1 0 0
ST_DELIB 729 119 1 2 3 10 1 0 0
ST_DELIB 730 6 1 2 3 10 1 0 0
ST_DELIB 731 137 1 2 3 10 1 0 0
ST_DELIB 732 32 1 2 3 10 1 0 0
ST_DELIB 733 122 1 2 3 10 1 0 0
ST_DELIB 734 139 1 2 3 10 1 0 0
ST_DELIB 735 40 1 2 3 10 1 0 0
ST_DELIB 736 124 1 2 3 10 1 0 0
ST_DELIB 737 62 1 2 3 10 1 0 0
ST_DELIB 738 140 1 2 3 10 1 0 0
ST_DELIB 739 127 1 2 3 10 1 0 0
ST_DELIB 740 70 1 2 3 10 1 0 0
ST_DELIB 741 143 1 2 3 10 1 0 0
ST_DELIB 742 22 1 2 3 10 1 0 0
ST_DELIB 743 129 1 2 3 10 1 0 0
ST_DELIB 744 144 1 2 3 10 1 0 0
ST_DELIB 745 24 1 2 3 10 1 0 0
ST_DELIB 746 133 1 2 3 10 1 0 0
ST_DELIB 747 50 1 2 3 10 1 0 0
ST_DELIB 748 146 1 2 3 10 1 0 0
ST_DELIB 749 134 1 2 3 10 1 0 0
ST_TS 750 320 1183 0 435 0 433 1 217 225 0 0 0 1 0 0 0
ST_DELIB 750 53 1 2 3 10 1 0 0
ST_DELIB 751 147 1 2 3 10 1 0 0
ST_DELIB 752 80 1 2 3 10 1 0 0
ST_DELIB 753 136 1 2 3 10 1 0 0
ST_DELIB 754 149 1 2 3 10 1 0 0
ST_DELIB 755 6 1 2 3 10 1 0 0
ST_DELIB 756 137 1 2 3 10 1 0 0
ST_DELIB 757 32 1 2 3 10 1 0 0
ST_DELIB 758 150 1 2 3 10 1 0 0
ST_DELIB 759 139 1 2 3 10 1 0 0
ST_DELIB 760 40 1 2 3 10 1 0 0
ST_DELIB 761 152 1 2 3 10 1 0 0
ST_DELIB 762 62 1 2 3 10 1 0 0
ST_DELIB 763 140 1 2 3 10 1 0 0
ST_DELIB 764 154 1 2 3 10 1 0 0
ST_DELIB 765 70 1 2 3 10 1 0 0
ST_DELIB 766 143 1 2 3 10 1 0 0
ST_DELIB 767 22 1 2 3 10 1 0 0
ST_DELIB 768 159 1 2 3 10 1 0 0
ST_DELIB 769 144 1 2 3 10 1 0 0
ST_DELIB 770 24 1 2 3 10 1 0 0
ST_DELIB 771 163 1 2 3 10 1 0 0
ST_DELIB 772 50 1 2 3 10 1 0 0
ST_DELIB 773 146 1 2 3 10 1 0 0
ST_DELIB 774 164 1 2 3 10 1 0 0
ST_DELIB 775 53 1 2 3 10 1 0 0
ST_DELIB 776 147 1 2 3 10 1 0 0
ST_DELIB 777 80 1 2 3 10 1 0 0
ST_DELIB 778 167 1 2 3 10 1 0 0
ST_DELIB 779 149 1 2 3 10 1 0 0
ST_DELIB 780 6 1 2 3 10 1 0 0
ST_DELIB 781 170 1 2 3 10 1 0 0
ST_DELIB 782 32 1 2 3 10 1 0 0
ST_DELIB 783 150 1 2 3 10 1 0 0
ST_DELIB 784 172 1 2 3 10 1 0 0
ST_DELIB 785 40 1 2 3 10 1 0 0
ST_DELIB 786 152 1 2 3 10 1 0 0
ST_DELIB 787 62 1 2 3 10 1 0 0
ST_DELIB 788 173 1 2 3 10 1 0 0
ST_DELIB 789 154 1 2 3 10 1 0 0
ST_DELIB 790 70 1 2 3 10 1 0 0
ST_DELIB 791 176 1 2 3 10 1 0 0
ST_DELIB 792 22 1 2 3 10 1 0 0
ST_DELIB 793 159 1 2 3 10 1 0 0
ST_DELIB 794 179 1 2 3 10 1 0 0
ST_DELIB 795 24 1 2 3 10 1 0 0
ST_DELIB 796 163 1 2 3 10 1 0 0
ST_DELIB 797 50 1 2 3 10 1 0 0
ST_DELIB 798 182 1 2 3 10 1 0 0
ST_DELIB 799 164 1 2 3 10 1 0 0
ST_DELIB 800 53 1 2 3 10 1 0 0
ST_DELIB 801 183 1 2 3 10 1 0 0
ST_DELIB 802 80 1 2 3 10 1 0 0
ST_DELIB 803 167 1 2 3 10 1 0 0
ST_DELIB 804 186 1 2 3 10 1 0 0
ST_DELIB 805 6 1 2 3 10 1 0 0
ST_DELIB 806 170 1 2 3 10 1 0 0
ST_DELIB 807 32 1 2 3 10 1 0 0
ST_DELIB 808 187 1 2 3 10 1 0 0
ST_DELIB 809 172 1 2 3 10 1 0 0
ST_DELIB 810 40 1 2 3 10 1 0 0
ST_DELIB 811 189 1 2 3 10 1 0 0
ST_DELIB 812 62 1 2 3 10 1 0 0
ST_DELIB 813 173 1 2 3 10 1 0 0
ST_DELIB 814 190 1 2 3 10 1 0 0
ST_DELIB 815 70 1 2 3 10 1 0 0
ST_DELIB 816 176 1 2 3 10 1 0 0
ST_DELIB 817 22 1 2 3 10 1 0 0
ST_DELIB 818 192 1 2 3 10 1 0 0
ST_DELIB 819 179 1 2 3 10 1 0 0
ST_DELIB 820 24 1 2 3 10 1 0 0
ST_DELIB 821 194 1 2 3 10 1 0 0
ST_DELIB 822 50 1 2 3 10 1 0 0
ST_DELIB 823 182 1 2 3 10 1 0 0
ST_DELIB 824 197 1 2 3 10 1 0 0
ST_DELIB 825 53 1 2 3 10 1 0 0
ST_DELIB 826 183 1 2 3 10 1 0 0
ST_DELIB 827 80 1 2 3 10 1 0 0
ST_DELIB 828 200 1 2 3 10 1 0 0
ST_DELIB 829 186 1 2 3 10 1 0 0
ST_DELIB 830 6 1 2 3 10 1 0 0
ST_DELIB 831 203 1 2 3 10 1 0 0
ST_DELIB 832 32 1 2 3 10 1 0 0
ST_DELIB 833 187 1 2 3 10 1 0 0
ST_DELIB 834 206 1 2 3 10 1 0 0
ST_DELIB 835 40 1 2 3 10 1 0 0
ST_DELIB 836 189 1 2 3 10 1 0 0
ST_DELIB 837 62 1 2 3 10 1 0 0
ST_DELIB 838 209 1 2 3 10 1 0 0
ST_DELIB 839 190 1 2 3 10 1 0 0
ST_DELIB 840 70 1 2 3 10 1 0 0
ST_DELIB 841 210 1 2 3 10 1 0 0
ST_DELIB 842 22 1 2 3 10 1 0 0
ST_DELIB 843 192 1 2 3 10 1 0 0
ST_DELIB 844 212 1 2 3 10 1 0 0
ST_DELIB 845 24 1 2 3 10 1 0 0
ST_DELIB 846 194 1 2 3 10 1 0 0
ST_DELIB 847 50 1 2 3 10 1 0 0
ST_DELIB 848 216 1 2 3 10 1 0 0
ST_DELIB 849 197 1 2 3 10 1 0 0
ST_DELIB 850 53 1 2 3 10 1 0 0
ST_DELIB 851 220 1 2 3 10 1 0 0
ST_DELIB 852 80 1 2 3 10 1 0 0
ST_DELIB 853 200 1 2 3 10 1 0 0
ST_DELIB 854 223 1 2 3 10 1 0 0
ST_DELIB 855 6 1 2 3 10 1 0 0
ST_DELIB 856 203 1 2 3 10 1 0 0
ST_DELIB 857 32 1 2 3 10 1 0 0
ST_DELIB 858 224 1 2 3 10 1 0 0
ST_DELIB 859 206 1 2 3 10 1 0 0
ST_DELIB 860 40 1 2 3 10 1 0 0
ST_DELIB 861 227 1 2 3 10 1 0 0
ST_DELIB 862 62 1 2 3 10 1 0 0
ST_DELIB 863 209 1 2 3 10 1 0 0
ST_DELIB 864 229 1 2 3 10 1 0 0
ST_DELIB 865 70 1 2 3 10 1 0 0
ST_DELIB 866 210 1 2 3 10 1 0 0
ST_DELIB 867 22 1 2 3 10 1 0 0
ST_DELIB 868 230 1 2 3 10 1 0 0
ST_DELIB 869 212 1 2 3 10 1 0 0
ST_DELIB 870 24 1 2 3 10 1 0 0
ST_DELIB 871 232 1 2 3 10 1 0 0
ST_DELIB 872 50 1 2 3 10 1 0 0
ST_DELIB 873 216 1 2 3 10 1 0 0
ST_DELIB 874 233 1 2 3 10 1 0 0
ST_DELIB 875 53 1 2 3 10 1 0 0
ST_DELIB 876 220 1 2 3 10 1 0 0
ST_DELIB 877 80 1 2 3 10 1 0 0
ST_DELIB 878 236 1 2 3 10 1 0 0
ST_DELIB 879 223 1 2 3 10 1 0 0
ST_DELIB 880 6 1 2 3 10 1 0 0
ST_DELIB 881 239 1 2 3 10 1 0 0
ST_DELIB 882 32 1 2 3 10 1 0 0
ST_DELIB 883 187 3 2 9 75 3 2 0
ST_DELIB 883 224 1 2 3 10 1 0 0
ST_DELIB 884 240 1 2 3 10 1 0 0
ST_DELIB 885 40 1 2 3 10 1 0 0
ST_DELIB 886 227 1 2 3 10 1 0 0
ST_DELIB 887 62 1 2 3 10 1 0 0
ST_DELIB 888 242 1 2 3 10 1 0 0
ST_DELIB 889 229 1 2 3 10 1 0 0
ST_DELIB 890 70 1 2 3 10 1 0 0
ST_DELIB 891 244 1 2 3 10 1 0 0
ST_DELIB 892 22 1 2 3 10 1 0 0
ST_DELIB 893 230 1 2 3 10 1 0 0
ST_DELIB 894 246 1 2 3 10 1 0 0
ST_DELIB 895 24 1 2 3 10 1 0 0
ST_DELIB 896 232 1 2 3 10 1 0 0
ST_DELIB 897 50 1 2 3 10 1 0 0
ST_DELIB 898 249 1 2 3 10 1 0 0
ST_DELIB 899 233 1 2 3 10 1 0 0
ST_DELIB 900 53 1 2 3 10 1 0 0
ST_DELIB 901 250 1 2 3 10 1 0 0
ST_DELIB 902 80 1 2 3 10 1 0 0
ST_DELIB 903 236 1 2 3 10 1 0 0
ST_DELIB 904 252 1 2 3 10 1 0 0
ST_DELIB 905 6 1 2 3 10 1 0 0
ST_DELIB 906 239 1 2 3 10 1 0 0
ST_DELIB 907 32 1 2 3 10 1 0 0
ST_DELIB 908 254 1 2 3 10 1 0 0
ST_DELIB 909 240 1 2 3 10 1 0 0
ST_DELIB 910 40 1 2 3 10 1 0 0
ST_DELIB 911 257 1 2 3 10 1 0 0
ST_DELIB 912 62 1 2 3 10 1 0 0
ST_DELIB 913 242 1 2 3 10 1 0 0
ST_DELIB 914 260 1 2 3 10 1 0 0
ST_DELIB 915 70 1 2 3 10 1 0 0
ST_DELIB 916 244 1 2 3 10 1 0 0
ST_DELIB 917 22 1 2 3 10 1 0 0
ST_DELIB 918 263 1 2 3 10 1 0 0
ST_DELIB 919 246 1 2 3 10 1 0 0
ST_DELIB 920 24 1 2 3 10 1 0 0
ST_DELIB 921 266 1 2 3 10 1 0 0
ST_DELIB 922 50 1 2 3 10 1 0 0
ST_DELIB 923 249 1 2 3 10 1 0 0
ST_DELIB 924 267 1 2 3 10 1 0 0
ST_DELIB 925 53 1 2 3 10 1 0 0
ST_DELIB 926 250 1 2 3 10 1 0 0
ST_DELIB 927 80 1 2 3 10 1 0 0
ST_DELIB 928 269 1 2 3 10 1 0 0
ST_DELIB 929 252 1 2 3 10 1 0 0
ST_DELIB 930 6 1 2 3 10 1 0 0
ST_DELIB 931 272 1 2 3 10 1 0 0
ST_DELIB 932 32 1 2 3 10 1 0 0
ST_DELIB 933 254 1 2 3 10 1 0 0
ST_DELIB 934 273 1 2 3 10 1 0 0
ST_DELIB 935 40 1 2 3 10 1 0 0
ST_DELIB 936 257 1 2 3 10 1 0 0
ST_DELIB 937 62 1 2 3 10 1 0 0
ST_DELIB 938 277 1 2 3 10 1 0 0
ST_DELIB 939 260 1 2 3 10 1 0 0
ST_DELIB 940 70 1 2 3 10 1 0 0
ST_DELIB 941 282 1 2 3 10 1 0 0
ST_DELIB 942 22 1 2 3 10 1 0 0
ST_DELIB 943 263 1 2 3 10 1 0 0
ST_DELIB 944 283 1 2 3 10 1 0 0
ST_DELIB 945 24 1 2 3 10 1 0 0
ST_DELIB 946 266 1 2 3 10 1 0 0
ST_DELIB 947 50 1 2 3 10 1 0 0
ST_DELIB 948 284 1 2 3 10 1 0 0
ST_DELIB 949 267 1 2 3 10 1 0 0
ST_DELIB 950 53 1 2 3 10 1 0 0
ST_DELIB 951 287 1 2 3 10 1 0 0
ST_DELIB 952 80 1 2 3 10 1 0 0
ST_DELIB 953 269 1 2 3 10 1 0 0
ST_DELIB 954 290 1 2 3 10 1 0 0
ST_DELIB 955 6 1 2 3 10 1 0 0
ST_DELIB 956 272 1 2 3 10 1 0 0
ST_DELIB 957 32 1 2 3 10 1 0 0
ST_DELIB 958 292 1 2 3 10 1 0 0
ST_DELIB 959 273 1 2 3 10 1 0 0
ST_DELIB 960 40 1 2 3 10 1 0 0
ST_DELIB 961 293 1 2 3 10 1 0 0
ST_DELIB 962 62 1 2 3 10 1 0 0
ST_DELIB 963 277 1 2 3 10 1 0 0
ST_DELIB 964 294 1 2 3 10 1 0 0
ST_DELIB 965 70 1 2 3 10 1 0 0
ST_DELIB 966 282 1 2 3 10 1 0 0
ST_DELIB 967 22 1 2 3 10 1 0 0
ST_DELIB 968 296 1 2 3 10 1 0 0
ST_DELIB 969 283 1 2 3 10 1 0 0
ST_DELIB 970 24 1 2 3 10 1 0 0
ST_DELIB 971 297 1 2 3 10 1 0 0
ST_DELIB 972 50 1 2 3 10 1 0 0
ST_DELIB 973 284 1 2 3 10 1 0 0
ST_DELIB 974 299 1 2 3 10 1 0 0
ST_DELIB 975 53 1 2 3 10 1 0 0
ST_DELIB 976 287 1 2 3 10 1 0 0
ST_DELIB 977 80 1 2 3 10 1 0 0
ST_DELIB 978 300 1 2 3 10 1 0 0
ST_DELIB 979 290 1 2 3 10 1 0 0
ST_DELIB 980 6 1 2 3 10 1 0 0
ST_DELIB 981 302 1 2 3 10 1 0 0
ST_DELIB 982 32 1 2 3 10 1 0 0
ST_DELIB 983 292 1 2 3 10 1 0 0
ST_DELIB 984 312 1 2 3 10 1 0 0
ST_DELIB 985 40 1 2 3 10 1 0 0
ST_DELIB 986 293 1 2 3 10 1 0 0
ST_DELIB 987 62 1 2 3 10 1 0 0
ST_DELIB 988 314 1 2 3 10 1 0 0
ST_DELIB 989 294 1 2 3 10 1 0 0
ST_DELIB 990 70 1 2 3 10 1 0 0
ST_DELIB 991 316 1 2 3 10 1 0 0
ST_DELIB 992 22 1 2 3 10 1 0 0
ST_DELIB 993 296 1 2 3 10 1 0 0
ST_DELIB 994 317 1 2 3 10 1 0 0
ST_DELIB 995 24 1 2 3 10 1 0 0
ST_DELIB 996 297 1 2 3 10 1 0 0
ST_DELIB 997 50 1 2 3 10 1 0 0
ST_DELIB 998 319 1 2 3 10 1 0 0
ST_DELIB 999 299 1 2 3 10 1 0 0
ST_TS 1000 320 1584 0 688 0 684 2 291 300 0 0 0 2 0 0 0
ST_DELIB 1000 53 1 2 3 10 1 0 0
ST_DELIB 1001 2 1 2 3 1 3 0 0
ST_DELIB 1002 80 1 2 3 10 1 0 0
ST_DELIB 1003 300 1 2 3 10 1 0 0
ST_DELIB 1004 187 1 2 3 1 3 0 0
ST_DELIB 1005 6 1 2 3 10 1 0 0
ST_DELIB 1006 302 1 2 3 10 1 0 0
ST_DELIB 1007 32 1 2 3 10 1 0 0
ST_DELIB 1008 2 1 2 3 10 3 0 0
ST_DELIB 1009 312 1 2 3 10 1 0 0
ST_DELIB 1010 40 1 2 3 10 1 0 0
ST_DELIB 1011 22 1 2 3 10 1 0 0
ST_DELIB 1012 62 1 2 3 10 1 0 0
ST_DELIB 1013 314 1 2 3 10 1 0 0
ST_DELIB 1014 24 1 2 3 10 1 0 0
ST_DELIB 1015 70 1 2 3 10 1 0 0
ST_DELIB 1016 316 1 2 3 10 1 0 0
ST_DELIB 1017 32 1 2 3 10 1 0 0
ST_DELIB 1018 40 1 2 3 10 1 0 0
ST_DELIB 1019 317 1 2 3 10 1 0 0
ST_DELIB 1020 187 1 2 3 10 3 0 0
ST_DELIB 1021 319 1 2 3 10 1 0 0
ST_DELIB 1022 50 1 2 3 10 1 0 0
ST_DELIB 1023 50 1 2 3 10 1 0 0
ST_DELIB 1024 40 1 2 3 10 1 0 0
ST_DELIB 1025 53 1 2 3 10 1 0 0
ST_DELIB 1026 53 1 2 3 10 1 0 0
ST_DELIB 1027 80 1 2 3 10 1 0 0
ST_DELIB 1028 40 1 2 3 10 1 0 0
ST_DELIB 1029 40 1 2 3 10 1 0 0
ST_DELIB 1030 6 1 2 3 10 1 0 0
ST_DELIB 1031 6 1 2 3 10 1 0 0
ST_DELIB 1032 6 1 2 3 10 1 0 0
ST_DELIB 1033 2 1 2 3 10 3 0 0
ST_DELIB 1034 62 1 2 3 10 1 0 0
ST_DELIB 1035 62 1 2 3 10 1 0 0
ST_DELIB 1036 22 1 2 3 10 1 0 0
ST_DELIB 1037 70 1 2 3 10 1 0 0
ST_DELIB 1038 70 1 2 3 10 1 0 0
ST_DELIB 1039 24 1 2 3 10 1 0 0
ST_DELIB 1040 80 1 2 3 10 1 0 0
ST_DELIB 1041 80 1 2 3 10 1 0 0
ST_DELIB 1042 32 1 2 3 10 1 0 0
ST_DELIB 1043 32 1 2 3 10 1 0 0
ST_DELIB 1044 319 1 2 3 10 1 0 0
ST_DELIB 1045 187 1 2 3 10 3 0 0
ST_DELIB 1046 187 1 2 3 10 3 0 0
ST_DELIB 1047 6 1 2 3 10 1 0 0
ST_DELIB 1048 6 1 2 3 10 1 0 0
ST_DELIB 1049 6 1 2 3 10 1 0 0
ST_DELIB 1050 62 1 2 3 10 1 0 0
ST_DELIB 1051 62 1 2 3 10 1 0 0
ST_DELIB 1052 62 1 2 3 10 1 0 0
ST_DELIB 1053 62 1 2 3 10 1 0 0
ST_DELIB 1054 70 1 2 3 10 1 0 0
ST_DELIB 1055 70 1 2 3 10 1 0 0
ST_DELIB 1056 70 1 2 3 10 1 0 0
ST_DELIB 1057 80 1 2 3 10 1 0 0
ST_DELIB 1058 80 1 2 3 10 1 0 0
ST_DELIB 1059 80 1 2 3 10 1 0 0
ST_DELIB 1060 319 1 2 3 10 1 0 0
ST_DELIB 1061 319 1 2 3 10 1 0 0
ST_DELIB 1062 319 1 2 3 10 1 0 0
ST_DELIB 1063 319 1 2 3 10 1 0 0
ST_DELIB 1064 6 1 2 3 75 3 0 0
ST_DELIB 1065 6 1 2 3 10 3 0 0
ST_DELIB 1066 6 1 2 3 10 3 0 0
ST_DELIB 1067 32 1 2 3 75 3 0 0
ST_DELIB 1068 32 1 2 3 10 3 0 0
ST_DELIB 1069 32 1 2 3 10 3 0 0
ST_DELIB 1070 187 1 2 3 75 3 0 0
ST_DELIB 1071 187 1 2 3 10 3 0 0
ST_DELIB 1072 187 1 2 3 10 3 0 0
ST_DELIB 1073 187 1 2 3 10 3 0 0
ST_DELIB 1074 187 1 2 3 75 3 0 0
ST_DELIB 1075 187 1 2 3 10 3 0 0
ST_DELIB 1076 187 1 2 3 10 3 0 0
ST_DELIB 1077 187 1 2 3 75 3 0 0
ST_DELIB 1078 187 1 2 3 10 3 0 0
ST_DELIB 1079 187 1 2 3 10 3 0 0
ST_DELIB 1080 187 1 2 3 75 3 0 0
ST_DELIB 1081 187 1 2 3 10 3 0 0
ST_DELIB 1082 187 1 2 3 10 3 0 0
ST_DELIB 1083 187 1 2 3 10 3 0 0
ST_DELIB 1084 6 1 2 3 75 3 0 0
ST_DELIB 1085 6 1 2 3 10 3 0 0
ST_DELIB 1086 6 1 2 3 10 3 0 0
ST_DELIB 1087 32 1 2 3 75 3 0 0
ST_DELIB 1088 32 1 2 3 10 3 0 0
ST_DELIB 1089 32 1 2 3 10 3 0 0
ST_DELIB 1090 6 1 2 3 75 3 0 0
ST_DELIB 1091 6 1 2 3 10 3 0 0
ST_DELIB 1092 6 1 2 3 10 3 0 0
ST_DELIB 1093 6 1 2 3 10 3 0 0
ST_DELIB 1094 6 1 2 3 75 3 0 0
ST_DELIB 1095 6 1 2 3 10 3 0 0
ST_DELIB 1096 6 1 2 3 10 3 0 0
ST_DELIB 1097 6 1 2 3 75 3 0 0
ST_DELIB 1098 6 1 2 3 10 3 0 0
ST_DELIB 1099 6 1 2 3 10 3 0 0
ST_DELIB 1100 6 1 2 3 75 3 0 0
ST_DELIB 1101 6 1 2 3 10 3 0 0
ST_DELIB 1102 6 1 2 3 10 3 0 0
ST_DELIB 1103 6 1 2 3 10 3 0 0
ST_DELIB 1104 6 1 2 3 75 3 0 0
ST_DELIB 1105 6 1 2 3 10 3 0 0
ST_DELIB 1106 6 1 2 3 10 3 0 0
ST_DELIB 1107 6 1 2 3 75 3 0 0
ST_DELIB 1108 6 1 2 3 10 3 0 0
ST_DELIB 1109 6 1 2 3 10 3 0 0
ST_DELIB 1110 6 1 2 3 75 3 0 0
ST_DELIB 1111 6 1 2 3 10 3 0 0
ST_DELIB 1112 6 1 2 3 10 3 0 0
ST_DELIB 1113 6 1 2 3 10 3 0 0
ST_DELIB 1114 6 1 2 3 75 3 0 0
ST_DELIB 1115 6 1 2 3 10 3 0 0
ST_DELIB 1116 6 1 2 3 10 3 0 0
ST_DELIB 1117 6 1 2 3 75 3 0 0
ST_DELIB 1118 6 1 2 3 10 3 0 0
ST_DELIB 1119 6 1 2 3 10 3 0 0
ST_DELIB 1120 6 1 2 3 75 3 0 0
ST_DELIB 1121 6 1 2 3 10 3 0 0
ST_DELIB 1122 6 1 2 3 10 3 0 0
ST_DELIB 1123 6 1 2 3 10 3 0 0
ST_DELIB 1124 6 1 2 3 75 3 0 0
ST_DELIB 1125 6 1 2 3 10 3 0 0
ST_DELIB 1126 6 1 2 3 10 3 0 0
ST_DELIB 1127 6 1 2 3 75 3 0 0
ST_DELIB 1128 6 1 2 3 10 3 0 0
ST_DELIB 1129 6 1 2 3 10 3 0 0
ST_DELIB 1130 6 1 2 3 75 3 0 0
ST_DELIB 1131 6 1 2 3 10 3 0 0
ST_DELIB 1132 6 1 2 3 10 3 0 0
ST_DELIB 1133 6 1 2 3 10 3 0 0
ST_DELIB 1134 6 1 2 3 75 3 0 0
ST_DELIB 1135 6 1 2 3 10 3 0 0
ST_DELIB 1136 6 1 2 3 10 3 0 0
ST_DELIB 1137 6 1 2 3 75 3 0 0
ST_DELIB 1138 6 1 2 3 10 3 0 0
ST_DELIB 1139 6 1 2 3 10 3 0 0
ST_DELIB 1140 6 1 2 3 75 3 0 0
ST_DELIB 1141 6 1 2 3 10 3 0 0
ST_DELIB 1142 6 1 2 3 10 3 0 0
ST_DELIB 1143 6 1 2 3 10 3 0 0
ST_DELIB 1144 6 1 2 3 75 3 0 0
ST_DELIB 1145 6 1 2 3 10 3 0 0
ST_DELIB 1146 6 1 2 3 10 3 0 0
ST_DELIB 1147 6 1 2 3 75 3 0 0
ST_DELIB 1148 6 1 2 3 10 3 0 0
ST_DELIB 1149 6 1 2 3 10 3 0 0
ST_DELIB 1150 6 1 2 3 75 3 0 0
ST_DELIB 1151 6 1 2 3 10 3 0 0
ST_DELIB 1152 6 1 2 3 10 3 0 0
ST_DELIB 1153 6 1 2 3 10 3 0 0
ST_DELIB 1154 6 1 2 3 75 3 0 0
ST_DELIB 1155 6 1 2 3 10 3 0 0
ST_DELIB 1156 6 1 2 3 10 3 0 0
ST_DELIB 1157 6 1 2 3 75 3 0 0
ST_DELIB 1158 6 1 2 3 10 3 0 0
ST_DELIB 1159 6 1 2 3 10 3 0 0
ST_DELIB 1160 6 1 2 3 75 3 0 0
ST_DELIB 1161 6 1 2 3 10 3 0 0
ST_DELIB 1162 6 1 2 3 10 3 0 0
ST_DELIB 1163 6 1 2 3 10 3 0 0
ST_DELIB 1164 6 1 2 3 75 3 0 0
ST_DELIB 1165 6 1 2 3 10 3 0 0
ST_DELIB 1166 6 1 2 3 10 3 0 0
ST_DELIB 1167 6 1 2 3 75 3 0 0
ST_DELIB 1168 6 1 2 3 10 3 0 0
ST_DELIB 1169 6 1 2 3 10 3 0 0
ST_DELIB 1170 6 1 2 3 75 3 0 0
ST_DELIB 1171 6 1 2 3 10 3 0 0
ST_DELIB 1172 6 1 2 3 10 3 0 0
ST_DELIB 1173 6 1 2 3 10 3 0 0
ST_DELIB 1174 6 1 2 3 75 3 0 0
ST_DELIB 1175 6 1 2 3 10 3 0 0
ST_DELIB 1176 6 1 2 3 10 3 0 0
ST_DELIB 1177 6 1 2 3 75 3 0 0
ST_DELIB 1178 6 1 2 3 10 3 0 0
ST_DELIB 1179 6 1 2 3 10 3 0 0
ST_DELIB 1180 6 1 2 3 75 3 0 0
ST_DELIB 1181 6 1 2 3 10 3 0 0
ST_DELIB 1182 6 1 2 3 10 3 0 0
ST_DELIB 1183 6 1 2 3 10 3 0 0
ST_DELIB 1184 6 1 2 3 75 3 0 0
ST_DELIB 1185 6 1 2 3 10 3 0 0
ST_DELIB 1186 6 1 2 3 10 3 0 0
ST_DELIB 1187 6 1 2 3 75 3 0 0
ST_DELIB 1188 6 1 2 3 10 3 0 0
ST_DELIB 1189 6 1 2 3 10 3 0 0
ST_DELIB 1190 6 1 2 3 75 3 0 0
ST_DELIB 1191 6 1 2 3 10 3 0 0
ST_DELIB 1192 6 1 2 3 10 3 0 0
ST_DELIB 1193 6 1 2 3 10 3 0 0
ST_DELIB 1194 6 1 2 3 75 3 0 0
ST_DELIB 1195 6 1 2 3 10 3 0 0
ST_DELIB 1196 6 1 2 3 10 3 0 0
ST_DELIB 1197 6 1 2 3 75 3 0 0
ST_DELIB 1198 6 1 2 3 10 3 0 0
ST_DELIB 1199 6 1 2 3 10 3 0 0
ST_DELIB 1200 6 1 2 3 75 3 0 0
ST_DELIB 1201 6 1 2 3 10 3 0 0
ST_DELIB 1202 6 1 2 3 10 3 0 0
ST_DELIB 1203 6 1 2 3 10 3 0 0
ST_DELIB 1204 6 1 2 3 75 3 0 0
ST_DELIB 1205 6 1 2 3 10 3 0 0
ST_DELIB 1206 6 1 2 3 10 3 0 0
ST_DELIB 1207 6 1 2 3 75 3 0 0
ST_DELIB 1208 6 1 2 3 10 3 0 0
ST_DELIB 1209 6 1 2 3 10 3 0 0
ST_DELIB 1210 6 1 2 3 75 3 0 0
ST_DELIB 1211 6 1 2 3 10 3 0 0
ST_DELIB 1212 6 1 2 3 10 3 0 0
ST_DELIB 1213 6 1 2 3 10 3 0 0
ST_DELIB 1214 6 1 2 3 75 3 0 0
ST_DELIB 1215 6 1 2 3 10 3 0 0
ST_DELIB 1216 6 1 2 3 10 3 0 0
ST_DELIB 1217 6 1 2 3 75 3 0 0
ST_DELIB 1218 6 1 2 3 10 3 0 0
ST_DELIB 1219 6 1 2 3 10 3 0 0
ST_DELIB 1220 6 1 2 3 75 3 0 0
ST_DELIB 1221 6 1 2 3 10 3 0 0
ST_DELIB 1222 6 1 2 3 10 3 0 0
ST_DELIB 1223 6 1 2 3 10 3 0 0
ST_DELIB 1224 6 1 2 3 75 3 0 0
ST_DELIB 1225 6 1 2 3 10 3 0 0
ST_DELIB 1226 6 1 2 3 10 3 0 0
ST_DELIB 1227 6 1 2 3 75 3 0 0
ST_DELIB 1228 6 1 2 3 10 3 0 0
ST_DELIB 1229 6 1 2 3 10 3 0 0
ST_DELIB 1230 6 1 2 3 75 3 0 0
ST_DELIB 1231 6 1 2 3 10 3 0 0
ST_DELIB 1232 6 1 2 3 10 3 0 0
ST_DELIB 1233 6 1 2 3 10 3 0 0
ST_DELIB 1234 6 1 2 3 75 3 0 0
ST_DELIB 1235 6 1 2 3 10 3 0 0
ST_DELIB 1236 6 1 2 3 10 3 0 0
ST_DELIB 1237 6 1 2 3 75 3 0 0
ST_DELIB 1238 6 1 2 3 10 3 0 0
ST_DELIB 1239 6 1 2 3 10 3 0 0
ST_DELIB 1240 6 1 2 3 75 3 0 0
ST_DELIB 1241 6 1 2 3 10 3 0 0
ST_DELIB 1242 6 1 2 3 10 3 0 0
ST_DELIB 1243 6 1 2 3 10 3 0 0
ST_DELIB 1244 6 1 2 3 75 3 0 0
ST_DELIB 1245 6 1 2 3 10 3 0 0
ST_DELIB 1246 6 1 2 3 10 3 0 0
ST_DELIB 1247 6 1 2 3 75 3 0 0
ST_DELIB 1248 6 1 2 3 10 3 0 0
ST_DELIB 1249 6 1 2 3 10 3 0 0
ST_TS 1250 320 1893 0 1324 0 934 2 317 375 0 0 0 2 0 0 0
ST_DELIB 1250 6 1 2 3 75 3 0 0
ST_DELIB 1251 6 1 2 3 10 3 0 0
ST_DELIB 1252 6 1 2 3 10 3 0 0
ST_DELIB 1253 6 1 2 3 10 3 0 0
ST_DELIB 1254 6 1 2 3 75 3 0 0
ST_DELIB 1255 6 1 2 3 10 3 0 0
ST_DELIB 1256 6 1 2 3 10 3 0 0
ST_DELIB 1257 6 1 2 3 75 3 0 0
ST_DELIB 1258 6 1 2 3 10 3 0 0
ST_DELIB 1259 6 1 2 3 10 3 0 0
ST_DELIB 1260 6 1 2 3 75 3 0 0
ST_DELIB 1261 6 1 2 3 10 3 0 0
ST_DELIB 1262 6 1 2 3 10 3 0 0
ST_DELIB 1263 6 1 2 3 10 3 0 0
ST_DELIB 1264 6 1 2 3 75 3 0 0
ST_DELIB 1265 6 1 2 3 10 3 0 0
ST_DELIB 1266 6 1 2 3 10 3 0 0
ST_DELIB 1267 6 1 2 3 75 3 0 0
ST_DELIB 1268 6 1 2 3 10 3 0 0
ST_DELIB 1269 6 1 2 3 10 3 0 0
ST_DELIB 1270 6 1 2 3 75 3 0 0
ST_DELIB 1271 6 1 2 3 10 3 0 0
ST_DELIB 1272 6 1 2 3 10 3 0 0
ST_DELIB 1273 6 1 2 3 10 3 0 0
ST_DELIB 1274 6 1 2 3 75 3 0 0
ST_DELIB 1275 6 1 2 3 10 3 0 0
ST_DELIB 1276 6 1 2 3 10 3 0 0
ST_DELIB 1277 6 1 2 3 75 3 0 0
ST_DELIB 1278 6 1 2 3 10 3 0 0
ST_DELIB 1279 6 1 2 3 10 3 0 0
ST_DELIB 1280 6 1 2 3 75 3 0 0
ST_DELIB 1281 6 1 2 3 10 3 0 0
ST_DELIB 1282 6 1 2 3 10 3 0 0
ST_DELIB 1283 6 1 2 3 10 3 0 0
ST_DELIB 1284 6 1 2 3 75 3 0 0
ST_DELIB 1285 6 1 2 3 10 3 0 0
ST_DELIB 1286 6 1 2 3 10 3 0 0
ST_DELIB 1287 6 1 2 3 75 3 0 0
ST_DELIB 1288 6 1 2 3 10 3 0 0
ST_DELIB 1289 6 1 2 3 10 3 0 0
ST_DELIB 1290 6 1 2 3 75 3 0 0
ST_DELIB 1291 6 1 2 3 10 3 0 0
ST_DELIB 1292 6 1 2 3 10 3 0 0
ST_DELIB 1293 6 1 2 3 10 3 0 0
ST_DELIB 1294 6 1 2 3 75 3 0 0
ST_DELIB 1295 6 1 2 3 10 3 0 0
ST_DELIB 1296 6 1 2 3 10 3 0 0
ST_DELIB 1297 6 1 2 3 75 3 0 0
ST_DELIB 1298 6 1 2 3 10 3 0 0
ST_DELIB 1299 6 1 2 3 10 3 0 0
ST_DELIB 1300 6 1 2 3 75 3 0 0
ST_DELIB 1301 6 1 2 3 10 3 0 0
ST_DELIB 1302 6 1 2 3 10 3 0 0
ST_DELIB 1303 6 1 2 3 10 3 0 0
ST_DELIB 1304 6 1 2 3 75 3 0 0
ST_DELIB 1305 6 1 2 3 10 3 0 0
ST_DELIB 1306 6 1 2 3 10 3 0 0
ST_DELIB 1307 6 1 2 3 75 3 0 0
ST_DELIB 1308 6 1 2 3 10 3 0 0
ST_DELIB 1309 6 1 2 3 10 3 0 0
ST_DELIB 1310 6 1 2 3 75 3 0 0
ST_DELIB 1311 6 1 2 3 10 3 0 0
ST_DELIB 1312 6 1 2 3 10 3 0 0
ST_DELIB 1313 6 1 2 3 10 3 0 0
ST_DELIB 1314 6 1 2 3 75 3 0 0
ST_DELIB 1315 6 1 2 3 10 3 0 0
ST_DELIB 1316 6 1 2 3 10 3 0 0
ST_DELIB 1317 6 1 2 3 75 3 0 0
ST_DELIB 1318 6 1 2 3 10 3 0 0
ST_DELIB 1319 6 1 2 3 10 3 0 0
ST_DELIB 1320 6 1 2 3 75 3 0 0
ST_DELIB 1321 6 1 2 3 10 3 0 0
ST_DELIB 1322 6 1 2 3 10 3 0 0
ST_DELIB 1323 6 1 2 3 10 3 0 0
ST_DELIB 1324 6 1 2 3 75 3 0 0
ST_DELIB 1325 6 1 2 3 10 3 0 0
ST_DELIB 1326 6 1 2 3 10 3 0 0
ST_DELIB 1327 6 1 2 3 75 3 0 0
ST_DELIB 1328 6 1 2 3 10 3 0 0
ST_DELIB 1329 6 1 2 3 10 3 0 0
ST_DELIB 1330 6 1 2 3 75 3 0 0
ST_DELIB 1331 6 1 2 3 10 3 0 0
ST_DELIB 1332 6 1 2 3 10 3 0 0
ST_DELIB 1333 6 1 2 3 10 3 0 0
ST_DELIB 1334 6 1 2 3 75 3 0 0
ST_DELIB 1335 6 1 2 3 10 3 0 0
ST_DELIB 1336 6 1 2 3 10 3 0 0
ST_DELIB 1337 6 1 2 3 75 3 0 0
ST_DELIB 1338 6 1 2 3 10 3 0 0
ST_DELIB 1339 6 1 2 3 10 3 0 0
ST_DELIB 1340 6 1 2 3 75 3 0 0
ST_DELIB 1341 6 1 2 3 10 3 0 0
ST_DELIB 1342 6 1 2 3 10 3 0 0
ST_DELIB 1343 6 1 2 3 10 3 0 0
ST_DELIB 1344 6 1 2 3 75 3 0 0
ST_DELIB 1345 6 1 2 3 10 3 0 0
ST_DELIB 1346 6 1 2 3 10 3 0 0
ST_DELIB 1347 6 1 2 3 75 3 0 0
ST_DELIB 1348 6 1 2 3 10 3 0 0
ST_DELIB 1349 6 1 2 3 10 3 0 0
ST_DELIB 1350 6 1 2 3 75 3 0 0
ST_DELIB 1351 6 1 2 3 10 3 0 0
ST_DELIB 1352 6 1 2 3 10 3 0 0
ST_DELIB 1353 6 1 2 3 10 3 0 0
ST_DELIB 1354 6 1 2 3 75 3 0 0
ST_DELIB 1355 6 1 2 3 10 3 0 0
ST_DELIB 1356 6 1 2 3 10 3 0 0
ST_DELIB 1357 6 1 2 3 75 3 0 0
ST_DELIB 1358 6 1 2 3 10 3 0 0
ST_DELIB 1359 6 1 2 3 10 3 0 0
ST_DELIB 1360 6 1 2 3 75 3 0 0
ST_DELIB 1361 6 1 2 3 10 3 0 0
ST_DELIB 1362 6 1 2 3 10 3 0 0
ST_DELIB 1363 6 1 2 3 10 3 0 0
ST_DELIB 1364 6 1 2 3 75 3 0 0
ST_DELIB 1365 6 1 2 3 10 3 0 0
ST_DELIB 1366 6 1 2 3 10 3 0 0
ST_DELIB 1367 6 1 2 3 75 3 0 0
ST_DELIB 1368 6 1 2 3 10 3 0 0
ST_DELIB 1369 6 1 2 3 10 3 0 0
ST_DELIB 1370 6 1 2 3 75 3 0 0
ST_DELIB 1371 6 1 2 3 10 3 0 0
ST_DELIB 1372 6 1 2 3 10 3 0 0
ST_DELIB 1373 6 1 2 3 10 3 0 0
ST_DELIB 1374 6 1 2 3 75 3 0 0
ST_DELIB 1375 6 1 2 3 10 3 0 0
ST_DELIB 1376 6 1 2 3 10 3 0 0
ST_DELIB 1377 6 1 2 3 75 3 0 0
ST_DELIB 1378 6 1 2 3 10 3 0 0
ST_DELIB 1379 6 1 2 3 10 3 0 0
ST_DELIB 1380 6 1 2 3 75 3 0 0
ST_DELIB 1381 6 1 2 3 10 3 0 0
ST_DELIB 1382 6 1 2 3 10 3 0 0
ST_DELIB 1383 6 1 2 3 10 3 0 0
ST_DELIB 1384 6 1 2 3 75 3 0 0
ST_DELIB 1385 6 1 2 3 10 3 0 0
ST_DELIB 1386 6 1 2 3 10 3 0 0
ST_DELIB 1387 6 1 2 3 75 3 0 0
ST_DELIB 1388 6 1 2 3 10 3 0 0
ST_DELIB 1389 6 1 2 3 10 3 0 0
ST_DELIB 1390 6 1 2 3 75 3 0 0
ST_DELIB 1391 6 1 2 3 10 3 0 0
ST_DELIB 1392 6 1 2 3 10 3 0 0
ST_DELIB 1393 6 1 2 3 10 3 0 0
ST_DELIB 1394 6 1 2 3 75 3 0 0
ST_DELIB 1395 6 1 2 3 10 3 0 0
ST_DELIB 1396 6 1 2 3 10 3 0 0
ST_DELIB 1397 6 1 2 3 75 3 0 0
ST_DELIB 1398 6 1 2 3 10 3 0 0
ST_DELIB 1399 6 1 2 3 10 3 0 0
ST_DELIB 1400 6 1 2 3 75 3 0 0
ST_DELIB 1401 6 1 2 3 10 3 0 0
ST_DELIB 1402 6 1 2 3 10 3 0 0
ST_DELIB 1403 6 1 2 3 10 3 0 0
ST_DELIB 1404 6 1 2 3 75 3 0 0
ST_DELIB 1405 6 1 2 3 10 3 0 0
ST_DELIB 1406 6 1 2 3 10 3 0 0
ST_DELIB 1407 6 1 2 3 75 3 0 0
ST_DELIB 1408 6 1 2 3 10 3 0 0
ST_DELIB 1409 6 1 2 3 10 3 0 0
ST_DELIB 1410 6 1 2 3 75 3 0 0
ST_DELIB 1411 6 1 2 3 10 3 0 0
ST_DELIB 1412 6 1 2 3 10 3 0 0
ST_DELIB 1413 6 1 2 3 10 3 0 0
ST_DELIB 1414 6 1 2 3 75 3 0 0
ST_DELIB 1415 6 1 2 3 10 3 0 0
ST_DELIB 1416 6 1 2 3 10 3 0 0
ST_DELIB 1417 6 1 2 3 75 3 0 0
ST_DELIB 1418 6 1 2 3 10 3 0 0
ST_DELIB 1419 6 1 2 3 10 3 0 0
ST_DELIB 1420 6 1 2 3 75 3 0 0
ST_DELIB 1421 6 1 2 3 10 3 0 0
ST_DELIB 1422 6 1 2 3 10 3 0 0
ST_DELIB 1423 6 1 2 3 10 3 0 0
ST_DELIB 1424 6 1 2 3 75 3 0 0
ST_DELIB 1425 6 1 2 3 10 3 0 0
ST_DELIB 1426 6 1 2 3 10 3 0 0
ST_DELIB 1427 6 1 2 3 75 3 0 0
ST_DELIB 1428 6 1 2 3 10 3 0 0
ST_DELIB 1429 6 1 2 3 10 3 0 0
ST_DELIB 1430 6 1 2 3 75 3 0 0
ST_DELIB 1431 6 1 2 3 10 3 0 0
ST_DELIB 1432 6 1 2 3 10 3 0 0
ST_DELIB 1433 6 1 2 3 10 3 0 0
ST_DELIB 1434 6 1 2 3 75 3 0 0
ST_DELIB 1435 6 1 2 3 10 3 0 0
ST_DELIB 1436 6 1 2 3 10 3 0 0
ST_DELIB 1437 6 1 2 3 75 3 0 0
ST_DELIB 1438 6 1 2 3 10 3 0 0
ST_DELIB 1439 6 1 2 3 10 3 0 0
ST_DELIB 1440 6 1 2 3 75 3 0 0
ST_DELIB 1441 6 1 2 3 10 3 0 0
ST_DELIB 1442 6 1 2 3 10 3 0 0
ST_DELIB 1443 6 1 2 3 10 3 0 0
ST_DELIB 1444 6 1 2 3 75 3 0 0
ST_DELIB 1445 6 1 2 3 10 3 0 0
ST_DELIB 1446 6 1 2 3 10 3 0 0
ST_DELIB 1447 6 1 2 3 75 3 0 0
ST_DELIB 1448 6 1 2 3 10 3 0 0
ST_DELIB 1449 6 1 2 3 10 3 0 0
ST_DELIB 1450 6 1 2 3 75 3 0 0
ST_DELIB 1451 6 1 2 3 10 3 0 0
ST_DELIB 1452 6 1 2 3 10 3 0 0
ST_DELIB 1453 6 1 2 3 10 3 0 0
ST_DELIB 1454 6 1 2 3 75 3 0 0
ST_DELIB 1455 6 1 2 3 10 3 0 0
ST_DELIB 1456 6 1 2 3 10 3 0 0
ST_DELIB 1457 6 1 2 3 75 3 0 0
ST_DELIB 1458 6 1 2 3 10 3 0 0
ST_DELIB 1459 6 1 2 3 10 3 0 0
ST_DELIB 1460 6 1 2 3 75 3 0 0
ST_DELIB 1461 6 1 2 3 10 3 0 0
ST_DELIB 1462 6 1 2 3 10 3 0 0
ST_DELIB 1463 6 1 2 3 10 3 0 0
ST_DELIB 1464 6 1 2 3 75 3 0 0
ST_DELIB 1465 6 1 2 3 10 3 0 0
ST_DELIB 1466 6 1 2 3 10 3 0 0
ST_DELIB 1467 6 1 2 3 75 3 0 0
ST_DELIB 1468 6 1 2 3 10 3 0 0
ST_DELIB 1469 6 1 2 3 10 3 0 0
ST_DELIB 1470 6 1 2 3 75 3 0 0
ST_DELIB 1471 6 1 2 3 10 3 0 0
ST_DELIB 1472 6 1 2 3 10 3 0 0
ST_DELIB 1473 6 1 2 3 10 3 0 0
ST_DELIB 1474 6 1 2 3 75 3 0 0
ST_DELIB 1475 6 1 2 3 10 3 0 0
ST_DELIB 1476 6 1 2 3 10 3 0 0
ST_DELIB 1477 6 1 2 3 75 3 0 0
ST_DELIB 1478 6 1 2 3 10 3 0 0
ST_DELIB 1479 6 1 2 3 10 3 0 0
ST_DELIB 1480 6 1 2 3 75 3 0 0
ST_DELIB 1481 6 1 2 3 10 3 0 0
ST_DELIB 1482 6 1 2 3 10 3 0 0
ST_DELIB 1483 6 1 2 3 10 3 0 0
ST_DELIB 1484 6 1 2 3 75 3 0 0
ST_DELIB 1485 6 1 2 3 10 3 0 0
ST_DELIB 1486 6 1 2 3 10 3 0 0
ST_DELIB 1487 6 1 2 3 75 3 0 0
ST_DELIB 1488 6 1 2 3 10 3 0 0
ST_DELIB 1489 6 1 2 3 10 3 0 0
ST_DELIB 1490 6 1 2 3 75 3 0 0
ST_DELIB 1491 6 1 2 3 10 3 0 0
ST_DELIB 1492 6 1 2 3 10 3 0 0
ST_DELIB 1493 6 1 2 3 10 3 0 0
ST_DELIB 1494 6 1 2 3 75 3 0 0
ST_DELIB 1495 6 1 2 3 10 3 0 0
ST_DELIB 1496 6 1 2 3 10 3 0 0
ST_DELIB 1497 6 1 2 3 75 3 0 0
ST_DELIB 1498 6 1 2 3 10 3 0 0
ST_DELIB 1499 6 1 2 3 10 3 0 0
ST_TS 1500 320 2143 0 2074 0 1184 2 317 450 0 0 0 2 0 0 0
ST_DELIB 1500 6 1 2 3 75 3 0 0
ST_DELIB 1501 6 1 2 3 10 3 0 0
ST_DELIB 1502 6 1 2 3 10 3 0 0
ST_DELIB 1503 6 1 2 3 10 3 0 0
ST_DELIB 1504 6 1 2 3 75 3 0 0
ST_DELIB 1505 6 1 2 3 10 3 0 0
ST_DELIB 1506 6 1 2 3 10 3 0 0
ST_DELIB 1507 6 1 2 3 75 3 0 0
ST_DELIB 1508 6 1 2 3 10 3 0 0
ST_DELIB 1509 6 1 2 3 10 3 0 0
ST_DELIB 1510 6 1 2 3 75 3 0 0
ST_DELIB 1511 6 1 2 3 10 3 0 0
ST_DELIB 1512 6 1 2 3 10 3 0 0
ST_DELIB 1513 6 1 2 3 10 3 0 0
ST_DELIB 1514 6 1 2 3 75 3 0 0
ST_DELIB 1515 6 1 2 3 10 3 0 0
ST_DELIB 1516 6 1 2 3 10 3 0 0
ST_DELIB 1517 6 1 2 3 75 3 0 0
ST_DELIB 1518 6 1 2 3 10 3 0 0
ST_DELIB 1519 6 1 2 3 10 3 0 0
ST_DELIB 1520 6 1 2 3 75 3 0 0
ST_DELIB 1521 6 1 2 3 10 3 0 0
ST_DELIB 1522 6 1 2 3 10 3 0 0
ST_DELIB 1523 6 1 2 3 10 3 0 0
ST_DELIB 1524 6 1 2 3 75 3 0 0
ST_DELIB 1525 6 1 2 3 10 3 0 0
ST_DELIB 1526 6 1 2 3 10 3 0 0
ST_DELIB 1527 6 1 2 3 75 3 0 0
ST_DELIB 1528 6 1 2 3 10 3 0 0
ST_DELIB 1529 6 1 2 3 10 3 0 0
ST_DELIB 1530 6 1 2 3 75 3 0 0
ST_DELIB 1531 6 1 2 3 10 3 0 0
ST_DELIB 1532 6 1 2 3 10 3 0 0
ST_DELIB 1533 6 1 2 3 10 3 0 0
ST_DELIB 1534 6 1 2 3 75 3 0 0
ST_DELIB 1535 6 1 2 3 10 3 0 0
ST_DELIB 1536 6 1 2 3 10 3 0 0
ST_DELIB 1537 6 1 2 3 75 3 0 0
ST_DELIB 1538 6 1 2 3 10 3 0 0
ST_DELIB 1539 6 1 2 3 10 3 0 0
ST_DELIB 1540 6 1 2 3 75 3 0 0
ST_DELIB 1541 6 1 2 3 10 3 0 0
ST_DELIB 1542 6 1 2 3 10 3 0 0
ST_DELIB 1543 6 1 2 3 10 3 0 0
ST_DELIB 1544 6 1 2 3 75 3 0 0
ST_DELIB 1545 6 1 2 3 10 3 0 0
ST_DELIB 1546 6 1 2 3 10 3 0 0
ST_DELIB 1547 6 1 2 3 75 3 0 0
ST_DELIB 1548 6 1 2 3 10 3 0 0
ST_DELIB 1549 6 1 2 3 10 3 0 0
ST_DELIB 1550 6 1 2 3 75 3 0 0
ST_DELIB 1551 6 1 2 3 10 3 0 0
ST_DELIB 1552 6 1 2 3 10 3 0 0
ST_DELIB 1553 6 1 2 3 10 3 0 0
ST_DELIB 1554 6 1 2 3 75 3 0 0
ST_DELIB 1555 6 1 2 3 10 3 0 0
ST_DELIB 1556 6 1 2 3 10 3 0 0
ST_DELIB 1557 6 1 2 3 75 3 0 0
ST_DELIB 1558 6 1 2 3 10 3 0 0
ST_DELIB 1559 6 1 2 3 10 3 0 0
ST_DELIB 1560 6 1 2 3 75 3 0 0
ST_DELIB 1561 6 1 2 3 10 3 0 0
ST_DELIB 1562 6 1 2 3 10 3 0 0
ST_DELIB 1563 6 1 2 3 10 3 0 0
ST_DELIB 1564 6 1 2 3 75 3 0 0
ST_DELIB 1565 6 1 2 3 10 3 0 0
ST_DELIB 1566 6 1 2 3 10 3 0 0
ST_DELIB 1567 6 1 2 3 75 3 0 0
ST_DELIB 1568 6 1 2 3 10 3 0 0
ST_DELIB 1569 6 1 2 3 10 3 0 0
ST_DELIB 1570 6 1 2 3 75 3 0 0
ST_DELIB 1571 6 1 2 3 10 3 0 0
ST_DELIB 1572 6 1 2 3 10 3 0 0
ST_DELIB 1573 6 1 2 3 10 3 0 0
ST_DELIB 1574 6 1 2 3 75 3 0 0
ST_DELIB 1575 6 1 2 3 10 3 0 0
ST_DELIB 1576 6 1 2 3 10 3 0 0
ST_DELIB 1577 6 1 2 3 75 3 0 0
ST_DELIB 1578 6 1 2 3 10 3 0 0
ST_DELIB 1579 6 1 2 3 10 3 0 0
ST_DELIB 1580 6 1 2 3 75 3 0 0
ST_DELIB 1581 6 1 2 3 10 3 0 0
ST_DELIB 1582 6 1 2 3 10 3 0 0
ST_DELIB 1583 6 1 2 3 10 3 0 0
ST_DELIB 1584 6 1 2 3 75 3 0 0
ST_DELIB 1585 6 1 2 3 10 3 0 0
ST_DELIB 1586 6 1 2 3 10 3 0 0
ST_DELIB 1587 6 1 2 3 75 3 0 0
ST_DELIB 1588 6 1 2 3 10 3 0 0
ST_DELIB 1589 6 1 2 3 10 3 0 0
ST_DELIB 1590 6 1 2 3 75 3 0 0
ST_DELIB 1591 6 1 2 3 10 3 0 0
ST_DELIB 1592 6 1 2 3 10 3 0 0
ST_DELIB 1593 6 1 2 3 10 3 0 0
ST_DELIB 1594 6 1 2 3 75 3 0 0
ST_DELIB 1595 6 1 2 3 10 3 0 0
ST_DELIB 1596 6 1 2 3 10 3 0 0
ST_DELIB 1597 6 1 2 3 75 3 0 0
ST_DELIB 1598 6 1 2 3 10 3 0 0
ST_DELIB 1599 6 1 2 3 10 3 0 0
ST_DELIB 1600 6 1 2 3 75 3 0 0
ST_DELIB 1601 6 1 2 3 10 3 0 0
ST_DELIB 1602 6 1 2 3 10 3 0 0
ST_DELIB 1603 6 1 2 3 10 3 0 0
ST_DELIB 1604 6 1 2 3 75 3 0 0
ST_DELIB 1605 6 1 2 3 10 3 0 0
ST_DELIB 1606 6 1 2 3 10 3 0 0
ST_DELIB 1607 6 1 2 3 75 3 0 0
ST_DELIB 1608 6 1 2 3 10 3 0 0
ST_DELIB 1609 6 1 2 3 10 3 0 0
ST_DELIB 1610 6 1 2 3 75 3 0 0
ST_DELIB 1611 6 1 2 3 10 3 0 0
ST_DELIB 1612 6 1 2 3 10 3 0 0
ST_DELIB 1613 6 1 2 3 10 3 0 0
ST_DELIB 1614 6 1 2 3 75 3 0 0
ST_DELIB 1615 6 1 2 3 10 3 0 0
ST_DELIB 1616 6 1 2 3 10 3 0 0
ST_DELIB 1617 6 1 2 3 75 3 0 0
ST_DELIB 1618 6 1 2 3 10 3 0 0
ST_DELIB 1619 6 1 2 3 10 3 0 0
ST_DELIB 1620 6 1 2 3 75 3 0 0
ST_DELIB 1621 6 1 2 3 10 3 0 0
ST_DELIB 1622 6 1 2 3 10 3 0 0
ST_DELIB 1623 6 1 2 3 10 3 0 0
ST_DELIB 1624 6 1 2 3 75 3 0 0
ST_DELIB 1625 6 1 2 3 10 3 0 0
ST_DELIB 1626 6 1 2 3 10 3 0 0
ST_DELIB 1627 6 1 2 3 75 3 0 0
ST_DELIB 1628 6 1 2 3 10 3 0 0
ST_DELIB 1629 6 1 2 3 10 3 0 0
ST_DELIB 1630 6 1 2 3 75 3 0 0
ST_DELIB 1631 6 1 2 3 10 3 0 0
ST_DELIB 1632 6 1 2 3 10 3 0 0
ST_DELIB 1633 6 1 2 3 10 3 0 0
ST_DELIB 1634 6 1 2 3 75 3 0 0
ST_DELIB 1635 6 1 2 3 10 3 0 0
ST_DELIB 1636 6 1 2 3 10 3 0 0
ST_DELIB 1637 6 1 2 3 75 3 0 0
ST_DELIB 1638 6 1 2 3 10 3 0 0
ST_DELIB 1639 6 1 2 3 10 3 0 0
ST_DELIB 1640 6 1 2 3 75 3 0 0
ST_DELIB 1641 6 1 2 3 10 3 0 0
ST_DELIB 1642 6 1 2 3 10 3 0 0
ST_DELIB 1643 6 1 2 3 10 3 0 0
ST_DELIB 1644 6 1 2 3 75 3 0 0
ST_DELIB 1645 6 1 2 3 10 3 0 0
ST_DELIB 1646 6 1 2 3 10 3 0 0
ST_DELIB 1647 6 1 2 3 75 3 0 0
ST_DELIB 1648 6 1 2 3 10 3 0 0
ST_DELIB 1649 6 1 2 3 10 3 0 0
ST_DELIB 1650 6 1 2 3 75 3 0 0
ST_DELIB 1651 6 1 2 3 10 3 0 0
ST_DELIB 1652 6 1 2 3 10 3 0 0
ST_DELIB 1653 6 1 2 3 10 3 0 0
ST_DELIB 1654 6 1 2 3 75 3 0 0
ST_DELIB 1655 6 1 2 3 10 3 0 0
ST_DELIB 1656 6 1 2 3 10 3 0 0
ST_DELIB 1657 6 1 2 3 75 3 0 0
ST_DELIB 1658 6 1 2 3 10 3 0 0
ST_DELIB 1659 6 1 2 3 10 3 0 0
ST_DELIB 1660 6 1 2 3 75 3 0 0
ST_DELIB 1661 6 1 2 3 10 3 0 0
ST_DELIB 1662 6 1 2 3 10 3 0 0
ST_DELIB 1663 6 1 2 3 10 3 0 0
ST_DELIB 1664 6 1 2 3 75 3 0 0
ST_DELIB 1665 6 1 2 3 10 3 0 0
ST_DELIB 1666 6 1 2 3 10 3 0 0
ST_DELIB 1667 6 1 2 3 75 3 0 0
ST_DELIB 1668 6 1 2 3 10 3 0 0
ST_DELIB 1669 6 1 2 3 10 3 0 0
ST_DELIB 1670 6 1 2 3 75 3 0 0
ST_DELIB 1671 6 1 2 3 10 3 0 0
ST_DELIB 1672 6 1 2 3 10 3 0 0
ST_DELIB 1673 6 1 2 3 10 3 0 0
ST_DELIB 1674 6 1 2 3 75 3 0 0
ST_DELIB 1675 6 1 2 3 10 3 0 0
ST_DELIB 1676 6 1 2 3 10 3 0 0
ST_DELIB 1677 6 1 2 3 75 3 0 0
ST_DELIB 1678 6 1 2 3 10 3 0 0
ST_DELIB 1679 6 1 2 3 10 3 0 0
ST_DELIB 1680 6 1 2 3 75 3 0 0
ST_DELIB 1681 6 1 2 3 10 3 0 0
ST_DELIB 1682 6 1 2 3 10 3 0 0
ST_DELIB 1683 6 1 2 3 10 3 0 0
ST_DELIB 1684 6 1 2 3 75 3 0 0
ST_DELIB 1685 6 1 2 3 10 3 0 0
ST_DELIB 1686 6 1 2 3 10 3 0 0
ST_DELIB 1687 6 1 2 3 75 3 0 0
ST_DELIB 1688 6 1 2 3 10 3 0 0
ST_DELIB 1689 6 1 2 3 10 3 0 0
ST_DELIB 1690 6 1 2 3 75 3 0 0
ST_DELIB 1691 6 1 2 3 10 3 0 0
ST_DELIB 1692 6 1 2 3 10 3 0 0
ST_DELIB 1693 6 1 2 3 10 3 0 0
ST_DELIB 1694 6 1 2 3 75 3 0 0
ST_DELIB 1695 6 1 2 3 10 3 0 0
ST_DELIB 1696 6 1 2 3 10 3 0 0
ST_DELIB 1697 6 1 2 3 75 3 0 0
ST_DELIB 1698 6 1 2 3 10 3 0 0
ST_DELIB 1699 6 1 2 3 10 3 0 0
ST_DELIB 1700 6 1 2 3 75 3 0 0
ST_DELIB 1701 6 1 2 3 10 3 0 0
ST_DELIB 1702 6 1 2 3 10 3 0 0
ST_DELIB 1703 6 1 2 3 10 3 0 0
ST_DELIB 1704 6 1 2 3 75 3 0 0
ST_DELIB 1705 6 1 2 3 10 3 0 0
ST_DELIB 1706 6 1 2 3 10 3 0 0
ST_DELIB 1707 6 1 2 3 75 3 0 0
ST_DELIB 1708 6 1 2 3 10 3 0 0
ST_DELIB 1709 6 1 2 3 10 3 0 0
ST_DELIB 1710 6 1 2 3 75 3 0 0
ST_DELIB 1711 6 1 2 3 10 3 0 0
ST_DELIB 1712 6 1 2 3 10 3 0 0
ST_DELIB 1713 6 1 2 3 10 3 0 0
ST_DELIB 1714 6 1 2 3 75 3 0 0
ST_DELIB 1715 6 1 2 3 10 3 0 0
ST_DELIB 1716 6 1 2 3 10 3 0 0
ST_DELIB 1717 6 1 2 3 75 3 0 0
ST_DELIB 1718 6 1 2 3 10 3 0 0
ST_DELIB 1719 6 1 2 3 10 3 0 0
ST_DELIB 1720 6 1 2 3 75 3 0 0
ST_DELIB 1721 6 1 2 3 10 3 0 0
ST_DELIB 1722 6 1 2 3 10 3 0 0
ST_DELIB 1723 6 1 2 3 10 3 0 0
ST_DELIB 1724 6 1 2 3 75 3 0 0
ST_DELIB 1725 6 1 2 3 10 3 0 0
ST_DELIB 1726 6 1 2 3 10 3 0 0
ST_DELIB 1727 6 1 2 3 75 3 0 0
ST_DELIB 1728 6 1 2 3 10 3 0 0
ST_DELIB 1729 6 1 2 3 10 3 0 0
ST_DELIB 1730 6 1 2 3 75 3 0 0
ST_DELIB 1731 6 1 2 3 10 3 0 0
ST_DELIB 1732 6 1 2 3 10 3 0 0
ST_DELIB 1733 6 1 2 3 10 3 0 0
ST_DELIB 1734 6 1 2 3 75 3 0 0
ST_DELIB 1735 6 1 2 3 10 3 0 0
ST_DELIB 1736 6 1 2 3 10 3 0 0
ST_DELIB 1737 6 1 2 3 75 3 0 0
ST_DELIB 1738 6 1 2 3 10 3 0 0
ST_DELIB 1739 6 1 2 3 10 3 0 0
ST_DELIB 1740 6 1 2 3 75 3 0 0
ST_DELIB 1741 6 1 2 3 10 3 0 0
ST_DELIB 1742 6 1 2 3 10 3 0 0
ST_DELIB 1743 6 1 2 3 10 3 0 0
ST_DELIB 1744 6 1 2 3 75 3 0 0
ST_DELIB 1745 6 1 2 3 10 3 0 0
ST_DELIB 1746 6 1 2 3 10 3 0 0
ST_DELIB 1747 6 1 2 3 75 3 0 0
ST_DELIB 1748 6 1 2 3 10 3 0 0
ST_DELIB 1749 6 1 2 3 10 3 0 0
ST_TS 1750 320 2393 0 2824 0 1434 2 317 525 0 0 0 3 0 0 0
ST_DELIB 1750 6 1 2 3 75 3 0 0
ST_DELIB 1751 6 1 2 3 10 3 0 0
ST_DELIB 1752 6 1 2 3 10 3 0 0
ST_DELIB 1753 6 1 2 3 10 3 0 0
ST_DELIB 1754 6 1 2 3 75 3 0 0
ST_DELIB 1755 6 1 2 3 10 3 0 0
ST_DELIB 1756 6 1 2 3 10 3 0 0
ST_DELIB 1757 6 1 2 3 75 3 0 0
ST_DELIB 1758 6 1 2 3 10 3 0 0
ST_DELIB 1759 6 1 2 3 10 3 0 0
ST_DELIB 1760 6 1 2 3 75 3 0 0
ST_DELIB 1761 6 1 2 3 10 3 0 0
ST_DELIB 1762 6 1 2 3 10 3 0 0
ST_DELIB 1763 6 1 2 3 10 3 0 0
ST_DELIB 1764 6 1 2 3 75 3 0 0
ST_DELIB 1765 6 1 2 3 10 3 0 0
ST_DELIB 1766 6 1 2 3 10 3 0 0
ST_DELIB 1767 6 1 2 3 75 3 0 0
ST_DELIB 1768 6 1 2 3 10 3 0 0
ST_DELIB 1769 6 1 2 3 10 3 0 0
ST_DELIB 1770 6 1 2 3 75 3 0 0
ST_DELIB 1771 6 1 2 3 10 3 0 0
ST_DELIB 1772 6 1 2 3 10 3 0 0
ST_DELIB 1773 6 1 2 3 10 3 0 0
ST_DELIB 1774 6 1 2 3 75 3 0 0
ST_DELIB 1775 6 1 2 3 10 3 0 0
ST_DELIB 1776 6 1 2 3 10 3 0 0
ST_DELIB 1777 6 1 2 3 75 3 0 0
ST_DELIB 1778 6 1 2 3 10 3 0 0
ST_DELIB 1779 6 1 2 3 10 3 0 0
ST_DELIB 1780 6 1 2 3 75 3 0 0
ST_DELIB 1781 6 1 2 3 10 3 0 0
ST_DELIB 1782 6 1 2 3 10 3 0 0
ST_DELIB 1783 6 1 2 3 10 3 0 0
ST_DELIB 1784 6 1 2 3 75 3 0 0
ST_DELIB 1785 6 1 2 3 10 3 0 0
ST_DELIB 1786 6 1 2 3 10 3 0 0
ST_DELIB 1787 6 1 2 3 75 3 0 0
ST_DELIB 1788 6 1 2 3 10 3 0 0
ST_DELIB 1789 6 1 2 3 10 3 0 0
ST_DELIB 1790 6 1 2 3 75 3 0 0
ST_DELIB 1791 6 1 2 3 10 3 0 0
ST_DELIB 1792 6 1 2 3 10 3 0 0
ST_DELIB 1793 6 1 2 3 10 3 0 0
ST_DELIB 1794 6 1 2 3 75 3 0 0
ST_DELIB 1795 6 1 2 3 10 3 0 0
ST_DELIB 1796 6 1 2 3 10 3 0 0
ST_DELIB 1797 6 1 2 3 75 3 0 0
ST_DELIB 1798 6 1 2 3 10 3 0 0
ST_DELIB 1799 6 1 2 3 10 3 0 0
ST_DELIB 1800 6 1 2 3 75 3 0 0
ST_DELIB 1801 6 1 2 3 10 3 0 0
ST_DELIB 1802 6 1 2 3 10 3 0 0
ST_DELIB 1803 6 1 2 3 10 3 0 0
ST_DELIB 1804 6 1 2 3 75 3 0 0
ST_DELIB 1805 6 1 2 3 10 3 0 0
ST_DELIB 1806 6 1 2 3 10 3 0 0
ST_DELIB 1807 6 1 2 3 75 3 0 0
ST_DELIB 1808 6 1 2 3 10 3 0 0
ST_DELIB 1809 6 1 2 3 10 3 0 0
ST_DELIB 1810 6 1 2 3 75 3 0 0
ST_DELIB 1811 6 1 2 3 10 3 0 0
ST_DELIB 1812 6 1 2 3 10 3 0 0
ST_DELIB 1813 6 1 2 3 10 3 0 0
ST_DELIB 1814 6 1 2 3 75 3 0 0
ST_DELIB 1815 6 1 2 3 10 3 0 0
ST_DELIB 1816 6 1 2 3 10 3 0 0
ST_DELIB 1817 6 1 2 3 75 3 0 0
ST_DELIB 1818 6 1 2 3 10 3 0 0
ST_DELIB 1819 6 1 2 3 10 3 0 0
ST_DELIB 1820 6 1 2 3 75 3 0 0
ST_DELIB 1821 6 1 2 3 10 3 0 0
ST_DELIB 1822 6 1 2 3 10 3 0 0
ST_DELIB 1823 6 1 2 3 10 3 0 0
ST_DELIB 1824 6 1 2 3 75 3 0 0
ST_DELIB 1825 6 1 2 3 10 3 0 0
ST_DELIB 1826 6 1 2 3 10 3 0 0
ST_DELIB 1827 6 1 2 3 75 3 0 0
ST_DELIB 1828 6 1 2 3 10 3 0 0
ST_DELIB 1829 6 1 2 3 10 3 0 0
ST_DELIB 1830 6 1 2 3 75 3 0 0
ST_DELIB 1831 6 1 2 3 10 3 0 0
ST_DELIB 1832 6 1 2 3 10 3 0 0
ST_DELIB 1833 6 1 2 3 10 3 0 0
ST_DELIB 1834 6 1 2 3 75 3 0 0
ST_DELIB 1835 6 1 2 3 10 3 0 0
ST_DELIB 1836 6 1 2 3 10 3 0 0
ST_DELIB 1837 6 1 2 3 75 3 0 0
ST_DELIB 1838 6 1 2 3 10 3 0 0
ST_DELIB 1839 6 1 2 3 10 3 0 0
ST_DELIB 1840 6 1 2 3 75 3 0 0
ST_DELIB 1841 6 1 2 3 10 3 0 0
ST_DELIB 1842 6 1 2 3 10 3 0 0
ST_DELIB 1843 6 1 2 3 10 3 0 0
ST_DELIB 1844 6 1 2 3 75 3 0 0
ST_DELIB 1845 6 1 2 3 10 3 0 0
ST_DELIB 1846 6 1 2 3 10 3 0 0
ST_DELIB 1847 6 1 2 3 75 3 0 0
ST_DELIB 1848 6 1 2 3 10 3 0 0
ST_DELIB 1849 6 1 2 3 10 3 0 0
ST_DELIB 1850 6 1 2 3 75 3 0 0
ST_DELIB 1851 6 1 2 3 10 3 0 0
ST_DELIB 1852 6 1 2 3 10 3 0 0
ST_DELIB 1853 6 1 2 3 10 3 0 0
ST_DELIB 1854 6 1 2 3 75 3 0 0
ST_DELIB 1855 6 1 2 3 10 3 0 0
ST_DELIB 1856 6 1 2 3 10 3 0 0
ST_DELIB 1857 6 1 2 3 75 3 0 0
ST_DELIB 1858 6 1 2 3 10 3 0 0
ST_DELIB 1859 6 1 2 3 10 3 0 0
ST_DELIB 1860 6 1 2 3 75 3 0 0
ST_DELIB 1861 6 1 2 3 10 3 0 0
ST_DELIB 1862 6 1 2 3 10 3 0 0
ST_DELIB 1863 6 1 2 3 10 3 0 0
ST_DELIB 1864 6 1 2 3 75 3 0 0
ST_DELIB 1865 6 1 2 3 10 3 0 0
ST_DELIB 1866 6 1 2 3 10 3 0 0
ST_DELIB 1867 6 1 2 3 75 3 0 0
ST_DELIB 1868 6 1 2 3 10 3 0 0
ST_DELIB 1869 6 1 2 3 10 3 0 0
ST_DELIB 1870 6 1 2 3 75 3 0 0
ST_DELIB 1871 6 1 2 3 10 3 0 0
ST_DELIB 1872 6 1 2 3 10 3 0 0
ST_DELIB 1873 6 1 2 3 10 3 0 0
ST_DELIB 1874 6 1 2 3 75 3 0 0
ST_DELIB 1875 6 1 2 3 10 3 0 0
ST_DELIB 1876 6 1 2 3 10 3 0 0
ST_DELIB 1877 6 1 2 3 75 3 0 0
ST_DELIB 1878 6 1 2 3 10 3 0 0
ST_DELIB 1879 6 1 2 3 10 3 0 0
ST_DELIB 1880 6 1 2 3 75 3 0 0
ST_DELIB 1881 6 1 2 3 10 3 0 0
ST_DELIB 1882 6 1 2 3 10 3 0 0
ST_DELIB 1883 6 1 2 3 10 3 0 0
ST_DELIB 1884 6 1 2 3 75 3 0 0
ST_DELIB 1885 6 1 2 3 10 3 0 0
ST_DELIB 1886 6 1 2 3 10 3 0 0
ST_DELIB 1887 6 1 2 3 75 3 0 0
ST_DELIB 1888 6 1 2 3 10 3 0 0
ST_DELIB 1889 6 1 2 3 10 3 0 0
ST_DELIB 1890 6 1 2 3 75 3 0 0
ST_DELIB 1891 6 1 2 3 10 3 0 0
ST_DELIB 1892 6 1 2 3 10 3 0 0
ST_DELIB 1893 6 1 2 3 10 3 0 0
ST_DELIB 1894 6 1 2 3 75 3 0 0
ST_DELIB 1895 6 1 2 3 10 3 0 0
ST_DELIB 1896 6 1 2 3 10 3 0 0
ST_DELIB 1897 6 1 2 3 75 3 0 0
ST_DELIB 1898 6 1 2 3 10 3 0 0
ST_DELIB 1899 6 1 2 3 10 3 0 0
ST_DELIB 1900 6 1 2 3 75 3 0 0
ST_DELIB 1901 6 1 2 3 10 3 0 0
ST_DELIB 1902 6 1 2 3 10 3 0 0
ST_DELIB 1903 6 1 2 3 10 3 0 0
ST_DELIB 1904 6 1 2 3 75 3 0 0
ST_DELIB 1905 6 1 2 3 10 3 0 0
ST_DELIB 1906 6 1 2 3 10 3 0 0
ST_DELIB 1907 6 1 2 3 75 3 0 0
ST_DELIB 1908 6 1 2 3 10 3 0 0
ST_DELIB 1909 6 1 2 3 10 3 0 0
ST_DELIB 1910 6 1 2 3 75 3 0 0
ST_DELIB 1911 6 1 2 3 10 3 0 0
ST_DELIB 1912 6 1 2 3 10 3 0 0
ST_DELIB 1913 6 1 2 3 10 3 0 0
ST_DELIB 1914 6 1 2 3 75 3 0 0
ST_DELIB 1915 6 1 2 3 10 3 0 0
ST_DELIB 1916 6 1 2 3 10 3 0 0
ST_DELIB 1917 6 1 2 3 75 3 0 0
ST_DELIB 1918 6 1 2 3 10 3 0 0
ST_DELIB 1919 6 1 2 3 10 3 0 0
ST_DELIB 1920 6 1 2 3 75 3 0 0
ST_DELIB 1921 6 1 2 3 10 3 0 0
ST_DELIB 1922 6 1 2 3 10 3 0 0
ST_DELIB 1923 6 1 2 3 10 3 0 0
ST_DELIB 1924 6 1 2 3 75 3 0 0
ST_DELIB 1925 6 1 2 3 10 3 0 0
ST_DELIB 1926 6 1 2 3 10 3 0 0
ST_DELIB 1927 6 1 2 3 75 3 0 0
ST_DELIB 1928 6 1 2 3 10 3 0 0
ST_DELIB 1929 6 1 2 3 10 3 0 0
ST_DELIB 1930 6 1 2 3 75 3 0 0
ST_DELIB 1931 6 1 2 3 10 3 0 0
ST_DELIB 1932 6 1 2 3 10 3 0 0
ST_DELIB 1933 6 1 2 3 10 3 0 0
ST_DELIB 1934 6 1 2 3 75 3 0 0
ST_DELIB 1935 6 1 2 3 10 3 0 0
ST_DELIB 1936 6 1 2 3 10 3 0 0
ST_DELIB 1937 6 1 2 3 75 3 0 0
ST_DELIB 1938 6 1 2 3 10 3 0 0
ST_DELIB 1939 6 1 2 3 10 3 0 0
ST_DELIB 1940 6 1 2 3 75 3 0 0
ST_DELIB 1941 6 1 2 3 10 3 0 0
ST_DELIB 1942 6 1 2 3 10 3 0 0
ST_DELIB 1943 6 1 2 3 10 3 0 0
ST_DELIB 1944 6 1 2 3 75 3 0 0
ST_DELIB 1945 6 1 2 3 10 3 0 0
ST_DELIB 1946 6 1 2 3 10 3 0 0
ST_DELIB 1947 6 1 2 3 75 3 0 0
ST_DELIB 1948 6 1 2 3 10 3 0 0
ST_DELIB 1949 6 1 2 3 10 3 0 0
ST_DELIB 1950 6 1 2 3 75 3 0 0
ST_DELIB 1951 6 1 2 3 10 3 0 0
ST_DELIB 1952 6 1 2 3 10 3 0 0
ST_DELIB 1953 6 1 2 3 10 3 0 0
ST_DELIB 1954 6 1 2 3 75 3 0 0
ST_DELIB 1955 6 1 2 3 10 3 0 0
ST_DELIB 1956 6 1 2 3 10 3 0 0
ST_DELIB 1957 6 1 2 3 75 3 0 0
ST_DELIB 1958 6 1 2 3 10 3 0 0
ST_DELIB 1959 6 1 2 3 10 3 0 0
ST_DELIB 1960 6 1 2 3 75 3 0 0
ST_DELIB 1961 6 1 2 3 10 3 0 0
ST_DELIB 1962 6 1 2 3 10 3 0 0
ST_DELIB 1963 6 1 2 3 10 3 0 0
ST_DELIB 1964 6 1 2 3 75 3 0 0
ST_DELIB 1965 6 1 2 3 10 3 0 0
ST_DELIB 1966 6 1 2 3 10 3 0 0
ST_DELIB 1967 6 1 2 3 75 3 0 0
ST_DELIB 1968 6 1 2 3 10 3 0 0
ST_DELIB 1969 6 1 2 3 10 3 0 0
ST_DELIB 1970 6 1 2 3 75 3 0 0
ST_DELIB 1971 6 1 2 3 10 3 0 0
ST_DELIB 1972 6 1 2 3 10 3 0 0
ST_DELIB 1973 6 1 2 3 10 3 0 0
ST_DELIB 1974 6 1 2 3 75 3 0 0
ST_DELIB 1975 6 1 2 3 10 3 0 0
ST_DELIB 1976 6 1 2 3 10 3 0 0
ST_DELIB 1977 6 1 2 3 75 3 0 0
ST_DELIB 1978 6 1 2 3 10 3 0 0
ST_DELIB 1979 6 1 2 3 10 3 0 0
ST_DELIB 1980 6 1 2 3 75 3 0 0
ST_DELIB 1981 6 1 2 3 10 3 0 0
ST_DELIB 1982 6 1 2 3 10 3 0 0
ST_DELIB 1983 6 1 2 3 10 3 0 0
ST_DELIB 1984 6 1 2 3 75 3 0 0
ST_DELIB 1985 6 1 2 3 10 3 0 0
ST_DELIB 1986 6 1 2 3 10 3 0 0
ST_DELIB 1987 6 1 2 3 75 3 0 0
ST_DELIB 1988 6 1 2 3 10 3 0 0
ST_DELIB 1989 6 1 2 3 10 3 0 0
ST_DELIB 1990 6 1 2 3 75 3 0 0
ST_DELIB 1991 6 1 2 3 10 3 0 0
ST_DELIB 1992 6 1 2 3 10 3 0 0
ST_DELIB 1993 6 1 2 3 10 3 0 0
ST_DELIB 1994 6 1 2 3 75 3 0 0
ST_DELIB 1995 6 1 2 3 10 3 0 0
ST_DELIB 1996 6 1 2 3 10 3 0 0
ST_DELIB 1997 6 1 2 3 75 3 0 0
ST_DELIB 1998 6 1 2 3 10 3 0 0
ST_DELIB 1999 6 1 2 3 10 3 0 0
ST_TS 2000 320 2643 0 3574 0 1684 2 317 600 0 0 0 3 0 0 0
ST_DELIB 2000 6 1 2 3 75 3 0 0
ST_DELIB 2001 6 1 2 3 10 3 0 0
ST_DELIB 2002 6 1 2 3 10 3 0 0
ST_DELIB 2003 6 1 2 3 10 3 0 0
ST_DELIB 2004 6 1 2 3 75 3 0 0
ST_DELIB 2005 6 1 2 3 10 3 0 0
ST_DELIB 2006 6 1 2 3 10 3 0 0
ST_DELIB 2007 6 1 2 3 75 3 0 0
ST_DELIB 2008 6 1 2 3 10 3 0 0
ST_DELIB 2009 6 1 2 3 10 3 0 0
ST_DELIB 2010 6 1 2 3 75 3 0 0
ST_DELIB 2011 6 1 2 3 10 3 0 0
ST_DELIB 2012 6 1 2 3 10 3 0 0
ST_DELIB 2013 6 1 2 3 10 3 0 0
ST_DELIB 2014 6 1 2 3 75 3 0 0
ST_DELIB 2015 6 1 2 3 10 3 0 0
ST_DELIB 2016 6 1 2 3 10 3 0 0
ST_DELIB 2017 6 1 2 3 75 3 0 0
ST_DELIB 2018 6 1 2 3 10 3 0 0
ST_DELIB 2019 6 1 2 3 10 3 0 0
ST_DELIB 2020 6 1 2 3 75 3 0 0
ST_DELIB 2021 6 1 2 3 10 3 0 0
ST_DELIB 2022 6 1 2 3 10 3 0 0
ST_DELIB 2023 6 1 2 3 10 3 0 0
ST_DELIB 2024 6 1 2 3 75 3 0 0
ST_DELIB 2025 6 1 2 3 10 3 0 0
ST_DELIB 2026 6 1 2 3 10 3 0 0
ST_DELIB 2027 6 1 2 3 75 3 0 0
ST_DELIB 2028 6 1 2 3 10 3 0 0
ST_DELIB 2029 6 1 2 3 10 3 0 0
ST_DELIB 2030 6 1 2 3 75 3 0 0
ST_DELIB 2031 6 1 2 3 10 3 0 0
ST_DELIB 2032 6 1 2 3 10 3 0 0
ST_DELIB 2033 6 1 2 3 10 3 0 0
ST_DELIB 2034 6 1 2 3 75 3 0 0
ST_DELIB 2035 6 1 2 3 10 3 0 0
ST_DELIB 2036 6 1 2 3 10 3 0 0
ST_DELIB 2037 6 1 2 3 75 3 0 0
ST_DELIB 2038 6 1 2 3 10 3 0 0
ST_DELIB 2039 6 1 2 3 10 3 0 0
ST_DELIB 2040 6 1 2 3 75 3 0 0
ST_DELIB 2041 6 1 2 3 10 3 0 0
ST_DELIB 2042 6 1 2 3 10 3 0 0
ST_DELIB 2043 6 1 2 3 10 3 0 0
ST_DELIB 2044 6 1 2 3 75 3 0 0
ST_DELIB 2045 6 1 2 3 10 3 0 0
ST_DELIB 2046 6 1 2 3 10 3 0 0
ST_DELIB 2047 6 1 2 3 75 3 0 0
ST_DELIB 2048 6 1 2 3 10 3 0 0
ST_DELIB 2049 6 1 2 3 10 3 0 0
ST_DELIB 2050 6 1 2 3 75 3 0 0
ST_DELIB 2051 6 1 2 3 10 3 0 0
ST_DELIB 2052 6 1 2 3 10 3 0 0
ST_DELIB 2053 6 1 2 3 10 3 0 0
ST_DELIB 2054 6 1 2 3 75 3 0 0
ST_DELIB 2055 6 1 2 3 10 3 0 0
ST_DELIB 2056 6 1 2 3 10 3 0 0
ST_DELIB 2057 6 1 2 3 75 3 0 0
ST_DELIB 2058 6 1 2 3 10 3 0 0
ST_DELIB 2059 6 1 2 3 10 3 0 0
ST_DELIB 2060 6 1 2 3 75 3 0 0
ST_DELIB 2061 6 1 2 3 10 3 0 0
ST_DELIB 2062 6 1 2 3 10 3 0 0
ST_DELIB 2063 6 1 2 3 10 3 0 0
ST_DELIB 2064 6 1 2 3 75 3 0 0
ST_DELIB 2065 6 1 2 3 10 3 0 0
ST_DELIB 2066 6 1 2 3 10 3 0 0
ST_DELIB 2067 6 1 2 3 75 3 0 0
ST_DELIB 2068 6 1 2 3 10 3 0 0
ST_DELIB 2069 6 1 2 3 10 3 0 0
ST_DELIB 2070 6 1 2 3 75 3 0 0
ST_DELIB 2071 6 1 2 3 10 3 0 0
ST_DELIB 2072 6 1 2 3 10 3 0 0
ST_DELIB 2073 6 1 2 3 10 3 0 0
ST_DELIB 2074 6 1 2 3 75 3 0 0
ST_DELIB 2075 6 1 2 3 10 3 0 0
ST_DELIB 2076 6 1 2 3 10 3 0 0
ST_DELIB 2077 6 1 2 3 75 3 0 0
ST_DELIB 2078 6 1 2 3 10 3 0 0
ST_DELIB 2079 6 1 2 3 10 3 0 0
ST_DELIB 2080 6 1 2 3 75 3 0 0
ST_DELIB 2081 6 1 2 3 10 3 0 0
ST_DELIB 2082 6 1 2 3 10 3 0 0
ST_DELIB 2083 6 1 2 3 10 3 0 0
ST_DELIB 2084 6 1 2 3 75 3 0 0
ST_DELIB 2085 6 1 2 3 10 3 0 0
ST_DELIB 2086 6 1 2 3 10 3 0 0
ST_DELIB 2087 6 1 2 3 75 3 0 0
ST_DELIB 2088 6 1 2 3 10 3 0 0
ST_DELIB 2089 6 1 2 3 10 3 0 0
ST_DELIB 2090 6 1 2 3 75 3 0 0
ST_DELIB 2091 6 1 2 3 10 3 0 0
ST_DELIB 2092 6 1 2 3 10 3 0 0
ST_DELIB 2093 6 1 2 3 10 3 0 0
ST_DELIB 2094 6 1 2 3 75 3 0 0
ST_DELIB 2095 6 1 2 3 10 3 0 0
ST_DELIB 2096 6 1 2 3 10 3 0 0
ST_DELIB 2097 6 1 2 3 75 3 0 0
ST_DELIB 2098 6 1 2 3 10 3 0 0
ST_DELIB 2099 6 1 2 3 10 3 0 0
ST_DELIB 2100 6 1 2 3 75 3 0 0
ST_DELIB 2101 6 1 2 3 10 3 0 0
ST_DELIB 2102 6 1 2 3 10 3 0 0
ST_DELIB 2103 6 1 2 3 10 3 0 0
ST_DELIB 2104 6 1 2 3 75 3 0 0
ST_DELIB 2105 6 1 2 3 10 3 0 0
ST_DELIB 2106 6 1 2 3 10 3 0 0
ST_DELIB 2107 6 1 2 3 75 3 0 0
ST_DELIB 2108 6 1 2 3 10 3 0 0
ST_DELIB 2109 6 1 2 3 10 3 0 0
ST_DELIB 2110 6 1 2 3 75 3 0 0
ST_DELIB 2111 6 1 2 3 10 3 0 0
ST_DELIB 2112 6 1 2 3 10 3 0 0
ST_DELIB 2113 6 1 2 3 10 3 0 0
ST_DELIB 2114 6 1 2 3 75 3 0 0
ST_DELIB 2115 6 1 2 3 10 3 0 0
ST_DELIB 2116 6 1 2 3 10 3 0 0
ST_DELIB 2117 6 1 2 3 75 3 0 0
ST_DELIB 2118 6 1 2 3 10 3 0 0
ST_DELIB 2119 6 1 2 3 10 3 0 0
ST_DELIB 2120 6 1 2 3 75 3 0 0
ST_DELIB 2121 6 1 2 3 10 3 0 0
ST_DELIB 2122 6 1 2 3 10 3 0 0
ST_DELIB 2123 6 1 2 3 10 3 0 0
ST_DELIB 2124 6 1 2 3 75 3 0 0
ST_DELIB 2125 6 1 2 3 10 3 0 0
ST_DELIB 2126 6 1 2 3 10 3 0 0
ST_DELIB 2127 6 1 2 3 75 3 0 0
ST_DELIB 2128 6 1 2 3 10 3 0 0
ST_DELIB 2129 6 1 2 3 10 3 0 0
ST_DELIB 2130 6 1 2 3 75 3 0 0
ST_DELIB 2131 6 1 2 3 10 3 0 0
ST_DELIB 2132 6 1 2 3 10 3 0 0
ST_DELIB 2133 6 1 2 3 10 3 0 0
ST_DELIB 2134 6 1 2 3 75 3 0 0
ST_DELIB 2135 6 1 2 3 10 3 0 0
ST_DELIB 2136 6 1 2 3 10 3 0 0
ST_DELIB 2137 6 1 2 3 75 3 0 0
ST_DELIB 2138 6 1 2 3 10 3 0 0
ST_DELIB 2139 6 1 2 3 10 3 0 0
ST_DELIB 2140 6 1 2 3 75 3 0 0
ST_DELIB 2141 6 1 2 3 10 3 0 0
ST_DELIB 2142 6 1 2 3 10 3 0 0
ST_DELIB 2143 6 1 2 3 10 3 0 0
ST_DELIB 2144 6 1 2 3 75 3 0 0
ST_DELIB 2145 6 1 2 3 10 3 0 0
ST_DELIB 2146 6 1 2 3 10 3 0 0
ST_DELIB 2147 6 1 2 3 75 3 0 0
ST_DELIB 2148 6 1 2 3 10 3 0 0
ST_DELIB 2149 6 1 2 3 10 3 0 0
ST_DELIB 2150 6 1 2 3 75 3 0 0
ST_DELIB 2151 6 1 2 3 10 3 0 0
ST_DELIB 2152 6 1 2 3 10 3 0 0
ST_DELIB 2153 6 1 2 3 10 3 0 0
ST_DELIB 2154 6 1 2 3 75 3 0 0
ST_DELIB 2155 6 1 2 3 10 3 0 0
ST_DELIB 2156 6 1 2 3 10 3 0 0
ST_DELIB 2157 6 1 2 3 75 3 0 0
ST_DELIB 2158 6 1 2 3 10 3 0 0
ST_DELIB 2159 6 1 2 3 10 3 0 0
ST_DELIB 2160 6 1 2 3 75 3 0 0
ST_DELIB 2161 6 1 2 3 10 3 0 0
ST_DELIB 2162 6 1 2 3 10 3 0 0
ST_DELIB 2163 6 1 2 3 10 3 0 0
ST_DELIB 2164 6 1 2 3 75 3 0 0
ST_DELIB 2165 6 1 2 3 10 3 0 0
ST_DELIB 2166 6 1 2 3 10 3 0 0
ST_DELIB 2167 6 1 2 3 75 3 0 0
ST_DELIB 2168 6 1 2 3 10 3 0 0
ST_DELIB 2169 6 1 2 3 10 3 0 0
ST_DELIB 2170 6 1 2 3 75 3 0 0
ST_DELIB 2171 6 1 2 3 10 3 0 0
ST_DELIB 2172 6 1 2 3 10 3 0 0
ST_DELIB 2173 6 1 2 3 10 3 0 0
ST_DELIB 2174 6 1 2 3 75 3 0 0
ST_DELIB 2175 6 1 2 3 10 3 0 0
ST_DELIB 2176 6 1 2 3 10 3 0 0
ST_DELIB 2177 6 1 2 3 75 3 0 0
ST_DELIB 2178 6 1 2 3 10 3 0 0
ST_DELIB 2179 6 1 2 3 10 3 0 0
ST_DELIB 2180 6 1 2 3 75 3 0 0
ST_DELIB 2181 6 1 2 3 10 3 0 0
ST_DELIB 2182 6 1 2 3 10 3 0 0
ST_DELIB 2183 6 1 2 3 10 3 0 0
ST_DELIB 2184 6 1 2 3 75 3 0 0
ST_DELIB 2185 6 1 2 3 10 3 0 0
ST_DELIB 2186 6 1 2 3 10 3 0 0
ST_DELIB 2187 6 1 2 3 75 3 0 0
ST_DELIB 2188 6 1 2 3 10 3 0 0
ST_DELIB 2189 6 1 2 3 10 3 0 0
ST_DELIB 2190 6 1 2 3 75 3 0 0
ST_DELIB 2191 6 1 2 3 10 3 0 0
ST_DELIB 2192 6 1 2 3 10 3 0 0
ST_DELIB 2193 6 1 2 3 10 3 0 0
ST_DELIB 2194 6 1 2 3 75 3 0 0
ST_DELIB 2195 6 1 2 3 10 3 0 0
ST_DELIB 2196 6 1 2 3 10 3 0 0
ST_DELIB 2197 6 1 2 3 75 3 0 0
ST_DELIB 2198 6 1 2 3 10 3 0 0
ST_DELIB 2199 6 1 2 3 10 3 0 0
ST_DELIB 2200 6 1 2 3 75 3 0 0
ST_DELIB 2201 6 1 2 3 10 3 0 0
ST_DELIB 2202 6 1 2 3 10 3 0 0
ST_DELIB 2203 6 1 2 3 10 3 0 0
ST_DELIB 2204 6 1 2 3 75 3 0 0
ST_DELIB 2205 6 1 2 3 10 3 0 0
ST_DELIB 2206 6 1 2 3 10 3 0 0
ST_DELIB 2207 6 1 2 3 75 3 0 0
ST_DELIB 2208 6 1 2 3 10 3 0 0
ST_DELIB 2209 6 1 2 3 10 3 0 0
ST_DELIB 2210 6 1 2 3 75 3 0 0
ST_DELIB 2211 6 1 2 3 10 3 0 0
ST_DELIB 2212 6 1 2 3 10 3 0 0
ST_DELIB 2213 6 1 2 3 10 3 0 0
ST_DELIB 2214 6 1 2 3 75 3 0 0
ST_DELIB 2215 6 1 2 3 10 3 0 0
ST_DELIB 2216 6 1 2 3 10 3 0 0
ST_DELIB 2217 6 1 2 3 75 3 0 0
ST_DELIB 2218 6 1 2 3 10 3 0 0
ST_DELIB 2219 6 1 2 3 10 3 0 0
ST_DELIB 2220 6 1 2 3 75 3 0 0
ST_DELIB 2221 6 1 2 3 10 3 0 0
ST_DELIB 2222 6 1 2 3 10 3 0 0
ST_DELIB 2223 6 1 2 3 10 3 0 0
ST_DELIB 2224 6 1 2 3 75 3 0 0
ST_DELIB 2225 6 1 2 3 10 3 0 0
ST_DELIB 2226 6 1 2 3 10 3 0 0
ST_DELIB 2227 6 1 2 3 75 3 0 0
ST_DELIB 2228 6 1 2 3 10 3 0 0
ST_DELIB 2229 6 1 2 3 10 3 0 0
ST_DELIB 2230 6 1 2 3 75 3 0 0
ST_DELIB 2231 6 1 2 3 10 3 0 0
ST_DELIB 2232 6 1 2 3 10 3 0 0
ST_DELIB 2233 6 1 2 3 10 3 0 0
ST_DELIB 2234 6 1 2 3 75 3 0 0
ST_DELIB 2235 6 1 2 3 10 3 0 0
ST_DELIB 2236 6 1 2 3 10 3 0 0
ST_DELIB 2237 6 1 2 3 75 3 0 0
ST_DELIB 2238 6 1 2 3 10 3 0 0
ST_DELIB 2239 6 1 2 3 10 3 0 0
ST_DELIB 2240 6 1 2 3 75 3 0 0
ST_DELIB 2241 6 1 2 3 10 3 0 0
ST_DELIB 2242 6 1 2 3 10 3 0 0
ST_DELIB 2243 6 1 2 3 10 3 0 0
ST_DELIB 2244 6 1 2 3 75 3 0 0
ST_DELIB 2245 6 1 2 3 10 3 0 0
ST_DELIB 2246 6 1 2 3 10 3 0 0
ST_DELIB 2247 6 1 2 3 75 3 0 0
ST_DELIB 2248 6 1 2 3 10 3 0 0
ST_DELIB 2249 6 1 2 3 10 3 0 0
ST_TS 2250 320 2893 0 4324 0 1934 2 317 675 0 0 0 3 0 0 0
ST_DELIB 2250 6 1 2 3 75 3 0 0
ST_DELIB 2251 6 1 2 3 10 3 0 0
ST_DELIB 2252 6 1 2 3 10 3 0 0
ST_DELIB 2253 6 1 2 3 10 3 0 0
ST_DELIB 2254 6 1 2 3 75 3 0 0
ST_DELIB 2255 6 1 2 3 10 3 0 0
ST_DELIB 2256 6 1 2 3 10 3 0 0
ST_DELIB 2257 6 1 2 3 75 3 0 0
ST_DELIB 2258 6 1 2 3 10 3 0 0
ST_DELIB 2259 6 1 2 3 10 3 0 0
ST_DELIB 2260 6 1 2 3 75 3 0 0
ST_DELIB 2261 6 1 2 3 10 3 0 0
ST_DELIB 2262 6 1 2 3 10 3 0 0
ST_DELIB 2263 6 1 2 3 10 3 0 0
ST_DELIB 2264 6 1 2 3 75 3 0 0
ST_DELIB 2265 6 1 2 3 10 3 0 0
ST_DELIB 2266 6 1 2 3 10 3 0 0
ST_DELIB 2267 6 1 2 3 75 3 0 0
ST_DELIB 2268 6 1 2 3 10 3 0 0
ST_DELIB 2269 6 1 2 3 10 3 0 0
ST_DELIB 2270 6 1 2 3 75 3 0 0
ST_DELIB 2271 6 1 2 3 10 3 0 0
ST_DELIB 2272 6 1 2 3 10 3 0 0
ST_DELIB 2273 6 1 2 3 10 3 0 0
ST_DELIB 2274 6 1 2 3 75 3 0 0
ST_DELIB 2275 6 1 2 3 10 3 0 0
ST_DELIB 2276 6 1 2 3 10 3 0 0
ST_DELIB 2277 6 1 2 3 75 3 0 0
ST_DELIB 2278 6 1 2 3 10 3 0 0
ST_DELIB 2279 6 1 2 3 10 3 0 0
ST_DELIB 2280 6 1 2 3 75 3 0 0
ST_DELIB 2281 6 1 2 3 10 3 0 0
ST_DELIB 2282 6 1 2 3 10 3 0 0
ST_DELIB 2283 6 1 2 3 10 3 0 0
ST_DELIB 2284 6 1 2 3 75 3 0 0
ST_DELIB 2285 6 1 2 3 10 3 0 0
ST_DELIB 2286 6 1 2 3 10 3 0 0
ST_DELIB 2287 6 1 2 3 75 3 0 0
ST_DELIB 2288 6 1 2 3 10 3 0 0
ST_DELIB 2289 6 1 2 3 10 3 0 0
ST_DELIB 2290 6 1 2 3 75 3 0 0
ST_DELIB 2291 6 1 2 3 10 3 0 0
ST_DELIB 2292 6 1 2 3 10 3 0 0
ST_DELIB 2293 6 1 2 3 10 3 0 0
ST_DELIB 2294 6 1 2 3 75 3 0 0
ST_DELIB 2295 6 1 2 3 10 3 0 0
ST_DELIB 2296 6 1 2 3 10 3 0 0
ST_DELIB 2297 6 1 2 3 75 3 0 0
ST_DELIB 2298 6 1 2 3 10 3 0 0
ST_DELIB 2299 6 1 2 3 10 3 0 0
ST_DELIB 2300 6 1 2 3 75 3 0 0
ST_DELIB 2301 6 1 2 3 10 3 0 0
ST_DELIB 2302 6 1 2 3 10 3 0 0
ST_DELIB 2303 6 1 2 3 10 3 0 0
ST_DELIB 2304 6 1 2 3 75 3 0 0
ST_DELIB 2305 6 1 2 3 10 3 0 0
ST_DELIB 2306 6 1 2 3 10 3 0 0
ST_DELIB 2307 6 1 2 3 75 3 0 0
ST_DELIB 2308 6 1 2 3 10 3 0 0
ST_DELIB 2309 6 1 2 3 10 3 0 0
ST_DELIB 2310 6 1 2 3 75 3 0 0
ST_DELIB 2311 6 1 2 3 10 3 0 0
ST_DELIB 2312 6 1 2 3 10 3 0 0
ST_DELIB 2313 6 1 2 3 10 3 0 0
ST_DELIB 2314 6 1 2 3 75 3 0 0
ST_DELIB 2315 6 1 2 3 10 3 0 0
ST_DELIB 2316 6 1 2 3 10 3 0 0
ST_DELIB 2317 6 1 2 3 75 3 0 0
ST_DELIB 2318 6 1 2 3 10 3 0 0
ST_DELIB 2319 6 1 2 3 10 3 0 0
ST_DELIB 2320 6 1 2 3 75 3 0 0
ST_DELIB 2321 6 1 2 3 10 3 0 0
ST_DELIB 2322 6 1 2 3 10 3 0 0
ST_DELIB 2323 6 1 2 3 10 3 0 0
ST_DELIB 2324 6 1 2 3 75 3 0 0
ST_DELIB 2325 6 1 2 3 10 3 0 0
ST_DELIB 2326 6 1 2 3 10 3 0 0
ST_DELIB 2327 6 1 2 3 75 3 0 0
ST_DELIB 2328 6 1 2 3 10 3 0 0
ST_DELIB 2329 6 1 2 3 10 3 0 0
ST_DELIB 2330 6 1 2 3 75 3 0 0
ST_DELIB 2331 6 1 2 3 10 3 0 0
ST_DELIB 2332 6 1 2 3 10 3 0 0
ST_DELIB 2333 6 1 2 3 10 3 0 0
ST_DELIB 2334 6 1 2 3 75 3 0 0
ST_DELIB 2335 6 1 2 3 10 3 0 0
ST_DELIB 2336 6 1 2 3 10 3 0 0
ST_DELIB 2337 6 1 2 3 75 3 0 0
ST_DELIB 2338 6 1 2 3 10 3 0 0
ST_DELIB 2339 6 1 2 3 10 3 0 0
ST_DELIB 2340 6 1 2 3 75 3 0 0
ST_DELIB 2341 6 1 2 3 10 3 0 0
ST_DELIB 2342 6 1 2 3 10 3 0 0
ST_DELIB 2343 6 1 2 3 10 3 0 0
ST_DELIB 2344 6 1 2 3 75 3 0 0
ST_DELIB 2345 6 1 2 3 10 3 0 0
ST_DELIB 2346 6 1 2 3 10 3 0 0
ST_DELIB 2347 6 1 2 3 75 3 0 0
ST_DELIB 2348 6 1 2 3 10 3 0 0
ST_DELIB 2349 6 1 2 3 10 3 0 0
ST_DELIB 2350 6 1 2 3 75 3 0 0
ST_DELIB 2351 6 1 2 3 10 3 0 0
ST_DELIB 2352 6 1 2 3 10 3 0 0
ST_DELIB 2353 6 1 2 3 10 3 0 0
ST_DELIB 2354 6 1 2 3 75 3 0 0
ST_DELIB 2355 6 1 2 3 10 3 0 0
ST_DELIB 2356 6 1 2 3 10 3 0 0
ST_DELIB 2357 6 1 2 3 75 3 0 0
ST_DELIB 2358 6 1 2 3 10 3 0 0
ST_DELIB 2359 6 1 2 3 10 3 0 0
ST_DELIB 2360 6 1 2 3 75 3 0 0
ST_DELIB 2361 6 1 2 3 10 3 0 0
ST_DELIB 2362 6 1 2 3 10 3 0 0
ST_DELIB 2363 6 1 2 3 10 3 0 0
ST_DELIB 2364 6 1 2 3 75 3 0 0
ST_DELIB 2365 6 1 2 3 10 3 0 0
ST_DELIB 2366 6 1 2 3 10 3 0 0
ST_DELIB 2367 6 1 2 3 75 3 0 0
ST_DELIB 2368 6 1 2 3 10 3 0 0
ST_DELIB 2369 6 1 2 3 10 3 0 0
ST_DELIB 2370 6 1 2 3 75 3 0 0
ST_DELIB 2371 6 1 2 3 10 3 0 0
ST_DELIB 2372 6 1 2 3 10 3 0 0
ST_DELIB 2373 6 1 2 3 10 3 0 0
ST_DELIB 2374 6 1 2 3 75 3 0 0
ST_DELIB 2375 6 1 2 3 10 3 0 0
ST_DELIB 2376 6 1 2 3 10 3 0 0
ST_DELIB 2377 6 1 2 3 75 3 0 0
ST_DELIB 2378 6 1 2 3 10 3 0 0
ST_DELIB 2379 6 1 2 3 10 3 0 0
ST_DELIB 2380 6 1 2 3 75 3 0 0
ST_DELIB 2381 6 1 2 3 10 3 0 0
ST_DELIB 2382 6 1 2 3 10 3 0 0
ST_DELIB 2383 6 1 2 3 10 3 0 0
ST_DELIB 2384 6 1 2 3 75 3 0 0
ST_DELIB 2385 6 1 2 3 10 3 0 0
ST_DELIB 2386 6 1 2 3 10 3 0 0
ST_DELIB 2387 6 1 2 3 75 3 0 0
ST_DELIB 2388 6 1 2 3 10 3 0 0
ST_DELIB 2389 6 1 2 3 10 3 0 0
ST_DELIB 2390 6 1 2 3 75 3 0 0
ST_DELIB 2391 6 1 2 3 10 3 0 0
ST_DELIB 2392 6 1 2 3 10 3 0 0
ST_DELIB 2393 6 1 2 3 10 3 0 0
ST_DELIB 2394 6 1 2 3 75 3 0 0
ST_DELIB 2395 6 1 2 3 10 3 0 0
ST_DELIB 2396 6 1 2 3 10 3 0 0
ST_DELIB 2397 6 1 2 3 75 3 0 0
ST_DELIB 2398 6 1 2 3 10 3 0 0
ST_DELIB 2399 6 1 2 3 10 3 0 0
ST_DELIB 2400 6 1 2 3 75 3 0 0
ST_DELIB 2401 6 1 2 3 10 3 0 0
ST_DELIB 2402 6 1 2 3 10 3 0 0
ST_DELIB 2403 6 1 2 3 10 3 0 0
ST_DELIB 2404 6 1 2 3 75 3 0 0
ST_DELIB 2405 6 1 2 3 10 3 0 0
ST_DELIB 2406 6 1 2 3 10 3 0 0
ST_DELIB 2407 6 1 2 3 75 3 0 0
ST_DELIB 2408 6 1 2 3 10 3 0 0
ST_DELIB 2409 6 1 2 3 10 3 0 0
ST_DELIB 2410 6 1 2 3 75 3 0 0
ST_DELIB 2411 6 1 2 3 10 3 0 0
ST_DELIB 2412 6 1 2 3 10 3 0 0
ST_DELIB 2413 6 1 2 3 10 3 0 0
ST_DELIB 2414 6 1 2 3 75 3 0 0
ST_DELIB 2415 6 1 2 3 10 3 0 0
ST_DELIB 2416 6 1 2 3 10 3 0 0
ST_DELIB 2417 6 1 2 3 75 3 0 0
ST_DELIB 2418 6 1 2 3 10 3 0 0
ST_DELIB 2419 6 1 2 3 10 3 0 0
ST_DELIB 2420 6 1 2 3 75 3 0 0
ST_DELIB 2421 6 1 2 3 10 3 0 0
ST_DELIB 2422 6 1 2 3 10 3 0 0
ST_DELIB 2423 6 1 2 3 10 3 0 0
ST_DELIB 2424 6 1 2 3 75 3 0 0
ST_DELIB 2425 6 1 2 3 10 3 0 0
ST_DELIB 2426 6 1 2 3 10 3 0 0
ST_DELIB 2427 6 1 2 3 75 3 0 0
ST_DELIB 2428 6 1 2 3 10 3 0 0
ST_DELIB 2429 6 1 2 3 10 3 0 0
ST_DELIB 2430 6 1 2 3 75 3 0 0
ST_DELIB 2431 6 1 2 3 10 3 0 0
ST_DELIB 2432 6 1 2 3 10 3 0 0
ST_DELIB 2433 6 1 2 3 10 3 0 0
ST_DELIB 2434 6 1 2 3 75 3 0 0
ST_DELIB 2435 6 1 2 3 10 3 0 0
ST_DELIB 2436 6 1 2 3 10 3 0 0
ST_DELIB 2437 6 1 2 3 75 3 0 0
ST_DELIB 2438 6 1 2 3 10 3 0 0
ST_DELIB 2439 6 1 2 3 10 3 0 0
ST_DELIB 2440 6 1 2 3 75 3 0 0
ST_DELIB 2441 6 1 2 3 10 3 0 0
ST_DELIB 2442 6 1 2 3 10 3 0 0
ST_DELIB 2443 6 1 2 3 10 3 0 0
ST_DELIB 2444 6 1 2 3 75 3 0 0
ST_DELIB 2445 6 1 2 3 10 3 0 0
ST_DELIB 2446 6 1 2 3 10 3 0 0
ST_DELIB 2447 6 1 2 3 75 3 0 0
ST_DELIB 2448 6 1 2 3 10 3 0 0
ST_DELIB 2449 6 1 2 3 10 3 0 0
ST_DELIB 2450 6 1 2 3 75 3 0 0
ST_DELIB 2451 6 1 2 3 10 3 0 0
ST_DELIB 2452 6 1 2 3 10 3 0 0
ST_DELIB 2453 6 1 2 3 10 3 0 0
ST_DELIB 2454 6 1 2 3 75 3 0 0
ST_DELIB 2455 6 1 2 3 10 3 0 0
ST_DELIB 2456 6 1 2 3 10 3 0 0
ST_DELIB 2457 6 1 2 3 75 3 0 0
ST_DELIB 2458 6 1 2 3 10 3 0 0
ST_DELIB 2459 6 1 2 3 10 3 0 0
ST_DELIB 2460 6 1 2 3 75 3 0 0
ST_DELIB 2461 6 1 2 3 10 3 0 0
ST_DELIB 2462 6 1 2 3 10 3 0 0
ST_DELIB 2463 6 1 2 3 10 3 0 0
ST_DELIB 2464 6 1 2 3 75 3 0 0
ST_DELIB 2465 6 1 2 3 10 3 0 0
ST_DELIB 2466 6 1 2 3 10 3 0 0
ST_DELIB 2467 6 1 2 3 75 3 0 0
ST_DELIB 2468 6 1 2 3 10 3 0 0
ST_DELIB 2469 6 1 2 3 10 3 0 0
ST_DELIB 2470 6 1 2 3 75 3 0 0
ST_DELIB 2471 6 1 2 3 10 3 0 0
ST_DELIB 2472 6 1 2 3 10 3 0 0
ST_DELIB 2473 6 1 2 3 10 3 0 0
ST_DELIB 2474 6 1 2 3 75 3 0 0
ST_DELIB 2475 6 1 2 3 10 3 0 0
ST_DELIB 2476 6 1 2 3 10 3 0 0
ST_DELIB 2477 6 1 2 3 75 3 0 0
ST_DELIB 2478 6 1 2 3 10 3 0 0
ST_DELIB 2479 6 1 2 3 10 3 0 0
ST_DELIB 2480 6 1 2 3 75 3 0 0
ST_DELIB 2481 6 1 2 3 10 3 0 0
ST_DELIB 2482 6 1 2 3 10 3 0 0
ST_DELIB 2483 6 1 2 3 10 3 0 0
ST_DELIB 2484 6 1 2 3 75 3 0 0
ST_DELIB 2485 6 1 2 3 10 3 0 0
ST_DELIB 2486 6 1 2 3 10 3 0 0
ST_DELIB 2487 6 1 2 3 75 3 0 0
ST_DELIB 2488 6 1 2 3 10 3 0 0
ST_DELIB 2489 6 1 2 3 10 3 0 0
ST_DELIB 2490 6 1 2 3 75 3 0 0
ST_DELIB 2491 6 1 2 3 10 3 0 0
ST_DELIB 2492 6 1 2 3 10 3 0 0
ST_DELIB 2493 6 1 2 3 10 3 0 0
ST_DELIB 2494 6 1 2 3 75 3 0 0
ST_DELIB 2495 6 1 2 3 10 3 0 0
ST_DELIB 2496 6 1 2 3 10 3 0 0
ST_DELIB 2497 6 1 2 3 75 3 0 0
ST_DELIB 2498 6 1 2 3 10 3 0 0
ST_DELIB 2499 6 1 2 3 10 3 0 0
ST_TS 2500 320 3143 0 5074 0 2184 2 317 750 0 0 0 3 0 0 0
ST_DELIB 2500 6 1 2 3 75 3 0 0
ST_DELIB 2501 6 1 2 3 75 3 0 0
ST_DELIB 2502 6 1 2 3 10 3 0 0
ST_DELIB 2503 6 1 2 3 10 3 0 0
ST_DELIB 2504 6 1 2 3 75 3 0 0
ST_DELIB 2505 6 1 2 3 10 3 0 0
ST_DELIB 2506 6 1 2 3 10 3 0 0
ST_DELIB 2507 6 1 2 3 75 3 0 0
ST_DELIB 2508 6 1 2 3 10 3 0 0
ST_DELIB 2509 6 1 2 3 10 3 0 0
ST_DELIB 2510 6 1 2 3 75 3 0 0
ST_DELIB 2511 6 1 2 3 10 3 0 0
ST_DELIB 2512 6 1 2 3 10 3 0 0
ST_DELIB 2513 6 1 2 3 10 3 0 0
ST_DELIB 2514 6 1 2 3 75 3 0 0
ST_DELIB 2515 6 1 2 3 10 3 0 0
ST_DELIB 2516 6 1 2 3 10 3 0 0
ST_DELIB 2517 6 1 2 3 75 3 0 0
ST_DELIB 2518 6 1 2 3 10 3 0 0
ST_DELIB 2519 6 1 2 3 10 3 0 0
ST_DELIB 2520 6 1 2 3 75 3 0 0
ST_DELIB 2521 6 1 2 3 10 3 0 0
ST_DELIB 2522 6 1 2 3 10 3 0 0
ST_DELIB 2523 6 1 2 3 10 3 0 0
ST_DELIB 2524 6 1 2 3 75 3 0 0
ST_DELIB 2525 6 1 2 3 10 3 0 0
ST_DELIB 2526 6 1 2 3 10 3 0 0
ST_DELIB 2527 6 1 2 3 75 3 0 0
ST_DELIB 2528 6 1 2 3 10 3 0 0
ST_DELIB 2529 6 1 2 3 10 3 0 0
ST_DELIB 2530 6 1 2 3 75 3 0 0
ST_DELIB 2531 6 1 2 3 10 3 0 0
ST_DELIB 2532 6 1 2 3 10 3 0 0
ST_DELIB 2533 6 1 2 3 10 3 0 0
ST_DELIB 2534 6 1 2 3 75 3 0 0
ST_DELIB 2535 6 1 2 3 10 3 0 0
ST_DELIB 2536 6 1 2 3 10 3 0 0
ST_DELIB 2537 6 1 2 3 75 3 0 0
ST_DELIB 2538 6 1 2 3 10 3 0 0
ST_DELIB 2539 6 1 2 3 10 3 0 0
ST_DELIB 2540 6 1 2 3 75 3 0 0
ST_DELIB 2541 6 1 2 3 10 3 0 0
ST_DELIB 2542 6 1 2 3 10 3 0 0
ST_DELIB 2543 6 1 2 3 10 3 0 0
ST_DELIB 2544 6 1 2 3 75 3 0 0
ST_DELIB 2545 6 1 2 3 10 3 0 0
ST_DELIB 2546 6 1 2 3 10 3 0 0
ST_DELIB 2547 6 1 2 3 75 3 0 0
ST_DELIB 2548 6 1 2 3 10 3 0 0
ST_DELIB 2549 6 1 2 3 10 3 0 0
ST_DELIB 2550 6 1 2 3 75 3 0 0
ST_DELIB 2551 6 1 2 3 10 3 0 0
ST_DELIB 2552 6 1 2 3 10 3 0 0
ST_DELIB 2553 6 1 2 3 10 3 0 0
ST_DELIB 2554 6 1 2 3 75 3 0 0
ST_DELIB 2555 6 1 2 3 10 3 0 0
ST_DELIB 2556 6 1 2 3 10 3 0 0
ST_DELIB 2557 6 1 2 3 75 3 0 0
ST_DELIB 2558 6 1 2 3 10 3 0 0
ST_DELIB 2559 6 1 2 3 10 3 0 0
ST_DELIB 2560 6 1 2 3 75 3 0 0
ST_DELIB 2561 6 1 2 3 10 3 0 0
ST_DELIB 2562 6 1 2 3 10 3 0 0
ST_DELIB 2563 6 1 2 3 10 3 0 0
ST_DELIB 2564 6 1 2 3 75 3 0 0
ST_DELIB 2565 6 1 2 3 10 3 0 0
ST_DELIB 2566 6 1 2 3 10 3 0 0
ST_DELIB 2567 6 1 2 3 75 3 0 0
ST_DELIB 2568 6 1 2 3 10 3 0 0
ST_DELIB 2569 6 1 2 3 10 3 0 0
ST_DELIB 2570 6 1 2 3 75 3 0 0
ST_DELIB 2571 6 1 2 3 10 3 0 0
ST_DELIB 2572 6 1 2 3 10 3 0 0
ST_DELIB 2573 6 1 2 3 10 3 0 0
ST_DELIB 2574 6 1 2 3 75 3 0 0
ST_DELIB 2575 6 1 2 3 10 3 0 0
ST_DELIB 2576 6 1 2 3 10 3 0 0
ST_DELIB 2577 6 1 2 3 75 3 0 0
ST_DELIB 2578 6 1 2 3 10 3 0 0
ST_DELIB 2579 6 1 2 3 10 3 0 0
ST_DELIB 2580 6 1 2 3 75 3 0 0
ST_DELIB 2581 6 1 2 3 10 3 0 0
ST_DELIB 2582 6 1 2 3 10 3 0 0
ST_DELIB 2583 6 1 2 3 10 3 0 0
ST_DELIB 2584 6 1 2 3 75 3 0 0
ST_DELIB 2585 6 1 2 3 10 3 0 0
ST_DELIB 2586 6 1 2 3 10 3 0 0
ST_DELIB 2587 6 1 2 3 75 3 0 0
ST_DELIB 2588 6 1 2 3 10 3 0 0
ST_DELIB 2589 6 1 2 3 10 3 0 0
ST_DELIB 2590 6 1 2 3 75 3 0 0
ST_DELIB 2591 6 1 2 3 10 3 0 0
ST_DELIB 2592 6 1 2 3 10 3 0 0
ST_DELIB 2593 6 1 2 3 10 3 0 0
ST_DELIB 2594 6 1 2 3 75 3 0 0
ST_DELIB 2595 6 1 2 3 10 3 0 0
ST_DELIB 2596 6 1 2 3 10 3 0 0
ST_DELIB 2597 6 1 2 3 75 3 0 0
ST_DELIB 2598 6 1 2 3 10 3 0 0
ST_DELIB 2599 6 1 2 3 10 3 0 0
ST_DELIB 2600 6 1 2 3 75 3 0 0
ST_DELIB 2601 6 1 2 3 10 3 0 0
ST_DELIB 2602 6 1 2 3 10 3 0 0
ST_DELIB 2603 6 1 2 3 10 3 0 0
ST_DELIB 2604 6 1 2 3 75 3 0 0
ST_DELIB 2605 6 1 2 3 10 3 0 0
ST_DELIB 2606 6 1 2 3 10 3 0 0
ST_DELIB 2607 6 1 2 3 75 3 0 0
ST_DELIB 2608 6 1 2 3 10 3 0 0
ST_DELIB 2609 6 1 2 3 10 3 0 0
ST_DELIB 2610 6 1 2 3 75 3 0 0
ST_DELIB 2611 6 1 2 3 10 3 0 0
ST_DELIB 2612 6 1 2 3 10 3 0 0
ST_DELIB 2613 6 1 2 3 10 3 0 0
ST_DELIB 2614 6 1 2 3 75 3 0 0
ST_DELIB 2615 6 1 2 3 10 3 0 0
ST_DELIB 2616 6 1 2 3 10 3 0 0
ST_DELIB 2617 6 1 2 3 75 3 0 0
ST_DELIB 2618 6 1 2 3 10 3 0 0
ST_DELIB 2619 6 1 2 3 10 3 0 0
ST_DELIB 2620 6 1 2 3 75 3 0 0
ST_DELIB 2621 6 1 2 3 10 3 0 0
ST_DELIB 2622 6 1 2 3 10 3 0 0
ST_DELIB 2623 6 1 2 3 10 3 0 0
ST_DELIB 2624 6 1 2 3 75 3 0 0
ST_DELIB 2625 6 1 2 3 10 3 0 0
ST_DELIB 2626 6 1 2 3 10 3 0 0
ST_DELIB 2627 6 1 2 3 75 3 0 0
ST_DELIB 2628 6 1 2 3 10 3 0 0
ST_DELIB 2629 6 1 2 3 10 3 0 0
ST_DELIB 2630 6 1 2 3 75 3 0 0
ST_DELIB 2631 6 1 2 3 10 3 0 0
ST_DELIB 2632 6 1 2 3 10 3 0 0
ST_DELIB 2633 6 1 2 3 10 3 0 0
ST_DELIB 2634 6 1 2 3 75 3 0 0
ST_DELIB 2635 6 1 2 3 10 3 0 0
ST_DELIB 2636 6 1 2 3 10 3 0 0
ST_DELIB 2637 6 1 2 3 75 3 0 0
ST_DELIB 2638 6 1 2 3 10 3 0 0
ST_DELIB 2639 6 1 2 3 10 3 0 0
ST_DELIB 2640 6 1 2 3 75 3 0 0
ST_DELIB 2641 6 1 2 3 10 3 0 0
ST_DELIB 2642 6 1 2 3 10 3 0 0
ST_DELIB 2643 6 1 2 3 10 3 0 0
ST_DELIB 2644 6 1 2 3 75 3 0 0
ST_DELIB 2645 6 1 2 3 10 3 0 0
ST_DELIB 2646 6 1 2 3 10 3 0 0
ST_DELIB 2647 6 1 2 3 75 3 0 0
ST_DELIB 2648 6 1 2 3 10 3 0 0
ST_DELIB 2649 6 1 2 3 10 3 0 0
ST_DELIB 2650 6 1 2 3 75 3 0 0
ST_DELIB 2651 6 1 2 3 10 3 0 0
ST_DELIB 2652 6 1 2 3 10 3 0 0
ST_DELIB 2653 6 1 2 3 10 3 0 0
ST_DELIB 2654 6 1 2 3 75 3 0 0
ST_DELIB 2655 6 1 2 3 10 3 0 0
ST_DELIB 2656 6 1 2 3 10 3 0 0
ST_DELIB 2657 6 1 2 3 75 3 0 0
ST_DELIB 2658 6 1 2 3 10 3 0 0
ST_DELIB 2659 6 1 2 3 10 3 0 0
ST_DELIB 2660 6 1 2 3 75 3 0 0
ST_DELIB 2661 6 1 2 3 10 3 0 0
ST_DELIB 2662 6 1 2 3 10 3 0 0
ST_DELIB 2663 6 1 2 3 10 3 0 0
ST_DELIB 2664 6 1 2 3 75 3 0 0
ST_DELIB 2665 6 1 2 3 10 3 0 0
ST_DELIB 2666 6 1 2 3 10 3 0 0
ST_DELIB 2667 6 1 2 3 75 3 0 0
ST_DELIB 2668 6 1 2 3 10 3 0 0
ST_DELIB 2669 6 1 2 3 10 3 0 0
ST_DELIB 2670 6 1 2 3 75 3 0 0
ST_DELIB 2671 6 1 2 3 10 3 0 0
ST_DELIB 2672 6 1 2 3 10 3 0 0
ST_DELIB 2673 6 1 2 3 10 3 0 0
ST_DELIB 2674 6 1 2 3 75 3 0 0
ST_DELIB 2675 6 1 2 3 10 3 0 0
ST_DELIB 2676 6 1 2 3 10 3 0 0
ST_DELIB 2677 6 1 2 3 75 3 0 0
ST_DELIB 2678 6 1 2 3 10 3 0 0
ST_DELIB 2679 6 1 2 3 10 3 0 0
ST_DELIB 2680 6 1 2 3 75 3 0 0
ST_DELIB 2681 6 1 2 3 10 3 0 0
ST_DELIB 2682 6 1 2 3 10 3 0 0
ST_DELIB 2683 6 1 2 3 10 3 0 0
ST_DELIB 2684 6 1 2 3 75 3 0 0
ST_DELIB 2685 6 1 2 3 10 3 0 0
ST_DELIB 2686 6 1 2 3 10 3 0 0
ST_DELIB 2687 6 1 2 3 75 3 0 0
ST_DELIB 2688 6 1 2 3 10 3 0 0
ST_DELIB 2689 6 1 2 3 10 3 0 0
ST_DELIB 2690 6 1 2 3 75 3 0 0
ST_DELIB 2691 6 1 2 3 10 3 0 0
ST_DELIB 2692 6 1 2 3 10 3 0 0
ST_DELIB 2693 6 1 2 3 10 3 0 0
ST_DELIB 2694 6 1 2 3 75 3 0 0
ST_DELIB 2695 6 1 2 3 10 3 0 0
ST_DELIB 2696 6 1 2 3 10 3 0 0
ST_DELIB 2697 6 1 2 3 75 3 0 0
ST_DELIB 2698 6 1 2 3 10 3 0 0
ST_DELIB 2699 6 1 2 3 10 3 0 0
ST_DELIB 2700 6 1 2 3 75 3 0 0
ST_DELIB 2701 6 1 2 3 10 3 0 0
ST_DELIB 2702 6 1 2 3 10 3 0 0
ST_DELIB 2703 6 1 2 3 10 3 0 0
ST_DELIB 2704 6 1 2 3 75 3 0 0
ST_DELIB 2705 6 1 2 3 10 3 0 0
ST_DELIB 2706 6 1 2 3 10 3 0 0
ST_DELIB 2707 6 1 2 3 75 3 0 0
ST_DELIB 2708 6 1 2 3 10 3 0 0
ST_DELIB 2709 6 1 2 3 10 3 0 0
ST_DELIB 2710 6 1 2 3 75 3 0 0
ST_DELIB 2711 6 1 2 3 10 3 0 0
ST_DELIB 2712 6 1 2 3 10 3 0 0
ST_DELIB 2713 6 1 2 3 10 3 0 0
ST_DELIB 2714 6 1 2 3 75 3 0 0
ST_DELIB 2715 6 1 2 3 10 3 0 0
ST_DELIB 2716 6 1 2 3 10 3 0 0
ST_DELIB 2717 6 1 2 3 75 3 0 0
ST_DELIB 2718 6 1 2 3 10 3 0 0
ST_DELIB 2719 6 1 2 3 10 3 0 0
ST_DELIB 2720 6 1 2 3 75 3 0 0
ST_DELIB 2721 6 1 2 3 10 3 0 0
ST_DELIB 2722 6 1 2 3 10 3 0 0
ST_DELIB 2723 6 1 2 3 10 3 0 0
ST_DELIB 2724 6 1 2 3 75 3 0 0
ST_DELIB 2725 6 1 2 3 10 3 0 0
ST_DELIB 2726 6 1 2 3 10 3 0 0
ST_DELIB 2727 6 1 2 3 75 3 0 0
ST_DELIB 2728 6 1 2 3 10 3 0 0
ST_DELIB 2729 6 1 2 3 10 3 0 0
ST_DELIB 2730 6 1 2 3 75 3 0 0
ST_DELIB 2731 6 1 2 3 10 3 0 0
ST_DELIB 2732 6 1 2 3 10 3 0 0
ST_DELIB 2733 6 1 2 3 10 3 0 0
ST_DELIB 2734 6 1 2 3 75 3 0 0
ST_DELIB 2735 6 1 2 3 10 3 0 0
ST_DELIB 2736 6 1 2 3 10 3 0 0
ST_DELIB 2737 6 1 2 3 75 3 0 0
ST_DELIB 2738 6 1 2 3 10 3 0 0
ST_DELIB 2739 6 1 2 3 10 3 0 0
ST_DELIB 2740 6 1 2 3 75 3 0 0
ST_DELIB 2741 6 1 2 3 10 3 0 0
ST_DELIB 2742 6 1 2 3 10 3 0 0
ST_DELIB 2743 6 1 2 3 10 3 0 0
ST_DELIB 2744 6 1 2 3 75 3 0 0
ST_DELIB 2745 6 1 2 3 10 3 0 0
ST_DELIB 2746 6 1 2 3 10 3 0 0
ST_DELIB 2747 6 1 2 3 75 3 0 0
ST_DELIB 2748 6 1 2 3 10 3 0 0
ST_DELIB 2749 6 1 2 3 10 3 0 0
ST_TS 2750 320 3393 0 5824 0 2434 2 317 825 0 0 0 4 0 0 0
ST_DELIB 2750 6 1 2 3 75 3 0 0
ST_DELIB 2751 6 1 2 3 10 3 0 0
ST_DELIB 2752 6 1 2 3 10 3 0 0
ST_DELIB 2753 6 1 2 3 10 3 0 0
ST_DELIB 2754 6 1 2 3 75 3 0 0
ST_DELIB 2755 6 1 2 3 10 3 0 0
ST_DELIB 2756 6 1 2 3 10 3 0 0
ST_DELIB 2757 6 1 2 3 75 3 0 0
ST_DELIB 2758 6 1 2 3 10 3 0 0
ST_DELIB 2759 6 1 2 3 10 3 0 0
ST_DELIB 2760 6 1 2 3 75 3 0 0
ST_DELIB 2761 6 1 2 3 10 3 0 0
ST_DELIB 2762 6 1 2 3 10 3 0 0
ST_DELIB 2763 6 1 2 3 10 3 0 0
ST_DELIB 2764 6 1 2 3 75 3 0 0
ST_DELIB 2765 6 1 2 3 10 3 0 0
ST_DELIB 2766 6 1 2 3 10 3 0 0
ST_DELIB 2767 6 1 2 3 75 3 0 0
ST_DELIB 2768 6 1 2 3 10 3 0 0
ST_DELIB 2769 6 1 2 3 10 3 0 0
ST_DELIB 2770 6 1 2 3 75 3 0 0
ST_DELIB 2771 6 1 2 3 10 3 0 0
ST_DELIB 2772 6 1 2 3 10 3 0 0
ST_DELIB 2773 6 1 2 3 10 3 0 0
ST_DELIB 2774 6 1 2 3 75 3 0 0
ST_DELIB 2775 6 1 2 3 10 3 0 0
ST_DELIB 2776 6 1 2 3 10 3 0 0
ST_DELIB 2777 6 1 2 3 75 3 0 0
ST_DELIB 2778 6 1 2 3 10 3 0 0
ST_DELIB 2779 6 1 2 3 10 3 0 0
ST_DELIB 2780 6 1 2 3 75 3 0 0
ST_DELIB 2781 6 1 2 3 10 3 0 0
ST_DELIB 2782 6 1 2 3 10 3 0 0
ST_DELIB 2783 6 1 2 3 10 3 0 0
ST_DELIB 2784 6 1 2 3 75 3 0 0
ST_DELIB 2785 6 1 2 3 10 3 0 0
ST_DELIB 2786 6 1 2 3 10 3 0 0
ST_DELIB 2787 6 1 2 3 75 3 0 0
ST_DELIB 2788 6 1 2 3 10 3 0 0
ST_DELIB 2789 6 1 2 3 10 3 0 0
ST_DELIB 2790 6 1 2 3 75 3 0 0
ST_DELIB 2791 6 1 2 3 10 3 0 0
ST_DELIB 2792 6 1 2 3 10 3 0 0
ST_DELIB 2793 6 1 2 3 10 3 0 0
ST_DELIB 2794 6 1 2 3 75 3 0 0
ST_DELIB 2795 6 1 2 3 10 3 0 0
ST_DELIB 2796 6 1 2 3 10 3 0 0
ST_DELIB 2797 6 1 2 3 75 3 0 0
ST_DELIB 2798 6 1 2 3 10 3 0 0
ST_DELIB 2799 6 1 2 3 10 3 0 0
ST_DELIB 2800 6 1 2 3 75 3 0 0
ST_DELIB 2801 6 1 2 3 10 3 0 0
ST_DELIB 2802 6 1 2 3 10 3 0 0
ST_DELIB 2803 6 1 2 3 10 3 0 0
ST_DELIB 2804 6 1 2 3 75 3 0 0
ST_DELIB 2805 6 1 2 3 10 3 0 0
ST_DELIB 2806 6 1 2 3 10 3 0 0
ST_DELIB 2807 6 1 2 3 75 3 0 0
ST_DELIB 2808 6 1 2 3 10 3 0 0
ST_DELIB 2809 6 1 2 3 10 3 0 0
ST_DELIB 2810 6 1 2 3 75 3 0 0
ST_DELIB 2811 6 1 2 3 10 3 0 0
ST_DELIB 2812 6 1 2 3 10 3 0 0
ST_DELIB 2813 6 1 2 3 10 3 0 0
ST_DELIB 2814 6 1 2 3 75 3 0 0
ST_DELIB 2815 6 1 2 3 10 3 0 0
ST_DELIB 2816 6 1 2 3 10 3 0 0
ST_DELIB 2817 6 1 2 3 75 3 0 0
ST_DELIB 2818 6 1 2 3 10 3 0 0
ST_DELIB 2819 6 1 2 3 10 3 0 0
ST_DELIB 2820 6 1 2 3 75 3 0 0
ST_DELIB 2821 6 1 2 3 10 3 0 0
ST_DELIB 2822 6 1 2 3 10 3 0 0
ST_DELIB 2823 6 1 2 3 10 3 0 0
ST_DELIB 2824 6 1 2 3 75 3 0 0
ST_DELIB 2825 6 1 2 3 10 3 0 0
ST_DELIB 2826 6 1 2 3 10 3 0 0
ST_DELIB 2827 6 1 2 3 75 3 0 0
ST_DELIB 2828 6 1 2 3 10 3 0 0
ST_DELIB 2829 6 1 2 3 10 3 0 0
ST_DELIB 2830 6 1 2 3 75 3 0 0
ST_DELIB 2831 6 1 2 3 10 3 0 0
ST_DELIB 2832 6 1 2 3 10 3 0 0
ST_DELIB 2833 6 1 2 3 10 3 0 0
ST_DELIB 2834 6 1 2 3 75 3 0 0
ST_DELIB 2835 6 1 2 3 10 3 0 0
ST_DELIB 2836 6 1 2 3 10 3 0 0
ST_DELIB 2837 6 1 2 3 75 3 0 0
ST_DELIB 2838 6 1 2 3 10 3 0 0
ST_DELIB 2839 6 1 2 3 10 3 0 0
ST_DELIB 2840 6 1 2 3 75 3 0 0
ST_DELIB 2841 6 1 2 3 10 3 0 0
ST_DELIB 2842 6 1 2 3 10 3 0 0
ST_DELIB 2843 6 1 2 3 10 3 0 0
ST_DELIB 2844 6 1 2 3 75 3 0 0
ST_DELIB 2845 6 1 2 3 10 3 0 0
ST_DELIB 2846 6 1 2 3 10 3 0 0
ST_DELIB 2847 6 1 2 3 75 3 0 0
ST_DELIB 2848 6 1 2 3 10 3 0 0
ST_DELIB 2849 6 1 2 3 10 3 0 0
ST_DELIB 2850 6 1 2 3 75 3 0 0
ST_DELIB 2851 6 1 2 3 10 3 0 0
ST_DELIB 2852 6 1 2 3 10 3 0 0
ST_DELIB 2853 6 1 2 3 10 3 0 0
ST_DELIB 2854 6 1 2 3 75 3 0 0
ST_DELIB 2855 6 1 2 3 10 3 0 0
ST_DELIB 2856 6 1 2 3 10 3 0 0
ST_DELIB 2857 6 1 2 3 75 3 0 0
ST_DELIB 2858 6 1 2 3 10 3 0 0
ST_DELIB 2859 6 1 2 3 10 3 0 0
ST_DELIB 2860 6 1 2 3 75 3 0 0
ST_DELIB 2861 6 1 2 3 10 3 0 0
ST_DELIB 2862 6 1 2 3 10 3 0 0
ST_DELIB 2863 6 1 2 3 10 3 0 0
ST_DELIB 2864 6 1 2 3 75 3 0 0
ST_DELIB 2865 6 1 2 3 10 3 0 0
ST_DELIB 2866 6 1 2 3 10 3 0 0
ST_DELIB 2867 6 1 2 3 75 3 0 0
ST_DELIB 2868 6 1 2 3 10 3 0 0
ST_DELIB 2869 6 1 2 3 10 3 0 0
ST_DELIB 2870 6 1 2 3 75 3 0 0
ST_DELIB 2871 6 1 2 3 10 3 0 0
ST_DELIB 2872 6 1 2 3 10 3 0 0
ST_DELIB 2873 6 1 2 3 10 3 0 0
ST_DELIB 2874 6 1 2 3 75 3 0 0
ST_DELIB 2875 6 1 2 3 10 3 0 0
ST_DELIB 2876 6 1 2 3 10 3 0 0
ST_DELIB 2877 6 1 2 3 75 3 0 0
ST_DELIB 2878 6 1 2 3 10 3 0 0
ST_DELIB 2879 6 1 2 3 10 3 0 0
ST_DELIB 2880 6 1 2 3 75 3 0 0
ST_DELIB 2881 6 1 2 3 10 3 0 0
ST_DELIB 2882 6 1 2 3 10 3 0 0
ST_DELIB 2883 6 1 2 3 10 3 0 0
ST_DELIB 2884 6 1 2 3 75 3 0 0
ST_DELIB 2885 6 1 2 3 10 3 0 0
ST_DELIB 2886 6 1 2 3 10 3 0 0
ST_DELIB 2887 6 1 2 3 75 3 0 0
ST_DELIB 2888 6 1 2 3 10 3 0 0
ST_DELIB 2889 6 1 2 3 10 3 0 0
ST_DELIB 2890 6 1 2 3 75 3 0 0
ST_DELIB 2891 6 1 2 3 10 3 0 0
ST_DELIB 2892 6 1 2 3 10 3 0 0
ST_DELIB 2893 6 1 2 3 10 3 0 0
ST_DELIB 2894 6 1 2 3 75 3 0 0
ST_DELIB 2895 6 1 2 3 10 3 0 0
ST_DELIB 2896 6 1 2 3 10 3 0 0
ST_DELIB 2897 6 1 2 3 75 3 0 0
ST_DELIB 2898 6 1 2 3 10 3 0 0
ST_DELIB 2899 6 1 2 3 10 3 0 0
ST_DELIB 2900 6 1 2 3 75 3 0 0
ST_DELIB 2901 6 1 2 3 10 3 0 0
ST_DELIB 2902 6 1 2 3 10 3 0 0
ST_DELIB 2903 6 1 2 3 10 3 0 0
ST_DELIB 2904 6 1 2 3 75 3 0 0
ST_DELIB 2905 6 1 2 3 10 3 0 0
ST_DELIB 2906 6 1 2 3 10 3 0 0
ST_DELIB 2907 6 1 2 3 75 3 0 0
ST_DELIB 2908 6 1 2 3 10 3 0 0
ST_DELIB 2909 6 1 2 3 10 3 0 0
ST_DELIB 2910 6 1 2 3 75 3 0 0
ST_DELIB 2911 6 1 2 3 10 3 0 0
ST_DELIB 2912 6 1 2 3 10 3 0 0
ST_DELIB 2913 6 1 2 3 10 3 0 0
ST_DELIB 2914 6 1 2 3 75 3 0 0
ST_DELIB 2915 6 1 2 3 10 3 0 0
ST_DELIB 2916 6 1 2 3 10 3 0 0
ST_DELIB 2917 6 1 2 3 75 3 0 0
ST_DELIB 2918 6 1 2 3 10 3 0 0
ST_DELIB 2919 6 1 2 3 10 3 0 0
ST_DELIB 2920 6 1 2 3 75 3 0 0
ST_DELIB 2921 6 1 2 3 10 3 0 0
ST_DELIB 2922 6 1 2 3 10 3 0 0
ST_DELIB 2923 6 1 2 3 10 3 0 0
ST_DELIB 2924 6 1 2 3 75 3 0 0
ST_DELIB 2925 6 1 2 3 10 3 0 0
ST_DELIB 2926 6 1 2 3 10 3 0 0
ST_DELIB 2927 6 1 2 3 75 3 0 0
ST_DELIB 2928 6 1 2 3 10 3 0 0
ST_DELIB 2929 6 1 2 3 10 3 0 0
ST_DELIB 2930 6 1 2 3 75 3 0 0
ST_DELIB 2931 6 1 2 3 10 3 0 0
ST_DELIB 2932 6 1 2 3 10 3 0 0
ST_DELIB 2933 6 1 2 3 10 3 0 0
ST_DELIB 2934 6 1 2 3 75 3 0 0
ST_DELIB 2935 6 1 2 3 10 3 0 0
ST_DELIB 2936 6 1 2 3 10 3 0 0
ST_DELIB 2937 6 1 2 3 75 3 0 0
ST_DELIB 2938 6 1 2 3 10 3 0 0
ST_DELIB 2939 6 1 2 3 10 3 0 0
ST_DELIB 2940 6 1 2 3 75 3 0 0
ST_DELIB 2941 6 1 2 3 10 3 0 0
ST_DELIB 2942 6 1 2 3 10 3 0 0
ST_DELIB 2943 6 1 2 3 10 3 0 0
ST_DELIB 2944 6 1 2 3 75 3 0 0
ST_DELIB 2945 6 1 2 3 10 3 0 0
ST_DELIB 2946 6 1 2 3 10 3 0 0
ST_DELIB 2947 6 1 2 3 75 3 0 0
ST_DELIB 2948 6 1 2 3 10 3 0 0
ST_DELIB 2949 6 1 2 3 10 3 0 0
ST_DELIB 2950 6 1 2 3 75 3 0 0
ST_DELIB 2951 6 1 2 3 10 3 0 0
ST_DELIB 2952 6 1 2 3 10 3 0 0
ST_DELIB 2953 6 1 2 3 10 3 0 0
ST_DELIB 2954 6 1 2 3 75 3 0 0
ST_DELIB 2955 6 1 2 3 10 3 0 0
ST_DELIB 2956 6 1 2 3 10 3 0 0
ST_DELIB 2957 6 1 2 3 75 3 0 0
ST_DELIB 2958 6 1 2 3 10 3 0 0
ST_DELIB 2959 6 1 2 3 10 3 0 0
ST_DELIB 2960 6 1 2 3 75 3 0 0
ST_DELIB 2961 6 1 2 3 10 3 0 0
ST_DELIB 2962 6 1 2 3 10 3 0 0
ST_DELIB 2963 6 1 2 3 10 3 0 0
ST_DELIB 2964 6 1 2 3 75 3 0 0
ST_DELIB 2965 6 1 2 3 10 3 0 0
ST_DELIB 2966 6 1 2 3 10 3 0 0
ST_DELIB 2967 6 1 2 3 75 3 0 0
ST_DELIB 2968 6 1 2 3 10 3 0 0
ST_DELIB 2969 6 1 2 3 10 3 0 0
ST_DELIB 2970 6 1 2 3 75 3 0 0
ST_DELIB 2971 6 1 2 3 10 3 0 0
ST_DELIB 2972 6 1 2 3 10 3 0 0
ST_DELIB 2973 6 1 2 3 10 3 0 0
ST_DELIB 2974 6 1 2 3 75 3 0 0
ST_DELIB 2975 6 1 2 3 10 3 0 0
ST_DELIB 2976 6 1 2 3 10 3 0 0
ST_DELIB 2977 6 1 2 3 75 3 0 0
ST_DELIB 2978 6 1 2 3 10 3 0 0
ST_DELIB 2979 6 1 2 3 10 3 0 0
ST_DELIB 2980 6 1 2 3 75 3 0 0
ST_DELIB 2981 6 1 2 3 10 3 0 0
ST_DELIB 2982 6 1 2 3 10 3 0 0
ST_DELIB 2983 6 1 2 3 10 3 0 0
ST_DELIB 2984 6 1 2 3 75 3 0 0
ST_DELIB 2985 6 1 2 3 10 3 0 0
ST_DELIB 2986 6 1 2 3 10 3 0 0
ST_DELIB 2987 6 1 2 3 75 3 0 0
ST_DELIB 2988 6 1 2 3 10 3 0 0
ST_DELIB 2989 6 1 2 3 10 3 0 0
ST_DELIB 2990 6 1 2 3 75 3 0 0
ST_DELIB 2991 6 1 2 3 10 3 0 0
ST_DELIB 2992 6 1 2 3 10 3 0 0
ST_DELIB 2993 6 1 2 3 10 3 0 0
ST_DELIB 2994 6 1 2 3 75 3 0 0
ST_DELIB 2995 6 1 2 3 10 3 0 0
ST_DELIB 2996 6 1 2 3 10 3 0 0
ST_DELIB 2997 6 1 2 3 75 3 0 0
ST_DELIB 2998 6 1 2 3 10 3 0 0
ST_DELIB 2999 6 1 2 3 10 3 0 0
ST_TS 3000 320 3643 0 6574 0 2684 2 317 900 0 0 0 4 0 0 0
ST_DELIB 3000 6 1 2 3 75 3 0 0
ST_DELIB 3001 6 1 2 3 10 3 0 0
ST_DELIB 3002 6 1 2 3 10 3 0 0
ST_DELIB 3003 6 1 2 3 10 3 0 0
ST_DELIB 3004 6 1 2 3 75 3 0 0
ST_DELIB 3005 6 1 2 3 10 3 0 0
ST_DELIB 3006 6 1 2 3 10 3 0 0
ST_DELIB 3007 6 1 2 3 75 3 0 0
ST_DELIB 3008 6 1 2 3 10 3 0 0
ST_DELIB 3009 6 1 2 3 10 3 0 0
ST_DELIB 3010 6 1 2 3 75 3 0 0
ST_DELIB 3011 6 1 2 3 10 3 0 0
ST_DELIB 3012 6 1 2 3 10 3 0 0
ST_DELIB 3013 6 1 2 3 10 3 0 0
ST_DELIB 3014 6 1 2 3 75 3 0 0
ST_DELIB 3015 6 1 2 3 10 3 0 0
ST_DELIB 3016 6 1 2 3 10 3 0 0
ST_DELIB 3017 6 1 2 3 75 3 0 0
ST_DELIB 3018 6 1 2 3 10 3 0 0
ST_DELIB 3019 6 1 2 3 10 3 0 0
ST_DELIB 3020 6 1 2 3 75 3 0 0
ST_DELIB 3021 6 1 2 3 10 3 0 0
ST_DELIB 3022 6 1 2 3 10 3 0 0
ST_DELIB 3023 6 1 2 3 10 3 0 0
ST_DELIB 3024 6 1 2 3 75 3 0 0
ST_DELIB 3025 6 1 2 3 10 3 0 0
ST_DELIB 3026 6 1 2 3 10 3 0 0
ST_DELIB 3027 6 1 2 3 75 3 0 0
ST_DELIB 3028 6 1 2 3 10 3 0 0
ST_DELIB 3029 6 1 2 3 10 3 0 0
ST_DELIB 3030 6 1 2 3 75 3 0 0
ST_DELIB 3031 6 1 2 3 10 3 0 0
ST_DELIB 3032 6 1 2 3 10 3 0 0
ST_DELIB 3033 6 1 2 3 10 3 0 0
ST_DELIB 3034 6 1 2 3 75 3 0 0
ST_DELIB 3035 6 1 2 3 10 3 0 0
ST_DELIB 3036 6 1 2 3 10 3 0 0
ST_DELIB 3037 6 1 2 3 75 3 0 0
ST_DELIB 3038 6 1 2 3 10 3 0 0
ST_DELIB 3039 6 1 2 3 10 3 0 0
ST_DELIB 3040 6 1 2 3 75 3 0 0
ST_DELIB 3041 6 1 2 3 10 3 0 0
ST_DELIB 3042 6 1 2 3 10 3 0 0
ST_DELIB 3043 6 1 2 3 10 3 0 0
ST_DELIB 3044 6 1 2 3 75 3 0 0
ST_DELIB 3045 6 1 2 3 10 3 0 0
ST_DELIB 3046 6 1 2 3 10 3 0 0
ST_DELIB 3047 6 1 2 3 75 3 0 0
ST_DELIB 3048 6 1 2 3 10 3 0 0
ST_DELIB 3049 6 1 2 3 10 3 0 0
ST_DELIB 3050 6 1 2 3 75 3 0 0
ST_DELIB 3051 6 1 2 3 10 3 0 0
ST_DELIB 3052 6 1 2 3 10 3 0 0
ST_DELIB 3053 6 1 2 3 10 3 0 0
ST_DELIB 3054 6 1 2 3 75 3 0 0
ST_DELIB 3055 6 1 2 3 10 3 0 0
ST_DELIB 3056 6 1 2 3 10 3 0 0
ST_DELIB 3057 6 1 2 3 75 3 0 0
ST_DELIB 3058 6 1 2 3 10 3 0 0
ST_DELIB 3059 6 1 2 3 10 3 0 0
ST_DELIB 3060 6 1 2 3 75 3 0 0
ST_DELIB 3061 6 1 2 3 10 3 0 0
ST_DELIB 3062 6 1 2 3 10 3 0 0
ST_DELIB 3063 6 1 2 3 10 3 0 0
ST_DELIB 3064 6 1 2 3 75 3 0 0
ST_DELIB 3065 6 1 2 3 10 3 0 0
ST_DELIB 3066 6 1 2 3 10 3 0 0
ST_DELIB 3067 6 1 2 3 75 3 0 0
ST_DELIB 3068 6 1 2 3 10 3 0 0
ST_DELIB 3069 6 1 2 3 10 3 0 0
ST_DELIB 3070 6 1 2 3 75 3 0 0
ST_DELIB 3071 6 1 2 3 10 3 0 0
ST_DELIB 3072 6 1 2 3 10 3 0 0
ST_DELIB 3073 6 1 2 3 10 3 0 0
ST_DELIB 3074 6 1 2 3 75 3 0 0
ST_DELIB 3075 6 1 2 3 10 3 0 0
ST_DELIB 3076 6 1 2 3 10 3 0 0
ST_DELIB 3077 6 1 2 3 75 3 0 0
ST_DELIB 3078 6 1 2 3 10 3 0 0
ST_DELIB 3079 6 1 2 3 10 3 0 0
ST_DELIB 3080 6 1 2 3 75 3 0 0
ST_DELIB 3081 6 1 2 3 10 3 0 0
ST_DELIB 3082 6 1 2 3 10 3 0 0
ST_DELIB 3083 6 1 2 3 10 3 0 0
ST_DELIB 3084 6 1 2 3 75 3 0 0
ST_DELIB 3085 6 1 2 3 10 3 0 0
ST_DELIB 3086 6 1 2 3 10 3 0 0
ST_DELIB 3087 6 1 2 3 75 3 0 0
ST_DELIB 3088 6 1 2 3 10 3 0 0
ST_DELIB 3089 6 1 2 3 10 3 0 0
ST_DELIB 3090 6 1 2 3 75 3 0 0
ST_DELIB 3091 6 1 2 3 10 3 0 0
ST_DELIB 3092 6 1 2 3 10 3 0 0
ST_DELIB 3093 6 1 2 3 10 3 0 0
ST_DELIB 3094 6 1 2 3 75 3 0 0
ST_DELIB 3095 6 1 2 3 10 3 0 0
ST_DELIB 3096 6 1 2 3 10 3 0 0
ST_DELIB 3097 6 1 2 3 75 3 0 0
ST_DELIB 3098 6 1 2 3 10 3 0 0
ST_DELIB 3099 6 1 2 3 10 3 0 0
ST_DELIB 3100 6 1 2 3 75 3 0 0
ST_DELIB 3101 6 1 2 3 10 3 0 0
ST_DELIB 3102 6 1 2 3 10 3 0 0
ST_DELIB 3103 6 1 2 3 10 3 0 0
ST_DELIB 3104 6 1 2 3 75 3 0 0
ST_DELIB 3105 6 1 2 3 10 3 0 0
ST_DELIB 3106 6 1 2 3 10 3 0 0
ST_DELIB 3107 6 1 2 3 75 3 0 0
ST_DELIB 3108 6 1 2 3 10 3 0 0
ST_DELIB 3109 6 1 2 3 10 3 0 0
ST_DELIB 3110 6 1 2 3 75 3 0 0
ST_DELIB 3111 6 1 2 3 10 3 0 0
ST_DELIB 3112 6 1 2 3 10 3 0 0
ST_DELIB 3113 6 1 2 3 10 3 0 0
ST_DELIB 3114 6 1 2 3 75 3 0 0
ST_DELIB 3115 6 1 2 3 10 3 0 0
ST_DELIB 3116 6 1 2 3 10 3 0 0
ST_DELIB 3117 6 1 2 3 75 3 0 0
ST_DELIB 3118 6 1 2 3 10 3 0 0
ST_DELIB 3119 6 1 2 3 10 3 0 0
ST_DELIB 3120 6 1 2 3 75 3 0 0
ST_DELIB 3121 6 1 2 3 10 3 0 0
ST_DELIB 3122 6 1 2 3 10 3 0 0
ST_DELIB 3123 6 1 2 3 10 3 0 0
ST_DELIB 3124 6 1 2 3 75 3 0 0
ST_DELIB 3125 6 1 2 3 10 3 0 0
ST_DELIB 3126 6 1 2 3 10 3 0 0
ST_DELIB 3127 6 1 2 3 75 3 0 0
ST_DELIB 3128 6 1 2 3 10 3 0 0
ST_DELIB 3129 6 1 2 3 10 3 0 0
ST_DELIB 3130 6 1 2 3 75 3 0 0
ST_DELIB 3131 6 1 2 3 10 3 0 0
ST_DELIB 3132 6 1 2 3 10 3 0 0
ST_DELIB 3133 6 1 2 3 10 3 0 0
ST_DELIB 3134 6 1 2 3 75 3 0 0
ST_DELIB 3135 6 1 2 3 10 3 0 0
ST_DELIB 3136 6 1 2 3 10 3 0 0
ST_DELIB 3137 6 1 2 3 75 3 0 0
ST_DELIB 3138 6 1 2 3 10 3 0 0
ST_DELIB 3139 6 1 2 3 10 3 0 0
ST_DELIB 3140 6 1 2 3 75 3 0 0
ST_DELIB 3141 6 1 2 3 10 3 0 0
ST_DELIB 3142 6 1 2 3 10 3 0 0
ST_DELIB 3143 6 1 2 3 10 3 0 0
ST_DELIB 3144 6 1 2 3 75 3 0 0
ST_DELIB 3145 6 1 2 3 10 3 0 0
ST_DELIB 3146 6 1 2 3 10 3 0 0
ST_DELIB 3147 6 1 2 3 75 3 0 0
ST_DELIB 3148 6 1 2 3 10 3 0 0
ST_DELIB 3149 6 1 2 3 10 3 0 0
ST_DELIB 3150 6 1 2 3 75 3 0 0
ST_DELIB 3151 6 1 2 3 10 3 0 0
ST_DELIB 3152 6 1 2 3 10 3 0 0
ST_DELIB 3153 6 1 2 3 10 3 0 0
ST_DELIB 3154 6 1 2 3 75 3 0 0
ST_DELIB 3155 6 1 2 3 10 3 0 0
ST_DELIB 3156 6 1 2 3 10 3 0 0
ST_DELIB 3157 6 1 2 3 75 3 0 0
ST_DELIB 3158 6 1 2 3 10 3 0 0
ST_DELIB 3159 6 1 2 3 10 3 0 0
ST_DELIB 3160 6 1 2 3 75 3 0 0
ST_DELIB 3161 6 1 2 3 10 3 0 0
ST_DELIB 3162 6 1 2 3 10 3 0 0
ST_DELIB 3163 6 1 2 3 10 3 0 0
ST_DELIB 3164 6 1 2 3 75 3 0 0
ST_DELIB 3165 6 1 2 3 10 3 0 0
ST_DELIB 3166 6 1 2 3 10 3 0 0
ST_DELIB 3167 6 1 2 3 75 3 0 0
ST_DELIB 3168 6 1 2 3 10 3 0 0
ST_DELIB 3169 6 1 2 3 10 3 0 0
ST_DELIB 3170 6 1 2 3 75 3 0 0
ST_DELIB 3171 6 1 2 3 10 3 0 0
ST_DELIB 3172 6 1 2 3 10 3 0 0
ST_DELIB 3173 6 1 2 3 10 3 0 0
ST_DELIB 3174 6 1 2 3 75 3 0 0
ST_DELIB 3175 6 1 2 3 10 3 0 0
ST_DELIB 3176 6 1 2 3 10 3 0 0
ST_DELIB 3177 6 1 2 3 75 3 0 0
ST_DELIB 3178 6 1 2 3 10 3 0 0
ST_DELIB 3179 6 1 2 3 10 3 0 0
ST_DELIB 3180 6 1 2 3 75 3 0 0
ST_DELIB 3181 6 1 2 3 10 3 0 0
ST_DELIB 3182 6 1 2 3 10 3 0 0
ST_DELIB 3183 6 1 2 3 10 3 0 0
ST_DELIB 3184 6 1 2 3 75 3 0 0
ST_DELIB 3185 6 1 2 3 10 3 0 0
ST_DELIB 3186 6 1 2 3 10 3 0 0
ST_DELIB 3187 6 1 2 3 75 3 0 0
ST_DELIB 3188 6 1 2 3 10 3 0 0
ST_DELIB 3189 6 1 2 3 10 3 0 0
ST_DELIB 3190 6 1 2 3 75 3 0 0
ST_DELIB 3191 6 1 2 3 10 3 0 0
ST_DELIB 3192 6 1 2 3 10 3 0 0
ST_DELIB 3193 6 1 2 3 10 3 0 0
ST_DELIB 3194 6 1 2 3 75 3 0 0
ST_DELIB 3195 6 1 2 3 10 3 0 0
ST_DELIB 3196 6 1 2 3 10 3 0 0
ST_DELIB 3197 6 1 2 3 75 3 0 0
ST_DELIB 3198 6 1 2 3 10 3 0 0
ST_DELIB 3199 6 1 2 3 10 3 0 0
ST_DELIB 3200 6 1 2 3 75 3 0 0
ST_DELIB 3201 6 1 2 3 10 3 0 0
ST_DELIB 3202 6 1 2 3 10 3 0 0
ST_DELIB 3203 6 1 2 3 10 3 0 0
ST_DELIB 3204 6 1 2 3 75 3 0 0
ST_DELIB 3205 6 1 2 3 10 3 0 0
ST_DELIB 3206 6 1 2 3 10 3 0 0
ST_DELIB 3207 6 1 2 3 75 3 0 0
ST_DELIB 3208 6 1 2 3 10 3 0 0
ST_DELIB 3209 6 1 2 3 10 3 0 0
ST_DELIB 3210 6 1 2 3 75 3 0 0
ST_DELIB 3211 6 1 2 3 10 3 0 0
ST_DELIB 3212 6 1 2 3 10 3 0 0
ST_DELIB 3213 6 1 2 3 10 3 0 0
ST_DELIB 3214 6 1 2 3 75 3 0 0
ST_DELIB 3215 6 1 2 3 10 3 0 0
ST_DELIB 3216 6 1 2 3 10 3 0 0
ST_DELIB 3217 6 1 2 3 75 3 0 0
ST_DELIB 3218 6 1 2 3 10 3 0 0
ST_DELIB 3219 6 1 2 3 10 3 0 0
ST_DELIB 3220 6 1 2 3 75 3 0 0
ST_DELIB 3221 6 1 2 3 10 3 0 0
ST_DELIB 3222 6 1 2 3 10 3 0 0
ST_DELIB 3223 6 1 2 3 10 3 0 0
ST_DELIB 3224 6 1 2 3 75 3 0 0
ST_DELIB 3225 6 1 2 3 10 3 0 0
ST_DELIB 3226 6 1 2 3 10 3 0 0
ST_DELIB 3227 6 1 2 3 75 3 0 0
ST_DELIB 3228 6 1 2 3 10 3 0 0
ST_DELIB 3229 6 1 2 3 10 3 0 0
ST_DELIB 3230 6 1 2 3 75 3 0 0
ST_DELIB 3231 6 1 2 3 10 3 0 0
ST_DELIB 3232 6 1 2 3 10 3 0 0
ST_DELIB 3233 6 1 2 3 10 3 0 0
ST_DELIB 3234 6 1 2 3 75 3 0 0
ST_DELIB 3235 6 1 2 3 10 3 0 0
ST_DELIB 3236 6 1 2 3 10 3 0 0
ST_DELIB 3237 6 1 2 3 75 3 0 0
ST_DELIB 3238 6 1 2 3 10 3 0 0
ST_DELIB 3239 6 1 2 3 10 3 0 0
ST_DELIB 3240 6 1 2 3 75 3 0 0
ST_DELIB 3241 6 1 2 3 10 3 0 0
ST_DELIB 3242 6 1 2 3 10 3 0 0
ST_DELIB 3243 6 1 2 3 10 3 0 0
ST_DELIB 3244 6 1 2 3 75 3 0 0
ST_DELIB 3245 6 1 2 3 10 3 0 0
ST_DELIB 3246 6 1 2 3 10 3 0 0
ST_DELIB 3247 6 1 2 3 75 3 0 0
ST_DELIB 3248 6 1 2 3 10 3 0 0
ST_DELIB 3249 6 1 2 3 10 3 0 0
ST_TS 3250 320 3893 0 7324 0 2934 2 317 975 0 0 0 4 0 0 0
ST_DELIB 3250 6 1 2 3 75 3 0 0
ST_DELIB 3251 6 1 2 3 10 3 0 0
ST_DELIB 3252 6 1 2 3 10 3 0 0
ST_DELIB 3253 6 1 2 3 10 3 0 0
ST_DELIB 3254 6 1 2 3 75 3 0 0
ST_DELIB 3255 6 1 2 3 10 3 0 0
ST_DELIB 3256 6 1 2 3 10 3 0 0
ST_DELIB 3257 6 1 2 3 75 3 0 0
ST_DELIB 3258 6 1 2 3 10 3 0 0
ST_DELIB 3259 6 1 2 3 10 3 0 0
ST_DELIB 3260 6 1 2 3 75 3 0 0
ST_DELIB 3261 6 1 2 3 10 3 0 0
ST_DELIB 3262 6 1 2 3 10 3 0 0
ST_DELIB 3263 6 1 2 3 10 3 0 0
ST_DELIB 3264 6 1 2 3 75 3 0 0
ST_DELIB 3265 6 1 2 3 10 3 0 0
ST_DELIB 3266 6 1 2 3 10 3 0 0
ST_DELIB 3267 6 1 2 3 75 3 0 0
ST_DELIB 3268 6 1 2 3 10 3 0 0
ST_DELIB 3269 6 1 2 3 10 3 0 0
ST_DELIB 3270 6 1 2 3 75 3 0 0
ST_DELIB 3271 6 1 2 3 10 3 0 0
ST_DELIB 3272 6 1 2 3 10 3 0 0
ST_DELIB 3273 6 1 2 3 10 3 0 0
ST_DELIB 3274 6 1 2 3 75 3 0 0
ST_DELIB 3275 6 1 2 3 10 3 0 0
ST_DELIB 3276 6 1 2 3 10 3 0 0
ST_DELIB 3277 6 1 2 3 75 3 0 0
ST_DELIB 3278 6 1 2 3 10 3 0 0
ST_DELIB 3279 6 1 2 3 10 3 0 0
ST_DELIB 3280 6 1 2 3 75 3 0 0
ST_DELIB 3281 6 1 2 3 10 3 0 0
ST_DELIB 3282 6 1 2 3 10 3 0 0
ST_DELIB 3283 6 1 2 3 10 3 0 0
ST_DELIB 3284 6 1 2 3 75 3 0 0
ST_DELIB 3285 6 1 2 3 10 3 0 0
ST_DELIB 3286 6 1 2 3 10 3 0 0
ST_DELIB 3287 6 1 2 3 75 3 0 0
ST_DELIB 3288 6 1 2 3 10 3 0 0
ST_DELIB 3289 6 1 2 3 10 3 0 0
ST_DELIB 3290 6 1 2 3 75 3 0 0
ST_DELIB 3291 6 1 2 3 10 3 0 0
ST_DELIB 3292 6 1 2 3 10 3 0 0
ST_DELIB 3293 6 1 2 3 10 3 0 0
ST_DELIB 3294 6 1 2 3 75 3 0 0
ST_DELIB 3295 6 1 2 3 10 3 0 0
ST_DELIB 3296 6 1 2 3 10 3 0 0
ST_DELIB 3297 6 1 2 3 75 3 0 0
ST_DELIB 3298 6 1 2 3 10 3 0 0
ST_DELIB 3299 6 1 2 3 10 3 0 0
ST_DELIB 3300 6 1 2 3 75 3 0 0
ST_DELIB 3301 6 1 2 3 10 3 0 0
ST_DELIB 3302 6 1 2 3 10 3 0 0
ST_DELIB 3303 6 1 2 3 10 3 0 0
ST_DELIB 3304 6 1 2 3 75 3 0 0
ST_DELIB 3305 6 1 2 3 10 3 0 0
ST_DELIB 3306 6 1 2 3 10 3 0 0
ST_DELIB 3307 6 1 2 3 75 3 0 0
ST_DELIB 3308 6 1 2 3 10 3 0 0
ST_DELIB 3309 6 1 2 3 10 3 0 0
ST_DELIB 3310 6 1 2 3 75 3 0 0
ST_DELIB 3311 6 1 2 3 10 3 0 0
ST_DELIB 3312 6 1 2 3 10 3 0 0
ST_DELIB 3313 6 1 2 3 10 3 0 0
ST_DELIB 3314 6 1 2 3 75 3 0 0
ST_DELIB 3315 6 1 2 3 10 3 0 0
ST_DELIB 3316 6 1 2 3 10 3 0 0
ST_DELIB 3317 6 1 2 3 75 3 0 0
ST_DELIB 3318 6 1 2 3 10 3 0 0
ST_DELIB 3319 6 1 2 3 10 3 0 0
ST_DELIB 3320 6 1 2 3 75 3 0 0
ST_DELIB 3321 6 1 2 3 10 3 0 0
ST_DELIB 3322 6 1 2 3 10 3 0 0
ST_DELIB 3323 6 1 2 3 10 3 0 0
ST_DELIB 3324 6 1 2 3 75 3 0 0
ST_DELIB 3325 6 1 2 3 10 3 0 0
ST_DELIB 3326 6 1 2 3 10 3 0 0
ST_DELIB 3327 6 1 2 3 75 3 0 0
ST_DELIB 3328 6 1 2 3 10 3 0 0
ST_DELIB 3329 6 1 2 3 10 3 0 0
ST_DELIB 3330 6 1 2 3 75 3 0 0
ST_DELIB 3331 6 1 2 3 10 3 0 0
ST_DELIB 3332 6 1 2 3 10 3 0 0
ST_DELIB 3333 6 1 2 3 10 3 0 0
ST_DELIB 3334 6 1 2 3 75 3 0 0
ST_DELIB 3335 6 1 2 3 10 3 0 0
ST_DELIB 3336 6 1 2 3 10 3 0 0
ST_DELIB 3337 6 1 2 3 75 3 0 0
ST_DELIB 3338 6 1 2 3 10 3 0 0
ST_DELIB 3339 6 1 2 3 10 3 0 0
ST_DELIB 3340 6 1 2 3 75 3 0 0
ST_DELIB 3341 6 1 2 3 10 3 0 0
ST_DELIB 3342 6 1 2 3 10 3 0 0
ST_DELIB 3343 6 1 2 3 10 3 0 0
ST_DELIB 3344 6 1 2 3 75 3 0 0
ST_DELIB 3345 6 1 2 3 10 3 0 0
ST_DELIB 3346 6 1 2 3 10 3 0 0
ST_DELIB 3347 6 1 2 3 75 3 0 0
ST_DELIB 3348 6 1 2 3 10 3 0 0
ST_DELIB 3349 6 1 2 3 10 3 0 0
ST_DELIB 3350 6 1 2 3 75 3 0 0
ST_DELIB 3351 6 1 2 3 10 3 0 0
ST_DELIB 3352 6 1 2 3 10 3 0 0
ST_DELIB 3353 6 1 2 3 10 3 0 0
ST_DELIB 3354 6 1 2 3 75 3 0 0
ST_DELIB 3355 6 1 2 3 10 3 0 0
ST_DELIB 3356 6 1 2 3 10 3 0 0
ST_DELIB 3357 6 1 2 3 75 3 0 0
ST_DELIB 3358 6 1 2 3 10 3 0 0
ST_DELIB 3359 6 1 2 3 10 3 0 0
ST_DELIB 3360 6 1 2 3 75 3 0 0
ST_DELIB 3361 6 1 2 3 10 3 0 0
ST_DELIB 3362 6 1 2 3 10 3 0 0
ST_DELIB 3363 6 1 2 3 10 3 0 0
ST_DELIB 3364 6 1 2 3 75 3 0 0
ST_DELIB 3365 6 1 2 3 10 3 0 0
ST_DELIB 3366 6 1 2 3 10 3 0 0
ST_DELIB 3367 6 1 2 3 75 3 0 0
ST_DELIB 3368 6 1 2 3 10 3 0 0
ST_DELIB 3369 6 1 2 3 10 3 0 0
ST_DELIB 3370 6 1 2 3 75 3 0 0
ST_DELIB 3371 6 1 2 3 10 3 0 0
ST_DELIB 3372 6 1 2 3 10 3 0 0
ST_DELIB 3373 6 1 2 3 10 3 0 0
ST_DELIB 3374 6 1 2 3 75 3 0 0
ST_DELIB 3375 6 1 2 3 10 3 0 0
ST_DELIB 3376 6 1 2 3 10 3 0 0
ST_DELIB 3377 6 1 2 3 75 3 0 0
ST_DELIB 3378 6 1 2 3 10 3 0 0
ST_DELIB 3379 6 1 2 3 10 3 0 0
ST_DELIB 3380 6 1 2 3 75 3 0 0
ST_DELIB 3381 6 1 2 3 10 3 0 0
ST_DELIB 3382 6 1 2 3 10 3 0 0
ST_DELIB 3383 6 1 2 3 10 3 0 0
ST_DELIB 3384 6 1 2 3 75 3 0 0
ST_DELIB 3385 6 1 2 3 10 3 0 0
ST_DELIB 3386 6 1 2 3 10 3 0 0
ST_DELIB 3387 6 1 2 3 75 3 0 0
ST_DELIB 3388 6 1 2 3 10 3 0 0
ST_DELIB 3389 6 1 2 3 10 3 0 0
ST_DELIB 3390 6 1 2 3 75 3 0 0
ST_DELIB 3391 6 1 2 3 10 3 0 0
ST_DELIB 3392 6 1 2 3 10 3 0 0
ST_DELIB 3393 6 1 2 3 10 3 0 0
ST_DELIB 3394 6 1 2 3 75 3 0 0
ST_DELIB 3395 6 1 2 3 10 3 0 0
ST_DELIB 3396 6 1 2 3 10 3 0 0
ST_DELIB 3397 6 1 2 3 75 3 0 0
ST_DELIB 3398 6 1 2 3 10 3 0 0
ST_DELIB 3399 6 1 2 3 10 3 0 0
ST_DELIB 3400 6 1 2 3 75 3 0 0
ST_DELIB 3401 6 1 2 3 10 3 0 0
ST_DELIB 3402 6 1 2 3 10 3 0 0
ST_DELIB 3403 6 1 2 3 10 3 0 0
ST_DELIB 3404 6 1 2 3 75 3 0 0
ST_DELIB 3405 6 1 2 3 10 3 0 0
ST_DELIB 3406 6 1 2 3 10 3 0 0
ST_DELIB 3407 6 1 2 3 75 3 0 0
ST_DELIB 3408 6 1 2 3 10 3 0 0
ST_DELIB 3409 6 1 2 3 10 3 0 0
ST_DELIB 3410 6 1 2 3 75 3 0 0
ST_DELIB 3411 6 1 2 3 10 3 0 0
ST_DELIB 3412 6 1 2 3 10 3 0 0
ST_DELIB 3413 6 1 2 3 10 3 0 0
ST_DELIB 3414 6 1 2 3 75 3 0 0
ST_DELIB 3415 6 1 2 3 10 3 0 0
ST_DELIB 3416 6 1 2 3 10 3 0 0
ST_DELIB 3417 6 1 2 3 75 3 0 0
ST_DELIB 3418 6 1 2 3 10 3 0 0
ST_DELIB 3419 6 1 2 3 10 3 0 0
ST_DELIB 3420 6 1 2 3 75 3 0 0
ST_DELIB 3421 6 1 2 3 10 3 0 0
ST_DELIB 3422 6 1 2 3 10 3 0 0
ST_DELIB 3423 6 1 2 3 10 3 0 0
ST_DELIB 3424 6 1 2 3 75 3 0 0
ST_DELIB 3425 6 1 2 3 10 3 0 0
ST_DELIB 3426 6 1 2 3 10 3 0 0
ST_DELIB 3427 6 1 2 3 75 3 0 0
ST_DELIB 3428 6 1 2 3 10 3 0 0
ST_DELIB 3429 6 1 2 3 10 3 0 0
ST_DELIB 3430 6 1 2 3 75 3 0 0
ST_DELIB 3431 6 1 2 3 10 3 0 0
ST_DELIB 3432 6 1 2 3 10 3 0 0
ST_DELIB 3433 6 1 2 3 10 3 0 0
ST_DELIB 3434 6 1 2 3 75 3 0 0
ST_DELIB 3435 6 1 2 3 10 3 0 0
ST_DELIB 3436 6 1 2 3 10 3 0 0
ST_DELIB 3437 6 1 2 3 75 3 0 0
ST_DELIB 3438 6 1 2 3 10 3 0 0
ST_DELIB 3439 6 1 2 3 10 3 0 0
ST_DELIB 3440 6 1 2 3 75 3 0 0
ST_DELIB 3441 6 1 2 3 10 3 0 0
ST_DELIB 3442 6 1 2 3 10 3 0 0
ST_DELIB 3443 6 1 2 3 10 3 0 0
ST_DELIB 3444 6 1 2 3 75 3 0 0
ST_DELIB 3445 6 1 2 3 10 3 0 0
ST_DELIB 3446 6 1 2 3 10 3 0 0
ST_DELIB 3447 6 1 2 3 75 3 0 0
ST_DELIB 3448 6 1 2 3 10 3 0 0
ST_DELIB 3449 6 1 2 3 10 3 0 0
ST_DELIB 3450 6 1 2 3 75 3 0 0
ST_DELIB 3451 6 1 2 3 10 3 0 0
ST_DELIB 3452 6 1 2 3 10 3 0 0
ST_DELIB 3453 6 1 2 3 10 3 0 0
ST_DELIB 3454 6 1 2 3 75 3 0 0
ST_DELIB 3455 6 1 2 3 10 3 0 0
ST_DELIB 3456 6 1 2 3 10 3 0 0
ST_DELIB 3457 6 1 2 3 75 3 0 0
ST_DELIB 3458 6 1 2 3 10 3 0 0
ST_DELIB 3459 6 1 2 3 10 3 0 0
ST_DELIB 3460 6 1 2 3 75 3 0 0
ST_DELIB 3461 6 1 2 3 10 3 0 0
ST_DELIB 3462 6 1 2 3 10 3 0 0
ST_DELIB 3463 6 1 2 3 10 3 0 0
ST_DELIB 3464 6 1 2 3 75 3 0 0
ST_DELIB 3465 6 1 2 3 10 3 0 0
ST_DELIB 3466 6 1 2 3 10 3 0 0
ST_DELIB 3467 6 1 2 3 75 3 0 0
ST_DELIB 3468 6 1 2 3 10 3 0 0
ST_DELIB 3469 6 1 2 3 10 3 0 0
ST_DELIB 3470 6 1 2 3 75 3 0 0
ST_DELIB 3471 6 1 2 3 10 3 0 0
ST_DELIB 3472 6 1 2 3 10 3 0 0
ST_DELIB 3473 6 1 2 3 10 3 0 0
ST_DELIB 3474 6 1 2 3 75 3 0 0
ST_DELIB 3475 6 1 2 3 10 3 0 0
ST_DELIB 3476 6 1 2 3 10 3 0 0
ST_DELIB 3477 6 1 2 3 75 3 0 0
ST_DELIB 3478 6 1 2 3 10 3 0 0
ST_DELIB 3479 6 1 2 3 10 3 0 0
ST_DELIB 3480 6 1 2 3 75 3 0 0
ST_DELIB 3481 6 1 2 3 10 3 0 0
ST_DELIB 3482 6 1 2 3 10 3 0 0
ST_DELIB 3483 6 1 2 3 10 3 0 0
ST_DELIB 3484 6 1 2 3 75 3 0 0
ST_DELIB 3485 6 1 2 3 10 3 0 0
ST_DELIB 3486 6 1 2 3 10 3 0 0
ST_DELIB 3487 6 1 2 3 75 3 0 0
ST_DELIB 3488 6 1 2 3 10 3 0 0
ST_DELIB 3489 6 1 2 3 10 3 0 0
ST_DELIB 3490 6 1 2 3 75 3 0 0
ST_DELIB 3491 6 1 2 3 10 3 0 0
ST_DELIB 3492 6 1 2 3 10 3 0 0
ST_DELIB 3493 6 1 2 3 10 3 0 0
ST_DELIB 3494 6 1 2 3 75 3 0 0
ST_DELIB 3495 6 1 2 3 10 3 0 0
ST_DELIB 3496 6 1 2 3 10 3 0 0
ST_DELIB 3497 6 1 2 3 75 3 0 0
ST_DELIB 3498 6 1 2 3 10 3 0 0
ST_DELIB 3499 6 1 2 3 10 3 0 0
ST_TS 3500 320 4143 0 8074 0 3184 2 317 1050 0 0 0 5 0 0 0
ST_DELIB 3500 6 1 2 3 75 3 0 0
ST_DELIB 3501 6 1 2 3 10 3 0 0
ST_DELIB 3502 6 1 2 3 10 3 0 0
ST_DELIB 3503 6 1 2 3 10 3 0 0
ST_DELIB 3504 6 1 2 3 75 3 0 0
ST_DELIB 3505 6 1 2 3 10 3 0 0
ST_DELIB 3506 6 1 2 3 10 3 0 0
ST_DELIB 3507 6 1 2 3 75 3 0 0
ST_DELIB 3508 6 1 2 3 10 3 0 0
ST_DELIB 3509 6 1 2 3 10 3 0 0
ST_DELIB 3510 6 1 2 3 75 3 0 0
ST_DELIB 3511 6 1 2 3 10 3 0 0
ST_DELIB 3512 6 1 2 3 10 3 0 0
ST_DELIB 3513 6 1 2 3 10 3 0 0
ST_DELIB 3514 6 1 2 3 75 3 0 0
ST_DELIB 3515 6 1 2 3 10 3 0 0
ST_DELIB 3516 6 1 2 3 10 3 0 0
ST_DELIB 3517 6 1 2 3 75 3 0 0
ST_DELIB 3518 6 1 2 3 10 3 0 0
ST_DELIB 3519 6 1 2 3 10 3 0 0
ST_DELIB 3520 6 1 2 3 75 3 0 0
ST_DELIB 3521 6 1 2 3 10 3 0 0
ST_DELIB 3522 6 1 2 3 10 3 0 0
ST_DELIB 3523 6 1 2 3 10 3 0 0
ST_DELIB 3524 6 1 2 3 75 3 0 0
ST_DELIB 3525 6 1 2 3 10 3 0 0
ST_DELIB 3526 6 1 2 3 10 3 0 0
ST_DELIB 3527 6 1 2 3 75 3 0 0
ST_DELIB 3528 6 1 2 3 10 3 0 0
ST_DELIB 3529 6 1 2 3 10 3 0 0
ST_DELIB 3530 6 1 2 3 75 3 0 0
ST_DELIB 3531 6 1 2 3 10 3 0 0
ST_DELIB 3532 6 1 2 3 10 3 0 0
ST_DELIB 3533 6 1 2 3 10 3 0 0
ST_DELIB 3534 6 1 2 3 75 3 0 0
ST_DELIB 3535 6 1 2 3 10 3 0 0
ST_DELIB 3536 6 1 2 3 10 3 0 0
ST_DELIB 3537 6 1 2 3 75 3 0 0
ST_DELIB 3538 6 1 2 3 10 3 0 0
ST_DELIB 3539 6 1 2 3 10 3 0 0
ST_DELIB 3540 6 1 2 3 75 3 0 0
ST_DELIB 3541 6 1 2 3 10 3 0 0
ST_DELIB 3542 6 1 2 3 10 3 0 0
ST_DELIB 3543 6 1 2 3 10 3 0 0
ST_DELIB 3544 6 1 2 3 75 3 0 0
ST_DELIB 3545 6 1 2 3 10 3 0 0
ST_DELIB 3546 6 1 2 3 10 3 0 0
ST_DELIB 3547 6 1 2 3 75 3 0 0
ST_DELIB 3548 6 1 2 3 10 3 0 0
ST_DELIB 3549 6 1 2 3 10 3 0 0
ST_DELIB 3550 6 1 2 3 75 3 0 0
ST_DELIB 3551 6 1 2 3 10 3 0 0
ST_DELIB 3552 6 1 2 3 10 3 0 0
ST_DELIB 3553 6 1 2 3 10 3 0 0
ST_DELIB 3554 6 1 2 3 75 3 0 0
ST_DELIB 3555 6 1 2 3 10 3 0 0
ST_DELIB 3556 6 1 2 3 10 3 0 0
ST_DELIB 3557 6 1 2 3 75 3 0 0
ST_DELIB 3558 6 1 2 3 10 3 0 0
ST_DELIB 3559 6 1 2 3 10 3 0 0
ST_DELIB 3560 6 1 2 3 75 3 0 0
ST_DELIB 3561 6 1 2 3 10 3 0 0
ST_DELIB 3562 6 1 2 3 10 3 0 0
ST_DELIB 3563 6 1 2 3 10 3 0 0
ST_DELIB 3564 6 1 2 3 75 3 0 0
ST_DELIB 3565 6 1 2 3 10 3 0 0
ST_DELIB 3566 6 1 2 3 10 3 0 0
ST_DELIB 3567 6 1 2 3 75 3 0 0
ST_DELIB 3568 6 1 2 3 10 3 0 0
ST_DELIB 3569 6 1 2 3 10 3 0 0
ST_DELIB 3570 6 1 2 3 75 3 0 0
ST_DELIB 3571 6 1 2 3 10 3 0 0
ST_DELIB 3572 6 1 2 3 10 3 0 0
ST_DELIB 3573 6 1 2 3 10 3 0 0
ST_DELIB 3574 6 1 2 3 75 3 0 0
ST_DELIB 3575 6 1 2 3 10 3 0 0
ST_DELIB 3576 6 1 2 3 10 3 0 0
ST_DELIB 3577 6 1 2 3 75 3 0 0
ST_DELIB 3578 6 1 2 3 10 3 0 0
ST_DELIB 3579 6 1 2 3 10 3 0 0
ST_DELIB 3580 6 1 2 3 75 3 0 0
ST_DELIB 3581 6 1 2 3 10 3 0 0
ST_DELIB 3582 6 1 2 3 10 3 0 0
ST_DELIB 3583 6 1 2 3 10 3 0 0
ST_DELIB 3584 6 1 2 3 75 3 0 0
ST_DELIB 3585 6 1 2 3 10 3 0 0
ST_DELIB 3586 6 1 2 3 10 3 0 0
ST_DELIB 3587 6 1 2 3 75 3 0 0
ST_DELIB 3588 6 1 2 3 10 3 0 0
ST_DELIB 3589 6 1 2 3 10 3 0 0
ST_DELIB 3590 6 1 2 3 75 3 0 0
ST_DELIB 3591 6 1 2 3 10 3 0 0
ST_DELIB 3592 6 1 2 3 10 3 0 0
ST_DELIB 3593 6 1 2 3 10 3 0 0
ST_DELIB 3594 6 1 2 3 75 3 0 0
ST_DELIB 3595 6 1 2 3 10 3 0 0
ST_DELIB 3596 6 1 2 3 10 3 0 0
ST_DELIB 3597 6 1 2 3 75 3 0 0
ST_DELIB 3598 6 1 2 3 10 3 0 0
ST_DELIB 3599 6 1 2 3 10 3 0 0
ST_DELIB 3600 6 1 2 3 75 3 0 0
ST_DELIB 3601 6 1 2 3 10 3 0 0
ST_DELIB 3602 6 1 2 3 10 3 0 0
ST_DELIB 3603 6 1 2 3 10 3 0 0
ST_DELIB 3604 6 1 2 3 75 3 0 0
ST_DELIB 3605 6 1 2 3 10 3 0 0
ST_DELIB 3606 6 1 2 3 10 3 0 0
ST_DELIB 3607 6 1 2 3 75 3 0 0
ST_DELIB 3608 6 1 2 3 10 3 0 0
ST_DELIB 3609 6 1 2 3 10 3 0 0
ST_DELIB 3610 6 1 2 3 75 3 0 0
ST_DELIB 3611 6 1 2 3 10 3 0 0
ST_DELIB 3612 6 1 2 3 10 3 0 0
ST_DELIB 3613 6 1 2 3 10 3 0 0
ST_DELIB 3614 6 1 2 3 75 3 0 0
ST_DELIB 3615 6 1 2 3 10 3 0 0
ST_DELIB 3616 6 1 2 3 10 3 0 0
ST_DELIB 3617 6 1 2 3 75 3 0 0
ST_DELIB 3618 6 1 2 3 10 3 0 0
ST_DELIB 3619 6 1 2 3 10 3 0 0
ST_DELIB 3620 6 1 2 3 75 3 0 0
ST_DELIB 3621 6 1 2 3 10 3 0 0
ST_DELIB 3622 6 1 2 3 10 3 0 0
ST_DELIB 3623 6 1 2 3 10 3 0 0
ST_DELIB 3624 6 1 2 3 75 3 0 0
ST_DELIB 3625 6 1 2 3 10 3 0 0
ST_DELIB 3626 6 1 2 3 10 3 0 0
ST_DELIB 3627 6 1 2 3 75 3 0 0
ST_DELIB 3628 6 1 2 3 10 3 0 0
ST_DELIB 3629 6 1 2 3 10 3 0 0
ST_DELIB 3630 6 1 2 3 75 3 0 0
ST_DELIB 3631 6 1 2 3 10 3 0 0
ST_DELIB 3632 6 1 2 3 10 3 0 0
ST_DELIB 3633 6 1 2 3 10 3 0 0
ST_DELIB 3634 6 1 2 3 75 3 0 0
ST_DELIB 3635 6 1 2 3 10 3 0 0
ST_DELIB 3636 6 1 2 3 10 3 0 0
ST_DELIB 3637 6 1 2 3 75 3 0 0
ST_DELIB 3638 6 1 2 3 10 3 0 0
ST_DELIB 3639 6 1 2 3 10 3 0 0
ST_DELIB 3640 6 1 2 3 75 3 0 0
ST_DELIB 3641 6 1 2 3 10 3 0 0
ST_DELIB 3642 6 1 2 3 10 3 0 0
ST_DELIB 3643 6 1 2 3 10 3 0 0
ST_DELIB 3644 6 1 2 3 75 3 0 0
ST_DELIB 3645 6 1 2 3 10 3 0 0
ST_DELIB 3646 6 1 2 3 10 3 0 0
ST_DELIB 3647 6 1 2 3 75 3 0 0
ST_DELIB 3648 6 1 2 3 10 3 0 0
ST_DELIB 3649 6 1 2 3 10 3 0 0
ST_DELIB 3650 6 1 2 3 75 3 0 0
ST_DELIB 3651 6 1 2 3 10 3 0 0
ST_DELIB 3652 6 1 2 3 10 3 0 0
ST_DELIB 3653 6 1 2 3 10 3 0 0
ST_DELIB 3654 6 1 2 3 75 3 0 0
ST_DELIB 3655 6 1 2 3 10 3 0 0
ST_DELIB 3656 6 1 2 3 10 3 0 0
ST_DELIB 3657 6 1 2 3 75 3 0 0
ST_DELIB 3658 6 1 2 3 10 3 0 0
ST_DELIB 3659 6 1 2 3 10 3 0 0
ST_DELIB 3660 6 1 2 3 75 3 0 0
ST_DELIB 3661 6 1 2 3 10 3 0 0
ST_DELIB 3662 6 1 2 3 10 3 0 0
ST_DELIB 3663 6 1 2 3 10 3 0 0
ST_DELIB 3664 6 1 2 3 75 3 0 0
ST_DELIB 3665 6 1 2 3 10 3 0 0
ST_DELIB 3666 6 1 2 3 10 3 0 0
ST_DELIB 3667 6 1 2 3 75 3 0 0
ST_DELIB 3668 6 1 2 3 10 3 0 0
ST_DELIB 3669 6 1 2 3 10 3 0 0
ST_DELIB 3670 6 1 2 3 75 3 0 0
ST_DELIB 3671 6 1 2 3 10 3 0 0
ST_DELIB 3672 6 1 2 3 10 3 0 0
ST_DELIB 3673 6 1 2 3 10 3 0 0
ST_DELIB 3674 6 1 2 3 75 3 0 0
ST_DELIB 3675 6 1 2 3 10 3 0 0
ST_DELIB 3676 6 1 2 3 10 3 0 0
ST_DELIB 3677 6 1 2 3 75 3 0 0
ST_DELIB 3678 6 1 2 3 10 3 0 0
ST_DELIB 3679 6 1 2 3 10 3 0 0
ST_DELIB 3680 6 1 2 3 75 3 0 0
ST_DELIB 3681 6 1 2 3 10 3 0 0
ST_DELIB 3682 6 1 2 3 10 3 0 0
ST_DELIB 3683 6 1 2 3 10 3 0 0
ST_DELIB 3684 6 1 2 3 75 3 0 0
ST_DELIB 3685 6 1 2 3 10 3 0 0
ST_DELIB 3686 6 1 2 3 10 3 0 0
ST_DELIB 3687 6 1 2 3 75 3 0 0
ST_DELIB 3688 6 1 2 3 10 3 0 0
ST_DELIB 3689 6 1 2 3 10 3 0 0
ST_DELIB 3690 6 1 2 3 75 3 0 0
ST_DELIB 3691 6 1 2 3 10 3 0 0
ST_DELIB 3692 6 1 2 3 10 3 0 0
ST_DELIB 3693 6 1 2 3 10 3 0 0
ST_DELIB 3694 6 1 2 3 75 3 0 0
ST_DELIB 3695 6 1 2 3 10 3 0 0
ST_DELIB 3696 6 1 2 3 10 3 0 0
ST_DELIB 3697 6 1 2 3 75 3 0 0
ST_DELIB 3698 6 1 2 3 10 3 0 0
ST_DELIB 3699 6 1 2 3 10 3 0 0
ST_DELIB 3700 6 1 2 3 75 3 0 0
ST_DELIB 3701 6 1 2 3 10 3 0 0
ST_DELIB 3702 6 1 2 3 10 3 0 0
ST_DELIB 3703 6 1 2 3 10 3 0 0
ST_DELIB 3704 6 1 2 3 75 3 0 0
ST_DELIB 3705 6 1 2 3 10 3 0 0
ST_DELIB 3706 6 1 2 3 10 3 0 0
ST_DELIB 3707 6 1 2 3 75 3 0 0
ST_DELIB 3708 6 1 2 3 10 3 0 0
ST_DELIB 3709 6 1 2 3 10 3 0 0
ST_DELIB 3710 6 1 2 3 75 3 0 0
ST_DELIB 3711 6 1 2 3 10 3 0 0
ST_DELIB 3712 6 1 2 3 10 3 0 0
ST_DELIB 3713 6 1 2 3 10 3 0 0
ST_DELIB 3714 6 1 2 3 75 3 0 0
ST_DELIB 3715 6 1 2 3 10 3 0 0
ST_DELIB 3716 6 1 2 3 10 3 0 0
ST_DELIB 3717 6 1 2 3 75 3 0 0
ST_DELIB 3718 6 1 2 3 10 3 0 0
ST_DELIB 3719 6 1 2 3 10 3 0 0
ST_DELIB 3720 6 1 2 3 75 3 0 0
ST_DELIB 3721 6 1 2 3 10 3 0 0
ST_DELIB 3722 6 1 2 3 10 3 0 0
ST_DELIB 3723 6 1 2 3 10 3 0 0
ST_DELIB 3724 6 1 2 3 75 3 0 0
ST_DELIB 3725 6 1 2 3 10 3 0 0
ST_DELIB 3726 6 1 2 3 10 3 0 0
ST_DELIB 3727 6 1 2 3 75 3 0 0
ST_DELIB 3728 6 1 2 3 10 3 0 0
ST_DELIB 3729 6 1 2 3 10 3 0 0
ST_DELIB 3730 6 1 2 3 75 3 0 0
ST_DELIB 3731 6 1 2 3 10 3 0 0
ST_DELIB 3732 6 1 2 3 10 3 0 0
ST_DELIB 3733 6 1 2 3 10 3 0 0
ST_DELIB 3734 6 1 2 3 75 3 0 0
ST_DELIB 3735 6 1 2 3 10 3 0 0
ST_DELIB 3736 6 1 2 3 10 3 0 0
ST_DELIB 3737 6 1 2 3 75 3 0 0
ST_DELIB 3738 6 1 2 3 10 3 0 0
ST_DELIB 3739 6 1 2 3 10 3 0 0
ST_DELIB 3740 6 1 2 3 75 3 0 0
ST_DELIB 3741 6 1 2 3 10 3 0 0
ST_DELIB 3742 6 1 2 3 10 3 0 0
ST_DELIB 3743 6 1 2 3 10 3 0 0
ST_DELIB 3744 6 1 2 3 75 3 0 0
ST_DELIB 3745 6 1 2 3 10 3 0 0
ST_DELIB 3746 6 1 2 3 10 3 0 0
ST_DELIB 3747 6 1 2 3 75 3 0 0
ST_DELIB 3748 6 1 2 3 10 3 0 0
ST_DELIB 3749 6 1 2 3 10 3 0 0
ST_TS 3750 320 4393 0 8824 0 3434 2 317 1125 0 0 0 5 0 0 0
ST_DELIB 3750 6 1 2 3 75 3 0 0
ST_DELIB 3751 6 1 2 3 10 3 0 0
ST_DELIB 3752 6 1 2 3 10 3 0 0
ST_DELIB 3753 6 1 2 3 10 3 0 0
ST_DELIB 3754 6 1 2 3 75 3 0 0
ST_DELIB 3755 6 1 2 3 10 3 0 0
ST_DELIB 3756 6 1 2 3 10 3 0 0
ST_DELIB 3757 6 1 2 3 75 3 0 0
ST_DELIB 3758 6 1 2 3 10 3 0 0
ST_DELIB 3759 6 1 2 3 10 3 0 0
ST_DELIB 3760 6 1 2 3 75 3 0 0
ST_DELIB 3761 6 1 2 3 10 3 0 0
ST_DELIB 3762 6 1 2 3 10 3 0 0
ST_DELIB 3763 6 1 2 3 10 3 0 0
ST_DELIB 3764 6 1 2 3 75 3 0 0
ST_DELIB 3765 6 1 2 3 10 3 0 0
ST_DELIB 3766 6 1 2 3 10 3 0 0
ST_DELIB 3767 6 1 2 3 75 3 0 0
ST_DELIB 3768 6 1 2 3 10 3 0 0
ST_DELIB 3769 6 1 2 3 10 3 0 0
ST_DELIB 3770 6 1 2 3 75 3 0 0
ST_DELIB 3771 6 1 2 3 10 3 0 0
ST_DELIB 3772 6 1 2 3 10 3 0 0
ST_DELIB 3773 6 1 2 3 10 3 0 0
ST_DELIB 3774 6 1 2 3 75 3 0 0
ST_DELIB 3775 6 1 2 3 10 3 0 0
ST_DELIB 3776 6 1 2 3 10 3 0 0
ST_DELIB 3777 6 1 2 3 75 3 0 0
ST_DELIB 3778 6 1 2 3 10 3 0 0
ST_DELIB 3779 6 1 2 3 10 3 0 0
ST_DELIB 3780 6 1 2 3 75 3 0 0
ST_DELIB 3781 6 1 2 3 10 3 0 0
ST_DELIB 3782 6 1 2 3 10 3 0 0
ST_DELIB 3783 6 1 2 3 10 3 0 0
ST_DELIB 3784 6 1 2 3 75 3 0 0
ST_DELIB 3785 6 1 2 3 10 3 0 0
ST_DELIB 3786 6 1 2 3 10 3 0 0
ST_DELIB 3787 6 1 2 3 75 3 0 0
ST_DELIB 3788 6 1 2 3 10 3 0 0
ST_DELIB 3789 6 1 2 3 10 3 0 0
ST_DELIB 3790 6 1 2 3 75 3 0 0
ST_DELIB 3791 6 1 2 3 10 3 0 0
ST_DELIB 3792 6 1 2 3 10 3 0 0
ST_DELIB 3793 6 1 2 3 10 3 0 0
ST_DELIB 3794 6 1 2 3 75 3 0 0
ST_DELIB 3795 6 1 2 3 10 3 0 0
ST_DELIB 3796 6 1 2 3 10 3 0 0
ST_DELIB 3797 6 1 2 3 75 3 0 0
ST_DELIB 3798 6 1 2 3 10 3 0 0
ST_DELIB 3799 6 1 2 3 10 3 0 0
ST_DELIB 3800 6 1 2 3 75 3 0 0
ST_DELIB 3801 6 1 2 3 10 3 0 0
ST_DELIB 3802 6 1 2 3 10 3 0 0
ST_DELIB 3803 6 1 2 3 10 3 0 0
ST_DELIB 3804 6 1 2 3 75 3 0 0
ST_DELIB 3805 6 1 2 3 10 3 0 0
ST_DELIB 3806 6 1 2 3 10 3 0 0
ST_DELIB 3807 6 1 2 3 75 3 0 0
ST_DELIB 3808 6 1 2 3 10 3 0 0
ST_DELIB 3809 6 1 2 3 10 3 0 0
ST_DELIB 3810 6 1 2 3 75 3 0 0
ST_DELIB 3811 6 1 2 3 10 3 0 0
ST_DELIB 3812 6 1 2 3 10 3 0 0
ST_DELIB 3813 6 1 2 3 10 3 0 0
ST_DELIB 3814 6 1 2 3 75 3 0 0
ST_DELIB 3815 6 1 2 3 10 3 0 0
ST_DELIB 3816 6 1 2 3 10 3 0 0
ST_DELIB 3817 6 1 2 3 75 3 0 0
ST_DELIB 3818 6 1 2 3 10 3 0 0
ST_DELIB 3819 6 1 2 3 10 3 0 0
ST_DELIB 3820 6 1 2 3 75 3 0 0
ST_DELIB 3821 6 1 2 3 10 3 0 0
ST_DELIB 3822 6 1 2 3 10 3 0 0
ST_DELIB 3823 6 1 2 3 10 3 0 0
ST_DELIB 3824 6 1 2 3 75 3 0 0
ST_DELIB 3825 6 1 2 3 10 3 0 0
ST_DELIB 3826 6 1 2 3 10 3 0 0
ST_DELIB 3827 6 1 2 3 75 3 0 0
ST_DELIB 3828 6 1 2 3 10 3 0 0
ST_DELIB 3829 6 1 2 3 10 3 0 0
ST_DELIB 3830 6 1 2 3 75 3 0 0
ST_DELIB 3831 6 1 2 3 10 3 0 0
ST_DELIB 3832 6 1 2 3 10 3 0 0
ST_DELIB 3833 6 1 2 3 10 3 0 0
ST_DELIB 3834 6 1 2 3 75 3 0 0
ST_DELIB 3835 6 1 2 3 10 3 0 0
ST_DELIB 3836 6 1 2 3 10 3 0 0
ST_DELIB 3837 6 1 2 3 75 3 0 0
ST_DELIB 3838 6 1 2 3 10 3 0 0
ST_DELIB 3839 6 1 2 3 10 3 0 0
ST_DELIB 3840 6 1 2 3 75 3 0 0
ST_DELIB 3841 6 1 2 3 10 3 0 0
ST_DELIB 3842 6 1 2 3 10 3 0 0
ST_DELIB 3843 6 1 2 3 10 3 0 0
ST_DELIB 3844 6 1 2 3 75 3 0 0
ST_DELIB 3845 6 1 2 3 10 3 0 0
ST_DELIB 3846 6 1 2 3 10 3 0 0
ST_DELIB 3847 6 1 2 3 75 3 0 0
ST_DELIB 3848 6 1 2 3 10 3 0 0
ST_DELIB 3849 6 1 2 3 10 3 0 0
ST_DELIB 3850 6 1 2 3 75 3 0 0
ST_DELIB 3851 6 1 2 3 10 3 0 0
ST_DELIB 3852 6 1 2 3 10 3 0 0
ST_DELIB 3853 6 1 2 3 10 3 0 0
ST_DELIB 3854 6 1 2 3 75 3 0 0
ST_DELIB 3855 6 1 2 3 10 3 0 0
ST_DELIB 3856 6 1 2 3 10 3 0 0
ST_DELIB 3857 6 1 2 3 75 3 0 0
ST_DELIB 3858 6 1 2 3 10 3 0 0
ST_DELIB 3859 6 1 2 3 10 3 0 0
ST_DELIB 3860 6 1 2 3 75 3 0 0
ST_DELIB 3861 6 1 2 3 10 3 0 0
ST_DELIB 3862 6 1 2 3 10 3 0 0
ST_DELIB 3863 6 1 2 3 10 3 0 0
ST_DELIB 3864 6 1 2 3 75 3 0 0
ST_DELIB 3865 6 1 2 3 10 3 0 0
ST_DELIB 3866 6 1 2 3 10 3 0 0
ST_DELIB 3867 6 1 2 3 75 3 0 0
ST_DELIB 3868 6 1 2 3 10 3 0 0
ST_DELIB 3869 6 1 2 3 10 3 0 0
ST_DELIB 3870 6 1 2 3 75 3 0 0
ST_DELIB 3871 6 1 2 3 10 3 0 0
ST_DELIB 3872 6 1 2 3 10 3 0 0
ST_DELIB 3873 6 1 2 3 10 3 0 0
ST_DELIB 3874 6 1 2 3 75 3 0 0
ST_DELIB 3875 6 1 2 3 10 3 0 0
ST_DELIB 3876 6 1 2 3 10 3 0 0
ST_DELIB 3877 6 1 2 3 75 3 0 0
ST_DELIB 3878 6 1 2 3 10 3 0 0
ST_DELIB 3879 6 1 2 3 10 3 0 0
ST_DELIB 3880 6 1 2 3 75 3 0 0
ST_DELIB 3881 6 1 2 3 10 3 0 0
ST_DELIB 3882 6 1 2 3 10 3 0 0
ST_DELIB 3883 6 1 2 3 10 3 0 0
ST_DELIB 3884 6 1 2 3 75 3 0 0
ST_DELIB 3885 6 1 2 3 10 3 0 0
ST_DELIB 3886 6 1 2 3 10 3 0 0
ST_DELIB 3887 6 1 2 3 75 3 0 0
ST_DELIB 3888 6 1 2 3 10 3 0 0
ST_DELIB 3889 6 1 2 3 10 3 0 0
ST_DELIB 3890 6 1 2 3 75 3 0 0
ST_DELIB 3891 6 1 2 3 10 3 0 0
ST_DELIB 3892 6 1 2 3 10 3 0 0
ST_DELIB 3893 6 1 2 3 10 3 0 0
ST_DELIB 3894 6 1 2 3 75 3 0 0
ST_DELIB 3895 6 1 2 3 10 3 0 0
ST_DELIB 3896 6 1 2 3 10 3 0 0
ST_DELIB 3897 6 1 2 3 75 3 0 0
ST_DELIB 3898 6 1 2 3 10 3 0 0
ST_DELIB 3899 6 1 2 3 10 3 0 0
ST_DELIB 3900 6 1 2 3 75 3 0 0
ST_DELIB 3901 6 1 2 3 10 3 0 0
ST_DELIB 3902 6 1 2 3 10 3 0 0
ST_DELIB 3903 6 1 2 3 10 3 0 0
ST_DELIB 3904 6 1 2 3 75 3 0 0
ST_DELIB 3905 6 1 2 3 10 3 0 0
ST_DELIB 3906 6 1 2 3 10 3 0 0
ST_DELIB 3907 6 1 2 3 75 3 0 0
ST_DELIB 3908 6 1 2 3 10 3 0 0
ST_DELIB 3909 6 1 2 3 10 3 0 0
ST_DELIB 3910 6 1 2 3 75 3 0 0
ST_DELIB 3911 6 1 2 3 10 3 0 0
ST_DELIB 3912 6 1 2 3 10 3 0 0
ST_DELIB 3913 6 1 2 3 10 3 0 0
ST_DELIB 3914 6 1 2 3 75 3 0 0
ST_DELIB 3915 6 1 2 3 10 3 0 0
ST_DELIB 3916 6 1 2 3 10 3 0 0
ST_DELIB 3917 6 1 2 3 75 3 0 0
ST_DELIB 3918 6 1 2 3 10 3 0 0
ST_DELIB 3919 6 1 2 3 10 3 0 0
ST_DELIB 3920 6 1 2 3 75 3 0 0
ST_DELIB 3921 6 1 2 3 10 3 0 0
ST_DELIB 3922 6 1 2 3 10 3 0 0
ST_DELIB 3923 6 1 2 3 10 3 0 0
ST_DELIB 3924 6 1 2 3 75 3 0 0
ST_DELIB 3925 6 1 2 3 10 3 0 0
ST_DELIB 3926 6 1 2 3 10 3 0 0
ST_DELIB 3927 6 1 2 3 75 3 0 0
ST_DELIB 3928 6 1 2 3 10 3 0 0
ST_DELIB 3929 6 1 2 3 10 3 0 0
ST_DELIB 3930 6 1 2 3 75 3 0 0
ST_DELIB 3931 6 1 2 3 10 3 0 0
ST_DELIB 3932 6 1 2 3 10 3 0 0
ST_DELIB 3933 6 1 2 3 10 3 0 0
ST_DELIB 3934 6 1 2 3 75 3 0 0
ST_DELIB 3935 6 1 2 3 10 3 0 0
ST_DELIB 3936 6 1 2 3 10 3 0 0
ST_DELIB 3937 6 1 2 3 75 3 0 0
ST_DELIB 3938 6 1 2 3 10 3 0 0
ST_DELIB 3939 6 1 2 3 10 3 0 0
ST_DELIB 3940 6 1 2 3 75 3 0 0
ST_DELIB 3941 6 1 2 3 10 3 0 0
ST_DELIB 3942 6 1 2 3 10 3 0 0
ST_DELIB 3943 6 1 2 3 10 3 0 0
ST_DELIB 3944 6 1 2 3 75 3 0 0
ST_DELIB 3945 6 1 2 3 10 3 0 0
ST_DELIB 3946 6 1 2 3 10 3 0 0
ST_DELIB 3947 6 1 2 3 75 3 0 0
ST_DELIB 3948 6 1 2 3 10 3 0 0
ST_DELIB 3949 6 1 2 3 10 3 0 0
ST_DELIB 3950 6 1 2 3 75 3 0 0
ST_DELIB 3951 6 1 2 3 10 3 0 0
ST_DELIB 3952 6 1 2 3 10 3 0 0
ST_DELIB 3953 6 1 2 3 10 3 0 0
ST_DELIB 3954 6 1 2 3 75 3 0 0
ST_DELIB 3955 6 1 2 3 10 3 0 0
ST_DELIB 3956 6 1 2 3 10 3 0 0
ST_DELIB 3957 6 1 2 3 75 3 0 0
ST_DELIB 3958 6 1 2 3 10 3 0 0
ST_DELIB 3959 6 1 2 3 10 3 0 0
ST_DELIB 3960 6 1 2 3 75 3 0 0
ST_DELIB 3961 6 1 2 3 10 3 0 0
ST_DELIB 3962 6 1 2 3 10 3 0 0
ST_DELIB 3963 6 1 2 3 10 3 0 0
ST_DELIB 3964 6 1 2 3 75 3 0 0
ST_DELIB 3965 6 1 2 3 10 3 0 0
ST_DELIB 3966 6 1 2 3 10 3 0 0
ST_DELIB 3967 6 1 2 3 75 3 0 0
ST_DELIB 3968 6 1 2 3 10 3 0 0
ST_DELIB 3969 6 1 2 3 10 3 0 0
ST_DELIB 3970 6 1 2 3 75 3 0 0
ST_DELIB 3971 6 1 2 3 10 3 0 0
ST_DELIB 3972 6 1 2 3 10 3 0 0
ST_DELIB 3973 6 1 2 3 10 3 0 0
ST_DELIB 3974 6 1 2 3 75 3 0 0
ST_DELIB 3975 6 1 2 3 10 3 0 0
ST_DELIB 3976 6 1 2 3 10 3 0 0
ST_DELIB 3977 6 1 2 3 75 3 0 0
ST_DELIB 3978 6 1 2 3 10 3 0 0
ST_DELIB 3979 6 1 2 3 10 3 0 0
ST_DELIB 3980 6 1 2 3 75 3 0 0
ST_DELIB 3981 6 1 2 3 10 3 0 0
ST_DELIB 3982 6 1 2 3 10 3 0 0
ST_DELIB 3983 6 1 2 3 10 3 0 0
ST_DELIB 3984 6 1 2 3 75 3 0 0
ST_DELIB 3985 6 1 2 3 10 3 0 0
ST_DELIB 3986 6 1 2 3 10 3 0 0
ST_DELIB 3987 6 1 2 3 75 3 0 0
ST_DELIB 3988 6 1 2 3 10 3 0 0
ST_DELIB 3989 6 1 2 3 10 3 0 0
ST_DELIB 3990 6 1 2 3 75 3 0 0
ST_DELIB 3991 6 1 2 3 10 3 0 0
ST_DELIB 3992 6 1 2 3 10 3 0 0
ST_DELIB 3993 6 1 2 3 10 3 0 0
ST_DELIB 3994 6 1 2 3 75 3 0 0
ST_DELIB 3995 6 1 2 3 10 3 0 0
ST_DELIB 3996 6 1 2 3 10 3 0 0
ST_DELIB 3997 6 1 2 3 75 3 0 0
ST_DELIB 3998 6 1 2 3 10 3 0 0
ST_DELIB 3999 6 1 2 3 10 3 0 0
ST_TS 4000 320 4643 0 9574 0 3684 2 317 1200 0 0 0 5 0 0 0
ST_DELIB 4000 6 1 2 3 75 3 0 0
ST_DELIB 4001 6 1 2 3 10 3 0 0
ST_DELIB 4002 6 1 2 3 10 3 0 0
ST_DELIB 4003 6 1 2 3 10 3 0 0
ST_DELIB 4004 6 1 2 3 75 3 0 0
ST_DELIB 4005 6 1 2 3 10 3 0 0
ST_DELIB 4006 6 1 2 3 10 3 0 0
ST_DELIB 4007 6 1 2 3 75 3 0 0
ST_DELIB 4008 6 1 2 3 10 3 0 0
ST_DELIB 4009 6 1 2 3 10 3 0 0
ST_DELIB 4010 6 1 2 3 75 3 0 0
ST_DELIB 4011 6 1 2 3 10 3 0 0
ST_DELIB 4012 6 1 2 3 10 3 0 0
ST_DELIB 4013 6 1 2 3 10 3 0 0
ST_DELIB 4014 6 1 2 3 75 3 0 0
ST_DELIB 4015 6 1 2 3 10 3 0 0
ST_DELIB 4016 6 1 2 3 10 3 0 0
ST_DELIB 4017 6 1 2 3 75 3 0 0
ST_DELIB 4018 6 1 2 3 10 3 0 0
ST_DELIB 4019 6 1 2 3 10 3 0 0
ST_DELIB 4020 6 1 2 3 75 3 0 0
ST_DELIB 4021 6 1 2 3 10 3 0 0
ST_DELIB 4022 6 1 2 3 10 3 0 0
ST_DELIB 4023 6 1 2 3 10 3 0 0
ST_DELIB 4024 6 1 2 3 75 3 0 0
ST_DELIB 4025 6 1 2 3 10 3 0 0
ST_DELIB 4026 6 1 2 3 10 3 0 0
ST_DELIB 4027 6 1 2 3 75 3 0 0
ST_DELIB 4028 6 1 2 3 10 3 0 0
ST_DELIB 4029 6 1 2 3 10 3 0 0
ST_DELIB 4030 6 1 2 3 75 3 0 0
ST_DELIB 4031 6 1 2 3 10 3 0 0
ST_DELIB 4032 6 1 2 3 10 3 0 0
ST_DELIB 4033 6 1 2 3 10 3 0 0
ST_DELIB 4034 6 1 2 3 75 3 0 0
ST_DELIB 4035 6 1 2 3 10 3 0 0
ST_DELIB 4036 6 1 2 3 10 3 0 0
ST_DELIB 4037 6 1 2 3 75 3 0 0
ST_DELIB 4038 6 1 2 3 10 3 0 0
ST_DELIB 4039 6 1 2 3 10 3 0 0
ST_DELIB 4040 6 1 2 3 75 3 0 0
ST_DELIB 4041 6 1 2 3 10 3 0 0
ST_DELIB 4042 6 1 2 3 10 3 0 0
ST_DELIB 4043 6 1 2 3 10 3 0 0
ST_DELIB 4044 6 1 2 3 75 3 0 0
ST_DELIB 4045 6 1 2 3 10 3 0 0
ST_DELIB 4046 6 1 2 3 10 3 0 0
ST_DELIB 4047 6 1 2 3 75 3 0 0
ST_DELIB 4048 6 1 2 3 10 3 0 0
ST_DELIB 4049 6 1 2 3 10 3 0 0
ST_DELIB 4050 6 1 2 3 75 3 0 0
ST_DELIB 4051 6 1 2 3 10 3 0 0
ST_DELIB 4052 6 1 2 3 10 3 0 0
ST_DELIB 4053 6 1 2 3 10 3 0 0
ST_DELIB 4054 6 1 2 3 75 3 0 0
ST_DELIB 4055 6 1 2 3 10 3 0 0
ST_DELIB 4056 6 1 2 3 10 3 0 0
ST_DELIB 4057 6 1 2 3 75 3 0 0
ST_DELIB 4058 6 1 2 3 10 3 0 0
ST_DELIB 4059 6 1 2 3 10 3 0 0
ST_DELIB 4060 6 1 2 3 75 3 0 0
ST_DELIB 4061 6 1 2 3 10 3 0 0
ST_DELIB 4062 6 1 2 3 10 3 0 0
ST_DELIB 4063 6 1 2 3 10 3 0 0
ST_DELIB 4064 6 1 2 3 75 3 0 0
ST_DELIB 4065 6 1 2 3 10 3 0 0
ST_DELIB 4066 6 1 2 3 10 3 0 0
ST_DELIB 4067 6 1 2 3 75 3 0 0
ST_DELIB 4068 6 1 2 3 10 3 0 0
ST_DELIB 4069 6 1 2 3 10 3 0 0
ST_DELIB 4070 6 1 2 3 75 3 0 0
ST_DELIB 4071 6 1 2 3 10 3 0 0
ST_DELIB 4072 6 1 2 3 10 3 0 0
ST_DELIB 4073 6 1 2 3 10 3 0 0
ST_DELIB 4074 6 1 2 3 75 3 0 0
ST_DELIB 4075 6 1 2 3 10 3 0 0
ST_DELIB 4076 6 1 2 3 10 3 0 0
ST_DELIB 4077 6 1 2 3 75 3 0 0
ST_DELIB 4078 6 1 2 3 10 3 0 0
ST_DELIB 4079 6 1 2 3 10 3 0 0
ST_DELIB 4080 6 1 2 3 75 3 0 0
ST_DELIB 4081 6 1 2 3 10 3 0 0
ST_DELIB 4082 6 1 2 3 10 3 0 0
ST_DELIB 4083 6 1 2 3 10 3 0 0
ST_DELIB 4084 6 1 2 3 75 3 0 0
ST_DELIB 4085 6 1 2 3 10 3 0 0
ST_DELIB 4086 6 1 2 3 10 3 0 0
ST_DELIB 4087 6 1 2 3 75 3 0 0
ST_DELIB 4088 6 1 2 3 10 3 0 0
ST_DELIB 4089 6 1 2 3 10 3 0 0
ST_DELIB 4090 6 1 2 3 75 3 0 0
ST_DELIB 4091 6 1 2 3 10 3 0 0
ST_DELIB 4092 6 1 2 3 10 3 0 0
ST_DELIB 4093 6 1 2 3 10 3 0 0
ST_DELIB 4094 6 1 2 3 75 3 0 0
ST_DELIB 4095 6 1 2 3 10 3 0 0
ST_DELIB 4096 6 1 2 3 10 3 0 0
ST_DELIB 4097 6 1 2 3 75 3 0 0
ST_DELIB 4098 6 1 2 3 10 3 0 0
ST_DELIB 4099 6 1 2 3 10 3 0 0
ST_DELIB 4100 6 1 2 3 75 3 0 0
ST_DELIB 4101 6 1 2 3 10 3 0 0
ST_DELIB 4102 6 1 2 3 10 3 0 0
ST_DELIB 4103 6 1 2 3 10 3 0 0
ST_DELIB 4104 6 1 2 3 75 3 0 0
ST_DELIB 4105 6 1 2 3 10 3 0 0
ST_DELIB 4106 6 1 2 3 10 3 0 0
ST_DELIB 4107 6 1 2 3 75 3 0 0
ST_DELIB 4108 6 1 2 3 10 3 0 0
ST_DELIB 4109 6 1 2 3 10 3 0 0
ST_DELIB 4110 6 1 2 3 75 3 0 0
ST_DELIB 4111 6 1 2 3 10 3 0 0
ST_DELIB 4112 6 1 2 3 10 3 0 0
ST_DELIB 4113 6 1 2 3 10 3 0 0
ST_DELIB 4114 6 1 2 3 75 3 0 0
ST_DELIB 4115 6 1 2 3 10 3 0 0
ST_DELIB 4116 6 1 2 3 10 3 0 0
ST_DELIB 4117 6 1 2 3 75 3 0 0
ST_DELIB 4118 6 1 2 3 10 3 0 0
ST_DELIB 4119 6 1 2 3 10 3 0 0
ST_DELIB 4120 6 1 2 3 75 3 0 0
ST_DELIB 4121 6 1 2 3 10 3 0 0
ST_DELIB 4122 6 1 2 3 10 3 0 0
ST_DELIB 4123 6 1 2 3 10 3 0 0
ST_DELIB 4124 6 1 2 3 75 3 0 0
ST_DELIB 4125 6 1 2 3 10 3 0 0
ST_DELIB 4126 6 1 2 3 10 3 0 0
ST_DELIB 4127 6 1 2 3 75 3 0 0
ST_DELIB 4128 6 1 2 3 10 3 0 0
ST_DELIB 4129 6 1 2 3 10 3 0 0
ST_DELIB 4130 6 1 2 3 75 3 0 0
ST_DELIB 4131 6 1 2 3 10 3 0 0
ST_DELIB 4132 6 1 2 3 10 3 0 0
ST_DELIB 4133 6 1 2 3 10 3 0 0
ST_DELIB 4134 6 1 2 3 75 3 0 0
ST_DELIB 4135 6 1 2 3 10 3 0 0
ST_DELIB 4136 6 1 2 3 10 3 0 0
ST_DELIB 4137 6 1 2 3 75 3 0 0
ST_DELIB 4138 6 1 2 3 10 3 0 0
ST_DELIB 4139 6 1 2 3 10 3 0 0
ST_DELIB 4140 6 1 2 3 75 3 0 0
ST_DELIB 4141 6 1 2 3 10 3 0 0
ST_DELIB 4142 6 1 2 3 10 3 0 0
ST_DELIB 4143 6 1 2 3 10 3 0 0
ST_DELIB 4144 6 1 2 3 75 3 0 0
ST_DELIB 4145 6 1 2 3 10 3 0 0
ST_DELIB 4146 6 1 2 3 10 3 0 0
ST_DELIB 4147 6 1 2 3 75 3 0 0
ST_DELIB 4148 6 1 2 3 10 3 0 0
ST_DELIB 4149 6 1 2 3 10 3 0 0
ST_DELIB 4150 6 1 2 3 75 3 0 0
ST_DELIB 4151 6 1 2 3 10 3 0 0
ST_DELIB 4152 6 1 2 3 10 3 0 0
ST_DELIB 4153 6 1 2 3 10 3 0 0
ST_DELIB 4154 6 1 2 3 75 3 0 0
ST_DELIB 4155 6 1 2 3 10 3 0 0
ST_DELIB 4156 6 1 2 3 10 3 0 0
ST_DELIB 4157 6 1 2 3 75 3 0 0
ST_DELIB 4158 6 1 2 3 10 3 0 0
ST_DELIB 4159 6 1 2 3 10 3 0 0
ST_DELIB 4160 6 1 2 3 75 3 0 0
ST_DELIB 4161 6 1 2 3 10 3 0 0
ST_DELIB 4162 6 1 2 3 10 3 0 0
ST_DELIB 4163 6 1 2 3 10 3 0 0
ST_DELIB 4164 6 1 2 3 75 3 0 0
ST_DELIB 4165 6 1 2 3 10 3 0 0
ST_DELIB 4166 6 1 2 3 10 3 0 0
ST_DELIB 4167 6 1 2 3 75 3 0 0
ST_DELIB 4168 6 1 2 3 10 3 0 0
ST_DELIB 4169 6 1 2 3 10 3 0 0
ST_DELIB 4170 6 1 2 3 75 3 0 0
ST_DELIB 4171 6 1 2 3 10 3 0 0
ST_DELIB 4172 6 1 2 3 10 3 0 0
ST_DELIB 4173 6 1 2 3 10 3 0 0
ST_DELIB 4174 6 1 2 3 75 3 0 0
ST_DELIB 4175 6 1 2 3 10 3 0 0
ST_DELIB 4176 6 1 2 3 10 3 0 0
ST_DELIB 4177 6 1 2 3 75 3 0 0
ST_DELIB 4178 6 1 2 3 10 3 0 0
ST_DELIB 4179 6 1 2 3 10 3 0 0
ST_DELIB 4180 6 1 2 3 75 3 0 0
ST_DELIB 4181 6 1 2 3 10 3 0 0
ST_DELIB 4182 6 1 2 3 10 3 0 0
ST_DELIB 4183 6 1 2 3 10 3 0 0
ST_DELIB 4184 6 1 2 3 75 3 0 0
ST_DELIB 4185 6 1 2 3 10 3 0 0
ST_DELIB 4186 6 1 2 3 10 3 0 0
ST_DELIB 4187 6 1 2 3 75 3 0 0
ST_DELIB 4188 6 1 2 3 10 3 0 0
ST_DELIB 4189 6 1 2 3 10 3 0 0
ST_DELIB 4190 6 1 2 3 75 3 0 0
ST_DELIB 4191 6 1 2 3 10 3 0 0
ST_DELIB 4192 6 1 2 3 10 3 0 0
ST_DELIB 4193 6 1 2 3 10 3 0 0
ST_DELIB 4194 6 1 2 3 75 3 0 0
ST_DELIB 4195 6 1 2 3 10 3 0 0
ST_DELIB 4196 6 1 2 3 10 3 0 0
ST_DELIB 4197 6 1 2 3 75 3 0 0
ST_DELIB 4198 6 1 2 3 10 3 0 0
ST_DELIB 4199 6 1 2 3 10 3 0 0
ST_DELIB 4200 6 1 2 3 75 3 0 0
ST_DELIB 4201 6 1 2 3 10 3 0 0
ST_DELIB 4202 6 1 2 3 10 3 0 0
ST_DELIB 4203 6 1 2 3 10 3 0 0
ST_DELIB 4204 6 1 2 3 75 3 0 0
ST_DELIB 4205 6 1 2 3 10 3 0 0
ST_DELIB 4206 6 1 2 3 10 3 0 0
ST_DELIB 4207 6 1 2 3 75 3 0 0
ST_DELIB 4208 6 1 2 3 10 3 0 0
ST_DELIB 4209 6 1 2 3 10 3 0 0
ST_DELIB 4210 6 1 2 3 75 3 0 0
ST_DELIB 4211 6 1 2 3 10 3 0 0
ST_DELIB 4212 6 1 2 3 10 3 0 0
ST_DELIB 4213 6 1 2 3 10 3 0 0
ST_DELIB 4214 6 1 2 3 75 3 0 0
ST_DELIB 4215 6 1 2 3 10 3 0 0
ST_DELIB 4216 6 1 2 3 10 3 0 0
ST_DELIB 4217 6 1 2 3 75 3 0 0
ST_DELIB 4218 6 1 2 3 10 3 0 0
ST_DELIB 4219 6 1 2 3 10 3 0 0
ST_DELIB 4220 6 1 2 3 75 3 0 0
ST_DELIB 4221 6 1 2 3 10 3 0 0
ST_DELIB 4222 6 1 2 3 10 3 0 0
ST_DELIB 4223 6 1 2 3 10 3 0 0
ST_DELIB 4224 6 1 2 3 75 3 0 0
ST_DELIB 4225 6 1 2 3 10 3 0 0
ST_DELIB 4226 6 1 2 3 10 3 0 0
ST_DELIB 4227 6 1 2 3 75 3 0 0
ST_DELIB 4228 6 1 2 3 10 3 0 0
ST_DELIB 4229 6 1 2 3 10 3 0 0
ST_DELIB 4230 6 1 2 3 75 3 0 0
ST_DELIB 4231 6 1 2 3 10 3 0 0
ST_DELIB 4232 6 1 2 3 10 3 0 0
ST_DELIB 4233 6 1 2 3 10 3 0 0
ST_DELIB 4234 6 1 2 3 75 3 0 0
ST_DELIB 4235 6 1 2 3 10 3 0 0
ST_DELIB 4236 6 1 2 3 10 3 0 0
ST_DELIB 4237 6 1 2 3 75 3 0 0
ST_DELIB 4238 6 1 2 3 10 3 0 0
ST_DELIB 4239 6 1 2 3 10 3 0 0
ST_DELIB 4240 6 1 2 3 75 3 0 0
ST_DELIB 4241 6 1 2 3 10 3 0 0
ST_DELIB 4242 6 1 2 3 10 3 0 0
ST_DELIB 4243 6 1 2 3 10 3 0 0
ST_DELIB 4244 6 1 2 3 75 3 0 0
ST_DELIB 4245 6 1 2 3 10 3 0 0
ST_DELIB 4246 6 1 2 3 10 3 0 0
ST_DELIB 4247 6 1 2 3 75 3 0 0
ST_DELIB 4248 6 1 2 3 10 3 0 0
ST_DELIB 4249 6 1 2 3 10 3 0 0
ST_TS 4250 320 4893 0 10324 0 3934 2 317 1275 0 0 0 6 0 0 0
ST_DELIB 4250 6 1 2 3 75 3 0 0
ST_DELIB 4251 6 1 2 3 10 3 0 0
ST_DELIB 4252 6 1 2 3 10 3 0 0
ST_DELIB 4253 6 1 2 3 10 3 0 0
ST_DELIB 4254 6 1 2 3 75 3 0 0
ST_DELIB 4255 6 1 2 3 10 3 0 0
ST_DELIB 4256 6 1 2 3 10 3 0 0
ST_DELIB 4257 6 1 2 3 75 3 0 0
ST_DELIB 4258 6 1 2 3 10 3 0 0
ST_DELIB 4259 6 1 2 3 10 3 0 0
ST_DELIB 4260 6 1 2 3 75 3 0 0
ST_DELIB 4261 6 1 2 3 10 3 0 0
ST_DELIB 4262 6 1 2 3 10 3 0 0
ST_DELIB 4263 6 1 2 3 10 3 0 0
ST_DELIB 4264 6 1 2 3 75 3 0 0
ST_DELIB 4265 6 1 2 3 10 3 0 0
ST_DELIB 4266 6 1 2 3 10 3 0 0
ST_DELIB 4267 6 1 2 3 75 3 0 0
ST_DELIB 4268 6 1 2 3 10 3 0 0
ST_DELIB 4269 6 1 2 3 10 3 0 0
ST_DELIB 4270 6 1 2 3 75 3 0 0
ST_DELIB 4271 6 1 2 3 10 3 0 0
ST_DELIB 4272 6 1 2 3 10 3 0 0
ST_DELIB 4273 6 1 2 3 10 3 0 0
ST_DELIB 4274 6 1 2 3 75 3 0 0
ST_DELIB 4275 6 1 2 3 10 3 0 0
ST_DELIB 4276 6 1 2 3 10 3 0 0
ST_DELIB 4277 6 1 2 3 75 3 0 0
ST_DELIB 4278 6 1 2 3 10 3 0 0
ST_DELIB 4279 6 1 2 3 10 3 0 0
ST_DELIB 4280 6 1 2 3 75 3 0 0
ST_DELIB 4281 6 1 2 3 10 3 0 0
ST_DELIB 4282 6 1 2 3 10 3 0 0
ST_DELIB 4283 6 1 2 3 10 3 0 0
ST_DELIB 4284 6 1 2 3 75 3 0 0
ST_DELIB 4285 6 1 2 3 10 3 0 0
ST_DELIB 4286 6 1 2 3 10 3 0 0
ST_DELIB 4287 6 1 2 3 75 3 0 0
ST_DELIB 4288 6 1 2 3 10 3 0 0
ST_DELIB 4289 6 1 2 3 10 3 0 0
ST_DELIB 4290 6 1 2 3 75 3 0 0
ST_DELIB 4291 6 1 2 3 10 3 0 0
ST_DELIB 4292 6 1 2 3 10 3 0 0
ST_DELIB 4293 6 1 2 3 10 3 0 0
ST_DELIB 4294 6 1 2 3 75 3 0 0
ST_DELIB 4295 6 1 2 3 10 3 0 0
ST_DELIB 4296 6 1 2 3 10 3 0 0
ST_DELIB 4297 6 1 2 3 75 3 0 0
ST_DELIB 4298 6 1 2 3 10 3 0 0
ST_DELIB 4299 6 1 2 3 10 3 0 0
ST_DELIB 4300 6 1 2 3 75 3 0 0
ST_DELIB 4301 6 1 2 3 10 3 0 0
ST_DELIB 4302 6 1 2 3 10 3 0 0
ST_DELIB 4303 6 1 2 3 10 3 0 0
ST_DELIB 4304 6 1 2 3 75 3 0 0
ST_DELIB 4305 6 1 2 3 10 3 0 0
ST_DELIB 4306 6 1 2 3 10 3 0 0
ST_DELIB 4307 6 1 2 3 75 3 0 0
ST_DELIB 4308 6 1 2 3 10 3 0 0
ST_DELIB 4309 6 1 2 3 10 3 0 0
ST_DELIB 4310 6 1 2 3 75 3 0 0
ST_DELIB 4311 6 1 2 3 10 3 0 0
ST_DELIB 4312 6 1 2 3 10 3 0 0
ST_DELIB 4313 6 1 2 3 10 3 0 0
ST_DELIB 4314 6 1 2 3 75 3 0 0
ST_DELIB 4315 6 1 2 3 10 3 0 0
ST_DELIB 4316 6 1 2 3 10 3 0 0
ST_DELIB 4317 6 1 2 3 75 3 0 0
ST_DELIB 4318 6 1 2 3 10 3 0 0
ST_DELIB 4319 6 1 2 3 10 3 0 0
ST_DELIB 4320 6 1 2 3 75 3 0 0
ST_DELIB 4321 6 1 2 3 10 3 0 0
ST_DELIB 4322 6 1 2 3 10 3 0 0
ST_DELIB 4323 6 1 2 3 10 3 0 0
ST_DELIB 4324 6 1 2 3 75 3 0 0
ST_DELIB 4325 6 1 2 3 10 3 0 0
ST_DELIB 4326 6 1 2 3 10 3 0 0
ST_DELIB 4327 6 1 2 3 75 3 0 0
ST_DELIB 4328 6 1 2 3 10 3 0 0
ST_DELIB 4329 6 1 2 3 10 3 0 0
ST_DELIB 4330 6 1 2 3 75 3 0 0
ST_DELIB 4331 6 1 2 3 10 3 0 0
ST_DELIB 4332 6 1 2 3 10 3 0 0
ST_DELIB 4333 6 1 2 3 10 3 0 0
ST_DELIB 4334 6 1 2 3 75 3 0 0
ST_DELIB 4335 6 1 2 3 10 3 0 0
ST_DELIB 4336 6 1 2 3 10 3 0 0
ST_DELIB 4337 6 1 2 3 75 3 0 0
ST_DELIB 4338 6 1 2 3 10 3 0 0
ST_DELIB 4339 6 1 2 3 10 3 0 0
ST_DELIB 4340 6 1 2 3 75 3 0 0
ST_DELIB 4341 6 1 2 3 10 3 0 0
ST_DELIB 4342 6 1 2 3 10 3 0 0
ST_DELIB 4343 6 1 2 3 10 3 0 0
ST_DELIB 4344 6 1 2 3 75 3 0 0
ST_DELIB 4345 6 1 2 3 10 3 0 0
ST_DELIB 4346 6 1 2 3 10 3 0 0
ST_DELIB 4347 6 1 2 3 75 3 0 0
ST_DELIB 4348 6 1 2 3 10 3 0 0
ST_DELIB 4349 6 1 2 3 10 3 0 0
ST_DELIB 4350 6 1 2 3 75 3 0 0
ST_DELIB 4351 6 1 2 3 10 3 0 0
ST_DELIB 4352 6 1 2 3 10 3 0 0
ST_DELIB 4353 6 1 2 3 10 3 0 0
ST_DELIB 4354 6 1 2 3 75 3 0 0
ST_DELIB 4355 6 1 2 3 10 3 0 0
ST_DELIB 4356 6 1 2 3 10 3 0 0
ST_DELIB 4357 6 1 2 3 75 3 0 0
ST_DELIB 4358 6 1 2 3 10 3 0 0
ST_DELIB 4359 6 1 2 3 10 3 0 0
ST_DELIB 4360 6 1 2 3 75 3 0 0
ST_DELIB 4361 6 1 2 3 10 3 0 0
ST_DELIB 4362 6 1 2 3 10 3 0 0
ST_DELIB 4363 6 1 2 3 10 3 0 0
ST_DELIB 4364 6 1 2 3 75 3 0 0
ST_DELIB 4365 6 1 2 3 10 3 0 0
ST_DELIB 4366 6 1 2 3 10 3 0 0
ST_DELIB 4367 6 1 2 3 75 3 0 0
ST_DELIB 4368 6 1 2 3 10 3 0 0
ST_DELIB 4369 6 1 2 3 10 3 0 0
ST_DELIB 4370 6 1 2 3 75 3 0 0
ST_DELIB 4371 6 1 2 3 10 3 0 0
ST_DELIB 4372 6 1 2 3 10 3 0 0
ST_DELIB 4373 6 1 2 3 10 3 0 0
ST_DELIB 4374 6 1 2 3 75 3 0 0
ST_DELIB 4375 6 1 2 3 10 3 0 0
ST_DELIB 4376 6 1 2 3 10 3 0 0
ST_DELIB 4377 6 1 2 3 75 3 0 0
ST_DELIB 4378 6 1 2 3 10 3 0 0
ST_DELIB 4379 6 1 2 3 10 3 0 0
ST_DELIB 4380 6 1 2 3 75 3 0 0
ST_DELIB 4381 6 1 2 3 10 3 0 0
ST_DELIB 4382 6 1 2 3 10 3 0 0
ST_DELIB 4383 6 1 2 3 10 3 0 0
ST_DELIB 4384 6 1 2 3 75 3 0 0
ST_DELIB 4385 6 1 2 3 10 3 0 0
ST_DELIB 4386 6 1 2 3 10 3 0 0
ST_DELIB 4387 6 1 2 3 75 3 0 0
ST_DELIB 4388 6 1 2 3 10 3 0 0
ST_DELIB 4389 6 1 2 3 10 3 0 0
ST_DELIB 4390 6 1 2 3 75 3 0 0
ST_DELIB 4391 6 1 2 3 10 3 0 0
ST_DELIB 4392 6 1 2 3 10 3 0 0
ST_DELIB 4393 6 1 2 3 10 3 0 0
ST_DELIB 4394 6 1 2 3 75 3 0 0
ST_DELIB 4395 6 1 2 3 10 3 0 0
ST_DELIB 4396 6 1 2 3 10 3 0 0
ST_DELIB 4397 6 1 2 3 75 3 0 0
ST_DELIB 4398 6 1 2 3 10 3 0 0
ST_DELIB 4399 6 1 2 3 10 3 0 0
ST_DELIB 4400 6 1 2 3 75 3 0 0
ST_DELIB 4401 6 1 2 3 10 3 0 0
ST_DELIB 4402 6 1 2 3 10 3 0 0
ST_DELIB 4403 6 1 2 3 10 3 0 0
ST_DELIB 4404 6 1 2 3 75 3 0 0
ST_DELIB 4405 6 1 2 3 10 3 0 0
ST_DELIB 4406 6 1 2 3 10 3 0 0
ST_DELIB 4407 6 1 2 3 75 3 0 0
ST_DELIB 4408 6 1 2 3 10 3 0 0
ST_DELIB 4409 6 1 2 3 10 3 0 0
ST_DELIB 4410 6 1 2 3 75 3 0 0
ST_DELIB 4411 6 1 2 3 10 3 0 0
ST_DELIB 4412 6 1 2 3 10 3 0 0
ST_DELIB 4413 6 1 2 3 10 3 0 0
ST_DELIB 4414 6 1 2 3 75 3 0 0
ST_DELIB 4415 6 1 2 3 10 3 0 0
ST_DELIB 4416 6 1 2 3 10 3 0 0
ST_DELIB 4417 6 1 2 3 75 3 0 0
ST_DELIB 4418 6 1 2 3 10 3 0 0
ST_DELIB 4419 6 1 2 3 10 3 0 0
ST_DELIB 4420 6 1 2 3 75 3 0 0
ST_DELIB 4421 6 1 2 3 10 3 0 0
ST_DELIB 4422 6 1 2 3 10 3 0 0
ST_DELIB 4423 6 1 2 3 10 3 0 0
ST_DELIB 4424 6 1 2 3 75 3 0 0
ST_DELIB 4425 6 1 2 3 10 3 0 0
ST_DELIB 4426 6 1 2 3 10 3 0 0
ST_DELIB 4427 6 1 2 3 75 3 0 0
ST_DELIB 4428 6 1 2 3 10 3 0 0
ST_DELIB 4429 6 1 2 3 10 3 0 0
ST_DELIB 4430 6 1 2 3 75 3 0 0
ST_DELIB 4431 6 1 2 3 10 3 0 0
ST_DELIB 4432 6 1 2 3 10 3 0 0
ST_DELIB 4433 6 1 2 3 10 3 0 0
ST_DELIB 4434 6 1 2 3 75 3 0 0
ST_DELIB 4435 6 1 2 3 10 3 0 0
ST_DELIB 4436 6 1 2 3 10 3 0 0
ST_DELIB 4437 6 1 2 3 75 3 0 0
ST_DELIB 4438 6 1 2 3 10 3 0 0
ST_DELIB 4439 6 1 2 3 10 3 0 0
ST_DELIB 4440 6 1 2 3 75 3 0 0
ST_DELIB 4441 6 1 2 3 10 3 0 0
ST_DELIB 4442 6 1 2 3 10 3 0 0
ST_DELIB 4443 6 1 2 3 10 3 0 0
ST_DELIB 4444 6 1 2 3 75 3 0 0
ST_DELIB 4445 6 1 2 3 10 3 0 0
ST_DELIB 4446 6 1 2 3 10 3 0 0
ST_DELIB 4447 6 1 2 3 75 3 0 0
ST_DELIB 4448 6 1 2 3 10 3 0 0
ST_DELIB 4449 6 1 2 3 10 3 0 0
ST_DELIB 4450 6 1 2 3 75 3 0 0
ST_DELIB 4451 6 1 2 3 10 3 0 0
ST_DELIB 4452 6 1 2 3 10 3 0 0
ST_DELIB 4453 6 1 2 3 10 3 0 0
ST_DELIB 4454 6 1 2 3 75 3 0 0
ST_DELIB 4455 6 1 2 3 10 3 0 0
ST_DELIB 4456 6 1 2 3 10 3 0 0
ST_DELIB 4457 6 1 2 3 75 3 0 0
ST_DELIB 4458 6 1 2 3 10 3 0 0
ST_DELIB 4459 6 1 2 3 10 3 0 0
ST_DELIB 4460 6 1 2 3 75 3 0 0
ST_DELIB 4461 6 1 2 3 10 3 0 0
ST_DELIB 4462 6 1 2 3 10 3 0 0
ST_DELIB 4463 6 1 2 3 10 3 0 0
ST_DELIB 4464 6 1 2 3 75 3 0 0
ST_DELIB 4465 6 1 2 3 10 3 0 0
ST_DELIB 4466 6 1 2 3 10 3 0 0
ST_DELIB 4467 6 1 2 3 75 3 0 0
ST_DELIB 4468 6 1 2 3 10 3 0 0
ST_DELIB 4469 6 1 2 3 10 3 0 0
ST_DELIB 4470 6 1 2 3 75 3 0 0
ST_DELIB 4471 6 1 2 3 10 3 0 0
ST_DELIB 4472 6 1 2 3 10 3 0 0
ST_DELIB 4473 6 1 2 3 10 3 0 0
ST_DELIB 4474 6 1 2 3 75 3 0 0
ST_DELIB 4475 6 1 2 3 10 3 0 0
ST_DELIB 4476 6 1 2 3 10 3 0 0
ST_DELIB 4477 6 1 2 3 75 3 0 0
ST_DELIB 4478 6 1 2 3 10 3 0 0
ST_DELIB 4479 6 1 2 3 10 3 0 0
ST_DELIB 4480 6 1 2 3 75 3 0 0
ST_DELIB 4481 6 1 2 3 10 3 0 0
ST_DELIB 4482 6 1 2 3 10 3 0 0
ST_DELIB 4483 6 1 2 3 10 3 0 0
ST_DELIB 4484 6 1 2 3 75 3 0 0
ST_DELIB 4485 6 1 2 3 10 3 0 0
ST_DELIB 4486 6 1 2 3 10 3 0 0
ST_DELIB 4487 6 1 2 3 75 3 0 0
ST_DELIB 4488 6 1 2 3 10 3 0 0
ST_DELIB 4489 6 1 2 3 10 3 0 0
ST_DELIB 4490 6 1 2 3 75 3 0 0
ST_DELIB 4491 6 1 2 3 10 3 0 0
ST_DELIB 4492 6 1 2 3 10 3 0 0
ST_DELIB 4493 6 1 2 3 10 3 0 0
ST_DELIB 4494 6 1 2 3 75 3 0 0
ST_DELIB 4495 6 1 2 3 10 3 0 0
ST_DELIB 4496 6 1 2 3 10 3 0 0
ST_DELIB 4497 6 1 2 3 75 3 0 0
ST_DELIB 4498 6 1 2 3 10 3 0 0
ST_DELIB 4499 6 1 2 3 10 3 0 0
ST_TS 4500 320 5143 0 11074 0 4184 2 317 1350 0 0 0 6 0 0 0
ST_DELIB 4500 6 1 2 3 75 3 0 0
ST_DELIB 4501 6 1 2 3 10 3 0 0
ST_DELIB 4502 6 1 2 3 10 3 0 0
ST_DELIB 4503 6 1 2 3 10 3 0 0
ST_DELIB 4504 6 1 2 3 75 3 0 0
ST_DELIB 4505 6 1 2 3 10 3 0 0
ST_DELIB 4506 6 1 2 3 10 3 0 0
ST_DELIB 4507 6 1 2 3 75 3 0 0
ST_DELIB 4508 6 1 2 3 10 3 0 0
ST_DELIB 4509 6 1 2 3 10 3 0 0
ST_DELIB 4510 6 1 2 3 75 3 0 0
ST_DELIB 4511 6 1 2 3 10 3 0 0
ST_DELIB 4512 6 1 2 3 10 3 0 0
ST_DELIB 4513 6 1 2 3 10 3 0 0
ST_DELIB 4514 6 1 2 3 75 3 0 0
ST_DELIB 4515 6 1 2 3 10 3 0 0
ST_DELIB 4516 6 1 2 3 10 3 0 0
ST_DELIB 4517 6 1 2 3 75 3 0 0
ST_DELIB 4518 6 1 2 3 10 3 0 0
ST_DELIB 4519 6 1 2 3 10 3 0 0
ST_DELIB 4520 6 1 2 3 75 3 0 0
ST_DELIB 4521 6 1 2 3 10 3 0 0
ST_DELIB 4522 6 1 2 3 10 3 0 0
ST_DELIB 4523 6 1 2 3 10 3 0 0
ST_DELIB 4524 6 1 2 3 75 3 0 0
ST_DELIB 4525 6 1 2 3 10 3 0 0
ST_DELIB 4526 6 1 2 3 10 3 0 0
ST_DELIB 4527 6 1 2 3 75 3 0 0
ST_DELIB 4528 6 1 2 3 10 3 0 0
ST_DELIB 4529 6 1 2 3 10 3 0 0
ST_DELIB 4530 6 1 2 3 75 3 0 0
ST_DELIB 4531 6 1 2 3 10 3 0 0
ST_DELIB 4532 6 1 2 3 10 3 0 0
ST_DELIB 4533 6 1 2 3 10 3 0 0
ST_DELIB 4534 6 1 2 3 75 3 0 0
ST_DELIB 4535 6 1 2 3 10 3 0 0
ST_DELIB 4536 6 1 2 3 10 3 0 0
ST_DELIB 4537 6 1 2 3 75 3 0 0
ST_DELIB 4538 6 1 2 3 10 3 0 0
ST_DELIB 4539 6 1 2 3 10 3 0 0
ST_DELIB 4540 6 1 2 3 75 3 0 0
ST_DELIB 4541 6 1 2 3 10 3 0 0
ST_DELIB 4542 6 1 2 3 10 3 0 0
ST_DELIB 4543 6 1 2 3 10 3 0 0
ST_DELIB 4544 6 1 2 3 75 3 0 0
ST_DELIB 4545 6 1 2 3 10 3 0 0
ST_DELIB 4546 6 1 2 3 10 3 0 0
ST_DELIB 4547 6 1 2 3 75 3 0 0
ST_DELIB 4548 6 1 2 3 10 3 0 0
ST_DELIB 4549 6 1 2 3 10 3 0 0
ST_DELIB 4550 6 1 2 3 75 3 0 0
ST_DELIB 4551 6 1 2 3 10 3 0 0
ST_DELIB 4552 6 1 2 3 10 3 0 0
ST_DELIB 4553 6 1 2 3 10 3 0 0
ST_DELIB 4554 6 1 2 3 75 3 0 0
ST_DELIB 4555 6 1 2 3 10 3 0 0
ST_DELIB 4556 6 1 2 3 10 3 0 0
ST_DELIB 4557 6 1 2 3 75 3 0 0
ST_DELIB 4558 6 1 2 3 10 3 0 0
ST_DELIB 4559 6 1 2 3 10 3 0 0
ST_DELIB 4560 6 1 2 3 75 3 0 0
ST_DELIB 4561 6 1 2 3 10 3 0 0
ST_DELIB 4562 6 1 2 3 10 3 0 0
ST_DELIB 4563 6 1 2 3 10 3 0 0
ST_DELIB 4564 6 1 2 3 75 3 0 0
ST_DELIB 4565 6 1 2 3 10 3 0 0
ST_DELIB 4566 6 1 2 3 10 3 0 0
ST_DELIB 4567 6 1 2 3 75 3 0 0
ST_DELIB 4568 6 1 2 3 10 3 0 0
ST_DELIB 4569 6 1 2 3 10 3 0 0
ST_DELIB 4570 6 1 2 3 75 3 0 0
ST_DELIB 4571 6 1 2 3 10 3 0 0
ST_DELIB 4572 6 1 2 3 10 3 0 0
ST_DELIB 4573 6 1 2 3 10 3 0 0
ST_DELIB 4574 6 1 2 3 75 3 0 0
ST_DELIB 4575 6 1 2 3 10 3 0 0
ST_DELIB 4576 6 1 2 3 10 3 0 0
ST_DELIB 4577 6 1 2 3 75 3 0 0
ST_DELIB 4578 6 1 2 3 10 3 0 0
ST_DELIB 4579 6 1 2 3 10 3 0 0
ST_DELIB 4580 6 1 2 3 75 3 0 0
ST_DELIB 4581 6 1 2 3 10 3 0 0
ST_DELIB 4582 6 1 2 3 10 3 0 0
ST_DELIB 4583 6 1 2 3 10 3 0 0
ST_DELIB 4584 6 1 2 3 75 3 0 0
ST_DELIB 4585 6 1 2 3 10 3 0 0
ST_DELIB 4586 6 1 2 3 10 3 0 0
ST_DELIB 4587 6 1 2 3 75 3 0 0
ST_DELIB 4588 6 1 2 3 10 3 0 0
ST_DELIB 4589 6 1 2 3 10 3 0 0
ST_DELIB 4590 6 1 2 3 75 3 0 0
ST_DELIB 4591 6 1 2 3 10 3 0 0
ST_DELIB 4592 6 1 2 3 10 3 0 0
ST_DELIB 4593 6 1 2 3 10 3 0 0
ST_DELIB 4594 6 1 2 3 75 3 0 0
ST_DELIB 4595 6 1 2 3 10 3 0 0
ST_DELIB 4596 6 1 2 3 10 3 0 0
ST_DELIB 4597 6 1 2 3 75 3 0 0
ST_DELIB 4598 6 1 2 3 10 3 0 0
ST_DELIB 4599 6 1 2 3 10 3 0 0
ST_DELIB 4600 6 1 2 3 75 3 0 0
ST_DELIB 4601 6 1 2 3 10 3 0 0
ST_DELIB 4602 6 1 2 3 10 3 0 0
ST_DELIB 4603 6 1 2 3 10 3 0 0
ST_DELIB 4604 6 1 2 3 75 3 0 0
ST_DELIB 4605 6 1 2 3 10 3 0 0
ST_DELIB 4606 6 1 2 3 10 3 0 0
ST_DELIB 4607 6 1 2 3 75 3 0 0
ST_DELIB 4608 6 1 2 3 10 3 0 0
ST_DELIB 4609 6 1 2 3 10 3 0 0
ST_DELIB 4610 6 1 2 3 75 3 0 0
ST_DELIB 4611 6 1 2 3 10 3 0 0
ST_DELIB 4612 6 1 2 3 10 3 0 0
ST_DELIB 4613 6 1 2 3 10 3 0 0
ST_DELIB 4614 6 1 2 3 75 3 0 0
ST_DELIB 4615 6 1 2 3 10 3 0 0
ST_DELIB 4616 6 1 2 3 10 3 0 0
ST_DELIB 4617 6 1 2 3 75 3 0 0
ST_DELIB 4618 6 1 2 3 10 3 0 0
ST_DELIB 4619 6 1 2 3 10 3 0 0
ST_DELIB 4620 6 1 2 3 75 3 0 0
ST_DELIB 4621 6 1 2 3 10 3 0 0
ST_DELIB 4622 6 1 2 3 10 3 0 0
ST_DELIB 4623 6 1 2 3 10 3 0 0
ST_DELIB 4624 6 1 2 3 75 3 0 0
ST_DELIB 4625 6 1 2 3 10 3 0 0
ST_DELIB 4626 6 1 2 3 10 3 0 0
ST_DELIB 4627 6 1 2 3 75 3 0 0
ST_DELIB 4628 6 1 2 3 10 3 0 0
ST_DELIB 4629 6 1 2 3 10 3 0 0
ST_DELIB 4630 6 1 2 3 75 3 0 0
ST_DELIB 4631 6 1 2 3 10 3 0 0
ST_DELIB 4632 6 1 2 3 10 3 0 0
ST_DELIB 4633 6 1 2 3 10 3 0 0
ST_DELIB 4634 6 1 2 3 75 3 0 0
ST_DELIB 4635 6 1 2 3 10 3 0 0
ST_DELIB 4636 6 1 2 3 10 3 0 0
ST_DELIB 4637 6 1 2 3 75 3 0 0
ST_DELIB 4638 6 1 2 3 10 3 0 0
ST_DELIB 4639 6 1 2 3 10 3 0 0
ST_DELIB 4640 6 1 2 3 75 3 0 0
ST_DELIB 4641 6 1 2 3 10 3 0 0
ST_DELIB 4642 6 1 2 3 10 3 0 0
ST_DELIB 4643 6 1 2 3 10 3 0 0
ST_DELIB 4644 6 1 2 3 75 3 0 0
ST_DELIB 4645 6 1 2 3 10 3 0 0
ST_DELIB 4646 6 1 2 3 10 3 0 0
ST_DELIB 4647 6 1 2 3 75 3 0 0
ST_DELIB 4648 6 1 2 3 10 3 0 0
ST_DELIB 4649 6 1 2 3 10 3 0 0
ST_DELIB 4650 6 1 2 3 75 3 0 0
ST_DELIB 4651 6 1 2 3 10 3 0 0
ST_DELIB 4652 6 1 2 3 10 3 0 0
ST_DELIB 4653 6 1 2 3 10 3 0 0
ST_DELIB 4654 6 1 2 3 75 3 0 0
ST_DELIB 4655 6 1 2 3 10 3 0 0
ST_DELIB 4656 6 1 2 3 10 3 0 0
ST_DELIB 4657 6 1 2 3 75 3 0 0
ST_DELIB 4658 6 1 2 3 10 3 0 0
ST_DELIB 4659 6 1 2 3 10 3 0 0
ST_DELIB 4660 6 1 2 3 75 3 0 0
ST_DELIB 4661 6 1 2 3 10 3 0 0
ST_DELIB 4662 6 1 2 3 10 3 0 0
ST_DELIB 4663 6 1 2 3 10 3 0 0
ST_DELIB 4664 6 1 2 3 75 3 0 0
ST_DELIB 4665 6 1 2 3 10 3 0 0
ST_DELIB 4666 6 1 2 3 10 3 0 0
ST_DELIB 4667 6 1 2 3 75 3 0 0
ST_DELIB 4668 6 1 2 3 10 3 0 0
ST_DELIB 4669 6 1 2 3 10 3 0 0
ST_DELIB 4670 6 1 2 3 75 3 0 0
ST_DELIB 4671 6 1 2 3 10 3 0 0
ST_DELIB 4672 6 1 2 3 10 3 0 0
ST_DELIB 4673 6 1 2 3 10 3 0 0
ST_DELIB 4674 6 1 2 3 75 3 0 0
ST_DELIB 4675 6 1 2 3 10 3 0 0
ST_DELIB 4676 6 1 2 3 10 3 0 0
ST_DELIB 4677 6 1 2 3 75 3 0 0
ST_DELIB 4678 6 1 2 3 10 3 0 0
ST_DELIB 4679 6 1 2 3 10 3 0 0
ST_DELIB 4680 6 1 2 3 75 3 0 0
ST_DELIB 4681 6 1 2 3 10 3 0 0
ST_DELIB 4682 6 1 2 3 10 3 0 0
ST_DELIB 4683 6 1 2 3 10 3 0 0
ST_DELIB 4684 6 1 2 3 75 3 0 0
ST_DELIB 4685 6 1 2 3 10 3 0 0
ST_DELIB 4686 6 1 2 3 10 3 0 0
ST_DELIB 4687 6 1 2 3 75 3 0 0
ST_DELIB 4688 6 1 2 3 10 3 0 0
ST_DELIB 4689 6 1 2 3 10 3 0 0
ST_DELIB 4690 6 1 2 3 75 3 0 0
ST_DELIB 4691 6 1 2 3 10 3 0 0
ST_DELIB 4692 6 1 2 3 10 3 0 0
ST_DELIB 4693 6 1 2 3 10 3 0 0
ST_DELIB 4694 6 1 2 3 75 3 0 0
ST_DELIB 4695 6 1 2 3 10 3 0 0
ST_DELIB 4696 6 1 2 3 10 3 0 0
ST_DELIB 4697 6 1 2 3 75 3 0 0
ST_DELIB 4698 6 1 2 3 10 3 0 0
ST_DELIB 4699 6 1 2 3 10 3 0 0
ST_DELIB 4700 6 1 2 3 75 3 0 0
ST_DELIB 4701 6 1 2 3 10 3 0 0
ST_DELIB 4702 6 1 2 3 10 3 0 0
ST_DELIB 4703 6 1 2 3 10 3 0 0
ST_DELIB 4704 6 1 2 3 75 3 0 0
ST_DELIB 4705 6 1 2 3 10 3 0 0
ST_DELIB 4706 6 1 2 3 10 3 0 0
ST_DELIB 4707 6 1 2 3 75 3 0 0
ST_DELIB 4708 6 1 2 3 10 3 0 0
ST_DELIB 4709 6 1 2 3 10 3 0 0
ST_DELIB 4710 6 1 2 3 75 3 0 0
ST_DELIB 4711 6 1 2 3 10 3 0 0
ST_DELIB 4712 6 1 2 3 10 3 0 0
ST_DELIB 4713 6 1 2 3 10 3 0 0
ST_DELIB 4714 6 1 2 3 75 3 0 0
ST_DELIB 4715 6 1 2 3 10 3 0 0
ST_DELIB 4716 6 1 2 3 10 3 0 0
ST_DELIB 4717 6 1 2 3 75 3 0 0
ST_DELIB 4718 6 1 2 3 10 3 0 0
ST_DELIB 4719 6 1 2 3 10 3 0 0
ST_DELIB 4720 6 1 2 3 75 3 0 0
ST_DELIB 4721 6 1 2 3 10 3 0 0
ST_DELIB 4722 6 1 2 3 10 3 0 0
ST_DELIB 4723 6 1 2 3 10 3 0 0
ST_DELIB 4724 6 1 2 3 75 3 0 0
ST_DELIB 4725 6 1 2 3 10 3 0 0
ST_DELIB 4726 6 1 2 3 10 3 0 0
ST_DELIB 4727 6 1 2 3 75 3 0 0
ST_DELIB 4728 6 1 2 3 10 3 0 0
ST_DELIB 4729 6 1 2 3 10 3 0 0
ST_DELIB 4730 6 1 2 3 75 3 0 0
ST_DELIB 4731 6 1 2 3 10 3 0 0
ST_DELIB 4732 6 1 2 3 10 3 0 0
ST_DELIB 4733 6 1 2 3 10 3 0 0
ST_DELIB 4734 6 1 2 3 75 3 0 0
ST_DELIB 4735 6 1 2 3 10 3 0 0
ST_DELIB 4736 6 1 2 3 10 3 0 0
ST_DELIB 4737 6 1 2 3 75 3 0 0
ST_DELIB 4738 6 1 2 3 10 3 0 0
ST_DELIB 4739 6 1 2 3 10 3 0 0
ST_DELIB 4740 6 1 2 3 75 3 0 0
ST_DELIB 4741 6 1 2 3 10 3 0 0
ST_DELIB 4742 6 1 2 3 10 3 0 0
ST_DELIB 4743 6 1 2 3 10 3 0 0
ST_DELIB 4744 6 1 2 3 75 3 0 0
ST_DELIB 4745 6 1 2 3 10 3 0 0
ST_DELIB 4746 6 1 2 3 10 3 0 0
ST_DELIB 4747 6 1 2 3 75 3 0 0
ST_DELIB 4748 6 1 2 3 10 3 0 0
ST_DELIB 4749 6 1 2 3 10 3 0 0
ST_TS 4750 320 5393 0 11824 0 4434 2 317 1425 0 0 0 6 0 0 0
ST_DELIB 4750 6 1 2 3 75 3 0 0
ST_DELIB 4751 6 1 2 3 10 3 0 0
ST_DELIB 4752 6 1 2 3 10 3 0 0
ST_DELIB 4753 6 1 2 3 10 3 0 0
ST_DELIB 4754 6 1 2 3 75 3 0 0
ST_DELIB 4755 6 1 2 3 10 3 0 0
ST_DELIB 4756 6 1 2 3 10 3 0 0
ST_DELIB 4757 6 1 2 3 75 3 0 0
ST_DELIB 4758 6 1 2 3 10 3 0 0
ST_DELIB 4759 6 1 2 3 10 3 0 0
ST_DELIB 4760 6 1 2 3 75 3 0 0
ST_DELIB 4761 6 1 2 3 10 3 0 0
ST_DELIB 4762 6 1 2 3 10 3 0 0
ST_DELIB 4763 6 1 2 3 10 3 0 0
ST_DELIB 4764 6 1 2 3 75 3 0 0
ST_DELIB 4765 6 1 2 3 10 3 0 0
ST_DELIB 4766 6 1 2 3 10 3 0 0
ST_DELIB 4767 6 1 2 3 75 3 0 0
ST_DELIB 4768 6 1 2 3 10 3 0 0
ST_DELIB 4769 6 1 2 3 10 3 0 0
ST_DELIB 4770 6 1 2 3 75 3 0 0
ST_DELIB 4771 6 1 2 3 10 3 0 0
ST_DELIB 4772 6 1 2 3 10 3 0 0
ST_DELIB 4773 6 1 2 3 10 3 0 0
ST_DELIB 4774 6 1 2 3 75 3 0 0
ST_DELIB 4775 6 1 2 3 10 3 0 0
ST_DELIB 4776 6 1 2 3 10 3 0 0
ST_DELIB 4777 6 1 2 3 75 3 0 0
ST_DELIB 4778 6 1 2 3 10 3 0 0
ST_DELIB 4779 6 1 2 3 10 3 0 0
ST_DELIB 4780 6 1 2 3 75 3 0 0
ST_DELIB 4781 6 1 2 3 10 3 0 0
ST_DELIB 4782 6 1 2 3 10 3 0 0
ST_DELIB 4783 6 1 2 3 10 3 0 0
ST_DELIB 4784 6 1 2 3 75 3 0 0
ST_DELIB 4785 6 1 2 3 10 3 0 0
ST_DELIB 4786 6 1 2 3 10 3 0 0
ST_DELIB 4787 6 1 2 3 75 3 0 0
ST_DELIB 4788 6 1 2 3 10 3 0 0
ST_DELIB 4789 6 1 2 3 10 3 0 0
ST_DELIB 4790 6 1 2 3 75 3 0 0
ST_DELIB 4791 6 1 2 3 10 3 0 0
ST_DELIB 4792 6 1 2 3 10 3 0 0
ST_DELIB 4793 6 1 2 3 10 3 0 0
ST_DELIB 4794 6 1 2 3 75 3 0 0
ST_DELIB 4795 6 1 2 3 10 3 0 0
ST_DELIB 4796 6 1 2 3 10 3 0 0
ST_DELIB 4797 6 1 2 3 75 3 0 0
ST_DELIB 4798 6 1 2 3 10 3 0 0
ST_DELIB 4799 6 1 2 3 10 3 0 0
ST_DELIB 4800 6 1 2 3 75 3 0 0
ST_DELIB 4801 6 1 2 3 10 3 0 0
ST_DELIB 4802 6 1 2 3 10 3 0 0
ST_DELIB 4803 6 1 2 3 10 3 0 0
ST_DELIB 4804 6 1 2 3 75 3 0 0
ST_DELIB 4805 6 1 2 3 10 3 0 0
ST_DELIB 4806 6 1 2 3 10 3 0 0
ST_DELIB 4807 6 1 2 3 75 3 0 0
ST_DELIB 4808 6 1 2 3 10 3 0 0
ST_DELIB 4809 6 1 2 3 10 3 0 0
ST_DELIB 4810 6 1 2 3 75 3 0 0
ST_DELIB 4811 6 1 2 3 10 3 0 0
ST_DELIB 4812 6 1 2 3 10 3 0 0
ST_DELIB 4813 6 1 2 3 10 3 0 0
ST_DELIB 4814 6 1 2 3 75 3 0 0
ST_DELIB 4815 6 1 2 3 10 3 0 0
ST_DELIB 4816 6 1 2 3 10 3 0 0
ST_DELIB 4817 6 1 2 3 75 3 0 0
ST_DELIB 4818 6 1 2 3 10 3 0 0
ST_DELIB 4819 6 1 2 3 10 3 0 0
ST_DELIB 4820 6 1 2 3 75 3 0 0
ST_DELIB 4821 6 1 2 3 10 3 0 0
ST_DELIB 4822 6 1 2 3 10 3 0 0
ST_DELIB 4823 6 1 2 3 10 3 0 0
ST_DELIB 4824 6 1 2 3 75 3 0 0
ST_DELIB 4825 6 1 2 3 10 3 0 0
ST_DELIB 4826 6 1 2 3 10 3 0 0
ST_DELIB 4827 6 1 2 3 75 3 0 0
ST_DELIB 4828 6 1 2 3 10 3 0 0
ST_DELIB 4829 6 1 2 3 10 3 0 0
ST_DELIB 4830 6 1 2 3 75 3 0 0
ST_DELIB 4831 6 1 2 3 10 3 0 0
ST_DELIB 4832 6 1 2 3 10 3 0 0
ST_DELIB 4833 6 1 2 3 10 3 0 0
ST_DELIB 4834 6 1 2 3 75 3 0 0
ST_DELIB 4835 6 1 2 3 10 3 0 0
ST_DELIB 4836 6 1 2 3 10 3 0 0
ST_DELIB 4837 6 1 2 3 75 3 0 0
ST_DELIB 4838 6 1 2 3 10 3 0 0
ST_DELIB 4839 6 1 2 3 10 3 0 0
ST_DELIB 4840 6 1 2 3 75 3 0 0
ST_DELIB 4841 6 1 2 3 10 3 0 0
ST_DELIB 4842 6 1 2 3 10 3 0 0
ST_DELIB 4843 6 1 2 3 10 3 0 0
ST_DELIB 4844 6 1 2 3 75 3 0 0
ST_DELIB 4845 6 1 2 3 10 3 0 0
ST_DELIB 4846 6 1 2 3 10 3 0 0
ST_DELIB 4847 6 1 2 3 75 3 0 0
ST_DELIB 4848 6 1 2 3 10 3 0 0
ST_DELIB 4849 6 1 2 3 10 3 0 0
ST_DELIB 4850 6 1 2 3 75 3 0 0
ST_DELIB 4851 6 1 2 3 10 3 0 0
ST_DELIB 4852 6 1 2 3 10 3 0 0
ST_DELIB 4853 6 1 2 3 10 3 0 0
ST_DELIB 4854 6 1 2 3 75 3 0 0
ST_DELIB 4855 6 1 2 3 10 3 0 0
ST_DELIB 4856 6 1 2 3 10 3 0 0
ST_DELIB 4857 6 1 2 3 75 3 0 0
ST_DELIB 4858 6 1 2 3 10 3 0 0
ST_DELIB 4859 6 1 2 3 10 3 0 0
ST_DELIB 4860 6 1 2 3 75 3 0 0
ST_DELIB 4861 6 1 2 3 10 3 0 0
ST_DELIB 4862 6 1 2 3 10 3 0 0
ST_DELIB 4863 6 1 2 3 10 3 0 0
ST_DELIB 4864 6 1 2 3 75 3 0 0
ST_DELIB 4865 6 1 2 3 10 3 0 0
ST_DELIB 4866 6 1 2 3 10 3 0 0
ST_DELIB 4867 6 1 2 3 75 3 0 0
ST_DELIB 4868 6 1 2 3 10 3 0 0
ST_DELIB 4869 6 1 2 3 10 3 0 0
ST_DELIB 4870 6 1 2 3 75 3 0 0
ST_DELIB 4871 6 1 2 3 10 3 0 0
ST_DELIB 4872 6 1 2 3 10 3 0 0
ST_DELIB 4873 6 1 2 3 10 3 0 0
ST_DELIB 4874 6 1 2 3 75 3 0 0
ST_DELIB 4875 6 1 2 3 10 3 0 0
ST_DELIB 4876 6 1 2 3 10 3 0 0
ST_DELIB 4877 6 1 2 3 75 3 0 0
ST_DELIB 4878 6 1 2 3 10 3 0 0
ST_DELIB 4879 6 1 2 3 10 3 0 0
ST_DELIB 4880 6 1 2 3 75 3 0 0
ST_DELIB 4881 6 1 2 3 10 3 0 0
ST_DELIB 4882 6 1 2 3 10 3 0 0
ST_DELIB 4883 6 1 2 3 10 3 0 0
ST_DELIB 4884 6 1 2 3 75 3 0 0
ST_DELIB 4885 6 1 2 3 10 3 0 0
ST_DELIB 4886 6 1 2 3 10 3 0 0
ST_DELIB 4887 6 1 2 3 75 3 0 0
ST_DELIB 4888 6 1 2 3 10 3 0 0
ST_DELIB 4889 6 1 2 3 10 3 0 0
ST_DELIB 4890 6 1 2 3 75 3 0 0
ST_DELIB 4891 6 1 2 3 10 3 0 0
ST_DELIB 4892 6 1 2 3 10 3 0 0
ST_DELIB 4893 6 1 2 3 10 3 0 0
ST_DELIB 4894 6 1 2 3 75 3 0 0
ST_DELIB 4895 6 1 2 3 10 3 0 0
ST_DELIB 4896 6 1 2 3 10 3 0 0
ST_DELIB 4897 6 1 2 3 75 3 0 0
ST_DELIB 4898 6 1 2 3 10 3 0 0
ST_DELIB 4899 6 1 2 3 10 3 0 0
ST_DELIB 4900 6 1 2 3 75 3 0 0
ST_DELIB 4901 6 1 2 3 10 3 0 0
ST_DELIB 4902 6 1 2 3 10 3 0 0
ST_DELIB 4903 6 1 2 3 10 3 0 0
ST_DELIB 4904 6 1 2 3 75 3 0 0
ST_DELIB 4905 6 1 2 3 10 3 0 0
ST_DELIB 4906 6 1 2 3 10 3 0 0
ST_DELIB 4907 6 1 2 3 75 3 0 0
ST_DELIB 4908 6 1 2 3 10 3 0 0
ST_DELIB 4909 6 1 2 3 10 3 0 0
ST_DELIB 4910 6 1 2 3 75 3 0 0
ST_DELIB 4911 6 1 2 3 10 3 0 0
ST_DELIB 4912 6 1 2 3 10 3 0 0
ST_DELIB 4913 6 1 2 3 10 3 0 0
ST_DELIB 4914 6 1 2 3 75 3 0 0
ST_DELIB 4915 6 1 2 3 10 3 0 0
ST_DELIB 4916 6 1 2 3 10 3 0 0
ST_DELIB 4917 6 1 2 3 75 3 0 0
ST_DELIB 4918 6 1 2 3 10 3 0 0
ST_DELIB 4919 6 1 2 3 10 3 0 0
ST_DELIB 4920 6 1 2 3 75 3 0 0
ST_DELIB 4921 6 1 2 3 10 3 0 0
ST_DELIB 4922 6 1 2 3 10 3 0 0
ST_DELIB 4923 6 1 2 3 10 3 0 0
ST_DELIB 4924 6 1 2 3 75 3 0 0
ST_DELIB 4925 6 1 2 3 10 3 0 0
ST_DELIB 4926 6 1 2 3 10 3 0 0
ST_DELIB 4927 6 1 2 3 75 3 0 0
ST_DELIB 4928 6 1 2 3 10 3 0 0
ST_DELIB 4929 6 1 2 3 10 3 0 0
ST_DELIB 4930 6 1 2 3 75 3 0 0
ST_DELIB 4931 6 1 2 3 10 3 0 0
ST_DELIB 4932 6 1 2 3 10 3 0 0
ST_DELIB 4933 6 1 2 3 10 3 0 0
ST_DELIB 4934 6 1 2 3 75 3 0 0
ST_DELIB 4935 6 1 2 3 10 3 0 0
ST_DELIB 4936 6 1 2 3 10 3 0 0
ST_DELIB 4937 6 1 2 3 75 3 0 0
ST_DELIB 4938 6 1 2 3 10 3 0 0
ST_DELIB 4939 6 1 2 3 10 3 0 0
ST_DELIB 4940 6 1 2 3 75 3 0 0
ST_DELIB 4941 6 1 2 3 10 3 0 0
ST_DELIB 4942 6 1 2 3 10 3 0 0
ST_DELIB 4943 6 1 2 3 10 3 0 0
ST_DELIB 4944 6 1 2 3 75 3 0 0
ST_DELIB 4945 6 1 2 3 10 3 0 0
ST_DELIB 4946 6 1 2 3 10 3 0 0
ST_DELIB 4947 6 1 2 3 75 3 0 0
ST_DELIB 4948 6 1 2 3 10 3 0 0
ST_DELIB 4949 6 1 2 3 10 3 0 0
ST_DELIB 4950 6 1 2 3 75 3 0 0
ST_DELIB 4951 6 1 2 3 10 3 0 0
ST_DELIB 4952 6 1 2 3 10 3 0 0
ST_DELIB 4953 6 1 2 3 10 3 0 0
ST_DELIB 4954 6 1 2 3 75 3 0 0
ST_DELIB 4955 6 1 2 3 10 3 0 0
ST_DELIB 4956 6 1 2 3 10 3 0 0
ST_DELIB 4957 6 1 2 3 75 3 0 0
ST_DELIB 4958 6 1 2 3 10 3 0 0
ST_DELIB 4959 6 1 2 3 10 3 0 0
ST_DELIB 4960 6 1 2 3 75 3 0 0
ST_DELIB 4961 6 1 2 3 10 3 0 0
ST_DELIB 4962 6 1 2 3 10 3 0 0
ST_DELIB 4963 6 1 2 3 10 3 0 0
ST_DELIB 4964 6 1 2 3 75 3 0 0
ST_DELIB 4965 6 1 2 3 10 3 0 0
ST_DELIB 4966 6 1 2 3 10 3 0 0
ST_DELIB 4967 6 1 2 3 75 3 0 0
ST_DELIB 4968 6 1 2 3 10 3 0 0
ST_DELIB 4969 6 1 2 3 10 3 0 0
ST_DELIB 4970 6 1 2 3 75 3 0 0
ST_DELIB 4971 6 1 2 3 10 3 0 0
ST_DELIB 4972 6 1 2 3 10 3 0 0
ST_DELIB 4973 6 1 2 3 10 3 0 0
ST_DELIB 4974 6 1 2 3 75 3 0 0
ST_DELIB 4975 6 1 2 3 10 3 0 0
ST_DELIB 4976 6 1 2 3 10 3 0 0
ST_DELIB 4977 6 1 2 3 75 3 0 0
ST_DELIB 4978 6 1 2 3 10 3 0 0
ST_DELIB 4979 6 1 2 3 10 3 0 0
ST_DELIB 4980 6 1 2 3 75 3 0 0
ST_DELIB 4981 6 1 2 3 10 3 0 0
ST_DELIB 4982 6 1 2 3 10 3 0 0
ST_DELIB 4983 6 1 2 3 10 3 0 0
ST_DELIB 4984 6 1 2 3 75 3 0 0
ST_DELIB 4985 6 1 2 3 10 3 0 0
ST_DELIB 4986 6 1 2 3 10 3 0 0
ST_DELIB 4987 6 1 2 3 75 3 0 0
ST_DELIB 4988 6 1 2 3 10 3 0 0
ST_DELIB 4989 6 1 2 3 10 3 0 0
ST_DELIB 4990 6 1 2 3 75 3 0 0
ST_DELIB 4991 6 1 2 3 10 3 0 0
ST_DELIB 4992 6 1 2 3 10 3 0 0
ST_DELIB 4993 6 1 2 3 10 3 0 0
ST_DELIB 4994 6 1 2 3 75 3 0 0
ST_DELIB 4995 6 1 2 3 10 3 0 0
ST_DELIB 4996 6 1 2 3 10 3 0 0
ST_DELIB 4997 6 1 2 3 75 3 0 0
ST_DELIB 4998 6 1 2 3 10 3 0 0
ST_DELIB 4999 6 1 2 3 10 3 0 0
ST_TS 5000 320 5643 0 12574 0 4684 2 317 1500 0 0 0 6 0 0 0
ST_CELL 12 2 2 1
ST_AUDIT_N 5643
ST_DROPS 0
ST_ABANDONS 0
ST_ABANDON_Q 0 0 0 0
ST_METRIC 3 4 6
ST_METRIC 4 0 3498
ST_METRIC 5 0 6
ST_A_SUMMARY 0 4684 2 0 12574
ST_LEDGER 5643 474012
CL_CHECK,ck_replay,0,0
CL_CHECK,ck_refusals_clean,0,0
CL_CHECK,ck_core_live,1,1
CL_CHECK,ck_strength_lineage,1,1
CL_CHECK,ck_strength_lineage,1,1
CL_CHECK,ck_strength_lineage,1,1
CL_CHECK,ck_strength_lineage,1,1
CL_CHECK,ck_strength_lineage,1,1
CL_CHECK,ck_strength_lineage,1,1
CL_CHECK,ck_strength_lineage,1,1
CL_CHECK,ck_strength_lineage,1,1
CL_CHECK,ck_strength_lineage,1,1
CL_CHECK,ck_strength_lineage,1,1
CL_CHECK,ck_strength_lineage,1,1
CL_CHECK,ck_strength_lineage,1,1
CL_CHECK,ck_strength_lineage,1,1
CL_CHECK,ck_strength_lineage,1,1
CL_CHECK,ck_strength_lineage,1,1
CL_CHECK,ck_strength_lineage,1,1
CL_CHECK,ck_strength_lineage,1,1
CL_CHECK,ck_strength_lineage,1,1
CL_CHECK,ck_strength_lineage,1,1
CL_CHECK,ck_strength_lineage,1,1
CL_CHECK,ck_strength_lineage,1,1
CL_CHECK,ck_strength_lineage,1,1
CL_CHECK,ck_strength_lineage,1,1
CL_CHECK,ck_strength_lineage,1,1
CL_CHECK,ck_strength_lineage,1,1
CL_CHECK,ck_strength_lineage,1,1
CL_CHECK,ck_strength_lineage,1,1
CL_CHECK,ck_strength_lineage,1,1
CL_CHECK,ck_strength_lineage,1,1
CL_CHECK,ck_strength_lineage,1,1
CL_CHECK,ck_strength_lineage,1,1
CL_CHECK,ck_strength_lineage,1,1
CL_CHECK,ck_strength_lineage,1,1
CL_CHECK,ck_strength_lineage,1,1
CL_CHECK,ck_strength_lineage,1,1
CL_CHECK,ck_strength_lineage,1,1
CL_CHECK,ck_strength_lineage,1,1
CL_CHECK,ck_strength_lineage,1,1
CL_CHECK,ck_strength_lineage,1,1
CL_CHECK,ck_strength_lineage,1,1
CL_CHECK,ck_strength_lineage,1,1
CL_CHECK,ck_strength_lineage,1,1
CL_CHECK,ck_strength_lineage,1,1
CL_CHECK,ck_strength_lineage,1,1
CL_CHECK,ck_strength_lineage,1,1
CL_CHECK,ck_strength_lineage,1,1
CL_CHECK,ck_strength_lineage,1,1
CL_CHECK,ck_strength_lineage,1,1
CL_CHECK,ck_strength_lineage,1,1
CL_CHECK,ck_strength_lineage,1,1
CL_CHECK,ck_strength_lineage,1,1
CL_CHECK,ck_strength_lineage,1,1
CL_CHECK,ck_strength_lineage,1,1
CL_CHECK,ck_strength_lineage,1,1
CL_CHECK,ck_strength_lineage,1,1
CL_CHECK,ck_strength_lineage,1,1
CL_CHECK,ck_strength_lineage,1,1
CL_CHECK,ck_strength_lineage,1,1
CL_CHECK,ck_strength_lineage,1,1
CL_CHECK,ck_strength_lineage,1,1
CL_CHECK,ck_strength_lineage,1,1
CL_CHECK,ck_strength_lineage,1,1
CL_CHECK,ck_strength_lineage,1,1
CL_CHECK,ck_strength_lineage,1,1
CL_CHECK,ck_strength_lineage,1,1
CL_CHECK,ck_strength_lineage,1,1
CL_CHECK,ck_strength_lineage,1,1
CL_CHECK,ck_strength_lineage,1,1
CL_CHECK,ck_strength_lineage,1,1
CL_CHECK,ck_strength_lineage,1,1
CL_CHECK,ck_strength_lineage,1,1
CL_CHECK,ck_strength_lineage,1,1
CL_CHECK,ck_strength_lineage,1,1
CL_CHECK,ck_strength_lineage,1,1
CL_CHECK,ck_strength_lineage,1,1
CL_CHECK,ck_strength_lineage,1,1
CL_CHECK,ck_strength_lineage,1,1
CL_CHECK,ck_strength_lineage,1,1
CL_CHECK,ck_strength_lineage,1,1
CL_CHECK,ck_strength_lineage,1,1
CL_CHECK,ck_strength_lineage,1,1
CL_CHECK,ck_strength_lineage,1,1
CL_CHECK,ck_strength_lineage,1,1
CL_CHECK,ck_strength_lineage,1,1
CL_CHECK,ck_strength_lineage,1,1
CL_CHECK,ck_strength_lineage,1,1
CL_CHECK,ck_strength_lineage,1,1
CL_CHECK,ck_strength_lineage,1,1
CL_CHECK,ck_strength_lineage,1,1
CL_CHECK,ck_strength_lineage,1,1
CL_CHECK,ck_strength_lineage,1,1
CL_CHECK,ck_strength_lineage,1,1
CL_CHECK,ck_strength_lineage,1,1
CL_CHECK,ck_strength_lineage,1,1
CL_CHECK,ck_strength_lineage,1,1
CL_CHECK,ck_strength_lineage,1,1
CL_CHECK,ck_strength_lineage,1,1
CL_CHECK,ck_strength_lineage,1,1
CL_CHECK,ck_strength_lineage,1,1
CL_CHECK,ck_strength_lineage,1,1
CL_CHECK,ck_strength_lineage,1,1
CL_CHECK,ck_strength_lineage,1,1
CL_CHECK,ck_strength_lineage,1,1
CL_CHECK,ck_strength_lineage,1,1
CL_CHECK,ck_strength_lineage,1,1
CL_CHECK,ck_strength_lineage,1,1
CL_CHECK,ck_strength_lineage,1,1
CL_CHECK,ck_strength_lineage,1,1
CL_CHECK,ck_strength_lineage,1,1
CL_CHECK,ck_strength_lineage,1,1
CL_CHECK,ck_strength_lineage,1,1
CL_CHECK,ck_strength_lineage,1,1
CL_CHECK,ck_strength_lineage,1,1
CL_CHECK,ck_strength_lineage,1,1
CL_CHECK,ck_strength_lineage,1,1
CL_CHECK,ck_strength_lineage,1,1
CL_CHECK,ck_strength_lineage,1,1
CL_CHECK,ck_strength_lineage,1,1
CL_CHECK,ck_strength_lineage,1,1
CL_CHECK,ck_strength_lineage,1,1
CL_CHECK,ck_strength_lineage,1,1
CL_CHECK,ck_strength_lineage,1,1
CL_CHECK,ck_strength_lineage,1,1
CL_CHECK,ck_strength_lineage,1,1
CL_CHECK,ck_strength_lineage,1,1
CL_CHECK,ck_strength_lineage,1,1
CL_CHECK,ck_strength_lineage,1,1
CL_CHECK,ck_strength_lineage,1,1
CL_CHECK,ck_strength_lineage,1,1
CL_CHECK,ck_strength_lineage,1,1
CL_CHECK,ck_strength_lineage,1,1
CL_CHECK,ck_strength_lineage,1,1
CL_CHECK,ck_strength_lineage,1,1
CL_CHECK,ck_strength_lineage,1,1
CL_CHECK,ck_strength_lineage,1,1
CL_CHECK,ck_strength_lineage,1,1
CL_CHECK,ck_strength_lineage,1,1
CL_CHECK,ck_strength_lineage,1,1
CL_CHECK,ck_strength_lineage,1,1
CL_CHECK,ck_strength_lineage,1,1
CL_CHECK,ck_strength_lineage,1,1
CL_CHECK,ck_strength_lineage,1,1
CL_CHECK,ck_strength_lineage,1,1
CL_CHECK,ck_strength_lineage,1,1
CL_CHECK,ck_strength_lineage,1,1
CL_CHECK,ck_strength_lineage,1,1
CL_CHECK,ck_strength_lineage,1,1
CL_CHECK,ck_strength_lineage,1,1
CL_CHECK,ck_strength_lineage,1,1
CL_CHECK,ck_strength_lineage,1,1
CL_CHECK,ck_strength_lineage,1,1
CL_CHECK,ck_strength_lineage,1,1
CL_CHECK,ck_strength_lineage,1,1
CL_CHECK,ck_strength_lineage,1,1
CL_CHECK,ck_strength_lineage,1,1
CL_CHECK,ck_strength_lineage,1,1
CL_CHECK,ck_strength_lineage,1,1
CL_CHECK,ck_strength_lineage,1,1
CL_CHECK,ck_strength_lineage,1,1
CL_CHECK,ck_strength_lineage,1,1
CL_CHECK,ck_strength_lineage,1,1
CL_CHECK,ck_strength_lineage,1,1
CL_CHECK,ck_strength_lineage,1,1
CL_CHECK,ck_strength_lineage,1,1
CL_CHECK,ck_strength_lineage,1,1
CL_CHECK,ck_strength_lineage,1,1
CL_CHECK,ck_strength_lineage,1,1
CL_CHECK,ck_strength_lineage,1,1
CL_CHECK,ck_strength_lineage,1,1
CL_CHECK,ck_strength_lineage,1,1
CL_CHECK,ck_strength_lineage,1,1
CL_CHECK,ck_strength_lineage,1,1
CL_CHECK,ck_strength_lineage,1,1
CL_CHECK,ck_strength_lineage,1,1
CL_CHECK,ck_strength_lineage,1,1
CL_CHECK,ck_strength_lineage,1,1
CL_CHECK,ck_strength_lineage,1,1
CL_CHECK,ck_strength_lineage,1,1
CL_CHECK,ck_strength_lineage,1,1
CL_CHECK,ck_strength_lineage,1,1
CL_CHECK,ck_strength_lineage,1,1
CL_CHECK,ck_strength_lineage,1,1
CL_CHECK,ck_strength_lineage,1,1
CL_CHECK,ck_strength_lineage,1,1
CL_CHECK,ck_strength_lineage,1,1
CL_CHECK,ck_strength_lineage,1,1
CL_CHECK,ck_strength_lineage,1,1
CL_CHECK,ck_strength_lineage,1,1
CL_CHECK,ck_strength_lineage,1,1
CL_CHECK,ck_strength_lineage,1,1
CL_CHECK,ck_strength_lineage,1,1
CL_CHECK,ck_strength_lineage,1,1
CL_CHECK,ck_strength_lineage,1,1
CL_CHECK,ck_strength_lineage,1,1
CL_CHECK,ck_strength_lineage,1,1
CL_CHECK,ck_strength_lineage,1,1
CL_CHECK,ck_strength_lineage,1,1
CL_CHECK,ck_strength_lineage,1,1
CL_CHECK,ck_strength_lineage,1,1
CL_CHECK,ck_strength_lineage,1,1
CL_CHECK,ck_strength_lineage,1,1
CL_CHECK,ck_strength_lineage,1,1
CL_CHECK,ck_strength_lineage,1,1
CL_CHECK,ck_strength_lineage,1,1
CL_CHECK,ck_strength_lineage,1,1
CL_CHECK,ck_strength_lineage,1,1
CL_CHECK,ck_strength_lineage,1,1
CL_CHECK,ck_strength_lineage,1,1
CL_CHECK,ck_strength_lineage,1,1
CL_CHECK,ck_strength_lineage,1,1
CL_CHECK,ck_strength_lineage,1,1
CL_CHECK,ck_strength_lineage,1,1
CL_CHECK,ck_strength_lineage,1,1
CL_CHECK,ck_strength_lineage,1,1
CL_CHECK,ck_strength_lineage,1,1
CL_CHECK,ck_strength_lineage,1,1
CL_CHECK,ck_strength_lineage,1,1
CL_CHECK,ck_strength_lineage,1,1
CL_CHECK,ck_strength_lineage,1,1
CL_CHECK,ck_strength_lineage,1,1
CL_CHECK,ck_strength_lineage,1,1
CL_CHECK,ck_strength_lineage,1,1
CL_CHECK,ck_strength_lineage,1,1
CL_CHECK,ck_strength_lineage,1,1
CL_CHECK,ck_strength_lineage,1,1
CL_CHECK,ck_strength_lineage,1,1
CL_CHECK,ck_strength_lineage,1,1
CL_CHECK,ck_strength_lineage,1,1
CL_CHECK,ck_strength_lineage,1,1
CL_CHECK,ck_strength_lineage,1,1
CL_CHECK,ck_strength_lineage,1,1
CL_CHECK,ck_strength_lineage,1,1
CL_CHECK,ck_strength_lineage,1,1
CL_CHECK,ck_strength_lineage,1,1
CL_CHECK,ck_strength_lineage,1,1
CL_CHECK,ck_strength_lineage,1,1
CL_CHECK,ck_strength_lineage,1,1
CL_CHECK,ck_strength_lineage,1,1
CL_CHECK,ck_strength_lineage,1,1
CL_CHECK,ck_strength_lineage,1,1
CL_CHECK,ck_strength_lineage,1,1
CL_CHECK,ck_strength_lineage,1,1
CL_CHECK,ck_strength_lineage,1,1
CL_CHECK,ck_strength_lineage,1,1
CL_CHECK,ck_strength_lineage,1,1
CL_CHECK,ck_strength_lineage,1,1
CL_CHECK,ck_strength_lineage,1,1
CL_CHECK,ck_strength_lineage,1,1
CL_CHECK,ck_strength_lineage,1,1
CL_CHECK,ck_strength_lineage,1,1
CL_CHECK,ck_strength_lineage,1,1
CL_CHECK,ck_strength_lineage,1,1
CL_CHECK,ck_strength_lineage,1,1
CL_CHECK,ck_strength_lineage,1,1
CL_CHECK,ck_strength_lineage,1,1
CL_CHECK,ck_strength_lineage,1,1
CL_CHECK,ck_strength_lineage,1,1
CL_CHECK,ck_strength_lineage,1,1
CL_CHECK,ck_strength_lineage,1,1
CL_CHECK,ck_strength_lineage,1,1
CL_CHECK,ck_strength_lineage,1,1
CL_CHECK,ck_strength_lineage,1,1
CL_CHECK,ck_strength_lineage,1,1
CL_CHECK,ck_strength_lineage,1,1
CL_CHECK,ck_strength_lineage,1,1
CL_CHECK,ck_strength_lineage,1,1
CL_CHECK,ck_strength_lineage,1,1
CL_CHECK,ck_strength_lineage,1,1
CL_CHECK,ck_strength_lineage,1,1
CL_CHECK,ck_strength_lineage,1,1
CL_CHECK,ck_strength_lineage,1,1
CL_CHECK,ck_strength_lineage,1,1
CL_CHECK,ck_strength_lineage,1,1
CL_CHECK,ck_strength_lineage,1,1
CL_CHECK,ck_strength_lineage,1,1
CL_CHECK,ck_strength_lineage,1,1
CL_CHECK,ck_strength_lineage,1,1
CL_CHECK,ck_strength_lineage,1,1
CL_CHECK,ck_strength_lineage,1,1
CL_CHECK,ck_strength_lineage,1,1
CL_CHECK,ck_strength_lineage,1,1
CL_CHECK,ck_strength_lineage,1,1
CL_CHECK,ck_strength_lineage,1,1
CL_CHECK,ck_strength_lineage,1,1
CL_CHECK,ck_strength_lineage,1,1
CL_CHECK,ck_strength_lineage,1,1
CL_CHECK,ck_strength_lineage,1,1
CL_CHECK,ck_strength_lineage,1,1
CL_CHECK,ck_strength_lineage,1,1
CL_CHECK,ck_strength_lineage,1,1
CL_CHECK,ck_strength_lineage,1,1
CL_CHECK,ck_strength_lineage,1,1
CL_CHECK,ck_strength_lineage,1,1
CL_CHECK,ck_strength_lineage,1,1
CL_CHECK,ck_strength_lineage,1,1
CL_CHECK,ck_strength_lineage,1,1
CL_CHECK,ck_strength_lineage,1,1
CL_CHECK,ck_strength_lineage,1,1
CL_CHECK,ck_strength_lineage,1,1
CL_CHECK,ck_strength_lineage,1,1
CL_CHECK,ck_strength_lineage,1,1
CL_CHECK,ck_strength_lineage,1,1
CL_CHECK,ck_strength_lineage,1,1
CL_CHECK,ck_strength_lineage,1,1
CL_CHECK,ck_strength_lineage,1,1
CL_CHECK,ck_strength_lineage,1,1
CL_CHECK,ck_strength_lineage,1,1
CL_CHECK,ck_strength_lineage,1,1
CL_CHECK,ck_strength_lineage,1,1
CL_CHECK,ck_strength_lineage,1,1
CL_CHECK,ck_strength_lineage,1,1
CL_CHECK,ck_strength_lineage,1,1
CL_CHECK,ck_strength_lineage,1,1
CL_CHECK,ck_strength_lineage,1,1
CL_CHECK,ck_strength_lineage,1,1
CL_CHECK,ck_strength_lineage,1,1
CL_CHECK,ck_strength_lineage,1,1
CL_CHECK,ck_strength_lineage,1,1
CL_CHECK,ck_strength_lineage,1,1
CL_CHECK,ck_strength_lineage,1,1
CL_CHECK,ck_strength_lineage,1,1
CL_CHECK,ck_strength_lineage,1,1
CL_CHECK,ck_strength_lineage,1,1
CL_CHECK,ck_strength_lineage,1,1
CL_CHECK,ck_strength_lineage,1,1
CL_CHECK,ck_strength_lineage,1,1
CL_CHECK,ck_strength_lineage,1,1
CL_CHECK,ck_strength_lineage,1,1
CL_CHECK,ck_strength_lineage,1,1
CL_CHECK,ck_strength_lineage,1,1
CL_CHECK,ck_strength_lineage,1,1
CL_CHECK,ck_strength_lineage,1,1
CL_CHECK,ck_strength_lineage,1,1
CL_CHECK,ck_strength_lineage,1,1
CL_CHECK,ck_strength_lineage,1,1
CL_CHECK,ck_strength_lineage,1,1
CL_CHECK,ck_strength_lineage,1,1
CL_CHECK,ck_strength_lineage,1,1
CL_CHECK,ck_strength_lineage,1,1
CL_CHECK,ck_strength_lineage,1,1
CL_CHECK,ck_strength_lineage,1,1
CL_CHECK,ck_strength_lineage,1,1
CL_CHECK,ck_strength_lineage,1,1
CL_CHECK,ck_strength_lineage,1,1
CL_CHECK,ck_strength_lineage,1,1
CL_CHECK,ck_strength_lineage,1,1
CL_CHECK,ck_strength_lineage,1,1
CL_CHECK,ck_strength_lineage,1,1
CL_CHECK,ck_strength_lineage,1,1
CL_CHECK,ck_strength_lineage,1,1
CL_CHECK,ck_strength_lineage,1,1
CL_CHECK,ck_strength_lineage,1,1
CL_CHECK,ck_strength_lineage,1,1
CL_CHECK,ck_strength_lineage,1,1
CL_CHECK,ck_strength_lineage,1,1
CL_CHECK,ck_strength_lineage,1,1
CL_CHECK,ck_strength_lineage,1,1
CL_CHECK,ck_strength_lineage,1,1
CL_CHECK,ck_strength_lineage,1,1
CL_CHECK,ck_strength_lineage,1,1
CL_CHECK,ck_strength_lineage,1,1
CL_CHECK,ck_strength_lineage,1,1
CL_CHECK,ck_strength_lineage,1,1
CL_CHECK,ck_strength_lineage,1,1
CL_CHECK,ck_strength_lineage,1,1
CL_CHECK,ck_strength_lineage,1,1
CL_CHECK,ck_strength_lineage,1,1
CL_CHECK,ck_strength_lineage,1,1
CL_CHECK,ck_strength_lineage,1,1
CL_CHECK,ck_strength_lineage,1,1
CL_CHECK,ck_strength_lineage,1,1
CL_CHECK,ck_strength_lineage,1,1
CL_CHECK,ck_strength_lineage,1,1
CL_CHECK,ck_strength_lineage,1,1
CL_CHECK,ck_strength_lineage,1,1
CL_CHECK,ck_strength_lineage,1,1
CL_CHECK,ck_strength_lineage,1,1
CL_CHECK,ck_strength_lineage,1,1
CL_CHECK,ck_strength_lineage,1,1
CL_CHECK,ck_strength_lineage,1,1
CL_CHECK,ck_strength_lineage,1,1
CL_CHECK,ck_strength_lineage,1,1
CL_CHECK,ck_strength_lineage,1,1
CL_CHECK,ck_strength_lineage,1,1
CL_CHECK,ck_strength_lineage,1,1
CL_CHECK,ck_strength_lineage,1,1
CL_CHECK,ck_strength_lineage,1,1
CL_CHECK,ck_strength_lineage,1,1
CL_CHECK,ck_strength_lineage,1,1
CL_CHECK,ck_strength_lineage,1,1
CL_CHECK,ck_strength_lineage,1,1
CL_CHECK,ck_strength_lineage,1,1
CL_CHECK,ck_strength_lineage,1,1
CL_CHECK,ck_strength_lineage,1,1
CL_CHECK,ck_strength_lineage,1,1
CL_CHECK,ck_strength_lineage,1,1
CL_CHECK,ck_strength_lineage,1,1
CL_CHECK,ck_strength_lineage,1,1
CL_CHECK,ck_strength_lineage,1,1
CL_CHECK,ck_strength_lineage,1,1
CL_CHECK,ck_strength_lineage,1,1
CL_CHECK,ck_strength_lineage,1,1
CL_CHECK,ck_strength_lineage,1,1
CL_CHECK,ck_strength_lineage,1,1
CL_CHECK,ck_strength_lineage,1,1
CL_CHECK,ck_strength_lineage,1,1
CL_CHECK,ck_strength_lineage,1,1
CL_CHECK,ck_strength_lineage,1,1
CL_CHECK,ck_strength_lineage,1,1
CL_CHECK,ck_strength_lineage,1,1
CL_CHECK,ck_strength_lineage,1,1
CL_CHECK,ck_strength_lineage,1,1
CL_CHECK,ck_strength_lineage,1,1
CL_CHECK,ck_strength_lineage,1,1
CL_CHECK,ck_strength_lineage,1,1
CL_CHECK,ck_strength_lineage,1,1
CL_CHECK,ck_strength_lineage,1,1
CL_CHECK,ck_strength_lineage,1,1
CL_CHECK,ck_strength_lineage,1,1
CL_CHECK,ck_strength_lineage,1,1
CL_CHECK,ck_strength_lineage,1,1
CL_CHECK,ck_strength_lineage,1,1
CL_CHECK,ck_strength_lineage,1,1
CL_CHECK,ck_strength_lineage,1,1
CL_CHECK,ck_strength_lineage,1,1
CL_CHECK,ck_strength_lineage,1,1
CL_CHECK,ck_strength_lineage,1,1
CL_CHECK,ck_strength_lineage,1,1
CL_CHECK,ck_strength_lineage,1,1
CL_CHECK,ck_strength_lineage,1,1
CL_CHECK,ck_strength_lineage,1,1
CL_CHECK,ck_strength_lineage,1,1
CL_CHECK,ck_strength_lineage,1,1
CL_CHECK,ck_strength_lineage,1,1
CL_CHECK,ck_strength_lineage,1,1
CL_CHECK,ck_strength_lineage,1,1
CL_CHECK,ck_strength_lineage,1,1
CL_CHECK,ck_strength_lineage,1,1
CL_CHECK,ck_strength_lineage,1,1
CL_CHECK,ck_strength_lineage,1,1
CL_CHECK,ck_strength_lineage,1,1
CL_CHECK,ck_strength_lineage,1,1
CL_CHECK,ck_strength_lineage,1,1
CL_CHECK,ck_strength_lineage,1,1
CL_CHECK,ck_strength_lineage,1,1
CL_CHECK,ck_strength_lineage,1,1
CL_CHECK,ck_strength_lineage,1,1
CL_CHECK,ck_strength_lineage,1,1
CL_CHECK,ck_strength_lineage,1,1
CL_CHECK,ck_strength_lineage,1,1
CL_CHECK,ck_strength_lineage,1,1
CL_CHECK,ck_strength_lineage,1,1
CL_CHECK,ck_strength_lineage,1,1
CL_CHECK,ck_strength_lineage,1,1
CL_CHECK,ck_strength_lineage,1,1
CL_CHECK,ck_strength_lineage,1,1
CL_CHECK,ck_strength_lineage,1,1
CL_CHECK,ck_strength_lineage,1,1
CL_CHECK,ck_strength_lineage,1,1
CL_CHECK,ck_strength_lineage,1,1
CL_CHECK,ck_strength_lineage,1,1
CL_CHECK,ck_strength_lineage,1,1
CL_CHECK,ck_strength_lineage,1,1
CL_CHECK,ck_strength_lineage,1,1
CL_CHECK,ck_strength_lineage,1,1
CL_CHECK,ck_strength_lineage,1,1
CL_CHECK,ck_strength_lineage,1,1
CL_CHECK,ck_strength_lineage,1,1
CL_CHECK,ck_strength_lineage,1,1
CL_CHECK,ck_strength_lineage,1,1
CL_CHECK,ck_strength_lineage,1,1
CL_CHECK,ck_strength_lineage,1,1
CL_CHECK,ck_strength_lineage,1,1
CL_CHECK,ck_strength_lineage,1,1
CL_CHECK,ck_strength_lineage,1,1
CL_CHECK,ck_strength_lineage,1,1
CL_CHECK,ck_strength_lineage,1,1
CL_CHECK,ck_strength_lineage,1,1
CL_CHECK,ck_strength_lineage,1,1
CL_CHECK,ck_strength_lineage,1,1
CL_CHECK,ck_strength_lineage,1,1
CL_CHECK,ck_strength_lineage,1,1
CL_CHECK,ck_strength_lineage,1,1
CL_CHECK,ck_strength_lineage,1,1
CL_CHECK,ck_strength_lineage,1,1
CL_CHECK,ck_strength_lineage,1,1
CL_CHECK,ck_strength_lineage,1,1
CL_CHECK,ck_strength_lineage,1,1
CL_CHECK,ck_strength_lineage,1,1
CL_CHECK,ck_strength_lineage,1,1
CL_CHECK,ck_strength_lineage,1,1
CL_CHECK,ck_strength_lineage,1,1
CL_CHECK,ck_strength_lineage,1,1
CL_CHECK,ck_strength_lineage,1,1
CL_CHECK,ck_strength_lineage,1,1
CL_CHECK,ck_strength_lineage,1,1
CL_CHECK,ck_strength_lineage,1,1
CL_CHECK,ck_strength_lineage,1,1
CL_CHECK,ck_strength_lineage,1,1
CL_CHECK,ck_strength_lineage,1,1
CL_CHECK,ck_strength_lineage,1,1
CL_CHECK,ck_strength_lineage,1,1
CL_CHECK,ck_strength_lineage,1,1
CL_CHECK,ck_strength_lineage,1,1
CL_CHECK,ck_strength_lineage,1,1
CL_CHECK,ck_strength_lineage,1,1
CL_CHECK,ck_strength_lineage,1,1
CL_CHECK,ck_strength_lineage,1,1
CL_CHECK,ck_strength_lineage,1,1
CL_CHECK,ck_strength_lineage,1,1
CL_CHECK,ck_strength_lineage,1,1
CL_CHECK,ck_strength_lineage,1,1
CL_CHECK,ck_strength_lineage,1,1
CL_CHECK,ck_strength_lineage,1,1
CL_CHECK,ck_strength_lineage,1,1
CL_CHECK,ck_strength_lineage,1,1
CL_CHECK,ck_strength_lineage,1,1
CL_CHECK,ck_strength_lineage,1,1
CL_CHECK,ck_strength_lineage,1,1
CL_CHECK,ck_strength_lineage,1,1
CL_CHECK,ck_strength_lineage,1,1
CL_CHECK,ck_strength_lineage,1,1
CL_CHECK,ck_strength_lineage,1,1
CL_CHECK,ck_strength_lineage,1,1
CL_CHECK,ck_strength_lineage,1,1
CL_CHECK,ck_strength_lineage,1,1
CL_CHECK,ck_strength_lineage,1,1
CL_CHECK,ck_strength_lineage,1,1
CL_CHECK,ck_strength_lineage,1,1
CL_CHECK,ck_strength_lineage,1,1
CL_CHECK,ck_strength_lineage,1,1
CL_CHECK,ck_strength_lineage,1,1
CL_CHECK,ck_strength_lineage,1,1
CL_CHECK,ck_strength_lineage,1,1
CL_CHECK,ck_strength_lineage,1,1
CL_CHECK,ck_strength_lineage,1,1
CL_CHECK,ck_strength_lineage,1,1
CL_CHECK,ck_strength_lineage,1,1
CL_CHECK,ck_strength_lineage,1,1
CL_CHECK,ck_strength_lineage,1,1
CL_CHECK,ck_strength_lineage,1,1
CL_CHECK,ck_strength_lineage,1,1
CL_CHECK,ck_strength_lineage,1,1
CL_CHECK,ck_strength_lineage,1,1
CL_CHECK,ck_strength_lineage,1,1
CL_CHECK,ck_strength_lineage,1,1
CL_CHECK,ck_strength_lineage,1,1
CL_CHECK,ck_strength_lineage,1,1
CL_CHECK,ck_strength_lineage,1,1
CL_CHECK,ck_strength_lineage,1,1
CL_CHECK,ck_strength_lineage,1,1
CL_CHECK,ck_strength_lineage,1,1
CL_CHECK,ck_strength_lineage,1,1
CL_CHECK,ck_strength_lineage,1,1
CL_CHECK,ck_strength_lineage,1,1
CL_CHECK,ck_strength_lineage,1,1
CL_CHECK,ck_strength_lineage,1,1
CL_CHECK,ck_strength_lineage,1,1
CL_CHECK,ck_strength_lineage,1,1
CL_CHECK,ck_strength_lineage,1,1
CL_CHECK,ck_strength_lineage,1,1
CL_CHECK,ck_strength_lineage,1,1
CL_CHECK,ck_strength_lineage,1,1
CL_CHECK,ck_strength_lineage,1,1
CL_CHECK,ck_strength_lineage,1,1
CL_CHECK,ck_strength_lineage,1,1
CL_CHECK,ck_strength_lineage,1,1
CL_CHECK,ck_strength_lineage,1,1
CL_CHECK,ck_strength_lineage,1,1
CL_CHECK,ck_strength_lineage,1,1
CL_CHECK,ck_strength_lineage,1,1
CL_CHECK,ck_strength_lineage,1,1
CL_CHECK,ck_strength_lineage,1,1
CL_CHECK,ck_strength_lineage,1,1
CL_CHECK,ck_strength_lineage,1,1
CL_CHECK,ck_strength_lineage,1,1
CL_CHECK,ck_strength_lineage,1,1
CL_CHECK,ck_strength_lineage,1,1
CL_CHECK,ck_strength_lineage,1,1
CL_CHECK,ck_strength_lineage,1,1
CL_CHECK,ck_strength_lineage,1,1
CL_CHECK,ck_strength_lineage,1,1
CL_CHECK,ck_strength_lineage,1,1
CL_CHECK,ck_strength_lineage,1,1
CL_CHECK,ck_strength_lineage,1,1
CL_CHECK,ck_strength_lineage,1,1
CL_CHECK,ck_strength_lineage,1,1
CL_CHECK,ck_strength_lineage,1,1
CL_CHECK,ck_strength_lineage,1,1
CL_CHECK,ck_strength_lineage,1,1
CL_CHECK,ck_strength_lineage,1,1
CL_CHECK,ck_strength_lineage,1,1
CL_CHECK,ck_strength_lineage,1,1
CL_CHECK,ck_strength_lineage,1,1
CL_CHECK,ck_strength_lineage,1,1
CL_CHECK,ck_strength_lineage,1,1
CL_CHECK,ck_strength_lineage,1,1
CL_CHECK,ck_strength_lineage,1,1
CL_CHECK,ck_strength_lineage,1,1
CL_CHECK,ck_strength_lineage,1,1
CL_CHECK,ck_strength_lineage,1,1
CL_CHECK,ck_strength_lineage,1,1
CL_CHECK,ck_strength_lineage,1,1
CL_CHECK,ck_strength_lineage,1,1
CL_CHECK,ck_strength_lineage,1,1
CL_CHECK,ck_strength_lineage,1,1
CL_CHECK,ck_strength_lineage,1,1
CL_CHECK,ck_strength_lineage,1,1
CL_CHECK,ck_strength_lineage,1,1
CL_CHECK,ck_strength_lineage,1,1
CL_CHECK,ck_strength_lineage,1,1
CL_CHECK,ck_strength_lineage,1,1
CL_CHECK,ck_strength_lineage,1,1
CL_CHECK,ck_strength_lineage,1,1
CL_CHECK,ck_strength_lineage,1,1
CL_CHECK,ck_strength_lineage,1,1
CL_CHECK,ck_strength_lineage,1,1
CL_CHECK,ck_strength_lineage,1,1
CL_CHECK,ck_strength_lineage,1,1
CL_CHECK,ck_strength_lineage,1,1
CL_CHECK,ck_strength_lineage,1,1
CL_CHECK,ck_strength_lineage,1,1
CL_CHECK,ck_strength_lineage,1,1
CL_CHECK,ck_strength_lineage,1,1
CL_CHECK,ck_strength_lineage,1,1
CL_CHECK,ck_strength_lineage,1,1
CL_CHECK,ck_strength_lineage,1,1
CL_CHECK,ck_strength_lineage,1,1
CL_CHECK,ck_strength_lineage,1,1
CL_CHECK,ck_strength_lineage,1,1
CL_CHECK,ck_strength_lineage,1,1
CL_CHECK,ck_strength_lineage,1,1
CL_CHECK,ck_strength_lineage,1,1
CL_CHECK,ck_strength_lineage,1,1
CL_CHECK,ck_strength_lineage,1,1
CL_CHECK,ck_strength_lineage,1,1
CL_CHECK,ck_strength_lineage,1,1
CL_CHECK,ck_strength_lineage,1,1
CL_CHECK,ck_strength_lineage,1,1
CL_CHECK,ck_strength_lineage,1,1
CL_CHECK,ck_strength_lineage,1,1
CL_CHECK,ck_strength_lineage,1,1
CL_CHECK,ck_strength_lineage,1,1
CL_CHECK,ck_strength_lineage,1,1
CL_CHECK,ck_strength_lineage,1,1
CL_CHECK,ck_strength_lineage,1,1
CL_CHECK,ck_strength_lineage,1,1
CL_CHECK,ck_strength_lineage,1,1
CL_CHECK,ck_strength_lineage,1,1
CL_CHECK,ck_strength_lineage,1,1
CL_CHECK,ck_strength_lineage,1,1
CL_CHECK,ck_strength_lineage,1,1
CL_CHECK,ck_strength_lineage,1,1
CL_CHECK,ck_strength_lineage,1,1
CL_CHECK,ck_strength_lineage,1,1
CL_CHECK,ck_strength_lineage,1,1
CL_CHECK,ck_strength_lineage,1,1
CL_CHECK,ck_strength_lineage,1,1
CL_CHECK,ck_strength_lineage,1,1
CL_CHECK,ck_strength_lineage,1,1
CL_CHECK,ck_strength_lineage,1,1
CL_CHECK,ck_strength_lineage,1,1
CL_CHECK,ck_strength_lineage,1,1
CL_CHECK,ck_strength_lineage,1,1
CL_CHECK,ck_strength_lineage,1,1
CL_CHECK,ck_strength_lineage,1,1
CL_CHECK,ck_strength_lineage,1,1
CL_CHECK,ck_strength_lineage,1,1
CL_CHECK,ck_strength_lineage,1,1
CL_CHECK,ck_strength_lineage,1,1
CL_CHECK,ck_strength_lineage,1,1
CL_CHECK,ck_strength_lineage,1,1
CL_CHECK,ck_strength_lineage,1,1
CL_CHECK,ck_strength_lineage,1,1
CL_CHECK,ck_strength_lineage,1,1
CL_CHECK,ck_strength_lineage,1,1
CL_CHECK,ck_strength_lineage,1,1
CL_CHECK,ck_strength_lineage,1,1
CL_CHECK,ck_strength_lineage,1,1
CL_CHECK,ck_strength_lineage,1,1
CL_CHECK,ck_strength_lineage,1,1
CL_CHECK,ck_strength_lineage,1,1
CL_CHECK,ck_strength_lineage,1,1
CL_CHECK,ck_strength_lineage,1,1
CL_CHECK,ck_strength_lineage,1,1
CL_CHECK,ck_strength_lineage,1,1
CL_CHECK,ck_strength_lineage,1,1
CL_CHECK,ck_strength_lineage,1,1
CL_CHECK,ck_strength_lineage,1,1
CL_CHECK,ck_strength_lineage,1,1
CL_CHECK,ck_strength_lineage,1,1
CL_CHECK,ck_strength_lineage,1,1
CL_CHECK,ck_strength_lineage,1,1
CL_CHECK,ck_strength_lineage,1,1
CL_CHECK,ck_strength_lineage,1,1
CL_CHECK,ck_strength_lineage,1,1
CL_CHECK,ck_strength_lineage,1,1
CL_CHECK,ck_strength_lineage,1,1
CL_CHECK,ck_strength_lineage,1,1
CL_CHECK,ck_strength_lineage,1,1
CL_CHECK,ck_strength_lineage,1,1
CL_CHECK,ck_strength_lineage,1,1
CL_CHECK,ck_strength_lineage,1,1
CL_CHECK,ck_strength_lineage,1,1
CL_CHECK,ck_strength_lineage,1,1
CL_CHECK,ck_strength_lineage,1,1
CL_CHECK,ck_strength_lineage,1,1
CL_CHECK,ck_strength_lineage,1,1
CL_CHECK,ck_strength_lineage,1,1
CL_CHECK,ck_strength_lineage,1,1
CL_CHECK,ck_strength_lineage,1,1
CL_CHECK,ck_strength_lineage,1,1
CL_CHECK,ck_strength_lineage,1,1
CL_CHECK,ck_strength_lineage,1,1
CL_CHECK,ck_strength_lineage,1,1
CL_CHECK,ck_strength_lineage,1,1
CL_CHECK,ck_strength_lineage,1,1
CL_CHECK,ck_strength_lineage,1,1
CL_CHECK,ck_strength_lineage,1,1
CL_CHECK,ck_strength_lineage,1,1
CL_CHECK,ck_strength_lineage,1,1
CL_CHECK,ck_strength_lineage,1,1
CL_CHECK,ck_strength_lineage,1,1
CL_CHECK,ck_strength_lineage,1,1
CL_CHECK,ck_strength_lineage,1,1
CL_CHECK,ck_strength_lineage,1,1
CL_CHECK,ck_strength_lineage,1,1
CL_CHECK,ck_strength_lineage,1,1
CL_CHECK,ck_strength_lineage,1,1
CL_CHECK,ck_strength_lineage,1,1
CL_CHECK,ck_strength_lineage,1,1
CL_CHECK,ck_strength_lineage,1,1
CL_CHECK,ck_strength_lineage,1,1
CL_CHECK,ck_strength_lineage,1,1
CL_CHECK,ck_strength_lineage,1,1
CL_CHECK,ck_strength_lineage,1,1
CL_CHECK,ck_strength_lineage,1,1
CL_CHECK,ck_strength_lineage,1,1
CL_CHECK,ck_strength_lineage,1,1
CL_CHECK,ck_strength_lineage,1,1
CL_CHECK,ck_strength_lineage,1,1
CL_CHECK,ck_strength_lineage,1,1
CL_CHECK,ck_strength_lineage,1,1
CL_CHECK,ck_strength_lineage,1,1
CL_CHECK,ck_strength_lineage,1,1
CL_CHECK,ck_strength_lineage,1,1
CL_CHECK,ck_strength_lineage,1,1
CL_CHECK,ck_strength_lineage,1,1
CL_CHECK,ck_strength_lineage,1,1
CL_CHECK,ck_strength_lineage,1,1
CL_CHECK,ck_strength_lineage,1,1
CL_CHECK,ck_strength_lineage,1,1
CL_CHECK,ck_strength_lineage,1,1
CL_CHECK,ck_strength_lineage,1,1
CL_CHECK,ck_strength_lineage,1,1
CL_CHECK,ck_strength_lineage,1,1
CL_CHECK,ck_strength_lineage,1,1
CL_CHECK,ck_strength_lineage,1,1
CL_CHECK,ck_strength_lineage,1,1
CL_CHECK,ck_strength_lineage,1,1
CL_CHECK,ck_strength_lineage,1,1
CL_CHECK,ck_strength_lineage,1,1
CL_CHECK,ck_strength_lineage,1,1
CL_CHECK,ck_strength_lineage,1,1
CL_CHECK,ck_strength_lineage,1,1
CL_CHECK,ck_strength_lineage,1,1
CL_CHECK,ck_strength_lineage,1,1
CL_CHECK,ck_strength_lineage,1,1
CL_CHECK,ck_strength_lineage,1,1
CL_CHECK,ck_strength_lineage,1,1
CL_CHECK,ck_strength_lineage,1,1
CL_CHECK,ck_strength_lineage,1,1
CL_CHECK,ck_strength_lineage,1,1
CL_CHECK,ck_strength_lineage,1,1
CL_CHECK,ck_strength_lineage,1,1
CL_CHECK,ck_strength_lineage,1,1
CL_CHECK,ck_strength_lineage,1,1
CL_CHECK,ck_strength_lineage,1,1
CL_CHECK,ck_strength_lineage,1,1
CL_CHECK,ck_strength_lineage,1,1
CL_CHECK,ck_strength_lineage,1,1
CL_CHECK,ck_strength_lineage,1,1
CL_CHECK,ck_strength_lineage,1,1
CL_CHECK,ck_strength_lineage,1,1
CL_CHECK,ck_strength_lineage,1,1
CL_CHECK,ck_strength_lineage,1,1
CL_CHECK,ck_strength_lineage,1,1
CL_CHECK,ck_strength_lineage,1,1
CL_CHECK,ck_strength_lineage,1,1
CL_CHECK,ck_strength_lineage,1,1
CL_CHECK,ck_strength_lineage,1,1
CL_CHECK,ck_strength_lineage,1,1
CL_CHECK,ck_strength_lineage,1,1
CL_CHECK,ck_strength_lineage,1,1
CL_CHECK,ck_strength_lineage,1,1
CL_CHECK,ck_strength_lineage,1,1
CL_CHECK,ck_strength_lineage,1,1
CL_CHECK,ck_strength_lineage,1,1
CL_CHECK,ck_strength_lineage,1,1
CL_CHECK,ck_strength_lineage,1,1
CL_CHECK,ck_strength_lineage,1,1
CL_CHECK,ck_strength_lineage,1,1
CL_CHECK,ck_strength_lineage,1,1
CL_CHECK,ck_strength_lineage,1,1
CL_CHECK,ck_strength_lineage,1,1
CL_CHECK,ck_strength_lineage,1,1
CL_CHECK,ck_strength_lineage,1,1
CL_CHECK,ck_strength_lineage,1,1
CL_CHECK,ck_strength_lineage,1,1
CL_CHECK,ck_strength_lineage,1,1
CL_CHECK,ck_strength_lineage,1,1
CL_CHECK,ck_strength_lineage,1,1
CL_CHECK,ck_strength_lineage,1,1
CL_CHECK,ck_strength_lineage,1,1
CL_CHECK,ck_strength_lineage,1,1
CL_CHECK,ck_strength_lineage,1,1
CL_CHECK,ck_strength_lineage,1,1
CL_CHECK,ck_strength_lineage,1,1
CL_CHECK,ck_strength_lineage,1,1
CL_CHECK,ck_strength_lineage,1,1
CL_CHECK,ck_strength_lineage,1,1
CL_CHECK,ck_strength_lineage,1,1
CL_CHECK,ck_strength_lineage,1,1
CL_CHECK,ck_strength_lineage,1,1
CL_CHECK,ck_strength_lineage,1,1
CL_CHECK,ck_strength_lineage,1,1
CL_CHECK,ck_strength_lineage,1,1
CL_CHECK,ck_strength_lineage,1,1
CL_CHECK,ck_strength_lineage,1,1
CL_CHECK,ck_strength_lineage,1,1
CL_CHECK,ck_strength_lineage,1,1
CL_CHECK,ck_strength_lineage,1,1
CL_CHECK,ck_strength_lineage,1,1
CL_CHECK,ck_strength_lineage,1,1
CL_CHECK,ck_strength_lineage,1,1
CL_CHECK,ck_strength_lineage,1,1
CL_CHECK,ck_strength_lineage,1,1
CL_CHECK,ck_strength_lineage,1,1
CL_CHECK,ck_strength_lineage,1,1
CL_CHECK,ck_strength_lineage,1,1
CL_CHECK,ck_strength_lineage,1,1
CL_CHECK,ck_strength_lineage,1,1
CL_CHECK,ck_strength_lineage,1,1
CL_CHECK,ck_strength_lineage,1,1
CL_CHECK,ck_strength_lineage,1,1
CL_CHECK,ck_strength_lineage,1,1
CL_CHECK,ck_strength_lineage,1,1
CL_CHECK,ck_strength_lineage,1,1
CL_CHECK,ck_strength_lineage,1,1
CL_CHECK,ck_strength_lineage,1,1
CL_CHECK,ck_strength_lineage,1,1
CL_CHECK,ck_strength_lineage,1,1
CL_CHECK,ck_strength_lineage,1,1
CL_CHECK,ck_strength_lineage,1,1
CL_CHECK,ck_strength_lineage,1,1
CL_CHECK,ck_strength_lineage,1,1
CL_CHECK,ck_strength_lineage,1,1
CL_CHECK,ck_strength_lineage,1,1
CL_CHECK,ck_strength_lineage,1,1
CL_CHECK,ck_strength_lineage,1,1
CL_CHECK,ck_strength_lineage,1,1
CL_CHECK,ck_strength_lineage,1,1
CL_CHECK,ck_strength_lineage,1,1
CL_CHECK,ck_strength_lineage,1,1
CL_CHECK,ck_strength_lineage,1,1
CL_CHECK,ck_strength_lineage,1,1
CL_CHECK,ck_strength_lineage,1,1
CL_CHECK,ck_strength_lineage,1,1
CL_CHECK,ck_strength_lineage,1,1
CL_CHECK,ck_strength_lineage,1,1
CL_CHECK,ck_strength_lineage,1,1
CL_CHECK,ck_strength_lineage,1,1
CL_CHECK,ck_strength_lineage,1,1
CL_CHECK,ck_strength_lineage,1,1
CL_CHECK,ck_strength_lineage,1,1
CL_CHECK,ck_strength_lineage,1,1
CL_CHECK,ck_strength_lineage,1,1
CL_CHECK,ck_strength_lineage,1,1
CL_CHECK,ck_strength_lineage,1,1
CL_CHECK,ck_strength_lineage,1,1
CL_CHECK,ck_strength_lineage,1,1
CL_CHECK,ck_strength_lineage,1,1
CL_CHECK,ck_strength_lineage,1,1
CL_CHECK,ck_strength_lineage,1,1
CL_CHECK,ck_strength_lineage,1,1
CL_CHECK,ck_strength_lineage,1,1
CL_CHECK,ck_strength_lineage,1,1
CL_CHECK,ck_strength_lineage,1,1
CL_CHECK,ck_strength_lineage,1,1
CL_CHECK,ck_strength_lineage,1,1
CL_CHECK,ck_strength_lineage,1,1
CL_CHECK,ck_strength_lineage,1,1
CL_CHECK,ck_strength_lineage,1,1
CL_CHECK,ck_strength_lineage,1,1
CL_CHECK,ck_strength_lineage,1,1
CL_CHECK,ck_strength_lineage,1,1
CL_CHECK,ck_strength_lineage,1,1
CL_CHECK,ck_strength_lineage,1,1
CL_CHECK,ck_strength_lineage,1,1
CL_CHECK,ck_strength_lineage,1,1
CL_CHECK,ck_strength_lineage,1,1
CL_CHECK,ck_strength_lineage,1,1
CL_CHECK,ck_strength_lineage,1,1
CL_CHECK,ck_strength_lineage,1,1
CL_CHECK,ck_strength_lineage,1,1
CL_CHECK,ck_strength_lineage,1,1
CL_CHECK,ck_strength_lineage,1,1
CL_CHECK,ck_strength_lineage,1,1
CL_CHECK,ck_strength_lineage,1,1
CL_CHECK,ck_strength_lineage,1,1
CL_CHECK,ck_strength_lineage,1,1
CL_CHECK,ck_strength_lineage,1,1
CL_CHECK,ck_strength_lineage,1,1
CL_CHECK,ck_strength_lineage,1,1
CL_CHECK,ck_strength_lineage,1,1
CL_CHECK,ck_strength_lineage,1,1
CL_CHECK,ck_strength_lineage,1,1
CL_CHECK,ck_strength_lineage,1,1
CL_CHECK,ck_strength_lineage,1,1
CL_CHECK,ck_strength_lineage,1,1
CL_CHECK,ck_strength_lineage,1,1
CL_CHECK,ck_strength_lineage,1,1
CL_CHECK,ck_strength_lineage,1,1
CL_CHECK,ck_strength_lineage,1,1
CL_CHECK,ck_strength_lineage,1,1
CL_CHECK,ck_strength_lineage,1,1
CL_CHECK,ck_strength_lineage,1,1
CL_CHECK,ck_strength_lineage,1,1
CL_CHECK,ck_strength_lineage,1,1
CL_CHECK,ck_strength_lineage,1,1
CL_CHECK,ck_strength_lineage,1,1
CL_CHECK,ck_strength_lineage,1,1
CL_CHECK,ck_strength_lineage,1,1
CL_CHECK,ck_strength_lineage,1,1
CL_CHECK,ck_strength_lineage,1,1
CL_CHECK,ck_strength_lineage,1,1
CL_CHECK,ck_strength_lineage,1,1
CL_CHECK,ck_strength_lineage,1,1
CL_CHECK,ck_strength_lineage,1,1
CL_CHECK,ck_strength_lineage,1,1
CL_CHECK,ck_strength_lineage,1,1
CL_CHECK,ck_strength_lineage,1,1
CL_CHECK,ck_strength_lineage,1,1
CL_CHECK,ck_strength_lineage,1,1
CL_CHECK,ck_strength_lineage,1,1
CL_CHECK,ck_strength_lineage,1,1
CL_CHECK,ck_strength_lineage,1,1
CL_CHECK,ck_strength_lineage,1,1
CL_CHECK,ck_strength_lineage,1,1
CL_CHECK,ck_strength_lineage,1,1
CL_CHECK,ck_strength_lineage,1,1
CL_CHECK,ck_strength_lineage,1,1
CL_CHECK,ck_strength_lineage,1,1
CL_CHECK,ck_strength_lineage,1,1
CL_CHECK,ck_strength_lineage,1,1
CL_CHECK,ck_strength_lineage,1,1
CL_CHECK,ck_strength_lineage,1,1
CL_CHECK,ck_strength_lineage,1,1
CL_CHECK,ck_strength_lineage,1,1
CL_CHECK,ck_strength_lineage,1,1
CL_CHECK,ck_strength_lineage,1,1
CL_CHECK,ck_strength_lineage,1,1
CL_CHECK,ck_strength_lineage,1,1
CL_CHECK,ck_strength_lineage,1,1
CL_CHECK,ck_strength_lineage,1,1
CL_CHECK,ck_strength_lineage,1,1
CL_CHECK,ck_strength_lineage,1,1
CL_CHECK,ck_strength_lineage,1,1
CL_CHECK,ck_strength_lineage,1,1
CL_CHECK,ck_strength_lineage,1,1
CL_CHECK,ck_strength_lineage,1,1
CL_CHECK,ck_strength_lineage,1,1
CL_CHECK,ck_strength_lineage,1,1
CL_CHECK,ck_strength_lineage,1,1
CL_CHECK,ck_strength_lineage,1,1
CL_CHECK,ck_strength_lineage,1,1
CL_CHECK,ck_strength_lineage,1,1
CL_CHECK,ck_strength_lineage,1,1
CL_CHECK,ck_strength_lineage,1,1
CL_CHECK,ck_strength_lineage,1,1
CL_CHECK,ck_strength_lineage,1,1
CL_CHECK,ck_strength_lineage,1,1
CL_CHECK,ck_strength_lineage,1,1
CL_CHECK,ck_strength_lineage,1,1
CL_CHECK,ck_strength_lineage,1,1
CL_CHECK,ck_strength_lineage,1,1
CL_CHECK,ck_strength_lineage,1,1
CL_CHECK,ck_strength_lineage,1,1
CL_CHECK,ck_strength_lineage,1,1
CL_CHECK,ck_strength_lineage,1,1
CL_CHECK,ck_strength_lineage,1,1
CL_CHECK,ck_strength_lineage,1,1
CL_CHECK,ck_strength_lineage,1,1
CL_CHECK,ck_strength_lineage,1,1
CL_CHECK,ck_strength_lineage,1,1
CL_CHECK,ck_strength_lineage,1,1
CL_CHECK,ck_strength_lineage,1,1
CL_CHECK,ck_strength_lineage,1,1
CL_CHECK,ck_strength_lineage,1,1
CL_CHECK,ck_strength_lineage,1,1
CL_CHECK,ck_strength_lineage,1,1
CL_CHECK,ck_strength_lineage,1,1
CL_CHECK,ck_strength_lineage,1,1
CL_CHECK,ck_strength_lineage,1,1
CL_CHECK,ck_strength_lineage,1,1
CL_CHECK,ck_strength_lineage,1,1
CL_CHECK,ck_strength_lineage,1,1
CL_CHECK,ck_strength_lineage,1,1
CL_CHECK,ck_strength_lineage,1,1
CL_CHECK,ck_strength_lineage,1,1
CL_CHECK,ck_strength_lineage,1,1
CL_CHECK,ck_strength_lineage,1,1
CL_CHECK,ck_strength_lineage,1,1
CL_CHECK,ck_strength_lineage,1,1
CL_CHECK,ck_strength_lineage,1,1
CL_CHECK,ck_strength_lineage,1,1
CL_CHECK,ck_strength_lineage,1,1
CL_CHECK,ck_strength_lineage,1,1
CL_CHECK,ck_strength_lineage,1,1
CL_CHECK,ck_strength_lineage,1,1
CL_CHECK,ck_strength_lineage,1,1
CL_CHECK,ck_strength_lineage,1,1
CL_CHECK,ck_strength_lineage,1,1
CL_CHECK,ck_strength_lineage,1,1
CL_CHECK,ck_strength_lineage,1,1
CL_CHECK,ck_strength_lineage,1,1
CL_CHECK,ck_strength_lineage,1,1
CL_CHECK,ck_strength_lineage,1,1
CL_CHECK,ck_strength_lineage,1,1
CL_CHECK,ck_strength_lineage,1,1
CL_CHECK,ck_strength_lineage,1,1
CL_CHECK,ck_strength_lineage,1,1
CL_CHECK,ck_strength_lineage,1,1
CL_CHECK,ck_strength_lineage,1,1
CL_CHECK,ck_strength_lineage,1,1
CL_CHECK,ck_strength_lineage,1,1
CL_CHECK,ck_strength_lineage,1,1
CL_CHECK,ck_strength_lineage,1,1
CL_CHECK,ck_strength_lineage,1,1
CL_CHECK,ck_strength_lineage,1,1
CL_CHECK,ck_strength_lineage,1,1
CL_CHECK,ck_strength_lineage,1,1
CL_CHECK,ck_strength_lineage,1,1
CL_CHECK,ck_strength_lineage,1,1
CL_CHECK,ck_strength_lineage,1,1
CL_CHECK,ck_strength_lineage,1,1
CL_CHECK,ck_strength_lineage,1,1
CL_CHECK,ck_strength_lineage,1,1
CL_CHECK,ck_strength_lineage,1,1
CL_CHECK,ck_strength_lineage,1,1
CL_CHECK,ck_strength_lineage,1,1
CL_CHECK,ck_strength_lineage,1,1
CL_CHECK,ck_strength_lineage,1,1
CL_CHECK,ck_strength_lineage,1,1
CL_CHECK,ck_strength_lineage,1,1
CL_CHECK,ck_strength_lineage,1,1
CL_CHECK,ck_strength_lineage,1,1
CL_CHECK,ck_strength_lineage,1,1
CL_CHECK,ck_strength_lineage,1,1
CL_CHECK,ck_strength_lineage,1,1
CL_CHECK,ck_strength_lineage,1,1
CL_CHECK,ck_strength_lineage,1,1
CL_CHECK,ck_strength_lineage,1,1
CL_CHECK,ck_strength_lineage,1,1
CL_CHECK,ck_strength_lineage,1,1
CL_CHECK,ck_strength_lineage,1,1
CL_CHECK,ck_strength_lineage,1,1
CL_CHECK,ck_strength_lineage,1,1
CL_CHECK,ck_strength_lineage,1,1
CL_CHECK,ck_strength_lineage,1,1
CL_CHECK,ck_strength_lineage,1,1
CL_CHECK,ck_strength_lineage,1,1
CL_CHECK,ck_strength_lineage,1,1
CL_CHECK,ck_strength_lineage,1,1
CL_CHECK,ck_strength_lineage,1,1
CL_CHECK,ck_strength_lineage,1,1
CL_CHECK,ck_strength_lineage,1,1
CL_CHECK,ck_strength_lineage,1,1
CL_CHECK,ck_strength_lineage,1,1
CL_CHECK,ck_strength_lineage,1,1
CL_CHECK,ck_strength_lineage,1,1
CL_CHECK,ck_strength_lineage,1,1
CL_CHECK,ck_strength_lineage,1,1
CL_CHECK,ck_strength_lineage,1,1
CL_CHECK,ck_strength_lineage,1,1
CL_CHECK,ck_strength_lineage,1,1
CL_CHECK,ck_strength_lineage,1,1
CL_CHECK,ck_strength_lineage,1,1
CL_CHECK,ck_strength_lineage,1,1
CL_CHECK,ck_strength_lineage,1,1
CL_CHECK,ck_strength_lineage,1,1
CL_CHECK,ck_strength_lineage,1,1
CL_CHECK,ck_strength_lineage,1,1
CL_CHECK,ck_strength_lineage,1,1
CL_CHECK,ck_strength_lineage,1,1
CL_CHECK,ck_strength_lineage,1,1
CL_CHECK,ck_strength_lineage,1,1
CL_CHECK,ck_strength_lineage,1,1
CL_CHECK,ck_strength_lineage,1,1
CL_CHECK,ck_strength_lineage,1,1
CL_CHECK,ck_strength_lineage,1,1
CL_CHECK,ck_strength_lineage,1,1
CL_CHECK,ck_strength_lineage,1,1
CL_CHECK,ck_strength_lineage,1,1
CL_CHECK,ck_strength_lineage,1,1
CL_CHECK,ck_strength_lineage,1,1
CL_CHECK,ck_strength_lineage,1,1
CL_CHECK,ck_strength_lineage,1,1
CL_CHECK,ck_strength_lineage,1,1
CL_CHECK,ck_strength_lineage,1,1
CL_CHECK,ck_strength_lineage,1,1
CL_CHECK,ck_strength_lineage,1,1
CL_CHECK,ck_strength_lineage,1,1
CL_CHECK,ck_strength_lineage,1,1
CL_CHECK,ck_strength_lineage,1,1
CL_CHECK,ck_strength_lineage,1,1
CL_CHECK,ck_strength_lineage,1,1
CL_CHECK,ck_strength_lineage,1,1
CL_CHECK,ck_strength_lineage,1,1
CL_CHECK,ck_strength_lineage,1,1
CL_CHECK,ck_strength_lineage,1,1
CL_CHECK,ck_strength_lineage,1,1
CL_CHECK,ck_strength_lineage,1,1
CL_CHECK,ck_strength_lineage,1,1
CL_CHECK,ck_strength_lineage,1,1
CL_CHECK,ck_strength_lineage,1,1
CL_CHECK,ck_strength_lineage,1,1
CL_CHECK,ck_strength_lineage,1,1
CL_CHECK,ck_strength_lineage,1,1
CL_CHECK,ck_strength_lineage,1,1
CL_CHECK,ck_strength_lineage,1,1
CL_CHECK,ck_strength_lineage,1,1
CL_CHECK,ck_strength_lineage,1,1
CL_CHECK,ck_strength_lineage,1,1
CL_CHECK,ck_strength_lineage,1,1
CL_CHECK,ck_strength_lineage,1,1
CL_CHECK,ck_strength_lineage,1,1
CL_CHECK,ck_strength_lineage,1,1
CL_CHECK,ck_strength_lineage,1,1
CL_CHECK,ck_strength_lineage,1,1
CL_CHECK,ck_strength_lineage,1,1
CL_CHECK,ck_strength_lineage,1,1
CL_CHECK,ck_strength_lineage,1,1
CL_CHECK,ck_strength_lineage,1,1
CL_CHECK,ck_strength_lineage,1,1
CL_CHECK,ck_strength_lineage,1,1
CL_CHECK,ck_strength_lineage,1,1
CL_CHECK,ck_strength_lineage,1,1
CL_CHECK,ck_strength_lineage,1,1
CL_CHECK,ck_strength_lineage,1,1
CL_CHECK,ck_strength_lineage,1,1
CL_CHECK,ck_strength_lineage,1,1
CL_CHECK,ck_strength_lineage,1,1
CL_CHECK,ck_strength_lineage,1,1
CL_CHECK,ck_strength_lineage,1,1
CL_CHECK,ck_strength_lineage,1,1
CL_CHECK,ck_strength_lineage,1,1
CL_CHECK,ck_strength_lineage,1,1
CL_CHECK,ck_strength_lineage,1,1
CL_CHECK,ck_strength_lineage,1,1
CL_CHECK,ck_strength_lineage,1,1
CL_CHECK,ck_strength_lineage,1,1
CL_CHECK,ck_strength_lineage,1,1
CL_CHECK,ck_strength_lineage,1,1
CL_CHECK,ck_strength_lineage,1,1
CL_CHECK,ck_strength_lineage,1,1
CL_CHECK,ck_strength_lineage,1,1
CL_CHECK,ck_strength_lineage,1,1
CL_CHECK,ck_strength_lineage,1,1
CL_CHECK,ck_strength_lineage,1,1
CL_CHECK,ck_strength_lineage,1,1
CL_CHECK,ck_strength_lineage,1,1
CL_CHECK,ck_strength_lineage,1,1
CL_CHECK,ck_strength_lineage,1,1
CL_CHECK,ck_strength_lineage,1,1
CL_CHECK,ck_strength_lineage,1,1
CL_CHECK,ck_strength_lineage,1,1
CL_CHECK,ck_strength_lineage,1,1
CL_CHECK,ck_strength_lineage,1,1
CL_CHECK,ck_strength_lineage,1,1
CL_CHECK,ck_strength_lineage,1,1
CL_CHECK,ck_strength_lineage,1,1
CL_CHECK,ck_strength_lineage,1,1
CL_CHECK,ck_strength_lineage,1,1
CL_CHECK,ck_strength_lineage,1,1
CL_CHECK,ck_strength_lineage,1,1
CL_CHECK,ck_strength_lineage,1,1
CL_CHECK,ck_strength_lineage,1,1
CL_CHECK,ck_strength_lineage,1,1
CL_CHECK,ck_strength_lineage,1,1
CL_CHECK,ck_strength_lineage,1,1
CL_CHECK,ck_strength_lineage,1,1
CL_CHECK,ck_strength_lineage,1,1
CL_CHECK,ck_strength_lineage,1,1
CL_CHECK,ck_strength_lineage,1,1
CL_CHECK,ck_strength_lineage,1,1
CL_CHECK,ck_strength_lineage,1,1
CL_CHECK,ck_strength_lineage,1,1
CL_CHECK,ck_strength_lineage,1,1
CL_CHECK,ck_strength_lineage,1,1
CL_CHECK,ck_strength_lineage,1,1
CL_CHECK,ck_strength_lineage,1,1
CL_CHECK,ck_strength_lineage,1,1
CL_CHECK,ck_strength_lineage,1,1
CL_CHECK,ck_strength_lineage,1,1
CL_CHECK,ck_strength_lineage,1,1
CL_CHECK,ck_strength_lineage,1,1
CL_CHECK,ck_strength_lineage,1,1
CL_CHECK,ck_strength_lineage,1,1
CL_CHECK,ck_strength_lineage,1,1
CL_CHECK,ck_strength_lineage,1,1
CL_CHECK,ck_strength_lineage,1,1
CL_CHECK,ck_strength_lineage,1,1
CL_CHECK,ck_strength_lineage,1,1
CL_CHECK,ck_strength_lineage,1,1
CL_CHECK,ck_strength_lineage,1,1
CL_CHECK,ck_strength_lineage,1,1
CL_CHECK,ck_strength_lineage,1,1
CL_CHECK,ck_strength_lineage,1,1
CL_CHECK,ck_strength_lineage,1,1
CL_CHECK,ck_strength_lineage,1,1
CL_CHECK,ck_strength_lineage,1,1
CL_CHECK,ck_strength_lineage,1,1
CL_CHECK,ck_strength_lineage,1,1
CL_CHECK,ck_strength_lineage,1,1
CL_CHECK,ck_strength_lineage,1,1
CL_CHECK,ck_strength_lineage,1,1
CL_CHECK,ck_strength_lineage,1,1
CL_CHECK,ck_strength_lineage,1,1
CL_CHECK,ck_strength_lineage,1,1
CL_CHECK,ck_strength_lineage,1,1
CL_CHECK,ck_strength_lineage,1,1
CL_CHECK,ck_strength_lineage,1,1
CL_CHECK,ck_strength_lineage,1,1
CL_CHECK,ck_strength_lineage,1,1
CL_CHECK,ck_strength_lineage,1,1
CL_CHECK,ck_strength_lineage,1,1
CL_CHECK,ck_strength_lineage,1,1
CL_CHECK,ck_strength_lineage,1,1
CL_CHECK,ck_strength_lineage,1,1
CL_CHECK,ck_strength_lineage,1,1
CL_CHECK,ck_strength_lineage,1,1
CL_CHECK,ck_strength_lineage,1,1
CL_CHECK,ck_strength_lineage,1,1
CL_CHECK,ck_strength_lineage,1,1
CL_CHECK,ck_strength_lineage,1,1
CL_CHECK,ck_strength_lineage,1,1
CL_CHECK,ck_strength_lineage,1,1
CL_CHECK,ck_strength_lineage,1,1
CL_CHECK,ck_strength_lineage,1,1
CL_CHECK,ck_strength_lineage,1,1
CL_CHECK,ck_strength_lineage,1,1
CL_CHECK,ck_strength_lineage,1,1
CL_CHECK,ck_strength_lineage,1,1
CL_CHECK,ck_strength_lineage,1,1
CL_CHECK,ck_strength_lineage,1,1
CL_CHECK,ck_strength_lineage,1,1
CL_CHECK,ck_strength_lineage,1,1
CL_CHECK,ck_strength_lineage,1,1
CL_CHECK,ck_strength_lineage,1,1
CL_CHECK,ck_strength_lineage,1,1
CL_CHECK,ck_strength_lineage,1,1
CL_CHECK,ck_strength_lineage,1,1
CL_CHECK,ck_strength_lineage,1,1
CL_CHECK,ck_strength_lineage,1,1
CL_CHECK,ck_strength_lineage,1,1
CL_CHECK,ck_strength_lineage,1,1
CL_CHECK,ck_strength_lineage,1,1
CL_CHECK,ck_strength_lineage,1,1
CL_CHECK,ck_strength_lineage,1,1
CL_CHECK,ck_strength_lineage,1,1
CL_CHECK,ck_strength_lineage,1,1
CL_CHECK,ck_strength_lineage,1,1
CL_CHECK,ck_strength_lineage,1,1
CL_CHECK,ck_strength_lineage,1,1
CL_CHECK,ck_strength_lineage,1,1
CL_CHECK,ck_strength_lineage,1,1
CL_CHECK,ck_strength_lineage,1,1
CL_CHECK,ck_strength_lineage,1,1
CL_CHECK,ck_strength_lineage,1,1
CL_CHECK,ck_strength_lineage,1,1
CL_CHECK,ck_strength_lineage,1,1
CL_CHECK,ck_strength_lineage,1,1
CL_CHECK,ck_strength_lineage,1,1
CL_CHECK,ck_strength_lineage,1,1
CL_CHECK,ck_strength_lineage,1,1
CL_CHECK,ck_strength_lineage,1,1
CL_CHECK,ck_strength_lineage,1,1
CL_CHECK,ck_strength_lineage,1,1
CL_CHECK,ck_strength_lineage,1,1
CL_CHECK,ck_strength_lineage,1,1
CL_CHECK,ck_strength_lineage,1,1
CL_CHECK,ck_strength_lineage,1,1
CL_CHECK,ck_strength_lineage,1,1
CL_CHECK,ck_strength_lineage,1,1
CL_CHECK,ck_strength_lineage,1,1
CL_CHECK,ck_strength_lineage,1,1
CL_CHECK,ck_strength_lineage,1,1
CL_CHECK,ck_strength_lineage,1,1
CL_CHECK,ck_strength_lineage,1,1
CL_CHECK,ck_strength_lineage,1,1
CL_CHECK,ck_strength_lineage,1,1
CL_CHECK,ck_strength_lineage,1,1
CL_CHECK,ck_strength_lineage,1,1
CL_CHECK,ck_strength_lineage,1,1
CL_CHECK,ck_strength_lineage,1,1
CL_CHECK,ck_strength_lineage,1,1
CL_CHECK,ck_strength_lineage,1,1
CL_CHECK,ck_strength_lineage,1,1
CL_CHECK,ck_strength_lineage,1,1
CL_CHECK,ck_strength_lineage,1,1
CL_CHECK,ck_strength_lineage,1,1
CL_CHECK,ck_strength_lineage,1,1
CL_CHECK,ck_strength_lineage,1,1
CL_CHECK,ck_strength_lineage,1,1
CL_CHECK,ck_strength_lineage,1,1
CL_CHECK,ck_strength_lineage,1,1
CL_CHECK,ck_strength_lineage,1,1
CL_CHECK,ck_strength_lineage,1,1
CL_CHECK,ck_strength_lineage,1,1
CL_CHECK,ck_strength_lineage,1,1
CL_CHECK,ck_strength_lineage,1,1
CL_CHECK,ck_strength_lineage,1,1
CL_CHECK,ck_strength_lineage,1,1
CL_CHECK,ck_strength_lineage,1,1
CL_CHECK,ck_strength_lineage,1,1
CL_CHECK,ck_strength_lineage,1,1
CL_CHECK,ck_strength_lineage,1,1
CL_CHECK,ck_strength_lineage,1,1
CL_CHECK,ck_strength_lineage,1,1
CL_CHECK,ck_strength_lineage,1,1
CL_CHECK,ck_strength_lineage,1,1
CL_CHECK,ck_strength_lineage,1,1
CL_CHECK,ck_strength_lineage,1,1
CL_CHECK,ck_strength_lineage,1,1
CL_CHECK,ck_strength_lineage,1,1
CL_CHECK,ck_strength_lineage,1,1
CL_CHECK,ck_strength_lineage,1,1
CL_CHECK,ck_strength_lineage,1,1
CL_CHECK,ck_strength_lineage,1,1
CL_CHECK,ck_strength_lineage,1,1
CL_CHECK,ck_strength_lineage,1,1
CL_CHECK,ck_strength_lineage,1,1
CL_CHECK,ck_strength_lineage,1,1
CL_CHECK,ck_strength_lineage,1,1
CL_CHECK,ck_strength_lineage,1,1
CL_CHECK,ck_strength_lineage,1,1
CL_CHECK,ck_strength_lineage,1,1
CL_CHECK,ck_strength_lineage,1,1
CL_CHECK,ck_strength_lineage,1,1
CL_CHECK,ck_strength_lineage,1,1
CL_CHECK,ck_strength_lineage,1,1
CL_CHECK,ck_strength_lineage,1,1
CL_CHECK,ck_strength_lineage,1,1
CL_CHECK,ck_strength_lineage,1,1
CL_CHECK,ck_strength_lineage,1,1
CL_CHECK,ck_strength_lineage,1,1
CL_CHECK,ck_strength_lineage,1,1
CL_CHECK,ck_strength_lineage,1,1
CL_CHECK,ck_strength_lineage,1,1
CL_CHECK,ck_strength_lineage,1,1
CL_CHECK,ck_strength_lineage,1,1
CL_CHECK,ck_strength_lineage,1,1
CL_CHECK,ck_strength_lineage,1,1
CL_CHECK,ck_strength_lineage,1,1
CL_CHECK,ck_strength_lineage,1,1
CL_CHECK,ck_strength_lineage,1,1
CL_CHECK,ck_strength_lineage,1,1
CL_CHECK,ck_strength_lineage,1,1
CL_CHECK,ck_strength_lineage,1,1
CL_CHECK,ck_strength_lineage,1,1
CL_CHECK,ck_strength_lineage,1,1
CL_CHECK,ck_strength_lineage,1,1
CL_CHECK,ck_strength_lineage,1,1
CL_CHECK,ck_strength_lineage,1,1
CL_CHECK,ck_strength_lineage,1,1
CL_CHECK,ck_strength_lineage,1,1
CL_CHECK,ck_strength_lineage,1,1
CL_CHECK,ck_strength_lineage,1,1
CL_CHECK,ck_strength_lineage,1,1
CL_CHECK,ck_strength_lineage,1,1
CL_CHECK,ck_strength_lineage,1,1
CL_CHECK,ck_strength_lineage,1,1
CL_CHECK,ck_strength_lineage,1,1
CL_CHECK,ck_strength_lineage,1,1
CL_CHECK,ck_strength_lineage,1,1
CL_CHECK,ck_strength_lineage,1,1
CL_CHECK,ck_strength_lineage,1,1
CL_CHECK,ck_strength_lineage,1,1
CL_CHECK,ck_strength_lineage,1,1
CL_CHECK,ck_strength_lineage,1,1
CL_CHECK,ck_strength_lineage,1,1
CL_CHECK,ck_strength_lineage,1,1
CL_CHECK,ck_strength_lineage,1,1
CL_CHECK,ck_strength_lineage,1,1
CL_CHECK,ck_strength_lineage,1,1
CL_CHECK,ck_strength_lineage,1,1
CL_CHECK,ck_strength_lineage,1,1
CL_CHECK,ck_strength_lineage,1,1
CL_CHECK,ck_strength_lineage,1,1
CL_CHECK,ck_strength_lineage,1,1
CL_CHECK,ck_strength_lineage,1,1
CL_CHECK,ck_strength_lineage,1,1
CL_CHECK,ck_strength_lineage,1,1
CL_CHECK,ck_strength_lineage,1,1
CL_CHECK,ck_strength_lineage,1,1
CL_CHECK,ck_strength_lineage,1,1
CL_CHECK,ck_strength_lineage,1,1
CL_CHECK,ck_strength_lineage,1,1
CL_CHECK,ck_strength_lineage,1,1
CL_CHECK,ck_strength_lineage,1,1
CL_CHECK,ck_strength_lineage,1,1
CL_CHECK,ck_strength_lineage,1,1
CL_CHECK,ck_strength_lineage,1,1
CL_CHECK,ck_strength_lineage,1,1
CL_CHECK,ck_strength_lineage,1,1
CL_CHECK,ck_strength_lineage,1,1
CL_CHECK,ck_strength_lineage,1,1
CL_CHECK,ck_strength_lineage,1,1
CL_CHECK,ck_strength_lineage,1,1
CL_CHECK,ck_strength_lineage,1,1
CL_CHECK,ck_strength_lineage,1,1
CL_CHECK,ck_strength_lineage,1,1
CL_CHECK,ck_strength_lineage,1,1
CL_CHECK,ck_strength_lineage,1,1
CL_CHECK,ck_strength_lineage,1,1
CL_CHECK,ck_strength_lineage,1,1
CL_CHECK,ck_strength_lineage,1,1
CL_CHECK,ck_strength_lineage,1,1
CL_CHECK,ck_strength_lineage,1,1
CL_CHECK,ck_strength_lineage,1,1
CL_CHECK,ck_strength_lineage,1,1
CL_CHECK,ck_strength_lineage,1,1
CL_CHECK,ck_strength_lineage,1,1
CL_CHECK,ck_strength_lineage,1,1
CL_CHECK,ck_strength_lineage,1,1
CL_CHECK,ck_strength_lineage,1,1
CL_CHECK,ck_strength_lineage,1,1
CL_CHECK,ck_strength_lineage,1,1
CL_CHECK,ck_strength_lineage,1,1
CL_CHECK,ck_strength_lineage,1,1
CL_CHECK,ck_strength_lineage,1,1
CL_CHECK,ck_strength_lineage,1,1
CL_CHECK,ck_strength_lineage,1,1
CL_CHECK,ck_strength_lineage,1,1
CL_CHECK,ck_strength_lineage,1,1
CL_CHECK,ck_strength_lineage,1,1
CL_CHECK,ck_strength_lineage,1,1
CL_CHECK,ck_strength_lineage,1,1
CL_CHECK,ck_strength_lineage,1,1
CL_CHECK,ck_strength_lineage,1,1
CL_CHECK,ck_strength_lineage,1,1
CL_CHECK,ck_strength_lineage,1,1
CL_CHECK,ck_strength_lineage,1,1
CL_CHECK,ck_strength_lineage,1,1
CL_CHECK,ck_strength_lineage,1,1
CL_CHECK,ck_strength_lineage,1,1
CL_CHECK,ck_strength_lineage,1,1
CL_CHECK,ck_strength_lineage,1,1
CL_CHECK,ck_strength_lineage,1,1
CL_CHECK,ck_strength_lineage,1,1
CL_CHECK,ck_strength_lineage,1,1
CL_CHECK,ck_strength_lineage,1,1
CL_CHECK,ck_strength_lineage,1,1
CL_CHECK,ck_strength_lineage,1,1
CL_CHECK,ck_strength_lineage,1,1
CL_CHECK,ck_strength_lineage,1,1
CL_CHECK,ck_strength_lineage,1,1
CL_CHECK,ck_strength_lineage,1,1
CL_CHECK,ck_strength_lineage,1,1
CL_CHECK,ck_strength_lineage,1,1
CL_CHECK,ck_strength_lineage,1,1
CL_CHECK,ck_strength_lineage,1,1
CL_CHECK,ck_strength_lineage,1,1
CL_CHECK,ck_strength_lineage,1,1
CL_CHECK,ck_strength_lineage,1,1
CL_CHECK,ck_strength_lineage,1,1
CL_CHECK,ck_strength_lineage,1,1
CL_CHECK,ck_strength_lineage,1,1
CL_CHECK,ck_strength_lineage,1,1
CL_CHECK,ck_strength_lineage,1,1
CL_CHECK,ck_strength_lineage,1,1
CL_CHECK,ck_strength_lineage,1,1
CL_CHECK,ck_strength_lineage,1,1
CL_CHECK,ck_strength_lineage,1,1
CL_CHECK,ck_strength_lineage,1,1
CL_CHECK,ck_strength_lineage,1,1
CL_CHECK,ck_strength_lineage,1,1
CL_CHECK,ck_strength_lineage,1,1
CL_CHECK,ck_strength_lineage,1,1
CL_CHECK,ck_strength_lineage,1,1
CL_CHECK,ck_strength_lineage,1,1
CL_CHECK,ck_strength_lineage,1,1
CL_CHECK,ck_strength_lineage,1,1
CL_CHECK,ck_strength_lineage,1,1
CL_CHECK,ck_strength_lineage,1,1
CL_CHECK,ck_strength_lineage,1,1
CL_CHECK,ck_strength_lineage,1,1
CL_CHECK,ck_strength_lineage,1,1
CL_CHECK,ck_strength_lineage,1,1
CL_CHECK,ck_strength_lineage,1,1
CL_CHECK,ck_strength_lineage,1,1
CL_CHECK,ck_strength_lineage,1,1
CL_CHECK,ck_strength_lineage,1,1
CL_CHECK,ck_strength_lineage,1,1
CL_CHECK,ck_strength_lineage,1,1
CL_CHECK,ck_strength_lineage,1,1
CL_CHECK,ck_strength_lineage,1,1
CL_CHECK,ck_strength_lineage,1,1
CL_CHECK,ck_strength_lineage,1,1
CL_CHECK,ck_strength_lineage,1,1
CL_CHECK,ck_strength_lineage,1,1
CL_CHECK,ck_strength_lineage,1,1
CL_CHECK,ck_strength_lineage,1,1
CL_CHECK,ck_strength_lineage,1,1
CL_CHECK,ck_strength_lineage,1,1
CL_CHECK,ck_strength_lineage,1,1
CL_CHECK,ck_strength_lineage,1,1
CL_CHECK,ck_strength_lineage,1,1
CL_CHECK,ck_strength_lineage,1,1
CL_CHECK,ck_strength_lineage,1,1
CL_CHECK,ck_strength_lineage,1,1
CL_CHECK,ck_strength_lineage,1,1
CL_CHECK,ck_strength_lineage,1,1
CL_CHECK,ck_strength_lineage,1,1
CL_CHECK,ck_strength_lineage,1,1
CL_CHECK,ck_strength_lineage,1,1
CL_CHECK,ck_strength_lineage,1,1
CL_CHECK,ck_strength_lineage,1,1
CL_CHECK,ck_strength_lineage,1,1
CL_CHECK,ck_strength_lineage,1,1
CL_CHECK,ck_strength_lineage,1,1
CL_CHECK,ck_strength_lineage,1,1
CL_CHECK,ck_strength_lineage,1,1
CL_CHECK,ck_strength_lineage,1,1
CL_CHECK,ck_strength_lineage,1,1
CL_CHECK,ck_strength_lineage,1,1
CL_CHECK,ck_strength_lineage,1,1
CL_CHECK,ck_strength_lineage,1,1
CL_CHECK,ck_strength_lineage,1,1
CL_CHECK,ck_strength_lineage,1,1
CL_CHECK,ck_strength_lineage,1,1
CL_CHECK,ck_strength_lineage,1,1
CL_CHECK,ck_strength_lineage,1,1
CL_CHECK,ck_strength_lineage,1,1
CL_CHECK,ck_strength_lineage,1,1
CL_CHECK,ck_strength_lineage,1,1
CL_CHECK,ck_strength_lineage,1,1
CL_CHECK,ck_strength_lineage,1,1
CL_CHECK,ck_strength_lineage,1,1
CL_CHECK,ck_strength_lineage,1,1
CL_CHECK,ck_strength_lineage,1,1
CL_CHECK,ck_strength_lineage,1,1
CL_CHECK,ck_strength_lineage,1,1
CL_CHECK,ck_strength_lineage,1,1
CL_CHECK,ck_strength_lineage,1,1
CL_CHECK,ck_strength_lineage,1,1
CL_CHECK,ck_strength_lineage,1,1
CL_CHECK,ck_strength_lineage,1,1
CL_CHECK,ck_strength_lineage,1,1
CL_CHECK,ck_strength_lineage,1,1
CL_CHECK,ck_strength_lineage,1,1
CL_CHECK,ck_strength_lineage,1,1
CL_CHECK,ck_strength_lineage,1,1
CL_CHECK,ck_strength_lineage,1,1
CL_CHECK,ck_strength_lineage,1,1
CL_CHECK,ck_strength_lineage,1,1
CL_CHECK,ck_strength_lineage,1,1
CL_CHECK,ck_strength_lineage,1,1
CL_CHECK,ck_strength_lineage,1,1
CL_CHECK,ck_strength_lineage,1,1
CL_CHECK,ck_strength_lineage,1,1
CL_CHECK,ck_strength_lineage,1,1
CL_CHECK,ck_strength_lineage,1,1
CL_CHECK,ck_strength_lineage,1,1
CL_CHECK,ck_strength_lineage,1,1
CL_CHECK,ck_strength_lineage,1,1
CL_CHECK,ck_strength_lineage,1,1
CL_CHECK,ck_strength_lineage,1,1
CL_CHECK,ck_strength_lineage,1,1
CL_CHECK,ck_strength_lineage,1,1
CL_CHECK,ck_strength_lineage,1,1
CL_CHECK,ck_strength_lineage,1,1
CL_CHECK,ck_strength_lineage,1,1
CL_CHECK,ck_strength_lineage,1,1
CL_CHECK,ck_strength_lineage,1,1
CL_CHECK,ck_strength_lineage,1,1
CL_CHECK,ck_strength_lineage,1,1
CL_CHECK,ck_strength_lineage,1,1
CL_CHECK,ck_strength_lineage,1,1
CL_CHECK,ck_strength_lineage,1,1
CL_CHECK,ck_strength_lineage,1,1
CL_CHECK,ck_strength_lineage,1,1
CL_CHECK,ck_strength_lineage,1,1
CL_CHECK,ck_strength_lineage,1,1
CL_CHECK,ck_strength_lineage,1,1
CL_CHECK,ck_strength_lineage,1,1
CL_CHECK,ck_strength_lineage,1,1
CL_CHECK,ck_strength_lineage,1,1
CL_CHECK,ck_strength_lineage,1,1
CL_CHECK,ck_strength_lineage,1,1
CL_CHECK,ck_strength_lineage,1,1
CL_CHECK,ck_strength_lineage,1,1
CL_CHECK,ck_strength_lineage,1,1
CL_CHECK,ck_strength_lineage,1,1
CL_CHECK,ck_strength_lineage,1,1
CL_CHECK,ck_strength_lineage,1,1
CL_CHECK,ck_strength_lineage,1,1
CL_CHECK,ck_strength_lineage,1,1
CL_CHECK,ck_strength_lineage,1,1
CL_CHECK,ck_strength_lineage,1,1
CL_CHECK,ck_strength_lineage,1,1
CL_CHECK,ck_strength_lineage,1,1
CL_CHECK,ck_strength_lineage,1,1
CL_CHECK,ck_strength_lineage,1,1
CL_CHECK,ck_strength_lineage,1,1
CL_CHECK,ck_strength_lineage,1,1
CL_CHECK,ck_strength_lineage,1,1
CL_CHECK,ck_strength_lineage,1,1
CL_CHECK,ck_strength_lineage,1,1
CL_CHECK,ck_strength_lineage,1,1
CL_CHECK,ck_strength_lineage,1,1
CL_CHECK,ck_strength_lineage,1,1
CL_CHECK,ck_strength_lineage,1,1
CL_CHECK,ck_strength_lineage,1,1
CL_CHECK,ck_strength_lineage,1,1
CL_CHECK,ck_strength_lineage,1,1
CL_CHECK,ck_strength_lineage,1,1
CL_CHECK,ck_strength_lineage,1,1
CL_CHECK,ck_strength_lineage,1,1
CL_CHECK,ck_strength_lineage,1,1
CL_CHECK,ck_strength_lineage,1,1
CL_CHECK,ck_strength_lineage,1,1
CL_CHECK,ck_strength_lineage,1,1
CL_CHECK,ck_strength_lineage,1,1
CL_CHECK,ck_strength_lineage,1,1
CL_CHECK,ck_strength_lineage,1,1
CL_CHECK,ck_strength_lineage,1,1
CL_CHECK,ck_strength_lineage,1,1
CL_CHECK,ck_strength_lineage,1,1
CL_CHECK,ck_strength_lineage,1,1
CL_CHECK,ck_strength_lineage,1,1
CL_CHECK,ck_strength_lineage,1,1
CL_CHECK,ck_strength_lineage,1,1
CL_CHECK,ck_strength_lineage,1,1
CL_CHECK,ck_strength_lineage,1,1
CL_CHECK,ck_strength_lineage,1,1
CL_CHECK,ck_strength_lineage,1,1
CL_CHECK,ck_strength_lineage,1,1
CL_CHECK,ck_strength_lineage,1,1
CL_CHECK,ck_strength_lineage,1,1
CL_CHECK,ck_strength_lineage,1,1
CL_CHECK,ck_strength_lineage,1,1
CL_CHECK,ck_strength_lineage,1,1
CL_CHECK,ck_strength_lineage,1,1
CL_CHECK,ck_strength_lineage,1,1
CL_CHECK,ck_strength_lineage,1,1
CL_CHECK,ck_strength_lineage,1,1
CL_CHECK,ck_strength_lineage,1,1
CL_CHECK,ck_strength_lineage,1,1
CL_CHECK,ck_strength_lineage,1,1
CL_CHECK,ck_strength_lineage,1,1
CL_CHECK,ck_strength_lineage,1,1
CL_CHECK,ck_strength_lineage,1,1
CL_CHECK,ck_strength_lineage,1,1
CL_CHECK,ck_strength_lineage,1,1
CL_CHECK,ck_strength_lineage,1,1
CL_CHECK,ck_strength_lineage,1,1
CL_CHECK,ck_strength_lineage,1,1
CL_CHECK,ck_strength_lineage,1,1
CL_CHECK,ck_strength_lineage,1,1
CL_CHECK,ck_strength_lineage,1,1
CL_CHECK,ck_strength_lineage,1,1
CL_CHECK,ck_strength_lineage,1,1
CL_CHECK,ck_strength_lineage,1,1
CL_CHECK,ck_strength_lineage,1,1
CL_CHECK,ck_strength_lineage,1,1
CL_CHECK,ck_strength_lineage,1,1
CL_CHECK,ck_strength_lineage,1,1
CL_CHECK,ck_strength_lineage,1,1
CL_CHECK,ck_strength_lineage,1,1
CL_CHECK,ck_strength_lineage,1,1
CL_CHECK,ck_strength_lineage,1,1
CL_CHECK,ck_strength_lineage,1,1
CL_CHECK,ck_strength_lineage,1,1
CL_CHECK,ck_strength_lineage,1,1
CL_CHECK,ck_strength_lineage,1,1
CL_CHECK,ck_strength_lineage,1,1
CL_CHECK,ck_strength_lineage,1,1
CL_CHECK,ck_strength_lineage,1,1
CL_CHECK,ck_strength_lineage,1,1
CL_CHECK,ck_strength_lineage,1,1
CL_CHECK,ck_strength_lineage,1,1
CL_CHECK,ck_strength_lineage,1,1
CL_CHECK,ck_strength_lineage,1,1
CL_CHECK,ck_strength_lineage,1,1
CL_CHECK,ck_strength_lineage,1,1
CL_CHECK,ck_strength_lineage,1,1
CL_CHECK,ck_strength_lineage,1,1
CL_CHECK,ck_strength_lineage,1,1
CL_CHECK,ck_strength_lineage,1,1
CL_CHECK,ck_strength_lineage,1,1
CL_CHECK,ck_strength_lineage,1,1
CL_CHECK,ck_strength_lineage,1,1
CL_CHECK,ck_strength_lineage,1,1
CL_CHECK,ck_strength_lineage,1,1
CL_CHECK,ck_strength_lineage,1,1
CL_CHECK,ck_strength_lineage,1,1
CL_CHECK,ck_strength_lineage,1,1
CL_CHECK,ck_strength_lineage,1,1
CL_CHECK,ck_strength_lineage,1,1
CL_CHECK,ck_strength_lineage,1,1
CL_CHECK,ck_strength_lineage,1,1
CL_CHECK,ck_strength_lineage,1,1
CL_CHECK,ck_strength_lineage,1,1
CL_CHECK,ck_strength_lineage,1,1
CL_CHECK,ck_strength_lineage,1,1
CL_CHECK,ck_strength_lineage,1,1
CL_CHECK,ck_strength_lineage,1,1
CL_CHECK,ck_strength_lineage,1,1
CL_CHECK,ck_strength_lineage,1,1
CL_CHECK,ck_strength_lineage,1,1
CL_CHECK,ck_strength_lineage,1,1
CL_CHECK,ck_strength_lineage,1,1
CL_CHECK,ck_strength_lineage,1,1
CL_CHECK,ck_strength_lineage,1,1
CL_CHECK,ck_strength_lineage,1,1
CL_CHECK,ck_strength_lineage,1,1
CL_CHECK,ck_strength_lineage,1,1
CL_CHECK,ck_strength_lineage,1,1
CL_CHECK,ck_strength_lineage,1,1
CL_CHECK,ck_strength_lineage,1,1
CL_CHECK,ck_strength_lineage,1,1
CL_CHECK,ck_strength_lineage,1,1
CL_CHECK,ck_strength_lineage,1,1
CL_CHECK,ck_strength_lineage,1,1
CL_CHECK,ck_strength_lineage,1,1
CL_CHECK,ck_strength_lineage,1,1
CL_CHECK,ck_strength_lineage,1,1
CL_CHECK,ck_strength_lineage,1,1
CL_CHECK,ck_strength_lineage,1,1
CL_CHECK,ck_strength_lineage,1,1
CL_CHECK,ck_strength_lineage,1,1
CL_CHECK,ck_strength_lineage,1,1
CL_CHECK,ck_strength_lineage,1,1
CL_CHECK,ck_strength_lineage,1,1
CL_CHECK,ck_strength_lineage,1,1
CL_CHECK,ck_strength_lineage,1,1
CL_CHECK,ck_strength_lineage,1,1
CL_CHECK,ck_strength_lineage,1,1
CL_CHECK,ck_strength_lineage,1,1
CL_CHECK,ck_strength_lineage,1,1
CL_CHECK,ck_strength_lineage,1,1
CL_CHECK,ck_strength_lineage,1,1
CL_CHECK,ck_strength_lineage,1,1
CL_CHECK,ck_strength_lineage,1,1
CL_CHECK,ck_strength_lineage,1,1
CL_CHECK,ck_strength_lineage,1,1
CL_CHECK,ck_strength_lineage,1,1
CL_CHECK,ck_strength_lineage,1,1
CL_CHECK,ck_strength_lineage,1,1
CL_CHECK,ck_strength_lineage,1,1
CL_CHECK,ck_strength_lineage,1,1
CL_CHECK,ck_strength_lineage,1,1
CL_CHECK,ck_strength_lineage,1,1
CL_CHECK,ck_strength_lineage,1,1
CL_CHECK,ck_strength_lineage,1,1
CL_CHECK,ck_strength_lineage,1,1
CL_CHECK,ck_strength_lineage,1,1
CL_CHECK,ck_strength_lineage,1,1
CL_CHECK,ck_strength_lineage,1,1
CL_CHECK,ck_strength_lineage,1,1
CL_CHECK,ck_strength_lineage,1,1
CL_CHECK,ck_strength_lineage,1,1
CL_CHECK,ck_strength_lineage,1,1
CL_CHECK,ck_strength_lineage,1,1
CL_CHECK,ck_strength_lineage,1,1
CL_CHECK,ck_strength_lineage,1,1
CL_CHECK,ck_strength_lineage,1,1
CL_CHECK,ck_strength_lineage,1,1
CL_CHECK,ck_strength_lineage,1,1
CL_CHECK,ck_strength_lineage,1,1
CL_CHECK,ck_strength_lineage,1,1
CL_CHECK,ck_strength_lineage,1,1
CL_CHECK,ck_strength_lineage,1,1
CL_CHECK,ck_strength_lineage,1,1
CL_CHECK,ck_strength_lineage,1,1
CL_CHECK,ck_strength_lineage,1,1
CL_CHECK,ck_strength_lineage,1,1
CL_CHECK,ck_strength_lineage,1,1
CL_CHECK,ck_strength_lineage,1,1
CL_CHECK,ck_strength_lineage,1,1
CL_CHECK,ck_strength_lineage,1,1
CL_CHECK,ck_strength_lineage,1,1
CL_CHECK,ck_strength_lineage,1,1
CL_CHECK,ck_strength_lineage,1,1
CL_CHECK,ck_strength_lineage,1,1
CL_CHECK,ck_strength_lineage,1,1
CL_CHECK,ck_strength_lineage,1,1
CL_CHECK,ck_strength_lineage,1,1
CL_CHECK,ck_strength_lineage,1,1
CL_CHECK,ck_strength_lineage,1,1
CL_CHECK,ck_strength_lineage,1,1
CL_CHECK,ck_strength_lineage,1,1
CL_CHECK,ck_strength_lineage,1,1
CL_CHECK,ck_strength_lineage,1,1
CL_CHECK,ck_strength_lineage,1,1
CL_CHECK,ck_strength_lineage,1,1
CL_CHECK,ck_strength_lineage,1,1
CL_CHECK,ck_strength_lineage,1,1
CL_CHECK,ck_strength_lineage,1,1
CL_CHECK,ck_strength_lineage,1,1
CL_CHECK,ck_strength_lineage,1,1
CL_CHECK,ck_strength_lineage,1,1
CL_CHECK,ck_strength_lineage,1,1
CL_CHECK,ck_strength_lineage,1,1
CL_CHECK,ck_strength_lineage,1,1
CL_CHECK,ck_strength_lineage,1,1
CL_CHECK,ck_strength_lineage,1,1
CL_CHECK,ck_strength_lineage,1,1
CL_CHECK,ck_strength_lineage,1,1
CL_CHECK,ck_strength_lineage,1,1
CL_CHECK,ck_strength_lineage,1,1
CL_CHECK,ck_strength_lineage,1,1
CL_CHECK,ck_strength_lineage,1,1
CL_CHECK,ck_strength_lineage,1,1
CL_CHECK,ck_strength_lineage,1,1
CL_CHECK,ck_strength_lineage,1,1
CL_CHECK,ck_strength_lineage,1,1
CL_CHECK,ck_strength_lineage,1,1
CL_CHECK,ck_strength_lineage,1,1
CL_CHECK,ck_strength_lineage,1,1
CL_CHECK,ck_strength_lineage,1,1
CL_CHECK,ck_strength_lineage,1,1
CL_CHECK,ck_strength_lineage,1,1
CL_CHECK,ck_strength_lineage,1,1
CL_CHECK,ck_strength_lineage,1,1
CL_CHECK,ck_strength_lineage,1,1
CL_CHECK,ck_strength_lineage,1,1
CL_CHECK,ck_strength_lineage,1,1
CL_CHECK,ck_strength_lineage,1,1
CL_CHECK,ck_strength_lineage,1,1
CL_CHECK,ck_strength_lineage,1,1
CL_CHECK,ck_strength_lineage,1,1
CL_CHECK,ck_strength_lineage,1,1
CL_CHECK,ck_strength_lineage,1,1
CL_CHECK,ck_strength_lineage,1,1
CL_CHECK,ck_strength_lineage,1,1
CL_CHECK,ck_strength_lineage,1,1
CL_CHECK,ck_strength_lineage,1,1
CL_CHECK,ck_strength_lineage,1,1
CL_CHECK,ck_strength_lineage,1,1
CL_CHECK,ck_strength_lineage,1,1
CL_CHECK,ck_strength_lineage,1,1
CL_CHECK,ck_strength_lineage,1,1
CL_CHECK,ck_strength_lineage,1,1
CL_CHECK,ck_strength_lineage,1,1
CL_CHECK,ck_strength_lineage,1,1
CL_CHECK,ck_strength_lineage,1,1
CL_CHECK,ck_strength_lineage,1,1
CL_CHECK,ck_strength_lineage,1,1
CL_CHECK,ck_strength_lineage,1,1
CL_CHECK,ck_strength_lineage,1,1
CL_CHECK,ck_strength_lineage,1,1
CL_CHECK,ck_strength_lineage,1,1
CL_CHECK,ck_strength_lineage,1,1
CL_CHECK,ck_strength_lineage,1,1
CL_CHECK,ck_strength_lineage,1,1
CL_CHECK,ck_strength_lineage,1,1
CL_CHECK,ck_strength_lineage,1,1
CL_CHECK,ck_strength_lineage,1,1
CL_CHECK,ck_strength_lineage,1,1
CL_CHECK,ck_strength_lineage,1,1
CL_CHECK,ck_strength_lineage,1,1
CL_CHECK,ck_strength_lineage,1,1
CL_CHECK,ck_strength_lineage,1,1
CL_CHECK,ck_strength_lineage,1,1
CL_CHECK,ck_strength_lineage,1,1
CL_CHECK,ck_strength_lineage,1,1
CL_CHECK,ck_strength_lineage,1,1
CL_CHECK,ck_strength_lineage,1,1
CL_CHECK,ck_strength_lineage,1,1
CL_CHECK,ck_strength_lineage,1,1
CL_CHECK,ck_strength_lineage,1,1
CL_CHECK,ck_strength_lineage,1,1
CL_CHECK,ck_strength_lineage,1,1
CL_CHECK,ck_strength_lineage,1,1
CL_CHECK,ck_strength_lineage,1,1
CL_CHECK,ck_strength_lineage,1,1
CL_CHECK,ck_strength_lineage,1,1
CL_CHECK,ck_strength_lineage,1,1
CL_CHECK,ck_strength_lineage,1,1
CL_CHECK,ck_strength_lineage,1,1
CL_CHECK,ck_strength_lineage,1,1
CL_CHECK,ck_strength_lineage,1,1
CL_CHECK,ck_strength_lineage,1,1
CL_CHECK,ck_strength_lineage,1,1
CL_CHECK,ck_strength_lineage,1,1
CL_CHECK,ck_strength_lineage,1,1
CL_CHECK,ck_strength_lineage,1,1
CL_CHECK,ck_strength_lineage,1,1
CL_CHECK,ck_strength_lineage,1,1
CL_CHECK,ck_strength_lineage,1,1
CL_CHECK,ck_strength_lineage,1,1
CL_CHECK,ck_strength_lineage,1,1
CL_CHECK,ck_strength_lineage,1,1
CL_CHECK,ck_strength_lineage,1,1
CL_CHECK,ck_strength_lineage,1,1
CL_CHECK,ck_strength_lineage,1,1
CL_CHECK,ck_strength_lineage,1,1
CL_CHECK,ck_strength_lineage,1,1
CL_CHECK,ck_strength_lineage,1,1
CL_CHECK,ck_strength_lineage,1,1
CL_CHECK,ck_strength_lineage,1,1
CL_CHECK,ck_strength_lineage,1,1
CL_CHECK,ck_strength_lineage,1,1
CL_CHECK,ck_strength_lineage,1,1
CL_CHECK,ck_strength_lineage,1,1
CL_CHECK,ck_strength_lineage,1,1
CL_CHECK,ck_strength_lineage,1,1
CL_CHECK,ck_strength_lineage,1,1
CL_CHECK,ck_strength_lineage,1,1
CL_CHECK,ck_strength_lineage,1,1
CL_CHECK,ck_strength_lineage,1,1
CL_CHECK,ck_strength_lineage,1,1
CL_CHECK,ck_strength_lineage,1,1
CL_CHECK,ck_strength_lineage,1,1
CL_CHECK,ck_strength_lineage,1,1
CL_CHECK,ck_strength_lineage,1,1
CL_CHECK,ck_strength_lineage,1,1
CL_CHECK,ck_strength_lineage,1,1
CL_CHECK,ck_strength_lineage,1,1
CL_CHECK,ck_strength_lineage,1,1
CL_CHECK,ck_strength_lineage,1,1
CL_CHECK,ck_strength_lineage,1,1
CL_CHECK,ck_strength_lineage,1,1
CL_CHECK,ck_strength_lineage,1,1
CL_CHECK,ck_strength_lineage,1,1
CL_CHECK,ck_strength_lineage,1,1
CL_CHECK,ck_strength_lineage,1,1
CL_CHECK,ck_strength_lineage,1,1
CL_CHECK,ck_strength_lineage,1,1
CL_CHECK,ck_strength_lineage,1,1
CL_CHECK,ck_strength_lineage,1,1
CL_CHECK,ck_strength_lineage,1,1
CL_CHECK,ck_strength_lineage,1,1
CL_CHECK,ck_strength_lineage,1,1
CL_CHECK,ck_strength_lineage,1,1
CL_CHECK,ck_strength_lineage,1,1
CL_CHECK,ck_strength_lineage,1,1
CL_CHECK,ck_strength_lineage,1,1
CL_CHECK,ck_strength_lineage,1,1
CL_CHECK,ck_strength_lineage,1,1
CL_CHECK,ck_strength_lineage,1,1
CL_CHECK,ck_strength_lineage,1,1
CL_CHECK,ck_strength_lineage,1,1
CL_CHECK,ck_strength_lineage,1,1
CL_CHECK,ck_strength_lineage,1,1
CL_CHECK,ck_strength_lineage,1,1
CL_CHECK,ck_strength_lineage,1,1
CL_CHECK,ck_strength_lineage,1,1
CL_CHECK,ck_strength_lineage,1,1
CL_CHECK,ck_strength_lineage,1,1
CL_CHECK,ck_strength_lineage,1,1
CL_CHECK,ck_strength_lineage,1,1
CL_CHECK,ck_strength_lineage,1,1
CL_CHECK,ck_strength_lineage,1,1
CL_CHECK,ck_strength_lineage,1,1
CL_CHECK,ck_strength_lineage,1,1
CL_CHECK,ck_strength_lineage,1,1
CL_CHECK,ck_strength_lineage,1,1
CL_CHECK,ck_strength_lineage,1,1
CL_CHECK,ck_strength_lineage,1,1
CL_CHECK,ck_strength_lineage,1,1
CL_CHECK,ck_strength_lineage,1,1
CL_CHECK,ck_strength_lineage,1,1
CL_CHECK,ck_strength_lineage,1,1
CL_CHECK,ck_strength_lineage,1,1
CL_CHECK,ck_strength_lineage,1,1
CL_CHECK,ck_strength_lineage,1,1
CL_CHECK,ck_strength_lineage,1,1
CL_CHECK,ck_strength_lineage,1,1
CL_CHECK,ck_strength_lineage,1,1
CL_CHECK,ck_strength_lineage,1,1
CL_CHECK,ck_strength_lineage,1,1
CL_CHECK,ck_strength_lineage,1,1
CL_CHECK,ck_strength_lineage,1,1
CL_CHECK,ck_strength_lineage,1,1
CL_CHECK,ck_strength_lineage,1,1
CL_CHECK,ck_strength_lineage,1,1
CL_CHECK,ck_strength_lineage,1,1
CL_CHECK,ck_strength_lineage,1,1
CL_CHECK,ck_strength_lineage,1,1
CL_CHECK,ck_strength_lineage,1,1
CL_CHECK,ck_strength_lineage,1,1
CL_CHECK,ck_strength_lineage,1,1
CL_CHECK,ck_strength_lineage,1,1
CL_CHECK,ck_strength_lineage,1,1
CL_CHECK,ck_strength_lineage,1,1
CL_CHECK,ck_strength_lineage,1,1
CL_CHECK,ck_strength_lineage,1,1
CL_CHECK,ck_strength_lineage,1,1
CL_CHECK,ck_strength_lineage,1,1
CL_CHECK,ck_strength_lineage,1,1
CL_CHECK,ck_strength_lineage,1,1
CL_CHECK,ck_strength_lineage,1,1
CL_CHECK,ck_strength_lineage,1,1
CL_CHECK,ck_strength_lineage,1,1
CL_CHECK,ck_strength_lineage,1,1
CL_CHECK,ck_strength_lineage,1,1
CL_CHECK,ck_strength_lineage,1,1
CL_CHECK,ck_strength_lineage,1,1
CL_CHECK,ck_strength_lineage,1,1
CL_CHECK,ck_strength_lineage,1,1
CL_CHECK,ck_strength_lineage,1,1
CL_CHECK,ck_strength_lineage,1,1
CL_CHECK,ck_strength_lineage,1,1
CL_CHECK,ck_strength_lineage,1,1
CL_CHECK,ck_strength_lineage,1,1
CL_CHECK,ck_strength_lineage,1,1
CL_CHECK,ck_strength_lineage,1,1
CL_CHECK,ck_strength_lineage,1,1
CL_CHECK,ck_strength_lineage,1,1
CL_CHECK,ck_strength_lineage,1,1
CL_CHECK,ck_strength_lineage,1,1
CL_CHECK,ck_strength_lineage,1,1
CL_CHECK,ck_strength_lineage,1,1
CL_CHECK,ck_strength_lineage,1,1
CL_CHECK,ck_strength_lineage,1,1
CL_CHECK,ck_strength_lineage,1,1
CL_CHECK,ck_strength_lineage,1,1
CL_CHECK,ck_strength_lineage,1,1
CL_CHECK,ck_strength_lineage,1,1
CL_CHECK,ck_strength_lineage,1,1
CL_CHECK,ck_strength_lineage,1,1
CL_CHECK,ck_strength_lineage,1,1
CL_CHECK,ck_strength_lineage,1,1
CL_CHECK,ck_strength_lineage,1,1
CL_CHECK,ck_strength_lineage,1,1
CL_CHECK,ck_strength_lineage,1,1
CL_CHECK,ck_strength_lineage,1,1
CL_CHECK,ck_strength_lineage,1,1
CL_CHECK,ck_strength_lineage,1,1
CL_CHECK,ck_strength_lineage,1,1
CL_CHECK,ck_strength_lineage,1,1
CL_CHECK,ck_strength_lineage,1,1
CL_CHECK,ck_strength_lineage,1,1
CL_CHECK,ck_strength_lineage,1,1
CL_CHECK,ck_strength_lineage,1,1
CL_CHECK,ck_strength_lineage,1,1
CL_CHECK,ck_strength_lineage,1,1
CL_CHECK,ck_strength_lineage,1,1
CL_CHECK,ck_strength_lineage,1,1
CL_CHECK,ck_strength_lineage,1,1
CL_CHECK,ck_strength_lineage,1,1
CL_CHECK,ck_strength_lineage,1,1
CL_CHECK,ck_strength_lineage,1,1
CL_CHECK,ck_strength_lineage,1,1
CL_CHECK,ck_strength_lineage,1,1
CL_CHECK,ck_strength_lineage,1,1
CL_CHECK,ck_strength_lineage,1,1
CL_CHECK,ck_strength_lineage,1,1
CL_CHECK,ck_strength_lineage,1,1
CL_CHECK,ck_strength_lineage,1,1
CL_CHECK,ck_strength_lineage,1,1
CL_CHECK,ck_strength_lineage,1,1
CL_CHECK,ck_strength_lineage,1,1
CL_CHECK,ck_strength_lineage,1,1
CL_CHECK,ck_strength_lineage,1,1
CL_CHECK,ck_strength_lineage,1,1
CL_CHECK,ck_strength_lineage,1,1
CL_CHECK,ck_strength_lineage,1,1
CL_CHECK,ck_strength_lineage,1,1
CL_CHECK,ck_strength_lineage,1,1
CL_CHECK,ck_strength_lineage,1,1
CL_CHECK,ck_strength_lineage,1,1
CL_CHECK,ck_strength_lineage,1,1
CL_CHECK,ck_strength_lineage,1,1
CL_CHECK,ck_strength_lineage,1,1
CL_CHECK,ck_strength_lineage,1,1
CL_CHECK,ck_strength_lineage,1,1
CL_CHECK,ck_strength_lineage,1,1
CL_CHECK,ck_strength_lineage,1,1
CL_CHECK,ck_strength_lineage,1,1
CL_CHECK,ck_strength_lineage,1,1
CL_CHECK,ck_strength_lineage,1,1
CL_CHECK,ck_strength_lineage,1,1
CL_CHECK,ck_strength_lineage,1,1
CL_CHECK,ck_strength_lineage,1,1
CL_CHECK,ck_strength_lineage,1,1
CL_CHECK,ck_strength_lineage,1,1
CL_CHECK,ck_strength_lineage,1,1
CL_CHECK,ck_strength_lineage,1,1
CL_CHECK,ck_strength_lineage,1,1
CL_CHECK,ck_strength_lineage,1,1
CL_CHECK,ck_strength_lineage,1,1
CL_CHECK,ck_strength_lineage,1,1
CL_CHECK,ck_strength_lineage,1,1
CL_CHECK,ck_strength_lineage,1,1
CL_CHECK,ck_strength_lineage,1,1
CL_CHECK,ck_strength_lineage,1,1
CL_CHECK,ck_strength_lineage,1,1
CL_CHECK,ck_strength_lineage,1,1
CL_CHECK,ck_strength_lineage,1,1
CL_CHECK,ck_strength_lineage,1,1
CL_CHECK,ck_strength_lineage,1,1
CL_CHECK,ck_strength_lineage,1,1
CL_CHECK,ck_strength_lineage,1,1
CL_CHECK,ck_strength_lineage,1,1
CL_CHECK,ck_strength_lineage,1,1
CL_CHECK,ck_strength_lineage,1,1
CL_CHECK,ck_strength_lineage,1,1
CL_CHECK,ck_strength_lineage,1,1
CL_CHECK,ck_strength_lineage,1,1
CL_CHECK,ck_strength_lineage,1,1
CL_CHECK,ck_strength_lineage,1,1
CL_CHECK,ck_strength_lineage,1,1
CL_CHECK,ck_strength_lineage,1,1
CL_CHECK,ck_strength_lineage,1,1
CL_CHECK,ck_strength_lineage,1,1
CL_CHECK,ck_strength_lineage,1,1
CL_CHECK,ck_strength_lineage,1,1
CL_CHECK,ck_strength_lineage,1,1
CL_CHECK,ck_strength_lineage,1,1
CL_CHECK,ck_strength_lineage,1,1
CL_CHECK,ck_strength_lineage,1,1
CL_CHECK,ck_strength_lineage,1,1
CL_CHECK,ck_strength_lineage,1,1
CL_CHECK,ck_strength_lineage,1,1
CL_CHECK,ck_strength_lineage,1,1
CL_CHECK,ck_strength_lineage,1,1
CL_CHECK,ck_strength_lineage,1,1
CL_CHECK,ck_strength_lineage,1,1
CL_CHECK,ck_strength_lineage,1,1
CL_CHECK,ck_strength_lineage,1,1
CL_CHECK,ck_strength_lineage,1,1
CL_CHECK,ck_strength_lineage,1,1
CL_CHECK,ck_strength_lineage,1,1
CL_CHECK,ck_strength_lineage,1,1
CL_CHECK,ck_strength_lineage,1,1
CL_CHECK,ck_strength_lineage,1,1
CL_CHECK,ck_strength_lineage,1,1
CL_CHECK,ck_strength_lineage,1,1
CL_CHECK,ck_strength_lineage,1,1
CL_CHECK,ck_strength_lineage,1,1
CL_CHECK,ck_strength_lineage,1,1
CL_CHECK,ck_strength_lineage,1,1
CL_CHECK,ck_strength_lineage,1,1
CL_CHECK,ck_strength_lineage,1,1
CL_CHECK,ck_strength_lineage,1,1
CL_CHECK,ck_strength_lineage,1,1
CL_CHECK,ck_strength_lineage,1,1
CL_CHECK,ck_strength_lineage,1,1
CL_CHECK,ck_strength_lineage,1,1
CL_CHECK,ck_strength_lineage,1,1
CL_CHECK,ck_strength_lineage,1,1
CL_CHECK,ck_strength_lineage,1,1
CL_CHECK,ck_strength_lineage,1,1
CL_CHECK,ck_strength_lineage,1,1
CL_CHECK,ck_strength_lineage,1,1
CL_CHECK,ck_strength_lineage,1,1
CL_CHECK,ck_strength_lineage,1,1
CL_CHECK,ck_strength_lineage,1,1
CL_CHECK,ck_strength_lineage,1,1
CL_CHECK,ck_strength_lineage,1,1
CL_CHECK,ck_strength_lineage,1,1
CL_CHECK,ck_strength_lineage,1,1
CL_CHECK,ck_strength_lineage,1,1
CL_CHECK,ck_strength_lineage,1,1
CL_CHECK,ck_strength_lineage,1,1
CL_CHECK,ck_strength_lineage,1,1
CL_CHECK,ck_strength_lineage,1,1
CL_CHECK,ck_strength_lineage,1,1
CL_CHECK,ck_strength_lineage,1,1
CL_CHECK,ck_strength_lineage,1,1
CL_CHECK,ck_strength_lineage,1,1
CL_CHECK,ck_strength_lineage,1,1
CL_CHECK,ck_strength_lineage,1,1
CL_CHECK,ck_strength_lineage,1,1
CL_CHECK,ck_strength_lineage,1,1
CL_CHECK,ck_strength_lineage,1,1
CL_CHECK,ck_strength_lineage,1,1
CL_CHECK,ck_strength_lineage,1,1
CL_CHECK,ck_strength_lineage,1,1
CL_CHECK,ck_strength_lineage,1,1
CL_CHECK,ck_strength_lineage,1,1
CL_CHECK,ck_strength_lineage,1,1
CL_CHECK,ck_strength_lineage,1,1
CL_CHECK,ck_strength_lineage,1,1
CL_CHECK,ck_strength_lineage,1,1
CL_CHECK,ck_strength_lineage,1,1
CL_CHECK,ck_strength_lineage,1,1
CL_CHECK,ck_strength_lineage,1,1
CL_CHECK,ck_strength_lineage,1,1
CL_CHECK,ck_strength_lineage,1,1
CL_CHECK,ck_strength_lineage,1,1
CL_CHECK,ck_strength_lineage,1,1
CL_CHECK,ck_strength_lineage,1,1
CL_CHECK,ck_strength_lineage,1,1
CL_CHECK,ck_strength_lineage,1,1
CL_CHECK,ck_strength_lineage,1,1
CL_CHECK,ck_strength_lineage,1,1
CL_CHECK,ck_strength_lineage,1,1
CL_CHECK,ck_strength_lineage,1,1
CL_CHECK,ck_strength_lineage,1,1
CL_CHECK,ck_strength_lineage,1,1
CL_CHECK,ck_strength_lineage,1,1
CL_CHECK,ck_strength_lineage,1,1
CL_CHECK,ck_strength_lineage,1,1
CL_CHECK,ck_strength_lineage,1,1
CL_CHECK,ck_strength_lineage,1,1
CL_CHECK,ck_strength_lineage,1,1
CL_CHECK,ck_strength_lineage,1,1
CL_CHECK,ck_strength_lineage,1,1
CL_CHECK,ck_strength_lineage,1,1
CL_CHECK,ck_strength_lineage,1,1
CL_CHECK,ck_strength_lineage,1,1
CL_CHECK,ck_strength_lineage,1,1
CL_CHECK,ck_strength_lineage,1,1
CL_CHECK,ck_strength_lineage,1,1
CL_CHECK,ck_strength_lineage,1,1
CL_CHECK,ck_strength_lineage,1,1
CL_CHECK,ck_strength_lineage,1,1
CL_CHECK,ck_strength_lineage,1,1
CL_CHECK,ck_strength_lineage,1,1
CL_CHECK,ck_strength_lineage,1,1
CL_CHECK,ck_strength_lineage,1,1
CL_CHECK,ck_strength_lineage,1,1
CL_CHECK,ck_strength_lineage,1,1
CL_CHECK,ck_strength_lineage,1,1
CL_CHECK,ck_strength_lineage,1,1
CL_CHECK,ck_strength_lineage,1,1
CL_CHECK,ck_strength_lineage,1,1
CL_CHECK,ck_strength_lineage,1,1
CL_CHECK,ck_strength_lineage,1,1
CL_CHECK,ck_strength_lineage,1,1
CL_CHECK,ck_strength_lineage,1,1
CL_CHECK,ck_strength_lineage,1,1
CL_CHECK,ck_strength_lineage,1,1
CL_CHECK,ck_strength_lineage,1,1
CL_CHECK,ck_strength_lineage,1,1
CL_CHECK,ck_strength_lineage,1,1
CL_CHECK,ck_strength_lineage,1,1
CL_CHECK,ck_strength_lineage,1,1
CL_CHECK,ck_strength_lineage,1,1
CL_CHECK,ck_strength_lineage,1,1
CL_CHECK,ck_strength_lineage,1,1
CL_CHECK,ck_strength_lineage,1,1
CL_CHECK,ck_strength_lineage,1,1
CL_CHECK,ck_strength_lineage,1,1
CL_CHECK,ck_strength_lineage,1,1
CL_CHECK,ck_strength_lineage,1,1
CL_CHECK,ck_strength_lineage,1,1
CL_CHECK,ck_strength_lineage,1,1
CL_CHECK,ck_strength_lineage,1,1
CL_CHECK,ck_strength_lineage,1,1
CL_CHECK,ck_strength_lineage,1,1
CL_CHECK,ck_strength_lineage,1,1
CL_CHECK,ck_strength_lineage,1,1
CL_CHECK,ck_strength_lineage,1,1
CL_CHECK,ck_strength_lineage,1,1
CL_CHECK,ck_strength_lineage,1,1
CL_CHECK,ck_strength_lineage,1,1
CL_CHECK,ck_strength_lineage,1,1
CL_CHECK,ck_strength_lineage,1,1
CL_CHECK,ck_strength_lineage,1,1
CL_CHECK,ck_strength_lineage,1,1
CL_CHECK,ck_strength_lineage,1,1
CL_CHECK,ck_strength_lineage,1,1
CL_CHECK,ck_strength_lineage,1,1
CL_CHECK,ck_strength_lineage,1,1
CL_CHECK,ck_strength_lineage,1,1
CL_CHECK,ck_strength_lineage,1,1
CL_CHECK,ck_strength_lineage,1,1
CL_CHECK,ck_strength_lineage,1,1
CL_CHECK,ck_strength_lineage,1,1
CL_CHECK,ck_strength_lineage,1,1
CL_CHECK,ck_strength_lineage,1,1
CL_CHECK,ck_strength_lineage,1,1
CL_CHECK,ck_strength_lineage,1,1
CL_CHECK,ck_strength_lineage,1,1
CL_CHECK,ck_strength_lineage,1,1
CL_CHECK,ck_strength_lineage,1,1
CL_CHECK,ck_strength_lineage,1,1
CL_CHECK,ck_strength_lineage,1,1
CL_CHECK,ck_strength_lineage,1,1
CL_CHECK,ck_strength_lineage,1,1
CL_CHECK,ck_strength_lineage,1,1
CL_CHECK,ck_strength_lineage,1,1
CL_CHECK,ck_strength_lineage,1,1
CL_CHECK,ck_strength_lineage,1,1
CL_CHECK,ck_strength_lineage,1,1
CL_CHECK,ck_strength_lineage,1,1
CL_CHECK,ck_strength_lineage,1,1
CL_CHECK,ck_strength_lineage,1,1
CL_CHECK,ck_strength_lineage,1,1
CL_CHECK,ck_strength_lineage,1,1
CL_CHECK,ck_strength_lineage,1,1
CL_CHECK,ck_strength_lineage,1,1
CL_CHECK,ck_strength_lineage,1,1
CL_CHECK,ck_strength_lineage,1,1
CL_CHECK,ck_strength_lineage,1,1
CL_CHECK,ck_strength_lineage,1,1
CL_CHECK,ck_strength_lineage,1,1
CL_CHECK,ck_strength_lineage,1,1
CL_CHECK,ck_strength_lineage,1,1
CL_CHECK,ck_strength_lineage,1,1
CL_CHECK,ck_strength_lineage,1,1
CL_CHECK,ck_strength_lineage,1,1
CL_CHECK,ck_strength_lineage,1,1
CL_CHECK,ck_strength_lineage,1,1
CL_CHECK,ck_strength_lineage,1,1
CL_CHECK,ck_strength_lineage,1,1
CL_CHECK,ck_strength_lineage,1,1
CL_CHECK,ck_strength_lineage,1,1
CL_CHECK,ck_strength_lineage,1,1
CL_CHECK,ck_strength_lineage,1,1
CL_CHECK,ck_strength_lineage,1,1
CL_CHECK,ck_strength_lineage,1,1
CL_CHECK,ck_strength_lineage,1,1
CL_CHECK,ck_strength_lineage,1,1
CL_CHECK,ck_strength_lineage,1,1
CL_CHECK,ck_strength_lineage,1,1
CL_CHECK,ck_strength_lineage,1,1
CL_CHECK,ck_strength_lineage,1,1
CL_CHECK,ck_strength_lineage,1,1
CL_CHECK,ck_strength_lineage,1,1
CL_CHECK,ck_strength_lineage,1,1
CL_CHECK,ck_strength_lineage,1,1
CL_CHECK,ck_strength_lineage,1,1
CL_CHECK,ck_strength_lineage,1,1
CL_CHECK,ck_strength_lineage,1,1
CL_CHECK,ck_strength_lineage,1,1
CL_CHECK,ck_strength_lineage,1,1
CL_CHECK,ck_strength_lineage,1,1
CL_CHECK,ck_strength_lineage,1,1
CL_CHECK,ck_strength_lineage,1,1
CL_CHECK,ck_strength_lineage,1,1
CL_CHECK,ck_strength_lineage,1,1
CL_CHECK,ck_strength_lineage,1,1
CL_CHECK,ck_strength_lineage,1,1
CL_CHECK,ck_strength_lineage,1,1
CL_CHECK,ck_strength_lineage,1,1
CL_CHECK,ck_strength_lineage,1,1
CL_CHECK,ck_strength_lineage,1,1
CL_CHECK,ck_strength_lineage,1,1
CL_CHECK,ck_strength_lineage,1,1
CL_CHECK,ck_strength_lineage,1,1
CL_CHECK,ck_strength_lineage,1,1
CL_CHECK,ck_strength_lineage,1,1
CL_CHECK,ck_strength_lineage,1,1
CL_CHECK,ck_strength_lineage,1,1
CL_CHECK,ck_strength_lineage,1,1
CL_CHECK,ck_strength_lineage,1,1
CL_CHECK,ck_strength_lineage,1,1
CL_CHECK,ck_strength_lineage,1,1
CL_CHECK,ck_strength_lineage,1,1
CL_CHECK,ck_strength_lineage,1,1
CL_CHECK,ck_strength_lineage,1,1
CL_CHECK,ck_strength_lineage,1,1
CL_CHECK,ck_strength_lineage,1,1
CL_CHECK,ck_strength_lineage,1,1
CL_CHECK,ck_strength_lineage,1,1
CL_CHECK,ck_strength_lineage,1,1
CL_CHECK,ck_strength_lineage,1,1
CL_CHECK,ck_strength_lineage,1,1
CL_CHECK,ck_strength_lineage,1,1
CL_CHECK,ck_strength_lineage,1,1
CL_CHECK,ck_strength_lineage,1,1
CL_CHECK,ck_strength_lineage,1,1
CL_CHECK,ck_strength_lineage,1,1
CL_CHECK,ck_strength_lineage,1,1
CL_CHECK,ck_strength_lineage,1,1
CL_CHECK,ck_strength_lineage,1,1
CL_CHECK,ck_strength_lineage,1,1
CL_CHECK,ck_strength_lineage,1,1
CL_CHECK,ck_strength_lineage,1,1
CL_CHECK,ck_strength_lineage,1,1
CL_CHECK,ck_strength_lineage,1,1
CL_CHECK,ck_strength_lineage,1,1
CL_CHECK,ck_strength_lineage,1,1
CL_CHECK,ck_strength_lineage,1,1
CL_CHECK,ck_strength_lineage,1,1
CL_CHECK,ck_strength_lineage,1,1
CL_CHECK,ck_strength_lineage,1,1
CL_CHECK,ck_strength_lineage,1,1
CL_CHECK,ck_strength_lineage,1,1
CL_CHECK,ck_strength_lineage,1,1
CL_CHECK,ck_strength_lineage,1,1
CL_CHECK,ck_strength_lineage,1,1
CL_CHECK,ck_strength_lineage,1,1
CL_CHECK,ck_strength_lineage,1,1
CL_CHECK,ck_strength_lineage,1,1
CL_CHECK,ck_strength_lineage,1,1
CL_CHECK,ck_strength_lineage,1,1
CL_CHECK,ck_strength_lineage,1,1
CL_CHECK,ck_strength_lineage,1,1
CL_CHECK,ck_strength_lineage,1,1
CL_CHECK,ck_strength_lineage,1,1
CL_CHECK,ck_strength_lineage,1,1
CL_CHECK,ck_strength_lineage,1,1
CL_CHECK,ck_strength_lineage,1,1
CL_CHECK,ck_strength_lineage,1,1
CL_CHECK,ck_strength_lineage,1,1
CL_CHECK,ck_strength_lineage,1,1
CL_CHECK,ck_strength_lineage,1,1
CL_CHECK,ck_strength_lineage,1,1
CL_CHECK,ck_strength_lineage,1,1
CL_CHECK,ck_strength_lineage,1,1
CL_CHECK,ck_strength_lineage,1,1
CL_CHECK,ck_strength_lineage,1,1
CL_CHECK,ck_strength_lineage,1,1
CL_CHECK,ck_strength_lineage,1,1
CL_CHECK,ck_strength_lineage,1,1
CL_CHECK,ck_strength_lineage,1,1
CL_CHECK,ck_strength_lineage,1,1
CL_CHECK,ck_strength_lineage,1,1
CL_CHECK,ck_strength_lineage,1,1
CL_CHECK,ck_strength_lineage,1,1
CL_CHECK,ck_strength_lineage,1,1
CL_CHECK,ck_strength_lineage,1,1
CL_CHECK,ck_strength_lineage,1,1
CL_CHECK,ck_strength_lineage,1,1
CL_CHECK,ck_strength_lineage,1,1
CL_CHECK,ck_strength_lineage,1,1
CL_CHECK,ck_strength_lineage,1,1
CL_CHECK,ck_strength_lineage,1,1
CL_CHECK,ck_strength_lineage,1,1
CL_CHECK,ck_strength_lineage,1,1
CL_CHECK,ck_strength_lineage,1,1
CL_CHECK,ck_strength_lineage,1,1
CL_CHECK,ck_strength_lineage,1,1
CL_CHECK,ck_strength_lineage,1,1
CL_CHECK,ck_strength_lineage,1,1
CL_CHECK,ck_strength_lineage,1,1
CL_CHECK,ck_strength_lineage,1,1
CL_CHECK,ck_strength_lineage,1,1
CL_CHECK,ck_strength_lineage,1,1
CL_CHECK,ck_strength_lineage,1,1
CL_CHECK,ck_strength_lineage,1,1
CL_CHECK,ck_strength_lineage,1,1
CL_CHECK,ck_strength_lineage,1,1
CL_CHECK,ck_strength_lineage,1,1
CL_CHECK,ck_strength_lineage,1,1
CL_CHECK,ck_strength_lineage,1,1
CL_CHECK,ck_strength_lineage,1,1
CL_CHECK,ck_strength_lineage,1,1
CL_CHECK,ck_strength_lineage,1,1
CL_CHECK,ck_strength_lineage,1,1
CL_CHECK,ck_strength_lineage,1,1
CL_CHECK,ck_strength_lineage,1,1
CL_CHECK,ck_strength_lineage,1,1
CL_CHECK,ck_strength_lineage,1,1
CL_CHECK,ck_strength_lineage,1,1
CL_CHECK,ck_strength_lineage,1,1
CL_CHECK,ck_strength_lineage,1,1
CL_CHECK,ck_strength_lineage,1,1
CL_CHECK,ck_strength_lineage,1,1
CL_CHECK,ck_strength_lineage,1,1
CL_CHECK,ck_strength_lineage,1,1
CL_CHECK,ck_strength_lineage,1,1
CL_CHECK,ck_strength_lineage,1,1
CL_CHECK,ck_strength_lineage,1,1
CL_CHECK,ck_strength_lineage,1,1
CL_CHECK,ck_strength_lineage,1,1
CL_CHECK,ck_strength_lineage,1,1
CL_CHECK,ck_strength_lineage,1,1
CL_CHECK,ck_strength_lineage,1,1
CL_CHECK,ck_strength_lineage,1,1
CL_CHECK,ck_strength_lineage,1,1
CL_CHECK,ck_strength_lineage,1,1
CL_CHECK,ck_strength_lineage,1,1
CL_CHECK,ck_strength_lineage,1,1
CL_CHECK,ck_strength_lineage,1,1
CL_CHECK,ck_strength_lineage,1,1
CL_CHECK,ck_strength_lineage,1,1
CL_CHECK,ck_strength_lineage,1,1
CL_CHECK,ck_strength_lineage,1,1
CL_CHECK,ck_strength_lineage,1,1
CL_CHECK,ck_strength_lineage,1,1
CL_CHECK,ck_strength_lineage,1,1
CL_CHECK,ck_strength_lineage,1,1
CL_CHECK,ck_strength_lineage,1,1
CL_CHECK,ck_strength_lineage,1,1
CL_CHECK,ck_strength_lineage,1,1
CL_CHECK,ck_strength_lineage,1,1
CL_CHECK,ck_strength_lineage,1,1
CL_CHECK,ck_strength_lineage,1,1
CL_CHECK,ck_strength_lineage,1,1
CL_CHECK,ck_strength_lineage,1,1
CL_CHECK,ck_strength_lineage,1,1
CL_CHECK,ck_strength_lineage,1,1
CL_CHECK,ck_strength_lineage,1,1
CL_CHECK,ck_strength_lineage,1,1
CL_CHECK,ck_strength_lineage,1,1
CL_CHECK,ck_strength_lineage,1,1
CL_CHECK,ck_strength_lineage,1,1
CL_CHECK,ck_strength_lineage,1,1
CL_CHECK,ck_strength_lineage,1,1
CL_CHECK,ck_strength_lineage,1,1
CL_CHECK,ck_strength_lineage,1,1
CL_CHECK,ck_strength_lineage,1,1
CL_CHECK,ck_strength_lineage,1,1
CL_CHECK,ck_strength_lineage,1,1
CL_CHECK,ck_strength_lineage,1,1
CL_CHECK,ck_strength_lineage,1,1
CL_CHECK,ck_strength_lineage,1,1
CL_CHECK,ck_strength_lineage,1,1
CL_CHECK,ck_strength_lineage,1,1
CL_CHECK,ck_strength_lineage,1,1
CL_CHECK,ck_strength_lineage,1,1
CL_CHECK,ck_strength_lineage,1,1
CL_CHECK,ck_strength_lineage,1,1
CL_CHECK,ck_strength_lineage,1,1
CL_CHECK,ck_strength_lineage,1,1
CL_CHECK,ck_strength_lineage,1,1
CL_CHECK,ck_strength_lineage,1,1
CL_CHECK,ck_strength_lineage,1,1
CL_CHECK,ck_strength_lineage,1,1
CL_CHECK,ck_strength_lineage,1,1
CL_CHECK,ck_strength_lineage,1,1
CL_CHECK,ck_strength_lineage,1,1
CL_CHECK,ck_strength_lineage,1,1
CL_CHECK,ck_strength_lineage,1,1
CL_CHECK,ck_strength_lineage,1,1
CL_CHECK,ck_strength_lineage,1,1
CL_CHECK,ck_strength_lineage,1,1
CL_CHECK,ck_strength_lineage,1,1
CL_CHECK,ck_strength_lineage,1,1
CL_CHECK,ck_strength_lineage,1,1
CL_CHECK,ck_strength_lineage,1,1
CL_CHECK,ck_strength_lineage,1,1
CL_CHECK,ck_strength_lineage,1,1
CL_CHECK,ck_strength_lineage,1,1
CL_CHECK,ck_strength_lineage,1,1
CL_CHECK,ck_strength_lineage,1,1
CL_CHECK,ck_strength_lineage,1,1
CL_CHECK,ck_strength_lineage,1,1
CL_CHECK,ck_strength_lineage,1,1
CL_CHECK,ck_strength_lineage,1,1
CL_CHECK,ck_strength_lineage,1,1
CL_CHECK,ck_strength_lineage,1,1
CL_CHECK,ck_strength_lineage,1,1
CL_CHECK,ck_strength_lineage,1,1
CL_CHECK,ck_strength_lineage,1,1
CL_CHECK,ck_strength_lineage,1,1
CL_CHECK,ck_strength_lineage,1,1
CL_CHECK,ck_strength_lineage,1,1
CL_CHECK,ck_strength_lineage,1,1
CL_CHECK,ck_strength_lineage,1,1
CL_CHECK,ck_strength_lineage,1,1
CL_CHECK,ck_strength_lineage,1,1
CL_CHECK,ck_strength_lineage,1,1
CL_CHECK,ck_strength_lineage,1,1
CL_CHECK,ck_strength_lineage,1,1
CL_CHECK,ck_strength_lineage,1,1
CL_CHECK,ck_strength_lineage,1,1
CL_CHECK,ck_strength_lineage,1,1
CL_CHECK,ck_strength_lineage,1,1
CL_CHECK,ck_strength_lineage,1,1
CL_CHECK,ck_strength_lineage,1,1
CL_CHECK,ck_strength_lineage,1,1
CL_CHECK,ck_strength_lineage,1,1
CL_CHECK,ck_strength_lineage,1,1
CL_CHECK,ck_strength_lineage,1,1
CL_CHECK,ck_strength_lineage,1,1
CL_CHECK,ck_strength_lineage,1,1
CL_CHECK,ck_strength_lineage,1,1
CL_CHECK,ck_strength_lineage,1,1
CL_CHECK,ck_strength_lineage,1,1
CL_CHECK,ck_strength_lineage,1,1
CL_CHECK,ck_strength_lineage,1,1
CL_CHECK,ck_strength_lineage,1,1
CL_CHECK,ck_strength_lineage,1,1
CL_CHECK,ck_strength_lineage,1,1
CL_CHECK,ck_strength_lineage,1,1
CL_CHECK,ck_strength_lineage,1,1
CL_CHECK,ck_strength_lineage,1,1
CL_CHECK,ck_strength_lineage,1,1
CL_CHECK,ck_strength_lineage,1,1
CL_CHECK,ck_strength_lineage,1,1
CL_CHECK,ck_strength_lineage,1,1
CL_CHECK,ck_strength_lineage,1,1
CL_CHECK,ck_strength_lineage,1,1
CL_CHECK,ck_strength_lineage,1,1
CL_CHECK,ck_strength_lineage,1,1
CL_CHECK,ck_strength_lineage,1,1
CL_CHECK,ck_strength_lineage,1,1
CL_CHECK,ck_strength_lineage,1,1
CL_CHECK,ck_strength_lineage,1,1
CL_CHECK,ck_strength_lineage,1,1
CL_CHECK,ck_strength_lineage,1,1
CL_CHECK,ck_strength_lineage,1,1
CL_CHECK,ck_strength_lineage,1,1
CL_CHECK,ck_strength_lineage,1,1
CL_CHECK,ck_strength_lineage,1,1
CL_CHECK,ck_strength_lineage,1,1
CL_CHECK,ck_strength_lineage,1,1
CL_CHECK,ck_strength_lineage,1,1
CL_CHECK,ck_strength_lineage,1,1
CL_CHECK,ck_strength_lineage,1,1
CL_CHECK,ck_strength_lineage,1,1
CL_CHECK,ck_strength_lineage,1,1
CL_CHECK,ck_strength_lineage,1,1
CL_CHECK,ck_strength_lineage,1,1
CL_CHECK,ck_strength_lineage,1,1
CL_CHECK,ck_strength_lineage,1,1
CL_CHECK,ck_strength_lineage,1,1
CL_CHECK,ck_strength_lineage,1,1
CL_CHECK,ck_strength_lineage,1,1
CL_CHECK,ck_strength_lineage,1,1
CL_CHECK,ck_strength_lineage,1,1
CL_CHECK,ck_strength_lineage,1,1
CL_CHECK,ck_strength_lineage,1,1
CL_CHECK,ck_strength_lineage,1,1
CL_CHECK,ck_strength_lineage,1,1
CL_CHECK,ck_strength_lineage,1,1
CL_CHECK,ck_strength_lineage,1,1
CL_CHECK,ck_strength_lineage,1,1
CL_CHECK,ck_strength_lineage,1,1
CL_CHECK,ck_strength_lineage,1,1
CL_CHECK,ck_strength_lineage,1,1
CL_CHECK,ck_strength_lineage,1,1
CL_CHECK,ck_strength_lineage,1,1
CL_CHECK,ck_strength_lineage,1,1
CL_CHECK,ck_strength_lineage,1,1
CL_CHECK,ck_strength_lineage,1,1
CL_CHECK,ck_strength_lineage,1,1
CL_CHECK,ck_strength_lineage,1,1
CL_CHECK,ck_strength_lineage,1,1
CL_CHECK,ck_strength_lineage,1,1
CL_CHECK,ck_strength_lineage,1,1
CL_CHECK,ck_strength_lineage,1,1
CL_CHECK,ck_strength_lineage,1,1
CL_CHECK,ck_strength_lineage,1,1
CL_CHECK,ck_strength_lineage,1,1
CL_CHECK,ck_strength_lineage,1,1
CL_CHECK,ck_strength_lineage,1,1
CL_CHECK,ck_strength_lineage,1,1
CL_CHECK,ck_strength_lineage,1,1
CL_CHECK,ck_strength_lineage,1,1
CL_CHECK,ck_strength_lineage,1,1
CL_CHECK,ck_strength_lineage,1,1
CL_CHECK,ck_strength_lineage,1,1
CL_CHECK,ck_strength_lineage,1,1
CL_CHECK,ck_strength_lineage,1,1
CL_CHECK,ck_strength_lineage,1,1
CL_CHECK,ck_strength_lineage,1,1
CL_CHECK,ck_strength_lineage,1,1
CL_CHECK,ck_strength_lineage,1,1
CL_CHECK,ck_strength_lineage,1,1
CL_CHECK,ck_strength_lineage,1,1
CL_CHECK,ck_strength_lineage,1,1
CL_CHECK,ck_strength_lineage,1,1
CL_CHECK,ck_strength_lineage,1,1
CL_CHECK,ck_strength_lineage,1,1
CL_CHECK,ck_strength_lineage,1,1
CL_CHECK,ck_strength_lineage,1,1
CL_CHECK,ck_strength_lineage,1,1
CL_CHECK,ck_strength_lineage,1,1
CL_CHECK,ck_strength_lineage,1,1
CL_CHECK,ck_strength_lineage,1,1
CL_CHECK,ck_strength_lineage,1,1
CL_CHECK,ck_strength_lineage,1,1
CL_CHECK,ck_strength_lineage,1,1
CL_CHECK,ck_strength_lineage,1,1
CL_CHECK,ck_strength_lineage,1,1
CL_CHECK,ck_strength_lineage,1,1
CL_CHECK,ck_strength_lineage,1,1
CL_CHECK,ck_strength_lineage,1,1
CL_CHECK,ck_strength_lineage,1,1
CL_CHECK,ck_strength_lineage,1,1
CL_CHECK,ck_strength_lineage,1,1
CL_CHECK,ck_strength_lineage,1,1
CL_CHECK,ck_strength_lineage,1,1
CL_CHECK,ck_strength_lineage,1,1
CL_CHECK,ck_strength_lineage,1,1
CL_CHECK,ck_strength_lineage,1,1
CL_CHECK,ck_strength_lineage,1,1
CL_CHECK,ck_strength_lineage,1,1
CL_CHECK,ck_strength_lineage,1,1
CL_CHECK,ck_strength_lineage,1,1
CL_CHECK,ck_strength_lineage,1,1
CL_CHECK,ck_strength_lineage,1,1
CL_CHECK,ck_strength_lineage,1,1
CL_CHECK,ck_strength_lineage,1,1
CL_CHECK,ck_strength_lineage,1,1
CL_CHECK,ck_strength_lineage,1,1
CL_CHECK,ck_strength_lineage,1,1
CL_CHECK,ck_strength_lineage,1,1
CL_CHECK,ck_strength_lineage,1,1
CL_CHECK,ck_strength_lineage,1,1
CL_CHECK,ck_strength_lineage,1,1
CL_CHECK,ck_strength_lineage,1,1
CL_CHECK,ck_strength_lineage,1,1
CL_CHECK,ck_strength_lineage,1,1
CL_CHECK,ck_strength_lineage,1,1
CL_CHECK,ck_strength_lineage,1,1
CL_CHECK,ck_strength_lineage,1,1
CL_CHECK,ck_strength_lineage,1,1
CL_CHECK,ck_strength_lineage,1,1
CL_CHECK,ck_strength_lineage,1,1
CL_CHECK,ck_strength_lineage,1,1
CL_CHECK,ck_strength_lineage,1,1
CL_CHECK,ck_strength_lineage,1,1
CL_CHECK,ck_strength_lineage,1,1
CL_CHECK,ck_strength_lineage,1,1
CL_CHECK,ck_strength_lineage,1,1
CL_CHECK,ck_strength_lineage,1,1
CL_CHECK,ck_strength_lineage,1,1
CL_CHECK,ck_strength_lineage,1,1
CL_CHECK,ck_strength_lineage,1,1
CL_CHECK,ck_strength_lineage,1,1
CL_CHECK,ck_strength_lineage,1,1
CL_CHECK,ck_strength_lineage,1,1
CL_CHECK,ck_strength_lineage,1,1
CL_CHECK,ck_strength_lineage,1,1
CL_CHECK,ck_strength_lineage,1,1
CL_CHECK,ck_strength_lineage,1,1
CL_CHECK,ck_strength_lineage,1,1
CL_CHECK,ck_strength_lineage,1,1
CL_CHECK,ck_strength_lineage,1,1
CL_CHECK,ck_strength_lineage,1,1
CL_CHECK,ck_strength_lineage,1,1
CL_CHECK,ck_strength_lineage,1,1
CL_CHECK,ck_strength_lineage,1,1
CL_CHECK,ck_strength_lineage,1,1
CL_CHECK,ck_strength_lineage,1,1
CL_CHECK,ck_strength_lineage,1,1
CL_CHECK,ck_strength_lineage,1,1
CL_CHECK,ck_strength_lineage,1,1
CL_CHECK,ck_strength_lineage,1,1
CL_CHECK,ck_strength_lineage,1,1
CL_CHECK,ck_strength_lineage,1,1
CL_CHECK,ck_strength_lineage,1,1
CL_CHECK,ck_strength_lineage,1,1
CL_CHECK,ck_strength_lineage,1,1
CL_CHECK,ck_strength_lineage,1,1
CL_CHECK,ck_strength_lineage,1,1
CL_CHECK,ck_strength_lineage,1,1
CL_CHECK,ck_strength_lineage,1,1
CL_CHECK,ck_strength_lineage,1,1
CL_CHECK,ck_strength_lineage,1,1
CL_CHECK,ck_strength_lineage,1,1
CL_CHECK,ck_strength_lineage,1,1
CL_CHECK,ck_strength_lineage,1,1
CL_CHECK,ck_strength_lineage,1,1
CL_CHECK,ck_strength_lineage,1,1
CL_CHECK,ck_strength_lineage,1,1
CL_CHECK,ck_strength_lineage,1,1
CL_CHECK,ck_strength_lineage,1,1
CL_CHECK,ck_strength_lineage,1,1
CL_CHECK,ck_strength_lineage,1,1
CL_CHECK,ck_strength_lineage,1,1
CL_CHECK,ck_strength_lineage,1,1
CL_CHECK,ck_strength_lineage,1,1
CL_CHECK,ck_strength_lineage,1,1
CL_CHECK,ck_strength_lineage,1,1
CL_CHECK,ck_strength_lineage,1,1
CL_CHECK,ck_strength_lineage,1,1
CL_CHECK,ck_strength_lineage,1,1
CL_CHECK,ck_strength_lineage,1,1
CL_CHECK,ck_strength_lineage,1,1
CL_CHECK,ck_strength_lineage,1,1
CL_CHECK,ck_strength_lineage,1,1
CL_CHECK,ck_strength_lineage,1,1
CL_CHECK,ck_strength_lineage,1,1
CL_CHECK,ck_strength_lineage,1,1
CL_CHECK,ck_strength_lineage,1,1
CL_CHECK,ck_strength_lineage,1,1
CL_CHECK,ck_strength_lineage,1,1
CL_CHECK,ck_strength_lineage,1,1
CL_CHECK,ck_strength_lineage,1,1
CL_CHECK,ck_strength_lineage,1,1
CL_CHECK,ck_strength_lineage,1,1
CL_CHECK,ck_strength_lineage,1,1
CL_CHECK,ck_strength_lineage,1,1
CL_CHECK,ck_strength_lineage,1,1
CL_CHECK,ck_strength_lineage,1,1
CL_CHECK,ck_strength_lineage,1,1
CL_CHECK,ck_strength_lineage,1,1
CL_CHECK,ck_strength_lineage,1,1
CL_CHECK,ck_strength_lineage,1,1
CL_CHECK,ck_strength_lineage,1,1
CL_CHECK,ck_strength_lineage,1,1
CL_CHECK,ck_strength_lineage,1,1
CL_CHECK,ck_strength_lineage,1,1
CL_CHECK,ck_strength_lineage,1,1
CL_CHECK,ck_strength_lineage,1,1
CL_CHECK,ck_strength_lineage,1,1
CL_CHECK,ck_strength_lineage,1,1
CL_CHECK,ck_strength_lineage,1,1
CL_CHECK,ck_strength_lineage,1,1
CL_CHECK,ck_strength_lineage,1,1
CL_CHECK,ck_strength_lineage,1,1
CL_CHECK,ck_strength_lineage,1,1
CL_CHECK,ck_strength_lineage,1,1
CL_CHECK,ck_strength_lineage,1,1
CL_CHECK,ck_strength_lineage,1,1
CL_CHECK,ck_strength_lineage,1,1
CL_CHECK,ck_strength_lineage,1,1
CL_CHECK,ck_strength_lineage,1,1
CL_CHECK,ck_strength_lineage,1,1
CL_CHECK,ck_strength_lineage,1,1
CL_CHECK,ck_strength_lineage,1,1
CL_CHECK,ck_strength_lineage,1,1
CL_CHECK,ck_strength_lineage,1,1
CL_CHECK,ck_strength_lineage,1,1
CL_CHECK,ck_strength_lineage,1,1
CL_CHECK,ck_strength_lineage,1,1
CL_CHECK,ck_strength_lineage,1,1
CL_CHECK,ck_strength_lineage,1,1
CL_CHECK,ck_strength_lineage,1,1
CL_CHECK,ck_strength_lineage,1,1
CL_CHECK,ck_strength_lineage,1,1
CL_CHECK,ck_strength_lineage,1,1
CL_CHECK,ck_strength_lineage,1,1
CL_CHECK,ck_strength_lineage,1,1
CL_CHECK,ck_strength_lineage,1,1
CL_CHECK,ck_strength_lineage,1,1
CL_CHECK,ck_strength_lineage,1,1
CL_CHECK,ck_strength_lineage,1,1
CL_CHECK,ck_strength_lineage,1,1
CL_CHECK,ck_strength_lineage,1,1
CL_CHECK,ck_strength_lineage,1,1
CL_CHECK,ck_strength_lineage,1,1
CL_CHECK,ck_strength_lineage,1,1
CL_CHECK,ck_strength_lineage,1,1
CL_CHECK,ck_strength_lineage,1,1
CL_CHECK,ck_strength_lineage,1,1
CL_CHECK,ck_strength_lineage,1,1
CL_CHECK,ck_strength_lineage,1,1
CL_CHECK,ck_strength_lineage,1,1
CL_CHECK,ck_strength_lineage,1,1
CL_CHECK,ck_strength_lineage,1,1
CL_CHECK,ck_strength_lineage,1,1
CL_CHECK,ck_strength_lineage,1,1
CL_CHECK,ck_strength_lineage,1,1
CL_CHECK,ck_strength_lineage,1,1
CL_CHECK,ck_strength_lineage,1,1
CL_CHECK,ck_strength_lineage,1,1
CL_CHECK,ck_strength_lineage,1,1
CL_CHECK,ck_strength_lineage,1,1
CL_CHECK,ck_strength_lineage,1,1
CL_CHECK,ck_strength_lineage,1,1
CL_CHECK,ck_strength_lineage,1,1
CL_CHECK,ck_strength_lineage,1,1
CL_CHECK,ck_strength_lineage,1,1
CL_CHECK,ck_strength_lineage,1,1
CL_CHECK,ck_strength_lineage,1,1
CL_CHECK,ck_strength_lineage,1,1
CL_CHECK,ck_strength_lineage,1,1
CL_CHECK,ck_strength_lineage,1,1
CL_CHECK,ck_strength_lineage,1,1
CL_CHECK,ck_strength_lineage,1,1
CL_CHECK,ck_strength_lineage,1,1
CL_CHECK,ck_strength_lineage,1,1
CL_CHECK,ck_strength_lineage,1,1
CL_CHECK,ck_strength_lineage,1,1
CL_CHECK,ck_strength_lineage,1,1
CL_CHECK,ck_strength_lineage,1,1
CL_CHECK,ck_strength_lineage,1,1
CL_CHECK,ck_strength_lineage,1,1
CL_CHECK,ck_strength_lineage,1,1
CL_CHECK,ck_strength_lineage,1,1
CL_CHECK,ck_strength_lineage,1,1
CL_CHECK,ck_strength_lineage,1,1
CL_CHECK,ck_strength_lineage,1,1
CL_CHECK,ck_strength_lineage,1,1
CL_CHECK,ck_strength_lineage,1,1
CL_CHECK,ck_strength_lineage,1,1
CL_CHECK,ck_strength_lineage,1,1
CL_CHECK,ck_strength_lineage,1,1
CL_CHECK,ck_strength_lineage,1,1
CL_CHECK,ck_strength_lineage,1,1
CL_CHECK,ck_strength_lineage,1,1
CL_CHECK,ck_strength_lineage,1,1
CL_CHECK,ck_strength_lineage,1,1
CL_CHECK,ck_strength_lineage,1,1
CL_CHECK,ck_strength_lineage,1,1
CL_CHECK,ck_strength_lineage,1,1
CL_CHECK,ck_strength_lineage,1,1
CL_CHECK,ck_strength_lineage,1,1
CL_CHECK,ck_strength_lineage,1,1
CL_CHECK,ck_strength_lineage,1,1
CL_CHECK,ck_strength_lineage,1,1
CL_CHECK,ck_strength_lineage,1,1
CL_CHECK,ck_strength_lineage,1,1
CL_CHECK,ck_strength_lineage,1,1
CL_CHECK,ck_strength_lineage,1,1
CL_CHECK,ck_strength_lineage,1,1
CL_CHECK,ck_strength_lineage,1,1
CL_CHECK,ck_strength_lineage,1,1
CL_CHECK,ck_strength_lineage,1,1
CL_CHECK,ck_strength_lineage,1,1
CL_CHECK,ck_strength_lineage,1,1
CL_CHECK,ck_strength_lineage,1,1
CL_CHECK,ck_strength_lineage,1,1
CL_CHECK,ck_strength_lineage,1,1
CL_CHECK,ck_strength_lineage,1,1
CL_CHECK,ck_strength_lineage,1,1
CL_CHECK,ck_strength_lineage,1,1
CL_CHECK,ck_strength_lineage,1,1
CL_CHECK,ck_strength_lineage,1,1
CL_CHECK,ck_strength_lineage,1,1
CL_CHECK,ck_strength_lineage,1,1
CL_CHECK,ck_strength_lineage,1,1
CL_CHECK,ck_strength_lineage,1,1
CL_CHECK,ck_strength_lineage,1,1
CL_CHECK,ck_strength_lineage,1,1
CL_CHECK,ck_strength_lineage,1,1
CL_CHECK,ck_strength_lineage,1,1
CL_CHECK,ck_strength_lineage,1,1
CL_CHECK,ck_strength_lineage,1,1
CL_CHECK,ck_strength_lineage,1,1
CL_CHECK,ck_strength_lineage,1,1
CL_CHECK,ck_strength_lineage,1,1
CL_CHECK,ck_strength_lineage,1,1
CL_CHECK,ck_strength_lineage,1,1
CL_CHECK,ck_strength_lineage,1,1
CL_CHECK,ck_strength_lineage,1,1
CL_CHECK,ck_strength_lineage,1,1
CL_CHECK,ck_strength_lineage,1,1
CL_CHECK,ck_strength_lineage,1,1
CL_CHECK,ck_strength_lineage,1,1
CL_CHECK,ck_strength_lineage,1,1
CL_CHECK,ck_strength_lineage,1,1
CL_CHECK,ck_strength_lineage,1,1
CL_CHECK,ck_strength_lineage,1,1
CL_CHECK,ck_strength_lineage,1,1
CL_CHECK,ck_strength_lineage,1,1
CL_CHECK,ck_strength_lineage,1,1
CL_CHECK,ck_strength_lineage,1,1
CL_CHECK,ck_strength_lineage,1,1
CL_CHECK,ck_strength_lineage,1,1
CL_CHECK,ck_strength_lineage,1,1
CL_CHECK,ck_strength_lineage,1,1
CL_CHECK,ck_strength_lineage,1,1
CL_CHECK,ck_strength_lineage,1,1
CL_CHECK,ck_strength_lineage,1,1
CL_CHECK,ck_strength_lineage,1,1
CL_CHECK,ck_strength_lineage,1,1
CL_CHECK,ck_strength_lineage,1,1
CL_CHECK,ck_strength_lineage,1,1
CL_CHECK,ck_strength_lineage,1,1
CL_CHECK,ck_strength_lineage,1,1
CL_CHECK,ck_strength_lineage,1,1
CL_CHECK,ck_strength_lineage,1,1
CL_CHECK,ck_strength_lineage,1,1
CL_CHECK,ck_strength_lineage,1,1
CL_CHECK,ck_strength_lineage,1,1
CL_CHECK,ck_strength_lineage,1,1
CL_CHECK,ck_strength_lineage,1,1
CL_CHECK,ck_strength_lineage,1,1
CL_CHECK,ck_strength_lineage,1,1
CL_CHECK,ck_strength_lineage,1,1
CL_CHECK,ck_strength_lineage,1,1
CL_CHECK,ck_strength_lineage,1,1
CL_CHECK,ck_strength_lineage,1,1
CL_CHECK,ck_strength_lineage,1,1
CL_CHECK,ck_strength_lineage,1,1
CL_CHECK,ck_strength_lineage,1,1
CL_CHECK,ck_strength_lineage,1,1
CL_CHECK,ck_strength_lineage,1,1
CL_CHECK,ck_strength_lineage,1,1
CL_CHECK,ck_strength_lineage,1,1
CL_CHECK,ck_strength_lineage,1,1
CL_CHECK,ck_strength_lineage,1,1
CL_CHECK,ck_strength_lineage,1,1
CL_CHECK,ck_strength_lineage,1,1
CL_CHECK,ck_strength_lineage,1,1
CL_CHECK,ck_strength_lineage,1,1
CL_CHECK,ck_strength_lineage,1,1
CL_CHECK,ck_strength_lineage,1,1
CL_CHECK,ck_strength_lineage,1,1
CL_CHECK,ck_strength_lineage,1,1
CL_CHECK,ck_strength_lineage,1,1
CL_CHECK,ck_strength_lineage,1,1
CL_CHECK,ck_strength_lineage,1,1
CL_CHECK,ck_strength_lineage,1,1
CL_CHECK,ck_strength_lineage,1,1
CL_CHECK,ck_strength_lineage,1,1
CL_CHECK,ck_strength_lineage,1,1
CL_CHECK,ck_strength_lineage,1,1
CL_CHECK,ck_strength_lineage,1,1
CL_CHECK,ck_strength_lineage,1,1
CL_CHECK,ck_strength_lineage,1,1
CL_CHECK,ck_strength_lineage,1,1
CL_CHECK,ck_strength_lineage,1,1
CL_CHECK,ck_strength_lineage,1,1
CL_CHECK,ck_strength_lineage,1,1
CL_CHECK,ck_strength_lineage,1,1
CL_CHECK,ck_strength_lineage,1,1
CL_CHECK,ck_strength_lineage,1,1
CL_CHECK,ck_strength_lineage,1,1
CL_CHECK,ck_strength_lineage,1,1
CL_CHECK,ck_strength_lineage,1,1
CL_CHECK,ck_strength_lineage,1,1
CL_CHECK,ck_strength_lineage,1,1
CL_CHECK,ck_strength_lineage,1,1
CL_CHECK,ck_strength_lineage,1,1
CL_CHECK,ck_strength_lineage,1,1
CL_CHECK,ck_strength_lineage,1,1
CL_CHECK,ck_strength_lineage,1,1
CL_CHECK,ck_strength_lineage,1,1
CL_CHECK,ck_strength_lineage,1,1
CL_CHECK,ck_strength_lineage,1,1
CL_CHECK,ck_strength_lineage,1,1
CL_CHECK,ck_strength_lineage,1,1
CL_CHECK,ck_strength_lineage,1,1
CL_CHECK,ck_strength_lineage,1,1
CL_CHECK,ck_strength_lineage,1,1
CL_CHECK,ck_strength_lineage,1,1
CL_CHECK,ck_strength_lineage,1,1
CL_CHECK,ck_strength_lineage,1,1
CL_CHECK,ck_strength_lineage,1,1
CL_CHECK,ck_strength_lineage,1,1
CL_CHECK,ck_strength_lineage,1,1
CL_CHECK,ck_strength_lineage,1,1
CL_CHECK,ck_strength_lineage,1,1
CL_CHECK,ck_strength_lineage,1,1
CL_CHECK,ck_strength_lineage,1,1
CL_CHECK,ck_strength_lineage,1,1
CL_CHECK,ck_strength_lineage,1,1
CL_CHECK,ck_strength_lineage,1,1
CL_CHECK,ck_strength_lineage,1,1
CL_CHECK,ck_strength_lineage,1,1
CL_CHECK,ck_strength_lineage,1,1
CL_CHECK,ck_strength_lineage,1,1
CL_CHECK,ck_strength_lineage,1,1
CL_CHECK,ck_strength_lineage,1,1
CL_CHECK,ck_strength_lineage,1,1
CL_CHECK,ck_strength_lineage,1,1
CL_CHECK,ck_strength_lineage,1,1
CL_CHECK,ck_strength_lineage,1,1
CL_CHECK,ck_strength_lineage,1,1
CL_CHECK,ck_strength_lineage,1,1
CL_CHECK,ck_strength_lineage,1,1
CL_CHECK,ck_strength_lineage,1,1
CL_CHECK,ck_strength_lineage,1,1
CL_CHECK,ck_strength_lineage,1,1
CL_CHECK,ck_strength_lineage,1,1
CL_CHECK,ck_strength_lineage,1,1
CL_CHECK,ck_strength_lineage,1,1
CL_CHECK,ck_strength_lineage,1,1
CL_CHECK,ck_strength_lineage,1,1
CL_CHECK,ck_strength_lineage,1,1
CL_CHECK,ck_strength_lineage,1,1
CL_CHECK,ck_strength_lineage,1,1
CL_CHECK,ck_strength_lineage,1,1
CL_CHECK,ck_strength_lineage,1,1
CL_CHECK,ck_strength_lineage,1,1
CL_CHECK,ck_strength_lineage,1,1
CL_CHECK,ck_strength_lineage,1,1
CL_CHECK,ck_strength_lineage,1,1
CL_CHECK,ck_strength_lineage,1,1
CL_CHECK,ck_strength_lineage,1,1
CL_CHECK,ck_strength_lineage,1,1
CL_CHECK,ck_strength_lineage,1,1
CL_CHECK,ck_strength_lineage,1,1
CL_CHECK,ck_strength_lineage,1,1
CL_CHECK,ck_strength_lineage,1,1
CL_CHECK,ck_strength_lineage,1,1
CL_CHECK,ck_strength_lineage,1,1
CL_CHECK,ck_strength_lineage,1,1
CL_CHECK,ck_strength_lineage,1,1
CL_CHECK,ck_strength_lineage,1,1
CL_CHECK,ck_strength_lineage,1,1
CL_CHECK,ck_strength_lineage,1,1
CL_CHECK,ck_strength_lineage,1,1
CL_CHECK,ck_strength_lineage,1,1
CL_CHECK,ck_strength_lineage,1,1
CL_CHECK,ck_strength_lineage,1,1
CL_CHECK,ck_strength_lineage,1,1
CL_CHECK,ck_strength_lineage,1,1
CL_CHECK,ck_strength_lineage,1,1
CL_CHECK,ck_strength_lineage,1,1
CL_CHECK,ck_strength_lineage,1,1
CL_CHECK,ck_strength_lineage,1,1
CL_CHECK,ck_strength_lineage,1,1
CL_CHECK,ck_strength_lineage,1,1
CL_CHECK,ck_strength_lineage,1,1
CL_CHECK,ck_strength_lineage,1,1
CL_CHECK,ck_strength_lineage,1,1
CL_CHECK,ck_strength_lineage,1,1
CL_CHECK,ck_strength_lineage,1,1
CL_CHECK,ck_strength_lineage,1,1
CL_CHECK,ck_strength_lineage,1,1
CL_CHECK,ck_strength_lineage,1,1
CL_CHECK,ck_strength_lineage,1,1
CL_CHECK,ck_strength_lineage,1,1
CL_CHECK,ck_strength_lineage,1,1
CL_CHECK,ck_strength_lineage,1,1
CL_CHECK,ck_strength_lineage,1,1
CL_CHECK,ck_strength_lineage,1,1
CL_CHECK,ck_strength_lineage,1,1
CL_CHECK,ck_strength_lineage,1,1
CL_CHECK,ck_strength_lineage,1,1
CL_CHECK,ck_strength_lineage,1,1
CL_CHECK,ck_strength_lineage,1,1
CL_CHECK,ck_strength_lineage,1,1
CL_CHECK,ck_strength_lineage,1,1
CL_CHECK,ck_strength_lineage,1,1
CL_CHECK,ck_strength_lineage,1,1
CL_CHECK,ck_strength_lineage,1,1
CL_CHECK,ck_strength_lineage,1,1
CL_CHECK,ck_strength_lineage,1,1
CL_CHECK,ck_strength_lineage,1,1
CL_CHECK,ck_strength_lineage,1,1
CL_CHECK,ck_strength_lineage,1,1
CL_CHECK,ck_strength_lineage,1,1
CL_CHECK,ck_strength_lineage,1,1
CL_CHECK,ck_strength_lineage,1,1
CL_CHECK,ck_strength_lineage,1,1
CL_CHECK,ck_strength_lineage,1,1
CL_CHECK,ck_strength_lineage,1,1
CL_CHECK,ck_strength_lineage,1,1
CL_CHECK,ck_strength_lineage,1,1
CL_CHECK,ck_strength_lineage,1,1
CL_CHECK,ck_strength_lineage,1,1
CL_CHECK,ck_strength_lineage,1,1
CL_CHECK,ck_strength_lineage,1,1
CL_CHECK,ck_strength_lineage,1,1
CL_CHECK,ck_strength_lineage,1,1
CL_CHECK,ck_strength_lineage,1,1
CL_CHECK,ck_strength_lineage,1,1
CL_CHECK,ck_strength_lineage,1,1
CL_CHECK,ck_strength_lineage,1,1
CL_CHECK,ck_strength_lineage,1,1
CL_CHECK,ck_strength_lineage,1,1
CL_CHECK,ck_strength_lineage,1,1
CL_CHECK,ck_strength_lineage,1,1
CL_CHECK,ck_strength_lineage,1,1
CL_CHECK,ck_strength_lineage,1,1
CL_CHECK,ck_strength_lineage,1,1
CL_CHECK,ck_strength_lineage,1,1
CL_CHECK,ck_strength_lineage,1,1
CL_CHECK,ck_strength_lineage,1,1
CL_CHECK,ck_strength_lineage,1,1
CL_CHECK,ck_strength_lineage,1,1
CL_CHECK,ck_strength_lineage,1,1
CL_CHECK,ck_strength_lineage,1,1
CL_CHECK,ck_strength_lineage,1,1
CL_CHECK,ck_strength_lineage,1,1
CL_CHECK,ck_strength_lineage,1,1
CL_CHECK,ck_strength_lineage,1,1
CL_CHECK,ck_strength_lineage,1,1
CL_CHECK,ck_strength_lineage,1,1
CL_CHECK,ck_strength_lineage,1,1
CL_CHECK,ck_strength_lineage,1,1
CL_CHECK,ck_strength_lineage,1,1
CL_CHECK,ck_strength_lineage,1,1
CL_CHECK,ck_strength_lineage,1,1
CL_CHECK,ck_strength_lineage,1,1
CL_CHECK,ck_strength_lineage,1,1
CL_CHECK,ck_strength_lineage,1,1
CL_CHECK,ck_strength_lineage,1,1
CL_CHECK,ck_strength_lineage,1,1
CL_CHECK,ck_strength_lineage,1,1
CL_CHECK,ck_strength_lineage,1,1
CL_CHECK,ck_strength_lineage,1,1
CL_CHECK,ck_strength_lineage,1,1
CL_CHECK,ck_strength_lineage,1,1
CL_CHECK,ck_strength_lineage,1,1
CL_CHECK,ck_strength_lineage,1,1
CL_CHECK,ck_strength_lineage,1,1
CL_CHECK,ck_strength_lineage,1,1
CL_CHECK,ck_strength_lineage,1,1
CL_CHECK,ck_strength_lineage,1,1
CL_CHECK,ck_strength_lineage,1,1
CL_CHECK,ck_strength_lineage,1,1
CL_CHECK,ck_strength_lineage,1,1
CL_CHECK,ck_strength_lineage,1,1
CL_CHECK,ck_strength_lineage,1,1
CL_CHECK,ck_strength_lineage,1,1
CL_CHECK,ck_strength_lineage,1,1
CL_CHECK,ck_strength_lineage,1,1
CL_CHECK,ck_strength_lineage,1,1
CL_CHECK,ck_strength_lineage,1,1
CL_CHECK,ck_strength_lineage,1,1
CL_CHECK,ck_strength_lineage,1,1
CL_CHECK,ck_strength_lineage,1,1
CL_CHECK,ck_strength_lineage,1,1
CL_CHECK,ck_strength_lineage,1,1
CL_CHECK,ck_strength_lineage,1,1
CL_CHECK,ck_strength_lineage,1,1
CL_CHECK,ck_strength_lineage,1,1
CL_CHECK,ck_strength_lineage,1,1
CL_CHECK,ck_strength_lineage,1,1
CL_CHECK,ck_strength_lineage,1,1
CL_CHECK,ck_strength_lineage,1,1
CL_CHECK,ck_strength_lineage,1,1
CL_CHECK,ck_strength_lineage,1,1
CL_CHECK,ck_strength_lineage,1,1
CL_CHECK,ck_strength_lineage,1,1
CL_CHECK,ck_strength_lineage,1,1
CL_CHECK,ck_strength_lineage,1,1
CL_CHECK,ck_strength_lineage,1,1
CL_CHECK,ck_strength_lineage,1,1
CL_CHECK,ck_strength_lineage,1,1
CL_CHECK,ck_strength_lineage,1,1
CL_CHECK,ck_strength_lineage,1,1
CL_CHECK,ck_strength_lineage,1,1
CL_CHECK,ck_strength_lineage,1,1
CL_CHECK,ck_strength_lineage,1,1
CL_CHECK,ck_strength_lineage,1,1
CL_CHECK,ck_strength_lineage,1,1
CL_CHECK,ck_strength_lineage,1,1
CL_CHECK,ck_strength_lineage,1,1
CL_CHECK,ck_strength_lineage,1,1
CL_CHECK,ck_strength_lineage,1,1
CL_CHECK,ck_strength_lineage,1,1
CL_CHECK,ck_strength_lineage,1,1
CL_CHECK,ck_strength_lineage,1,1
CL_CHECK,ck_strength_lineage,1,1
CL_CHECK,ck_strength_lineage,1,1
CL_CHECK,ck_strength_lineage,1,1
CL_CHECK,ck_strength_lineage,1,1
CL_CHECK,ck_strength_lineage,1,1
CL_CHECK,ck_strength_lineage,1,1
CL_CHECK,ck_strength_lineage,1,1
CL_CHECK,ck_strength_lineage,1,1
CL_CHECK,ck_strength_lineage,1,1
CL_CHECK,ck_strength_lineage,1,1
CL_CHECK,ck_strength_lineage,1,1
CL_CHECK,ck_strength_lineage,1,1
CL_CHECK,ck_strength_lineage,1,1
CL_CHECK,ck_strength_lineage,1,1
CL_CHECK,ck_strength_lineage,1,1
CL_CHECK,ck_strength_lineage,1,1
CL_CHECK,ck_strength_lineage,1,1
CL_CHECK,ck_strength_lineage,1,1
CL_CHECK,ck_strength_lineage,1,1
CL_CHECK,ck_strength_lineage,1,1
CL_CHECK,ck_strength_lineage,1,1
CL_CHECK,ck_strength_lineage,1,1
CL_CHECK,ck_strength_lineage,1,1
CL_CHECK,ck_strength_lineage,1,1
CL_CHECK,ck_strength_lineage,1,1
CL_CHECK,ck_strength_lineage,1,1
CL_CHECK,ck_strength_lineage,1,1
CL_CHECK,ck_strength_lineage,1,1
CL_CHECK,ck_strength_lineage,1,1
CL_CHECK,ck_strength_lineage,1,1
CL_CHECK,ck_strength_lineage,1,1
CL_CHECK,ck_strength_lineage,1,1
CL_CHECK,ck_strength_lineage,1,1
CL_CHECK,ck_strength_lineage,1,1
CL_CHECK,ck_strength_lineage,1,1
CL_CHECK,ck_strength_lineage,1,1
CL_CHECK,ck_strength_lineage,1,1
CL_CHECK,ck_strength_lineage,1,1
CL_CHECK,ck_strength_lineage,1,1
CL_CHECK,ck_strength_lineage,1,1
CL_CHECK,ck_strength_lineage,1,1
CL_CHECK,ck_strength_lineage,1,1
CL_CHECK,ck_strength_lineage,1,1
CL_CHECK,ck_strength_lineage,1,1
CL_CHECK,ck_strength_lineage,1,1
CL_CHECK,ck_strength_lineage,1,1
CL_CHECK,ck_strength_lineage,1,1
CL_CHECK,ck_strength_lineage,1,1
CL_CHECK,ck_strength_lineage,1,1
CL_CHECK,ck_strength_lineage,1,1
CL_CHECK,ck_strength_lineage,1,1
CL_CHECK,ck_strength_lineage,1,1
CL_CHECK,ck_strength_lineage,1,1
CL_CHECK,ck_strength_lineage,1,1
CL_CHECK,ck_strength_lineage,1,1
CL_CHECK,ck_strength_lineage,1,1
CL_CHECK,ck_strength_lineage,1,1
CL_CHECK,ck_strength_lineage,1,1
CL_CHECK,ck_strength_lineage,1,1
CL_CHECK,ck_strength_lineage,1,1
CL_CHECK,ck_strength_lineage,1,1
CL_CHECK,ck_strength_lineage,1,1
CL_CHECK,ck_strength_lineage,1,1
CL_CHECK,ck_strength_lineage,1,1
CL_CHECK,ck_strength_lineage,1,1
CL_CHECK,ck_strength_lineage,1,1
CL_CHECK,ck_strength_lineage,1,1
CL_CHECK,ck_strength_lineage,1,1
CL_CHECK,ck_strength_lineage,1,1
CL_CHECK,ck_strength_lineage,1,1
CL_CHECK,ck_strength_lineage,1,1
CL_CHECK,ck_strength_lineage,1,1
CL_CHECK,ck_strength_lineage,1,1
CL_CHECK,ck_strength_lineage,1,1
CL_CHECK,ck_strength_lineage,1,1
CL_CHECK,ck_strength_lineage,1,1
CL_CHECK,ck_strength_lineage,1,1
CL_CHECK,ck_strength_lineage,1,1
CL_CHECK,ck_strength_lineage,1,1
CL_CHECK,ck_strength_lineage,1,1
CL_CHECK,ck_strength_lineage,1,1
CL_CHECK,ck_strength_lineage,1,1
CL_CHECK,ck_strength_lineage,1,1
CL_CHECK,ck_strength_lineage,1,1
CL_CHECK,ck_strength_lineage,1,1
CL_CHECK,ck_strength_lineage,1,1
CL_CHECK,ck_strength_lineage,1,1
CL_CHECK,ck_strength_lineage,1,1
CL_CHECK,ck_strength_lineage,1,1
CL_CHECK,ck_strength_lineage,1,1
CL_CHECK,ck_strength_lineage,1,1
CL_CHECK,ck_strength_lineage,1,1
CL_CHECK,ck_strength_lineage,1,1
CL_CHECK,ck_strength_lineage,1,1
CL_CHECK,ck_strength_lineage,1,1
CL_CHECK,ck_strength_lineage,1,1
CL_CHECK,ck_strength_lineage,1,1
CL_CHECK,ck_strength_lineage,1,1
CL_CHECK,ck_strength_lineage,1,1
CL_CHECK,ck_strength_lineage,1,1
CL_CHECK,ck_strength_lineage,1,1
CL_CHECK,ck_strength_lineage,1,1
CL_CHECK,ck_strength_lineage,1,1
CL_CHECK,ck_strength_lineage,1,1
CL_CHECK,ck_strength_lineage,1,1
CL_CHECK,ck_strength_lineage,1,1
CL_CHECK,ck_strength_lineage,1,1
CL_CHECK,ck_strength_lineage,1,1
CL_CHECK,ck_strength_lineage,1,1
CL_CHECK,ck_strength_lineage,1,1
CL_CHECK,ck_strength_lineage,1,1
CL_CHECK,ck_strength_lineage,1,1
CL_CHECK,ck_strength_lineage,1,1
CL_CHECK,ck_strength_lineage,1,1
CL_CHECK,ck_strength_lineage,1,1
CL_CHECK,ck_strength_lineage,1,1
CL_CHECK,ck_strength_lineage,1,1
CL_CHECK,ck_strength_lineage,1,1
CL_CHECK,ck_strength_lineage,1,1
CL_CHECK,ck_strength_lineage,1,1
CL_CHECK,ck_strength_lineage,1,1
CL_CHECK,ck_strength_lineage,1,1
CL_CHECK,ck_strength_lineage,1,1
CL_CHECK,ck_strength_lineage,1,1
CL_CHECK,ck_strength_lineage,1,1
CL_CHECK,ck_strength_lineage,1,1
CL_CHECK,ck_strength_lineage,1,1
CL_CHECK,ck_strength_lineage,1,1
CL_CHECK,ck_strength_lineage,1,1
CL_CHECK,ck_strength_lineage,1,1
CL_CHECK,ck_strength_lineage,1,1
CL_CHECK,ck_strength_lineage,1,1
CL_CHECK,ck_strength_lineage,1,1
CL_CHECK,ck_strength_lineage,1,1
CL_CHECK,ck_strength_lineage,1,1
CL_CHECK,ck_strength_lineage,1,1
CL_CHECK,ck_strength_lineage,1,1
CL_CHECK,ck_strength_lineage,1,1
CL_CHECK,ck_strength_lineage,1,1
CL_CHECK,ck_strength_lineage,1,1
CL_CHECK,ck_strength_lineage,1,1
CL_CHECK,ck_strength_lineage,1,1
CL_CHECK,ck_strength_lineage,1,1
CL_CHECK,ck_strength_lineage,1,1
CL_CHECK,ck_strength_lineage,1,1
CL_CHECK,ck_strength_lineage,1,1
CL_CHECK,ck_strength_lineage,1,1
CL_CHECK,ck_strength_lineage,1,1
CL_CHECK,ck_strength_lineage,1,1
CL_CHECK,ck_strength_lineage,1,1
CL_CHECK,ck_strength_lineage,1,1
CL_CHECK,ck_strength_lineage,1,1
CL_CHECK,ck_strength_lineage,1,1
CL_CHECK,ck_strength_lineage,1,1
CL_CHECK,ck_strength_lineage,1,1
CL_CHECK,ck_strength_lineage,1,1
CL_CHECK,ck_strength_lineage,1,1
CL_CHECK,ck_strength_lineage,1,1
CL_CHECK,ck_strength_lineage,1,1
CL_CHECK,ck_strength_lineage,1,1
CL_CHECK,ck_strength_lineage,1,1
CL_CHECK,ck_strength_lineage,1,1
CL_CHECK,ck_strength_lineage,1,1
CL_CHECK,ck_strength_lineage,1,1
CL_CHECK,ck_strength_lineage,1,1
CL_CHECK,ck_strength_lineage,1,1
CL_CHECK,ck_strength_lineage,1,1
CL_CHECK,ck_strength_lineage,1,1
CL_CHECK,ck_strength_lineage,1,1
CL_CHECK,ck_strength_lineage,1,1
CL_CHECK,ck_strength_lineage,1,1
CL_CHECK,ck_strength_lineage,1,1
CL_CHECK,ck_strength_lineage,1,1
CL_CHECK,ck_strength_lineage,1,1
CL_CHECK,ck_strength_lineage,1,1
CL_CHECK,ck_strength_lineage,1,1
CL_CHECK,ck_strength_lineage,1,1
CL_CHECK,ck_strength_lineage,1,1
CL_CHECK,ck_strength_lineage,1,1
CL_CHECK,ck_strength_lineage,1,1
CL_CHECK,ck_strength_lineage,1,1
CL_CHECK,ck_strength_lineage,1,1
CL_CHECK,ck_strength_lineage,1,1
CL_CHECK,ck_strength_lineage,1,1
CL_CHECK,ck_strength_lineage,1,1
CL_CHECK,ck_strength_lineage,1,1
CL_CHECK,ck_strength_lineage,1,1
CL_CHECK,ck_strength_lineage,1,1
CL_CHECK,ck_strength_lineage,1,1
CL_CHECK,ck_strength_lineage,1,1
CL_CHECK,ck_strength_lineage,1,1
CL_CHECK,ck_strength_lineage,1,1
CL_CHECK,ck_strength_lineage,1,1
CL_CHECK,ck_strength_lineage,1,1
CL_CHECK,ck_strength_lineage,1,1
CL_CHECK,ck_strength_lineage,1,1
CL_CHECK,ck_strength_lineage,1,1
CL_CHECK,ck_strength_lineage,1,1
CL_CHECK,ck_strength_lineage,1,1
CL_CHECK,ck_strength_lineage,1,1
CL_CHECK,ck_strength_lineage,1,1
CL_CHECK,ck_strength_lineage,1,1
CL_CHECK,ck_strength_lineage,1,1
CL_CHECK,ck_strength_lineage,1,1
CL_CHECK,ck_strength_lineage,1,1
CL_CHECK,ck_strength_lineage,1,1
CL_CHECK,ck_strength_lineage,1,1
CL_CHECK,ck_strength_lineage,1,1
CL_CHECK,ck_strength_lineage,1,1
CL_CHECK,ck_strength_lineage,1,1
CL_CHECK,ck_strength_lineage,1,1
CL_CHECK,ck_strength_lineage,1,1
CL_CHECK,ck_strength_lineage,1,1
CL_CHECK,ck_strength_lineage,1,1
CL_CHECK,ck_strength_lineage,1,1
CL_CHECK,ck_strength_lineage,1,1
CL_CHECK,ck_strength_lineage,1,1
CL_CHECK,ck_strength_lineage,1,1
CL_CHECK,ck_strength_lineage,1,1
CL_CHECK,ck_strength_lineage,1,1
CL_CHECK,ck_strength_lineage,1,1
CL_CHECK,ck_strength_lineage,1,1
CL_CHECK,ck_strength_lineage,1,1
CL_CHECK,ck_strength_lineage,1,1
CL_CHECK,ck_strength_lineage,1,1
CL_CHECK,ck_strength_lineage,1,1
CL_CHECK,ck_strength_lineage,1,1
CL_CHECK,ck_strength_lineage,1,1
CL_CHECK,ck_strength_lineage,1,1
CL_CHECK,ck_strength_lineage,1,1
CL_CHECK,ck_strength_lineage,1,1
CL_CHECK,ck_strength_lineage,1,1
CL_CHECK,ck_strength_lineage,1,1
CL_CHECK,ck_strength_lineage,1,1
CL_CHECK,ck_strength_lineage,1,1
CL_CHECK,ck_strength_lineage,1,1
CL_CHECK,ck_strength_lineage,1,1
CL_CHECK,ck_strength_lineage,1,1
CL_CHECK,ck_strength_lineage,1,1
CL_CHECK,ck_strength_lineage,1,1
CL_CHECK,ck_strength_lineage,1,1
CL_CHECK,ck_strength_lineage,1,1
CL_CHECK,ck_strength_lineage,1,1
CL_CHECK,ck_strength_lineage,1,1
CL_CHECK,ck_strength_lineage,1,1
CL_CHECK,ck_strength_lineage,1,1
CL_CHECK,ck_strength_lineage,1,1
CL_CHECK,ck_strength_lineage,1,1
CL_CHECK,ck_strength_lineage,1,1
CL_CHECK,ck_strength_lineage,1,1
CL_CHECK,ck_strength_lineage,1,1
CL_CHECK,ck_strength_lineage,1,1
CL_CHECK,ck_strength_lineage,1,1
CL_CHECK,ck_strength_lineage,1,1
CL_CHECK,ck_strength_lineage,1,1
CL_CHECK,ck_strength_lineage,1,1
CL_CHECK,ck_strength_lineage,1,1
CL_CHECK,ck_strength_lineage,1,1
CL_CHECK,ck_strength_lineage,1,1
CL_CHECK,ck_strength_lineage,1,1
CL_CHECK,ck_strength_lineage,1,1
CL_CHECK,ck_strength_lineage,1,1
CL_CHECK,ck_strength_lineage,1,1
CL_CHECK,ck_strength_lineage,1,1
CL_CHECK,ck_strength_lineage,1,1
CL_CHECK,ck_strength_lineage,1,1
CL_CHECK,ck_strength_lineage,1,1
CL_CHECK,ck_strength_lineage,1,1
CL_CHECK,ck_strength_lineage,1,1
CL_CHECK,ck_strength_lineage,1,1
CL_CHECK,ck_strength_lineage,1,1
CL_CHECK,ck_strength_lineage,1,1
CL_CHECK,ck_strength_lineage,1,1
CL_CHECK,ck_strength_lineage,1,1
CL_CHECK,ck_strength_lineage,1,1
CL_CHECK,ck_strength_lineage,1,1
CL_CHECK,ck_strength_lineage,1,1
CL_CHECK,ck_strength_lineage,1,1
CL_CHECK,ck_strength_lineage,1,1
CL_CHECK,ck_strength_lineage,1,1
CL_CHECK,ck_strength_lineage,1,1
CL_CHECK,ck_strength_lineage,1,1
CL_CHECK,ck_strength_lineage,1,1
CL_CHECK,ck_strength_lineage,1,1
CL_CHECK,ck_strength_lineage,1,1
CL_CHECK,ck_strength_lineage,1,1
CL_CHECK,ck_strength_lineage,1,1
CL_CHECK,ck_strength_lineage,1,1
CL_CHECK,ck_strength_lineage,1,1
CL_CHECK,ck_strength_lineage,1,1
CL_CHECK,ck_strength_lineage,1,1
CL_CHECK,ck_strength_lineage,1,1
CL_CHECK,ck_strength_lineage,1,1
CL_CHECK,ck_strength_lineage,1,1
CL_CHECK,ck_strength_lineage,1,1
CL_CHECK,ck_strength_lineage,1,1
CL_CHECK,ck_strength_lineage,1,1
CL_CHECK,ck_strength_lineage,1,1
CL_CHECK,ck_strength_lineage,1,1
CL_CHECK,ck_strength_lineage,1,1
CL_CHECK,ck_strength_lineage,1,1
CL_CHECK,ck_strength_lineage,1,1
CL_CHECK,ck_strength_lineage,1,1
CL_CHECK,ck_strength_lineage,1,1
CL_CHECK,ck_strength_lineage,1,1
CL_CHECK,ck_strength_lineage,1,1
CL_CHECK,ck_strength_lineage,1,1
CL_CHECK,ck_strength_lineage,1,1
CL_CHECK,ck_strength_lineage,1,1
CL_CHECK,ck_strength_lineage,1,1
CL_CHECK,ck_strength_lineage,1,1
CL_CHECK,ck_strength_lineage,1,1
CL_CHECK,ck_strength_lineage,1,1
CL_CHECK,ck_strength_lineage,1,1
CL_CHECK,ck_strength_lineage,1,1
CL_CHECK,ck_strength_lineage,1,1
CL_CHECK,ck_strength_lineage,1,1
CL_CHECK,ck_strength_lineage,1,1
CL_CHECK,ck_strength_lineage,1,1
CL_CHECK,ck_strength_lineage,1,1
CL_CHECK,ck_strength_lineage,1,1
CL_CHECK,ck_strength_lineage,1,1
CL_CHECK,ck_strength_lineage,1,1
CL_CHECK,ck_strength_lineage,1,1
CL_CHECK,ck_strength_lineage,1,1
CL_CHECK,ck_strength_lineage,1,1
CL_CHECK,ck_strength_lineage,1,1
CL_CHECK,ck_strength_lineage,1,1
CL_CHECK,ck_no_bad_kill,0,0
CL_CHECK,ck_no_bad_forcepin,0,0
CL_CHECK,ck_no_bad_code,0,0
CL_CHECK,ck_no_bad_role,0,0
CL_CHECK,ck_no_bad_pexp,0,0
CL_CHECK,ck_no_bad_recycle,0,0
ST_FINGERPRINT -1736805698
ST_INVALID 0
ST_DONE
