ST_TS 0 2 3 0 0 0 0 0 0 0 0 0 0 0 0 0 0
ST_DELIB 100 12 2 2 4 10 1 0 0
ST_DELIB 100 15 2 2 4 10 1 0 0
ST_DELIB 200 18 2 2 4 10 1 0 0
ST_DELIB 200 21 2 2 4 10 1 0 0
ST_TS 250 252 390 0 4 0 4 0 68 75 0 0 0 0 0 0 0
ST_DELIB 300 24 2 2 4 10 1 0 0
ST_DELIB 300 27 2 2 4 10 1 0 0
ST_DELIB 318 30 1 2 3 10 1 0 0
ST_DELIB 319 42 1 2 3 10 1 0 0
ST_DELIB 320 45 1 2 3 10 1 0 0
ST_DELIB 321 48 1 2 3 10 1 0 0
ST_DELIB 322 51 1 2 3 10 1 0 0
ST_DELIB 323 54 1 2 3 10 1 0 0
ST_DELIB 324 57 1 2 3 10 1 0 0
ST_DELIB 325 60 1 2 3 10 1 0 0
ST_DELIB 326 72 1 2 3 10 1 0 0
ST_DELIB 327 75 1 2 3 10 1 0 0
ST_DELIB 328 78 1 2 3 10 1 0 0
ST_DELIB 329 81 1 2 3 10 1 0 0
ST_DELIB 330 84 1 2 3 10 1 0 0
ST_DELIB 331 87 1 2 3 10 1 0 0
ST_DELIB 332 90 1 2 3 10 1 0 0
ST_DELIB 333 102 1 2 3 10 1 0 0
ST_DELIB 334 105 1 2 3 10 1 0 0
ST_DELIB 335 108 1 2 3 10 1 0 0
ST_DELIB 336 111 1 2 3 10 1 0 0
ST_DELIB 337 114 1 2 3 10 1 0 0
ST_DELIB 338 117 1 2 3 10 1 0 0
ST_DELIB 339 120 1 2 3 10 1 0 0
ST_DELIB 340 132 1 2 3 10 1 0 0
ST_DELIB 341 135 1 2 3 10 1 0 0
ST_DELIB 342 138 1 2 3 10 1 0 0
ST_DELIB 343 141 1 2 3 10 1 0 0
ST_DELIB 344 42 1 2 3 10 1 0 0
ST_DELIB 345 144 1 2 3 10 1 0 0
ST_DELIB 346 147 1 2 3 10 1 0 0
ST_DELIB 347 51 1 2 3 10 1 0 0
ST_DELIB 348 150 1 2 3 10 1 0 0
ST_DELIB 349 162 1 2 3 10 1 0 0
ST_DELIB 350 60 1 2 3 10 1 0 0
ST_DELIB 351 165 1 2 3 10 1 0 0
ST_DELIB 352 168 1 2 3 10 1 0 0
ST_DELIB 353 78 1 2 3 10 1 0 0
ST_DELIB 354 171 1 2 3 10 1 0 0
ST_DELIB 355 174 1 2 3 10 1 0 0
ST_DELIB 356 177 1 2 3 10 1 0 0
ST_DELIB 357 180 1 2 3 10 1 0 0
ST_DELIB 358 192 1 2 3 10 1 0 0
ST_DELIB 359 195 1 2 3 10 1 0 0
ST_DELIB 360 198 1 2 3 10 1 0 0
ST_DELIB 361 201 1 2 3 10 1 0 0
ST_DELIB 362 204 1 2 3 10 1 0 0
ST_DELIB 363 207 1 2 3 10 1 0 0
ST_DELIB 364 210 1 2 3 10 1 0 0
ST_DELIB 365 132 1 2 3 10 1 0 0
ST_DELIB 366 222 1 2 3 10 1 0 0
ST_DELIB 367 225 1 2 3 10 1 0 0
ST_DELIB 368 141 1 2 3 10 1 0 0
ST_DELIB 369 228 1 2 3 10 1 0 0
ST_DELIB 370 231 1 2 3 10 1 0 0
ST_DELIB 371 147 1 2 3 10 1 0 0
ST_DELIB 372 234 1 2 3 10 1 0 0
ST_DELIB 373 237 1 2 3 10 1 0 0
ST_DELIB 374 162 1 2 3 10 1 0 0
ST_DELIB 375 240 1 2 3 10 1 0 0
ST_DELIB 376 252 1 2 3 10 1 0 0
ST_DELIB 377 168 1 2 3 10 1 0 0
ST_DELIB 378 255 1 2 3 10 1 0 0
ST_DELIB 379 258 1 2 3 10 1 0 0
ST_DELIB 380 174 1 2 3 10 1 0 0
ST_DELIB 381 261 1 2 3 10 1 0 0
ST_DELIB 382 264 1 2 3 10 1 0 0
ST_DELIB 383 192 1 2 3 10 1 0 0
ST_DELIB 384 267 1 2 3 10 1 0 0
ST_DELIB 385 270 1 2 3 10 1 0 0
ST_DELIB 386 282 1 2 3 10 1 0 0
ST_DELIB 387 285 1 2 3 10 1 0 0
ST_DELIB 388 288 1 2 3 10 1 0 0
ST_DELIB 389 291 1 2 3 10 1 0 0
ST_DELIB 390 294 1 2 3 10 1 0 0
ST_DELIB 391 297 1 2 3 10 1 0 0
ST_DELIB 392 300 1 2 3 10 1 0 0
ST_DELIB 393 312 1 2 3 10 1 0 0
ST_DELIB 394 315 1 2 3 10 1 0 0
ST_DELIB 395 231 1 2 3 10 1 0 0
ST_DELIB 396 318 1 2 3 10 1 0 0
ST_DELIB 397 2 1 2 3 10 1 0 0
ST_DELIB 398 237 1 2 3 10 1 0 0
ST_DELIB 399 5 1 2 3 10 1 0 0
ST_DELIB 400 8 1 2 3 10 1 0 0
ST_DELIB 400 11 2 2 4 10 1 0 0
ST_DELIB 400 14 2 2 4 10 1 0 0
ST_DELIB 401 252 1 2 3 10 1 0 0
ST_DELIB 402 17 1 2 3 10 1 0 0
ST_DELIB 403 20 1 2 3 10 1 0 0
ST_DELIB 404 258 1 2 3 10 1 0 0
ST_DELIB 405 30 1 2 3 10 1 0 0
ST_DELIB 406 32 1 2 3 10 1 0 0
ST_DELIB 407 264 1 2 3 10 1 0 0
ST_DELIB 408 35 1 2 3 10 1 0 0
ST_DELIB 409 38 1 2 3 10 1 0 0
ST_DELIB 410 270 1 2 3 10 1 0 0
ST_DELIB 411 41 1 2 3 10 1 0 0
ST_DELIB 412 44 1 2 3 10 1 0 0
ST_DELIB 413 288 1 2 3 10 1 0 0
ST_DELIB 414 47 1 2 3 10 1 0 0
ST_DELIB 415 50 1 2 3 10 1 0 0
ST_DELIB 416 62 1 2 3 10 1 0 0
ST_DELIB 417 65 1 2 3 10 1 0 0
ST_DELIB 418 68 1 2 3 10 1 0 0
ST_DELIB 419 71 1 2 3 10 1 0 0
ST_DELIB 420 74 1 2 3 10 1 0 0
ST_DELIB 421 77 1 2 3 10 1 0 0
ST_DELIB 422 80 1 2 3 10 1 0 0
ST_DELIB 423 84 1 2 3 10 1 0 0
ST_DELIB 424 5 1 2 3 10 1 0 0
ST_DELIB 425 8 1 2 3 10 1 0 0
ST_DELIB 426 92 1 2 3 10 1 0 0
ST_DELIB 427 17 1 2 3 10 1 0 0
ST_DELIB 428 20 1 2 3 10 1 0 0
ST_DELIB 429 95 1 2 3 10 1 0 0
ST_DELIB 430 30 1 2 3 10 1 0 0
ST_DELIB 431 32 1 2 3 10 1 0 0
ST_DELIB 432 98 1 2 3 10 1 0 0
ST_DELIB 433 35 1 2 3 10 1 0 0
ST_DELIB 434 38 1 2 3 10 1 0 0
ST_DELIB 435 101 1 2 3 10 1 0 0
ST_DELIB 436 102 1 2 3 10 1 0 0
ST_DELIB 437 44 1 2 3 10 1 0 0
ST_DELIB 438 104 1 2 3 10 1 0 0
ST_DELIB 439 107 1 2 3 10 1 0 0
ST_DELIB 440 50 1 2 3 10 1 0 0
ST_DELIB 441 110 1 2 3 10 1 0 0
ST_DELIB 442 111 1 2 3 10 1 0 0
ST_DELIB 443 68 1 2 3 10 1 0 0
ST_DELIB 444 120 1 2 3 10 1 0 0
ST_DELIB 445 74 1 2 3 10 1 0 0
ST_DELIB 446 122 1 2 3 10 1 0 0
ST_DELIB 447 125 1 2 3 10 1 0 0
ST_DELIB 448 84 1 2 3 10 1 0 0
ST_DELIB 449 128 1 2 3 10 1 0 0
ST_DELIB 450 131 1 2 3 10 1 0 0
ST_DELIB 451 92 1 2 3 10 1 0 0
ST_DELIB 452 134 1 2 3 10 1 0 0
ST_DELIB 453 137 1 2 3 10 1 0 0
ST_DELIB 454 95 1 2 3 10 1 0 0
ST_DELIB 455 30 1 2 3 10 1 0 0
ST_DELIB 456 138 1 2 3 10 1 0 0
ST_DELIB 457 98 1 2 3 10 1 0 0
ST_DELIB 458 35 1 2 3 10 1 0 0
ST_DELIB 459 140 1 2 3 10 1 0 0
ST_DELIB 460 101 1 2 3 10 1 0 0
ST_DELIB 461 102 1 2 3 10 1 0 0
ST_DELIB 462 144 1 2 3 10 1 0 0
ST_DELIB 463 104 1 2 3 10 1 0 0
ST_DELIB 464 107 1 2 3 10 1 0 0
ST_DELIB 465 150 1 2 3 10 1 0 0
ST_DELIB 466 152 1 2 3 10 1 0 0
ST_DELIB 467 111 1 2 3 10 1 0 0
ST_DELIB 468 155 1 2 3 10 1 0 0
ST_DELIB 469 158 1 2 3 10 1 0 0
ST_DELIB 470 74 1 2 3 10 1 0 0
ST_DELIB 471 161 1 2 3 10 1 0 0
ST_DELIB 472 164 1 2 3 10 1 0 0
ST_DELIB 473 84 1 2 3 10 1 0 0
ST_DELIB 474 167 1 2 3 10 1 0 0
ST_DELIB 475 131 1 2 3 10 1 0 0
ST_DELIB 476 170 1 2 3 10 1 0 0
ST_DELIB 477 182 1 2 3 10 1 0 0
ST_DELIB 478 137 1 2 3 10 1 0 0
ST_DELIB 479 185 1 2 3 10 1 0 0
ST_DELIB 480 188 1 2 3 10 1 0 0
ST_DELIB 481 138 1 2 3 10 1 0 0
ST_DELIB 482 191 1 2 3 10 1 0 0
ST_DELIB 483 194 1 2 3 10 1 0 0
ST_DELIB 484 140 1 2 3 10 1 0 0
ST_DELIB 485 101 1 2 3 10 1 0 0
ST_DELIB 486 197 1 2 3 10 1 0 0
ST_DELIB 487 144 1 2 3 10 1 0 0
ST_DELIB 488 104 1 2 3 10 1 0 0
ST_DELIB 489 198 1 2 3 10 1 0 0
ST_DELIB 490 150 1 2 3 10 1 0 0
ST_DELIB 491 152 1 2 3 10 1 0 0
ST_DELIB 492 200 1 2 3 10 1 0 0
ST_DELIB 493 155 1 2 3 10 1 0 0
ST_DELIB 494 158 1 2 3 10 1 0 0
ST_DELIB 495 207 1 2 3 10 1 0 0
ST_DELIB 496 212 1 2 3 10 1 0 0
ST_DELIB 497 164 1 2 3 10 1 0 0
ST_DELIB 498 215 1 2 3 10 1 0 0
ST_DELIB 499 218 1 2 3 10 1 0 0
ST_TS 500 320 799 0 190 0 190 0 143 150 0 0 0 0 0 0 0
ST_DELIB 500 131 1 2 3 10 1 0 0
ST_DELIB 500 221 2 2 4 10 1 0 0
ST_DELIB 500 222 2 2 4 10 1 0 0
ST_DELIB 501 224 1 2 3 10 1 0 0
ST_DELIB 502 227 1 2 3 10 1 0 0
ST_DELIB 503 137 1 2 3 10 1 0 0
ST_DELIB 504 228 1 2 3 10 1 0 0
ST_DELIB 505 188 1 2 3 10 1 0 0
ST_DELIB 506 230 1 2 3 10 1 0 0
ST_DELIB 507 234 1 2 3 10 1 0 0
ST_DELIB 508 194 1 2 3 10 1 0 0
ST_DELIB 509 240 1 2 3 10 1 0 0
ST_DELIB 510 242 1 2 3 10 1 0 0
ST_DELIB 511 197 1 2 3 10 1 0 0
ST_DELIB 512 245 1 2 3 10 1 0 0
ST_DELIB 513 248 1 2 3 10 1 0 0
ST_DELIB 514 198 1 2 3 10 1 0 0
ST_DELIB 515 150 1 2 3 10 1 0 0
ST_DELIB 516 251 1 2 3 10 1 0 0
ST_DELIB 517 200 1 2 3 10 1 0 0
ST_DELIB 518 155 1 2 3 10 1 0 0
ST_DELIB 519 254 1 2 3 10 1 0 0
ST_DELIB 520 207 1 2 3 10 1 0 0
ST_DELIB 521 212 1 2 3 10 1 0 0
ST_DELIB 522 255 1 2 3 10 1 0 0
ST_DELIB 523 215 1 2 3 10 1 0 0
ST_DELIB 524 218 1 2 3 10 1 0 0
ST_DELIB 525 257 1 2 3 10 1 0 0
ST_DELIB 526 260 1 2 3 10 1 0 0
ST_DELIB 527 227 1 2 3 10 1 0 0
ST_DELIB 528 272 1 2 3 10 1 0 0
ST_DELIB 529 275 1 2 3 10 1 0 0
ST_DELIB 530 188 1 2 3 10 1 0 0
ST_DELIB 531 278 1 2 3 10 1 0 0
ST_DELIB 532 281 1 2 3 10 1 0 0
ST_DELIB 533 194 1 2 3 10 1 0 0
ST_DELIB 534 284 1 2 3 10 1 0 0
ST_DELIB 535 242 1 2 3 10 1 0 0
ST_DELIB 536 287 1 2 3 10 1 0 0
ST_DELIB 537 290 1 2 3 10 1 0 0
ST_DELIB 538 248 1 2 3 10 1 0 0
ST_DELIB 539 294 1 2 3 10 1 0 0
ST_DELIB 540 302 1 2 3 10 1 0 0
ST_DELIB 541 251 1 2 3 10 1 0 0
ST_DELIB 542 305 1 2 3 10 1 0 0
ST_DELIB 543 308 1 2 3 10 1 0 0
ST_DELIB 544 254 1 2 3 10 1 0 0
ST_DELIB 545 207 1 2 3 10 1 0 0
ST_DELIB 546 311 1 2 3 10 1 0 0
ST_DELIB 547 255 1 2 3 10 1 0 0
ST_DELIB 548 215 1 2 3 10 1 0 0
ST_DELIB 549 312 1 2 3 10 1 0 0
ST_DELIB 550 257 1 2 3 10 1 0 0
ST_DELIB 551 260 1 2 3 10 1 0 0
ST_DELIB 552 314 1 2 3 10 1 0 0
ST_DELIB 553 272 1 2 3 10 1 0 0
ST_DELIB 554 275 1 2 3 10 1 0 0
ST_DELIB 555 317 1 2 3 10 1 0 0
ST_DELIB 556 318 1 2 3 10 1 0 0
ST_DELIB 557 281 1 2 3 10 1 0 0
ST_DELIB 558 4 1 2 3 10 1 0 0
ST_DELIB 559 7 1 2 3 10 1 0 0
ST_DELIB 560 242 1 2 3 10 1 0 0
ST_DELIB 561 8 1 2 3 10 1 0 0
ST_DELIB 562 10 1 2 3 10 1 0 0
ST_DELIB 563 248 1 2 3 10 1 0 0
ST_DELIB 564 20 1 2 3 10 1 0 0
ST_DELIB 565 302 1 2 3 10 1 0 0
ST_DELIB 566 22 1 2 3 10 1 0 0
ST_DELIB 567 25 1 2 3 10 1 0 0
ST_DELIB 568 308 1 2 3 10 1 0 0
ST_DELIB 569 28 1 2 3 10 1 0 0
ST_DELIB 570 30 1 2 3 10 1 0 0
ST_DELIB 571 311 1 2 3 10 1 0 0
ST_DELIB 572 31 1 2 3 10 1 0 0
ST_DELIB 573 34 1 2 3 10 1 0 0
ST_DELIB 574 312 1 2 3 10 1 0 0
ST_DELIB 575 257 1 2 3 10 1 0 0
ST_DELIB 576 35 1 2 3 10 1 0 0
ST_DELIB 577 314 1 2 3 10 1 0 0
ST_DELIB 578 272 1 2 3 10 1 0 0
ST_DELIB 579 37 1 2 3 10 1 0 0
ST_DELIB 580 317 1 2 3 10 1 0 0
ST_DELIB 581 318 1 2 3 10 1 0 0
ST_DELIB 582 40 1 2 3 10 1 0 0
ST_DELIB 583 4 1 2 3 10 1 0 0
ST_DELIB 584 7 1 2 3 10 1 0 0
ST_DELIB 585 45 1 2 3 10 1 0 0
ST_DELIB 586 50 1 2 3 10 1 0 0
ST_DELIB 587 10 1 2 3 10 1 0 0
ST_DELIB 588 52 1 2 3 10 1 0 0
ST_DELIB 589 54 1 2 3 10 1 0 0
ST_DELIB 590 302 1 2 3 10 1 0 0
ST_DELIB 591 22 1 2 3 10 1 0 0
ST_DELIB 592 55 1 2 3 10 1 0 0
ST_DELIB 593 308 1 2 3 10 1 0 0
ST_DELIB 594 28 1 2 3 10 1 0 0
ST_DELIB 595 30 1 2 3 10 1 0 0
ST_DELIB 596 58 1 2 3 10 1 0 0
ST_DELIB 597 31 1 2 3 10 1 0 0
ST_DELIB 598 34 1 2 3 10 1 0 0
ST_DELIB 599 60 1 2 3 10 1 0 0
ST_DELIB 600 61 1 2 3 10 1 0 0
ST_DELIB 600 62 2 2 4 10 1 0 0
ST_DELIB 600 64 2 2 4 10 1 0 0
ST_DELIB 601 35 1 2 3 10 1 0 0
ST_DELIB 602 67 1 2 3 10 1 0 0
ST_DELIB 603 68 1 2 3 10 1 0 0
ST_DELIB 604 37 1 2 3 10 1 0 0
ST_DELIB 605 317 1 2 3 10 1 0 0
ST_DELIB 606 70 1 2 3 10 1 0 0
ST_DELIB 607 40 1 2 3 10 1 0 0
ST_DELIB 608 4 1 2 3 10 1 0 0
ST_DELIB 609 71 1 2 3 10 1 0 0
ST_DELIB 610 45 1 2 3 10 1 0 0
ST_DELIB 611 50 1 2 3 10 1 0 0
ST_DELIB 612 72 1 2 3 10 1 0 0
ST_DELIB 613 52 1 2 3 10 1 0 0
ST_DELIB 614 54 1 2 3 10 1 0 0
ST_DELIB 615 74 1 2 3 10 1 0 0
ST_DELIB 616 78 1 2 3 10 1 0 0
ST_DELIB 617 55 1 2 3 10 1 0 0
ST_DELIB 618 80 1 2 3 10 1 0 0
ST_DELIB 619 81 1 2 3 10 1 0 0
ST_DELIB 620 30 1 2 3 10 1 0 0
ST_DELIB 621 58 1 2 3 10 1 0 0
ST_DELIB 622 82 1 2 3 10 1 0 0
ST_DELIB 623 34 1 2 3 10 1 0 0
ST_DELIB 624 60 1 2 3 10 1 0 0
ST_DELIB 625 61 1 2 3 10 1 0 0
ST_DELIB 626 84 1 2 3 10 1 0 0
ST_DELIB 627 67 1 2 3 10 1 0 0
ST_DELIB 628 68 1 2 3 10 1 0 0
ST_DELIB 629 85 1 2 3 10 1 0 0
ST_DELIB 630 88 1 2 3 10 1 0 0
ST_DELIB 631 70 1 2 3 10 1 0 0
ST_DELIB 632 90 1 2 3 10 1 0 0
ST_DELIB 633 4 1 2 3 10 1 0 0
ST_DELIB 634 71 1 2 3 10 1 0 0
ST_DELIB 635 45 1 2 3 10 1 0 0
ST_DELIB 636 91 1 2 3 10 1 0 0
ST_DELIB 637 72 1 2 3 10 1 0 0
ST_DELIB 638 52 1 2 3 10 1 0 0
ST_DELIB 639 94 1 2 3 10 1 0 0
ST_DELIB 640 74 1 2 3 10 1 0 0
ST_DELIB 641 78 1 2 3 10 1 0 0
ST_DELIB 642 97 1 2 3 10 1 0 0
ST_DELIB 643 80 1 2 3 10 1 0 0
ST_DELIB 644 81 1 2 3 10 1 0 0
ST_DELIB 645 30 1 2 3 10 1 0 0
ST_DELIB 646 100 1 2 3 10 1 0 0
ST_DELIB 647 82 1 2 3 10 1 0 0
ST_DELIB 648 34 1 2 3 10 1 0 0
ST_DELIB 649 101 1 2 3 10 1 0 0
ST_DELIB 650 61 1 2 3 10 1 0 0
ST_DELIB 651 84 1 2 3 10 1 0 0
ST_DELIB 652 104 1 2 3 10 1 0 0
ST_DELIB 653 68 1 2 3 10 1 0 0
ST_DELIB 654 85 1 2 3 10 1 0 0
ST_DELIB 655 88 1 2 3 10 1 0 0
ST_DELIB 656 108 1 2 3 10 1 0 0
ST_DELIB 657 90 1 2 3 10 1 0 0
ST_DELIB 658 4 1 2 3 10 1 0 0
ST_DELIB 659 112 1 2 3 10 1 0 0
ST_DELIB 660 45 1 2 3 10 1 0 0
ST_DELIB 661 91 1 2 3 10 1 0 0
ST_DELIB 662 115 1 2 3 10 1 0 0
ST_DELIB 663 52 1 2 3 10 1 0 0
ST_DELIB 664 94 1 2 3 10 1 0 0
ST_DELIB 665 74 1 2 3 10 1 0 0
ST_DELIB 666 117 1 2 3 10 1 0 0
ST_DELIB 667 97 1 2 3 10 1 0 0
ST_DELIB 668 80 1 2 3 10 1 0 0
ST_DELIB 669 118 1 2 3 10 1 0 0
ST_DELIB 670 30 1 2 3 10 1 0 0
ST_DELIB 671 100 1 2 3 10 1 0 0
ST_DELIB 672 121 1 2 3 10 1 0 0
ST_DELIB 673 34 1 2 3 10 1 0 0
ST_DELIB 674 101 1 2 3 10 1 0 0
ST_DELIB 675 61 1 2 3 10 1 0 0
ST_DELIB 676 122 1 2 3 10 1 0 0
ST_DELIB 677 104 1 2 3 10 1 0 0
ST_DELIB 678 68 1 2 3 10 1 0 0
ST_DELIB 679 124 1 2 3 10 1 0 0
ST_DELIB 680 88 1 2 3 10 1 0 0
ST_DELIB 681 108 1 2 3 10 1 0 0
ST_DELIB 682 127 1 2 3 10 1 0 0
ST_DELIB 683 4 1 2 3 10 1 0 0
ST_DELIB 684 112 1 2 3 10 1 0 0
ST_DELIB 685 45 1 2 3 10 1 0 0
ST_DELIB 686 128 1 2 3 10 1 0 0
ST_DELIB 687 115 1 2 3 10 1 0 0
ST_DELIB 688 52 1 2 3 10 1 0 0
ST_DELIB 689 130 1 2 3 10 1 0 0
ST_DELIB 690 74 1 2 3 10 1 0 0
ST_DELIB 691 117 1 2 3 10 1 0 0
ST_DELIB 692 131 1 2 3 10 1 0 0
ST_DELIB 693 80 1 2 3 10 1 0 0
ST_DELIB 694 118 1 2 3 10 1 0 0
ST_DELIB 695 30 1 2 3 10 1 0 0
ST_DELIB 696 132 1 2 3 10 1 0 0
ST_DELIB 697 121 1 2 3 10 1 0 0
ST_DELIB 698 34 1 2 3 10 1 0 0
ST_DELIB 699 134 1 2 3 10 1 0 0
ST_DELIB 700 61 1 2 3 10 1 0 0
ST_DELIB 700 137 2 2 4 10 1 0 0
ST_DELIB 700 141 2 2 4 10 1 0 0
ST_DELIB 701 122 1 2 3 10 1 0 0
ST_DELIB 702 142 1 2 3 10 1 0 0
ST_DELIB 703 68 1 2 3 10 1 0 0
ST_DELIB 704 124 1 2 3 10 1 0 0
ST_DELIB 705 88 1 2 3 10 1 0 0
ST_DELIB 706 145 1 2 3 10 1 0 0
ST_DELIB 707 127 1 2 3 10 1 0 0
ST_DELIB 708 4 1 2 3 10 1 0 0
ST_DELIB 709 148 1 2 3 10 1 0 0
ST_DELIB 710 45 1 2 3 10 1 0 0
ST_DELIB 711 128 1 2 3 10 1 0 0
ST_DELIB 712 150 1 2 3 10 1 0 0
ST_DELIB 713 52 1 2 3 10 1 0 0
ST_DELIB 714 130 1 2 3 10 1 0 0
ST_DELIB 715 74 1 2 3 10 1 0 0
ST_DELIB 716 151 1 2 3 10 1 0 0
ST_DELIB 717 131 1 2 3 10 1 0 0
ST_DELIB 718 80 1 2 3 10 1 0 0
ST_DELIB 719 154 1 2 3 10 1 0 0
ST_DELIB 720 30 1 2 3 10 1 0 0
ST_DELIB 721 132 1 2 3 10 1 0 0
ST_DELIB 722 155 1 2 3 10 1 0 0
ST_DELIB 723 34 1 2 3 10 1 0 0
ST_DELIB 724 134 1 2 3 10 1 0 0
ST_DELIB 725 61 1 2 3 10 1 0 0
ST_DELIB 726 157 1 2 3 10 1 0 0
ST_DELIB 727 142 1 2 3 10 1 0 0
ST_DELIB 728 68 1 2 3 10 1 0 0
ST_DELIB 729 160 1 2 3 10 1 0 0
ST_DELIB 730 88 1 2 3 10 1 0 0
ST_DELIB 731 145 1 2 3 10 1 0 0
ST_DELIB 732 170 1 2 3 10 1 0 0
ST_DELIB 733 4 1 2 3 10 1 0 0
ST_DELIB 734 148 1 2 3 10 1 0 0
ST_DELIB 735 45 1 2 3 10 1 0 0
ST_DELIB 736 172 1 2 3 10 1 0 0
ST_DELIB 737 150 1 2 3 10 1 0 0
ST_DELIB 738 52 1 2 3 10 1 0 0
ST_DELIB 739 174 1 2 3 10 1 0 0
ST_DELIB 740 74 1 2 3 10 1 0 0
ST_DELIB 741 151 1 2 3 10 1 0 0
ST_DELIB 742 175 1 2 3 10 1 0 0
ST_DELIB 743 80 1 2 3 10 1 0 0
ST_DELIB 744 154 1 2 3 10 1 0 0
ST_DELIB 745 30 1 2 3 10 1 0 0
ST_DELIB 746 177 1 2 3 10 1 0 0
ST_DELIB 747 155 1 2 3 10 1 0 0
ST_DELIB 748 34 1 2 3 10 1 0 0
ST_DELIB 749 178 1 2 3 10 1 0 0
ST_TS 750 320 1210 0 446 0 446 0 218 225 0 0 0 0 0 0 0
ST_DELIB 750 61 1 2 3 10 1 0 0
ST_DELIB 751 157 1 2 3 10 1 0 0
ST_DELIB 752 181 1 2 3 10 1 0 0
ST_DELIB 753 68 1 2 3 10 1 0 0
ST_DELIB 754 160 1 2 3 10 1 0 0
ST_DELIB 755 88 1 2 3 10 1 0 0
ST_DELIB 756 184 1 2 3 10 1 0 0
ST_DELIB 757 170 1 2 3 10 1 0 0
ST_DELIB 758 4 1 2 3 10 1 0 0
ST_DELIB 759 185 1 2 3 10 1 0 0
ST_DELIB 760 45 1 2 3 10 1 0 0
ST_DELIB 761 172 1 2 3 10 1 0 0
ST_DELIB 762 187 1 2 3 10 1 0 0
ST_DELIB 763 52 1 2 3 10 1 0 0
ST_DELIB 764 174 1 2 3 10 1 0 0
ST_DELIB 765 74 1 2 3 10 1 0 0
ST_DELIB 766 188 1 2 3 10 1 0 0
ST_DELIB 767 175 1 2 3 10 1 0 0
ST_DELIB 768 80 1 2 3 10 1 0 0
ST_DELIB 769 190 1 2 3 10 1 0 0
ST_DELIB 770 30 1 2 3 10 1 0 0
ST_DELIB 771 177 1 2 3 10 1 0 0
ST_DELIB 772 191 1 2 3 10 1 0 0
ST_DELIB 773 34 1 2 3 10 1 0 0
ST_DELIB 774 178 1 2 3 10 1 0 0
ST_DELIB 775 61 1 2 3 10 1 0 0
ST_DELIB 776 192 1 2 3 10 1 0 0
ST_DELIB 777 181 1 2 3 10 1 0 0
ST_DELIB 778 68 1 2 3 10 1 0 0
ST_DELIB 779 194 1 2 3 10 1 0 0
ST_DELIB 780 88 1 2 3 10 1 0 0
ST_DELIB 781 184 1 2 3 10 1 0 0
ST_DELIB 782 195 1 2 3 10 1 0 0
ST_DELIB 783 4 1 2 3 10 1 0 0
ST_DELIB 784 185 1 2 3 10 1 0 0
ST_DELIB 785 45 1 2 3 10 1 0 0
ST_DELIB 786 202 1 2 3 10 1 0 0
ST_DELIB 787 187 1 2 3 10 1 0 0
ST_DELIB 788 52 1 2 3 10 1 0 0
ST_DELIB 789 204 1 2 3 10 1 0 0
ST_DELIB 790 74 1 2 3 10 1 0 0
ST_DELIB 791 188 1 2 3 10 1 0 0
ST_DELIB 792 205 1 2 3 10 1 0 0
ST_DELIB 793 80 1 2 3 10 1 0 0
ST_DELIB 794 190 1 2 3 10 1 0 0
ST_DELIB 795 30 1 2 3 10 1 0 0
ST_DELIB 796 207 1 2 3 10 1 0 0
ST_DELIB 797 191 1 2 3 10 1 0 0
ST_DELIB 798 34 1 2 3 10 1 0 0
ST_DELIB 799 208 1 2 3 10 1 0 0
ST_DELIB 800 61 1 2 3 10 1 0 0
ST_DELIB 800 211 2 2 4 10 1 0 0
ST_DELIB 800 214 2 2 4 10 1 0 0
ST_DELIB 801 192 1 2 3 10 1 0 0
ST_DELIB 802 215 1 2 3 10 1 0 0
ST_DELIB 803 68 1 2 3 10 1 0 0
ST_DELIB 804 194 1 2 3 10 1 0 0
ST_DELIB 805 88 1 2 3 10 1 0 0
ST_DELIB 806 217 1 2 3 10 1 0 0
ST_DELIB 807 195 1 2 3 10 1 0 0
ST_DELIB 808 4 1 2 3 10 1 0 0
ST_DELIB 809 220 1 2 3 10 1 0 0
ST_DELIB 810 45 1 2 3 10 1 0 0
ST_DELIB 811 202 1 2 3 10 1 0 0
ST_DELIB 812 230 1 2 3 10 1 0 0
ST_DELIB 813 52 1 2 3 10 1 0 0
ST_DELIB 814 204 1 2 3 10 1 0 0
ST_DELIB 815 74 1 2 3 10 1 0 0
ST_DELIB 816 231 1 2 3 10 1 0 0
ST_DELIB 817 205 1 2 3 10 1 0 0
ST_DELIB 818 80 1 2 3 10 1 0 0
ST_DELIB 819 232 1 2 3 10 1 0 0
ST_DELIB 820 30 1 2 3 10 1 0 0
ST_DELIB 821 207 1 2 3 10 1 0 0
ST_DELIB 822 235 1 2 3 10 1 0 0
ST_DELIB 823 34 1 2 3 10 1 0 0
ST_DELIB 824 208 1 2 3 10 1 0 0
ST_DELIB 825 61 1 2 3 10 1 0 0
ST_DELIB 826 237 1 2 3 10 1 0 0
ST_DELIB 827 215 1 2 3 10 1 0 0
ST_DELIB 828 68 1 2 3 10 1 0 0
ST_DELIB 829 238 1 2 3 10 1 0 0
ST_DELIB 830 88 1 2 3 10 1 0 0
ST_DELIB 831 217 1 2 3 10 1 0 0
ST_DELIB 832 240 1 2 3 10 1 0 0
ST_DELIB 833 4 1 2 3 10 1 0 0
ST_DELIB 834 220 1 2 3 10 1 0 0
ST_DELIB 835 45 1 2 3 10 1 0 0
ST_DELIB 836 241 1 2 3 10 1 0 0
ST_DELIB 837 230 1 2 3 10 1 0 0
ST_DELIB 838 52 1 2 3 10 1 0 0
ST_DELIB 839 242 1 2 3 10 1 0 0
ST_DELIB 840 74 1 2 3 10 1 0 0
ST_DELIB 841 231 1 2 3 10 1 0 0
ST_DELIB 842 244 1 2 3 10 1 0 0
ST_DELIB 843 80 1 2 3 10 1 0 0
ST_DELIB 844 232 1 2 3 10 1 0 0
ST_DELIB 845 30 1 2 3 10 1 0 0
ST_DELIB 846 245 1 2 3 10 1 0 0
ST_DELIB 847 235 1 2 3 10 1 0 0
ST_DELIB 848 34 1 2 3 10 1 0 0
ST_DELIB 849 247 1 2 3 10 1 0 0
ST_DELIB 850 61 1 2 3 10 1 0 0
ST_DELIB 851 237 1 2 3 10 1 0 0
ST_DELIB 852 248 1 2 3 10 1 0 0
ST_DELIB 853 68 1 2 3 10 1 0 0
ST_DELIB 854 238 1 2 3 10 1 0 0
ST_DELIB 855 88 1 2 3 10 1 0 0
ST_DELIB 856 250 1 2 3 10 1 0 0
ST_DELIB 857 240 1 2 3 10 1 0 0
ST_DELIB 858 4 1 2 3 10 1 0 0
ST_DELIB 859 257 1 2 3 10 1 0 0
ST_DELIB 860 45 1 2 3 10 1 0 0
ST_DELIB 861 241 1 2 3 10 1 0 0
ST_DELIB 862 262 1 2 3 10 1 0 0
ST_DELIB 863 52 1 2 3 10 1 0 0
ST_DELIB 864 242 1 2 3 10 1 0 0
ST_DELIB 865 74 1 2 3 10 1 0 0
ST_DELIB 866 265 1 2 3 10 1 0 0
ST_DELIB 867 244 1 2 3 10 1 0 0
ST_DELIB 868 80 1 2 3 10 1 0 0
ST_DELIB 869 268 1 2 3 10 1 0 0
ST_DELIB 870 30 1 2 3 10 1 0 0
ST_DELIB 871 245 1 2 3 10 1 0 0
ST_DELIB 872 270 1 2 3 10 1 0 0
ST_DELIB 873 34 1 2 3 10 1 0 0
ST_DELIB 874 247 1 2 3 10 1 0 0
ST_DELIB 875 61 1 2 3 10 1 0 0
ST_DELIB 876 271 1 2 3 10 1 0 0
ST_DELIB 877 248 1 2 3 10 1 0 0
ST_DELIB 878 68 1 2 3 10 1 0 0
ST_DELIB 879 272 1 2 3 10 1 0 0
ST_DELIB 880 88 1 2 3 10 1 0 0
ST_DELIB 881 250 1 2 3 10 1 0 0
ST_DELIB 882 274 1 2 3 10 1 0 0
ST_DELIB 883 4 1 2 3 10 1 0 0
ST_DELIB 884 257 1 2 3 10 1 0 0
ST_DELIB 885 45 1 2 3 10 1 0 0
ST_DELIB 886 277 1 2 3 10 1 0 0
ST_DELIB 887 262 1 2 3 10 1 0 0
ST_DELIB 888 52 1 2 3 10 1 0 0
ST_DELIB 889 280 1 2 3 10 1 0 0
ST_DELIB 890 74 1 2 3 10 1 0 0
ST_DELIB 891 265 1 2 3 10 1 0 0
ST_DELIB 892 282 1 2 3 10 1 0 0
ST_DELIB 893 80 1 2 3 10 1 0 0
ST_DELIB 894 268 1 2 3 10 1 0 0
ST_DELIB 895 30 1 2 3 10 1 0 0
ST_DELIB 896 287 1 2 3 10 1 0 0
ST_DELIB 897 270 1 2 3 10 1 0 0
ST_DELIB 898 34 1 2 3 10 1 0 0
ST_DELIB 899 288 1 2 3 10 1 0 0
ST_DELIB 900 61 1 2 3 10 1 0 0
ST_DELIB 900 291 2 2 4 10 1 0 0
ST_DELIB 900 292 2 2 4 10 1 0 0
ST_DELIB 901 271 1 2 3 10 1 0 0
ST_DELIB 902 294 1 2 3 10 1 0 0
ST_DELIB 903 68 1 2 3 10 1 0 0
ST_DELIB 904 272 1 2 3 10 1 0 0
ST_DELIB 905 88 1 2 3 10 1 0 0
ST_DELIB 906 295 1 2 3 10 1 0 0
ST_DELIB 907 274 1 2 3 10 1 0 0
ST_DELIB 908 4 1 2 3 10 1 0 0
ST_DELIB 909 298 1 2 3 10 1 0 0
ST_DELIB 910 45 1 2 3 10 1 0 0
ST_DELIB 911 277 1 2 3 10 1 0 0
ST_DELIB 912 300 1 2 3 10 1 0 0
ST_DELIB 913 52 1 2 3 10 1 0 0
ST_DELIB 914 280 1 2 3 10 1 0 0
ST_DELIB 915 74 1 2 3 10 1 0 0
ST_DELIB 916 301 1 2 3 10 1 0 0
ST_DELIB 917 282 1 2 3 10 1 0 0
ST_DELIB 918 80 1 2 3 10 1 0 0
ST_DELIB 919 302 1 2 3 10 1 0 0
ST_DELIB 920 30 1 2 3 10 1 0 0
ST_DELIB 921 287 1 2 3 10 1 0 0
ST_DELIB 922 304 1 2 3 10 1 0 0
ST_DELIB 923 34 1 2 3 10 1 0 0
ST_DELIB 924 288 1 2 3 10 1 0 0
ST_DELIB 925 61 1 2 3 10 1 0 0
ST_DELIB 926 305 1 2 3 10 1 0 0
ST_DELIB 927 294 1 2 3 10 1 0 0
ST_DELIB 928 68 1 2 3 10 1 0 0
ST_DELIB 929 307 1 2 3 10 1 0 0
ST_DELIB 930 88 1 2 3 10 1 0 0
ST_DELIB 931 295 1 2 3 10 1 0 0
ST_DELIB 932 308 1 2 3 10 1 0 0
ST_DELIB 933 4 1 2 3 10 1 0 0
ST_DELIB 934 298 1 2 3 10 1 0 0
ST_DELIB 935 45 1 2 3 10 1 0 0
ST_DELIB 936 310 1 2 3 10 1 0 0
ST_DELIB 937 300 1 2 3 10 1 0 0
ST_DELIB 938 52 1 2 3 10 1 0 0
ST_DELIB 939 317 1 2 3 10 1 0 0
ST_DELIB 940 74 1 2 3 10 1 0 0
ST_DELIB 941 301 1 2 3 10 1 0 0
ST_DELIB 942 11 1 2 3 1 1 0 0
ST_DELIB 943 80 1 2 3 10 1 0 0
ST_DELIB 944 302 1 2 3 10 1 0 0
ST_DELIB 945 30 1 2 3 10 1 0 0
ST_DELIB 946 12 1 2 3 1 1 0 0
ST_DELIB 947 304 1 2 3 10 1 0 0
ST_DELIB 948 34 1 2 3 10 1 0 0
ST_DELIB 949 14 1 2 3 1 1 0 0
ST_DELIB 950 61 1 2 3 10 1 0 0
ST_DELIB 951 305 1 2 3 10 1 0 0
ST_DELIB 952 15 1 2 3 1 1 0 0
ST_DELIB 953 68 1 2 3 10 1 0 0
ST_DELIB 954 307 1 2 3 10 1 0 0
ST_DELIB 955 88 1 2 3 10 1 0 0
ST_DELIB 956 18 1 2 3 1 1 0 0
ST_DELIB 957 308 1 2 3 10 1 0 0
ST_DELIB 958 4 1 2 3 10 1 0 0
ST_DELIB 959 21 1 2 3 1 1 0 0
ST_DELIB 960 45 1 2 3 10 1 0 0
ST_DELIB 961 310 1 2 3 10 1 0 0
ST_DELIB 962 24 1 2 3 1 1 0 0
ST_DELIB 963 52 1 2 3 10 1 0 0
ST_DELIB 964 317 1 2 3 10 1 0 0
ST_DELIB 965 74 1 2 3 10 1 0 0
ST_DELIB 966 27 1 2 3 1 1 0 0
ST_DELIB 967 11 1 2 3 10 1 0 0
ST_DELIB 968 80 1 2 3 10 1 0 0
ST_DELIB 969 62 1 2 3 1 1 0 0
ST_DELIB 970 30 1 2 3 10 1 0 0
ST_DELIB 971 12 1 2 3 10 1 0 0
ST_DELIB 972 64 1 2 3 1 1 0 0
ST_DELIB 973 34 1 2 3 10 1 0 0
ST_DELIB 974 14 1 2 3 10 1 0 0
ST_DELIB 975 61 1 2 3 10 1 0 0
ST_DELIB 976 137 1 2 3 1 1 0 0
ST_DELIB 977 15 1 2 3 10 1 0 0
ST_DELIB 978 68 1 2 3 10 1 0 0
ST_DELIB 979 141 1 2 3 1 1 0 0
ST_DELIB 980 88 1 2 3 10 1 0 0
ST_DELIB 981 18 1 2 3 10 1 0 0
ST_DELIB 982 211 1 2 3 1 1 0 0
ST_DELIB 983 4 1 2 3 10 1 0 0
ST_DELIB 984 21 1 2 3 10 1 0 0
ST_DELIB 985 45 1 2 3 10 1 0 0
ST_DELIB 986 214 1 2 3 1 1 0 0
ST_DELIB 987 24 1 2 3 10 1 0 0
ST_DELIB 988 52 1 2 3 10 1 0 0
ST_DELIB 989 221 1 2 3 1 1 0 0
ST_DELIB 990 74 1 2 3 10 1 0 0
ST_DELIB 991 27 1 2 3 10 1 0 0
ST_DELIB 992 222 1 2 3 1 1 0 0
ST_DELIB 993 80 1 2 3 10 1 0 0
ST_DELIB 994 62 1 2 3 10 1 0 0
ST_DELIB 995 30 1 2 3 10 1 0 0
ST_DELIB 996 291 1 2 3 1 1 0 0
ST_DELIB 997 64 1 2 3 10 1 0 0
ST_DELIB 998 34 1 2 3 10 1 0 0
ST_DELIB 999 292 1 2 3 1 1 0 0
ST_TS 1000 320 1619 0 700 0 700 0 293 300 0 0 0 0 0 0 0
ST_DELIB 1000 61 1 2 3 10 1 0 0
ST_DELIB 1000 45 2 2 4 10 1 0 0
ST_DELIB 1000 52 2 2 4 10 1 0 0
ST_DELIB 1001 137 1 2 3 10 1 0 0
ST_DELIB 1002 45 1 2 3 1 1 0 0
ST_DELIB 1003 68 1 2 3 10 1 0 0
ST_DELIB 1004 141 1 2 3 10 1 0 0
ST_DELIB 1005 88 1 2 3 10 1 0 0
ST_DELIB 1006 52 1 2 3 1 1 0 0
ST_DELIB 1007 211 1 2 3 10 1 0 0
ST_DELIB 1008 4 1 2 3 10 1 0 0
ST_DELIB 1009 52 1 2 3 10 1 0 0
ST_DELIB 1010 52 1 2 3 10 1 0 0
ST_DELIB 1011 214 1 2 3 10 1 0 0
ST_DELIB 1012 61 1 2 3 10 1 0 0
ST_DELIB 1013 61 1 2 3 10 1 0 0
ST_DELIB 1014 221 1 2 3 10 1 0 0
ST_DELIB 1015 74 1 2 3 10 1 0 0
ST_DELIB 1016 68 1 2 3 10 1 0 0
ST_DELIB 1017 222 1 2 3 10 1 0 0
ST_DELIB 1018 80 1 2 3 10 1 0 0
ST_DELIB 1019 74 1 2 3 10 1 0 0
ST_DELIB 1020 30 1 2 3 10 1 0 0
ST_DELIB 1021 291 1 2 3 10 1 0 0
ST_DELIB 1022 80 1 2 3 10 1 0 0
ST_DELIB 1023 34 1 2 3 10 1 0 0
ST_DELIB 1024 292 1 2 3 10 1 0 0
ST_DELIB 1025 4 1 2 3 10 1 0 0
ST_DELIB 1026 30 1 2 3 10 1 0 0
ST_DELIB 1027 45 1 2 3 10 1 0 0
ST_DELIB 1028 30 1 2 3 10 1 0 0
ST_DELIB 1029 34 1 2 3 10 1 0 0
ST_DELIB 1030 88 1 2 3 10 1 0 0
ST_DELIB 1031 88 1 2 3 10 1 0 0
ST_DELIB 1032 34 1 2 3 10 1 0 0
ST_DELIB 1033 34 1 2 3 10 1 0 0
ST_DELIB 1034 34 1 2 3 10 1 0 0
ST_DELIB 1035 52 1 2 3 10 1 0 0
ST_DELIB 1036 52 1 2 3 10 1 0 0
ST_DELIB 1037 52 1 2 3 10 1 0 0
ST_DELIB 1038 61 1 2 3 10 1 0 0
ST_DELIB 1039 61 1 2 3 10 1 0 0
ST_DELIB 1040 61 1 2 3 10 1 0 0
ST_DELIB 1041 68 1 2 3 10 1 0 0
ST_DELIB 1042 4 1 2 3 10 1 0 0
ST_DELIB 1043 4 1 2 3 10 1 0 0
ST_DELIB 1044 74 1 2 3 10 1 0 0
ST_DELIB 1045 4 1 2 3 10 1 0 0
ST_DELIB 1046 4 1 2 3 10 1 0 0
ST_DELIB 1047 80 1 2 3 10 1 0 0
ST_DELIB 1048 4 1 2 3 10 1 0 0
ST_DELIB 1049 4 1 2 3 10 1 0 0
ST_DELIB 1050 4 1 2 3 10 1 0 0
ST_DELIB 1051 4 1 2 3 10 1 0 0
ST_DELIB 1052 30 1 2 3 10 1 0 0
ST_DELIB 1053 30 1 2 3 10 1 0 0
ST_DELIB 1054 30 1 2 3 10 1 0 0
ST_DELIB 1055 61 1 2 3 10 1 0 0
ST_DELIB 1056 61 1 2 3 10 1 0 0
ST_DELIB 1057 61 1 2 3 10 1 0 0
ST_DELIB 1058 4 1 2 3 75 3 0 0
ST_DELIB 1059 4 1 2 3 10 3 0 0
ST_DELIB 1060 4 1 2 3 10 3 0 0
ST_DELIB 1061 4 1 2 3 10 3 0 0
ST_DELIB 1062 30 1 2 3 75 3 0 0
ST_DELIB 1063 30 1 2 3 10 3 0 0
ST_DELIB 1064 30 1 2 3 10 3 0 0
ST_DELIB 1065 68 1 2 3 75 3 0 0
ST_DELIB 1066 68 1 2 3 10 3 0 0
ST_DELIB 1067 68 1 2 3 10 3 0 0
ST_DELIB 1068 74 1 2 3 75 3 0 0
ST_DELIB 1069 74 1 2 3 10 3 0 0
ST_DELIB 1070 74 1 2 3 10 3 0 0
ST_DELIB 1071 74 1 2 3 10 3 0 0
ST_DELIB 1072 74 1 2 3 75 3 0 0
ST_DELIB 1073 74 1 2 3 10 3 0 0
ST_DELIB 1074 74 1 2 3 10 3 0 0
ST_DELIB 1075 74 1 2 3 75 3 0 0
ST_DELIB 1076 74 1 2 3 10 3 0 0
ST_DELIB 1077 74 1 2 3 10 3 0 0
ST_DELIB 1078 74 1 2 3 75 3 0 0
ST_DELIB 1079 74 1 2 3 10 3 0 0
ST_DELIB 1080 74 1 2 3 10 3 0 0
ST_DELIB 1081 74 1 2 3 10 3 0 0
ST_DELIB 1082 74 1 2 3 75 3 0 0
ST_DELIB 1083 74 1 2 3 10 3 0 0
ST_DELIB 1084 74 1 2 3 10 3 0 0
ST_DELIB 1085 74 1 2 3 75 3 0 0
ST_DELIB 1086 74 1 2 3 10 3 0 0
ST_DELIB 1087 74 1 2 3 10 3 0 0
ST_DELIB 1088 74 1 2 3 75 3 0 0
ST_DELIB 1089 74 1 2 3 10 3 0 0
ST_DELIB 1090 74 1 2 3 10 3 0 0
ST_DELIB 1091 74 1 2 3 10 3 0 0
ST_DELIB 1092 74 1 2 3 75 3 0 0
ST_DELIB 1093 74 1 2 3 10 3 0 0
ST_DELIB 1094 74 1 2 3 10 3 0 0
ST_DELIB 1095 74 1 2 3 75 3 0 0
ST_DELIB 1096 74 1 2 3 10 3 0 0
ST_DELIB 1097 74 1 2 3 10 3 0 0
ST_DELIB 1098 74 1 2 3 75 3 0 0
ST_DELIB 1099 74 1 2 3 10 3 0 0
ST_DELIB 1100 74 1 2 3 10 3 0 0
ST_DELIB 1100 74 2 2 4 10 3 0 0
ST_DELIB 1100 2 2 3 5 90 4 0 1
ST_DELIB 1100 3 2 3 5 90 4 0 1
ST_DELIB 1100 5 2 3 5 90 4 0 1
ST_DELIB 1100 6 2 3 5 90 4 0 1
ST_DELIB 1100 11 2 3 5 90 4 0 1
ST_DELIB 1100 17 2 3 5 90 4 0 1
ST_DELIB 1100 27 2 3 5 90 4 0 1
ST_DELIB 1101 74 1 2 3 1 3 0 0
ST_DELIB 1102 74 1 2 3 75 3 0 0
ST_DELIB 1103 74 1 2 3 10 3 0 0
ST_DELIB 1104 74 1 2 3 10 3 0 0
ST_DELIB 1105 74 1 2 3 75 3 0 0
ST_DELIB 1106 74 1 2 3 10 3 0 0
ST_DELIB 1107 74 1 2 3 10 3 0 0
ST_DELIB 1108 2 1 2 2 90 4 0 1
ST_DELIB 1109 2 1 2 3 10 4 0 0
ST_DELIB 1110 2 1 2 3 10 4 0 0
ST_DELIB 1111 2 1 2 3 10 4 0 0
ST_DELIB 1112 2 1 2 3 75 4 0 0
ST_DELIB 1113 2 1 2 3 10 4 0 0
ST_DELIB 1114 2 1 2 3 10 4 0 0
ST_DELIB 1115 2 1 2 3 75 4 0 0
ST_DELIB 1116 2 1 2 3 10 4 0 0
ST_DELIB 1117 2 1 2 3 10 4 0 0
ST_DELIB 1118 2 1 2 3 75 4 0 0
ST_DELIB 1119 2 1 2 3 10 4 0 0
ST_DELIB 1120 2 1 2 3 10 4 0 0
ST_DELIB 1121 2 1 2 3 10 4 0 0
ST_DELIB 1122 2 1 2 3 75 4 0 0
ST_DELIB 1123 2 1 2 3 10 4 0 0
ST_DELIB 1124 2 1 2 3 10 4 0 0
ST_DELIB 1125 2 1 2 3 75 4 0 0
ST_DELIB 1126 2 1 2 3 10 4 0 0
ST_DELIB 1127 2 1 2 3 10 4 0 0
ST_DELIB 1128 2 1 2 3 75 4 0 0
ST_DELIB 1129 2 1 2 3 10 4 0 0
ST_DELIB 1130 2 1 2 3 10 4 0 0
ST_DELIB 1131 2 1 2 3 10 4 0 0
ST_DELIB 1132 2 1 2 3 75 4 0 0
ST_DELIB 1133 2 1 2 3 10 4 0 0
ST_DELIB 1134 2 1 2 3 10 4 0 0
ST_DELIB 1135 2 1 2 3 75 4 0 0
ST_DELIB 1136 2 1 2 3 10 4 0 0
ST_DELIB 1137 2 1 2 3 10 4 0 0
ST_DELIB 1138 2 1 2 3 75 4 0 0
ST_DELIB 1139 2 1 2 3 10 4 0 0
ST_DELIB 1140 2 1 2 3 10 4 0 0
ST_DELIB 1141 2 1 2 3 10 4 0 0
ST_DELIB 1142 2 1 2 3 75 4 0 0
ST_DELIB 1143 2 1 2 3 10 4 0 0
ST_DELIB 1144 2 1 2 3 10 4 0 0
ST_DELIB 1145 2 1 2 3 75 4 0 0
ST_DELIB 1146 2 1 2 3 10 4 0 0
ST_DELIB 1147 2 1 2 3 10 4 0 0
ST_DELIB 1148 2 1 2 3 75 4 0 0
ST_DELIB 1149 2 1 2 3 10 4 0 0
ST_DELIB 1150 2 1 2 3 10 4 0 0
ST_DELIB 1151 2 1 2 3 10 4 0 0
ST_DELIB 1152 2 1 2 3 75 4 0 0
ST_DELIB 1153 2 1 2 3 10 4 0 0
ST_DELIB 1154 2 1 2 3 10 4 0 0
ST_DELIB 1155 2 1 2 3 75 4 0 0
ST_DELIB 1156 2 1 2 3 10 4 0 0
ST_DELIB 1157 2 1 2 3 10 4 0 0
ST_DELIB 1158 3 1 2 2 90 4 0 1
ST_DELIB 1159 3 1 2 3 10 4 0 0
ST_DELIB 1160 3 1 2 3 10 4 0 0
ST_DELIB 1161 3 1 2 3 10 4 0 0
ST_DELIB 1162 3 1 2 3 75 4 0 0
ST_DELIB 1163 3 1 2 3 10 4 0 0
ST_DELIB 1164 3 1 2 3 10 4 0 0
ST_DELIB 1165 3 1 2 3 75 4 0 0
ST_DELIB 1166 3 1 2 3 10 4 0 0
ST_DELIB 1167 3 1 2 3 10 4 0 0
ST_DELIB 1168 3 1 2 3 75 4 0 0
ST_DELIB 1169 3 1 2 3 10 4 0 0
ST_DELIB 1170 3 1 2 3 10 4 0 0
ST_DELIB 1171 3 1 2 3 10 4 0 0
ST_DELIB 1172 3 1 2 3 75 4 0 0
ST_DELIB 1173 3 1 2 3 10 4 0 0
ST_DELIB 1174 3 1 2 3 10 4 0 0
ST_DELIB 1175 3 1 2 3 75 4 0 0
ST_DELIB 1176 3 1 2 3 10 4 0 0
ST_DELIB 1177 3 1 2 3 10 4 0 0
ST_DELIB 1178 3 1 2 3 75 4 0 0
ST_DELIB 1179 3 1 2 3 10 4 0 0
ST_DELIB 1180 3 1 2 3 10 4 0 0
ST_DELIB 1181 3 1 2 3 10 4 0 0
ST_DELIB 1182 3 1 2 3 75 4 0 0
ST_DELIB 1183 3 1 2 3 10 4 0 0
ST_DELIB 1184 3 1 2 3 10 4 0 0
ST_DELIB 1185 3 1 2 3 75 4 0 0
ST_DELIB 1186 3 1 2 3 10 4 0 0
ST_DELIB 1187 3 1 2 3 10 4 0 0
ST_DELIB 1188 3 1 2 3 75 4 0 0
ST_DELIB 1189 3 1 2 3 10 4 0 0
ST_DELIB 1190 3 1 2 3 10 4 0 0
ST_DELIB 1191 3 1 2 3 10 4 0 0
ST_DELIB 1192 3 1 2 3 75 4 0 0
ST_DELIB 1193 3 1 2 3 10 4 0 0
ST_DELIB 1194 3 1 2 3 10 4 0 0
ST_DELIB 1195 3 1 2 3 75 4 0 0
ST_DELIB 1196 3 1 2 3 10 4 0 0
ST_DELIB 1197 3 1 2 3 10 4 0 0
ST_DELIB 1198 3 1 2 3 75 4 0 0
ST_DELIB 1199 3 1 2 3 10 4 0 0
ST_DELIB 1200 3 1 2 3 10 4 0 0
ST_DELIB 1200 3 2 2 4 10 4 0 0
ST_DELIB 1200 5 2 3 5 90 4 0 1
ST_DELIB 1200 6 2 3 5 90 4 0 1
ST_DELIB 1200 11 2 3 5 90 4 0 1
ST_DELIB 1200 17 2 3 5 90 4 0 1
ST_DELIB 1200 27 2 3 5 90 4 0 1
ST_DELIB 1200 33 2 3 5 90 4 0 1
ST_DELIB 1200 35 2 3 5 90 4 0 1
ST_DELIB 1201 3 1 2 3 1 4 0 0
ST_DELIB 1202 3 1 2 3 75 4 0 0
ST_DELIB 1203 3 1 2 3 10 4 0 0
ST_DELIB 1204 3 1 2 3 10 4 0 0
ST_DELIB 1205 3 1 2 3 75 4 0 0
ST_DELIB 1206 3 1 2 3 10 4 0 0
ST_DELIB 1207 3 1 2 3 10 4 0 0
ST_DELIB 1208 5 1 2 2 90 4 0 1
ST_DELIB 1209 5 1 2 3 10 4 0 0
ST_DELIB 1210 5 1 2 3 10 4 0 0
ST_DELIB 1211 5 1 2 3 10 4 0 0
ST_DELIB 1212 5 1 2 3 75 4 0 0
ST_DELIB 1213 5 1 2 3 10 4 0 0
ST_DELIB 1214 5 1 2 3 10 4 0 0
ST_DELIB 1215 5 1 2 3 75 4 0 0
ST_DELIB 1216 5 1 2 3 10 4 0 0
ST_DELIB 1217 5 1 2 3 10 4 0 0
ST_DELIB 1218 5 1 2 3 75 4 0 0
ST_DELIB 1219 5 1 2 3 10 4 0 0
ST_DELIB 1220 5 1 2 3 10 4 0 0
ST_DELIB 1221 5 1 2 3 10 4 0 0
ST_DELIB 1222 5 1 2 3 75 4 0 0
ST_DELIB 1223 5 1 2 3 10 4 0 0
ST_DELIB 1224 5 1 2 3 10 4 0 0
ST_DELIB 1225 5 1 2 3 75 4 0 0
ST_DELIB 1226 5 1 2 3 10 4 0 0
ST_DELIB 1227 5 1 2 3 10 4 0 0
ST_DELIB 1228 5 1 2 3 75 4 0 0
ST_DELIB 1229 5 1 2 3 10 4 0 0
ST_DELIB 1230 5 1 2 3 10 4 0 0
ST_DELIB 1231 5 1 2 3 10 4 0 0
ST_DELIB 1232 5 1 2 3 75 4 0 0
ST_DELIB 1233 5 1 2 3 10 4 0 0
ST_DELIB 1234 5 1 2 3 10 4 0 0
ST_DELIB 1235 5 1 2 3 75 4 0 0
ST_DELIB 1236 5 1 2 3 10 4 0 0
ST_DELIB 1237 5 1 2 3 10 4 0 0
ST_DELIB 1238 5 1 2 3 75 4 0 0
ST_DELIB 1239 5 1 2 3 10 4 0 0
ST_DELIB 1240 5 1 2 3 10 4 0 0
ST_DELIB 1241 5 1 2 3 10 4 0 0
ST_DELIB 1242 5 1 2 3 75 4 0 0
ST_DELIB 1243 5 1 2 3 10 4 0 0
ST_DELIB 1244 5 1 2 3 10 4 0 0
ST_DELIB 1245 5 1 2 3 75 4 0 0
ST_DELIB 1246 5 1 2 3 10 4 0 0
ST_DELIB 1247 5 1 2 3 10 4 0 0
ST_DELIB 1248 5 1 2 3 75 4 0 0
ST_DELIB 1249 5 1 2 3 10 4 0 0
ST_TS 1250 320 1939 0 1485 0 954 0 317 375 0 0 0 0 0 0 0
ST_DELIB 1250 5 1 2 3 10 4 0 0
ST_DELIB 1251 5 1 2 3 10 4 0 0
ST_DELIB 1252 5 1 2 3 75 4 0 0
ST_DELIB 1253 5 1 2 3 10 4 0 0
ST_DELIB 1254 5 1 2 3 10 4 0 0
ST_DELIB 1255 5 1 2 3 75 4 0 0
ST_DELIB 1256 5 1 2 3 10 4 0 0
ST_DELIB 1257 5 1 2 3 10 4 0 0
ST_DELIB 1258 6 1 2 2 90 4 0 1
ST_DELIB 1259 6 1 2 3 10 4 0 0
ST_DELIB 1260 6 1 2 3 10 4 0 0
ST_DELIB 1261 6 1 2 3 10 4 0 0
ST_DELIB 1262 6 1 2 3 75 4 0 0
ST_DELIB 1263 6 1 2 3 10 4 0 0
ST_DELIB 1264 6 1 2 3 10 4 0 0
ST_DELIB 1265 6 1 2 3 75 4 0 0
ST_DELIB 1266 6 1 2 3 10 4 0 0
ST_DELIB 1267 6 1 2 3 10 4 0 0
ST_DELIB 1268 6 1 2 3 75 4 0 0
ST_DELIB 1269 6 1 2 3 10 4 0 0
ST_DELIB 1270 6 1 2 3 10 4 0 0
ST_DELIB 1271 6 1 2 3 10 4 0 0
ST_DELIB 1272 6 1 2 3 75 4 0 0
ST_DELIB 1273 6 1 2 3 10 4 0 0
ST_DELIB 1274 6 1 2 3 10 4 0 0
ST_DELIB 1275 6 1 2 3 75 4 0 0
ST_DELIB 1276 6 1 2 3 10 4 0 0
ST_DELIB 1277 6 1 2 3 10 4 0 0
ST_DELIB 1278 6 1 2 3 75 4 0 0
ST_DELIB 1279 6 1 2 3 10 4 0 0
ST_DELIB 1280 6 1 2 3 10 4 0 0
ST_DELIB 1281 6 1 2 3 10 4 0 0
ST_DELIB 1282 6 1 2 3 75 4 0 0
ST_DELIB 1283 6 1 2 3 10 4 0 0
ST_DELIB 1284 6 1 2 3 10 4 0 0
ST_DELIB 1285 6 1 2 3 75 4 0 0
ST_DELIB 1286 6 1 2 3 10 4 0 0
ST_DELIB 1287 6 1 2 3 10 4 0 0
ST_DELIB 1288 6 1 2 3 75 4 0 0
ST_DELIB 1289 6 1 2 3 10 4 0 0
ST_DELIB 1290 6 1 2 3 10 4 0 0
ST_DELIB 1291 6 1 2 3 10 4 0 0
ST_DELIB 1292 6 1 2 3 75 4 0 0
ST_DELIB 1293 6 1 2 3 10 4 0 0
ST_DELIB 1294 6 1 2 3 10 4 0 0
ST_DELIB 1295 6 1 2 3 75 4 0 0
ST_DELIB 1296 6 1 2 3 10 4 0 0
ST_DELIB 1297 6 1 2 3 10 4 0 0
ST_DELIB 1298 6 1 2 3 75 4 0 0
ST_DELIB 1299 6 1 2 3 10 4 0 0
ST_DELIB 1300 6 1 2 3 10 4 0 0
ST_DELIB 1300 6 2 2 4 10 4 0 0
ST_DELIB 1300 11 2 3 5 90 4 0 1
ST_DELIB 1300 17 2 3 5 90 4 0 1
ST_DELIB 1300 27 2 3 5 90 4 0 1
ST_DELIB 1300 33 2 3 5 90 4 0 1
ST_DELIB 1300 35 2 3 5 90 4 0 1
ST_DELIB 1300 36 2 3 5 90 4 0 1
ST_DELIB 1300 37 2 3 5 90 4 0 1
ST_DELIB 1301 6 1 2 3 1 4 0 0
ST_DELIB 1302 6 1 2 3 75 4 0 0
ST_DELIB 1303 6 1 2 3 10 4 0 0
ST_DELIB 1304 6 1 2 3 10 4 0 0
ST_DELIB 1305 6 1 2 3 75 4 0 0
ST_DELIB 1306 6 1 2 3 10 4 0 0
ST_DELIB 1307 6 1 2 3 10 4 0 0
ST_DELIB 1308 11 1 2 2 90 4 0 1
ST_DELIB 1309 11 1 2 3 10 4 0 0
ST_DELIB 1310 11 1 2 3 10 4 0 0
ST_DELIB 1311 11 1 2 3 10 4 0 0
ST_DELIB 1312 11 1 2 3 75 4 0 0
ST_DELIB 1313 11 1 2 3 10 4 0 0
ST_DELIB 1314 11 1 2 3 10 4 0 0
ST_DELIB 1315 11 1 2 3 75 4 0 0
ST_DELIB 1316 11 1 2 3 10 4 0 0
ST_DELIB 1317 11 1 2 3 10 4 0 0
ST_DELIB 1318 11 1 2 3 75 4 0 0
ST_DELIB 1319 11 1 2 3 10 4 0 0
ST_DELIB 1320 11 1 2 3 10 4 0 0
ST_DELIB 1321 11 1 2 3 10 4 0 0
ST_DELIB 1322 11 1 2 3 75 4 0 0
ST_DELIB 1323 11 1 2 3 10 4 0 0
ST_DELIB 1324 11 1 2 3 10 4 0 0
ST_DELIB 1325 11 1 2 3 75 4 0 0
ST_DELIB 1326 11 1 2 3 10 4 0 0
ST_DELIB 1327 11 1 2 3 10 4 0 0
ST_DELIB 1328 11 1 2 3 75 4 0 0
ST_DELIB 1329 11 1 2 3 10 4 0 0
ST_DELIB 1330 11 1 2 3 10 4 0 0
ST_DELIB 1331 11 1 2 3 10 4 0 0
ST_DELIB 1332 11 1 2 3 75 4 0 0
ST_DELIB 1333 11 1 2 3 10 4 0 0
ST_DELIB 1334 11 1 2 3 10 4 0 0
ST_DELIB 1335 11 1 2 3 75 4 0 0
ST_DELIB 1336 11 1 2 3 10 4 0 0
ST_DELIB 1337 11 1 2 3 10 4 0 0
ST_DELIB 1338 11 1 2 3 75 4 0 0
ST_DELIB 1339 11 1 2 3 10 4 0 0
ST_DELIB 1340 11 1 2 3 10 4 0 0
ST_DELIB 1341 11 1 2 3 10 4 0 0
ST_DELIB 1342 11 1 2 3 75 4 0 0
ST_DELIB 1343 11 1 2 3 10 4 0 0
ST_DELIB 1344 11 1 2 3 10 4 0 0
ST_DELIB 1345 11 1 2 3 75 4 0 0
ST_DELIB 1346 11 1 2 3 10 4 0 0
ST_DELIB 1347 11 1 2 3 10 4 0 0
ST_DELIB 1348 11 1 2 3 75 4 0 0
ST_DELIB 1349 11 1 2 3 10 4 0 0
ST_DELIB 1350 11 1 2 3 10 4 0 0
ST_DELIB 1351 11 1 2 3 10 4 0 0
ST_DELIB 1352 11 1 2 3 75 4 0 0
ST_DELIB 1353 11 1 2 3 10 4 0 0
ST_DELIB 1354 11 1 2 3 10 4 0 0
ST_DELIB 1355 11 1 2 3 75 4 0 0
ST_DELIB 1356 11 1 2 3 10 4 0 0
ST_DELIB 1357 11 1 2 3 10 4 0 0
ST_DELIB 1358 17 1 2 2 90 4 0 1
ST_DELIB 1359 17 1 2 3 10 4 0 0
ST_DELIB 1360 17 1 2 3 10 4 0 0
ST_DELIB 1361 17 1 2 3 10 4 0 0
ST_DELIB 1362 17 1 2 3 75 4 0 0
ST_DELIB 1363 17 1 2 3 10 4 0 0
ST_DELIB 1364 17 1 2 3 10 4 0 0
ST_DELIB 1365 17 1 2 3 75 4 0 0
ST_DELIB 1366 17 1 2 3 10 4 0 0
ST_DELIB 1367 17 1 2 3 10 4 0 0
ST_DELIB 1368 17 1 2 3 75 4 0 0
ST_DELIB 1369 17 1 2 3 10 4 0 0
ST_DELIB 1370 17 1 2 3 10 4 0 0
ST_DELIB 1371 17 1 2 3 10 4 0 0
ST_DELIB 1372 17 1 2 3 75 4 0 0
ST_DELIB 1373 17 1 2 3 10 4 0 0
ST_DELIB 1374 17 1 2 3 10 4 0 0
ST_DELIB 1375 17 1 2 3 75 4 0 0
ST_DELIB 1376 17 1 2 3 10 4 0 0
ST_DELIB 1377 17 1 2 3 10 4 0 0
ST_DELIB 1378 17 1 2 3 75 4 0 0
ST_DELIB 1379 17 1 2 3 10 4 0 0
ST_DELIB 1380 17 1 2 3 10 4 0 0
ST_DELIB 1381 17 1 2 3 10 4 0 0
ST_DELIB 1382 17 1 2 3 75 4 0 0
ST_DELIB 1383 17 1 2 3 10 4 0 0
ST_DELIB 1384 17 1 2 3 10 4 0 0
ST_DELIB 1385 17 1 2 3 75 4 0 0
ST_DELIB 1386 17 1 2 3 10 4 0 0
ST_DELIB 1387 17 1 2 3 10 4 0 0
ST_DELIB 1388 17 1 2 3 75 4 0 0
ST_DELIB 1389 17 1 2 3 10 4 0 0
ST_DELIB 1390 17 1 2 3 10 4 0 0
ST_DELIB 1391 17 1 2 3 10 4 0 0
ST_DELIB 1392 17 1 2 3 75 4 0 0
ST_DELIB 1393 17 1 2 3 10 4 0 0
ST_DELIB 1394 17 1 2 3 10 4 0 0
ST_DELIB 1395 17 1 2 3 75 4 0 0
ST_DELIB 1396 17 1 2 3 10 4 0 0
ST_DELIB 1397 17 1 2 3 10 4 0 0
ST_DELIB 1398 17 1 2 3 75 4 0 0
ST_DELIB 1399 17 1 2 3 10 4 0 0
ST_DELIB 1400 17 1 2 3 10 4 0 0
ST_DELIB 1400 17 2 2 4 10 4 0 0
ST_DELIB 1400 27 2 3 5 90 4 0 1
ST_DELIB 1400 33 2 3 5 90 4 0 1
ST_DELIB 1400 35 2 3 5 90 4 0 1
ST_DELIB 1400 36 2 3 5 90 4 0 1
ST_DELIB 1400 37 2 3 5 90 4 0 1
ST_DELIB 1400 39 2 3 5 90 4 0 1
ST_DELIB 1400 45 2 3 5 90 4 0 1
ST_DELIB 1401 17 1 2 3 1 4 0 0
ST_DELIB 1402 17 1 2 3 75 4 0 0
ST_DELIB 1403 17 1 2 3 10 4 0 0
ST_DELIB 1404 17 1 2 3 10 4 0 0
ST_DELIB 1405 17 1 2 3 75 4 0 0
ST_DELIB 1406 17 1 2 3 10 4 0 0
ST_DELIB 1407 17 1 2 3 10 4 0 0
ST_DELIB 1408 27 1 2 2 90 4 0 1
ST_DELIB 1409 27 1 2 3 10 4 0 0
ST_DELIB 1410 27 1 2 3 10 4 0 0
ST_DELIB 1411 27 1 2 3 10 4 0 0
ST_DELIB 1412 27 1 2 3 75 4 0 0
ST_DELIB 1413 27 1 2 3 10 4 0 0
ST_DELIB 1414 27 1 2 3 10 4 0 0
ST_DELIB 1415 27 1 2 3 75 4 0 0
ST_DELIB 1416 27 1 2 3 10 4 0 0
ST_DELIB 1417 27 1 2 3 10 4 0 0
ST_DELIB 1418 27 1 2 3 75 4 0 0
ST_DELIB 1419 27 1 2 3 10 4 0 0
ST_DELIB 1420 27 1 2 3 10 4 0 0
ST_DELIB 1421 27 1 2 3 10 4 0 0
ST_DELIB 1422 27 1 2 3 75 4 0 0
ST_DELIB 1423 27 1 2 3 10 4 0 0
ST_DELIB 1424 27 1 2 3 10 4 0 0
ST_DELIB 1425 27 1 2 3 75 4 0 0
ST_DELIB 1426 27 1 2 3 10 4 0 0
ST_DELIB 1427 27 1 2 3 10 4 0 0
ST_DELIB 1428 27 1 2 3 75 4 0 0
ST_DELIB 1429 27 1 2 3 10 4 0 0
ST_DELIB 1430 27 1 2 3 10 4 0 0
ST_DELIB 1431 27 1 2 3 10 4 0 0
ST_DELIB 1432 27 1 2 3 75 4 0 0
ST_DELIB 1433 27 1 2 3 10 4 0 0
ST_DELIB 1434 27 1 2 3 10 4 0 0
ST_DELIB 1435 27 1 2 3 75 4 0 0
ST_DELIB 1436 27 1 2 3 10 4 0 0
ST_DELIB 1437 27 1 2 3 10 4 0 0
ST_DELIB 1438 27 1 2 3 75 4 0 0
ST_DELIB 1439 27 1 2 3 10 4 0 0
ST_DELIB 1440 27 1 2 3 10 4 0 0
ST_DELIB 1441 27 1 2 3 10 4 0 0
ST_DELIB 1442 27 1 2 3 75 4 0 0
ST_DELIB 1443 27 1 2 3 10 4 0 0
ST_DELIB 1444 27 1 2 3 10 4 0 0
ST_DELIB 1445 27 1 2 3 75 4 0 0
ST_DELIB 1446 27 1 2 3 10 4 0 0
ST_DELIB 1447 27 1 2 3 10 4 0 0
ST_DELIB 1448 27 1 2 3 75 4 0 0
ST_DELIB 1449 27 1 2 3 10 4 0 0
ST_DELIB 1450 27 1 2 3 10 4 0 0
ST_DELIB 1451 27 1 2 3 10 4 0 0
ST_DELIB 1452 27 1 2 3 75 4 0 0
ST_DELIB 1453 27 1 2 3 10 4 0 0
ST_DELIB 1454 27 1 2 3 10 4 0 0
ST_DELIB 1455 27 1 2 3 75 4 0 0
ST_DELIB 1456 27 1 2 3 10 4 0 0
ST_DELIB 1457 27 1 2 3 10 4 0 0
ST_DELIB 1458 33 1 2 2 90 4 0 1
ST_DELIB 1459 33 1 2 3 10 4 0 0
ST_DELIB 1460 33 1 2 3 10 4 0 0
ST_DELIB 1461 33 1 2 3 10 4 0 0
ST_DELIB 1462 33 1 2 3 75 4 0 0
ST_DELIB 1463 33 1 2 3 10 4 0 0
ST_DELIB 1464 33 1 2 3 10 4 0 0
ST_DELIB 1465 33 1 2 3 75 4 0 0
ST_DELIB 1466 33 1 2 3 10 4 0 0
ST_DELIB 1467 33 1 2 3 10 4 0 0
ST_DELIB 1468 33 1 2 3 75 4 0 0
ST_DELIB 1469 33 1 2 3 10 4 0 0
ST_DELIB 1470 33 1 2 3 10 4 0 0
ST_DELIB 1471 33 1 2 3 10 4 0 0
ST_DELIB 1472 33 1 2 3 75 4 0 0
ST_DELIB 1473 33 1 2 3 10 4 0 0
ST_DELIB 1474 33 1 2 3 10 4 0 0
ST_DELIB 1475 33 1 2 3 75 4 0 0
ST_DELIB 1476 33 1 2 3 10 4 0 0
ST_DELIB 1477 33 1 2 3 10 4 0 0
ST_DELIB 1478 33 1 2 3 75 4 0 0
ST_DELIB 1479 33 1 2 3 10 4 0 0
ST_DELIB 1480 33 1 2 3 10 4 0 0
ST_DELIB 1481 33 1 2 3 10 4 0 0
ST_DELIB 1482 33 1 2 3 75 4 0 0
ST_DELIB 1483 33 1 2 3 10 4 0 0
ST_DELIB 1484 33 1 2 3 10 4 0 0
ST_DELIB 1485 33 1 2 3 75 4 0 0
ST_DELIB 1486 33 1 2 3 10 4 0 0
ST_DELIB 1487 33 1 2 3 10 4 0 0
ST_DELIB 1488 33 1 2 3 75 4 0 0
ST_DELIB 1489 33 1 2 3 10 4 0 0
ST_DELIB 1490 33 1 2 3 10 4 0 0
ST_DELIB 1491 33 1 2 3 10 4 0 0
ST_DELIB 1492 33 1 2 3 75 4 0 0
ST_DELIB 1493 33 1 2 3 10 4 0 0
ST_DELIB 1494 33 1 2 3 10 4 0 0
ST_DELIB 1495 33 1 2 3 75 4 0 0
ST_DELIB 1496 33 1 2 3 10 4 0 0
ST_DELIB 1497 33 1 2 3 10 4 0 0
ST_DELIB 1498 33 1 2 3 75 4 0 0
ST_DELIB 1499 33 1 2 3 10 4 0 0
ST_TS 1500 320 2206 0 2493 0 1206 0 317 450 0 0 0 0 0 0 0
ST_DELIB 1500 33 1 2 3 10 4 0 0
ST_DELIB 1500 33 2 2 4 10 4 0 0
ST_DELIB 1500 35 2 3 5 90 4 0 1
ST_DELIB 1500 36 2 3 5 90 4 0 1
ST_DELIB 1500 37 2 3 5 90 4 0 1
ST_DELIB 1500 39 2 3 5 90 4 0 1
ST_DELIB 1500 45 2 3 5 90 4 0 1
ST_DELIB 1500 62 2 3 5 90 4 0 1
ST_DELIB 1500 63 2 3 5 90 4 0 1
ST_DELIB 1501 33 1 2 3 1 4 0 0
ST_DELIB 1502 33 1 2 3 75 4 0 0
ST_DELIB 1503 33 1 2 3 10 4 0 0
ST_DELIB 1504 33 1 2 3 10 4 0 0
ST_DELIB 1505 33 1 2 3 75 4 0 0
ST_DELIB 1506 33 1 2 3 10 4 0 0
ST_DELIB 1507 33 1 2 3 10 4 0 0
ST_DELIB 1508 35 1 2 2 90 4 0 1
ST_DELIB 1509 35 1 2 3 10 4 0 0
ST_DELIB 1510 35 1 2 3 10 4 0 0
ST_DELIB 1511 35 1 2 3 10 4 0 0
ST_DELIB 1512 35 1 2 3 75 4 0 0
ST_DELIB 1513 35 1 2 3 10 4 0 0
ST_DELIB 1514 35 1 2 3 10 4 0 0
ST_DELIB 1515 35 1 2 3 75 4 0 0
ST_DELIB 1516 35 1 2 3 10 4 0 0
ST_DELIB 1517 35 1 2 3 10 4 0 0
ST_DELIB 1518 35 1 2 3 75 4 0 0
ST_DELIB 1519 35 1 2 3 10 4 0 0
ST_DELIB 1520 35 1 2 3 10 4 0 0
ST_DELIB 1521 35 1 2 3 10 4 0 0
ST_DELIB 1522 35 1 2 3 75 4 0 0
ST_DELIB 1523 35 1 2 3 10 4 0 0
ST_DELIB 1524 35 1 2 3 10 4 0 0
ST_DELIB 1525 35 1 2 3 75 4 0 0
ST_DELIB 1526 35 1 2 3 10 4 0 0
ST_DELIB 1527 35 1 2 3 10 4 0 0
ST_DELIB 1528 35 1 2 3 75 4 0 0
ST_DELIB 1529 35 1 2 3 10 4 0 0
ST_DELIB 1530 35 1 2 3 10 4 0 0
ST_DELIB 1531 35 1 2 3 10 4 0 0
ST_DELIB 1532 35 1 2 3 75 4 0 0
ST_DELIB 1533 35 1 2 3 10 4 0 0
ST_DELIB 1534 35 1 2 3 10 4 0 0
ST_DELIB 1535 35 1 2 3 75 4 0 0
ST_DELIB 1536 35 1 2 3 10 4 0 0
ST_DELIB 1537 35 1 2 3 10 4 0 0
ST_DELIB 1538 35 1 2 3 75 4 0 0
ST_DELIB 1539 35 1 2 3 10 4 0 0
ST_DELIB 1540 35 1 2 3 10 4 0 0
ST_DELIB 1541 35 1 2 3 10 4 0 0
ST_DELIB 1542 35 1 2 3 75 4 0 0
ST_DELIB 1543 35 1 2 3 10 4 0 0
ST_DELIB 1544 35 1 2 3 10 4 0 0
ST_DELIB 1545 35 1 2 3 75 4 0 0
ST_DELIB 1546 35 1 2 3 10 4 0 0
ST_DELIB 1547 35 1 2 3 10 4 0 0
ST_DELIB 1548 35 1 2 3 75 4 0 0
ST_DELIB 1549 35 1 2 3 10 4 0 0
ST_DELIB 1550 35 1 2 3 10 4 0 0
ST_DELIB 1551 35 1 2 3 10 4 0 0
ST_DELIB 1552 35 1 2 3 75 4 0 0
ST_DELIB 1553 35 1 2 3 10 4 0 0
ST_DELIB 1554 35 1 2 3 10 4 0 0
ST_DELIB 1555 35 1 2 3 75 4 0 0
ST_DELIB 1556 35 1 2 3 10 4 0 0
ST_DELIB 1557 35 1 2 3 10 4 0 0
ST_DELIB 1558 36 1 2 2 90 4 0 1
ST_DELIB 1559 36 1 2 3 10 4 0 0
ST_DELIB 1560 36 1 2 3 10 4 0 0
ST_DELIB 1561 36 1 2 3 10 4 0 0
ST_DELIB 1562 36 1 2 3 75 4 0 0
ST_DELIB 1563 36 1 2 3 10 4 0 0
ST_DELIB 1564 36 1 2 3 10 4 0 0
ST_DELIB 1565 36 1 2 3 75 4 0 0
ST_DELIB 1566 36 1 2 3 10 4 0 0
ST_DELIB 1567 36 1 2 3 10 4 0 0
ST_DELIB 1568 36 1 2 3 75 4 0 0
ST_DELIB 1569 36 1 2 3 10 4 0 0
ST_DELIB 1570 36 1 2 3 10 4 0 0
ST_DELIB 1571 36 1 2 3 10 4 0 0
ST_DELIB 1572 36 1 2 3 75 4 0 0
ST_DELIB 1573 36 1 2 3 10 4 0 0
ST_DELIB 1574 36 1 2 3 10 4 0 0
ST_DELIB 1575 36 1 2 3 75 4 0 0
ST_DELIB 1576 36 1 2 3 10 4 0 0
ST_DELIB 1577 36 1 2 3 10 4 0 0
ST_DELIB 1578 36 1 2 3 75 4 0 0
ST_DELIB 1579 36 1 2 3 10 4 0 0
ST_DELIB 1580 36 1 2 3 10 4 0 0
ST_DELIB 1581 36 1 2 3 10 4 0 0
ST_DELIB 1582 36 1 2 3 75 4 0 0
ST_DELIB 1583 36 1 2 3 10 4 0 0
ST_DELIB 1584 36 1 2 3 10 4 0 0
ST_DELIB 1585 36 1 2 3 75 4 0 0
ST_DELIB 1586 36 1 2 3 10 4 0 0
ST_DELIB 1587 36 1 2 3 10 4 0 0
ST_DELIB 1588 36 1 2 3 75 4 0 0
ST_DELIB 1589 36 1 2 3 10 4 0 0
ST_DELIB 1590 36 1 2 3 10 4 0 0
ST_DELIB 1591 36 1 2 3 10 4 0 0
ST_DELIB 1592 36 1 2 3 75 4 0 0
ST_DELIB 1593 36 1 2 3 10 4 0 0
ST_DELIB 1594 36 1 2 3 10 4 0 0
ST_DELIB 1595 36 1 2 3 75 4 0 0
ST_DELIB 1596 36 1 2 3 10 4 0 0
ST_DELIB 1597 36 1 2 3 10 4 0 0
ST_DELIB 1598 36 1 2 3 75 4 0 0
ST_DELIB 1599 36 1 2 3 10 4 0 0
ST_DELIB 1600 36 1 2 3 10 4 0 0
ST_DELIB 1600 36 2 2 4 10 4 0 0
ST_DELIB 1600 37 2 3 5 90 4 0 1
ST_DELIB 1600 39 2 3 5 90 4 0 1
ST_DELIB 1600 45 2 3 5 90 4 0 1
ST_DELIB 1600 62 2 3 5 90 4 0 1
ST_DELIB 1600 63 2 3 5 90 4 0 1
ST_DELIB 1600 64 2 3 5 90 4 0 1
ST_DELIB 1600 66 2 3 5 90 4 0 1
ST_DELIB 1601 36 1 2 3 1 4 0 0
ST_DELIB 1602 36 1 2 3 75 4 0 0
ST_DELIB 1603 36 1 2 3 10 4 0 0
ST_DELIB 1604 36 1 2 3 10 4 0 0
ST_DELIB 1605 36 1 2 3 75 4 0 0
ST_DELIB 1606 36 1 2 3 10 4 0 0
ST_DELIB 1607 36 1 2 3 10 4 0 0
ST_DELIB 1608 37 1 2 2 90 4 0 1
ST_DELIB 1609 37 1 2 3 10 4 0 0
ST_DELIB 1610 37 1 2 3 10 4 0 0
ST_DELIB 1611 37 1 2 3 10 4 0 0
ST_DELIB 1612 37 1 2 3 75 4 0 0
ST_DELIB 1613 37 1 2 3 10 4 0 0
ST_DELIB 1614 37 1 2 3 10 4 0 0
ST_DELIB 1615 37 1 2 3 75 4 0 0
ST_DELIB 1616 37 1 2 3 10 4 0 0
ST_DELIB 1617 37 1 2 3 10 4 0 0
ST_DELIB 1618 37 1 2 3 75 4 0 0
ST_DELIB 1619 37 1 2 3 10 4 0 0
ST_DELIB 1620 37 1 2 3 10 4 0 0
ST_DELIB 1621 37 1 2 3 10 4 0 0
ST_DELIB 1622 37 1 2 3 75 4 0 0
ST_DELIB 1623 37 1 2 3 10 4 0 0
ST_DELIB 1624 37 1 2 3 10 4 0 0
ST_DELIB 1625 37 1 2 3 75 4 0 0
ST_DELIB 1626 37 1 2 3 10 4 0 0
ST_DELIB 1627 37 1 2 3 10 4 0 0
ST_DELIB 1628 37 1 2 3 75 4 0 0
ST_DELIB 1629 37 1 2 3 10 4 0 0
ST_DELIB 1630 37 1 2 3 10 4 0 0
ST_DELIB 1631 37 1 2 3 10 4 0 0
ST_DELIB 1632 37 1 2 3 75 4 0 0
ST_DELIB 1633 37 1 2 3 10 4 0 0
ST_DELIB 1634 37 1 2 3 10 4 0 0
ST_DELIB 1635 37 1 2 3 75 4 0 0
ST_DELIB 1636 37 1 2 3 10 4 0 0
ST_DELIB 1637 37 1 2 3 10 4 0 0
ST_DELIB 1638 37 1 2 3 75 4 0 0
ST_DELIB 1639 37 1 2 3 10 4 0 0
ST_DELIB 1640 37 1 2 3 10 4 0 0
ST_DELIB 1641 37 1 2 3 10 4 0 0
ST_DELIB 1642 37 1 2 3 75 4 0 0
ST_DELIB 1643 37 1 2 3 10 4 0 0
ST_DELIB 1644 37 1 2 3 10 4 0 0
ST_DELIB 1645 37 1 2 3 75 4 0 0
ST_DELIB 1646 37 1 2 3 10 4 0 0
ST_DELIB 1647 37 1 2 3 10 4 0 0
ST_DELIB 1648 37 1 2 3 75 4 0 0
ST_DELIB 1649 37 1 2 3 10 4 0 0
ST_DELIB 1650 37 1 2 3 10 4 0 0
ST_DELIB 1651 37 1 2 3 10 4 0 0
ST_DELIB 1652 37 1 2 3 75 4 0 0
ST_DELIB 1653 37 1 2 3 10 4 0 0
ST_DELIB 1654 37 1 2 3 10 4 0 0
ST_DELIB 1655 37 1 2 3 75 4 0 0
ST_DELIB 1656 37 1 2 3 10 4 0 0
ST_DELIB 1657 37 1 2 3 10 4 0 0
ST_DELIB 1658 39 1 2 2 90 4 0 1
ST_DELIB 1659 39 1 2 3 10 4 0 0
ST_DELIB 1660 39 1 2 3 10 4 0 0
ST_DELIB 1661 39 1 2 3 10 4 0 0
ST_DELIB 1662 39 1 2 3 75 4 0 0
ST_DELIB 1663 39 1 2 3 10 4 0 0
ST_DELIB 1664 39 1 2 3 10 4 0 0
ST_DELIB 1665 39 1 2 3 75 4 0 0
ST_DELIB 1666 39 1 2 3 10 4 0 0
ST_DELIB 1667 39 1 2 3 10 4 0 0
ST_DELIB 1668 39 1 2 3 75 4 0 0
ST_DELIB 1669 39 1 2 3 10 4 0 0
ST_DELIB 1670 39 1 2 3 10 4 0 0
ST_DELIB 1671 39 1 2 3 10 4 0 0
ST_DELIB 1672 39 1 2 3 75 4 0 0
ST_DELIB 1673 39 1 2 3 10 4 0 0
ST_DELIB 1674 39 1 2 3 10 4 0 0
ST_DELIB 1675 39 1 2 3 75 4 0 0
ST_DELIB 1676 39 1 2 3 10 4 0 0
ST_DELIB 1677 39 1 2 3 10 4 0 0
ST_DELIB 1678 39 1 2 3 75 4 0 0
ST_DELIB 1679 39 1 2 3 10 4 0 0
ST_DELIB 1680 39 1 2 3 10 4 0 0
ST_DELIB 1681 39 1 2 3 10 4 0 0
ST_DELIB 1682 39 1 2 3 75 4 0 0
ST_DELIB 1683 39 1 2 3 10 4 0 0
ST_DELIB 1684 39 1 2 3 10 4 0 0
ST_DELIB 1685 39 1 2 3 75 4 0 0
ST_DELIB 1686 39 1 2 3 10 4 0 0
ST_DELIB 1687 39 1 2 3 10 4 0 0
ST_DELIB 1688 39 1 2 3 75 4 0 0
ST_DELIB 1689 39 1 2 3 10 4 0 0
ST_DELIB 1690 39 1 2 3 10 4 0 0
ST_DELIB 1691 39 1 2 3 10 4 0 0
ST_DELIB 1692 39 1 2 3 75 4 0 0
ST_DELIB 1693 39 1 2 3 10 4 0 0
ST_DELIB 1694 39 1 2 3 10 4 0 0
ST_DELIB 1695 39 1 2 3 75 4 0 0
ST_DELIB 1696 39 1 2 3 10 4 0 0
ST_DELIB 1697 39 1 2 3 10 4 0 0
ST_DELIB 1698 39 1 2 3 75 4 0 0
ST_DELIB 1699 39 1 2 3 10 4 0 0
ST_DELIB 1700 39 1 2 3 10 4 0 0
ST_DELIB 1700 39 2 2 4 10 4 0 0
ST_DELIB 1700 45 2 3 5 90 4 0 1
ST_DELIB 1700 62 2 3 5 90 4 0 1
ST_DELIB 1700 63 2 3 5 90 4 0 1
ST_DELIB 1700 64 2 3 5 90 4 0 1
ST_DELIB 1700 66 2 3 5 90 4 0 1
ST_DELIB 1700 69 2 3 5 90 4 0 1
ST_DELIB 1700 70 2 3 5 90 4 0 1
ST_DELIB 1701 39 1 2 3 1 4 0 0
ST_DELIB 1702 39 1 2 3 75 4 0 0
ST_DELIB 1703 39 1 2 3 10 4 0 0
ST_DELIB 1704 39 1 2 3 10 4 0 0
ST_DELIB 1705 39 1 2 3 75 4 0 0
ST_DELIB 1706 39 1 2 3 10 4 0 0
ST_DELIB 1707 39 1 2 3 10 4 0 0
ST_DELIB 1708 45 1 2 2 90 4 0 1
ST_DELIB 1709 45 1 2 3 10 4 0 0
ST_DELIB 1710 45 1 2 3 10 4 0 0
ST_DELIB 1711 45 1 2 3 10 4 0 0
ST_DELIB 1712 45 1 2 3 75 4 0 0
ST_DELIB 1713 45 1 2 3 10 4 0 0
ST_DELIB 1714 45 1 2 3 10 4 0 0
ST_DELIB 1715 45 1 2 3 75 4 0 0
ST_DELIB 1716 45 1 2 3 10 4 0 0
ST_DELIB 1717 45 1 2 3 10 4 0 0
ST_DELIB 1718 45 1 2 3 75 4 0 0
ST_DELIB 1719 45 1 2 3 10 4 0 0
ST_DELIB 1720 45 1 2 3 10 4 0 0
ST_DELIB 1721 45 1 2 3 10 4 0 0
ST_DELIB 1722 45 1 2 3 75 4 0 0
ST_DELIB 1723 45 1 2 3 10 4 0 0
ST_DELIB 1724 45 1 2 3 10 4 0 0
ST_DELIB 1725 45 1 2 3 75 4 0 0
ST_DELIB 1726 45 1 2 3 10 4 0 0
ST_DELIB 1727 45 1 2 3 10 4 0 0
ST_DELIB 1728 45 1 2 3 75 4 0 0
ST_DELIB 1729 45 1 2 3 10 4 0 0
ST_DELIB 1730 45 1 2 3 10 4 0 0
ST_DELIB 1731 45 1 2 3 10 4 0 0
ST_DELIB 1732 45 1 2 3 75 4 0 0
ST_DELIB 1733 45 1 2 3 10 4 0 0
ST_DELIB 1734 45 1 2 3 10 4 0 0
ST_DELIB 1735 45 1 2 3 75 4 0 0
ST_DELIB 1736 45 1 2 3 10 4 0 0
ST_DELIB 1737 45 1 2 3 10 4 0 0
ST_DELIB 1738 45 1 2 3 75 4 0 0
ST_DELIB 1739 45 1 2 3 10 4 0 0
ST_DELIB 1740 45 1 2 3 10 4 0 0
ST_DELIB 1741 45 1 2 3 10 4 0 0
ST_DELIB 1742 45 1 2 3 75 4 0 0
ST_DELIB 1743 45 1 2 3 10 4 0 0
ST_DELIB 1744 45 1 2 3 10 4 0 0
ST_DELIB 1745 45 1 2 3 75 4 0 0
ST_DELIB 1746 45 1 2 3 10 4 0 0
ST_DELIB 1747 45 1 2 3 10 4 0 0
ST_DELIB 1748 45 1 2 3 75 4 0 0
ST_DELIB 1749 45 1 2 3 10 4 0 0
ST_TS 1750 320 2474 0 3505 0 1459 0 317 525 0 0 0 0 0 0 0
ST_DELIB 1750 45 1 2 3 10 4 0 0
ST_DELIB 1751 45 1 2 3 10 4 0 0
ST_DELIB 1752 45 1 2 3 75 4 0 0
ST_DELIB 1753 45 1 2 3 10 4 0 0
ST_DELIB 1754 45 1 2 3 10 4 0 0
ST_DELIB 1755 45 1 2 3 75 4 0 0
ST_DELIB 1756 45 1 2 3 10 4 0 0
ST_DELIB 1757 45 1 2 3 10 4 0 0
ST_DELIB 1758 62 1 2 2 90 4 0 1
ST_DELIB 1759 62 1 2 3 10 4 0 0
ST_DELIB 1760 62 1 2 3 10 4 0 0
ST_DELIB 1761 62 1 2 3 10 4 0 0
ST_DELIB 1762 62 1 2 3 75 4 0 0
ST_DELIB 1763 62 1 2 3 10 4 0 0
ST_DELIB 1764 62 1 2 3 10 4 0 0
ST_DELIB 1765 62 1 2 3 75 4 0 0
ST_DELIB 1766 62 1 2 3 10 4 0 0
ST_DELIB 1767 62 1 2 3 10 4 0 0
ST_DELIB 1768 62 1 2 3 75 4 0 0
ST_DELIB 1769 62 1 2 3 10 4 0 0
ST_DELIB 1770 62 1 2 3 10 4 0 0
ST_DELIB 1771 62 1 2 3 10 4 0 0
ST_DELIB 1772 62 1 2 3 75 4 0 0
ST_DELIB 1773 62 1 2 3 10 4 0 0
ST_DELIB 1774 62 1 2 3 10 4 0 0
ST_DELIB 1775 62 1 2 3 75 4 0 0
ST_DELIB 1776 62 1 2 3 10 4 0 0
ST_DELIB 1777 62 1 2 3 10 4 0 0
ST_DELIB 1778 62 1 2 3 75 4 0 0
ST_DELIB 1779 62 1 2 3 10 4 0 0
ST_DELIB 1780 62 1 2 3 10 4 0 0
ST_DELIB 1781 62 1 2 3 10 4 0 0
ST_DELIB 1782 62 1 2 3 75 4 0 0
ST_DELIB 1783 62 1 2 3 10 4 0 0
ST_DELIB 1784 62 1 2 3 10 4 0 0
ST_DELIB 1785 62 1 2 3 75 4 0 0
ST_DELIB 1786 62 1 2 3 10 4 0 0
ST_DELIB 1787 62 1 2 3 10 4 0 0
ST_DELIB 1788 62 1 2 3 75 4 0 0
ST_DELIB 1789 62 1 2 3 10 4 0 0
ST_DELIB 1790 62 1 2 3 10 4 0 0
ST_DELIB 1791 62 1 2 3 10 4 0 0
ST_DELIB 1792 62 1 2 3 75 4 0 0
ST_DELIB 1793 62 1 2 3 10 4 0 0
ST_DELIB 1794 62 1 2 3 10 4 0 0
ST_DELIB 1795 62 1 2 3 75 4 0 0
ST_DELIB 1796 62 1 2 3 10 4 0 0
ST_DELIB 1797 62 1 2 3 10 4 0 0
ST_DELIB 1798 62 1 2 3 75 4 0 0
ST_DELIB 1799 62 1 2 3 10 4 0 0
ST_DELIB 1800 62 1 2 3 10 4 0 0
ST_DELIB 1800 62 2 2 4 10 4 0 0
ST_DELIB 1800 63 2 3 5 90 4 0 1
ST_DELIB 1800 64 2 3 5 90 4 0 1
ST_DELIB 1800 66 2 3 5 90 4 0 1
ST_DELIB 1800 69 2 3 5 90 4 0 1
ST_DELIB 1800 70 2 3 5 90 4 0 1
ST_DELIB 1800 71 2 3 5 90 4 0 1
ST_DELIB 1800 72 2 3 5 90 4 0 1
ST_DELIB 1801 62 1 2 3 1 4 0 0
ST_DELIB 1802 62 1 2 3 75 4 0 0
ST_DELIB 1803 62 1 2 3 10 4 0 0
ST_DELIB 1804 62 1 2 3 10 4 0 0
ST_DELIB 1805 62 1 2 3 75 4 0 0
ST_DELIB 1806 62 1 2 3 10 4 0 0
ST_DELIB 1807 62 1 2 3 10 4 0 0
ST_DELIB 1808 63 1 2 2 90 4 0 1
ST_DELIB 1809 63 1 2 3 10 4 0 0
ST_DELIB 1810 63 1 2 3 10 4 0 0
ST_DELIB 1811 63 1 2 3 10 4 0 0
ST_DELIB 1812 63 1 2 3 75 4 0 0
ST_DELIB 1813 63 1 2 3 10 4 0 0
ST_DELIB 1814 63 1 2 3 10 4 0 0
ST_DELIB 1815 63 1 2 3 75 4 0 0
ST_DELIB 1816 63 1 2 3 10 4 0 0
ST_DELIB 1817 63 1 2 3 10 4 0 0
ST_DELIB 1818 63 1 2 3 75 4 0 0
ST_DELIB 1819 63 1 2 3 10 4 0 0
ST_DELIB 1820 63 1 2 3 10 4 0 0
ST_DELIB 1821 63 1 2 3 10 4 0 0
ST_DELIB 1822 63 1 2 3 75 4 0 0
ST_DELIB 1823 63 1 2 3 10 4 0 0
ST_DELIB 1824 63 1 2 3 10 4 0 0
ST_DELIB 1825 63 1 2 3 75 4 0 0
ST_DELIB 1826 63 1 2 3 10 4 0 0
ST_DELIB 1827 63 1 2 3 10 4 0 0
ST_DELIB 1828 63 1 2 3 75 4 0 0
ST_DELIB 1829 63 1 2 3 10 4 0 0
ST_DELIB 1830 63 1 2 3 10 4 0 0
ST_DELIB 1831 63 1 2 3 10 4 0 0
ST_DELIB 1832 63 1 2 3 75 4 0 0
ST_DELIB 1833 63 1 2 3 10 4 0 0
ST_DELIB 1834 63 1 2 3 10 4 0 0
ST_DELIB 1835 63 1 2 3 75 4 0 0
ST_DELIB 1836 63 1 2 3 10 4 0 0
ST_DELIB 1837 63 1 2 3 10 4 0 0
ST_DELIB 1838 63 1 2 3 75 4 0 0
ST_DELIB 1839 63 1 2 3 10 4 0 0
ST_DELIB 1840 63 1 2 3 10 4 0 0
ST_DELIB 1841 63 1 2 3 10 4 0 0
ST_DELIB 1842 63 1 2 3 75 4 0 0
ST_DELIB 1843 63 1 2 3 10 4 0 0
ST_DELIB 1844 63 1 2 3 10 4 0 0
ST_DELIB 1845 63 1 2 3 75 4 0 0
ST_DELIB 1846 63 1 2 3 10 4 0 0
ST_DELIB 1847 63 1 2 3 10 4 0 0
ST_DELIB 1848 63 1 2 3 75 4 0 0
ST_DELIB 1849 63 1 2 3 10 4 0 0
ST_DELIB 1850 63 1 2 3 10 4 0 0
ST_DELIB 1851 63 1 2 3 10 4 0 0
ST_DELIB 1852 63 1 2 3 75 4 0 0
ST_DELIB 1853 63 1 2 3 10 4 0 0
ST_DELIB 1854 63 1 2 3 10 4 0 0
ST_DELIB 1855 63 1 2 3 75 4 0 0
ST_DELIB 1856 63 1 2 3 10 4 0 0
ST_DELIB 1857 63 1 2 3 10 4 0 0
ST_DELIB 1858 64 1 2 2 90 4 0 1
ST_DELIB 1859 64 1 2 3 10 4 0 0
ST_DELIB 1860 64 1 2 3 10 4 0 0
ST_DELIB 1861 64 1 2 3 10 4 0 0
ST_DELIB 1862 64 1 2 3 75 4 0 0
ST_DELIB 1863 64 1 2 3 10 4 0 0
ST_DELIB 1864 64 1 2 3 10 4 0 0
ST_DELIB 1865 64 1 2 3 75 4 0 0
ST_DELIB 1866 64 1 2 3 10 4 0 0
ST_DELIB 1867 64 1 2 3 10 4 0 0
ST_DELIB 1868 64 1 2 3 75 4 0 0
ST_DELIB 1869 64 1 2 3 10 4 0 0
ST_DELIB 1870 64 1 2 3 10 4 0 0
ST_DELIB 1871 64 1 2 3 10 4 0 0
ST_DELIB 1872 64 1 2 3 75 4 0 0
ST_DELIB 1873 64 1 2 3 10 4 0 0
ST_DELIB 1874 64 1 2 3 10 4 0 0
ST_DELIB 1875 64 1 2 3 75 4 0 0
ST_DELIB 1876 64 1 2 3 10 4 0 0
ST_DELIB 1877 64 1 2 3 10 4 0 0
ST_DELIB 1878 64 1 2 3 75 4 0 0
ST_DELIB 1879 64 1 2 3 10 4 0 0
ST_DELIB 1880 64 1 2 3 10 4 0 0
ST_DELIB 1881 64 1 2 3 10 4 0 0
ST_DELIB 1882 64 1 2 3 75 4 0 0
ST_DELIB 1883 64 1 2 3 10 4 0 0
ST_DELIB 1884 64 1 2 3 10 4 0 0
ST_DELIB 1885 64 1 2 3 75 4 0 0
ST_DELIB 1886 64 1 2 3 10 4 0 0
ST_DELIB 1887 64 1 2 3 10 4 0 0
ST_DELIB 1888 64 1 2 3 75 4 0 0
ST_DELIB 1889 64 1 2 3 10 4 0 0
ST_DELIB 1890 64 1 2 3 10 4 0 0
ST_DELIB 1891 64 1 2 3 10 4 0 0
ST_DELIB 1892 64 1 2 3 75 4 0 0
ST_DELIB 1893 64 1 2 3 10 4 0 0
ST_DELIB 1894 64 1 2 3 10 4 0 0
ST_DELIB 1895 64 1 2 3 75 4 0 0
ST_DELIB 1896 64 1 2 3 10 4 0 0
ST_DELIB 1897 64 1 2 3 10 4 0 0
ST_DELIB 1898 64 1 2 3 75 4 0 0
ST_DELIB 1899 64 1 2 3 10 4 0 0
ST_DELIB 1900 64 1 2 3 10 4 0 0
ST_DELIB 1900 64 2 2 4 10 4 0 0
ST_DELIB 1900 66 2 3 5 90 4 0 1
ST_DELIB 1900 69 2 3 5 90 4 0 1
ST_DELIB 1900 70 2 3 5 90 4 0 1
ST_DELIB 1900 71 2 3 5 90 4 0 1
ST_DELIB 1900 72 2 3 5 90 4 0 1
ST_DELIB 1900 77 2 3 5 90 4 0 1
ST_DELIB 1900 87 2 3 5 90 4 0 1
ST_DELIB 1901 64 1 2 3 1 4 0 0
ST_DELIB 1902 64 1 2 3 75 4 0 0
ST_DELIB 1903 64 1 2 3 10 4 0 0
ST_DELIB 1904 64 1 2 3 10 4 0 0
ST_DELIB 1905 64 1 2 3 75 4 0 0
ST_DELIB 1906 64 1 2 3 10 4 0 0
ST_DELIB 1907 64 1 2 3 10 4 0 0
ST_DELIB 1908 66 1 2 2 90 4 0 1
ST_DELIB 1909 66 1 2 3 10 4 0 0
ST_DELIB 1910 66 1 2 3 10 4 0 0
ST_DELIB 1911 66 1 2 3 10 4 0 0
ST_DELIB 1912 66 1 2 3 75 4 0 0
ST_DELIB 1913 66 1 2 3 10 4 0 0
ST_DELIB 1914 66 1 2 3 10 4 0 0
ST_DELIB 1915 66 1 2 3 75 4 0 0
ST_DELIB 1916 66 1 2 3 10 4 0 0
ST_DELIB 1917 66 1 2 3 10 4 0 0
ST_DELIB 1918 66 1 2 3 75 4 0 0
ST_DELIB 1919 66 1 2 3 10 4 0 0
ST_DELIB 1920 66 1 2 3 10 4 0 0
ST_DELIB 1921 66 1 2 3 10 4 0 0
ST_DELIB 1922 66 1 2 3 75 4 0 0
ST_DELIB 1923 66 1 2 3 10 4 0 0
ST_DELIB 1924 66 1 2 3 10 4 0 0
ST_DELIB 1925 66 1 2 3 75 4 0 0
ST_DELIB 1926 66 1 2 3 10 4 0 0
ST_DELIB 1927 66 1 2 3 10 4 0 0
ST_DELIB 1928 66 1 2 3 75 4 0 0
ST_DELIB 1929 66 1 2 3 10 4 0 0
ST_DELIB 1930 66 1 2 3 10 4 0 0
ST_DELIB 1931 66 1 2 3 10 4 0 0
ST_DELIB 1932 66 1 2 3 75 4 0 0
ST_DELIB 1933 66 1 2 3 10 4 0 0
ST_DELIB 1934 66 1 2 3 10 4 0 0
ST_DELIB 1935 66 1 2 3 75 4 0 0
ST_DELIB 1936 66 1 2 3 10 4 0 0
ST_DELIB 1937 66 1 2 3 10 4 0 0
ST_DELIB 1938 66 1 2 3 75 4 0 0
ST_DELIB 1939 66 1 2 3 10 4 0 0
ST_DELIB 1940 66 1 2 3 10 4 0 0
ST_DELIB 1941 66 1 2 3 10 4 0 0
ST_DELIB 1942 66 1 2 3 75 4 0 0
ST_DELIB 1943 66 1 2 3 10 4 0 0
ST_DELIB 1944 66 1 2 3 10 4 0 0
ST_DELIB 1945 66 1 2 3 75 4 0 0
ST_DELIB 1946 66 1 2 3 10 4 0 0
ST_DELIB 1947 66 1 2 3 10 4 0 0
ST_DELIB 1948 66 1 2 3 75 4 0 0
ST_DELIB 1949 66 1 2 3 10 4 0 0
ST_DELIB 1950 66 1 2 3 10 4 0 0
ST_DELIB 1951 66 1 2 3 10 4 0 0
ST_DELIB 1952 66 1 2 3 75 4 0 0
ST_DELIB 1953 66 1 2 3 10 4 0 0
ST_DELIB 1954 66 1 2 3 10 4 0 0
ST_DELIB 1955 66 1 2 3 75 4 0 0
ST_DELIB 1956 66 1 2 3 10 4 0 0
ST_DELIB 1957 66 1 2 3 10 4 0 0
ST_DELIB 1958 69 1 2 2 90 4 0 1
ST_DELIB 1959 69 1 2 3 10 4 0 0
ST_DELIB 1960 69 1 2 3 10 4 0 0
ST_DELIB 1961 69 1 2 3 10 4 0 0
ST_DELIB 1962 69 1 2 3 75 4 0 0
ST_DELIB 1963 69 1 2 3 10 4 0 0
ST_DELIB 1964 69 1 2 3 10 4 0 0
ST_DELIB 1965 69 1 2 3 75 4 0 0
ST_DELIB 1966 69 1 2 3 10 4 0 0
ST_DELIB 1967 69 1 2 3 10 4 0 0
ST_DELIB 1968 69 1 2 3 75 4 0 0
ST_DELIB 1969 69 1 2 3 10 4 0 0
ST_DELIB 1970 69 1 2 3 10 4 0 0
ST_DELIB 1971 69 1 2 3 10 4 0 0
ST_DELIB 1972 69 1 2 3 75 4 0 0
ST_DELIB 1973 69 1 2 3 10 4 0 0
ST_DELIB 1974 69 1 2 3 10 4 0 0
ST_DELIB 1975 69 1 2 3 75 4 0 0
ST_DELIB 1976 69 1 2 3 10 4 0 0
ST_DELIB 1977 69 1 2 3 10 4 0 0
ST_DELIB 1978 69 1 2 3 75 4 0 0
ST_DELIB 1979 69 1 2 3 10 4 0 0
ST_DELIB 1980 69 1 2 3 10 4 0 0
ST_DELIB 1981 69 1 2 3 10 4 0 0
ST_DELIB 1982 69 1 2 3 75 4 0 0
ST_DELIB 1983 69 1 2 3 10 4 0 0
ST_DELIB 1984 69 1 2 3 10 4 0 0
ST_DELIB 1985 69 1 2 3 75 4 0 0
ST_DELIB 1986 69 1 2 3 10 4 0 0
ST_DELIB 1987 69 1 2 3 10 4 0 0
ST_DELIB 1988 69 1 2 3 75 4 0 0
ST_DELIB 1989 69 1 2 3 10 4 0 0
ST_DELIB 1990 69 1 2 3 10 4 0 0
ST_DELIB 1991 69 1 2 3 10 4 0 0
ST_DELIB 1992 69 1 2 3 75 4 0 0
ST_DELIB 1993 69 1 2 3 10 4 0 0
ST_DELIB 1994 69 1 2 3 10 4 0 0
ST_DELIB 1995 69 1 2 3 75 4 0 0
ST_DELIB 1996 69 1 2 3 10 4 0 0
ST_DELIB 1997 69 1 2 3 10 4 0 0
ST_DELIB 1998 69 1 2 3 75 4 0 0
ST_DELIB 1999 69 1 2 3 10 4 0 0
ST_TS 2000 320 2741 0 4513 0 1711 0 317 600 0 0 0 0 0 0 0
ST_DELIB 2000 69 1 2 3 10 4 0 0
ST_DELIB 2000 69 2 2 4 10 4 0 0
ST_DELIB 2000 70 2 3 5 90 4 0 1
ST_DELIB 2000 71 2 3 5 90 4 0 1
ST_DELIB 2000 72 2 3 5 90 4 0 1
ST_DELIB 2000 77 2 3 5 90 4 0 1
ST_DELIB 2000 87 2 3 5 90 4 0 1
ST_DELIB 2000 91 2 3 5 90 4 0 1
ST_DELIB 2000 92 2 3 5 90 4 0 1
ST_DELIB 2001 69 1 2 3 1 4 0 0
ST_DELIB 2002 69 1 2 3 75 4 0 0
ST_DELIB 2003 69 1 2 3 10 4 0 0
ST_DELIB 2004 69 1 2 3 10 4 0 0
ST_DELIB 2005 69 1 2 3 75 4 0 0
ST_DELIB 2006 69 1 2 3 10 4 0 0
ST_DELIB 2007 69 1 2 3 10 4 0 0
ST_DELIB 2008 70 1 2 2 90 4 0 1
ST_DELIB 2009 70 1 2 3 10 4 0 0
ST_DELIB 2010 70 1 2 3 10 4 0 0
ST_DELIB 2011 70 1 2 3 10 4 0 0
ST_DELIB 2012 70 1 2 3 75 4 0 0
ST_DELIB 2013 70 1 2 3 10 4 0 0
ST_DELIB 2014 70 1 2 3 10 4 0 0
ST_DELIB 2015 70 1 2 3 75 4 0 0
ST_DELIB 2016 70 1 2 3 10 4 0 0
ST_DELIB 2017 70 1 2 3 10 4 0 0
ST_DELIB 2018 70 1 2 3 75 4 0 0
ST_DELIB 2019 70 1 2 3 10 4 0 0
ST_DELIB 2020 70 1 2 3 10 4 0 0
ST_DELIB 2021 70 1 2 3 10 4 0 0
ST_DELIB 2022 70 1 2 3 75 4 0 0
ST_DELIB 2023 70 1 2 3 10 4 0 0
ST_DELIB 2024 70 1 2 3 10 4 0 0
ST_DELIB 2025 70 1 2 3 75 4 0 0
ST_DELIB 2026 70 1 2 3 10 4 0 0
ST_DELIB 2027 70 1 2 3 10 4 0 0
ST_DELIB 2028 70 1 2 3 75 4 0 0
ST_DELIB 2029 70 1 2 3 10 4 0 0
ST_DELIB 2030 70 1 2 3 10 4 0 0
ST_DELIB 2031 70 1 2 3 10 4 0 0
ST_DELIB 2032 70 1 2 3 75 4 0 0
ST_DELIB 2033 70 1 2 3 10 4 0 0
ST_DELIB 2034 70 1 2 3 10 4 0 0
ST_DELIB 2035 70 1 2 3 75 4 0 0
ST_DELIB 2036 70 1 2 3 10 4 0 0
ST_DELIB 2037 70 1 2 3 10 4 0 0
ST_DELIB 2038 70 1 2 3 75 4 0 0
ST_DELIB 2039 70 1 2 3 10 4 0 0
ST_DELIB 2040 70 1 2 3 10 4 0 0
ST_DELIB 2041 70 1 2 3 10 4 0 0
ST_DELIB 2042 70 1 2 3 75 4 0 0
ST_DELIB 2043 70 1 2 3 10 4 0 0
ST_DELIB 2044 70 1 2 3 10 4 0 0
ST_DELIB 2045 70 1 2 3 75 4 0 0
ST_DELIB 2046 70 1 2 3 10 4 0 0
ST_DELIB 2047 70 1 2 3 10 4 0 0
ST_DELIB 2048 70 1 2 3 75 4 0 0
ST_DELIB 2049 70 1 2 3 10 4 0 0
ST_DELIB 2050 70 1 2 3 10 4 0 0
ST_DELIB 2051 70 1 2 3 10 4 0 0
ST_DELIB 2052 70 1 2 3 75 4 0 0
ST_DELIB 2053 70 1 2 3 10 4 0 0
ST_DELIB 2054 70 1 2 3 10 4 0 0
ST_DELIB 2055 70 1 2 3 75 4 0 0
ST_DELIB 2056 70 1 2 3 10 4 0 0
ST_DELIB 2057 70 1 2 3 10 4 0 0
ST_DELIB 2058 71 1 2 2 90 4 0 1
ST_DELIB 2059 71 1 2 3 10 4 0 0
ST_DELIB 2060 71 1 2 3 10 4 0 0
ST_DELIB 2061 71 1 2 3 10 4 0 0
ST_DELIB 2062 71 1 2 3 75 4 0 0
ST_DELIB 2063 71 1 2 3 10 4 0 0
ST_DELIB 2064 71 1 2 3 10 4 0 0
ST_DELIB 2065 71 1 2 3 75 4 0 0
ST_DELIB 2066 71 1 2 3 10 4 0 0
ST_DELIB 2067 71 1 2 3 10 4 0 0
ST_DELIB 2068 71 1 2 3 75 4 0 0
ST_DELIB 2069 71 1 2 3 10 4 0 0
ST_DELIB 2070 71 1 2 3 10 4 0 0
ST_DELIB 2071 71 1 2 3 10 4 0 0
ST_DELIB 2072 71 1 2 3 75 4 0 0
ST_DELIB 2073 71 1 2 3 10 4 0 0
ST_DELIB 2074 71 1 2 3 10 4 0 0
ST_DELIB 2075 71 1 2 3 75 4 0 0
ST_DELIB 2076 71 1 2 3 10 4 0 0
ST_DELIB 2077 71 1 2 3 10 4 0 0
ST_DELIB 2078 71 1 2 3 75 4 0 0
ST_DELIB 2079 71 1 2 3 10 4 0 0
ST_DELIB 2080 71 1 2 3 10 4 0 0
ST_DELIB 2081 71 1 2 3 10 4 0 0
ST_DELIB 2082 71 1 2 3 75 4 0 0
ST_DELIB 2083 71 1 2 3 10 4 0 0
ST_DELIB 2084 71 1 2 3 10 4 0 0
ST_DELIB 2085 71 1 2 3 75 4 0 0
ST_DELIB 2086 71 1 2 3 10 4 0 0
ST_DELIB 2087 71 1 2 3 10 4 0 0
ST_DELIB 2088 71 1 2 3 75 4 0 0
ST_DELIB 2089 71 1 2 3 10 4 0 0
ST_DELIB 2090 71 1 2 3 10 4 0 0
ST_DELIB 2091 71 1 2 3 10 4 0 0
ST_DELIB 2092 71 1 2 3 75 4 0 0
ST_DELIB 2093 71 1 2 3 10 4 0 0
ST_DELIB 2094 71 1 2 3 10 4 0 0
ST_DELIB 2095 71 1 2 3 75 4 0 0
ST_DELIB 2096 71 1 2 3 10 4 0 0
ST_DELIB 2097 71 1 2 3 10 4 0 0
ST_DELIB 2098 71 1 2 3 75 4 0 0
ST_DELIB 2099 71 1 2 3 10 4 0 0
ST_DELIB 2100 71 1 2 3 10 4 0 0
ST_DELIB 2100 71 2 2 4 10 4 0 0
ST_DELIB 2100 72 2 3 5 90 4 0 1
ST_DELIB 2100 77 2 3 5 90 4 0 1
ST_DELIB 2100 87 2 3 5 90 4 0 1
ST_DELIB 2100 91 2 3 5 90 4 0 1
ST_DELIB 2100 92 2 3 5 90 4 0 1
ST_DELIB 2100 93 2 3 5 90 4 0 1
ST_DELIB 2100 94 2 3 5 90 4 0 1
ST_DELIB 2101 71 1 2 3 1 4 0 0
ST_DELIB 2102 71 1 2 3 75 4 0 0
ST_DELIB 2103 71 1 2 3 10 4 0 0
ST_DELIB 2104 71 1 2 3 10 4 0 0
ST_DELIB 2105 71 1 2 3 75 4 0 0
ST_DELIB 2106 71 1 2 3 10 4 0 0
ST_DELIB 2107 71 1 2 3 10 4 0 0
ST_DELIB 2108 72 1 2 2 90 4 0 1
ST_DELIB 2109 72 1 2 3 10 4 0 0
ST_DELIB 2110 72 1 2 3 10 4 0 0
ST_DELIB 2111 72 1 2 3 10 4 0 0
ST_DELIB 2112 72 1 2 3 75 4 0 0
ST_DELIB 2113 72 1 2 3 10 4 0 0
ST_DELIB 2114 72 1 2 3 10 4 0 0
ST_DELIB 2115 72 1 2 3 75 4 0 0
ST_DELIB 2116 72 1 2 3 10 4 0 0
ST_DELIB 2117 72 1 2 3 10 4 0 0
ST_DELIB 2118 72 1 2 3 75 4 0 0
ST_DELIB 2119 72 1 2 3 10 4 0 0
ST_DELIB 2120 72 1 2 3 10 4 0 0
ST_DELIB 2121 72 1 2 3 10 4 0 0
ST_DELIB 2122 72 1 2 3 75 4 0 0
ST_DELIB 2123 72 1 2 3 10 4 0 0
ST_DELIB 2124 72 1 2 3 10 4 0 0
ST_DELIB 2125 72 1 2 3 75 4 0 0
ST_DELIB 2126 72 1 2 3 10 4 0 0
ST_DELIB 2127 72 1 2 3 10 4 0 0
ST_DELIB 2128 72 1 2 3 75 4 0 0
ST_DELIB 2129 72 1 2 3 10 4 0 0
ST_DELIB 2130 72 1 2 3 10 4 0 0
ST_DELIB 2131 72 1 2 3 10 4 0 0
ST_DELIB 2132 72 1 2 3 75 4 0 0
ST_DELIB 2133 72 1 2 3 10 4 0 0
ST_DELIB 2134 72 1 2 3 10 4 0 0
ST_DELIB 2135 72 1 2 3 75 4 0 0
ST_DELIB 2136 72 1 2 3 10 4 0 0
ST_DELIB 2137 72 1 2 3 10 4 0 0
ST_DELIB 2138 72 1 2 3 75 4 0 0
ST_DELIB 2139 72 1 2 3 10 4 0 0
ST_DELIB 2140 72 1 2 3 10 4 0 0
ST_DELIB 2141 72 1 2 3 10 4 0 0
ST_DELIB 2142 72 1 2 3 75 4 0 0
ST_DELIB 2143 72 1 2 3 10 4 0 0
ST_DELIB 2144 72 1 2 3 10 4 0 0
ST_DELIB 2145 72 1 2 3 75 4 0 0
ST_DELIB 2146 72 1 2 3 10 4 0 0
ST_DELIB 2147 72 1 2 3 10 4 0 0
ST_DELIB 2148 72 1 2 3 75 4 0 0
ST_DELIB 2149 72 1 2 3 10 4 0 0
ST_DELIB 2150 72 1 2 3 10 4 0 0
ST_DELIB 2151 72 1 2 3 10 4 0 0
ST_DELIB 2152 72 1 2 3 75 4 0 0
ST_DELIB 2153 72 1 2 3 10 4 0 0
ST_DELIB 2154 72 1 2 3 10 4 0 0
ST_DELIB 2155 72 1 2 3 75 4 0 0
ST_DELIB 2156 72 1 2 3 10 4 0 0
ST_DELIB 2157 72 1 2 3 10 4 0 0
ST_DELIB 2158 77 1 2 2 90 4 0 1
ST_DELIB 2159 77 1 2 3 10 4 0 0
ST_DELIB 2160 77 1 2 3 10 4 0 0
ST_DELIB 2161 77 1 2 3 10 4 0 0
ST_DELIB 2162 77 1 2 3 75 4 0 0
ST_DELIB 2163 77 1 2 3 10 4 0 0
ST_DELIB 2164 77 1 2 3 10 4 0 0
ST_DELIB 2165 77 1 2 3 75 4 0 0
ST_DELIB 2166 77 1 2 3 10 4 0 0
ST_DELIB 2167 77 1 2 3 10 4 0 0
ST_DELIB 2168 77 1 2 3 75 4 0 0
ST_DELIB 2169 77 1 2 3 10 4 0 0
ST_DELIB 2170 77 1 2 3 10 4 0 0
ST_DELIB 2171 77 1 2 3 10 4 0 0
ST_DELIB 2172 77 1 2 3 75 4 0 0
ST_DELIB 2173 77 1 2 3 10 4 0 0
ST_DELIB 2174 77 1 2 3 10 4 0 0
ST_DELIB 2175 77 1 2 3 75 4 0 0
ST_DELIB 2176 77 1 2 3 10 4 0 0
ST_DELIB 2177 77 1 2 3 10 4 0 0
ST_DELIB 2178 77 1 2 3 75 4 0 0
ST_DELIB 2179 77 1 2 3 10 4 0 0
ST_DELIB 2180 77 1 2 3 10 4 0 0
ST_DELIB 2181 77 1 2 3 10 4 0 0
ST_DELIB 2182 77 1 2 3 75 4 0 0
ST_DELIB 2183 77 1 2 3 10 4 0 0
ST_DELIB 2184 77 1 2 3 10 4 0 0
ST_DELIB 2185 77 1 2 3 75 4 0 0
ST_DELIB 2186 77 1 2 3 10 4 0 0
ST_DELIB 2187 77 1 2 3 10 4 0 0
ST_DELIB 2188 77 1 2 3 75 4 0 0
ST_DELIB 2189 77 1 2 3 10 4 0 0
ST_DELIB 2190 77 1 2 3 10 4 0 0
ST_DELIB 2191 77 1 2 3 10 4 0 0
ST_DELIB 2192 77 1 2 3 75 4 0 0
ST_DELIB 2193 77 1 2 3 10 4 0 0
ST_DELIB 2194 77 1 2 3 10 4 0 0
ST_DELIB 2195 77 1 2 3 75 4 0 0
ST_DELIB 2196 77 1 2 3 10 4 0 0
ST_DELIB 2197 77 1 2 3 10 4 0 0
ST_DELIB 2198 77 1 2 3 75 4 0 0
ST_DELIB 2199 77 1 2 3 10 4 0 0
ST_DELIB 2200 77 1 2 3 10 4 0 0
ST_DELIB 2200 77 2 2 4 10 4 0 0
ST_DELIB 2200 87 2 3 5 90 4 0 1
ST_DELIB 2200 91 2 3 5 90 4 0 1
ST_DELIB 2200 92 2 3 5 90 4 0 1
ST_DELIB 2200 93 2 3 5 90 4 0 1
ST_DELIB 2200 94 2 3 5 90 4 0 1
ST_DELIB 2200 95 2 3 5 90 4 0 1
ST_DELIB 2200 96 2 3 5 90 4 0 1
ST_DELIB 2201 77 1 2 3 1 4 0 0
ST_DELIB 2202 77 1 2 3 75 4 0 0
ST_DELIB 2203 77 1 2 3 10 4 0 0
ST_DELIB 2204 77 1 2 3 10 4 0 0
ST_DELIB 2205 77 1 2 3 75 4 0 0
ST_DELIB 2206 77 1 2 3 10 4 0 0
ST_DELIB 2207 77 1 2 3 10 4 0 0
ST_DELIB 2208 87 1 2 2 90 4 0 1
ST_DELIB 2209 87 1 2 3 10 4 0 0
ST_DELIB 2210 87 1 2 3 10 4 0 0
ST_DELIB 2211 87 1 2 3 10 4 0 0
ST_DELIB 2212 87 1 2 3 75 4 0 0
ST_DELIB 2213 87 1 2 3 10 4 0 0
ST_DELIB 2214 87 1 2 3 10 4 0 0
ST_DELIB 2215 87 1 2 3 75 4 0 0
ST_DELIB 2216 87 1 2 3 10 4 0 0
ST_DELIB 2217 87 1 2 3 10 4 0 0
ST_DELIB 2218 87 1 2 3 75 4 0 0
ST_DELIB 2219 87 1 2 3 10 4 0 0
ST_DELIB 2220 87 1 2 3 10 4 0 0
ST_DELIB 2221 87 1 2 3 10 4 0 0
ST_DELIB 2222 87 1 2 3 75 4 0 0
ST_DELIB 2223 87 1 2 3 10 4 0 0
ST_DELIB 2224 87 1 2 3 10 4 0 0
ST_DELIB 2225 87 1 2 3 75 4 0 0
ST_DELIB 2226 87 1 2 3 10 4 0 0
ST_DELIB 2227 87 1 2 3 10 4 0 0
ST_DELIB 2228 87 1 2 3 75 4 0 0
ST_DELIB 2229 87 1 2 3 10 4 0 0
ST_DELIB 2230 87 1 2 3 10 4 0 0
ST_DELIB 2231 87 1 2 3 10 4 0 0
ST_DELIB 2232 87 1 2 3 75 4 0 0
ST_DELIB 2233 87 1 2 3 10 4 0 0
ST_DELIB 2234 87 1 2 3 10 4 0 0
ST_DELIB 2235 87 1 2 3 75 4 0 0
ST_DELIB 2236 87 1 2 3 10 4 0 0
ST_DELIB 2237 87 1 2 3 10 4 0 0
ST_DELIB 2238 87 1 2 3 75 4 0 0
ST_DELIB 2239 87 1 2 3 10 4 0 0
ST_DELIB 2240 87 1 2 3 10 4 0 0
ST_DELIB 2241 87 1 2 3 10 4 0 0
ST_DELIB 2242 87 1 2 3 75 4 0 0
ST_DELIB 2243 87 1 2 3 10 4 0 0
ST_DELIB 2244 87 1 2 3 10 4 0 0
ST_DELIB 2245 87 1 2 3 75 4 0 0
ST_DELIB 2246 87 1 2 3 10 4 0 0
ST_DELIB 2247 87 1 2 3 10 4 0 0
ST_DELIB 2248 87 1 2 3 75 4 0 0
ST_DELIB 2249 87 1 2 3 10 4 0 0
ST_TS 2250 320 3009 0 5525 0 1964 0 317 675 0 0 0 0 0 0 0
ST_DELIB 2250 87 1 2 3 10 4 0 0
ST_DELIB 2251 87 1 2 3 10 4 0 0
ST_DELIB 2252 87 1 2 3 75 4 0 0
ST_DELIB 2253 87 1 2 3 10 4 0 0
ST_DELIB 2254 87 1 2 3 10 4 0 0
ST_DELIB 2255 87 1 2 3 75 4 0 0
ST_DELIB 2256 87 1 2 3 10 4 0 0
ST_DELIB 2257 87 1 2 3 10 4 0 0
ST_DELIB 2258 91 1 2 2 90 4 0 1
ST_DELIB 2259 91 1 2 3 10 4 0 0
ST_DELIB 2260 91 1 2 3 10 4 0 0
ST_DELIB 2261 91 1 2 3 10 4 0 0
ST_DELIB 2262 91 1 2 3 75 4 0 0
ST_DELIB 2263 91 1 2 3 10 4 0 0
ST_DELIB 2264 91 1 2 3 10 4 0 0
ST_DELIB 2265 91 1 2 3 75 4 0 0
ST_DELIB 2266 91 1 2 3 10 4 0 0
ST_DELIB 2267 91 1 2 3 10 4 0 0
ST_DELIB 2268 91 1 2 3 75 4 0 0
ST_DELIB 2269 91 1 2 3 10 4 0 0
ST_DELIB 2270 91 1 2 3 10 4 0 0
ST_DELIB 2271 91 1 2 3 10 4 0 0
ST_DELIB 2272 91 1 2 3 75 4 0 0
ST_DELIB 2273 91 1 2 3 10 4 0 0
ST_DELIB 2274 91 1 2 3 10 4 0 0
ST_DELIB 2275 91 1 2 3 75 4 0 0
ST_DELIB 2276 91 1 2 3 10 4 0 0
ST_DELIB 2277 91 1 2 3 10 4 0 0
ST_DELIB 2278 91 1 2 3 75 4 0 0
ST_DELIB 2279 91 1 2 3 10 4 0 0
ST_DELIB 2280 91 1 2 3 10 4 0 0
ST_DELIB 2281 91 1 2 3 10 4 0 0
ST_DELIB 2282 91 1 2 3 75 4 0 0
ST_DELIB 2283 91 1 2 3 10 4 0 0
ST_DELIB 2284 91 1 2 3 10 4 0 0
ST_DELIB 2285 91 1 2 3 75 4 0 0
ST_DELIB 2286 91 1 2 3 10 4 0 0
ST_DELIB 2287 91 1 2 3 10 4 0 0
ST_DELIB 2288 91 1 2 3 75 4 0 0
ST_DELIB 2289 91 1 2 3 10 4 0 0
ST_DELIB 2290 91 1 2 3 10 4 0 0
ST_DELIB 2291 91 1 2 3 10 4 0 0
ST_DELIB 2292 91 1 2 3 75 4 0 0
ST_DELIB 2293 91 1 2 3 10 4 0 0
ST_DELIB 2294 91 1 2 3 10 4 0 0
ST_DELIB 2295 91 1 2 3 75 4 0 0
ST_DELIB 2296 91 1 2 3 10 4 0 0
ST_DELIB 2297 91 1 2 3 10 4 0 0
ST_DELIB 2298 91 1 2 3 75 4 0 0
ST_DELIB 2299 91 1 2 3 10 4 0 0
ST_DELIB 2300 91 1 2 3 10 4 0 0
ST_DELIB 2300 91 2 2 4 10 4 0 0
ST_DELIB 2300 92 2 3 5 90 4 0 1
ST_DELIB 2300 93 2 3 5 90 4 0 1
ST_DELIB 2300 94 2 3 5 90 4 0 1
ST_DELIB 2300 95 2 3 5 90 4 0 1
ST_DELIB 2300 96 2 3 5 90 4 0 1
ST_DELIB 2300 97 2 3 5 90 4 0 1
ST_DELIB 2300 99 2 3 5 90 4 0 1
ST_DELIB 2301 91 1 2 3 1 4 0 0
ST_DELIB 2302 91 1 2 3 75 4 0 0
ST_DELIB 2303 91 1 2 3 10 4 0 0
ST_DELIB 2304 91 1 2 3 10 4 0 0
ST_DELIB 2305 91 1 2 3 75 4 0 0
ST_DELIB 2306 91 1 2 3 10 4 0 0
ST_DELIB 2307 91 1 2 3 10 4 0 0
ST_DELIB 2308 92 1 2 2 90 4 0 1
ST_DELIB 2309 92 1 2 3 10 4 0 0
ST_DELIB 2310 92 1 2 3 10 4 0 0
ST_DELIB 2311 92 1 2 3 10 4 0 0
ST_DELIB 2312 92 1 2 3 75 4 0 0
ST_DELIB 2313 92 1 2 3 10 4 0 0
ST_DELIB 2314 92 1 2 3 10 4 0 0
ST_DELIB 2315 92 1 2 3 75 4 0 0
ST_DELIB 2316 92 1 2 3 10 4 0 0
ST_DELIB 2317 92 1 2 3 10 4 0 0
ST_DELIB 2318 92 1 2 3 75 4 0 0
ST_DELIB 2319 92 1 2 3 10 4 0 0
ST_DELIB 2320 92 1 2 3 10 4 0 0
ST_DELIB 2321 92 1 2 3 10 4 0 0
ST_DELIB 2322 92 1 2 3 75 4 0 0
ST_DELIB 2323 92 1 2 3 10 4 0 0
ST_DELIB 2324 92 1 2 3 10 4 0 0
ST_DELIB 2325 92 1 2 3 75 4 0 0
ST_DELIB 2326 92 1 2 3 10 4 0 0
ST_DELIB 2327 92 1 2 3 10 4 0 0
ST_DELIB 2328 92 1 2 3 75 4 0 0
ST_DELIB 2329 92 1 2 3 10 4 0 0
ST_DELIB 2330 92 1 2 3 10 4 0 0
ST_DELIB 2331 92 1 2 3 10 4 0 0
ST_DELIB 2332 92 1 2 3 75 4 0 0
ST_DELIB 2333 92 1 2 3 10 4 0 0
ST_DELIB 2334 92 1 2 3 10 4 0 0
ST_DELIB 2335 92 1 2 3 75 4 0 0
ST_DELIB 2336 92 1 2 3 10 4 0 0
ST_DELIB 2337 92 1 2 3 10 4 0 0
ST_DELIB 2338 92 1 2 3 75 4 0 0
ST_DELIB 2339 92 1 2 3 10 4 0 0
ST_DELIB 2340 92 1 2 3 10 4 0 0
ST_DELIB 2341 92 1 2 3 10 4 0 0
ST_DELIB 2342 92 1 2 3 75 4 0 0
ST_DELIB 2343 92 1 2 3 10 4 0 0
ST_DELIB 2344 92 1 2 3 10 4 0 0
ST_DELIB 2345 92 1 2 3 75 4 0 0
ST_DELIB 2346 92 1 2 3 10 4 0 0
ST_DELIB 2347 92 1 2 3 10 4 0 0
ST_DELIB 2348 92 1 2 3 75 4 0 0
ST_DELIB 2349 92 1 2 3 10 4 0 0
ST_DELIB 2350 92 1 2 3 10 4 0 0
ST_DELIB 2351 92 1 2 3 10 4 0 0
ST_DELIB 2352 92 1 2 3 75 4 0 0
ST_DELIB 2353 92 1 2 3 10 4 0 0
ST_DELIB 2354 92 1 2 3 10 4 0 0
ST_DELIB 2355 92 1 2 3 75 4 0 0
ST_DELIB 2356 92 1 2 3 10 4 0 0
ST_DELIB 2357 92 1 2 3 10 4 0 0
ST_DELIB 2358 93 1 2 2 90 4 0 1
ST_DELIB 2359 93 1 2 3 10 4 0 0
ST_DELIB 2360 93 1 2 3 10 4 0 0
ST_DELIB 2361 93 1 2 3 10 4 0 0
ST_DELIB 2362 93 1 2 3 75 4 0 0
ST_DELIB 2363 93 1 2 3 10 4 0 0
ST_DELIB 2364 93 1 2 3 10 4 0 0
ST_DELIB 2365 93 1 2 3 75 4 0 0
ST_DELIB 2366 93 1 2 3 10 4 0 0
ST_DELIB 2367 93 1 2 3 10 4 0 0
ST_DELIB 2368 93 1 2 3 75 4 0 0
ST_DELIB 2369 93 1 2 3 10 4 0 0
ST_DELIB 2370 93 1 2 3 10 4 0 0
ST_DELIB 2371 93 1 2 3 10 4 0 0
ST_DELIB 2372 93 1 2 3 75 4 0 0
ST_DELIB 2373 93 1 2 3 10 4 0 0
ST_DELIB 2374 93 1 2 3 10 4 0 0
ST_DELIB 2375 93 1 2 3 75 4 0 0
ST_DELIB 2376 93 1 2 3 10 4 0 0
ST_DELIB 2377 93 1 2 3 10 4 0 0
ST_DELIB 2378 93 1 2 3 75 4 0 0
ST_DELIB 2379 93 1 2 3 10 4 0 0
ST_DELIB 2380 93 1 2 3 10 4 0 0
ST_DELIB 2381 93 1 2 3 10 4 0 0
ST_DELIB 2382 93 1 2 3 75 4 0 0
ST_DELIB 2383 93 1 2 3 10 4 0 0
ST_DELIB 2384 93 1 2 3 10 4 0 0
ST_DELIB 2385 93 1 2 3 75 4 0 0
ST_DELIB 2386 93 1 2 3 10 4 0 0
ST_DELIB 2387 93 1 2 3 10 4 0 0
ST_DELIB 2388 93 1 2 3 75 4 0 0
ST_DELIB 2389 93 1 2 3 10 4 0 0
ST_DELIB 2390 93 1 2 3 10 4 0 0
ST_DELIB 2391 93 1 2 3 10 4 0 0
ST_DELIB 2392 93 1 2 3 75 4 0 0
ST_DELIB 2393 93 1 2 3 10 4 0 0
ST_DELIB 2394 93 1 2 3 10 4 0 0
ST_DELIB 2395 93 1 2 3 75 4 0 0
ST_DELIB 2396 93 1 2 3 10 4 0 0
ST_DELIB 2397 93 1 2 3 10 4 0 0
ST_DELIB 2398 93 1 2 3 75 4 0 0
ST_DELIB 2399 93 1 2 3 10 4 0 0
ST_DELIB 2400 93 1 2 3 10 4 0 0
ST_DELIB 2400 93 2 2 4 10 4 0 0
ST_DELIB 2400 94 2 3 5 90 4 0 1
ST_DELIB 2400 95 2 3 5 90 4 0 1
ST_DELIB 2400 96 2 3 5 90 4 0 1
ST_DELIB 2400 97 2 3 5 90 4 0 1
ST_DELIB 2400 99 2 3 5 90 4 0 1
ST_DELIB 2400 105 2 3 5 90 4 0 1
ST_DELIB 2400 114 2 3 5 90 4 0 1
ST_DELIB 2401 93 1 2 3 1 4 0 0
ST_DELIB 2402 93 1 2 3 75 4 0 0
ST_DELIB 2403 93 1 2 3 10 4 0 0
ST_DELIB 2404 93 1 2 3 10 4 0 0
ST_DELIB 2405 93 1 2 3 75 4 0 0
ST_DELIB 2406 93 1 2 3 10 4 0 0
ST_DELIB 2407 93 1 2 3 10 4 0 0
ST_DELIB 2408 94 1 2 2 90 4 0 1
ST_DELIB 2409 94 1 2 3 10 4 0 0
ST_DELIB 2410 94 1 2 3 10 4 0 0
ST_DELIB 2411 94 1 2 3 10 4 0 0
ST_DELIB 2412 94 1 2 3 75 4 0 0
ST_DELIB 2413 94 1 2 3 10 4 0 0
ST_DELIB 2414 94 1 2 3 10 4 0 0
ST_DELIB 2415 94 1 2 3 75 4 0 0
ST_DELIB 2416 94 1 2 3 10 4 0 0
ST_DELIB 2417 94 1 2 3 10 4 0 0
ST_DELIB 2418 94 1 2 3 75 4 0 0
ST_DELIB 2419 94 1 2 3 10 4 0 0
ST_DELIB 2420 94 1 2 3 10 4 0 0
ST_DELIB 2421 94 1 2 3 10 4 0 0
ST_DELIB 2422 94 1 2 3 75 4 0 0
ST_DELIB 2423 94 1 2 3 10 4 0 0
ST_DELIB 2424 94 1 2 3 10 4 0 0
ST_DELIB 2425 94 1 2 3 75 4 0 0
ST_DELIB 2426 94 1 2 3 10 4 0 0
ST_DELIB 2427 94 1 2 3 10 4 0 0
ST_DELIB 2428 94 1 2 3 75 4 0 0
ST_DELIB 2429 94 1 2 3 10 4 0 0
ST_DELIB 2430 94 1 2 3 10 4 0 0
ST_DELIB 2431 94 1 2 3 10 4 0 0
ST_DELIB 2432 94 1 2 3 75 4 0 0
ST_DELIB 2433 94 1 2 3 10 4 0 0
ST_DELIB 2434 94 1 2 3 10 4 0 0
ST_DELIB 2435 94 1 2 3 75 4 0 0
ST_DELIB 2436 94 1 2 3 10 4 0 0
ST_DELIB 2437 94 1 2 3 10 4 0 0
ST_DELIB 2438 94 1 2 3 75 4 0 0
ST_DELIB 2439 94 1 2 3 10 4 0 0
ST_DELIB 2440 94 1 2 3 10 4 0 0
ST_DELIB 2441 94 1 2 3 10 4 0 0
ST_DELIB 2442 94 1 2 3 75 4 0 0
ST_DELIB 2443 94 1 2 3 10 4 0 0
ST_DELIB 2444 94 1 2 3 10 4 0 0
ST_DELIB 2445 94 1 2 3 75 4 0 0
ST_DELIB 2446 94 1 2 3 10 4 0 0
ST_DELIB 2447 94 1 2 3 10 4 0 0
ST_DELIB 2448 94 1 2 3 75 4 0 0
ST_DELIB 2449 94 1 2 3 10 4 0 0
ST_DELIB 2450 94 1 2 3 10 4 0 0
ST_DELIB 2451 94 1 2 3 10 4 0 0
ST_DELIB 2452 94 1 2 3 75 4 0 0
ST_DELIB 2453 94 1 2 3 10 4 0 0
ST_DELIB 2454 94 1 2 3 10 4 0 0
ST_DELIB 2455 94 1 2 3 75 4 0 0
ST_DELIB 2456 94 1 2 3 10 4 0 0
ST_DELIB 2457 94 1 2 3 10 4 0 0
ST_DELIB 2458 95 1 2 2 90 4 0 1
ST_DELIB 2459 95 1 2 3 10 4 0 0
ST_DELIB 2460 95 1 2 3 10 4 0 0
ST_DELIB 2461 95 1 2 3 10 4 0 0
ST_DELIB 2462 95 1 2 3 75 4 0 0
ST_DELIB 2463 95 1 2 3 10 4 0 0
ST_DELIB 2464 95 1 2 3 10 4 0 0
ST_DELIB 2465 95 1 2 3 75 4 0 0
ST_DELIB 2466 95 1 2 3 10 4 0 0
ST_DELIB 2467 95 1 2 3 10 4 0 0
ST_DELIB 2468 95 1 2 3 75 4 0 0
ST_DELIB 2469 95 1 2 3 10 4 0 0
ST_DELIB 2470 95 1 2 3 10 4 0 0
ST_DELIB 2471 95 1 2 3 10 4 0 0
ST_DELIB 2472 95 1 2 3 75 4 0 0
ST_DELIB 2473 95 1 2 3 10 4 0 0
ST_DELIB 2474 95 1 2 3 10 4 0 0
ST_DELIB 2475 95 1 2 3 75 4 0 0
ST_DELIB 2476 95 1 2 3 10 4 0 0
ST_DELIB 2477 95 1 2 3 10 4 0 0
ST_DELIB 2478 95 1 2 3 75 4 0 0
ST_DELIB 2479 95 1 2 3 10 4 0 0
ST_DELIB 2480 95 1 2 3 10 4 0 0
ST_DELIB 2481 95 1 2 3 10 4 0 0
ST_DELIB 2482 95 1 2 3 75 4 0 0
ST_DELIB 2483 95 1 2 3 10 4 0 0
ST_DELIB 2484 95 1 2 3 10 4 0 0
ST_DELIB 2485 95 1 2 3 75 4 0 0
ST_DELIB 2486 95 1 2 3 10 4 0 0
ST_DELIB 2487 95 1 2 3 10 4 0 0
ST_DELIB 2488 95 1 2 3 75 4 0 0
ST_DELIB 2489 95 1 2 3 10 4 0 0
ST_DELIB 2490 95 1 2 3 10 4 0 0
ST_DELIB 2491 95 1 2 3 10 4 0 0
ST_DELIB 2492 95 1 2 3 75 4 0 0
ST_DELIB 2493 95 1 2 3 10 4 0 0
ST_DELIB 2494 95 1 2 3 10 4 0 0
ST_DELIB 2495 95 1 2 3 75 4 0 0
ST_DELIB 2496 95 1 2 3 10 4 0 0
ST_DELIB 2497 95 1 2 3 10 4 0 0
ST_DELIB 2498 95 1 2 3 75 4 0 0
ST_DELIB 2499 95 1 2 3 10 4 0 0
ST_TS 2500 320 3276 0 6533 0 2216 0 317 750 0 0 0 0 0 0 0
ST_DELIB 2500 95 1 2 3 10 4 0 0
ST_DELIB 2500 95 2 2 4 10 4 0 0
ST_DELIB 2500 96 2 3 5 90 4 0 1
ST_DELIB 2500 97 2 3 5 90 4 0 1
ST_DELIB 2500 99 2 3 5 90 4 0 1
ST_DELIB 2500 105 2 3 5 90 4 0 1
ST_DELIB 2500 114 2 3 5 90 4 0 1
ST_DELIB 2500 117 2 3 5 90 4 0 1
ST_DELIB 2500 118 2 3 5 90 4 0 1
ST_DELIB 2501 95 1 2 3 1 4 0 0
ST_DELIB 2502 95 1 2 3 75 4 0 0
ST_DELIB 2503 95 1 2 3 10 4 0 0
ST_DELIB 2504 95 1 2 3 10 4 0 0
ST_DELIB 2505 95 1 2 3 75 4 0 0
ST_DELIB 2506 95 1 2 3 10 4 0 0
ST_DELIB 2507 95 1 2 3 10 4 0 0
ST_DELIB 2508 96 1 2 2 90 4 0 1
ST_DELIB 2509 96 1 2 3 10 4 0 0
ST_DELIB 2510 96 1 2 3 10 4 0 0
ST_DELIB 2511 96 1 2 3 10 4 0 0
ST_DELIB 2512 96 1 2 3 75 4 0 0
ST_DELIB 2513 96 1 2 3 10 4 0 0
ST_DELIB 2514 96 1 2 3 10 4 0 0
ST_DELIB 2515 96 1 2 3 75 4 0 0
ST_DELIB 2516 96 1 2 3 10 4 0 0
ST_DELIB 2517 96 1 2 3 10 4 0 0
ST_DELIB 2518 96 1 2 3 75 4 0 0
ST_DELIB 2519 96 1 2 3 10 4 0 0
ST_DELIB 2520 96 1 2 3 10 4 0 0
ST_DELIB 2521 96 1 2 3 10 4 0 0
ST_DELIB 2522 96 1 2 3 75 4 0 0
ST_DELIB 2523 96 1 2 3 10 4 0 0
ST_DELIB 2524 96 1 2 3 10 4 0 0
ST_DELIB 2525 96 1 2 3 75 4 0 0
ST_DELIB 2526 96 1 2 3 10 4 0 0
ST_DELIB 2527 96 1 2 3 10 4 0 0
ST_DELIB 2528 96 1 2 3 75 4 0 0
ST_DELIB 2529 96 1 2 3 10 4 0 0
ST_DELIB 2530 96 1 2 3 10 4 0 0
ST_DELIB 2531 96 1 2 3 10 4 0 0
ST_DELIB 2532 96 1 2 3 75 4 0 0
ST_DELIB 2533 96 1 2 3 10 4 0 0
ST_DELIB 2534 96 1 2 3 10 4 0 0
ST_DELIB 2535 96 1 2 3 75 4 0 0
ST_DELIB 2536 96 1 2 3 10 4 0 0
ST_DELIB 2537 96 1 2 3 10 4 0 0
ST_DELIB 2538 96 1 2 3 75 4 0 0
ST_DELIB 2539 96 1 2 3 10 4 0 0
ST_DELIB 2540 96 1 2 3 10 4 0 0
ST_DELIB 2541 96 1 2 3 10 4 0 0
ST_DELIB 2542 96 1 2 3 75 4 0 0
ST_DELIB 2543 96 1 2 3 10 4 0 0
ST_DELIB 2544 96 1 2 3 10 4 0 0
ST_DELIB 2545 96 1 2 3 75 4 0 0
ST_DELIB 2546 96 1 2 3 10 4 0 0
ST_DELIB 2547 96 1 2 3 10 4 0 0
ST_DELIB 2548 96 1 2 3 75 4 0 0
ST_DELIB 2549 96 1 2 3 10 4 0 0
ST_DELIB 2550 96 1 2 3 10 4 0 0
ST_DELIB 2551 96 1 2 3 10 4 0 0
ST_DELIB 2552 96 1 2 3 75 4 0 0
ST_DELIB 2553 96 1 2 3 10 4 0 0
ST_DELIB 2554 96 1 2 3 10 4 0 0
ST_DELIB 2555 96 1 2 3 75 4 0 0
ST_DELIB 2556 96 1 2 3 10 4 0 0
ST_DELIB 2557 96 1 2 3 10 4 0 0
ST_DELIB 2558 97 1 2 2 90 4 0 1
ST_DELIB 2559 97 1 2 3 10 4 0 0
ST_DELIB 2560 97 1 2 3 10 4 0 0
ST_DELIB 2561 97 1 2 3 10 4 0 0
ST_DELIB 2562 97 1 2 3 75 4 0 0
ST_DELIB 2563 97 1 2 3 10 4 0 0
ST_DELIB 2564 97 1 2 3 10 4 0 0
ST_DELIB 2565 97 1 2 3 75 4 0 0
ST_DELIB 2566 97 1 2 3 10 4 0 0
ST_DELIB 2567 97 1 2 3 10 4 0 0
ST_DELIB 2568 97 1 2 3 75 4 0 0
ST_DELIB 2569 97 1 2 3 10 4 0 0
ST_DELIB 2570 97 1 2 3 10 4 0 0
ST_DELIB 2571 97 1 2 3 10 4 0 0
ST_DELIB 2572 97 1 2 3 75 4 0 0
ST_DELIB 2573 97 1 2 3 10 4 0 0
ST_DELIB 2574 97 1 2 3 10 4 0 0
ST_DELIB 2575 97 1 2 3 75 4 0 0
ST_DELIB 2576 97 1 2 3 10 4 0 0
ST_DELIB 2577 97 1 2 3 10 4 0 0
ST_DELIB 2578 97 1 2 3 75 4 0 0
ST_DELIB 2579 97 1 2 3 10 4 0 0
ST_DELIB 2580 97 1 2 3 10 4 0 0
ST_DELIB 2581 97 1 2 3 10 4 0 0
ST_DELIB 2582 97 1 2 3 75 4 0 0
ST_DELIB 2583 97 1 2 3 10 4 0 0
ST_DELIB 2584 97 1 2 3 10 4 0 0
ST_DELIB 2585 97 1 2 3 75 4 0 0
ST_DELIB 2586 97 1 2 3 10 4 0 0
ST_DELIB 2587 97 1 2 3 10 4 0 0
ST_DELIB 2588 97 1 2 3 75 4 0 0
ST_DELIB 2589 97 1 2 3 10 4 0 0
ST_DELIB 2590 97 1 2 3 10 4 0 0
ST_DELIB 2591 97 1 2 3 10 4 0 0
ST_DELIB 2592 97 1 2 3 75 4 0 0
ST_DELIB 2593 97 1 2 3 10 4 0 0
ST_DELIB 2594 97 1 2 3 10 4 0 0
ST_DELIB 2595 97 1 2 3 75 4 0 0
ST_DELIB 2596 97 1 2 3 10 4 0 0
ST_DELIB 2597 97 1 2 3 10 4 0 0
ST_DELIB 2598 97 1 2 3 75 4 0 0
ST_DELIB 2599 97 1 2 3 10 4 0 0
ST_DELIB 2600 97 1 2 3 10 4 0 0
ST_DELIB 2600 97 2 2 4 10 4 0 0
ST_DELIB 2600 99 2 3 5 90 4 0 1
ST_DELIB 2600 105 2 3 5 90 4 0 1
ST_DELIB 2600 114 2 3 5 90 4 0 1
ST_DELIB 2600 117 2 3 5 90 4 0 1
ST_DELIB 2600 118 2 3 5 90 4 0 1
ST_DELIB 2600 121 2 3 5 90 4 0 1
ST_DELIB 2600 123 2 3 5 90 4 0 1
ST_DELIB 2601 97 1 2 3 1 4 0 0
ST_DELIB 2602 97 1 2 3 75 4 0 0
ST_DELIB 2603 97 1 2 3 10 4 0 0
ST_DELIB 2604 97 1 2 3 10 4 0 0
ST_DELIB 2605 97 1 2 3 75 4 0 0
ST_DELIB 2606 97 1 2 3 10 4 0 0
ST_DELIB 2607 97 1 2 3 10 4 0 0
ST_DELIB 2608 99 1 2 2 90 4 0 1
ST_DELIB 2609 99 1 2 3 10 4 0 0
ST_DELIB 2610 99 1 2 3 10 4 0 0
ST_DELIB 2611 99 1 2 3 10 4 0 0
ST_DELIB 2612 99 1 2 3 75 4 0 0
ST_DELIB 2613 99 1 2 3 10 4 0 0
ST_DELIB 2614 99 1 2 3 10 4 0 0
ST_DELIB 2615 99 1 2 3 75 4 0 0
ST_DELIB 2616 99 1 2 3 10 4 0 0
ST_DELIB 2617 99 1 2 3 10 4 0 0
ST_DELIB 2618 99 1 2 3 75 4 0 0
ST_DELIB 2619 99 1 2 3 10 4 0 0
ST_DELIB 2620 99 1 2 3 10 4 0 0
ST_DELIB 2621 99 1 2 3 10 4 0 0
ST_DELIB 2622 99 1 2 3 75 4 0 0
ST_DELIB 2623 99 1 2 3 10 4 0 0
ST_DELIB 2624 99 1 2 3 10 4 0 0
ST_DELIB 2625 99 1 2 3 75 4 0 0
ST_DELIB 2626 99 1 2 3 10 4 0 0
ST_DELIB 2627 99 1 2 3 10 4 0 0
ST_DELIB 2628 99 1 2 3 75 4 0 0
ST_DELIB 2629 99 1 2 3 10 4 0 0
ST_DELIB 2630 99 1 2 3 10 4 0 0
ST_DELIB 2631 99 1 2 3 10 4 0 0
ST_DELIB 2632 99 1 2 3 75 4 0 0
ST_DELIB 2633 99 1 2 3 10 4 0 0
ST_DELIB 2634 99 1 2 3 10 4 0 0
ST_DELIB 2635 99 1 2 3 75 4 0 0
ST_DELIB 2636 99 1 2 3 10 4 0 0
ST_DELIB 2637 99 1 2 3 10 4 0 0
ST_DELIB 2638 99 1 2 3 75 4 0 0
ST_DELIB 2639 99 1 2 3 10 4 0 0
ST_DELIB 2640 99 1 2 3 10 4 0 0
ST_DELIB 2641 99 1 2 3 10 4 0 0
ST_DELIB 2642 99 1 2 3 75 4 0 0
ST_DELIB 2643 99 1 2 3 10 4 0 0
ST_DELIB 2644 99 1 2 3 10 4 0 0
ST_DELIB 2645 99 1 2 3 75 4 0 0
ST_DELIB 2646 99 1 2 3 10 4 0 0
ST_DELIB 2647 99 1 2 3 10 4 0 0
ST_DELIB 2648 99 1 2 3 75 4 0 0
ST_DELIB 2649 99 1 2 3 10 4 0 0
ST_DELIB 2650 99 1 2 3 10 4 0 0
ST_DELIB 2651 99 1 2 3 10 4 0 0
ST_DELIB 2652 99 1 2 3 75 4 0 0
ST_DELIB 2653 99 1 2 3 10 4 0 0
ST_DELIB 2654 99 1 2 3 10 4 0 0
ST_DELIB 2655 99 1 2 3 75 4 0 0
ST_DELIB 2656 99 1 2 3 10 4 0 0
ST_DELIB 2657 99 1 2 3 10 4 0 0
ST_DELIB 2658 105 1 2 2 90 4 0 1
ST_DELIB 2659 105 1 2 3 10 4 0 0
ST_DELIB 2660 105 1 2 3 10 4 0 0
ST_DELIB 2661 105 1 2 3 10 4 0 0
ST_DELIB 2662 105 1 2 3 75 4 0 0
ST_DELIB 2663 105 1 2 3 10 4 0 0
ST_DELIB 2664 105 1 2 3 10 4 0 0
ST_DELIB 2665 105 1 2 3 75 4 0 0
ST_DELIB 2666 105 1 2 3 10 4 0 0
ST_DELIB 2667 105 1 2 3 10 4 0 0
ST_DELIB 2668 105 1 2 3 75 4 0 0
ST_DELIB 2669 105 1 2 3 10 4 0 0
ST_DELIB 2670 105 1 2 3 10 4 0 0
ST_DELIB 2671 105 1 2 3 10 4 0 0
ST_DELIB 2672 105 1 2 3 75 4 0 0
ST_DELIB 2673 105 1 2 3 10 4 0 0
ST_DELIB 2674 105 1 2 3 10 4 0 0
ST_DELIB 2675 105 1 2 3 75 4 0 0
ST_DELIB 2676 105 1 2 3 10 4 0 0
ST_DELIB 2677 105 1 2 3 10 4 0 0
ST_DELIB 2678 105 1 2 3 75 4 0 0
ST_DELIB 2679 105 1 2 3 10 4 0 0
ST_DELIB 2680 105 1 2 3 10 4 0 0
ST_DELIB 2681 105 1 2 3 10 4 0 0
ST_DELIB 2682 105 1 2 3 75 4 0 0
ST_DELIB 2683 105 1 2 3 10 4 0 0
ST_DELIB 2684 105 1 2 3 10 4 0 0
ST_DELIB 2685 105 1 2 3 75 4 0 0
ST_DELIB 2686 105 1 2 3 10 4 0 0
ST_DELIB 2687 105 1 2 3 10 4 0 0
ST_DELIB 2688 105 1 2 3 75 4 0 0
ST_DELIB 2689 105 1 2 3 10 4 0 0
ST_DELIB 2690 105 1 2 3 10 4 0 0
ST_DELIB 2691 105 1 2 3 10 4 0 0
ST_DELIB 2692 105 1 2 3 75 4 0 0
ST_DELIB 2693 105 1 2 3 10 4 0 0
ST_DELIB 2694 105 1 2 3 10 4 0 0
ST_DELIB 2695 105 1 2 3 75 4 0 0
ST_DELIB 2696 105 1 2 3 10 4 0 0
ST_DELIB 2697 105 1 2 3 10 4 0 0
ST_DELIB 2698 105 1 2 3 75 4 0 0
ST_DELIB 2699 105 1 2 3 10 4 0 0
ST_DELIB 2700 105 1 2 3 10 4 0 0
ST_DELIB 2700 105 2 2 4 10 4 0 0
ST_DELIB 2700 114 2 3 5 90 4 0 1
ST_DELIB 2700 117 2 3 5 90 4 0 1
ST_DELIB 2700 118 2 3 5 90 4 0 1
ST_DELIB 2700 121 2 3 5 90 4 0 1
ST_DELIB 2700 123 2 3 5 90 4 0 1
ST_DELIB 2700 126 2 3 5 90 4 0 1
ST_DELIB 2700 129 2 3 5 90 4 0 1
ST_DELIB 2701 105 1 2 3 1 4 0 0
ST_DELIB 2702 105 1 2 3 75 4 0 0
ST_DELIB 2703 105 1 2 3 10 4 0 0
ST_DELIB 2704 105 1 2 3 10 4 0 0
ST_DELIB 2705 105 1 2 3 75 4 0 0
ST_DELIB 2706 105 1 2 3 10 4 0 0
ST_DELIB 2707 105 1 2 3 10 4 0 0
ST_DELIB 2708 114 1 2 2 90 4 0 1
ST_DELIB 2709 114 1 2 3 10 4 0 0
ST_DELIB 2710 114 1 2 3 10 4 0 0
ST_DELIB 2711 114 1 2 3 10 4 0 0
ST_DELIB 2712 114 1 2 3 75 4 0 0
ST_DELIB 2713 114 1 2 3 10 4 0 0
ST_DELIB 2714 114 1 2 3 10 4 0 0
ST_DELIB 2715 114 1 2 3 75 4 0 0
ST_DELIB 2716 114 1 2 3 10 4 0 0
ST_DELIB 2717 114 1 2 3 10 4 0 0
ST_DELIB 2718 114 1 2 3 75 4 0 0
ST_DELIB 2719 114 1 2 3 10 4 0 0
ST_DELIB 2720 114 1 2 3 10 4 0 0
ST_DELIB 2721 114 1 2 3 10 4 0 0
ST_DELIB 2722 114 1 2 3 75 4 0 0
ST_DELIB 2723 114 1 2 3 10 4 0 0
ST_DELIB 2724 114 1 2 3 10 4 0 0
ST_DELIB 2725 114 1 2 3 75 4 0 0
ST_DELIB 2726 114 1 2 3 10 4 0 0
ST_DELIB 2727 114 1 2 3 10 4 0 0
ST_DELIB 2728 114 1 2 3 75 4 0 0
ST_DELIB 2729 114 1 2 3 10 4 0 0
ST_DELIB 2730 114 1 2 3 10 4 0 0
ST_DELIB 2731 114 1 2 3 10 4 0 0
ST_DELIB 2732 114 1 2 3 75 4 0 0
ST_DELIB 2733 114 1 2 3 10 4 0 0
ST_DELIB 2734 114 1 2 3 10 4 0 0
ST_DELIB 2735 114 1 2 3 75 4 0 0
ST_DELIB 2736 114 1 2 3 10 4 0 0
ST_DELIB 2737 114 1 2 3 10 4 0 0
ST_DELIB 2738 114 1 2 3 75 4 0 0
ST_DELIB 2739 114 1 2 3 10 4 0 0
ST_DELIB 2740 114 1 2 3 10 4 0 0
ST_DELIB 2741 114 1 2 3 10 4 0 0
ST_DELIB 2742 114 1 2 3 75 4 0 0
ST_DELIB 2743 114 1 2 3 10 4 0 0
ST_DELIB 2744 114 1 2 3 10 4 0 0
ST_DELIB 2745 114 1 2 3 75 4 0 0
ST_DELIB 2746 114 1 2 3 10 4 0 0
ST_DELIB 2747 114 1 2 3 10 4 0 0
ST_DELIB 2748 114 1 2 3 75 4 0 0
ST_DELIB 2749 114 1 2 3 10 4 0 0
ST_TS 2750 320 3544 0 7545 0 2469 0 317 825 0 0 0 0 0 0 0
ST_DELIB 2750 114 1 2 3 10 4 0 0
ST_DELIB 2751 114 1 2 3 10 4 0 0
ST_DELIB 2752 114 1 2 3 75 4 0 0
ST_DELIB 2753 114 1 2 3 10 4 0 0
ST_DELIB 2754 114 1 2 3 10 4 0 0
ST_DELIB 2755 114 1 2 3 75 4 0 0
ST_DELIB 2756 114 1 2 3 10 4 0 0
ST_DELIB 2757 114 1 2 3 10 4 0 0
ST_DELIB 2758 117 1 2 2 90 4 0 1
ST_DELIB 2759 117 1 2 3 10 4 0 0
ST_DELIB 2760 117 1 2 3 10 4 0 0
ST_DELIB 2761 117 1 2 3 10 4 0 0
ST_DELIB 2762 117 1 2 3 75 4 0 0
ST_DELIB 2763 117 1 2 3 10 4 0 0
ST_DELIB 2764 117 1 2 3 10 4 0 0
ST_DELIB 2765 117 1 2 3 75 4 0 0
ST_DELIB 2766 117 1 2 3 10 4 0 0
ST_DELIB 2767 117 1 2 3 10 4 0 0
ST_DELIB 2768 117 1 2 3 75 4 0 0
ST_DELIB 2769 117 1 2 3 10 4 0 0
ST_DELIB 2770 117 1 2 3 10 4 0 0
ST_DELIB 2771 117 1 2 3 10 4 0 0
ST_DELIB 2772 117 1 2 3 75 4 0 0
ST_DELIB 2773 117 1 2 3 10 4 0 0
ST_DELIB 2774 117 1 2 3 10 4 0 0
ST_DELIB 2775 117 1 2 3 75 4 0 0
ST_DELIB 2776 117 1 2 3 10 4 0 0
ST_DELIB 2777 117 1 2 3 10 4 0 0
ST_DELIB 2778 117 1 2 3 75 4 0 0
ST_DELIB 2779 117 1 2 3 10 4 0 0
ST_DELIB 2780 117 1 2 3 10 4 0 0
ST_DELIB 2781 117 1 2 3 10 4 0 0
ST_DELIB 2782 117 1 2 3 75 4 0 0
ST_DELIB 2783 117 1 2 3 10 4 0 0
ST_DELIB 2784 117 1 2 3 10 4 0 0
ST_DELIB 2785 117 1 2 3 75 4 0 0
ST_DELIB 2786 117 1 2 3 10 4 0 0
ST_DELIB 2787 117 1 2 3 10 4 0 0
ST_DELIB 2788 117 1 2 3 75 4 0 0
ST_DELIB 2789 117 1 2 3 10 4 0 0
ST_DELIB 2790 117 1 2 3 10 4 0 0
ST_DELIB 2791 117 1 2 3 10 4 0 0
ST_DELIB 2792 117 1 2 3 75 4 0 0
ST_DELIB 2793 117 1 2 3 10 4 0 0
ST_DELIB 2794 117 1 2 3 10 4 0 0
ST_DELIB 2795 117 1 2 3 75 4 0 0
ST_DELIB 2796 117 1 2 3 10 4 0 0
ST_DELIB 2797 117 1 2 3 10 4 0 0
ST_DELIB 2798 117 1 2 3 75 4 0 0
ST_DELIB 2799 117 1 2 3 10 4 0 0
ST_DELIB 2800 117 1 2 3 10 4 0 0
ST_DELIB 2800 117 2 2 4 10 4 0 0
ST_DELIB 2800 118 2 3 5 90 4 0 1
ST_DELIB 2800 121 2 3 5 90 4 0 1
ST_DELIB 2800 123 2 3 5 90 4 0 1
ST_DELIB 2800 126 2 3 5 90 4 0 1
ST_DELIB 2800 129 2 3 5 90 4 0 1
ST_DELIB 2800 132 2 3 5 90 4 0 1
ST_DELIB 2800 134 2 3 5 90 4 0 1
ST_DELIB 2801 117 1 2 3 1 4 0 0
ST_DELIB 2802 117 1 2 3 75 4 0 0
ST_DELIB 2803 117 1 2 3 10 4 0 0
ST_DELIB 2804 117 1 2 3 10 4 0 0
ST_DELIB 2805 117 1 2 3 75 4 0 0
ST_DELIB 2806 117 1 2 3 10 4 0 0
ST_DELIB 2807 117 1 2 3 10 4 0 0
ST_DELIB 2808 118 1 2 2 90 4 0 1
ST_DELIB 2809 118 1 2 3 10 4 0 0
ST_DELIB 2810 118 1 2 3 10 4 0 0
ST_DELIB 2811 118 1 2 3 10 4 0 0
ST_DELIB 2812 118 1 2 3 75 4 0 0
ST_DELIB 2813 118 1 2 3 10 4 0 0
ST_DELIB 2814 118 1 2 3 10 4 0 0
ST_DELIB 2815 118 1 2 3 75 4 0 0
ST_DELIB 2816 118 1 2 3 10 4 0 0
ST_DELIB 2817 118 1 2 3 10 4 0 0
ST_DELIB 2818 118 1 2 3 75 4 0 0
ST_DELIB 2819 118 1 2 3 10 4 0 0
ST_DELIB 2820 118 1 2 3 10 4 0 0
ST_DELIB 2821 118 1 2 3 10 4 0 0
ST_DELIB 2822 118 1 2 3 75 4 0 0
ST_DELIB 2823 118 1 2 3 10 4 0 0
ST_DELIB 2824 118 1 2 3 10 4 0 0
ST_DELIB 2825 118 1 2 3 75 4 0 0
ST_DELIB 2826 118 1 2 3 10 4 0 0
ST_DELIB 2827 118 1 2 3 10 4 0 0
ST_DELIB 2828 118 1 2 3 75 4 0 0
ST_DELIB 2829 118 1 2 3 10 4 0 0
ST_DELIB 2830 118 1 2 3 10 4 0 0
ST_DELIB 2831 118 1 2 3 10 4 0 0
ST_DELIB 2832 118 1 2 3 75 4 0 0
ST_DELIB 2833 118 1 2 3 10 4 0 0
ST_DELIB 2834 118 1 2 3 10 4 0 0
ST_DELIB 2835 118 1 2 3 75 4 0 0
ST_DELIB 2836 118 1 2 3 10 4 0 0
ST_DELIB 2837 118 1 2 3 10 4 0 0
ST_DELIB 2838 118 1 2 3 75 4 0 0
ST_DELIB 2839 118 1 2 3 10 4 0 0
ST_DELIB 2840 118 1 2 3 10 4 0 0
ST_DELIB 2841 118 1 2 3 10 4 0 0
ST_DELIB 2842 118 1 2 3 75 4 0 0
ST_DELIB 2843 118 1 2 3 10 4 0 0
ST_DELIB 2844 118 1 2 3 10 4 0 0
ST_DELIB 2845 118 1 2 3 75 4 0 0
ST_DELIB 2846 118 1 2 3 10 4 0 0
ST_DELIB 2847 118 1 2 3 10 4 0 0
ST_DELIB 2848 118 1 2 3 75 4 0 0
ST_DELIB 2849 118 1 2 3 10 4 0 0
ST_DELIB 2850 118 1 2 3 10 4 0 0
ST_DELIB 2851 118 1 2 3 10 4 0 0
ST_DELIB 2852 118 1 2 3 75 4 0 0
ST_DELIB 2853 118 1 2 3 10 4 0 0
ST_DELIB 2854 118 1 2 3 10 4 0 0
ST_DELIB 2855 118 1 2 3 75 4 0 0
ST_DELIB 2856 118 1 2 3 10 4 0 0
ST_DELIB 2857 118 1 2 3 10 4 0 0
ST_DELIB 2858 121 1 2 2 90 4 0 1
ST_DELIB 2859 121 1 2 3 10 4 0 0
ST_DELIB 2860 121 1 2 3 10 4 0 0
ST_DELIB 2861 121 1 2 3 10 4 0 0
ST_DELIB 2862 121 1 2 3 75 4 0 0
ST_DELIB 2863 121 1 2 3 10 4 0 0
ST_DELIB 2864 121 1 2 3 10 4 0 0
ST_DELIB 2865 121 1 2 3 75 4 0 0
ST_DELIB 2866 121 1 2 3 10 4 0 0
ST_DELIB 2867 121 1 2 3 10 4 0 0
ST_DELIB 2868 121 1 2 3 75 4 0 0
ST_DELIB 2869 121 1 2 3 10 4 0 0
ST_DELIB 2870 121 1 2 3 10 4 0 0
ST_DELIB 2871 121 1 2 3 10 4 0 0
ST_DELIB 2872 121 1 2 3 75 4 0 0
ST_DELIB 2873 121 1 2 3 10 4 0 0
ST_DELIB 2874 121 1 2 3 10 4 0 0
ST_DELIB 2875 121 1 2 3 75 4 0 0
ST_DELIB 2876 121 1 2 3 10 4 0 0
ST_DELIB 2877 121 1 2 3 10 4 0 0
ST_DELIB 2878 121 1 2 3 75 4 0 0
ST_DELIB 2879 121 1 2 3 10 4 0 0
ST_DELIB 2880 121 1 2 3 10 4 0 0
ST_DELIB 2881 121 1 2 3 10 4 0 0
ST_DELIB 2882 121 1 2 3 75 4 0 0
ST_DELIB 2883 121 1 2 3 10 4 0 0
ST_DELIB 2884 121 1 2 3 10 4 0 0
ST_DELIB 2885 121 1 2 3 75 4 0 0
ST_DELIB 2886 121 1 2 3 10 4 0 0
ST_DELIB 2887 121 1 2 3 10 4 0 0
ST_DELIB 2888 121 1 2 3 75 4 0 0
ST_DELIB 2889 121 1 2 3 10 4 0 0
ST_DELIB 2890 121 1 2 3 10 4 0 0
ST_DELIB 2891 121 1 2 3 10 4 0 0
ST_DELIB 2892 121 1 2 3 75 4 0 0
ST_DELIB 2893 121 1 2 3 10 4 0 0
ST_DELIB 2894 121 1 2 3 10 4 0 0
ST_DELIB 2895 121 1 2 3 75 4 0 0
ST_DELIB 2896 121 1 2 3 10 4 0 0
ST_DELIB 2897 121 1 2 3 10 4 0 0
ST_DELIB 2898 121 1 2 3 75 4 0 0
ST_DELIB 2899 121 1 2 3 10 4 0 0
ST_DELIB 2900 121 1 2 3 10 4 0 0
ST_DELIB 2900 121 2 2 4 10 4 0 0
ST_DELIB 2900 123 2 3 5 90 4 0 1
ST_DELIB 2900 126 2 3 5 90 4 0 1
ST_DELIB 2900 129 2 3 5 90 4 0 1
ST_DELIB 2900 132 2 3 5 90 4 0 1
ST_DELIB 2900 134 2 3 5 90 4 0 1
ST_DELIB 2900 138 2 3 5 90 4 0 1
ST_DELIB 2900 140 2 3 5 90 4 0 1
ST_DELIB 2901 121 1 2 3 1 4 0 0
ST_DELIB 2902 121 1 2 3 75 4 0 0
ST_DELIB 2903 121 1 2 3 10 4 0 0
ST_DELIB 2904 121 1 2 3 10 4 0 0
ST_DELIB 2905 121 1 2 3 75 4 0 0
ST_DELIB 2906 121 1 2 3 10 4 0 0
ST_DELIB 2907 121 1 2 3 10 4 0 0
ST_DELIB 2908 123 1 2 2 90 4 0 1
ST_DELIB 2909 123 1 2 3 10 4 0 0
ST_DELIB 2910 123 1 2 3 10 4 0 0
ST_DELIB 2911 123 1 2 3 10 4 0 0
ST_DELIB 2912 123 1 2 3 75 4 0 0
ST_DELIB 2913 123 1 2 3 10 4 0 0
ST_DELIB 2914 123 1 2 3 10 4 0 0
ST_DELIB 2915 123 1 2 3 75 4 0 0
ST_DELIB 2916 123 1 2 3 10 4 0 0
ST_DELIB 2917 123 1 2 3 10 4 0 0
ST_DELIB 2918 123 1 2 3 75 4 0 0
ST_DELIB 2919 123 1 2 3 10 4 0 0
ST_DELIB 2920 123 1 2 3 10 4 0 0
ST_DELIB 2921 123 1 2 3 10 4 0 0
ST_DELIB 2922 123 1 2 3 75 4 0 0
ST_DELIB 2923 123 1 2 3 10 4 0 0
ST_DELIB 2924 123 1 2 3 10 4 0 0
ST_DELIB 2925 123 1 2 3 75 4 0 0
ST_DELIB 2926 123 1 2 3 10 4 0 0
ST_DELIB 2927 123 1 2 3 10 4 0 0
ST_DELIB 2928 123 1 2 3 75 4 0 0
ST_DELIB 2929 123 1 2 3 10 4 0 0
ST_DELIB 2930 123 1 2 3 10 4 0 0
ST_DELIB 2931 123 1 2 3 10 4 0 0
ST_DELIB 2932 123 1 2 3 75 4 0 0
ST_DELIB 2933 123 1 2 3 10 4 0 0
ST_DELIB 2934 123 1 2 3 10 4 0 0
ST_DELIB 2935 123 1 2 3 75 4 0 0
ST_DELIB 2936 123 1 2 3 10 4 0 0
ST_DELIB 2937 123 1 2 3 10 4 0 0
ST_DELIB 2938 123 1 2 3 75 4 0 0
ST_DELIB 2939 123 1 2 3 10 4 0 0
ST_DELIB 2940 123 1 2 3 10 4 0 0
ST_DELIB 2941 123 1 2 3 10 4 0 0
ST_DELIB 2942 123 1 2 3 75 4 0 0
ST_DELIB 2943 123 1 2 3 10 4 0 0
ST_DELIB 2944 123 1 2 3 10 4 0 0
ST_DELIB 2945 123 1 2 3 75 4 0 0
ST_DELIB 2946 123 1 2 3 10 4 0 0
ST_DELIB 2947 123 1 2 3 10 4 0 0
ST_DELIB 2948 123 1 2 3 75 4 0 0
ST_DELIB 2949 123 1 2 3 10 4 0 0
ST_DELIB 2950 123 1 2 3 10 4 0 0
ST_DELIB 2951 123 1 2 3 10 4 0 0
ST_DELIB 2952 123 1 2 3 75 4 0 0
ST_DELIB 2953 123 1 2 3 10 4 0 0
ST_DELIB 2954 123 1 2 3 10 4 0 0
ST_DELIB 2955 123 1 2 3 75 4 0 0
ST_DELIB 2956 123 1 2 3 10 4 0 0
ST_DELIB 2957 123 1 2 3 10 4 0 0
ST_DELIB 2958 126 1 2 2 90 4 0 1
ST_DELIB 2959 126 1 2 3 10 4 0 0
ST_DELIB 2960 126 1 2 3 10 4 0 0
ST_DELIB 2961 126 1 2 3 10 4 0 0
ST_DELIB 2962 126 1 2 3 75 4 0 0
ST_DELIB 2963 126 1 2 3 10 4 0 0
ST_DELIB 2964 126 1 2 3 10 4 0 0
ST_DELIB 2965 126 1 2 3 75 4 0 0
ST_DELIB 2966 126 1 2 3 10 4 0 0
ST_DELIB 2967 126 1 2 3 10 4 0 0
ST_DELIB 2968 126 1 2 3 75 4 0 0
ST_DELIB 2969 126 1 2 3 10 4 0 0
ST_DELIB 2970 126 1 2 3 10 4 0 0
ST_DELIB 2971 126 1 2 3 10 4 0 0
ST_DELIB 2972 126 1 2 3 75 4 0 0
ST_DELIB 2973 126 1 2 3 10 4 0 0
ST_DELIB 2974 126 1 2 3 10 4 0 0
ST_DELIB 2975 126 1 2 3 75 4 0 0
ST_DELIB 2976 126 1 2 3 10 4 0 0
ST_DELIB 2977 126 1 2 3 10 4 0 0
ST_DELIB 2978 126 1 2 3 75 4 0 0
ST_DELIB 2979 126 1 2 3 10 4 0 0
ST_DELIB 2980 126 1 2 3 10 4 0 0
ST_DELIB 2981 126 1 2 3 10 4 0 0
ST_DELIB 2982 126 1 2 3 75 4 0 0
ST_DELIB 2983 126 1 2 3 10 4 0 0
ST_DELIB 2984 126 1 2 3 10 4 0 0
ST_DELIB 2985 126 1 2 3 75 4 0 0
ST_DELIB 2986 126 1 2 3 10 4 0 0
ST_DELIB 2987 126 1 2 3 10 4 0 0
ST_DELIB 2988 126 1 2 3 75 4 0 0
ST_DELIB 2989 126 1 2 3 10 4 0 0
ST_DELIB 2990 126 1 2 3 10 4 0 0
ST_DELIB 2991 126 1 2 3 10 4 0 0
ST_DELIB 2992 126 1 2 3 75 4 0 0
ST_DELIB 2993 126 1 2 3 10 4 0 0
ST_DELIB 2994 126 1 2 3 10 4 0 0
ST_DELIB 2995 126 1 2 3 75 4 0 0
ST_DELIB 2996 126 1 2 3 10 4 0 0
ST_DELIB 2997 126 1 2 3 10 4 0 0
ST_DELIB 2998 126 1 2 3 75 4 0 0
ST_DELIB 2999 126 1 2 3 10 4 0 0
ST_TS 3000 320 3811 0 8553 0 2721 0 317 900 0 0 0 0 0 0 0
ST_DELIB 3000 126 1 2 3 10 4 0 0
ST_DELIB 3000 126 2 2 4 10 4 0 0
ST_DELIB 3000 129 2 3 5 90 4 0 1
ST_DELIB 3000 132 2 3 5 90 4 0 1
ST_DELIB 3000 134 2 3 5 90 4 0 1
ST_DELIB 3000 138 2 3 5 90 4 0 1
ST_DELIB 3000 140 2 3 5 90 4 0 1
ST_DELIB 3000 142 2 3 5 90 4 0 1
ST_DELIB 3000 144 2 3 5 90 4 0 1
ST_DELIB 3001 126 1 2 3 1 4 0 0
ST_DELIB 3002 126 1 2 3 75 4 0 0
ST_DELIB 3003 126 1 2 3 10 4 0 0
ST_DELIB 3004 126 1 2 3 10 4 0 0
ST_DELIB 3005 126 1 2 3 75 4 0 0
ST_DELIB 3006 126 1 2 3 10 4 0 0
ST_DELIB 3007 126 1 2 3 10 4 0 0
ST_DELIB 3008 129 1 2 2 90 4 0 1
ST_DELIB 3009 129 1 2 3 10 4 0 0
ST_DELIB 3010 129 1 2 3 10 4 0 0
ST_DELIB 3011 129 1 2 3 10 4 0 0
ST_DELIB 3012 129 1 2 3 75 4 0 0
ST_DELIB 3013 129 1 2 3 10 4 0 0
ST_DELIB 3014 129 1 2 3 10 4 0 0
ST_DELIB 3015 129 1 2 3 75 4 0 0
ST_DELIB 3016 129 1 2 3 10 4 0 0
ST_DELIB 3017 129 1 2 3 10 4 0 0
ST_DELIB 3018 129 1 2 3 75 4 0 0
ST_DELIB 3019 129 1 2 3 10 4 0 0
ST_DELIB 3020 129 1 2 3 10 4 0 0
ST_DELIB 3021 129 1 2 3 10 4 0 0
ST_DELIB 3022 129 1 2 3 75 4 0 0
ST_DELIB 3023 129 1 2 3 10 4 0 0
ST_DELIB 3024 129 1 2 3 10 4 0 0
ST_DELIB 3025 129 1 2 3 75 4 0 0
ST_DELIB 3026 129 1 2 3 10 4 0 0
ST_DELIB 3027 129 1 2 3 10 4 0 0
ST_DELIB 3028 129 1 2 3 75 4 0 0
ST_DELIB 3029 129 1 2 3 10 4 0 0
ST_DELIB 3030 129 1 2 3 10 4 0 0
ST_DELIB 3031 129 1 2 3 10 4 0 0
ST_DELIB 3032 129 1 2 3 75 4 0 0
ST_DELIB 3033 129 1 2 3 10 4 0 0
ST_DELIB 3034 129 1 2 3 10 4 0 0
ST_DELIB 3035 129 1 2 3 75 4 0 0
ST_DELIB 3036 129 1 2 3 10 4 0 0
ST_DELIB 3037 129 1 2 3 10 4 0 0
ST_DELIB 3038 129 1 2 3 75 4 0 0
ST_DELIB 3039 129 1 2 3 10 4 0 0
ST_DELIB 3040 129 1 2 3 10 4 0 0
ST_DELIB 3041 129 1 2 3 10 4 0 0
ST_DELIB 3042 129 1 2 3 75 4 0 0
ST_DELIB 3043 129 1 2 3 10 4 0 0
ST_DELIB 3044 129 1 2 3 10 4 0 0
ST_DELIB 3045 129 1 2 3 75 4 0 0
ST_DELIB 3046 129 1 2 3 10 4 0 0
ST_DELIB 3047 129 1 2 3 10 4 0 0
ST_DELIB 3048 129 1 2 3 75 4 0 0
ST_DELIB 3049 129 1 2 3 10 4 0 0
ST_DELIB 3050 129 1 2 3 10 4 0 0
ST_DELIB 3051 129 1 2 3 10 4 0 0
ST_DELIB 3052 129 1 2 3 75 4 0 0
ST_DELIB 3053 129 1 2 3 10 4 0 0
ST_DELIB 3054 129 1 2 3 10 4 0 0
ST_DELIB 3055 129 1 2 3 75 4 0 0
ST_DELIB 3056 129 1 2 3 10 4 0 0
ST_DELIB 3057 129 1 2 3 10 4 0 0
ST_DELIB 3058 132 1 2 2 90 4 0 1
ST_DELIB 3059 132 1 2 3 10 4 0 0
ST_DELIB 3060 132 1 2 3 10 4 0 0
ST_DELIB 3061 132 1 2 3 10 4 0 0
ST_DELIB 3062 132 1 2 3 75 4 0 0
ST_DELIB 3063 132 1 2 3 10 4 0 0
ST_DELIB 3064 132 1 2 3 10 4 0 0
ST_DELIB 3065 132 1 2 3 75 4 0 0
ST_DELIB 3066 132 1 2 3 10 4 0 0
ST_DELIB 3067 132 1 2 3 10 4 0 0
ST_DELIB 3068 132 1 2 3 75 4 0 0
ST_DELIB 3069 132 1 2 3 10 4 0 0
ST_DELIB 3070 132 1 2 3 10 4 0 0
ST_DELIB 3071 132 1 2 3 10 4 0 0
ST_DELIB 3072 132 1 2 3 75 4 0 0
ST_DELIB 3073 132 1 2 3 10 4 0 0
ST_DELIB 3074 132 1 2 3 10 4 0 0
ST_DELIB 3075 132 1 2 3 75 4 0 0
ST_DELIB 3076 132 1 2 3 10 4 0 0
ST_DELIB 3077 132 1 2 3 10 4 0 0
ST_DELIB 3078 132 1 2 3 75 4 0 0
ST_DELIB 3079 132 1 2 3 10 4 0 0
ST_DELIB 3080 132 1 2 3 10 4 0 0
ST_DELIB 3081 132 1 2 3 10 4 0 0
ST_DELIB 3082 132 1 2 3 75 4 0 0
ST_DELIB 3083 132 1 2 3 10 4 0 0
ST_DELIB 3084 132 1 2 3 10 4 0 0
ST_DELIB 3085 132 1 2 3 75 4 0 0
ST_DELIB 3086 132 1 2 3 10 4 0 0
ST_DELIB 3087 132 1 2 3 10 4 0 0
ST_DELIB 3088 132 1 2 3 75 4 0 0
ST_DELIB 3089 132 1 2 3 10 4 0 0
ST_DELIB 3090 132 1 2 3 10 4 0 0
ST_DELIB 3091 132 1 2 3 10 4 0 0
ST_DELIB 3092 132 1 2 3 75 4 0 0
ST_DELIB 3093 132 1 2 3 10 4 0 0
ST_DELIB 3094 132 1 2 3 10 4 0 0
ST_DELIB 3095 132 1 2 3 75 4 0 0
ST_DELIB 3096 132 1 2 3 10 4 0 0
ST_DELIB 3097 132 1 2 3 10 4 0 0
ST_DELIB 3098 132 1 2 3 75 4 0 0
ST_DELIB 3099 132 1 2 3 10 4 0 0
ST_DELIB 3100 132 1 2 3 10 4 0 0
ST_DELIB 3100 132 2 2 4 10 4 0 0
ST_DELIB 3100 134 2 3 5 90 4 0 1
ST_DELIB 3100 138 2 3 5 90 4 0 1
ST_DELIB 3100 140 2 3 5 90 4 0 1
ST_DELIB 3100 142 2 3 5 90 4 0 1
ST_DELIB 3100 144 2 3 5 90 4 0 1
ST_DELIB 3100 153 2 3 5 90 4 0 1
ST_DELIB 3100 156 2 3 5 90 4 0 1
ST_DELIB 3101 132 1 2 3 1 4 0 0
ST_DELIB 3102 132 1 2 3 75 4 0 0
ST_DELIB 3103 132 1 2 3 10 4 0 0
ST_DELIB 3104 132 1 2 3 10 4 0 0
ST_DELIB 3105 132 1 2 3 75 4 0 0
ST_DELIB 3106 132 1 2 3 10 4 0 0
ST_DELIB 3107 132 1 2 3 10 4 0 0
ST_DELIB 3108 134 1 2 2 90 4 0 1
ST_DELIB 3109 134 1 2 3 10 4 0 0
ST_DELIB 3110 134 1 2 3 10 4 0 0
ST_DELIB 3111 134 1 2 3 10 4 0 0
ST_DELIB 3112 134 1 2 3 75 4 0 0
ST_DELIB 3113 134 1 2 3 10 4 0 0
ST_DELIB 3114 134 1 2 3 10 4 0 0
ST_DELIB 3115 134 1 2 3 75 4 0 0
ST_DELIB 3116 134 1 2 3 10 4 0 0
ST_DELIB 3117 134 1 2 3 10 4 0 0
ST_DELIB 3118 134 1 2 3 75 4 0 0
ST_DELIB 3119 134 1 2 3 10 4 0 0
ST_DELIB 3120 134 1 2 3 10 4 0 0
ST_DELIB 3121 134 1 2 3 10 4 0 0
ST_DELIB 3122 134 1 2 3 75 4 0 0
ST_DELIB 3123 134 1 2 3 10 4 0 0
ST_DELIB 3124 134 1 2 3 10 4 0 0
ST_DELIB 3125 134 1 2 3 75 4 0 0
ST_DELIB 3126 134 1 2 3 10 4 0 0
ST_DELIB 3127 134 1 2 3 10 4 0 0
ST_DELIB 3128 134 1 2 3 75 4 0 0
ST_DELIB 3129 134 1 2 3 10 4 0 0
ST_DELIB 3130 134 1 2 3 10 4 0 0
ST_DELIB 3131 134 1 2 3 10 4 0 0
ST_DELIB 3132 134 1 2 3 75 4 0 0
ST_DELIB 3133 134 1 2 3 10 4 0 0
ST_DELIB 3134 134 1 2 3 10 4 0 0
ST_DELIB 3135 134 1 2 3 75 4 0 0
ST_DELIB 3136 134 1 2 3 10 4 0 0
ST_DELIB 3137 134 1 2 3 10 4 0 0
ST_DELIB 3138 134 1 2 3 75 4 0 0
ST_DELIB 3139 134 1 2 3 10 4 0 0
ST_DELIB 3140 134 1 2 3 10 4 0 0
ST_DELIB 3141 134 1 2 3 10 4 0 0
ST_DELIB 3142 134 1 2 3 75 4 0 0
ST_DELIB 3143 134 1 2 3 10 4 0 0
ST_DELIB 3144 134 1 2 3 10 4 0 0
ST_DELIB 3145 134 1 2 3 75 4 0 0
ST_DELIB 3146 134 1 2 3 10 4 0 0
ST_DELIB 3147 134 1 2 3 10 4 0 0
ST_DELIB 3148 134 1 2 3 75 4 0 0
ST_DELIB 3149 134 1 2 3 10 4 0 0
ST_DELIB 3150 134 1 2 3 10 4 0 0
ST_DELIB 3151 134 1 2 3 10 4 0 0
ST_DELIB 3152 134 1 2 3 75 4 0 0
ST_DELIB 3153 134 1 2 3 10 4 0 0
ST_DELIB 3154 134 1 2 3 10 4 0 0
ST_DELIB 3155 134 1 2 3 75 4 0 0
ST_DELIB 3156 134 1 2 3 10 4 0 0
ST_DELIB 3157 134 1 2 3 10 4 0 0
ST_DELIB 3158 138 1 2 2 90 4 0 1
ST_DELIB 3159 138 1 2 3 10 4 0 0
ST_DELIB 3160 138 1 2 3 10 4 0 0
ST_DELIB 3161 138 1 2 3 10 4 0 0
ST_DELIB 3162 138 1 2 3 75 4 0 0
ST_DELIB 3163 138 1 2 3 10 4 0 0
ST_DELIB 3164 138 1 2 3 10 4 0 0
ST_DELIB 3165 138 1 2 3 75 4 0 0
ST_DELIB 3166 138 1 2 3 10 4 0 0
ST_DELIB 3167 138 1 2 3 10 4 0 0
ST_DELIB 3168 138 1 2 3 75 4 0 0
ST_DELIB 3169 138 1 2 3 10 4 0 0
ST_DELIB 3170 138 1 2 3 10 4 0 0
ST_DELIB 3171 138 1 2 3 10 4 0 0
ST_DELIB 3172 138 1 2 3 75 4 0 0
ST_DELIB 3173 138 1 2 3 10 4 0 0
ST_DELIB 3174 138 1 2 3 10 4 0 0
ST_DELIB 3175 138 1 2 3 75 4 0 0
ST_DELIB 3176 138 1 2 3 10 4 0 0
ST_DELIB 3177 138 1 2 3 10 4 0 0
ST_DELIB 3178 138 1 2 3 75 4 0 0
ST_DELIB 3179 138 1 2 3 10 4 0 0
ST_DELIB 3180 138 1 2 3 10 4 0 0
ST_DELIB 3181 138 1 2 3 10 4 0 0
ST_DELIB 3182 138 1 2 3 75 4 0 0
ST_DELIB 3183 138 1 2 3 10 4 0 0
ST_DELIB 3184 138 1 2 3 10 4 0 0
ST_DELIB 3185 138 1 2 3 75 4 0 0
ST_DELIB 3186 138 1 2 3 10 4 0 0
ST_DELIB 3187 138 1 2 3 10 4 0 0
ST_DELIB 3188 138 1 2 3 75 4 0 0
ST_DELIB 3189 138 1 2 3 10 4 0 0
ST_DELIB 3190 138 1 2 3 10 4 0 0
ST_DELIB 3191 138 1 2 3 10 4 0 0
ST_DELIB 3192 138 1 2 3 75 4 0 0
ST_DELIB 3193 138 1 2 3 10 4 0 0
ST_DELIB 3194 138 1 2 3 10 4 0 0
ST_DELIB 3195 138 1 2 3 75 4 0 0
ST_DELIB 3196 138 1 2 3 10 4 0 0
ST_DELIB 3197 138 1 2 3 10 4 0 0
ST_DELIB 3198 138 1 2 3 75 4 0 0
ST_DELIB 3199 138 1 2 3 10 4 0 0
ST_DELIB 3200 138 1 2 3 10 4 0 0
ST_DELIB 3200 138 2 2 4 10 4 0 0
ST_DELIB 3200 140 2 3 5 90 4 0 1
ST_DELIB 3200 142 2 3 5 90 4 0 1
ST_DELIB 3200 144 2 3 5 90 4 0 1
ST_DELIB 3200 153 2 3 5 90 4 0 1
ST_DELIB 3200 156 2 3 5 90 4 0 1
ST_DELIB 3200 157 2 3 5 90 4 0 1
ST_DELIB 3200 160 2 3 5 90 4 0 1
ST_DELIB 3201 138 1 2 3 1 4 0 0
ST_DELIB 3202 138 1 2 3 75 4 0 0
ST_DELIB 3203 138 1 2 3 10 4 0 0
ST_DELIB 3204 138 1 2 3 10 4 0 0
ST_DELIB 3205 138 1 2 3 75 4 0 0
ST_DELIB 3206 138 1 2 3 10 4 0 0
ST_DELIB 3207 138 1 2 3 10 4 0 0
ST_DELIB 3208 140 1 2 2 90 4 0 1
ST_DELIB 3209 140 1 2 3 10 4 0 0
ST_DELIB 3210 140 1 2 3 10 4 0 0
ST_DELIB 3211 140 1 2 3 10 4 0 0
ST_DELIB 3212 140 1 2 3 75 4 0 0
ST_DELIB 3213 140 1 2 3 10 4 0 0
ST_DELIB 3214 140 1 2 3 10 4 0 0
ST_DELIB 3215 140 1 2 3 75 4 0 0
ST_DELIB 3216 140 1 2 3 10 4 0 0
ST_DELIB 3217 140 1 2 3 10 4 0 0
ST_DELIB 3218 140 1 2 3 75 4 0 0
ST_DELIB 3219 140 1 2 3 10 4 0 0
ST_DELIB 3220 140 1 2 3 10 4 0 0
ST_DELIB 3221 140 1 2 3 10 4 0 0
ST_DELIB 3222 140 1 2 3 75 4 0 0
ST_DELIB 3223 140 1 2 3 10 4 0 0
ST_DELIB 3224 140 1 2 3 10 4 0 0
ST_DELIB 3225 140 1 2 3 75 4 0 0
ST_DELIB 3226 140 1 2 3 10 4 0 0
ST_DELIB 3227 140 1 2 3 10 4 0 0
ST_DELIB 3228 140 1 2 3 75 4 0 0
ST_DELIB 3229 140 1 2 3 10 4 0 0
ST_DELIB 3230 140 1 2 3 10 4 0 0
ST_DELIB 3231 140 1 2 3 10 4 0 0
ST_DELIB 3232 140 1 2 3 75 4 0 0
ST_DELIB 3233 140 1 2 3 10 4 0 0
ST_DELIB 3234 140 1 2 3 10 4 0 0
ST_DELIB 3235 140 1 2 3 75 4 0 0
ST_DELIB 3236 140 1 2 3 10 4 0 0
ST_DELIB 3237 140 1 2 3 10 4 0 0
ST_DELIB 3238 140 1 2 3 75 4 0 0
ST_DELIB 3239 140 1 2 3 10 4 0 0
ST_DELIB 3240 140 1 2 3 10 4 0 0
ST_DELIB 3241 140 1 2 3 10 4 0 0
ST_DELIB 3242 140 1 2 3 75 4 0 0
ST_DELIB 3243 140 1 2 3 10 4 0 0
ST_DELIB 3244 140 1 2 3 10 4 0 0
ST_DELIB 3245 140 1 2 3 75 4 0 0
ST_DELIB 3246 140 1 2 3 10 4 0 0
ST_DELIB 3247 140 1 2 3 10 4 0 0
ST_DELIB 3248 140 1 2 3 75 4 0 0
ST_DELIB 3249 140 1 2 3 10 4 0 0
ST_TS 3250 320 4079 0 9565 0 2974 0 317 975 0 0 0 0 0 0 0
ST_DELIB 3250 140 1 2 3 10 4 0 0
ST_DELIB 3251 140 1 2 3 10 4 0 0
ST_DELIB 3252 140 1 2 3 75 4 0 0
ST_DELIB 3253 140 1 2 3 10 4 0 0
ST_DELIB 3254 140 1 2 3 10 4 0 0
ST_DELIB 3255 140 1 2 3 75 4 0 0
ST_DELIB 3256 140 1 2 3 10 4 0 0
ST_DELIB 3257 140 1 2 3 10 4 0 0
ST_DELIB 3258 142 1 2 2 90 4 0 1
ST_DELIB 3259 142 1 2 3 10 4 0 0
ST_DELIB 3260 142 1 2 3 10 4 0 0
ST_DELIB 3261 142 1 2 3 10 4 0 0
ST_DELIB 3262 142 1 2 3 75 4 0 0
ST_DELIB 3263 142 1 2 3 10 4 0 0
ST_DELIB 3264 142 1 2 3 10 4 0 0
ST_DELIB 3265 142 1 2 3 75 4 0 0
ST_DELIB 3266 142 1 2 3 10 4 0 0
ST_DELIB 3267 142 1 2 3 10 4 0 0
ST_DELIB 3268 142 1 2 3 75 4 0 0
ST_DELIB 3269 142 1 2 3 10 4 0 0
ST_DELIB 3270 142 1 2 3 10 4 0 0
ST_DELIB 3271 142 1 2 3 10 4 0 0
ST_DELIB 3272 142 1 2 3 75 4 0 0
ST_DELIB 3273 142 1 2 3 10 4 0 0
ST_DELIB 3274 142 1 2 3 10 4 0 0
ST_DELIB 3275 142 1 2 3 75 4 0 0
ST_DELIB 3276 142 1 2 3 10 4 0 0
ST_DELIB 3277 142 1 2 3 10 4 0 0
ST_DELIB 3278 142 1 2 3 75 4 0 0
ST_DELIB 3279 142 1 2 3 10 4 0 0
ST_DELIB 3280 142 1 2 3 10 4 0 0
ST_DELIB 3281 142 1 2 3 10 4 0 0
ST_DELIB 3282 142 1 2 3 75 4 0 0
ST_DELIB 3283 142 1 2 3 10 4 0 0
ST_DELIB 3284 142 1 2 3 10 4 0 0
ST_DELIB 3285 142 1 2 3 75 4 0 0
ST_DELIB 3286 142 1 2 3 10 4 0 0
ST_DELIB 3287 142 1 2 3 10 4 0 0
ST_DELIB 3288 142 1 2 3 75 4 0 0
ST_DELIB 3289 142 1 2 3 10 4 0 0
ST_DELIB 3290 142 1 2 3 10 4 0 0
ST_DELIB 3291 142 1 2 3 10 4 0 0
ST_DELIB 3292 142 1 2 3 75 4 0 0
ST_DELIB 3293 142 1 2 3 10 4 0 0
ST_DELIB 3294 142 1 2 3 10 4 0 0
ST_DELIB 3295 142 1 2 3 75 4 0 0
ST_DELIB 3296 142 1 2 3 10 4 0 0
ST_DELIB 3297 142 1 2 3 10 4 0 0
ST_DELIB 3298 142 1 2 3 75 4 0 0
ST_DELIB 3299 142 1 2 3 10 4 0 0
ST_DELIB 3300 142 1 2 3 10 4 0 0
ST_DELIB 3300 142 2 2 4 10 4 0 0
ST_DELIB 3300 144 2 3 5 90 4 0 1
ST_DELIB 3300 153 2 3 5 90 4 0 1
ST_DELIB 3300 156 2 3 5 90 4 0 1
ST_DELIB 3300 157 2 3 5 90 4 0 1
ST_DELIB 3300 160 2 3 5 90 4 0 1
ST_DELIB 3300 183 2 3 5 90 4 0 1
ST_DELIB 3300 184 2 3 5 90 4 0 1
ST_DELIB 3301 142 1 2 3 1 4 0 0
ST_DELIB 3302 142 1 2 3 75 4 0 0
ST_DELIB 3303 142 1 2 3 10 4 0 0
ST_DELIB 3304 142 1 2 3 10 4 0 0
ST_DELIB 3305 142 1 2 3 75 4 0 0
ST_DELIB 3306 142 1 2 3 10 4 0 0
ST_DELIB 3307 142 1 2 3 10 4 0 0
ST_DELIB 3308 144 1 2 2 90 4 0 1
ST_DELIB 3309 144 1 2 3 10 4 0 0
ST_DELIB 3310 144 1 2 3 10 4 0 0
ST_DELIB 3311 144 1 2 3 10 4 0 0
ST_DELIB 3312 144 1 2 3 75 4 0 0
ST_DELIB 3313 144 1 2 3 10 4 0 0
ST_DELIB 3314 144 1 2 3 10 4 0 0
ST_DELIB 3315 144 1 2 3 75 4 0 0
ST_DELIB 3316 144 1 2 3 10 4 0 0
ST_DELIB 3317 144 1 2 3 10 4 0 0
ST_DELIB 3318 144 1 2 3 75 4 0 0
ST_DELIB 3319 144 1 2 3 10 4 0 0
ST_DELIB 3320 144 1 2 3 10 4 0 0
ST_DELIB 3321 144 1 2 3 10 4 0 0
ST_DELIB 3322 144 1 2 3 75 4 0 0
ST_DELIB 3323 144 1 2 3 10 4 0 0
ST_DELIB 3324 144 1 2 3 10 4 0 0
ST_DELIB 3325 144 1 2 3 75 4 0 0
ST_DELIB 3326 144 1 2 3 10 4 0 0
ST_DELIB 3327 144 1 2 3 10 4 0 0
ST_DELIB 3328 144 1 2 3 75 4 0 0
ST_DELIB 3329 144 1 2 3 10 4 0 0
ST_DELIB 3330 144 1 2 3 10 4 0 0
ST_DELIB 3331 144 1 2 3 10 4 0 0
ST_DELIB 3332 144 1 2 3 75 4 0 0
ST_DELIB 3333 144 1 2 3 10 4 0 0
ST_DELIB 3334 144 1 2 3 10 4 0 0
ST_DELIB 3335 144 1 2 3 75 4 0 0
ST_DELIB 3336 144 1 2 3 10 4 0 0
ST_DELIB 3337 144 1 2 3 10 4 0 0
ST_DELIB 3338 144 1 2 3 75 4 0 0
ST_DELIB 3339 144 1 2 3 10 4 0 0
ST_DELIB 3340 144 1 2 3 10 4 0 0
ST_DELIB 3341 144 1 2 3 10 4 0 0
ST_DELIB 3342 144 1 2 3 75 4 0 0
ST_DELIB 3343 144 1 2 3 10 4 0 0
ST_DELIB 3344 144 1 2 3 10 4 0 0
ST_DELIB 3345 144 1 2 3 75 4 0 0
ST_DELIB 3346 144 1 2 3 10 4 0 0
ST_DELIB 3347 144 1 2 3 10 4 0 0
ST_DELIB 3348 144 1 2 3 75 4 0 0
ST_DELIB 3349 144 1 2 3 10 4 0 0
ST_DELIB 3350 144 1 2 3 10 4 0 0
ST_DELIB 3351 144 1 2 3 10 4 0 0
ST_DELIB 3352 144 1 2 3 75 4 0 0
ST_DELIB 3353 144 1 2 3 10 4 0 0
ST_DELIB 3354 144 1 2 3 10 4 0 0
ST_DELIB 3355 144 1 2 3 75 4 0 0
ST_DELIB 3356 144 1 2 3 10 4 0 0
ST_DELIB 3357 144 1 2 3 10 4 0 0
ST_DELIB 3358 153 1 2 2 90 4 0 1
ST_DELIB 3359 153 1 2 3 10 4 0 0
ST_DELIB 3360 153 1 2 3 10 4 0 0
ST_DELIB 3361 153 1 2 3 10 4 0 0
ST_DELIB 3362 153 1 2 3 75 4 0 0
ST_DELIB 3363 153 1 2 3 10 4 0 0
ST_DELIB 3364 153 1 2 3 10 4 0 0
ST_DELIB 3365 153 1 2 3 75 4 0 0
ST_DELIB 3366 153 1 2 3 10 4 0 0
ST_DELIB 3367 153 1 2 3 10 4 0 0
ST_DELIB 3368 153 1 2 3 75 4 0 0
ST_DELIB 3369 153 1 2 3 10 4 0 0
ST_DELIB 3370 153 1 2 3 10 4 0 0
ST_DELIB 3371 153 1 2 3 10 4 0 0
ST_DELIB 3372 153 1 2 3 75 4 0 0
ST_DELIB 3373 153 1 2 3 10 4 0 0
ST_DELIB 3374 153 1 2 3 10 4 0 0
ST_DELIB 3375 153 1 2 3 75 4 0 0
ST_DELIB 3376 153 1 2 3 10 4 0 0
ST_DELIB 3377 153 1 2 3 10 4 0 0
ST_DELIB 3378 153 1 2 3 75 4 0 0
ST_DELIB 3379 153 1 2 3 10 4 0 0
ST_DELIB 3380 153 1 2 3 10 4 0 0
ST_DELIB 3381 153 1 2 3 10 4 0 0
ST_DELIB 3382 153 1 2 3 75 4 0 0
ST_DELIB 3383 153 1 2 3 10 4 0 0
ST_DELIB 3384 153 1 2 3 10 4 0 0
ST_DELIB 3385 153 1 2 3 75 4 0 0
ST_DELIB 3386 153 1 2 3 10 4 0 0
ST_DELIB 3387 153 1 2 3 10 4 0 0
ST_DELIB 3388 153 1 2 3 75 4 0 0
ST_DELIB 3389 153 1 2 3 10 4 0 0
ST_DELIB 3390 153 1 2 3 10 4 0 0
ST_DELIB 3391 153 1 2 3 10 4 0 0
ST_DELIB 3392 153 1 2 3 75 4 0 0
ST_DELIB 3393 153 1 2 3 10 4 0 0
ST_DELIB 3394 153 1 2 3 10 4 0 0
ST_DELIB 3395 153 1 2 3 75 4 0 0
ST_DELIB 3396 153 1 2 3 10 4 0 0
ST_DELIB 3397 153 1 2 3 10 4 0 0
ST_DELIB 3398 153 1 2 3 75 4 0 0
ST_DELIB 3399 153 1 2 3 10 4 0 0
ST_DELIB 3400 153 1 2 3 10 4 0 0
ST_DELIB 3400 153 2 2 4 10 4 0 0
ST_DELIB 3400 156 2 3 5 90 4 0 1
ST_DELIB 3400 157 2 3 5 90 4 0 1
ST_DELIB 3400 160 2 3 5 90 4 0 1
ST_DELIB 3400 183 2 3 5 90 4 0 1
ST_DELIB 3400 184 2 3 5 90 4 0 1
ST_DELIB 3400 185 2 3 5 90 4 0 1
ST_DELIB 3400 186 2 3 5 90 4 0 1
ST_DELIB 3401 153 1 2 3 1 4 0 0
ST_DELIB 3402 153 1 2 3 75 4 0 0
ST_DELIB 3403 153 1 2 3 10 4 0 0
ST_DELIB 3404 153 1 2 3 10 4 0 0
ST_DELIB 3405 153 1 2 3 75 4 0 0
ST_DELIB 3406 153 1 2 3 10 4 0 0
ST_DELIB 3407 153 1 2 3 10 4 0 0
ST_DELIB 3408 156 1 2 2 90 4 0 1
ST_DELIB 3409 156 1 2 3 10 4 0 0
ST_DELIB 3410 156 1 2 3 10 4 0 0
ST_DELIB 3411 156 1 2 3 10 4 0 0
ST_DELIB 3412 156 1 2 3 75 4 0 0
ST_DELIB 3413 156 1 2 3 10 4 0 0
ST_DELIB 3414 156 1 2 3 10 4 0 0
ST_DELIB 3415 156 1 2 3 75 4 0 0
ST_DELIB 3416 156 1 2 3 10 4 0 0
ST_DELIB 3417 156 1 2 3 10 4 0 0
ST_DELIB 3418 156 1 2 3 75 4 0 0
ST_DELIB 3419 156 1 2 3 10 4 0 0
ST_DELIB 3420 156 1 2 3 10 4 0 0
ST_DELIB 3421 156 1 2 3 10 4 0 0
ST_DELIB 3422 156 1 2 3 75 4 0 0
ST_DELIB 3423 156 1 2 3 10 4 0 0
ST_DELIB 3424 156 1 2 3 10 4 0 0
ST_DELIB 3425 156 1 2 3 75 4 0 0
ST_DELIB 3426 156 1 2 3 10 4 0 0
ST_DELIB 3427 156 1 2 3 10 4 0 0
ST_DELIB 3428 156 1 2 3 75 4 0 0
ST_DELIB 3429 156 1 2 3 10 4 0 0
ST_DELIB 3430 156 1 2 3 10 4 0 0
ST_DELIB 3431 156 1 2 3 10 4 0 0
ST_DELIB 3432 156 1 2 3 75 4 0 0
ST_DELIB 3433 156 1 2 3 10 4 0 0
ST_DELIB 3434 156 1 2 3 10 4 0 0
ST_DELIB 3435 156 1 2 3 75 4 0 0
ST_DELIB 3436 156 1 2 3 10 4 0 0
ST_DELIB 3437 156 1 2 3 10 4 0 0
ST_DELIB 3438 156 1 2 3 75 4 0 0
ST_DELIB 3439 156 1 2 3 10 4 0 0
ST_DELIB 3440 156 1 2 3 10 4 0 0
ST_DELIB 3441 156 1 2 3 10 4 0 0
ST_DELIB 3442 156 1 2 3 75 4 0 0
ST_DELIB 3443 156 1 2 3 10 4 0 0
ST_DELIB 3444 156 1 2 3 10 4 0 0
ST_DELIB 3445 156 1 2 3 75 4 0 0
ST_DELIB 3446 156 1 2 3 10 4 0 0
ST_DELIB 3447 156 1 2 3 10 4 0 0
ST_DELIB 3448 156 1 2 3 75 4 0 0
ST_DELIB 3449 156 1 2 3 10 4 0 0
ST_DELIB 3450 156 1 2 3 10 4 0 0
ST_DELIB 3451 156 1 2 3 10 4 0 0
ST_DELIB 3452 156 1 2 3 75 4 0 0
ST_DELIB 3453 156 1 2 3 10 4 0 0
ST_DELIB 3454 156 1 2 3 10 4 0 0
ST_DELIB 3455 156 1 2 3 75 4 0 0
ST_DELIB 3456 156 1 2 3 10 4 0 0
ST_DELIB 3457 156 1 2 3 10 4 0 0
ST_DELIB 3458 157 1 2 2 90 4 0 1
ST_DELIB 3459 157 1 2 3 10 4 0 0
ST_DELIB 3460 157 1 2 3 10 4 0 0
ST_DELIB 3461 157 1 2 3 10 4 0 0
ST_DELIB 3462 157 1 2 3 75 4 0 0
ST_DELIB 3463 157 1 2 3 10 4 0 0
ST_DELIB 3464 157 1 2 3 10 4 0 0
ST_DELIB 3465 157 1 2 3 75 4 0 0
ST_DELIB 3466 157 1 2 3 10 4 0 0
ST_DELIB 3467 157 1 2 3 10 4 0 0
ST_DELIB 3468 157 1 2 3 75 4 0 0
ST_DELIB 3469 157 1 2 3 10 4 0 0
ST_DELIB 3470 157 1 2 3 10 4 0 0
ST_DELIB 3471 157 1 2 3 10 4 0 0
ST_DELIB 3472 157 1 2 3 75 4 0 0
ST_DELIB 3473 157 1 2 3 10 4 0 0
ST_DELIB 3474 157 1 2 3 10 4 0 0
ST_DELIB 3475 157 1 2 3 75 4 0 0
ST_DELIB 3476 157 1 2 3 10 4 0 0
ST_DELIB 3477 157 1 2 3 10 4 0 0
ST_DELIB 3478 157 1 2 3 75 4 0 0
ST_DELIB 3479 157 1 2 3 10 4 0 0
ST_DELIB 3480 157 1 2 3 10 4 0 0
ST_DELIB 3481 157 1 2 3 10 4 0 0
ST_DELIB 3482 157 1 2 3 75 4 0 0
ST_DELIB 3483 157 1 2 3 10 4 0 0
ST_DELIB 3484 157 1 2 3 10 4 0 0
ST_DELIB 3485 157 1 2 3 75 4 0 0
ST_DELIB 3486 157 1 2 3 10 4 0 0
ST_DELIB 3487 157 1 2 3 10 4 0 0
ST_DELIB 3488 157 1 2 3 75 4 0 0
ST_DELIB 3489 157 1 2 3 10 4 0 0
ST_DELIB 3490 157 1 2 3 10 4 0 0
ST_DELIB 3491 157 1 2 3 10 4 0 0
ST_DELIB 3492 157 1 2 3 75 4 0 0
ST_DELIB 3493 157 1 2 3 10 4 0 0
ST_DELIB 3494 157 1 2 3 10 4 0 0
ST_DELIB 3495 157 1 2 3 75 4 0 0
ST_DELIB 3496 157 1 2 3 10 4 0 0
ST_DELIB 3497 157 1 2 3 10 4 0 0
ST_DELIB 3498 157 1 2 3 75 4 0 0
ST_DELIB 3499 157 1 2 3 10 4 0 0
ST_TS 3500 320 4346 0 10573 0 3226 0 317 1050 0 0 0 0 0 0 0
ST_DELIB 3500 157 1 2 3 10 4 0 0
ST_DELIB 3500 157 2 2 4 10 4 0 0
ST_DELIB 3500 160 2 3 5 90 4 0 1
ST_DELIB 3500 183 2 3 5 90 4 0 1
ST_DELIB 3500 184 2 3 5 90 4 0 1
ST_DELIB 3500 185 2 3 5 90 4 0 1
ST_DELIB 3500 186 2 3 5 90 4 0 1
ST_DELIB 3500 187 2 3 5 90 4 0 1
ST_DELIB 3500 189 2 3 5 90 4 0 1
ST_DELIB 3501 157 1 2 3 1 4 0 0
ST_DELIB 3502 157 1 2 3 75 4 0 0
ST_DELIB 3503 157 1 2 3 10 4 0 0
ST_DELIB 3504 157 1 2 3 10 4 0 0
ST_DELIB 3505 157 1 2 3 75 4 0 0
ST_DELIB 3506 157 1 2 3 10 4 0 0
ST_DELIB 3507 157 1 2 3 10 4 0 0
ST_DELIB 3508 160 1 2 2 90 4 0 1
ST_DELIB 3509 160 1 2 3 10 4 0 0
ST_DELIB 3510 160 1 2 3 10 4 0 0
ST_DELIB 3511 160 1 2 3 10 4 0 0
ST_DELIB 3512 160 1 2 3 75 4 0 0
ST_DELIB 3513 160 1 2 3 10 4 0 0
ST_DELIB 3514 160 1 2 3 10 4 0 0
ST_DELIB 3515 160 1 2 3 75 4 0 0
ST_DELIB 3516 160 1 2 3 10 4 0 0
ST_DELIB 3517 160 1 2 3 10 4 0 0
ST_DELIB 3518 160 1 2 3 75 4 0 0
ST_DELIB 3519 160 1 2 3 10 4 0 0
ST_DELIB 3520 160 1 2 3 10 4 0 0
ST_DELIB 3521 160 1 2 3 10 4 0 0
ST_DELIB 3522 160 1 2 3 75 4 0 0
ST_DELIB 3523 160 1 2 3 10 4 0 0
ST_DELIB 3524 160 1 2 3 10 4 0 0
ST_DELIB 3525 160 1 2 3 75 4 0 0
ST_DELIB 3526 160 1 2 3 10 4 0 0
ST_DELIB 3527 160 1 2 3 10 4 0 0
ST_DELIB 3528 160 1 2 3 75 4 0 0
ST_DELIB 3529 160 1 2 3 10 4 0 0
ST_DELIB 3530 160 1 2 3 10 4 0 0
ST_DELIB 3531 160 1 2 3 10 4 0 0
ST_DELIB 3532 160 1 2 3 75 4 0 0
ST_DELIB 3533 160 1 2 3 10 4 0 0
ST_DELIB 3534 160 1 2 3 10 4 0 0
ST_DELIB 3535 160 1 2 3 75 4 0 0
ST_DELIB 3536 160 1 2 3 10 4 0 0
ST_DELIB 3537 160 1 2 3 10 4 0 0
ST_DELIB 3538 160 1 2 3 75 4 0 0
ST_DELIB 3539 160 1 2 3 10 4 0 0
ST_DELIB 3540 160 1 2 3 10 4 0 0
ST_DELIB 3541 160 1 2 3 10 4 0 0
ST_DELIB 3542 160 1 2 3 75 4 0 0
ST_DELIB 3543 160 1 2 3 10 4 0 0
ST_DELIB 3544 160 1 2 3 10 4 0 0
ST_DELIB 3545 160 1 2 3 75 4 0 0
ST_DELIB 3546 160 1 2 3 10 4 0 0
ST_DELIB 3547 160 1 2 3 10 4 0 0
ST_DELIB 3548 160 1 2 3 75 4 0 0
ST_DELIB 3549 160 1 2 3 10 4 0 0
ST_DELIB 3550 160 1 2 3 10 4 0 0
ST_DELIB 3551 160 1 2 3 10 4 0 0
ST_DELIB 3552 160 1 2 3 75 4 0 0
ST_DELIB 3553 160 1 2 3 10 4 0 0
ST_DELIB 3554 160 1 2 3 10 4 0 0
ST_DELIB 3555 160 1 2 3 75 4 0 0
ST_DELIB 3556 160 1 2 3 10 4 0 0
ST_DELIB 3557 160 1 2 3 10 4 0 0
ST_DELIB 3558 183 1 2 2 90 4 0 1
ST_DELIB 3559 183 1 2 3 10 4 0 0
ST_DELIB 3560 183 1 2 3 10 4 0 0
ST_DELIB 3561 183 1 2 3 10 4 0 0
ST_DELIB 3562 183 1 2 3 75 4 0 0
ST_DELIB 3563 183 1 2 3 10 4 0 0
ST_DELIB 3564 183 1 2 3 10 4 0 0
ST_DELIB 3565 183 1 2 3 75 4 0 0
ST_DELIB 3566 183 1 2 3 10 4 0 0
ST_DELIB 3567 183 1 2 3 10 4 0 0
ST_DELIB 3568 183 1 2 3 75 4 0 0
ST_DELIB 3569 183 1 2 3 10 4 0 0
ST_DELIB 3570 183 1 2 3 10 4 0 0
ST_DELIB 3571 183 1 2 3 10 4 0 0
ST_DELIB 3572 183 1 2 3 75 4 0 0
ST_DELIB 3573 183 1 2 3 10 4 0 0
ST_DELIB 3574 183 1 2 3 10 4 0 0
ST_DELIB 3575 183 1 2 3 75 4 0 0
ST_DELIB 3576 183 1 2 3 10 4 0 0
ST_DELIB 3577 183 1 2 3 10 4 0 0
ST_DELIB 3578 183 1 2 3 75 4 0 0
ST_DELIB 3579 183 1 2 3 10 4 0 0
ST_DELIB 3580 183 1 2 3 10 4 0 0
ST_DELIB 3581 183 1 2 3 10 4 0 0
ST_DELIB 3582 183 1 2 3 75 4 0 0
ST_DELIB 3583 183 1 2 3 10 4 0 0
ST_DELIB 3584 183 1 2 3 10 4 0 0
ST_DELIB 3585 183 1 2 3 75 4 0 0
ST_DELIB 3586 183 1 2 3 10 4 0 0
ST_DELIB 3587 183 1 2 3 10 4 0 0
ST_DELIB 3588 183 1 2 3 75 4 0 0
ST_DELIB 3589 183 1 2 3 10 4 0 0
ST_DELIB 3590 183 1 2 3 10 4 0 0
ST_DELIB 3591 183 1 2 3 10 4 0 0
ST_DELIB 3592 183 1 2 3 75 4 0 0
ST_DELIB 3593 183 1 2 3 10 4 0 0
ST_DELIB 3594 183 1 2 3 10 4 0 0
ST_DELIB 3595 183 1 2 3 75 4 0 0
ST_DELIB 3596 183 1 2 3 10 4 0 0
ST_DELIB 3597 183 1 2 3 10 4 0 0
ST_DELIB 3598 183 1 2 3 75 4 0 0
ST_DELIB 3599 183 1 2 3 10 4 0 0
ST_DELIB 3600 183 1 2 3 10 4 0 0
ST_DELIB 3600 183 2 2 4 10 4 0 0
ST_DELIB 3600 184 2 3 5 90 4 0 1
ST_DELIB 3600 185 2 3 5 90 4 0 1
ST_DELIB 3600 186 2 3 5 90 4 0 1
ST_DELIB 3600 187 2 3 5 90 4 0 1
ST_DELIB 3600 189 2 3 5 90 4 0 1
ST_DELIB 3600 197 2 3 5 90 4 0 1
ST_DELIB 3600 198 2 3 5 90 4 0 1
ST_DELIB 3601 183 1 2 3 1 4 0 0
ST_DELIB 3602 183 1 2 3 75 4 0 0
ST_DELIB 3603 183 1 2 3 10 4 0 0
ST_DELIB 3604 183 1 2 3 10 4 0 0
ST_DELIB 3605 183 1 2 3 75 4 0 0
ST_DELIB 3606 183 1 2 3 10 4 0 0
ST_DELIB 3607 183 1 2 3 10 4 0 0
ST_DELIB 3608 184 1 2 2 90 4 0 1
ST_DELIB 3609 184 1 2 3 10 4 0 0
ST_DELIB 3610 184 1 2 3 10 4 0 0
ST_DELIB 3611 184 1 2 3 10 4 0 0
ST_DELIB 3612 184 1 2 3 75 4 0 0
ST_DELIB 3613 184 1 2 3 10 4 0 0
ST_DELIB 3614 184 1 2 3 10 4 0 0
ST_DELIB 3615 184 1 2 3 75 4 0 0
ST_DELIB 3616 184 1 2 3 10 4 0 0
ST_DELIB 3617 184 1 2 3 10 4 0 0
ST_DELIB 3618 184 1 2 3 75 4 0 0
ST_DELIB 3619 184 1 2 3 10 4 0 0
ST_DELIB 3620 184 1 2 3 10 4 0 0
ST_DELIB 3621 184 1 2 3 10 4 0 0
ST_DELIB 3622 184 1 2 3 75 4 0 0
ST_DELIB 3623 184 1 2 3 10 4 0 0
ST_DELIB 3624 184 1 2 3 10 4 0 0
ST_DELIB 3625 184 1 2 3 75 4 0 0
ST_DELIB 3626 184 1 2 3 10 4 0 0
ST_DELIB 3627 184 1 2 3 10 4 0 0
ST_DELIB 3628 184 1 2 3 75 4 0 0
ST_DELIB 3629 184 1 2 3 10 4 0 0
ST_DELIB 3630 184 1 2 3 10 4 0 0
ST_DELIB 3631 184 1 2 3 10 4 0 0
ST_DELIB 3632 184 1 2 3 75 4 0 0
ST_DELIB 3633 184 1 2 3 10 4 0 0
ST_DELIB 3634 184 1 2 3 10 4 0 0
ST_DELIB 3635 184 1 2 3 75 4 0 0
ST_DELIB 3636 184 1 2 3 10 4 0 0
ST_DELIB 3637 184 1 2 3 10 4 0 0
ST_DELIB 3638 184 1 2 3 75 4 0 0
ST_DELIB 3639 184 1 2 3 10 4 0 0
ST_DELIB 3640 184 1 2 3 10 4 0 0
ST_DELIB 3641 184 1 2 3 10 4 0 0
ST_DELIB 3642 184 1 2 3 75 4 0 0
ST_DELIB 3643 184 1 2 3 10 4 0 0
ST_DELIB 3644 184 1 2 3 10 4 0 0
ST_DELIB 3645 184 1 2 3 75 4 0 0
ST_DELIB 3646 184 1 2 3 10 4 0 0
ST_DELIB 3647 184 1 2 3 10 4 0 0
ST_DELIB 3648 184 1 2 3 75 4 0 0
ST_DELIB 3649 184 1 2 3 10 4 0 0
ST_DELIB 3650 184 1 2 3 10 4 0 0
ST_DELIB 3651 184 1 2 3 10 4 0 0
ST_DELIB 3652 184 1 2 3 75 4 0 0
ST_DELIB 3653 184 1 2 3 10 4 0 0
ST_DELIB 3654 184 1 2 3 10 4 0 0
ST_DELIB 3655 184 1 2 3 75 4 0 0
ST_DELIB 3656 184 1 2 3 10 4 0 0
ST_DELIB 3657 184 1 2 3 10 4 0 0
ST_DELIB 3658 185 1 2 2 90 4 0 1
ST_DELIB 3659 185 1 2 3 10 4 0 0
ST_DELIB 3660 185 1 2 3 10 4 0 0
ST_DELIB 3661 185 1 2 3 10 4 0 0
ST_DELIB 3662 185 1 2 3 75 4 0 0
ST_DELIB 3663 185 1 2 3 10 4 0 0
ST_DELIB 3664 185 1 2 3 10 4 0 0
ST_DELIB 3665 185 1 2 3 75 4 0 0
ST_DELIB 3666 185 1 2 3 10 4 0 0
ST_DELIB 3667 185 1 2 3 10 4 0 0
ST_DELIB 3668 185 1 2 3 75 4 0 0
ST_DELIB 3669 185 1 2 3 10 4 0 0
ST_DELIB 3670 185 1 2 3 10 4 0 0
ST_DELIB 3671 185 1 2 3 10 4 0 0
ST_DELIB 3672 185 1 2 3 75 4 0 0
ST_DELIB 3673 185 1 2 3 10 4 0 0
ST_DELIB 3674 185 1 2 3 10 4 0 0
ST_DELIB 3675 185 1 2 3 75 4 0 0
ST_DELIB 3676 185 1 2 3 10 4 0 0
ST_DELIB 3677 185 1 2 3 10 4 0 0
ST_DELIB 3678 185 1 2 3 75 4 0 0
ST_DELIB 3679 185 1 2 3 10 4 0 0
ST_DELIB 3680 185 1 2 3 10 4 0 0
ST_DELIB 3681 185 1 2 3 10 4 0 0
ST_DELIB 3682 185 1 2 3 75 4 0 0
ST_DELIB 3683 185 1 2 3 10 4 0 0
ST_DELIB 3684 185 1 2 3 10 4 0 0
ST_DELIB 3685 185 1 2 3 75 4 0 0
ST_DELIB 3686 185 1 2 3 10 4 0 0
ST_DELIB 3687 185 1 2 3 10 4 0 0
ST_DELIB 3688 185 1 2 3 75 4 0 0
ST_DELIB 3689 185 1 2 3 10 4 0 0
ST_DELIB 3690 185 1 2 3 10 4 0 0
ST_DELIB 3691 185 1 2 3 10 4 0 0
ST_DELIB 3692 185 1 2 3 75 4 0 0
ST_DELIB 3693 185 1 2 3 10 4 0 0
ST_DELIB 3694 185 1 2 3 10 4 0 0
ST_DELIB 3695 185 1 2 3 75 4 0 0
ST_DELIB 3696 185 1 2 3 10 4 0 0
ST_DELIB 3697 185 1 2 3 10 4 0 0
ST_DELIB 3698 185 1 2 3 75 4 0 0
ST_DELIB 3699 185 1 2 3 10 4 0 0
ST_DELIB 3700 185 1 2 3 10 4 0 0
ST_DELIB 3700 185 2 2 4 10 4 0 0
ST_DELIB 3700 186 2 3 5 90 4 0 1
ST_DELIB 3700 187 2 3 5 90 4 0 1
ST_DELIB 3700 189 2 3 5 90 4 0 1
ST_DELIB 3700 197 2 3 5 90 4 0 1
ST_DELIB 3700 198 2 3 5 90 4 0 1
ST_DELIB 3700 200 2 3 5 90 4 0 1
ST_DELIB 3700 201 2 3 5 90 4 0 1
ST_DELIB 3701 185 1 2 3 1 4 0 0
ST_DELIB 3702 185 1 2 3 75 4 0 0
ST_DELIB 3703 185 1 2 3 10 4 0 0
ST_DELIB 3704 185 1 2 3 10 4 0 0
ST_DELIB 3705 185 1 2 3 75 4 0 0
ST_DELIB 3706 185 1 2 3 10 4 0 0
ST_DELIB 3707 185 1 2 3 10 4 0 0
ST_DELIB 3708 186 1 2 2 90 4 0 1
ST_DELIB 3709 186 1 2 3 10 4 0 0
ST_DELIB 3710 186 1 2 3 10 4 0 0
ST_DELIB 3711 186 1 2 3 10 4 0 0
ST_DELIB 3712 186 1 2 3 75 4 0 0
ST_DELIB 3713 186 1 2 3 10 4 0 0
ST_DELIB 3714 186 1 2 3 10 4 0 0
ST_DELIB 3715 186 1 2 3 75 4 0 0
ST_DELIB 3716 186 1 2 3 10 4 0 0
ST_DELIB 3717 186 1 2 3 10 4 0 0
ST_DELIB 3718 186 1 2 3 75 4 0 0
ST_DELIB 3719 186 1 2 3 10 4 0 0
ST_DELIB 3720 186 1 2 3 10 4 0 0
ST_DELIB 3721 186 1 2 3 10 4 0 0
ST_DELIB 3722 186 1 2 3 75 4 0 0
ST_DELIB 3723 186 1 2 3 10 4 0 0
ST_DELIB 3724 186 1 2 3 10 4 0 0
ST_DELIB 3725 186 1 2 3 75 4 0 0
ST_DELIB 3726 186 1 2 3 10 4 0 0
ST_DELIB 3727 186 1 2 3 10 4 0 0
ST_DELIB 3728 186 1 2 3 75 4 0 0
ST_DELIB 3729 186 1 2 3 10 4 0 0
ST_DELIB 3730 186 1 2 3 10 4 0 0
ST_DELIB 3731 186 1 2 3 10 4 0 0
ST_DELIB 3732 186 1 2 3 75 4 0 0
ST_DELIB 3733 186 1 2 3 10 4 0 0
ST_DELIB 3734 186 1 2 3 10 4 0 0
ST_DELIB 3735 186 1 2 3 75 4 0 0
ST_DELIB 3736 186 1 2 3 10 4 0 0
ST_DELIB 3737 186 1 2 3 10 4 0 0
ST_DELIB 3738 186 1 2 3 75 4 0 0
ST_DELIB 3739 186 1 2 3 10 4 0 0
ST_DELIB 3740 186 1 2 3 10 4 0 0
ST_DELIB 3741 186 1 2 3 10 4 0 0
ST_DELIB 3742 186 1 2 3 75 4 0 0
ST_DELIB 3743 186 1 2 3 10 4 0 0
ST_DELIB 3744 186 1 2 3 10 4 0 0
ST_DELIB 3745 186 1 2 3 75 4 0 0
ST_DELIB 3746 186 1 2 3 10 4 0 0
ST_DELIB 3747 186 1 2 3 10 4 0 0
ST_DELIB 3748 186 1 2 3 75 4 0 0
ST_DELIB 3749 186 1 2 3 10 4 0 0
ST_TS 3750 320 4614 0 11585 0 3479 0 317 1125 0 0 0 0 0 0 0
ST_DELIB 3750 186 1 2 3 10 4 0 0
ST_DELIB 3751 186 1 2 3 10 4 0 0
ST_DELIB 3752 186 1 2 3 75 4 0 0
ST_DELIB 3753 186 1 2 3 10 4 0 0
ST_DELIB 3754 186 1 2 3 10 4 0 0
ST_DELIB 3755 186 1 2 3 75 4 0 0
ST_DELIB 3756 186 1 2 3 10 4 0 0
ST_DELIB 3757 186 1 2 3 10 4 0 0
ST_DELIB 3758 187 1 2 2 90 4 0 1
ST_DELIB 3759 187 1 2 3 10 4 0 0
ST_DELIB 3760 187 1 2 3 10 4 0 0
ST_DELIB 3761 187 1 2 3 10 4 0 0
ST_DELIB 3762 187 1 2 3 75 4 0 0
ST_DELIB 3763 187 1 2 3 10 4 0 0
ST_DELIB 3764 187 1 2 3 10 4 0 0
ST_DELIB 3765 187 1 2 3 75 4 0 0
ST_DELIB 3766 187 1 2 3 10 4 0 0
ST_DELIB 3767 187 1 2 3 10 4 0 0
ST_DELIB 3768 187 1 2 3 75 4 0 0
ST_DELIB 3769 187 1 2 3 10 4 0 0
ST_DELIB 3770 187 1 2 3 10 4 0 0
ST_DELIB 3771 187 1 2 3 10 4 0 0
ST_DELIB 3772 187 1 2 3 75 4 0 0
ST_DELIB 3773 187 1 2 3 10 4 0 0
ST_DELIB 3774 187 1 2 3 10 4 0 0
ST_DELIB 3775 187 1 2 3 75 4 0 0
ST_DELIB 3776 187 1 2 3 10 4 0 0
ST_DELIB 3777 187 1 2 3 10 4 0 0
ST_DELIB 3778 187 1 2 3 75 4 0 0
ST_DELIB 3779 187 1 2 3 10 4 0 0
ST_DELIB 3780 187 1 2 3 10 4 0 0
ST_DELIB 3781 187 1 2 3 10 4 0 0
ST_DELIB 3782 187 1 2 3 75 4 0 0
ST_DELIB 3783 187 1 2 3 10 4 0 0
ST_DELIB 3784 187 1 2 3 10 4 0 0
ST_DELIB 3785 187 1 2 3 75 4 0 0
ST_DELIB 3786 187 1 2 3 10 4 0 0
ST_DELIB 3787 187 1 2 3 10 4 0 0
ST_DELIB 3788 187 1 2 3 75 4 0 0
ST_DELIB 3789 187 1 2 3 10 4 0 0
ST_DELIB 3790 187 1 2 3 10 4 0 0
ST_DELIB 3791 187 1 2 3 10 4 0 0
ST_DELIB 3792 187 1 2 3 75 4 0 0
ST_DELIB 3793 187 1 2 3 10 4 0 0
ST_DELIB 3794 187 1 2 3 10 4 0 0
ST_DELIB 3795 187 1 2 3 75 4 0 0
ST_DELIB 3796 187 1 2 3 10 4 0 0
ST_DELIB 3797 187 1 2 3 10 4 0 0
ST_DELIB 3798 187 1 2 3 75 4 0 0
ST_DELIB 3799 187 1 2 3 10 4 0 0
ST_DELIB 3800 187 1 2 3 10 4 0 0
ST_DELIB 3800 187 2 2 4 10 4 0 0
ST_DELIB 3800 189 2 3 5 90 4 0 1
ST_DELIB 3800 197 2 3 5 90 4 0 1
ST_DELIB 3800 198 2 3 5 90 4 0 1
ST_DELIB 3800 200 2 3 5 90 4 0 1
ST_DELIB 3800 201 2 3 5 90 4 0 1
ST_DELIB 3800 202 2 3 5 90 4 0 1
ST_DELIB 3800 204 2 3 5 90 4 0 1
ST_DELIB 3801 187 1 2 3 1 4 0 0
ST_DELIB 3802 187 1 2 3 75 4 0 0
ST_DELIB 3803 187 1 2 3 10 4 0 0
ST_DELIB 3804 187 1 2 3 10 4 0 0
ST_DELIB 3805 187 1 2 3 75 4 0 0
ST_DELIB 3806 187 1 2 3 10 4 0 0
ST_DELIB 3807 187 1 2 3 10 4 0 0
ST_DELIB 3808 189 1 2 2 90 4 0 1
ST_DELIB 3809 189 1 2 3 10 4 0 0
ST_DELIB 3810 189 1 2 3 10 4 0 0
ST_DELIB 3811 189 1 2 3 10 4 0 0
ST_DELIB 3812 189 1 2 3 75 4 0 0
ST_DELIB 3813 189 1 2 3 10 4 0 0
ST_DELIB 3814 189 1 2 3 10 4 0 0
ST_DELIB 3815 189 1 2 3 75 4 0 0
ST_DELIB 3816 189 1 2 3 10 4 0 0
ST_DELIB 3817 189 1 2 3 10 4 0 0
ST_DELIB 3818 189 1 2 3 75 4 0 0
ST_DELIB 3819 189 1 2 3 10 4 0 0
ST_DELIB 3820 189 1 2 3 10 4 0 0
ST_DELIB 3821 189 1 2 3 10 4 0 0
ST_DELIB 3822 189 1 2 3 75 4 0 0
ST_DELIB 3823 189 1 2 3 10 4 0 0
ST_DELIB 3824 189 1 2 3 10 4 0 0
ST_DELIB 3825 189 1 2 3 75 4 0 0
ST_DELIB 3826 189 1 2 3 10 4 0 0
ST_DELIB 3827 189 1 2 3 10 4 0 0
ST_DELIB 3828 189 1 2 3 75 4 0 0
ST_DELIB 3829 189 1 2 3 10 4 0 0
ST_DELIB 3830 189 1 2 3 10 4 0 0
ST_DELIB 3831 189 1 2 3 10 4 0 0
ST_DELIB 3832 189 1 2 3 75 4 0 0
ST_DELIB 3833 189 1 2 3 10 4 0 0
ST_DELIB 3834 189 1 2 3 10 4 0 0
ST_DELIB 3835 189 1 2 3 75 4 0 0
ST_DELIB 3836 189 1 2 3 10 4 0 0
ST_DELIB 3837 189 1 2 3 10 4 0 0
ST_DELIB 3838 189 1 2 3 75 4 0 0
ST_DELIB 3839 189 1 2 3 10 4 0 0
ST_DELIB 3840 189 1 2 3 10 4 0 0
ST_DELIB 3841 189 1 2 3 10 4 0 0
ST_DELIB 3842 189 1 2 3 75 4 0 0
ST_DELIB 3843 189 1 2 3 10 4 0 0
ST_DELIB 3844 189 1 2 3 10 4 0 0
ST_DELIB 3845 189 1 2 3 75 4 0 0
ST_DELIB 3846 189 1 2 3 10 4 0 0
ST_DELIB 3847 189 1 2 3 10 4 0 0
ST_DELIB 3848 189 1 2 3 75 4 0 0
ST_DELIB 3849 189 1 2 3 10 4 0 0
ST_DELIB 3850 189 1 2 3 10 4 0 0
ST_DELIB 3851 189 1 2 3 10 4 0 0
ST_DELIB 3852 189 1 2 3 75 4 0 0
ST_DELIB 3853 189 1 2 3 10 4 0 0
ST_DELIB 3854 189 1 2 3 10 4 0 0
ST_DELIB 3855 189 1 2 3 75 4 0 0
ST_DELIB 3856 189 1 2 3 10 4 0 0
ST_DELIB 3857 189 1 2 3 10 4 0 0
ST_DELIB 3858 197 1 2 2 90 4 0 1
ST_DELIB 3859 197 1 2 3 10 4 0 0
ST_DELIB 3860 197 1 2 3 10 4 0 0
ST_DELIB 3861 197 1 2 3 10 4 0 0
ST_DELIB 3862 197 1 2 3 75 4 0 0
ST_DELIB 3863 197 1 2 3 10 4 0 0
ST_DELIB 3864 197 1 2 3 10 4 0 0
ST_DELIB 3865 197 1 2 3 75 4 0 0
ST_DELIB 3866 197 1 2 3 10 4 0 0
ST_DELIB 3867 197 1 2 3 10 4 0 0
ST_DELIB 3868 197 1 2 3 75 4 0 0
ST_DELIB 3869 197 1 2 3 10 4 0 0
ST_DELIB 3870 197 1 2 3 10 4 0 0
ST_DELIB 3871 197 1 2 3 10 4 0 0
ST_DELIB 3872 197 1 2 3 75 4 0 0
ST_DELIB 3873 197 1 2 3 10 4 0 0
ST_DELIB 3874 197 1 2 3 10 4 0 0
ST_DELIB 3875 197 1 2 3 75 4 0 0
ST_DELIB 3876 197 1 2 3 10 4 0 0
ST_DELIB 3877 197 1 2 3 10 4 0 0
ST_DELIB 3878 197 1 2 3 75 4 0 0
ST_DELIB 3879 197 1 2 3 10 4 0 0
ST_DELIB 3880 197 1 2 3 10 4 0 0
ST_DELIB 3881 197 1 2 3 10 4 0 0
ST_DELIB 3882 197 1 2 3 75 4 0 0
ST_DELIB 3883 197 1 2 3 10 4 0 0
ST_DELIB 3884 197 1 2 3 10 4 0 0
ST_DELIB 3885 197 1 2 3 75 4 0 0
ST_DELIB 3886 197 1 2 3 10 4 0 0
ST_DELIB 3887 197 1 2 3 10 4 0 0
ST_DELIB 3888 197 1 2 3 75 4 0 0
ST_DELIB 3889 197 1 2 3 10 4 0 0
ST_DELIB 3890 197 1 2 3 10 4 0 0
ST_DELIB 3891 197 1 2 3 10 4 0 0
ST_DELIB 3892 197 1 2 3 75 4 0 0
ST_DELIB 3893 197 1 2 3 10 4 0 0
ST_DELIB 3894 197 1 2 3 10 4 0 0
ST_DELIB 3895 197 1 2 3 75 4 0 0
ST_DELIB 3896 197 1 2 3 10 4 0 0
ST_DELIB 3897 197 1 2 3 10 4 0 0
ST_DELIB 3898 197 1 2 3 75 4 0 0
ST_DELIB 3899 197 1 2 3 10 4 0 0
ST_DELIB 3900 197 1 2 3 10 4 0 0
ST_DELIB 3900 197 2 2 4 10 4 0 0
ST_DELIB 3900 198 2 3 5 90 4 0 1
ST_DELIB 3900 200 2 3 5 90 4 0 1
ST_DELIB 3900 201 2 3 5 90 4 0 1
ST_DELIB 3900 202 2 3 5 90 4 0 1
ST_DELIB 3900 204 2 3 5 90 4 0 1
ST_DELIB 3900 205 2 3 5 90 4 0 1
ST_DELIB 3900 210 2 3 5 90 4 0 1
ST_DELIB 3901 197 1 2 3 1 4 0 0
ST_DELIB 3902 197 1 2 3 75 4 0 0
ST_DELIB 3903 197 1 2 3 10 4 0 0
ST_DELIB 3904 197 1 2 3 10 4 0 0
ST_DELIB 3905 197 1 2 3 75 4 0 0
ST_DELIB 3906 197 1 2 3 10 4 0 0
ST_DELIB 3907 197 1 2 3 10 4 0 0
ST_DELIB 3908 198 1 2 2 90 4 0 1
ST_DELIB 3909 198 1 2 3 10 4 0 0
ST_DELIB 3910 198 1 2 3 10 4 0 0
ST_DELIB 3911 198 1 2 3 10 4 0 0
ST_DELIB 3912 198 1 2 3 75 4 0 0
ST_DELIB 3913 198 1 2 3 10 4 0 0
ST_DELIB 3914 198 1 2 3 10 4 0 0
ST_DELIB 3915 198 1 2 3 75 4 0 0
ST_DELIB 3916 198 1 2 3 10 4 0 0
ST_DELIB 3917 198 1 2 3 10 4 0 0
ST_DELIB 3918 198 1 2 3 75 4 0 0
ST_DELIB 3919 198 1 2 3 10 4 0 0
ST_DELIB 3920 198 1 2 3 10 4 0 0
ST_DELIB 3921 198 1 2 3 10 4 0 0
ST_DELIB 3922 198 1 2 3 75 4 0 0
ST_DELIB 3923 198 1 2 3 10 4 0 0
ST_DELIB 3924 198 1 2 3 10 4 0 0
ST_DELIB 3925 198 1 2 3 75 4 0 0
ST_DELIB 3926 198 1 2 3 10 4 0 0
ST_DELIB 3927 198 1 2 3 10 4 0 0
ST_DELIB 3928 198 1 2 3 75 4 0 0
ST_DELIB 3929 198 1 2 3 10 4 0 0
ST_DELIB 3930 198 1 2 3 10 4 0 0
ST_DELIB 3931 198 1 2 3 10 4 0 0
ST_DELIB 3932 198 1 2 3 75 4 0 0
ST_DELIB 3933 198 1 2 3 10 4 0 0
ST_DELIB 3934 198 1 2 3 10 4 0 0
ST_DELIB 3935 198 1 2 3 75 4 0 0
ST_DELIB 3936 198 1 2 3 10 4 0 0
ST_DELIB 3937 198 1 2 3 10 4 0 0
ST_DELIB 3938 198 1 2 3 75 4 0 0
ST_DELIB 3939 198 1 2 3 10 4 0 0
ST_DELIB 3940 198 1 2 3 10 4 0 0
ST_DELIB 3941 198 1 2 3 10 4 0 0
ST_DELIB 3942 198 1 2 3 75 4 0 0
ST_DELIB 3943 198 1 2 3 10 4 0 0
ST_DELIB 3944 198 1 2 3 10 4 0 0
ST_DELIB 3945 198 1 2 3 75 4 0 0
ST_DELIB 3946 198 1 2 3 10 4 0 0
ST_DELIB 3947 198 1 2 3 10 4 0 0
ST_DELIB 3948 198 1 2 3 75 4 0 0
ST_DELIB 3949 198 1 2 3 10 4 0 0
ST_DELIB 3950 198 1 2 3 10 4 0 0
ST_DELIB 3951 198 1 2 3 10 4 0 0
ST_DELIB 3952 198 1 2 3 75 4 0 0
ST_DELIB 3953 198 1 2 3 10 4 0 0
ST_DELIB 3954 198 1 2 3 10 4 0 0
ST_DELIB 3955 198 1 2 3 75 4 0 0
ST_DELIB 3956 198 1 2 3 10 4 0 0
ST_DELIB 3957 198 1 2 3 10 4 0 0
ST_DELIB 3958 200 1 2 2 90 4 0 1
ST_DELIB 3959 200 1 2 3 10 4 0 0
ST_DELIB 3960 200 1 2 3 10 4 0 0
ST_DELIB 3961 200 1 2 3 10 4 0 0
ST_DELIB 3962 200 1 2 3 75 4 0 0
ST_DELIB 3963 200 1 2 3 10 4 0 0
ST_DELIB 3964 200 1 2 3 10 4 0 0
ST_DELIB 3965 200 1 2 3 75 4 0 0
ST_DELIB 3966 200 1 2 3 10 4 0 0
ST_DELIB 3967 200 1 2 3 10 4 0 0
ST_DELIB 3968 200 1 2 3 75 4 0 0
ST_DELIB 3969 200 1 2 3 10 4 0 0
ST_DELIB 3970 200 1 2 3 10 4 0 0
ST_DELIB 3971 200 1 2 3 10 4 0 0
ST_DELIB 3972 200 1 2 3 75 4 0 0
ST_DELIB 3973 200 1 2 3 10 4 0 0
ST_DELIB 3974 200 1 2 3 10 4 0 0
ST_DELIB 3975 200 1 2 3 75 4 0 0
ST_DELIB 3976 200 1 2 3 10 4 0 0
ST_DELIB 3977 200 1 2 3 10 4 0 0
ST_DELIB 3978 200 1 2 3 75 4 0 0
ST_DELIB 3979 200 1 2 3 10 4 0 0
ST_DELIB 3980 200 1 2 3 10 4 0 0
ST_DELIB 3981 200 1 2 3 10 4 0 0
ST_DELIB 3982 200 1 2 3 75 4 0 0
ST_DELIB 3983 200 1 2 3 10 4 0 0
ST_DELIB 3984 200 1 2 3 10 4 0 0
ST_DELIB 3985 200 1 2 3 75 4 0 0
ST_DELIB 3986 200 1 2 3 10 4 0 0
ST_DELIB 3987 200 1 2 3 10 4 0 0
ST_DELIB 3988 200 1 2 3 75 4 0 0
ST_DELIB 3989 200 1 2 3 10 4 0 0
ST_DELIB 3990 200 1 2 3 10 4 0 0
ST_DELIB 3991 200 1 2 3 10 4 0 0
ST_DELIB 3992 200 1 2 3 75 4 0 0
ST_DELIB 3993 200 1 2 3 10 4 0 0
ST_DELIB 3994 200 1 2 3 10 4 0 0
ST_DELIB 3995 200 1 2 3 75 4 0 0
ST_DELIB 3996 200 1 2 3 10 4 0 0
ST_DELIB 3997 200 1 2 3 10 4 0 0
ST_DELIB 3998 200 1 2 3 75 4 0 0
ST_DELIB 3999 200 1 2 3 10 4 0 0
ST_TS 4000 320 4881 0 12593 0 3731 0 317 1200 0 0 0 0 0 0 0
ST_DELIB 4000 200 1 2 3 10 4 0 0
ST_DELIB 4000 200 2 2 4 10 4 0 0
ST_DELIB 4000 201 2 3 5 90 4 0 1
ST_DELIB 4000 202 2 3 5 90 4 0 1
ST_DELIB 4000 204 2 3 5 90 4 0 1
ST_DELIB 4000 205 2 3 5 90 4 0 1
ST_DELIB 4000 210 2 3 5 90 4 0 1
ST_DELIB 4000 213 2 3 5 90 4 0 1
ST_DELIB 4000 216 2 3 5 90 4 0 1
ST_DELIB 4001 200 1 2 3 1 4 0 0
ST_DELIB 4002 200 1 2 3 75 4 0 0
ST_DELIB 4003 200 1 2 3 10 4 0 0
ST_DELIB 4004 200 1 2 3 10 4 0 0
ST_DELIB 4005 200 1 2 3 75 4 0 0
ST_DELIB 4006 200 1 2 3 10 4 0 0
ST_DELIB 4007 200 1 2 3 10 4 0 0
ST_DELIB 4008 201 1 2 2 90 4 0 1
ST_DELIB 4009 201 1 2 3 10 4 0 0
ST_DELIB 4010 201 1 2 3 10 4 0 0
ST_DELIB 4011 201 1 2 3 10 4 0 0
ST_DELIB 4012 201 1 2 3 75 4 0 0
ST_DELIB 4013 201 1 2 3 10 4 0 0
ST_DELIB 4014 201 1 2 3 10 4 0 0
ST_DELIB 4015 201 1 2 3 75 4 0 0
ST_DELIB 4016 201 1 2 3 10 4 0 0
ST_DELIB 4017 201 1 2 3 10 4 0 0
ST_DELIB 4018 201 1 2 3 75 4 0 0
ST_DELIB 4019 201 1 2 3 10 4 0 0
ST_DELIB 4020 201 1 2 3 10 4 0 0
ST_DELIB 4021 201 1 2 3 10 4 0 0
ST_DELIB 4022 201 1 2 3 75 4 0 0
ST_DELIB 4023 201 1 2 3 10 4 0 0
ST_DELIB 4024 201 1 2 3 10 4 0 0
ST_DELIB 4025 201 1 2 3 75 4 0 0
ST_DELIB 4026 201 1 2 3 10 4 0 0
ST_DELIB 4027 201 1 2 3 10 4 0 0
ST_DELIB 4028 201 1 2 3 75 4 0 0
ST_DELIB 4029 201 1 2 3 10 4 0 0
ST_DELIB 4030 201 1 2 3 10 4 0 0
ST_DELIB 4031 201 1 2 3 10 4 0 0
ST_DELIB 4032 201 1 2 3 75 4 0 0
ST_DELIB 4033 201 1 2 3 10 4 0 0
ST_DELIB 4034 201 1 2 3 10 4 0 0
ST_DELIB 4035 201 1 2 3 75 4 0 0
ST_DELIB 4036 201 1 2 3 10 4 0 0
ST_DELIB 4037 201 1 2 3 10 4 0 0
ST_DELIB 4038 201 1 2 3 75 4 0 0
ST_DELIB 4039 201 1 2 3 10 4 0 0
ST_DELIB 4040 201 1 2 3 10 4 0 0
ST_DELIB 4041 201 1 2 3 10 4 0 0
ST_DELIB 4042 201 1 2 3 75 4 0 0
ST_DELIB 4043 201 1 2 3 10 4 0 0
ST_DELIB 4044 201 1 2 3 10 4 0 0
ST_DELIB 4045 201 1 2 3 75 4 0 0
ST_DELIB 4046 201 1 2 3 10 4 0 0
ST_DELIB 4047 201 1 2 3 10 4 0 0
ST_DELIB 4048 201 1 2 3 75 4 0 0
ST_DELIB 4049 201 1 2 3 10 4 0 0
ST_DELIB 4050 201 1 2 3 10 4 0 0
ST_DELIB 4051 201 1 2 3 10 4 0 0
ST_DELIB 4052 201 1 2 3 75 4 0 0
ST_DELIB 4053 201 1 2 3 10 4 0 0
ST_DELIB 4054 201 1 2 3 10 4 0 0
ST_DELIB 4055 201 1 2 3 75 4 0 0
ST_DELIB 4056 201 1 2 3 10 4 0 0
ST_DELIB 4057 201 1 2 3 10 4 0 0
ST_DELIB 4058 202 1 2 2 90 4 0 1
ST_DELIB 4059 202 1 2 3 10 4 0 0
ST_DELIB 4060 202 1 2 3 10 4 0 0
ST_DELIB 4061 202 1 2 3 10 4 0 0
ST_DELIB 4062 202 1 2 3 75 4 0 0
ST_DELIB 4063 202 1 2 3 10 4 0 0
ST_DELIB 4064 202 1 2 3 10 4 0 0
ST_DELIB 4065 202 1 2 3 75 4 0 0
ST_DELIB 4066 202 1 2 3 10 4 0 0
ST_DELIB 4067 202 1 2 3 10 4 0 0
ST_DELIB 4068 202 1 2 3 75 4 0 0
ST_DELIB 4069 202 1 2 3 10 4 0 0
ST_DELIB 4070 202 1 2 3 10 4 0 0
ST_DELIB 4071 202 1 2 3 10 4 0 0
ST_DELIB 4072 202 1 2 3 75 4 0 0
ST_DELIB 4073 202 1 2 3 10 4 0 0
ST_DELIB 4074 202 1 2 3 10 4 0 0
ST_DELIB 4075 202 1 2 3 75 4 0 0
ST_DELIB 4076 202 1 2 3 10 4 0 0
ST_DELIB 4077 202 1 2 3 10 4 0 0
ST_DELIB 4078 202 1 2 3 75 4 0 0
ST_DELIB 4079 202 1 2 3 10 4 0 0
ST_DELIB 4080 202 1 2 3 10 4 0 0
ST_DELIB 4081 202 1 2 3 10 4 0 0
ST_DELIB 4082 202 1 2 3 75 4 0 0
ST_DELIB 4083 202 1 2 3 10 4 0 0
ST_DELIB 4084 202 1 2 3 10 4 0 0
ST_DELIB 4085 202 1 2 3 75 4 0 0
ST_DELIB 4086 202 1 2 3 10 4 0 0
ST_DELIB 4087 202 1 2 3 10 4 0 0
ST_DELIB 4088 202 1 2 3 75 4 0 0
ST_DELIB 4089 202 1 2 3 10 4 0 0
ST_DELIB 4090 202 1 2 3 10 4 0 0
ST_DELIB 4091 202 1 2 3 10 4 0 0
ST_DELIB 4092 202 1 2 3 75 4 0 0
ST_DELIB 4093 202 1 2 3 10 4 0 0
ST_DELIB 4094 202 1 2 3 10 4 0 0
ST_DELIB 4095 202 1 2 3 75 4 0 0
ST_DELIB 4096 202 1 2 3 10 4 0 0
ST_DELIB 4097 202 1 2 3 10 4 0 0
ST_DELIB 4098 202 1 2 3 75 4 0 0
ST_DELIB 4099 202 1 2 3 10 4 0 0
ST_DELIB 4100 202 1 2 3 10 4 0 0
ST_DELIB 4100 202 2 2 4 10 4 0 0
ST_DELIB 4100 204 2 3 5 90 4 0 1
ST_DELIB 4100 205 2 3 5 90 4 0 1
ST_DELIB 4100 210 2 3 5 90 4 0 1
ST_DELIB 4100 213 2 3 5 90 4 0 1
ST_DELIB 4100 216 2 3 5 90 4 0 1
ST_DELIB 4100 219 2 3 5 90 4 0 1
ST_DELIB 4100 225 2 3 5 90 4 0 1
ST_DELIB 4101 202 1 2 3 1 4 0 0
ST_DELIB 4102 202 1 2 3 75 4 0 0
ST_DELIB 4103 202 1 2 3 10 4 0 0
ST_DELIB 4104 202 1 2 3 10 4 0 0
ST_DELIB 4105 202 1 2 3 75 4 0 0
ST_DELIB 4106 202 1 2 3 10 4 0 0
ST_DELIB 4107 202 1 2 3 10 4 0 0
ST_DELIB 4108 204 1 2 2 90 4 0 1
ST_DELIB 4109 204 1 2 3 10 4 0 0
ST_DELIB 4110 204 1 2 3 10 4 0 0
ST_DELIB 4111 204 1 2 3 10 4 0 0
ST_DELIB 4112 204 1 2 3 75 4 0 0
ST_DELIB 4113 204 1 2 3 10 4 0 0
ST_DELIB 4114 204 1 2 3 10 4 0 0
ST_DELIB 4115 204 1 2 3 75 4 0 0
ST_DELIB 4116 204 1 2 3 10 4 0 0
ST_DELIB 4117 204 1 2 3 10 4 0 0
ST_DELIB 4118 204 1 2 3 75 4 0 0
ST_DELIB 4119 204 1 2 3 10 4 0 0
ST_DELIB 4120 204 1 2 3 10 4 0 0
ST_DELIB 4121 204 1 2 3 10 4 0 0
ST_DELIB 4122 204 1 2 3 75 4 0 0
ST_DELIB 4123 204 1 2 3 10 4 0 0
ST_DELIB 4124 204 1 2 3 10 4 0 0
ST_DELIB 4125 204 1 2 3 75 4 0 0
ST_DELIB 4126 204 1 2 3 10 4 0 0
ST_DELIB 4127 204 1 2 3 10 4 0 0
ST_DELIB 4128 204 1 2 3 75 4 0 0
ST_DELIB 4129 204 1 2 3 10 4 0 0
ST_DELIB 4130 204 1 2 3 10 4 0 0
ST_DELIB 4131 204 1 2 3 10 4 0 0
ST_DELIB 4132 204 1 2 3 75 4 0 0
ST_DELIB 4133 204 1 2 3 10 4 0 0
ST_DELIB 4134 204 1 2 3 10 4 0 0
ST_DELIB 4135 204 1 2 3 75 4 0 0
ST_DELIB 4136 204 1 2 3 10 4 0 0
ST_DELIB 4137 204 1 2 3 10 4 0 0
ST_DELIB 4138 204 1 2 3 75 4 0 0
ST_DELIB 4139 204 1 2 3 10 4 0 0
ST_DELIB 4140 204 1 2 3 10 4 0 0
ST_DELIB 4141 204 1 2 3 10 4 0 0
ST_DELIB 4142 204 1 2 3 75 4 0 0
ST_DELIB 4143 204 1 2 3 10 4 0 0
ST_DELIB 4144 204 1 2 3 10 4 0 0
ST_DELIB 4145 204 1 2 3 75 4 0 0
ST_DELIB 4146 204 1 2 3 10 4 0 0
ST_DELIB 4147 204 1 2 3 10 4 0 0
ST_DELIB 4148 204 1 2 3 75 4 0 0
ST_DELIB 4149 204 1 2 3 10 4 0 0
ST_DELIB 4150 204 1 2 3 10 4 0 0
ST_DELIB 4151 204 1 2 3 10 4 0 0
ST_DELIB 4152 204 1 2 3 75 4 0 0
ST_DELIB 4153 204 1 2 3 10 4 0 0
ST_DELIB 4154 204 1 2 3 10 4 0 0
ST_DELIB 4155 204 1 2 3 75 4 0 0
ST_DELIB 4156 204 1 2 3 10 4 0 0
ST_DELIB 4157 204 1 2 3 10 4 0 0
ST_DELIB 4158 205 1 2 2 90 4 0 1
ST_DELIB 4159 205 1 2 3 10 4 0 0
ST_DELIB 4160 205 1 2 3 10 4 0 0
ST_DELIB 4161 205 1 2 3 10 4 0 0
ST_DELIB 4162 205 1 2 3 75 4 0 0
ST_DELIB 4163 205 1 2 3 10 4 0 0
ST_DELIB 4164 205 1 2 3 10 4 0 0
ST_DELIB 4165 205 1 2 3 75 4 0 0
ST_DELIB 4166 205 1 2 3 10 4 0 0
ST_DELIB 4167 205 1 2 3 10 4 0 0
ST_DELIB 4168 205 1 2 3 75 4 0 0
ST_DELIB 4169 205 1 2 3 10 4 0 0
ST_DELIB 4170 205 1 2 3 10 4 0 0
ST_DELIB 4171 205 1 2 3 10 4 0 0
ST_DELIB 4172 205 1 2 3 75 4 0 0
ST_DELIB 4173 205 1 2 3 10 4 0 0
ST_DELIB 4174 205 1 2 3 10 4 0 0
ST_DELIB 4175 205 1 2 3 75 4 0 0
ST_DELIB 4176 205 1 2 3 10 4 0 0
ST_DELIB 4177 205 1 2 3 10 4 0 0
ST_DELIB 4178 205 1 2 3 75 4 0 0
ST_DELIB 4179 205 1 2 3 10 4 0 0
ST_DELIB 4180 205 1 2 3 10 4 0 0
ST_DELIB 4181 205 1 2 3 10 4 0 0
ST_DELIB 4182 205 1 2 3 75 4 0 0
ST_DELIB 4183 205 1 2 3 10 4 0 0
ST_DELIB 4184 205 1 2 3 10 4 0 0
ST_DELIB 4185 205 1 2 3 75 4 0 0
ST_DELIB 4186 205 1 2 3 10 4 0 0
ST_DELIB 4187 205 1 2 3 10 4 0 0
ST_DELIB 4188 205 1 2 3 75 4 0 0
ST_DELIB 4189 205 1 2 3 10 4 0 0
ST_DELIB 4190 205 1 2 3 10 4 0 0
ST_DELIB 4191 205 1 2 3 10 4 0 0
ST_DELIB 4192 205 1 2 3 75 4 0 0
ST_DELIB 4193 205 1 2 3 10 4 0 0
ST_DELIB 4194 205 1 2 3 10 4 0 0
ST_DELIB 4195 205 1 2 3 75 4 0 0
ST_DELIB 4196 205 1 2 3 10 4 0 0
ST_DELIB 4197 205 1 2 3 10 4 0 0
ST_DELIB 4198 205 1 2 3 75 4 0 0
ST_DELIB 4199 205 1 2 3 10 4 0 0
ST_DELIB 4200 205 1 2 3 10 4 0 0
ST_DELIB 4200 205 2 2 4 10 4 0 0
ST_DELIB 4200 210 2 3 5 90 4 0 1
ST_DELIB 4200 213 2 3 5 90 4 0 1
ST_DELIB 4200 216 2 3 5 90 4 0 1
ST_DELIB 4200 219 2 3 5 90 4 0 1
ST_DELIB 4200 225 2 3 5 90 4 0 1
ST_DELIB 4200 231 2 3 5 90 4 0 1
ST_DELIB 4200 232 2 3 5 90 4 0 1
ST_DELIB 4201 205 1 2 3 1 4 0 0
ST_DELIB 4202 205 1 2 3 75 4 0 0
ST_DELIB 4203 205 1 2 3 10 4 0 0
ST_DELIB 4204 205 1 2 3 10 4 0 0
ST_DELIB 4205 205 1 2 3 75 4 0 0
ST_DELIB 4206 205 1 2 3 10 4 0 0
ST_DELIB 4207 205 1 2 3 10 4 0 0
ST_DELIB 4208 210 1 2 2 90 4 0 1
ST_DELIB 4209 210 1 2 3 10 4 0 0
ST_DELIB 4210 210 1 2 3 10 4 0 0
ST_DELIB 4211 210 1 2 3 10 4 0 0
ST_DELIB 4212 210 1 2 3 75 4 0 0
ST_DELIB 4213 210 1 2 3 10 4 0 0
ST_DELIB 4214 210 1 2 3 10 4 0 0
ST_DELIB 4215 210 1 2 3 75 4 0 0
ST_DELIB 4216 210 1 2 3 10 4 0 0
ST_DELIB 4217 210 1 2 3 10 4 0 0
ST_DELIB 4218 210 1 2 3 75 4 0 0
ST_DELIB 4219 210 1 2 3 10 4 0 0
ST_DELIB 4220 210 1 2 3 10 4 0 0
ST_DELIB 4221 210 1 2 3 10 4 0 0
ST_DELIB 4222 210 1 2 3 75 4 0 0
ST_DELIB 4223 210 1 2 3 10 4 0 0
ST_DELIB 4224 210 1 2 3 10 4 0 0
ST_DELIB 4225 210 1 2 3 75 4 0 0
ST_DELIB 4226 210 1 2 3 10 4 0 0
ST_DELIB 4227 210 1 2 3 10 4 0 0
ST_DELIB 4228 210 1 2 3 75 4 0 0
ST_DELIB 4229 210 1 2 3 10 4 0 0
ST_DELIB 4230 210 1 2 3 10 4 0 0
ST_DELIB 4231 210 1 2 3 10 4 0 0
ST_DELIB 4232 210 1 2 3 75 4 0 0
ST_DELIB 4233 210 1 2 3 10 4 0 0
ST_DELIB 4234 210 1 2 3 10 4 0 0
ST_DELIB 4235 210 1 2 3 75 4 0 0
ST_DELIB 4236 210 1 2 3 10 4 0 0
ST_DELIB 4237 210 1 2 3 10 4 0 0
ST_DELIB 4238 210 1 2 3 75 4 0 0
ST_DELIB 4239 210 1 2 3 10 4 0 0
ST_DELIB 4240 210 1 2 3 10 4 0 0
ST_DELIB 4241 210 1 2 3 10 4 0 0
ST_DELIB 4242 210 1 2 3 75 4 0 0
ST_DELIB 4243 210 1 2 3 10 4 0 0
ST_DELIB 4244 210 1 2 3 10 4 0 0
ST_DELIB 4245 210 1 2 3 75 4 0 0
ST_DELIB 4246 210 1 2 3 10 4 0 0
ST_DELIB 4247 210 1 2 3 10 4 0 0
ST_DELIB 4248 210 1 2 3 75 4 0 0
ST_DELIB 4249 210 1 2 3 10 4 0 0
ST_TS 4250 320 5149 0 13605 0 3984 0 317 1275 0 0 0 0 0 0 0
ST_DELIB 4250 210 1 2 3 10 4 0 0
ST_DELIB 4251 210 1 2 3 10 4 0 0
ST_DELIB 4252 210 1 2 3 75 4 0 0
ST_DELIB 4253 210 1 2 3 10 4 0 0
ST_DELIB 4254 210 1 2 3 10 4 0 0
ST_DELIB 4255 210 1 2 3 75 4 0 0
ST_DELIB 4256 210 1 2 3 10 4 0 0
ST_DELIB 4257 210 1 2 3 10 4 0 0
ST_DELIB 4258 213 1 2 2 90 4 0 1
ST_DELIB 4259 213 1 2 3 10 4 0 0
ST_DELIB 4260 213 1 2 3 10 4 0 0
ST_DELIB 4261 213 1 2 3 10 4 0 0
ST_DELIB 4262 213 1 2 3 75 4 0 0
ST_DELIB 4263 213 1 2 3 10 4 0 0
ST_DELIB 4264 213 1 2 3 10 4 0 0
ST_DELIB 4265 213 1 2 3 75 4 0 0
ST_DELIB 4266 213 1 2 3 10 4 0 0
ST_DELIB 4267 213 1 2 3 10 4 0 0
ST_DELIB 4268 213 1 2 3 75 4 0 0
ST_DELIB 4269 213 1 2 3 10 4 0 0
ST_DELIB 4270 213 1 2 3 10 4 0 0
ST_DELIB 4271 213 1 2 3 10 4 0 0
ST_DELIB 4272 213 1 2 3 75 4 0 0
ST_DELIB 4273 213 1 2 3 10 4 0 0
ST_DELIB 4274 213 1 2 3 10 4 0 0
ST_DELIB 4275 213 1 2 3 75 4 0 0
ST_DELIB 4276 213 1 2 3 10 4 0 0
ST_DELIB 4277 213 1 2 3 10 4 0 0
ST_DELIB 4278 213 1 2 3 75 4 0 0
ST_DELIB 4279 213 1 2 3 10 4 0 0
ST_DELIB 4280 213 1 2 3 10 4 0 0
ST_DELIB 4281 213 1 2 3 10 4 0 0
ST_DELIB 4282 213 1 2 3 75 4 0 0
ST_DELIB 4283 213 1 2 3 10 4 0 0
ST_DELIB 4284 213 1 2 3 10 4 0 0
ST_DELIB 4285 213 1 2 3 75 4 0 0
ST_DELIB 4286 213 1 2 3 10 4 0 0
ST_DELIB 4287 213 1 2 3 10 4 0 0
ST_DELIB 4288 213 1 2 3 75 4 0 0
ST_DELIB 4289 213 1 2 3 10 4 0 0
ST_DELIB 4290 213 1 2 3 10 4 0 0
ST_DELIB 4291 213 1 2 3 10 4 0 0
ST_DELIB 4292 213 1 2 3 75 4 0 0
ST_DELIB 4293 213 1 2 3 10 4 0 0
ST_DELIB 4294 213 1 2 3 10 4 0 0
ST_DELIB 4295 213 1 2 3 75 4 0 0
ST_DELIB 4296 213 1 2 3 10 4 0 0
ST_DELIB 4297 213 1 2 3 10 4 0 0
ST_DELIB 4298 213 1 2 3 75 4 0 0
ST_DELIB 4299 213 1 2 3 10 4 0 0
ST_DELIB 4300 213 1 2 3 10 4 0 0
ST_DELIB 4300 213 2 2 4 10 4 0 0
ST_DELIB 4300 216 2 3 5 90 4 0 1
ST_DELIB 4300 219 2 3 5 90 4 0 1
ST_DELIB 4300 225 2 3 5 90 4 0 1
ST_DELIB 4300 231 2 3 5 90 4 0 1
ST_DELIB 4300 232 2 3 5 90 4 0 1
ST_DELIB 4300 235 2 3 5 90 4 0 1
ST_DELIB 4300 243 2 3 5 90 4 0 1
ST_DELIB 4301 213 1 2 3 1 4 0 0
ST_DELIB 4302 213 1 2 3 75 4 0 0
ST_DELIB 4303 213 1 2 3 10 4 0 0
ST_DELIB 4304 213 1 2 3 10 4 0 0
ST_DELIB 4305 213 1 2 3 75 4 0 0
ST_DELIB 4306 213 1 2 3 10 4 0 0
ST_DELIB 4307 213 1 2 3 10 4 0 0
ST_DELIB 4308 216 1 2 2 90 4 0 1
ST_DELIB 4309 216 1 2 3 10 4 0 0
ST_DELIB 4310 216 1 2 3 10 4 0 0
ST_DELIB 4311 216 1 2 3 10 4 0 0
ST_DELIB 4312 216 1 2 3 75 4 0 0
ST_DELIB 4313 216 1 2 3 10 4 0 0
ST_DELIB 4314 216 1 2 3 10 4 0 0
ST_DELIB 4315 216 1 2 3 75 4 0 0
ST_DELIB 4316 216 1 2 3 10 4 0 0
ST_DELIB 4317 216 1 2 3 10 4 0 0
ST_DELIB 4318 216 1 2 3 75 4 0 0
ST_DELIB 4319 216 1 2 3 10 4 0 0
ST_DELIB 4320 216 1 2 3 10 4 0 0
ST_DELIB 4321 216 1 2 3 10 4 0 0
ST_DELIB 4322 216 1 2 3 75 4 0 0
ST_DELIB 4323 216 1 2 3 10 4 0 0
ST_DELIB 4324 216 1 2 3 10 4 0 0
ST_DELIB 4325 216 1 2 3 75 4 0 0
ST_DELIB 4326 216 1 2 3 10 4 0 0
ST_DELIB 4327 216 1 2 3 10 4 0 0
ST_DELIB 4328 216 1 2 3 75 4 0 0
ST_DELIB 4329 216 1 2 3 10 4 0 0
ST_DELIB 4330 216 1 2 3 10 4 0 0
ST_DELIB 4331 216 1 2 3 10 4 0 0
ST_DELIB 4332 216 1 2 3 75 4 0 0
ST_DELIB 4333 216 1 2 3 10 4 0 0
ST_DELIB 4334 216 1 2 3 10 4 0 0
ST_DELIB 4335 216 1 2 3 75 4 0 0
ST_DELIB 4336 216 1 2 3 10 4 0 0
ST_DELIB 4337 216 1 2 3 10 4 0 0
ST_DELIB 4338 216 1 2 3 75 4 0 0
ST_DELIB 4339 216 1 2 3 10 4 0 0
ST_DELIB 4340 216 1 2 3 10 4 0 0
ST_DELIB 4341 216 1 2 3 10 4 0 0
ST_DELIB 4342 216 1 2 3 75 4 0 0
ST_DELIB 4343 216 1 2 3 10 4 0 0
ST_DELIB 4344 216 1 2 3 10 4 0 0
ST_DELIB 4345 216 1 2 3 75 4 0 0
ST_DELIB 4346 216 1 2 3 10 4 0 0
ST_DELIB 4347 216 1 2 3 10 4 0 0
ST_DELIB 4348 216 1 2 3 75 4 0 0
ST_DELIB 4349 216 1 2 3 10 4 0 0
ST_DELIB 4350 216 1 2 3 10 4 0 0
ST_DELIB 4351 216 1 2 3 10 4 0 0
ST_DELIB 4352 216 1 2 3 75 4 0 0
ST_DELIB 4353 216 1 2 3 10 4 0 0
ST_DELIB 4354 216 1 2 3 10 4 0 0
ST_DELIB 4355 216 1 2 3 75 4 0 0
ST_DELIB 4356 216 1 2 3 10 4 0 0
ST_DELIB 4357 216 1 2 3 10 4 0 0
ST_DELIB 4358 219 1 2 2 90 4 0 1
ST_DELIB 4359 219 1 2 3 10 4 0 0
ST_DELIB 4360 219 1 2 3 10 4 0 0
ST_DELIB 4361 219 1 2 3 10 4 0 0
ST_DELIB 4362 219 1 2 3 75 4 0 0
ST_DELIB 4363 219 1 2 3 10 4 0 0
ST_DELIB 4364 219 1 2 3 10 4 0 0
ST_DELIB 4365 219 1 2 3 75 4 0 0
ST_DELIB 4366 219 1 2 3 10 4 0 0
ST_DELIB 4367 219 1 2 3 10 4 0 0
ST_DELIB 4368 219 1 2 3 75 4 0 0
ST_DELIB 4369 219 1 2 3 10 4 0 0
ST_DELIB 4370 219 1 2 3 10 4 0 0
ST_DELIB 4371 219 1 2 3 10 4 0 0
ST_DELIB 4372 219 1 2 3 75 4 0 0
ST_DELIB 4373 219 1 2 3 10 4 0 0
ST_DELIB 4374 219 1 2 3 10 4 0 0
ST_DELIB 4375 219 1 2 3 75 4 0 0
ST_DELIB 4376 219 1 2 3 10 4 0 0
ST_DELIB 4377 219 1 2 3 10 4 0 0
ST_DELIB 4378 219 1 2 3 75 4 0 0
ST_DELIB 4379 219 1 2 3 10 4 0 0
ST_DELIB 4380 219 1 2 3 10 4 0 0
ST_DELIB 4381 219 1 2 3 10 4 0 0
ST_DELIB 4382 219 1 2 3 75 4 0 0
ST_DELIB 4383 219 1 2 3 10 4 0 0
ST_DELIB 4384 219 1 2 3 10 4 0 0
ST_DELIB 4385 219 1 2 3 75 4 0 0
ST_DELIB 4386 219 1 2 3 10 4 0 0
ST_DELIB 4387 219 1 2 3 10 4 0 0
ST_DELIB 4388 219 1 2 3 75 4 0 0
ST_DELIB 4389 219 1 2 3 10 4 0 0
ST_DELIB 4390 219 1 2 3 10 4 0 0
ST_DELIB 4391 219 1 2 3 10 4 0 0
ST_DELIB 4392 219 1 2 3 75 4 0 0
ST_DELIB 4393 219 1 2 3 10 4 0 0
ST_DELIB 4394 219 1 2 3 10 4 0 0
ST_DELIB 4395 219 1 2 3 75 4 0 0
ST_DELIB 4396 219 1 2 3 10 4 0 0
ST_DELIB 4397 219 1 2 3 10 4 0 0
ST_DELIB 4398 219 1 2 3 75 4 0 0
ST_DELIB 4399 219 1 2 3 10 4 0 0
ST_DELIB 4400 219 1 2 3 10 4 0 0
ST_DELIB 4400 219 2 2 4 10 4 0 0
ST_DELIB 4400 225 2 3 5 90 4 0 1
ST_DELIB 4400 231 2 3 5 90 4 0 1
ST_DELIB 4400 232 2 3 5 90 4 0 1
ST_DELIB 4400 235 2 3 5 90 4 0 1
ST_DELIB 4400 243 2 3 5 90 4 0 1
ST_DELIB 4400 245 2 3 5 90 4 0 1
ST_DELIB 4400 246 2 3 5 90 4 0 1
ST_DELIB 4401 219 1 2 3 1 4 0 0
ST_DELIB 4402 219 1 2 3 75 4 0 0
ST_DELIB 4403 219 1 2 3 10 4 0 0
ST_DELIB 4404 219 1 2 3 10 4 0 0
ST_DELIB 4405 219 1 2 3 75 4 0 0
ST_DELIB 4406 219 1 2 3 10 4 0 0
ST_DELIB 4407 219 1 2 3 10 4 0 0
ST_DELIB 4408 225 1 2 2 90 4 0 1
ST_DELIB 4409 225 1 2 3 10 4 0 0
ST_DELIB 4410 225 1 2 3 10 4 0 0
ST_DELIB 4411 225 1 2 3 10 4 0 0
ST_DELIB 4412 225 1 2 3 75 4 0 0
ST_DELIB 4413 225 1 2 3 10 4 0 0
ST_DELIB 4414 225 1 2 3 10 4 0 0
ST_DELIB 4415 225 1 2 3 75 4 0 0
ST_DELIB 4416 225 1 2 3 10 4 0 0
ST_DELIB 4417 225 1 2 3 10 4 0 0
ST_DELIB 4418 225 1 2 3 75 4 0 0
ST_DELIB 4419 225 1 2 3 10 4 0 0
ST_DELIB 4420 225 1 2 3 10 4 0 0
ST_DELIB 4421 225 1 2 3 10 4 0 0
ST_DELIB 4422 225 1 2 3 75 4 0 0
ST_DELIB 4423 225 1 2 3 10 4 0 0
ST_DELIB 4424 225 1 2 3 10 4 0 0
ST_DELIB 4425 225 1 2 3 75 4 0 0
ST_DELIB 4426 225 1 2 3 10 4 0 0
ST_DELIB 4427 225 1 2 3 10 4 0 0
ST_DELIB 4428 225 1 2 3 75 4 0 0
ST_DELIB 4429 225 1 2 3 10 4 0 0
ST_DELIB 4430 225 1 2 3 10 4 0 0
ST_DELIB 4431 225 1 2 3 10 4 0 0
ST_DELIB 4432 225 1 2 3 75 4 0 0
ST_DELIB 4433 225 1 2 3 10 4 0 0
ST_DELIB 4434 225 1 2 3 10 4 0 0
ST_DELIB 4435 225 1 2 3 75 4 0 0
ST_DELIB 4436 225 1 2 3 10 4 0 0
ST_DELIB 4437 225 1 2 3 10 4 0 0
ST_DELIB 4438 225 1 2 3 75 4 0 0
ST_DELIB 4439 225 1 2 3 10 4 0 0
ST_DELIB 4440 225 1 2 3 10 4 0 0
ST_DELIB 4441 225 1 2 3 10 4 0 0
ST_DELIB 4442 225 1 2 3 75 4 0 0
ST_DELIB 4443 225 1 2 3 10 4 0 0
ST_DELIB 4444 225 1 2 3 10 4 0 0
ST_DELIB 4445 225 1 2 3 75 4 0 0
ST_DELIB 4446 225 1 2 3 10 4 0 0
ST_DELIB 4447 225 1 2 3 10 4 0 0
ST_DELIB 4448 225 1 2 3 75 4 0 0
ST_DELIB 4449 225 1 2 3 10 4 0 0
ST_DELIB 4450 225 1 2 3 10 4 0 0
ST_DELIB 4451 225 1 2 3 10 4 0 0
ST_DELIB 4452 225 1 2 3 75 4 0 0
ST_DELIB 4453 225 1 2 3 10 4 0 0
ST_DELIB 4454 225 1 2 3 10 4 0 0
ST_DELIB 4455 225 1 2 3 75 4 0 0
ST_DELIB 4456 225 1 2 3 10 4 0 0
ST_DELIB 4457 225 1 2 3 10 4 0 0
ST_DELIB 4458 231 1 2 2 90 4 0 1
ST_DELIB 4459 231 1 2 3 10 4 0 0
ST_DELIB 4460 231 1 2 3 10 4 0 0
ST_DELIB 4461 231 1 2 3 10 4 0 0
ST_DELIB 4462 231 1 2 3 75 4 0 0
ST_DELIB 4463 231 1 2 3 10 4 0 0
ST_DELIB 4464 231 1 2 3 10 4 0 0
ST_DELIB 4465 231 1 2 3 75 4 0 0
ST_DELIB 4466 231 1 2 3 10 4 0 0
ST_DELIB 4467 231 1 2 3 10 4 0 0
ST_DELIB 4468 231 1 2 3 75 4 0 0
ST_DELIB 4469 231 1 2 3 10 4 0 0
ST_DELIB 4470 231 1 2 3 10 4 0 0
ST_DELIB 4471 231 1 2 3 10 4 0 0
ST_DELIB 4472 231 1 2 3 75 4 0 0
ST_DELIB 4473 231 1 2 3 10 4 0 0
ST_DELIB 4474 231 1 2 3 10 4 0 0
ST_DELIB 4475 231 1 2 3 75 4 0 0
ST_DELIB 4476 231 1 2 3 10 4 0 0
ST_DELIB 4477 231 1 2 3 10 4 0 0
ST_DELIB 4478 231 1 2 3 75 4 0 0
ST_DELIB 4479 231 1 2 3 10 4 0 0
ST_DELIB 4480 231 1 2 3 10 4 0 0
ST_DELIB 4481 231 1 2 3 10 4 0 0
ST_DELIB 4482 231 1 2 3 75 4 0 0
ST_DELIB 4483 231 1 2 3 10 4 0 0
ST_DELIB 4484 231 1 2 3 10 4 0 0
ST_DELIB 4485 231 1 2 3 75 4 0 0
ST_DELIB 4486 231 1 2 3 10 4 0 0
ST_DELIB 4487 231 1 2 3 10 4 0 0
ST_DELIB 4488 231 1 2 3 75 4 0 0
ST_DELIB 4489 231 1 2 3 10 4 0 0
ST_DELIB 4490 231 1 2 3 10 4 0 0
ST_DELIB 4491 231 1 2 3 10 4 0 0
ST_DELIB 4492 231 1 2 3 75 4 0 0
ST_DELIB 4493 231 1 2 3 10 4 0 0
ST_DELIB 4494 231 1 2 3 10 4 0 0
ST_DELIB 4495 231 1 2 3 75 4 0 0
ST_DELIB 4496 231 1 2 3 10 4 0 0
ST_DELIB 4497 231 1 2 3 10 4 0 0
ST_DELIB 4498 231 1 2 3 75 4 0 0
ST_DELIB 4499 231 1 2 3 10 4 0 0
ST_TS 4500 320 5416 0 14613 0 4236 0 317 1350 0 0 0 0 0 0 0
ST_DELIB 4500 231 1 2 3 10 4 0 0
ST_DELIB 4500 231 2 2 4 10 4 0 0
ST_DELIB 4500 232 2 3 5 90 4 0 1
ST_DELIB 4500 235 2 3 5 90 4 0 1
ST_DELIB 4500 243 2 3 5 90 4 0 1
ST_DELIB 4500 245 2 3 5 90 4 0 1
ST_DELIB 4500 246 2 3 5 90 4 0 1
ST_DELIB 4500 247 2 3 5 90 4 0 1
ST_DELIB 4500 248 2 3 5 90 4 0 1
ST_DELIB 4501 231 1 2 3 1 4 0 0
ST_DELIB 4502 231 1 2 3 75 4 0 0
ST_DELIB 4503 231 1 2 3 10 4 0 0
ST_DELIB 4504 231 1 2 3 10 4 0 0
ST_DELIB 4505 231 1 2 3 75 4 0 0
ST_DELIB 4506 231 1 2 3 10 4 0 0
ST_DELIB 4507 231 1 2 3 10 4 0 0
ST_DELIB 4508 232 1 2 2 90 4 0 1
ST_DELIB 4509 232 1 2 3 10 4 0 0
ST_DELIB 4510 232 1 2 3 10 4 0 0
ST_DELIB 4511 232 1 2 3 10 4 0 0
ST_DELIB 4512 232 1 2 3 75 4 0 0
ST_DELIB 4513 232 1 2 3 10 4 0 0
ST_DELIB 4514 232 1 2 3 10 4 0 0
ST_DELIB 4515 232 1 2 3 75 4 0 0
ST_DELIB 4516 232 1 2 3 10 4 0 0
ST_DELIB 4517 232 1 2 3 10 4 0 0
ST_DELIB 4518 232 1 2 3 75 4 0 0
ST_DELIB 4519 232 1 2 3 10 4 0 0
ST_DELIB 4520 232 1 2 3 10 4 0 0
ST_DELIB 4521 232 1 2 3 10 4 0 0
ST_DELIB 4522 232 1 2 3 75 4 0 0
ST_DELIB 4523 232 1 2 3 10 4 0 0
ST_DELIB 4524 232 1 2 3 10 4 0 0
ST_DELIB 4525 232 1 2 3 75 4 0 0
ST_DELIB 4526 232 1 2 3 10 4 0 0
ST_DELIB 4527 232 1 2 3 10 4 0 0
ST_DELIB 4528 232 1 2 3 75 4 0 0
ST_DELIB 4529 232 1 2 3 10 4 0 0
ST_DELIB 4530 232 1 2 3 10 4 0 0
ST_DELIB 4531 232 1 2 3 10 4 0 0
ST_DELIB 4532 232 1 2 3 75 4 0 0
ST_DELIB 4533 232 1 2 3 10 4 0 0
ST_DELIB 4534 232 1 2 3 10 4 0 0
ST_DELIB 4535 232 1 2 3 75 4 0 0
ST_DELIB 4536 232 1 2 3 10 4 0 0
ST_DELIB 4537 232 1 2 3 10 4 0 0
ST_DELIB 4538 232 1 2 3 75 4 0 0
ST_DELIB 4539 232 1 2 3 10 4 0 0
ST_DELIB 4540 232 1 2 3 10 4 0 0
ST_DELIB 4541 232 1 2 3 10 4 0 0
ST_DELIB 4542 232 1 2 3 75 4 0 0
ST_DELIB 4543 232 1 2 3 10 4 0 0
ST_DELIB 4544 232 1 2 3 10 4 0 0
ST_DELIB 4545 232 1 2 3 75 4 0 0
ST_DELIB 4546 232 1 2 3 10 4 0 0
ST_DELIB 4547 232 1 2 3 10 4 0 0
ST_DELIB 4548 232 1 2 3 75 4 0 0
ST_DELIB 4549 232 1 2 3 10 4 0 0
ST_DELIB 4550 232 1 2 3 10 4 0 0
ST_DELIB 4551 232 1 2 3 10 4 0 0
ST_DELIB 4552 232 1 2 3 75 4 0 0
ST_DELIB 4553 232 1 2 3 10 4 0 0
ST_DELIB 4554 232 1 2 3 10 4 0 0
ST_DELIB 4555 232 1 2 3 75 4 0 0
ST_DELIB 4556 232 1 2 3 10 4 0 0
ST_DELIB 4557 232 1 2 3 10 4 0 0
ST_DELIB 4558 235 1 2 2 90 4 0 1
ST_DELIB 4559 235 1 2 3 10 4 0 0
ST_DELIB 4560 235 1 2 3 10 4 0 0
ST_DELIB 4561 235 1 2 3 10 4 0 0
ST_DELIB 4562 235 1 2 3 75 4 0 0
ST_DELIB 4563 235 1 2 3 10 4 0 0
ST_DELIB 4564 235 1 2 3 10 4 0 0
ST_DELIB 4565 235 1 2 3 75 4 0 0
ST_DELIB 4566 235 1 2 3 10 4 0 0
ST_DELIB 4567 235 1 2 3 10 4 0 0
ST_DELIB 4568 235 1 2 3 75 4 0 0
ST_DELIB 4569 235 1 2 3 10 4 0 0
ST_DELIB 4570 235 1 2 3 10 4 0 0
ST_DELIB 4571 235 1 2 3 10 4 0 0
ST_DELIB 4572 235 1 2 3 75 4 0 0
ST_DELIB 4573 235 1 2 3 10 4 0 0
ST_DELIB 4574 235 1 2 3 10 4 0 0
ST_DELIB 4575 235 1 2 3 75 4 0 0
ST_DELIB 4576 235 1 2 3 10 4 0 0
ST_DELIB 4577 235 1 2 3 10 4 0 0
ST_DELIB 4578 235 1 2 3 75 4 0 0
ST_DELIB 4579 235 1 2 3 10 4 0 0
ST_DELIB 4580 235 1 2 3 10 4 0 0
ST_DELIB 4581 235 1 2 3 10 4 0 0
ST_DELIB 4582 235 1 2 3 75 4 0 0
ST_DELIB 4583 235 1 2 3 10 4 0 0
ST_DELIB 4584 235 1 2 3 10 4 0 0
ST_DELIB 4585 235 1 2 3 75 4 0 0
ST_DELIB 4586 235 1 2 3 10 4 0 0
ST_DELIB 4587 235 1 2 3 10 4 0 0
ST_DELIB 4588 235 1 2 3 75 4 0 0
ST_DELIB 4589 235 1 2 3 10 4 0 0
ST_DELIB 4590 235 1 2 3 10 4 0 0
ST_DELIB 4591 235 1 2 3 10 4 0 0
ST_DELIB 4592 235 1 2 3 75 4 0 0
ST_DELIB 4593 235 1 2 3 10 4 0 0
ST_DELIB 4594 235 1 2 3 10 4 0 0
ST_DELIB 4595 235 1 2 3 75 4 0 0
ST_DELIB 4596 235 1 2 3 10 4 0 0
ST_DELIB 4597 235 1 2 3 10 4 0 0
ST_DELIB 4598 235 1 2 3 75 4 0 0
ST_DELIB 4599 235 1 2 3 10 4 0 0
ST_DELIB 4600 235 1 2 3 10 4 0 0
ST_DELIB 4600 235 2 2 4 10 4 0 0
ST_DELIB 4600 243 2 3 5 90 4 0 1
ST_DELIB 4600 245 2 3 5 90 4 0 1
ST_DELIB 4600 246 2 3 5 90 4 0 1
ST_DELIB 4600 247 2 3 5 90 4 0 1
ST_DELIB 4600 248 2 3 5 90 4 0 1
ST_DELIB 4600 249 2 3 5 90 4 0 1
ST_DELIB 4600 251 2 3 5 90 4 0 1
ST_DELIB 4601 235 1 2 3 1 4 0 0
ST_DELIB 4602 235 1 2 3 75 4 0 0
ST_DELIB 4603 235 1 2 3 10 4 0 0
ST_DELIB 4604 235 1 2 3 10 4 0 0
ST_DELIB 4605 235 1 2 3 75 4 0 0
ST_DELIB 4606 235 1 2 3 10 4 0 0
ST_DELIB 4607 235 1 2 3 10 4 0 0
ST_DELIB 4608 243 1 2 2 90 4 0 1
ST_DELIB 4609 243 1 2 3 10 4 0 0
ST_DELIB 4610 243 1 2 3 10 4 0 0
ST_DELIB 4611 243 1 2 3 10 4 0 0
ST_DELIB 4612 243 1 2 3 75 4 0 0
ST_DELIB 4613 243 1 2 3 10 4 0 0
ST_DELIB 4614 243 1 2 3 10 4 0 0
ST_DELIB 4615 243 1 2 3 75 4 0 0
ST_DELIB 4616 243 1 2 3 10 4 0 0
ST_DELIB 4617 243 1 2 3 10 4 0 0
ST_DELIB 4618 243 1 2 3 75 4 0 0
ST_DELIB 4619 243 1 2 3 10 4 0 0
ST_DELIB 4620 243 1 2 3 10 4 0 0
ST_DELIB 4621 243 1 2 3 10 4 0 0
ST_DELIB 4622 243 1 2 3 75 4 0 0
ST_DELIB 4623 243 1 2 3 10 4 0 0
ST_DELIB 4624 243 1 2 3 10 4 0 0
ST_DELIB 4625 243 1 2 3 75 4 0 0
ST_DELIB 4626 243 1 2 3 10 4 0 0
ST_DELIB 4627 243 1 2 3 10 4 0 0
ST_DELIB 4628 243 1 2 3 75 4 0 0
ST_DELIB 4629 243 1 2 3 10 4 0 0
ST_DELIB 4630 243 1 2 3 10 4 0 0
ST_DELIB 4631 243 1 2 3 10 4 0 0
ST_DELIB 4632 243 1 2 3 75 4 0 0
ST_DELIB 4633 243 1 2 3 10 4 0 0
ST_DELIB 4634 243 1 2 3 10 4 0 0
ST_DELIB 4635 243 1 2 3 75 4 0 0
ST_DELIB 4636 243 1 2 3 10 4 0 0
ST_DELIB 4637 243 1 2 3 10 4 0 0
ST_DELIB 4638 243 1 2 3 75 4 0 0
ST_DELIB 4639 243 1 2 3 10 4 0 0
ST_DELIB 4640 243 1 2 3 10 4 0 0
ST_DELIB 4641 243 1 2 3 10 4 0 0
ST_DELIB 4642 243 1 2 3 75 4 0 0
ST_DELIB 4643 243 1 2 3 10 4 0 0
ST_DELIB 4644 243 1 2 3 10 4 0 0
ST_DELIB 4645 243 1 2 3 75 4 0 0
ST_DELIB 4646 243 1 2 3 10 4 0 0
ST_DELIB 4647 243 1 2 3 10 4 0 0
ST_DELIB 4648 243 1 2 3 75 4 0 0
ST_DELIB 4649 243 1 2 3 10 4 0 0
ST_DELIB 4650 243 1 2 3 10 4 0 0
ST_DELIB 4651 243 1 2 3 10 4 0 0
ST_DELIB 4652 243 1 2 3 75 4 0 0
ST_DELIB 4653 243 1 2 3 10 4 0 0
ST_DELIB 4654 243 1 2 3 10 4 0 0
ST_DELIB 4655 243 1 2 3 75 4 0 0
ST_DELIB 4656 243 1 2 3 10 4 0 0
ST_DELIB 4657 243 1 2 3 10 4 0 0
ST_DELIB 4658 245 1 2 2 90 4 0 1
ST_DELIB 4659 245 1 2 3 10 4 0 0
ST_DELIB 4660 245 1 2 3 10 4 0 0
ST_DELIB 4661 245 1 2 3 10 4 0 0
ST_DELIB 4662 245 1 2 3 75 4 0 0
ST_DELIB 4663 245 1 2 3 10 4 0 0
ST_DELIB 4664 245 1 2 3 10 4 0 0
ST_DELIB 4665 245 1 2 3 75 4 0 0
ST_DELIB 4666 245 1 2 3 10 4 0 0
ST_DELIB 4667 245 1 2 3 10 4 0 0
ST_DELIB 4668 245 1 2 3 75 4 0 0
ST_DELIB 4669 245 1 2 3 10 4 0 0
ST_DELIB 4670 245 1 2 3 10 4 0 0
ST_DELIB 4671 245 1 2 3 10 4 0 0
ST_DELIB 4672 245 1 2 3 75 4 0 0
ST_DELIB 4673 245 1 2 3 10 4 0 0
ST_DELIB 4674 245 1 2 3 10 4 0 0
ST_DELIB 4675 245 1 2 3 75 4 0 0
ST_DELIB 4676 245 1 2 3 10 4 0 0
ST_DELIB 4677 245 1 2 3 10 4 0 0
ST_DELIB 4678 245 1 2 3 75 4 0 0
ST_DELIB 4679 245 1 2 3 10 4 0 0
ST_DELIB 4680 245 1 2 3 10 4 0 0
ST_DELIB 4681 245 1 2 3 10 4 0 0
ST_DELIB 4682 245 1 2 3 75 4 0 0
ST_DELIB 4683 245 1 2 3 10 4 0 0
ST_DELIB 4684 245 1 2 3 10 4 0 0
ST_DELIB 4685 245 1 2 3 75 4 0 0
ST_DELIB 4686 245 1 2 3 10 4 0 0
ST_DELIB 4687 245 1 2 3 10 4 0 0
ST_DELIB 4688 245 1 2 3 75 4 0 0
ST_DELIB 4689 245 1 2 3 10 4 0 0
ST_DELIB 4690 245 1 2 3 10 4 0 0
ST_DELIB 4691 245 1 2 3 10 4 0 0
ST_DELIB 4692 245 1 2 3 75 4 0 0
ST_DELIB 4693 245 1 2 3 10 4 0 0
ST_DELIB 4694 245 1 2 3 10 4 0 0
ST_DELIB 4695 245 1 2 3 75 4 0 0
ST_DELIB 4696 245 1 2 3 10 4 0 0
ST_DELIB 4697 245 1 2 3 10 4 0 0
ST_DELIB 4698 245 1 2 3 75 4 0 0
ST_DELIB 4699 245 1 2 3 10 4 0 0
ST_DELIB 4700 245 1 2 3 10 4 0 0
ST_DELIB 4700 245 2 2 4 10 4 0 0
ST_DELIB 4700 246 2 3 5 90 4 0 1
ST_DELIB 4700 247 2 3 5 90 4 0 1
ST_DELIB 4700 248 2 3 5 90 4 0 1
ST_DELIB 4700 249 2 3 5 90 4 0 1
ST_DELIB 4700 251 2 3 5 90 4 0 1
ST_DELIB 4700 254 2 3 5 90 4 0 1
ST_DELIB 4700 255 2 3 5 90 4 0 1
ST_DELIB 4701 245 1 2 3 1 4 0 0
ST_DELIB 4702 245 1 2 3 75 4 0 0
ST_DELIB 4703 245 1 2 3 10 4 0 0
ST_DELIB 4704 245 1 2 3 10 4 0 0
ST_DELIB 4705 245 1 2 3 75 4 0 0
ST_DELIB 4706 245 1 2 3 10 4 0 0
ST_DELIB 4707 245 1 2 3 10 4 0 0
ST_DELIB 4708 246 1 2 2 90 4 0 1
ST_DELIB 4709 246 1 2 3 10 4 0 0
ST_DELIB 4710 246 1 2 3 10 4 0 0
ST_DELIB 4711 246 1 2 3 10 4 0 0
ST_DELIB 4712 246 1 2 3 75 4 0 0
ST_DELIB 4713 246 1 2 3 10 4 0 0
ST_DELIB 4714 246 1 2 3 10 4 0 0
ST_DELIB 4715 246 1 2 3 75 4 0 0
ST_DELIB 4716 246 1 2 3 10 4 0 0
ST_DELIB 4717 246 1 2 3 10 4 0 0
ST_DELIB 4718 246 1 2 3 75 4 0 0
ST_DELIB 4719 246 1 2 3 10 4 0 0
ST_DELIB 4720 246 1 2 3 10 4 0 0
ST_DELIB 4721 246 1 2 3 10 4 0 0
ST_DELIB 4722 246 1 2 3 75 4 0 0
ST_DELIB 4723 246 1 2 3 10 4 0 0
ST_DELIB 4724 246 1 2 3 10 4 0 0
ST_DELIB 4725 246 1 2 3 75 4 0 0
ST_DELIB 4726 246 1 2 3 10 4 0 0
ST_DELIB 4727 246 1 2 3 10 4 0 0
ST_DELIB 4728 246 1 2 3 75 4 0 0
ST_DELIB 4729 246 1 2 3 10 4 0 0
ST_DELIB 4730 246 1 2 3 10 4 0 0
ST_DELIB 4731 246 1 2 3 10 4 0 0
ST_DELIB 4732 246 1 2 3 75 4 0 0
ST_DELIB 4733 246 1 2 3 10 4 0 0
ST_DELIB 4734 246 1 2 3 10 4 0 0
ST_DELIB 4735 246 1 2 3 75 4 0 0
ST_DELIB 4736 246 1 2 3 10 4 0 0
ST_DELIB 4737 246 1 2 3 10 4 0 0
ST_DELIB 4738 246 1 2 3 75 4 0 0
ST_DELIB 4739 246 1 2 3 10 4 0 0
ST_DELIB 4740 246 1 2 3 10 4 0 0
ST_DELIB 4741 246 1 2 3 10 4 0 0
ST_DELIB 4742 246 1 2 3 75 4 0 0
ST_DELIB 4743 246 1 2 3 10 4 0 0
ST_DELIB 4744 246 1 2 3 10 4 0 0
ST_DELIB 4745 246 1 2 3 75 4 0 0
ST_DELIB 4746 246 1 2 3 10 4 0 0
ST_DELIB 4747 246 1 2 3 10 4 0 0
ST_DELIB 4748 246 1 2 3 75 4 0 0
ST_DELIB 4749 246 1 2 3 10 4 0 0
ST_TS 4750 320 5684 0 15625 0 4489 0 317 1425 0 0 0 0 0 0 0
ST_DELIB 4750 246 1 2 3 10 4 0 0
ST_DELIB 4751 246 1 2 3 10 4 0 0
ST_DELIB 4752 246 1 2 3 75 4 0 0
ST_DELIB 4753 246 1 2 3 10 4 0 0
ST_DELIB 4754 246 1 2 3 10 4 0 0
ST_DELIB 4755 246 1 2 3 75 4 0 0
ST_DELIB 4756 246 1 2 3 10 4 0 0
ST_DELIB 4757 246 1 2 3 10 4 0 0
ST_DELIB 4758 247 1 2 2 90 4 0 1
ST_DELIB 4759 247 1 2 3 10 4 0 0
ST_DELIB 4760 247 1 2 3 10 4 0 0
ST_DELIB 4761 247 1 2 3 10 4 0 0
ST_DELIB 4762 247 1 2 3 75 4 0 0
ST_DELIB 4763 247 1 2 3 10 4 0 0
ST_DELIB 4764 247 1 2 3 10 4 0 0
ST_DELIB 4765 247 1 2 3 75 4 0 0
ST_DELIB 4766 247 1 2 3 10 4 0 0
ST_DELIB 4767 247 1 2 3 10 4 0 0
ST_DELIB 4768 247 1 2 3 75 4 0 0
ST_DELIB 4769 247 1 2 3 10 4 0 0
ST_DELIB 4770 247 1 2 3 10 4 0 0
ST_DELIB 4771 247 1 2 3 10 4 0 0
ST_DELIB 4772 247 1 2 3 75 4 0 0
ST_DELIB 4773 247 1 2 3 10 4 0 0
ST_DELIB 4774 247 1 2 3 10 4 0 0
ST_DELIB 4775 247 1 2 3 75 4 0 0
ST_DELIB 4776 247 1 2 3 10 4 0 0
ST_DELIB 4777 247 1 2 3 10 4 0 0
ST_DELIB 4778 247 1 2 3 75 4 0 0
ST_DELIB 4779 247 1 2 3 10 4 0 0
ST_DELIB 4780 247 1 2 3 10 4 0 0
ST_DELIB 4781 247 1 2 3 10 4 0 0
ST_DELIB 4782 247 1 2 3 75 4 0 0
ST_DELIB 4783 247 1 2 3 10 4 0 0
ST_DELIB 4784 247 1 2 3 10 4 0 0
ST_DELIB 4785 247 1 2 3 75 4 0 0
ST_DELIB 4786 247 1 2 3 10 4 0 0
ST_DELIB 4787 247 1 2 3 10 4 0 0
ST_DELIB 4788 247 1 2 3 75 4 0 0
ST_DELIB 4789 247 1 2 3 10 4 0 0
ST_DELIB 4790 247 1 2 3 10 4 0 0
ST_DELIB 4791 247 1 2 3 10 4 0 0
ST_DELIB 4792 247 1 2 3 75 4 0 0
ST_DELIB 4793 247 1 2 3 10 4 0 0
ST_DELIB 4794 247 1 2 3 10 4 0 0
ST_DELIB 4795 247 1 2 3 75 4 0 0
ST_DELIB 4796 247 1 2 3 10 4 0 0
ST_DELIB 4797 247 1 2 3 10 4 0 0
ST_DELIB 4798 247 1 2 3 75 4 0 0
ST_DELIB 4799 247 1 2 3 10 4 0 0
ST_DELIB 4800 247 1 2 3 10 4 0 0
ST_DELIB 4800 247 2 2 4 10 4 0 0
ST_DELIB 4800 248 2 3 5 90 4 0 1
ST_DELIB 4800 249 2 3 5 90 4 0 1
ST_DELIB 4800 251 2 3 5 90 4 0 1
ST_DELIB 4800 254 2 3 5 90 4 0 1
ST_DELIB 4800 255 2 3 5 90 4 0 1
ST_DELIB 4800 271 2 3 5 90 4 0 1
ST_DELIB 4800 272 2 3 5 90 4 0 1
ST_DELIB 4801 247 1 2 3 1 4 0 0
ST_DELIB 4802 247 1 2 3 75 4 0 0
ST_DELIB 4803 247 1 2 3 10 4 0 0
ST_DELIB 4804 247 1 2 3 10 4 0 0
ST_DELIB 4805 247 1 2 3 75 4 0 0
ST_DELIB 4806 247 1 2 3 10 4 0 0
ST_DELIB 4807 247 1 2 3 10 4 0 0
ST_DELIB 4808 248 1 2 2 90 4 0 1
ST_DELIB 4809 248 1 2 3 10 4 0 0
ST_DELIB 4810 248 1 2 3 10 4 0 0
ST_DELIB 4811 248 1 2 3 10 4 0 0
ST_DELIB 4812 248 1 2 3 75 4 0 0
ST_DELIB 4813 248 1 2 3 10 4 0 0
ST_DELIB 4814 248 1 2 3 10 4 0 0
ST_DELIB 4815 248 1 2 3 75 4 0 0
ST_DELIB 4816 248 1 2 3 10 4 0 0
ST_DELIB 4817 248 1 2 3 10 4 0 0
ST_DELIB 4818 248 1 2 3 75 4 0 0
ST_DELIB 4819 248 1 2 3 10 4 0 0
ST_DELIB 4820 248 1 2 3 10 4 0 0
ST_DELIB 4821 248 1 2 3 10 4 0 0
ST_DELIB 4822 248 1 2 3 75 4 0 0
ST_DELIB 4823 248 1 2 3 10 4 0 0
ST_DELIB 4824 248 1 2 3 10 4 0 0
ST_DELIB 4825 248 1 2 3 75 4 0 0
ST_DELIB 4826 248 1 2 3 10 4 0 0
ST_DELIB 4827 248 1 2 3 10 4 0 0
ST_DELIB 4828 248 1 2 3 75 4 0 0
ST_DELIB 4829 248 1 2 3 10 4 0 0
ST_DELIB 4830 248 1 2 3 10 4 0 0
ST_DELIB 4831 248 1 2 3 10 4 0 0
ST_DELIB 4832 248 1 2 3 75 4 0 0
ST_DELIB 4833 248 1 2 3 10 4 0 0
ST_DELIB 4834 248 1 2 3 10 4 0 0
ST_DELIB 4835 248 1 2 3 75 4 0 0
ST_DELIB 4836 248 1 2 3 10 4 0 0
ST_DELIB 4837 248 1 2 3 10 4 0 0
ST_DELIB 4838 248 1 2 3 75 4 0 0
ST_DELIB 4839 248 1 2 3 10 4 0 0
ST_DELIB 4840 248 1 2 3 10 4 0 0
ST_DELIB 4841 248 1 2 3 10 4 0 0
ST_DELIB 4842 248 1 2 3 75 4 0 0
ST_DELIB 4843 248 1 2 3 10 4 0 0
ST_DELIB 4844 248 1 2 3 10 4 0 0
ST_DELIB 4845 248 1 2 3 75 4 0 0
ST_DELIB 4846 248 1 2 3 10 4 0 0
ST_DELIB 4847 248 1 2 3 10 4 0 0
ST_DELIB 4848 248 1 2 3 75 4 0 0
ST_DELIB 4849 248 1 2 3 10 4 0 0
ST_DELIB 4850 248 1 2 3 10 4 0 0
ST_DELIB 4851 248 1 2 3 10 4 0 0
ST_DELIB 4852 248 1 2 3 75 4 0 0
ST_DELIB 4853 248 1 2 3 10 4 0 0
ST_DELIB 4854 248 1 2 3 10 4 0 0
ST_DELIB 4855 248 1 2 3 75 4 0 0
ST_DELIB 4856 248 1 2 3 10 4 0 0
ST_DELIB 4857 248 1 2 3 10 4 0 0
ST_DELIB 4858 249 1 2 2 90 4 0 1
ST_DELIB 4859 249 1 2 3 10 4 0 0
ST_DELIB 4860 249 1 2 3 10 4 0 0
ST_DELIB 4861 249 1 2 3 10 4 0 0
ST_DELIB 4862 249 1 2 3 75 4 0 0
ST_DELIB 4863 249 1 2 3 10 4 0 0
ST_DELIB 4864 249 1 2 3 10 4 0 0
ST_DELIB 4865 249 1 2 3 75 4 0 0
ST_DELIB 4866 249 1 2 3 10 4 0 0
ST_DELIB 4867 249 1 2 3 10 4 0 0
ST_DELIB 4868 249 1 2 3 75 4 0 0
ST_DELIB 4869 249 1 2 3 10 4 0 0
ST_DELIB 4870 249 1 2 3 10 4 0 0
ST_DELIB 4871 249 1 2 3 10 4 0 0
ST_DELIB 4872 249 1 2 3 75 4 0 0
ST_DELIB 4873 249 1 2 3 10 4 0 0
ST_DELIB 4874 249 1 2 3 10 4 0 0
ST_DELIB 4875 249 1 2 3 75 4 0 0
ST_DELIB 4876 249 1 2 3 10 4 0 0
ST_DELIB 4877 249 1 2 3 10 4 0 0
ST_DELIB 4878 249 1 2 3 75 4 0 0
ST_DELIB 4879 249 1 2 3 10 4 0 0
ST_DELIB 4880 249 1 2 3 10 4 0 0
ST_DELIB 4881 249 1 2 3 10 4 0 0
ST_DELIB 4882 249 1 2 3 75 4 0 0
ST_DELIB 4883 249 1 2 3 10 4 0 0
ST_DELIB 4884 249 1 2 3 10 4 0 0
ST_DELIB 4885 249 1 2 3 75 4 0 0
ST_DELIB 4886 249 1 2 3 10 4 0 0
ST_DELIB 4887 249 1 2 3 10 4 0 0
ST_DELIB 4888 249 1 2 3 75 4 0 0
ST_DELIB 4889 249 1 2 3 10 4 0 0
ST_DELIB 4890 249 1 2 3 10 4 0 0
ST_DELIB 4891 249 1 2 3 10 4 0 0
ST_DELIB 4892 249 1 2 3 75 4 0 0
ST_DELIB 4893 249 1 2 3 10 4 0 0
ST_DELIB 4894 249 1 2 3 10 4 0 0
ST_DELIB 4895 249 1 2 3 75 4 0 0
ST_DELIB 4896 249 1 2 3 10 4 0 0
ST_DELIB 4897 249 1 2 3 10 4 0 0
ST_DELIB 4898 249 1 2 3 75 4 0 0
ST_DELIB 4899 249 1 2 3 10 4 0 0
ST_DELIB 4900 249 1 2 3 10 4 0 0
ST_DELIB 4900 249 2 2 4 10 4 0 0
ST_DELIB 4900 251 2 3 5 90 4 0 1
ST_DELIB 4900 254 2 3 5 90 4 0 1
ST_DELIB 4900 255 2 3 5 90 4 0 1
ST_DELIB 4900 271 2 3 5 90 4 0 1
ST_DELIB 4900 272 2 3 5 90 4 0 1
ST_DELIB 4900 273 2 3 5 90 4 0 1
ST_DELIB 4900 276 2 3 5 90 4 0 1
ST_DELIB 4901 249 1 2 3 1 4 0 0
ST_DELIB 4902 249 1 2 3 75 4 0 0
ST_DELIB 4903 249 1 2 3 10 4 0 0
ST_DELIB 4904 249 1 2 3 10 4 0 0
ST_DELIB 4905 249 1 2 3 75 4 0 0
ST_DELIB 4906 249 1 2 3 10 4 0 0
ST_DELIB 4907 249 1 2 3 10 4 0 0
ST_DELIB 4908 251 1 2 2 90 4 0 1
ST_DELIB 4909 251 1 2 3 10 4 0 0
ST_DELIB 4910 251 1 2 3 10 4 0 0
ST_DELIB 4911 251 1 2 3 10 4 0 0
ST_DELIB 4912 251 1 2 3 75 4 0 0
ST_DELIB 4913 251 1 2 3 10 4 0 0
ST_DELIB 4914 251 1 2 3 10 4 0 0
ST_DELIB 4915 251 1 2 3 75 4 0 0
ST_DELIB 4916 251 1 2 3 10 4 0 0
ST_DELIB 4917 251 1 2 3 10 4 0 0
ST_DELIB 4918 251 1 2 3 75 4 0 0
ST_DELIB 4919 251 1 2 3 10 4 0 0
ST_DELIB 4920 251 1 2 3 10 4 0 0
ST_DELIB 4921 251 1 2 3 10 4 0 0
ST_DELIB 4922 251 1 2 3 75 4 0 0
ST_DELIB 4923 251 1 2 3 10 4 0 0
ST_DELIB 4924 251 1 2 3 10 4 0 0
ST_DELIB 4925 251 1 2 3 75 4 0 0
ST_DELIB 4926 251 1 2 3 10 4 0 0
ST_DELIB 4927 251 1 2 3 10 4 0 0
ST_DELIB 4928 251 1 2 3 75 4 0 0
ST_DELIB 4929 251 1 2 3 10 4 0 0
ST_DELIB 4930 251 1 2 3 10 4 0 0
ST_DELIB 4931 251 1 2 3 10 4 0 0
ST_DELIB 4932 251 1 2 3 75 4 0 0
ST_DELIB 4933 251 1 2 3 10 4 0 0
ST_DELIB 4934 251 1 2 3 10 4 0 0
ST_DELIB 4935 251 1 2 3 75 4 0 0
ST_DELIB 4936 251 1 2 3 10 4 0 0
ST_DELIB 4937 251 1 2 3 10 4 0 0
ST_DELIB 4938 251 1 2 3 75 4 0 0
ST_DELIB 4939 251 1 2 3 10 4 0 0
ST_DELIB 4940 251 1 2 3 10 4 0 0
ST_DELIB 4941 251 1 2 3 10 4 0 0
ST_DELIB 4942 251 1 2 3 75 4 0 0
ST_DELIB 4943 251 1 2 3 10 4 0 0
ST_DELIB 4944 251 1 2 3 10 4 0 0
ST_DELIB 4945 251 1 2 3 75 4 0 0
ST_DELIB 4946 251 1 2 3 10 4 0 0
ST_DELIB 4947 251 1 2 3 10 4 0 0
ST_DELIB 4948 251 1 2 3 75 4 0 0
ST_DELIB 4949 251 1 2 3 10 4 0 0
ST_DELIB 4950 251 1 2 3 10 4 0 0
ST_DELIB 4951 251 1 2 3 10 4 0 0
ST_DELIB 4952 251 1 2 3 75 4 0 0
ST_DELIB 4953 251 1 2 3 10 4 0 0
ST_DELIB 4954 251 1 2 3 10 4 0 0
ST_DELIB 4955 251 1 2 3 75 4 0 0
ST_DELIB 4956 251 1 2 3 10 4 0 0
ST_DELIB 4957 251 1 2 3 10 4 0 0
ST_DELIB 4958 254 1 2 2 90 4 0 1
ST_DELIB 4959 254 1 2 3 10 4 0 0
ST_DELIB 4960 254 1 2 3 10 4 0 0
ST_DELIB 4961 254 1 2 3 10 4 0 0
ST_DELIB 4962 254 1 2 3 75 4 0 0
ST_DELIB 4963 254 1 2 3 10 4 0 0
ST_DELIB 4964 254 1 2 3 10 4 0 0
ST_DELIB 4965 254 1 2 3 75 4 0 0
ST_DELIB 4966 254 1 2 3 10 4 0 0
ST_DELIB 4967 254 1 2 3 10 4 0 0
ST_DELIB 4968 254 1 2 3 75 4 0 0
ST_DELIB 4969 254 1 2 3 10 4 0 0
ST_DELIB 4970 254 1 2 3 10 4 0 0
ST_DELIB 4971 254 1 2 3 10 4 0 0
ST_DELIB 4972 254 1 2 3 75 4 0 0
ST_DELIB 4973 254 1 2 3 10 4 0 0
ST_DELIB 4974 254 1 2 3 10 4 0 0
ST_DELIB 4975 254 1 2 3 75 4 0 0
ST_DELIB 4976 254 1 2 3 10 4 0 0
ST_DELIB 4977 254 1 2 3 10 4 0 0
ST_DELIB 4978 254 1 2 3 75 4 0 0
ST_DELIB 4979 254 1 2 3 10 4 0 0
ST_DELIB 4980 254 1 2 3 10 4 0 0
ST_DELIB 4981 254 1 2 3 10 4 0 0
ST_DELIB 4982 254 1 2 3 75 4 0 0
ST_DELIB 4983 254 1 2 3 10 4 0 0
ST_DELIB 4984 254 1 2 3 10 4 0 0
ST_DELIB 4985 254 1 2 3 75 4 0 0
ST_DELIB 4986 254 1 2 3 10 4 0 0
ST_DELIB 4987 254 1 2 3 10 4 0 0
ST_DELIB 4988 254 1 2 3 75 4 0 0
ST_DELIB 4989 254 1 2 3 10 4 0 0
ST_DELIB 4990 254 1 2 3 10 4 0 0
ST_DELIB 4991 254 1 2 3 10 4 0 0
ST_DELIB 4992 254 1 2 3 75 4 0 0
ST_DELIB 4993 254 1 2 3 10 4 0 0
ST_DELIB 4994 254 1 2 3 10 4 0 0
ST_DELIB 4995 254 1 2 3 75 4 0 0
ST_DELIB 4996 254 1 2 3 10 4 0 0
ST_DELIB 4997 254 1 2 3 10 4 0 0
ST_DELIB 4998 254 1 2 3 75 4 0 0
ST_DELIB 4999 254 1 2 3 10 4 0 0
ST_TS 5000 320 5951 0 16633 0 4741 0 317 1500 0 0 0 0 0 0 0
ST_CELL 10 0 0 1
ST_AUDIT_N 5951
ST_DROPS 0
ST_ABANDONS 0
ST_ABANDON_Q 0 0 0 0
ST_METRIC 1 317 1500
ST_METRIC 8 98 98
ST_METRIC 9 98 100
ST_METRIC 10 5000 5000
ST_METRIC 11 317 1500
ST_A_SUMMARY 0 4741 0 0 16633
ST_LEDGER 5951 499884
CL_CHECK,ck_replay,0,0
CL_CHECK,ck_refusals_clean,0,0
CL_CHECK,ck_core_live,1,1
CL_CHECK,ck_strength_lineage,1,1
CL_CHECK,ck_strength_lineage,1,1
CL_CHECK,ck_strength_lineage,1,1
CL_CHECK,ck_strength_lineage,1,1
CL_CHECK,ck_strength_lineage,1,1
CL_CHECK,ck_strength_lineage,1,1
CL_CHECK,ck_strength_lineage,1,1
CL_CHECK,ck_strength_lineage,1,1
CL_CHECK,ck_strength_lineage,1,1
CL_CHECK,ck_strength_lineage,1,1
CL_CHECK,ck_strength_lineage,1,1
CL_CHECK,ck_strength_lineage,1,1
CL_CHECK,ck_strength_lineage,1,1
CL_CHECK,ck_strength_lineage,1,1
CL_CHECK,ck_strength_lineage,1,1
CL_CHECK,ck_strength_lineage,1,1
CL_CHECK,ck_strength_lineage,1,1
CL_CHECK,ck_strength_lineage,1,1
CL_CHECK,ck_strength_lineage,1,1
CL_CHECK,ck_strength_lineage,1,1
CL_CHECK,ck_strength_lineage,1,1
CL_CHECK,ck_strength_lineage,1,1
CL_CHECK,ck_strength_lineage,1,1
CL_CHECK,ck_strength_lineage,1,1
CL_CHECK,ck_strength_lineage,1,1
CL_CHECK,ck_strength_lineage,1,1
CL_CHECK,ck_strength_lineage,1,1
CL_CHECK,ck_strength_lineage,1,1
CL_CHECK,ck_strength_lineage,1,1
CL_CHECK,ck_strength_lineage,1,1
CL_CHECK,ck_strength_lineage,1,1
CL_CHECK,ck_strength_lineage,1,1
CL_CHECK,ck_strength_lineage,1,1
CL_CHECK,ck_strength_lineage,1,1
CL_CHECK,ck_strength_lineage,1,1
CL_CHECK,ck_strength_lineage,1,1
CL_CHECK,ck_strength_lineage,1,1
CL_CHECK,ck_strength_lineage,1,1
CL_CHECK,ck_strength_lineage,1,1
CL_CHECK,ck_strength_lineage,1,1
CL_CHECK,ck_strength_lineage,1,1
CL_CHECK,ck_strength_lineage,1,1
CL_CHECK,ck_strength_lineage,1,1
CL_CHECK,ck_strength_lineage,1,1
CL_CHECK,ck_strength_lineage,1,1
CL_CHECK,ck_strength_lineage,1,1
CL_CHECK,ck_strength_lineage,1,1
CL_CHECK,ck_strength_lineage,1,1
CL_CHECK,ck_strength_lineage,1,1
CL_CHECK,ck_strength_lineage,1,1
CL_CHECK,ck_strength_lineage,1,1
CL_CHECK,ck_strength_lineage,1,1
CL_CHECK,ck_strength_lineage,1,1
CL_CHECK,ck_strength_lineage,1,1
CL_CHECK,ck_strength_lineage,1,1
CL_CHECK,ck_strength_lineage,1,1
CL_CHECK,ck_strength_lineage,1,1
CL_CHECK,ck_strength_lineage,1,1
CL_CHECK,ck_strength_lineage,1,1
CL_CHECK,ck_strength_lineage,1,1
CL_CHECK,ck_strength_lineage,1,1
CL_CHECK,ck_strength_lineage,1,1
CL_CHECK,ck_strength_lineage,1,1
CL_CHECK,ck_strength_lineage,1,1
CL_CHECK,ck_strength_lineage,1,1
CL_CHECK,ck_strength_lineage,1,1
CL_CHECK,ck_strength_lineage,1,1
CL_CHECK,ck_strength_lineage,1,1
CL_CHECK,ck_strength_lineage,1,1
CL_CHECK,ck_strength_lineage,1,1
CL_CHECK,ck_strength_lineage,1,1
CL_CHECK,ck_strength_lineage,1,1
CL_CHECK,ck_strength_lineage,1,1
CL_CHECK,ck_strength_lineage,1,1
CL_CHECK,ck_strength_lineage,1,1
CL_CHECK,ck_strength_lineage,1,1
CL_CHECK,ck_strength_lineage,1,1
CL_CHECK,ck_strength_lineage,1,1
CL_CHECK,ck_strength_lineage,1,1
CL_CHECK,ck_strength_lineage,1,1
CL_CHECK,ck_strength_lineage,1,1
CL_CHECK,ck_strength_lineage,1,1
CL_CHECK,ck_strength_lineage,1,1
CL_CHECK,ck_strength_lineage,1,1
CL_CHECK,ck_strength_lineage,1,1
CL_CHECK,ck_strength_lineage,1,1
CL_CHECK,ck_strength_lineage,1,1
CL_CHECK,ck_strength_lineage,1,1
CL_CHECK,ck_strength_lineage,1,1
CL_CHECK,ck_strength_lineage,1,1
CL_CHECK,ck_strength_lineage,1,1
CL_CHECK,ck_strength_lineage,1,1
CL_CHECK,ck_strength_lineage,1,1
CL_CHECK,ck_strength_lineage,1,1
CL_CHECK,ck_strength_lineage,1,1
CL_CHECK,ck_strength_lineage,1,1
CL_CHECK,ck_strength_lineage,1,1
CL_CHECK,ck_strength_lineage,1,1
CL_CHECK,ck_strength_lineage,1,1
CL_CHECK,ck_strength_lineage,1,1
CL_CHECK,ck_strength_lineage,1,1
CL_CHECK,ck_strength_lineage,1,1
CL_CHECK,ck_strength_lineage,1,1
CL_CHECK,ck_strength_lineage,1,1
CL_CHECK,ck_strength_lineage,1,1
CL_CHECK,ck_strength_lineage,1,1
CL_CHECK,ck_strength_lineage,1,1
CL_CHECK,ck_strength_lineage,1,1
CL_CHECK,ck_strength_lineage,1,1
CL_CHECK,ck_strength_lineage,1,1
CL_CHECK,ck_strength_lineage,1,1
CL_CHECK,ck_strength_lineage,1,1
CL_CHECK,ck_strength_lineage,1,1
CL_CHECK,ck_strength_lineage,1,1
CL_CHECK,ck_strength_lineage,1,1
CL_CHECK,ck_strength_lineage,1,1
CL_CHECK,ck_strength_lineage,1,1
CL_CHECK,ck_strength_lineage,1,1
CL_CHECK,ck_strength_lineage,1,1
CL_CHECK,ck_strength_lineage,1,1
CL_CHECK,ck_strength_lineage,1,1
CL_CHECK,ck_strength_lineage,1,1
CL_CHECK,ck_strength_lineage,1,1
CL_CHECK,ck_strength_lineage,1,1
CL_CHECK,ck_strength_lineage,1,1
CL_CHECK,ck_strength_lineage,1,1
CL_CHECK,ck_strength_lineage,1,1
CL_CHECK,ck_strength_lineage,1,1
CL_CHECK,ck_strength_lineage,1,1
CL_CHECK,ck_strength_lineage,1,1
CL_CHECK,ck_strength_lineage,1,1
CL_CHECK,ck_strength_lineage,1,1
CL_CHECK,ck_strength_lineage,1,1
CL_CHECK,ck_strength_lineage,1,1
CL_CHECK,ck_strength_lineage,1,1
CL_CHECK,ck_strength_lineage,1,1
CL_CHECK,ck_strength_lineage,1,1
CL_CHECK,ck_strength_lineage,1,1
CL_CHECK,ck_strength_lineage,1,1
CL_CHECK,ck_strength_lineage,1,1
CL_CHECK,ck_strength_lineage,1,1
CL_CHECK,ck_strength_lineage,1,1
CL_CHECK,ck_strength_lineage,1,1
CL_CHECK,ck_strength_lineage,1,1
CL_CHECK,ck_strength_lineage,1,1
CL_CHECK,ck_strength_lineage,1,1
CL_CHECK,ck_strength_lineage,1,1
CL_CHECK,ck_strength_lineage,1,1
CL_CHECK,ck_strength_lineage,1,1
CL_CHECK,ck_strength_lineage,1,1
CL_CHECK,ck_strength_lineage,1,1
CL_CHECK,ck_strength_lineage,1,1
CL_CHECK,ck_strength_lineage,1,1
CL_CHECK,ck_strength_lineage,1,1
CL_CHECK,ck_strength_lineage,1,1
CL_CHECK,ck_strength_lineage,1,1
CL_CHECK,ck_strength_lineage,1,1
CL_CHECK,ck_strength_lineage,1,1
CL_CHECK,ck_strength_lineage,1,1
CL_CHECK,ck_strength_lineage,1,1
CL_CHECK,ck_strength_lineage,1,1
CL_CHECK,ck_strength_lineage,1,1
CL_CHECK,ck_strength_lineage,1,1
CL_CHECK,ck_strength_lineage,1,1
CL_CHECK,ck_strength_lineage,1,1
CL_CHECK,ck_strength_lineage,1,1
CL_CHECK,ck_strength_lineage,1,1
CL_CHECK,ck_strength_lineage,1,1
CL_CHECK,ck_strength_lineage,1,1
CL_CHECK,ck_strength_lineage,1,1
CL_CHECK,ck_strength_lineage,1,1
CL_CHECK,ck_strength_lineage,1,1
CL_CHECK,ck_strength_lineage,1,1
CL_CHECK,ck_strength_lineage,1,1
CL_CHECK,ck_strength_lineage,1,1
CL_CHECK,ck_strength_lineage,1,1
CL_CHECK,ck_strength_lineage,1,1
CL_CHECK,ck_strength_lineage,1,1
CL_CHECK,ck_strength_lineage,1,1
CL_CHECK,ck_strength_lineage,1,1
CL_CHECK,ck_strength_lineage,1,1
CL_CHECK,ck_strength_lineage,1,1
CL_CHECK,ck_strength_lineage,1,1
CL_CHECK,ck_strength_lineage,1,1
CL_CHECK,ck_strength_lineage,1,1
CL_CHECK,ck_strength_lineage,1,1
CL_CHECK,ck_strength_lineage,1,1
CL_CHECK,ck_strength_lineage,1,1
CL_CHECK,ck_strength_lineage,1,1
CL_CHECK,ck_strength_lineage,1,1
CL_CHECK,ck_strength_lineage,1,1
CL_CHECK,ck_strength_lineage,1,1
CL_CHECK,ck_strength_lineage,1,1
CL_CHECK,ck_strength_lineage,1,1
CL_CHECK,ck_strength_lineage,1,1
CL_CHECK,ck_strength_lineage,1,1
CL_CHECK,ck_strength_lineage,1,1
CL_CHECK,ck_strength_lineage,1,1
CL_CHECK,ck_strength_lineage,1,1
CL_CHECK,ck_strength_lineage,1,1
CL_CHECK,ck_strength_lineage,1,1
CL_CHECK,ck_strength_lineage,1,1
CL_CHECK,ck_strength_lineage,1,1
CL_CHECK,ck_strength_lineage,1,1
CL_CHECK,ck_strength_lineage,1,1
CL_CHECK,ck_strength_lineage,1,1
CL_CHECK,ck_strength_lineage,1,1
CL_CHECK,ck_strength_lineage,1,1
CL_CHECK,ck_strength_lineage,1,1
CL_CHECK,ck_strength_lineage,1,1
CL_CHECK,ck_strength_lineage,1,1
CL_CHECK,ck_strength_lineage,1,1
CL_CHECK,ck_strength_lineage,1,1
CL_CHECK,ck_strength_lineage,1,1
CL_CHECK,ck_strength_lineage,1,1
CL_CHECK,ck_strength_lineage,1,1
CL_CHECK,ck_strength_lineage,1,1
CL_CHECK,ck_strength_lineage,1,1
CL_CHECK,ck_strength_lineage,1,1
CL_CHECK,ck_strength_lineage,1,1
CL_CHECK,ck_strength_lineage,1,1
CL_CHECK,ck_strength_lineage,1,1
CL_CHECK,ck_strength_lineage,1,1
CL_CHECK,ck_strength_lineage,1,1
CL_CHECK,ck_strength_lineage,1,1
CL_CHECK,ck_strength_lineage,1,1
CL_CHECK,ck_strength_lineage,1,1
CL_CHECK,ck_strength_lineage,1,1
CL_CHECK,ck_strength_lineage,1,1
CL_CHECK,ck_strength_lineage,1,1
CL_CHECK,ck_strength_lineage,1,1
CL_CHECK,ck_strength_lineage,1,1
CL_CHECK,ck_strength_lineage,1,1
CL_CHECK,ck_strength_lineage,1,1
CL_CHECK,ck_strength_lineage,1,1
CL_CHECK,ck_strength_lineage,1,1
CL_CHECK,ck_strength_lineage,1,1
CL_CHECK,ck_strength_lineage,1,1
CL_CHECK,ck_strength_lineage,1,1
CL_CHECK,ck_strength_lineage,1,1
CL_CHECK,ck_strength_lineage,1,1
CL_CHECK,ck_strength_lineage,1,1
CL_CHECK,ck_strength_lineage,1,1
CL_CHECK,ck_strength_lineage,1,1
CL_CHECK,ck_strength_lineage,1,1
CL_CHECK,ck_strength_lineage,1,1
CL_CHECK,ck_strength_lineage,1,1
CL_CHECK,ck_strength_lineage,1,1
CL_CHECK,ck_strength_lineage,1,1
CL_CHECK,ck_strength_lineage,1,1
CL_CHECK,ck_strength_lineage,1,1
CL_CHECK,ck_strength_lineage,1,1
CL_CHECK,ck_strength_lineage,1,1
CL_CHECK,ck_strength_lineage,1,1
CL_CHECK,ck_strength_lineage,1,1
CL_CHECK,ck_strength_lineage,1,1
CL_CHECK,ck_strength_lineage,1,1
CL_CHECK,ck_strength_lineage,1,1
CL_CHECK,ck_strength_lineage,1,1
CL_CHECK,ck_strength_lineage,1,1
CL_CHECK,ck_strength_lineage,1,1
CL_CHECK,ck_strength_lineage,1,1
CL_CHECK,ck_strength_lineage,1,1
CL_CHECK,ck_strength_lineage,1,1
CL_CHECK,ck_strength_lineage,1,1
CL_CHECK,ck_strength_lineage,1,1
CL_CHECK,ck_strength_lineage,1,1
CL_CHECK,ck_strength_lineage,1,1
CL_CHECK,ck_strength_lineage,1,1
CL_CHECK,ck_strength_lineage,1,1
CL_CHECK,ck_strength_lineage,1,1
CL_CHECK,ck_strength_lineage,1,1
CL_CHECK,ck_strength_lineage,1,1
CL_CHECK,ck_strength_lineage,1,1
CL_CHECK,ck_strength_lineage,1,1
CL_CHECK,ck_strength_lineage,1,1
CL_CHECK,ck_strength_lineage,1,1
CL_CHECK,ck_strength_lineage,1,1
CL_CHECK,ck_strength_lineage,1,1
CL_CHECK,ck_strength_lineage,1,1
CL_CHECK,ck_strength_lineage,1,1
CL_CHECK,ck_strength_lineage,1,1
CL_CHECK,ck_strength_lineage,1,1
CL_CHECK,ck_strength_lineage,1,1
CL_CHECK,ck_strength_lineage,1,1
CL_CHECK,ck_strength_lineage,1,1
CL_CHECK,ck_strength_lineage,1,1
CL_CHECK,ck_strength_lineage,1,1
CL_CHECK,ck_strength_lineage,1,1
CL_CHECK,ck_strength_lineage,1,1
CL_CHECK,ck_strength_lineage,1,1
CL_CHECK,ck_strength_lineage,1,1
CL_CHECK,ck_strength_lineage,1,1
CL_CHECK,ck_strength_lineage,1,1
CL_CHECK,ck_strength_lineage,1,1
CL_CHECK,ck_strength_lineage,1,1
CL_CHECK,ck_strength_lineage,1,1
CL_CHECK,ck_strength_lineage,1,1
CL_CHECK,ck_strength_lineage,1,1
CL_CHECK,ck_strength_lineage,1,1
CL_CHECK,ck_strength_lineage,1,1
CL_CHECK,ck_strength_lineage,1,1
CL_CHECK,ck_strength_lineage,1,1
CL_CHECK,ck_strength_lineage,1,1
CL_CHECK,ck_strength_lineage,1,1
CL_CHECK,ck_strength_lineage,1,1
CL_CHECK,ck_strength_lineage,1,1
CL_CHECK,ck_strength_lineage,1,1
CL_CHECK,ck_strength_lineage,1,1
CL_CHECK,ck_strength_lineage,1,1
CL_CHECK,ck_strength_lineage,1,1
CL_CHECK,ck_strength_lineage,1,1
CL_CHECK,ck_strength_lineage,1,1
CL_CHECK,ck_strength_lineage,1,1
CL_CHECK,ck_strength_lineage,1,1
CL_CHECK,ck_strength_lineage,1,1
CL_CHECK,ck_strength_lineage,1,1
CL_CHECK,ck_strength_lineage,1,1
CL_CHECK,ck_strength_lineage,1,1
CL_CHECK,ck_strength_lineage,1,1
CL_CHECK,ck_strength_lineage,1,1
CL_CHECK,ck_strength_lineage,1,1
CL_CHECK,ck_strength_lineage,1,1
CL_CHECK,ck_strength_lineage,1,1
CL_CHECK,ck_strength_lineage,1,1
CL_CHECK,ck_strength_lineage,1,1
CL_CHECK,ck_strength_lineage,1,1
CL_CHECK,ck_strength_lineage,1,1
CL_CHECK,ck_strength_lineage,1,1
CL_CHECK,ck_strength_lineage,1,1
CL_CHECK,ck_strength_lineage,1,1
CL_CHECK,ck_strength_lineage,1,1
CL_CHECK,ck_strength_lineage,1,1
CL_CHECK,ck_strength_lineage,1,1
CL_CHECK,ck_strength_lineage,1,1
CL_CHECK,ck_strength_lineage,1,1
CL_CHECK,ck_strength_lineage,1,1
CL_CHECK,ck_strength_lineage,1,1
CL_CHECK,ck_strength_lineage,1,1
CL_CHECK,ck_strength_lineage,1,1
CL_CHECK,ck_strength_lineage,1,1
CL_CHECK,ck_strength_lineage,1,1
CL_CHECK,ck_strength_lineage,1,1
CL_CHECK,ck_strength_lineage,1,1
CL_CHECK,ck_strength_lineage,1,1
CL_CHECK,ck_strength_lineage,1,1
CL_CHECK,ck_strength_lineage,1,1
CL_CHECK,ck_strength_lineage,1,1
CL_CHECK,ck_strength_lineage,1,1
CL_CHECK,ck_strength_lineage,1,1
CL_CHECK,ck_strength_lineage,1,1
CL_CHECK,ck_strength_lineage,1,1
CL_CHECK,ck_strength_lineage,1,1
CL_CHECK,ck_strength_lineage,1,1
CL_CHECK,ck_strength_lineage,1,1
CL_CHECK,ck_strength_lineage,1,1
CL_CHECK,ck_strength_lineage,1,1
CL_CHECK,ck_strength_lineage,1,1
CL_CHECK,ck_strength_lineage,1,1
CL_CHECK,ck_strength_lineage,1,1
CL_CHECK,ck_strength_lineage,1,1
CL_CHECK,ck_strength_lineage,1,1
CL_CHECK,ck_strength_lineage,1,1
CL_CHECK,ck_strength_lineage,1,1
CL_CHECK,ck_strength_lineage,1,1
CL_CHECK,ck_strength_lineage,1,1
CL_CHECK,ck_strength_lineage,1,1
CL_CHECK,ck_strength_lineage,1,1
CL_CHECK,ck_strength_lineage,1,1
CL_CHECK,ck_strength_lineage,1,1
CL_CHECK,ck_strength_lineage,1,1
CL_CHECK,ck_strength_lineage,1,1
CL_CHECK,ck_strength_lineage,1,1
CL_CHECK,ck_strength_lineage,1,1
CL_CHECK,ck_strength_lineage,1,1
CL_CHECK,ck_strength_lineage,1,1
CL_CHECK,ck_strength_lineage,1,1
CL_CHECK,ck_strength_lineage,1,1
CL_CHECK,ck_strength_lineage,1,1
CL_CHECK,ck_strength_lineage,1,1
CL_CHECK,ck_strength_lineage,1,1
CL_CHECK,ck_strength_lineage,1,1
CL_CHECK,ck_strength_lineage,1,1
CL_CHECK,ck_strength_lineage,1,1
CL_CHECK,ck_strength_lineage,1,1
CL_CHECK,ck_strength_lineage,1,1
CL_CHECK,ck_strength_lineage,1,1
CL_CHECK,ck_strength_lineage,1,1
CL_CHECK,ck_strength_lineage,1,1
CL_CHECK,ck_strength_lineage,1,1
CL_CHECK,ck_strength_lineage,1,1
CL_CHECK,ck_strength_lineage,1,1
CL_CHECK,ck_strength_lineage,1,1
CL_CHECK,ck_strength_lineage,1,1
CL_CHECK,ck_strength_lineage,1,1
CL_CHECK,ck_strength_lineage,1,1
CL_CHECK,ck_strength_lineage,1,1
CL_CHECK,ck_strength_lineage,1,1
CL_CHECK,ck_strength_lineage,1,1
CL_CHECK,ck_strength_lineage,1,1
CL_CHECK,ck_strength_lineage,1,1
CL_CHECK,ck_strength_lineage,1,1
CL_CHECK,ck_strength_lineage,1,1
CL_CHECK,ck_strength_lineage,1,1
CL_CHECK,ck_strength_lineage,1,1
CL_CHECK,ck_strength_lineage,1,1
CL_CHECK,ck_strength_lineage,1,1
CL_CHECK,ck_strength_lineage,1,1
CL_CHECK,ck_strength_lineage,1,1
CL_CHECK,ck_strength_lineage,1,1
CL_CHECK,ck_strength_lineage,1,1
CL_CHECK,ck_strength_lineage,1,1
CL_CHECK,ck_strength_lineage,1,1
CL_CHECK,ck_strength_lineage,1,1
CL_CHECK,ck_strength_lineage,1,1
CL_CHECK,ck_strength_lineage,1,1
CL_CHECK,ck_strength_lineage,1,1
CL_CHECK,ck_strength_lineage,1,1
CL_CHECK,ck_strength_lineage,1,1
CL_CHECK,ck_strength_lineage,1,1
CL_CHECK,ck_strength_lineage,1,1
CL_CHECK,ck_strength_lineage,1,1
CL_CHECK,ck_strength_lineage,1,1
CL_CHECK,ck_strength_lineage,1,1
CL_CHECK,ck_strength_lineage,1,1
CL_CHECK,ck_strength_lineage,1,1
CL_CHECK,ck_strength_lineage,1,1
CL_CHECK,ck_strength_lineage,1,1
CL_CHECK,ck_strength_lineage,1,1
CL_CHECK,ck_strength_lineage,1,1
CL_CHECK,ck_strength_lineage,1,1
CL_CHECK,ck_strength_lineage,1,1
CL_CHECK,ck_strength_lineage,1,1
CL_CHECK,ck_strength_lineage,1,1
CL_CHECK,ck_strength_lineage,1,1
CL_CHECK,ck_strength_lineage,1,1
CL_CHECK,ck_strength_lineage,1,1
CL_CHECK,ck_strength_lineage,1,1
CL_CHECK,ck_strength_lineage,1,1
CL_CHECK,ck_strength_lineage,1,1
CL_CHECK,ck_strength_lineage,1,1
CL_CHECK,ck_strength_lineage,1,1
CL_CHECK,ck_strength_lineage,1,1
CL_CHECK,ck_strength_lineage,1,1
CL_CHECK,ck_strength_lineage,1,1
CL_CHECK,ck_strength_lineage,1,1
CL_CHECK,ck_strength_lineage,1,1
CL_CHECK,ck_strength_lineage,1,1
CL_CHECK,ck_strength_lineage,1,1
CL_CHECK,ck_strength_lineage,1,1
CL_CHECK,ck_strength_lineage,1,1
CL_CHECK,ck_strength_lineage,1,1
CL_CHECK,ck_strength_lineage,1,1
CL_CHECK,ck_strength_lineage,1,1
CL_CHECK,ck_strength_lineage,1,1
CL_CHECK,ck_strength_lineage,1,1
CL_CHECK,ck_strength_lineage,1,1
CL_CHECK,ck_strength_lineage,1,1
CL_CHECK,ck_strength_lineage,1,1
CL_CHECK,ck_strength_lineage,1,1
CL_CHECK,ck_strength_lineage,1,1
CL_CHECK,ck_strength_lineage,1,1
CL_CHECK,ck_strength_lineage,1,1
CL_CHECK,ck_strength_lineage,1,1
CL_CHECK,ck_strength_lineage,1,1
CL_CHECK,ck_strength_lineage,1,1
CL_CHECK,ck_strength_lineage,1,1
CL_CHECK,ck_strength_lineage,1,1
CL_CHECK,ck_strength_lineage,1,1
CL_CHECK,ck_strength_lineage,1,1
CL_CHECK,ck_strength_lineage,1,1
CL_CHECK,ck_strength_lineage,1,1
CL_CHECK,ck_strength_lineage,1,1
CL_CHECK,ck_strength_lineage,1,1
CL_CHECK,ck_strength_lineage,1,1
CL_CHECK,ck_strength_lineage,1,1
CL_CHECK,ck_strength_lineage,1,1
CL_CHECK,ck_strength_lineage,1,1
CL_CHECK,ck_strength_lineage,1,1
CL_CHECK,ck_strength_lineage,1,1
CL_CHECK,ck_strength_lineage,1,1
CL_CHECK,ck_strength_lineage,1,1
CL_CHECK,ck_strength_lineage,1,1
CL_CHECK,ck_strength_lineage,1,1
CL_CHECK,ck_strength_lineage,1,1
CL_CHECK,ck_strength_lineage,1,1
CL_CHECK,ck_strength_lineage,1,1
CL_CHECK,ck_strength_lineage,1,1
CL_CHECK,ck_strength_lineage,1,1
CL_CHECK,ck_strength_lineage,1,1
CL_CHECK,ck_strength_lineage,1,1
CL_CHECK,ck_strength_lineage,1,1
CL_CHECK,ck_strength_lineage,1,1
CL_CHECK,ck_strength_lineage,1,1
CL_CHECK,ck_strength_lineage,1,1
CL_CHECK,ck_strength_lineage,1,1
CL_CHECK,ck_strength_lineage,1,1
CL_CHECK,ck_strength_lineage,1,1
CL_CHECK,ck_strength_lineage,1,1
CL_CHECK,ck_strength_lineage,1,1
CL_CHECK,ck_strength_lineage,1,1
CL_CHECK,ck_strength_lineage,1,1
CL_CHECK,ck_strength_lineage,1,1
CL_CHECK,ck_strength_lineage,1,1
CL_CHECK,ck_strength_lineage,1,1
CL_CHECK,ck_strength_lineage,1,1
CL_CHECK,ck_strength_lineage,1,1
CL_CHECK,ck_strength_lineage,1,1
CL_CHECK,ck_strength_lineage,1,1
CL_CHECK,ck_strength_lineage,1,1
CL_CHECK,ck_strength_lineage,1,1
CL_CHECK,ck_strength_lineage,1,1
CL_CHECK,ck_strength_lineage,1,1
CL_CHECK,ck_strength_lineage,1,1
CL_CHECK,ck_strength_lineage,1,1
CL_CHECK,ck_strength_lineage,1,1
CL_CHECK,ck_strength_lineage,1,1
CL_CHECK,ck_strength_lineage,1,1
CL_CHECK,ck_strength_lineage,1,1
CL_CHECK,ck_strength_lineage,1,1
CL_CHECK,ck_strength_lineage,1,1
CL_CHECK,ck_strength_lineage,1,1
CL_CHECK,ck_strength_lineage,1,1
CL_CHECK,ck_strength_lineage,1,1
CL_CHECK,ck_strength_lineage,1,1
CL_CHECK,ck_strength_lineage,1,1
CL_CHECK,ck_strength_lineage,1,1
CL_CHECK,ck_strength_lineage,1,1
CL_CHECK,ck_strength_lineage,1,1
CL_CHECK,ck_strength_lineage,1,1
CL_CHECK,ck_strength_lineage,1,1
CL_CHECK,ck_strength_lineage,1,1
CL_CHECK,ck_strength_lineage,1,1
CL_CHECK,ck_strength_lineage,1,1
CL_CHECK,ck_strength_lineage,1,1
CL_CHECK,ck_strength_lineage,1,1
CL_CHECK,ck_strength_lineage,1,1
CL_CHECK,ck_strength_lineage,1,1
CL_CHECK,ck_strength_lineage,1,1
CL_CHECK,ck_strength_lineage,1,1
CL_CHECK,ck_strength_lineage,1,1
CL_CHECK,ck_strength_lineage,1,1
CL_CHECK,ck_strength_lineage,1,1
CL_CHECK,ck_strength_lineage,1,1
CL_CHECK,ck_strength_lineage,1,1
CL_CHECK,ck_strength_lineage,1,1
CL_CHECK,ck_strength_lineage,1,1
CL_CHECK,ck_strength_lineage,1,1
CL_CHECK,ck_strength_lineage,1,1
CL_CHECK,ck_strength_lineage,1,1
CL_CHECK,ck_strength_lineage,1,1
CL_CHECK,ck_strength_lineage,1,1
CL_CHECK,ck_strength_lineage,1,1
CL_CHECK,ck_strength_lineage,1,1
CL_CHECK,ck_strength_lineage,1,1
CL_CHECK,ck_strength_lineage,1,1
CL_CHECK,ck_strength_lineage,1,1
CL_CHECK,ck_strength_lineage,1,1
CL_CHECK,ck_strength_lineage,1,1
CL_CHECK,ck_strength_lineage,1,1
CL_CHECK,ck_strength_lineage,1,1
CL_CHECK,ck_strength_lineage,1,1
CL_CHECK,ck_strength_lineage,1,1
CL_CHECK,ck_strength_lineage,1,1
CL_CHECK,ck_strength_lineage,1,1
CL_CHECK,ck_strength_lineage,1,1
CL_CHECK,ck_strength_lineage,1,1
CL_CHECK,ck_strength_lineage,1,1
CL_CHECK,ck_strength_lineage,1,1
CL_CHECK,ck_strength_lineage,1,1
CL_CHECK,ck_strength_lineage,1,1
CL_CHECK,ck_strength_lineage,1,1
CL_CHECK,ck_strength_lineage,1,1
CL_CHECK,ck_strength_lineage,1,1
CL_CHECK,ck_strength_lineage,1,1
CL_CHECK,ck_strength_lineage,1,1
CL_CHECK,ck_strength_lineage,1,1
CL_CHECK,ck_strength_lineage,1,1
CL_CHECK,ck_strength_lineage,1,1
CL_CHECK,ck_strength_lineage,1,1
CL_CHECK,ck_strength_lineage,1,1
CL_CHECK,ck_strength_lineage,1,1
CL_CHECK,ck_strength_lineage,1,1
CL_CHECK,ck_strength_lineage,1,1
CL_CHECK,ck_strength_lineage,1,1
CL_CHECK,ck_strength_lineage,1,1
CL_CHECK,ck_strength_lineage,1,1
CL_CHECK,ck_strength_lineage,1,1
CL_CHECK,ck_strength_lineage,1,1
CL_CHECK,ck_strength_lineage,1,1
CL_CHECK,ck_strength_lineage,1,1
CL_CHECK,ck_strength_lineage,1,1
CL_CHECK,ck_strength_lineage,1,1
CL_CHECK,ck_strength_lineage,1,1
CL_CHECK,ck_strength_lineage,1,1
CL_CHECK,ck_strength_lineage,1,1
CL_CHECK,ck_strength_lineage,1,1
CL_CHECK,ck_strength_lineage,1,1
CL_CHECK,ck_strength_lineage,1,1
CL_CHECK,ck_strength_lineage,1,1
CL_CHECK,ck_strength_lineage,1,1
CL_CHECK,ck_strength_lineage,1,1
CL_CHECK,ck_strength_lineage,1,1
CL_CHECK,ck_strength_lineage,1,1
CL_CHECK,ck_strength_lineage,1,1
CL_CHECK,ck_strength_lineage,1,1
CL_CHECK,ck_strength_lineage,1,1
CL_CHECK,ck_strength_lineage,1,1
CL_CHECK,ck_strength_lineage,1,1
CL_CHECK,ck_strength_lineage,1,1
CL_CHECK,ck_strength_lineage,1,1
CL_CHECK,ck_strength_lineage,1,1
CL_CHECK,ck_strength_lineage,1,1
CL_CHECK,ck_strength_lineage,1,1
CL_CHECK,ck_strength_lineage,1,1
CL_CHECK,ck_strength_lineage,1,1
CL_CHECK,ck_strength_lineage,1,1
CL_CHECK,ck_strength_lineage,1,1
CL_CHECK,ck_strength_lineage,1,1
CL_CHECK,ck_strength_lineage,1,1
CL_CHECK,ck_strength_lineage,1,1
CL_CHECK,ck_strength_lineage,1,1
CL_CHECK,ck_strength_lineage,1,1
CL_CHECK,ck_strength_lineage,1,1
CL_CHECK,ck_strength_lineage,1,1
CL_CHECK,ck_strength_lineage,1,1
CL_CHECK,ck_strength_lineage,1,1
CL_CHECK,ck_strength_lineage,1,1
CL_CHECK,ck_strength_lineage,1,1
CL_CHECK,ck_strength_lineage,1,1
CL_CHECK,ck_strength_lineage,1,1
CL_CHECK,ck_strength_lineage,1,1
CL_CHECK,ck_strength_lineage,1,1
CL_CHECK,ck_strength_lineage,1,1
CL_CHECK,ck_strength_lineage,1,1
CL_CHECK,ck_strength_lineage,1,1
CL_CHECK,ck_strength_lineage,1,1
CL_CHECK,ck_strength_lineage,1,1
CL_CHECK,ck_strength_lineage,1,1
CL_CHECK,ck_strength_lineage,1,1
CL_CHECK,ck_strength_lineage,1,1
CL_CHECK,ck_strength_lineage,1,1
CL_CHECK,ck_strength_lineage,1,1
CL_CHECK,ck_strength_lineage,1,1
CL_CHECK,ck_strength_lineage,1,1
CL_CHECK,ck_strength_lineage,1,1
CL_CHECK,ck_strength_lineage,1,1
CL_CHECK,ck_strength_lineage,1,1
CL_CHECK,ck_strength_lineage,1,1
CL_CHECK,ck_strength_lineage,1,1
CL_CHECK,ck_strength_lineage,1,1
CL_CHECK,ck_strength_lineage,1,1
CL_CHECK,ck_strength_lineage,1,1
CL_CHECK,ck_strength_lineage,1,1
CL_CHECK,ck_strength_lineage,1,1
CL_CHECK,ck_strength_lineage,1,1
CL_CHECK,ck_strength_lineage,1,1
CL_CHECK,ck_strength_lineage,1,1
CL_CHECK,ck_strength_lineage,1,1
CL_CHECK,ck_strength_lineage,1,1
CL_CHECK,ck_strength_lineage,1,1
CL_CHECK,ck_strength_lineage,1,1
CL_CHECK,ck_strength_lineage,1,1
CL_CHECK,ck_strength_lineage,1,1
CL_CHECK,ck_strength_lineage,1,1
CL_CHECK,ck_strength_lineage,1,1
CL_CHECK,ck_strength_lineage,1,1
CL_CHECK,ck_strength_lineage,1,1
CL_CHECK,ck_strength_lineage,1,1
CL_CHECK,ck_strength_lineage,1,1
CL_CHECK,ck_strength_lineage,1,1
CL_CHECK,ck_strength_lineage,1,1
CL_CHECK,ck_strength_lineage,1,1
CL_CHECK,ck_strength_lineage,1,1
CL_CHECK,ck_strength_lineage,1,1
CL_CHECK,ck_strength_lineage,1,1
CL_CHECK,ck_strength_lineage,1,1
CL_CHECK,ck_strength_lineage,1,1
CL_CHECK,ck_strength_lineage,1,1
CL_CHECK,ck_strength_lineage,1,1
CL_CHECK,ck_strength_lineage,1,1
CL_CHECK,ck_strength_lineage,1,1
CL_CHECK,ck_strength_lineage,1,1
CL_CHECK,ck_strength_lineage,1,1
CL_CHECK,ck_strength_lineage,1,1
CL_CHECK,ck_strength_lineage,1,1
CL_CHECK,ck_strength_lineage,1,1
CL_CHECK,ck_strength_lineage,1,1
CL_CHECK,ck_strength_lineage,1,1
CL_CHECK,ck_strength_lineage,1,1
CL_CHECK,ck_strength_lineage,1,1
CL_CHECK,ck_strength_lineage,1,1
CL_CHECK,ck_strength_lineage,1,1
CL_CHECK,ck_strength_lineage,1,1
CL_CHECK,ck_strength_lineage,1,1
CL_CHECK,ck_strength_lineage,1,1
CL_CHECK,ck_strength_lineage,1,1
CL_CHECK,ck_strength_lineage,1,1
CL_CHECK,ck_strength_lineage,1,1
CL_CHECK,ck_strength_lineage,1,1
CL_CHECK,ck_strength_lineage,1,1
CL_CHECK,ck_strength_lineage,1,1
CL_CHECK,ck_strength_lineage,1,1
CL_CHECK,ck_strength_lineage,1,1
CL_CHECK,ck_strength_lineage,1,1
CL_CHECK,ck_strength_lineage,1,1
CL_CHECK,ck_strength_lineage,1,1
CL_CHECK,ck_strength_lineage,1,1
CL_CHECK,ck_strength_lineage,1,1
CL_CHECK,ck_strength_lineage,1,1
CL_CHECK,ck_strength_lineage,1,1
CL_CHECK,ck_strength_lineage,1,1
CL_CHECK,ck_strength_lineage,1,1
CL_CHECK,ck_strength_lineage,1,1
CL_CHECK,ck_strength_lineage,1,1
CL_CHECK,ck_strength_lineage,1,1
CL_CHECK,ck_strength_lineage,1,1
CL_CHECK,ck_strength_lineage,1,1
CL_CHECK,ck_strength_lineage,1,1
CL_CHECK,ck_strength_lineage,1,1
CL_CHECK,ck_strength_lineage,1,1
CL_CHECK,ck_strength_lineage,1,1
CL_CHECK,ck_strength_lineage,1,1
CL_CHECK,ck_strength_lineage,1,1
CL_CHECK,ck_strength_lineage,1,1
CL_CHECK,ck_strength_lineage,1,1
CL_CHECK,ck_strength_lineage,1,1
CL_CHECK,ck_strength_lineage,1,1
CL_CHECK,ck_strength_lineage,1,1
CL_CHECK,ck_strength_lineage,1,1
CL_CHECK,ck_strength_lineage,1,1
CL_CHECK,ck_strength_lineage,1,1
CL_CHECK,ck_strength_lineage,1,1
CL_CHECK,ck_strength_lineage,1,1
CL_CHECK,ck_strength_lineage,1,1
CL_CHECK,ck_strength_lineage,1,1
CL_CHECK,ck_strength_lineage,1,1
CL_CHECK,ck_strength_lineage,1,1
CL_CHECK,ck_strength_lineage,1,1
CL_CHECK,ck_strength_lineage,1,1
CL_CHECK,ck_strength_lineage,1,1
CL_CHECK,ck_strength_lineage,1,1
CL_CHECK,ck_strength_lineage,1,1
CL_CHECK,ck_strength_lineage,1,1
CL_CHECK,ck_strength_lineage,1,1
CL_CHECK,ck_strength_lineage,1,1
CL_CHECK,ck_strength_lineage,1,1
CL_CHECK,ck_strength_lineage,1,1
CL_CHECK,ck_strength_lineage,1,1
CL_CHECK,ck_strength_lineage,1,1
CL_CHECK,ck_strength_lineage,1,1
CL_CHECK,ck_strength_lineage,1,1
CL_CHECK,ck_strength_lineage,1,1
CL_CHECK,ck_strength_lineage,1,1
CL_CHECK,ck_strength_lineage,1,1
CL_CHECK,ck_strength_lineage,1,1
CL_CHECK,ck_strength_lineage,1,1
CL_CHECK,ck_strength_lineage,1,1
CL_CHECK,ck_strength_lineage,1,1
CL_CHECK,ck_strength_lineage,1,1
CL_CHECK,ck_strength_lineage,1,1
CL_CHECK,ck_strength_lineage,1,1
CL_CHECK,ck_strength_lineage,1,1
CL_CHECK,ck_strength_lineage,1,1
CL_CHECK,ck_strength_lineage,1,1
CL_CHECK,ck_strength_lineage,1,1
CL_CHECK,ck_strength_lineage,1,1
CL_CHECK,ck_strength_lineage,1,1
CL_CHECK,ck_strength_lineage,1,1
CL_CHECK,ck_strength_lineage,1,1
CL_CHECK,ck_strength_lineage,1,1
CL_CHECK,ck_strength_lineage,1,1
CL_CHECK,ck_strength_lineage,1,1
CL_CHECK,ck_strength_lineage,1,1
CL_CHECK,ck_strength_lineage,1,1
CL_CHECK,ck_strength_lineage,1,1
CL_CHECK,ck_strength_lineage,1,1
CL_CHECK,ck_strength_lineage,1,1
CL_CHECK,ck_strength_lineage,1,1
CL_CHECK,ck_strength_lineage,1,1
CL_CHECK,ck_strength_lineage,1,1
CL_CHECK,ck_strength_lineage,1,1
CL_CHECK,ck_strength_lineage,1,1
CL_CHECK,ck_strength_lineage,1,1
CL_CHECK,ck_strength_lineage,1,1
CL_CHECK,ck_strength_lineage,1,1
CL_CHECK,ck_strength_lineage,1,1
CL_CHECK,ck_strength_lineage,1,1
CL_CHECK,ck_strength_lineage,1,1
CL_CHECK,ck_strength_lineage,1,1
CL_CHECK,ck_strength_lineage,1,1
CL_CHECK,ck_strength_lineage,1,1
CL_CHECK,ck_strength_lineage,1,1
CL_CHECK,ck_strength_lineage,1,1
CL_CHECK,ck_strength_lineage,1,1
CL_CHECK,ck_strength_lineage,1,1
CL_CHECK,ck_strength_lineage,1,1
CL_CHECK,ck_strength_lineage,1,1
CL_CHECK,ck_strength_lineage,1,1
CL_CHECK,ck_strength_lineage,1,1
CL_CHECK,ck_strength_lineage,1,1
CL_CHECK,ck_strength_lineage,1,1
CL_CHECK,ck_strength_lineage,1,1
CL_CHECK,ck_strength_lineage,1,1
CL_CHECK,ck_strength_lineage,1,1
CL_CHECK,ck_strength_lineage,1,1
CL_CHECK,ck_strength_lineage,1,1
CL_CHECK,ck_strength_lineage,1,1
CL_CHECK,ck_strength_lineage,1,1
CL_CHECK,ck_strength_lineage,1,1
CL_CHECK,ck_strength_lineage,1,1
CL_CHECK,ck_strength_lineage,1,1
CL_CHECK,ck_strength_lineage,1,1
CL_CHECK,ck_strength_lineage,1,1
CL_CHECK,ck_strength_lineage,1,1
CL_CHECK,ck_strength_lineage,1,1
CL_CHECK,ck_strength_lineage,1,1
CL_CHECK,ck_strength_lineage,1,1
CL_CHECK,ck_strength_lineage,1,1
CL_CHECK,ck_strength_lineage,1,1
CL_CHECK,ck_strength_lineage,1,1
CL_CHECK,ck_strength_lineage,1,1
CL_CHECK,ck_strength_lineage,1,1
CL_CHECK,ck_strength_lineage,1,1
CL_CHECK,ck_strength_lineage,1,1
CL_CHECK,ck_strength_lineage,1,1
CL_CHECK,ck_strength_lineage,1,1
CL_CHECK,ck_strength_lineage,1,1
CL_CHECK,ck_strength_lineage,1,1
CL_CHECK,ck_strength_lineage,1,1
CL_CHECK,ck_strength_lineage,1,1
CL_CHECK,ck_strength_lineage,1,1
CL_CHECK,ck_strength_lineage,1,1
CL_CHECK,ck_strength_lineage,1,1
CL_CHECK,ck_strength_lineage,1,1
CL_CHECK,ck_strength_lineage,1,1
CL_CHECK,ck_strength_lineage,1,1
CL_CHECK,ck_strength_lineage,1,1
CL_CHECK,ck_strength_lineage,1,1
CL_CHECK,ck_strength_lineage,1,1
CL_CHECK,ck_strength_lineage,1,1
CL_CHECK,ck_strength_lineage,1,1
CL_CHECK,ck_strength_lineage,1,1
CL_CHECK,ck_strength_lineage,1,1
CL_CHECK,ck_strength_lineage,1,1
CL_CHECK,ck_strength_lineage,1,1
CL_CHECK,ck_strength_lineage,1,1
CL_CHECK,ck_strength_lineage,1,1
CL_CHECK,ck_strength_lineage,1,1
CL_CHECK,ck_strength_lineage,1,1
CL_CHECK,ck_strength_lineage,1,1
CL_CHECK,ck_strength_lineage,1,1
CL_CHECK,ck_strength_lineage,1,1
CL_CHECK,ck_strength_lineage,1,1
CL_CHECK,ck_strength_lineage,1,1
CL_CHECK,ck_strength_lineage,1,1
CL_CHECK,ck_strength_lineage,1,1
CL_CHECK,ck_strength_lineage,1,1
CL_CHECK,ck_strength_lineage,1,1
CL_CHECK,ck_strength_lineage,1,1
CL_CHECK,ck_strength_lineage,1,1
CL_CHECK,ck_strength_lineage,1,1
CL_CHECK,ck_strength_lineage,1,1
CL_CHECK,ck_strength_lineage,1,1
CL_CHECK,ck_strength_lineage,1,1
CL_CHECK,ck_strength_lineage,1,1
CL_CHECK,ck_strength_lineage,1,1
CL_CHECK,ck_strength_lineage,1,1
CL_CHECK,ck_strength_lineage,1,1
CL_CHECK,ck_strength_lineage,1,1
CL_CHECK,ck_strength_lineage,1,1
CL_CHECK,ck_strength_lineage,1,1
CL_CHECK,ck_strength_lineage,1,1
CL_CHECK,ck_strength_lineage,1,1
CL_CHECK,ck_strength_lineage,1,1
CL_CHECK,ck_strength_lineage,1,1
CL_CHECK,ck_strength_lineage,1,1
CL_CHECK,ck_strength_lineage,1,1
CL_CHECK,ck_strength_lineage,1,1
CL_CHECK,ck_strength_lineage,1,1
CL_CHECK,ck_strength_lineage,1,1
CL_CHECK,ck_strength_lineage,1,1
CL_CHECK,ck_strength_lineage,1,1
CL_CHECK,ck_strength_lineage,1,1
CL_CHECK,ck_strength_lineage,1,1
CL_CHECK,ck_strength_lineage,1,1
CL_CHECK,ck_strength_lineage,1,1
CL_CHECK,ck_strength_lineage,1,1
CL_CHECK,ck_strength_lineage,1,1
CL_CHECK,ck_strength_lineage,1,1
CL_CHECK,ck_strength_lineage,1,1
CL_CHECK,ck_strength_lineage,1,1
CL_CHECK,ck_strength_lineage,1,1
CL_CHECK,ck_strength_lineage,1,1
CL_CHECK,ck_strength_lineage,1,1
CL_CHECK,ck_strength_lineage,1,1
CL_CHECK,ck_strength_lineage,1,1
CL_CHECK,ck_strength_lineage,1,1
CL_CHECK,ck_strength_lineage,1,1
CL_CHECK,ck_strength_lineage,1,1
CL_CHECK,ck_strength_lineage,1,1
CL_CHECK,ck_strength_lineage,1,1
CL_CHECK,ck_strength_lineage,1,1
CL_CHECK,ck_strength_lineage,1,1
CL_CHECK,ck_strength_lineage,1,1
CL_CHECK,ck_strength_lineage,1,1
CL_CHECK,ck_strength_lineage,1,1
CL_CHECK,ck_strength_lineage,1,1
CL_CHECK,ck_strength_lineage,1,1
CL_CHECK,ck_strength_lineage,1,1
CL_CHECK,ck_strength_lineage,1,1
CL_CHECK,ck_strength_lineage,1,1
CL_CHECK,ck_strength_lineage,1,1
CL_CHECK,ck_strength_lineage,1,1
CL_CHECK,ck_strength_lineage,1,1
CL_CHECK,ck_strength_lineage,1,1
CL_CHECK,ck_strength_lineage,1,1
CL_CHECK,ck_strength_lineage,1,1
CL_CHECK,ck_strength_lineage,1,1
CL_CHECK,ck_strength_lineage,1,1
CL_CHECK,ck_strength_lineage,1,1
CL_CHECK,ck_strength_lineage,1,1
CL_CHECK,ck_strength_lineage,1,1
CL_CHECK,ck_strength_lineage,1,1
CL_CHECK,ck_strength_lineage,1,1
CL_CHECK,ck_strength_lineage,1,1
CL_CHECK,ck_strength_lineage,1,1
CL_CHECK,ck_strength_lineage,1,1
CL_CHECK,ck_strength_lineage,1,1
CL_CHECK,ck_strength_lineage,1,1
CL_CHECK,ck_strength_lineage,1,1
CL_CHECK,ck_strength_lineage,1,1
CL_CHECK,ck_strength_lineage,1,1
CL_CHECK,ck_strength_lineage,1,1
CL_CHECK,ck_strength_lineage,1,1
CL_CHECK,ck_strength_lineage,1,1
CL_CHECK,ck_strength_lineage,1,1
CL_CHECK,ck_strength_lineage,1,1
CL_CHECK,ck_strength_lineage,1,1
CL_CHECK,ck_strength_lineage,1,1
CL_CHECK,ck_strength_lineage,1,1
CL_CHECK,ck_strength_lineage,1,1
CL_CHECK,ck_strength_lineage,1,1
CL_CHECK,ck_strength_lineage,1,1
CL_CHECK,ck_strength_lineage,1,1
CL_CHECK,ck_strength_lineage,1,1
CL_CHECK,ck_strength_lineage,1,1
CL_CHECK,ck_strength_lineage,1,1
CL_CHECK,ck_strength_lineage,1,1
CL_CHECK,ck_strength_lineage,1,1
CL_CHECK,ck_strength_lineage,1,1
CL_CHECK,ck_strength_lineage,1,1
CL_CHECK,ck_strength_lineage,1,1
CL_CHECK,ck_strength_lineage,1,1
CL_CHECK,ck_strength_lineage,1,1
CL_CHECK,ck_strength_lineage,1,1
CL_CHECK,ck_strength_lineage,1,1
CL_CHECK,ck_strength_lineage,1,1
CL_CHECK,ck_strength_lineage,1,1
CL_CHECK,ck_strength_lineage,1,1
CL_CHECK,ck_strength_lineage,1,1
CL_CHECK,ck_strength_lineage,1,1
CL_CHECK,ck_strength_lineage,1,1
CL_CHECK,ck_strength_lineage,1,1
CL_CHECK,ck_strength_lineage,1,1
CL_CHECK,ck_strength_lineage,1,1
CL_CHECK,ck_strength_lineage,1,1
CL_CHECK,ck_strength_lineage,1,1
CL_CHECK,ck_strength_lineage,1,1
CL_CHECK,ck_strength_lineage,1,1
CL_CHECK,ck_strength_lineage,1,1
CL_CHECK,ck_strength_lineage,1,1
CL_CHECK,ck_strength_lineage,1,1
CL_CHECK,ck_strength_lineage,1,1
CL_CHECK,ck_strength_lineage,1,1
CL_CHECK,ck_strength_lineage,1,1
CL_CHECK,ck_strength_lineage,1,1
CL_CHECK,ck_strength_lineage,1,1
CL_CHECK,ck_strength_lineage,1,1
CL_CHECK,ck_strength_lineage,1,1
CL_CHECK,ck_strength_lineage,1,1
CL_CHECK,ck_strength_lineage,1,1
CL_CHECK,ck_strength_lineage,1,1
CL_CHECK,ck_strength_lineage,1,1
CL_CHECK,ck_strength_lineage,1,1
CL_CHECK,ck_strength_lineage,1,1
CL_CHECK,ck_strength_lineage,1,1
CL_CHECK,ck_strength_lineage,1,1
CL_CHECK,ck_strength_lineage,1,1
CL_CHECK,ck_strength_lineage,1,1
CL_CHECK,ck_strength_lineage,1,1
CL_CHECK,ck_strength_lineage,1,1
CL_CHECK,ck_strength_lineage,1,1
CL_CHECK,ck_strength_lineage,1,1
CL_CHECK,ck_strength_lineage,1,1
CL_CHECK,ck_strength_lineage,1,1
CL_CHECK,ck_strength_lineage,1,1
CL_CHECK,ck_strength_lineage,1,1
CL_CHECK,ck_strength_lineage,1,1
CL_CHECK,ck_strength_lineage,1,1
CL_CHECK,ck_strength_lineage,1,1
CL_CHECK,ck_strength_lineage,1,1
CL_CHECK,ck_strength_lineage,1,1
CL_CHECK,ck_strength_lineage,1,1
CL_CHECK,ck_strength_lineage,1,1
CL_CHECK,ck_strength_lineage,1,1
CL_CHECK,ck_strength_lineage,1,1
CL_CHECK,ck_strength_lineage,1,1
CL_CHECK,ck_strength_lineage,1,1
CL_CHECK,ck_strength_lineage,1,1
CL_CHECK,ck_strength_lineage,1,1
CL_CHECK,ck_strength_lineage,1,1
CL_CHECK,ck_strength_lineage,1,1
CL_CHECK,ck_strength_lineage,1,1
CL_CHECK,ck_strength_lineage,1,1
CL_CHECK,ck_strength_lineage,1,1
CL_CHECK,ck_strength_lineage,1,1
CL_CHECK,ck_strength_lineage,1,1
CL_CHECK,ck_strength_lineage,1,1
CL_CHECK,ck_strength_lineage,1,1
CL_CHECK,ck_strength_lineage,1,1
CL_CHECK,ck_strength_lineage,1,1
CL_CHECK,ck_strength_lineage,1,1
CL_CHECK,ck_strength_lineage,1,1
CL_CHECK,ck_strength_lineage,1,1
CL_CHECK,ck_strength_lineage,1,1
CL_CHECK,ck_strength_lineage,1,1
CL_CHECK,ck_strength_lineage,1,1
CL_CHECK,ck_strength_lineage,1,1
CL_CHECK,ck_strength_lineage,1,1
CL_CHECK,ck_strength_lineage,1,1
CL_CHECK,ck_strength_lineage,1,1
CL_CHECK,ck_strength_lineage,1,1
CL_CHECK,ck_strength_lineage,1,1
CL_CHECK,ck_strength_lineage,1,1
CL_CHECK,ck_strength_lineage,1,1
CL_CHECK,ck_strength_lineage,1,1
CL_CHECK,ck_strength_lineage,1,1
CL_CHECK,ck_strength_lineage,1,1
CL_CHECK,ck_strength_lineage,1,1
CL_CHECK,ck_strength_lineage,1,1
CL_CHECK,ck_strength_lineage,1,1
CL_CHECK,ck_strength_lineage,1,1
CL_CHECK,ck_strength_lineage,1,1
CL_CHECK,ck_strength_lineage,1,1
CL_CHECK,ck_strength_lineage,1,1
CL_CHECK,ck_strength_lineage,1,1
CL_CHECK,ck_strength_lineage,1,1
CL_CHECK,ck_strength_lineage,1,1
CL_CHECK,ck_strength_lineage,1,1
CL_CHECK,ck_strength_lineage,1,1
CL_CHECK,ck_strength_lineage,1,1
CL_CHECK,ck_strength_lineage,1,1
CL_CHECK,ck_strength_lineage,1,1
CL_CHECK,ck_strength_lineage,1,1
CL_CHECK,ck_strength_lineage,1,1
CL_CHECK,ck_strength_lineage,1,1
CL_CHECK,ck_strength_lineage,1,1
CL_CHECK,ck_strength_lineage,1,1
CL_CHECK,ck_strength_lineage,1,1
CL_CHECK,ck_strength_lineage,1,1
CL_CHECK,ck_strength_lineage,1,1
CL_CHECK,ck_strength_lineage,1,1
CL_CHECK,ck_strength_lineage,1,1
CL_CHECK,ck_strength_lineage,1,1
CL_CHECK,ck_strength_lineage,1,1
CL_CHECK,ck_strength_lineage,1,1
CL_CHECK,ck_strength_lineage,1,1
CL_CHECK,ck_strength_lineage,1,1
CL_CHECK,ck_strength_lineage,1,1
CL_CHECK,ck_strength_lineage,1,1
CL_CHECK,ck_strength_lineage,1,1
CL_CHECK,ck_strength_lineage,1,1
CL_CHECK,ck_strength_lineage,1,1
CL_CHECK,ck_strength_lineage,1,1
CL_CHECK,ck_strength_lineage,1,1
CL_CHECK,ck_strength_lineage,1,1
CL_CHECK,ck_strength_lineage,1,1
CL_CHECK,ck_strength_lineage,1,1
CL_CHECK,ck_strength_lineage,1,1
CL_CHECK,ck_strength_lineage,1,1
CL_CHECK,ck_strength_lineage,1,1
CL_CHECK,ck_strength_lineage,1,1
CL_CHECK,ck_strength_lineage,1,1
CL_CHECK,ck_strength_lineage,1,1
CL_CHECK,ck_strength_lineage,1,1
CL_CHECK,ck_strength_lineage,1,1
CL_CHECK,ck_strength_lineage,1,1
CL_CHECK,ck_strength_lineage,1,1
CL_CHECK,ck_strength_lineage,1,1
CL_CHECK,ck_strength_lineage,1,1
CL_CHECK,ck_strength_lineage,1,1
CL_CHECK,ck_strength_lineage,1,1
CL_CHECK,ck_strength_lineage,1,1
CL_CHECK,ck_strength_lineage,1,1
CL_CHECK,ck_strength_lineage,1,1
CL_CHECK,ck_strength_lineage,1,1
CL_CHECK,ck_strength_lineage,1,1
CL_CHECK,ck_strength_lineage,1,1
CL_CHECK,ck_strength_lineage,1,1
CL_CHECK,ck_strength_lineage,1,1
CL_CHECK,ck_strength_lineage,1,1
CL_CHECK,ck_strength_lineage,1,1
CL_CHECK,ck_strength_lineage,1,1
CL_CHECK,ck_strength_lineage,1,1
CL_CHECK,ck_strength_lineage,1,1
CL_CHECK,ck_strength_lineage,1,1
CL_CHECK,ck_strength_lineage,1,1
CL_CHECK,ck_strength_lineage,1,1
CL_CHECK,ck_strength_lineage,1,1
CL_CHECK,ck_strength_lineage,1,1
CL_CHECK,ck_strength_lineage,1,1
CL_CHECK,ck_strength_lineage,1,1
CL_CHECK,ck_strength_lineage,1,1
CL_CHECK,ck_strength_lineage,1,1
CL_CHECK,ck_strength_lineage,1,1
CL_CHECK,ck_strength_lineage,1,1
CL_CHECK,ck_strength_lineage,1,1
CL_CHECK,ck_strength_lineage,1,1
CL_CHECK,ck_strength_lineage,1,1
CL_CHECK,ck_strength_lineage,1,1
CL_CHECK,ck_strength_lineage,1,1
CL_CHECK,ck_strength_lineage,1,1
CL_CHECK,ck_strength_lineage,1,1
CL_CHECK,ck_strength_lineage,1,1
CL_CHECK,ck_strength_lineage,1,1
CL_CHECK,ck_strength_lineage,1,1
CL_CHECK,ck_strength_lineage,1,1
CL_CHECK,ck_strength_lineage,1,1
CL_CHECK,ck_strength_lineage,1,1
CL_CHECK,ck_strength_lineage,1,1
CL_CHECK,ck_strength_lineage,1,1
CL_CHECK,ck_strength_lineage,1,1
CL_CHECK,ck_strength_lineage,1,1
CL_CHECK,ck_strength_lineage,1,1
CL_CHECK,ck_strength_lineage,1,1
CL_CHECK,ck_strength_lineage,1,1
CL_CHECK,ck_strength_lineage,1,1
CL_CHECK,ck_strength_lineage,1,1
CL_CHECK,ck_strength_lineage,1,1
CL_CHECK,ck_strength_lineage,1,1
CL_CHECK,ck_strength_lineage,1,1
CL_CHECK,ck_strength_lineage,1,1
CL_CHECK,ck_strength_lineage,1,1
CL_CHECK,ck_strength_lineage,1,1
CL_CHECK,ck_strength_lineage,1,1
CL_CHECK,ck_strength_lineage,1,1
CL_CHECK,ck_strength_lineage,1,1
CL_CHECK,ck_strength_lineage,1,1
CL_CHECK,ck_strength_lineage,1,1
CL_CHECK,ck_strength_lineage,1,1
CL_CHECK,ck_strength_lineage,1,1
CL_CHECK,ck_strength_lineage,1,1
CL_CHECK,ck_strength_lineage,1,1
CL_CHECK,ck_strength_lineage,1,1
CL_CHECK,ck_strength_lineage,1,1
CL_CHECK,ck_strength_lineage,1,1
CL_CHECK,ck_strength_lineage,1,1
CL_CHECK,ck_strength_lineage,1,1
CL_CHECK,ck_strength_lineage,1,1
CL_CHECK,ck_strength_lineage,1,1
CL_CHECK,ck_strength_lineage,1,1
CL_CHECK,ck_strength_lineage,1,1
CL_CHECK,ck_strength_lineage,1,1
CL_CHECK,ck_strength_lineage,1,1
CL_CHECK,ck_strength_lineage,1,1
CL_CHECK,ck_strength_lineage,1,1
CL_CHECK,ck_strength_lineage,1,1
CL_CHECK,ck_strength_lineage,1,1
CL_CHECK,ck_strength_lineage,1,1
CL_CHECK,ck_strength_lineage,1,1
CL_CHECK,ck_strength_lineage,1,1
CL_CHECK,ck_strength_lineage,1,1
CL_CHECK,ck_strength_lineage,1,1
CL_CHECK,ck_strength_lineage,1,1
CL_CHECK,ck_strength_lineage,1,1
CL_CHECK,ck_strength_lineage,1,1
CL_CHECK,ck_strength_lineage,1,1
CL_CHECK,ck_strength_lineage,1,1
CL_CHECK,ck_strength_lineage,1,1
CL_CHECK,ck_strength_lineage,1,1
CL_CHECK,ck_strength_lineage,1,1
CL_CHECK,ck_strength_lineage,1,1
CL_CHECK,ck_strength_lineage,1,1
CL_CHECK,ck_strength_lineage,1,1
CL_CHECK,ck_strength_lineage,1,1
CL_CHECK,ck_strength_lineage,1,1
CL_CHECK,ck_strength_lineage,1,1
CL_CHECK,ck_strength_lineage,1,1
CL_CHECK,ck_strength_lineage,1,1
CL_CHECK,ck_strength_lineage,1,1
CL_CHECK,ck_strength_lineage,1,1
CL_CHECK,ck_strength_lineage,1,1
CL_CHECK,ck_strength_lineage,1,1
CL_CHECK,ck_strength_lineage,1,1
CL_CHECK,ck_strength_lineage,1,1
CL_CHECK,ck_strength_lineage,1,1
CL_CHECK,ck_strength_lineage,1,1
CL_CHECK,ck_strength_lineage,1,1
CL_CHECK,ck_strength_lineage,1,1
CL_CHECK,ck_strength_lineage,1,1
CL_CHECK,ck_strength_lineage,1,1
CL_CHECK,ck_strength_lineage,1,1
CL_CHECK,ck_strength_lineage,1,1
CL_CHECK,ck_strength_lineage,1,1
CL_CHECK,ck_strength_lineage,1,1
CL_CHECK,ck_strength_lineage,1,1
CL_CHECK,ck_strength_lineage,1,1
CL_CHECK,ck_strength_lineage,1,1
CL_CHECK,ck_strength_lineage,1,1
CL_CHECK,ck_strength_lineage,1,1
CL_CHECK,ck_strength_lineage,1,1
CL_CHECK,ck_strength_lineage,1,1
CL_CHECK,ck_strength_lineage,1,1
CL_CHECK,ck_strength_lineage,1,1
CL_CHECK,ck_strength_lineage,1,1
CL_CHECK,ck_strength_lineage,1,1
CL_CHECK,ck_strength_lineage,1,1
CL_CHECK,ck_strength_lineage,1,1
CL_CHECK,ck_strength_lineage,1,1
CL_CHECK,ck_strength_lineage,1,1
CL_CHECK,ck_strength_lineage,1,1
CL_CHECK,ck_strength_lineage,1,1
CL_CHECK,ck_strength_lineage,1,1
CL_CHECK,ck_strength_lineage,1,1
CL_CHECK,ck_strength_lineage,1,1
CL_CHECK,ck_strength_lineage,1,1
CL_CHECK,ck_strength_lineage,1,1
CL_CHECK,ck_strength_lineage,1,1
CL_CHECK,ck_strength_lineage,1,1
CL_CHECK,ck_strength_lineage,1,1
CL_CHECK,ck_strength_lineage,1,1
CL_CHECK,ck_strength_lineage,1,1
CL_CHECK,ck_strength_lineage,1,1
CL_CHECK,ck_strength_lineage,1,1
CL_CHECK,ck_strength_lineage,1,1
CL_CHECK,ck_strength_lineage,1,1
CL_CHECK,ck_strength_lineage,1,1
CL_CHECK,ck_strength_lineage,1,1
CL_CHECK,ck_strength_lineage,1,1
CL_CHECK,ck_strength_lineage,1,1
CL_CHECK,ck_strength_lineage,1,1
CL_CHECK,ck_strength_lineage,1,1
CL_CHECK,ck_strength_lineage,1,1
CL_CHECK,ck_strength_lineage,1,1
CL_CHECK,ck_strength_lineage,1,1
CL_CHECK,ck_strength_lineage,1,1
CL_CHECK,ck_strength_lineage,1,1
CL_CHECK,ck_strength_lineage,1,1
CL_CHECK,ck_strength_lineage,1,1
CL_CHECK,ck_strength_lineage,1,1
CL_CHECK,ck_strength_lineage,1,1
CL_CHECK,ck_strength_lineage,1,1
CL_CHECK,ck_strength_lineage,1,1
CL_CHECK,ck_strength_lineage,1,1
CL_CHECK,ck_strength_lineage,1,1
CL_CHECK,ck_strength_lineage,1,1
CL_CHECK,ck_strength_lineage,1,1
CL_CHECK,ck_strength_lineage,1,1
CL_CHECK,ck_strength_lineage,1,1
CL_CHECK,ck_strength_lineage,1,1
CL_CHECK,ck_strength_lineage,1,1
CL_CHECK,ck_strength_lineage,1,1
CL_CHECK,ck_strength_lineage,1,1
CL_CHECK,ck_strength_lineage,1,1
CL_CHECK,ck_strength_lineage,1,1
CL_CHECK,ck_strength_lineage,1,1
CL_CHECK,ck_strength_lineage,1,1
CL_CHECK,ck_strength_lineage,1,1
CL_CHECK,ck_strength_lineage,1,1
CL_CHECK,ck_strength_lineage,1,1
CL_CHECK,ck_strength_lineage,1,1
CL_CHECK,ck_strength_lineage,1,1
CL_CHECK,ck_strength_lineage,1,1
CL_CHECK,ck_strength_lineage,1,1
CL_CHECK,ck_strength_lineage,1,1
CL_CHECK,ck_strength_lineage,1,1
CL_CHECK,ck_strength_lineage,1,1
CL_CHECK,ck_strength_lineage,1,1
CL_CHECK,ck_strength_lineage,1,1
CL_CHECK,ck_strength_lineage,1,1
CL_CHECK,ck_strength_lineage,1,1
CL_CHECK,ck_strength_lineage,1,1
CL_CHECK,ck_strength_lineage,1,1
CL_CHECK,ck_strength_lineage,1,1
CL_CHECK,ck_strength_lineage,1,1
CL_CHECK,ck_strength_lineage,1,1
CL_CHECK,ck_strength_lineage,1,1
CL_CHECK,ck_strength_lineage,1,1
CL_CHECK,ck_strength_lineage,1,1
CL_CHECK,ck_strength_lineage,1,1
CL_CHECK,ck_strength_lineage,1,1
CL_CHECK,ck_strength_lineage,1,1
CL_CHECK,ck_strength_lineage,1,1
CL_CHECK,ck_strength_lineage,1,1
CL_CHECK,ck_strength_lineage,1,1
CL_CHECK,ck_strength_lineage,1,1
CL_CHECK,ck_strength_lineage,1,1
CL_CHECK,ck_strength_lineage,1,1
CL_CHECK,ck_strength_lineage,1,1
CL_CHECK,ck_strength_lineage,1,1
CL_CHECK,ck_strength_lineage,1,1
CL_CHECK,ck_strength_lineage,1,1
CL_CHECK,ck_strength_lineage,1,1
CL_CHECK,ck_strength_lineage,1,1
CL_CHECK,ck_strength_lineage,1,1
CL_CHECK,ck_strength_lineage,1,1
CL_CHECK,ck_strength_lineage,1,1
CL_CHECK,ck_strength_lineage,1,1
CL_CHECK,ck_strength_lineage,1,1
CL_CHECK,ck_strength_lineage,1,1
CL_CHECK,ck_strength_lineage,1,1
CL_CHECK,ck_strength_lineage,1,1
CL_CHECK,ck_strength_lineage,1,1
CL_CHECK,ck_strength_lineage,1,1
CL_CHECK,ck_strength_lineage,1,1
CL_CHECK,ck_strength_lineage,1,1
CL_CHECK,ck_strength_lineage,1,1
CL_CHECK,ck_strength_lineage,1,1
CL_CHECK,ck_strength_lineage,1,1
CL_CHECK,ck_strength_lineage,1,1
CL_CHECK,ck_strength_lineage,1,1
CL_CHECK,ck_strength_lineage,1,1
CL_CHECK,ck_strength_lineage,1,1
CL_CHECK,ck_strength_lineage,1,1
CL_CHECK,ck_strength_lineage,1,1
CL_CHECK,ck_strength_lineage,1,1
CL_CHECK,ck_strength_lineage,1,1
CL_CHECK,ck_strength_lineage,1,1
CL_CHECK,ck_strength_lineage,1,1
CL_CHECK,ck_strength_lineage,1,1
CL_CHECK,ck_strength_lineage,1,1
CL_CHECK,ck_strength_lineage,1,1
CL_CHECK,ck_strength_lineage,1,1
CL_CHECK,ck_strength_lineage,1,1
CL_CHECK,ck_strength_lineage,1,1
CL_CHECK,ck_strength_lineage,1,1
CL_CHECK,ck_strength_lineage,1,1
CL_CHECK,ck_strength_lineage,1,1
CL_CHECK,ck_strength_lineage,1,1
CL_CHECK,ck_strength_lineage,1,1
CL_CHECK,ck_strength_lineage,1,1
CL_CHECK,ck_strength_lineage,1,1
CL_CHECK,ck_strength_lineage,1,1
CL_CHECK,ck_strength_lineage,1,1
CL_CHECK,ck_strength_lineage,1,1
CL_CHECK,ck_strength_lineage,1,1
CL_CHECK,ck_strength_lineage,1,1
CL_CHECK,ck_strength_lineage,1,1
CL_CHECK,ck_strength_lineage,1,1
CL_CHECK,ck_strength_lineage,1,1
CL_CHECK,ck_strength_lineage,1,1
CL_CHECK,ck_strength_lineage,1,1
CL_CHECK,ck_strength_lineage,1,1
CL_CHECK,ck_strength_lineage,1,1
CL_CHECK,ck_strength_lineage,1,1
CL_CHECK,ck_strength_lineage,1,1
CL_CHECK,ck_strength_lineage,1,1
CL_CHECK,ck_strength_lineage,1,1
CL_CHECK,ck_strength_lineage,1,1
CL_CHECK,ck_strength_lineage,1,1
CL_CHECK,ck_strength_lineage,1,1
CL_CHECK,ck_strength_lineage,1,1
CL_CHECK,ck_strength_lineage,1,1
CL_CHECK,ck_strength_lineage,1,1
CL_CHECK,ck_strength_lineage,1,1
CL_CHECK,ck_strength_lineage,1,1
CL_CHECK,ck_strength_lineage,1,1
CL_CHECK,ck_strength_lineage,1,1
CL_CHECK,ck_strength_lineage,1,1
CL_CHECK,ck_strength_lineage,1,1
CL_CHECK,ck_strength_lineage,1,1
CL_CHECK,ck_strength_lineage,1,1
CL_CHECK,ck_strength_lineage,1,1
CL_CHECK,ck_strength_lineage,1,1
CL_CHECK,ck_strength_lineage,1,1
CL_CHECK,ck_strength_lineage,1,1
CL_CHECK,ck_strength_lineage,1,1
CL_CHECK,ck_strength_lineage,1,1
CL_CHECK,ck_strength_lineage,1,1
CL_CHECK,ck_strength_lineage,1,1
CL_CHECK,ck_strength_lineage,1,1
CL_CHECK,ck_strength_lineage,1,1
CL_CHECK,ck_strength_lineage,1,1
CL_CHECK,ck_strength_lineage,1,1
CL_CHECK,ck_strength_lineage,1,1
CL_CHECK,ck_strength_lineage,1,1
CL_CHECK,ck_strength_lineage,1,1
CL_CHECK,ck_strength_lineage,1,1
CL_CHECK,ck_strength_lineage,1,1
CL_CHECK,ck_strength_lineage,1,1
CL_CHECK,ck_strength_lineage,1,1
CL_CHECK,ck_strength_lineage,1,1
CL_CHECK,ck_strength_lineage,1,1
CL_CHECK,ck_strength_lineage,1,1
CL_CHECK,ck_strength_lineage,1,1
CL_CHECK,ck_strength_lineage,1,1
CL_CHECK,ck_strength_lineage,1,1
CL_CHECK,ck_strength_lineage,1,1
CL_CHECK,ck_strength_lineage,1,1
CL_CHECK,ck_strength_lineage,1,1
CL_CHECK,ck_strength_lineage,1,1
CL_CHECK,ck_strength_lineage,1,1
CL_CHECK,ck_strength_lineage,1,1
CL_CHECK,ck_strength_lineage,1,1
CL_CHECK,ck_strength_lineage,1,1
CL_CHECK,ck_strength_lineage,1,1
CL_CHECK,ck_strength_lineage,1,1
CL_CHECK,ck_strength_lineage,1,1
CL_CHECK,ck_strength_lineage,1,1
CL_CHECK,ck_strength_lineage,1,1
CL_CHECK,ck_strength_lineage,1,1
CL_CHECK,ck_strength_lineage,1,1
CL_CHECK,ck_strength_lineage,1,1
CL_CHECK,ck_strength_lineage,1,1
CL_CHECK,ck_strength_lineage,1,1
CL_CHECK,ck_strength_lineage,1,1
CL_CHECK,ck_strength_lineage,1,1
CL_CHECK,ck_strength_lineage,1,1
CL_CHECK,ck_strength_lineage,1,1
CL_CHECK,ck_strength_lineage,1,1
CL_CHECK,ck_strength_lineage,1,1
CL_CHECK,ck_strength_lineage,1,1
CL_CHECK,ck_strength_lineage,1,1
CL_CHECK,ck_strength_lineage,1,1
CL_CHECK,ck_strength_lineage,1,1
CL_CHECK,ck_strength_lineage,1,1
CL_CHECK,ck_strength_lineage,1,1
CL_CHECK,ck_strength_lineage,1,1
CL_CHECK,ck_strength_lineage,1,1
CL_CHECK,ck_strength_lineage,1,1
CL_CHECK,ck_strength_lineage,1,1
CL_CHECK,ck_strength_lineage,1,1
CL_CHECK,ck_strength_lineage,1,1
CL_CHECK,ck_strength_lineage,1,1
CL_CHECK,ck_strength_lineage,1,1
CL_CHECK,ck_strength_lineage,1,1
CL_CHECK,ck_strength_lineage,1,1
CL_CHECK,ck_strength_lineage,1,1
CL_CHECK,ck_strength_lineage,1,1
CL_CHECK,ck_strength_lineage,1,1
CL_CHECK,ck_strength_lineage,1,1
CL_CHECK,ck_strength_lineage,1,1
CL_CHECK,ck_strength_lineage,1,1
CL_CHECK,ck_strength_lineage,1,1
CL_CHECK,ck_strength_lineage,1,1
CL_CHECK,ck_strength_lineage,1,1
CL_CHECK,ck_strength_lineage,1,1
CL_CHECK,ck_strength_lineage,1,1
CL_CHECK,ck_strength_lineage,1,1
CL_CHECK,ck_strength_lineage,1,1
CL_CHECK,ck_strength_lineage,1,1
CL_CHECK,ck_strength_lineage,1,1
CL_CHECK,ck_strength_lineage,1,1
CL_CHECK,ck_strength_lineage,1,1
CL_CHECK,ck_strength_lineage,1,1
CL_CHECK,ck_strength_lineage,1,1
CL_CHECK,ck_strength_lineage,1,1
CL_CHECK,ck_strength_lineage,1,1
CL_CHECK,ck_strength_lineage,1,1
CL_CHECK,ck_strength_lineage,1,1
CL_CHECK,ck_strength_lineage,1,1
CL_CHECK,ck_strength_lineage,1,1
CL_CHECK,ck_strength_lineage,1,1
CL_CHECK,ck_strength_lineage,1,1
CL_CHECK,ck_strength_lineage,1,1
CL_CHECK,ck_strength_lineage,1,1
CL_CHECK,ck_strength_lineage,1,1
CL_CHECK,ck_strength_lineage,1,1
CL_CHECK,ck_strength_lineage,1,1
CL_CHECK,ck_strength_lineage,1,1
CL_CHECK,ck_strength_lineage,1,1
CL_CHECK,ck_strength_lineage,1,1
CL_CHECK,ck_strength_lineage,1,1
CL_CHECK,ck_strength_lineage,1,1
CL_CHECK,ck_strength_lineage,1,1
CL_CHECK,ck_strength_lineage,1,1
CL_CHECK,ck_strength_lineage,1,1
CL_CHECK,ck_strength_lineage,1,1
CL_CHECK,ck_strength_lineage,1,1
CL_CHECK,ck_strength_lineage,1,1
CL_CHECK,ck_strength_lineage,1,1
CL_CHECK,ck_strength_lineage,1,1
CL_CHECK,ck_strength_lineage,1,1
CL_CHECK,ck_strength_lineage,1,1
CL_CHECK,ck_strength_lineage,1,1
CL_CHECK,ck_strength_lineage,1,1
CL_CHECK,ck_strength_lineage,1,1
CL_CHECK,ck_strength_lineage,1,1
CL_CHECK,ck_strength_lineage,1,1
CL_CHECK,ck_strength_lineage,1,1
CL_CHECK,ck_strength_lineage,1,1
CL_CHECK,ck_strength_lineage,1,1
CL_CHECK,ck_strength_lineage,1,1
CL_CHECK,ck_strength_lineage,1,1
CL_CHECK,ck_strength_lineage,1,1
CL_CHECK,ck_strength_lineage,1,1
CL_CHECK,ck_strength_lineage,1,1
CL_CHECK,ck_strength_lineage,1,1
CL_CHECK,ck_strength_lineage,1,1
CL_CHECK,ck_strength_lineage,1,1
CL_CHECK,ck_strength_lineage,1,1
CL_CHECK,ck_strength_lineage,1,1
CL_CHECK,ck_strength_lineage,1,1
CL_CHECK,ck_strength_lineage,1,1
CL_CHECK,ck_strength_lineage,1,1
CL_CHECK,ck_strength_lineage,1,1
CL_CHECK,ck_strength_lineage,1,1
CL_CHECK,ck_strength_lineage,1,1
CL_CHECK,ck_strength_lineage,1,1
CL_CHECK,ck_strength_lineage,1,1
CL_CHECK,ck_strength_lineage,1,1
CL_CHECK,ck_strength_lineage,1,1
CL_CHECK,ck_strength_lineage,1,1
CL_CHECK,ck_strength_lineage,1,1
CL_CHECK,ck_strength_lineage,1,1
CL_CHECK,ck_strength_lineage,1,1
CL_CHECK,ck_strength_lineage,1,1
CL_CHECK,ck_strength_lineage,1,1
CL_CHECK,ck_strength_lineage,1,1
CL_CHECK,ck_strength_lineage,1,1
CL_CHECK,ck_strength_lineage,1,1
CL_CHECK,ck_strength_lineage,1,1
CL_CHECK,ck_strength_lineage,1,1
CL_CHECK,ck_strength_lineage,1,1
CL_CHECK,ck_strength_lineage,1,1
CL_CHECK,ck_strength_lineage,1,1
CL_CHECK,ck_strength_lineage,1,1
CL_CHECK,ck_strength_lineage,1,1
CL_CHECK,ck_strength_lineage,1,1
CL_CHECK,ck_strength_lineage,1,1
CL_CHECK,ck_strength_lineage,1,1
CL_CHECK,ck_strength_lineage,1,1
CL_CHECK,ck_strength_lineage,1,1
CL_CHECK,ck_strength_lineage,1,1
CL_CHECK,ck_strength_lineage,1,1
CL_CHECK,ck_strength_lineage,1,1
CL_CHECK,ck_strength_lineage,1,1
CL_CHECK,ck_strength_lineage,1,1
CL_CHECK,ck_strength_lineage,1,1
CL_CHECK,ck_strength_lineage,1,1
CL_CHECK,ck_strength_lineage,1,1
CL_CHECK,ck_strength_lineage,1,1
CL_CHECK,ck_strength_lineage,1,1
CL_CHECK,ck_strength_lineage,1,1
CL_CHECK,ck_strength_lineage,1,1
CL_CHECK,ck_strength_lineage,1,1
CL_CHECK,ck_strength_lineage,1,1
CL_CHECK,ck_strength_lineage,1,1
CL_CHECK,ck_strength_lineage,1,1
CL_CHECK,ck_strength_lineage,1,1
CL_CHECK,ck_strength_lineage,1,1
CL_CHECK,ck_strength_lineage,1,1
CL_CHECK,ck_strength_lineage,1,1
CL_CHECK,ck_strength_lineage,1,1
CL_CHECK,ck_strength_lineage,1,1
CL_CHECK,ck_strength_lineage,1,1
CL_CHECK,ck_strength_lineage,1,1
CL_CHECK,ck_strength_lineage,1,1
CL_CHECK,ck_strength_lineage,1,1
CL_CHECK,ck_strength_lineage,1,1
CL_CHECK,ck_strength_lineage,1,1
CL_CHECK,ck_strength_lineage,1,1
CL_CHECK,ck_strength_lineage,1,1
CL_CHECK,ck_strength_lineage,1,1
CL_CHECK,ck_strength_lineage,1,1
CL_CHECK,ck_strength_lineage,1,1
CL_CHECK,ck_strength_lineage,1,1
CL_CHECK,ck_strength_lineage,1,1
CL_CHECK,ck_strength_lineage,1,1
CL_CHECK,ck_strength_lineage,1,1
CL_CHECK,ck_strength_lineage,1,1
CL_CHECK,ck_strength_lineage,1,1
CL_CHECK,ck_strength_lineage,1,1
CL_CHECK,ck_strength_lineage,1,1
CL_CHECK,ck_strength_lineage,1,1
CL_CHECK,ck_strength_lineage,1,1
CL_CHECK,ck_strength_lineage,1,1
CL_CHECK,ck_strength_lineage,1,1
CL_CHECK,ck_strength_lineage,1,1
CL_CHECK,ck_strength_lineage,1,1
CL_CHECK,ck_strength_lineage,1,1
CL_CHECK,ck_strength_lineage,1,1
CL_CHECK,ck_strength_lineage,1,1
CL_CHECK,ck_strength_lineage,1,1
CL_CHECK,ck_strength_lineage,1,1
CL_CHECK,ck_strength_lineage,1,1
CL_CHECK,ck_strength_lineage,1,1
CL_CHECK,ck_strength_lineage,1,1
CL_CHECK,ck_strength_lineage,1,1
CL_CHECK,ck_strength_lineage,1,1
CL_CHECK,ck_strength_lineage,1,1
CL_CHECK,ck_strength_lineage,1,1
CL_CHECK,ck_strength_lineage,1,1
CL_CHECK,ck_strength_lineage,1,1
CL_CHECK,ck_strength_lineage,1,1
CL_CHECK,ck_strength_lineage,1,1
CL_CHECK,ck_strength_lineage,1,1
CL_CHECK,ck_strength_lineage,1,1
CL_CHECK,ck_strength_lineage,1,1
CL_CHECK,ck_strength_lineage,1,1
CL_CHECK,ck_strength_lineage,1,1
CL_CHECK,ck_strength_lineage,1,1
CL_CHECK,ck_strength_lineage,1,1
CL_CHECK,ck_strength_lineage,1,1
CL_CHECK,ck_strength_lineage,1,1
CL_CHECK,ck_strength_lineage,1,1
CL_CHECK,ck_strength_lineage,1,1
CL_CHECK,ck_strength_lineage,1,1
CL_CHECK,ck_strength_lineage,1,1
CL_CHECK,ck_strength_lineage,1,1
CL_CHECK,ck_strength_lineage,1,1
CL_CHECK,ck_strength_lineage,1,1
CL_CHECK,ck_strength_lineage,1,1
CL_CHECK,ck_strength_lineage,1,1
CL_CHECK,ck_strength_lineage,1,1
CL_CHECK,ck_strength_lineage,1,1
CL_CHECK,ck_strength_lineage,1,1
CL_CHECK,ck_strength_lineage,1,1
CL_CHECK,ck_strength_lineage,1,1
CL_CHECK,ck_strength_lineage,1,1
CL_CHECK,ck_strength_lineage,1,1
CL_CHECK,ck_strength_lineage,1,1
CL_CHECK,ck_strength_lineage,1,1
CL_CHECK,ck_strength_lineage,1,1
CL_CHECK,ck_strength_lineage,1,1
CL_CHECK,ck_strength_lineage,1,1
CL_CHECK,ck_strength_lineage,1,1
CL_CHECK,ck_strength_lineage,1,1
CL_CHECK,ck_strength_lineage,1,1
CL_CHECK,ck_strength_lineage,1,1
CL_CHECK,ck_strength_lineage,1,1
CL_CHECK,ck_strength_lineage,1,1
CL_CHECK,ck_strength_lineage,1,1
CL_CHECK,ck_strength_lineage,1,1
CL_CHECK,ck_strength_lineage,1,1
CL_CHECK,ck_strength_lineage,1,1
CL_CHECK,ck_strength_lineage,1,1
CL_CHECK,ck_strength_lineage,1,1
CL_CHECK,ck_strength_lineage,1,1
CL_CHECK,ck_strength_lineage,1,1
CL_CHECK,ck_strength_lineage,1,1
CL_CHECK,ck_strength_lineage,1,1
CL_CHECK,ck_strength_lineage,1,1
CL_CHECK,ck_strength_lineage,1,1
CL_CHECK,ck_strength_lineage,1,1
CL_CHECK,ck_strength_lineage,1,1
CL_CHECK,ck_strength_lineage,1,1
CL_CHECK,ck_strength_lineage,1,1
CL_CHECK,ck_strength_lineage,1,1
CL_CHECK,ck_strength_lineage,1,1
CL_CHECK,ck_strength_lineage,1,1
CL_CHECK,ck_strength_lineage,1,1
CL_CHECK,ck_strength_lineage,1,1
CL_CHECK,ck_strength_lineage,1,1
CL_CHECK,ck_strength_lineage,1,1
CL_CHECK,ck_strength_lineage,1,1
CL_CHECK,ck_strength_lineage,1,1
CL_CHECK,ck_strength_lineage,1,1
CL_CHECK,ck_strength_lineage,1,1
CL_CHECK,ck_strength_lineage,1,1
CL_CHECK,ck_strength_lineage,1,1
CL_CHECK,ck_strength_lineage,1,1
CL_CHECK,ck_strength_lineage,1,1
CL_CHECK,ck_strength_lineage,1,1
CL_CHECK,ck_strength_lineage,1,1
CL_CHECK,ck_strength_lineage,1,1
CL_CHECK,ck_strength_lineage,1,1
CL_CHECK,ck_strength_lineage,1,1
CL_CHECK,ck_strength_lineage,1,1
CL_CHECK,ck_strength_lineage,1,1
CL_CHECK,ck_strength_lineage,1,1
CL_CHECK,ck_strength_lineage,1,1
CL_CHECK,ck_strength_lineage,1,1
CL_CHECK,ck_strength_lineage,1,1
CL_CHECK,ck_strength_lineage,1,1
CL_CHECK,ck_strength_lineage,1,1
CL_CHECK,ck_strength_lineage,1,1
CL_CHECK,ck_strength_lineage,1,1
CL_CHECK,ck_strength_lineage,1,1
CL_CHECK,ck_strength_lineage,1,1
CL_CHECK,ck_strength_lineage,1,1
CL_CHECK,ck_strength_lineage,1,1
CL_CHECK,ck_strength_lineage,1,1
CL_CHECK,ck_strength_lineage,1,1
CL_CHECK,ck_strength_lineage,1,1
CL_CHECK,ck_strength_lineage,1,1
CL_CHECK,ck_strength_lineage,1,1
CL_CHECK,ck_strength_lineage,1,1
CL_CHECK,ck_strength_lineage,1,1
CL_CHECK,ck_strength_lineage,1,1
CL_CHECK,ck_strength_lineage,1,1
CL_CHECK,ck_strength_lineage,1,1
CL_CHECK,ck_strength_lineage,1,1
CL_CHECK,ck_strength_lineage,1,1
CL_CHECK,ck_strength_lineage,1,1
CL_CHECK,ck_strength_lineage,1,1
CL_CHECK,ck_strength_lineage,1,1
CL_CHECK,ck_strength_lineage,1,1
CL_CHECK,ck_strength_lineage,1,1
CL_CHECK,ck_strength_lineage,1,1
CL_CHECK,ck_strength_lineage,1,1
CL_CHECK,ck_strength_lineage,1,1
CL_CHECK,ck_strength_lineage,1,1
CL_CHECK,ck_strength_lineage,1,1
CL_CHECK,ck_strength_lineage,1,1
CL_CHECK,ck_strength_lineage,1,1
CL_CHECK,ck_strength_lineage,1,1
CL_CHECK,ck_strength_lineage,1,1
CL_CHECK,ck_strength_lineage,1,1
CL_CHECK,ck_strength_lineage,1,1
CL_CHECK,ck_strength_lineage,1,1
CL_CHECK,ck_strength_lineage,1,1
CL_CHECK,ck_strength_lineage,1,1
CL_CHECK,ck_strength_lineage,1,1
CL_CHECK,ck_strength_lineage,1,1
CL_CHECK,ck_strength_lineage,1,1
CL_CHECK,ck_strength_lineage,1,1
CL_CHECK,ck_strength_lineage,1,1
CL_CHECK,ck_strength_lineage,1,1
CL_CHECK,ck_strength_lineage,1,1
CL_CHECK,ck_strength_lineage,1,1
CL_CHECK,ck_strength_lineage,1,1
CL_CHECK,ck_strength_lineage,1,1
CL_CHECK,ck_strength_lineage,1,1
CL_CHECK,ck_strength_lineage,1,1
CL_CHECK,ck_strength_lineage,1,1
CL_CHECK,ck_strength_lineage,1,1
CL_CHECK,ck_strength_lineage,1,1
CL_CHECK,ck_strength_lineage,1,1
CL_CHECK,ck_strength_lineage,1,1
CL_CHECK,ck_strength_lineage,1,1
CL_CHECK,ck_strength_lineage,1,1
CL_CHECK,ck_strength_lineage,1,1
CL_CHECK,ck_strength_lineage,1,1
CL_CHECK,ck_strength_lineage,1,1
CL_CHECK,ck_strength_lineage,1,1
CL_CHECK,ck_strength_lineage,1,1
CL_CHECK,ck_strength_lineage,1,1
CL_CHECK,ck_strength_lineage,1,1
CL_CHECK,ck_strength_lineage,1,1
CL_CHECK,ck_strength_lineage,1,1
CL_CHECK,ck_strength_lineage,1,1
CL_CHECK,ck_strength_lineage,1,1
CL_CHECK,ck_strength_lineage,1,1
CL_CHECK,ck_strength_lineage,1,1
CL_CHECK,ck_strength_lineage,1,1
CL_CHECK,ck_strength_lineage,1,1
CL_CHECK,ck_strength_lineage,1,1
CL_CHECK,ck_strength_lineage,1,1
CL_CHECK,ck_strength_lineage,1,1
CL_CHECK,ck_strength_lineage,1,1
CL_CHECK,ck_strength_lineage,1,1
CL_CHECK,ck_strength_lineage,1,1
CL_CHECK,ck_strength_lineage,1,1
CL_CHECK,ck_strength_lineage,1,1
CL_CHECK,ck_strength_lineage,1,1
CL_CHECK,ck_strength_lineage,1,1
CL_CHECK,ck_strength_lineage,1,1
CL_CHECK,ck_strength_lineage,1,1
CL_CHECK,ck_strength_lineage,1,1
CL_CHECK,ck_strength_lineage,1,1
CL_CHECK,ck_strength_lineage,1,1
CL_CHECK,ck_strength_lineage,1,1
CL_CHECK,ck_strength_lineage,1,1
CL_CHECK,ck_strength_lineage,1,1
CL_CHECK,ck_strength_lineage,1,1
CL_CHECK,ck_strength_lineage,1,1
CL_CHECK,ck_strength_lineage,1,1
CL_CHECK,ck_strength_lineage,1,1
CL_CHECK,ck_strength_lineage,1,1
CL_CHECK,ck_strength_lineage,1,1
CL_CHECK,ck_strength_lineage,1,1
CL_CHECK,ck_strength_lineage,1,1
CL_CHECK,ck_strength_lineage,1,1
CL_CHECK,ck_strength_lineage,1,1
CL_CHECK,ck_strength_lineage,1,1
CL_CHECK,ck_strength_lineage,1,1
CL_CHECK,ck_strength_lineage,1,1
CL_CHECK,ck_strength_lineage,1,1
CL_CHECK,ck_strength_lineage,1,1
CL_CHECK,ck_strength_lineage,1,1
CL_CHECK,ck_strength_lineage,1,1
CL_CHECK,ck_strength_lineage,1,1
CL_CHECK,ck_strength_lineage,1,1
CL_CHECK,ck_strength_lineage,1,1
CL_CHECK,ck_strength_lineage,1,1
CL_CHECK,ck_strength_lineage,1,1
CL_CHECK,ck_strength_lineage,1,1
CL_CHECK,ck_strength_lineage,1,1
CL_CHECK,ck_strength_lineage,1,1
CL_CHECK,ck_strength_lineage,1,1
CL_CHECK,ck_strength_lineage,1,1
CL_CHECK,ck_strength_lineage,1,1
CL_CHECK,ck_strength_lineage,1,1
CL_CHECK,ck_strength_lineage,1,1
CL_CHECK,ck_strength_lineage,1,1
CL_CHECK,ck_strength_lineage,1,1
CL_CHECK,ck_strength_lineage,1,1
CL_CHECK,ck_strength_lineage,1,1
CL_CHECK,ck_strength_lineage,1,1
CL_CHECK,ck_strength_lineage,1,1
CL_CHECK,ck_strength_lineage,1,1
CL_CHECK,ck_strength_lineage,1,1
CL_CHECK,ck_strength_lineage,1,1
CL_CHECK,ck_strength_lineage,1,1
CL_CHECK,ck_strength_lineage,1,1
CL_CHECK,ck_strength_lineage,1,1
CL_CHECK,ck_strength_lineage,1,1
CL_CHECK,ck_strength_lineage,1,1
CL_CHECK,ck_strength_lineage,1,1
CL_CHECK,ck_strength_lineage,1,1
CL_CHECK,ck_strength_lineage,1,1
CL_CHECK,ck_strength_lineage,1,1
CL_CHECK,ck_strength_lineage,1,1
CL_CHECK,ck_strength_lineage,1,1
CL_CHECK,ck_strength_lineage,1,1
CL_CHECK,ck_strength_lineage,1,1
CL_CHECK,ck_strength_lineage,1,1
CL_CHECK,ck_strength_lineage,1,1
CL_CHECK,ck_strength_lineage,1,1
CL_CHECK,ck_strength_lineage,1,1
CL_CHECK,ck_strength_lineage,1,1
CL_CHECK,ck_strength_lineage,1,1
CL_CHECK,ck_strength_lineage,1,1
CL_CHECK,ck_strength_lineage,1,1
CL_CHECK,ck_strength_lineage,1,1
CL_CHECK,ck_strength_lineage,1,1
CL_CHECK,ck_strength_lineage,1,1
CL_CHECK,ck_strength_lineage,1,1
CL_CHECK,ck_strength_lineage,1,1
CL_CHECK,ck_strength_lineage,1,1
CL_CHECK,ck_strength_lineage,1,1
CL_CHECK,ck_strength_lineage,1,1
CL_CHECK,ck_strength_lineage,1,1
CL_CHECK,ck_strength_lineage,1,1
CL_CHECK,ck_strength_lineage,1,1
CL_CHECK,ck_strength_lineage,1,1
CL_CHECK,ck_strength_lineage,1,1
CL_CHECK,ck_strength_lineage,1,1
CL_CHECK,ck_strength_lineage,1,1
CL_CHECK,ck_strength_lineage,1,1
CL_CHECK,ck_strength_lineage,1,1
CL_CHECK,ck_strength_lineage,1,1
CL_CHECK,ck_strength_lineage,1,1
CL_CHECK,ck_strength_lineage,1,1
CL_CHECK,ck_strength_lineage,1,1
CL_CHECK,ck_strength_lineage,1,1
CL_CHECK,ck_strength_lineage,1,1
CL_CHECK,ck_strength_lineage,1,1
CL_CHECK,ck_strength_lineage,1,1
CL_CHECK,ck_strength_lineage,1,1
CL_CHECK,ck_strength_lineage,1,1
CL_CHECK,ck_strength_lineage,1,1
CL_CHECK,ck_strength_lineage,1,1
CL_CHECK,ck_strength_lineage,1,1
CL_CHECK,ck_strength_lineage,1,1
CL_CHECK,ck_strength_lineage,1,1
CL_CHECK,ck_strength_lineage,1,1
CL_CHECK,ck_strength_lineage,1,1
CL_CHECK,ck_strength_lineage,1,1
CL_CHECK,ck_strength_lineage,1,1
CL_CHECK,ck_strength_lineage,1,1
CL_CHECK,ck_strength_lineage,1,1
CL_CHECK,ck_strength_lineage,1,1
CL_CHECK,ck_strength_lineage,1,1
CL_CHECK,ck_strength_lineage,1,1
CL_CHECK,ck_strength_lineage,1,1
CL_CHECK,ck_strength_lineage,1,1
CL_CHECK,ck_strength_lineage,1,1
CL_CHECK,ck_strength_lineage,1,1
CL_CHECK,ck_strength_lineage,1,1
CL_CHECK,ck_strength_lineage,1,1
CL_CHECK,ck_strength_lineage,1,1
CL_CHECK,ck_strength_lineage,1,1
CL_CHECK,ck_strength_lineage,1,1
CL_CHECK,ck_strength_lineage,1,1
CL_CHECK,ck_strength_lineage,1,1
CL_CHECK,ck_strength_lineage,1,1
CL_CHECK,ck_strength_lineage,1,1
CL_CHECK,ck_strength_lineage,1,1
CL_CHECK,ck_strength_lineage,1,1
CL_CHECK,ck_strength_lineage,1,1
CL_CHECK,ck_strength_lineage,1,1
CL_CHECK,ck_strength_lineage,1,1
CL_CHECK,ck_strength_lineage,1,1
CL_CHECK,ck_strength_lineage,1,1
CL_CHECK,ck_strength_lineage,1,1
CL_CHECK,ck_strength_lineage,1,1
CL_CHECK,ck_strength_lineage,1,1
CL_CHECK,ck_strength_lineage,1,1
CL_CHECK,ck_strength_lineage,1,1
CL_CHECK,ck_strength_lineage,1,1
CL_CHECK,ck_strength_lineage,1,1
CL_CHECK,ck_strength_lineage,1,1
CL_CHECK,ck_strength_lineage,1,1
CL_CHECK,ck_strength_lineage,1,1
CL_CHECK,ck_strength_lineage,1,1
CL_CHECK,ck_strength_lineage,1,1
CL_CHECK,ck_strength_lineage,1,1
CL_CHECK,ck_strength_lineage,1,1
CL_CHECK,ck_strength_lineage,1,1
CL_CHECK,ck_strength_lineage,1,1
CL_CHECK,ck_strength_lineage,1,1
CL_CHECK,ck_strength_lineage,1,1
CL_CHECK,ck_strength_lineage,1,1
CL_CHECK,ck_strength_lineage,1,1
CL_CHECK,ck_strength_lineage,1,1
CL_CHECK,ck_strength_lineage,1,1
CL_CHECK,ck_strength_lineage,1,1
CL_CHECK,ck_strength_lineage,1,1
CL_CHECK,ck_strength_lineage,1,1
CL_CHECK,ck_strength_lineage,1,1
CL_CHECK,ck_strength_lineage,1,1
CL_CHECK,ck_strength_lineage,1,1
CL_CHECK,ck_strength_lineage,1,1
CL_CHECK,ck_strength_lineage,1,1
CL_CHECK,ck_strength_lineage,1,1
CL_CHECK,ck_strength_lineage,1,1
CL_CHECK,ck_strength_lineage,1,1
CL_CHECK,ck_strength_lineage,1,1
CL_CHECK,ck_strength_lineage,1,1
CL_CHECK,ck_strength_lineage,1,1
CL_CHECK,ck_strength_lineage,1,1
CL_CHECK,ck_strength_lineage,1,1
CL_CHECK,ck_strength_lineage,1,1
CL_CHECK,ck_strength_lineage,1,1
CL_CHECK,ck_strength_lineage,1,1
CL_CHECK,ck_strength_lineage,1,1
CL_CHECK,ck_strength_lineage,1,1
CL_CHECK,ck_strength_lineage,1,1
CL_CHECK,ck_strength_lineage,1,1
CL_CHECK,ck_strength_lineage,1,1
CL_CHECK,ck_strength_lineage,1,1
CL_CHECK,ck_strength_lineage,1,1
CL_CHECK,ck_strength_lineage,1,1
CL_CHECK,ck_strength_lineage,1,1
CL_CHECK,ck_strength_lineage,1,1
CL_CHECK,ck_strength_lineage,1,1
CL_CHECK,ck_strength_lineage,1,1
CL_CHECK,ck_strength_lineage,1,1
CL_CHECK,ck_strength_lineage,1,1
CL_CHECK,ck_strength_lineage,1,1
CL_CHECK,ck_strength_lineage,1,1
CL_CHECK,ck_strength_lineage,1,1
CL_CHECK,ck_strength_lineage,1,1
CL_CHECK,ck_strength_lineage,1,1
CL_CHECK,ck_strength_lineage,1,1
CL_CHECK,ck_strength_lineage,1,1
CL_CHECK,ck_strength_lineage,1,1
CL_CHECK,ck_strength_lineage,1,1
CL_CHECK,ck_strength_lineage,1,1
CL_CHECK,ck_strength_lineage,1,1
CL_CHECK,ck_strength_lineage,1,1
CL_CHECK,ck_strength_lineage,1,1
CL_CHECK,ck_strength_lineage,1,1
CL_CHECK,ck_strength_lineage,1,1
CL_CHECK,ck_strength_lineage,1,1
CL_CHECK,ck_strength_lineage,1,1
CL_CHECK,ck_strength_lineage,1,1
CL_CHECK,ck_strength_lineage,1,1
CL_CHECK,ck_strength_lineage,1,1
CL_CHECK,ck_strength_lineage,1,1
CL_CHECK,ck_strength_lineage,1,1
CL_CHECK,ck_strength_lineage,1,1
CL_CHECK,ck_strength_lineage,1,1
CL_CHECK,ck_strength_lineage,1,1
CL_CHECK,ck_strength_lineage,1,1
CL_CHECK,ck_strength_lineage,1,1
CL_CHECK,ck_strength_lineage,1,1
CL_CHECK,ck_strength_lineage,1,1
CL_CHECK,ck_strength_lineage,1,1
CL_CHECK,ck_strength_lineage,1,1
CL_CHECK,ck_strength_lineage,1,1
CL_CHECK,ck_strength_lineage,1,1
CL_CHECK,ck_strength_lineage,1,1
CL_CHECK,ck_strength_lineage,1,1
CL_CHECK,ck_strength_lineage,1,1
CL_CHECK,ck_strength_lineage,1,1
CL_CHECK,ck_strength_lineage,1,1
CL_CHECK,ck_strength_lineage,1,1
CL_CHECK,ck_strength_lineage,1,1
CL_CHECK,ck_strength_lineage,1,1
CL_CHECK,ck_strength_lineage,1,1
CL_CHECK,ck_strength_lineage,1,1
CL_CHECK,ck_strength_lineage,1,1
CL_CHECK,ck_strength_lineage,1,1
CL_CHECK,ck_strength_lineage,1,1
CL_CHECK,ck_strength_lineage,1,1
CL_CHECK,ck_strength_lineage,1,1
CL_CHECK,ck_strength_lineage,1,1
CL_CHECK,ck_strength_lineage,1,1
CL_CHECK,ck_strength_lineage,1,1
CL_CHECK,ck_strength_lineage,1,1
CL_CHECK,ck_strength_lineage,1,1
CL_CHECK,ck_strength_lineage,1,1
CL_CHECK,ck_strength_lineage,1,1
CL_CHECK,ck_strength_lineage,1,1
CL_CHECK,ck_strength_lineage,1,1
CL_CHECK,ck_strength_lineage,1,1
CL_CHECK,ck_strength_lineage,1,1
CL_CHECK,ck_strength_lineage,1,1
CL_CHECK,ck_strength_lineage,1,1
CL_CHECK,ck_strength_lineage,1,1
CL_CHECK,ck_strength_lineage,1,1
CL_CHECK,ck_strength_lineage,1,1
CL_CHECK,ck_strength_lineage,1,1
CL_CHECK,ck_strength_lineage,1,1
CL_CHECK,ck_strength_lineage,1,1
CL_CHECK,ck_strength_lineage,1,1
CL_CHECK,ck_strength_lineage,1,1
CL_CHECK,ck_strength_lineage,1,1
CL_CHECK,ck_strength_lineage,1,1
CL_CHECK,ck_strength_lineage,1,1
CL_CHECK,ck_strength_lineage,1,1
CL_CHECK,ck_strength_lineage,1,1
CL_CHECK,ck_strength_lineage,1,1
CL_CHECK,ck_strength_lineage,1,1
CL_CHECK,ck_strength_lineage,1,1
CL_CHECK,ck_strength_lineage,1,1
CL_CHECK,ck_strength_lineage,1,1
CL_CHECK,ck_strength_lineage,1,1
CL_CHECK,ck_strength_lineage,1,1
CL_CHECK,ck_strength_lineage,1,1
CL_CHECK,ck_strength_lineage,1,1
CL_CHECK,ck_strength_lineage,1,1
CL_CHECK,ck_strength_lineage,1,1
CL_CHECK,ck_strength_lineage,1,1
CL_CHECK,ck_strength_lineage,1,1
CL_CHECK,ck_strength_lineage,1,1
CL_CHECK,ck_strength_lineage,1,1
CL_CHECK,ck_strength_lineage,1,1
CL_CHECK,ck_strength_lineage,1,1
CL_CHECK,ck_strength_lineage,1,1
CL_CHECK,ck_strength_lineage,1,1
CL_CHECK,ck_strength_lineage,1,1
CL_CHECK,ck_strength_lineage,1,1
CL_CHECK,ck_strength_lineage,1,1
CL_CHECK,ck_strength_lineage,1,1
CL_CHECK,ck_strength_lineage,1,1
CL_CHECK,ck_strength_lineage,1,1
CL_CHECK,ck_strength_lineage,1,1
CL_CHECK,ck_strength_lineage,1,1
CL_CHECK,ck_strength_lineage,1,1
CL_CHECK,ck_strength_lineage,1,1
CL_CHECK,ck_strength_lineage,1,1
CL_CHECK,ck_strength_lineage,1,1
CL_CHECK,ck_strength_lineage,1,1
CL_CHECK,ck_strength_lineage,1,1
CL_CHECK,ck_strength_lineage,1,1
CL_CHECK,ck_strength_lineage,1,1
CL_CHECK,ck_strength_lineage,1,1
CL_CHECK,ck_strength_lineage,1,1
CL_CHECK,ck_strength_lineage,1,1
CL_CHECK,ck_strength_lineage,1,1
CL_CHECK,ck_strength_lineage,1,1
CL_CHECK,ck_strength_lineage,1,1
CL_CHECK,ck_strength_lineage,1,1
CL_CHECK,ck_strength_lineage,1,1
CL_CHECK,ck_strength_lineage,1,1
CL_CHECK,ck_strength_lineage,1,1
CL_CHECK,ck_strength_lineage,1,1
CL_CHECK,ck_strength_lineage,1,1
CL_CHECK,ck_strength_lineage,1,1
CL_CHECK,ck_strength_lineage,1,1
CL_CHECK,ck_strength_lineage,1,1
CL_CHECK,ck_strength_lineage,1,1
CL_CHECK,ck_strength_lineage,1,1
CL_CHECK,ck_strength_lineage,1,1
CL_CHECK,ck_strength_lineage,1,1
CL_CHECK,ck_strength_lineage,1,1
CL_CHECK,ck_strength_lineage,1,1
CL_CHECK,ck_strength_lineage,1,1
CL_CHECK,ck_strength_lineage,1,1
CL_CHECK,ck_strength_lineage,1,1
CL_CHECK,ck_strength_lineage,1,1
CL_CHECK,ck_strength_lineage,1,1
CL_CHECK,ck_strength_lineage,1,1
CL_CHECK,ck_strength_lineage,1,1
CL_CHECK,ck_strength_lineage,1,1
CL_CHECK,ck_strength_lineage,1,1
CL_CHECK,ck_strength_lineage,1,1
CL_CHECK,ck_strength_lineage,1,1
CL_CHECK,ck_strength_lineage,1,1
CL_CHECK,ck_strength_lineage,1,1
CL_CHECK,ck_strength_lineage,1,1
CL_CHECK,ck_strength_lineage,1,1
CL_CHECK,ck_strength_lineage,1,1
CL_CHECK,ck_strength_lineage,1,1
CL_CHECK,ck_strength_lineage,1,1
CL_CHECK,ck_strength_lineage,1,1
CL_CHECK,ck_strength_lineage,1,1
CL_CHECK,ck_strength_lineage,1,1
CL_CHECK,ck_strength_lineage,1,1
CL_CHECK,ck_strength_lineage,1,1
CL_CHECK,ck_strength_lineage,1,1
CL_CHECK,ck_strength_lineage,1,1
CL_CHECK,ck_strength_lineage,1,1
CL_CHECK,ck_strength_lineage,1,1
CL_CHECK,ck_strength_lineage,1,1
CL_CHECK,ck_strength_lineage,1,1
CL_CHECK,ck_strength_lineage,1,1
CL_CHECK,ck_strength_lineage,1,1
CL_CHECK,ck_strength_lineage,1,1
CL_CHECK,ck_strength_lineage,1,1
CL_CHECK,ck_strength_lineage,1,1
CL_CHECK,ck_strength_lineage,1,1
CL_CHECK,ck_strength_lineage,1,1
CL_CHECK,ck_strength_lineage,1,1
CL_CHECK,ck_strength_lineage,1,1
CL_CHECK,ck_strength_lineage,1,1
CL_CHECK,ck_strength_lineage,1,1
CL_CHECK,ck_strength_lineage,1,1
CL_CHECK,ck_strength_lineage,1,1
CL_CHECK,ck_strength_lineage,1,1
CL_CHECK,ck_strength_lineage,1,1
CL_CHECK,ck_strength_lineage,1,1
CL_CHECK,ck_strength_lineage,1,1
CL_CHECK,ck_strength_lineage,1,1
CL_CHECK,ck_strength_lineage,1,1
CL_CHECK,ck_strength_lineage,1,1
CL_CHECK,ck_strength_lineage,1,1
CL_CHECK,ck_strength_lineage,1,1
CL_CHECK,ck_strength_lineage,1,1
CL_CHECK,ck_strength_lineage,1,1
CL_CHECK,ck_strength_lineage,1,1
CL_CHECK,ck_strength_lineage,1,1
CL_CHECK,ck_strength_lineage,1,1
CL_CHECK,ck_strength_lineage,1,1
CL_CHECK,ck_strength_lineage,1,1
CL_CHECK,ck_strength_lineage,1,1
CL_CHECK,ck_strength_lineage,1,1
CL_CHECK,ck_strength_lineage,1,1
CL_CHECK,ck_strength_lineage,1,1
CL_CHECK,ck_strength_lineage,1,1
CL_CHECK,ck_strength_lineage,1,1
CL_CHECK,ck_strength_lineage,1,1
CL_CHECK,ck_strength_lineage,1,1
CL_CHECK,ck_strength_lineage,1,1
CL_CHECK,ck_strength_lineage,1,1
CL_CHECK,ck_strength_lineage,1,1
CL_CHECK,ck_strength_lineage,1,1
CL_CHECK,ck_strength_lineage,1,1
CL_CHECK,ck_strength_lineage,1,1
CL_CHECK,ck_strength_lineage,1,1
CL_CHECK,ck_strength_lineage,1,1
CL_CHECK,ck_strength_lineage,1,1
CL_CHECK,ck_strength_lineage,1,1
CL_CHECK,ck_strength_lineage,1,1
CL_CHECK,ck_strength_lineage,1,1
CL_CHECK,ck_strength_lineage,1,1
CL_CHECK,ck_strength_lineage,1,1
CL_CHECK,ck_strength_lineage,1,1
CL_CHECK,ck_strength_lineage,1,1
CL_CHECK,ck_strength_lineage,1,1
CL_CHECK,ck_strength_lineage,1,1
CL_CHECK,ck_strength_lineage,1,1
CL_CHECK,ck_strength_lineage,1,1
CL_CHECK,ck_strength_lineage,1,1
CL_CHECK,ck_strength_lineage,1,1
CL_CHECK,ck_strength_lineage,1,1
CL_CHECK,ck_strength_lineage,1,1
CL_CHECK,ck_strength_lineage,1,1
CL_CHECK,ck_strength_lineage,1,1
CL_CHECK,ck_strength_lineage,1,1
CL_CHECK,ck_strength_lineage,1,1
CL_CHECK,ck_strength_lineage,1,1
CL_CHECK,ck_strength_lineage,1,1
CL_CHECK,ck_strength_lineage,1,1
CL_CHECK,ck_strength_lineage,1,1
CL_CHECK,ck_strength_lineage,1,1
CL_CHECK,ck_strength_lineage,1,1
CL_CHECK,ck_strength_lineage,1,1
CL_CHECK,ck_strength_lineage,1,1
CL_CHECK,ck_strength_lineage,1,1
CL_CHECK,ck_strength_lineage,1,1
CL_CHECK,ck_strength_lineage,1,1
CL_CHECK,ck_strength_lineage,1,1
CL_CHECK,ck_strength_lineage,1,1
CL_CHECK,ck_strength_lineage,1,1
CL_CHECK,ck_strength_lineage,1,1
CL_CHECK,ck_strength_lineage,1,1
CL_CHECK,ck_strength_lineage,1,1
CL_CHECK,ck_strength_lineage,1,1
CL_CHECK,ck_strength_lineage,1,1
CL_CHECK,ck_strength_lineage,1,1
CL_CHECK,ck_strength_lineage,1,1
CL_CHECK,ck_strength_lineage,1,1
CL_CHECK,ck_strength_lineage,1,1
CL_CHECK,ck_strength_lineage,1,1
CL_CHECK,ck_strength_lineage,1,1
CL_CHECK,ck_strength_lineage,1,1
CL_CHECK,ck_strength_lineage,1,1
CL_CHECK,ck_strength_lineage,1,1
CL_CHECK,ck_strength_lineage,1,1
CL_CHECK,ck_strength_lineage,1,1
CL_CHECK,ck_strength_lineage,1,1
CL_CHECK,ck_strength_lineage,1,1
CL_CHECK,ck_strength_lineage,1,1
CL_CHECK,ck_strength_lineage,1,1
CL_CHECK,ck_strength_lineage,1,1
CL_CHECK,ck_strength_lineage,1,1
CL_CHECK,ck_strength_lineage,1,1
CL_CHECK,ck_strength_lineage,1,1
CL_CHECK,ck_strength_lineage,1,1
CL_CHECK,ck_strength_lineage,1,1
CL_CHECK,ck_strength_lineage,1,1
CL_CHECK,ck_strength_lineage,1,1
CL_CHECK,ck_strength_lineage,1,1
CL_CHECK,ck_strength_lineage,1,1
CL_CHECK,ck_strength_lineage,1,1
CL_CHECK,ck_strength_lineage,1,1
CL_CHECK,ck_strength_lineage,1,1
CL_CHECK,ck_strength_lineage,1,1
CL_CHECK,ck_strength_lineage,1,1
CL_CHECK,ck_strength_lineage,1,1
CL_CHECK,ck_strength_lineage,1,1
CL_CHECK,ck_strength_lineage,1,1
CL_CHECK,ck_strength_lineage,1,1
CL_CHECK,ck_strength_lineage,1,1
CL_CHECK,ck_strength_lineage,1,1
CL_CHECK,ck_strength_lineage,1,1
CL_CHECK,ck_strength_lineage,1,1
CL_CHECK,ck_strength_lineage,1,1
CL_CHECK,ck_strength_lineage,1,1
CL_CHECK,ck_strength_lineage,1,1
CL_CHECK,ck_strength_lineage,1,1
CL_CHECK,ck_strength_lineage,1,1
CL_CHECK,ck_strength_lineage,1,1
CL_CHECK,ck_strength_lineage,1,1
CL_CHECK,ck_strength_lineage,1,1
CL_CHECK,ck_strength_lineage,1,1
CL_CHECK,ck_strength_lineage,1,1
CL_CHECK,ck_strength_lineage,1,1
CL_CHECK,ck_strength_lineage,1,1
CL_CHECK,ck_strength_lineage,1,1
CL_CHECK,ck_strength_lineage,1,1
CL_CHECK,ck_strength_lineage,1,1
CL_CHECK,ck_strength_lineage,1,1
CL_CHECK,ck_strength_lineage,1,1
CL_CHECK,ck_strength_lineage,1,1
CL_CHECK,ck_strength_lineage,1,1
CL_CHECK,ck_strength_lineage,1,1
CL_CHECK,ck_strength_lineage,1,1
CL_CHECK,ck_strength_lineage,1,1
CL_CHECK,ck_strength_lineage,1,1
CL_CHECK,ck_strength_lineage,1,1
CL_CHECK,ck_strength_lineage,1,1
CL_CHECK,ck_strength_lineage,1,1
CL_CHECK,ck_strength_lineage,1,1
CL_CHECK,ck_strength_lineage,1,1
CL_CHECK,ck_strength_lineage,1,1
CL_CHECK,ck_strength_lineage,1,1
CL_CHECK,ck_strength_lineage,1,1
CL_CHECK,ck_strength_lineage,1,1
CL_CHECK,ck_strength_lineage,1,1
CL_CHECK,ck_strength_lineage,1,1
CL_CHECK,ck_strength_lineage,1,1
CL_CHECK,ck_strength_lineage,1,1
CL_CHECK,ck_strength_lineage,1,1
CL_CHECK,ck_strength_lineage,1,1
CL_CHECK,ck_strength_lineage,1,1
CL_CHECK,ck_strength_lineage,1,1
CL_CHECK,ck_strength_lineage,1,1
CL_CHECK,ck_strength_lineage,1,1
CL_CHECK,ck_strength_lineage,1,1
CL_CHECK,ck_strength_lineage,1,1
CL_CHECK,ck_strength_lineage,1,1
CL_CHECK,ck_strength_lineage,1,1
CL_CHECK,ck_strength_lineage,1,1
CL_CHECK,ck_strength_lineage,1,1
CL_CHECK,ck_strength_lineage,1,1
CL_CHECK,ck_strength_lineage,1,1
CL_CHECK,ck_strength_lineage,1,1
CL_CHECK,ck_strength_lineage,1,1
CL_CHECK,ck_strength_lineage,1,1
CL_CHECK,ck_strength_lineage,1,1
CL_CHECK,ck_strength_lineage,1,1
CL_CHECK,ck_strength_lineage,1,1
CL_CHECK,ck_strength_lineage,1,1
CL_CHECK,ck_strength_lineage,1,1
CL_CHECK,ck_strength_lineage,1,1
CL_CHECK,ck_strength_lineage,1,1
CL_CHECK,ck_strength_lineage,1,1
CL_CHECK,ck_strength_lineage,1,1
CL_CHECK,ck_strength_lineage,1,1
CL_CHECK,ck_strength_lineage,1,1
CL_CHECK,ck_strength_lineage,1,1
CL_CHECK,ck_strength_lineage,1,1
CL_CHECK,ck_strength_lineage,1,1
CL_CHECK,ck_strength_lineage,1,1
CL_CHECK,ck_strength_lineage,1,1
CL_CHECK,ck_strength_lineage,1,1
CL_CHECK,ck_strength_lineage,1,1
CL_CHECK,ck_strength_lineage,1,1
CL_CHECK,ck_strength_lineage,1,1
CL_CHECK,ck_strength_lineage,1,1
CL_CHECK,ck_strength_lineage,1,1
CL_CHECK,ck_strength_lineage,1,1
CL_CHECK,ck_strength_lineage,1,1
CL_CHECK,ck_strength_lineage,1,1
CL_CHECK,ck_strength_lineage,1,1
CL_CHECK,ck_strength_lineage,1,1
CL_CHECK,ck_strength_lineage,1,1
CL_CHECK,ck_strength_lineage,1,1
CL_CHECK,ck_strength_lineage,1,1
CL_CHECK,ck_strength_lineage,1,1
CL_CHECK,ck_strength_lineage,1,1
CL_CHECK,ck_strength_lineage,1,1
CL_CHECK,ck_strength_lineage,1,1
CL_CHECK,ck_strength_lineage,1,1
CL_CHECK,ck_strength_lineage,1,1
CL_CHECK,ck_strength_lineage,1,1
CL_CHECK,ck_strength_lineage,1,1
CL_CHECK,ck_strength_lineage,1,1
CL_CHECK,ck_strength_lineage,1,1
CL_CHECK,ck_strength_lineage,1,1
CL_CHECK,ck_strength_lineage,1,1
CL_CHECK,ck_strength_lineage,1,1
CL_CHECK,ck_strength_lineage,1,1
CL_CHECK,ck_strength_lineage,1,1
CL_CHECK,ck_strength_lineage,1,1
CL_CHECK,ck_strength_lineage,1,1
CL_CHECK,ck_strength_lineage,1,1
CL_CHECK,ck_strength_lineage,1,1
CL_CHECK,ck_strength_lineage,1,1
CL_CHECK,ck_strength_lineage,1,1
CL_CHECK,ck_strength_lineage,1,1
CL_CHECK,ck_strength_lineage,1,1
CL_CHECK,ck_strength_lineage,1,1
CL_CHECK,ck_strength_lineage,1,1
CL_CHECK,ck_strength_lineage,1,1
CL_CHECK,ck_strength_lineage,1,1
CL_CHECK,ck_strength_lineage,1,1
CL_CHECK,ck_strength_lineage,1,1
CL_CHECK,ck_strength_lineage,1,1
CL_CHECK,ck_strength_lineage,1,1
CL_CHECK,ck_strength_lineage,1,1
CL_CHECK,ck_strength_lineage,1,1
CL_CHECK,ck_strength_lineage,1,1
CL_CHECK,ck_strength_lineage,1,1
CL_CHECK,ck_strength_lineage,1,1
CL_CHECK,ck_strength_lineage,1,1
CL_CHECK,ck_strength_lineage,1,1
CL_CHECK,ck_strength_lineage,1,1
CL_CHECK,ck_strength_lineage,1,1
CL_CHECK,ck_strength_lineage,1,1
CL_CHECK,ck_strength_lineage,1,1
CL_CHECK,ck_strength_lineage,1,1
CL_CHECK,ck_strength_lineage,1,1
CL_CHECK,ck_strength_lineage,1,1
CL_CHECK,ck_strength_lineage,1,1
CL_CHECK,ck_strength_lineage,1,1
CL_CHECK,ck_strength_lineage,1,1
CL_CHECK,ck_strength_lineage,1,1
CL_CHECK,ck_strength_lineage,1,1
CL_CHECK,ck_strength_lineage,1,1
CL_CHECK,ck_strength_lineage,1,1
CL_CHECK,ck_strength_lineage,1,1
CL_CHECK,ck_strength_lineage,1,1
CL_CHECK,ck_strength_lineage,1,1
CL_CHECK,ck_strength_lineage,1,1
CL_CHECK,ck_strength_lineage,1,1
CL_CHECK,ck_strength_lineage,1,1
CL_CHECK,ck_strength_lineage,1,1
CL_CHECK,ck_strength_lineage,1,1
CL_CHECK,ck_strength_lineage,1,1
CL_CHECK,ck_strength_lineage,1,1
CL_CHECK,ck_strength_lineage,1,1
CL_CHECK,ck_strength_lineage,1,1
CL_CHECK,ck_strength_lineage,1,1
CL_CHECK,ck_strength_lineage,1,1
CL_CHECK,ck_strength_lineage,1,1
CL_CHECK,ck_strength_lineage,1,1
CL_CHECK,ck_strength_lineage,1,1
CL_CHECK,ck_strength_lineage,1,1
CL_CHECK,ck_strength_lineage,1,1
CL_CHECK,ck_strength_lineage,1,1
CL_CHECK,ck_strength_lineage,1,1
CL_CHECK,ck_strength_lineage,1,1
CL_CHECK,ck_strength_lineage,1,1
CL_CHECK,ck_strength_lineage,1,1
CL_CHECK,ck_strength_lineage,1,1
CL_CHECK,ck_strength_lineage,1,1
CL_CHECK,ck_strength_lineage,1,1
CL_CHECK,ck_strength_lineage,1,1
CL_CHECK,ck_strength_lineage,1,1
CL_CHECK,ck_strength_lineage,1,1
CL_CHECK,ck_strength_lineage,1,1
CL_CHECK,ck_strength_lineage,1,1
CL_CHECK,ck_strength_lineage,1,1
CL_CHECK,ck_strength_lineage,1,1
CL_CHECK,ck_strength_lineage,1,1
CL_CHECK,ck_strength_lineage,1,1
CL_CHECK,ck_strength_lineage,1,1
CL_CHECK,ck_strength_lineage,1,1
CL_CHECK,ck_strength_lineage,1,1
CL_CHECK,ck_strength_lineage,1,1
CL_CHECK,ck_strength_lineage,1,1
CL_CHECK,ck_strength_lineage,1,1
CL_CHECK,ck_strength_lineage,1,1
CL_CHECK,ck_strength_lineage,1,1
CL_CHECK,ck_strength_lineage,1,1
CL_CHECK,ck_strength_lineage,1,1
CL_CHECK,ck_strength_lineage,1,1
CL_CHECK,ck_strength_lineage,1,1
CL_CHECK,ck_strength_lineage,1,1
CL_CHECK,ck_strength_lineage,1,1
CL_CHECK,ck_strength_lineage,1,1
CL_CHECK,ck_strength_lineage,1,1
CL_CHECK,ck_strength_lineage,1,1
CL_CHECK,ck_strength_lineage,1,1
CL_CHECK,ck_strength_lineage,1,1
CL_CHECK,ck_strength_lineage,1,1
CL_CHECK,ck_strength_lineage,1,1
CL_CHECK,ck_strength_lineage,1,1
CL_CHECK,ck_strength_lineage,1,1
CL_CHECK,ck_strength_lineage,1,1
CL_CHECK,ck_strength_lineage,1,1
CL_CHECK,ck_strength_lineage,1,1
CL_CHECK,ck_strength_lineage,1,1
CL_CHECK,ck_strength_lineage,1,1
CL_CHECK,ck_strength_lineage,1,1
CL_CHECK,ck_strength_lineage,1,1
CL_CHECK,ck_strength_lineage,1,1
CL_CHECK,ck_strength_lineage,1,1
CL_CHECK,ck_strength_lineage,1,1
CL_CHECK,ck_strength_lineage,1,1
CL_CHECK,ck_strength_lineage,1,1
CL_CHECK,ck_strength_lineage,1,1
CL_CHECK,ck_strength_lineage,1,1
CL_CHECK,ck_strength_lineage,1,1
CL_CHECK,ck_strength_lineage,1,1
CL_CHECK,ck_strength_lineage,1,1
CL_CHECK,ck_strength_lineage,1,1
CL_CHECK,ck_strength_lineage,1,1
CL_CHECK,ck_strength_lineage,1,1
CL_CHECK,ck_strength_lineage,1,1
CL_CHECK,ck_strength_lineage,1,1
CL_CHECK,ck_strength_lineage,1,1
CL_CHECK,ck_strength_lineage,1,1
CL_CHECK,ck_strength_lineage,1,1
CL_CHECK,ck_strength_lineage,1,1
CL_CHECK,ck_strength_lineage,1,1
CL_CHECK,ck_strength_lineage,1,1
CL_CHECK,ck_strength_lineage,1,1
CL_CHECK,ck_strength_lineage,1,1
CL_CHECK,ck_strength_lineage,1,1
CL_CHECK,ck_strength_lineage,1,1
CL_CHECK,ck_strength_lineage,1,1
CL_CHECK,ck_strength_lineage,1,1
CL_CHECK,ck_strength_lineage,1,1
CL_CHECK,ck_strength_lineage,1,1
CL_CHECK,ck_strength_lineage,1,1
CL_CHECK,ck_strength_lineage,1,1
CL_CHECK,ck_strength_lineage,1,1
CL_CHECK,ck_strength_lineage,1,1
CL_CHECK,ck_strength_lineage,1,1
CL_CHECK,ck_strength_lineage,1,1
CL_CHECK,ck_strength_lineage,1,1
CL_CHECK,ck_strength_lineage,1,1
CL_CHECK,ck_strength_lineage,1,1
CL_CHECK,ck_strength_lineage,1,1
CL_CHECK,ck_strength_lineage,1,1
CL_CHECK,ck_strength_lineage,1,1
CL_CHECK,ck_strength_lineage,1,1
CL_CHECK,ck_strength_lineage,1,1
CL_CHECK,ck_strength_lineage,1,1
CL_CHECK,ck_strength_lineage,1,1
CL_CHECK,ck_strength_lineage,1,1
CL_CHECK,ck_strength_lineage,1,1
CL_CHECK,ck_strength_lineage,1,1
CL_CHECK,ck_strength_lineage,1,1
CL_CHECK,ck_strength_lineage,1,1
CL_CHECK,ck_strength_lineage,1,1
CL_CHECK,ck_strength_lineage,1,1
CL_CHECK,ck_strength_lineage,1,1
CL_CHECK,ck_strength_lineage,1,1
CL_CHECK,ck_strength_lineage,1,1
CL_CHECK,ck_strength_lineage,1,1
CL_CHECK,ck_strength_lineage,1,1
CL_CHECK,ck_strength_lineage,1,1
CL_CHECK,ck_strength_lineage,1,1
CL_CHECK,ck_strength_lineage,1,1
CL_CHECK,ck_strength_lineage,1,1
CL_CHECK,ck_strength_lineage,1,1
CL_CHECK,ck_strength_lineage,1,1
CL_CHECK,ck_strength_lineage,1,1
CL_CHECK,ck_strength_lineage,1,1
CL_CHECK,ck_strength_lineage,1,1
CL_CHECK,ck_strength_lineage,1,1
CL_CHECK,ck_strength_lineage,1,1
CL_CHECK,ck_strength_lineage,1,1
CL_CHECK,ck_strength_lineage,1,1
CL_CHECK,ck_strength_lineage,1,1
CL_CHECK,ck_strength_lineage,1,1
CL_CHECK,ck_strength_lineage,1,1
CL_CHECK,ck_strength_lineage,1,1
CL_CHECK,ck_strength_lineage,1,1
CL_CHECK,ck_strength_lineage,1,1
CL_CHECK,ck_strength_lineage,1,1
CL_CHECK,ck_strength_lineage,1,1
CL_CHECK,ck_strength_lineage,1,1
CL_CHECK,ck_strength_lineage,1,1
CL_CHECK,ck_strength_lineage,1,1
CL_CHECK,ck_strength_lineage,1,1
CL_CHECK,ck_strength_lineage,1,1
CL_CHECK,ck_strength_lineage,1,1
CL_CHECK,ck_strength_lineage,1,1
CL_CHECK,ck_strength_lineage,1,1
CL_CHECK,ck_strength_lineage,1,1
CL_CHECK,ck_strength_lineage,1,1
CL_CHECK,ck_strength_lineage,1,1
CL_CHECK,ck_strength_lineage,1,1
CL_CHECK,ck_strength_lineage,1,1
CL_CHECK,ck_strength_lineage,1,1
CL_CHECK,ck_strength_lineage,1,1
CL_CHECK,ck_strength_lineage,1,1
CL_CHECK,ck_strength_lineage,1,1
CL_CHECK,ck_strength_lineage,1,1
CL_CHECK,ck_strength_lineage,1,1
CL_CHECK,ck_strength_lineage,1,1
CL_CHECK,ck_strength_lineage,1,1
CL_CHECK,ck_strength_lineage,1,1
CL_CHECK,ck_strength_lineage,1,1
CL_CHECK,ck_strength_lineage,1,1
CL_CHECK,ck_strength_lineage,1,1
CL_CHECK,ck_strength_lineage,1,1
CL_CHECK,ck_strength_lineage,1,1
CL_CHECK,ck_strength_lineage,1,1
CL_CHECK,ck_strength_lineage,1,1
CL_CHECK,ck_strength_lineage,1,1
CL_CHECK,ck_strength_lineage,1,1
CL_CHECK,ck_strength_lineage,1,1
CL_CHECK,ck_strength_lineage,1,1
CL_CHECK,ck_strength_lineage,1,1
CL_CHECK,ck_strength_lineage,1,1
CL_CHECK,ck_strength_lineage,1,1
CL_CHECK,ck_strength_lineage,1,1
CL_CHECK,ck_strength_lineage,1,1
CL_CHECK,ck_strength_lineage,1,1
CL_CHECK,ck_strength_lineage,1,1
CL_CHECK,ck_strength_lineage,1,1
CL_CHECK,ck_strength_lineage,1,1
CL_CHECK,ck_strength_lineage,1,1
CL_CHECK,ck_strength_lineage,1,1
CL_CHECK,ck_strength_lineage,1,1
CL_CHECK,ck_strength_lineage,1,1
CL_CHECK,ck_strength_lineage,1,1
CL_CHECK,ck_strength_lineage,1,1
CL_CHECK,ck_strength_lineage,1,1
CL_CHECK,ck_strength_lineage,1,1
CL_CHECK,ck_strength_lineage,1,1
CL_CHECK,ck_strength_lineage,1,1
CL_CHECK,ck_strength_lineage,1,1
CL_CHECK,ck_strength_lineage,1,1
CL_CHECK,ck_strength_lineage,1,1
CL_CHECK,ck_strength_lineage,1,1
CL_CHECK,ck_strength_lineage,1,1
CL_CHECK,ck_strength_lineage,1,1
CL_CHECK,ck_strength_lineage,1,1
CL_CHECK,ck_strength_lineage,1,1
CL_CHECK,ck_strength_lineage,1,1
CL_CHECK,ck_strength_lineage,1,1
CL_CHECK,ck_strength_lineage,1,1
CL_CHECK,ck_strength_lineage,1,1
CL_CHECK,ck_strength_lineage,1,1
CL_CHECK,ck_strength_lineage,1,1
CL_CHECK,ck_strength_lineage,1,1
CL_CHECK,ck_strength_lineage,1,1
CL_CHECK,ck_strength_lineage,1,1
CL_CHECK,ck_strength_lineage,1,1
CL_CHECK,ck_strength_lineage,1,1
CL_CHECK,ck_strength_lineage,1,1
CL_CHECK,ck_strength_lineage,1,1
CL_CHECK,ck_strength_lineage,1,1
CL_CHECK,ck_strength_lineage,1,1
CL_CHECK,ck_strength_lineage,1,1
CL_CHECK,ck_strength_lineage,1,1
CL_CHECK,ck_strength_lineage,1,1
CL_CHECK,ck_strength_lineage,1,1
CL_CHECK,ck_strength_lineage,1,1
CL_CHECK,ck_strength_lineage,1,1
CL_CHECK,ck_strength_lineage,1,1
CL_CHECK,ck_strength_lineage,1,1
CL_CHECK,ck_strength_lineage,1,1
CL_CHECK,ck_strength_lineage,1,1
CL_CHECK,ck_strength_lineage,1,1
CL_CHECK,ck_strength_lineage,1,1
CL_CHECK,ck_strength_lineage,1,1
CL_CHECK,ck_strength_lineage,1,1
CL_CHECK,ck_strength_lineage,1,1
CL_CHECK,ck_strength_lineage,1,1
CL_CHECK,ck_strength_lineage,1,1
CL_CHECK,ck_strength_lineage,1,1
CL_CHECK,ck_strength_lineage,1,1
CL_CHECK,ck_strength_lineage,1,1
CL_CHECK,ck_strength_lineage,1,1
CL_CHECK,ck_strength_lineage,1,1
CL_CHECK,ck_strength_lineage,1,1
CL_CHECK,ck_strength_lineage,1,1
CL_CHECK,ck_strength_lineage,1,1
CL_CHECK,ck_strength_lineage,1,1
CL_CHECK,ck_strength_lineage,1,1
CL_CHECK,ck_strength_lineage,1,1
CL_CHECK,ck_strength_lineage,1,1
CL_CHECK,ck_strength_lineage,1,1
CL_CHECK,ck_strength_lineage,1,1
CL_CHECK,ck_strength_lineage,1,1
CL_CHECK,ck_strength_lineage,1,1
CL_CHECK,ck_strength_lineage,1,1
CL_CHECK,ck_strength_lineage,1,1
CL_CHECK,ck_strength_lineage,1,1
CL_CHECK,ck_strength_lineage,1,1
CL_CHECK,ck_strength_lineage,1,1
CL_CHECK,ck_strength_lineage,1,1
CL_CHECK,ck_strength_lineage,1,1
CL_CHECK,ck_strength_lineage,1,1
CL_CHECK,ck_strength_lineage,1,1
CL_CHECK,ck_strength_lineage,1,1
CL_CHECK,ck_strength_lineage,1,1
CL_CHECK,ck_strength_lineage,1,1
CL_CHECK,ck_strength_lineage,1,1
CL_CHECK,ck_strength_lineage,1,1
CL_CHECK,ck_strength_lineage,1,1
CL_CHECK,ck_strength_lineage,1,1
CL_CHECK,ck_strength_lineage,1,1
CL_CHECK,ck_strength_lineage,1,1
CL_CHECK,ck_strength_lineage,1,1
CL_CHECK,ck_strength_lineage,1,1
CL_CHECK,ck_strength_lineage,1,1
CL_CHECK,ck_strength_lineage,1,1
CL_CHECK,ck_strength_lineage,1,1
CL_CHECK,ck_strength_lineage,1,1
CL_CHECK,ck_strength_lineage,1,1
CL_CHECK,ck_strength_lineage,1,1
CL_CHECK,ck_strength_lineage,1,1
CL_CHECK,ck_strength_lineage,1,1
CL_CHECK,ck_strength_lineage,1,1
CL_CHECK,ck_strength_lineage,1,1
CL_CHECK,ck_strength_lineage,1,1
CL_CHECK,ck_strength_lineage,1,1
CL_CHECK,ck_strength_lineage,1,1
CL_CHECK,ck_strength_lineage,1,1
CL_CHECK,ck_strength_lineage,1,1
CL_CHECK,ck_strength_lineage,1,1
CL_CHECK,ck_strength_lineage,1,1
CL_CHECK,ck_strength_lineage,1,1
CL_CHECK,ck_strength_lineage,1,1
CL_CHECK,ck_strength_lineage,1,1
CL_CHECK,ck_strength_lineage,1,1
CL_CHECK,ck_strength_lineage,1,1
CL_CHECK,ck_strength_lineage,1,1
CL_CHECK,ck_strength_lineage,1,1
CL_CHECK,ck_strength_lineage,1,1
CL_CHECK,ck_strength_lineage,1,1
CL_CHECK,ck_strength_lineage,1,1
CL_CHECK,ck_strength_lineage,1,1
CL_CHECK,ck_strength_lineage,1,1
CL_CHECK,ck_strength_lineage,1,1
CL_CHECK,ck_strength_lineage,1,1
CL_CHECK,ck_strength_lineage,1,1
CL_CHECK,ck_strength_lineage,1,1
CL_CHECK,ck_strength_lineage,1,1
CL_CHECK,ck_strength_lineage,1,1
CL_CHECK,ck_strength_lineage,1,1
CL_CHECK,ck_strength_lineage,1,1
CL_CHECK,ck_strength_lineage,1,1
CL_CHECK,ck_strength_lineage,1,1
CL_CHECK,ck_strength_lineage,1,1
CL_CHECK,ck_strength_lineage,1,1
CL_CHECK,ck_strength_lineage,1,1
CL_CHECK,ck_strength_lineage,1,1
CL_CHECK,ck_strength_lineage,1,1
CL_CHECK,ck_strength_lineage,1,1
CL_CHECK,ck_strength_lineage,1,1
CL_CHECK,ck_strength_lineage,1,1
CL_CHECK,ck_strength_lineage,1,1
CL_CHECK,ck_strength_lineage,1,1
CL_CHECK,ck_strength_lineage,1,1
CL_CHECK,ck_strength_lineage,1,1
CL_CHECK,ck_strength_lineage,1,1
CL_CHECK,ck_strength_lineage,1,1
CL_CHECK,ck_strength_lineage,1,1
CL_CHECK,ck_strength_lineage,1,1
CL_CHECK,ck_strength_lineage,1,1
CL_CHECK,ck_strength_lineage,1,1
CL_CHECK,ck_strength_lineage,1,1
CL_CHECK,ck_strength_lineage,1,1
CL_CHECK,ck_strength_lineage,1,1
CL_CHECK,ck_strength_lineage,1,1
CL_CHECK,ck_strength_lineage,1,1
CL_CHECK,ck_strength_lineage,1,1
CL_CHECK,ck_strength_lineage,1,1
CL_CHECK,ck_strength_lineage,1,1
CL_CHECK,ck_strength_lineage,1,1
CL_CHECK,ck_strength_lineage,1,1
CL_CHECK,ck_strength_lineage,1,1
CL_CHECK,ck_strength_lineage,1,1
CL_CHECK,ck_strength_lineage,1,1
CL_CHECK,ck_strength_lineage,1,1
CL_CHECK,ck_strength_lineage,1,1
CL_CHECK,ck_strength_lineage,1,1
CL_CHECK,ck_strength_lineage,1,1
CL_CHECK,ck_strength_lineage,1,1
CL_CHECK,ck_strength_lineage,1,1
CL_CHECK,ck_strength_lineage,1,1
CL_CHECK,ck_strength_lineage,1,1
CL_CHECK,ck_strength_lineage,1,1
CL_CHECK,ck_strength_lineage,1,1
CL_CHECK,ck_strength_lineage,1,1
CL_CHECK,ck_strength_lineage,1,1
CL_CHECK,ck_strength_lineage,1,1
CL_CHECK,ck_strength_lineage,1,1
CL_CHECK,ck_strength_lineage,1,1
CL_CHECK,ck_strength_lineage,1,1
CL_CHECK,ck_strength_lineage,1,1
CL_CHECK,ck_strength_lineage,1,1
CL_CHECK,ck_strength_lineage,1,1
CL_CHECK,ck_strength_lineage,1,1
CL_CHECK,ck_strength_lineage,1,1
CL_CHECK,ck_strength_lineage,1,1
CL_CHECK,ck_strength_lineage,1,1
CL_CHECK,ck_strength_lineage,1,1
CL_CHECK,ck_strength_lineage,1,1
CL_CHECK,ck_strength_lineage,1,1
CL_CHECK,ck_strength_lineage,1,1
CL_CHECK,ck_strength_lineage,1,1
CL_CHECK,ck_strength_lineage,1,1
CL_CHECK,ck_strength_lineage,1,1
CL_CHECK,ck_strength_lineage,1,1
CL_CHECK,ck_strength_lineage,1,1
CL_CHECK,ck_strength_lineage,1,1
CL_CHECK,ck_strength_lineage,1,1
CL_CHECK,ck_strength_lineage,1,1
CL_CHECK,ck_strength_lineage,1,1
CL_CHECK,ck_strength_lineage,1,1
CL_CHECK,ck_strength_lineage,1,1
CL_CHECK,ck_strength_lineage,1,1
CL_CHECK,ck_strength_lineage,1,1
CL_CHECK,ck_strength_lineage,1,1
CL_CHECK,ck_strength_lineage,1,1
CL_CHECK,ck_strength_lineage,1,1
CL_CHECK,ck_strength_lineage,1,1
CL_CHECK,ck_strength_lineage,1,1
CL_CHECK,ck_strength_lineage,1,1
CL_CHECK,ck_strength_lineage,1,1
CL_CHECK,ck_strength_lineage,1,1
CL_CHECK,ck_strength_lineage,1,1
CL_CHECK,ck_strength_lineage,1,1
CL_CHECK,ck_strength_lineage,1,1
CL_CHECK,ck_strength_lineage,1,1
CL_CHECK,ck_strength_lineage,1,1
CL_CHECK,ck_strength_lineage,1,1
CL_CHECK,ck_strength_lineage,1,1
CL_CHECK,ck_strength_lineage,1,1
CL_CHECK,ck_strength_lineage,1,1
CL_CHECK,ck_strength_lineage,1,1
CL_CHECK,ck_strength_lineage,1,1
CL_CHECK,ck_strength_lineage,1,1
CL_CHECK,ck_strength_lineage,1,1
CL_CHECK,ck_strength_lineage,1,1
CL_CHECK,ck_strength_lineage,1,1
CL_CHECK,ck_strength_lineage,1,1
CL_CHECK,ck_strength_lineage,1,1
CL_CHECK,ck_strength_lineage,1,1
CL_CHECK,ck_strength_lineage,1,1
CL_CHECK,ck_strength_lineage,1,1
CL_CHECK,ck_strength_lineage,1,1
CL_CHECK,ck_strength_lineage,1,1
CL_CHECK,ck_strength_lineage,1,1
CL_CHECK,ck_strength_lineage,1,1
CL_CHECK,ck_strength_lineage,1,1
CL_CHECK,ck_strength_lineage,1,1
CL_CHECK,ck_strength_lineage,1,1
CL_CHECK,ck_strength_lineage,1,1
CL_CHECK,ck_strength_lineage,1,1
CL_CHECK,ck_strength_lineage,1,1
CL_CHECK,ck_strength_lineage,1,1
CL_CHECK,ck_strength_lineage,1,1
CL_CHECK,ck_strength_lineage,1,1
CL_CHECK,ck_strength_lineage,1,1
CL_CHECK,ck_strength_lineage,1,1
CL_CHECK,ck_strength_lineage,1,1
CL_CHECK,ck_strength_lineage,1,1
CL_CHECK,ck_strength_lineage,1,1
CL_CHECK,ck_strength_lineage,1,1
CL_CHECK,ck_strength_lineage,1,1
CL_CHECK,ck_strength_lineage,1,1
CL_CHECK,ck_strength_lineage,1,1
CL_CHECK,ck_strength_lineage,1,1
CL_CHECK,ck_strength_lineage,1,1
CL_CHECK,ck_strength_lineage,1,1
CL_CHECK,ck_strength_lineage,1,1
CL_CHECK,ck_strength_lineage,1,1
CL_CHECK,ck_strength_lineage,1,1
CL_CHECK,ck_strength_lineage,1,1
CL_CHECK,ck_strength_lineage,1,1
CL_CHECK,ck_strength_lineage,1,1
CL_CHECK,ck_strength_lineage,1,1
CL_CHECK,ck_strength_lineage,1,1
CL_CHECK,ck_strength_lineage,1,1
CL_CHECK,ck_strength_lineage,1,1
CL_CHECK,ck_strength_lineage,1,1
CL_CHECK,ck_strength_lineage,1,1
CL_CHECK,ck_strength_lineage,1,1
CL_CHECK,ck_strength_lineage,1,1
CL_CHECK,ck_strength_lineage,1,1
CL_CHECK,ck_strength_lineage,1,1
CL_CHECK,ck_strength_lineage,1,1
CL_CHECK,ck_strength_lineage,1,1
CL_CHECK,ck_strength_lineage,1,1
CL_CHECK,ck_strength_lineage,1,1
CL_CHECK,ck_strength_lineage,1,1
CL_CHECK,ck_strength_lineage,1,1
CL_CHECK,ck_strength_lineage,1,1
CL_CHECK,ck_strength_lineage,1,1
CL_CHECK,ck_strength_lineage,1,1
CL_CHECK,ck_strength_lineage,1,1
CL_CHECK,ck_strength_lineage,1,1
CL_CHECK,ck_strength_lineage,1,1
CL_CHECK,ck_strength_lineage,1,1
CL_CHECK,ck_strength_lineage,1,1
CL_CHECK,ck_strength_lineage,1,1
CL_CHECK,ck_strength_lineage,1,1
CL_CHECK,ck_strength_lineage,1,1
CL_CHECK,ck_strength_lineage,1,1
CL_CHECK,ck_strength_lineage,1,1
CL_CHECK,ck_strength_lineage,1,1
CL_CHECK,ck_strength_lineage,1,1
CL_CHECK,ck_strength_lineage,1,1
CL_CHECK,ck_strength_lineage,1,1
CL_CHECK,ck_strength_lineage,1,1
CL_CHECK,ck_strength_lineage,1,1
CL_CHECK,ck_strength_lineage,1,1
CL_CHECK,ck_strength_lineage,1,1
CL_CHECK,ck_strength_lineage,1,1
CL_CHECK,ck_strength_lineage,1,1
CL_CHECK,ck_strength_lineage,1,1
CL_CHECK,ck_strength_lineage,1,1
CL_CHECK,ck_strength_lineage,1,1
CL_CHECK,ck_strength_lineage,1,1
CL_CHECK,ck_strength_lineage,1,1
CL_CHECK,ck_strength_lineage,1,1
CL_CHECK,ck_strength_lineage,1,1
CL_CHECK,ck_strength_lineage,1,1
CL_CHECK,ck_strength_lineage,1,1
CL_CHECK,ck_strength_lineage,1,1
CL_CHECK,ck_strength_lineage,1,1
CL_CHECK,ck_strength_lineage,1,1
CL_CHECK,ck_strength_lineage,1,1
CL_CHECK,ck_strength_lineage,1,1
CL_CHECK,ck_strength_lineage,1,1
CL_CHECK,ck_strength_lineage,1,1
CL_CHECK,ck_strength_lineage,1,1
CL_CHECK,ck_strength_lineage,1,1
CL_CHECK,ck_strength_lineage,1,1
CL_CHECK,ck_strength_lineage,1,1
CL_CHECK,ck_strength_lineage,1,1
CL_CHECK,ck_strength_lineage,1,1
CL_CHECK,ck_strength_lineage,1,1
CL_CHECK,ck_strength_lineage,1,1
CL_CHECK,ck_strength_lineage,1,1
CL_CHECK,ck_strength_lineage,1,1
CL_CHECK,ck_strength_lineage,1,1
CL_CHECK,ck_strength_lineage,1,1
CL_CHECK,ck_strength_lineage,1,1
CL_CHECK,ck_strength_lineage,1,1
CL_CHECK,ck_strength_lineage,1,1
CL_CHECK,ck_strength_lineage,1,1
CL_CHECK,ck_strength_lineage,1,1
CL_CHECK,ck_strength_lineage,1,1
CL_CHECK,ck_strength_lineage,1,1
CL_CHECK,ck_strength_lineage,1,1
CL_CHECK,ck_strength_lineage,1,1
CL_CHECK,ck_strength_lineage,1,1
CL_CHECK,ck_strength_lineage,1,1
CL_CHECK,ck_strength_lineage,1,1
CL_CHECK,ck_strength_lineage,1,1
CL_CHECK,ck_strength_lineage,1,1
CL_CHECK,ck_strength_lineage,1,1
CL_CHECK,ck_strength_lineage,1,1
CL_CHECK,ck_strength_lineage,1,1
CL_CHECK,ck_strength_lineage,1,1
CL_CHECK,ck_strength_lineage,1,1
CL_CHECK,ck_strength_lineage,1,1
CL_CHECK,ck_strength_lineage,1,1
CL_CHECK,ck_strength_lineage,1,1
CL_CHECK,ck_strength_lineage,1,1
CL_CHECK,ck_strength_lineage,1,1
CL_CHECK,ck_strength_lineage,1,1
CL_CHECK,ck_strength_lineage,1,1
CL_CHECK,ck_strength_lineage,1,1
CL_CHECK,ck_strength_lineage,1,1
CL_CHECK,ck_strength_lineage,1,1
CL_CHECK,ck_strength_lineage,1,1
CL_CHECK,ck_strength_lineage,1,1
CL_CHECK,ck_strength_lineage,1,1
CL_CHECK,ck_strength_lineage,1,1
CL_CHECK,ck_strength_lineage,1,1
CL_CHECK,ck_strength_lineage,1,1
CL_CHECK,ck_strength_lineage,1,1
CL_CHECK,ck_strength_lineage,1,1
CL_CHECK,ck_strength_lineage,1,1
CL_CHECK,ck_strength_lineage,1,1
CL_CHECK,ck_strength_lineage,1,1
CL_CHECK,ck_strength_lineage,1,1
CL_CHECK,ck_strength_lineage,1,1
CL_CHECK,ck_strength_lineage,1,1
CL_CHECK,ck_strength_lineage,1,1
CL_CHECK,ck_strength_lineage,1,1
CL_CHECK,ck_strength_lineage,1,1
CL_CHECK,ck_strength_lineage,1,1
CL_CHECK,ck_strength_lineage,1,1
CL_CHECK,ck_strength_lineage,1,1
CL_CHECK,ck_strength_lineage,1,1
CL_CHECK,ck_strength_lineage,1,1
CL_CHECK,ck_strength_lineage,1,1
CL_CHECK,ck_strength_lineage,1,1
CL_CHECK,ck_strength_lineage,1,1
CL_CHECK,ck_strength_lineage,1,1
CL_CHECK,ck_strength_lineage,1,1
CL_CHECK,ck_strength_lineage,1,1
CL_CHECK,ck_strength_lineage,1,1
CL_CHECK,ck_strength_lineage,1,1
CL_CHECK,ck_strength_lineage,1,1
CL_CHECK,ck_strength_lineage,1,1
CL_CHECK,ck_strength_lineage,1,1
CL_CHECK,ck_strength_lineage,1,1
CL_CHECK,ck_strength_lineage,1,1
CL_CHECK,ck_strength_lineage,1,1
CL_CHECK,ck_strength_lineage,1,1
CL_CHECK,ck_strength_lineage,1,1
CL_CHECK,ck_strength_lineage,1,1
CL_CHECK,ck_strength_lineage,1,1
CL_CHECK,ck_strength_lineage,1,1
CL_CHECK,ck_strength_lineage,1,1
CL_CHECK,ck_strength_lineage,1,1
CL_CHECK,ck_strength_lineage,1,1
CL_CHECK,ck_strength_lineage,1,1
CL_CHECK,ck_strength_lineage,1,1
CL_CHECK,ck_strength_lineage,1,1
CL_CHECK,ck_strength_lineage,1,1
CL_CHECK,ck_strength_lineage,1,1
CL_CHECK,ck_strength_lineage,1,1
CL_CHECK,ck_strength_lineage,1,1
CL_CHECK,ck_strength_lineage,1,1
CL_CHECK,ck_strength_lineage,1,1
CL_CHECK,ck_strength_lineage,1,1
CL_CHECK,ck_strength_lineage,1,1
CL_CHECK,ck_strength_lineage,1,1
CL_CHECK,ck_strength_lineage,1,1
CL_CHECK,ck_strength_lineage,1,1
CL_CHECK,ck_strength_lineage,1,1
CL_CHECK,ck_strength_lineage,1,1
CL_CHECK,ck_strength_lineage,1,1
CL_CHECK,ck_strength_lineage,1,1
CL_CHECK,ck_strength_lineage,1,1
CL_CHECK,ck_strength_lineage,1,1
CL_CHECK,ck_strength_lineage,1,1
CL_CHECK,ck_strength_lineage,1,1
CL_CHECK,ck_strength_lineage,1,1
CL_CHECK,ck_strength_lineage,1,1
CL_CHECK,ck_strength_lineage,1,1
CL_CHECK,ck_strength_lineage,1,1
CL_CHECK,ck_strength_lineage,1,1
CL_CHECK,ck_strength_lineage,1,1
CL_CHECK,ck_strength_lineage,1,1
CL_CHECK,ck_strength_lineage,1,1
CL_CHECK,ck_strength_lineage,1,1
CL_CHECK,ck_strength_lineage,1,1
CL_CHECK,ck_strength_lineage,1,1
CL_CHECK,ck_strength_lineage,1,1
CL_CHECK,ck_strength_lineage,1,1
CL_CHECK,ck_strength_lineage,1,1
CL_CHECK,ck_strength_lineage,1,1
CL_CHECK,ck_strength_lineage,1,1
CL_CHECK,ck_strength_lineage,1,1
CL_CHECK,ck_strength_lineage,1,1
CL_CHECK,ck_strength_lineage,1,1
CL_CHECK,ck_strength_lineage,1,1
CL_CHECK,ck_strength_lineage,1,1
CL_CHECK,ck_strength_lineage,1,1
CL_CHECK,ck_strength_lineage,1,1
CL_CHECK,ck_strength_lineage,1,1
CL_CHECK,ck_strength_lineage,1,1
CL_CHECK,ck_strength_lineage,1,1
CL_CHECK,ck_strength_lineage,1,1
CL_CHECK,ck_strength_lineage,1,1
CL_CHECK,ck_strength_lineage,1,1
CL_CHECK,ck_strength_lineage,1,1
CL_CHECK,ck_strength_lineage,1,1
CL_CHECK,ck_strength_lineage,1,1
CL_CHECK,ck_strength_lineage,1,1
CL_CHECK,ck_strength_lineage,1,1
CL_CHECK,ck_strength_lineage,1,1
CL_CHECK,ck_strength_lineage,1,1
CL_CHECK,ck_strength_lineage,1,1
CL_CHECK,ck_strength_lineage,1,1
CL_CHECK,ck_strength_lineage,1,1
CL_CHECK,ck_strength_lineage,1,1
CL_CHECK,ck_strength_lineage,1,1
CL_CHECK,ck_strength_lineage,1,1
CL_CHECK,ck_strength_lineage,1,1
CL_CHECK,ck_strength_lineage,1,1
CL_CHECK,ck_strength_lineage,1,1
CL_CHECK,ck_strength_lineage,1,1
CL_CHECK,ck_strength_lineage,1,1
CL_CHECK,ck_strength_lineage,1,1
CL_CHECK,ck_strength_lineage,1,1
CL_CHECK,ck_strength_lineage,1,1
CL_CHECK,ck_strength_lineage,1,1
CL_CHECK,ck_strength_lineage,1,1
CL_CHECK,ck_strength_lineage,1,1
CL_CHECK,ck_strength_lineage,1,1
CL_CHECK,ck_strength_lineage,1,1
CL_CHECK,ck_strength_lineage,1,1
CL_CHECK,ck_strength_lineage,1,1
CL_CHECK,ck_strength_lineage,1,1
CL_CHECK,ck_strength_lineage,1,1
CL_CHECK,ck_strength_lineage,1,1
CL_CHECK,ck_strength_lineage,1,1
CL_CHECK,ck_strength_lineage,1,1
CL_CHECK,ck_strength_lineage,1,1
CL_CHECK,ck_strength_lineage,1,1
CL_CHECK,ck_strength_lineage,1,1
CL_CHECK,ck_strength_lineage,1,1
CL_CHECK,ck_strength_lineage,1,1
CL_CHECK,ck_strength_lineage,1,1
CL_CHECK,ck_strength_lineage,1,1
CL_CHECK,ck_strength_lineage,1,1
CL_CHECK,ck_strength_lineage,1,1
CL_CHECK,ck_strength_lineage,1,1
CL_CHECK,ck_strength_lineage,1,1
CL_CHECK,ck_strength_lineage,1,1
CL_CHECK,ck_strength_lineage,1,1
CL_CHECK,ck_strength_lineage,1,1
CL_CHECK,ck_strength_lineage,1,1
CL_CHECK,ck_strength_lineage,1,1
CL_CHECK,ck_strength_lineage,1,1
CL_CHECK,ck_strength_lineage,1,1
CL_CHECK,ck_strength_lineage,1,1
CL_CHECK,ck_strength_lineage,1,1
CL_CHECK,ck_strength_lineage,1,1
CL_CHECK,ck_strength_lineage,1,1
CL_CHECK,ck_strength_lineage,1,1
CL_CHECK,ck_strength_lineage,1,1
CL_CHECK,ck_strength_lineage,1,1
CL_CHECK,ck_strength_lineage,1,1
CL_CHECK,ck_strength_lineage,1,1
CL_CHECK,ck_strength_lineage,1,1
CL_CHECK,ck_strength_lineage,1,1
CL_CHECK,ck_strength_lineage,1,1
CL_CHECK,ck_strength_lineage,1,1
CL_CHECK,ck_strength_lineage,1,1
CL_CHECK,ck_strength_lineage,1,1
CL_CHECK,ck_strength_lineage,1,1
CL_CHECK,ck_strength_lineage,1,1
CL_CHECK,ck_strength_lineage,1,1
CL_CHECK,ck_strength_lineage,1,1
CL_CHECK,ck_strength_lineage,1,1
CL_CHECK,ck_strength_lineage,1,1
CL_CHECK,ck_strength_lineage,1,1
CL_CHECK,ck_strength_lineage,1,1
CL_CHECK,ck_strength_lineage,1,1
CL_CHECK,ck_strength_lineage,1,1
CL_CHECK,ck_strength_lineage,1,1
CL_CHECK,ck_strength_lineage,1,1
CL_CHECK,ck_strength_lineage,1,1
CL_CHECK,ck_strength_lineage,1,1
CL_CHECK,ck_strength_lineage,1,1
CL_CHECK,ck_strength_lineage,1,1
CL_CHECK,ck_strength_lineage,1,1
CL_CHECK,ck_strength_lineage,1,1
CL_CHECK,ck_strength_lineage,1,1
CL_CHECK,ck_strength_lineage,1,1
CL_CHECK,ck_strength_lineage,1,1
CL_CHECK,ck_strength_lineage,1,1
CL_CHECK,ck_strength_lineage,1,1
CL_CHECK,ck_strength_lineage,1,1
CL_CHECK,ck_strength_lineage,1,1
CL_CHECK,ck_strength_lineage,1,1
CL_CHECK,ck_strength_lineage,1,1
CL_CHECK,ck_strength_lineage,1,1
CL_CHECK,ck_strength_lineage,1,1
CL_CHECK,ck_strength_lineage,1,1
CL_CHECK,ck_strength_lineage,1,1
CL_CHECK,ck_strength_lineage,1,1
CL_CHECK,ck_strength_lineage,1,1
CL_CHECK,ck_strength_lineage,1,1
CL_CHECK,ck_strength_lineage,1,1
CL_CHECK,ck_strength_lineage,1,1
CL_CHECK,ck_strength_lineage,1,1
CL_CHECK,ck_strength_lineage,1,1
CL_CHECK,ck_strength_lineage,1,1
CL_CHECK,ck_strength_lineage,1,1
CL_CHECK,ck_strength_lineage,1,1
CL_CHECK,ck_strength_lineage,1,1
CL_CHECK,ck_strength_lineage,1,1
CL_CHECK,ck_strength_lineage,1,1
CL_CHECK,ck_strength_lineage,1,1
CL_CHECK,ck_strength_lineage,1,1
CL_CHECK,ck_strength_lineage,1,1
CL_CHECK,ck_strength_lineage,1,1
CL_CHECK,ck_strength_lineage,1,1
CL_CHECK,ck_strength_lineage,1,1
CL_CHECK,ck_strength_lineage,1,1
CL_CHECK,ck_strength_lineage,1,1
CL_CHECK,ck_strength_lineage,1,1
CL_CHECK,ck_strength_lineage,1,1
CL_CHECK,ck_strength_lineage,1,1
CL_CHECK,ck_strength_lineage,1,1
CL_CHECK,ck_strength_lineage,1,1
CL_CHECK,ck_strength_lineage,1,1
CL_CHECK,ck_strength_lineage,1,1
CL_CHECK,ck_strength_lineage,1,1
CL_CHECK,ck_strength_lineage,1,1
CL_CHECK,ck_strength_lineage,1,1
CL_CHECK,ck_strength_lineage,1,1
CL_CHECK,ck_strength_lineage,1,1
CL_CHECK,ck_strength_lineage,1,1
CL_CHECK,ck_strength_lineage,1,1
CL_CHECK,ck_strength_lineage,1,1
CL_CHECK,ck_strength_lineage,1,1
CL_CHECK,ck_strength_lineage,1,1
CL_CHECK,ck_strength_lineage,1,1
CL_CHECK,ck_strength_lineage,1,1
CL_CHECK,ck_strength_lineage,1,1
CL_CHECK,ck_strength_lineage,1,1
CL_CHECK,ck_strength_lineage,1,1
CL_CHECK,ck_strength_lineage,1,1
CL_CHECK,ck_strength_lineage,1,1
CL_CHECK,ck_strength_lineage,1,1
CL_CHECK,ck_strength_lineage,1,1
CL_CHECK,ck_strength_lineage,1,1
CL_CHECK,ck_strength_lineage,1,1
CL_CHECK,ck_strength_lineage,1,1
CL_CHECK,ck_strength_lineage,1,1
CL_CHECK,ck_strength_lineage,1,1
CL_CHECK,ck_strength_lineage,1,1
CL_CHECK,ck_strength_lineage,1,1
CL_CHECK,ck_strength_lineage,1,1
CL_CHECK,ck_strength_lineage,1,1
CL_CHECK,ck_strength_lineage,1,1
CL_CHECK,ck_strength_lineage,1,1
CL_CHECK,ck_strength_lineage,1,1
CL_CHECK,ck_strength_lineage,1,1
CL_CHECK,ck_strength_lineage,1,1
CL_CHECK,ck_strength_lineage,1,1
CL_CHECK,ck_strength_lineage,1,1
CL_CHECK,ck_strength_lineage,1,1
CL_CHECK,ck_strength_lineage,1,1
CL_CHECK,ck_strength_lineage,1,1
CL_CHECK,ck_strength_lineage,1,1
CL_CHECK,ck_strength_lineage,1,1
CL_CHECK,ck_strength_lineage,1,1
CL_CHECK,ck_strength_lineage,1,1
CL_CHECK,ck_strength_lineage,1,1
CL_CHECK,ck_strength_lineage,1,1
CL_CHECK,ck_strength_lineage,1,1
CL_CHECK,ck_strength_lineage,1,1
CL_CHECK,ck_strength_lineage,1,1
CL_CHECK,ck_strength_lineage,1,1
CL_CHECK,ck_strength_lineage,1,1
CL_CHECK,ck_strength_lineage,1,1
CL_CHECK,ck_strength_lineage,1,1
CL_CHECK,ck_strength_lineage,1,1
CL_CHECK,ck_strength_lineage,1,1
CL_CHECK,ck_strength_lineage,1,1
CL_CHECK,ck_strength_lineage,1,1
CL_CHECK,ck_strength_lineage,1,1
CL_CHECK,ck_strength_lineage,1,1
CL_CHECK,ck_strength_lineage,1,1
CL_CHECK,ck_strength_lineage,1,1
CL_CHECK,ck_strength_lineage,1,1
CL_CHECK,ck_strength_lineage,1,1
CL_CHECK,ck_strength_lineage,1,1
CL_CHECK,ck_strength_lineage,1,1
CL_CHECK,ck_strength_lineage,1,1
CL_CHECK,ck_strength_lineage,1,1
CL_CHECK,ck_strength_lineage,1,1
CL_CHECK,ck_strength_lineage,1,1
CL_CHECK,ck_strength_lineage,1,1
CL_CHECK,ck_strength_lineage,1,1
CL_CHECK,ck_strength_lineage,1,1
CL_CHECK,ck_strength_lineage,1,1
CL_CHECK,ck_strength_lineage,1,1
CL_CHECK,ck_strength_lineage,1,1
CL_CHECK,ck_strength_lineage,1,1
CL_CHECK,ck_strength_lineage,1,1
CL_CHECK,ck_strength_lineage,1,1
CL_CHECK,ck_strength_lineage,1,1
CL_CHECK,ck_strength_lineage,1,1
CL_CHECK,ck_strength_lineage,1,1
CL_CHECK,ck_strength_lineage,1,1
CL_CHECK,ck_strength_lineage,1,1
CL_CHECK,ck_strength_lineage,1,1
CL_CHECK,ck_strength_lineage,1,1
CL_CHECK,ck_strength_lineage,1,1
CL_CHECK,ck_strength_lineage,1,1
CL_CHECK,ck_strength_lineage,1,1
CL_CHECK,ck_strength_lineage,1,1
CL_CHECK,ck_strength_lineage,1,1
CL_CHECK,ck_strength_lineage,1,1
CL_CHECK,ck_strength_lineage,1,1
CL_CHECK,ck_strength_lineage,1,1
CL_CHECK,ck_strength_lineage,1,1
CL_CHECK,ck_strength_lineage,1,1
CL_CHECK,ck_strength_lineage,1,1
CL_CHECK,ck_strength_lineage,1,1
CL_CHECK,ck_strength_lineage,1,1
CL_CHECK,ck_strength_lineage,1,1
CL_CHECK,ck_strength_lineage,1,1
CL_CHECK,ck_strength_lineage,1,1
CL_CHECK,ck_strength_lineage,1,1
CL_CHECK,ck_strength_lineage,1,1
CL_CHECK,ck_strength_lineage,1,1
CL_CHECK,ck_strength_lineage,1,1
CL_CHECK,ck_strength_lineage,1,1
CL_CHECK,ck_strength_lineage,1,1
CL_CHECK,ck_strength_lineage,1,1
CL_CHECK,ck_strength_lineage,1,1
CL_CHECK,ck_strength_lineage,1,1
CL_CHECK,ck_strength_lineage,1,1
CL_CHECK,ck_strength_lineage,1,1
CL_CHECK,ck_strength_lineage,1,1
CL_CHECK,ck_strength_lineage,1,1
CL_CHECK,ck_strength_lineage,1,1
CL_CHECK,ck_strength_lineage,1,1
CL_CHECK,ck_strength_lineage,1,1
CL_CHECK,ck_strength_lineage,1,1
CL_CHECK,ck_strength_lineage,1,1
CL_CHECK,ck_strength_lineage,1,1
CL_CHECK,ck_strength_lineage,1,1
CL_CHECK,ck_strength_lineage,1,1
CL_CHECK,ck_strength_lineage,1,1
CL_CHECK,ck_strength_lineage,1,1
CL_CHECK,ck_strength_lineage,1,1
CL_CHECK,ck_strength_lineage,1,1
CL_CHECK,ck_strength_lineage,1,1
CL_CHECK,ck_strength_lineage,1,1
CL_CHECK,ck_strength_lineage,1,1
CL_CHECK,ck_strength_lineage,1,1
CL_CHECK,ck_strength_lineage,1,1
CL_CHECK,ck_strength_lineage,1,1
CL_CHECK,ck_strength_lineage,1,1
CL_CHECK,ck_strength_lineage,1,1
CL_CHECK,ck_strength_lineage,1,1
CL_CHECK,ck_strength_lineage,1,1
CL_CHECK,ck_strength_lineage,1,1
CL_CHECK,ck_strength_lineage,1,1
CL_CHECK,ck_strength_lineage,1,1
CL_CHECK,ck_strength_lineage,1,1
CL_CHECK,ck_strength_lineage,1,1
CL_CHECK,ck_strength_lineage,1,1
CL_CHECK,ck_strength_lineage,1,1
CL_CHECK,ck_strength_lineage,1,1
CL_CHECK,ck_strength_lineage,1,1
CL_CHECK,ck_strength_lineage,1,1
CL_CHECK,ck_strength_lineage,1,1
CL_CHECK,ck_strength_lineage,1,1
CL_CHECK,ck_strength_lineage,1,1
CL_CHECK,ck_strength_lineage,1,1
CL_CHECK,ck_strength_lineage,1,1
CL_CHECK,ck_strength_lineage,1,1
CL_CHECK,ck_strength_lineage,1,1
CL_CHECK,ck_strength_lineage,1,1
CL_CHECK,ck_strength_lineage,1,1
CL_CHECK,ck_strength_lineage,1,1
CL_CHECK,ck_strength_lineage,1,1
CL_CHECK,ck_strength_lineage,1,1
CL_CHECK,ck_strength_lineage,1,1
CL_CHECK,ck_strength_lineage,1,1
CL_CHECK,ck_strength_lineage,1,1
CL_CHECK,ck_strength_lineage,1,1
CL_CHECK,ck_strength_lineage,1,1
CL_CHECK,ck_strength_lineage,1,1
CL_CHECK,ck_strength_lineage,1,1
CL_CHECK,ck_strength_lineage,1,1
CL_CHECK,ck_strength_lineage,1,1
CL_CHECK,ck_strength_lineage,1,1
CL_CHECK,ck_strength_lineage,1,1
CL_CHECK,ck_strength_lineage,1,1
CL_CHECK,ck_strength_lineage,1,1
CL_CHECK,ck_strength_lineage,1,1
CL_CHECK,ck_strength_lineage,1,1
CL_CHECK,ck_strength_lineage,1,1
CL_CHECK,ck_strength_lineage,1,1
CL_CHECK,ck_strength_lineage,1,1
CL_CHECK,ck_strength_lineage,1,1
CL_CHECK,ck_strength_lineage,1,1
CL_CHECK,ck_strength_lineage,1,1
CL_CHECK,ck_strength_lineage,1,1
CL_CHECK,ck_strength_lineage,1,1
CL_CHECK,ck_strength_lineage,1,1
CL_CHECK,ck_strength_lineage,1,1
CL_CHECK,ck_strength_lineage,1,1
CL_CHECK,ck_strength_lineage,1,1
CL_CHECK,ck_strength_lineage,1,1
CL_CHECK,ck_strength_lineage,1,1
CL_CHECK,ck_strength_lineage,1,1
CL_CHECK,ck_strength_lineage,1,1
CL_CHECK,ck_strength_lineage,1,1
CL_CHECK,ck_strength_lineage,1,1
CL_CHECK,ck_strength_lineage,1,1
CL_CHECK,ck_strength_lineage,1,1
CL_CHECK,ck_strength_lineage,1,1
CL_CHECK,ck_strength_lineage,1,1
CL_CHECK,ck_strength_lineage,1,1
CL_CHECK,ck_strength_lineage,1,1
CL_CHECK,ck_strength_lineage,1,1
CL_CHECK,ck_strength_lineage,1,1
CL_CHECK,ck_strength_lineage,1,1
CL_CHECK,ck_strength_lineage,1,1
CL_CHECK,ck_strength_lineage,1,1
CL_CHECK,ck_strength_lineage,1,1
CL_CHECK,ck_strength_lineage,1,1
CL_CHECK,ck_strength_lineage,1,1
CL_CHECK,ck_strength_lineage,1,1
CL_CHECK,ck_strength_lineage,1,1
CL_CHECK,ck_strength_lineage,1,1
CL_CHECK,ck_strength_lineage,1,1
CL_CHECK,ck_strength_lineage,1,1
CL_CHECK,ck_strength_lineage,1,1
CL_CHECK,ck_strength_lineage,1,1
CL_CHECK,ck_strength_lineage,1,1
CL_CHECK,ck_strength_lineage,1,1
CL_CHECK,ck_strength_lineage,1,1
CL_CHECK,ck_strength_lineage,1,1
CL_CHECK,ck_strength_lineage,1,1
CL_CHECK,ck_strength_lineage,1,1
CL_CHECK,ck_strength_lineage,1,1
CL_CHECK,ck_strength_lineage,1,1
CL_CHECK,ck_strength_lineage,1,1
CL_CHECK,ck_strength_lineage,1,1
CL_CHECK,ck_strength_lineage,1,1
CL_CHECK,ck_strength_lineage,1,1
CL_CHECK,ck_strength_lineage,1,1
CL_CHECK,ck_strength_lineage,1,1
CL_CHECK,ck_strength_lineage,1,1
CL_CHECK,ck_strength_lineage,1,1
CL_CHECK,ck_strength_lineage,1,1
CL_CHECK,ck_strength_lineage,1,1
CL_CHECK,ck_strength_lineage,1,1
CL_CHECK,ck_strength_lineage,1,1
CL_CHECK,ck_strength_lineage,1,1
CL_CHECK,ck_strength_lineage,1,1
CL_CHECK,ck_strength_lineage,1,1
CL_CHECK,ck_strength_lineage,1,1
CL_CHECK,ck_strength_lineage,1,1
CL_CHECK,ck_strength_lineage,1,1
CL_CHECK,ck_strength_lineage,1,1
CL_CHECK,ck_strength_lineage,1,1
CL_CHECK,ck_strength_lineage,1,1
CL_CHECK,ck_strength_lineage,1,1
CL_CHECK,ck_strength_lineage,1,1
CL_CHECK,ck_strength_lineage,1,1
CL_CHECK,ck_strength_lineage,1,1
CL_CHECK,ck_strength_lineage,1,1
CL_CHECK,ck_strength_lineage,1,1
CL_CHECK,ck_strength_lineage,1,1
CL_CHECK,ck_strength_lineage,1,1
CL_CHECK,ck_strength_lineage,1,1
CL_CHECK,ck_strength_lineage,1,1
CL_CHECK,ck_strength_lineage,1,1
CL_CHECK,ck_strength_lineage,1,1
CL_CHECK,ck_strength_lineage,1,1
CL_CHECK,ck_strength_lineage,1,1
CL_CHECK,ck_strength_lineage,1,1
CL_CHECK,ck_strength_lineage,1,1
CL_CHECK,ck_strength_lineage,1,1
CL_CHECK,ck_strength_lineage,1,1
CL_CHECK,ck_strength_lineage,1,1
CL_CHECK,ck_strength_lineage,1,1
CL_CHECK,ck_strength_lineage,1,1
CL_CHECK,ck_strength_lineage,1,1
CL_CHECK,ck_strength_lineage,1,1
CL_CHECK,ck_strength_lineage,1,1
CL_CHECK,ck_strength_lineage,1,1
CL_CHECK,ck_strength_lineage,1,1
CL_CHECK,ck_strength_lineage,1,1
CL_CHECK,ck_strength_lineage,1,1
CL_CHECK,ck_strength_lineage,1,1
CL_CHECK,ck_strength_lineage,1,1
CL_CHECK,ck_strength_lineage,1,1
CL_CHECK,ck_strength_lineage,1,1
CL_CHECK,ck_strength_lineage,1,1
CL_CHECK,ck_strength_lineage,1,1
CL_CHECK,ck_strength_lineage,1,1
CL_CHECK,ck_strength_lineage,1,1
CL_CHECK,ck_strength_lineage,1,1
CL_CHECK,ck_strength_lineage,1,1
CL_CHECK,ck_strength_lineage,1,1
CL_CHECK,ck_strength_lineage,1,1
CL_CHECK,ck_strength_lineage,1,1
CL_CHECK,ck_strength_lineage,1,1
CL_CHECK,ck_strength_lineage,1,1
CL_CHECK,ck_strength_lineage,1,1
CL_CHECK,ck_strength_lineage,1,1
CL_CHECK,ck_strength_lineage,1,1
CL_CHECK,ck_strength_lineage,1,1
CL_CHECK,ck_strength_lineage,1,1
CL_CHECK,ck_strength_lineage,1,1
CL_CHECK,ck_strength_lineage,1,1
CL_CHECK,ck_strength_lineage,1,1
CL_CHECK,ck_strength_lineage,1,1
CL_CHECK,ck_strength_lineage,1,1
CL_CHECK,ck_strength_lineage,1,1
CL_CHECK,ck_strength_lineage,1,1
CL_CHECK,ck_strength_lineage,1,1
CL_CHECK,ck_strength_lineage,1,1
CL_CHECK,ck_strength_lineage,1,1
CL_CHECK,ck_strength_lineage,1,1
CL_CHECK,ck_strength_lineage,1,1
CL_CHECK,ck_strength_lineage,1,1
CL_CHECK,ck_strength_lineage,1,1
CL_CHECK,ck_strength_lineage,1,1
CL_CHECK,ck_strength_lineage,1,1
CL_CHECK,ck_strength_lineage,1,1
CL_CHECK,ck_strength_lineage,1,1
CL_CHECK,ck_strength_lineage,1,1
CL_CHECK,ck_strength_lineage,1,1
CL_CHECK,ck_strength_lineage,1,1
CL_CHECK,ck_strength_lineage,1,1
CL_CHECK,ck_strength_lineage,1,1
CL_CHECK,ck_strength_lineage,1,1
CL_CHECK,ck_strength_lineage,1,1
CL_CHECK,ck_strength_lineage,1,1
CL_CHECK,ck_strength_lineage,1,1
CL_CHECK,ck_strength_lineage,1,1
CL_CHECK,ck_strength_lineage,1,1
CL_CHECK,ck_strength_lineage,1,1
CL_CHECK,ck_strength_lineage,1,1
CL_CHECK,ck_strength_lineage,1,1
CL_CHECK,ck_strength_lineage,1,1
CL_CHECK,ck_strength_lineage,1,1
CL_CHECK,ck_strength_lineage,1,1
CL_CHECK,ck_strength_lineage,1,1
CL_CHECK,ck_strength_lineage,1,1
CL_CHECK,ck_strength_lineage,1,1
CL_CHECK,ck_strength_lineage,1,1
CL_CHECK,ck_strength_lineage,1,1
CL_CHECK,ck_strength_lineage,1,1
CL_CHECK,ck_strength_lineage,1,1
CL_CHECK,ck_strength_lineage,1,1
CL_CHECK,ck_strength_lineage,1,1
CL_CHECK,ck_strength_lineage,1,1
CL_CHECK,ck_strength_lineage,1,1
CL_CHECK,ck_strength_lineage,1,1
CL_CHECK,ck_strength_lineage,1,1
CL_CHECK,ck_strength_lineage,1,1
CL_CHECK,ck_strength_lineage,1,1
CL_CHECK,ck_strength_lineage,1,1
CL_CHECK,ck_strength_lineage,1,1
CL_CHECK,ck_strength_lineage,1,1
CL_CHECK,ck_strength_lineage,1,1
CL_CHECK,ck_strength_lineage,1,1
CL_CHECK,ck_strength_lineage,1,1
CL_CHECK,ck_strength_lineage,1,1
CL_CHECK,ck_strength_lineage,1,1
CL_CHECK,ck_strength_lineage,1,1
CL_CHECK,ck_strength_lineage,1,1
CL_CHECK,ck_strength_lineage,1,1
CL_CHECK,ck_strength_lineage,1,1
CL_CHECK,ck_strength_lineage,1,1
CL_CHECK,ck_strength_lineage,1,1
CL_CHECK,ck_strength_lineage,1,1
CL_CHECK,ck_strength_lineage,1,1
CL_CHECK,ck_strength_lineage,1,1
CL_CHECK,ck_strength_lineage,1,1
CL_CHECK,ck_strength_lineage,1,1
CL_CHECK,ck_strength_lineage,1,1
CL_CHECK,ck_strength_lineage,1,1
CL_CHECK,ck_strength_lineage,1,1
CL_CHECK,ck_strength_lineage,1,1
CL_CHECK,ck_strength_lineage,1,1
CL_CHECK,ck_strength_lineage,1,1
CL_CHECK,ck_strength_lineage,1,1
CL_CHECK,ck_strength_lineage,1,1
CL_CHECK,ck_strength_lineage,1,1
CL_CHECK,ck_strength_lineage,1,1
CL_CHECK,ck_strength_lineage,1,1
CL_CHECK,ck_strength_lineage,1,1
CL_CHECK,ck_strength_lineage,1,1
CL_CHECK,ck_strength_lineage,1,1
CL_CHECK,ck_strength_lineage,1,1
CL_CHECK,ck_strength_lineage,1,1
CL_CHECK,ck_strength_lineage,1,1
CL_CHECK,ck_strength_lineage,1,1
CL_CHECK,ck_strength_lineage,1,1
CL_CHECK,ck_strength_lineage,1,1
CL_CHECK,ck_strength_lineage,1,1
CL_CHECK,ck_strength_lineage,1,1
CL_CHECK,ck_strength_lineage,1,1
CL_CHECK,ck_strength_lineage,1,1
CL_CHECK,ck_strength_lineage,1,1
CL_CHECK,ck_strength_lineage,1,1
CL_CHECK,ck_strength_lineage,1,1
CL_CHECK,ck_strength_lineage,1,1
CL_CHECK,ck_strength_lineage,1,1
CL_CHECK,ck_strength_lineage,1,1
CL_CHECK,ck_strength_lineage,1,1
CL_CHECK,ck_strength_lineage,1,1
CL_CHECK,ck_strength_lineage,1,1
CL_CHECK,ck_strength_lineage,1,1
CL_CHECK,ck_strength_lineage,1,1
CL_CHECK,ck_strength_lineage,1,1
CL_CHECK,ck_strength_lineage,1,1
CL_CHECK,ck_strength_lineage,1,1
CL_CHECK,ck_strength_lineage,1,1
CL_CHECK,ck_strength_lineage,1,1
CL_CHECK,ck_strength_lineage,1,1
CL_CHECK,ck_strength_lineage,1,1
CL_CHECK,ck_strength_lineage,1,1
CL_CHECK,ck_strength_lineage,1,1
CL_CHECK,ck_strength_lineage,1,1
CL_CHECK,ck_strength_lineage,1,1
CL_CHECK,ck_strength_lineage,1,1
CL_CHECK,ck_strength_lineage,1,1
CL_CHECK,ck_strength_lineage,1,1
CL_CHECK,ck_strength_lineage,1,1
CL_CHECK,ck_strength_lineage,1,1
CL_CHECK,ck_strength_lineage,1,1
CL_CHECK,ck_strength_lineage,1,1
CL_CHECK,ck_strength_lineage,1,1
CL_CHECK,ck_strength_lineage,1,1
CL_CHECK,ck_strength_lineage,1,1
CL_CHECK,ck_strength_lineage,1,1
CL_CHECK,ck_strength_lineage,1,1
CL_CHECK,ck_strength_lineage,1,1
CL_CHECK,ck_strength_lineage,1,1
CL_CHECK,ck_strength_lineage,1,1
CL_CHECK,ck_strength_lineage,1,1
CL_CHECK,ck_strength_lineage,1,1
CL_CHECK,ck_strength_lineage,1,1
CL_CHECK,ck_strength_lineage,1,1
CL_CHECK,ck_strength_lineage,1,1
CL_CHECK,ck_strength_lineage,1,1
CL_CHECK,ck_strength_lineage,1,1
CL_CHECK,ck_strength_lineage,1,1
CL_CHECK,ck_strength_lineage,1,1
CL_CHECK,ck_strength_lineage,1,1
CL_CHECK,ck_strength_lineage,1,1
CL_CHECK,ck_strength_lineage,1,1
CL_CHECK,ck_strength_lineage,1,1
CL_CHECK,ck_strength_lineage,1,1
CL_CHECK,ck_strength_lineage,1,1
CL_CHECK,ck_strength_lineage,1,1
CL_CHECK,ck_strength_lineage,1,1
CL_CHECK,ck_strength_lineage,1,1
CL_CHECK,ck_strength_lineage,1,1
CL_CHECK,ck_strength_lineage,1,1
CL_CHECK,ck_strength_lineage,1,1
CL_CHECK,ck_strength_lineage,1,1
CL_CHECK,ck_strength_lineage,1,1
CL_CHECK,ck_strength_lineage,1,1
CL_CHECK,ck_strength_lineage,1,1
CL_CHECK,ck_strength_lineage,1,1
CL_CHECK,ck_strength_lineage,1,1
CL_CHECK,ck_strength_lineage,1,1
CL_CHECK,ck_strength_lineage,1,1
CL_CHECK,ck_strength_lineage,1,1
CL_CHECK,ck_strength_lineage,1,1
CL_CHECK,ck_strength_lineage,1,1
CL_CHECK,ck_strength_lineage,1,1
CL_CHECK,ck_strength_lineage,1,1
CL_CHECK,ck_strength_lineage,1,1
CL_CHECK,ck_strength_lineage,1,1
CL_CHECK,ck_strength_lineage,1,1
CL_CHECK,ck_strength_lineage,1,1
CL_CHECK,ck_strength_lineage,1,1
CL_CHECK,ck_strength_lineage,1,1
CL_CHECK,ck_strength_lineage,1,1
CL_CHECK,ck_strength_lineage,1,1
CL_CHECK,ck_strength_lineage,1,1
CL_CHECK,ck_strength_lineage,1,1
CL_CHECK,ck_strength_lineage,1,1
CL_CHECK,ck_strength_lineage,1,1
CL_CHECK,ck_strength_lineage,1,1
CL_CHECK,ck_strength_lineage,1,1
CL_CHECK,ck_strength_lineage,1,1
CL_CHECK,ck_strength_lineage,1,1
CL_CHECK,ck_strength_lineage,1,1
CL_CHECK,ck_strength_lineage,1,1
CL_CHECK,ck_strength_lineage,1,1
CL_CHECK,ck_strength_lineage,1,1
CL_CHECK,ck_strength_lineage,1,1
CL_CHECK,ck_strength_lineage,1,1
CL_CHECK,ck_strength_lineage,1,1
CL_CHECK,ck_strength_lineage,1,1
CL_CHECK,ck_strength_lineage,1,1
CL_CHECK,ck_strength_lineage,1,1
CL_CHECK,ck_strength_lineage,1,1
CL_CHECK,ck_strength_lineage,1,1
CL_CHECK,ck_strength_lineage,1,1
CL_CHECK,ck_strength_lineage,1,1
CL_CHECK,ck_strength_lineage,1,1
CL_CHECK,ck_strength_lineage,1,1
CL_CHECK,ck_strength_lineage,1,1
CL_CHECK,ck_strength_lineage,1,1
CL_CHECK,ck_strength_lineage,1,1
CL_CHECK,ck_strength_lineage,1,1
CL_CHECK,ck_strength_lineage,1,1
CL_CHECK,ck_strength_lineage,1,1
CL_CHECK,ck_strength_lineage,1,1
CL_CHECK,ck_strength_lineage,1,1
CL_CHECK,ck_strength_lineage,1,1
CL_CHECK,ck_strength_lineage,1,1
CL_CHECK,ck_strength_lineage,1,1
CL_CHECK,ck_strength_lineage,1,1
CL_CHECK,ck_strength_lineage,1,1
CL_CHECK,ck_strength_lineage,1,1
CL_CHECK,ck_strength_lineage,1,1
CL_CHECK,ck_strength_lineage,1,1
CL_CHECK,ck_strength_lineage,1,1
CL_CHECK,ck_strength_lineage,1,1
CL_CHECK,ck_strength_lineage,1,1
CL_CHECK,ck_strength_lineage,1,1
CL_CHECK,ck_strength_lineage,1,1
CL_CHECK,ck_strength_lineage,1,1
CL_CHECK,ck_strength_lineage,1,1
CL_CHECK,ck_strength_lineage,1,1
CL_CHECK,ck_strength_lineage,1,1
CL_CHECK,ck_strength_lineage,1,1
CL_CHECK,ck_strength_lineage,1,1
CL_CHECK,ck_strength_lineage,1,1
CL_CHECK,ck_strength_lineage,1,1
CL_CHECK,ck_strength_lineage,1,1
CL_CHECK,ck_strength_lineage,1,1
CL_CHECK,ck_strength_lineage,1,1
CL_CHECK,ck_strength_lineage,1,1
CL_CHECK,ck_strength_lineage,1,1
CL_CHECK,ck_strength_lineage,1,1
CL_CHECK,ck_strength_lineage,1,1
CL_CHECK,ck_strength_lineage,1,1
CL_CHECK,ck_strength_lineage,1,1
CL_CHECK,ck_strength_lineage,1,1
CL_CHECK,ck_strength_lineage,1,1
CL_CHECK,ck_strength_lineage,1,1
CL_CHECK,ck_strength_lineage,1,1
CL_CHECK,ck_strength_lineage,1,1
CL_CHECK,ck_strength_lineage,1,1
CL_CHECK,ck_strength_lineage,1,1
CL_CHECK,ck_strength_lineage,1,1
CL_CHECK,ck_strength_lineage,1,1
CL_CHECK,ck_strength_lineage,1,1
CL_CHECK,ck_strength_lineage,1,1
CL_CHECK,ck_strength_lineage,1,1
CL_CHECK,ck_strength_lineage,1,1
CL_CHECK,ck_strength_lineage,1,1
CL_CHECK,ck_strength_lineage,1,1
CL_CHECK,ck_strength_lineage,1,1
CL_CHECK,ck_strength_lineage,1,1
CL_CHECK,ck_strength_lineage,1,1
CL_CHECK,ck_strength_lineage,1,1
CL_CHECK,ck_strength_lineage,1,1
CL_CHECK,ck_strength_lineage,1,1
CL_CHECK,ck_strength_lineage,1,1
CL_CHECK,ck_strength_lineage,1,1
CL_CHECK,ck_strength_lineage,1,1
CL_CHECK,ck_strength_lineage,1,1
CL_CHECK,ck_strength_lineage,1,1
CL_CHECK,ck_strength_lineage,1,1
CL_CHECK,ck_strength_lineage,1,1
CL_CHECK,ck_strength_lineage,1,1
CL_CHECK,ck_strength_lineage,1,1
CL_CHECK,ck_strength_lineage,1,1
CL_CHECK,ck_strength_lineage,1,1
CL_CHECK,ck_strength_lineage,1,1
CL_CHECK,ck_strength_lineage,1,1
CL_CHECK,ck_strength_lineage,1,1
CL_CHECK,ck_strength_lineage,1,1
CL_CHECK,ck_strength_lineage,1,1
CL_CHECK,ck_strength_lineage,1,1
CL_CHECK,ck_strength_lineage,1,1
CL_CHECK,ck_strength_lineage,1,1
CL_CHECK,ck_strength_lineage,1,1
CL_CHECK,ck_strength_lineage,1,1
CL_CHECK,ck_strength_lineage,1,1
CL_CHECK,ck_strength_lineage,1,1
CL_CHECK,ck_strength_lineage,1,1
CL_CHECK,ck_strength_lineage,1,1
CL_CHECK,ck_strength_lineage,1,1
CL_CHECK,ck_strength_lineage,1,1
CL_CHECK,ck_strength_lineage,1,1
CL_CHECK,ck_strength_lineage,1,1
CL_CHECK,ck_strength_lineage,1,1
CL_CHECK,ck_strength_lineage,1,1
CL_CHECK,ck_strength_lineage,1,1
CL_CHECK,ck_strength_lineage,1,1
CL_CHECK,ck_strength_lineage,1,1
CL_CHECK,ck_strength_lineage,1,1
CL_CHECK,ck_strength_lineage,1,1
CL_CHECK,ck_strength_lineage,1,1
CL_CHECK,ck_strength_lineage,1,1
CL_CHECK,ck_strength_lineage,1,1
CL_CHECK,ck_strength_lineage,1,1
CL_CHECK,ck_strength_lineage,1,1
CL_CHECK,ck_strength_lineage,1,1
CL_CHECK,ck_strength_lineage,1,1
CL_CHECK,ck_strength_lineage,1,1
CL_CHECK,ck_strength_lineage,1,1
CL_CHECK,ck_strength_lineage,1,1
CL_CHECK,ck_strength_lineage,1,1
CL_CHECK,ck_strength_lineage,1,1
CL_CHECK,ck_strength_lineage,1,1
CL_CHECK,ck_strength_lineage,1,1
CL_CHECK,ck_strength_lineage,1,1
CL_CHECK,ck_strength_lineage,1,1
CL_CHECK,ck_strength_lineage,1,1
CL_CHECK,ck_strength_lineage,1,1
CL_CHECK,ck_strength_lineage,1,1
CL_CHECK,ck_strength_lineage,1,1
CL_CHECK,ck_strength_lineage,1,1
CL_CHECK,ck_strength_lineage,1,1
CL_CHECK,ck_strength_lineage,1,1
CL_CHECK,ck_strength_lineage,1,1
CL_CHECK,ck_strength_lineage,1,1
CL_CHECK,ck_strength_lineage,1,1
CL_CHECK,ck_strength_lineage,1,1
CL_CHECK,ck_strength_lineage,1,1
CL_CHECK,ck_strength_lineage,1,1
CL_CHECK,ck_strength_lineage,1,1
CL_CHECK,ck_strength_lineage,1,1
CL_CHECK,ck_strength_lineage,1,1
CL_CHECK,ck_strength_lineage,1,1
CL_CHECK,ck_strength_lineage,1,1
CL_CHECK,ck_strength_lineage,1,1
CL_CHECK,ck_strength_lineage,1,1
CL_CHECK,ck_strength_lineage,1,1
CL_CHECK,ck_strength_lineage,1,1
CL_CHECK,ck_strength_lineage,1,1
CL_CHECK,ck_strength_lineage,1,1
CL_CHECK,ck_strength_lineage,1,1
CL_CHECK,ck_strength_lineage,1,1
CL_CHECK,ck_strength_lineage,1,1
CL_CHECK,ck_strength_lineage,1,1
CL_CHECK,ck_strength_lineage,1,1
CL_CHECK,ck_strength_lineage,1,1
CL_CHECK,ck_strength_lineage,1,1
CL_CHECK,ck_strength_lineage,1,1
CL_CHECK,ck_strength_lineage,1,1
CL_CHECK,ck_strength_lineage,1,1
CL_CHECK,ck_strength_lineage,1,1
CL_CHECK,ck_strength_lineage,1,1
CL_CHECK,ck_strength_lineage,1,1
CL_CHECK,ck_strength_lineage,1,1
CL_CHECK,ck_strength_lineage,1,1
CL_CHECK,ck_strength_lineage,1,1
CL_CHECK,ck_strength_lineage,1,1
CL_CHECK,ck_strength_lineage,1,1
CL_CHECK,ck_strength_lineage,1,1
CL_CHECK,ck_strength_lineage,1,1
CL_CHECK,ck_strength_lineage,1,1
CL_CHECK,ck_strength_lineage,1,1
CL_CHECK,ck_strength_lineage,1,1
CL_CHECK,ck_strength_lineage,1,1
CL_CHECK,ck_strength_lineage,1,1
CL_CHECK,ck_strength_lineage,1,1
CL_CHECK,ck_strength_lineage,1,1
CL_CHECK,ck_strength_lineage,1,1
CL_CHECK,ck_strength_lineage,1,1
CL_CHECK,ck_strength_lineage,1,1
CL_CHECK,ck_strength_lineage,1,1
CL_CHECK,ck_strength_lineage,1,1
CL_CHECK,ck_strength_lineage,1,1
CL_CHECK,ck_strength_lineage,1,1
CL_CHECK,ck_strength_lineage,1,1
CL_CHECK,ck_strength_lineage,1,1
CL_CHECK,ck_strength_lineage,1,1
CL_CHECK,ck_strength_lineage,1,1
CL_CHECK,ck_strength_lineage,1,1
CL_CHECK,ck_strength_lineage,1,1
CL_CHECK,ck_no_bad_kill,0,0
CL_CHECK,ck_no_bad_forcepin,0,0
CL_CHECK,ck_no_bad_code,0,0
CL_CHECK,ck_no_bad_role,0,0
CL_CHECK,ck_no_bad_pexp,0,0
CL_CHECK,ck_no_bad_recycle,0,0
ST_FINGERPRINT 647608289
ST_INVALID 0
ST_DONE
