0000000000000000000000000000000000000000000000000000000000000000|0000000000000000000000000000000000000000000000000000000000000000|0|3|rt4_TMB-5_MAP_g_10000.r24|2|1|RICH|778|0|2400|0000000000000000000000000000000000000000000000000000000000000000|RICH|1|778|DISP=ACCEPT_INSTALL|DETAIL=map
0000000000000000000000000000000000000000000000000000000000000000|0000000000000000000000000000000000000000000000000000000000000000|0|3|rt4_TMB-5_MAP_g_10001.r24|2|1|RICH|778|0|2410|0000000000000000000000000000000000000000000000000000000000000000|RICH|1|778|DISP=ACCEPT_INSTALL|DETAIL=map
0000000000000000000000000000000000000000000000000000000000000000|0000000000000000000000000000000000000000000000000000000000000000|0|3|rt4_TMB-5_MAP_g_10002.r24|2|1|RICH|778|0|2420|0000000000000000000000000000000000000000000000000000000000000000|RICH|1|778|DISP=ACCEPT_INSTALL|DETAIL=map
0000000000000000000000000000000000000000000000000000000000000000|0000000000000000000000000000000000000000000000000000000000000000|0|3|rt4_TMB-5_MAP_g_10003.r24|2|1|RICH|778|0|2430|0000000000000000000000000000000000000000000000000000000000000000|RICH|1|778|DISP=ACCEPT_INSTALL|DETAIL=map
0000000000000000000000000000000000000000000000000000000000000000|0000000000000000000000000000000000000000000000000000000000000000|0|3|rt4_TMB-5_MAP_g_10004.r24|2|1|RICH|778|0|2440|0000000000000000000000000000000000000000000000000000000000000000|RICH|1|778|DISP=ACCEPT_INSTALL|DETAIL=map
0000000000000000000000000000000000000000000000000000000000000000|0000000000000000000000000000000000000000000000000000000000000000|0|3|rt4_TMB-5_MAP_g_10005.r24|2|1|RICH|778|0|2450|0000000000000000000000000000000000000000000000000000000000000000|RICH|1|778|DISP=ACCEPT_INSTALL|DETAIL=map
0000000000000000000000000000000000000000000000000000000000000000|0000000000000000000000000000000000000000000000000000000000000000|0|3|rt4_TMB-5_MAP_g_10006.r24|2|1|RICH|778|0|2460|0000000000000000000000000000000000000000000000000000000000000000|RICH|1|778|DISP=ACCEPT_INSTALL|DETAIL=map
0000000000000000000000000000000000000000000000000000000000000000|0000000000000000000000000000000000000000000000000000000000000000|0|3|rt4_TMB-5_MAP_g_10007.r24|2|1|RICH|778|0|2470|0000000000000000000000000000000000000000000000000000000000000000|RICH|1|778|DISP=ACCEPT_INSTALL|DETAIL=map
0000000000000000000000000000000000000000000000000000000000000000|0000000000000000000000000000000000000000000000000000000000000000|0|3|rt4_TMB-5_MAP_g_10008.r24|2|1|RICH|778|0|2480|0000000000000000000000000000000000000000000000000000000000000000|RICH|1|778|DISP=ACCEPT_INSTALL|DETAIL=map
0000000000000000000000000000000000000000000000000000000000000000|0000000000000000000000000000000000000000000000000000000000000000|0|3|rt4_TMB-5_MAP_g_10009.r24|2|1|RICH|778|0|2490|0000000000000000000000000000000000000000000000000000000000000000|RICH|1|778|DISP=ACCEPT_INSTALL|DETAIL=map
0000000000000000000000000000000000000000000000000000000000000000|0000000000000000000000000000000000000000000000000000000000000000|0|3|rt4_TMB-5_MAP_g_10010.r24|2|1|RICH|778|0|2500|0000000000000000000000000000000000000000000000000000000000000000|RICH|1|778|DISP=ACCEPT_INSTALL|DETAIL=map
0000000000000000000000000000000000000000000000000000000000000000|0000000000000000000000000000000000000000000000000000000000000000|0|3|rt4_TMB-5_MAP_g_10011.r24|2|1|RICH|778|0|2510|0000000000000000000000000000000000000000000000000000000000000000|RICH|1|778|DISP=ACCEPT_INSTALL|DETAIL=map
0000000000000000000000000000000000000000000000000000000000000000|0000000000000000000000000000000000000000000000000000000000000000|0|3|rt4_TMB-5_MAP_g_10012.r24|2|1|RICH|778|0|2520|0000000000000000000000000000000000000000000000000000000000000000|RICH|1|778|DISP=ACCEPT_INSTALL|DETAIL=map
0000000000000000000000000000000000000000000000000000000000000000|0000000000000000000000000000000000000000000000000000000000000000|0|3|rt4_TMB-5_MAP_g_10013.r24|2|1|RICH|778|0|2530|0000000000000000000000000000000000000000000000000000000000000000|RICH|1|778|DISP=ACCEPT_INSTALL|DETAIL=map
0000000000000000000000000000000000000000000000000000000000000000|0000000000000000000000000000000000000000000000000000000000000000|0|3|rt4_TMB-5_MAP_g_10014.r24|2|1|RICH|778|0|2540|0000000000000000000000000000000000000000000000000000000000000000|RICH|1|778|DISP=ACCEPT_INSTALL|DETAIL=map
0000000000000000000000000000000000000000000000000000000000000000|0000000000000000000000000000000000000000000000000000000000000000|0|3|rt4_TMB-5_MAP_g_10015.r24|2|1|RICH|778|0|2550|0000000000000000000000000000000000000000000000000000000000000000|RICH|1|778|DISP=ACCEPT_INSTALL|DETAIL=map
0000000000000000000000000000000000000000000000000000000000000000|0000000000000000000000000000000000000000000000000000000000000000|0|3|rt4_TMB-5_MAP_g_10016.r24|2|1|RICH|778|0|2560|0000000000000000000000000000000000000000000000000000000000000000|RICH|1|778|DISP=ACCEPT_INSTALL|DETAIL=map
0000000000000000000000000000000000000000000000000000000000000000|0000000000000000000000000000000000000000000000000000000000000000|0|3|rt4_TMB-5_MAP_g_10017.r24|2|1|RICH|778|0|2570|0000000000000000000000000000000000000000000000000000000000000000|RICH|1|778|DISP=ACCEPT_INSTALL|DETAIL=map
0000000000000000000000000000000000000000000000000000000000000000|0000000000000000000000000000000000000000000000000000000000000000|0|3|rt4_TMB-5_MAP_g_10018.r24|2|1|RICH|778|0|2580|0000000000000000000000000000000000000000000000000000000000000000|RICH|1|778|DISP=ACCEPT_INSTALL|DETAIL=map
0000000000000000000000000000000000000000000000000000000000000000|0000000000000000000000000000000000000000000000000000000000000000|0|3|rt4_TMB-5_MAP_g_10019.r24|2|1|RICH|778|0|2590|0000000000000000000000000000000000000000000000000000000000000000|RICH|1|778|DISP=ACCEPT_INSTALL|DETAIL=map
0000000000000000000000000000000000000000000000000000000000000000|0000000000000000000000000000000000000000000000000000000000000000|0|3|rt4_TMB-5_MAP_g_10020.r24|2|1|RICH|778|0|2600|0000000000000000000000000000000000000000000000000000000000000000|RICH|1|778|DISP=ACCEPT_INSTALL|DETAIL=map
0000000000000000000000000000000000000000000000000000000000000000|0000000000000000000000000000000000000000000000000000000000000000|0|3|rt4_TMB-5_MAP_g_10021.r24|2|1|RICH|778|0|2610|0000000000000000000000000000000000000000000000000000000000000000|RICH|1|778|DISP=ACCEPT_INSTALL|DETAIL=map
0000000000000000000000000000000000000000000000000000000000000000|0000000000000000000000000000000000000000000000000000000000000000|0|3|rt4_TMB-5_MAP_g_10022.r24|2|1|RICH|778|0|2620|0000000000000000000000000000000000000000000000000000000000000000|RICH|1|778|DISP=ACCEPT_INSTALL|DETAIL=map
0000000000000000000000000000000000000000000000000000000000000000|0000000000000000000000000000000000000000000000000000000000000000|0|3|rt4_TMB-5_MAP_g_10023.r24|2|1|RICH|778|0|2630|0000000000000000000000000000000000000000000000000000000000000000|RICH|1|778|DISP=ACCEPT_INSTALL|DETAIL=map
0000000000000000000000000000000000000000000000000000000000000000|0000000000000000000000000000000000000000000000000000000000000000|0|3|rt4_TMB-5_MAP_g_10024.r24|2|1|RICH|778|0|2640|0000000000000000000000000000000000000000000000000000000000000000|RICH|1|778|DISP=ACCEPT_INSTALL|DETAIL=map
0000000000000000000000000000000000000000000000000000000000000000|0000000000000000000000000000000000000000000000000000000000000000|0|3|rt4_TMB-5_MAP_g_10025.r24|2|1|RICH|778|0|2650|0000000000000000000000000000000000000000000000000000000000000000|RICH|1|778|DISP=ACCEPT_INSTALL|DETAIL=map
0000000000000000000000000000000000000000000000000000000000000000|0000000000000000000000000000000000000000000000000000000000000000|0|3|rt4_TMB-5_MAP_g_10026.r24|2|1|RICH|778|0|2660|0000000000000000000000000000000000000000000000000000000000000000|RICH|1|778|DISP=ACCEPT_INSTALL|DETAIL=map
0000000000000000000000000000000000000000000000000000000000000000|0000000000000000000000000000000000000000000000000000000000000000|0|3|rt4_TMB-5_MAP_g_10027.r24|2|1|RICH|778|0|2670|0000000000000000000000000000000000000000000000000000000000000000|RICH|1|778|DISP=ACCEPT_INSTALL|DETAIL=map
0000000000000000000000000000000000000000000000000000000000000000|0000000000000000000000000000000000000000000000000000000000000000|0|3|rt4_TMB-5_MAP_g_10028.r24|2|1|RICH|778|0|2680|0000000000000000000000000000000000000000000000000000000000000000|RICH|1|778|DISP=ACCEPT_INSTALL|DETAIL=map
0000000000000000000000000000000000000000000000000000000000000000|0000000000000000000000000000000000000000000000000000000000000000|0|3|rt4_TMB-5_MAP_g_10029.r24|2|1|RICH|778|0|2690|0000000000000000000000000000000000000000000000000000000000000000|RICH|1|778|DISP=ACCEPT_INSTALL|DETAIL=map
0000000000000000000000000000000000000000000000000000000000000000|0000000000000000000000000000000000000000000000000000000000000000|0|3|rt4_TMB-5_MAP_g_10030.r24|2|1|RICH|778|0|2700|0000000000000000000000000000000000000000000000000000000000000000|RICH|1|778|DISP=ACCEPT_INSTALL|DETAIL=map
0000000000000000000000000000000000000000000000000000000000000000|0000000000000000000000000000000000000000000000000000000000000000|0|3|rt4_TMB-5_MAP_g_10031.r24|2|1|RICH|778|0|2710|0000000000000000000000000000000000000000000000000000000000000000|RICH|1|778|DISP=ACCEPT_INSTALL|DETAIL=map
0000000000000000000000000000000000000000000000000000000000000000|0000000000000000000000000000000000000000000000000000000000000000|0|3|rt4_TMB-5_MAP_g_10032.r24|2|1|RICH|778|0|2720|0000000000000000000000000000000000000000000000000000000000000000|RICH|1|778|DISP=ACCEPT_INSTALL|DETAIL=map
0000000000000000000000000000000000000000000000000000000000000000|0000000000000000000000000000000000000000000000000000000000000000|0|3|rt4_TMB-5_MAP_g_10033.r24|2|1|RICH|778|0|2730|0000000000000000000000000000000000000000000000000000000000000000|RICH|1|778|DISP=ACCEPT_INSTALL|DETAIL=map
0000000000000000000000000000000000000000000000000000000000000000|0000000000000000000000000000000000000000000000000000000000000000|0|3|rt4_TMB-5_MAP_g_10034.r24|2|1|RICH|778|0|2740|0000000000000000000000000000000000000000000000000000000000000000|RICH|1|778|DISP=ACCEPT_INSTALL|DETAIL=map
0000000000000000000000000000000000000000000000000000000000000000|0000000000000000000000000000000000000000000000000000000000000000|0|3|rt4_TMB-5_MAP_g_10035.r24|2|1|RICH|778|0|2750|0000000000000000000000000000000000000000000000000000000000000000|RICH|1|778|DISP=ACCEPT_INSTALL|DETAIL=map
0000000000000000000000000000000000000000000000000000000000000000|0000000000000000000000000000000000000000000000000000000000000000|0|3|rt4_TMB-5_MAP_g_10036.r24|2|1|RICH|778|0|2760|0000000000000000000000000000000000000000000000000000000000000000|RICH|1|778|DISP=ACCEPT_INSTALL|DETAIL=map
0000000000000000000000000000000000000000000000000000000000000000|0000000000000000000000000000000000000000000000000000000000000000|0|3|rt4_TMB-5_MAP_g_10037.r24|2|1|RICH|778|0|2770|0000000000000000000000000000000000000000000000000000000000000000|RICH|1|778|DISP=ACCEPT_INSTALL|DETAIL=map
0000000000000000000000000000000000000000000000000000000000000000|0000000000000000000000000000000000000000000000000000000000000000|0|3|rt4_TMB-5_MAP_g_10038.r24|2|1|RICH|778|0|2780|0000000000000000000000000000000000000000000000000000000000000000|RICH|1|778|DISP=ACCEPT_INSTALL|DETAIL=map
0000000000000000000000000000000000000000000000000000000000000000|0000000000000000000000000000000000000000000000000000000000000000|0|3|rt4_TMB-5_MAP_g_10039.r24|2|1|RICH|778|0|2790|0000000000000000000000000000000000000000000000000000000000000000|RICH|1|778|DISP=ACCEPT_INSTALL|DETAIL=map
0000000000000000000000000000000000000000000000000000000000000000|0000000000000000000000000000000000000000000000000000000000000000|0|3|rt4_TMB-5_MAP_g_10040.r24|2|1|RICH|778|0|2800|0000000000000000000000000000000000000000000000000000000000000000|RICH|1|778|DISP=ACCEPT_INSTALL|DETAIL=map
0000000000000000000000000000000000000000000000000000000000000000|0000000000000000000000000000000000000000000000000000000000000000|0|3|rt4_TMB-5_MAP_g_10041.r24|2|1|RICH|778|0|2810|0000000000000000000000000000000000000000000000000000000000000000|RICH|1|778|DISP=ACCEPT_INSTALL|DETAIL=map
0000000000000000000000000000000000000000000000000000000000000000|0000000000000000000000000000000000000000000000000000000000000000|0|3|rt4_TMB-5_MAP_g_10042.r24|2|1|RICH|778|0|2820|0000000000000000000000000000000000000000000000000000000000000000|RICH|1|778|DISP=ACCEPT_INSTALL|DETAIL=map
0000000000000000000000000000000000000000000000000000000000000000|0000000000000000000000000000000000000000000000000000000000000000|0|3|rt4_TMB-5_MAP_g_10043.r24|2|1|RICH|778|0|2830|0000000000000000000000000000000000000000000000000000000000000000|RICH|1|778|DISP=ACCEPT_INSTALL|DETAIL=map
0000000000000000000000000000000000000000000000000000000000000000|0000000000000000000000000000000000000000000000000000000000000000|0|3|rt4_TMB-5_MAP_g_10044.r24|2|1|RICH|778|0|2840|0000000000000000000000000000000000000000000000000000000000000000|RICH|1|778|DISP=ACCEPT_INSTALL|DETAIL=map
0000000000000000000000000000000000000000000000000000000000000000|0000000000000000000000000000000000000000000000000000000000000000|0|3|rt4_TMB-5_MAP_g_10045.r24|2|1|RICH|778|0|2850|0000000000000000000000000000000000000000000000000000000000000000|RICH|1|778|DISP=ACCEPT_INSTALL|DETAIL=map
0000000000000000000000000000000000000000000000000000000000000000|0000000000000000000000000000000000000000000000000000000000000000|0|3|rt4_TMB-5_MAP_g_10046.r24|2|1|RICH|778|0|2860|0000000000000000000000000000000000000000000000000000000000000000|RICH|1|778|DISP=ACCEPT_INSTALL|DETAIL=map
0000000000000000000000000000000000000000000000000000000000000000|0000000000000000000000000000000000000000000000000000000000000000|0|3|rt4_TMB-5_MAP_g_10047.r24|2|1|RICH|778|0|2870|0000000000000000000000000000000000000000000000000000000000000000|RICH|1|778|DISP=ACCEPT_INSTALL|DETAIL=map
0000000000000000000000000000000000000000000000000000000000000000|0000000000000000000000000000000000000000000000000000000000000000|0|3|rt4_TMB-5_MAP_g_10048.r24|2|1|RICH|778|0|2880|0000000000000000000000000000000000000000000000000000000000000000|RICH|1|778|DISP=ACCEPT_INSTALL|DETAIL=map
0000000000000000000000000000000000000000000000000000000000000000|0000000000000000000000000000000000000000000000000000000000000000|0|3|rt4_TMB-5_MAP_g_10049.r24|2|1|RICH|778|0|2890|0000000000000000000000000000000000000000000000000000000000000000|RICH|1|778|DISP=ACCEPT_INSTALL|DETAIL=map
0000000000000000000000000000000000000000000000000000000000000000|0000000000000000000000000000000000000000000000000000000000000000|0|3|rt4_TMB-5_MAP_g_10050.r24|2|1|RICH|778|0|2900|0000000000000000000000000000000000000000000000000000000000000000|RICH|1|778|DISP=ACCEPT_INSTALL|DETAIL=map
0000000000000000000000000000000000000000000000000000000000000000|0000000000000000000000000000000000000000000000000000000000000000|0|3|rt4_TMB-5_MAP_g_10051.r24|2|1|RICH|780|0|2400|0000000000000000000000000000000000000000000000000000000000000000|RICH|1|780|DISP=ACCEPT_INSTALL|DETAIL=map
0000000000000000000000000000000000000000000000000000000000000000|0000000000000000000000000000000000000000000000000000000000000000|0|3|rt4_TMB-5_MAP_g_10052.r24|2|1|RICH|780|0|2410|0000000000000000000000000000000000000000000000000000000000000000|RICH|1|780|DISP=ACCEPT_INSTALL|DETAIL=map
0000000000000000000000000000000000000000000000000000000000000000|0000000000000000000000000000000000000000000000000000000000000000|0|3|rt4_TMB-5_MAP_g_10053.r24|2|1|RICH|780|0|2420|0000000000000000000000000000000000000000000000000000000000000000|RICH|1|780|DISP=ACCEPT_INSTALL|DETAIL=map
0000000000000000000000000000000000000000000000000000000000000000|0000000000000000000000000000000000000000000000000000000000000000|0|3|rt4_TMB-5_MAP_g_10054.r24|2|1|RICH|780|0|2430|0000000000000000000000000000000000000000000000000000000000000000|RICH|1|780|DISP=ACCEPT_INSTALL|DETAIL=map
0000000000000000000000000000000000000000000000000000000000000000|0000000000000000000000000000000000000000000000000000000000000000|0|3|rt4_TMB-5_MAP_g_10055.r24|2|1|RICH|780|0|2440|0000000000000000000000000000000000000000000000000000000000000000|RICH|1|780|DISP=ACCEPT_INSTALL|DETAIL=map
0000000000000000000000000000000000000000000000000000000000000000|0000000000000000000000000000000000000000000000000000000000000000|0|3|rt4_TMB-5_MAP_g_10056.r24|2|1|RICH|780|0|2450|0000000000000000000000000000000000000000000000000000000000000000|RICH|1|780|DISP=ACCEPT_INSTALL|DETAIL=map
0000000000000000000000000000000000000000000000000000000000000000|0000000000000000000000000000000000000000000000000000000000000000|0|3|rt4_TMB-5_MAP_g_10057.r24|2|1|RICH|780|0|2460|0000000000000000000000000000000000000000000000000000000000000000|RICH|1|780|DISP=ACCEPT_INSTALL|DETAIL=map
0000000000000000000000000000000000000000000000000000000000000000|0000000000000000000000000000000000000000000000000000000000000000|0|3|rt4_TMB-5_MAP_g_10058.r24|2|1|RICH|780|0|2470|0000000000000000000000000000000000000000000000000000000000000000|RICH|1|780|DISP=ACCEPT_INSTALL|DETAIL=map
0000000000000000000000000000000000000000000000000000000000000000|0000000000000000000000000000000000000000000000000000000000000000|0|3|rt4_TMB-5_MAP_g_10059.r24|2|1|RICH|780|0|2480|0000000000000000000000000000000000000000000000000000000000000000|RICH|1|780|DISP=ACCEPT_INSTALL|DETAIL=map
0000000000000000000000000000000000000000000000000000000000000000|0000000000000000000000000000000000000000000000000000000000000000|0|3|rt4_TMB-5_MAP_g_10060.r24|2|1|RICH|780|0|2490|0000000000000000000000000000000000000000000000000000000000000000|RICH|1|780|DISP=ACCEPT_INSTALL|DETAIL=map
0000000000000000000000000000000000000000000000000000000000000000|0000000000000000000000000000000000000000000000000000000000000000|0|3|rt4_TMB-5_MAP_g_10061.r24|2|1|RICH|780|0|2500|0000000000000000000000000000000000000000000000000000000000000000|RICH|1|780|DISP=ACCEPT_INSTALL|DETAIL=map
0000000000000000000000000000000000000000000000000000000000000000|0000000000000000000000000000000000000000000000000000000000000000|0|3|rt4_TMB-5_MAP_g_10062.r24|2|1|RICH|780|0|2510|0000000000000000000000000000000000000000000000000000000000000000|RICH|1|780|DISP=ACCEPT_INSTALL|DETAIL=map
0000000000000000000000000000000000000000000000000000000000000000|0000000000000000000000000000000000000000000000000000000000000000|0|3|rt4_TMB-5_MAP_g_10063.r24|2|1|RICH|780|0|2520|0000000000000000000000000000000000000000000000000000000000000000|RICH|1|780|DISP=ACCEPT_INSTALL|DETAIL=map
0000000000000000000000000000000000000000000000000000000000000000|0000000000000000000000000000000000000000000000000000000000000000|0|3|rt4_TMB-5_MAP_g_10064.r24|2|1|RICH|780|0|2530|0000000000000000000000000000000000000000000000000000000000000000|RICH|1|780|DISP=ACCEPT_INSTALL|DETAIL=map
0000000000000000000000000000000000000000000000000000000000000000|0000000000000000000000000000000000000000000000000000000000000000|0|3|rt4_TMB-5_MAP_g_10065.r24|2|1|RICH|780|0|2540|0000000000000000000000000000000000000000000000000000000000000000|RICH|1|780|DISP=ACCEPT_INSTALL|DETAIL=map
0000000000000000000000000000000000000000000000000000000000000000|0000000000000000000000000000000000000000000000000000000000000000|0|3|rt4_TMB-5_MAP_g_10066.r24|2|1|RICH|780|0|2550|0000000000000000000000000000000000000000000000000000000000000000|RICH|1|780|DISP=ACCEPT_INSTALL|DETAIL=map
0000000000000000000000000000000000000000000000000000000000000000|0000000000000000000000000000000000000000000000000000000000000000|0|3|rt4_TMB-5_MAP_g_10067.r24|2|1|RICH|780|0|2560|0000000000000000000000000000000000000000000000000000000000000000|RICH|1|780|DISP=ACCEPT_INSTALL|DETAIL=map
0000000000000000000000000000000000000000000000000000000000000000|0000000000000000000000000000000000000000000000000000000000000000|0|3|rt4_TMB-5_MAP_g_10068.r24|2|1|RICH|780|0|2570|0000000000000000000000000000000000000000000000000000000000000000|RICH|1|780|DISP=ACCEPT_INSTALL|DETAIL=map
0000000000000000000000000000000000000000000000000000000000000000|0000000000000000000000000000000000000000000000000000000000000000|0|3|rt4_TMB-5_MAP_g_10069.r24|2|1|RICH|780|0|2580|0000000000000000000000000000000000000000000000000000000000000000|RICH|1|780|DISP=ACCEPT_INSTALL|DETAIL=map
0000000000000000000000000000000000000000000000000000000000000000|0000000000000000000000000000000000000000000000000000000000000000|0|3|rt4_TMB-5_MAP_g_10070.r24|2|1|RICH|780|0|2590|0000000000000000000000000000000000000000000000000000000000000000|RICH|1|780|DISP=ACCEPT_INSTALL|DETAIL=map
0000000000000000000000000000000000000000000000000000000000000000|0000000000000000000000000000000000000000000000000000000000000000|0|3|rt4_TMB-5_MAP_g_10071.r24|2|1|RICH|780|0|2600|0000000000000000000000000000000000000000000000000000000000000000|RICH|1|780|DISP=ACCEPT_INSTALL|DETAIL=map
0000000000000000000000000000000000000000000000000000000000000000|0000000000000000000000000000000000000000000000000000000000000000|0|3|rt4_TMB-5_MAP_g_10072.r24|2|1|RICH|780|0|2610|0000000000000000000000000000000000000000000000000000000000000000|RICH|1|780|DISP=ACCEPT_INSTALL|DETAIL=map
0000000000000000000000000000000000000000000000000000000000000000|0000000000000000000000000000000000000000000000000000000000000000|0|3|rt4_TMB-5_MAP_g_10073.r24|2|1|RICH|780|0|2620|0000000000000000000000000000000000000000000000000000000000000000|RICH|1|780|DISP=ACCEPT_INSTALL|DETAIL=map
0000000000000000000000000000000000000000000000000000000000000000|0000000000000000000000000000000000000000000000000000000000000000|0|3|rt4_TMB-5_MAP_g_10074.r24|2|1|RICH|780|0|2630|0000000000000000000000000000000000000000000000000000000000000000|RICH|1|780|DISP=ACCEPT_INSTALL|DETAIL=map
0000000000000000000000000000000000000000000000000000000000000000|0000000000000000000000000000000000000000000000000000000000000000|0|3|rt4_TMB-5_MAP_g_10075.r24|2|1|RICH|780|0|2640|0000000000000000000000000000000000000000000000000000000000000000|RICH|1|780|DISP=ACCEPT_INSTALL|DETAIL=map
0000000000000000000000000000000000000000000000000000000000000000|0000000000000000000000000000000000000000000000000000000000000000|0|3|rt4_TMB-5_MAP_g_10076.r24|2|1|RICH|780|0|2650|0000000000000000000000000000000000000000000000000000000000000000|RICH|1|780|DISP=ACCEPT_INSTALL|DETAIL=map
0000000000000000000000000000000000000000000000000000000000000000|0000000000000000000000000000000000000000000000000000000000000000|0|3|rt4_TMB-5_MAP_g_10077.r24|2|1|RICH|780|0|2660|0000000000000000000000000000000000000000000000000000000000000000|RICH|1|780|DISP=ACCEPT_INSTALL|DETAIL=map
0000000000000000000000000000000000000000000000000000000000000000|0000000000000000000000000000000000000000000000000000000000000000|0|3|rt4_TMB-5_MAP_g_10078.r24|2|1|RICH|780|0|2670|0000000000000000000000000000000000000000000000000000000000000000|RICH|1|780|DISP=ACCEPT_INSTALL|DETAIL=map
0000000000000000000000000000000000000000000000000000000000000000|0000000000000000000000000000000000000000000000000000000000000000|0|3|rt4_TMB-5_MAP_g_10079.r24|2|1|RICH|780|0|2680|0000000000000000000000000000000000000000000000000000000000000000|RICH|1|780|DISP=ACCEPT_INSTALL|DETAIL=map
0000000000000000000000000000000000000000000000000000000000000000|0000000000000000000000000000000000000000000000000000000000000000|0|3|rt4_TMB-5_MAP_g_10080.r24|2|1|RICH|780|0|2690|0000000000000000000000000000000000000000000000000000000000000000|RICH|1|780|DISP=ACCEPT_INSTALL|DETAIL=map
0000000000000000000000000000000000000000000000000000000000000000|0000000000000000000000000000000000000000000000000000000000000000|0|3|rt4_TMB-5_MAP_g_10081.r24|2|1|RICH|780|0|2700|0000000000000000000000000000000000000000000000000000000000000000|RICH|1|780|DISP=ACCEPT_INSTALL|DETAIL=map
0000000000000000000000000000000000000000000000000000000000000000|0000000000000000000000000000000000000000000000000000000000000000|0|3|rt4_TMB-5_MAP_g_10082.r24|2|1|RICH|780|0|2710|0000000000000000000000000000000000000000000000000000000000000000|RICH|1|780|DISP=ACCEPT_INSTALL|DETAIL=map
0000000000000000000000000000000000000000000000000000000000000000|0000000000000000000000000000000000000000000000000000000000000000|0|3|rt4_TMB-5_MAP_g_10083.r24|2|1|RICH|780|0|2720|0000000000000000000000000000000000000000000000000000000000000000|RICH|1|780|DISP=ACCEPT_INSTALL|DETAIL=map
0000000000000000000000000000000000000000000000000000000000000000|0000000000000000000000000000000000000000000000000000000000000000|0|3|rt4_TMB-5_MAP_g_10084.r24|2|1|RICH|780|0|2730|0000000000000000000000000000000000000000000000000000000000000000|RICH|1|780|DISP=ACCEPT_INSTALL|DETAIL=map
0000000000000000000000000000000000000000000000000000000000000000|0000000000000000000000000000000000000000000000000000000000000000|0|3|rt4_TMB-5_MAP_g_10085.r24|2|1|RICH|780|0|2740|0000000000000000000000000000000000000000000000000000000000000000|RICH|1|780|DISP=ACCEPT_INSTALL|DETAIL=map
0000000000000000000000000000000000000000000000000000000000000000|0000000000000000000000000000000000000000000000000000000000000000|0|3|rt4_TMB-5_MAP_g_10086.r24|2|1|RICH|780|0|2750|0000000000000000000000000000000000000000000000000000000000000000|RICH|1|780|DISP=ACCEPT_INSTALL|DETAIL=map
0000000000000000000000000000000000000000000000000000000000000000|0000000000000000000000000000000000000000000000000000000000000000|0|3|rt4_TMB-5_MAP_g_10087.r24|2|1|RICH|780|0|2760|0000000000000000000000000000000000000000000000000000000000000000|RICH|1|780|DISP=ACCEPT_INSTALL|DETAIL=map
0000000000000000000000000000000000000000000000000000000000000000|0000000000000000000000000000000000000000000000000000000000000000|0|3|rt4_TMB-5_MAP_g_10088.r24|2|1|RICH|780|0|2770|0000000000000000000000000000000000000000000000000000000000000000|RICH|1|780|DISP=ACCEPT_INSTALL|DETAIL=map
0000000000000000000000000000000000000000000000000000000000000000|0000000000000000000000000000000000000000000000000000000000000000|0|3|rt4_TMB-5_MAP_g_10089.r24|2|1|RICH|780|0|2780|0000000000000000000000000000000000000000000000000000000000000000|RICH|1|780|DISP=ACCEPT_INSTALL|DETAIL=map
0000000000000000000000000000000000000000000000000000000000000000|0000000000000000000000000000000000000000000000000000000000000000|0|3|rt4_TMB-5_MAP_g_10090.r24|2|1|RICH|780|0|2790|0000000000000000000000000000000000000000000000000000000000000000|RICH|1|780|DISP=ACCEPT_INSTALL|DETAIL=map
0000000000000000000000000000000000000000000000000000000000000000|0000000000000000000000000000000000000000000000000000000000000000|0|3|rt4_TMB-5_MAP_g_10091.r24|2|1|RICH|780|0|2800|0000000000000000000000000000000000000000000000000000000000000000|RICH|1|780|DISP=ACCEPT_INSTALL|DETAIL=map
0000000000000000000000000000000000000000000000000000000000000000|0000000000000000000000000000000000000000000000000000000000000000|0|3|rt4_TMB-5_MAP_g_10092.r24|2|1|RICH|780|0|2810|0000000000000000000000000000000000000000000000000000000000000000|RICH|1|780|DISP=ACCEPT_INSTALL|DETAIL=map
0000000000000000000000000000000000000000000000000000000000000000|0000000000000000000000000000000000000000000000000000000000000000|0|3|rt4_TMB-5_MAP_g_10093.r24|2|1|RICH|780|0|2820|0000000000000000000000000000000000000000000000000000000000000000|RICH|1|780|DISP=ACCEPT_INSTALL|DETAIL=map
0000000000000000000000000000000000000000000000000000000000000000|0000000000000000000000000000000000000000000000000000000000000000|0|3|rt4_TMB-5_MAP_g_10094.r24|2|1|RICH|780|0|2830|0000000000000000000000000000000000000000000000000000000000000000|RICH|1|780|DISP=ACCEPT_INSTALL|DETAIL=map
0000000000000000000000000000000000000000000000000000000000000000|0000000000000000000000000000000000000000000000000000000000000000|0|3|rt4_TMB-5_MAP_g_10095.r24|2|1|RICH|780|0|2840|0000000000000000000000000000000000000000000000000000000000000000|RICH|1|780|DISP=ACCEPT_INSTALL|DETAIL=map
0000000000000000000000000000000000000000000000000000000000000000|0000000000000000000000000000000000000000000000000000000000000000|0|3|rt4_TMB-5_MAP_g_10096.r24|2|1|RICH|780|0|2850|0000000000000000000000000000000000000000000000000000000000000000|RICH|1|780|DISP=ACCEPT_INSTALL|DETAIL=map
0000000000000000000000000000000000000000000000000000000000000000|0000000000000000000000000000000000000000000000000000000000000000|0|3|rt4_TMB-5_MAP_g_10097.r24|2|1|RICH|780|0|2860|0000000000000000000000000000000000000000000000000000000000000000|RICH|1|780|DISP=ACCEPT_INSTALL|DETAIL=map
0000000000000000000000000000000000000000000000000000000000000000|0000000000000000000000000000000000000000000000000000000000000000|0|3|rt4_TMB-5_MAP_g_10098.r24|2|1|RICH|780|0|2870|0000000000000000000000000000000000000000000000000000000000000000|RICH|1|780|DISP=ACCEPT_INSTALL|DETAIL=map
0000000000000000000000000000000000000000000000000000000000000000|0000000000000000000000000000000000000000000000000000000000000000|0|3|rt4_TMB-5_MAP_g_10099.r24|2|1|RICH|780|0|2880|0000000000000000000000000000000000000000000000000000000000000000|RICH|1|780|DISP=ACCEPT_INSTALL|DETAIL=map
0000000000000000000000000000000000000000000000000000000000000000|0000000000000000000000000000000000000000000000000000000000000000|0|3|rt4_TMB-5_MAP_g_10100.r24|2|1|RICH|780|0|2890|0000000000000000000000000000000000000000000000000000000000000000|RICH|1|780|DISP=ACCEPT_INSTALL|DETAIL=map
0000000000000000000000000000000000000000000000000000000000000000|0000000000000000000000000000000000000000000000000000000000000000|0|3|rt4_TMB-5_MAP_g_10101.r24|2|1|RICH|780|0|2900|0000000000000000000000000000000000000000000000000000000000000000|RICH|1|780|DISP=ACCEPT_INSTALL|DETAIL=map
0000000000000000000000000000000000000000000000000000000000000000|0000000000000000000000000000000000000000000000000000000000000000|0|3|rt4_TMB-5_MAP_g_10102.r24|2|1|RICH|782|0|2400|0000000000000000000000000000000000000000000000000000000000000000|RICH|1|782|DISP=ACCEPT_INSTALL|DETAIL=map
0000000000000000000000000000000000000000000000000000000000000000|0000000000000000000000000000000000000000000000000000000000000000|0|3|rt4_TMB-5_MAP_g_10103.r24|2|1|RICH|782|0|2410|0000000000000000000000000000000000000000000000000000000000000000|RICH|1|782|DISP=ACCEPT_INSTALL|DETAIL=map
0000000000000000000000000000000000000000000000000000000000000000|0000000000000000000000000000000000000000000000000000000000000000|0|3|rt4_TMB-5_MAP_g_10104.r24|2|1|RICH|782|0|2420|0000000000000000000000000000000000000000000000000000000000000000|RICH|1|782|DISP=ACCEPT_INSTALL|DETAIL=map
0000000000000000000000000000000000000000000000000000000000000000|0000000000000000000000000000000000000000000000000000000000000000|0|3|rt4_TMB-5_MAP_g_10105.r24|2|1|RICH|782|0|2430|0000000000000000000000000000000000000000000000000000000000000000|RICH|1|782|DISP=ACCEPT_INSTALL|DETAIL=map
0000000000000000000000000000000000000000000000000000000000000000|0000000000000000000000000000000000000000000000000000000000000000|0|3|rt4_TMB-5_MAP_g_10106.r24|2|1|RICH|782|0|2440|0000000000000000000000000000000000000000000000000000000000000000|RICH|1|782|DISP=ACCEPT_INSTALL|DETAIL=map
0000000000000000000000000000000000000000000000000000000000000000|0000000000000000000000000000000000000000000000000000000000000000|0|3|rt4_TMB-5_MAP_g_10107.r24|2|1|RICH|782|0|2450|0000000000000000000000000000000000000000000000000000000000000000|RICH|1|782|DISP=ACCEPT_INSTALL|DETAIL=map
0000000000000000000000000000000000000000000000000000000000000000|0000000000000000000000000000000000000000000000000000000000000000|0|3|rt4_TMB-5_MAP_g_10108.r24|2|1|RICH|782|0|2460|0000000000000000000000000000000000000000000000000000000000000000|RICH|1|782|DISP=ACCEPT_INSTALL|DETAIL=map
0000000000000000000000000000000000000000000000000000000000000000|0000000000000000000000000000000000000000000000000000000000000000|0|3|rt4_TMB-5_MAP_g_10109.r24|2|1|RICH|782|0|2470|0000000000000000000000000000000000000000000000000000000000000000|RICH|1|782|DISP=ACCEPT_INSTALL|DETAIL=map
0000000000000000000000000000000000000000000000000000000000000000|0000000000000000000000000000000000000000000000000000000000000000|0|3|rt4_TMB-5_MAP_g_10110.r24|2|1|RICH|782|0|2480|0000000000000000000000000000000000000000000000000000000000000000|RICH|1|782|DISP=ACCEPT_INSTALL|DETAIL=map
0000000000000000000000000000000000000000000000000000000000000000|0000000000000000000000000000000000000000000000000000000000000000|0|3|rt4_TMB-5_MAP_g_10111.r24|2|1|RICH|782|0|2490|0000000000000000000000000000000000000000000000000000000000000000|RICH|1|782|DISP=ACCEPT_INSTALL|DETAIL=map
0000000000000000000000000000000000000000000000000000000000000000|0000000000000000000000000000000000000000000000000000000000000000|0|3|rt4_TMB-5_MAP_g_10112.r24|2|1|RICH|782|0|2500|0000000000000000000000000000000000000000000000000000000000000000|RICH|1|782|DISP=ACCEPT_INSTALL|DETAIL=map
0000000000000000000000000000000000000000000000000000000000000000|0000000000000000000000000000000000000000000000000000000000000000|0|3|rt4_TMB-5_MAP_g_10113.r24|2|1|RICH|782|0|2510|0000000000000000000000000000000000000000000000000000000000000000|RICH|1|782|DISP=ACCEPT_INSTALL|DETAIL=map
0000000000000000000000000000000000000000000000000000000000000000|0000000000000000000000000000000000000000000000000000000000000000|0|3|rt4_TMB-5_MAP_g_10114.r24|2|1|RICH|782|0|2520|0000000000000000000000000000000000000000000000000000000000000000|RICH|1|782|DISP=ACCEPT_INSTALL|DETAIL=map
0000000000000000000000000000000000000000000000000000000000000000|0000000000000000000000000000000000000000000000000000000000000000|0|3|rt4_TMB-5_MAP_g_10115.r24|2|1|RICH|782|0|2530|0000000000000000000000000000000000000000000000000000000000000000|RICH|1|782|DISP=ACCEPT_INSTALL|DETAIL=map
0000000000000000000000000000000000000000000000000000000000000000|0000000000000000000000000000000000000000000000000000000000000000|0|3|rt4_TMB-5_MAP_g_10116.r24|2|1|RICH|782|0|2540|0000000000000000000000000000000000000000000000000000000000000000|RICH|1|782|DISP=ACCEPT_INSTALL|DETAIL=map
0000000000000000000000000000000000000000000000000000000000000000|0000000000000000000000000000000000000000000000000000000000000000|0|3|rt4_TMB-5_MAP_g_10117.r24|2|1|RICH|782|0|2550|0000000000000000000000000000000000000000000000000000000000000000|RICH|1|782|DISP=ACCEPT_INSTALL|DETAIL=map
0000000000000000000000000000000000000000000000000000000000000000|0000000000000000000000000000000000000000000000000000000000000000|0|3|rt4_TMB-5_MAP_g_10118.r24|2|1|RICH|782|0|2560|0000000000000000000000000000000000000000000000000000000000000000|RICH|1|782|DISP=ACCEPT_INSTALL|DETAIL=map
0000000000000000000000000000000000000000000000000000000000000000|0000000000000000000000000000000000000000000000000000000000000000|0|3|rt4_TMB-5_MAP_g_10119.r24|2|1|RICH|782|0|2570|0000000000000000000000000000000000000000000000000000000000000000|RICH|1|782|DISP=ACCEPT_INSTALL|DETAIL=map
0000000000000000000000000000000000000000000000000000000000000000|0000000000000000000000000000000000000000000000000000000000000000|0|3|rt4_TMB-5_MAP_g_10120.r24|2|1|RICH|782|0|2580|0000000000000000000000000000000000000000000000000000000000000000|RICH|1|782|DISP=ACCEPT_INSTALL|DETAIL=map
0000000000000000000000000000000000000000000000000000000000000000|0000000000000000000000000000000000000000000000000000000000000000|0|3|rt4_TMB-5_MAP_g_10121.r24|2|1|RICH|782|0|2590|0000000000000000000000000000000000000000000000000000000000000000|RICH|1|782|DISP=ACCEPT_INSTALL|DETAIL=map
0000000000000000000000000000000000000000000000000000000000000000|0000000000000000000000000000000000000000000000000000000000000000|0|3|rt4_TMB-5_MAP_g_10122.r24|2|1|RICH|782|0|2600|0000000000000000000000000000000000000000000000000000000000000000|RICH|1|782|DISP=ACCEPT_INSTALL|DETAIL=map
0000000000000000000000000000000000000000000000000000000000000000|0000000000000000000000000000000000000000000000000000000000000000|0|3|rt4_TMB-5_MAP_g_10123.r24|2|1|RICH|782|0|2610|0000000000000000000000000000000000000000000000000000000000000000|RICH|1|782|DISP=ACCEPT_INSTALL|DETAIL=map
0000000000000000000000000000000000000000000000000000000000000000|0000000000000000000000000000000000000000000000000000000000000000|0|3|rt4_TMB-5_MAP_g_10124.r24|2|1|RICH|782|0|2620|0000000000000000000000000000000000000000000000000000000000000000|RICH|1|782|DISP=ACCEPT_INSTALL|DETAIL=map
0000000000000000000000000000000000000000000000000000000000000000|0000000000000000000000000000000000000000000000000000000000000000|0|3|rt4_TMB-5_MAP_g_10125.r24|2|1|RICH|782|0|2630|0000000000000000000000000000000000000000000000000000000000000000|RICH|1|782|DISP=ACCEPT_INSTALL|DETAIL=map
0000000000000000000000000000000000000000000000000000000000000000|0000000000000000000000000000000000000000000000000000000000000000|0|3|rt4_TMB-5_MAP_g_10126.r24|2|1|RICH|782|0|2640|0000000000000000000000000000000000000000000000000000000000000000|RICH|1|782|DISP=ACCEPT_INSTALL|DETAIL=map
0000000000000000000000000000000000000000000000000000000000000000|0000000000000000000000000000000000000000000000000000000000000000|0|3|rt4_TMB-5_MAP_g_10127.r24|2|1|RICH|782|0|2650|0000000000000000000000000000000000000000000000000000000000000000|RICH|1|782|DISP=ACCEPT_INSTALL|DETAIL=map
0000000000000000000000000000000000000000000000000000000000000000|0000000000000000000000000000000000000000000000000000000000000000|0|3|rt4_TMB-5_MAP_g_10128.r24|2|1|RICH|782|0|2660|0000000000000000000000000000000000000000000000000000000000000000|RICH|1|782|DISP=ACCEPT_INSTALL|DETAIL=map
0000000000000000000000000000000000000000000000000000000000000000|0000000000000000000000000000000000000000000000000000000000000000|0|3|rt4_TMB-5_MAP_g_10129.r24|2|1|RICH|782|0|2670|0000000000000000000000000000000000000000000000000000000000000000|RICH|1|782|DISP=ACCEPT_INSTALL|DETAIL=map
0000000000000000000000000000000000000000000000000000000000000000|0000000000000000000000000000000000000000000000000000000000000000|0|3|rt4_TMB-5_MAP_g_10130.r24|2|1|RICH|782|0|2680|0000000000000000000000000000000000000000000000000000000000000000|RICH|1|782|DISP=ACCEPT_INSTALL|DETAIL=map
0000000000000000000000000000000000000000000000000000000000000000|0000000000000000000000000000000000000000000000000000000000000000|0|3|rt4_TMB-5_MAP_g_10131.r24|2|1|RICH|782|0|2690|0000000000000000000000000000000000000000000000000000000000000000|RICH|1|782|DISP=ACCEPT_INSTALL|DETAIL=map
0000000000000000000000000000000000000000000000000000000000000000|0000000000000000000000000000000000000000000000000000000000000000|0|3|rt4_TMB-5_MAP_g_10132.r24|2|1|RICH|782|0|2700|0000000000000000000000000000000000000000000000000000000000000000|RICH|1|782|DISP=ACCEPT_INSTALL|DETAIL=map
0000000000000000000000000000000000000000000000000000000000000000|0000000000000000000000000000000000000000000000000000000000000000|0|3|rt4_TMB-5_MAP_g_10133.r24|2|1|RICH|782|0|2710|0000000000000000000000000000000000000000000000000000000000000000|RICH|1|782|DISP=ACCEPT_INSTALL|DETAIL=map
0000000000000000000000000000000000000000000000000000000000000000|0000000000000000000000000000000000000000000000000000000000000000|0|3|rt4_TMB-5_MAP_g_10134.r24|2|1|RICH|782|0|2720|0000000000000000000000000000000000000000000000000000000000000000|RICH|1|782|DISP=ACCEPT_INSTALL|DETAIL=map
0000000000000000000000000000000000000000000000000000000000000000|0000000000000000000000000000000000000000000000000000000000000000|0|3|rt4_TMB-5_MAP_g_10135.r24|2|1|RICH|782|0|2730|0000000000000000000000000000000000000000000000000000000000000000|RICH|1|782|DISP=ACCEPT_INSTALL|DETAIL=map
0000000000000000000000000000000000000000000000000000000000000000|0000000000000000000000000000000000000000000000000000000000000000|0|3|rt4_TMB-5_MAP_g_10136.r24|2|1|RICH|782|0|2740|0000000000000000000000000000000000000000000000000000000000000000|RICH|1|782|DISP=ACCEPT_INSTALL|DETAIL=map
0000000000000000000000000000000000000000000000000000000000000000|0000000000000000000000000000000000000000000000000000000000000000|0|3|rt4_TMB-5_MAP_g_10137.r24|2|1|RICH|782|0|2750|0000000000000000000000000000000000000000000000000000000000000000|RICH|1|782|DISP=ACCEPT_INSTALL|DETAIL=map
0000000000000000000000000000000000000000000000000000000000000000|0000000000000000000000000000000000000000000000000000000000000000|0|3|rt4_TMB-5_MAP_g_10138.r24|2|1|RICH|782|0|2760|0000000000000000000000000000000000000000000000000000000000000000|RICH|1|782|DISP=ACCEPT_INSTALL|DETAIL=map
0000000000000000000000000000000000000000000000000000000000000000|0000000000000000000000000000000000000000000000000000000000000000|0|3|rt4_TMB-5_MAP_g_10139.r24|2|1|RICH|782|0|2770|0000000000000000000000000000000000000000000000000000000000000000|RICH|1|782|DISP=ACCEPT_INSTALL|DETAIL=map
0000000000000000000000000000000000000000000000000000000000000000|0000000000000000000000000000000000000000000000000000000000000000|0|3|rt4_TMB-5_MAP_g_10140.r24|2|1|RICH|782|0|2780|0000000000000000000000000000000000000000000000000000000000000000|RICH|1|782|DISP=ACCEPT_INSTALL|DETAIL=map
0000000000000000000000000000000000000000000000000000000000000000|0000000000000000000000000000000000000000000000000000000000000000|0|3|rt4_TMB-5_MAP_g_10141.r24|2|1|RICH|782|0|2790|0000000000000000000000000000000000000000000000000000000000000000|RICH|1|782|DISP=ACCEPT_INSTALL|DETAIL=map
0000000000000000000000000000000000000000000000000000000000000000|0000000000000000000000000000000000000000000000000000000000000000|0|3|rt4_TMB-5_MAP_g_10142.r24|2|1|RICH|782|0|2800|0000000000000000000000000000000000000000000000000000000000000000|RICH|1|782|DISP=ACCEPT_INSTALL|DETAIL=map
0000000000000000000000000000000000000000000000000000000000000000|0000000000000000000000000000000000000000000000000000000000000000|0|3|rt4_TMB-5_MAP_g_10143.r24|2|1|RICH|782|0|2810|0000000000000000000000000000000000000000000000000000000000000000|RICH|1|782|DISP=ACCEPT_INSTALL|DETAIL=map
0000000000000000000000000000000000000000000000000000000000000000|0000000000000000000000000000000000000000000000000000000000000000|0|3|rt4_TMB-5_MAP_g_10144.r24|2|1|RICH|782|0|2820|0000000000000000000000000000000000000000000000000000000000000000|RICH|1|782|DISP=ACCEPT_INSTALL|DETAIL=map
0000000000000000000000000000000000000000000000000000000000000000|0000000000000000000000000000000000000000000000000000000000000000|0|3|rt4_TMB-5_MAP_g_10145.r24|2|1|RICH|782|0|2830|0000000000000000000000000000000000000000000000000000000000000000|RICH|1|782|DISP=ACCEPT_INSTALL|DETAIL=map
0000000000000000000000000000000000000000000000000000000000000000|0000000000000000000000000000000000000000000000000000000000000000|0|3|rt4_TMB-5_MAP_g_10146.r24|2|1|RICH|782|0|2840|0000000000000000000000000000000000000000000000000000000000000000|RICH|1|782|DISP=ACCEPT_INSTALL|DETAIL=map
0000000000000000000000000000000000000000000000000000000000000000|0000000000000000000000000000000000000000000000000000000000000000|0|3|rt4_TMB-5_MAP_g_10147.r24|2|1|RICH|782|0|2850|0000000000000000000000000000000000000000000000000000000000000000|RICH|1|782|DISP=ACCEPT_INSTALL|DETAIL=map
0000000000000000000000000000000000000000000000000000000000000000|0000000000000000000000000000000000000000000000000000000000000000|0|3|rt4_TMB-5_MAP_g_10148.r24|2|1|RICH|782|0|2860|0000000000000000000000000000000000000000000000000000000000000000|RICH|1|782|DISP=ACCEPT_INSTALL|DETAIL=map
0000000000000000000000000000000000000000000000000000000000000000|0000000000000000000000000000000000000000000000000000000000000000|0|3|rt4_TMB-5_MAP_g_10149.r24|2|1|RICH|782|0|2870|0000000000000000000000000000000000000000000000000000000000000000|RICH|1|782|DISP=ACCEPT_INSTALL|DETAIL=map
0000000000000000000000000000000000000000000000000000000000000000|0000000000000000000000000000000000000000000000000000000000000000|0|3|rt4_TMB-5_MAP_g_10150.r24|2|1|RICH|782|0|2880|0000000000000000000000000000000000000000000000000000000000000000|RICH|1|782|DISP=ACCEPT_INSTALL|DETAIL=map
0000000000000000000000000000000000000000000000000000000000000000|0000000000000000000000000000000000000000000000000000000000000000|0|3|rt4_TMB-5_MAP_g_10151.r24|2|1|RICH|782|0|2890|0000000000000000000000000000000000000000000000000000000000000000|RICH|1|782|DISP=ACCEPT_INSTALL|DETAIL=map
0000000000000000000000000000000000000000000000000000000000000000|0000000000000000000000000000000000000000000000000000000000000000|0|3|rt4_TMB-5_MAP_g_10152.r24|2|1|RICH|782|0|2900|0000000000000000000000000000000000000000000000000000000000000000|RICH|1|782|DISP=ACCEPT_INSTALL|DETAIL=map
0000000000000000000000000000000000000000000000000000000000000000|0000000000000000000000000000000000000000000000000000000000000000|0|3|rt4_TMB-5_MAP_g_10153.r24|2|1|RICH|784|0|2400|0000000000000000000000000000000000000000000000000000000000000000|RICH|1|784|DISP=ACCEPT_INSTALL|DETAIL=map
0000000000000000000000000000000000000000000000000000000000000000|0000000000000000000000000000000000000000000000000000000000000000|0|3|rt4_TMB-5_MAP_g_10154.r24|2|1|RICH|784|0|2410|0000000000000000000000000000000000000000000000000000000000000000|RICH|1|784|DISP=ACCEPT_INSTALL|DETAIL=map
0000000000000000000000000000000000000000000000000000000000000000|0000000000000000000000000000000000000000000000000000000000000000|0|3|rt4_TMB-5_MAP_g_10155.r24|2|1|RICH|784|0|2420|0000000000000000000000000000000000000000000000000000000000000000|RICH|1|784|DISP=ACCEPT_INSTALL|DETAIL=map
0000000000000000000000000000000000000000000000000000000000000000|0000000000000000000000000000000000000000000000000000000000000000|0|3|rt4_TMB-5_MAP_g_10156.r24|2|1|RICH|784|0|2430|0000000000000000000000000000000000000000000000000000000000000000|RICH|1|784|DISP=ACCEPT_INSTALL|DETAIL=map
0000000000000000000000000000000000000000000000000000000000000000|0000000000000000000000000000000000000000000000000000000000000000|0|3|rt4_TMB-5_MAP_g_10157.r24|2|1|RICH|784|0|2440|0000000000000000000000000000000000000000000000000000000000000000|RICH|1|784|DISP=ACCEPT_INSTALL|DETAIL=map
0000000000000000000000000000000000000000000000000000000000000000|0000000000000000000000000000000000000000000000000000000000000000|0|3|rt4_TMB-5_MAP_g_10158.r24|2|1|RICH|784|0|2450|0000000000000000000000000000000000000000000000000000000000000000|RICH|1|784|DISP=ACCEPT_INSTALL|DETAIL=map
0000000000000000000000000000000000000000000000000000000000000000|0000000000000000000000000000000000000000000000000000000000000000|0|3|rt4_TMB-5_MAP_g_10159.r24|2|1|RICH|784|0|2460|0000000000000000000000000000000000000000000000000000000000000000|RICH|1|784|DISP=ACCEPT_INSTALL|DETAIL=map
0000000000000000000000000000000000000000000000000000000000000000|0000000000000000000000000000000000000000000000000000000000000000|0|3|rt4_TMB-5_MAP_g_10160.r24|2|1|RICH|784|0|2470|0000000000000000000000000000000000000000000000000000000000000000|RICH|1|784|DISP=ACCEPT_INSTALL|DETAIL=map
0000000000000000000000000000000000000000000000000000000000000000|0000000000000000000000000000000000000000000000000000000000000000|0|3|rt4_TMB-5_MAP_g_10161.r24|2|1|RICH|784|0|2480|0000000000000000000000000000000000000000000000000000000000000000|RICH|1|784|DISP=ACCEPT_INSTALL|DETAIL=map
0000000000000000000000000000000000000000000000000000000000000000|0000000000000000000000000000000000000000000000000000000000000000|0|3|rt4_TMB-5_MAP_g_10162.r24|2|1|RICH|784|0|2490|0000000000000000000000000000000000000000000000000000000000000000|RICH|1|784|DISP=ACCEPT_INSTALL|DETAIL=map
0000000000000000000000000000000000000000000000000000000000000000|0000000000000000000000000000000000000000000000000000000000000000|0|3|rt4_TMB-5_MAP_g_10163.r24|2|1|RICH|784|0|2500|0000000000000000000000000000000000000000000000000000000000000000|RICH|1|784|DISP=ACCEPT_INSTALL|DETAIL=map
0000000000000000000000000000000000000000000000000000000000000000|0000000000000000000000000000000000000000000000000000000000000000|0|3|rt4_TMB-5_MAP_g_10164.r24|2|1|RICH|784|0|2510|0000000000000000000000000000000000000000000000000000000000000000|RICH|1|784|DISP=ACCEPT_INSTALL|DETAIL=map
0000000000000000000000000000000000000000000000000000000000000000|0000000000000000000000000000000000000000000000000000000000000000|0|3|rt4_TMB-5_MAP_g_10165.r24|2|1|RICH|784|0|2520|0000000000000000000000000000000000000000000000000000000000000000|RICH|1|784|DISP=ACCEPT_INSTALL|DETAIL=map
0000000000000000000000000000000000000000000000000000000000000000|0000000000000000000000000000000000000000000000000000000000000000|0|3|rt4_TMB-5_MAP_g_10166.r24|2|1|RICH|784|0|2530|0000000000000000000000000000000000000000000000000000000000000000|RICH|1|784|DISP=ACCEPT_INSTALL|DETAIL=map
0000000000000000000000000000000000000000000000000000000000000000|0000000000000000000000000000000000000000000000000000000000000000|0|3|rt4_TMB-5_MAP_g_10167.r24|2|1|RICH|784|0|2540|0000000000000000000000000000000000000000000000000000000000000000|RICH|1|784|DISP=ACCEPT_INSTALL|DETAIL=map
0000000000000000000000000000000000000000000000000000000000000000|0000000000000000000000000000000000000000000000000000000000000000|0|3|rt4_TMB-5_MAP_g_10168.r24|2|1|RICH|784|0|2550|0000000000000000000000000000000000000000000000000000000000000000|RICH|1|784|DISP=ACCEPT_INSTALL|DETAIL=map
0000000000000000000000000000000000000000000000000000000000000000|0000000000000000000000000000000000000000000000000000000000000000|0|3|rt4_TMB-5_MAP_g_10169.r24|2|1|RICH|784|0|2560|0000000000000000000000000000000000000000000000000000000000000000|RICH|1|784|DISP=ACCEPT_INSTALL|DETAIL=map
0000000000000000000000000000000000000000000000000000000000000000|0000000000000000000000000000000000000000000000000000000000000000|0|3|rt4_TMB-5_MAP_g_10170.r24|2|1|RICH|784|0|2570|0000000000000000000000000000000000000000000000000000000000000000|RICH|1|784|DISP=ACCEPT_INSTALL|DETAIL=map
0000000000000000000000000000000000000000000000000000000000000000|0000000000000000000000000000000000000000000000000000000000000000|0|3|rt4_TMB-5_MAP_g_10171.r24|2|1|RICH|784|0|2580|0000000000000000000000000000000000000000000000000000000000000000|RICH|1|784|DISP=ACCEPT_INSTALL|DETAIL=map
0000000000000000000000000000000000000000000000000000000000000000|0000000000000000000000000000000000000000000000000000000000000000|0|3|rt4_TMB-5_MAP_g_10172.r24|2|1|RICH|784|0|2590|0000000000000000000000000000000000000000000000000000000000000000|RICH|1|784|DISP=ACCEPT_INSTALL|DETAIL=map
0000000000000000000000000000000000000000000000000000000000000000|0000000000000000000000000000000000000000000000000000000000000000|0|3|rt4_TMB-5_MAP_g_10173.r24|2|1|RICH|784|0|2600|0000000000000000000000000000000000000000000000000000000000000000|RICH|1|784|DISP=ACCEPT_INSTALL|DETAIL=map
0000000000000000000000000000000000000000000000000000000000000000|0000000000000000000000000000000000000000000000000000000000000000|0|3|rt4_TMB-5_MAP_g_10174.r24|2|1|RICH|784|0|2610|0000000000000000000000000000000000000000000000000000000000000000|RICH|1|784|DISP=ACCEPT_INSTALL|DETAIL=map
0000000000000000000000000000000000000000000000000000000000000000|0000000000000000000000000000000000000000000000000000000000000000|0|3|rt4_TMB-5_MAP_g_10175.r24|2|1|RICH|784|0|2620|0000000000000000000000000000000000000000000000000000000000000000|RICH|1|784|DISP=ACCEPT_INSTALL|DETAIL=map
0000000000000000000000000000000000000000000000000000000000000000|0000000000000000000000000000000000000000000000000000000000000000|0|3|rt4_TMB-5_MAP_g_10176.r24|2|1|RICH|784|0|2630|0000000000000000000000000000000000000000000000000000000000000000|RICH|1|784|DISP=ACCEPT_INSTALL|DETAIL=map
0000000000000000000000000000000000000000000000000000000000000000|0000000000000000000000000000000000000000000000000000000000000000|0|3|rt4_TMB-5_MAP_g_10177.r24|2|1|RICH|784|0|2640|0000000000000000000000000000000000000000000000000000000000000000|RICH|1|784|DISP=ACCEPT_INSTALL|DETAIL=map
0000000000000000000000000000000000000000000000000000000000000000|0000000000000000000000000000000000000000000000000000000000000000|0|3|rt4_TMB-5_MAP_g_10178.r24|2|1|RICH|784|0|2650|0000000000000000000000000000000000000000000000000000000000000000|RICH|1|784|DISP=ACCEPT_INSTALL|DETAIL=map
0000000000000000000000000000000000000000000000000000000000000000|0000000000000000000000000000000000000000000000000000000000000000|0|3|rt4_TMB-5_MAP_g_10179.r24|2|1|RICH|784|0|2660|0000000000000000000000000000000000000000000000000000000000000000|RICH|1|784|DISP=ACCEPT_INSTALL|DETAIL=map
0000000000000000000000000000000000000000000000000000000000000000|0000000000000000000000000000000000000000000000000000000000000000|0|3|rt4_TMB-5_MAP_g_10180.r24|2|1|RICH|784|0|2670|0000000000000000000000000000000000000000000000000000000000000000|RICH|1|784|DISP=ACCEPT_INSTALL|DETAIL=map
0000000000000000000000000000000000000000000000000000000000000000|0000000000000000000000000000000000000000000000000000000000000000|0|3|rt4_TMB-5_MAP_g_10181.r24|2|1|RICH|784|0|2680|0000000000000000000000000000000000000000000000000000000000000000|RICH|1|784|DISP=ACCEPT_INSTALL|DETAIL=map
0000000000000000000000000000000000000000000000000000000000000000|0000000000000000000000000000000000000000000000000000000000000000|0|3|rt4_TMB-5_MAP_g_10182.r24|2|1|RICH|784|0|2690|0000000000000000000000000000000000000000000000000000000000000000|RICH|1|784|DISP=ACCEPT_INSTALL|DETAIL=map
0000000000000000000000000000000000000000000000000000000000000000|0000000000000000000000000000000000000000000000000000000000000000|0|3|rt4_TMB-5_MAP_g_10183.r24|2|1|RICH|784|0|2700|0000000000000000000000000000000000000000000000000000000000000000|RICH|1|784|DISP=ACCEPT_INSTALL|DETAIL=map
0000000000000000000000000000000000000000000000000000000000000000|0000000000000000000000000000000000000000000000000000000000000000|0|3|rt4_TMB-5_MAP_g_10184.r24|2|1|RICH|784|0|2710|0000000000000000000000000000000000000000000000000000000000000000|RICH|1|784|DISP=ACCEPT_INSTALL|DETAIL=map
0000000000000000000000000000000000000000000000000000000000000000|0000000000000000000000000000000000000000000000000000000000000000|0|3|rt4_TMB-5_MAP_g_10185.r24|2|1|RICH|784|0|2720|0000000000000000000000000000000000000000000000000000000000000000|RICH|1|784|DISP=ACCEPT_INSTALL|DETAIL=map
0000000000000000000000000000000000000000000000000000000000000000|0000000000000000000000000000000000000000000000000000000000000000|0|3|rt4_TMB-5_MAP_g_10186.r24|2|1|RICH|784|0|2730|0000000000000000000000000000000000000000000000000000000000000000|RICH|1|784|DISP=ACCEPT_INSTALL|DETAIL=map
0000000000000000000000000000000000000000000000000000000000000000|0000000000000000000000000000000000000000000000000000000000000000|0|3|rt4_TMB-5_MAP_g_10187.r24|2|1|RICH|784|0|2740|0000000000000000000000000000000000000000000000000000000000000000|RICH|1|784|DISP=ACCEPT_INSTALL|DETAIL=map
0000000000000000000000000000000000000000000000000000000000000000|0000000000000000000000000000000000000000000000000000000000000000|0|3|rt4_TMB-5_MAP_g_10188.r24|2|1|RICH|784|0|2750|0000000000000000000000000000000000000000000000000000000000000000|RICH|1|784|DISP=ACCEPT_INSTALL|DETAIL=map
0000000000000000000000000000000000000000000000000000000000000000|0000000000000000000000000000000000000000000000000000000000000000|0|3|rt4_TMB-5_MAP_g_10189.r24|2|1|RICH|784|0|2760|0000000000000000000000000000000000000000000000000000000000000000|RICH|1|784|DISP=ACCEPT_INSTALL|DETAIL=map
0000000000000000000000000000000000000000000000000000000000000000|0000000000000000000000000000000000000000000000000000000000000000|0|3|rt4_TMB-5_MAP_g_10190.r24|2|1|RICH|784|0|2770|0000000000000000000000000000000000000000000000000000000000000000|RICH|1|784|DISP=ACCEPT_INSTALL|DETAIL=map
0000000000000000000000000000000000000000000000000000000000000000|0000000000000000000000000000000000000000000000000000000000000000|0|3|rt4_TMB-5_MAP_g_10191.r24|2|1|RICH|784|0|2780|0000000000000000000000000000000000000000000000000000000000000000|RICH|1|784|DISP=ACCEPT_INSTALL|DETAIL=map
0000000000000000000000000000000000000000000000000000000000000000|0000000000000000000000000000000000000000000000000000000000000000|0|3|rt4_TMB-5_MAP_g_10192.r24|2|1|RICH|784|0|2790|0000000000000000000000000000000000000000000000000000000000000000|RICH|1|784|DISP=ACCEPT_INSTALL|DETAIL=map
0000000000000000000000000000000000000000000000000000000000000000|0000000000000000000000000000000000000000000000000000000000000000|0|3|rt4_TMB-5_MAP_g_10193.r24|2|1|RICH|784|0|2800|0000000000000000000000000000000000000000000000000000000000000000|RICH|1|784|DISP=ACCEPT_INSTALL|DETAIL=map
0000000000000000000000000000000000000000000000000000000000000000|0000000000000000000000000000000000000000000000000000000000000000|0|3|rt4_TMB-5_MAP_g_10194.r24|2|1|RICH|784|0|2810|0000000000000000000000000000000000000000000000000000000000000000|RICH|1|784|DISP=ACCEPT_INSTALL|DETAIL=map
0000000000000000000000000000000000000000000000000000000000000000|0000000000000000000000000000000000000000000000000000000000000000|0|3|rt4_TMB-5_MAP_g_10195.r24|2|1|RICH|784|0|2820|0000000000000000000000000000000000000000000000000000000000000000|RICH|1|784|DISP=ACCEPT_INSTALL|DETAIL=map
0000000000000000000000000000000000000000000000000000000000000000|0000000000000000000000000000000000000000000000000000000000000000|0|3|rt4_TMB-5_MAP_g_10196.r24|2|1|RICH|784|0|2830|0000000000000000000000000000000000000000000000000000000000000000|RICH|1|784|DISP=ACCEPT_INSTALL|DETAIL=map
0000000000000000000000000000000000000000000000000000000000000000|0000000000000000000000000000000000000000000000000000000000000000|0|3|rt4_TMB-5_MAP_g_10197.r24|2|1|RICH|784|0|2840|0000000000000000000000000000000000000000000000000000000000000000|RICH|1|784|DISP=ACCEPT_INSTALL|DETAIL=map
0000000000000000000000000000000000000000000000000000000000000000|0000000000000000000000000000000000000000000000000000000000000000|0|3|rt4_TMB-5_MAP_g_10198.r24|2|1|RICH|784|0|2850|0000000000000000000000000000000000000000000000000000000000000000|RICH|1|784|DISP=ACCEPT_INSTALL|DETAIL=map
0000000000000000000000000000000000000000000000000000000000000000|0000000000000000000000000000000000000000000000000000000000000000|0|3|rt4_TMB-5_MAP_g_10199.r24|2|1|RICH|784|0|2860|0000000000000000000000000000000000000000000000000000000000000000|RICH|1|784|DISP=ACCEPT_INSTALL|DETAIL=map
0000000000000000000000000000000000000000000000000000000000000000|0000000000000000000000000000000000000000000000000000000000000000|0|3|rt4_TMB-5_MAP_g_10200.r24|2|1|RICH|784|0|2870|0000000000000000000000000000000000000000000000000000000000000000|RICH|1|784|DISP=ACCEPT_INSTALL|DETAIL=map
0000000000000000000000000000000000000000000000000000000000000000|0000000000000000000000000000000000000000000000000000000000000000|0|3|rt4_TMB-5_MAP_g_10201.r24|2|1|RICH|784|0|2880|0000000000000000000000000000000000000000000000000000000000000000|RICH|1|784|DISP=ACCEPT_INSTALL|DETAIL=map
0000000000000000000000000000000000000000000000000000000000000000|0000000000000000000000000000000000000000000000000000000000000000|0|3|rt4_TMB-5_MAP_g_10202.r24|2|1|RICH|784|0|2890|0000000000000000000000000000000000000000000000000000000000000000|RICH|1|784|DISP=ACCEPT_INSTALL|DETAIL=map
0000000000000000000000000000000000000000000000000000000000000000|0000000000000000000000000000000000000000000000000000000000000000|0|3|rt4_TMB-5_MAP_g_10203.r24|2|1|RICH|784|0|2900|0000000000000000000000000000000000000000000000000000000000000000|RICH|1|784|DISP=ACCEPT_INSTALL|DETAIL=map
0000000000000000000000000000000000000000000000000000000000000000|0000000000000000000000000000000000000000000000000000000000000000|0|3|rt4_TMB-5_MAP_g_10204.r24|2|1|RICH|786|0|2400|0000000000000000000000000000000000000000000000000000000000000000|RICH|1|786|DISP=ACCEPT_INSTALL|DETAIL=map
0000000000000000000000000000000000000000000000000000000000000000|0000000000000000000000000000000000000000000000000000000000000000|0|3|rt4_TMB-5_MAP_g_10205.r24|2|1|RICH|786|0|2410|0000000000000000000000000000000000000000000000000000000000000000|RICH|1|786|DISP=ACCEPT_INSTALL|DETAIL=map
0000000000000000000000000000000000000000000000000000000000000000|0000000000000000000000000000000000000000000000000000000000000000|0|3|rt4_TMB-5_MAP_g_10206.r24|2|1|RICH|786|0|2420|0000000000000000000000000000000000000000000000000000000000000000|RICH|1|786|DISP=ACCEPT_INSTALL|DETAIL=map
0000000000000000000000000000000000000000000000000000000000000000|0000000000000000000000000000000000000000000000000000000000000000|0|3|rt4_TMB-5_MAP_g_10207.r24|2|1|RICH|786|0|2430|0000000000000000000000000000000000000000000000000000000000000000|RICH|1|786|DISP=ACCEPT_INSTALL|DETAIL=map
0000000000000000000000000000000000000000000000000000000000000000|0000000000000000000000000000000000000000000000000000000000000000|0|3|rt4_TMB-5_MAP_g_10208.r24|2|1|RICH|786|0|2440|0000000000000000000000000000000000000000000000000000000000000000|RICH|1|786|DISP=ACCEPT_INSTALL|DETAIL=map
0000000000000000000000000000000000000000000000000000000000000000|0000000000000000000000000000000000000000000000000000000000000000|0|3|rt4_TMB-5_MAP_g_10209.r24|2|1|RICH|786|0|2450|0000000000000000000000000000000000000000000000000000000000000000|RICH|1|786|DISP=ACCEPT_INSTALL|DETAIL=map
0000000000000000000000000000000000000000000000000000000000000000|0000000000000000000000000000000000000000000000000000000000000000|0|3|rt4_TMB-5_MAP_g_10210.r24|2|1|RICH|786|0|2460|0000000000000000000000000000000000000000000000000000000000000000|RICH|1|786|DISP=ACCEPT_INSTALL|DETAIL=map
0000000000000000000000000000000000000000000000000000000000000000|0000000000000000000000000000000000000000000000000000000000000000|0|3|rt4_TMB-5_MAP_g_10211.r24|2|1|RICH|786|0|2470|0000000000000000000000000000000000000000000000000000000000000000|RICH|1|786|DISP=ACCEPT_INSTALL|DETAIL=map
0000000000000000000000000000000000000000000000000000000000000000|0000000000000000000000000000000000000000000000000000000000000000|0|3|rt4_TMB-5_MAP_g_10212.r24|2|1|RICH|786|0|2480|0000000000000000000000000000000000000000000000000000000000000000|RICH|1|786|DISP=ACCEPT_INSTALL|DETAIL=map
0000000000000000000000000000000000000000000000000000000000000000|0000000000000000000000000000000000000000000000000000000000000000|0|3|rt4_TMB-5_MAP_g_10213.r24|2|1|RICH|786|0|2490|0000000000000000000000000000000000000000000000000000000000000000|RICH|1|786|DISP=ACCEPT_INSTALL|DETAIL=map
0000000000000000000000000000000000000000000000000000000000000000|0000000000000000000000000000000000000000000000000000000000000000|0|3|rt4_TMB-5_MAP_g_10214.r24|2|1|RICH|786|0|2500|0000000000000000000000000000000000000000000000000000000000000000|RICH|1|786|DISP=ACCEPT_INSTALL|DETAIL=map
0000000000000000000000000000000000000000000000000000000000000000|0000000000000000000000000000000000000000000000000000000000000000|0|3|rt4_TMB-5_MAP_g_10215.r24|2|1|RICH|786|0|2510|0000000000000000000000000000000000000000000000000000000000000000|RICH|1|786|DISP=ACCEPT_INSTALL|DETAIL=map
0000000000000000000000000000000000000000000000000000000000000000|0000000000000000000000000000000000000000000000000000000000000000|0|3|rt4_TMB-5_MAP_g_10216.r24|2|1|RICH|786|0|2520|0000000000000000000000000000000000000000000000000000000000000000|RICH|1|786|DISP=ACCEPT_INSTALL|DETAIL=map
0000000000000000000000000000000000000000000000000000000000000000|0000000000000000000000000000000000000000000000000000000000000000|0|3|rt4_TMB-5_MAP_g_10217.r24|2|1|RICH|786|0|2530|0000000000000000000000000000000000000000000000000000000000000000|RICH|1|786|DISP=ACCEPT_INSTALL|DETAIL=map
0000000000000000000000000000000000000000000000000000000000000000|0000000000000000000000000000000000000000000000000000000000000000|0|3|rt4_TMB-5_MAP_g_10218.r24|2|1|RICH|786|0|2540|0000000000000000000000000000000000000000000000000000000000000000|RICH|1|786|DISP=ACCEPT_INSTALL|DETAIL=map
0000000000000000000000000000000000000000000000000000000000000000|0000000000000000000000000000000000000000000000000000000000000000|0|3|rt4_TMB-5_MAP_g_10219.r24|2|1|RICH|786|0|2550|0000000000000000000000000000000000000000000000000000000000000000|RICH|1|786|DISP=ACCEPT_INSTALL|DETAIL=map
0000000000000000000000000000000000000000000000000000000000000000|0000000000000000000000000000000000000000000000000000000000000000|0|3|rt4_TMB-5_MAP_g_10220.r24|2|1|RICH|786|0|2560|0000000000000000000000000000000000000000000000000000000000000000|RICH|1|786|DISP=ACCEPT_INSTALL|DETAIL=map
0000000000000000000000000000000000000000000000000000000000000000|0000000000000000000000000000000000000000000000000000000000000000|0|3|rt4_TMB-5_MAP_g_10221.r24|2|1|RICH|786|0|2570|0000000000000000000000000000000000000000000000000000000000000000|RICH|1|786|DISP=ACCEPT_INSTALL|DETAIL=map
0000000000000000000000000000000000000000000000000000000000000000|0000000000000000000000000000000000000000000000000000000000000000|0|3|rt4_TMB-5_MAP_g_10222.r24|2|1|RICH|786|0|2580|0000000000000000000000000000000000000000000000000000000000000000|RICH|1|786|DISP=ACCEPT_INSTALL|DETAIL=map
0000000000000000000000000000000000000000000000000000000000000000|0000000000000000000000000000000000000000000000000000000000000000|0|3|rt4_TMB-5_MAP_g_10223.r24|2|1|RICH|786|0|2590|0000000000000000000000000000000000000000000000000000000000000000|RICH|1|786|DISP=ACCEPT_INSTALL|DETAIL=map
0000000000000000000000000000000000000000000000000000000000000000|0000000000000000000000000000000000000000000000000000000000000000|0|3|rt4_TMB-5_MAP_g_10224.r24|2|1|RICH|786|0|2600|0000000000000000000000000000000000000000000000000000000000000000|RICH|1|786|DISP=ACCEPT_INSTALL|DETAIL=map
0000000000000000000000000000000000000000000000000000000000000000|0000000000000000000000000000000000000000000000000000000000000000|0|3|rt4_TMB-5_MAP_g_10225.r24|2|1|RICH|786|0|2610|0000000000000000000000000000000000000000000000000000000000000000|RICH|1|786|DISP=ACCEPT_INSTALL|DETAIL=map
0000000000000000000000000000000000000000000000000000000000000000|0000000000000000000000000000000000000000000000000000000000000000|0|3|rt4_TMB-5_MAP_g_10226.r24|2|1|RICH|786|0|2620|0000000000000000000000000000000000000000000000000000000000000000|RICH|1|786|DISP=ACCEPT_INSTALL|DETAIL=map
0000000000000000000000000000000000000000000000000000000000000000|0000000000000000000000000000000000000000000000000000000000000000|0|3|rt4_TMB-5_MAP_g_10227.r24|2|1|RICH|786|0|2630|0000000000000000000000000000000000000000000000000000000000000000|RICH|1|786|DISP=ACCEPT_INSTALL|DETAIL=map
0000000000000000000000000000000000000000000000000000000000000000|0000000000000000000000000000000000000000000000000000000000000000|0|3|rt4_TMB-5_MAP_g_10228.r24|2|1|RICH|786|0|2640|0000000000000000000000000000000000000000000000000000000000000000|RICH|1|786|DISP=ACCEPT_INSTALL|DETAIL=map
0000000000000000000000000000000000000000000000000000000000000000|0000000000000000000000000000000000000000000000000000000000000000|0|3|rt4_TMB-5_MAP_g_10229.r24|2|1|RICH|786|0|2650|0000000000000000000000000000000000000000000000000000000000000000|RICH|1|786|DISP=ACCEPT_INSTALL|DETAIL=map
0000000000000000000000000000000000000000000000000000000000000000|0000000000000000000000000000000000000000000000000000000000000000|0|3|rt4_TMB-5_MAP_g_10230.r24|2|1|RICH|786|0|2660|0000000000000000000000000000000000000000000000000000000000000000|RICH|1|786|DISP=ACCEPT_INSTALL|DETAIL=map
0000000000000000000000000000000000000000000000000000000000000000|0000000000000000000000000000000000000000000000000000000000000000|0|3|rt4_TMB-5_MAP_g_10231.r24|2|1|RICH|786|0|2670|0000000000000000000000000000000000000000000000000000000000000000|RICH|1|786|DISP=ACCEPT_INSTALL|DETAIL=map
0000000000000000000000000000000000000000000000000000000000000000|0000000000000000000000000000000000000000000000000000000000000000|0|3|rt4_TMB-5_MAP_g_10232.r24|2|1|RICH|786|0|2680|0000000000000000000000000000000000000000000000000000000000000000|RICH|1|786|DISP=ACCEPT_INSTALL|DETAIL=map
0000000000000000000000000000000000000000000000000000000000000000|0000000000000000000000000000000000000000000000000000000000000000|0|3|rt4_TMB-5_MAP_g_10233.r24|2|1|RICH|786|0|2690|0000000000000000000000000000000000000000000000000000000000000000|RICH|1|786|DISP=ACCEPT_INSTALL|DETAIL=map
0000000000000000000000000000000000000000000000000000000000000000|0000000000000000000000000000000000000000000000000000000000000000|0|3|rt4_TMB-5_MAP_g_10234.r24|2|1|RICH|786|0|2700|0000000000000000000000000000000000000000000000000000000000000000|RICH|1|786|DISP=ACCEPT_INSTALL|DETAIL=map
0000000000000000000000000000000000000000000000000000000000000000|0000000000000000000000000000000000000000000000000000000000000000|0|3|rt4_TMB-5_MAP_g_10235.r24|2|1|RICH|786|0|2710|0000000000000000000000000000000000000000000000000000000000000000|RICH|1|786|DISP=ACCEPT_INSTALL|DETAIL=map
0000000000000000000000000000000000000000000000000000000000000000|0000000000000000000000000000000000000000000000000000000000000000|0|3|rt4_TMB-5_MAP_g_10236.r24|2|1|RICH|786|0|2720|0000000000000000000000000000000000000000000000000000000000000000|RICH|1|786|DISP=ACCEPT_INSTALL|DETAIL=map
0000000000000000000000000000000000000000000000000000000000000000|0000000000000000000000000000000000000000000000000000000000000000|0|3|rt4_TMB-5_MAP_g_10237.r24|2|1|RICH|786|0|2730|0000000000000000000000000000000000000000000000000000000000000000|RICH|1|786|DISP=ACCEPT_INSTALL|DETAIL=map
0000000000000000000000000000000000000000000000000000000000000000|0000000000000000000000000000000000000000000000000000000000000000|0|3|rt4_TMB-5_MAP_g_10238.r24|2|1|RICH|786|0|2740|0000000000000000000000000000000000000000000000000000000000000000|RICH|1|786|DISP=ACCEPT_INSTALL|DETAIL=map
0000000000000000000000000000000000000000000000000000000000000000|0000000000000000000000000000000000000000000000000000000000000000|0|3|rt4_TMB-5_MAP_g_10239.r24|2|1|RICH|786|0|2750|0000000000000000000000000000000000000000000000000000000000000000|RICH|1|786|DISP=ACCEPT_INSTALL|DETAIL=map
0000000000000000000000000000000000000000000000000000000000000000|0000000000000000000000000000000000000000000000000000000000000000|0|3|rt4_TMB-5_MAP_g_10240.r24|2|1|RICH|786|0|2760|0000000000000000000000000000000000000000000000000000000000000000|RICH|1|786|DISP=ACCEPT_INSTALL|DETAIL=map
0000000000000000000000000000000000000000000000000000000000000000|0000000000000000000000000000000000000000000000000000000000000000|0|3|rt4_TMB-5_MAP_g_10241.r24|2|1|RICH|786|0|2770|0000000000000000000000000000000000000000000000000000000000000000|RICH|1|786|DISP=ACCEPT_INSTALL|DETAIL=map
0000000000000000000000000000000000000000000000000000000000000000|0000000000000000000000000000000000000000000000000000000000000000|0|3|rt4_TMB-5_MAP_g_10242.r24|2|1|RICH|786|0|2780|0000000000000000000000000000000000000000000000000000000000000000|RICH|1|786|DISP=ACCEPT_INSTALL|DETAIL=map
0000000000000000000000000000000000000000000000000000000000000000|0000000000000000000000000000000000000000000000000000000000000000|0|3|rt4_TMB-5_MAP_g_10243.r24|2|1|RICH|786|0|2790|0000000000000000000000000000000000000000000000000000000000000000|RICH|1|786|DISP=ACCEPT_INSTALL|DETAIL=map
0000000000000000000000000000000000000000000000000000000000000000|0000000000000000000000000000000000000000000000000000000000000000|0|3|rt4_TMB-5_MAP_g_10244.r24|2|1|RICH|786|0|2800|0000000000000000000000000000000000000000000000000000000000000000|RICH|1|786|DISP=ACCEPT_INSTALL|DETAIL=map
0000000000000000000000000000000000000000000000000000000000000000|0000000000000000000000000000000000000000000000000000000000000000|0|3|rt4_TMB-5_MAP_g_10245.r24|2|1|RICH|786|0|2810|0000000000000000000000000000000000000000000000000000000000000000|RICH|1|786|DISP=ACCEPT_INSTALL|DETAIL=map
0000000000000000000000000000000000000000000000000000000000000000|0000000000000000000000000000000000000000000000000000000000000000|0|3|rt4_TMB-5_MAP_g_10246.r24|2|1|RICH|786|0|2820|0000000000000000000000000000000000000000000000000000000000000000|RICH|1|786|DISP=ACCEPT_INSTALL|DETAIL=map
0000000000000000000000000000000000000000000000000000000000000000|0000000000000000000000000000000000000000000000000000000000000000|0|3|rt4_TMB-5_MAP_g_10247.r24|2|1|RICH|786|0|2830|0000000000000000000000000000000000000000000000000000000000000000|RICH|1|786|DISP=ACCEPT_INSTALL|DETAIL=map
0000000000000000000000000000000000000000000000000000000000000000|0000000000000000000000000000000000000000000000000000000000000000|0|3|rt4_TMB-5_MAP_g_10248.r24|2|1|RICH|786|0|2840|0000000000000000000000000000000000000000000000000000000000000000|RICH|1|786|DISP=ACCEPT_INSTALL|DETAIL=map
0000000000000000000000000000000000000000000000000000000000000000|0000000000000000000000000000000000000000000000000000000000000000|0|3|rt4_TMB-5_MAP_g_10249.r24|2|1|RICH|786|0|2850|0000000000000000000000000000000000000000000000000000000000000000|RICH|1|786|DISP=ACCEPT_INSTALL|DETAIL=map
0000000000000000000000000000000000000000000000000000000000000000|0000000000000000000000000000000000000000000000000000000000000000|0|3|rt4_TMB-5_MAP_g_10250.r24|2|1|RICH|786|0|2860|0000000000000000000000000000000000000000000000000000000000000000|RICH|1|786|DISP=ACCEPT_INSTALL|DETAIL=map
0000000000000000000000000000000000000000000000000000000000000000|0000000000000000000000000000000000000000000000000000000000000000|0|3|rt4_TMB-5_MAP_g_10251.r24|2|1|RICH|786|0|2870|0000000000000000000000000000000000000000000000000000000000000000|RICH|1|786|DISP=ACCEPT_INSTALL|DETAIL=map
0000000000000000000000000000000000000000000000000000000000000000|0000000000000000000000000000000000000000000000000000000000000000|0|3|rt4_TMB-5_MAP_g_10252.r24|2|1|RICH|786|0|2880|0000000000000000000000000000000000000000000000000000000000000000|RICH|1|786|DISP=ACCEPT_INSTALL|DETAIL=map
0000000000000000000000000000000000000000000000000000000000000000|0000000000000000000000000000000000000000000000000000000000000000|0|3|rt4_TMB-5_MAP_g_10253.r24|2|1|RICH|786|0|2890|0000000000000000000000000000000000000000000000000000000000000000|RICH|1|786|DISP=ACCEPT_INSTALL|DETAIL=map
0000000000000000000000000000000000000000000000000000000000000000|0000000000000000000000000000000000000000000000000000000000000000|0|3|rt4_TMB-5_MAP_g_10254.r24|2|1|RICH|786|0|2900|0000000000000000000000000000000000000000000000000000000000000000|RICH|1|786|DISP=ACCEPT_INSTALL|DETAIL=map
0000000000000000000000000000000000000000000000000000000000000000|0000000000000000000000000000000000000000000000000000000000000000|0|3|rt4_TMB-5_MAP_g_10255.r24|2|1|RICH|788|0|2400|0000000000000000000000000000000000000000000000000000000000000000|RICH|1|788|DISP=ACCEPT_INSTALL|DETAIL=map
0000000000000000000000000000000000000000000000000000000000000000|0000000000000000000000000000000000000000000000000000000000000000|0|3|rt4_TMB-5_MAP_g_10256.r24|2|1|RICH|788|0|2410|0000000000000000000000000000000000000000000000000000000000000000|RICH|1|788|DISP=ACCEPT_INSTALL|DETAIL=map
0000000000000000000000000000000000000000000000000000000000000000|0000000000000000000000000000000000000000000000000000000000000000|0|3|rt4_TMB-5_MAP_g_10257.r24|2|1|RICH|788|0|2420|0000000000000000000000000000000000000000000000000000000000000000|RICH|1|788|DISP=ACCEPT_INSTALL|DETAIL=map
0000000000000000000000000000000000000000000000000000000000000000|0000000000000000000000000000000000000000000000000000000000000000|0|3|rt4_TMB-5_MAP_g_10258.r24|2|1|RICH|788|0|2430|0000000000000000000000000000000000000000000000000000000000000000|RICH|1|788|DISP=ACCEPT_INSTALL|DETAIL=map
0000000000000000000000000000000000000000000000000000000000000000|0000000000000000000000000000000000000000000000000000000000000000|0|3|rt4_TMB-5_MAP_g_10259.r24|2|1|RICH|788|0|2440|0000000000000000000000000000000000000000000000000000000000000000|RICH|1|788|DISP=ACCEPT_INSTALL|DETAIL=map
0000000000000000000000000000000000000000000000000000000000000000|0000000000000000000000000000000000000000000000000000000000000000|0|3|rt4_TMB-5_MAP_g_10260.r24|2|1|RICH|788|0|2450|0000000000000000000000000000000000000000000000000000000000000000|RICH|1|788|DISP=ACCEPT_INSTALL|DETAIL=map
0000000000000000000000000000000000000000000000000000000000000000|0000000000000000000000000000000000000000000000000000000000000000|0|3|rt4_TMB-5_MAP_g_10261.r24|2|1|RICH|788|0|2460|0000000000000000000000000000000000000000000000000000000000000000|RICH|1|788|DISP=ACCEPT_INSTALL|DETAIL=map
0000000000000000000000000000000000000000000000000000000000000000|0000000000000000000000000000000000000000000000000000000000000000|0|3|rt4_TMB-5_MAP_g_10262.r24|2|1|RICH|788|0|2470|0000000000000000000000000000000000000000000000000000000000000000|RICH|1|788|DISP=ACCEPT_INSTALL|DETAIL=map
0000000000000000000000000000000000000000000000000000000000000000|0000000000000000000000000000000000000000000000000000000000000000|0|3|rt4_TMB-5_MAP_g_10263.r24|2|1|RICH|788|0|2480|0000000000000000000000000000000000000000000000000000000000000000|RICH|1|788|DISP=ACCEPT_INSTALL|DETAIL=map
0000000000000000000000000000000000000000000000000000000000000000|0000000000000000000000000000000000000000000000000000000000000000|0|3|rt4_TMB-5_MAP_g_10264.r24|2|1|RICH|788|0|2490|0000000000000000000000000000000000000000000000000000000000000000|RICH|1|788|DISP=ACCEPT_INSTALL|DETAIL=map
0000000000000000000000000000000000000000000000000000000000000000|0000000000000000000000000000000000000000000000000000000000000000|0|3|rt4_TMB-5_MAP_g_10265.r24|2|1|RICH|788|0|2500|0000000000000000000000000000000000000000000000000000000000000000|RICH|1|788|DISP=ACCEPT_INSTALL|DETAIL=map
0000000000000000000000000000000000000000000000000000000000000000|0000000000000000000000000000000000000000000000000000000000000000|0|3|rt4_TMB-5_MAP_g_10266.r24|2|1|RICH|788|0|2510|0000000000000000000000000000000000000000000000000000000000000000|RICH|1|788|DISP=ACCEPT_INSTALL|DETAIL=map
0000000000000000000000000000000000000000000000000000000000000000|0000000000000000000000000000000000000000000000000000000000000000|0|3|rt4_TMB-5_MAP_g_10267.r24|2|1|RICH|788|0|2520|0000000000000000000000000000000000000000000000000000000000000000|RICH|1|788|DISP=ACCEPT_INSTALL|DETAIL=map
0000000000000000000000000000000000000000000000000000000000000000|0000000000000000000000000000000000000000000000000000000000000000|0|3|rt4_TMB-5_MAP_g_10268.r24|2|1|RICH|788|0|2530|0000000000000000000000000000000000000000000000000000000000000000|RICH|1|788|DISP=ACCEPT_INSTALL|DETAIL=map
0000000000000000000000000000000000000000000000000000000000000000|0000000000000000000000000000000000000000000000000000000000000000|0|3|rt4_TMB-5_MAP_g_10269.r24|2|1|RICH|788|0|2540|0000000000000000000000000000000000000000000000000000000000000000|RICH|1|788|DISP=ACCEPT_INSTALL|DETAIL=map
0000000000000000000000000000000000000000000000000000000000000000|0000000000000000000000000000000000000000000000000000000000000000|0|3|rt4_TMB-5_MAP_g_10270.r24|2|1|RICH|788|0|2550|0000000000000000000000000000000000000000000000000000000000000000|RICH|1|788|DISP=ACCEPT_INSTALL|DETAIL=map
0000000000000000000000000000000000000000000000000000000000000000|0000000000000000000000000000000000000000000000000000000000000000|0|3|rt4_TMB-5_MAP_g_10271.r24|2|1|RICH|788|0|2560|0000000000000000000000000000000000000000000000000000000000000000|RICH|1|788|DISP=ACCEPT_INSTALL|DETAIL=map
0000000000000000000000000000000000000000000000000000000000000000|0000000000000000000000000000000000000000000000000000000000000000|0|3|rt4_TMB-5_MAP_g_10272.r24|2|1|RICH|788|0|2570|0000000000000000000000000000000000000000000000000000000000000000|RICH|1|788|DISP=ACCEPT_INSTALL|DETAIL=map
0000000000000000000000000000000000000000000000000000000000000000|0000000000000000000000000000000000000000000000000000000000000000|0|3|rt4_TMB-5_MAP_g_10273.r24|2|1|RICH|788|0|2580|0000000000000000000000000000000000000000000000000000000000000000|RICH|1|788|DISP=ACCEPT_INSTALL|DETAIL=map
0000000000000000000000000000000000000000000000000000000000000000|0000000000000000000000000000000000000000000000000000000000000000|0|3|rt4_TMB-5_MAP_g_10274.r24|2|1|RICH|788|0|2590|0000000000000000000000000000000000000000000000000000000000000000|RICH|1|788|DISP=ACCEPT_INSTALL|DETAIL=map
0000000000000000000000000000000000000000000000000000000000000000|0000000000000000000000000000000000000000000000000000000000000000|0|3|rt4_TMB-5_MAP_g_10275.r24|2|1|RICH|788|0|2600|0000000000000000000000000000000000000000000000000000000000000000|RICH|1|788|DISP=ACCEPT_INSTALL|DETAIL=map
0000000000000000000000000000000000000000000000000000000000000000|0000000000000000000000000000000000000000000000000000000000000000|0|3|rt4_TMB-5_MAP_g_10276.r24|2|1|RICH|788|0|2610|0000000000000000000000000000000000000000000000000000000000000000|RICH|1|788|DISP=ACCEPT_INSTALL|DETAIL=map
0000000000000000000000000000000000000000000000000000000000000000|0000000000000000000000000000000000000000000000000000000000000000|0|3|rt4_TMB-5_MAP_g_10277.r24|2|1|RICH|788|0|2620|0000000000000000000000000000000000000000000000000000000000000000|RICH|1|788|DISP=ACCEPT_INSTALL|DETAIL=map
0000000000000000000000000000000000000000000000000000000000000000|0000000000000000000000000000000000000000000000000000000000000000|0|3|rt4_TMB-5_MAP_g_10278.r24|2|1|RICH|788|0|2630|0000000000000000000000000000000000000000000000000000000000000000|RICH|1|788|DISP=ACCEPT_INSTALL|DETAIL=map
0000000000000000000000000000000000000000000000000000000000000000|0000000000000000000000000000000000000000000000000000000000000000|0|3|rt4_TMB-5_MAP_g_10279.r24|2|1|RICH|788|0|2640|0000000000000000000000000000000000000000000000000000000000000000|RICH|1|788|DISP=ACCEPT_INSTALL|DETAIL=map
0000000000000000000000000000000000000000000000000000000000000000|0000000000000000000000000000000000000000000000000000000000000000|0|3|rt4_TMB-5_MAP_g_10280.r24|2|1|RICH|788|0|2650|0000000000000000000000000000000000000000000000000000000000000000|RICH|1|788|DISP=ACCEPT_INSTALL|DETAIL=map
0000000000000000000000000000000000000000000000000000000000000000|0000000000000000000000000000000000000000000000000000000000000000|0|3|rt4_TMB-5_MAP_g_10281.r24|2|1|RICH|788|0|2660|0000000000000000000000000000000000000000000000000000000000000000|RICH|1|788|DISP=ACCEPT_INSTALL|DETAIL=map
0000000000000000000000000000000000000000000000000000000000000000|0000000000000000000000000000000000000000000000000000000000000000|0|3|rt4_TMB-5_MAP_g_10282.r24|2|1|RICH|788|0|2670|0000000000000000000000000000000000000000000000000000000000000000|RICH|1|788|DISP=ACCEPT_INSTALL|DETAIL=map
0000000000000000000000000000000000000000000000000000000000000000|0000000000000000000000000000000000000000000000000000000000000000|0|3|rt4_TMB-5_MAP_g_10283.r24|2|1|RICH|788|0|2680|0000000000000000000000000000000000000000000000000000000000000000|RICH|1|788|DISP=ACCEPT_INSTALL|DETAIL=map
0000000000000000000000000000000000000000000000000000000000000000|0000000000000000000000000000000000000000000000000000000000000000|0|3|rt4_TMB-5_MAP_g_10284.r24|2|1|RICH|788|0|2690|0000000000000000000000000000000000000000000000000000000000000000|RICH|1|788|DISP=ACCEPT_INSTALL|DETAIL=map
0000000000000000000000000000000000000000000000000000000000000000|0000000000000000000000000000000000000000000000000000000000000000|0|3|rt4_TMB-5_MAP_g_10285.r24|2|1|RICH|788|0|2700|0000000000000000000000000000000000000000000000000000000000000000|RICH|1|788|DISP=ACCEPT_INSTALL|DETAIL=map
0000000000000000000000000000000000000000000000000000000000000000|0000000000000000000000000000000000000000000000000000000000000000|0|3|rt4_TMB-5_MAP_g_10286.r24|2|1|RICH|788|0|2710|0000000000000000000000000000000000000000000000000000000000000000|RICH|1|788|DISP=ACCEPT_INSTALL|DETAIL=map
0000000000000000000000000000000000000000000000000000000000000000|0000000000000000000000000000000000000000000000000000000000000000|0|3|rt4_TMB-5_MAP_g_10287.r24|2|1|RICH|788|0|2720|0000000000000000000000000000000000000000000000000000000000000000|RICH|1|788|DISP=ACCEPT_INSTALL|DETAIL=map
0000000000000000000000000000000000000000000000000000000000000000|0000000000000000000000000000000000000000000000000000000000000000|0|3|rt4_TMB-5_MAP_g_10288.r24|2|1|RICH|788|0|2730|0000000000000000000000000000000000000000000000000000000000000000|RICH|1|788|DISP=ACCEPT_INSTALL|DETAIL=map
0000000000000000000000000000000000000000000000000000000000000000|0000000000000000000000000000000000000000000000000000000000000000|0|3|rt4_TMB-5_MAP_g_10289.r24|2|1|RICH|788|0|2740|0000000000000000000000000000000000000000000000000000000000000000|RICH|1|788|DISP=ACCEPT_INSTALL|DETAIL=map
0000000000000000000000000000000000000000000000000000000000000000|0000000000000000000000000000000000000000000000000000000000000000|0|3|rt4_TMB-5_MAP_g_10290.r24|2|1|RICH|788|0|2750|0000000000000000000000000000000000000000000000000000000000000000|RICH|1|788|DISP=ACCEPT_INSTALL|DETAIL=map
0000000000000000000000000000000000000000000000000000000000000000|0000000000000000000000000000000000000000000000000000000000000000|0|3|rt4_TMB-5_MAP_g_10291.r24|2|1|RICH|788|0|2760|0000000000000000000000000000000000000000000000000000000000000000|RICH|1|788|DISP=ACCEPT_INSTALL|DETAIL=map
0000000000000000000000000000000000000000000000000000000000000000|0000000000000000000000000000000000000000000000000000000000000000|0|3|rt4_TMB-5_MAP_g_10292.r24|2|1|RICH|788|0|2770|0000000000000000000000000000000000000000000000000000000000000000|RICH|1|788|DISP=ACCEPT_INSTALL|DETAIL=map
0000000000000000000000000000000000000000000000000000000000000000|0000000000000000000000000000000000000000000000000000000000000000|0|3|rt4_TMB-5_MAP_g_10293.r24|2|1|RICH|788|0|2780|0000000000000000000000000000000000000000000000000000000000000000|RICH|1|788|DISP=ACCEPT_INSTALL|DETAIL=map
0000000000000000000000000000000000000000000000000000000000000000|0000000000000000000000000000000000000000000000000000000000000000|0|3|rt4_TMB-5_MAP_g_10294.r24|2|1|RICH|788|0|2790|0000000000000000000000000000000000000000000000000000000000000000|RICH|1|788|DISP=ACCEPT_INSTALL|DETAIL=map
0000000000000000000000000000000000000000000000000000000000000000|0000000000000000000000000000000000000000000000000000000000000000|0|3|rt4_TMB-5_MAP_g_10295.r24|2|1|RICH|788|0|2800|0000000000000000000000000000000000000000000000000000000000000000|RICH|1|788|DISP=ACCEPT_INSTALL|DETAIL=map
0000000000000000000000000000000000000000000000000000000000000000|0000000000000000000000000000000000000000000000000000000000000000|0|3|rt4_TMB-5_MAP_g_10296.r24|2|1|RICH|788|0|2810|0000000000000000000000000000000000000000000000000000000000000000|RICH|1|788|DISP=ACCEPT_INSTALL|DETAIL=map
0000000000000000000000000000000000000000000000000000000000000000|0000000000000000000000000000000000000000000000000000000000000000|0|3|rt4_TMB-5_MAP_g_10297.r24|2|1|RICH|788|0|2820|0000000000000000000000000000000000000000000000000000000000000000|RICH|1|788|DISP=ACCEPT_INSTALL|DETAIL=map
0000000000000000000000000000000000000000000000000000000000000000|0000000000000000000000000000000000000000000000000000000000000000|0|3|rt4_TMB-5_MAP_g_10298.r24|2|1|RICH|788|0|2830|0000000000000000000000000000000000000000000000000000000000000000|RICH|1|788|DISP=ACCEPT_INSTALL|DETAIL=map
0000000000000000000000000000000000000000000000000000000000000000|0000000000000000000000000000000000000000000000000000000000000000|0|3|rt4_TMB-5_MAP_g_10299.r24|2|1|RICH|788|0|2840|0000000000000000000000000000000000000000000000000000000000000000|RICH|1|788|DISP=ACCEPT_INSTALL|DETAIL=map
0000000000000000000000000000000000000000000000000000000000000000|0000000000000000000000000000000000000000000000000000000000000000|0|3|rt4_TMB-5_MAP_g_10300.r24|2|1|RICH|788|0|2850|0000000000000000000000000000000000000000000000000000000000000000|RICH|1|788|DISP=ACCEPT_INSTALL|DETAIL=map
0000000000000000000000000000000000000000000000000000000000000000|0000000000000000000000000000000000000000000000000000000000000000|0|3|rt4_TMB-5_MAP_g_10301.r24|2|1|RICH|788|0|2860|0000000000000000000000000000000000000000000000000000000000000000|RICH|1|788|DISP=ACCEPT_INSTALL|DETAIL=map
0000000000000000000000000000000000000000000000000000000000000000|0000000000000000000000000000000000000000000000000000000000000000|0|3|rt4_TMB-5_MAP_g_10302.r24|2|1|RICH|788|0|2870|0000000000000000000000000000000000000000000000000000000000000000|RICH|1|788|DISP=ACCEPT_INSTALL|DETAIL=map
0000000000000000000000000000000000000000000000000000000000000000|0000000000000000000000000000000000000000000000000000000000000000|0|3|rt4_TMB-5_MAP_g_10303.r24|2|1|RICH|788|0|2880|0000000000000000000000000000000000000000000000000000000000000000|RICH|1|788|DISP=ACCEPT_INSTALL|DETAIL=map
0000000000000000000000000000000000000000000000000000000000000000|0000000000000000000000000000000000000000000000000000000000000000|0|3|rt4_TMB-5_MAP_g_10304.r24|2|1|RICH|788|0|2890|0000000000000000000000000000000000000000000000000000000000000000|RICH|1|788|DISP=ACCEPT_INSTALL|DETAIL=map
0000000000000000000000000000000000000000000000000000000000000000|0000000000000000000000000000000000000000000000000000000000000000|0|3|rt4_TMB-5_MAP_g_10305.r24|2|1|RICH|788|0|2900|0000000000000000000000000000000000000000000000000000000000000000|RICH|1|788|DISP=ACCEPT_INSTALL|DETAIL=map
0000000000000000000000000000000000000000000000000000000000000000|0000000000000000000000000000000000000000000000000000000000000000|0|3|rt4_TMB-5_MAP_g_10306.r24|2|1|RICH|790|0|2400|0000000000000000000000000000000000000000000000000000000000000000|RICH|1|790|DISP=ACCEPT_INSTALL|DETAIL=map
0000000000000000000000000000000000000000000000000000000000000000|0000000000000000000000000000000000000000000000000000000000000000|0|3|rt4_TMB-5_MAP_g_10307.r24|2|1|RICH|790|0|2410|0000000000000000000000000000000000000000000000000000000000000000|RICH|1|790|DISP=ACCEPT_INSTALL|DETAIL=map
0000000000000000000000000000000000000000000000000000000000000000|0000000000000000000000000000000000000000000000000000000000000000|0|3|rt4_TMB-5_MAP_g_10308.r24|2|1|RICH|790|0|2420|0000000000000000000000000000000000000000000000000000000000000000|RICH|1|790|DISP=ACCEPT_INSTALL|DETAIL=map
0000000000000000000000000000000000000000000000000000000000000000|0000000000000000000000000000000000000000000000000000000000000000|0|3|rt4_TMB-5_MAP_g_10309.r24|2|1|RICH|790|0|2430|0000000000000000000000000000000000000000000000000000000000000000|RICH|1|790|DISP=ACCEPT_INSTALL|DETAIL=map
0000000000000000000000000000000000000000000000000000000000000000|0000000000000000000000000000000000000000000000000000000000000000|0|3|rt4_TMB-5_MAP_g_10310.r24|2|1|RICH|790|0|2440|0000000000000000000000000000000000000000000000000000000000000000|RICH|1|790|DISP=ACCEPT_INSTALL|DETAIL=map
0000000000000000000000000000000000000000000000000000000000000000|0000000000000000000000000000000000000000000000000000000000000000|0|3|rt4_TMB-5_MAP_g_10311.r24|2|1|RICH|790|0|2450|0000000000000000000000000000000000000000000000000000000000000000|RICH|1|790|DISP=ACCEPT_INSTALL|DETAIL=map
0000000000000000000000000000000000000000000000000000000000000000|0000000000000000000000000000000000000000000000000000000000000000|0|3|rt4_TMB-5_MAP_g_10312.r24|2|1|RICH|790|0|2460|0000000000000000000000000000000000000000000000000000000000000000|RICH|1|790|DISP=ACCEPT_INSTALL|DETAIL=map
0000000000000000000000000000000000000000000000000000000000000000|0000000000000000000000000000000000000000000000000000000000000000|0|3|rt4_TMB-5_MAP_g_10313.r24|2|1|RICH|790|0|2470|0000000000000000000000000000000000000000000000000000000000000000|RICH|1|790|DISP=ACCEPT_INSTALL|DETAIL=map
0000000000000000000000000000000000000000000000000000000000000000|0000000000000000000000000000000000000000000000000000000000000000|0|3|rt4_TMB-5_MAP_g_10314.r24|2|1|RICH|790|0|2480|0000000000000000000000000000000000000000000000000000000000000000|RICH|1|790|DISP=ACCEPT_INSTALL|DETAIL=map
0000000000000000000000000000000000000000000000000000000000000000|0000000000000000000000000000000000000000000000000000000000000000|0|3|rt4_TMB-5_MAP_g_10315.r24|2|1|RICH|790|0|2490|0000000000000000000000000000000000000000000000000000000000000000|RICH|1|790|DISP=ACCEPT_INSTALL|DETAIL=map
0000000000000000000000000000000000000000000000000000000000000000|0000000000000000000000000000000000000000000000000000000000000000|0|3|rt4_TMB-5_MAP_g_10316.r24|2|1|RICH|790|0|2500|0000000000000000000000000000000000000000000000000000000000000000|RICH|1|790|DISP=ACCEPT_INSTALL|DETAIL=map
0000000000000000000000000000000000000000000000000000000000000000|0000000000000000000000000000000000000000000000000000000000000000|0|3|rt4_TMB-5_MAP_g_10317.r24|2|1|RICH|790|0|2510|0000000000000000000000000000000000000000000000000000000000000000|RICH|1|790|DISP=ACCEPT_INSTALL|DETAIL=map
0000000000000000000000000000000000000000000000000000000000000000|0000000000000000000000000000000000000000000000000000000000000000|0|3|rt4_TMB-5_MAP_g_10318.r24|2|1|RICH|790|0|2520|0000000000000000000000000000000000000000000000000000000000000000|RICH|1|790|DISP=ACCEPT_INSTALL|DETAIL=map
0000000000000000000000000000000000000000000000000000000000000000|0000000000000000000000000000000000000000000000000000000000000000|0|3|rt4_TMB-5_MAP_g_10319.r24|2|1|RICH|790|0|2530|0000000000000000000000000000000000000000000000000000000000000000|RICH|1|790|DISP=ACCEPT_INSTALL|DETAIL=map
0000000000000000000000000000000000000000000000000000000000000000|0000000000000000000000000000000000000000000000000000000000000000|0|3|rt4_TMB-5_MAP_g_10320.r24|2|1|RICH|790|0|2540|0000000000000000000000000000000000000000000000000000000000000000|RICH|1|790|DISP=ACCEPT_INSTALL|DETAIL=map
0000000000000000000000000000000000000000000000000000000000000000|0000000000000000000000000000000000000000000000000000000000000000|0|3|rt4_TMB-5_MAP_g_10321.r24|2|1|RICH|790|0|2550|0000000000000000000000000000000000000000000000000000000000000000|RICH|1|790|DISP=ACCEPT_INSTALL|DETAIL=map
0000000000000000000000000000000000000000000000000000000000000000|0000000000000000000000000000000000000000000000000000000000000000|0|3|rt4_TMB-5_MAP_g_10322.r24|2|1|RICH|790|0|2560|0000000000000000000000000000000000000000000000000000000000000000|RICH|1|790|DISP=ACCEPT_INSTALL|DETAIL=map
0000000000000000000000000000000000000000000000000000000000000000|0000000000000000000000000000000000000000000000000000000000000000|0|3|rt4_TMB-5_MAP_g_10323.r24|2|1|RICH|790|0|2570|0000000000000000000000000000000000000000000000000000000000000000|RICH|1|790|DISP=ACCEPT_INSTALL|DETAIL=map
0000000000000000000000000000000000000000000000000000000000000000|0000000000000000000000000000000000000000000000000000000000000000|0|3|rt4_TMB-5_MAP_g_10324.r24|2|1|RICH|790|0|2580|0000000000000000000000000000000000000000000000000000000000000000|RICH|1|790|DISP=ACCEPT_INSTALL|DETAIL=map
0000000000000000000000000000000000000000000000000000000000000000|0000000000000000000000000000000000000000000000000000000000000000|0|3|rt4_TMB-5_MAP_g_10325.r24|2|1|RICH|790|0|2590|0000000000000000000000000000000000000000000000000000000000000000|RICH|1|790|DISP=ACCEPT_INSTALL|DETAIL=map
0000000000000000000000000000000000000000000000000000000000000000|0000000000000000000000000000000000000000000000000000000000000000|0|3|rt4_TMB-5_MAP_g_10326.r24|2|1|RICH|790|0|2600|0000000000000000000000000000000000000000000000000000000000000000|RICH|1|790|DISP=ACCEPT_INSTALL|DETAIL=map
0000000000000000000000000000000000000000000000000000000000000000|0000000000000000000000000000000000000000000000000000000000000000|0|3|rt4_TMB-5_MAP_g_10327.r24|2|1|RICH|790|0|2610|0000000000000000000000000000000000000000000000000000000000000000|RICH|1|790|DISP=ACCEPT_INSTALL|DETAIL=map
0000000000000000000000000000000000000000000000000000000000000000|0000000000000000000000000000000000000000000000000000000000000000|0|3|rt4_TMB-5_MAP_g_10328.r24|2|1|RICH|790|0|2620|0000000000000000000000000000000000000000000000000000000000000000|RICH|1|790|DISP=ACCEPT_INSTALL|DETAIL=map
0000000000000000000000000000000000000000000000000000000000000000|0000000000000000000000000000000000000000000000000000000000000000|0|3|rt4_TMB-5_MAP_g_10329.r24|2|1|RICH|790|0|2630|0000000000000000000000000000000000000000000000000000000000000000|RICH|1|790|DISP=ACCEPT_INSTALL|DETAIL=map
0000000000000000000000000000000000000000000000000000000000000000|0000000000000000000000000000000000000000000000000000000000000000|0|3|rt4_TMB-5_MAP_g_10330.r24|2|1|RICH|790|0|2640|0000000000000000000000000000000000000000000000000000000000000000|RICH|1|790|DISP=ACCEPT_INSTALL|DETAIL=map
0000000000000000000000000000000000000000000000000000000000000000|0000000000000000000000000000000000000000000000000000000000000000|0|3|rt4_TMB-5_MAP_g_10331.r24|2|1|RICH|790|0|2650|0000000000000000000000000000000000000000000000000000000000000000|RICH|1|790|DISP=ACCEPT_INSTALL|DETAIL=map
0000000000000000000000000000000000000000000000000000000000000000|0000000000000000000000000000000000000000000000000000000000000000|0|3|rt4_TMB-5_MAP_g_10332.r24|2|1|RICH|790|0|2660|0000000000000000000000000000000000000000000000000000000000000000|RICH|1|790|DISP=ACCEPT_INSTALL|DETAIL=map
0000000000000000000000000000000000000000000000000000000000000000|0000000000000000000000000000000000000000000000000000000000000000|0|3|rt4_TMB-5_MAP_g_10333.r24|2|1|RICH|790|0|2670|0000000000000000000000000000000000000000000000000000000000000000|RICH|1|790|DISP=ACCEPT_INSTALL|DETAIL=map
0000000000000000000000000000000000000000000000000000000000000000|0000000000000000000000000000000000000000000000000000000000000000|0|3|rt4_TMB-5_MAP_g_10334.r24|2|1|RICH|790|0|2680|0000000000000000000000000000000000000000000000000000000000000000|RICH|1|790|DISP=ACCEPT_INSTALL|DETAIL=map
0000000000000000000000000000000000000000000000000000000000000000|0000000000000000000000000000000000000000000000000000000000000000|0|3|rt4_TMB-5_MAP_g_10335.r24|2|1|RICH|790|0|2690|0000000000000000000000000000000000000000000000000000000000000000|RICH|1|790|DISP=ACCEPT_INSTALL|DETAIL=map
0000000000000000000000000000000000000000000000000000000000000000|0000000000000000000000000000000000000000000000000000000000000000|0|3|rt4_TMB-5_MAP_g_10336.r24|2|1|RICH|790|0|2700|0000000000000000000000000000000000000000000000000000000000000000|RICH|1|790|DISP=ACCEPT_INSTALL|DETAIL=map
0000000000000000000000000000000000000000000000000000000000000000|0000000000000000000000000000000000000000000000000000000000000000|0|3|rt4_TMB-5_MAP_g_10337.r24|2|1|RICH|790|0|2710|0000000000000000000000000000000000000000000000000000000000000000|RICH|1|790|DISP=ACCEPT_INSTALL|DETAIL=map
0000000000000000000000000000000000000000000000000000000000000000|0000000000000000000000000000000000000000000000000000000000000000|0|3|rt4_TMB-5_MAP_g_10338.r24|2|1|RICH|790|0|2720|0000000000000000000000000000000000000000000000000000000000000000|RICH|1|790|DISP=ACCEPT_INSTALL|DETAIL=map
0000000000000000000000000000000000000000000000000000000000000000|0000000000000000000000000000000000000000000000000000000000000000|0|3|rt4_TMB-5_MAP_g_10339.r24|2|1|RICH|790|0|2730|0000000000000000000000000000000000000000000000000000000000000000|RICH|1|790|DISP=ACCEPT_INSTALL|DETAIL=map
0000000000000000000000000000000000000000000000000000000000000000|0000000000000000000000000000000000000000000000000000000000000000|0|3|rt4_TMB-5_MAP_g_10340.r24|2|1|RICH|790|0|2740|0000000000000000000000000000000000000000000000000000000000000000|RICH|1|790|DISP=ACCEPT_INSTALL|DETAIL=map
0000000000000000000000000000000000000000000000000000000000000000|0000000000000000000000000000000000000000000000000000000000000000|0|3|rt4_TMB-5_MAP_g_10341.r24|2|1|RICH|790|0|2750|0000000000000000000000000000000000000000000000000000000000000000|RICH|1|790|DISP=ACCEPT_INSTALL|DETAIL=map
0000000000000000000000000000000000000000000000000000000000000000|0000000000000000000000000000000000000000000000000000000000000000|0|3|rt4_TMB-5_MAP_g_10342.r24|2|1|RICH|790|0|2760|0000000000000000000000000000000000000000000000000000000000000000|RICH|1|790|DISP=ACCEPT_INSTALL|DETAIL=map
0000000000000000000000000000000000000000000000000000000000000000|0000000000000000000000000000000000000000000000000000000000000000|0|3|rt4_TMB-5_MAP_g_10343.r24|2|1|RICH|790|0|2770|0000000000000000000000000000000000000000000000000000000000000000|RICH|1|790|DISP=ACCEPT_INSTALL|DETAIL=map
0000000000000000000000000000000000000000000000000000000000000000|0000000000000000000000000000000000000000000000000000000000000000|0|3|rt4_TMB-5_MAP_g_10344.r24|2|1|RICH|790|0|2780|0000000000000000000000000000000000000000000000000000000000000000|RICH|1|790|DISP=ACCEPT_INSTALL|DETAIL=map
0000000000000000000000000000000000000000000000000000000000000000|0000000000000000000000000000000000000000000000000000000000000000|0|3|rt4_TMB-5_MAP_g_10345.r24|2|1|RICH|790|0|2790|0000000000000000000000000000000000000000000000000000000000000000|RICH|1|790|DISP=ACCEPT_INSTALL|DETAIL=map
0000000000000000000000000000000000000000000000000000000000000000|0000000000000000000000000000000000000000000000000000000000000000|0|3|rt4_TMB-5_MAP_g_10346.r24|2|1|RICH|790|0|2800|0000000000000000000000000000000000000000000000000000000000000000|RICH|1|790|DISP=ACCEPT_INSTALL|DETAIL=map
0000000000000000000000000000000000000000000000000000000000000000|0000000000000000000000000000000000000000000000000000000000000000|0|3|rt4_TMB-5_MAP_g_10347.r24|2|1|RICH|790|0|2810|0000000000000000000000000000000000000000000000000000000000000000|RICH|1|790|DISP=ACCEPT_INSTALL|DETAIL=map
0000000000000000000000000000000000000000000000000000000000000000|0000000000000000000000000000000000000000000000000000000000000000|0|3|rt4_TMB-5_MAP_g_10348.r24|2|1|RICH|790|0|2820|0000000000000000000000000000000000000000000000000000000000000000|RICH|1|790|DISP=ACCEPT_INSTALL|DETAIL=map
0000000000000000000000000000000000000000000000000000000000000000|0000000000000000000000000000000000000000000000000000000000000000|0|3|rt4_TMB-5_MAP_g_10349.r24|2|1|RICH|790|0|2830|0000000000000000000000000000000000000000000000000000000000000000|RICH|1|790|DISP=ACCEPT_INSTALL|DETAIL=map
0000000000000000000000000000000000000000000000000000000000000000|0000000000000000000000000000000000000000000000000000000000000000|0|3|rt4_TMB-5_MAP_g_10350.r24|2|1|RICH|790|0|2840|0000000000000000000000000000000000000000000000000000000000000000|RICH|1|790|DISP=ACCEPT_INSTALL|DETAIL=map
0000000000000000000000000000000000000000000000000000000000000000|0000000000000000000000000000000000000000000000000000000000000000|0|3|rt4_TMB-5_MAP_g_10351.r24|2|1|RICH|790|0|2850|0000000000000000000000000000000000000000000000000000000000000000|RICH|1|790|DISP=ACCEPT_INSTALL|DETAIL=map
0000000000000000000000000000000000000000000000000000000000000000|0000000000000000000000000000000000000000000000000000000000000000|0|3|rt4_TMB-5_MAP_g_10352.r24|2|1|RICH|790|0|2860|0000000000000000000000000000000000000000000000000000000000000000|RICH|1|790|DISP=ACCEPT_INSTALL|DETAIL=map
0000000000000000000000000000000000000000000000000000000000000000|0000000000000000000000000000000000000000000000000000000000000000|0|3|rt4_TMB-5_MAP_g_10353.r24|2|1|RICH|790|0|2870|0000000000000000000000000000000000000000000000000000000000000000|RICH|1|790|DISP=ACCEPT_INSTALL|DETAIL=map
0000000000000000000000000000000000000000000000000000000000000000|0000000000000000000000000000000000000000000000000000000000000000|0|3|rt4_TMB-5_MAP_g_10354.r24|2|1|RICH|790|0|2880|0000000000000000000000000000000000000000000000000000000000000000|RICH|1|790|DISP=ACCEPT_INSTALL|DETAIL=map
0000000000000000000000000000000000000000000000000000000000000000|0000000000000000000000000000000000000000000000000000000000000000|0|3|rt4_TMB-5_MAP_g_10355.r24|2|1|RICH|790|0|2890|0000000000000000000000000000000000000000000000000000000000000000|RICH|1|790|DISP=ACCEPT_INSTALL|DETAIL=map
0000000000000000000000000000000000000000000000000000000000000000|0000000000000000000000000000000000000000000000000000000000000000|0|3|rt4_TMB-5_MAP_g_10356.r24|2|1|RICH|790|0|2900|0000000000000000000000000000000000000000000000000000000000000000|RICH|1|790|DISP=ACCEPT_INSTALL|DETAIL=map
0000000000000000000000000000000000000000000000000000000000000000|0000000000000000000000000000000000000000000000000000000000000000|0|3|rt4_TMB-5_MAP_g_10357.r24|2|1|RICH|792|0|2400|0000000000000000000000000000000000000000000000000000000000000000|RICH|1|792|DISP=ACCEPT_INSTALL|DETAIL=map
0000000000000000000000000000000000000000000000000000000000000000|0000000000000000000000000000000000000000000000000000000000000000|0|3|rt4_TMB-5_MAP_g_10358.r24|2|1|RICH|792|0|2410|0000000000000000000000000000000000000000000000000000000000000000|RICH|1|792|DISP=ACCEPT_INSTALL|DETAIL=map
0000000000000000000000000000000000000000000000000000000000000000|0000000000000000000000000000000000000000000000000000000000000000|0|3|rt4_TMB-5_MAP_g_10359.r24|2|1|RICH|792|0|2420|0000000000000000000000000000000000000000000000000000000000000000|RICH|1|792|DISP=ACCEPT_INSTALL|DETAIL=map
0000000000000000000000000000000000000000000000000000000000000000|0000000000000000000000000000000000000000000000000000000000000000|0|3|rt4_TMB-5_MAP_g_10360.r24|2|1|RICH|792|0|2430|0000000000000000000000000000000000000000000000000000000000000000|RICH|1|792|DISP=ACCEPT_INSTALL|DETAIL=map
0000000000000000000000000000000000000000000000000000000000000000|0000000000000000000000000000000000000000000000000000000000000000|0|3|rt4_TMB-5_MAP_g_10361.r24|2|1|RICH|792|0|2440|0000000000000000000000000000000000000000000000000000000000000000|RICH|1|792|DISP=ACCEPT_INSTALL|DETAIL=map
0000000000000000000000000000000000000000000000000000000000000000|0000000000000000000000000000000000000000000000000000000000000000|0|3|rt4_TMB-5_MAP_g_10362.r24|2|1|RICH|792|0|2450|0000000000000000000000000000000000000000000000000000000000000000|RICH|1|792|DISP=ACCEPT_INSTALL|DETAIL=map
0000000000000000000000000000000000000000000000000000000000000000|0000000000000000000000000000000000000000000000000000000000000000|0|3|rt4_TMB-5_MAP_g_10363.r24|2|1|RICH|792|0|2460|0000000000000000000000000000000000000000000000000000000000000000|RICH|1|792|DISP=ACCEPT_INSTALL|DETAIL=map
0000000000000000000000000000000000000000000000000000000000000000|0000000000000000000000000000000000000000000000000000000000000000|0|3|rt4_TMB-5_MAP_g_10364.r24|2|1|RICH|792|0|2470|0000000000000000000000000000000000000000000000000000000000000000|RICH|1|792|DISP=ACCEPT_INSTALL|DETAIL=map
0000000000000000000000000000000000000000000000000000000000000000|0000000000000000000000000000000000000000000000000000000000000000|0|3|rt4_TMB-5_MAP_g_10365.r24|2|1|RICH|792|0|2480|0000000000000000000000000000000000000000000000000000000000000000|RICH|1|792|DISP=ACCEPT_INSTALL|DETAIL=map
0000000000000000000000000000000000000000000000000000000000000000|0000000000000000000000000000000000000000000000000000000000000000|0|3|rt4_TMB-5_MAP_g_10366.r24|2|1|RICH|792|0|2490|0000000000000000000000000000000000000000000000000000000000000000|RICH|1|792|DISP=ACCEPT_INSTALL|DETAIL=map
0000000000000000000000000000000000000000000000000000000000000000|0000000000000000000000000000000000000000000000000000000000000000|0|3|rt4_TMB-5_MAP_g_10367.r24|2|1|RICH|792|0|2500|0000000000000000000000000000000000000000000000000000000000000000|RICH|1|792|DISP=ACCEPT_INSTALL|DETAIL=map
0000000000000000000000000000000000000000000000000000000000000000|0000000000000000000000000000000000000000000000000000000000000000|0|3|rt4_TMB-5_MAP_g_10368.r24|2|1|RICH|792|0|2510|0000000000000000000000000000000000000000000000000000000000000000|RICH|1|792|DISP=ACCEPT_INSTALL|DETAIL=map
0000000000000000000000000000000000000000000000000000000000000000|0000000000000000000000000000000000000000000000000000000000000000|0|3|rt4_TMB-5_MAP_g_10369.r24|2|1|RICH|792|0|2520|0000000000000000000000000000000000000000000000000000000000000000|RICH|1|792|DISP=ACCEPT_INSTALL|DETAIL=map
0000000000000000000000000000000000000000000000000000000000000000|0000000000000000000000000000000000000000000000000000000000000000|0|3|rt4_TMB-5_MAP_g_10370.r24|2|1|RICH|792|0|2530|0000000000000000000000000000000000000000000000000000000000000000|RICH|1|792|DISP=ACCEPT_INSTALL|DETAIL=map
0000000000000000000000000000000000000000000000000000000000000000|0000000000000000000000000000000000000000000000000000000000000000|0|3|rt4_TMB-5_MAP_g_10371.r24|2|1|RICH|792|0|2540|0000000000000000000000000000000000000000000000000000000000000000|RICH|1|792|DISP=ACCEPT_INSTALL|DETAIL=map
0000000000000000000000000000000000000000000000000000000000000000|0000000000000000000000000000000000000000000000000000000000000000|0|3|rt4_TMB-5_MAP_g_10372.r24|2|1|RICH|792|0|2550|0000000000000000000000000000000000000000000000000000000000000000|RICH|1|792|DISP=ACCEPT_INSTALL|DETAIL=map
0000000000000000000000000000000000000000000000000000000000000000|0000000000000000000000000000000000000000000000000000000000000000|0|3|rt4_TMB-5_MAP_g_10373.r24|2|1|RICH|792|0|2560|0000000000000000000000000000000000000000000000000000000000000000|RICH|1|792|DISP=ACCEPT_INSTALL|DETAIL=map
0000000000000000000000000000000000000000000000000000000000000000|0000000000000000000000000000000000000000000000000000000000000000|0|3|rt4_TMB-5_MAP_g_10374.r24|2|1|RICH|792|0|2570|0000000000000000000000000000000000000000000000000000000000000000|RICH|1|792|DISP=ACCEPT_INSTALL|DETAIL=map
0000000000000000000000000000000000000000000000000000000000000000|0000000000000000000000000000000000000000000000000000000000000000|0|3|rt4_TMB-5_MAP_g_10375.r24|2|1|RICH|792|0|2580|0000000000000000000000000000000000000000000000000000000000000000|RICH|1|792|DISP=ACCEPT_INSTALL|DETAIL=map
0000000000000000000000000000000000000000000000000000000000000000|0000000000000000000000000000000000000000000000000000000000000000|0|3|rt4_TMB-5_MAP_g_10376.r24|2|1|RICH|792|0|2590|0000000000000000000000000000000000000000000000000000000000000000|RICH|1|792|DISP=ACCEPT_INSTALL|DETAIL=map
0000000000000000000000000000000000000000000000000000000000000000|0000000000000000000000000000000000000000000000000000000000000000|0|3|rt4_TMB-5_MAP_g_10377.r24|2|1|RICH|792|0|2600|0000000000000000000000000000000000000000000000000000000000000000|RICH|1|792|DISP=ACCEPT_INSTALL|DETAIL=map
0000000000000000000000000000000000000000000000000000000000000000|0000000000000000000000000000000000000000000000000000000000000000|0|3|rt4_TMB-5_MAP_g_10378.r24|2|1|RICH|792|0|2610|0000000000000000000000000000000000000000000000000000000000000000|RICH|1|792|DISP=ACCEPT_INSTALL|DETAIL=map
0000000000000000000000000000000000000000000000000000000000000000|0000000000000000000000000000000000000000000000000000000000000000|0|3|rt4_TMB-5_MAP_g_10379.r24|2|1|RICH|792|0|2620|0000000000000000000000000000000000000000000000000000000000000000|RICH|1|792|DISP=ACCEPT_INSTALL|DETAIL=map
0000000000000000000000000000000000000000000000000000000000000000|0000000000000000000000000000000000000000000000000000000000000000|0|3|rt4_TMB-5_MAP_g_10380.r24|2|1|RICH|792|0|2630|0000000000000000000000000000000000000000000000000000000000000000|RICH|1|792|DISP=ACCEPT_INSTALL|DETAIL=map
0000000000000000000000000000000000000000000000000000000000000000|0000000000000000000000000000000000000000000000000000000000000000|0|3|rt4_TMB-5_MAP_g_10381.r24|2|1|RICH|792|0|2640|0000000000000000000000000000000000000000000000000000000000000000|RICH|1|792|DISP=ACCEPT_INSTALL|DETAIL=map
0000000000000000000000000000000000000000000000000000000000000000|0000000000000000000000000000000000000000000000000000000000000000|0|3|rt4_TMB-5_MAP_g_10382.r24|2|1|RICH|792|0|2650|0000000000000000000000000000000000000000000000000000000000000000|RICH|1|792|DISP=ACCEPT_INSTALL|DETAIL=map
0000000000000000000000000000000000000000000000000000000000000000|0000000000000000000000000000000000000000000000000000000000000000|0|3|rt4_TMB-5_MAP_g_10383.r24|2|1|RICH|792|0|2660|0000000000000000000000000000000000000000000000000000000000000000|RICH|1|792|DISP=ACCEPT_INSTALL|DETAIL=map
0000000000000000000000000000000000000000000000000000000000000000|0000000000000000000000000000000000000000000000000000000000000000|0|3|rt4_TMB-5_MAP_g_10384.r24|2|1|RICH|792|0|2670|0000000000000000000000000000000000000000000000000000000000000000|RICH|1|792|DISP=ACCEPT_INSTALL|DETAIL=map
0000000000000000000000000000000000000000000000000000000000000000|0000000000000000000000000000000000000000000000000000000000000000|0|3|rt4_TMB-5_MAP_g_10385.r24|2|1|RICH|792|0|2680|0000000000000000000000000000000000000000000000000000000000000000|RICH|1|792|DISP=ACCEPT_INSTALL|DETAIL=map
0000000000000000000000000000000000000000000000000000000000000000|0000000000000000000000000000000000000000000000000000000000000000|0|3|rt4_TMB-5_MAP_g_10386.r24|2|1|RICH|792|0|2690|0000000000000000000000000000000000000000000000000000000000000000|RICH|1|792|DISP=ACCEPT_INSTALL|DETAIL=map
0000000000000000000000000000000000000000000000000000000000000000|0000000000000000000000000000000000000000000000000000000000000000|0|3|rt4_TMB-5_MAP_g_10387.r24|2|1|RICH|792|0|2700|0000000000000000000000000000000000000000000000000000000000000000|RICH|1|792|DISP=ACCEPT_INSTALL|DETAIL=map
0000000000000000000000000000000000000000000000000000000000000000|0000000000000000000000000000000000000000000000000000000000000000|0|3|rt4_TMB-5_MAP_g_10388.r24|2|1|RICH|792|0|2710|0000000000000000000000000000000000000000000000000000000000000000|RICH|1|792|DISP=ACCEPT_INSTALL|DETAIL=map
0000000000000000000000000000000000000000000000000000000000000000|0000000000000000000000000000000000000000000000000000000000000000|0|3|rt4_TMB-5_MAP_g_10389.r24|2|1|RICH|792|0|2720|0000000000000000000000000000000000000000000000000000000000000000|RICH|1|792|DISP=ACCEPT_INSTALL|DETAIL=map
0000000000000000000000000000000000000000000000000000000000000000|0000000000000000000000000000000000000000000000000000000000000000|0|3|rt4_TMB-5_MAP_g_10390.r24|2|1|RICH|792|0|2730|0000000000000000000000000000000000000000000000000000000000000000|RICH|1|792|DISP=ACCEPT_INSTALL|DETAIL=map
0000000000000000000000000000000000000000000000000000000000000000|0000000000000000000000000000000000000000000000000000000000000000|0|3|rt4_TMB-5_MAP_g_10391.r24|2|1|RICH|792|0|2740|0000000000000000000000000000000000000000000000000000000000000000|RICH|1|792|DISP=ACCEPT_INSTALL|DETAIL=map
0000000000000000000000000000000000000000000000000000000000000000|0000000000000000000000000000000000000000000000000000000000000000|0|3|rt4_TMB-5_MAP_g_10392.r24|2|1|RICH|792|0|2750|0000000000000000000000000000000000000000000000000000000000000000|RICH|1|792|DISP=ACCEPT_INSTALL|DETAIL=map
0000000000000000000000000000000000000000000000000000000000000000|0000000000000000000000000000000000000000000000000000000000000000|0|3|rt4_TMB-5_MAP_g_10393.r24|2|1|RICH|792|0|2760|0000000000000000000000000000000000000000000000000000000000000000|RICH|1|792|DISP=ACCEPT_INSTALL|DETAIL=map
0000000000000000000000000000000000000000000000000000000000000000|0000000000000000000000000000000000000000000000000000000000000000|0|3|rt4_TMB-5_MAP_g_10394.r24|2|1|RICH|792|0|2770|0000000000000000000000000000000000000000000000000000000000000000|RICH|1|792|DISP=ACCEPT_INSTALL|DETAIL=map
0000000000000000000000000000000000000000000000000000000000000000|0000000000000000000000000000000000000000000000000000000000000000|0|3|rt4_TMB-5_MAP_g_10395.r24|2|1|RICH|792|0|2780|0000000000000000000000000000000000000000000000000000000000000000|RICH|1|792|DISP=ACCEPT_INSTALL|DETAIL=map
0000000000000000000000000000000000000000000000000000000000000000|0000000000000000000000000000000000000000000000000000000000000000|0|3|rt4_TMB-5_MAP_g_10396.r24|2|1|RICH|792|0|2790|0000000000000000000000000000000000000000000000000000000000000000|RICH|1|792|DISP=ACCEPT_INSTALL|DETAIL=map
0000000000000000000000000000000000000000000000000000000000000000|0000000000000000000000000000000000000000000000000000000000000000|0|3|rt4_TMB-5_MAP_g_10397.r24|2|1|RICH|792|0|2800|0000000000000000000000000000000000000000000000000000000000000000|RICH|1|792|DISP=ACCEPT_INSTALL|DETAIL=map
0000000000000000000000000000000000000000000000000000000000000000|0000000000000000000000000000000000000000000000000000000000000000|0|3|rt4_TMB-5_MAP_g_10398.r24|2|1|RICH|792|0|2810|0000000000000000000000000000000000000000000000000000000000000000|RICH|1|792|DISP=ACCEPT_INSTALL|DETAIL=map
0000000000000000000000000000000000000000000000000000000000000000|0000000000000000000000000000000000000000000000000000000000000000|0|3|rt4_TMB-5_MAP_g_10399.r24|2|1|RICH|792|0|2820|0000000000000000000000000000000000000000000000000000000000000000|RICH|1|792|DISP=ACCEPT_INSTALL|DETAIL=map
0000000000000000000000000000000000000000000000000000000000000000|0000000000000000000000000000000000000000000000000000000000000000|0|3|rt4_TMB-5_MAP_g_10400.r24|2|1|RICH|792|0|2830|0000000000000000000000000000000000000000000000000000000000000000|RICH|1|792|DISP=ACCEPT_INSTALL|DETAIL=map
0000000000000000000000000000000000000000000000000000000000000000|0000000000000000000000000000000000000000000000000000000000000000|0|3|rt4_TMB-5_MAP_g_10401.r24|2|1|RICH|792|0|2840|0000000000000000000000000000000000000000000000000000000000000000|RICH|1|792|DISP=ACCEPT_INSTALL|DETAIL=map
0000000000000000000000000000000000000000000000000000000000000000|0000000000000000000000000000000000000000000000000000000000000000|0|3|rt4_TMB-5_MAP_g_10402.r24|2|1|RICH|792|0|2850|0000000000000000000000000000000000000000000000000000000000000000|RICH|1|792|DISP=ACCEPT_INSTALL|DETAIL=map
0000000000000000000000000000000000000000000000000000000000000000|0000000000000000000000000000000000000000000000000000000000000000|0|3|rt4_TMB-5_MAP_g_10403.r24|2|1|RICH|792|0|2860|0000000000000000000000000000000000000000000000000000000000000000|RICH|1|792|DISP=ACCEPT_INSTALL|DETAIL=map
0000000000000000000000000000000000000000000000000000000000000000|0000000000000000000000000000000000000000000000000000000000000000|0|3|rt4_TMB-5_MAP_g_10404.r24|2|1|RICH|792|0|2870|0000000000000000000000000000000000000000000000000000000000000000|RICH|1|792|DISP=ACCEPT_INSTALL|DETAIL=map
0000000000000000000000000000000000000000000000000000000000000000|0000000000000000000000000000000000000000000000000000000000000000|0|3|rt4_TMB-5_MAP_g_10405.r24|2|1|RICH|792|0|2880|0000000000000000000000000000000000000000000000000000000000000000|RICH|1|792|DISP=ACCEPT_INSTALL|DETAIL=map
0000000000000000000000000000000000000000000000000000000000000000|0000000000000000000000000000000000000000000000000000000000000000|0|3|rt4_TMB-5_MAP_g_10406.r24|2|1|RICH|792|0|2890|0000000000000000000000000000000000000000000000000000000000000000|RICH|1|792|DISP=ACCEPT_INSTALL|DETAIL=map
0000000000000000000000000000000000000000000000000000000000000000|0000000000000000000000000000000000000000000000000000000000000000|0|3|rt4_TMB-5_MAP_g_10407.r24|2|1|RICH|792|0|2900|0000000000000000000000000000000000000000000000000000000000000000|RICH|1|792|DISP=ACCEPT_INSTALL|DETAIL=map
0000000000000000000000000000000000000000000000000000000000000000|0000000000000000000000000000000000000000000000000000000000000000|0|3|rt4_TMB-5_MAP_g_10408.r24|2|1|RICH|794|0|2400|0000000000000000000000000000000000000000000000000000000000000000|RICH|1|794|DISP=ACCEPT_INSTALL|DETAIL=map
0000000000000000000000000000000000000000000000000000000000000000|0000000000000000000000000000000000000000000000000000000000000000|0|3|rt4_TMB-5_MAP_g_10409.r24|2|1|RICH|794|0|2410|0000000000000000000000000000000000000000000000000000000000000000|RICH|1|794|DISP=ACCEPT_INSTALL|DETAIL=map
0000000000000000000000000000000000000000000000000000000000000000|0000000000000000000000000000000000000000000000000000000000000000|0|3|rt4_TMB-5_MAP_g_10410.r24|2|1|RICH|794|0|2420|0000000000000000000000000000000000000000000000000000000000000000|RICH|1|794|DISP=ACCEPT_INSTALL|DETAIL=map
0000000000000000000000000000000000000000000000000000000000000000|0000000000000000000000000000000000000000000000000000000000000000|0|3|rt4_TMB-5_MAP_g_10411.r24|2|1|RICH|794|0|2430|0000000000000000000000000000000000000000000000000000000000000000|RICH|1|794|DISP=ACCEPT_INSTALL|DETAIL=map
0000000000000000000000000000000000000000000000000000000000000000|0000000000000000000000000000000000000000000000000000000000000000|0|3|rt4_TMB-5_MAP_g_10412.r24|2|1|RICH|794|0|2440|0000000000000000000000000000000000000000000000000000000000000000|RICH|1|794|DISP=ACCEPT_INSTALL|DETAIL=map
0000000000000000000000000000000000000000000000000000000000000000|0000000000000000000000000000000000000000000000000000000000000000|0|3|rt4_TMB-5_MAP_g_10413.r24|2|1|RICH|794|0|2450|0000000000000000000000000000000000000000000000000000000000000000|RICH|1|794|DISP=ACCEPT_INSTALL|DETAIL=map
0000000000000000000000000000000000000000000000000000000000000000|0000000000000000000000000000000000000000000000000000000000000000|0|3|rt4_TMB-5_MAP_g_10414.r24|2|1|RICH|794|0|2460|0000000000000000000000000000000000000000000000000000000000000000|RICH|1|794|DISP=ACCEPT_INSTALL|DETAIL=map
0000000000000000000000000000000000000000000000000000000000000000|0000000000000000000000000000000000000000000000000000000000000000|0|3|rt4_TMB-5_MAP_g_10415.r24|2|1|RICH|794|0|2470|0000000000000000000000000000000000000000000000000000000000000000|RICH|1|794|DISP=ACCEPT_INSTALL|DETAIL=map
0000000000000000000000000000000000000000000000000000000000000000|0000000000000000000000000000000000000000000000000000000000000000|0|3|rt4_TMB-5_MAP_g_10416.r24|2|1|RICH|794|0|2480|0000000000000000000000000000000000000000000000000000000000000000|RICH|1|794|DISP=ACCEPT_INSTALL|DETAIL=map
0000000000000000000000000000000000000000000000000000000000000000|0000000000000000000000000000000000000000000000000000000000000000|0|3|rt4_TMB-5_MAP_g_10417.r24|2|1|RICH|794|0|2490|0000000000000000000000000000000000000000000000000000000000000000|RICH|1|794|DISP=ACCEPT_INSTALL|DETAIL=map
0000000000000000000000000000000000000000000000000000000000000000|0000000000000000000000000000000000000000000000000000000000000000|0|3|rt4_TMB-5_MAP_g_10418.r24|2|1|RICH|794|0|2500|0000000000000000000000000000000000000000000000000000000000000000|RICH|1|794|DISP=ACCEPT_INSTALL|DETAIL=map
0000000000000000000000000000000000000000000000000000000000000000|0000000000000000000000000000000000000000000000000000000000000000|0|3|rt4_TMB-5_MAP_g_10419.r24|2|1|RICH|794|0|2510|0000000000000000000000000000000000000000000000000000000000000000|RICH|1|794|DISP=ACCEPT_INSTALL|DETAIL=map
0000000000000000000000000000000000000000000000000000000000000000|0000000000000000000000000000000000000000000000000000000000000000|0|3|rt4_TMB-5_MAP_g_10420.r24|2|1|RICH|794|0|2520|0000000000000000000000000000000000000000000000000000000000000000|RICH|1|794|DISP=ACCEPT_INSTALL|DETAIL=map
0000000000000000000000000000000000000000000000000000000000000000|0000000000000000000000000000000000000000000000000000000000000000|0|3|rt4_TMB-5_MAP_g_10421.r24|2|1|RICH|794|0|2530|0000000000000000000000000000000000000000000000000000000000000000|RICH|1|794|DISP=ACCEPT_INSTALL|DETAIL=map
0000000000000000000000000000000000000000000000000000000000000000|0000000000000000000000000000000000000000000000000000000000000000|0|3|rt4_TMB-5_MAP_g_10422.r24|2|1|RICH|794|0|2540|0000000000000000000000000000000000000000000000000000000000000000|RICH|1|794|DISP=ACCEPT_INSTALL|DETAIL=map
0000000000000000000000000000000000000000000000000000000000000000|0000000000000000000000000000000000000000000000000000000000000000|0|3|rt4_TMB-5_MAP_g_10423.r24|2|1|RICH|794|0|2550|0000000000000000000000000000000000000000000000000000000000000000|RICH|1|794|DISP=ACCEPT_INSTALL|DETAIL=map
0000000000000000000000000000000000000000000000000000000000000000|0000000000000000000000000000000000000000000000000000000000000000|0|3|rt4_TMB-5_MAP_g_10424.r24|2|1|RICH|794|0|2560|0000000000000000000000000000000000000000000000000000000000000000|RICH|1|794|DISP=ACCEPT_INSTALL|DETAIL=map
0000000000000000000000000000000000000000000000000000000000000000|0000000000000000000000000000000000000000000000000000000000000000|0|3|rt4_TMB-5_MAP_g_10425.r24|2|1|RICH|794|0|2570|0000000000000000000000000000000000000000000000000000000000000000|RICH|1|794|DISP=ACCEPT_INSTALL|DETAIL=map
0000000000000000000000000000000000000000000000000000000000000000|0000000000000000000000000000000000000000000000000000000000000000|0|3|rt4_TMB-5_MAP_g_10426.r24|2|1|RICH|794|0|2580|0000000000000000000000000000000000000000000000000000000000000000|RICH|1|794|DISP=ACCEPT_INSTALL|DETAIL=map
0000000000000000000000000000000000000000000000000000000000000000|0000000000000000000000000000000000000000000000000000000000000000|0|3|rt4_TMB-5_MAP_g_10427.r24|2|1|RICH|794|0|2590|0000000000000000000000000000000000000000000000000000000000000000|RICH|1|794|DISP=ACCEPT_INSTALL|DETAIL=map
0000000000000000000000000000000000000000000000000000000000000000|0000000000000000000000000000000000000000000000000000000000000000|0|3|rt4_TMB-5_MAP_g_10428.r24|2|1|RICH|794|0|2600|0000000000000000000000000000000000000000000000000000000000000000|RICH|1|794|DISP=ACCEPT_INSTALL|DETAIL=map
0000000000000000000000000000000000000000000000000000000000000000|0000000000000000000000000000000000000000000000000000000000000000|0|3|rt4_TMB-5_MAP_g_10429.r24|2|1|RICH|794|0|2610|0000000000000000000000000000000000000000000000000000000000000000|RICH|1|794|DISP=ACCEPT_INSTALL|DETAIL=map
0000000000000000000000000000000000000000000000000000000000000000|0000000000000000000000000000000000000000000000000000000000000000|0|3|rt4_TMB-5_MAP_g_10430.r24|2|1|RICH|794|0|2620|0000000000000000000000000000000000000000000000000000000000000000|RICH|1|794|DISP=ACCEPT_INSTALL|DETAIL=map
0000000000000000000000000000000000000000000000000000000000000000|0000000000000000000000000000000000000000000000000000000000000000|0|3|rt4_TMB-5_MAP_g_10431.r24|2|1|RICH|794|0|2630|0000000000000000000000000000000000000000000000000000000000000000|RICH|1|794|DISP=ACCEPT_INSTALL|DETAIL=map
0000000000000000000000000000000000000000000000000000000000000000|0000000000000000000000000000000000000000000000000000000000000000|0|3|rt4_TMB-5_MAP_g_10432.r24|2|1|RICH|794|0|2640|0000000000000000000000000000000000000000000000000000000000000000|RICH|1|794|DISP=ACCEPT_INSTALL|DETAIL=map
0000000000000000000000000000000000000000000000000000000000000000|0000000000000000000000000000000000000000000000000000000000000000|0|3|rt4_TMB-5_MAP_g_10433.r24|2|1|RICH|794|0|2650|0000000000000000000000000000000000000000000000000000000000000000|RICH|1|794|DISP=ACCEPT_INSTALL|DETAIL=map
0000000000000000000000000000000000000000000000000000000000000000|0000000000000000000000000000000000000000000000000000000000000000|0|3|rt4_TMB-5_MAP_g_10434.r24|2|1|RICH|794|0|2660|0000000000000000000000000000000000000000000000000000000000000000|RICH|1|794|DISP=ACCEPT_INSTALL|DETAIL=map
0000000000000000000000000000000000000000000000000000000000000000|0000000000000000000000000000000000000000000000000000000000000000|0|3|rt4_TMB-5_MAP_g_10435.r24|2|1|RICH|794|0|2670|0000000000000000000000000000000000000000000000000000000000000000|RICH|1|794|DISP=ACCEPT_INSTALL|DETAIL=map
0000000000000000000000000000000000000000000000000000000000000000|0000000000000000000000000000000000000000000000000000000000000000|0|3|rt4_TMB-5_MAP_g_10436.r24|2|1|RICH|794|0|2680|0000000000000000000000000000000000000000000000000000000000000000|RICH|1|794|DISP=ACCEPT_INSTALL|DETAIL=map
0000000000000000000000000000000000000000000000000000000000000000|0000000000000000000000000000000000000000000000000000000000000000|0|3|rt4_TMB-5_MAP_g_10437.r24|2|1|RICH|794|0|2690|0000000000000000000000000000000000000000000000000000000000000000|RICH|1|794|DISP=ACCEPT_INSTALL|DETAIL=map
0000000000000000000000000000000000000000000000000000000000000000|0000000000000000000000000000000000000000000000000000000000000000|0|3|rt4_TMB-5_MAP_g_10438.r24|2|1|RICH|794|0|2700|0000000000000000000000000000000000000000000000000000000000000000|RICH|1|794|DISP=ACCEPT_INSTALL|DETAIL=map
0000000000000000000000000000000000000000000000000000000000000000|0000000000000000000000000000000000000000000000000000000000000000|0|3|rt4_TMB-5_MAP_g_10439.r24|2|1|RICH|794|0|2710|0000000000000000000000000000000000000000000000000000000000000000|RICH|1|794|DISP=ACCEPT_INSTALL|DETAIL=map
0000000000000000000000000000000000000000000000000000000000000000|0000000000000000000000000000000000000000000000000000000000000000|0|3|rt4_TMB-5_MAP_g_10440.r24|2|1|RICH|794|0|2720|0000000000000000000000000000000000000000000000000000000000000000|RICH|1|794|DISP=ACCEPT_INSTALL|DETAIL=map
0000000000000000000000000000000000000000000000000000000000000000|0000000000000000000000000000000000000000000000000000000000000000|0|3|rt4_TMB-5_MAP_g_10441.r24|2|1|RICH|794|0|2730|0000000000000000000000000000000000000000000000000000000000000000|RICH|1|794|DISP=ACCEPT_INSTALL|DETAIL=map
0000000000000000000000000000000000000000000000000000000000000000|0000000000000000000000000000000000000000000000000000000000000000|0|3|rt4_TMB-5_MAP_g_10442.r24|2|1|RICH|794|0|2740|0000000000000000000000000000000000000000000000000000000000000000|RICH|1|794|DISP=ACCEPT_INSTALL|DETAIL=map
0000000000000000000000000000000000000000000000000000000000000000|0000000000000000000000000000000000000000000000000000000000000000|0|3|rt4_TMB-5_MAP_g_10443.r24|2|1|RICH|794|0|2750|0000000000000000000000000000000000000000000000000000000000000000|RICH|1|794|DISP=ACCEPT_INSTALL|DETAIL=map
0000000000000000000000000000000000000000000000000000000000000000|0000000000000000000000000000000000000000000000000000000000000000|0|3|rt4_TMB-5_MAP_g_10444.r24|2|1|RICH|794|0|2760|0000000000000000000000000000000000000000000000000000000000000000|RICH|1|794|DISP=ACCEPT_INSTALL|DETAIL=map
0000000000000000000000000000000000000000000000000000000000000000|0000000000000000000000000000000000000000000000000000000000000000|0|3|rt4_TMB-5_MAP_g_10445.r24|2|1|RICH|794|0|2770|0000000000000000000000000000000000000000000000000000000000000000|RICH|1|794|DISP=ACCEPT_INSTALL|DETAIL=map
0000000000000000000000000000000000000000000000000000000000000000|0000000000000000000000000000000000000000000000000000000000000000|0|3|rt4_TMB-5_MAP_g_10446.r24|2|1|RICH|794|0|2780|0000000000000000000000000000000000000000000000000000000000000000|RICH|1|794|DISP=ACCEPT_INSTALL|DETAIL=map
0000000000000000000000000000000000000000000000000000000000000000|0000000000000000000000000000000000000000000000000000000000000000|0|3|rt4_TMB-5_MAP_g_10447.r24|2|1|RICH|794|0|2790|0000000000000000000000000000000000000000000000000000000000000000|RICH|1|794|DISP=ACCEPT_INSTALL|DETAIL=map
0000000000000000000000000000000000000000000000000000000000000000|0000000000000000000000000000000000000000000000000000000000000000|0|3|rt4_TMB-5_MAP_g_10448.r24|2|1|RICH|794|0|2800|0000000000000000000000000000000000000000000000000000000000000000|RICH|1|794|DISP=ACCEPT_INSTALL|DETAIL=map
0000000000000000000000000000000000000000000000000000000000000000|0000000000000000000000000000000000000000000000000000000000000000|0|3|rt4_TMB-5_MAP_g_10449.r24|2|1|RICH|794|0|2810|0000000000000000000000000000000000000000000000000000000000000000|RICH|1|794|DISP=ACCEPT_INSTALL|DETAIL=map
0000000000000000000000000000000000000000000000000000000000000000|0000000000000000000000000000000000000000000000000000000000000000|0|3|rt4_TMB-5_MAP_g_10450.r24|2|1|RICH|794|0|2820|0000000000000000000000000000000000000000000000000000000000000000|RICH|1|794|DISP=ACCEPT_INSTALL|DETAIL=map
0000000000000000000000000000000000000000000000000000000000000000|0000000000000000000000000000000000000000000000000000000000000000|0|3|rt4_TMB-5_MAP_g_10451.r24|2|1|RICH|794|0|2830|0000000000000000000000000000000000000000000000000000000000000000|RICH|1|794|DISP=ACCEPT_INSTALL|DETAIL=map
0000000000000000000000000000000000000000000000000000000000000000|0000000000000000000000000000000000000000000000000000000000000000|0|3|rt4_TMB-5_MAP_g_10452.r24|2|1|RICH|794|0|2840|0000000000000000000000000000000000000000000000000000000000000000|RICH|1|794|DISP=ACCEPT_INSTALL|DETAIL=map
0000000000000000000000000000000000000000000000000000000000000000|0000000000000000000000000000000000000000000000000000000000000000|0|3|rt4_TMB-5_MAP_g_10453.r24|2|1|RICH|794|0|2850|0000000000000000000000000000000000000000000000000000000000000000|RICH|1|794|DISP=ACCEPT_INSTALL|DETAIL=map
0000000000000000000000000000000000000000000000000000000000000000|0000000000000000000000000000000000000000000000000000000000000000|0|3|rt4_TMB-5_MAP_g_10454.r24|2|1|RICH|794|0|2860|0000000000000000000000000000000000000000000000000000000000000000|RICH|1|794|DISP=ACCEPT_INSTALL|DETAIL=map
0000000000000000000000000000000000000000000000000000000000000000|0000000000000000000000000000000000000000000000000000000000000000|0|3|rt4_TMB-5_MAP_g_10455.r24|2|1|RICH|794|0|2870|0000000000000000000000000000000000000000000000000000000000000000|RICH|1|794|DISP=ACCEPT_INSTALL|DETAIL=map
0000000000000000000000000000000000000000000000000000000000000000|0000000000000000000000000000000000000000000000000000000000000000|0|3|rt4_TMB-5_MAP_g_10456.r24|2|1|RICH|794|0|2880|0000000000000000000000000000000000000000000000000000000000000000|RICH|1|794|DISP=ACCEPT_INSTALL|DETAIL=map
0000000000000000000000000000000000000000000000000000000000000000|0000000000000000000000000000000000000000000000000000000000000000|0|3|rt4_TMB-5_MAP_g_10457.r24|2|1|RICH|794|0|2890|0000000000000000000000000000000000000000000000000000000000000000|RICH|1|794|DISP=ACCEPT_INSTALL|DETAIL=map
0000000000000000000000000000000000000000000000000000000000000000|0000000000000000000000000000000000000000000000000000000000000000|0|3|rt4_TMB-5_MAP_g_10458.r24|2|1|RICH|794|0|2900|0000000000000000000000000000000000000000000000000000000000000000|RICH|1|794|DISP=ACCEPT_INSTALL|DETAIL=map
0000000000000000000000000000000000000000000000000000000000000000|0000000000000000000000000000000000000000000000000000000000000000|0|3|rt4_TMB-5_MAP_g_10459.r24|2|1|RICH|796|0|2400|0000000000000000000000000000000000000000000000000000000000000000|RICH|1|796|DISP=ACCEPT_INSTALL|DETAIL=map
0000000000000000000000000000000000000000000000000000000000000000|0000000000000000000000000000000000000000000000000000000000000000|0|3|rt4_TMB-5_MAP_g_10460.r24|2|1|RICH|796|0|2410|0000000000000000000000000000000000000000000000000000000000000000|RICH|1|796|DISP=ACCEPT_INSTALL|DETAIL=map
0000000000000000000000000000000000000000000000000000000000000000|0000000000000000000000000000000000000000000000000000000000000000|0|3|rt4_TMB-5_MAP_g_10461.r24|2|1|RICH|796|0|2420|0000000000000000000000000000000000000000000000000000000000000000|RICH|1|796|DISP=ACCEPT_INSTALL|DETAIL=map
0000000000000000000000000000000000000000000000000000000000000000|0000000000000000000000000000000000000000000000000000000000000000|0|3|rt4_TMB-5_MAP_g_10462.r24|2|1|RICH|796|0|2430|0000000000000000000000000000000000000000000000000000000000000000|RICH|1|796|DISP=ACCEPT_INSTALL|DETAIL=map
0000000000000000000000000000000000000000000000000000000000000000|0000000000000000000000000000000000000000000000000000000000000000|0|3|rt4_TMB-5_MAP_g_10463.r24|2|1|RICH|796|0|2440|0000000000000000000000000000000000000000000000000000000000000000|RICH|1|796|DISP=ACCEPT_INSTALL|DETAIL=map
0000000000000000000000000000000000000000000000000000000000000000|0000000000000000000000000000000000000000000000000000000000000000|0|3|rt4_TMB-5_MAP_g_10464.r24|2|1|RICH|796|0|2450|0000000000000000000000000000000000000000000000000000000000000000|RICH|1|796|DISP=ACCEPT_INSTALL|DETAIL=map
0000000000000000000000000000000000000000000000000000000000000000|0000000000000000000000000000000000000000000000000000000000000000|0|3|rt4_TMB-5_MAP_g_10465.r24|2|1|RICH|796|0|2460|0000000000000000000000000000000000000000000000000000000000000000|RICH|1|796|DISP=ACCEPT_INSTALL|DETAIL=map
0000000000000000000000000000000000000000000000000000000000000000|0000000000000000000000000000000000000000000000000000000000000000|0|3|rt4_TMB-5_MAP_g_10466.r24|2|1|RICH|796|0|2470|0000000000000000000000000000000000000000000000000000000000000000|RICH|1|796|DISP=ACCEPT_INSTALL|DETAIL=map
0000000000000000000000000000000000000000000000000000000000000000|0000000000000000000000000000000000000000000000000000000000000000|0|3|rt4_TMB-5_MAP_g_10467.r24|2|1|RICH|796|0|2480|0000000000000000000000000000000000000000000000000000000000000000|RICH|1|796|DISP=ACCEPT_INSTALL|DETAIL=map
0000000000000000000000000000000000000000000000000000000000000000|0000000000000000000000000000000000000000000000000000000000000000|0|3|rt4_TMB-5_MAP_g_10468.r24|2|1|RICH|796|0|2490|0000000000000000000000000000000000000000000000000000000000000000|RICH|1|796|DISP=ACCEPT_INSTALL|DETAIL=map
0000000000000000000000000000000000000000000000000000000000000000|0000000000000000000000000000000000000000000000000000000000000000|0|3|rt4_TMB-5_MAP_g_10469.r24|2|1|RICH|796|0|2500|0000000000000000000000000000000000000000000000000000000000000000|RICH|1|796|DISP=ACCEPT_INSTALL|DETAIL=map
0000000000000000000000000000000000000000000000000000000000000000|0000000000000000000000000000000000000000000000000000000000000000|0|3|rt4_TMB-5_MAP_g_10470.r24|2|1|RICH|796|0|2510|0000000000000000000000000000000000000000000000000000000000000000|RICH|1|796|DISP=ACCEPT_INSTALL|DETAIL=map
0000000000000000000000000000000000000000000000000000000000000000|0000000000000000000000000000000000000000000000000000000000000000|0|3|rt4_TMB-5_MAP_g_10471.r24|2|1|RICH|796|0|2520|0000000000000000000000000000000000000000000000000000000000000000|RICH|1|796|DISP=ACCEPT_INSTALL|DETAIL=map
0000000000000000000000000000000000000000000000000000000000000000|0000000000000000000000000000000000000000000000000000000000000000|0|3|rt4_TMB-5_MAP_g_10472.r24|2|1|RICH|796|0|2530|0000000000000000000000000000000000000000000000000000000000000000|RICH|1|796|DISP=ACCEPT_INSTALL|DETAIL=map
0000000000000000000000000000000000000000000000000000000000000000|0000000000000000000000000000000000000000000000000000000000000000|0|3|rt4_TMB-5_MAP_g_10473.r24|2|1|RICH|796|0|2540|0000000000000000000000000000000000000000000000000000000000000000|RICH|1|796|DISP=ACCEPT_INSTALL|DETAIL=map
0000000000000000000000000000000000000000000000000000000000000000|0000000000000000000000000000000000000000000000000000000000000000|0|3|rt4_TMB-5_MAP_g_10474.r24|2|1|RICH|796|0|2550|0000000000000000000000000000000000000000000000000000000000000000|RICH|1|796|DISP=ACCEPT_INSTALL|DETAIL=map
0000000000000000000000000000000000000000000000000000000000000000|0000000000000000000000000000000000000000000000000000000000000000|0|3|rt4_TMB-5_MAP_g_10475.r24|2|1|RICH|796|0|2560|0000000000000000000000000000000000000000000000000000000000000000|RICH|1|796|DISP=ACCEPT_INSTALL|DETAIL=map
0000000000000000000000000000000000000000000000000000000000000000|0000000000000000000000000000000000000000000000000000000000000000|0|3|rt4_TMB-5_MAP_g_10476.r24|2|1|RICH|796|0|2570|0000000000000000000000000000000000000000000000000000000000000000|RICH|1|796|DISP=ACCEPT_INSTALL|DETAIL=map
0000000000000000000000000000000000000000000000000000000000000000|0000000000000000000000000000000000000000000000000000000000000000|0|3|rt4_TMB-5_MAP_g_10477.r24|2|1|RICH|796|0|2580|0000000000000000000000000000000000000000000000000000000000000000|RICH|1|796|DISP=ACCEPT_INSTALL|DETAIL=map
0000000000000000000000000000000000000000000000000000000000000000|0000000000000000000000000000000000000000000000000000000000000000|0|3|rt4_TMB-5_MAP_g_10478.r24|2|1|RICH|796|0|2590|0000000000000000000000000000000000000000000000000000000000000000|RICH|1|796|DISP=ACCEPT_INSTALL|DETAIL=map
0000000000000000000000000000000000000000000000000000000000000000|0000000000000000000000000000000000000000000000000000000000000000|0|3|rt4_TMB-5_MAP_g_10479.r24|2|1|RICH|796|0|2600|0000000000000000000000000000000000000000000000000000000000000000|RICH|1|796|DISP=ACCEPT_INSTALL|DETAIL=map
0000000000000000000000000000000000000000000000000000000000000000|0000000000000000000000000000000000000000000000000000000000000000|0|3|rt4_TMB-5_MAP_g_10480.r24|2|1|RICH|796|0|2610|0000000000000000000000000000000000000000000000000000000000000000|RICH|1|796|DISP=ACCEPT_INSTALL|DETAIL=map
0000000000000000000000000000000000000000000000000000000000000000|0000000000000000000000000000000000000000000000000000000000000000|0|3|rt4_TMB-5_MAP_g_10481.r24|2|1|RICH|796|0|2620|0000000000000000000000000000000000000000000000000000000000000000|RICH|1|796|DISP=ACCEPT_INSTALL|DETAIL=map
0000000000000000000000000000000000000000000000000000000000000000|0000000000000000000000000000000000000000000000000000000000000000|0|3|rt4_TMB-5_MAP_g_10482.r24|2|1|RICH|796|0|2630|0000000000000000000000000000000000000000000000000000000000000000|RICH|1|796|DISP=ACCEPT_INSTALL|DETAIL=map
0000000000000000000000000000000000000000000000000000000000000000|0000000000000000000000000000000000000000000000000000000000000000|0|3|rt4_TMB-5_MAP_g_10483.r24|2|1|RICH|796|0|2640|0000000000000000000000000000000000000000000000000000000000000000|RICH|1|796|DISP=ACCEPT_INSTALL|DETAIL=map
0000000000000000000000000000000000000000000000000000000000000000|0000000000000000000000000000000000000000000000000000000000000000|0|3|rt4_TMB-5_MAP_g_10484.r24|2|1|RICH|796|0|2650|0000000000000000000000000000000000000000000000000000000000000000|RICH|1|796|DISP=ACCEPT_INSTALL|DETAIL=map
0000000000000000000000000000000000000000000000000000000000000000|0000000000000000000000000000000000000000000000000000000000000000|0|3|rt4_TMB-5_MAP_g_10485.r24|2|1|RICH|796|0|2660|0000000000000000000000000000000000000000000000000000000000000000|RICH|1|796|DISP=ACCEPT_INSTALL|DETAIL=map
0000000000000000000000000000000000000000000000000000000000000000|0000000000000000000000000000000000000000000000000000000000000000|0|3|rt4_TMB-5_MAP_g_10486.r24|2|1|RICH|796|0|2670|0000000000000000000000000000000000000000000000000000000000000000|RICH|1|796|DISP=ACCEPT_INSTALL|DETAIL=map
0000000000000000000000000000000000000000000000000000000000000000|0000000000000000000000000000000000000000000000000000000000000000|0|3|rt4_TMB-5_MAP_g_10487.r24|2|1|RICH|796|0|2680|0000000000000000000000000000000000000000000000000000000000000000|RICH|1|796|DISP=ACCEPT_INSTALL|DETAIL=map
0000000000000000000000000000000000000000000000000000000000000000|0000000000000000000000000000000000000000000000000000000000000000|0|3|rt4_TMB-5_MAP_g_10488.r24|2|1|RICH|796|0|2690|0000000000000000000000000000000000000000000000000000000000000000|RICH|1|796|DISP=ACCEPT_INSTALL|DETAIL=map
0000000000000000000000000000000000000000000000000000000000000000|0000000000000000000000000000000000000000000000000000000000000000|0|3|rt4_TMB-5_MAP_g_10489.r24|2|1|RICH|796|0|2700|0000000000000000000000000000000000000000000000000000000000000000|RICH|1|796|DISP=ACCEPT_INSTALL|DETAIL=map
0000000000000000000000000000000000000000000000000000000000000000|0000000000000000000000000000000000000000000000000000000000000000|0|3|rt4_TMB-5_MAP_g_10490.r24|2|1|RICH|796|0|2710|0000000000000000000000000000000000000000000000000000000000000000|RICH|1|796|DISP=ACCEPT_INSTALL|DETAIL=map
0000000000000000000000000000000000000000000000000000000000000000|0000000000000000000000000000000000000000000000000000000000000000|0|3|rt4_TMB-5_MAP_g_10491.r24|2|1|RICH|796|0|2720|0000000000000000000000000000000000000000000000000000000000000000|RICH|1|796|DISP=ACCEPT_INSTALL|DETAIL=map
0000000000000000000000000000000000000000000000000000000000000000|0000000000000000000000000000000000000000000000000000000000000000|0|3|rt4_TMB-5_MAP_g_10492.r24|2|1|RICH|796|0|2730|0000000000000000000000000000000000000000000000000000000000000000|RICH|1|796|DISP=ACCEPT_INSTALL|DETAIL=map
0000000000000000000000000000000000000000000000000000000000000000|0000000000000000000000000000000000000000000000000000000000000000|0|3|rt4_TMB-5_MAP_g_10493.r24|2|1|RICH|796|0|2740|0000000000000000000000000000000000000000000000000000000000000000|RICH|1|796|DISP=ACCEPT_INSTALL|DETAIL=map
0000000000000000000000000000000000000000000000000000000000000000|0000000000000000000000000000000000000000000000000000000000000000|0|3|rt4_TMB-5_MAP_g_10494.r24|2|1|RICH|796|0|2750|0000000000000000000000000000000000000000000000000000000000000000|RICH|1|796|DISP=ACCEPT_INSTALL|DETAIL=map
0000000000000000000000000000000000000000000000000000000000000000|0000000000000000000000000000000000000000000000000000000000000000|0|3|rt4_TMB-5_MAP_g_10495.r24|2|1|RICH|796|0|2760|0000000000000000000000000000000000000000000000000000000000000000|RICH|1|796|DISP=ACCEPT_INSTALL|DETAIL=map
0000000000000000000000000000000000000000000000000000000000000000|0000000000000000000000000000000000000000000000000000000000000000|0|3|rt4_TMB-5_MAP_g_10496.r24|2|1|RICH|796|0|2770|0000000000000000000000000000000000000000000000000000000000000000|RICH|1|796|DISP=ACCEPT_INSTALL|DETAIL=map
0000000000000000000000000000000000000000000000000000000000000000|0000000000000000000000000000000000000000000000000000000000000000|0|3|rt4_TMB-5_MAP_g_10497.r24|2|1|RICH|796|0|2780|0000000000000000000000000000000000000000000000000000000000000000|RICH|1|796|DISP=ACCEPT_INSTALL|DETAIL=map
0000000000000000000000000000000000000000000000000000000000000000|0000000000000000000000000000000000000000000000000000000000000000|0|3|rt4_TMB-5_MAP_g_10498.r24|2|1|RICH|796|0|2790|0000000000000000000000000000000000000000000000000000000000000000|RICH|1|796|DISP=ACCEPT_INSTALL|DETAIL=map
0000000000000000000000000000000000000000000000000000000000000000|0000000000000000000000000000000000000000000000000000000000000000|0|3|rt4_TMB-5_MAP_g_10499.r24|2|1|RICH|796|0|2800|0000000000000000000000000000000000000000000000000000000000000000|RICH|1|796|DISP=ACCEPT_INSTALL|DETAIL=map
