0|5ad69063122ad84e9829ea39194092a63e56d1435ce5ee90ed51622bb4a7b14c|74
1|29d9a364e549521358eeb9b0eb59ffe7f2cfe3c8aefa21049bcb760bd537a816|59
2|c27738c5238244363bb3aae0275af1653fc23aaf9bc806cfcf24ccda1bf617cc|132
3|696e8d12b5fd484047c703357897dc02d445b6f0542e3388d8152c0dcda196bf|442
4|4daa7c9ce85071d5dd0b4cadbfded41701a8d09b447ef619e166741cfeab6555|27
5|a7826470c9ccde6a75275c68268977a3e60f873538e42f1e83072b8ddd38fcd7|92
6|b513524abace09bd88664ca1f428e1292c3004c2d18a1cb8a1ba94d57d70466b|464
7|e6d96d1c52376d3c0bbebecf8bce898cb1e997cbda194682b8cf21dee59645e7|700
8|46b2c5fe593571c38a9f80567aa43b27e8ac3f7de1db313d06c565c93cc49002|515
9|e3c89fb4bb2824eac69af9186ef9d139e239416cd548bb0e2bcbcd10866bd2ef|130
10|acd3f7517319a8b43d1fe0e4495512aa574c74103abc2799bc99a743aec2978e|115
11|f6310e9df3c06b0c0ace04c151c1abcb336789a6ee5318f4e4edd938aae1f2fb|364
12|3b7df27b03ff2329353f00a1fb0fb75d019d70f8c7a1a136abc64f73338879a3|102
13|73b3b52c05375a10b5530805811f38b95d866bd95d1e4e4e83328570803ae414|41
14|da7f7a539873eef49cce68f969ff4be7d7373102af1ec495f99c9dc97ba2d95e|133
15|5087bc41e2b9a8c57260bd783718bd0b915114b4ad44a3b6a6c25691e1a48fa9|252
16|3b9bc38842f0f66354deaaaff0ab47e9cf0559b051adecfdb7e940e3019c5963|474
17|9b591854753c0a488538d751e8b59c0d215cd6f54b0c01fa74a09a5fadd36e6b|131
18|8618a1f5f98f1948a0198c59a54b2f2ceb46366fd917c6e8565013342c8f290f|10
19|b12515cd91e725a7f5b77d51ee35279af6a2db9e0431efdacf3ca3ed4c6822d3|669
20|15a5a9692274b848be06a4caa6df0ad9b207397e04bd48ad7bfb980768a869ed|92
21|318174cc38bdc75ff32b617f7e776bb231359532192956af061201eecdd2618f|211
22|f78edf5db14558e4101085587ff2537e683473f3b411be87c5571ab158abd34a|50
23|1c75d5df1469db45c366e7fb5d3752a284da64390eebe9f35ce36dd3bb64daaa|38
24|24bf572e7830ae029253d180d3fd3bdf5ffb5c23a69563e9747f38ab03aecbf1|56
25|761879931f37f026825e83bb39d6750e7a7657f34c3bdde839d8a3cc32618de7|256
26|e28d23c557a5c20d209681ef2de15888b2132abd92d2b8e830f35422be5da2b7|58
27|2d43c0c3bee2144ecf46e7150803263f55173345fbf53ee047c7b644b4aeeded|23
28|a4100804ea586af9eff8664d77690679fcaf476d1968fd1e4790c267d9bfdd7c|81
29|390ccd6070def6d71d7a502852a4235e5cf44d0ec481bf42b67de8bd648431ff|48
30|b6be8c16e1f6f565a99530277008e6da0ba5b5c9c8ce7f88f1a1d41f1f762dae|163
31|c914c4583752e11b4d32446591d22b9473f214277f4995c2cf5eb05e5bd4f25b|411
32|615355c12b96271d9c049d111510827388715b4c2dda7cef080c779c95bfdc5f|7
33|454c8c39fec629760d353cc100e2135c603223975911096b69debf8cadad355b|29
34|b363aacf4f08fc86a1e95591300ec1047b01f764556fc0fc38aaf0dbda130744|75
35|b00453e4c9ed46273991e917acdbe526c3e704702f477eae48b51d8e820c7233|10
36|64d55242e38770e2976b21e6a6d37f3f32287002303a22eb5526a6286f600c2b|39
37|faa189e0e9318132e472e7c486c88b8b60e2ffdefc18c28dc604602d2bbd7c1f|34
38|94b6b32d3b4c18a52ce7532c4a77e9b7b5ff6d3739a9b6cdd3f0cb8bc81ed350|70
39|a5cd7512e1cac4509e2d631d36b495f2bbfd13c4564000e8cbf9e92ece4210ca|129
40|a845b30bbb619b288707dfbcd9120d2b82116af3eb117f51115b9fb33db8aab0|464
41|cdb17683e13d35ecf71dccb082f257d276963480367efdcf249e49da3651d07f|83
42|a5429c65ec1bfc9e1322f5b3f47be36b4c3c82bc7a1dfe1f4ef104da0004e378|62
43|2541f3d466958819bf1c3d0bc7036d8d4e8281757f38837e5e2867d78965337d|147
44|3fb691315b27b2c8eb2626b83ff4f4643f6e4169fe90f040e6009db53aace6dd|43
45|0fdaa369647288e68b331020de6ba2f2c4d174f904d712d079a8dae32e90e331|569
46|7963d7e4a07a1bc62de96539ba84dd727a550d3ac8f226cfd123ac6365dccdd4|146
47|77dfa3c170ab8e33933822abf8c1892bccc136c75b2233282b771ad03d669eb8|105
48|c726d6b80622f71eb308856806775bafa72c1868e7012303263cf4f10c1eb544|70
49|7c070a74c981d0df3adef76b03bfdc4e5fca6b386df2615e4ec089f515c7235f|78
50|3d3ed3c573f1a50ff9b478fb308025cd71424195d928fb26c622ed7602f195a8|135
51|a7f4fbd443cfbc4e03c79da046e8d8469092e557d5124382cd260e104dfd286d|160
52|d3410d210ddf20f9ad9d20a2468938a00c7f4f78458e3a14923bd3190f33c9f9|3
53|4b62ec03a8cb86574d009a8d6849d0212cd189a5038f69509d8d47e37ca068c1|114
54|eb9624324c9582382cb1fd709da0beb1fdbdc2b0a5695ea53105ed1a31f10f32|445
55|a7b531e040bcb0c57e3867bbd28104f2a7533cc66d96cf9c684c9931d5885048|367
56|c5e2808388d99d0a62497be58c1e1e0314b3648e290f8f46dbd217a650efe10c|372
57|163a604631b92cc61214c2f332c4aeeb36cabed0caef2928f2f51b2238aecc52|95
58|23b8f1894db6f65eb7580f8e31822f8fd068c9ddc8f6b5cc6b0a2fc8177d901e|120
59|de08bd6655a656dc8739ca1bdbf18a80a4778fdb50d5519eaf8dd97aab65883e|211
60|f12aa0474d7a21bceb4792c3819ac510d0ed9dd529e4a739279114f9487e17ad|234
61|bc7aa2ad92487e74b907d5f6e24077b5afbdc7c96670dd0a575e015ddc17300a|315
62|aa8e4af9a7a7f47f4874b989b43fc5348db2191c1ad3f9beb139c3751efbbfbf|97
63|94c0ad0fb3733ac8c435f3ce9fcf255336909f02f76aaa5d18d66e1c215bc9cd|82
64|5a5db2b1ef18548e828c4e5fc722ce598629bc71872cb829ced642e05af24834|382
65|7f6084e12c35e4af696cf38662c1cce9493835381c99bb77b197c930e1796ed8|202
66|f8f84c5605747f06b9abce1da52dbe804ae964163079a79a9e77d263246af169|114
67|c8a611d73aa73415e676dc86af485b494b05a9a016b26d7fc0cfbc797a4701af|246
68|3214893394f8fb74700177cf60f7192441a4905b20ece4f6a16f9af263bf9708|83
69|c983e8a80183bfda3fe5bababbe612e7dbc672f7ed93346e48fa9f7869aec6ee|676
70|c90dc92612bc8b755454bf1ca575377e75e4a60ffe5352597a5f9f86265cc141|101
71|461c696d069c7a1c7cd1a7009605af8d19a026f46efe3d5745478d7d524419d8|0
72|698e4a987fd64d8e32abd06c14fef2b6bcd0f886dea2b664fd73a4d329bd6d97|338
73|601a99bf6651e2092a23f0f49b98c0cbe208628e2b19afd7200cd4b181158ced|147
74|6db427c68d513071d05fddef7253790da7d3167f939a4bd492f1fd19d72e088c|345
75|8f4b7077001a018b9a9ae6fa671e341a0b480bffb3144424fe5b6d1befdb3652|119
76|2263b284b4a8105771c9299df6131acaf55df3b274bb3947416f8abac36df8e7|94
77|3042f944f7dde2b968c620a33e8895e334a48ee459d40cf1d6bf4d6460f9feba|602
78|dfe1489ac9e3012f2fb3100a2c795a3eabd44e308ea96da838580592d2f26c17|14
79|910edad0a4b41c5aea54c322d70b03539024dc7e3d0127372b60df8cbfc90874|128
80|d817e496c0db8ec0586fde6dc7bbfbc81ec16dbd3127a6d2d0bd040eaf81f030|216
81|d3dbdb8110edf0f69dc6a08589c47da220eb72954af5c19c312c12684e54384d|318
82|e152d48e5bdc360b23c31669c873b2353d4359ec9b44739d4066943a9145a1d3|46
83|ab53e658267142838b26273ef4d51bfd339dd82309d9726589b5ee3d668ee6e8|62
84|449dbf8f46f0635cb875365300fb0ed14d06e64b293da3b6e692e18d31c1904f|40
85|d2661d959f59691cda1473d88501d80ac796405fb30adb29c7425bac9c2992fb|666
86|aa8ba87834bd19c3b4bd2917603af8a1fa124b1fdfc2f4603127b6b322992c4f|43
87|c995867e226fd6bae241bc48aeb3f8b1894ab4c84840af357e47d293b3afb4bd|6
88|5ec6de1903008855217e609b01fb2b68f9f9022698bba7234792d7a61f1c72c7|437
89|673f686ccb56ed53bb8fd4d1c7ed6a67719a735e8f611f78aa94372a3355b14f|252
90|b451a5ea9726f71566965637bd051f98149454bf4183802ba17b22f14a36631f|70
91|4c541c100c775fa785c6c1ac66a4092ca0673522ea944654eaf623b16fc2107b|51
92|1418e7b2e525797020da7aedec1f80fbfed9a1034dc9bbdf814634543b2ffc32|56
93|6f8988afa91f9505c047a078d1ab9c95ce11e59a938606762ced5d861e0f771b|90
94|e067400fcaeff5919ff1cd719554ce1599334253294a9572e350868a495827d2|9
95|0992305de14c03e5efaaad36c82c5af871a30242acbad6647e8cb4fb07d4ad5b|11
96|aeb630c56211b70a2fcbf36c3ded72f3f26df9f2a38f66961325b1052a5ec9de|43
97|eb743a50e7bac55b6b3a3c3cbca802f8c4c2b6275828b250fd670dfd0f6de052|572
98|9e4241733639c6bcc2f49ec3008bab1d521d8756116026af827a69086723cae4|65
99|98ee7c66d322c392febc56cc6b9f6cbcdcd69d8cd4e2ea49b570e735451510a8|314
100|2e017fa0e7e18c310a2b294453947a0bbbdceadbe68bc028ad874490b1c502cf|34
101|807420395ac1a38122f46c89046e93becc770bdd1d1a31dede4630eb2b99297a|210
102|71d064bb03ac9b05913f62bab7ee800a2d40384d2bea6a1250d900c3aeabf81c|118
103|14a4a8d2527e1d064a06e4b52f194f243d0bf1467abb6387ff12344f2168a6de|184
104|9bb0dd83c6d5fc52e36d0bbb3a94ec7baa41a08988360921337ba8b272a364c2|129
105|1bfdcee712243972ae01696a8d2249acb1bc3e07d572b9c7c64b8d20ea1f00ad|151
106|b0e5458c97ecfbe9d7dce82a492cc4473d3ea9f5b901729e2cb6f56a1a53543d|119
107|05e2591e129b7bad6db25849fa9112eaea9042cd12fc4dbe8533a8b5a9aba71e|288
108|91513981775759bfefbd48436fc2f5f6dcb1ca08508c62fffef60c5dafd9b811|40
109|01fcbaff18ffe3e452c782854cb02a1aa12a513b83dc22a53c03572ed1a27002|814
110|9843a5fee18bbce1a447c88f5cc6ccdc20c20df7e91a5c772551408ba6360355|79
111|6da0a9ab9421b9e875c90cb4c345603535f5d1d1df72aabb0a556fcc71790d8c|46
112|34aa35c05aed5a6c441389b7002e99287d4be21eab321024a68ffed741580a85|43
113|b5738dfb748432c9d2b695d0e61d3eaed7b446deb57a4fbf538e510bbcc553d9|408
114|accf4a2ddc754e7fbf4aa69b876e8a51e6019ea985c511b916b5db6dd815d92d|158
115|2ac9c35d64cad847aeb14c78178c18e52ada67166bd4e875fe04bc2e91e421bc|156
116|9bdce3846519fb3be76317def74aed7f87e53aa90ed7d4de782adc30528915e1|75
117|32024f34f3c7b8c573fdae58370c0e937a3b0900855817d19654292131f2ff53|174
118|a8166e7c759e22e3b82558d055a382765ddc0acb7dda4e363e1128e6afeefd3f|459
119|1555d811f97bea7261b4a458e37b320160a84052216b453403bc8105e7c7b061|782
120|6e9c8c8ba65db7b5b901c44e5a2bb64c06f602ee860dfa1e0e3224c691734f6f|717
121|1a9c1f48c6dacecbb734dc04f5a6c6747bce0b7d430de6ea7139d719d95bedcf|25
122|428c50c1de8151f0bc2161191b2f06bcc46382825df5137a3a392e9e06ecb0b9|67
123|b40cfa92bfffb54f3443481f3db0b54779e52615252637a4c0707b72a27940bd|521
124|0957038d567727f9be025c1e457fed2880888611b55c8265bc18fe5aca60ef5b|108
125|f7345236c601c97e4f1205ed8bbeeadcf8905c343fed5824b2d881eea14c0664|57
126|dac1d3f0c501220a6cfba85ebb41f5ae96d262da04c2b045e46be86eed03267b|81
127|ea5f01b8790522b5ba724c7ee6e9766ae103bd5544928cc5cbaee67345dab8d1|309
128|91d8740c2a5de9c06bb06de319cb65a15384d38dfc6957ebd0915c1971f57c12|23
129|d0c0f309d572f14bea8794a573e8a1457d54152d31343f061a59ee17556cd235|16
130|c4e4d6434070e29351ce025ff0b91f10dc54a4656554c7b0ce45e96802ecd77f|62
131|1e7a85bdaa41659a2c788fdc6243b05337ba2445a4d7b3962f55bec1c2ee72d9|492
132|329bfd839d2293d4fb309c323987d1afc01f38df20b1678b0a77f723b95f33d4|52
133|df237654f322f0ec1aad40c1075e342d6d664dc6107d48c9b06f91344e442fb5|108
134|3dd7d4533c58364d19a0ec02f6f2d3b1a45a478165e5ecbacbfec5d91b0163c8|28
135|6f5fd41e2e9b933508a0d1e06c04cce0730de24f3ac076ef5812a935441920d3|223
136|e0b714f0e8d13cfd1d02091e8337b7f0c07cfa9535cc426942cd4ea053b307ad|17
137|b82d1e0fb2d30e111a7c31eceeba1ea019138e9916d40d04e903ce26e6e12432|132
138|f317ba1502b1eef07db629e70ebdc3cc2447653f34d7a4252e297462fa15a141|122
139|c5fb0f645b6e62bc8afb9d4d8b6196530d4fd10cdbe12ecd31ca57a4db4cebd1|275
140|4cd05d0181de30f0242a71f5223fac6a7f6f7af1cc7996ba45f5e7cfaad43496|105
141|98c5cdf95b10a108ac6010e06f19ae974149755e30074df1470b1f4502795bff|150
142|6c004a0c82bfcba09f51bbf9621144423a2f2cfcc16724878eeedadcfdd41de3|100
143|3bc5fd7856389a095c8e13c6417bbfe8ed443191d20411e53d59334083fdb1c3|13
144|3483cc65497f97ab518a7545336a689e6b4db14f0eade46df152c69781dfc1e6|8
145|a1e49c0786f0aa7aa80eae3a4641a9e0299761fba8e8452d74778cc6c831940e|231
146|ca01ec08e82ca6c8b00f6c2f301e4334306073b279a26d2cca3c37f2e8ffe30c|23
147|dab80dca52d69db8c8a3098c2977cc4601ebd49975b62704e1fe395eaad95409|293
148|a9515f38b58e637a4050ee51d1581ae0f0a7a721e0d0728c49944f3259987616|124
149|89586032c8d0d9e00fa1d5c6e3f617c622b4812aedd272b52047d3679af499aa|268
150|8dc22cf27e83528993f4c2b072cacae1abea5d79fae91ba498057e5829020834|98
151|e818216f9ef796a46416ef130504414c0e7d3b9e9379641ba09ac0e74f7c42af|363
152|a45253224a2f6e012222a548b4e9989dc9a2d4f8bfdae05a86fa39a94fa1fff2|18
153|96efd94536d6ea8c6b280ce98e701ae23a72bc5b79240101506d2121d266c19c|595
154|e7d99b1f9d5fad0d1cf46a661d639eea7dc858f1824d3dc94770665df5276f56|68
155|df7fdd6b5d4a58b3fe5e3c5b6fc815b9343544bacd70985aa66fc0c3b10ffe41|78
156|9eaf5f798dc7e2936c1762fb9566f19acc6a33c1890de53fa1d87fd185396afd|510
157|701f9d7fce78f2787c3947a94e9bbf7756caa6adb3bddae769cf2fc9e78ba62a|243
158|6e6c5d1f84afde1de273515a92fae0df76f50f645a976cb8aa372d5dfbf3d894|81
159|f4957494f81bf06517eabaf08adea0e6d9759a7b312bd09698101f825d7ce4d5|473
160|abf0e20f6f6fbd45ff18036c4b45e83d5b8e6be7e084e5770263952411fce92a|106
161|d6de143fef578db7c82e9bd3efa679fc86f775ad10ad25031acc502c08d25d00|106
162|69d106c0ad2357b4b8b868a98513c48601f53346376979baad8beef49d9b251d|62
163|4b16bc740ee48f4ba985754c2021c3c81e2f2abd1541949c25387bde1fee2697|125
164|bbeefba6a7a48a6eb2160b546762cc5b2a7cda9622d24daa78fe5eedc802422b|85
165|96ea54097836c5fcac53883473bd9b6772e40b3ca7fb1b64c9b87f5ab8b70f5e|162
166|59a733e025f4e00c0e0b550b80375ac224798a629c849a5aa9f465222d794d48|111
167|cf7eb19c61d4f0e06c7bcf089dbbb7d659c73b7a3b0a2dcdf5efbfb813e439d1|684
168|369d602a10a4458b221b532adb5f03199ae745d4cef2996f79654f29d7834e92|43
169|b5fc14d3686866238ebcc4db81fd3b23c1aba74f54d8bb9f1771eb6053febd74|163
170|ae73c96ac695f0d3312282a5f0438ea1b7df90ce0982587751df941fdf01a42e|120
171|e21ad9d59a8a2e3b07b6495c3683c1296b25f8b125dae50cbdafe21b78fbaac9|54
172|d79a389d3ebb15e3a20d1efc1ce8cd401290ce41e0dd919d19d352d343163da7|14
173|3a3edcc21a7a67431c883c6f5cfd87d980a8ff3ed9bf54d0935ff3c9e83e9feb|194
174|c31496cae89716901adc8f0fc9f1f99b72c26dff26cd57d1ccc98d932b535f14|517
175|c96c4512ad42c3743de2f305266fea85904ca16b71dd16f5550f6538410ec224|287
176|a98b673f777666fbe755dde4bee0cce599f2034394114daa02bd942ee3a61029|520
177|76d8b3e69ba742b3ced4591e429c0c5e325f9595430d35734103cacc2e4679df|1
178|5e44106e48de9acbbedf6419af8d1dd45272d8ea8f1a39561b5fb09dc0c1fbdc|9
179|12dfd72734983d784f3e2795b58170e82954ab05315fb26940d249ed781ac7d8|197
180|9f6df8154d1473d8cc5f2983641500cc4b1c25076ed0c8ccec61b77275300c79|58
181|daf9f6869b749b74ed1fdee83dcf7aa8b2399cc8028cf3c01b9f34c1ec884c80|177
182|49c0386c1a696235362bd12f651d79db8e7c5bdef49aeea23d8d73a040824da1|75
183|9bb5b24fcc31670e8e1358ca7a0ec5bf015bc293916653474e82a100fd7f47d6|241
184|46ae1792f8835ab604e05bf4e473d42e2e62503b834df2c3e7e998b2743dcc75|87
185|61156b55384815b877f760969fa07826e89302eaee3db5b883f219f157dfae5d|108
186|d7bfb177ac48ad3a460dcdb9da877eaac4e1843b8bf53dcb8c8320ed5abf82a7|73
187|3f0861bae0c352dc763188803fcf53430ed270feb58776c606c78bf2bf3bbd94|321
188|f2344ce4e8f6eccba35673635ef7588a64164b38294c3e8cc503107588b9a8e7|134
189|a5b8f40ccdf3324e7b510c19641fe53ca00cdaee5a5b64185d2eeaa514154f76|72
190|12d9236be1f4dca6406cfa8fb91415e016ce299859263f3ebc40f7bf43c8a343|134
191|62df7e13ca3028a8daa576356b0b66b010fe95009665f4fd80a84a0a8fb112fd|105
192|00151d75625ffcb74a565de872751a4b51117a8237598724128e39dbc13f95e2|52
193|38857c9d6c8b0cdac9aae2b1e24c80c92313800515b04e5b4477c5c3c8b28e73|309
194|09cdbb602d92d3be2c32eba496cedb9ea4d4f0b0ffd0ce49c75e418e43c1cd56|43
195|d2adc4134a1af89edb20cf0370abf58201c3e120d5b694ee7b22c0e41a222fa9|116
196|704529f8863a4004515ced7f06fe39f9cb9aaa8923cc169a0f34059ee6598db1|274
197|b60d357a36d79b04a58ba4e5e2526f53f12692321e5f01d289982f018257ea68|156
198|d69a6f806662daea3010458a0685a686ce569be44b7efb87ed3a6e23fda412d2|37
199|15212ea3a5874aa2cbb1d97a21dcbabcd2dc451cc7906877b5ebcd0e2d571449|331
200|79b0eccc58fe4752d9edd9c14a9fbaa12bdf5447da07e4826e562ec128239e3a|116
201|d698c7077c56297f3febdba7e3c271b592d2b01d477eda10aff8d37f198eda12|166
202|7a13eee6be2fbcc4c44372e3b3a19f87bee59551f18d07c065599f7f609c9d29|42
203|26f3f4ab17f965b62b2ce3d673b5a7a1a7867beb04ec834ecc83e90afb767622|137
204|b4ff2bad8260fc2307d8c56248ff85e520d88f90802e90e4be923711db724965|65
205|2f19996424cdf87853fe34dd4f179a4d7dc6f7221dba24155467f19d29f63d9a|182
206|5674f1319190bba1c56a69381067c1def525ff51ba55b2e74989eb3dd037b882|101
207|dc15e8ef5d1c45adfd735962fb34b4efe7b73de6e83bcaf8d6e5b2df6413211e|82
208|c0fcdce61db28348a860613d85106d01fa5994f7254a4666bb26141c0bf394ea|86
209|d1441d2f6a635b2b2f55bc6a3484201a2a99d444ae9262cccb26c70d3bd6cab9|89
210|f0b776c36734e7cc7671375ff2c4e5cc4c78d3b3bc5e11ff080963eb1bf300d8|117
211|50436e9405edba31b3dd8c882f93a6d737822f0eb1354a7221729c035a61e927|146
212|e9ec625a13492ce3b110a6c1f6e945a2185c2ef30b48e370318646e4adfda092|29
213|1de9a1cc2a6f4432defcd7e1dc966172479df3a8b00a214cdc225163397a2df4|137
214|9613763ad5c64035403e09a65f239dd694ca0dc481ce449ff92a4d8080b53f01|131
215|b3af80908b261b43370c618ce4066f1af8871ffc66a75687d897261231ad5271|230
216|053c5af2e06cf6e69a4e94280cebd302d18db8554bb1a78d68e120c27c6ada23|76
217|6a12b4b215d6c2447890ca572dc24d39b1a4c2519def7a407d5e263c6217b8b7|357
218|a21a818139d1b047e37021e7ba0f263df85e6ca8f7cd94706a1cd38440c73e3b|86
219|c86050a0f5e35fe6d53a85b78f0158951fb1580c0163303187eff6c398e08fca|49
220|a7733b61c1e57e14ed40219b02f9a36a3283b6603697da488c002a07bf9ddd0b|341
221|c1b7440e76d0b3c35280fbe554bbdf95d1ca736c61f109370db1f88229e37851|44
222|e059c507f3a3f6219d8ff21af78b13737550dd6170e064a3644d4baa70426f02|77
223|3ce9b88c6a44464f83fae0abb93f98f151330702308e16ce79c0fe269828cf8e|96
224|8f9a0c37052f76c275cecb3012c62aabd180243c5f5dd39ea7777bdc014243dd|108
225|a88f4be1feae16c0d06b5fa61339efd0618901f2183b481eabb17987a983beaa|116
226|38008433f3e083adb8a159f414ce19a7e9ebf4b46839fc22830d56f16ed2febf|147
227|6efbf13d638259c9a9ce6e19e3a5781c8b97216fd49d6268fd76e27fcd2fa098|457
228|d0ba3054917a45e2043f7888b267c1bb11a24d4f1ae505a59a9245a227150df0|9
229|b2a2c802dd52454e15317c6ee3d6788987fa58835a10abab8f63d443f74c7e78|456
230|38e799ab69c37418bcca5fa5825edf751e8a3fe383a76fc45db064bba2042e45|104
231|3e810f15070bb2596ee51f8f5d0882a298734b14f45c0011a0f3aaa6958c2fe3|300
232|c8c49ab66d53edfcec7013c090bb5b4f7db9989f34c4d49d98176a2a7463bd85|11
233|d211ab3e6f43a06c91c8b4dcbfcb476d9693ddb5d7b6e533dc175fc83513231d|196
234|b6e7016bf2d1ca05f2408e4af3af5f8f181e045259377cc54dafde999d65e288|210
235|3e3b0515fc7208a08136bb38ded12f23466f0feff831dbec2fa28816a35cd2c9|240
236|20a26b0fe5a624fd8b800c285e64f9c6cbaf13a744e5f2a6fc2205f3e3ed7e01|76
237|98fe5f6363d0e9f2700df0a790da244be3fb254e5d2d596a27a789d2ab6c093b|113
238|6cdea4c6b4123dff969d8da9eb83bcfc27adb9e35f622083780c9256367bd637|93
239|88c9723c58d185b6938c84bc3c5bfa1ea4f21f7810d3e5e82c9541914209b22c|256
240|f8bcb26b208d4ca622e59541e39cc14ab66611c4cc22b4ea131fb79fabc3e3dd|35
241|c735bc542e9b2bee8ae8f25a7bbf33057d9bb1f8e00b5ce432bcf6f701d32f8e|21
242|6918102e203a9e0b5cdaf8f5ffbdbd76d17963f0b24492b53ca7164c6dbe9a58|57
243|038757ffe3e09e71a01a55b9d2f6f57a6742a3aacd9518f67bc1856bbb014dec|203
244|ced4c20b5353f88962b1b809563142fdfb4a8e587087e5c98171480b011eb8fb|1
245|54f1e44e1564aae9baa29309f76ea3613aa53e90045c3200f86e24d9734770c0|199
246|302b5184b8a3adfe9a59a6708c292a7a0d1061a870524274d7f64a847bd6a6f3|42
247|35f759ed27b175c8ac1faea2fd69410398e633302a90e1bafc7a8bfc0c785efd|289
248|161f130c04f16d566a65a614b0fdae4b25ff80cbaff07f5e183c4a1e0ef83597|94
249|e8bd18d7784ec9c542f44d1840525e8488e0d882b58dbf0104557a21bae58798|202
250|d3fa156edc1d284cb626d9329d336769a92f1db45f8317a249128197b58812e1|82
251|7fb2431bfbe1e2c8e0691ab9d90552f351ee7f8194c929aeb80b03085867427a|242
252|04f64f797bf64308afd6063c0911f8c8dffa7bdbe319029ec5eb5fc76808c93f|84
253|e7ecb92493c680e4a957496501d2c3e7858de85f870a2dafb6ba956445cb975d|318
254|7a5b9c78b34bf5bc2d0b333a67dd4c3f5efab9bb8899ae246b1287a182d2d1ac|2
255|165f3434913711343768fcaa76be08613cfbed5bfbc27336b4efc46ff63c28ab|275
256|5855f8fa282c769ef49396a2bf234211efb276b1a47f2762e39edcfb7530edec|121
257|a7af712183c1c81c1d250e815dee62b4f75223c9d6a992931ec35b8ab02785b4|98
258|e857321742130f31272f6b0f51122c6215d1650472a032416944de26710cfdc3|1
259|3c5c8ea273ccb0ee9170107510c74238795eeae277be25cf8ee3f5626ce2a329|113
260|2635ff6f25616dcc933fd13d4c059bb30b743638d4f34bbcd6373adb24d47d78|135
261|79b8d220d769e89c9db2fe2802cee0f52b62e48a6fcdc5af2308de1e236b10f3|325
262|4bdd616174fbb288c7eb4e7bb2c46519536c75300cbaee16f4fe65192c3be871|421
263|c951bf95107ce17cdb6c164e33aa077f038cddbe660fcc5ba9b14696fd5d0ca3|373
264|ae2bf235cc353b49549446ecfb36f1ffbb9f230e86371cc01889717fdbf7a8be|40
265|325ccff9790433538c841f5d0355c4b95634b008f97597e52af0721a7d412f2b|101
266|e856122b14c42ab49c181d755a746155052e35f4be2bd945cfd3bfb00ff01c3a|97
267|7dafa3e68df34f9d6184045e38d1bff9f2f1749368fe681db6e2492b6dbf887f|7
268|937b4915318334da9518d6e6d4e874269fb0d09bba33b3f9434bdb62f39937af|67
269|7f1c5ff05b7c0bcffb40b0ac31c55ac0bb4c4747b0632338db4282cf3767f70b|300
270|718fd5e852e3b43e4641e0a90c1a7733a24508a76a63665a8c84294b127d69a4|119
271|736bd8f0575f4d7f32fb06afc57c177049927921e49a3979cb6f74f0891fc74c|154
272|ba992a5ba5c8aa6e585637a89b87b5f8d9d755d195e6c1d974e876f9d7e5aea7|59
273|042a274e22e4cf7093d44785ee947eb156abb03a09da17190c840467ce4d73b0|144
274|bd752c5078ad0287db939120a1b18cf8cabfab72e1172e2542d7e25acf8d3c2f|114
275|245723b2e1dec714f355d16c6519ed58bad31598418645dacdc9cff212fc9bcb|110
276|790a7ad12645baef87fab9be11cea69c777f2b48d1f096c8b2b26d875e21dfdf|113
277|4872b147003af2dda41eb6ab649d1b3ea6ec9319bb7aad53e1266bd4e6011a7e|257
278|0bbafa4c9ad70a9af255f9fc2f86454cdd992fb4e20840754cbe9fafc3b1708e|106
279|36beaf7147e7f7b2c73fce4540e087bda4028dd189a32f162bb7c3accde45a5b|114
280|b60cbd80d8bf00ac1bd369b48f92f19318127b5400a00998a68a5a98cc8f6dc3|72
281|0d15f85b06e0abed3264ed87f85a2838e41bb7ffec16c8c00bd72a9540ebb891|104
282|dfe639fd331dfe7f0e018fe9c2936f5d5273a29ac430d1a14b06afe7bbc333ed|6
283|2b4e30085efdcc355243dc40c9be2315da64270fab569280f1857ca19e028887|150
284|990577ca18cb42561584fa689c0c264b4f436ed8f22e2a307ddf2a41664a7570|670
285|646f870b6aafa5656459ef8fad6697dd2be21b4f7ba9aa3cc1508b84c288563f|170
286|19805f129d4e1fc4a4bfa5aab8fb923f1f8868bc30d52b2544703f4350592c9b|5
287|c6b19b0b072d4fb159f6ba98cbfeb33cb664b770b16c25e2908f7edc851e5ace|81
288|2f6ee44897c27d88ccce975fdded873e49786348c93086a05ffe9e77bddcf2e4|49
289|506876e667af1057a87d71592f8588451ac43ee857790a94921771dd42cc1076|805
290|b84d0f6cc23acbc7d3f6cb390f7d9925e0ee36baf0265c78701128073e1ce126|51
291|da717028f5b939899c242c1d8cb2dba311a87a45927c56e78ee5ff2b279b1475|116
292|e5a911df47242c23aa8df2bbfa9c23837ba3d63e06ef88a3474411bfdf2ebf29|192
293|fc94ebf75859963c66b050447881ca98bec8afc409743a182d79a9234f5c4937|221
294|e61f20947c3830ff2ea2fa9ca54b54eb5be9c33ae1ebc8f68a2ffcd9064ee769|67
295|dafb39bc28d5a6d6260a32ea08571f910b302b916fd70b5f9c9b5c8c85b78be1|54
296|6f66be87f515add29eb50e5e45cabd1ed454f25519557e08fd9d30525dcd35af|92
297|c2c0b51150994bdd18561bb01025e215b65d6096dbe0664d9d61904d82c0be46|244
298|b39852f8ca48b9a76da3c60eb1cc11e23c8270c75848177a6ce018dd8c73c6dc|533
299|ce283619cb4cefdb45e87e399979c3269b1e4a080d1d343dafe22d483be5e314|12
300|cde54e101a9734e7fddae37d33f0a85e000e16ce2a46f548a0dce4e8d0d52f87|134
301|7c8b42a52e4fa42dd469bd92c56a57412efcbffd4e99eaa7062dc062b49c24e8|208
302|bdad986180c428c0c228e0a953aa63ad8439588f83fda698dac819957bc7653b|368
303|cb175219976eaeee10cfe4c9a9e2ca721b8f3115bdf47ba0550d551ad1b5da4f|78
304|0bd0d176d1023b7f11877dd24f499f69cccfd888a1d6c6c0349b635154fa1ebd|265
305|905e60773ffaa829a52bca9d942d468c087617e54bdd420611efd89d8e64b200|201
306|876f7fa7c6375d6e7c1a00ddebeb7b450373d2d9fbeba5dc45b9bf31ce3dc8b9|9
307|d99471035a33dbda5b363cbf9eeb9512d303f9c5248566e4e22039e28cb6da35|430
308|49274363468a13f7cd3e790820243d0f335c9243f8870d378c72ca8bf003ce0e|131
309|e5a2bff4cb84984809c0ee7dd4f0109a7d2eef77dbc38271ad0e8d1729c47f90|4
310|72c2dbbc84a97f7c3810e1cf5d22e8016978d4ed86a8a99413cb1acb29d783b9|101
311|fbc5a33a2699055d13b9ecd064fc18ca4a9048001f22692649b7c679f7d3a446|159
312|1bdd7121ec5a8602495f447b35d93c23b16d5f8c2b050318cc6055a1f752a60f|45
313|a5c627577e3906763281ae1ee0806787c533a5135e2f801fe41dde5cf8915827|38
314|bade4450f4f41dc42bcc20285be94478d7b6334db3069340884cb113e0b399d3|114
315|9c2f34a4c0090e8a2066dc66682393a99dd31d9a70d03e3d9d1cca8875a4e833|218
316|5b173cd5d39792431a0cd7424f716594e9b79f0da9fcd16404ddbc593c82de00|75
317|003bad5f7a53422964ebeb4774e951695a120521dbf2d249bc781a797de1b85a|407
318|b3ed5c6d09af20ac3765bb7056929d77a215f53941db9c3a81db85c9940df878|504
319|b447495552821069eb3dcf4e7dbf4cd28f19d1e9364750d0d974cec565f85ccc|24
320|f7b769c6523d1d0e6080e65167594f81aca5093e768d1e20fa190a0eed299e1e|63
321|4c43b080d9be7ecf4997434647c5016a73661b59f3df6dbda5535ca204191081|189
322|245928c05443fa4e7feb9c2bc38b2fe935f71ddcb235d6ea0fd50176fa51e39a|97
323|2e9edb95b1ae827794ae419a9aaa423b10856e5ffaee074dda64d3582b21d9c8|39
324|a284272cf281932d70dcedbcc09e6f360d5f613ae34a0b3559293fa53cf4ec71|94
325|7c8e7ab1a0e0f7a158c5f0e599759ac75c2109a33a5969d30f0ece0c961ae166|140
326|f31916a73880cf88dde4e6f53c642ebdb6d812323337787bdf86438843fff6e7|496
327|2b790d0a5518b34af75fdf786baa46435ce7e83a73aa78ca7d5a14a95a7e8366|781
328|4fae8454443c29af7e8ea3f71dcb1c18657934e521ff4ba70659fef4c25d0c66|104
329|fe962f262088e0892f1f65e7bb35bf4cd1f84eb151c89cf8d3d4c20dcf6d6e7c|163
330|8e84db1aaa95f540051bb171bf18e00c172bbd0839f28d140fce5d7594da5ed4|28
331|83d4110e41b7e534d128a7b0d5346c254fe92654c7bf18a918b00171a7a82cf7|513
332|736b91bdd9e904a3a4d6584e4aa01a909261649106edfb55b753070bfe2d9ae9|60
333|fe994d9bd9b133f8a7d21ef8ecfb7b1cda3a0481cf24133e469cc451074c0625|170
334|e80e28f31f3af6d6b40bdd5a17ce08cc60f28e228c0ebf9689ec057a18c8b963|63
335|c26e5ffc1ad0f1ae8500721d7fb071dc2a16366754668ec3048720d25664d899|118
336|ba03c989c29a62cd9b35efb58af1b22610fcaf14bc97c6343e4b6678b214d553|431
337|412163df583df9ca663f33739564157c0ccd27c3318d49be8cef7d43b49e5efb|275
338|6c13717a021dc577187cb9413b970651392283bd86c3ec7e3adf1bced532c376|28
339|f7d12ac5fafb55812e8a0933f9d5c13b5980d9b974560aad0b173052ce9d6a71|354
340|20a36d5703c49b7103d19b0fd8780db270706bca482012158c27b53d84cf2cc0|126
341|7580487994b380292805009e5645c84257298ea63b25af9e11f8c94a7e2d52fb|44
342|b78accb00289e8abf0ed91e7f53d0a3a0595e92c26bdd5495367b82479ef7903|24
343|f6688b4ba28cf02ce40c95903c397d59e58b9cbb74542cf4b36d5ae82cf7e929|262
344|6e88bbcb5884801c50322ff288004b6c528603d9dfd9eb29c1bc58aef2cc4d5d|37
345|63312dd86ec2ff6bb9f5401b7abda03b53c7c57aa099180e31e7d6fb04bec43d|459
346|5cf7c22375238c45471717c6acef156dffcecb571850673a3af31c17df776d30|113
347|c01d86782918a5adf3e0d3d5626643efe9e63ff906025fe69df717df99c95935|192
348|ff7a2128663243f1491c474e669d9c675b23a5aaf5c8d66dc702edde2a6d2f34|76
349|5515967263e59ec26814f68e32cfdec32d7ba4d8fb674f48e5c5fddd755566ce|156
350|157774caa23bd8ef2a8b776ed7e35b2c4defb0b9d7f7f620fc194d06707c4a51|122
351|b0c6ecfebdc1a8dc8dc6e38fb1493af0f80b35b6406e16d5ca61d2ac860738de|127
352|e3db7f585afbb572ce7512328adeb2eab369536a9f2f3849c116c43b89b4201d|115
353|58d602d1215eb6f3b8aa40abcf3158b80d07aadc6347e77ba21132946f030a53|124
354|7e792afd359cb033b1feacf74cf52123e7c647afb1606dba8a3f0c3e751125fe|138
355|1d0d5f20b2f1cb934a88549c5b549896a0d77852580a49cc4eac95419ef3c3f6|72
356|85ddc2be67ddd6e630b7b47a7c90b3e056cd593260779f8e03bfa7f87702e5ad|51
357|7c94f865448bdbcdf79ef7577b10341d9d47634c2630087bc575eec7c063c098|9
358|f07fa93330d440d4293c43b330742e23f14a7c366d57a47dbcd474e595ad5570|362
359|b9bc0cdd8651e7ac5b23ad6008d33e2be9c011883c310941679f226d86e21ff2|48
360|54bf64fdd85b1ed4ad0062bb008212af19503e37b1fdd57f798966ae8fd4a0a0|57
361|853623b06999676f70d7dd58302ddd4050bd5dca73d9c2fda2b0a22155f00a8a|204
362|1e67b72da3ae3b2a8ad77c844c88d35e785da4843d439ca505fcf920d189b058|611
363|9abab4e9f7cbb39f844c29f806307845957357b0112d698bbc39ee94c36d1054|333
364|dbc44b4210fcdbc4def33ed5847ca32b894cca16f37f57e1602422ae41fb0286|145
365|1b8d23c60d340cdb7da9e5eda132ab14e3c297d656f9dd6417b6a3174e33c7e5|166
366|165faceacca34d537c2da56c0d61128efe1519f600077b50c04d4959e6b488d2|390
367|08007dc3d59594448bab771c7b044a1c79cdcc8faa0a12b45248bbb83781f442|672
368|73015b79a8495da7232553b365caebef7a3ca109a7634707c47f483d86541725|109
369|071af171b585183ddc13c94f8439d3b46fb151967fae164b69e59f2ac90b1dd6|104
370|061a8d40cdf39e2496a17ecd5a0833d452201938faec95fd9399dca81c2b4ad1|184
371|1521cef229f36a64c0e2ff8819c6b39c308132594aa52599d566959fb0113c17|60
372|64c5c530204789715cd07459b3b143d46f9bc43d2dc9f5582f31c3f4dc30083a|112
373|6adf769d4a769fb87cc48bac3328d50bb0ee9f1fe7ab3e35bed1d1ca0b5c7853|781
374|dbc6e49fa52dbb213c07e0bb87b79d4675b6867cced6f2148bc08e53497dc8b7|95
375|6b34a0964a4f80540606866a9f4f268a66332ba5529e4d167d101f9ea58da463|150
376|710cbea384dce5c3420a3a242a029b6fbe0497d1b3284066b6a44f717b1a9a73|116
377|57462ba8adc29f17663f9fb5b6b4dc5203ade141c0b7b3833ff0bd9d515ecb77|311
378|20b13ef7f9248f60684769d93b43e93074f3c059afeb46c90a751ddfe838e024|52
379|398263dbcc709472375448c91df9ae833ae653b9cf1cb287a434198733e74fa5|28
380|582528e0b933e267827e03ea0626d951ea66cd2cd2024c8d3be82831b4746de2|48
381|fc939b84fbbbab8f714c41785cb6ee30a5275a0cb3dd50e96609f01e5150debb|67
382|904557c9bbdb64bd89cc4e6b01438ceb0271f2e7c3efd68cab9a1ff22d5b206f|145
383|f97e7f305b835d5bb2407032a6e4e398d1aa884cd3a72d5b0364dd6a90d0c16e|342
384|bcb2259ac209bb07a663cc412fd85995d9a1e7d826a048c72aed099dd3e5a3ec|70
385|c44fae90a513cd618e6a8f91d079174becdb0bb82dce461dc96fd0418c52baf7|196
386|cacce93876f08474c17dae76cb619f340a8c693e88c9b8ba947d86782971442f|156
387|0324c5824dc507f7b9fc77e5b2cf79a6e7921f202da56916ad584cb46299b54b|98
388|42f93363f8bb60aa4ad372dc1aaaf15326f1b4fcca807880f11a2b7b0033f330|65
389|f9d4ae2d5c6fb3f6f558b2c5d449a1c06ae3a5c0f8be0d9f39bd8020ebdbd9d2|45
390|0277b25c7e54e4d754a9c9774b4f942b46e85eb19483f5b39fae80a4c2c5fbfd|58
391|f268a56bf3d8cac743f9b202aa9732ab42f8282f53c3ef9a3feec9b64407060b|163
392|5b7c51e0c2d93fd0651a62a49792b2cbf53a4cad3a57e99db205972dc044a750|211
393|80a7a938691aeb86dfe7f6b5268ac6c9cdb252e84f0c176bbb5776108f8e918f|32
394|a7bf9006eecdbd2660bdd3d625036b450ca148d08d5d9c591a8256cec3f9ca4a|26
395|04b662d35ad26f810bcaf34d8d4c2113dd577a7d6f51495ba33519cc3a222a17|72
396|50d0ba067d0fa1bcefd4660deb942546b98b622674ff76b17a5220022e545212|79
397|d697388906ef001c9fb9a7def82068ec9e4cefc00a1aed029f0bf08654b5376d|645
398|fdbc8dead148da01982e89faf7c837a44430838826079e7030d947f66c305f50|106
399|bc1d18aae34df02b6bc827b35e38ff33c232bb3c19df207d4d85d84cd98ea735|642
400|3a59a963a0c8634f4a3767b1a1e8e0327192829e8cd30a5cf9047f6958155c36|87
401|227ee35495815ee0be14dc682d46265f2160febff08ee831ed6a3e981a08e6da|652
402|02596d3ead3e91073f83e3ef0f713918e375617cf642b0dc4337d8d3a2abc5ca|17
403|3a77c2e3e8bd5e89e0928e21162f26fbd795440e17d264f80700ea06e66bf917|73
404|e916348eaffc1cfe2ce2442ae85ab75927a9a3318a229d30612bf5a5ac02ae84|115
405|f541f93b34e4e1029a9743d1b4c5d69265517019fc31a5abf12ed7e7a4363aab|185
406|19e9bcb07a01030300db8216e08ac63942adcb0d95e21cf089e6f077eac7ced7|123
407|7b91af218e7edf0505f00de91b90df2983dbe2348903dbfbbaa436a514f48fb8|506
408|d7faec1526cfae2fb03bddd55a86b4c12bebadd0ffd837d21eaa489dcdf6e339|467
409|43cdb55391e70f5a4d0d66bf400af2704f6ed11d9479a233ae98f971790b97ad|202
410|a34a642b0fdb09e39cbd7453929e27be08dc27ca4fd31886a25f7e5aa36df14e|118
411|518e69db7ac7aabf3f629b51bc36b7787be6e80127ac164fe92c73577984b53d|112
412|09211c53f8313192fe8a2691c6386351b76e7adef64316e4e7de2400c00f2ed2|22
413|71c87738738b989e6fe021bd68393eb4f74d839a2cf8b0f252225eccc3144e51|9
414|d448828271c7a0675af349f6bb8d7b67c9eb8777c8d1970228262ac64ae8cc73|96
415|3e0add86edccb85f03253e9c75c5291fcb4f6bba62d008a49413a63918f33ca5|193
416|62fe1e90844f72d3280436079a8f6aea1d0ea741c9ff3c60197e2f1bd00545af|70
417|2856a974e3745cfad35a46ac57b055377425bc399b294e44a813a36306398598|35
418|5b7357a64dcc63565d9411bc6c4bcaae972acc050ad9378abbdf65d4c180fbe6|67
419|0b97f47961ae054ae47ef246505e009b0c86f1bcf4b5427555658b7460403bdd|217
420|1644d3911dfa69bb72e5dd16a6819d1cb552c6beea1c51d8616bbb954edd8455|11
421|3f640ea76f72f3ad55ea9cdf9883c5fc73c3a49906a8048acd90c22fcf11695f|533
422|87b5614290933b6625e988cf9b7ebf5d3a9b6d576b16c16c77f4f47f57c24625|103
423|2cd4d1dc9e8486b827aac547ac35e5ddedac1d436aac6fcf1fac716a9ab4bff3|260
424|111e66e20ed4b585bd63613d81a47aff25f5c370421d67c7dbd20cd800df967d|79
425|6bb202588db3ba0541d99ebc8d6959d301fa9ee4ec35c4fb4e90a82076b716e4|143
426|ff44654718b89ff67c0930431298aec9c5f22e0318feeb9e9e7d4b06ee92e588|60
427|5a4e24c2ed6047c973f3af3cf6f927efa9bf77c6d5929ceb2cb7ce06838d51f8|292
428|68636dd57a92831051926ea31e97a01622b404f8998971773b31d2cdffdc3bb3|26
429|3f03bb6f1d532a8900bc09d038191a8ab06f89c4a75bce97ed4d3223d918258b|64
430|cc645e077b611c61922829a31fe08c246fc8ee7b93f41588e778e2d524073d93|127
431|ebf3acb5964d6e4caeaf018b1787acc8669464b00ba5d7626014a2d2441c9f2e|477
432|d12943c286cd4a5c9514454f6c19f9612a557ca801add964789903feb76db1ed|14
433|ee0f7b4cd1291318f83bf855fc94a738b508728fb55d95f981f61ed4fd21f2f6|69
434|6c6c5756afc7469559b62d3e0559fbd8574c7ff21b808a837e19ff25a0065972|76
435|73c4a2d009e1e1c0de1447c075361fe03eb27d893fe080762d71a2d8941935c8|230
436|dc3f9e2f0e9179d96e4092d76a7ec53cfca70fc2890886e2e3a10948fd79c5e0|594
437|2f32a3c67e7d4842977864b505ec21e3849294b7f8fb7c8ef553684f22ba67a8|161
438|aba98d44db90841a55f90a8fe38a3b02e568148f85c1a92303154ebab805d290|64
439|e5422c3c2bda3ac32fe0488af8e7e764f7389ceebdeadea696a469da384aa1b2|238
440|47a5993e7d9d0ae2aac8165ce1de40f2b5aa65ed5f06fd01aa72663ccc90cbf6|22
441|dc92e4945ab5c77f8f1f0b2dcf551f0b2f8531c6d07434e9f6ea343b112a3da2|226
442|82f5b7e4f82e4e4a05edc1fba7eea229c00297f35f4aee48f77e2dd229b28878|6
443|78ed4ba907921d7cd5de2367cadf0451c9d1fcf7e485c5e8557422b7647cd756|74
444|a5ecba3ce028af44617dc96d58f464e349becdee065278ee79cc5c8c4588dd40|91
445|63f6ad10edb53ea77d0911b56017b62fbfb04c4324ab460f4aeefa69c4eefe21|666
446|72900ed71398b1fc33023c3dff715f260a18fcf93cdde5f0cfee59f2c62450c6|183
447|feec330c774991508f1779a0841be5ab6039eb3e24aab90f7806b2e296ced9d6|39
448|ee21acfa06a29bcb88ebbad2bc6f501fe077e8c56f36836fcce27eb6802a9c69|382
449|4b7b2419b70f887c53516684072bfe4982ce2ff522a88bd361e9989de9fbbc17|224
450|0f025cad0e86d3dd232c2615634635d2297caed8e27a695921d9d4d7ca90e419|125
451|1a36c055c52a8430c7a54f2149adf23b0075f5e03c2ae67f2191aace5c88e570|85
452|bd0bbf6b4e5444b70bbaf04c88f5939a0fafc321f5f5c77717177f2f9440785e|95
453|8f9b35660f82be95191e4502e46429a7ffc0428e72ef8b8d78e8df9bca852e31|195
454|5a3aad67405d266966fdd79617176a0a8a3cbb9e7493f45444c955908da10d5a|12
455|1a4b83d9bc98f3bb8bac8693d6b343d9ac89a5ea0cb1d91fb5319d49f00cb929|48
456|7f013b875d01e55a62b3c717a540087a77c2832fd56b74a38c91be9b1a17f57c|60
457|638ee0c5972bf76058e03464bbf53bebf91fdea71e94e32b1cbece7e3abaed41|244
458|84ba76ae9061a8b29d8114ff0612cb8bdd83574f590341bd5167701e685f5abe|15
459|b93d5f8a919b9264364c9727d177b0ee087e2bc36395c3928a1d12be679985e9|178
460|db717e8323e269d10330cf8ebb31ea5890a218ae91890a77e401cd6a86ae85a3|193
461|e925fa14fd6a6a178ee55e957ef08aba7f7a30e84713839c86b49cf38432fb99|63
462|475bf5b6e14216a985255436ab81185a1591edb19fcdd45f17e138271c69a9df|85
463|bbcb48a463d9063c7d05b2e31eb7979085cd0da193b735443389401a41fa2327|253
464|88a3cbec9851ecb8194e60abba351fba6dcabeba76e79ce7789b975ef90fb198|124
465|d21934f78dfd070050e34763d0771934ced9b23fc2a10288a77648f4f387fffa|160
466|3285213a64dfebb0df935f1985c11bf4f3ca39c0743b0a5040caf068fdb453a9|11
467|8665596397707d1965d7ba65d437985b8e9719139c50c28344a4da213cb929fd|226
468|ba1b031826208a87585df4cf947739baa240d9f1f06d7cf4196e8cba65bac194|62
469|e405c13dd8187ce6d2ec7712428f22141fd8be6edef242415fe1a080550c294d|14
470|51550dd9a939c4e7ef9b2f26929cf39e212c70e6b2b7ce46bc59439cd6b3c7f2|523
471|7a11b7ff770537a39b4c6c4ea6347aa539bcdc551370cce20fb8152fd5f5090d|281
472|ca22ef6d4d9f5a1997c4bd79633042bd1de3c2ebb1d9fcd7cd1b2a901930fef8|39
473|691b274757706fc5db1a4efa72b46e3a4e10c6cea3b9ff567ad725621ee7dff2|286
474|66ae4fbf3856c77f74f987ac02f302a380ee96584c1c1e0b54ff5b4687ed943a|145
475|3a2db621a27d6dec3bf6392a09144cc0fb5998357a7de044ea63318dcb17c8b6|163
476|a35552874f6fd38fe18537be07553bb7c41a59e34282a1d8cdec190290898197|90
477|0132d68455ef7cd395138ebda623e04e5a08336ab1075be57a2901c6cf8d5235|90
478|1bf9ce46e4bc71b8969c5a0cc1f9b8f0249abefdaa2a63532016d45011c78262|95
479|55c0fa5fc6f42eb4469e588541ba70bf0cda30478b7e84da3c32ab6e049ee21c|335
480|c4bdbd4ed648d4d1a09b4654b5fb8db4b3e8d768639024bdf9d78ecd902857e9|281
481|ca03fdd283ca545f5759c27f914424c1f8bc9a5698ba85af0f0c15c5e8d0e9c7|524
482|4ceacac907c174d25b9b4ef815c5471b7f65ed60463cf169ac2a33d062ce8652|22
483|332085db65d3d10e4501bd2187d773f80766128a6a9c47890b9ae7761f196d4b|275
484|5c40928785a84fd7b210240b201e0c6b317c3d9bfc7334ea2f71e6c3b6cc9894|40
485|cdee3f5e52ec38e2f9d44ba7556c068db30e87660d717980c38e981e17107282|113
486|48f81fdf1917c93a16c1ca3b0dc50ea082806de8847f5eeb79ab0f9d80b20f9f|653
487|1ca624b61bd154ef5f48d7df23964ab4f14c7b2aec8a2a5c4b95ef381feaccc4|225
488|1e043662f0d8a6781d420b0d70d323ce289f4f3803b09a9f347669ec42e64178|132
489|5b814e7da0c388de8f709d04fbe4e1d153dbaba6b3875209472aa630a222bdc4|342
490|c09ac7121731ab6b0bb14728ce00c0113ebfdbeef1feb052cefedd3bb79f0a10|35
491|cf3d4046ecc595f0e323009771ccdf58690e3527c8ae0be65574f88e6fdaf4f8|123
492|d09a249c87e13e56f77d42634249f1f488a66595ef7eff8d888c6d6605c1edf1|28
493|7d42609c73c91118d3a11ff2cb8aede7231546f5b3b9bca236d7233b5fd8d4d5|134
494|6ab02a7c9d5f2c7a87524754bcd393243d8b927481ce2ad8e89c557a90d40ec2|129
495|9fad8b6bfa83fd62fa09f64350aba0ac05360dbc27c61a0602cd0c12c6b87c00|666
496|93dee44681ba4aa8f52b611f7ece1a1a62a96cf019eabb579130b6c538c76582|86
497|f08990f1d02e41906a83d3a3f57e6e919afcc9ecfa9a169cf3cbfdab57417edd|164
498|5d57cd7333680a1c44240da59dc09d7214308a1b2b76d227e553a49283bd9bfe|294
499|ab2bd47534be07d9b4f6a3527393c322075433ef7862d30e9f7ed92d6871609f|296
500|edbaf9883bc960b7fce04f22c88b9facb0be6ed60812d08e5f6c840492d8a338|61
501|86e670857de3f46051b3f0c9966a905f43ef1b876848dab5a50a29568528b324|318
502|40cc3922306ffc6b7f2bbe19554a49bfbb88881e66fb76dca3304aee12d002fa|90
503|2de149d7d9618b8b81af583982646a6e53caae9d1c7a896837cf62a371030931|131
504|32723573e369b463f2d97b34384b33caa7e292aa3171a9c986e54d5a5b680b3e|109
505|3d1b3896a93faccce5ffc016e4d15a715c697bc0d5f9f72197374a9d12f356c5|116
506|d49228ed4a1d7cf0591eb09e73df9d0aa62d416904b3eff1019d460b38c51884|62
507|f6e218ff2bf6f6c3dfe69f544c8f07855a9ac77c05c9e671882e283bee34c2f3|255
508|cd5fe739542ba31a221da33f31d25baa1a41039ad3883d84d6940ded3afc9ce2|80
509|455a8579ac510f77e89ca5fbc98af404954ee9ed3374adf6b1a7229ce7653c2e|93
510|075a888b1bdfe5c7dc1417c17b6a43083126e046a9e3a4c7966a9e67c8ea9973|242
511|b6d31c48445cd44e1c2bbdf3e247c3ed7ab41d284f7e358a77d83dde945ffda8|380
512|6381169cbfa0ca58debabee4d9c34857e1f4fda3b546907b03466cfed264e8cd|118
513|2872fb79d6d7fe68c2be3c64c3b388c02701087df0c04aad7a2ebae7c30ac2ee|545
514|68da687dede79f2fe817ca69f3b85a24e0db3065ee42ac0c5df1cbecabc0b36f|112
515|0aeff7497d6b6482dc5fb4387b7522305eabf68cbff43d49eec9a9b23f2716ba|155
516|59eeb2f83effbf657a0628320b5feabb0b8a4085c42acedf72cff92a982c78ee|90
517|06ad3848a103fdc63c95e87f98f9bcdd3ed823618f81b250a433473498a02f4b|563
518|018386f9a68680851c2e266f5d43a8d0bb649cb85cfe384c38d187df3a270136|40
519|0ea2af7173375ebad290334b39eddd09f43f8b8344cbaa1aade0a3acbc04c70e|93
520|a286d913343fa685bde8ed7f63330c4d6bad9bd944ee605292b655e909060ac8|72
521|3637734f6671cbe4ae2b4a009f7553275cf3c6500d45b8d5c2fa0b7af4c5708f|213
522|cd1c87ea85db52e84d45785cdd232fb29c833131466a07bb9445cff5d19508ef|211
523|797814c5999e1a289b413ae46fb2a8a7683c0029346f2f27b4213b3e911895fc|783
524|a66bfa33d05b43310e077d1a4b9b47b202170da724e850916d2e0ff693cf2fce|33
525|f34b43019d6fb8724b692ed429f99bb0fe4fd1305b197b651c5ffe6dfe34d8cc|126
526|9595a48c999ccc8935bf4da4bfcdba4e6ced39f96186eb72a3123fad81ded957|0
527|44a34f13a95e2c3d80676ab63e18d2ad203924a68955cd31217dae17148ccfe5|196
528|e492f7b35285336191861c5666828316b27097acb0d1b6faa237e8c3591466d0|113
529|e973f260fdb8e2c47b840183ec6584dfe3b30892ade4c7fd756134962f8de15c|101
530|0eab7b4522263500aa6fdf8483524d2b53c3af5708ea60270035085ddb973448|103
531|1363572113001904d45b85ca766a9b25d9153003d6ecaa90d2848a273d23039f|35
532|838a58e8ca3213849788ef83d91fba9210284bdd74715d43a936f08eec1ae0c7|86
533|46bc8eb0938c491b27c7b754a6be4a2f3a28e3329c36a1303ddf59cb424a9735|201
534|ec6f05b8f70199d699571f7e6fccceabe21c40dd5cc301e76ce9439c3c685420|188
535|5d27d0007182dec74d9ccf73b1798353b65a9f20da2c3d95dc5d721e030b05f5|116
536|6d0133886046d73eb092db80f8dddcfbf53669d9059ff086e2901be04441f347|62
537|1e1d34103a31f3342c8320914d99b965acff5cef9193fa365320277da0549515|56
538|761fc703ebb4f4abf01629f6adcd7cb9bc539271181e760e573f778ac5f7785e|110
539|f263bf68f41f4ba251e8e1ecfc132ea50ccdd758dd20d531bc88b74ea731f5d1|12
540|1da1058895bfc54453c7950db4e4881877ac49ec29e4b5c4692e70bfde1161a0|213
541|c3b659f7435b1f6808283764c655459f2aca0dc42b4c163aec28fe4e5688d93e|457
542|54bb594691f933cb83ea699a7fb43bbba8605f80e6fa4467c3acb5349567a46c|106
543|3b9ff03b5f67a17827c55aa5d387a86f3e18515760864643bf91bd2458b46a77|14
544|5c33a30fb63477d21d3a317dfe30509172076885c8b3292ab9b77eda05ea84ef|50
545|cd3171b364847a6ffb3b1da92c38780c32806c9a76574344a79ac59faa147911|255
546|6cb8849f4d2d38a372e766f4663c90f80387ba379b2a88d9421b729c95ee19b7|636
547|918a7b9605e40abbfa36f2e0b34ff91efe8cfb95538ff2b1e8eb32b438d077dd|152
548|6b08aa1348856f8703210ddbb40320256f16cb09841ea99be0652887f06b855c|126
549|1497c2ca2ce6d5d37617aa4962df60e18023d5375b21eec2544e4d962252326d|238
550|cde633d3f8832cf5e84a313719a09762e9dbb46223a4db151625bedd0eda51eb|83
551|8471dbc13becd47e6e1af1f4b65caafa7b6f7f2d98ee7b7cd6590b29bfdb6e6a|118
552|052ff27baa2c7816e9cb4a1b46c5f0a01b92f80f29fa2470dc1e9919959ee518|132
553|6442b4c37fd723e6c3f2d37a805b9f14a53bbe284404ba4efd73ba4c2e805248|107
554|ac32e43fcbf756f44938514445c6805ddec6fe183310f5021d07a0ab23083530|87
555|aa85a37ebebe7989c0155517ec4dc3e0c2de058c246c46733dc2461e3140f49d|47
556|07abf421f40ed677333d9e9c013ab13b0426e722fb46a6e03f91fbd64d8f32ef|131
557|121452e8b4a289f0f281f4292dfafd4194995f1a820ed5c92a576d831e912b55|322
558|319c65dbff636019a9f4f024b2e51fee2c4b7c54a8a687d2fa4a619eddbe95d6|104
559|fc864b3aebab6d080a7ccbd81522195fb87bf781d73b00bd30e26ae69cd6728f|121
560|4c24dae9185dabacb9979adbb0cbeeb7d265113167d172897ab2893addb056fa|122
561|18ab0942679c67b637989cd17351b4b05e68127664f80899cf7a164a504b1f73|298
562|9835ffd113b27ec3ca12252fcec936a360667ce8a6134047a1eab2cd90e4f8ed|50
563|26b0f197183123d2f5c6264710c8109743162007aacff85e6df835726726c16a|163
564|71c95df4c1f88e5f604d110397e366ff6c398e16d4f319f6a0bf151d604149fa|85
565|14d5845419a13631f1dabcc84fa12d371fa1176906720ea38a43b4c311e19a7d|192
566|182df21c95a9651ac006c47c84bbf105232fd9d6e0b9d853b4c4be092b268dfc|97
567|76a87d8be60314fc0726059dd873e0ab35710c91131d8af858dd900a173d5f0d|288
568|178ab43eeb9606a4862d3ab9d537aae2bd64ba4b9623af5c214dcaf10b6dc36f|581
569|cf772100dd26f9737a9f19fa255417e34b5e7a2971c3a59a80f58e0e67f89cd4|260
570|884c6dea61953c4ca24d51dc5d906f5cff3e769d4c0bc1abac2c98ee970e04a9|0
571|6c53c1aac41e83a5627028c6fbd97f4ce348895573079aead40e5453666e17cb|750
572|4f3d98c2d480f097f2294df1a1858fd01e4e3cf537be2eb5108f60111df519ed|64
573|e4628f2a54dc1656e0d95fb29edcdcec4b8ffeef5cf6a92df2a2a5b6489a8e76|155
574|386c5c1e73d796e0ce5839a96110ed5917cadf20bcde4ca16f07d1152284c818|77
575|28213dd6c68e92fbf1a7b8353b2baa51a93c0048370f7a94069c4e84acd0f339|334
576|070d79f82a22426ec091a4666b3facd5487a1edac90bc8b1fbe22fb139f3334b|37
577|9366ea10490d0af4c59cc849848fff30b014f2899521b226deee33db0c2c3cab|153
578|70f8e69becf69644d52004efec40616b8f106e9b0b2010eced839c85791f0099|45
579|b080ddaaa2bb97d547136404875c111a43b445603af2b0e6e0b74440431537b3|154
580|fd02a835b3e6751ad86f3cf930c10dff235c41a5499ca93f9ea56d584b7e503c|90
581|c6233c184328608ece0dc34e3c3c44b2644ac91f87690ab841326f565a4c3d9b|144
582|c6befdae29bcc1cade5c3c0e62e3b2b61f35297fafa22ff286d37fcbbd30adbf|96
583|c1c17388a1719bd62da1c6e6601ed640a843267f11799b158ba620402c9c3291|811
584|9bde460b81e7316b6c5554a0c24e9e2eb0d75475c836148a528701ccfdec5dee|140
585|3375d30657a6f69354e496501618e1e1f4cf3a3b37e5a2e9e1a01ac535a24df1|192
586|63ebcebbd82fd2c045d31732ac021fdf08dc1da984969f1577ba964fefc16522|126
587|27d6d08dfdba850cd23b508a0b49725d4a9f625734752ccfc9f9d6d5b5db3edf|355
588|aac9b349d988bd7b33776b7e67b4af09492177fede5e8c3cc024ac4b950ae369|110
589|acf55d5ae2fee9e8178011f6ea665c0a37b5ebb04deedcbbfd5da3952098cb24|26
590|3825bb3a91031a4dd69a41f2b89fecd5b73ef738164417bf5caa8b6cbb84e52c|79
591|f9aa06985c71a7482e8093dc9e3ee69a064d38ba166c9d8a6dcf07e69a534e90|81
592|1bfde3a06fbd36b1c34de6357506912281cf467bb00ac877fa8e42ace9e0256f|8
593|dd8ecf1fbc63121c5fdd5a1d4f14cab8eb6f58c19387e7d65745076e34c0a382|154
594|89e52f0f1099a90e8910b8ac1f8f32712385921a431322619bdd64d55459f1b5|79
595|eed97aaa8230d5859adf5471ee1fe541b24ef69d0e7cdf783b1286096aad7332|214
596|dcf7a4628d3af33e7df1149a5f39202fdec0e9da367337020603c8a52cd6d63b|37
597|0b6fcca08ccb030424bcd5a23c571304f338e9704774c3a0565a3378c8d1637a|45
598|94e97c782170672084b1457e208dfe524bdf0a00f461bdff75ce001aaeb311de|81
599|f9da78a6fc2e38b8860d6bfe9558e9c79798511a7b88bc185c8315245e241b9f|205
600|c5c1a6425644c82d88d3001479b7cd19e2bdf8fc855b2bad99e1eb8454eb0418|127
601|b160abeacbb0b3ac07631363036a946fc2cdc53d44ce2e62e32cab8e1059337c|328
602|9b6ee0bece19fb34d3515c09127d069ac8bd0e4ef57907f1c1406164d34e660b|88
603|32e4783f6d41007cbf8af6c2d6189dd6414f72bcbe14487c5effdaf121c22236|278
604|5714edcd0315521ab5aaedd5c91f1d08ca006e20404172af451fa2d4dccbbfc5|123
605|a95323bfb5df451c2af227b701b6fa5d28e8933f7921f344f7f97e9e07c09b0e|645
606|432de44713e02b65c7c7de6e231a576fc237ae1f37f18a625f774594b558b7b4|74
607|fa6b987b1856aecce6b3ae0ced533cbb7e9d2d86b736ed73e1dc1c82ea70ef47|100
608|91d26184da1d624730860726674dfb63c3ce1ee6dda11cd4db0bde596a554e0e|41
609|a31f3723e5e14b5495cf5f96d0254f7d4f9eb7d60babf3dd0a0641311821ea34|365
610|39d96f033bb152200bfaf20c513ed9bcf26e94da96f541a0ee4e2794fce3ffd7|14
611|45afd006d683c2097c4510be4f2dd4c5d55c8d2555a9e8b0d9443e1039cd4d2d|51
612|dd3afdf908a42327672ff72fb980cee78fd8abd7060d732860933081eaac06ab|78
613|c61ea6f70d929aa3eb1d846ae04e441e1b0f9757998a285f7fa42d9cf1a09929|1
614|327db5b56572b8fe0d7af21f20fd0d07ecbb775571999c56b99675c7248e3007|23
615|e84a6854b0afc391f1e65b29bf0ff1b815783cce0c9a3c3be5f187d1611ad8a7|90
616|8536a1a58d1984004ce6342d19427b135524a9159a720ddd36963a2152836d5d|54
617|088f6f45e71b3243f6bc6ac08a261cf29128584cc8635ea86b37e211c50c91bd|312
618|313d3111fa1219afcf77817d149ce171c72d9d89579562d25b47d668b16f00d6|109
619|9c1651099eb6ccd9d79492875b602587a6cf97801292863658ecf80cd178353a|463
620|4ce71705ace08e61fbbe147b5de2b587fc97cb59ea0ca854092f9d9bb497b742|685
621|d1439a753ff7ef385335b840dd45410aa9f53abde61cca69a613723488cf4e61|354
622|d336a800d5c2632609d68d16f1188a6aad79446ec1d699429ec7f40b8d7fa1a5|74
623|0efa12534292a6717eebb3dfc911cbc932fe3966ba9037f40323912ae1ed204c|172
624|8e438b22e785552af7fbfb696174ad7f2ad9604c239745a96b16f21e3b1b26de|83
625|050e0c506f59c9a2f3d0b02ccc51fbbc2a7b35aa0a67e336074d0669dca36484|279
626|287dba091c341d384fc7fea5446e041547a8a74ab978f2399700ecfbbabd464c|51
627|81a05edbd6cde4877ae1ed4f20c8e1b32a4f3d5993791483b0a1231997af9cb8|333
628|21a6f5ee517f082e23bbec7409e90d8da4062da9bb72a61c75940db120fe526d|62
629|dafe661c329e4ccb2460b926237bbd5a5f07090012b4eab20a67b3a1f8feb60d|195
630|05249c39a90dea90f3776a952dae0e82180c4404c155211608b9a59ac02f1b48|70
631|879fdd3571b5681766d3bcbae79e73c9aa230e0dc81fe70bf699c8b119a2f018|621
632|e6fa82b1e62f224ccfc79e5a159ba7a86de2937662ec307269435c4b6e41697d|208
633|851411d6c07b0e59f17f11279c68c8caa3a78a2edcfee653ed46b2d9f910f385|266
634|ded3da4257dd366662d57843298f78f8c0ab190f40dda81706b2e13fb6479e53|103
635|8f31e1c9ab23594848012063b938baa61384a3051f28283a2f8da373378e04c0|23
636|ad0e72695bf5e063ff2f24a0206fc94c0318df3a8f0179c8157b4cc89c41b61b|274
637|86c057e01e50b8fd116351827bd0a069528fe2fd5e79f869761923390b9aa7ce|8
638|e145a3b5c9d1a4b1a1495003c245fc88e3b3e1e8336fd9e36576b43de0c53ba2|85
639|208884eb81ba10fffaee03a1dd43f9685f63ea1b30edb4d865431ed3f8ade2d2|63
640|05bad7ca6bb395d9e3832ceacbc812c4edf8e669fb6b24c3881aba0c063e3dfe|125
641|a6abfa97f0dd649be0da771be0b2e9b81793c198ced2823a594311da5b2e97e4|140
642|79f4b679748179121c257406d4efff080e954bb6b1fb1b16450d0061696dda45|4
643|68aa255d8c9521482c6f238b491d5d1635b720606357714b1885a8ac8a59eec0|272
644|1fdd89a7da8aa275f68ef8afbaafca70735cc4394c8a574bd5615a45c92a8128|205
645|7a585b4ba9e76877c8509ee221aced62aa2411cbebd4bf6b5ab96dd9ba3de0cc|51
646|9a48e854a5e324fe9382084e348fc99bac450f607c402983b4c620e3eef27ed4|88
647|f71eb63f21e2ab3d5deaf68cbe61b86e0b92ab6296ab2c0dd5c12dd6d91fa929|133
648|62750cd5be37e8e9783a1e26d070e0edf0ab1d414887a8bb0bcd10b188441d8a|48
649|fb4293351024588c4bf430dbf77bb2dc775d5497bca1d34db4c857dafc0a75ee|127
650|be0fb7788ade5b3452261750260ca5e8fbf9d554efc5e9dc16f3e83859d87119|20
651|4decdefbf55c40b135df458cc7f17d6cc549bfa19166fffa2d2bde7b25414af5|130
652|8d526dc212c94801fa18e307097303e7e5fd34864f646859f66e96dc1f818950|16
653|b7badfe0ca1defb5b82af5128e79b479fc4e29ad8563a1f007881fe69160b1b6|245
654|7ce066a82a6c1f9ac6bc87e512d840c261f951fb246201a8be6063a237d9014e|114
655|051d55bfa8533fb464116100c280dcc8f2ac9a2d4a77a06a149b8ea860cd1f94|28
656|59ec6c02c689bad35ee9a26f241b35523a15e2e8aedce7dcafd76b298b1f6eb4|153
657|e13b7992443eff4eef6f6f5b0d0475fc723d86ccd9d0114875bd1c5b4fb96939|64
658|50b7a03662d41decc8736fb65f33c5ddc0dff0bdebe7c27c4ee654ed785bb106|62
659|92340207e751aa57aaf579d099d810797ca6ca54e7674cf28ffb58f001b2c312|17
660|606eeef4b687477a0d2fba743ff9ceff006aeb7cdf049dbc9c0e6034b61926e1|67
661|fa2acc8cea64278728f123a52adaa41be5447148d49f39a094f6bc3bd9314d73|8
662|32f3b450fb159a5d3a0f3fbca6abc65de3dfe74824147e335fe12c986a319c46|25
663|14166d6f10f7d6ba5cd6617d16f5b1297355bf4dd8da34354a068f8aadb425ab|343
664|2b4de4de25f388a55884f270d5fa694efa509f6af9cbce8627b3ea88a53c1cc3|76
665|8822b35ecd2c7c5507909c55d89f1bf1a6eeb5b5086e7cc7131cd687a0b93903|90
666|a56876712ab086cb16eb114c8ef1c7b7e0f1bc8d974ad4b16f12bbe1f3bb4c41|609
667|c61cbaae288ac260f63887324f58bb45c936ae22fcb1138fa4637823b443bde8|191
668|ecb4984fe5d40208281b262d0a21c157d49862991fe11e5773227bbbb8a14947|104
669|7ad6a2ff4d11d741ab11612683509b6f94b3a521a1f39893524051de410cab4c|10
670|f2474596ec45a654c9032f119961c40b316eab0bf58a455c1c25db72586537c7|152
671|52d1454e877a9503b567564b76e868c07bdd2a52e4fe26de227eb9b694870ec4|388
672|add9b1588a7e22021652245f63f0be954d0727ae16a6e9124b639c37b04802c2|86
673|6d39c3c4630c2f3f06bf855c6f598483db8dad813108a58e4863cb613351849b|380
674|36b479bfeb8059899fb1a18e15f85d559c437206ae525e52395ae6cef82abe24|7
675|3bc98b2a7f5ca85a156450204c338fb4cd6707a0af718e995cb612ffe19241bb|43
676|7cadcce56dd6695d3ccfc7f43982363feac0a1a0c524bf62e621f52c1ffdde87|326
677|527573e96e781e071c0714cf67242e7edd45b7b988835ef0e162333ee0457885|427
678|fd5d18865047df7f78f1a70f4bc69b7f77f328949cfd3c286bb3e7b62afe60a6|66
679|70c3d1e0a4fa35f0f0946fa5a47eebbe08f8be1859f36353161ea709c681726c|185
680|647f3c662a267d7b831b35358b2d50e7c3345b86485ac3fc9d5f722ae28a0cf3|61
681|c7dbe0144104c6c74d1dc094e8dacbdc7a4b9333e28a61e86806566e8b405ac0|642
682|8f03bd7b7d179dce61e088a8f520727b0714889801ace0595c043ab66c6b5f7c|131
683|9121b3dc2135422270253bbac53cbeb72fda3bc10241abd5154645445c2322d3|573
684|52581ec81bb3b39286dbc6193308d0f19256421c3a990f1b953807ef0849be03|125
685|611c94b6a3c0f72a59154dbb63f98cc68b912a6ccbe8fe96a42858e6cb7dde2f|33
686|223343d2ff0c1a9451ea7083e5604a267f0055d8a449b82f040a64598ad0b47b|119
687|38366d9152043de00cee892e37197d5826189f84bddfb62753b08d4392494e3d|746
688|836b3c480fd9d6a229ee65fd2df4005a9303c2e75d939a69479c3fd990f5b695|70
689|11f21f9cdd2caa005e39729c001e4316f6d52b66bf08d41a0856511d44975e84|81
690|9582d42a8af87df58d73bb4e13fd29158891c65eba444c66405ed418ad65876f|115
691|d1a1d7894ca9ce0274f1c43123985c974e4e46e445fd6563b5b43f432b5606ca|370
692|883d858e64f24ff94b34046b2c65b68f872e62c929d8a4d03a17a2fe05b89543|84
693|b05c731f23018e3b26ceb2ea3e7156893e2acd43a828d852ed38bbbdb2bd1566|239
694|73914dabb46093d60c3e1e6ccdb44ffece9ccad47630537a4ddbea2ecd595725|76
695|1b2a13d6d5fe5056419b7d5b0f75e6104d7154e88c25028ae329a02687869620|92
696|ea9d997fbf2bcb4001cca0a13a8e1bca83af7bd1dfa144649660a675c5cfc554|58
697|9ddb954f72980df71db67e4ec1d7cdb4a1dc3f1cd792b00a0f3d303cab6ed1c6|119
698|98600e9f97b62fed7adbdea650d7c06482b7cc14ed3855009c963a740753d0e5|97
699|945e584eabf4376fc7e4bee0bfc92e55f591c6ce25ae81d01959de2514bc70d2|197
700|4190f037e6aff91adc248eaba0f81ef6682f1000c7316729319ed10103daf791|432
701|33b8a7054ed5bd329af034380103c27cb4b86b13059b99e373d1c64798c37935|334
702|b4f257e150a195b660418f37413245d4f1f8f9c1c3a3b3a938be0e1f60037b69|29
703|6551a2e8cdddb93533c4ee283750e040bb0da4abdc0162c37e0eb710e1343f0d|250
704|cdaf507836ba3131c43c757eb34a0e05713da044154357c9aafd612ee26d2500|31
705|5e6c2c07bfc5693126754e3d037fb5826caa6abc3efcfba4a666934660a2bd68|37
706|881785b63e3525f76f83d017d0ef0b00e131b2b052aa11f323815edf46fd53e4|20
707|e6ac48f7006635b6ca514fb8e63c6dbd3c8749fa4148032ab2677980f2205214|340
708|4cce6e70cb7b22b70eb18de993ce5f595980ec2463cc34dfcd1fd34dba2169a2|140
709|de61feca05786d92f2b2a3820c13d2bf6c74751e07ce1de5ed5a72b2ca145b76|146
710|399bf458fefb3d86d77a8e61f1ed49ed4909df0b2a67f10515ae041a34b2887b|74
711|701b7ad69a9243e3c17e7d7e496469ae9fd036952300793cb0349e290df37d81|68
712|3a13b687818768ee1acbc7e3da2a6f11ca12dc8bf07fbb9982549883e2d069ba|109
713|4e09426e8460f1399d7269c648b376c911696d22ecf7f94ea2808fdfe45a5f60|707
714|8c3455832a29e32ddbb34557650421ad58d2213f111c6b6d1623cabaa68c8f29|72
715|be26fe2371fc6d9c461bd309d4491e5a53ec89cbda0e8ff22ea57ed59c177d45|215
716|9520d54b0e754994a1fa48a5ef463e46b5d38c9320f7817282e7a78b98e53575|39
717|81e93b47fb10fa1db51b3b66ba7ee0be59e9e0d0d96d0155a048b47cc19b06d9|403
718|b7e5373aab98140d6f28bcfe46851a235d30a4febc1f708a3595179c82baa90c|108
719|8e7502519797df78965cc92f14c2d4e8c924b5ac88adc35633097cd8188016ec|101
720|e6536083433b21f44dcc85d60c0b4e9fdb6b7dfd1ffa1f19c4a6da50ff9a3a5a|2300
721|50bc889918c5d329541d7a9d2eb0c5830c3fb25e8073a8604ad60033683e241b|2300
722|96e4968cfd7462bd316c74c255b53cf40795a4837488459fe17c3b6d1828ebde|2300
723|b551664e4d04ef60e02fc9f50954b71e3d4b8eddc8a4f1b99549f9f2f8405767|2300
724|ed4a8bc6d3ab294ee4753818960c3b35e15c8d29d5a4a363268639d3a351721c|2300
725|e8c0d407d3d6e8b7f4b7957f1ffedb3ddd13633982e251288b7fdfe7367dafcd|2300
726|d6019bed5207dc91259833dedf0d3d9c40e640091cabd09852b1cf4de0f84633|2300
727|70b6a2116233cd056819ca139096223f560de410121678ed6ac3bf77349b8118|2300
728|095abc8a79082859e640f4887d5b132a41bd95ecd6fa1a54d1ac5a989804f64e|2300
729|d34d17c06847fbc5d37b424b1d1a442d637e520ed4afc3c4b23bb6492185c038|2300
730|9c51dcfe1351bcdfcdb7b9a76cff3f2a2fae2bffcb25c6065fe73b4bd1183c89|2300
731|647879a00f255df2bfacb2856d001d92268cfe66fbbb944dbb2afdc7135d8b1f|2300
732|25b556e6e81f5e28eea6d45396504669278ebca975f5b981c4a68d1b91081f0e|2300
733|47108071e6deaa2dbf65ad22e9df2226c14bce42a749dacd2fbf51cb6972c268|2300
734|064e259717d842510fc31c5ee757eeec0f3823e10b6f00e2b284906ebb0d765e|2300
735|e5c29ca4819557302e7e05c4bb5f6714b42bfcfc84deaf4917f8ccadcef5917c|2300
736|b53e9bbb70fbeb6bfe9b86ddd92f54a1572d57b9b6e5f50a50bd3f47f6c16c7b|2300
737|ed8f2c999b716517633228b5a12fba950cfaa1abf7b8a1a5947b72e4eb29286f|2300
738|a4d5e8ce77e194f33fc80a6d3c257b9ff5fd85345da1f76803813455dccf8ede|2300
739|b8390525919aac846c9ab2df60bee1d71c32c97ca019133f235f8472387c08c9|2300
740|e45ff9e21924d16fe74c0904ec00c96b9f95a383aba3024a770b9c09badfb7e6|2300
741|9c85f192c66cf7c1251707f149ca73214b66c5a5b68fe7f7b193f96967922c18|2300
742|7fb1df202caa3409a7166daa2256f02a0a4cd07f0e8946a36b472fbe3db17996|2300
743|f6c25464c915c34fc93b2e1d97482e277bb43c078848c2b05e69deb42c29b1a2|2300
744|dde0d1f7f9c16e95a3746d1bd92894c252dd0b991549f3f42efb230f2c0742e4|2300
745|21ad6a69c39467abff6617cad1b2e5e9115fb4473a62e2762f4bc6bf1b857e71|2300
746|814119dca33c705e74c21d2b9d01883ed798cef865d4a05e0a606d05dd04b214|2300
747|627af9470b5b1fc5b1eb5dad4ec9ede5e0bb3a3f9e24658627353f45bb1c05e3|2300
748|9718bf3b629e15652aa13209bc1aa4203c2c635f59648867989ea3dd54972e31|2300
749|055068f3af475f10c37c9026ae390f8f42bd23da2f7ec3854d43ed87e00385e3|2300
750|bbc243d4ccaedb5c1e3a142f06cbd885c669a90a5da3b84e7fa19dccb8e7dafd|2300
751|1c604a67fac4cc4da99ed9de6f1fef049b3516bb5dc83af5939ff5488a398b88|2300
752|a1dfea23226fece3be3626ea1d5f0978ce97f9470063c950e3d5e0850dfd614e|2300
753|f6cd6b158ae67f838bf40b5e155c84c0a0bc9c6e9a98eea67a3bf2bf1084663b|2300
754|6c0ae86a49ac5a69ab2abda4e75ead3c864e06d2068c11837691921a87613b1e|2300
755|1c83d8ac650b334c9b35e4539e0aab0f1940a9ef1d74400f90971466d84d3f7b|2300
756|fc71614574532bfcd789ac705fff839bcc66596a324deb3b4b16b86c682280ab|2300
757|aec4793db7e5314a4bf931f169322bf8626ab40fb2b2436e9e5bb5a2a609784a|2300
758|c644d266bf9939a1561e3e6aaeef7209483a676b1a6c3aca9e902f83e468034f|2300
759|0d1e6d0b61035eb2e378fa693bf941517266630e16048d5673e412b62562c3d6|2300
760|228ff9559ae286f7939cdc1f29d12f109c6869c7ef7cf6432842d103c36a476f|2300
761|9c44a322f4669ae7093d999033ebc1c42a615d798e204358b5940e937861adb7|2300
762|6a9f8a33208175a421638d3761e35b2177a9feb5c23aabab05b889f5226ea0bc|2300
763|aaf09171b486387e57236bdef033ae2132f0b6f23778242a33403832bcd06e29|2300
764|e57d488ea6fb9ccf6ccaadb6f0f4319cb09b5b90c43389bdb7bc2b4fa6346982|2300
765|2708e9427bda7f97f89ed952e523074c3f1d4ae6c40edaf70f20e0b31214fba4|2300
766|ae8ba3536d3b23b0571d6d45c3f3ee6bd21b70dd9ba2cbdde6221e4c3f434b27|2300
767|d4ef64e8c63aa8f5dc4f41719f1fdca15209e3f4536e756a0e13352a76db6f60|2300
768|def57af3f4c7f0cd78b4cc041584ae20992b1749bf4de75a197acbff1e452bb3|2300
769|eaecde15d9ffc71b8c59cbb639708d6a3203aeb4f10220647d038f3da90f76f4|2300
770|8cd79caf6d3ccd47a827e8f22ff308ad301f0e448e12b3c1852a9176fe5455d3|2300
771|03860db2bf5b2ededc5c378f9b6fb7be3c9f38020e74e45be9d8ce8bd83d668e|2300
772|9396a74a608e21ac953533356b1a4a4c99125dbd4377fc272b3f442597e60782|2300
773|9286b38c155158430a09639de22bec25c3842ba67288ac8cbd4aa2120db3fbf2|2300
774|08d4d98058ad8c0cbe79faa95e936e7ee49daf5967dd3f1736c38a3096eb3ce2|2300
775|14112d144dfeb506a203d899cdf802f95c998192b0cb44a275d6f593a6a1e381|2300
776|1eba1bf9385c3e06288ce3729175f7ac523c2a053b028c86ca4c1dd0d769ba77|2300
777|657c0b7fb4f03b8a848cdbe07f91fe939240752d145f844e6c0a17d0f0128bc3|2300
778|e0df31946c161b07c6e6ae633803849f6f0be51ccaddf9386a923681398ec7b2|2300
779|d75ee9edcaaed31929544439bc2629a15aea595bccfb3564f7cdaf894531b08a|2300
780|82dfda2f2a81897e6205c6305568b7e180f9703a823a48a61b85bc85a4457335|2300
781|af2c5a1668481b95714c2822884a540c730082e7a2fd370edfa330b7bd4062f3|2300
782|d912925505c015d57a3ee117854960b83ee5037b4e5b048cfbbebe81b4b96e46|2300
783|c70c7d1d04783ce7aaa81d43301a8b8e3ba01a593e334a4465f496810575ff5d|2300
784|480df4876430e83acf3d55db1b03ff19fb23a6eed33a3677b97db5696f3aadfb|2300
785|cdbeda151f3742b6af460cf3531bc83799d0a96672ecf988f23492d9c8275b47|2300
786|2d42181d46c1f6e67caa5fccaa765e83a14c348621f7034ffc27021fcf8e9a9f|2300
787|f9bf10ed7fc7012c49a21e9115445d07c423b6d72f85a612cffe400661a5ff08|2300
788|186175208d70cb1dc7f8460a9b8752697ddaa6c1d355633f226b744aa0c91727|2300
789|e9d87c88b42d59a5abe8649fae5627ecd4281409d5c800b487ab0c93c562e9fa|2300
790|fb8382226400ca3bfb273b7c10847b73a58dfc2b104e5d7d4ed9b129e8685d97|2300
791|45b16d4318ab3dc19049137e93501b16ad863b916029afb0a86c803974652088|2300
792|3578e5afa253f4339384be692ce2788950205f804ed46e4f1f79ead7ce0d5280|2300
793|653cb145fb65a4856dec986bcf0c0632b25effc1d5105aa6c0998f8f4a962c01|2300
794|04f3b1cea8846b674e5b0b3f7b6d341ceff3dcf2fd00b432ff9b1b7d37332cc1|2300
795|c380c26e404f9737fd6da0f69f2c35daf168107d46bfcffa44f9c1935b383ca3|2300
796|0a907f3712ef2db920ba32ee7006f292e8f7c14b4f59c1dccc4e7c495e0ff8ce|2300
797|9134ab5619db6448c0d687a30aea7196184f1822eb01e0c201c24a9dec792f8a|2300
798|4c29bfbb05386fde798ed36bfa6f806c7037d242cf878ed2e86a9041947ec89d|2300
799|a2d4d23c59cf41ddc2166f513e6a852748c20fc25cd137b6e08abb470fe3ef16|2300
800|3c309e182dd73197dfb478ac57390c8c24a871cf24401a8e58ea6388bb38ecb5|2300
801|4381812510cd1db9f24b907b15f4ce3ad508bfa559d23b27885522a2a223d6a0|2300
802|f62fbfeaf51fbe5e8f1d7c1cffbf0c4e9652d07c3beb131c40f70ea6c5969558|2300
803|98697cddeaf8950477520afa830f7228c9cc22dae429d5ae055808f1ee101343|2300
804|1f338bf2a9a4dc30a283c7120f94dabf5defcdc7c60769a6203e5fd28be74486|2300
805|6b515ca0e281ac3a511b131a2198b12a35d2b965d50817bc54c9e55033f5a96e|2300
806|e3241aa455d14588b3087808354e0f0916552a254bc82d3592970e343bdbb08d|2300
807|8de9a32a16e451235211fd048fa4ad19fff9606b33f0bdc00f0c4e74ea6e5ff1|2300
808|292d467048c9379224615d616e75bd865c5244573e4ca15bd1a73405078938dd|2300
809|8c93ac681b9f79f94cebc8feb562ead043cddc259a07559fff372330944b9d30|2300
810|4b076db47e7ee51a70f08f643c0f730882ff57c70ac6197efd0ee178dd37f5f7|2300
811|78e4ced225cbe26537e65c914d25c40cd13e37d788c1d6fce0f7b4d65b8cd049|2300
812|a88edae675ff63d37791f961975c25807f789e75c0ac0b8d611b364a2f31a08d|2300
813|f1f576858cfab80483427faebce9d9438c9374b087e9a257f55252c38d111a25|2300
814|b35166c4d16a5d3cb867e23be5ca0c55ae81af589ba1a514f57b909db258e4af|2300
815|668b76ba1bb91b4bd6123a3b3e4cf7c1d977809e9ed87f37e80f4c268fef8919|2300
816|9c0cdf5c553a9ec9987ce03872c240872a81ccdafddd1ba47c7bee4a4b2e6845|2300
817|cb73a7e80f10fe5d1ae62a8c8aef7e4c79ff84e0a0aae1bf0a982afd69e7d9d3|2300
818|0f0d3f057e6fc2088e9438d56b997d001e416221d7a94ce6b8676d9ce6db0c11|2300
819|8e3c2ed35852bc8abf56d46fa72a0deab264c9d66496d87203f2ae55023426e3|2300
820|f8c0936dea4ad145c03352548f2b928adb0be7e51ef2fcc007969000c435d941|2300
821|f6652ac7322173f6f6a69d37823e51c138a273e5d35195e28e2d9f84420d31fb|2300
822|3ac660b01fc756619bef97600363d766c4bd06aedc6dbf421d44ee92ddc34bed|2300
823|f918cce55073f9834bf1e9db0000d4fedce212bf90ae457bb9e49f8d91d58b17|2300
824|e426258dd1afc0ec8cba48ea74618db1743202cd69b0c592f55f7bf2d96ae442|2300
825|416165bbef43fb9ccb02718d03c58a7a01879569e5b7fc60991c59da704e74c7|2300
826|2cf1e66896292957d9cd1fee68d1428e0a4b9d4506a3038e06798ddfc172b20f|2300
827|ab35a950b041fe4a56b70e8c6c01823259183524c2744f69eb5f1d144c278f05|2300
828|fe095aa10224e6b576d8ffa980e0463d4e33b21a4d1ab0f4f9e0cc936bad25a6|2300
829|25f3b998c9299c112b1ad931efddb544e7de6916807052b80d1256b29ec28c64|2300
830|8c52b8d7bf649a5d7fbdcb8a4f9c9b78a7c119d03f927531b23b8dc283059309|2300
831|c5d36dfe2513570698d68a364bbda06753e621b4c89a47487d29d0f67d72ff7c|2300
832|0c90c0ed7a4ce85fdf2fde21c2edb642f0d81bed534899698e11f1dade2eb7f7|2300
833|717ecf4802f827574451c1c7838e9aa0878213c4eeb17999f4ab5424e126aeae|2300
834|755332bef6333c3ab20d5204cc17ab6dd88b34bbdf31e55305a91e850ffec6a5|2300
835|9f8515dadfb1be688b172f874a94ccdf600d8168bb3ba203cf556e3112438830|2300
836|379f7a5dcfb7973504ea0a079c2528c87fa0c87afcc41d9ded128ff1ef3bc414|2300
837|a478a130c388ae91baeb17c8eeb326bd0985dc7d652ff107bc1e190f80969883|2300
838|1b395210b4b66772ef1fceb64cf38b1c68b8d9996a5181d36bf92c7f0af4ade0|2300
839|05d450dd7742916d65bc2b978f97769d5aa61f1fcfc11af9916b9d7a62cc68f6|2300
840|0e384a1880b6122362c6d710577bffe4984e0a7c03203440bd06eb6a2c178409|2300
841|a4c920b12f767cb657b0c4b1cba44044d5e699a3cc74187c95db7ac53a746573|2300
842|fa4f317292960ea2f856fb9e1137d0ff9bcbe58d1eb4668f810086bc9ec80832|2300
843|a69e83536912a597ae6c4e08fa1fdb2a9c89bcbca214518d094e3990fd09e9fa|2300
844|ea5a8f907c06ba18530a906908bf152c690c744c8b0ea7be7494346c6f1b35e7|2300
845|dd4599077f16dbc85e170fa2104eb45342372f4036a75800c160694baece0450|2300
846|601b0a7ac04ba2eb01005b63e16cf8e1e312dd6dff5dd2066120245fad1cceed|2300
847|784b5508f210c117d75310f202cf83ab1306a8c457f23e951fb2102c1ceacba8|2300
848|389fccf5d34bd4874b18491add9793a3ad605badd80c2df01ef79cf1921500ed|2300
849|c3b4d1eaa72366f3dd3c109c6cddd757f785ec194e91837395d7001049d71bac|2300
850|50a18dda6b9b81a18cea6b279e51060411128bef419d466694965a1f2a940111|2300
851|3b27e255df4bb6e80488473280d97f578a7ab1d96b84b3e37d831fdb1fd0317a|2300
852|0e7fb3fc4a1994ef0a3af890ac0903e1599de2055d586a7b3ca7c8b1fe925f5f|2300
853|1aebf5aa057feac20dbe8ece075e89c122990c7a05fb41d7f5593fc487cfe0d6|2300
854|b396703e3c3ab58467cbce818e652121241e65bb8911bcd9dbbbbebf74637281|2300
855|382935bcd81ca6f2b595836858e3a29d6c82eec4ff4071fb9d6e39f9235b930a|2300
856|ec45f89ab2726833c1d5dd80cd7e008636a80483f451602a3ce1f48949ce9c09|2300
857|95c9fc694a75b60df9a8e8f3ff262b5c4c2c149dec99deaa8df71ba15734d6ce|2300
858|bea3a59f902fa4484535e799063059dcd424baf073f5ad7103d783261e703b5a|2300
859|e44379d967f3e2bb9c712462162293eb136707e472613b8fabb6590f426eedbb|2300
860|6c3d9761a8ff050d29d85ce11ca3981f917139201526e61e6e3e37dfb1b2f961|2300
861|7803417ce42bc96c76a8234c55af4f6eb3779b975cb14831266c401e2e0dce83|2300
862|ccfeec67c582623d1b880a38c8e4c8a8cb74f251543a78fe00991cdb18ca3c32|2300
863|f3d0fedde39021708aad6542cc217bdb324c506468f12b1f5d044f88103108b1|2300
864|b2d98b3c01bb05123884f58e2dfea0c848cb132e88c2f96e6376f8ba5d427c3e|2300
865|ab959ccfbea9624c9a1853a8ba0064dcf0b3d67df3c29c0a3a1659a06ee556d7|2300
866|98755b339095b71816cf6f857c6e64d5ce4ff4b9c2b7d347dffbb3a726bb1e71|2300
867|8b0c586b75e08ce8cad41e7fe74835b199a0044de98b671a3c032b28d221f444|2300
868|c8981aa08aa941ab2bb4d8cc4c716ca32c59bf7bf5a6cd3c8ff2fdb699957125|2300
869|4be0762ae6bc088765c21d71d69b174150cb0350eb47e49bfa2ce3be90facfaa|2300
870|9748841d92514a72e8f958cd70b6b73d2f5fa072bc80a0cd5d88b8ee46a0b871|2300
871|22a6c4ccc2474448a57e7b25f0cbc36237e43ee0a00ee402d69a9ece4277f56e|2300
872|648a82136750bbaac88146b70701cc5c26bb96dc6f22a317157159db7d53c76a|2300
873|1a3ee37df6f7438b35aed9381022afb8739ddbe840ca34ee7c378d2baa66f1dc|2300
874|22ca530410afa5094ca818154c803d7a1e38ef3af0f6f5288627af3df1e095b0|2300
875|a4a46856ec7794b4cc262f2b50480ad9c4e9c44710902fa9e3bee8607a7fe00a|2300
876|b3c2406c6908a845c54c450c4b1a89759c338e3ce4475abdc00ee2c206dcbc40|2300
877|4c96c25c035ae74b251c7621d5ec40611c6d8ce5b6fdd525f8942e62a7772384|2300
878|feb950183c50b516d0148522a82ba3a01fa17615dfd66708a60f58d9fe081b20|2300
879|e51f83d0eaeb2e634b9154b992f00e6facef031556a58da7a9537d5f6f0c225c|2300
880|9feecb413dea8f2a0a73a589d457d93f5741bc0300a5e0645dd37e780312c190|2300
881|2cdbb7c8927247a9e02c462535a956140c17769b531ace0df5655beb5deb8f19|2300
882|c2ee81a835430e71287337d8d2452c36c739f5f3eedfe076c9d6e5968da9da1a|2300
883|a5b2cca7aa96ebc9e551aee8dbbac08fad10a4a261b0d127b69b7a1622a3addd|2300
884|5e4e2255f77fc3ab392ed8561f033d56ec5d30d25e7a252e782e21bba9d7feb5|2300
885|6034ce1a3e5fa153d5400e93a31b599cad435007faa58e912a2ab58ce4871cc7|2300
886|a9a62ef68d7df91fb2410b8b91cf9d06aed2966d64f9d0f66cecd4057f5e64be|2300
887|fe6153ef3f6e0b88c772f045743d4d2ca112272452b7ac04d40cd586f34943a6|2300
888|008032f5f70fc7d51f5decab384a50cf841b913029eca6e2ce418173872bd8cf|2300
889|e6b7a0b86f8ebb04894aef6afd7d2c0ae281dda1922f957743f7db357519f527|2300
890|7cf30e9fb558f11f3ee2c938bfc916f1a6f7e6181f3f56c09a01809c1ba30870|2300
891|79b7ebc452f186045b81ae00d66ae8d1e539a08d3606ec1e865e75a606caac88|2300
892|7aa207fa15513b9896efa13040c8d0904fa7325e1a0f1b3a134064e63de68a70|2300
893|9fbb177134dbac7aa77fae9255913d59c01a3bd308eeecde58df0d2caf523741|2300
894|4c8d1869a145cc78eb443b2bd3723691bdf0f5b760c01b01a7597d0eb1d73cb2|2300
895|7060924c03cf1601eeba00ac456dea969d92510fadacfcb1b7058446e095b716|2300
896|dd0c43ae3efc4475ac55d4bf745ae4f5a1875e6d8914fdc60cd9eca9eeeb065e|2300
897|9c6c8d35251b4fc124ba63632be3f77ce35b432b450bd5f74537317f09a2d436|2300
898|fd688fef2ecb9f3d08641a022e17501f874bfb96f18a48be51f8bb0f90f6659f|2300
899|9ca24feaf880be76ee69f8614ac9fc154f99746fd472ecf491a0e8734270946f|2300
900|4ef57a5cf463cad5ec786c2acf741a38d75d3d480800b8b85053b78a6dc98a9e|2300
901|7deec0e3cc4577f35310ef41510339390a95d788c2697302e87c58183dc3939d|2300
902|e0236906f53d4309199705273493084bea340d5b7a0a16ef3674be0d5dcc9d00|2300
903|787c44c6fb9d12398a0cb847d85c8d9fca5490f70f7aca7bf9d8a90bf875b4e2|2300
904|d07990f0cfa146841c2d16408f5b6aedde570c5392832ca8e0e34e01ac6b4beb|2300
905|53c57d4c08b2e579d021128415b3e5011392b89d93cc84faa5d829b0c9ff65e0|2300
906|1c00fefc8d869f8d9fce18a38fa270a350c0c5af0e03ec6b6e1528d0211f8655|2300
907|f236541299f8967d1b3a316bf49dcd26d8be19f187ac680633461f9f86c920d8|2300
908|fcf9f426a2a92bfb3f4fefa8a988cd998ef4de8895daab08447e2cbc00aaf0d6|2300
909|5bc4e0862c7d03dab85f27d3de09696c135de607551f313699117a0e7ebaa0dc|2300
910|40d3c8b52023e0b0b02b026f5c672ecbfec2099421cdd1a7ceca6d8b8d3159e8|2300
911|76627b35f48be377d1c37a9cb0758a6c440689a93319ade61a3be0051c7fcef8|2300
912|cdc0d54991ad2e6e19ada6f94cce44418c66dad9c190444ccbb9dcd1fefa1ba0|2300
913|467900bdfd234d0810366ee0968896296d4f8e4fce85aed57fc3899fd6611f03|2300
914|278850b108a1aedb4a9b150218644a7b60edba0190567928c3c46d0dc1a084e8|2300
915|8b14e16493a3e06cd7654b5919cd4ecd13a5b99653e899f3cae6c0058510fdd5|2300
916|973ac20bfe03d64f99e641d7d04bc2008c059073d9926eda0074b7303003edb7|2300
917|8040df991b548c132e130a75ef4a20c8f136480cb8dd69cb60cab6169027cc26|2300
918|3931f832bea9042b43f675dcde602aea2b4c1f309561e5604f732e4a9a20e1b4|2300
919|001c2fc31b5e8e6ef34a6c7b4d3c15bfd5eec9172bd1917900249f89c8f27338|2300
920|80c75d35082b8d4cffaf2abde6c090f48c8aac9284cb2440c061df3a88923732|2300
921|3ccc1ae00846ed8e7a88d8cb19bba15c8e06de060d812c45b5af611b568f0d24|2300
922|abdc74f29cc8fdbd9e06d7c2fd08cfa12345157b0d14500363d3db3163cd407c|2300
923|3473fbaaa5edf5bb0b87bc0b55cf582e4c6150ce6f85ddb10e9dd142548f7a22|2300
924|9c584eb885ac6a2fcccbb3080f0f11bb408800505fcf92b60fca611ae4c2c5d6|2300
925|744608bd40191cca19fdd84ecb36e27b7cc23c55a8dfe9cfbd10660b48f91a17|2300
926|92b4e1088a8098f11c26d4b715eaff7249b71ac87db680fb551ac5fce62fdf66|2300
927|7df92f3a42a205a4cca600282c78b46a6753843ab07d1610f41d0d5d0b954b4f|2300
928|dee1abcb00983ba98259f15ce45083a964fc5887c07648d549d69b67c9122054|2300
929|c0c64ee6c04c0e7cdd9c40d719595db0d51ca83fe3d5e3895a3bd978c0456b4b|2300
930|acf9da9e8dd132bb1123b9837e6192f462acbdbd0e878af99b69875705387c27|2300
931|a136a5bbd5d556b3512b0b6ead79bf4eb465df39ecffca75e23a2e3bf624390a|2300
932|6b2985ebcbd5a3381e891a0b3f3385287ebc38d28b31e1b2afeba2b023ac3194|2300
933|133a868f7f55a64f6d826ebaf954534c7c3da4af2ac0049148be7f5b86b31a61|2300
934|1aaa9a348515a1d92de324d3b1bf349569be12d3031ff92d0261835b55b0438e|2300
935|a05341024d1160749d9022cfcb95509c465291317dc00f7204f2c4531b3214ca|2300
936|a89e053b61bdc485439f1fc36c1f8608ff87ff37e56233fffe3d31a2b339913e|2300
937|ccf5ff28ffb19ef7b45eee9cd28339bfa908eea1614db711b5ded6df4e2fb63a|2300
938|90f203e78f0541b76363e61fc3e7e85f7106bf0b2cb0097ef1fc23bc56b93c79|2300
939|fd024bacc2fdb041e8dadbef0d838d0eb6924eab395514a38999b00975426e96|2300
940|6ce66a60ba306a7f65742f5214843159ffb22bdb92e15a89ec4e58befd66d15a|2300
941|47e96c30c6a7135c55ff57afc0cabfe8f297dd2772cd37a6416a4d0be223e1ad|2300
942|9266decfa864eb8a794a9890ffa7b975c1617a7812cffe8b8e34b532324feedf|2300
943|51c93a332d210163bea600af8ed91488c03c28c6d77e4efd1174df999f099c1e|2300
944|23bbf5212afb655e5d2be50fc3c641cd96a7b55d366a8017d3b3d06815a0fe33|2300
945|8c5af81477b65d1aca493334d666e31436a4c65d44e39ef1bb827a4cb2dfddeb|2300
946|ab6a2c8625c198650d135fdd4b3e2699018b7e9f37ec5bcebabf35f3da09855c|2300
947|598a62dc9b54a98ebfc4f4eb62a6a1dbe89daa6e010db4354f8b4964f83496c2|2300
948|9ff84d7dab22a675a270849793ca7ec3d27819b6c102606c03e7800bb16a49fb|2300
949|52c3800b1197b59d261b87387591745c5472e64877d1f5f2ab97dffd150b7ff8|2300
950|e5837bdf3a1ee52dc0babfdf30cb1357d7fca4740da9e9fe4f633a89123157ea|2300
951|e1c64887fe4b2cbc080f48f716287f79aef7d8bb40fa1fc483da21a2ca26b449|2300
952|4b31475bd6eef3ade1f2b6e63c1741c346bbaacd6e3fb3c603dc4bb27d0d2a91|2300
953|fa887efc4f9ace70b96466533cfe9e47ebc1591535b69445480ac6adb220e259|2300
954|3c0999b15a71214f79494e6156bdf3671fc36d51ffb490efc17415b95c6ba56e|2300
955|eb000105c4d319a0a5019830c06718db72730d51beabd92ecfaa9ce3521d98b0|2300
956|a6fb5d3542e06405adf0df7de5f3c56fba7f934fdb707ab8b0286807dbe81968|2300
957|8747904f949155bcbd2cddc82b5964ced9893976d50137a99d3c6f9f4c76d238|2300
958|2c80496be52eb162bf1eca2eff799cd3f306992c2446520cb17fbf0d5bf622b5|2300
959|d00518f74fbdb452d76899410b36cadcb6f74fcc2a835ff7bc13ecfaab058524|2300
960|162793c4960814dd49e9c4316a68eabf8dd4c14501cf52103dbe4511b1c443a8|2300
961|3fafe69d025e70a880700b1f356ecaa110d62e4803f0638e33d0de59674472ca|2300
962|098417ce4a42151b70dd83af9cbf9434320a6854c08eafb1a0ac588ea6a42180|2300
963|8870557113f1fe95ff4b1ab3721f5652a2edecb7953bc31c594f942e43eabf6f|2300
964|0ebc4a368383a1ed134d674d2b53d8ee9d0e39016a515f14771ad06dc045f97b|2300
965|18dae79b4f39936efd3bd2fc558efca5abd6d76db795ab93fd40b3b2532b7d4d|2300
966|0499e04e222b7b40fbdd3da29aea1895f3a067c8078ccc6f03fe6b763bcc2c8c|2300
967|d70069c210af21a198579432196f9266cfea2e2b07a195021d029e22bb83ebd1|2300
968|23020e9019b6ff402587cdfa61a8640b922b00fd52e6965839c3deefd6104402|2300
969|6e25b49f76cb40e81a61f296cb22dce9d61094cd6de0136d8b6c4296213a0bc1|2300
970|d018adce51682485c20573263f3ff6e702ececad0683bf0534a734228449a584|2300
971|af1d7c5719a87f475f383d18f645fc20788553b84e520f815af6f60db390b68b|2300
972|9220d5e8c2a558ed35883f783bd11c6b12477fe3566ee67f87df8b5214da51ff|2300
973|4c940509defb82fc1abeaac09e111a76ce9ee94e79c9d747bb95ebf3593bdb7a|2300
974|feded35065b8b4e845eda639336625cb9041db62f8ee8ff17e6255e4c9dbadb0|2300
975|604a62eb02329051465baada64b9fe7cb460ddb37ee688076603cc2792d30021|2300
976|4056871d13e5d1a98c559659b776e3ef5bba8b2b44ad13f6aeadc567b876e06b|2300
977|15e49d499e2cbfe34512a7809efe0d2d1d5e7029fa312adc77b49a7759468640|2300
978|34485929c2b131dfc109fec3feecf66129a3f6a52dd0d53bbbbce0ca3cffb4cd|2300
979|ba4fca581a0accddbd4d23813c4bac9e968ab635f69fc98f109312d2b2714fdb|2300
980|49b3b330d46c8b516d513c7e8d2ef96a8987cefc9130c4de42f368adcaeed426|2300
981|60a3b3f3cb3e43b95baaedb9a6d3af9fda00f1b089aa239d5c1e4dce319e1a57|2300
982|24085d6542c18bedf8e887daf5113386d2099b819fb8a80a376d3755dad68abd|2300
983|99771c4db605218d9c4f68a524040f8b68ca0d17606693acf52f33c92094d997|2300
984|3a9330d98855c1342d6465e447717dd0787430f18ee76cab35b5639d782eb0b5|2300
985|744646a34f46971f5453daf5b57ee037147b020ff009c55fa56162603bce68f0|2300
986|59dae87b919757b8a1a647920504051529d0a2711566a25e8788aeafbdb26df7|2300
987|0bda0e1ca65250389e141bddfff228662389c6a35a9fbf65f69cc21d2cb28043|2300
988|ab6db7f9c5679c78e8c968c939e77d54814ae060d77f27396b5051f36cad5fb4|2300
989|9128230b6e53512e934c03fb79dfc22f802939abb104197b8a709a73937b27e8|2300
990|f50ab05256bafff30826b2d12ecec16f11e1463ba37ba0fef4d3ad08ebca11b8|1186
991|d7779fac28319c746790611e5c8e11ebdbae45a460185eb027a59d7d33540506|1622
992|1d334b15f82e93757a625b6e4c4e001335bccd35d9e620123cf00416030e4c68|1479
993|01e63fa598ad3ba7edc11991e2f9b8248ec9a0924cb2b2e4b27ae06bf7ae2fca|1714
994|3359323103c45781fb2fe99f647ed509d44ad1107f78d1853fdb2356a4131742|1286
995|3ff20d3ee12234eab3e88fdd1888c5684107f2c5cd1df42e8583cc69eecd0732|1337
996|a0c67a3394787fea5ef8896fb9c11fea788b11709f7c0b82561455b51440387d|1465
997|5bb7fbc63cd9094980693dea90a4f4f8ee9979c325e44c31368b3a81d1deb6e1|1259
998|3bea3cbc315b13323040b8da19020a1ee1cbf62da780e4424dc2dbd6b697c548|1925
999|05ea66f7897e6166f0c2c461b321ed0c13b9ebae55dac32480292cb43e6bfc2b|1792
1000|10bf799968b32d88b49fb896d930dd3be16a3333c5ac739aa12c8d713f7cb4a4|1790
1001|a2ecf1100bc44cfef9259473bf80c4ed9931e985f95b55372273c7d005eb6119|1375
1002|f07ddc1213a15eaafa9be2c84a68e414b094eb95e06951eb964a4bf84fdd57ee|1927
1003|afcc68a4a70a4419fc2b5b761f27a602f900eba4a360e7ff9ad3e59566e6677d|1311
1004|25ecca4c42f923cf96500a87a20ab3056ffcadd962281a248a11bd0b1e2a47e4|1611
1005|fe0d6dbc1c29932b2b10ec3c41b52b775f8fff4614f1bdf5ab4c17f944441123|1957
1006|4bbbc584d56c50a0ce2d4e6cf1af58c47b38ecab8ede241601438b2720a5ec4c|1468
1007|d512483598a408d0cb891d0f745d091e6fa116314a36a55184902b944abf0d25|1774
1008|885370000075dc22c24aff226712767086b58ed11fc65ee33ff451c9b2e8e02c|1180
1009|c0444a58d7feb507e94e64926557fcdf1499009b1db861b1f49e822086785a8a|1748
1010|316d8ddefead7ab5198c7f5930b8236436a646eaa2914d5512b1f04467c10e0d|1770
1011|3e9360a30751a442d96f32747e69788806c8d28809bade85b9b426658f7de2f3|2009
1012|e3bd6092a5db765400d6b68eaaf4083b3140053919152456c740fcc561e1cd3b|1873
1013|7059d721769132c532dbe7c9e4fbdc5952b33493a3533d785fc68250b35e292e|1563
1014|9c6ddced4904d646fde2d4444308fa405016567b629d421908beab172b493c08|1472
1015|8da7b70ce577e06280a2860cd8e6b623539a00359e750ba01ec379364fddf1e9|1406
1016|79a5e4ea4046ad90d73f1f7a6dac55efd3d0a9ba9e8cb2fa3da6d48d8f2cb8fa|1266
1017|f029052bda4d6b8bb806e9c54d2fd9ed8b43415592f10b346776a0b62479ac70|1519
1018|1c7012b0ef722ec2baf726256e684ed3108bb9f1542afd4e4b8d6657af37d227|1836
1019|6aede414c9adcf9891d2f41f86d33771b8a5db2da4b492a84f1800405ef13b65|1478
1020|f168100456497405c67283319cc866ac6738436bf5a1e23ad483d4c0a3219ac0|1961
1021|e3a0c7fd36c229b982ae52bea1f3752b6f1868c6356b3b409687d1f959f180d1|1517
1022|299652b743407be7d88c39a504a579a4be24421579e05786d3435c14f265ec44|2037
1023|df2d43b844867bbbdcfb7bee70aff912d6021c85f27c354b2f151e162479b8e9|1595
1024|13cab1b578e8d2d88cefad3f0421f61ba6c20663544bcee47adc52d24cec889d|1723
1025|01e21dbd5beacf9d3a496e4d5719b28ea6ca5defac04f84dc5cf548a62257616|2012
1026|e36fdbe5fea173185727b65e19bb7d3e1546113dfc98044964eeb39b4b1c9652|1657
1027|3afd0fe5716bce3c5d0369efbbf46cdb1949167ebd39a01b95de41b2334d877c|1552
1028|e3e7374faf85ca26dd12d57dfda059c02cfd3561f44886390de249c240ec2829|1970
1029|85879dedae051f2f10184aaf8ea38be092f813a7cfa9da65b81b854f1617f65b|1445
1030|a26acd109b25cc1f2fe620fd93fa6f248ef152a4d5d68988e40b9c3d6c2398a8|1867
1031|715abe2b354b401d1c20a95db1dfe3b847ef92babbbfe2e34367e6ba07044615|1794
1032|8f07a9fc6b4d29bf778621df4d80c12aed071d137c885b67cfce0cee0c7df6f8|1848
1033|b361a7e71f70d3d33af61b6428444e9800e5015349ec5858e0d9b45830edf62d|1745
1034|e3acb6248a6d80bc1320312d14aa8177f71537e94db68903bd31b9023719e815|1844
1035|8c8ffc8fa5fd9babb0d7139e53bbcd397fb9c72cbe05a860923d5cfdc66dd03c|1514
1036|7f3f0a141ffb8170ca7cc6e7b76ea09a933d15e5dd6f49c43ccda1b58d055957|1534
1037|4fbb53cd2edd4b37563d0adef8d4c268bbcc7d58cda799287e6d8f103aecb24b|1942
1038|dc9c1c567914515e405e1f1b42a8dee4045a197c4507aecc4a4769ec179d62a6|1593
1039|0aa68d0408d0b116dc420ec288ab35ab9958a2b2376495d7c103721636e4b22a|1830
1040|7b814227bca9968410bef70b8f32aa08cb5537e38487779a65ecd5caa93640f4|1932
1041|13103e3404205bb1691addde1a09f7897b4407e464073cdd31ffd051511bafe7|1624
1042|7280bbec7ff748603fd5aa11591cfeeef460b482d7bc1df26cb39919b41a6424|1615
1043|a87c01b7b0184691daa9bea1e681ab57e9995330bd8ba48c39fee55db7c1a1f1|1114
1044|059f810b0dab46ace9bef8154c2a693a42c4e48ae7a7765aa87d39244fa91361|1749
1045|e65b3609d17a7175cd2c3c7f4c5563e44710e270667011dd119ddb8f39233714|1309
1046|0e010a1922d94fd73121a5183c59bb14890a93ce6152f2fb3e721172323f7c59|1678
1047|bc5a7fb0a1cbf5506a1d2fd1958f95b91d64d92458433df80f31aa2aaf9bc6ed|961
1048|0a3be948d9d4cd765488ae849f5047e4a0ad38fcf962ee5b54152f038a50a6f4|1942
1049|4671e3290f84583789c2f949b4093aaca113f6f766edddbab86b3ece818af0b1|1792
1050|c780ff69706c8a37cb5197ab3ed3b4f6236d0a01f565276bef8fcc1c5e8cbd0d|1249
1051|46d9c2c153dd2385467a67e3b8f12102931e0dd5aa1e7c142d53a8b8dcb787a4|1686
1052|9de27311bc0a7e52b92edfd333bf79b13ac636cd003fc0127b87a92080cbe712|2002
1053|a71aef7c5b0aedd52684e3eb3f87290e0f883c9a1c43c3ba761daaf77e9eda3b|1452
1054|9e892ed0d3f9b2952ac072589a304896245bac9e365cddacd4afc2a2777bf5d2|1739
1055|643f9bfc6b8a9f0fd1a737c3ee25078593c3c1d25e57ef876db97a01b309f606|1313
1056|366784cb0d1f5e9998f8f269ff7c2b1828b2098808060a915c135298abbf2a75|1342
1057|cc0f863edcf98f48d1abdb92d1c13441b91eceaed5fd7d4f3bfd7e5fdf313e9b|1265
1058|857f8d4bd22cf6206c0da032deb106c5a2b8f68e4148f628ddbac6e06b4ff6c7|1952
1059|40b0fea15cbf4dfa088ff266d221ce25ce13d85bf497adfb60757e61b242cc7b|1745
1060|7074f447d88eb848717497eb0fbc25af75310454228130c483f46542562fd7a3|1424
1061|397fd73b14e711b16b064a22975ae8adb59f8ae5a7bb8cd933d26b2a3e309bdd|1811
1062|f0d543a8921e6a94dda447185b83cf0fbfe08615edad4eff458868b6ab496d36|1173
1063|cd2b48611d8a44dab3d3569e0d5403795877f5c34f0c5c55036560d61829c71c|1982
1064|ee473320e88c14bff2637d9d00c8d7722b28c1702532576103da53d3e8a9fc82|1845
1065|936320bcc82a13606de1df5873ea36210335ab728ec708ac4ed8d3570ceee784|1395
1066|6839ed2c49d4926e65389642f9b61b31d2dc52957d95081e105b538c4e9b4fb7|1354
1067|e293deb520d1b2bb1a56103d6006c08b5d013154c390725e6800cc8a6dbd848f|1793
1068|c481950f7d9e4123ab3e85c421739def2bd6074a8a33b299774c7eb495299404|1598
1069|19e2a9e9aff1c76f10e1f11a61c5b4aa4f2cb17b80bc7b5487ae6b50f8cbfa6d|1736
1070|339d6e24bb25c00d5a4c5b8c72f681ca57a670e75726188716fc1d1b1d368b57|1703
1071|e5a99d7e56662d32af43a13011cd08e24a73a739c046d28979c27f6ff4881cb9|1284
1072|955d416b716fbec4506c224aa30eeb8d74433e0639d3bc790cc8f3780711adf4|1978
1073|5abf439999f3f64053f651728412b9365ee852317f179baede2a4d6f17f5cfe5|1474
1074|d63c95d9e74a0fb8feba45b6a01de3b89db40a2443e6a92ee8b03e569c33846a|1580
1075|d292dfd79b0996e437cbf5a8b968fd02043be904b0cb30baa8c83cfd3ba0aa93|1597
1076|14d36d2985e0d953a810dbcdb55aa2333be1c85f2e37a8879e405114e48a11f8|1625
1077|60ea10d1859e34c5a91ef04f454c2b275a023d69bfdc49537fe945fc0b7234f5|1999
1078|7457bbcdf7beee58b5bfc1a803eb7e23dcdc17e798a46ab5755b57262b7ff85b|1436
1079|6616ada941c9aa0d3dd58756577ac70e019cef522354f48cd8498d313a7e36a8|1966
1080|1ff27b9eec52db89be1257643db39280fdba11b153224087b794ec5fb8924706|1607
1081|d605ecb9227a8fd680bce5d93de10d7abc9784ec7ff0d5a66ae6bd91a038b2d1|1919
1082|22bc95690415a1fcd1a1a4e06730d68403b37490fdf7f847415b1e42c510f9b0|1637
1083|43cee646db6e5b7748e6509e33b870086adda0f02bbe72a0ee28b9642c7023f2|1395
1084|f7bcb1a74ed96b70272d8aa0d2ccbc5e1731a1bf6b87128b4ddac0844da3b08f|1846
1085|6a989d1e9a8f70df6ae27306431ac425bc32e4a9820cf5b1e32cb47183f5f411|1821
1086|914b212bdfa92a9b7d45919434426e932cbdc4106b5a8cf8d0899ba99526c92e|1576
1087|d68fb6dc3772bd6deb811f01ab46777bc4c26da3de0444eb5e5393ee0267ac14|2012
1088|890dde5d1309db2e9b79ec5172210a772f9691643e119c3ba5da54a50ff45f6e|1457
1089|0f67a9d2c4384cc6007c58955499c0a41b3d10c42ea9651fac20284cceaa0c3c|1585
1090|d5a41410d17ea46887eba5113f4f561504ca2a9c172868d603d9de1d5cbf10ce|1758
1091|4ae4c2fcc914c4a05e1445fe0f99b01d5064dd059ee0889076beaf07e1493c94|1956
1092|90621b978b36f9eef11456f612f45f415f75382984fc677d5643507a7f22299e|1422
1093|9e7c80efc9cc72cb86e2578cce1237e2666a1fbddab3946bd5f581d577b65205|1127
1094|54e30588bafcb430e4ce51921f7b954c0e9da6b2a332e6f05475c0f41c1aebbe|1675
1095|ae7e8b784e8cc1fc8dbc14340c32490f251f5dca04c3f3b1e875db0f05766e94|1485
1096|e3a08784e52f4e09351845e06c20aed48ac9a40c122e4f57d721cba5150104a1|1716
1097|374d7a6137aa31ee84e481585731df12509623680d421b6e09747c755b9d2c2e|1545
1098|fa6a4cbc836a582cbeb83bf194568baa1877bf62ef7c2863389185ac3682b725|1696
1099|100333be40ca9ae5eafe32c38c608b5f7a817af4fc4157616823f41fda975260|1340
1100|a9a9f249c83bd5572df5515d6ec369671a658af88348cc1d86b2eb06bac6f513|1922
1101|424d7e6a1310494819773074a6013cd4afd8ba495425aece435232cace10d56b|1651
1102|d7c422134df1bd2c6fdb380260976c069684d8eedee88ba03518306ab086dcb7|1548
1103|f50015b775d3ad92edf6b046e327807a34684c4952c455d421c2ca7516c62079|1716
1104|a0b85b635e41ba063e886782cd4dea488a86b8dfd21005bcaf16f4225ea1df1a|1839
1105|6a29b39c3500a7e650ecaae823d158f48d9db78bef4f259b44d5a40f4d3c3c56|1402
1106|e7445c4e628e51c0a18f016acf2aa7082595d4c4be7393d456dbd442439be575|1588
1107|3a22d5f5d9fc3d8fc883f28282efa4938a478407ad9a4e517899a361d303abb8|1942
1108|e4766d5358115d4f3083625edbdcd6e0f37569c4b1e1b5b60609ed04bc88e1de|1967
1109|2e0da93cb3735125524db0ffb54e64a7258bcb70af847eb4d7cc58b7dce853af|1419
1110|d6c73de65302281b28514021d005fe55f06e2e4394d6078103b63344bc894d1c|1887
1111|4bc7d1acb512da1fff042f5f19a0e10bfcd06f9436938411545f979edc5fde0b|1724
1112|6a2db03c1c5f43eb4322d2b4d6e510e2fda62db13eb7e7e2997b24562fbd03e5|1612
1113|1478da01a2fc459c58f066768f1e133e41fa9a95effebb99620752a7d2c05837|1359
1114|e60319121090aa1082ccc4d71efdab20b2914756d899fdf2fa06b59d7145a165|1617
1115|f96653e63f9231a8dcc057289a1ef280e61e707c25371a02e0f5d778b1d5c070|1206
1116|30fc895e32975c0c986898aad3b5e79ce1e7afb0a0d6dbd2c3e52472f37a363a|1570
1117|5158a3b9791b508295b49df945a5f4a57e8ad727f73bac034dca490ed262c552|1446
1118|50f5f0af486e1dbd3bd15f978edd0e1dcdaccee921a14975063e1b5bddd4e71b|1210
1119|9f6c1cb270a481c02ddbe63cabb3771c6477ca1d98342ae0edce0cb46264a0b4|1389
1120|553c90b10ce83c2b628a3617b7c818c289ec70e089702293209e4fcbe64e388c|1663
1121|5e0e83fce452bfebfc81049334cb8b051af72510f49d8066a6c228e15c028a41|1707
1122|1a730d23da98a598db4ec884e83551e6e643a3b53093671786934065e353e662|1960
1123|63a118150db0c8e02b9e7e48a92730e3569158c24b2701973fff43b63ebe6cab|1591
1124|f4eb88cebbc2d3a50bd141903900fcdda044378149d2e4572cfcfdffae72987f|1430
1125|32f2280b760aa6e88321f1c3cc70b77be761cff5b72beaf42ae30811fa4420a7|1795
1126|15d7aa69039768e10a411e5a266023008996339bb14c08b14b8c3cf59cbf9bab|1868
1127|0e0d2b69f114bc886ed9b564d22732fe445dd01a078ec3e17755474af306c92b|1481
1128|fcb2fb3367dc39e034be6a8a9c6dd26f50e6930758a7689e5f73a4cb6c1a9ab0|1245
1129|f629bef775f213f2a90ec81a6e7c54aa4bff400fc9db1a4693577fd172649912|1758
1130|2a4bfab8e1a1c10b120b0b76fbf631befd78da69eb79ecf136750b4ffa7195b6|1892
1131|f1ff94d783b8624ae5de1b5371ab29587d0a16ed616bada31a518a6c62d7b004|2038
1132|5796cf3cb154ec121f8a3b3b1667e38007b2b244a254b699f4b66d0f9b795adb|1494
1133|8a0724e79cd5740b6c2bd47024648debf11fedeec615e451e4ee1854da732f4a|1837
1134|822990dcaaab7ba188d16cacf56313bbbfea184f22bed2f07b26edf5557c071d|1836
1135|c262e9f310fb84e3874cd4abd4210dbccb05a6b4b97d17c5684dbce5c9dfd9c9|1660
1136|2368c9028283f63f612480b2e6edbacba71678d2e30a2d8ea9f2a28e3521e652|1746
1137|e5dc106490e6ea39164141777bd2c7790b7c420f30c75abf391923a3f8cc74bd|1927
1138|5781fed2eee338b1c2f44fcc7e0924ac7cebc9f7658474f10ebd1568fa1378b5|1558
1139|ccf4a0b8d8c65f5ae29bed98d13e40bd045325e88da2aa4ec265ae1daa4e2181|1535
1140|d13a89e282c332d58aa4732e1983135d3d27227a0d2969399ec2addc9433d13f|1496
1141|773519b9523a88304988f8a6290566f80a3d3673a253f3e91a9f00ec062ea97b|1546
1142|ca98c7ad89d34583b414ad3affff728b9b16f4fed85c59833fb8d8b8b21010f6|1927
1143|27cf1872a25d88854b948171997d52341b2c1e789198897336b79351e7ec65e1|1968
1144|3dc758790b9908796963536c813d3a7226509532dae326f8396c78ab42bdba0d|1562
1145|c26e9d1ad7b90c427c910f72afc5c92c5ed57f1299f595f8210249823d259f55|10410
1146|5cdde5b76ad5e744bb6c71c6f79b2a47d167414ab23ba7ceffe2807a2f3ddd45|1810
1147|a8e7783bf180820c74373c492d6e7414eda49d56c808ddcc38c073a754d05e5b|1734
1148|292d263003a613f292c1bd376657864fe9735f8e732043f664d8670165531d20|1350
1149|b0c699a73f9e1b9a92ad633adac70830c1938dfbff22246ef0dd48cdf2aeab7e|1818
1150|fe2ae94b8603da4b2c817453f4b79b2c85462a61415af2a4cfe2f23439cfe167|1826
1151|72ff00478caa6c7253085ba6f314c1676a8405157173405af83f7580e649414a|1207
1152|0abd2eaa31f76de37c613449c5f627382b190e31fcc185b696347ad5b9634bfe|1698
1153|cf2f0ace91c78fd856cb3c5eb2b9a0ebc01b7599f8b29bdd7e1df04ba2794d08|1594
1154|4af4c2e75f00c8d38b940118d78f59935255a1787ed0c4daf9c3d800413c493f|1832
1155|fe81460f01bf3c32620ad7c65704262a2507edac3baee83539a4dc848b251784|1186
1156|d297b5bfbbfb6130486401c67c0f6b57147b85712e6ee1033b1bbca5264017db|1670
1157|1b6e7abe108e5d40022bdc00291f1eaabd6c871783b86a1b482d8238a7471fff|1936
1158|b709f65b97b333bb038e75768e89c0f0a154b9c0d61a2046ef00712a2857695b|1550
1159|e4eabe4a18ed51a31a1480b197a86dcdf308bdbeabf73b26f7eee60498da2cfc|1679
1160|ad366ab6da5d60698e5ff12d06cc2f4afb05768ef6989140b910c751f317115a|1649
1161|fc0a9f9c49016704e4c0bd2e7735e3051ed0d92ca8654f87010bcd0e2ad99dd8|1411
1162|7eb52907e54cd5e333d9950ad3f195753d11480a4e0bbfd9a8850141d3d86de5|1551
1163|0e221811e778ae4f0e1d9b26355bb46d8d4574a026bfac707daa42f3dde4b0b5|1853
1164|0ab34cb77c79a01cca6894cb46e693f294a26d6ad73c4678170aaccb09c568aa|1568
1165|a664f6a5548598df359061d91d3b4e605fcb3f00c9f58dff0eb01338aecf6d2b|1668
1166|fea614d3e7c1cb8c53da8551cec5d90e56299ef31182d0adc33dac9e389d0cd0|1612
1167|b99ce15f108328043c5dae81529e5516bfe9fe4eaff6cfd8350675f34b6bfab2|1786
1168|0a77aa99d5f0f29a1f804371ec94a8e83916172358999ba590d0f152872f2c60|1566
1169|935db98797821462b72452ef3df7d635463ff0d90d4dcf0edab9402eef24fd5b|1768
1170|9536b2e4ebaea453be0b8f8477bf7e5512db93699ee27e5dcae04e4fadf8797b|1265
1171|84a84cf6105fb221b84a6e8764b534085f5a6cd298d9cda2f4532527f5dd6b8b|1860
1172|1b231ec90cc0c00c092ff88b152c27af7adbc042d8e8b8cc9307eeee8159efd0|938
1173|c6f80d01f751533292f936ed83467774855553c510fe5950e705f2c1c537ecdc|1388
1174|533f51b62226aeb47a6a3559059e4eeaf6f05dcea582636cfaff5a6ea84a54e0|1707
1175|20f0d1aafda436b5e644e93382403ef9dd2a32ec065c3fcad3b7aa06b6c5cc74|1413
1176|90dba2522bd2bdddd40ef670463fdf7f879fdeb4795bc0d45ecaf2ed323150fb|1428
1177|1cd467c11c624c9d312017fbccba32b289474d9edd19840597c2f4079e728098|1303
1178|0643374ba77380a37aac000c9504444e4106bde2fb21b624192a240fbc1fbe38|2009
1179|286fa46fc0029a06b6fcf0e95e28823d5fe4652dc820fc14343cd8b16ea5b418|1822
1180|89eb905419c04e9ccb5e6a0fb32f7baf422a6735e0f403052ca992a2cbd3622c|1526
1181|1cdb3e3afb4978632aa55cb93676091d1f381389f1bc0175916f2510dbb1e8df|1698
1182|7e0993f644c50fea5ff2c41d817137c60564e8f2a3376df604b00afe9c964dc0|1895
1183|27b16497ce3fefcc7f15631c28c15411ea2212259fe9a311f7af5debdb66cb02|1160
1184|7b1af1557f01bf554e4f7a4f10c7204efd27843599a655039321902c102680ed|1833
1185|8e08b77346b10d5f9d79f518aef1f775d66360c98a1531e2506ce25d1a8ced11|1505
1186|e8091308b0637328d0bc1aab76f493cd26ee9c6a5d98eae189d32a93d4250b75|1214
1187|bd1840cd6d25d5bada99429b2025b563507c9f55b5e27a0f0b4f77b7da166854|1058
1188|30ed39926ff35ffc98f898eff27c449248d0bbd970480f3a842b7ad0fb31aed4|1838
1189|63881d449143a4cbb7f9c01c459a8e06018c219b75bd8cde9e03e24282baf7c3|1809
1190|d893fa3cedd94e42584ccacd09875fa9bb5f1fb932c2c205a064c6d2f7b69cae|1668
1191|10b6733ce224c5b757084dcebcfd752c559414e0838b029d9e30ec36e64181c8|1761
1192|90c9a72be3f63ea15c388f50a98677e191cb05bf1edfb7f38365305228247359|1993
1193|2fe027acccde3d5c3f60c10f76d42c699403b2632b87dcf93f8152f7df1b83f6|1882
1194|c62d7ff304d46b1a78b663c7457257d1635f9ef1aa604c00e282a5662cd15d60|1664
1195|3877d27e5714d06a2920e76f8d3dd623311152820266f94bb130b1e03730fd43|1425
1196|b645aacc8b557ca8d5c677f022854811ebf51fe4d26bcadec63ded47d24a16dc|2021
1197|dd4d9bd3cf2072df7d6624f2593c11e9bf7bacf77ced9fdc198a2e84b24d3ef0|1302
1198|c16a4d640e8bf66b3a573a0d446a303059776ed82b6225041d403fe1bca60ef9|1529
1199|98b5d69096dc9531733aa349e324c432e515a6fa7d35fa5448f267c448ccb7de|1777
1200|d2fa79b075419cd1e947e079653379faeccc02f24a3b37528ede954d30059b52|1311
1201|27e38db6d362b230261069a976973b48dc2614a223823e8a6b57e67b293fbee8|1842
1202|4b4080fc203b271b24474e1d88d98b3b99448854c2a6c914c79bc7e01d7e7332|1753
1203|0eac0950c98381746a1ad8b6fa3609a31a6a84a88077d5c9eab583bfdd2d1352|1353
1204|1349b4038933aae1f6b07faac8a763ec242bc02cae7055a846728182bd8ef07c|1949
1205|4402ba42daf370a46963d38b8427d5219161fe81022946f0f4b92bd2a2d4a70a|1395
1206|a24dfb22edf43143268ad60dc1442b795a690f32ca7b861263817e3ac4939311|963
1207|c2981ae8a658a3784a6c65bffff85da5fd852439a4031264e1dcc9d9bfe59078|1700
1208|307d0f4da7282fa4058bcd2c57aed803a6769908e469a440da6419c3abb800a5|1650
1209|26c6bf7aee0241b778b9fafd4e604aab4ae06287c4bdde4660280ae665c0e620|1577
1210|7d73154ed48dc60755d12c3b36c11f8199fa905f113f541cc4431b01acd46eba|1966
1211|b96f16515d5a0948935ff4b49624c720fb598d42406f9c34eaabcdb1e7978fe1|1584
1212|f69cfaa4a81a054ca9dc3d89a3e522ad98d2f5685af9bcae9564790cb1f928f4|1473
1213|bcb1905d947c450b9ca8b352dabec87b645c2c51df0dcc66870fb52f0e0c1c69|1372
1214|d29123efbd9c25963ff74d8bb25b22834af1e49e79f8ce8f1bf651c6bc89db9b|1205
1215|755d0934e5e63765e280bf2ea224bf8eceffa27d35270d732c99a973096a3e35|1225
1216|0906ba4ba35daad6695c82e59ebb9e4b91417cfa4c2097a589d9545f540dd2cc|1778
1217|b6cf5c53a7ee351be40c53075dea5fea70eb96eba09096de68daad83a94685f6|1837
1218|7be7dda02d54a3041bf72823c00eebaabc49b4512f52d11111bf4b9e0a551f5d|1948
1219|483fde15dd4110bc100ea8bf1684b8d1847c183352eceaddcac5c3354e3d06a9|1691
1220|78cf269c63292d2f67c3a11b8fd87deae7f9edfb4dd7ddd0ba86fff7c0e2141f|1678
1221|61c8a3352e9b0cca81f29675b821e1cf84dfe112f3d31c0f4275803e1840b1d7|1642
1222|8bd83622d8473a416e80e958e5d871f308d0f1657fa38714c4bbc925a66e1b08|1600
1223|33e79cc6fda6db3a9223c949ee1ba762a90923bed5fb1d7e42dc2909e2830897|1591
1224|608d3f1542848e62600a1e9cd1562822fd09c7dc809e5a49936ff98deeca2e34|1714
1225|8a125bd7a4d0cd936c86b9f1190ab15b937ba5490149c4ebff3b6c94defc7ef0|1887
1226|0cd1fd2ddafaed46324a2210e6c29e0239c2b08799296a498e7e99112416e1fe|1934
1227|a7b40d43504da95b402ba7fe7ee0be7f7d4890b6138dee7bccd19d58f8fd1dd9|1324
1228|097bb050761bc8f58adc02a5068cb9e24d07e4a220a9978d36f663b6be3e1c63|1358
1229|15fb00dc729a5a7aeef755ced3f191fc10c99ded4678709056ad3dd76bd28b53|1400
1230|33a8739f084c288d49b9ca3a8e2544604bfaf8ea32e70be8e605c18fd8b08d77|1461
1231|9bb13b7250c5626496fbc0a2c8c46944bc15a2031707ca46d03440a011f7d63d|1500
1232|3129289b39c4fa4e4b2b8d5b9fbb47109ce9588747bcc159a708eeb6faa02b6f|1879
1233|a468398aa80910464be9bf62e91e689d27f9ca565400d45305fd0a42c9d833d9|1168
1234|75d48512755577d450bd18d1c6c1f7c5cfb6631ac18751903cb2671c7e8e9f04|1319
1235|53d913c20841bacb02968221b2398e649c90cf04c59d4383b523f746fe3ea1c6|1523
1236|e1826a8faecc07548d676f48e71a18503b0ca450a30b5f6e40f625384c7d40c1|2065
1237|0f4c30750aeaab41a30955307bd0de52828084e18fcddf37bab35be62a4ffbd7|1663
1238|589d234986ecacfbd7ef1eeee2f9db752eff5b215edd77b2c8db98df630b08a3|1757
1239|acb47350e4c9637782bcedce766b53d56924feec45c06b43b673d0481eb1d927|1649
1240|e679824d7dbfbdd0b0da4c1166acb2008b21cd6cbc55e3c5ae8c253dff402ec2|1624
1241|33c71583526ba6e795cb19bf5211a172b29be05730fc329e0903542bff252723|1449
1242|c0854aed55bb4b94930983e9913c527459b950600ba507b9d454fd1a3cc50aba|1717
1243|d71874b5322189f6c8cdbdeb16388920f8d347f30f3d5f70cb2dd1f7d7a192f9|1374
1244|54935a4be28cee39243a7f91353f52b4f8730503d05064c99db5826329dde69f|1756
1245|0df39605b6b362809db5b215976260cf09ec94e52f27699f36a1635ab534d276|1760
1246|890062a0890e8dad03a69b50b6d0433fdb742ccf2936a9fd13e8a522123e391f|1793
1247|944a1afa77c16cf9d721d81bd3d4adfec155db65d3f1d36aaffb76b8582ac57b|1299
1248|c7075ca0957e34364333519c472be891f6001771579b755fb620be28e7434294|1778
1249|9c19f91479d564b6f038b080b0c8e927f2b957efaa6ba71d87cd5ad4cdd94dd7|1465
1250|1c2d64f5de9302a27aa20b5c34c61737b1e463d5be8e7d9720cb09e3e1a6848a|1559
1251|2d86ef82fedb996ff90d6eabab553d8af353e02dd9e48fc4c809262efff5728b|1194
1252|9c2d3f1ee8175d71acc6221a2388bb7810ed50a2c2dbe435f6d2eb242fc9ad5d|1697
1253|61154bb4d93bf7bbb8e7f25a81dbd63a5d9c655314721dd0e4c28ae27f5eca52|1393
1254|07561d59bab5962b0120faf305c1019cf685f08ba2514512823384e1d393ac4d|1394
1255|362c7527a7460b5ca82b4103da8c8e4dd7058ad7432fb58e4e0c5c25bc35f3a3|1705
1256|47c0e1952d81b1a18be0d5d235912ecd89eabe39af8a77a99c00bc93ae555e7d|1581
1257|26f3bd91485574c0096ba7d9f7486f85a8d9c59ead2b936979a831ab3d1d90ba|1671
1258|ea71e015d6b182435a32ca3b44d05d1511d082d191b8cb7770e5709acfa44546|1875
1259|3f3e222f28d46b3a6492a6164b8d72b06cf2f445196f74118d23205ee8328c63|1790
1260|a520ca9884f9f5ce11cd392120a2e22f0c0ea10b44f71416721ab417aed28649|93
1261|555062b073f7024f3cbde686f6014616a676fd24df0553ed78dba3939a130937|446
1262|fed26a88d49072c606d64f0709e4653d8f6aaeebb0bf3483cb6d66f3596aa2bb|6600
1263|f4518270263f9c132ea49688e63e26b7277129f24fa6cb3054c2538a4c9186d1|353
1264|71ee9cae0fb161a5764b6a47117c1f134000e5be6e05b27f288386bb439ea64f|853
1265|213f44a6e2e547d47ea9a75c189fbb1e49b1fa31fdecf973321c956bba73fbb6|8265
1266|01ab2e87d47b03ef7e39271c9c1352ad78a0d019b767ebbecb663df92d80303e|2812
1267|7a990b7dc9217038bc1e58961818eeb8760e050b94c60a0821684916e256438e|3432
1268|afb7207463daaf669d30bad615a854e4976b9fbc50dab48b62cf699e99d224dc|393
1269|684bed5116c31c4dd1730d4b183a8e5093ccc7f13d1ec00c737fc1fe0528a5df|125
1270|7c954493077a2984bee2864801a377b280a753d26b984566a599baeb8eac3470|1022
1271|db9dba76c450ca98129f91212f3cdb989917c213782176928802d9b93490d125|2114
1272|1c7e147f5347c6d7cd4b87591fcd1a00c3829268dc55c0a4a3e75c67ea08e516|15354
1273|84951e3d4c71a71fb989dce05e8b435c42f23a01c62e698e7f561536ada94562|114
1274|ac487f70ebfca4d86c7fbef6a154d65004f00bd8c88bf450fa1ff79c44a71949|8757
1275|c6c6a7bd816035fd94da220ef7bf6c7fd8fba5a21988d371585cd463ec06f567|1497
1276|e6646abec4f22fdaaba69f96580c63bff480b1f3eaa303c1979f161a7e258189|14931
1277|5f31225ff7a7a778a43200dafb9137b9e888147c19b133425ea36568965a6038|0
1278|b332c9b19da773e36484ee5a851184d148270185c2f23ef49a82e64248405495|2344
1279|76ef47166d7932804560ec3bf24e846df6154630501546d1b6012b2209daf6a6|183
1280|27859182896db93bf7800c0b264a737c0d696c62cf4636b19b9e4974fb306deb|654
1281|ff733fc89ddaaa5bfd4c0e5fe80e46b3e89ac08b87e0b297dabd1720cee35f4b|897
1282|db790a2b1ed32e9da3c1c16a17f47563ab4344b2f24a7f185d42eafa6a078c4a|232
1283|119f8224194cc7913e4f127478007e10d3991e424ee4f0e398efcea270b4d5e3|10837
1284|e420b1a2c7b02c813b684faee8a4b18152efaab59d84c46acb7a505db26af628|19123
1285|94908bf7f76a18c83c90c7557ba22ab12786ccfe5b6e373cea12342b1d9d8c40|11633
1286|af3f127fdf1ae92da3f155cc11d66d7b54e643cbf47f25b1043eb6f77ad90155|266
1287|df6f78d22ae3875cf0dfabe19032bd40e99f9fa2b416b4b5b1cc307947b28f23|1814
1288|85abdbf00ecfc68538ccd2bb15844d76d03e4113fd5ec4d7de7fcd5dcc05fe74|11836
1289|9cd947092a11a74c8eef622592e7384320ad1726d3478a726697ed1235b805f4|361
1290|6b9eeccaf33cc63e07ea6ecaca12cab3056d0321f11582b14dda928d8a0ad4ed|784
1291|448ac269e0ed8739f6fc27cb090a9735a1fabaff6b3090c10e58893b22c7858b|673
1292|adf11a426710cc2c627d64c12023898081aaf9aeabc15db2b7d3e69dd6fb0f7d|4449
1293|72a2aee1ad2afcc58108f87d1b42c9615fb68672349a21d61c7331ece837d8ee|1326
1294|642c49b6eeb12ec797cb4dd9fada991ceea8ee7146ba5b3c1cca22d41d8e7adb|1324
1295|42f561d99e2447aeb55d5f1f8c1d62c553414fd2d947c7dc98157d2294edd695|894
1296|24c5bd26822d8b9f21414239a96010fdd5d3c687bc6ed9f1d69cf11a5bdcd2a2|748
1297|4ac654cf995b801901dd7c374df9b576f38005fa379905caf56bbb0af1fb69b7|1716
1298|5b481ed3ebf9b5d335f71bf0678291121bf570962acb41679c80b5eff865fc4d|868
1299|5a00d2f61d20434d383f08d9ce83262b57bc252d6de714be9b4c150aeea2d010|7657
1300|6df9178f6911f9fe2a69f7960fd0f751067e1bd072fa80ea8bc9c57744fc1540|339
1301|32763014c264887ffb7f71ec3b1e03790df8182e4ae616e5e50e348ba6c7dbdb|10962
1302|c5a2fe67b6d20bb7be9e7cff4cc4970d49efd8f9f06904926777a39822f856f6|611
1303|4d1519e3374ed170e13ede74be429aae284a50b2d28cb6db92ac19fcc5cd63cb|246
1304|58006812c8c9355e53b3962562457bf3034dc5cde88aeb4589ae74296f1f9e0e|1956
1305|76078c7b3a9a78553b1a121e8ad890f270929e4f7572617dc233fc2a01bbefb2|1568
1306|7bad6233347c66734725114409bd61e132edd5def9b38736cc9903d234c2beb8|10759
1307|655569d02c7d9abfe7228eff994a7797fbcd4a8c2d67e708dd365c71d2241d72|297
1308|86e3f656de10496b1ab7511cf4cf1814f15845e78f051c67469aa7ed41687959|8041
1309|e5c716f25281751e52ec9403ebbf82061c965cba6fe8a7acae8e75e29dd3dc3c|60
1310|733d15f0f66346d41144bf9ec9c1fe8d00eff2deb49bcdea374a9fe9040a2efd|8234
1311|9ec82cf6bcf29b9bf5181535cf813c7eb9f32174e3869287fcc2ef65b3ee46fb|1679
1312|2eee5de4f1f79556815e17b27e883e370a56b79a8e79a881130bdb3277d9512b|1559
1313|6e59ba2d00d2a4c130dedc54ea31343698b07370950c0af836791986531338c0|233
1314|2c5aeb5d5d25ae197d2d784de9aada6554f368a2d2385defc83c85ccfde2b7bd|182
1315|cbd40570421ade988e882e468c48e04d03ba26501cb97fc87310ba8e4336becc|2268
1316|71860415117b2bff4c0730830cc0fdcdb2f25ce9363b07777a199dbf5d83af6f|4267
1317|ee802031aa280cdf034298be917eeb724d0fdd5f0125b0e6b468c7d17400b791|9007
1318|8e1bc3b653059ba7eab381515ad0ea2507ab88d080f9eb78008ead0eafbc01d9|68
1319|7daa10f5f44740450599256b8b8f82500d3850daa2cd43f474aa1a3dd6807d1c|12370
1320|ca83dd48a2fa5884c722815bb0be25b88e38c920eafa8f890b1900411e95401b|7694
1321|ae977b86a278374357cab6241dc9afe8bd305461bb1e1cbb60450103d6284acf|1107
1322|c3c2010d2ae7fe3888759b6417aa19f52fcb771323fa5afee474b0e7e1cde89d|402
1323|fd5bbb03fa3f1d87edea83a490e802f8d02404d2856d97748404517a929ae50d|5949
1324|8071cd301ead0b5ad67a34a3e5bf47518871679615b67307bbd40945285a8926|689
1325|68ca075556a61dc2ffe9716facbbe9015a99ba7ad01166dfb4a757896ab09a62|1005
1326|1606d0ebd4c41b7c60af79750849f646acc2255fb4fa248fa1b04c81dcf0381e|88
1327|116f69afb87c7232035c65f67a6dea72d870a5878883c88e9b7934fdd1c4609b|221
1328|e84ac030f3efbd3c963526c327ed832333ec8b10ce7c2b15e5ea55728802428c|7733
1329|2ff078f69c8f5ac33046d27dd081bf6084ada542ac638ecf3c9cfeb0d20e4d3b|1182
1330|f5ddb36bf5698a8ef74754aebe9c593101cd39e8da2c96bfd75b517b1ba92bab|7212
1331|eae4abaab684881c6b08223c29b8e5f1e428929908d8e5dd4fe9b8966bd1c9c2|12130
1332|feb221d1cc2ac393a4b0d1e6007e9a92ff53ce627e0c3b7e75933ea4b40afa99|502
1333|953b073eb31eaa1c357511e766049fd7759d154eb92f996ca7f6e130d1d30395|3363
1334|c0e1d022fedfd5630f05fb3f246d92ffd88fd5390fd2212db3dafee53929f907|661
1335|a123e610720e426d2b98b7603f23065cb44f7d96d0196c62e9923d506c06a08f|1876
1336|174834f76b832795c0deb6dcaf330d15a3d4b0e2a19e5848c5cb0fdce9fd9c88|8371
1337|b6a807cb0e563a1e5d79ae0eac1a47f1da2e726d7795ffc265449b291829e478|1015
1338|a85d9ca07bebe23e7175f282afead7de5b80975e3d08f92be300c7bca2f1c373|10150
1339|ece1574a80cbb49c6930b7f3100c217244016e2b73badc24e4c7b7c540af4043|2246
1340|530a492119667e727c8e377f5033ca8c9788e7ed94a79a6b80bd2303ec27780c|58
1341|77da3b643c3c608d4cfb68465151c41147e902d78045d5cfbd1c6b89f4d17253|7825
1342|187424058e2522c3e92fe409ea0edce74b1a2250e9b41edb42415f0caceea763|1485
1343|09529ddaa1659d82364499b041bdfa5e20956c4a7e58ea8f0108d99ec16e976d|187
1344|e93d316d3728b6a078db4ce2cb77873fc6dd70a139053e0accd6ae4b8fdf03b5|920
1345|560df0ffb2643df63e0c9117aefe53c6b2d417e66b24ba82d8ebe6144648976f|7934
1346|e72c2f614d329d4d4e9cfdf2fa2a308efce4d30f7b10f530cbc1e4e9557df589|19
1347|a2fb7daa90ea9a0bf7558fde4df9c413c4287a5ebbc4b98fae92d2e033b7b02e|11674
1348|cc95a350c88e8ca252cbab997e6ff6122bd44fcef24f50367a774d3d21ad1764|321
1349|fca82d35cc268a9a1031c904426b00e4688023a0209f5addbd69ce43eefd2cf2|677
1350|7d7fb2b7d108821dc5c9b58af01395d7d99b6c6f3b00c3117b178f6023bf8565|8052
1351|f83a3a2cae246c0a2ad4abc1fa620881145eb64c4367657e477d07c2da507812|17201
1352|38e9d91bbd607f8ea3ab5addb9d399808463908018676aa52cf1449a8f793318|9876
1353|e632067c50931255cbcfa7552a191c114c0b7e0b17cb9102d2fe7b7dab1a6398|2722
1354|380cd78cd5048dcadf964f7b5b4c65379e85c01a5b258f027be934f67861c34d|534
1355|7b51e5351fb6d35a44135b7f7c686dd89454851941f7167d818bb49c8fe797ac|550
1356|0131702e59ccd347ff4a8ad25674862bf3ec85a4665ae5f79c5de0f38c1e7e86|715
1357|322cd3ca84c39b51b59828945669fe870b8566fb93071f1025ceb7379f5f1755|9019
1358|de1634a65c31ecd248d9e697594febfb16cecd960d9ffe580c3ded0928af89d1|5246
1359|f18236b5c4a686842b49ffd32e5a84a2aa5e0fe2d832e065f0beaf06b8c95e9a|11272
1360|596c7f7070acc441a14a596fb68b31e37350d2a118c3f7556f4e725bf9a803fa|445
1361|be4b50f9b5ca09a84891910d44194e5d1ba9e806198fdddd1102b9960b16a687|195
1362|45bfbbb838667f5040c4d28027d0a76862a5c49db1ea20299072d0f132faaa6c|1630
1363|1424cce5963b85eaf9bae75dd2031b363165cb1004bca743ce87ef1b5a4d8161|478
1364|baf350ffb23246fc8c9c3eb0e60c2fc54b6bd3c7d2bbebf7cdcb1b13c674dc89|6167
1365|6eec39d025c3f10f9e0fb7cb3c6d0fbf95667ca729663911d8aa60f482bad8cc|309
1366|37e84da4badd0c084eecbcfed05b38ab9afcbd43c95ffda0b67ba8e7daf8c8dc|2102
1367|c65c1e8027ad369bb9450bfce413d351ad5f07ab1af58669ca5326f729184f14|2565
1368|6eb2941dd61e936de39ee732ff94ab6c08c6a61ac7a3ead778e7729968ce170c|138
1369|45f265bd074d9191e9f6bb73239be9cca4f798c95b0f1f98f7bba3cce70c9a98|10684
1370|ea3853310ade8d5d31d61898e7df7bd4b65dce334c2df7c3333267b2a06f549f|10943
1371|12ca42ce4f2e91cb52afa6044c5da0268c8fa9f90a03a3d17d7bbcc5b9c0db88|54
1372|711a43ae016749c8fed6d5eb4206a49bb878b0cbf5da88b413dd75c898e57665|431
1373|6f273ceea813cbe3917b2409603d1d1687e430a2255687612530c8160aeaa11e|100
1374|b41554a62b68e99818792358f79fb7fdf3a9355b2f69c7aefa9d5d8975737d55|2425
1375|92612d6bd79b989df95a15804e5ce16f8b1315dca0e0039bc38399d1a4126d56|7087
1376|88d245b2ad0bc39c4868d8c31edd5c986fc94c702c6d8f79cac636ac86a0a80d|81
1377|b1a27e3247df352005451aa538124034774a947487c5a7c230826f81f16b648a|84
1378|9dab32e0e339a5ac3c398c50ab1818ef8c27856206ae1e30ccf17965a094d7c1|756
1379|959a29a29750feb261f8d66b557cbd50568389e11f1016dedf4d85582a203e84|9968
1380|22df3085f29882437127bc7c9527a48eca6d0f091632bb3558019441f46ed46a|819
1381|71eeaf24ec806abb581eb7da06f128adfd8367ff0ba3d740663b94171d5fb8f3|2662
1382|c18b3e0301344f0fc297c1ea408c4ded60a5feda691029fedf0e4c72362c9bf0|2057
1383|1b84ea7e88249ce11773b8e4194130d1c3408473862399e8a542592d2ab2bee0|2751
1384|480f43db860402cd1b0b69556d7ef5e95cba942044201d73c89aff055aa724a8|518
1385|b99fef2ea7d671fa59c8e010c8f342e022f7b395781a817834eb45c64b930ae5|5723
1386|8f2943d226fee7131e723d2a6307152ed5e6dad441aa333797bcea4b0b4b711e|817
1387|9c5fbb8c6342dcd391b34e40cdee24ba8a2866a2861fc75bdd327b179ee4e9cf|13401
1388|d5f186a48ed65a344ba5ea8dd7a68e1ea4de81132649f1c8a65d4ea64bf844da|58
1389|4046a51701c096d03cee56a4a621f406fcb9b2853486d80728040481daac1896|5053
1390|271ee583d4d3cb4bb7a6dea05eac337640e2d2a52233365839abd925f2433481|6099
1391|023937f8299b576e1b4f8a0886725e2c09ee62a7731d877f0be74071e9805d9b|8526
1392|e952d0057b4dc52c483378e07335c3ee55d3a39da70c33afe9d2bab8f08dcfc7|14608
1393|0ffc700806a342a0dede32032f793056a5b4b51dc265453e12dfd7066e52ddb0|3339
1394|ec7f8d06c6a12432fbebbe293f1f7d9ebe2f122a0f514c91da1183d68124b795|637
1395|c6fa9d0c298b416167636d65672f627959931188647761e07f72f243431f0ddf|13245
1396|6cc5750174accc6e7e90ad01f4625d08856acfc32aa525f6eaa791565dc3152b|11942
1397|8f2670a94c6dd93912fe91b93dcec84b3e5f85b02dfc430bbae29814e7ac064f|13355
1398|a6fc82cf38f85258a10137bfe9b110b454ade4a086f62db31b41f9882e58ed2d|10745
1399|83a504a91d6e733ecf24f66312f47da9d7102dc5ddac6a523790da66d9c4c695|4874
1400|981f90b911af100988c65e32a964a736ecc2df2d6e195b2436f2c19b1678a780|3506
1401|ee0a974ed0cf6db750d421fcb7610b0bca02ded02c0c35bc9bb6f5bd2e5c415c|13241
1402|a0864f1d89416bc0180e44b44fbcfd22415252bfa1f7c062fa35736cceaa4de0|520
1403|78aa68ff81d4cf71c7b5a3116472510412c24cf4d6783bdfeb06218b2950a3af|3932
1404|61b9012364edf25927d6768bffd914e3bfc5f6d32d648c0e6d317bd6ff513052|521
1405|0208a63e8dfdf40c0922bedbf4ccbfa4f633b43c041f2c24114843e30886770a|94
1406|714131f01e3628e685d684f8c4ecd441098ccda6e7ffca12beafdced764c6fea|382
1407|f1942a98ab47c90a2bf930fe83cb434e315a641ad207e607c6dcce486b1f8a8c|2829
1408|4d039450708939e5b14281dd8c287b02502c412d9d8239b5e1f5124a36d1ef22|1192
1409|37796264e77125550f84ba40d24cf0152505709efdc84e210371c7afb448d69e|654
1410|8e3a372c289839cca9200f9a8d47fcae6300d8c0a531e1eff0cd431a9cc85e4a|3605
1411|d67bc8ba3a86b78fad2857bb1cebe9d70f2603114c18706a13b0e465a9bcad2e|110
1412|43e64d8015073313b7f1420c768c7b8c093fde6b6232e225fc45958e7c6a6053|2677
1413|056dfa64cfe7286e4d3c9fd6ab839fbcd7e67794d2740ef7001013de121e2730|1014
1414|59037d0e5d9c2a43c0014ef3ee27fbc1d1845f9cc64cd3e701bebd0f858ca2d3|7793
1415|aa8288db74fcb3c4b4de0a8016e1fc9ed1a9fd84f6306aae295b1d8c77d7908f|880
1416|e773b1bac367d32f7add5bdc920512200960e29530c744d30530ce60e1ca7800|612
1417|c66d41f96805f5314487f0e5fce786aeabe397a482c7eb7691fef4947e5ac820|72
1418|2ea9b1ec27eca1d5b4164db342e1ac18a404d8381a660c47dacc918611793073|473
1419|dba9499af8556946523f9b80a2307534c647179ab8635b64f7e9d83ac88aad3a|1502
1420|6deb853533919f9269c7300ad3a6633a9c82f0bb66e85f71e88925c4fb765713|151
1421|e51524e6763b63005400ec072f20fe5134f90c2186bd4f9c302b680f8d037e72|3315
1422|24cb7d8ca5112ad2720eec5c89de652d6d068e941af9cfb7f79270a9f86ace88|163
1423|ea2bac624ba2f8da8f1a433423adb48b1b6ee547f857663c162ee861b597ffde|13985
1424|723c9aa2e2c0a81dd954910948145b80b73ea595afeef0f17edd69abad5b886d|1028
1425|32b71eec8dac5adbb3dfd9ed39496636ba6f2ef4a53e2ab9aec0620a1fee68fa|9088
1426|707e2ec932bce69447e49ae2dd71e6428c183d87534714fb5bd3cd60631ef1bc|3068
1427|e6f61117c929fced39b66245cbc4b30b2d9a84dca4ae737e926ccb4bf0d5d6fb|2419
1428|fa70921de1757951ed4bc8e90b1a70d6f13864e7cf441a8f4ff95d7cab786ad1|11054
1429|49df4e7502fcf4c709f551928fd18702aaa5a6daad9cfcb16979934db9b6e96d|1112
1430|718cdc1229478243fe135fba0addda4e3d40691c60db842022d228eed94fd6b2|814
1431|de479a142df603fb7db2a4907eba71dd9882ed8664ee23f4193d2dc03b6edc36|943
1432|35a4f8d2d97d67f7e49766a7a796a133bd34026ef59363558640714036c37edf|1187
1433|64d055da692042c4d38cfc91c263c5438ec6f19d1b0342da7e214def2af8feb0|216
1434|e9d4119af3a0cba6d465d5a4fbe5b33f0076dafd2129062236447a2a720f40fa|2043
1435|42cae88b25dcb31b0b10acab8200a2be415fbd894c49248ebc2c901db1dc2c89|2003
1436|9cfc5b63c8110c6cbdbaf07d41061f188a7ade8f4d3f1682e4a6fffbde2609f0|8514
1437|11866e7bd3cb9953112439b01908a13c763cb63139dd3741440b95fa829baacb|10798
1438|2f4b8bbc80d29d1679d20e5c2aa702728c763c5a3967a0384940e90a85cd59db|1020
1439|87ade95bc6d88d8b1ce1743f7aec62c5f4f11bb0dae674789e43f66fc987cf4f|189
1440|9a5b465778722c096e8dd6c4b87968a5f7a5454d7533aa8ee23d2884954f13fb|504
1441|514f011e55925c863e7d60162d7ad0ca01aa49a9c8b46b156859f1e92177bf25|708
1442|5d486903c02b1a11f2435207f542566fae53f9549731c74195d6b2987f433953|7269
1443|e96246dbd43d8b0ae745a80b144172e176b144b4080a78322ba651cfaa23deeb|13129
1444|079cd48bf00d714df52db1323f04904a58898267b716b3913a5d2da889ee67f3|2755
1445|8582824d9882cab9bf0b0e99abd75e527370a56088694e7a1be6deffc2c2e2dd|751
1446|5894d4e2aee34a86cdf85306b90ecdfaf9de0e8ca5b45488ae7b9000f35c515f|244
1447|cc56c3f4027cba64bb6051dc5a22f57ba6faaef9f3694bcb4fea970b04519713|3860
1448|14ffc05957f208f2af81c685a85d356981062c1f292187d7b83d58a932f2b756|57
1449|4d1d0b509453d2ae68cedef20bc351175221cca9dc1a107a0a88ff08ecaecb13|149
1450|0356afd87aaedd31780e2238051e98aebfdd9216703551850e40ee240203bb92|4530
1451|bebf0641922dee475dda58e6723b93ac5682cfd411c73db580dfd3c65c9dd6ae|515
1452|444eddbdb32fd29c66ac9b15368d0aaf1ad148ecd85c12aeaf7f3595c7cccaf5|1119
1453|be69b9e97fef5809bdf10321c2adf402095d65d837b4b1b1a5cd2c1f66af557f|1367
1454|cf664a17d51aba7df56d4d9d1bc200564bcccad4ff8ad3dcae9bddd2efe133db|2864
1455|27f3c644692bac8ea3b80958b9886bbf068480270b2c35b65515c2d90aca654b|702
1456|904a7d6fbe6ae8b43cea611d5be1cfcb1fa62c51263063a5cf89000b6f6b327e|8435
1457|5632b3474b6078e0faa704ce4fa0a327f9c22052ef67c139a30c2009c3898de5|926
1458|88e4cf5321947c40372f6675a3f8a9504a8010df89890f589dceff793b4e6564|147
1459|64bb49ac5286e295cf5e0e56d564700d85dd2f1a5bb2ef6b8189a00923562aa0|8110
1460|ad87735827066849d0be92c07df97fd39bb4de51cc93b902db33ec4b006d6cf1|13034
1461|a6694e07280ffd114aa49156ce4feece2963b972109cca3857e15745d0d8a77f|9288
1462|f6e4a84d587585735fdb567dded25cd514c8884f41da158ce48c25565cbb99a3|9754
1463|6c88bbaf0d774a6f3046158cef4b155cbc4dc39c44995bf73546108b11883753|3221
1464|f0bf53d6ea1d4630597587707a43b82f4ad312d2a0f8cb3db366e0b73de36359|2368
1465|616de19ef8d5a6a6be1fedb85d75afdc0aea65e602f96be98c7c4c5f91461cce|14072
1466|b6283ccaca657303ec7b058a7e7d34bba7375fbe374f2cbf0b6f5b92c25e3091|788
1467|46867b9b36a2c54eefd3a5c59a5c3c6536f419e46eb8b9d3760f8e3d0c25e4d8|1956
1468|6ee3cb7b50c76b87e25114d96d97ae1e54468eeea83d36550427e4180fb0c198|204
1469|512bdfdc571c680d0c56448ab06caeafe0b50a596741bae98b666d41b76906d3|111
1470|52c7622efb5d446328d1c8b49f8b71d86156c5d1ef36dec8a7f212fd9a324b11|190
1471|33ecc674f0e9cb55c9377ab9c13f4b1091726a3486d185f47e43cb3b4a3dbd37|533
1472|f8e9e8a3044667c762519bb315aa436c1574fc904c22762c5869d1af4ee6f6f4|664
1473|0a5c3c80b34768683edfa4b0e6adbca8a8d3e17e7363150d9a9af770f3bc82e1|701
1474|8257c325412f3d934db26859415359fbe5c8b140bfcbc098767bcffa8997828e|981
1475|1d154dfc6cdcef6c0486e30c9e23d7cf31e0706862904ae644eff652c93b6e0d|1656
1476|dcae943f2cb056e9e4a26d5f90b2baeffded545b5f2485a7e1986062cb812462|104
1477|f54ed5017aeb2bbe799f62a7babd32a2dffcffd528da1eb62aed1fa489d922ba|1305
1478|4e0f7c7fe4a6ec4ad277ee51affe6476c61446fea6bdd6b46a5851066d36906c|8950
1479|f10730bdf6ba7042f77e42c38f9e0daedec3bd80fa552e43209db66365315396|460
1480|600d89c881f2c673adc804dca3dc5a3e126adfefc5f95ab5e60666718bc6a8d2|17679
1481|7cf0ecddc8a45edd6fed9b083d060b31de8c263bb82130bae7a4cd5f147d2e5a|4342
1482|a92b76b2a2b246d7900e32f6dc0132b8cf1048fffe8f36934c0d1fefecd9da3a|720
1483|9d8eb98790f46abe04cf06518b58b8a253032972e99bcd0dae2234a05c792058|2291
1484|b84bbd77b5d1a7ed60e48dc2591282dcc9937bff3e0202587413a06819dc779f|1383
1485|1138f53fd3ef539b3f3bea08f15347e3036952baf2bce116ed5885b2d9183ffa|145
1486|651ee53d68ea880eece1a68b4033cd705c71c2e6231a32bdd69ac9139b94426a|9586
1487|aa1ce9bd3af83aa91eedbdd9a0eb673d44ddd48d2f72f54bfbd3c9ad4e0c198b|1452
1488|e57f15afe29d68982b9126cdd892804c8c08ec951639de7628aaa0889752f11d|1127
1489|40a3541726eae78a6f7bd3e37f46d97bc2ffa0b9219232c480c3d3c773e95776|595
1490|0034e2c8f9086ffd10e01a65e53cae164fd4c1a646149155409559fcd5597b5e|21026
1491|ec0af719a5847994325bc6bcd6ca6a860e917d218d132fd67ac1b5d87ce133be|71
1492|64280ef41c7b80229461be2d2d2b1ab4e5a4f37f250dc3485a727351ad755b33|583
1493|c9796bfd720930e6f5e79919b3d5f0d117a90653cdc140ae2dd4131f55f76b25|904
1494|ed4886b3be9a89e89d936214236c462aa37bebf9ff491da655a9fdc57a0b4534|1056
1495|b5c68595069f23d1c3eaaa972bd89192d04e5352e6e9b36ea133553cb6945215|322
1496|aed5a3c12a6c86c2c64dea83e48dd7bda009b557ae2f70d831107c9cd788bdd0|3265
1497|60f0d9037f2217b64df5372848208e1f587fb0af607f8226e6088af6d81cb3e3|402
1498|7b7e503cc8da016589b413195aa0043c4f58ed3e296b3bfff016714e060f191a|881
1499|42eb70a70f81c82b64ee7fb8c5726934b3ff49e0d1eb0fad0861d1577e9c1e44|15824
1500|0412e3f9549e69d1a593c5e4955f2160e17fc65f254390ab5c3e0b47d9495882|1537
1501|062006e439eeb22a0795ce7d543cd4edb0bc64c9f0578288259805afd3308a53|42
1502|cd072b26bb60d225aac8284b7a7f270577c5327011c96d57a599fbe9ab8fde6e|10683
1503|0007a21ac7a9e5eb27c3e1177cb871567ee030ce4c3ac0f488e7aea03ba729a2|7863
1504|cf8ffd27a8defa5149ead70473ec0976f092f55a963c0181a41857b1f6630f9f|669
1505|7dc037603fc70967608484f9f1d1d51d7d658824dd9406a1f71e2b54a91125cf|215
1506|4de49f3d66e0156576f9a08f4cc00270504a07d2925800811acb2d3d6d9e3f7f|10693
1507|988ada99787c0fb655df26ec854202d0c1e528c8372fe709e313cd708e025d5f|4942
1508|7483de2ed04eb0b47b342039f3ae2576f71d546b0b366392152778780f7bc6b5|715
1509|d9378686837ff40fd988a99cf0e8666f271aecb536025e502ace12311545f8ae|595
1510|866288d824795b3a93060f169c6f6436274ab90a666c4c7196a6b79b0176f80c|9954
1511|2776a7a69b0e78a79133506b27a6da1cdf7bdf7849d1c9009f7d68f9ec8927cc|276
1512|ea17d28c3a6f72908f4a3798b02f2151eb0df1491a1f7b97bc66c5832b4ca31e|88
1513|cdd36681875c765471e713b4a62344fb0e5d0d2d6d6998a6a4dd0ed9269a76a3|756
1514|6e8b383e6bbc2abd58ec5cabd9c9aaefdb259b502968645f28d023e9f08ad947|1056
1515|74782767bba6bd613d9487c0332a43335f0227a20d1d67f45e9d518f46f483f3|14691
1516|fca258cc10c5dcdb4bb09d72101690ff39a58e01922673657d04e75b03a424e8|643
1517|3699ed40312bcc2fae917b1904c9b0a57096b0330933ac0b828c4283cf030563|472
1518|1d26d84e183884e29a8dc2dd2fffe129aaf71d94a8a4f8a2e0fd23cca26c429c|13077
1519|0c11edc03756072bcd46738783a7c97a7b1cedf8cd7a4bcb4a0888ba220d097a|2413
1520|74093dfe31fc773e79c4d27e9234ad4d872978d7128a1893cd2bd1e7b96a9a37|10394
1521|cd485cc92c401889295a6319cd0e00b944364b28a1c10c7b14a38fc2dfd17a16|496
1522|311aa62dc5133d59eec6a1f89eedda4734d63f6e20df933b3caf30c9a5d79a3e|5820
1523|c7d23d5f64508273ddda91ee8385b055143c0b2c9afce431fcc5ebf2abe947cf|212
1524|fcd73625dc116404714e567ebc26bfbbd96f0f9954b9c22d1b555a387726c06f|11021
1525|ba9b13ea514245cb19bdf73cc775d1755582fdce7d1be5f48107c51e06775de1|1006
1526|e05c165560ea1fbb385215a3f56c52c55f6ad9ade7335f1dfd2ffc32361448a3|5101
1527|a90ab98d8783e0218823912267e3294607421b2b9779f99c7c4393ff10fad5f9|2622
1528|1beeeaac1dc314356212b0d6f5cf3c318883ba445fc82937620f3bacba145ccb|3755
1529|c8c95a949c1ddb7c7fefc55e34dc77ebf15213810ee4e3201916ac262c112878|4040
1530|7fd6b167891091d2bda4fba062ff6923ec748797e83848b54d6a8b88b2100386|6682
1531|4aaf4a26d2ad338e3bf4b44890f7621f38bf6b7a506fb0818ffd3abc5257c172|3955
1532|84f2546e1eb3d0cb50dc5de1003773707536257dc55b89c6ec4dda2c1ba0f2ad|761
1533|6c253be3272af023b9bdf5ba4c001a32b6cd94291064e71b24588edd1bc40a9d|413
1534|290644d98ef29b6ff9703233f265f4d390be74a02dd18c74948c5a7e638dc9e1|378
1535|02cb6d7b7e5055cda9086e0233c2dc226dd4ed02f93beb79c772e47f609882cf|1002
1536|9c0ecf9ae0031bfa16341e9071738eb3a1fe6c7359e787e4a835b870dcbc4f80|21392
1537|b510bf7dfa85d0d73170e0132ca64f30b3057d00f6b9330ba79ed21d95c1d329|8835
1538|41f660085421ac706556f909b49dfbeb8440d0c04d1d5cc11c2b87e18fc0363a|11652
1539|f34f1272603be6843b124a813a52cd7b3db5b282af597f622fac8bc079bea1ad|63
1540|6a66e2baba92177befc6d49b58b43a1e0696b88db464e533c0e3fe89870ed7e3|15565
1541|cddc1ebf070b7b9c003da636d92ba6f69dbbd329f4cbea26d9f7cb301d5bbb78|245
1542|75dbcbd25076b4607809fef930a1a9c0ac8f94fe72ec3620fb890862d9a44fc7|9386
1543|434fa565206b235e9a060909c7e371bb1eca065a2f9c9a1d6978e6e232bd4fb5|141
1544|d7d8dc03b1f6150895a50c84e91b016d159ca7c67e3d61f43d9d0800b230d018|961
1545|ab7cf07cd624c79e3c0269a8cd7e26b4f6e6b2d54612d68fbcc04369072b2c72|427
1546|5e364ed4f2bf5888a893f3475625394b980d396651ec7abdd4b1763e43d1878a|4288
1547|8c19d812938c7aec9abbcafb64b28d572f92dd582e2691e5200e72757eefe5cd|3290
1548|7034dfde4b1253a63afd77618165e4f46051fef4b54e79c590c6257ef2e3cbd9|3574
1549|45f123f366577d8f691910b32e706f293243818bc8c5250105870f04d14fa8c8|249
1550|3a165cdce9d2a6cd79d3dba407f2a7c68071dc69a05568df00c249494eaeede8|768
1551|4276973b5472b18c3d05dd0d44545d0bd97d49ae8f62f7cb00d05b8eabf2a0f9|197
1552|e94042e6598420f5ea2abe5e5fa1c3ddede62ad2bf9533a3a0f0213eb8a703d4|68
1553|207359587c245aa0abe0b0e5ad18490dd7399c0297fa9aa8fc8758632880d59b|9965
1554|9e6146dca16651527f32c623f7450c58a0ec4d8682277744ce47654d1bd2dd76|1266
1555|866aa15af6b30ba5eab0ea8e92341984fcf373a433f2162d3127b59e9d359b59|1979
1556|2b23657fab4a8cb04bf3ba00c66c099c6893a069f39ca2c251742b0bd1ae9629|2768
1557|ceafb7491a1ba6eed7d91ec1483148a5f2d2c247c68fe59608ba796523dffd45|202
1558|b616ece1aa4c8e8ebf59917f2bb0aac0eab05cf6687d47a576e0df0ae01b52cf|942
1559|7335ef00d94d00f9c6af846395e7b749fcc6c67439fd446f0ffe3dc1bebe232f|2190
1560|5b62764d61e1698bc14e3c7a1ca16098fcfc28d3c429afcca8e58fbb2b717fdd|1059
1561|2701934c65dcd8224f5853820943a8dd125ae9f49535bd486ee0d5221fb0650a|377
1562|5a3bd7d9d39066fe3f1abb814301ce902c125613303bb4bdeff28fc6c4a5d93e|3168
1563|e47ee1c67d2b8e2c1ef2067bbfb3ea1feea4256cc8e9883d4849a060ea2a1d90|8168
1564|39d3ce063f5c0bbe058e2e2ae4f2824c27bf152250629b40f98a9d0254580764|563
1565|9c3428a0db0aff87a2328d644745b9886dcf7f299183bc7d61d43114b7a3ab05|387
1566|cf9a09462014cc9c2857acbe0d2da48b4d8995be874414c5fcac1be9b73b577e|3041
1567|531302d6487e60f291f83626b7f051b407c7736327b2ced9f71a72292ed02fd9|930
1568|cf2a6df57a2ea536074ab778e5e1e820f223ccf2ecb9651958111e14e7b5d6f3|332
1569|9f99a0e61b3399b648b97fa19d0dcbd64dfc18221e1040562a9dceb4e8d07252|14402
1570|dfc1df280c86748b686606edd9c3f2625ba32ca23c03dca448673ebedc9c8544|241
1571|c7e86102682f7aef854169deeaf042a15bd47de045919fbf510d476a95b12da9|20157
1572|b345e3191e195469ace7c6211eea71875f17998d982cf0907bf61f74a55dee4e|404
1573|32bba628cf9f53cad25f95494f99f4677474494c9df292fd92fdea11fc3f6382|5832
1574|3bc56bbcbe99392c7b00d66cd23c106598cd32b0377bb7c575c67bf1031d7ca2|3309
1575|82b673567adec7d5652373e6218f3bfbd74c0d37b9de92b975e2ace777303b72|361
1576|37efcc153db94b7179ade0fcd0bacc82c65042edea75a63f44cee7a47f70635e|505
1577|dfd79a09f41f4a0d218052111e3e6900bb8a62cdae2bae3943e49d59ba4f9ee4|2854
1578|0649759e897eaf6283954dd5a62959e4239f8c14a49e49906c55c07cf312d0e8|2001
1579|d3fe5ba37ceec6c97396c91ab3243fca0d5884fa84b53fe4cf8373afc95240d2|1176
1580|bf328950f912ccd44f9672f30f8529c2fc74807aa9066a591f6fcada7f5007f0|5085
1581|3d87bb328a96387d5a95dfa0ce0b890eea24e976b7bdc46ab8c44a29e8ee8f66|8732
1582|2642a56ccfcf5792d641c08d26971f39d3771bce5138c39a703e1bcb08b7a4e3|2035
1583|c6c4737ab8a383346d309253b39ff18c5343caaa8fb676eebf0d07b2b7b14fa3|6078
1584|586dce9f131ee62b6ea7c6c2d68b8137e47cde4794fd3b73ca8184bcb2e8524b|9487
1585|03ec6dfde86eb78371fb2051206f0effcff498f2be0d1688fc6d0418c0b9bc75|11136
1586|f769cab708ddc7f79e5a8ac8fbadf40ad6341da646876bc18afb16877085b89c|1931
1587|9bd3c1d003e1187c7b2dbe42c8969124390c39d028a4fbb0d7e5f2d48cad83e3|2172
1588|c1dc6e54b40a633a1c35a322e12cd9dcc62526eaa8617b12760a401ae97c8efe|12935
1589|61edc425e5e7a6ee8fef7b479ec898067a06ed5f400e134bcb150705068c5325|712
1590|add9fdeb396516605287ccd0666367b36c61238fe08803c9288ffba6768094c8|1726
1591|cfd57bc245a74fed50611be74516d64f461621c5e3529c6219ad97d23b320ab9|6952
1592|c4bb0616053fae034cdc95ea745c5522d306d8879daea4b6b236ee54df1a4613|2738
1593|588390ffee10ea68b4cd8d22da96fcb32efc519a2248457e82911ee11fba343f|71
1594|0a127a6dd8621e64210814fd11fed73306cbf21de812d43f0605f9a6f36f1214|931
1595|f8891962814ec8229419980470f5abb34682228f59042ea698b13f2f63ee4af1|12314
1596|5d7b7eaddd295321ff00015f4585437d7498efad80dd8ab947304a52eb3534d1|6
1597|e6c0e8c04d95410419ac018c809ef8879ea18e730cce0eac85f807fe1068df88|11052
1598|cf233fa9b9a195a42c17162a9c6d54c7d3454a4f3ee850f2e04b90153d1a1770|1518
1599|ae961e56247b56540c7701c491b184360ec4cd3d9555da62571a9e48c121108f|1159
1600|169d3b44550d597f0bdd7985817c76c600293e9cd174aee061051443942b3ae4|2553
1601|d13f3184b8e28007b351e5c1e0becec85df88ee511323ba30b4830e922b96a88|599
1602|29e5bb00165f9e6e5895b43d23d0d00d5a3b782ca7b1e8415b255b1e48a201dd|3305
1603|07196e1e971cae9dfb3067ce05a269a40ae7a1e31c1b0630902262c27b7b851e|3103
1604|c52710970109643d4e6c7e91de00837d19f5b61a573fda09e20bffcb23abed85|85
1605|2358879fa8c23b472572620f392ee314c00f526ec6527561f19fa131e94f816c|1290
1606|dc560011b22e812b153d4190b12081f97c1b67165d3a79db5cf95e2e4f774581|7014
1607|dc317c84c31c8df05c4e8bc11dc9e1903cf32ed378f8b49798a14f6e411c4b3c|2343
1608|3b97b48f95ddaeee43c69fd9e1a5995845010f868cdc40e18ab7c1d90e06b0da|582
1609|21594d23cd29c2c5eeacf29e4f11b6c7219762407454dc9eaa9c588cf26820b0|1066
1610|520d492cdbc8578d107ac19bf639dd047886f9d758cc0bf18c74abc4505bb177|15149
1611|d4806af462c90168f82312ad710fce5bb54c34c8aa045508eaff1290a54b3311|5236
1612|68d9b1eb896fab951c93ce74269501f93bbfa36a084e1c51ad9f9c76cf7d520f|306
1613|b04b617b1ee97d74e97b1a8d550b99f65e1387d7a9776cd6947aaf93c8b82081|2817
1614|f8d5bfbb0cb0c9cf88742ea8b49f23242906485474a89c1ec66fbf7b3773ed06|592
1615|e2e0b420e921bf4a389840ae7e0d9174cab3b250588cba5992e3adfb80eb2073|2777
1616|91cab0c52d8656a3e320d23bbdb198f07d2af4ebb8b6138be90ebe837698a32d|1681
1617|aaaff3bc117bb36836202b5970a0acdf4cda1e5099200529be169d5ad2ad408e|18269
1618|b9c10a9ce349e4caaa4a4362329959ac48fb988ea9be0758968cf908495807f4|841
1619|eace7fc6e18d537577c2f22bce4ffceac9baff1c35db61ea1b1c31e3b6d77c47|55
1620|9610c0b27da3dd9e5ea8a01b38160c43c708cf05de69e1f243c2549fa7289710|4617
1621|ad7e5b3ceff19d025c093c9b84cd1a71818ce0a5501a65d7fa7ae848aab5b430|1308
1622|d518fb391e7ffbf0cb053b119d2303266ab3434c749ccfd055f603d65ee37a5a|6004
1623|9c48fb22e62b30e6de1fa8503cc9a9f38415b9eb71c7ab689678a83b3f39b7f9|3152
1624|3c44376bec5eb3789705324293cdf025636bead1cad93d219e0103e8b5ab03f3|292
1625|1235842570f2caac8a62dd43e2a3a567e63059dd6a734cbeb314350e149df8e6|1278
1626|b721819f25f2c4f3e26b8038ab514e37d40743b70edd778d22d57e00fd7cf5eb|78
1627|4179a0c06c0db2ea132cd837ff807c2c64ecc9cc4e87d765bd4c23a5c5774380|7538
1628|f8856fa59a126fcf00ecca0e336fac1bdb9453280726ddb57b9071a0707aa3d4|6855
1629|ab473e92f09a326fda36a71300568c08ec38f6f5c89bf4413bfcaee56e322bc0|600
1630|3d6c0070dcf598d5660aca7cf60b5b2b9d41c97f977ff17a41d585ac0bc43e84|1141
1631|c076f8b1efd1fdfadf3f36aa7a43734134d01e824914853872c82a1a134c873d|2500
1632|80e0bced94dbec24fe9ba3e7e7e24fb85329c0afea66452e0d6fc30f6335fbe0|7052
1633|88d11b8b0e04d69a252e203811e2f4b124ef8fa0442377f86008085177b60942|436
1634|b9200384064356bfe08eb3bd9025ac0326412fcb6f74fafbeda159357ae6ed18|8691
1635|fe6017b71da09b2c4fb813b56e1bd35c58cdbef164a18d58248da30695ccbc98|164
1636|7ff413fad8cf96500d53bf94df14ef92633a96211f2b85c500e69f93eecd59da|13813
1637|ffd6ec4f695f46276752171c81e54cf9c907c02f966dc1a2d7bf4a0dcc13b097|675
1638|0548296f5dc221f197251e6622184520f4a0d6f151ed1bf52fc1941de1b30e55|18190
1639|1a801579d2dcff62bfbacc19920f0251d46185592ce8a2b5750ef5bd5a916fd6|80
1640|d9d56a33f31d29e5b8f6b7cc4d54cdf4c9eb104e1af3f5d20844da25936d1964|1485
1641|e423ffaba1a1059f462a54a68c921dc4be48f5a193b57bb6cd89eef8c6af3bd5|860
1642|3e69da5c6fd1b8c7df1bfae70d279217ed9edfaa75eeaf76ea6e657e82401b60|869
1643|01fbfe9d1530137d415defff1547665fc0c4ec953ce9e7f099bc43763645021c|10255
1644|69238f667534798a19c0a5a70c1b005620c731b82622128b298b856bbdfa05a6|359
1645|0bc8c904b77fb4de749fd4b62f9171844ed18dde4757403acf16d764dbbbdabe|2607
1646|414ebd44e5d114738d47355e36301d372409666b039474ffcaeb74b49d4d029d|4425
1647|4dfbc298aa7485f0899c8cfc35454b836f66ce353ad53abf0275e1d52ea18712|32
1648|3cb69bc2fc1df520f64bd81872da048314443a061125f7fa4cc13ac21b529182|606
1649|87c7010cea9b493cd743190dc123a610071de01b9c15b02b28d95835c327a93c|3857
1650|d85baf684f2bcfc19dd0dae65325f1843c8c5e4b1999061d022d45019302d648|3867
1651|d75c0a1d542fb5e490b2609aea40344dda84c18311a3de845dbcaa82bdeb3b12|2122
1652|da8cf29d22660a7690083a77c2c014ce757044d809cd3e5d3c076d7421260a76|2132
1653|c37cb2e754e38e653b62c77ec35fb9bafc9a7add77ef1e38977e0ba73e38e587|7261
1654|7ef3bfc1b8bdeaac8f5a148c80e74d4b5b30033196bc771eb41f372033c48c9e|121
1655|f2db348c9f6b4862f6aa3b96d072920548e728595249798ed69afbf05a21deae|3008
1656|b84fb438491b0b03fac55c3f9d5f99c74954c216009ddc0d9f5082506b619ae3|556
1657|189a17b4b3c302ca6e34ef6f6dd6e87df057eaf60a3a3bc875a6ab6bd0c403be|452
1658|009a4723ecfa67008af0f732aa8fd6dcdeaa7a338c695a8390777bbbe001e949|78
1659|cfc6bc6e818743548b5fb20396cf46689d3783b71fa89dbbdecfa6bede3e6de6|1382
1660|c78a323031ef5f9fb9b8739674260dcc86cc658ef8904665c0feb5f2eb56757a|1385
1661|0330fbef9fd1785a989bea4c3648431aed06524c702dee5a3f385fd2b85d76a4|956
1662|c5b26511e0e38566fbd1741946a88f953d960897702fae0e590d409482c5553d|102
1663|57775654e69ff5b0b89fa0c90a9c0a81f9c5d875dc544d4d4409f91458efdb8b|15
1664|491a2163118e7c26bf5577220cbb47615c2fdd3793d512e00c0f41393f1795c0|214
1665|4e50018ba3875d14b324e733cc5a5dbf1f86072c390519110ab23e3e83190f7c|10255
1666|c93e97595d4ad67dddc4a43ce17a54208f031c47dbf930fb750e258ca2b0baac|904
1667|d85c9d9ff475dbe5bc956ed430026e8547155a6f888d935f46ac670d907d81b8|476
1668|c52685777100e380e6abbc5accfe4bdd112e6f597036e34ee445bb80915c5692|127
1669|f32c9f62304348d717c6437566575af7829f01898da41b6ec7d3591856df869c|148
1670|bdb8903eebdcea1b429728ff948623adfb8ed6f8eabecdab5c4f923209da30d3|855
1671|522df007e14c5380f61326a94b40fb44ab10d3b8f207d587815c2e4398ae9161|2457
1672|5f7130a4b2d49b150fa0207f411ba182293c84b991897ce4d29730b551b3e033|935
1673|695b463273c1304cabeff0b30fbd4619da9cf194ace27d52bb1e14f8aa142e1a|8549
1674|6c229ee83e92293a8db6517fe058ca47c86bc814bc225d2d41ae605aa0c7590c|8170
1675|51feec8c0209e37a31f3ac1feff9121d3f618168e5591cb625f3acc6764d406e|4146
1676|348fbc58f70feaca9b5a6b28a15215bd7cf2d68d090ea8085d0fa2bfa32b36e7|935
1677|3518ee42bb05ce45f7d40acecc74eab2a2bee0efb624163944543848a84ed02b|584
1678|3bbacfe082b0b829c4441f896e9545a196876d8d41ef546a9d762facfd9f00fa|76
1679|18b493e132a276fad55ed37a4c67f0bb5bb2771be1155d8fe5c049380b76a421|12351
1680|a5e74309980862ce8bd5db98c348793dd4ff60a385b4075e54ca13e10852bff8|444
1681|550c969d89cf6ae0a8ad82f2928f1c7995f89733f981477f235914a1ecb3ef27|5476
1682|e69a58ad1b10f2d09acae3444ece53af2ba0ff94fd7bb59e872d243f8ec79057|9435
1683|dada8a1c019cf7e1e621695a0bd0c08cf31f6be64f0133616e340d32c09291db|1221
1684|e4e0a817d592bab0cff783bb7a5fb5513cd83808500e1f12a75e55375640a3ef|162
1685|b4cf44578ac8f9608a5be2968f4266829f7e05198cfb5715a7805875647410c9|6199
1686|7e09360783b88d9b6a0b74210ec1abb0f707244381605cf3b8dc1fc0cc1d7163|397
1687|cd1b7e624e1d871d2b3187f70d9670458e498a66848a8fec8e46c2ec5c271c5c|7370
1688|0e4983f75ba5ade8bd62e69699b858f6544de9e49d2ffd51d6a43129304d16ac|658
1689|519239e16f6a9f5ab3e0a548fccf7fd0192eba79ce613c1226523ad283a16cf3|6603
1690|a8a43f8fe2ff4f5ab5586792bc01cf894dd5d9047d8a0e0137f949aa2cf901ad|1895
1691|c5a4d4041a7e0baedee05a2f2a7679e175224bb1afc1b88b66dc777c15387f1f|1176
1692|f6e83ba7a27be0bb64a788d96ebb1d476e2869a7df54faeb241c99442ead2881|1741
1693|7703cc09e8b7b0a530f69e232eb8541a2ea8be8ba72225f5d4cb52c51b44d1fe|1180
1694|cd9a7530b08e48fad6861f72c176e17568dd3569871c8c40010a30d54822cbf4|6937
1695|32177f999881ee710e9bd88d7b72140c489f1bbfee5d8a367d93eebe650990f7|417
1696|64985bd5268a2494528ef8c1c9fd2c879b27ad9bd73c1d53364ecfa775f57547|4179
1697|57afb90cc83c3a1d42d65ccd5f9499cc60c97b58841f0a842a0c9f4e26ac5eea|119
1698|149bbf21e68d37249318c1f8ec227853d509454d43e093e86269f729bf0511f4|528
1699|c44196d5da7e2ddc4f6306b880a5b63f3af2f23e5005c319aaa3f173ca5dcc8d|2500
1700|db6213d388be8409353fcb4d402db67feda442f09aca3756f322d44eed010438|376
1701|bdf4d8cb8c7d068df9ad5c4d7ffd8ea90c190501e74615a91a100fd0b01fb9dd|6768
1702|2676fdcab4fd608178c549ae450fba444e78a713b4644f9428412c49515e756d|101
1703|5c8e86a53ec95296d0fe714c1413ab5266a0e8dd856bbc342de87509a1c308e4|2866
1704|d824f0008166751ae68200f5c656b01ed540b9e0a7e18c9f82ed85d9741e117e|3588
1705|10e4758ef826c81ca807b9d3d75e66bb1ad4b29a50a95ba5d4f28cfc47d49331|618
1706|5ce85026c8279b1950e5a3d817e253b1c05fbfeadd9b2d21e8b5ed2821f63da9|5603
1707|ba88663e6aa3ee12e1715197a4bae5b43384a08883eaaaa991f34d0497328e56|7413
1708|2888e00d1d286245de9f38b5eed402668e384bd1845962e573a964d408a0b452|441
1709|3b2e8ace66564cd5d51ff31532f88c0b81bffacdd55004caf05e723de4f5bcc4|2235
1710|25d5f7d1510ddce4ff620f9dd7a2f244425c64931dae859d85273222cba7ae20|538
1711|155bb9925cef6ba1b9ae767f26d76d9cb339c078ac207ab2c256dda66f0dcc40|8004
1712|9957dd2041587d30d80109118f917ed78e87446f1f0e5d7425954b89185b27c0|3322
1713|78b9adcc5c5054aea94a085a2797c82823666306c5e92302ee1f305d4836e050|1126
1714|c1b7e64693e14615ed226e1d6ff7d6cfc30ff135a33d2e8bd81959495fc95b8b|578
1715|071482514cf1d9f1f965f6f8a6e27ce4b882942ec424297d3e5f10ebfe575e1c|288
1716|a685035308254bffe2634774e3f408fce940ea8df43a605f64a8760ea8cbd79f|1283
1717|92d5d0d8f0840f4cee704d351d55cdffc1aa20b5c2b8a997be928fb04be6bc52|3633
1718|1c6f4fa22d6ad82cf6e8f99efe6e2b1c7648f92b19ed2e14fadc75c40c956d24|3523
1719|a0f78bd9c5a830f8f009b4577b8c96cabe35c4e8d6618c1db2fea3df2b1d069c|338
1720|1672894825fd22bc8a0b97480acc43f9b138a8c50213449dc9de2a99f1712798|302
1721|4e614993a89d16b53ccdef81ec7631031125eea24f93008910ebe4cfc79db670|395
1722|d56844b1dac8c6ff652472be8f7df948608a06d60b60c78be9b1233cf6c1cd3f|8725
1723|2800c2ce2f6bc779861abe07517be497ba167440768eddcf3826070d1cb00806|606
1724|a05b01aeb06190f655a3644fb2dcc6a434d1d9eb18dd330d3b2e7385c78d2695|768
1725|2125566b20083d4c1862df438dd8d3f643cee89fd6cb8653edf2cf2bc15d5cfe|832
1726|12044354419b1acb6f95a4df90140c723fdcb62afffdd8838d34e37e12fa61d1|834
1727|0f449d62f9823e3bf62ae8e106c1779276b22c9d03cd272b924c35d28f93cde1|10314
1728|721e35a66a06cb86c419c171087155928c2849540b0a1a21e62922772b524ab9|771
1729|64046d1cb03be0fb48ff654ad3d0fd69d85f88473e12a3fe3f2fe36d67e308c9|262
1730|24848f14dc76e3c9f73e38ff048e093a2aa12d919f6eef1adc013bb7a855104f|4335
1731|968651407c6f2d899f46006499dfd89bd13e6fbda878b071f2ce90f3a22d3088|2807
1732|5a1d0c97b8771fe55837cf81b7e08e0220455ac601549eda884f9de3476c1e1d|883
1733|74c88d9aac3c41f1a859216caf2fa0634e25e4c4ef9b2b86309a28a3e73da5fb|3942
1734|ad8c98dc39a32caa9601b19e4f5f8e984c219a82ac9bd33b617e906b1e73ac76|15051
1735|289c70f8d811add2c9ce8654ea18db74b716182912acb51e443c4d76ff315524|3708
1736|1719d5f28f596d7a8942d4da41027502bb7b9855d18a40a63412bed282fcc289|1185
1737|91fd852725602c4cfdb640394c3d3bf2bd7fe1834a77f9bcb83d73b25f24e4ac|343
1738|8564ec56a98d58224331d98b97d6a539167aa544b21de344a8e5b1bfb586de0d|6596
1739|0708271a693eaf46f0e0b7b39c3e45694cdbdac000b69ccfaa62f9ab3e71d742|540
1740|2c7442fe0809b36ddcfb6dc31b31d8daa41efd801e56fe9c8923f36d2bd5d46f|15135
1741|8d3cbdf075b246676ce1c00ad2f114e5298cdd7d0fa340f592136f77be5da380|601
1742|a84c9ccd02c5dd1bb5f5315a7c71f88d4bda69afb2a09f40f4380edb5638d04a|6950
1743|a47f9f815c2bbef640492757a06da75dc01a64e2509a0da5502078946acabb45|113
1744|cdeb23ebfd6a093a09d9f0772484bbd6322c7a6db5fa74717fed572dca84978a|9544
1745|e295c0f809af190d287220e611d26a67607827d08eaadb9af6401ccbb1e9e94f|6165
1746|191aaede9183e5e7abb385d5e87f56dfcb0d993458d1b8a461deef155f43c035|1025
1747|7149a4b40b130344146e5cb83e3d70c43d55f58aeba24e91e2d2d38cc66fbb38|3049
1748|24d58fa3e8dda1e54e52b8ee04aa3e0ebac0fdb78423f8abc8b30a36db151e20|10861
1749|44152090a119212f3194ffe04147774844eb7af260aaec8f4ec7c3ef22d13c63|576
1750|40a6c70c057db8b3de2a176bf42b5aed7110415ab5e728bfe9022d47efdce723|376
1751|216999d7b4438a6bb2d1e8645c086031c0fc54cf6a68f899200f963c29d0aacf|3451
1752|e9945c5e1958ae38b140c48c4fe3c328ef94f5af3228ab68472134f6930e8b09|2946
1753|d10ef8bc6e7bfad8e144434e6d155c259371648312389d24b471c2c8e37ceb9f|3914
1754|30b8620f94ceef807578bce9fc31961238d018a2b20d2c8547f4f56b3a295992|575
1755|b0dc02201680e15ab78dda3807f67c7bffbf99ef5905057ad72c1017df4b4751|5636
1756|65b1a69d88d0c2c58ae7e926d576004bb9b7eceb19d31f28b21f74e4be2b7db0|325
1757|6bbc3d2b0c9a442a322cafe71e285dc69526ca5079e682e91cc0bd8313cfaa9a|493
1758|328f0d54426a8210ecee2cad6cd7d743c921e7a62d344997bfb62bade693181c|2543
1759|7be8445f6f1d009c2a0e52ab62dc8eb59fc2af42439d414fec9ceba6ec292326|1539
1760|3fedf9f8bb9590edb56253481bbeebca089ebce8504926d7663535d8c05dbba5|898
1761|296e7486e667481f12cd10bfd0c400587e945f838a9fcab96d11258ccddfc7a8|9154
1762|2e8a6d6469f555bdb92f8ff5e7f7c9f6d7bf18a0d9d49ea6822f1a428f207784|6732
1763|706c4744680cb95ebe63ef57b0499521157f5879a9da642b43f8eb336f43f807|167
1764|3351efbe0fbb169630d37dc3b2ac17932de253aa14e34ddf9a0374cffda42917|12877
1765|11bb85976abac4ef23ae06c39ea90f0bf54f918a4137425cfd49ebfa67602c9a|663
1766|6893f2ed555d5a3c163d127a8deb02cd0e1c9ddf6b4567cd6386d9bdb57f9e74|6560
1767|c5b64542ff2fcb2ac7c0e517afa787547579f3453dac1f2911bfe59d712c1255|3378
1768|b8aa71ed9d0704a6a5d153fbd24de566c81aea335029e11a5c1bf69889595997|6123
1769|03dead010bd83f0ff9d7ba60b71f37e7d8fd306bcfc7ba7ea07dd8a87d043864|1899
1770|7c41d9b32bb3a90c4346313f455df6b0cdb626358d69229de5f09b04dac03568|8725
1771|e223a4575989504d529cfc303c22e0e27e9faff3f8e1a90f599963864e8a50d8|471
1772|158ae7ba5fea3b416f6bc2e07e6141333ad73308a1a9a081f3e57cdf0ef4e335|10662
1773|8863cfb3a76135b92d603513dae3bf24998d9bb9c64a9c85d50a3f6736c2010f|3237
1774|c01a98364accbc9b39ec4cacbb33983b4c5bcc56825ac9427971e7340ea7a8ca|12180
1775|cf4a30f2db41ec2110c0738bd6ee29e992913fba16d34304d058b3cdb00afbe0|1913
1776|2e9958ab02c3ed872946666a8755967b307092ea9b7deb99282a685157f1f1a1|1340
1777|6e694e98eb71944c85febc5409d6b0dc887d629a807453886be07fe0d3f99075|12645
1778|261f1ff34632a0498ac977ad426fcbeed68d92295965d94b62594a022156647f|5218
1779|7936fda8c3af19e6e535b8989860617349ffba030af29c2e91cd067ca8bc53c3|1047
1780|c282f8a81fe6af1d9d24281d9c9c04fea8a655327d745191cb34b69aa6ecf7ce|92
1781|9906225ea95a48665ce6781ce653858ca6709a7322ead15bafa0a3ee369ab2f6|46
1782|a83e75319a7533d7d948a9469202c28dbf7a7bef7f2c9a6907e2547f7c84b4e4|13643
1783|214bc74af2e689c77e42765e0532fa7d9e286e0ca88a5a67a77206def44529b8|147
1784|b358f241a4e452e0f248c62401cc5429f0172247ea26fbcc9da79340b26a0dee|4408
1785|f78d58ff3946e83f27f1129aac6a12791b1f58221f2303dcbeb1c238ed1e7aeb|245
1786|45c2c114f2394f567abeab905b2e86eee0e88728595217e0574497a484813ab9|9345
1787|abe2296afd4529080a13c419f3d52db68328000eb9d336fa9ad91d8d83a1f3e5|3816
1788|5ac5bd3511ae6aca569f3620887522511a1fabae0a7713989ce078360e8d5688|1412
1789|220b3703378bef200b91b216d56a80b6ea16a24501d8c66c5bf01fdbb23715a0|9444
1790|414d68b5c2b1d185007b72acf4945ffba71d4c665d51db8a9efb5a43eb6be686|16320
1791|bfc022494dadfd15a4e52f11a44947f462dddfc055d3897786efaba8ea65d269|15115
1792|86afe70c67ad13c9c22c209282a6f75bc5bf3271098155324a3524c5447d4ad0|555
1793|1d76627ff046058467baa9d3b0a6e8a83b0b920bbb42d6d5e8b4986db3b5a6e7|9543
1794|7af9c26435b74ffda2451a0b2c1e18715bfde7bc0d1dbd7b37f4f3cc9f48746a|175
1795|907560e74f8f135c4a4187d7a01c549e9b844cf8d4b6b4230a03bfaf16af1c35|3849
1796|e64588025b4bd9215c77591c62311341b26c615a529cbfbb59e480aa3948de78|2940
1797|44243772fbc35d73733512bdcdc5e8ee2e0a928d41d91bb53738bf880df61cac|1756
1798|27e861103c00cf3f2edc0e89b3e96f2c9d71a286674b8e854e0c187127ea8fd0|12022
1799|8a0f814cdd341265b702f9d9b603ceb6b30002a193e79c8ff10e70486ec53fb7|3480
1800|7ef3d8ca8d6a31cf87dc9906086ee579eda7083686e46e9896e4c405fffd39bc|3
1801|7ef3d8ca8d6a31cf87dc9906086ee579eda7083686e46e9896e4c405fffd39bc|3
1802|7ef3d8ca8d6a31cf87dc9906086ee579eda7083686e46e9896e4c405fffd39bc|3
1803|7ef3d8ca8d6a31cf87dc9906086ee579eda7083686e46e9896e4c405fffd39bc|3
1804|7ef3d8ca8d6a31cf87dc9906086ee579eda7083686e46e9896e4c405fffd39bc|3
1805|7ef3d8ca8d6a31cf87dc9906086ee579eda7083686e46e9896e4c405fffd39bc|3
1806|7ef3d8ca8d6a31cf87dc9906086ee579eda7083686e46e9896e4c405fffd39bc|3
1807|7ef3d8ca8d6a31cf87dc9906086ee579eda7083686e46e9896e4c405fffd39bc|3
1808|7ef3d8ca8d6a31cf87dc9906086ee579eda7083686e46e9896e4c405fffd39bc|3
1809|7ef3d8ca8d6a31cf87dc9906086ee579eda7083686e46e9896e4c405fffd39bc|3
1810|7ef3d8ca8d6a31cf87dc9906086ee579eda7083686e46e9896e4c405fffd39bc|3
1811|7ef3d8ca8d6a31cf87dc9906086ee579eda7083686e46e9896e4c405fffd39bc|3
1812|7ef3d8ca8d6a31cf87dc9906086ee579eda7083686e46e9896e4c405fffd39bc|3
1813|7ef3d8ca8d6a31cf87dc9906086ee579eda7083686e46e9896e4c405fffd39bc|3
1814|7ef3d8ca8d6a31cf87dc9906086ee579eda7083686e46e9896e4c405fffd39bc|3
1815|7ef3d8ca8d6a31cf87dc9906086ee579eda7083686e46e9896e4c405fffd39bc|3
1816|7ef3d8ca8d6a31cf87dc9906086ee579eda7083686e46e9896e4c405fffd39bc|3
1817|7ef3d8ca8d6a31cf87dc9906086ee579eda7083686e46e9896e4c405fffd39bc|3
1818|7ef3d8ca8d6a31cf87dc9906086ee579eda7083686e46e9896e4c405fffd39bc|3
1819|7ef3d8ca8d6a31cf87dc9906086ee579eda7083686e46e9896e4c405fffd39bc|3
1820|7ef3d8ca8d6a31cf87dc9906086ee579eda7083686e46e9896e4c405fffd39bc|3
1821|7ef3d8ca8d6a31cf87dc9906086ee579eda7083686e46e9896e4c405fffd39bc|3
1822|7ef3d8ca8d6a31cf87dc9906086ee579eda7083686e46e9896e4c405fffd39bc|3
1823|7ef3d8ca8d6a31cf87dc9906086ee579eda7083686e46e9896e4c405fffd39bc|3
1824|7ef3d8ca8d6a31cf87dc9906086ee579eda7083686e46e9896e4c405fffd39bc|3
1825|7ef3d8ca8d6a31cf87dc9906086ee579eda7083686e46e9896e4c405fffd39bc|3
1826|7ef3d8ca8d6a31cf87dc9906086ee579eda7083686e46e9896e4c405fffd39bc|3
1827|7ef3d8ca8d6a31cf87dc9906086ee579eda7083686e46e9896e4c405fffd39bc|3
1828|7ef3d8ca8d6a31cf87dc9906086ee579eda7083686e46e9896e4c405fffd39bc|3
1829|7ef3d8ca8d6a31cf87dc9906086ee579eda7083686e46e9896e4c405fffd39bc|3
1830|7ef3d8ca8d6a31cf87dc9906086ee579eda7083686e46e9896e4c405fffd39bc|3
1831|7ef3d8ca8d6a31cf87dc9906086ee579eda7083686e46e9896e4c405fffd39bc|3
1832|7ef3d8ca8d6a31cf87dc9906086ee579eda7083686e46e9896e4c405fffd39bc|3
1833|7ef3d8ca8d6a31cf87dc9906086ee579eda7083686e46e9896e4c405fffd39bc|3
1834|7ef3d8ca8d6a31cf87dc9906086ee579eda7083686e46e9896e4c405fffd39bc|3
1835|7ef3d8ca8d6a31cf87dc9906086ee579eda7083686e46e9896e4c405fffd39bc|3
1836|7a495c5b30e0abc6740871edd24708c73569019540099a9e6dd640d16631a2e1|3
1837|73e894c6f6641c312c88a0d73c934716914920846ee8855ed63d53bd605b0077|6
1838|6afd8850378ad7ac7fd1e8e091a63ae66e1e6319ae4b55b2edaea92afc3b013f|3
1839|80d204c5518d571bf2021d035cc09d871909d5e8df50e101588e8cf17f912a45|4
1840|3a41266333e9b58a10f08adb3d9190ce1456da06ef4aacdbb689d1b6d43657c1|3
1841|752b645bbd083a2c39993cf94f8f8c47742d53041d0a058b88eeb744bd374e1b|1
1842|1f38f42b106d2ee791670a582e45281b0dbf92990bdfa7dca9bb6dca9572c961|4
1843|4d63e3ab5ce90b31b8497e998d4df29f7b2afe4e43194397f6519006ff2f9dd7|4
1844|159a956e086bb8b64674c93f33563bc3a6b21b2996b39fa1b28ad81665dab612|3
1845|fd44c639b95436e508fb4d706a0c82f2b25344d9dea5ee4bd8c1d4328b787697|5
1846|590fbdeaae24d5b7c17912aa6549fa151b123e6812cc15ed246a30df095a62d3|3
1847|b5f559d985c69301fbfd6e22bc48bff1780f7c4a8027660bc6683bc206036dfa|5
1848|56675382023cb4ade4f1e2af1516686529cd85f7c43ab8d3b68e27f3679b31da|3
1849|1b722719b293790f4aeebd41f983f3a0c9ffc72a604a479502464c6fb091a44e|5
1850|9bd5337509ccffcbf8eec3a55f4ecfddb83786197c48523476710af3e6445bf0|3
1851|b7ff407e9e91eb57f4457e70930ae7e70b34bc67c34643ce63a60573ab07b048|5
1852|c5c7532a6f779038d97efdef6f1b055d91853bf0e2bcdf333553c11951e57da5|3
1853|d14833df2fb76d754523a1b37ee5ed84e3a298812f30bc3194540e6121e9e09a|6
1854|a90d81c38b92a58d6faad862289232b773524684b3ec9b16e71a4ecfa6cf9648|3
1855|8cd2e600f2b27aff4adf5deda7ffc65f335d8ea78fce00dd60d2a7d47bc394e4|2
1856|692b44aafec779046d8b7d27fd80ae4b420435cbc39e933d1b89430933651f21|3
1857|825b7add713501c967408270fd28e1b0ef1756890108309f8764549598df493f|5
1858|6017ebb1fd786adc8c437d81707f9615d2146e0b8b0b2a1a4a23b1d71913d223|3
1859|b7ff407e9e91eb57f4457e70930ae7e70b34bc67c34643ce63a60573ab07b048|5
1860|f878220248bbec900e6ce1048cf685a3f04b562d0a92ed57778cb08b6eaaef01|3
1861|effa05ed2ca1162efec97f5cc90da05f365576a83c9616bfb1a3ceaf7502d6e8|5
1862|3ab7114ad70d009d862e449a667db5650089c2fb5a150123369d810051b25d91|3
1863|5f932a71efd302311b03d89920493476cc1bc250828f930a346906aa879509c6|6
1864|bf5a4041634808ae3881609912aa50acc09c6b294e5ee0b71a4257af5396168e|3
1865|0910bf08ce03b0665f5dd442ecc17c2fac2e0575423e1d85f9ece89425c2e733|7
1866|7da9f84e1ef35b0ac6cc03838f63fe22054077c8125722dd55369c79dc94a94f|3
1867|21f5fa7a0cdd2f11012cb020b72ee718aae9a379ef85132d4c345cbe3a6c613b|4
1868|ddca4dc004f40b3b000ddfd700795a419ad127f4da58e7e3968df61f3af1c17a|5
1869|e5431e1517a3dab6490b98d23fc3165451503b260fc008e900e09234b0b0ce82|5
1870|59ea6270f4d796b3a9aabb9a8b9ceffce3add93c056c53572a85171d7073736a|4
1871|27741e7d5f59a570e1670b8cce302d3ef473abbcf2ff93ab553d652998926163|3
1872|0724bb4ae09dbc33af6adc4e24e4330642c40565a1c10124792b18db064c0cd1|3
1873|83739ed9911c99089ba18c2a72d467216efe8ab89bb662f37bf20f5ee457e579|6
1874|05ec53c0cb5a305b8910362b9b11e4c70a302cb47dff5f06fd990a808de5687b|3
1875|abf88881cf419ebcf3610135c1c6e813c1dca512a860d5497ebc944aa744dab8|2
1876|79d0ea8eaaf1bbeebef914fd5f252c4748bf4bb48175821401f807de33a43187|6
1877|cbf35196543a8917fa4aef4837cd4d722b95f34d468dcc1004aa6837e45618ec|7
1878|a77e280388cb93ab1d337f46029bc42489f8257aeca4f54c0a764c1737d6c76c|3
1879|c41227fb15bd6ab6cbde4faa247a1589c7977585700341e188be16449acc281b|3
1880|114e334a9c5bd299c5f9086bc0f50e7ec126bea2440cbab0d915cfa11e63dd14|6
1881|be6cd76a8a4f7730803e115ace35626b2c92d3733f69b07c7f50c837f653386e|4
1882|68f52c6afc37ab9b91082cd17c4f59135414a85b632fcd0bc997374eacbe0618|3
1883|6050b287e52b558c3c36fa43e1bc507d541e731e8ab2604740b23866ee86e0c5|2
1884|95774df936901877ff2bd219e581b7422b921011af91a5bde45411a1d8e38e7f|3
1885|877d280d0e9bab4ccbdcbdf9c2dd303404183a20ba5a4904de0b364d6f21818a|4
1886|b71572c3888ce5a2e62474c9f03e3a8d8cfbae6801b9a328b2c588a677976397|3
1887|78bc5dc953f5c71c3ee2297d3486c78f82a3d72cd2e6a1e811a8f42da5f31d27|3
1888|cf249eb01b20d54f9335d1c571bfdd44f0f1198d5daa5a7d390b8b522e56b0e2|7
1889|0f3b4fce2295015c9935972774047bcc679a89993e101fa63b6d29cd064140ff|3
1890|9a0bc8bff0aa07a606c47bf940f96d89ef87e69110fd35c2e38adf7f51a8cd79|3
1891|f0b04ac29174fa0dbc617935d4b106fe262fe4a64845973defc0bc8336ce0cd2|7
1892|0b9972908be9c0197dd0572e53ab402086d6a52fe8018412c2790c762cf26d97|6
1893|a882cb35f688aae6efb1df9bf77c194a80183718f3d5f7c5cb9410110671ea92|5
1894|de201a02f974a54bae72b3e4b5e5d7f561e4bd5426e73297c92a1e226c8b1563|3
1895|cb82fff90bfbff693e98a10b0812bb061994fdd1196fa19c2e1c0cacb9b84864|3
1896|89eb463cd8427c15823697aa1bcb2df9fdbaf31ed899f6081e8622827e7682d2|3
1897|cf6d0d12a69ca6c2353fb9419e700068673aa09250d8b5771a7a9f3a569fbf2c|7
1898|19ebe27aac873b1aa99232097a579e18a9ad24b912aee56e52c8c593cefc14f7|3
1899|9a23702f8df38fa82ebd34b436df8db2c838280ef6b44441726d8b1d7c4cfdfe|6
1900|6b94b919d34162abad697873837912cc58803c5f5347fd9b44ef5de82810bdff|3
1901|44e8d8e6cc05ab1e54ffd7978b053fdd253187449fb058a773a9cd7c85343761|4
1902|9bfb150db76b561c6348c96faf8eab7917608b433faaf47d56eca1d736f10603|3
1903|18663edd2a45dfaaad42244933049a36036dcd001260b205ab3a9643739b97c9|8
1904|f5c83720c371f10d100dcc4af1894787874ace92552015e6494b36a48ef7a8b0|3
1905|a872001214d55e2d4f8027b938b4391e26db16d7409c192debb94ab322a6f45b|6
1906|eca97867ace472a5b464af22eee9d5cb352376f8078cb67f793ce7f24b0ceee7|3
1907|47c7cb55d0a11b734d5640c77527d20f875a4ecc9975f7ac494c1c7829e2839e|1
1908|f4afc19ff7dab5d8016cabb3760531e949c3a526a087a7794013f9d63e7d1597|6
1909|e95aed5222389aba09e1b1693c84c81e6e885520d3ba290db009ab52d99ea98a|3
1910|a77e280388cb93ab1d337f46029bc42489f8257aeca4f54c0a764c1737d6c76c|3
1911|34d72672607e11d39e01af92368215b5331565adc7dda82e442f42c14d77da94|5
1912|50a24e8d61a1d05636d29ac5a296e032a62fb04a11351e89b8c4f42ffb2bb27a|3
1913|cbf812c7539dae932361485fd5a5ed593f3f301e43ae3c213ec39afc7b6dd8ff|7
1914|ec8f47e39156177b8b19017e460c753464de409e50d1d92dc1270a7feb4543e2|3
1915|5d77065316f7d934161b242d554da9615a1f220d4f4a8c6dd74a183a4b5e0760|2
1916|558b18dc4a96173831f272cab13ea1fc8766255689475e80a7c91db32a5e82aa|3
1917|e910acf3c22869aade55d1da295afe0120a3917ec583c074832682dfcf8bcd48|3
1918|7db06b97fbf650724433b717a27e794818e019bea4f0f684d34fddb4552dd896|3
1919|0fea6c9743826ff0df74349c71dac64103e8a3049b8884336d02c3f984b0ea07|5
1920|0724bb4ae09dbc33af6adc4e24e4330642c40565a1c10124792b18db064c0cd1|3
1921|509774cb65e79d4240d2cbe341d41b209fa362a244abc603740656a348adf3d9|2
1922|05ec53c0cb5a305b8910362b9b11e4c70a302cb47dff5f06fd990a808de5687b|3
1923|9bcdc59cb4864333765f5aa2c47a7098881a9a20a15a792e339bfaf419abd73f|4
1924|817cc451064ddd6b5f90071cc94a6f56d7ccc8f5db6bf542dd01c94fc5089830|3
1925|35fead3a830fb5d032af993ebdac3ddf79005c42818273962dfef4dbcfe57a3d|5
1926|de201a02f974a54bae72b3e4b5e5d7f561e4bd5426e73297c92a1e226c8b1563|3
1927|f935c8707bdfcf0e0203a59141666d803d2eed8ca29783eb0cde8bb6ee4cafde|4
1928|c0d3e3ac56a2ab06555dca7dd562522aad1f9fe84d5ddc7d983e6ce937fb8413|4
1929|3e42bed91e4bb11f5a363ff90bcc3ce752a29eb17fb6cdda42fffd42938eed69|7
1930|1d35c0b6eb1b340efc622ab1d22a4b5accb66b72c04da9111773fb833f887a7a|3
1931|061032a14c9629a0123a3e0cc51af47c2963a24213e0c8918b1d2ffcd94b549d|7
1932|95774df936901877ff2bd219e581b7422b921011af91a5bde45411a1d8e38e7f|3
1933|9f6bcde93eab0e4958c1bebb7bf61f74739d945739725ae600da943d030f1c1c|4
1934|b4479983d59ee143d1e439816c965e83feb77fb3986bcae531f6316e28e73ad2|3
1935|b18a30ead054f4905b415ac23b6bbf518c5ef15f06bfcffa3c251eca8832971c|6
1936|e57bf5be9012d9b479e20a7851611eb3b0f1024c17c27cd9ebafa89d33b28d6c|7
1937|4f38e2400e2844bac7e6064850e5631e342fa00efc7f2f272dac3dcb973d029b|7
1938|14e14a4f5fd032a02b3fa8dc55c781fb541a5ac8c190c7574c15528487a90cb4|3
1939|d872e83adba24c979ed66f29c2ab8220f0d2c813fdb33e995b9edd700824bf39|4
1940|487d32053285838b82382531da107cc19d30a89a50d143a1d66e39221f9527da|3
1941|4e7d86a21f861f7971fe3763517a4a594d015f58ecb03fb227b215ebcf23b124|6
1942|de201a02f974a54bae72b3e4b5e5d7f561e4bd5426e73297c92a1e226c8b1563|3
1943|73af245d80c506d9fc451cb317f49ca7e6f9192e042ab8adb368181a282842d0|6
1944|a022dac2236a51206b8fe2a5a27cea821e766c3da5246f9d32d406229adc22a6|3
1945|a29350398f41cfdf85025abd0460afd7da296942443798b654775554d6f28b1b|5
1946|2d392f9b538b1c1a61a709dd0f29553bfcb5d2dd00e64ee1f24aeb34f3903e9b|3
1947|49a48cb066813cb2558035f534907f3c5f3e8629f12fa4a9c4df98b6fc35b389|4
1948|7bf3ea940f40f2404dbc34e16f3a97de42b71e2e20ce0d79d29d5b4981b92fa8|3
1949|a9f971a05580a3070533c55c30a023ff2ff4b281ccbeb022198a6aa5595c5ced|3
1950|de201a02f974a54bae72b3e4b5e5d7f561e4bd5426e73297c92a1e226c8b1563|3
1951|a9c272609e9315275e7bc4fad6a930b8f7d4444b1040ebf36c69424d6046dbbd|3
1952|ea76e768398f9c20e705678021d7ff89e16724bc6b7c4d610c64df40fe989e4d|3
1953|3ddd9fe72ef26fb519fafe180f7a9a55812e63f8cbd0e1755d43d074860d706d|4
1954|aa14e721c174f105a869f521d24e971a945c3deeb9530ea81da3532c08a0e940|3
1955|3e1d09b7d73c21323b8d34d3c675ffbdb8a14004b634987094b1ae256e8ed4d2|2
1956|748424e8784412c89037624eadfd8d040316ba01a977214d8caec3153d487ed3|3
1957|0014609a77bb9539ec40cb5eefc522a534a6fd513d43414e6c346e85667476ca|6
1958|3ef01f500703bb5ce1abfef7a3b20a2bdf96655e15d55c611f1db727b6e45da9|3
1959|d236e6b80a99d2f1e2fd866958faca37b4365655fa36c53726dba4ff0c1fa9dd|6
1960|fd21f2707fec67af52175fc63eee16c278524a8ebf0ed3ce1aecf2ccb8f6f3b1|3
1961|4e905b60e247ca3b5f0de86df5c5f685ceb65cfe0451041913aed1d95aa45355|5
1962|08952557d5fca86e7c5f2bde0cee622b93eab98c43904e231ee62b5be9d73eb1|5
1963|eac7161f3704b9a9062d9a254be0f2022187b6cb5d14fe5b35fa3088b95f031d|7
1964|8a72f1d4b422cd28d17e979d2f1f63013d99ab0b02c827f620a6d285750c86f3|3
1965|0f2eff0557a868e8463fa8aa2868547fdc4ff8f22be1b15cb25b63169adf7e68|2
1966|de201a02f974a54bae72b3e4b5e5d7f561e4bd5426e73297c92a1e226c8b1563|3
1967|34d72672607e11d39e01af92368215b5331565adc7dda82e442f42c14d77da94|5
1968|8fa52d4a5496161dbd5d94aee8671013ea563d62cefe18c95988930cf64908cf|3
1969|8050109358f9c71e5c16b97a0edb6f45a5aac9b2dc4dfd70bbb31b97847451ed|5
1970|9fd16cdf335675e07787ad20d179119be4c62a939b42b2788d5162c2c668ea38|3
1971|f567fe05fb7b35183a793df93cfa18cbc87d1afdfd9f9cffad9a657a8e4a5ae0|4
1972|e041907cc14585c52dc6289c3a91229680740574e1028d0ca8943297ac77572c|3
1973|cfcd284516ab682b134b1bd27b80f801bea74e5e60d859215b0de6f4e22b39ec|2
1974|cc4bc0b51c08bbd76405092e29ce0b04eb5cd148f59df4b75abe7864a2b5f2c3|3
1975|81cf1994d7ea75bf6d5253c935ab4fce187bd8ddd893627a1f68c397f03d15d2|4
1976|ac786a4dc6fc2a343622d02265c2bd920a22a4771e2d17c0412405aecafa4f55|4
1977|ade6758569859b37352b052630f6011e746ebc057f7ab876e942c4acf456bd73|6
1978|1a073588ab9ecf0a9a22124a00948b9106d726a74633e7ac0869763780a5be51|3
1979|0eab838acfa056e5029efc949b91331806c09599086b80074babe78837345afe|3
1980|b39ac94faa61bd5b240b5b01ad1773d5502a314876e31be4223d55700bce9f39|6
1981|16210ca103d792e50f2a027f4c1c33cb779c3f252022561f754e929f5187785b|4
1982|df9e2ecb7b71c62d166810f3b4183c39f7bacbc776121103450917d8708cab62|3
1983|86ec2941ed8a16568dd3e545d278076c21db450d94783d1f0e307ebe35b667de|5
1984|efc016768c901a7cef95c1324f2a6d672eb6df78c070d89e0607238ec169ea05|3
1985|9871124d9fc93c86a3ab9e9be3ff6361e5ab44b427b72e9d992c3edd928a69d6|7
1986|c981a181de9eb4b70e27d2755bda748dcc060f86bdbbc22c3d22daff2ff2afd5|3
1987|6fb069823b318da083f70438ddf79bf789ca069cb71a597db817f814115cee21|6
1988|b814a305e146ddc6acb1af3924d7eb96696629f7adc779665a62573a3f4cd306|7
1989|2391da5b6ffe44812ed2842d959a015af9ed6308e57b8d64414f10ad3eef0458|5
1990|a5a4925585c394cc543072d574c244ae07311934d68d878dfde3cd89aab6621f|3
1991|944b8d94926e20b54b1cf1359c202141174f580091608bafbe3007edcc409194|4
1992|0057974977fe4b25c8cfeb9ec698e4226cd58853bc4fc1eba22ed806375ab95f|3
1993|696ec199b71e3049f354a49fd1d0ed7f30c58eba0311d46202d3ec418a428357|8
1994|026d744cdaff987a04595dce97ed1c95d0f74a3b698d75263bed4669a68281b9|3
1995|c552e7edf206eb0759cd92d7ac16fc955e1040c1e75b9211b13acf68a571fd4d|5
1996|95774df936901877ff2bd219e581b7422b921011af91a5bde45411a1d8e38e7f|3
1997|4114090789840b9f233a649a12792a5c15229faa7a9e39ab69b1f3cd31de9b44|4
1998|de201a02f974a54bae72b3e4b5e5d7f561e4bd5426e73297c92a1e226c8b1563|3
1999|1c51f455f6199d79d1ed8486103fb2aeaa9c799c78d82f3fbc743ffcfe2196f0|6
2000|1a81429d07992569ef5366f259bc205fab495fb43b68328e289dba1d8006ef6c|3
2001|4ff5004aa1456f746523a38b0fe1eeaebb0acd6a3f9edcee06aeb321c79ae7a8|5
2002|cd44f84e558dcdbe3342c1bd092e4afd95a7d20e9024dc2ccf36025d76beb35f|3
2003|21438301451a42b85d4bccaeb6d346a1407173d08bc7c22409a498d9c2e22838|2
2004|95774df936901877ff2bd219e581b7422b921011af91a5bde45411a1d8e38e7f|3
2005|209621edfc8a5961523accd8c50b4f7be4b70e6e44ea506270c7f4d018277809|3
2006|0e2734418b7b0f75ac07d912b3492e850f36a7b04d53b44501091ca9f89c50b1|5
2007|0de3cf36f898ce4727fdce2634a984a967ea61fca7360a24041d7ffa6f11dd3c|3
2008|2789e6c9cd4042be035d4d9f521f1e851a76fb095b050527c0a8274209af3806|7
2009|e100bda6744a5e5c349a9f23145b01c3d624d959caa21c0eafd68168917d9697|0
2010|d43a7027aa609780552fca4f6b9025d954b69542b0b1ed5af83097e1ad036c85|3
2011|cce287ac33b0f49949bbee2422d7a3a7f34e8c7f9078a53868e329ce5a868892|6
2012|95774df936901877ff2bd219e581b7422b921011af91a5bde45411a1d8e38e7f|3
2013|6a4f18b7356a62c53a494b3478e0d759f39f52d0a8dfb8a87afd203b2f5aa2b3|4
2014|de201a02f974a54bae72b3e4b5e5d7f561e4bd5426e73297c92a1e226c8b1563|3
2015|7dab7a546df4595f5562c52f25b24add291bb9785d6dbfda08562193f903663c|5
2016|3a93eb2603b0d240eaf53ca35ae02214fbced747c90458a1d0f288e0496702c2|3
2017|1b722719b293790f4aeebd41f983f3a0c9ffc72a604a479502464c6fb091a44e|5
2018|05ec53c0cb5a305b8910362b9b11e4c70a302cb47dff5f06fd990a808de5687b|3
2019|77684fe3ff873c1012bdce26ab52647ed0c17e30196c043c2e22a2047dc1d8be|7
2020|55d08708005ea8807cd69778f22354efa81518084c3178d5517e218f4ae2cb0c|3
2021|18dc5aa2c76c7509844e51367ec21d87774c7952cf1d5091a98766be3aa8aa4a|5
2022|c4e711c447cd768f127d82e32074438e6f782089a54c1ebeee357ffa9817dea1|3
2023|6d48f81fe5ef3e867b206b6827abbfd963e37a85b14a619997a071b77cb0d80d|7
2024|f2fca2da8bde88d56e0a455f2954ed1f10a98626fc60daa98f28e7aa54425d30|3
2025|013b52a47016555a2f9ad17e82f7c3af6fa8825d8ee2bdfb576295edaf4a9e6e|7
2026|9c55ca35e08196003d70957ee6e2a727729d70dd421084d149ea37a2a22e4549|3
2027|8e09e5c824eeae332ffa1054f98ae9c54bd3d785c7bda2aaf26cb6c4c669ef7d|2
2028|014a0b2c83dbb51edc35144e1e412aa14b4b634e11cc88be7a79aaa765f0d437|4
2029|bada4f8058a3104f7dbae79b51b816d59138f12694fbf10204746270398b66c0|3
2030|de201a02f974a54bae72b3e4b5e5d7f561e4bd5426e73297c92a1e226c8b1563|3
2031|8312127eede6e06f4f709833d36d862124c40d3f2cf2a73f9f2ac67b830ec9ea|6
2032|06d80ef5cb1b67914d2d2071cb5236f7c7ccb2913a9906f5e6cd2f231b44108d|3
2033|131980682b0b4733c17832d4dfd432e9c78f33a37445c55996ecc62a5e88c904|7
2034|d43a7027aa609780552fca4f6b9025d954b69542b0b1ed5af83097e1ad036c85|3
2035|d822214f78efd2718a405edfbcf246c11b42d9fbab8db9762675222fad081ec5|5
2036|addde052b51af7159562cef32d536cdd1f3110285785a1b3dd1d974627becd39|3
2037|b86964be51b8de3bca10aab50a5709fd5707ca0e3d5a9d4d0c7c8256c1b0d29b|3
2038|9bfb150db76b561c6348c96faf8eab7917608b433faaf47d56eca1d736f10603|3
2039|908deaaac75990c5346674b2b76f342e3e66b8f6da8aebc6b6b292e52d95f600|6
2040|809624b396d35854620d49a0fdc846abc19d6164577377c9e351d74889c5fa34|7
2041|58c2c502bad309bc8268e392cc637257d4ceb60c06b618669a69cd59a6355d75|4
2042|2c72e33a06e8db681264eb41102ab88efa1a8599572dff78c174da4349fbc3e0|3
2043|84a938b5382cf52735634f6b22cf9859ed664178a2e3424c775bb7178a90c6ec|6
2044|a470cc061d6f1408c81ea448f18d7fe89c90fb0078d4be8a11ef5244864ee9f0|3
2045|e9828f301a46d8b409b46805ca33b0c6d1f1bcfe773a34c052b2d260659b7417|6
2046|3eedb65bcf6ca7e3453753303602138d5b234e9c72381421184d0276f249df15|3
2047|aa8df12106ec254511c01cba094070e20f6a5baaaed8a506de61f49c1156b1d0|5
2048|19eaa3c5d8036b7611ce06d68b84c47453caacbf50fe0ef0700def878235a7e8|3
2049|ee0230e347a31de48ecfa9456ee5ec497e25784cc2567bc1db1bc4b95e66e8ad|4
2050|d43a7027aa609780552fca4f6b9025d954b69542b0b1ed5af83097e1ad036c85|3
2051|092b31ee2c0619f0e95558f1658feb6d8814b709c93594883e3b3f513812a012|6
2052|fedabf665c39a5ee69cf4f5a212bbef79c632028fe9f4509f200aef6ee174639|3
2053|0e2734418b7b0f75ac07d912b3492e850f36a7b04d53b44501091ca9f89c50b1|5
2054|002d1e7f0c95390c3c30b7d090c509afec25b164220f0adde0fd7bb46188600b|3
2055|b7237b61799a9cc938dce5da5591642634dd2c833a0d4679e80ac00afe2a8697|4
2056|7ad38a0857395382c2bab30a766f94e0cce6492fd492c478cb7e1104c76ec405|3
2057|ee587e4b7271a52bd1fc3307ed26ed0438186bd98cd1782315aec8c20938d131|6
2058|91d17b95f6e3498575127abaef2d410ee3b2c1e60667f30068c4948b2369c1e1|3
2059|821eaa8667bacf93d66ad9ad635a505b4e83e0788c66d2420ed4380138e01ed7|5
2060|c8b5a91cd3e1afe4c20e83eea5505378cb537b26286ee5d402d27c0093777993|3
2061|9debcb80a962bb82d7240d0131d4c9032b6d0a52b24da481b9e572d0e23a127e|5
2062|a77e280388cb93ab1d337f46029bc42489f8257aeca4f54c0a764c1737d6c76c|3
2063|7e7c3a7f516c54aa9b8caeebe0cf2988a1d47cf373db8732c7a734d6782ba6b9|5
2064|2b6ed27b36f6f5ab92b6864da2bdf54a2580f208cd075a39456d46ee6db31973|3
2065|696ec199b71e3049f354a49fd1d0ed7f30c58eba0311d46202d3ec418a428357|8
2066|94e4b8de1357669cf3de29ffbfee2cdc6a712b2cf17892f583bb3cbf49a2782c|3
2067|f6bb714ec4ef9cf7bd365f254562b98bb20e9562faf6da227215bac6efeff946|8
2068|3c8573d32a556839988a4d41b11a7ec3cd45ab255da593d5fbbc7d81a560f06c|6
2069|a3608e2473c2254c5163216602c8f988ee7b62c06d2aef1afdf4410908f203ca|6
2070|6f84b43bbe02e1ec8979b8707b641bad08c5d56accf845956c8f8f4fcf149fa6|3
2071|ee07abc12bd169394c7aa52d5564e35b55efdeb973a2db005f1aff815c4181ed|2
2072|83f73822596d241c4b52aa8d95a1838d12b6a48b2e7b90127e128c316a7a9f14|3
2073|1b722719b293790f4aeebd41f983f3a0c9ffc72a604a479502464c6fb091a44e|5
2074|05ec53c0cb5a305b8910362b9b11e4c70a302cb47dff5f06fd990a808de5687b|3
2075|8c8223116461ee36de7c3bc24e09a3020aa728defb0bf412a3a857109a66ebde|6
2076|00d822ab69a19651061b8a5c903d82029127aa98ee403eea989a317d3f5d442d|3
2077|4a1e4c203f71d6722a0b525735e4c8b638043b1cd326fa0bd2dd1a0b0ae9cfee|7
2078|5cbcb581da7d93387fbc9cc29356bad850d1bd4746333ec40376192ee6f83382|3
2079|00427d4d660dc03bc8b3b55a98c8f8a25f3384f23589eba80b0d550c6a795871|2
2080|8d9703f6e63c22456ec35961f230ad2af3e179bb1cba6740a9e16274c0454886|3
2081|0e6236d303c8ee9a057e111f0d810c250ed98159954fd3d4f6cc46af262e57ca|3
2082|003719af71225e6d7097fa0de9062e973101cc8a5444701af3f47eacee9df9c2|3
2083|705a7afd86c0cec3318d100b956ae76ca8aceb282a198c7a168264371c8f35d0|6
2084|f288e50b8f0574c89e5b2f495d68e498b3e272e6bbafe7e810c20c82c50d6ccf|6
2085|2fccbc724225c5dc419fdf44f7ca3cb8f7821d57e884d5e74ee62bebe6c7f435|5
2086|60dd49c5d1a4d71031d2f9944f4dbade3c5271482b2505226d8c3245a46ff16c|3
2087|f9ffc47fb8d0d682d1280cc546d364a4d34e3bb94478a59602d1664cde154334|8
2088|0724bb4ae09dbc33af6adc4e24e4330642c40565a1c10124792b18db064c0cd1|3
2089|696cfb6aa6c84d891b3463b9dde427409ff0b29baa5a9f7218d969b3490e1835|5
2090|ffb1ffbddf790e048f5a4552da28708726bc2ccadb500a548bee6f7711192a4b|3
2091|d508a80ae4246353dd0f21822587e7e8d68a7c363b49eb1ad6b6ffacb651a868|3
2092|2039484e636b7661f5435226990af35c1736e528ddd3f6e7702926d376aaddae|7
2093|4aeb59ec26ee79795917c4fcd652eea130e2a86f05f4486cf2d9a0ba04251b1b|3
2094|212f94070c4762122c118b97c3a9e33d3b0492414b2835b338ad833b48b368e4|3
2095|6d1aca7cce7f65b5c1ec2db0fb8504f1381bae9c0216a4e475ef472c25a574db|6
2096|d6a43980b777accf413f2bfa814a8791e5104d40615fb44b0dea350493c5f2f4|3
2097|5c7cd9a4fef60f281b102c631c3f4268faabd26cb7404bd7d71dd047ee083ce2|4
2098|70b66baf6da6f7caa82a41520b530bea8da9e0f70a6ade45bb649eae79a6db50|3
2099|01f6a05332b17cd0502c472c07fe1a82eede67f3d45cabefa0179abf643b5a7b|3
2100|67f495b141da25dd2dcd9b2fc3680374399e0f418493a26815839218877779b3|4
2101|8b99b69a304396ca747d812ec661edd0163c3fb8d091b9642f0fbce4be6a46a9|5
2102|d2729b1f4e775991df92d6f7651cb4486d4ba0a6b8b38497b8b50a7030ae5448|3
2103|dbe01de79bffb6da8f0db5cab09d8b91d2902d7d0d0e8962d88e6a65e404f449|4
2104|7d4320320942e76d48a1310cd78dbfa791ce0429cdeb0c3a718dda7ba83fb1d3|4
2105|3d09e768b0c639e967da1a8bef2e60d2f84885b25f4a46c04dd717f6d1042cf6|2
2106|23b785203e64d075df17630e5c7c3e4e9a8242506519bd57e7b73d8da75abdd0|3
2107|afe5c4290c8de45edc7912090f9687382cfddde08f6c8e9f3ac750a8da1b00d5|5
2108|91bed78f09a33130699f5ac96398db3b114923c04a74b921552a850b6d5b88b5|3
2109|4f350dbdfe60b84589dcf0499a10f9209265c4608816de3d7be1fdd7bb0e718b|4
2110|6b13dcb2f6359b8b6d44b54866d06f96abafd6e535f4195cfe8db6317c69d155|3
2111|937832f5734903978903d9d8ea6197d2b1d013b8fbd7a4d9a60af63eec9e60fa|5
2112|0f96e44f29825fb4b3aaa8b18a8e81b60987a379a0aa45b72ae3873cba3b311c|3
2113|2789e6c9cd4042be035d4d9f521f1e851a76fb095b050527c0a8274209af3806|7
2114|23e17c7424e5e4c42226734fa4964be35d3f73440d97b8d4d38e851145924889|3
2115|e11b27bdba6f1aa22b0e50d7d8179f4a095b123bc7345b20910677395c612878|5
2116|da7045948d3b94276df3664cb3d2c94e7fef563eb6a8db1a432b078fc4f06bfa|3
2117|59da197e08d4cd0d8766aabab8eff2401cede2f804a4f2637f51745c852f8153|6
2118|a77e280388cb93ab1d337f46029bc42489f8257aeca4f54c0a764c1737d6c76c|3
2119|b4d8dacce01ae2e4ec56249ddb2c832c2b649920eb5d7c4b95987730d6933f2d|6
2120|6ff526a929fcb6cfd7f328a0b3b27dad71a9d5f011b38cb85fe0d82eecebfdc1|4
2121|544f452330967b3068e60c1715bf8a28b8496debfe92aaadb153c5c59ca80160|5
2122|8d5fd16037249e80e7b0993d8502a3832b59274ccef7dd970a864e5f2cc16997|3
2123|65fbf1863825fda40f2dc15ede5cac740414d722ab9710852fc040559de7a3b9|5
2124|159a956e086bb8b64674c93f33563bc3a6b21b2996b39fa1b28ad81665dab612|3
2125|05b9d196a78854260f5d5b724fda0c2393612064ea723785e24d7b47cd7b4e0a|7
2126|58100e395b67896f429a00408cef303aaf772846e79d4cfaf07eb213952cf58c|3
2127|6ee550d9ab13a931bb9533cb476cb9a04802b3daf7e4eac59f0f02966f4aa131|7
2128|d6a43980b777accf413f2bfa814a8791e5104d40615fb44b0dea350493c5f2f4|3
2129|46b8f1fb35766fa92d6a7fe7ab7ebc510d2e277a556f5a7b7ae024cb8346eee6|4
2130|0aada6102ccb32b9fe0d906fdddc45b93a7d9381e24f4ebe65107aa6e9f495e7|3
2131|b81441edcdf420b695235f809c5b15d3263e4843581cca5215e79f88fb6be19c|3
2132|23c5f79db431e4aae785754882e4359589383fe8a24da34928731cd5e781ddf8|4
2133|6bfadacabb747384aaaad005bba4da7156055dbe0a7abe14fee96cd342443eb1|8
2134|a77e280388cb93ab1d337f46029bc42489f8257aeca4f54c0a764c1737d6c76c|3
2135|406f3c8d223d8961726f2778fd72e4913db466eb8c679492763b60cf0db1de62|5
2136|3697eb470880d05ab23012d865b2159ad6e53e05e19b7a0be99a3e408a172932|3
2137|9565c8e9ddcfb017a4a35001e95c7b6e062084aecb742145b2fba81389ed7e74|3
2138|76120e51ed1ee6fd00e4a3c510510f552f1a15b06900a526022c6e5dc3f741f7|3
2139|4accbbdcca89e526b0675cb29892ac2ce6410a2f8105f05c149899736dceeea8|2
2140|5f56525fe92e21d132315e476176e363d1e7c2836ac9ea286d0898caba4349d3|3
2141|10a8f95afe90a6c8642cca168f9876fe680cacc9e6de401a4996dca20a21c1b2|4
2142|de201a02f974a54bae72b3e4b5e5d7f561e4bd5426e73297c92a1e226c8b1563|3
2143|5edfd1bf9bc08d19b1328059ca48c1d645d536e583b8ceebcf605e9fe948b6b8|3
2144|2bd49c761c1612de51499692ebb3d369ebf9f9b10961b7852a82d9cf44aaa027|7
2145|17b313a73a84be6f9e0a409257469d51fd2a9f0f1f946cf7bf96e077d4968517|7
2146|a961ba9bae11e607cede799a7c7b381596c3bba4d4ca4cd4fe57522e1d4e0b98|5
2147|7580116ab9f83b356d9d5bf1e93a0f3239adf642c5ba34865b7ccc2f54dfc6c4|4
2148|f0b04ac29174fa0dbc617935d4b106fe262fe4a64845973defc0bc8336ce0cd2|7
2149|bb8f3f8237efdffeecdeeefc31247155fcb867f8b58c11bb94fa99cd85b644f1|6
2150|6a77b2001101c6006f98bdf33fa614e053d0efed9bb20b3e4f56833e6af3895a|3
2151|edb954a2f7fd42eeeabeb1eecb90ec47c20c4a2a56d05521d4fed3337505632f|3
2152|c7eb0ddbd35f4ef25b41f5acd87caf44fc389e3af5a740767b5893762edada73|3
2153|39ac3056c754744c347d3d0f0a828bc8219c5616882c1d8b0dca186d50839e08|6
2154|9fd16cdf335675e07787ad20d179119be4c62a939b42b2788d5162c2c668ea38|3
2155|7d66bd50784f1e3a51ea0a72a52b99a695e7a2019fd3efc4d9760eb986205cf0|3
2156|9c4313e3ed22727f6ff8c6703e1feb47234e1a059e292ade7de32f1de6105a7a|3
2157|aef331853891ab28c92ed1acebc010b5ea43495a3093f7fe6131ed18c47659c0|3
2158|3d62d47e06d68ccea60ff654b9eee6515f47ed0bb0204261284d8cbaa972d4b4|3
2159|2029ff4843c70ce82e92c77519fb32b1ba59203e853369dc6d00a517b14d4cc1|3
2160|959f9edc889c5f73df9f70b5b2c12e0323a318edc8d297888ee1bb481f0d5332|3
2161|c5d274ee61ec7be6b1952ebffe500585da52361745f21d55d4360b62825f7f9e|5
2162|05ec53c0cb5a305b8910362b9b11e4c70a302cb47dff5f06fd990a808de5687b|3
2163|6991776bb58da8168f75bf944d60020c1d3ecd204fd90aed38ea2f23876fc4c6|6
2164|b814a305e146ddc6acb1af3924d7eb96696629f7adc779665a62573a3f4cd306|7
2165|fa5ec3feb7145fc6666f266c94aa25d4e4f3086ccc88acbc910bb090e5dc47ee|4
2166|d5ff93630212627fbda74e2ae3077e3b6eca05123fa0f3c47bc6d4f4eb38f2af|3
2167|8de2b4cadf5be7deb76c49fe3ffe6557d09f65eb90ab28bac346925d2d18eb65|3
2168|e8cf6abe1be3b539da01c283d7336557e571443e7f7cd43a046248474efa79ef|5
2169|6b5cb673e5042ca19e51f1dc7c8e086362ca7bc640d49bf6365843c90e087769|4
2170|5c12de57a61f93f66c5d6e7fcdfa088e041aa14f32d085e42bf07ea6ad376207|3
2171|dde993ae9d0ef4e157c2e443b9d84307cc83aca50aa5988cbe8d6b38f79050cc|2
2172|95774df936901877ff2bd219e581b7422b921011af91a5bde45411a1d8e38e7f|3
2173|e5431e1517a3dab6490b98d23fc3165451503b260fc008e900e09234b0b0ce82|5
2174|a77e280388cb93ab1d337f46029bc42489f8257aeca4f54c0a764c1737d6c76c|3
2175|61b4dcf9229464e07624392998959c71f22410021f41c3a7feec26c4dc794934|7
2176|0940ee3ca27f9baf97cde136e2b03650f3a0bf10d006ebff2f6e44b2b9eea3f6|3
2177|ef6595d316d36d5e2200cc505cad3ac0c58878bbb8673c87e160032ab9d9b613|7
2178|ff0e73a5f7b00544b763b712f262781224abef80bcf3084b3c2cf70111e959ad|3
2179|ef090fba07338cbd341f969af8aab0c57fef520bdaf8886ef1d5bb0357087a7e|4
2180|e8283fa2605143fdb9dd49971c0eef8cec84475f80a82ef30f738796c2e87b02|7
2181|8d0f66ed523b191dd97e3be1a18c12f30ed82183e7d3bc6f58ac2c4932d6a553|4
2182|a77e280388cb93ab1d337f46029bc42489f8257aeca4f54c0a764c1737d6c76c|3
2183|6fdce07d24ee2d27887f8df8523b0b96e7cb9614d141dc2a8227da2af486ca5a|2
2184|facf3a6c3ec14979923b9f8b20f727dbfe054db9a6997b8ffc4d0608fdcac7ea|7
2185|9dd9f316cc95f1558839fd8ca0969c479f7c7e7512a905085e7b8ce1c240b7f0|3
2186|d43a7027aa609780552fca4f6b9025d954b69542b0b1ed5af83097e1ad036c85|3
2187|2d3d3bcbf7e2a163e7949544d8008168dc404a5e507e61adac688277d47fa3d4|2
2188|5aa516c8e5069014d169a5a55b2f8d8357d2630468b30e7528a63e88ada41713|7
2189|89e328bf124333af2305475ff0c1e7803a80206c372b984dc8c6e6fe9cbc7d37|6
2190|6e912ff6e272f4a1dc79ef5193d9cddf445d0d7f346adb5bc9579a448701ccff|3
2191|24397d4a25cfc6a2bbbccbd7614cf00928537e329562eb0b55dbf52e291e152b|5
2192|2871ce470c8c0c4cd6d2e6e697c7d56b9ea5baad4537b41c6899c1784682f17f|3
2193|1aed04d25717c28de664584a33ad8536e8df15d3941a696db3444b579e38d666|2
2194|404ace1056dba3d579e45f83695b5f2d22df04459ab3869adf72ff01836f47fc|3
2195|56a6046ba6af077dd1b68a0e37425db9eef48266d9eb098223944c9a1dc98f13|2
2196|56ded5fd1907c810c15367fbefaa8a6d2fa79328d0dbd7cc10cbf49d93611484|7
2197|95da3c45b7986389bf5f668601c1d8f462bc79636584dd14923da0aa0e8062a5|7
2198|19bebafe937240b86b7b7493ec63c033b7edeace96f51ddb8b749565448ffc4f|3
2199|f4d7e060af367c8b922f348dac36432131bfe014d04b74717cc66ecc999ce3df|3
2200|56675382023cb4ade4f1e2af1516686529cd85f7c43ab8d3b68e27f3679b31da|3
2201|f63fcde7be90c4485ea900c3338897aaacec93224f8b0dda49011c981ea135bc|4
2202|d43a7027aa609780552fca4f6b9025d954b69542b0b1ed5af83097e1ad036c85|3
2203|084d726c39316f7e1278aebeec023729cf1d6ea861c8b96a2d1733c9e29c4362|3
2204|0694c45eecf0c37f958d212766ffdd985fa78cde52f25aca97ef6b999b2da381|3
2205|f656504cc30aa019b7327c79e6785f3f517cc18bfbc281da8a19a79165c791d4|8
2206|07fbf7f4881a8fe6d5197dbe14d7120b87c70af3e66c3c8807f72df7c25acbf7|5
2207|59b264402cc7ddf9408908bcfcece6b54efa14e9141eeb1f1f8ac06cce8c8498|6
2208|e8d17cbb456f15994087e8e8955e6856c2d1a662c04bd56b11dbf5fb70eb6457|3
2209|39a9b1e1753cd7e97f67497456638472b0ecfbeaed09c26bcc89310a7154909d|7
2210|d43a7027aa609780552fca4f6b9025d954b69542b0b1ed5af83097e1ad036c85|3
2211|c741224c5035f097239983428143595d2a87492e0ccfe217c5d51f43302090e6|5
2212|cc68db717aabbb1e4b6be39b0425391a9afc695d8d2884acefa8f18c7a78c588|4
2213|8cecf2d87d11088e2e89f88f1ff0b033915a61a3a19a0136f114ead98fb19cf7|2
2214|ccd4457a892d8fbd5fcd833710d5fa5f816bd03fdda09f2cf1249569bfb1f36d|3
2215|ac003e7c2ac8d065ee117ef98b3b326c8ecc4c455d64a33ce32b6108d9f7835d|1
2216|12bbfef288e0aa5773f37dd7d7a29493d8f823f9114d5dd4791622269284e222|3
2217|3f6a4df1de3428073ad01d2dd4b81d7a44f14b8e19b38bd0f5c404fb3ef5ae64|1
2218|36efc803ae42fab42fb994e1c3179153bb46fda40a89eef00a5bcf14764ce9f6|3
2219|270ac417142a68b66bcdfd7157287bf4ac01dc86ba65ba4d1b842a8d8a19abbe|3
2220|a26cf4382ecf39d4805d3f161b791b5064a3490f5d53a2c4f1944bc8932cf2b9|3
2221|8710540282b6a65ffa6611344c1fb7ff92f6776d3be1fac7f255137fef100aca|5
2222|6e912ff6e272f4a1dc79ef5193d9cddf445d0d7f346adb5bc9579a448701ccff|3
2223|83f78ccf110301fc64a9970b318bcbab354043e47380152b1485a7bfd47aabfa|5
2224|4e0c8539572f8641f46a2f823a1330e184f03a64a3890db570dedcae96106b3e|6
2225|e95e00fbb8865c06c1d8d4848d5de3ab30d829ea541b8dd5f272a7f61d687cac|5
2226|6e441d645c742d99c80525cb2e5703eec1a65f1e59a4569f92869437a09f4ec8|3
2227|b7ff407e9e91eb57f4457e70930ae7e70b34bc67c34643ce63a60573ab07b048|5
2228|95774df936901877ff2bd219e581b7422b921011af91a5bde45411a1d8e38e7f|3
2229|81cbc53cf56efa243b4fabc07d8885fa1e09243cb14de7292c62337fdbbe51c6|4
2230|6e912ff6e272f4a1dc79ef5193d9cddf445d0d7f346adb5bc9579a448701ccff|3
2231|01f4dfc59461145f551a6e7ab6e47c1051b84bb8013846b49afd96f3dff4cf54|5
2232|c3f46a5ad156bba8f9da779f3749f65890afb285cc2f20fc4438518cff875994|3
2233|2bd49c761c1612de51499692ebb3d369ebf9f9b10961b7852a82d9cf44aaa027|7
2234|24bbe022fa2575e4e959f99d1724a5e5df8321a6a178b537e304dea5db91ffd5|3
2235|753dd0f6c7f6587165acd56199301e00fc53987ac8c70517ade80ea62a8a81e9|5
2236|23f3bcce692f41414ddb8a155396fdc5da73624e3b73b0435fc96b3d712ece7c|6
2237|d16610edd26eba02fcfec143656e55b324f1b72155cf2830b902c7fe6438c95d|5
2238|bc88204a739b0c5c956dc0cb6f3f5a91e86fe337898c6d4a457231eb0fb220c6|3
2239|761e7b6c254addceead7f01c466bd83dbb0e48159e7448c0fb0f646effaa9979|6
2240|262f9c4c5121c0d344ab374f01cfd789ebc21dcfb1380b638b98e6bbc368f4d3|7
2241|1b722719b293790f4aeebd41f983f3a0c9ffc72a604a479502464c6fb091a44e|5
2242|d43a7027aa609780552fca4f6b9025d954b69542b0b1ed5af83097e1ad036c85|3
2243|0b5c2a968bb8f7375e8e67badc3b42e14d8963c83a6fcaaf0d2c62600436694c|6
2244|ef83fe29b2a51644b07afd34b9db2fa604bfe8937f2ef8731488913d683642de|3
2245|4f69b3e1ddb80b16e59b5b31cc46edf6a51a52266f93f62bbe331958371304ad|7
2246|6e912ff6e272f4a1dc79ef5193d9cddf445d0d7f346adb5bc9579a448701ccff|3
2247|d766319661a09b44ea50f8994b27aebae22091d5726beba97462d8b8d2ec5cf1|7
2248|56079f1b61d040dce51ed225a458af15bbbca83d6621003d9d2acf5cea0f4308|3
2249|3b8db5e3335cd953e5435d7e6112c9ff83fee0e3d2925ee2d3b6d9115f8e09ca|5
2250|490b0e3421ae048f4df5875e5176b300b676e9bec70c0a4a41a7c353cf05fb34|3
2251|0ffbc9baa48626deb39ecd96853f02d5c9b9c276a99571cc4d124cf94c138889|2
2252|addde052b51af7159562cef32d536cdd1f3110285785a1b3dd1d974627becd39|3
2253|39653de6170163acfa198bc3829e4e6e3086cf43b0c2437bb93f6be3f4e951fb|6
2254|c6f931ea1b3dc78ffd03fa1422eaf08638943547310404aee5a171fa24d1e6f8|3
2255|e46e73458385e6b05170345d541bb7444149ed1aff44f4a737c68e946da4c5f9|6
2256|fe41635a0c8b7d869e5d72219c40aa4a758eab9934e2d55c6cee8a640e8643c6|3
2257|79c5248dc0001f453d6a8eead8d10a5254df5aa26026387925bad9f882cb4023|6
2258|05ec53c0cb5a305b8910362b9b11e4c70a302cb47dff5f06fd990a808de5687b|3
2259|db117361ff393dca8fe0415c98c1a73c88c8314fbbb2be8fc7dc2d29a17bb63d|3
2260|ead7a8782568d88b291d34744cda77e5c09cf6745201dae26167069633a72f8c|3
2261|830813f5f9a1d38504545aa21eac9a3928baf94c2d6bdf0078be147440a38bab|3
2262|500a0719ad1f00996f6483e513d87260b20b57a284b6f567cc92fc2ff3a53c55|4
2263|6ca0c1378037eb5019ede77522d53198cb45d650c119fb58f86600a0696bdf4a|6
2264|687e64368798a35ddb43c8a3b6998bf43e853da3c8c460c056d45a7c31856e81|6
2265|8b76b236e2439c50fcb3fda2be32bc9850f23bd7c372ec38d58936a5d54f9971|5
2266|d43a7027aa609780552fca4f6b9025d954b69542b0b1ed5af83097e1ad036c85|3
2267|5138e2f9e4740e8bf9df81d3e8629c17efe93d89d5ba18917a37ae530b4ff842|4
2268|21964ed5344ef6fef2f80ee935bc3604a3eb23cb67592378180c75713c3a25fb|4
2269|40cbbbae76fa14269ee2c6cbba4f202dd74392b5e86b6f7d7c97a31190940f3c|6
2270|de201a02f974a54bae72b3e4b5e5d7f561e4bd5426e73297c92a1e226c8b1563|3
2271|45000c9432fb10ede591cdd55ab80d482afbcc389c0e3ebe8505d513f8d07b33|5
2272|3db7c03cda4e860bc909814a475f698405e39b3c895f845c88a58f458c830196|7
2273|96dad1dfc34e9f779591e2579a2b7d0f909accdfae253db1beaf3aed80244083|4
2274|05ec53c0cb5a305b8910362b9b11e4c70a302cb47dff5f06fd990a808de5687b|3
2275|353ab0284753dd7861d4ffc408cbf003f61c058855bae26a9f552301c93cb98a|5
2276|e41f5ea1693cba58d7e74fc703bed1cb341952a26f9c8f00e235c68c5f0acfe2|6
2277|4393635561d565d04d69e898c0de6556ec2b394de69b8f77c326ebfe3eab2dcc|7
2278|60dd49c5d1a4d71031d2f9944f4dbade3c5271482b2505226d8c3245a46ff16c|3
2279|138f6080f7d4e63b3c52d32f912ba37819bfb7c2f3a76e587a64a92abde23618|3
2280|0194adb402cd428b6faacf50c3adc6cba2cdebca5a625d0b40de61dbef932fa8|4
2281|e2649e4bebe32c44661c4c8b4b679c3cec592fa222859d32e11e7211012f2fa7|5
2282|a537a88ef0a5ccd11798aaae3a363eda1b72b6c4e23eeee8ff09ea170c07ce53|3
2283|f5d3a0b350925686b8b87356c79abf223acdb4ca1410f5c8c89450547e9185a7|4
2284|6588d9252c529e78a378fa529223ab6ceda81065ec7a24ff261fdea37191ec45|3
2285|73baa090182c5769ced436f22cca63c9d37e362526603516a5972a3a671d8fb5|7
2286|32ca4c714565bb8ef4f948e6a57c9dd85efc8a71a5b38673777f1e59248d10ce|3
2287|1813bca3acb1163eae3566da06e5decdff7eb50b1b354046f9bb04679bf58ff9|7
2288|1fc01de4c31021b33e51a2bdd566fe81047801de6248728921edb9d32c73d287|7
2289|25d2757bb4d99539966108d06cc17d58bf8587d511cd3706b14179d800d29371|3
2290|5fa8f1fe3e51ed48c180ff0dd45bd925e862230da832674fb191cb8a51845ab6|3
2291|521b788a6eb4daaa31bc78489867c29d20e36cb0ed8cdc0b15f193f0e8f5b35f|5
2292|bc5018a3eb55e0ca24811a4c9766e0ea5aaa02e07ced92ce8667aa4a9a94543e|4
2293|0722d3d936a9c18a3be1c90286f63449ecf9bcab2ad03fd42b6a3d0938e6f248|7
2294|d421c83a0bf1c1b1478e6ba0b72b4c3e808d1c2a9724864a890151e8b03753d6|3
2295|774bb4e20ae9a5bb473f07fd5ccab33e033da73891603d0d0560ecae7478f24c|2
2296|72da5b746c47486cf9b0e5d8367ccd9f517f0f147a9928199c111e76dd574ba8|3
2297|c07733a880950ae8c89e90ad603cce43e22c92c77fc655833244fe246c395cb8|3
2298|05ec53c0cb5a305b8910362b9b11e4c70a302cb47dff5f06fd990a808de5687b|3
2299|512ee600b8eb98e019e55b881949569194cec2b9f95253ed1290786531e0413d|5
2300|4c8d8d9db00a917f5a011e1a42e6e84557db550031fbec7cb4c2335382821975|7
2301|b2e33c1c66f1b72bf32b67ab802c28e68a074bfe918db1fb656b3e13e6286cc5|2
2302|c12e5ea55ecc21b2094fc0be85a34c120b40f924342bf6f07c49619d86a58a14|3
2303|406f3c8d223d8961726f2778fd72e4913db466eb8c679492763b60cf0db1de62|5
2304|d361e9b6609a47b3d9daaab1d3983e2555144410e5e6c14cd17df120ebddec61|6
2305|b77f8df1e761d46ae710619bbd8ec1617cb1ea673c4f7c0b37a5822517e8e37a|5
2306|a4a3893fdd8ee65385ee64c8d21b3182ffea99d314e7d84206f09997c414204b|3
2307|441c23d8961a138f4f0faa624a907af6c60fbf9f0c203f6bbc374b632e13f834|6
2308|06242e7377cc34aaa13b9b86f06d728400281ae93d3d115fce02ebd4078fc5d3|4
2309|b933f855ff8310ab3dfab31dc5cd2fe60d415878e38b5a10964cde2f65a93da4|4
2310|37f9ce6ceed93fe8b65559eface817f3b8c601016361d8e72023491fa2084d48|3
2311|753ba844815905f07246adb3fb9a51d8237d94a8074111cd505135007bdf339c|6
2312|c5089f4d7891cf38c2ecd7e8d3c4c22ed5482e3f571f979465ef6af90993ef16|7
2313|e95e00fbb8865c06c1d8d4848d5de3ab30d829ea541b8dd5f272a7f61d687cac|5
2314|aad2d4e18d2cca0369821b360a123978996507824abf489454384b9f0daf2db6|3
2315|5f54733920703a76aa87c2cbc344a86c992345b6b0ea98b1760487daf4851fb2|6
2316|bbd28ee1281145eb8a94f64f6ec2331d3088c66526852ae16693034e4d9d95b3|3
2317|2391da5b6ffe44812ed2842d959a015af9ed6308e57b8d64414f10ad3eef0458|5
2318|04afd8cb1301927a9154138dbfc5bc31fbe3033909333661ef886ab4f84f9e54|3
2319|c00305e08b6cdf363cb905e197909767129bdfb08adb80295b5cc02505910b13|6
2320|4c4a52f7cfe0751112051e5db23fcde84579cb876a5abb16c4bd3c8193022209|3
2321|86b146c8325f5d2c6b70d4e14da7d6e9a228860e040d640c207bbff3e6d99bb8|3
2322|46d59ac5ed3360df8eb1144d0cbe096218534748b1eb8810b0a5233e3072d683|3
2323|5e5789645cb6a1ebf76adc8bd502e8ed1989e5e4c10b7149a007c8aff555fa59|3
2324|698bde5cd4f067e8ad19538b0bb7a516585e81e6a2282f938c9124236f999615|3
2325|e7778ffcc566a3d029dd4aa495e2fa4585610bf59ab70ec59d805d24b0345969|4
2326|d2729b1f4e775991df92d6f7651cb4486d4ba0a6b8b38497b8b50a7030ae5448|3
2327|c3a6683a07256189129e2159b026647ff9eeda2b2836162347d051302ab42989|7
2328|0724bb4ae09dbc33af6adc4e24e4330642c40565a1c10124792b18db064c0cd1|3
2329|ea3d32d8c7f7b9a164e286eaf1f81224b15476ed6fa8193da84605dc10a43b86|5
2330|fd28bb0f84069b302d27ef6934468586a13cd32490c0eefc64b0100b88b56d4b|3
2331|4ef08dcc42acadc775cfa8cd02bd28cf84a06d5572fc6c5d067c96fa38357356|4
2332|95774df936901877ff2bd219e581b7422b921011af91a5bde45411a1d8e38e7f|3
2333|3ec330ae7089a4fa53beee18e51a534fc2437d07b1cfb098bedf571c074c965b|4
2334|f55ddb83de8098c08e1e39b8aabf7ba4a2699348ee81eb5395d5d07cbacb1e5e|3
2335|26f44073aa5d38a178dc6c3d6f2c41a3f08af5559950230de77a921986778269|1
2336|cc9ec080cf3ccf00b2f234aab4285433fdc56fdb8a00432b8dfc96de126b0160|3
2337|13ec78ee3b9f628c1dcaa9980e16e691b3557f345db2d4e14966c46df5076ad4|5
2338|d43a7027aa609780552fca4f6b9025d954b69542b0b1ed5af83097e1ad036c85|3
2339|a83c33e69c2862be3b1e707f5f20d2067a6681ebc8cce5dc8c6583c8f473589f|4
2340|dad9a6e4c78a482669d4c29099317419f432d5cf820ee93ac2c61189bbce343d|3
2341|0f54cf4183531177b61c78d4d43d00094310bc0746262ff14d0255165a3bd62e|3
2342|0e5ce8c6f09747646d16cfddfb976f6580108ae6cf5759ce434b919ffc430a0f|3
2343|c28dd6007b881f98d2c7c6f25bc21a38db861775ebe257c530d69c2812150ac8|1
2344|eaa8b96e0978df8f3a6df7a07a935a8de32b165ddb8da3a0f3bcc9688acf08c3|3
2345|a397205344d9aca115350a562ac320cc622296c6fdde6582e98a21f85598bdd6|6
2346|bf539c280645ae44504dda392852f6cf262e84cfa16822402c2cbed721403578|4
2347|562e38e32c3067fca91d25325f98814ade3c9b3b45e731effbab7d3f5b2b90fd|5
2348|fa5ec3feb7145fc6666f266c94aa25d4e4f3086ccc88acbc910bb090e5dc47ee|4
2349|5ff197a6e6a6f8ab305cc6b35e4e9035d69928f2a9cde003833b56ad6d76c391|6
2350|743be405f88863021c048810e9958e55dfc2f7e09b5123d8b81ebefc00fc608e|3
2351|af4b4ffeb9e057e7d3da3006086fe9a9680976dbed16bea8f3f34e03e70c5601|5
2352|d4e480af57654d01b19b04b6c2a14296163d41168f20ae58e486c74df13d80aa|4
2353|bf22a5a7fdb23a17ae79be48b306cb968c97529440abb78a079c61d721f56e1b|4
2354|3968356d59c0aaa2a1d9543ab943b399a7ea6be23e5ae7df35d53b4bb80ba885|3
2355|01342a2df7540f205f9483635d57cf6de61163969f3a1ca4182eb9c981885023|3
2356|385f51e1d76ad62264d30868bbd5423e081b9269835dcc12065a63107cb961ed|4
2357|f07bc12ea1e7b7955eb162eebf99b7f68d15087ad2d93d1f26de780288489536|5
2358|336dc3079cfdc06d62e59e3f7742545f1587a9583a0d188e74003ba28dfb727a|3
2359|4f236c80b95a7c690425b97c45e0d0425402d2a1a67824c8ffdd82965b47000e|0
2360|35c63ea1b6f65ee9fefea1881d6cf87dac138ca65bf006324dd617f89138c50c|3
2361|9027fd7abc8b724772486d71bf2667de747644908caa3e55e43281b19cfa1e7e|6
2362|d43a7027aa609780552fca4f6b9025d954b69542b0b1ed5af83097e1ad036c85|3
2363|90ad5be91c158500af3d2a13dbe4aabea4cfa540ca70d574206afc87fae2963a|4
2364|0ac61dec7cacfd47bfacb4afc3903e70a39c6633ae81e503243f56ad9752f16f|4563
2365|1715310776298cf7554c50e9e56b8270584956f17deb5cee49a32648bc1e9a43|21036
2366|7f933fbaf1d43a0991092d121fc686088cce08dc60e17218fbd1ccc4101883ef|7874
2367|8ec39898ae40ad3f9d290e4de760177175760a424e7ef8069165338ee1cbb657|3700
2368|00c5af383c8cc4564262e9f04d3ba192a54e7f74cccb1205570b23f817f6d1e8|20050
2369|9e6cd84285fe4fa002cc6e928a0269840c9366e3f8d3e3e79e07392e700f1623|22646
2370|dbd3d07684a8772c8dfe13f91064055bd1270aa565071c0f8d0b5336cca840df|4475
2371|a207444810dea0e71d080ed32dabcc613416d90500864efefd99225e61ab0f92|20429
2372|445a1592847c9d1398276843781e5b653d000fd98ed31b3f081f578a51f18f07|16004
2373|f1ee551780e09d7f598d957cd88df484e9881a295c7381bbcb518c2b63030c02|4503
2374|be360269babffaddc073051f2f9e3c476d017ea85fadef63b6e559286dfe5832|17778
2375|485fc22ce9db2fa624bb137684e1b04b2f9a1ea8f95ff95db4fa5ed2ddc1ca6a|20250
2376|83c1557bbeb8858359b1818cee33b47d1193d6be03fc269337d54db56142a761|4224
2377|e7183e80a013cc12470fa164a93b91a002fec33b1bea301b5f6623402ceaa3f0|20211
2378|6af0f120495db5db6a8e607bdf96b093c5ce0ab2ff87d87f61e1942f959764e1|23583
2379|a9e22b349eb743e421dd2d360c6eb39388df47ed933f8676ddecc485a427e00b|4130
2380|30e192bf88936ea7c2e7bb5d68318cb282b1cac023b7011b74786bf527d9d0bc|14016
2381|d1687ba7f452c21386e154949cce3246ea64ac7a16214475119be909b0768ddc|19229
2382|1f87afb57f968f3e1f8ecb0c859ae922f0f9546a81e679639d4774920e34a829|3939
2383|f526dc05bb9a32ef8b4db10a84357f00fd6b723fb7a5085d5d37215441cff766|8046
2384|3811d0368cd3ef47b0492125b312c279fa375732cac71531f56f2e9e6b077877|7434
2385|bd7c3fb5233afaed87d4822081c2c91d226f12ddf7b5a8410d26f410c57d0dd0|3593
2386|5e98aa09d864b600a21873172ce16ce2bb7822d79b4ada29ed0e18dc7c6ebe5d|19971
2387|4fa4294fbd32da115e901b6272417ab8614372a0b4985cc32e5a40af7300e0cd|17543
2388|a8eacff5201a326590dae47c52f7e88b66fabdd14158d35f5c9baa2396b88b48|4232
2389|50fce3c3d4efd04732994d0a65f49b103e544df8989c8608cb93feeb8a0026c0|4874
2390|2b86d9aaf8be19253c2d7d91ad90970c2ff953cbc4b78fea1135153de06a3c62|22881
2391|a85c9d88f28e8fb67c18068ffc5cae77f99242f88bed629d94fb63920ebfe275|3983
2392|99dffb6052a880cfc5d0241df9a7b93ec2400967000ffb3a0491221aa71dfed8|19005
2393|fa3e7db19c89ed7bc1724a6a0cd5c1c902697161099e657ad59690b86d6c0351|10520
2394|5c2c30d43f1926e39723d0027702d1f14660171389f83f65ca5fd28c62a34aa5|3806
2395|8f87f136bc411ef25b52a68826ed42b295f1d4653a356d13748aa90f07ae4d92|14498
2396|613616bec9d6281ea40d6721313409cb716f8f0ad0d1a6bcc5758cb1a6e5af95|24167
2397|aa8a6587976624db7137e6f0046edcf5e966aa872b4d831fe5738133f15ef2ca|3536
2398|c475609fa08ad7e5c758b0ed9572f8aefa34844fa99ecd861449e238fd18e42f|11923
2399|b51b53d584c0acafeb82333a87d20ade39f1a84a67174b214d5f902a160f4103|12185
2400|093403225b66b5ae0a68171e62c042fdf54c048ac2d1feb4846c159f07051137|3907
2401|22729aabbb081051490ca20b45be56b5dbcf40f53e3140aa885688e5b8dfa1a2|14490
2402|212fcb0e4fa1e0228defead49351f8659e0e0eebbb8f15b1de8403ce0ed40683|24910
2403|64e92a4d80afd311238fc89436c25e87e824f465d548e71088a82d6a4909a5e2|4377
2404|f5af03a4484dc8beccfd0250d400eb5b7db3c3cd9839a7a45c9e0fef01da2914|18458
2405|e6750be7ee2501c88ef22cb22f4387de8c9c7a525dc09afa55fca4d7a56c5b62|10856
2406|6128e6a07a51c1657716cf51f9c122ffa3017e1d986509ceb6946b35192f4573|4063
2407|735bee3caefa58727a1747b10f8449a39696870d20762886fe9b58017d98ce0a|13710
2408|958e8072872ce36fdc2a3d9104eae8fff0addcd05e0f979b669e195f8381cbe6|18881
2409|422d8ec8e3e9684066ed4d20b2c67410ef13186f5db0cfd77037b11a4e21b293|4835
2410|acf8d8610b750d66e1a431b12066f69b290d768c8d3d7c75a8bc5337c2433b35|23683
2411|63dc4488e0151428063b2ce75cd7363a2a7901dcf70f56e723de0f6ba6d05b23|5071
2412|e4fb57ef543edca436714bb446ab2498722a5b443f5cc4e1121baf9acf27d46b|4484
2413|6c17bc3e2ea448b71613f2585209f405c3cc13e14e37e353e791165f4203903e|10667
2414|816b87107a33db8622b8ca15c7f661f07ea8decab7e89dd4b4f774475a884ea9|17823
2415|c5a1cfa36bd9860a7490f30c823685b96d50d381331844581409c27a4aacefb5|4428
2416|3698b5d7d7798ea7bd97e8f0c589a0786f8b3da6bbab21f562d1442c31c341ac|21614
2417|9d4d84b101fa9e6d4c9a2abba755cc20c5f1b8cb23744f1eff0c76b1404226d8|23576
2418|2798496fdb83351fd0986bd0c5f72b5abbfef90e86db59bb5541993aff21e7aa|4588
2419|16317405b4f81f6454c981fcd21769a83b574a8ea1c03d2e6792003f6fc6d2df|6054
2420|967975a6a4a3f1c904471e0dabb1d845eeedf1b6c2694c946424543f5d66854d|14265
2421|f00a648dabc59ba20c863de7a51507efd9b83beb36436ce3ac62a44d7a7cc098|4152
2422|9db1eeaf265dc57d98589fe07565968dde80a748e015ea56df402861528ed494|22385
2423|4e90f0ee8ee7fd8156a18cb625d9410bc4f2ef3328267420bb625dd3af4f6319|8812
2424|49d8119fcaae3f4278db62a89720c42047a2439f56a43d1697f2d9bb877a3274|3871
2425|a5bcd3a349f86ceeebe7fbff39b0d3c755ca33f7951adaecdd2fd2493478caad|11536
2426|15fd5d1157632ed668648102666d8103da6624b556d2fb9d2322311646c97159|23083
2427|a748477dee61d96bb7bf6f218540508f3e842cdaefff65b2816fe6c3b7693699|4746
2428|78ddc0d1b72eb5f6492e43ac9816ebd21644ceb704c32db4bb3cd6e5a7afc0df|17571
2429|773120027a903dffa7d6bc2ddb8c3ad9536d001b4630c323aa4b7303e72fb6ef|22487
2430|a575c76bef12403f20f05601297b2f4e5b9e1ef6ab0259c651d181a09db4719c|4093
2431|2e7a0f70cdee477293169956f31a43a7ef3e6ab2c559969d2b3890107fd12cba|19171
2432|759a2424b0a8d7a47ec3aa83aa45d7977ec23f87a2e064a76ac58933e3019964|22413
2433|30f2e60937176b157b0778536da67a23e5a56c65d3ea574d615b29e8d1d3eb4e|4943
2434|b597dba82b8c115674a47e6a9ed999de70b3d217a54af4a06499671b8ac009b3|20572
2435|7e1f622c1cbb4af6e91f00698731b6940bba5ad7f4f9eb7a93968ce9d774822c|20648
2436|da27dde7bb73e816715e68645d29c90890ea6447c89ca5b47de3a9315f7357f5|3491
2437|d6d082444827ba74ae886a86087def72a868992506814960352c05b2f3a19de5|16715
2438|c27bbe5a2a5b5505f49443c69ecc4e2f2e1cb70471493d1bd29dc47ab5e8f0cc|14838
2439|61b289bfd71fd088839e8880fb947a471898c04e5278bd48a0517fc57d75b588|4800
2440|edf88b9a1c499df6dd60dd4e9062b9dfc058cc8a8b044b9707a8e10fbf1f57f4|16774
2441|899a88cb2ac8b6f967da0eedf5e57b2ae033b8462034e10344dab943f36bb009|8264
2442|a8a1af4cbd94fbdfc6cfada8366dd483e671bc4f0e3f91b6e12807eec449b9b5|3886
2443|dd2f2ea4d9b7c28e1ccc1ec9fe756775c3d487670c28e35de2bab5f10ce6947b|8562
2444|adcfff2c0ba613498eb103c6f71daf251c88556bae8833e5c4d87852b9e41bb1|12465
2445|a87736deb6d26dcb674a00b48e0f8edfce66bc421946413998b7660b9a4d68d8|4064
2446|6a25770a103116daa2165f1cd506eda0af369639b47adc09e656d2565cd6c743|8311
2447|e643594223c7dd3701228e6ead286e8d280c327065fc6022a246c87eedc12c32|20730
2448|bd5df6bd8f1dd034fc49bcab40e457bd6a517afee60a8edea16ca4ef4389bbb7|4441
2449|17ced00e9b70d7ff7566c15797c87a5fc5ea96cd26fe165de5e4127835e02624|9446
2450|87c4265157b97e888194a0aaa6bda819c6882d4694aa876054291dd334f66214|24314
2451|4e812204d69d982ef52197332be9b4f83eff0ee7e9e906840eb2616ff6fc0cb4|4452
2452|b3f0d81507ff3fb542e81beae3bdfcde7b42e3fcd4d017d380dc3343d63a0b8e|19968
2453|f938279a3e0428959030982bf2fe3ef6cbddad422e2a1efaa2b39d69aa09592d|22972
2454|fb9dbb14a3213966e675fcf17242e434dc1581f299d61c676da4dd2de3c1f069|4417
2455|729984cf0e74b82d50f4a1a937e06a965783bdcc0fb51d61601842d91e622c7c|10298
2456|bee55d52fd3dd1dee2acce82f38fbd83fedc2702f8305b4c0cbc418daa8d8fe3|21240
2457|a41081e8feca3f24ef7fe4493f422624b64ce7157f23053fd3391828b9580f6c|4896
2458|9c263183e88e9020b28e04742a28585a0117b559db3c8e2e65ad67e9aa5e42d6|15738
2459|ee137ee1c061a93faf07b4a88adcb794c8acfac68a6d06d1ad0d80326a49f54c|21532
2460|371f0722d218fde3c16f76b99b60ac77a705f616cdd2468c9d025621ed6a9179|4267
2461|7028ecfb7cea64513abe7f1ae19c149cdee5cfe97940e495f1fd598a3b421ed9|20117
2462|76c7834e362df88c3175079ba60f976e01a0f0443793fad505ac3307f182646d|18304
2463|7bd510ef8caeb167361a142fc23e8fe840f95f333673f2b2add974a6f4e6ad75|4897
2464|a71925f261a7329b69330fe2af8f48bd1f79006cf07069d024c9e839a9381d33|17228
2465|bd926e835891592bce8a0f556b4c4f635bdbcf8e20059b5a5d668da7b462228d|22845
2466|2cef3944e56438a866f94b7ba6433507e68e6db6e6a6aeffcace528d3916e7ab|4076
2467|03c64fb56a932730b79927e1cec83b3796b52400970195209481d3e0473c30e0|11204
2468|c8e2c079343530f189c10e3393e76f060366e667780ebda995b2d1d30f611bc7|16194
2469|c65c5f1c847e7517fdd44b1ae8cb30e4f797ef2c4b4af7fd64276532d8ff00b4|3573
2470|48f6ae84b2bc4beb6d0e912a6cdb98d5dd29986c2dad75aca9eff34a5b80cd97|12305
2471|d842081b4c2079cb37b0c05495881c86789daa610ff69e5e58730b6fc4f754cf|20061
2472|f59553b8a64d67835099bceb8a5e9e01a462ab9e4902cae346ecde208e4f2d1b|3922
2473|76f0e63cb6e897f9eec2aff0e036562a48df0ca9e1a77c00e8d5f168f4771198|20439
2474|58550546959a1fade077763b89bb3127a7cb7515cf2f5d30c5bbef11dc9512dc|24713
2475|621a3844469c01b6187a34cbd9986c5285de7f533be03cef7023bbd62304dd50|4779
2476|f3adcd8b0c355e03f552270a1d0d80f057e4044d69a2b7c3f6be849538540e0d|9180
2477|8b9e8f265ed2dab4a508d3060bae72704b3238875fa14c8a951b8f885d6693dd|8139
2478|71caadffd485008e34779eacb58042e69a39ebced168cdbfaf544055ba28a60a|4435
2479|37acd7b400adbb0461992cc9c9d132743645116333f25ab8db5ccbc242c8e14a|10630
2480|76e207731828f1cac79ddee411b63472a93b391930c0471b736700052b5b245d|6508
2481|2ec15aa6e6e79bd35a0da6e2b3356eef53499f271ae4fc76294f15c96e466f0f|4023
2482|f3ca25eb9a194b0898a4aace807ebf418365d8608f866c1b5291d12a407127df|7262
2483|442b8a4dfa988cdbd7422fc40c569856b532ee4e0102d143368f0f02f7b27820|10734
2484|dc5598ba443592340115436216e90473ffe63331892f64c544ec1be5dd4d6170|4595
2485|1ff7f7e5eb4fe972f48337a11b191ffac01472f799567258bc8fc310d402ebad|20501
2486|405c2af019eae4c38920cf4e0635d26d8168c2824422a41bb2bed61940fb9836|23044
2487|083ccd507ea3485ffc040707c5c7e88b8caa459056c4bfa1487ca5c284ce7eb5|3543
2488|c8e90a83947c51b2810da3dc2ba0ffe7738e0ecd49c702885a00b31d4e91cebf|20614
2489|1d6a577d4353938450f9818c9bbf27729af5ffd37ab746401be54d7e267ad1f5|18581
2490|04aefda3bc61ba9253ceca096fff0cebf7d73614b42e3aff4f4b9417877896d3|4774
2491|f67fe6112500c16bd83d91b56bbee4e214ae80fb9d95293d647adb473259fc80|9593
2492|ee0c6d16789cfbb03637726dfc5265bb0ca3b9a1ba7ca8298d45b5227a1f5f33|20941
2493|ab61070943ffd80371d639121cd8f2d356f46fcf6fdee9a2eed4d96cd57cf026|3759
2494|9a67baf18777af5a7cfa92c64083119cab63a25392b59345b17f2142858df6b8|22777
2495|a3236f3983c0e1c14acf7086bc26e8a7748eb1b499ee1f3abb37a3e8e9ec5043|9170
2496|57bb98a3a79b7240a3e035ca280c241f13e2f46d44c1f017a749382ed113ae7a|4255
2497|fae3747f0368a02c647983dae9407540055463e5bb6b0a9ef23cf5c4de2554a7|17750
2498|19d2bf7b4af4f7cce28dfede966beeca66d52133dc44cbdd8a7d843b4de54deb|6690
2499|fc2ab31a1bedae572c5ec1efa1b6594bb8fe275a264b2b0f3de922a1721b1cfa|4112
2500|5ea513aac4978b84721d6118d3bd62be8e855f319bc975811bf7226afed60b2b|10280
2501|b5fbc9187a7b2f4e215a3e9be3572aa53199ff725f79b3f7d5f8bda24c77fd8d|15295
2502|73fa4fa27dfc127d5ac2384e12bc1798a8d641dc393c26b3fcc2e51f1366b426|4143
2503|7fc5b7f9bf7ec6fae23a18715aa92e47271577bff89a4be6c5af1a2cf3d76baa|24101
2504|3bc304e6c5e9806473948daa7653b16ea0712993137cc34e2aa3e063df7242f2|17667
2505|578fb38cdd53fcac849e5f0895ad31ca60a1bd98acf9e34d0d17fd80de12b42a|4277
2506|3673fc7e1442edeade28a75d8613e81cd14cefc68395675eccea75b04fb503cc|21777
2507|ee70819ed149e245769f0fbdb0733296e602ff31bce55e0d1feba3d0d582c780|8194
2508|1f55ea31749c22eb730f90dc997368f3cff7fb794d1dc01e6f297a186f9d1b7e|3541
2509|535da05aebd28c4d72e2d28e2777c987ff3c8689f1ef85b34d1fdad8f19c04ac|17099
2510|655b2d4629a7bd5bceed183737a433bf07964106b3c407303df41e6cf657fcac|12873
2511|1309fff835a112e3a1f3500e196418e32c8883ef537293bc4ce89f29290346ec|3643
2512|456d0131173cac4e2f888b16bda99257949af328b5da81ee9e7355d614783fb7|20809
2513|a17e5c70ad249d658ddbd6ea1a464a5a30ab842086aec13b1853a282689b064d|10122
2514|3245cee3800c30b8cad8729a24dd773e3314515c96c2186d5dcec3a23dfc4486|3862
2515|38f7710a1f37cb9dfedabed7a89f88ab37ad896d920c518a4106d429a55d33c5|12961
2516|cc332bd96b6c2d501e9b85cd37e378f7f25d9e908473b7533d5a9c92920fd911|15364
2517|4b8daed829dd88c74e68f72a5d7a1cc682a4970da5249f735090905668eb1fca|4442
2518|d292befe8f8d285bcf2ba147a176bcc95d44276a79f08dc547d60fb13eb83589|10235
2519|509ebf319146a0c6e5341081ddb284d16efd33825814da77f63b68fcf691a9ea|7925
2520|07edcb77d247f65d36d5ad40db075c17be14af3eedcda100b5ddbf41f49a41f9|4852
2521|1c2055ca64c0747ac31b633dec96001181599bc306faa5ff432199fd19f553bd|9428
2522|b687c7bf4e789bc581a5a2c299c8b1de78ae35c84f1a6ebc8dda81c227d51bcb|24876
2523|cfa002c9431ed48d6a469e99b4c32b75d4c1357a5c338b3fad0b4372eb6ccdb4|3930
2524|05df28bc0feda4009fa4a383b0e0fdbe887b51cb1ed185965c869c7d4ad44c3b|11684
2525|dff7b26e7b7ead96dc0e164b451150367c330073d020ca0ba4da9cccbedf594a|21210
2526|126a8065287c667922720eb97aaa8a2eb07871b5a1205a12ff4f27d96c3f24be|3646
2527|ee98e94638bd0c4fddd9a1d355b44460b72d2f02a98956f26aad651db8a5c150|8555
2528|d268539955d1b349163efd16f14c729d9f8abacb512697a04a5e2fdf8b10b938|17909
2529|ec7d190acdfa592198760b77fdfefb0ebcd99e5b7a2fd748ab359f66cb4a1b6d|4584
2530|8a76eab5b5f39d3694991624f309bde56cb56c728648c8d6746c436e39b8e187|11140
2531|fc63790b16c7121ef8d86ed76cb4e132d29babfd2f58c0cab24a73fdc1708486|20166
2532|0cf22099208c5a327e255fae51f7cc27ec3995c52ac652074278922532a6be1e|4714
2533|e59d7206d3bf3d9dee88bddfd91173eb8e99807c717ef8bc04ef2b54b7c624ad|21903
2534|ce3ab8fcb812de25c1afe08038bc1ba5052d098b726a24f055b998077170df55|22544
2535|50945923885aad5896076a547a32b9f94230e5ca47938c4b0a847332d92be4c6|4266
2536|d2123bf2333dbc8c16297c0fe7637db0183d8227652f2d518ad09212b0ab8276|21861
2537|3be7845ab2de2ae63184ad96321ca05d2a9df33454b6748b82540ad0748341b0|11407
2538|9a582a975b0eb8e293c2eeec8710ba0a173861efac9aacbd0c58879019b2ca26|4984
2539|f8558015c1c30850a2bb4ce6d8d7b2cc0550e87e6eaaefe7671249fa4046ecad|21970
2540|fb08c8ed1c94d148c2290eefa5e7b023bcd20afe0372ade2de5ee1c841dcdbfd|21911
2541|8473d49b7f2b979899a36a0ca155e143bfd0a46e27052b3b80e5d077d93297db|4309
2542|cd4186545fa29c360cc406ce3bacddefb1709450c4be1a7002f7800ec4c6bed8|8712
2543|51c73ed460b855de99890f8f6831eed5754424f7aca717b1b0302cbd36a84fe2|18768
2544|f3349c2199f1c467c2740da720d556f4f159b820017fef5294fe255a69ceaf38|4526
2545|fbfb6dc47319bff9f4a9cc8345d948a250be0cb41c77f3ef0cb798827b4cb5a5|18535
2546|03c5a00be64b1e97b8c83fc522d71a1662c0b00b88680b2710d9acacc00bf416|20643
2547|99a2bfb0840c50c7f57264f82d2128418910522f97f242bcfeedfe069ef619e6|4495
2548|29646bb51d18dc40fb2e24af64805e9bd75dff87ba8128f42696b76c0d9a02c1|23473
2549|ee0afd02e31db338347fac127024a9c16b5a46640e2b58f55f6d56f22806c911|23364
2550|7a628b49c431ac7a23fe32acba5064d860e11e1a79cf65e25fdc4f20ed13a1bc|3551
2551|1cf77b01d9418e436558db97ff0ad8fd3dd8450c6e585281f4604c640942a84b|20776
2552|9b518bfe4750bda2a9c00cddc617f86a8272cb0030e22048647caf4221c9c975|6332
2553|6ef4d7fccfbb818c2a6d3b6bf5b1c407565ea3d2a0019531dfd56a222e087059|4958
2554|c6d0785db76c15015662e20a405e400824d91c842b1a54f6395f94014cc6ca58|6281
2555|2d7fe7626836fd6e2e63798ee173c9be7ceb32904e44870738d9a326d9eaad7a|20199
2556|df7c390250ded9858ac19352eb2272c81d261479e3cc9df87dc1f0aecad9fe5a|4587
2557|0ce55e1507774d822a9f117fc95f6231693be7f51b0540749b05f47a56c82dfb|5779
2558|0115239de5f1d45d9e69eac1a1cbffb6b44458571d261c38a88708ac20283454|22984
2559|0e46ecc33ccc952058c9762b3af4868db7d8da57681750d67c38dbc78e99168e|4862
2560|4a7edc7a2af7185e76c55427f38263e2b79fdac63058ca421ae055a71cc621b0|12296
2561|d501cd190cb1ba9deda67b1c1f262665cc39ee010e55fc49b34312e2470b4ca2|20930
2562|a33327b3c385682d88a660cc329d26a35024a02a2496874ba1ce3d1393bc57c8|3834
2563|59fa5d6b090ce6ed4d62e420a9fe029e05c3e9855bf7c69c986f228d83c7c480|20799
2564|3b942814683bade03c2115e20e0b6c777c778648f059241a0099329248dfcc24|13328
2565|8132b5e8adfba45b1bdd66ffc295a41324899dfba3fc0f01e44d1803821b3de3|4812
2566|cf3d3aa747e9e4d7c01e74809e9b0e161d5b330946aaedea8d26d48ff24ec50b|10630
2567|f661a06f5ee668d6e33878dc64f4616e9e3c8287281891f3810cc657b269cc1e|8399
2568|b3f95f862ea03058273def9ba5db3055386a965f8a6e0e681e8b2694a085c710|4186
2569|97b68b7ee5d438b3ecfd4fe7e4096613eae3a5b8119527595543c830dd814d9d|9653
2570|db6ec2be415290a1037a1660eeedf49f0998f7025b21560e2bf49af58a79249f|11867
2571|b441b30db4efcf79e025a360dceb253244a12e237ce5f492ad96b0a6d0299dd5|3684
2572|282b46929ceb0f2b7f6959b0d6427e9f953a1b54090a2990ff5ccfcaeab76697|23862
2573|12962ee73b9ef3724cf82d84f531916421389e65ae780d63a5519a5bfb9eb605|24158
2574|0eb1b124e1a4176a8ca5434d9f8768228e710084002ae7d8cc1687f6e28e0520|4321
2575|7adcff8a7e2c59969e229e2b2eb99072478b6f51c5fdac7bdcc9b87a7e807158|22438
2576|51dc7e4a2e501b5e10dc98db6b64dd70e2eff2fb524387b91e7f1605ce8f6a71|9321
2577|71a78a20979c290b017450d48bdceeefaeb758ac7b5c18a333bf4f0895eca86d|3983
2578|ea0cd825fd1d96dbaae1c4471350c5a8f4501ad749d0ac11e80be8ced39747e3|5248
2579|5dfdbb5276e4d366b4e2bb190c69cd0b1c278969c4538de2d5dd540569f5c69b|10456
2580|a606e3f20d17a63adb8280d87bf014ea8421a40a18bd566644749fbd391f21cf|4461
2581|09545a761d57e42e97b1ba280a4f4655b090fe8c8be4be654cb2a0083a59e7f6|14456
2582|eeec46be03df0709c7b7595fa6f3cab1db131dc79aae7c389153409f65463331|16640
2583|28503d422cb477c61b458fd9692a8f6c95731774778fd8c67f6e20276062943a|4479
2584|eb1f8d14b75b9144880934fceb97970ceb55276229c90d33e7d143716337e7c7|9910
2585|5630063a4745788e0046a37f4f62dd6d8b992fbeb233531e2285ebcaee1ee5fa|21278
2586|9668309f4e24e007a91a9949f15223661d45f6e083b1d939421b77155cbdaa1b|4977
2587|58ce49ec823b384fe59eecac9515a037548d81211159c8d74054e7f7f9f05613|14023
2588|f6583c2f7d922156f01c0e671089bdee2017e537916db819ee9e83b0eeac7de0|23409
2589|fcc6660e1f2711fadc6851d78503432522caff3a57d24ed3ae2ecd47f8c62823|4474
2590|5ac781860bfc24627df63ffd609809e34023aa4417a338ef9a04eb20127d558b|23343
2591|e219a022fe609fcbbccc2bb49561fa127c487901cbcb5a2615c5237d17c576d0|17797
2592|63c57b40ae324839d29761b0cc81742fcf6091b73c5d0d23532c1dc2e2904a14|4864
2593|4077b245c80e8b9dfb1adcfb33cd42bac0339d134a21cf0c73da4c2838215b41|13186
2594|1ec7ef1123e74f4048405a3e0d2c48eca0ce4d48b4e7bb855e14c9fb60fed801|5550
2595|78a8b5045c329f0485fed797f75764b1157179106be89e11b9b88ac1d228a6b1|3807
2596|671f8f44418434bbce0b19a922ed94ef101ef93439672155847bd7c19b7e8635|19446
2597|99e9a4f6d58cc07d52c77d684fa9806327cfc947d5ad57e56000af57a20534db|23644
2598|6c25f8124973540f980ebf2d6dcb58ef4cafdc934a919c359d0bb18a8f21a051|3979
2599|fb391dd4e129ee3f295da6622c2081d713bd385dcc88ba16f171c835e365e6a7|23407
2600|1fdff1cd4b088a174e8737bc8e47175ea399983fa03dfcd77dd4476a3fab78dd|5550
2601|803354dfa6d257b8dc3ffd2e9d38d7e49ab528b908aa7f1a13e96fcc795c081a|4714
2602|9c67a2c647cec5d42af08d200b8a7fa243cc92120288142b2addfbd5ce9ee4cb|9167
2603|58e3aa911dbf76117f0ecc641bf95b401705e6e4592f808d87fe676b69c68a72|21669
2604|ce2ee09e6a8ea12ffb1afdd2556e8e0aaf56e4d0df90042c02974b88fee62669|3897
2605|036a750c07648e0c381212dffeb6bcf21d9f5e299ad188b53050a3ab78f9b5e2|22599
2606|6b2a93777a0a5ac7f6a10f904b2044f01c5931720c9a39211270b2b67d6c4679|5067
2607|21ef489221649fec8dc52357fa21ccc51f4fa272b761c47d7d5b66a8d79883b6|3865
2608|5bffef07b5885d312e06fdb8893290627ac434835191838c0319a19c1407b728|17077
2609|fe702b94b8f74bd2bb3b74badf94694b3de2d5f7a00b614065ab80213e6ba0c2|15531
2610|09a930f60e1ca184644d41b22ed94fc18737914407432fdda47bfb582cb79586|3877
2611|7a396c8b1c39bae903db791dd5f1633db1d613e1e0d2fde4355d8effa0829a28|23666
2612|a051fffc331cb3c1aef049375597da30e5450b9a5b39d326d5e685249aafcd3e|8980
2613|08fdab035ca447f1b86785791e52edf105c662010c788491ae465dd83c5f0cdd|4342
2614|0707744f5b00373e1d933352a065adbdc0f94b5f40668752249f918d62cdb5bd|18077
2615|f43fee4461256aa08a3e5590258eaac794ff99c5017a4ac20ac070d1d73325bb|9581
2616|bf47c257fddb2aebc106aabe11589407a0e3d8d4054339496d364c7df43b8336|4877
2617|62373d7af0d105befec43af74773202eab94fed704389edd48501cca52b9054e|23093
2618|685beece7e3ac81dbca8a281ada4be731e5c92ce9eeae293269ae2785721408d|9648
2619|1a0d27cff0ebdedaa90f4f1bd647e92ba26467d340b1e59ca52ec10f8a3277ff|4665
2620|6aca6305e80da2e2127d3851e73b32ca447d9e1e1e3c730d9a8d88253d2fdc0c|8888
2621|d15165a69fb4341753086bd94475fe9630ae035ea56b71e10089cd7e77b81b0d|16634
2622|8a5b03cf7708b93860131c93ec3abe8e80610cb4117b2a22fa26c2b311cf0d6f|4516
2623|d23922523e57b1ca696cfb0f1f4ebd6dcfb23a1a3d366e57b6e9ae6fe2426433|14992
2624|70cd628d2728f8ab13fe18b4360cacbd21760fa6e3f33a94d3818d84157b9312|14667
2625|b787169095304893061970dd719f7b6139a87cfb3d808f7dd2109dac976f0b5c|4703
2626|fa1f5187932f9a7c4a2de728779c40776a93253418121686a415b6d6c9c6a47d|13597
2627|ee32cb2e01e466c0cddd865035a81f4b6183c41a676cec02c4459c7dfe90ae5b|23151
2628|2dc7d23816378a9b2131af233e4471ea71f4dfe19062fcee3f08367814c8ced9|4666
2629|24b57a9451fd577b319ffaa7b799378fc97803644bb2566b9888f12a613c64cf|21792
2630|d995aee57f9f7e4b44c44f2b75a3ce7d2a05ce0361d8789421f0762358e33236|18814
2631|832f4aa989651933432a6235fd4f289b2cf42c369e68b5bb530d68d51a170034|4582
2632|91dbdda28cdbb6cfc9cb9cfa7a65a827096e80cb5dd0b33f92ce645b3a9f5079|8778
2633|b681a451d015d9d3d673d05823c7fa22e5f217c91403cf8f7a3c3f592f0e3fda|16671
2634|88329f08c3fd350b5cd187b34dcc68d1a1777b3c23137707ba6d695be744ff13|4147
2635|c1e48160e76e726cf2d7c3a0b458c4f8456755316f17784b329519580833dab2|4677
2636|93d8fffbdeb38384e576bbd5fe46e4a170a3a1a7ab5e89e300cb18f40da522a2|11443
2637|3116290a7227e5b5321ec66d8ce1d1f3fee556a41cc632c0d5698374d00069c9|4883
2638|0ed71f88274e27ca4a273f960998c9574f5fd4414d42af65e7180b9b2359e99b|15779
2639|81c05feff7d061af2031066ecefb1e4bc723e7f0c3b972fd5fdba45977a25c42|10294
2640|dde9f7f6da80552ef483b3d7603975d71ddd28be9637df749be7c4a5a21782bd|3917
2641|ba00ea79438cb3f8aa1c957dd7d54b497b7c768bf09e0aeab60aa56d7bad85d5|21840
2642|3e68ad1cf883af4b9f11c033ab48c1f12fe99744fb9a55472e7e6ab80a725e02|23790
2643|a346d74255983f1bc34ae3b6861e48d73de43e0038203ae690015fe2229150d3|4908
2644|f658b0483a346887f299d55b5a3506dbfac3dd2167edabee50624f8687659108|11435
2645|d19d9c94fd3d3787e6364984a846890f5369449fed7293f4318ec0c1950be354|10811
2646|6a3d5b9f606c9b945bb69fb01dbaff01fc0456efce7b0228f004b5626c395666|4976
2647|a1e8714ceae97d6892ac50df3c7ff8445f26d4752cda36140292c9ee47f0200d|15472
2648|83b0199d076d6ecd86434fec64c284c4f6c6d08bf62b21bfe2cda242a052f369|21422
2649|446b690c09c883613ebdf71ae6d79533b174f111a67b4b466c5ff20ab1c8ac28|4847
2650|c9ef368217074eb9e4c098fe73d2829af0dab2589fc5f9f812b1a3fd3d86034d|9328
2651|7590b5f5c6def53e25744c125fdcecd7cf64400afb26ce6a5329ff60f1c06b68|8502
2652|1a9782a633251317418cd24ad0024b082b321a73b016d9238beb214d7a0d7d12|4513
2653|eb08fe30a40b80b673b330bc0d6ecb1eb73d4957d9bb405de4a0a7986d8a28cc|16469
2654|2621c28fc5379acf4073651913a0b99af591840eb5d3fd86b0e725262260469d|6802
2655|f4c55c72fa095efa8daaed82b47142c57653494a5d8cd6d79b5afb8f3f033806|4547
2656|d33e97839ad130b8d1d6eebc6e966c84d6d916fed3d82dca18f68865f88de2ee|15621
2657|aa34243f2b0bf00b62373fb4f11e740b565a1d94d19c1a1de04497cf4ff8ef89|14653
2658|d51c29fde929c22fb76af6ab54546789e59419af2ae0c12d7f1db61929190199|3582
2659|d0d3ca1887b3a7bd664616b487720ab42d0ad6d11e6d0854e864f0f4f26831f0|6727
2660|85165b380821a985f7dc4ae16dd30c78f5396f542ad6f56e62ba1fdbc5ef6e86|7021
2661|2ac618c8bba525a1cffba42eaba0acdc548b414022ddcd76c45886a8206ba733|3993
2662|094e740942beb962c05383059faff05bed3ac0a52fce8bec8c54ebc380a29ab1|16637
2663|9352c5a6950e94f7dba9e47caeb15f54c4bd6a5cf2a64a182875e45ce48e9ef6|22316
2664|540b9d163a9ac6162f24aaa3ac35f82119e3f4d4fc0fc6313d0fef250d763f53|3971
2665|ac3407e85256b9fc165dcf5126fdd2e442463879022d4155c81c3229eb2fefc0|9012
2666|3cafb740c7f1a1f240f241eed0c13e3eb89420b072e2f096d002fe63cd2c53bb|6557
2667|b27e3ca43db81e9c1987d76407ed1cfbbf980381aa01a54c44d326a3ab3a09f6|4030
2668|bf8777e5cd399c9256766564b03913346aede0cdcb9378e2f49402b07282e6fd|11367
2669|6699e7c290c99e1ca666cde9f2b292b795b82b6fc8e1cdae6effe5213a79d674|11973
2670|92c248cd844436c0cbe19cd4c33f38b7f68fcff76d7f6494e1c17caefd006137|4485
2671|bec7eb763e354f19f1fdda92d62efdfc4e19dcaa23608e5277f7e66dde5bc94c|15946
2672|34f5bb1c3affcad27174792db06268654d970aaf7f8859e6e7dc3cc5d0930613|17734
2673|e156fbb6fa9550758df9f12cf56f443358f5af7a10db10dcf0626d539a1ddb2f|3850
2674|04eaa2b70acfd0a7cc20a2141aa5170afcb87b08df683df16e9c08b67069635c|4747
2675|1efa29b7d8f1045919aa4d5c431f59023dc0daebb6c12e118021590900ffc931|11278
2676|659930e3dfbe2e03f8d2b5b2e1028db88a63cb95196d709dc9d78e83b4a890f9|4915
2677|30d5fd0a931c68acf61ee779a2d6d1cfa9ee4f1408d5987ff68af59c65550d53|18786
2678|7e417ed1a76d957d743483bcc9eb8d9e02afb141177ee512de8a9ad13567f071|13766
2679|d89e9049788caa860f7015c08d54f74ea3c1d97412c2d097fbdb2bc4f44c26c9|4947
2680|dd1419e6f3bd34d14ad80c73e7c2e9851d5016e145b2875189167d9f9999cf3a|5738
2681|d5e0542ebde5d969ebc48b4708204fd137170813d117411319d5c28a2fd162a3|24194
2682|041c3277db9bd8db021eb7c46bbb59590d8287db2e18e172a764f866c10c1e41|4212
2683|a7bd409f950c339d10cfa6e428a54000edcd3d9855c51b95e9b64d45006c8263|16113
2684|6d6038a8e51618472d2002b726dc4f9b1e626ccccd1c32950ba31efa77a45aaf|11151
2685|c9229218dca3f5154d6d50d1fd22c370c8cb4ecde9a00ab200fe23677179936c|4769
2686|441af164eda8aa8de05f2e5dc3847de9a5dcefaff3d833f0cd1ef5b457230008|20000
2687|8a743e0569258cade753e3e620b47f9c8007839e05172ba96c81582847620f99|22332
2688|f4829460a89fd34f34493f1bc698ec52f1de0015d6d89153455b45ced6c0fbc1|4546
2689|7660cb07fd5309a63196181d290049a700ef3476c38e9770b5d4b1622440dff2|11602
2690|7a5ecd07e97b6145c79d11b5b9ee61041595b53296cbef92ce45426bd12c024e|7798
2691|7dd4b585bdad556c943a186ceb46c71dcc74d20b0c3da0ff35430afae4839286|3540
2692|367be36fb02012a60bd074699b65806839679b3e7d94cb346b3c5a101aebe4f2|24140
2693|0ed47026a6d32d06201bc2ef9d12fa33145d8138eae00a8eaaf356e694230378|9037
2694|3b224a8528b9e21f5c15a4daab2665bd65d4fef259eeab7bdf5781430ecbda48|4112
2695|4dc815845a8d4059bb7406332568760344cb11c5db4b0de76638fffe28c7f478|16889
2696|16022e3b10cdc55270927429771eee819605eea1cb4610211320e2fe39d7eb40|24099
2697|ccbb75e6bdfd8897e020daea0454b71e74c82289bebb53592233da3519408e35|4627
2698|53caf9182cf9330ae07580411d800cde842ec4bdcdf39b86506c60aa883898c8|22013
2699|8537a0b9e176a6fb2789cbf710b68e74532af4bf11d9c5cbe85d4e902dd3bd6a|23426
2700|a107bce86f005a53801019c2e7c51b86be0ecf425ea9a9071a3adf3808a61a29|4356
2701|ec97f4d186c40d7c7f2a362339bccbbafcda11cfc253dc2ef5be406190c3dfe6|21467
2702|8b2b852b8d4e0808b286ecf4756de9f5516d1b813d4d4716b95128cb20877b73|24728
2703|1856c719acc2dd54630e0e43e757909027d7eef8c33bee0cdaa8f50e5ed1ecf3|4098
2704|9f859b5be4e9e56cbd2930c4fa4551822516f01cf701b512bcdd536e9580a7ab|19108
2705|a93065bb6b953f635f9ee04b149b6df53aa6d4809efc7aedc44b076ea9de1294|13428
2706|cb2b5f365fd78fbda9f5b5458a841e3a6365d05e524174236918911b290e0697|3583
2707|763bb97b460c35bf84e3b31afd10473c6ec9dfa29a4a6c047b71d427660d2dca|24281
2708|fcf5cb6706e029f36e3f4845d58fa592a68d1a16395854c9ca8fa3c6c74b83c9|20397
2709|aab7db026bc4dda0779fd2544e1d82f5623e744646aa52eb7fa7b091b152dbdc|3796
2710|eef62fdbfee58d3f3700548523c4199ce98c749186848520df127d06c3dab72a|5084
2711|e651e76323a546ac8be8b6030c718c174c99c7f56e49845654a4ecfb7f073efb|13912
2712|ed949265adacc6f1b6a41988325b08224d2a72ccab94f402f98ef32f6d520857|4718
2713|1c225501fe445cc3ff742719bc28ffcc5d2a123a40fe8e2779358f101cdf3686|11428
2714|638986317cb73842d1c457a600256cb8ef3af7af60c3ee2b6b9d0f1524bdcacf|9736
2715|a4d18c61b6fcca5d4ca1de337765835bdf086a47ac0ee0188994d8bc16c75204|4434
2716|d899ca72a45b8beffc37507dae7762065174920bd58a749fd540eba6972f74bf|15004
2717|5f74f69111e8946953f2eb91bbd6a0761d4673104fc7b2637e8cad5213838572|6556
2718|5902c774a4760da81c097127ba6c727dc47bc02784bce1481670dd70faec8b5a|3579
2719|e63cea00adce74e5d310a12e9a2ebbdd107dea51ddbc25b14ab86b8a4ffbe9d4|17518
2720|86a5d6f830cd13de8d935e148673278de52d899fb2f996f7a5cb21a806d8bb68|21644
2721|2756c22b49dd8dd82c5809022bcb77923a38cd5012569b5935de11c5dd134ae9|4462
2722|b8430e4846bc3b3b78e3107308d4213c3760986ad38cc788752e1a759bad7f9c|19155
2723|2dc670a60f052406b92c2173decdcb4d4136f3303e24bcaae6e4072318f81d4e|6696
2724|2bb2ea4f001d69504f8a32b613ed03c275ac702f686bd9b9b933ef9169de760e|3955
2725|b8d7c2aa590f3fab7d1c1a57d4f862f5d28a8f16a55a766f32873b1ec8fbba6d|4977
2726|c2ca02bfe1f93e3a39c58f59b6677486ed8b8e074102da215f4759f4b81aa0ea|18651
2727|2904461a1b098e40446b4a339061feda718f96f80d450772b0b2ffb35f11cf60|3845
2728|05c216631bc082a7cf04b45f5dd2cc2f36565993024ad039c67db17078df2fe6|12059
2729|a54c16cd431e689d557652accaa9d1c69975cefed274da3eb3bdc2366277b097|21551
2730|eaf0451bc1a410a99e6a127293817af75a414d7969f2a5b741447dee3a0b64ab|4871
2731|575012a3ef9c4262668c1aeac994e21c667bde731cd12f5cc5f9ac57c36688db|10622
2732|5171c7a9f19f3c4bf65091388a157c27b2d678f15d9f05d78926227bfc31775e|22032
2733|4bf9814da281b1f3e6bb2666182bad8f357657cc5b016f85433dcf30e1a7291e|3858
2734|e8f662d7d84abcc62100da248d8922f1bfc02d4e86856af4c3c15dbc1a1bf13c|23012
2735|024558ebb69705292171f242b86c540d4baab41059b9c699248e1f2f6ab3fa2e|12344
2736|be840de067a1010a99a3dabc902b1c8a664167706f24b716ddd1a324d146e874|4620
2737|02a949d043f067745e5dfab7e9bafacd613ae6f69fa62fdce7cacdb291e441a4|19210
2738|0d552944da18b8c36494dca51d56a0edeab30425ddb78f528e204a7b35e51c86|12678
2739|0cd08e239e7c913ec43c9a67fe2f0f2b949cead6d8c6507a4ed87679199153ba|4038
2740|8c4e5997b536c89c4b004fa297f0b10e527ad346f723b28f90122fad948d0566|11408
2741|bb4f33451c14cdf897c9be601ce2f00bcd8dbb3736acc880d2c7ab03cbc3d927|16812
2742|e72a07e937125ee2aa15351198732b9c97a2dcea5b75b785d262af4f24f756ee|3997
2743|b771fd6db67e35a885abc9c4c1b689e288722d1807268a8dd8e5ce97d4dfc04c|20407
2744|cd8f031b41061aeab67613141496426ed6c3336f18cdb4bd9342a516476550bc|23190
2745|f4789445820503713ea140dc2acd7d874c5da73077a58584d6f7d19a8ccd62ab|4443
2746|aa0d98167ec6d309084303790daff28dfc5ed0fda6cf61c96a0f46d527a69543|21437
2747|daf5317cfdb5e232f2ab4aa4f1cb6e80b478731d9d26c2213c584e907ba93dfe|20789
2748|f447b079df9f890a09022050eca4116c45f7f6d5db4ef7e2b4830f408eb16b40|3531
2749|9985f935332fde2abc6c228058ca23a629ff0b1e1d5d8794e3e320eb685a3a90|19728
2750|f09a9e08c25bd19e53a19ac0c17481d952de67e883e629909f98ccca482acfe5|7101
2751|a66349ee6351e7cbb2c7a548bebc27638e800298948b36d84d8d3604aa6b7404|3800
2752|ee5683aedb1e048918fe36d65d6216f39d96874223c5d6e43d2836b018e98423|23548
2753|4f4758b5fd7f794db71083b27a44fb2364eecae346018fd80f174a075c0ff457|22397
2754|868dd36ad532bc171d41911d9fd1160809cac8d61cd8a31716252fb1996a059d|4222
2755|82788de4fe2293b6fbe543145a188746455198d5c4b109f193fd4535f9752b69|23002
2756|42fe771e4e49339668088fff8adc9882afecc4e77537a5f46c4ed079feb9b42c|14230
2757|d017350dabf01e1ad6fde2abe24219b2c55a7a419e9cc6074601a65ffd6001cb|4042
2758|cb153bea9d0ee8f860e47af9c43c2738227ee4c9dd86c44eb177fd61475ac265|17425
2759|eb7ceaf314d9cf15aca014f3b0e115773e302e99870b7d9a36df94a52d1a8b8f|20889
2760|c91b11c8b0a5af79edb1e453f8d4edfe5b1b98fc208a990f7dc3ffb4a014905a|3522
2761|887a33cd36d79452269690e029a20a8c92da3e4556a2ae47d981df1bd3592707|12911
2762|c4f16b8d5a9225c0507ee27921b32052f46fecf7d78c67f535cc34fca6f168b0|18850
2763|ee6b9e9a0b82f709035ac71c090fabd5d7a1844f7ffb0eca2da810c8be483a10|4421
2764|7a64c6c80f9dc234c383efd0480d0cde84dbf43cc237e1f117f05e366a5ec46d|16155
2765|ed561bf834438aeb6d71c2e545c2d5930548c36bed81f1561e08097331890e24|8815
2766|1ff88a9bfd821f1f5e3a5dd329f40d92b1b223981bb7b26ee091fd9817f897d8|4914
2767|9eee104cc2a98b8ed4e79097ceb9fa474c54f5fd5c4585369539b8a6c2b5523a|9994
2768|a3f48227eaa5127b0a7b3bbdba00b7ed9dd9ab390da795339525d27d96720d74|8206
2769|ea121e3b6d3d1c6e8ca48b9bff6b7e55c937983f57598a594deefc93ff9d6cce|4871
2770|a798074a4f6751125aa0308a01fd76ba1f7cb1186bb8ffc1e7824e0dffcca8ab|10117
2771|c4a0da812cad0ecbc1605ef5bcaf9857252895c7c251ba5da0e443ea3a979712|10108
2772|dd302604fade13cb411084abac285dd2eafbe6e7e812907c1e4e953b4f0b9888|4026
2773|45c5a8ff6aec5fcfa2476650adb529c2209e5720f65ccf89a8fd298a98124eab|15286
2774|9240787bc2dd6bd1f83111262d7e291124ae9a54134fdf84e555759f302ed9c1|7653
2775|e4d08899e2b9e46e2be8716bd5473f14c62a0de6223b1581836d7cb955aa9723|3931
2776|8eb20603de39439af8bd7df5ef443efe4fb0ce612de6e99bb210e029de73e4cc|7879
2777|6220b31028d1f12fce3789394cfa632a12b45fe18fb440c0516712db6b9f2974|20322
2778|de4e08e002c77a2c7bc6a461f9844e88e12bf908375c5d4941e64e01c965c0c8|4927
2779|e87dd8a0786da88e3cafa2eeaa395a986b25f72c0afe94198686445b87c363bb|4941
2780|1a417d9c428a3d44f7fc38ffee7cc161b6cf39585c60eb8a1098598fd1855481|15493
2781|8b3a1c81f697087eb9c5b397fcf997dcf0c9f07d2deb63f9afd17b5ee0db264a|3974
2782|3af786b0f263aa729678d4f842a0ac462980cba9a2120b7db231518711a4250d|16880
2783|689235577108af9dbf6db2870dcca84117cef4ecc7acbcff40732f62dcf62748|24105
2784|580e0531510fbf3253e8b0746949b870fed75205f0534d058921d1a97eb05afe|4914
2785|5cf7f6b273d45f157a0d98a02279441241d0b004d3c0c9fa44e728653a636d62|23033
2786|c2ef0a417185fc1bfc39e8758cb694cb5ddc4c55986475277f8931933ddeb294|16100
2787|d3a8f0a6000bf5b7af6d5e69686de531ecefe54e190a3c6ab0d3df97d751f12a|4204
2788|4843043ac4c0fa1ba96bdeeb106cba1b35f6ef968a4fb496539ffd6a9ba13f7c|17170
2789|9429e2f20aa2001a288458805503e78fb7d738e487aa2c6e81e0feea8a8712e4|20338
2790|1d018204d3f98804b458a65e29ca44ab60bf4dec546e7fa430d633ecac541060|4921
2791|eab287a8906e41220a9f8424e885ffd0d50cd1945de235ea4ef01e64b85aee6a|6840
2792|ee3f40d0b9f73eb723e8590db6e08c8e4f6f42d35707aff9412c1cb078f22730|20203
2793|8ea5946fc79f78b99bcb46ed6b187318000a01a9ce117cb3e06b2ad0227faebf|3551
2794|ec381e127b35cdab61329ca86195046168699a6ee1df589a058ef2cab68cc7cb|15498
2795|13e338407484b873f49bfaac1582dea1daf23317ff7c778d0ef5b78491345492|13468
2796|ea78a37ed599e576458c1ee60cb81b6d251f7021a824f9d506fa21eb78e42529|4488
2797|3d80b03b11c981b29dc96d83168ad667247d20a1b31f6d5be783718897cc1f8d|8034
2798|d4502488c842550bc3a3b7b3fb1af9dded7d23cbc22bf6d76397c90e9b055b6c|9243
2799|5194d8fd38e1a2ebe017f7dd99e80c8284f2443ae0609d95e9cfd85d520f328e|3892
2800|67a4a9fee08489ac496112db5248dc91b4d8a6b93085e3bed3d11b654d649d68|23580
2801|c823b80f02fbc9c566e2da45616550cb909ce0f3a180b41f867edf77fcd2ca63|24296
2802|8d09cb1c6f368c0f2df42c31e38328a6684f22464a648dc4bc09c3a41678bce5|3528
2803|2a99097b2725043b41c527d55cba0c881cf77bfd3b0689003c8f7286af5fdc54|15149
2804|749367af56589523e1856221eca7725cef9a66bda526d39a20cd3af1af7514db|23334
2805|06fc0686103d369c196416b0ddfb4b092ffab87898f83ceaa7eb36cba0079907|3461
2806|e75cdf7ee27c44d2939c6f7c639275c7fd60ae9b68c5215e832f363bacbf8b62|6757
2807|976500bf09be030c1ecce3efbb2b69a05a9367a55d3c60a50d3f972fb7dd59e8|9123
2808|526e000c57c6e4c6c6a777f9444c68b65854bff0269d3c0615623c27450b1843|4429
2809|2ad0a8a7ac9b126d42454bbf692476cb92bd91fade3c25737d00a8de342a5a34|10447
2810|80b3648b0b9e8fd128c56225dceff62029d1478ff37756c70bbfb034a12c2757|22170
2811|37fdfa6e51b14362c27817b46af95071ed7e2ca896accd8ed12ca4c95ce20509|3885
2812|5a7b34f2061d6f5fe69d8c68380f415c286d0086c2032003c624b1aac7f0155c|20846
2813|c5e77714019d9a7e9ca0a3b77e448181b59d74e4c4aee1d950550b1335accd57|9893
2814|4e735ff81816a7c3383a19ab088e97554320ac43a941cdcce7dbf9871e17677d|4210
2815|1acf80e64077d06c46e6fc8a69c5d4d7c02a550f58f1e84e064e0af3165d6001|5442
2816|869586aa4ff6b95b635a36dff91380a381a3c1c21dc6c99ab487ec951a61e9a2|17082
2817|df15f811a51786cb238ce486b46d3e2c673f3d97c56cc56a9483ac976f48a7b1|4242
2818|65a6e2f747348b55273f591f534c5d9211920f61c6e9a1ec61f5bd589a65e77b|23376
2819|76ab99cc08a9b06c3e558caf8c8addcec7eba19ac40d621974c86b641c9bd5ab|23094
2820|790e4b70d7f130b328190267b0f7cd36578d94dc95f79767dd801930a249ecdc|4918
2821|a5e4da7d9f1e14698eb8068ddf195e0377df053dedd919ccaed905096cc9e808|17673
2822|d5f9851dbe1f558cf8b2e3e24037fb76d886e0a2f66cc69178832f735b349a58|11770
2823|d2e81c19350096937fe31c110025f57a2402776eebab735a8402b4b89a4592f2|4320
2824|6f87df842acd35d9c3cf2cc7fc4df4efd495ae6aca2966d2c555fb11eec64f59|21784
2825|def36f3de6a5d40a8406178d963cb7d6ccc3ec883e13afbcfcb666eb9a51056d|18741
2826|03364090a9880f4a37cfc014a88103525ef38832d1d00f50230d34bc5d27dd08|3489
2827|3482258225cf1d7b9ff6a2d21dc520939353972178f24574997efdd2fc611975|13132
2828|2ddc73a922975b187c6f21e8918bfd54f3657ea92bf37fdffd4f60c0f4440bb9|7838
2829|df64cf56c47202680d04d025cc38dd0d564d4c02138857c1a4509998b969482f|4344
2830|dd11445fd49c1bed4624db9d95e7cabc8422b6ec449c45a9e9fe6cbc542dbd16|9234
2831|033eeb92773a07a3b2f19a1b89ea98dad106816021a3d40498304a00d6150dd5|10028
2832|3a3ebcaf0795010adc08682d22b0783077c59b804766cfff543659d77bb6739e|4401
2833|3b2a42e8d373d126af5f2c4b3727914bf0cd0f8459a883f43b7be589c094fc61|16519
2834|c214987d3e98e23f98932c46429aa7ffc4df4e1d0dc6d56eb354cafbc115ff5c|9977
2835|d3c8fd422cf196889b3b7c6aca6417d1c44eb3970b528765d822f6292539d70a|4668
2836|ba200a0d2f4cfcee74f0d4a315f3483a7bad6a94e86ae0e00c4244cabcee4554|12337
2837|befbcc0ed4fd1741eaea586aba8be48c0826b673bb258c0ed19bca1d3325d1af|14529
2838|189d8acb2f04dddbb048bf66f13c7287c88de0770a73cb2e10280c8255274111|4703
2839|f507f29505095666ddb5463409eb30d454f1d74bb96d6f0f227f10992a6882eb|8876
2840|0036167ded6d3318b42e779170a9429adb3de90a72af9363cfeb9a81d6cc83b4|19830
2841|7c37c3ad453816d9b0f970071a7822cb41e31d85b8660afb5025ddf1eef9e439|4668
2842|828f3e6c0ae241b0d1d52347556cdf9043e2ff015b3da8712d4f3c26c05ef63a|5511
2843|44adfbe5fe6e7462956d1494db53d2e55434b78879c20e48fca9253faa0f8a34|7009
2844|6cefccde74225bae00864033a8d8f4f0152c63c71d52f988034f312db284bf72|4658
2845|6ae8a678a6e44d19a708e387e81198b32f3ca1d8d6f8c84be208a9619749db37|7493
2846|04dcf680d1cb6b026abb6db755b1f30af530aac00878f446acc1e7b66e540e2a|14449
2847|9246fc2f459641db693804f69e71c257d8528fff96a026025bfd3a9238362590|4606
2848|99366a308f0357484ad1de4e29f41dad255bf9d770b84827d51b46aa95a6b559|6131
2849|038c3f4f56fc2af014453862708c33b2341a88a89de02859342f8ed2e9ccae8d|8716
2850|54b3ed0d40a180b4c33aaab08bac2f4c40c7805cd5d974c27ede2aa11f883e7e|4938
2851|df5498ddfce7ef10b94c74d5a17b822103d8efd6e60e1fb17af4a3c912d603ee|8542
2852|66c91bf9f166e3cb5ed389b3bc83fd2c4dbcf7c1abce2fca7882db50c281465a|9979
2853|9212e4a9c51e50ba7b4cac7064f7d236d350dbe0d7723866157c28d61f6091cb|3777
2854|fba7aa66e67643dceb740ed63e109ea35e2f06093df6a15fa128ae4fa2d3a9de|17762
2855|bf63722959c42f603123477fe09f65f6513012610cb2f892da1b51a8001c46bf|23377
2856|934268d02074695353f4da1be3c6febcf74f48e3ce5313f5894c8446bcdd131c|4649
2857|0f09deea69a6642003055e48ca22221dd5921b44c735c573776af231f5926f16|14455
2858|eeadbad6e88b70e4e678abcad2ff11621ea053eae6d5dbea5fb4a384ddae830e|18674
2859|70724f31eba9225df0db7aaf4bb617b5ec1e2797c344d1cef318775bdd8e5928|4327
2860|6b288a3951a63fda329bde7efd79a4afd28c0016e7444801442505813382b895|17047
2861|9d707bf2cf611106c69662c34e410aa7bceec6b3117a84c64c2fc933348f6b34|16968
2862|f4c1e0614be15c83c3dcf02794558e33c19ac0426230a106a8f1f3674cc6f4c9|3865
2863|b35d935ceaac5bd741544828643dca96a41636ad1b0efed4e3be19cc2623fcf9|14677
2864|3198b0f645ead41e3d321e3b560bca32df603e31cebecf26a4daf82bad70249b|18348
2865|55daafc2a13e221b7878ef5520ddd68439d374016288577b17dd76567ccf01f3|3923
2866|291b6225ef88e443373080216183c3f21d63ffd44c77c2463f4fb5c3991e070b|23162
2867|2f1fd4bc4950c8079e79753459cef1b6128873ca4c379aa5378a185c728f3f7e|10907
2868|8a404d220fac3346a796891912200119a2eeca21eb65f0e011e097c88dcbc8dc|4343
2869|3c832f9f9f72df30941030a5c1d7ab95a5e9c98503344b690ee0f0702c06d23a|12474
2870|bf62c3e13147e9d63c974888a975b3286fbe294496f1a9c436391d0faa968f65|9471
2871|04c819a0196d019f26e09cce060934195289c4a1a9711aeb8cfcc62f26ce65cd|3952
2872|efe6050ae060de0c4862a5fc41ca9a320422b0256617aee319e45aa5056ec529|21341
2873|add5caa95a2fe927288b6daec5f470ab3cad1c725cf9c2f0b6a4e268c02dda69|18306
2874|c31c80336d3f4abb758c76511b627e70d06cf0654a9df99b8d1a5d38d7ffc801|3578
2875|7d82decff2336dff1b5069f16a4279bf9ec89d56d48d51234dc96133d937d966|20271
2876|0db10766600ecd1f782daa7736d13d95c960e88b78485609f7f34458d91de5ae|19178
2877|85f916b1e8d25099f2d66a98bfe4fd016788b619621568abc1cdb6425305e1b6|3695
2878|76aaada76038a23a71ba0a38e4a7e8629d4e4986b06f80c12b65834aff29eb66|22330
2879|3440779a3faa8ded2de8e524a4862eddebba70ee89bf25e94d01103858c4ff28|7027
2880|533f89715ceaf953d7e917d2ce0ca6b680039d0ff2d0a74c7f8f29a3545013b2|4587
2881|80e985371d31c7a2d8a7133063012fb9f34adc22ff8d480e15fdfefd5ec9fce0|13072
2882|10094b9d08df5a271cca864429cfc33e729be1a0a8b7c41ef62e3cbe0c70eb7c|17292
2883|d7f228f41fe483e4933334f870c5d34220af62b1627d8382afc6114ef9f0ba75|3723
2884|f260c8889221c721c79a98375160dc2454c62e86c6e1b3b6740cc31572e8dc47|10665
2885|e8fd3fd15c73b8a04017d614f57f1d1d3293b7d9bf07402608bd6a923b7b6d03|6723
2886|58c63513e5efbe9c7b325f043a18fabc22b113152084beaada78a19ed9d32e2e|4362
2887|5f1897e779f5975ca3b9d62e5c89b29b930675a2807c2048c0c8a4641cc273ce|10926
2888|fb4771a30e9878d77637fce539762084b5befa2c5f565769108ca8f4e8268731|24210
2889|115411a9835df3c9c678ec13cc2b2928f1e34452c87fdd8f13361c383704f918|4563
2890|f5bd1ece4823ddb2bd9a417f43c05eddfbe76cc0ba9ad8bdb1a94721407108ac|16333
2891|3bb39b002fb0640752c856ecf1397d764ad7fd3b3087c2723eebfa0bc240c598|15043
2892|50fbc2583875f635d164f652abef6c6a87862ca42f90783f0d3b74e85c0737e1|4176
2893|1468299be54fb4b56af92ff3620a779822bc9aefe7e5569fef15be488a4085ef|16254
2894|7cf1bb5d14010a86cb0579962ab3d8c01c4710c3fe632cb856b16ec064be243b|7703
2895|1d4692abbbd30191981f01f7abfa99432d3c43f965c429d8c14532db3dd682a0|3917
2896|0f3ed15103116bd8ee6f5993b85eb1e8dbfc0c8e3fe0451791f7bb3c1610c3ed|20561
2897|da685e1057238c8cbbe52f6c1d2be0d0ab24ea34bd3f483d6d115e07e2a2ce4c|8510
2898|2232c6622c0083f3cbd8a28ccab102d417ea89cb5a4d95c4665447119bbfa198|4599
2899|54d503cb8f08765d97c09b64c591cec523d066fe74dc62ecd5ccd8426639eb23|16042
2900|3838cc8ccb03969f68179ce21f370c884fdcecdde76309c7b24c4656d18bfd6b|17109
2901|4f95f4635c4683e136f106709cfdc85ae3cf2f584658847729eee9ce94f69795|4150
2902|4c9faf79b9145ce56930f8a0372bb2f86f84e86e4dcc165187faebd6fbc8a8b5|12383
2903|9342c7e863c60556ec838ce2785c5c39d3470826091079d81ff45efea0e9a148|24627
2904|743e259bd390ce1d2fb789faab30a72474110225ff0449bde6962c03b7074f41|4980
2905|e90e9430657447c457f422060af7fb934e81a59b40ec5f38d2be8c54e174d406|8770
2906|1d0b9d6d6c9ccb331cb7b6d7bcc7d25ae24f350274d262217805b42d94a3b54c|23503
2907|803a1b32d25572e42c3ec2d43f9be5e1450e31e5f9635a6110f50e33f188d528|3636
2908|8ba576115b4b4a5767df4e4884b17a90fa18b23311d6b4be4ebbba9a63a44f32|6121
2909|563869c7a3d0115661056c65e650c1d83d021458653dec33f650392fb0a06461|17899
2910|ccd155c272fd26fcae5a0a3c2f184892782a55b4a0656ccf8302114211971287|4817
2911|2960cc6f51595e0d0b59508c70bae55e7d3b9bb244d95d38cee3d6ea5f4ebae2|7246
2912|d5263a5ef4f83dbc381e20a9f8616c9064edacf9ea65d1cd5902a626fb20a0b5|17836
2913|c5f93f72e784fb4c21992de1e4d73f6dbdafdc4ddee9cd624dbc4458021cafa2|4744
2914|3e8f1a67d5a6c2123def87a20543bc4773b25d47ae7e56d92ec3a0509254a4b2|11714
2915|0a61008ced3cccb3a1f042082d90df2d42f277208621cc95e4ff34bda9675e85|7006
2916|2d61de481a485015e634362c67f2a2980e780dda19b69e2f6e7f6efb5409e1a4|4476
2917|d5f3856996f35c202cca2d179dfe75bab90ebe80405bbbe0c94e1f4b6ae35a9e|9669
2918|359931ed3257bcf62af074a0651eea4d4bf5f2022c297b7f92ab524137004c44|11502
2919|fe9b5fb239acb941c97a1756d41d8690cb2dcbdf4960729ff1eae51f49b28515|3980
2920|04490a152991a8df53a7ddea26e96387554cf38fe832db76258a87de354f8d2b|10432
2921|75c345c6d541da52e585a5157ba6f250ce9abb9223345c9e97bb28f107a5ac1d|9744
2922|aecc2c5692fc18fbf1354654843afa2551b8e141621c32d721d224346239a9e2|4609
2923|8626a1990f1158e7c4cf9a99e62582435d48bedda4886e5eab4839a47eff50eb|11638
2924|d000338a16dd11d7717c0a52871d13a0ec1110427caad311f65ea32cc8ea66f8|14616
2925|d25c5c790ec10705432246f668f63300f8582efc4bbb49282edabe6973690f04|4337
2926|fc2bc269fe29796860e8eee5b12a9c8303e6ee0c493b860ea9a23567329272e2|14743
2927|9b57da2f201c2a546f09feffaf979600a7de31d435600a318f15100a6e16cf08|21422
2928|3cf59c43088e353f6ef847f2545906729f08004f46999b1386dce6b1a4ba5b50|4339
2929|ab1fb8f3beac3fb9bd834a81f803650a856ce56b4f5dc670c5cf0feabe5ad005|17845
2930|1dba4d8a0a8b0ac8e901cae996d3febf9bf6d415cc39c61b4b503c4e11dc79b8|18405
2931|f7be05afdc9c7e9d5e53e4be883fba1d76ad55a899133d7bcf9404a2a8d50054|4199
2932|84a32926ec6abacedab098930e80dfc0a2a42332673f36dc263be71305d3fd94|12093
2933|a962a37acfc386c023aaeb8c391e9c30146b9a6e91754e3e25234fefb7e09f02|24540
2934|38563cac83cb1644b462d6d164ddf2fa71015c46e05322238f626296aa0cf339|3703
2935|0082e3d9eb81c986bf3774c9974c9a7ba4767d27830985c878ecc781eb8f0263|22435
2936|adc5c35d8ea5909e9482ec9be0f402e7d34f2e8c559df95ba28e04b49eb96fde|11218
2937|f96168e9e465ef1ea724e0881c0511ae3a166b6fc4023e5cfa5069157e1f8b54|3711
2938|fb973d624e66e3f6d3f29255d3fde177a08b4f812bb0b29954b876646b701968|7752
2939|8afce69acbbc7d5c3162ae5b93952fca01601de1b615889aa33ff20fa09072f2|6314
2940|f5daf68760ac22e7b60fa36a70a3a1f08c1d62225d1f4374f153c5370579433c|3756
2941|2dbab3d7165a6cab7d5d74f4922fee4fb909ca214ee69948460a638c54ce13f5|17037
2942|fcbe3bc2546c5b126d432c29aa952af449d7dfba2ced25bf31d65a8cc6d895d2|8248
2943|b2d35dec7c4f09df00c239d68ffef95c021c2b692c69f8d407e7905abeaa3e42|3907
2944|97e3c2a73c4120ac0d250aba589bd1110cf9ed8c0ebbb00e2183c9e03ec04c55|4916
2945|1bc45bba1e45ff38c13d2df3d5c59579a9ee8a5be429143b22aa4000d5c346bf|20055
2946|e39f83b1ec96ee3f4b23135d3784ccaab01f575128970181206612ebe5488ea9|4391
2947|55dd58a01a3e6775ca1991187e1e2dc453dee1768ceb8f139909cb72aa95719c|9278
2948|a83a5704bfbc09ae39d7259cf6924bd41e4a7848ed98d7e2f8d531e89289194e|19530
2949|2fff6d8d4ba558a926af422f5782dcd3424ddcb69ad8e3d9af7b757227dd552a|4882
2950|08a69fd78ce9e9f48b24e946a0d63c0dd2e12cb1eca2ee1e7c6396b1762506c9|15495
2951|3e2083069b3f5bed017961b65239a18350cbe24c15932acb0eb83335fc578cd3|8709
2952|7a7e9c5b84c97e4606fb401cda918f4947fc996955d990c7437d81a8808318be|3949
2953|afbfca3ec05e83535429948292066208f2a545a11108453a71030b3f85dfeb09|17462
2954|ce6336ec6a47d54d846fe672a4ec0e43aa1183b3b6b3b7806d6a33eda726e6e1|12130
2955|d2c99e233c18dfb25f98724df31375adff55d699b60b24092efc499a90f8a1aa|4412
2956|56ad06111f2ffec1400368d56bf79d497a010298bd7143c504d9808c6ce830b6|9266
2957|827a99ef4b2f01cbcdf4eae20c5b0f5ffcbe9e97a53951dceb762655b1374d27|19433
2958|0ac9533d52feec6fd8a309c2d5a7875d99aeeaf56838bee6847e43bdce79e1e3|4421
2959|2ed09c6ded5398e1cede703d44c69072774b555591a40ee7cfcda27a24c6304d|8977
2960|de3944ff50474abba2320f15c096f87e3a80c356a698fc54197bee2139e87411|24734
2961|e17a62abc071ca8c7344b87c8202848ee33cc2ce1c9b9959ff8d994b1a2d74c7|4063
2962|7e68dcca996903c48ada00112578ad734409ce4ae278526d29d3316e7bead24d|22544
2963|4f9fbdfb18802ab3f2d5e5c8676ad6fc0446476d90eb6740d5c86b0193821d86|16681
2964|45319cae0807b44e87ecffe9c8476c0cc4448581718991b09dc695159cc3cb06|4850
2965|2c71b2f8e8bc7d3424c8eadbecf94229c36e9e723867d8fd3a305c3ab285a286|10804
2966|681d082bd0f4e60b04c7400a7699428e3a1742e253a3287f82f48a317b9fc162|15314
2967|2a4b24588678788e82bbd7cd6e8a6051c8ea5f95c24db2f51a6dc75f5295460b|4781
2968|0d0c3d2ffac477144c65ee903b62c6593faedc8036a0b4f0e3f18da6ac9b1002|19135
2969|6714a3136cd0107dd4202e94d60e6eddc4754b8b2cd43ae700b683e4e1f56608|11108
2970|0d1eb9cdf094781ea9b09aecabe1e9cc6ddd8fe15192766de0779c01ea444bc1|4086
2971|64a977d944afaf9ba44fef27b0005ab0c5a19adeaa13af9d7ec65c53de80cd4f|11930
2972|f2783e47f31ff4eb1efa046238a62b7b8f0990323e3880492c23336ad607e47b|21611
2973|48e06796dca95e9da25ba041153d72ada4fcc7f8d2beacabec809d26affa727b|4248
2974|d279a2bc3c9aca5bc2a2509dab36b8daa94291bfe03eb87240ebf3a0bba189b6|10340
2975|9bf598fdf0bc8e8af05486fc537c4c58e83e7de5229bdd470ee55c70e752baf5|18386
2976|9b3c40569907c66fe604d0aaa8027f6b69ea71ccbe4577fb0139093195629def|3842
2977|0e27e7b113d23e60d3273356f2fa987e1b8fd20b74c3e609faf247341cef23ca|18386
2978|a847744ea87e937541a7a0c1300658973ee61659cfe03c7c3f2c62599b0a189c|10704
2979|7cfde59eb5767574c1ad1ca546724c5b9edc3975ce4ca8aba9e85ee55e5dcdc0|4031
2980|df88994ffe7f45ad6606f8c90e2314b007c8fa6254a379b48d24e2a71f4a2327|18193
2981|d522617bcd15177c10687d2161209c8643f3666edf12490af4b7fac1be91e96e|9331
2982|8f89909c15572e5c6211a26bb20710b1abc8ff50169074073bf6a847b1f6fadb|4859
2983|71f929e14b2296e994597384192be9be66ffa8dbbf3939663465da517c08341c|14133
2984|984d8ddc1261a1e8a6ec8796cb2b6a9b9f39a3701fdbb881e63c04de44b6b7d0|13601
2985|471aef55a1c34d3ca0c6c01f5389c84f484384f217c3b622b83284290987a6be|3583
2986|f6b4162c07dbecd61893976c813ae0185f0e2240d212303dc6fe2cf7e28dfa1d|21781
2987|853bce8fb5881e85d21ace27501bb73b6e001edca1e3ecf75fca0ce485459e07|16927
2988|5cdef68eee1679865c2f8e5d1599794ea4484387760eed87545a84f7965e1fa4|4169
2989|5c097c2a31e48eb0ded2e794c95e51ab77be3a82ec077549b81ef676702a2a19|5980
2990|9630f0efafebca15b6e13997368f7d286e1045578268086aa16dc5feb35fc05a|5690
2991|b424bfb2705af843432dd6dcac18ad5178540c7e3275fd64cc4b87457fea610c|4160
2992|2aadf13a73e0bf5afb9c5c12ba63a51056cfbda615f62221925373dabe863f35|10873
2993|1db5dd302c1b6a69d0d22d1ca96a9281b5e3ea89ff17b9acbabd61a99675c29f|7454
2994|070d55b9271b44b0ca762891f2d206cc39d2232e45248e1c904ffde4e521f447|3659
2995|87b8ca2afbc48d94e9d17fa1f0565739b6ae138f187adaeb6f5e4b09a5acb595|12883
2996|0097eb79f37605db6a7c18ea93a6e33f55c9ffa7ed68975ef1ee08060cb8bb1a|22711
2997|4e187edb088f933034a78d4f1746ba55302fa43140aa89938a29ecb6aac237fe|4148
2998|24beb481622302ca8853ea1a657c5dd8914b6442794661b9726289fea898b724|6442
2999|44c40ef817fc69b731ac461648cb84bc5b5b0f131392b8804bde9a3881650662|7703
3000|1df214b7eb5f897cd67e9fb8a70b2bb32d2793e510decbc391db707bdbe7ed45|4669
3001|da0594a432215da50e32d5e60a05a3b680cb663c55efd074b3995461749f0298|4731
3002|653575a8d547329234a3f356db41cd0ca802c8eff56345ac61fa03407cd9875a|18528
3003|c14f00e53aae261732fc54f707954a76ea14d04f73d7ce7b952f6d7fe3d676b2|4207
3004|8b65e2987ea5c1b206524eb14b3a7e498f7d689fc0bdeb3e2c888f141b97b482|9360
3005|ffa45e59c27d7e5a4f85176c1e5e0054c5d3f04416fb3f428e76b03c9e43954a|18611
3006|9b45ca34865424a8d532a2b02d9c28bfa33ceeb364023b48cd98a667ef7000a0|4358
3007|8229746cea41a0ca705e294f5bb793a780b0b5fe56d8249c820b00641c65e066|9094
3008|06304fd144e2f0fea9e38c07ee41fb4d433662f507801e2312e27769c21ffff7|24005
3009|cfaab3df270764d6d12ecaef05a429c25b8ae8de0af801ad0dc750a85fb990d2|3877
3010|4523731a66e2a90f09858d4df28097b38671520357182e15ef9293a5145d943a|22247
3011|31a6fbcea6c794ca4814ca3207836ebd1ede07ede82e69706cf91b1531598481|21918
3012|91ff38c496f702de692a960ae07688f9bafc4abdc55cbec43aeda52d91f7a33f|3862
3013|c1f5617750650aebad180f4df31e0e70d913e124c8127e181dd7fcd0a9b1bed0|20130
3014|e1d6972ba78b0bd628511990d20b59f6a8acb82498e31e304c416e98c092bbcf|8906
3015|0f0b52f0c8f60c94a56eb23ec7d7c77635e8c5fdbe83e954ab110ebdc1ceb200|3859
3016|9980d11b4945e2d5dd61d1304c94b09eb8e9715e595f62d587f3acc107bbdfc2|9060
3017|00b44518b19b5cff2cff432d638e18a0019fda6887171384c1589e933a4bcf83|14187
3018|2ef4f6455f537b9e5d916a8aaf35a24b95339a6933a4b9d7a1cd9116153aed61|4255
3019|567b02c7027dd0a079a3b5241c86c48fcac6f9ececcc98b01dcb49396ec20c21|23405
3020|73341dcdce363ee7fa30857c97ba00e08d26f3710c1f67911956c36bb36f1e57|14876
3021|ae5bfc4b804d9529a75cd01c562236f15efc49eb3765bcf54832810e1f7f387b|4524
3022|fbc05453b8ba51c9f042787fd08a299c1bf7642d33cdee3c1049699a9f4428d3|8804
3023|1b9b324c5f59cde00299f63fe1aa5c4f9c07374006209db39f1cf4a994793cd9|5821
3024|6ca94ad67f51baffbb89e1dfd850c4e8e672db28513a074fd823129369c8e657|3553
3025|0d64e24bf729993e908993a87d79cd93524e94e3d3c99ac8cceab3ad039b6fa3|20980
3026|eafb46c668ca7f0abaa86fd6746960969aaad276bb2476fd9e3c15897571745f|5251
3027|b2e46fc0799b48e6475cf18611a245a8455b0628f83fb1837a1a5ab3f3e7d0d5|3676
3028|c7121e6f34c1251bebd0cd6229e6ed7bcfe708a927d9ded0701861bbe5af87d5|20207
3029|8c56148d25da478397ae33f421d40d54628b181b5a05c2accbe9b5bfa9265d5d|22156
3030|c5236d470f3ffbe5dde03cb033ad1161200e379d6abb73f7aa12c40941d9baed|3681
3031|68066034c4ca1413c1f5d66dc6ad3b852a71168d41a3ddf6f17eee8310dc0ffa|10723
3032|8b250d4303d94ee772c762753e9badf17ec83ce4b62955588118551a39008e9b|8574
3033|da2794ec36f5ab5f75661bf77c90faa2092277d01fccccca848423c85e6bea03|4728
3034|b55a11e3b9b205031c3058dc996eb73dc20299c832d702d738ce631122c23c2a|18516
3035|4c21ff7c446afac2f0f32b4f59e31b8936aada923c1f537ed8fb233c4e3f89f9|11821
3036|bb3eecb7240522a904c19a41106e240258ba8d3f5296a56e42620fe4e08354e3|3841
3037|f6f0aa64af3158ce2bedfbdeda37a139b6d9bedbfb2ca0026244b8cd6ca5ba70|19567
3038|8bb37389dd21f78d8f69941fba629e177ee67ee622d60d48223f2783b1f636dc|7918
3039|d68805825b0d700caf6f03e792167b306a955646996ad1def09630790c50d0db|4133
3040|984bdb81e0d707757a38e648ae39e26797722b4ecf5c2f3a7b18f31931511da0|17904
3041|b3c6fa0efe01c3df52fe838e867f66fc16c9f0289b938b605f347014cf367bfc|19244
3042|ccf5c4b6b85edac2b79e1c475b51d3cc9d2e46ddbf7a934df7bb9b37fbd40eb7|4218
3043|703bb2a354e0dab67d27e14e98ab9cf225f82adf5711df5ba7c52a1bd301f0d0|12802
3044|aa246766ec4e1bb17e3853ae0f491457cac17ed64c0b7fbc1fc00385674b7869|25057
3045|46ecc883b09ce98dd707e6b75347e82619ef938ad3fac08504c6de82ed1869db|4474
3046|d3e56dd928450207270a259f4cb47724c7d0e7ba76cd97b0cfba3a29eb44c7ac|22192
3047|8ec1048a0f152d053aa1bfaed393e7437c804db059597fc6145d8664c6b1ab82|5456
3048|9a9d26668b606b40d6cb7c0ecf218b6cf9912e7d6402da6efc20faade31a568d|4025
3049|ffcdf64b49e8aec1aac252926297a231ac6d4d8e74665be4cad3bf6922c8619a|17464
3050|fb18d3e260ae7a237806417aab79eb1885c06ff4055680c7b20abe7269ebe490|20486
3051|717c2fe68267a82fbcd4dea0325f32008ec60f262e6f3202632378e62630f0d2|4345
3052|41206e65da3b2512f056e4bb7fdf62b7703203b38fb81e875d98a6e84b43e453|15194
3053|6fa212dce0832e05dd0e9914e407c4712bbe4bcb62b75004b1f5459c258ad0ac|22865
3054|2eb055ec1698ccd0b6d2f3d8977027d0dd35d7222950fa2a85dbd00a55257d44|4230
3055|0ba7a65ea1c76d3c96026d69b45ad45f301ffc17aa8822b764bdfdf9d80dc244|13141
3056|cdad818b152f5be54869b792434d2f8f4e80838f3289152b37a5e9f611985575|12228
3057|5a8b4239e1977a6a62c239f75adc4651cec14111cd63e89c02ccfaaed8d42091|4602
3058|7b8e57552691943a34324771c550598e2805b88f4fefe88793cd21e1cd837ea2|15523
3059|e4164e0d1e91838d11908706fe03f74e438846ae909062c2e2ccc1674befcce9|24747
3060|ad0b12effb95e7af37626e5d13c434e9abee3952d5f159d595844a437f002fe4|4578
3061|4b66768cb4093f43e43d960fcc095cd2f4681edc7bc90b1520e46fc24f57d76c|23453
3062|d865d892102e9ef55f89e3c607bd6540ab4d7774aa92469f1471e4e3ea6b09c3|18845
3063|a568ffb23ab36bad87a650d9635c9147ce9f0be128be7f7b4c9b3c52ee5c67af|4922
3064|42665d75d7792d4a8ddadd035b70c0301815b5e4b682813f9ce92233c6b16a72|17114
3065|b24dbbae9714c15fdf8a9ff9593c8e8106dc9a5fe514faded7ccbad1030eb422|21743
3066|8c8b17a99538d17be857c6be9cee0f67a6f6f35c2af95ebeb1ff6795f1517c60|4456
3067|3c1d54f19953c37901729d096eba9a989c67e993f08d4d36022bb40a37638529|21869
3068|e252f68c47fe8ba78d3b7645fee7eb74a760300471ab8ce7124a4e8f312bc9ea|12449
3069|26cd7c07173757e4a61a0183e3c923bd1be7a117c738da2199b9ffd05ef57a28|4200
3070|ef3c4cd37738134d5e6f7349431d0c7b004c018650b12ccde8253c655fbbdc23|21121
3071|0725bb93742a6b69692b7fd1b2649c4acf75e8d069ee8079c51f730ec2ea66bc|15418
3072|5e39ba1e43165482f8a6356ba069d10ab534ad6600dd6133a5f1762d4023e854|4239
3073|ce5759c089f5536d49cfeb3c1c46ac6c778e0aa0cd4422889ddf11dbc8e400f5|10412
3074|a03635078693422bd8a97c6467c6ee8ba44e109459d5648e72f2a99342e909d0|10151
3075|364b48ad82740fee057e19787c2a73420ff7f7c8d7ce7e241e62ad85299899d4|3721
3076|b9000ba7306271007a1a3698eec17a7b966d3e1267f610d882f47e1e61343bbc|6261
3077|b2373c0e0bade5f52baabac72cc77c39b7ff4ca8601473b52f6842306adcbd71|17435
3078|cd8b3eeebf00a61d6cf5febbb16a4af029b7aaab2ef0b821eb18ca2309a78600|3951
3079|8b8fcaa438e843d873bc53ec229a7d0700366ded8ccd30be8bafee7e12deb24b|21101
3080|5ca4799bdf5e127e18b090d78020efa8044c088f10ee3a4c6762839152a76133|19943
3081|1c99cd88658a0e86f48be7214cde45b9499684b3d456d10c57ca63a8b4d45782|4664
3082|f7e48e0ea8f68ca7893d448ef7569b70fe5beb8e9a6ca9547334bf56ed01f434|18269
3083|5e6c49ec0038943ea58dd31845bb0456fd1a7f38ee29f5a03f598a41e464b048|24563
3084|c884dde53ac2a84082d2158dedd8837fd5d5ac5174ae046d40ea0409cefc946d|188
3085|a4437da9825e4d2ea8fe63e14b5784864480b8c514853b197245d4ea45814bb2|220
3086|19b22973313098685dfe28fd4c5d4a386116d299579b2a0967dc4b4d4176ef5f|54
3087|4115448ae779e125644937f903ed90224ab4d9f8610e9ea2b42800b47125e366|52
3088|c365128d5362a944f8283032f1f33eff24c34bfe51579a80fa1069cd52fcf9c7|220
3089|25f1a7aeb2c350517177256f477dea22900ee4a7b59d0b79135ee2f13dc9e143|198
3090|06c28f99a2b44eb1dd925040a4e6c2b3da0b821f4f5e77eb7e36c09fdb8ac4aa|220
3091|89f270b10615d833e73eda8976331577f865570a7750eac1519a01417449cd95|220
3092|d5c223d3afa98a0ced1b103b3bff736916037c1247817c5246b7aeb8de9f36ce|172
3093|406fd3f176af4caa4c00c3e22f4f087662167f0ad30cb43f639925793b2d7779|126
3094|d4ead0e13fc6990dd1aadfcf3dab6fec98b146127095c9e515e9829c0c7cd134|184
3095|849dd4d60a0429326ef52a37b385d204df998fa6c25c0ef171f222bea2598a02|158
3096|1cd126a06e62c538693506f37d836c2ee639f4d44f906e4b2c0bc46ef089dd59|192
3097|b7e99750589fb3ec5ee10d1a51fa5244dd615e35e34f1ebd68adcfd3719c5521|176
3098|1f8483489f0e0d51cbf81a555a13237c12338c6214439ff70b6d8f12b28ed42e|184
3099|f1168fb5fa9e96d8010788f673e8224ef34cc703841390ff115b169a9a78f823|204
3100|c0b0640ab0e233e75cb7b5e4b45051eac6f566c107c26196c1cd12ee9ced7dbc|220
3101|efba07b5565fa1005a5b26399b5cd2adf1ca0ff3363f5a369fe52ba2cb22f0ea|148
3102|6cdcbea5f3ac9bead899a756d878bc209f03176c0e55e5c3d4396b95001988d8|90
3103|b004c7b449ce4f9102e7449e13c0e3372311ad1a0c779e7c66d801eab31e904c|220
3104|64ebf12b933f3337a3711ce1c5ac55093df327497382b2d1d8f1bdacd17ef57b|188
3105|e9894e18e1d7b6d0161dc6c68b8111d067601f5fdabc678463398f47eb412a9b|134
3106|ab013b6d71c635ee8f5f21d5a703b56bef12191850790edd2f049cb1ad507811|220
3107|0b1c1e918b6c16b73f2ce5338f914cbbfccea2019d85c8894384563ca39f92b8|168
3108|02e5eb9e38e83a266f67f8d14f892dc86e97ed547889359ce348f23683d9fc7b|124
3109|d192a04d9d00bb833811ff53cbb90831a1b840d67758acedc0282df98e72dabe|220
3110|a3585f96ae143754c6fabc85630bde83e0121bcca0cc85d637fd5fe07a1c49d1|206
3111|73944cbe4881d013cea3e2f2df582b3713af6d1c28bbbb057fc01655b9058f12|198
3112|4bf38862dd61ea1d32af168b7940b308ee89fb2e3cc553566b3d581a93c4920b|220
3113|a4f69d3111531baf7c36dd3b9a9830127c0ad357f119a97405471a9a3b841213|282
3114|4a2feee9015d8f50b2ea812d15fa81d10f5784b3779cbc361cc38cb6f5cc4e05|154
3115|a7bd85e26cdf06ec26ab834e65dca1b37a7dcd238372bdf220160d3b5eea2817|186
3116|4f6e11ce855f11a6330b7d82d5c7a6a91c2c7aae4ff94a2f0b6372812e39a558|208
3117|f1fd3274892312e9872add78141950fb3814554e09f86b8c82e5775b486c6dee|112
3118|6481193a7e02e7bfef6c2feb04dd838e3aed221dcbfc8bc10e54f69ad2229ea7|220
3119|71cd600938ad0922418f1b2c50602c178bd53238031d76ba86036fc5ff4e7177|184
3120|16768528708eaa5d58b6fcea4aedf8d50264c5b3b8625568195428fc6ab07a71|220
3121|f9eef55df57b809465a025c15557ab4d8e96bb1586eeb543d7708a855aa2ff30|220
3122|b49e77d77aaf88989ea786b788d6eeeacca3a98b6c289e115840092ffba79b29|108
3123|63ad01f77f0ad04642b8186258f050602eed23cddff75f0cbafa9d14b56775b7|178
3124|ee006b385dd7562412085d188f06f89c65cf66ccc7b90a9e082e2195b3a24e18|220
3125|525834ed431d09b777ad6d85623833bf9f6beaf83b7850015818e96ad6af70ab|148
3126|068b3710a9078785eea42cf22d327f803824eb7ab395fcca7d8bc1d22ceb7a94|192
3127|82888995d1bf211904ba4338d189936a2b3ff07fda97fbf9c5f7a5f2b1e08988|220
3128|85ebd761bfae59263195487a4cc538ff9094903b6fa2d8a4976255b94b669619|258
3129|1ccd22dc282eb6d648725159d83a316fffd6740a1d55e682ffe132c15f9fe5f3|220
3130|4b3bc927d8726ff49f2fca6c156883ede98c647c1089b55889fd2dbfc8377059|220
3131|44b4c692806c39052a27f386852388e968174512feb58933879488d51ca5de5f|92
3132|cbf1aa417ba054d1a9af68913632024e739fe6d9a3d0d662e9c5faf5f168254f|152
3133|919d5b6d351a51685899d7f5d4c164efa8cd1857128f3e65c19359fd2a3cb3cf|220
3134|debcd0895f9b366c77dbd01c18f49855153d567dacc977f1af6964c83c7d70a7|290
3135|7dbeefe564eac0df690932d2688d93c9ae47042967a44364e05adb541fa14ecc|114
3136|9d685d9088a0a9ae8616b799222f89b74667169f3eb471c2638f3329cadd899d|220
3137|8474bf2364a2e4b350790d10f014318bb5aa25e05ecca0214ab9b2d31b2d0a8f|214
3138|09f529e4bef289b6980e8722e7047f44c8f0190df6a34cdd00e022ab16ba0f0e|112
3139|2999b90ee2a6e1cd76e6cc8181bc98450ff185c123f06b09e50f9e336c57db48|220
3140|3c11d5921c0f0fbfe8c16dd22cc3c77b4fed9ac7805f7691822eb0181f6b5db9|172
3141|fc7dd9188825f1b346141b20b4f0ab6f7fafea09137cf6e95edc5b419f48f34e|158
3142|836bafde9f084cf7dc898f2322f03ea15b28b537767c175fcabbf4468b027bfc|102
3143|624f4aaef638894a7699eea0442b831e33eeccf5f9a2f56679b968dccba50e7c|188
3144|a566484830dd1463d61a198b86a7d0c125925ccc86552c79c585b271d877ed3f|176
3145|35209424dad713a5187a67631ea685581e60d3adf08e70596656635417cbf7be|220
3146|7619a687e94ab6fe4c619f31d9562f9891455429044e252b1a4d5f44a2c1067b|232
3147|c221007d856c7a682845ff7dc1e1a16eaeff7faa783635ea9fece517b8f7a72b|64
3148|dc7a544cacc4f8acab34c6ab8517efc5f6a0ca33a312f618d8dc7ea8d4ac7396|220
3149|e74ccb3fd9abe5594cf4279e0fc6dc87aeba791b1618d5acbd217e0d89369bf2|258
3150|4f66d32aae5cebf589bc787426039663682e195e4cd0e34a22fd02519cec5822|116
3151|926b420d02b44076f4d18d06818ed8495d846829554ff4a9540992fa11d2743f|220
3152|06734deb93638bf2dbde741d6d41cc9b2edd7fa09a821998056e2f771ce56bf3|184
3153|e82c45b94086a9c2abc8e56ee526e852ce55c4753f19cde021ceb5c817a76b01|78
3154|7b2ca39b2b2deb15ac4615490155146f8431374b679f8d259d1d89ecc8372ac8|220
3155|9d0a1993a72d13ee4da3c5ea35d33c47524be246dea588b87b6faf601a19b8d1|176
3156|c6bb3ffb3612e5c1692112be0f3cf9bc5e5f73aa69e091f50715113df32699d5|172
3157|014bc3229fd63a18fc611b61ed5763d58ca3ac13f76308bdbdc51447e2eb4d5c|220
3158|faf0c45c66f9a6257df31b3929f9add6646118943639d40dbc949f0c9b800900|218
3159|32a21f6f7fa32a40b6f037ac0e6db17ef6707a5dd42f6418c91eee2c38b2a6b1|164
3160|d8c87821093cfd13e4c48625300cce80c29704ca800bdd03575371f1fdcc8322|220
3161|c4c7f453a4657dd24d49b84a5184fcd1cf01990df437a9edd2626d1652f18115|290
3162|0c145c174adceb2e33d8508bc7a886555724fce2985bdaef562c2e81d2df667c|66
3163|c32d1dd8a9e4f8142471e8c4ceff999652af9606156d9e5ab7586a7d708db499|220
3164|3252994a838959830e355f57255313bfdd51b835486b3334af0b401b12408bfd|112
3165|061e18506d274a7d4c3e52e410a02597f83c58ac0224155b8ae02242ade498a1|136
3166|bafce0b063006e872509e67784509971e3f74532677a88b86666a84e5be130ac|220
3167|172e2c249eb7fb8c483ce6ff89a2f524834a3b18383171d19e90e241f9f2cd64|232
3168|875127ef5a787b85c9b80b0f720ef7f9c5be7e757124582d95ab5a57519eb224|154
3169|785fd05168c65c23a8195ba77f9e9f45844306fe2ae26d6dea8b6f37e6865777|168
3170|5d2100ad9a17e7521d0e1f1385111e439ca751c1e06b2d225aa59e6cad78947a|164
3171|708fbdb3b6c85ea5b7f75ee7462e42dd1523323068bb4859cd81b343adbdb61d|96
3172|768d7a9a9d6367cb5842739d9606a4439e47930505db9aaabe4adf9c9092a96d|220
3173|0c2f1459f3bbb4f9da37592d61e5ab1034293d9c25cbd97a5586f3e73bfa9ac1|250
3174|84f4600634266349381b11f0182e1ed9c43531f5a28270f5c0c6a0713b6732de|126
3175|e5e6f6e366a828ab7fa9bfbe7f25789233dc027d5a75b2b867390bf466974c67|220
3176|ed10624682e4b2bffdaf4c6122a57d62cd6ade3cdd4fac5db5188589b233ce9d|266
3177|f4203ab7544b9c80e67dda88ac0082c6eb30ae55a599f300a4816d771b0ee38b|220
3178|10e41ce66713b5ad8aa27ffd1ef8cbbe6f42157fad61d120023020738554235e|220
3179|4182f2187ea5e991a1f71e28a784d8711e5339b37eed6752ea5fc0698c15fdd7|20
3180|8ef34cd1e921350f93da2c552d8f135396e8e955734ff497db23090e76589304|120
3181|5171dc1888651c397ff603bac4c960356a358fd92a4e93a54dfa43e32e451c94|198
3182|7a0f17fc7cfa6fde305ac52d6f88691ebd0c02ab4606211fbf94231cf6ebda8b|176
3183|69ceb734a5c9d886776db8fe6737344605461346a0c73d3031b2ceec39d9d7bc|138
3184|7a1a94634be982fb37f0202b48014a0f0f357e73363b697daa1af2f480e853db|220
3185|a336e38a906e43db52122989e28bf31d954b9805916351d01e2dc7cb0409f464|204
3186|5dd9f25e62b634b2e72686639c135cba08a09d400a6bbf16f893bef202268035|136
3187|93137d905c3afe5044f5dbc7b5c126ff43cbe798774df816f3516a92a56ee3c0|220
3188|3dbd7f13df21f27f82958cddcfcc0a8cba2496f83c86c132cc60fd150d99c48d|216
3189|7ffaed2d078de911530bf46fd9dd59d9a9275c249c7b9459fb824c4b034a382c|126
3190|fc08a404eed7425fa4b91eadf64adf8421e628e64c281e0ef73f9d850c39a900|220
3191|58ac4b6a71bfd535bbbb4f4afb42df1b36336f56a466372e2461984cde0343a2|220
3192|ba712cb75ca2b74658ee6b3b4e2a4c1cf38c89f15de3304d5b74c20a24279b96|138
3193|2a76dc83eb894818f024081afccd7ce5d53817f655bcefac4b1e045a07aeef60|220
3194|56bf0755558eaa1ae50e0678422d7243479ae6c8fa97d273d7450f12d0cb6592|238
3195|278b3a2ca31b5efe8d0e1bd51395a37c67e1cdbfea282d2733690a3b6dd9ef9d|86
3196|3ee829c28f2a6e8f83e4e37acfd972dc3814fb0275d9a5e7533a13b1315c7c74|220
3197|f7bb99eebbaad4c03d2e735d5766e804c8b098adc3c2ba7e290857b2ae71d729|268
3198|8abe7514a2a21298bb16daab205cb63acc212c1579dfbdbd5f0004ccba58fa70|184
3199|99345064dc80737fd97914ef7722a328eaa541869cf75ed9d552039581f39f12|220
3200|d01f1018cf99ade652bd1743127c23144b1ae83d9e389aa3e4fd0d3f680077cb|126
3201|695fad33dc2b21a4ec417d1b89c434ea9f059f4b6dd20096838adcdd6c3bb3c7|182
3202|9a82bf0b18d094d5a399285b4320ff846ab59b640f94c47ae58c268d74f7bce0|94
3203|f1cc496acb7a2da7ab37d500a7a9fc4d5b880dee99e177ece88b8bdd71a83bab|256
3204|5f9719d194b4f2289d428a5c61e2328ee0091f161a75b9b6b411738983a50496|156
3205|7e3a35dac24cdda734c16c772fbcb1a9f4174febdf8b79d87d682cfa7f9f1ba7|220
3206|cd0e39c2d4071256a229256d75574833a2462a88176b0a3a8295ac3f529a768f|92
3207|3b7da79add1dac56fd5116a74add21d28397e8a2b67655918860b64634adf2fe|108
3208|7a50a940dad22cfa65fc113fef73e4665b784f0a513f4245665c58a717d1739d|208
3209|f52b6827519bc6b0150355aec61af45a6d38432f9415d167624e41f176e63149|174
3210|fccea782aa3409e7b69f2661a69e623666e17b66a802d4b1bc9c93472549c1de|202
3211|b8072fe7d2af2025c0767946fa40d58ffba2c5348f034f372abc987713c6c715|220
3212|3710615e68cf26388d97defc34331a77ea0f8bbfe46c6a343e8c349f1dac6367|148
3213|5f90b9fcbe82b15e3bd1a711727217ee72c34ba5d8224a5b9ae4eed822cec27a|194
3214|ac74f2db0a47ca0c3b275d6b898af5bd924cc06dc95c4241d6033f78b941897c|128
3215|f5892ca2db6b3de4e9226d4505714c75c29698dc1b65038bb8f6667e6d72646a|162
3216|7ef370d8f30c158249a29076d2f61172e0185df4edcdf28d07b34f29e5c48032|180
3217|d4e85bf1ef9757184c6ec19a2688b7dd13f90c0aa7a85c899cd2002d7429ef6e|218
3218|334e8dfc86f2f9821e381097f703dc66d1b12ef6c7b603e513bf7f246269ec7b|220
3219|6222dbfa40e0c6d64b5e61e5de20f16a2bab2b22525085924a78ec683071b22a|220
3220|e9ec3cfced3bef2f360b501175aa6c9e82d5b7bf0e503c899a7ff212a641b89a|214
3221|1bc9bc38294bfda2a7d9034d54f276b0a68ea12b3f077e118d806b82b2cbd72a|196
3222|fb16bb160b9c06be9bcf1573351ae3238c039bfb65178f3fcd8b14c6cba4640d|212
3223|653c058b2baecbf40ba8f616889d99fbe3523096bf673b286d6f6f763ae0c1a0|220
3224|b7b5c5c3bdffa1b12b17e3640eef07ea30a0fbfc89eab61de89f2a1afc35323a|42
3225|2b8214c97bd0fc7cdbd0461361c3cf104f20b3a7f5109a18b309f3b0b27844eb|146
3226|c52664419bb2c773f5ab4ec56e7f3ccfbe074e45e96c7be5c007c91866c315e5|220
3227|773b8380bdaee98c7d94f1f097d05961c17dc76b29b296daa4b52946dd9dc071|18
3228|003038cf3f4c1a97988cc93710f23c8cb35032c538fb51fd279355c7e5de7906|172
3229|8cb03612d516317c9300c1bec0cac714c2f02b89e9a958d0a23b93d6a474994c|220
3230|094b9a5a8958da0ee83a99911c54d75a53bc96831faf0de9ed0f074e5fcc6780|200
3231|a441a2152c23f7d3b5d19e260d42aebfaa1cdc23f691bde91e97f42a7c754f81|220
3232|84c99f548da18a9c0782e6c28fe29d8580af47d6894f87373daa146154858730|220
3233|931418258f452720a2443fe75a76c6a34d64697f4528f4e8cae8b4423cafb2a4|222
3234|1d1440930371f11cce005184a16f352d809ba3079252d9a6d863f7ac2b574563|124
3235|7de46536438dfe88750dd2fc38240db8a0a6de191eee627d6f35ddb0ac15bd18|162
3236|c660803b0af214fd0c2376d84cdefd1fa2c3de7961a180b4face7d98fabccc3d|266
3237|6f58a4a9e4bbe56f15a4bd42ea03c671a7bc32f9cd6a82e76a2fc038cd66fede|220
3238|e243c41d1215f8d6ac3219dea170cadd5dd18b9d90a1947ddb68791c89a0338e|220
3239|c3843a48e9f850b3f191e34ee505d3ca65fb72872031a05ec044a9ade39f0ee4|204
3240|90cd7f85b0260483cccc662a33906b9ac6b7626bd59262d9a0ed49f6eb8543e1|196
3241|e036904162ede7d2cf4e531421b73a53c7381710f991141ecf9b05c977ffdb77|220
3242|9e9abd3d9353c9e218f5dc0f3ecf5df691a0aa3bb9ebb2a50ad217e9ce9133d2|250
3243|1351aeb049396004f3674a5f8409a9eb5a2d1cf1630e439d6dae4ac452b63446|192
3244|f46c9aeafdb5bc2cb8fb84c4ddf301d96d7c6f3d43b8a286936ca56195536282|220
3245|2c513cd2134bf5f1cca1d01e8d5645578af82f799297d381a30d298506742b40|182
3246|9ffdac129b61890f7c8d8edf1221c843ec1d86270b9fb77f23cb036a6c249aa9|202
3247|80ca8419f774c8a29b5d5d196b7e29975f18cce423e225276a16e23cdf065364|220
3248|930e3870d30ddd2c9b014925ec243bc55b2ff2c2eb43005ffcac1e25ad8d7d7e|98
3249|cc96e6b82de89a820998c186b609bc4c51fb1b7052c0056052760b9eaeba14c6|144
3250|890649350a64a984776c9f78b9b23a8331e9f35c62b20f93227292c3a5f45309|220
3251|2f5d84eb809b92c09e69e395861dc8f41dafb140608003165361ed83087de014|236
3252|37984a5e6a2c854b90b44e540d85ff90b64c8375669fc8e3e7017ea3588e1b66|180
3253|9679e458e830796b1d4594f04cbeba575fd28621f7967af6a54c68126d97c5cd|220
3254|b3de101508bb94463e1c85bee2d16d4e6eea070cae8acfe57f1964f208f5bafe|218
3255|6d113d1628337accfebdbf382086a78e7f6ebd82602e78e7cab7535c8345494b|126
3256|bbd6b4f54d95a3eb5eed4745a04761dbbfa7e8894683645f8775229e578989b7|220
3257|5ae54689d2032766764e7745a5e918f72876b320f86d716fa147859d06578ac4|110
3258|edf5b0aa4936af1d80c55d0ab60821f8e5711d0152efa959237069c776ce2296|96
3259|2bde7451274b87e0c7a34a2a9d2a7574e7c5d8b4d0c7a9b85506a985e1d23f4f|220
3260|ae42f61840c122ec2391081dfea3bcc5f60791c9aa387c6b9a1134363c9ea1ea|122
3261|f4fa3ad9f9dc31ad88d84586493cffb3c42ae6b1d4ef22462f864a9b4d1896e8|138
3262|294edd19dfc1118fa2d73ceabe2c560be67c05a97685d8f667d7ac6e17133a70|220
3263|e104a73b11deaea85bdda37822b0885b1633ef44c5043d15649a29b525e0e25d|280
3264|51425acd8b548da87818bdf90b5fb051344980997cf21aef39741c3350144ffa|110
3265|d5a2da2886fd164d60b9bcf43c2ae517e15e019edd1cd83cd5928402dce6c214|220
3266|5ae3518717202daffa6d58120f8c7d2fabc4f80b3432589423df6fa94dc28ce3|198
3267|635dc015f5437e16f11661447a2f2f14878451636bfc2e43fd4690aef6c0bc8a|148
3268|2c4cbb0c0d90ceffc60c476f0011128e2165bb914fb4b12fe8b7075852190eca|220
3269|671c126fd91f0e53cfff286b2a5b0c7ed6de6e47019f40875f3e31fe4511a10d|200
3270|d9c6dd5dcf090f7e9f433c42cecfbeb3e6f25e2e83fc29d37397418e027bdff4|220
3271|553341b852d8424d3aaae14f853e978736d80199c58d0c4808637bfc35074b50|220
3272|4cdb3623ca0e7f482fb779367c87bed79d6f6a7c487587bd87d546cae62a9e4c|246
3273|4dfaf23c46c916e3b58b9c3c4e1b286f980e29b0c65ccfbb25b5e43dfbe7eb86|154
3274|f447791e23a3f9f64868146e80ce06256778acc067542d882397d2d7973466ce|220
3275|26d0eccfb5ad48ee2b7ebd4d9db7d6a310a06209ab39292d0a367f4cf512180b|200
3276|909bbf7f656b2a47e07aca454e364f0bf7f31c7617f29128192d0eca0c36bd88|108
3277|76796cf49b029cb09e76ae3799c7e7caa5531e027d03383e8ed3c8610116c302|220
3278|edfc24f2b7d554f34a561f94caf30f5483a01dad8ebb0da1c31b0d63a496e058|274
3279|5d486bd9e329d521af51bf6800f0dc57b22a3a4489e09bc88657d2a019aa5ba3|118
3280|f0872f2eff26e882a709b6b966a505f0911ec8a0fd0cd1896001b5beb43f27bd|220
3281|bad6827a2156293824413e9e617fb82377c9692388317d1ee5ae824b12e6e475|48
3282|c1d65575a4ada2c4b4c2e9c464bc40c218aa8853bd5ebc84f1a9896a2236b2f7|220
3283|b2dd8aa33d5403ceac240532264fe738b05e52148d70ebb9c10e08f00283c83b|220
3284|308c176552c95c864f9586265d43dfc833f13aa1e4bda7051c6ab62b39d342a7|202
3285|48e339fd283a46b38378c5ffc94ba59aa7e9325dd11f44b6f9579ef38e8b3978|84
3286|70d861bdbe0e982c35cdb69681a9de0fce4832e0c4e498c0e3e68d04beddae13|220
3287|52360d8e80d5d0f2e7aa3d52e0578858b214c662349d478b1c56aa06ff8b5792|246
3288|f134ae874b738f4a3a41e586986acc5f45ddf70b7c929da9aef72cb2f6174a59|80
3289|c9fbcaee882806960f63c1dd101cb0066288ad6a779d8342aa4029a3394f00cd|220
3290|064e7da45376c0b9005cd44a7f896500d777361bac23f958cdeb4e0ed0eb0412|200
3291|7ebfc9d5aa30348eb9349b545c1e3ebb9a5d44b767d50e189a11c53ec76ebad3|154
3292|8a23a4de41bba46ad1114f9f770454300a821826e215e339e4035985877dc8b7|190
3293|ba94dd12e0ea4fc81811d304949a139884696a5dcaad60eb6f11ead1f32e2add|290
3294|7858a6268bc6e26fd01d6cbc791413ae75017031cd28df18db1a806213f40be3|192
3295|7030c1bd171bae4fd56d20bdaf0d07c99ba9e981968156ad3c5a4968fd02648a|214
3296|7788154276ac8ad42dfb8bb88ac58020755f7552cf87288ac77f262e7005726d|242
3297|385b70a8162ffc30a256eb5ebedb960d815a88089faede6e18a4f58615ef7526|176
3298|7036fb1ba346c6c1c76829b6606b913451a5f286c059ddc2d7d136594456a2ff|220
3299|c1f328751c9cd221f75a22fe65b4f44e57613860758c17e6be7f292f45343d04|272
3300|250b7df9dcd0d10210b3dadc5c9592d9484ac70617e5b02ae29fab302bbcf308|126
3301|8980a71209dbc48d14291a10dcfbda89bfe03e2f04f378446ada961a36ed5437|152
3302|bd9e2765f561a9794945562459d4e819e004a0fdb3b5a666eff340f73e3af916|274
3303|68b4ee1c96869c7e5b8889192492b5005739e5474dfe7863466d054f18601558|108
3304|0c4ca2f9ed19612b2a0e43fc0628842f3b8775d953fa3764eb50e8756fd042a1|220
3305|753e737de4e458e601b742f2a737f6b6d7971df1074d5da4f271166a2fc86e1b|144
3306|4e66b1fd65de57a50631d9ea564c024a83e5293cb9b42bec80274182c3024162|212
3307|9ab6b97ca808e983023f6f940edb0ee9388c2db40b602266dce33c84d3a2a0ee|204
3308|67a19112ba9f2005bec61f75cb1be0d7efb6a436ff7bf59c1d357f96f5638938|224
3309|cb03b258b50df080853fd06daa4deace8f8329126ec641bfd0f5526c86df8a44|90
3310|fc1b064b7f830f3716d5ba218fde373c2b1f710796b258afcfd4687a6766b37b|220
3311|3bcfb4a78b39184c2846b0c1b242ca571530a4dbe275781d956f4b87b228836d|246
3312|7c14dbc8d85d0c6f8ab6e0a150ae74c56ad208627831ded46c443f1ccded6b0c|110
3313|ff74d9fb8bc827d7d665a80cf6e9545f6a4b8e0114e2e4fa110088dfeed439c9|220
3314|124ef45c5a477375e208b7f2a1d2f67cb5935686f1be267af582556e17b6ae14|290
3315|daaeabd69995e9776c0bb42da74483d4ea3ca297f4430fd3e7c4b18e746737a1|158
3316|68f587f35870d0a4bcd9db142efade34188e0a5622ee8da254f026664efb8a0b|220
3317|41b3221a532c17d102426348a78755b43f39ae25e7c0eb0251e4a91eca2fd923|192
3318|886f20d404d7a484aff0e853874dae07ed45ebc6288ed3e479d51129de26f37c|60
3319|1b600f7c8219cc8fc4702d92016eb0d94c36a9860147604b24301f6ebda59633|220
3320|b4f06d61423110cca498badf3eb1f60ce66907667eeea15fed4a053dffb651f8|204
3321|003038cf3f4c1a97988cc93710f23c8cb35032c538fb51fd279355c7e5de7906|172
3322|10761ab5384dff99e6dcdd046b7073216777eba17df5404ef7dd981bdf01bfef|210
3323|40b2adf508d74a388d8d995dd91efaa00816ea124189cc8905e523fc322a4b08|244
3324|ae8b6eace1d5d76af1c6fc9bfbcaf26045c740cf862e323d1801eccd3847f506|220
3325|5d327f7db7a2ce49cd0c8906dea4d5707959c83abf7fab19026d3483466091df|220
3326|a91da2388a6575c3f90699100c84d17cdb1d3837971efe8f0d92b3d45b77823a|238
3327|3ffe34750188a8b1adc76c6c6b81269c139a3a77016cb09ef0e2586bfd6b0d04|220
3328|75b5ef31a16050dc3ea0f9795019e771cdc40ab983834f793e68b94a6433759b|220
3329|5110ee2d3832c66e7b2d1d5d8d9b7e04e38369d6c0254235042587f156ae8868|228
3330|7c25084dcc6d28c4a27081f77e7e13cb7cb508013a48ef4b0c1c67150e9a5d85|104
3331|e70fa7a30ff5fec1c643625f45ac9aac79cf4021fe1fba12b38aabf051165249|104
3332|bd6a833a9df22f27e7333011497163a8414194622e9b618999e095ea4d48c375|92
3333|d60f770d62d0f8d83133d379dbf0a748fa1756862cf4fa5d89121d4dae4af256|220
3334|b8ef9f6286392336c5cfca37e0ffd7fdcc7313fa3b8bc71a1955f188823a4006|220
3335|97069e732adb047b1aa5606802eb5763c5dacad885a1ad3331862232ea41e56c|262
3336|191733e2d8782a5c78b21f177b467ed28b66c96b23e2e90fdd8336b9def09e7a|108
3337|05cdcd60f881c5863a5d1641e48371a71f8553f66eb5f6e8b9bcbed4248ad5f7|220
3338|4a70c63dc4e6f673674c24b5be414c12048f978c9db5e3ae869d0f6c047eb07f|190
3339|783e1e44e680ede121d2eea97852dfb89a846cb16d20f82cb1f6dfc4af09535c|204
3340|9b4880790813753c72fa17a1658a1d90d75454239c0639f4f0bfb574e5de9345|168
3341|20f8b6ea8863a84b07fe34f2603c9cffd0ff43fcc005eed982a92eddd3e3f2c4|228
3342|b97a5fa9cecfea51a79ed3b9ab2b05982d9b54e28b75a0f712fe4be1cbfab0dd|202
3343|f1c34ba7dd8d1883a391c385542d7ecf29442fa80aced87bcc27e6565d6c2b22|220
3344|119acfc654b49a2a93b5fc54bbb59d59f56f4fa6f42b8adde97c943b33ebbd14|146
3345|2c28be75131af3d2598397627b6b591ea665f4c38c364b5a573d46818b7c8712|188
3346|448ab6b6344ca0f7ed9e1d9e904f07f7894fbd427ab9bf353cf9d51ebf0bc3e9|220
3347|9f41107b35965e492da8f8c1ed788d5d232e51f2db765bc8fb0e5580230f289c|164
3348|8821e0cea9d40903028cff61d38f2a4ee8590a28fd90ff617bf539842c6c6f62|188
3349|cbe042461ab33d9e4b5609be8a104fb5b43a2564e36b2a99ec5eb13df92e2da1|220
3350|2f81f8e17049d3a20c8eb77b813c380ffcf384ed97c3cc30731cdc215bebe5c5|284
3351|b19eb1b9ae33867fbb77f217c6f57c8a16f985d73099a9886aea5f0ce369e19a|176
3352|0674f911862ad07e8da47697f4daafac59a6024014561150d5a54e17f8408cd5|220
3353|da7743e9fa3c19406e3ee9ff8dc8bd4199f560a55b5bc975fa2fb5dbef748c71|268
3354|4e2552b37d59cb5a88a720ec986a2424195abcba5f027936beb1e449ded1711c|140
3355|6deb8a522ff57022150f949cef7d189d06ebda418d3d191f660d2863de1e79ea|220
3356|f2de5b53a35e860d4e79a4ce7e986bea779ee03dbb3e28afa504672511b4e26c|214
3357|f9bc455a60fb977cda6d96e3948a3f941d1a9b5f053810cc99ccb90834b1f028|220
3358|2272c2e61cbd40e6931183fdef3ab6347c08e4b3ca95ab5d8c489369d1117b72|220
3359|c6156310ca5df652c1b82588c3dd0b2bb9b577461130e761432ae33101c26edb|198
3360|83bf4f93f759da5acfb130fb093b7d54fdba223f835de627214bdd2a5eaada51|166
3361|c7674bba31056fd3ec379c1b0aa5413bd06e8e3520f9359835b8d83cae01d715|220
3362|6b350eded48e2af8b3a5432fa6e7e08584f1eef73a94239c3f3cc4c05fe524ed|126
3363|33b4d9897fd6c15d1b49203c14096c508f39675d1d45974963e2cd611554d9a5|164
3364|99f8fc2c28710aed4ff997adc18dc1645fb53a394debf2f6964ed713a31764e5|220
3365|81c5070a73972a2999547fe1f1d9a6b339394206a877f7878cfd8868c50e1448|160
3366|a20d73da9fa21044f5ce4b1f739212f28dfbd47db73af59fcda35926e227ef5e|220
3367|c62c686f5659a280640a6ddfa3fad9557c92d4d6c483b9f28bac6ff5aeebbe5e|194
3368|c23474ffb082eb6b0a5930633cdc06488f31fa210087538866fdf23965a55569|284
3369|ea1ca545991ad59cbedd8c2e13a5247ea866926c8284ff3a59d41d96650fc965|122
3370|a3cf7596f84442c23765f1bf1717341ce205a48ea8afd9da8436eda1001821b3|220
3371|091b31b9c276c4227f34557c31afc2eedb5a1fa6c45850628411322948994c0b|68
3372|4352590c18594bf83adb0ce87f026038dbf755f32e6c3e9d799200f5731c9376|220
3373|4b21d68ddf89da4c6cf377d997b20d81a880d6e0244796213ae822f32eb75811|220
3374|a876d598295a15ca17d7c0fe35b835a7a42b585d75b4ca7f10833a49ed263379|290
3375|7b20e9061b73179b9eea57dce97cfc60b5eacee5ece5305f74734ac8f8f3e820|208
3376|397717160ad0bc145b194744d22ee60a11c985d8a796361288770eff9f7ce971|220
3377|db438a2e4f6a13dde69381bb88710a2bdf60733cd7803c3e45eb780524fe819e|160
3378|0ac505cc741a938591370837b37c9659ddaeb9a47a83635859285ace855dce72|212
3379|c3152a05f21dc3d771f3ba602102d1f5a2e3197af0383b4812fd101d95090ada|220
3380|4d010d1d1664ec7c9e6e7c11a7c34cfaef714ef0b54d1b039b813b88a82f12bd|268
3381|c3468a0cac073deb74dbb318ae6c41a9b5090f6c06878769754331666440dae3|134
3382|60c9deab93791184f5ba02dd6b2af88817b6f339c05f57db334a55b2dcefe8c2|196
3383|0fb1911246241c5c667819fef46b2573546f6540218ff1bb016ed94f1fc88f6c|282
3384|922ede1ee0391452797ad7be4f1e145e9cb5f3fc4c39ea89cf2586707d893289|180
3385|f62fcef9af16967a3107ab063a84b577b93c9e137701f6fd03eb446ad6e265dc|152
3386|fa6e1d1793be82843ea0369e0aecef3972bc88a93af45071e425b214832a8097|204
3387|7209e8ce7b24fdb6dc25cdfc5645bb474f8431d25f09db4dce4625958b46f62d|136
3388|3ca82e0db947024ea56a9fedea998137977d579b8ea50ac482bf0933ef6ed097|220
3389|068186b2dea9f728752ade4b06fa90d08960951780159e144b5cc3f69e0fc100|200
3390|ca4f96cd7411a9a0ab3dc67430a2a061ec61e672d38fb5c3e596bb64ad3c93c4|168
3391|01a4fde849072f32c636a0dd4630b072eb1547536aaff9f32b5a6771aaff4540|220
3392|4e4dd2196b57a87edb19384f983a29933e4a42fa43d15cabcbe7d46f85ecb79b|250
3393|128e57af3df2f89cb5f82f475fa9e85cc9aa0a470d43c96092b1e0a70e545ad0|150
3394|f6c384a0d218058c0faed53f8630abbbcc2ce5bf0b0e74e6e1634c3b07a71798|220
3395|17b070b952efb7976efaff29767d52b8701b10c7576712ae59ea09ba0508cffb|116
3396|549a7244da6b169adbbe85b90e9df7c05906a30fad9cdb9e1d42cd82fdef90b4|146
3397|4d6767eddfeda8f99ff8c4215de85e82c1aca25c54e3f02f42642347aabd7662|220
3398|9331d5d851421c47ff22898994b77dd0f4593f9929b2d06cb40c60839ec0146c|186
3399|93a9fa90d74347bb3176d3832e5fc9e64f1b1387afe5ae00fb75893327a6db98|164
3400|4abbf1bee9985eea44ee34463458a328cb128bc0eeef3d8d624d3908adc95bc2|220
3401|3275d06a6d40fce796923b821a22758819bb53af2bca47a1f6c150ca93cb625c|148
3402|679ee49be497f5977584b538767e5e4caffaa9fc61c2d50da2cc914f753c9535|130
3403|e4c45a4847f6c93a058fa977a002de6d893c9af2c4203600de11cdc78cc4de02|220
3404|8cebf35646fdf90fc475215ed7e535d8cd1699f9772f0ce1f0ab8e11c8f68952|290
3405|86589ce523d4bfc8bc58553009469fcca417ad8bbb06a4045ae750ce6959f7c7|198
3406|625e1423761cff10d6b6e00a0c5535b58b55f2b043964cb669d1cba35d5af55c|220
3407|b6fba281f78e2004ab7d8b3076bd0d98754f5f19c7d09e7010812cdd1124d6ba|216
3408|18e7f5c9d2d9562720b51e84e3a0b7d863a4eb2c0abbd849d9faef704b4944b0|136
3409|7ba4b46764e8d93ef386bb9f3915e48837dd4bac79799059cd68d7bb6d3e1b59|220
3410|e2f84bdd47bba121c622c979c9328dba9b5e1ec968842be6d65143bc3e83a337|182
3411|bd3e034d28445d6e8d2bf89779718a77512e8cd8287a93c638ae6b74e282815e|124
3412|1a4c5a78f2e50dcf479bd0ab0bfa80169deb3e9c6f458dc708cad2f8c77f0ddd|220
3413|c63f54614e6c5269a38468edb6fffde3be308400b39352bf1c2eb79d56199d47|72
3414|728d22aac138e868c8b7ed32aa2c43f08088c0a9a5c255fd65acf8e674c0196c|218
3415|5f8d99bb3fc1f990a486b56f39fca969789f3f1571d3bbeaf4ef3828460b8527|220
3416|b80cd61c312e1cda7f8e2d7654092fbe75e6e115c40ea021b2088a299c65f866|186
3417|096805edf801aa3cc2e651ef4d137675220e16a13841ebd4450c806aa473b438|64
3418|5b64297f48f07387bb87082fe8a49884323f0d0bffa7daf93ea12a76906b1c2f|220
3419|004451b537e0c547449094f27c98db855872839530a10388fedbdb9ecf9a8734|198
3420|6d29faddeca1e4d5bf2b12aba6eebaffd5e5e5359c6c4ca41fdcc9903abfcc81|124
3421|f233d4f29f877e08ecc859d685d90efdccb1829f38944232c2c8d604e2a604d3|176
3422|7068ec19ed4ed4a6c2c203ca3fc1e4d5a11293c354ef96e387320c808b93cefa|250
3423|f0d4db3d6ef2055a0f8d84c8dc76bb2764b305ce9f7d995f4f2ef4c5404f88e9|188
3424|81217f8e50bd5d6a62e5c58c450a6a5ee0e8c84dd626b985a98a14e35fe44c1d|220
3425|f29dcd5c7af9bce86a772eed32b8172b88717aca9876327cf1d295ba8dabfe09|158
3426|847bd0fdc64aeee07de59f43e10ffe291b7fad5893bda122b1c29da6021163f1|186
3427|4d293d5f2379bb650380935ba1d89b30316fd7c7cc332bb969036d416aab4f26|220
3428|a61bf898e848e0aa42f31bfd1a10ee253266f1f1ea61502e76ce68cfc9332e7d|196
3429|cc1aacc9c59079989f4e39171caf5209cb358524c4fdbee60595ac5425540ab2|216
3430|bca9f74f3b5f255a12cd9fa264a7a8938b31b4bd7a6132699cc8a35ee81bee9f|220
3431|d48e58d76316709b6f8865acccc4554af8e1fc745f826dd05b56e7e82c5e419a|126
3432|91ee9a061cd1e32a5e1cd932c87376be0e3bd640261738a45aee369537cc6b9f|174
3433|1309887187e246ccae44b17f23301e78c21cefd1301d8fc5627ef733b64380bc|220
3434|e59b7b775ae1010951c18f9425c4a8b10ec3a10e7fb9707d93819c841900c8d2|126
3435|34250ae44d4b858cfdad2ce82f6d27c7bc6754700e5ec3671de3b9841c0f7404|196
3436|aa10f1d6c91d30ced4a4bd84687efe6829420126bab4fdf35389b2f21c509402|220
3437|173be194f94a9205ffc701e4b970a72b2ef804240e2278a0d346e1219791e810|68
3438|b8a5d806c47cacab132bcf0ffa2e8dd7f42a0000324a83d26e0a9d3653a6837d|54
3439|9560e066158ebc08f73c99e66829b14a70e7dd6987fc90b6779ee38b28e0032a|218
3440|5d7dbd7375f401dd9a81b226734ec41fc7946c6d592b68075493bc97d975e695|158
3441|65759e602bfbf7309da0b80853ecaaca12c02f2eb54dcb0122ed7d0e24b19741|132
3442|17fc07595cec0adde59899d415f7315354ceb771d294e9b2e0b9b72fce9570ae|220
3443|6c5ba5fbcf2945073cdc4a45e59ed75ad0e90e6bc5b98ea01f7f7a950dd1edb8|290
3444|e1b8892e3aa9a92a913fc8ddc89fabdd621d4fb56559451c0387454070d16bf5|102
3445|7fdf1b18b594739ecb795742caabd9f82d044a271e445acd25fd52d79de11194|220
3446|0ebdfbd4dfc702e91e84887a0a6663736d85648358d584307a7fa5a742a98089|208
3447|6f38d5da3d34a98390fcd48c1c63035b0b37af33a2672925dcfc3f301d89dc71|178
3448|c622a179e9af514fac6e01e0ddaeb391e759ddfd5d86b1b38dd0f9de8a9ebeef|220
3449|c57d158c3b01296ef24cdae8ecbaecdf405aa917bc59378df622c7a80a8a8b53|188
3450|7462921c92a26f0bffde035b8cc435fecf7853035ec6137b33029732bd981b99|164
3451|c3a931bb27ca8be1e64b5a763341a1a5a95b2b1875381b0db8bac713447b3151|220
3452|d8bf6bc0dda0ee22c3bc2f2a3b819ee236713f5802ed0095f006e780d9d1af13|224
3453|524f18363a30920581d2f91c1dc04f62434b60668d37efa12ef4633cb7619d86|112
3454|c92ea51e727f97e250ba30e076f121b905bf2bd3bd230cb3f84bc0a193255f77|220
3455|ead8d18b33aeb6a410cba24c2802622841da67a51de1e208d6ddc88e6560ef24|290
3456|ffbaeec83b405ac7bd6a84303cc98908d1a8a110b9c83106782b33bd7b5a8107|128
3457|d2fe9bdfd9f08ca19d15b70dc8c79cd4b8db97478638add287af22bcb3151cd8|220
3458|9939eb7679eb572476223b9db6efec365f4271a8592e264f5d90a0070f620e02|268
3459|e3b56c9448e6541d460b4f21b10e8d53ca9fc812842b4149d4d8d8ad27ff8a4c|152
3460|50474b3eebddaae0ba0ca23dc19970d0ede06a457b2a2e49b1fdd3a59692831b|220
3461|4ead3596777e1b123c2ba6e095974dde33c0f5964c348b683ba7ad8ad67189bb|92
3462|13432af1e01b69331fcd5ff84f36328a50d6d1d07594bb08431789aa11212794|108
3463|fffdb81c843bced545e7703c822983ebcb60e0e37ad75b048dac94679a1202e4|176
3464|feacf10847958132ab77f2a912057bcbf092c39c228370ab3f40095b85571d44|98
3465|a41a691ba3912bbfef452c6d2499ae6996dbfad8cd5e41d879a30d0673dbc988|116
3466|baec942135c03e4298402b6035d703b105d792191d2f91b24bb059342dfde204|220
3467|d42f88e7c3270b79e55499246b837258fd0ee63cea8bf8d2af3796c8d35e1b59|202
3468|90184207d2812e8811992a2bebdd7ada93844c60348928b3dbfac5b95334464a|148
3469|35fdb378ae0b83526cceafce84173484539c6c3284e8cd41bf6202a7a9b54e3f|220
3470|ea9bb8e4dfa4983167f4a00a3a5d10987f14b765974c00c3613b71d49da5070b|168
3471|0171ab559d5e275ae9d0ab7da928325cce790d2536e771d29ce4cbae9ff6acd6|56
3472|e63e2c55276bff6c6f8e27039408a156507ca6af3faee2d365953787886b302d|220
3473|944754849d0d354bedf0fc2c203016a580c364db2353b936b39f7a1680d03549|162
3474|141aec9e2b988ac2140f543e96525a0d80416b292d8d15dc316e3df043a5a084|156
3475|d8466140c5e21487ff6bf09b57ac357a464fbe58e6505e3cf67b5de9a9c4b3d8|220
3476|1581e8318f46358bd5b5fcec0800bd4da69769311c6ffddbde1c454bc7556986|82
3477|31592de4e23aafc684c525c9f4ec6ec2b5a3ed9dcd109302f0d73728dbc020bb|160
3478|9d2ae499aeb648584bcf8f5fd14678de99f44573806de0513c5fcff68cc29d16|220
3479|457af25dcadfcdeffdaf430da6ee918590937f1860c366be1e2f2df916d372fa|176
3480|b95c3520a6c765a30c7f63d630d825077d7c5d96f292aef42209b51ed7a76d69|146
3481|c9238719fcde89e7ed5dffba70b847047efea0ed58f226679a01fcf98d5fe4e0|220
3482|e88bb6e46653138677ad5ee282a6da4aed49ac8e12c7937945998cbaf42a9aa5|96
3483|158b89a636b57845addfabc98493a3087e96ffd7dfe3c68af54ff04a39e63586|220
3484|a36b0f27298888dfc4d5129cb0fd64f0ed32dc5e336466e537be069d9cb7dae3|220
3485|f15a8b4fc5eb8732ffec7d6d15551dac623ed4835b0451d58b40a2251e580f52|208
3486|936e8a9c8306ef0cb344d4096a68792c1ab46680b7992707ba54750203688e7b|146
3487|6c09779d9e375317b4e316bcae2501484d62eda8c9de0fec7f3f1dc33f4e4789|220
3488|b6242149eba155cedde5b936252f793097acc5090e05b9bc01f07cd48be822af|172
3489|3911e7a63551cfe1d278ff757526b414ec6d2203843f7290af045fdf2e6bfc15|220
3490|e432117347ca4c841d3076bcd846f202cdcb3eb449e747f07ba91398847d8a80|220
3491|69d200781cf0a3d7949bee15cd5161baec8fe4b5627d2d8afd9e849c08164889|140
3492|0e084746daa4c49f9ff04d67703acbc99ac051c51b8ae1294cde76168174fc92|140
3493|35a5e12bf01290c4b88866dbd89f03e268679e7cc13aae69c78070e7eee5034c|196
3494|bbd0a04cd64932a79f094c438b256cb9ca7e96852d5b4a3f27fa7a64625f6549|186
3495|63dc52ef4d7d0d5027d93a210f64625acf168f40358797607a7729f60fa182ab|122
3496|9c7be3b1c36dfddac525b00b5767705d86febe48c0e8baf8b0158bd9173bd1f1|220
3497|4ae0f722ea9b6438bd0f1a2169ce7eabaa3f7ac0b760bbef936720608ab28477|220
3498|dbf20d24202d38d326f847b16f7686aabc6b1f6ce48de3d58493ad41e3922fac|160
3499|6c4a0ee2f2de8523412c06abffd826968671fc54dfe62b96fd0ec109063b7b86|172
3500|5c7072bd9fa3e4f165684eb0274e4b7a208f9ac1a3cb57ffbaf768a0294b8e5f|162
3501|4277f7659653d9ec3111d51756b935ed529efc27aef5d2148bfeb7cd45166ee3|140
3502|5b627c016f13843446b56415ad939117e386f29c3824f15772a70f6cc0581325|220
3503|7ae9432cc6f866373429f5828008ae6273edaf58d5081a072181ecfa1bbec113|106
3504|035ae4fa0bae5be1d5ec2e410aa950aa8c77af0ee3dbce72503568bfb9a0a1df|148
3505|b8dd3e549c6fb31be5bef24715fbb68d4b6778c2fc5bf216ea40fd8ebaa38cd2|220
3506|56a5d529ad5ec52f979275e2f5d00a74a912059d2ad1b079e189fc0bc03838b1|216
3507|0f2658b1938cd56595e739980758fc7daf191e5e6a578f5e794558a04125df9e|132
3508|921e1a4b14311d6f47258f16350def38646e4eca6bb8ada36728f0a2a9da7588|220
3509|004491fe6bb7d3cb4d38120c35183425101b3a1d4b9f7b584e31beb4c8e74d6f|290
3510|4b60014cd0dfaabae3e60869097840961877643e9991fa52202f71e0be4ad505|178
3511|f8deeb30b5fe27d1fbc085771b8ae5e1077a4455608cf2cb72dd455bf4cf3670|220
3512|b4191a344a85414d95cd14ea4adf7951cd3e880d4f314ef69e72a7b8b223b994|256
3513|18bce672815bb56e5e3cbb45ce304590e09816be3de97dad8c3c7dd7906b8cd2|212
3514|40b804828ef03b92fac32986b463f8e5cfb60d05ea146807d19980d326c85552|220
3515|b81f5564a7f89db2b84f7dd0719bb4948e1c72d1603abfdefb411ee4bb7052cc|290
3516|951f035c9fc2dd68274f5dce10e2537f5e26b0a9bee5bd37a4445158bb1fd130|94
3517|697e7d8eaaf5ef5771e77fc312299c2cfca95d9943dfbb6ab7bf3a6904bca85c|220
3518|f650f26d13b462d4aaf794a1b9ee750ccfdeeb647037b3509c108002a761bd45|202
3519|bbb37c514c17f901fb10aa4ace2b0261928372f6a8c54067c77b223d63bc5274|116
3520|32847373a8d10daebd82363ba7bad9e323d91d17fef5f7dd75fedee19e4aec61|220
3521|649b4a242bd053d5742bd5adbc7156fc573da7b9f5ecc0ea407e6e0be3d32850|268
3522|7f6732ca8912857d080286b74fd0a36db9c6475ae875b3211d6b06567ee66701|220
3523|ab38127d7d0d087c5f92c2f59815657ca710d0c11400af188153687ae27446ec|96
3524|7fec44c83d8d0bfb1206bec20917854c4266369bde13eefac60658bb50c9795e|96
3525|124c6264cf3b9749703e364a5e2a2caf3400d233dd7246567651eeae6d0c1e2e|162
3526|46e3fb0f13ce6c0ff25223f21c55d47be3e6447c440bf67951d05858998ddfbf|198
3527|f19db07393e3265ce566a595dfd225c0817424484feff425bff734cb33010100|174
3528|1ccccf2511043ab7b6a355fb4832f469e7845579fc160248831241de4eae514c|128
3529|5da455693e6be75dd70e60c328b2baf96b117ada437c5fbd904d301f7eab3aea|124
3530|e4930c506ff915960c30369c2c37e415d6233dff24b133cd8ffbcd70cb09c2bc|196
3531|6f6776f055384f296bf4009e3278219c6ec6d650ba9f3bfea00fa63c0a1f5e13|86
3532|fb50d8ceaa879f7923fcc4d1d25aca610e6cd18ca7cc411f5f666f75d352136e|220
3533|2fe05e0b3eb77269d884997d7736c45f235deb5966997e888f1620737d5826d0|178
3534|216ab582941ff0a3e8ba3f91ca897acb59fca8725e93bcbfa80b5fcb69e11070|160
3535|592d6e18cca1ce615efb2218c01a11e5c594b286886d3dcf67e28d01fa19a752|220
3536|c598311ea7dd78b9ddf6a699c19a123f4f1eccf262f34f45dba95b0d67fa98b2|192
3537|5cb4fb22e0760f0f8ce415124fc6c85794acecd7808be6d001e726ecb37fd8ee|122
3538|1513f5965e8970ec3c469f0c51dd528827591aac17f0aba9db04cdacc89f503a|220
3539|3761c4b36731e3f5eb5ae7fb19581b881bb84a3ffc9c11795cbc22aa051d32ab|242
3540|88c6cc906974714a051b79eab2858a81e338209673d6507e58fb432f3cc3105e|122
3541|6042d072a6853ae719e0466b1e1106815c59ec3d7514d0804b0a5e7d0f18caa4|220
3542|4b4b988eebeb0a491bd97b0c444ca27b09138dc9c1cae4c841f80bd17114bc55|124
3543|200d8149071309062613bef6d2fc9147c24b818b33ceaf70a65028fce7ff77b1|220
3544|787a94e35490205ce1540026061b1dca3f0612a79b65392d2648acb64764fae1|220
3545|a26a838a38bc42e4d0f6b62c367f7613275726970d2254fc8e14921cc6af7e6f|182
3546|5ced9501bbb00ddb7bf3563cf54c42e8cad2b50df376ea9c3dee7db02bbe4069|204
3547|dc0068d5af939f9a02afb9b68830c80be18f27ddd40e3e990bbc633fa08e6b84|220
3548|0443ec0e1da72882335e6f87201e9a3e2b0741c8b5c8c047f6df21a73633ac12|108
3549|deb2a6e48f0e3e53acc455e4441312302eae5a1294630746014b3113030a6eaf|168
3550|797b5d980e042148fd020f43ea59c5e7cd866563701ee7449fe29dbf5f196052|220
3551|67cfa8788767eed8ac5e0e229b04b195b2e2b38ac1ad718be2fbea6f838fbba9|196
3552|6ddbc8fee5a5c2f965dff53e070a57c979e25c97e36f8eb9c758d9fe988e50ce|156
3553|a4d4871b549336da5ef7a933f001bcc821eb6be3e645548a32d1ef56e5ff66ad|220
3554|3a19aa33360abc5144f3885175363b17ff888e53699dc7570c9b4046b5d06c59|198
3555|f7afa844afa746ae52382deb9eb3c36641ea3a96e499fe188f791ef50d3341ec|192
3556|cf09a7bb3c5d65770c84479e3b283ae0176ad5579103004b1fc08c2b24acb4aa|220
3557|0c33a3f7b68458777f88aacb44f1f317f23a2d8e83668be85c21c7df9c302532|250
3558|0231cfe3b9cc566458cc0725dd814c98c4d358fb25805f3070c4f1c7b549ffd8|22
3559|418b19e2019cf86e31f3348f1a8869eccb7c8e24b7ba2154c8b60ab1dbad92a4|220
3560|bfe6be3cbf6105f91e5e4a1977c888eae268592ecc61fec3f19ae8bdca6e32af|22
3561|b88ebd9ca1180bab541f486ee4fb85b02d6eeda6080ad49178e0626aadae8b1d|100
3562|e01f7808503b75c6d184f12533696b0bd913ae13234618d805a1ba58cec62cba|220
3563|704e42c8ee3cc31a93d7871381a519ba8813ee570d4219b74985b9270b541f8f|122
3564|00f93f1ccd664d45a80485dde6875a7583158bb197fd142e364ab41148280ffb|92
3565|2c007d4a971cf12f22bdb8b11fefeefda12d9e8c21800c441a46f14386a1fba5|220
3566|35ac88a624808a399e389423bc8d4f9e870e8b93c83cc6141d03e6b0e1e66f38|160
3567|99fd094dd4f4a0d60598605f00bbb38882fd7ad9c763e9e74a7465033ffa534e|206
3568|4fc2eda974db792d922bba72ea72cbd3fbe8373740a978d543a7c1eca5dd8594|218
3569|6112e3fc343c688f388be561f5ef6ca3fe53e39edee062b8bf5586a5aabe6065|146
3570|7d0edd5bac5394860dab07118c40ab37201606d873c798868223ce1c8efd4984|82
3571|b47668851697b8807ff9daa01d6986e6c1959cd357be4c22872db662d075e24a|116
3572|4f9108bf293d63d9cce10fc3b70d2f662012440b79c2a893802ba7247e61fd18|180
3573|7f0e3678676a64d51c628617c7e74185092106b6d9acf6aed0c9d09ad50aee40|152
3574|1156ef7170e70574fc30da50d89238318454ca5f94ebe2619ca30ccfe3c55c31|220
3575|effcc9a69149c34900d3ad8f9da4027b65660fa1832c6e2acd75f309ac67c4a3|70
3576|46aa99aa743e45cb52e0c4bf6ae77dc5ee5c0a08f8ce1ba6c536284a54e5b99a|114
3577|967c2679d4bd06baea94b444c2d6b60b09176358c466bb1a93c8d8edaf9d85e8|220
3578|d80a0fb369de250bb3c6865ed2e0cfe988341e2e403818f84a4fdea7de4a9290|250
3579|afd35e02de71650d7154048b99ecd4211c2e1e5b18571e6d01f4cc63194ae143|130
3580|ee6d63061158501f50bb9d73ebd2250eb56acd113f79a88c153f0db11e979abe|170
3581|ee4f53559661860cc1cb36314e32747b6ca5ef39523451bd219d5d7afb196112|0
3582|f3626af3e744eb24f83758c33e4d720df47be19bee9c160f8610ba12fa7480c0|90
3583|ab5d74330bbb77ec27e88015702d3cf609d9feb23df9c30f697529cb6024d8d4|184
3584|5f2db748e1cf080803aec6d060504510d80e17553d159dbdade3251edf0654c3|194
3585|8804e14a77386e800c05501984e54a4d113dc987f922c0bf18bb5b162d71e59a|160
3586|9a6eea518be6f1ba9e3ccac882df0c9005071679810a4567552937cb9be34b13|106
3587|035659e8bd57e438dc50ccbeffebc57139f4ac1b237035daf4399abb1a01c7f9|48
3588|7d5ab04b79e92711db81b66af25c8ec3e28403222298e048ef278a7df2c6add7|90
3589|0d747b167ab942653bd93584adab795ad43844c7dff990aca5896f5f816d6b66|220
3590|db2bd62dad83c5da50c63e675d0426e7800927d0b08ac95451f605caa5fefe6a|280
3591|e5152ddfd8eb3e4a2562f87820fd094e38aa7efc6cb656da6e6aec2a2b6b115d|210
3592|b52b5593ee47980e9a0195e33e4d2c4cce31b7c15719368ab8c5c3a2a324eb9f|182
3593|10e1ce198295f9a45b36830b4c0e4ff070420b7f365b0857cf2fdb6a4e554500|164
3594|a368c8a77eed4584f7d96748522015c3a5a317c9fada6d5540269b1745f33f4c|140
3595|485ad205122f989adbca49f7093a9bb0223ee77175fb152965fc4bcf476ab4c1|220
3596|72d02ab26e9471c2e91949a7cf31e5a5353e93441ba2b9a6980b52010ec75c8d|224
3597|ae44ea876d94f639cba4d6066e7163f0f4aa95b59bc7ecfa7d382c126d6e3468|220
3598|351bc27147db9e671510a1b7df46d2bb6326a650d2c334e8bf15be18b28b655a|168
3599|783532c825e785f47a8c3a330529163cf7ab132f5ceb5858f760c7cee1d8e486|290
3600|561cb3b23d0a0fe44c7207eeca1119f8cfcfa8861bc65e00c27b7ae53c143073|196
3601|cdb35d9979a22e1d9d37bf60762cb8529a8a4e588e2b55fcbc0d11e6f1764962|220
3602|fd2982f26580f684a55c36b4c35f9b0a247718822fba2d936c7d4f6355e87060|168
3603|db50c7f3b0d9df160bbbf5f4d8fc05f679adc02f4d9d4629de2c44f4e649d66a|198
3604|bf99f10abf287ebe45141f3b0ef1c5e4a49a1423cf39891a5d6b4584db5eeaac|190
3605|1e4cc5ed75a86c2c154d98182cd72945f83c83f285cce91a8be8620592ce7b82|78
3606|abec665f7b71affbd786db10da030aba78039e2295a22f63da4de8f728799362|112
3607|6a100f7e5a8fef525c9afca00c766bc36de7939fd75202a876b51ebd54c186eb|220
3608|d787efc7743d929a3e2dbcf84606b483ff840af43785e1c1a1d47a42e9bc40da|290
3609|5e9801c211aa21ebdac36063b6776932d1f931faa03bc3c13c695f57fc46a762|120
3610|c031e284b21851cddde182dc8f7214d80cff02aeff82da0f4aa79323db7d119e|220
3611|7f24620308cdd9bc104f37368836cfbc406ac60a350a21f32195538def18c4d5|194
3612|6a3f5f920973726d07c0a1650af3bde2938218d6b039320b9274758c6f21d5b5|206
3613|d99a33bbc918292ae2de4746b86266a447003ba33130e075edc1aeb3dc2530bd|190
3614|bbe065e23ece9af6f62d0f2451dba284c6b818c9d58d5f1f418cd3324b7d4c38|250
3615|c4de6f43d103adc52bbc237d5969c0b499ffcaa6984680378bc6771b6fad478e|212
3616|e6b58dd7b3b5a4b500787a83f987454d3968cf48b640e3191da7628511c0442a|220
3617|85d4aff3582a59f4a9f43475bbadf2e01f4f6aab782a387628891bb2b3c8805b|122
3618|865322afe50288d531f68cb3983fab87e0e114cf5b6631fb91d76811686b62c4|114
3619|3bc8a06ed29dabda2feb559dd4eaf23063225467cec0c548a8667067b6e40608|220
3620|9623669017f1b805e799a12162daf68a9c1de51b2faf40f60029439249f9167f|290
3621|d5b2d1fb2e4762ccef35e4d35a3f45e5c01ae32f3f29bb0cdbc95b4b8d2f5f92|174
3622|5e0646c6bf1ffd62ab7cba54c95e4d8558ef13e12888ba43d4d75dc1feab13f3|220
3623|40562b191de53598c7c70dd3afcc87d75bee103a8a91fdf550daea8ee3fcce16|110
3624|b97c0dec0d11f1356a781c7328f6b4b9f9337012236be1430235dd98c40804a7|158
3625|7c16588bf242b496a29685841e8404390b2c2652024cbfede12684c4f6deb48c|220
3626|2dd9f60349d65ba52cce33e4139b82510f15e25fce678e4afac4e9105e19949a|200
3627|2a994266def35c3d864baf90b2e87b367d03e6248222b56bfad2ad0d658029cb|220
3628|67dc3d7d65e103e6d5db60268a191180e9867a31ba60bc1e8a06abf3857cdef4|220
3629|1e048dba880698998d815497f621f1dffce54100cd6042ba613bc40c05212034|274
3630|84432fca3ea2987681da2b3929311f6ba24edade2250975213b82ebcff7f7afd|204
3631|e8a65013967f22527f538216ee49d521e990e066e567cf4cc4960fdc7934488a|220
3632|94eb40cd9e29f16a29b3da7f0879b643c3c9a4e00e3a0f1f0a2f63708131c10a|238
3633|766a8c66647197e864d88ea9e8f56f26ac7b27853fdcf18eac9c96884309ddbc|196
3634|1ea028ffed689c2efd8dda7f140efda8f671a7258bae5674d6fd68d89201bb54|220
3635|2164b1928879b817dd3f535ebe5a2da00a311ccf26e0f0444b4f3fc0eb548c5f|166
3636|9abbc54fd5540caffff7766a1576a7851a69944debf5888c8ad6ee4e2c76cdb6|144
3637|0ab6315d608f5beb78ce95be516e683570334dabef6ac6489d8d8d12ce601c54|220
3638|3df52c190be806504b2c3690913dbcce2f9ece74e3e9039f8c57a34d233a125d|246
3639|d704083bf2ff5209292b82c1823805cda7d4d97384148718e0a6e23e886a2c2e|96
3640|69ecc46bf2a9adb8fa0fa438c8c273833d449fa5bc4b012a1c55428029862ef3|220
3641|c3f2bbaa20876d352040f351759e925dd9fafaee203c32deb655a2b70c69c663|144
3642|81b828962a600190503b55b69d083e5328676cc14b253f3c35ba363f924ad242|220
3643|16b6829e2e63d674f606b77b894b0d34ed8553ec5eba506136300f2e1d8e69f2|220
3644|1164add1dc0a0ebd802d6ee1be2aa44018a95aa9afb9ea4d7af66406ac64ca3a|198
3645|0b00480c4863c3448f147a6e381f7dde3c9e4c6b35eb148a0ab98502c0d2ce22|198
3646|647c6893d487df1b60cb3ec7f552cf4593d54dbc93f913972043c951c7648e67|220
3647|554c05b59e0115f44604e7ded8db6f5bcc77d0912165b0c5f1bca4be3e41cd60|268
3648|ed1ead4265885b4c2bfa35ca1bbc33afe061ae87340aabd68d5e04cec1f2308e|216
3649|dcfdafc78b28da74253dda7010f751aaa0de5c2cc90241e309afa60decb775d8|220
3650|e2577894cd8fc1746f50a5f8a9b3f92111264347a7ec0a392bf6953626ca3c3d|188
3651|48c7c602a817a6b6f43c55dbecd8a6967e5408a6167313abd695d8b8b4270be3|84
3652|2aaa90bf396ecbfa19be234757d7a03fdf9846717475c4684360fc62f706aa62|220
3653|2975b743238dfe831bcea70815a3d944a71a0a877aa1942a7bf647a186eba174|208
3654|cfcb6fbe6311ad12fbf91befdb0d4619b18b8b72ef21165f8998b8e1b58475b5|150
3655|22629feda55f66629ed4821fe9508d84e6d873483aefe46cce7cf5ca34fb45b2|220
3656|88d303416ce7a1fb217a6d2a04186ae72b95770a4bd04e8e6c3aa409d1ec7a7b|132
3657|494da8e5129f234b62735dea48af41ce0349111d7548a6dc6589587bbd8329fd|104
3658|0eac3812e201c8eaabed3b0f274a97a231128b2d7314125126908c70e83197e3|220
3659|a1e89af476658fbea4abd7bdf3ce5d72dff7d0fca1d1b04c5dc812b338158158|214
3660|f208b450149a14a160ea4e9339e7c05f6693d5b703e58271e0a28a6772ee292c|196
3661|04dd8281f4a3d484a8e55020a8b23f076fd2b1de93867bd8b4cfc7f24a103c8f|220
3662|3ceefeb5a33bea00a62351de6452c0409cc71074a205b6129e2f1f0be42afa56|84
3663|47e081f108236775d202361b56ff27398101a5d03a50094d6cc3fdd97c0ce8e7|38
3664|8e01f65ea3937637c46e5fc70fba3b1ed5ce8eb31e470e4ff30426a6215924bd|208
3665|42e28ef8c03f68325aa2951120d9d4acee39a17f6aef352cbf671a9c383b0a70|210
3666|175d4197c52921cfdf4e76b290a702aff2e48477ddcb1ac6a58506e64df55c5d|172
3667|5fc905edcb3f775a2f066d310f26367010a9484877f11872c979408068405d3d|220
3668|97f90c4416fdac847a992494d65272eb7b1ab8db0a9c306d5c9c06e1a96eeca2|120
3669|359152d5e6806c46069da1351d67dc037cbc5c023f67cc71f4ff00b15baffa68|220
3670|4438840611ad613cad57322fde0d0b7a6940e5c62d22f01294cd84d9489a3d08|220
3671|70027e4af0a9f2df472b25bdcf77a818df476c007ab9611b9198afc3b794ef4d|120
3672|716c725c1f8ef7817b1b1ea831768c5b55fd079cdb62c8238bc7e899dd65750b|212
3673|abe2c5770bbad65ca004f9fa775e43a7bbef7e8a670feedd6df12a1dc8b6aeda|168
3674|b4eff132801f9e0c1031a10fad33df86963fe4e8bda53b53dcbecb9d95020432|174
3675|68adbf6754d9313139d8aa3586311550b39f9551728aa3be66aa64fba8a0cfca|136
3676|b49156822c7e4d26b9c7554c4d3ee5aa93a91803edbf1bb293db1f12b3acb17b|220
3677|3bd918fcf40ada18ade4bdf4592ede727f5319a5d5246060b0c7ae2786f15b9e|270
3678|4b7da123f16e7bc67860f5e92556f6576e53ce15c64fb1c63b295a0bc06813a2|180
3679|899a0808a52b08d808ce500362fa87cc476ee87d66405e0a1e0ff63875199bce|194
3680|4239b3cb0617426f851d981fadc601987820d93d38127bccc3d5404077410b61|134
3681|cb29d2b0f563e508a9c1c59776b18509c88b5fdab9f3d3b5b26a893824dcf169|220
3682|b89308dac2bb450752b923a115cf0a95a41b0dd1037b60bcfd9ce56f1838651f|206
3683|8b5c8f3b28a7fc9840637f9b175b72916744e7d80110b2f3dbb2da7603a23788|238
3684|ac95302958a745b674d66d9987049f65b7b8dd14f019c038003f95c45d22660d|220
3685|023cf4f08370d894cd7fbea6d6ccf30db1feb06d0cc33146b4e48831b454a254|220
3686|0c5b6d40cd4676e2061dad3e7118b972cc1dfbab27edaf177225a2e2115f6e94|220
3687|d6d06d8000757d44724902381bed3a4c3a26c731f05f51fcb0248eb91d83a796|200
3688|f5bad3bf0d0a32a19e0fd13c1fee38278210750da29f0a2f155953ed4cb919a8|220
3689|9c7c692f05cfc3b5c42bfbe2817d72a0d7bae58e2977a9ddf41c170ba402c8d1|210
3690|004558b9b70d746b332c9491562e87e79cc8e6569c06865c21c6e2d9ebf0b1a1|220
3691|8af56f91ff9dadfde64f3a070dcb911e41b408f579c77b3061dbb0cb72ff77e1|220
3692|27e91b090617ad099263b6cad22892c9197cc358b58a878cf094a7bd32eb3c8d|258
3693|d21a3ea8b4e01ad2b41acf658aafb32a21b857c7fb4a53db2b27f5e7a8198971|160
3694|e703a3766b9ef414170bcf41bec66190d179de86a0048a92def800ff9a545058|168
3695|2822cef4029105baf9cd373145b427e35c2fc4d2028a1f3c0233771d5eba5b19|250
3696|33392eae7583bd8e1f5982de6c6ed1c26ea2d2f24e7cd61e1f8a7f65bdcdc66b|176
3697|b7caa173174333577db6402f494f4598703b6d34776d09d629144062db4add1d|220
3698|ac4a69783bd02f5c468bac8d87bc6440869ef60a9d426ccbf60d1c723f7f85cd|120
3699|fa66dc403ac4310466f9d80014566580d4ec56bc71afe93bfc25ed47f152872f|98
3700|82657560a61465beb16c979ef7b5187f1411b0ebfd66bb24e33b56bc586b0d3e|220
3701|3dea641a4fe847fb9753192b9cae47366b4059b51953f43d9f0adf940a60d27e|122
3702|d1d51b48c39306a29e55853e98b174006ba073d90e25623ebfaeab27a276c428|158
3703|112b0f56cf60d12cdf4d3dbb65c785cd880ad9156b8ca47122346cd94ec74584|220
3704|0dff843b775a3ba9dc8d7dcc949bad00e539a84c424bd1c2fdf0331760cebc2b|290
3705|8ba283adc4ae53b3cc91ddb03292b48472fd94d1a3aaba5aa9879e5ed6e9cfa7|140
3706|fddb51265dd96e7d4331a6144a44350ec39bf4aa0aa2045c9426130c2933d0bf|220
3707|e5066bf264deaabe06b900bced6471143817f184fcb2212f876e9fec5497bbef|258
3708|4bcc3de956d013ad3851d19ebad478ec11ea507f394d42198f1ee39c79b3be35|220
3709|55548059be7b1aa402b802ef4f8b9d73f7f2e7830c8820b66cb92f049112ba6c|220
3710|982632dc94d40c8660d9f187b06e6fafa57fd7cf1457fb2e5985f5e8f96acf86|226
3711|1fbaf29907969f2ddd5ccef4d9ed6338856375b79c84873b00cec969bf1b0dea|168
3712|5215f0916783bacdde72c07e5fb87df1d2c64b2e22583d85a705d3eac54012d8|174
3713|75fa14070a8dbb99707bd088b6a5920bfd8b2fac7c5b327fe129875829aa8e69|180
3714|1b7a8e4e8cec3c9c0d7eefe59da737872cdf762ffae580caa07b5f5411c190f7|176
3715|a46d363837aa44a93f02eaab9cb5d1bf029f5c0c3785b5d3209fa2696b078ac2|220
3716|78eeba0886a0e8ef3b280a4f821b963fa7211b012b435e99251b4f3b172dae9f|290
3717|abbbfd8f74f2ca52931383b3a70496ff1b7c7129c38e682e61db07dbfc7f2fc6|220
3718|88a38299c58b07e352ebe440dc8f70b6dbda7777818e4352f42ce6fa34cb91b3|196
3719|e20277e1e27727643f0e9926b1fc9276653840ca4c5f1e05114d60820aac4614|290
3720|4f8ae30a4df1febc76eb5515e4d9ddeb7830b65779c01c907d0f6ee991ee5aee|70
3721|1a9024e2faf6bc2db2f36df4d35b3e25249d1e9660c2b95943614a03e8d55d8f|220
3722|780a289ed0b279d7a377c2eb67fee3f1b4c2ae2383c3b5cb349f820c479b9eff|290
3723|0b97361cf1a7028e7b6d861e4e6b823caa0425d12a20c5142a93d28b652b285c|178
3724|cfce943ad99b1522e5e5289546746c4c7b6eb6aafe83eed17f7c189bdf3586df|220
3725|de0dc872c3fd5ab6da70b254c8f123f432f3ee5b13e3f2b1f27ac58d24ac7159|126
3726|e97fb597858df569ee5b2014aafc4861e8792fba882d106206357df5ff98f7b3|200
3727|cd69b5876671fcb50fd2ca500871536807e465f8f5c1de70c1f24bc63e38a9be|220
3728|71cfd900cf577bad86c15cb9f97537622bddece910ae74b7db63100c790072d1|216
3729|ab4af9a6b9d05faae90a892d59a140fa2abaabe2f9e23e9fb32e99a641ddac05|154
3730|2960cbae47a3d528a604dfadca4e642c4e69213c5d11e13c679bc5a09bb59323|220
3731|9d395a53b1590056a448a3576f67d862ab7a52e68ead033bd7ff0e419971964c|204
3732|0ba61dfdddcddbb6f63117ad25186a1170217d8cf01114c15b45c57339075c36|162
3733|9b3907aec4d25e0fb1a7599db8a02fb6f6fe3102690b1cdf7e4d46034f5c15c2|220
3734|135ced2f08a343caad43312af0e8ce73ae92e5a45a194ce2d46ed0a3367e3e00|134
3735|8bc7e27530caca2f77948e69eaa0bec9d76894d98b2e2e301e10f1a6bfe22a84|154
3736|7dcbf3f6ecec965173324f51effefe9eafc9947d90389ddc99f4af3e96d2f864|220
3737|c07ae5e47213ba77b4693a383b60593ecad1c3e3d4e48950f0da6f47840a388a|200
3738|cc390fb0093658343d233ef43e3cd1e893d1eeae2544c49ab9f94019583ef994|180
3739|733f67ec652ed7e74bc247ee944c6748de179e1989126c2152a140869c5f00f6|220
3740|ddaa746170a1a84a59fe8d3f1ad160a68edee38df97269574293c637167fb408|290
3741|7c24fe370c7340f26be709cd9862ba06090028be186063d96a4055e3bf05ed58|142
3742|18322703f775b9236553cbba13677fcc797f3265dd9ab882eda563e9f12bb508|214
3743|168d8350b34465e72604c35de776be147ce08cba4c3a22ae2aab59711d29ec9b|218
3744|5e3895b80c85271758e0fe40ce9077fb41baf90a5858b5c8cd6bb6c21ea54065|220
3745|ccfc3f938c61f15b4d50cdb07996a024223a1a3aa725e3800f3caa1ad9d5b1b6|206
3746|243f556208fb2a2d1fa96bfeea0781dfb0d749d5236e5d9d0403a88c3fd7ed40|222
3747|06edcab83beb5dce300a8cbea1965c28098bdc6fed10820fc751c510c610ab9e|116
3748|224b9e0384aac661c78e135d94bc7456b56c69a7df40cce109ce610f4fd5c214|220
3749|e9bd65a5ad364df565ff21c1745addbb4c120d9f3a1a4a584736c87b505877e8|112
3750|7bd3c3cac722f1f94a6bf547f99eb9c33a935214913a11946776c99f2e575b10|176
3751|283195f45143eb0ea6d2d95abc74f0446485f34760a20a854cac2c8aff36b5f2|220
3752|7765d9f1387dcab866b9b0510e46553012ff99c8ce92148bce223144b1fd0d9e|42
3753|584c1cd042d3db7493a0faa434f773b7056e4c9aa46a5af1474766cc955813c2|78
3754|e3451a34f1fc4a262e951deeb35db21d52c3ed85d8badff513e9852f82db380f|220
3755|9dd2eca766bfc8fa2a0ce78105db9078b5e0a9e9fbfc62b4abe8e12fd07e4e55|170
3756|2d1f461fc6bbb468b536af61ae5da0f564b5e610a3c339c5166e9d052a1aea89|190
3757|eecf83f14bce64d1b998fb6b821fd36fe8a153de712e00f955e797280a26de64|220
3758|03fb7e827a99b6037edb42f78efe58b00c2445a8c03fecc6c288cbc41e8ff434|126
3759|261db038c2a9b73905aca50c5affe3b7086f302fb4a674d7006cc2abad5a7556|190
3760|d664f2dccc243c6d93ac71055e56e02cd6a8a664f54c9b8154de85ab0757bac5|220
3761|08029f3f98556a4fe30c27791734552d5b9f56e53574441852524aa3a71323ee|286
3762|8b1d47bdc8dcdd50e1d5d3f73cf8d350cdfc51d9e6cad2e727d648b71361d9c6|78
3763|db1bf16882c41d32cbea465166894601a03e43636e41fb5f85181683b8def897|186
3764|f033baa8121f635eeb657ba39b532fd61d064dea070cbbb8b3d52b7155e5434f|134
3765|dbf4cf352248b69a6f61d05ed823db4efdc6f27818769c0f22e26e80c426b99d|82
3766|b6ee1c8189d9587915419c812dcb8dfe71d7942d0c0aa73971cd00ea5414396e|220
3767|9f420c334cd05d6255acace02e232c192bc05f5214d9784152f74ec2bf325bef|242
3768|70157947ec2e0380ba0c7cb138fca466d71a80eb9462c61f9ecdd51105e32b2e|58
3769|cbc0cb62287a0de07386489dbb06c6d53abf0db8c430aab75dfb0b438f90fbef|220
3770|c65c6bd64a8fc9481cb55e5d62972691572bfb28883f7c3cbab6f53807b7dae0|174
3771|8f9e4d4f5d2801987663ed2fbd1ba13d3653d9f21f3364ad175bd0a6469531f0|184
3772|7bafe3943be40cf8bc745189d848393971ae198fc8e33870c7d28ffe8948d60e|210
3773|226d87786c702e8707b22dcb25eb510de360f5b49560df1642aecc174b516ec4|168
3774|8883dd91bf0b38b2e5af6c7a45e28cee9eb9f3887f3e5ba89523192d3195f782|220
3775|cbc003312d06f0fb54ffaef3299a5239a0ab0fd1ad0cc31040b4dd025fa0df05|220
3776|17fb654f90a6b89108fb678adfaf32c9092ab50ed8869103d6604178f8433b2b|174
3777|9a72e38dfe07064e06a37524f75eb05730a52da2b39fab2fe6e8e95e804f6d5a|56
3778|afb0fb2d4855a44bfce86af47cb40d446fa656b7784bcd98f45539db3c49e4f4|220
3779|ff3d891b1afc82968d824b1b029f543baacc9332cb7fa63ac794ba374c8c7151|272
3780|3522b9cd58931dd40a4643612639831a940c30f8da41b600a1ce4fb3c07a6839|186
3781|4237ce5edb83164a0ff0af78225acccafcb5d1af4acd713d5390278470cbcddf|208
3782|51e593f7455a43c995b29ac653ed45d30143d0e49b09e25a03c9b774cf2218a4|36
3783|a96ace0242aa950468add2f75209543506fd52024bdfad34966bfe60bd3a5771|56
3784|f4bd8352d896b0e2311ea1ad3c8192db34585af6686acab67bd1b179e3e20288|220
3785|f521b3186309cb374cab0e2bb559f800162634bd93ec79ef0af0e8930bc46a27|254
3786|71deb89e7430441ddd25dfba3671d01f6e3d6f406022994c1b68e4e02a8f2ba2|176
3787|ae87c86a74a0d6f32f334d0c209c34c8356941cadffe6d58d0cf8e4c40f503e4|150
3788|6aa6ff8577db04a2f41780d1a6935753f1ac09fc2a56e889e3c7a8186d59cf7c|218
3789|9dd04ff3ba50b6a1f865ec34b520c7d615be90b7f7511cf8eb7bd1a96c9b2754|106
3790|f7d63b9928fda001d6df684adcbe86f8ddd20fdcdb396587916c6b462bb9a74d|186
3791|a66cdbb4529387dee0fea551ddbdc728a89b740e1ca0a2c6f30cc626f736aace|214
3792|d80ddbd7b32fd153cf48f550b9a8c0fdde9eaf0ad67cf42cf461efcbe1157e9b|134
3793|14f8654168428a2b2481a09acae1ea1d06aeef48fee1bf0b4ee685f515edf60b|220
3794|20e03011d4539b5a3717295c47a553b2febf70247c39e440193b1fd9f3786d90|196
3795|65548b6b41e0678b33a819c8b2e6ddb1a06fd79103e285d953f0e1ed0798d3cf|220
3796|c7d530298acea89aee300cf9499a28799364064623c6daee6c3a0ef8a6af20a3|220
3797|513895fcd18f4a589680baa36b2d8c3f880c533f4beba24de09c52085ef6e909|234
3798|6de8013cc479d5c7c2d1f231572260dd31f23d38dc2b9949fb0ee023fb861836|220
3799|6024120bf652152b7cd37973fb839aec448937137f0c2d03218e86b5788519de|220
3800|367fac60650c7e3d64a8b3b8b49928bcb071513f5d284382e9e0d3170383d82a|98
3801|59c519955744716f5b5ef052f45d686d9759351ec1d1e51434c009a3379a6777|100
3802|a1ceab207a45965eb2ddfeb156a89539a8679db7d1a3d0e6344e86918973fdf7|220
3803|22a0262038bf8f7ad6d328076ff3faaf087180cc20c608e1b7ab256299bf4c6b|276
3804|bf851bbbed550e768623e00b8e06807513f095cc4a8ad2fb092c65ca633b4b7c|134
3805|7db22d24c0badfe90c9f821bb98d3d32e1adbb87cd49ed8feacd450b72295ea5|220
3806|9f1af44b14ea5f1cca16fde6eb52ac80d74feff635396192a6efec8bbad83e5f|226
3807|df56295129a2c1e6e421157fc37fdaf426353ea0d08618b399f9423df407524f|92
3808|c05df68a15e1f7b91e0cff59e491dadce4175a6bc0e0ea8cbf5408e298948139|220
3809|8d4abf3d2b9ee174bd5176962a15de6daf998a775bfb1c4d9ab389dcec2ac174|152
3810|8c93dfe6e02fd6ba4106105c49cee76744f3969470a735623ae6998c844718bb|220
3811|5d81cdf9f6329e4bbb1d03f91fdfa036f20b83f94214f424fd92efd7e814fd80|220
3812|225246b91e482f9da3a9de59ab4a024f057be1a26f2e717d82738c90f4516a81|280
3813|3389adf1560907f78749fa107a4ab82fc16d7ffb1f8c994b3b7e02ab58ec4748|220
3814|1f392b227c86b235db6a9e63af74f26d1630c37786e82e68184c320e5f1f31dd|220
3815|57c085105f7e8496dfb33901269a063705fc9ab1da2f8f91acd3ddd4df393938|228
3816|a7ac85b99e8ddbb041182280e694f6ff75151272c90b14e9c97f33cb158e4dff|220
3817|ea132343f1e8943e344b347d8405c84d2f58c7f8e9d2b37d6e283ae3406e4b98|188
3818|02a55412aec3481322e8e58a3dabd7bd438aa89268a2a5118b7bcf13774eb348|268
3819|abd1de08c4065f3451505307f3c31c2479562a65115d86bad74d36abdc29c36f|86
3820|fb7e6ae971e1a4c93faa25e74931bb36910d950866c813386a7634ca00b74e26|192
3821|25eb962dd0b6b05d7a3cb602a4129e532d3f039b0f8739aacd60b39b82d5d64e|290
3822|67e1a4b99b1a6e34edad2055bbd38c065914b301173c594d0070bb6cf3da4790|124
3823|e36088bdfe6d4e354e5802dc4cbce9109e16f40a618303cb7ef8000e43601dd4|220
3824|a1c0beb913beaca38f9a8b7fb7407b4449be40b20cae02cfe9bfd0b18b87ac87|196
3825|15bc592e28066fdfdbd123317b2e0c411448bfa00a09e0d6d0c4a35473945b98|220
3826|2a6d6879a08c013a891d945bb2e30baa3ef8c6932d09ff6fb3b3987743d32bf2|188
3827|03a2e5f09fffaeec2f2965dba385ad9cf2709f7f8ed5bba91867e442d570003c|276
3828|9c8406a8e9db9775b572cf256d70db41187562f65939725325ef116d4696f307|208
3829|1fb2c387649741fa4f80c045bf99e5353395776a05336117a7780e369dc2b6da|220
3830|6523d5a684e235c11a83699f2c03692ffbfea766efe8a57f33af31eeb75a4d85|204
3831|53142ed4f3f22f7c5e7a5dd6c6420bbe8c7153e9f621dd368198adc44366eddb|220
3832|2e92ac7d97156d72eda8ef05305d7661183126e34a25480ebea5341d0e743e08|196
3833|273b48c967bc0d6600dda81643e91271ecc04fdf74957a2439eb97235628951f|210
3834|f0d9d05e7adb868d34277447ce2d4db69b43a2ad48176aede627eace2723edd4|80
3835|27c65db22fa098cd351fa6c52e0f9d32e9fa68c807d85f5693cf71bbfaa130c7|178
3836|48002560c509cf67179d3b927aa396a2f51f3023c5f510e93cdc5752ffedd9f1|200
3837|08e664677cd77f3a0a1b8f285dc8feeda94fd8536df1e2e8c54c741a1323d194|172
3838|9ba95809816083637d156d70171ecd303ebf9167394067e97b81f27e19c70292|220
3839|ab10b06ce02a16ffe50687f7abdeb373bfdd9ae56874bc802239c2e4469fff11|186
3840|8c3ea37ca5cafb7b0cd34c515316d8ca5fe34f060426963891b17b2c74790839|192
3841|d4a5c7b98ad64a9a698f9dde8fdc2b9f8c8d3c8e79589571b5e1798646eb5f3f|156
3842|4435d3e52d11ecfe437aa67c3c432de9b279d6f1372b9af90ce6d7566265ad05|290
3843|06c2e857a6f94b02fd84e213d9c023874b06adbfc4da1969ff36545254083951|172
3844|fede4b8facf3fc422a37b34f3db66905e87d6bd49272041b32cd6c477179dd99|220
3845|36c0ff85d940d3d81a8b783f9e6997fcfda5305ba1876cb4016473e01bcda203|160
3846|804fecc0ed4d7f4925fd35fbe04f44834ea0b1ac7dbb2f6da577444fc86cd9a4|166
3847|97605c1e50c30e8df5b48f60901957b038db8ce729f581d5c255e59c93586faf|220
3848|a1537bdde889281ea515feafe8bbfbe160d73cb1664205b5fafb9a30fdd62b5b|250
3849|b009195d85504ceb517b0d0e58f7595a24dde66012a8830d82e7204d1f8a4aff|144
3850|971e87b775cb5886f392a0a28a4c15d163d1d4c797042b978865378d35185e66|146
3851|578531ccd50af2acc3de306499dd6dadf72194243c979147a7e3fe9b10d1cdd8|280
3852|28bd3aff7486e1c6e64857ba7c9fcabacf02b0a2e9b92dea6b8d277d71e86088|108
3853|ffdcfe43a59e2e7e6460479f5cf36810ed06df60279f461244fb11d57f406477|220
3854|d1fcc3ecf97b4a8e2ed132f0f91c88abe00b4a19d7e50245990c2dea41b18b42|198
3855|99ab8bf64e03fbd63750c35ceab11bbf85f2c64d454e6c2d9c9cd594f06ebf1a|200
3856|ce2c4b46ef3765613869de71be6f540600ea90a776b9e3dc0830fb223adfa4f7|220
3857|827853e61d77da19779558c42aeb871e1e7003055465dca12a8e462ee4befc47|94
3858|394b28dfe52e72bd775ec1f9040a8aa574e62d01737423b3577c3474369a1bf9|200
3859|5f202cd6692527330ea87e8e16d7557f3f9e48739ef0cf3a80aed1f01584aee4|220
3860|fa883b313734a283eb3829f9ad3a2a305c1e1cbd18d61b938bc0cc3743446370|232
3861|92346e73be09a3796dc45673c332b9b7db7085223ffb9f113e0f7a4aef5a4bc5|220
3862|222c74f50d374c65f317942dc8086ff2c2aec09457d15dd308a523a635cee958|220
3863|4c7a1ed22cfc267854ba4de7540cff677ee885b641c863d1b2d60c6a9b5f9e00|186
3864|90f9ab71702eca44b8491aab540a6dc799d05cb122429dc2be3b5db7bbe146c2|132
3865|78d8b2b8c41425a8b3a79f54e2295bb07b674a824fc029c46e9e14ce83b5d7da|220
3866|95af78f48e60d59d337130fb47d67d09bf619934b8e2b63ac47c661f9cc549fb|168
3867|d845f53aaf77c1fdcd9c2ad6622487c1021bccc415031e50b0a24271cdccab31|218
3868|90a7a6d0c92fd6c6f1613d102669e388781d22e7db49098fc2eaf55a88f12840|204
3869|85a4c88b70fe54ff59a848b1269b7a617836372d8a1dca27d8cc53f1cce78d16|290
3870|78e2360b9580ddeafbbb5219f9709df96fba421f4a94c0f5c0344d67afd96b01|118
3871|edadb15aba24aa363e85ce8967f3c9c35bb64b297054b7bbf73cbdf28fa8f397|122
3872|d023b7969bd03cfc4426f147034941356b87315ceb61713e2f61e1bf5ce6e870|164
3873|651a517a006b596741c9f7df2433615b08d5128a64fb01d1bc6141e1acd1af48|220
3874|a9c55e0a773f43b35ac288e477ba915127247a757accd4612b164df9fb521acb|220
3875|bbf9fd016a6e088246a5c5abdc7bfd8f1ae34d533b85c05d37d21f28685e116c|202
3876|5085971f265cfc16643864223e6621174d91a1e580c8e3c07af1dd3998a41366|220
3877|9b510a0b58110669b52d01c1b1ee2b3ae4ad29176b540dddb24f8a77c7fca7f5|220
3878|0fa4fcf25cbacb45816ced4d18f8b0c92bd68c6856e376f3ea5974ba30c68a62|290
3879|01914da70bb950b171d7cec18a2a646091d243415d4487a97aafacb1fc6ed770|130
3880|d687e4f36146277206267e150125ce1573fd030f84fe16ade9826b2dd49fe3d1|220
3881|ba86926bc4c586f78c7da3deea3a3b8de97d852125b7cf4131edf1b2c1d5de9f|122
3882|c3dc126b9c8161302d11729d6b4c083ab23222c12d498fc823f40b5aae3798ee|98
3883|b60a4b4d1c9f737fc0f995948c40dea393ef951a1f95c3a6d4f4f89a20bfb2f6|220
3884|efbd0ddeb464809bd45c41bbb2cb7d081c065259ab18ecf498ad7d9ef41156a8|154
3885|7312d2a77f0c3aeb7559a5588a26a8e22f75bd5bf9bf63300c347ed671e2b131|218
3886|50829684ac0dbdd7e2885bf5554e56281e5448e3b9b46f7a6331a514d7bf2734|220
3887|e09b86766ef09d9a6f8f509390acf10e397a9d1319150a07f572c63b3ea43402|236
3888|71a594f14e0f4cbb6926f127b0ee94cf86b1a7dc1a9f8300db2fcd0d5b075580|48
3889|d1e2812b809f728e59e8f84361ef01e548c31ccc3c7cc0cb96cd04d41d030fe9|220
3890|f594b6dc500f31bb708dae50f20ec52219c5c7482d6aa26949ab7a27833885bb|190
3891|5af815860f5aed72a175222fd7111dcd2cd6876613c26ff069fc88a67ed8c91a|132
3892|c97e5743aeb1fa59c1d04d52ba723824679aef511d74460bf0909147484cd9fb|220
3893|727b8fd10dda2b28b546a8533be7af9c1021d54d86b4e8490d93d8a1e9cc4d0a|132
3894|8186ea2452cf84a1710a3bc46115e0db813b492171e5118aac3994222deb2083|164
3895|0e894ff32f64b4d232811e5d94493e22d1bd8bac24916fcbd1a13d65165bc144|220
3896|05ec2ad564ecc23b408972da69e36aeaa4eeec40054cba283388acfcf4d1c42d|156
3897|3c944691844e04a7ee59d1d21c96441c3f21f256fefd5a2fc48cdbe8c758152b|92
3898|54ca91550bc3465b59d6ab63f7d5cf448c62ba9b543d9746176fb9138c19e177|220
3899|b4c6941e3a3c16d12547c530b7f242d4a32aff546dfd86f1cc41599fa78a9acc|290
3900|c5abdfaf3ab59b62a2950e1bd574e32f375bd28663a99ca43e8e1631e4a95d4e|148
3901|0303e579fb00d579e6211252456e8ff2326c94fd8bf8724f72cf5c8d63b263de|220
3902|8316940052e3eaef207a2d56a789f01cd09a1e425a556d17d7afa31b0e9d26ca|174
3903|6a95c1bdb9ec5a9a2b0c26abe2cd3f51718de19f200dbf713a25208771adbc13|40
3904|ab2ea12fee2959cacb83d817221c0f85b67dc572d8b37ee984b5d2008f0ecf8c|206
3905|c6487854504b36b8dc9b25a57d12890c941ebd21f6e204e0a6ae8d67b6253214|262
3906|e9876aa31d27aaf8fd9e8d593ce969ad9ee4e40d61bdb537e233f8e40918403c|146
3907|409ce6a8fa70739ec4807333ff2fb0ae76bb77d3f1d939031afc54ecbc19fdf4|220
3908|a339c04bf95bec496625a1a200485705b574869090a53f50c48476295a85f7f3|290
3909|49084d7e22670edd393594c5ecec88eaec59c4d983bbcdf22ae8d93b2290f9fe|128
3910|3af966c6ebdf51769cb2bae02552e96522ae4f9007c0b008e95dda208d8c066e|202
3911|9a44bc96dfbe8942ba051e4f32d6aad179e6d8c2389f9d2fe08ab7c2ab8dc06e|236
3912|876d147b527888ba2f59a9da2e6bf95e924a6f67a7c5f5df794975e69a9cd868|74
3913|bd7c0216125069fe35659d1950a7e8abcda06330c27003416064769284902d70|220
3914|32bd3d933d08e099a51cd1f3b41330bcb4a81d86b66c4afbebdb45934c3fe52d|42
3915|edbb364cbab51b3bf21957c130dd6f823f6e41dc739db1b52f202a7bfb0c316a|152
3916|efd643e6654374d719ece474ff9aace701a11bea2d1fff855dd01d253c95ba59|220
3917|595de36950ba7ea9c774958e6e8b8d60aec8f7972d99c795afb7b308d2d3553f|144
3918|ef522a049d978d4180f13a87d89773c36529e7760c527f2868bd22ada6d285a2|98
3919|3a926cc9162ae6e9fba4be701b58c5dde32b10486ea0bc6f37652c90a7e3fe46|220
3920|a3585f96ae143754c6fabc85630bde83e0121bcca0cc85d637fd5fe07a1c49d1|206
3921|6254a357615100c5774933af228bb634f32765db39ff6cf91357f2012ceb970b|150
3922|67293480944c9e0e89234055649084c1263c76e203d970c3db47f12a4d2f7c93|80
3923|e60122ee2af8f98ff9bf13430b91c93ad19c821723e9853ea3fa61fefbba083d|290
3924|e0350b5d877342f8187763a6c41f07a5b92d9393e53e61f60d8d885c1bafa6ea|80
3925|c24dcfb62c5d2ea8d2b8bae655bcca1302dbce8b6343d69b949b17e36895ad7f|220
3926|fc0d35fa08691fa40e2704140e4292cf53e383a41d594d4cc7a3bd49675ef0e2|290
3927|972ad4d1c784fafb4dbd9ef6919c214ec42bc2965fcb2dfcc1ad2386b28830c7|104
3928|ca0bbb1d4128576dec3592c23948a0478502e8075bdf3d544f9f5de137b012d9|220
3929|d89748ebadcbb630d70f495520f8647c6da0feb451a09d481a81052b8a2fea42|98
3930|06d515dc2bae706076bdbddbf8fcbe1f6a023b3b31374221bfba217f55e14989|84
3931|b0082d85aede4730dda04f3c00e580d0112c7c81048fe91e877be864c25c177b|220
3932|e99953ecb4933681937d20ee30be19748e84362d1e932834701e9c60b85c6a4b|244
3933|a427eed2f827cd944c280b99b44235eae65fd1ab3eacd60dc5775fa481264204|196
3934|3292f57178719099a9eaeede502be46b1c43cc5237b9ab4b8e18a72884df94aa|220
3935|85fcef26950534b57b2228f653ac76761cd4486fcc9cf30a85d4e080f0155be6|246
3936|29e91245d39471b5bb0a86ed5c6fe067ef4de64442cb940cb6d21a9940b0f2e8|78
3937|bb21680c1c4668c3bc76f97fdcff6f2a829066c68fb1265abba3baef5467d6b9|220
3938|b263d52481a30c493e88d171909f9b9c2cda7e95e571c3562a0277b703322e2b|250
3939|1b4d2b687a5a2eab5ecaef3aa7f5f22eecffc330a6fe7768b901119e5836fb96|144
3940|0abad5023f43f21a71d6b9a98d09cc41b770e5f1bedab22577e3020fe2e95051|220
3941|ce425f054fc436ad31da5d084d1c84cc975368939782f24f0f20dffd3ca88ebf|290
3942|45a2a6a2a80924abeaf1dbafd9497e9431d0ccf9914193fa8fc5f2884b8091e0|214
3943|e98e66ab536f14f0c18063a706606ace5c1b59af63b18c55c60ca568bdc5ba9b|140
3944|d9ccb3d897887595877f808e3804e09ea0c06905b074c374eb27f8337f6126a4|246
3945|949dc9d14ac7049d03d5e6caa901ed546851d12d3581b5fc1cc5db3216f853ae|188
3946|042a29e0ced4a5bf5bf402e9c85cf602b14d0f73ed66c41312642a661d510510|220
3947|6ad762a2ae05709dab8d3b5f1327ddb0ebdca20bc49559b72f493d1966235323|290
3948|0388e835c2a8a42af2ee44068f66844d03bb2ecdbe96fd91327e65f3eb7e350c|38
3949|1f8912a0f795b94cad3b3331278fdbc14f2b03ee39e7d12ff7b87f87caaedfd1|220
3950|bca74cde63659398017cf4190ac91cb1b186447d88202857dd1042858b486a72|234
3951|bbc74db492c97a58a03debb12e3d88a0b1f007042e89e9a7d3d4d7103ec1640a|146
3952|5cfbe675ef596501aa624eb1c45419570204ea8d94b4d440772b2c3a5cb009b7|220
3953|45e06fa5a73432824021b31a702d705a1bb2012b97af63de2bf4b373ee76ecf3|236
3954|dc8a8b77e8f0eaac87de1f163c3b9629ac73e2b484c98512e4a5770c788129e0|204
3955|d6c99456ae408b27bae11dd26136c29fc2db2d67f19eed91068eeb8dd5fcf0b1|220
3956|f447d649e2927ba6b8f0a772148e76ca5cca0e7321dcd38920f314e7486ff93a|148
3957|4de4084ce11bde597764b23cce167c2ad2e1805be667df8ff9b0716b7732b1ae|212
3958|686df0f859652054861cd2c13d0f50cb51f6d7289514b07de60765255e150e36|220
3959|38728ad89f787e5151b98b5aacddbbf1737613a48a04c79bd60023a81ae6cb82|246
3960|eecc0f6c2dd8179585472e4502063aeca5006422a434bbd6757d9e9888f2ea80|160
3961|44ad31dd07e15631ed029b52aa0e2355753a020284ff7a33496dd161e77502a7|220
3962|de80bf5d690f6ddd11310106da27210d6dea540c2bc8b7cd35576e44a6323c90|170
3963|9e6e5853e846cd9d8ffdee43c05ec67f21e00b8e07924dc1ba6f029f2f35f93b|172
3964|9c998dfd0abf4b7200102236cdf835e88125b33cd81ef6dda4ca352849a6619f|220
3965|bfdfc68415ca37485e00b5a4470bfd9a7211bfb49c08c0cb274806bc5d34bb44|218
3966|1fad06b7243a3bfc6320220f6efb7ced99c325616157813082e7c00319c02db1|140
3967|298b68fdd1378589f68d36cdcb3ec1fcd6803b06416b768e83b190c6f9132ebb|220
3968|ebbd4ec1f9da30597cbca4bec2be38b95eb6e54beb1984f6a8bb267ddd427df2|290
3969|e2e06e5ae500fa64213478b9bb5610ec9b8f6122a2eecc4d938727e94a2f5514|184
3970|8a5ad47e3c3ce6a47d03ec13dfe3e4f2d5cb77b840acc9319cda60c6d19526c1|220
3971|3ade124d44ccc3abd1d0b1fef266fc9aa7ac92f6b379697d1fa2daa5f3962dac|290
3972|482c7184d30058bd9d800e66a5f824fb49d8bbf5362c5282b9c940addd5dc475|128
3973|a5e006f9fd20a5819bacc6b9b41eddf62f8c8881ba6a2feebf5e0d20af94d9cc|220
3974|e29441c5fc24cd41d85dcf32c49dc000e597e398e2f8cb76d2493dbbdb9db9ce|204
3975|948d5382e9729149676f312fefe7b1771cd82d10cae87a60211d688a7a6db243|106
3976|d545d06f811e4c73432da1d53ac3726cfa8ae1eaed2d57bf7439b7ee35fa8ce7|220
3977|244a94a4f82e496b29b0947114f5b167fae8392bacc440a0f3e827d63b7555d3|290
3978|525164c9dc1c3c32a41872d137028d4e618f659fc3ad3c3a9c684526fc4f11c7|180
3979|c290ed9be2763dd5bb7f6cc60d970aea3dfdc18ddefb45af0e7b51d5fcdebcff|220
3980|a6eccdcf05ea99f8592d1f5ce7c9845a737e639c123c46c2d0a7a18f89fcdd1f|250
3981|8c07ea633f961b46db5a4db63a386a403502a46c14047469aa6c50724e16f834|158
3982|9b0b1ca1072029e004fd2478da4a6b29cb385dcea7950e98addd3506632d2339|220
3983|917dc2602cb31a6d3f3237212379c094a2818af7c968d34551a73ae48ae621b1|150
3984|1ea64620a576a20544741389907640d4c48b479d678edddf0219aa40f7454db3|94
3985|ce6b6ef7b1962067b12ace81bcb4730779e474478f7dc891ed0f65e7f6f8fb67|220
3986|a1c0fee6c7ef78e12332b56c6df37252b6392d236cc6fe88e8446decfe2cd068|162
3987|d529dafc3e66f16968faf65ab7fc881285e1175f2aa991a8a1480d43ce719508|220
3988|b994bd46cc1d01dc0bb4caa9b1c71d88f6f677ae433c38f69d9c7c604b6c150b|220
3989|63f5990cbc10282d77ce718b9dcce8b7ca85b55662c5e95fa116908431396cf2|186
3990|f8682cc547d314bd7b70e7fac3103ef5a0b544dbd330cab589db616d7f38c5cc|122
3991|21d9dbd260c756ca1958c48832de67764f0f0449022d62c0bc23e47474f6f410|220
3992|9d5ab519ea32ed4e614b8700b6eacb00a2ada8e8d846d388da3368893d5f57e2|140
3993|ee671447cab047b1d5f538022df294dc604e90d6e7f4c4167b60e6aed31d2e07|220
3994|e17d941c2f1338d75a70c5e7c186e912339f95400155b80ed04c24ba164d2600|220
3995|9e9b4cfcfd0272f3b8aed16ad84d26c1d286e4aec50012823470ca25968e85ef|228
3996|59fe256cd88058fd2de0c39b889bc4a477c46ffa26b51099699b0d477ceb9064|168
3997|70baa51fd54ed255e5f61231b5da44e8c86b0cbdf48d7f19ea562856fec162d6|220
3998|053b7a57912b44e78200ce5e8ea9a81d83f5562e757f05f7f7d26fb2070f979e|222
3999|f18eed05d04863c4a8e6bffab49a34b434d8e71868299eb8de2df550fc81fe7a|128
4000|904876aaca4114b2573a2e2e6ce055b9c65a3326ed4bd6f98ab50529e4c1cb92|220
4001|2132abff87f0c12cd98484a3534f97cd8c47b9e7e5690695a7d06766544fc0a2|178
4002|b70bf5995ae7dc15ee36055f56013631501f2d84e4e71985f80102df3f1ec4fc|182
4003|3fb392325e40f4f5f96c96c44ce973544f86d6b24ada6545fdbc30a53d3e2ba7|220
4004|cc2d4f1d3dca1f9ac0e5185ef686f77ba2a5d7add06b273a422e6f85d50644b9|140
4005|6f8b793fd690c529a28f4b135fa85bde0b7892dd4e1752db8f72dea4dcdf2a9f|146
4006|3e0b95b21d8c0395b364178d12103669083d51883356449f1608e1789444a554|220
4007|7cfe992c4131a65c5e355bc9aab3088a47e12f53c71627dfb7760e43d4387a2e|78
4008|a64e7c2567aeb3e977ff6df48b592aad7f51f94fd5b0fc1ec8765322c7b42cbe|150
4009|6e6f1cef23138cdc83e3779e0d58afea9719eee2c97cf8cdfb6b1eda9ccbe022|220
4010|1c9319031a72c0cc0ad282924cbbce91b9dce4d2c00e9fbce92ad49e84ed45b5|194
4011|e34f588e817e474628f53b3e5048c9a838a59c55685c31060eceaf1702695bf2|220
4012|2a26c4e1f02d12c40ba320c9fc472753c4bf52909bc688e9c09c857f9b6ce52d|220
4013|bfe3dee46c446fb79a5e190c75624ad49821ad0b0847ccdd44c8ba069060bfd4|138
4014|c1248e4cbf224f20a1e563c65f3ceea367126633f6efedfd0f8bcc7fddf7adb6|132
4015|c5c2d92168e7eedaf7a9c5ef6bd130cad6d650d7435c188e978a4745f26a0b26|166
4016|4bcafefc8fa6fae7553647ddd1f29d1dbe310f382dd37e0cc122cc7ef82972d9|286
4017|1aa9018ae6d0bf9e3a3fecbd1008ede48caf7031094447e3e5e9ddd255df6e59|180
4018|1e6830550aa26f4498337c7ced8ad4a2773b9433dc4445b9f7ccd94032fde774|220
4019|c11fbe20d3014cc2e35435cc14da3d383ccc59c32fbd2d8c1db0a5e924b901bf|150
4020|8e1cf6cbbaffac30b3d1749125fd9ed9cfe193b42a1a3b7249aadbab7476e219|216
4021|b2090447065211a19fc788bff40167bea29b436858705f51a9e2979f53eb0fad|220
4022|9411252227ebecfbc715e01f88b295b1c52484d78edf0dd3815fcd91ed29adc9|268
4023|81c848f38f6785bd824252b220b3f837eb05ecfb99bc6167ca46a6f4851ae74e|148
4024|0d4ff72bd4bb4cbde7d87c87e4d48ab485644bbce913f96e10b22c144b463aed|202
4025|ed59f8cb0c4d1ad551b985dfd5624c8e06a3f184ad0e08d7df7e42160390ee70|236
4026|61e0b1f825690a16a7b3d6e19ebf7d92c453f91e546f6aadfef0fd75e20ad311|212
4027|24c70c0f856690687bdd8965b32460082b8fee6f72dc4ee14f92e5d1338f93d1|220
4028|55cfacd853ecbe69345c67a67e53833c0f38cf09ace9535f1b063fa4ec087107|178
4029|5ce3cb3d84cd77f1ba734b5cb26a4655eee81ce1517544a67f2c0f6d2dab4322|76
4030|e3cf1dac9fcd7fab07a166de5a6efda68b33016475d18e1a387fa86b722f2085|178
4031|647542ecb99cce1c58e9b694b61c8dab41dbf62e1bdabb510beff7a4d934bb6c|220
4032|b2fe51c05b54eda40fd34a4802c9bb903738bf1b7b7c472e302ba2d80aab5172|186
4033|857672c11e696e6cf66932e8905f758f09ec0b467b1c9d380ffebbd2ea4e9f5a|220
4034|8720374165d923afc0082c3d81dd3ff405c774e4d95cbb4aa833da0462de3232|92
4035|068c1cd05891947a9c154a8164ef67b07ca6740c4519dac9b5675f3e1d8c0765|208
4036|025d8c2a41ddd0cd2ee072974f0312ed1f316f462f06aba61c1aa93b4ec60760|150
4037|0f5bdc012c19084c0e401a56400af53fb962a33cbc907861a49c73cf85f0668c|250
4038|44a57f2967f9ba98d899c48b7901884fa9939283686ae522e7b504b7f752918e|78
4039|6ec3a611045e5e3f7c16a55b5098038af894c88078af12037703ba629622697a|220
4040|cd4c493082856174a6da4c96063bc346032c1cf80ca1abe6d6bf235242d43bd1|290
4041|a7deb2ace3075c2067eab380be6af6f786fbfd1f414fa1b988ebd4695d294b00|194
4042|abe1f18749d180bca32910ae2e9913f2c9ee697f4352030276a6cb4d23b56e3f|220
4043|9123d82f9c54d9cd3bb0f9718780710b6fd06411677d4658a2945e961dee676c|210
4044|4e86aa1d58fbdd41abb039183cef99dd7a5913a05e718f50a4871060b6fad931|202
4045|c4c8de9bbd13071a68e47d01795ef5468bc2244c49c1ba217aaec6f5f865d628|202
4046|8a5c366710bf1c9ec2809e29f48a09826c583774f7c6ec4bf9765778623c7b7c|96
4047|f2519e83d466cab189fba8e26f3ad9389dbac713ac028ffaff077e1459dc2f45|168
4048|ad473f539890af1a9dc4eeeb7f9efa57a99afaf5605fea2da5d8891eadbb7db1|220
4049|07803c09c69d495cc05060be5c4fc55d49cfb2eb4f6dc92391a4cc0728f3a1c0|290
4050|22a44fd05a95af6b6d35a77cbbd1898881eaa30a54586231b9819bcb2cd923f3|220
4051|d2f15418f0d06c7ac3814f291f3ce8505c16014d4a73d24a3c4045f1dc3eccd0|218
4052|9c270ef1bcf91efff4a7e9121db293ae2e92f2ac1bb660e178c7c88dd176dc09|194
4053|8e2589fe67858339c4c440de1616f25dbb47d3f89a7790e1592009c81d6f1ea0|204
4054|a4625394e98eca92eab509f7e6ec1cafccb960d6725d1a6280a302e2acdba940|214
4055|8fed004bc5681b9c97cc098b8cc0a39a7f84c1a16d420cf46f86bb619cf2e7eb|282
4056|6254c03228abfb15b477de7f80ee99e635bbca7bd8a1e6de759e0fb9ea2dba00|122
4057|460bc7eadcaa42c53cce99d988b9f58403c4d39569ad41ea1958d7b7c77db858|220
4058|30e7861518961da290b13e1a1de10b80ed1b1735b6bde7394cec0db2cb36d19b|290
4059|60b9d3fab8a86c1ec09925cacb4616dd9b11414e184e7d443f420b68ad251a47|170
4060|7f17c77e254f45c13c88bf7b42d4c0d24090aad3dc4c8d3f4d012b13aa8573b9|210
4061|c57955cd05461d19fc699f48abbac155761642a8f6900593d38fc396729d22fb|174
4062|37bb2468747e7b6e25b1b60072874f57758b74075da5f2caadd58fd0ce05b1f8|172
4063|d834b8c5f5e1fd35a8347f450ec870896ea25e7ea64ba9900a826dee9d3fd0cf|220
4064|15834dbd2462c675a189c955b22364baf157aa05755bc730315d41467e00ca44|290
4065|7bdc13a9d8c0c846eca249191187d9a547bc2250001d8f49a15c24ecc144196b|132
4066|01df281407f41ed4f432bba58c17e7b98005e3d2726da1fda1ef0b78fa5d11e6|220
4067|5b5ae6c9131920354ba88447cc2fceca13a65c74adf5907646f08672a9191f4e|158
4068|e813b75ce62a20cc3a1a5c773c234a0a922dc12acd6bb5d4f0d4acaf9d65633d|140
4069|a701e7934d0b7886243dc5ef5cd734107352ea30f17ff3792750cf9f2fbc2d14|220
4070|70ed7c16c483f9d9968564710264a55acba10943e6c0034fb0ced5681ae3c933|162
4071|96f7066b5974fa700692654ecc5d6868bc99c42cea52322fa26156c7d849f3df|102
4072|01671a7504c494d75cf2478a35289b3e9508b0d0d84847c0e0ec16cd734d6f2e|220
4073|90346265c9ae1fe1862be8ba4bfd9a91a4660cbdac5628869617380685d42304|120
4074|493bbc6c90a451a34e304c88426a71d1e954c713835c4499940158ea448e0313|158
4075|705ed59d296a7c2414c7a5e86c8bfedcb152d715b06236bb4d20d58cfb313c1d|220
4076|59706baafa2c9ee948a66cb8203b93c0793540efd46bfef26004ed853a55f53b|218
4077|5c29f3cf5327ee31768aa7dbaad830a9add456f7cd64f75df271c5f70088375d|122
4078|a3c829f83efbee77ba563fcc41a0194c3122152fff11ab0da68452dc06747e33|166
4079|2d6e72f21bfd80b735f7aeef66097729a2823f09da174d635388e5adfff09122|212
4080|0deaed7b1df2f2d4e11991048816e05df4824314e8980f74a88ead7e4e130393|216
4081|5c608e6ab6399c44e89a8150e94b5167ee182a9f0f8173f1c1cd675b86243bab|220
4082|f4bcc62eed4a8f7ad983dd1af1e324e51ab677f6ab36d652a7f8b72e5294b15b|216
4083|704bc99518b5d3ac469e44c6d5207d2e5923c1fc475606fd6dbec23aca90ff21|122
4084|195d14fd8040f2e1e54ae6b72e2f7e2edbbb4e085d63ef926a90156d7728b31e|220
4085|14046d37db3f144c3b4165b1a265c11bfdc4a8e34259de4e2d373c409ec70394|256
4086|a4fde8c4fbd50ad44fec502ce2cb5aff2fab47fd141a9ad4534464ffa2a58f7a|220
4087|a36f7177dd2073bf2e02feb69466157e355b7c4ee918586c151fd2f549b5615e|220
4088|bcafe0422e46b439065a0ad51761c8965a31b93408f1054e0ba834d72bfe82fc|86
4089|32ca4577541ca7a65f273ea2d5b36def1f0753ddddfc3a4e464278198cdfd00e|122
4090|78064a5868a5cdae827da79a24455dafb50467d3413da484e17d65955ae8ac03|150
4091|7fe61bfadddc722e453530ed0df28a50d5f654a7ebbee61a25641b957e457f82|146
4092|cf47a73db77a85bc893d4f4e673ca93608847ce31f92a8a943963114f734af71|220
4093|8c4d0397a2f32026595a2eb2febcf2b41f9c42134454d9c18fa312d2cc031442|200
4094|1475dec2f62dff6e5b592fb4f8e3762ed3dbd155886d8e3ac2796bf43ce89846|120
4095|e91f69bfabeec448b98e5484b1eaf9ada45fa463f52e2a754db1b90114236a8b|184
4096|b860f3c8a7ed8a4c0a72cd4e1499b7a189df4ac1a9a22338ea68489c171f5818|220
4097|bb6ad93eb57c96c751a05f31eea362909adc329c78442a57f2b26b27cc114559|258
4098|69aa73088f51b8b880da5491a4ad8a8ba828411eb058cd5168300567f29314f8|132
4099|64ae10fd9634d32cacf5c895e6aeceb99e8e74721f7e97d5a37dc52fd5116ea3|220
4100|4b68c06e3bcc7f7722b85c7e4ff4736997a3b4ef4cc2053aa5e1842720479408|214
4101|71970157e295da52f3e9a70baf29f834c44ef02a82065922ade38c09646b2be2|78
4102|03398360a19991899787293496d0e89a4f458dbd3b8b375dd263ab86f9cb7c41|220
4103|353c55c9efe82b410df4ff5116d49391243cee91b57302b597aa6d6d25889f47|224
4104|32b693f07b0ec2a2abb412154df842dffb8c4b1d7e021c36ff77c332aa8af893|220
4105|9ed866c22f43a8d38f70bac6b92288c5dca2c8ee17eafc17011b2e4505f9860d|220
4106|8964594953887492bc89ebc7d84878135cf51ab9f092b8d3235c4cf0363b30f7|290
4107|a436ed4dac84c59918385d9a59abf17de4b76638e04a47a53456fb6a4d330fdc|186
4108|fa172a64c6510a0b3c51f59b061d04e5952af0bec5777e65e8d8049971392072|220
4109|b9c2af6ef957b42b0fb89234e69345ce0dfee8668fa3827fa5734c74a8e6b75f|234
4110|5e2fcfd689b450d9002ad48ceb32bef0a127f4de7a3e908a875d4d8373bb90e1|128
4111|873243b81114a91bfb80ad46d6446c1985df48f2f31a30f9d09599c10df7fabf|220
4112|17200e9bfc19107604811d9a20368d029cd9564d530ec32483d415d7b3f6d907|276
4113|84ccb7d71df47f1dbeed4def7b92e2cc51fb4d8bf4d1f58d9746c1c45ef94764|142
4114|98f563078ab4595d66519b5e4b5314e8917a1d8496036640590d5b4fd694505e|220
4115|e95b6e110fc8058049dfa80391c1647e2c025ce3eb21088a4f640c044b4ae55f|210
4116|61b26f58439497987eacead33e7ba9eddd05ee1eaa0a1e3ebab49202c99d50ca|188
4117|b93c615047342c102586028fcf0f088026773d3d9dd4e55568c93506e80a61ff|220
4118|17d08bbdf181e2bf5fc9fc0dc525e93a4766fe5853464090bf3628f28e3b0ce4|270
4119|ef757984be891f02591578405ecdc8775c115174a836ad21be048a3d8a478bc1|220
4120|9c2ffee6135181149d69f3b53344759013f571695f26dd00e40f18a3c2b61fc1|220
4121|a19aa13362cbd91f2168465173b730e1ac2a408b44e889ec5c41a97e2ad2456f|232
4122|385b175700e1e7f0caf5dacbe6c2758c6d4c8a41c0801c174e2007861e829b60|72
4123|6f43fa8b02323f2cee938754d99331d319f20abb2af941f70138144828fb16a4|202
4124|fcbe1f7481b25b9aa32ac6f0e8aa47c3fcf11f989105c10682b26a78e9a27ae7|242
4125|08d075c2bd996d9df98db74d3fcad8c99e477c2b786516ac5b86130e6d0a5596|108
4126|adc30fe82c0e29f1959c5404ee19ed6b6a910bc1e94012ec4df20565f7beed66|220
4127|5adf3504be15ca506c4e84d525185d5c2908bdffdd98e2b52df3c7bd41f3f2fa|238
4128|2e0fe122fbea24e4fc3a1acfdfd845bc1ce89d2444c310e0f4a4bbc648f6e05e|220
4129|273280af13e482c18d3298a6ef1e7c98e35574e20775921fc6677d21a1ca7e87|220
4130|8fb5bf5a024852c28f1c7eb62c9946f770b98225b7c297534428f16e23511ddf|232
4131|2798f236bd5b7791aac9aa2f4a6f4c637c481063bee329c5bce313891f497468|120
4132|2ce48eb83d7805990f8bfca0e308780b24706c6a0fe8e95f43eaba5c345b1a93|220
4133|0f4f2844bb2ec9f0248e6255769b98b01ddc9a54183f93eeb499c6d7283f3c8d|286
4134|6d80f075aa8326eab9b3fe9835339cd3533b7c5b7c58d5d992ec5641dac7f7cf|152
4135|ba3813d997ec9ee26485b5887506f2160a26d6253e3482cb74e068f191e61eef|220
4136|e16c1b12bd89454823d68cbcbce59ec1dc36ce40fba589c12b21cb51876e8937|210
4137|dc2bef18044ab22f6d768a6d995987745370ce0cbd4d28be51cad3276e7fb4bc|122
4138|4317699403d1651ed4eb8b090d54fdd376167f43e018f19a4f4079a66a4e36eb|220
4139|20a51d368244203a2d107c50ec44bf8016b05698af3db17c3d2d93a05c504f36|250
4140|824784225fa0d6840805c80bbfc9f0cc7a543921089ad9411368105baf65fbe6|158
4141|d239e98880e3e1e7f382f50f5e57d65ec7f885445009ab739cf2283f6a36a7dd|220
4142|d7031512b903382a82a593173e008a01754a1a760e8e60542d70fea5d9bab03d|218
4143|a6577dada3af8251c87d028ef4ff91b0396a9470cbf37aed624eb1ee3428a50f|148
4144|2581376ac489ebcea798b50d7f04db50ad022ff6f03f5a4b02a1ccb02933dd1e|220
4145|f9c147ff66be6abd4ada8c4a06896f360e6351f40e8c870ec84f70bc6ba949bc|174
4146|5ac26558e5cafaee073220c2764728fd53e6460df5e22b32d044ef7cd98fecc8|198
4147|d548a03997a64b2db4a71ba3229772922adfdeca30c133b664af1cc83697336a|220
4148|2822cef4029105baf9cd373145b427e35c2fc4d2028a1f3c0233771d5eba5b19|250
4149|9c5695d742e79c9d78ee1f6d5f6dfa2957a29245b7d7ab73303201657c191fed|204
4150|83cd2279c128663c5c7a0bc04f374ca34be94570792dc730ca6769f73104ba69|220
4151|e41414eb36af7994569c909745cf408b2ea92c9cee11c90ce66cf8d38e2afbac|228
4152|b3ee993ed9790a4c3ddd050db1c4ceb331b9c36428a85585866a99f6744e9701|186
4153|457e525ecd905c62412bfeca23537461454d769448ffd72f0552cf97754a644a|182
4154|c9934b9c4661bf6136b6912732e21a09bc7f766b37c7b0347f7c2c67f5770f36|290
4155|5699a81cc70f6e326e55807a8a78cb18008610dfd3ce288c38f18f4f409c3f40|110
4156|50891a3f0de796c91c280d48552e8583bdf4db0fd566ac2bc89f957695e2c7c3|220
4157|11b3a7e62542df08baadb33941196afaa55782825d547bf087573d5a48a1a481|290
4158|dbc39c601c4fce603f2271f54c9eb8f88eeeefb7c81209fd8ae5a5fdb35354e4|188
4159|941ddf4e8d88e84474937e0d45400ee510bd48c427d56224384d192170f74111|170
4160|80d081a6d5dccf2dad1b974c2b3b0c90beccf2a68dabf8f8f663bd1d52c17696|254
4161|a88181508c755ae79381eca5f6d384e15e99196cfe797173457344d82bae9fdb|156
4162|c7a34a07a6fcc4decdd39df2edd99c8e19bdc57051eda3f6b97c109c33c9400c|214
4163|1fcfefd140f3999db4d4d6c730a79d1da00c297bb097cd780d8f5123ad176fa9|156
4164|f00fb425fb820b27af4de4b681f874d040abdb67dc08771bd3a71768c9cefdb3|98
4165|e1c987604bd0b4f8ab2466894c69a1eb41ecace40f93c76a9d9969eb76692392|220
4166|63983b0e66df35d669938f4b8252078a2927ec96994dc9d5f9fc6c0a5850dec1|140
4167|7c96079be85832b5aa0ba6ca3e84ff00ce539e62a115cfde7cf1aeab6e69760e|220
4168|f113734890efdfe68b5053ac5a90245d2e2e249965b6ddbb594c312250e02c96|220
4169|4b5761e7ad8b5fd676c57f224d268ffc1b294d8c7bee6c73e162499d12abc4a2|174
4170|ef12e63690186c2c03efcc10c1d88581573b3d6d565a3c89b71119afb3f394e8|72
4171|db1baf7733b6e0be3db7a2d4b56425f4902ac66d77dbc1165385805eda976c34|196
4172|d87c6eb9f0b9634d42785cab36f9a5fa36454ed1a3cf57aa01c2a64c7312095e|186
4173|c8d305bdf3f881e299dc30e0a17084dd518ee0876fbf94234cfc829fe64f0fd9|216
4174|b08d93e3d4fed9abab5188a9bec46bb556dc1927869b0ef5f1775f0b3f590da6|220
4175|060fc24c3e2d1eb80cc4fd0fe785cf4b2a78404e3b78c8809db96736abaecaa2|290
4176|cb45c146d46fe676aec2792b586a4ed3a67770002bf2daf754b86bd443464cbd|84
4177|ccc5b28d0180241f938eaeddad95f214f8a6a4e29005dc83d50ffc9d2d364886|220
4178|9caccc1b6474a7c25c7c57ccf2e582bb39eb1424df9434bb6f2299f9cedddf24|202
4179|3e13793859e871d925daee523fbe2f773fa89fa4016d4357865f0b925e4eaa04|160
4180|ad8a01e79cbaf1a2da650b36b34c5b5d3602c8c8f5d4d1709af4718374a4cddc|220
4181|96199991db2610b2dd288285b59e7ff0d6d936e3433a69620b8084263d8a548f|126
4182|8f41266610cc081b67736d5ec955eed3fdddbd11ab7d911d3345407466aa064e|178
4183|fefb1937ece37a8f4afe9750e8a3409f68818a7fe3a5d3595b76bb01388b802d|220
4184|956cb4cc9e147449f013e343d6306799c8e75dc674f5a535def0151013c238a7|290
4185|6678ebe374ca492ac295b883802437b809a2da0c92aff1f6208aae3e69165494|210
4186|24531bca169044ecb536184bb4ab09671011c8aa3e2507ee84d1b8fc3a9a0235|220
4187|cd2196820e6d1b66c62382fe7d5bd6ec0555f0e6daf735550ab18337ce93b860|48
4188|60366aa46c11693a754a10e68223eff55bf392f2c5c98ab554f298d60b6a949e|138
4189|4b3a017008f0c3e50a291e8d9fc6633510b8301bb971448a2c869f327a009ba7|220
4190|6521ae212994230b7e7c3cf8c21d928fcc01ab587ef8ce6cf9805c603284b568|184
4191|9b61c3e4333ab943a611d2b1feb8f0ef3c90d446c7a2737764ffa5d062b9c1ff|206
4192|c5ee1297f7b4db4d52576b9e6501641891590e4b936b157351925b2948541ed2|220
4193|23bbd17d8bc354c3b69c49fe15c5070bae54d7e0366cde7011cc44f71b9ad462|190
4194|14b2aa8967f9420e544cbe041343fb76f9851f7eece5c8f800cc135d0a421465|158
4195|889635a9838ad22cc702ee176477e8d5076c7b932e7b1cfd2cd061d346cce33b|220
4196|68955a1b0e25c85ceacb6aebcf1fa936072368fe80bf634f55b2ae080fbd7506|206
4197|fb59adae48aa88f1a0bbdc6fc996d0caa1fbeb9961d61126e6dbd2d7fbaecc0d|92
4198|4f0e328aed0282931b5215360bc454e661afe66315530ce024299f7ca9c50076|220
4199|5f560feea96549471ea3a822315c6c7f1012862112ef8476b94c549873fa4d18|250
4200|9f0d46c00feac4eb2dff38d2a073d04606da8e85da74da165686851a1d158130|190
4201|1fad4f1964ac5a524cbfe2b8316c0473d9196ab5a5d292ed284ac1245ff4569c|168
4202|a82b19a2ad4dafd4b74500570286461fb266fecba1d282a3247d4d455d45a386|290
4203|6a0f4413f151d994699c18366ee6362c86004a80e847b8fb4e00a27044fb6670|220
4204|ff1452ca69cca8d0dec341eadb778cea568d65f34a0fbada15191343651a3314|176
4205|fc446e8ba318ef14f8ca6f07d231dc37fc7084ea958ba885456ea1446f47e76d|92
4206|35c5e6d46599be39de22c4b7d1a82073c6cb155b5d92e4f7b314b51f36b971f5|190
4207|9c2910ece6fd0ea142063596a7409e9ca7571753ecdb099fde21a3cb5a14fb59|140
4208|91b7cd7264fb62354acef333d0273965ffc941988bda406ca6f4c5130aa5924f|290
4209|d0d9551ce049520cc9b234b4e08dec6be2ce08fd312478a503de25c253b25fc8|86
4210|9a2af773fcb22b171efed3582d72e40231cd91cf96e910f3e713019bce14b274|220
4211|6988cf9a8ed0760824dd15d5c9ef340858c29d4fb818420d8d9be84c2644f176|290
4212|2ffd1bdac8f826ac15ae282c7fb1aa61103f3802cc012f3c0e974aff5b8421a5|166
4213|9a2bcb71371544cd270174bdf7e406c5416072e462746f59416bc3eceed5dfce|220
4214|f1789ff3fe1265b2a54a94c4c0712f3ca4ea80efde29d3e0eaaa50426daed270|172
4215|a48e3e53572e270f2fb898c0c09f42ee7268e625ca6a03ca0ebc9e33ae77d846|186
4216|df357be769f14dfb2a0d4223e09d41ecd8474a8a1285020ef1ae16274ad0ca62|220
4217|48135659ed39c3e2a3d48b0c2f86eb8b6a7da8d674b32b16c9680c94ce6fb52e|214
4218|c35455f85a207bd17a5d09cc378b6e144ed4c5686570fc2f0922de7d2c3c1d8c|138
4219|c223851729a0a9082541298192063609ff0f3c4e5ae056cf2d116a9730fd0ca3|220
4220|439630087b54abe4bfcfd6bded9a340d29bdadabcce37b2310054401fe22b921|290
4221|7829d16368279fac5dbd47521a710afe4fa0454e806b926e478c1b40e3ac6b36|220
4222|018e0e5fb9abdef8f20af6e07074bead8fd207bd98e2161494a56708c9719cd2|220
4223|e63b225a611121b2a9362a7d1db48c47c3c5e1c54301f2f0c37133340d67f9d0|220
4224|96f037daf32536802d78347352306bb47d5e1e1b54ed76f1d4d364f67a0ec900|192
4225|cff3945d5b7b703822be2273c25d5b4ab30a1f9ebba23fd29e0d0146d3168210|220
4226|a4f20c5162fc83438ee50f8c22fbe362b29c2437c761790f66c4c32e8ef02d32|260
4227|4e8192bfcaf9b091e1cfc3432ca7d037930201cff917e4c62fd52e6ccc9e6d38|158
4228|fbe11db9af22adec8a33e9bd26b57cfc9e51f61239f2c2c78ac070429cb83b0c|220
4229|184e8fc635e6be431e97b9fba337b8d746eb02aed814b92ff89dc6e9c624631b|254
4230|33e4bc335800b0f5265e1052bfbf88eb49b1aadfdab5370c80e5c760c4961a70|130
4231|f4d2f15110007ed98324c2ebd23a02cf656cb6aca4602b88e2fc82db726ea62c|220
4232|8078f68b2cdc209bcc14a3ae024b2e90dee0fb75d9a30f8aa4f2e80a5a48e4c9|176
4233|280f0d8cb76a5d17ae282d434d625c7dac4b3b36a86e676a5a97fb49e4d2a298|200
4234|2bf3ab1662c4939ee5e064e80544493797f389287e1ee7b04de5566f13d8503f|190
4235|8d62338d3acc7feb06ea390b754b832b52f5aefe5febe345a0d9155e03c4f20b|192
4236|76db95813d85b23dfecc85a2d487fa367d5f2e79fe51121a67e343e09f01f95d|130
4237|6e19dda971fa4d752c80716150cad06ba13d54af9ee91dcc4461be2d1cbd7765|220
4238|15f1eeb8476541b7f3a50297a7b289bb204583f92c5623143a2970f07461a57a|290
4239|01ef48fe47a29a13044a80676899cf5fec4c8896cd99cd7feda5ac081f6763fc|126
4240|23a348d56f51562aaf0d0e71152367e314a7ffe7bfee6310e4d8951a55b96b51|220
4241|fb895862ccb41f9707c404dec502ce447fd990e38eb6a565fdd49dbf71dd736f|110
4242|cfa3122b03a2421f1c17a77a88c5fc865df8046070e51ebdc7242cb7dee55e14|82
4243|eac6b50cb38e3f1592e56c5626b487d7b68390274c22117f53a5072c4e7ce57b|220
4244|c896744eebcacfaca650f9afa0f50416a7452271a4af08e8c1b871ad58154f4a|238
4245|c11825bfe885ee4f57ac34fdc56761115e5cb304b814a0dc6ea7e5568c882e4a|220
4246|d3e738e27f00f52b7be8f294f1b211f8f65b241c06655f53b140734115f3cc23|220
4247|63bd6cff2153627778cb75860e33616a86eb8c6dd6cdead1127b5d1a047e9869|148
4248|ebce804eae9ef4a498c7a92a15cc56989029eda572bb77e35e3f9e7cc4543ddb|66
4249|f9d05d3aef7dce53de63d83d3dd9a1f16aa8af54e332a00ab1ec5bfcb35bbbd1|220
4250|6b7df0b7e013bd7e866dc8bf780f4f7915e97881a18c358db1b36193483feebc|126
4251|02adabd8619edf9ff4e3431ab212c39c631e3aa6bc12bce4b613f43509e321b3|220
4252|39279b5173f87fd774296e97c0254cc4b314648a0f687f0a88908a22a4d70bbc|220
4253|4cdd8b6ad24487b7ce0753dbd5de89748d86639e0bc3d8db833fc90425ec6054|154
4254|3ebded418b08d6fcfc2251cf78d32d59a92751cf597dcf69dcc307c415efa318|192
4255|77abd70ff5a1991339a7287411de8e7450c673066556aee6a856a5843f59d417|198
4256|c53d4e84a990f36cef1a3257dd042f9a5abe04dfb4a6204a6dca907e32538a29|96
4257|81d7df5f7d317fe77d249566fa46f1a542b0491e4c477b9001442ab0d04382e5|198
4258|a5aab6e789a32efaf373d70890de7735fcd214f86a11a7a7d95e502516a2f78c|220
4259|805aaed732ca5728d36874afc0515c9e212118f4dbf80c20a988edbbe1be6617|124
4260|92df3a1afb72faddfe4e37a75ad04095bf5b28a315f5c5e710b3ad8d01693ffe|220
4261|a1f7a7eb6b41df662dccc7a46042bdc64a284cc8647f44ca48acc86410102426|220
4262|d8be17ac3e56e4b36b1bfa7345812825f913b2a5593874726f293f584b2da685|290
4263|0d13c55702c83a5afa4baa3aefa65033c1fe822dbd5212d7f1927d3af80e622a|184
4264|d449a731c4916a9173cccaabc97e437718cc1b00953362aa5ef0bf021c3232ed|174
4265|bec7dee85cdb0fc2e8fd6c10e272762ca94028314089e806c4853b34341fd07d|192
4266|0e5e35f45c7875c2740a8ca2724fbbde7dbea5fe692bb7c10aed37b9c7fcaaf9|182
4267|821d3890888af9495b5e01ff7cde38ba2eec5a84cb6e03e5d757073522b1f130|220
4268|f60b8fb4df5b31b1b7c416a53a1ee9a1266f6a5c14354e9b04dcf8dcd256d5fd|176
4269|15729f08b2a25ef7de86b64939ee38ebf7053879d0ed6cd77bf61994c64e359d|220
4270|a1228c6462378de9c5cdf4ab2a0adf41ba911c773f0dae5925f87b1a490f7f5f|220
4271|9f0b5501757a7d5cf4251be8be721b4acf47840c6f63b1569e0cb3374c53f59f|174
4272|1a6ba1a0992e0e3917f70939f077230c044d47f08254b52b2d455d4a79907532|166
4273|f4b3d7a6e39e5845927b22f17802a847b021a6cc00db6374bf4ca2a645155e6e|220
4274|aae0452869da50e58b4100d35e1a6a690b0f5ab9b2e4000ff35b6fb70f140d3c|290
4275|c4e54a540c0a50748a7af97b0f97fc817a06f073d41337e0980b0d62719a7311|220
4276|e207a3669b536c4c896994a41a7a03845944e7ae8d1002086ed69de43f6ccadc|220
4277|eff22b4620675dbeb6bbd5eaa79779b4210a64df89f5446d64a0d2f3d4290a3a|166
4278|9ff5af925b117d26e9b67f6964d0fa797ce79d2ae16f65199ed45d15edfed718|218
4279|ec7d129231b280eb633d82e85eb6845303b4e08a0f83de89447bca94d6c3f248|220
4280|13e2fddfda0c29bab037dac650e2a7be0cfb580cff906ad9f8770afba094cca4|262
4281|9c16c22337de6f9d80b0571ceb2301201ea7a0ce12c37c4b0201eba5d38d5e21|220
4282|c51756aa0616a1a4b5117bd6ccb0fbeb3f6498ae1d86205af5372e8f697d3f8f|220
4283|03ff44b7a4283232aab0055c3c03606225eb387f0e9b83cec348f2e9927aa8cb|198
4284|b1c63ca71ed3e40fb1b24ec4909201471b30a8ad499ba3f6e00e55bbfda50801|114
4285|7a840fdb5c586a59fe588d6adb55b0d9e0bfda9874cecb643d16f6ef6a3a06b1|220
4286|6a586f1386df5e5bb60190402b6de3c84aee879ec31abef84cf106413127de38|158
4287|e0001c923aa11e072a17a9fce71bd586187160bf7d661c0c62424cf7a12effff|176
4288|c8daa4d3fd5c6f3e22d4045c8c0f94bd6fc425e385d63bd16ed35b6a07fe0a33|220
4289|c4820c45337f797737d2764f3129fea923d0d37a556690bd53c2d15e441c617b|240
4290|b1fd5aca0c857a16855d4d2385ed21bee887d654c5f73e86590a516a2623ef08|220
4291|d53ffd8316d74ef897a34aec814c64000a7ffca86d69e202d9bb14e173460f6e|200
4292|ae430728392ee51a7e8ba3e778ab7d96be6c80d35b67a17e82d01fce5143d05e|92
4293|b1cd35b7798b171e558f58f1616ff123093d912f2b72346bf32810bbf7d151d0|218
4294|eccf672ecac6438d41df8a0c51742a80961ce739539bbd37d53c4edf877ae9bf|176
4295|539ca0e01ab95f0af43e8b740d9474d671796d4b9ca26c966df10ebc0ee33565|202
4296|b7da9dc808237f8648db1e64e3339122a45d8f8e83ba0a6178e13ead239201a6|58
4297|f02a201dfb98cb4a79ced8cbbec19a66b4de46b162af3ccf0d87b9d32bdab52d|220
4298|49ed882c864c71992725400c45e5fada70d9dea03e1af596b68a8a5e0d57f4a3|194
4299|1f22f5a7a164ed37f7667c84c82f9fc4c65732594f49fd74eefec112c2e96585|68
4300|ec9f48fa1603a36fffcde4cb4d9fc5f45d2a72eb5d3034dedd2de0bca87be03c|220
4301|2db9fdd7670b7146491b6083b0044870d3af4c04cf91db03eb25d3b8bf140753|290
4302|c767e71d0b4da070f06c5074adb71da34817b04ea514ce7d371253f6451d4855|220
4303|6cb2cf812c2e8d9ddedf1d77382021d6608525984c6a4a180efa0216f47e4ae9|220
4304|66ab792af3af61766e9c701df497d38fb6ffb82b543509801f0501a625a5f9a7|212
4305|e9a6a79129d08f4600ea79752b9348210232920823c2343ef0e2cc6582f300b2|190
4306|1dae1c6a2e182819db4d775dc57d208a5711db06062dc1808293b5868f79be05|220
4307|0c02e9b6f10414b7be962271801e191a843383acc4897f6dc5a7b86ef43621ab|290
4308|90279accfcb178560a8a34517b101bec02b63c38bfd44df3448be95c76907736|220
4309|e534bba27ad2dfb9a8ba640eb24956105ab74f1a75fd5420e299ce45d0922b6f|220
4310|bbffae22364b77b94c1b6d7d6c40a4da0c61f56f30fd614a7d4dbc05ffbb30ba|232
4311|df7ea51394ddfc214f9bf00176035645bf0740b88e9d002c8511572eded75079|182
4312|564d0b4d759ee3acc8c148b419fead92462556090395aa31d595278a94943233|170
4313|4d598e798327de06729a3d1ab4559375a656e6d409c6cd012d3441896ae29d40|192
4314|e0b3c922acd1559e87cefe5819bbecfb79f93babaea1c0e0c3eadc68f13854cd|118
4315|ebd4333c313db288148b86c20b2d5b9f990313fb9f8cb69f4d22838e55f0fb2c|220
4316|d47c78ee680464d1e5d239e132802b712cfe9d6a66c65fa9f8587f55afe73a73|200
4317|7b1d9d39b8f7738849e52b261db248205bd6325a35f51ab4895825b90e063b67|178
4318|d1c0161cbf6e04bbc158c12dcb7a42de2dfcba510646673e1afd7f6d99e3e7f2|194
4319|081020c9430900477ec321aa9c6643b1a6fc79bd565ac526f7da6738e52c8b9d|138
4320|e39f89ed7e59e8710b54e927a15f76450b2706ebcbc3515c49fa23d5cc993f4f|54
4321|20e5da1680da4671093dd0a593c0e0a5fb59403752e6eb7f66dfa7f3ce64f864|216
4322|c95ac59a9b576ae25b8eaccb3aa641adad3b67efebea69fbe27a4c7a9f5fb149|286
4323|a0596889bb29cbd097071afc051db1f25f28ed4c4adef9cda0cb9ba32f93f316|160
4324|2584d2c1f3ec0b2fd5bd19bd1eb97b83e766b5a1fa5becaf124a8c96a9cb9ea9|204
4325|6c257ad1afbb265481d1c68196fee5f49788c5b01ee6e943c7cbdd1fd2eaa7a2|242
4326|3303bdac17948a9371b1d754abe2ffeafae6e818f3495d549c4a42b1d57093eb|220
4327|956aec719094d3000ff89e99db1dfa72afbb44cc22222db6d50132e9bfc843fe|188
4328|8af0f2e75dfd5981ca48a720450eab558657d420e2c63000721a54644ba00a1c|290
4329|f574451dc23603d962a432e8851522d011a2d7b6e3a46e4ea8f5d4973fa8acee|96
4330|4818e2a513ba8385b969e19c37cfb792028a2bd5615be3aec0850f3ac632723a|220
4331|8d83e292edbafadc9fd3b011aecf4bb2510ff3e832dc64b34854267c79ca7e29|212
4332|0163641b4ed8c1c56fd0e995d4a71d1023bbb78b02a60025f9461bf7a3593403|202
4333|50fb31bd6d369bd187900ea49d056dc3db23f6b3ade1e6de0a9b0a2a63e63291|220
4334|d150c955c4bda856d52289008433aa03bc37bd8817c4c8894e0e768b14dc77fe|194
4335|ab64c120138dbb33c333f2a1b7b128b69587cfff35c8e03b6540973d4ee5c5e6|220
4336|8536b29cf71b6500f2ff9a837c123e1595ba60b833262d0b882f1501308deaf7|220
4337|dc85dba3115c093159b719eee3df2757d0f5fb1839e062ae22c3a8970cbc5ba1|154
4338|8c8b5cdff4769bab894f31c2f369b049500d76fd9740d6cf3e243c0eae89304f|220
4339|615c652988139268f278f8feb70e9f0197debca6f0d4032ef93a0aaefdd4940f|220
4340|2a120466ae24ce9006c065df97cc46dd51942948bab4aa9a5a0539e874ff154c|156
4341|2b64f639f556f8ec0e21f3d0e34ce72415ab9af26d108463edf7785f70dac84c|66
4342|d8517ecadd97dd6545af1889601384583d6ea9b9b669ad1ac0dba7101c3e750e|220
4343|a9d8faa1d7cbcd699c9cf25d6daf33494cffae3ee8ba4e95b7180463da329d79|232
4344|5af4ec75a2b50250eba1c261873763d1f049b22126b3ec2401f0b1bc4199daeb|176
4345|f5e9516a8355c5d8beff4294fecc46c4d7b9067b08deb272c08be63c1bc06310|220
4346|732f40afdfeb5c283fd0ac3efe02baf678849e7c7c9e8b803f83a2b9079c182c|168
4347|61f004b5eaec88c52f57172c70cabb63b9d8ad5c4fdcbde5743e7effd909bec6|122
4348|3fdd0ca12b59a49a57e5f16ff71a703187f5f0d88b156f13453638d5ce3c74cd|184
4349|4cc3e487fe04d0d2da0374ffed4e7fa796962305402ad50d9a45a17a776c291d|134
4350|2ab3ad9aff632bd36186a01e33349bbc5f8527cf8694ad6a867695fe40d44585|166
4351|48a69e74cb058ba7fc1b1e066b941cd974c0104125deaaae4464ea019607f3a0|220
4352|bcf4eb6fb58f2b4f8a2e3e70cf2c6878e552008bdf5440e3f5dff48c6999a538|278
4353|32c96ab34009635ad04321deb594a4701ffae76de83c8e357f5c8a9e8334607b|156
4354|f5c7e359a7454d4e77df17693c6f54e94603108a524ad3c1acfb5c542813c7a5|152
4355|5b9c3e7455031c8fd9398602530c8c68edf9ef12a73093c65d9781b5694db390|62
4356|6ee63606c07cb56bb046e10f38abdb3ecdbd1065813de1861b7d019233fb48b5|196
4357|fc871194d622f86ddd197536aedc1a6dd5e9e902d73e8f8ee8a65490accd3bc2|220
4358|437ff31b1c20293edddb6a61f19cd2d3c84bd463e91bb1b10bf23198e4f9ea49|168
4359|c617180b8fac357644c5d0aa08d5695afbc5d49a35933b78ac675a69ffc9a789|192
4360|46203d5afaee24daa7ceee87a097e5575de2d53b0af0e0787fa2c868febdf21d|220
4361|6dc3c4a11aeb0a585c7f26fea43c899fbde0849c6b1f6b545b5f29dab03df6b6|92
4362|407ccf3a24c0e2bbc507cb6cf2d8aa1769f19fa098722179f945a3518e798fab|138
4363|ca2ac7969e77bcaaa2a96c62b602872e33551468d748c2b389c55ed7fa58680d|220
4364|8642265b0e9747d4d3a833d09d8c1a9a8ffcbf909523c8564ce95a46825b5016|238
4365|3aa2e4fadee9eb3f7b13e2d8135801bcbdbb64995596ac6f6a61da836f40e491|202
4366|033f4b75ca16cad41659225354419d1127f931aabc95721b620471d2e3898cd5|220
4367|91d7667f51c8786ab866085323871e4ba8919f013f01a0ee5a43b6b70f82e6f4|228
4368|ef92b1bab6eb176aeda9d7783c5dd3ab35e3094edbe1e978010b96cac375d24d|158
4369|c2ea3025e7d338fc21e302c6505d583b3ce714f14c60e359a75eaf4c9c35815e|166
4370|3a6b438b4ab7b144c339ced28b939807fdda77b16ee50f319f41f9c0e2225cea|200
4371|0091d47a7931a6122f329b55b70d7ed5293c2efede99591010fc113075cd3dab|220
4372|dc7a544cacc4f8acab34c6ab8517efc5f6a0ca33a312f618d8dc7ea8d4ac7396|220
4373|93d10be21953ad418500a7498c41f99f27ebaa21bcab6fa88076af675154b600|164
4374|4c97a19821e0e3c99b020809e6a614d76c0a293ab45a112d9d7129b1314099a7|178
4375|210527636fdfcf374b50752c0382a12735a180f93a1c225e1cd2b9236d201505|220
4376|a92195ad35f31b95b85fe11f0799639e94cc60ba0373ee65e1d112ecff4eab61|142
4377|ac6b4c8c646abcadca17c9c8f0632e23c57f380dc6b725a6e2e928f269bf23eb|170
4378|f8f0270cc3f50e175aeb75c173cca54184e370381c44cc7f5095c2847d6655a0|220
4379|e9660e4a88e8bf566df24c670450f85b316657bd6407bcd1c9da877a3c42d9b3|260
4380|7706ee778b6e68d3cc2506094e8f027b1d7b2c8c75acdb78a5bb6f0aea26548e|75
4381|a67af849eb7e0a9923ea553166b45fc9b408c63b45c2eb55438183c9c0efc743|241
4382|46a48755e8ffdeefeef6c5084389064e72f7efc1147c0d53addeb56e5f199f53|82
4383|bdb05a1c4c7d59a6ae31c0f5a12bf0912380a43d9c697dade0364e8a51811f90|298
4384|7706ee778b6e68d3cc2506094e8f027b1d7b2c8c75acdb78a5bb6f0aea26548e|75
4385|a67af849eb7e0a9923ea553166b45fc9b408c63b45c2eb55438183c9c0efc743|241
4386|46a48755e8ffdeefeef6c5084389064e72f7efc1147c0d53addeb56e5f199f53|82
4387|bdb05a1c4c7d59a6ae31c0f5a12bf0912380a43d9c697dade0364e8a51811f90|298
4388|7706ee778b6e68d3cc2506094e8f027b1d7b2c8c75acdb78a5bb6f0aea26548e|75
4389|a67af849eb7e0a9923ea553166b45fc9b408c63b45c2eb55438183c9c0efc743|241
4390|46a48755e8ffdeefeef6c5084389064e72f7efc1147c0d53addeb56e5f199f53|82
4391|bdb05a1c4c7d59a6ae31c0f5a12bf0912380a43d9c697dade0364e8a51811f90|298
4392|7706ee778b6e68d3cc2506094e8f027b1d7b2c8c75acdb78a5bb6f0aea26548e|75
4393|a67af849eb7e0a9923ea553166b45fc9b408c63b45c2eb55438183c9c0efc743|241
4394|46a48755e8ffdeefeef6c5084389064e72f7efc1147c0d53addeb56e5f199f53|82
4395|bdb05a1c4c7d59a6ae31c0f5a12bf0912380a43d9c697dade0364e8a51811f90|298
4396|7706ee778b6e68d3cc2506094e8f027b1d7b2c8c75acdb78a5bb6f0aea26548e|75
4397|a67af849eb7e0a9923ea553166b45fc9b408c63b45c2eb55438183c9c0efc743|241
4398|46a48755e8ffdeefeef6c5084389064e72f7efc1147c0d53addeb56e5f199f53|82
4399|bdb05a1c4c7d59a6ae31c0f5a12bf0912380a43d9c697dade0364e8a51811f90|298
4400|7706ee778b6e68d3cc2506094e8f027b1d7b2c8c75acdb78a5bb6f0aea26548e|75
4401|a67af849eb7e0a9923ea553166b45fc9b408c63b45c2eb55438183c9c0efc743|241
4402|46a48755e8ffdeefeef6c5084389064e72f7efc1147c0d53addeb56e5f199f53|82
4403|bdb05a1c4c7d59a6ae31c0f5a12bf0912380a43d9c697dade0364e8a51811f90|298
4404|7706ee778b6e68d3cc2506094e8f027b1d7b2c8c75acdb78a5bb6f0aea26548e|75
4405|a67af849eb7e0a9923ea553166b45fc9b408c63b45c2eb55438183c9c0efc743|241
4406|46a48755e8ffdeefeef6c5084389064e72f7efc1147c0d53addeb56e5f199f53|82
4407|bdb05a1c4c7d59a6ae31c0f5a12bf0912380a43d9c697dade0364e8a51811f90|298
4408|7706ee778b6e68d3cc2506094e8f027b1d7b2c8c75acdb78a5bb6f0aea26548e|75
4409|a67af849eb7e0a9923ea553166b45fc9b408c63b45c2eb55438183c9c0efc743|241
4410|46a48755e8ffdeefeef6c5084389064e72f7efc1147c0d53addeb56e5f199f53|82
4411|bdb05a1c4c7d59a6ae31c0f5a12bf0912380a43d9c697dade0364e8a51811f90|298
4412|7706ee778b6e68d3cc2506094e8f027b1d7b2c8c75acdb78a5bb6f0aea26548e|75
4413|a67af849eb7e0a9923ea553166b45fc9b408c63b45c2eb55438183c9c0efc743|241
4414|46a48755e8ffdeefeef6c5084389064e72f7efc1147c0d53addeb56e5f199f53|82
4415|bdb05a1c4c7d59a6ae31c0f5a12bf0912380a43d9c697dade0364e8a51811f90|298
4416|7706ee778b6e68d3cc2506094e8f027b1d7b2c8c75acdb78a5bb6f0aea26548e|75
4417|a67af849eb7e0a9923ea553166b45fc9b408c63b45c2eb55438183c9c0efc743|241
4418|46a48755e8ffdeefeef6c5084389064e72f7efc1147c0d53addeb56e5f199f53|82
4419|bdb05a1c4c7d59a6ae31c0f5a12bf0912380a43d9c697dade0364e8a51811f90|298
4420|7706ee778b6e68d3cc2506094e8f027b1d7b2c8c75acdb78a5bb6f0aea26548e|75
4421|a67af849eb7e0a9923ea553166b45fc9b408c63b45c2eb55438183c9c0efc743|241
4422|46a48755e8ffdeefeef6c5084389064e72f7efc1147c0d53addeb56e5f199f53|82
4423|bdb05a1c4c7d59a6ae31c0f5a12bf0912380a43d9c697dade0364e8a51811f90|298
4424|7706ee778b6e68d3cc2506094e8f027b1d7b2c8c75acdb78a5bb6f0aea26548e|75
4425|a67af849eb7e0a9923ea553166b45fc9b408c63b45c2eb55438183c9c0efc743|241
4426|46a48755e8ffdeefeef6c5084389064e72f7efc1147c0d53addeb56e5f199f53|82
4427|bdb05a1c4c7d59a6ae31c0f5a12bf0912380a43d9c697dade0364e8a51811f90|298
4428|7706ee778b6e68d3cc2506094e8f027b1d7b2c8c75acdb78a5bb6f0aea26548e|75
4429|a67af849eb7e0a9923ea553166b45fc9b408c63b45c2eb55438183c9c0efc743|241
4430|46a48755e8ffdeefeef6c5084389064e72f7efc1147c0d53addeb56e5f199f53|82
4431|bdb05a1c4c7d59a6ae31c0f5a12bf0912380a43d9c697dade0364e8a51811f90|298
4432|7706ee778b6e68d3cc2506094e8f027b1d7b2c8c75acdb78a5bb6f0aea26548e|75
4433|a67af849eb7e0a9923ea553166b45fc9b408c63b45c2eb55438183c9c0efc743|241
4434|46a48755e8ffdeefeef6c5084389064e72f7efc1147c0d53addeb56e5f199f53|82
4435|bdb05a1c4c7d59a6ae31c0f5a12bf0912380a43d9c697dade0364e8a51811f90|298
4436|7706ee778b6e68d3cc2506094e8f027b1d7b2c8c75acdb78a5bb6f0aea26548e|75
4437|a67af849eb7e0a9923ea553166b45fc9b408c63b45c2eb55438183c9c0efc743|241
4438|46a48755e8ffdeefeef6c5084389064e72f7efc1147c0d53addeb56e5f199f53|82
4439|bdb05a1c4c7d59a6ae31c0f5a12bf0912380a43d9c697dade0364e8a51811f90|298
4440|7706ee778b6e68d3cc2506094e8f027b1d7b2c8c75acdb78a5bb6f0aea26548e|75
4441|a67af849eb7e0a9923ea553166b45fc9b408c63b45c2eb55438183c9c0efc743|241
4442|46a48755e8ffdeefeef6c5084389064e72f7efc1147c0d53addeb56e5f199f53|82
4443|bdb05a1c4c7d59a6ae31c0f5a12bf0912380a43d9c697dade0364e8a51811f90|298
4444|7706ee778b6e68d3cc2506094e8f027b1d7b2c8c75acdb78a5bb6f0aea26548e|75
4445|a67af849eb7e0a9923ea553166b45fc9b408c63b45c2eb55438183c9c0efc743|241
4446|46a48755e8ffdeefeef6c5084389064e72f7efc1147c0d53addeb56e5f199f53|82
4447|bdb05a1c4c7d59a6ae31c0f5a12bf0912380a43d9c697dade0364e8a51811f90|298
4448|7706ee778b6e68d3cc2506094e8f027b1d7b2c8c75acdb78a5bb6f0aea26548e|75
4449|a67af849eb7e0a9923ea553166b45fc9b408c63b45c2eb55438183c9c0efc743|241
4450|46a48755e8ffdeefeef6c5084389064e72f7efc1147c0d53addeb56e5f199f53|82
4451|bdb05a1c4c7d59a6ae31c0f5a12bf0912380a43d9c697dade0364e8a51811f90|298
4452|7706ee778b6e68d3cc2506094e8f027b1d7b2c8c75acdb78a5bb6f0aea26548e|75
4453|a67af849eb7e0a9923ea553166b45fc9b408c63b45c2eb55438183c9c0efc743|241
4454|46a48755e8ffdeefeef6c5084389064e72f7efc1147c0d53addeb56e5f199f53|82
4455|bdb05a1c4c7d59a6ae31c0f5a12bf0912380a43d9c697dade0364e8a51811f90|298
4456|7706ee778b6e68d3cc2506094e8f027b1d7b2c8c75acdb78a5bb6f0aea26548e|75
4457|a67af849eb7e0a9923ea553166b45fc9b408c63b45c2eb55438183c9c0efc743|241
4458|46a48755e8ffdeefeef6c5084389064e72f7efc1147c0d53addeb56e5f199f53|82
4459|bdb05a1c4c7d59a6ae31c0f5a12bf0912380a43d9c697dade0364e8a51811f90|298
4460|7706ee778b6e68d3cc2506094e8f027b1d7b2c8c75acdb78a5bb6f0aea26548e|75
4461|a67af849eb7e0a9923ea553166b45fc9b408c63b45c2eb55438183c9c0efc743|241
4462|46a48755e8ffdeefeef6c5084389064e72f7efc1147c0d53addeb56e5f199f53|82
4463|bdb05a1c4c7d59a6ae31c0f5a12bf0912380a43d9c697dade0364e8a51811f90|298
4464|7706ee778b6e68d3cc2506094e8f027b1d7b2c8c75acdb78a5bb6f0aea26548e|75
4465|a67af849eb7e0a9923ea553166b45fc9b408c63b45c2eb55438183c9c0efc743|241
4466|46a48755e8ffdeefeef6c5084389064e72f7efc1147c0d53addeb56e5f199f53|82
4467|bdb05a1c4c7d59a6ae31c0f5a12bf0912380a43d9c697dade0364e8a51811f90|298
4468|7706ee778b6e68d3cc2506094e8f027b1d7b2c8c75acdb78a5bb6f0aea26548e|75
4469|a67af849eb7e0a9923ea553166b45fc9b408c63b45c2eb55438183c9c0efc743|241
4470|46a48755e8ffdeefeef6c5084389064e72f7efc1147c0d53addeb56e5f199f53|82
4471|bdb05a1c4c7d59a6ae31c0f5a12bf0912380a43d9c697dade0364e8a51811f90|298
4472|7706ee778b6e68d3cc2506094e8f027b1d7b2c8c75acdb78a5bb6f0aea26548e|75
4473|a67af849eb7e0a9923ea553166b45fc9b408c63b45c2eb55438183c9c0efc743|241
4474|46a48755e8ffdeefeef6c5084389064e72f7efc1147c0d53addeb56e5f199f53|82
4475|bdb05a1c4c7d59a6ae31c0f5a12bf0912380a43d9c697dade0364e8a51811f90|298
4476|7706ee778b6e68d3cc2506094e8f027b1d7b2c8c75acdb78a5bb6f0aea26548e|75
4477|a67af849eb7e0a9923ea553166b45fc9b408c63b45c2eb55438183c9c0efc743|241
4478|46a48755e8ffdeefeef6c5084389064e72f7efc1147c0d53addeb56e5f199f53|82
4479|bdb05a1c4c7d59a6ae31c0f5a12bf0912380a43d9c697dade0364e8a51811f90|298
4480|7706ee778b6e68d3cc2506094e8f027b1d7b2c8c75acdb78a5bb6f0aea26548e|75
4481|a67af849eb7e0a9923ea553166b45fc9b408c63b45c2eb55438183c9c0efc743|241
4482|46a48755e8ffdeefeef6c5084389064e72f7efc1147c0d53addeb56e5f199f53|82
4483|bdb05a1c4c7d59a6ae31c0f5a12bf0912380a43d9c697dade0364e8a51811f90|298
4484|7706ee778b6e68d3cc2506094e8f027b1d7b2c8c75acdb78a5bb6f0aea26548e|75
4485|a67af849eb7e0a9923ea553166b45fc9b408c63b45c2eb55438183c9c0efc743|241
4486|46a48755e8ffdeefeef6c5084389064e72f7efc1147c0d53addeb56e5f199f53|82
4487|bdb05a1c4c7d59a6ae31c0f5a12bf0912380a43d9c697dade0364e8a51811f90|298
4488|7706ee778b6e68d3cc2506094e8f027b1d7b2c8c75acdb78a5bb6f0aea26548e|75
4489|a67af849eb7e0a9923ea553166b45fc9b408c63b45c2eb55438183c9c0efc743|241
4490|46a48755e8ffdeefeef6c5084389064e72f7efc1147c0d53addeb56e5f199f53|82
4491|bdb05a1c4c7d59a6ae31c0f5a12bf0912380a43d9c697dade0364e8a51811f90|298
4492|7706ee778b6e68d3cc2506094e8f027b1d7b2c8c75acdb78a5bb6f0aea26548e|75
4493|a67af849eb7e0a9923ea553166b45fc9b408c63b45c2eb55438183c9c0efc743|241
4494|46a48755e8ffdeefeef6c5084389064e72f7efc1147c0d53addeb56e5f199f53|82
4495|bdb05a1c4c7d59a6ae31c0f5a12bf0912380a43d9c697dade0364e8a51811f90|298
4496|7706ee778b6e68d3cc2506094e8f027b1d7b2c8c75acdb78a5bb6f0aea26548e|75
4497|a67af849eb7e0a9923ea553166b45fc9b408c63b45c2eb55438183c9c0efc743|241
4498|46a48755e8ffdeefeef6c5084389064e72f7efc1147c0d53addeb56e5f199f53|82
4499|bdb05a1c4c7d59a6ae31c0f5a12bf0912380a43d9c697dade0364e8a51811f90|298
4500|7706ee778b6e68d3cc2506094e8f027b1d7b2c8c75acdb78a5bb6f0aea26548e|75
4501|a67af849eb7e0a9923ea553166b45fc9b408c63b45c2eb55438183c9c0efc743|241
4502|46a48755e8ffdeefeef6c5084389064e72f7efc1147c0d53addeb56e5f199f53|82
4503|bdb05a1c4c7d59a6ae31c0f5a12bf0912380a43d9c697dade0364e8a51811f90|298
4504|7706ee778b6e68d3cc2506094e8f027b1d7b2c8c75acdb78a5bb6f0aea26548e|75
4505|a67af849eb7e0a9923ea553166b45fc9b408c63b45c2eb55438183c9c0efc743|241
4506|46a48755e8ffdeefeef6c5084389064e72f7efc1147c0d53addeb56e5f199f53|82
4507|bdb05a1c4c7d59a6ae31c0f5a12bf0912380a43d9c697dade0364e8a51811f90|298
4508|7706ee778b6e68d3cc2506094e8f027b1d7b2c8c75acdb78a5bb6f0aea26548e|75
4509|a67af849eb7e0a9923ea553166b45fc9b408c63b45c2eb55438183c9c0efc743|241
4510|46a48755e8ffdeefeef6c5084389064e72f7efc1147c0d53addeb56e5f199f53|82
4511|bdb05a1c4c7d59a6ae31c0f5a12bf0912380a43d9c697dade0364e8a51811f90|298
4512|7706ee778b6e68d3cc2506094e8f027b1d7b2c8c75acdb78a5bb6f0aea26548e|75
4513|a67af849eb7e0a9923ea553166b45fc9b408c63b45c2eb55438183c9c0efc743|241
4514|46a48755e8ffdeefeef6c5084389064e72f7efc1147c0d53addeb56e5f199f53|82
4515|bdb05a1c4c7d59a6ae31c0f5a12bf0912380a43d9c697dade0364e8a51811f90|298
4516|7706ee778b6e68d3cc2506094e8f027b1d7b2c8c75acdb78a5bb6f0aea26548e|75
4517|a67af849eb7e0a9923ea553166b45fc9b408c63b45c2eb55438183c9c0efc743|241
4518|46a48755e8ffdeefeef6c5084389064e72f7efc1147c0d53addeb56e5f199f53|82
4519|bdb05a1c4c7d59a6ae31c0f5a12bf0912380a43d9c697dade0364e8a51811f90|298
4520|7706ee778b6e68d3cc2506094e8f027b1d7b2c8c75acdb78a5bb6f0aea26548e|75
4521|a67af849eb7e0a9923ea553166b45fc9b408c63b45c2eb55438183c9c0efc743|241
4522|46a48755e8ffdeefeef6c5084389064e72f7efc1147c0d53addeb56e5f199f53|82
4523|bdb05a1c4c7d59a6ae31c0f5a12bf0912380a43d9c697dade0364e8a51811f90|298
4524|7706ee778b6e68d3cc2506094e8f027b1d7b2c8c75acdb78a5bb6f0aea26548e|75
4525|a67af849eb7e0a9923ea553166b45fc9b408c63b45c2eb55438183c9c0efc743|241
4526|46a48755e8ffdeefeef6c5084389064e72f7efc1147c0d53addeb56e5f199f53|82
4527|bdb05a1c4c7d59a6ae31c0f5a12bf0912380a43d9c697dade0364e8a51811f90|298
4528|7706ee778b6e68d3cc2506094e8f027b1d7b2c8c75acdb78a5bb6f0aea26548e|75
4529|a67af849eb7e0a9923ea553166b45fc9b408c63b45c2eb55438183c9c0efc743|241
4530|46a48755e8ffdeefeef6c5084389064e72f7efc1147c0d53addeb56e5f199f53|82
4531|bdb05a1c4c7d59a6ae31c0f5a12bf0912380a43d9c697dade0364e8a51811f90|298
4532|7706ee778b6e68d3cc2506094e8f027b1d7b2c8c75acdb78a5bb6f0aea26548e|75
4533|a67af849eb7e0a9923ea553166b45fc9b408c63b45c2eb55438183c9c0efc743|241
4534|46a48755e8ffdeefeef6c5084389064e72f7efc1147c0d53addeb56e5f199f53|82
4535|bdb05a1c4c7d59a6ae31c0f5a12bf0912380a43d9c697dade0364e8a51811f90|298
4536|7706ee778b6e68d3cc2506094e8f027b1d7b2c8c75acdb78a5bb6f0aea26548e|75
4537|a67af849eb7e0a9923ea553166b45fc9b408c63b45c2eb55438183c9c0efc743|241
4538|46a48755e8ffdeefeef6c5084389064e72f7efc1147c0d53addeb56e5f199f53|82
4539|bdb05a1c4c7d59a6ae31c0f5a12bf0912380a43d9c697dade0364e8a51811f90|298
4540|7706ee778b6e68d3cc2506094e8f027b1d7b2c8c75acdb78a5bb6f0aea26548e|75
4541|a67af849eb7e0a9923ea553166b45fc9b408c63b45c2eb55438183c9c0efc743|241
4542|46a48755e8ffdeefeef6c5084389064e72f7efc1147c0d53addeb56e5f199f53|82
4543|bdb05a1c4c7d59a6ae31c0f5a12bf0912380a43d9c697dade0364e8a51811f90|298
4544|7706ee778b6e68d3cc2506094e8f027b1d7b2c8c75acdb78a5bb6f0aea26548e|75
4545|a67af849eb7e0a9923ea553166b45fc9b408c63b45c2eb55438183c9c0efc743|241
4546|46a48755e8ffdeefeef6c5084389064e72f7efc1147c0d53addeb56e5f199f53|82
4547|bdb05a1c4c7d59a6ae31c0f5a12bf0912380a43d9c697dade0364e8a51811f90|298
4548|7706ee778b6e68d3cc2506094e8f027b1d7b2c8c75acdb78a5bb6f0aea26548e|75
4549|a67af849eb7e0a9923ea553166b45fc9b408c63b45c2eb55438183c9c0efc743|241
4550|46a48755e8ffdeefeef6c5084389064e72f7efc1147c0d53addeb56e5f199f53|82
4551|bdb05a1c4c7d59a6ae31c0f5a12bf0912380a43d9c697dade0364e8a51811f90|298
4552|7706ee778b6e68d3cc2506094e8f027b1d7b2c8c75acdb78a5bb6f0aea26548e|75
4553|a67af849eb7e0a9923ea553166b45fc9b408c63b45c2eb55438183c9c0efc743|241
4554|46a48755e8ffdeefeef6c5084389064e72f7efc1147c0d53addeb56e5f199f53|82
4555|bdb05a1c4c7d59a6ae31c0f5a12bf0912380a43d9c697dade0364e8a51811f90|298
4556|7706ee778b6e68d3cc2506094e8f027b1d7b2c8c75acdb78a5bb6f0aea26548e|75
4557|a67af849eb7e0a9923ea553166b45fc9b408c63b45c2eb55438183c9c0efc743|241
4558|46a48755e8ffdeefeef6c5084389064e72f7efc1147c0d53addeb56e5f199f53|82
4559|bdb05a1c4c7d59a6ae31c0f5a12bf0912380a43d9c697dade0364e8a51811f90|298
4560|7706ee778b6e68d3cc2506094e8f027b1d7b2c8c75acdb78a5bb6f0aea26548e|75
4561|a67af849eb7e0a9923ea553166b45fc9b408c63b45c2eb55438183c9c0efc743|241
4562|46a48755e8ffdeefeef6c5084389064e72f7efc1147c0d53addeb56e5f199f53|82
4563|bdb05a1c4c7d59a6ae31c0f5a12bf0912380a43d9c697dade0364e8a51811f90|298
4564|7706ee778b6e68d3cc2506094e8f027b1d7b2c8c75acdb78a5bb6f0aea26548e|75
4565|a67af849eb7e0a9923ea553166b45fc9b408c63b45c2eb55438183c9c0efc743|241
4566|46a48755e8ffdeefeef6c5084389064e72f7efc1147c0d53addeb56e5f199f53|82
4567|bdb05a1c4c7d59a6ae31c0f5a12bf0912380a43d9c697dade0364e8a51811f90|298
4568|7706ee778b6e68d3cc2506094e8f027b1d7b2c8c75acdb78a5bb6f0aea26548e|75
4569|a67af849eb7e0a9923ea553166b45fc9b408c63b45c2eb55438183c9c0efc743|241
4570|46a48755e8ffdeefeef6c5084389064e72f7efc1147c0d53addeb56e5f199f53|82
4571|bdb05a1c4c7d59a6ae31c0f5a12bf0912380a43d9c697dade0364e8a51811f90|298
4572|7706ee778b6e68d3cc2506094e8f027b1d7b2c8c75acdb78a5bb6f0aea26548e|75
4573|a67af849eb7e0a9923ea553166b45fc9b408c63b45c2eb55438183c9c0efc743|241
4574|46a48755e8ffdeefeef6c5084389064e72f7efc1147c0d53addeb56e5f199f53|82
4575|bdb05a1c4c7d59a6ae31c0f5a12bf0912380a43d9c697dade0364e8a51811f90|298
4576|7706ee778b6e68d3cc2506094e8f027b1d7b2c8c75acdb78a5bb6f0aea26548e|75
4577|a67af849eb7e0a9923ea553166b45fc9b408c63b45c2eb55438183c9c0efc743|241
4578|46a48755e8ffdeefeef6c5084389064e72f7efc1147c0d53addeb56e5f199f53|82
4579|bdb05a1c4c7d59a6ae31c0f5a12bf0912380a43d9c697dade0364e8a51811f90|298
4580|7706ee778b6e68d3cc2506094e8f027b1d7b2c8c75acdb78a5bb6f0aea26548e|75
4581|a67af849eb7e0a9923ea553166b45fc9b408c63b45c2eb55438183c9c0efc743|241
4582|46a48755e8ffdeefeef6c5084389064e72f7efc1147c0d53addeb56e5f199f53|82
4583|bdb05a1c4c7d59a6ae31c0f5a12bf0912380a43d9c697dade0364e8a51811f90|298
4584|7706ee778b6e68d3cc2506094e8f027b1d7b2c8c75acdb78a5bb6f0aea26548e|75
4585|a67af849eb7e0a9923ea553166b45fc9b408c63b45c2eb55438183c9c0efc743|241
4586|46a48755e8ffdeefeef6c5084389064e72f7efc1147c0d53addeb56e5f199f53|82
4587|bdb05a1c4c7d59a6ae31c0f5a12bf0912380a43d9c697dade0364e8a51811f90|298
4588|7706ee778b6e68d3cc2506094e8f027b1d7b2c8c75acdb78a5bb6f0aea26548e|75
4589|a67af849eb7e0a9923ea553166b45fc9b408c63b45c2eb55438183c9c0efc743|241
4590|46a48755e8ffdeefeef6c5084389064e72f7efc1147c0d53addeb56e5f199f53|82
4591|bdb05a1c4c7d59a6ae31c0f5a12bf0912380a43d9c697dade0364e8a51811f90|298
4592|7706ee778b6e68d3cc2506094e8f027b1d7b2c8c75acdb78a5bb6f0aea26548e|75
4593|a67af849eb7e0a9923ea553166b45fc9b408c63b45c2eb55438183c9c0efc743|241
4594|46a48755e8ffdeefeef6c5084389064e72f7efc1147c0d53addeb56e5f199f53|82
4595|bdb05a1c4c7d59a6ae31c0f5a12bf0912380a43d9c697dade0364e8a51811f90|298
4596|7706ee778b6e68d3cc2506094e8f027b1d7b2c8c75acdb78a5bb6f0aea26548e|75
4597|a67af849eb7e0a9923ea553166b45fc9b408c63b45c2eb55438183c9c0efc743|241
4598|46a48755e8ffdeefeef6c5084389064e72f7efc1147c0d53addeb56e5f199f53|82
4599|bdb05a1c4c7d59a6ae31c0f5a12bf0912380a43d9c697dade0364e8a51811f90|298
4600|7706ee778b6e68d3cc2506094e8f027b1d7b2c8c75acdb78a5bb6f0aea26548e|75
4601|a67af849eb7e0a9923ea553166b45fc9b408c63b45c2eb55438183c9c0efc743|241
4602|46a48755e8ffdeefeef6c5084389064e72f7efc1147c0d53addeb56e5f199f53|82
4603|bdb05a1c4c7d59a6ae31c0f5a12bf0912380a43d9c697dade0364e8a51811f90|298
4604|7706ee778b6e68d3cc2506094e8f027b1d7b2c8c75acdb78a5bb6f0aea26548e|75
4605|a67af849eb7e0a9923ea553166b45fc9b408c63b45c2eb55438183c9c0efc743|241
4606|46a48755e8ffdeefeef6c5084389064e72f7efc1147c0d53addeb56e5f199f53|82
4607|bdb05a1c4c7d59a6ae31c0f5a12bf0912380a43d9c697dade0364e8a51811f90|298
4608|7706ee778b6e68d3cc2506094e8f027b1d7b2c8c75acdb78a5bb6f0aea26548e|75
4609|a67af849eb7e0a9923ea553166b45fc9b408c63b45c2eb55438183c9c0efc743|241
4610|46a48755e8ffdeefeef6c5084389064e72f7efc1147c0d53addeb56e5f199f53|82
4611|bdb05a1c4c7d59a6ae31c0f5a12bf0912380a43d9c697dade0364e8a51811f90|298
4612|7706ee778b6e68d3cc2506094e8f027b1d7b2c8c75acdb78a5bb6f0aea26548e|75
4613|a67af849eb7e0a9923ea553166b45fc9b408c63b45c2eb55438183c9c0efc743|241
4614|46a48755e8ffdeefeef6c5084389064e72f7efc1147c0d53addeb56e5f199f53|82
4615|bdb05a1c4c7d59a6ae31c0f5a12bf0912380a43d9c697dade0364e8a51811f90|298
4616|7706ee778b6e68d3cc2506094e8f027b1d7b2c8c75acdb78a5bb6f0aea26548e|75
4617|a67af849eb7e0a9923ea553166b45fc9b408c63b45c2eb55438183c9c0efc743|241
4618|46a48755e8ffdeefeef6c5084389064e72f7efc1147c0d53addeb56e5f199f53|82
4619|bdb05a1c4c7d59a6ae31c0f5a12bf0912380a43d9c697dade0364e8a51811f90|298
4620|7706ee778b6e68d3cc2506094e8f027b1d7b2c8c75acdb78a5bb6f0aea26548e|75
4621|a67af849eb7e0a9923ea553166b45fc9b408c63b45c2eb55438183c9c0efc743|241
4622|46a48755e8ffdeefeef6c5084389064e72f7efc1147c0d53addeb56e5f199f53|82
4623|bdb05a1c4c7d59a6ae31c0f5a12bf0912380a43d9c697dade0364e8a51811f90|298
4624|7706ee778b6e68d3cc2506094e8f027b1d7b2c8c75acdb78a5bb6f0aea26548e|75
4625|a67af849eb7e0a9923ea553166b45fc9b408c63b45c2eb55438183c9c0efc743|241
4626|46a48755e8ffdeefeef6c5084389064e72f7efc1147c0d53addeb56e5f199f53|82
4627|bdb05a1c4c7d59a6ae31c0f5a12bf0912380a43d9c697dade0364e8a51811f90|298
4628|7706ee778b6e68d3cc2506094e8f027b1d7b2c8c75acdb78a5bb6f0aea26548e|75
4629|a67af849eb7e0a9923ea553166b45fc9b408c63b45c2eb55438183c9c0efc743|241
4630|46a48755e8ffdeefeef6c5084389064e72f7efc1147c0d53addeb56e5f199f53|82
4631|bdb05a1c4c7d59a6ae31c0f5a12bf0912380a43d9c697dade0364e8a51811f90|298
4632|7706ee778b6e68d3cc2506094e8f027b1d7b2c8c75acdb78a5bb6f0aea26548e|75
4633|a67af849eb7e0a9923ea553166b45fc9b408c63b45c2eb55438183c9c0efc743|241
4634|46a48755e8ffdeefeef6c5084389064e72f7efc1147c0d53addeb56e5f199f53|82
4635|bdb05a1c4c7d59a6ae31c0f5a12bf0912380a43d9c697dade0364e8a51811f90|298
4636|7706ee778b6e68d3cc2506094e8f027b1d7b2c8c75acdb78a5bb6f0aea26548e|75
4637|a67af849eb7e0a9923ea553166b45fc9b408c63b45c2eb55438183c9c0efc743|241
4638|46a48755e8ffdeefeef6c5084389064e72f7efc1147c0d53addeb56e5f199f53|82
4639|bdb05a1c4c7d59a6ae31c0f5a12bf0912380a43d9c697dade0364e8a51811f90|298
4640|7706ee778b6e68d3cc2506094e8f027b1d7b2c8c75acdb78a5bb6f0aea26548e|75
4641|a67af849eb7e0a9923ea553166b45fc9b408c63b45c2eb55438183c9c0efc743|241
4642|46a48755e8ffdeefeef6c5084389064e72f7efc1147c0d53addeb56e5f199f53|82
4643|bdb05a1c4c7d59a6ae31c0f5a12bf0912380a43d9c697dade0364e8a51811f90|298
4644|7706ee778b6e68d3cc2506094e8f027b1d7b2c8c75acdb78a5bb6f0aea26548e|75
4645|a67af849eb7e0a9923ea553166b45fc9b408c63b45c2eb55438183c9c0efc743|241
4646|46a48755e8ffdeefeef6c5084389064e72f7efc1147c0d53addeb56e5f199f53|82
4647|bdb05a1c4c7d59a6ae31c0f5a12bf0912380a43d9c697dade0364e8a51811f90|298
4648|7706ee778b6e68d3cc2506094e8f027b1d7b2c8c75acdb78a5bb6f0aea26548e|75
4649|a67af849eb7e0a9923ea553166b45fc9b408c63b45c2eb55438183c9c0efc743|241
4650|46a48755e8ffdeefeef6c5084389064e72f7efc1147c0d53addeb56e5f199f53|82
4651|bdb05a1c4c7d59a6ae31c0f5a12bf0912380a43d9c697dade0364e8a51811f90|298
4652|7706ee778b6e68d3cc2506094e8f027b1d7b2c8c75acdb78a5bb6f0aea26548e|75
4653|a67af849eb7e0a9923ea553166b45fc9b408c63b45c2eb55438183c9c0efc743|241
4654|46a48755e8ffdeefeef6c5084389064e72f7efc1147c0d53addeb56e5f199f53|82
4655|bdb05a1c4c7d59a6ae31c0f5a12bf0912380a43d9c697dade0364e8a51811f90|298
4656|7706ee778b6e68d3cc2506094e8f027b1d7b2c8c75acdb78a5bb6f0aea26548e|75
4657|a67af849eb7e0a9923ea553166b45fc9b408c63b45c2eb55438183c9c0efc743|241
4658|46a48755e8ffdeefeef6c5084389064e72f7efc1147c0d53addeb56e5f199f53|82
4659|bdb05a1c4c7d59a6ae31c0f5a12bf0912380a43d9c697dade0364e8a51811f90|298
4660|7706ee778b6e68d3cc2506094e8f027b1d7b2c8c75acdb78a5bb6f0aea26548e|75
4661|a67af849eb7e0a9923ea553166b45fc9b408c63b45c2eb55438183c9c0efc743|241
4662|46a48755e8ffdeefeef6c5084389064e72f7efc1147c0d53addeb56e5f199f53|82
4663|bdb05a1c4c7d59a6ae31c0f5a12bf0912380a43d9c697dade0364e8a51811f90|298
4664|7706ee778b6e68d3cc2506094e8f027b1d7b2c8c75acdb78a5bb6f0aea26548e|75
4665|a67af849eb7e0a9923ea553166b45fc9b408c63b45c2eb55438183c9c0efc743|241
4666|46a48755e8ffdeefeef6c5084389064e72f7efc1147c0d53addeb56e5f199f53|82
4667|bdb05a1c4c7d59a6ae31c0f5a12bf0912380a43d9c697dade0364e8a51811f90|298
4668|7706ee778b6e68d3cc2506094e8f027b1d7b2c8c75acdb78a5bb6f0aea26548e|75
4669|a67af849eb7e0a9923ea553166b45fc9b408c63b45c2eb55438183c9c0efc743|241
4670|46a48755e8ffdeefeef6c5084389064e72f7efc1147c0d53addeb56e5f199f53|82
4671|bdb05a1c4c7d59a6ae31c0f5a12bf0912380a43d9c697dade0364e8a51811f90|298
4672|7706ee778b6e68d3cc2506094e8f027b1d7b2c8c75acdb78a5bb6f0aea26548e|75
4673|a67af849eb7e0a9923ea553166b45fc9b408c63b45c2eb55438183c9c0efc743|241
4674|46a48755e8ffdeefeef6c5084389064e72f7efc1147c0d53addeb56e5f199f53|82
4675|bdb05a1c4c7d59a6ae31c0f5a12bf0912380a43d9c697dade0364e8a51811f90|298
4676|7706ee778b6e68d3cc2506094e8f027b1d7b2c8c75acdb78a5bb6f0aea26548e|75
4677|a67af849eb7e0a9923ea553166b45fc9b408c63b45c2eb55438183c9c0efc743|241
4678|46a48755e8ffdeefeef6c5084389064e72f7efc1147c0d53addeb56e5f199f53|82
4679|bdb05a1c4c7d59a6ae31c0f5a12bf0912380a43d9c697dade0364e8a51811f90|298
4680|7706ee778b6e68d3cc2506094e8f027b1d7b2c8c75acdb78a5bb6f0aea26548e|75
4681|a67af849eb7e0a9923ea553166b45fc9b408c63b45c2eb55438183c9c0efc743|241
4682|46a48755e8ffdeefeef6c5084389064e72f7efc1147c0d53addeb56e5f199f53|82
4683|bdb05a1c4c7d59a6ae31c0f5a12bf0912380a43d9c697dade0364e8a51811f90|298
4684|7706ee778b6e68d3cc2506094e8f027b1d7b2c8c75acdb78a5bb6f0aea26548e|75
4685|a67af849eb7e0a9923ea553166b45fc9b408c63b45c2eb55438183c9c0efc743|241
4686|46a48755e8ffdeefeef6c5084389064e72f7efc1147c0d53addeb56e5f199f53|82
4687|bdb05a1c4c7d59a6ae31c0f5a12bf0912380a43d9c697dade0364e8a51811f90|298
4688|7706ee778b6e68d3cc2506094e8f027b1d7b2c8c75acdb78a5bb6f0aea26548e|75
4689|a67af849eb7e0a9923ea553166b45fc9b408c63b45c2eb55438183c9c0efc743|241
4690|46a48755e8ffdeefeef6c5084389064e72f7efc1147c0d53addeb56e5f199f53|82
4691|bdb05a1c4c7d59a6ae31c0f5a12bf0912380a43d9c697dade0364e8a51811f90|298
4692|7706ee778b6e68d3cc2506094e8f027b1d7b2c8c75acdb78a5bb6f0aea26548e|75
4693|a67af849eb7e0a9923ea553166b45fc9b408c63b45c2eb55438183c9c0efc743|241
4694|46a48755e8ffdeefeef6c5084389064e72f7efc1147c0d53addeb56e5f199f53|82
4695|bdb05a1c4c7d59a6ae31c0f5a12bf0912380a43d9c697dade0364e8a51811f90|298
4696|7706ee778b6e68d3cc2506094e8f027b1d7b2c8c75acdb78a5bb6f0aea26548e|75
4697|a67af849eb7e0a9923ea553166b45fc9b408c63b45c2eb55438183c9c0efc743|241
4698|46a48755e8ffdeefeef6c5084389064e72f7efc1147c0d53addeb56e5f199f53|82
4699|bdb05a1c4c7d59a6ae31c0f5a12bf0912380a43d9c697dade0364e8a51811f90|298
4700|7706ee778b6e68d3cc2506094e8f027b1d7b2c8c75acdb78a5bb6f0aea26548e|75
4701|a67af849eb7e0a9923ea553166b45fc9b408c63b45c2eb55438183c9c0efc743|241
4702|46a48755e8ffdeefeef6c5084389064e72f7efc1147c0d53addeb56e5f199f53|82
4703|bdb05a1c4c7d59a6ae31c0f5a12bf0912380a43d9c697dade0364e8a51811f90|298
4704|7706ee778b6e68d3cc2506094e8f027b1d7b2c8c75acdb78a5bb6f0aea26548e|75
4705|a67af849eb7e0a9923ea553166b45fc9b408c63b45c2eb55438183c9c0efc743|241
4706|46a48755e8ffdeefeef6c5084389064e72f7efc1147c0d53addeb56e5f199f53|82
4707|bdb05a1c4c7d59a6ae31c0f5a12bf0912380a43d9c697dade0364e8a51811f90|298
4708|7706ee778b6e68d3cc2506094e8f027b1d7b2c8c75acdb78a5bb6f0aea26548e|75
4709|a67af849eb7e0a9923ea553166b45fc9b408c63b45c2eb55438183c9c0efc743|241
4710|46a48755e8ffdeefeef6c5084389064e72f7efc1147c0d53addeb56e5f199f53|82
4711|bdb05a1c4c7d59a6ae31c0f5a12bf0912380a43d9c697dade0364e8a51811f90|298
4712|7706ee778b6e68d3cc2506094e8f027b1d7b2c8c75acdb78a5bb6f0aea26548e|75
4713|a67af849eb7e0a9923ea553166b45fc9b408c63b45c2eb55438183c9c0efc743|241
4714|46a48755e8ffdeefeef6c5084389064e72f7efc1147c0d53addeb56e5f199f53|82
4715|bdb05a1c4c7d59a6ae31c0f5a12bf0912380a43d9c697dade0364e8a51811f90|298
4716|7706ee778b6e68d3cc2506094e8f027b1d7b2c8c75acdb78a5bb6f0aea26548e|75
4717|a67af849eb7e0a9923ea553166b45fc9b408c63b45c2eb55438183c9c0efc743|241
4718|46a48755e8ffdeefeef6c5084389064e72f7efc1147c0d53addeb56e5f199f53|82
4719|bdb05a1c4c7d59a6ae31c0f5a12bf0912380a43d9c697dade0364e8a51811f90|298
4720|7706ee778b6e68d3cc2506094e8f027b1d7b2c8c75acdb78a5bb6f0aea26548e|75
4721|a67af849eb7e0a9923ea553166b45fc9b408c63b45c2eb55438183c9c0efc743|241
4722|46a48755e8ffdeefeef6c5084389064e72f7efc1147c0d53addeb56e5f199f53|82
4723|bdb05a1c4c7d59a6ae31c0f5a12bf0912380a43d9c697dade0364e8a51811f90|298
4724|7706ee778b6e68d3cc2506094e8f027b1d7b2c8c75acdb78a5bb6f0aea26548e|75
4725|a67af849eb7e0a9923ea553166b45fc9b408c63b45c2eb55438183c9c0efc743|241
4726|46a48755e8ffdeefeef6c5084389064e72f7efc1147c0d53addeb56e5f199f53|82
4727|bdb05a1c4c7d59a6ae31c0f5a12bf0912380a43d9c697dade0364e8a51811f90|298
4728|7706ee778b6e68d3cc2506094e8f027b1d7b2c8c75acdb78a5bb6f0aea26548e|75
4729|a67af849eb7e0a9923ea553166b45fc9b408c63b45c2eb55438183c9c0efc743|241
4730|46a48755e8ffdeefeef6c5084389064e72f7efc1147c0d53addeb56e5f199f53|82
4731|bdb05a1c4c7d59a6ae31c0f5a12bf0912380a43d9c697dade0364e8a51811f90|298
4732|7706ee778b6e68d3cc2506094e8f027b1d7b2c8c75acdb78a5bb6f0aea26548e|75
4733|a67af849eb7e0a9923ea553166b45fc9b408c63b45c2eb55438183c9c0efc743|241
4734|46a48755e8ffdeefeef6c5084389064e72f7efc1147c0d53addeb56e5f199f53|82
4735|bdb05a1c4c7d59a6ae31c0f5a12bf0912380a43d9c697dade0364e8a51811f90|298
4736|7706ee778b6e68d3cc2506094e8f027b1d7b2c8c75acdb78a5bb6f0aea26548e|75
4737|a67af849eb7e0a9923ea553166b45fc9b408c63b45c2eb55438183c9c0efc743|241
4738|46a48755e8ffdeefeef6c5084389064e72f7efc1147c0d53addeb56e5f199f53|82
4739|bdb05a1c4c7d59a6ae31c0f5a12bf0912380a43d9c697dade0364e8a51811f90|298
4740|7706ee778b6e68d3cc2506094e8f027b1d7b2c8c75acdb78a5bb6f0aea26548e|75
4741|a67af849eb7e0a9923ea553166b45fc9b408c63b45c2eb55438183c9c0efc743|241
4742|46a48755e8ffdeefeef6c5084389064e72f7efc1147c0d53addeb56e5f199f53|82
4743|bdb05a1c4c7d59a6ae31c0f5a12bf0912380a43d9c697dade0364e8a51811f90|298
4744|7706ee778b6e68d3cc2506094e8f027b1d7b2c8c75acdb78a5bb6f0aea26548e|75
4745|a67af849eb7e0a9923ea553166b45fc9b408c63b45c2eb55438183c9c0efc743|241
4746|46a48755e8ffdeefeef6c5084389064e72f7efc1147c0d53addeb56e5f199f53|82
4747|bdb05a1c4c7d59a6ae31c0f5a12bf0912380a43d9c697dade0364e8a51811f90|298
4748|7706ee778b6e68d3cc2506094e8f027b1d7b2c8c75acdb78a5bb6f0aea26548e|75
4749|a67af849eb7e0a9923ea553166b45fc9b408c63b45c2eb55438183c9c0efc743|241
4750|46a48755e8ffdeefeef6c5084389064e72f7efc1147c0d53addeb56e5f199f53|82
4751|bdb05a1c4c7d59a6ae31c0f5a12bf0912380a43d9c697dade0364e8a51811f90|298
4752|7706ee778b6e68d3cc2506094e8f027b1d7b2c8c75acdb78a5bb6f0aea26548e|75
4753|a67af849eb7e0a9923ea553166b45fc9b408c63b45c2eb55438183c9c0efc743|241
4754|46a48755e8ffdeefeef6c5084389064e72f7efc1147c0d53addeb56e5f199f53|82
4755|bdb05a1c4c7d59a6ae31c0f5a12bf0912380a43d9c697dade0364e8a51811f90|298
4756|7706ee778b6e68d3cc2506094e8f027b1d7b2c8c75acdb78a5bb6f0aea26548e|75
4757|a67af849eb7e0a9923ea553166b45fc9b408c63b45c2eb55438183c9c0efc743|241
4758|46a48755e8ffdeefeef6c5084389064e72f7efc1147c0d53addeb56e5f199f53|82
4759|bdb05a1c4c7d59a6ae31c0f5a12bf0912380a43d9c697dade0364e8a51811f90|298
4760|7706ee778b6e68d3cc2506094e8f027b1d7b2c8c75acdb78a5bb6f0aea26548e|75
4761|a67af849eb7e0a9923ea553166b45fc9b408c63b45c2eb55438183c9c0efc743|241
4762|46a48755e8ffdeefeef6c5084389064e72f7efc1147c0d53addeb56e5f199f53|82
4763|bdb05a1c4c7d59a6ae31c0f5a12bf0912380a43d9c697dade0364e8a51811f90|298
4764|7706ee778b6e68d3cc2506094e8f027b1d7b2c8c75acdb78a5bb6f0aea26548e|75
4765|a67af849eb7e0a9923ea553166b45fc9b408c63b45c2eb55438183c9c0efc743|241
4766|46a48755e8ffdeefeef6c5084389064e72f7efc1147c0d53addeb56e5f199f53|82
4767|bdb05a1c4c7d59a6ae31c0f5a12bf0912380a43d9c697dade0364e8a51811f90|298
4768|7706ee778b6e68d3cc2506094e8f027b1d7b2c8c75acdb78a5bb6f0aea26548e|75
4769|a67af849eb7e0a9923ea553166b45fc9b408c63b45c2eb55438183c9c0efc743|241
4770|46a48755e8ffdeefeef6c5084389064e72f7efc1147c0d53addeb56e5f199f53|82
4771|bdb05a1c4c7d59a6ae31c0f5a12bf0912380a43d9c697dade0364e8a51811f90|298
4772|7706ee778b6e68d3cc2506094e8f027b1d7b2c8c75acdb78a5bb6f0aea26548e|75
4773|a67af849eb7e0a9923ea553166b45fc9b408c63b45c2eb55438183c9c0efc743|241
4774|46a48755e8ffdeefeef6c5084389064e72f7efc1147c0d53addeb56e5f199f53|82
4775|bdb05a1c4c7d59a6ae31c0f5a12bf0912380a43d9c697dade0364e8a51811f90|298
4776|7706ee778b6e68d3cc2506094e8f027b1d7b2c8c75acdb78a5bb6f0aea26548e|75
4777|a67af849eb7e0a9923ea553166b45fc9b408c63b45c2eb55438183c9c0efc743|241
4778|46a48755e8ffdeefeef6c5084389064e72f7efc1147c0d53addeb56e5f199f53|82
4779|bdb05a1c4c7d59a6ae31c0f5a12bf0912380a43d9c697dade0364e8a51811f90|298
4780|7706ee778b6e68d3cc2506094e8f027b1d7b2c8c75acdb78a5bb6f0aea26548e|75
4781|a67af849eb7e0a9923ea553166b45fc9b408c63b45c2eb55438183c9c0efc743|241
4782|46a48755e8ffdeefeef6c5084389064e72f7efc1147c0d53addeb56e5f199f53|82
4783|bdb05a1c4c7d59a6ae31c0f5a12bf0912380a43d9c697dade0364e8a51811f90|298
4784|7706ee778b6e68d3cc2506094e8f027b1d7b2c8c75acdb78a5bb6f0aea26548e|75
4785|a67af849eb7e0a9923ea553166b45fc9b408c63b45c2eb55438183c9c0efc743|241
4786|46a48755e8ffdeefeef6c5084389064e72f7efc1147c0d53addeb56e5f199f53|82
4787|bdb05a1c4c7d59a6ae31c0f5a12bf0912380a43d9c697dade0364e8a51811f90|298
4788|7706ee778b6e68d3cc2506094e8f027b1d7b2c8c75acdb78a5bb6f0aea26548e|75
4789|a67af849eb7e0a9923ea553166b45fc9b408c63b45c2eb55438183c9c0efc743|241
4790|46a48755e8ffdeefeef6c5084389064e72f7efc1147c0d53addeb56e5f199f53|82
4791|bdb05a1c4c7d59a6ae31c0f5a12bf0912380a43d9c697dade0364e8a51811f90|298
4792|7706ee778b6e68d3cc2506094e8f027b1d7b2c8c75acdb78a5bb6f0aea26548e|75
4793|a67af849eb7e0a9923ea553166b45fc9b408c63b45c2eb55438183c9c0efc743|241
4794|46a48755e8ffdeefeef6c5084389064e72f7efc1147c0d53addeb56e5f199f53|82
4795|bdb05a1c4c7d59a6ae31c0f5a12bf0912380a43d9c697dade0364e8a51811f90|298
4796|7706ee778b6e68d3cc2506094e8f027b1d7b2c8c75acdb78a5bb6f0aea26548e|75
4797|a67af849eb7e0a9923ea553166b45fc9b408c63b45c2eb55438183c9c0efc743|241
4798|46a48755e8ffdeefeef6c5084389064e72f7efc1147c0d53addeb56e5f199f53|82
4799|bdb05a1c4c7d59a6ae31c0f5a12bf0912380a43d9c697dade0364e8a51811f90|298
4800|7706ee778b6e68d3cc2506094e8f027b1d7b2c8c75acdb78a5bb6f0aea26548e|75
4801|a67af849eb7e0a9923ea553166b45fc9b408c63b45c2eb55438183c9c0efc743|241
4802|46a48755e8ffdeefeef6c5084389064e72f7efc1147c0d53addeb56e5f199f53|82
4803|bdb05a1c4c7d59a6ae31c0f5a12bf0912380a43d9c697dade0364e8a51811f90|298
4804|7706ee778b6e68d3cc2506094e8f027b1d7b2c8c75acdb78a5bb6f0aea26548e|75
4805|a67af849eb7e0a9923ea553166b45fc9b408c63b45c2eb55438183c9c0efc743|241
4806|46a48755e8ffdeefeef6c5084389064e72f7efc1147c0d53addeb56e5f199f53|82
4807|bdb05a1c4c7d59a6ae31c0f5a12bf0912380a43d9c697dade0364e8a51811f90|298
4808|7706ee778b6e68d3cc2506094e8f027b1d7b2c8c75acdb78a5bb6f0aea26548e|75
4809|a67af849eb7e0a9923ea553166b45fc9b408c63b45c2eb55438183c9c0efc743|241
4810|46a48755e8ffdeefeef6c5084389064e72f7efc1147c0d53addeb56e5f199f53|82
4811|bdb05a1c4c7d59a6ae31c0f5a12bf0912380a43d9c697dade0364e8a51811f90|298
4812|7706ee778b6e68d3cc2506094e8f027b1d7b2c8c75acdb78a5bb6f0aea26548e|75
4813|a67af849eb7e0a9923ea553166b45fc9b408c63b45c2eb55438183c9c0efc743|241
4814|46a48755e8ffdeefeef6c5084389064e72f7efc1147c0d53addeb56e5f199f53|82
4815|bdb05a1c4c7d59a6ae31c0f5a12bf0912380a43d9c697dade0364e8a51811f90|298
4816|7706ee778b6e68d3cc2506094e8f027b1d7b2c8c75acdb78a5bb6f0aea26548e|75
4817|a67af849eb7e0a9923ea553166b45fc9b408c63b45c2eb55438183c9c0efc743|241
4818|46a48755e8ffdeefeef6c5084389064e72f7efc1147c0d53addeb56e5f199f53|82
4819|bdb05a1c4c7d59a6ae31c0f5a12bf0912380a43d9c697dade0364e8a51811f90|298
4820|7706ee778b6e68d3cc2506094e8f027b1d7b2c8c75acdb78a5bb6f0aea26548e|75
4821|a67af849eb7e0a9923ea553166b45fc9b408c63b45c2eb55438183c9c0efc743|241
4822|46a48755e8ffdeefeef6c5084389064e72f7efc1147c0d53addeb56e5f199f53|82
4823|bdb05a1c4c7d59a6ae31c0f5a12bf0912380a43d9c697dade0364e8a51811f90|298
4824|7706ee778b6e68d3cc2506094e8f027b1d7b2c8c75acdb78a5bb6f0aea26548e|75
4825|a67af849eb7e0a9923ea553166b45fc9b408c63b45c2eb55438183c9c0efc743|241
4826|46a48755e8ffdeefeef6c5084389064e72f7efc1147c0d53addeb56e5f199f53|82
4827|bdb05a1c4c7d59a6ae31c0f5a12bf0912380a43d9c697dade0364e8a51811f90|298
4828|7706ee778b6e68d3cc2506094e8f027b1d7b2c8c75acdb78a5bb6f0aea26548e|75
4829|a67af849eb7e0a9923ea553166b45fc9b408c63b45c2eb55438183c9c0efc743|241
4830|46a48755e8ffdeefeef6c5084389064e72f7efc1147c0d53addeb56e5f199f53|82
4831|bdb05a1c4c7d59a6ae31c0f5a12bf0912380a43d9c697dade0364e8a51811f90|298
4832|7706ee778b6e68d3cc2506094e8f027b1d7b2c8c75acdb78a5bb6f0aea26548e|75
4833|a67af849eb7e0a9923ea553166b45fc9b408c63b45c2eb55438183c9c0efc743|241
4834|46a48755e8ffdeefeef6c5084389064e72f7efc1147c0d53addeb56e5f199f53|82
4835|bdb05a1c4c7d59a6ae31c0f5a12bf0912380a43d9c697dade0364e8a51811f90|298
4836|7706ee778b6e68d3cc2506094e8f027b1d7b2c8c75acdb78a5bb6f0aea26548e|75
4837|a67af849eb7e0a9923ea553166b45fc9b408c63b45c2eb55438183c9c0efc743|241
4838|46a48755e8ffdeefeef6c5084389064e72f7efc1147c0d53addeb56e5f199f53|82
4839|bdb05a1c4c7d59a6ae31c0f5a12bf0912380a43d9c697dade0364e8a51811f90|298
4840|7706ee778b6e68d3cc2506094e8f027b1d7b2c8c75acdb78a5bb6f0aea26548e|75
4841|a67af849eb7e0a9923ea553166b45fc9b408c63b45c2eb55438183c9c0efc743|241
4842|46a48755e8ffdeefeef6c5084389064e72f7efc1147c0d53addeb56e5f199f53|82
4843|bdb05a1c4c7d59a6ae31c0f5a12bf0912380a43d9c697dade0364e8a51811f90|298
4844|7706ee778b6e68d3cc2506094e8f027b1d7b2c8c75acdb78a5bb6f0aea26548e|75
4845|a67af849eb7e0a9923ea553166b45fc9b408c63b45c2eb55438183c9c0efc743|241
4846|46a48755e8ffdeefeef6c5084389064e72f7efc1147c0d53addeb56e5f199f53|82
4847|bdb05a1c4c7d59a6ae31c0f5a12bf0912380a43d9c697dade0364e8a51811f90|298
4848|7706ee778b6e68d3cc2506094e8f027b1d7b2c8c75acdb78a5bb6f0aea26548e|75
4849|a67af849eb7e0a9923ea553166b45fc9b408c63b45c2eb55438183c9c0efc743|241
4850|46a48755e8ffdeefeef6c5084389064e72f7efc1147c0d53addeb56e5f199f53|82
4851|bdb05a1c4c7d59a6ae31c0f5a12bf0912380a43d9c697dade0364e8a51811f90|298
4852|7706ee778b6e68d3cc2506094e8f027b1d7b2c8c75acdb78a5bb6f0aea26548e|75
4853|a67af849eb7e0a9923ea553166b45fc9b408c63b45c2eb55438183c9c0efc743|241
4854|46a48755e8ffdeefeef6c5084389064e72f7efc1147c0d53addeb56e5f199f53|82
4855|bdb05a1c4c7d59a6ae31c0f5a12bf0912380a43d9c697dade0364e8a51811f90|298
4856|7706ee778b6e68d3cc2506094e8f027b1d7b2c8c75acdb78a5bb6f0aea26548e|75
4857|a67af849eb7e0a9923ea553166b45fc9b408c63b45c2eb55438183c9c0efc743|241
4858|46a48755e8ffdeefeef6c5084389064e72f7efc1147c0d53addeb56e5f199f53|82
4859|bdb05a1c4c7d59a6ae31c0f5a12bf0912380a43d9c697dade0364e8a51811f90|298
4860|7706ee778b6e68d3cc2506094e8f027b1d7b2c8c75acdb78a5bb6f0aea26548e|75
4861|a67af849eb7e0a9923ea553166b45fc9b408c63b45c2eb55438183c9c0efc743|241
4862|46a48755e8ffdeefeef6c5084389064e72f7efc1147c0d53addeb56e5f199f53|82
4863|bdb05a1c4c7d59a6ae31c0f5a12bf0912380a43d9c697dade0364e8a51811f90|298
4864|7706ee778b6e68d3cc2506094e8f027b1d7b2c8c75acdb78a5bb6f0aea26548e|75
4865|a67af849eb7e0a9923ea553166b45fc9b408c63b45c2eb55438183c9c0efc743|241
4866|46a48755e8ffdeefeef6c5084389064e72f7efc1147c0d53addeb56e5f199f53|82
4867|bdb05a1c4c7d59a6ae31c0f5a12bf0912380a43d9c697dade0364e8a51811f90|298
4868|7706ee778b6e68d3cc2506094e8f027b1d7b2c8c75acdb78a5bb6f0aea26548e|75
4869|a67af849eb7e0a9923ea553166b45fc9b408c63b45c2eb55438183c9c0efc743|241
4870|46a48755e8ffdeefeef6c5084389064e72f7efc1147c0d53addeb56e5f199f53|82
4871|bdb05a1c4c7d59a6ae31c0f5a12bf0912380a43d9c697dade0364e8a51811f90|298
4872|7706ee778b6e68d3cc2506094e8f027b1d7b2c8c75acdb78a5bb6f0aea26548e|75
4873|a67af849eb7e0a9923ea553166b45fc9b408c63b45c2eb55438183c9c0efc743|241
4874|46a48755e8ffdeefeef6c5084389064e72f7efc1147c0d53addeb56e5f199f53|82
4875|bdb05a1c4c7d59a6ae31c0f5a12bf0912380a43d9c697dade0364e8a51811f90|298
4876|7706ee778b6e68d3cc2506094e8f027b1d7b2c8c75acdb78a5bb6f0aea26548e|75
4877|a67af849eb7e0a9923ea553166b45fc9b408c63b45c2eb55438183c9c0efc743|241
4878|46a48755e8ffdeefeef6c5084389064e72f7efc1147c0d53addeb56e5f199f53|82
4879|bdb05a1c4c7d59a6ae31c0f5a12bf0912380a43d9c697dade0364e8a51811f90|298
4880|7706ee778b6e68d3cc2506094e8f027b1d7b2c8c75acdb78a5bb6f0aea26548e|75
4881|a67af849eb7e0a9923ea553166b45fc9b408c63b45c2eb55438183c9c0efc743|241
4882|46a48755e8ffdeefeef6c5084389064e72f7efc1147c0d53addeb56e5f199f53|82
4883|bdb05a1c4c7d59a6ae31c0f5a12bf0912380a43d9c697dade0364e8a51811f90|298
4884|7706ee778b6e68d3cc2506094e8f027b1d7b2c8c75acdb78a5bb6f0aea26548e|75
4885|a67af849eb7e0a9923ea553166b45fc9b408c63b45c2eb55438183c9c0efc743|241
4886|46a48755e8ffdeefeef6c5084389064e72f7efc1147c0d53addeb56e5f199f53|82
4887|bdb05a1c4c7d59a6ae31c0f5a12bf0912380a43d9c697dade0364e8a51811f90|298
4888|7706ee778b6e68d3cc2506094e8f027b1d7b2c8c75acdb78a5bb6f0aea26548e|75
4889|a67af849eb7e0a9923ea553166b45fc9b408c63b45c2eb55438183c9c0efc743|241
4890|46a48755e8ffdeefeef6c5084389064e72f7efc1147c0d53addeb56e5f199f53|82
4891|bdb05a1c4c7d59a6ae31c0f5a12bf0912380a43d9c697dade0364e8a51811f90|298
4892|7706ee778b6e68d3cc2506094e8f027b1d7b2c8c75acdb78a5bb6f0aea26548e|75
4893|a67af849eb7e0a9923ea553166b45fc9b408c63b45c2eb55438183c9c0efc743|241
4894|46a48755e8ffdeefeef6c5084389064e72f7efc1147c0d53addeb56e5f199f53|82
4895|bdb05a1c4c7d59a6ae31c0f5a12bf0912380a43d9c697dade0364e8a51811f90|298
4896|7706ee778b6e68d3cc2506094e8f027b1d7b2c8c75acdb78a5bb6f0aea26548e|75
4897|a67af849eb7e0a9923ea553166b45fc9b408c63b45c2eb55438183c9c0efc743|241
4898|46a48755e8ffdeefeef6c5084389064e72f7efc1147c0d53addeb56e5f199f53|82
4899|bdb05a1c4c7d59a6ae31c0f5a12bf0912380a43d9c697dade0364e8a51811f90|298
4900|7706ee778b6e68d3cc2506094e8f027b1d7b2c8c75acdb78a5bb6f0aea26548e|75
4901|a67af849eb7e0a9923ea553166b45fc9b408c63b45c2eb55438183c9c0efc743|241
4902|46a48755e8ffdeefeef6c5084389064e72f7efc1147c0d53addeb56e5f199f53|82
4903|bdb05a1c4c7d59a6ae31c0f5a12bf0912380a43d9c697dade0364e8a51811f90|298
4904|7706ee778b6e68d3cc2506094e8f027b1d7b2c8c75acdb78a5bb6f0aea26548e|75
4905|a67af849eb7e0a9923ea553166b45fc9b408c63b45c2eb55438183c9c0efc743|241
4906|46a48755e8ffdeefeef6c5084389064e72f7efc1147c0d53addeb56e5f199f53|82
4907|bdb05a1c4c7d59a6ae31c0f5a12bf0912380a43d9c697dade0364e8a51811f90|298
4908|7706ee778b6e68d3cc2506094e8f027b1d7b2c8c75acdb78a5bb6f0aea26548e|75
4909|a67af849eb7e0a9923ea553166b45fc9b408c63b45c2eb55438183c9c0efc743|241
4910|46a48755e8ffdeefeef6c5084389064e72f7efc1147c0d53addeb56e5f199f53|82
4911|bdb05a1c4c7d59a6ae31c0f5a12bf0912380a43d9c697dade0364e8a51811f90|298
4912|7706ee778b6e68d3cc2506094e8f027b1d7b2c8c75acdb78a5bb6f0aea26548e|75
4913|a67af849eb7e0a9923ea553166b45fc9b408c63b45c2eb55438183c9c0efc743|241
4914|46a48755e8ffdeefeef6c5084389064e72f7efc1147c0d53addeb56e5f199f53|82
4915|bdb05a1c4c7d59a6ae31c0f5a12bf0912380a43d9c697dade0364e8a51811f90|298
4916|7706ee778b6e68d3cc2506094e8f027b1d7b2c8c75acdb78a5bb6f0aea26548e|75
4917|a67af849eb7e0a9923ea553166b45fc9b408c63b45c2eb55438183c9c0efc743|241
4918|46a48755e8ffdeefeef6c5084389064e72f7efc1147c0d53addeb56e5f199f53|82
4919|bdb05a1c4c7d59a6ae31c0f5a12bf0912380a43d9c697dade0364e8a51811f90|298
4920|7706ee778b6e68d3cc2506094e8f027b1d7b2c8c75acdb78a5bb6f0aea26548e|75
4921|a67af849eb7e0a9923ea553166b45fc9b408c63b45c2eb55438183c9c0efc743|241
4922|46a48755e8ffdeefeef6c5084389064e72f7efc1147c0d53addeb56e5f199f53|82
4923|bdb05a1c4c7d59a6ae31c0f5a12bf0912380a43d9c697dade0364e8a51811f90|298
4924|7706ee778b6e68d3cc2506094e8f027b1d7b2c8c75acdb78a5bb6f0aea26548e|75
4925|a67af849eb7e0a9923ea553166b45fc9b408c63b45c2eb55438183c9c0efc743|241
4926|46a48755e8ffdeefeef6c5084389064e72f7efc1147c0d53addeb56e5f199f53|82
4927|bdb05a1c4c7d59a6ae31c0f5a12bf0912380a43d9c697dade0364e8a51811f90|298
4928|7706ee778b6e68d3cc2506094e8f027b1d7b2c8c75acdb78a5bb6f0aea26548e|75
4929|a67af849eb7e0a9923ea553166b45fc9b408c63b45c2eb55438183c9c0efc743|241
4930|46a48755e8ffdeefeef6c5084389064e72f7efc1147c0d53addeb56e5f199f53|82
4931|bdb05a1c4c7d59a6ae31c0f5a12bf0912380a43d9c697dade0364e8a51811f90|298
4932|7706ee778b6e68d3cc2506094e8f027b1d7b2c8c75acdb78a5bb6f0aea26548e|75
4933|a67af849eb7e0a9923ea553166b45fc9b408c63b45c2eb55438183c9c0efc743|241
4934|46a48755e8ffdeefeef6c5084389064e72f7efc1147c0d53addeb56e5f199f53|82
4935|bdb05a1c4c7d59a6ae31c0f5a12bf0912380a43d9c697dade0364e8a51811f90|298
4936|7706ee778b6e68d3cc2506094e8f027b1d7b2c8c75acdb78a5bb6f0aea26548e|75
4937|a67af849eb7e0a9923ea553166b45fc9b408c63b45c2eb55438183c9c0efc743|241
4938|46a48755e8ffdeefeef6c5084389064e72f7efc1147c0d53addeb56e5f199f53|82
4939|bdb05a1c4c7d59a6ae31c0f5a12bf0912380a43d9c697dade0364e8a51811f90|298
4940|7706ee778b6e68d3cc2506094e8f027b1d7b2c8c75acdb78a5bb6f0aea26548e|75
4941|a67af849eb7e0a9923ea553166b45fc9b408c63b45c2eb55438183c9c0efc743|241
4942|46a48755e8ffdeefeef6c5084389064e72f7efc1147c0d53addeb56e5f199f53|82
4943|bdb05a1c4c7d59a6ae31c0f5a12bf0912380a43d9c697dade0364e8a51811f90|298
4944|7706ee778b6e68d3cc2506094e8f027b1d7b2c8c75acdb78a5bb6f0aea26548e|75
4945|a67af849eb7e0a9923ea553166b45fc9b408c63b45c2eb55438183c9c0efc743|241
4946|46a48755e8ffdeefeef6c5084389064e72f7efc1147c0d53addeb56e5f199f53|82
4947|bdb05a1c4c7d59a6ae31c0f5a12bf0912380a43d9c697dade0364e8a51811f90|298
4948|7706ee778b6e68d3cc2506094e8f027b1d7b2c8c75acdb78a5bb6f0aea26548e|75
4949|a67af849eb7e0a9923ea553166b45fc9b408c63b45c2eb55438183c9c0efc743|241
4950|46a48755e8ffdeefeef6c5084389064e72f7efc1147c0d53addeb56e5f199f53|82
4951|bdb05a1c4c7d59a6ae31c0f5a12bf0912380a43d9c697dade0364e8a51811f90|298
4952|7706ee778b6e68d3cc2506094e8f027b1d7b2c8c75acdb78a5bb6f0aea26548e|75
4953|a67af849eb7e0a9923ea553166b45fc9b408c63b45c2eb55438183c9c0efc743|241
4954|46a48755e8ffdeefeef6c5084389064e72f7efc1147c0d53addeb56e5f199f53|82
4955|bdb05a1c4c7d59a6ae31c0f5a12bf0912380a43d9c697dade0364e8a51811f90|298
4956|7706ee778b6e68d3cc2506094e8f027b1d7b2c8c75acdb78a5bb6f0aea26548e|75
4957|a67af849eb7e0a9923ea553166b45fc9b408c63b45c2eb55438183c9c0efc743|241
4958|46a48755e8ffdeefeef6c5084389064e72f7efc1147c0d53addeb56e5f199f53|82
4959|bdb05a1c4c7d59a6ae31c0f5a12bf0912380a43d9c697dade0364e8a51811f90|298
4960|7706ee778b6e68d3cc2506094e8f027b1d7b2c8c75acdb78a5bb6f0aea26548e|75
4961|a67af849eb7e0a9923ea553166b45fc9b408c63b45c2eb55438183c9c0efc743|241
4962|46a48755e8ffdeefeef6c5084389064e72f7efc1147c0d53addeb56e5f199f53|82
4963|bdb05a1c4c7d59a6ae31c0f5a12bf0912380a43d9c697dade0364e8a51811f90|298
4964|7706ee778b6e68d3cc2506094e8f027b1d7b2c8c75acdb78a5bb6f0aea26548e|75
4965|a67af849eb7e0a9923ea553166b45fc9b408c63b45c2eb55438183c9c0efc743|241
4966|46a48755e8ffdeefeef6c5084389064e72f7efc1147c0d53addeb56e5f199f53|82
4967|bdb05a1c4c7d59a6ae31c0f5a12bf0912380a43d9c697dade0364e8a51811f90|298
4968|7706ee778b6e68d3cc2506094e8f027b1d7b2c8c75acdb78a5bb6f0aea26548e|75
4969|a67af849eb7e0a9923ea553166b45fc9b408c63b45c2eb55438183c9c0efc743|241
4970|46a48755e8ffdeefeef6c5084389064e72f7efc1147c0d53addeb56e5f199f53|82
4971|bdb05a1c4c7d59a6ae31c0f5a12bf0912380a43d9c697dade0364e8a51811f90|298
4972|7706ee778b6e68d3cc2506094e8f027b1d7b2c8c75acdb78a5bb6f0aea26548e|75
4973|a67af849eb7e0a9923ea553166b45fc9b408c63b45c2eb55438183c9c0efc743|241
4974|46a48755e8ffdeefeef6c5084389064e72f7efc1147c0d53addeb56e5f199f53|82
4975|bdb05a1c4c7d59a6ae31c0f5a12bf0912380a43d9c697dade0364e8a51811f90|298
4976|7706ee778b6e68d3cc2506094e8f027b1d7b2c8c75acdb78a5bb6f0aea26548e|75
4977|a67af849eb7e0a9923ea553166b45fc9b408c63b45c2eb55438183c9c0efc743|241
4978|46a48755e8ffdeefeef6c5084389064e72f7efc1147c0d53addeb56e5f199f53|82
4979|bdb05a1c4c7d59a6ae31c0f5a12bf0912380a43d9c697dade0364e8a51811f90|298
4980|7706ee778b6e68d3cc2506094e8f027b1d7b2c8c75acdb78a5bb6f0aea26548e|75
4981|a67af849eb7e0a9923ea553166b45fc9b408c63b45c2eb55438183c9c0efc743|241
4982|46a48755e8ffdeefeef6c5084389064e72f7efc1147c0d53addeb56e5f199f53|82
4983|bdb05a1c4c7d59a6ae31c0f5a12bf0912380a43d9c697dade0364e8a51811f90|298
4984|7706ee778b6e68d3cc2506094e8f027b1d7b2c8c75acdb78a5bb6f0aea26548e|75
4985|a67af849eb7e0a9923ea553166b45fc9b408c63b45c2eb55438183c9c0efc743|241
4986|46a48755e8ffdeefeef6c5084389064e72f7efc1147c0d53addeb56e5f199f53|82
4987|bdb05a1c4c7d59a6ae31c0f5a12bf0912380a43d9c697dade0364e8a51811f90|298
4988|7706ee778b6e68d3cc2506094e8f027b1d7b2c8c75acdb78a5bb6f0aea26548e|75
4989|a67af849eb7e0a9923ea553166b45fc9b408c63b45c2eb55438183c9c0efc743|241
4990|46a48755e8ffdeefeef6c5084389064e72f7efc1147c0d53addeb56e5f199f53|82
4991|bdb05a1c4c7d59a6ae31c0f5a12bf0912380a43d9c697dade0364e8a51811f90|298
4992|7706ee778b6e68d3cc2506094e8f027b1d7b2c8c75acdb78a5bb6f0aea26548e|75
4993|a67af849eb7e0a9923ea553166b45fc9b408c63b45c2eb55438183c9c0efc743|241
4994|46a48755e8ffdeefeef6c5084389064e72f7efc1147c0d53addeb56e5f199f53|82
4995|bdb05a1c4c7d59a6ae31c0f5a12bf0912380a43d9c697dade0364e8a51811f90|298
4996|7706ee778b6e68d3cc2506094e8f027b1d7b2c8c75acdb78a5bb6f0aea26548e|75
4997|a67af849eb7e0a9923ea553166b45fc9b408c63b45c2eb55438183c9c0efc743|241
4998|46a48755e8ffdeefeef6c5084389064e72f7efc1147c0d53addeb56e5f199f53|82
4999|bdb05a1c4c7d59a6ae31c0f5a12bf0912380a43d9c697dade0364e8a51811f90|298
5000|7706ee778b6e68d3cc2506094e8f027b1d7b2c8c75acdb78a5bb6f0aea26548e|75
5001|a67af849eb7e0a9923ea553166b45fc9b408c63b45c2eb55438183c9c0efc743|241
5002|46a48755e8ffdeefeef6c5084389064e72f7efc1147c0d53addeb56e5f199f53|82
5003|bdb05a1c4c7d59a6ae31c0f5a12bf0912380a43d9c697dade0364e8a51811f90|298
5004|7706ee778b6e68d3cc2506094e8f027b1d7b2c8c75acdb78a5bb6f0aea26548e|75
5005|a67af849eb7e0a9923ea553166b45fc9b408c63b45c2eb55438183c9c0efc743|241
5006|46a48755e8ffdeefeef6c5084389064e72f7efc1147c0d53addeb56e5f199f53|82
5007|bdb05a1c4c7d59a6ae31c0f5a12bf0912380a43d9c697dade0364e8a51811f90|298
5008|7706ee778b6e68d3cc2506094e8f027b1d7b2c8c75acdb78a5bb6f0aea26548e|75
5009|a67af849eb7e0a9923ea553166b45fc9b408c63b45c2eb55438183c9c0efc743|241
5010|46a48755e8ffdeefeef6c5084389064e72f7efc1147c0d53addeb56e5f199f53|82
5011|bdb05a1c4c7d59a6ae31c0f5a12bf0912380a43d9c697dade0364e8a51811f90|298
5012|7706ee778b6e68d3cc2506094e8f027b1d7b2c8c75acdb78a5bb6f0aea26548e|75
5013|a67af849eb7e0a9923ea553166b45fc9b408c63b45c2eb55438183c9c0efc743|241
5014|46a48755e8ffdeefeef6c5084389064e72f7efc1147c0d53addeb56e5f199f53|82
5015|bdb05a1c4c7d59a6ae31c0f5a12bf0912380a43d9c697dade0364e8a51811f90|298
5016|7706ee778b6e68d3cc2506094e8f027b1d7b2c8c75acdb78a5bb6f0aea26548e|75
5017|a67af849eb7e0a9923ea553166b45fc9b408c63b45c2eb55438183c9c0efc743|241
5018|46a48755e8ffdeefeef6c5084389064e72f7efc1147c0d53addeb56e5f199f53|82
5019|bdb05a1c4c7d59a6ae31c0f5a12bf0912380a43d9c697dade0364e8a51811f90|298
5020|7706ee778b6e68d3cc2506094e8f027b1d7b2c8c75acdb78a5bb6f0aea26548e|75
5021|a67af849eb7e0a9923ea553166b45fc9b408c63b45c2eb55438183c9c0efc743|241
5022|46a48755e8ffdeefeef6c5084389064e72f7efc1147c0d53addeb56e5f199f53|82
5023|bdb05a1c4c7d59a6ae31c0f5a12bf0912380a43d9c697dade0364e8a51811f90|298
5024|7706ee778b6e68d3cc2506094e8f027b1d7b2c8c75acdb78a5bb6f0aea26548e|75
5025|a67af849eb7e0a9923ea553166b45fc9b408c63b45c2eb55438183c9c0efc743|241
5026|46a48755e8ffdeefeef6c5084389064e72f7efc1147c0d53addeb56e5f199f53|82
5027|bdb05a1c4c7d59a6ae31c0f5a12bf0912380a43d9c697dade0364e8a51811f90|298
5028|7706ee778b6e68d3cc2506094e8f027b1d7b2c8c75acdb78a5bb6f0aea26548e|75
5029|a67af849eb7e0a9923ea553166b45fc9b408c63b45c2eb55438183c9c0efc743|241
5030|46a48755e8ffdeefeef6c5084389064e72f7efc1147c0d53addeb56e5f199f53|82
5031|bdb05a1c4c7d59a6ae31c0f5a12bf0912380a43d9c697dade0364e8a51811f90|298
5032|7706ee778b6e68d3cc2506094e8f027b1d7b2c8c75acdb78a5bb6f0aea26548e|75
5033|a67af849eb7e0a9923ea553166b45fc9b408c63b45c2eb55438183c9c0efc743|241
5034|46a48755e8ffdeefeef6c5084389064e72f7efc1147c0d53addeb56e5f199f53|82
5035|bdb05a1c4c7d59a6ae31c0f5a12bf0912380a43d9c697dade0364e8a51811f90|298
5036|7706ee778b6e68d3cc2506094e8f027b1d7b2c8c75acdb78a5bb6f0aea26548e|75
5037|a67af849eb7e0a9923ea553166b45fc9b408c63b45c2eb55438183c9c0efc743|241
5038|46a48755e8ffdeefeef6c5084389064e72f7efc1147c0d53addeb56e5f199f53|82
5039|bdb05a1c4c7d59a6ae31c0f5a12bf0912380a43d9c697dade0364e8a51811f90|298
5040|7706ee778b6e68d3cc2506094e8f027b1d7b2c8c75acdb78a5bb6f0aea26548e|75
5041|a67af849eb7e0a9923ea553166b45fc9b408c63b45c2eb55438183c9c0efc743|241
5042|46a48755e8ffdeefeef6c5084389064e72f7efc1147c0d53addeb56e5f199f53|82
5043|bdb05a1c4c7d59a6ae31c0f5a12bf0912380a43d9c697dade0364e8a51811f90|298
5044|7706ee778b6e68d3cc2506094e8f027b1d7b2c8c75acdb78a5bb6f0aea26548e|75
5045|a67af849eb7e0a9923ea553166b45fc9b408c63b45c2eb55438183c9c0efc743|241
5046|46a48755e8ffdeefeef6c5084389064e72f7efc1147c0d53addeb56e5f199f53|82
5047|bdb05a1c4c7d59a6ae31c0f5a12bf0912380a43d9c697dade0364e8a51811f90|298
5048|7706ee778b6e68d3cc2506094e8f027b1d7b2c8c75acdb78a5bb6f0aea26548e|75
5049|a67af849eb7e0a9923ea553166b45fc9b408c63b45c2eb55438183c9c0efc743|241
5050|46a48755e8ffdeefeef6c5084389064e72f7efc1147c0d53addeb56e5f199f53|82
5051|bdb05a1c4c7d59a6ae31c0f5a12bf0912380a43d9c697dade0364e8a51811f90|298
5052|7706ee778b6e68d3cc2506094e8f027b1d7b2c8c75acdb78a5bb6f0aea26548e|75
5053|a67af849eb7e0a9923ea553166b45fc9b408c63b45c2eb55438183c9c0efc743|241
5054|46a48755e8ffdeefeef6c5084389064e72f7efc1147c0d53addeb56e5f199f53|82
5055|bdb05a1c4c7d59a6ae31c0f5a12bf0912380a43d9c697dade0364e8a51811f90|298
5056|7706ee778b6e68d3cc2506094e8f027b1d7b2c8c75acdb78a5bb6f0aea26548e|75
5057|a67af849eb7e0a9923ea553166b45fc9b408c63b45c2eb55438183c9c0efc743|241
5058|46a48755e8ffdeefeef6c5084389064e72f7efc1147c0d53addeb56e5f199f53|82
5059|bdb05a1c4c7d59a6ae31c0f5a12bf0912380a43d9c697dade0364e8a51811f90|298
5060|7706ee778b6e68d3cc2506094e8f027b1d7b2c8c75acdb78a5bb6f0aea26548e|75
5061|a67af849eb7e0a9923ea553166b45fc9b408c63b45c2eb55438183c9c0efc743|241
5062|46a48755e8ffdeefeef6c5084389064e72f7efc1147c0d53addeb56e5f199f53|82
5063|bdb05a1c4c7d59a6ae31c0f5a12bf0912380a43d9c697dade0364e8a51811f90|298
5064|7706ee778b6e68d3cc2506094e8f027b1d7b2c8c75acdb78a5bb6f0aea26548e|75
5065|a67af849eb7e0a9923ea553166b45fc9b408c63b45c2eb55438183c9c0efc743|241
5066|46a48755e8ffdeefeef6c5084389064e72f7efc1147c0d53addeb56e5f199f53|82
5067|bdb05a1c4c7d59a6ae31c0f5a12bf0912380a43d9c697dade0364e8a51811f90|298
5068|7706ee778b6e68d3cc2506094e8f027b1d7b2c8c75acdb78a5bb6f0aea26548e|75
5069|a67af849eb7e0a9923ea553166b45fc9b408c63b45c2eb55438183c9c0efc743|241
5070|46a48755e8ffdeefeef6c5084389064e72f7efc1147c0d53addeb56e5f199f53|82
5071|bdb05a1c4c7d59a6ae31c0f5a12bf0912380a43d9c697dade0364e8a51811f90|298
5072|7706ee778b6e68d3cc2506094e8f027b1d7b2c8c75acdb78a5bb6f0aea26548e|75
5073|a67af849eb7e0a9923ea553166b45fc9b408c63b45c2eb55438183c9c0efc743|241
5074|46a48755e8ffdeefeef6c5084389064e72f7efc1147c0d53addeb56e5f199f53|82
5075|bdb05a1c4c7d59a6ae31c0f5a12bf0912380a43d9c697dade0364e8a51811f90|298
5076|7706ee778b6e68d3cc2506094e8f027b1d7b2c8c75acdb78a5bb6f0aea26548e|75
5077|a67af849eb7e0a9923ea553166b45fc9b408c63b45c2eb55438183c9c0efc743|241
5078|46a48755e8ffdeefeef6c5084389064e72f7efc1147c0d53addeb56e5f199f53|82
5079|bdb05a1c4c7d59a6ae31c0f5a12bf0912380a43d9c697dade0364e8a51811f90|298
5080|7706ee778b6e68d3cc2506094e8f027b1d7b2c8c75acdb78a5bb6f0aea26548e|75
5081|a67af849eb7e0a9923ea553166b45fc9b408c63b45c2eb55438183c9c0efc743|241
5082|46a48755e8ffdeefeef6c5084389064e72f7efc1147c0d53addeb56e5f199f53|82
5083|bdb05a1c4c7d59a6ae31c0f5a12bf0912380a43d9c697dade0364e8a51811f90|298
5084|7706ee778b6e68d3cc2506094e8f027b1d7b2c8c75acdb78a5bb6f0aea26548e|75
5085|a67af849eb7e0a9923ea553166b45fc9b408c63b45c2eb55438183c9c0efc743|241
5086|46a48755e8ffdeefeef6c5084389064e72f7efc1147c0d53addeb56e5f199f53|82
5087|bdb05a1c4c7d59a6ae31c0f5a12bf0912380a43d9c697dade0364e8a51811f90|298
5088|7706ee778b6e68d3cc2506094e8f027b1d7b2c8c75acdb78a5bb6f0aea26548e|75
5089|a67af849eb7e0a9923ea553166b45fc9b408c63b45c2eb55438183c9c0efc743|241
5090|46a48755e8ffdeefeef6c5084389064e72f7efc1147c0d53addeb56e5f199f53|82
5091|bdb05a1c4c7d59a6ae31c0f5a12bf0912380a43d9c697dade0364e8a51811f90|298
5092|7706ee778b6e68d3cc2506094e8f027b1d7b2c8c75acdb78a5bb6f0aea26548e|75
5093|a67af849eb7e0a9923ea553166b45fc9b408c63b45c2eb55438183c9c0efc743|241
5094|46a48755e8ffdeefeef6c5084389064e72f7efc1147c0d53addeb56e5f199f53|82
5095|bdb05a1c4c7d59a6ae31c0f5a12bf0912380a43d9c697dade0364e8a51811f90|298
5096|7706ee778b6e68d3cc2506094e8f027b1d7b2c8c75acdb78a5bb6f0aea26548e|75
5097|a67af849eb7e0a9923ea553166b45fc9b408c63b45c2eb55438183c9c0efc743|241
5098|46a48755e8ffdeefeef6c5084389064e72f7efc1147c0d53addeb56e5f199f53|82
5099|bdb05a1c4c7d59a6ae31c0f5a12bf0912380a43d9c697dade0364e8a51811f90|298
5100|d15345f8ff6ab6fbcff23fa36ad9fe39d6b6c169a7a3ff292230a077f008cee7|99
5101|78547f2df5132f0e641224c60fcf45259af90620fc1a791f8e1c7adcb88b298e|27
5102|e9401e33f484db3e786738d76e23add225fdfd1a75960819c9132942c5d5196f|6
5103|6efbf0ebe5be5d3b2d0a2df5f762121315a0c9faf0a5c31eab0bf4d338abf127|711
5104|5d6aa585a6545139b9653bba5bed9187c6f48a49b1bd8e1098e8f565855f74ef|54
5105|930d36a4babf84ed8ac8e984fbb277c1fb3876e1da2265219010af3db862c266|379
5106|b728667d7da53fd952c8d4451611f2fdb0e6ef6ebcab64cba75c4ce33bdccaa0|144
5107|7b89c07b1ca1f9c815198bb80a315f2e7604a95fad3b1cc372e73b2e1ec0e78d|315
5108|84f7718496b021e505d670f86270905a3261b3246302083dc8566511dc96dbff|134
5109|0fffad2c7c38334e92d5569fa39d96b342acbd598b411c947225b5bdf64d43fb|318
5110|3b3a6eb70ff0fd088eb5770d8bde7ea32f36820da4961eb0bccbcc05af4d6650|88
5111|66d234f05cfb4e593ac4b1eca583b142bb416d87087c93ee16ad54e9d7c57a7f|37
5112|c15dfa1316fcf0f73347d1ce3b2980953fc9ac4efb69e38bda210f93d77ebc05|88
5113|ed5ffec041315b8951f18e7dd916e1f568f2477e4fc387451138d3a3e5c3de51|53
5114|0e33b31a689d7ffcc4558474644b32440b56bacc16ab13c5c46b9bf2dd60dca1|88
5115|4e95887cf279235d1d4cc8dc8a5d3a703acbd9ddd22205914b80fd7cede6a922|649
5116|8f9cf3a8bcdf29612f65684ff1296f424fe545fb8077508735399a5ad6c0f8c1|70
5117|9f9dca290eda254a5cd800ebfef26b030cb074efc132f19957702e852e4278f0|352
5118|1a5bac0cb42cb0f682f3b3ebf28294b098b2744d5df0c661cea26add073fc57a|29
5119|b232798a4390f477b277b638d236e6a80cdde94ddf89cffb47700de287750e0a|209
5120|8fe1811f006fb0684a451827c576a7c7d9c62d6ef2832844f2aa78c04f943695|13
5121|930ddbc1b3619e25b9452216971192be3c4ca7101f0d6fb96292bb4af5766d35|21
5122|31d9e8120cd4e1495f69b36bbf0fdc28c13d2fc600944260975ac8c0a870e2c7|10
5123|092740c99e1da32d6f00c41b01d6e882ea64368d946e19a4f2f5fd75b557873b|264
5124|a348c54e1568d78677f46e75b5bbcf02e717ecf7b8645456f1d08ee1b49aef1b|79
5125|41b2165c4aff31c4b26b646a1094e30a6f743b4a1c6281aab439b9eb10db5d9c|358
5126|0842ad8140b4f32ccc221e7c8163df78cc22bfabe8117334c9a4e395e5a30e59|73
5127|756f6ab91235b090c507d6e35a533c9a9d9c6f4b9d98d813e06d94f1058c9adf|622
5128|0273fa3895cf5274c927da24cf47bbcf4b94b4e22b533d29954600d5267db8cd|16
5129|036a3e531d4272861e5a36d14eb030e1e579bde0ee9205ef50e98076ac534ddf|10
5130|2b011fd7c872fc14e1a098d4c24ab3a1e295f1585d0d6e22bde4f1d8afe692fe|56
5131|1547ba43c27c1d903a029fc65b8773ccb5746536409a45218c6c916b269dbf87|48
5132|0823eb9bef87bc3f147713dd764b19f32e0980330225c151fb85f409e0694bed|79
5133|d05de1865e66d07761bf15bd8faae399724db8e515d9683650eb9ba95ec11e3b|1161
5134|64d8c3ff8f0bcac1a7f700e879d7f7d44eaf3c9c88fe305d3b1b235e993c1356|11
5135|c7acce38032a06d0594f870fd2a795f059f8cb1303c3e428f22134b8d5e5ccd0|1
5136|e9d50f4da27f8764de9598cf51f03731e60a28a83f521da32bc6d2a10fae7331|71
5137|e4c140a432c29379f82d640d9ee294feeee1e3cc95b4e8a097c77bf39fc40c0e|58
5138|4c0dfa97751e22d1be3c755d92c87691cd6c6d1664018d69d0529df3573ffbae|2
5139|2920aea837e564a4b2550f9af0569b39fcf3e5563992379d511d6be76746a3d7|566
5140|fb822c7c0f666dd8e47136b9be87278730920542df7eac9f9b9b3689a7d532eb|2300
5141|d1f7a5dca651a94ca6af028f1f8ab4e96083d136e3e544cfa8e2ff43dffd14ae|2300
5142|ec97f2601f5d2385cbb94592417ba3dbeb5b05c000fe05729eeb5b6770d80b9a|2300
5143|bb996fa20cfbe5380109b28ec21a8195f6512bfc0b13f14d66eed7c0d952662c|2300
5144|21e02ccdd4ff89e751bef8df56f2b06f3e70739ad7ced9e4f451257779fc325c|2300
5145|f9bbee156055a2449b4c2703e695375bf925a6db31e2010e984a49791b0bfc81|2300
5146|dd2ef4e9a95ee9e958c78e65ba8ab538ced0cfde6f3db8227fa56204673a1c61|2300
5147|43b5c9c4734465de319147cd12c741cfc81c133ef00718c4d9b36c6e0566446b|2300
5148|5379c5d5eb61bcc6a7c633afda0b663aed83ba84c8409edddfb7d53f8cde4091|2300
5149|b0c026009d482e3aa2b9d83c108d0a3fdba4a3014c3b97d997ef0a9f9fb08c0a|2300
5150|099592a2bfa62d0c22313e5a07dd3752bcb88bb4e88c1b47fe70e718fff1de54|1448
5151|d67938924c1df82171b4b67592da91b5506d05c97a22fbb47b469c4db43ea0b0|1588
5152|d57500acda09b4a9e619d76ae867c6f530de258de00f47c2085040b8911d9d0c|1574
5153|35cfb46eb6c24079d19aab1ddfcb95cbb2aabba2efaa42553a0aa52dff6b733a|1169
5154|96ea8b85f0a9981cd15b22868c800865a63f7d362e36add740dfbdbe6fb0bca0|1742
5155|5cb5fedf5a01f8ee7d209821afaf18f89af23996a0b1396607629e9e80a9b281|1422
5156|11af42c8dc496f7aaabec54f1373f7b612974c578fd119098ac51c110357a18c|1877
5157|7c2f848779fb3631fe8deb90120fbf1414775c1acada7ea38cf859e31c2bfe90|1887
5158|a8b332637cf94b4e5ecb13bed3ce3385b4efcfa4d9374420bc43f9bb2e172db3|1673
5159|31c4923e4334b65279b4e13eb510e18f4aedc6110d2b5d1621dc81f94323a082|1638
5160|01618118be6dfcb41b5fdc537af98ef44a25efd8288f5d63d55d9594f7244033|10398
5161|0992bf533eeaf6cc91ac38b44a06ea20cbc1e1569671c519820e3de4cd3cd08a|19528
5162|35f560d511cab3a529f5e7f8ab2a1c44344c08d87d772adbcc9886a40e387e3a|11113
5163|22accba0022d3a49e8606620f78928d0330515bbcd6a12777faf1109670f9911|5062
5164|841bd396d6ad20c58b5d27b032556913a81a40be6d691397bc3845b2ff09ca22|11763
5165|567c8041ce3fc5dffb778b6d646ccd59c8ba18f4d1ca2e7d2011fb123f2179d0|15544
5166|0dcf8aa2ad308be5b31cfc4dd412d18b7ace3a5d8ad64825c14c77d4d3c55538|10367
5167|1e1725cc102cfe4ae87864b658c3dc6d60706107088d56a8ffe608780708890f|4746
5168|d8f3b43f442abe7d282bf6549481b9e6e6d12ff8ae5bce4591038b1b669f9ed7|8193
5169|0d7beee2ff4b2cff3e6bab27ec025b77c4f4943846fbb48ae89ab7ab65abde8a|4613
5170|cdcd58f06a29d812b85c820c3b8674ef9ebf6677295309dab7b3e42cecfffa65|5706
5171|a4a3ed7ad5d430f03a3b7b69e8c1d3914254faaeface22b5f5a420885deca359|4657
5172|dc07144e543608c4eec2b0aca59e6870b3083432bfe3d2d3e844235057b4403b|7345
5173|f6410ca2bc1b0fc9be930e13462c788581838f6e1ab28e9706f3c93eb2094c00|12117
5174|c1f85ca7c0bfc88d712bf9a0859ff7a5fa6ae45783cca10a467a2397ffc05518|895
5175|8ad18b662acbb8dcee17bba768a7e119ab746c8f477eef7e1eb0d2b1925f9daa|1129
5176|30e338a0aa94f00a4186f056570bf708f925e844a64379678250254041967f92|1654
5177|88395242ef6633df127113e853bb05e30fb8092c6b12383f626dbc7364fdd2fb|199
5178|d36ca73db425898984b74025c40d59bd62e967de400c8a8de0d500e95a6bb963|2660
5179|5969d5ea23df58818813e06ea5c848873862956d41617c6dd1fc0d687df991b4|2341
5180|b939e3a04113956fa1efed0710e64eb5a820d2491887731758dd464d5321cf40|954
5181|0f54afd53d30a18537e52bbdfc7c5c6fde615e154e86e723d13a31646ff903a2|1674
5182|c2a1b364916b3474210e09dc977fbb7305fa68a8935e2565335433c2df49bb4e|2039
5183|0ee01c3e79df4a3ca5a4a50f6b8dfa79c6b9bf41c75892fb774f47cf0cf46aba|2689
5184|515287a2572a60de0d96eb70a858e69f6b92cf7e363297fe4442755900462bb4|1537
5185|f842b8838ff206081467d2d0c23282db7ded91aaef64a1cdc028ec357b6b1567|3188
5186|896bfda91e4fd9d061f6753d4b95dadcd12a0f14053f341b38d7c203ab3021e1|2855
5187|91c0be6df393e9c974308498ded101ce41f829e510bf6f82a2ea298c5f50a58f|791
5188|064c6cb5d76facb1de1cba803a0a48fe50b0a94ab8ae5de060851afb78664274|495
5189|467299d8356a8e63e03a0c7d03908bec6851965f7c68330e547f5bd1ffff6183|499
5190|9a006b00a846557fce679d87fc01639ff2356cb9aa4cd55363980f8e3619168f|570
5191|a8f646d2e7a5b7b80bc2a26e472f2522df7dc75839da4201810eb44d2af35df6|478
5192|67dfd0f2bb8e80b6bdd42248bf7a692e5b080a49e18f145fe2f2c8febed1f1f9|5670
5193|1198e89acef2c927dde9c1b3fea3493d66eed658cba8dc3ae4fde4c7441af694|837
5194|f3ef70a5fc599ebf4bdab6aa9316c2403d68cdab100e689dc756bf0f79e62326|330
5195|b07ac89984b62337f67745be7407c156f8829e9af97b985b552e95685d7b80ef|197
5196|a2e250b3e4e22c186b33fda628d4a0c87c6a3790b4b91a86f1be707c0b084499|227
5197|0914e1fd61f486b2ee2a4c816519318ae1ce50ae91b93b03bd103ab3f6bb93ee|199
5198|ed0c41a42fe23ef95e808554b08250f347c742d98a1dd59088d85aff74e3b31e|326
5199|6e699dd9f16d54cd0d20514d475f27e1bc7f29ed240ad8c75f78e5c3393129c6|906
5200|b1831c0c84a7b67df8cd6ce8b2e951430232db73cb4977645c961f5fd9587e77|3
5201|b1831c0c84a7b67df8cd6ce8b2e951430232db73cb4977645c961f5fd9587e77|3
5202|b1831c0c84a7b67df8cd6ce8b2e951430232db73cb4977645c961f5fd9587e77|3
5203|b1831c0c84a7b67df8cd6ce8b2e951430232db73cb4977645c961f5fd9587e77|3
5204|fb21b2de45521cd50d7e903ca3178437d8afd2ee7416eaef84647e2b85af16b7|3
5205|afddec9e2b33ef30f5e38e03b3abd4e09a1620114c3a182d0ea97f358d679efa|7
5206|e596bd8c5f810ec06dc7d269af33f906bc8a7ba1a4ec787d1efbb5975dc96e33|4
5207|0dc07a1003516a0918b18037e6467f69fde2c930f559d9ce2e19909367518e69|7
5208|b4dac1efc980cfff14afdd5650762cf0db9a0d2dd5f6d452636a4be10668bb84|3
5209|18c2eba85c952c87dc84a3e0be96490a35dd2fc1e4110e0d18e368a3b1853280|3
5210|9c03c67b5d70d152d1a022a26cec143a0f8418e74cfe26986576d7cfc0d1729b|5
5211|a759d07c2a03b780d1031c6ecbcf58f03dd73e73ce8cf42aa67ed6ce1e32794d|3
5212|c4b1b3b517988289472957f06bc345e980e3003047384ed752d504260457efef|3
5213|961e80656d00a4473cbc7dbdf539f2718d009308975d8baee775c55cb42d37da|3
5214|f4dfedb47cd2dc7e3cc147238762d0d0395df7c497ac5de0cceac1b59cd8735d|8
5215|257a025a7ba0f2e168252f62d198c93dc04a46864ca62f9257d11113b1d9f50d|4
5216|e2c69da776d63f71f85bf0e8fdf13a96f5f171a5149a34f02a83bde1b0d0f263|4
5217|fbc874f5f485adb378ea42d13b8411258f9e9809ca5597b54739f6cfdb59ed19|5
5218|b068766c60b2ceb640a5d2933342fe3110dab5e59df04b158b06b5440d6f69d6|2
5219|f8ca0c5945e2c915b760c33c1c876dba53b5275313927e09f5fecd78d1729762|3
5220|4686c78dc1497e1dbf0c1a0cbd14b8bf6fa65572aa7314e900105ae1e41b218f|3
5221|e0050f6db861c64bf424e5a079ba59c7fe8a4fbfe40d211a1b8e5bca187c2fd9|7
5222|2922e1c1e64398c7e7251c83490369d5c01ceeca55a89ab6da0c5619e64ff8b3|3
5223|86d5beb9ea0c36d458552dfb2ad85a29e7eb1f35bcc505f6cdaf557d9be99396|3
5224|a3f1c75178ddc97e89f75a92ba7a45f0624bb07031bbbed85cd07511cf04a51b|3
5225|fbc874f5f485adb378ea42d13b8411258f9e9809ca5597b54739f6cfdb59ed19|5
5226|bb5017045b316121dbb9456786ee56c1df9314eb4dd95764794c7ffd475ed7e8|3
5227|21c3a14ec22c45109b61c43a0f0616758ad0479bddf4d8356169f6e85762328b|3
5228|1316bcb2cb2bf77eb5577e0cefa01a7f76a4189bf26e598c434dc3480de62863|3
5229|4826b6a511338e7f53a482eef86a7d524be8e6e0c2f2b642811e4db72851436c|3
5230|b657e9a5867365499c649be52a2cd7c6d5b13af23f465993d10a8d5cbfb92093|4
5231|e03caa34a6e7eb937c43305519b0a560f65617d907c20d79d971adb208830d4b|5
5232|15f09335cdf22ba54de95254ec381d47ed7557591d08205543ee9cad0729ff9c|3
5233|bcbfcb1c423280b42e06c259d46bdec8b77a521892d5fa41968f38907bd0c930|4
5234|b5732b36fb18c69b6f06ab70da5d95bc0f34df5e46d195e240b4adf0123a476d|5
5235|8be53114db9240b1abd57b09e0adff39933a655f8ac2c0180370412b341ae8de|3
5236|f6667e186b990365e8612d067b6a7945994d0f0e2e0d470ec672b684465cb716|3
5237|c1bddf1e382b6d368888e8e0c51bad11a86adf85d4dbb048986676ef4953fe38|3
5238|bddc590f72b0b7cfe2867e0028ce59ee938a3f1a47e18c52cd55dee04f7c69a7|6
5239|f78139461e14936090c37b2846ee26595adf2053773383bbe9d0ff7fe0ca9655|6
5240|1e3b3995f9c9000689a26020204b8c32d39860b68d2a1612e8ffad1c1c09cb09|3
5241|ba4ac18ace9068f256f824380c1de61feaebd21c4912e1921daebc92c8031c4c|3
5242|ab04dade9b7d859ebec801aaa90242afb7aaf19058863b299039cf04adbed197|4
5243|f8ca0c5945e2c915b760c33c1c876dba53b5275313927e09f5fecd78d1729762|3
5244|5539d6070f4ff1e2034afd39d8fc75954d77e17619473311311a280683ea6d81|3
5245|5f102e64b5309a0d2c91da8ad1f283b35512ed3c245fc1cbc240642723cf198b|3
5246|ee39147cec1798de13449746f56685748d069445fd12f3f6f6271187a91a7586|5
5247|5abfa778889b4e604eec10ce419969a4b0d791535f8a20ca0ba7fd535da6f2ca|5
5248|78b240931ea2ad78e94888935426ee05adf043c8ebaaf09f4cb33f8b0e0c23c2|3
5249|3d8733e3577d5dc1ca30d130452e656ef2c6323360095fc5258aac1d90a9dc5a|6
5250|aab4affca31a212becfbfa6cff50c169efff8ddca106c302f6a28c374d139aa6|3
5251|0be909afd91fff474d01bd14ad7f5a7e35892c2b906264b856de689c74f6004a|3
5252|7c3868c0ed861d148754b3fdb092109e501ab0b89e2cee1f1a79f1b91b0806ac|3
5253|b3a2e1e6b9a760c547becef64c666fad3d2c9ba19205bd8375b491fc3db35482|4
5254|afddec9e2b33ef30f5e38e03b3abd4e09a1620114c3a182d0ea97f358d679efa|7
5255|be97f83a7c9847821a55a425d0c08b73f4a17e615a042f8b9004258b3fb3ecf0|7
5256|b0dcff552d06ad9f7dc5390b762fc36b27ef09a07d1f81e76605af8b4a55f96b|3
5257|1ac923873c73099b1079a69705f63b3db4cf11bfa8e9e947c91adfa9bf3a11a7|6
5258|5b5cb28de31c41f36a4cac03c3ed5f6df57bb21b43eaf807df52158f64bcc7f2|4
5259|f8ca0c5945e2c915b760c33c1c876dba53b5275313927e09f5fecd78d1729762|3
5260|bf6f63ac8ad6fab2e2ea5e7ca39f5d974607ac19eb6c9b8f2940785988653052|5000
5261|8a314dbb8d8e05b57354b898cfba5fe213d11d4647fb78fe9545021e4ef8982d|18898
5262|554de28d63f43d1b6be4724f5aeafb428fc93cbabf1cdb334c61960747344ca6|735
5263|5c02c1a447d99edf3c95b37c8e36dae799ca5eb569cc4e0c5c374f2f1520e1ab|5000
5264|45e8cd5e1a33345d7764b7f95e4b0caea014d64b946ebdd3dc80630dd1fd19ea|114971
5265|8d4491c4bb7f70a1f19e365c552d4bb27401556c23ffca70a58ce2c2c2cd0b7a|20854
5266|ef7d05205eb734f17066820b3b249ac400d19160bfc2fd2001f19944299fcae0|5000
5267|a97ce42d7a1de36b107a38ff69e9fc2e68a7c0ae051437a51b2d68cc504d5162|164110
5268|4a6bf4a0c79459364f2151e6bbd3151cba779c89f38d6e2e0d1b8b5d0e427a83|121120
5269|e03086026df6ee756c29ea884fbb2e51769440687aa7c04c16168801d53d5116|5000
5270|a7f51a9697455e22337cc19b2f8285a5cac8ad492dabf56d8a6ea34b79694546|2754
5271|2ffb6ee23279c99f2870a49c880d260dc5bf9ae96db4b6758145aa40c355aa6c|227888
5272|5f98ca5a0846892d506ddf5e2d621883e67040db1fc376596c253405b64d398b|5000
5273|1b20b39c2f8ba133e970a1e847fa33d4fa8f9ad9447ef7f05d77f0229721eb7e|31140
5274|2fb7691c017da7c800c1d29201edadb1982e9cafda97a6ac541bece78a1bbc0b|546
5275|284bb61e6737ed8170c311eff0bdc4bbe423417bb338fc7d1c1cb14c33f9d166|5000
5276|4d8153d3056e8656dbcdae46ac1ed72e2018c5e6438f397192da52a26a308c33|193857
5277|f91a525c5770dd5dc6a537711a83d444fba7504412bb0c2f6c5690bb82327144|25989
5278|ef3ab5e6c6759539476382f5ad8796b94b53bda7b95743ab183ed4e17e864bd4|5000
5279|2da5acdc2bfad67dc981cdfa0d6d4dcd0017edb404485694b0ba15df1d96e9b4|154395
5280|43d45bdad0a32853ad57f115fdc82ad41e1624abbb8ff3e27c370640a4baa2fb|212559
5281|3252f2bb68ddcaf9b0f382192ac13616c28f5d854f3523c16e52b76581643c15|5000
5282|dee9ae370358895c9c18f0f528e4db59417317ef307a1bb5631959b99a9697e3|1034
5283|0f39bfb49399196d18cc724247ad2f209957c82717c0716ba985b673703ae493|158034
5284|2c3af81e0ee2304dbb044139b72dde592911501729cced573565ae2b235c512b|5000
5285|046cd3964cffbe8abfadcc410657425b2398b3e0fd3fc4c6a181c2bd1da13283|28541
5286|beb40baf2a01e9e393f93d56738c8511d49cc5351b80929506af442a2febd68a|2022
5287|4fed2de6394866d92640a824cd582bd1f91dda822be0a069a1d69616efbb35a7|5000
5288|e1b3318ade7a8d728cf3fcb40080b7a081f1110ee81349af36f967efe0ef98b3|109196
5289|f013bd91f1a47676bb94ff738031027aa58aa1da539711c173fbf55f080e16a8|16862
5290|525f2938b01d056584a57105d8fe9ccb0488bc71a23ed6335ee6dd95f9ee6190|5000
5291|b0aa78e5be125214c42585560584a9334ed3e3e5a388cbb009204db36a2a20a7|96626
5292|2b4b9ee4436303341909124ad4aa58176258ce0486cd7c31bc822c658c0d68a0|189154
5293|7662ff6a2cb55c636fad9d604d505e9635d1e5783ba48a0262455756766f3a10|5000
5294|e31bc8ed340e8d2da3de5e44b17c2544d0f3618f485ef98a3ef28c7cd4cfe254|930
5295|51eb1114d67209b5fb89994758f990144c066ea767e74001e3cff00b2db8df86|119869
5296|2791579c86c057ef1b20a10d211d36eb93795d633e74ba795e74c17ab6a6f3b2|5000
5297|c5706958501b7a5e552c8beb1feb03d4bd5e6780c00704783f09786a44f5e7a8|30963
5298|a6572380a036e9cdcee5c429a8c063499c4bd4b232265b86c2f728ab50719502|559
5299|0d612e716f0fa19d6e89bc1119973b914c2b77d116c0b6430b644e16ba78b784|5000
5300|d2040b80797f74adf16da39ad1ba82863f2f734cacb5eb42ac68fecc000f7789|139566
5301|9cbfb99c1e29314e4c62920ecf6a65ceda0e8d6070362eea4fc6711477275335|43068
5302|76900e6094e5686eb32e9742a38f24c2a18957b72915732536c32d5281fede14|5000
5303|864e939caa5c4eab5cb87f95c7559a552e6b21974a4adbefe79a435e0bf268a6|108132
5304|0d1a2250a1565b82de5ef3d1b9535f8222fc434ab220f78d552643ddc06bfbdd|155049
5305|9ed1472ce08e7483d39fdcba6cf43ec5373f414da7e9b97571675a7eaaa8c914|5000
5306|dc437f5716d3fab982f4f7bd60b6805d7d6fa14974e51d6cb019f53d42bffecc|763
5307|020a5ac73355baca5d610bfea3158bb98ea767fc9a464e3e5b3f74f6d1a3de2d|100247
5308|07e91a4cea4ec73ea09fd8ee2c41688cf99376087a05c394ae52418d4990eacb|5000
5309|090389bed5b72b4c0b9bc6acf27d32758517d2dcbcbe4e37660eb0dc77f4ff71|37966
5310|b3b4f009f47e0fce4ae6673363bad915125a717243883096479a95980a38ac3d|1109
5311|6a9c7769ced826821a3f9a073a1da3dfe5e5fd4340cba9c7bf090998defcb025|5000
5312|39fa3b96ccdeed52c6b2900e8b443e6fd6dec506eae3af9a9c01f89dee4fa0ac|102467
5313|eb89e80f9e45fe61024ebdb06e9829252dedf9485f7054ad9dd677159484ff82|31631
5314|0045627f3d39a15907d548a8e7cd8526e2f15d5fe64202f982283c9435d461cb|5000
5315|7846159e25193d00aecf91b9c6626c62c2c0402ab0027edf45c111da381a5b39|160420
5316|261ae3cda4f71176797361a5e29a011d5f26ac4f1c2127b4cb46133257112256|208008
5317|20fa3b66ff502c2dd4905c25824b0294551983727d3b3b615ae222cc095e7a10|5000
5318|6588901441a9a21fd2b9251bd5e45ecaca307ef2438e590d4dea590d8f516765|349
5319|162a0db607dacc80e0ff7a5620e369cd633c6bda26ad2f3831408fcf225bf077|203932
5320|7b148fa0031f4583c6515e9affda2b4e5bdf90a8453b584d6738a57ce18dfa62|240
5321|97d42b8b994af7a5571657525e010f632eef9efdeb72c1fd599556f3a7a317d1|220
5322|a1f5287529dec443860117628361d237f7914394e370137c4e804794d54009b2|138
5323|a312a51c57781152f36c18b92afea3db4a3cf3215b552f54dd2247add57edbc3|290
5324|db62d47647efea21096cbb8996dff01fdaa065c246533677497df0f0be6f946a|220
5325|e381da279d9ce6c28705024870406e5f0954357259c3019f2baaaa96d1fa04ba|106
5326|ca46eb547b335a5edacf2001296ce9ecad3d014f0ca20c7ef355a6e0c08410aa|174
5327|c698f0b77f2db497a9725c8bd99aabb8107b09b6de8473f65963193320cc8a33|220
5328|fd2f44a2262a0bf20b6c55a46e203bb10476e853e06f47a9aa55865c10a203e1|76
5329|6cca77580adf6af16a305425e3f8b0d546cbfc35dccab9ef7165ebba9bb6a487|146
5330|ac083eee70a69cea4e2db6ec10c17013c965e55e50f1bb279559cda7e9927e53|220
5331|ad2d2106b354fbc265a3c3e2262a5d64b12e00b485893303eeaf9e2bbfb76d57|220
5332|03d67c120b2d2563499f44bd0f181c838d248791f38cea5c5478dc4ef9578060|12
5333|085f5125520c3d29a33d18f80b28293749698995dbb370aecdf3f3cbaba7b6d6|220
5334|e521ac00636e83cb558bab94533c8bac5a47202d36d08165dbd9a96453099f58|220
5335|0cfb2a53898cb60746855deb9e3a61cadd6e00d317eb0b0ce33bd5a73a9ecbad|242
5336|8205469453d88bf2678285a8099e93ec2e450d76153f71235fc4353e2cfc289b|220
5337|37231729ba3245df218f840c5b6adebe7933e34ec22de63af0f7e8e8dd1b914f|210
5338|f9fd1f9b9b4758a220fcf57feb6dfba78df0f973504a1c9f2a792deba51128a8|164
5339|b388e787d27ea50875bd01b81f09935a04caee869b72a9d8f4006c432392a220|220
5340|b300b8a2a2c9b4cd1dfa39dbd4a15e0f8212e2492c6677da7a7191ba643e7f58|206
5341|a226f91ff8effa8698f5ed97abedb23a52fb71518cb6df236d58610c1a40e83e|238
5342|3c9bb883db26bf2764aa84c6944b349397d03de836281a7b5f11d6da8ce85050|220
5343|cd3377b85c5b47629af7feea1a0a49da022d9f49053450ac681387f3430497ef|178
5344|0d9584b3be36f240e46a41b359da0679a4cf9ab9dcf4d42b4139a3dada2cc9eb|214
5345|b0465f12fe629f04525002dbf5a56d341144d217cb53fa6c54c127d9b075a223|220
5346|3f49535e55f1a452e70260ee2efb18f96c6d7a22e6238a75fe694609e5215318|172
5347|75426f5b35bf172e433b5a9b00aa570c209522996cf0dacf4442b483f88fc071|266
5348|01d2712bd36705d0bac7327073d6849b4a90f2782906d5b229b69839053b8e2a|220
5349|c280549da7f219a0fdae5cda1bead89505761cfd3920b25258a354569e8a333b|192
5350|c6d756b46d1d52e13d877b1c25c2639d90dd406c7b066b8fcd50ca6f5031c2ec|36
5351|7d37dcfc8e2610bb8747223c69ea0f9e5cb1d04b602a5e8769e83b92315588ad|220
5352|ae8b690177e0574ae2e0f3e0563c71a95126c4a6dcb10be8bcbc0d89baf75e8f|188
5353|c7bae4638c3a2245c8ad7f1219ff528ef5d0d8b5585634eefa4257738c1f87be|162
5354|8dc80574a83cb8c7ebc9862c6ebca09160b7881c89277ffa569b00b82a85a2ad|220
5355|ebecc80ac738cbff027675f6b2f9d0fdf13f4fef1f10b50198cd148b07a4442d|156
5356|45483f3812d8a422742d75d1e7601d76ede0d9775d68100a6589844b25bd00f1|192
5357|a2d03bd4a76759ca5a75d0abd6073387400fc608353cc5026c38b04e9a9e141f|220
5358|a54f370f540005e62153c1e254ff0b7fb8ffbc75a05c4fea9984c21035a82879|214
5359|3f63c6678a8fdb6cefaa1b87f5bfa3f29e12bb6c356a3ef7ef3f6c8884ab321f|290
5360|09ae2df89032b734754e761be20c8af16bc1f92cead1fcb84c320df2f0817951|220
5361|54c29b07db332771a3a3a977b71bd560dcf8b46c4b20b4580a91c36353d10959|218
5362|e0d370d459ca769e757b4057c45d676c0888f4dba10aee791dee94b350f59269|228
5363|0598da0726a7f6516781a4bd3ed09b077b0a9863e789ca17e159d49c87e2c0be|220
5364|3bf1f9de265366dcd5c3d080a9273cf0f29b0ca72436fcfe54d77a09839c7604|220
5365|847a0042a45aa82b37a4ba33bf06cdc73efeea352a5726f652c1dde56ef78316|176
5366|7c512bc8b5cbd8a618511b6f9ebc8b7bb9ec523d09585a73c5c2961221f9ee97|220
5367|f8f7f668dde6e0564437bf42f7052380ce37f979e9e14b35d8f50d993f9c3d99|206
5368|47d34b0d0727c4f1204fdcbbc47f337df2c06780c0224cc969aebfdf23002c62|258
5369|7897d556e5fda9b8abf9ca9ee6287c0375b5e3d2bf61b5d74820c332e261597d|206
5370|73a09d3c4c476e9daeca553a9148687db81b632f5e5a8f3139ad5aca07e66cc3|106
5371|2b55a8fd3697694568332f64b74af00b846857289288c649d5a72807419ec8c7|196
5372|2194cb2dc71ef20cefeda61e978f3c42d02cdc1e2887054f3297821660aebb77|220
5373|b149c5781b2ff27aa6d05e63237759f131fa54f8c3b2f99825bb4fda4122277b|122
5374|756b924ee59cf6140f36d1f1a8d5c6a30debfad063c1a8d02072ba723e9d40d8|184
5375|921bf88c01beee480068f47ab4d6d350ff673af513c2aefffae1ef9b627d574f|220
5376|f3c6d26523117edd3a53733db1b3529c69ebf3236e104f7da5cd4c844f4ac3fb|218
5377|cad04bb6c6d6a3a97b0030f8f2c9bf3bf1d4e2e50f96b1c8534778d119dc0720|290
5378|0cfc173fe29b0c84a85a5f36d5de70d81ffbb20fa4ab106d6795dba3073202e7|198
5379|0351d444bed1f60033c6f2ea23045aa9155544daf1212eb9daa62e2cb0a0bd5c|174
5380|af43f0756f1f417ca874deb028e82dd27e29fafe88618eef9b59884c5e1459fa|192
5381|e524618d9118cd944fb77ad82b4c2e493ecc49fbf69d4397cbecebed9c0e7b3a|220
5382|87aefcd7e027c5d0221888b336d2dbc026100d336964f63eaefcf484d065dbef|154
5383|d7c48916d9ce0a08bcf1be63591e84fad8c331855431de59ab8fe96f7062902a|288
5384|24480f80af76bbf4f21a6f29e7bad799aefd1526cf279bad56913f71346c6cd0|220
5385|02d30a48a34a43e5ef624f74470d88802d55a15735226fe4ce3c3d8b8362928b|220
5386|424ef3b26c5c15f91f75d7a9a755a4eafe0debbcc8bb84713a9e624a3b463c09|290
5387|4fd46ba2570c88839f0b5e16cb53e7a912f5a0a55903ceb8a496f3c2eaea2a51|220
5388|c5dfd038a09384b8d8c8bae7d5752d199ec50645739a9affa3eb5daae69c1e3f|130
5389|0b0d46cc718228a577c93942af2c2b8fa6e01b9f35f9a2064ffd9e8b32efcd38|188
5390|1dae35c8b8888ac016f9e58683892825db0724f8e3b0eb4b5dbc9cd7b806a5c2|220
5391|3bab0f38d0ba989a500de1c67b8bd1a5ff9b512dd1bf9cd9b6531140f927cbf0|194
5392|31791be6e8ee0e814dde4ed8eee4f182717596702cb392f095f4211b1cb2b2bd|206
5393|4ad872e00d625846dd3e8e50a4e29d97c8d34294cb2e638f61df8f72db01625d|220
5394|eca6fde3ce270ebc5abe2df91dfff9249f8e28c65a4c3deff0ae1e75ad0b2ab5|208
5395|6fcaff97860a9f9e0e1286ea7c8c78eaaf6d7163356a9f79d051d722056ff4ba|238
5396|c65a5794b760f5597f06160bd74b919249022d32f6d8213aa7c9aea6e8fb6ea9|146
5397|3d3d8849d05177c4f73b5e710b4904b268d9fe7246c05e45239ba8da6aac8c19|220
5398|b9c31d5755c9747119ddf407b2fdebfcbf1e3c60a3769f590dfc59789aa19be2|174
5399|86918774d4b4e5b4c2906c8ab11ea7c2675c53bb7955788074da82aef68e0125|220
5400|d4a646f3490b264e30793b2b08da49edf45606a19c1dac01d7d0ca8d9f1f3cb5|218
5401|37133ac1c8e7cd04de941d293725c6f6b3d00b63075e964c40f12e3383e03247|208
5402|226c83775a788006e445e3fbedc062d106ef21f7819ef3d0d09caa511466f4c0|220
5403|6a58b80e32eed48fe31b2020c62fde7058f54579d5622ea4d718d0690826f424|150
5404|1c957f0ceff88b772aa59352f3fcf04a4064e4af5b1f9ec94bb6e1e95af9b6a5|168
5405|e981679e2c2637b180bc068369284cc3a1a62e43bad7e399eafc1ea77a08ea82|220
5406|dd6f8f5eddb8b02aa22baf4eae482030af396b07bbaaa18285f049064ee82b59|144
5407|5379f32ea794ad03d805a7c8f5a62999b7f122bbbe54ec16ffa4fcf03271daca|220
5408|f0ca984c4dc1686887dca09bbe2d613adf35c3ff8872d7257d6dad070ef21262|220
5409|2f185b1d0172fba13b4bf3f826d635645b2fb8a21389323d01486efd7ab489a1|100
5410|8fedb2d1dfb47bbe3cb55ee2d9c77128243029bf177b49e9415334b716ec77f9|75
5411|39a76f11465e24a7454edced10f819d73081c82eb1381bc1cdcfc991ea4f6780|241
5412|5b83f76787cb1fde885a75e400cb8e80dd8f88950bed39e5c956a59f27d47683|82
5413|6cc83038f755d92b645ace1bb466e92f7e10d67d1dbcc7a30c851b05f3730576|298
5414|8fedb2d1dfb47bbe3cb55ee2d9c77128243029bf177b49e9415334b716ec77f9|75
5415|39a76f11465e24a7454edced10f819d73081c82eb1381bc1cdcfc991ea4f6780|241
5416|5b83f76787cb1fde885a75e400cb8e80dd8f88950bed39e5c956a59f27d47683|82
5417|6cc83038f755d92b645ace1bb466e92f7e10d67d1dbcc7a30c851b05f3730576|298
5418|8fedb2d1dfb47bbe3cb55ee2d9c77128243029bf177b49e9415334b716ec77f9|75
5419|39a76f11465e24a7454edced10f819d73081c82eb1381bc1cdcfc991ea4f6780|241
5420|5b83f76787cb1fde885a75e400cb8e80dd8f88950bed39e5c956a59f27d47683|82
5421|6cc83038f755d92b645ace1bb466e92f7e10d67d1dbcc7a30c851b05f3730576|298
5422|8fedb2d1dfb47bbe3cb55ee2d9c77128243029bf177b49e9415334b716ec77f9|75
5423|39a76f11465e24a7454edced10f819d73081c82eb1381bc1cdcfc991ea4f6780|241
5424|5b83f76787cb1fde885a75e400cb8e80dd8f88950bed39e5c956a59f27d47683|82
5425|6cc83038f755d92b645ace1bb466e92f7e10d67d1dbcc7a30c851b05f3730576|298
5426|8fedb2d1dfb47bbe3cb55ee2d9c77128243029bf177b49e9415334b716ec77f9|75
5427|39a76f11465e24a7454edced10f819d73081c82eb1381bc1cdcfc991ea4f6780|241
5428|5b83f76787cb1fde885a75e400cb8e80dd8f88950bed39e5c956a59f27d47683|82
5429|6cc83038f755d92b645ace1bb466e92f7e10d67d1dbcc7a30c851b05f3730576|298
5430|8fedb2d1dfb47bbe3cb55ee2d9c77128243029bf177b49e9415334b716ec77f9|75
5431|39a76f11465e24a7454edced10f819d73081c82eb1381bc1cdcfc991ea4f6780|241
5432|5b83f76787cb1fde885a75e400cb8e80dd8f88950bed39e5c956a59f27d47683|82
5433|6cc83038f755d92b645ace1bb466e92f7e10d67d1dbcc7a30c851b05f3730576|298
5434|8fedb2d1dfb47bbe3cb55ee2d9c77128243029bf177b49e9415334b716ec77f9|75
5435|39a76f11465e24a7454edced10f819d73081c82eb1381bc1cdcfc991ea4f6780|241
5436|5b83f76787cb1fde885a75e400cb8e80dd8f88950bed39e5c956a59f27d47683|82
5437|6cc83038f755d92b645ace1bb466e92f7e10d67d1dbcc7a30c851b05f3730576|298
5438|8fedb2d1dfb47bbe3cb55ee2d9c77128243029bf177b49e9415334b716ec77f9|75
5439|39a76f11465e24a7454edced10f819d73081c82eb1381bc1cdcfc991ea4f6780|241
5440|5b83f76787cb1fde885a75e400cb8e80dd8f88950bed39e5c956a59f27d47683|82
5441|6cc83038f755d92b645ace1bb466e92f7e10d67d1dbcc7a30c851b05f3730576|298
5442|8fedb2d1dfb47bbe3cb55ee2d9c77128243029bf177b49e9415334b716ec77f9|75
5443|39a76f11465e24a7454edced10f819d73081c82eb1381bc1cdcfc991ea4f6780|241
5444|5b83f76787cb1fde885a75e400cb8e80dd8f88950bed39e5c956a59f27d47683|82
5445|6cc83038f755d92b645ace1bb466e92f7e10d67d1dbcc7a30c851b05f3730576|298
5446|8fedb2d1dfb47bbe3cb55ee2d9c77128243029bf177b49e9415334b716ec77f9|75
5447|39a76f11465e24a7454edced10f819d73081c82eb1381bc1cdcfc991ea4f6780|241
5448|5b83f76787cb1fde885a75e400cb8e80dd8f88950bed39e5c956a59f27d47683|82
5449|6cc83038f755d92b645ace1bb466e92f7e10d67d1dbcc7a30c851b05f3730576|298
5450|8fedb2d1dfb47bbe3cb55ee2d9c77128243029bf177b49e9415334b716ec77f9|75
5451|39a76f11465e24a7454edced10f819d73081c82eb1381bc1cdcfc991ea4f6780|241
5452|5b83f76787cb1fde885a75e400cb8e80dd8f88950bed39e5c956a59f27d47683|82
5453|6cc83038f755d92b645ace1bb466e92f7e10d67d1dbcc7a30c851b05f3730576|298
5454|8fedb2d1dfb47bbe3cb55ee2d9c77128243029bf177b49e9415334b716ec77f9|75
5455|39a76f11465e24a7454edced10f819d73081c82eb1381bc1cdcfc991ea4f6780|241
5456|5b83f76787cb1fde885a75e400cb8e80dd8f88950bed39e5c956a59f27d47683|82
5457|6cc83038f755d92b645ace1bb466e92f7e10d67d1dbcc7a30c851b05f3730576|298
5458|8fedb2d1dfb47bbe3cb55ee2d9c77128243029bf177b49e9415334b716ec77f9|75
5459|39a76f11465e24a7454edced10f819d73081c82eb1381bc1cdcfc991ea4f6780|241
5460|5b83f76787cb1fde885a75e400cb8e80dd8f88950bed39e5c956a59f27d47683|82
5461|6cc83038f755d92b645ace1bb466e92f7e10d67d1dbcc7a30c851b05f3730576|298
5462|8fedb2d1dfb47bbe3cb55ee2d9c77128243029bf177b49e9415334b716ec77f9|75
5463|39a76f11465e24a7454edced10f819d73081c82eb1381bc1cdcfc991ea4f6780|241
5464|5b83f76787cb1fde885a75e400cb8e80dd8f88950bed39e5c956a59f27d47683|82
5465|6cc83038f755d92b645ace1bb466e92f7e10d67d1dbcc7a30c851b05f3730576|298
5466|8fedb2d1dfb47bbe3cb55ee2d9c77128243029bf177b49e9415334b716ec77f9|75
5467|39a76f11465e24a7454edced10f819d73081c82eb1381bc1cdcfc991ea4f6780|241
5468|5b83f76787cb1fde885a75e400cb8e80dd8f88950bed39e5c956a59f27d47683|82
5469|6cc83038f755d92b645ace1bb466e92f7e10d67d1dbcc7a30c851b05f3730576|298
5470|2d8e7a07ca22d048fe506f2b725d643848ff59487c1309ba94efd8218b831a92|87
5471|c23aba3551939473518ea6a7efe0690211bf304e35214eaec80711bf7a2e3caa|26
5472|8e560644ad022d8b65098c8b56848da869761a8dc178dcc88bb7a2835b3e2c97|2
5473|5dd9a1c21440a318d6479285e5e04f8520ac953eb02cbc2d6058dff751c50f3f|685
5474|835442204dc0b27cef2aab885330743f56f86dab8a3e795adce6be2edf654e18|53
5475|6ad82ce45c59821f4d0f8e17aa51a7742f0be579e827d4d57958d1cb486de944|380
5476|059a36e8c9eaa1d1c74048f021bafacdd77229d7afe355d7daee7336ce690370|121
5477|e7c1c473dd04f52dba1336060c6502eab49f171983c8192fb46caee73c23de7e|286
5478|c5f661b0fbfc07d9e6c3559eb52f714c0e40d3c8ea3f2d5c7f9c3ddb6588281c|75
5479|69a044cae49afa602ab9fd925ab57b6397e6fea136163487d213c49a764322b4|314
5480|b4973ab5411260294aa24c47036a89feb2594003045a0f60ead73ee235970e58|82
5481|082334a6d2c59da7d439f6a7da174637c97b2afeb6ef6de78fda4650988238e0|55
5482|da1b5747a1b629de74f6efb5d35070c424ff834a4599f3c700ab8120a3a05a84|77
5483|43340783e19c7d0e3dd1ca6c1a17409b9b3c42367199490c06ebf894d2983975|35
5484|3de26154537e89b775edc7f53a32d0937a3bf857ddfe3bb12b52fbcdf6ccc25f|80
5485|d609657c95db92aea30d3b319fa86c883492cac0ab69494e13f1830558451070|631
5486|d293eb5e31716ec53eb063d0a9c0f6406d583c2fb4039c5110c9051d10ca6236|80
5487|6b42b428db5b6194e4dbbf8ad2fab2d431e40121690742c93c9d9f1e91a4eb51|353
5488|ff3f224bf6e27671f21f4405ffdc05dd5fa2946aaf7ec8970b3c3a653a5c2993|42
5489|0c808384421e862ed326b42c3ef8f8f8b2ee8192e7e0e05253ed123ae9d94d43|212
5490|be896006364a048bcd153bbeab5c256a223c930a22461ed9ddd44fc2c07d5efa|5
5491|f0280c537553574d898a0f9952b2ea0788f1c0aa47dd3a7082bfa1e78a1220ea|27
5492|209f200e62f33aeb9e9d8c51d92624d0773d61478a049b195d969d9565f5124d|8
5493|8a4b829b9f3b2c39c99a0ce1df69abb255188f6fb8217a239a1fe9e2d1c39054|254
5494|e2b6aee67748d1cf1e6d8cd38a0a4396fa71f35772172b39f333d78698ba5ec7|61
5495|7ad984432ad58c422d9da24cd781d817e1079c905fefc8d0582b920ad8bd4e91|330
5496|ecd0821534751008e238d7b70b9ffae50548b78b59218a8e9c37efb31a9a0403|61
5497|6e8de612e5c3b8c7067d06b0173177d0916552aa6e2999186808929f494a2b03|618
5498|a2df46491ddc40ed2287344aa155ba1c82f4daa6cc713b6b3bc98dfc58ea49ed|4
5499|80e9664c3dbc4276e1869518ee94619118aa0e1d3950ab02593bd60871b994f7|16
5500|eb6932803abb90125314aa1a8bde7539cbff43f4c0eed6acf748dc9f8231ea37|65
5501|f0961b7a8b202650a2ed96410236f018c1417b2d780f1ab11a4ce8d82a33b61d|70
5502|5d6c6b6c9dbf9d7e7b748b5e106e628d943f09f833324f87bf669333d3248228|60
5503|138ac797457a42cc9ab2c64c6b351ff2f1b680a10df309c781c4ff1ce8b12b46|1098
5504|39f653a47b4cac75e696115eaf295324ff12eedfdb55f308227e36cc8c0d35a0|10
5505|0d53aaf2a9b9e35bbfc825d3eb48cd8e910adb83da11bc0f3eb6aaeea5115e35|32
5506|ed746a3533667d6ce69067b6bf9c5fe7fc812ded9a96db8f7e23ab372beb7d23|64
5507|5587b4ad8dba6dc4ec8d516ba223bd10a733f4d8ba74c1104563f783f136eba5|65
5508|a8bb960714a307cd8713bfd218431b1e05cef3cefe871533a91dfb6e6774293f|1
5509|62215cfabb793de7b3c077048880b80ca79141176d36d6865b341561184a8d31|539
5510|50b9bfb9a071f1fd9f0bce333a81e0add12b4743aff207387152bfffc57afcf3|1823
5511|86f021cbca243f113b4406547067d0d988b897b39808fd7bfb2125a24fa2126e|2127
5512|8199d20bbb7778c1c05c0ddc2867122cd3c93c13220d08f4a35b33d4cab8fd84|1959
5513|293aef8e282f4f2c7bc0f9c508cacb7dda84de5abc4f6afe03bae1789b487c3a|2246
5514|386f9e9c13ecdb6a2f2e7bbbe507bd27056b91310ba92be8b33db4e130753d6d|2300
5515|0623835e788cbfdcb4dbefccbcf186ef0dcb3ad9fb36b99b6f19037a86dbee62|1968
5516|719aad2dc6c4c617f1ca3ec54d1160f3b179b2699be9c808d3721b6a0012e517|2068
5517|e072d00e910bdd2bec27bb12110b0bcec4b0f5cccba6c9840a0bce7d6c68ba7e|2063
5518|caa5497b0871e5a5c9b7216cfb3c48cbabf7457a4a6e0ea217c97b01123d5d2c|2076
5519|8d3f3e1bac33fbd454023f1196a7a5350d5408d16de844282cccab5e9283e1e5|2082
5520|5d35c55c98e257eea464c8ad5e78ba682a2a96a28b68420c2c4e140bcebba4b2|1952
5521|fb25d37a90d17bd85232bf970bd443e83d6b462506148fd5520a2514e64c19d4|1729
5522|d34ccf9f23f22b0043789249df1c71b5f2c1e592f0ba5d2fa2fa9f5066c1f30b|1599
5523|33251a421776061cb93636b8922376ea055e00aef60319252c70f495adb434b9|1169
5524|fe3de8fd185c5f03a7510c874e5e11f8d560a4e9886f0de9e0208588c6188040|1785
5525|6e2827a42144990004f74ddd3f97674a8c41421ac66821bcf4770c19e2d154fc|1326
5526|b4d0d28aa36bc893811650938180dab2143fcfda0640a53498237120698e4031|1669
5527|aa445b8f94516860cbe0507a8bdb995bbbe4dca7e042fbe6e511e8d7e4125b21|1716
5528|93720bcc7d745f110c174d2a5ea49524e21cd0ccbe345608e2f8803e6e3fd3aa|1828
5529|8447685e7fb1e1828b07ec2e44be1179868b2a6202d5661af69cf64b6575c63f|2266
5530|408c7ba1bd21ba427d05a35319e153765c3d12451b0055c20240fb7e094b6b10|10836
5531|fb5c6756997d46f65d021f132d3cdc6642770ed19f253c2fbf257c70b5422d67|19405
5532|7ab9e6518d54f8d5e7c55aba9396c26a4e2e94eea03e50e2e6d2da028da150f1|10986
5533|222c0b509e58d1c4aabbe0283bf0743563f5be435a0f7c5aa978eea7e864ef9b|5025
5534|07416e51b974bda8df5e5924f7292c187b29223c0c491d275934978aa021255f|11868
5535|ef56e5806080781257eb02a22d10c17ee5e2f8dda590e5ee0ccd7c33fcc2e19c|15654
5536|8facf2114973ab3b0b30adb93dda87433d73b93fd2587e837f12f635a3695e99|10323
5537|ce4127b476c6a3e8d94c26b928989413a9a0aebda97448a90d4f6241c6ce73f8|4754
5538|1617f8bfa37d302c0d71e81c67846330faf1f235cd3337616b59fca7f8c3d579|8212
5539|8fc45eefdfe5618b82be8d89ee1831b54bf06e13de4e55f9d9db812b867a6af8|4832
5540|488a3f960f998fd7e3921c256516cd9f0e32f028f69f0a24210db57786e35602|5397
5541|4fcaa4eae4b445cee66de34e6bb1647a6c71a1a3179215cf12543e24182b7c1e|4464
5542|6459dfd2f679aa1dc27acb3e4cd688878a90ddb80641236de1abd99d5926b421|7195
5543|cf508fdaf85466b2a7ea5549b2e92ca4a3eb48f76b345e1392ecf9b279db127f|12197
5544|89072ebbb44df68d848197b1c140e5418524893607a167c5cfba0d8f5d3803d7|903
5545|04171d31b8796557c2bfe66588508dcc1cd891ea940dee4488cb1642e9a202d7|1306
5546|3c968ddb1101eba3c89855abe3e87109c7c12783ab700ce1f7982816832351b8|1877
5547|c5f46a689e896270da0b7f7145f9627003196b4fb19f0dc0d0e4227aab8b48d6|420
5548|f67c111c91e3ddeba2642463df89e6103d7213ddcaf1f2dca929cdd71f919a74|3000
5549|5ece2a2f2a07025928c3aa158ddbd8a03d9313a5da8626325ff058f90a78592d|2341
5550|af4fa4b3f72df1007efc319c30494c7530ba63bc124b345b8b18178284d08738|1129
5551|9d235a7b97e72f1497afe671eff17cd84858aba451d244717a5d79795b3b3099|1840
5552|6c4a7fb47d8c03e22d051601b634d77b8b5c36979319ae6df6df6a02f6fe8a32|2388
5553|b4c55fd3d11cf6481de6ba856d0b80e706f8e79ba63558cf4efb354880bcf045|2561
5554|728a268a5bc9803fa73fa272b962f1b8f830a18fd467e34ceb69bc11a5f41ba3|1416
5555|9e0b6b9d7d32662814bfac903971b562e762f63dea28018d9c074aa7c373a677|3234
5556|d904d1229ef93730898482be4972f62343203d56656ce6ba3f21559a5acb6815|2695
5557|4556a0142416e6a3ac87aca7ae3750b4c56bbbb43554607d87d857ccc11721e5|1001
5558|883f940bff614ec1136da5ee4c72be6fdea50e96b4e3b1d01a927a3ac31cd7f5|489
5559|cb6e9c5334518caccb6236730021fc5c7aa581bbad3548fdeacba3393f12bd71|566
5560|6e13cddde8bbc506515cfe0eb7548cc6e374a431db44d55fb5e66d88bff05b79|256
5561|04e9a5cf4c5599f84c4be3c6aaf177de61b824aadbadc601463e0ca4b2cde7ab|400
5562|1d9d3bdc04450de41c8cef74ec66f8026b09197f4fa99f94662890052dd04b0d|5603
5563|83d82ce6a8b76087b13535cb165cfd419a3efa4345b7c06380ad0919bf21324f|899
5564|3df839aea062585eac3544958a960634ac7bd501c1e89a1e06e0d5d3c91ae78b|335
5565|2f9c979aaddf6feb887d864f3ae1634a7e088959e05813f5731a11e0ef2c15a7|569
5566|51f8c1fe3c5e89e6f74ad246705b80ddf04c36c18c2aec40127476adda732537|358
5567|80a11b776f95357528d42792a8b7d71b900580f5b46c20a2e3bcc1da68e4dcfd|58
5568|1c56396e3595c5aa56e0b08bfc17a55219327747236ba9dd9f5862f8ad97098e|378
5569|c081f4980ba18413bf96869c05ec724415f8c3f7ede0ea540eeb1367ab716929|1185
5570|b1831c0c84a7b67df8cd6ce8b2e951430232db73cb4977645c961f5fd9587e77|3
5571|5ff32fb7b54115101adc116ee7faaea05b60afb4c96f205bad0af2635edaee99|2
5572|b1831c0c84a7b67df8cd6ce8b2e951430232db73cb4977645c961f5fd9587e77|3
5573|b1831c0c84a7b67df8cd6ce8b2e951430232db73cb4977645c961f5fd9587e77|3
5574|fb21b2de45521cd50d7e903ca3178437d8afd2ee7416eaef84647e2b85af16b7|3
5575|5cf7417a4a6997e08c40b47554286daa0ee62f5f7f6973e918df854efe1b88e7|4
5576|b8499ddc7c1ab64937caab934b9b355aa603a76a53ab30fd0f1494d4412e0ac3|4
5577|9ea2647744e5308a616264a1128d652254d79b84ca2bd53d07bdb07a052abdaf|6
5578|49392b193832e6b47bdbfc4314938035e0b5b1bdbe7fd8c3b8d226c42cec0897|3
5579|4b36feae2cc894e13006261e0b88c4e82ed8cffd2b00263659702fa09987edd7|3
5580|a70f4a5db602c5eba1d2391bedb9d38306165e373e3c6cc0219c594ed3ed59f0|5
5581|6e6e6b0d110e9507fbf89325185ef8bb8289cde51c5ac154dc28987e3c5cb726|3
5582|c4b1b3b517988289472957f06bc345e980e3003047384ed752d504260457efef|3
5583|239855fb44187d26a117068eb44f4a02c5ba147e169994707a02f60720b5733a|4
5584|548409ab6b3206ed23a3d9d09649f01a1ec5c681b0ceb50a1984ca9b7a52ec26|7
5585|257a025a7ba0f2e168252f62d198c93dc04a46864ca62f9257d11113b1d9f50d|4
5586|dc8e0ca86617086dc2f05dd0349fa04f5acbb3bb715e6d1d0feaa3dc340d9dd9|3
5587|fbc874f5f485adb378ea42d13b8411258f9e9809ca5597b54739f6cfdb59ed19|5
5588|f977a493dda180bbdbcec2d601a21e79fd51f6a0c4214d427ec0be67b5fc098b|2
5589|f8ca0c5945e2c915b760c33c1c876dba53b5275313927e09f5fecd78d1729762|3
5590|4686c78dc1497e1dbf0c1a0cbd14b8bf6fa65572aa7314e900105ae1e41b218f|3
5591|cfc4b83fa8e93c1eea3d537331cac713d6d64a81bd1c97e67f047cf476669aab|6
5592|2922e1c1e64398c7e7251c83490369d5c01ceeca55a89ab6da0c5619e64ff8b3|3
5593|d58d723ea19244584de7eea872cd74e483e7ef91cd892165f9c13a2bb08d135a|3
5594|a3f1c75178ddc97e89f75a92ba7a45f0624bb07031bbbed85cd07511cf04a51b|3
5595|fbc874f5f485adb378ea42d13b8411258f9e9809ca5597b54739f6cfdb59ed19|5
5596|4ca11e87a51e3b5e06081445499c42e2e8de6189354621a3686b52394be065c9|4
5597|bc6f909fb370902957f49d47c3a4809dddae44b8c50f5a6baa487aa4eb159a45|3
5598|1316bcb2cb2bf77eb5577e0cefa01a7f76a4189bf26e598c434dc3480de62863|3
5599|4826b6a511338e7f53a482eef86a7d524be8e6e0c2f2b642811e4db72851436c|3
5600|b657e9a5867365499c649be52a2cd7c6d5b13af23f465993d10a8d5cbfb92093|4
5601|e03caa34a6e7eb937c43305519b0a560f65617d907c20d79d971adb208830d4b|5
5602|15f09335cdf22ba54de95254ec381d47ed7557591d08205543ee9cad0729ff9c|3
5603|ddde3bd782389dfe64e65080f9718846c1a8d94bdee66ee4239dd390dcdf787b|3
5604|b5732b36fb18c69b6f06ab70da5d95bc0f34df5e46d195e240b4adf0123a476d|5
5605|8be53114db9240b1abd57b09e0adff39933a655f8ac2c0180370412b341ae8de|3
5606|f6667e186b990365e8612d067b6a7945994d0f0e2e0d470ec672b684465cb716|3
5607|c1bddf1e382b6d368888e8e0c51bad11a86adf85d4dbb048986676ef4953fe38|3
5608|bddc590f72b0b7cfe2867e0028ce59ee938a3f1a47e18c52cd55dee04f7c69a7|6
5609|cfd3f33e3204ae994863fad7caf2347dbfd35a10d1be0fbfe64fb982b4572f9f|5
5610|1e3b3995f9c9000689a26020204b8c32d39860b68d2a1612e8ffad1c1c09cb09|3
5611|ba4ac18ace9068f256f824380c1de61feaebd21c4912e1921daebc92c8031c4c|3
5612|deeb3229881de5ed2ca4d16d26c8c2aed125a8889dbd672b4a6a6f4301011628|4
5613|f8ca0c5945e2c915b760c33c1c876dba53b5275313927e09f5fecd78d1729762|3
5614|ff86af63683104873abea1da8d0087ae669256022a4e34899c78a2d15ec6e53e|2
5615|5f102e64b5309a0d2c91da8ad1f283b35512ed3c245fc1cbc240642723cf198b|3
5616|ecb9a4c15a2eb63490bcd021d3a2986aae96f16c2e1e0b5cced6a64a94ab6d71|6
5617|5abfa778889b4e604eec10ce419969a4b0d791535f8a20ca0ba7fd535da6f2ca|5
5618|78b240931ea2ad78e94888935426ee05adf043c8ebaaf09f4cb33f8b0e0c23c2|3
5619|3d8733e3577d5dc1ca30d130452e656ef2c6323360095fc5258aac1d90a9dc5a|6
5620|aab4affca31a212becfbfa6cff50c169efff8ddca106c302f6a28c374d139aa6|3
5621|0be909afd91fff474d01bd14ad7f5a7e35892c2b906264b856de689c74f6004a|3
5622|7c3868c0ed861d148754b3fdb092109e501ab0b89e2cee1f1a79f1b91b0806ac|3
5623|b3a2e1e6b9a760c547becef64c666fad3d2c9ba19205bd8375b491fc3db35482|4
5624|afddec9e2b33ef30f5e38e03b3abd4e09a1620114c3a182d0ea97f358d679efa|7
5625|0fd29ef983a9cd3cc131e3bbcfa4a446480d053d5d11af75fe69e32b9e979bdc|6
5626|b0dcff552d06ad9f7dc5390b762fc36b27ef09a07d1f81e76605af8b4a55f96b|3
5627|1ac923873c73099b1079a69705f63b3db4cf11bfa8e9e947c91adfa9bf3a11a7|6
5628|0c2926e5091f8ca175f4928a172c7ba8b269baccafaa68c5340bc0d1965e639c|4
5629|f8ca0c5945e2c915b760c33c1c876dba53b5275313927e09f5fecd78d1729762|3
5630|4a2586cf7fa3fb02025023f63f16d54022aa305db5894cec57c9611a88945682|4979
5631|0837f79552d7bd23a6e9aabee56744b3208f6b98bfa1446363eafbbd64e0feab|18892
5632|7e3d4a533589ced7d2cea41edc3ca0f155343b3515ed5a670f80978d37820f43|740
5633|1b09f2f5d89b6cb8121f07caf33468ed25c09ec3ec82af849b49c8752cae94ab|5000
5634|5f6ad07933f0e5aa2133a6cf9d62b7661bcc3f77461ff1d68e5db9fcfc9ddbcb|114973
5635|1211fcc046380e984828691a6067be2ec1a5bd5c0624d9af74dec227c7fd275b|20847
5636|25c4fc4f8830bc0a4e2bfb92a3f85bcbf4c07fc5196b2477abc2c27705f7b69e|4982
5637|527da8b252d902b88d8482c4a4f50a64a39919579458e67f88788ff8c95912ca|164111
5638|75102e81a2df7ebf97cb74c7e64d6e049440a21ca63003a4403a2d0367a5e866|121150
5639|ff2d2b0df649d906fffef4e21083057b8480d1c4ad4beb2cbdc1a1f716f20878|4984
5640|86c1b8ef3ebee7c784a923bbe49a6ca02d83f6fe63fffe3cce558e635bd12565|2745
5641|22fd2d71bee719f93aef37434c89b187f03aa2bc643c46fd968984f70d9d5529|227885
5642|832c97aed5c9c2e340830c7ea93b40d825dbe053fa74c9ac46ba956403615507|4976
5643|3a626e49d337d9387ae4bef0740f3a66294119cf2129e05e9fbe4fa77b5c8f96|31156
5644|2fd4b3ecff924ca993942e55b73632bcf385477042a08cf01d09c0577380517a|571
5645|110bdc6c48f5078a7b2fa38959c7a4c06e654c96e7d5e3a1140920632ce35325|4992
5646|05deb0d441aea64f6021ef2a80900737f06bd5275eea9b9c850d7181d46a6892|193851
5647|f391c0895ba58ea5c887c5466f3b3d4cc9ca17c13db95b2074d4d8c4694fe295|26050
5648|e9bc9bf1e7ae5f2bfc01d9b59f6bd6e0340118bfdb9568ca58d27aca44452dc2|4993
5649|8f7f640dbd6fad671f397303cf810a33496afc4e39c3970f4fa2d03a3294cf30|154395
5650|eec7a281aea36698e103e582e3299db4a40472615e25ab15d9b07daf450e4a70|212558
5651|86b043b78329645a98dc08f36b500a2ba15361223d62a612ae58c867f9acbe43|5000
5652|b9285e807983fb5dba805824413c755df8cf428a0b6a264b03b4f60d4498ebc3|1028
5653|9f408e54d6918de30a35ab838fb09afcb2c1d073a787df0ce8e4bc336ab9e904|158014
5654|fa58187aedb85a953389b41726d9bcd2ec299d41a3b64b326ec844562c629a47|4993
5655|c95f2165df392de7c8fa18719f85b8d60ee31542ca6ca87ca4d0da60da63fdc1|28565
5656|e5f89a15c8111ff8ff144dc3aea95297014a83ca1aa22e1b8645b2701639eb5b|2028
5657|1f9178e1f56d097f69424ff42339e301bb685faf218596e6986556fa603f3788|4979
5658|abf429e7e9b91e9aadc4eeb6941b03eccdad78f1ccee3e79d24407e2b663b4c7|109186
5659|3dbaa855193ea403d78f6294a8f923804d1dfff4c467de3a74ba5ed8e37c7a02|16860
5660|6c4bfca86a9ec393e9a1183d0ed874ba200bf356346468757317c810e0131218|4992
5661|d7d768f7b0e4ead9722185b8005d86c8b1ff62acfe09c6eb157971cfd0a44779|96613
5662|f3d567aa6bb98f8a559f3cb8ff7151b4019794adc2687f1f2ee37903067550c3|189125
5663|f9314ef8c5abc3ccde74d1b24be14a35da7bf698056fff0c8d1d1b290de7e5b2|5000
5664|ef8261a852cab289a1de1a8fc927f3624d3950efda38a94d1708bdc95e88c918|948
5665|855c4e6d54e45166afc73a8346127030d6a4ff4b0e74d26387493c85c5aec496|119878
5666|c192e49926727d67035e915d7fe642a7f6db91d1d0d45c9bc6db25456500b97c|5000
5667|f41298922ff3569784643f4dd16b9ab923f76550710d979062d63ec57b3c9965|30941
5668|d481bed1d7cd661832530c79a6e7b86021aa816c99f2b81e58069f7204aa2d88|565
5669|fdcd5f2a3b846128fc6c304f6e4d1f164bc7fc559c068d5007de663ff1df0b05|5000
5670|aba7d52bfa837baef38c8acc97e967a1687f25505e719a15fb0801faa7d3d3f8|139562
5671|38b38bf76bc56777f753a4ce8fc25e2b3579463c6665a668b9916553b8d18345|43085
5672|04dd7af584e4ab618305d7b4c1ceee7102232e14cfdec338002d5e338d89c91a|4995
5673|bcc984ad3983e83b678daf661988bb83262c13dc335fe781e660617911514751|108158
5674|8f79a54384a3401c24da9ddbb124bb66673445314b4d025c9dd1cb5735158417|155039
5675|4be1418d7e9a62dc2b9af5f3188f77b2899bdd5208c208443b5f654c6d606f6d|4985
5676|1fb867a9150e0f283d3f8bd3a2718173d04aa72cb018fc2d4a1e3c492671f671|781
5677|f34837732dbf5ef4b182f8079cf6197a7de5aef35d00d251b0ed12d238120602|100237
5678|2c04ef2829561d1a543b0ef5b32f6c19a4f82b5441754b80e9206bff3344f830|4978
5679|db02a24937a4f8e9a472c6a2bfe9cc7f36c12e30cfaf08d1ef3a524a5ab11264|37948
5680|2457709138113d376e9ec385a86e7b7a76e31449b5cabd97b2803aa9eabb00ea|1103
5681|1af1dde6e0ea9207535fa06411761e0817d00f4a3416180164030c2cb5f17a40|4975
5682|cf98683dbf477d0b928f4398ee1e688c379c857c88707d56cbea8624a95724ab|102464
5683|c83ad299b23d798aca3c619e7670eb89bac06ea40a916aabde385974b33a97d2|31648
5684|534162e41e285fa70a9d2da4ce154fecc341d02adde5e9501ffcccc61a454162|4994
5685|13bd16a80609bc63a71435295cff0915bc54a6a0b192b39a18295cc9e33fee7e|160415
5686|a5e71e0c4c0ba08a50309aa57fce2c10af79df4286bf3f4d57623da49f115b96|208006
5687|824a3325bd6cdfb30d479449d9dede07da45eeae58f35de81af00d51a1fe9c01|4996
5688|0dbdb2822112a43901404db9a1b0e467dbd12ba8375c7cfaea17e8ff37725d79|330
5689|42bdbdc0877a4ada0f375ade98cdd4fbe507f97c5edfd265550dc22f76b767ea|203936
5690|7b148fa0031f4583c6515e9affda2b4e5bdf90a8453b584d6738a57ce18dfa62|240
5691|97d42b8b994af7a5571657525e010f632eef9efdeb72c1fd599556f3a7a317d1|220
5692|a1f5287529dec443860117628361d237f7914394e370137c4e804794d54009b2|138
5693|a312a51c57781152f36c18b92afea3db4a3cf3215b552f54dd2247add57edbc3|290
5694|db62d47647efea21096cbb8996dff01fdaa065c246533677497df0f0be6f946a|220
5695|e381da279d9ce6c28705024870406e5f0954357259c3019f2baaaa96d1fa04ba|106
5696|76c6489bb7ade3b5e8e37f3df31e893bf6dd43127e6fef9cab0d45f22b6dc37b|182
5697|c698f0b77f2db497a9725c8bd99aabb8107b09b6de8473f65963193320cc8a33|220
5698|ec07ad2f6266437d8b4e032488b11e85f60e7c9155f07754771892ce0036222f|76
5699|6cca77580adf6af16a305425e3f8b0d546cbfc35dccab9ef7165ebba9bb6a487|146
5700|ac083eee70a69cea4e2db6ec10c17013c965e55e50f1bb279559cda7e9927e53|220
5701|7fb2bc5de5521724dd6248f570f83162ba206d01b341df823c741ef8812917e7|220
5702|03d67c120b2d2563499f44bd0f181c838d248791f38cea5c5478dc4ef9578060|12
5703|085f5125520c3d29a33d18f80b28293749698995dbb370aecdf3f3cbaba7b6d6|220
5704|e521ac00636e83cb558bab94533c8bac5a47202d36d08165dbd9a96453099f58|220
5705|0cfb2a53898cb60746855deb9e3a61cadd6e00d317eb0b0ce33bd5a73a9ecbad|242
5706|7a82b6adee16efded2337e7cb6f1cdf10759ca56900f457214f8c5d399ba0566|220
5707|37231729ba3245df218f840c5b6adebe7933e34ec22de63af0f7e8e8dd1b914f|210
5708|f9222bf231e93a50dfe8bc8d14aa50e396842395a4fad25767488c768a2dff42|218
5709|b388e787d27ea50875bd01b81f09935a04caee869b72a9d8f4006c432392a220|220
5710|b300b8a2a2c9b4cd1dfa39dbd4a15e0f8212e2492c6677da7a7191ba643e7f58|206
5711|a226f91ff8effa8698f5ed97abedb23a52fb71518cb6df236d58610c1a40e83e|238
5712|3c9bb883db26bf2764aa84c6944b349397d03de836281a7b5f11d6da8ce85050|220
5713|cd3377b85c5b47629af7feea1a0a49da022d9f49053450ac681387f3430497ef|178
5714|0d9584b3be36f240e46a41b359da0679a4cf9ab9dcf4d42b4139a3dada2cc9eb|214
5715|b0465f12fe629f04525002dbf5a56d341144d217cb53fa6c54c127d9b075a223|220
5716|3f49535e55f1a452e70260ee2efb18f96c6d7a22e6238a75fe694609e5215318|172
5717|75426f5b35bf172e433b5a9b00aa570c209522996cf0dacf4442b483f88fc071|266
5718|01d2712bd36705d0bac7327073d6849b4a90f2782906d5b229b69839053b8e2a|220
5719|c280549da7f219a0fdae5cda1bead89505761cfd3920b25258a354569e8a333b|192
5720|3ec4ecb9a3bf0f44de4719bb48163d866ea6e094d219c865950af89bbf619923|54
5721|7d37dcfc8e2610bb8747223c69ea0f9e5cb1d04b602a5e8769e83b92315588ad|220
5722|ae8b690177e0574ae2e0f3e0563c71a95126c4a6dcb10be8bcbc0d89baf75e8f|188
5723|5a9f284b9b57fe72933deb6b93770ba7f9f9f4378bae519b24b01ffa009d884c|148
5724|8dc80574a83cb8c7ebc9862c6ebca09160b7881c89277ffa569b00b82a85a2ad|220
5725|ebecc80ac738cbff027675f6b2f9d0fdf13f4fef1f10b50198cd148b07a4442d|156
5726|45483f3812d8a422742d75d1e7601d76ede0d9775d68100a6589844b25bd00f1|192
5727|a2d03bd4a76759ca5a75d0abd6073387400fc608353cc5026c38b04e9a9e141f|220
5728|7b6710e59bd02e9f16daad78ea48a2f9ad2070e1c54db49999e25b488c18a693|220
5729|3f63c6678a8fdb6cefaa1b87f5bfa3f29e12bb6c356a3ef7ef3f6c8884ab321f|290
5730|1fef7dbf6cd74ae21e416bf852e270af9670d33c4ba30b5eadf1c449c9f18781|220
5731|54c29b07db332771a3a3a977b71bd560dcf8b46c4b20b4580a91c36353d10959|218
5732|e0d370d459ca769e757b4057c45d676c0888f4dba10aee791dee94b350f59269|228
5733|57f81b878d399eaf752e70aced71fb16cca844d9d0e02695483bb4848d5ef668|220
5734|9b14b11398d05328073b853654c2b7353317eaf6b6c5c1033dcd9b3d8cad11e7|220
5735|847a0042a45aa82b37a4ba33bf06cdc73efeea352a5726f652c1dde56ef78316|176
5736|7c512bc8b5cbd8a618511b6f9ebc8b7bb9ec523d09585a73c5c2961221f9ee97|220
5737|5bac8034de7287f476f7de9de9de0a144871a13347be761b8d01003da6e01354|200
5738|a743f6ddef8f3000087ed5c6bb4cc83cdf9c8dc3a1ffbb61eae54d1d0f71e6be|290
5739|8a58e728368364a450a04e51e96e5874114835b891ee49e47669e30b4cca2702|194
5740|eb733952f287ba2e87ddabb939532bbc525e06e990ca137b673d50da726922c1|114
5741|2b55a8fd3697694568332f64b74af00b846857289288c649d5a72807419ec8c7|196
5742|2194cb2dc71ef20cefeda61e978f3c42d02cdc1e2887054f3297821660aebb77|220
5743|b149c5781b2ff27aa6d05e63237759f131fa54f8c3b2f99825bb4fda4122277b|122
5744|756b924ee59cf6140f36d1f1a8d5c6a30debfad063c1a8d02072ba723e9d40d8|184
5745|921bf88c01beee480068f47ab4d6d350ff673af513c2aefffae1ef9b627d574f|220
5746|1682fbec5f6a9f21b535fa79f3bbd19c1c5ca96625977c3518853dabe77ed773|112
5747|cad04bb6c6d6a3a97b0030f8f2c9bf3bf1d4e2e50f96b1c8534778d119dc0720|290
5748|21a87a6145985774562eff686095c4fbebc28d8f7756a8d7c1b6f9610340b302|186
5749|ad5d0e62b195baacc0301136efed4f57304105c1f6cfb455d92041e28c10179e|170
5750|af43f0756f1f417ca874deb028e82dd27e29fafe88618eef9b59884c5e1459fa|192
5751|219417475dee55d81eaa197e0486d96efed0ee2db019868c46ee3e72dd90b842|220
5752|ceb68093c556f21cb24e1081e6f364de1b24f80e43a05d7938b2193429ad8621|150
5753|d7c48916d9ce0a08bcf1be63591e84fad8c331855431de59ab8fe96f7062902a|288
5754|24480f80af76bbf4f21a6f29e7bad799aefd1526cf279bad56913f71346c6cd0|220
5755|02d30a48a34a43e5ef624f74470d88802d55a15735226fe4ce3c3d8b8362928b|220
5756|65c3d9d6edd48114ccc4de196be549238568ca6136570110f02156558e70cf30|186
5757|4fd46ba2570c88839f0b5e16cb53e7a912f5a0a55903ceb8a496f3c2eaea2a51|220
5758|7ef4b87761209b174228b98c2027d05032580e5f8b3fb68bcc86e58df6a15673|136
5759|0b0d46cc718228a577c93942af2c2b8fa6e01b9f35f9a2064ffd9e8b32efcd38|188
5760|1dae35c8b8888ac016f9e58683892825db0724f8e3b0eb4b5dbc9cd7b806a5c2|220
5761|3bab0f38d0ba989a500de1c67b8bd1a5ff9b512dd1bf9cd9b6531140f927cbf0|194
5762|31791be6e8ee0e814dde4ed8eee4f182717596702cb392f095f4211b1cb2b2bd|206
5763|c504fab586c36b71e972d96e5b9e319ac3d76b3aa7e0bc9df986f284bac2a2fb|220
5764|e05c953510a82336d642520d95bac62fa0c0c9e7be2408ae56194bca32dd9168|208
5765|6fcaff97860a9f9e0e1286ea7c8c78eaaf6d7163356a9f79d051d722056ff4ba|238
5766|7367b1e7da999a6b64d9376e33c86bbc044470accd5aac9873deca30b6c60bed|156
5767|3d1b69a48c7155ac3cf4dde00fb3963ba953bae58c36277cb14a2050a7c2ec2d|176
5768|060e1b9da369739e7af18b9d535a8e336e2eb156374466a1388d297cb217ca73|174
5769|86918774d4b4e5b4c2906c8ab11ea7c2675c53bb7955788074da82aef68e0125|220
5770|c293db7e4142c51ac4987f509b38df729fc8acf2364821d19049e16b6494f860|214
5771|37133ac1c8e7cd04de941d293725c6f6b3d00b63075e964c40f12e3383e03247|208
5772|226c83775a788006e445e3fbedc062d106ef21f7819ef3d0d09caa511466f4c0|220
5773|0dfbe463a620fe8fda7424ca02cd889faa931ad205c5f7669e1071839f077910|154
5774|1c957f0ceff88b772aa59352f3fcf04a4064e4af5b1f9ec94bb6e1e95af9b6a5|168
5775|e981679e2c2637b180bc068369284cc3a1a62e43bad7e399eafc1ea77a08ea82|220
5776|21a3ca6c89e772c6d69d56e5c7810f46bd1ac7d06b85968b0dbe7c22bd023c17|152
5777|ef0d0430c8d3128aa3806b71835ba28a4ca3ba57fda11c68b969d465582cace1|236
5778|f0ca984c4dc1686887dca09bbe2d613adf35c3ff8872d7257d6dad070ef21262|220
5779|2f185b1d0172fba13b4bf3f826d635645b2fb8a21389323d01486efd7ab489a1|100
5780|b18aebece3f859cb64dcb1cc2bb8b6e21e5b6f825cd7b3a7c663fa8d563f59bc|75
5781|ac3bf0035c33165ee580403bf53d5c5c7ed977832a5b2514beabdc422704c002|239
5782|eac766e7e5c06c2f05d2cc53ea8a459aa45a417d5b34822e6d0bb2551a910c0c|81
5783|60bafd2cf2f1943cab9c6189f682596521362788556c560a0cc30757129a7206|298
5784|5411f0c8c7115d71ce2834034730551db58cf5fc6e7896404a680e5b43746def|75
5785|8fcf9d612ea76bfefbbad9ef30a2a844de3b7aa2e6a6a52e640a39843ae5393a|240
5786|976553913773f5fcfcb9c8e0bfe412b566ab484cf337f93e8cac26f6f70043c4|82
5787|11fada7c6719828ebe01584c1cc3c0817c7fcd0bbebcfff5d5d9a52c61945192|296
5788|3fc21234140ab9bea6f6ab41afba9b77aa3034e3c74a33c411d58f54c3000c0b|75
5789|5f13bd845100dad9b093e20f0225259ccf92f033251fbf05a289df75aab57960|241
5790|a35ce0a80cadf906f9079911f899485cef93bf2b3b8a3cad44a57b790a3514da|82
5791|3f59f23b5411d1f3e72c6b7405c8b31dc53272537490bfddbc65eb10dc1dbfb5|298
5792|65dfa3c6b50a1da1cb4ed51da6259626ad20733e8eaf9f72ecc38b9a1c461c14|75
5793|e18a82a4ee0a5a872c38e411d5d995b17081a22d18dbc6e37b97db3d4936e419|242
5794|9e6ecbfece0e8f23fb972c291d7ebb7a09ae1d273242d373a6db924829d4cead|82
5795|935b7763d6cd25306885293728a257aa2cb53e69a35d61c1131911b95af7ebd5|298
5796|5411f0c8c7115d71ce2834034730551db58cf5fc6e7896404a680e5b43746def|75
5797|c5a42c885ce9e6451c5e51e899850490994c31420d5182520287219cbc86e6d4|243
5798|eb7033798f694b9575144acf3aebb9b32831aee87c802b8c977be51b4d478dd3|82
5799|dadc4d9264e3da0dffae672d013d053b7ae0f9f5fea87e7a71500e5f57eca8d2|298
5800|b52f3a7dc8563017dcc29909f9f3cc3d3b4d79b3ada516ac5877c2421bd7cdc4|75
5801|745ff7ef777185a7838b82d42598ed8c44b8cbfc7f2311cc00d3752f5a98462c|244
5802|eb7033798f694b9575144acf3aebb9b32831aee87c802b8c977be51b4d478dd3|82
5803|259ea9d712e1a362ce18d111c677b0d29f4ebceb9e4306ab49920a0cff198466|297
5804|b52f3a7dc8563017dcc29909f9f3cc3d3b4d79b3ada516ac5877c2421bd7cdc4|75
5805|535e0e87298098837c5ba751c8b6173a2f844d8a47a9d53e3f324e3f570d4a28|242
5806|9241655bce9c1d92168fc555d8b38bc7ab547eab2a75697187d9967d3f808bfa|81
5807|4d7fc86e42ab52fd0b197288eca6b11b47f88bf15976f523971098ab33c0587a|297
5808|95daf3682da53f265eba35563d27396350b47e463ed2bc6c6c1fce90f6671cfb|75
5809|f65bd45e208df235338354d59b14f627c8fecc12aa58e24ad080846ce35f9a5f|241
5810|b6b7f6322e4b8b75e890b743aecb1f90b3e38924ebea32d25f1e7cc6bfef01df|81
5811|0ea09223e8fad2da8cdce75afc6efd2d6a5e21b29eee84d14af86fe72779cad4|298
5812|3ab22ce58458f6c71a938871b3eb8974704ea9af8ecf200359b8782c92121ed6|75
5813|a88bacbce8109eae5d01eaba351f640bcffb6d244808e1f21674bd7256f84c69|240
5814|33a14f0639fccce48f20938aba9a7ff7e3c98f1001013648ace1fa8ab5475d5b|82
5815|201ab9c79940c130e91958faa7662fb1502a469181e2b41ad0cd823f9963d277|297
5816|3fc21234140ab9bea6f6ab41afba9b77aa3034e3c74a33c411d58f54c3000c0b|75
5817|5b2b5a39d11069fb65fab6ddac365db8fc8081cd029c52fd80d91ffd4f106fff|242
5818|093a48677e8d6dee9c3b76dbd3689d60dc7945573865e7e1a1843e8d24910956|82
5819|c358be9b0383ddb1563bd42142dac2e50c16d32cf5add93b54cfed8750d3a1dc|297
5820|8fedb2d1dfb47bbe3cb55ee2d9c77128243029bf177b49e9415334b716ec77f9|75
5821|8b7f8d908d81d1e4e7a9e6b584214d0c80844d564f436bcef514195b7cc14358|242
5822|20639ee210f004b80bc40842c6449fb714b7cbb2eb0b133007ec563e8a4cc75b|82
5823|358502e388eaf987c4bb213d0b8664aa5651e785220daa6a530d6ed7c9243031|296
5824|37ec302dfc2e0fb06a23de9df416a8325108917cf4b441a82c0196d309de5acd|75
5825|7b62a2433f5e833ec4052eef90ee7ba392a2492dd1932670b99710ee6617936f|240
5826|a5542718a36875240449985e562e040fc553c5db860d548faada5d625f0c5c42|81
5827|2417fdfe62f9a609164b384398aec26a08ce2eaf2b64d9937b6d3e14b75426aa|297
5828|b18aebece3f859cb64dcb1cc2bb8b6e21e5b6f825cd7b3a7c663fa8d563f59bc|75
5829|c46919edbe2baacd41a94089dbda207dde13884401ce109033702967b4fdd2eb|242
5830|04140c1c22712fba05622a1c8c85c6c21d98d7e5a0046290c06dddaa7438622f|82
5831|89ea264dae99e78422033bc4c99cff6616d3e4808eee0e56a2de75c2fdf637a6|297
5832|b18aebece3f859cb64dcb1cc2bb8b6e21e5b6f825cd7b3a7c663fa8d563f59bc|75
5833|7403bcb1e68963004bf7a7a6e5ff558f9c387c6a925f2fe80dde2ef73dfb280b|243
5834|d84d191eae12cec8bb570fffaf10e7b7a90400e4412f35ff5d54ae65e6ef1d86|82
5835|2e7791f9bb65f55234699d31ac5c0fb2783d349f2b78e3000504a911331a7b9c|297
5836|95daf3682da53f265eba35563d27396350b47e463ed2bc6c6c1fce90f6671cfb|75
5837|806b31dca602a4332d4f7b21da4deb4162377a356501460706caa9a09dbda641|241
5838|203535e1644e349633224d75911b982ec77cd2473c74b95c542a1514a80bc332|82
5839|b195e01cf1ce2a802ae1d4e16740d95482084feb32fa4e2c4d042012a7ff4abd|299
5840|fd70acfdf7f8f8514a8c169747bff9a496407005674884af8284cd51e68ed6f0|855
5841|0febb615aaa8da53bacfccd6b6a8ebfedba42b5bbfee0afa378272a599bf4942|528
5842|27ef7638d14a84081426d0c842aeed8dfc88c767f9b25961986d0b7118c4a3c1|714
5843|a41b717c44f0f5c0adf6dbc3de2bd24cef701735fb84535c45a10a2490eb386d|759
5844|f8c32f8d420c2fd2b080dd4eb60413b249b2fcf5d3e61fb9ddac03803aebb4cf|465
5845|a0e534e43a832bfc173e899945f15590b11b78a4080046ef607fcf29ef8f0b01|816
5846|7929e633587097b25d139e721512e0cf12aeb0db7b35fb83757aed3c89a94588|771
5847|95d1689110db2f0bb7d1c31c490f2c6d52347d85d61eaeccff799cb5ea1f55e4|750
5848|be12a33361faeaf64101325cdfa6bcb488a356ca4f23cf2712d851b6332e75eb|867
5849|c5d7ad7446e63738727adfc132afe0f3a983b45bb36877945c83bc5b1a0431f6|793
5850|4a7c6b152f6bf48980e7eb67e0a7b12c196b5bf6da552f381009de8d11a876a1|775
5851|6eca3c0d9803614a111423921a4568bed15f4f1361fc34b23f3301bf5f64f734|804
5852|a02dd8368da5249d3aa3d0065ec925ff5844a940db989d966aee99272c7b53b4|629
5853|6dbdc5acfe922a69cb1ad5e9d5567905efe2261e070bff03f7047a51278a5f94|565
5854|d2c1a8d5c325b8a0a51d8d79a64c71dd2f7e907dbf75b84f80643b03329a35da|850
5855|79ae4ff17b0385ece4fbbf515f9bb761e2bba8fb5669cf85085315e1d11e9c47|401
5856|343ac1536054e1c539a0d88ed7054ca79d7c642ca5df9878c60527e7a2bb34f0|580
5857|e431c3c6024391ec3907cef9d98b9844e5e00ef13b307e5beffb11b10460eccb|616
5858|3ceed5737975aa8deaa0146f2dc387b01fc35916e04290a4aa1fa294fae841e0|575
5859|7000a9ed7533b006e71f5df9a5ac9ffc91246a3084af2c8afceede12f17ebddf|731
5860|17463a7d8afe44b6d2a0a998d864acd6985a5f15bdca35d6ee81a0c1857d8e8c|733
5861|091c1361e464ad626b9a7edf6995a31aa067169055dcb01f096dae8df6e3644c|640
5862|e96e2d6494fc3d9e463b469dcf973651777b6a50d8fe36706cbfb320604e39e6|840
5863|4394849645a970c2972128670ea0c831495f604a169ad366948e82c75c936d2b|844
5864|c54eed39d858a0772c7252615c572972055469892a4925e2ebce860065f2761a|834
5865|6d3378e0dd7589dd889e71e748ce173eb0201b685e2b4b5cfa6db49ac34e4950|856
5866|d2aa6150b5956595f66c175ceab4ec5f4f6c5fd9be7b57d5636b6e93e8bb75a5|802
5867|175ba3d315643e3f349f49d486ec54c36f5aed8562fdecf7860f71db58e69cf9|632
5868|eb4cf19dd4af5317749df542cb20113fb545857fbd91cdcb7559126e5e7ec700|757
5869|2c02ad3cfc972b095ea3c5c8e7efe65e0af5c1585e1ae2fc28cfca555c1d640e|602
5870|595e20dbfdf816a87e37b95b20cb3bb191de6e688942153f5c82804e3c9c1d63|718
5871|987233f44d134705dd75e0c3438c6437a1c6df9092c4679bee83ba449bee7a2d|720
5872|0423e329c8108dd40d3c8333c68aa57ef807f6918e6de0cfc2c869def08f9b8c|850
5873|05ba67bb455ad42abf507bfbf075df54a78763cdf38d4d75c36eb73aab4f6052|550
5874|ff6369455fa0ac14be668efa4e370fb26d48bb1340027af12f7f3b9cbdeb7c62|758
5875|8c3fdf76535c5dac8c482d8de037fc2b56c807cf3a21f1bf52cb7094109a456c|542
5876|cc591737454448c1504ce71c5fd7996fb37c4ae7b1df3a87873a91efb388cce4|846
5877|743c577ea6c4505e3980c5f7dd8f6e21419b700b690d43daf1fa4d24dc5adc77|428
5878|20db20575e9807dd87d11e16c149e435564ff68969170d31dafb3cd9c594d92b|601
5879|2ef6c22e05fa70438a92c196a2cae120115de10d976ac93c8665d35792d58507|701
5880|f3957ffbc180093c76adc15ff59ac084f6eb33648061c854756c8057dbf15d15|762
5881|c676a1a3071d33b402adfa44e2e13a634ad95edab34e1c596c1525b8c00a3818|848
5882|e8d7865970f8a7fa2585edf35a8585569334fe92210d7adb36e9f79eba6c0854|491
5883|fd4b808a7450fbb00147c25c3c521e4aa9f73a084558f8bdef045474fbf5450f|804
5884|40c51293b25febe667ab70067c11ba311903d690b8c42d414eabbf326f11cfa7|844
5885|33841e64bfd0da6fc0061e28f3a670a0b8eb250e2e35a1b33beb6ee466996406|820
5886|6a8f193c4f4cd43a5d96a4c8c222b3b92af60b488b00df47e273efda8f7fdee0|818
5887|c5dd881fbef1fcaf5354596b847a884d9fbb6f64ba2e0e4eef7f031337172d37|691
5888|d2387aa918ff499d2a5b9eb8b63506571299782e352e13895c82d8b1076967ec|817
5889|35c83dfbd3511b9fec57a89e67b0323841f86100098e79b4e1dd6f38bb97d3de|621
5890|a87493bb2d9bf666c7cebce8e38fd23e8ac91187d2ef28aa67746a8b06f544a4|664
5891|042e67896132ec2f02d414e250f746592d6a4f925db37168f0732a04ede06f85|590
5892|4a266feff51fdff183dad6f2e09a337e3a6ff3f0574a74067552aa44575a2cbb|544
5893|81d84f25a5e7ef2a090118558a8ee04f78f34cb95a825cd9f7cd5d2814087e7e|785
5894|5c5d0f104ef387186d991ba48c3aef6af1d19848c06b024bc86216b29e17684e|854
5895|7b2a815d6f67551ea225b87364388b2b6c7f5d08b1469b4ab030a8927c20a347|530
5896|68ab536d150985c984495c23046071e6d08c247cfe55291f927224ac85b90447|611
5897|f858e94359d6e7e3ad840a866e837f3517e84c33d9939ae29d3e805efe131cb2|688
5898|f83125ed491b53696ea40c564bf0c463723dfd5a2ed47d9e668144378446ea7b|718
5899|8df07c8e0b8f392785f1c5b884709b7983c558cd6f116f1dd7b2f46d37e5eedb|615
5900|fcbb4976fcb60e6bebd7cb9e8a088c1749da1add6e162f31bd77d4d0e9fc74c2|694
5901|dd813aae2a3f6e4003016f1e0375ed7c3bc9c6d90af1d75929f291209eba4439|439
5902|da70c058e8ef4aff5d1cd19dff448c69f42c77b50a79d26a5e464647367f32b9|1133
5903|208f3e8ab9460b36b2d0b2c49709a6649a6ae387bbad5236d43b924e8a373bce|666
5904|f26e0932767828d821fc3930252f546f790a39261ca10995cc018422567f34a6|711
5905|bcb8e97aed7207e8eb1d3da69040514727c7bd63f1f86d48d498b8b1016e23a8|570
5906|609c82f22bd71158a287d11e58879f5623b7561cd58cc2c201d83b96cd399a51|853
5907|a0d7200e468c30db15f88a491ba03e7ff98c140d6adee366a02bddbbd160858a|723
5908|f3fe39231c346da43d16b837ca92048c0007a96fcf4ce205e6a1b0e283b7761e|722
5909|8698a950a32a508d8583a519ae12671167afc0aacbdeb8b6385f8a47e8b05e57|1168
5910|6578dae37bef7df4e378b7c50dfa64b1bd3f476f3910353a38e46fec602183c8|873
5911|cbcbaa7ea57afa7eed29ddc8f83c17a76cc48bea29d6d8eb39c79aa3c46d8e11|622
5912|4ed849df985bd7fd36715f5c7c91283171f92bda8bbd61d8f68b48f764297d6c|366
5913|55d1c1a3c5d26649757370cc955d140581852b21c2bf777f499154832954c484|855
5914|44439a0a6ac36294f02731b381f00260489605c44be79be85f9b662997df13ec|694
5915|62672c87764043d7c20717d6be226cbe4ccc505f1af8428c0f4ac18880ec7cb1|826
5916|1b56a2c75ec2936cff58ea4671d1928be3a6e405aea725d8cf5b92dbc10f833f|544
5917|c9e662165515ab56f05b9420a7785c92cd770e2839277e960d17d9dfd16b4333|734
5918|300c53f7f8633a18f0963b64ffb2e10fe7af9c4d1aa68118c43e00ebbb6d930d|704
5919|d638505d704c51e4ea53b6c445f6dd8c75b46de8e8c71cedf6a099569db59b87|842
5920|3b4a714a102b11d974ff99265afc27d48266213af87408bcfa5acf051c2d6a2a|844
5921|96ae42c21dd66a72ae94ef08d1dff1d4bca499c964265783a4d206675f901d2e|704
5922|a3ee387cac3a4569a343486fce5a0bc29bee44cc59974cd9209ad3136ae55b15|479
5923|bf233577c086697bb4221d60094e5898a90205faf1bf43234504ed2cfab04531|947
5924|1a23953b514bb3d4bdf31e87abec84ef17a58da128fb878bbe77a6879b0be8c2|374
5925|fe507169add4689b67f63cedccf4a07187e541077c7e8f2dd3a1148028dcb2df|625
5926|324eb4002f680bfcb83902133e4e1616cc7cfd5d2150a5c7514713c58fec47aa|995
5927|25d0c28adae8e21603afebc7d01736c314f5c77ce29d1d5f051013fbe19392b4|427
5928|cac8e6c1d59d9b0c3e07aee0d09a678da2b12fee6000b1ca33655d1dfca0cfc3|819
5929|abfadfba78364223fa12db881a4dfc1cc7789cfacd9b9771efd8a37f54c24e45|815
5930|8d74c41eda0238160c685fd8699dc0ac7f5133131e77749835879ee0a0d19640|579
5931|a0b4902190c763e67966eef7e93a81c8f0014daa574076d27211fa60bee6863c|778
5932|959491ea66dad22d45f119ee5964a392c382fe1498bc99257a8875decaf65b39|735
5933|2f03a8d59c87437ff48b5297ce0a1a22a260ff7b2e9f4f7d9b2bf7db2ddf7d02|623
5934|abc6199698ce3fd332ed682efe28ecd594b1fec3a6a4474462615a80df3e9ad4|841
5935|fa5db0e9e51a2fc9829d59326dda3c8bfc81eab73de5e6bc4f2efdc90554257a|660
5936|28a2bcb6c2351d6e816a626d2777cb39c8d807a49693bab44806c62415802156|851
5937|5c6cc9301b777a9e39e2490c2a441a2b10b841caf4bfb3a287ba0b1992a55d9b|696
5938|ab2938587a9c2c127969dca2b24880baa85089a8eb50412cae0c795beb504360|796
5939|72843ad5adfdadfab4a1c05e6370ca0ad2d81049080d4c67ad09358caf5944f3|645
5940|306e9709ecc9c812f10db4604aec468fc3a0b9aaf366fe9f7d661756b6723a77|338
5941|f0201b5ed29780a4219efcabb41eed1509ba0499395e2024f99cdf161affa489|494
5942|973f63ad1d0e7af39b3d54b02a984f17c4ac202164a96cf9ef8c3b002fbd9eb6|530
5943|1a6a698e45c3bd4d69b96d5d983c3861dd527e803f16d8a269adc44b91573bc6|800
5944|5b2ec67a1f8e778351f42dd5cbc2b734c27a2a114f17c62ba41455223c2e408d|762
5945|a025283e187fa33f26a822d8aafdf3d4aa3174bea2979995a9072ea75a7585c6|647
5946|156838412d3ed0a586f96a3535b5e77e94ced069028b19e14a3b7149891d0ab3|771
5947|80ece02d44a5fae5d550287133977eef40863a603b8a266f685ecbb23add2840|687
5948|83b9c464f9db5cfcd6fb0f9c5331b219a7e666c1e8a13c57f21b4bb1dfe0789f|937
5949|8730fec10b453043f6f373c493e8c4718df535705df695484de578c084ada38a|835
5950|73b4bfdb5c039d03219363d64d9a609cc5f32df3db5e43ba8837916fcbb7e8e8|581
5951|bcf356b25f91da20269ddc97c7976873f034d4c6cf3d7afa8eb144061b66de37|824
5952|d34dc5868658bb1f697343d6ef0d6f3b71eb4f96b5d183d8f44b72c4c53e87d7|686
5953|68a3b301e040718c7ce107294556c6ac83502d132d1de414dd2dcfde74346819|854
5954|537434198ccea0ab1bba3032956f36db2ef8b4ac2202edc54296be8350271fc5|1005
5955|76f57792b4d59bbbafdcae8191f683090802211a9abbfbadd2d1ea4346b8d9fa|729
5956|12348450b71f821f1b2ac4156fe3876dbd34542d8338d899549f0d1a0feb679c|598
5957|e1869b970df8ad58757f5b69a2d4a382af29b7f161ba56b83b6a10838ba4af71|541
5958|2b09fbc6a6e4ff71e3e74da0a7947da529a97fc7df2fb3650344dd72b899ab20|944
5959|46e5c7d6f51bd0d83f0adcf707163486612b3598b76feb40d867508040bacf15|754
5960|949c742992acc64dacfb38411efd690736b228fa2ca1fd9b179ab09b1b5c16cd|731
5961|247895eb51512bfca46e28917b3a2b6f197ce954f0ef26b6eff3b396d3e3a299|591
5962|5e7b52b2ad7259667121f68b3c7a6dd783d8faec3187965665d79b9a1eb71dd4|652
5963|bfa32fe1fd0fd698873e5be2965355e639a3b95bc3fa6c9c265e2bb0bb618397|431
5964|80e60b4e2baedd8928d02519f1ddb229564d9c66e05c2924bf6ae42fc8138e5b|724
5965|a5aa50011190c4158287804843059c76a7ba4501b9bfe6f6165f8f2c0b7d3714|715
5966|66021a37fe34b63634e31e51b6d0a081ae4ec921a001b08cf83e5491929cb27d|632
5967|aee0bc067fbebd4ac0ed3f099b59e74c435e0727370ea7b1f582571b849d7b20|551
5968|3040188de34b88ba4430c9c8617d184bd27af65cd838e5ac48ea09ba76e0338f|828
5969|3618d41bf271032ffe55664704f1c544d8447a6197eb4ad4bc58ec51f09f27d9|853
5970|e879522a87c071665e880d3512281a177b84aa3b9c27f42557d4a65d2e80285b|626
5971|968c2bfa20f521476bd1118657ac3d7bd253a4e626888b973af3a6ff4f715772|496
5972|afc8fbe5a3adb5010658bd22995d3673464b70ef527d494a93bfeaeae859ffec|633
5973|2f2239ddfd3f6813115a368ef208ec62e0fddf554c8c8506f3abefdf9f712586|786
5974|4e1cdae9245b8a3e075ca5254e7428192b09283ea0ccd28853cf8d8514a98784|829
5975|485c299117a5590dbd85186045136aa360de20fa3d90bdc2e1f5cc31fb75c44f|658
5976|2eab7f1e964aa643b3b6eecc5692128da3de6ebd40f45f85db344b39f3047abb|816
5977|b6be52512d3bae9a99ca5512119640e97755c3a901fdbc47a56b54e843aaffe0|559
5978|1a65d6676c2138be7c2df895c038878ab33423514f515c19eb44cdd553241d7b|425
5979|d8879703cdcd6d4e0aa4db7393f474ab5edfde8a30f16fed4c5d51b2e57fba5d|594
5980|ef94830c3172e3cc81a8960f503e25225a8dc00ae3046cd1e749db44fe27182b|788
5981|d3904b4a057074c6e4020e6ccb82735e0d9aa6a57d382a4641bd9892318c4b21|526
5982|a4848fa33e0704b21fc2a825a40f7944ccaa3a749483e3cf9c932612fe9fd13e|845
5983|32ef2e5102a339ade91e67888dba1a3e525f5c51ed8e3ddd84d1c73b54365bad|626
5984|b9975516d790f5d742fce2afc5b9995db9659b6c4eaf472fdefc0255f6a3028a|729
5985|ed3dae082a2bc6c476872378ead17b762a4f143bdf39a219c00979b9f9a0fce5|618
5986|1c36c866b64c4de9f3f9af418d53b68e1ae43fd0a03a7efd92f58105f8a37378|764
5987|e44e3d18319cbd6bd36f3dfd01e8d3bece019707a338da07183117fb9fad66b9|710
5988|c48a333fcb66d5bda8b64ed61a14b7ef13764db214a38cfb9733c768be20eee5|793
5989|537c5c7626bac59e70e296a1684fb33589883c9fe7cf1a4155f705d3084c2752|812
5990|e604f70bd92511f31a7b1634317c08b98488f1bb0dc8fc2c50ad3c2f227bc0a8|689
5991|222f9fd9fec72815c6d61f260695f8483792f17feba66efee51b6dacd9995b74|647
5992|1e14c27cb8fa915ac6c7684b425f829474de08c65eabeb37680eb626013d1c55|756
5993|45278c3591dcd8125a9525ba5f7aaa2c1b0d4b3bac4d1619be457976268b64dd|856
5994|8345b29b7d5e2eadad469cec58f52ea6aef50df930d45dce58d542106c562144|766
5995|1aa01ba119d0d41abd947a3ce88901d9779eb10a793e9a03b554827c91a4469d|753
5996|a1514143f1291df629d72550be8107e1212096002ba08ecfb5df7f576fd69ff6|565
5997|f3129d0ceb89ca2f7e548a6046cc7ea24c4d9e41b2917c91a47128924419bd92|734
5998|3d22e7c2f45b574f243d6c6ab4e4c19292519ddfae81bd882cecc5f214ffcbe8|681
5999|262e274d3d3a0b03b098c21eb9b7dc97dc5b560c896fd317abd8381e106e6d8e|263
6000|6d607587195762c398f867e3b2a355e930b943a851318b0bd5074cb5887229af|879
6001|5436fe25d6243c542f5a0dadd9d5b3e0a9d22b85aa20b6083547a0f60e3530fd|614
6002|eee435f2eacadbfb24ed884a593fdcaf9c61dcfa44fa6fc6f47dbc629189b156|677
6003|0a22148b6f424aea58c7fb23de8a14e61e37983204a0fb3ba20027b677e0551e|640
6004|895064b23236183279621766444c58c8d981c9b8187de64f91415c439773c816|776
6005|f67b927694c55279ecb564828bf7e04c7e0b94f79bb273ebce93855e8acdcc5f|684
6006|a36eb5f822b5a5e34da0780214200d0f67c87941171b392581937003f0df075c|558
6007|84db7627a75f43e2b3765bae6d795c265646e26715eb72b94806a9a5e8dce402|605
6008|71f77e6c242526bc49758b22845128183f4971438e035e7cda585c26ab81dd12|611
6009|18d236dba778595f36ec61fa545ea873653056a63dda05486cb7b8d00730c7a6|624
6010|a0932e9b7fa7e76830552d0331752cad1f34e7a8ec1a2592888723cf33bad674|598
6011|394a7958e813c73f312a4e839ad1758e1ec4cb3935591797d7e27cffc9ccf2ca|773
6012|8a7ec6f7a5e65854d34f061e90330cdc64d447df821813ad33acf5fc2ae5151f|760
6013|890b4845f2b031cb467708621172f15f7ef86292a149d72958bee419671d692c|1087
6014|fbaea1f476f9c6d6c238f218172511a627cb3af848173044d3afec36e81f3559|696
6015|51e5571fbcf6b3d6ba6e3d2d9973989a9e0b88f634d68ec2ab8fe2512ece75ea|726
6016|218905bf4069928ce21b51c95321dfc2c002fde5c8f20cd3a50c57096d1a80c1|1027
6017|f135ff23f54e23a63868bd155c54e948d72c939c3d258b4b81a7d3c3b7fb3280|673
6018|cdf7fccb011bef153734e95cb8d792f16b812cc24558c930a99c3351648b6f16|598
6019|3b3c97bc943277f5ec4f4ccdde2f8bceace025574805776de9db66ffd5caa92b|844
6020|12fe1d448d17a921bd19c91766da603e6761a8c7f939cddf305f9e21f7e5b640|679
6021|87f174af007244eb23a9852f1b8e7691b23e72c522d95ca24b5be3e44ecf6a00|578
6022|edcf8b7c0f6365fe550384f26427c05382207a6d66907cd52f1ea402b06304ca|692
6023|3c6f855e351cdf0469cb60a7de3fb00c91700736933c2ed1ba63f38f06fb1fac|816
6024|2011fc1e90fb941da4633e45d1b82afc1958330f5dd496051ef4f40a19a9a752|750
6025|f9136cb2bcd27487894238a9572f961dd78dc5dc107be872bb42bdd97974e56c|550
6026|1db0de07b25b6bd5f07b6d246dc5c551bcd1eb9736cc009cd53a5135a18658a6|526
6027|cab32f11bce74e39d47722d53cf51c066889b9f8822c54e0d84d71c4c1d8ee48|568
6028|d38c0763cd080e6e70d41618cf9c39a8454ec3e8b5ef5eaf2428d4a4bfc82233|552
6029|ad645f15809ce85c280b353589f718ba2ab82d3ffca9889e4baac2cb56255225|647
6030|ae3c2297b609573b9738348b813caa11f7816f74610f432282d4277503855105|635
6031|37800589c46d25df154ef0431ced58b329251fda1e8cc1ce517dd53ec401f5c7|801
6032|b82dc15525e56282fd381e28a90a2248f9ca802d7db629d20bcf422a923c55a8|763
6033|c9988acee4a76f5574c83e66a1593279383728f125c7ff3911905d56c0faeef9|849
6034|a93224487798755359b3408e25e2ed94c6c755d955b2e6269e6ecbe89ddf0786|685
6035|0dcebef65d6cf9e3bb3c2490dfb839a31366b468528c11666e42dc0477846e33|786
6036|baf7df23bff522f754ef7a6cb59be225d202d25c07e5a4cc7277681cb9a5d477|635
6037|10676a0ed7f19e453690498de8c5f4441011f6196e8b8278bce7b71108858864|732
6038|62a4216ad20d72620b7d88ce88287462a4bfdbd3127782ade5e4ee4ea89ae45e|833
6039|7ad97d850b52f28d87106c6e61e3d74818ad665b8817dbe5188df968952f08c4|703
6040|63980e6f61df45abbe8531ed0e167946a683cd452e2d0722ae9d82d73b22d835|931
6041|eb92482bb211748a0f63ec786592219e660f8e3957d01e9f60c6ee2caf961e7b|688
6042|446af726f0f4bc669918e2680cc264a418a7be15caa07e9619b4916cbd159e3d|803
6043|5e7d5d74c34b0be7c5375c3fdc7a6a8152b322e7674bbc20cb7bad75d0366a17|298
6044|442610d35f0c0ac4ff9a163be93810b7615150ec605f0621c1c27b9707b33216|628
6045|fdf5676563db664ae55c9086c87a0bb8a2e1eda867e6c6436f278d0e86df3410|772
6046|c4d11586d3696f780b39336c915c3950bdb0c1c08faec68678605bbadd6c00c6|604
6047|71e0ee5ccdf876dfe2e8a635c26b8cfee9dc24e5ac201d2c85efd3c8e2f321d3|1094
6048|569873d61646c932087e17f81c8500f21b7ca4963eb232a8becb0359f9e6408e|558
6049|97e1ab00059c3c58b1b5f471cf8c2d65e70891df586afba19fed055be303577b|809
6050|8eebb4a50baacee1d2049bc0777cca951e62f4a33f27512c64da66f5151f996d|643
6051|537a82742a63459ae0bd20035df1909087b116a40654051765bb66a9a20a0868|464
6052|afde49ba878ee3f694298c8db066d87e61fca80860b8cf8e413bcb7f67a002c6|530
6053|7dc8a05e1e918d1566302764932ad5106b7101148d10e0f2e971758eac8301bf|828
6054|129591cd25fd1e7bcd0a871067ee2c12f3a20df07a8ad54ce459c37d50f2f4b7|833
6055|6009f8f1c051e40a683c12fa5848bdc03712c7ff9a12dafb73e26bc0fb71000d|627
6056|457e72bbb63f29e53675031933dd2e9e0a4208bf4fc6c407bbafc0233fa22b51|616
6057|8bc575169001a97fcdc8e44eaab0b2c27c67bb057664c951b7791a4ea879e96b|848
6058|bbcc66d6da9289486ece126a1b1d0b7546d6fcca42dabf7a61feff12a1e8cdc7|752
6059|dac8e31ce866c6fe54a404928cc65657f4dc2a9331b5a645f8fe6e5224abc8ce|836
6060|ce145cf16e3d95f03f038249f8d2c1fbc21ac286db843b81ad478577c6e19592|636
6061|c050f07076a656e7f66da687f908c78d6c25fdd7531ba3d3e39b3ae819847af9|744
6062|48ed07108cb5882801ed44f8297446b7979eee162d742a841812f88e7ffdb3db|589
6063|a784417348f90bd376321297cf50cc1090dd7f9a291aa1cd96ace41ab34e3df2|407
6064|b615b3dfe2c486e7e34c711e1cd42698394761fd2f4afcf72188eaeb6faab041|832
6065|3ea63dceda98267c1d1f16fc98d202b42473102bc2b3413bc7a89f67ec1a5498|322
6066|a12ec87888ec60126c369c37937c78d9b5cf83b2e0c020865cb7019cbe075e7d|849
6067|f675742bd54a8c7bcb10559d30136196c234ea1ce9ad36cab174920c6dfb115f|945
6068|d58215418197ececf108b37fec470780396d0d7497ca0f2f9892d8725e3a4fd5|731
6069|82ed96f43491be3bb69fc8badb058683b9e11cb41fefd5f46398983c48e2bc06|669
6070|921c4d0f82ae007b0a8174df30790aa32dc089f7ce65e5b03f0e4015742c0ca8|741
6071|d73ba64f10a04e74ddb8f1bd2aa79c4d02701e989add712f5a345afc6006eae3|673
6072|e6b1a3014a64229c9c6c3cac084d5cb83c763f96b6bbc022295427101917de88|609
6073|69b458a5c75aeef765516e92b1548d747666abdca117fc0470da9e58ffd8de59|849
6074|8f1c932ee1027c2261f19ee7c25a47c684e8bedf377a1df00dfbe89b2f991306|945
6075|bc95b12f0ed9bdda7a4868519a4e9096d4ab9c64cf11a57a0724c3306474d1af|720
6076|3220c8fb66af546bee6f73b4903e43dc629032eadff5c52a91c4dc5291dc6acc|714
6077|189d5290bf59f469eead47e36162fb01ab16345d4758a6d7265f5338100d4eb3|719
6078|b7676eb030204972f4a8c651ba5b77ceb5fc148fdf06bb7b7f2f16ae9ffef973|783
6079|22d9f0384c1f33db04e8fc2bfcd3305d5a2119ace93a656295c4df60e82c3871|854
6080|aa6ee9a0030f791d6c425e72628b3330f80df2040e3471a2cd4323826aa4b83b|653
6081|a5e9f52cc08302f3347e159dd2d686331048cf3ccb5fb06fa8941e879a607b61|848
6082|04ed53f3ed8e6fd759005f2e1d7dfa6b68386e8f45c7f20575fe84937f9777d3|629
6083|cd63796660eb96ec2471f6c1fc04006d5578e282ce63697ba0c2052a938d0843|396
6084|ca89cf5571b0b71799e755faadf9d568cda02ea6ee937f2f0e3c4b949a62dd59|784
6085|7d07df9df4666618c15527a5325ed2a107143582984a54a3353fb815e02bd485|1051
6086|305c6f89af2bbe31e887926eed01f441692b4e9e626c669724241d3e2e267905|808
6087|7a75279a4a0a94a4bcb579d625a2ab22c186a34fc77a03d6c7b8a3c57e56b5d9|847
6088|947f3865528a5d6ca1f4249849bc9565d2ac08f88e29575cc83947b564ae0fab|831
6089|ca6b05b55c5671bca6731bac2eb313e0ce858ee540cb46e86f5c1fc6bb933c5a|786
6090|f5a1081ea44385be8c6863a33ddb6b8f175c9084f0be0b3d7ca138fbe2956db8|826
6091|6bae6ae77d3d0c1abd3ac4a4b4e0f1055c3e5634a0c404034335bcf9ad4c7269|1002
6092|c4d7ea5d822e6708f8dbc0be0c9468c732449f7d18be2ee7fb91d12ebcd232db|839
6093|454834fe16a9f104a81ec3a9c958b39eedaa16a195e82f797c4444bc749fe1bb|699
6094|9f56b529c03c2518e7782f140a32c689be215c1e566003fe2eb852994a82d904|593
6095|605aa6a14f75665204673b911e0793cc99073f9e0bdf3e11fa64633e7f70dc5a|633
6096|b34368d6d1de988561346569f68f53f4ffadb540c489dcc30f65ac626cf8c38a|761
6097|dcaa708933752e76a150ec85bedff4fdc6b8c5bb00c8cdeea24d68005974d912|1150
6098|ac04f55b71c9ba4d76d1954ed9aff3f4bb201a4f1f08a12237a2fb8add0770fb|1162
6099|9d4c51661054e37d53fc9b7726382b4ef1a4d2102c2576ad7a04da37508f93f4|811
6100|2415ca59076e7f622ab535376a09663581791791b6d376d9fab18dc0b1845467|831
6101|4a15fa707c2ea393b10ad5c220732a1b62e0fe05cba2cc82c36b17f93da0b9eb|359
6102|3ae074a4c291de615a80e64db843c1638b56a8a79515884fc083cbb18884321a|531
6103|02433e8e73ab32b7018268c4c4ccc98fd34248d8adf48f4c6477dcc9b2f872e3|763
6104|f63fb3768eb406a23689cf24d8736c431deee54f29b2f04f5e90836a45aa817f|837
6105|a794b1ffc86c3891001d44264f518ab538b7263e0c5e5cd7f6d273fdf9aca1a2|834
6106|9995476bd7613eb8fbb7689ac4a701fc585d366b85f3a715cba81fc239400bc2|841
6107|f267324d49028684c85df4bf74d7b5ad5eeba70f942721a3e754454a55586177|851
6108|54db2b99d69bb6c1c9fbc8e15df8dd43d5ff6466509b61613380962a8677470a|799
6109|a741c803d0d03cd8a8741f0546298467b81d6f96205f14a1f7a78b6f654f0f48|641
6110|ccc2f19b162f2d2d027d249c2c613dc4ad96021a9d0291a53c0742479968af6a|774
6111|809fac2533e25b382966d3a93fa91213613397ccfea93d075f6299f8f83b346b|837
6112|73763517a12b44c4ea48425eea68d6a2a7c2c6cb82edf142a457afc40b975977|699
6113|fa3ea1397949b0e9cf6770040eba18829509114fee3129672aeed15825a78807|912
6114|d38e517fef452d05b06d7bc3debbb52a377c586a6dd8b2ed20a7f0d8a774d2e4|552
6115|1b67587d419dae4aaaae819902ff24691dea4625cb5aa2fa80e5087ef7941359|628
6116|0a91d97fd3bcf68760ab3849ba36a935f295bc7ee067b83f142ef883a309a813|796
6117|cf93dc5862097daa08ea227b682ad4a1b446aa5587e5a1f964022d4459cce762|562
6118|c28aad1b741e46d51957fbef57e9742c2402263aab9f4f56a849703b218090a8|562
6119|df29a4c5617b1457a5fd8a5b65759a6733f1c9fae28c484cbdf44a8bd6285c89|565
6120|c377795dd6d530a21646b4dab3597a60635dde8fac9d98933e7439eba884edf7|508
6121|5aef40af4f6f28967f2d8e37be080483881e466cc11333c15fd277b61ac48443|829
6122|ab39ef17914b3ded82b1ccc20e89f4601d4113ee09f2cca98a124571d0320ec0|856
6123|5ef1e9e19d2894665f8ff0fdef2cc8da3295df98cdc0505f29798de8752ad4af|764
6124|8a4309024bb0868dbc775047f15c088cf1bea690aa57260c91b37545dc809a1e|376
6125|96a3bc6f42de2442410758c6ac1aa2c1f87e11fdc94a5a720ee05ca1ee3ec0d3|752
6126|fcfa6cfbd4559d6936c5efa3615b44b9022124342c2b16a1bee54891e5856e14|724
6127|dcef6c09063e1363bc5ef4129b80e07e837a6ad9627f23ff637fb15ada810e47|1080
6128|38b73abb5cb9be61a4e796eb545499ee412f980121ebd906f59cd5b9352f73ec|820
6129|925018bd7c6a10726a902a0b9b63e06a21322b00011f69f334f6188d640e88c8|863
6130|8f26c2a2a318791e629299b84e61fc1cc20c17601f2739c432e865dd2cc59414|847
6131|e5bd6d3dbd6fb523cad97b79e021c43b8e68f4717a81c5ffb76a43b4f8ea1e4b|683
6132|652434130fad7df36ed399f0ce0cfd3dc0c8952a98de716467093ff8d6cba1b7|727
6133|1157e42d9a6877f18b23d68e45f1a6442fe11a6953e950ee6cb9fb63abb9db38|619
6134|fbeb98bf88aeb4935541b3f92b26ca7ece96dc52d63b99088a1d80c08a4f7424|366
6135|736555e60fa7b1628369ab00afba22793eb56dfe9415aa0bf871c06a36157388|689
6136|f8b5202c8e643f4a6a427659d78328250e52ea5bdad6a6b98e8eec37843b378e|749
6137|cafe77b0799b9ea25053e4cc6e928e33771b098bdf385947a94f640da27da4fd|575
6138|344b33f8448d2d336b8c71a3a3b888617fe099aab5c084c27e24a72cf4ca6c01|219
6139|4a1d0e4507a6ec75e25088fd2b4d0e4d53ac17c2c40afc5632cf81e623178ee1|425
6140|791fbbff3bbb3b1aa07c120e38ff9a041dfa8d6e7cc16c72803117c94cd4d46c|622
6141|98d82229036a6ef57c5d692a64389eb9efcf0e50b0b01bd34728e3a389c8e53f|587
6142|919a3f66a8f1a7876972e28a2a26c756c613215d327f63b56bbff48bd586ee2a|741
6143|9791ac9688928c8e3c5fffda3b66e13a79ae0269012452b81a3dde9471458fc4|757
6144|1d8f256bd3f75871089f3c7504345e43a1b529e38f10728520e0d40103b458ca|796
6145|496dac02f9b37eb714e4985cfc25324de8f5eb7d9560cac37fba7eadfb8f05f3|790
6146|b1a85882f27ad49890533307b4d459b0be8a1f3323dca0aa82853ec2c5925492|817
6147|b208c9a82d1ba36f05c403cd7a90834a6d346ee34f2edfe8895701ddc36bc42d|606
6148|4873cd242893a8e94a9d28b6bae0f70b7faf484dbf88b6dd82710f3dd94045d2|567
6149|5c8b669402224497d75c7fdfddc0905d15987c49c128712d473485c089b14257|614
6150|707942a4229a7a4fac7bbf0fbaf59c65dd1cfe242c7f05b17d1048144a9614b4|623
6151|c101c092d4d5bbf93c354a41cc9494ebb6ffb57d037a93017688e95ccc759fb4|635
6152|388eb01ab6c0aa50f986b2799508baa18eccf848ef7dc74af91de962e599d1ce|850
6153|ff64dcafe9dc893274c0c2ffe1778d358a4a99e5feb955184867adbf8f10d3c3|655
6154|ef39464c7ca77c25eb2d8740bf5e7ccf19f5ece1034295a0f8dfd8cf4d9ac816|441
6155|b666aa9d5675008c8e058309f40b937bd3bbe252b96849dd04c7b4a6fb9819c9|819
6156|8243e0b27b355465cd541e3feaf665c91da845a933cc05c07d106b668c0d5f55|603
6157|6e98bc7c43790f7d5ed1c2ae7039b2fa14473faacd1b242d43fc14a34f74e886|842
6158|8a263fd3684fac192c039c0f3b45d6025439ec8bd124838ebb419205649411af|495
6159|09f0d90e2ba4b6a9f9435c3b3cb326dee158b910a218d99b986ac0da1b31e5db|556
6160|265a0e79fc8b086fea2969aebe73934914f32efa66882306f6cbeb6a6067259e|835
6161|2cc985fe2ba2e2884100a1249ec7a3743fde77cc9152d746d45985a2c5c78ada|686
6162|07a215d3302b6d0d4b22f1a83af6712c907560a82c2efe5aeb3cc5278c3a6f98|604
6163|912538816b2c719f0a547c662ad6a87d3abf0f513574ce71c1a2c198b1a1cc6e|718
6164|c23812418682d33a4bd2bc32ee490523b6c4699a7e9a16d98a1339088e04965e|961
6165|4fc180582e41f2ca60ac115614003f9676fb8e3a33c1ce645f9fb6b79c7f6e6e|713
6166|0fb3b7510586ee22af5461139445df1ea2e3940aaaab8cc14c3d8eb39f2c1205|604
6167|f93ac479c94d4b40d73224eb4d772561e25998c83f2c19496bbb6d3fa4b6c312|533
6168|79512ea94cd1c43835749c1b0a4d5e80369e67b555e89e92d35ccf40b03d29cd|644
6169|03eb95f4b38dbae1f96de03dcc4b8ec42b2427bf24d996ac9bb8037e60ee70eb|655
6170|8e421f1757fa60e67842802147a84f5cadbcde594295eae1f7ea38066a034638|770
6171|eb599e17679b7737ba20abc68b5c31b29e406cc1afe91f3b36d0831cc3235e1f|697
6172|f4e42d646d968db130d26d4f5fa1aa735358d197054b8eea8531928368447598|731
6173|7ab07df44fc9b43f7b2915818ec380ba787ee09c4d0d72a13ed3784ae7ca7fcb|665
6174|ca425e140fadc181c31ae98b77fbf530356d4403865f4e6c74650e9277f6a642|549
6175|b200407e4ced32cb7576796514e07dbc6ef57cb2bd4e93175b5637491c9a5942|580
6176|a1bec207ca89642b9b41baee1b2819fa7f5da9c284f85d49098e7f427167cb51|643
6177|7cb055da600b94414be0413131ba534b704006bf346bb82a6a4299f994f78deb|849
6178|bb3fc4abc6738d3539655fcbb1cfb60e195f22033f79089223310c944c487d83|672
6179|66628af9d15e7df777ce1b72cbe491b829c292bef42d865fa952cb53ed96353b|554
6180|f6d3321701cf030f8613efe2b13ac70a5257ace578c31ddbe0bc18c5067c94ec|2
6181|be9e7f0f598c4d99f937e524306b8877ff50807f50374e1a1a672bfab67961bf|14
6182|3dd4af2042a1f03aa6071a58736c8ccc5cc4e9cf0a74d17d922ef0c6c0091fa1|26
6183|29573fe05f6194185ef041e8e4a5a4abdbde7d884f6550d265c743228a75ba49|183
6184|5dd88fd32c7b6406ded5b24cbb7b917630b2c9c3129e9a7ae031c178a936edc7|60
6185|6e6ea05da1d4dc6aa929ec53eea2a6f14d9c087daa91b321a5052b9efb91db42|27
6186|4a2f0a99feb053a8242a6b858e669bb828b35a27452452d3a567e51469032c90|173
6187|e8de14d282e34a18d414c0800d3c933523637199b138ff70c5182f3ea5ad966b|35
6188|16c133ae6e7c211ab0139ce6fa86ba2ddd721dede4f63421fdd8b98d9f3cad03|144
6189|04870f5436650fdec5c70094ccc7a748707935abfa16737712ddc4303e090a95|37
6190|46f9391b4769c07290025d73ac95ca1bdcbb031441564e1ee36d400d88119cc1|472
6191|1bb5c2fed447257ac2b41f4061988d404b4ed93a0dd398851676cf28d74fff8b|31
6192|4369bcd3b40bdcd5a3839c6ad3e1212be3d32da57745561431bbe499b5c2e77b|38
6193|f5e8eb3ed6c7c34bb7c8842f735b0df0285d88293cab0dfff11a1f9ac1a1ef2d|77
6194|b4b3352910a4d460146c12d06852ca8bb9d2013727cd7c2acd07ee2f7c83e6b7|28
6195|ab7ce946b811915cfb8531d0e610bcc833bd07b10f5bc38152994d555bfc03d7|11
6196|4f1d5ef9c53c645b5e07e4de954ccb59119f196cc492f2247dfd109417209a8d|56
6197|99cf3ce65c7f5f153f7c105042cbc05099506b6fef465621a549676057b34182|24
6198|f58d151fde771a771c19f977cfa1ffbfe4ce1461c96a1a58eb7e8a960ee5e266|70
6199|dc4a35f0b411c5c5e57f13af83aba75703f705cc5116cff133ea5df1d31163ff|37
6200|c6529a2ac89f338e4dfc7ce9e0619008e46655165e1bc724b959e883f33e651e|7
6201|957f8eb74608605c84e2ba8ec8e1796328aa1069a9d577fbd5c7ce7df9db5466|322
6202|e85009c00057a4ef681ddc2dc6160069c3df2c836e3f4a751229ce1d34703775|4
6203|4e2308ae805c6911522c33cadf22328333c96357455f335db33e65ec1da2bea6|22
6204|eb4505fec237aaf54fd716d908bba3b157cb10cda705f4b4c5a4b4fd59ab7b6e|33
6205|52cd2b3106238d13437c288882cca6431b493ea8d6f88c2ee8e2aa9555687406|20
6206|ff6529f11c789a42e5461b19c0120255a1ed9310c271e5d217afe7b09e404cb7|438
6207|1094adfd17243a181c8f4263974e51d1eef0a437159ea41122b4c82a98e6c24e|178
6208|43db7d5d4c26bdbe67b2520d6179750149ff1ef0ba2db06b5a84f63f8cca24a3|2
6209|61a1179d28448e0f15d46619e5bbc8d72a14b309e59ec3c7b16663f0a7056e5e|28
6210|69b75a0bc398030a850b970ae01c07bd9a415b8b8e5dcdf68a8538c1ae78b851|30
6211|57aa7c24f8abee3687692a105dae42716305fce3af946465e5f8789353c6c751|17
6212|9d24cba620b0fad10dbd9f1c26e245d362426b66afe833e3f98dfd5579efbe52|49
6213|3905590c01344416f7d2f4c438e69acba70904a62fed75dba053210a194804d1|65
6214|d38169eba7a9cd1efe242421e41cb2d6aa34175bf7c7922e8509b38a236d1f89|27
6215|b68125ddb84a9e29a3fd649298b84add43e48db6e10ce564ff3767ee23068388|23
6216|13f9cc142932ea4c605d815a9ba51d600efbac6bb65347e5d3939dbb012b4a5a|232
6217|dbb8f78f40fb653a3629930891a4e7a37501614e5c0be248c3cf11de8011e738|33
6218|ce4f9d1c29741e5a9f574c367ffaefa1a0d5c77e0381f164ca6ef766577bdca6|31
6219|a5511c8f7efbd6cbaa980173a53c5c950ae2bba999c567988b23e818b898c004|29
6220|f96f6d87411783aad4b1d9ff13a18bafda107f913f49a694b88f32fe8ca41cfc|216
6221|1f217e25da1c34a09f538f7f224a71707982c2272c15a9d02234032da86ddf1e|11
6222|a248f29767c03798b6f5605325886a31f5b87295b3c934fd7fd5d36c86cce0ed|46
6223|1f5ff92cb9a6c980f3817f6c7702625b059ece803bc646d5b0e4edd3cdc4c717|135
6224|69581fd7452e6c51e754da1f4811b10d5e8686fbd03bd1701f17bcf34e61e62e|37
6225|e4253fdf4c3424e2aef8dce3a010a31662f031ca7b2595104995892d412f7b30|38
6226|2d70c5c48944def6b1fb0fc50812f84667aa145053c2c117e8e7298edd0ba6cc|111
6227|c7bd3a9c631bc1448874b3ccf37d78a3494aeaba76ac73817e98a6fc79a3f6d6|50
6228|59f2d96fa0658fcaefdabc41178746809122b4a6223d9cc8511d5e7db9a885db|20
6229|5a7f159512f11e24cf294e596d8374574b2eb654f4843021590dd349c728da1d|73
6230|905ee38ae7e864a820df505c216ad702281766cd1f97898bec50c6ebb50918ad|218
6231|1c548567152959318ec8230942781599431080525c19733d8daf5cd6a4000b4c|689
6232|eed34fd888b5b55ce9b8b6fe2fd72a17b3320a8aa63a00106bf34be55777c66e|13
6233|9ffc007719de74062018c2a340ed16246abbba140e8dc3cfd4e28136f2ddb12a|27
6234|7729d04cb1da6f22be2b197688dd728682e310fcae0e9c5a24ca837b5cf2c23a|0
6235|24d5e57518ebf96498c56ac8508e82b5b2956e557d2cfecc9d282fce2774befe|42
6236|f9605519a6ebdbe691fd5c0d36a29b33f332fc54eb9347a537a9e2be72383ce0|31
6237|9459081153afa50171cd6d2a2be56c23ee1163e8d59ea399f40b5d9046848db5|20
6238|2329563d7d1b46e6998da2193351b934a8e1ab9741accd6a7632e1f2b53b8c09|34
6239|1ef9a4aeb1cc1e2b262dfbbb333ec19436c717381a83e6ca0bbd2d86ff9ee97a|24
6240|69799843d45d13a7b0d56119e09f20fed63a67c015c283877b3ea9f78fe1243e|33
6241|fac6a235ea67ca618853a84ce0df50b5890757f778e578baeda2b2e7f28b642b|25
6242|a524060ec1b79f25c496f937a6f910262bd37a033f4d52431ad4d13a6aa29205|35
6243|6f9398f46729ad82d5afd59cb69566adb126a4ccebe5a9764c72d3dce1b36d1a|7
6244|48da8892bfebcf61ef94d5b26f99300224934a327c70421f2e397d684c9b5fc8|440
6245|6b501e88f7f397cb23a53bc1c3974b4f1c2566b8bc21ee2b845d6f33b061af84|8
6246|4ac4e3e1eb49171acc8008cab2e6e8f7c4bf05e18769051cddbd499b80c3a990|52
6247|1f13bf6a3fe5328e7848f1d5c59a015e820f988ce23cbd463e3efcccda849928|243
6248|761fecdd085499f12c5fb434a56c27bf8ad7e31268068060d4e59fe868cdeb5c|2
6249|960be8afd7e5c752091a5289170f1127b88d0691ee2de00416bba9eb15c3c9b9|162
6250|f3cd994cf202fda850a6dc6da4b3fefa9d5c7087184c32bdeaa74b071abdef70|61
6251|74b0c58b851a09a3bd80688919816859b5e163837d2e3d1462cad1e9787ee86f|12
6252|3e79fdcce61210aee76bfb09eb5f071ca0538fec250064a5da3dec77dbfa7995|9
6253|96e9f4e73099fa39c090ac422a7827a1d9b778ff2b8ecf6838842d692669e7ea|86
6254|803850e7d46a5cf817a6c1314cf8d5143103cf68f928eeab563c54292840a4e7|36
6255|05fdf362a6a006958582359006728939a050ee013a63493a2beda717b02cecc7|8
6256|28f0f0853933adb1282428da1ef0b4bfc1eb0b84a2469d6552c308a8c4eef4ce|9
6257|4b18fdbf55b4f88d4d9983a03d048da4816a2fb92c4c86bf5dc9b788c0541544|50
6258|de87854d7ec4ed190d6fe781a2064e599e547674b7a6cb7138acf2537adcd1e2|9
6259|765dfdd5849c9c9bfe8d153859b2fbf4536e4fc3895c5acdaebac918c90f33f5|122
6260|c57b359a32ee8516361cf0d071308f1e802993984d4e3ad172c5b5888451e836|113
6261|84ee4334ed005c8de2673fc286d2499177d65d0358fea92df8fced82ba8a2cc8|122
6262|482a9cc077ab53d26a866bea21881a859131ed0e90e18b91c1313c5ef204ae93|18
6263|92812ae33f587f6720826e5352a7731ce6f10ab5ac6b86a9268de7673a134783|43
6264|812185c5b5ffa4f5497b5ba986a8ed281f6ef2c85c3189c3e9f97bab4a23de01|59
6265|c33f2565fe1fdbe4127bf5cef4978480c5cca1f1adeab7499113048ab155005d|29
6266|e58060cb85b0e180ba01d02bb8c072ca2ae7484a353acd80a2143c1743ba9345|17
6267|680fe9a73a693aed4644503110978defed1f1e1b3fcd49171e37836ee3f21589|608
6268|ad71043beb470f1322da7ca1c18b0f5be14a42ef64aaad04351cacce79a5f306|32
6269|d6db4225421a68b4ea69cfbfdfaab38b6e0f76d9fc65f84e12bcdea0366fa136|39
6270|180b78ae91d90107db5960cf20382362c7c4664b915fb2412bef644677799838|183
6271|9ebcf9f365c0decfd384b3fa0f485a648181d88cb6425738a61d9de7605a486c|70
6272|6ee05697a69450d7f31c9eb36e89aafc1c1123a0b07d9e100e04382420d3700c|11
6273|44cc2eb02d4cdbc21e939dc35f17b46e72cc0b50462b7b0619b5d51ac18560e3|276
6274|d76866db59cd214da57201005f623e304d11fba24107a27ae366ce745045be2d|5
6275|4ab1377ed6310bbd79ec70faa0d51165087b6271f4379f117634b1e216153360|86
6276|eff7283cc28496611206691fa61d5bb4ff600852f3f49f7c49eada16ed405630|15
6277|05ff88e403dba70633b98f2b1aa159374dff5cf6249ff83680fee5c7b340ed95|27
6278|2101ea5703d05d06161575bdbda41d652e9a6c4abd48ed444db0a507f9fbf285|1
6279|fb1a01136f5938579b68d0753a8a5f56824d5fc5dff2f91ce221d207af4469e6|20
6280|eafae74bc82557831da61d2acf5c955455996115016f23d465b22041bdd90a2f|9
6281|e820b56ca4292fbb0664e4d4fcb4b2d29b59dd3d1a66985ca1c4bc3001ac3779|11
6282|9623171a3056f4d22b12e972b5f3eca5b8a5afed5c40f6c915e22e089f266a2e|20
6283|4cfd5d70915de5f8f38e906a09668e9e67c55add2cc974b2528f8f24184147cd|42
6284|cc8e3c21ffb927e50ba8ce3b610564c429fac3f13733ac6317133026f9c67df7|512
6285|4b37372d890d5cd57dc50c86c5844ba318af9909c42e0b405cee8697c3a73a39|111
6286|25ee6581d8af408b26d923fcacd5629e5785ddfff4d831f767efbb2cd298da5c|34
6287|9a664be17fa08e3624da9810751a526bc9b3349f3879a8b287f3198e6db45a18|236
6288|ead04d690b260569f62c94c9678aaa1113e5d568ce886a691c33270e5fa5b103|105
6289|7471c3b9f64bff30b5a52c9981e9f92679925e4e6b6b2774694c02112f1239ff|85
6290|fee0cbe764377352d472452554d668767b13619aef9041dd561ff1ba58b1b7b8|210
6291|50540242d836a55e7beaf2b52180378fa74bf05124d237c1ee50ea7534e3cb59|28
6292|ef5c4dbb6e4d5c5671c606f53a88689e72899515c0d9e4141110ee576ab8c1a4|15
6293|f6b64e969861d3b500d2565c07642a554d3584b07955b64ade7a26718770a243|42
6294|865ec9eb607f18ca18bb972a9b39037934b8fc054d4423fc94862e45b737aa6f|17
6295|14c35f9996b7e7c48e43c775264a5de61f59d5744025d61bda4664378354d2d1|32
6296|287f6d19631022622baabb6a17ed019e6744d7a0d65fb054489f05b783364a62|45
6297|ffa57ed97a739a970d5d1b003d92aabc1580c004d230c91f0bc4d2d8e0fab21e|2
6298|6fd55c470dac5bee9617842b423974f16282c238c8da0d236f0a5fa3f12077d0|57
6299|12d5219c93bf726a77fcea0a16fa5d3d2d68b9fa61286f5ebe7c716e01813936|307
6300|eb39c2ad10b2379da3a81a32b04d5123b52db3a656dcdeb2fa7e89c04a9b1d0a|26
6301|e016501dd536f8110876b938dda37507ff1107aff3fb61b518d13e50490adbb8|10
6302|32e8cf6f20afc916572277e67854ea3d0a70500f1b3803a62b6c20d82ea24593|16
6303|66a92505d7b96d337d395fbffeb8a61e63ac0b0203dd6316baeb97d65197de89|2
6304|f1629f19481a0868aacbc7ff1b15e41f6755f5d3bfb98506d17b92a74a7bcec1|85
6305|c3478ecd88d285dcb3017e90d6842657b0f7dfa0a9525b6320e194a9a842205d|578
6306|a199d204a1d768dedf0ec5ad0972684ddd926f363e778cc573a9c4297f737c67|15
6307|3533e191cc972e81706bf414f98278dec2f5d1438fe8b42cfc5b7f540cdf13de|42
6308|8aa9e7dcb66a410a6cd8e03811c7d19b925cc5c16be988e00c5d0e8784399de9|240
6309|316c60a44e29e8bb635661e4174c8d4b19107179c5e5642f619f3cc1bdb54ff1|16
6310|943773cec5f8e5db12d74cf7379b27c19bca6a13cc9e121c993602ad1a84e7bb|28
6311|4b473867f88e2fd1cffd4fc3ae9983d7a7fd054b1da9e61981f1d27bfd907f75|7
6312|4e159a4ea1c8e6bad1c5f8be4ded0938435e674b2b229e4382c061530939bed6|52
6313|0634b4bf92d66fb04c9b11856ae6370e74068ee463d1f13dd4aaa726339feb0d|66
6314|60f002fda1dbe25a10208a949e203b042a7803682832e35edf38302d2de6e191|29
6315|9f16a347271c09cece0a5b2db7199ba90a60ec6b5e015389f1550639965de04f|32
6316|17c953117d97741a4bfe0182abb1dad8bab5e8ed9ca191526676f2b52f03c7da|43
6317|76e131de480da4ac8513f58484cb0bd1bd4783d8bd14e1c1b327a758382741bb|34
6318|01c178b923be918bcc3cd8e1699824a8e838b121804df4cbadd6bda826838c0e|3
6319|6ed93a4ffed10a8075ea25e20d04fbb93aa5336aea5a6dad501c8d0e5be0d0b8|68
6320|a913c352aa066422bcb56edc7ae4eaf1b36fc1577fe9b01e1c7fc04d854aaabd|15
6321|58ae5b7b169542df668534cf110e9507e1140117bb6e1878b13ea6670acece94|40
6322|ba5715b261c845349c2009a25fca0478aaa6fceaf6f5979dd71f96acc0433236|38
6323|af5a7bf7ea02a78426e5a676e3d69ab3f3f35ba9fcb26d6e5fccdfce0880fd3e|39
6324|f1d6b107d8bc375d2ba0fbf1af0beee273f995278adca6b4a11342ecca3975a4|90
6325|e846568e5d4e451f0fc5a9bb01c6232cf845af7b88a92620678791d9a410e1ae|20
6326|8056a6e83ba345421350f5ba9aefc68649e773227efd2759b67456aaeebc990e|16
6327|ccb46509963f39f68b8df461d90d162ee7b1794421091f6ca25c01cca4374577|45
6328|3ee511e44054ca4dc3032f8c5597f806c73df65a1fe60f21d30d87219539f558|6
6329|c9c4c2f6c51b05b97d630a6ef222c65330653d2653143b8cc5a056c01eca713a|3
6330|2bd3e04f5b0221b009ba639ae4c22f841318def7210414e832ee3b52d67adf83|25
6331|c92a775bf177c1c127feeb91c10db66db42f8e3fb089a0a60c217ec7f8125522|3
6332|a2acf8d57daeda68adb2274c56d64bdd4f320dfa1b0c885a1a6f9c9032b6d843|4
6333|c919a1067492352db3473df0b198a591cfa359d55e65ebf7405259189c7567a0|16
6334|1a59a942adfbd4133efab4bf2757c824bf4f80985d8b40719b2a493673652841|45
6335|ce8cf383171c949afea9e811e129e31527d58f9ef240d81ebfc1d2396ebbb2e7|26
6336|0b8ac3397ee732bd995a6b3d88fda7afb3175eb5703085fe674ea92730dc804a|47
6337|0a9201557b41960f11a798a3b13c3f31cec285ab6502fedb29e55dd53365221e|27
6338|0554c092b55b4ef5fd647add213261cbd9db79f7c14199c27626aa4d6e973c5e|63
6339|cefe74b299e9ade49ed5fa9d0569666a9e232c2901c614d02ab88b927904a40c|47
6340|fce9eef0466e47bf5fd919fa1bf5b334ef5b2def2f7fe30cd3180ab3d38b5155|37
6341|1a48d0137e10a1477644bb1fc0e29c40f553ba8f638f507d21c28543e3eeedd2|309
6342|f978ec58364507ffed51015fbdb8a74e7c687a4d9226111a857baa6fad9bca5e|23
6343|4bcb9672f9cabe150076aa08d8f90f86b585a9afc6f073bf9869d210aefe5bcd|7
6344|b1454e9149c2e663fe61b34515d278d899a6b60eae5ffd6efd7742874e6b8df6|195
6345|73be1cc1a69061f244d4278b602cef3cc617191f0afc7b680854c7c3c2a092d3|93
6346|29b9b577a41ac9faa09db92e40bd882ed7e83e4082cce7f3ce54c1ada9b960c5|5
6347|fef56785b43a5563fff8ad49eb1855e07921d810a1dd66f66f38a3d9a900bd5d|186
6348|2d8d22e27e3484cd5b9cb701d2894c9b0e05341773e2aab8e4f2ca20953df4ad|38
6349|75191820675f7b9d31488ad697fa832275e52aae792013462487a75037b23a08|58
6350|a2cd4cfb9b6baa29c840f82ced8f9513b8795a1d088cdd9607696ced1e8b6ef7|21
6351|0a37225c92cc142bca28bdee2d31f18ae0d3cc74f4ee5ff89cf9cb7e62b2a013|32
6352|851f357f1e2535040dc6a93b0e24e8f68c8036392d75b7aa0ef68ab0a75453bc|630
6353|0c6622c44734f3466617f04d7e6315345788ee35ed68b2146861829d8c1862a7|178
6354|eaad49a551a92d1664bfb758e3bba819ed5ff1a42ee0564bb583afd0cc995e52|5
6355|d7d8c06c77552e30fbb907c9f1bbcee1f0020afa36fa17e2994bcb8f90195208|22
6356|ec78044c61824ff9750c8ac021913ad5acd4f5e97b47998b44eab7d96e053f2f|41
6357|1ab48499bd33be817f66184401ec385863558979c8f3ea61f0e75e78a0c80d91|87
6358|73b69c0a2283984ad3709d90a8e247df47334049d92fbf921b71401808937012|31
6359|96f2e66ef078a97f74c42e36c5394695dd043e661b710f747afa915af808a3a8|54
6360|c3fdf67c6fd762e2408526183069e4a69cf657ff65d68c8de73b600670cfb889|21
6361|4ffc56c7e36800f5200c11a01eb1ccc6a5b0c69b38f05a62237b290dee0695d7|23
6362|c26e08400bccbb37b0d8b9e864ade61c95ed65f8bf1b53ad286bda89e9659d9b|383
6363|0b2ac560c390735bf3096ee930db3f687a848b8f3e30adc8461b076bcb693327|91
6364|44f644a82fa66af85281e609d973a95acf9a9966a96123455bad0f9757a4e5f4|491
6365|8aa9855b6de1b78a66dcebbf4a2ced64200cc25599f732125042c60acc60ad86|15
6366|3a20f8007e9945409dce14965326c41b289347168f856925634bbbdd1f0d27be|127
6367|970582d9e8f5c3ac2413ef7a439f531893bf9e71da6b12f040e1aec9b12627fb|29
6368|414602430ed2a75622099d6e6cf39d84abc8a2408e58a72d2bf07eb3780f39ee|107
6369|48d4b88aaeb7a597f813353c469355a7cc5cef4809459b2ee7bcb211df95624c|3
6370|10a69564a6f51e35ffb90d4c9ca598aa6efaa99fb7f8ab49af36e0178666442c|42
6371|6bc8a42028df788a4e736ec67a081d565222fc42a698a1d285971593671a4bfe|25
6372|d700c8740104d6dadca9a389190df253a80a6626b78aaa54756e3760d51cbe36|14
6373|dffd3923eb7a04866cadc473578c375592e3d30896fd10c1d771cfd7552d0d56|37
6374|5d731404fd87fd78e819cfc85bf91067b54f714c9b6eaf96825e1f67c2a91410|52
6375|657a42164f24e452cb7e05c24be169b204029c5c9e3351aad4be03fbf0a196b7|15
6376|4f8a2f57b35afc3ea4292e05628c2a389dc530dc67e86b0e6a2775be57876411|18
6377|ae9fe61799d66a857faa642f482b788e0582f1185c469b0bdf701949a9300afc|249
6378|ee56dca864ccf94a3bb9beea314333192d0b887b346b6d5b6a26de80357452b0|2
6379|432d9a2803794680929ef192d8f50dac51d084073c6737f4ee859545c2c40a25|63
6380|b836fff4d388dcd6202e87b808aef5bb3c1554701f3ce2478e770894a448c999|18
6381|22fb5fe69ce47a2e4c062481395ef99f35bb1ce6208669b9c335d988bb67ce5d|48
6382|aa16154f50da64b8119aaff6e0c9127b988f4628fa47e1fbffbff300fb58556d|16
6383|1bc4ee00e0b40a35066fec3d6e7e2acb7bb5d49e9e84d3c45e89dd36db2e7989|3
6384|e808d5048d0f054677f6e22e0fd3c7bfb4e24b8b889540df35458a3e078df23b|16
6385|b8f52d023c1b2ba0ed6b303d8a5defa48bbd2edbd745977474330dd5bea89c17|90
6386|6a1f5fdc8fc0da5fcbc6200686c35edc481b09f8da3dca45664278db954188f4|55
6387|251ea1cce42e54c82a867ec564c3b34bec05c96813ad56d582c1bb374a2b58da|26
6388|258ace6545c73fcd87f0a79280598907ae4eb712e9ab1a905219da3b89778b99|403
6389|72b0895c18cd44b5c2dc7b91daecccdb6020eda96934e3362eccf7d23f2e280f|37
6390|d20059d095c1fe2a3bfc9ee6f3bfcaee00a26280d14894ead77065cec44e6e32|18
6391|eeaefac792c7c2e44805ea3a9e9bc8148375c02df5caa7347477b60f3ca6fec6|20
6392|c3843c6d6d3540dd0482991835a9467105b10c10737ed9f62cd9e521defd9109|40
6393|e304d4db4af179e08005e8f16ae920c12251f1d5cae6a76ba2fd11ac49c3556e|53
6394|7fe67d8d7996ae0b7cbff70f803079ea7f746352bdcd197a04f949c37136e7cc|33
6395|6e70a5c7f53c2ff47d9f052d983eab52c1cd9c7fe3859d6c7f01343abea15cc0|268
6396|31f287ca593b6126794d33f762ac96db1441dea265420942570b62c92c1e9b91|26
6397|c09c71c7110da9dc7695d32195bb64aa48594ea137b51a9fb480ba7173859083|487
6398|0ff6fcadf76b4e32d2510f21db89f6cf6a5ef9f64665c27e004d13ef5e0a17c0|13
6399|7f8b1016b07c65676661a40e7ea6640613edbe3bf9661eb1161d8c3dd4cd3f55|42
6400|a011e9293391706a2c5baba84a35ba01f2caa90c5f308d10422d378264381c8c|69
6401|f9a01f13c3d4535cb0812b34d565042c5ee087c4294a9cf7d36e45d1b34373f6|14
6402|dcc84240de2ec0f96c42b3f45fcd44323dcb1f940ef16922f48addb76e022c78|23
6403|a3a71597da9a3955282c3682fbd51a67fd1add4b08f1cb4ebf115cba2aaadd3f|2
6404|aa36c3cb282f78b67f4e439d24f07ce07bc94916addc4f2c87ed9d6a68671279|19
6405|960fb66f0df2e65715be2000d4b58ace1e7dd8ff15f4ac155bea441e3609a364|40
6406|d92ef060c89a8d9eb4eb60c73b11880fcfd07e87968c2bb26e09e28d9cd23ce2|267
6407|05678ac4ad7158699eb9dd58219c19d362d364a62e101f8883a072d4a91b52a2|36
6408|6bc977f820c7f93b866a83bcbbb5ecaf335358c969d17a3733ea32a5df6d94ea|121
6409|4bfba72c9d6e8582c388de7a48888ec004ba55f62566b83c731f199e37ea58c8|33
6410|cd2cd1bb5480e031725a986df1dd97b5a6d068dc38173bb00e44487ed082e967|11
6411|bd37d2350503dc5f5dc23f85bc49b36b59fcc311fb8ff3219d7b5a0643a241b4|31
6412|726f9308571a69bbd6106b041c20d5cf2bccebbbd076fe592e7ee2c895040d2b|2
6413|749b3a0b0d6c71be78d8c9bd7048757c68ec7ac117cfc695e72d967d3db93b6c|519
6414|9b8d2085f1703f7e7849b9df58a9b474025f379b1e46973f21d2778d2db86209|213
6415|cc4a075538206e00ab8def593792a1dab572050dbfdce8e4467fed46e2023166|30
6416|50f7d6a0aea1ce11cd66e47a88c234800d5db5de4c437b8cbb4eb8ed39a44dfa|38
6417|4a370178879e15a15789aa74363d659ac0e137770b080fb0f959a3bbce2d8ace|17
6418|f3dc66edbd895d551cd8d3597dd939030a02e1c15d8766e12ce9ce611dae60b0|113
6419|40c5f8722e51b514e376084ee2885fe60abaf926893073401d71fc7cbb7b6a9b|3
6420|69544f61d17972afa2131ecd2955d4c7a3c105fab03156d33f7dd0867ae2f491|15
6421|d8a6a6bcbabc9baebd8829a43dc728a07425be682071ece48797ce71335e65b3|39
6422|c2b1365d5c73daece76e70a25804441eb0894017e478719eef823db19ad0b66b|96
6423|0db72bbe3419102228ddc5008adc8d691af0e7c1ea4bdb1e96baa3ae8ab768db|57
6424|5025a6ff5d4d301feba5256bc627c265a8a8c015fed63959ff48830fc871e434|39
6425|9e738caf7806c32b9f6e5fdf71ed720261a74c1a34e0a8c32dd1a0b577b3e036|102
6426|a741a4bc628687b67fccb3fdbb415ef759665d91e894ad101b717ae7254e5804|42
6427|1ccc5079562ec72f0eaf3f46c4d2c8a8f3579ac7b31d71e865e18226ebb5c464|27
6428|cc6d8ba31b86cfa422962a3dd5c46d214f58fb4cdf88e0cde63ab6b2c491678c|307
6429|9388bdc9a0789e3d18f74902883b5d8a8afca5ce8d1b7fda9d53a98dfdd78e08|36
6430|64654fcc2590c20dd60bf1e7e3bf700c82168d364ec46faba92313656b826f35|12
6431|f7ac53d34d939f40d226103e68c121d2d02094949f8211348d44994b8c943d58|4
6432|fe0af3e6aed3d90c1e7c6303c75c263650357e3e1db4acdb89297faf060d7911|103
6433|9f499c356f1a9096be023d0dad3b6853391f5b3b3348a550af6b3c8a44248df9|29
6434|42f1b9bc66cc8d21c05c978c5f4d4d7e2a2bd6d6f4502965d779bfebd75f1379|33
6435|07ff2f64d4d7719b2b5138c7170384172b167202c5d1b21baf0aed5138b03e52|20
6436|2db2063033bb41831a8c9832288815ae27cb31b360be98b40a1c78e368335d33|64
6437|039657e86252409a121e8ae381affb7c1c6433c5e8f52b66062c126973551008|3
6438|c7419f9b84c07479ccd8bb1e96cc8446f69f0a1a40e60e7213385278e4a9ce3f|51
6439|7ffe63cc146984d93eba570869f01394cb4b4e27dc061ce3ba23b2a0a0d46196|227
6440|0bad233a2e949c563aa3c9ebc536145c72718b43edb8dbdcb183c8274eb2d6cc|26
6441|ff91929acce39acc007c60d118a3e259630f2f1305c3281b9a54a9558ed40f40|151
6442|69ef331586add05cf4fb977d9785d588943c290965a0409dc66da2452a728b29|51
6443|16c8df4653edcb781dbd6b2ea172de10082b3ab0b16b67268e0f1afd70dd0ef2|269
6444|9b180270d0110a48a25737ccfc988882975b4a7e5c2b2f415059163aa4f43d4e|32
6445|0334dd03dfa1e8ad84be31591b093b9fa175912fa58e94f8db1b050aa68e0058|93
6446|754af24d9918068394636507fbc0ff5dd258302e8b6a3741a39c28814c5255bc|21
6447|a01c04b6c3221dced9977290b56c9861fc07b3d24170166a07d3a781f951c273|8
6448|1fcb915b8a0b0281437fcdb5a311ac16f52aaaf24ff597ca9cd7ccdd60bb4bc1|161
6449|59bc561f5b9588fd00866c27a3a1b32b63c33a6de0664321c1cd086fff43ef7e|148
6450|a196c75fd422ca4e768e7d5f5422b379f9f854e0b1aee7b46ec9bdc963bb3abe|11
6451|aaa8064237caf76624b09be801d1160a7302b62c08e9d2a21cde89910477b266|5
6452|d4668cdb935883996ec4f025c1ede38859e4b53953f09e27884d16ae1c1f7830|9
6453|c654f0abddd18faa01620ce7f5c2c00be7938de69cfa07b7766dc70f478d35c3|36
6454|f03db327da30e6e36fe8b5b025d799a2802f80e172fbb307aee1b4f3da2007aa|93
6455|1578b6f522ffbf5f12c8bba4027f4382e453bbd9d98c46dd0bfe29390d5d64d6|12
6456|50e9338bfd95152889b950c750cca7f61b27156fbb3490ebf82ae1a2c01573fd|55
6457|bf04629bf77ce8facb472ef97575daae3cb9fb1a44b12f9163c932c422a5e7c6|14
6458|0ac4a57cabd684b8f349470238cb747523233edb116ca42d7661074b8ee419d5|25
6459|aa5a325aa91a2c942a4a7fe96cb5d4237ce5efa90fa14286dcb3ce79019f9ff0|14
6460|bea79a13f71c0388a5a6c7770b29c2a4e7c8e2464adb750f715eaa894f19d77d|23
6461|b03821fb6db189ee7ac6fb5aeae0d1a7de50249605205ad5ac55b4d2e0bff89b|84
6462|351b5d8834eb1a59882fb4801a93942d906d58eb7c8ae9e797d687041d6edef9|55
6463|065fc8b040908ff66a5b77e3406b5f8018e4960ee497739d1d16d2f0798f4d35|19
6464|81f11ae870d71e96abc84f1b51582f3c3293949e24abf3fd8caca9bf9145881c|159
6465|49b43e1dfa58162419029c610015d7aba00c866da51c431f666fcfb4eb614147|368
6466|b997f9413c9e95fc57f1cf510d97ab84604babb2f64de10d8cee8cb8d85ebe88|15
6467|41843fea1b46d05088cea2d3e12057bede55060e032a629faf5ac74e6b081c7a|638
6468|577e2de38109deeb0a4825120240dac40247b6a16552ab8c58bd78df2e8dafda|225
6469|0aab4c69b84f36d9b28a28619563919c1f1937f44f21973e0df57d729c7034b5|0
6470|b8c1cc4f419b742d9211fba0302112a5849a71acd0689c29bac508c2a5f014a2|10
6471|720919e4e969f64bb46d16d4279c76a0c63703156ef3be34cd75daff43815cac|16
6472|48bf3b5e996bc725b21d5d403dfd9868579b2883ac85771257b2760d22696dc5|46
6473|09ba0c67a52e382c3eac67384a3d6477a289a1c23fc4aed3c68c05d618935b47|6
6474|5a3bfa39bbdf5036cc1e9d24fa61d55b3dc6a13f64d0d04a4e31055c64664059|3
6475|3463041af3b91d6480c4b693538ee570fa15e64661c14dd0eca2c592a0b839b8|41
6476|525b537190e6d1304bccacad831b2fb24c7557b111626fceacca6450b547312c|295
6477|888ef999e4e812571084c187e2229e81a7cd4eaad2e63d9a325c3b019f19c4f9|16
6478|80878f8022c0009a7e1304491bdb81fc799982236cac7b515850820a977bfe9d|224
6479|afabad3c86b7bd2c6accddc831fe2a3d448ba87dab10bee5df5d7fb26e15f54a|42
6480|8e3daf0ae828d7e209256890dafc0238874fb5dbccc6f5409d73a3c8f5aa3e6d|119
6481|c34aab94db14c0c3a405b98fcab4e3ba49a145853b3734674f49d9713237ccb8|36
6482|417d7828425b70a1e3e554309f9873b3f42b86a83a255cbe9f627b05d968e4cf|25
6483|689b5859fdc7341fae78ac96bed3e23a47488117a167e61458e21f15b731c03e|139
6484|b3b15844c93d18c5e1f83b4055d0b11050160d145779cd0e624c64004e1bf952|54
6485|b4a57d942a3726c155b3bafbabdf24e92ef5eb1cf364c81f1010a749eeb0927f|225
6486|5b0f444bef02bb3c22086894d4e8178ce2f2f81456484e47a02bf4bb6720b941|1
6487|10b0821707dd67b1ff30977fe32c66820eefe38abfa92dd2b8261dc9adb0a3e9|31
6488|f7a4a2f1dfb8235507cb5bbb827919069a265bf54145bf014083ae3f3ddfbc42|482
6489|b26a8c6f0b3b0cd48e0e559df47f27ab7089cc9c20b1741dc0328b8013902997|48
6490|168a599732fbee1607b9d13f838c71b30df933e62bc0b80f9af5edcffaeab8ea|47
6491|439a6f286f5e52a2a27a224b1fff8db6ff5ac4ee25e948f653b67fb169d9450e|223
6492|b43cdabc3180999682ab987ce73cfab1b00a595056644cbf0b2e708c6c73bb70|44
6493|b3757d68d0c3517cc2c39a96fd0bd9e5112e3cf951160e958d000fb27bed0e21|16
6494|f40c44ccda2d89ce982cefc6ba9d3cff7609fad0e97587a6e18015fdcd161dcd|132
6495|1eac0d546fd31f23fd6dd975d2c5bb1da7c8a744b840b9851671f142ee573f99|13
6496|9fff8bcb5edb70598a332ebebb2197d958afb0764e0089fa73695d1d467cba9b|40
6497|d8e1804fa794d27410c240b7ff0ae7a0a5e48f5d81693f9474d2a395df569054|61
6498|0cf2e8c897baa893ca96b5ba3a59dce399254cb2c4a831ba29375f1bc04239ac|10
6499|425713885e524a2267e9f5fe598a16f947ced74e737cc10fe1b2f67ec25a1c69|210
6500|3b5e0548f7d20c9eeb68a3e7e74f7213a713b5600e5984c872d8a3e85c86f887|9
6501|181cf62eecfc5e26dbe8742609be37ff9ebeeb668bc42a475fd686d2c3010de5|9
6502|fdb7ccb4138f09bf51b0fbb07c260749c67664d136d3cd675dd045621a2b1405|50
6503|a50ae826e8007083ed8e68865e819e824b9e9627e24ab4f94d16fa2f904d697a|220
6504|da13c86e4e163944c2dfcfe249f6dfa097e6f408ae325e8dbe5d7498bf1fc5ea|1
6505|de98a938a18e91e8a85e021df342412b7a817c87c78391c4429bd4ad6bcce94a|4
6506|009b7db90e18472789603487695cfb81acd8d3da8b0b022d2ea2e5a6b29d97af|26
6507|75cf3f94473a4c722a76be904de1c221a3077b8889f97de60b30362c99cb7af4|8
6508|6f51992bc48867b73c8bc5ae6d3da9d7e6d8ca00a7cb2accc2ad1a1eeae04abb|9
6509|6947aa448cbcc298eedd7fa194a319036943798bf7355980d923b561341be456|9
6510|56314c57db285aa74e0f75f2a769b4dfa13338cbe0fabadf98b2fc9dd58e8f2d|42
6511|6d7719f4f1789b3bf5ed5672b36e3f8bd4df6f523bc34b1a517205a42064d362|50
6512|e822765dee7a05ddb91944312486d8190a50029b2ed9b3d874fd985134a0b890|705
6513|7a45c6bdd243d5260cef7d0388ce7462cefc012ea638a3ab10234cd422771a35|9
6514|644db539c70ac43f7fbab1cd0adaa06046a2d62e8cbc13774a16b77a684dfa4a|79
6515|516e6550a41148e138265a19830430f3f381cdc70aa108d464675760d12938ae|35
6516|1ceef56c75e5e84cafe91390f808eb887c152273d3851a6b395dcfe195025d3b|40
6517|e628e248c5daac4f5fac9f3d5bab7ab655a6dc037dbbe2e5e2c6f63d2aced810|302
6518|f02ad7907ada31c033fadda88aa03229eeb65f57a362b1c7296fa093766f53de|61
6519|677fd93466c979253ba161a8377f918c1c67d78e52017bb232a8ecb942601878|14
6520|b1a36a3ec38ad3ceed57a649cbadd6131041904285f00ce10368c4810b8b5464|1915
6521|ae9961bc79cdc454977197bfc3ef935cda10a2065fe36f499d228926eb23f975|10026
6522|ce00ff9e82c12e6acf0090b1050254b6c9802f6a7ca36ee27d96e6de33e8a1bf|875
6523|2b0e275b5526787f17932e25437a13031c3d049a1a9cff4ddd5527dc58e283e0|1236
6524|ae7691c14944c4d3eca910374544ce755766a3323310c3f5e648e2aa09ea86ff|852
6525|e4434554a433a04533aec008973bf88df5f59ad5a403e8d07f8bed4e706106ae|1262
6526|6532e0f8d8d0a23ad4b121f4438368f508f8dc075b130ec0e08772a1e6b92cc7|1459
6527|2137993adfe127671a1d94514d5d30904c6158012ceb585fb466936094e97666|1937
6528|06363c6ec667f00b0bda34fe573cdff41f99c597dfa2ce371478ffc628ca57df|1333
6529|f648580f3921ed9669c42b1f21004908267877ca18c0b6cedcb9050b7b12745f|20
6530|a08e375bf49a0d195338053eeb6ca7d75596cd1ca5adc21c8b3f7f748da136c5|1056
6531|23e875bb83cc468d76806a5e35f342cb7fd2723104877758a6390b03f9155abc|374
6532|7573607b63ec0a3b8f36e4cbd9924156f3b701e8dcc691c9bc19ec10b556805c|769
6533|210f48883722200137d3dbfe15ba6d0c650e811ca9170538a13fcf6d75169eea|1731
6534|d4ca8eb190190dbfd56cefc132d6050c62d5676be078fc66ecc28e5dcf14a9fb|1051
6535|0704e30cf1b51aae59e909bbef02bf901074ffed8787e977218dd14db0f46220|1013
6536|c6fda48441580f6a1d83c3816b44fb8b7745ec7fcf6b033657cff3076b61b2ea|1427
6537|326a9103308d62b7100dc4a0f506bbe6e895fc505af94a4b55c87c13873e256f|1444
6538|8814b064ffc0a3ab95d97a0ed7e00e96a91cb8b2c4b346d3bc36250ddc346d60|1036
6539|f6d79a3ef5d372c393496dd2ced338af3c238b89415c4a10d4d655fecd23a7e6|756
6540|d3625c41577cb59dffbfc613efa514187fe447ee2b8c4dea2f8db0ede776b785|1628
6541|2c4423ca0e4ff94d1696c024cf4be24ac69182830427f83451be64979a455365|944
6542|d2a292a358f9e465cbbcf8466ff6a5909a9a388fb66bb03e891d0b70bcc850be|1035
6543|6b5c4ee459489a594fcd2eb76d37368cd07499a48417fde8f2d7236b253d6ac4|2300
6544|87bc2e532d3c8e4493141582343730a8bec771a45ab787a3ce2b1fbec72469c2|588
6545|5225cd1d474d3c97c571a4e819f75348c49485b81a7cd13fa0956f6589f7665b|801
6546|5be76a7d8cde55a3f538d435c00ce172f22dba84f8e3972d3b228bf745d113df|1104
6547|aa7727ddeff8d36c125189f653136ff1678564bd3ee0599d7525e98250223dbd|1555
6548|4e36eac62451fef50ba99004229a1dffcfb816db3e80a76322b81fd8cb6fe796|2042
6549|b0490620138a7ecf17ac5cdff4f3256ebe86d00a8e8e712b41ba43814bfaa7eb|2300
6550|2f193d71703acd9b5835f44b27df69b67dbe136cc711602f2c3d20a07754ce04|1230
6551|f2a39438a88b99f67de3e5baee4011eaaa06da90618f0f44ba57c08e4e8362b8|2024
6552|4b972f7bbc168c0e4fa0ac4e15cba2a4afca1d0dc8f4e65250be679634a1ba82|849
6553|fd82c24cfab71115b12bafd74c6108f5a72f52800177f8a48e47f3e1b00d3f4d|993
6554|9ead2af99ee8c3266a6f08385d6a58d8b70b6f07d2a555c618da28e1b6b81ca9|864
6555|f7e7378bcb681554c364e9e4fdd0a823bd06c87a0c926d1497abd4f83362e3c8|1652
6556|b5f7583f60c4b9f7e965248f4bfbb43c3c1f6b5e6fafb55f0613a056d69f1fd5|585
6557|371ba5f2d4dc4abe77e8767050dcc9b68e8b00006abc9e379662ce6c671a7928|811
6558|21a22bacc89f81f636764bb23ea52147c7a7e28cf19e2af472ccde0f8b1f18f1|1627
6559|5e06cbdfacd8f3fc9f4f025d99048bd54913dd5671f3c29600263f2a582c014a|266
6560|5f27dc5c598306547bd4d13b514fa5c1b347e408e54eba18607a07e72961afef|1823
6561|266c5247335db66c8effb7929b51e74e3dd6ac119f2f937298d49c24c84a7f74|101
6562|3038abec7ce71ae83f199cd1ee425e9f95b30a0583592a4a0432e546cfb1d7c3|2298
6563|7e112b7efde5da6f6d3fd616c77ab379e3ff9f562a688197390af31237f33795|1254
6564|589011ad837f608109ed6e0f85896178bcc5988cb712c519add3b39ebbcaab3f|1862
6565|5a96060f07a82fb301749a43d5a3a46b420225d3119824aec800666ea3d24b98|1670
6566|aa720eb29c862a7a1d9de1143711c48322fe23762e80d51167ab4540e728ea74|926
6567|8a7371299c01135ccffb4f951e20707f4d15f1a3738c758401b7ce5687827f3d|611
6568|b1951655f14a1fbe5f9cce74b59505520c1caab045bcd66341ff198399decae7|312
6569|da123c07f9fe420943e7db78b913c6370aa183823c6a4cb47727303556358881|942
6570|680de52d38f1d3f2eb5742679489c9750f02e3d3b71f71d205dcf343e2b3f942|361
6571|4ac1c2a5cc98b1b4a8d4c505f99bb47cc052e4bc4b7e4cf6dd13b0899393e752|1120
6572|92a253b95cd3a3a9706efd68c797b4761df84954cadcaae4dd8c0b2ed35f35bb|1415
6573|12b91b8660e1b11bbde53f819e357b6bc2b541842330e423a94ca850e7dac8fa|831
6574|a497396c3766f960d6e6f4996d4551771d6f7de152a2b91def16eb18405ba3c4|1068
6575|ed0fe0371bd93c930ffda6839c82385910fc5a66d4f9db919994f2f823660beb|1285
6576|f0e4330ea8d6eecb204b0e9f7af4ada24819569fb71aafaa5b30acb3578c3904|1942
6577|a3e4fe2bbc276049945c2e067c2a5f50f81a5cdfa3f787f28d45d5e4d4566dd4|1435
6578|19072228f212e97dd8e9287d627200fd751ab96a6b7cffa2d06582aa950c15ed|556
6579|5be02f98ff3c4cc264c2761064f99d5927dae27e3ca6b4dea6654421b6255990|886
6580|250d7bf219aa3e45ee4d11adc40ba650fce2e65b4d1ee039f9bdbed81a52a5dc|911
6581|b7f9dc83a3a40ad436d37a761da46374fa868074f4677f6802148506ee4c7123|1630
6582|38fc483def5c8f5c322273e901a5e0be61a35a90c9f94d9ebaf1bdb90c9180e2|1037
6583|c7a920597160776d6f044a337f04b9f05bce2bd9cdcc1700f2c287135d44ae4a|1054
6584|8cd835dd78668d4e58def5d56838d7203ff4b4cfdb4ea7904d665fd07503bad0|1884
6585|24ee345f62487ef1275bb0ca2dffa9680a58e1fea4c74838ab5f86cf63e9a0f8|179
6586|e57ce92e026d5924aeb9a216592157f94d2020ca70320bf758816dcdcd4a365b|958
6587|6dd5cca451a15e5248aa6e2cd20d329154c5687c82667bb4b15307e1311654a4|444
6588|d948f4bb2356e28b284a520f2baef25e9babb9f1b74bf6904f13f434ab71a53e|218
6589|c998ec82746d81c11ad4b4eb1837e1deef49264e88fed444dca04543aeade03c|1423
6590|b820df3b5ac0dcec366a6a4a54b1d9896791ff1fc8457e0825a878d0753109bd|1471
6591|31fdaa71c6409d1906d8770b137f5e3722a6ab5448ee982e264c7fe63ca77610|704
6592|0080db180bfa0af8caa8e1ee17e1dc649bdc106a3531adeffbc0b39aa9656338|1295
6593|cd3c5eb91612f9975a1d742804ab3d3de45db99a913bb995838f8a495f88e5c1|956
6594|d14c790f1d815bd2fdf912b2289c89e79ad0dee6f93c3dc99dc21c140130c94c|766
6595|791a4b96a822f6a1a4275a077f24e0262b1fee5ec4e117ee001d0d12c651ed67|977
6596|b7c7c5f8787b169395f1f653c9145643ac497ef3d82ab258c851f735232312e8|224
6597|b85e218629adbb3d7c40ba07e80b7655b06599530bc643a9a171469fc9947a7b|1037
6598|711b74c70d988d0af852c344ba2ca5d323fda69fca5cdf1e5976adc453d87070|1465
6599|91e129812cbfccefbde49434bcc4fb7f150f732c22dafa29f8ec4f3fb60839a1|5
6600|3584d99b8cbb16d51bda5f2f22938c62147466d8cdd4a6bfa590c402b948f5d2|394
6601|ede4dbee248a559244c36562cd20cb129e69d02b398698775a2b75ecdc26b31d|804
6602|f25460fa8a090ca809cb36dd3c6e120d1faa7efc58a36cd1365cb0f4ccf188f2|770
6603|3b42c5ad17e951aac2e8e1b6f583ea04a9fc1de5a2843b82c3ddeb0b3317e288|11
6604|90dfe0514c3067685d175ba38b60948bf0223e1bc52c8b2421bc811361a00e9f|1030
6605|f5e40aafcb0a8237b729af82f4cd46e54e30c0ea79d1c926a1fbc935fbab7b0b|302
6606|af722ff6b39464d10ba02de24370ffe406df6fad7edb76fe3496a0a38204736f|1250
6607|d6ad3d8313f2e65bde061520560f2014b58f55c958e59c5d989610bf7cece004|311
6608|a5661ab454a99deca4f0679bbefa4c4b17c6cb2add97fb75027c4012c8ca10f0|1265
6609|95e6a198449c9e37164f2b6c4051d17c38af05901f6a364353c470b5312ae62c|1569
6610|ad8ca8d623f73be339cfa5b2fc501df8a4bc8047abdaeda2af5af68a21451426|80
6611|f10a5e68895ffc49eec9aa820796aba104ace54042ed82603b37ba3389aee8e4|980
6612|62c701c14c5aa14877a36af0d2f03b4fde79866ae1c00dce6033f217b4c91370|935
6613|dde7aef0267c8a6c05dc75bee2446bfa2fdb1f92a4be5269b0229e708d107c6e|4671
6614|3f097aa913413c2a3046185a5e43d16bfd42da1fc1cea2d566cd0edcfafc4667|935
6615|9328fb60bed7c61483017c480ef882516130f40b2a19d2c0ae0a8b01ddb99ad2|863
6616|4cc34f7e7308366506b28abe0e366fc45dc206315089f58e1e9fe29cc6cfc944|757
6617|411b49abc43ab145eef271dd1143a23b563d148fe9a2912fab5642dcbeac9077|254
6618|c4ee706993d3b186e4a8ec26a80ce29c963c8afdb055bc8ae09612f0522df2bc|1030
6619|2e347e7eb10eedf0191997d29147e0f3f1a8f9656a452f2d2f8b55cfdef689c7|1087
6620|7386e37af123468a98650d92cd92f9804fefddb9b458cdd40d70cb7a24b1fef4|172
6621|107eba8d02ede64e68a65b699d9acb493b35d21a18f9946091ea9d4837402170|768
6622|e0c8005c52038a28b429b0066f744c4ca37c52e25e5380e014f6fb6cc6130a4b|339
6623|b8b7ab83293da397eef270e51a50eb023b968e8f2cbb5a5ee590ee823427c858|451
6624|fead64ea48adc84beee4f054338fad7cb71da5c1d45245bdde575d4daa420d29|591
6625|20528859154276f2697ead76d5224d11505f820bbca21470b2a27c9cb02e8622|1264
6626|0b547e7872baa6871d659965f7144ecbf497461fb1a6ff4365c3c378b70cf174|1562
6627|8b0e43c82f87699d2868f5ee4a2740cdf45d2e7686d031ff4519b251f6cec920|1393
6628|79e2968c60db5b8fd3bdb93a5604d6a4ef08f320a6bb0857d272cfaba8edd5c1|1048
6629|8e0f82dd66fa8ec46fdba036a8435db592f276691e2c7d3b1f7cf967e1b03b69|1595
6630|c1f15070de33903301f15540175ed3f4125e9820127520a1a91ec92973b2129e|1269
6631|831c1c77c3c0d3f493582c044b6e9bff9b7f13de960116e9f8c486d6ca1d27f3|744
6632|e6a2f59d85b815e41e538b156f7d82fb89e7f44e0c5a83fb755b7bd2424e04b1|1007
6633|00237e61674eeabc8fd9e52a2c064f4a9f8140c072180895c27cd19e56032533|668
6634|dd0a33a2df48abad01e235fb208a0fce378075dc0131867c2dc3572ac44af7b3|475
6635|e33c553c6a12b3cb04560843e0d7f0dae6852ca5da2e2bc6adce7904a42d2c72|1310
6636|1df2f3e1f9ec8f2b31f0c1de0dee10ca5d9b0664ce6bf59e2fe2a6db47c8670f|761
6637|a7fcad20633a2d1b6912a8ac3cf03a18fc3d72cc930f0fa340a104dbcf12341f|1573
6638|83df2449c77e60bba1d2969e2744d471536e6de32c4b5b20f21026f8a2c09238|2300
6639|aa6af5d7b4ebe11d240d1a2d639fd02726624441f93c9136abd4dd0669a27f2d|1057
6640|36926571232310baeba5f4a64b5d4aca0af4c791f01d09746ca39cfba4d17eb2|951
6641|59411d5efd824e247afcbb678e5630577c79612553958bae071734bb77bdcd46|1968
6642|f6d13f346970c5702c5b7aaa96d7a7a75b32a891e54fe91a976916019731f472|784
6643|1bcf571fab8c35868fc7aceeaed95d3e7cfb88ebc51bbd1d75e67ce3c52e42b4|1129
6644|8a13cb321adebb8de99ae035844aa0fe9d8609886a4a6538de879edeb4aef00c|1437
6645|a2f4540b750f35afe5ebfea97d842f77ff7b67a0256c164e0e84b4573aa405fb|1006
6646|5e8de0cdc32651816c097aa77b3fee13c3d16a11d38b59f706793a81f15f0944|299
6647|e8fa51e22190b9e8191e4d42463c959382575c734ddb9c684158b5ca875d187e|929
6648|e351cabcf5d080ef27ee649cbaa9d65a1bec92be54062da00d6c027e332acb4d|1710
6649|e8a3d8a1d992bd795f4071e019cd946691afcc631ace12b6d1d3f897aac9249a|1971
6650|d25ba7d67dfe06e40c6e572f9193ee03a2e334a5a3d07c8c7afe0ce197f37b2e|381
6651|15e9d24987bd77017389082be575f3f892f8a9df0f901f8c0f236f63c416c399|839
6652|1f33df90f34fee71fe400294a9ee57f3f5555cfa6877cb445b4cf22bb0207e3b|270
6653|d762c6b0542423a4d040aa835fbb4e562d07069b3a7f94b2f9d1988de91b1046|898
6654|764cdcc52a73919224dacb3ba81a2492b9d09b3b540cf05bf2dbde89c3c19967|635
6655|e70b9564b67fc8a456a2dd72a4de85261ef9c84d2e85deae1030e6464132ca95|728
6656|685bed8be3241cd0bed4f100cd595e11233db0e7801bfe4a4483ab7e9b9adac7|1180
6657|7c10cd30c4b8a3794af1b2b29290266540066b66a3fb477407de3e62b264f53c|1116
6658|0ae4f2557a465df2cb13e4e893170a0c7f8c164366b447fc64a126ee76966614|1016
6659|9931dcd7cfce5314719c43c70e8e433b1b4c5a3503edb3b6ad2058bc9779768d|190
6660|becde195079043de210fc04e46258e5bb89b4e5f7ac0abd15bc4fa4a60cfa504|1010
6661|cbceaa5f69d876ad5de2438b489452bf0069c88e54f5d445b7a781df4fcc6437|1628
6662|77ff082ae0409790fc7ab195bcd2d6e88a070a9ad76498058113c3dc213c0803|693
6663|0a673d668b56a08a238d0d1013b36b301df6ad10aa7ee352db0506819dfd2c5f|1368
6664|12f0f8af6bd96a1b7172e97ffca664d59e05703b49a51ff0b95137f7c068c410|1269
6665|bc84cc7cd195ed2d18fa57e3a735163a2734283e596062bedb3cdcf1953d36cf|972
6666|e3b2efb5686694fe30c496124848c3e992eb6d2df7838a87846dbce29ceb674d|630
6667|0842a1fd516263e6e6e64a0472a60dca72c3b6a0d3e94a4b6f9dd509efbf3631|526
6668|89b79b143497bd5e04351eda449c416b4a6b749093914cd8b4d714b48d9c8f8b|111
6669|b26b2fb3e85c6ce0ffb9189eee75431f78c8f4a5f8b12af8cbf8a09080b6a089|1131
6670|a8e88ef6b348397bb1d75d2e8463b08e9d64264ad778620149040c10dc2a7ee0|1369
6671|531cdd78461bf56dc7a55ae245e4518b6bc4f5f1e926efb6170c2e0a5c7e4814|602
6672|408d8a4d4997b3c96be3437642a40ce72f5839520dc8e69303ce8d82eaa51594|933
6673|84baaed8922a2293b7567780daf09664ddf67041ecf2401e74295394b6e63066|906
6674|32e2d1d356314c0f1793cd65c7c8f0dfe09d710d8c4045dcee280ddbfbf108c2|404
6675|4197eab87e259b40e4263617298ec4e09b50344c1618560c27b3fae1de114b1a|897
6676|3dc8dbda35a92a2e87684442cc9f3c204f864d3c9c4559bfb01ed90f67e95ae3|1385
6677|277f09f377abfe25a6b2e2c6daeb39d8dd5c2b4c6d703ae3b04a903ef2e3150d|1907
6678|9edffd886a81f5dd602a204dddce0cd744bf96df9eb74df43f17949e1ec416a3|967
6679|8d935184075ccf3e5861541c80aacd3f61fe92504df0d9fcde8f11c2d2aa0e2f|1016
6680|ea1ba4bcc05516228407dfb5936fa0681efea2ae9257266ffa8a1dcdf081de63|1397
6681|cd00382284e4aa85129dfa04491733130ba08779069a0d46cd2de3cdf82250b8|1339
6682|5ea378ff7a9b56ec001be7488a3fe7f63a0e61feecd3d022c52bce74a38d6d30|1063
6683|5912a99e4b785e7af1f539708da23bc520fc850318e50e5aad5666f6839468b6|1156
6684|c005fa309c2a455631b5b5dfcbdd5aa27fe68f6c9ac24e7d7e970968266c1aa6|1172
6685|9fc38b313fd9c4afb9c670b3ed9e043668c930cd1774102cd05c3cd71de1f8fa|1006
6686|804a11aeb53078ff64a3422c883890f80effd92f2ca9a28c2fbb11351b47c748|1115
6687|b012e1d17f59cbae8e7cf5d58f9a8b05396e598cdb5f10bf3f0710fc642e7bdd|2300
6688|33f9089e1e97313d6c6190812f2e32017725aa1661fd23776a469dced71a23e8|1361
6689|e47d88635ff0829a39ec18f075edbf68601e5c55e941bcd5d6ef4ba27d7c1bbb|1518
6690|26a2532fbeeeda8307f41a5a8f99de90fb26a2aba7472fd283d320dfe054ff23|1177
6691|c65b8520f3d9b8f03945fb0164db567e0252907f20268b0b03c5fdc69a503390|779
6692|7bc58d9b0731a3b79b3b6a5a629d336f4820bf6d88ea987ed1cbeeac11aa40d2|1983
6693|2db3a2a56768ca3943a3f9463d8d9fc6b8824e855bf4c3c66a6f53ca03a282fa|1399
6694|118a7d9e54ba4eddeb09ba109586fcd18e8b0e6d397cf66fb77e6f35ba229be3|1933
6695|148fd55ffb6d215fbe59086ed702a284cbaae0ab52089694ae5ad0838a6ae834|1491
6696|301d84a8ffd2d98935d9f1bd711a40b4fc99eac908352dcc83375126c3059d87|526
6697|184078e3e3591c843fd1359bcea743cb444d6223ce67d46a32e730d0532a079d|819
6698|c1996e9a8e28138a046871c5359951b898814fdb6d04178e16dbfabaea13bcee|1364
6699|044f56f30f47d4dd25b6cadd82f6cc294d14367c801730452d937787de94e078|1482
6700|f54301dc6c1fb12631449fdbd56d888a235ba02019fb788861bbae4102dcd67a|1390
6701|afd4cd96ca48d3e1376f8a8a61589c94fe52bb79c8cb344ae64766b09bbe4b29|2172
6702|641dc9ff3bec718c83ea3482423ff0ef696d205b06b9fadfd32d3cd20671cf30|233
6703|77d2bc9c1caf86e79da25a714f30db4519fa692b603a827b9efa7241635a787f|368
6704|2d6a0887ab32f6af53569ad01eea37d90a734317cd6302cb1d7fa91855ec8651|586
6705|3e8b6b048c31a1407a6a8fc666867395ce760015f770d76d9edcdb539016f7cf|1272
6706|df467b4a16c5b6ced151473bd82590f2f818c52742b27116728a6d15c3eac6e7|1232
6707|710ecb8c826f316a2f03ad392a83bcc701ee2f59a099c962cd1d25fb035ed6bc|1658
6708|99ac2fd4e164d22d8399add31180d5bc6949536a0cadec66313502db68939a55|817
6709|a28dad42f7fa41aa23162a2585dd7ac909222f314a90e9d547be69826638360d|1326
6710|0a9fcfd9905ef74ebf580e5d6f1ed7e9050c9c8ce9be1f88c0f1d1faa4a8b69a|391
6711|25ac5fdf35b11642e3cf2f4c073fd1860eb8d09556c44751166dfbec92d5180e|1212
6712|55d6bec89b17e7983a86721cf5021a20094bf40e37854cf8d0b44ba6330ea86e|79
6713|62664e45e51910a84d1af9031d9bff9d10700552d1c4012567c040baa6c95f9c|1101
6714|70d2a09f109562c48974cd63db1bc4f2a92a7644e46a6fefe7c4a5ce7469909f|1251
6715|b5021971b06c0f628239ea7993d9c018fbd89643d554ef65b8c2c2e33173dbd7|933
6716|18a8b690ce0f3819a9b0e2ec9cfa61a923ec16a20cbfd1884be7f7d93e07251b|21679
6717|0d61de3e6ae3e71bcdc25f600ce5397b05b2a3eac25f1adf8144fcbf69fe1f40|925
6718|8880e63658081f6b0d760ca0117cb4f471f54b09da81f45135f23e64093726b8|1431
6719|d0eb89e12679475cefe50e3b2543b4e8db2fda89ed8696c7a8320da19c6d684c|1630
6720|cc49058cbb448155e616740d0c1fdd3c1be920caa0bb43f31b81f1209920cebf|776
6721|208b838aa6d2db627d8b6b8c874cdbf6f437dabd09065d88aa22aaadff72b2f2|569
6722|ec3d93e3388de7e514da84d2dd4da1a851c38d067e415b8ffcf828187ec80691|863
6723|791c6c795beacc12b809dcce2e2b9b9b9f8b83f2336a915b99c9a08eb1cbcfba|974
6724|71276a0d4ee48f54b8f3423e05428345c855aeb76782b636473174a864ac994d|1556
6725|c9fda52ef510ae321741d0246c8444c6588ef34586c53e2d6cb89def7bec6e97|1860
6726|ba1c3ed37567146417e887edad29e13d5c090c9329747aa57b63596009fcb979|1976
6727|8d913dc5269c24e009e5e6b064f4710205068d7843844d3182cab68f2ea63d5c|1533
6728|ff179c6cea29de754c79d2be6910e615d6f167982e5e3fe927ca402204594ea5|564
6729|c04c75c8804e81d237ab385010230ebdf9c1ebe0f8a3a2a216d3ff3b9ce91384|934
6730|ad1b4468a24dc1489cdf7ab53aedad77b8e495419233df992243dac99104bf77|428
6731|fe09ed5cfa04c30d8e8e6894b72428af60c2aed3364c3343936f3101e747cbac|1056
6732|12e2952991b8e74b44abada5e0ab4a293f5cc4631bbf8d537931a1c6e17f75c7|730
6733|c3d563b14876baafbcf8e41524c33e88da8829f79d150041396d059b99e0e37e|1107
6734|5bcdb83999f131c39f9e351165951bac369b26383925b49d42384573c7733415|1679
6735|213fe9bd2ef5fc70c10b48aa833537d44b7a1013ead6cbd353a6daf4f9384428|1133
6736|49e9fcb053f4bde37d1fa8b11a98008d4a0282605b52d52534d6e946c77bf06e|964
6737|fbb22731724ee416a2fdf156708e4667f7977b9a8e41705dbe804cd66e1581f9|1566
6738|a257c0f959b193c4b65db385e1d929367cd387a37af7815510b3892efbf4c9da|850
6739|75ee7bec86f8f139faeb61152285797473996cf6372491478caab930115f0734|2019
6740|749a6ba48ec3d6d701c68b85a5877bc47a7f1ef24281878d5bbc7b115852ae41|491
6741|127c3575901d2aa19c91db20a208e68c86310f3d83c8ec3dfdfac12e8eb2198f|1620
6742|6cb476eabdb9e6fa0e8b5d0b6fb67c1dc99aee5c682bb5f1853044e0c411e7e8|603
6743|30329295edbfa719ea652a3a48a855ae77d1812b44bb063f504604f54b1aa3ad|685
6744|52bb97a978723394bbb21bcf6d2e745922708a13831b93a3db037f6166f557d2|791
6745|4d9ad99c1da0f8aaba0e7eb19daed3125bc5da865eaf08e75c959d1e922e04b1|1058
6746|17e39ab68ae7f1cf7e735e56ac1b0b1c845f170dc8913a2c7ae8b55f3c150d22|1027
6747|d8a9c5d55812ba3955939746c01499d66e97911c2a701712785ea479c3f8d464|909
6748|41277aee7145cf19dd9415618b05db4315e3f928aa2b4fc19b15f42a8cc1d6f3|1558
6749|5bdf71a01bd0bd98317ac63101d129b4574c9bdee902bab6ac2cd54cf56b9497|1340
6750|c3edca2dd987469f1212b6cd2c8f0f5bc210af9c350eb2b15e1e8c1e53f247ff|1202
6751|84813b879f454970b8dfd96bee49dee2c0107320693ac12c2e97d3077e85f96a|729
6752|443e6a9a4facbd241b20f40db1a644e9cca5c316f3cdbc28d7c74332dbe71450|2196
6753|1c27c28e906e070b8b06353e32942ec1b3e7490e2d32343579d76282f5f69b34|984
6754|fdec7a4728fa5f2ca4340ffecc429b7a5a4a36cdd75a9a2aa9f5e2f030af2958|1622
6755|20e7960f459ad5d3367d99778e85f61853b090c03b680a7fe4f260a008d24773|1953
6756|1d113050e68160cb520db39cf729a1b2d0eb24661d7eb9813e6c89302f4e9542|1837
6757|8b2a9cb86ce71a628d80e2578f21bf9a346ae5a6c1f92366109828e6ec405366|1487
6758|78a7f2400ee6b373eaf8510fc774a319128fc47f910c896d5530b7ff306be807|158
6759|cd04d2d7723d4da05375948b531bfca3c8ef022aa3d090586f8f83736231296b|1470
6760|4cb620897e618e5b3d48411059a842c5202c38644c3980537d9f8f57a30cacb5|423
6761|fd63d3cac3eddaeabee3f556f36c0b2935bed2490e50172304792a7c7dfad444|940
6762|ce4aae6700fbe2d1ac74215c7f8ec209f1f1121a91955a588c18c546892bb948|598
6763|27341f958c326a191d68738522d26c0c35cf19e8ff1eeddfbf7f28d71475f27d|891
6764|8854fa36a6dd925578863ac9dddbda87fdc4c69f62aab305ab8a5aa36e709a4f|19472
6765|c2cf2353f5f8336f3ceb8baa0250a2fa2e17c9cb1e155b32b88ef29976240586|820
6766|80ad2f45c8b19abce2ba813146dc3f98c73583a5b2343fc20dca6fa94a6019b3|1376
6767|398e3421d9fa414226d17c0779bc5f109eb60654045d6408e1afd1c0be19735f|1062
6768|99669f893a3fc83fa872d244819a4f7790b7a5e2826c1a109294f7ad70f5b7bf|1115
6769|63afe7bf188bae44086cf66e2e2f8d4d884df807a556d3d6d81f60a647e29ce3|1500
6770|43901f4dcf2818dca861d89f033f09217a8a3c0109842c21a48496e2950c670f|1050
6771|a4e925ea8a86c6327a4e700f8872495aa36e051ae8492b18f5dd29a51b8a67fc|629
6772|60111fc62d486fa7767b801e05972533e10c293e88fde7bae4f0d4daa7ced60e|1361
6773|9f952192b3b8492bfa795079859063b6220d46f4901da26129f78ae0d53375a9|1683
6774|2042e13f522b83a707f09a253830cbec1a9316a7208dc0077e79f12e1d521ffd|19
6775|56eeae72d28a3777d088b0df01acf27c520bd9ad42704c0be1a3d8fdc022d729|88
6776|8d3d8b44e83c7b5aa13631116458da6cf046cb57a630be4763e43556061500c6|46
6777|2cc68e9a363c3ec4abd99842cef83cf536dee66e057ebedcc4c6d0a0b30ac05f|931
6778|c93bdf2952c2014aee78ebeac598d2b0ed0ff22e79810b737ad8cb29e198b84d|1186
6779|f185f901c57ebfb9d455c791cbb0e45c24e80786a563a9edc5774d2808220e36|1849
6780|c8419ddbab5ccc293f8c036c45a8dd5b6ccbdb2b1849a1fdad3bfc90df3cb082|1828
6781|e350db916beb11d2459e1bdcf9b09e91c0b84fbe332905c12c72df9539ae6106|1738
6782|4124004de5f30560bb2cf3de4822b70cb4dbffb355b18492b605a2b5b8a92248|947
6783|77a8c4e84863e681e16e1aacd32899790bd1103b6e9e02e68b979c088c36db08|543
6784|490cffc96881de843c5839cff06f120e42c3b85b8e5766c490bdae26892820a7|875
6785|979ff992b4bb5e3df1d6d6b1a8f6fea7cb38760ba8cdeb4615a1d9ab75617e2f|1255
6786|2ba7ed87bbe00f6c734dac3eb05af4de656de5efcace04e27b744b97e684daf7|803
6787|2391f669398c356352a1351bd1c365429f871205a1cb682ceebba0bbec11e6a4|84
6788|3a44f2702e85c43ea33d95d5aa0cde16c78db6ae3e117a4103e3d8fcd712e1f0|1017
6789|86096cfe3b2928320c2121923989d1c1405618052593e984a0f05aa3e1358356|119
6790|fca72ede26b2ad253769b06d266bddf623884fb5c2fcbf2b8f07ded3605e6382|697
6791|b43383e48eb8d7cd55f72defab7c9062a0b7e9b3e91a93e2b6a99ccdbead301a|1064
6792|e84123f65a9a266d1fffb5e74d4e84ec0cd37a1fa66ba044155e4e722fe5bbd9|853
6793|181da3bf89adde873005e8ee7866edfa7548c051d4dfcc3fbd14f34cd557ce90|1924
6794|778e25862746d1cd22b7bf37a859a4fad3f57779a7f361c86158b2ebe829355f|922
6795|f75580638a74ef95b882b1dad18ac375d0bfbae9aa834d9788cb1f302f718dc9|1433
6796|5a2745153cf007adf020162671f79b7e597e480f66f6cb051efaa452b68c2b67|1856
6797|6e7095cfe49ac1f01009d611a765dd9f2ef05b1eb64149f8b0f962f608205f64|1089
6798|64a77114f25f7781025eade3d02bf4a5a8478ebb9683640615aa67cd1d966fe5|983
6799|2a9251b8dba7c23e3e0d952f43e5f26ff29e3b67d8ab55e6d6bc6b4a375ea633|362
6800|be4851d4e53f3ee8700bafc56d8061f307ddf142d9c597c95b56e233ad905904|1863
6801|7e9fb04a9038dae3d5c2c2f9927aafd5a324d337446334e0776ba9809eb67175|875
6802|e2757f56bbc6c37dd2c312c08610303a1d0f5da836308f6af6bfea7fb6ad9654|1359
6803|d7a6e4675d367806180d5dad2e5e4f32f0b1d5d82ffc8b57005234886eae82a9|1054
6804|b49a16d5add051605d5b9b1a3a2c7f78b8d22a373bf5586b610d2cb436d35793|1799
6805|74204cb46cb688c9d9a3720eeeb743fcb4b7f004d3325bbd4563738fce850c1c|1663
6806|0f42a01fd9e6727167286b677f9f51572f5c15188a98edda198ed02e882eab70|791
6807|178fe2dc8ae01cf734387404bc57023154e8302de5932ec5aa71b9d7902eaf58|1581
6808|d821ce1e97be2e5c230dd65e5f4bb767f7c7ed0f428d53ebbba41c0f80cdb972|816
6809|54496b92d73fc8812cf7d499ef21253c88ec22d3611e81df2eb6bf393fd730c6|1267
6810|0411176eb68fd1fd4d8dc3bc5abff59e3c35df882205e7227dccc18a6624d2a0|1134
6811|414bb1aed272ee9b2951f4be922fcef9a74ce8d96827aaafdd54a477fd4db0a9|1626
6812|a6b230193007630af8d765fcde4ecac9e9e6d394483ab0aa7d2758fdbfc962c4|708
6813|280d31ac8079d3e4539b52d09dabfd6942c7883183d98807a9f4eff92185536e|346
6814|283840ccdcd8f24ee381dfe240b187dff58d48dcfc13cc6e6e725c48eb5acceb|1781
6815|62b9c18ce78fa4dd9dbf2530b5fd351b11041b8a90abab1225c47841499de790|1164
6816|0f50a83668b1e89ba1929f92614c7061174b3b8baa0226ec646b30356d52b3c1|485
6817|4450004ad92c8cf22dbc92c1582f51061352540e969840a4cbf5646308f2fd89|1423
6818|1a32f2c8df0f60decc2143cc7b959e0f01896b58bce41693120c367c7ab91c14|8
6819|31d053b0a4480c6bf39c2ee3644f3b5caf0f86eb3472776e73950688ae79e00b|1393
6820|6d491aa9cd296bad2f6a6ecedabcd621d9763a18cae2b50cf1b2e956f6c181f6|515
6821|0fc07d7a8c9cb4d8ff5b8d6b2e2959369183329dd65f0e51baf029d381c78696|768
6822|d0a02c0aad4a39ebee3c1719bca54ce506e4f7251d3df250816b77ead8fc90f3|628
6823|f2ac49a2d402f4d065dcfc868e993812ab1102e46ace4ec44a2aaac5da06357b|969
6824|bf4582ea190207331136b12d79660b2d775a1b40feb7b89d4ba730289e54f6ae|2033
6825|42fe58184cfccde9a3e50d44ff314b0254d67ebeec0689c462369800d28cd66b|1190
6826|7af498699e4fd1e0921535cb8adca60f41c27b8b2cb2e2b42c081cf4d0bbab48|947
6827|3687ce734c17663c4d7d6eae92441597c8089c7e04a4a04a7a87d9a180ab4b17|353
6828|e72b7272b06934c3c2e06bdf1b9ac89d80124ff2602c8f71bd680221cba1f575|1262
6829|68c1d3fcc2364c6604e1df92c72bdda92af30ae23137618ded54b63d0fa9a425|1351
6830|9d9c7fa8430f791eabc1c50a627b394c640fcb9a3125e1089ff9f102fec45c47|1278
6831|ac5a16c7ced608653041f465bfc86ab035c903dc8aaab03f097eaefbdaaea6c0|1355
6832|20cbcac86b79102db921a33140b31d993c9edbd12cd5cbeaf1cb9ba9d9ad7673|1298
6833|da9015069775717badb0d7767c00b2c0279b58129382918bee739008016c56cf|1614
6834|7af229d362aa9ca9da67f337624c50180d34b572ca82002cddab7f8aac6c1afb|934
6835|43c6612357ab56790985e31e365b2cb933dd47beedc6bc8951ee1c4a77475d87|248
6836|cf85e5052fb6e021a2a2706f480d8239702be3c903f2fcf3118c0add73c62a3a|1959
6837|9943654d3a642d3509703192e90de05f6f87a39e483d70d685f1f2616325f0de|1185
6838|7fad864b5a25c3a2637026bdcea615b329ffe278416c423ffa94357eac1a745f|1272
6839|62afb315c3fc673ba84a17fab832211ce069c1131d596c290fa0eeeaca065adc|996
6840|46f08cc9ea9748564a266a374c5d6a1295e8406f47748234d1bbbbb670c90adf|1011
6841|c610542c0df20cc7073159534f0ed543b80ab0914bb5b60dcedac12ea5e17b5f|1316
6842|9a9a20834bf26e44a35baefac97ec8812123683cdb60103feec39a60d4a976bd|1985
6843|535b107892c6ab9ff094561e6ddb7d191aa86c438755396f2d39d8f646574da2|43
6844|bc04c1fa0787feaacef9b5886b99beefb7077bb7e3f8edb10c7f66a9ac2fe5a8|675
6845|62bd4434073a349e2abe0a6f6398e476a1a03c9cbaf4273568e44c9853bce5f2|1716
6846|b67b048c9217cfc42cb7f6750daec30ba44cde71156c3930f7f8077ce8e9f9fb|1358
6847|d078458ec385fbbe772e03818040805619b3df652ab163e6e17ea8e695fc9c3f|779
6848|1db2dbb0b4f1904e4f60ea4cb601de9e1e8012a9f86c21033be4ac2af3531e1a|424
6849|48735a712c365e748f87e125c3b36ac1495f813145fa5440d7c3356bd184cbe2|1335
6850|0b50d4e27f7ee04b2db771476b997632a8d0edf96ef93de018fa52f984138f5f|1017
6851|e0295c58dac5f071b06ed266cb53485db7d799a143deab409cee5cce2c896ddc|1343
6852|d0c086c7e7aa222385a02e6a478537dfcdf1929bea846d1de1329ba416878efe|838
6853|d98bca42babcc3904828b22685b6355fde80665a599f73b6c494f8e5522f4bff|1645
6854|e08186fc8e557cdc856b1c2e38358fb12af62bec8f3afda7d9087f9a0acd4585|1900
6855|1907ac5ae60551e8ed34d244f3350679dc5f53d99c5b3111122acb8332ce9fcb|1436
6856|7dd859f427fc8011e52514b6ae12e82f30447387af30fac9f46416957e89faf0|1409
6857|6f18b48f5d8a44c893a6b2e11b2fa6319c3ffdeecc72a0188e3451c84a5fe1e0|938
6858|8cfcaaed1fa110766f23c78cd5a0d5635c6a5ba6d48fec49480f21e90b189485|1158
6859|bfbe65f8b44199ee5d720fe35a31746fe9a311481482bbfb50c7067dcf0bb343|1280
6860|da6cacd740b8e531c72dca3fe2dbcc239ec58f798d20d0ecb5a81e896277aaba|1338
6861|a0687b351b615c99e8dd1b0b7c3a052efc086d8e0b737415a30453db06800a2c|934
6862|9832c0bed83d45567a7f62aa1e90d9058e87e5a46425f37194a34d3c87cd9282|440
6863|a595fdec3cc96d15d2a9bb97a40ddb2bafb039eaf578db86692f6109aeca7771|1608
6864|9d342d4bb057f01c7c1a3ecac7c39f01d52d35cfb225f4d0f895cef86a7e883b|2
6865|22b23acafa254c8d427c46a156541573bab2a84060410a537d65044f46da3f1f|239
6866|b5cade6fa33848535d7f7c1c20f833c1ebc4fd8c51d2a114c01fd749eb1cd6c5|1624
6867|1ab18da727f8837f90a496e87dc1882eef498c9615ec5f4f40103510d507fb74|771
6868|dc07fffc13727359c69169411e184ceffe998585f441939ac16a096729975c91|983
6869|8758d80ece29ef80d3dbef3c03066b47def2fc46e348a7e0ddf4c3da15cac922|1931
6870|2807ce9720df1c8ae0f6b0f081dc423f817bb44551ec274f8fa1501e37c5ea60|1154
6871|15da564b19f9e352817e3a5836a82a8fa620a8a4f61d821e5b47722706617b89|1561
6872|c52f94cd50724d2d84006215db8a51a66e77c4e9a2b4d22ac5ed930fd690d91b|1512
6873|18a6acf82d9d97cdbea2f4c41cabd475b82b334d00c9582100be1777d89cb17d|877
6874|2cbd7d52fed4a3849e59458cdf69459ed0d6cb9b3a3cfe7fe3a98fa3294a3bc9|1526
6875|bd5c60dc7c1196e7f2f4f37bb39f0d7280b7d1c188d2c56fecb380b8d9606f09|2025
6876|569142ee21bde22b7dbb99a5c835752c559c69396e2da5897e48ae7ad1ed4e5f|250
6877|52c5bcd06b19e861504803beeabb9077409d1622a80b3f8c2b4bb506204a7664|1654
6878|653173d0c3c564d29e2358579b0de1081740c7ca7186dc127dd220ddaa086aa7|2059
6879|626e6e66dc944541a6490c3c511dfbaf5d5f5a4374e6743b8c7bd07824275384|298
6880|ade4fde41103dea71c0c80abf8c2abfa12f234298b991db6216657b906c724ee|1035
6881|c022f0e42bf140cf361410ccc877ff1605851792811bafa386dbae2e12ed9c8d|1470
6882|2d0dd9b5d32d781633223418d8c3d1f0aef7974bee89ff838d6a2518a4735304|1363
6883|a6c599a675697e8931e09133b22a920071212eca0ab06f081a30b304ddd29ad5|1308
6884|36be67aca3331281f74a3d19de5f54683f1b5c4b37864563a6d905284462f442|2299
6885|f3033fcf29c6a38bc0fe4b231c9ec4832d901d6c185f3bbef50de5254ce73ef9|773
6886|8352e5e057d20f20542f724e4668f9176e5d5ba2f0e9204108024abff1dd81be|1516
6887|54d294e96246c56c33976ab07d5855c089595963dac81ad83dc49db6c7c7fa1e|1594
6888|cb917870e4bfdf2781d5ba725406ae830b6de98d0d2dc7f802bc58a157c651dd|856
6889|eb8c58a254e322edbc5c1f163a19c6e27837506397af772c4c4eea60f1b8f7c5|972
6890|e7ca0d7fe9d4d364213e9198d1c96a800769bbe062788767cbc847026599b1c5|1535
6891|ff2ffb15b2efec8d19fda8be0cd228d0818737511ed87c6d5d90dc82cea7a409|1213
6892|47e579c67491a599a44f2099d2f158e247aaabb5294220f694a8ee69d170dab7|1842
6893|489c1c13bef137b797ed04448627a4d1eef138d1ba520005c380e31faced5719|187
6894|9f40d53b0bc3d5aeedc3db334ac23f45d14369ea69fa966404ca5a8c4686a8a9|71
6895|1a29705eae4b62130227abc151a9d27dad40be9718cffb9a7c8d7eb84937554b|1580
6896|99f86703ca489d8e0501080beb6339f2d08e0e77d28cc602bef9f1084b494041|65
6897|08bc32c8bc6f6614359df1de6a757688be293ddb4c95db3d662c37d54b458e3f|30
6898|2808d6eba6dfc3f724b211dfbc688a1f2b348c37085e6485d100d79985a019ef|144
6899|56bed75a264c3a92d41cb197b4ec1bff8d0a5b2c2760b7a53c8739868fcf1cef|1657
6900|60a065e48640e959fa3780a350bee6d40f0b987377a3c2a7d925122a44836f3b|859
6901|6a0b52cba07e9ee1f689e492b76b1b4a4919cd02f73ca45e12e6bf7cb93958fa|1179
6902|7c620b4c2468f71cbcd798b0c15e4b4522d15f155087c704193112053e472845|1055
6903|f8942ec6d20d01db2722fa565b49d3d571110c37d7575df01778a71cd7941c8f|703
6904|e42888e10528e4a58848fec406d3ff46785a0720667d75965b6bcd1975dfb6aa|3690
6905|9852659a5f8c57bb1a7368fbde61f2106c51968becf97b841ec68ce9f8fde7bc|987
6906|2d1394495a2132af940ee4afe59cd2be379e5340c95edc0139b4c6d94cb03dd2|979
6907|685dcd06faef3c30da9e431e1dd34df86a56c5b73def62e035820a2141dc3f7d|791
6908|c950b8666df828beeef51c46e73261f7804e526210215b72cc37d1fba926c54b|495
6909|22db7e69f97fb5ac6ffe66d93d61c83bae65ce92e3b3a9bf6c8f52145428cf87|176
6910|99c98966866815a74923f7bae8f610ab8475efcffbd0ebb764d7a82dba3e8d0c|80
6911|5e35ae1874d1b6533f929f851b510b0975fb131514a03f0804eac0b5cc659c95|836
6912|9e231ad464eba462e2f5e944dc2756e07c16550128cacf1170c35daab8e84cd7|5
6913|e5dc8341190d882e25820be34b73877eb15b8e77f605ce33b3e807b71bae9a1d|1734
6914|24c46a2cd4c4de86406f3a13ae4bc25ffe7bd0e2f77d136905a4718232909b9a|78
6915|2a3817a388495af21b8fb18daf2d38e3d58b341d8a465e7c3e8a02e9550e8d1b|311
6916|0049c5b010d64686aeb5d33f0a05a074630157ffcc1568fd95e182ed576ff249|1982
6917|cbd7c894d7add28530bd1592835bc921ee0791b9eb8953b2488e3c0ae49bffd6|1448
6918|87be90e89acaca1cef983832fe25f62ae83c6cebf9780f9740e7a33f8717f3c2|1272
6919|bece266e2f82ddf891af107ba235fa1f13aacd7d16c3467c4039c4e2066c25b5|1288
6920|709b52f36b53e78c799d2a3b9fd97bb3f16e23bc19b8f6eae172a4f1f1004e34|18715
6921|725e9da64017a531c68926c3a711f99c1952bbfd0122d42e21aaf95b9706bdc8|12284
6922|a7b3c81a2a8ad0425e6beaf673b6ce30c1442d3f7c0dc3edd2a9e04e6dd065bb|4942
6923|5ccb241f1bc322f0fd5a3f64d153e17587b8b5975840c2ea42b7be97b4e4a985|7722
6924|fd17dae44054355da2cad510abd46b5628f614b7520ddf04c51b0fe5d1767944|9633
6925|41a807746c3ab3d0c1a88ab28eb48e8b914153e502a14d4ae352664860510e32|14078
6926|b7128277623398f83241dcb5bf5d91e08450b5e961767c5757aa145508c03ff4|8535
6927|3569b08539a53ddc667a364e95fb73e8d49af67efbd33ea214c16d945e69b341|17694
6928|00b6b377d5b94f82a2246a004fa81b5c6d03e9d0a7fdbea0b70457f4b3181aee|8602
6929|cf09e9a5ce5eb4f1ec003396889fac57a829c5d258f5162dc7f389d49f7f2f92|607
6930|ab80cf9caf87496c86fbfc46bdaa15bc705f3bfd65a315e0f3e4f4515219be8e|10251
6931|11766377353bb4df5b3236467c53b41c9c9ddf8c8717ae7b47a7d33a84a2f5b1|3353
6932|8579e2ec8a8f1d7967d1f71e5a95dc04af0fc6e8e88ef3c12b5437ff14866f43|14901
6933|310cbf2db6f3eb6e52643b85ce21c916c5553a3d1cf7a8032425f72d219fc150|14908
6934|f5830e84484362207f7a89cc02a26e98ef90e3b55a79cf7622e83de7cf785540|4446
6935|5a2dfa4ab422e1af835643ac03fc446921c473765db1c2eaebd2b5ad1759c04d|11411
6936|83c3c57fba458496811faadb9523a303fd4851f51ca3340371a1c38e0bca664a|8213
6937|bf15fb78a2ed2fb9040bbfece9878b2a9781d10fccb5cb593f76d994dc9cdb79|11261
6938|cc6c5cbee8512fc6372654ef805ca929c346fdedda200424e70e1a8e954b3fce|7643
6939|466303c66bf96ea92ed51550ece8a14c6f89d26287d833bfd64941ec4501956d|9020
6940|45e41e17cc9596f717e90c9225351e5a148769102456cba5596c40d3040e6434|9436
6941|7c154d1eff97233ce3351c683073e78cc564d1497f6a00ae6f6f91d0201e5983|7764
6942|acc29646f46e7beaa683ccb0c228b612c4f8f1690fcb936a55cb9a3113f929ad|28
6943|21ea5d5d62e3be7bd4cb468db53e03fbbd7c757d724d48c66be0b5c13542331f|14805
6944|5adb35683ab93df8f0bc38ac2ba58b48356161244c2232c81b673ce95cba9448|13735
6945|8c8016efb27a19652037fd52bf1a64238c43feb26a27319a91b317359e06de83|7528
6946|0c8664f94a6a0e7fb81eb063d116ec5cb6a40e32009805a180f4994691857fd5|12658
6947|ba26f3afcd1174e4f4489af2ca5ed793a8e3d6503df8dbb1aba01d36e8eb9372|12234
6948|76c60d723553d69defd1d97fb8898aa16b53ecbe0cd760a8a93ec053128ad2ea|16053
6949|2cd195809b7418564bd8f8ae5aa6aea09e0a1cbac7a9dc562d13e0d4563165d9|1788
6950|aee2c9dc9aa6537aaac51ee285fd8296b51471b636382642c627d0831b3550f9|3232
6951|9fef9522b1d50dee2e2cd0db9bd761397a9abb90bc588b42c73f4461a5ac217e|3044
6952|d7945a6816063f10b5049b6e978ebf32ed3c480f342691de3d996c8379da58a8|18025
6953|632c8c752171f03445fc9ebc247d37539f8acaf57587f8a1779750a089a91340|8590
6954|8add28f60a3c461c813e4e58567bedb315afd32a873355357ec84276897fb32a|2085
6955|4e836feb98444bb38bb92434a66d10b91b21697394a145d7cb1976939c6e8498|7954
6956|4fe6024125ea6c664408fc12030b2a3071350f3487dd6b5fb4405a9d59dd36eb|4536
6957|6edd3b6e1d8cd3e09991724b1af7a75b885da163d36446d5215fa5b09cff423b|6898
6958|0764cb555b64dada1ab09cf1c41a61f599f937ba87410db909c420fac2b96d36|7706
6959|a17a397dc6843619d86867eba459955e7569edae1541206669c4735d4afb378f|13588
6960|ab33e05e9feaba4fd11d3bdf3594610827d6889cd1fd45ed3517905b955755c3|7001
6961|95c7b8e7a387d5b18815c16a2b7ef466f8ad9bb6db8ebcf267a57d00701c6ed3|16509
6962|6758958bbecf20c84c17ab0e66824a9083e40ccf5631eeb034fe7f6e29f513c3|7365
6963|67802c2b07f6c1eee65291f176d3d7540784483b4db4bfa4be96a17bba434a81|8127
6964|780f764f65f898054c32a4604d4ac1f5aa7e3f42675a156564a064933518d56d|11315
6965|fe196df1b5b731b6dd631ec96fba8c9100ed5f20b2ce9884f87d07ad56ff2d16|7290
6966|a2a22f7a6ba1fc62f7d096035827f5a21f5f0951641cad2274fe6592394cd1bf|4112
6967|d1ce240de45706991364e76ac675b5669051178f864c79417ccdefd73b3a8be7|8099
6968|e8f973526387eef1d8af2cb555f8d93dea5a9685151a242bdb8a47b1d856ba65|4184
6969|2ab145d7684bd455bdae1367ba7201a285b0387c65cd9ee0a714b1f0d7299a41|8099
6970|7972bf2ea803bc41f67f3f07023e5c3edbae0464e2ef318998d464c3a1923184|4258
6971|3729ba301befdc5267b20afe7e66a9a9377d7d1796eecada87984e092337f3cb|10579
6972|ac076a55b75528368dbce357104037f1464a8e373ca02568abe377afad6c2689|9218
6973|c214bb20b58ef906a2b4e3f2bfd3c6c87619795d9d06c3d59e97094a94bb848d|5622
6974|e16b7042a898394bdf805dc24f8337d5785b0467e99b4089b278f11d8d452772|7263
6975|d9afb3211f88a71fc04e760dc23dcf2a7879c326149cde7ce075fee58cc83913|7257
6976|6e31928a099bea87d765fb15b6ad81a7aa2598329a4849da78c4bb2a47e94030|5875
6977|678ec0ef087553d1222d5704ad1116894b059eca29871db105c44c3250c92a6d|3706
6978|37214f1c291a7cf621f79fdb9e7c4f1e077446a304e2a5510e3bdb7f99293e83|8014
6979|73fd22a45245bcf57050a9902249cac908f7b240e27652f08afdd27b2f436afa|5939
6980|f219f6e4f39636ec5bd76d4acf3f4d51f24ddf35182463c301aff16f6f9b6996|6675
6981|0685a5d0d8aae3d50b746d1bcc7b89c28311faf415ae3c5f34730879d776b335|3540
6982|260d47dea2eac852abbc85c937d1a8dad2dffef4515404e38f2e1776b827f188|6120
6983|0479be0224daf9bc9e8a196980da4280321350c26f2bd3a13fad88f7dd2bf681|15028
6984|7cd03762c478c387c5fd44a9b68175845ae9f09b28553291be26ec36426d4173|5422
6985|5965478e7a9d0207d3effeb93721a5bef2ccea625c2c0d1bcadb7993a8c355d4|6246
6986|703ee9f3cc54e4c9cbadd59107200aa552c24f944e41882d618bf1e5857162ab|15013
6987|e366a8c78c71b3f9b42ddc0ed49fcf34dd7aeacb1741f167957a6eaee070fd87|7950
6988|4cd23e20f5ffd492461f0cf80d5acc2465d7eea67af611442ad410042bd3524a|3985
6989|5895b317ede75b5098d92a732ae500e9ac46e0202fc84c276f3f72b1fac2b85c|9245
6990|20feee009a9528e9601c1dcb1ab63f14f21834ded71a76d9b95dc107998ddd4f|9309
6991|182b7e04a92f0a1c39f1279cb277d1d479bc05f22ee993a381869d1c562c2e98|14272
6992|9918da3b20dcb7b80c1ff1a018d4bfb900a6a3b7d89e9882a8147cd7aa3937c7|5760
6993|1c947aec10be334d05348c1a8a99fd145f01468028bb061bb67e1e7f5cfa2ce1|8777
6994|2890fbb1bdb143e7636548dc4e95e80a6108f5bbcc5c6467c2181393b9b69f09|20603
6995|6ee37450b1b25b9fc10f76ff0688f8e303068f4edb4681047e1b00fbef1c614e|7190
6996|216e4742bb80ace1a445e9101aac5dd98d02090e9fb1f68e9f475db994938ee9|6400
6997|a7c8b1188b57143f54b71e4116b770be345610753f2cdcadb955b771ca5c7e61|10255
6998|b581fc715dd00cd75703aaf0f5996c2808c903f371b0dcbf3544e1b8e3771c3a|4573
6999|4e65ce79546aecf39ad109aef6afd82a0853ddd000d700ea56f6c08d06f20e61|16259
7000|0758550a911dd05f85930623b716049e934ed7738a625d82aa7fdbc760e0b153|16762
7001|8419c7c445548f38c8686bd6156d889886b288221100a6130ffac88a7372a299|7108
7002|d9d920ca2727f622b9a74ef93fe2d3e3a8d03aaf8aa0100e153b3f9b30fd024a|12986
7003|87fb1295f6306078d46ed37205f729d8b3815cb055740458372f298717b21846|8973
7004|9794a10e2371b10b614000011366b32007b54bf723e626a01dce105a890a074e|2101
7005|3bdd46abff875c15a05c18f80652e7b4af0bc811c3f27e89cfaa557d2710c5a7|6388
7006|822ea29665eb05e3034152253bb36638db22aecb31a2934160a60909dae646ce|20298
7007|2542d3be82f193dac01696e12d28fdd36e36a73fe9bae14299c03e0322f07f25|9427
7008|1fbe41bbf7aed758bcf44e9495202d406ed85fc96978d7ba26d048fe531fa9bd|10682
7009|b795dec6c77c072a940288e460049f51b21b9d1c202895bcdb4c7e92defb72ec|8811
7010|1bebb692395a1bcd2a4db34ee06a0a89b95319791fc63c8be8d3ed941e6cbb5a|7253
7011|775083ec82c3dd2bc416fc4c0ed2df4ef13be5c8fa9e87b728d908395fa31d7a|6595
7012|bc87af4e7d86568fa4c0707cf0b95a8defe36cb2eb93b699c386f332eca58263|10212
7013|42fbd430fecf0db74ab010e58e4a5b46f89f4d2e7316dde6f580155be6005041|7099
7014|77954bda422b0e214e074cbf4ddf7e554cbebbc510e98a1c88bdad974aeb647d|7037
7015|118bc1d2fc3e2ad56a62800f94960d5f633f61015fb32fb47d025ba0e49d9a02|12259
7016|605a4c435a15d8780008b1418898c80063111f6f91ad6d6d6769a8d6e88567a2|9193
7017|f39f7829849770ef5dc200dca22f5a8ab5eeb0042bf9a101b91b7ac4c10c66a4|13242
7018|e2c427e4379e4f7277052c95cd8f3745be5d901db5c4ab4a946d3c1e7d4471c8|8195
7019|332e8a78435be14f5947b32c0fece8ba0400283d452a315c2e19b79a927e6ed7|16472
7020|ec4906cdfe199fb9655d55546576d34821e808714621080500a622989678fdbe|4039
7021|69eb9875b90d8c5b4458058f1133cfccb9337116fe2496f23a97c49cd5fb959d|7185
7022|d907ea5db6d722ef06f2180c3eb2dc4ae321cb452df3b3176774b1099cb76789|5861
7023|c4d0c2c12746801993081d86114b7538c7cdf7ead9c94ea944d35ac53e25980b|9294
7024|b1a8b4bdd15bbc1640f1cb2eb560b42b9ba5e4fd31b085f9233051654f6144f9|6680
7025|ff4af7d7923db68ef92050193890a9124590772456c134b876d8099d4eb288a0|9566
7026|03f2be5cbac845e0ebaa300706aee61911c27c8cf624ad2e8ef131cd4a504b6a|2723
7027|721bd2bfda0f92ebadf38696de6d5c5110ffe4e257e2cd2c8b40b889c4a46d76|8177
7028|56180a147252269f6133806bb47c82651360cef8ba2ba5619d995e786bb6052c|6673
7029|cc9ea025b515732e2559c0a626fb92005e2731d124100b1ecc02de0b68d73a0b|2407
7030|cf07b051bb9984ffb3a256b3bd0a94e3c0f68f212468ab9d165768237f6f59de|6542
7031|2cf4c04d32092958926897ce3148e709f484262f2a369ee4953e7575f6e91db7|10888
7032|148782226e9f336a2df97f7d261a0017cbe82dd83bde8348bf7308527880e403|15683
7033|01ca550f6f05546294b149b81ff2dc985a6718c823559a4c0dc5acc6911b31b3|2094
7034|3e3d8ec2d959f004f2a2352a933240583ac285ed16fbba2d486eb93e58107afc|8903
7035|c3ee17c16170c512d0e541784ea7b2d5898efa2c81eb5cdaea207e571bf05c5f|9094
7036|1bdc8df1e08451771556c7e9554c71f96f94071f222b7d7341be04d37d644222|9789
7037|dffb734e08dbf1ce532c217d61d06fe83212cb36fa90922a196e5af0bc792959|8918
7038|33d86823f4799472f59b4f0c6ca4439520baa069c425986e6e7b750b074cde5d|6716
7039|ee31585b32e0e158a8856813fb1971357785f2f734e809471c28180f755e2633|10469
7040|f1abdb711f479f2928635fc99517abccfce679338c5376455cad3c58c451760d|10576
7041|b7983a207db5c565b04998f6243d5c3df68d03f2e60a528a42b9281c2fc6ce45|11449
7042|bc1283884593216a39712d81a4118574d6e7efd8874957632e3159b84a41b709|10742
7043|baf4ce2dedb3fa6b20207b12d0e4e3bff7e47001f356aed54bfeb99714fa2d3a|8399
7044|18d73315f36b9e3be605c9aecc15f951d295ec1dc02d4f294d79aa8bf3d4b3b7|5886
7045|56a16b4ce28dd891efce35d008206ba881d1507fee41d47f2b26efc8a7631529|1909
7046|b0c97062a6a756ef6fe4a8240e3d0b9cb6ffd9143a8597d211c9f24e270be55e|2740
7047|3f5e94044f373d085133347234243f733a94d86b252aba43131a4007f64469f6|1125
7048|93db068ff32c6b019ce626147f08b0b02c5b698dbc057ea0a4810ef3479bb0dd|9164
7049|55e4bd66c9471f7a4e509066eb345987f88fabaf1feb225c9718e19e97379313|2315
7050|70324e8fb481935bc1b17817aba91bc8e94399f5b0bd75f7352053cd5197ba8e|16420
7051|9c8d0546190910a57d62229cec40938b18e090132d0029383ebbe7c516c88664|10561
7052|bf67f3d99c46ab392165c31b8188545854e6e1d433a145a2b45be908116e0665|4300
7053|4d9f4f6166c2b9a10b5ea0729090028fe70a7e2de9798f721adba43a66263351|7418
7054|5e9d918bb31fb6331119d849e31bfcc1f10a64beba66a21b1f171eed56dcb337|9721
7055|f35d3e608ec7e6b0f3499e73016af14b9044499cf7f302f6bf7298534e5237bc|5614
7056|f55ab3a0fcccebc241d829b4b2d4527248c2f89ae698a055a3d4da629aef7403|6306
7057|ec77101befd23a8f9368a39441f68e969fcab8775955dab8d6076dd61bd566ff|1591
7058|fd67d3d510e8424af147081291678ea8dafde720014eb3d7f66f4b129c119846|8388
7059|6dd1e331ae1be526d125abc0491cd668b66a3e241fe9c1c4b904cd21d279eb9d|5179
7060|17a7a73d7c76ab4dcfcf02eac13e9e14951f18afdddec407157d2c30e36863f2|5683
7061|d6a370c631182512f0cf1e8dca9fdc08e01b6da2d352b866b54e0eaa9a96077e|5182
7062|c321a3a51f4984e35bcfec1b8d08af5cd40abcd8b08c889e9ee8377c87fca1c6|14376
7063|aa463c656a3945027565b30ebe85402f58e37ea6e9e6f50fb9bddb688e638286|885
7064|80ea8b1a88baf533a802c1d432e6ce9e97b4e6c8decce0c86e03f4e15ad2975b|6128
7065|28df57c511b89a3ed9dc36dc5c20e386595af5c5b348766182c375bb66a7c6b4|16970
7066|5b5fd72dde243a57c55022178c108582c9204bb104e4109cfddc4090538455d7|9399
7067|cdf94c1deae474b85fd5bfdd840f0376a1d5bedf8806c544b2daec164f07d118|10008
7068|8b5e527e11776924393a3c19b4254995244d833437fa0e32a206726bfc22075a|8739
7069|4ae381b316dd86d1137604b4b7e385e79ae07c4afc2db2213c65eef14a6dcb15|9083
7070|7d4e5f7b8b88422212f92c9be401e7910ca5810e3089fe7a498d660e5269eb55|12810
7071|b5af120b3a5436b6796a7ea15b0402054d7485380ab5be292f5ef974c6ef5114|8954
7072|0fad39e4939a1069a832645a890d9ab261a148dcb153b3340213d97ba6592c69|17051
7073|96b48d72c2cc103e865338ab7f53790860bcaf3a18f7e64e420a75e945e63590|10366
7074|e43730e47c97bae93cc963e5ba9c7fa4053bbbc7c07501b7aec50f899e4672f2|11345
7075|64a50ee192cdc428bba508aa305b3a04cd0bf8ff6bf9f5308a6f9cc0af874d2a|6576
7076|d91ce98b3da8dd534909a4526398bc8c1758145d0541657fac6e0360a9cd5a09|8180
7077|dcf60dfb648df820385afd30873ffa759fed36d1a292fd216747a050ac470e97|10897
7078|a842b467d02924d535e8d7ad5cbc395b35a598148ca949f09c4e20b16848b0c2|14362
7079|bcc02537fa5c375e1da061ab6ad9370523e862562f7a4525d4db125f4be50833|6411
7080|f7a1d274fee944e7cc3c051a7af13377a9b2dd540d89de88d468e7922894a2c6|905
7081|76cf4258f4751a62d9137e9d235a042d389edfb9877abb1b0e5c0f350e61b1c3|11639
7082|62f40aa111fba4df1b955ef9e9af30c5c7893fb7e473f7c69473e4f6e3becc95|5038
7083|a2063bcd0f2d88ea7ec61fcea7488318c3f8486d70809b04fd56b63719118439|9946
7084|a3ce4512a935cd73eea46ed63bb7fc93916db479e2ac10e551f322d723e0ecff|7481
7085|fac86353ccf337b4b11bf8ac1882c52a5f3d1ee8108c3889390d193466c57e90|9136
7086|0952f417884f9df88f11f031d7e97163d6d8040dfb8851f5fd22319447afe7de|14414
7087|43fc43d7d7ae403feff58cb4d61a3a4a369a5429afbeac72c0ee76dc693bb7f9|9734
7088|83bd9ed8d23b5bc35afa50183a99c066c13aa507d90e1feb9fb31cbeb6803f47|12006
7089|0578f4ecce12f4fd3a8cd85875ac1cab2a2b4120c76977405bb5acfc621c1934|6854
7090|3b5b6e03efce2e14910481b43863418be2268f540617390927a19e639e3809c7|12540
7091|accaf8814742e46d98668ec4f7a901e8776ef68d9320613c778d0e93cb25e3e4|8817
7092|66e6afd0e608c7e941c638d0962959c5ff0cad4a2dda352ffa5679bbebbcbfa1|7148
7093|5da6a36796831d591d2f70b1d2caa3566b4f0437f5ca7afffa7755004794b634|13437
7094|e90df248aa87cf46927b35ba9bff0f06961a55117f008c078d711b1ba5e8029b|6638
7095|6e3e30fbb10dd7d6797a4315ef52fd5d72cf89657fcb12f15e3f90c9c7e1ba52|25621
7096|7ea6472ba2a20a8142b547ed6b6cfae7e8cf1e93d43776cb8ad39a93c93e6a26|10202
7097|0f44ada1af4d3edf712faa071a49373fccc643eb8e1007815912b73b0db8a224|6332
7098|08b5450e419cd684f5c77d468bac38715d65228656d05c2b4dc76da7a698073c|8586
7099|b911b832fab0ddcd12ae4183378570772230e8c36e571202a6e9e633f7bdf902|2907
7100|155c36363a29f389530433ca196ac26160e05fc289860aaa2b6c7b04af429e11|6516
7101|3df9ab158ffb5f297ac7e85aeb7a41080f999b8c8e4e5e998c33d491a3794712|8789
7102|512a29ce6034f3614f90b3712e143d048d5d533c75649c94c379e82b3f154eb5|3590
7103|72d348eb1c99a7256e88ab8059edb8eab4d0a9740bd28278fcadd57a209c11aa|6449
7104|5491386196b776e31a6373afac2e61c467d0afb30efec74c4aa138f835b22153|15068
7105|257ce94dab603ad3445f8c9dd74e8810b0fe963b48a2e2e402fe56fc52eb020e|8921
7106|35d297c858645a18f8be3c5a9749907e501bd96e6fb046173697fd442bd21c7d|6965
7107|0c0bd146f6a4d9651cf112856314ba976b3e0ed7256416f6c8ecc8664f328443|5636
7108|f3603eaa5395f7b5546a880dfc6b7336668a3d049a52490885d68c620a760217|6612
7109|96cb7a4b4ea7487c32ef5a946be519a11ce8e058ede8a560409a4366aec3b476|11282
7110|ccd54618668e07e3240c620c57f0618fefc335b9108f34f7d1bbdc315526ee06|1320
7111|35bc3a49932e3ef8c2101a86d4f0de350c077512d24ee1901086c6cbe1562f8a|7018
7112|46c525e5bb2c2cf264639123a4b723b9a5ed88117252b8ef4c69784565c726f4|9343
7113|892049dc4d976d8c1d5b6a2934fe5124d8a781ce75aea904f6925ab369420eae|6183
7114|f57474b9663c4a2778022cad21b6296f205696e17d8ac6de6b38903060a9af20|7900
7115|77e8359b986f0eb212fe3ae53eb60edd6d78c9bfa8127fe7443c0fe1fc4afbab|5920
7116|3e321e6207cce5cc8a032282b656726f0730c972ebdc763add2f870634a0e98a|6550
7117|8ae023671d9e98dd39e4237ff92362e3b702af93896dd75776cfaaf43f52c9f9|5298
7118|7c3b4d2987c7a0ece0ffc6af037eb83a55a5525dc42ca7427ff4b4bed01c9e35|7681
7119|24367794a5ee8afff8df6d2cc5fd855427199aed03d941b19c9a4d15d244babb|3928
7120|fa89e7f69764c9eaa704a033e5207d47eeba52078eb7620745e8d6988f1f3c37|963
7121|3a377f754f36f22a82e3be781bc9f0706f36677f46993c256da47e8bc084e657|1651
7122|f1254145da25abc143bd79aedf2d98e06fb76fd52389e8070d421d35d97a61d9|10836
7123|76562f8792f6cf706ea91bd7ea739e319e5754229c57659d0deb33c1399898d9|16929
7124|e6ae686458e42c27517dea466de2e36a8ac69e7d926ceea93bb7e2c37869da07|14006
7125|7494e3e6ac06a1e335799cca4c72636d5c7c37931cdbfe303ebae6bcc2156fb7|9595
7126|fde5645e4e7bc470d9ea97bf337e96e8d6032c3d9a037cbced776de2116fed8b|5791
7127|82b779dbe3527a4dc46da38d088cf740d3ab8ecb4db76591ca129fa4516ec1fe|9083
7128|d9d0e6d7d9a9fb38d376afa0b85fdcf6220f1f7bf90683edfa0dcb193de6d629|611
7129|89e634f6e6e3ef2a1fc9d5f7dd0597ff82925c4dd886208ab7f2bcf89f6f81cc|9851
7130|c10941814c8f30d3bdaca4c8748ab3bbbcfb497d23fa4246973fd532ad90ad9d|10628
7131|bfcd9c47323deafa137eee4fbdc1f33f1b0d2bca43a3ee43e27b0166e1f702fb|4942
7132|da581d7ec66baf09431092fde996bc4a1da622ce6b592b6516aec8f5e4ba1401|8685
7133|9ec932b23a03e54d64f79df8a31fac16ecb246d19500ffc274b3c6b6504a2d11|6380
7134|b8b825bf1964cc896b2b492625ef89ec4e978fba480e9e2f49ad3253a045ec4a|15144
7135|f295158c94dc14089c5728e3311cf9aacb1cb6a23aef002c75e358e46e013e19|1350
7136|e33bcc53c336ec5faa3a5e0d34ab5d0c8777d83036aaf632ad3a9ea0085dfd68|21548
7137|a141978dd383ba1320da6dbded6f5e875f4f9d5d9fd5305ff6ff67284bced34b|6024
7138|a23eefff90ab3dfff669e428e81eadf7e5ffc377604f5d1557eabe50db11c652|4786
7139|33acdd1ccd70fb906e34d31411aa1010b67d5f084c1f65641408efd62868de1a|6918
7140|2c9d8bde2e7f986498d8e8c7898037e59b12d4cf009433c5d63b613d42fb972e|8240
7141|a6f5e78eced2667af19eada355889dd393165af086ef8df454381e4378f38c39|8528
7142|29cdff41d170f552eaa5de5783c255c87496f55c41dcd9fbfc33c4c9adfbaa89|9606
7143|f79aeb2752b448c5532f4e443e81716a0e30d83bb7935d8e3f372c945df8ea88|7063
7144|e3caed30ed8201e4d82bed084f58a18cab090162d4077467af6eec9437c3d298|4400
7145|bfe8d270e834ba81d16d7d06bcbbbe0022288074f14c86ce2d40193922afd23b|6704
7146|43dbf2a4f260737984a0e0cfd57e203004fb4aa6481c8a88b4c740004977a8b9|7970
7147|3bae5a0ab8805a236c4588b930d766e6c8e0197d1bbfb664849b993eb6e44b48|6483
7148|215fbc6f8324d97cd3ccdd27393e7218f8f26f605bdb27a0bec8e4a7ca2f152a|450
7149|faf4fe4a6b7696338e0a4c60d5481162da34c17d9e08c65d52fab2b1ecac64ca|5671
7150|598f459700e5c4c1e61423650f27cad29f172555cc7e9e1bffcb0b48421ab588|7233
7151|e313a2ce2a88939a6b5ffcf0014d828a8ffe38fe5c212a584ab316334cc5faea|4726
7152|ae71f19767531c6ce6635abd28317505cb03e256c562a9607ff1a707689e2fc1|9144
7153|a44a9ac1c1c8f3abb2ae288838a02769feb96928a79619ffddf25b25aca1c9e7|5929
7154|7b341dfcc1eeafa4ec33deb75327e22785fb08a1725ff1a29768a6fe912fed81|12913
7155|c6ccb6004f09f1351d2176eff5d2eb4ab3f49bc21b0d320b518d0867086d11d7|7637
7156|5194e817a586efd2c2862a5ea1874654bd1b0d2ac60269eea80625dd3bdb886b|4315
7157|2dac2d513cc7e192cd592116385b4cf7add551530a1be4a82e708147b82e3135|9813
7158|d85fb86857260316b3416c55ae007864f6e92927d01f41176d4f0a5b4034be39|8606
7159|03289fb5c4c657d5d26796116cf13bb92bfa043b6c2761f6de1361187d3ec511|8041
7160|04cf330c68778029c8a843c02cb7d660f173ae019bb9aa2997b80f0842a4172a|7055
7161|ea68e5843aef1222558cd51a4cdb30e6b7684d245286ac770f3726357152d769|8267
7162|8d379943eb17bfc36cc4895e5b180408a401a880f4b6f7b09bd31d69519b6e21|1369
7163|0b21593f216b155a2df13a4fc6229187dad1f916bebe043e770e06fc91463053|7318
7164|0acb69ca6fd8b3a2895672505d519a645c58b8c164d83d5cc2420367aad9f0b1|7285
7165|cf753a3d0445cb15066317000f14ca476682740bab4b887e114fe4fe61430504|372
7166|2e647a5b541f0e4f784b10948434351be4007c754995844f61c79189e9d71c24|9415
7167|1772a910d21ffe0db4a5c4b0269559c36a246bef946599a4b41fe0bd3ecc9c61|12210
7168|8bea5fcf1ec9683a7d8471d65088cc5dcea6f67c9bc88666b2e6920efca7f4ca|795
7169|179e9bb357725919138588bc37abdd9174b4e18326bab722021be004daa9e9a6|1871
7170|ef0b4fbd778b2abfc6d4b2bdc3fb2809900054543df6c43b01bd13dccfa8c219|3117
7171|3bfcf87646a9ebb380f1d5fc78c7f746892cc7ad2659fd7cd7e0e3537ee6eef6|6801
7172|a2cb69a9412ba42a26e72f1157d4ab1c5e5837b8f6820206cda100aac45dd3ab|4582
7173|34c40b920674437d9b75d6651a0ab46b8133c8f892f6ac4dedd0a9d05669de1b|12344
7174|f0fa52660f87ba11bc958ce25c95f9e626bafdd7b3bf3541ef878f5cc764360e|8088
7175|de4ec60bd1a480eb2514e23e8ba4674a4eed352736da3db14e271c6fb7d63866|2049
7176|6329178aa79b35de38f4abd298b8266ed44e68e7ecfb4dc311df9e7685b580ce|11684
7177|eecc50fa9471db03dcda3f2471a262a46f116db323a51c5938b79d88877d0952|10458
7178|4aa505c27da12002a2ee53aa59737d81c1156d4ea4e35d69b237b1e450785ff2|4845
7179|7eb299189bf66543e2678f018d44863979914b42a543939940280d4a7f73090f|7824
7180|0016da50b70926b8112bebb7633c5415fe32ecbe9d1981317620f162bd15124b|9859
7181|d4cf72018f907f6c49f9104bdda0811cf1fc339be2d921acbc38aa9682019968|7490
7182|1dcae10c0a122946954e0383ce374edb68acbb1f0d23020046b7db1ba1b5073d|1959
7183|be0e2a4fd406e5c741f699efc66b10c1aa7b951b4285f46f59071ab32dfef711|6907
7184|100d456b837c86419c0ba2b614d69bb20808fb8205f9bf674b72ee92969aac8e|7164
7185|850f167e11f0bb23533099adeb3f183cdbeaaa12bc86a8b74b40e52d5a69e972|4581
7186|90d4f98294bfd659a427921229070b95c6b074ea92bd5a3c2f3c95ff421fb419|6591
7187|3458799861febaa99189b3f01b553249e1f1141e8fbe53d2e3eecfa22902dd1e|9180
7188|e21b1b631d3ff1ee9a29b84a492d60df8920ba9d5da4f5590b5884a8000ab4cf|2270
7189|285b253f251337fbfe56be3f98bfd0e2bd199c7d163dec215929d0d5a80c0e2e|4965
7190|19e4797164a3f90c26072e3eff86be70a3b3afaf9df374a876992b1482d132a3|7928
7191|d6eb2c47a400368b223194f580303121e79c83b49414afd756e4117be15e1b6f|15443
7192|b109dcd8e617324336e7df25c86b3b12b913b840f710aa4088ad0667ada0a461|4809
7193|15e64c4e0096714f521c5a8c88320ead719783b2cd436954ade63fa986ffc3ab|10550
7194|178319a6588ea516fb85548fa83f704903ea113ed6f906ec92ea513a51d5ac74|7397
7195|97ec8a9a062ed1c081dd8bcbdf6c0734fbd5c5eb936d596113ed108cc989292e|8935
7196|4b37b2b4a5585baf09269b8d42a24b34f613805fc7e1b39266aca422d27ca9ec|3776
7197|06a3eb4654a945843a45991d43e89f4fb9d2cca681e1e8346c7c59ae00232896|9887
7198|f19db0040bd8b159a9a457b45f164c94f6986ec0a0b3c4393e93b10dae9d1e6c|8958
7199|c1f83e10cbd967608c58d0b4ce6405f25108107d4f7cf6faf0742f97e28a01e8|3563
7200|f5d1e27a9c193d2cc6207abeca6ab3f12ab30242ae9dcb0908bd67cc5f7b18f3|7308
7201|c3e7b8b65140b6561b20822b917c7d2294ac47ef17becc1b844d997e5b1655c9|16076
7202|f4f84e1a0c7b6dc86ab39e15aea765ba5aaad999baeea30ac1a3988b4f0952b0|16213
7203|039ea6f8142ffef0362ec6e429c555cb4808f8bbd644ef453bde147b0f75f686|8851
7204|513b611b6cb30e31a1e075aee3790dc91c9e88a561a6724d94ba7b078fa2af29|7990
7205|691ecc2b5619e8507f754e9ef93a0f8335232b0f382c9b31d7d1f30cc9c546d3|17326
7206|4abd24c6e0faf7e7a3865880ed935040f7d9996f92c656071186ea7d74f4166f|8017
7207|62b884d5ed54a213f654564ad7ad5e78f26ef5d750ad64090b8b8739c0f5e53b|13873
7208|675b46af345e239349fd7c1f792d43e1d1677a66e52405c33bb0765d5680158d|13309
7209|e410a537bb49c8f77e0c7fa99a182b0fc2038667f4fd3baac7ab029b9553b2c4|9121
7210|63c0c2fa84b18915f82d7e266fc9902b2aeaf913d571f1d5a463bd8c15b421c3|15069
7211|02c6bb64445609ad4c48682a5646287630e37bc03906a913340b3c0e5f89e690|3461
7212|9b8a41e608654046f4f80efdc18b633c5bdf9deb3e41b7f47518b1f47b9a733b|9233
7213|d4619b26eb7c051c909c34319720f8c0ffd1048c1b5a5872bd15841483dcf202|7470
7214|d3bf1e3c3e8f41ee2ec0dc2707f6833a47af1880cdc21696ed7d89afa0f4d6b7|9676
7215|ad2df23695b2e3fc21d30118b0c0b1d481fd4a36feab0a95db700d7a566426fe|11586
7216|cca0371b749bf94eb8f671efc0483bce4d97f9b15b66b216c5e9f1c0428a7914|9706
7217|54be0d2532bae322d1f625c46cfa81328f6debc526f24f9588c01148c07e5f8d|7365
7218|42ac6c729f121330c99d349b4d41fa9d50399a33e55751e938c2b9b1327c5b8e|10094
7219|5a56fbe7a1b780376b9ec5c92c37ec93f1230275d56dd35e89ab473ffc1897f6|14398
7220|c0ce3ca6820cbe84d938e0bb83bf0df127e87fbce150b6edb1a36121a8c4ad89|6518
7221|55119a625015bbdce0e44514787491901f707b55f0095e7c8148e020a254c01a|7052
7222|0fb098d490cc46af5295c1478e95a6928eee10ad90c754a8440abf8330feb367|9070
7223|75de795fa21d0486c06a874d4ecc5b255c2dd01f311e419108b2fdf6c531c05e|5616
7224|ec9fe477bd0242a8d7e9c034f2c61ec712888e93bdbe36f2fb232a07657c6076|5088
7225|4d85ae5f6b725588fc87e802cb7208010e00dda2d6843e14721eed2b188767c1|13929
7226|a1f75827b2eb5f1391402952d2b633ea4f102906832c89ed1bc24626d7d8126a|6058
7227|ee762c6c412ae811ed85717e115fb511839146ec4c8fa5ce9b2abb86fa2a7171|8220
7228|800824ce91a7416c04a4cdcba5bb6598348ba5cbd82ddcf97a8625418c7694cd|12402
7229|d99f785f06d432e436c785e52543f614f12414a27aea54948a7d3841dd21e14e|11337
7230|5527f3efc7eb1a36695b1fc94c24a0426845038356651568a065cbd0c6d5848d|9224
7231|ed41565392bfbfb7aac67ca2e7e28cdd559d8639eedb5d459af5e98a8297fda6|17363
7232|1f10b46116a677b251a526587e286b32fc032ed9136d8cb38646123fb16b05b4|3393
7233|534e051c42a501f694de91c4afa5df24deea2f6070f6f2e542050ce3bd4dbbf8|5594
7234|c721a1cc79b508e28f200ef26662da1998c962f2aaaec86480caa1d1aad3e31b|8706
7235|a7202ca4f340d14d17552db43d868eff650e723f3f115be9fa3a79b7f059025e|7788
7236|e7a5006b1f3aabed49aec05f884df387fc93bdc184345b4bcb091f4adbdca29c|6092
7237|73ead32f8b3e6de48743a167bb006fe2b02cd762f0cae6e6a6d14c4e5239299c|13247
7238|06b9fd032d96521085a556ab6c92a663e5718d7a5c213a249c9499bc1548afe3|6679
7239|4467242bf8b92548eea557bbfdacc1db31bb362ea38aa4ce2908fa6b4b4ad5b5|5870
7240|d293a8770c1915e9ce27bfd16d7da8477682a48c9f13efa58bffbbbe027280bb|8361
7241|d3eec235450cc1d8aeb7529aacd6050d159b1148795536f58d0ae1328061ea74|1936
7242|1c7e08d7a970bb086e454712f8f739026cc8ecd907dd011328e35812c8867064|12736
7243|14b40dc0735f406760e1a781b94c5d02dc9805990b3874e8bc0a2fe332c167b4|19491
7244|2e94ef2681444a6fe3244fd828cc681a05e446799a8d7fb92e91a6000d7a74dc|5985
7245|fa8d7890f62b2dffb87b57d9f6747d5581c703210f885ee0e447fd02c55cc1db|16302
7246|4fcf208e572507be4ef6e11b9a4e9c233a5110ba89ca720d02825ebb03ca5327|9477
7247|bb5e564d46cf27a9d6cdb8430a0b47826b65ee0bb0b8eb61197ff69d9f041f44|8359
7248|ef0eb8586d33f8d200da1cf2630bf64de5631e30e17c13e06e7aaf04baf07f01|7429
7249|a6703f3ce98af41635115a34efba377a87e6fa11e2d9c549c03a4e6271035c8b|8348
7250|a7f33465dd19d08ca6d7cf07728d61b062b86edf3c2989e2b7becff829891b8f|9942
7251|89ebff86eb2c471524bdbf35e3effc42f5b721bcf51a06ade105d00722fae94a|17890
7252|7f8c9c70c3bd2efda5900d39596fbe2085bd2e443e5de8c93baf477c5c94b3bb|12658
7253|788091777b2a1261afd0d13e5e93e2a3875a81bf4c493b372c1c8076c4a61e9d|7870
7254|1f8696967180f2fd027f94e2fed5be57a023bfda65428448ec61b4b21a26f414|21013
7255|32425d6f6e1d79843e01dd49f487ca078ad3fba0e7219ed2d4ce7fc3565c4710|10215
7256|4f1a9048ebfa499ce4962534cdcd79496622e68318872f446efeea548ee05150|1118
7257|b6369ec60f41247b6f638fc6246b3d8e99eea3d5b26fb714f1340d7081f92f02|6367
7258|877b29eff3797f0ee51d5906186d7040b803c07b6d48e5da10d5550951792c06|5253
7259|0765e890483697a6c377e8f7c63f4dac4eff4b6cb8e95a2ee25c91d3a2641c51|14053
7260|50c684be43b2ba8ddcfbe97a1230d705b004f0fbbaa79bff665c6a2fb809e6de|10550
7261|6e616032cf6e4195f541185046279128081f455c841f63e2efd1c07577b83a18|11366
7262|38205eed386f42e168eea154be8a4fdd49cb1505bb14bed5c0853e0c26d9d482|11631
7263|dbf4b6af35d67160409a5c44584875fc73ceaed02cb4fc5ec46fea2cc2bab4e4|8162
7264|5e9670d18f94f4f738bb011f26dbc69702d4794c6c4a16c0d88f3a74bde9e79c|7500
7265|b1cbeb1d0f3f2c3e49115dfb2f553efd20f0a2feec66a36a8f4f978bd94e9afb|12374
7266|d56d889ac081643afdc95da0390551e6ed1b0228d0660b535d01ca8680e6ec02|3684
7267|7c83f08696b4638bd7b58c27b1f53c556ae6f31bfa848b2d24dda42e77d389e1|9749
7268|5ce55b513f6e0b850d2bb15a3132e272343f20e77938a16ee91d408f0da09611|8092
7269|a7da35900fddd1d2421fb06fc18add5244f589acfd6db90dd1a65c8aff8f5e92|8295
7270|cb50e1aacd45c609a23bdfd73c6158238445ec63cb4b18b73914ca6d65e77820|501
7271|a07b131da996c3eab58bd624202152b9491ce91570d13bc84769a87c8c0669af|498
7272|466c9a7fe044d42cfdb476beb193588ee54931e2eec18e08a1d33c16f30978ac|1106
7273|dd559e01f9ab2acd8396c287e538e1095d302bf2199358c0b354a07f1021c174|343
7274|508048c25bea335989427303ce0ebeeaf0bcec2ed383c49b38fb4a36e24b17d0|248
7275|377223858e0bbbda51d86254a83748037b2a80dd3518057724abcc66d2e2799e|140
7276|68787f9d68b033218d61d3674d47418e998b41310af12bca2d0ecabac6b0866a|225
7277|92a7e1e015a5fb777fa22e6c36c424f4bf9d16084755c858bac618f767217862|502
7278|463d50141204e6a717e78dd6969ce1c240fa1da3bed714e9cc7eecc9d1246f4e|822
7279|5ec3430f57910639f77fe8c41fdf28d027b13c1b41a0d8af4f439c14ed6ff013|503
7280|e3ffa7df751064f44d494609fc19069799c5ae3327d5691a18ec181236206c9f|679
7281|652a19af8b6dc28cb2979e4ac4b9f6f5b48d27bde9d903a5fff4577a98e24110|329
7282|89549e513f9e51ec3696fe8655bd3a40303a232b7fcd4bb0ffc666363921d749|817
7283|6d87b81565ad24c0619ac4f95c518ee3261e5ce68738f5e6912d38d61a775fe7|444
7284|82d4b966c709cc35e2a3915deacb078edf52e0c5a0495b36b365efc17e591059|618
7285|6c6921649fe44a5452cfd7fb00c4640fde20997a96f5a3695c0a1f154e85b5b3|348
7286|eb37394fec97c8d5dcea1695102d89368d1c1fdaac240c2ccb5669ce9506f53d|400
7287|187252067d1d4ab3b8750a9fc66c5c6a3ecb0466118672a4f0fb237287e9b4f3|360
7288|664bba7f430980c56003cfb0037fdb0a9caee15ce639f14673ab06b67eed7625|261
7289|7eb849fc09b2629578fc0c1400f998671b64caab457e7ccb1530d724d9a8db2d|619
7290|54402370c9b54cecf9b90e6569c94cea5b3a8e42283b02aae5cce2e73ebd23fb|130
7291|d83824a4b0291636cbbb50de9229b576c0a6adb55444f5873eae77ccb46388b3|408
7292|877a459681a8397737d0388a3f2a244f6a8b6f7ce9e3a65c811e041e21e510ba|446
7293|a0a0d89a8f0249309c541745c120545945878e2b14835c7decd56ddd0fa8f9e2|349
7294|79386ab8e07acf6ee8bf0b4671a15655440dafdb0fa5c59ab8bf06d7efbaf0ee|614
7295|5b203197a362707562b619222b656e556c29523e358b3e63e8164f959ea97269|16
7296|0d2827cec610cab91659bdd0f95ea7370b9564e52f3f509ba70b55eca241afc1|315
7297|779bb1e3e21b96801e6fcfd15bab36c707e0285f40f709e9d57c532b7c567f2b|348
7298|91c28c57415055a5523d283349950256e17651c8443dd0ff44e2d73dfb34aa56|141
7299|279909e81b7bb520cc7ba215d50481b4685e444ad66f47e8fe6b2d5e93ad1f34|1202
7300|de117db6b67503331b9dc4d673daf31b2c5748b62df4668bcce9217351b581f8|1278
7301|ca98333b797792a24d00f46d1a69fe8993c97b17dce193d98ee6b6c173b3bc74|229
7302|ac917538d34636db03eaefe842cde5f0275ea587997789d4f8b2b80d3c409a55|586
7303|ff54b0c5b94b289fa39fecf13792f34dcf84fe831ffaa2a17002d51115d77870|91
7304|8b9bb4144da5018ed4bb22898e2d6a0bdaa3c72b36d4a1a9b6b0d422506c57e8|65
7305|2fc94d78f53e9e7c43f636d6370328a7cca5897f14dd93a2422c549b97afa739|513
7306|3ac4685e28c44092893509d52527da453332ecdc3447466167be26b53bad7638|215
7307|499d9f2adea3a393620447c8034265e09a2949de6bdcf4ffae1983a0275999fe|342
7308|c459f750eb11af90a825ba2d26c4db9fbab8935425b843131c07e5e91dbfbff0|9020
7309|0d776e3d96ddac7f54d0daad4379c2562a8cc5d619ea9d087fbbc73d9cb63df7|702
7310|366cafa33eb031e56fa54e74d983de7141b9104be966959975747cb6f277a8a9|1231
7311|e43894956acdad236752c006eb5d23cd5fe1b136e46c194ffac0a78730ea458a|358
7312|c41c3233fba03d747750f1ebefc93b0b7573937a772d01edf593e01fcc49e24e|68
7313|2f7e8fa1eafc28681a9f63c21a94c104a8191159aab780dd019fa37a7358553b|529
7314|61ebd7a995f538bec66c884fd43669fffd140f53d6de390afb20310cc43c250d|513
7315|272f7e3c69f68e3ff0b25cec269e5659ce9648b18b64db36488c60f485ae4f6f|172
7316|678a05e3d57d7aea8d31d5d41b494e7d4b36ab08feca5462b3e175e7ca207ea9|275
7317|9eb62ada7fc45e6844f935ffe5d36f2a275cafbb4b9e58878d13153701cf5ccc|249
7318|68b78cdf426ea30263d0291e3e695909a72ea66c98f63f3f0f4edb57b31b0f41|707
7319|5ecd2c29a4a2dd2f6d3dc0dc0779dcee71e411d5e91162ea4ecdf7e38e25ae71|37
7320|4a64c02ea57d14b0edff31e6eac18745e62f1904c9946c44ae89e4847896e6d8|671
7321|fd350b3cecc7bc1244a8418b708354250edca454af6a113e33696a7f18b007e4|389
7322|398e778b85173946c5e5b054303dbc2134c81bb01f2f70449a04f53a58525012|444
7323|fee4ad79d7eff4c2951be4718dcd8c66d7a90711fc5897190c8393e2db453529|627
7324|027f4fc71236e53a8ce1cf66f1e6de91ef85e12951474570037dcc3bd8b2c18f|402
7325|2f8186f08320816baf8d95c7cfa2189c1f50cedcc93e60e5cde4f8694aad9afa|774
7326|21047e5ea779f42b9517369d8af93432da118a15a1fcf3c1bab3baaba591a473|291
7327|cef16b540be59f9d642cb70194f79d178797c8a39a9b3617f496ee09fa09a128|699
7328|9a440f39a183f68943f5965a189b9bc550b04696c3bee9c6d559c80f92ea7517|189
7329|f679f315295d50a4fe5b6e5a6c551343594c067d3921d1e04c1ee792dd9f94f2|237
7330|a162439ca629cc30698e99ba2b6d64d8ed9b7acc4c933ba90bad66c5479dc02d|617
7331|8194256da7ef51e7c8110bd1b2f8b56c9b5296d76003a9e0e12fb12530e44200|703
7332|473b377d04c1f1d090ba04a7c45c54b6d60fd939acd7699df0f09adfc9fb7c90|529
7333|b7873ae703fdd7cf125e32ca081b2e6cdd978bf6f453850ff09171442480453f|293
7334|62160056bc704b76df5904a3acc2e032ded5784b7c2bf779003346a60e16090b|385
7335|53e574f8e85aa2848c03ee6d01c9869ce57f65330e4113e6be0cb7a889bb5ff6|451
7336|ca93a669eab6d442d9b02bc89e8e19f549a0851a996d8b9496827ea8500261d5|361
7337|ebb26a005162972f363f1e0191e6b231e7a4f0cc6a5fad3482ef2e6356af3082|649
7338|b3ab6bf1a7cc6e0bb1ed235188ccd5ce52e85110cd17998b7b52a39e5a87c3aa|339
7339|f9df2423183665a7a07a69639e0fc58ef0431d4e32b2376beaedb424c2d35d4b|831
7340|b6bc2297f1998dcece1cf06014cd53371daf359d9b0584c0c5d44e20c3a1aa11|115
7341|cbfa4f43be308df9e5426f91ece5c987073341f4ab741a45bc82a10964627dab|431
7342|aa79e05d3f61a36d76c7389de232c123b0f0ca1324f375a8cc1304ae2477032b|125
7343|61840c7a51230c2ad15104a511b95af567e4b69a485f1cecc836581f4ee02c2e|709
7344|3944bed928565db3f6abe60d96fe119a425509672a5a881347ffd1d72f999a1a|378
7345|febd45679eb78a36a50c6572ba636fb3d1f83e16bfaccb8014f62135f7208a97|704
7346|312e0b474602143a21dfdc911f53f54038a6aaa44534cd41638d01d2c2f479bf|174
7347|eee9393c690249546d9dd84b6020f17f65360fb342f983730349adf2ad574df5|749
7348|e01360627de4a0d71ac9aa12078d98d043ad65fa67d5482559ad928c9c0ecc65|210
7349|79057959e5f904ee543b1ceca5cbc3921ac438ab5f191201c916e8cb9a42c9b9|160
7350|c32d8786b3123f8f403ba8db4c3808ee693e5bca39935d2362aa5bf5819996db|428
7351|960c1bc9eb1406fef61114c33a7a87e8d58c5bb51cfe820e66616e57dd2c67ac|1086
7352|ec6207c4903491e23c04ceaafa8e9ee6535924f5345de5a478d61ff919619fcf|887
7353|f65ca57afcdd233f2ca037cf71e1503a63dd9960b9ded40013a20ace99aa030a|83
7354|cd87e1aa6807e60ce64006e94c4d2005036f89ed0a9f9bc6e1762bb1986c2c66|277
7355|369b2ee305fd6c5f9d976f7ecbddce82eb692fac12eec3bbbdca13866fa0b50f|27
7356|1c2c57d40c678d1b855540f5e1e33d378b30230a1704386d86145aaca9d9b74e|889
7357|5a423cf067cf14800c031ca84edb0515d517ba10ca3d6739d246b5f92db55065|404
7358|063e1eb974cd238a94171c09d21934e3392f7ce69adfd9f5acfb1644325427af|81
7359|e0a5e9845d5ecc21d9cbf78d200baac07a7eda610984f3403a6418fee273f3d9|296
7360|fafb86f468660697c99495cc98c3c213c45a00178189cb18f4123bf6c7b5b6cc|837
7361|d5451ca636d62a58ea88ae93208d694ea8581a15f8084325d655cf2d030f5df1|627
7362|1179e7058792648e3bb872d6dd961725bb4e6e9b8d61708927caaf4f7df16d3b|1003
7363|7bb8cc0511a472e7ad844bb3f6c3d8a8688a7a4eb12074f481e62e03e264154c|442
7364|239198996a6071ac454a4e60d2af65436a99ae188b81bb98936623730fa46287|373
7365|9973bee2d08c153c837083520458b4cceb6f23165308211506f41653127e7466|877
7366|20d2d825b5b773ead1f3e03b1cdd8ebf286e8b34874b3e177fda2f66e51a5a86|506
7367|44898c68c0003401eead1e08ae9df607986645b1be8e88736214a02d12ffdc72|1580
7368|418284224a06cd6151e1413478aa739662db3fa7cf90314668719629f077459c|62
7369|25527de2ebe00f7f8f211fa187c9b04a8e2b25e42a34aaf8451d2799435d47ca|177
7370|1cc241f0266744fb4b6ce5f4f68468544bb09e200073450504a9172e55e8e1e4|398
7371|e61b3f54b0d64fd00a6116a6e73bd8c9499a8970984ca6a570be26bf33e4cca9|880
7372|b17c1d29f1d23b91cf81ee99963732cd578c59c492eee83bd8acf21ac7c608d8|767
7373|594e5abed9d78abac739208d41ed644ff93cb7044e1c88ae3d684446b65dcd73|688
7374|458ca0badc21a21fbe8e09ace88bd90b6e600572f8a441a61c0389531d9772e1|415
7375|d91de0413a8491415920d0ad1dac9df3e2aac69e6d00f79d1c09b415d471330a|799
7376|0eb8e318a898246d3af43158a605ce1cadd38017aecaf9a679a3eefff76222c4|748
7377|39577e3a975f6a3d7626830d197a1d7681341e06a7b7495383f75774201bcb46|690
7378|d9a12858f17b3793db3b46a8b60f48ea8e3ac12ad7050356c4176ba436c68081|987
7379|9d0b8fece01f75c167fc84316edc5d0fa33408cc4c75289fcfc83017c84bbf0d|510
7380|2dfac8bc73f2ed017f08e5c6082b79e2b302b4aaf21358c7e468b81bdfaf8b02|1445
7381|87e5e14c4fc9eac979bb0c6f13b6f209670af38fe79eb9dcc914a57120dade36|339
7382|0315e788f40bceac492b8b4c168ded4127af3480f1d87d26544143942a562888|772
7383|d8054c11be56f417cee39bfc730da10fba16a0af014363854dad244eec606b20|236
7384|9055593cfb35aea1e68c4f2c2a3689e4030c8b862d63ab0e215280b4ea36f7fd|404
7385|8044511fc310e4b526ec924d2934b9434f02b7c502fbe310ffefae00469b77a3|134
7386|71b95614c34ea56e0e179c31a22f2398dff9e0aadd5d216a53315be3752adc06|315
7387|816d68cca1a09aad189e101f8d36d5531864077b988e963a80415a1cab58f69e|396
7388|e5d3467af6d24a6aad08df92fcbf9178b16a7ac5cae7fcfcd52703ec0cab9b35|1720
7389|bfd0d3170257f762edece5ef41d7d2d38152b6011ca3fbcc74667f5c575f4341|343
7390|91de90faf259d9999d6a38d22b8842f235806dcceb8fa4b77e269f7d5e6b1779|11
7391|85d53f18925155f6b6497614fb2c46496a019808ce16e4871ea091d0016d5a97|668
7392|cc5c253867aebb82ea90cf2f2f69c0676ece069741720cde04fcb017782217a2|800
7393|45f21e86e7e48b961023adec0227205288fbf26d6006b5f8eb5889675e0db2aa|99
7394|0aea08093297a9499b31392b8502100ed9b0efbddb46f46b38a838a912fd74f3|56
7395|eee4dfdd4f6ece3b02b8ef92f2b26255d417bc855f030733ed48d0b9257401aa|465
7396|aa85d6ca2ca796f1217e826650947892ed4e9dc532a2e725c0e9cc33a23eb699|778
7397|b5dcb65b046b7a7b9b2a9bbc257070ff36e7ca52d0fe6b4a31803b7ca2e7b8b8|143
7398|cbc5e3be2be261a0351daff0f06a4cf2b7b3b55495d850a6d3da7d5256b760d7|974
7399|54793680373ccc1a2ec8c775d6d6c02a162a1eb85e1fbb4f277c249cba0dd9a8|355
7400|441a32f113d08acc88bda1473fad463dda3a794dfcfbccdb7b8590bf18af126b|1132
7401|ede94a2fc9f76d61806c8ae012f30fb89f3f3f7e470ce9eff8f0f3e44a6aff93|503
7402|c12cbcb7036ff7b70cec70f0195d60b9069fc854c1a0b7b0dca2b167bc3467f6|954
7403|bcbddc3a3352f35f3634659a4284116d0dd18f40173851f5945f651c0f037578|797
7404|40ce2e33dc1290bcc4071efb81d9d70d691ad6d5c007fff6f1ad018af1591a05|534
7405|f96174a26f72cb0c621b192b5ead8cdce8ee78ec0f51228dc5eb58a36304b03a|744
7406|6a2ad7d678e585a94376a67675ded5c65095cad35540361b1b97fc1da211b80f|770
7407|f76a9208521bc0133622eb12bf9e1a90795354d27791999a0ba44b2626636913|505
7408|fb307df4509f8876b4bce99f9e0996d29ff3d20ec659392ebd6dbb285ea1d6da|729
7409|4db8cbab504e0357b2414d9bcb0d4db842a6dde359e0ff0b0dd13cba37f272a7|225
7410|1bc856b75f26b4eb234f23411f87948232dc7cc4f569c9d9d490b46e2899109f|89
7411|d3c0a3c62d4a6be445a48d892f482c9dde01bf231632c4d061ee574d3fba33cb|334
7412|857169b58692e997cdd0e5f8a9c1e6b979f176cdae7c78f9162952a979f842a0|125
7413|2252646a800c1e20faba0f09a2f121a36840187fc533696565f15e0366744fda|95
7414|115ec848f3872fd2fd5f195dc8c406bf5441218e8e9009505d7cc5136b4b252a|139
7415|3ab052dd140c3cf88fc11c72abb8ed75498174b5729e7a979a7394c93700dbbf|304
7416|1c0a5dbb08ee2c362897a3f9bfead6b2a49227f7af11499f7cc9b0d5351956fa|8
7417|13cf57c213ea83598042af42cf1bcf3d7f62cb312564e1a4ada1bafc69879015|348
7418|72a1e499e87629225d778ff5a63a6d4c81269d7ae1aee703a47a6719807df57d|456
7419|3f9cf6c978ba835c04794a3bb06cfc11f5418b268cb2f8cbd55e9e18304fbd7d|459
7420|4f17d6fabca9977854fd7ca581032b62ef90df839ec63e2fd9f41722aa533137|538
7421|fc16181b5ceeedb462e6d9451ceff52351280fc39b493b3f4b5e3a75e134a59a|301
7422|ede5e78296465eaa43c821993c08f5c6a4172c72672900965f031693e3a86cea|945
7423|34277714c2d77a0e55e912d56bcba0f3a12566159e5d82d32c412486b5b763a4|571
7424|1ada499e22c5811b5f238ee7e830250fb2ff3ad56fbdde3d8885d6160fe24fbf|378
7425|f35ee005ce8de4ed25927d58094a3161145bc33b926463dbcddb851b6a383a02|339
7426|a260604416cbeacca37a7a0efc9c172433b89df61ff3cb8818a2206c6bcd19c4|234
7427|718987e54c7300e3830c56e2e7e8c374fbcf66a16491c9f8cd6a0dad635d8205|9071
7428|3ea7a95e30efac9497bcef3d4c1eaf258bbfe8716250610b8e53eb8b923dd8fc|208
7429|1589185be802469cf22b1ac6df29a40ab8d3598b9a105e3ba79954c598c88db5|96
7430|722fe5585afcdb2b4e59f0ee544411972ca45cf902fcc413f910a5ba45725566|446
7431|6f46e4fe73a79e900466ef68249d3d6723fb1028b796dae7d85fe53d8bf71dc8|18
7432|9d5d8c41fb7ee0846f488e5cbc02e25432ffbfeb005cef42c94b54591bef3403|1421
7433|8716f450c233fc14c05c0b71271e9aaab3765964c565acad031bbd8c0306cab7|1454
7434|3fedeb7ff16068ca842d9109480488c2256aab430a194b57c8f096a459478eab|2460
7435|93294ca2142d1272a88c95f36d6e758aaba2cad5853872bb45d28b7e92bf9782|376
7436|db2ec55f2a1fa42c0cd5ce693e9cc204d7b32edfaef88a5d092922034e441fa2|505
7437|b0840f8e5523b1d09688252e5efe6db4c846814ec235bd21d2705b3c2e009784|153
7438|9d1059baca20a87877bdd112c63d417da4f937d6d51768fca16a2765febd9ef0|189
7439|21386f2520fe0cb88f87e66c38e80e982e1339bde9763e2bf5ad45ba464ba49a|780
7440|034a67e850487aa33746de55634482cd31a5af56f4e1a01f6721fc49c26f54f4|398
7441|cbeb53b12aceb3962bcc6b82ce9796cfc796a4326a310f2d1c64a15c96c6aeb3|95
7442|b845552793c61ee3113176ec622081cabf3755f5f28ab76451d334f63e7f1cce|376
7443|a05fcaa3f0285f11c42881fac5e0acf7232f7af09323b10e2b3abe75570c52ee|257
7444|2fc613a0fb1898728488c6f8bfaf4298b5958e10146b35c5f36059cf02078b1a|618
7445|21aa214df794a611e47ff94e7d861588520f049ee501de84cd5f3990d85c89e8|782
7446|bfaa668044a5bb70a50e2028bfb8a61a18bcfd2f74195186353f71294fbc62eb|394
7447|025e18358a171b2de98a6bc4249d69e394ef40a99f137243cf81139cec21236e|698
7448|2cba962a3a3b25452297bc39cf8ec3b71f67a8aa72a7026f51a4a53bcccf4e2b|139
7449|8ee512090ef67d060f1da997fa48aa4ac35c22fb98274f21a83e727536d71ddb|68
7450|e39f2158ed43d7186ddf8b2289b37a86961c9124dc493a98395bffd34c8c5c17|846
7451|bd61fb45ed091505f876c89d4635ec901c285759613ebcabe17a820574a8dfc1|641
7452|873af15969da51c80fd63bb59150f3d8b4eb3fcdf96a3c5ac7401be23974d14a|892
7453|ffba159d8c6a20f498e9ad5aeba80d3515530e339f3211cc72f1d8c7ff8d75ef|195
7454|2148870fe9cf349700239d88870dad37af82cd45fc673cf6a90c122f11d240cb|19
7455|2bb5b2b78ec8bbe33d901777c99952ad6abba849143b4f1fcca132eed0e9c7c4|142
7456|1b9696d9266f43d7cfaf3cbdc3f7546649e19a46b24f132d859810ec3ed5c0c7|75
7457|aab7118ee9a989d1425caa3e7d36d352920f4dbc05966ff35ae031812aa23f74|718
7458|1042fad80498d4e41c4f3691f999cdd5216c9707741e0d6d1d6dfb4e6bd6daed|330
7459|723af7618d4cfe8d44f04ef8d1852060aff0089b895297fe72242c5674fb3a5e|562
7460|f7c05d261c283b40b8ca1f2a5813d3b3620004fce7827008483eec80910fda28|475
7461|140de1e3ab733367da12b2143484099b27d656ab7fa7d988c2322da8974c5553|423
7462|df08db223851d7b3fbea9c94998714f1106a843e13ea0d0f36f89676ff66ef32|369
7463|06a5a136232b9eca7afb351ccbcfc96e527d4e60fcf5c0b824da57c77e1bc6cb|505
7464|4d7975fd65ee79332a6da7479238675b0c53b1cfdc298d1124a41e020fbf95b6|205
7465|1747ff288ae22e6e971642dc89149232b5dc2fbd1b8d8f3d0e5a503a4bb3e3a4|523
7466|545e620b61ad4590817813423f629504f8807868378c46f5ff8c9230ed9663b6|205
7467|a5f4e142a605893c1b0fa0e1041a48fa3ae8c10a5c0178ce5dee2e091af86a85|186
7468|fcc02f5e3d5976aa354992e0ee2e4c783dd82bfe87b5b934fcc7d31086852aac|663
7469|5fe72507868bc4d72d625fc95241eb678949d56a6639edc93d5447e2bd6f4e1f|409
7470|988fc8e0562cb9b4b7dc9272aa4b3bb3513c7166b52e925f2569b3176ca3c985|287
7471|558e210a8d78b1bd8287eaf093eecfac9a558f7406d64c6552548f949b3206a1|829
7472|0cb7341ce1a468b6b4cc55844ae5f9cc0a054b3e6e0d6b9b38097f5689eba93e|196
7473|b6f16984c2b46d841d3e990c5d908b4f7b49ae5a06c3b66f4ba5d23af17d9876|469
7474|89d928b42b39f88905a4f472d1e010cb7bfc100e6bed0bc7e22e26c504e7ade0|76
7475|add5629288f4a132c91f57aa12f91023b5916a894650f2359807e21b98e82eaa|200
7476|2249faa61de4c75461270080fe8fec08c6edd41d405cf542e29d18a24452fd62|631
7477|0a47cd6638b10f33e9ea4903efa58876ae396cf937fd741c4342f567fdfca163|529
7478|df5141d5ac5506302ede82f4cef4938cb053246de52140bdeab2968515e23316|53
7479|319ead34dc894827615e2b50b5f9b2258f78b9232e53e5d0300d7966fefe174b|241
7480|454723cd82a42fdad27091ab2c8649386a7e09a540dbba8f5c7546f1eab2576e|785
7481|908b28efb66443c05dfe32449feea68e59862bb894c613d5e2204718cd97e977|257
7482|594a253506abc0671da00510e549d57b6544d7024e97f17047a16fecd6a4ab5c|266
7483|059709742bec9150b5f11a4bc24b3db6f4cbe5a93f2787a463b616a9538b88da|842
7484|eaa8819e69041b86da7f893925b77cc698ea7433b50041377a72892ba46b4d62|839
7485|adf222a21852318ef58f92dbf28234250ae98aefc22c89ab2fe35b0ab3c88a1e|607
7486|b7435ec5c0801788e5dae6be909c81fed6c235979b7c3cc5b1e7d95c3f46f91e|391
7487|cbf3a1f6a2a69652544d614b1b94307bb9aa7ac44df781b6bb4ee1d172948bf0|1063
7488|21fa0e074121f5ddf9d50ada974eda36a0c55bb2273cf4e587bfcce4b5f71890|72
7489|d9b773a96a070fff554f672facb3da0db8379e5510a20520f594c30077c553bc|755
7490|441511899d7b438db6fd5551b58332b59e4e57c9ce8a00521a26a668eaeb2916|888
7491|14aaafcdad804f2eedcac17d029ee272cead1b14fc2fa254a1f00cf360e5efa8|963
7492|449b64fe8999faa6e4d9bad754a487a49a0a5e08eefc5fc3fe13904c084fefe2|78
7493|53939aa14aed1c3e6bbdff44e8dd775a22dafc1dcef4fa2cbff0322b8f2afcb6|136
7494|b6d952b2377403e8db9e3b961ea699b84963428a418c66008cdea77ff922aeb4|712
7495|94ad5261b6ebfd215d4d70e8a0a33ef8eac3ba0d9e97901ac379220785f74b36|186
7496|dd497a4d93eb5177c68855713c68bb8e4aba647c4f5eaaf064484aaedf412623|266
7497|5f9eb9b85fa8f13509449e0f73636d98df58f6587a9bc56fe18a3bc060078db8|317
7498|b4ae5baeb7c4474bc5c5bbd7c5de0d71ee9db4494c0b6cd2213c804e06847ec1|602
7499|30d50530cce6ae30e5d995899bc114524a333e191b876ad793f1f176e730a8a1|734
7500|968abcf6292f937d415e807541f044e4189e48fb70f764ad4464f80f865a73dd|213
7501|e222cc22e47a8cc044268821fca2d901c72beb537e188fa00fb0de82312b1477|1109
7502|ff3b5e4de2af8bca02d0a8ead2e3682bb56338c9c71453c7c61cdb1c42aac072|504
7503|39e35497c319656933de30839279c251846137b104eeca7a1655928375c57def|628
7504|83a8b31a18eab68996b40837191ebd47edc89acc5bb7ecab40e1dd2c7bd42f52|543
7505|53e3e71c21ec8b77c7855d290ca7dcf34c0c81c79c8891c038f988065de88ea3|175
7506|1126952bc381904c509b066ae9e6a25a2296ed37058b1e87a545e32b74dc3444|316
7507|e15dec58bd1c69fa27c8706b316e344ed239138c6dd8b22aecfe1ec64b62ffb3|1742
7508|41abd8e95e9d1299178d9e9db8d1d63ad95d599ae8e560db2d3db10cb85be01f|66
7509|76b6b4aad2400f5fc3811085492a8fe78e956fc2a8429496c761b0d58d2d1c1f|470
7510|b0a33d7515a69a93e27db81f4851618ad49f2a2f853c31d7342eba8cd81556cf|731
7511|1174e5244fbfd7441f8bdc8024503653e9902c036daaeacd4427b260ead882d1|900
7512|aa0af3af345bdda495b59575fa39bec654b132c285a67e72f6d2ae66ea6a2937|569
7513|431c36c1da787f214e55530ebcced738297fac806baac711a26708c8a0a46244|152
7514|83af88a8748b9445dcd8a532151c566e6c2332e63dcbd2b6040b4b7c03a0eb26|140
7515|c29605f75ad66fdf59d657803d85246941e13d983e812c9fa5b3df8b6d360582|286
7516|e69b89030901b679285df5a15a24249675c43ad3d2775682e08a39c11df8e5a3|139
7517|8e379c52106ced09b2f0c7d19e66981ba32011cba1ed202be1245b006fc256ca|899
7518|9cac1a6bda019a72de827145717f84b8bfbe3459f589a3b778d0fc6902da6da6|935
7519|2dcb10b696cb7fb3e3d576f2d67dd1733dd6600c92eccddd441373a83736a5f9|276
7520|a7d8ce56af89d96e65c4af57d29060f3202ad03eff4d76d5f0393f1f7700ccf2|511
7521|1a4e606ecf06c0f69f875dc0eb21c5cf35568639fdd73b1fc1fe5cc50b5c04b6|1108
7522|08d99e48b53be81a3e2dd719cd7881935b91ce36905618c0b136d2c0f75fea60|684
7523|f65aeb9720d966f9b7fdc1de3a9356fb0a0fd6264756d6756057755ab055ec3f|108
7524|5a786fdb6937cb22d73a8b1c22f9fc93a5ccd95308f79430836465b3c7b09f56|152
7525|07176726c39474f211e4aebc3a3214550c9a32cbc558d4591009e169d7dffa5b|306
7526|116b10ad31b3ca908c0dfb02b8b09218de990189f6cbab7878ad401d16f802f8|172
7527|f0fccf5e3b4b04050dc1359338fb5ac327cdf4a133aaa4a44c6e4d991878eea9|180
7528|6b76e28f52228d6ccb1ec7297dc4cc976752ba3eef1cdb67d9b3e561ff74e43e|930
7529|b4d738116e25cf786badeeec5fb6f87ac421cbdf77124cdd0127c22167beda4e|333
7530|d88f56cfb2f62a5702f023ee0105532541cec001a55cc61480a550884ae8b9ab|138
7531|4ab850960a02691db73482e6239928c9dcdc657d39f5afc1005a412bf4309a14|448
7532|583507f8a56e469af2a5664b0242e2890e4b24f044d0df8e7baa0376e38e8cf1|614
7533|93ac50d9ecdf4a434ca6ba823be5e0949db475f8b214daca1ca3a0aa69e7ab55|804
7534|9e6f3297cb464c575bf683bb72ad26485c18d6461f831de12d75dc3ac4148adb|41
7535|98dadfccbc08d8523e0cb3efd0d925cc22ee59fcedb5682bf4988767f604dc51|123
7536|ad186780809f23127aa354cf9346ba124cd811310e8f31f22b2641e8cb614c2d|365
7537|4fa401a0b87a1d47d76e7395cadc8ba0ba335926f517097ac34d5ed89dc8664f|65
7538|bd2577985ac3063d57f671cb29c6b5db9829d43c32bcfd906932a324ea43d23d|482
7539|5d4f1227675f753ac257182d52c1d47d0fa89c0d00451f57d5a66e9f227c7ec2|227
7540|bda7ff2a72c03731072af8bd252236dfe51f456a3f1a3f5c2cf37cc4ba7086d1|565
7541|82f3cc571c4d666f37933ef464c17cc920c77c36613ce49e28594a68ab2934e6|96
7542|72cca2269158165a636bbdf623123c8e243fbb66f2e0a5670a1bb0de93d2e264|630
7543|ed45f4570b7fc27ed2c32d16eb5306eaaff225f78fd9aac3c245c39c0d31d448|480
7544|c11153a01270dfc5f3a8feedc69ca4a5c7329e46f8ab22e9c6789a5f3109b721|1097
7545|0682410c700afa1976c97c40aab750f7f42f6f0fd3ffd6f9a40c8017062265c6|242
7546|81e6425e1d4aafcf1a706b0e20b4de0e66a1e0cd008601ab282fc134a6d6ce2e|514
7547|0e228692ce12713df775f522abf8c9899907c036681e3f909b84fb541680923d|603
7548|66f6340a0e06ee9818a51dce7e89abbc6e9264a24ede41dc7a4dbdc8984e8d76|829
7549|9c72e46e746324ec9d2d50a79732e23f192d2783900609020ffd2bee67994707|574
7550|2937c833ffc763e07751249838f402c3ef8a08daa2b586828d0355d01952f3d4|341
7551|1d4e54ca8ef6c433c2b45eae50913039cbd5dbd7f61e16a1b8da15b76eb3327c|39
7552|2099ee2bfb74554df85b8c0cfc6d5f3759ce66e8c72811e578f7f53048c89f70|268
7553|8eba2dcd241b953f379040a45dd58e1884543bfcc0b4ea78121d8e7dcb077208|263
7554|9b2dd41604eed3aabebf7a0215e2155dc11b3fdade06f65ca5eaa7ad6868dccf|1217
7555|8e71d4b8e0b47765448da710faf2cffea146682667d94ec4011da69259ece3b6|50
7556|ba7b0fdc39c23bf0bbb621c9e7e5a8c5f5f2f87dad6adf056bb3ce565d9511d3|355
7557|0d17421662dfe9b7908c427a85926f7ba3b1de8abc9375168cddc1a46b63ea4f|189
7558|eaed206e7fea95060bb5060b526b4e886ee6d82d2ce5f846604808db8ebb4d58|676
7559|249c4939ee21a71c2da0264edca4860824feaaddac3dc021c7a9ef90f933e357|380
7560|05a8b6cb740ff2491075269016d67b868441bbafd801198172d0ca055451b441|623
7561|d9edf26c83a5c5df281e14970fc3e7a6e82f672159334c8e769566634a3c6d0a|209
7562|cc33b509b22374749ac336d0e9116267e2d644aebfa01198c554fd3dab2712ab|280
7563|b7b0b55c03f8d56cd04f446b511e47ee825210ce890cea8f937676cbf4ab1d37|328
7564|59e95b34a13c07e1fb99e69045ad2f4a858f83666482e2de624a24a6e2bfd4e1|718
7565|50962bd2cddea8f3122bc67280afc680f16ab7bd579e5fdf8c39a6d3d5e52281|762
7566|86614404a550969ebe08e3b487d254f01c84142a4fd5eecbd3b4a34594de89cb|2700
7567|f909c9e2abd11a25e1d58a1a7b1b559eb371e46f243702be81e5570b233f9ccb|601
7568|39abad115f272f8f0b4dc8509c0fece0c7ff5ec78ce1d56aef1b254380bddf18|481
7569|e0b2db89fa33e6384b040f47b2161c6ba9e3ca399d22d65380c10fbd984659a0|1
7570|1eab27a3acfb3d1ca263f33659b7854b876e9f68615c8b80c871e8a07680ec95|245
7571|06af0038fd4da0b5b118deb9565b411d07d98c3d728d6dd75785e68140f2ec46|725
7572|b02bd13f1d40eef173e1259bf5b08324279df035d2b43deda9009e265d6c72ed|796
7573|f95b6590908092cad36c8e9b525dd938445c46784542195ca6097bcb53e8d12c|732
7574|a5e49a57d6573c2056adbf0211bf63a76b800646b40030c2c7ff310bc8da97c4|326
7575|2ef4602724e11beac17a70aac9a01e1036a8b1850925a6ded8e09cb936da483e|671
7576|4aa5385834a60016bf939f28f87ae7d2d7c4255e379f8085d21d9731fe7094cd|422
7577|78ab65d2ef42454ab895b74a631ffe967fe38cef755168b218eafbd055c0375d|428
7578|618154aa137a526221f790fd581e16b508e64c8df8826cdbc3e258dfc3d8fd55|504
7579|2fe02ec89b4a2847d061e1894d6de146071c3d591364cf0ef0b50eac347de601|413
7580|905c986e208944f15a28a14853590d289d07e518d1a64ee3ae92b5d4d88b878f|472
7581|16bf220c8f87a708adca6a52706bd025a28922aa83e2513caccad6d0df5c00e1|573
7582|ed367ece7fab739b2c3444d77b0eac827ed332508046dc296cdc84de86827697|460
7583|4d9a53551a19aec20310f56f2c2ec31abd7b7a2cfc3a97d53e1b66b381477b84|419
7584|0c08bad49e9d8e3a3de78fd47c8524849a6625c20f973ed8a0a97ed1d6f6c747|196
7585|06101bfc9cbde380266d4217ce429488e8c87a9d63c623cc385d32a219514de8|836
7586|59d75829764b24290b6c6127fc528f335e3f990e399bf4a9e0a66701988f33ea|682
7587|1d6f3fc0adda6c1351fb2ab709a03f57dab2a82d07c24d06ed294acc3451eacb|188
7588|df4bc7a9e956677906f6d266f9b1a1e2b7d1f0fbcfd61330f508b6404ba0621b|263
7589|cc36f61a43302b4127433c529e5dca8aaeb82a17f3b1ca8f1e18c0d7aab16015|272
7590|c6db9effc37bec13f09067c2155f03f277f536296ff9e5440056e315ed4aeecb|838
7591|6125582e1187b3243a9b7db9d508a3989d6f534bb2bb839dc7cf0bb523907bca|109
7592|262a6105886be98e747b4453199aaf94dcc2004fba4cb10eb619d13676b9119e|84
7593|d74beba9fe2e69f94aa1132c31a6d80e15d5b94c2512afeadc35f999613b4573|475
7594|e2622f3bec95a3d4737ce10b1e9fa820684c9d853aa4af12c609f47a7e2c6815|23
7595|90c3e86eb99355fde879099afe2dba3c029fedfc0baf7721bb3b465b95174bef|367
7596|0411efd2ea196a17f0df94f3950ddcaf3d163f2332b1b73e685cae8127330dde|434
7597|2bf8fb0005668dd022f5f31f9c2dd087bd1909059a242f4b8bfd744c58738639|64
7598|b7f1b70e0be127cd92bc45e6aeb4db7dda9355335269d3f122c54334d369ced7|334
7599|df02b869f8585243e2a61446b2ddae3ca2badfafc84a388f0cce53ba92ee6b3c|203
7600|77d08425aad8f14c83445f3ba5715e0c2794b126918fa4bd82870e0fb6d0000f|147
7601|59b54a9c0b2e760178f4723677a5526e9f919ea77ec3624dfbf0b1304d8d0400|547
7602|eadfd60d355d9246f821c98300e77f75b569779997c461c344fb249ba38e90bb|82
7603|6ae20926c68b02d511e248bc3dbda67040330f646366e2c611e2da01297612a7|10
7604|f4aebb361d28e6d01786c286184b830ef00283f3f7a0281ad875f9fe2125ae4f|284
7605|a5768b1c299fbb0ebdcb1a65ab61c2a46192fb34281c57941bbf90fdb5ee5ab2|1443
7606|5ff58862e90dc1b1e4710578310a4be91344abc8b50ec650465ef6df08bbca4f|701
7607|24545e42a168824947bdca46087b5aeaad076056dc94ebabbb014ed3827c2712|396
7608|c171d957a3b9851965c1abd0ce7861b8ce661da51f13ff40b4505c7b7e5fb752|614
7609|c211afe1e16540b9fa0c2fe3650ca4dcb8751210a1a60af5e8ce3cb78c857ab4|190
7610|6385bef2bdf795ae680e7f05b205d54b489b850ad2e2cb3171071c7e1d780db0|593
7611|8bc3da49c5190a2091f54864ff1a9c912f9f2f14f94cdf72096c19bcab5dccc3|621
7612|b86fb37816db0c9758041823d9f483b6033b5d0bfd6b1fde1b4e2a39e305ba75|452
7613|a26292eebe012df4f5b76c5c6883fd939d852cff738efcbc58135488fd2242b4|16
7614|aa5853782d0fce9e225932ab111741f90c910f307c590a47185a6ade32d7c733|101
7615|496659f4f75b5ea40e73a00024db42ca703f3a698de70eba0d67c4cc2e09231c|365
7616|8d703fa63c1dd276f3c5acdfdb690e5656c1094de0f7e466a0e80106432447d9|27397
7617|28316b7e7067ff5403441481206f56a2f7644e4dcaa1ec38eddb9be9cce37cb2|179
7618|4fb5adec949745b37a26506d8399eb5da5940583ce3cded51d15d738959c55cc|602
7619|a0b28002177e53fbfa97152b81ff6072f81c365329278dc9d9848f9dfe22771b|163
7620|42d26d36906bde14cd14628f87280cc2961b340e38f823ec1fc3d86d2ac0840a|193
7621|ff31f8dfddaa4c25e34ea0725b2a102b1056979b64245dad2cb278431c5c090e|217
7622|94a4406b8d90d7e41327c6076e82731f9188d0ce6705970819aa8f1c9ba1a0a9|1056
7623|5cb8ac2d39a305e77a7a9772533b43b20076a0daf27c7a9940f02ca183427445|626
7624|750c953151753e4647da4963c09c92299d521f009d853f5772dd78f8a8f4f6f6|539
7625|cd8cbf0b9929f6c7dae0591afde5e97964b6747bae9779228a3312a617522465|565
7626|110e8f97611b6c646a5498ba5dc463ff0402523787a473b59ee65f5509225e2c|938
7627|ed6ceae6d9160889ff1e017c46196f57522291496e50a97fef9fb4539628f7a3|615
7628|2845f198ea6d61b7d152e61090ffa58b13e1e595b7b6c1e4ef6dff38e88e564a|277
7629|134e3f9e279e5b32f6801f9fa0ddd1cd4f31689689cd5b2e3b3d39ff24e2fb32|97
7630|96d499eb3670b37eeddf19f21e1afef6478ccf13cf762e4760413618f1835af2|202
7631|5e7bcc50146e7c461ab74028ff45ce021fbcd3d40e0c09acc17ee580a4893216|133
7632|d9de2cb745f5916af948c633a0b81abe41e9427228c3e4dd87d205bff0290cf3|243
7633|52de96598cac8a2e763538e86345c1ad99a35771ed64f7a3badec401a801357e|233
7634|54e6ce5c0142082919893d04aeb0474edf7a9ac2670658b59d96f044e1c76d5f|908
7635|eb2becf6c67f95e82d987a2b4eb5b170af4720c0e84e060904c7cecdc1b3124e|1222
7636|0a618d5c8573d81f167d397d6bf7ef6dbd284275c2094f66cf6e55f777d9ab37|259
7637|a9a4188f16a12b648fab1495c96eb8ff968abc79375623505b194dd5d595442b|339
7638|6dfd31c91877259af692ee772f79fa317c83d74e0f37bc56879671feba0ad371|488
7639|b4ce408be06614e3b6157af4e35d1b28ffe1e73a5cacac6c80ed00019e441665|809
7640|efc41f1724d143a427abfd69c8898d56a4b670e2a71470ec947f0a559ac8880a|2128
7641|94f93cd947c03feaf00815c53a5958160d843cfa516d913fb16c80e0cb01d221|130
7642|2fea0b02027221cc6ef6210e07a702601fc443b6fd0bf784610ffd8d4bab143c|915
7643|b820f1303a623e12ee4ef67322711d4c0acd814c8aebbbee166f58da25ea9349|479
7644|1b0cbae3711f04344649fa3ca2ee013029a88c8e8a8cd7303d6fcfc6f8afd3df|117
7645|65f9b96e6bc3367d1c364aaf43392d6e8f7749d68262f776c90b6c3e852aa74f|504
7646|a6874624a1fa46555ec70af8fe195633d671a4c548568498856a139f48b0549b|893
7647|7649d21b17327f47d71a34fe35ca6d9e9188d89dee5b9b1e207c5e451f33c32a|226
7648|d4671509e31c7d032a4b81d32bc89c3bbb7d0e6825e071819d70289bb077c608|654
7649|c15815542c593a0d3983815b4dda3b8dd7152721abd4f385561e1b9452135008|581
7650|707dc4648607f59cc643a59be7e4206d47940d9cb2e9ddc499eb99afedfc62aa|97
7651|691fce88d430397e9b2bbc59e3d2eb1fe1dd4897b345785fa58064ec39392cf3|39
7652|851bfad5a16547f01888599f00cbbdf8d752b93b268eccc1f68030b18bcfc9d9|913
7653|c66236b5d79344f3406f2bb279d996a136b27d71a072d46a5b0bc33521c81b97|194
7654|18d29678a2cf57c90e01cd986bf2229a1342bccc98c68f0576518afabea80ca3|567
7655|ba44d816beca625f4e76e75faae968c8255e9a652514a84b288d851bd9fa2a2d|433
7656|2c3c7bb9dca4f75f3d12cd91fe7e6dcf2997519ed9530d7f28bcae086ca5a81b|240
7657|16976b2f90904a719443aedbbb4d3b8471ba06ed19f65c102f2c2945b735b27d|115
7658|acd61371435d3f5f490676237e7c04d79de3952b545734206ac6cd3a310d6db3|608
7659|42767e1f9d9c68a36fb474ac51e109969bd63c9e6df8eff6398d099097814ed1|431
7660|81037b4ae2b325678eca0c5583f639272321fb917c2c2a80cbd079049e4f4add|688
7661|47e52644b717ff927712c249cb79e62dc243a16c006ceaf1b0901da4f90adc02|213
7662|aa30aa3d4a61b3bdd4287955648ac3fb1c8e24760f4c9a175c811243fc0a91f9|899
7663|667ab0d821c0be4af0605bfcce82bdbdb6d0e07a70ef2e9fc047118ef56540c0|1003
7664|b2f653cfa0a9451fa777e5dd8294da5662f9f89f0ec053e249b2a9931fb43b9b|718
7665|1e23abdc1e94a57684265ffd49ef023e9ab655e63d3a74258a9cb97aabb717eb|660
7666|ced9d5e1ff4112c03c0eb602b288f3d80737c6d440a5ced0e632c7281ffb8d86|1335
7667|61ff86bfd05b71fde2b2f3adaa90a564e412ba84733a8e840fc8ac5bf6548a7e|538
7668|851079bae223e39a011a14bfc6a4c4bd12c0ce4eefa7607cbb32ceedc14746d7|406
7669|6e61d5fb187c0ec952ff9eb266a87c4119e7bdbc4243c34cd880859f4dd6bee6|150
7670|cf249eb01b20d54f9335d1c571bfdd44f0f1198d5daa5a7d390b8b522e56b0e2|7
7671|e782fe405cfb21e87661aaccb23d9a6dad7a7743cb3852750991d142f96aca75|6
7672|9fd16cdf335675e07787ad20d179119be4c62a939b42b2788d5162c2c668ea38|3
7673|b2872fbe4883c45e55c93155cc8579353fc6410d5ee757f72873b550f915465d|4
7674|210a2ad8969a8755c58ebd90cdecf1975453b777edcc30f32084ffbd4d6a2f2b|3
7675|c735b2af27046d799b45be30d3fa5574fa3883fe29be92d839f5b554cc1f6ac0|5
7676|84d0ef129a3f550d08e5855a7281df51cf3fe252e65d959a441115e6db1676cd|4
7677|93838b8ff00808aea2c64f83e874c5c48784e89daa3fc4c0603680dff3b2997c|3
7678|6b591086a367503ce86c63b3b96b4ee3b27f57c2bc03065c2645751db0eb31e1|3
7679|9ca7b5793ab9f8ed5e2c73b1126b8fd1407d81341525b08083f3b757468975a1|5
7680|c39c29ba93458fce411186cc87ca146deae81942ccaff26009868dedaf1d3064|3
7681|01c3bcecf5d86658b008563a8a718009e58b8db880a15d4e9cd4bed67b705550|6
7682|916277fe19675aad3b29f2c39eb359cb4957c0b2b85b6a9f357dd37f29ecc1c9|3
7683|942d23fa70fe7885dcb2cf5bbbdd9129045b16f3b8c28c66ec3a408b58a6769d|5
7684|a77e280388cb93ab1d337f46029bc42489f8257aeca4f54c0a764c1737d6c76c|3
7685|a7bfa84a033148a7e7add31578137f85ce3e611672d1518cf63de13ccc509d15|3
7686|3bd8c067c4fd3bb72b4835b4f6f3c71234e74209b8a4990c5275755c581ebfd0|3
7687|c6cb6edf399dd5381be8b976a76e2ebac9b831afe371d758d767a0f0b51d2fde|6
7688|9fd16cdf335675e07787ad20d179119be4c62a939b42b2788d5162c2c668ea38|3
7689|b238d223bb5682bfb1515aabae0e9e37c2b4dd79070a0eb1b592a9f79f78a03c|5
7690|c5e20653c4bce3de2d557815bdcf7bb93bee24c45dcbe6a1d6e6704c317de958|3
7691|4ea26f3bdc4373c7c48ec56199d4c14d21cc4cfb48506789ae2cb345c3151f83|7
7692|de201a02f974a54bae72b3e4b5e5d7f561e4bd5426e73297c92a1e226c8b1563|3
7693|1017c8abea5bdff478c36404b9813e29931e81feffa5dbb2b3bef8656cb83ba7|4
7694|bf9f0cd60563906ff1963c8290f4bc7f5a756b6c1844097b4603e42418eb655b|3
7695|bd62563cacecb356a7679aec1754645fe5f22c1d15142ef072d264557ed9fcad|4
7696|05ec53c0cb5a305b8910362b9b11e4c70a302cb47dff5f06fd990a808de5687b|3
7697|e98ca2b0d7ddd168b002d7ee8b6f5383482dd8fa8426b5f790de9f756430106b|6
7698|a0e9751019043449743c6c2300d67dc0db4551f01bd7337e9099a2d7b92fe732|3
7699|8bf3ab372bcb0222fbf5c0420c8f2654fa4d1a4b169caaf9ff8fffdaf6477c25|4
7700|90fd040c48e2f024092371f203d41477d531a48b7aad0bbb751392902134cd8d|4
7701|f7aa8f5da631db8b0683e823a8b1d0ff3ab536ecf675f1854d59299a7506bd40|3
7702|4ddb3c8b5301f4016157c73b3c4c7af8f4581fba0695d01087eee1bae912d519|3
7703|3bd8c067c4fd3bb72b4835b4f6f3c71234e74209b8a4990c5275755c581ebfd0|3
7704|05ec53c0cb5a305b8910362b9b11e4c70a302cb47dff5f06fd990a808de5687b|3
7705|74686d81a509f569f8d83440fb38ebd3d9817f762cdbac8cf2db27b8f959df86|4
7706|c32b542f45e32d2aec559e8f95d60b9feefccbedba2265404e9b1430a3f7555b|3
7707|92482bcb2a35b87e5290ee1c7692d9031a546bd9a123c1e758cdf6d891508903|4
7708|0a7d0053883367fc74e514d6d9a8e5f0b56eac3f3f943438db289c3c745ed44f|3
7709|cf249eb01b20d54f9335d1c571bfdd44f0f1198d5daa5a7d390b8b522e56b0e2|7
7710|b060ed13d1a9bf55078b68fd70612d4593027170ffc46e13f97ba28873b6e583|3
7711|69d61dfb0d7c14dd82c42c72d91efae9703fb5f1e2b852783ee2d841953d129d|5
7712|9a0bc8bff0aa07a606c47bf940f96d89ef87e69110fd35c2e38adf7f51a8cd79|3
7713|22c65421eb34ceed51f482b2f6cac0570ce5d646662729820721b8ca8024da81|1
7714|addde052b51af7159562cef32d536cdd1f3110285785a1b3dd1d974627becd39|3
7715|ff52f590c52b3e7730af33ca6e5aff1dfadcf608a51c1014f5dd18b3d8c93453|4
7716|3d62d47e06d68ccea60ff654b9eee6515f47ed0bb0204261284d8cbaa972d4b4|3
7717|8379fbe070537ab8132f2848ba9fd31b7e0de6f30a7d1374acb731e87af45e90|4
7718|16d5671c59f0b57ce2744591c1a6a124631589dfa952b06bd0b0e5cde9c1e88a|3
7719|97565038934cd2b30652f8e1271aaf2080a723e821d10be8f3a0d5f40fba1f15|2
7720|f1cc58f37630918a2f29a575b19b561dc41bc99e5c74aeef656e4c304ad9cbdd|3
7721|f80735a7a61c14920685dc4a608781ef95db4e6a502c6be83f43927f705e0951|3
7722|32eaaf007193512412f10befdde70a0edba7760aceabd441f6ad3c5ba0006689|7
7723|77cce0d41eb82dc65baf65d1c441825150a735f588d4acc1177cd5b506180d4f|6
7724|a77e280388cb93ab1d337f46029bc42489f8257aeca4f54c0a764c1737d6c76c|3
7725|41ab2155244ded84c2925fcfeadb304a8990f82bf7848dcfcfd523a8b0103303|6
7726|dd5fe85db91a7147d703274dc25e9779ac45c4c1d6095618d8dc401d8d54ad3d|4
7727|1fc01de4c31021b33e51a2bdd566fe81047801de6248728921edb9d32c73d287|7
7728|6fe029c10cefc145aea6615ab4e6ef01be25ecd8d079cf686ccc6efe2739a417|3
7729|6b9a6cb72b8ca26ab49655a95e62067ac21e18c9b1afa268ab530b8c759c0121|4
7730|5235c58b2c63cce16d5f6a0ac3c9927ed5dab692156007db92f4cd7e8db8d7c3|3
7731|d2da707bf3891f7f73cc03c90b9334fea1efaa5f72bd1892874418d11f6e5f84|5
7732|6e912ff6e272f4a1dc79ef5193d9cddf445d0d7f346adb5bc9579a448701ccff|3
7733|9632b47474a61ab1a0bc78ade9cbda2b26158b1baa7f9ff394c42fc7a9aa14a1|6
7734|0724bb4ae09dbc33af6adc4e24e4330642c40565a1c10124792b18db064c0cd1|3
7735|2aeb8b4aaa9c6b2e4a809f89bde246c009f5ce58b93a2419e1b9a3e4b856a8e1|6
7736|05ec53c0cb5a305b8910362b9b11e4c70a302cb47dff5f06fd990a808de5687b|3
7737|bf89e11ff5e40f5ef6b97d329bb15cc9ceffb5a5aedc33df6c534c52aec8540f|4
7738|33dc23a7d361b1df8146720adf5dc51f3a1f43571cbf0349a688825f376ce1da|4
7739|fa23703c8c90ab9b586fb2a38136a0e2162f14f8c3f7a0b6ae99538b57ecd716|5
7740|6e912ff6e272f4a1dc79ef5193d9cddf445d0d7f346adb5bc9579a448701ccff|3
7741|9fbe58a2b3042a50189d13b899f90742fa39dc41333a8e805bad154680e528d0|4
7742|b4d30d3a4a6f79662c5237d0a30e66a1853c251dffa7ae78b701daf69156e049|3
7743|b134850f5908c8ec6e101997faaf85b3a00cf45214c59c9023d95ff1fc249744|2
7744|05ec53c0cb5a305b8910362b9b11e4c70a302cb47dff5f06fd990a808de5687b|3
7745|a93e3bc531b7b36db723d53b7b2730ff6a63c368b46f6f8061cb471d5c47f224|7
7746|4295a7b5001a92f0e9b6eeb855209c56064ca40fc82902adcdebf308620c7d76|3
7747|9ef936db8783e01a258dcdea7feb9564c1eb4ddb97bf01e05a043c803703faca|3
7748|30826213ce395a9d214b18715665751c3ec04c9df3356044fe52fe60d7578c7f|3
7749|979d8d6967d70362b0fbd1e65421fe8e9f9ab42d9dd5a9e5817cd8c84387b033|6
7750|56675382023cb4ade4f1e2af1516686529cd85f7c43ab8d3b68e27f3679b31da|3
7751|f8ee2456ba4d69bd14922afafc718d884434c62ac5ba116e88de1124ec020463|4
7752|f2cefabdacaffad843c68bea1e41a20f98672a1c6f2f4f0c5b1b0c21dc4ee6f3|3
7753|09732fb0a35f54381e1ea4f143e69a5c3fd8e5bc43c5dbd0da60f8380301da24|7
7754|268090452a8ddf9eb27a55c74e1328ff1e96fcb718e135045dee28dd34d567f2|7
7755|2fe9039ef63fe58e09397132016135ef62ab8b6be52053bfe89da59ad45feb17|6
7756|b948b3b7c04df6656b251a9c94d9e91548ff5b20e7fdbe2e494bcf7bbd5da75f|3
7757|04e021a1a2ef161f8f8ee0499cb20b21c6998d832475f703768b6622f59dc39a|4
7758|adea17e2d9c7ca043e44612482a089e7bfe68dab1c2596d745a9439375f41c17|3
7759|fc32cb18f4c7b32567f15cfdf85a1b5c7059d29bfb75886322adfe4067541591|5
7760|9fd16cdf335675e07787ad20d179119be4c62a939b42b2788d5162c2c668ea38|3
7761|f5d3a0b350925686b8b87356c79abf223acdb4ca1410f5c8c89450547e9185a7|4
7762|13c6b8ac1fd50e1ce3013310de45a83bc3cb7e8d5138b3bd2b29d9aedec7fdca|3
7763|73270020d92bde3c85f4934f7bb79a78494ea068a697c8e3508d608c819db559|4
7764|cf66caf37ae0b19b767dd5796543626fa60f14b0fdeafa4afcdd8fb7e6d74a02|3
7765|06172554f60576666bb6664a6aebf66efb1d968181a1f41ff86fb852bd9c8743|4
7766|406f3c8d223d8961726f2778fd72e4913db466eb8c679492763b60cf0db1de62|5
7767|174cfed33204fbf625dc6288a9ad1484285d156460f8644d1c6f675271112e60|3
7768|c981a181de9eb4b70e27d2755bda748dcc060f86bdbbc22c3d22daff2ff2afd5|3
7769|82a26f3562eded0bb85f3d2c421f4ab4f2aaf4a91eaf3dffa70e7907fb783ec1|7
7770|9728e8fbc685a22b2167e3b0227274d246628a8b2f154cf76134aaf80668e2cd|3
7771|7e27e5e6e2daa31d73431c9263f3ca91a07b5be3a872749e67c7595998ed8a4e|4
7772|a77e280388cb93ab1d337f46029bc42489f8257aeca4f54c0a764c1737d6c76c|3
7773|af4b4ffeb9e057e7d3da3006086fe9a9680976dbed16bea8f3f34e03e70c5601|5
7774|0724bb4ae09dbc33af6adc4e24e4330642c40565a1c10124792b18db064c0cd1|3
7775|7aac9fed2d2e84cde04a0035f5f0f5ff655310966b7978f78cd3b5923666ea07|2
7776|5bf46a07d8b857c4ba006de07c3a953c5a4cddcafef66c1362c9c32997bb8391|3
7777|e090a90d2bd0600647e5f7b5e66fca0a0e65b6769c870a8bc1596950ebe454b9|4
7778|e0cb8524d82f2298c3299de885431a33c36a9155816a1b18e9c9aa803b4e31a1|7
7779|4eb92c0a110ec3e9ad52044d5a2e74f4873bacc60fb52c43f67eab88e40876be|3
7780|a77e280388cb93ab1d337f46029bc42489f8257aeca4f54c0a764c1737d6c76c|3
7781|e5ef1a257f82ef586f80cd1d9c6d17b95c9f09ce378e8e570374b93cdcfe06f7|1
7782|cef3cefa396ded6bbf1ff60da9f507afbbf1698ccbbb4cd6755112c4738cdaa0|3
7783|0800031030ba91f37dd659e90ffc93f1e3a3a34778c69cfe7a8bd413f14e51a9|2
7784|1c34e79cc93362c8508c8117eda160f2c9d65a1a118d3088ee6728dd57806b68|3
7785|6f937bb1362303e38a2be62812bb3384a419b24ecb17dc193665c180002d069a|6
7786|4295a7b5001a92f0e9b6eeb855209c56064ca40fc82902adcdebf308620c7d76|3
7787|b814a305e146ddc6acb1af3924d7eb96696629f7adc779665a62573a3f4cd306|7
7788|a77e280388cb93ab1d337f46029bc42489f8257aeca4f54c0a764c1737d6c76c|3
7789|9c10627eb072f6aa60e92c0c2d7250377f0f99c2ed1870d0414fc73ca7e4ce05|4
7790|5cdcdaca1d92e9f3d68e2ce98e7cbdb57088a89b82e50e37ad953973a80384b4|4
7791|f65b9af90b4ed043881d61fef85421d8e0a5cd4d96d7f9eff0cfafe2e86c5cc3|5
7792|bb80cd7f3e2d3d16fc49048b5708793bef5f727b150bd12be15de73185cedc5a|3
7793|542a66d4c6af743011c524a7f0e3b1406bf524ccc12fa11c5887339878c29593|2
7794|7a495c5b30e0abc6740871edd24708c73569019540099a9e6dd640d16631a2e1|3
7795|aa713a7f7e7a6aa1f02b3898b905f68b2e389d6568188cf1970fe4c25e41c6d6|5
7796|6e912ff6e272f4a1dc79ef5193d9cddf445d0d7f346adb5bc9579a448701ccff|3
7797|e94b7b02f9ecc54d9c0ba61f42621a3bc5318b364e7023cf53e59c19cc1f9a26|5
7798|97dfc34fc0d7d3320e50d17be9073f035a0b1e27c58bec5e0ebed87008a38407|3
7799|846082d4a00f7de0795753d6ac8ac9e54cb0f5eb55eff11c9b4995e989434929|4
7800|8560f584cb351b618233926bb04291b3a2579d298620e2d653f624adb5e33e1c|3
7801|78f241f43783b43cbc3af1ed0fbd690ff56d9dad959acd366230d50ac984f2ed|5
7802|1fe5a019f50713c037eb87d56e66a7e3b60065abc2951b5f0d603f1da4217ac3|3
7803|60534dca9dad3bd583ba51dcdaa72c394cca65e307df35cb803a2ccde9acbfb8|4
7804|7f90b84a7ea8963bfe435c25eac406bbc2e0f0d93cbdeeb9bc6790563975eb90|3
7805|406f3c8d223d8961726f2778fd72e4913db466eb8c679492763b60cf0db1de62|5
7806|35c63ea1b6f65ee9fefea1881d6cf87dac138ca65bf006324dd617f89138c50c|3
7807|b57a5cb6384b5e801124bdd956562a4d4adcbf48f0f7ab67a15261c76e618a71|4
7808|9fd16cdf335675e07787ad20d179119be4c62a939b42b2788d5162c2c668ea38|3
7809|ef726f2631c88380c0116fb5b1a7c7b2ac2bfb7c86c225fcaf1a9f5f9b8ae516|4
7810|b8608818cf4bc80ced07db638eded222b3424fbe9ff52073dbaef13185ea6368|3
7811|24a8a3d95dd29bda4413ed3bda31c2b496331e0cefd8018bcc0ac6bcb873a1e9|5
7812|a77e280388cb93ab1d337f46029bc42489f8257aeca4f54c0a764c1737d6c76c|3
7813|bbf08336db8bb799a7270ab5e390b3a555624ec06d99b41677049c9a157aa15b|4
7814|ec174b067346c92dae504138ac6172e4acd8d6c493f38d781c365d3cf0932862|3
7815|70c8439a53bbf29c986bdf52ff14cf8b1248b0494d05a3d11825438d66958977|6
7816|682fc10d82ec32f63b2e0a51fc1b485950c52f39489ff609e9e38633d00d6d3d|3
7817|6424891511d5ac5d4619b10155cd93a64393d0fee91ca128a02011c0db586b7b|4
7818|92c187f29e044d39c64ec2f92c01d5a74d3e7d1e724a7264736ba4df8eec37de|3
7819|5f466d61e3cbf0d99ae865b28c62621e64686b2dec02685d4fbde32754938d75|3
7820|a77e280388cb93ab1d337f46029bc42489f8257aeca4f54c0a764c1737d6c76c|3
7821|a44c1762bebd022662d0fcad82708b8b127760d22a58419e9c8a3784cf25c9da|6
7822|a3b19b2fd57079f3ce0f56218b2281e295ee2674b62bd62b72a5ce50c4e4d586|4
7823|68850d31fef9b583367d01c7ecfb5276a07943dbb8d855e5bd75ba3946b16c8a|6
7824|05ec53c0cb5a305b8910362b9b11e4c70a302cb47dff5f06fd990a808de5687b|3
7825|20ff19794288f603661c2d2c8a0ae7bff8bb5b0d50269f336efd6934a6d847cb|4
7826|b814a305e146ddc6acb1af3924d7eb96696629f7adc779665a62573a3f4cd306|7
7827|8dccbaba7440a101cc1a5587097a20784233a50e4b03be68ed8f8d9485eebbba|4
7828|6882e4ecdd80f3e093bf44ba26b34f19f0641fb1051bcf939848b1b4acd75a86|4
7829|99380d5ec2c4eaf22954a9e30ebeedca28368924b212e7f166dda447450f38c4|7
7830|d47bc2ce1e25b8abacf28ebca61495ab4cc8f029da9dd05238356e92afcd9b3d|7
7831|60b72d2e0cfb17761cf729d997b49217f006924dda3d1f3f6f95c3bae035be5a|4
7832|05ec53c0cb5a305b8910362b9b11e4c70a302cb47dff5f06fd990a808de5687b|3
7833|c282f64a3f62fe9626b7b4848d07e53c28f64bc1ab1d3e5328ddc13dbfcc86fb|7
7834|268090452a8ddf9eb27a55c74e1328ff1e96fcb718e135045dee28dd34d567f2|7
7835|c735b2af27046d799b45be30d3fa5574fa3883fe29be92d839f5b554cc1f6ac0|5
7836|a77e280388cb93ab1d337f46029bc42489f8257aeca4f54c0a764c1737d6c76c|3
7837|1412fea30dcb93a37420e161e7d0e94e6dad5694213ca415cbde1d6a5bbd590b|5
7838|d96d756f108df6864844aeab5a34f0c8e1158459ea19a589418ab5153ca823f2|3
7839|67692a3969311ddab2cd420be2527d806b34683d8c115948172ef9e033142a43|4
7840|f57eeb86cd6e971cdb070b63bf4bd392bbfd8b82401dc65d3d8e0077bfe513e2|3
7841|406ebda3c7c3090f2bb338ce2fa50cba348a86fdd9fe5da3113d429b654be11a|6
7842|fcbe653f31ce9df79403c43d583a62e06465aa1029e79ba0d30156de03588da9|4
7843|bfa5c2d3dcb137c95d32ae61834546f835a109298b49686849938c70a6b5f569|6
7844|50cf72962c1fd32b27780e627f27209be564cdbdb17c77b343b87b21f62f5950|3
7845|674e7d38d5a70c8e260778bd6d1365962ff034f0633820921f47b22b87946322|4
7846|ce177cbedaa222c4cdfcb47d6f3963dca784de4ca892c82db040dd7e4f2d6753|6
7847|f9e6c591f12c69c970a59aa11036bc88adf69b1d23ebf150140420d887423444|3
7848|fe23f81488065eafd2ef119f09f05c4a91bdbc962d0299900406a882a5d3283f|4
7849|da67bc07ccaef5d1d5b10881e1f7143e2cc1967d2f8cd674abcace9b943df58e|2
7850|348fbdd594a57360ad18f7556b35e00d78c35bcc9e39f8f82530b94391cd4b51|4
7851|165518e5d4ea49b3a65e4e9792d9487f612ccc794ab8013aac192d439d0d70c2|4
7852|15531f3cba234279508ea6ccba0908db3b24c909d6384ef551445b459a280826|3
7853|406f3c8d223d8961726f2778fd72e4913db466eb8c679492763b60cf0db1de62|5
7854|fac72e85503855c4082d95b072c91e86d6f9988c53018db8ad4b6c61990bb032|3
7855|e89d35ff9d629ab3ebbcb6403c1ccc90a399187cb7de547fceffad98c80360a9|4
7856|0aada6102ccb32b9fe0d906fdddc45b93a7d9381e24f4ebe65107aa6e9f495e7|3
7857|05d6827692ac8ba383a382a459382b0e105b50f9224a4b67fb30232e401a7c50|6
7858|75da4e47a5c0be0d53d8129056cdc9cb64136a1dec9763e9f28d9fa0bc852915|6
7859|cbf35196543a8917fa4aef4837cd4d722b95f34d468dcc1004aa6837e45618ec|7
7860|a77e280388cb93ab1d337f46029bc42489f8257aeca4f54c0a764c1737d6c76c|3
7861|916f637cb221eff60af41e34d9f1f82eef55d4e1914c353c3b2c628e709aae76|1
7862|f8e3fc86f5c1e9ca746deb80148855d235cb1263e9c3fcf15ce62b54b97cc346|3
7863|84b482286ae4ef9c0657aa63bb46ea671278bf9cdfadb19c854e3e7d4e450778|7
7864|05ec53c0cb5a305b8910362b9b11e4c70a302cb47dff5f06fd990a808de5687b|3
7865|f971f7b688a3211c4c82a4a6295d57214558eaccaff2a3e642c36b681cf52ad6|4
7866|addde052b51af7159562cef32d536cdd1f3110285785a1b3dd1d974627becd39|3
7867|bd787577749db26bd0b0dfa83685f1b8c0a03e21cad6fbcf2e9406954a52db06|3
7868|d2729b1f4e775991df92d6f7651cb4486d4ba0a6b8b38497b8b50a7030ae5448|3
7869|0194adb402cd428b6faacf50c3adc6cba2cdebca5a625d0b40de61dbef932fa8|4
7870|1f800f57526f023226f233910bc02ab544b5b490747874a47d907da66fe9f0a7|3
7871|72619f3a4308ea582c29c09d1e46095feedc20db7be449e93197727da424bf4f|4
7872|bbf86071d32632de3ba7b0b6d20f516da35d6d3b121129e3d62c0b74aa8e8769|3
7873|84038c1849f852de3fd75b193528359cd6cf816caf2e7a4e83229c43ad1db847|6
7874|8333abc7cbe68a491ac1000702447df724f5fef34da35f0fd73195ec1273971d|3
7875|1dcacfdd4213b1f0fcd9e512282527c4679eafa4955636d7788cefff230733c8|5
7876|2938d1d7d269916d66cf8bbb81e1f1e10de9f64f216cea1feaa88a15aac81308|3
7877|ae14941e41d7cd88302bb399b810fd64aa5f2e7cee64ce298ce3163acf76b373|4
7878|5b21c7ea9810d5afaf6a22cfb4ed47e619eafc199a2f38c745f378a40bbc1d1e|3
7879|1b87cb48c4ab8ece3fe6a8de34974b6475c1a46c0b23a3feea7227f35716e6b1|4
7880|bb4d2359ed7effdab8b24f1e1f03e7585c3a991b0916a49e558c14c95b120c8d|3
7881|3725b38ba6844df3d1c7bae7197749026340e821917846c659ac7d01641c4fab|3
7882|c84dc932570644a71eabcfbc75709d8c333c354504c59c30844592ee060efdb2|3
7883|165518e5d4ea49b3a65e4e9792d9487f612ccc794ab8013aac192d439d0d70c2|4
7884|6e912ff6e272f4a1dc79ef5193d9cddf445d0d7f346adb5bc9579a448701ccff|3
7885|facf3a6c3ec14979923b9f8b20f727dbfe054db9a6997b8ffc4d0608fdcac7ea|7
7886|0724bb4ae09dbc33af6adc4e24e4330642c40565a1c10124792b18db064c0cd1|3
7887|cf70ca4bc88b4ad4b4a5ad934de722f7dde5e176f2de0b6e2a9b51fb78951c5b|2
7888|6f071f6d6dc99a01227a24c3d4ad499379242c354a6d9cda7c715829286b418a|3
7889|96fcf155a316e198e0d168d1f8bd8d02f262f9d31c18c6fab0a95ec48c4f8ba5|5
7890|b3c495c0aa73f7c75672b770e91c33cb6f376b07e543dae6b0dca4116d63d45a|3
7891|893c8bf40fbae9b91b3715d73ff1a78ed6ad4db40a6585b7c93bbd468fb1f0f0|0
7892|ab986ca8d4f68a7f8526d2dda9df2523e793debf967775a3ba9c2ad948716ffc|3
7893|4a8fb5397c20c4c5c5358936b096f9c02d05dd4503839d18c90486d3224c98d0|6
7894|c8861d5c6463a02ade3f0c45fedc368abeaa876b67043be308381363ef860194|3
7895|a8777a691e13956dbad8e83642427ad9216fbba52119bb380d4c145a92cabbb8|4
7896|b135624d62b5e58d858c897178e91d1efad919324c530394fcc18809a4c77bf3|3
7897|54320132b35f74368a4b9dd6b69d9bab57f3b817f37cc50900274435aacd92d6|3
7898|c5f40cba2604aebb0fd3a669f599678232330a10dd4780e0eb68b684b10fb685|3
7899|35fead3a830fb5d032af993ebdac3ddf79005c42818273962dfef4dbcfe57a3d|5
7900|8475bf78ce23340176e637561f32b8ef646ba65e4b0500402b347ccd11959b85|3
7901|08653c43d3701264d6bc67125219b336785de03905507858e1b82708487feb7c|1
7902|0724bb4ae09dbc33af6adc4e24e4330642c40565a1c10124792b18db064c0cd1|3
7903|cbf812c7539dae932361485fd5a5ed593f3f301e43ae3c213ec39afc7b6dd8ff|7
7904|f1cc58f37630918a2f29a575b19b561dc41bc99e5c74aeef656e4c304ad9cbdd|3
7905|b238d223bb5682bfb1515aabae0e9e37c2b4dd79070a0eb1b592a9f79f78a03c|5
7906|b2ea7c9b6c2dad3b86aad3de6d4149b98e260dc58f24f2b896a25674b90bf503|3
7907|ce851996ca0cd8d208efb232a125109da1cc54c5e9acf08ad30a3f69f0b235a4|0
7908|a77e280388cb93ab1d337f46029bc42489f8257aeca4f54c0a764c1737d6c76c|3
7909|406f3c8d223d8961726f2778fd72e4913db466eb8c679492763b60cf0db1de62|5
7910|d17060b26689b3d7b4febed9e8c865ab63211675807dafd2754494af42084b5b|3
7911|32a6a8fcd0a51be799b56ca4cbf37f2a6b24b07597736c669475597bf2a82a82|5
7912|1f80effa012390ae820cd0ebecb178786544502bdfcf2338a68afb3e0befe997|3
7913|79ad8020082ab6e44908101676b271df0ad6b9d59b24c03e159a479f0f47a90c|8
7914|007fd7fe2564377815b174a249890b45815ac710172daa3b6d9bc95b94ecdf21|3
7915|c735b2af27046d799b45be30d3fa5574fa3883fe29be92d839f5b554cc1f6ac0|5
7916|769be08077756df6036e0ef641366c6509b3c89ab5c9704fef6c0440f93372c2|3
7917|9c11c664b4c51a81db75a9a09fb0baff403935eeb7d368cb249fb6763d1051d3|7
7918|910ea865335e0ea245b490518305cec7e1c64c2c1bf8759a634cb89f90f7c751|7
7919|a012de8cfbd346977580b0eda5d8cf720755694c61a7d7186000ec4c25a3da91|3
7920|23b785203e64d075df17630e5c7c3e4e9a8242506519bd57e7b73d8da75abdd0|3
7921|c8f7144177a14f984bd843f0cbf49647facb3ece6ca6626af399bdda144bb421|6
7922|cbf35196543a8917fa4aef4837cd4d722b95f34d468dcc1004aa6837e45618ec|7
7923|d4d2cd0d0abb4d89194a8ba9451f78a466fbbe3163bfae518500cfd7a869267a|5
7924|a77e280388cb93ab1d337f46029bc42489f8257aeca4f54c0a764c1737d6c76c|3
7925|73ca713293548cc0e206320c6b690b75afb7bd065ed1f3b31f3406c0e43d71b3|4
7926|b41fd61c4b54034f1c35c0d3e158a659c9ec609586865374a4ce68efdca47a78|3
7927|e8ffbaf56da99eabea4b2a51a5daaeb2b10a9cffb254b1122f9473048bb31e00|4
7928|9103875d3aac6d5e821bdd0ed0e6dacfd6c691d88ffccff37baaaa7fc7255880|3
7929|2648b185ab1eb7ff776060eb9260d61e9b613ebd93601c12f5c47726d1758bda|0
7930|4295a7b5001a92f0e9b6eeb855209c56064ca40fc82902adcdebf308620c7d76|3
7931|25d1601156293ca7113e24e30aeae1d3edc4f298bebd895d9870537d78a1d06d|3
7932|58100e395b67896f429a00408cef303aaf772846e79d4cfaf07eb213952cf58c|3
7933|f4736f7ae90cdb6f6085e5e97428f215aef9a656fb021ffeb7e35882406d0460|4
7934|1fc01de4c31021b33e51a2bdd566fe81047801de6248728921edb9d32c73d287|7
7935|1b1d05070537b268de6d1f99e7527ef89f5bafba89817dab5af9ce20896f0dd4|3
7936|21a8dd3d291694a71e7f99b99e02f09ac0f3c6c0187e5e77e857efd22bf52b74|3
7937|69801a56b08e320056a42553c58b51d189157e1e6b35c760215a171209ee2ac7|6
7938|71d16fee948939e91c6b0f21050d4face9718bd61595d28d0c0ff8cc30e5abfc|4
7939|bff8a804b26f3cd104981c68960da9eb4e9b892a65cc4e930b3089c3ac731ff0|4
7940|d73f156039179fb3c59db4fbeec996346e68a2a082b34407daaef7c88ecb6e69|3
7941|6a2e07c33823a517f222e3d1776d727b0048515f6488fbc1a312ce008d91ee73|4
7942|90ae9b5af4fb70e762f3572c750a2277c63d66bf174f7047a45e50f0c6e76567|3
7943|1b722719b293790f4aeebd41f983f3a0c9ffc72a604a479502464c6fb091a44e|5
7944|05ec53c0cb5a305b8910362b9b11e4c70a302cb47dff5f06fd990a808de5687b|3
7945|6e50dd60e2a7248e7ea4da66b4e0e97d701d016240951b77034e79965db5538b|4
7946|09732fb0a35f54381e1ea4f143e69a5c3fd8e5bc43c5dbd0da60f8380301da24|7
7947|e1507180f42fd44d1452c220757d1c26f6a80cb9ec6997773d2a34c851fb58c6|4
7948|57646660c9d94f45e3ee58a4092979102dbf5867e3211004b1947606cc05f0b3|3
7949|53e87aeac5c3a40ed7e858eadee926a3b5748369b964a3b044bc79c458f64667|5
7950|0c7626227980bf251c9b6048977dbc96e90d1188db97b69ca928df838a233fda|4
7951|d361e9b6609a47b3d9daaab1d3983e2555144410e5e6c14cd17df120ebddec61|6
7952|05ec53c0cb5a305b8910362b9b11e4c70a302cb47dff5f06fd990a808de5687b|3
7953|821eaa8667bacf93d66ad9ad635a505b4e83e0788c66d2420ed4380138e01ed7|5
7954|a7cbd57ec8569fa4bb92dcfc6a1387e902056b32ac59558087a63389f52fd59d|4
7955|7cfce76799a7932df834734aa3763ab50c94b70628547f014c9555447fc0e456|5
7956|6e912ff6e272f4a1dc79ef5193d9cddf445d0d7f346adb5bc9579a448701ccff|3
7957|8379fbe070537ab8132f2848ba9fd31b7e0de6f30a7d1374acb731e87af45e90|4
7958|b46f1b58d74010afe308f0be350f15c67df77a6fc3a8716e949be5b9939aa122|7
7959|1b722719b293790f4aeebd41f983f3a0c9ffc72a604a479502464c6fb091a44e|5
7960|9fd16cdf335675e07787ad20d179119be4c62a939b42b2788d5162c2c668ea38|3
7961|a874d22936bcaf59a4e95e7d02b37886255576c38ef4690001914b84057f6406|8
7962|35b3d9c7f31e264f11512ee34972b160edb0659b8702ea9b8a03ea61a66d4f2f|3
7963|0a473c6cf4412078b6c24cd2e893c51a7fdefabc979793d027229a69114b44a7|5
7964|a834d3d244e88fcc5bdef96fcd875b3b850b7fb3c353ec8b8ec8e1d34431bf80|3
7965|d4b3ef1c5abae40cc97b901f16e0e3be13782e2b5a693321b0e1eb347729c1e0|6
7966|f2c3c07044d1acab4dd42f1f202eee30d5ee2c3fc3c6e263e0030b39fc223e30|3
7967|1dcc2e0cccfdb2fe022da1e2f53d814dee1018ba6b97ea53e6cd14b9fa56a12a|2
7968|e023adfb63acc36b907c326e53cc62e4f97ddfa641e29aeb94d50bfd1f8e7b10|3
7969|b7ff407e9e91eb57f4457e70930ae7e70b34bc67c34643ce63a60573ab07b048|5
7970|9728e8fbc685a22b2167e3b0227274d246628a8b2f154cf76134aaf80668e2cd|3
7971|0bc946c08303c24a0bcfc77c4b9f19b4aacc9142891d6ded9f27a80f730a4433|4
7972|78d6c9d091c3f28e1b428f49126b9b91abeacba54ccfd124fb142e03d24846e0|3
7973|5792ca4c585bf98d11c5665b19bde07bd71b33bb87dde8ca484afd09ba41b78e|3
7974|e8f792b5ebcfddf72a34d465e365f0905bd882278e7407b0c64679e7cd114642|3
7975|b7d1e21eaec93429949304d2246b5a29ef5e2e4284d654e5c9505f6c6b45885e|7
7976|05ec53c0cb5a305b8910362b9b11e4c70a302cb47dff5f06fd990a808de5687b|3
7977|f0dbf534bba41f5c053174ea0c1fc215932aee6c9570146098f091977c11fc8c|3
7978|1309814aa789ca50b7f6bdd5c5944f6923dec70df4fdaa712df74ccae5890246|4
7979|5c60a3d5eba4238a403560f386e5331f6d54f229ab9a9ecef49b7d639da33a32|4
7980|a77e280388cb93ab1d337f46029bc42489f8257aeca4f54c0a764c1737d6c76c|3
7981|f7808c64952ef10c5e3a1ead9ff1adbe538e947e6d3c63350dd6952fbe450683|5
7982|82929d78debc4b230a3b5f77cf814d03a993415d2bd0c3e323b02e11bc2160b6|6
7983|757d568324763b758a8c7a819452ed8fa0871e8f311d8a335e0a9b66dbbccbd8|3
7984|a7bc7c2884b655c0f45f3d73c49c0f3984eec03a94b1f022dcdde36e411878e9|3
7985|182a5d7a69761121b7e8c9a61d22d8094659af9a3b13107a6122803ac2cc4821|7
7986|a57d46be60127cc95465e96caf84a9a23d2d82dd705c0e860c5b67d2d08bf7c6|3
7987|f0b04ac29174fa0dbc617935d4b106fe262fe4a64845973defc0bc8336ce0cd2|7
7988|1a0b665537e2068cb13fb877a8dbd07b89e48bc4169739cb10ffb79400567847|3
7989|c8d41788e4cb883e879182dac1fb1d6f7a0d3d4fd76fa0a945dfdbd105982c1c|5
7990|56675382023cb4ade4f1e2af1516686529cd85f7c43ab8d3b68e27f3679b31da|3
7991|a36bacdffe68b5f28281bd5e46588da8e2b2170c7523d48307c565671ceb60d1|7
7992|05ec53c0cb5a305b8910362b9b11e4c70a302cb47dff5f06fd990a808de5687b|3
7993|268090452a8ddf9eb27a55c74e1328ff1e96fcb718e135045dee28dd34d567f2|7
7994|26fb25492e5e2597251184e410e487aea038852b6047fb30ca0d585c54718f1a|6
7995|9cdeec3364e7ece700e5141e9b04e869af26cca857855c4e20bd1f0d7e765ccc|6
7996|b90d12732b5fe98836d72368ce00611334c0ad0f0610ae10363a1abe73e551ee|3
7997|1412fea30dcb93a37420e161e7d0e94e6dad5694213ca415cbde1d6a5bbd590b|5
7998|7b1b1d2a521cdd1ce15d52f5fbdd3843ea8a643735deca1b35e159f95d2c0794|3
7999|ec042704ab58770e445c9438a13941fd93e8d68270251e9d2830c6a415eb9c98|3
8000|ae85c8942184a3d66018ca24f8f39c610475b2610c75b2f04219325d3df56f34|5
8001|578e8c35c976b1261d16a0af7a2470d97e0f9aeb9156f82142161e66a243661a|5
8002|476128fb572fb8cdf2d25bc8b08982c91923af4302e792be6379949ebb410ba2|6
8003|0eff9b4598b909bcac2c18c25a2a40e20ad93c00d5ae6bc21618223e0187e5ee|4
8004|a77e280388cb93ab1d337f46029bc42489f8257aeca4f54c0a764c1737d6c76c|3
8005|910ea865335e0ea245b490518305cec7e1c64c2c1bf8759a634cb89f90f7c751|7
8006|56675382023cb4ade4f1e2af1516686529cd85f7c43ab8d3b68e27f3679b31da|3
8007|67a97eca8818d3f7a603a7855fcf73445d87fe6111cc5aea15916cc8c0b118c1|4
8008|cf5f66bea53ad6dc4dd3beccf4ac597f9523dca405b5f332ea50938a9cabe4fd|3
8009|a5c99a0af85a53fdd47071e6084f5d0c9adbfd0be3b9742d64879c01ed7da038|5
8010|5b3659ab1bb2479311f14a061dd24a8f9e8c0e9f16b180856b3e511687ed4560|3
8011|392f72863f82ec2b7e50112a01f0ee5463c48fc12e65a502c68e1e43202bb32d|7
8012|aae5390f27768082bc00458ed391630bb9d8f655bc1cf999c329fb3b80dc9455|3
8013|bcab26a06b9916c3a678ccedccdf420f5e78f073dc600f8da1432c8003d4cad0|3
8014|56675382023cb4ade4f1e2af1516686529cd85f7c43ab8d3b68e27f3679b31da|3
8015|7d6cc8e6992c58ed5a0b42910463531cdc94107225ac9f356c5d1e54ab20de59|6
8016|05ec53c0cb5a305b8910362b9b11e4c70a302cb47dff5f06fd990a808de5687b|3
8017|5f7c7e5830ac056fb5671cd3696a5b5c2637fbf79acbe35b7dd669e9208663d0|5
8018|4295a7b5001a92f0e9b6eeb855209c56064ca40fc82902adcdebf308620c7d76|3
8019|090a1c1c992810c41deabef9e46bdd12d45d84ed84a76a34d8550518035c6711|5
8020|8462a6bd08441e843944c9c7bd7736432c2568eecca4962def7170d3aa2fd32c|3
8021|c152264621f650afe12f330a10d3ea6534fa8be8f3722d218f29255aeb3aa8cf|2
8022|212f94070c4762122c118b97c3a9e33d3b0492414b2835b338ad833b48b368e4|3
8023|35c63ea1b6f65ee9fefea1881d6cf87dac138ca65bf006324dd617f89138c50c|3
8024|1f887ac8c28dca20afe91d18193e769cbd5f72121ee1fbfac59694bca5e05bf2|4
8025|dd69071684717e241487bc003b4a488773098514af1e090da1e763f4c59f005f|6
8026|05ec53c0cb5a305b8910362b9b11e4c70a302cb47dff5f06fd990a808de5687b|3
8027|7e696bb51f2b83005b449c645885197c4dc9f961b3816452eae3dacb3c91a1a7|4
8028|881c164fb0a0311d03e182221676488b90bb9d140122be6e73c6598c4804d70d|3
8029|f5754adde9762038569a1c3b7bfc0b242556ce45da9d078e691ada6167e17f85|2
8030|19dc223be04e73c486a0073dcf7d1d832929217d7b1a03c5f39802599e887235|2
8031|426ec6f86bfe3f1a69c9f08b6f45a2a57b4f10732ffe312a6a4add770d884933|6
8032|a5958099cfca68ace92993d397815712271feb36957e2df55127447ce90a407d|4
8033|685f2852ffd93bf480a0fdaec31bb6ad6e5400808f12fd1b34d5ccaa2e9ec10e|6
8034|aa14e721c174f105a869f521d24e971a945c3deeb9530ea81da3532c08a0e940|3
8035|c8bbef2eb9d26b9dad802ea30a5d5370981c45310dd118e00f3f938e98764744|7
8036|8c834b65221779b8d74e9f57f27edacce65d5237a648d3b0991ed75134459290|7
8037|fa9d6c7c0d047166a2095512d3cc9552972c2324e40248ed323376320cb32ecf|1
8038|d421c83a0bf1c1b1478e6ba0b72b4c3e808d1c2a9724864a890151e8b03753d6|3
8039|317fce142d9ba9b1099172bc3553b266e6acf9a86415dfa749065a55eec99a0e|5
8040|f9f3b2ec18dd84a575ce615f8f5dbf9ba8bea79999f4c40fec567747b060302d|3
8041|a961ba9bae11e607cede799a7c7b381596c3bba4d4ca4cd4fe57522e1d4e0b98|5
8042|4f3ce93efba72e466e09f3f914a7c7ab23de1d54903f0966352a9d555aa5d0d5|3
8043|b7ff407e9e91eb57f4457e70930ae7e70b34bc67c34643ce63a60573ab07b048|5
8044|e426684a9f4ecda714b6eece229ef942ddf2a6e8b7713a8d2f495d2317dd89f6|3
8045|748424e8784412c89037624eadfd8d040316ba01a977214d8caec3153d487ed3|3
8046|de201a02f974a54bae72b3e4b5e5d7f561e4bd5426e73297c92a1e226c8b1563|3
8047|34d72672607e11d39e01af92368215b5331565adc7dda82e442f42c14d77da94|5
8048|5164d12ff1dbb71356e473ffb1b3ce1ac11e5bac74ed5b2a4a2e329b753599f5|3
8049|2bab36afcf562b45bf7d916942fdd90dab99e78294f6fc96a47d11918923fdbb|4
8050|2b236a6677248f5f271130da0e3c6b05f3696e36a380199daa50eafaaac43583|3
8051|b7ff407e9e91eb57f4457e70930ae7e70b34bc67c34643ce63a60573ab07b048|5
8052|e27af268c67b712d6d6ff0696e797803cccd69643e87775d6932c311c473be4c|3
8053|3068e09b2056c4714d1fe4a099b3a63101737d263654757580dec9c747828974|5
8054|de201a02f974a54bae72b3e4b5e5d7f561e4bd5426e73297c92a1e226c8b1563|3
8055|220788c3f4d1b5cd4373f5bf29e86143157eb37572cdea6662a31b7debf096cd|3
8056|4dbc55cd0a05984b49698e4ebc665d261097db9162f5ea037dd4921d7c43e914|4
8057|096656018b45148d9facd1c8d84164c31276e32e5c520a08cacea19f7ea6f864|6
8058|d43a7027aa609780552fca4f6b9025d954b69542b0b1ed5af83097e1ad036c85|3
8059|c8557218ae0057f74a58127584b437e30b03f8f6156c79010879baa19b11e94a|7
8060|62af2949a111345423bf6032c8750b1c455a88a8ac8071f8756a8412562d1ea8|3
8061|295c53e356f5e22dad7376d38115f03371c392f73b393b8ecbf8843869fe3277|4
8062|a77e280388cb93ab1d337f46029bc42489f8257aeca4f54c0a764c1737d6c76c|3
8063|4d456437b394a8aaeadfdc6354283c94ce333d9207edc7ef30c0d4d099cca937|7
8064|2b4298dda2c83f70760e82095ef7386dcfde193bbf30c564e94fffdd2645e243|3
8065|e8d8f890f8991ad6f398088bad8ba0d887d768a0144b737c8a792d2294cecdd3|5
8066|77f6ca5be06d30cecb07c9180f3d0dc4700d43a5ff06d4bd06689257f9a4a178|3
8067|2594da75a92479ad6ab6d7dcced104a68036e111ee925746b80ff3d72888653d|6
8068|4295a7b5001a92f0e9b6eeb855209c56064ca40fc82902adcdebf308620c7d76|3
8069|fce4560117075309f9b964cf05e3ba12ce89dffd455cd70009f7e227d40b2f24|5
8070|30826213ce395a9d214b18715665751c3ec04c9df3356044fe52fe60d7578c7f|3
8071|0210ea91a1d3987f1b702a0a6ab8c0ace7dfd96ca51ea3952c22464a2f03cf64|4
8072|1b9d9d2fbc61d1c7729f1882efacda6da1bb1dfc734d6c56a8c9960900e17aa5|3
8073|42721d435bd7653b5d5fb495cb92d0c4f4f7e006b4e08ff15842bc658f77a8bd|4
8074|490b0e3421ae048f4df5875e5176b300b676e9bec70c0a4a41a7c353cf05fb34|3
8075|512ee600b8eb98e019e55b881949569194cec2b9f95253ed1290786531e0413d|5
8076|63bf826f057225320eb0a9cdfbe52aac2ea08ba779c299b659fdc4a73a03e635|3
8077|3d98f2f20d6080294d1e40f285d4e4f3864347970f01ae90f19abc45960c5224|0
8078|de201a02f974a54bae72b3e4b5e5d7f561e4bd5426e73297c92a1e226c8b1563|3
8079|3ace5002f4e3738b54d1c3317881cb0e0794b2445664a8e322bc2bb137c37905|5
8080|617d61f41067713282063876420d91dfd4e49e3bca21ec6ed1bb6b88cc73a1e7|3
8081|e95e00fbb8865c06c1d8d4848d5de3ab30d829ea541b8dd5f272a7f61d687cac|5
8082|897208c31d8a8f323b51e517b4121646f87a0976a15ad38eab0fab352011196e|3
8083|512ee600b8eb98e019e55b881949569194cec2b9f95253ed1290786531e0413d|5
8084|5abefef2efd90807d31dae9810ced56695c0d55daa6638aa08da241be57fc8d8|3
8085|c735b2af27046d799b45be30d3fa5574fa3883fe29be92d839f5b554cc1f6ac0|5
8086|ae6427bca535be6d4ee967c290756ede9a4b88abd0640f65108724993a0d41e6|3
8087|6e7ab30db6884fbc6368108e2590e82e115538a60b52804d09f9b6d7b34bfae3|8
8088|9ec7db3c84a5103e05d274bf79323ac13581ab71b063e9de08de309508f51491|3
8089|910ea865335e0ea245b490518305cec7e1c64c2c1bf8759a634cb89f90f7c751|7
8090|713bb01cc3e0cc113eef5e850e3e6e3b624b36284f3bcfe0b6f0b8ff82b1a256|3
8091|229264eed1473733d3277dd60b93139d4aa719aa45cafeca3b19152f015c4b07|3
8092|9728e8fbc685a22b2167e3b0227274d246628a8b2f154cf76134aaf80668e2cd|3
8093|c282f64a3f62fe9626b7b4848d07e53c28f64bc1ab1d3e5328ddc13dbfcc86fb|7
8094|d421c83a0bf1c1b1478e6ba0b72b4c3e808d1c2a9724864a890151e8b03753d6|3
8095|44e56b50db7f44f52fbcf08c1e6084ca02b673c224eb9499b3404c42e3356784|5
8096|375686e593e74e37c47238cf595f8e7c64e3e43fce7acbba6535d29524664961|4
8097|d6fc0eb19da0b10b9aa31f49842bbeabb6fccbf68eb99276f57550574733e7c2|5
8098|f908cddfd6fc7a3d6f743028b8d6dd329d97b4b1d9df45a38eed2d539411e80e|3
8099|11e54d60fe6aedbc45c4b0d3cb77c3c91800c120d7d04ebfabed35251a029e31|6
8100|a3af54fe2e8b76ab19c0cc35099de34662d84b7b023fa3414afad06d707a2f42|3
8101|aaf0fdf9f501741f716a8b65577bf5433cbec7faa8a5e6e0d0e73f36fdc851e7|2
8102|a77e280388cb93ab1d337f46029bc42489f8257aeca4f54c0a764c1737d6c76c|3
8103|0211730ba12e67727481c8fd5d3dc349126fa99591c6c8c4448da5741a51eb53|3
8104|df5c28a46ef2795917feb1b29c7d6bb9e1d2261de480970c188c132e1c7754ca|5
8105|ceb49bcfdf6dfbf42e405b946f9bc1614ff8060416f2b644e665cb8a529500fe|4
8106|d43a7027aa609780552fca4f6b9025d954b69542b0b1ed5af83097e1ad036c85|3
8107|4340c504a807609057259157a02bad99505ea06ab7ffc84b7f951ca652c569b6|8
8108|159a956e086bb8b64674c93f33563bc3a6b21b2996b39fa1b28ad81665dab612|3
8109|1495159ceb4de75016f654cddbc0687c471f965530f5a3feaa846d7a4d8f564b|3
8110|de201a02f974a54bae72b3e4b5e5d7f561e4bd5426e73297c92a1e226c8b1563|3
8111|295491eea7969d68d38aecb17325e18da9b1d082ef06f6825491ecd2d7255a70|6
8112|0c6629938b9b47247969bb7ace221dd73966f3b19203243731ad7dafaf5f432a|3
8113|ff6218169c84249d0820f12b18e5e2fbe5086419bd9714ca68601cb2e42a685f|4
8114|52f18b8692aee43fa84e89ddb50a928d454d52a1787138ec8c16224cc2cbf701|3
8115|ff448cfc4c2f1c5314bac07f5cee641028bd63e6f8d8fdf009fe5fffcc40caa1|6
8116|675dc18744b5e4a63203b1016a3bc4f6924d12d9879c386ad3eb9433714acab0|3
8117|f188cd5af0e0eb1aa077c674ff46c9306d955614a8ba5a673e33343071692086|5
8118|2938d1d7d269916d66cf8bbb81e1f1e10de9f64f216cea1feaa88a15aac81308|3
8119|ff6b994352cc81555cb0c0a2101d626176e0a2559c613fc1c5d349d4319efb84|6
8120|2f70448acec0d45d84f80c18f645a152ac2f6e90f0f9e316dcee371b8f33f6fd|3
8121|e0806911c0caa328d69f410fcd5935c1088642fe08abd004a2c3195d6a3aa2e2|5
8122|5744658ac851511a55f459481b13f37ef0ac971cf8cbad291d3691b90a9a7419|3
8123|5ded53ef4cb3fda5c651daceb3fe72d803046299b041d6ce3baf22f7f6e88052|6
8124|3c61cab7cfa7ce332a264d1f730110ea5a708aad87f606e67339dba9b378f83b|3
8125|976f9bb91c71540dd320b1682e7659a3128b8d8c082d8196d3da7f858af3ef50|5
8126|6afd8850378ad7ac7fd1e8e091a63ae66e1e6319ae4b55b2edaea92afc3b013f|3
8127|61e727b3028da1ed9be4bcea776e657c027a8d80e9dcf40e8c0e6745d289b48c|2
8128|2c9406d57076c68dc9d6247c26c0749db133094a0ae8369fa11ba6261d621330|3
8129|f50fd1d9983f09b3724f6ed4d4db9999d96b064c14187eceda3b776395880bae|3
8130|8bb9442703a78aba80f44df37582c8dbdd7ec4b5006a97ff350171c4f0d17a27|3
8131|512ee600b8eb98e019e55b881949569194cec2b9f95253ed1290786531e0413d|5
8132|96f1c42a8f311c360876adb94139f4467f913125fcf638d0a729c2c15e9e28b9|5
8133|903e0f882093b98f78554f7992258bc316b6af3ef9c91670689cf51a755c8f63|6
8134|de201a02f974a54bae72b3e4b5e5d7f561e4bd5426e73297c92a1e226c8b1563|3
8135|f4fbdd80d14d1a4ad6eba6d4df2b49ee2465bd5cfac9e0e1b4b7a5ae054f25dd|3
8136|67a97eca8818d3f7a603a7855fcf73445d87fe6111cc5aea15916cc8c0b118c1|4
8137|23b5a44968cc22b993583a0e8656da5f43eb70caf492f6be1a6bd0b4f1e8f3a1|4
8138|f3f4bc77c9ad35c238edfb5ad8ee3c4a4c98028e156dedf85ed74fa71ed5568b|3
8139|952e420ee6229e2bb3de994a4d6f01e17d94cfaaa545dbd897fcf64defa1154f|4
8140|89e7bc756d0ac36f10bed60934f6c181d7e9866ef0f3cd217a8fa36bd9450131|3
8141|99117fe78e19cf71d107715499f792215e3890e66b8b03451ecaf9b76e6b5a20|4
8142|6afd8850378ad7ac7fd1e8e091a63ae66e1e6319ae4b55b2edaea92afc3b013f|3
8143|68ec52c42ced752ef5c3dc7309913fd888497e5dfaae5a39fca86df17e1e6a8c|4
8144|28939ae0f07ad19f6329ea8ccca2192425e3a66b9b046f0091c362c460766182|3
8145|6a2dadb003b0b0049e029521a00d0637988787895e9b2f29135cb48028129d73|4
8146|df04d9110f21c8e83d0affc1a075d3de6da126c31bdb056f59143f9cddd0bab2|3
8147|36e96d791fe90960767f9c29a522315da8956e47547d73ac81cb09e83b933321|4
8148|0e0000b3f25808795851b3bca05a8f4d127619809153c35325841ede8d5f050d|3
8149|c735b2af27046d799b45be30d3fa5574fa3883fe29be92d839f5b554cc1f6ac0|5
8150|ccd4457a892d8fbd5fcd833710d5fa5f816bd03fdda09f2cf1249569bfb1f36d|3
8151|266585e90c45731ebfb7817bc6ad8d4a5c699d20aa74f860a75a66b8d2a6cb7b|7
8152|0724bb4ae09dbc33af6adc4e24e4330642c40565a1c10124792b18db064c0cd1|3
8153|a9a06221c885982a9bb494396a86caf0d6fd4564a1ab7cab4f9aa6e28a1b311c|5
8154|440bf84867adf29069975346f69daf6c1296d5aa2a8dea24edfdcfe377f00689|3
8155|1a7c497c5d0ee8c53d684bbd216a1be890aabad8eda04f2a4a8ddf92bcdfaec3|3
8156|7759f065fd41156ff6501ee8c1bce38d240b692527078d2a5e1292267f729ef9|5
8157|75ee267146085d111b5e5fe6465d3164a2776cae4d3439ef029fa82c058c29ca|5
8158|de201a02f974a54bae72b3e4b5e5d7f561e4bd5426e73297c92a1e226c8b1563|3
8159|33626dbacf44e4032628a4037b2f059795e6a36881fb1796b43680e4c0af0924|1
8160|0724bb4ae09dbc33af6adc4e24e4330642c40565a1c10124792b18db064c0cd1|3
8161|fed2cabb7a8b3de11c8e759fecfc4a6ab01daff782016d92a62594293e23b421|3
8162|e77825a0a0306207252f8cf0bd64bfc7c08599292d9813e06de2ecf017f17897|3
8163|51e4af8e224e0f92f5134bc1a7874fae1d908139613661a4559ca963625c69c1|3
8164|2a03f4e4ae286d4fd511f1a6ef3ce5be48d6d04dc5c357427f1929a3d1350031|7
8165|1f7120a038572b7677b6cb3befbe4c7157e0d41e08beb1c2c605e442bfa17064|2
8166|de201a02f974a54bae72b3e4b5e5d7f561e4bd5426e73297c92a1e226c8b1563|3
8167|1c7b3b6eb2f5f56d6349180857797b09ec9a310d67d2eca19abc5ca8d1f7cc3e|4
8168|77d1ffa8db5c642b7fb4c76285d960144c81f1b84b78730dcc395a112bf553d2|3
8169|3e42bed91e4bb11f5a363ff90bcc3ce752a29eb17fb6cdda42fffd42938eed69|7
8170|d43a7027aa609780552fca4f6b9025d954b69542b0b1ed5af83097e1ad036c85|3
8171|512ee600b8eb98e019e55b881949569194cec2b9f95253ed1290786531e0413d|5
8172|ce713d7b745cf1f6524308c3c01e17cab54c319890a6546a36f022facb0948c2|3
8173|19b96b42dc174471fd9c3c92d8172aeba7f98edc975cd56aeddf5995650829c9|5
8174|de201a02f974a54bae72b3e4b5e5d7f561e4bd5426e73297c92a1e226c8b1563|3
8175|4f6d6dbc734fbd2a7cbebe064c8ff4be859e37272be4293c2354f16c71303192|3
8176|ad4b54bc79a5305c4747890e87eaeb9b9aa21d91169b958f06e9e35bda57cd0c|4
8177|0a896243280f708a13e2c0ae0c8be55817562de7f1f6ac3437e261579912d1a7|6
8178|c981a181de9eb4b70e27d2755bda748dcc060f86bdbbc22c3d22daff2ff2afd5|3
8179|3528a3247e3bfef909d322f63cfdca4146ddd700939729f1b652acdbd58c787a|5
8180|24857124b303631c27ece382488d9ce031d8af2d19d2d9ce67e1d1217d255e2e|4
8181|8bfdcd514e32a6c153848ba8dcf7a34f088f4c5a70de0bb632c4572e341b9c92|5
8182|6e912ff6e272f4a1dc79ef5193d9cddf445d0d7f346adb5bc9579a448701ccff|3
8183|348821d34f086a31fdd33d25b53708ebbf97fec586b4439a8a909e3c8e8075e2|4
8184|83f73822596d241c4b52aa8d95a1838d12b6a48b2e7b90127e128c316a7a9f14|3
8185|3865425d46264fd97971976e78d61a85df5d54861608ae5771047d74e15d87e6|6
8186|c981a181de9eb4b70e27d2755bda748dcc060f86bdbbc22c3d22daff2ff2afd5|3
8187|990d0ea85d9d2dc6b1e49b4736a1260990ee7c54a77c2f811624ce083ec8f20a|3
8188|b510592caa0e5c121f3f4390685e307733e656df66ce2178411e8a4f4a6f456f|3
8189|c62acd5cc31df4bf1821d4cb264623b19ff8541ad86495bb9ac4f39f9955b58f|3
8190|adc27d79f07132cfe67d1a3984aed83affe451b7302dd6e760ff3218f4b66aca|3
8191|fe97df1d237a73db55a2b537d3659831cb5f87dda9a1c416d0e5abf6026b008e|6
8192|63ba82700acfbc5b600ca00a28327e70acdfaec4065e7dd2aaa8d1548cf90140|3
8193|83f4c6bf3385f051d6443b14a6ce51da209d6a4a9b8c1ae6f1ee398434938735|3
8194|b135624d62b5e58d858c897178e91d1efad919324c530394fcc18809a4c77bf3|3
8195|dbd95ecededaafb7ecc0c9cf845379283d0e6ab03e9943e840858966a2afefa1|7
8196|26c19544b763e64a73d0c55e638dd43891821abaf2b9abcd09b18ac650fb02f0|7
8197|4922f3e4a24b7a646dc7a53e2dab10180743e7bcb3f48a47ad657cb8cdfabe3b|3
8198|28b96d99f3422142a01b11d371fd05e57a324c86c887d6465ea6755eba962009|3
8199|9fd0d28a66e055170ebc56487afdddb70293b28dfa953426891e2f709e7dd53a|3
8200|00de920d8e292663f0844b5102efefad5de8fb1b3f9b52b06b10a2c2c2ae5c5b|6
8201|19f36fbf926a7baa5b26b817801913d7a3c8526885f195157eece410c935459d|5
8202|d43a7027aa609780552fca4f6b9025d954b69542b0b1ed5af83097e1ad036c85|3
8203|5c0d3fd601b67ae2f125e6415dfba8ea1fd0e0c2e3ef0f1874de2726e8e61142|4
8204|a8abcc37cc472d29ff75f39813b957b5db5d8bfd36fe98ac684fdea01b52d299|4
8205|b5e74b3bb48e8ff6815c304b269adf331070c7bc3a29bacf90595e7a73f96863|4
8206|8d85d1684cec895d0f7c7b79f565f7172648038e69e919e316a1d35265020346|3
8207|9451896423a4f95ee2ed374fc102342fe975e8dc23b5a9ef031a86795fddadf3|2
8208|0724bb4ae09dbc33af6adc4e24e4330642c40565a1c10124792b18db064c0cd1|3
8209|af7ee47778d58d186a3027c7f1ee02291b525e336e0e891b3a669c7df4fd87ad|5
8210|0374958f3e470ee36f9bdf1d5cc222561523acd7da7194b139dc153e2642cb7a|3
8211|a34dd33e56fa24a825aa6b3dd3b51df1e78b3b148ccfac3100327001788d6260|5
8212|844d75436f334f78de3f5092f4b0489af602b40b0c266af746dedb0b5921dbee|3
8213|ed49c519308a6cbb684d7dc95e089715712fe41e37ab1defedbc9a00208102ba|3
8214|d73f156039179fb3c59db4fbeec996346e68a2a082b34407daaef7c88ecb6e69|3
8215|5040f9a3071d0648919514270dc970507a4b44ae3022e6c1b599375929fda3b0|5
8216|6d88922784d69eac7a140b5d1b9a9fe760e80188dc7075cb3af90e36d5042105|3
8217|ca8c7236f7d46852dad9d3f0e7359e4114680928ced8c86ab69e101513a62482|4
8218|fb7fab737611ea5923678d5b819b60a7f803c5a79ac28bfbf0bcd6420a40f29d|3
8219|2a8cfc87d850aeb754addc793a2eecaba44bba43519f86e380ac6d231d571ffb|2
8220|00d822ab69a19651061b8a5c903d82029127aa98ee403eea989a317d3f5d442d|3
8221|99418793cc02cafea324550ab3200c5b0ce056cacfb96c22598d1a3f3e2b6fb2|4
8222|28b96d99f3422142a01b11d371fd05e57a324c86c887d6465ea6755eba962009|3
8223|8594aa2af7ab4c66cbc2fee85af16517fa1a0a576dcbe3acefaaae2a8a66edc3|5
8224|09654e67760ec1878fe83122946b210c48ff254ec11f76f6f14e3d22d7adfaad|6
8225|2485556be9db1b882654e5bb098caa487b26c023795cf5bdf92641689a200c34|5
8226|d43a7027aa609780552fca4f6b9025d954b69542b0b1ed5af83097e1ad036c85|3
8227|008066e18c67130da3be1901669eb0a14414984a7a24170eb991b9212fcab2cd|2
8228|87f52ce9ff0db092de644102d8ddc22ca8069b7055eacc688274062dae50aadb|3
8229|ada837b49cc28b3d1a4f28c9b01f7082faf1ae7487ee3cc84aa0525d9033ce91|4
8230|c9ffd2807a703bac555fa3fe21d6f81a60439c42787af4502f529c1ed3224ef0|3
8231|10cc1a894c8288d662ea126f598efa086678732a3b70e7a43b48beec2b01782a|3
8232|3cc34d696288ce945c023da3bac6f79001d6e08892df4098c83d8b926122f107|5
8233|b9c47e3827e9656208e91929b5b119f3d3e5b4a098b578bca85da49f3c332a6a|5
8234|6dc046d0b150893b6d963e7174df5156fa66fe9eac5f78cb0a476e01f5500bf2|3
8235|512ee600b8eb98e019e55b881949569194cec2b9f95253ed1290786531e0413d|5
8236|95774df936901877ff2bd219e581b7422b921011af91a5bde45411a1d8e38e7f|3
8237|e5431e1517a3dab6490b98d23fc3165451503b260fc008e900e09234b0b0ce82|5
8238|6e912ff6e272f4a1dc79ef5193d9cddf445d0d7f346adb5bc9579a448701ccff|3
8239|37a34d95b069d19fe15a418602e4e782265b2de1e2bca78d3c4eaa26383574e4|5
8240|1a81429d07992569ef5366f259bc205fab495fb43b68328e289dba1d8006ef6c|3
8241|d6cd11afa5fdb35f88e1eca7790cc7895df7a62fe4e71a5442cba277b195ee05|5
8242|5c32a9ea7132662f667de4819dd59db3594eed19a477627eb37b901ae4aae2a1|4
8243|b42a62819071c28e3d7e0383fd840ab9fc59172ae0592a4238d1e6d711d8ed4c|4
8244|0250c8bbf664401313cbd84ca2c553c6371d19bc9849c72faaca67e9eafd8def|3
8245|fd1a7fbad3f031ede1889bb7e0a15e08f384f6a68c646bfe601e4023b36e9cb5|5
8246|4b70f09f919418b0646d4622278d6e0c669d1af3ac359296cbf4421d91d87676|3
8247|9cd19f1d317c507310ba38396c70c34a494ffe0da2c44c26cf4ce375646e5077|4
8248|bf2017cb49b874fde0e399eff3c8300a48ac537da54f40ef767d30c87a03ea45|4
8249|be4f0da80955f9feba299483062af219d23f846f30f437613ba7c7ab29efc118|5
8250|fd33383fb61110da19ed539fbbf9a31714a7ed49c651eb2475f6d6a282855b56|3
8251|214ca873033bb24780351a7df6184112b63c8c5edb90e0e3a6920b895bf297a1|8
8252|08b21b37bd159eff1fb8f64ed2bfc85df66c26bf86943c5569852b034a638c91|3
8253|8f0326ed386e9f3737249d9de0e1aaef557361a302354a1fd46fa4f0b143586f|5
8254|0a7d0053883367fc74e514d6d9a8e5f0b56eac3f3f943438db289c3c745ed44f|3
8255|159e51e33f7a117a5141db280bae95545bb8cc39ba9d63c080cb77648f215954|2
8256|e3fa927ee54ff2489c59d5ff88bb0400876b9e4d5a60ea84084c39374919979c|7
8257|2e31745c1d50f1149b0da664d7bda680f8c14b5f0b0601dba04ed1681d53dc05|6
8258|418078efdc4b28305ec86911c0fa256e433d27a9a6dd2a8393877c4c241d05b5|4
8259|4e0960952a28f0d08fbaff563ef55bc100e59afa34e02c4ef3a8a4b72d558b5c|4
8260|e0359e2d07168b4aa11c14f1ab97c0e447e085cdfde98b287c52144ccdaf0628|3
8261|e5431e1517a3dab6490b98d23fc3165451503b260fc008e900e09234b0b0ce82|5
8262|a77e280388cb93ab1d337f46029bc42489f8257aeca4f54c0a764c1737d6c76c|3
8263|46abeaaa88da388bd44b9aab50bb8502490c67f2b43d81bc37df98dcd082ded3|4
8264|3db7c03cda4e860bc909814a475f698405e39b3c895f845c88a58f458c830196|7
8265|f9881d090713521be2b64021286d17762b139a957a4e96322f59849c9870021e|7
8266|fd28bb0f84069b302d27ef6934468586a13cd32490c0eefc64b0100b88b56d4b|3
8267|94b04347d05ec82eccd18c93b76fe9143351d45907ff253b9b570f0292910183|6
8268|342a26d2ab2dd4f9cece909cd262bc6545e939fa7c0560f277cf0907a4a0bd32|3
8269|0b9c0bcbe6b56be0e5c2ae2ed17da39e3342545d3a51cadbf0d59a24d425b196|5
8270|d6a3789f0102b033f262f66c44197491369fd2aaddcc4903b904c05cda98b42f|3
8271|8f25b21eff2df604b829d3246ce6f9aee36cc2ac4f293df9d5dea0e68fb8856f|5
8272|0975e9b3ed97e08f8f0b9c4b2dfe2872b641737b61d8f78a20a8d9ce2c3ac529|3
8273|ee3189a2791baa9f526067d5b9412cb91be7b944b69d4c5ba3b991067930d1f2|4
8274|ae4627c32ec5402796a81b95354fed3ef8f9280e9c8f14eb92d9dd30e49e4074|3
8275|ce763c30e94e2f5d81d77c5869909cac8cbb951a5ab9fa2a0bd2dcb6ac6ef569|3
8276|42d2e4a1070dc92022543f7857586fe1d1542927d6b445f3be96d65d9536ad08|3
8277|6ff15d05abe4444f0e0d74ea9a8c88dfd013469e834ce00d4139ddf1e0524939|7
8278|6c297dac2a1ce9073dca9b8050758b27d06cd35abfaf29981b73d7b7d47358b2|3
8279|437fa4ceb5969de9246d7592e10ffe1ce734637b3d747e1029d2d58baad70f29|5
8280|a287eb0167706bf871e5fd058278777782009c8e9cdb27fa4226685350c8a4e9|3
8281|9eec701e7c5af08d58e67358e4125d26e2ce8343813a6d4670aaf113f381100e|6
8282|d43a7027aa609780552fca4f6b9025d954b69542b0b1ed5af83097e1ad036c85|3
8283|b5393df3f9c2681d489ad5e47ca9a46c7217b47a78f67fa8714e572a14b6dcc2|5
8284|567070508487c88f1fc88e1f5a4e4a99644b3409e96598b342f795a0a9f9bf67|7
8285|45b09b54d6a68a64a8eda39b7873c9df98ab0a86307a10cae40f6e175821f3c8|5
8286|6e912ff6e272f4a1dc79ef5193d9cddf445d0d7f346adb5bc9579a448701ccff|3
8287|5f16981b6ce88005baf337458513ae0136aeb0a8ceb16c72d3630ec3e3057dd9|3
8288|73415e659dcc6ae997520a54b9edfd58d87612ff829717b35c5ab14f8c6a56e6|6
8289|61a513c2deeb25274b5b7a497dac83cb9d52ad129b1e511e16827e2de2e072cc|3
8290|7d8cf3c807221910506fcb0c3e0f5843e86eae84bcbb031e6c7d3700514abaca|3
8291|fda3dac470751149f9fb5e6b30478ddc7cea6b68627e862b36a41e75f5b772f9|5
8292|9782f66ac5ac4e6e6f92d4cf2d0680055a2db4245341fb2dd7a594385c2d9e87|6
8293|d6842d334b919babfa2d98c439476fdb61c13b082f2be65fd47b4d1c34c49f0e|2
8294|de201a02f974a54bae72b3e4b5e5d7f561e4bd5426e73297c92a1e226c8b1563|3
8295|39081ce628d83df74f8752ff2c6acd141ff104553d33989577aa145c570582c1|5
8296|0724bb4ae09dbc33af6adc4e24e4330642c40565a1c10124792b18db064c0cd1|3
8297|4462067ebc233fe1ab5b62deabfb9ff9d660c2655d5fd845177b83dfc7ab902a|6
8298|7830183a4d780dba4ad51b9d1ba99c97843a77311de10eddef9a7af834706192|3
8299|406ebda3c7c3090f2bb338ce2fa50cba348a86fdd9fe5da3113d429b654be11a|6
8300|75335204a6f8ac7cb736df81937aa0ab6867e2294a86ec59d74f26dd41712137|3
8301|7e3aec9da61924d3ce6c1fc598c006e8cc6f58a8d462f5f9123de358088443a3|3
8302|927f42f85abf9f00c44b565af3798c66976f86ebe3b6411fb7bc90938ba2f5f2|3
8303|7ca5bdedd162f273a4b997957a99db4876de65a73fc0591d24f10640a6165f45|3
8304|910ea865335e0ea245b490518305cec7e1c64c2c1bf8759a634cb89f90f7c751|7
8305|af7ee47778d58d186a3027c7f1ee02291b525e336e0e891b3a669c7df4fd87ad|5
8306|9a0bc8bff0aa07a606c47bf940f96d89ef87e69110fd35c2e38adf7f51a8cd79|3
8307|ec86043a768a007d76aea67b636ab74bd882d519362783f903285b8f66164e3f|3
8308|b7bb4d76abe328c50434ccfc233fa36375c9e2e0f627a607ab9e4a081e6332b8|3
8309|0c9318abd2b1be935823bce7976add7202ebe276e294c46bc3f3e6a12dacc32f|5
8310|df609b3fa70d5f2a79305a1893bc538161226c0eea7301919ade976047c0cd09|3
8311|52baeb1c79835e23498dabf38531d7dc35a2178da81a6e67e1715c9c0e3df7ce|3
8312|aa00c465113a5d0eec56335b4aadcd15baa55c74e1dc3bbc40768b881a761975|3
8313|4e849039d0491ec31881a2e8110c378b627e5aeb58c0a26bb6b0419ed6426bbd|7
8314|d43a7027aa609780552fca4f6b9025d954b69542b0b1ed5af83097e1ad036c85|3
8315|04498fe8d815b6799c29596126966cd06af8d7168e4f53808c33ab285a48738b|5
8316|c62af432e2b5485c5e42b83e13f14b49c30ff301abfaedc53518b55ab79b64ab|3
8317|d3123ed5ac17e3050555b9c00a3e264ef05f0e69ad1a438335c69a181b8dc1b1|1
8318|33a6f2e8d8812c42c432cb61b6858fa003f89ac13f43bce5210e72ee28f008bb|3
8319|37ee13c19821095b55a93f139762512a0060194f8d942f7b31eaf4528e900932|5
8320|25862f480eb2e635478b921344ef8e2a736c799b52cd4b5393c2c3e7ad21970f|3
8321|6fdfa364d57d5f0cd064f1392f9412391c5ef1c54e277c1215dd4a65b9520e11|5
8322|05ec53c0cb5a305b8910362b9b11e4c70a302cb47dff5f06fd990a808de5687b|3
8323|26c19544b763e64a73d0c55e638dd43891821abaf2b9abcd09b18ac650fb02f0|7
8324|3436d50c757070e709519eebafdb829315d6d3a4da7550de8c1dd42e5efec65e|3
8325|93eeab27e70709f859a859d63dad16832fa269f88976a48474e41d7976f3413b|3
8326|a77e280388cb93ab1d337f46029bc42489f8257aeca4f54c0a764c1737d6c76c|3
8327|db7b554b1c3b212e0573b4cd9dc65714db067132ae8f9bf8b29cc4cd0e4d291e|5
8328|0724bb4ae09dbc33af6adc4e24e4330642c40565a1c10124792b18db064c0cd1|3
8329|49a39fc02ff9fd8e603037bf0209b855187108adc0816c0ca225a9d1c302d8cc|6
8330|f1cc58f37630918a2f29a575b19b561dc41bc99e5c74aeef656e4c304ad9cbdd|3
8331|93084becb9366e178a7e1eec3ed82da17acec05970f5cd2ea04c9c71a03eb94d|2
8332|7ed3f9b844ad7c8e259c56c9b7dff89a3108edde5ad14b41c1bbe30fb332cfb6|7
8333|43bfce4d31613c1ecb74e9c4770e1d6b59f5591d4ef9ff3564b124b4c360c0ef|1
8334|ccd4457a892d8fbd5fcd833710d5fa5f816bd03fdda09f2cf1249569bfb1f36d|3
8335|de1efbc58f95c5a970f53e4bed9ee63aab5e7e0e2ffc657b100a91203fe46d38|3
8336|05df66241cde186cfa1ae6f9293b6fbaf9a8a62d45751cb19c5a9f4be4abc2f6|3
8337|dfd0c67dd9bfd5c1b02f3ea57c663321586784c38bed4432e370437276a83ae8|4
8338|d43a7027aa609780552fca4f6b9025d954b69542b0b1ed5af83097e1ad036c85|3
8339|512ee600b8eb98e019e55b881949569194cec2b9f95253ed1290786531e0413d|5
8340|95774df936901877ff2bd219e581b7422b921011af91a5bde45411a1d8e38e7f|3
8341|e2b50655dcb4d7cfef0fe86f723ba3521507f15e802135b00699809c3cd879cb|4
8342|6e912ff6e272f4a1dc79ef5193d9cddf445d0d7f346adb5bc9579a448701ccff|3
8343|96e0f9c3a1f93991aeb6b5a57dd080283ef935a06d795c08e13d4bfb0ab66095|3
8344|6556cdd6cd8f30e851dac0f64165662bc7fc6a750b8d0b1a3d14db399ff0e67e|5
8345|2d08cd7da2ad0f333a8c6873850174ec596f5c2d7dfc1eaa32b50fed7cd38548|3
8346|d43a7027aa609780552fca4f6b9025d954b69542b0b1ed5af83097e1ad036c85|3
8347|1f36eabd6eea6a0605aa3d0128f7ce42686b7b5290286bccf8db0f56e7469f9b|4
8348|328d0063abf450f2448895d8c75eddf7655051c936c8c3c95a39488b51ce2fce|4
8349|67ce179a93c823f20e0d4f6055ec138ccafe07686909761bb8b1dd61bd8550db|1
8350|1606c35f662c6425fd17aef5e27cf208fda2af6f9ba2ff09b461aeeb54d6b9f6|3
8351|1ca6d92ed858cd6d5abd8b8489b42cd09f89ad78663137917944191bab578e79|2
8352|c29880d04514be17e70ea6cb392c938cf2891a73ecf286df88e22e012a036ff8|3
8353|9fa6e65c73b2477b056346271afab1a559c5b8cc54ec19f5b0701d32d05cce2a|3
8354|a7e31220135febfec259674a58e07f9cf92a5cad4332997396bf964aee28609e|3
8355|2a13f8ebbaeb2d7287a8dc5ffd6ccc0193de3708aab8d9c53e4d2f30c3cf0354|5
8356|d8b8864ede9d27778602dabeb94cdfef33d6491feaec007bd6c399d620e97f51|3
8357|86f9ebc0c5f6d3a27918e624aca19082881b69287d4170447c268894a34cd12d|7
8358|d56c2be551fca000ed65b4eb8f7babea0a2ddef79bbab2ea1fc275b67d0d9e32|3
8359|e57bf5be9012d9b479e20a7851611eb3b0f1024c17c27cd9ebafa89d33b28d6c|7
8360|9ec7db3c84a5103e05d274bf79323ac13581ab71b063e9de08de309508f51491|3
8361|f0166cc430e6f001ef9320dfd583290047a75ba8c6ea0cf6910140fda3268b3d|6
8362|2d392f9b538b1c1a61a709dd0f29553bfcb5d2dd00e64ee1f24aeb34f3903e9b|3
8363|0c4e41dc2a9a79e7c2bd9ecd520b6a69bd44d868869da49ac971a098ca82698a|2
8364|ead7db948d22a8b5c3463e27f1cfe13a865dbd71727493276094c949fe7ae39a|4
8365|c04e461ffc7aecbccc47df3b8772e15cc3c5ebff5f6e50a65ed8180f2878fd2e|7
8366|58100e395b67896f429a00408cef303aaf772846e79d4cfaf07eb213952cf58c|3
8367|65c8999fee4a6280edd8a348d9027b649fb1a572d3673ff5fcbc52dbc8961ae4|5
8368|64a9e1f0300b063d29a5aa2a5ecbeffcd1e9a1b0e7ab381769ac691193e58e7b|3
8369|569354f62bf958cd577eabdb23a55ab19eae3650419ca9f46751c50d659abe4c|2
8370|f81ba4fd323dab6ed3d3007dd7cb04e10d11397012357f7e514352e930603b0e|0
8371|d1dc102eb0ee56b26f1b074c8ccd10f10430cded08a7e5b0b6bf807698050222|1
8372|9f1a39bc652367b7f4ddde3883d5a54945e4ed35a13dd8f5b8b029af1dd55dee|0
8373|f1024c8e504f7404335562a7a21862da86a0a533c2fadb38b6a9e617d3d17e8f|2
8374|f94e9cb9be5e91afcbe1bd72d77e8f67949285911f40392036c2bc85931bba28|0
8375|709a07963962c5af20b29d2aa95f88fe9f13083e9e8811d5fed6c943caacffdd|1
8376|3d1cf732e2c5fce5088a18274620780db74056e7657a55507406fdc853bea699|0
8377|6efb01d0d8f9176b3161cf47b756bb0aba653911f701ecaef6c5ef856015055e|1
8378|5f87f6b753818184fc1fa6d4362392b3564ba37855893c03c98686114c0aefe6|0
8379|79de2c9f2a9c424ce8e5556baceb5c0b4005996919c074a0a7af3bf63d99fd1a|1
8380|f468fd1d77d1c06a4e87c12698de209873793666acb9b6c9f617a4de88dd1934|0
8381|7cab0706fd89eff67982ff93344ed4f56c1c5d8cd50ee1b4078618934a722634|0
8382|24a3aafc9421c42b1919af6a6dba8fb0b1e893691ac08191a54f66480e960d29|0
8383|fc18a14510bf5b1dd349f9d2f2e706fc8152a7f6c9e215f4d9d0f92594f98446|4
8384|d919bb5df43822c561ac6e7181101c4f4e1900e353a6e2e45c92c32dd972d2e7|0
8385|004f7804dfb678f839ef0fad38e6ad6e8e1d04587aa9701b0fecfadcdd087263|0
8386|2ba53af8366c9d7cb63203d72427ad3db05380407373ee71e77168ccb5bb030f|5
8387|104c09349ffb207c263edeaf10dcaf936893245b2bd61b1f36b5dd061d28c66b|0
8388|c269a761b7cdf1015f8f5e5de7cb94e4075f8fc8c6470a26c9de23763f7a0e8f|0
8389|e347ba0494054da6606521009a59c017bc42612ee53f5f8bf9c475adfb220675|1
8390|a04195275d7062f791f9fb740cf865f5f19dd56d901e69b6fe508f08ab6404f3|0
8391|5b73e3b59654dd93dcedf7618424cf16f5165e8f5bb81d18cd459bcddf4addd6|5
8392|2575793fa7d9eda199bd5f80565ed4586fe28d4ba18e342ebff5525eff8a3ad2|0
8393|7a88a481fec85b25323c8fc2092f08996a8774323449dbb73db1d031bcdb5213|1
8394|41bbb5765d09b0f1c9815e28aa645984f480454eb354041ce25556083b5fce1e|0
8395|69b533a3458ffa248fa1e69f05b4285b14d3a5eb503e382368d8081b354ccf72|2
8396|9f1a39bc652367b7f4ddde3883d5a54945e4ed35a13dd8f5b8b029af1dd55dee|0
8397|e11cd41fbc5b819afa5359a70d2ee01a983f9e9b5042ef6037a5fa3312ff2d8b|0
8398|55114ca236370cc3b0ab5866daa592a7ec0565c1621759acb1d94f3777dd86a4|0
8399|8e33676986548067bdc29684eb405e0a10935542d454f42862a28d9eaa7fc93b|1
8400|f367b65cad85f77d42dae179d496a04f8618563ed5acce4fc14b035153fa406d|0
8401|265da8e055ea3a304756164e6e275b097a880eda73b1eb35d49a8c14554534d6|5
8402|3115405eba5d91c0371b55d789b235c55d4eef5f79a954df291e2ed06e499287|0
8403|836a31498bb4fa0400c9d09e860980da08e797a4c9b2b5e06df59e1cd5aeb545|0
8404|a13fa2486b5ec557c0247d0ea383934edee2f96b48bf229d885fbd65a9aee5e7|0
8405|44931ffc8f186ee03f0d59631ae8865115f2bfd31071b201fa93685a33bcd40b|0
8406|bf2b6f65e1aed4338526fdbc33bab8b8b08785b7a6d848bd2217b844c8c25758|0
8407|0491971630b32dac6e7cd1d199a02fdb95f918bbb0f758fea21e0d2fde466ed9|0
8408|d919bb5df43822c561ac6e7181101c4f4e1900e353a6e2e45c92c32dd972d2e7|0
8409|2127084aadb9603d062ca7cdf74be2711b48caf10be406b63dc436e632ef9587|1
8410|16b2d199eda8bea3386061c30cb4a4ea0b5dfa5682cb52c5eaf74b02f19c0298|0
8411|3b51817fd1755b89b8753f1ec0279ad176b530ffc5ece87ab856ec2191de04f3|0
8412|53ab1c5f607ee6b53236067060721cece5ac5f452d2d4be0f66d2e92ffda2105|0
8413|fcb4e00a96830edbe04b3c7846839d68e38e93fcdd2b0d3d7684c8a5f57b7050|1
8414|c856e35aff288ca13ebaa8fae88eb6ba4ab127da15bb0cd0e369c1fa385f5d0f|1
8415|bc77e34f557fd9b4baf7bff013598a3abfd271773ee18cfcd846ab1b04d97342|2
8416|2575793fa7d9eda199bd5f80565ed4586fe28d4ba18e342ebff5525eff8a3ad2|0
8417|04517d9a0e0ed3ee0ed3950cfefd79af47efaae24b8be5819ce08c376c619ab3|1
8418|dd26e30fe64f127a3a8be47084fd635e8a3e106ded8117f199732a312970f71f|0
8419|cc8c7743647288194fa1e601071f90dfecd392ab222f934ad3943c47ed72534a|0
8420|463ffa04e7b831ca335bdaa9478513599c3ba818e854482a9111efdfa811c3fd|0
8421|ea3dbd63cdf07774cd6933630b8f5e830798a25a3bcbadeb3c914d88d76b0f66|3
8422|c588caf7d1e78d257138bab233f7f02e639fcca6152135108aa10690a3bc388b|0
8423|b7863a5ea37142c85990e9f32b00914db1f3c180842af7f75d493c70f3c191c5|0
8424|a5753a0c31d01aabd49aa2dbcc44f560fb3d8c7a76fd62fea20cc4e084fde3c1|0
8425|9b5a523ec508fec34aeb22fc478672f46d18d42305b4f3d0fb9699a78a816044|1
8426|8300bf3984751ac74d47c1db0d8b1807df86c700a65204628c0db2a8f1d6c67c|0
8427|ae394d3106e2e0a6315c275ccea34c3d2783f14bb9124115451c4fdcae864eb8|1
8428|71c087753983ad04affd28af0eca5d939dea7126d46ccd15d3d5bae760c21ee8|0
8429|7645f0ca888cecab16976c141cc32befbfe93a99f139354287539ca8850f2e4a|1
8430|9dc916041c4a826faeab484e3260c618da87c0090bc28d7392f40f0975d86ddf|0
8431|eacfc3ccbb094e1d3ff6c014a1ac5299e3059741d826e0f28cddfe9ac991c7a1|0
8432|ddf09290338f6fc4b99f1ee9782758ab7005205b4fde42c62a7ded901b75a1ff|0
8433|0652af9d1a17efa55047fad32bff4ad6ee4e52cf5a9cde0fb9d4ea88d291495b|1
8434|16b2d199eda8bea3386061c30cb4a4ea0b5dfa5682cb52c5eaf74b02f19c0298|0
8435|64036e13f2ea5c6692d3ac40f690154a6b00969cd580f68749ab09ed4748f495|0
8436|ef5a525d26383607e277d83f11049921d06a4dda58fe588510fc98011d1a4a9a|0
8437|aeae311e3ea36cb77656af530c6334e59c5a01e49eaad846b4021d1f366d017c|1
8438|8c2ec7d62cab0de70b9260c77e4cfb3fe24775e582fe6173c0eb42976ca09299|0
8439|e6fee5d44a51fd4bbaf9849baeb699cf75f523c5ec18032cc7a0d25aaba41e9e|1
8440|e6660acdbb98e5b57d8996512ad5ed6b75a7b3fac98363b30887f5138660a971|0
8441|2ebe3e92375df6bf674ab8a2a7dc2c1559c84c84ce012aa89412fd35ee5a7f4d|0
8442|eed739840cba1ad35aab2ccbb6fecdab75bc942cfd504de15f64124901a86363|5
8443|16d5f96f75d9076ec4f0791e59133eff8530ff99f733bf5c22cc13c5981a320f|2
8444|b211d496ec9bc1ebd791a560e628f1f902fe41a619ddde3f923de1ea8cfc7a75|0
8445|2240e6899f187441fbe3f813e15a6363027eb4946dee816d28cd3cf5a1a3c026|2
8446|436c649f680522dc267cb50e1f4c27457bd7289c40f654dbe98d000fda19698c|0
8447|f342bfe9503db6797e4415f53214a6becd1831c90b7631fe762e94cab07ef2d0|0
8448|01ec34fbf4e145d1c00ff70140045b421cd3d8349b3962be2ac9c158a3bea86d|0
8449|7e43ae4c2cae1faa36f5ef4760b9470dd6d5c72c7a383e9efba9c555d333b0fb|0
8450|16b2d199eda8bea3386061c30cb4a4ea0b5dfa5682cb52c5eaf74b02f19c0298|0
8451|8f53d3a15cc29dcb2a7ee7029126ac733279daf14699713a20f1efb1151ae7c8|0
8452|167aed43439ca8c699f82ae92d384b5f695d84cb13ae304a1a731fb13d3c1918|0
8453|573f0363b108aefc6a9d851f73328dcde3dc94b996eecde69156ee30345ac28a|0
8454|5051b0325e32a7c877cfaf89e666c355aa1b6510ceccf90916ea9620ca1b0ed2|0
8455|10bc3f9bf03ac4079d1385eedba0a1313f49350bb13d2c484c3aab160f30fe41|5
8456|1321821df9fbe91cfe5fa42049daf13431774daf4c9b72125f639d8edff8c72d|0
8457|dc4a44213d232a7a0119e4f13c1298b3f49d5448edd859a7ce7150f216c544d9|0
8458|04c57ec48b6aca4b68a74ef2f5612b37542ec457e2af6811606c497c564b8151|0
8459|609120e91e98a9fcc9e838dab63568be1282d05947209c13bd2e7a730620a99c|1
8460|9f1a39bc652367b7f4ddde3883d5a54945e4ed35a13dd8f5b8b029af1dd55dee|0
8461|7591be2ea34a9fce7560d999dde7991d2395345e1ea06c5703b07896d6c999a9|0
8462|754a455989f64a9846a507e5b9fec621ed9ce5438b377b0664b44e2ebf799334|0
8463|77979064012d4dd0d20054f50f0731e140806cd8afbae5514977eaa8b0414def|1
8464|e6660acdbb98e5b57d8996512ad5ed6b75a7b3fac98363b30887f5138660a971|0
8465|24791e293c4614805fe440b13958fc09556920a739d8bedee9eb6747250bab8b|0
8466|f82fbb37b11f83529da5d68d1d23c4a3f7b4d792626e0f1caeefe8b1d8ace72a|0
8467|48d373551468da846f119e99c8000484560e4069806447e837d3f00843576852|1
8468|deb819950c16930abf4304005b8d8ef33fab22df424aa3392b9a2109157f8f5b|0
8469|c91c1aa5e2a5dc59dc0619852ab544987cd4e0e4adf31745a97d014e8015f240|0
8470|eee994e3fce2594ce0a7f2ee4bea1953b51755ac57f835ddcc9a5981fce9d5fd|0
8471|0615be3507ae3946a791ce8155f92cdbe0e65e62e60f9feb3b059c6bc9273f79|1
8472|e3cd6c58966cb6c3b04d92e10e2bdbf8d59f52684740e27c8e9a2b3c7c6337b3|0
8473|27db538fb7b79a89a70bf3bdcf646067db4c738d3f24cdb250064dff8f5098ce|0
8474|41bbb5765d09b0f1c9815e28aa645984f480454eb354041ce25556083b5fce1e|0
8475|4e7e3dae1ac87fa8801382636d9752d1c6ae4ad63e4e8300deab86ed9651b150|3
8476|9f1a39bc652367b7f4ddde3883d5a54945e4ed35a13dd8f5b8b029af1dd55dee|0
8477|95e4344f4abc9c55a95a9e12358e8a44cfbd8a34e9911d3dac487353765068e1|0
8478|f2ad1e4f3351d5f2dc0e495d8a160aac68bd2bc41c22b69edb8fd0ece548f0a3|2
8479|b9211850b6d6f67579d308b80b75afa8b133a4acdd2b7834200b4bc994d895ac|1
8480|01ec34fbf4e145d1c00ff70140045b421cd3d8349b3962be2ac9c158a3bea86d|0
8481|093c1020ef80471af7e8c18a01a58daf7f8487408ff137fd7117910edb91bdcc|1
8482|ddaae21abec0b3b005117ac7a5ba3d97986651af5fd68b5ca592ce12e9f95c7c|1
8483|b0089cf624eb397ee440929afb9288082c0c8f7d73d7431795d320603fb7f677|3
8484|cee91f2138efd25d2c5793009d1288c431a59cb32f84affc2f454459a709e48e|0
8485|8fd510a6fa1e4617221dc090b9b342e0587003322d449a301974b7606c324456|0
8486|b592b817cfb15b513da4769b43b805522425964eae85ba2c3cd3b3e3d750e4f6|2
8487|7d0044f39b90fb112a1f38bc1c3f161f4e9afd2d0119ad47a4f20b769763406f|2
8488|e6660acdbb98e5b57d8996512ad5ed6b75a7b3fac98363b30887f5138660a971|0
8489|3eb899d7e77f7954158529675ea3de7bae9d59f339764ea60daec13cfc3cf1d6|1
8490|3a293cf6f5356d753cb55de0e68904d574220e589a721e7a26777f512fd8a24a|1
8491|b57c65dc4cd15727926d412d277aed0391029e4099c4341fe4aab7bb9e804770|2
8492|3f768b48ebd4787d54016bf30de33bafd7eee37793f731a5913c49a37e94e22f|1
8493|4b4efe869613c7f0242e765a52abd7d6c6bcbebd763b41726728cca1e1d12011|0
8494|cf6adddb958b2a6e260c42584e9890139fff29c450abe068ba9189aa6a6a5dc7|2
8495|29f934b9a1fa5f931dd9772f83d2297e3230a923d20042cbfb2f0ea6802a6680|2
8496|e6660acdbb98e5b57d8996512ad5ed6b75a7b3fac98363b30887f5138660a971|0
8497|093c1020ef80471af7e8c18a01a58daf7f8487408ff137fd7117910edb91bdcc|1
8498|c022a1da23658afb456241c8f2190186f87b2640f24f12b1b1dc646d93bd4dd7|4
8499|1b97dcee25e2f05e1ea2933d0cf6e482c7e169e26a28f466df214ca48cd0121c|1
8500|f261a32db880ea69a72decc5d01a7e6345ef620cc0e3712b4d65665819e3a5bc|2
8501|25009c2df6634075b98b5149d632e91d6b4d17cfe9c55164ca19776cdc46ee18|1
8502|e65fb3eb3ffeb758107f4e00bd30480f6cb601de212b89a4a2031aaf39d00f1a|0
8503|406fc2c5cb158990b123fe9e173ab69ad8e8abc542372ea5c246fe9b912f0849|0
8504|e6660acdbb98e5b57d8996512ad5ed6b75a7b3fac98363b30887f5138660a971|0
8505|c51d15db495433732b76e2740f189ea1a2afa0d7e8d8b6eef07d44c8153d7801|0
8506|16b2d199eda8bea3386061c30cb4a4ea0b5dfa5682cb52c5eaf74b02f19c0298|0
8507|609120e91e98a9fcc9e838dab63568be1282d05947209c13bd2e7a730620a99c|1
8508|bb14363980bb89c9170d430c21772bee4fe06b7c4d72974e1f4ce44bc8df1081|0
8509|5ab9bad0b3376f543ff6fe59769f8cac9c3e21097b19f1d6aad090ec0e0ecad1|1
8510|f24503a5a57466bcf30426b22e1ab546daa74db8705323439ae3ae1e76c0cd04|1
8511|5ef97f36398abc03d0d779c04c978657ad1869ac0b5c49144e36f59c60eddc65|1
8512|e1331534161d8c0f8e84e5016c718620264a7208fd1ba2683437ce4dd118293d|0
8513|2230b0d25bd625f791854b9111ac459ec8b9de422f891ba8e2ffac66f4f809d7|0
8514|a0a4e2baf1a62e3e71aa79bcdcf41c7d8dc8a5ae3424ea174205ba769dce9796|0
8515|eec3a3006be92a031bb4a1b277ca56709a204a76a072f9dbc6cdb4ea1c62ed30|3
8516|cbb169910042bf138b19b0fdd31726f2c8fb95ab8346edc1a5ca88019e11d908|0
8517|6a96d6deffe7fabd826ab0f42e12204152c58ac22b89e028e4e241541c9b7084|1
8518|7dff0cd112400890ad9a9ad16091a355ed0f479b3ad33a77276f7d845ef06c2b|2
8519|473230fd66ea3cbde71b829cd57aee2a9abc90cc0aa0fa63f31f75392c9ca929|1
8520|21c54dab275e0b6f024455d39129ab64c11dd80509770f9cb2b67beb067259ec|0
8521|2c252163702648570ca90d8c7df14d5dabd2745b36b2b0530d7ca29b0f4e1306|1
8522|bd2519f3124eb6c061ae409ae62b26030316a888df1b300afb9fb2520355a14b|1
8523|65eb98cc666860fc6e13756710c491b88427c2d55c08a96919f8294e12d3f9c0|2
8524|a56d77a3955b00c5f4ede44e3701506f02e0929164f95df5df0bba8d94b929df|0
8525|ddfb0ec1129b649d7b7966b5b1473c662027b14fb3ef757a81f2d4a017e7f64b|2
8526|bb291e72fe030a3d520474e35292f380798ddf963d2c645779fea98735c3e2f4|1
8527|6210b115d83e498ac9e160a244c4147984823d69d423095e68858efee7a4df67|1
8528|76076677ac7ec951444bc9d72d008cf6015e92c7dec03ad76afa28fbb3411287|0
8529|ed49c519308a6cbb684d7dc95e089715712fe41e37ab1defedbc9a00208102ba|3
8530|6f523da7f43b4ebf82dd0e8b9f57be0155f9669c925a83c22c41e78d6c1a170c|0
8531|0189299fa45442cc38c67e1a9453a0c7fd5c5f1ac78551e659c55113af4d18fd|1
8532|660f55e9d54722e01d9ddff0d719696b9a7e1cc290aefa51513f79325a56a9af|0
8533|52c39d5fceabb8f00ff2783113cbd9042df2789a248ad74431885727f6f76191|2
8534|35945b863fbd5cec1b7634dd603168f5137c4b72ab283a20a62482ceca8e9d22|0
8535|c290655642a9787d84262fa33ea55745d11374376602e70784ec763056df74e2|4
8536|f7413acd18972df949ab5615ec91bdf6a38cc582c9ef8b2a99999d20298f2abb|0
8537|5184a0792ca1655dcdc1285f7e6503644a8a97682f0a373815cb5e78da51651b|0
8538|a6fde30f501f78791a57ec32e674c4c02b8048814225d074f642d0c95bd86db7|3
8539|9a75c938dbb006ca51c159f81995a5271f6d46e0e3a32e296a426cfc453cf71b|1
8540|7bcb9fb11c7acfb1bd93ee15a80ffd66c058de22feaaccebfcdf81f0223f9bc2|0
8541|5ce77246fd6744b4e6fb0f27e1dab834b08354bb11c57f5f70d4f7196362b170|3
8542|377a40b5d58a6e3808411d86e6cfa9479efc89c66041aa500c7d4c21e943eacc|0
8543|4b18543a26f2685f745529c651390cd3531486e0adcbace0ca115eb4b62056ca|1
8544|d7e85c183e13bcdc8b58978e7aa8b1ac705143c5c9fda608289ff74a154102fb|0
8545|f615812aa79e1257d515513e39288543b75bed2e6e523de4710dace8ab1834ad|1
8546|16b2d199eda8bea3386061c30cb4a4ea0b5dfa5682cb52c5eaf74b02f19c0298|0
8547|98e52c801ccd92260a7f083c2c65f9be1f8a7eb74e8f4aba18f95e26f1282954|0
8548|6be26b6ed9e3cb18d74a8bb3384c8759381ba1932738ed2c17affcb0ef4514a0|0
8549|fd74ecedd52c1bbeb7ce948f52f1cf86c5d859073b6113a3d1f8be3c92357dbf|1
8550|c9735bfc04614e6429be53af2b43fecca0cc2bb0d8f528ed34be92b95151ca75|3
8551|3797b593d91cf87948171857e54a9d0f0ed945e3138e2a19150a90048a187c21|2
8552|79098d87481adfb732ccb30c82288c1302bd9bedb19c4a3744999372166e072b|0
8553|253e358ebcc5aad1cbfdd086b1dce5444f951f2a35b1aa7263753d6bfdb4da92|1
8554|3378529dde0175d00d5f732fc870bb65cdea2a36a49ec2b53c40c56bc12e5f5d|0
8555|780def1d33fb35431dfd9d8015d8fef9d689f93a898d6195f4e54a2e0ba54529|1
8556|af737ecee5f86eefabe0ede9fecc67c9528db1b3c3b4dc4aa80c05a7bbec3a2a|0
8557|af5ce7c0a28ab21f3559dde6a62416bd610916d358590c9b8686e13d84c5f2bc|1
8558|ef765a1b60ed0bf617b00fe7336854b5b3bfc582cdccfeda3c89c95540f15cc1|5
8559|e24bbe7b7278fc0dfd11b806f8d93b76fa21042df3d3c111734ad3847d650eee|1
8560|39b7f9191e10f50088a4c567c0f676c3e545f44fe32926892440e56e803d0657|0
8561|a32a5dda799aafe9269ace09d938c4ba88f2d0f5119f3ffa9644188d9f7b8675|2
8562|26fd49bd496938a7fe9d862a1a636e3290b74b762df4eecca251ac5e40a2e185|0
8563|40c734b61e4bbd558bb79e1d7f2835440525ce08b5784d92d6f16f120caaa003|2
8564|9f1a39bc652367b7f4ddde3883d5a54945e4ed35a13dd8f5b8b029af1dd55dee|0
8565|774082ffc8418e581c63142e387b10fa72f65df1d7ccc6a9c2ef97311de4484d|3
8566|2ebf77036247d8d9d25f300e14006582d8f9b3f7652e3b1883297b5fbf938a3d|2
8567|b849940c37a8480d2ebd1fa1f1e393465a036487959a1a118436540b885f6b93|5
8568|2575793fa7d9eda199bd5f80565ed4586fe28d4ba18e342ebff5525eff8a3ad2|0
8569|76862f541c54eb742e53b7af161b30078200c5b790309b1898d33e3ae37a11f3|0
8570|c6889167a10c4197fea2c674275496a985ffd285f62c7d5abc72ec959abf99f5|0
8571|38410664116430eea5a87e6c2a9b9de4ae0235b477ecaf6fd2331eedd0e6b61d|0
8572|6be66ddf653654c81160b559f189a207281cba1ebfa33c803ebcea3cf5b6831b|0
8573|fb5f944149c79dcb60a7c629d3976276d76d7f2472f8a158448bb7c295459141|0
8574|85d9b4fd381debf9b72470b8bdc336aa3084091efd5d33edc6ab725690347734|0
8575|c8ebd985e032ccc9c3d998dc29f84b9f4929b4fb560bfd04f2f0bea5089acc5c|4
8576|d919bb5df43822c561ac6e7181101c4f4e1900e353a6e2e45c92c32dd972d2e7|0
8577|ca522335140721440d9ea4e4b60cd39b94f337cdb8474b46f98814cd2591dc10|1
8578|16b2d199eda8bea3386061c30cb4a4ea0b5dfa5682cb52c5eaf74b02f19c0298|0
8579|3b91e5eca4b43c07f75a462fd860d1ad6bb9eafd26166b423aace1d08dcd81fb|4
8580|b6b495d924fe8da8476d5c877e8513c4216f3980a035a5eb3d677aff9691dff7|0
8581|380aadcad5a5ac27c40057d3b96a3d01db016e9d98b2d1c319b80d371331047b|1
8582|f91678adc4b398c185e7bceab6638282b9cd274729a3fbfac3a19cf8b94953b3|0
8583|4f4544af1f282c88c3bd1311f10613c56f322ad22fd6533d4440df1196bb8953|0
8584|74d2bf16d468f0641a71f836afab944a829467e6913ee200565f398d1a454b0c|0
8585|818a73768356d00c2f33fcf866374c40177299c2f42aae5ee3d31104267b8a99|1
8586|51072de3c0ad7cf78852acedd36c81ac00373a0966f21b24c1f2460a3b6a0645|0
8587|dcdc2bbaf862edf9cc602af591bedc3ee65b41123dae7db26f6209c446d2e026|2
8588|1963f6f2c86b1bcbc0297b57b1d208d458ee82c42b9a3e34534a5afe0b7e1ebc|0
8589|8d6eb84a5a1d3fe8930279469583f74ad4bedfb1a695da744407bb6b3881e6b6|0
8590|47cf2a7ad35ac90751cfb7c3bf40b56ec4a60e8a4ab53d24aad422e00fae75ca|0
8591|49284aa2e58ce1a5be19a769ac2fd9e1d63725930165a7716025d52deb128996|5
8592|d8c31eafae9eca7416fb8d0e87e2bdfdd2788d5b08ce11c7dd0d07cf1b09827c|0
8593|001140327406d09a882f2049f59f8bee91f4660c827e6b4396d9483ddcceb8b8|1
8594|82e769849e6469e0075bb5d6ef786a8b4ff94ad8d6924589ba1e3ede5fb97ed2|2
8595|6ce0dca44dce8bbe29e701ba8a09a31d901611a9317c8858f0a3a531ed7ccea7|1
8596|41bdf035dfced050ec280bd9988b13528e3d84fda38d65e7abf2362207291645|0
8597|54de5fadd698db034950f94ffce6c3a4b40df3a8fc505d9234290e65503af135|1
8598|8c2ec7d62cab0de70b9260c77e4cfb3fe24775e582fe6173c0eb42976ca09299|0
8599|8be1354d1f012e5fd02e7c4259485deffbefd9d34e2fd1b8c0416c993e01fb10|1
8600|d919bb5df43822c561ac6e7181101c4f4e1900e353a6e2e45c92c32dd972d2e7|0
8601|c7c44bb456c27e763019e65d0724b2af029f7a5eaec0fb23d0e39a11f823b0bb|5
8602|e2150b8e8fc8446f83ab0d6430c4be5c3b6c33c3e4f1de612647d822cfe1bbdf|0
8603|9d7f743c28c25745f4ff65d21fc15a686f7f97308add0d61ad3cb2898e2fcc17|1
8604|a160b3ee1de279a2467e4aca20af8af38e8d9a5e5a6b3821bbee4637c980d969|0
8605|3a1c0cd99f6ca3feea8bd2da1b0fe1da263d4c85880ce24a9eeb63cb85327f3b|5
8606|9c18c16923b32ed4fd45b64012810485a92a030261149b8e6cb7b41d50bd8191|0
8607|473230fd66ea3cbde71b829cd57aee2a9abc90cc0aa0fa63f31f75392c9ca929|1
8608|e6660acdbb98e5b57d8996512ad5ed6b75a7b3fac98363b30887f5138660a971|0
8609|a3c8be55fb5cf13df2aa23571970b0a8d152d234ae3178fc3ac3dc51bc268d3d|2
8610|aba0d6c655162c26ebf22648a68c5420a036cf92bc95ff7eb86fe0fd0618ac18|2
8611|66b899b2a83c5acd46b694d61f8299489f6c8d6cde804d248fb00c44108a397b|1
8612|dd9ad117f27c214ac61c354a4423b0dcfd688a1ae27977abd48b84e0332b5c9d|0
8613|066971fda1d5dfa0e6aba60d465c02fb743e9a0efb03665aa07b7974782a295b|0
8614|7d14011de37d9e5e9fcd6aa25f0bd27b501837f2a9ef9ec5609810ae33d3ce5d|0
8615|e6833f0c7242965cc46c30405e7280b5c98d60c45862f0d3a4e17be29429d744|1
8616|e6660acdbb98e5b57d8996512ad5ed6b75a7b3fac98363b30887f5138660a971|0
8617|dcf0cfee98c786d49ece96d0e85959f3b9b8fe659dd4beba251e890188136b00|4
8618|461c56c9cdeba04ac8dc0fa432cd90d73f7e5b34b602b8bbc9cdde3b387328c8|3
8619|cab7594763b892c39b4607b4256942f59551b5cca7b5463c09861b155f5efb9d|0
8620|b62ca80778e095a66175cdde236717807891eff1899087f98a98b5746a6786e2|0
8621|344a35badd26d656339bd92daa7d255954fbfb399202194012d8b2ddff32ba1c|1
8622|c5d74b30c52d0d3d3721f9faad00a49c6839c2e3015e0cb45e28b99f2ead41bd|3
8623|aeff28d94c47adfdcca36388c72a8bab4eb7fdf33a1deb3d83b3c39c695b675c|1
8624|21fe765cc5f79ca7239c10786156b4a9e92aee4461d651fd0842588947d3c7da|0
8625|3a3647b27e437dff0431119c60980a20dbf4c301f30ca4d7409dd5a9fc7140c3|5
8626|38184e3587ee6c57191ebc61d96447aa22da2356c97a469c48887e374f4fbf4a|4
8627|01c56f02f7124969892dadbd78717ea27acb9cdbc8316481e5be7a12010b2623|5
8628|7a838e2bfed012b0b29aaa99ccd76e7e6f83e726288ac77fb77ed6a751b9bd12|0
8629|024d5316ac23b573943d46cd543a7a30afd51fa89f42a098893bed6af59a27ec|0
8630|ef06d61085c762e9fba7df2d97108fe468e3dfb2a4f30b630938df2c5a2ae004|0
8631|c1c961e170e658aed209068843edbea3cd29f9641aaffc2895e8c62be35147ed|0
8632|9a8c35fa3c73e79f0a2aaebdd321b3c06b98999022529398eebc5036d235818c|0
8633|f93e912024e76178dd2374ddb0f3cb8b2869f4b9a9bbe870f46e81fcc078eaa7|3
8634|a9b8ed06d3fa59983e3e60841682367ea88348e7d84114eaa70cd222cb629415|0
8635|deaf4af0e2fa602bd3a6db48fdfc27a7fb36a2f27c8c264c576295354eb67d52|1
8636|31a0f01771ba025efe5fa3ebb4730a75025ccf72fd722a570b1bb4157f59a509|0
8637|35532cdfdeffbb1866a8bedb84ecdb1e09d8a4b942ad3013064b894961b9bdcc|1
8638|e6fbb218acd5225b0446cece1711831accf8a25f7f9811cb61f5dc510bdfa339|2
8639|554cabfad924243f61f1e726a1da311128d1e993ee71d543cac2d98cf92e03f7|1
8640|caf70a6c76eace760a47b810c17e51bb2a587a4e25ae32885e46e8049879bcff|0
8641|58f312d698822f9ed552c4dc93bdf3993449a2345ed8f172764ec8e3cc8ff6b4|0
8642|b1d663450b39c4d2230cfed059e8215928b7040cc9531bbc51f1f3fbb3341b92|1
8643|e172f4c2e81a59be551f71a8092af1acaa3989a8c550f3540c0a80a8abdd16b5|4
8644|336fd27092a42232f8be0046a439a9f725da459256101849205a21a0a37f5cd8|0
8645|af113d39cd98f21426824d8bebac6814d2e623b7463ea87ab4305e93cce0e714|0
8646|50d598bb17a84357e00cbba9512e71a624c392785f5dc59f6b04ee4c76ed55e7|0
8647|098f280af9f1ea25e962de6771b87dcfae4477b68f1c071c0817fae898eebfa9|0
8648|e6660acdbb98e5b57d8996512ad5ed6b75a7b3fac98363b30887f5138660a971|0
8649|bc1c643ce36701a2a2c9191c93fb76b8228d8907beb4e4b33edb1e66ddb7e68b|1
8650|a6b82ab2d5057a0a3c0f3dfeae9bbed92f9010f9695f51d398dce451589ec2e8|0
8651|d72181b2be98653e706ab7e196770132c416c3cbc05ddf7379cb311278376303|0
8652|ddb0b070e3d319a95c191fae1f4e37a6318532006964f47f78232b8a4df4d870|0
8653|fe818fc1470f9b173380b09fc1b96a3000b71c8b9054b80e187d94149da9d4e1|5
8654|0c2e29b07ade1e8f3e92f9645baca9b9033fadd7cb7e1b4ad9ed36df40535edb|1
8655|cb5764742f57205610838e74fe32c0f64d3e20d0159aaed2f72255e67fa8308a|2
8656|4f249471153f82e0ddba14d4573e2086cbb5bcbec5c29cc3aa73c64fff82f2bf|0
8657|744cc0babaea7a1a65eabf84c183fd4afc7e281f8d222bbee4d91e9594a93f38|5
8658|a2ac4bc14b092fb6397810f619be491b4f1c5f818a0c3e6b58eee615aef62c63|0
8659|66cc33a031e764cec89f481a78d74bd983a627bbaf4cab775dc35ccaf070f1d2|0
8660|794bbc0d4f11ee1c6bb296195955bdd98066706376753c01ce5c2a6ee541edbc|4
8661|86e9e367bc0181874ce995b1c66affd2d6f6f8f31cf68f9da3b4957470be58f4|4
8662|8ad4e8c58c45a17c2280f55e0bc9c48ea6b878d532aa304534a77236371d650d|2
8663|b72546027cb5b7bf7c7391b0184024d8e9eac5933ecbd3c3afe998bd81aadf9c|0
8664|a1db44d5df3e84dc853e7fc6c2e4e8cd2d9bab5b2a30309fd554440bd10d7bf6|0
8665|504a16f18d91b615ac115b6108228d23c95d3c93e41ae5b6f12ebfcca4047cc6|713
8666|0c0a9aa00a275f49ee8ccc67875908608998e1249f0de69e473c13a4ae628a30|2065
8667|5eeeef493b03feeb97d13f486295a31dbd1fe26824759025ea0add4327a05b13|1177
8668|5577d1e2124f0ab988b4a2a13e8204970421ca97e38840d39ec2cfda1665179a|1140
8669|f9884194f35722661d4c6f00ba7b8a1b81e20cc1aec11f9a84266682a79e1620|2892
8670|2ee842027f394f9d50f1d2fb308ecb7187fac7765b065bddcb5018cea9893d0c|2920
8671|24e54a4ac7a406ed3e30f072eeef64d006964c668ba845fd4bb042a0c47f546c|3400
8672|d8468dc5cc8b717ae35c5ecd3af4eb3e2de2a8c8024b4ae6141cc37ebeda2c49|1944
8673|66dfbba1333380292bd824e5f6f3812567b66485527c6d07c147b54d4365670d|3310
8674|936bf37a8464f77beaf5f235d0dd61cc8b506175f7587b01c304833234df15bc|2079
8675|949ded1d9d345eab00e0d5d5ddcc8bf2bb4781d34132be26b2cde8f0b55b6abf|1728
8676|7f70370b28860d3941c206193f902ae95c7f15031a73998f443e3a95b89060d4|1008
8677|98af520ffd9b7a6a8a60a0e8d742cd34188da3ca2ff63edc13d21606cf84aeda|2693
8678|aac0bca4b3a4d44d3cbd8f3a78b10fb48b3ef62cceb8b111d8338b5a7ac2da8e|1947
8679|5288f968e040e570c86e5efe5b0aeab5ddb05818f607826161a82c70e6430efb|1898
8680|f54116ec897e696ac0a1711c201995e5a00fbd8bc2b067b34ab008f1ca4950c0|2169
8681|d425fe401e89019d075212dc3026e7a69f74f1ac5d76258b0b688aaad5e0dbba|2714
8682|2b37f802f2efae00e6ef71b43d652526e9da549548e5873ab0a282e33fa85aa5|1881
8683|d6ba7deefe1fa685010563b85307c363dc2438269308179bfee18fa808c49359|3057
8684|d20176da7d9ea8c64c55c6eda9b723ac861e5bf441cc1fcdba7d972b590bea5a|2383
8685|c52aa9347914e2dcb32fa20456bc536f85e44dc9f08f3324f0894a35dcbc55b7|3287
8686|9b6a87b4cb5f12375aebed6d7a522003a1d73df5e654ad16a65500f4c996c369|2726
8687|25af01ebb9663f356c55ab3ed7b72f2ad11e54f5aee803bc88cfaa904a0ee805|3167
8688|12a68c9b0f38c728b32174d44b86f5b3d6be0aa9c753ba51286f876ef9eeeb63|717
8689|f91581b10c454931f76b4d04101ca01257dcef7dae2892f574aacb179e057e90|2743
8690|97e2b13fd6385bb08925ffcec455fe620c4172de7f3761751504ddf5a02c5ac0|1091
8691|fe162c446ef9218e5d635d8d7ad020e9e9aa6344561ac237ec76994bf90af40a|377
8692|5e93746e6e6e84eb0902934ddedd42162b505cd087db23bccf2470d52cd23272|2286
8693|e15a86338584155c5a25be4fe121df9b5da46325693259376e44af033bcfd087|2683
8694|d5a4462957a1e015bb225b5a51ed1a605579eba22b935ee663e215df562e1e48|2911
8695|23d2fa0ae99edb745c6930587affbd2b2445ff359a299f2f5fa962a49d4d0317|3277
8696|fbbaaf3359eddeffa7d3efcb70e40df8b66c816bae8b2eea576a572d34f0fd28|1297
8697|8db8d43e1939b40560659e1777f467377980e6a4c76b6aadf6c999b449509baa|741
8698|5d44daa5d29b6dfaa1a7efb3a0a2ceb8814806feb2662050d538584e91cedf82|2238
8699|8c94aa1827b9175cf8a43273f10e24db00016d17ec0ddaad2b4d7e4405640b9e|3026
8700|3bbb533531476277302fb85513fe776cb6127dd45328cc174bc56248476049ec|3458
8701|53b42c1fb341ba923cd7b49678748e4e351faf87cd2c11fa096fbbc765df4f5c|1369
8702|bdb1fd39620b448591ded3321586a5ba6d00bada360308fa6694a67d0041c86b|2790
8703|99ccecfe1bee0e1c920fe2b32728381195fd38492a306a03870e0ec36eafa97f|1090
8704|888e021637cb1e561d323bdc7fab0cac3a93a4e09d3ce82b5883fac341837bbb|1482
8705|39e6539758313c10ee415c16e9ee271f8bfdbe815298f201b9d7823b16345934|619
8706|d333b4152a9b32b30e1231c37c105646823de93d4aa4e73d81242beaf888e07c|2834
8707|fc96b236f938692a3cdd5ee86b279a8e85f39132e342c11c04643aa205f4d42c|659
8708|50a15f5b7d54d012a88c2e7ae8e691845e4b8525f585410d079418cdfad8e19f|3125
8709|4f9599256d96938895a38906b118a0e61e1e3e367fac9ba3f4c7d03c0df47eab|810
8710|3036b34ca4ffc8e19183846c6f3752ce9c217974e2d072489dcf7deda326e83f|2325
8711|022f4dece5dedeed8c354a53c8ae2e39847b2feb24c34f09c6f9ec2b69c935ae|3418
8712|99ee3a650ec217c89f5f02218636b7d69ac7f9f3c6b2a9a429d7c422168dfb60|1705
8713|3fa1fa8a4350272b8af73ab6b78421ac4c67aac1959ff4e475c79163641f3288|2306
8714|c8b8f5ba1ca8a9b3132a657c9de3681c0dd0743c45fa2b9162e25167b31a4464|2652
8715|0f9538009804ccd3d7c972e656301af5cc55277a377c79c7ac22eefd00a0c0cc|2807
8716|c13efc6889ad6613e446e80d8eb2c8b82d60e1ec07ee4aec17aa1622fc7149aa|2392
8717|f675d589e15fb7550f856d31b1b9fba2faa595000a4edfe02d14267d7a49fbda|764
8718|f931ae586ca545f10e238a74c2107b23d41c475fd355f2a8b8f9e6beb9f58cdd|1371
8719|085bfa5cddfa05e769c27e5a6ff789e08d6db168bef6981c72a8ca4764b47386|2887
8720|9522163e8325f1cf6a106431deff2d4356f2cd965c8d689b8ddfdc046687a564|3250
8721|d11913e3bc9f481428f571066047fc0b03a6927fb6f74a813d4276fa489f0396|2986
8722|ddab2029fd6990f8ba76ae41b1d863ef2bc382abbcb1b15e444412b09b218063|2382
8723|426c2af587a7e9cc99ef8ed5a67c21f9fa3a56b0ea1e9a5afe86d6ebfb7b7a03|1783
8724|509bc75741495435d2adf58a262690c69bb2243c535ba885709fba9db54432fa|1907
8725|4cd085d79fbbbfe8f652f512db757a766f7a7d4373e1db59421069b32cfbebd4|1320
8726|d45fab4eefbe7a59997354520c8e4bdb5c76e22678a0b7324f05d3b13139ed6c|1961
8727|95d97ced2a6480c2a32f42e86c3dea32122d398942613c6dc8399f09b22c607b|2087
8728|a9d26af2f4766fae27804c4e41e7d4ce2cb7108ed10d75759c0b196ca8be17de|3378
8729|7eeac29307f1436ce191e7fe52b8bd4f532f208469250ee5da5472808023df96|783
8730|20aab0dc2e750fd32cabd05db94482324bb8a189700231ec9bfdfcd57fa1619a|1703
8731|eb1684b5dea61a38ca3418f8f56acef4866e28f053fcb1d179df4166bec5597d|814
8732|da3eac9068eda6356d064b224c0ca969aec6ed58a3be09fd34c5f7ce4a1a2157|1969
8733|7c094be00e927acc225849bc69d76ddf08f632aed56b2c350d7b4cb20053e19a|3175
8734|98064b56e5212a94818707a4b1506d2ed9a9eb20cc088c06f16522c4bef90837|1671
8735|e38265719277ea3ccc4e09ac13118ab4ca27df3bac1a3d248a60bce861d45d2e|661
8736|4ee4ae38abe8fdfbd50d9f7af816ffe149b3782fc4b01551068fb412bf38c1c3|3074
8737|98e226ca3b626ce50011b05871ab1ed49212696e9b04c2055fa61b88e7fa703d|3064
8738|25c9854310ff093f1c0386e43af3dadcbe55545ab5762f1a224602d15e5fa641|1450
8739|f2e9910abbe18cba72e879e8b76404ba0943dc4881472b9b636e3168fd74bb53|2877
8740|9976dbc9c3272192be87ea060858824e1bf90fff6a5ad6133cc25739daf71f1b|2942
8741|cb6e5ccf9cb653bae2ce62bd881c884edc98ca6c213bc3e159b749fa8fccccc5|1161
8742|a759e2ced6c51752f6f290faa5ccd8ff369e2aee0d40e2be2dd1e073650ed9e2|540
8743|e7e5b0db35a7ff8fd0f9b6b2d5edcbc61981088535ebecb4faca28f24d6d0d48|1315
8744|51b6528118c13d6d6e23f6fd3479eb0e045f4ec563745445d5be3571e725055d|1133
8745|d95bc5d7188bbf95ed0a10c97919a3591a55c33a045c28c17c9f16eea8d4f899|917
8746|e26bcf768f65b4fcf112e02492acc71eb54a9192a3a8f871769e2e864df9283a|1938
8747|eebfe2246b2b20f7fbba0aca3aac62deb1a67d43430073d9a7295f5169fcf602|1826
8748|04b53a97eb7d59c9f0b80d87c8c916ae51cbf86248aa3d2b627b3535f574ffb0|1922
8749|5b5a1e1392c7cc16dee4b89e21bd25c03ae4adc4e90dec0245e34c63b0b56f08|3386
8750|aa77bc5a956b9571d5b67e8e7741086f3206d2e9cea5808e1a6a0f7c957ceec5|2188
8751|1dab5afa0d15e94f576e9520327b69aa4b897c7b7e181e1a1a3257bccb13f38f|1300
8752|4f8766a57624c26b60704bca35eeeadc303437353969786b19642c92cddebd7b|2351
8753|593fc1c567f7ffa19e8dd2bef4607e55e3b967741cf0b1daadb5f7e0746412e0|3400
8754|6948bde24be1d12cfefd916540758cd8ae38cdd05000bb48c973e0c208d89b13|1394
8755|fd15e4e0d72387ec28284738bb0c707f693a4d8602938f0c4c8d229c0c0de1a2|883
8756|9ef2521892c092583b3fa3b50ffedcd48c817627964f017674c4e37a865d1465|1449
8757|c896d184f0ef9b9bc8255974aa9fca16c022fa9245ac1490498c4a778fe551c1|1657
8758|0e140ab82a4606df8c1f62ec84b193bad834125641ca5b9d4edaae2276ecacc5|2661
8759|e26c7a61da233a4143157e516e09bb5561e21c775e06b1ad0b5663f496910847|2882
8760|a6d4d443d33b72ab3e3c9e02bd797b3bbc203bedf93e400ec1989bd6cb12a07d|2283
8761|c35a22a913c02b6defcb74eb2da8df20c570f559ac6fdac50398ee8cd73b5036|2534
8762|9cd9be9081594aef9c2a28b7b2f34fec039f05c63c855afb700df8044ca36615|1953
8763|e720246321698eaf8fe0258e9f853a55421d9dc97a1ad64630103c71dac249e2|874
8764|df4089402e20433e5457e955fb4813f24d87e352a0df02a45f23938dfbeae920|2506
8765|47f133f1876e3e1eabe8dd4c71085f0f13f1df73ffd41dcfd7ec8601ec9a4d82|867
8766|18a721e0dcc3958a17be29dd16f6068106ddff08d592190c5c5ee4ceeb2a3aca|1031
8767|ba2166116b8d7ce1ab82d60b12fa22589079f4494048b2a2971ce2d93bb125ad|2813
8768|68a9ef9d57478338dc6d3e3e361bb6d8c76120142dfed4f4dcb6456c28280edd|2915
8769|933cab54b284a4c0a078934bf3c2536d88482e632caf038cf43d5c6025408ab5|2996
8770|e75bd25309fe312be898c3d655633454722a47bc8eea6613b414637caa007884|3098
8771|2398862f1a7d59b1e9b51e7724390f4e5ea2a2a8665031f65dfafe096f2740c6|1780
8772|f46182db7d65a4e9210687d7bd835d8598e5dfd9ef73217dec071982c6b50ed8|1299
8773|06e9f37bad803d373141bc213633c50838adbcab6c86f2488be4ac02437ad65b|2336
8774|16ebc93f1404e91c4547335bc6f7132c6e065b638f88397819f9db5859a059c9|1788
8775|78881f7494433e591d6ac73878adf49a3ae43655c4569ba6bd7bec8f7a1f0d3a|2603
8776|6337dec034a4466667f5645d725599ef7ca51618cdbb92051ce0300e10be6cb1|2067
8777|28a58d8e05d650ced681a3296cff9ff086f3d4486352fe49bdb9096ed80fc6d9|907
8778|8c546df93e29c469d48311c7d4b0aef606a474b66f9fa550c5c59b1aedaa6a24|1844
8779|6d2daa506db9d2ed88ee7add0df408b2b58b837feb54274894a8c36bce77059a|3384
8780|28cfe3823c205d45b1ea645a6a30960e61af2c4314cd236c38cc96e1ce7e98f1|1926
8781|066412acca7215e5683a52dd3c67fedb0b2bd111daa4c72f6371105491b96b8a|2036
8782|40f746341c7a2919745ecb420f2552eb4885a58a20d75e570351f36b529a0d86|2903
8783|c15e6772163c738351b86f399ea13144f11aa839f2f785094715593a805c6c52|2762
8784|abec66bf80f10ee433005a538a21c2818390633ed28ac40d9766b636509c6691|616
8785|5754da1d0229f569b0e81dbeec5c6b138a1866813d65d459936057641783c1df|1806
8786|50b504f35f27938cab37f7183b7039ab3c87223ea94eeda1cc2640dc62d6f80f|3149
8787|2d928adccd406ecee3e5c805c9504cb444265c53cab748c874162ee7ea8f69e5|1861
8788|83d1bc44fd93ca84d245172c0c60c1e8c1a8a0ea36a518853c1d3d51101b1547|2884
8789|c42d3e1dc5e9c06b37620bc620e1bbabe5382a2a59c1dc7664eceafcdd030896|1660
8790|6946ceaa6c91763a93bd270c86455d3a65b554540ffe1a1c45f7b2d4ef00cb83|3014
8791|b62ec754cf04f059a8cf8542dfceb66442800c809c207650baaaa67a52aae3a1|1196
8792|35aa70276792ae364deb4dbc32b711022cf5400477036691597fea3723f0bd59|574
8793|fedd5633c0a3526ccbc3a7574296064afdec1e38c1ce792d93811b7f2fb0a020|3328
8794|8a73a9cd44deaab5d3800d847a6f8a34cc4c71145832c692b3db8bcc2a370c04|2493
8795|3a928cc9c7c2e5a16f2eea4ee25def6bc9ae6c819da775e46414aa889f63f516|921
8796|c4f8c19a05faf2f09c8a606d9c362e0756e77cc1913913c832e9b6cf41e8d104|3004
8797|3f28dd92cd5e7519f195c61a1de454449d1b94106b0a4c1e047f107897af81cd|2888
8798|696730e82573f044d03343dc10012cae171a9b0cc7a87280fdbd14b64bb83760|3257
8799|8606306dd25a8ffa5d018a4e6f7de05b6ea4eac6749d4e4bbec9c116e4f1d71e|2072
8800|f134b130c4a5f3aa9c073d0818377060c082f34a7bce4d82694645277d8723e1|3301
8801|38d500aae17611110cfe8eb5c2c278e5d1f453a0a40bcf9fc424d12faf07c88e|687
8802|25e632ff4e320a81ace4508150e769d6c23ba3db27ebeef6655680ef03cbe03f|3260
8803|e70d2e60466faa58fd420e79b7ae8a811a8b849d20d4a82a167ec716e72a0bca|2384
8804|e79c246468966bc7ca74eac2642c3b182c05cb27531fc85471203b95ffb59f70|1168
8805|3c3253e2943c887d45670b3f52951f4085c49201e925f2764a6de24b406447f1|2205
8806|e6a33803bedb3de6e3d7681b1835b6851c3c39c046c16fd953616b0718f18448|3399
8807|c1bdb8125e01b28d02ba2b15ad465b1a826b992d6b670b837361850f5658aee3|1590
8808|a7c61f55ea0c3b9540b6f48b460a53a81da4cc80e721ab1a8999382e6b4453d0|3131
8809|a4933a8a0bc6df72ac146b35aefc926d7842c479411857f77a2a145c17ce7e89|959
8810|e700524056aba2cfc405f8f7e1b5c9cbde6c70906b87abed47d732c623c0a725|1038
8811|163f4e0438b520dd020cb2863f43bae3d0de81ef78f2aa4d1d74ad7ed14f40c1|754
8812|42712f63c8303785a83cf69b6389cfa871a0eb758be02f3963e37c3a7c959611|2040
8813|3dc1356e80836096c2894d3312636d3007607b5860bcde8680bbfc144bab4def|2746
8814|cbd61ece1ff9003e31c10bc8f31d4ed5a343bec5ebc5697a55b60b2c6766f4eb|2837
8815|531406b87cc622342332d9864d416cdeddf9ac1037dd6fcc9f5157fede072fda|2931
8816|3b8be4e044f001041d8710c1849af41f2e5449a10353dc3f12fb5ae5f769c84a|1791
8817|028a727dfe808830dd9abf000d2409246cd5deb848bf385c2405917dc7f790d6|1016
8818|1242877a2a8b9d858dbb3949bd00aae4a8f97582171de888114414fed774bdc1|3368
8819|0a209634c43a34e2840b149ea68ceeab656abb1410da99d4ce811f5414879396|1777
8820|c3e0272551e13ff6aff1debc0608f810444bb40066bea99fd8b22041b84275d5|2953
8821|8eeb09bf7bcd0474c148d2a910c7a81a5ea966c1c8cc8fa017e2f694947bff80|1664
8822|830bcb7bae972ed47cbb551ed00fe1100462703d68a908e61cbe0acd6b2aab42|711
8823|68f4e7d24a25e61dd887e490d318ba1f592463b21e7857ce099d2a9e261a06ca|2247
8824|0b5378d1f6003ea4366293afd920d922f859572af590116eb801897af987e0da|2180
8825|3bdf9191dadb54876e36c8ff765e79771d1120f21776b51fd9b1cdfa9f541bb1|1119
8826|3e422eb7ab0b84c87d8c1273fc3c00f604a3ce760f6f0e0cd2f9b8d1a6c1891f|690
8827|ae154906790a936a3d55c9221212b42f2fadf40e27e831f28081253224d50efe|1483
8828|e9e4033a003cf13c63ba3560d1694b40cde948e637329bc39b23f34db4c4e050|1832
8829|80c8ffb56f5feddfc2633aa6e37ed6f7e4165c14fe8dcd8ac373fd233cd82451|987
8830|66ab1270ac6b73d9b898730887948b049f1d9b48d582e314db093f38bf37db5b|2272
8831|de982f967c50ef6b5485fe70833b9e6e9a44c9dee34f37230aa689b0ec18c4d7|2868
8832|766173ded66769b9cd23e67e26518518075e0ee5ce973f0f093a4560bbfebda2|2670
8833|37fe3468e3ddb5800260060cfa0fb15d763e02b3e75d1b3200387e6deb653b5a|1104
8834|41b6fbad305b9076d60b900294e258eb80f4a6ab842ebe3ce896462fe91014dc|2246
8835|de2d15aeb579a15c92226f7d49344b23ba4de2b4ece6c797620d6afe5c39de3d|2831
8836|e2bc6933f62f8e2032750e3d1fa1b41afbde36e70496a238e3ceb9b7a9f39830|2253
8837|67eacb13cac994a52fa8d691b12f8bd2f62f9ffe0a8cfcfede80f6ab7a9c78f5|1207
8838|01b6001519531adef425fbc6f9b50f5503f2d0e734c9df5cd2ff4522c472d315|2900
8839|1d878d681ae2fd828efe68b34cf6eaaeef7f8a037f4878667a47fa65fc9d3543|2701
8840|48c8944ba38b91581b2e2f6801990c3452943949272d48fdbf23466d8ff86bb0|496
8841|37a1b0433b6ae1903a3690630b6d44c56dfc280a505df87982a01ec4e4184518|3250
8842|5176106c0a638f6364ba60ecd722fae4d1b1f06d9094f306de945376a05f7b23|2362
8843|1669b8a89c37fb1d7e84aa99d6beab17667d9dacd812588f7862267320dc01a5|2350
8844|a7c781c24820a2e38bd4afc1b4f0e4f48c70db824c867f196953d5d432e59141|1351
8845|ece8eeaa0493a0379c13b97fd2b53ad1f3284eaa683c1b8fe7a36f04961b3c60|2973
8846|7e25ee035c0dd4015079611d121782989450fcd4286d873c35536b01ec10834e|1538
8847|c1425ede0eade08bad2a68b15b5c3942b88ce201221602758fbe1b5d65f62b3c|2514
8848|74d47f34352cd5f6dc0fb00235b399207faa47c7b28286277326b67613fcfde4|1241
8849|44a7e3e3f65cc04cd7033f760cd21af44bb7ded31d48447061ec3cd6c829637b|1656
8850|8ea9b514928586763dde596cfa40773e552e32224c378afdb68caa35d84755b9|622
8851|6b0c453b2515a73d64e403529c713c8400d3e4a5629281cfdaa003c5421c7ead|620
8852|308476384c77bc2664c14717bed310c38e483f8d44b68be2f35f07862b0d2ac4|723
8853|908be140ea13b8af51ebd30e6feef9e432c5f055fd607aef2b365a0770b0a79d|910
8854|cbd9e45f718e5a0d73689659e6ab23b89d238a5af3a5197fcbcafee4c66614b2|1295
8855|7f389557fd61af4ce9cd91518a6e550494ce2a28bc3f10d342d33a11f20e3d30|2314
8856|4c71e210fe689576c8b0ecc9133991ee40faa6314cd5fd184bf1cc96bbed4c19|3887
8857|520a79d14fb995c12bfc2e820dd114c0c6923a4a560c1292af12ad47d57b87c5|2525
8858|234f5ce8e7456712cb433155566c4c300fe99204b1d83de3e113d5b91ce73967|2724
8859|f5c26f2f73e13ab5a1739faf2b5cec7c702a051b35a02958fdbabccc6df4b9c6|2503
8860|f84d7ed06e6356598d17f370feb070357e51b7fe5cc924008bcd9906c2cd2227|2241
8861|8f91d36470dc0e96c330a49aa9ebbdc2c14b2abac475709e1b2b36d939eb9437|2217
8862|b027205743f2f63092f90f043ac553fcaa6090079fdd6f1e97ea3efca56c80c6|2876
8863|9148894e1bdca414ec07dddf0fd63516f2d3ecd7ebefc7d9f7c250075f2d029f|2454
8864|b6b38648517035964cfab4072a63848f1d95b89f1b774e7020ac899af77dc84a|1336
8865|1df40eb7ccf420282c0d1767ae538d6ca46968ec2c6d232707f8badbd0fad7f3|3266
8866|f0eec5f9d70f0b0711546a6c1715e3baeff6f65241a3472865a8dda115bc06c6|1449
8867|4ab73b958f8d19e765078f670e48117c12eebb0937cf99c310fc0b79d2aac077|2162
8868|1f6ca3c4db5709c4b5ca52a334c96e86a06294989d8fbe06c99bb90d6f3bdd8a|1192
8869|2a638718ecb2543004bb7d4643381855f83589c2397f93cb8636e81b3e022e1c|642
8870|56c214ad13ab45505a30e9f2f77af8376190992e80df1d426378ea6ed6d274db|911
8871|369ae288ab27adde6a9f468665f3d35f4def5d89af7bb6200ad6b687432654d2|2188
8872|ec4488087628904615152edad331f587957901b8e9665fe9c06c4f670a60ad9a|1728
8873|1b55ea4318eeaa4c16dde20b1300b0366d192cea042f88b26fd98e8e8c30305c|2649
8874|8d42eebb40943026527854d6ad8a4564e9482d2df6c3574d8e66b3a66b88753e|1104
8875|fadc6192adf03cc36f65044d7a555e466898ff9efb7e01109dcb41f9bd25d242|812
8876|b21a51421b2831f4b8f69515c12fdb182d5a9b2f95e74274f0803c34e87bb525|899
8877|ac67be775ded0c25ea159f5c0074fb6c86288407f525e4fae078948d593dab16|678
8878|4edaf4c29bfeb7fc12b341cb6a86a6e179be33fc62cb005e502491bad14fdd2d|1794
8879|9fc154197dbddeae273d0d5d2ba1b4ee06228329d650f56076e9632c95f7d4a9|2783
8880|9e0748c1103f8a92bee0842ad8eacac11e704f8ce05457503ce3ff4f2ee0d78a|731
8881|20f9f02e09e15b88706e405fa76ce88d38927a21db55fe96d00a17c99f321111|3479
8882|ecc701240f165a4e609fcf1d478ab515a02fffcf23807d3f8305de81ce93915d|2862
8883|5307cb886ad463adfa4634c09dafa786bea589b199f55487a75f919666a17ea6|1240
8884|8f51050da59d838f1ab1ad1632e90b108c96629c98ec904da3ac5ffc62901e4a|2132
8885|5f4111f0a66df3a28b25a6fc3add93f42ad0b226af0051778e71594ba4e88822|696
8886|8ad4fcb4db55d5215f14306517af32b816074cb58a21766537a8a9603b914ef2|292
8887|2c9434ae21a8c2589403745a6078251b6a81e0fce22be6a42f015e982f103236|1953
8888|6de65fff882cb996b47ac0a5521362b78cf52600db4c94c46d7cff843d51239a|940
8889|3b888a64b53860b9ae16a46b13a776589e79ad5c611e1f6023ba2179ef7918fe|2097
8890|99c9c8017bfe25e394062d6a60dc04d99ce172842714c852b1edfa90a4cca885|2954
8891|f0926a544428531a516e6bb4791d4ff69eaa0d158e83de4e85f4e57d84aec485|1398
8892|96aa095864d46b86bd0e1da761abbde590eebe18600140e44344a6c1740b2c71|1637
8893|9c0fd9431036f32a98c9ed86acfb4d387dd9304fd2fb7c172d78b8e9c82aa401|1307
8894|f9f2ae5e780a16ff4a1483c78ff973d8ee6e897c3430108210ea155b4975a598|665
8895|f30eab09caafd57bed1776891704cdb64aa27c1d964de0d93d080fcc473bf6ea|3136
8896|0784cd006d5b06fa678bf2d633c0fd69a7b456a7567cffd421a614cf0985440d|2056
8897|ab59b8d212a85690d1ab122d29e0db0a2e24efd13bdeb283c9a37f3f13414262|2593
8898|1d8df5b3f3e2d8c18b9a08088d6a7465f032aa8307d28e31a48b3e23b02e2d30|1723
8899|1b231d3eb609ed0552b3ea3382a4d96c13be3dc78ade33bde9a8a62ac546a6ca|2891
8900|8b2eb95ac5b36725a4486c591652fb94ebcdfef4779a96ce97b8c15e048a09b0|3071
8901|7dbc9838f2ba0b5a542ee3ac3a61571308b6a64297d3a290ce2643036f9b74c2|2004
8902|c8d021790a56c21852c5de74f6de49a7205ebdc3be530c8fd8b86af129a382fa|1199
8903|0f24ee36eed684b2085fa7856495e9b9d5d8b56defead00e2c3084861ca6c81d|1027
8904|ce4168c9cf012b2abfa0f5b6a2af6295ddfb4d790c36a9b67d022e73c8627f8a|3259
8905|b837ca43fe79b1072633544e4fa79f75ed9a82611aa4fe2d504ad969b6ec5ece|2842
8906|14a32fa05fe73e1e7520c21a9034ee2dec30ed8bd362de821fd38842063104ac|2222
8907|467b9a571f3dfdb3afbb378f19edd4572c282ade296fd49eba9e8244a0517259|661
8908|8c530f8ace0d848aee7dd3f26f35e867170aa8f0122b0cc48f5fb69ec180ee5a|3101
8909|31a3f18c9944e3282bbba98adbc162bb333e1710baae54efd3046c7ff8dcd029|3365
8910|dbb8b250150bb522ffded4517fb8ffbc63084a796f5a1641f2c93a51662ea02a|326
8911|ddf163860214ea6af54445ae037921efebbb736b4b2e8afd14791b805353e7dc|2956
8912|9ef0e599fc4dcfad22c3329f1311d9695ef488829ef9c65153e57dcd4595e676|893
8913|4f4860b52e0cd9275d9c3856b7d2b5bd6251dced282f0a55c903f6e830b089db|1937
8914|2dc48b3fdbda7abeb4bcec99209b738a7ae4529523000897c3108d60f3f93782|962
8915|1f5040119e9d09dc70ba24bf628fe650909f8033100e2051497187df1c06f381|899
8916|cfe8aca6b80abf46f061ec88ef4d2c73d14e7f9990530ffa17983190bd121078|2093
8917|b477a3ed107ce6420f0510d926646af307265130a49873f317d66bcb72d7ccfb|1514
8918|28bdcdb256b6496f73c4acf357cce0ca9b27c3348a84fa0a7c1d08de5974e139|1672
8919|2239f99bbaf68b07989d68c9b431177d140f83ab4487fe284905f28d2aeef764|2922
8920|58dc507f95821145412829bc8b142e66837f0fefcdbbd7bdf1912aa6021782b2|2643
8921|437f7571c7ce319ec1e1cf41cc789a423245c1fd8b57d32cce24c12c3a93c95e|2490
8922|ba579f7eac14d8fa18d1356b742f3717d73564114e231ac36390a38ecae62a97|3167
8923|883081df70e7c5e8565ddf04faeba738e9e989f46130288c3174653a1ce4353c|2090
8924|95ec7d2ff2ab837ffc0d89a19ff3d85d1dfab08004615279c7ea0204916e104d|2588
8925|ae50dfaee128dc215f582a92a9a408a93d13a382f0c2f6892ff8dc53bbad31eb|2478
8926|f85beefcac9561df5d6bb413c00aa49f86be04364e66586f7b3e9204ead85f91|1441
8927|650d1c8d3cdf1fb66ba4b4b3d1bbb0a429a48991c99a6c9e82d7ac7238188910|2592
8928|608220e9f148c9ec1f0a4000712796b4c3df417284fb7228ab56fad4f0e58e59|2294
8929|2c5b7461d577069f48aed511a38f55097ee03666ce745609aa5fd1005d3edb1b|2477
8930|31d694f2d7ecb9a02e67a85c037ab9b4b43f207413cb135e132e470fc7196a07|1466
8931|2a07d453093159455ec0f10bcef821eb38cee7c76f31c6fff2300e505d05cd65|1131
8932|4702c1c96903be6a970370107060350894c3bfe273fcf3eb2ebe15124b00326d|2982
8933|a708418ef91140f505701e4dd694beeba1207721b88a950887f6f873a241a504|3242
8934|98bf4ab2375865f4518f115f31bb38d71b29e5a75d74054ee17fc89ea7764b92|939
8935|ab981aa33e18e659ef89ef9735d9278ccd38de3f219da87b3aeaa5a2d0d7c7e0|2144
8936|ed21567ed785b519aa301541f78ba605126642e2862d94bf9810e499b449627a|2556
8937|4a87736957e1cdce7c3c3bda6f2c830afb6fc5a6d9f36dea82e794577ff87698|2488
8938|90d55530ed30526a7330243ae8bf759a0d14316a604980469a552d27bd804e62|1939
8939|d8618decd47ccac41114da69fb744622040ea3d8f137f3832706cbc8adffa420|1796
8940|a9ff717ae8b815c63f774b23433c97ee2d601e4820e301ba5f1d7a86237d5c64|2715
8941|d447c5570ae4894bd35992b2d1cf2b71464fef49a9e87e5a3b6650174bb21cf1|574
8942|3786c24ab8f8ec6609669203f200c7a9fe0cc948f7906275a9152af123ca0ede|1332
8943|cd1ea27e9fb67603168eb8612372ae153069e77c52c6e8e09e5093e87053bc9e|2313
8944|0ae4d3cc0be25e26d891f056f1b13741aa6ee14ffc2df15b55425361a4e01c0a|3250
8945|8ad62e70d601eb5f070383e1fefb6453599322cdc13d4d72211c60a94f423aa1|3654
8946|2ef779066d0c5301c11db559dac313db8f23f273f9b2d1bc623f6640c4049456|2737
8947|1d403924566e4ca42091163122b7f6a7cd4f7422c6cc4b9f7ef38a2ff925fe39|3817
8948|aacff5de287d291f3b4a1f8a7349bbaee520cba72b4d4837ae164707814614be|1815
8949|058b3b565b782cd50840207b1fc206f0433e986c963a299c793ec668fb48fa62|1453
8950|c760160b7a269cf4d552916a77c51ae25c8d04a8311e121bd41eace1569854b6|1655
8951|1f35042409a720b0559d996ed58c9d02a20d322985b01cb51a8f4ba8c873abf3|3309
8952|c6d2cd01c82f9f699dafc2bd8463b056997bed23e488b6bdbafb70bf74e6ceaa|2030
8953|280d0ee57208f3fe98a414415d6907fdd34a4598827808747d6f423101afeb3a|3255
8954|6a3f7d9878dcc9ff1d05a0e8d6e86fb13c4257f2a4bd704c505a839c7ce21da7|867
8955|643f59b48f0d08c8db907c4ea9e0d12bba1470c27bed95abf626eb1aaa1bc7cd|1255
8956|1d9dd079b97a662cd40f493144e9cad6caface65209625a40ed581d2905a959b|1394
8957|0e82eb6e6dcb22720acfeb379a1ffb855a58d8eaf2851ccd3c64a0b3b9ea30ff|2214
8958|e97e06326d332db027c1147db4506aa6e5a3bb21f46bd45c2f02a38cf3ee399f|675
8959|ac0f57707f32c8227f225e1634e65a52707b35a8cb10788ad10e15ec8f7db6c1|1379
8960|2943cec93af5b96b91bc23c8b8aa56e7953de32cb77904934955e43ca5532dd4|1500
8961|bda9c76eda795cf7125921f661c07b1601bcf17e7d48e0c15d4abfa9096a2b32|2110
8962|9179e850750ea957695f99bc87169b6c8d685a5a0bfb5e131fe0e158e2208d57|2395
8963|ba46d567815e7bf8e03ee219edc894501e282d25da813e46bd9567cbca59ce23|2945
8964|a6ec90c3e9104d073260b338c7a4ff63cb6485bc7f4bf0dfd962ae0ce9e17c4a|1939
8965|07702c213187c580b2bdf32eec2d14ada4ce87ca0e53122fc7cdb3c444895b94|1899
8966|82037d3f6a80bd350ed4fed405b421554539ba82fc7837dda62cd9d415135f9e|2970
8967|35c3f72b548bb0aa0ccce631a127fe9d06e35d2b2099a06d87af556d61302c24|1285
8968|997da6fdd085bb4db1e35017bf2add45eba118f057db740e4c4f67794f7114c2|2669
8969|e49d7c9b300b121f329af6b73be46012f3c30e8b6248d9606a27387de2ceccb7|1965
8970|dc3826c7e3d3a04c1fd1b1751d6fa6b7eb104eae590c772a18e072b317513636|2308
8971|d74e73cb702a3b12dcaa250d97e052fccd1695dd0b8634f7499aa295de40952d|2844
8972|9dc6797398372da7067af46b65a016434ae15af97dd6713b1d22ecc1f9e954a5|1642
8973|0e98ceb6bda1c4b3a0b6522765583fb7df5c583c063f35e07a643daec849b0bc|2211
8974|1c3daea909a4d3214762dc37e4160fea88110051a5f7297a0d9a4b3638106b5b|2647
8975|7c9fe040690f6c241276a1463c4f008dd21eab1b96d50f69ec3691404fb945f3|3260
8976|f1f794c34cc9f9d15398e88b492b5a54ab93d18d6768fab33f5438548885a389|1949
8977|33f737b03709df17fdcbad60165adb9d9c84e0ec0f7fde25fdcd5e3723f23fc2|2795
8978|ffe64abcc0665477d1947e21dbde777d0a0d71066b4a79e7375cdea200f959cb|1824
8979|4f13679a3a0d7d4006269bf7d9fdfe61aee545437a5ec8bd27ed88a191471544|1548
8980|f3990e9a29e399e9d5d7e9d32b06339456e9deeccf8a80dc61f6c762dbcb6396|2823
8981|99af9a432f814f7a93d73b071fb951437068007bfb0a1264c0b9ff11df8ffb98|2919
8982|36236901371c0d20a64d4269fcb74b3bcf4e42150e0347b68b3d0ff7c6369eea|3437
8983|242f544fd87d88c89396c04ad6a766be623f0287ffd57df48317fb8c1a549d97|680
8984|a28428defba4afff0d395eb32482111c5f61b10b9a40e29fbb39683734295f91|974
8985|4b4ec77ce4a29c28a63b9e21c8acc12c117b9eef1c907a50aeb5b58f67221226|3122
8986|ab294f6d5ccec308e11f8c4333cf6e697b9fa7f48a35a6208b6679d4930596c8|2259
8987|de52783f081f33fdd0180725620d2afb1bde5bdadc28fc130adb44a14b969443|1592
8988|ef85f1fd2315a8322855ce67ee48c57ed0e8c1262d505439b532e4814896fd4f|2587
8989|eba9ef18f747d71f83f1e9167d05beb87733462acb1697f173984d1e54f24c53|943
8990|d15d54ef97095dc1f41afa802ab92535e5fae75dd5d4e311d6c40c8ce7eca6a7|2132
8991|fb46646e244552b7a14fc0ce79370f6bcbc4f8863497e40208bfb59691a511c1|1790
8992|1f27a7123e0b35859691e44f988fb4fbe9ec8ab5c2919cda6baa9168176091a2|1919
8993|e0118c943e1c4ca33e2d3370fff74203cd873628d2d0e9320ad2d616c674f6b6|1042
8994|8578b42e15582699d0ff1e7a441f34e58fc5f809a91c9ceb9fef85e1c6d31bf6|1687
8995|08cb15975dc609c9bf5a8c015f28db1957e1b837620579bed21bcfc0278f9403|2836
8996|0d61058d54a132e3ebd024ae9fdd98e459db5fbd4d9dc63ef04b893b5f877bc2|3076
8997|6d0ec45c0a17af7b8adf4cfbb8f04622e40345d4f7a1a2b845b75dcee0780adf|3464
8998|098cd779fea9f29a5e904124c0a88660d3e208d922653c6cf0d4db4f7fc2198e|978
8999|21e83eb5b8c9880bbc940f01df76b287de825574e01bd0485972b9904ec0961f|3048
9000|2b0dcb3ee2ad39a4a4c539f1f214dde3c9ec960c2b8042f7f6cc31f9ab8f35be|2890
9001|7ea13c5f0f82f25c798fcc209ebe47a2cf4672e20c867061873762fc3cd52b1c|2463
9002|40f66940c3d7bb238cfc09eb53c1f2fd732ff4e1a827026829c2349c839e15a9|3325
9003|0e13bb8282d2bd1240a85a53dc051a51eb2d6c9cd2d1b6e24f0e409b24c60cbe|1364
9004|e8fa19eb2aaa1beed1e4122c0aacd61c0c593d4e61ecf8cf56ebb537a792c0be|940
9005|f17f3b4e1a7d41e9f6e886cb39feceb45d5c3d30fce83b970a9a834f57ea9cc7|1332
9006|3f44d9e64d65d8e86c31eab8bc574e3df2e70d5d785016d610e173e5b6cdac59|1540
9007|01c65029912e62af8f12662018983d728d0296e71facfe840574870732c163e2|2915
9008|69602037543eb3eba17fda6aca2ececcfeb5436587b25cdb1c9b3b6f3b530730|988
9009|31abfd45dc823f83fbc9954b0cdaceca4a2824b1fe666eae6336c35e27f9d5e0|1185
9010|25ca6ae9adcb5cedc891d52c5931d3790cf8a77a18972f3fcd9d6a61d57f1459|975
9011|2007d276d6b038c6354c441807eb8447b3cf8d763555f9a63cd7eac6a939cc99|2089
9012|57da25087a1575b2fbdff2abdd30a52e2ff58ab7204a4a5462856d6494e88d16|860
9013|6a77f7565455e80f52fa242438cb3cf5e0abff84758d24f53d31ed795f6cf1fb|2278
9014|5354d6b5bf20703863e052131a4e89cf01447eff32a78eee16929a827822b0c4|803
9015|002bccbc65142dba608fed8d3de7f7ddb7f7c0b369df1b6a2342450a8aa907f2|33380
9016|3f397470334bad03d69964ca45299abc5d2707079a5779c13145b413a7b7c680|33450
9017|5bc94c834c5eb2ec11bf5b6ddcee651e9c6512aac4cd91009bcc21ddfc8fd1b9|33437
9018|36c33d3dc1319f1c09522511ae5bb09e0770bf109bce2e388126b4ddd3a20702|33459
9019|b8926a4df6ee9136b599b003496a236c144c79dbc74344334fd3aab6629e0f63|33333
9020|b1468f7bc273dfdf1e8ff6e7e4ec59a98134709e4d2aa4f97b00ef146bd0fea6|33610
9021|2744c921196cbceed0c95f8e931c6b656c447da7b7333577a0b5d4d357245fde|33502
9022|bf8850bc0061283a2b032006b4d9c1d3257ef2def32e7ed0630f8cabbadc3a9c|33459
9023|51eab5bc3f9e7919289a04a08143dfeef46e662236ba25dfe57a2d508d835f63|33485
9024|1a202747b3676820ff0d75458d84a61245d513a5a1ab80f5e8f2fe7e4fd2a2f5|33555
9025|0db621371e5ba33c72e1119049cb2b17e0e754528ff6994fc0cb76d8b2046966|33316
9026|e3e8797466f2a2f47f4f987f87098a4f382916839ab0a69942f2649500ebd046|33614
9027|d43db92deeff2572c62fcd9030a6b7147aced251e8f7db14028f6d2d4c2885dd|33480
9028|928d87e755d78e6fa9db44b2c1bf1e97555982cc1626e783202a4755386245cd|33528
9029|37ed30256fce7d5a0258b81e8a436f539263c47ac4fe2b16abb258a25c7897ab|33407
9030|00a656261a987b78ca2bc6f3d12b79f440ff37841017f1f3b10e66a84e3a7d55|33569
9031|caaf01f7393485b05e74ce52eafb36eba5c0d47c1fd07be1474556d9494ea847|33318
9032|702526ac1afbe37c3825176c66f06ae2563ad190fc1077fc6429922cfb820155|34097
9033|dbcb2f3f49cca907b1666bc16805bf550840bcbceed6f0379ab476bfc633bca2|33643
9034|80a6ff731630a0e2077f9c4bb83c1a15266ed5d1ad96a5b80b85b27d2ba4114f|33567
9035|2ac674b9a2aea7ef2f6612fe2fb6609b7b704f75b5659f3b4abe46a8959f1e03|33257
9036|1188985c4383f0f6da883561e5b4d1e06134a7af0ff4a601cdc12c88d0bdb2ae|33557
9037|e540cccf43c3da91823d74cfc3746a3fd00cd22cde389067097904bb32612fc2|33425
9038|dce3610805cc2f4a368685b6ff0f255312168def4aafa09d44e117f65b9ba56a|33393
9039|520bb1151ab067eab5572e9c8227a75b0f629c69865b3d1dcb9b2fbafaab883c|33346
9040|e68f161203b6e8ea9cd74265fc4a9179d33d58e68f88114c7de5d6772dfb872f|33438
9041|4b8fc7c128a9588b744a2a54c9258724af68228ef243982d3821aef018be8eb5|33365
9042|6ba05e595bf2859de200dda6c891535719fb09c52701f30889ff9be513c7fa06|33471
9043|0a2e8545fa5a26f731b2efbf915171833f4fc433f20e0e5b24dd7d5fb6f3220a|33458
9044|7d0ae69986abb5c583f0f4577803467cc686fcf7a9c304e192319004d97036c9|33559
9045|f2ef4eca19b6df057855dd3ae543ed10439c70cecb7e9382f15cdda3eb604851|33419
9046|901a1860274ebaf42fcdbb8c7184d95b0ccfda0d5cc49e4bef4fd4bacf2ea39f|33536
9047|9dd11db5e03409c16f5350c126ed79fcf769ec61cba678a731e8edaed7c9942c|33396
9048|c0960a063c5c43e4aebcbd8be9f2cdfe2c724244dca52d08b24cd06cc8d1f1f7|33550
9049|948f8003a23daf579d9bda0305e8b47719205f1b1d3597aa7abaec57ad629c21|33390
9050|111d2f63cfcd04f93b94ee420b0f359e28d72f56bd1c311c9477dbf0b6193beb|33471
9051|f704fb9a7d5a3f1fc64df8fd624f99ce6f15ce286f919da133d820dfbb4ecb84|33728
9052|ee3561306412953cc0ff651897a4d861ba2880c1d69847da1616ed8a77a3881a|33491
9053|61ff593a5dc892592c1da76cb856c8d78054341720c39400aa8e2564bb8571a6|33486
9054|3d5359ef2444e8e2b46de58ef8e0de9f6c56c2684247b44cd0208eabdab4569f|33480
9055|0bf31e95df04029bd5d5200d50f22f6db459325cee7f5b65be435ba4fc1a5888|33376
9056|ab67f71bdcdbce97ab9324be4b421fa69dd28971d5126ce8ff93abcc2295a439|33407
9057|ff341fe57cf97f1ad011366f172dbb7f3028dcf563b3cca006e280d442d85882|33500
9058|aca0d339e5e98cb12b077eb025379c3250cad8f434ce92648dc954341fdc2748|33653
9059|ae031357f594f585a5ce155e42b07f7d2688292018a46f28e0c73920f2e0158f|33437
9060|7075d02371c51bc26402a7bd3df8d934fa82057b670f55e2c6addfeea4ecf337|33418
9061|c7d18de6b24a08de18d1cc979c7ed2fbcaa849ad33c9d0a7a640229076f6e9ca|33377
9062|205be4e21ff916756643aca04d625323a821be9f2ee99ae181c8bc1a9b3e9567|33467
9063|2e0692f3360a50e5537bc0b415c47eb1436f0319944e7261b18fef3a6657b9aa|33478
9064|8e134ccbb668447f1ea73ac2c82cbe52843c8db3f6d2fb2e934567b81e64b4f5|33327
9065|792c3df8efbf23676ffbded43a4657270f28d5406e7aad22aec31d8b65772545|33488
9066|dba3805b0d0a50ddbe17cb1083319e245def50e429dd3abd03177863a7a9cf39|33487
9067|0ee6890b4052b17bce5663a4baf02939f6cf01f60c9a559de1118a96bb47ee7b|33399
9068|c3366bca9385909391e5b72e0cea1f52887f0ccf3afea671ea68aac94abd3017|33229
9069|f4b0a0f1ec6627cf6b6b9a1ad2d130fed1681322208410646188803458c22afb|33357
9070|5424458c3d9b0fbf25e4f977843640cd683b1e3c03007fabc93903f702f1e03d|33650
9071|a52e516658bcee8a67b1662db2de7e8657e5bfb92c8480f2455c9cfa28fc471d|33307
9072|f2f5352961c6ffd350c532c9a0bd3c0e2ef091aaa4e1a718836fd4d95f6e9835|33574
9073|dffccc715791aa0348defcc28d14d73f33241ddf59531123e37b5db0ecc0ac00|33402
9074|2f40aff9916f94ab193f5ae7153b2112a04a5045531a46adecaf6b75a5b9660e|33892
9075|32b5cf8008e707d2642627442b707968473b6f0d9bfcf6eab9e5b82883e2c329|33465
9076|abacbf32289fcd92d32f9e045d6e0b3abbf54723a0bc7314f6a63da03a885b32|33497
9077|8fcb948c3e05ab72fa19e18c5495ac618829d05c79ff311e06bc7973a714a646|33512
9078|16bcaeef3e6b69c05af71b097f1e5ffa87925baa894c790feb00cac9d2d57845|33422
9079|fd647f2ec09457718b02d655351041fdbc1d82a47b8d32c4597ec4c8ea16ce06|33495
9080|aa1986eeebcbaa60b25ef4a70a7eaf501da428c1aa5ce167753796a0fb3c25a6|33593
9081|ae6246ad4d2c54dc774a2d5ad943f184f7678cb3d492e373742a790d03ddf0a2|33517
9082|0aa197702c759519e5fa883a0f40efc247a90e6e6234b944d6a3cb9648669467|33460
9083|bce4d60ecaecacf1b7311541645fe950a1bd7d7e18415a5484152c04c0f01879|33388
9084|9388225dccc783ffda7130d1fb4aa43dc5876658b3bfc5fd431f2bc4cb5aa1cc|33584
9085|121b4f4642cc226ea373332fa195424ab749a232c41c8aae328330b62eeafef5|33398
9086|4b7685cb68a35d433cdb42a2cfb6d81251042bbe920b32fa7293b95ed4b7fb30|33484
9087|a350d56ab38598d10c19b0bc272e4d90f318f12538194c377964bc70da2c7e50|33453
9088|393ddd7b964775b2e54a963e67d4aaf612049219250acf826f688bd102e5d0a8|33650
9089|9a27146063cf45e11aef55a8a8ac6edf12501371ebd4e85c063aa93a86046201|33824
9090|83b39e1512ef0f21cf6ad1c62226d96210e96a423e49d72fee1b5d37a0ee1ea3|33471
9091|e7b1394ddc475b48fa0b46ebc5289d542d7a01372a22ec93bfec0d57bd899e56|33418
9092|ac06675874f52c0e816454929ca8f801e6e6ef4ece01efdd09d4d1df0c5e7492|33329
9093|c16dc523e7df85768f33dbbc3982fd9882a02669df1b88916037f7c4dfb18421|33367
9094|9272b4ed842dbcc5aa96d7e63b976fa8ce0b29af4b960b20c10c97ccf900a440|33515
9095|53b0b9ae3d0c02d9f554da940db9b4a6466d5640498db6afca504ae91420df00|33347
9096|11ea3e6c97f49fdd950e0a7c59106ac1d8b57a13c957c899f8e1a823a2be181b|33362
9097|3ac003b5c86d9448f4a070eab7ae81e815405873e2acd931a9475b73887de535|33709
9098|8c9db1e5408a3d879cf115c31a97a62fd6f22cdba4b4846a82bb02834b1159f3|33513
9099|2b8f1051d47395623d8fee2a49d5b416b7a4f72c7dbe0cf041319bf44d16f668|33387
9100|ba6a92d58c49c541b260fae90a18b05cbb52676a480320450e75df7ea6e1dd1e|33415
9101|c1ea231ed97f8899b06d2157d5837b4b5184d374b009fb327f9d7e1603e1706e|33442
9102|0fe3ad0e5c0e88b0397c352840e50b370649f2beda5ef11c3be1f8dd95320807|33474
9103|c67254b5b3cbf1ba5070cd826ca5bdfb42a2ca983a37b5013cd7ef52352cd2dc|33590
9104|ef73598116b32939512052423937d132786dd37f9c08c39d6f235561feefac9d|33541
9105|b7c242b706aab4a64eb30f11a41c5040c8320aa87223fe8008da43386b93b7c1|33064
9106|3691d4fe5488af6f877234d792f419db5e4b503836e21d685cd8320509a49891|33504
9107|565178f10385d51081ad7552d110a753d9a3be96bb44bf585bf676d03084ff1a|33378
9108|41a1f500c1ea2b52e6066f78fe19d6464be5585502a3fd303c8f494d9b3b1da0|33511
9109|c97253d16174811ae022fc1785aa9c0fabef23d61334b5f539d0f91ee747a094|33223
9110|de997bcd750830de14a3e03863185e3ff4054c03bea3e42ec0146ac7065d3406|33529
9111|2ebb2d4b487ad53ef7821ad12f7dcba6d9505d0285cd59787439ea60ba07d0f2|33447
9112|3e289bbe8b8b9ee58818bd00894f6d484b867b78de492ef35ef14750309d73df|32895
9113|16c55bc4a7e39c79d109ea6b70b82fc0566c1ebe5814c14a8da3280e79231d5d|33466
9114|9d9725b27e12f0f537445586da1310bc865e1c476f674c3c11adb203e8ed0125|33529
9115|71e9c2f50e4f72f39dc4d5b9c94b910ecf01174a7034e323e4f97a83a534e030|33545
9116|dd3f5a2b50185c8085983afd91911c51cc18c8010ba9f6eebe68d0099a8c5546|33176
9117|4f789a1830d925d5e6d4a52385193cdf2c31076782b5fbcf8e2d9837c55a34dd|33908
9118|0f43e38e2f1df3b213696c944ced5107efc9d88e9b63574419c4eaeeb899cc2c|33360
9119|c0b4052469271fd16e61a4d76c57a6a8b522f5a837946e505527b28853265c67|34017
9120|909c93cc16bd89706f68e680d86bc9851780eba7c28479b378e0cb6ba95514d6|33413
9121|e7b19a8c11d235ff6f913971ac87035eb996ef681aac2bb34d09d5f6271cc9e3|33839
9122|8abd32631d701dfe819448bd837370c4e4b3cfb50297561455191b9fd66d8917|33285
9123|8638f963025da7d5756753905ad9bd5076355a39a42af7a2e000952c91ff61c4|33500
9124|d9bd0c15d37fe97b0f4aabb4ba3a5a5b69777942f6b7e1dd4d3b984c1c647374|33426
9125|6ee29a1112e24672987f1cf0ee6271738574f5687c80fb33e1720790dd28a6cc|33551
9126|104e420b0da3d06eecd38957a2b1319aeb578b72adbc6a8f40de19d641be45fd|33510
9127|77528477e087c1a0531f920101e96f797912f661ed8d52c55b2eb313c5faf0e6|33487
9128|474149bcda61bb72173cf6e3f6937e8c3c63033dc2109d5dc9df933c81d25026|33538
9129|85d73362d5625b7942896d8e4f10ecdba558d9516749fd8f78ded47531896647|33645
9130|e3384d563b4a0448096d0f0ead2f8f098d8847290b00d407588cdbe14643fba8|33412
9131|864cf54cfe677dd851cd9881ce112847fed65172af66a044212368bd5521ca20|33434
9132|cd0fe75332cc8de2de0cfc1457f507e94281a9cd4a0ef7b6413d83594dc93c7a|33497
9133|32f37de69107a0b3ed2a8c73359fb29ce4f03547d21986b18c0dd40736941d55|33111
9134|b56ee57072cf5f86ab3fa9a770a5929c18ab23d918f7db3879f6b1f143bfcbb4|33638
9135|6696ac6a1d0f2aa34d96c89b4d2d44a2cd1defb13241441d9a55d1c53e11a9c7|33244
9136|0941ad610751c093a99bf3080f53538fe28f0785e76bb63de868c72aec733571|33524
9137|01ef44ceb567b0f55b3199c62950c2c7c8fa56b25eabe747cf10fa3d720351fb|33570
9138|071197adf38c987d040268f6097b7279c263fd47b4477fbac08ef29fb414f32e|33133
9139|3982fafc766dbbfc8106ee0c269b4e1e42c2fb28ceda1b94d40b5deb7c6df0f5|33158
9140|7b40a46fee0ae5c98fa6166e2ac372a05f08286b069b7a6bc2cee34b266dd817|33439
9141|586f83eac66ee194f63132b0cc9b2d5149c36ee6434deb44ebe49e8ffe03d03a|33437
9142|83855da7fd5ac8772743339c35667395b210f4f65f491f9ed3f60c32317bfed9|33583
9143|4bbb10977c5c63768b2019998cc1cbc3c436aa76614978a6f1128a54e975a134|33465
9144|68f188ddb0bace90dbc16f4aa3b34e43301ee182d500ddb8a1fdbfd790620987|33613
9145|46a04b84882a26836def7f638a1fcb2539bcf437b616bf6dc2cf00a0b02ba1ba|33574
9146|8e7a4f70a9ff5dfe762b2a37cef39ff09441d8de5273c427f902dbc6f17f320e|33567
9147|ea307e92d9a5be88773b181b6eab72dc5d325bcd96eb814ebe35357a359faf3e|33629
9148|11d8702eb04dfdee2d31b541c3c4ad069606d6cc5dcfccba8ae653154019f117|33227
9149|b60ad421de88f6d32238b9e21db3753fc9bd4b6c935f2272a1854ba075e0ba0f|33507
9150|a7e0fa661ccb4837d619b663e849f4e333472160461d16b42d8b5527d4c2f0fc|33422
9151|12d8d684da70d130446cbee3fe27c07c64c49467d8c30cde01f486ae230f0bf3|33333
9152|b1a8a37fde1c73e368b09712c2797a241fe8d1a52067f101a3f1f064ce61c7fa|33436
9153|6cfe90af403fb8f4e8abe3584263cf41f50e1b092067a9d06af5f5095db77717|33809
9154|a12ddfaa224eccaa05364f62e2e0cb7138add1cf32c04fa8b988a49973190268|33459
9155|6ffea5de27d41605ff0791cff0495c1e45621ec223d2f3382cc5f6c2411b736f|33841
9156|605c0bde28d162a5dab5551b70f351f0074e640193364f4ee736fe689cffac91|33495
9157|008eb3cf6904b4935366f2395a2a3d8add46d41a95dc931f096b5a98d8b40995|33002
9158|c62d62c10cc8e1bd5e9f11c774f9d4af8779bf34e283fddb298725b30a3d99dd|33523
9159|38a2976c0b301f46aa02a96b948acaecbd96acfc827225630ec1002f7faeab68|33156
9160|3a3b030cb4d1fae920b2a7fd317f9fad1210afb451a3b61c59d0801bb3338a36|33536
9161|9d2170ac87d2e66383f531380dee0d7ef43039cd5f3d1a78935ebe1579bb4112|32969
9162|4d8aafbfd3aa0c74c1b60e0dbb4180f028aca72107ab32cbb7e5ed167b8d46f7|33160
9163|5ad7f4f860afbda0e4e779bf1260fe53ce85bc0a43a249d7f88c216989c62fdc|33407
9164|f794bcfa2e0e72d599f129596fdaeb6fee91c640a1c8defbe12fd01c34b1b4a2|33414
9165|06026e0ad1f8ea97cfd5f66810930aa8ea79cd7103b33b6cd49b4d2ffaefb3b2|33337
9166|a2df6b6033566aebc18b9187e90d6007f2c4cee82f2ed017c3c0a9df297dad2b|33414
9167|16760081732e5235a75ff703e88a1aef3932724d65f18654a50db3efe0b8de4a|32981
9168|80a0215c2add66a67c5ceaedf094d8b8c3c5e4e5b2a6394691c97a960225cfc5|33382
9169|59f7cec07610b09524a62524bd926c3862b5e66fe352784d37990ef5d4f60007|33225
9170|c11d58b1a6d72b6125a5adf55552cb30a2f158c711995a2cccbaeacae73de294|33453
9171|5e882edf73cc25f3f59a8c497c4e17e8764f717dea3c512649d19d84d6c5dc56|33539
9172|991cd7d56f01a02bd7323a57276aa88105459d69abacc6d5378aab35c673fd66|33502
9173|f46bc6aa47202cc42597004c18e90bb8e11cf0e4508b6f8b098e7fdd3d120fb2|33477
9174|3a8049961a2827a2f4e58d346a55c844ad771be710ae4402cf057e601223a6ae|33526
9175|f7fef007adfedeb026dc0d46969cc0eb686245b988a5a994bebacd3d33dffa61|33475
9176|b1b245091802f26b2efec6a7bdf3d242f8001e9e509e57fb1ea4f020e5b9a97e|33452
9177|7e74c1bb83670fc732e276b13227ef228eee72a4f4fdc8cf01e79fe6c2e52314|33469
9178|fc9d682ec2105b4312bdd344f5c0b11ef0992a1327b0572107a0481298980b21|33386
9179|b4d08472148795bcfa11cc6a1c5483095a4622361b81f69e83492485b4c7ffdf|33466
9180|a28f513be345e675b108cfc75b983cf3e591e4d8337312f0e6c2c36da4ba0c5f|33367
9181|253cd7cf3dbfd63a44a591f4ba857dab69802136ad539f2823da7203c7155e50|33534
9182|59dd850a50b11248cc23b3e347fd3114d2a3493bac1f6c644d4b7424248d3715|33432
9183|a18939423d2e09bbe6648d7b151a76d160397f166e8ecfd8ba00f9210e3f47b3|33422
9184|55eb79318e8d2498447198d1818fb022c047cea92245fa286d8e3320307f35e0|33468
9185|692131e3283909fe8d9c718541f102d52fd1b6caa52e314f678c0b81872fcbb0|33473
9186|f5133adfde339e619a0d354ac162b2e3dccf23517a00da945b9b28420de89879|33516
9187|728c8437cacff6ee1b5686ea3a7dc31f060d878c796af1be19c6783a1eb541b0|33439
9188|b3e02b23edd3c1282249ce972438d3605036020d7768b9560d9cc9f431b50156|33397
9189|abc1dad627eef258c72c963859a2ddd7c183b3c3cf929a4cb916aa970e214593|33312
9190|a51e4fa68e1c2b03cfc0d1b4f1f7e320b72ffb8b05aa4482f27a24abd2ccc61f|32837
9191|ad1b0e1303ffc2e4714b3e4d1bf88a04cc42aa73bffed5fe494913c5d055779b|33432
9192|b58b33596084a2027627844c4bab6f1183280ea7ee1e4095c3833eb9702ead71|33355
9193|83da1c7baba228d6b0ba0eb2ad9ce335351c9eebf6125d4d57e26c798567d3f6|33342
9194|22b37e88aad655ec0a19be1e1d3e7030b74f3b3c2fb872c23d62fbfe50958ab1|34004
9195|6ff1ec23015efcb95152964703377f31c7b4aab4c14c786ab06d185b9c5361b3|33548
9196|4de4a83d57be089c16f07a7be573b957c000ed36b51f187ecaa93eec8bdc4885|33231
9197|f85718460b8b3186845c87d780c61c3489a2ac13f6eda958d1139bb782de22d3|33439
9198|70e44add8d806d899e0a169d7f6d22a1e28fc7c601458d3176b161beb2b45b20|32802
9199|e86e58da9d16c6aecd433eaac5b9f4f1826d9ca6929f5fc66ad408a522999bae|33452
9200|95e51627321396614c56a922e190213cf3d23d245f585febb1e8df8750cb346f|33649
9201|e2fca43d24f446778c8340fbafe07d3eac95e3d72efe69d873b5615045daa86d|33457
9202|9158892b0bda074f86dd371c9442a1a385c05b5af2813f667b2b247021670237|33545
9203|c2d214b72af7eb93457f375aff1202e1c72c0fca50a01c66d4b03e02e42db21e|33600
9204|40d062e21497fb959812ec13c7b5351b414792cbcee9112abd14cb73ad899148|33416
9205|b26e28de9be44a44f2837d9b9ef9d3e4159d8f64f02c6aaa2ff07d4196233d95|33393
9206|a2a01fc486a1de85000a201f85b1a03c0c54b77843bc76a0db823308e832ae3f|33621
9207|6fdd265a9216743c70ba7f82e0277e16cd04ec60e1f8fd0736f2e8a746b38969|33554
9208|a207e70a01c6defe954c5bd65d65d20a036390de4d54b1e56bddaa6583f3d5d6|33566
9209|ea8c7cbc9f670fb8de13f1045c6d2b87282e0e92f3fabc000593cfc65b022c8f|33580
9210|a3e2ebee888432a8c4c68c3671856f5a437413cb3b9b1706f2ddf97482a7cae5|33474
9211|f7a3aaf584dbe76bda9f6f0fe933bb785f425edd1276a444b156a2897d326882|33617
9212|72ddba02a21452a9c6c42b93a2f93b266cec4d99c993de465da1947241330cec|33332
9213|25b61061ae991ad70abbe79ac8c879c688ded9bfd9af6eb43c468c9123d8bc46|33413
9214|330275601a9a7be7811dc7a2e04953315c82705f63ba554197ec8be04e12de7b|33473
9215|f2456ca51e4a29cfeb330ee0cdd9b24c289c8e7914787d5a3dc093dee8a8696c|33935
9216|cd9ec8c2777cd97691b27cee58e31d163eac28cdb9ff7cce65e5ee575035c2ec|33513
9217|0827fb4cc3053e733db84a2501eb2fced8bc998cb0375f2241b0d8951f7a3df6|33538
9218|4b3ef9e2f62ee5a3e1ada9db9a10b75661a501758207ec1fbb08f84e8095d696|33484
9219|dc800c4149bb565984eff1d432fd6eb20b990468979d4fbe3bb9534f69000ebf|33404
9220|37f17303d993917dc52517654d4a7da08cb9fbc59aa4a8fbdcbc9cf287c995fc|33422
9221|c556d7b801e9a9479706ff43ff8ac3b04515e746f678fa6682df1cbf801601c9|33587
9222|c377da2aee9b27d28ea3fa1d35f4405e09aaf58615bc5834fb117d6999845462|33486
9223|3f8f13ac0b70d50d09ba032aa5c4ec96c243559643225c3b3f14298e70bdd69a|33543
9224|3b02b5c56bcb8f70e0c197e9ed5284070764a0930dc04f6b355bc56e0fe6b777|33388
9225|389a897a3e786411af93e371ba390907134782b0cfc0ad4863696955d70cda53|33472
9226|0cffaf6ec85690b1effe002a58a2ab77aafcea2203f3e073f662a09281163b2a|33382
9227|b3182877a70c534d525cb625c9137a0e161af5c8bd83610e499eafcf9fe085ca|33429
9228|010926db64aceb778ca04064fe79a7f66ace6258cbb24813665952eb9045ada7|33521
9229|c6d1c9e2cb5430353c79878d241679cc0604757acb21ee20a111855c5893291e|33483
9230|e18e531cdc1a0434e418cf5b719ce1781801490a071a3fbf83eb65a332e54ad2|33559
9231|8c5f89bf4141e8bd8fa9ce20657bca9f29823009211899ed1936db22e12dce8e|33546
9232|369d44f628e733c612b6405ea1404bf8c44ac36fa9a319361d7bb43caabc9d74|33366
9233|49a569a119d7755b29713f8f67b7f957ec09683303a3249ba60717c2311c8c08|33711
9234|783f975975835632f0204e3171d20b9454f507e67f0017b04dc1b352c2736ece|33608
9235|5d6ff551c3aa98d3e67f8179e09f343f14bcb682d796a4ff653800e8e6282c56|33529
9236|d7a61531dfa9bc728ee9797a49fd8fe5b4e40dd5bb48762a08a5f67c400badd2|33093
9237|a4c24ccba93b84dad76f7df5e2f41467c0c85d31d5d0e30d1cc471923de4156d|33390
9238|0a47b2daffa55bf22bd8a8c76c7e0f66ebe26de5c25fa76c17dcdb5ea2120205|33397
9239|682e3276f18442436cf71f048a04341fddc8e94c103106985d2189777f59a6a6|33512
9240|b25ddac5ac0a51dbf737e309a146c3f6d03a4ce482ab70ca52c3b007e796b593|33574
9241|61db930eed7c0562f492780a015939960e0f1ab83d8805228ffb622827648e27|33265
9242|cb816a7dd85fa51b5337eca5f97b8f2691f1b667eb834da5b815a01ef110accc|33511
9243|4bb446e1fc670641e73b2e961999faf1f20f922f5480eb8a0f8c94c66e1acc57|33429
9244|aa79598e453eabbda8e06484493bcf40fafd888e3ad8a3605736bb7e72a8a654|34031
9245|0100ffa323f001dee2ce629172f1283365e03d9b7763b4a4c1e25caa4b251d92|33506
9246|9ad836006933b3e77fa0ef624df54722206ce48e116d1e6dd306b24d64fe0602|33790
9247|5786316d0a06139e1eb434749ff59a6ae25077c804d332b46d1b0420965b2dd3|33500
9248|3ee239b95fa45a2acdf85ac7bbe14c9fd3db804566610243acac52a462f0be7a|33291
9249|da1812c76fad54be625d1b347d6485b3647020b6e3866f3db3c402eb9e0dd01f|33603
9250|43f75c90f64640b02cc87397af4e06d5202ce9354ecc26aa77861fbb47d176ad|33538
9251|891dbd856a15896d90fca188d363d812c3ce5803ee24077d94910415881cc3c0|33400
9252|a47924f9a690a91bba35f804eab2ae9ba1837c120df54e4f54e0d20e5b579a85|33472
9253|0216bf17ff8f2c08c1a612581c7301d2b89c7e866c3c1d7fde84fb069a66d395|33495
9254|f2cba547c07248f2bc971d4484dbe9b11ef296509666ea23bbfcce89abf3dc51|33468
9255|760dc9453f5ae0259b9fa5be1f22dd29996ba6c82b646dbc7946e63ba2e2e80f|33331
9256|bb7979bde7e0fa35553e0b8de4d75b4a073865505ea77c822d152017433aa525|33361
9257|000aa5192660fa4265719aec7b3bc2dcf39dd7b3f9ed79f2a13b320ccafcadad|33486
9258|3875b36250bd35732ca64fae33a55c234d7cb5fecb8697eb414f56132fc22802|33687
9259|dd50028010db44089ceb0e9258d0790f32e033ec58a15f7b010be9d0ef44fa49|33432
9260|29975b48d657f694369c2123df165047e774b92a1ad4b24e88498adb4b5f917d|33279
9261|9bdde5be291ad42f9eaa6e0551f19fb015e2fe776e962c1ee6e36c252ef1d4ca|33369
9262|6c339a083831c7b1eee6df7040eba2d870313ebc7d2bd70716f8d23b5c0f54d1|33468
9263|8ca2583a838a0e71bcfed38297fc6de5f70758f4185ee89b818620b09fc62af8|33458
9264|fadd8b204d0a8342c163f12dcba50b909f4ce152ba5b3e4372d92201e52fbbf4|33365
9265|9ee271d2183981f97661935311f11b213f744e2a0d0b030461dd56fed9ec680e|33542
9266|8b8199a2b48033ffe868ae86899d96ec0b817564d735ccfdd94099b8d38b1a1a|33425
9267|e90bb558928b72e17d21e1e03dd97d7bc9217de4de394a20e427fb9f5d13aa77|33492
9268|db54975a6c97ff207cd078bd83e314d58e71075699def7fcbc72700666997e21|33625
9269|d76edae55773a5054126b6ec634a630eea3b3b8635b118dc4294e9d5cf569dd3|33380
9270|4009e7c70c153390c84f95a6b3ceff6f0b46343ae8b4698b516093012d419633|33453
9271|ccf12f11a56886e6b32a21beaf6655948420fceea0b731edb7450fa6c94b9948|33429
9272|0efaceb94c2f5d6fe1fa0d21d1dc384ee4b26a5c4c0335c34f42b0ace94cab4d|33332
9273|d7e45940bf5d91432f0af21532e52e917113419564bd6fa2333b3c9b9d8d76bc|33269
9274|21fce0170ae714fdc604903225432da34157f170e878ddfbbd9d8370dfc0b791|33371
9275|072f3c2de0b892326e00d73db5a085300920cec35fbc301b7cd93ddb5786f2d0|33458
9276|4ec0291a15d38bd0bc60021478dca99231b475bf64af285b1b8e939d1404c99c|33574
9277|dd32365c34050a919af6be21fd4592378306d6388f96b09a593c5dc1d5e691f3|33429
9278|b81ed2846ddaf67049bc183b6f54d368482af5b20bf00e039a9c255e1fe171f8|33044
9279|d7aebffb6ef8f49199eb37f859635ab4b6c63b6f2cc87d189a7963d32d640354|33413
9280|a7d534200602426cd6ce2e2d11b54dca182ea58fed219c5d651fedbd451ecab6|33463
9281|0be92f324464d4e0479b5132fe3563074f87fa845647c363476bdb351bca0be0|33222
9282|61db8a36912a866f92951d6d685cb09ae63d163f533b6f8803021a52e10190fb|33582
9283|a34dd6b332b47029ac239c5be929df45db359c60be475bfbe88f499fed0d6ecd|33561
9284|5108dedc0b7f95917a94befc17a8f07804228f7ae8b45fd512eaa719c7609f94|33572
9285|3a2bc94f1eda468d82851474a681e2fec1b26f58e3cb20833902537d89dacde2|33404
9286|e2dd344a4ec9253d8012f5db3b0aa886770b33a60552e012c303d7e5854323c9|33422
9287|880ebf63daabfc48298005dfb03005f859c7fa59db14cbcd53f806f9a00a18a7|33562
9288|99f5f770dfd9de7b2de2bf3c61d907b1ea22a5bcd7a33bee6f88c7b994b7830b|33164
9289|9b3be2ae4ee8ae508d4770d7565b2ebbe40ed204b0ee59024362cb007dcc5924|33436
9290|d7e03d2fe7a7e5371834b3a03940912692524bd22e52e6c05211db448d0dd812|33434
9291|d9667c8593bc1b334cb717c19e26e83375c110c43ef6177f964c290faafcfb21|33667
9292|a43ba53b956d94690d6c49a8c01d1d3de6ad6ea80182ddb00b4818e9212da232|33455
9293|24d9f961ebde31607e6541f762fbfc24e8e148665869855a9ae5f7c6ed5d257b|33407
9294|d6c96d481dc9b1546c16da2469167998c78c558b94b53be5a587a73a518c3297|33761
9295|1add498f75217124c27efcd7fb91633f74132b598725e31a4f3ec9ddaca84cd1|33259
9296|628e2f5707df8f55cf95eae8461c3abab41af71ceb1bfa7213ac454507600810|33473
9297|640dc9b5fd29bd78c4a7538abdb1742bb3b9c4704a3004a65e1ad7faa41412be|33442
9298|47d624803d1fa2aa7c817984e8b6b9d66f12eff3124c140fb2dc0bd37d1c0bc0|33386
9299|d24acfe0ae28ea7ae076e04f2d1e6b22eb4e6f61c129bada5e15dff9dd804344|33471
9300|21fd0c7859fadd0823584563795b18932a82afab91405b168aef656fd0013877|33475
9301|b29ce67689976b60071d89dd6c436bbeff558b398247dee57d4a3b177f2ee7d8|33504
9302|95dfa001b6d1f5a328bf49bef1a27c0f95be8895662a7a44f6a9572c34e732ca|33577
9303|ac29bbb4ba0e9717427321609bfd8db0cab861d1cf95d91c862d254d1f12c5a1|33534
9304|654c282f205074451459e801cfd71eee787c7d7615d513fbd7710d2c561fc4bc|33435
9305|8e375dff38df38214c68eecbd160a9c1df0ce5e988f07b7fd17893fb208b4431|33444
9306|6587436e737b8979ec77e02be1c799f9d99712482e5d7c3605804cf78146283f|33580
9307|bbd065199e9ad73c13cf0d8090583a4dbf9453cfe3284bba075dfa601c34e9f0|32975
9308|cae34848e4e05549861ec1200afaedc1018acb8fdd98b2a726f70421ea8713e9|33591
9309|496a5f6046c03884fc0b870b3292213877f7f95767259e7f4f094e483c8e2906|33502
9310|6cc97bf0447237943dafc4d7f5ea4200d42b356b92555233133dcc5a0a9270b3|33320
9311|2ac7bbe19091e71d8df139d5652cb51af41cb3cbb7171219a8d2858fb6f50926|33372
9312|d813c75ea7d34d0c4c4a69c9433c2d51ecee8e46af21a3cdadee3a99a3b5e956|33836
9313|82efee11fbf61e49bff57aaf477f622d4c8756f1f15fc3425b74fb4e56863461|33443
9314|964a9dc6b564f0a2dfa3e45a9bb516baaf9d7ecfbf9ac30f85e9f65cbce9360c|33338
9315|fd383b7662c3bbf0bc4e06a251c3490b79368dff5049d9c365b13a6a1eb58105|33935
9316|f5de03b8ee69ab29552a441a987172e45dcd41c48b92e095d50b4576cdd01322|33461
9317|2a625efbd6d9569aab5db654c226431f435a63f0481800bf108a44e05dceda13|33377
9318|6bb2d83803865389b0059919d8921a6f5033ea586398e3e127aecd34dad25b81|33391
9319|9ec16ff512212b964cd6e32c564e16d02dc4349759829e07fad493bf3467e3fd|33349
9320|c5304bd0f4934363457d6cafab9cb95de1aa1c3938d4daeae0e05e1bc1524d5d|33391
9321|9d61098b3e9408e8419dea155d14d25245575ffe81f8d356210825b2b4f4ff22|33542
9322|fdacfbce7128d8d3af564bd74eeaa4a54853cb5a7a2decde72f6a6fd1e6ee2fa|33368
9323|687e229f066fe49a19c56a6f95810e09cc8ec966f3dde64338cc04460b3cfc99|33421
9324|954c7e1948f5ef44cba903ed9904ff491f0d37a6dabb55661f0f62b76320e71b|33257
9325|3a7db586c8437fd084efab5e134de13e2c8b7160b4de22c949a772d98d98a4d1|33401
9326|06256b62ef02f4842165817c1d464fffead15109615340b5fe727fac7f1561ef|33505
9327|3fc7c1c0e749ff6392b76f55467397fb377afaad2de03d82f6c212f4452818aa|33367
9328|e5d1bf780c7130f31e9facd7b5c4275ac3ab1c804e5db516e7494b987bd71dd1|33437
9329|0d8214ab74704ec3e136fe67f7557d4a0f1351b6480d8defe083a746b468e48d|33370
9330|9c7171ecfe2b81991800935a250e42d47d1eb8e61bd7a2a8813f13148363392f|33407
9331|7ff16097c3c5da1e688db406d4e053f57c105a49c7a4348f961d96be0ce12cff|33635
9332|bb26ae184986a21fb1c180a7921ee6e60fd9a92583e175d695cd14431f244a29|33465
9333|e7ad0e07e8cdc4f533fde27725896d7c998fc374f51cfd8c7dd03254d3ac0e2d|33557
9334|86835cd56f933ba47138a430769b2c4db62fc606011907280c29f64cbb8bf834|33385
9335|2c6c0f5fad304e268ed4011b851ae06b3a2aaae05ef11d36c80727dbd45dadd8|33639
9336|7a4f3d70ba7e37621fd4a6546ca846e589831252436edd2e814349a915526c44|33366
9337|9b65f1409382c830ac58800c752155872f4162e47d741a5605fe7da40f455785|33469
9338|07353d1a056ad542c9d2a8e342fe7db573acaa6b59c662a9e034d1d0b799ff77|33171
9339|81798059e2c617ac45a0d9c0aecc77b4f5d4b7d8007936b717d6dfdf0bd4894d|33448
9340|44b0c89464a4df5bf77634508305142e3ea337d9e0bcf12c60b2a0c265011d28|33538
9341|b1e4d8aacee9bb94a98dc18c40e46f6475824b8fc46541ab2c45d088f64c63b1|34125
9342|1d62666ee0ae5c4f9bf6279b36b6c4e06e15c9144adf85e12299acb05bf089d0|34146
9343|8c25c650f2a2d25312667210196a45762243ac9cce27cf298b3a9ac693a40d9c|33782
9344|4bc2cde5e9b929c207eae02e7e196a766321146278380a4bb741bdce9329aa99|33511
9345|8f8fd36431e898a45ab90f7b77419e7642b9bb54034f2b97f5e9232408bb7e76|33546
9346|6c2ccc57d4fbaeb3f32f7f45a67d1a3c4cb8e62369af7e4455304ebc3cb36aa8|33369
9347|66dd967cdc00006cf34983cf4ad1ad69598f743029abc1c20b2da5a9a7015f7d|33536
9348|02c29b52c7893801d73057599b1f174c3c0a4e9d27267beff863da69465f63c0|33242
9349|0380bbc5f586d2c75141f725dd1bd28b3e8c7ed0fd2e3dc67c870a43ad709b8d|33214
9350|452289445e2037e61b8fe4e960b0433b7fc9297d680c497f5be82f74d8642cc0|33476
9351|23c45b4d83c8386cf5e45e0937447b6cb64959d73b965bc63307bd0f2d2f9e47|33551
9352|62633803fb3d153b765f35382379b7df59f2e49f8b2e882430c9c483d4a9e6fa|34081
9353|a9bfe2a7672828805f3287a5f73627fa70329250a070bce758e75d14ff0c5ac4|33582
9354|57ce8754bb2aaf822e2141a7b17e2aaf5b80cdb3c9dd6480bc8fddf02f3a1acf|33452
9355|469282eb44406e8dd0751a0efcf5c4feeb17cd74c6dfdaf729253f7b96226cc4|33435
9356|5b2b05680206f26b5fe7a7e8af5cd57d83188d6818f5ce6278b7b91e40d76470|33353
9357|d078900eb065c6646e2604550851b492b9501487d63c36c933f2c66a149188bb|33598
9358|1b5564b6692e4d0070adec42a741f6efa0de5d898116b54b0335a83d8ab4c067|33523
9359|30f228280672dfbcf716657b04d8bfe977e4183afba82a428f733e41ed13913d|33257
9360|73d349c92a4b4583299157a28a67cf87761d4c1bdc4ee4a79c061740ea502ddc|33413
9361|7fde86ef75156c286c71059b8b811f74402f94fe458df8d81a747e38824bf3b2|34186
9362|66af4177621cde2a18008e2d1f8a70c2b79f6702b54f11fa046b0494c5e2d4dd|33584
9363|f467f52a01d1dda811a6d18df42f4dfeb54b9efbcdba33c03cd9aab1f42d6ff0|33416
9364|600cd24902e119db86ca1f294ebbc9f404365b92eacb36d9e657380c9c2aba22|33529
9365|3ff18bd82c24f3e66fa043735a5c5dd6e0df9e06efbc4a32374f03a373e5602b|33458
9366|4c6c693cc750bcf0968906edab3f2fd7f739769e6b29fc87ba24d370495468e0|33149
9367|cb500da37eb71567958a1ad670ffaf06e2dc8b882bf682fd504b894e1ef45c6f|33378
9368|de5e6c25b817cf1be5e5ef730351824e77a734d3e41cb0fb72b63f5140778117|33510
9369|dbf81571f7465af24e25a83f4b7b7590776fa5a6dc75464961c51c0caebccbbb|33455
9370|8751c60f2a1e3dbafa32eadc25a887fdd159c593143ad2b977c58cd39c243f31|33738
9371|fd58569178f38787b7f925920f1168d298297b4120c73eaa4ab8374dcb3e99cb|33579
9372|2fa58b043aa82dcc2703a94815d1643ad300776cb65c3dbf8d0b26c1a61b17b2|33519
9373|8cb262d34ec1fa6c208c283b8c475f7f8f81b9f2eecd42663f79305fbe8fdc71|33519
9374|71294f5dda5cb91b1539d27a7e877eaee1f2e93876db9cce66af4e8ef1dcab65|33194
9375|7f9eae49e63ce1298307a6bbe3c0a8a371074beb7b774606c6a5c4661cb18d9e|33498
9376|b9c81b8d5796e7c773d53c868118416cc6cc8fab6d3696eb74837a376c74767b|33455
9377|5a2ec7c5eb9058c39899096f45800de3fc76b7ec509a7b58c508ebe67c1315a9|33427
9378|0830e68f032881e5f6a3650ef33234d41baa046b3231d3b223049e1b2569a675|33437
9379|afda43303be80dd2654ed1f78cb15ec2c80a74bc20a41ec254449103e2590197|33346
9380|769a779038bfb1ac9d67a2a839cae917afa7dc4b6f3d06a26f31e87aa05a2f30|33407
9381|646400b46be880aff09c0db784f2d740b62dc8a24af584785340d4ea9c9abd28|33598
9382|e3693f61396c725c05e7e10eec7090903fdb5f588c08f6155ade8ad0da0522a4|33591
9383|1e78ae0823cf361fa2211754c2bc8b46b6907316fac5abf3070422672a9933ef|33390
9384|1b265e35e1d1e27e2b04091fdb9c14f3132531e9a625863fd2c18e467678f595|33458
9385|eb1e743872d4616e3b0e45616a17e33744c035dd98577eedc0f2f884de6db376|32901
9386|e394f34d941977714793e1b09708ed5580402fb5db8bd019564fbee4daccb00f|33431
9387|aa90f65bf93e90b14f9f6e05bc5cc4b72b27189fde18a286576eb94727a7d0e3|33703
9388|3256d86aaf06d02645259fce3ef52a2abb34bef6cc35617e9f9356e87a744007|33521
9389|03b60059d583dda564341f66568fe3deb088bfc6805874b6b832ef77d38b002d|32754
9390|319c3481201a5f066d8891d836cd9ec0952c2bbd6c94a3802efd409ec5f7b8b6|33407
9391|aa1d9998f5c5358516353ceac572683be3e6d74e3e0d061a1597405fd08712d4|32948
9392|f59f57860b7c3c85b6783cff57b18c02c4528ef7483d05046172dfbf00f89fc5|33524
9393|424d029abd21c90f5fcc716ae979a96dacccceee6c06bc95147eb8787ffd9f56|33449
9394|51b4f876a36710c9a316e87b00447eba159645b82c927f295291e545e8721cb3|33434
9395|0b615201a75c2572001fb38036b197f5b27ad825d5ab1a07931d2045d6b0d2de|33464
9396|50ab0dfae9de3434679657d945fdf57925b91876260d4e28601cd0be4278eb6f|33492
9397|c34f0a566105f80b146135b09e51c6e4b26284af5ad891603e39f4bb0faec5d7|33463
9398|f0d9353e2aac8a2da7bf272d184858296d4dee2b9aa0aa4540f74058e9ad5cb9|33464
9399|b5f0e804bb3553379a52792eab253296cd64d5e2d9bba3f511fa0804115b486e|33500
9400|3634dba118f82632fdaf105e670f43c227ee2b2edca49faac836e06d5a109f45|33406
9401|c63747f5c305645c7132e37c4e04aa97cd31bc2f4f49725482de614b6c2000a7|33452
9402|4d985678022f4504ff10d259364a8109cc3f50d95abefc917f3252683924ea7f|33370
9403|2777fe52059f06d97f19fabbb41b7c529ef3cb964f60dbd2480aed3d277c2fd8|33607
9404|74d8c6f5c975866d12ad7deb2caac64a9febcd8304638e13ef38ddb140d20fd6|33502
9405|0bc8108bcd6949465a73818140a85b68d5f4a4b26e7274ea80df660103a26c89|33484
9406|725643e0804c2553fe8b9fa529077d04c44bfe97ed96645d3b16bec7853cae7d|33223
9407|efbd911c06708af742e0e8bf5509672d37f91c93cb821b725ddd4cb2263ab40c|33338
9408|b69fbd8600f77c7312de88348d7058649b315325f25ec0cb02c02e04151d8c34|32946
9409|ba4572f58444113b69a3819f70a6227367862a4afeeda37979078a5e2eeeecb4|33426
9410|494644961b66e1d30ae70e4d21de5550a006d92623e0ef698d3e5334685479ef|33569
9411|d95c7d692a6d965504ed50559ccd953dc5bbaf0f9ecc284fdbffa783113cdd75|33483
9412|3f9ad21a682200a804f88122a181bac64e09dc2baed0472f91dd123be2eb7316|33560
9413|8a319005eef9157e0e25bec3fb596d740479a284533ea0aba4bd52f02e1eec82|33387
9414|5192c54f37a54a590aeca5d9f85c783876a7ab5ab60e31c7b5096498c2218989|33532
9415|cea08a3929e7239768804e529cbec98ac13e20004e643565e6fdbf185d9180c3|4115
9416|bece13ec229cfcef399f4ee15128e1952b3f7567a8e6664e4210e46b1a770546|8568
9417|50d089f89e44963c1c6f94d8b9abba3df22cced4f34585e0cee144ab3cebb5b3|8624
9418|3a7e5b2618633b45c5267865005e8b4a7d858f7de3d8b00a87c97e2de93f3f74|3795
9419|109711193ddf86bfa2eb1e029777a9a63cef33977fca84228f184f99edf785ff|7828
9420|f5c4cce8cd3785d698243be001b55678a7fee33da71ed40817b7c27b572a77f4|7977
9421|b492c32a796051c1ee4e9c4c6bd88d0ff4a166baf1f6f091563c36abb56b4bd6|3490
9422|b3ac712e12fba74bab9450e549e5c8ae0ce4379920ad20a83a7a2ae5a547a8ca|9087
9423|51ff2ba16ab8b76ffbef760274ab3865c572456142aa968cbbe6ce2c77ca980e|14025
9424|33821e5173a2da7de250010e954c1bf19d5dc2c04187e5ff01d3a5b1d5b79b2d|3901
9425|483fd18a07e3675e87662bf74da9a5d5d96933a5eeca097c70a85cdd40ef0804|10567
9426|9cbc5e4b257de21ad59c4488668f34502a0f65ea73f8cb559b641ccf659249a4|10789
9427|33a97c8825e1be5e4323bc5d0affe2ee95d488cb6cbd3e21f47df54716290764|3857
9428|8ff7aac2ab2b442dddf1d1ba9c14720206315a3733f5801265a7c9e599ed064f|12963
9429|1a12ff2beab77ad9ea01fd358ff35dff05c3bd75e840c84edf0b5f6460e321cb|14003
9430|122281e2ab1f101a9a1150e6c4d499d82832fd5621cba17ee709e12303673df6|4818
9431|034ba295ec972e3bfbe91c53b8e923353040590290e8be73334b93c47af22d24|12073
9432|f4ceccf689a82de2a55cb3b0c5789cfdaacef5ec90fc8b21c92529aa36729ebb|7635
9433|764d99aa0eae467443a87a762b18806fa9df10c6d61b8970802b37c47fa24e7c|3463
9434|33f7a33bcdd9c99e7cf340bcb577ad9425aa71b3f41f65c8656b9b321c991a35|13527
9435|fd9c0707adefd64a64425b777bc99115bd27a471571468280c16567e0097444b|13296
9436|0a084bb9c2cad8d3279334f70735a4e24bdcdbde722fb8d3cea489154a2535b2|3090
9437|b7f18fabea0595cac9f4a1eb8ddc51e6c44c96c676f39912d994dda5c28e2da5|11319
9438|e80e6ee3473292f119b61b802add99ee80d13f707f2391e7b86fadec1045e9f8|13480
9439|384a6694b0c00171fabe045bd3a1e56d19d3170651dc5cad7fc89a8ff935857f|4803
9440|7f0df451bf2ef2b51308e58dec80307d429b17bb5ed9871febcb1aa426612874|12138
9441|1e0b065c32ce7ccaf7f8c4d5d566fe7b80ff88f94d17a1492d15317c553828a2|5634
9442|aab9fc776709b797457b90932f666d4263d24e20987f95c0ae652b3fe3241ccf|4868
9443|4c822de05a6a26df6d643a366e549175214ea40a4be0272453b867a6719c0143|12981
9444|ff0fb9cda8d72e5bf78228bca2cfdee12d406e199776414f03e8b37458ed1844|9768
9445|c0d4aaeb817741a339b124ee62d61ef747109b3b07b19feba0d68e8373fa37ec|4845
9446|7abe90a9bfa08a309b113fc465889e031f957b96dbe995c1df47a228082192e7|7558
9447|9a632ab231f85670da8331ee3e3a37d10198e409d85ff62bd1cf2395363cdd87|5562
9448|705ef81bd42733ef404a2c2947e2722f1b024044832b999a3bc495b62ad4bb27|3050
9449|a81fd14dcf31eb559f6efdf61324a8340f423f8948edb3dab9e95f595ba9198c|8032
9450|09e3ec8b64774dd9cfe5f6a511f55de6d655b911ff4218587f1c6b12159baa3a|14344
9451|2cb66908f1fa767862ba14b09ff9d0942b3998e0d2c8672f931d01d0415788f5|4909
9452|897dda82286d05b8b4fd9f3a5a6db25d348a8d5c61bcd3ba99213e7f4e2a4496|10186
9453|bd01bc52d17c31088d81ca9895b2393967501caacaffcc63c36e5747f257fad7|8015
9454|c31815fc72caa34e36491a75efc224b6f83fc455ad982156b71733ffd4602b5c|4507
9455|c3edaaaa735d2362926bb2afa936f0a70f236c443bb0b21eff47a16f39211180|5109
9456|ca4d2e1b7a9e67cf00b01a739ffc98a1ab5814ddf26806f51ede283e34f26832|9169
9457|c37e6196f73cb7720def435a9c0501eba8359112fb19d237767d262c2d3c42ff|4052
9458|73e130bf05f6608783ca5e303413413de14044c827609f2f4d73031d9692c7ac|8956
9459|cd36922749646fab8c3ddf1e299ced2419e00febe80322094d510e8eeffd8f3d|14125
9460|80e359ace3054b30976416dc2d655a60bba3d249381eadd0e0bf95d4705f97fc|3332
9461|c3d38be98e6cb92ef322f914f397048e0dc4bd8d0608de7539b378493997fc1a|11742
9462|6b18587a03f7c0e44e32a8ed27975e8554ac7403bc16b74ecb8ba33f8732c02c|12205
9463|14cc955080529f76eb1b1ccc0ae93c27ef68a84968c109f97696409cd77909cc|3766
9464|0a0b64f6f4e104f7ea731ca3828f437d17c11f59eebfc5f325aa05977aa5dd76|5333
9465|cc09ad81c70802de26bb0fb47b77f1214ed48a0d71c1459078932ca873299810|13415
9466|508cd6081d4c413a402ba95e73144552130fe4c1ca694e504430b29f8ea2b122|3471
9467|17729f7ee8441e51d39d882d9cb71f3fc80ae6efa61296a386c4f183e2d8fa6a|11460
9468|77b8782f246ee6a1efdb7c36f45defabbd2a0f0447e181680b76c01e45afadc7|5548
9469|10e33ea9eefe8b03d70cb1de841f085e9baeb4859fb36f41a19b2961b3701a6f|4351
9470|2dccc6abc2f81ee73e04b7c1d68e46cb3258f23be29a8a33503d35a8fb78bb73|5942
9471|e20e28db9ab17f86ed8b8605c7ef9b1aa479e157a005c22bd4b42b8feeb8a251|13149
9472|6a7a53a91b13c3576b20e3d0e1ccc01eec5cc529b455f44edffdb1848baa4e55|3296
9473|d8e35cf72c8734c88c6d38a2941864a18ba68cd9f681a886176df76df3b9119e|8119
9474|271882c36e11730ab13ebd1eb9cc200a44e1cf43511907edb64fb29c095581ba|10503
9475|93fbbb4fc4d017d73e2cd3caaaed43ca02e773adbf7108db032caefea8c145c8|4577
9476|5a1729e6c6913cb0314933a6e0488351d155eaeece86c37dea16bcd2dc644ae5|8818
9477|36677e784a898b81143a1ebf2b19a128dd378be6e1702caeab5a99a85ea76a0f|6225
9478|5690bacbf05a76c1ed45cf8f73d2b9d1946182e5649490da903b0acffdb5a66a|4169
9479|8404f1eb36a56cfa4f2aae8609c874b20b5fe817d82c22d3446886664562cefa|5761
9480|40876fb752af29fa866af888e14a54bd3b9d30be7c0ecc9ad1d1425d7ed78d99|14708
9481|6284ba3dce1781735bab8311c1de06ed980dcf1078a44190f81f1eefd1c446cc|3269
9482|22658e543234f84933c02d6fdb4a7dec5d23bdb71acc087455e3fe4fecd76e6d|6211
9483|dcafd6d4ab8406da0fe868cdf7c31b801d4259f075407132bd1fb55ebd062437|5265
9484|14c58ce667d7067b79f6e38c4738fe2dd9b135c772a0f252ca0ae2d3d7734ff5|3529
9485|69773d42d0b7e9f3b22014ded477ceb56159db60669a7615e929a94aa09956d8|6519
9486|a9e8f56b0ea825f09a49e2bc5fc0d9f25e545823613f5e99e659a32dff80fa7a|5340
9487|7b3f7ca892f796509b79073f80c0f7602a123bfac47bd65b27b702b6d1d67c4e|3233
9488|73a26627929f259f52c3fb438e93fd47c6b725a3d617c1b6352d27564bdb614a|13880
9489|5dfc1ed57a283d953921f3372e200f7347b4b5720fb9cc39866aa6dbed71c4f7|6239
9490|c68cb8a1cf3409f807476fd1ee9dd334848f2b40340b6940053d8aa9d76a2e9c|2968
9491|ab29c61e5c2876f3cbfcbfcdeea6dff5cfbd1a02e4217ec4e5b5d4c804742bc4|5709
9492|f79076aac68d82f3666aa1457975d47bf11b76f871657cf4e4c954c604329d34|5262
9493|98252cffae30f8f38ca81a948da76e226a21a5480ed61986fb51615a47d73e98|3464
9494|5d3588b0c65731119312bfe17f0a484693ad135d275390d6574177c5018935c3|14407
9495|3e2ba9b6cb5613a00d2de54a7c0df509527ff091fe589861a2e9b92a54fbb8de|11904
9496|90060845db05a29a99f31de8a84e607a9e0812a40f725635fd955f741e113d09|3808
9497|961eb5b4810b61aad27e2873fadf7df03b62a2d17fa198486b4bc440a8fd805d|6624
9498|229192da6682204599d923c4096c32404ccae1788791611505d3b46f063bda76|8265
9499|9b45104d69f38a268e9058856c701735023d7f59e6cd228e82ed8f2800015bba|4121
9500|6150ad9a9cd007c791b40c27940b5d6e2fbe1b1fd5aa5a2a0861efb8f8a9b213|14463
9501|a7c826eb43056e5a1c3b106f52d8c0d6ee2b654f522b26a18e7db2e44e1f56db|11533
9502|cac029f2b778d36581a716e7c955cd563d507dbf418bebb9635f8d7464a9d052|4382
9503|5dc2807af3fa014da72ed7177ba249c654192a4f95a2b80225a9396d2a0f48d8|11255
9504|3dbce4e32492391b46f4d572cf923b0f7c9b70705cb014182bd94b26a7df5492|7826
9505|ca5bfa63c76f5832f37f54f066c43de9e0e97f0b7c5b329292a68ede3bc6b63b|3465
9506|fa3a4aa8503c09082374eb3e8d31d2a59effb65854b857ee222dda83f89bebfa|10702
9507|45d1c35ffd55a290c020d22ba18d4303e6ab0b22133e402beeb7bf88a10cd832|11082
9508|7c9977cb645e1fc831696b7e043f8defe083517602fe4de6b8e7476b2652845d|3321
9509|14ad66b64c6ce6a81a8feaac3b4a0c0fc73ca1034c547145f8760a4d3990847a|6250
9510|26a991856ffea089b4b0012e879a210e866ccdfe530c942f1fe8584dafca5c5e|14891
9511|1c085db04ae8715000b55641b6cc1fe170e37c87fe3a5dcf39020cb58d520d4c|3135
9512|0cb4b09f7d367a8f69415c5ffd18877b29ecef862763d4d61cc7a20e4e9847ae|10573
9513|41812844a7d5555e431524618613a52742656f3daea81a1f36b635a28e955ab3|5365
9514|8225570481e4af59ba2e8795d9bf9ef4b537b5959d1866ef679dc0acfb64a54d|4690
9515|dcd9718e0584366a5c5d9215d4d541c6bde821457fe83fad383d82d4055a5689|6509
9516|0e148bae3c6897d3fa5a3e522d177c3e7fcebc6ccefeee5b2b54bd006ce81937|10435
9517|ebd5465d2b96e50b631481a27a8826066f2b110fa7be7b77583b3df94aeb30f3|3226
9518|b49e440dff9d7c461f9da7d5a21d4a07c378ccf94fa086c07ed0936d47497af8|7676
9519|29b0c3fbba68cc1376860d743ff25120d4f23a6d6a7dfa6f053f53c47f74b317|12547
9520|a92d144035bc94308f1232e04e17dbbd33b4ecbe15d42d3beeb4fd42a547f8bd|3280
9521|0ccd25fbec8db92eb0e5517305dac74a275d928aa96c083cc0c23ae55dea8c27|12844
9522|46ee17baa392d250654c5a1d1576b01195c9d837a2f326524f0550e5cdb2c2b9|12920
9523|f4d5ec11ef7a37942d9ddd83324f444e74b68a46dd05392ab2baa0150b9cbc0e|4630
9524|169394490fcd34674691a0eb86a0e580a54e3a9e8be14a0efebf08f67bbd915e|5336
9525|a33877feb946d253be661a470aa9c17c2c82e66d679329b10ead0240961bccc9|14924
9526|51b44be95d59eef2ade1598b786afb324866c057771fcba5ab8cbf7fceaa9087|3890
9527|0cb3daf0fbcc36c03164f5fa088720ba98bb96c6b0ac4f6a57569a1e7f44cb3f|9187
9528|415142077827fc45a6858b24b48552d9a847979031d8637d304b6eb5646c4b19|9220
9529|86c1f2c55aafefd82460b7a27ce380c87ae45d58323fe44b0b685f6bb416a982|3806
9530|53c7208d2350df7b338dde6af100a020f80521785930934668eda9b229716da5|5517
9531|054b24a2035354d5cd0c43b3d9bc93ffa953932653f4a388d9d062073bca4ea9|12182
9532|5204f0f7df6656bcb744b140f46990903e898c890a87c6a1cd5a4c4ee1354b40|4968
9533|cad8dada723d783a3c79e7434557ad8b3dc12b49c8d5275c4bff408be9d9df37|5823
9534|49f13fa26824048cba01dfa4db3bf40069cb532630a09c6407827bfb1daae3cd|10185
9535|b04fbae4c255810b1bd8350203b30a9dd22217179c7af04a412d165a57092cca|4053
9536|99e70a0c18753f07862c5006979833d6b362d4e238adf27f38c2a50e968e86fe|9926
9537|3b9550404ad6d9957eca5dc4b28ac412ba44c05bc2370e0487e4cc1172641fe6|10326
9538|5852c4252178a7bd33607a530a35c213a5ca4ccb162abf2ef41101fd0ca78a78|4763
9539|b4e68661cb760ca425a428725ef40531c2830822068b45d9606b8b3f4dd82589|14226
9540|7a416be9f46d4bb97dc7c1757111b4b7724ff76c49ec8e3c945144055efe29b4|14723
9541|682cbe9ffbfc920a94fd31184654add543cc20d25428111d4e2ca631fef54c48|3973
9542|d14c6bb1e77bb3cadef84f0586928e7f4172416f4543181027ef24f56efdbe92|8513
9543|989bb93f10a3ecc20d4c533e3b05e941fc6d21cb1d002a7bc49dbea604e08084|10209
9544|9e6d5f5119cdccaf8aacc315050e9eae4ba8f7423f4d8f33ab4cea01df39c4d5|4627
9545|1e2008d267fe035e6ad765e43049ab56ad6d62a644c2b8105a793c99735dc9b2|9992
9546|4da213d09d441c770fca85ad1fe58c3aefaa13ae4e0541cf51c48c2ce7fedf1c|10254
9547|e06b43d9bf8613501a4695ffb29152931cb41eb941a96796de65f929c625d66b|4649
9548|f451bd24ff6b3ad785cf832c420b54afa34eae1f04699927a397db7ebf8bcf53|5332
9549|0ef8be9e66c925e0fd544829b8930932a0a7331ad144d4bbca3e2e3c0fca4ca9|6738
9550|ea43300cef1b107836c44cb302ebd1a1065eb23476a50b319718418dcb691d79|3929
9551|bc1a4eec59cc648d0faeddacc840953153e406a1a01c782b9753f0277cb6a2ae|7702
9552|32a7a558e2aa053b235de5b224989168b2fd58c595186197cff52e2f9a7d4d87|6090
9553|3429d977f6b26c6e1148277ba74e81f882fa9d6c1171e8369b993ddd1da7243f|4060
9554|6e4100672fac1ee8ad53c2743a20195b7af098f55498f89824004aed07a52da3|14378
9555|3b0f0ca5a5bd633cc05dd82490a171a84f578b4947f59d1411e9e507c9f794fa|9741
9556|5b83c192a1132c4c2b48aa7d93ceeeca7a708f0d860bc628d51a1f33f8d7afb2|4879
9557|d34325124c2f0596632e86d3105313a2112f0f9ee2e777a9071ac802ee556d46|9931
9558|db34537a40b60f8de60feca00823fb65abb9a0a35dfec1a7e2251927292587ea|14582
9559|e531ff81bdd36a880d0376fdef7344ce87f528f003de4013f4375e09473ee5c6|4956
9560|ef6af785e8dd854bf9674542a8393fd8056e171b1a875f6b2d0944ff01bbfc5e|12347
9561|bd3e1e8403bd865511a8bc5e37a246408c6438550c4796f434c457197b09db9a|12328
9562|51d9ef5e1cee1b58767d7a9cb186c57370e68e560c07ef24dcec08421a931e5e|4577
9563|7e22766968cb418c04300d623f17a728398bf885c306616661e51cf3325c4759|12282
9564|2719eee0f35347cf32ca6eea595d096c79fde1bf99c05a53afaf25809827197d|14764
9565|c864c6e00487e19d2198240e84324a6541961abcac2fc06e1ccdd193e6c86d06|4965
9566|ad2b5000d432372e32f4fab23b6c165784ffa123061bab0c569bf06f11b1aa0b|10268
9567|0b9b5472d748336b225b4c3313191388c55384c62b1edcac4612e46c71301585|8589
9568|948471d4e77179f0a127188093980776fcfefcdd0e8f729b265e1ba3c92399ab|4762
9569|5632b63fb0bbe585534e818e322f1e64b16a1080de7e5b81a38abc291e9b7a4c|5158
9570|120e400014e233cbec1d377f2ed0d9a553a7cafd5b05257a25ed1b4445711924|10926
9571|d4ed07aaa6f061527802eee22e667263d95970571d71e860b4946918ea11df49|4343
9572|fae04e25a793ffd27017e462fde71262d74e149cc3de6a9a7ff9f06dfd3239d6|10288
9573|ff4bb3039a0b6f9edf746ab639ae5589319c5b8f3a8c256879fadab4bcc381e7|14953
9574|85f6df105a43ad196a30aff49bcdee185f14dd1e422850e1c20d639c8859d3c8|4860
9575|dd18b1412209f6fb937ef5e9768ea9d79740f9a0620efe81f2d14bd4f9088602|5177
9576|b51005e5404ba928418f967ebcab466f987c9ee163859d0cc28ac6fe5f093dbd|13060
9577|e6cffcac552db44208a381136f38aed09295385bac024b722ddeb48d38f11b64|3652
9578|c9f3f833ef1cf7bb73c2a8ce5bc6e040cbff616d2df936a9bb38c485e7496f17|5371
9579|3720fa54bceeefc45241e51f886c23ad83560a3747fd5eb145189b97adbe948e|12292
9580|be3913edb2bc8bd3aebc390852e8f0c94e981a58c7b6b78bb57e4ca546ae69bf|3541
9581|bb1c1970d2bef3a568b2f318c140f38e12b5aa634f5537c7fc0302af8a3f0e0a|13929
9582|a5cb2025cca4734ec9de30f6238467230b9de32b7c51abc6aa8256b9ecc2122f|14282
9583|7909a40bbe50903055e5c22d1ae271ff2e6cb99c09c6499550ae6d4838aa92a2|4620
9584|60924201bf1ecdf3a5e99fe43f364232dbcf693ed225750f8da9413c184e511f|13519
9585|c6ca3a2cf09b49ddeeedaa96568c1da1fa7b869b6db5e15c7b027086f4401573|6082
9586|369ae8209302bcde66e8f7e221869328c70bd4c78ec66c69b0338c5169e92436|3144
9587|03cd14581810d8b1596fc0bbdb3db6cdf7a0936223ba69e790685b5fde066156|13093
9588|f7e2016d85ad5db61247949d0c27c48a48c68cf80ac6d169fd5690b07d2a279e|5733
9589|7f28564b6838c47800d543a240a9fd3e6f79853fbc7eb39e750bbe28de413614|3630
9590|0a848e4d9fdef9047d8dca45876f32fec7ff84c402defeb3f293c1086f3d1bcf|11612
9591|504e13939da41f7f5d2d6823bc86c0e18a91fe2aa3dbe8705f7004a512507117|11193
9592|80bbc5980d876908e84eb533a56b823ab9d3d68a79a12f6af72c7ee0fcd2024c|3726
9593|bc327db33a3ee4cb62d254f6d3ca891c085ffd24a2b0bd0edd67d3648bb8eb2c|6575
9594|767539df2cfaa9551cc0ae62f195f39fb73c2aae61b9f99432877398ee4449ef|6528
9595|097aa56128015475af9e9a80eeb6ea612a529c2cca6f6ecb1ccda148de4f3631|4439
9596|4e19e7ea6279eeed066e97949241921ab018396a3c0d5de970ea099ae4988f06|8979
9597|9991b3065c581b758817b83f158508cadbeb2ccb1c9c022695d4ac7309dc5b96|9452
9598|3c957c652a2c22a47bcf6cddb8108792175280abf457c41cf057ad122bcfe274|3413
9599|ea3db4353e9771911638577e65d2af26e6d2b376c86dbc4ec048e3a50c6aa645|7383
9600|dd7b1dee4edddc39382138d8f3fa72f3ae78cb91d35699c026dcddc4a03fbd02|13253
9601|b53e314c45e88f1e597c08d0a07c85ab9926dd09d203f66a7267dbdcf6c12d29|3244
9602|fb16c96e7f28f7df7c492021d7c00147ec37ba176fa77eaf988a84ac36ea341d|12808
9603|7eabb50a476c3a95988bff685fac6d93c1b042e3baf58e5d2c26b1dfeec13e48|6011
9604|c80e28afaa1cb9c9590bd33d2373e36d36c2c279a94d67ba2cc08058b7a13d18|4540
9605|9aa9845c4fa3e0327262028d1af0676b0d6640dd21d3fac6159b287b28322638|8263
9606|622be026c2b07358706016a637c122736025d9dcc99473712562c5968a19f831|5270
9607|a68101b78cb6307c078e9e3bad3557a3ae9098cce975de1fc63b9f6386d35168|3987
9608|30d57cae1fd8d0c81253001b03b4f6481b0f0096d15dc3059a14d5b7553ced7b|13331
9609|a55ab00b40c117a35bd31ec4e8aa823aeb1d34769454d16020c4dc6f48fdc6ed|5187
9610|e66f389050d37a1e3374efb66dd1eb706f07c9a839715a26477a8fb75f377488|4361
9611|f7e4886fa6fc475221010ba1d5b6adba4e311967ef1d936f44acbb20ebf577a2|14679
9612|c023833edf309f7aa3ada6fd4788b983dbed0c32f03be22a2d69769616214fca|14680
9613|a0c860ba3c7b8df8f11332a52a7f842c4ccb5443a3f351635b3ba650b8e2e51d|3162
9614|6d71551227e0593c393db1f2c17a43cd39e06d3f526fa84ad56eb6eafe6e7e09|6472
9615|e9a010c5e2e6af41a7a6627f3317a3cffcbd5c4fda0c40f2c5adddd0735e22b8|12322
9616|c5346eb1f99382cfc4a71e6681021f8a9e95fd18a6372814caebec793d0e650e|4817
9617|3067ffb5e1820e24e2733554d33fe73ff6f2248b54bc453c959356da967ba814|8009
9618|91ab46298a53db2cd2dbf98a900f2e884024a09fc42daa5ba7e277725eb8aea1|5840
9619|9d28e61f746fa3b48c531f181fad464f68d36c1fe8817ce986a7da53477ea9f1|3435
9620|65fb4520732c00e04ef3f23a84e8b2d098a564dceb167e7fb00482962de2a12b|11654
9621|768ff7c7efb812f1ffa676ea610e8e29f5bc4f7ff416ddb9002dd3ca6efd14b7|12132
9622|27048a8481354ecfb677b993ae180c4ac93c35207fe5a3cb71c72b6df3c0051e|4931
9623|e915882f36673b7bdfa115b07d04edbf7046d4edfe342d60f806f2bc9ff4ddfe|10782
9624|12db42238a10c70a6de84d458380b46470a0581e667e61d4bfc18e7205956bd4|6339
9625|ebe23d04650ba29a63931ac22b49af61357340c3029d786d2829b62021db362b|3550
9626|6ea349b9de12168ba94df93a1fc043dadf70294dff6f8521959397d0d69fdc70|11142
9627|66c8035dbbf9a2e240ec3ac13e1dc9ea96da94e0c533bfa6628796d8503ad852|10616
9628|dc5eafe03085fe0e66c096ee204f2b7714016d13865eda25cf4e6aa00928fd57|3588
9629|b99ba863503322806da7d93d8623659db4a0fb04169aa5cc0cbce5e94341eb78|12890
9630|f1aa446bc23268f961598f62af452dfa8de651c217d9515f3bbadc2814b6d178|14073
9631|1a7684749f5aedbcd50e1981e3b66e6d501a4fc2584f30ba6ef27c73a7ee5373|3615
9632|8070e1de32f7c0cfe6a25d3556e1ed410409e4bbfdafd355644e1280710cba01|8126
9633|285cc4a82d97eee6a59ddad5a9c28614809982e37a8a7a769c6f8161497c1cac|6856
9634|da417209f94878648efc3a32e3a0df624aa8c50601935fa894e11996b0723444|3447
9635|f82cff8b7c2943e9efa3b74fa38aa6e5f0b247766c39927f9b803b36b423503e|10568
9636|4684b84741128bbc6f38f6f1091d6b51cf937874999f06ecec78fba42083576e|10777
9637|b2a369abf847b072304dc96dd1ce27693ac55095f750acf4882af0d83e410be7|3152
9638|5f343ca0066b8efb048bdfb4af991c92cd940a1e29d2286e69fca75dfc16e5ac|13277
9639|0cc804c637b8090b3f3bdce5c803e8eb2a5498c87e28831cdab3d886149f2f3e|11013
9640|bdeaed7e67383cb71edc14f2746f6ebcf467a444fa7cd6118f052cf39cbf6948|3642
9641|a54c4b309e180e05c7ba450c53ddc2a73e9f47cbb04e9095ffcf537ec5bb7529|8397
9642|479b86866f3462e5cef0a75046209b2b5903ded088cf38a97210be8acc73939f|10483
9643|e88702fcf253dfdcde62e503b9bb51245b96f955e365c194e5665e026039bc61|4741
9644|536630e10ecb8713dba434ae0a30bb1aff1bb0468357da2023bd55059db99036|9698
9645|4ba9459e6a00597b6f3f09e6fd504df6502798ba0f4c71252c2573b64be6e5a7|13078
9646|a952c673f02905ad453028879112c3820bfc62c5f39b507d84aeaadc59279248|4964
9647|b241be9aad2adc98fc912f70b2e8c2e05b7c7e8a82330243524d23a05c743225|14044
9648|4e8f5b56f7d2161a80c932f07caba2e9c01d3e0203cff166542c17479480059a|14457
9649|2fb60eb5d44510ccea2fa172a13f6f28dd0940a244eea9081b13b9e4b9090d5a|3289
9650|dc4de657faa0aaa3e1a819b306a4ca05ec85e4fdc50afa281656787b1fa9365e|5514
9651|04fd0cd6ef7cecca7fc2b9e3ce82c894207835ae684dd0e84015729254bcfc22|6058
9652|828c5b95af6e802503a33ce0b02568ef7ac4c18e4779591b0649ff2f2822650f|4390
9653|d2529719d03907c0aff49b1c41d9b619afd42c8c59ad41c2ca642db6c800cf0f|9191
9654|fd15a8fbe937deda7b77e612fae702be10f8628c3c6a10307b1ccb31c1ffca0e|13508
9655|11c9e65a0c3380b94ca8c5a7207b2c3dd580a9ed402b8f6daf5f12303312e7b3|4764
9656|d99833793f2ff1acd2ecf5b7af24cd6b4f99e1433dddf7421eed99bb712cbb5c|5172
9657|ef77d6d4495f7d7c5403ba5f959bcc4e4e61073a75744910e850b12bb2312ac1|8303
9658|770d68e32a905f9c3559478ba156e9b16c2de8eef131df819e027652a73821f4|4111
9659|9aab3e04a97ff16eaeea7250b9d19394136dab63388e4a6f07ebc35c87b20466|5723
9660|16a2e3b5a721cf3743d690f68b215e4f1c4877cce0b053632d7cefe44836fdde|15006
9661|89d1fc7ccafefbe047adc0fd63bada734689e270d969bba617ea4335decb5a29|4819
9662|10d53b39a46d2a866520362f52a5ba7861f80034826fc84f78642647405fdcd0|12710
9663|9e8f173ca26d01e89baeed9a190327804241ed387097eea4de757356afcbf147|6869
9664|acdbfa80c56b4cf7200c256ec28043887456f8f7c53a81d4afd31eb124e51fdf|4762
9665|cb2760b3fbc4adb30128a5e29a98a284459ef1b2c7879903824527c763ac0436|5899
9666|aaa33a4933c24da4ef12202c59e68aeca580f0f5d33de9bbe2fd2551cb26e848|13476
9667|8ba866f1eacd791cd58344868141b6a918e25d09ba6ab3e67fa62b815636a622|2955
9668|966d44667cebcae3f92bc38abbe128eb06cf35d2c79ed74ab285224e0f443242|10912
9669|9db12beb4b13e5a36800441938c77a1a8bdd75807e161dd62173c448eff02639|8227
9670|19c5e3ef6ef55c86673bdb9663ca1f0f52fc0776a943cbe8cbee48e2552bffa6|4994
9671|878dfc1d204b438ede3c2a711de3474677ded7e30d7b9373976deb0481dbb635|14248
9672|f75d761f0d3eb5e47983f090f0344eaa8c2dd82092bf9ed8c403c13a898b83df|13782
9673|1d9c2d9d1b1b2d436d001d7738a259192141c53b0d7748ccb4c28ec4ea6cb086|4775
9674|7501f7707a26c47e6cdd860565966d77a65d7e0a7c580150636aacbc7091c155|10272
9675|62b34c85f96555c439dc0206683543b229cde49a2d048b6b0174222998e2c3fa|12768
9676|0203463085ffbaff4c36aba95b882d4e22d8898e2995c463d93ff39820a9d385|3272
9677|ae03fea93fafc6270f720e50893b533e9514d93018c354ac1bb25f4d587a38c7|8399
9678|6352480155a43edc2d52cdcba411ce455cf34fe9260218356d124e63a3ac0df2|13706
9679|41635532cea5394e4c82577d28ef07445cd5819c31e6b5a281ae1c05780c7f5b|3225
9680|4983077726dcc11046d61ee8ba31092c1a422db7f20063a949d58cf4d0b716e6|13759
9681|03816d196e5bb31c0db79d2c6b510f0b68fbae0b9ff621f39e337de06de2a583|8210
9682|c93b8b2094ddb4373b64ded56ac9a88b569573fd715fc8ba432151e0d3270dbb|3713
9683|fc7e9024229933ce3e469fdc21fc89375cd405294115a78984550f5e7138e901|6921
9684|f825e74e2ab0bc6a2d8db62fd0a50513cc3a759597f39a1288bc728633a36432|12492
9685|c4d510d07202392291ab9debab1b39038031a25c9f127e08acebc49a425da181|3656
9686|9d0dad550a3ad080440d2185d3b169c5cd4c683a65215c471f42175fa8d93cd2|8229
9687|14dd58c0176240c7dfb0735abfc8a1cb2f197e4f05cd7e8619fbc6e7587c4163|7210
9688|21865cfb2a80d073fad3410f8279d163150a66eef84385b13926f239263f445b|4514
9689|bab06202a33ab8f76df254e1417d2a2a9722c4fc06375831b4699e10a93389cd|11608
9690|4b534a4ae27161c99fa83e1678852cf45cea67dca815d1398e71d03ca870bd9b|9101
9691|4e1752aa3c3b7487afda5fd9dac43938fad8168f4f17be9c4ee3a8198719d9a3|3633
9692|dd764a8ed9960d7ec1f4cd149c2179a52f8b6f01ff5e181a68fd1c380a7e0e9e|6847
9693|41ea6ef0157e27dbb8dc45f3e7a637740fab745daea09468371eb77342b3cd85|7947
9694|5e61fbcde840375384bfa6c9cf6d9217285164a3dba3284b7295a678eae51600|3569
9695|fc1c18e143459f15efbb06071a85859777083d838b9dccd4aa5254655aab7e1b|5209
9696|2fd07f76e851df30a712e85dbbddfa60c68726354665db8ebbd709275d1050cb|6171
9697|0fd33519beacae094f582a553dce51e9a1e376b4f0e8a76dc3069498b0605b7b|3824
9698|d9e8c241b40b892a39e606d0f22b7babec85d8b43339f18e02829f2aed81d52b|9483
9699|fe9a0c6a5fd12f091ccf1148016ba6b9a5ae5e2cbb21aa2dc4f9e74a0413a79f|12150
9700|e56f8a88b037ef0f9629eb95582bc832049c6ab10cc0915e3262ac65adf12f72|4555
9701|f70985952637950c2549da56aae1ffdb88bcb81a1627323a5677c6317c863eb7|10592
9702|81ef1daf2fcbbba7d290cf8101833cdef0403eef99d81e1bbb402235848268a3|14121
9703|719258b985a2fd4faba251c6ce382a84432b4f909042e5706181a1ef9db8a768|4098
9704|906f66894b08cab52f46d5f721871ea141d2bbd7696a2d7ff6db794588458ef9|13922
9705|bb0c4a19c59152a6599139a6f8889289493c9513ccb6ddfdfbdabc3d29c1ae81|6713
9706|a60a54a4b60b25fab49ba628d70cb5a3120aabc85740eb6685c80f28003143f6|4698
9707|ff8e969b0f13a25ffd508394ca9cb4a5ad9c4375d379b972df4972accfc8c69d|6893
9708|5f606245e48503f5a89622d56c2e29bfac5a995dc2eb4b4f0c8b1022de6adf6b|14165
9709|11d29fb9a72bee63aa76efbac238f2c41e7a9984eba63a48070d4b65ce2fe6b7|4547
9710|2c3597ec473a998de672f4f241c8502a5142acb0e7033a4ba70e65e22e5b14e1|13906
9711|07b9ca8fc8b1ea0320490423fe88343e6b225a5dfecf02d4e4383c6fa0b40c63|10234
9712|0ecee8c56d6906e06919a83343687ece90e2007076a26e0c23e738826466c6cc|3166
9713|a69bb89667f173c8d1f816a276e82faafdf225e7f85e1c9019c1980053a4c9eb|6454
9714|10789eabc143a1bba48ef661e8b88a748467032637d250640b2a6abc683e695e|8866
9715|f816a27f87abd276c30d15c55a3c10cb250efcb49f66cec1c2ff9f6a30197a42|4037
9716|2d36b0ce16eac1c8028122f055ab69517bf1fc242e9eedd9a311615aebe96f84|6313
9717|0d132c79eaec1855221a76e000c5f64b16b342ea18639c600f58632bac966631|5039
9718|9fdfdefd6f4658df1d4940757df62f01da805f42f0f7574c30c7bd8ebe0ea091|4562
9719|b6a8fd73bf12adf995e911c00c51fedef4b2efd8c6e8529cdaf34f01b5a1ca84|11820
9720|6401f0347ae5cd2a628644054abd0a22df018ee252d1522abc4f5c939bde14bd|11623
9721|a890418841a1e322c6d03623278f2f5316204a9100ca8de4b7cada9d43383363|4028
9722|84283c6adb57359f6d48113cb0f94d979d4006baa2adc10863a1c8adc575a018|7256
9723|85010f4958b18a1dca8768ea9215f82acf7554007567bf27d62d85c6d4ef3d81|9358
9724|df1bf2a4e4f458eee243045723ab8b3d33f88cb65fcd5c2967c331d1ff0d7c99|4719
9725|129ada8205a258acde6fb6b81491ffb20cd71bac29564a8ba2d58736f628e961|10267
9726|13b468ef2619582628742cfb517bb72f2580a96a6cbec9e146dc53c045d6b5f6|8936
9727|5500ff6a410417c2ebe49772f137eae77b275da14b1f02d20a81bb2ef799ed19|3450
9728|4c1c91229113f41efb7ff1a2c9bc7d6fc8d29a656526e776f9f6b36081453ffa|7854
9729|3232ddbcf6e6123029634c02704360d50bb8efec3b2b2b54dd4d19cd9f2322ec|5461
9730|a76e3135831f31a04bccd95f400bfe78ff3216a6da27d703bfce64fb7a8c9651|3094
9731|b83a581a0aaa529b5cfcd66c1bfd4328634f63bdbb9a3360027ef4f4ab0968b4|6776
9732|1ae0cb577c21b8040ed9ab1319a9b6957b3ff2fad441d6cf76db6be20623c3ca|12760
9733|e47f6c38e959ab2ab4a9dbd75304a10bf3106452c2f574ac7150908f25eafac4|4052
9734|fa13145129bad90aa0b1bd150186e89fbc7fce43a767b8a546f9d5d6688ec7ee|8719
9735|29d67732f5ae4ca3b22a6ef59d285f638ea6dbd4740ae71aa14b8e86630a633d|12217
9736|5f56f9b4bd78afecb7f920c3f5adb075490ce993e286fbc12f1fe00712f8a1a5|3116
9737|c7d549abdca6229079fe851d04b90646575b6475ae746b9227b7273aea0b562d|9721
9738|8c75bc0d185fcf01a8e04dda9ba192797a7af33cf20f70e8729612acb380ae37|8550
9739|f1175519a209f0edfc0caf68766bd4288d858b5ae161bafd959fd644d39cd5a8|3556
9740|05127096f9d53aa5a0dcdbec99651909303faa9087247647f6a635e651779f7f|13851
9741|66cd924ac69f9237168e1f93e07d01fe329430da3c72a1dc239440a83d71782c|12564
9742|4816ca5258e507c0899cb95c5c0029fc6cc1a14858480bdf69bdf49d2ca43d3c|3973
9743|d2af8199790fc376c2b138eb1ad25a5b7324bf6d867e26bd1b39162d74185634|8544
9744|322b770b78c77b86da5729a0174042654f5cf1d59a7eb996cc381753a4c4a10e|5139
9745|bafc90e1663c4b02d14dc03d6c8551f7c53082cbae22ee66ca408fae97877705|3816
9746|5768f8a8dead6ef2c04cf94a45710c8c125f842d9799fbba2ed0ab6af5165593|11315
9747|b2649b2334fc104586e800ece0847315aaf4a1f3125a16e980186b5f1f5c33e9|9512
9748|016ff916b83809200cbca26eb48567905adcedf9498ac8d68e3b033d752ea358|4342
9749|f31e91370ec644601d0059cf5e78b8869ab1854f783c119c93c8cce8d64cc48e|9640
9750|e953e9c90ec5ffdadce6d7b75e5cf1c3d8d5f7de911de1f487feeafba000fb4a|14658
9751|93ea40d97a5f02fc5144ee1d8171beb9c20de0fab36086cdc361c5889a13c584|3723
9752|cdf91ad9ce477a815a5f69c1cbd1d0946de2b19e89e8a8e8d6de020ab041222a|9977
9753|bfb23e4ee3b210d6fe6dcc925c3610fd2aee879213737f855d73b6de6169d4e0|5750
9754|2d58f3ed9a643aac477a8a0fd091b585f42fc4328d7c345fa19b667db35faf7b|4824
9755|f5c5b642f38e0b9f7587f00edfe75c475e01a1085a2af4e5d918bf5bd3321a58|11941
9756|dcccfa97f309fd05601c492dd6aa95c4564f52ca88eb9b11394ba66264b0688a|11174
9757|2e2e26b96b97feddf5cfc45927fb389aee7866cb7eaf49ea0c2fb32f5b803ace|3209
9758|c5d192e9a155854bdd00e8915f770d7e2ab6b4fe6e9875425535785960d4b7b7|13716
9759|3b189fe94f427995c1d5c84000085c7b3073c7fe56d8ae971fddd401dd72c671|14676
9760|ed00038660a280d3b410aa162bf14ff0101d4bd40156fb11e5cf6a8fdcc7ffd5|4383
9761|a8da92c31a66cd8af7b81cf21283a23ff73c0da15ec685a491e331baee0700aa|9578
9762|90a62f9970ea7e2bf8b586e628434a3965735c88d4287181493457c12550c1e9|8555
9763|7d86ab2e2c128410c7487e9d6bca56ec108e54186ace75b064b442099894b1ec|3107
9764|45ad8afd73a9e408cba2ff23567f56b763500f82eb6c8b3cdd6b13fb642a3d32|6473
9765|348271b33d3a07852067433611c22559e393cf376815fbcdd8c849aedc7be326|13700
9766|dcd054a0398d3f364bba86083c4de1a6ea7f3c5d8105d542560836641b67d5ef|4084
9767|947f7e1217c2d1aad607ff8f494996ed9ce56a4893d0db04cea2e1fcdceb07b8|9090
9768|d79233602326979f846be4b079d8573fc489ba4dfcce7c0f4bef908ee5d2234a|7031
9769|691b41cc59ed28fb4ba2f827c85ede82871a909e3c83fca6a08f98a586678247|3054
9770|c77d7e25e35fcbe3d30d7cd3032fbb92b7caf95174fe872f361c8d671edfbe51|9581
9771|2da037d10348122207217f29e0fbc86620071fc8f9947dfc1d4ab4e7722a453f|15088
9772|371954d939ec65d17effdaebddccbf9c4251d930b9123ffa659ff0c2b6b0f96f|4928
9773|470393adf83c82a5831329550a8bbb193d3aeceb6d97e2b6ae492561eef3dc3c|6099
9774|3d98ad163b911a3dbe923e989dade940ba9811162c57de7803e55746790ac0ef|13672
9775|c372fc4ab8c6b7608deb5fa1b997a245fa3a5aa5ffee4f5c0a5ed21e6a7a79bb|3799
9776|477e040c7924cb38af3b86972e1f56bd55a28e1537bc256c99c1b80792ffacdc|11624
9777|2f09d1755ebb9831ae9e0d76bc6c888ec9c5d64681ef189ee0617a21777f1bdc|12912
9778|9e292e9063b57ec0ead8399a6df14b10da34387be23ccb5567aa167676451634|4128
9779|4e3377c603bfa974fbd0bf7cb524b2b8f392db36dba5ccad7b5ab3eef3af531a|13544
9780|14b5ccc49b16297ae2fce243f8db5ee8369506b8bdcfb2109ffa0b86ced0de9b|11035
9781|e7107338ebdb35a6e3c14a0b768e1869d9294659e1f33397d3e754b2da054b95|3446
9782|1b7a8e63bb35d0a5da8bb57663c7446b2461b59aa637a7412e9ae7b19ce10e41|9539
9783|1d9bce67b4980543216b7c4cbd69b3c902e7eba761fc3ef87ff49825b64298b5|6186
9784|f92f328ad03f3cf3dae6724e039287e102f8c51e0f5c2fa46dc7d0d079af6a91|4355
9785|20dd720046230caddd0e1376776df05f7d52618f3c0fb8f3fb5642fa6272abba|7952
9786|c83560c6df01fb348a331d57187ccb0f5326644160473a786049a68023d2ebba|9364
9787|0ef0506a2ebca20ae5eeed36a34ba9ba738fa5e385e1efeecb6444779abd1243|4039
9788|8c2b0e07ff55a2d1314a757a8f3baa1636e635da7ea4df93453dd71000dc0431|11633
9789|0813b682fa95fe6c221620c5aff2378af8f0264913da184af17e78f87d17b433|12996
9790|042c050653d6931370a9c42f3d06469fbb21726548226e328d8c70a3ceabbd08|4374
9791|8093d4f45552206b68682fc71ddeeff876da5e600c382aa099e97a60ece66249|9089
9792|8a4053d2c52a96b4a0070bb1e2374330e000cbb79de50f1d6d6d9d7e2e1577bf|12202
9793|e12554f7f37a72cf0f7f3ff7c9dad966d38b8da8452e4811f0cfe903615ef3c7|3652
9794|75cfd3f46df83a10baca4c48f5d631f7c17f0c619c61efee01c653fbd4beded3|6054
9795|a082e9103aa666fdcd0a929a11f3a3a01c615f71a7f16589fcfce78ea0b2d172|13107
9796|163249c679217f484171dc1fbecc87285dea60e903657f639609b899ac281b1b|4080
9797|b5518cd7ac162b264b200de32b230423040f9cb9a9e10c31269a8e590a1118c0|5354
9798|b3bc2f9c3fbd925ac83702dcc8d5e3e73788c5089d14e2c8f47f9148738c2c7c|9397
9799|38fba77af8b04ad0fd193430eec7c9f3602340a413812859c054b6f4964bde3a|3404
9800|9182fba179b5203edf54b1399f4c659abde87bd5d2221e86c756f86ee0d24cd5|13355
9801|6cdceaf0a8988c96e00df5dae3474beab06ac145465f0830b772a0ece87ef65e|9616
9802|d199622a244f597752bac78a5f76386ae38a984ed131b6d46cd71fd94038b105|3635
9803|287890495db92a76393207d8a1c686f11d0d2ceb21f835d793869f06483514a8|7195
9804|8d5d16b824d7929476b4ef1abb029e04511e506a8d0261269df7cf48aaf917ef|7128
9805|d33f39d4bdb2acd9778436782c6c3caf6e6c6d4e1637c22320ac82d86dcfd5e7|4045
9806|9658359e90fa43c78eaa4fb03f56fd84d857a3c92be5ada3070b87fcb870a3b9|14232
9807|98cb67653d40941b693fe621681ccbc211cbdb88b90e62caebf0f973110dc24b|12657
9808|5d2e14f4bf0f71e759b19826a4154a847db75b3458e0b392ae68dc0ae6e730b0|3391
9809|b03d5645be4dd4ff97579a0e1b6d4cf78cc125f9ce83aee186b843a98cb51fcc|5872
9810|e75ea1b3748539c2ef2c238a8b9ad5ef7a7da15b4a65260067ab2a8bcc443c47|14960
9811|fed3ab591ef93958cdb917ae28d3e01c9e62958918a9792860c63f5a1318b15d|4179
9812|93d29e1426afc4b96f70fbf9d3b05771d147e15027e3c9be0ddaf6c39fe1d28c|5027
9813|a41f2d1793da66dfffbcc2ce3ce59f10c595827c9f0d959c74a619f750099fa2|5754
9814|08e16aa4be3e7d5b12155502a54a0b4b1130c21959baa250191c0aeafb0615b7|3970
9815|9e553bd4516b117e9ed66b93e684c104d86f52eae1f8f0d1595af84099db2d9a|220
9816|fc987dbdcce0d5e4d5fe9a5ee6806b0fbc2b0c6a49ce940faaeda24bae42bc40|220
9817|2977282ebbe986cebad09f7c381dbf3b67ce1375270cd36b897ed5040a60543a|220
9818|b926a59d1e16cf095e796de0416ad10426123bc94147081e569344dd38c22663|196
9819|80339c27a3d5ecd3fc430dacc0d4f6e647b36aeb9b927103f23eba49c4a98b58|220
9820|303074a12053e54b26a7d489155c2d6fea5c75869046a89adcf750156d18317a|220
9821|17eabbbd3bd2c420fc3475e13689294c18ac2d676fd860e8f4e0ad3117f8801e|206
9822|dad43a5bdb44f79cb2f3b306a1cfb4a9c4fd9170b4d6002fb10fa757cafb92a0|220
9823|c7a1484e586c6bd73eacdd05516bc7e86f563dc659543cfe7adf2040ee149de4|220
9824|d3c32502ecb9ce5b4d86c8df24d5152f762120c922ed512a176aaff7dd8f0aa0|220
9825|afd759a28bbbfa5216029f1cc10f95ca8b941ad968374ba3e9df61efe29e7028|220
9826|c5f2abd8a8a8278b929e90e00a3223720296e12cbe96b0ea6c73c0e61c2c896f|220
9827|70d7b687890f661ef0192633cff7aa9814e1b96976d9c5ed2371b1f7befeef44|220
9828|3ccc71da827730d9fabe19422c7550b5e3cccac7a3f548df8ce82f2df1c74d48|220
9829|2e4e3fefd83b3eb30c0cf99c915028a1df3fde5edeee5e4fc3dd281e4e781e3a|220
9830|b51be02196e4160d77ba1ca7bb70af3142a2cead080fb37e2a861f424ed97bab|220
9831|d91a85ce14247df6a1880a8d3430c0b1f1fb4938a7f12804f16e06af051e037b|220
9832|39c14045340a6c35046c782349e70fdd20b5d450811bc71bea6add4bedfe8dc4|220
9833|15e2280c94a1078d37e25e7b44d6feec49cbc4ec34adeb942bf47c0f2ccee274|220
9834|7bdc2c2be2535fe279c25235fa2cbdff4cf69d9e2a02259820cc0fd95ccf289c|220
9835|d54cdd3e0a3ea573b1cacb76ad88894448ef81f998831feba9ea84f8f0f283b3|220
9836|b776b4781b16a230ff7039b372e89cd9d1e0930d1a4cc96f2d5ff780a4b4db3a|220
9837|bbcf4a35a216ebb69e5ebd5128ba750f86ee8616de1e05840c3f7a1a7b6f7c7c|220
9838|c448a7d7be744eb558edad26a2a8c1bf9c3903edbfe51a9befff4a6bf748f17d|220
9839|7aef08d355f48937b1bb5f4cc4f340237a9e35ca6629c862057882dcd720e116|220
9840|a99dedd6b0338fe860541cb9c551bf7067bd5e5b1369f6cfdccba52e1c02e7f1|220
9841|a7bf50ce675f42ed27f133115c356b185232c391e78f0c730be7dd0547e50bab|220
9842|9d565b5726405aa1805683b53d027d46293a99c7aa6cc75b6a410d28fb17ecc6|220
9843|4490cd66106d30374ef83f9b86cd88b77b54004c45ee6506543cf4ea5f9c1371|220
9844|599ff07e2c421f5c6245c85b19ddf76667d308a5b31f56757735ff524650143b|220
9845|8014949f4cc4e834049944a62276199306adec5017078b742a485204441986b7|220
9846|bbfe0bd932e1090a1a591430ff4b47d1059e9ff970e9435467161365daf2c305|220
9847|32c963c3029b041a60fd6f4a2244cdfa14f2158b2e9ec7206078fdc12c3144dc|220
9848|ad27b7ea732198f85929f90b658ac1c091f6083ecd96a5bd5323d0e91ee75d38|220
9849|c04154d0a383b0139ff8cd749f62eec145c43e114d92a931b9adfcb68f9c2630|220
9850|c3e8d9a0ad476b63f7e8fc7631cc8e9d8fa17aaed2eed38cf353a26dc1d28813|220
9851|555b7aa329bbc97d222f99ff46611c7681d2158d86990815282f1250b4bda252|214
9852|6fc8ee5ff00274217626cb50660091bf812287cf7f799d950e2091ec87e566b1|220
9853|231e05ea82a515b4c464032f47f8a9968554696b21ce770c160168c8a924beb4|220
9854|c6325d1f8f4bcbd2d244fb551ca612b6766fb89086479fd5995b0b7c06a76781|220
9855|44fbb151f9ad820323cda46b66dcbc39f3fb105b02c212183a3d768368e8ac02|220
9856|b5be6befef10440a8dd93199d38f981d19e711b63b0bacadff67e3260fffee26|220
9857|efd390d95fe41215583fd52247964bee4f0bf6aac06a77c94263f09bd8a81af2|220
9858|bccfb8c2b3cd030ccb6dff1df6c9aba4666271e5bf188a9fd2eda7ae21b37ba5|220
9859|30231b348837e9429e920a97b62fc24204a2250e2b1e8881750dc82673a782a1|220
9860|79ff75f0a5950314b80970d93688042779a94915af9beee5330ec24a4e9b1a11|220
9861|d193167b8e547598ff41d500342fc0172db4e6e7ca1a9d16e4ae15877c4f809d|220
9862|1fe6db3b96d3dad0ff08fcb53dad76f7f17e8f0867d51877ddc2b8907521bbfb|220
9863|fdf953d005da96a78e3436494f2afcb2864cbe7d876f99ab5cf70c46f74de447|220
9864|7a4bd6bd113fdcbc423bc2f77281ef1b52cb4a15d3476f9057ab3404e819f70c|220
9865|48b0963e40c9b570632f6e47a93c24b9dedef8b3d6f6db6c20cb600221b47382|220
9866|83464939f2ee8ce05fbb8921b054ceeb11f65bb0d071e52787eeaef9a2417271|220
9867|54c4c99caccc6f908a55f1744a8082f7a7b66b96c882d430f4e4ea9895d489df|220
9868|0d733acb9c035dd9d0458c46676503544a7adfbc78929fe0bb56d94eba7998ce|220
9869|8d457f5f07b86b4346c71fa30fe1bfb64f6a3c337698f15d001da6fb4c3fe56a|220
9870|2e186ee4e7cb931a6d96c16252b07e0f427bbe0dc8cb92862ffadc40e5dead7a|220
9871|d600b424fcc61c4c8ad9bebbcbde975812bcbe9fdfd807000ea30268e8ad1a1c|220
9872|630e8a4389f58ef7665990502da16744c71e0211d3d72d2105bedeadf9dfb2b7|220
9873|2e7e48c86a1e8fc6f5b1ce3fbcdfa3322d06c9c7a275bf6adb949ecbf3e7de52|220
9874|5b19371df9dae26bed4ae23ef249eb85bea97a04804ccae3a4b8238015560f17|220
9875|b89c36e329ccd161e1120227020c6f20254cf2ed36521b8f3bb56f71a3930dd8|220
9876|90eadb27e527aa29322ba0da1d3c6d6573619d2b9a37d409d654e7d583d34472|220
9877|92973df78f694ee09476a1d6eb879064bcf23e09bd0d54c36b9c105bd0203515|220
9878|bbf9c6ec7072a7545d5e41ac10e84190c9e8a4e5740cba562fd623e353852178|220
9879|9e5be98b293b80cc794e095cb8e52ff157451f42b0f690489c0016edf30de458|220
9880|b6fae1df7e1de74794737b78cbf0918b856d90c7ff142e6da335ba9a563c2b60|220
9881|12c4fc5dfb7ebcffa621c67088bd58ed3e122ed1ee992258f4828361ab594101|220
9882|edcae3121c9c80eef5fd07210844b85a0da9e78119e2208fc535a6a0ccda1a48|220
9883|cff2ed177086d607a99371532906f27224cfab634c5ccc97beac895e594a18d6|220
9884|7a93abfbf226222b1384d2a593dff06ed237a1ddee52a040177e4ec46748660a|220
9885|3ff22771369dd1fed812e07487d9234647f49f8c3daf00ea0ff1220530eb73b0|220
9886|4390edd6990c9b4daece0402b20e4863e11b485346647565abc5164be4e54087|220
9887|d39c5c7ac9fdc2b49fb04494d982401edcf98ef65d5793cd7579f4f43801f8de|220
9888|5d7fcc20f8e4cf84a246f632b8721fe5121cd729679ea826aeb5f9ebdf0c5fde|220
9889|ac25d40c6222bd31c62ce48fdad1f81f4dcbad407aa861e1ddeda33cddd4993a|220
9890|535d62c9a088548bf1b9b6dfae51205cefbe9fcb750f86c429fd96eae21f49f4|220
9891|59adceb17ad4fdbe6565adad7a85f58ee9ebd99bce21f2035adc05130560319c|220
9892|a82fff1f464513cb32a7dc0257a8bf3cabb08372abbd9d11ccb3cce385a875e8|220
9893|e6e187f344f4951d270cad1acb32c2579632e830c5036a5aec06d2ae682cd743|220
9894|bccbe02a8a89b771a544499f9bab1ca1ffe833955fa1571613bad15535ce10de|220
9895|37f6d721a936ec22d98f422903129329db137d5eb6708d8d225db0a67043adb0|220
9896|f8e4e5b6059508fbba7e749e7d5d76e09aa6160f070165317ce3096e800fab6f|220
9897|abe6dc7340cb8bf40e030172158affac75102218f8bb26911eb903d0aa35684c|220
9898|7d100e11040ef07dc975cf82533a9aad98fd0ee12b94bf4a42801e1b9dc8cd15|220
9899|e3d3a6a37784337942319b41b9b8a6427e64957aaa2be52c515563a301aadc67|220
9900|62348c65e39cd623a54f99f9b9d0db0f4f442a446eda640ecded43c8503267db|220
9901|b9943d16e435d6cfb4f1aa9dc41d69432780f9125833247492c817449499a8e7|220
9902|12b56fd41004288e49d6b3aac5ec0dc851a4389b86862d0dfef021bc2a5a1d26|220
9903|6d418b774ab867da230156e06ba8405a2945dbd3df7b3159389ab2f6d5454ca5|220
9904|53644cdeb6892d84ddde3d91703ffe339a45db99067ba86239b37cc4107615b6|220
9905|2ab5b637ff6a22f0ec4cd64a1877a23adcb71aeef2f4158e5c447ca283a99888|196
9906|55477b102e34bc9d6f1e5763d24fe7cc2c2ffa1e8576e60be8fcc6b90e8fea27|220
9907|867d26e77727e626b1414df2d52c2a114bc341f818156d08d316530f64499805|220
9908|e67821f170ddfcc0533417b8374df4541a31e7545674995b9b86b8d8ab52b2de|220
9909|27bca59b34248d07d283bdce6e0587af29c2858a3b17c4a211a66cebd42f00e6|220
9910|962e7b1ceab0910cc93a78a0a84e650d9c45d77dfd5705a128ba63210a1c917a|220
9911|b9d7c688acdd1c9695e2070adf7256c322ef19942afc1373e8dfe05dca1bc965|220
9912|11d0af31bc8dae62a660f786f864b35ee612e41815d014e411b12f04ff9b572b|220
9913|e4185e589e4dc8f4400d26c28d7564a0bb463acfc9ec663c25f5a0dfcaed7675|220
9914|8453429d6720c91be8e8c69e61519d4fe0c450db85d259510df0e17784754111|220
9915|041f87b4f561615898d99a197c2b04d4b522e032246eda7ec694110755ed697d|220
9916|eca7b606b77f488b8d3204ab2ef1074794558273000969ac229dffab830979af|220
9917|82656032e5f616855e1728d62f441f019db17e929af19c2ef7157eee59d4d888|220
9918|817e1501e899939852bd735d0928beefab7947741726fb10d7046d68d58b8e4f|220
9919|5fbf1bc5aed575c5866ddcdd6ff947babc3429345dd8543d06a1575bdef51454|220
9920|79c42bcab4c8d3d155673b2daf6003ead1c83e2469836e76e510eeede7567479|220
9921|f396a78bf96cf613bc83554e8f94f5951430bbaa1a653e89c4b1d67c9c1801e7|220
9922|1bba271e2176d920321e0efaff382c20becc9dcadf5769160733e05ac8e489d1|220
9923|8a514fa2f375bcf9abeb7b9ee76aeb1eb6b31d523e6d9e5e29d202c90dd5f485|220
9924|857701892558ab7fe1de5f38923e97138dcb59e14006498f67302b61a2eafd6a|220
9925|e8559b48d7226dac154694f22dec5284c5d165ed14d8de28c441b33460f690da|220
9926|8d071c2ac8e47767f65217aaabd1b4aa90d49cea80d1b6499ec4eff8bee327f8|220
9927|4fb9083125fb3d5248911922df87a64d79812e07c44bf776cd5aebf6cb6d469d|220
9928|076d5f4f92ed315b386491e6ecd23dfcef6d7a1a93e4e23cfd6ee203c56398d5|220
9929|36adc5fe7148b8273cf1a4ac1da8b72b623dea0c5274d0109866442b37377cc4|220
9930|59ad2820aad680396fd77c15cdbdc08c21f8f106563f5011f3dc25c699730f27|220
9931|a44616fd29f174368058d932b838944bd64afe9f6e089fde8018e0ac8d727984|220
9932|7677a6037dd1ebb978396d46f61be45266d5d1e440894c3a148f37c3d49db154|220
9933|cc185b34ce34f60d5559d3f46994ab8113092d155d55a4bd9716d321b450e52c|220
9934|903b7adf45e7c130d5f8f46969a085b74d63f1134c5542b6a5152610173dd6fb|220
9935|f74c3de96edf6bf568fa48c2d0daef23a22788ab8429670944de2fc2a502656e|220
9936|9e7edfc405698e613eabab511e0f13121272bb784b5e7e5774daf86ca66104a9|220
9937|2d64e715d9f1eaad0fd4d9ec0faf5ede1c672fe948b54b2963c05a2d72bae01b|220
9938|60e664a4323f02ac12785ec4a14f7947a1a7ac12863de0ab92fae1a143ec9509|220
9939|d0aba63cc9fb425cf9cbb1ca218a599c5d3537cf222b193fba0a40a7d747add4|220
9940|51f151bf0028ce0de81a70ac57cb7bee57d704a5c22b9c0019e09632436fc172|220
9941|6f44e86ad84853ba9f83563e31e78f05c58e4829ac1bc0015a97abcadb1538c8|220
9942|fa12253a2d13a4ea6ecfe52b0b208b620e4974d46bc9e70b6b64ce58e5849bc4|220
9943|f5820d02d1db2f7625671142925a9b6afc84cf3eff4ae00d004c9dd454af0aac|220
9944|4739eb33b8553e0419d65d8d20eb5c3bdbb614d40ec49d83d3b044a6dea59626|220
9945|f1969193e2d2df615bebbd04599f44aca9f5107be59d4ebcd7028a8d1274e493|220
9946|36347896d4a3589b0abdb043acfb09daef9b43f00913e9159f7a8c4a837dbb7f|220
9947|448d3702648f900aa38d4228ba80ea601ddd61d98b5ca0243bbae3049ff85645|220
9948|719bb00b46b669255662de3dd479a1f0cd20911d4aa02c893bc80fde3f34d6cd|220
9949|31bf27a25ee58341ed4e026299d2d2d3d6dddde1fae3426702c452a396301b69|220
9950|535f418e452b4d585669e7d2809a2fa567e006df7f660926847d8d6dfc233fdb|220
9951|962148d67dbf44592a1d6087466eee81967af3568b852b2057b1606ffd247612|220
9952|4dfefb992a25884ef43b5f4b141e97708f0de81b0fc16ad6071e3ec5f09ba65b|220
9953|a009cfa690910e2cafd8a60986b74b2a9c2a3fe7a39f609542a94804fe2cf94e|220
9954|3ce9fb78a2ca78a8889c09ac236386fa44f1b147c87c6c936f6107aed1624701|220
9955|037db7a19d5f520815e4310f68143283c44bfce35a26d8d9d3bcaf308d1822f2|220
9956|cb73402b0cab50c0e97195c039b54a95372719d1e5d21bf8a2f9cbf10b8d739f|220
9957|f2a36d50e52283d8a41a7ccc952d6689fc64e641aa70fa3be66d026f55048edc|220
9958|2b4015f76f964ca7db4e4bd911c7b883748760eb3d052814e08da89a3460f2cb|220
9959|2ca59535febbdd439a1e782e5eb12355cec57abd9bb70966cd91cd7ed2ea3013|220
9960|1b9fbd947b6c5e00a6293e989079a5ca7d1d496a7a918d5ec43921b724fa1480|220
9961|44248dff8054757fee14003dde6acb537870be93b5bfd7f318949fe665de1efe|220
9962|815702e7964d0b3244e31973a7816ca14bd30d9345b00fd4b2f57826515cca79|190
9963|4d4a5a673bfef83bdd3b4d57fbf0e136e3d31138fee639c5777b9318c2af053e|220
9964|6fcfe35ed0aad9b83652055b381d8442eec67bf01c45fc6ab4f273d364352453|220
9965|0ec539d87d8e1c0bde63def87556ac95c5ce12786a855f537abfdb88cf8c7e00|220
9966|7a8046310158ccc2f713a411b9fc3481b60d7062db77907e0ab9242128769047|220
9967|e1d3cece0173e9841ebe4a10453eca4a5fb775b06a9ca669826cadbec1e04685|220
9968|8270bc0591c7dcb54358417ea147a7451d0e2cef7f424d814729ca2e2260020d|220
9969|19bce79664f636837ca7c5a03b4ddb28b0f7165b72ded8dd731fb270e811b128|220
9970|f740876c0e5d0c270e6c68d35ffe8c34d4e89b063c528ff3e262cbbf79d9a80e|220
9971|f10cc561a8a521e68e40d3020f094182999d04bdd6c1eaee6d03c3e3fd1a8954|220
9972|c47c46f102436cd15bb65de97a392c29480d38cc59b2cf3f436423566b2aefa8|220
9973|0a66a23882b874bbb31df4b83d59031c2922499656e9617ffb980400cd773ca2|220
9974|b7f06bd0142f69241dc75ecbc98e9618b2bd2c35ab16db4524f98c9c8f13289b|220
9975|a42d7d6b02ba693a906f08bc251cfd9b7de5dab0a8905035cf7683fb627406df|220
9976|0f0dcb63f1eb24a7390df806555ac6aafec9ee959cec6b263941ad87091c99a0|220
9977|d5ba49929ec82d70ad184c25c8e73eede6aafb4ff36b7e0d4f951799d3bc79e5|220
9978|02ef97f26c32945acd29db30821d6da01bb03da452fc90987730dbe3c3f9274c|220
9979|fd75381e9634c1fd72428a740b30edfb298eefb47d7be4747490cf6759f309f5|220
9980|fd23a9764da1b80caa5efaff9ecaa87beaa16b2dbf0c3c3c2eb9ecb85701a06a|220
9981|e8f8a64be3fecce6aa38dbc36b44e83f23e1bb524adada90a19b224994764912|220
9982|2b2d8d57a6863b549ed75fbbf910478542a2bfd2f2564e80d562e99bd2566706|220
9983|0841933443218273106ded4d628e914f6bf05d8113fc5609ae76012a993a8e42|220
9984|22115cdff305b47e62f7c441d29402128f773a2ece87c63a24384dafc35818a3|220
9985|4625b1e49054d36f6e5ebec3a44f0d9cd549e14efe37af41be9d58bfff6d6d76|220
9986|513b2bb1a30b2be54f6470cfa33061b73a7b56968f9bbbc78fc85d6fe77fe138|220
9987|0e4138ab8efc4e27a5d9be12e002b6af1e85c6b052e60c30456d6216234eefa8|220
9988|84a21eeb4e43bbc8292f96f4d9b71c13d6fc3befd0e5fa5bd1202c63f1595367|220
9989|70d96fe288468de089578197d087866fe01a8f118fff1969901d505efa1157f8|220
9990|925f6aae763de0795c7305b56afeb88084f56873c1acbd74620f1d227dc33eef|220
9991|0f004ae69d8f7e8bb417f4e8bc89131f846029a29642a33261dbf2c79a36a5e8|220
9992|ec8b9b23a91f9dc57e9ed4c0e66161eda606a6c6439020f2541682a07ed0b279|220
9993|0094d5ae5a2178b4a36d35f2eb5df724251bbc43a1b72e46bd65e84a491f0ac5|220
9994|df2137caa371d1ef9db731dd23c2c1e0236996edb5f480f8b937b9ff2d748364|220
9995|fab6ca6c36245c675f53dc77a42111c82af4a9f19ff08248d3b76a878cb2d7b9|220
9996|0486cd8621eb6c1a2109c0a15ced6c15d9110d19ab47943c9953c0a0a779f4f6|220
9997|ac1df19baa3b9715fbb0f15b5fbf751d0696ab924932d4b8c88777b0036bd44f|220
9998|b9faf7ae2fc9f5c81a425c97f20dc7b0593dabe430952e106b28da27ff11521b|220
9999|b5744734a68784ac8173ad7bcb5efe1d3f3a4006e3f862bcf47fcec80de6483a|220
10000|4a4e20027dd8773cd8f9118a8487e6db59b29c497538f09124cad027d295872c|220
10001|7113cb9f5b0456609e647487c8ba693f657609060f21a6c9c3d53fefe2d70bb6|220
10002|e4b672bfb2ddc3311c1c40f1318cdb79e77e08d9e02e4e5c90bcf10607c2d7c6|220
10003|3f6aaf9f18c547386aab8c4e9f097427b1af29b4f26aaee686e9d15a37af5351|220
10004|a1825c505429e9b310a0c9e8e4106465bcf121224d74c50feceea48c75b42395|220
10005|27a3a5577700f0917070f0b677460cd21b78ad14a0e01c1486b532093e81baf6|220
10006|38e0ea61b1ef7e9db80583388453ed6a92245f38b352d91b8a0f6d4eb25f2447|220
10007|38820ad8da4f76d320bfd21620293da771c0793f297b4cf3c18cdfa6c15b8148|220
10008|14a5a84787330236879963aabfe441d9551953df6abbbe6cb6f54fb8bb1d7094|220
10009|0ad0c796a45cc6decd81458f4fdbf67ea4396685ed181ada0c69e71af64cfd3c|220
10010|8f977b2b8c54b38e4da182d4e781d1db448ae04a63837f5e3f2d9a1a87d77b23|220
10011|9edbbb5c3529b5e1efa60a41fdcbbb00c75e2f8fa672409fe6ec593b635375bc|220
10012|229fa1968619036222f15dc639de12b0cb25b99ae8f79c7a532dc2988f6672ed|220
10013|b14605e548579219147521d14689db13cf4c4a71526d4796f7569ab4fbef80de|220
10014|c032717f6805c4afb281516a5700d8916d8faa2b09e5f40fba5aaf9385f83e97|220
10015|c3625b4464d38129513e8d1158eeaae0641a56869ba153c203df902ff7b6eba4|220
10016|2561f7166a5b4e1c6d4ebad2770c6e0d14bc35f03c8abc9dec7b11b1ba31728f|10
10017|d6cfcf1de7efa53ff4cb4a80c27609f4a38ac2366ac3a342cf32254d79eb0ef5|220
10018|56972d17d2584479c22ebcd46bad715f7de1ac2fb66a4aaab5fae255b0c2ec49|220
10019|085242a2e4e0e3f28b67adc617c491a81552fefd3647a3373e5741e05bdcd794|220
10020|96f18af5f194920227399ba3fa76408c191de3eb4ac53f91e802219c0de1ef42|220
10021|9684855177823ddd2e5c08d3d8f6cae21278ee9f1eb8a03c7a0a2ac85b98d9e1|220
10022|12c8313c86463175814c07329ef1152c138fbbd5d14e5e36f49830924b6be3ff|220
10023|da8909a7407ad361e28ca048932910e4043a13ba6b4ab5c7030263bb9c5f9634|220
10024|0030bf76b91929327f1cd58a278367f928a1a70dbc6b9e1e5070d02c524740d2|220
10025|bd68b792d4753817b1163e5f446e9aecded8b8cd5b1d8e9975ed2a09e633a869|220
10026|b97d4ee50798630033a7be9d2d4549f6dc802650ea9c66bfee78420f3eb22a6d|220
10027|6d0681bf065f63b7a795bfb7c70dba5931dd7589c245b453b5640f2db0919481|220
10028|8b675bece05d06e85f2d4d2dcbb8b9ecf28d1f6cdfe5f49d5b6edba7e6d61426|220
10029|76ec3c4ff344af1926aec7e728c37816332a9ede47357ceddce02628b244e636|220
10030|f38d0f12f17fbacbab3efe927c0fbd8985ffccebc5b0323e732e92c486d4f84d|220
10031|f0d4b9311a423e9c0983f3daf313f3008ec795a8e54a5f8ff3e2266da795d5e6|220
10032|c38725ee23dd40663cb630b7222c93a7f0a14820c71614ceb0dc51c40ef3f3bc|220
10033|cc85c1f6943d557286cfa94f5fe0b9762cd1eedb209ca68624d9fc6f04bacc45|220
10034|08bfe3111363d9a8383d7c76e453074ec99c11187260d0e703a8d79d3dc2861e|220
10035|720914d9f9d0750231df8d26bae2e2f53005095ba1f315df4f986f87de656949|220
10036|253a2e126998d75a2f6ce8ffe94cd8e85d42913d2da9f23e1e73872aa0355846|220
10037|07404afb9545d4291a7cfa0dadec4385742be953b7f671afd76b15699ed1fef3|208
10038|5a8f614bf02ec708f63427078d3cf0a0b075f4aa9b710f171d5fcfa990e2cf17|220
10039|78e6422dcc35b82abb8fb3eb964207902957296de2738966163c8552f5eeb0e1|220
10040|736cb5803173732514da01c1edadebe187738467e47064d0a80c57cdbb14c457|220
10041|ec400a957b6169ac08f7e74b836f1ec2202bae698cee56a76410e3992f6bd50b|220
10042|07e343599ff4562456d93440c65fdb530694a82e6a7474a1bb7d0c43889ee430|206
10043|a4cc60903572584f3143538f98569a5089794bd24550dbf3998359464c0d3af9|220
10044|f6e487161098008c172e40eba86bf98482a69ff35db8685b7bb4490db06947b4|220
10045|399ace4e8b71f5aaae7e581d074d04524b8fe6b1f564f0428c4a257253d78d1f|52
10046|7f6586695fee3efb4ab10d3fc6ab3f25efa1167d65149c037189b4ba99d444d9|220
10047|c16e405865e90636461816e8e9a9276b1392cbaa1a033b167f88d81ffed14607|220
10048|de817c3133cd167ff76113bc0e639459c7ab90a42e8091301f29929bdd46206c|220
10049|ff6cd9514117c6e99cc32a27c11838ef326ed95507ee7c1bf48abd867ad0444b|220
10050|9b7224c0542dca4128444d9dff21c01c879fe871fc6bdbe74e48ed7796bfaf5b|220
10051|76798ff6ac4bde49a0fb704c10f72fe1575aa436c20838dc9995a3d461d1a9b1|220
10052|613c1cccc0d2ead17b2a6fdcd3b3eadd16d76e39599b1400a158c36e310a317a|178
10053|0a4eb0279a10cfb111021d54b4f3dfb038f2c7b6b48a415dfa2fbe93eabe237b|220
10054|7a17cdec8b177f9c4c11d09838c274528ba5ec4a9065692daba1ecd466b27690|220
10055|dad39339ff5a28f87e46f5d216a7a95feb9af680a960310031868fda4f720b32|220
10056|8ba6fdea37c855839f0fa85b8f38aa406484be16b22f3d21aa9bc2feee0e9eee|220
10057|4a751db825f3445516e9aa7847a5a44b2c4b899dc9af9279b91c8f1170787f58|220
10058|58322eb7d3f52d983cde6df0ed878528c54950976dff27c6e48506f3c6f95303|220
10059|9e5fc967e043cc99387450f89e01027037cfaa6d20fef27d813e0eec2b1dbc04|220
10060|a52c802e8ab44fbabb5138bbbeb7c400588893951ebde198f289900825ae6dc9|220
10061|749a576b5e9178754f24b4abd4cf96c61c823ce88a206a25dade445f31979f78|220
10062|d2a20c429eb84a5528dfa86c439a185feea81b2bfc0720c0d32f4fc1e8f99a8d|220
10063|d021f5353470e596d16168b5669a40474f28b014f4ed2480b5696548b6f9b497|220
10064|b9b66030f6602153a25453f798310a40eac138c0f9de1a1cee7a2beb5c2dbc76|220
10065|60c46adf90d925596163ec4b37574e570d04aebd32c73f989dacd714b1ace9c7|220
10066|70f682478de2a44f2de6ae6691e475a0d520369c051fcd635df789e5d5ce7050|220
10067|77faf4fb1c61b900be2c6a5c1b21ec221b28f4aae4da196dc82260b18e095c69|220
10068|4b1a61723c61e4469ecf2265f8d05f08a46275a6472ba8df64962e58022b285d|220
10069|531e4640c87755cb4bb1ad3204d0f22057f2a7e866264dd06b8c18e368ea148a|220
10070|116774c4ef92cbd7dcefe0115ca4eaff619770bfd99c7b4ae6af937935b365fe|220
10071|5fb1dddb9ebb4c1a91719cf1b8a0ad3490eaecfab9ee0ac86d573cedbe79c1c1|220
10072|080bda19f19a311441014209f89b78314ed0386f3775e45f04b2d12d525b12c1|220
10073|e62d87f1a96c47b6a54a584b1041cc1def4fa461bcfb95187f86a2af6752a6b1|220
10074|126608d245686dba26816996504dbdea82b98b6ce33bb8ad485ab9c34a80c7cb|220
10075|e00ea01ac01898e4af75abc4994736dc9960843e6289f9c3b3e41b7f574ae7eb|218
10076|21bce9b84f05f915862a39a509b6a808d67ed966b0c1112329c9624e8a74c0d7|220
10077|b8d359c30e4fc2f10c5c076383900475478d965a91783f54a28adf28a781b3c2|220
10078|901ff70eb701f28deeb9a3f3b260a6f42a3b8b7308df4c1d6ddb3cd003f6bc8a|220
10079|ca06215416ef52f6f7bf2b3541626d5cd8bedfd59f7bf92405b14497099273d8|220
10080|c6c6e6048f108a882f3b8e2dc42c7139fbc8f9d973f954a50371cd06188e38b0|220
10081|5c005532c14018a45fb4f525cf4a233877dcbbb1786d9fc90a14f6307d8d2dec|220
10082|a60937737975fe8ae68427460a9a2267a113d4edf176c7945de7c455fae71bc9|220
10083|29ffe4bf6c2b0d018a73c28937c42f3a51fe6c26884209b0631c4c23e151319d|220
10084|776392b8756bc3afb58965250c398d29d9705506b0702abc71878586f693a608|220
10085|fb7a6d465c6945e29cdeb41a8b503e335e6bbb3c9c4ea841091dff3edf9f904f|220
10086|019d1f300791e6c9ba1929305faf9c9cecb5880fd38213f0e62dcdb5f48d9309|220
10087|91d606f480132bf323cd7a7a8c0043efb0a49d4df3f8b725ee66095da0af496f|220
10088|d780dffb1ba07e4e34ae1d5a606c6537e75784b05e165bbfca389300c4305a11|220
10089|fca5cff425a86d9a2d0d5d583e3b26ed116bf7704afe48504d83c612734a451a|220
10090|139330dcd08dc2040930a2316c6f9cbadcba7627b4b27f579e9f7c9a5083cc5d|220
10091|a60ef733446c2ae5e23c913134fe7f57573bdaa8b7e578a21480d1dca7250303|180
10092|5358a6d5d26adb2c3eb6af0b4512429dbd5ccb7d87bd79d6fee4bc010b23108a|220
10093|dae6617e0f347009907677c8a83dd4dd147ef4a9f942bc75921bce6d1c602a6d|220
10094|91a79a1a8317c134def70906fb3abf2856cd0f06e6ae2c613d48b63eb00cc3ef|220
10095|1ed99d0c3264bc9516ccff5e0a4c78ad9dcc19af2ee65ab93bed4a9c09451665|220
10096|0a4c714f6db357940e85b954a5172d2a3274401e780b85f5eb6f33427a3257c3|220
10097|013e0f6a37b2f8c07013987810ff7eec1697c0c95c49b81b063ceb0185b73f7e|220
10098|8c681bb05e3880ed61eaf5d5b409aa30dfe186592dd848d24e657a4b3f665bd8|220
10099|bd66e28001ffd04d166e8318843415d934640c6bc01c9ad39ea5628603251238|220
10100|94343349d38aef8a4b8f87547cbc6c6e73b6b10c51d616e570085e67ea2ea9c3|220
10101|e0aecebe1ce9c5ae948dbdbe75f34a99d0241890c86062522e4b303755393ebd|220
10102|06d4502ad441ba6b5c33d6d97bb036b9a096e452a9c9d861b6e033a91b50f1ee|220
10103|389715083249343b03b9e19910da078fd72020d266804f5c7b9cb2b63cc255a5|220
10104|fa87d86540d0f3a1c1406ff490a55b7f631c2f25ed5f2a011b60d2bba2b04e12|220
10105|7ef63923a51b995df4ddd88eab7075e32fa32696525d0fe34fa566ea479531bf|220
10106|f4d2394424fe5982ff7ad12672c5be6dd076283e80c9010ad557e9a69e1cc690|220
10107|aa0f63377452667b534d75c951da0556d303593a836a4e78b16253e55c4b6fb8|220
10108|96bc3de805928122ac9197af31d1e01db3147b8d8a4fea9c34e9f94de7cf4272|220
10109|ae1b35b4d96b45ceddc3e134b8e67956314919418d06e69beb2a8ca1bddc5377|220
10110|b103c3772e862c56a421d3a8f127b673aa4e53212f7a08b4b2e21d95c44b1f17|220
10111|6c57309af9c7016b7db15f8a0db7293c8e988335e7d42c043b4fb2642195ac93|220
10112|3332f936158e9e7b2808ca392d7b6cc65f86f1d4095f99ff7e06e0b8cf55057d|220
10113|db488752b0afe7a7b8dc55027a5894ade5ac561d4357ad05d33e047b1b9275e7|220
10114|95731402aa71d880bbdf89adadbdf7d5db73805b208a0907b8e62f759f476f12|220
10115|a91e9d2ac0618808905a569cbec30575170dccf4c67ee4c44b06006762d5c5b2|220
10116|bc9ad662c5e9d32bacd0e96ec09c6b9dc88d67c3f73f2b68101cc5ef6c8b9166|220
10117|5401b42efdea11f8b18abfcf79f4c1fbafe54d0a6aa4fe479902899f7c3136cb|220
10118|15c2f398a16e311fe16008a6b5a179323abfdab878ec62d3b6b2968d615c4c90|220
10119|fc8aef0cc8458435fe4326f0ee5261c16109c27ccf5f558c8efeab517a70d06c|220
10120|e5421ec414bd5a0e3c90c896ab625d7e6e24db6a9744f60de591450f00e7560f|220
10121|c1e1669cc4af99a1c3bc7027c4bb353757260bb600e6cfba20b7516af4073c0a|220
10122|0717ae359f3d65df451a5e23713e61311c8a23f4039879e7b2ca0fe29d7e8404|220
10123|1777e7a4e35f82c1387396d80eb0d44e167d07ebd4418d2bd5c3450d2241cc55|220
10124|8aa1480b73edcee291b4264893995f49ffe0ed6d9e06450e14906d6896c55ffa|220
10125|f8f34645f70f96062698582ad3963dbdae20f90d60b19db5e2a0374d3d34052f|220
10126|131900a5a8c6780deb4553ed991684ffa40f22d10fc757c4312bc6caf2113914|220
10127|b84bd2ebca45a718c8459594afd71a4cee81a4563e15214c5ab9b1e27afecc31|220
10128|f43758e415f7d92424808012eff414eb01ef63ad821c0e8d4c8822b86d7c434a|220
10129|98c489ca05b552f4484a75fdf66d7d7d3b49369768c305079e34677b4cc5a711|220
10130|20d0822a1d1d9ceb1af3fd17db0c4dbfed25e5358e4d5c06032f4806e25933ad|220
10131|e2f2feb934373b5148f115773b5e43fb51af5ffe682dd624095885a904096ebe|178
10132|e18ef1e08ac9c4d24f1a0775602daab2ef1c2e9b9cf26872183dda24bc6e51ac|220
10133|24e4e358eb21c6668f3c61ce52d41ab13968279a5dbf16aa0e85ede795597e8d|220
10134|0ccc6e0ef6285d8ec64e1c3b55219f0b99844af35f190653e75429b2fa1b8fde|220
10135|8ef16166c724f40cea68b693f2b7d3aa00ba860be94c6a6e10fd5e88311486d9|220
10136|92f32e21f0dfe38117b146c1c202bb6089a6df0ba55592c48450f5aa3cf8caef|220
10137|e7fce8d64711eae3406d53e3b0da31368bbfbccb39cab99daf0aed32c86425ab|220
10138|220465dbefc27142e1291a87de3464372a97164b1cfb9fdb1e6f5cb11b07c2b6|220
10139|47e93c344558572798638e4887d2ed25f82043d77a5e0631069695ffaaa4ec87|220
10140|79a77ccc22006542210ef68a5ce2450237e963666c4cf8f5004215f702f9c6ab|220
10141|9faf16e654b8fe7f300c3beb0fb24b4a25f17cdf6d388069efb3c61a5b0df86d|220
10142|9b3c1645b4caf8dd8d4a3dc31c9c96a674a8feecffd2e33dc500996b4bfe9673|220
10143|841f80af6de2ff15dd901b3f18fd43f53302416081143e45321d3c910e593984|220
10144|755e9a5b93853892687c6e0128910cdde1897d6d5ad436a63508d23199da475e|220
10145|1b57e0f0b06f7307c641eeb457981dd42079126cb5b2b553a10797444f0d73d4|220
10146|46a305d755731caf3203d23ccc3ff194f153bda3ccf6e7dea7ddb685cf7d2d75|220
10147|c10b51213263995d98e2e897858d3d85bcee377203063042e63201b40cc46c0e|220
10148|19350d207a5bc08c7df2b34db4a6413e2f083f92aaf68f3cfa51c93bb008bd15|220
10149|275323d2aaec088856358151025622731208c712495ad165ed38e567bd17bb84|220
10150|3197a048b42540355dbe5ed695efde62aa90602c15e29d67f10dbc2451620fdf|220
10151|0cf6487a01cd4bf07bfb23bfb4fbb99d12ef51a3e6115c4ce4e4caea8611d81b|220
10152|063fa0467ee83bb757fff1068a4dec316985778a2b795b34728eaa7e279f8a0f|220
10153|a78762b474865f36f80e47f64e4166b8cf585337673f4eb5070271f5e0f26364|220
10154|f48f8b2835bc3fe7b1e83b92f290100fc0180acf998defd8a83866e80513ebe5|220
10155|d5064b898aab0be17dea66b8a93f8e143d8bdd26afe5f9710c270e28949943dc|220
10156|3a6180d5a571fbd904def36f804b16d47961d9b55ce1bb8c0b0a023268365128|220
10157|29cfa4e26d7a29fc6cc6661c926f65f3a430098e3b153dc75584ac007a7d78a5|220
10158|ce7bacf262bd924ecbeb7b5f89ec9718b3c403125f1bfd927044ee20e239a2ef|220
10159|252720cab6b25ccf1f47e876e397d81a9e80874fdeda058ac44da0133789fb71|220
10160|eb24e984add5a466766c15153775b37ef7c96e183e8d665a1ac530580b186359|220
10161|e79b818745335e0d74d8926809f81c0525e3723fab765291173e2f7c495d3633|220
10162|aa89b7a62b5490cf961019eaa46e1cf48e3d9c1ab03ae8c01e7b70de6273a89c|220
10163|0e82cb35f265d2205dacd2eedcf9ffde337bdd6ce3859e80b0d2943a897420e1|220
10164|62ddc9516ea871221013191fa2f2c01acf4b41f59f50cda1fb74f2a322f966ff|220
10165|83dcef8111ce2b1beab8701ce66fe924013f7249ad46841e2d480e69e4b5a32a|220
10166|a01b9fc36755f4a1b3c5f4e2e48c2fdee3caa340ed73deb53e9b48f0414f7cca|220
10167|7ed5ba1ffc7813b49e7d52f55460c348e630cafdec41b5ece647beb91c5877d8|220
10168|9a1136950401dc0c589b96e04cc91505ff181bb9370cff28f0e9b5980da4e485|220
10169|1b8b7d081aa21e7a4e358fc1cf102298e9d41c9ed85cf4de38a0ffc886e6182f|220
10170|fb148b27ae28ce0cd2fec267de6aba1a55fce26b5faf16a96b456c246f90166d|220
10171|b68bacefc1c18a13e21988e45581078744f1dcb1d5b56e22c6f8039ca1b19fe2|220
10172|8be9891e69b4a64eabcf839c5a10904f800d796e689fba21b92982cddfb2aedb|220
10173|4143a522c06e2b83f655f7d8f166f94f2d3719aa9a720324497956085ac23287|220
10174|261f5eabb199db28f8f964942a712a8e1d58a629427312615c24caa7614b0b00|220
10175|2c7a299207345fcfb7d8654c996fa0579716c7e28f64026842f29c2fefa3660c|220
10176|d0f7bc4b93a9966e6273da26220e463fd2929d9034899148caadc4bab3cdd59a|220
10177|9e597e6a3aa0fc59a92f6218c805c39b727e131dcec683257ec0730ee62d1f3b|220
10178|b3b8b2bfc1191bcd85e1e891e2fd6ff398cdbcef92a28769d2d29e5d2e9f7311|220
10179|6460a545e3cd229f761bba87f580085960190ca2c26f320657ae360a2b3d4683|220
10180|76bfc9eb3291f4c435438af0ef8990eb0af417aeb70bea861efd550182ced0f3|220
10181|bb5777693996b3426b2969e495e3673a6b774fa05b76aa95135e7ccf90a7b550|220
10182|c7c51562b672c4cbff58052005e96756fc55c315a913720c9f93febef7c972c8|220
10183|a61ef65e81b3cdbd2678892a57654b14a0b3a9b6e1ff5b0cb12150ac083c4dc1|220
10184|9210c2a3b4f3495904f29db36e7afe576b3863512a314b148b76b49d324acc5d|220
10185|22b7d8dc9eb50df7edf856c1a215b331983492a8576ef42d2a81305af72b0eb6|220
10186|a5f70a125db47ca08ee226959b3393ce321737d43be74f49cb3d08cbf6080f05|220
10187|4128def36d9192dabed07a8b9fbf4dfba467a19b5cc85edf21d4f5d0d5755a19|220
10188|31d0e40013536d913ef004ca16a712ab7776bc9d2ae5df7e95cf93569f0f8da7|220
10189|a0e0698fc02b776c9e6270fdd8b9b78e017d2ca82154cdb34a2f02b133886567|220
10190|e5c7d42f1a2d0de86cbc3c1dc619756cd615dd0b80323779643173594d76931b|220
10191|394a766b3fbaca2c73892b701d3f6a1170481014d68f5e930a3c9d1c924523fc|220
10192|87ca835609f828fcbfb7592c2e46d1aad2f9d7f0fefbd7e7940c300f4e97b30b|220
10193|c31325637940b5ec12bb124988965dd1ad4fba367b782189c003d01048192ea7|220
10194|5eca2b601b642e82629ace290a1347af73fa2edd19ed11e6ab851bcd28b057f9|220
10195|3b532fcde7fd60169ee42506986bf70bf7a0952daf8453d0b147e8ebab76b20e|220
10196|afd4f97ac5cdd502774d336cfc9cf1a5dd3ad7fa7750afd28c9878fdd25ac840|220
10197|fe6866a1fcc0096845bb438e50906e5ee66b653ab583bdf717967cc5625e696f|220
10198|c4e9c9a6831a446047fbd525c93d382a77b636ee635e06bc01b16e06758dce8a|220
10199|c4f5f6fe51118a1045a192a353e6679a0e28b4196a89fb3690ece1b0d738de16|220
10200|1205d3bd459d215ac04e591d793ba80085017eb8f99170de510c0d4bedff8260|220
10201|9f18565543e8317b5a52a6dabc397255b8beb4405d7f2b6c9b8dc1286ca483ae|220
10202|595dbc6f7da9234dec060932b95828758c8807cba0e6d4301ba1727cccdb2b70|220
10203|785ac513fef9fcb7f201507de6412a1e2751af189be527e3599c2504a1037727|220
10204|7b96a2dce0fcda810f40221fa10a0ab6df509d7985353625133c8bd896357902|220
10205|dd236d7a4e149d85d576304c603a37aa507c2c415a2d9ff408271c3f9f6473fa|220
10206|490f119457786b8376e58a86a957d23e36c89237c1d463eaa158e2c8c0e6a13f|220
10207|2fa36cc994bf87ec515088e0d635f6ce81738452b43de5d01261ac2683281f32|220
10208|d8605cefa8994d8c707741e5bd8d4344625f79340887904391fd598c4d96fd17|220
10209|62cf9ecf3d83c087bc2c9bfafcdb4d338bd3757d501d2f557a2b2026cd1d97db|220
10210|39b2b60f1771aac3a939c84ecc5dcb586c4b5a6f75f0f9cbf24bd236ce2327e1|220
10211|c8550749dbdd5389298b6a51098ab79967cf3ca8728f6c4f1048550f1462b0c5|220
10212|06a80142b5ed9c77bed534e4f6d829e5452c2c38323c4d9595ca614dd89bfc36|220
10213|a60f3f69a471023473237dd2a58990fada6ed6926f805889dea93b0719917f05|220
10214|5e2564e57de8dcf2bd8135b5ca2478fa5bf9ff83750bbf81cb554c596e206f76|220
10215|5a8f765d98db1c6374593a82af79e18057e7fbf852478381f3e55fd81ec0e261|220
10216|97e6aba1f255f3df839232d0637734c23efc4b4cdb0d126e2adc03a4afe36385|220
10217|aae6f84a9fa7a238457e069e1085dd6b88cd78008112b4ae101e3fb4259e9128|220
10218|deca08a435426d31bc289af92c07fcd815aac08fa8be7b209ff5d0bb5c3ff9c0|220
10219|ac290d818f778013597bdd711c902bff59f3efa6f8f485523d3148cc9a2b0576|220
10220|67732ef75b304a2c8bbbac618d96a6f48be463841991378fad5e615e4a38ff25|220
10221|57631d0c4144052def1b4a9644ab02c18b49e452ea0f285580dd9095e1a16440|220
10222|42f660f4f13cb5dec95a1787faaefb4f7fda4925038000eadd8761289dea2e52|220
10223|a945ac19c38bde43fcf830b1a9f9a908d8b1666f6f9495965480c1ee5ae054a7|220
10224|53d0675504c3b6184f8b530930af2394f1cf133502758c086ae42553839f6890|60
10225|47f5bdaf63aa5ba1d058c8b607dd6fd89f36f8ec0a8732cbb40066b0253ed4c7|64
10226|2b3aa3080b56a0841c682aeb99225ede608ff9c51ac3c6cab3232d8aba711508|154
10227|385a17a14cc784ae39281d4c5622234b447afd0b927b168d2d36c6dae6a7084d|220
10228|c1f04702cfdcf31d33ea07006d171b4ef1b4e3cf1576dbe5ad9068ea401ef17a|12
10229|35c2359273936571994c7334a446e5d2252d3199495cc2c5914d98b41fd12952|220
10230|81ff5a0260e78d81716bfcc1a153e3842be540903ffec2a70174cfb8b9d8d62d|220
10231|4b75f15a609542cc9d77b65b81159119acaeffe3dd6b9698b424137952228a30|220
10232|1fb92f0b93965abfe8bb881dd6b8ecc30f1511162930dd8cc5e25bdb0cc2db9e|220
10233|ad2397b3821d99a6ed345a0e854864ed751ce562440842c357c7a401bf0f6eb6|220
10234|cb3fe7f1783e8dd7c8a780488d642a82690196298431654c7e4dca5b2901b1dd|220
10235|eff83123985ee8b179d7e1662b407494ba5b49616719b05ad83a20b5c010dfb1|220
10236|e09fb7e6265703ee5661f6875d78b5240fa452bda6b3a2225b0b7a721091652a|90
10237|228c2f1f2b44d336ed514d615b6bff1a40a1176ddbf09b82193f1880c131153f|220
10238|aec271916d10729ba5175d6b00c5daf75f13f9a23f25def962d3aa6ef2b0cf84|220
10239|faa7797b55490c12e39996f052bc8b1f63f86ddebd238ca46aec3f203cb770e9|220
10240|c6691b52696cc783435f6d9c5342e6b42cd53c743f9e1de747b5d4588c06061e|220
10241|0bbe9d248e6893d9292393451b0b88216d93a9dc530affed4bce8fd39db3b89c|162
10242|ac189cd67f9ce90386ab1bd76c11a342df0a0790262dee6b2ef9bc09da937d15|122
10243|bba2f051fa4d70a5bc221430b4a935624e74bc97d03080b3b3fc444a617e53a7|220
10244|8cee808d1aa5721094931d392847e4b2ef38c109dd3f885f1fc6bb8fe3d6015d|90
10245|a3c7aa0411b4392e0254472b3273858987fe5ced47a08548b9afcc109903d2f4|220
10246|ce277608726f22e2be68ed7155b086c6add42cb7f2a2553e9b72f073a2d7232b|220
10247|ac3408b8c8471dedd16b75010e09f178d1f1fc76750f5a04c7fc8e02cd887b5e|220
10248|33b8c263443eae8b397b83a481df3530d3871cc52dcba993fcdaf3fdb8d03b14|180
10249|a3a2a445cf33c2b160c1bd543449555dd3aed6c249cadc3ddbfc677b8e9ad2e3|220
10250|b6ce888348fdedc6845c9adcffdd28fed097f23725854765a343692eb52d5c6d|220
10251|7bb0b5c1032e6113b010c8038745833eb1f74750cf779b88d90b7105f0fa330d|80
10252|0a4de214d71c40831a265d1ff2e12792ff3c4be7c229de3de8d272c0b3660312|148
10253|0de901e6cb51f484806a7aaba621c802a28e5b932a767a5cc7b158501e26b051|220
10254|ae63c7eb4b8bb2d61adb8149a0d55dd81921389f49f12f326df83bc5c50b10ab|106
10255|f0fcdebc2ddd71a51d0d96352a9352d4ee70d2f9ff6ae45526dbac3e735bc6b8|220
10256|896b47f9641a77caf10180648a5452cc18c9ce73bb5f46d26546ed6b2a91254a|220
10257|617b74eb2f231e07faa2bfa0da95570da8e97504e52f9c494ead28a9d5d21811|220
10258|beb364b2d7e54dfff754fe5791e22a7b2487884b865d8a05736212e00836d906|220
10259|ebd2650c552dd93b84aa98232cbc29308f6fd94bc1c4e09c1eab1b63e5c5bcd2|126
10260|2cafe6b6da1f30d0a215628a8f01423530d9491c39a0add8d4f83637881de8a9|118
10261|34c07c882a4e8ed8efbd1ac8981c15b1d1df561bbe8626d09e26afa79351ad4f|220
10262|6f79d2ff525c3c4fa006c028b03755d4fc9a124eb63baca6d914e1f9fb4cc19d|220
10263|29b4c322c54bcc60d632b499abf3df5e796ceb44c8e1f0713ef5fc2cf8e89e17|116
10264|29ce0e8062cdf8998b4bdca7b4ba8016c94d5657f6437f8069258bd019694c7b|220
10265|b10fec3fefd616c90930a46b89410c0a8becad21699b3d59d7e7da357965474e|220
10266|0e1c318c42023d5897be5ae11bf7c8608630dba570d06f4949ec848378f9a84f|220
10267|155fbd998b43e98d2b5e70d161d91780ae87140392eff32c42b5ae7ab6b88088|76
10268|ba42cc787a64ee21c21a4cdaef71b4d31f8f6836f4933acca7f6e340a3b2648d|220
10269|6177e2fbd03be26bfb8366cddff25359c2f248a2d7a4afc03e56e78bc869ffaa|220
10270|d9bf21a85658ea657d2777c48774bd4dff68ecd9dce9592cf6da7a6985b2a5d3|220
10271|004de3f1644c73fb6975ec69ee251185864eed2d74fbb529b4505b740b2728e1|220
10272|4f5ede7da4f5c0922c6b194b51dcb52c3107f2bedd78a69ddb76e8b249e5f273|220
10273|8042be82a1b03d0936a7fb6bd81b30ff99ef36eb4b5c73af61b4b9d3628c8b6a|6
10274|ad8741dd3b88abd5703360dd9b2b4fa86dac3563bc51ac9a17a8f6fd816259b2|220
10275|67cf5bbc3dd7077ead2cc50a2407982e0d4ebb04d459519c8b680431b2f58641|46
10276|26289321ab06bd9fed515d93d32dc25248ed0b41b106db57303e8ac7bee9bfe4|220
10277|1f23361baed521505980e4b83ebc0db45360a48f5f35f621851356a7370a768f|22
10278|824f9be6502e68a55f7e9eeed7d68cc701aaf4c73a09b71a1f0ac588f584f9cb|100
10279|b2af41d9e28f01bd1b619b06b149d3015c3b86e4c6a0739e13d5b4a7e25dda0e|40
10280|fcfbdf27ab82a4d47b9aeb3c4c6812389a3a78ea0426611b0bc2c6281ac2848e|126
10281|e2d3774ea54509f4154e92dc1636f4da111d893cf00649734771f4b4cd05dc93|220
10282|8ad118db825c99f64d6527eeeeae43e8910e3bb483279866b940ef36a52f7d04|30
10283|7a81f4e3add9dd99e99e0668d6dc30acdb5c82a112f6af365f8287fd14b02882|220
10284|e257ef7e6408f6b34f2b7b96e3204015bd77ec8749ee82ee716e9e48c6a701a0|220
10285|2f89dc31ba1363cd0075e1563e0b32212b1cba563ab4379ee5df60a29378c774|220
10286|027e8ad853aa8aad874051da24d4f444fb403625aca1fd97cb11876adcc6de86|82
10287|0acf237aaedaaea41111c796b7eccf98ebd00d4a139974c1b36a545b0fd92dcf|220
10288|f2e670bd657c7f3a11865d5dd8a15bcaf0f5453acd3c548d600b14d8d744dd36|220
10289|1332e149dcdd0b97a20940e9dcfe73047dfb7adf56df89f9c8c1537cf0a66bf3|220
10290|39943ec5a66bb96602deb597b99bda46d2ab44ab09cb153bff99eb46fde0ca57|220
10291|9f22ac0dab24c79ecbebb09cf1187f18b0cc54c96f8db4afec4452d48e3a5e49|216
10292|3fdc93bb048a44a8c55dd553b0a43a49b5bade2b07870439961392a5f9874403|220
10293|e8737bc5a4f5bc10c021b7b700148e5606e07222468a0bd8e23c8e999342cbf8|24
10294|3d72b16548c9ee42992d2dc89f77ec6af9c4f0a212e2393b3f7b7edd5a1251d9|220
10295|08722db977ec08f5d69da0e5f0f1d3c15cd6872efccb4b8c60fa714a3b4486b1|20
10296|f76d51b24b87d964db72210a2f6540c8e59fe7391d8d72b91dd14533094e3e2e|16
10297|d2fb4f39f35b62f1d04093eb658b30361b6494b897fcda67c172823c6d497b16|220
10298|742c79228fcf5d9cf24b39f59529ad18a040cdafb1b28256f584e328aa403900|220
10299|e38afbfde15d974f8003cfca7cf9d331bc137d7c2c47a8aff00d7a5434a61ec1|204
10300|280df19d3ffc8be863315cf391e6c9c0e9568b53132cfd8c97eb185110136caa|166
10301|b02b36385d603920fac9a9a062d0e70f855af9de520de090789fdddd622a2485|172
10302|ce7d5a39323779c2eb01b2df665fdcdf7d4acfc727a8d7438dad01d6042d4f7f|220
10303|cdeb94c80123e3e3c96b00ca71ce3a4734fd11cba42913dcd1d631b56d5fdee6|220
10304|eff0cd4f72127efb858e5fb80466e2d3439724a55eac96d5f525345b110d25e0|70
10305|f43be8558d61c181f183c28ea7a9645c972eec8a3c50829214ad612c1e4e2138|220
10306|42ac6c51f9895282060a4520b276d12d961b1fd3d86127d2c0a77af3d21f368e|164
10307|01526fede149884b676be86a13c9787f067f0dc39a1df9f9c877d82d4f552282|220
10308|d3db9da767652474c141881a6cb906d5c35bf2e5105ba8b3a2a4aa2bbc861abb|220
10309|a40339611375fbb20fc0a5df98f4d360544c6240bc4b8426ffed5e881461dc79|220
10310|5b59ed640389882323d4a7d2d992cc38af3b0c5047e9e9c91299400c09bf6529|220
10311|e5bcfdb52c3657048e941fc849f9a40e25346b27eeb0bfeef165dcdec6448b92|218
10312|626bb692b416badd34dbcda39dc22e976c7e78cb8bde43c4b5884a3cca9702e7|28
10313|8625e5c484d8cc5a3f53cc671cdbac787f67ba2e04f7a476a5a1a06efa97560f|220
10314|09ad5ea86f600ab136f979cb259616ceb8c657193264b80e7b88eb68a6cc72f4|220
10315|f4173bf48a6989eb46e36b14882dde617b922246c36822104767c65352fd8bd0|220
10316|fb74ae1652cb4158bd9261b7c976451690dc3475194b52c04d72209da0301827|220
10317|d35e0d088564b96524fa9166d8033e3bdb07b7245a673a1c90ca4ad833f2cbf6|220
10318|ebe4e106090bc43bd8479d2edc368fb55fad18bbba0aa86c9548a1c531e1fce0|28
10319|f953fc9d37b9bbb16a84d45a3d9c298df5151fa5856fc36bf6d5ab277e54eac9|220
10320|cb664da8b7a77d8b0c63a0b179772ad55983f24e1082d1ee103cb489ced7f3e3|220
10321|8590c690c454fadd0dc46990836114ce79d1ae7d1fed4f50b41ab2b02a0872f1|220
10322|43670d956dcba17e85008f065b3f6f7d0dc94dac68dbe047cb4581f3dfed7182|220
10323|39665f8a1e4d8ad44e570747292c0b261d5365e214db0475a2d81396603cb047|220
10324|5c24b8bee12e26b1dbf201c86f113ab388238a07bc27c215e00c79c3da4c7172|220
10325|8c8cb610e16cf62afb0c0ab59abcc145dc9cb8f80954aec02f1f4870f7311992|92
10326|d26519c156dbb617f6f98c12b38a6fd1c7fee0eea2528f24d0ef129044bae47a|220
10327|0bd1d4890885bc6e137dc56eeb4fac21e2c3f2c3edcfffb3a6a5bde9c2abc478|216
10328|db037cd87adee605780b9be46a79cce2e6208ab92e6f66a2c027d91974fc2c31|220
10329|b5a25d1e537f9e7ea4f82c295ebfba1a3196840559af6c54a18837651830f354|220
10330|0ab05a30396e3ea03219e17db7f91a7789bd0eed4033da0593d9fdb500ceb7c3|220
10331|4a7bd19c00e7205665c6c7003205b2ee2a2b0287116aef515fe8b3f2e971183f|220
10332|5018c264513e4e5abb34f0cd85dfb8bb2fcace10b1f9baffc1cd5520a7593614|220
10333|5936c480a8960fec0881257d80ac5f8658daebd551a9baa485557887ae98adbb|220
10334|fb406085a01f786502f26261da8f901097e7b7d36cdc1833c7b4bb83520da6db|220
10335|755f71029c4373602bed563f84dfa1b9202e55c0ef877cfa7f440585c5cd9501|220
10336|82970ea7372ee4cebe3f9c2ece1577cfc752b786941c8141954eed1a49d9165f|220
10337|1a33b31859452336a44bea83a4fe4896bfba8450d0f4884dafba2bc203a05530|220
10338|af1a87d976daf7f7bf398f4a4d3a940580f2ce0d52ca43d381d3ed4618d4ebf0|220
10339|8b57bdd486906b906692ac7983bab61d2cd1fff075f77d4f05c0e7d625e572f3|220
10340|3b8fa730ac5f671cb92df7c56232309712d172e7d3f7463814aab381717d2a60|220
10341|bbb0aafe910cb0183c7ad4c7c6cab9c212ef04b0650fdab6f3d6e0abd75949b9|44
10342|7d3fc86aa0288f1c9bf057ea6f2bef183882a959921a72f8df10360cadf2e6ec|188
10343|3fe4c0b7d84f4b9e9d22e11e5ccf6645eeddf8ea0040869db650c6223480a05a|134
10344|f2ef697229fb1646df23072cfccfcb80013695eab6545dcb8279eb91bf493167|220
10345|10d3f80cd11d7ec711c9b7bd737d28ff1c2b0e357e6793116238fdc27be8367a|20
10346|0a5210a7a17525ad176b8504bad39b0a5fa8cd2d52ef510ba054eef64f6fcd75|220
10347|abd5496a0114e7ab4d2c595876d778ae4a0cd7a7f694e6ebe7556156d9144a2b|220
10348|183a6b91959890cdd1e398240f37024ae0f0bead7b652768d88787dce5dd38e2|220
10349|ec591b9d18a3fe9696b22a37d705f88eb8ac71db0acad2c3600fc731024d05de|220
10350|60292fe1a7ee51971cf0306c173b258d1a9a336574e6e6b27d98b35b5f63e672|220
10351|321db55d432ea953c0d912760029f9e638d6c484898d7b755801d471fe24dd27|38
10352|06117408f120bad221434b4e1a720a8aa269ea758b15cd7e64c6660ad6da5e8f|220
10353|4973e96ca1b3231a7709813a2721f852652139517a7b4ba005b9234617e4f433|220
10354|346269a3c8ecc9aad5267d463dd0e73ef67386959f7394e70956d22cd103d388|220
10355|ddb1986c237d1d1ddd022c69a4f1688943132ccf10ab324d2c17f76aef5a4be8|220
10356|230d27107ad02b96945d0491e0cc034f05921770d50fe9fd2052843161797588|190
10357|ea9b4b32e3c63d42ccfe49d3e213652a8a237481c6b5ee771bcecc65177dc7f2|220
10358|baf94f038cc9e16510e4a00a8c1dfd152d036df2c50fb6d481423e7a3c1f3d39|220
10359|ebbd26490c41e5ca61bcfe6608e775762c5dfa8bc14b5cc55a175e70a1dab65f|220
10360|550e1528dc04842598b71a1fbea6f0ec8ddf456e4056c8cf318f3d3817907453|92
10361|a21cb05ce06a3125fb153b7c797ccd539d01382c91d80e2ab63f182640db121a|220
10362|15cb961db043e553649839ed35a0539f3f897815024db730b9b793683716dd05|220
10363|be1103486434496677f8601dd186b13fa133c3288e68237bf17fe6af9ea05c4d|220
10364|78fe32b2113a21b8dbf42e54bcb69fe379ae8c2bb55087deb6d157f2234b883f|220
10365|f9b4ef06aa9efb7e686c405c8737818383bb7420d56c5b3ddea88d5fbc749c83|220
10366|9a30b4a578c0a32034da91e25c284b99a3aa93d40a4ec465ed4abe08f53168fa|220
10367|5116bc54be21870081ed7d821f30e98e2b3cb8200ebbd69c1abca4969a1ea780|172
10368|48e44121851b34452222f1ecae219f9d9b8ee81b38312e3f3310738f7bbd6070|220
10369|d67b795fada1a12237662822f297f56eb8555600adc0f6038bf29fb39c42f715|220
10370|ff2ab2ef4b01a00202d793ab72b685a9b7d2800bcc870d5141f2317b775ff381|44
10371|b579c5808d6f7d9c8354fc74b36ed9cb51d7a4323107045cfdd7e3a1c5d89ba6|220
10372|aa0229c48c40ea1aeff076b1fe82b5b37721897473fa0027ddcf6fab7236069f|86
10373|0424c4eb52946d3fa8450bab94b523195a805429ed779dc4581232923c2bd018|220
10374|846cf8fcb3ec324991c2ac588ec822fda371bf97783da01774301369b6159fa9|50
10375|e15fe462155d554d6148b220a6c6d1ed8cd9849b9382a72f01feec5c28a5ad8d|220
10376|3747947fba1648ea9a304eb7955eabe1601a336b520475184f20640965dd277f|10
10377|a0dc9f6d48c8c339ae8695871bac97724e8842237f5144213df6fe25987f98a9|220
10378|38bb1cc642124aa534ed6ccfacaac8ddb2a255e3844b6278358b6675ba953932|220
10379|c18b54cf74ebde74ace099d7b48fac86045e3458446a00e27a6f582127f37bbe|18
10380|ac2e46c43cecf0c0e1667ee19f73408f0a65e7e8584173967ef1ce24ffa77272|220
10381|e0d7e8af5db87ceecada676b22d212dbdf09aaf78d51886c876ce83f99ec2f81|220
10382|49867ad8e4f9daa8ff510ac65fd76a940cbcee618d5ef657f0b37256f75342eb|46
10383|1c54dc46723606f073ed4b50e92541a24413bbc9803f4822afddc2b79a7eaf4e|220
10384|53f7a78417bc9e9afc654bb403cd96bde4c4b479148a903613c5dae12bbb1a60|74
10385|b0f63366e2f50aafe8576db1064fd8448b68a4fe4ee80033f4805362f578af76|220
10386|e7bca9c38c86d4dc56595182a67f1d2c7e697921dbc1e6442d9ca7e303cc892b|220
10387|dee521eecad6d849223805f587ca0c85e8868f28a5351b20b252b95243caacce|220
10388|e736deb03aac7bbf4bd9d7a29f1916e31f56e2ccd7a3ae849019799ad1c54ace|220
10389|1420b2eef4590486939255032e82b1c199f4d2da48326596a6d363c0be153cb0|156
10390|38576da698ed3d5dd0ce1266c2a0ca244e47d7952f4daa7047de471df6a067d3|220
10391|0fee99e5be6a3bf21127a5bed138c15b9e724cbcd8afa395355398040b2091f6|160
10392|fd5dd5db8b7feecd931c10b32562fd93f014ae65f33e329f7a231da015e77fd7|220
10393|a905722bc85afa0bf50d2989834b2eb3ae9d858c6e07d8088dd149ad121be1d9|220
10394|65758caf2776af478b19e31c5fa46e3a942a3aef6570a48a87ead94941b881ef|62
10395|5499c25f3428b10225f126042634962b3d7ec2b1ffba71c0ef52b7b09163ea05|220
10396|a23b4bb7da76cd95107cb0c197752a8ee3aaf717d4f3c472653d01451411405d|120
10397|856ad6796d0374add7f6401a3ff7300075d792c53cba203a1d69fdfd041f26c6|28
10398|707afa0b1dd12a622793a7cef55b3e4afbe8ae0ebbb831728a3b7eba6c5d2051|76
10399|dc04ff806fbc76367e85fb8cdab0f78f09283ce54114788688abc75b3e48092d|220
10400|8f64caba8702db34ffbdc7683714cd925bb9e71630736f6b0c24ec5e630520c0|220
10401|706b119fc6fbcabf6b33a9065de624e00ca31ef10f6cfc52cb9988e460001368|220
10402|1acee10e970ac266fe0d1c33b55e97f316ed971b135203d41b0a2a5e0399c23d|220
10403|8e9012c2667142cdd877f927ce18535a00c96657fca055ebf5602d28d7178b0a|46
10404|13d857efef2a25985a1b1d2d3c47b1bf93c1da40af5817297c07b6e21c00b4bf|220
10405|14923d94fc35327185aae45fe6ead184000542d76c49f83c13f036a2dccedb17|220
10406|766888980fd02ca01eef0ed2993ac2f9973dac05bc18ab614d171dfb4a10e9ac|106
10407|47aa47523724b2a0c6348020f05b5384a371839fbb943607f6b44acd0f5e3348|220
10408|b2691756c63e400f7a3b845b9f3c018f3ceab1dd1c7fe80cb93cd4d45f158752|220
10409|691c6ffad21a2ae1bb872916b082435d2a09fe9d2ec751af7c8069fc34d2efb0|220
10410|4e8ee229ff49ab3fa583fe5de50083fda1e0b170ca0b9623e849a0586ba66c0d|220
10411|375c22f1c4b641e1555da6e135cd24c6684866edc1f01c2dcdc6851aeee86dbd|220
10412|6ae9659423864be5819e1f5c9cf5982559b491be525d6943f8de4669860522bf|20
10413|5a30bf9fdbd98e8292b5a2a6fa0fb3a95cbc23ff229dedc2d1f33c94f1f5c2a7|220
10414|4d5480f68bd848da650ca6a551bd5b468b86cc740c4ff08c2c3a37b8ad0715b9|220
10415|80d319be5db2d22cce9c665a9e5bf7913371485dd8e1a49302f123ca67a9c10c|220
10416|28d236077bb1d0ba280933102e13b579ba153ae8b9a573cd9f446eb17a6caf96|20
10417|b39979a142ae184ff644a50880940fa65a3edde9f123bd1ba3c92dc12aaac8d4|220
10418|de54cd6f0e7153e787d1cb37754bcdcf6d81c09e71bb5601fe8313e52164d884|198
10419|b680b3c0183c2827094c9febfecd26a9f6d8ac0b8088b198c786c8db2781916e|220
10420|ce24a75fc87ae515c8517ea89032e35e2b7ed2bdf0c79a39d4a5875c5275ce1a|220
10421|f8e099f1c4626a98921c4687fa8b6848a47cbe781caf988922d42258979593d7|220
10422|3ffcef57aaa383204b6174f1baeab24ce7790ce4c4c2eb6dd8d42b3e9346b3fd|220
10423|dabd2849bb8f948bfe19321c8010faa096c70b3c4b53b2ea76b7c68088bca9ec|220
10424|15a7549d267a13715cb4ba631a1fdb2f0675456ef7a307e926b6fdba0dadfaf4|220
10425|316e0d8cc9488390e52bd94da3e0b923fa48699726d6244e819e1e72fa5508c4|220
10426|a808dc7258f4ea70f6630d523649bf2158e47f65d9969aee342af52af8bb2f9e|220
10427|8677ff72c12b0f7fdd08f02dd14cb8ea5c62d25b8f937f03fc4312262e092869|220
10428|e076766019863c11c4a8863cc80085739c67383c1099e58378cc5405723f1f54|220
10429|0243a0502cf678e46d7626a1801fc224b0b1548f58c099fdd06a550bc7429a48|220
10430|4db0ddf368ae5652fe274444cb61ad48f0a961db1f5110007c69ed4f899e9a32|220
10431|29bbd85d53f8a9a396fa8c4fdb4e7b5ca541c857c8c80467c31d05c690406966|220
10432|03c865ad7149b620ef27d49a77888288829323dc35dc1e7660a5fe92f6dd75a4|220
10433|9dab776a1cb6cc3bafc94c593ddb9ef2272d00ee94ae1cc0508a7ec92acba0c5|178
10434|37aadf59c7618b8ac0d21f920efaa1ceee5737a9c941b0f073d2c3ab88d0ce99|220
10435|9bd51656f0224b5bb1d83ba58546d3ced960823499c208a23822de17f3e03346|136
10436|71a39711eb6460667918c1f8bd1cea39bc61db35aa6de7d3f93a8ed10651f65e|192
10437|4a76d269ab16dd5009398a7c88c8d26ede5237d9bbc07ee0e067639a3ba7d7d0|168
10438|9e3be9dec451d470d7affb668ccfef395442bf5643f9b2adc86eed7511ee5eb2|220
10439|0cef1ffe23171a249393a3bec23d3d0c7dfe4680ac27a7580c21e34f2e69eca3|206
10440|0efdec548a4486e4f17ff9d2b10ba1e8d850cfa64e7fe95f8399b55aabdf5697|86
10441|80e39466b1b763bce8b6f3af738cbf5aed7a8f2c4214070aceeaac5bf7a9982f|50
10442|3cadc07c7e1b6db9eaf49bac3c8caf3451ddff5176cb4e94c720e7fea9798016|150
10443|1a2479e9a79f0ec17bd3ece0642ea75df8846358612588f32a6a2b1b945a1de0|220
10444|76c079ee94566dfc9edf412ef8a9aaea88636740dd695def4b036d4f67b7f375|220
10445|f27b83a2fdf80b92761ef96e4a0830ef37902b3e0d7f1a94957fb26ebe406b99|218
10446|e460a18b6217704652309c4bcb7477100b12ecdf05995966564afd24a8b698d6|220
10447|2180160e2b71ed01f44c41d643f9b21969f2c88c8623b47f00e1e7c1400a5796|220
10448|6fbce6f0efd4cddc0f835ff42c1d565ca9b1bea901c185cb016c542b5add3ffb|220
10449|15173108a43eea89da1bdf3c98f80882bc38624c7750f0fed3384cda87639954|220
10450|3cd7c5e26442717cea1cd359a7170c5db1c5509d9c25fa8320e590bd72a7b76a|42
10451|3252e7741c72fd9f3ffb80540ee5832a8deaf7a4de0a487d575059dd0d2c4794|220
10452|e88113ce0f80e17186c6171e5f6f3cea086385d0033e38787261710a0ef18de4|220
10453|556328018ad4551ec603fa6c0f2b68b491c9dbe96c0f6163333fe84862962e93|220
10454|a52b6ca39407f44967b3d86e9caf3a636b778e78f9cc628582259e108eebdf59|150
10455|0e892f81831995c4d3032ee8bfa83b244d40f33e95533a526bcfdc1f1b811e3a|220
10456|51eb25bfddbd604ee93fbef58d4bb04b30f98cd0072e4e84ed0d700accb94fd6|220
10457|b8cf369cb24b277359193a31e1088391ceaa2c44dda2ff7e550f562ace7c2ec7|220
10458|3879dcba69d8444d1a565aff40b5bbdd19030b0654fa641b3fa6b56bc56ca8de|220
10459|04b68de677a9232e6cf1c0a509f7c8cc6ca3f13ef048540f543d2a6e9ec0d52c|52
10460|4cf214a7596880aa564ffd42822c9c602edcdcbcb40c8b02e4016005e8ce183a|220
10461|11138c0578c3804c313e94b3669cc60c53cd235724c1677d17a0e2e0c102b931|220
10462|2d13f4ebd6ec0fa4b9bef7a3e0ac1e6cc2c0deb26af0fadda79a0ebfe1a18f0b|220
10463|b6ce83a427c50fe8dc8a7897a995d6012541e5db6d37585f59896663fb4880dc|220
10464|6df7734b7841b1ef011af4c0c0dae6b4058662d11bd3e0c0ea1fc5605ceadac3|220
10465|93d7ef92fd5b3b41c01dbed641535c419b236d05a15b2b433aebfd4d0860379b|52
10466|f720480d02c62325dfed8c6b5d7a8bdd8451f4afa84370d60c168b35ac80b3d1|58
10467|3a99e3190a1d70ea7beeaef29ec1f24fa38ed1f93b7bdc87fc0eb0a354bf1d10|220
10468|c5dcbbff155445491f92190bb85dedd4d13144cc14d6a2628d72d5c1b090d146|220
10469|1eb3a6be63b64137c23ba855b2728ec2cc92f16f23244f96639e69652aad0126|220
10470|918611e76859d999b585ec7e3bf5948f201ffb1a12f88e1c140a480ff02f4ec8|220
10471|9e1f38cd76f74498b3bb120f994c3f6254f7bef832a1c93c78834d951d26c7a7|220
10472|30f4a9bf12d25b15a565de03dbacbf2453498372e96f70716148ba60bb776592|194
10473|85f9e21203ebf61d866cce156645109d3593033f6427a4d64e97b710fc5b0c3a|220
10474|4aecba489df9eb79fba3c155040f96c3a822e9f54d4aed9fa6e70d35161df990|144
10475|a3942712319e051fb7784269f6f8dcc6f71ebc05402a3af1d4662ee4689a2d86|220
10476|e275c1578ee34341fd7df2941403789e26e7118e9c6e31bbaa5a3eb32d9aa4f1|134
10477|6aba0a95116f70d08fcfb4c7e510a906d3930f206e28efe98f68bdbcb7e76447|188
10478|f50d27c56212155aaa3219591a90dffae9d31200c2055e08cc8d38ca02572228|220
10479|97ca42971bea23b686de548e749a243986127aa3ba00e75fa6035cd18b92f1fd|220
10480|cf6e7e301be083810acb2eee0ef6b1ab8d04dea3abbacdf250f5958c5a44c72b|38
10481|1d6d8cad024f062e62189beaa6065a3abfa4090a2cdc009530d6b9b95d68e0ed|220
10482|7b022b8e7edbe3ca5d42fff11706d375294da3113f1a249ebcd7d27c4bfa09c1|220
10483|1e1f3a651b80e22497f7ea0fe93928bef5456121ead52adbf1207827e0eef6c0|220
10484|42aadbd5a2c406371d6df1d7a2b51865047c77905314f94520ce46ccdb0f0576|220
10485|caa72e2b189176ae5abe0016f7b08ad30f494bff9c134db804ac751566e08e93|132
10486|ee2622be4dc82a8aeb9b5bbe75114646dd67e47511514b813c4d12a86cda1c2a|6
10487|6efa24dd45875bd13af4df62a14ab285492e26c0637a8e0ceffd63d2e6464cab|220
10488|09e1b08a1a190d5a493465eaac8f111b7d151efb2b89887d775e410e46ac85ee|180
10489|526ae77eb15e30f79d1ff52cfb3af2d494d737514570e71832bac95e27a3db8f|220
10490|e7b1a35fc85662efcd696d0c1298d7b13b2c3cfc04c6d119caa535aeb297329d|220
10491|8d3cb76546391d45e2b80939fa009b00e96fee5c7080d846667ba2448eacab6c|220
10492|c045d0500166627f15b4768e0167222b3522d854e1cc7ef3288b0c496cf54515|220
10493|81f6c7b4343dafee9a5519221e712a6d6da59aaa941a6c8dbfefd527609daf18|220
10494|01c42d4a53488c386a1563bf2eec0f1c4dd492e82adf9db142364ebceadf4e60|126
10495|621fb81e0f85837000780d1a709a58d3dcddf11a0cf2ea49f1834136badcd84d|142
10496|b47b2db158bc832abfa80ed0734b062c2f02977f75e963e0b878b1df8ed61968|168
10497|fbe1c4c79b8ed231fe739c1ea38b2c912a80e6594c88ed903bae963ea3100afc|108
10498|2fc2ca8bb38ce6af85d060da9c5ab3276772b599bc68e4162c47202d4d1e4e5d|220
10499|37777763e69c71b83fcbb848729f2c504aa4c43c863a6fc2856689ce955b012a|220
10500|aff3d26c28981a74aa00e4e494132e29bd39579594c5077f1daf4ea155eb529b|24
10501|556efcd2cac250fee98761a8a9c3d0c210c72ac4c002fc4792cf01a4a8a3066e|102
10502|ceb51e0037d5d975af0081b4db33a2d7b5cf5307404efde112ae6578ff0952f9|220
10503|d8a4969c9fda6beb0dbf663b7c5526e2550cf07bb0142d0ddf3eefc355b2dd6a|220
10504|7390e2990d0834ba12278209291601e7d6c3b0bc65c56249ebf486bba83e1c2f|220
10505|356afa7370cc18a2e6ec392ef44bd5a2a927384c5b741a7675acb5da794519c7|136
10506|322fee58dae466af6604818b2e6adb3384ce6608b03c83c5fcf474aa0f73001d|102
10507|d973064ae0d22b4ac98240e7bdf7eb34c10f1651faf5b92a1339adb7af495f52|220
10508|5ad43634977f3eb433b38cd6f6361c244e63c0761c4cfeefe000c616b5c69ca5|220
10509|01c14093f610d97b2ba82d7cdbf5c2dd69d9fd901d57c80d19d4b0e79639ad69|22
10510|a10f7a9f5ff39e70c244063a5db83acc6d42240599d9cc127d1d1e749ed9f9de|220
10511|21d7cdb42e33dd06e661f4aa5b6ab445d2b30ab481c51026d07f9499c144a8d9|220
10512|62cfc24b168e6a8d145b01ffa805725f3e25d94721abaf40e5ce5067c4e63b55|220
10513|a6e625b7923903afd768c5ca8a1439be0e7b305f4aab97a09604f2b18964c733|220
10514|3e692c5ba2632d397cc9a4cc22cfb796948f09bf899a6d7ccf7cc3fc6d52ce45|220
10515|15c8a205cf6d54c054b3cdadddcbfe91e164b62494c2d4734413f9bba3413d85|220
10516|d13f3a4be0536d919d45c1316cadd0bd15d8e0932dbed11b96a4329f9ffe1fe1|220
10517|bdb829feaacb76eec380affc55660c3bd35713a96833042acae587408ea04b69|220
10518|af577a77a6382a95a55cb68acde45a1982cc3d81c1b6c3a00ae576fa45bf8884|220
10519|2166b45ae81595073d2b18ffc5d33b7b8af6459aed0322341fc0ecd7a1760543|220
10520|fabdfe51cb5ea91874b149538d0d19d40f8f5b8753e82212b0b8e597504e2c64|108
10521|c4bad290c48eaea592967376907f5aef43aa3ad2753dbb8e688f7ef50bb4535b|220
10522|6c0ba017f1c5e932a1ae4de0f22976cabe2b9dd4a3443a3b22d8936898fa3d83|50
10523|900487811df8178de74ecc29c00744d01bbc0db14a7f671622714de6844149a0|42
10524|e8856b0d1b39cc1ae1cfed4bd2f6bf943fbe5bc687c1affba99f5a8cc1af3b49|180
10525|b1f39819abc1e2f5316482e99a33d7bb4489d73371216b2a489e35aff1219d4c|56
10526|5a07ba6d333fc466eb03519d55c4fe17c5ad8332518700195b94e8fa2d169183|220
10527|6c1b24c2771c7e8dcc895e99dd27bcb6c5d7c245ff7f985dc53d629c0bb8192e|162
10528|c781293104e0bf0b2956fd4c77feb7e7e995e6ed11537e744e1cc0ec2fd84a82|220
10529|be0327538cfc87b9807abf12accaa16e0580029460c238e9a28d3a40116fcf90|100
10530|0b5ccd700164a42e65388e37b6729b146c22d4f309ecaf7a1ce08c2f74e46df7|220
10531|80759346769a015a5326e4324e4bf66c096795c31ab574634c1568549bc33247|200
10532|4a696cbf96d8d6810ad4ba0efb341d19be270231e54781b2cc2ac5c1299fa2cf|182
10533|8649d600f31b0c98f0ebe2035e100afccaa567cdedf3797b07814d5eae40d96d|220
10534|d7857358985e220e06e88f7cbbc39878b526756920763ffc8284d2e5caf038fd|30
10535|76f709dcb3fe43776b1df6dacd4411e45f46e15cd42bf4335aa39cf03adac6e3|220
10536|19893718f0fdd0eaf07bf033c6575f372a375bc39af933728bc2d785bde3c58d|220
10537|136f50380c8ec6a06aa27174c8112be1a16ea877db8ac53d1c581bbf435deef1|140
10538|7ea554291a0558576120edcc9f539785334b87323f3492041303c2a669da74b6|60
10539|8e240eca06b338d8ee23ab5e5480c4279fb9df30faba28464efbb50bd79a01e1|84
10540|17df54269269a0633931d246de85bded487bc8658a392c5d2f0a85653190e732|220
10541|6ddb11c142d7332be07fd43a01ffa55e10dd3b91544a22f83a21bbb2c6e01952|218
10542|2965f772edb1ecfd2eada39d0ce0488e47c005d30a6ab8c64c2bd9bcd9331b39|220
10543|d772026f07491663886d6187e36967e217cce7d6a8d864d649e66fed1ecdabdb|220
10544|a88086df9424610ae0a9352e384fb6f27bd86b3b606f6f7316da7a2c581d9c33|220
10545|bf1895960b84cd3a2006e0638183d2ff49f8d267b58b87922ac09b5c7a109e85|156
10546|d1aff81bfee77e1afeb1674c8848167ccc839d8828f5fbc2a339c11870d2f320|220
10547|95fc1845152f72c12dc4c88a587120c9ee5ca46f7d57ad33ba89fc9c49c3dc38|220
10548|6dcf0976cf950aadac15e6edd96f2f40d13994386d43637931afdd57a38fc572|220
10549|3412b11b8f25122af54c2af95eb517ca6f32d089b044714180741ff3466d3b7f|220
10550|6c7c7d058c7ac33e8fd80c209473c18530e4f289957efb60d8bc12b08034be2d|220
10551|d5547045994ef409beaba0137916ff3addcd4f4df6b7fc5d8f1f04feedaea1a8|220
10552|651a0b7d7e928b1a4f3a3661aa32516f40516e9cc346306248007be9fa95c401|170
10553|aab009924717402e3fcbe24be261ed5973ba85dd324fda01658afd0b34fa3bbd|88
10554|604542c9a4eeccc9e7defdd966d04198a08b3b97d251adffe65104d50677f150|104
10555|71485212f35edab924fdbb265f14bd528bd92a811300e5c6fa6b9b4795ee4c1a|220
10556|a1ffd4a2a9b58edcb25966235750075bd505a13a8cefad10edcf02ec151e1c78|68
10557|d178f75b468969b8ebeaae8b038217ffb4be96e4050f210f52659fa1136f6bfd|44
10558|c191cad619092f0e818f4f99584408fbc368b159ff93e55740680cbcb576c2ec|178
10559|afb343bf9a3bc300f5e38765ab845e540f039402c621627b67a25097907572c1|220
10560|6fa44c89f6a804134bcfd61fce54c09f5ffca1a0a86d087adf7ad6d4bbb8c1f2|52
10561|745cac7d7bed4bcc879e25f10f63d46db1b33f940cf9fde3ba0bdc1d134b1d50|220
10562|4f8457c968b1fe51c71642feefae60475bb4e56dab4b22d2ffdd00e33a882c11|220
10563|21bd327acf5f3e2577fd411ff1239371bc5d6af6ed8c32238f7afbe17625c405|24
10564|1543106ad716e9019d111221e485fd3631bbdf2c6a7f6edfd805d40c3c3983f7|220
10565|f92731ca65fe96446ad429f141590a2410bde9afde4679a017ba1c415ee1bd4a|70
10566|bebb4b6af9cb2f64d49f62accf9134349f86f86522f28ff0766c30d9f9d1b1f8|220
10567|406fa9dc054a077fac65483ba46ad7bbe101fb6be692caecfe12436c66b7dd5a|220
10568|a7d30e7869acc4e915e6e153c31b9386547318b70c6e89beff258658b3667a5f|220
10569|94c44caa24719871854c01a616bb7aa04abbe4c6489ea8f614dc07438f7ba535|220
10570|ec4660b2314f676ad44fa785c7a2c71aee7bbbb44b576551ec36e53a5dbbae98|220
10571|15a639ebd96bf20da73595a528d43ab1e23bb5e8584667ac33af0657805ae4bc|220
10572|ee51a4222990d3810859483fb74df4404b398ca756ddda48f2525a59e151b086|220
10573|8827cac2376dd5196e571cebd562cc6ee036f976aa4c95badcd45e3cc57f5c29|220
10574|53665edddad9eff54a0a78f21067b57295528a2a55a9d0a029a005e1b57e98ad|220
10575|ff1a973ab76556c5e7e993e7111574b42884e2db883413772e0e16920bc215c5|220
10576|af659b47f2a741b57e7c027c02c9b40fe0b4b4c1363028044bf3bb3fa7200303|220
10577|6e6ed6538e5a78db68578fdfc215d0632efe1ad8a8357c811dd2e98b32dc80f6|220
10578|4fd502b3157a01b9dc8f503c02be293c8bd28101bab1112f2cb546bbab8f8a2f|220
10579|db91d7e26c78259a39e5adb35b1f9c7c35fab06f058d4faa3220cdd44ba0518a|220
10580|a1c0c5bbce02433a69874040926532a2f2eec6b442a7c9afd96dec493c206e2d|220
10581|933f8f94094d6d8d4d15964496491ce4d178cab12cac65e3c408bbe6be8bf35b|220
10582|eefcbd4fa2871bf6707a012b5d30e1abcafc16152610500da006fac89286bb7b|146
10583|95e8aacde081fc41bc7d7d5f9817ea4efe538779b847276269c292734aaea9c0|220
10584|a6e83660dea79084afcca60d8329d9dae90a4b261ba8e5d62882eb84677952b3|220
10585|5b6ee88ec4ff9eb9cda0cb48800707fe207c96ab2a534453cbfe4cdb07c341ef|220
10586|1a250a5d7609721a59daff160f30c50c991f19ce85de43752f79ded023ae8f39|220
10587|d8976e31267c9eb8627528efe51ce2124942b4da417f4bf87eb80870171e7e62|220
10588|98a4f017d91659146ca8c8897c1f241d8a0237f6e87d979aa48949256d8caecf|212
10589|a66a9302ee16d3a91ad5b09d2a5d0b44c55d516330d55e86e72975502a802505|220
10590|3f8976e5f6ecd99ea1d4b3d88dfe31598c780b08d657cf990df655cc3c97a1b0|220
10591|c203d7db6adeb446b089f7cbc8d044132903bc936a43b0412bc4b91488318db4|220
10592|75ae7ac5bde77899171067f082376ca9466bbbbcabed67bd974eadcdf7fa3faa|220
10593|11886491508c8e4e737a9d590c103c06f7df2817c6bfb78776571f3607f63302|216
10594|185847b1c33be82d7d6901aa6043888cc59c85eb3160e5d46dac3feb93bfc750|220
10595|aca85c6145ee49eb9d117fabf69fd20c483615691b96d9a3c19112d91ff31599|166
10596|55a2b23ae8725e42bd6ecb0c2a2428cda1756d34fbfea1e2dae5b8952e2a7010|220
10597|56ba43909bf47cea667bc84fc326d4e8ba25526e77a34b79c25272ef217fa044|220
10598|7992a2e057fdeda150309c2c101d584e2566176a13ec449a2f20f016255ac757|220
10599|d5d8ae21d22f9aebdfdb0a0a0b9601574d888ff47fe41d1dee5d4db752300699|220
10600|569163b854e6cd1cd6e2c0962b4bc884e6ad875f9678803ef4966b34bef110e0|72
10601|0f275e41046a4b9b412d4ff99e64d1e038d2c67099618f1f90e5fa36e8b8ac6e|112
10602|757ac843ab8acdf5c01e364c934fa181242b238f1cd1b6318d1b7af1569409bc|98
10603|023df8f9ef2f3b78a5b3b80671bd491ec06ec66f7f92260b7967e213536e001d|220
10604|fc0a2eaa2dfce1254e3d2baf602e3bd2dd4c9661d550cf27191062faf909c4c4|220
10605|7209f318bdc1e9a3783ff324576eea42fe20f161bbafbfccdceea2b9b58ef8b9|220
10606|a8795b278a76994c9207dcff0019ad31837c2092e3cb13e975f864a40501324e|220
10607|67cb9078bcdb022249a666ffcb0fedf239df942bf9a1eb3aecda1bc7949a2693|220
10608|370c2983e1afadcb87e3df7432f090fc331dd6fc2faa8f412014f76db85c148c|220
10609|be5017b09eacf6b578d4e1f3354e80dd2b6cb056a484cf2efbbb05c227b8f501|220
10610|49850d4dca0945cc2c34b0676594ccb75b224dbf1461cd2c804efa3228c5ed61|220
10611|4047dd0c9815320556a6cf3b81dc29a1eef16021e6796cf678a4bcdce7da4667|220
10612|aa3be08922f177e041f095a4dd46a38e2293b7a1b00284b89834b0d2f1b0d192|66
10613|be37e639afb8e07ab85707d6fdd621de1150a2f2faf06533b0cf1dd12c721348|220
10614|7247ec0119001ec3c7667efc203a04ed37b871141262e6fecf07e76e9bb0f0c0|220
10615|16d6f6e7059a73db15a06bd4f6265e355819b66a48f6f69b61bb6021333e4985|220
10616|7d295909496e77b8555d9b2db8dca1964c6d3fbdc9dcc54ea04008e54092c345|32
10617|edf66ae2ba3eb493db4704d0140b8c6decb741e9775602242de21e54c4d70610|126
10618|e6e671970cc9e24d649711991b9c93b875118e7b4b2698ab9f579464ab8c84a9|220
10619|e97fbbc57626a478647f136af51e370ad43f1190b8c13d913eea26da22446ce6|220
10620|49d68e8122b415dfbf1fe29077980f69d17506a8a458bad4f68a998d508854fc|220
10621|c85c026e44c6eed0d9380267c33669c65bfb507d6ebd7990d095e7d25a98fdce|220
10622|12d42eea99d90abbfd364e3bc1b884a4decc9c8c78251c84248e9b090b93626d|220
10623|b7cc47947a3ee1ca579aee0819a2f2b27e030b8038646ad5574829c7b24fea0e|60
10624|719d88dba808da749bfd95b9d7f8e54d3715884ce366635e56bb32b25c810208|220
10625|da39fd5511cc8a7a24a6401386867dc390ee3e24a9ba4994d5c736d9c62c5e83|42
10626|e81575df44693509bf81462add4491dc5874d7f0a114d5e8370a2cadc2a154be|220
10627|f582b8f98d6e328f343dc465bc04cfc36e3bdd2acbb25cd90336272bf28d9d47|220
10628|be23b808852e999f57d8cee0c6d5f5464b6a0e43b322d1bbc8dce27acef7ae4c|220
10629|421714435253d7efcaa4f9dabba18ed234f1c96b6bc63c3e3664ced657b51250|220
10630|32bd9de74b9d40b224fc9cb4d48b2596c660ceec339c63be8bf390b9361b7fa1|220
10631|7c2ba96af4dd36d7a2368f142c6ee45ef8eb5a7bc462d72b79050cf7c5925c13|220
10632|7257d469c43ac940631236e6b6ebe22e641521019e7cb4a6e46a96f347c98515|28
10633|cb2ab17c00f25174d03c0ee00a5f46c3d38150dbf213d63d5e225d60b9921ea8|220
10634|fa68e533756ab572518834958617e5a279fa4593e1d521a796593f3f7cf53e87|220
10635|9868ed3aff12923d9cc2265b3bb21e9eff8416e51454aaea4cd0d4e6091e472f|220
10636|898a29ad444735fcf3f46a8c75045949daa0c2be9ec597572045ffeb787b547f|220
10637|7c974257bea29824c2d4656ae69a09381c62df6f2c8bb701f93acbb082dc01ff|174
10638|c31e70dce7f3b78f7ef0f81c586492a5aa639ac7232546a95ddbbfd93add7cf5|114
10639|ce0bbb1f535b53e5208f62aa6937f5115f1383b3e31789d90723d38d2765c363|220
10640|3bfa346951a4f3a2c7a262f81f37335d5e7c6a8ba75477c74f1eeafac96ab84a|220
10641|c0c871afffa45254427daf9984f45a19aa72d367719c37ad78d51bdb53a1eedb|220
10642|ca3e542b98b755907682c13ad3a2b3e12e97ecd746dce6928257e6f262e0c4f3|216
10643|2b6b3a5416b9be01b7c7b2fc4714929a51fcf7aac7c904c810793263e2da25cd|220
10644|9a75ab4ebda424dcd933af8bb7ffe74d2c51d0162b51faa8883ca262e756c3d2|34
10645|d004db29d580a733f09feb103b223d808357e44515197ea309e65c73a1bf021b|220
10646|5f1c5b45da5a4faa8292da57678fa47e35ca54c385b78986645e70f66c0bd9db|220
10647|a016d092655b1d8379a9d164c5d595cc8b84773ee8a3ec4733b92b37acb8c13e|10
10648|18d2021ec32015e938fea2fbf2eb7f416a4623519dac6c3d0aefca1272aa3745|220
10649|ac5575452cd0adb3b51cf6091ad1e0bc4134253d249c6a19a6d4f123bca599ed|170
10650|1a5bae2859a1ce33d580ca445dbd790f49ff6fe9f14927584415a5e274bd8859|220
10651|87f3d27f98f884fa1f00ad2667ebc5649cebc2bed5f5259bac26082b4def683a|220
10652|0ba3f6550b4a1ae75107d0a4a4a6592f885234e816ef41d05ab47a24823411bf|214
10653|d9f6132084e1517c0546ca74162271f360197588d84ceed8c6f05cfc1034f77a|220
10654|505a7877a873f817f2341f4881a3f34dc476ec0f68b7492b720ce3fefc678660|220
10655|274752532dd26511ef9a0fcfc08895cb443312e9c1808727074af6985bf50db2|220
10656|f12263d1b10ef9eaaee1754270b6e3f134bb60d0ca7d11d4c5af9da40d1d9c04|220
10657|bb9c1548ace65df0abe0ffcc1b7fdb677e402c9cf0641e207c48ed38aec525ef|220
10658|c8097e4798f9d18c51b318155b5be69bc3b4e0f265afdb093d44884da2dac63e|56
10659|dd9bc180e23c38ab48742c0e42f671e675cb9ce6ba0283acd342ae0de51a09bf|86
10660|99faa45e498e98b224b2fa3f52994a6c0de1b1de562ccb0aa21c66324b3c6a57|78
10661|91644a981bd8a0d1f01322e3b37599c1ddb7c7a16a9d9303cc856c19d5213bf7|220
10662|dce7b4afe80bd2a5f4f31e4bd17c0e43bd22dcc2ec8232efe406c8d1b582afdc|220
10663|28ee99015665d9bae7f69404059d6b82de03752940a5165257cb92a11bd3b4da|186
10664|bd7a62c436393828a44baf92665715bb3406a6f205b5c746b18dc540d873d70d|220
10665|82d3675e31211d786f2548b81b7d644b50d28164a3bcf32f05fa2a28adc6517a|220
10666|52d487e17d680e0a8a37f29aa811b37ca254884f70cc9edd24e1e598c337ca27|220
10667|bb5a87f461b7d8051d64af57cf4b8f88764a775cee65722ebed575fce203cc19|220
10668|49a695e98206a257a8d7d08f79ceed82ef8987a2b470e2c7656e7fff61019330|220
10669|378365aaf3e0f6c87daaa6ddd008d11133bb64e934c95f171fb5c75660a45bbb|220
10670|eb6ee5fa069e5faf1b76953703f751aced91330582e5e6dc38160a6d01e6a2e7|220
10671|533cd19c62cfb41f224545ead70e2823707ce5319510d22a30e990533f393e6c|220
10672|8ce9454c7d2488f93103802631749f7ae56c0ea9284a9067bc490fba6a99f9d7|220
10673|7899ff77a58f67cacd459c7e53a6dc3ae744dcc6423bf1bf11d89682f4353f91|194
10674|518bd69ce420dbf012bf77c169caf10ca143f725b7d8b96ed19d24f5d59dbbd1|220
10675|a058af549dae9f242053d3901f8d6ff25f16b4555b61b97a69dfe7e3cf851207|220
10676|ba8ccb1250a0f020891fc290a325c4f611e0f2448779feea227e36c630c06262|220
10677|7430a7d5244e65c78a14059908925b9a43a54e521007a9ff11508f395764b46f|220
10678|eacc6762accf55b3cd32f682b0dbf0c5d3b43d161cf8ec1859b2cf4a87da0db7|220
10679|073948dfdc3a2fc4f9fb8a942b891e29c1ab7a3fd64f0afc1f76d5d821bf01f7|220
10680|6a37a4fbdd27cca6433a287ae3216637c9b61915cf54f9d59449912dfa2515ad|220
10681|e07b71ba4040e0d616d35bfce36f9fc3139f1bc7b6581c779513b66f39d9eae2|220
10682|5a8c35326f0d02a53900d6458f7ea9eabfefb0d6bd3ff19257820ec7245bd4a7|220
10683|361ded379c5e78185bc6218770d02f160e9d866758a36d0ab06c3c7ea56b27e9|220
10684|23ac3f6eedbb7efbdbf47e7b962809327decb5e7aa13d1f34196986da135ca93|220
10685|beaed0134870247094be2afb3337892b6f0cf59f5ee7ae82c0a63354072c6f12|220
10686|763b59962c68b6de6bb227ee897f3704022a64fff5c1e9eae65222e469d6ef87|220
10687|01fd74ea14055ccf16204ca35bc9a4b45bbd34cc7b7244452369fdacecc5ad2d|220
10688|3eca4afec28908969d51f98208435b61f6fc71c48d0318e14dd521549b6db389|220
10689|98b4bf88472255a3540b0073ca4aa4b9136c96964d4bf34864b1131ef98de1c7|220
10690|9d3f8b1a82cafb5fd764995b06981c465509ffee4579f1b460e424f6e2f91bc5|220
10691|678b9b65a0671e8248a07b54b732c26f303c07cccae531c30adfe567066cffe3|220
10692|82d3675e31211d786f2548b81b7d644b50d28164a3bcf32f05fa2a28adc6517a|220
10693|37877bb07b5b0e946328c97827f550d99c6175c2b87632db35d954154b155982|220
10694|6f92f47d6e5190f310df4e0690352ccfe869912248779709e472f4a3a7d2c71a|220
10695|75ebd12b7324d0f8ad58f9de40cd8cbafa07e69abf15d25a86e5d1917b0b13c5|220
10696|ef7e4a34d50342c38efadfa2aa4b30ce3c5518b5cabdc2c819f875ee099ebe3a|220
10697|0fe3bd7511c30baaa341fc6f36a79ca00a879f198e15a2e8595d854d07a970b7|220
10698|0833d3dc165986c453e8fc18f1187f2a6a42fafdb292ca79026d158f5c724fc6|220
10699|ae3caa68560b698c12f6f2ecc02ef01c58615a55348044d57b4078d73d8d6db0|220
10700|23032d3fe7bb83aadff6bf30359b9210e07836c5068fe2a3680ef440d126b1e0|220
10701|a3707fbd2a058c43105ecf877b739e58fa9b3dd02edf99e73b84179bd0c88d58|220
10702|2abe7b5194d632f2ed1dcddba3b886d60ccebc724af0ed99aa0679eb47c0ec35|220
10703|1a519b9754b2f8221da11566695dfcfe6f960edafc9f7b7abfe2d0fbf433bdc6|220
10704|7dc7a3a1f03d5c6bed875150bb75a1da374591dceca3b656fcb7e1bb16f4ad82|220
10705|d2fe7f2d3ea72513d91671b3822b162c9ba0c3f1375362c18018f6751a0a5284|220
10706|cbd94ea1bad502de6bb2656d794c355eac66592700a3ea76c0b0edd12632d950|220
10707|a6dd6d14ff29b3e1e5f4aea2577022bbb75c84a0db71c260d50cfa33dcf5267b|220
10708|9d0e40b840411e8d5d4533d81cbd90c30e7ce51fa7700af5467454d9c21bfd0c|220
10709|80f010f9f4b959d4708663b67c299769c83dec7aa7f502c1bdbf5a19716bd49c|220
10710|3b455dc65fb074f83f83a840a9e267f991c18db511c16fb3ba28a1d97c8f570b|220
10711|72205364ac4ba1c0e93df12a4b7701c6947a028f68954566e8390c286103bdbf|220
10712|a496208bfaaf65fc0545bd4ee6fa472c840d89fddb945592ca5a0758317b8ab8|220
10713|51fbb9f37998c392897defba013477e40816527e774ab5a3c8692c6aa65aeef3|220
10714|f328082a97d63eafb93379926874529d7b7b5fcfbc0dfc305ad032b5c51c3407|220
10715|ff3b7b5d9dc6eafe589784d0c4652e74112a63a50582c2c25da8f932656b35bc|220
10716|583513810768f0e95a0b4b8c5b2fd47780447a70bff5babc5b94c369f9fe63bf|220
10717|4db1c45cf7520450268f0afa6a4a9038ed9ded99dec3ef4c2cbe820222b71a3d|220
10718|fe1631ce2bc03a54952862d135d3d65303e5261a2a4b5c8d60557ff746b82d9b|220
10719|18c0a6f45c6dddd279f12a7f0084cd97343369bb23ce7b8af501244925a370dd|220
10720|1b5c693dcf021560fae47214ee5b87ab9655ad80fc6cad4971a1d52ab9de7927|220
10721|27a45db43c9df52171a35211d8138c75d50516c9203531e62874e3e23f398099|220
10722|2ca56d9ea0e9efb89c28203a9f8e08343961a688afdaeb2c05d6602e8c3ecd46|220
10723|3580ebf25f24f5b29cdfebe5016541903039a397fc97032b8d84109b7cd90796|220
10724|732cfc24691475826fbf96ba6a59467a7e596f5bb83797b3331ce55a90e6f7ff|220
10725|1b284407c11d53a77a64ef00311c47e15d803d2c015ecc76acf727ec73b9b565|220
10726|8ab4e093021b6aba7fd4b424bd293c9c05f49ced89f4344f17d8a076046fe473|220
10727|6e2cb646b73e9c611ce09300dbccfe43f7a705133c4a1e2260b06101cb30bd89|220
10728|29cf4e9e3aeb74dadc7f50fd587042d29ab18d717371a44e9694a0f286005c0e|220
10729|0e4f7525e47d11a32f65531e1c3185e17122493f64f3e095adf6c2c7774dd992|220
10730|146546571afc6fa42bff671836203337a16afa6c5a24440c1cfc1a2403a84370|220
10731|0f8ed10ba68f669a2e42b40e7b85321e9f3845b03f8c386acbb6754d9b9a2800|220
10732|219a4115740dcb7baf4a47634fada7b446bea25ecb2f8ebc5ad82737e76fef04|220
10733|7baff911f1bd8e9dc81519efa6d8c575c0e2dd1384bfdb697a0a4c9c6292bf42|220
10734|9c2575ab50ff2a3459b95ce6fa1b7d503a57a978d8726f5f49802d02383a9040|220
10735|eb607f91f99be8666a84e12936eab142173ed18439ea97c181be732f23ba825b|220
10736|691e92dba47e105f2137f1575dfe92c40468a7ee0384a7338f877c4f8537fa6f|220
10737|3ee27a4b371b5f37deda7a1d7bbef6a8ff42ee5c9b9778b57ed752ff0d82fa11|220
10738|d79c9d91148886ed55cec3571040465c17c0ece70beec4bf2c93704124da7557|220
10739|6ec7dc7bd8dea37337541443bc83aae4f85f7ac4b8a1ce4a3b06719fbf77f722|220
10740|38c3a1bf48047327db1911ca5933b3b896d361d26e9d6cd34bafea50cfeef13d|220
10741|0c77dab8c27cadd8fbcbf727fbdf31f1c079bad2311115c3dea12c13bf206230|220
10742|c8a6a1d922b58429e9e132350d155aca4e84df7541a03b619aa5e7bc0415a3de|74
10743|b313439a0ae3ee689c4d10c533659ccfd6cbd983feb60d524fe9c90b7d3dc64b|220
10744|8382b27a3d8d08604427f30aab74754945f3d66b726f3cc39c076c95e01f8d87|220
10745|ae18e9c2b40b7f31219b19f1eb78d8eb37d35b2e8ca101a737e8e0b07c94ceaf|220
10746|228b86e2afe9173de2587ef38a06c1f8ef8642fbdcf043d36e5f99f123bb64ce|220
10747|8bdfbc09c6eefd12a3e81a0d5d668f3d4f004d2b4d7ec654e653d4c9e02bf62b|220
10748|a12d2dae37fc2e624a62db067f7645635c660bbbfc8208e9b905e2ecc2dd13f2|220
10749|6b39ede1d67043c212fe68513c0e0443ebc152a4dab3b00be1210554d0dee728|220
10750|3d8e7668dd3b40fbe99cf6d593f336b804fe9ed074b32438c48501e69380638c|220
10751|b8d02f81a24cd8738686bb33b55e0ae7dbe7eee92edbcdfb8ab093961ff25f9f|220
10752|926c0a01eaaf884b114d765b7d764c059a22df27ec82ab709a3ee250b8195ea5|220
10753|3a860423590538e2ecef1243988a1f3cdc0dfe708eed528a3fbf099d03762a34|220
10754|f3f4f6fa478d128fe4b11dc4e3aa384dabcf3a21858128654b4cec0e28f38858|220
10755|d8518be91669631bc36a14e244aeaccee776bb19492d0337d114d8d5d7ede95f|220
10756|ef987458fe7dd58fdd5c1c70dc9fa01e645c6a1cf3b47982902f7afbbf008841|220
10757|c3d95dc940bec8c49803fbefe38a7f54097c5190c9cfce9f07154dd3cf613be7|220
10758|c18ae1f37b877ecdfff53e1ab62c14d8d558d680f57e11131006d81c80b542b8|220
10759|8663cebaf46ebb23f4672351bd130ec6fbb096c0e66c84eadbc4ed05cc7d59eb|220
10760|c960932935bf82ae60b1393827699aca9baafe461319c67d689e6340440991fd|220
10761|1782cd152b8123a18c87782b6dda4cb2cccca71902abd94e5cdfe6d5d8f505f8|220
10762|320a32ea9023ecb268a9365faed47c9f8893410feedbb12b9059fe9dc0ddbde0|220
10763|909f0e890b3e432fa3ed66158114f61d15d07a115477c7c2ab5ab79f9572e85b|220
10764|297a0da1999484d175f0d47964f3d5d4af35ac1da1ffa7b3ade5eb3804d6722f|220
10765|a9f2b203e2390b1e778751161f9c86db534bcaccb79934ed8c03b5d29c73dbff|220
10766|00f497d270333b66074c2cf58b19beb336841dd0a2ce286eec74b9c8e0a94fb1|220
10767|3389c2d71016c715a6dd2b9fbc95f730da9e6b13a8ef0c5de4eea02a982b570e|220
10768|776d06c330e00f0130ed814bb75d746e776e583618231ea13336c9717cab826b|220
10769|9a7babc20a826ceaa8f276ebc447e13107198b430f34ceb8dfee7b55c554d1b2|220
10770|06c90870c251310683f3ca77bbcfe09968f127d54e9b3533b79e61052b137146|220
10771|d0385a4503bdc69530ba5de2bffcaed96c3ff640a79023656d665694d7582846|220
10772|86671a51ce565cd29eb94c5318bee570f466ae0703d743db683b5cc205c87b61|220
10773|0354a7b1fba527546c3aa2f82a24732906fded7a7f98d0eba0c16ea74bf4f006|220
10774|c64f2fe1bf4b0b43721a99c395777add456543fee6a5b79844a7f2b2bf8aed2a|220
10775|d1e26ea56aabe28d22cc4e6afa1e9a69081221bab853086a37f4ffc9731b23e6|220
10776|a35332c55f41df5928a3154b362b593136550a0dcdcee43cc70c1ae5cbf84cc0|220
10777|fc78fcf8f3a70d3167b43f96a1da897983b7e5984ae1adb8b437453f0b3c7642|220
10778|705f690e9e8ecb83a39fd1a0d668844e59d26fbc2090f563bee733b53a5a0eae|220
10779|67fc7adbbe0072f5c4516648c7617af4129fb258e302db2ad230763f5ac83a80|220
10780|27e23dd7db40fe636cdb42a17dc03f98c6ed1fe2b93ffd1f774bbeaed1ba1334|220
10781|e7c8bdb7a98d48bedc343083f07d49b1ab6e77a502be5d304399e9bf7aff4053|220
10782|197e9060062543e6baccaf3076bc68b2f819c5cbc73b1c7eedd021f656a6a5a2|220
10783|2f43c82c8d2487286e77adc33a9e5684a885621f7dfaa20573958c6d8e94790b|220
10784|407501d898684299175cda39c7b863f3b5c0d395647cdf73344e273963a16c89|220
10785|91434a8ff6bbbd1a4402f4f88cb1292f3ad644dec06e4a692939cab36004288e|220
10786|f84e41696b28e2f55d446bfb709f45de50d7a1107b005fea927a73741b88578b|220
10787|b8030c38dd07be2838beac77bb4032fcb4f38c15b2bd1b0170e7180a825af98f|220
10788|71b4a24e26a5eb862b5deec3b647d8d36d17c95f1a1a525f4bbf69f5714eac62|220
10789|b375d2aa494a4fb699a64ce221d04c33d7f7fb7de0ce62fcdc1be2609f6e8003|220
10790|4d9cc0a88d8b12f8571444143b07184ca0f5b5d655afa6744d39416d58f5fee4|220
10791|28c9aa11321eee2c39214e18f4081b95b2df5058e93b8d2712e08d640571ed06|220
10792|bd348a9fdff21f6f15bd823612620720dd51e1384ad8c2edeb44b76af530e431|220
10793|f94ef120dbfee6719b3e72b568123a25178d7cca9653e927e3ca7151e34e5fad|220
10794|69203787df18d91041495cf027d6f19a3d3a934e9b0263f3b38615d40ae109ae|220
10795|f25e1f7caa80f11bbff1d58c3beb72da012ed0922b540aaa118df492e2ac45c8|220
10796|96cab0741b2ed6461ef9b274a2bc54e01688c2d2ccfe8f0f1a937fc505505ab2|220
10797|4c6e68fce2e43c8c0ffb467ec14acae0e528849127fcc71623b3bf69b1b9c31e|220
10798|60baf63a1fad5463b0be76e57a80cf9baaec55af1a391924a37254d7d6b25aab|220
10799|097126b62f66f65847ff86c760c3ac66204386911fb733f9806e65192b8d70f8|220
10800|75378002720a5b707ff5e9a52b1173bf1e8b3f78de4f4e4a5968a731c02c3ee3|220
10801|10c361cd9c1c1ec82be8a428eab309d124e8981c23fb2924e5aef9d681a76dab|72
10802|78aff1a615fea3cf50bd288f00d6e6eac5a2bba292b3f0b56cb32378bccd4768|220
10803|1597a9d2fe869de210c1250114fce17ac32defd3863e7df52e7e46a8c97bac6f|220
10804|fc7aadfa7c1cd0ecea54b2f19731e27bf848de650941b7bd1860fa354da0aede|220
10805|ebac9db29d52877d24746beabc5ceba9ce6fec27be064141bfeb23e9e312ad5c|220
10806|e48a430877149f69bef36d00e0ca9f7558fbaecd1d67439930a273fc9e591e2c|220
10807|ad8a043ff12192b624dcaf39ce1d7da1e79dcf01566970644500bea6b818fcd2|220
10808|c68d1d0aff94fd3d93b06ca663d580037750a8cc79745a2ebb71720c30970aaf|220
10809|d43cff430a8c637e53b39479c56e51fd14430f5c9de5971239a8992ed815a410|220
10810|79c13d676d567cc2c3e253ad1193dd4c316ac07ff4e0be9a0186772bc3627dfd|220
10811|fe455b95cb1bee0fc3fd39d5229827d88fac8821a716d3249ae04cd6248946b6|220
10812|8b8032f283eaace555e49003f7759ddf97ba1df77219ca0bc3849fc9a43ea82e|220
10813|916f1c0e861cfb68949fbd4faf10b7ffc828fa69093883aac433498eeae9cb05|220
10814|5ffa87ebe7dcd6a369205f8f30c964e41afc645714b45d9a0fc663e8b0fdef0a|220
10815|1715f8f3071e63a2a0b22cc60791c88e4bae899c0d75ec9ec0ade5ecd5223b07|220
10816|88eb646ffa9e8cf69c3299098b2f6161a8a903576f046ff5e666979d520ca8db|220
10817|b0948a49ba7f43bdda1bab653f68bbbeb1b7f837de24ad11f9ede38ebb2ca3a7|220
10818|e66884fe0c876e64203d9c40618ca120628502c800828f2c39ddf5c110163fb0|220
10819|8e774afbf6ba6837a1d4ddd4408e5a21a2128586f7b3b951cb188d9280610d85|220
10820|4668a31d29877cdba439fbf2eb2b713b59eb11a8776d154c9787efa480bd4658|220
10821|2f3680da87f72b123413fb9caecd2907763a7abaddf8d46817be9e4ccc3105df|220
10822|bc703cba4c9101361bf2786e4166b3e0d7cdd346639e7efccf3e7f8a92e3018a|220
10823|662dc46d54e3933ec72d463efe93fa1139c392e8fa4e82990889f6cebfab93e4|220
10824|ba1244490354b10c5fee2f0077d55bbf368986729393faacc05ded4ad5526da8|220
10825|8ba04ad3d3706767acb8b036c69589500f9c201efc11922ad2f9dc9e56c48c87|220
10826|151c2ccacce62476e542b839a8c868ba5d5422f36ef21a48da67bfe766ef527b|220
10827|1434031fe204a9b988686797713d5d878b0aa74524890bc18e131367d78f7410|220
10828|73f182f1c92c1d2b9860026a961a6bedcadd990e7013625111525002dd55ad53|220
10829|7180497e4b11770056ac29a0134b0c64ba2a00ccc36f3a968a4ad8ed1df9138f|220
10830|16d0960599e62a26a0efdf520eef1a50674c39639730b771cc37fe2fa5a7da89|220
10831|a2b0938d6ad9e48a68716a06d8021b12b8028f9d2b62f5923f0994b22ce3d922|220
10832|45dc3b289a5a435469fa6e63ff2446a597edc2d22896ebcda6f4836759ec93fc|220
10833|a39c5638273b3eb57bb104c9b6ccec8d5b56d702577e118a02f6af099d4de7bf|220
10834|2bfca73fb7a1a2001624b0dc4254894945c9c72ca4ab21778655df3dcce75a8c|220
10835|d6005b462755e67b41463d25ced4b9b53c768e6abdd0c9ade9fb1ac8029c9970|220
10836|d2fe7f2d3ea72513d91671b3822b162c9ba0c3f1375362c18018f6751a0a5284|220
10837|e102c7c2a78f50e7b42e8120e55f73cab93f4de9e79a575f37bcc49fb2a2306b|220
10838|9629aa80dbeab4bbfacf335f6f500d4f34f4cf74d9640a4144ae27148633a4c5|220
10839|2ec655297243bb0d8e354e7b518fa10bc5e30909ee54ad4f530c300cd8b7bc17|220
10840|5cd0098ae44a9fa40a9801d2018670150b3fdf352e7141635d4d6ae6a649c676|220
10841|e4bff02ae02b999b67fc2de1096c5ebd62660d61a96e30d2cdd3242a25e10b0b|220
10842|8c202764dd5cbc8428d3335840fabb98626abf4fa2f1c0a771062920ef213407|220
10843|d5a5ebffb75e3795d4e9883591895f992501bc4494afb09a700237827f4df46e|220
10844|fdf6adfa4432152267a011cc8034d2d884a0474784485b9867230bf33cd9c909|220
10845|8af301f719277a7551c6fc1f78358d0d962775b31ac74d42bccab978c8701e4d|220
10846|e35b14ce02cd0aeebad2f5217a26b42a0f99d612a0a2346a75c038c0e2b5726d|220
10847|bbce0ce08f633866089567022b073488e999068614c3173491cb36cdc7bf1d4e|146
10848|9c776ad49e83ada0807bdad5cd2dbf9374727e7099edec7229a154ed639c62f3|220
10849|9f6c60c3c81f590cd6b3031fea50ea492e7bfe9ae6e9e14ca0ea59ade5530408|220
10850|4fa69676eecf7491089450b48465ead0cb80b531e4c6457d48c94da410a61c3e|220
10851|644e1179ebfe02c91273c0032e7895d494c691e251cb3eb44c2988c36a5f7f33|220
10852|67c99e75041dc64cc6698383697c00a51cb02b86cbf2ee04a6317e6970793c3b|220
10853|d2fe7f2d3ea72513d91671b3822b162c9ba0c3f1375362c18018f6751a0a5284|220
10854|d2b9bdb1534901191163743751615f96b92be82aa13aeb9aa3b9ac8e6e9b03b2|220
10855|2e537c4d91f8ec47ccc4838a94be774df64fb16919c726e4a6f5c1c4e92ce49c|220
10856|773dac3daaee18e3f6bae1e00845864fa19b3aa0e442b64f630de85bc07d160f|220
10857|42a7b861bfa85864b9b8666821c24b9b82da54ea3a74a081f89c19ff3be8c54b|220
10858|d54d693c42b91c1e996962a2ae1e7a2e61734ece1fd84619da76c3ff17a20a4d|220
10859|d84fbf512630ec05601151450101a00be4befa2cdc6d5f69d2402b84194525fa|220
10860|7e1ea91c3e3dafc767047b53f712a92527163457e7c2928efd7ea82b4ebf986a|220
10861|44ebf4e9eb5447edcc507ae690d42b597163b847a202e2dca519f596b304cbcc|220
10862|76b79a0279ab02ffbbb9e2d795ed1d073c47171567621e74ac28ac6bbb093e0a|220
10863|fe212c12adbf66ea23b82ea49ee6304bac6ba9f3f2e8cc31ac42de8c4255f771|220
10864|e0236dd9666095acd5b702f9474aa85b9c12995eeff558b1c6708ab76a69476a|220
10865|704e2b5e93a7376445670ab131ef82126c40920fe7215de786059f0b92d47e95|220
10866|4863a06b9dd123cddc287e076065c097a622be2fde404350e22927c59f72b0c9|220
10867|36a88dd5ca137d29a3f5e5160fcca0e56a8e7de6ad68b599094c06f003976b87|220
10868|f3415cf6cb171269dc042db3a1d6e9fb982203da2cd55719469085e950c774bb|220
10869|d65f7b1a7bcc856606ddde185b4f7930c7d4cf8866102dcf5cfa890fbca2033f|220
10870|17767b04cdf12d2cc2297fb221457903f6dcee85dd9cf15493b813f859d01598|220
10871|dea970986ace8f60c9df9ac7648dff00380c118963cc1135948280f7e92d2444|220
10872|7dcdcebac02eaca600f03e616ed55bf9666f263843b09396d5f3605bf03b76b4|220
10873|e00bdb5aa7d09e3d62d31fb9ab5880c2bc81cd432b52f5bc3fcb4b0268708acf|220
10874|41a9dd08667961eb0d5688773721ec9922453a1d1af0f42884313b8b85a8ee1d|220
10875|b92dac773eaf567bbbcb37c20b58d527150424993fb61ed20ab98e640a3541bb|220
10876|85f90e1a25cd6c99f240d8eae367daf2e0b0989bef6eb86946171e11da01aff8|220
10877|525e3abaf6ec66144146160aa3f0fe6003ca6b6fdd3df074c7b5b0bbbd9ee422|220
10878|79e39bc4cc1ea3c8ff2549b658574b6433b69ad9366b21d5a4099845c46e6e4d|220
10879|04221ad950d6cc90e5d34ade2ac0ca285e174330c8bc88bf77411be4ee75507f|220
10880|a488b1af6c52e94b39c114585dfe93c97ad5a14cf7ff0c4e7a9f03c86b923fd7|220
10881|b256e88425aaa66e56eab5e0a4ebcd7d33a6338447aea8def5ad50e868a3dcc8|220
10882|67be1b78a24e003fef45a774317387cbd375ca250d2933e30251d18119e1f348|74
10883|4c40c99122a6daebc3fdb95ebc1d237d103901cfdfb01baf71a4eef253cc3f60|220
10884|eae4f8d77733508a401d9cf182684aa7ea9397f1612dddc78083f1470f229ba7|220
10885|d3d2a533793920e84fb46b6f4f8fcb0ba77277bd38603613136a38ac517a0f2a|220
10886|a85f0e03ef664c278e20e1dbf55e2340d27aecffa17b1d0021b066ecf6318899|220
10887|0d590082d1ca4fe84d8e753561476d33f27eec8258919c7987a14de55f8f7f56|36
10888|f8d5629b3a9b571436eb54c7b2e3ccc17788eced0a4e6aeedc74acdb30108c84|220
10889|c149802171ddfc1830efb311f5b90b9372cf5339b802ef286a3bb859cdeca888|220
10890|2be50e641c2daa298b6003f482b87e2bca355dd503a33116db80ce75b686637b|220
10891|9f57fe2dfb8f2529dd7cfca9a9ff26de8ab995e48136a489007c8788b0d3c39e|220
10892|059378387190f1b2f95862258074b7468caab83d53afae0b0ee783f5eae7a3c3|220
10893|d8e0da88c53f79eb2bac9095bff4b7fb8664cc4a905a4056844fed363976e26c|220
10894|4f02eacfc0906b5a8c5fd0007abfbf436f3ea3d20c6d8ca9a85fe1bb070e8e9c|220
10895|e1d0fa62aba248bbebb8c2c99f359faad656b8f7fa3c8ab1538c7eec30f9446d|220
10896|d333a2dcfe78b84198072fd9ed6f2cc2a94dc4a2f7480f04433f066b86db9a34|220
10897|61023476943d1d38dc327d17f4d63cfc20c86d5f1e92baa9aab0c8c253569efa|200
10898|5e579525724c6371cd2cc31c4f935942e1275ee1cef38e7035fb42ba6cc75c4d|220
10899|ac88197da1a654ac65f4cf5acf3d184523d9bbc1f364a0f8fdc043c4fe150e1e|220
10900|707240bba30cab97eb77a35a9fdaaa2bc1cf8cd91a9cb9de054a42b43cf3a190|220
10901|d157ab0f0dd61dc25791d4eaf89fc7f58a37ac8bddad33de657adcb3523ac7d8|220
10902|1d6df07771b329022367ceeaba2f6661da2ce29d77fa4477ca251e006a848b5f|220
10903|afa7153127b59ff05aaceb7db6501710cb6454f1008788ba79f4aeccdcc9b1b3|220
10904|b3d2acb162d6614da639cf22ba35989c50c766c6417f5bb57de1506de7db01a6|220
10905|2824bb2ef480534acc4511a97f55095150a543a5dd6635a07097a5cff0e6749e|220
10906|5dc6928bf84036742ed9e4c191b9bd527b48b231fccf1797848f4cad4bdd2413|220
10907|df2182363791cbdafad0203cd025c98c810e2a2a8b7c218ef1d20649266bd695|220
10908|74d0fe3ed739fe3453f14c12b56b514e719799d6b4dde095f43589d37008b7ea|220
10909|591d937b3f61b0b8014e402131040eaa7a1efd9ff925a3ae76f8e9079cc99dcd|220
10910|5b33cc1dcfdb7df3627cf33cc2ea01b9cf8f1d21af7f702c7527235aecb3cb9c|220
10911|360a0c65ee99e465b8cd03ab7e7848d5e40ad27befa2b62789499b1219d2e45b|220
10912|c92399ee72efc566ad47d48fdd6bca6405722d2480ab7d811d5efe99e804386c|220
10913|f0033bc7e7b1643c1728ad46425232e6a69f26bcf484ce76c3af6442abe58bf6|220
10914|2499897646e5c124cce8109d1aa4f7d982c9b89ccd92a183858474a830cf4ca8|220
10915|0de52a39a1e9926a2a4b4f166a8a9f9d600be92d321dee680a3f70fea438b5fe|220
10916|9c0cb1c6bbaa1b1fc2ae6946e6cda3a0f3399e2b0e5f23a11aa43b5c0ddd84ca|220
10917|43fd23970ba64f4313819629d64ef0ad381c3d62b7124a0026d7caa39400b507|220
10918|5e4d1676b4c41631c56272041e5c824a6ff357cc08e09e3641e20d90fef11557|220
10919|91683fb1a8d1908fef16b76892e6b46526fc38188250c513d6d09e7f30ff9655|220
10920|70679335f2b6c6fede213e010ff65b809067da61ede18ccda5371c01a96f8701|220
10921|780eca7248184412db454ddee8690c7e391b36482ea8460a2b9c566731f49e1a|220
10922|4b5a664d3b95cb36e43c03c793b8573e64f8f0f3d035cc7756b5ab2663666e15|220
10923|d73727600817a9b7c16a5f7eb45d1ed24a3d2d8aa575bdfd9f4583cbe2970c2b|220
10924|8322045e1933b7c00c5ed47ff3015ceed4a174e412332c500515f499ada9b300|220
10925|53a82bd6bffd8c3d7c886ec5856054fbeff7ca69f79a3b42b9163204a1e6a2c0|220
10926|c3450290e282522e4e6a46b7e34de453b95313e79dd3dcffb1ed65810523d2d7|220
10927|85d9108cbaa4a3efa00d5c524c9dd997315c0345d32bae9d1dac191f11534f4e|220
10928|a8272388a869bf1da29b4a145968a931838f532ab7e8536c44d14108347e3da3|220
10929|7f20f8ae737f12ad97eb3caa04c8d1766ab395f1f094c113eb495079eb00f324|220
10930|a6b4faa3977aae8cbb22fca7658158e8093ac6daf27752a908faf99478549d20|220
10931|f578d8c2bfa6b9399393cb9efe468ceffa6c1174af4c756b6dd9fd52b07e4872|220
10932|717b79304e4186e8a86ce9fbcae059425fefee385b397dff4dbef3583c5db849|220
10933|d75abeda3114f4393f86e002d2da3d9c4cb098017af1ae64c3e4b8c5d40ecb03|220
10934|3fc6e73ee882be88e56035475c5198d1059b8d58e935eed91f09be4eaef7752b|220
10935|5850188643a2718edfeae4c6d4984044a8f7ffaaa6204f5b73712f4dc977a2e5|220
10936|c7958149ea53774f93d786344f849d68038edaaf80aaeca6b8666633949496c0|220
10937|a73fe914f62b7915fb33439299c3426adf8544a43db909cbb982d41f3cc2181a|220
10938|0b74f74742983c760a3e71011b44fdd7594f07dd4527a60c3f7c5ed531f2b0dc|220
10939|304ee531d7a99c883c728f5fd7055ee1ab154e4b2a95d9f9913fb8b354197b44|220
10940|e64e31bc3e8707fe9e70e49868e8a983113072447e7044464de23b28944d0d29|220
10941|7ef5893699fa0ba6719e09f8408bf130b595393586ea4d4e9085412e55344a54|220
10942|ce2707c2888fbd75e8d9f32c78e3498d9f13c0d01af80490b1a2bf45eb4208f2|220
10943|416ef5884bea055bc463fc4195c77677152edd39836868fd9d847e72ba7a49a3|220
10944|958b10078324bf6b84949d1e249ba3db01ae4dcaca58fddc821f8b75cfd4d9ab|220
10945|c4753023d51c33b5a14f538d7bfedaf5ddd68bc26c4c6cc66e7c7818a78fcc2f|220
10946|d176abe7726928b83e502650d39381f46473c5805c374f76ac3d8c630657bf13|220
10947|a57bf74dea1ae4c3110e3c6966cd1177e4fe5ce3bc3f35a43bd095c0181e7110|220
10948|0e1378cd4c8673695564343bf5d661d5601047ecd9ac7bdf60f041b47899a219|220
10949|c75765fe44ffe474a573bca12775c7af8538f4dfa530902eb21989cc15ffd07f|220
10950|5613c8cf3735093b8e004b5dac50cd78e4ed35510075ef731a0e742a0bf5cdda|220
10951|3904e5a12a3e4944babbea008839ae64ffd2c5f74cd702f3681c272042b81095|220
10952|c4c390435e681cd87b81ef1a3eed8b74ec997e9d7a92af5ae72b17d6791ce7ab|220
10953|2aa170bff5d8988b848353b130acbcd33b4fe26b67f86670cff253d477bd85c2|220
10954|b4ab64ae7ea8cb18358798a922fd2b8a23074062ef8456bd434a781c38841cfe|220
10955|2de21085a2aac7762e96a82cf78ae0c49d3e87a0c7f7129c0d9b955a61131ae5|220
10956|d6d491126ade9549e16be20bc264c0f17a0f1760965cb4c9bb8982d7d5ae18b2|220
10957|5ef9a472a536c23df08b6fcdff10cd37a122d7dd84483f1b209a743deb094de8|220
10958|0fdf4babaf6b8d2e89a3a6e6f9928db492fad1d27273c74b509a592f1582db36|220
10959|a4c1757b9cec7506948043492601699b2ab7610825832152bce3b0f13a4e271c|220
10960|5e7e1af0c136370fbb40b012236bc1dfbce7ea4627365869d12467616bf20715|220
10961|d319248a720f247f0eae9105f1d7803ba822a3c99b0de912c158516dc546fc36|220
10962|234ec8caaca635f69e67506967ccc0f2df544f0e4cfd0c7f76a39baca16e4946|210
10963|5a387f2fda90ffd9c1dd0cc2d6d33e00eb591599ed6c66c6e24a613b7b7220f1|220
10964|e94ce91804c10e5c2686ac53c7e761ed9febc6909e013c5c218259261ec85ce8|220
10965|0667c3b16476efe965903ee11e40c87cd74d83d6d9e26000cfa757dd20ed2465|86
10966|2f63f5a4e063ff06036f308ad28d723835e7844db452cc8d4b61fa4fc98993c0|552
10967|183bf27b1033d373faac3bc9742df813be3ea30f0764359b909bbbe0e71dc150|517
10968|fad9d04d7f1e1a3cb484c4a73d78a549b660db982df81544c52104d085ad49b0|4
10969|847ce4c835b61049b866051a2ecc955139a34e3e2caa8b89b6b824d0f5a7281e|72
10970|c3d9ed15f8f6cae1c311afc76b55636169e8209f3d24cd69bc0e55d013793903|588
10971|1fa3645ebb1cc5313bc0b993a1a12cb8f6e5d1cb47adbc240fd8a1e16fef6574|105
10972|28307a29df57db3629c49be187c5d04fae1d06b68129c3c91436128dac27b017|568
10973|ac7f9059f279f68d6da1250796f2908c7d74a3659dfd9fbc8b1f973148f403e2|72
10974|88507e0b6511434a304b8e389a490fff08f70ea00b0a512d1007aa49ced37a6b|71
10975|428c792efd0d8f6e0dd837c29e7d46554129076ea1d28f420bfe1a96134fdf7c|72
10976|3626561eda74101b20a9636564a2afe6e56b0b9e8caa0c12d0350b43381fe48e|12
10977|847ce4c835b61049b866051a2ecc955139a34e3e2caa8b89b6b824d0f5a7281e|72
10978|403ac11dfee755d5f7bd956841ee0d7c5fd2c51244f1885cd757c8af52ad80f7|72
10979|a983aea41011536a71538bf789dd9e3830827fe18579cf4a42983a20336076ac|120
10980|847ce4c835b61049b866051a2ecc955139a34e3e2caa8b89b6b824d0f5a7281e|72
10981|4116d63dd204d056d97308bd334d0f06ecb79ed9591bb546c304800f71168659|282
10982|414061a6b779131ebbf6836f57658e7101e7387e376b29e920c6b01bd3b6548b|5
10983|11e57fe5a6bac5e9836eb387feae9232ee9a45cd07f1fef5e5c478d2440777b7|382
10984|88507e0b6511434a304b8e389a490fff08f70ea00b0a512d1007aa49ced37a6b|71
10985|211d0d0e257a890a746da38545c19f093db2f64cc36cf3c933e9a65a3e035b1c|514
10986|9043b558c412221ef163d16a31737f105a0e3f99d3cef5031765229ba76e053a|73
10987|1f796a6218f43cde1a8aed71c506b6a70236fc7700c75fb48f1d524bd83d3ccf|132
10988|428c792efd0d8f6e0dd837c29e7d46554129076ea1d28f420bfe1a96134fdf7c|72
10989|7c3b2aaaa3b886d8e8b1c48d5578a5002019dbf28db3786c741c8dfafb9308f6|332
10990|403ac11dfee755d5f7bd956841ee0d7c5fd2c51244f1885cd757c8af52ad80f7|72
10991|428c792efd0d8f6e0dd837c29e7d46554129076ea1d28f420bfe1a96134fdf7c|72
10992|7c0b97da35afb3b79c312fbb48da473be8a3133bc665d925937b3421b977a6e4|358
10993|6adfd0c818f9cb74ee94f2b6ffc03efbed56b7c42dea6216be16e1392b107ac3|134
10994|428c792efd0d8f6e0dd837c29e7d46554129076ea1d28f420bfe1a96134fdf7c|72
10995|ac7f9059f279f68d6da1250796f2908c7d74a3659dfd9fbc8b1f973148f403e2|72
10996|b0a149c02ebee04ef35cf1a8aaa7be9aa91462ac98264366fdf2e39f183d5fac|77
10997|9043b558c412221ef163d16a31737f105a0e3f99d3cef5031765229ba76e053a|73
10998|15a57677b345131d867be7672bc83f6f89b8c497e8ad397c189e9eddd4a2d81c|330
10999|ac7f9059f279f68d6da1250796f2908c7d74a3659dfd9fbc8b1f973148f403e2|72
11000|a9d70a55db8495a48829c53cda6b471d2b924b7aab84a2ab8205a69217727e9a|423
11001|2ca0b4bd16e194c54db567daf0b26ab3d2d920957ab38639c499157856c7fa2d|326
11002|9043b558c412221ef163d16a31737f105a0e3f99d3cef5031765229ba76e053a|73
11003|9043b558c412221ef163d16a31737f105a0e3f99d3cef5031765229ba76e053a|73
11004|b85c26e0d4ab2af54f7ef934285e348dbc4acc025402dd788d47077193dfb657|40
11005|bb300a958077503f9be534e156c97e3e04a1f13948fc49ed40541cb427470ed1|20
11006|88507e0b6511434a304b8e389a490fff08f70ea00b0a512d1007aa49ced37a6b|71
11007|7aa83551356e2c52efe9a49c6ebd9fc41762e0069d330843db1ca8b4bf04a98a|113
11008|9043b558c412221ef163d16a31737f105a0e3f99d3cef5031765229ba76e053a|73
11009|34e2275e5c7e8d19814f4413b1d89e1fa170d6a1d6c11f8cde0401caa8932907|466
11010|ac7f9059f279f68d6da1250796f2908c7d74a3659dfd9fbc8b1f973148f403e2|72
11011|428c792efd0d8f6e0dd837c29e7d46554129076ea1d28f420bfe1a96134fdf7c|72
11012|cf07c92d576124cb139f74fd03a4a8bbf07de30c3d999ff52ed49fba384dcd50|538
11013|660d8f1dff60fbd58fe47a6ce0bb03509d4adb5a2515122fc4ada97226e11d9b|561
11014|6277a68b01da2f2c9c63e45792e0e93c026359922632897007bf7a5bb41eec0e|209
11015|cbf20c0df8a0eeda44dc6fbc7e52d0d87ed66319851afb02b60b24f28ff13780|43
11016|8cc7d67716b7ff196c5c910307e29f8f4dd5252cb6622a3edd848c8f99c10050|83
11017|428c792efd0d8f6e0dd837c29e7d46554129076ea1d28f420bfe1a96134fdf7c|72
11018|ac7f9059f279f68d6da1250796f2908c7d74a3659dfd9fbc8b1f973148f403e2|72
11019|30eb51b5a8f4a115ca26112deee29bec0bf1f4a566538df32f0c47700f066d1f|552
11020|9043b558c412221ef163d16a31737f105a0e3f99d3cef5031765229ba76e053a|73
11021|76423a9c59c8d9a040c7f3edcc1857814999319fe7256d9d2e74568dc4130941|46
11022|b403e608682be7c4c22adaec44606d83626db5d46d00e31f9cad6c63dd1e7e73|36
11023|c0b00cc92882012038518ca8e9819d4d94ccecee87e88b02471ad474bac47c44|449
11024|26419fd133b888377a0feff7706486c5762678bc4ebdb96c486ce93de43374e5|374
11025|60f8eae309bfb238207aebb301999457a815ab0c567c153be8abdd48c4abb0f5|143
11026|847ce4c835b61049b866051a2ecc955139a34e3e2caa8b89b6b824d0f5a7281e|72
11027|88507e0b6511434a304b8e389a490fff08f70ea00b0a512d1007aa49ced37a6b|71
11028|52dfb0a6e8cdd161e5bd65861e9ecf4511a6ad188283e24f21496221efe9d417|70
11029|88507e0b6511434a304b8e389a490fff08f70ea00b0a512d1007aa49ced37a6b|71
11030|3c5924b406f5d372de04f1dfa35f196af7026ee21b69fd797f34e2a0b23b39c4|493
11031|aceddc657f97863c4163fc614a216ed7ab7169393537f24e3d2359004068726b|24
11032|4c63a9143a5633687c0f5ee0b7abcce19cfa13c85cca84c6bb6c2b7c0c4beb31|544
11033|9fc2ae4b6af8e83e220e59b35dc6dcce004bb3a7c0c6329d3ab4bf1cad165698|132
11034|847ce4c835b61049b866051a2ecc955139a34e3e2caa8b89b6b824d0f5a7281e|72
11035|d4976e43b7dc1da93bc329dd58c9c587a912153dc134329ddc219e040a54e66f|538
11036|91dab58cf6bea69dbf7eca2bca7d6a7918cb62ba8df388329ecc7f8fdc3822d1|629
11037|6b2277c65628f0a0836fc1b074f32ddaceee2d31b9c3e1d701321f1df84375ff|304
11038|6c2822f3a756c053630f4b56ecc3453ec609dfe153e371b96951c4d7e2e17599|126
11039|428c792efd0d8f6e0dd837c29e7d46554129076ea1d28f420bfe1a96134fdf7c|72
11040|9550e94ad9b82159a8a1513bb8bcd38a77c0b93fa2bde3306fbef593d719bbe7|71
11041|fdccdda9dc5408e1bdcb711ab7734fe91bcfa330e56b603ffc9a16f307a0d7ba|658
11042|428c792efd0d8f6e0dd837c29e7d46554129076ea1d28f420bfe1a96134fdf7c|72
11043|52dfb0a6e8cdd161e5bd65861e9ecf4511a6ad188283e24f21496221efe9d417|70
11044|76b80aa5b729ba8bcd8589c30258a385ee8888de6e694a8cd58902cab3f13cc1|203
11045|37c10de151b6e39186f9747349ea4457adccc2c75e7e7e3405f50e76be4cb4ec|37
11046|65c55ea7af422bd2af55a8678cd2acf37a8b54e99be257a43581d9323153bcb9|2
11047|23c68412a07b009072ee685282d3fcfdbccfc3f103be400f3b6fc1775fd4be0b|181
11048|403ac11dfee755d5f7bd956841ee0d7c5fd2c51244f1885cd757c8af52ad80f7|72
11049|9b79b318d2f13bee283f1c8e193fed3095004f94ad926d57b6d43e50896a15d9|353
11050|c416ea9d11ffa6df5158c4b7e5cf06c6961a7dd670a4c17087cb8e0af62d80f7|643
11051|7855c1b191752c5b8a7dbc5d1f71b98c7506cb425aaf3db76ca4bc270fc61460|404
11052|31ddbaedd631278cc8484328b4a9b1a5a67738f5bfd3cad3a8ad77f9905b3241|62
11053|9043b558c412221ef163d16a31737f105a0e3f99d3cef5031765229ba76e053a|73
11054|cad072247ec5354712a769d1cf57351725a56019056904345a7d0d3f77354096|70
11055|e2b6f73689d5df39dbf8d8b3ce0eba3edc6a9d0d5d9e859ccd83020ded81dc96|448
11056|9bcdf27da1297bddc8e0b16b427c0428121864868f3d9ffec47d2a7e834d92b8|108
11057|ac810657902caa8d0ee50fe75c502c56f687a33dc6a0fadae7f0a190be674160|71
11058|bcfb0a74e5a10b76c0d6014049d7bf37360ec20e1d33bbb3625b8f84dd637041|55
11059|631c2b722248ea6420e9ce7e704f8efe8ebddefbdfa5829e51bc720903373607|70
11060|5f32bc3ee17d19954825647987fbcdc7c04ada89947bacf20e5f6368c6a88c6f|16
11061|428c792efd0d8f6e0dd837c29e7d46554129076ea1d28f420bfe1a96134fdf7c|72
11062|e1d0ece732978e8124c16d90aff3e3a647c030206b17d067a2a78d2eb5743e52|47
11063|8de3eee75459b99d5ff1f4218ac3fb731351b437d8ccba0342963b9402270533|29
11064|e38f830fd0b5eb82a137a4fd067f76502567731bd6a5067a5136f2d801585f0b|999
11065|b1a139a54924048d05ace0a406e4d1050d8a08c49adfb70b6c48bead723185bb|35
11066|94ded73db9ab153064e369247498d3d36c4c00f01687b59b8cfe717ce7bddde4|501
11067|056d34470433b9bc2cba581675a8d2ffd07e0a936230da267e77ac8bd7396669|549
11068|ee8a0d43892c0e070df972c7465c3c8aa16ed02c1ea23cc381164db7cb0d31e2|126
11069|2d3515c15a9fde0f5ecd9748ef60d802cdd09ac778550ad14308ded5e9936b06|58
11070|52dfb0a6e8cdd161e5bd65861e9ecf4511a6ad188283e24f21496221efe9d417|70
11071|b8a64cebe632d734e2fc8e16529d692d079f99053784d6963483e5ef86ef5300|541
11072|403ac11dfee755d5f7bd956841ee0d7c5fd2c51244f1885cd757c8af52ad80f7|72
11073|bee9744dc639c73e09e249c90bda9ea1b0f85e0a18680801736ae67d3898d41a|635
11074|92320cd3ce437bd6afb8cdf8658a5cb192fca394930d164e0f9344205e3e9d38|420
11075|def2f57d352887357d95ded98b7ea6fb2562951ac8837b547ce387834a99b8ed|19
11076|428c792efd0d8f6e0dd837c29e7d46554129076ea1d28f420bfe1a96134fdf7c|72
11077|6b854eb7ced5107e549bc4e4e3f4932437206373778810a2ebc3e9c3cbc598be|613
11078|ac810657902caa8d0ee50fe75c502c56f687a33dc6a0fadae7f0a190be674160|71
11079|0afe7feab1146348ee1e0a01367f3909da46e1ede102c87a5208bceef6c045fe|640
11080|1770c0cd8f7712fbddfa3d23b11dd98fbe179aabe6384b18236b4f705fbf80a8|110
11081|88507e0b6511434a304b8e389a490fff08f70ea00b0a512d1007aa49ced37a6b|71
11082|ac7f9059f279f68d6da1250796f2908c7d74a3659dfd9fbc8b1f973148f403e2|72
11083|ff780b4fe1d08c72b2cf62218f453ed09363e256fbbe0ad60d1ccd8f25e07ce4|71
11084|3403d8acc424a9de20986c45e861405b1b14ba6381e6792fd655bed41c0885f8|39
11085|0f76472a22ca75a3d61cd7166ab9a7b0da436337536f74e2c8816904388f4135|55
11086|4974dc13412604b62ebcc996d65ab66206f81ede151b9ad7ba6ade654dd4bc86|110
11087|7ac59121478359864726e8babbea9f0ca1be1ee22bbf67dc0b3f071c4d189e10|433
11088|442e387cd845d655c3b2f284ab9fc6db3c860ad53b7f099c56f23e3cf2c1d1b5|440
11089|14d9c934ef13f43a66178e7b21eda787b935ad521d9ef3b77ac94d605767fe7d|471
11090|6445c65d3e79a459f586def964e0cef40f352577544e6805b612cedd3ffefded|14
11091|5a443c6ffc53d28dd1f4e9d1f0a1a7627acc27bdf50eb7e2eca0792f22787703|646
11092|2a48340dc4075c138ccece1ded3acfa72be3f648932abbcc9e0334b870ab8e45|100
11093|2e5ff45c021540225b5ff822f52206efe4d0dc861b422a36d780d32dc353af9d|136
11094|2e3337902c65d5ed68b3931d784f155e11f33f0f4f68903c67e5599e5debe369|287
11095|925a6cf348d7adef290246349106cfb823c59e65492ad75f29d70a34e9ed3125|153
11096|847ce4c835b61049b866051a2ecc955139a34e3e2caa8b89b6b824d0f5a7281e|72
11097|52df61442b28c4aeb6dae8a538c46b61ae6918da596021e8d795cb6175789e51|420
11098|403ac11dfee755d5f7bd956841ee0d7c5fd2c51244f1885cd757c8af52ad80f7|72
11099|8b5b91cade074dd10d70008f8ae7a89ded1b98dadb4f02e8d4bdaf6e10edeadc|547
11100|428c792efd0d8f6e0dd837c29e7d46554129076ea1d28f420bfe1a96134fdf7c|72
11101|53546d52413165d484d6a038c8ceb25e967fe4cb1dcfad90eef16ace3dbc1626|72
11102|403ac11dfee755d5f7bd956841ee0d7c5fd2c51244f1885cd757c8af52ad80f7|72
11103|847ce4c835b61049b866051a2ecc955139a34e3e2caa8b89b6b824d0f5a7281e|72
11104|403ac11dfee755d5f7bd956841ee0d7c5fd2c51244f1885cd757c8af52ad80f7|72
11105|b8cd2bf51a7060ff5919f6a255e5b3d8c8fb557e269e2cbadbf7a794d9b0e2b9|435
11106|2bd51a8d5f20e2f3f89e134326fd863a50b7ede5f71261d3160cd7518453c76f|114
11107|9985ddf2bf8536965f0a65dbe1b3de347aa3e8b45218675efed4808bfc0fc16a|205
11108|fa53ffc494c715331e3080f9efd300864bb4a8fd75f1995445c414e7ad673e6b|44
11109|d79c56bbb686f82d843cb2649d41c6892ac75c56ed4d27f6658b89724c1e1738|32
11110|f8d0d411bd2e0b6614365908bfd241f6b5a5bd87d8013812821cf968e49ba3d9|65
11111|99b7feb4304e04061a8aa338eb7d4e12cf9e476b341a66c3370532dc0f1c33a0|9
11112|ac810657902caa8d0ee50fe75c502c56f687a33dc6a0fadae7f0a190be674160|71
11113|9043b558c412221ef163d16a31737f105a0e3f99d3cef5031765229ba76e053a|73
11114|368da29f084d007f7581601b11d84894045e1bc8eb196fa2522d287485794786|108
11115|f4a97685c6c66c5888b8273a051486217823bcfc8e626c498e1ee404b2fd59ba|156
11116|428c792efd0d8f6e0dd837c29e7d46554129076ea1d28f420bfe1a96134fdf7c|72
11117|c441b3b756da77cce6779db3db4ccd6f4d49d456156d186cc4e88125f4f07952|6
11118|9043b558c412221ef163d16a31737f105a0e3f99d3cef5031765229ba76e053a|73
11119|eb19f1650acbf666bc75d45006e2afcef37c68e70761d2d3879ee9e8b9d61f3e|42
11120|847ce4c835b61049b866051a2ecc955139a34e3e2caa8b89b6b824d0f5a7281e|72
11121|7d89dcdf38c5724cee7d6d941117b38b44987e1036e4b4ff5bb580bc006d75f0|84
11122|766461ea70854709decbd6be7b55dffe4bc186ecf6f4a264313316d348dc6bde|292
11123|9043b558c412221ef163d16a31737f105a0e3f99d3cef5031765229ba76e053a|73
11124|9043b558c412221ef163d16a31737f105a0e3f99d3cef5031765229ba76e053a|73
11125|1b42d3204badd9f9d41b8a69cc5a1a65e5c2fe3f45bd88736ecaeed1289d9207|649
11126|792ae41982d53acbcbd4ef01789b86a01fce6533edaca72e64c05e7724907cfa|368
11127|b219df8a7ba2f9d1a6aca58b8783caf78c907fcda3204718e1f25092d333b617|169
11128|0f0c9c91f7ee233c58627591f42c1e87b30bbd9ec4fb7203f8c0659d2092be5c|7
11129|b009cb2ecfa404304a509176804b2db7e53aa5200d073c8d1d9919f3c279127c|152
11130|369e0a8343cfa8991364056adbfa5b312d17517fec4917c6a635587e67be9f1c|69
11131|b029c6042e0d80196c399be4530bb9f5ea7d2694f02370b7131c5f8439a0e53e|338
11132|807ed880e4fa60041ae68b54bbe055c3fc1056342112964ccb912f219691c684|516
11133|5f39ff933494a0cf612a31f7c121eced8c3ed04b9e92a7c785674f1dfde7f7cf|247
11134|9926a32cb69254c0569ee281af5fc192273e65f24bfb41c19cd80b793461c66a|280
11135|403ac11dfee755d5f7bd956841ee0d7c5fd2c51244f1885cd757c8af52ad80f7|72
11136|d75bb32745074b0373f9cf4d6f0dfe88df91e673c9f8bfd664db2fc605169689|21
11137|28c8f701407d88857da0200ad271b513357853a123065e0fb052c9b59b69ea4c|17
11138|d1bb69692dc84a508d31f1861027f93ca83d701e99caaa4729a122c139f4fdc2|11
11139|d9ebe82849411528067010892b9b5ff7a53407b4e5b5305d6a4e5a46f08a30d6|69
11140|11b85f1b634f84974d83331e944e9ceae53fd66cb87692b1845535de5adfea23|155
11141|6dad2e7c7170acdd78343023a40044922635a18d5d764045d883caa2868ee2c6|104
11142|5e7dc16cc123c34607e0237eb068ecdcfbaeba41e29b340c68777e336d53b13a|51
11143|d05ca908a779c2e2ccfa950503d93a37a147f207361a6c9296476e81010f6457|431
11144|5ba6b99f357903e3e4022a2fbb6bcce1f2b7a8c54f8d514ebcd300a859939c12|130
11145|c426c2d588664b6ca873705f14dfe2c496825a7f9cfce34b55d3f71668b5f9c1|98
11146|8b66229c7998cb0c1cf09329288322564f4ebd350b388ab9dff398a75d9a270e|74
11147|9043b558c412221ef163d16a31737f105a0e3f99d3cef5031765229ba76e053a|73
11148|a320e71536873848cc4ab34230f1ca8ffc24379a5f9ee83679e5424c77e93ee7|404
11149|c9e486aca373906c083776f040a46a45589a52308d2d182ff59875745afba98a|30
11150|48c449b2bd2e2a390a13cbcfdc687d51f8e4127be084a44e4daf2047d4d74e3d|424
11151|e00ff2f3150ce6e9083bd3625573e53363fdbb5ed90f9b4290fed22d23a69e25|43
11152|403ac11dfee755d5f7bd956841ee0d7c5fd2c51244f1885cd757c8af52ad80f7|72
11153|63f64a6cec748676dc9fe06cb9561d63fcb683e9e708c9a8bff43f089427e7e3|521
11154|e1366bae06c20cb302dc4f4021a402c154fdfeedeca5d7cdb1b18e2e6cd09594|284
11155|fba400ac8c4bb5637532c9c720197b732965771377aaf744186468cf849ab013|321
11156|403ac11dfee755d5f7bd956841ee0d7c5fd2c51244f1885cd757c8af52ad80f7|72
11157|847ce4c835b61049b866051a2ecc955139a34e3e2caa8b89b6b824d0f5a7281e|72
11158|adcf9e6c81497be71cc50d21bfe6fd0dd13eccafcb13074f42467ef2dc1eb839|578
11159|847ce4c835b61049b866051a2ecc955139a34e3e2caa8b89b6b824d0f5a7281e|72
11160|fb287f9c3e47fb910a7af217e3c9e6f446882d5646afadc56be2e558ebbb7a4c|150
11161|9043b558c412221ef163d16a31737f105a0e3f99d3cef5031765229ba76e053a|73
11162|10aa1ae5a64b6bf1fd55c0e6064662970519772fe2511414073828bc7c73ee62|68
11163|f8a2897a0364efdf2da85d40a05c10fc01c61ee2bf767b3cbf06761a4b7f90ae|114
11164|9043b558c412221ef163d16a31737f105a0e3f99d3cef5031765229ba76e053a|73
11165|e478a74d5ddd549a79e06163aac99dd130fddc01e2d6e28343c72f219fb51f81|110
11166|732ca7c490b6aaa2d325e874c65d9cbc4d21049d96e732385d7e1ca74b38ed4b|593
11167|326bf52683b3fbe31a63e5339d7c5ca86020ce3759047e67a6a737fd2a5cc880|70
11168|d3764345b13766339a3512112a5387b463a9cbd0498c310e7ac09c5aa3bdff94|39
11169|847ce4c835b61049b866051a2ecc955139a34e3e2caa8b89b6b824d0f5a7281e|72
11170|5fe1bd9cb577e0bebbe2a7a27fb6d1d13eaec8a59245efbe5eba72406f0408bb|503
11171|ffb6f779e70a0ba50ea255d9453094b5343503109654f4be8a5a6c67659cadf7|61
11172|5a1fe16ae575ff95740e7e0868e8487740bef9ef5ba62f942b695b53ad3ec4a4|305
11173|d44fd194d620b4387a01e07acc5fc4975be8905b812e6738edd3095073afe7ee|602
11174|a6fff8e3be74b8b646622e9f6be5b76b8c221aa112d437c186cfe0091c8b3320|29
11175|403ac11dfee755d5f7bd956841ee0d7c5fd2c51244f1885cd757c8af52ad80f7|72
11176|9043b558c412221ef163d16a31737f105a0e3f99d3cef5031765229ba76e053a|73
11177|d701560d8e2894297294becd4a81339110a1290116e697354e73e500c8cce83f|623
11178|6f6832975cce9a1a1c90d9b986c96130ede279020ff659f97ef5382269763df5|219
11179|847ce4c835b61049b866051a2ecc955139a34e3e2caa8b89b6b824d0f5a7281e|72
11180|180c573aba746a55ee30f2f3d109af0aa5e36bb3248babdab54e0937084fba42|86
11181|101721f5a45127d742b80ee075e4257df6d41c7a9eb69fe9ca668ed63b11298e|210
11182|ea35d33f98bd73c98ea221e3d26c12c817b71919c067720e9849dcddb5c96d74|608
11183|9043b558c412221ef163d16a31737f105a0e3f99d3cef5031765229ba76e053a|73
11184|458780c63f095cf970c9d5f3d896acaf6e767766b35193a0e3254f52f2be5bb4|133
11185|9903643702cc7ce55529af71e07d943cb7a1c02f35cbfe917e33c2bd2d1f5ab0|68
11186|847ce4c835b61049b866051a2ecc955139a34e3e2caa8b89b6b824d0f5a7281e|72
11187|7e20e04cbffa525abc7a316205c84c8a5c490434509b80076eda394ee1a29935|556
11188|60255aff64e52de260581615ddb66c9ad66caf5ca343a568fc4c60f97d482189|29
11189|88507e0b6511434a304b8e389a490fff08f70ea00b0a512d1007aa49ced37a6b|71
11190|707ea0145595528124b90c8470351768d632d2bf2ad90e72743534d058719ced|92
11191|aad24d8564c1970cd9055297a2ba268d7c4c595b010fdab882449bae6e4090ff|22
11192|639a1f25fe715d866c4f28a8a199754409ee317ae67d6dc2511e21d5c760a1c2|373
11193|e4956cba07203ce129122968d2a768321f4943451e92542734b2a4ab01b1af9c|439
11194|88507e0b6511434a304b8e389a490fff08f70ea00b0a512d1007aa49ced37a6b|71
11195|9043b558c412221ef163d16a31737f105a0e3f99d3cef5031765229ba76e053a|73
11196|e6defac7ab69058a71edb21061c07e254c0fab5075ed07ae67860b63c65d8696|73
11197|88445043862348d3fea8a86fae842e11fb9f4ba5499dcae133e2bc264734b7bc|43
11198|0a43a0dbc3c61f3d9b898fd1088407ec150c6d13b692c2e97ec3b98544a6b7f2|77
11199|8c3f8a3443ec7b66225974b194da79e14f750ef5e2a8e658d7b85ee1f932676f|298
11200|affdce4cb5861d8477efc3449ed369860dcfbe08719bb569789964db4756b49a|67
11201|a9a6ba71ba57236167524ce28143331d8d21c8c9b52df2e6f3c5b1571cdfa302|294
11202|428c792efd0d8f6e0dd837c29e7d46554129076ea1d28f420bfe1a96134fdf7c|72
11203|2bc2b8208114c1eaa4708fff6bac369d5f327c654fa922fdd4a51c5713992065|23
11204|2f77e81f96e24875bbd6579335ffbee6c564c5df1363c406f61bdbcd48e5ebe3|525
11205|ce2da81c948711dac31e0bb48b96096cdda8e04f11f49ad133657f7080868f1b|605
11206|2d9c63e20399185c3d6365d5b3b56f6ebdee3e1f7d9a72b665fd6de466818ad6|70
11207|d82c9f01d78ea3ca43f75759dbd5e6249ecfbb06c5b123fe8a476a71d0a94a5c|262
11208|39e35301265b70be50e797243e0e8097acef9abe8c6ee9484af7b8bd4a6d81b1|318
11209|48c1a1acf6b896795b0e4025e364ce8c3722700e09af39130cfdca61133222bf|639
11210|52dfb0a6e8cdd161e5bd65861e9ecf4511a6ad188283e24f21496221efe9d417|70
11211|7b57ab1fd123a9097881570926b116618f561e01727e13b259e01c6e80555506|45
11212|9043b558c412221ef163d16a31737f105a0e3f99d3cef5031765229ba76e053a|73
11213|4eb334e314cdb51b50564dfa2d35ca4d14726a6744e79350957995cab7f78676|578
11214|c58b3e8a0539eebedd33563fb1a56d078f9b4852c1d003e2714527a7ba31cf63|609
11215|3dfc70149ddb25f4f88cc04bb5da7465d376cf6e54723ae5ac128fb667ab1388|88
11216|3dfc70149ddb25f4f88cc04bb5da7465d376cf6e54723ae5ac128fb667ab1388|88
11217|3dfc70149ddb25f4f88cc04bb5da7465d376cf6e54723ae5ac128fb667ab1388|88
11218|3dfc70149ddb25f4f88cc04bb5da7465d376cf6e54723ae5ac128fb667ab1388|88
11219|3dfc70149ddb25f4f88cc04bb5da7465d376cf6e54723ae5ac128fb667ab1388|88
11220|3dfc70149ddb25f4f88cc04bb5da7465d376cf6e54723ae5ac128fb667ab1388|88
11221|3dfc70149ddb25f4f88cc04bb5da7465d376cf6e54723ae5ac128fb667ab1388|88
11222|3dfc70149ddb25f4f88cc04bb5da7465d376cf6e54723ae5ac128fb667ab1388|88
11223|3dfc70149ddb25f4f88cc04bb5da7465d376cf6e54723ae5ac128fb667ab1388|88
11224|3dfc70149ddb25f4f88cc04bb5da7465d376cf6e54723ae5ac128fb667ab1388|88
11225|3dfc70149ddb25f4f88cc04bb5da7465d376cf6e54723ae5ac128fb667ab1388|88
11226|3dfc70149ddb25f4f88cc04bb5da7465d376cf6e54723ae5ac128fb667ab1388|88
11227|3dfc70149ddb25f4f88cc04bb5da7465d376cf6e54723ae5ac128fb667ab1388|88
11228|3dfc70149ddb25f4f88cc04bb5da7465d376cf6e54723ae5ac128fb667ab1388|88
11229|3dfc70149ddb25f4f88cc04bb5da7465d376cf6e54723ae5ac128fb667ab1388|88
11230|3dfc70149ddb25f4f88cc04bb5da7465d376cf6e54723ae5ac128fb667ab1388|88
11231|3dfc70149ddb25f4f88cc04bb5da7465d376cf6e54723ae5ac128fb667ab1388|88
11232|3dfc70149ddb25f4f88cc04bb5da7465d376cf6e54723ae5ac128fb667ab1388|88
11233|3dfc70149ddb25f4f88cc04bb5da7465d376cf6e54723ae5ac128fb667ab1388|88
11234|3dfc70149ddb25f4f88cc04bb5da7465d376cf6e54723ae5ac128fb667ab1388|88
11235|3dfc70149ddb25f4f88cc04bb5da7465d376cf6e54723ae5ac128fb667ab1388|88
11236|3dfc70149ddb25f4f88cc04bb5da7465d376cf6e54723ae5ac128fb667ab1388|88
11237|3dfc70149ddb25f4f88cc04bb5da7465d376cf6e54723ae5ac128fb667ab1388|88
11238|3dfc70149ddb25f4f88cc04bb5da7465d376cf6e54723ae5ac128fb667ab1388|88
11239|3dfc70149ddb25f4f88cc04bb5da7465d376cf6e54723ae5ac128fb667ab1388|88
11240|3dfc70149ddb25f4f88cc04bb5da7465d376cf6e54723ae5ac128fb667ab1388|88
11241|3dfc70149ddb25f4f88cc04bb5da7465d376cf6e54723ae5ac128fb667ab1388|88
11242|3dfc70149ddb25f4f88cc04bb5da7465d376cf6e54723ae5ac128fb667ab1388|88
11243|3dfc70149ddb25f4f88cc04bb5da7465d376cf6e54723ae5ac128fb667ab1388|88
11244|3dfc70149ddb25f4f88cc04bb5da7465d376cf6e54723ae5ac128fb667ab1388|88
11245|3dfc70149ddb25f4f88cc04bb5da7465d376cf6e54723ae5ac128fb667ab1388|88
11246|3dfc70149ddb25f4f88cc04bb5da7465d376cf6e54723ae5ac128fb667ab1388|88
11247|3dfc70149ddb25f4f88cc04bb5da7465d376cf6e54723ae5ac128fb667ab1388|88
11248|3dfc70149ddb25f4f88cc04bb5da7465d376cf6e54723ae5ac128fb667ab1388|88
11249|3dfc70149ddb25f4f88cc04bb5da7465d376cf6e54723ae5ac128fb667ab1388|88
11250|3dfc70149ddb25f4f88cc04bb5da7465d376cf6e54723ae5ac128fb667ab1388|88
11251|3dfc70149ddb25f4f88cc04bb5da7465d376cf6e54723ae5ac128fb667ab1388|88
11252|3dfc70149ddb25f4f88cc04bb5da7465d376cf6e54723ae5ac128fb667ab1388|88
11253|3dfc70149ddb25f4f88cc04bb5da7465d376cf6e54723ae5ac128fb667ab1388|88
11254|3dfc70149ddb25f4f88cc04bb5da7465d376cf6e54723ae5ac128fb667ab1388|88
11255|3dfc70149ddb25f4f88cc04bb5da7465d376cf6e54723ae5ac128fb667ab1388|88
11256|3dfc70149ddb25f4f88cc04bb5da7465d376cf6e54723ae5ac128fb667ab1388|88
11257|3dfc70149ddb25f4f88cc04bb5da7465d376cf6e54723ae5ac128fb667ab1388|88
11258|3dfc70149ddb25f4f88cc04bb5da7465d376cf6e54723ae5ac128fb667ab1388|88
11259|3dfc70149ddb25f4f88cc04bb5da7465d376cf6e54723ae5ac128fb667ab1388|88
11260|3dfc70149ddb25f4f88cc04bb5da7465d376cf6e54723ae5ac128fb667ab1388|88
11261|3dfc70149ddb25f4f88cc04bb5da7465d376cf6e54723ae5ac128fb667ab1388|88
11262|3dfc70149ddb25f4f88cc04bb5da7465d376cf6e54723ae5ac128fb667ab1388|88
11263|3dfc70149ddb25f4f88cc04bb5da7465d376cf6e54723ae5ac128fb667ab1388|88
11264|3dfc70149ddb25f4f88cc04bb5da7465d376cf6e54723ae5ac128fb667ab1388|88
11265|3dfc70149ddb25f4f88cc04bb5da7465d376cf6e54723ae5ac128fb667ab1388|88
11266|3dfc70149ddb25f4f88cc04bb5da7465d376cf6e54723ae5ac128fb667ab1388|88
11267|3dfc70149ddb25f4f88cc04bb5da7465d376cf6e54723ae5ac128fb667ab1388|88
11268|3dfc70149ddb25f4f88cc04bb5da7465d376cf6e54723ae5ac128fb667ab1388|88
11269|3dfc70149ddb25f4f88cc04bb5da7465d376cf6e54723ae5ac128fb667ab1388|88
11270|3dfc70149ddb25f4f88cc04bb5da7465d376cf6e54723ae5ac128fb667ab1388|88
11271|3dfc70149ddb25f4f88cc04bb5da7465d376cf6e54723ae5ac128fb667ab1388|88
11272|3dfc70149ddb25f4f88cc04bb5da7465d376cf6e54723ae5ac128fb667ab1388|88
11273|3dfc70149ddb25f4f88cc04bb5da7465d376cf6e54723ae5ac128fb667ab1388|88
11274|3dfc70149ddb25f4f88cc04bb5da7465d376cf6e54723ae5ac128fb667ab1388|88
11275|3dfc70149ddb25f4f88cc04bb5da7465d376cf6e54723ae5ac128fb667ab1388|88
11276|3dfc70149ddb25f4f88cc04bb5da7465d376cf6e54723ae5ac128fb667ab1388|88
11277|3dfc70149ddb25f4f88cc04bb5da7465d376cf6e54723ae5ac128fb667ab1388|88
11278|3dfc70149ddb25f4f88cc04bb5da7465d376cf6e54723ae5ac128fb667ab1388|88
11279|3dfc70149ddb25f4f88cc04bb5da7465d376cf6e54723ae5ac128fb667ab1388|88
11280|3dfc70149ddb25f4f88cc04bb5da7465d376cf6e54723ae5ac128fb667ab1388|88
11281|3dfc70149ddb25f4f88cc04bb5da7465d376cf6e54723ae5ac128fb667ab1388|88
11282|3dfc70149ddb25f4f88cc04bb5da7465d376cf6e54723ae5ac128fb667ab1388|88
11283|3dfc70149ddb25f4f88cc04bb5da7465d376cf6e54723ae5ac128fb667ab1388|88
11284|3dfc70149ddb25f4f88cc04bb5da7465d376cf6e54723ae5ac128fb667ab1388|88
11285|3dfc70149ddb25f4f88cc04bb5da7465d376cf6e54723ae5ac128fb667ab1388|88
11286|3dfc70149ddb25f4f88cc04bb5da7465d376cf6e54723ae5ac128fb667ab1388|88
11287|3dfc70149ddb25f4f88cc04bb5da7465d376cf6e54723ae5ac128fb667ab1388|88
11288|3dfc70149ddb25f4f88cc04bb5da7465d376cf6e54723ae5ac128fb667ab1388|88
11289|3dfc70149ddb25f4f88cc04bb5da7465d376cf6e54723ae5ac128fb667ab1388|88
11290|3dfc70149ddb25f4f88cc04bb5da7465d376cf6e54723ae5ac128fb667ab1388|88
11291|3dfc70149ddb25f4f88cc04bb5da7465d376cf6e54723ae5ac128fb667ab1388|88
11292|3dfc70149ddb25f4f88cc04bb5da7465d376cf6e54723ae5ac128fb667ab1388|88
11293|3dfc70149ddb25f4f88cc04bb5da7465d376cf6e54723ae5ac128fb667ab1388|88
11294|3dfc70149ddb25f4f88cc04bb5da7465d376cf6e54723ae5ac128fb667ab1388|88
11295|3dfc70149ddb25f4f88cc04bb5da7465d376cf6e54723ae5ac128fb667ab1388|88
11296|3dfc70149ddb25f4f88cc04bb5da7465d376cf6e54723ae5ac128fb667ab1388|88
11297|3dfc70149ddb25f4f88cc04bb5da7465d376cf6e54723ae5ac128fb667ab1388|88
11298|3dfc70149ddb25f4f88cc04bb5da7465d376cf6e54723ae5ac128fb667ab1388|88
11299|3dfc70149ddb25f4f88cc04bb5da7465d376cf6e54723ae5ac128fb667ab1388|88
11300|3dfc70149ddb25f4f88cc04bb5da7465d376cf6e54723ae5ac128fb667ab1388|88
11301|3dfc70149ddb25f4f88cc04bb5da7465d376cf6e54723ae5ac128fb667ab1388|88
11302|3dfc70149ddb25f4f88cc04bb5da7465d376cf6e54723ae5ac128fb667ab1388|88
11303|3dfc70149ddb25f4f88cc04bb5da7465d376cf6e54723ae5ac128fb667ab1388|88
11304|3dfc70149ddb25f4f88cc04bb5da7465d376cf6e54723ae5ac128fb667ab1388|88
11305|3dfc70149ddb25f4f88cc04bb5da7465d376cf6e54723ae5ac128fb667ab1388|88
11306|3dfc70149ddb25f4f88cc04bb5da7465d376cf6e54723ae5ac128fb667ab1388|88
11307|3dfc70149ddb25f4f88cc04bb5da7465d376cf6e54723ae5ac128fb667ab1388|88
11308|3dfc70149ddb25f4f88cc04bb5da7465d376cf6e54723ae5ac128fb667ab1388|88
11309|3dfc70149ddb25f4f88cc04bb5da7465d376cf6e54723ae5ac128fb667ab1388|88
11310|3dfc70149ddb25f4f88cc04bb5da7465d376cf6e54723ae5ac128fb667ab1388|88
11311|3dfc70149ddb25f4f88cc04bb5da7465d376cf6e54723ae5ac128fb667ab1388|88
11312|3dfc70149ddb25f4f88cc04bb5da7465d376cf6e54723ae5ac128fb667ab1388|88
11313|3dfc70149ddb25f4f88cc04bb5da7465d376cf6e54723ae5ac128fb667ab1388|88
11314|3dfc70149ddb25f4f88cc04bb5da7465d376cf6e54723ae5ac128fb667ab1388|88
11315|3dfc70149ddb25f4f88cc04bb5da7465d376cf6e54723ae5ac128fb667ab1388|88
11316|3dfc70149ddb25f4f88cc04bb5da7465d376cf6e54723ae5ac128fb667ab1388|88
11317|3dfc70149ddb25f4f88cc04bb5da7465d376cf6e54723ae5ac128fb667ab1388|88
11318|3dfc70149ddb25f4f88cc04bb5da7465d376cf6e54723ae5ac128fb667ab1388|88
11319|3dfc70149ddb25f4f88cc04bb5da7465d376cf6e54723ae5ac128fb667ab1388|88
11320|3dfc70149ddb25f4f88cc04bb5da7465d376cf6e54723ae5ac128fb667ab1388|88
11321|3dfc70149ddb25f4f88cc04bb5da7465d376cf6e54723ae5ac128fb667ab1388|88
11322|3dfc70149ddb25f4f88cc04bb5da7465d376cf6e54723ae5ac128fb667ab1388|88
11323|3dfc70149ddb25f4f88cc04bb5da7465d376cf6e54723ae5ac128fb667ab1388|88
11324|3dfc70149ddb25f4f88cc04bb5da7465d376cf6e54723ae5ac128fb667ab1388|88
11325|3dfc70149ddb25f4f88cc04bb5da7465d376cf6e54723ae5ac128fb667ab1388|88
11326|3dfc70149ddb25f4f88cc04bb5da7465d376cf6e54723ae5ac128fb667ab1388|88
11327|3dfc70149ddb25f4f88cc04bb5da7465d376cf6e54723ae5ac128fb667ab1388|88
11328|3dfc70149ddb25f4f88cc04bb5da7465d376cf6e54723ae5ac128fb667ab1388|88
11329|3dfc70149ddb25f4f88cc04bb5da7465d376cf6e54723ae5ac128fb667ab1388|88
11330|3dfc70149ddb25f4f88cc04bb5da7465d376cf6e54723ae5ac128fb667ab1388|88
11331|3dfc70149ddb25f4f88cc04bb5da7465d376cf6e54723ae5ac128fb667ab1388|88
11332|3dfc70149ddb25f4f88cc04bb5da7465d376cf6e54723ae5ac128fb667ab1388|88
11333|3dfc70149ddb25f4f88cc04bb5da7465d376cf6e54723ae5ac128fb667ab1388|88
11334|3dfc70149ddb25f4f88cc04bb5da7465d376cf6e54723ae5ac128fb667ab1388|88
11335|3dfc70149ddb25f4f88cc04bb5da7465d376cf6e54723ae5ac128fb667ab1388|88
11336|3dfc70149ddb25f4f88cc04bb5da7465d376cf6e54723ae5ac128fb667ab1388|88
11337|3dfc70149ddb25f4f88cc04bb5da7465d376cf6e54723ae5ac128fb667ab1388|88
11338|3dfc70149ddb25f4f88cc04bb5da7465d376cf6e54723ae5ac128fb667ab1388|88
11339|3dfc70149ddb25f4f88cc04bb5da7465d376cf6e54723ae5ac128fb667ab1388|88
11340|3dfc70149ddb25f4f88cc04bb5da7465d376cf6e54723ae5ac128fb667ab1388|88
11341|3dfc70149ddb25f4f88cc04bb5da7465d376cf6e54723ae5ac128fb667ab1388|88
11342|3dfc70149ddb25f4f88cc04bb5da7465d376cf6e54723ae5ac128fb667ab1388|88
11343|3dfc70149ddb25f4f88cc04bb5da7465d376cf6e54723ae5ac128fb667ab1388|88
11344|3dfc70149ddb25f4f88cc04bb5da7465d376cf6e54723ae5ac128fb667ab1388|88
11345|3dfc70149ddb25f4f88cc04bb5da7465d376cf6e54723ae5ac128fb667ab1388|88
11346|3dfc70149ddb25f4f88cc04bb5da7465d376cf6e54723ae5ac128fb667ab1388|88
11347|3dfc70149ddb25f4f88cc04bb5da7465d376cf6e54723ae5ac128fb667ab1388|88
11348|3dfc70149ddb25f4f88cc04bb5da7465d376cf6e54723ae5ac128fb667ab1388|88
11349|3dfc70149ddb25f4f88cc04bb5da7465d376cf6e54723ae5ac128fb667ab1388|88
11350|3dfc70149ddb25f4f88cc04bb5da7465d376cf6e54723ae5ac128fb667ab1388|88
11351|3dfc70149ddb25f4f88cc04bb5da7465d376cf6e54723ae5ac128fb667ab1388|88
11352|3dfc70149ddb25f4f88cc04bb5da7465d376cf6e54723ae5ac128fb667ab1388|88
11353|3dfc70149ddb25f4f88cc04bb5da7465d376cf6e54723ae5ac128fb667ab1388|88
11354|3dfc70149ddb25f4f88cc04bb5da7465d376cf6e54723ae5ac128fb667ab1388|88
11355|3dfc70149ddb25f4f88cc04bb5da7465d376cf6e54723ae5ac128fb667ab1388|88
11356|3dfc70149ddb25f4f88cc04bb5da7465d376cf6e54723ae5ac128fb667ab1388|88
11357|3dfc70149ddb25f4f88cc04bb5da7465d376cf6e54723ae5ac128fb667ab1388|88
11358|3dfc70149ddb25f4f88cc04bb5da7465d376cf6e54723ae5ac128fb667ab1388|88
11359|3dfc70149ddb25f4f88cc04bb5da7465d376cf6e54723ae5ac128fb667ab1388|88
11360|3dfc70149ddb25f4f88cc04bb5da7465d376cf6e54723ae5ac128fb667ab1388|88
11361|3dfc70149ddb25f4f88cc04bb5da7465d376cf6e54723ae5ac128fb667ab1388|88
11362|3dfc70149ddb25f4f88cc04bb5da7465d376cf6e54723ae5ac128fb667ab1388|88
11363|3dfc70149ddb25f4f88cc04bb5da7465d376cf6e54723ae5ac128fb667ab1388|88
11364|3dfc70149ddb25f4f88cc04bb5da7465d376cf6e54723ae5ac128fb667ab1388|88
11365|3dfc70149ddb25f4f88cc04bb5da7465d376cf6e54723ae5ac128fb667ab1388|88
11366|3dfc70149ddb25f4f88cc04bb5da7465d376cf6e54723ae5ac128fb667ab1388|88
11367|3dfc70149ddb25f4f88cc04bb5da7465d376cf6e54723ae5ac128fb667ab1388|88
11368|3dfc70149ddb25f4f88cc04bb5da7465d376cf6e54723ae5ac128fb667ab1388|88
11369|3dfc70149ddb25f4f88cc04bb5da7465d376cf6e54723ae5ac128fb667ab1388|88
11370|3dfc70149ddb25f4f88cc04bb5da7465d376cf6e54723ae5ac128fb667ab1388|88
11371|3dfc70149ddb25f4f88cc04bb5da7465d376cf6e54723ae5ac128fb667ab1388|88
11372|3dfc70149ddb25f4f88cc04bb5da7465d376cf6e54723ae5ac128fb667ab1388|88
11373|3dfc70149ddb25f4f88cc04bb5da7465d376cf6e54723ae5ac128fb667ab1388|88
11374|3dfc70149ddb25f4f88cc04bb5da7465d376cf6e54723ae5ac128fb667ab1388|88
11375|3dfc70149ddb25f4f88cc04bb5da7465d376cf6e54723ae5ac128fb667ab1388|88
11376|3dfc70149ddb25f4f88cc04bb5da7465d376cf6e54723ae5ac128fb667ab1388|88
11377|3dfc70149ddb25f4f88cc04bb5da7465d376cf6e54723ae5ac128fb667ab1388|88
11378|3dfc70149ddb25f4f88cc04bb5da7465d376cf6e54723ae5ac128fb667ab1388|88
11379|3dfc70149ddb25f4f88cc04bb5da7465d376cf6e54723ae5ac128fb667ab1388|88
11380|3dfc70149ddb25f4f88cc04bb5da7465d376cf6e54723ae5ac128fb667ab1388|88
11381|3dfc70149ddb25f4f88cc04bb5da7465d376cf6e54723ae5ac128fb667ab1388|88
11382|3dfc70149ddb25f4f88cc04bb5da7465d376cf6e54723ae5ac128fb667ab1388|88
11383|3dfc70149ddb25f4f88cc04bb5da7465d376cf6e54723ae5ac128fb667ab1388|88
11384|3dfc70149ddb25f4f88cc04bb5da7465d376cf6e54723ae5ac128fb667ab1388|88
11385|3dfc70149ddb25f4f88cc04bb5da7465d376cf6e54723ae5ac128fb667ab1388|88
11386|3dfc70149ddb25f4f88cc04bb5da7465d376cf6e54723ae5ac128fb667ab1388|88
11387|3dfc70149ddb25f4f88cc04bb5da7465d376cf6e54723ae5ac128fb667ab1388|88
11388|3dfc70149ddb25f4f88cc04bb5da7465d376cf6e54723ae5ac128fb667ab1388|88
11389|3dfc70149ddb25f4f88cc04bb5da7465d376cf6e54723ae5ac128fb667ab1388|88
11390|3dfc70149ddb25f4f88cc04bb5da7465d376cf6e54723ae5ac128fb667ab1388|88
11391|3dfc70149ddb25f4f88cc04bb5da7465d376cf6e54723ae5ac128fb667ab1388|88
11392|3dfc70149ddb25f4f88cc04bb5da7465d376cf6e54723ae5ac128fb667ab1388|88
11393|3dfc70149ddb25f4f88cc04bb5da7465d376cf6e54723ae5ac128fb667ab1388|88
11394|3dfc70149ddb25f4f88cc04bb5da7465d376cf6e54723ae5ac128fb667ab1388|88
11395|3dfc70149ddb25f4f88cc04bb5da7465d376cf6e54723ae5ac128fb667ab1388|88
11396|3dfc70149ddb25f4f88cc04bb5da7465d376cf6e54723ae5ac128fb667ab1388|88
11397|3dfc70149ddb25f4f88cc04bb5da7465d376cf6e54723ae5ac128fb667ab1388|88
11398|3dfc70149ddb25f4f88cc04bb5da7465d376cf6e54723ae5ac128fb667ab1388|88
11399|3dfc70149ddb25f4f88cc04bb5da7465d376cf6e54723ae5ac128fb667ab1388|88
11400|3dfc70149ddb25f4f88cc04bb5da7465d376cf6e54723ae5ac128fb667ab1388|88
11401|3dfc70149ddb25f4f88cc04bb5da7465d376cf6e54723ae5ac128fb667ab1388|88
11402|3dfc70149ddb25f4f88cc04bb5da7465d376cf6e54723ae5ac128fb667ab1388|88
11403|3dfc70149ddb25f4f88cc04bb5da7465d376cf6e54723ae5ac128fb667ab1388|88
11404|3dfc70149ddb25f4f88cc04bb5da7465d376cf6e54723ae5ac128fb667ab1388|88
11405|3dfc70149ddb25f4f88cc04bb5da7465d376cf6e54723ae5ac128fb667ab1388|88
11406|3dfc70149ddb25f4f88cc04bb5da7465d376cf6e54723ae5ac128fb667ab1388|88
11407|3dfc70149ddb25f4f88cc04bb5da7465d376cf6e54723ae5ac128fb667ab1388|88
11408|3dfc70149ddb25f4f88cc04bb5da7465d376cf6e54723ae5ac128fb667ab1388|88
11409|3dfc70149ddb25f4f88cc04bb5da7465d376cf6e54723ae5ac128fb667ab1388|88
11410|3dfc70149ddb25f4f88cc04bb5da7465d376cf6e54723ae5ac128fb667ab1388|88
11411|3dfc70149ddb25f4f88cc04bb5da7465d376cf6e54723ae5ac128fb667ab1388|88
11412|3dfc70149ddb25f4f88cc04bb5da7465d376cf6e54723ae5ac128fb667ab1388|88
11413|3dfc70149ddb25f4f88cc04bb5da7465d376cf6e54723ae5ac128fb667ab1388|88
11414|3dfc70149ddb25f4f88cc04bb5da7465d376cf6e54723ae5ac128fb667ab1388|88
11415|3dfc70149ddb25f4f88cc04bb5da7465d376cf6e54723ae5ac128fb667ab1388|88
11416|3dfc70149ddb25f4f88cc04bb5da7465d376cf6e54723ae5ac128fb667ab1388|88
11417|3dfc70149ddb25f4f88cc04bb5da7465d376cf6e54723ae5ac128fb667ab1388|88
11418|3dfc70149ddb25f4f88cc04bb5da7465d376cf6e54723ae5ac128fb667ab1388|88
11419|3dfc70149ddb25f4f88cc04bb5da7465d376cf6e54723ae5ac128fb667ab1388|88
11420|3dfc70149ddb25f4f88cc04bb5da7465d376cf6e54723ae5ac128fb667ab1388|88
11421|3dfc70149ddb25f4f88cc04bb5da7465d376cf6e54723ae5ac128fb667ab1388|88
11422|3dfc70149ddb25f4f88cc04bb5da7465d376cf6e54723ae5ac128fb667ab1388|88
11423|3dfc70149ddb25f4f88cc04bb5da7465d376cf6e54723ae5ac128fb667ab1388|88
11424|3dfc70149ddb25f4f88cc04bb5da7465d376cf6e54723ae5ac128fb667ab1388|88
11425|3dfc70149ddb25f4f88cc04bb5da7465d376cf6e54723ae5ac128fb667ab1388|88
11426|3dfc70149ddb25f4f88cc04bb5da7465d376cf6e54723ae5ac128fb667ab1388|88
11427|3dfc70149ddb25f4f88cc04bb5da7465d376cf6e54723ae5ac128fb667ab1388|88
11428|3dfc70149ddb25f4f88cc04bb5da7465d376cf6e54723ae5ac128fb667ab1388|88
11429|3dfc70149ddb25f4f88cc04bb5da7465d376cf6e54723ae5ac128fb667ab1388|88
11430|3dfc70149ddb25f4f88cc04bb5da7465d376cf6e54723ae5ac128fb667ab1388|88
11431|3dfc70149ddb25f4f88cc04bb5da7465d376cf6e54723ae5ac128fb667ab1388|88
11432|3dfc70149ddb25f4f88cc04bb5da7465d376cf6e54723ae5ac128fb667ab1388|88
11433|3dfc70149ddb25f4f88cc04bb5da7465d376cf6e54723ae5ac128fb667ab1388|88
11434|3dfc70149ddb25f4f88cc04bb5da7465d376cf6e54723ae5ac128fb667ab1388|88
11435|3dfc70149ddb25f4f88cc04bb5da7465d376cf6e54723ae5ac128fb667ab1388|88
11436|3dfc70149ddb25f4f88cc04bb5da7465d376cf6e54723ae5ac128fb667ab1388|88
11437|3dfc70149ddb25f4f88cc04bb5da7465d376cf6e54723ae5ac128fb667ab1388|88
11438|3dfc70149ddb25f4f88cc04bb5da7465d376cf6e54723ae5ac128fb667ab1388|88
11439|3dfc70149ddb25f4f88cc04bb5da7465d376cf6e54723ae5ac128fb667ab1388|88
11440|3dfc70149ddb25f4f88cc04bb5da7465d376cf6e54723ae5ac128fb667ab1388|88
11441|3dfc70149ddb25f4f88cc04bb5da7465d376cf6e54723ae5ac128fb667ab1388|88
11442|3dfc70149ddb25f4f88cc04bb5da7465d376cf6e54723ae5ac128fb667ab1388|88
11443|3dfc70149ddb25f4f88cc04bb5da7465d376cf6e54723ae5ac128fb667ab1388|88
11444|3dfc70149ddb25f4f88cc04bb5da7465d376cf6e54723ae5ac128fb667ab1388|88
11445|3dfc70149ddb25f4f88cc04bb5da7465d376cf6e54723ae5ac128fb667ab1388|88
11446|3dfc70149ddb25f4f88cc04bb5da7465d376cf6e54723ae5ac128fb667ab1388|88
11447|3dfc70149ddb25f4f88cc04bb5da7465d376cf6e54723ae5ac128fb667ab1388|88
11448|3dfc70149ddb25f4f88cc04bb5da7465d376cf6e54723ae5ac128fb667ab1388|88
11449|3dfc70149ddb25f4f88cc04bb5da7465d376cf6e54723ae5ac128fb667ab1388|88
11450|3dfc70149ddb25f4f88cc04bb5da7465d376cf6e54723ae5ac128fb667ab1388|88
11451|3dfc70149ddb25f4f88cc04bb5da7465d376cf6e54723ae5ac128fb667ab1388|88
11452|3dfc70149ddb25f4f88cc04bb5da7465d376cf6e54723ae5ac128fb667ab1388|88
11453|3dfc70149ddb25f4f88cc04bb5da7465d376cf6e54723ae5ac128fb667ab1388|88
11454|3dfc70149ddb25f4f88cc04bb5da7465d376cf6e54723ae5ac128fb667ab1388|88
11455|3dfc70149ddb25f4f88cc04bb5da7465d376cf6e54723ae5ac128fb667ab1388|88
11456|3dfc70149ddb25f4f88cc04bb5da7465d376cf6e54723ae5ac128fb667ab1388|88
11457|3dfc70149ddb25f4f88cc04bb5da7465d376cf6e54723ae5ac128fb667ab1388|88
11458|3dfc70149ddb25f4f88cc04bb5da7465d376cf6e54723ae5ac128fb667ab1388|88
11459|3dfc70149ddb25f4f88cc04bb5da7465d376cf6e54723ae5ac128fb667ab1388|88
11460|3dfc70149ddb25f4f88cc04bb5da7465d376cf6e54723ae5ac128fb667ab1388|88
11461|3dfc70149ddb25f4f88cc04bb5da7465d376cf6e54723ae5ac128fb667ab1388|88
11462|3dfc70149ddb25f4f88cc04bb5da7465d376cf6e54723ae5ac128fb667ab1388|88
11463|3dfc70149ddb25f4f88cc04bb5da7465d376cf6e54723ae5ac128fb667ab1388|88
11464|3dfc70149ddb25f4f88cc04bb5da7465d376cf6e54723ae5ac128fb667ab1388|88
11465|cf2bfc0e02bff4e2fe8842763031b01c491a80f6bbfdfd6a64c2e8f356474d2d|231
11466|cf2bfc0e02bff4e2fe8842763031b01c491a80f6bbfdfd6a64c2e8f356474d2d|231
11467|d4dc182ecb515a2ee00818795080f799f56a369572ef8e517c4f7c759c97d014|49
11468|d4dc182ecb515a2ee00818795080f799f56a369572ef8e517c4f7c759c97d014|49
11469|d4dc182ecb515a2ee00818795080f799f56a369572ef8e517c4f7c759c97d014|49
11470|d4dc182ecb515a2ee00818795080f799f56a369572ef8e517c4f7c759c97d014|49
11471|cf2bfc0e02bff4e2fe8842763031b01c491a80f6bbfdfd6a64c2e8f356474d2d|231
11472|3af87c35bee744222f432aee908d7274752c880acb8c595585fc9d8857758e96|71
11473|cf2bfc0e02bff4e2fe8842763031b01c491a80f6bbfdfd6a64c2e8f356474d2d|231
11474|3af87c35bee744222f432aee908d7274752c880acb8c595585fc9d8857758e96|71
11475|cf2bfc0e02bff4e2fe8842763031b01c491a80f6bbfdfd6a64c2e8f356474d2d|231
11476|cf2bfc0e02bff4e2fe8842763031b01c491a80f6bbfdfd6a64c2e8f356474d2d|231
11477|bd94f4f5a1ecbb93779273eb9e2e415b2039630cbafa64a7fae4f439118eea83|702
11478|bd94f4f5a1ecbb93779273eb9e2e415b2039630cbafa64a7fae4f439118eea83|702
11479|d4dc182ecb515a2ee00818795080f799f56a369572ef8e517c4f7c759c97d014|49
11480|cf2bfc0e02bff4e2fe8842763031b01c491a80f6bbfdfd6a64c2e8f356474d2d|231
11481|bd94f4f5a1ecbb93779273eb9e2e415b2039630cbafa64a7fae4f439118eea83|702
11482|d4dc182ecb515a2ee00818795080f799f56a369572ef8e517c4f7c759c97d014|49
11483|3af87c35bee744222f432aee908d7274752c880acb8c595585fc9d8857758e96|71
11484|bd94f4f5a1ecbb93779273eb9e2e415b2039630cbafa64a7fae4f439118eea83|702
11485|bd94f4f5a1ecbb93779273eb9e2e415b2039630cbafa64a7fae4f439118eea83|702
11486|cf2bfc0e02bff4e2fe8842763031b01c491a80f6bbfdfd6a64c2e8f356474d2d|231
11487|cf2bfc0e02bff4e2fe8842763031b01c491a80f6bbfdfd6a64c2e8f356474d2d|231
11488|cf2bfc0e02bff4e2fe8842763031b01c491a80f6bbfdfd6a64c2e8f356474d2d|231
11489|d4dc182ecb515a2ee00818795080f799f56a369572ef8e517c4f7c759c97d014|49
11490|cf2bfc0e02bff4e2fe8842763031b01c491a80f6bbfdfd6a64c2e8f356474d2d|231
11491|cf2bfc0e02bff4e2fe8842763031b01c491a80f6bbfdfd6a64c2e8f356474d2d|231
11492|cf2bfc0e02bff4e2fe8842763031b01c491a80f6bbfdfd6a64c2e8f356474d2d|231
11493|bd94f4f5a1ecbb93779273eb9e2e415b2039630cbafa64a7fae4f439118eea83|702
11494|d4dc182ecb515a2ee00818795080f799f56a369572ef8e517c4f7c759c97d014|49
11495|bd94f4f5a1ecbb93779273eb9e2e415b2039630cbafa64a7fae4f439118eea83|702
11496|d4dc182ecb515a2ee00818795080f799f56a369572ef8e517c4f7c759c97d014|49
11497|bd94f4f5a1ecbb93779273eb9e2e415b2039630cbafa64a7fae4f439118eea83|702
11498|3af87c35bee744222f432aee908d7274752c880acb8c595585fc9d8857758e96|71
11499|3af87c35bee744222f432aee908d7274752c880acb8c595585fc9d8857758e96|71
11500|d4dc182ecb515a2ee00818795080f799f56a369572ef8e517c4f7c759c97d014|49
11501|cf2bfc0e02bff4e2fe8842763031b01c491a80f6bbfdfd6a64c2e8f356474d2d|231
11502|d4dc182ecb515a2ee00818795080f799f56a369572ef8e517c4f7c759c97d014|49
11503|bd94f4f5a1ecbb93779273eb9e2e415b2039630cbafa64a7fae4f439118eea83|702
11504|d4dc182ecb515a2ee00818795080f799f56a369572ef8e517c4f7c759c97d014|49
11505|bd94f4f5a1ecbb93779273eb9e2e415b2039630cbafa64a7fae4f439118eea83|702
11506|bd94f4f5a1ecbb93779273eb9e2e415b2039630cbafa64a7fae4f439118eea83|702
11507|d4dc182ecb515a2ee00818795080f799f56a369572ef8e517c4f7c759c97d014|49
11508|d4dc182ecb515a2ee00818795080f799f56a369572ef8e517c4f7c759c97d014|49
11509|cf2bfc0e02bff4e2fe8842763031b01c491a80f6bbfdfd6a64c2e8f356474d2d|231
11510|3af87c35bee744222f432aee908d7274752c880acb8c595585fc9d8857758e96|71
11511|3af87c35bee744222f432aee908d7274752c880acb8c595585fc9d8857758e96|71
11512|cf2bfc0e02bff4e2fe8842763031b01c491a80f6bbfdfd6a64c2e8f356474d2d|231
11513|cf2bfc0e02bff4e2fe8842763031b01c491a80f6bbfdfd6a64c2e8f356474d2d|231
11514|cf2bfc0e02bff4e2fe8842763031b01c491a80f6bbfdfd6a64c2e8f356474d2d|231
11515|3af87c35bee744222f432aee908d7274752c880acb8c595585fc9d8857758e96|71
11516|3af87c35bee744222f432aee908d7274752c880acb8c595585fc9d8857758e96|71
11517|3af87c35bee744222f432aee908d7274752c880acb8c595585fc9d8857758e96|71
11518|bd94f4f5a1ecbb93779273eb9e2e415b2039630cbafa64a7fae4f439118eea83|702
11519|3af87c35bee744222f432aee908d7274752c880acb8c595585fc9d8857758e96|71
11520|d4dc182ecb515a2ee00818795080f799f56a369572ef8e517c4f7c759c97d014|49
11521|bd94f4f5a1ecbb93779273eb9e2e415b2039630cbafa64a7fae4f439118eea83|702
11522|d4dc182ecb515a2ee00818795080f799f56a369572ef8e517c4f7c759c97d014|49
11523|3af87c35bee744222f432aee908d7274752c880acb8c595585fc9d8857758e96|71
11524|3af87c35bee744222f432aee908d7274752c880acb8c595585fc9d8857758e96|71
11525|d4dc182ecb515a2ee00818795080f799f56a369572ef8e517c4f7c759c97d014|49
11526|bd94f4f5a1ecbb93779273eb9e2e415b2039630cbafa64a7fae4f439118eea83|702
11527|3af87c35bee744222f432aee908d7274752c880acb8c595585fc9d8857758e96|71
11528|cf2bfc0e02bff4e2fe8842763031b01c491a80f6bbfdfd6a64c2e8f356474d2d|231
11529|cf2bfc0e02bff4e2fe8842763031b01c491a80f6bbfdfd6a64c2e8f356474d2d|231
11530|3af87c35bee744222f432aee908d7274752c880acb8c595585fc9d8857758e96|71
11531|3af87c35bee744222f432aee908d7274752c880acb8c595585fc9d8857758e96|71
11532|d4dc182ecb515a2ee00818795080f799f56a369572ef8e517c4f7c759c97d014|49
11533|cf2bfc0e02bff4e2fe8842763031b01c491a80f6bbfdfd6a64c2e8f356474d2d|231
11534|3af87c35bee744222f432aee908d7274752c880acb8c595585fc9d8857758e96|71
11535|bd94f4f5a1ecbb93779273eb9e2e415b2039630cbafa64a7fae4f439118eea83|702
11536|bd94f4f5a1ecbb93779273eb9e2e415b2039630cbafa64a7fae4f439118eea83|702
11537|3af87c35bee744222f432aee908d7274752c880acb8c595585fc9d8857758e96|71
11538|3af87c35bee744222f432aee908d7274752c880acb8c595585fc9d8857758e96|71
11539|d4dc182ecb515a2ee00818795080f799f56a369572ef8e517c4f7c759c97d014|49
11540|cf2bfc0e02bff4e2fe8842763031b01c491a80f6bbfdfd6a64c2e8f356474d2d|231
11541|3af87c35bee744222f432aee908d7274752c880acb8c595585fc9d8857758e96|71
11542|cf2bfc0e02bff4e2fe8842763031b01c491a80f6bbfdfd6a64c2e8f356474d2d|231
11543|d4dc182ecb515a2ee00818795080f799f56a369572ef8e517c4f7c759c97d014|49
11544|3af87c35bee744222f432aee908d7274752c880acb8c595585fc9d8857758e96|71
11545|3af87c35bee744222f432aee908d7274752c880acb8c595585fc9d8857758e96|71
11546|cf2bfc0e02bff4e2fe8842763031b01c491a80f6bbfdfd6a64c2e8f356474d2d|231
11547|bd94f4f5a1ecbb93779273eb9e2e415b2039630cbafa64a7fae4f439118eea83|702
11548|3af87c35bee744222f432aee908d7274752c880acb8c595585fc9d8857758e96|71
11549|d4dc182ecb515a2ee00818795080f799f56a369572ef8e517c4f7c759c97d014|49
11550|d4dc182ecb515a2ee00818795080f799f56a369572ef8e517c4f7c759c97d014|49
11551|bd94f4f5a1ecbb93779273eb9e2e415b2039630cbafa64a7fae4f439118eea83|702
11552|cf2bfc0e02bff4e2fe8842763031b01c491a80f6bbfdfd6a64c2e8f356474d2d|231
11553|3af87c35bee744222f432aee908d7274752c880acb8c595585fc9d8857758e96|71
11554|bd94f4f5a1ecbb93779273eb9e2e415b2039630cbafa64a7fae4f439118eea83|702
11555|3af87c35bee744222f432aee908d7274752c880acb8c595585fc9d8857758e96|71
11556|3af87c35bee744222f432aee908d7274752c880acb8c595585fc9d8857758e96|71
11557|d4dc182ecb515a2ee00818795080f799f56a369572ef8e517c4f7c759c97d014|49
11558|d4dc182ecb515a2ee00818795080f799f56a369572ef8e517c4f7c759c97d014|49
11559|d4dc182ecb515a2ee00818795080f799f56a369572ef8e517c4f7c759c97d014|49
11560|cf2bfc0e02bff4e2fe8842763031b01c491a80f6bbfdfd6a64c2e8f356474d2d|231
11561|bd94f4f5a1ecbb93779273eb9e2e415b2039630cbafa64a7fae4f439118eea83|702
11562|3af87c35bee744222f432aee908d7274752c880acb8c595585fc9d8857758e96|71
11563|bd94f4f5a1ecbb93779273eb9e2e415b2039630cbafa64a7fae4f439118eea83|702
11564|3af87c35bee744222f432aee908d7274752c880acb8c595585fc9d8857758e96|71
11565|3af87c35bee744222f432aee908d7274752c880acb8c595585fc9d8857758e96|71
11566|d4dc182ecb515a2ee00818795080f799f56a369572ef8e517c4f7c759c97d014|49
11567|bd94f4f5a1ecbb93779273eb9e2e415b2039630cbafa64a7fae4f439118eea83|702
11568|3af87c35bee744222f432aee908d7274752c880acb8c595585fc9d8857758e96|71
11569|cf2bfc0e02bff4e2fe8842763031b01c491a80f6bbfdfd6a64c2e8f356474d2d|231
11570|d4dc182ecb515a2ee00818795080f799f56a369572ef8e517c4f7c759c97d014|49
11571|d4dc182ecb515a2ee00818795080f799f56a369572ef8e517c4f7c759c97d014|49
11572|cf2bfc0e02bff4e2fe8842763031b01c491a80f6bbfdfd6a64c2e8f356474d2d|231
11573|cf2bfc0e02bff4e2fe8842763031b01c491a80f6bbfdfd6a64c2e8f356474d2d|231
11574|bd94f4f5a1ecbb93779273eb9e2e415b2039630cbafa64a7fae4f439118eea83|702
11575|bd94f4f5a1ecbb93779273eb9e2e415b2039630cbafa64a7fae4f439118eea83|702
11576|bd94f4f5a1ecbb93779273eb9e2e415b2039630cbafa64a7fae4f439118eea83|702
11577|d4dc182ecb515a2ee00818795080f799f56a369572ef8e517c4f7c759c97d014|49
11578|cf2bfc0e02bff4e2fe8842763031b01c491a80f6bbfdfd6a64c2e8f356474d2d|231
11579|d4dc182ecb515a2ee00818795080f799f56a369572ef8e517c4f7c759c97d014|49
11580|bd94f4f5a1ecbb93779273eb9e2e415b2039630cbafa64a7fae4f439118eea83|702
11581|3af87c35bee744222f432aee908d7274752c880acb8c595585fc9d8857758e96|71
11582|bd94f4f5a1ecbb93779273eb9e2e415b2039630cbafa64a7fae4f439118eea83|702
11583|cf2bfc0e02bff4e2fe8842763031b01c491a80f6bbfdfd6a64c2e8f356474d2d|231
11584|bd94f4f5a1ecbb93779273eb9e2e415b2039630cbafa64a7fae4f439118eea83|702
11585|d4dc182ecb515a2ee00818795080f799f56a369572ef8e517c4f7c759c97d014|49
11586|cf2bfc0e02bff4e2fe8842763031b01c491a80f6bbfdfd6a64c2e8f356474d2d|231
11587|d4dc182ecb515a2ee00818795080f799f56a369572ef8e517c4f7c759c97d014|49
11588|3af87c35bee744222f432aee908d7274752c880acb8c595585fc9d8857758e96|71
11589|cf2bfc0e02bff4e2fe8842763031b01c491a80f6bbfdfd6a64c2e8f356474d2d|231
11590|3af87c35bee744222f432aee908d7274752c880acb8c595585fc9d8857758e96|71
11591|cf2bfc0e02bff4e2fe8842763031b01c491a80f6bbfdfd6a64c2e8f356474d2d|231
11592|bd94f4f5a1ecbb93779273eb9e2e415b2039630cbafa64a7fae4f439118eea83|702
11593|bd94f4f5a1ecbb93779273eb9e2e415b2039630cbafa64a7fae4f439118eea83|702
11594|3af87c35bee744222f432aee908d7274752c880acb8c595585fc9d8857758e96|71
11595|d4dc182ecb515a2ee00818795080f799f56a369572ef8e517c4f7c759c97d014|49
11596|d4dc182ecb515a2ee00818795080f799f56a369572ef8e517c4f7c759c97d014|49
11597|cf2bfc0e02bff4e2fe8842763031b01c491a80f6bbfdfd6a64c2e8f356474d2d|231
11598|3af87c35bee744222f432aee908d7274752c880acb8c595585fc9d8857758e96|71
11599|bd94f4f5a1ecbb93779273eb9e2e415b2039630cbafa64a7fae4f439118eea83|702
11600|cf2bfc0e02bff4e2fe8842763031b01c491a80f6bbfdfd6a64c2e8f356474d2d|231
11601|3af87c35bee744222f432aee908d7274752c880acb8c595585fc9d8857758e96|71
11602|3af87c35bee744222f432aee908d7274752c880acb8c595585fc9d8857758e96|71
11603|bd94f4f5a1ecbb93779273eb9e2e415b2039630cbafa64a7fae4f439118eea83|702
11604|3af87c35bee744222f432aee908d7274752c880acb8c595585fc9d8857758e96|71
11605|d4dc182ecb515a2ee00818795080f799f56a369572ef8e517c4f7c759c97d014|49
11606|bd94f4f5a1ecbb93779273eb9e2e415b2039630cbafa64a7fae4f439118eea83|702
11607|d4dc182ecb515a2ee00818795080f799f56a369572ef8e517c4f7c759c97d014|49
11608|d4dc182ecb515a2ee00818795080f799f56a369572ef8e517c4f7c759c97d014|49
11609|3af87c35bee744222f432aee908d7274752c880acb8c595585fc9d8857758e96|71
11610|d4dc182ecb515a2ee00818795080f799f56a369572ef8e517c4f7c759c97d014|49
11611|d4dc182ecb515a2ee00818795080f799f56a369572ef8e517c4f7c759c97d014|49
11612|cf2bfc0e02bff4e2fe8842763031b01c491a80f6bbfdfd6a64c2e8f356474d2d|231
11613|bd94f4f5a1ecbb93779273eb9e2e415b2039630cbafa64a7fae4f439118eea83|702
11614|3af87c35bee744222f432aee908d7274752c880acb8c595585fc9d8857758e96|71
11615|d4dc182ecb515a2ee00818795080f799f56a369572ef8e517c4f7c759c97d014|49
11616|d4dc182ecb515a2ee00818795080f799f56a369572ef8e517c4f7c759c97d014|49
11617|3af87c35bee744222f432aee908d7274752c880acb8c595585fc9d8857758e96|71
11618|bd94f4f5a1ecbb93779273eb9e2e415b2039630cbafa64a7fae4f439118eea83|702
11619|d4dc182ecb515a2ee00818795080f799f56a369572ef8e517c4f7c759c97d014|49
11620|3af87c35bee744222f432aee908d7274752c880acb8c595585fc9d8857758e96|71
11621|d4dc182ecb515a2ee00818795080f799f56a369572ef8e517c4f7c759c97d014|49
11622|cf2bfc0e02bff4e2fe8842763031b01c491a80f6bbfdfd6a64c2e8f356474d2d|231
11623|3af87c35bee744222f432aee908d7274752c880acb8c595585fc9d8857758e96|71
11624|cf2bfc0e02bff4e2fe8842763031b01c491a80f6bbfdfd6a64c2e8f356474d2d|231
11625|d4dc182ecb515a2ee00818795080f799f56a369572ef8e517c4f7c759c97d014|49
11626|cf2bfc0e02bff4e2fe8842763031b01c491a80f6bbfdfd6a64c2e8f356474d2d|231
11627|3af87c35bee744222f432aee908d7274752c880acb8c595585fc9d8857758e96|71
11628|3af87c35bee744222f432aee908d7274752c880acb8c595585fc9d8857758e96|71
11629|3af87c35bee744222f432aee908d7274752c880acb8c595585fc9d8857758e96|71
11630|3af87c35bee744222f432aee908d7274752c880acb8c595585fc9d8857758e96|71
11631|bd94f4f5a1ecbb93779273eb9e2e415b2039630cbafa64a7fae4f439118eea83|702
11632|3af87c35bee744222f432aee908d7274752c880acb8c595585fc9d8857758e96|71
11633|cf2bfc0e02bff4e2fe8842763031b01c491a80f6bbfdfd6a64c2e8f356474d2d|231
11634|cf2bfc0e02bff4e2fe8842763031b01c491a80f6bbfdfd6a64c2e8f356474d2d|231
11635|3af87c35bee744222f432aee908d7274752c880acb8c595585fc9d8857758e96|71
11636|d4dc182ecb515a2ee00818795080f799f56a369572ef8e517c4f7c759c97d014|49
11637|bd94f4f5a1ecbb93779273eb9e2e415b2039630cbafa64a7fae4f439118eea83|702
11638|d4dc182ecb515a2ee00818795080f799f56a369572ef8e517c4f7c759c97d014|49
11639|cf2bfc0e02bff4e2fe8842763031b01c491a80f6bbfdfd6a64c2e8f356474d2d|231
11640|3af87c35bee744222f432aee908d7274752c880acb8c595585fc9d8857758e96|71
11641|bd94f4f5a1ecbb93779273eb9e2e415b2039630cbafa64a7fae4f439118eea83|702
11642|3af87c35bee744222f432aee908d7274752c880acb8c595585fc9d8857758e96|71
11643|cf2bfc0e02bff4e2fe8842763031b01c491a80f6bbfdfd6a64c2e8f356474d2d|231
11644|d4dc182ecb515a2ee00818795080f799f56a369572ef8e517c4f7c759c97d014|49
11645|3af87c35bee744222f432aee908d7274752c880acb8c595585fc9d8857758e96|71
11646|3af87c35bee744222f432aee908d7274752c880acb8c595585fc9d8857758e96|71
11647|bd94f4f5a1ecbb93779273eb9e2e415b2039630cbafa64a7fae4f439118eea83|702
11648|3af87c35bee744222f432aee908d7274752c880acb8c595585fc9d8857758e96|71
11649|cf2bfc0e02bff4e2fe8842763031b01c491a80f6bbfdfd6a64c2e8f356474d2d|231
11650|d4dc182ecb515a2ee00818795080f799f56a369572ef8e517c4f7c759c97d014|49
11651|cf2bfc0e02bff4e2fe8842763031b01c491a80f6bbfdfd6a64c2e8f356474d2d|231
11652|bd94f4f5a1ecbb93779273eb9e2e415b2039630cbafa64a7fae4f439118eea83|702
11653|cf2bfc0e02bff4e2fe8842763031b01c491a80f6bbfdfd6a64c2e8f356474d2d|231
11654|cf2bfc0e02bff4e2fe8842763031b01c491a80f6bbfdfd6a64c2e8f356474d2d|231
11655|3485a919ff3b9479790e569bce41a1b8478b9e39e0ca947d9f64f2d84955ec2c|486
11656|cc8d48b1da9f4f34d9a3ca7d1b88b80869877c5fb2f9b14d134eb1824e9d9aba|187
11657|b4254f654eff1908df0a5e09f40f08797effce1f0dca89b070f79cade25e8bd2|455
11658|c6c588dcd8d4e6d19ca1014398f61fa3be099bfe65d303217adedd7d6a031acb|414
11659|da2a1399a3952126a869c89ede3b21b0ceed4ebb726394487357b49aa5e0f5ba|20
11660|69f9cb7fe1d9878cb5b98abdabffcf7114e07e3fa4ee3bcd938ed0000aaf5e71|136
11661|de74f437b40b2584a19754a7fbcf748a1a99e35bd1fd17b58f37273cfea97190|251
11662|a4a7df405da20ba8919579f0ddd7f8718a1e3aed1a7ed49c7c2bb356857ad6e0|15
11663|56025bbe3045699eaf5f1e821783096acdea476db776051215843439d6cb18e9|18
11664|4858122e845e69f056ca798b6485fd5ebb24d00e957b116b5aef345a055b58ff|551
11665|7fe81450126c1c5af9d4a4ad691c09c828cd5b9fbca4eb6e0e02be451bd5a743|517
11666|e0b842b30d610f1f6455b0d5f3030aef478895c3e84c413a8006c296409f05ab|306
11667|6e913fcd79c4086959e0550e85cce977ca5cd993d31af04952d91f5cc5536961|78
11668|efba316683e35ea05b9c752dc9a9487833bed71f970e1d5d2529fb8497b67412|204
11669|814e105eaf45c180eb83c82f7f1ac16ba26bbc413e7bb6aa541e226f551e6c38|71
11670|3af8a967f0b29006b31e96d463cdb7ffb1c0d8b85287039b164a9e2905a88f2a|877
11671|c788fc894f93fcbdfb114ce00ed484dcad6338714fc0ceb1d78cc124b25ae9e9|192
11672|5a000c737b95149e2d0e97dae953e6152eb92ecd5938d38ee1de95568262f696|362
11673|a438c72feb320ad205979d189c2dee097b1988f7a3f3010ab80d23de61e952c3|389
11674|f594748de2f8f0c71fb101e86b57647c89c1dc6f3b1bc94500f00c6745bc768f|404
11675|6d0952f110ea06df7cbe44fb6bc97dd8d04ac77425419fb04d04def84312e919|826
11676|79832378799bc2f7bd00d9faa7f3ded31eb6369a189ae1f6c0590da1c48e196d|1124
11677|df384ac7b533871fadcb513c97675634e82090efd9a9399cc9322e6f145284d0|1190
11678|4988ab6fdf8ba36b817cb0ed01fcd4b8912ecedb7b1c0545e38c1912ae1463ac|443
11679|c09126569c39172ff12a04dccc97193e0f59a0eb4cdbbc5311a337a70afffb96|1094
11680|abd1af0c2269506eba9e1ca325b814471b4d427b845967f3aadf29718ac788bd|1350
11681|896cc7a354b0029f4ac768f0fb22b3c0e35b934197f52561755ac6d5ee8fe8e2|1190
11682|2aa07ebfaf03eed3dab97f941fef1720700d69e5a748727146841c49a69ff590|1163
11683|a875044de05d5e3a04a28346420165e2fee6a944e4bd2bc668a9c3a3f1043e59|944
11684|aa16c9204a75bcd530259ea2dd4c00510e48751b86fbac09f6217875eedeb093|1218
11685|4534e5f54d7b1289db2ca466b727d9c270fca48e407cfb4718d0be61127c2bba|1380
11686|3e4a4d243040912ce3edcfc58f99c1e843318eb997c695cc4ed8bbd37d372bad|1149
11687|e583107348abbcf9b69e1e78ff4b1fc6119e3bb75bb8c3e3bdf34a45e0093162|1295
11688|3e64c680d5290132aa4630b93839369b7ed5a1ae464b7f5898eb8232c658e118|1181
11689|c65985289059f83c9153bf3312d08577639fe5bfc7d2fc9b64db54dc12def8fc|842
11690|0a48325530685e7430ef38baae307daaf18da351b72d32b8698925cd30ab5c9b|434
11691|53295f97ac11d8633e13035081609ab3ba65d4d1ed2abc2d14b86ccafc65118c|707
11692|e07480d35f01d35ae1e9456bc4bf91b3ddbc93fe75da2db0da1ecc350fa88648|444
11693|03af23d2e1de0bd333960926fd36857727d5f30fc752f03dd761bbcf7915abea|691
11694|63c60349b9b0d7b9d3a0326134b07f26d2ec01b81e52fd0870f25a908714d8c3|44
11695|4df3509856885447ae20a84f2724e1afb2e0c7a57cf11b6a8b028ab4d2e7bc1f|569
11696|aa7efb8f10f8566fab4f34aced517637106ae7110e04e9716e89e898d2402c96|1182
11697|6dc4a65b91c154bbe99d3f58bf0ecf8500c29b923c6db85d6ab55e9ad4247bab|213
11698|add2e955343deccde4d34f161ad1b8e8c83977fc4d2353e2e3c352d271912a9c|377
11699|869aab3cea60b02731bb73808c2a47d3cb13db7d3aee0a926a337df1624ce4d0|223
11700|09e17c48ef853bddf0563fe925bfd8159dd32df82235aa49bf055cc0482214f2|1041
11701|66ec7130311c7c788f06e9cfc4494f4a3817e7a29165c26e75902e30bef7b53b|924
11702|6bb316d163c6c59413c8840c3c6b00b19580bd3410a76df686c29153c5c589f4|596
11703|1080321620d0e2a8ad8167c6bc3a053b5c99e28b27fd905acdf67aa8185ad812|837
11704|3453034ef9a8a064e1d6977a65ed127007bf6b6637225a2d98a3061363e641c2|891
11705|e39decc0a3155acc5a320fde023b41ada87edf3476da8f254fe11c80c5766aac|5
11706|271c24b0ae239d63caa363bdfc39885b478d2d75027319a7043f4eb8fb408b46|0
11707|b1831c0c84a7b67df8cd6ce8b2e951430232db73cb4977645c961f5fd9587e77|3
11708|147c6a48aa13d048eb91dcda685c9d7853a4955d4aac83637b8687d6e7e5669f|0
11709|967ef20f62ad2eff5c2e02a030a52ba1f848c809c387e3d2d0398a693e865849|1
11710|5107d72b8c66ebdb057ce15dab71c51be70b31b9a1022f934d539aba18f25a93|1
11711|5356b21d8c343894eaab795fa8f5ca4de01f25d1fdb025af2080566084287d36|0
11712|a6877112527c0d951bf3e8f8448d35da81cc7b8ed90b979fe1abf5c32837cec1|1
11713|15ef94ee0b9ef1e40cbba1c3934ee1a225a655da12de24b193489e8c8a28b06c|2
11714|0c37ecff65ed649a1b15fdd3191e05719c4f800fb9a9bb017466fdd886c8a9e2|0
11715|93142775a2591e39238d301f72609f811f58b7013c933fe52a0fc0dfa4d41d9c|0
11716|b1831c0c84a7b67df8cd6ce8b2e951430232db73cb4977645c961f5fd9587e77|3
11717|9eeae904518e70a10245b2839c3a1b1b62da3377613bfd316da3e8ae69613c21|0
11718|1e6eed5606ae6634fa0fafb7e6a4f1840d501756db1a8a5d5ca88664c79d125e|1
11719|e560dbab9a6664b5a25a01b28afc37ed78b836b1bd1c0d1cae09332f574114af|0
11720|a05c843074d8cd28c8566a02a57b5cc3673ffc7064b8b8dd4fa1d7a855123063|0
11721|c4bcc7f2ee8292c40d02c2d1fa277a3b54b7aa2ca5077b297873747eaea5f598|0
11722|e560dbab9a6664b5a25a01b28afc37ed78b836b1bd1c0d1cae09332f574114af|0
11723|a605d6847f8a19c702515665e68120100f9ba17633cf0946a86a0e88f4b9342e|0
11724|f3ed13be1be35b6dd4e1dc01958aa66a7034d1eb0c6d0dce0d9b98fcc3b15cdb|0
11725|cda1bcfc400298de5a7029a36911422334368d711c5926fec46b863d1ea84121|0
11726|a05c843074d8cd28c8566a02a57b5cc3673ffc7064b8b8dd4fa1d7a855123063|0
11727|d27353841e46c39178a2d53036803e3acc6ca8acfdad2bb3a2230c9cf1630a43|1
11728|f831df0c3c59d6cf9c028362c52684313ae34699905223d15c746aa48a1e53bc|1
11729|fb9440b26bcf2b5d02687914d62ffb9cfb89f8966d3b721cae8bce339ef16fb2|0
11730|1b167ae3d0a4ff739a30d774397d80cf2d3ca7d4eb5b410b6c0428d177ad1290|2
11731|b33f73682bfdd35b542cf25e0849da61367f0386d1978f8c68fd102e9b22dbe6|3
11732|a05c843074d8cd28c8566a02a57b5cc3673ffc7064b8b8dd4fa1d7a855123063|0
11733|b1831c0c84a7b67df8cd6ce8b2e951430232db73cb4977645c961f5fd9587e77|3
11734|b1831c0c84a7b67df8cd6ce8b2e951430232db73cb4977645c961f5fd9587e77|3
11735|8e6feb7a7c4095665c4b51bf74b753197370f18d1fdeddef5e9bc358c0b27684|780
11736|e6fa4a6bde66e43d1b33e5db4b2eb624f12fe98b6291e1a27f695a672efb92a9|668
11737|2c9eb5010eec2be88862d599b7d47de9330a820a4277edd3a2b55d5873c964ee|1034
11738|ebcd20dce8c747abfbad3a31b7ec6cab00ad8f627153867a5aa09350e45ffa98|3848
11739|824d0916d1afc3bd85d3786560017f3e40949dada55e2fab79599590cf6e4b08|2949
11740|977cfc540e256b4e2ebfff4e012a43b898941b3e25835c0e4b133425f5e41b54|1209
11741|59daf8d7c2c227f3c6d567e65eb7a433e4b402b3b40d0ed54c4e8dbfa6305601|604
11742|1cdc286a1f090abf92136bf2db28d98a974e0cdcbbc14bcbda34b9d233c77dc3|3839
11743|3a838b5009b0b53dd570ebc66fed753718216e2ca2979dead185f56e45af4f3f|1694
11744|146c0da11e35eec753fd4cc3fac871bc39cda080580c754f896b8ccac993c595|2182
11745|e0ee34d015d51e94e306dbdac8534a516119bd3c6d2a8419879283db24e6f437|440
11746|25eb3425b62d8a6ddbeaef6f8c428b50161484bcd9c7444690ecba47ad95daa3|1257
11747|dbbd9d1eb462865eb5237e5fb9f65bc5c0a645333a49ffe6f9f356199018c7a4|2945
11748|ba7d1d6c33986624aac7114cbe90b90635b1ecfe2fd5e52b2ce4063c026ce2c4|2478
11749|f36757e93ebf239860fc26eb8869c1c492482a6c95b5777d205c58298697313a|3275
11750|6e256e6f9fa6525acc043bbc460a4a68b9f3556fb5cf0c39934147ce82f685a2|2698
11751|1d88877b8132ef38f20ae3fbb46d22642b8f44c82675b207ed7c0b0ce898e03f|1161
11752|28d785e998a5433f805b755f61b59d3b2f5529cbeef55d20842e2f750d210483|1983
11753|499a40521ac982ca45ff7e1d16b0ef85ffb6ff18b0667c7c5171d6a817df5529|1793
11754|b4afcbe4e688b811074d9b2985cd945fa908866cc5a88cf6b6c46ace6fc2bf00|905
11755|31bbd296c2cfa1e39187ee7143e67c9043ce2190033c33548979478984a46bbb|1756
11756|0766177b91828dfc4c37405aa7db2dcab355462b147eace968d571a99d1ca48b|2823
11757|726dda325724de627a179f7441c6e189a027f931c6387962950a47365f4dfdf3|1821
11758|302d505dfcff5e0eff119c9f50de79c085f9aecaa70e82402d42ae10bf840768|3673
11759|b2d82702ae89e0bd0dc5803f839f3b26c9e1cf9c72703e1b96d9cb29fa2d29c0|3840
11760|18754db7ddd4941d22ac2fccacf325c48d3ab4994c99fe4adbf8144d718e27b8|3185
11761|e8bb8e3614a080ddf9e12313218263b9ee4f690b08dc1562bef13aab8ed98b45|528
11762|590724699e25a242fb4e8d773a9f83fc4dd73623f25b5a248a3d25b000010d7e|2072
11763|9ec195ebc542105310c3a830bf0be442622acf691ba68de855ccce173cc687e0|2504
11764|fd393f63a426cc1c7e0f2dc28b2359776dcd77dcce6c976bd94dac9d01302be1|2228
11765|85e380b22c7418e0993f9f97a044d934c9653262e5c214197d92663a75c31352|220
11766|f9da881e371c0c62e52651666e1118bc9ed8d8cea03a1546170f5d9314069f1c|220
11767|c2847a21763a8e1fbf52b7df46d58020ff790ada0fd648466db0e4249b2a54c3|220
11768|dffbdfdc6f36507e10ada816f656fd83f5cd59ef8d2d6b6a6ce002ca5d102769|220
11769|c767b43d62ee7a602bd0e0fed97bf6115625d344a5c674af011a1f2c8e02f8a7|220
11770|5f6a5537637474de395e48178ca9e1cff18b7728e21ca58a1477287e253b09b4|220
11771|4ec06f9069cdbc3d1215b816bb10021ca352691634f79a597f1b42fac7359b87|220
11772|435da02933ab73e22eeceb62d3f50c9c3a3ab83eea76fba0405479f2db6ee8a0|220
11773|ff10bd78741c23643d4a27f4aa6848e8fe87e59d84bcd9ee079859cb28560cc9|220
11774|caf19a625d6e47a6bb81dd7d95ae7ca7873148d10ef73f34ebd91362f1f1ed4f|220
11775|033674076c88b07df537725d3aa6bb8d0b8ca29dc856de374757deb1d2a5c5bc|220
11776|a25c9a80520fc40f7e46fed1f1e7be17ad336c7fb59e6c0184c59d2dd5d753d5|220
11777|77c081471e0ff269a01984f5ceb743e97a60bc9aa9e12f6fd480f4d5732650a4|220
11778|a5a786fdc864417af273821ba1ed4722b01a924d44a9339349e60e63edcadbac|220
11779|98882c9424f5da3cd44424f102de5dbc4b4f0f4ef2d3e299ff8eee17bec284b7|172
11780|dc33b6a7233fec609a90760a777aead9a6d86b36aa68e93cb51609f8ef543d3d|220
11781|c68c3d02e56405ff383f41698347395badedb26d63fd53e9c1818dab24c6af23|220
11782|46c518f58b1fdf0b059c2a446a4893a63aa4472a6b08d965c1f2206af58112b0|220
11783|113ebf4a852beba668468d1e7fe7f00345560fc88ad993c8486aafa690d0782e|220
11784|3b09174fabad54b854ff29c5af78a06b8e5a57a70d0d414d2f03e0e819958ba8|220
11785|f19c13eea65507bac4a43ae6bb2569c14176f37f28a6e4d6619630bceade9cfc|220
11786|6234d9b09c1cd7f38a877ddb88da233c6aa633022a59cc3c17a328ab9946278b|220
11787|71cda456654c588becb9a7590782fd110a263530847c53fdd9a0465b49d69603|220
11788|ddd49f7c2e313556424e0b64d773b1cbd67a80d84ad48150f04e60fda138bf50|220
11789|b682bcc5faae3aa8c1667192cc673c02c1c65a23c294ee1f4030a16a30a69413|220
11790|6b60e66e953eec5f5565e38c0c3ffbd193b57629679da1616015d26a44444aed|220
11791|afc727be30aa50fb0acd10f9aa4f017a342202651f8b6dab1a1bbd2583c8b5dc|220
11792|d2cd3f5c50f914d806ba1fbcdfd92a005fedb6453abab029c595dc86ad3cf483|220
11793|5870798e411f1527b9e2125a403315fe3bac2a74652a88483f1608b4bcf87a57|220
11794|d4f2067510880e0ee59015b8de871f93d38e2dd20d34b86fd83f313e8d3dea04|220
11795|0f2c2c6d6f2aea5b2d38df1d9f9bc4074562ad8ad309246f4056ee7095e7894a|220
11796|9abc069ee2fd73a8f604fc80cbc552988ba6638573573c65f8a641b96c827a28|220
11797|1a9173ed1fb85450d93f25cdc46034130223dd1b11a6d7936ea6a1e952d57bd0|220
11798|880fdd548b5005ffcaa769bed5217d120482a643c8ac1b6e57a123fcf01ee98e|220
11799|2a8d55d6380bba784dc98ba8e3ed804c68e4175a4e07bf648efbd1c0cedfbb5e|220
11800|a658afc52fa24e4f84aab2b013d1be5b36f8013d55a1319976d107b75a5b7b6f|220
11801|8daf1b7fc872e9b2d93230f23bbe4b6e2935739a506a3214d2898ca096e9bf02|220
11802|ba4a1f8db7c6084ffafb4788f6ea4e99b7943729d20afbc322bc47f3ed6f4f09|220
11803|d8247a7d3398f0de5bc94ab454fc44d48334caea04ff903fafb38b63460ac443|220
11804|dd3a82da8a0e25ec4a6af960d399607b06e6c12bd42e3523428cfab2d354f38b|220
11805|9097a5047e253f87358dc4e94718cd5cecc9b29b6309f8a3c53eb56b3422982d|220
11806|b7605a5618334f14e1784f6ffa16365407c7d43009f0f9f831ed8cef33f92d07|220
11807|590d804b6aac7b256552cb4caeb3077254dd962afbd2c48cd4b5f563b3b805dd|220
11808|b78fdbc500b9deb4b7a4812cd2f0f457a1a8bf8d447b67a71fcf2848bc443ed8|220
11809|038c06ff450738010aee402fcbf365e4d09caf2189eb68b38dc0cfec5adb900f|220
11810|0d3fdbc78567aa178256938d49f934c70e166a9856b168ceaebaa9c4f073a858|702
11811|9db9d8abd6a033d5339104510abdd1a1b326d6f0fb8d467de7a8fda1bb6e388c|49
11812|6cef2e6f649fbd3374f71d0aef9a076cb6a4340135f05fa9dc1fa73b6141128e|71
11813|9db9d8abd6a033d5339104510abdd1a1b326d6f0fb8d467de7a8fda1bb6e388c|49
11814|ed22c5b7d09fb467bcbea6a6e47b543edd7f1a8af967e099da48dbddbc307fbb|231
11815|ed22c5b7d09fb467bcbea6a6e47b543edd7f1a8af967e099da48dbddbc307fbb|231
11816|0d3fdbc78567aa178256938d49f934c70e166a9856b168ceaebaa9c4f073a858|702
11817|6cef2e6f649fbd3374f71d0aef9a076cb6a4340135f05fa9dc1fa73b6141128e|71
11818|6cef2e6f649fbd3374f71d0aef9a076cb6a4340135f05fa9dc1fa73b6141128e|71
11819|ed22c5b7d09fb467bcbea6a6e47b543edd7f1a8af967e099da48dbddbc307fbb|231
11820|9db9d8abd6a033d5339104510abdd1a1b326d6f0fb8d467de7a8fda1bb6e388c|49
11821|6cef2e6f649fbd3374f71d0aef9a076cb6a4340135f05fa9dc1fa73b6141128e|71
11822|9db9d8abd6a033d5339104510abdd1a1b326d6f0fb8d467de7a8fda1bb6e388c|49
11823|6cef2e6f649fbd3374f71d0aef9a076cb6a4340135f05fa9dc1fa73b6141128e|71
11824|9db9d8abd6a033d5339104510abdd1a1b326d6f0fb8d467de7a8fda1bb6e388c|49
11825|9db9d8abd6a033d5339104510abdd1a1b326d6f0fb8d467de7a8fda1bb6e388c|49
11826|9db9d8abd6a033d5339104510abdd1a1b326d6f0fb8d467de7a8fda1bb6e388c|49
11827|9db9d8abd6a033d5339104510abdd1a1b326d6f0fb8d467de7a8fda1bb6e388c|49
11828|0d3fdbc78567aa178256938d49f934c70e166a9856b168ceaebaa9c4f073a858|702
11829|9db9d8abd6a033d5339104510abdd1a1b326d6f0fb8d467de7a8fda1bb6e388c|49
11830|ed22c5b7d09fb467bcbea6a6e47b543edd7f1a8af967e099da48dbddbc307fbb|231
11831|ed22c5b7d09fb467bcbea6a6e47b543edd7f1a8af967e099da48dbddbc307fbb|231
11832|6cef2e6f649fbd3374f71d0aef9a076cb6a4340135f05fa9dc1fa73b6141128e|71
11833|9db9d8abd6a033d5339104510abdd1a1b326d6f0fb8d467de7a8fda1bb6e388c|49
11834|9db9d8abd6a033d5339104510abdd1a1b326d6f0fb8d467de7a8fda1bb6e388c|49
11835|6cef2e6f649fbd3374f71d0aef9a076cb6a4340135f05fa9dc1fa73b6141128e|71
11836|0d3fdbc78567aa178256938d49f934c70e166a9856b168ceaebaa9c4f073a858|702
11837|9db9d8abd6a033d5339104510abdd1a1b326d6f0fb8d467de7a8fda1bb6e388c|49
11838|6cef2e6f649fbd3374f71d0aef9a076cb6a4340135f05fa9dc1fa73b6141128e|71
11839|0d3fdbc78567aa178256938d49f934c70e166a9856b168ceaebaa9c4f073a858|702
