/Users/Shared/micah/Documents/TNN/TNN/Research/R33_FINAL_INTEGRATION_20260915T2145Z/v73:
(__TEXT,__text) section
0000000100001000	mov	x27, x1
0000000100001004	sub	x27, x27, #0x8
0000000100001008	bl	0x1000167f4
000000010000100c	mov	x16, #0x1
0000000100001010	svc	#0x80
0000000100001014	b.lo	0x10000101c
0000000100001018	neg	x0, x0
000000010000101c	sub	sp, sp, #0x20
0000000100001020	str	x29, [sp]
0000000100001024	str	x30, [sp, #0x8]
0000000100001028	str	x28, [sp, #0x10]
000000010000102c	mov	x29, sp
0000000100001030	sub	sp, sp, #0x1e0
0000000100001034	mov	x28, sp
0000000100001038	stur	x0, [x29, #-0x8]
000000010000103c	stur	x8, [x29, #-0x10]
0000000100001040	ldur	x0, [x29, #-0x8]
0000000100001044	str	x0, [x28]
0000000100001048	add	x28, x28, #0x8
000000010000104c	mov	x0, #0x1
0000000100001050	str	x0, [x28]
0000000100001054	add	x28, x28, #0x8
0000000100001058	sub	x28, x28, #0x8
000000010000105c	ldr	x1, [x28]
0000000100001060	sub	x28, x28, #0x8
0000000100001064	ldr	x0, [x28]
0000000100001068	cmp	x0, x1
000000010000106c	b.ge	0x100001078
0000000100001070	mov	x0, #0x1
0000000100001074	b	0x10000107c
0000000100001078	mov	x0, #0x0
000000010000107c	str	x0, [x28]
0000000100001080	add	x28, x28, #0x8
0000000100001084	sub	x28, x28, #0x8
0000000100001088	ldr	x0, [x28]
000000010000108c	cmp	x0, #0x0
0000000100001090	b.ne	0x1000010f4
0000000100001094	ldur	x0, [x29, #-0x8]
0000000100001098	str	x0, [x28]
000000010000109c	add	x28, x28, #0x8
00000001000010a0	mov	x0, #0x0
00000001000010a4	movk	x0, #0x200, lsl #16
00000001000010a8	str	x0, [x28]
00000001000010ac	add	x28, x28, #0x8
00000001000010b0	sub	x28, x28, #0x8
00000001000010b4	ldr	x1, [x28]
00000001000010b8	sub	x28, x28, #0x8
00000001000010bc	ldr	x0, [x28]
00000001000010c0	cmp	x0, x1
00000001000010c4	b.le	0x1000010d0
00000001000010c8	mov	x0, #0x1
00000001000010cc	b	0x1000010d4
00000001000010d0	mov	x0, #0x0
00000001000010d4	str	x0, [x28]
00000001000010d8	add	x28, x28, #0x8
00000001000010dc	sub	x28, x28, #0x8
00000001000010e0	ldr	x0, [x28]
00000001000010e4	cmp	x0, #0x0
00000001000010e8	b.ne	0x1000010f4
00000001000010ec	mov	x0, #0x0
00000001000010f0	b	0x1000010f8
00000001000010f4	mov	x0, #0x1
00000001000010f8	str	x0, [x28]
00000001000010fc	add	x28, x28, #0x8
0000000100001100	sub	x28, x28, #0x8
0000000100001104	ldr	x0, [x28]
0000000100001108	cmp	x0, #0x0
000000010000110c	b.eq	0x10000115c
0000000100001110	adrp	x0, 23 ; 0x100018000
0000000100001114	add	x0, x0, #0x10
0000000100001118	stur	x0, [x29, #-0x20]
000000010000111c	mov	x0, #0x0
0000000100001120	stur	x0, [x29, #-0x18]
0000000100001124	mov	x0, x29
0000000100001128	sub	x0, x0, #0x20
000000010000112c	str	x0, [x28]
0000000100001130	add	x28, x28, #0x8
0000000100001134	sub	x28, x28, #0x8
0000000100001138	ldr	x11, [x28]
000000010000113c	ldur	x10, [x29, #-0x10]
0000000100001140	ldr	x9, [x11]
0000000100001144	str	x9, [x10]
0000000100001148	ldr	x9, [x11, #0x8]
000000010000114c	str	x9, [x10, #0x8]
0000000100001150	mov	x0, x10
0000000100001154	b	0x10000141c
0000000100001158	b	0x10000115c
000000010000115c	ldur	x0, [x29, #-0x8]
0000000100001160	str	x0, [x28]
0000000100001164	add	x28, x28, #0x8
0000000100001168	sub	x28, x28, #0x8
000000010000116c	ldr	x0, [x28]
0000000100001170	bl	0x100017aa0
0000000100001174	str	x0, [x28]
0000000100001178	add	x28, x28, #0x8
000000010000117c	sub	x28, x28, #0x8
0000000100001180	ldr	x0, [x28]
0000000100001184	stur	x0, [x29, #-0x28]
0000000100001188	ldur	x0, [x29, #-0x28]
000000010000118c	str	x0, [x28]
0000000100001190	add	x28, x28, #0x8
0000000100001194	mov	x0, #0x0
0000000100001198	str	x0, [x28]
000000010000119c	add	x28, x28, #0x8
00000001000011a0	sub	x28, x28, #0x8
00000001000011a4	ldr	x1, [x28]
00000001000011a8	sub	x28, x28, #0x8
00000001000011ac	ldr	x0, [x28]
00000001000011b0	cmp	x0, x1
00000001000011b4	b.ne	0x1000011c0
00000001000011b8	mov	x0, #0x1
00000001000011bc	b	0x1000011c4
00000001000011c0	mov	x0, #0x0
00000001000011c4	str	x0, [x28]
00000001000011c8	add	x28, x28, #0x8
00000001000011cc	sub	x28, x28, #0x8
00000001000011d0	ldr	x0, [x28]
00000001000011d4	cmp	x0, #0x0
00000001000011d8	b.eq	0x100001228
00000001000011dc	adrp	x0, 23 ; 0x100018000
00000001000011e0	add	x0, x0, #0x10
00000001000011e4	stur	x0, [x29, #-0x38]
00000001000011e8	mov	x0, #0x0
00000001000011ec	stur	x0, [x29, #-0x30]
00000001000011f0	mov	x0, x29
00000001000011f4	sub	x0, x0, #0x38
00000001000011f8	str	x0, [x28]
00000001000011fc	add	x28, x28, #0x8
0000000100001200	sub	x28, x28, #0x8
0000000100001204	ldr	x11, [x28]
0000000100001208	ldur	x10, [x29, #-0x10]
000000010000120c	ldr	x9, [x11]
0000000100001210	str	x9, [x10]
0000000100001214	ldr	x9, [x11, #0x8]
0000000100001218	str	x9, [x10, #0x8]
000000010000121c	mov	x0, x10
0000000100001220	b	0x10000141c
0000000100001224	b	0x100001228
0000000100001228	ldur	x0, [x29, #-0x28]
000000010000122c	str	x0, [x28]
0000000100001230	add	x28, x28, #0x8
0000000100001234	mov	x0, #0x0
0000000100001238	str	x0, [x28]
000000010000123c	add	x28, x28, #0x8
0000000100001240	ldur	x0, [x29, #-0x8]
0000000100001244	str	x0, [x28]
0000000100001248	add	x28, x28, #0x8
000000010000124c	sub	x28, x28, #0x8
0000000100001250	ldr	x13, [x28]
0000000100001254	sub	x28, x28, #0x8
0000000100001258	ldr	x12, [x28]
000000010000125c	sub	x28, x28, #0x8
0000000100001260	ldr	x10, [x28]
0000000100001264	mov	x0, x10
0000000100001268	mov	x9, #0x1
000000010000126c	mul	x11, x12, x9
0000000100001270	add	x0, x0, x11
0000000100001274	sub	x13, x13, x12
0000000100001278	stur	x0, [x29, #-0x58]
000000010000127c	stur	x13, [x29, #-0x50]
0000000100001280	mov	x0, x29
0000000100001284	sub	x0, x0, #0x58
0000000100001288	str	x0, [x28]
000000010000128c	add	x28, x28, #0x8
0000000100001290	sub	x28, x28, #0x8
0000000100001294	ldr	x11, [x28]
0000000100001298	mov	x10, x29
000000010000129c	sub	x10, x10, #0x48
00000001000012a0	ldr	x9, [x11]
00000001000012a4	str	x9, [x10]
00000001000012a8	ldr	x9, [x11, #0x8]
00000001000012ac	str	x9, [x10, #0x8]
00000001000012b0	mov	x0, #0x0
00000001000012b4	str	x0, [x28]
00000001000012b8	add	x28, x28, #0x8
00000001000012bc	sub	x28, x28, #0x8
00000001000012c0	ldr	x0, [x28]
00000001000012c4	stur	x0, [x29, #-0x60]
00000001000012c8	ldur	x0, [x29, #-0x60]
00000001000012cc	str	x0, [x28]
00000001000012d0	add	x28, x28, #0x8
00000001000012d4	ldur	x0, [x29, #-0x8]
00000001000012d8	str	x0, [x28]
00000001000012dc	add	x28, x28, #0x8
00000001000012e0	sub	x28, x28, #0x8
00000001000012e4	ldr	x1, [x28]
00000001000012e8	sub	x28, x28, #0x8
00000001000012ec	ldr	x0, [x28]
00000001000012f0	cmp	x0, x1
00000001000012f4	b.ge	0x100001300
00000001000012f8	mov	x0, #0x1
00000001000012fc	b	0x100001304
0000000100001300	mov	x0, #0x0
0000000100001304	str	x0, [x28]
0000000100001308	add	x28, x28, #0x8
000000010000130c	sub	x28, x28, #0x8
0000000100001310	ldr	x0, [x28]
0000000100001314	cmp	x0, #0x0
0000000100001318	b.eq	0x1000013e8
000000010000131c	mov	x0, x29
0000000100001320	sub	x0, x0, #0x48
0000000100001324	str	x0, [x28]
0000000100001328	add	x28, x28, #0x8
000000010000132c	sub	x28, x28, #0x8
0000000100001330	ldr	x0, [x28]
0000000100001334	ldr	x0, [x0]
0000000100001338	str	x0, [x28]
000000010000133c	add	x28, x28, #0x8
0000000100001340	ldur	x0, [x29, #-0x60]
0000000100001344	str	x0, [x28]
0000000100001348	add	x28, x28, #0x8
000000010000134c	sub	x28, x28, #0x8
0000000100001350	ldr	x1, [x28]
0000000100001354	sub	x28, x28, #0x8
0000000100001358	ldr	x0, [x28]
000000010000135c	add	x0, x0, x1
0000000100001360	str	x0, [x28]
0000000100001364	add	x28, x28, #0x8
0000000100001368	mov	x0, #0x0
000000010000136c	str	x0, [x28]
0000000100001370	add	x28, x28, #0x8
0000000100001374	sub	x28, x28, #0x8
0000000100001378	ldr	x0, [x28]
000000010000137c	sub	x28, x28, #0x8
0000000100001380	ldr	x10, [x28]
0000000100001384	strb	w0, [x10]
0000000100001388	mov	x0, x29
000000010000138c	sub	x0, x0, #0x60
0000000100001390	str	x0, [x28]
0000000100001394	add	x28, x28, #0x8
0000000100001398	ldur	x0, [x29, #-0x60]
000000010000139c	str	x0, [x28]
00000001000013a0	add	x28, x28, #0x8
00000001000013a4	mov	x0, #0x1
00000001000013a8	str	x0, [x28]
00000001000013ac	add	x28, x28, #0x8
00000001000013b0	sub	x28, x28, #0x8
00000001000013b4	ldr	x1, [x28]
00000001000013b8	sub	x28, x28, #0x8
00000001000013bc	ldr	x0, [x28]
00000001000013c0	add	x0, x0, x1
00000001000013c4	sxtw	x0, w0
00000001000013c8	str	x0, [x28]
00000001000013cc	add	x28, x28, #0x8
00000001000013d0	sub	x28, x28, #0x8
00000001000013d4	ldr	x0, [x28]
00000001000013d8	sub	x28, x28, #0x8
00000001000013dc	ldr	x10, [x28]
00000001000013e0	str	x0, [x10]
00000001000013e4	b	0x1000012c8
00000001000013e8	mov	x0, x29
00000001000013ec	sub	x0, x0, #0x48
00000001000013f0	str	x0, [x28]
00000001000013f4	add	x28, x28, #0x8
00000001000013f8	sub	x28, x28, #0x8
00000001000013fc	ldr	x11, [x28]
0000000100001400	ldur	x10, [x29, #-0x10]
0000000100001404	ldr	x9, [x11]
0000000100001408	str	x9, [x10]
000000010000140c	ldr	x9, [x11, #0x8]
0000000100001410	str	x9, [x10, #0x8]
0000000100001414	mov	x0, x10
0000000100001418	b	0x10000141c
000000010000141c	mov	sp, x29
0000000100001420	ldr	x29, [sp]
0000000100001424	ldr	x30, [sp, #0x8]
0000000100001428	ldr	x28, [sp, #0x10]
000000010000142c	add	sp, sp, #0x20
0000000100001430	ret
0000000100001434	sub	sp, sp, #0x20
0000000100001438	str	x29, [sp]
000000010000143c	str	x30, [sp, #0x8]
0000000100001440	str	x28, [sp, #0x10]
0000000100001444	mov	x29, sp
0000000100001448	sub	sp, sp, #0x190
000000010000144c	mov	x28, sp
0000000100001450	stur	x0, [x29, #-0x8]
0000000100001454	ldur	x0, [x29, #-0x8]
0000000100001458	str	x0, [x28]
000000010000145c	add	x28, x28, #0x8
0000000100001460	sub	x28, x28, #0x8
0000000100001464	ldr	x10, [x28]
0000000100001468	ldr	x0, [x10, #0x8]
000000010000146c	str	x0, [x28]
0000000100001470	add	x28, x28, #0x8
0000000100001474	mov	x0, #0x0
0000000100001478	str	x0, [x28]
000000010000147c	add	x28, x28, #0x8
0000000100001480	sub	x28, x28, #0x8
0000000100001484	ldr	x1, [x28]
0000000100001488	sub	x28, x28, #0x8
000000010000148c	ldr	x0, [x28]
0000000100001490	cmp	x0, x1
0000000100001494	b.le	0x1000014a0
0000000100001498	mov	x0, #0x1
000000010000149c	b	0x1000014a4
00000001000014a0	mov	x0, #0x0
00000001000014a4	str	x0, [x28]
00000001000014a8	add	x28, x28, #0x8
00000001000014ac	sub	x28, x28, #0x8
00000001000014b0	ldr	x0, [x28]
00000001000014b4	cmp	x0, #0x0
00000001000014b8	b.eq	0x1000014fc
00000001000014bc	ldur	x0, [x29, #-0x8]
00000001000014c0	str	x0, [x28]
00000001000014c4	add	x28, x28, #0x8
00000001000014c8	sub	x28, x28, #0x8
00000001000014cc	ldr	x10, [x28]
00000001000014d0	ldr	x0, [x10]
00000001000014d4	str	x0, [x28]
00000001000014d8	add	x28, x28, #0x8
00000001000014dc	sub	x28, x28, #0x8
00000001000014e0	ldr	x0, [x28]
00000001000014e4	mov	x0, #0x0
00000001000014e8	str	x0, [x28]
00000001000014ec	add	x28, x28, #0x8
00000001000014f0	sub	x28, x28, #0x8
00000001000014f4	ldr	x0, [x28]
00000001000014f8	b	0x1000014fc
00000001000014fc	mov	sp, x29
0000000100001500	ldr	x29, [sp]
0000000100001504	ldr	x30, [sp, #0x8]
0000000100001508	ldr	x28, [sp, #0x10]
000000010000150c	add	sp, sp, #0x20
0000000100001510	ret
0000000100001514	sub	sp, sp, #0x20
0000000100001518	str	x29, [sp]
000000010000151c	str	x30, [sp, #0x8]
0000000100001520	str	x28, [sp, #0x10]
0000000100001524	mov	x29, sp
0000000100001528	sub	sp, sp, #0x1a0
000000010000152c	mov	x28, sp
0000000100001530	stur	x0, [x29, #-0x8]
0000000100001534	stur	x1, [x29, #-0x10]
0000000100001538	ldur	x0, [x29, #-0x8]
000000010000153c	str	x0, [x28]
0000000100001540	add	x28, x28, #0x8
0000000100001544	sub	x28, x28, #0x8
0000000100001548	ldr	x10, [x28]
000000010000154c	ldr	x0, [x10, #0x8]
0000000100001550	str	x0, [x28]
0000000100001554	add	x28, x28, #0x8
0000000100001558	ldur	x0, [x29, #-0x10]
000000010000155c	str	x0, [x28]
0000000100001560	add	x28, x28, #0x8
0000000100001564	sub	x28, x28, #0x8
0000000100001568	ldr	x10, [x28]
000000010000156c	ldr	x0, [x10, #0x8]
0000000100001570	str	x0, [x28]
0000000100001574	add	x28, x28, #0x8
0000000100001578	sub	x28, x28, #0x8
000000010000157c	ldr	x1, [x28]
0000000100001580	sub	x28, x28, #0x8
0000000100001584	ldr	x0, [x28]
0000000100001588	cmp	x0, x1
000000010000158c	b.eq	0x100001598
0000000100001590	mov	x0, #0x1
0000000100001594	b	0x10000159c
0000000100001598	mov	x0, #0x0
000000010000159c	str	x0, [x28]
00000001000015a0	add	x28, x28, #0x8
00000001000015a4	sub	x28, x28, #0x8
00000001000015a8	ldr	x0, [x28]
00000001000015ac	cmp	x0, #0x0
00000001000015b0	b.eq	0x1000015d0
00000001000015b4	mov	x0, #0x0
00000001000015b8	str	x0, [x28]
00000001000015bc	add	x28, x28, #0x8
00000001000015c0	sub	x28, x28, #0x8
00000001000015c4	ldr	x0, [x28]
00000001000015c8	b	0x1000017d8
00000001000015cc	b	0x1000015d0
00000001000015d0	mov	x0, #0x0
00000001000015d4	str	x0, [x28]
00000001000015d8	add	x28, x28, #0x8
00000001000015dc	sub	x28, x28, #0x8
00000001000015e0	ldr	x0, [x28]
00000001000015e4	stur	x0, [x29, #-0x18]
00000001000015e8	ldur	x0, [x29, #-0x18]
00000001000015ec	str	x0, [x28]
00000001000015f0	add	x28, x28, #0x8
00000001000015f4	ldur	x0, [x29, #-0x8]
00000001000015f8	str	x0, [x28]
00000001000015fc	add	x28, x28, #0x8
0000000100001600	sub	x28, x28, #0x8
0000000100001604	ldr	x10, [x28]
0000000100001608	ldr	x0, [x10, #0x8]
000000010000160c	str	x0, [x28]
0000000100001610	add	x28, x28, #0x8
0000000100001614	sub	x28, x28, #0x8
0000000100001618	ldr	x1, [x28]
000000010000161c	sub	x28, x28, #0x8
0000000100001620	ldr	x0, [x28]
0000000100001624	cmp	x0, x1
0000000100001628	b.ge	0x100001634
000000010000162c	mov	x0, #0x1
0000000100001630	b	0x100001638
0000000100001634	mov	x0, #0x0
0000000100001638	str	x0, [x28]
000000010000163c	add	x28, x28, #0x8
0000000100001640	sub	x28, x28, #0x8
0000000100001644	ldr	x0, [x28]
0000000100001648	cmp	x0, #0x0
000000010000164c	b.eq	0x1000017c0
0000000100001650	ldur	x0, [x29, #-0x8]
0000000100001654	str	x0, [x28]
0000000100001658	add	x28, x28, #0x8
000000010000165c	sub	x28, x28, #0x8
0000000100001660	ldr	x0, [x28]
0000000100001664	ldr	x0, [x0]
0000000100001668	str	x0, [x28]
000000010000166c	add	x28, x28, #0x8
0000000100001670	ldur	x0, [x29, #-0x18]
0000000100001674	str	x0, [x28]
0000000100001678	add	x28, x28, #0x8
000000010000167c	sub	x28, x28, #0x8
0000000100001680	ldr	x1, [x28]
0000000100001684	sub	x28, x28, #0x8
0000000100001688	ldr	x0, [x28]
000000010000168c	add	x0, x0, x1
0000000100001690	str	x0, [x28]
0000000100001694	add	x28, x28, #0x8
0000000100001698	sub	x28, x28, #0x8
000000010000169c	ldr	x10, [x28]
00000001000016a0	ldrb	w0, [x10]
00000001000016a4	str	x0, [x28]
00000001000016a8	add	x28, x28, #0x8
00000001000016ac	ldur	x0, [x29, #-0x10]
00000001000016b0	str	x0, [x28]
00000001000016b4	add	x28, x28, #0x8
00000001000016b8	sub	x28, x28, #0x8
00000001000016bc	ldr	x0, [x28]
00000001000016c0	ldr	x0, [x0]
00000001000016c4	str	x0, [x28]
00000001000016c8	add	x28, x28, #0x8
00000001000016cc	ldur	x0, [x29, #-0x18]
00000001000016d0	str	x0, [x28]
00000001000016d4	add	x28, x28, #0x8
00000001000016d8	sub	x28, x28, #0x8
00000001000016dc	ldr	x1, [x28]
00000001000016e0	sub	x28, x28, #0x8
00000001000016e4	ldr	x0, [x28]
00000001000016e8	add	x0, x0, x1
00000001000016ec	str	x0, [x28]
00000001000016f0	add	x28, x28, #0x8
00000001000016f4	sub	x28, x28, #0x8
00000001000016f8	ldr	x10, [x28]
00000001000016fc	ldrb	w0, [x10]
0000000100001700	str	x0, [x28]
0000000100001704	add	x28, x28, #0x8
0000000100001708	sub	x28, x28, #0x8
000000010000170c	ldr	x1, [x28]
0000000100001710	sub	x28, x28, #0x8
0000000100001714	ldr	x0, [x28]
0000000100001718	cmp	x0, x1
000000010000171c	b.eq	0x100001728
0000000100001720	mov	x0, #0x1
0000000100001724	b	0x10000172c
0000000100001728	mov	x0, #0x0
000000010000172c	str	x0, [x28]
0000000100001730	add	x28, x28, #0x8
0000000100001734	sub	x28, x28, #0x8
0000000100001738	ldr	x0, [x28]
000000010000173c	cmp	x0, #0x0
0000000100001740	b.eq	0x100001760
0000000100001744	mov	x0, #0x0
0000000100001748	str	x0, [x28]
000000010000174c	add	x28, x28, #0x8
0000000100001750	sub	x28, x28, #0x8
0000000100001754	ldr	x0, [x28]
0000000100001758	b	0x1000017d8
000000010000175c	b	0x100001760
0000000100001760	mov	x0, x29
0000000100001764	sub	x0, x0, #0x18
0000000100001768	str	x0, [x28]
000000010000176c	add	x28, x28, #0x8
0000000100001770	ldur	x0, [x29, #-0x18]
0000000100001774	str	x0, [x28]
0000000100001778	add	x28, x28, #0x8
000000010000177c	mov	x0, #0x1
0000000100001780	str	x0, [x28]
0000000100001784	add	x28, x28, #0x8
0000000100001788	sub	x28, x28, #0x8
000000010000178c	ldr	x1, [x28]
0000000100001790	sub	x28, x28, #0x8
0000000100001794	ldr	x0, [x28]
0000000100001798	add	x0, x0, x1
000000010000179c	sxtw	x0, w0
00000001000017a0	str	x0, [x28]
00000001000017a4	add	x28, x28, #0x8
00000001000017a8	sub	x28, x28, #0x8
00000001000017ac	ldr	x0, [x28]
00000001000017b0	sub	x28, x28, #0x8
00000001000017b4	ldr	x10, [x28]
00000001000017b8	str	x0, [x10]
00000001000017bc	b	0x1000015e8
00000001000017c0	mov	x0, #0x1
00000001000017c4	str	x0, [x28]
00000001000017c8	add	x28, x28, #0x8
00000001000017cc	sub	x28, x28, #0x8
00000001000017d0	ldr	x0, [x28]
00000001000017d4	b	0x1000017d8
00000001000017d8	mov	sp, x29
00000001000017dc	ldr	x29, [sp]
00000001000017e0	ldr	x30, [sp, #0x8]
00000001000017e4	ldr	x28, [sp, #0x10]
00000001000017e8	add	sp, sp, #0x20
00000001000017ec	ret
00000001000017f0	sub	sp, sp, #0x20
00000001000017f4	str	x29, [sp]
00000001000017f8	str	x30, [sp, #0x8]
00000001000017fc	str	x28, [sp, #0x10]
0000000100001800	mov	x29, sp
0000000100001804	sub	sp, sp, #0x1e0
0000000100001808	mov	x28, sp
000000010000180c	stur	x0, [x29, #-0x8]
0000000100001810	stur	x8, [x29, #-0x10]
0000000100001814	ldur	x0, [x29, #-0x8]
0000000100001818	str	x0, [x28]
000000010000181c	add	x28, x28, #0x8
0000000100001820	sub	x28, x28, #0x8
0000000100001824	ldr	x10, [x28]
0000000100001828	ldr	x0, [x10, #0x8]
000000010000182c	str	x0, [x28]
0000000100001830	add	x28, x28, #0x8
0000000100001834	mov	x0, #0x1
0000000100001838	str	x0, [x28]
000000010000183c	add	x28, x28, #0x8
0000000100001840	sub	x28, x28, #0x8
0000000100001844	ldr	x1, [x28]
0000000100001848	sub	x28, x28, #0x8
000000010000184c	ldr	x0, [x28]
0000000100001850	cmp	x0, x1
0000000100001854	b.ge	0x100001860
0000000100001858	mov	x0, #0x1
000000010000185c	b	0x100001864
0000000100001860	mov	x0, #0x0
0000000100001864	str	x0, [x28]
0000000100001868	add	x28, x28, #0x8
000000010000186c	sub	x28, x28, #0x8
0000000100001870	ldr	x0, [x28]
0000000100001874	cmp	x0, #0x0
0000000100001878	b.ne	0x1000018ec
000000010000187c	ldur	x0, [x29, #-0x8]
0000000100001880	str	x0, [x28]
0000000100001884	add	x28, x28, #0x8
0000000100001888	sub	x28, x28, #0x8
000000010000188c	ldr	x10, [x28]
0000000100001890	ldr	x0, [x10, #0x8]
0000000100001894	str	x0, [x28]
0000000100001898	add	x28, x28, #0x8
000000010000189c	mov	x0, #0xfff
00000001000018a0	str	x0, [x28]
00000001000018a4	add	x28, x28, #0x8
00000001000018a8	sub	x28, x28, #0x8
00000001000018ac	ldr	x1, [x28]
00000001000018b0	sub	x28, x28, #0x8
00000001000018b4	ldr	x0, [x28]
00000001000018b8	cmp	x0, x1
00000001000018bc	b.le	0x1000018c8
00000001000018c0	mov	x0, #0x1
00000001000018c4	b	0x1000018cc
00000001000018c8	mov	x0, #0x0
00000001000018cc	str	x0, [x28]
00000001000018d0	add	x28, x28, #0x8
00000001000018d4	sub	x28, x28, #0x8
00000001000018d8	ldr	x0, [x28]
00000001000018dc	cmp	x0, #0x0
00000001000018e0	b.ne	0x1000018ec
00000001000018e4	mov	x0, #0x0
00000001000018e8	b	0x1000018f0
00000001000018ec	mov	x0, #0x1
00000001000018f0	str	x0, [x28]
00000001000018f4	add	x28, x28, #0x8
00000001000018f8	sub	x28, x28, #0x8
00000001000018fc	ldr	x0, [x28]
0000000100001900	cmp	x0, #0x0
0000000100001904	b.eq	0x100001954
0000000100001908	adrp	x0, 23 ; 0x100018000
000000010000190c	add	x0, x0, #0x10
0000000100001910	stur	x0, [x29, #-0x20]
0000000100001914	mov	x0, #0x0
0000000100001918	stur	x0, [x29, #-0x18]
000000010000191c	mov	x0, x29
0000000100001920	sub	x0, x0, #0x20
0000000100001924	str	x0, [x28]
0000000100001928	add	x28, x28, #0x8
000000010000192c	sub	x28, x28, #0x8
0000000100001930	ldr	x11, [x28]
0000000100001934	ldur	x10, [x29, #-0x10]
0000000100001938	ldr	x9, [x11]
000000010000193c	str	x9, [x10]
0000000100001940	ldr	x9, [x11, #0x8]
0000000100001944	str	x9, [x10, #0x8]
0000000100001948	mov	x0, x10
000000010000194c	b	0x100001e34
0000000100001950	b	0x100001954
0000000100001954	mov	x0, #0x0
0000000100001958	str	x0, [x28]
000000010000195c	add	x28, x28, #0x8
0000000100001960	sub	x28, x28, #0x8
0000000100001964	ldr	x0, [x28]
0000000100001968	stur	x0, [x29, #-0x28]
000000010000196c	ldur	x0, [x29, #-0x28]
0000000100001970	str	x0, [x28]
0000000100001974	add	x28, x28, #0x8
0000000100001978	ldur	x0, [x29, #-0x8]
000000010000197c	str	x0, [x28]
0000000100001980	add	x28, x28, #0x8
0000000100001984	sub	x28, x28, #0x8
0000000100001988	ldr	x10, [x28]
000000010000198c	ldr	x0, [x10, #0x8]
0000000100001990	str	x0, [x28]
0000000100001994	add	x28, x28, #0x8
0000000100001998	sub	x28, x28, #0x8
000000010000199c	ldr	x1, [x28]
00000001000019a0	sub	x28, x28, #0x8
00000001000019a4	ldr	x0, [x28]
00000001000019a8	cmp	x0, x1
00000001000019ac	b.ge	0x1000019b8
00000001000019b0	mov	x0, #0x1
00000001000019b4	b	0x1000019bc
00000001000019b8	mov	x0, #0x0
00000001000019bc	str	x0, [x28]
00000001000019c0	add	x28, x28, #0x8
00000001000019c4	sub	x28, x28, #0x8
00000001000019c8	ldr	x0, [x28]
00000001000019cc	cmp	x0, #0x0
00000001000019d0	b.eq	0x100001b24
00000001000019d4	ldur	x0, [x29, #-0x8]
00000001000019d8	str	x0, [x28]
00000001000019dc	add	x28, x28, #0x8
00000001000019e0	sub	x28, x28, #0x8
00000001000019e4	ldr	x0, [x28]
00000001000019e8	ldr	x0, [x0]
00000001000019ec	str	x0, [x28]
00000001000019f0	add	x28, x28, #0x8
00000001000019f4	ldur	x0, [x29, #-0x28]
00000001000019f8	str	x0, [x28]
00000001000019fc	add	x28, x28, #0x8
0000000100001a00	sub	x28, x28, #0x8
0000000100001a04	ldr	x1, [x28]
0000000100001a08	sub	x28, x28, #0x8
0000000100001a0c	ldr	x0, [x28]
0000000100001a10	add	x0, x0, x1
0000000100001a14	str	x0, [x28]
0000000100001a18	add	x28, x28, #0x8
0000000100001a1c	sub	x28, x28, #0x8
0000000100001a20	ldr	x10, [x28]
0000000100001a24	ldrb	w0, [x10]
0000000100001a28	str	x0, [x28]
0000000100001a2c	add	x28, x28, #0x8
0000000100001a30	mov	x0, #0x0
0000000100001a34	str	x0, [x28]
0000000100001a38	add	x28, x28, #0x8
0000000100001a3c	sub	x28, x28, #0x8
0000000100001a40	ldr	x1, [x28]
0000000100001a44	sub	x28, x28, #0x8
0000000100001a48	ldr	x0, [x28]
0000000100001a4c	cmp	x0, x1
0000000100001a50	b.ne	0x100001a5c
0000000100001a54	mov	x0, #0x1
0000000100001a58	b	0x100001a60
0000000100001a5c	mov	x0, #0x0
0000000100001a60	str	x0, [x28]
0000000100001a64	add	x28, x28, #0x8
0000000100001a68	sub	x28, x28, #0x8
0000000100001a6c	ldr	x0, [x28]
0000000100001a70	cmp	x0, #0x0
0000000100001a74	b.eq	0x100001ac4
0000000100001a78	adrp	x0, 23 ; 0x100018000
0000000100001a7c	add	x0, x0, #0x10
0000000100001a80	stur	x0, [x29, #-0x38]
0000000100001a84	mov	x0, #0x0
0000000100001a88	stur	x0, [x29, #-0x30]
0000000100001a8c	mov	x0, x29
0000000100001a90	sub	x0, x0, #0x38
0000000100001a94	str	x0, [x28]
0000000100001a98	add	x28, x28, #0x8
0000000100001a9c	sub	x28, x28, #0x8
0000000100001aa0	ldr	x11, [x28]
0000000100001aa4	ldur	x10, [x29, #-0x10]
0000000100001aa8	ldr	x9, [x11]
0000000100001aac	str	x9, [x10]
0000000100001ab0	ldr	x9, [x11, #0x8]
0000000100001ab4	str	x9, [x10, #0x8]
0000000100001ab8	mov	x0, x10
0000000100001abc	b	0x100001e34
0000000100001ac0	b	0x100001ac4
0000000100001ac4	mov	x0, x29
0000000100001ac8	sub	x0, x0, #0x28
0000000100001acc	str	x0, [x28]
0000000100001ad0	add	x28, x28, #0x8
0000000100001ad4	ldur	x0, [x29, #-0x28]
0000000100001ad8	str	x0, [x28]
0000000100001adc	add	x28, x28, #0x8
0000000100001ae0	mov	x0, #0x1
0000000100001ae4	str	x0, [x28]
0000000100001ae8	add	x28, x28, #0x8
0000000100001aec	sub	x28, x28, #0x8
0000000100001af0	ldr	x1, [x28]
0000000100001af4	sub	x28, x28, #0x8
0000000100001af8	ldr	x0, [x28]
0000000100001afc	add	x0, x0, x1
0000000100001b00	sxtw	x0, w0
0000000100001b04	str	x0, [x28]
0000000100001b08	add	x28, x28, #0x8
0000000100001b0c	sub	x28, x28, #0x8
0000000100001b10	ldr	x0, [x28]
0000000100001b14	sub	x28, x28, #0x8
0000000100001b18	ldr	x10, [x28]
0000000100001b1c	str	x0, [x10]
0000000100001b20	b	0x10000196c
0000000100001b24	ldur	x0, [x29, #-0x8]
0000000100001b28	str	x0, [x28]
0000000100001b2c	add	x28, x28, #0x8
0000000100001b30	sub	x28, x28, #0x8
0000000100001b34	ldr	x10, [x28]
0000000100001b38	ldr	x0, [x10, #0x8]
0000000100001b3c	str	x0, [x28]
0000000100001b40	add	x28, x28, #0x8
0000000100001b44	mov	x0, #0x1
0000000100001b48	str	x0, [x28]
0000000100001b4c	add	x28, x28, #0x8
0000000100001b50	sub	x28, x28, #0x8
0000000100001b54	ldr	x1, [x28]
0000000100001b58	sub	x28, x28, #0x8
0000000100001b5c	ldr	x0, [x28]
0000000100001b60	add	x0, x0, x1
0000000100001b64	str	x0, [x28]
0000000100001b68	add	x28, x28, #0x8
0000000100001b6c	sub	x28, x28, #0x8
0000000100001b70	ldr	x0, [x28]
0000000100001b74	mov	x8, x29
0000000100001b78	sub	x8, x8, #0x58
0000000100001b7c	bl	0x10000101c
0000000100001b80	str	x0, [x28]
0000000100001b84	add	x28, x28, #0x8
0000000100001b88	sub	x28, x28, #0x8
0000000100001b8c	ldr	x11, [x28]
0000000100001b90	mov	x10, x29
0000000100001b94	sub	x10, x10, #0x48
0000000100001b98	ldr	x9, [x11]
0000000100001b9c	str	x9, [x10]
0000000100001ba0	ldr	x9, [x11, #0x8]
0000000100001ba4	str	x9, [x10, #0x8]
0000000100001ba8	mov	x0, x29
0000000100001bac	sub	x0, x0, #0x48
0000000100001bb0	str	x0, [x28]
0000000100001bb4	add	x28, x28, #0x8
0000000100001bb8	sub	x28, x28, #0x8
0000000100001bbc	ldr	x10, [x28]
0000000100001bc0	ldr	x0, [x10, #0x8]
0000000100001bc4	str	x0, [x28]
0000000100001bc8	add	x28, x28, #0x8
0000000100001bcc	mov	x0, #0x0
0000000100001bd0	str	x0, [x28]
0000000100001bd4	add	x28, x28, #0x8
0000000100001bd8	sub	x28, x28, #0x8
0000000100001bdc	ldr	x1, [x28]
0000000100001be0	sub	x28, x28, #0x8
0000000100001be4	ldr	x0, [x28]
0000000100001be8	cmp	x0, x1
0000000100001bec	b.ne	0x100001bf8
0000000100001bf0	mov	x0, #0x1
0000000100001bf4	b	0x100001bfc
0000000100001bf8	mov	x0, #0x0
0000000100001bfc	str	x0, [x28]
0000000100001c00	add	x28, x28, #0x8
0000000100001c04	sub	x28, x28, #0x8
0000000100001c08	ldr	x0, [x28]
0000000100001c0c	cmp	x0, #0x0
0000000100001c10	b.eq	0x100001c4c
0000000100001c14	mov	x0, x29
0000000100001c18	sub	x0, x0, #0x48
0000000100001c1c	str	x0, [x28]
0000000100001c20	add	x28, x28, #0x8
0000000100001c24	sub	x28, x28, #0x8
0000000100001c28	ldr	x11, [x28]
0000000100001c2c	ldur	x10, [x29, #-0x10]
0000000100001c30	ldr	x9, [x11]
0000000100001c34	str	x9, [x10]
0000000100001c38	ldr	x9, [x11, #0x8]
0000000100001c3c	str	x9, [x10, #0x8]
0000000100001c40	mov	x0, x10
0000000100001c44	b	0x100001e34
0000000100001c48	b	0x100001c4c
0000000100001c4c	mov	x0, x29
0000000100001c50	sub	x0, x0, #0x28
0000000100001c54	str	x0, [x28]
0000000100001c58	add	x28, x28, #0x8
0000000100001c5c	mov	x0, #0x0
0000000100001c60	str	x0, [x28]
0000000100001c64	add	x28, x28, #0x8
0000000100001c68	sub	x28, x28, #0x8
0000000100001c6c	ldr	x0, [x28]
0000000100001c70	sub	x28, x28, #0x8
0000000100001c74	ldr	x10, [x28]
0000000100001c78	str	x0, [x10]
0000000100001c7c	ldur	x0, [x29, #-0x28]
0000000100001c80	str	x0, [x28]
0000000100001c84	add	x28, x28, #0x8
0000000100001c88	ldur	x0, [x29, #-0x8]
0000000100001c8c	str	x0, [x28]
0000000100001c90	add	x28, x28, #0x8
0000000100001c94	sub	x28, x28, #0x8
0000000100001c98	ldr	x10, [x28]
0000000100001c9c	ldr	x0, [x10, #0x8]
0000000100001ca0	str	x0, [x28]
0000000100001ca4	add	x28, x28, #0x8
0000000100001ca8	sub	x28, x28, #0x8
0000000100001cac	ldr	x1, [x28]
0000000100001cb0	sub	x28, x28, #0x8
0000000100001cb4	ldr	x0, [x28]
0000000100001cb8	cmp	x0, x1
0000000100001cbc	b.ge	0x100001cc8
0000000100001cc0	mov	x0, #0x1
0000000100001cc4	b	0x100001ccc
0000000100001cc8	mov	x0, #0x0
0000000100001ccc	str	x0, [x28]
0000000100001cd0	add	x28, x28, #0x8
0000000100001cd4	sub	x28, x28, #0x8
0000000100001cd8	ldr	x0, [x28]
0000000100001cdc	cmp	x0, #0x0
0000000100001ce0	b.eq	0x100001e00
0000000100001ce4	mov	x0, x29
0000000100001ce8	sub	x0, x0, #0x48
0000000100001cec	str	x0, [x28]
0000000100001cf0	add	x28, x28, #0x8
0000000100001cf4	sub	x28, x28, #0x8
0000000100001cf8	ldr	x0, [x28]
0000000100001cfc	ldr	x0, [x0]
0000000100001d00	str	x0, [x28]
0000000100001d04	add	x28, x28, #0x8
0000000100001d08	ldur	x0, [x29, #-0x28]
0000000100001d0c	str	x0, [x28]
0000000100001d10	add	x28, x28, #0x8
0000000100001d14	sub	x28, x28, #0x8
0000000100001d18	ldr	x1, [x28]
0000000100001d1c	sub	x28, x28, #0x8
0000000100001d20	ldr	x0, [x28]
0000000100001d24	add	x0, x0, x1
0000000100001d28	str	x0, [x28]
0000000100001d2c	add	x28, x28, #0x8
0000000100001d30	ldur	x0, [x29, #-0x8]
0000000100001d34	str	x0, [x28]
0000000100001d38	add	x28, x28, #0x8
0000000100001d3c	sub	x28, x28, #0x8
0000000100001d40	ldr	x0, [x28]
0000000100001d44	ldr	x0, [x0]
0000000100001d48	str	x0, [x28]
0000000100001d4c	add	x28, x28, #0x8
0000000100001d50	ldur	x0, [x29, #-0x28]
0000000100001d54	str	x0, [x28]
0000000100001d58	add	x28, x28, #0x8
0000000100001d5c	sub	x28, x28, #0x8
0000000100001d60	ldr	x1, [x28]
0000000100001d64	sub	x28, x28, #0x8
0000000100001d68	ldr	x0, [x28]
0000000100001d6c	add	x0, x0, x1
0000000100001d70	str	x0, [x28]
0000000100001d74	add	x28, x28, #0x8
0000000100001d78	sub	x28, x28, #0x8
0000000100001d7c	ldr	x10, [x28]
0000000100001d80	ldrb	w0, [x10]
0000000100001d84	str	x0, [x28]
0000000100001d88	add	x28, x28, #0x8
0000000100001d8c	sub	x28, x28, #0x8
0000000100001d90	ldr	x0, [x28]
0000000100001d94	sub	x28, x28, #0x8
0000000100001d98	ldr	x10, [x28]
0000000100001d9c	strb	w0, [x10]
0000000100001da0	mov	x0, x29
0000000100001da4	sub	x0, x0, #0x28
0000000100001da8	str	x0, [x28]
0000000100001dac	add	x28, x28, #0x8
0000000100001db0	ldur	x0, [x29, #-0x28]
0000000100001db4	str	x0, [x28]
0000000100001db8	add	x28, x28, #0x8
0000000100001dbc	mov	x0, #0x1
0000000100001dc0	str	x0, [x28]
0000000100001dc4	add	x28, x28, #0x8
0000000100001dc8	sub	x28, x28, #0x8
0000000100001dcc	ldr	x1, [x28]
0000000100001dd0	sub	x28, x28, #0x8
0000000100001dd4	ldr	x0, [x28]
0000000100001dd8	add	x0, x0, x1
0000000100001ddc	sxtw	x0, w0
0000000100001de0	str	x0, [x28]
0000000100001de4	add	x28, x28, #0x8
0000000100001de8	sub	x28, x28, #0x8
0000000100001dec	ldr	x0, [x28]
0000000100001df0	sub	x28, x28, #0x8
0000000100001df4	ldr	x10, [x28]
0000000100001df8	str	x0, [x10]
0000000100001dfc	b	0x100001c7c
0000000100001e00	mov	x0, x29
0000000100001e04	sub	x0, x0, #0x48
0000000100001e08	str	x0, [x28]
0000000100001e0c	add	x28, x28, #0x8
0000000100001e10	sub	x28, x28, #0x8
0000000100001e14	ldr	x11, [x28]
0000000100001e18	ldur	x10, [x29, #-0x10]
0000000100001e1c	ldr	x9, [x11]
0000000100001e20	str	x9, [x10]
0000000100001e24	ldr	x9, [x11, #0x8]
0000000100001e28	str	x9, [x10, #0x8]
0000000100001e2c	mov	x0, x10
0000000100001e30	b	0x100001e34
0000000100001e34	mov	sp, x29
0000000100001e38	ldr	x29, [sp]
0000000100001e3c	ldr	x30, [sp, #0x8]
0000000100001e40	ldr	x28, [sp, #0x10]
0000000100001e44	add	sp, sp, #0x20
0000000100001e48	ret
0000000100001e4c	sub	sp, sp, #0x20
0000000100001e50	str	x29, [sp]
0000000100001e54	str	x30, [sp, #0x8]
0000000100001e58	str	x28, [sp, #0x10]
0000000100001e5c	mov	x29, sp
0000000100001e60	sub	sp, sp, #0x1c0
0000000100001e64	mov	x28, sp
0000000100001e68	stur	x0, [x29, #-0x8]
0000000100001e6c	ldur	x0, [x29, #-0x8]
0000000100001e70	str	x0, [x28]
0000000100001e74	add	x28, x28, #0x8
0000000100001e78	sub	x28, x28, #0x8
0000000100001e7c	ldr	x10, [x28]
0000000100001e80	ldr	x0, [x10, #0x8]
0000000100001e84	str	x0, [x28]
0000000100001e88	add	x28, x28, #0x8
0000000100001e8c	mov	x0, #0x1
0000000100001e90	str	x0, [x28]
0000000100001e94	add	x28, x28, #0x8
0000000100001e98	sub	x28, x28, #0x8
0000000100001e9c	ldr	x1, [x28]
0000000100001ea0	sub	x28, x28, #0x8
0000000100001ea4	ldr	x0, [x28]
0000000100001ea8	cmp	x0, x1
0000000100001eac	b.ge	0x100001eb8
0000000100001eb0	mov	x0, #0x1
0000000100001eb4	b	0x100001ebc
0000000100001eb8	mov	x0, #0x0
0000000100001ebc	str	x0, [x28]
0000000100001ec0	add	x28, x28, #0x8
0000000100001ec4	sub	x28, x28, #0x8
0000000100001ec8	ldr	x0, [x28]
0000000100001ecc	cmp	x0, #0x0
0000000100001ed0	b.ne	0x100001f44
0000000100001ed4	ldur	x0, [x29, #-0x8]
0000000100001ed8	str	x0, [x28]
0000000100001edc	add	x28, x28, #0x8
0000000100001ee0	sub	x28, x28, #0x8
0000000100001ee4	ldr	x10, [x28]
0000000100001ee8	ldr	x0, [x10, #0x8]
0000000100001eec	str	x0, [x28]
0000000100001ef0	add	x28, x28, #0x8
0000000100001ef4	mov	x0, #0x40
0000000100001ef8	str	x0, [x28]
0000000100001efc	add	x28, x28, #0x8
0000000100001f00	sub	x28, x28, #0x8
0000000100001f04	ldr	x1, [x28]
0000000100001f08	sub	x28, x28, #0x8
0000000100001f0c	ldr	x0, [x28]
0000000100001f10	cmp	x0, x1
0000000100001f14	b.le	0x100001f20
0000000100001f18	mov	x0, #0x1
0000000100001f1c	b	0x100001f24
0000000100001f20	mov	x0, #0x0
0000000100001f24	str	x0, [x28]
0000000100001f28	add	x28, x28, #0x8
0000000100001f2c	sub	x28, x28, #0x8
0000000100001f30	ldr	x0, [x28]
0000000100001f34	cmp	x0, #0x0
0000000100001f38	b.ne	0x100001f44
0000000100001f3c	mov	x0, #0x0
0000000100001f40	b	0x100001f48
0000000100001f44	mov	x0, #0x1
0000000100001f48	str	x0, [x28]
0000000100001f4c	add	x28, x28, #0x8
0000000100001f50	sub	x28, x28, #0x8
0000000100001f54	ldr	x0, [x28]
0000000100001f58	cmp	x0, #0x0
0000000100001f5c	b.eq	0x100001f7c
0000000100001f60	mov	x0, #0x0
0000000100001f64	str	x0, [x28]
0000000100001f68	add	x28, x28, #0x8
0000000100001f6c	sub	x28, x28, #0x8
0000000100001f70	ldr	x0, [x28]
0000000100001f74	b	0x1000026ac
0000000100001f78	b	0x100001f7c
0000000100001f7c	ldur	x0, [x29, #-0x8]
0000000100001f80	str	x0, [x28]
0000000100001f84	add	x28, x28, #0x8
0000000100001f88	adrp	x0, 23 ; 0x100018000
0000000100001f8c	add	x0, x0, #0x10
0000000100001f90	stur	x0, [x29, #-0x18]
0000000100001f94	mov	x0, #0x1
0000000100001f98	stur	x0, [x29, #-0x10]
0000000100001f9c	mov	x0, x29
0000000100001fa0	sub	x0, x0, #0x18
0000000100001fa4	str	x0, [x28]
0000000100001fa8	add	x28, x28, #0x8
0000000100001fac	sub	x28, x28, #0x8
0000000100001fb0	ldr	x1, [x28]
0000000100001fb4	sub	x28, x28, #0x8
0000000100001fb8	ldr	x0, [x28]
0000000100001fbc	bl	0x100017b8c
0000000100001fc0	str	x0, [x28]
0000000100001fc4	add	x28, x28, #0x8
0000000100001fc8	mov	x0, #0x1
0000000100001fcc	str	x0, [x28]
0000000100001fd0	add	x28, x28, #0x8
0000000100001fd4	sub	x28, x28, #0x8
0000000100001fd8	ldr	x1, [x28]
0000000100001fdc	sub	x28, x28, #0x8
0000000100001fe0	ldr	x0, [x28]
0000000100001fe4	cmp	x0, x1
0000000100001fe8	b.ne	0x100001ff4
0000000100001fec	mov	x0, #0x1
0000000100001ff0	b	0x100001ff8
0000000100001ff4	mov	x0, #0x0
0000000100001ff8	str	x0, [x28]
0000000100001ffc	add	x28, x28, #0x8
0000000100002000	sub	x28, x28, #0x8
0000000100002004	ldr	x0, [x28]
0000000100002008	cmp	x0, #0x0
000000010000200c	b.ne	0x1000020ac
0000000100002010	ldur	x0, [x29, #-0x8]
0000000100002014	str	x0, [x28]
0000000100002018	add	x28, x28, #0x8
000000010000201c	adrp	x0, 22 ; 0x100018000
0000000100002020	add	x0, x0, #0x11
0000000100002024	stur	x0, [x29, #-0x28]
0000000100002028	mov	x0, #0x2
000000010000202c	stur	x0, [x29, #-0x20]
0000000100002030	mov	x0, x29
0000000100002034	sub	x0, x0, #0x28
0000000100002038	str	x0, [x28]
000000010000203c	add	x28, x28, #0x8
0000000100002040	sub	x28, x28, #0x8
0000000100002044	ldr	x1, [x28]
0000000100002048	sub	x28, x28, #0x8
000000010000204c	ldr	x0, [x28]
0000000100002050	bl	0x100017b8c
0000000100002054	str	x0, [x28]
0000000100002058	add	x28, x28, #0x8
000000010000205c	mov	x0, #0x1
0000000100002060	str	x0, [x28]
0000000100002064	add	x28, x28, #0x8
0000000100002068	sub	x28, x28, #0x8
000000010000206c	ldr	x1, [x28]
0000000100002070	sub	x28, x28, #0x8
0000000100002074	ldr	x0, [x28]
0000000100002078	cmp	x0, x1
000000010000207c	b.ne	0x100002088
0000000100002080	mov	x0, #0x1
0000000100002084	b	0x10000208c
0000000100002088	mov	x0, #0x0
000000010000208c	str	x0, [x28]
0000000100002090	add	x28, x28, #0x8
0000000100002094	sub	x28, x28, #0x8
0000000100002098	ldr	x0, [x28]
000000010000209c	cmp	x0, #0x0
00000001000020a0	b.ne	0x1000020ac
00000001000020a4	mov	x0, #0x0
00000001000020a8	b	0x1000020b0
00000001000020ac	mov	x0, #0x1
00000001000020b0	str	x0, [x28]
00000001000020b4	add	x28, x28, #0x8
00000001000020b8	sub	x28, x28, #0x8
00000001000020bc	ldr	x0, [x28]
00000001000020c0	cmp	x0, #0x0
00000001000020c4	b.eq	0x1000020e4
00000001000020c8	mov	x0, #0x0
00000001000020cc	str	x0, [x28]
00000001000020d0	add	x28, x28, #0x8
00000001000020d4	sub	x28, x28, #0x8
00000001000020d8	ldr	x0, [x28]
00000001000020dc	b	0x1000026ac
00000001000020e0	b	0x1000020e4
00000001000020e4	mov	x0, #0x0
00000001000020e8	str	x0, [x28]
00000001000020ec	add	x28, x28, #0x8
00000001000020f0	sub	x28, x28, #0x8
00000001000020f4	ldr	x0, [x28]
00000001000020f8	stur	x0, [x29, #-0x30]
00000001000020fc	ldur	x0, [x29, #-0x30]
0000000100002100	str	x0, [x28]
0000000100002104	add	x28, x28, #0x8
0000000100002108	ldur	x0, [x29, #-0x8]
000000010000210c	str	x0, [x28]
0000000100002110	add	x28, x28, #0x8
0000000100002114	sub	x28, x28, #0x8
0000000100002118	ldr	x10, [x28]
000000010000211c	ldr	x0, [x10, #0x8]
0000000100002120	str	x0, [x28]
0000000100002124	add	x28, x28, #0x8
0000000100002128	sub	x28, x28, #0x8
000000010000212c	ldr	x1, [x28]
0000000100002130	sub	x28, x28, #0x8
0000000100002134	ldr	x0, [x28]
0000000100002138	cmp	x0, x1
000000010000213c	b.ge	0x100002148
0000000100002140	mov	x0, #0x1
0000000100002144	b	0x10000214c
0000000100002148	mov	x0, #0x0
000000010000214c	str	x0, [x28]
0000000100002150	add	x28, x28, #0x8
0000000100002154	sub	x28, x28, #0x8
0000000100002158	ldr	x0, [x28]
000000010000215c	cmp	x0, #0x0
0000000100002160	b.eq	0x100002694
0000000100002164	ldur	x0, [x29, #-0x8]
0000000100002168	str	x0, [x28]
000000010000216c	add	x28, x28, #0x8
0000000100002170	sub	x28, x28, #0x8
0000000100002174	ldr	x0, [x28]
0000000100002178	ldr	x0, [x0]
000000010000217c	str	x0, [x28]
0000000100002180	add	x28, x28, #0x8
0000000100002184	ldur	x0, [x29, #-0x30]
0000000100002188	str	x0, [x28]
000000010000218c	add	x28, x28, #0x8
0000000100002190	sub	x28, x28, #0x8
0000000100002194	ldr	x1, [x28]
0000000100002198	sub	x28, x28, #0x8
000000010000219c	ldr	x0, [x28]
00000001000021a0	add	x0, x0, x1
00000001000021a4	str	x0, [x28]
00000001000021a8	add	x28, x28, #0x8
00000001000021ac	sub	x28, x28, #0x8
00000001000021b0	ldr	x10, [x28]
00000001000021b4	ldrb	w0, [x10]
00000001000021b8	str	x0, [x28]
00000001000021bc	add	x28, x28, #0x8
00000001000021c0	sub	x28, x28, #0x8
00000001000021c4	ldr	x0, [x28]
00000001000021c8	sxtw	x0, w0
00000001000021cc	str	x0, [x28]
00000001000021d0	add	x28, x28, #0x8
00000001000021d4	sub	x28, x28, #0x8
00000001000021d8	ldr	x0, [x28]
00000001000021dc	stur	x0, [x29, #-0x38]
00000001000021e0	ldur	x0, [x29, #-0x38]
00000001000021e4	str	x0, [x28]
00000001000021e8	add	x28, x28, #0x8
00000001000021ec	mov	x0, #0x30
00000001000021f0	str	x0, [x28]
00000001000021f4	add	x28, x28, #0x8
00000001000021f8	sub	x28, x28, #0x8
00000001000021fc	ldr	x1, [x28]
0000000100002200	sub	x28, x28, #0x8
0000000100002204	ldr	x0, [x28]
0000000100002208	cmp	x0, x1
000000010000220c	b.lt	0x100002218
0000000100002210	mov	x0, #0x1
0000000100002214	b	0x10000221c
0000000100002218	mov	x0, #0x0
000000010000221c	str	x0, [x28]
0000000100002220	add	x28, x28, #0x8
0000000100002224	sub	x28, x28, #0x8
0000000100002228	ldr	x0, [x28]
000000010000222c	cmp	x0, #0x0
0000000100002230	b.eq	0x100002290
0000000100002234	ldur	x0, [x29, #-0x38]
0000000100002238	str	x0, [x28]
000000010000223c	add	x28, x28, #0x8
0000000100002240	mov	x0, #0x39
0000000100002244	str	x0, [x28]
0000000100002248	add	x28, x28, #0x8
000000010000224c	sub	x28, x28, #0x8
0000000100002250	ldr	x1, [x28]
0000000100002254	sub	x28, x28, #0x8
0000000100002258	ldr	x0, [x28]
000000010000225c	cmp	x0, x1
0000000100002260	b.gt	0x10000226c
0000000100002264	mov	x0, #0x1
0000000100002268	b	0x100002270
000000010000226c	mov	x0, #0x0
0000000100002270	str	x0, [x28]
0000000100002274	add	x28, x28, #0x8
0000000100002278	sub	x28, x28, #0x8
000000010000227c	ldr	x0, [x28]
0000000100002280	cmp	x0, #0x0
0000000100002284	b.eq	0x100002290
0000000100002288	mov	x0, #0x1
000000010000228c	b	0x100002294
0000000100002290	mov	x0, #0x0
0000000100002294	str	x0, [x28]
0000000100002298	add	x28, x28, #0x8
000000010000229c	sub	x28, x28, #0x8
00000001000022a0	ldr	x0, [x28]
00000001000022a4	cmp	x0, #0x0
00000001000022a8	b.ne	0x100002380
00000001000022ac	ldur	x0, [x29, #-0x38]
00000001000022b0	str	x0, [x28]
00000001000022b4	add	x28, x28, #0x8
00000001000022b8	mov	x0, #0x41
00000001000022bc	str	x0, [x28]
00000001000022c0	add	x28, x28, #0x8
00000001000022c4	sub	x28, x28, #0x8
00000001000022c8	ldr	x1, [x28]
00000001000022cc	sub	x28, x28, #0x8
00000001000022d0	ldr	x0, [x28]
00000001000022d4	cmp	x0, x1
00000001000022d8	b.lt	0x1000022e4
00000001000022dc	mov	x0, #0x1
00000001000022e0	b	0x1000022e8
00000001000022e4	mov	x0, #0x0
00000001000022e8	str	x0, [x28]
00000001000022ec	add	x28, x28, #0x8
00000001000022f0	sub	x28, x28, #0x8
00000001000022f4	ldr	x0, [x28]
00000001000022f8	cmp	x0, #0x0
00000001000022fc	b.eq	0x10000235c
0000000100002300	ldur	x0, [x29, #-0x38]
0000000100002304	str	x0, [x28]
0000000100002308	add	x28, x28, #0x8
000000010000230c	mov	x0, #0x5a
0000000100002310	str	x0, [x28]
0000000100002314	add	x28, x28, #0x8
0000000100002318	sub	x28, x28, #0x8
000000010000231c	ldr	x1, [x28]
0000000100002320	sub	x28, x28, #0x8
0000000100002324	ldr	x0, [x28]
0000000100002328	cmp	x0, x1
000000010000232c	b.gt	0x100002338
0000000100002330	mov	x0, #0x1
0000000100002334	b	0x10000233c
0000000100002338	mov	x0, #0x0
000000010000233c	str	x0, [x28]
0000000100002340	add	x28, x28, #0x8
0000000100002344	sub	x28, x28, #0x8
0000000100002348	ldr	x0, [x28]
000000010000234c	cmp	x0, #0x0
0000000100002350	b.eq	0x10000235c
0000000100002354	mov	x0, #0x1
0000000100002358	b	0x100002360
000000010000235c	mov	x0, #0x0
0000000100002360	str	x0, [x28]
0000000100002364	add	x28, x28, #0x8
0000000100002368	sub	x28, x28, #0x8
000000010000236c	ldr	x0, [x28]
0000000100002370	cmp	x0, #0x0
0000000100002374	b.ne	0x100002380
0000000100002378	mov	x0, #0x0
000000010000237c	b	0x100002384
0000000100002380	mov	x0, #0x1
0000000100002384	str	x0, [x28]
0000000100002388	add	x28, x28, #0x8
000000010000238c	sub	x28, x28, #0x8
0000000100002390	ldr	x0, [x28]
0000000100002394	cmp	x0, #0x0
0000000100002398	b.ne	0x100002470
000000010000239c	ldur	x0, [x29, #-0x38]
00000001000023a0	str	x0, [x28]
00000001000023a4	add	x28, x28, #0x8
00000001000023a8	mov	x0, #0x61
00000001000023ac	str	x0, [x28]
00000001000023b0	add	x28, x28, #0x8
00000001000023b4	sub	x28, x28, #0x8
00000001000023b8	ldr	x1, [x28]
00000001000023bc	sub	x28, x28, #0x8
00000001000023c0	ldr	x0, [x28]
00000001000023c4	cmp	x0, x1
00000001000023c8	b.lt	0x1000023d4
00000001000023cc	mov	x0, #0x1
00000001000023d0	b	0x1000023d8
00000001000023d4	mov	x0, #0x0
00000001000023d8	str	x0, [x28]
00000001000023dc	add	x28, x28, #0x8
00000001000023e0	sub	x28, x28, #0x8
00000001000023e4	ldr	x0, [x28]
00000001000023e8	cmp	x0, #0x0
00000001000023ec	b.eq	0x10000244c
00000001000023f0	ldur	x0, [x29, #-0x38]
00000001000023f4	str	x0, [x28]
00000001000023f8	add	x28, x28, #0x8
00000001000023fc	mov	x0, #0x7a
0000000100002400	str	x0, [x28]
0000000100002404	add	x28, x28, #0x8
0000000100002408	sub	x28, x28, #0x8
000000010000240c	ldr	x1, [x28]
0000000100002410	sub	x28, x28, #0x8
0000000100002414	ldr	x0, [x28]
0000000100002418	cmp	x0, x1
000000010000241c	b.gt	0x100002428
0000000100002420	mov	x0, #0x1
0000000100002424	b	0x10000242c
0000000100002428	mov	x0, #0x0
000000010000242c	str	x0, [x28]
0000000100002430	add	x28, x28, #0x8
0000000100002434	sub	x28, x28, #0x8
0000000100002438	ldr	x0, [x28]
000000010000243c	cmp	x0, #0x0
0000000100002440	b.eq	0x10000244c
0000000100002444	mov	x0, #0x1
0000000100002448	b	0x100002450
000000010000244c	mov	x0, #0x0
0000000100002450	str	x0, [x28]
0000000100002454	add	x28, x28, #0x8
0000000100002458	sub	x28, x28, #0x8
000000010000245c	ldr	x0, [x28]
0000000100002460	cmp	x0, #0x0
0000000100002464	b.ne	0x100002470
0000000100002468	mov	x0, #0x0
000000010000246c	b	0x100002474
0000000100002470	mov	x0, #0x1
0000000100002474	str	x0, [x28]
0000000100002478	add	x28, x28, #0x8
000000010000247c	sub	x28, x28, #0x8
0000000100002480	ldr	x0, [x28]
0000000100002484	cmp	x0, #0x0
0000000100002488	b.ne	0x1000024e8
000000010000248c	ldur	x0, [x29, #-0x38]
0000000100002490	str	x0, [x28]
0000000100002494	add	x28, x28, #0x8
0000000100002498	mov	x0, #0x2d
000000010000249c	str	x0, [x28]
00000001000024a0	add	x28, x28, #0x8
00000001000024a4	sub	x28, x28, #0x8
00000001000024a8	ldr	x1, [x28]
00000001000024ac	sub	x28, x28, #0x8
00000001000024b0	ldr	x0, [x28]
00000001000024b4	cmp	x0, x1
00000001000024b8	b.ne	0x1000024c4
00000001000024bc	mov	x0, #0x1
00000001000024c0	b	0x1000024c8
00000001000024c4	mov	x0, #0x0
00000001000024c8	str	x0, [x28]
00000001000024cc	add	x28, x28, #0x8
00000001000024d0	sub	x28, x28, #0x8
00000001000024d4	ldr	x0, [x28]
00000001000024d8	cmp	x0, #0x0
00000001000024dc	b.ne	0x1000024e8
00000001000024e0	mov	x0, #0x0
00000001000024e4	b	0x1000024ec
00000001000024e8	mov	x0, #0x1
00000001000024ec	str	x0, [x28]
00000001000024f0	add	x28, x28, #0x8
00000001000024f4	sub	x28, x28, #0x8
00000001000024f8	ldr	x0, [x28]
00000001000024fc	cmp	x0, #0x0
0000000100002500	b.ne	0x100002560
0000000100002504	ldur	x0, [x29, #-0x38]
0000000100002508	str	x0, [x28]
000000010000250c	add	x28, x28, #0x8
0000000100002510	mov	x0, #0x2e
0000000100002514	str	x0, [x28]
0000000100002518	add	x28, x28, #0x8
000000010000251c	sub	x28, x28, #0x8
0000000100002520	ldr	x1, [x28]
0000000100002524	sub	x28, x28, #0x8
0000000100002528	ldr	x0, [x28]
000000010000252c	cmp	x0, x1
0000000100002530	b.ne	0x10000253c
0000000100002534	mov	x0, #0x1
0000000100002538	b	0x100002540
000000010000253c	mov	x0, #0x0
0000000100002540	str	x0, [x28]
0000000100002544	add	x28, x28, #0x8
0000000100002548	sub	x28, x28, #0x8
000000010000254c	ldr	x0, [x28]
0000000100002550	cmp	x0, #0x0
0000000100002554	b.ne	0x100002560
0000000100002558	mov	x0, #0x0
000000010000255c	b	0x100002564
0000000100002560	mov	x0, #0x1
0000000100002564	str	x0, [x28]
0000000100002568	add	x28, x28, #0x8
000000010000256c	sub	x28, x28, #0x8
0000000100002570	ldr	x0, [x28]
0000000100002574	cmp	x0, #0x0
0000000100002578	b.ne	0x1000025d8
000000010000257c	ldur	x0, [x29, #-0x38]
0000000100002580	str	x0, [x28]
0000000100002584	add	x28, x28, #0x8
0000000100002588	mov	x0, #0x5f
000000010000258c	str	x0, [x28]
0000000100002590	add	x28, x28, #0x8
0000000100002594	sub	x28, x28, #0x8
0000000100002598	ldr	x1, [x28]
000000010000259c	sub	x28, x28, #0x8
00000001000025a0	ldr	x0, [x28]
00000001000025a4	cmp	x0, x1
00000001000025a8	b.ne	0x1000025b4
00000001000025ac	mov	x0, #0x1
00000001000025b0	b	0x1000025b8
00000001000025b4	mov	x0, #0x0
00000001000025b8	str	x0, [x28]
00000001000025bc	add	x28, x28, #0x8
00000001000025c0	sub	x28, x28, #0x8
00000001000025c4	ldr	x0, [x28]
00000001000025c8	cmp	x0, #0x0
00000001000025cc	b.ne	0x1000025d8
00000001000025d0	mov	x0, #0x0
00000001000025d4	b	0x1000025dc
00000001000025d8	mov	x0, #0x1
00000001000025dc	str	x0, [x28]
00000001000025e0	add	x28, x28, #0x8
00000001000025e4	sub	x28, x28, #0x8
00000001000025e8	ldr	x0, [x28]
00000001000025ec	cmp	x0, #0x0
00000001000025f0	b.eq	0x1000025fc
00000001000025f4	mov	x0, #0x0
00000001000025f8	b	0x100002600
00000001000025fc	mov	x0, #0x1
0000000100002600	str	x0, [x28]
0000000100002604	add	x28, x28, #0x8
0000000100002608	sub	x28, x28, #0x8
000000010000260c	ldr	x0, [x28]
0000000100002610	cmp	x0, #0x0
0000000100002614	b.eq	0x100002634
0000000100002618	mov	x0, #0x0
000000010000261c	str	x0, [x28]
0000000100002620	add	x28, x28, #0x8
0000000100002624	sub	x28, x28, #0x8
0000000100002628	ldr	x0, [x28]
000000010000262c	b	0x1000026ac
0000000100002630	b	0x100002634
0000000100002634	mov	x0, x29
0000000100002638	sub	x0, x0, #0x30
000000010000263c	str	x0, [x28]
0000000100002640	add	x28, x28, #0x8
0000000100002644	ldur	x0, [x29, #-0x30]
0000000100002648	str	x0, [x28]
000000010000264c	add	x28, x28, #0x8
0000000100002650	mov	x0, #0x1
0000000100002654	str	x0, [x28]
0000000100002658	add	x28, x28, #0x8
000000010000265c	sub	x28, x28, #0x8
0000000100002660	ldr	x1, [x28]
0000000100002664	sub	x28, x28, #0x8
0000000100002668	ldr	x0, [x28]
000000010000266c	add	x0, x0, x1
0000000100002670	sxtw	x0, w0
0000000100002674	str	x0, [x28]
0000000100002678	add	x28, x28, #0x8
000000010000267c	sub	x28, x28, #0x8
0000000100002680	ldr	x0, [x28]
0000000100002684	sub	x28, x28, #0x8
0000000100002688	ldr	x10, [x28]
000000010000268c	str	x0, [x10]
0000000100002690	b	0x1000020fc
0000000100002694	mov	x0, #0x1
0000000100002698	str	x0, [x28]
000000010000269c	add	x28, x28, #0x8
00000001000026a0	sub	x28, x28, #0x8
00000001000026a4	ldr	x0, [x28]
00000001000026a8	b	0x1000026ac
00000001000026ac	mov	sp, x29
00000001000026b0	ldr	x29, [sp]
00000001000026b4	ldr	x30, [sp, #0x8]
00000001000026b8	ldr	x28, [sp, #0x10]
00000001000026bc	add	sp, sp, #0x20
00000001000026c0	ret
00000001000026c4	sub	sp, sp, #0x20
00000001000026c8	str	x29, [sp]
00000001000026cc	str	x30, [sp, #0x8]
00000001000026d0	str	x28, [sp, #0x10]
00000001000026d4	mov	x29, sp
00000001000026d8	sub	sp, sp, #0x190
00000001000026dc	mov	x28, sp
00000001000026e0	stur	x0, [x29, #-0x8]
00000001000026e4	ldur	x0, [x29, #-0x8]
00000001000026e8	str	x0, [x28]
00000001000026ec	add	x28, x28, #0x8
00000001000026f0	mov	x0, #0x0
00000001000026f4	str	x0, [x28]
00000001000026f8	add	x28, x28, #0x8
00000001000026fc	mov	x0, #0x0
0000000100002700	str	x0, [x28]
0000000100002704	add	x28, x28, #0x8
0000000100002708	mov	x0, #0x0
000000010000270c	str	x0, [x28]
0000000100002710	add	x28, x28, #0x8
0000000100002714	mov	x0, #0x0
0000000100002718	str	x0, [x28]
000000010000271c	add	x28, x28, #0x8
0000000100002720	mov	x0, #0x0
0000000100002724	str	x0, [x28]
0000000100002728	add	x28, x28, #0x8
000000010000272c	sub	x28, x28, #0x8
0000000100002730	ldr	x5, [x28]
0000000100002734	sub	x28, x28, #0x8
0000000100002738	ldr	x4, [x28]
000000010000273c	sub	x28, x28, #0x8
0000000100002740	ldr	x3, [x28]
0000000100002744	sub	x28, x28, #0x8
0000000100002748	ldr	x2, [x28]
000000010000274c	sub	x28, x28, #0x8
0000000100002750	ldr	x1, [x28]
0000000100002754	sub	x28, x28, #0x8
0000000100002758	ldr	x0, [x28]
000000010000275c	mov	x16, #0x6
0000000100002760	svc	#0x80
0000000100002764	b.lo	0x10000276c
0000000100002768	neg	x0, x0
000000010000276c	str	x0, [x28]
0000000100002770	add	x28, x28, #0x8
0000000100002774	sub	x28, x28, #0x8
0000000100002778	ldr	x0, [x28]
000000010000277c	b	0x100002780
0000000100002780	mov	sp, x29
0000000100002784	ldr	x29, [sp]
0000000100002788	ldr	x30, [sp, #0x8]
000000010000278c	ldr	x28, [sp, #0x10]
0000000100002790	add	sp, sp, #0x20
0000000100002794	ret
0000000100002798	sub	sp, sp, #0x20
000000010000279c	str	x29, [sp]
00000001000027a0	str	x30, [sp, #0x8]
00000001000027a4	str	x28, [sp, #0x10]
00000001000027a8	mov	x29, sp
00000001000027ac	sub	sp, sp, #0x190
00000001000027b0	mov	x28, sp
00000001000027b4	stur	x0, [x29, #-0x8]
00000001000027b8	ldur	x0, [x29, #-0x8]
00000001000027bc	str	x0, [x28]
00000001000027c0	add	x28, x28, #0x8
00000001000027c4	mov	x0, #0x0
00000001000027c8	str	x0, [x28]
00000001000027cc	add	x28, x28, #0x8
00000001000027d0	mov	x0, #0x0
00000001000027d4	str	x0, [x28]
00000001000027d8	add	x28, x28, #0x8
00000001000027dc	mov	x0, #0x0
00000001000027e0	str	x0, [x28]
00000001000027e4	add	x28, x28, #0x8
00000001000027e8	mov	x0, #0x0
00000001000027ec	str	x0, [x28]
00000001000027f0	add	x28, x28, #0x8
00000001000027f4	mov	x0, #0x0
00000001000027f8	str	x0, [x28]
00000001000027fc	add	x28, x28, #0x8
0000000100002800	sub	x28, x28, #0x8
0000000100002804	ldr	x5, [x28]
0000000100002808	sub	x28, x28, #0x8
000000010000280c	ldr	x4, [x28]
0000000100002810	sub	x28, x28, #0x8
0000000100002814	ldr	x3, [x28]
0000000100002818	sub	x28, x28, #0x8
000000010000281c	ldr	x2, [x28]
0000000100002820	sub	x28, x28, #0x8
0000000100002824	ldr	x1, [x28]
0000000100002828	sub	x28, x28, #0x8
000000010000282c	ldr	x0, [x28]
0000000100002830	mov	x16, #0x5f
0000000100002834	svc	#0x80
0000000100002838	b.lo	0x100002840
000000010000283c	neg	x0, x0
0000000100002840	str	x0, [x28]
0000000100002844	add	x28, x28, #0x8
0000000100002848	sub	x28, x28, #0x8
000000010000284c	ldr	x0, [x28]
0000000100002850	b	0x100002854
0000000100002854	mov	sp, x29
0000000100002858	ldr	x29, [sp]
000000010000285c	ldr	x30, [sp, #0x8]
0000000100002860	ldr	x28, [sp, #0x10]
0000000100002864	add	sp, sp, #0x20
0000000100002868	ret
000000010000286c	sub	sp, sp, #0x20
0000000100002870	str	x29, [sp]
0000000100002874	str	x30, [sp, #0x8]
0000000100002878	str	x28, [sp, #0x10]
000000010000287c	mov	x29, sp
0000000100002880	sub	sp, sp, #0x1a0
0000000100002884	mov	x28, sp
0000000100002888	stur	x0, [x29, #-0x8]
000000010000288c	stur	x1, [x29, #-0x10]
0000000100002890	stur	x2, [x29, #-0x18]
0000000100002894	ldur	x0, [x29, #-0x8]
0000000100002898	str	x0, [x28]
000000010000289c	add	x28, x28, #0x8
00000001000028a0	ldur	x0, [x29, #-0x10]
00000001000028a4	str	x0, [x28]
00000001000028a8	add	x28, x28, #0x8
00000001000028ac	ldur	x0, [x29, #-0x18]
00000001000028b0	str	x0, [x28]
00000001000028b4	add	x28, x28, #0x8
00000001000028b8	mov	x0, #0x0
00000001000028bc	str	x0, [x28]
00000001000028c0	add	x28, x28, #0x8
00000001000028c4	mov	x0, #0x0
00000001000028c8	str	x0, [x28]
00000001000028cc	add	x28, x28, #0x8
00000001000028d0	mov	x0, #0x0
00000001000028d4	str	x0, [x28]
00000001000028d8	add	x28, x28, #0x8
00000001000028dc	sub	x28, x28, #0x8
00000001000028e0	ldr	x5, [x28]
00000001000028e4	sub	x28, x28, #0x8
00000001000028e8	ldr	x4, [x28]
00000001000028ec	sub	x28, x28, #0x8
00000001000028f0	ldr	x3, [x28]
00000001000028f4	sub	x28, x28, #0x8
00000001000028f8	ldr	x2, [x28]
00000001000028fc	sub	x28, x28, #0x8
0000000100002900	ldr	x1, [x28]
0000000100002904	sub	x28, x28, #0x8
0000000100002908	ldr	x0, [x28]
000000010000290c	mov	x16, #0xc7
0000000100002910	svc	#0x80
0000000100002914	b.lo	0x10000291c
0000000100002918	neg	x0, x0
000000010000291c	str	x0, [x28]
0000000100002920	add	x28, x28, #0x8
0000000100002924	sub	x28, x28, #0x8
0000000100002928	ldr	x0, [x28]
000000010000292c	b	0x100002930
0000000100002930	mov	sp, x29
0000000100002934	ldr	x29, [sp]
0000000100002938	ldr	x30, [sp, #0x8]
000000010000293c	ldr	x28, [sp, #0x10]
0000000100002940	add	sp, sp, #0x20
0000000100002944	ret
0000000100002948	sub	sp, sp, #0x20
000000010000294c	str	x29, [sp]
0000000100002950	str	x30, [sp, #0x8]
0000000100002954	str	x28, [sp, #0x10]
0000000100002958	mov	x29, sp
000000010000295c	sub	sp, sp, #0x190
0000000100002960	mov	x28, sp
0000000100002964	stur	x0, [x29, #-0x8]
0000000100002968	ldur	x0, [x29, #-0x8]
000000010000296c	str	x0, [x28]
0000000100002970	add	x28, x28, #0x8
0000000100002974	mov	x0, #0x6
0000000100002978	str	x0, [x28]
000000010000297c	add	x28, x28, #0x8
0000000100002980	mov	x0, #0x0
0000000100002984	str	x0, [x28]
0000000100002988	add	x28, x28, #0x8
000000010000298c	mov	x0, #0x0
0000000100002990	str	x0, [x28]
0000000100002994	add	x28, x28, #0x8
0000000100002998	mov	x0, #0x0
000000010000299c	str	x0, [x28]
00000001000029a0	add	x28, x28, #0x8
00000001000029a4	mov	x0, #0x0
00000001000029a8	str	x0, [x28]
00000001000029ac	add	x28, x28, #0x8
00000001000029b0	sub	x28, x28, #0x8
00000001000029b4	ldr	x5, [x28]
00000001000029b8	sub	x28, x28, #0x8
00000001000029bc	ldr	x4, [x28]
00000001000029c0	sub	x28, x28, #0x8
00000001000029c4	ldr	x3, [x28]
00000001000029c8	sub	x28, x28, #0x8
00000001000029cc	ldr	x2, [x28]
00000001000029d0	sub	x28, x28, #0x8
00000001000029d4	ldr	x1, [x28]
00000001000029d8	sub	x28, x28, #0x8
00000001000029dc	ldr	x0, [x28]
00000001000029e0	mov	x16, #0x83
00000001000029e4	svc	#0x80
00000001000029e8	b.lo	0x1000029f0
00000001000029ec	neg	x0, x0
00000001000029f0	str	x0, [x28]
00000001000029f4	add	x28, x28, #0x8
00000001000029f8	sub	x28, x28, #0x8
00000001000029fc	ldr	x0, [x28]
0000000100002a00	b	0x100002a04
0000000100002a04	mov	sp, x29
0000000100002a08	ldr	x29, [sp]
0000000100002a0c	ldr	x30, [sp, #0x8]
0000000100002a10	ldr	x28, [sp, #0x10]
0000000100002a14	add	sp, sp, #0x20
0000000100002a18	ret
0000000100002a1c	sub	sp, sp, #0x20
0000000100002a20	str	x29, [sp]
0000000100002a24	str	x30, [sp, #0x8]
0000000100002a28	str	x28, [sp, #0x10]
0000000100002a2c	mov	x29, sp
0000000100002a30	sub	sp, sp, #0x1d0
0000000100002a34	mov	x28, sp
0000000100002a38	stur	x0, [x29, #-0x8]
0000000100002a3c	ldur	x0, [x29, #-0x8]
0000000100002a40	str	x0, [x28]
0000000100002a44	add	x28, x28, #0x8
0000000100002a48	sub	x28, x28, #0x8
0000000100002a4c	ldr	x11, [x28]
0000000100002a50	mov	x10, x29
0000000100002a54	sub	x10, x10, #0x28
0000000100002a58	ldr	x9, [x11]
0000000100002a5c	str	x9, [x10]
0000000100002a60	ldr	x9, [x11, #0x8]
0000000100002a64	str	x9, [x10, #0x8]
0000000100002a68	mov	x0, x29
0000000100002a6c	sub	x0, x0, #0x28
0000000100002a70	str	x0, [x28]
0000000100002a74	add	x28, x28, #0x8
0000000100002a78	sub	x28, x28, #0x8
0000000100002a7c	ldr	x0, [x28]
0000000100002a80	mov	x8, x29
0000000100002a84	sub	x8, x8, #0x38
0000000100002a88	bl	0x1000017f0
0000000100002a8c	str	x0, [x28]
0000000100002a90	add	x28, x28, #0x8
0000000100002a94	sub	x28, x28, #0x8
0000000100002a98	ldr	x11, [x28]
0000000100002a9c	mov	x10, x29
0000000100002aa0	sub	x10, x10, #0x18
0000000100002aa4	ldr	x9, [x11]
0000000100002aa8	str	x9, [x10]
0000000100002aac	ldr	x9, [x11, #0x8]
0000000100002ab0	str	x9, [x10, #0x8]
0000000100002ab4	mov	x0, x29
0000000100002ab8	sub	x0, x0, #0x18
0000000100002abc	str	x0, [x28]
0000000100002ac0	add	x28, x28, #0x8
0000000100002ac4	sub	x28, x28, #0x8
0000000100002ac8	ldr	x10, [x28]
0000000100002acc	ldr	x0, [x10, #0x8]
0000000100002ad0	str	x0, [x28]
0000000100002ad4	add	x28, x28, #0x8
0000000100002ad8	mov	x0, #0x0
0000000100002adc	str	x0, [x28]
0000000100002ae0	add	x28, x28, #0x8
0000000100002ae4	sub	x28, x28, #0x8
0000000100002ae8	ldr	x1, [x28]
0000000100002aec	sub	x28, x28, #0x8
0000000100002af0	ldr	x0, [x28]
0000000100002af4	cmp	x0, x1
0000000100002af8	b.ne	0x100002b04
0000000100002afc	mov	x0, #0x1
0000000100002b00	b	0x100002b08
0000000100002b04	mov	x0, #0x0
0000000100002b08	str	x0, [x28]
0000000100002b0c	add	x28, x28, #0x8
0000000100002b10	sub	x28, x28, #0x8
0000000100002b14	ldr	x0, [x28]
0000000100002b18	cmp	x0, #0x0
0000000100002b1c	b.eq	0x100002b50
0000000100002b20	mov	x0, #0x1ce9
0000000100002b24	str	x0, [x28]
0000000100002b28	add	x28, x28, #0x8
0000000100002b2c	sub	x28, x28, #0x8
0000000100002b30	ldr	x0, [x28]
0000000100002b34	neg	x0, x0
0000000100002b38	str	x0, [x28]
0000000100002b3c	add	x28, x28, #0x8
0000000100002b40	sub	x28, x28, #0x8
0000000100002b44	ldr	x0, [x28]
0000000100002b48	b	0x100002c78
0000000100002b4c	b	0x100002b50
0000000100002b50	mov	x0, x29
0000000100002b54	sub	x0, x0, #0x18
0000000100002b58	str	x0, [x28]
0000000100002b5c	add	x28, x28, #0x8
0000000100002b60	sub	x28, x28, #0x8
0000000100002b64	ldr	x10, [x28]
0000000100002b68	ldr	x0, [x10]
0000000100002b6c	str	x0, [x28]
0000000100002b70	add	x28, x28, #0x8
0000000100002b74	mov	x0, #0x1c0
0000000100002b78	str	x0, [x28]
0000000100002b7c	add	x28, x28, #0x8
0000000100002b80	mov	x0, #0x0
0000000100002b84	str	x0, [x28]
0000000100002b88	add	x28, x28, #0x8
0000000100002b8c	mov	x0, #0x0
0000000100002b90	str	x0, [x28]
0000000100002b94	add	x28, x28, #0x8
0000000100002b98	mov	x0, #0x0
0000000100002b9c	str	x0, [x28]
0000000100002ba0	add	x28, x28, #0x8
0000000100002ba4	mov	x0, #0x0
0000000100002ba8	str	x0, [x28]
0000000100002bac	add	x28, x28, #0x8
0000000100002bb0	sub	x28, x28, #0x8
0000000100002bb4	ldr	x5, [x28]
0000000100002bb8	sub	x28, x28, #0x8
0000000100002bbc	ldr	x4, [x28]
0000000100002bc0	sub	x28, x28, #0x8
0000000100002bc4	ldr	x3, [x28]
0000000100002bc8	sub	x28, x28, #0x8
0000000100002bcc	ldr	x2, [x28]
0000000100002bd0	sub	x28, x28, #0x8
0000000100002bd4	ldr	x1, [x28]
0000000100002bd8	sub	x28, x28, #0x8
0000000100002bdc	ldr	x0, [x28]
0000000100002be0	mov	x16, #0x88
0000000100002be4	svc	#0x80
0000000100002be8	b.lo	0x100002bf0
0000000100002bec	neg	x0, x0
0000000100002bf0	str	x0, [x28]
0000000100002bf4	add	x28, x28, #0x8
0000000100002bf8	sub	x28, x28, #0x8
0000000100002bfc	ldr	x0, [x28]
0000000100002c00	stur	x0, [x29, #-0x40]
0000000100002c04	mov	x0, x29
0000000100002c08	sub	x0, x0, #0x18
0000000100002c0c	str	x0, [x28]
0000000100002c10	add	x28, x28, #0x8
0000000100002c14	sub	x28, x28, #0x8
0000000100002c18	ldr	x11, [x28]
0000000100002c1c	mov	x10, x29
0000000100002c20	sub	x10, x10, #0x50
0000000100002c24	ldr	x9, [x11]
0000000100002c28	str	x9, [x10]
0000000100002c2c	ldr	x9, [x11, #0x8]
0000000100002c30	str	x9, [x10, #0x8]
0000000100002c34	mov	x0, x29
0000000100002c38	sub	x0, x0, #0x50
0000000100002c3c	str	x0, [x28]
0000000100002c40	add	x28, x28, #0x8
0000000100002c44	sub	x28, x28, #0x8
0000000100002c48	ldr	x0, [x28]
0000000100002c4c	bl	0x100001434
0000000100002c50	str	x0, [x28]
0000000100002c54	add	x28, x28, #0x8
0000000100002c58	sub	x28, x28, #0x8
0000000100002c5c	ldr	x0, [x28]
0000000100002c60	ldur	x0, [x29, #-0x40]
0000000100002c64	str	x0, [x28]
0000000100002c68	add	x28, x28, #0x8
0000000100002c6c	sub	x28, x28, #0x8
0000000100002c70	ldr	x0, [x28]
0000000100002c74	b	0x100002c78
0000000100002c78	mov	sp, x29
0000000100002c7c	ldr	x29, [sp]
0000000100002c80	ldr	x30, [sp, #0x8]
0000000100002c84	ldr	x28, [sp, #0x10]
0000000100002c88	add	sp, sp, #0x20
0000000100002c8c	ret
0000000100002c90	sub	sp, sp, #0x20
0000000100002c94	str	x29, [sp]
0000000100002c98	str	x30, [sp, #0x8]
0000000100002c9c	str	x28, [sp, #0x10]
0000000100002ca0	mov	x29, sp
0000000100002ca4	sub	sp, sp, #0x1d0
0000000100002ca8	mov	x28, sp
0000000100002cac	stur	x0, [x29, #-0x8]
0000000100002cb0	ldur	x0, [x29, #-0x8]
0000000100002cb4	str	x0, [x28]
0000000100002cb8	add	x28, x28, #0x8
0000000100002cbc	sub	x28, x28, #0x8
0000000100002cc0	ldr	x11, [x28]
0000000100002cc4	mov	x10, x29
0000000100002cc8	sub	x10, x10, #0x28
0000000100002ccc	ldr	x9, [x11]
0000000100002cd0	str	x9, [x10]
0000000100002cd4	ldr	x9, [x11, #0x8]
0000000100002cd8	str	x9, [x10, #0x8]
0000000100002cdc	mov	x0, x29
0000000100002ce0	sub	x0, x0, #0x28
0000000100002ce4	str	x0, [x28]
0000000100002ce8	add	x28, x28, #0x8
0000000100002cec	sub	x28, x28, #0x8
0000000100002cf0	ldr	x0, [x28]
0000000100002cf4	mov	x8, x29
0000000100002cf8	sub	x8, x8, #0x38
0000000100002cfc	bl	0x1000017f0
0000000100002d00	str	x0, [x28]
0000000100002d04	add	x28, x28, #0x8
0000000100002d08	sub	x28, x28, #0x8
0000000100002d0c	ldr	x11, [x28]
0000000100002d10	mov	x10, x29
0000000100002d14	sub	x10, x10, #0x18
0000000100002d18	ldr	x9, [x11]
0000000100002d1c	str	x9, [x10]
0000000100002d20	ldr	x9, [x11, #0x8]
0000000100002d24	str	x9, [x10, #0x8]
0000000100002d28	mov	x0, x29
0000000100002d2c	sub	x0, x0, #0x18
0000000100002d30	str	x0, [x28]
0000000100002d34	add	x28, x28, #0x8
0000000100002d38	sub	x28, x28, #0x8
0000000100002d3c	ldr	x10, [x28]
0000000100002d40	ldr	x0, [x10, #0x8]
0000000100002d44	str	x0, [x28]
0000000100002d48	add	x28, x28, #0x8
0000000100002d4c	mov	x0, #0x0
0000000100002d50	str	x0, [x28]
0000000100002d54	add	x28, x28, #0x8
0000000100002d58	sub	x28, x28, #0x8
0000000100002d5c	ldr	x1, [x28]
0000000100002d60	sub	x28, x28, #0x8
0000000100002d64	ldr	x0, [x28]
0000000100002d68	cmp	x0, x1
0000000100002d6c	b.ne	0x100002d78
0000000100002d70	mov	x0, #0x1
0000000100002d74	b	0x100002d7c
0000000100002d78	mov	x0, #0x0
0000000100002d7c	str	x0, [x28]
0000000100002d80	add	x28, x28, #0x8
0000000100002d84	sub	x28, x28, #0x8
0000000100002d88	ldr	x0, [x28]
0000000100002d8c	cmp	x0, #0x0
0000000100002d90	b.eq	0x100002dc4
0000000100002d94	mov	x0, #0x1ce9
0000000100002d98	str	x0, [x28]
0000000100002d9c	add	x28, x28, #0x8
0000000100002da0	sub	x28, x28, #0x8
0000000100002da4	ldr	x0, [x28]
0000000100002da8	neg	x0, x0
0000000100002dac	str	x0, [x28]
0000000100002db0	add	x28, x28, #0x8
0000000100002db4	sub	x28, x28, #0x8
0000000100002db8	ldr	x0, [x28]
0000000100002dbc	b	0x100002ef0
0000000100002dc0	b	0x100002dc4
0000000100002dc4	mov	x0, x29
0000000100002dc8	sub	x0, x0, #0x18
0000000100002dcc	str	x0, [x28]
0000000100002dd0	add	x28, x28, #0x8
0000000100002dd4	sub	x28, x28, #0x8
0000000100002dd8	ldr	x10, [x28]
0000000100002ddc	ldr	x0, [x10]
0000000100002de0	str	x0, [x28]
0000000100002de4	add	x28, x28, #0x8
0000000100002de8	mov	x0, #0x0
0000000100002dec	movk	x0, #0x2110, lsl #16
0000000100002df0	str	x0, [x28]
0000000100002df4	add	x28, x28, #0x8
0000000100002df8	mov	x0, #0x0
0000000100002dfc	str	x0, [x28]
0000000100002e00	add	x28, x28, #0x8
0000000100002e04	mov	x0, #0x0
0000000100002e08	str	x0, [x28]
0000000100002e0c	add	x28, x28, #0x8
0000000100002e10	mov	x0, #0x0
0000000100002e14	str	x0, [x28]
0000000100002e18	add	x28, x28, #0x8
0000000100002e1c	mov	x0, #0x0
0000000100002e20	str	x0, [x28]
0000000100002e24	add	x28, x28, #0x8
0000000100002e28	sub	x28, x28, #0x8
0000000100002e2c	ldr	x5, [x28]
0000000100002e30	sub	x28, x28, #0x8
0000000100002e34	ldr	x4, [x28]
0000000100002e38	sub	x28, x28, #0x8
0000000100002e3c	ldr	x3, [x28]
0000000100002e40	sub	x28, x28, #0x8
0000000100002e44	ldr	x2, [x28]
0000000100002e48	sub	x28, x28, #0x8
0000000100002e4c	ldr	x1, [x28]
0000000100002e50	sub	x28, x28, #0x8
0000000100002e54	ldr	x0, [x28]
0000000100002e58	mov	x16, #0x5
0000000100002e5c	svc	#0x80
0000000100002e60	b.lo	0x100002e68
0000000100002e64	neg	x0, x0
0000000100002e68	str	x0, [x28]
0000000100002e6c	add	x28, x28, #0x8
0000000100002e70	sub	x28, x28, #0x8
0000000100002e74	ldr	x0, [x28]
0000000100002e78	stur	x0, [x29, #-0x40]
0000000100002e7c	mov	x0, x29
0000000100002e80	sub	x0, x0, #0x18
0000000100002e84	str	x0, [x28]
0000000100002e88	add	x28, x28, #0x8
0000000100002e8c	sub	x28, x28, #0x8
0000000100002e90	ldr	x11, [x28]
0000000100002e94	mov	x10, x29
0000000100002e98	sub	x10, x10, #0x50
0000000100002e9c	ldr	x9, [x11]
0000000100002ea0	str	x9, [x10]
0000000100002ea4	ldr	x9, [x11, #0x8]
0000000100002ea8	str	x9, [x10, #0x8]
0000000100002eac	mov	x0, x29
0000000100002eb0	sub	x0, x0, #0x50
0000000100002eb4	str	x0, [x28]
0000000100002eb8	add	x28, x28, #0x8
0000000100002ebc	sub	x28, x28, #0x8
0000000100002ec0	ldr	x0, [x28]
0000000100002ec4	bl	0x100001434
0000000100002ec8	str	x0, [x28]
0000000100002ecc	add	x28, x28, #0x8
0000000100002ed0	sub	x28, x28, #0x8
0000000100002ed4	ldr	x0, [x28]
0000000100002ed8	ldur	x0, [x29, #-0x40]
0000000100002edc	str	x0, [x28]
0000000100002ee0	add	x28, x28, #0x8
0000000100002ee4	sub	x28, x28, #0x8
0000000100002ee8	ldr	x0, [x28]
0000000100002eec	b	0x100002ef0
0000000100002ef0	mov	sp, x29
0000000100002ef4	ldr	x29, [sp]
0000000100002ef8	ldr	x30, [sp, #0x8]
0000000100002efc	ldr	x28, [sp, #0x10]
0000000100002f00	add	sp, sp, #0x20
0000000100002f04	ret
0000000100002f08	sub	sp, sp, #0x20
0000000100002f0c	str	x29, [sp]
0000000100002f10	str	x30, [sp, #0x8]
0000000100002f14	str	x28, [sp, #0x10]
0000000100002f18	mov	x29, sp
0000000100002f1c	sub	sp, sp, #0x200
0000000100002f20	mov	x28, sp
0000000100002f24	stur	x0, [x29, #-0x8]
0000000100002f28	stur	x1, [x29, #-0x10]
0000000100002f2c	stur	x2, [x29, #-0x18]
0000000100002f30	ldur	x0, [x29, #-0x8]
0000000100002f34	str	x0, [x28]
0000000100002f38	add	x28, x28, #0x8
0000000100002f3c	mov	x0, #0x0
0000000100002f40	str	x0, [x28]
0000000100002f44	add	x28, x28, #0x8
0000000100002f48	sub	x28, x28, #0x8
0000000100002f4c	ldr	x1, [x28]
0000000100002f50	sub	x28, x28, #0x8
0000000100002f54	ldr	x0, [x28]
0000000100002f58	cmp	x0, x1
0000000100002f5c	b.ge	0x100002f68
0000000100002f60	mov	x0, #0x1
0000000100002f64	b	0x100002f6c
0000000100002f68	mov	x0, #0x0
0000000100002f6c	str	x0, [x28]
0000000100002f70	add	x28, x28, #0x8
0000000100002f74	sub	x28, x28, #0x8
0000000100002f78	ldr	x0, [x28]
0000000100002f7c	cmp	x0, #0x0
0000000100002f80	b.ne	0x100003024
0000000100002f84	ldur	x0, [x29, #-0x10]
0000000100002f88	str	x0, [x28]
0000000100002f8c	add	x28, x28, #0x8
0000000100002f90	sub	x28, x28, #0x8
0000000100002f94	ldr	x11, [x28]
0000000100002f98	mov	x10, x29
0000000100002f9c	sub	x10, x10, #0x28
0000000100002fa0	ldr	x9, [x11]
0000000100002fa4	str	x9, [x10]
0000000100002fa8	ldr	x9, [x11, #0x8]
0000000100002fac	str	x9, [x10, #0x8]
0000000100002fb0	mov	x0, x29
0000000100002fb4	sub	x0, x0, #0x28
0000000100002fb8	str	x0, [x28]
0000000100002fbc	add	x28, x28, #0x8
0000000100002fc0	sub	x28, x28, #0x8
0000000100002fc4	ldr	x0, [x28]
0000000100002fc8	bl	0x100001e4c
0000000100002fcc	str	x0, [x28]
0000000100002fd0	add	x28, x28, #0x8
0000000100002fd4	mov	x0, #0x1
0000000100002fd8	str	x0, [x28]
0000000100002fdc	add	x28, x28, #0x8
0000000100002fe0	sub	x28, x28, #0x8
0000000100002fe4	ldr	x1, [x28]
0000000100002fe8	sub	x28, x28, #0x8
0000000100002fec	ldr	x0, [x28]
0000000100002ff0	cmp	x0, x1
0000000100002ff4	b.eq	0x100003000
0000000100002ff8	mov	x0, #0x1
0000000100002ffc	b	0x100003004
0000000100003000	mov	x0, #0x0
0000000100003004	str	x0, [x28]
0000000100003008	add	x28, x28, #0x8
000000010000300c	sub	x28, x28, #0x8
0000000100003010	ldr	x0, [x28]
0000000100003014	cmp	x0, #0x0
0000000100003018	b.ne	0x100003024
000000010000301c	mov	x0, #0x0
0000000100003020	b	0x100003028
0000000100003024	mov	x0, #0x1
0000000100003028	str	x0, [x28]
000000010000302c	add	x28, x28, #0x8
0000000100003030	sub	x28, x28, #0x8
0000000100003034	ldr	x0, [x28]
0000000100003038	cmp	x0, #0x0
000000010000303c	b.ne	0x100003114
0000000100003040	ldur	x0, [x29, #-0x18]
0000000100003044	str	x0, [x28]
0000000100003048	add	x28, x28, #0x8
000000010000304c	mov	x0, #0x0
0000000100003050	str	x0, [x28]
0000000100003054	add	x28, x28, #0x8
0000000100003058	sub	x28, x28, #0x8
000000010000305c	ldr	x1, [x28]
0000000100003060	sub	x28, x28, #0x8
0000000100003064	ldr	x0, [x28]
0000000100003068	cmp	x0, x1
000000010000306c	b.eq	0x100003078
0000000100003070	mov	x0, #0x1
0000000100003074	b	0x10000307c
0000000100003078	mov	x0, #0x0
000000010000307c	str	x0, [x28]
0000000100003080	add	x28, x28, #0x8
0000000100003084	sub	x28, x28, #0x8
0000000100003088	ldr	x0, [x28]
000000010000308c	cmp	x0, #0x0
0000000100003090	b.eq	0x1000030f0
0000000100003094	ldur	x0, [x29, #-0x18]
0000000100003098	str	x0, [x28]
000000010000309c	add	x28, x28, #0x8
00000001000030a0	mov	x0, #0x1
00000001000030a4	str	x0, [x28]
00000001000030a8	add	x28, x28, #0x8
00000001000030ac	sub	x28, x28, #0x8
00000001000030b0	ldr	x1, [x28]
00000001000030b4	sub	x28, x28, #0x8
00000001000030b8	ldr	x0, [x28]
00000001000030bc	cmp	x0, x1
00000001000030c0	b.eq	0x1000030cc
00000001000030c4	mov	x0, #0x1
00000001000030c8	b	0x1000030d0
00000001000030cc	mov	x0, #0x0
00000001000030d0	str	x0, [x28]
00000001000030d4	add	x28, x28, #0x8
00000001000030d8	sub	x28, x28, #0x8
00000001000030dc	ldr	x0, [x28]
00000001000030e0	cmp	x0, #0x0
00000001000030e4	b.eq	0x1000030f0
00000001000030e8	mov	x0, #0x1
00000001000030ec	b	0x1000030f4
00000001000030f0	mov	x0, #0x0
00000001000030f4	str	x0, [x28]
00000001000030f8	add	x28, x28, #0x8
00000001000030fc	sub	x28, x28, #0x8
0000000100003100	ldr	x0, [x28]
0000000100003104	cmp	x0, #0x0
0000000100003108	b.ne	0x100003114
000000010000310c	mov	x0, #0x0
0000000100003110	b	0x100003118
0000000100003114	mov	x0, #0x1
0000000100003118	str	x0, [x28]
000000010000311c	add	x28, x28, #0x8
0000000100003120	sub	x28, x28, #0x8
0000000100003124	ldr	x0, [x28]
0000000100003128	cmp	x0, #0x0
000000010000312c	b.eq	0x100003160
0000000100003130	mov	x0, #0x1ce9
0000000100003134	str	x0, [x28]
0000000100003138	add	x28, x28, #0x8
000000010000313c	sub	x28, x28, #0x8
0000000100003140	ldr	x0, [x28]
0000000100003144	neg	x0, x0
0000000100003148	str	x0, [x28]
000000010000314c	add	x28, x28, #0x8
0000000100003150	sub	x28, x28, #0x8
0000000100003154	ldr	x0, [x28]
0000000100003158	b	0x100003444
000000010000315c	b	0x100003160
0000000100003160	ldur	x0, [x29, #-0x10]
0000000100003164	str	x0, [x28]
0000000100003168	add	x28, x28, #0x8
000000010000316c	sub	x28, x28, #0x8
0000000100003170	ldr	x11, [x28]
0000000100003174	mov	x10, x29
0000000100003178	sub	x10, x10, #0x48
000000010000317c	ldr	x9, [x11]
0000000100003180	str	x9, [x10]
0000000100003184	ldr	x9, [x11, #0x8]
0000000100003188	str	x9, [x10, #0x8]
000000010000318c	mov	x0, x29
0000000100003190	sub	x0, x0, #0x48
0000000100003194	str	x0, [x28]
0000000100003198	add	x28, x28, #0x8
000000010000319c	sub	x28, x28, #0x8
00000001000031a0	ldr	x0, [x28]
00000001000031a4	mov	x8, x29
00000001000031a8	sub	x8, x8, #0x58
00000001000031ac	bl	0x1000017f0
00000001000031b0	str	x0, [x28]
00000001000031b4	add	x28, x28, #0x8
00000001000031b8	sub	x28, x28, #0x8
00000001000031bc	ldr	x11, [x28]
00000001000031c0	mov	x10, x29
00000001000031c4	sub	x10, x10, #0x38
00000001000031c8	ldr	x9, [x11]
00000001000031cc	str	x9, [x10]
00000001000031d0	ldr	x9, [x11, #0x8]
00000001000031d4	str	x9, [x10, #0x8]
00000001000031d8	mov	x0, x29
00000001000031dc	sub	x0, x0, #0x38
00000001000031e0	str	x0, [x28]
00000001000031e4	add	x28, x28, #0x8
00000001000031e8	sub	x28, x28, #0x8
00000001000031ec	ldr	x10, [x28]
00000001000031f0	ldr	x0, [x10, #0x8]
00000001000031f4	str	x0, [x28]
00000001000031f8	add	x28, x28, #0x8
00000001000031fc	mov	x0, #0x0
0000000100003200	str	x0, [x28]
0000000100003204	add	x28, x28, #0x8
0000000100003208	sub	x28, x28, #0x8
000000010000320c	ldr	x1, [x28]
0000000100003210	sub	x28, x28, #0x8
0000000100003214	ldr	x0, [x28]
0000000100003218	cmp	x0, x1
000000010000321c	b.ne	0x100003228
0000000100003220	mov	x0, #0x1
0000000100003224	b	0x10000322c
0000000100003228	mov	x0, #0x0
000000010000322c	str	x0, [x28]
0000000100003230	add	x28, x28, #0x8
0000000100003234	sub	x28, x28, #0x8
0000000100003238	ldr	x0, [x28]
000000010000323c	cmp	x0, #0x0
0000000100003240	b.eq	0x100003274
0000000100003244	mov	x0, #0x1ce9
0000000100003248	str	x0, [x28]
000000010000324c	add	x28, x28, #0x8
0000000100003250	sub	x28, x28, #0x8
0000000100003254	ldr	x0, [x28]
0000000100003258	neg	x0, x0
000000010000325c	str	x0, [x28]
0000000100003260	add	x28, x28, #0x8
0000000100003264	sub	x28, x28, #0x8
0000000100003268	ldr	x0, [x28]
000000010000326c	b	0x100003444
0000000100003270	b	0x100003274
0000000100003274	mov	x0, #0x104
0000000100003278	movk	x0, #0x100, lsl #16
000000010000327c	str	x0, [x28]
0000000100003280	add	x28, x28, #0x8
0000000100003284	sub	x28, x28, #0x8
0000000100003288	ldr	x0, [x28]
000000010000328c	stur	x0, [x29, #-0x60]
0000000100003290	ldur	x0, [x29, #-0x18]
0000000100003294	str	x0, [x28]
0000000100003298	add	x28, x28, #0x8
000000010000329c	mov	x0, #0x1
00000001000032a0	str	x0, [x28]
00000001000032a4	add	x28, x28, #0x8
00000001000032a8	sub	x28, x28, #0x8
00000001000032ac	ldr	x1, [x28]
00000001000032b0	sub	x28, x28, #0x8
00000001000032b4	ldr	x0, [x28]
00000001000032b8	cmp	x0, x1
00000001000032bc	b.ne	0x1000032c8
00000001000032c0	mov	x0, #0x1
00000001000032c4	b	0x1000032cc
00000001000032c8	mov	x0, #0x0
00000001000032cc	str	x0, [x28]
00000001000032d0	add	x28, x28, #0x8
00000001000032d4	sub	x28, x28, #0x8
00000001000032d8	ldr	x0, [x28]
00000001000032dc	cmp	x0, #0x0
00000001000032e0	b.eq	0x10000331c
00000001000032e4	mov	x0, x29
00000001000032e8	sub	x0, x0, #0x60
00000001000032ec	str	x0, [x28]
00000001000032f0	add	x28, x28, #0x8
00000001000032f4	mov	x0, #0xb06
00000001000032f8	movk	x0, #0x100, lsl #16
00000001000032fc	str	x0, [x28]
0000000100003300	add	x28, x28, #0x8
0000000100003304	sub	x28, x28, #0x8
0000000100003308	ldr	x0, [x28]
000000010000330c	sub	x28, x28, #0x8
0000000100003310	ldr	x10, [x28]
0000000100003314	str	x0, [x10]
0000000100003318	b	0x10000331c
000000010000331c	ldur	x0, [x29, #-0x8]
0000000100003320	str	x0, [x28]
0000000100003324	add	x28, x28, #0x8
0000000100003328	mov	x0, x29
000000010000332c	sub	x0, x0, #0x38
0000000100003330	str	x0, [x28]
0000000100003334	add	x28, x28, #0x8
0000000100003338	sub	x28, x28, #0x8
000000010000333c	ldr	x10, [x28]
0000000100003340	ldr	x0, [x10]
0000000100003344	str	x0, [x28]
0000000100003348	add	x28, x28, #0x8
000000010000334c	ldur	x0, [x29, #-0x60]
0000000100003350	str	x0, [x28]
0000000100003354	add	x28, x28, #0x8
0000000100003358	mov	x0, #0x180
000000010000335c	str	x0, [x28]
0000000100003360	add	x28, x28, #0x8
0000000100003364	mov	x0, #0x0
0000000100003368	str	x0, [x28]
000000010000336c	add	x28, x28, #0x8
0000000100003370	mov	x0, #0x0
0000000100003374	str	x0, [x28]
0000000100003378	add	x28, x28, #0x8
000000010000337c	sub	x28, x28, #0x8
0000000100003380	ldr	x5, [x28]
0000000100003384	sub	x28, x28, #0x8
0000000100003388	ldr	x4, [x28]
000000010000338c	sub	x28, x28, #0x8
0000000100003390	ldr	x3, [x28]
0000000100003394	sub	x28, x28, #0x8
0000000100003398	ldr	x2, [x28]
000000010000339c	sub	x28, x28, #0x8
00000001000033a0	ldr	x1, [x28]
00000001000033a4	sub	x28, x28, #0x8
00000001000033a8	ldr	x0, [x28]
00000001000033ac	mov	x16, #0x1cf
00000001000033b0	svc	#0x80
00000001000033b4	b.lo	0x1000033bc
00000001000033b8	neg	x0, x0
00000001000033bc	str	x0, [x28]
00000001000033c0	add	x28, x28, #0x8
00000001000033c4	sub	x28, x28, #0x8
00000001000033c8	ldr	x0, [x28]
00000001000033cc	stur	x0, [x29, #-0x68]
00000001000033d0	mov	x0, x29
00000001000033d4	sub	x0, x0, #0x38
00000001000033d8	str	x0, [x28]
00000001000033dc	add	x28, x28, #0x8
00000001000033e0	sub	x28, x28, #0x8
00000001000033e4	ldr	x11, [x28]
00000001000033e8	mov	x10, x29
00000001000033ec	sub	x10, x10, #0x78
00000001000033f0	ldr	x9, [x11]
00000001000033f4	str	x9, [x10]
00000001000033f8	ldr	x9, [x11, #0x8]
00000001000033fc	str	x9, [x10, #0x8]
0000000100003400	mov	x0, x29
0000000100003404	sub	x0, x0, #0x78
0000000100003408	str	x0, [x28]
000000010000340c	add	x28, x28, #0x8
0000000100003410	sub	x28, x28, #0x8
0000000100003414	ldr	x0, [x28]
0000000100003418	bl	0x100001434
000000010000341c	str	x0, [x28]
0000000100003420	add	x28, x28, #0x8
0000000100003424	sub	x28, x28, #0x8
0000000100003428	ldr	x0, [x28]
000000010000342c	ldur	x0, [x29, #-0x68]
0000000100003430	str	x0, [x28]
0000000100003434	add	x28, x28, #0x8
0000000100003438	sub	x28, x28, #0x8
000000010000343c	ldr	x0, [x28]
0000000100003440	b	0x100003444
0000000100003444	mov	sp, x29
0000000100003448	ldr	x29, [sp]
000000010000344c	ldr	x30, [sp, #0x8]
0000000100003450	ldr	x28, [sp, #0x10]
0000000100003454	add	sp, sp, #0x20
0000000100003458	ret
000000010000345c	sub	sp, sp, #0x20
0000000100003460	str	x29, [sp]
0000000100003464	str	x30, [sp, #0x8]
0000000100003468	str	x28, [sp, #0x10]
000000010000346c	mov	x29, sp
0000000100003470	sub	sp, sp, #0x1d0
0000000100003474	mov	x28, sp
0000000100003478	stur	x0, [x29, #-0x8]
000000010000347c	mov	x0, #0x100
0000000100003480	str	x0, [x28]
0000000100003484	add	x28, x28, #0x8
0000000100003488	sub	x28, x28, #0x8
000000010000348c	ldr	x0, [x28]
0000000100003490	mov	x8, x29
0000000100003494	sub	x8, x8, #0x28
0000000100003498	bl	0x10000101c
000000010000349c	str	x0, [x28]
00000001000034a0	add	x28, x28, #0x8
00000001000034a4	sub	x28, x28, #0x8
00000001000034a8	ldr	x11, [x28]
00000001000034ac	mov	x10, x29
00000001000034b0	sub	x10, x10, #0x18
00000001000034b4	ldr	x9, [x11]
00000001000034b8	str	x9, [x10]
00000001000034bc	ldr	x9, [x11, #0x8]
00000001000034c0	str	x9, [x10, #0x8]
00000001000034c4	mov	x0, x29
00000001000034c8	sub	x0, x0, #0x18
00000001000034cc	str	x0, [x28]
00000001000034d0	add	x28, x28, #0x8
00000001000034d4	sub	x28, x28, #0x8
00000001000034d8	ldr	x10, [x28]
00000001000034dc	ldr	x0, [x10, #0x8]
00000001000034e0	str	x0, [x28]
00000001000034e4	add	x28, x28, #0x8
00000001000034e8	mov	x0, #0x0
00000001000034ec	str	x0, [x28]
00000001000034f0	add	x28, x28, #0x8
00000001000034f4	sub	x28, x28, #0x8
00000001000034f8	ldr	x1, [x28]
00000001000034fc	sub	x28, x28, #0x8
0000000100003500	ldr	x0, [x28]
0000000100003504	cmp	x0, x1
0000000100003508	b.ne	0x100003514
000000010000350c	mov	x0, #0x1
0000000100003510	b	0x100003518
0000000100003514	mov	x0, #0x0
0000000100003518	str	x0, [x28]
000000010000351c	add	x28, x28, #0x8
0000000100003520	sub	x28, x28, #0x8
0000000100003524	ldr	x0, [x28]
0000000100003528	cmp	x0, #0x0
000000010000352c	b.eq	0x10000354c
0000000100003530	mov	x0, #0x0
0000000100003534	str	x0, [x28]
0000000100003538	add	x28, x28, #0x8
000000010000353c	sub	x28, x28, #0x8
0000000100003540	ldr	x0, [x28]
0000000100003544	b	0x10000389c
0000000100003548	b	0x10000354c
000000010000354c	ldur	x0, [x29, #-0x8]
0000000100003550	str	x0, [x28]
0000000100003554	add	x28, x28, #0x8
0000000100003558	mov	x0, x29
000000010000355c	sub	x0, x0, #0x18
0000000100003560	str	x0, [x28]
0000000100003564	add	x28, x28, #0x8
0000000100003568	sub	x28, x28, #0x8
000000010000356c	ldr	x10, [x28]
0000000100003570	ldr	x0, [x10]
0000000100003574	str	x0, [x28]
0000000100003578	add	x28, x28, #0x8
000000010000357c	mov	x0, #0x0
0000000100003580	str	x0, [x28]
0000000100003584	add	x28, x28, #0x8
0000000100003588	mov	x0, #0x0
000000010000358c	str	x0, [x28]
0000000100003590	add	x28, x28, #0x8
0000000100003594	mov	x0, #0x0
0000000100003598	str	x0, [x28]
000000010000359c	add	x28, x28, #0x8
00000001000035a0	mov	x0, #0x0
00000001000035a4	str	x0, [x28]
00000001000035a8	add	x28, x28, #0x8
00000001000035ac	sub	x28, x28, #0x8
00000001000035b0	ldr	x5, [x28]
00000001000035b4	sub	x28, x28, #0x8
00000001000035b8	ldr	x4, [x28]
00000001000035bc	sub	x28, x28, #0x8
00000001000035c0	ldr	x3, [x28]
00000001000035c4	sub	x28, x28, #0x8
00000001000035c8	ldr	x2, [x28]
00000001000035cc	sub	x28, x28, #0x8
00000001000035d0	ldr	x1, [x28]
00000001000035d4	sub	x28, x28, #0x8
00000001000035d8	ldr	x0, [x28]
00000001000035dc	mov	x16, #0x153
00000001000035e0	svc	#0x80
00000001000035e4	b.lo	0x1000035ec
00000001000035e8	neg	x0, x0
00000001000035ec	str	x0, [x28]
00000001000035f0	add	x28, x28, #0x8
00000001000035f4	sub	x28, x28, #0x8
00000001000035f8	ldr	x0, [x28]
00000001000035fc	stur	x0, [x29, #-0x30]
0000000100003600	mov	x0, x29
0000000100003604	sub	x0, x0, #0x18
0000000100003608	str	x0, [x28]
000000010000360c	add	x28, x28, #0x8
0000000100003610	sub	x28, x28, #0x8
0000000100003614	ldr	x0, [x28]
0000000100003618	ldr	x0, [x0]
000000010000361c	str	x0, [x28]
0000000100003620	add	x28, x28, #0x8
0000000100003624	mov	x0, #0x4
0000000100003628	str	x0, [x28]
000000010000362c	add	x28, x28, #0x8
0000000100003630	sub	x28, x28, #0x8
0000000100003634	ldr	x1, [x28]
0000000100003638	sub	x28, x28, #0x8
000000010000363c	ldr	x0, [x28]
0000000100003640	add	x0, x0, x1
0000000100003644	str	x0, [x28]
0000000100003648	add	x28, x28, #0x8
000000010000364c	sub	x28, x28, #0x8
0000000100003650	ldr	x10, [x28]
0000000100003654	ldrb	w0, [x10]
0000000100003658	str	x0, [x28]
000000010000365c	add	x28, x28, #0x8
0000000100003660	sub	x28, x28, #0x8
0000000100003664	ldr	x0, [x28]
0000000100003668	sxtw	x0, w0
000000010000366c	str	x0, [x28]
0000000100003670	add	x28, x28, #0x8
0000000100003674	mov	x0, x29
0000000100003678	sub	x0, x0, #0x18
000000010000367c	str	x0, [x28]
0000000100003680	add	x28, x28, #0x8
0000000100003684	sub	x28, x28, #0x8
0000000100003688	ldr	x0, [x28]
000000010000368c	ldr	x0, [x0]
0000000100003690	str	x0, [x28]
0000000100003694	add	x28, x28, #0x8
0000000100003698	mov	x0, #0x5
000000010000369c	str	x0, [x28]
00000001000036a0	add	x28, x28, #0x8
00000001000036a4	sub	x28, x28, #0x8
00000001000036a8	ldr	x1, [x28]
00000001000036ac	sub	x28, x28, #0x8
00000001000036b0	ldr	x0, [x28]
00000001000036b4	add	x0, x0, x1
00000001000036b8	str	x0, [x28]
00000001000036bc	add	x28, x28, #0x8
00000001000036c0	sub	x28, x28, #0x8
00000001000036c4	ldr	x10, [x28]
00000001000036c8	ldrb	w0, [x10]
00000001000036cc	str	x0, [x28]
00000001000036d0	add	x28, x28, #0x8
00000001000036d4	sub	x28, x28, #0x8
00000001000036d8	ldr	x0, [x28]
00000001000036dc	sxtw	x0, w0
00000001000036e0	str	x0, [x28]
00000001000036e4	add	x28, x28, #0x8
00000001000036e8	mov	x0, #0x100
00000001000036ec	str	x0, [x28]
00000001000036f0	add	x28, x28, #0x8
00000001000036f4	sub	x28, x28, #0x8
00000001000036f8	ldr	x1, [x28]
00000001000036fc	sub	x28, x28, #0x8
0000000100003700	ldr	x0, [x28]
0000000100003704	mul	x0, x0, x1
0000000100003708	sxtw	x0, w0
000000010000370c	str	x0, [x28]
0000000100003710	add	x28, x28, #0x8
0000000100003714	sub	x28, x28, #0x8
0000000100003718	ldr	x1, [x28]
000000010000371c	sub	x28, x28, #0x8
0000000100003720	ldr	x0, [x28]
0000000100003724	add	x0, x0, x1
0000000100003728	sxtw	x0, w0
000000010000372c	str	x0, [x28]
0000000100003730	add	x28, x28, #0x8
0000000100003734	sub	x28, x28, #0x8
0000000100003738	ldr	x0, [x28]
000000010000373c	stur	x0, [x29, #-0x38]
0000000100003740	mov	x0, x29
0000000100003744	sub	x0, x0, #0x18
0000000100003748	str	x0, [x28]
000000010000374c	add	x28, x28, #0x8
0000000100003750	sub	x28, x28, #0x8
0000000100003754	ldr	x11, [x28]
0000000100003758	mov	x10, x29
000000010000375c	sub	x10, x10, #0x48
0000000100003760	ldr	x9, [x11]
0000000100003764	str	x9, [x10]
0000000100003768	ldr	x9, [x11, #0x8]
000000010000376c	str	x9, [x10, #0x8]
0000000100003770	mov	x0, x29
0000000100003774	sub	x0, x0, #0x48
0000000100003778	str	x0, [x28]
000000010000377c	add	x28, x28, #0x8
0000000100003780	sub	x28, x28, #0x8
0000000100003784	ldr	x0, [x28]
0000000100003788	bl	0x100001434
000000010000378c	str	x0, [x28]
0000000100003790	add	x28, x28, #0x8
0000000100003794	sub	x28, x28, #0x8
0000000100003798	ldr	x0, [x28]
000000010000379c	ldur	x0, [x29, #-0x30]
00000001000037a0	str	x0, [x28]
00000001000037a4	add	x28, x28, #0x8
00000001000037a8	mov	x0, #0x0
00000001000037ac	str	x0, [x28]
00000001000037b0	add	x28, x28, #0x8
00000001000037b4	sub	x28, x28, #0x8
00000001000037b8	ldr	x1, [x28]
00000001000037bc	sub	x28, x28, #0x8
00000001000037c0	ldr	x0, [x28]
00000001000037c4	cmp	x0, x1
00000001000037c8	b.ge	0x1000037d4
00000001000037cc	mov	x0, #0x1
00000001000037d0	b	0x1000037d8
00000001000037d4	mov	x0, #0x0
00000001000037d8	str	x0, [x28]
00000001000037dc	add	x28, x28, #0x8
00000001000037e0	sub	x28, x28, #0x8
00000001000037e4	ldr	x0, [x28]
00000001000037e8	cmp	x0, #0x0
00000001000037ec	b.eq	0x10000380c
00000001000037f0	mov	x0, #0x0
00000001000037f4	str	x0, [x28]
00000001000037f8	add	x28, x28, #0x8
00000001000037fc	sub	x28, x28, #0x8
0000000100003800	ldr	x0, [x28]
0000000100003804	b	0x10000389c
0000000100003808	b	0x10000380c
000000010000380c	ldur	x0, [x29, #-0x38]
0000000100003810	str	x0, [x28]
0000000100003814	add	x28, x28, #0x8
0000000100003818	mov	x0, #0xf000
000000010000381c	str	x0, [x28]
0000000100003820	add	x28, x28, #0x8
0000000100003824	sub	x28, x28, #0x8
0000000100003828	ldr	x1, [x28]
000000010000382c	sub	x28, x28, #0x8
0000000100003830	ldr	x0, [x28]
0000000100003834	and	x0, x0, x1
0000000100003838	sxtw	x0, w0
000000010000383c	str	x0, [x28]
0000000100003840	add	x28, x28, #0x8
0000000100003844	mov	x0, #0x8000
0000000100003848	str	x0, [x28]
000000010000384c	add	x28, x28, #0x8
0000000100003850	sub	x28, x28, #0x8
0000000100003854	ldr	x1, [x28]
0000000100003858	sub	x28, x28, #0x8
000000010000385c	ldr	x0, [x28]
0000000100003860	cmp	x0, x1
0000000100003864	b.ne	0x100003870
0000000100003868	mov	x0, #0x1
000000010000386c	b	0x100003874
0000000100003870	mov	x0, #0x0
0000000100003874	str	x0, [x28]
0000000100003878	add	x28, x28, #0x8
000000010000387c	sub	x28, x28, #0x8
0000000100003880	ldr	x0, [x28]
0000000100003884	sxtw	x0, w0
0000000100003888	str	x0, [x28]
000000010000388c	add	x28, x28, #0x8
0000000100003890	sub	x28, x28, #0x8
0000000100003894	ldr	x0, [x28]
0000000100003898	b	0x10000389c
000000010000389c	mov	sp, x29
00000001000038a0	ldr	x29, [sp]
00000001000038a4	ldr	x30, [sp, #0x8]
00000001000038a8	ldr	x28, [sp, #0x10]
00000001000038ac	add	sp, sp, #0x20
00000001000038b0	ret
00000001000038b4	sub	sp, sp, #0x20
00000001000038b8	str	x29, [sp]
00000001000038bc	str	x30, [sp, #0x8]
00000001000038c0	str	x28, [sp, #0x10]
00000001000038c4	mov	x29, sp
00000001000038c8	sub	sp, sp, #0x260
00000001000038cc	mov	x28, sp
00000001000038d0	stur	x0, [x29, #-0x8]
00000001000038d4	stur	x1, [x29, #-0x10]
00000001000038d8	stur	x2, [x29, #-0x18]
00000001000038dc	ldur	x0, [x29, #-0x8]
00000001000038e0	str	x0, [x28]
00000001000038e4	add	x28, x28, #0x8
00000001000038e8	mov	x0, #0x0
00000001000038ec	str	x0, [x28]
00000001000038f0	add	x28, x28, #0x8
00000001000038f4	sub	x28, x28, #0x8
00000001000038f8	ldr	x1, [x28]
00000001000038fc	sub	x28, x28, #0x8
0000000100003900	ldr	x0, [x28]
0000000100003904	cmp	x0, x1
0000000100003908	b.ge	0x100003914
000000010000390c	mov	x0, #0x1
0000000100003910	b	0x100003918
0000000100003914	mov	x0, #0x0
0000000100003918	str	x0, [x28]
000000010000391c	add	x28, x28, #0x8
0000000100003920	sub	x28, x28, #0x8
0000000100003924	ldr	x0, [x28]
0000000100003928	cmp	x0, #0x0
000000010000392c	b.ne	0x1000039d0
0000000100003930	ldur	x0, [x29, #-0x10]
0000000100003934	str	x0, [x28]
0000000100003938	add	x28, x28, #0x8
000000010000393c	sub	x28, x28, #0x8
0000000100003940	ldr	x11, [x28]
0000000100003944	mov	x10, x29
0000000100003948	sub	x10, x10, #0x28
000000010000394c	ldr	x9, [x11]
0000000100003950	str	x9, [x10]
0000000100003954	ldr	x9, [x11, #0x8]
0000000100003958	str	x9, [x10, #0x8]
000000010000395c	mov	x0, x29
0000000100003960	sub	x0, x0, #0x28
0000000100003964	str	x0, [x28]
0000000100003968	add	x28, x28, #0x8
000000010000396c	sub	x28, x28, #0x8
0000000100003970	ldr	x0, [x28]
0000000100003974	bl	0x100001e4c
0000000100003978	str	x0, [x28]
000000010000397c	add	x28, x28, #0x8
0000000100003980	mov	x0, #0x1
0000000100003984	str	x0, [x28]
0000000100003988	add	x28, x28, #0x8
000000010000398c	sub	x28, x28, #0x8
0000000100003990	ldr	x1, [x28]
0000000100003994	sub	x28, x28, #0x8
0000000100003998	ldr	x0, [x28]
000000010000399c	cmp	x0, x1
00000001000039a0	b.eq	0x1000039ac
00000001000039a4	mov	x0, #0x1
00000001000039a8	b	0x1000039b0
00000001000039ac	mov	x0, #0x0
00000001000039b0	str	x0, [x28]
00000001000039b4	add	x28, x28, #0x8
00000001000039b8	sub	x28, x28, #0x8
00000001000039bc	ldr	x0, [x28]
00000001000039c0	cmp	x0, #0x0
00000001000039c4	b.ne	0x1000039d0
00000001000039c8	mov	x0, #0x0
00000001000039cc	b	0x1000039d4
00000001000039d0	mov	x0, #0x1
00000001000039d4	str	x0, [x28]
00000001000039d8	add	x28, x28, #0x8
00000001000039dc	sub	x28, x28, #0x8
00000001000039e0	ldr	x0, [x28]
00000001000039e4	cmp	x0, #0x0
00000001000039e8	b.ne	0x100003a8c
00000001000039ec	ldur	x0, [x29, #-0x18]
00000001000039f0	str	x0, [x28]
00000001000039f4	add	x28, x28, #0x8
00000001000039f8	sub	x28, x28, #0x8
00000001000039fc	ldr	x11, [x28]
0000000100003a00	mov	x10, x29
0000000100003a04	sub	x10, x10, #0x38
0000000100003a08	ldr	x9, [x11]
0000000100003a0c	str	x9, [x10]
0000000100003a10	ldr	x9, [x11, #0x8]
0000000100003a14	str	x9, [x10, #0x8]
0000000100003a18	mov	x0, x29
0000000100003a1c	sub	x0, x0, #0x38
0000000100003a20	str	x0, [x28]
0000000100003a24	add	x28, x28, #0x8
0000000100003a28	sub	x28, x28, #0x8
0000000100003a2c	ldr	x0, [x28]
0000000100003a30	bl	0x100001e4c
0000000100003a34	str	x0, [x28]
0000000100003a38	add	x28, x28, #0x8
0000000100003a3c	mov	x0, #0x1
0000000100003a40	str	x0, [x28]
0000000100003a44	add	x28, x28, #0x8
0000000100003a48	sub	x28, x28, #0x8
0000000100003a4c	ldr	x1, [x28]
0000000100003a50	sub	x28, x28, #0x8
0000000100003a54	ldr	x0, [x28]
0000000100003a58	cmp	x0, x1
0000000100003a5c	b.eq	0x100003a68
0000000100003a60	mov	x0, #0x1
0000000100003a64	b	0x100003a6c
0000000100003a68	mov	x0, #0x0
0000000100003a6c	str	x0, [x28]
0000000100003a70	add	x28, x28, #0x8
0000000100003a74	sub	x28, x28, #0x8
0000000100003a78	ldr	x0, [x28]
0000000100003a7c	cmp	x0, #0x0
0000000100003a80	b.ne	0x100003a8c
0000000100003a84	mov	x0, #0x0
0000000100003a88	b	0x100003a90
0000000100003a8c	mov	x0, #0x1
0000000100003a90	str	x0, [x28]
0000000100003a94	add	x28, x28, #0x8
0000000100003a98	sub	x28, x28, #0x8
0000000100003a9c	ldr	x0, [x28]
0000000100003aa0	cmp	x0, #0x0
0000000100003aa4	b.eq	0x100003ad8
0000000100003aa8	mov	x0, #0x1ce9
0000000100003aac	str	x0, [x28]
0000000100003ab0	add	x28, x28, #0x8
0000000100003ab4	sub	x28, x28, #0x8
0000000100003ab8	ldr	x0, [x28]
0000000100003abc	neg	x0, x0
0000000100003ac0	str	x0, [x28]
0000000100003ac4	add	x28, x28, #0x8
0000000100003ac8	sub	x28, x28, #0x8
0000000100003acc	ldr	x0, [x28]
0000000100003ad0	b	0x100003f48
0000000100003ad4	b	0x100003ad8
0000000100003ad8	ldur	x0, [x29, #-0x10]
0000000100003adc	str	x0, [x28]
0000000100003ae0	add	x28, x28, #0x8
0000000100003ae4	sub	x28, x28, #0x8
0000000100003ae8	ldr	x11, [x28]
0000000100003aec	mov	x10, x29
0000000100003af0	sub	x10, x10, #0x58
0000000100003af4	ldr	x9, [x11]
0000000100003af8	str	x9, [x10]
0000000100003afc	ldr	x9, [x11, #0x8]
0000000100003b00	str	x9, [x10, #0x8]
0000000100003b04	mov	x0, x29
0000000100003b08	sub	x0, x0, #0x58
0000000100003b0c	str	x0, [x28]
0000000100003b10	add	x28, x28, #0x8
0000000100003b14	sub	x28, x28, #0x8
0000000100003b18	ldr	x0, [x28]
0000000100003b1c	mov	x8, x29
0000000100003b20	sub	x8, x8, #0x68
0000000100003b24	bl	0x1000017f0
0000000100003b28	str	x0, [x28]
0000000100003b2c	add	x28, x28, #0x8
0000000100003b30	sub	x28, x28, #0x8
0000000100003b34	ldr	x11, [x28]
0000000100003b38	mov	x10, x29
0000000100003b3c	sub	x10, x10, #0x48
0000000100003b40	ldr	x9, [x11]
0000000100003b44	str	x9, [x10]
0000000100003b48	ldr	x9, [x11, #0x8]
0000000100003b4c	str	x9, [x10, #0x8]
0000000100003b50	ldur	x0, [x29, #-0x18]
0000000100003b54	str	x0, [x28]
0000000100003b58	add	x28, x28, #0x8
0000000100003b5c	sub	x28, x28, #0x8
0000000100003b60	ldr	x11, [x28]
0000000100003b64	mov	x10, x29
0000000100003b68	sub	x10, x10, #0x88
0000000100003b6c	ldr	x9, [x11]
0000000100003b70	str	x9, [x10]
0000000100003b74	ldr	x9, [x11, #0x8]
0000000100003b78	str	x9, [x10, #0x8]
0000000100003b7c	mov	x0, x29
0000000100003b80	sub	x0, x0, #0x88
0000000100003b84	str	x0, [x28]
0000000100003b88	add	x28, x28, #0x8
0000000100003b8c	sub	x28, x28, #0x8
0000000100003b90	ldr	x0, [x28]
0000000100003b94	mov	x8, x29
0000000100003b98	sub	x8, x8, #0x98
0000000100003b9c	bl	0x1000017f0
0000000100003ba0	str	x0, [x28]
0000000100003ba4	add	x28, x28, #0x8
0000000100003ba8	sub	x28, x28, #0x8
0000000100003bac	ldr	x11, [x28]
0000000100003bb0	mov	x10, x29
0000000100003bb4	sub	x10, x10, #0x78
0000000100003bb8	ldr	x9, [x11]
0000000100003bbc	str	x9, [x10]
0000000100003bc0	ldr	x9, [x11, #0x8]
0000000100003bc4	str	x9, [x10, #0x8]
0000000100003bc8	mov	x0, x29
0000000100003bcc	sub	x0, x0, #0x48
0000000100003bd0	str	x0, [x28]
0000000100003bd4	add	x28, x28, #0x8
0000000100003bd8	sub	x28, x28, #0x8
0000000100003bdc	ldr	x10, [x28]
0000000100003be0	ldr	x0, [x10, #0x8]
0000000100003be4	str	x0, [x28]
0000000100003be8	add	x28, x28, #0x8
0000000100003bec	mov	x0, #0x0
0000000100003bf0	str	x0, [x28]
0000000100003bf4	add	x28, x28, #0x8
0000000100003bf8	sub	x28, x28, #0x8
0000000100003bfc	ldr	x1, [x28]
0000000100003c00	sub	x28, x28, #0x8
0000000100003c04	ldr	x0, [x28]
0000000100003c08	cmp	x0, x1
0000000100003c0c	b.ne	0x100003c18
0000000100003c10	mov	x0, #0x1
0000000100003c14	b	0x100003c1c
0000000100003c18	mov	x0, #0x0
0000000100003c1c	str	x0, [x28]
0000000100003c20	add	x28, x28, #0x8
0000000100003c24	sub	x28, x28, #0x8
0000000100003c28	ldr	x0, [x28]
0000000100003c2c	cmp	x0, #0x0
0000000100003c30	b.ne	0x100003ca8
0000000100003c34	mov	x0, x29
0000000100003c38	sub	x0, x0, #0x78
0000000100003c3c	str	x0, [x28]
0000000100003c40	add	x28, x28, #0x8
0000000100003c44	sub	x28, x28, #0x8
0000000100003c48	ldr	x10, [x28]
0000000100003c4c	ldr	x0, [x10, #0x8]
0000000100003c50	str	x0, [x28]
0000000100003c54	add	x28, x28, #0x8
0000000100003c58	mov	x0, #0x0
0000000100003c5c	str	x0, [x28]
0000000100003c60	add	x28, x28, #0x8
0000000100003c64	sub	x28, x28, #0x8
0000000100003c68	ldr	x1, [x28]
0000000100003c6c	sub	x28, x28, #0x8
0000000100003c70	ldr	x0, [x28]
0000000100003c74	cmp	x0, x1
0000000100003c78	b.ne	0x100003c84
0000000100003c7c	mov	x0, #0x1
0000000100003c80	b	0x100003c88
0000000100003c84	mov	x0, #0x0
0000000100003c88	str	x0, [x28]
0000000100003c8c	add	x28, x28, #0x8
0000000100003c90	sub	x28, x28, #0x8
0000000100003c94	ldr	x0, [x28]
0000000100003c98	cmp	x0, #0x0
0000000100003c9c	b.ne	0x100003ca8
0000000100003ca0	mov	x0, #0x0
0000000100003ca4	b	0x100003cac
0000000100003ca8	mov	x0, #0x1
0000000100003cac	str	x0, [x28]
0000000100003cb0	add	x28, x28, #0x8
0000000100003cb4	sub	x28, x28, #0x8
0000000100003cb8	ldr	x0, [x28]
0000000100003cbc	cmp	x0, #0x0
0000000100003cc0	b.eq	0x100003dac
0000000100003cc4	mov	x0, x29
0000000100003cc8	sub	x0, x0, #0x48
0000000100003ccc	str	x0, [x28]
0000000100003cd0	add	x28, x28, #0x8
0000000100003cd4	sub	x28, x28, #0x8
0000000100003cd8	ldr	x11, [x28]
0000000100003cdc	mov	x10, x29
0000000100003ce0	sub	x10, x10, #0xa8
0000000100003ce4	ldr	x9, [x11]
0000000100003ce8	str	x9, [x10]
0000000100003cec	ldr	x9, [x11, #0x8]
0000000100003cf0	str	x9, [x10, #0x8]
0000000100003cf4	mov	x0, x29
0000000100003cf8	sub	x0, x0, #0xa8
0000000100003cfc	str	x0, [x28]
0000000100003d00	add	x28, x28, #0x8
0000000100003d04	sub	x28, x28, #0x8
0000000100003d08	ldr	x0, [x28]
0000000100003d0c	bl	0x100001434
0000000100003d10	str	x0, [x28]
0000000100003d14	add	x28, x28, #0x8
0000000100003d18	sub	x28, x28, #0x8
0000000100003d1c	ldr	x0, [x28]
0000000100003d20	mov	x0, x29
0000000100003d24	sub	x0, x0, #0x78
0000000100003d28	str	x0, [x28]
0000000100003d2c	add	x28, x28, #0x8
0000000100003d30	sub	x28, x28, #0x8
0000000100003d34	ldr	x11, [x28]
0000000100003d38	mov	x10, x29
0000000100003d3c	sub	x10, x10, #0xb8
0000000100003d40	ldr	x9, [x11]
0000000100003d44	str	x9, [x10]
0000000100003d48	ldr	x9, [x11, #0x8]
0000000100003d4c	str	x9, [x10, #0x8]
0000000100003d50	mov	x0, x29
0000000100003d54	sub	x0, x0, #0xb8
0000000100003d58	str	x0, [x28]
0000000100003d5c	add	x28, x28, #0x8
0000000100003d60	sub	x28, x28, #0x8
0000000100003d64	ldr	x0, [x28]
0000000100003d68	bl	0x100001434
0000000100003d6c	str	x0, [x28]
0000000100003d70	add	x28, x28, #0x8
0000000100003d74	sub	x28, x28, #0x8
0000000100003d78	ldr	x0, [x28]
0000000100003d7c	mov	x0, #0x1ce9
0000000100003d80	str	x0, [x28]
0000000100003d84	add	x28, x28, #0x8
0000000100003d88	sub	x28, x28, #0x8
0000000100003d8c	ldr	x0, [x28]
0000000100003d90	neg	x0, x0
0000000100003d94	str	x0, [x28]
0000000100003d98	add	x28, x28, #0x8
0000000100003d9c	sub	x28, x28, #0x8
0000000100003da0	ldr	x0, [x28]
0000000100003da4	b	0x100003f48
0000000100003da8	b	0x100003dac
0000000100003dac	ldur	x0, [x29, #-0x8]
0000000100003db0	str	x0, [x28]
0000000100003db4	add	x28, x28, #0x8
0000000100003db8	mov	x0, x29
0000000100003dbc	sub	x0, x0, #0x48
0000000100003dc0	str	x0, [x28]
0000000100003dc4	add	x28, x28, #0x8
0000000100003dc8	sub	x28, x28, #0x8
0000000100003dcc	ldr	x10, [x28]
0000000100003dd0	ldr	x0, [x10]
0000000100003dd4	str	x0, [x28]
0000000100003dd8	add	x28, x28, #0x8
0000000100003ddc	ldur	x0, [x29, #-0x8]
0000000100003de0	str	x0, [x28]
0000000100003de4	add	x28, x28, #0x8
0000000100003de8	mov	x0, x29
0000000100003dec	sub	x0, x0, #0x78
0000000100003df0	str	x0, [x28]
0000000100003df4	add	x28, x28, #0x8
0000000100003df8	sub	x28, x28, #0x8
0000000100003dfc	ldr	x10, [x28]
0000000100003e00	ldr	x0, [x10]
0000000100003e04	str	x0, [x28]
0000000100003e08	add	x28, x28, #0x8
0000000100003e0c	mov	x0, #0x0
0000000100003e10	str	x0, [x28]
0000000100003e14	add	x28, x28, #0x8
0000000100003e18	mov	x0, #0x0
0000000100003e1c	str	x0, [x28]
0000000100003e20	add	x28, x28, #0x8
0000000100003e24	sub	x28, x28, #0x8
0000000100003e28	ldr	x5, [x28]
0000000100003e2c	sub	x28, x28, #0x8
0000000100003e30	ldr	x4, [x28]
0000000100003e34	sub	x28, x28, #0x8
0000000100003e38	ldr	x3, [x28]
0000000100003e3c	sub	x28, x28, #0x8
0000000100003e40	ldr	x2, [x28]
0000000100003e44	sub	x28, x28, #0x8
0000000100003e48	ldr	x1, [x28]
0000000100003e4c	sub	x28, x28, #0x8
0000000100003e50	ldr	x0, [x28]
0000000100003e54	mov	x16, #0x1d7
0000000100003e58	svc	#0x80
0000000100003e5c	b.lo	0x100003e64
0000000100003e60	neg	x0, x0
0000000100003e64	str	x0, [x28]
0000000100003e68	add	x28, x28, #0x8
0000000100003e6c	sub	x28, x28, #0x8
0000000100003e70	ldr	x0, [x28]
0000000100003e74	stur	x0, [x29, #-0xc0]
0000000100003e78	mov	x0, x29
0000000100003e7c	sub	x0, x0, #0x48
0000000100003e80	str	x0, [x28]
0000000100003e84	add	x28, x28, #0x8
0000000100003e88	sub	x28, x28, #0x8
0000000100003e8c	ldr	x11, [x28]
0000000100003e90	mov	x10, x29
0000000100003e94	sub	x10, x10, #0xd0
0000000100003e98	ldr	x9, [x11]
0000000100003e9c	str	x9, [x10]
0000000100003ea0	ldr	x9, [x11, #0x8]
0000000100003ea4	str	x9, [x10, #0x8]
0000000100003ea8	mov	x0, x29
0000000100003eac	sub	x0, x0, #0xd0
0000000100003eb0	str	x0, [x28]
0000000100003eb4	add	x28, x28, #0x8
0000000100003eb8	sub	x28, x28, #0x8
0000000100003ebc	ldr	x0, [x28]
0000000100003ec0	bl	0x100001434
0000000100003ec4	str	x0, [x28]
0000000100003ec8	add	x28, x28, #0x8
0000000100003ecc	sub	x28, x28, #0x8
0000000100003ed0	ldr	x0, [x28]
0000000100003ed4	mov	x0, x29
0000000100003ed8	sub	x0, x0, #0x78
0000000100003edc	str	x0, [x28]
0000000100003ee0	add	x28, x28, #0x8
0000000100003ee4	sub	x28, x28, #0x8
0000000100003ee8	ldr	x11, [x28]
0000000100003eec	mov	x10, x29
0000000100003ef0	sub	x10, x10, #0xe0
0000000100003ef4	ldr	x9, [x11]
0000000100003ef8	str	x9, [x10]
0000000100003efc	ldr	x9, [x11, #0x8]
0000000100003f00	str	x9, [x10, #0x8]
0000000100003f04	mov	x0, x29
0000000100003f08	sub	x0, x0, #0xe0
0000000100003f0c	str	x0, [x28]
0000000100003f10	add	x28, x28, #0x8
0000000100003f14	sub	x28, x28, #0x8
0000000100003f18	ldr	x0, [x28]
0000000100003f1c	bl	0x100001434
0000000100003f20	str	x0, [x28]
0000000100003f24	add	x28, x28, #0x8
0000000100003f28	sub	x28, x28, #0x8
0000000100003f2c	ldr	x0, [x28]
0000000100003f30	ldur	x0, [x29, #-0xc0]
0000000100003f34	str	x0, [x28]
0000000100003f38	add	x28, x28, #0x8
0000000100003f3c	sub	x28, x28, #0x8
0000000100003f40	ldr	x0, [x28]
0000000100003f44	b	0x100003f48
0000000100003f48	mov	sp, x29
0000000100003f4c	ldr	x29, [sp]
0000000100003f50	ldr	x30, [sp, #0x8]
0000000100003f54	ldr	x28, [sp, #0x10]
0000000100003f58	add	sp, sp, #0x20
0000000100003f5c	ret
0000000100003f60	sub	sp, sp, #0x20
0000000100003f64	str	x29, [sp]
0000000100003f68	str	x30, [sp, #0x8]
0000000100003f6c	str	x28, [sp, #0x10]
0000000100003f70	mov	x29, sp
0000000100003f74	sub	sp, sp, #0x1b0
0000000100003f78	mov	x28, sp
0000000100003f7c	stur	x0, [x29, #-0x8]
0000000100003f80	stur	x1, [x29, #-0x10]
0000000100003f84	ldur	x0, [x29, #-0x8]
0000000100003f88	str	x0, [x28]
0000000100003f8c	add	x28, x28, #0x8
0000000100003f90	mov	x0, #0x0
0000000100003f94	str	x0, [x28]
0000000100003f98	add	x28, x28, #0x8
0000000100003f9c	sub	x28, x28, #0x8
0000000100003fa0	ldr	x1, [x28]
0000000100003fa4	sub	x28, x28, #0x8
0000000100003fa8	ldr	x0, [x28]
0000000100003fac	cmp	x0, x1
0000000100003fb0	b.ge	0x100003fbc
0000000100003fb4	mov	x0, #0x1
0000000100003fb8	b	0x100003fc0
0000000100003fbc	mov	x0, #0x0
0000000100003fc0	str	x0, [x28]
0000000100003fc4	add	x28, x28, #0x8
0000000100003fc8	sub	x28, x28, #0x8
0000000100003fcc	ldr	x0, [x28]
0000000100003fd0	cmp	x0, #0x0
0000000100003fd4	b.ne	0x100004048
0000000100003fd8	ldur	x0, [x29, #-0x10]
0000000100003fdc	str	x0, [x28]
0000000100003fe0	add	x28, x28, #0x8
0000000100003fe4	sub	x28, x28, #0x8
0000000100003fe8	ldr	x10, [x28]
0000000100003fec	ldr	x0, [x10, #0x8]
0000000100003ff0	str	x0, [x28]
0000000100003ff4	add	x28, x28, #0x8
0000000100003ff8	mov	x0, #0x0
0000000100003ffc	str	x0, [x28]
0000000100004000	add	x28, x28, #0x8
0000000100004004	sub	x28, x28, #0x8
0000000100004008	ldr	x1, [x28]
000000010000400c	sub	x28, x28, #0x8
0000000100004010	ldr	x0, [x28]
0000000100004014	cmp	x0, x1
0000000100004018	b.ge	0x100004024
000000010000401c	mov	x0, #0x1
0000000100004020	b	0x100004028
0000000100004024	mov	x0, #0x0
0000000100004028	str	x0, [x28]
000000010000402c	add	x28, x28, #0x8
0000000100004030	sub	x28, x28, #0x8
0000000100004034	ldr	x0, [x28]
0000000100004038	cmp	x0, #0x0
000000010000403c	b.ne	0x100004048
0000000100004040	mov	x0, #0x0
0000000100004044	b	0x10000404c
0000000100004048	mov	x0, #0x1
000000010000404c	str	x0, [x28]
0000000100004050	add	x28, x28, #0x8
0000000100004054	sub	x28, x28, #0x8
0000000100004058	ldr	x0, [x28]
000000010000405c	cmp	x0, #0x0
0000000100004060	b.ne	0x1000040d8
0000000100004064	ldur	x0, [x29, #-0x10]
0000000100004068	str	x0, [x28]
000000010000406c	add	x28, x28, #0x8
0000000100004070	sub	x28, x28, #0x8
0000000100004074	ldr	x10, [x28]
0000000100004078	ldr	x0, [x10, #0x8]
000000010000407c	str	x0, [x28]
0000000100004080	add	x28, x28, #0x8
0000000100004084	mov	x0, #0x0
0000000100004088	movk	x0, #0x10, lsl #16
000000010000408c	str	x0, [x28]
0000000100004090	add	x28, x28, #0x8
0000000100004094	sub	x28, x28, #0x8
0000000100004098	ldr	x1, [x28]
000000010000409c	sub	x28, x28, #0x8
00000001000040a0	ldr	x0, [x28]
00000001000040a4	cmp	x0, x1
00000001000040a8	b.le	0x1000040b4
00000001000040ac	mov	x0, #0x1
00000001000040b0	b	0x1000040b8
00000001000040b4	mov	x0, #0x0
00000001000040b8	str	x0, [x28]
00000001000040bc	add	x28, x28, #0x8
00000001000040c0	sub	x28, x28, #0x8
00000001000040c4	ldr	x0, [x28]
00000001000040c8	cmp	x0, #0x0
00000001000040cc	b.ne	0x1000040d8
00000001000040d0	mov	x0, #0x0
00000001000040d4	b	0x1000040dc
00000001000040d8	mov	x0, #0x1
00000001000040dc	str	x0, [x28]
00000001000040e0	add	x28, x28, #0x8
00000001000040e4	sub	x28, x28, #0x8
00000001000040e8	ldr	x0, [x28]
00000001000040ec	cmp	x0, #0x0
00000001000040f0	b.eq	0x100004124
00000001000040f4	mov	x0, #0x1ce9
00000001000040f8	str	x0, [x28]
00000001000040fc	add	x28, x28, #0x8
0000000100004100	sub	x28, x28, #0x8
0000000100004104	ldr	x0, [x28]
0000000100004108	neg	x0, x0
000000010000410c	str	x0, [x28]
0000000100004110	add	x28, x28, #0x8
0000000100004114	sub	x28, x28, #0x8
0000000100004118	ldr	x0, [x28]
000000010000411c	b	0x1000045a4
0000000100004120	b	0x100004124
0000000100004124	mov	x0, #0x0
0000000100004128	str	x0, [x28]
000000010000412c	add	x28, x28, #0x8
0000000100004130	sub	x28, x28, #0x8
0000000100004134	ldr	x0, [x28]
0000000100004138	stur	x0, [x29, #-0x18]
000000010000413c	mov	x0, #0x0
0000000100004140	str	x0, [x28]
0000000100004144	add	x28, x28, #0x8
0000000100004148	sub	x28, x28, #0x8
000000010000414c	ldr	x0, [x28]
0000000100004150	stur	x0, [x29, #-0x20]
0000000100004154	ldur	x0, [x29, #-0x18]
0000000100004158	str	x0, [x28]
000000010000415c	add	x28, x28, #0x8
0000000100004160	ldur	x0, [x29, #-0x10]
0000000100004164	str	x0, [x28]
0000000100004168	add	x28, x28, #0x8
000000010000416c	sub	x28, x28, #0x8
0000000100004170	ldr	x10, [x28]
0000000100004174	ldr	x0, [x10, #0x8]
0000000100004178	str	x0, [x28]
000000010000417c	add	x28, x28, #0x8
0000000100004180	sub	x28, x28, #0x8
0000000100004184	ldr	x1, [x28]
0000000100004188	sub	x28, x28, #0x8
000000010000418c	ldr	x0, [x28]
0000000100004190	cmp	x0, x1
0000000100004194	b.ge	0x1000041a0
0000000100004198	mov	x0, #0x1
000000010000419c	b	0x1000041a4
00000001000041a0	mov	x0, #0x0
00000001000041a4	str	x0, [x28]
00000001000041a8	add	x28, x28, #0x8
00000001000041ac	sub	x28, x28, #0x8
00000001000041b0	ldr	x0, [x28]
00000001000041b4	cmp	x0, #0x0
00000001000041b8	b.eq	0x100004218
00000001000041bc	ldur	x0, [x29, #-0x20]
00000001000041c0	str	x0, [x28]
00000001000041c4	add	x28, x28, #0x8
00000001000041c8	mov	x0, #0x1000
00000001000041cc	str	x0, [x28]
00000001000041d0	add	x28, x28, #0x8
00000001000041d4	sub	x28, x28, #0x8
00000001000041d8	ldr	x1, [x28]
00000001000041dc	sub	x28, x28, #0x8
00000001000041e0	ldr	x0, [x28]
00000001000041e4	cmp	x0, x1
00000001000041e8	b.ge	0x1000041f4
00000001000041ec	mov	x0, #0x1
00000001000041f0	b	0x1000041f8
00000001000041f4	mov	x0, #0x0
00000001000041f8	str	x0, [x28]
00000001000041fc	add	x28, x28, #0x8
0000000100004200	sub	x28, x28, #0x8
0000000100004204	ldr	x0, [x28]
0000000100004208	cmp	x0, #0x0
000000010000420c	b.eq	0x100004218
0000000100004210	mov	x0, #0x1
0000000100004214	b	0x10000421c
0000000100004218	mov	x0, #0x0
000000010000421c	str	x0, [x28]
0000000100004220	add	x28, x28, #0x8
0000000100004224	sub	x28, x28, #0x8
0000000100004228	ldr	x0, [x28]
000000010000422c	cmp	x0, #0x0
0000000100004230	b.eq	0x1000044f4
0000000100004234	ldur	x0, [x29, #-0x8]
0000000100004238	str	x0, [x28]
000000010000423c	add	x28, x28, #0x8
0000000100004240	ldur	x0, [x29, #-0x10]
0000000100004244	str	x0, [x28]
0000000100004248	add	x28, x28, #0x8
000000010000424c	sub	x28, x28, #0x8
0000000100004250	ldr	x10, [x28]
0000000100004254	ldr	x0, [x10]
0000000100004258	str	x0, [x28]
000000010000425c	add	x28, x28, #0x8
0000000100004260	ldur	x0, [x29, #-0x18]
0000000100004264	str	x0, [x28]
0000000100004268	add	x28, x28, #0x8
000000010000426c	sub	x28, x28, #0x8
0000000100004270	ldr	x1, [x28]
0000000100004274	sub	x28, x28, #0x8
0000000100004278	ldr	x0, [x28]
000000010000427c	add	x0, x0, x1
0000000100004280	str	x0, [x28]
0000000100004284	add	x28, x28, #0x8
0000000100004288	ldur	x0, [x29, #-0x10]
000000010000428c	str	x0, [x28]
0000000100004290	add	x28, x28, #0x8
0000000100004294	sub	x28, x28, #0x8
0000000100004298	ldr	x10, [x28]
000000010000429c	ldr	x0, [x10, #0x8]
00000001000042a0	str	x0, [x28]
00000001000042a4	add	x28, x28, #0x8
00000001000042a8	ldur	x0, [x29, #-0x18]
00000001000042ac	str	x0, [x28]
00000001000042b0	add	x28, x28, #0x8
00000001000042b4	sub	x28, x28, #0x8
00000001000042b8	ldr	x1, [x28]
00000001000042bc	sub	x28, x28, #0x8
00000001000042c0	ldr	x0, [x28]
00000001000042c4	sub	x0, x0, x1
00000001000042c8	str	x0, [x28]
00000001000042cc	add	x28, x28, #0x8
00000001000042d0	mov	x0, #0x0
00000001000042d4	str	x0, [x28]
00000001000042d8	add	x28, x28, #0x8
00000001000042dc	mov	x0, #0x0
00000001000042e0	str	x0, [x28]
00000001000042e4	add	x28, x28, #0x8
00000001000042e8	mov	x0, #0x0
00000001000042ec	str	x0, [x28]
00000001000042f0	add	x28, x28, #0x8
00000001000042f4	sub	x28, x28, #0x8
00000001000042f8	ldr	x5, [x28]
00000001000042fc	sub	x28, x28, #0x8
0000000100004300	ldr	x4, [x28]
0000000100004304	sub	x28, x28, #0x8
0000000100004308	ldr	x3, [x28]
000000010000430c	sub	x28, x28, #0x8
0000000100004310	ldr	x2, [x28]
0000000100004314	sub	x28, x28, #0x8
0000000100004318	ldr	x1, [x28]
000000010000431c	sub	x28, x28, #0x8
0000000100004320	ldr	x0, [x28]
0000000100004324	mov	x16, #0x4
0000000100004328	svc	#0x80
000000010000432c	b.lo	0x100004334
0000000100004330	neg	x0, x0
0000000100004334	str	x0, [x28]
0000000100004338	add	x28, x28, #0x8
000000010000433c	sub	x28, x28, #0x8
0000000100004340	ldr	x0, [x28]
0000000100004344	stur	x0, [x29, #-0x28]
0000000100004348	mov	x0, x29
000000010000434c	sub	x0, x0, #0x20
0000000100004350	str	x0, [x28]
0000000100004354	add	x28, x28, #0x8
0000000100004358	ldur	x0, [x29, #-0x20]
000000010000435c	str	x0, [x28]
0000000100004360	add	x28, x28, #0x8
0000000100004364	mov	x0, #0x1
0000000100004368	str	x0, [x28]
000000010000436c	add	x28, x28, #0x8
0000000100004370	sub	x28, x28, #0x8
0000000100004374	ldr	x1, [x28]
0000000100004378	sub	x28, x28, #0x8
000000010000437c	ldr	x0, [x28]
0000000100004380	add	x0, x0, x1
0000000100004384	sxtw	x0, w0
0000000100004388	str	x0, [x28]
000000010000438c	add	x28, x28, #0x8
0000000100004390	sub	x28, x28, #0x8
0000000100004394	ldr	x0, [x28]
0000000100004398	sub	x28, x28, #0x8
000000010000439c	ldr	x10, [x28]
00000001000043a0	str	x0, [x10]
00000001000043a4	ldur	x0, [x29, #-0x28]
00000001000043a8	str	x0, [x28]
00000001000043ac	add	x28, x28, #0x8
00000001000043b0	mov	x0, #0x4
00000001000043b4	str	x0, [x28]
00000001000043b8	add	x28, x28, #0x8
00000001000043bc	sub	x28, x28, #0x8
00000001000043c0	ldr	x0, [x28]
00000001000043c4	neg	x0, x0
00000001000043c8	str	x0, [x28]
00000001000043cc	add	x28, x28, #0x8
00000001000043d0	sub	x28, x28, #0x8
00000001000043d4	ldr	x1, [x28]
00000001000043d8	sub	x28, x28, #0x8
00000001000043dc	ldr	x0, [x28]
00000001000043e0	cmp	x0, x1
00000001000043e4	b.ne	0x1000043f0
00000001000043e8	mov	x0, #0x1
00000001000043ec	b	0x1000043f4
00000001000043f0	mov	x0, #0x0
00000001000043f4	str	x0, [x28]
00000001000043f8	add	x28, x28, #0x8
00000001000043fc	sub	x28, x28, #0x8
0000000100004400	ldr	x0, [x28]
0000000100004404	cmp	x0, #0x0
0000000100004408	b.eq	0x100004414
000000010000440c	b	0x100004154
0000000100004410	b	0x100004414
0000000100004414	ldur	x0, [x29, #-0x28]
0000000100004418	str	x0, [x28]
000000010000441c	add	x28, x28, #0x8
0000000100004420	mov	x0, #0x0
0000000100004424	str	x0, [x28]
0000000100004428	add	x28, x28, #0x8
000000010000442c	sub	x28, x28, #0x8
0000000100004430	ldr	x1, [x28]
0000000100004434	sub	x28, x28, #0x8
0000000100004438	ldr	x0, [x28]
000000010000443c	cmp	x0, x1
0000000100004440	b.gt	0x10000444c
0000000100004444	mov	x0, #0x1
0000000100004448	b	0x100004450
000000010000444c	mov	x0, #0x0
0000000100004450	str	x0, [x28]
0000000100004454	add	x28, x28, #0x8
0000000100004458	sub	x28, x28, #0x8
000000010000445c	ldr	x0, [x28]
0000000100004460	cmp	x0, #0x0
0000000100004464	b.eq	0x100004498
0000000100004468	mov	x0, #0x1cef
000000010000446c	str	x0, [x28]
0000000100004470	add	x28, x28, #0x8
0000000100004474	sub	x28, x28, #0x8
0000000100004478	ldr	x0, [x28]
000000010000447c	neg	x0, x0
0000000100004480	str	x0, [x28]
0000000100004484	add	x28, x28, #0x8
0000000100004488	sub	x28, x28, #0x8
000000010000448c	ldr	x0, [x28]
0000000100004490	b	0x1000045a4
0000000100004494	b	0x100004498
0000000100004498	mov	x0, x29
000000010000449c	sub	x0, x0, #0x18
00000001000044a0	str	x0, [x28]
00000001000044a4	add	x28, x28, #0x8
00000001000044a8	ldur	x0, [x29, #-0x18]
00000001000044ac	str	x0, [x28]
00000001000044b0	add	x28, x28, #0x8
00000001000044b4	ldur	x0, [x29, #-0x28]
00000001000044b8	str	x0, [x28]
00000001000044bc	add	x28, x28, #0x8
00000001000044c0	sub	x28, x28, #0x8
00000001000044c4	ldr	x1, [x28]
00000001000044c8	sub	x28, x28, #0x8
00000001000044cc	ldr	x0, [x28]
00000001000044d0	add	x0, x0, x1
00000001000044d4	str	x0, [x28]
00000001000044d8	add	x28, x28, #0x8
00000001000044dc	sub	x28, x28, #0x8
00000001000044e0	ldr	x0, [x28]
00000001000044e4	sub	x28, x28, #0x8
00000001000044e8	ldr	x10, [x28]
00000001000044ec	str	x0, [x10]
00000001000044f0	b	0x100004154
00000001000044f4	ldur	x0, [x29, #-0x18]
00000001000044f8	str	x0, [x28]
00000001000044fc	add	x28, x28, #0x8
0000000100004500	ldur	x0, [x29, #-0x10]
0000000100004504	str	x0, [x28]
0000000100004508	add	x28, x28, #0x8
000000010000450c	sub	x28, x28, #0x8
0000000100004510	ldr	x10, [x28]
0000000100004514	ldr	x0, [x10, #0x8]
0000000100004518	str	x0, [x28]
000000010000451c	add	x28, x28, #0x8
0000000100004520	sub	x28, x28, #0x8
0000000100004524	ldr	x1, [x28]
0000000100004528	sub	x28, x28, #0x8
000000010000452c	ldr	x0, [x28]
0000000100004530	cmp	x0, x1
0000000100004534	b.eq	0x100004540
0000000100004538	mov	x0, #0x1
000000010000453c	b	0x100004544
0000000100004540	mov	x0, #0x0
0000000100004544	str	x0, [x28]
0000000100004548	add	x28, x28, #0x8
000000010000454c	sub	x28, x28, #0x8
0000000100004550	ldr	x0, [x28]
0000000100004554	cmp	x0, #0x0
0000000100004558	b.eq	0x10000458c
000000010000455c	mov	x0, #0x1cef
0000000100004560	str	x0, [x28]
0000000100004564	add	x28, x28, #0x8
0000000100004568	sub	x28, x28, #0x8
000000010000456c	ldr	x0, [x28]
0000000100004570	neg	x0, x0
0000000100004574	str	x0, [x28]
0000000100004578	add	x28, x28, #0x8
000000010000457c	sub	x28, x28, #0x8
0000000100004580	ldr	x0, [x28]
0000000100004584	b	0x1000045a4
0000000100004588	b	0x10000458c
000000010000458c	ldur	x0, [x29, #-0x18]
0000000100004590	str	x0, [x28]
0000000100004594	add	x28, x28, #0x8
0000000100004598	sub	x28, x28, #0x8
000000010000459c	ldr	x0, [x28]
00000001000045a0	b	0x1000045a4
00000001000045a4	mov	sp, x29
00000001000045a8	ldr	x29, [sp]
00000001000045ac	ldr	x30, [sp, #0x8]
00000001000045b0	ldr	x28, [sp, #0x10]
00000001000045b4	add	sp, sp, #0x20
00000001000045b8	ret
00000001000045bc	sub	sp, sp, #0x20
00000001000045c0	str	x29, [sp]
00000001000045c4	str	x30, [sp, #0x8]
00000001000045c8	str	x28, [sp, #0x10]
00000001000045cc	mov	x29, sp
00000001000045d0	sub	sp, sp, #0x200
00000001000045d4	mov	x28, sp
00000001000045d8	stur	x0, [x29, #-0x8]
00000001000045dc	stur	x1, [x29, #-0x10]
00000001000045e0	stur	x2, [x29, #-0x18]
00000001000045e4	ldur	x0, [x29, #-0x8]
00000001000045e8	str	x0, [x28]
00000001000045ec	add	x28, x28, #0x8
00000001000045f0	mov	x0, #0x0
00000001000045f4	str	x0, [x28]
00000001000045f8	add	x28, x28, #0x8
00000001000045fc	sub	x28, x28, #0x8
0000000100004600	ldr	x1, [x28]
0000000100004604	sub	x28, x28, #0x8
0000000100004608	ldr	x0, [x28]
000000010000460c	cmp	x0, x1
0000000100004610	b.ge	0x10000461c
0000000100004614	mov	x0, #0x1
0000000100004618	b	0x100004620
000000010000461c	mov	x0, #0x0
0000000100004620	str	x0, [x28]
0000000100004624	add	x28, x28, #0x8
0000000100004628	sub	x28, x28, #0x8
000000010000462c	ldr	x0, [x28]
0000000100004630	cmp	x0, #0x0
0000000100004634	b.ne	0x100004694
0000000100004638	ldur	x0, [x29, #-0x18]
000000010000463c	str	x0, [x28]
0000000100004640	add	x28, x28, #0x8
0000000100004644	mov	x0, #0x0
0000000100004648	str	x0, [x28]
000000010000464c	add	x28, x28, #0x8
0000000100004650	sub	x28, x28, #0x8
0000000100004654	ldr	x1, [x28]
0000000100004658	sub	x28, x28, #0x8
000000010000465c	ldr	x0, [x28]
0000000100004660	cmp	x0, x1
0000000100004664	b.ge	0x100004670
0000000100004668	mov	x0, #0x1
000000010000466c	b	0x100004674
0000000100004670	mov	x0, #0x0
0000000100004674	str	x0, [x28]
0000000100004678	add	x28, x28, #0x8
000000010000467c	sub	x28, x28, #0x8
0000000100004680	ldr	x0, [x28]
0000000100004684	cmp	x0, #0x0
0000000100004688	b.ne	0x100004694
000000010000468c	mov	x0, #0x0
0000000100004690	b	0x100004698
0000000100004694	mov	x0, #0x1
0000000100004698	str	x0, [x28]
000000010000469c	add	x28, x28, #0x8
00000001000046a0	sub	x28, x28, #0x8
00000001000046a4	ldr	x0, [x28]
00000001000046a8	cmp	x0, #0x0
00000001000046ac	b.ne	0x100004710
00000001000046b0	ldur	x0, [x29, #-0x18]
00000001000046b4	str	x0, [x28]
00000001000046b8	add	x28, x28, #0x8
00000001000046bc	mov	x0, #0xffff
00000001000046c0	movk	x0, #0x1ff, lsl #16
00000001000046c4	str	x0, [x28]
00000001000046c8	add	x28, x28, #0x8
00000001000046cc	sub	x28, x28, #0x8
00000001000046d0	ldr	x1, [x28]
00000001000046d4	sub	x28, x28, #0x8
00000001000046d8	ldr	x0, [x28]
00000001000046dc	cmp	x0, x1
00000001000046e0	b.le	0x1000046ec
00000001000046e4	mov	x0, #0x1
00000001000046e8	b	0x1000046f0
00000001000046ec	mov	x0, #0x0
00000001000046f0	str	x0, [x28]
00000001000046f4	add	x28, x28, #0x8
00000001000046f8	sub	x28, x28, #0x8
00000001000046fc	ldr	x0, [x28]
0000000100004700	cmp	x0, #0x0
0000000100004704	b.ne	0x100004710
0000000100004708	mov	x0, #0x0
000000010000470c	b	0x100004714
0000000100004710	mov	x0, #0x1
0000000100004714	str	x0, [x28]
0000000100004718	add	x28, x28, #0x8
000000010000471c	sub	x28, x28, #0x8
0000000100004720	ldr	x0, [x28]
0000000100004724	cmp	x0, #0x0
0000000100004728	b.ne	0x10000479c
000000010000472c	ldur	x0, [x29, #-0x8]
0000000100004730	str	x0, [x28]
0000000100004734	add	x28, x28, #0x8
0000000100004738	sub	x28, x28, #0x8
000000010000473c	ldr	x0, [x28]
0000000100004740	bl	0x10000345c
0000000100004744	str	x0, [x28]
0000000100004748	add	x28, x28, #0x8
000000010000474c	mov	x0, #0x1
0000000100004750	str	x0, [x28]
0000000100004754	add	x28, x28, #0x8
0000000100004758	sub	x28, x28, #0x8
000000010000475c	ldr	x1, [x28]
0000000100004760	sub	x28, x28, #0x8
0000000100004764	ldr	x0, [x28]
0000000100004768	cmp	x0, x1
000000010000476c	b.eq	0x100004778
0000000100004770	mov	x0, #0x1
0000000100004774	b	0x10000477c
0000000100004778	mov	x0, #0x0
000000010000477c	str	x0, [x28]
0000000100004780	add	x28, x28, #0x8
0000000100004784	sub	x28, x28, #0x8
0000000100004788	ldr	x0, [x28]
000000010000478c	cmp	x0, #0x0
0000000100004790	b.ne	0x10000479c
0000000100004794	mov	x0, #0x0
0000000100004798	b	0x1000047a0
000000010000479c	mov	x0, #0x1
00000001000047a0	str	x0, [x28]
00000001000047a4	add	x28, x28, #0x8
00000001000047a8	sub	x28, x28, #0x8
00000001000047ac	ldr	x0, [x28]
00000001000047b0	cmp	x0, #0x0
00000001000047b4	b.eq	0x1000047e8
00000001000047b8	mov	x0, #0x1ce9
00000001000047bc	str	x0, [x28]
00000001000047c0	add	x28, x28, #0x8
00000001000047c4	sub	x28, x28, #0x8
00000001000047c8	ldr	x0, [x28]
00000001000047cc	neg	x0, x0
00000001000047d0	str	x0, [x28]
00000001000047d4	add	x28, x28, #0x8
00000001000047d8	sub	x28, x28, #0x8
00000001000047dc	ldr	x0, [x28]
00000001000047e0	b	0x1000053e4
00000001000047e4	b	0x1000047e8
00000001000047e8	ldur	x0, [x29, #-0x8]
00000001000047ec	str	x0, [x28]
00000001000047f0	add	x28, x28, #0x8
00000001000047f4	mov	x0, #0x0
00000001000047f8	str	x0, [x28]
00000001000047fc	add	x28, x28, #0x8
0000000100004800	mov	x0, #0x2
0000000100004804	str	x0, [x28]
0000000100004808	add	x28, x28, #0x8
000000010000480c	sub	x28, x28, #0x8
0000000100004810	ldr	x2, [x28]
0000000100004814	sub	x28, x28, #0x8
0000000100004818	ldr	x1, [x28]
000000010000481c	sub	x28, x28, #0x8
0000000100004820	ldr	x0, [x28]
0000000100004824	bl	0x10000286c
0000000100004828	str	x0, [x28]
000000010000482c	add	x28, x28, #0x8
0000000100004830	sub	x28, x28, #0x8
0000000100004834	ldr	x0, [x28]
0000000100004838	stur	x0, [x29, #-0x20]
000000010000483c	ldur	x0, [x29, #-0x20]
0000000100004840	str	x0, [x28]
0000000100004844	add	x28, x28, #0x8
0000000100004848	mov	x0, #0x0
000000010000484c	str	x0, [x28]
0000000100004850	add	x28, x28, #0x8
0000000100004854	sub	x28, x28, #0x8
0000000100004858	ldr	x1, [x28]
000000010000485c	sub	x28, x28, #0x8
0000000100004860	ldr	x0, [x28]
0000000100004864	cmp	x0, x1
0000000100004868	b.ge	0x100004874
000000010000486c	mov	x0, #0x1
0000000100004870	b	0x100004878
0000000100004874	mov	x0, #0x0
0000000100004878	str	x0, [x28]
000000010000487c	add	x28, x28, #0x8
0000000100004880	sub	x28, x28, #0x8
0000000100004884	ldr	x0, [x28]
0000000100004888	cmp	x0, #0x0
000000010000488c	b.ne	0x1000048ec
0000000100004890	ldur	x0, [x29, #-0x20]
0000000100004894	str	x0, [x28]
0000000100004898	add	x28, x28, #0x8
000000010000489c	ldur	x0, [x29, #-0x18]
00000001000048a0	str	x0, [x28]
00000001000048a4	add	x28, x28, #0x8
00000001000048a8	sub	x28, x28, #0x8
00000001000048ac	ldr	x1, [x28]
00000001000048b0	sub	x28, x28, #0x8
00000001000048b4	ldr	x0, [x28]
00000001000048b8	cmp	x0, x1
00000001000048bc	b.le	0x1000048c8
00000001000048c0	mov	x0, #0x1
00000001000048c4	b	0x1000048cc
00000001000048c8	mov	x0, #0x0
00000001000048cc	str	x0, [x28]
00000001000048d0	add	x28, x28, #0x8
00000001000048d4	sub	x28, x28, #0x8
00000001000048d8	ldr	x0, [x28]
00000001000048dc	cmp	x0, #0x0
00000001000048e0	b.ne	0x1000048ec
00000001000048e4	mov	x0, #0x0
00000001000048e8	b	0x1000048f0
00000001000048ec	mov	x0, #0x1
00000001000048f0	str	x0, [x28]
00000001000048f4	add	x28, x28, #0x8
00000001000048f8	sub	x28, x28, #0x8
00000001000048fc	ldr	x0, [x28]
0000000100004900	cmp	x0, #0x0
0000000100004904	b.ne	0x100004978
0000000100004908	ldur	x0, [x29, #-0x20]
000000010000490c	str	x0, [x28]
0000000100004910	add	x28, x28, #0x8
0000000100004914	ldur	x0, [x29, #-0x10]
0000000100004918	str	x0, [x28]
000000010000491c	add	x28, x28, #0x8
0000000100004920	sub	x28, x28, #0x8
0000000100004924	ldr	x10, [x28]
0000000100004928	ldr	x0, [x10, #0x8]
000000010000492c	str	x0, [x28]
0000000100004930	add	x28, x28, #0x8
0000000100004934	sub	x28, x28, #0x8
0000000100004938	ldr	x1, [x28]
000000010000493c	sub	x28, x28, #0x8
0000000100004940	ldr	x0, [x28]
0000000100004944	cmp	x0, x1
0000000100004948	b.le	0x100004954
000000010000494c	mov	x0, #0x1
0000000100004950	b	0x100004958
0000000100004954	mov	x0, #0x0
0000000100004958	str	x0, [x28]
000000010000495c	add	x28, x28, #0x8
0000000100004960	sub	x28, x28, #0x8
0000000100004964	ldr	x0, [x28]
0000000100004968	cmp	x0, #0x0
000000010000496c	b.ne	0x100004978
0000000100004970	mov	x0, #0x0
0000000100004974	b	0x10000497c
0000000100004978	mov	x0, #0x1
000000010000497c	str	x0, [x28]
0000000100004980	add	x28, x28, #0x8
0000000100004984	sub	x28, x28, #0x8
0000000100004988	ldr	x0, [x28]
000000010000498c	cmp	x0, #0x0
0000000100004990	b.eq	0x1000049c4
0000000100004994	mov	x0, #0x1ceb
0000000100004998	str	x0, [x28]
000000010000499c	add	x28, x28, #0x8
00000001000049a0	sub	x28, x28, #0x8
00000001000049a4	ldr	x0, [x28]
00000001000049a8	neg	x0, x0
00000001000049ac	str	x0, [x28]
00000001000049b0	add	x28, x28, #0x8
00000001000049b4	sub	x28, x28, #0x8
00000001000049b8	ldr	x0, [x28]
00000001000049bc	b	0x1000053e4
00000001000049c0	b	0x1000049c4
00000001000049c4	ldur	x0, [x29, #-0x8]
00000001000049c8	str	x0, [x28]
00000001000049cc	add	x28, x28, #0x8
00000001000049d0	mov	x0, #0x0
00000001000049d4	str	x0, [x28]
00000001000049d8	add	x28, x28, #0x8
00000001000049dc	mov	x0, #0x0
00000001000049e0	str	x0, [x28]
00000001000049e4	add	x28, x28, #0x8
00000001000049e8	sub	x28, x28, #0x8
00000001000049ec	ldr	x2, [x28]
00000001000049f0	sub	x28, x28, #0x8
00000001000049f4	ldr	x1, [x28]
00000001000049f8	sub	x28, x28, #0x8
00000001000049fc	ldr	x0, [x28]
0000000100004a00	bl	0x10000286c
0000000100004a04	str	x0, [x28]
0000000100004a08	add	x28, x28, #0x8
0000000100004a0c	mov	x0, #0x0
0000000100004a10	str	x0, [x28]
0000000100004a14	add	x28, x28, #0x8
0000000100004a18	sub	x28, x28, #0x8
0000000100004a1c	ldr	x1, [x28]
0000000100004a20	sub	x28, x28, #0x8
0000000100004a24	ldr	x0, [x28]
0000000100004a28	cmp	x0, x1
0000000100004a2c	b.eq	0x100004a38
0000000100004a30	mov	x0, #0x1
0000000100004a34	b	0x100004a3c
0000000100004a38	mov	x0, #0x0
0000000100004a3c	str	x0, [x28]
0000000100004a40	add	x28, x28, #0x8
0000000100004a44	sub	x28, x28, #0x8
0000000100004a48	ldr	x0, [x28]
0000000100004a4c	cmp	x0, #0x0
0000000100004a50	b.eq	0x100004a84
0000000100004a54	mov	x0, #0x1cef
0000000100004a58	str	x0, [x28]
0000000100004a5c	add	x28, x28, #0x8
0000000100004a60	sub	x28, x28, #0x8
0000000100004a64	ldr	x0, [x28]
0000000100004a68	neg	x0, x0
0000000100004a6c	str	x0, [x28]
0000000100004a70	add	x28, x28, #0x8
0000000100004a74	sub	x28, x28, #0x8
0000000100004a78	ldr	x0, [x28]
0000000100004a7c	b	0x1000053e4
0000000100004a80	b	0x100004a84
0000000100004a84	ldur	x0, [x29, #-0x20]
0000000100004a88	str	x0, [x28]
0000000100004a8c	add	x28, x28, #0x8
0000000100004a90	sub	x28, x28, #0x8
0000000100004a94	ldr	x0, [x28]
0000000100004a98	sxtw	x0, w0
0000000100004a9c	str	x0, [x28]
0000000100004aa0	add	x28, x28, #0x8
0000000100004aa4	mov	x0, #0x1
0000000100004aa8	str	x0, [x28]
0000000100004aac	add	x28, x28, #0x8
0000000100004ab0	sub	x28, x28, #0x8
0000000100004ab4	ldr	x1, [x28]
0000000100004ab8	sub	x28, x28, #0x8
0000000100004abc	ldr	x0, [x28]
0000000100004ac0	add	x0, x0, x1
0000000100004ac4	sxtw	x0, w0
0000000100004ac8	str	x0, [x28]
0000000100004acc	add	x28, x28, #0x8
0000000100004ad0	sub	x28, x28, #0x8
0000000100004ad4	ldr	x0, [x28]
0000000100004ad8	mov	x8, x29
0000000100004adc	sub	x8, x8, #0x40
0000000100004ae0	bl	0x10000101c
0000000100004ae4	str	x0, [x28]
0000000100004ae8	add	x28, x28, #0x8
0000000100004aec	sub	x28, x28, #0x8
0000000100004af0	ldr	x11, [x28]
0000000100004af4	mov	x10, x29
0000000100004af8	sub	x10, x10, #0x30
0000000100004afc	ldr	x9, [x11]
0000000100004b00	str	x9, [x10]
0000000100004b04	ldr	x9, [x11, #0x8]
0000000100004b08	str	x9, [x10, #0x8]
0000000100004b0c	mov	x0, x29
0000000100004b10	sub	x0, x0, #0x30
0000000100004b14	str	x0, [x28]
0000000100004b18	add	x28, x28, #0x8
0000000100004b1c	sub	x28, x28, #0x8
0000000100004b20	ldr	x10, [x28]
0000000100004b24	ldr	x0, [x10, #0x8]
0000000100004b28	str	x0, [x28]
0000000100004b2c	add	x28, x28, #0x8
0000000100004b30	mov	x0, #0x0
0000000100004b34	str	x0, [x28]
0000000100004b38	add	x28, x28, #0x8
0000000100004b3c	sub	x28, x28, #0x8
0000000100004b40	ldr	x1, [x28]
0000000100004b44	sub	x28, x28, #0x8
0000000100004b48	ldr	x0, [x28]
0000000100004b4c	cmp	x0, x1
0000000100004b50	b.ne	0x100004b5c
0000000100004b54	mov	x0, #0x1
0000000100004b58	b	0x100004b60
0000000100004b5c	mov	x0, #0x0
0000000100004b60	str	x0, [x28]
0000000100004b64	add	x28, x28, #0x8
0000000100004b68	sub	x28, x28, #0x8
0000000100004b6c	ldr	x0, [x28]
0000000100004b70	cmp	x0, #0x0
0000000100004b74	b.eq	0x100004ba8
0000000100004b78	mov	x0, #0xc
0000000100004b7c	str	x0, [x28]
0000000100004b80	add	x28, x28, #0x8
0000000100004b84	sub	x28, x28, #0x8
0000000100004b88	ldr	x0, [x28]
0000000100004b8c	neg	x0, x0
0000000100004b90	str	x0, [x28]
0000000100004b94	add	x28, x28, #0x8
0000000100004b98	sub	x28, x28, #0x8
0000000100004b9c	ldr	x0, [x28]
0000000100004ba0	b	0x1000053e4
0000000100004ba4	b	0x100004ba8
0000000100004ba8	mov	x0, #0x0
0000000100004bac	str	x0, [x28]
0000000100004bb0	add	x28, x28, #0x8
0000000100004bb4	sub	x28, x28, #0x8
0000000100004bb8	ldr	x0, [x28]
0000000100004bbc	stur	x0, [x29, #-0x48]
0000000100004bc0	mov	x0, #0x0
0000000100004bc4	str	x0, [x28]
0000000100004bc8	add	x28, x28, #0x8
0000000100004bcc	sub	x28, x28, #0x8
0000000100004bd0	ldr	x0, [x28]
0000000100004bd4	stur	x0, [x29, #-0x50]
0000000100004bd8	mov	x0, #0x0
0000000100004bdc	str	x0, [x28]
0000000100004be0	add	x28, x28, #0x8
0000000100004be4	sub	x28, x28, #0x8
0000000100004be8	ldr	x0, [x28]
0000000100004bec	stur	x0, [x29, #-0x58]
0000000100004bf0	ldur	x0, [x29, #-0x48]
0000000100004bf4	str	x0, [x28]
0000000100004bf8	add	x28, x28, #0x8
0000000100004bfc	ldur	x0, [x29, #-0x20]
0000000100004c00	str	x0, [x28]
0000000100004c04	add	x28, x28, #0x8
0000000100004c08	sub	x28, x28, #0x8
0000000100004c0c	ldr	x1, [x28]
0000000100004c10	sub	x28, x28, #0x8
0000000100004c14	ldr	x0, [x28]
0000000100004c18	cmp	x0, x1
0000000100004c1c	b.gt	0x100004c28
0000000100004c20	mov	x0, #0x1
0000000100004c24	b	0x100004c2c
0000000100004c28	mov	x0, #0x0
0000000100004c2c	str	x0, [x28]
0000000100004c30	add	x28, x28, #0x8
0000000100004c34	sub	x28, x28, #0x8
0000000100004c38	ldr	x0, [x28]
0000000100004c3c	cmp	x0, #0x0
0000000100004c40	b.eq	0x100004ca0
0000000100004c44	ldur	x0, [x29, #-0x50]
0000000100004c48	str	x0, [x28]
0000000100004c4c	add	x28, x28, #0x8
0000000100004c50	mov	x0, #0x1000
0000000100004c54	str	x0, [x28]
0000000100004c58	add	x28, x28, #0x8
0000000100004c5c	sub	x28, x28, #0x8
0000000100004c60	ldr	x1, [x28]
0000000100004c64	sub	x28, x28, #0x8
0000000100004c68	ldr	x0, [x28]
0000000100004c6c	cmp	x0, x1
0000000100004c70	b.ge	0x100004c7c
0000000100004c74	mov	x0, #0x1
0000000100004c78	b	0x100004c80
0000000100004c7c	mov	x0, #0x0
0000000100004c80	str	x0, [x28]
0000000100004c84	add	x28, x28, #0x8
0000000100004c88	sub	x28, x28, #0x8
0000000100004c8c	ldr	x0, [x28]
0000000100004c90	cmp	x0, #0x0
0000000100004c94	b.eq	0x100004ca0
0000000100004c98	mov	x0, #0x1
0000000100004c9c	b	0x100004ca4
0000000100004ca0	mov	x0, #0x0
0000000100004ca4	str	x0, [x28]
0000000100004ca8	add	x28, x28, #0x8
0000000100004cac	sub	x28, x28, #0x8
0000000100004cb0	ldr	x0, [x28]
0000000100004cb4	cmp	x0, #0x0
0000000100004cb8	b.eq	0x10000500c
0000000100004cbc	ldur	x0, [x29, #-0x8]
0000000100004cc0	str	x0, [x28]
0000000100004cc4	add	x28, x28, #0x8
0000000100004cc8	mov	x0, x29
0000000100004ccc	sub	x0, x0, #0x30
0000000100004cd0	str	x0, [x28]
0000000100004cd4	add	x28, x28, #0x8
0000000100004cd8	sub	x28, x28, #0x8
0000000100004cdc	ldr	x10, [x28]
0000000100004ce0	ldr	x0, [x10]
0000000100004ce4	str	x0, [x28]
0000000100004ce8	add	x28, x28, #0x8
0000000100004cec	ldur	x0, [x29, #-0x48]
0000000100004cf0	str	x0, [x28]
0000000100004cf4	add	x28, x28, #0x8
0000000100004cf8	sub	x28, x28, #0x8
0000000100004cfc	ldr	x1, [x28]
0000000100004d00	sub	x28, x28, #0x8
0000000100004d04	ldr	x0, [x28]
0000000100004d08	add	x0, x0, x1
0000000100004d0c	str	x0, [x28]
0000000100004d10	add	x28, x28, #0x8
0000000100004d14	ldur	x0, [x29, #-0x20]
0000000100004d18	str	x0, [x28]
0000000100004d1c	add	x28, x28, #0x8
0000000100004d20	mov	x0, #0x1
0000000100004d24	str	x0, [x28]
0000000100004d28	add	x28, x28, #0x8
0000000100004d2c	sub	x28, x28, #0x8
0000000100004d30	ldr	x1, [x28]
0000000100004d34	sub	x28, x28, #0x8
0000000100004d38	ldr	x0, [x28]
0000000100004d3c	add	x0, x0, x1
0000000100004d40	str	x0, [x28]
0000000100004d44	add	x28, x28, #0x8
0000000100004d48	ldur	x0, [x29, #-0x48]
0000000100004d4c	str	x0, [x28]
0000000100004d50	add	x28, x28, #0x8
0000000100004d54	sub	x28, x28, #0x8
0000000100004d58	ldr	x1, [x28]
0000000100004d5c	sub	x28, x28, #0x8
0000000100004d60	ldr	x0, [x28]
0000000100004d64	sub	x0, x0, x1
0000000100004d68	str	x0, [x28]
0000000100004d6c	add	x28, x28, #0x8
0000000100004d70	mov	x0, #0x0
0000000100004d74	str	x0, [x28]
0000000100004d78	add	x28, x28, #0x8
0000000100004d7c	mov	x0, #0x0
0000000100004d80	str	x0, [x28]
0000000100004d84	add	x28, x28, #0x8
0000000100004d88	mov	x0, #0x0
0000000100004d8c	str	x0, [x28]
0000000100004d90	add	x28, x28, #0x8
0000000100004d94	sub	x28, x28, #0x8
0000000100004d98	ldr	x5, [x28]
0000000100004d9c	sub	x28, x28, #0x8
0000000100004da0	ldr	x4, [x28]
0000000100004da4	sub	x28, x28, #0x8
0000000100004da8	ldr	x3, [x28]
0000000100004dac	sub	x28, x28, #0x8
0000000100004db0	ldr	x2, [x28]
0000000100004db4	sub	x28, x28, #0x8
0000000100004db8	ldr	x1, [x28]
0000000100004dbc	sub	x28, x28, #0x8
0000000100004dc0	ldr	x0, [x28]
0000000100004dc4	mov	x16, #0x3
0000000100004dc8	svc	#0x80
0000000100004dcc	b.lo	0x100004dd4
0000000100004dd0	neg	x0, x0
0000000100004dd4	str	x0, [x28]
0000000100004dd8	add	x28, x28, #0x8
0000000100004ddc	sub	x28, x28, #0x8
0000000100004de0	ldr	x0, [x28]
0000000100004de4	stur	x0, [x29, #-0x60]
0000000100004de8	mov	x0, x29
0000000100004dec	sub	x0, x0, #0x50
0000000100004df0	str	x0, [x28]
0000000100004df4	add	x28, x28, #0x8
0000000100004df8	ldur	x0, [x29, #-0x50]
0000000100004dfc	str	x0, [x28]
0000000100004e00	add	x28, x28, #0x8
0000000100004e04	mov	x0, #0x1
0000000100004e08	str	x0, [x28]
0000000100004e0c	add	x28, x28, #0x8
0000000100004e10	sub	x28, x28, #0x8
0000000100004e14	ldr	x1, [x28]
0000000100004e18	sub	x28, x28, #0x8
0000000100004e1c	ldr	x0, [x28]
0000000100004e20	add	x0, x0, x1
0000000100004e24	sxtw	x0, w0
0000000100004e28	str	x0, [x28]
0000000100004e2c	add	x28, x28, #0x8
0000000100004e30	sub	x28, x28, #0x8
0000000100004e34	ldr	x0, [x28]
0000000100004e38	sub	x28, x28, #0x8
0000000100004e3c	ldr	x10, [x28]
0000000100004e40	str	x0, [x10]
0000000100004e44	ldur	x0, [x29, #-0x60]
0000000100004e48	str	x0, [x28]
0000000100004e4c	add	x28, x28, #0x8
0000000100004e50	mov	x0, #0x4
0000000100004e54	str	x0, [x28]
0000000100004e58	add	x28, x28, #0x8
0000000100004e5c	sub	x28, x28, #0x8
0000000100004e60	ldr	x0, [x28]
0000000100004e64	neg	x0, x0
0000000100004e68	str	x0, [x28]
0000000100004e6c	add	x28, x28, #0x8
0000000100004e70	sub	x28, x28, #0x8
0000000100004e74	ldr	x1, [x28]
0000000100004e78	sub	x28, x28, #0x8
0000000100004e7c	ldr	x0, [x28]
0000000100004e80	cmp	x0, x1
0000000100004e84	b.ne	0x100004e90
0000000100004e88	mov	x0, #0x1
0000000100004e8c	b	0x100004e94
0000000100004e90	mov	x0, #0x0
0000000100004e94	str	x0, [x28]
0000000100004e98	add	x28, x28, #0x8
0000000100004e9c	sub	x28, x28, #0x8
0000000100004ea0	ldr	x0, [x28]
0000000100004ea4	cmp	x0, #0x0
0000000100004ea8	b.eq	0x100004eb4
0000000100004eac	b	0x100004bf0
0000000100004eb0	b	0x100004eb4
0000000100004eb4	ldur	x0, [x29, #-0x60]
0000000100004eb8	str	x0, [x28]
0000000100004ebc	add	x28, x28, #0x8
0000000100004ec0	mov	x0, #0x0
0000000100004ec4	str	x0, [x28]
0000000100004ec8	add	x28, x28, #0x8
0000000100004ecc	sub	x28, x28, #0x8
0000000100004ed0	ldr	x1, [x28]
0000000100004ed4	sub	x28, x28, #0x8
0000000100004ed8	ldr	x0, [x28]
0000000100004edc	cmp	x0, x1
0000000100004ee0	b.ge	0x100004eec
0000000100004ee4	mov	x0, #0x1
0000000100004ee8	b	0x100004ef0
0000000100004eec	mov	x0, #0x0
0000000100004ef0	str	x0, [x28]
0000000100004ef4	add	x28, x28, #0x8
0000000100004ef8	sub	x28, x28, #0x8
0000000100004efc	ldr	x0, [x28]
0000000100004f00	cmp	x0, #0x0
0000000100004f04	b.eq	0x100004f54
0000000100004f08	mov	x0, x29
0000000100004f0c	sub	x0, x0, #0x58
0000000100004f10	str	x0, [x28]
0000000100004f14	add	x28, x28, #0x8
0000000100004f18	mov	x0, #0x1cef
0000000100004f1c	str	x0, [x28]
0000000100004f20	add	x28, x28, #0x8
0000000100004f24	sub	x28, x28, #0x8
0000000100004f28	ldr	x0, [x28]
0000000100004f2c	neg	x0, x0
0000000100004f30	str	x0, [x28]
0000000100004f34	add	x28, x28, #0x8
0000000100004f38	sub	x28, x28, #0x8
0000000100004f3c	ldr	x0, [x28]
0000000100004f40	sub	x28, x28, #0x8
0000000100004f44	ldr	x10, [x28]
0000000100004f48	str	x0, [x10]
0000000100004f4c	b	0x10000500c
0000000100004f50	b	0x100004f54
0000000100004f54	ldur	x0, [x29, #-0x60]
0000000100004f58	str	x0, [x28]
0000000100004f5c	add	x28, x28, #0x8
0000000100004f60	mov	x0, #0x0
0000000100004f64	str	x0, [x28]
0000000100004f68	add	x28, x28, #0x8
0000000100004f6c	sub	x28, x28, #0x8
0000000100004f70	ldr	x1, [x28]
0000000100004f74	sub	x28, x28, #0x8
0000000100004f78	ldr	x0, [x28]
0000000100004f7c	cmp	x0, x1
0000000100004f80	b.ne	0x100004f8c
0000000100004f84	mov	x0, #0x1
0000000100004f88	b	0x100004f90
0000000100004f8c	mov	x0, #0x0
0000000100004f90	str	x0, [x28]
0000000100004f94	add	x28, x28, #0x8
0000000100004f98	sub	x28, x28, #0x8
0000000100004f9c	ldr	x0, [x28]
0000000100004fa0	cmp	x0, #0x0
0000000100004fa4	b.eq	0x100004fb0
0000000100004fa8	b	0x10000500c
0000000100004fac	b	0x100004fb0
0000000100004fb0	mov	x0, x29
0000000100004fb4	sub	x0, x0, #0x48
0000000100004fb8	str	x0, [x28]
0000000100004fbc	add	x28, x28, #0x8
0000000100004fc0	ldur	x0, [x29, #-0x48]
0000000100004fc4	str	x0, [x28]
0000000100004fc8	add	x28, x28, #0x8
0000000100004fcc	ldur	x0, [x29, #-0x60]
0000000100004fd0	str	x0, [x28]
0000000100004fd4	add	x28, x28, #0x8
0000000100004fd8	sub	x28, x28, #0x8
0000000100004fdc	ldr	x1, [x28]
0000000100004fe0	sub	x28, x28, #0x8
0000000100004fe4	ldr	x0, [x28]
0000000100004fe8	add	x0, x0, x1
0000000100004fec	str	x0, [x28]
0000000100004ff0	add	x28, x28, #0x8
0000000100004ff4	sub	x28, x28, #0x8
0000000100004ff8	ldr	x0, [x28]
0000000100004ffc	sub	x28, x28, #0x8
0000000100005000	ldr	x10, [x28]
0000000100005004	str	x0, [x10]
0000000100005008	b	0x100004bf0
000000010000500c	ldur	x0, [x29, #-0x48]
0000000100005010	str	x0, [x28]
0000000100005014	add	x28, x28, #0x8
0000000100005018	ldur	x0, [x29, #-0x20]
000000010000501c	str	x0, [x28]
0000000100005020	add	x28, x28, #0x8
0000000100005024	sub	x28, x28, #0x8
0000000100005028	ldr	x1, [x28]
000000010000502c	sub	x28, x28, #0x8
0000000100005030	ldr	x0, [x28]
0000000100005034	cmp	x0, x1
0000000100005038	b.eq	0x100005044
000000010000503c	mov	x0, #0x1
0000000100005040	b	0x100005048
0000000100005044	mov	x0, #0x0
0000000100005048	str	x0, [x28]
000000010000504c	add	x28, x28, #0x8
0000000100005050	sub	x28, x28, #0x8
0000000100005054	ldr	x0, [x28]
0000000100005058	cmp	x0, #0x0
000000010000505c	b.ne	0x1000050bc
0000000100005060	ldur	x0, [x29, #-0x50]
0000000100005064	str	x0, [x28]
0000000100005068	add	x28, x28, #0x8
000000010000506c	mov	x0, #0x1000
0000000100005070	str	x0, [x28]
0000000100005074	add	x28, x28, #0x8
0000000100005078	sub	x28, x28, #0x8
000000010000507c	ldr	x1, [x28]
0000000100005080	sub	x28, x28, #0x8
0000000100005084	ldr	x0, [x28]
0000000100005088	cmp	x0, x1
000000010000508c	b.lt	0x100005098
0000000100005090	mov	x0, #0x1
0000000100005094	b	0x10000509c
0000000100005098	mov	x0, #0x0
000000010000509c	str	x0, [x28]
00000001000050a0	add	x28, x28, #0x8
00000001000050a4	sub	x28, x28, #0x8
00000001000050a8	ldr	x0, [x28]
00000001000050ac	cmp	x0, #0x0
00000001000050b0	b.ne	0x1000050bc
00000001000050b4	mov	x0, #0x0
00000001000050b8	b	0x1000050c0
00000001000050bc	mov	x0, #0x1
00000001000050c0	str	x0, [x28]
00000001000050c4	add	x28, x28, #0x8
00000001000050c8	sub	x28, x28, #0x8
00000001000050cc	ldr	x0, [x28]
00000001000050d0	cmp	x0, #0x0
00000001000050d4	b.eq	0x100005120
00000001000050d8	mov	x0, x29
00000001000050dc	sub	x0, x0, #0x58
00000001000050e0	str	x0, [x28]
00000001000050e4	add	x28, x28, #0x8
00000001000050e8	mov	x0, #0x1cef
00000001000050ec	str	x0, [x28]
00000001000050f0	add	x28, x28, #0x8
00000001000050f4	sub	x28, x28, #0x8
00000001000050f8	ldr	x0, [x28]
00000001000050fc	neg	x0, x0
0000000100005100	str	x0, [x28]
0000000100005104	add	x28, x28, #0x8
0000000100005108	sub	x28, x28, #0x8
000000010000510c	ldr	x0, [x28]
0000000100005110	sub	x28, x28, #0x8
0000000100005114	ldr	x10, [x28]
0000000100005118	str	x0, [x10]
000000010000511c	b	0x100005120
0000000100005120	ldur	x0, [x29, #-0x58]
0000000100005124	str	x0, [x28]
0000000100005128	add	x28, x28, #0x8
000000010000512c	mov	x0, #0x0
0000000100005130	str	x0, [x28]
0000000100005134	add	x28, x28, #0x8
0000000100005138	sub	x28, x28, #0x8
000000010000513c	ldr	x1, [x28]
0000000100005140	sub	x28, x28, #0x8
0000000100005144	ldr	x0, [x28]
0000000100005148	cmp	x0, x1
000000010000514c	b.ne	0x100005158
0000000100005150	mov	x0, #0x1
0000000100005154	b	0x10000515c
0000000100005158	mov	x0, #0x0
000000010000515c	str	x0, [x28]
0000000100005160	add	x28, x28, #0x8
0000000100005164	sub	x28, x28, #0x8
0000000100005168	ldr	x0, [x28]
000000010000516c	cmp	x0, #0x0
0000000100005170	b.eq	0x100005300
0000000100005174	mov	x0, #0x0
0000000100005178	str	x0, [x28]
000000010000517c	add	x28, x28, #0x8
0000000100005180	sub	x28, x28, #0x8
0000000100005184	ldr	x0, [x28]
0000000100005188	stur	x0, [x29, #-0x68]
000000010000518c	ldur	x0, [x29, #-0x68]
0000000100005190	str	x0, [x28]
0000000100005194	add	x28, x28, #0x8
0000000100005198	ldur	x0, [x29, #-0x20]
000000010000519c	str	x0, [x28]
00000001000051a0	add	x28, x28, #0x8
00000001000051a4	sub	x28, x28, #0x8
00000001000051a8	ldr	x1, [x28]
00000001000051ac	sub	x28, x28, #0x8
00000001000051b0	ldr	x0, [x28]
00000001000051b4	cmp	x0, x1
00000001000051b8	b.ge	0x1000051c4
00000001000051bc	mov	x0, #0x1
00000001000051c0	b	0x1000051c8
00000001000051c4	mov	x0, #0x0
00000001000051c8	str	x0, [x28]
00000001000051cc	add	x28, x28, #0x8
00000001000051d0	sub	x28, x28, #0x8
00000001000051d4	ldr	x0, [x28]
00000001000051d8	cmp	x0, #0x0
00000001000051dc	b.eq	0x1000052fc
00000001000051e0	ldur	x0, [x29, #-0x10]
00000001000051e4	str	x0, [x28]
00000001000051e8	add	x28, x28, #0x8
00000001000051ec	sub	x28, x28, #0x8
00000001000051f0	ldr	x0, [x28]
00000001000051f4	ldr	x0, [x0]
00000001000051f8	str	x0, [x28]
00000001000051fc	add	x28, x28, #0x8
0000000100005200	ldur	x0, [x29, #-0x68]
0000000100005204	str	x0, [x28]
0000000100005208	add	x28, x28, #0x8
000000010000520c	sub	x28, x28, #0x8
0000000100005210	ldr	x1, [x28]
0000000100005214	sub	x28, x28, #0x8
0000000100005218	ldr	x0, [x28]
000000010000521c	add	x0, x0, x1
0000000100005220	str	x0, [x28]
0000000100005224	add	x28, x28, #0x8
0000000100005228	mov	x0, x29
000000010000522c	sub	x0, x0, #0x30
0000000100005230	str	x0, [x28]
0000000100005234	add	x28, x28, #0x8
0000000100005238	sub	x28, x28, #0x8
000000010000523c	ldr	x0, [x28]
0000000100005240	ldr	x0, [x0]
0000000100005244	str	x0, [x28]
0000000100005248	add	x28, x28, #0x8
000000010000524c	ldur	x0, [x29, #-0x68]
0000000100005250	str	x0, [x28]
0000000100005254	add	x28, x28, #0x8
0000000100005258	sub	x28, x28, #0x8
000000010000525c	ldr	x1, [x28]
0000000100005260	sub	x28, x28, #0x8
0000000100005264	ldr	x0, [x28]
0000000100005268	add	x0, x0, x1
000000010000526c	str	x0, [x28]
0000000100005270	add	x28, x28, #0x8
0000000100005274	sub	x28, x28, #0x8
0000000100005278	ldr	x10, [x28]
000000010000527c	ldrb	w0, [x10]
0000000100005280	str	x0, [x28]
0000000100005284	add	x28, x28, #0x8
0000000100005288	sub	x28, x28, #0x8
000000010000528c	ldr	x0, [x28]
0000000100005290	sub	x28, x28, #0x8
0000000100005294	ldr	x10, [x28]
0000000100005298	strb	w0, [x10]
000000010000529c	mov	x0, x29
00000001000052a0	sub	x0, x0, #0x68
00000001000052a4	str	x0, [x28]
00000001000052a8	add	x28, x28, #0x8
00000001000052ac	ldur	x0, [x29, #-0x68]
00000001000052b0	str	x0, [x28]
00000001000052b4	add	x28, x28, #0x8
00000001000052b8	mov	x0, #0x1
00000001000052bc	str	x0, [x28]
00000001000052c0	add	x28, x28, #0x8
00000001000052c4	sub	x28, x28, #0x8
00000001000052c8	ldr	x1, [x28]
00000001000052cc	sub	x28, x28, #0x8
00000001000052d0	ldr	x0, [x28]
00000001000052d4	add	x0, x0, x1
00000001000052d8	sxtw	x0, w0
00000001000052dc	str	x0, [x28]
00000001000052e0	add	x28, x28, #0x8
00000001000052e4	sub	x28, x28, #0x8
00000001000052e8	ldr	x0, [x28]
00000001000052ec	sub	x28, x28, #0x8
00000001000052f0	ldr	x10, [x28]
00000001000052f4	str	x0, [x10]
00000001000052f8	b	0x10000518c
00000001000052fc	b	0x100005300
0000000100005300	mov	x0, x29
0000000100005304	sub	x0, x0, #0x30
0000000100005308	str	x0, [x28]
000000010000530c	add	x28, x28, #0x8
0000000100005310	sub	x28, x28, #0x8
0000000100005314	ldr	x11, [x28]
0000000100005318	mov	x10, x29
000000010000531c	sub	x10, x10, #0x78
0000000100005320	ldr	x9, [x11]
0000000100005324	str	x9, [x10]
0000000100005328	ldr	x9, [x11, #0x8]
000000010000532c	str	x9, [x10, #0x8]
0000000100005330	mov	x0, x29
0000000100005334	sub	x0, x0, #0x78
0000000100005338	str	x0, [x28]
000000010000533c	add	x28, x28, #0x8
0000000100005340	sub	x28, x28, #0x8
0000000100005344	ldr	x0, [x28]
0000000100005348	bl	0x100001434
000000010000534c	str	x0, [x28]
0000000100005350	add	x28, x28, #0x8
0000000100005354	sub	x28, x28, #0x8
0000000100005358	ldr	x0, [x28]
000000010000535c	ldur	x0, [x29, #-0x58]
0000000100005360	str	x0, [x28]
0000000100005364	add	x28, x28, #0x8
0000000100005368	mov	x0, #0x0
000000010000536c	str	x0, [x28]
0000000100005370	add	x28, x28, #0x8
0000000100005374	sub	x28, x28, #0x8
0000000100005378	ldr	x1, [x28]
000000010000537c	sub	x28, x28, #0x8
0000000100005380	ldr	x0, [x28]
0000000100005384	cmp	x0, x1
0000000100005388	b.eq	0x100005394
000000010000538c	mov	x0, #0x1
0000000100005390	b	0x100005398
0000000100005394	mov	x0, #0x0
0000000100005398	str	x0, [x28]
000000010000539c	add	x28, x28, #0x8
00000001000053a0	sub	x28, x28, #0x8
00000001000053a4	ldr	x0, [x28]
00000001000053a8	cmp	x0, #0x0
00000001000053ac	b.eq	0x1000053cc
00000001000053b0	ldur	x0, [x29, #-0x58]
00000001000053b4	str	x0, [x28]
00000001000053b8	add	x28, x28, #0x8
00000001000053bc	sub	x28, x28, #0x8
00000001000053c0	ldr	x0, [x28]
00000001000053c4	b	0x1000053e4
00000001000053c8	b	0x1000053cc
00000001000053cc	ldur	x0, [x29, #-0x20]
00000001000053d0	str	x0, [x28]
00000001000053d4	add	x28, x28, #0x8
00000001000053d8	sub	x28, x28, #0x8
00000001000053dc	ldr	x0, [x28]
00000001000053e0	b	0x1000053e4
00000001000053e4	mov	sp, x29
00000001000053e8	ldr	x29, [sp]
00000001000053ec	ldr	x30, [sp, #0x8]
00000001000053f0	ldr	x28, [sp, #0x10]
00000001000053f4	add	sp, sp, #0x20
00000001000053f8	ret
00000001000053fc	sub	sp, sp, #0x20
0000000100005400	str	x29, [sp]
0000000100005404	str	x30, [sp, #0x8]
0000000100005408	str	x28, [sp, #0x10]
000000010000540c	mov	x29, sp
0000000100005410	sub	sp, sp, #0x1a0
0000000100005414	mov	x28, sp
0000000100005418	stur	x0, [x29, #-0x8]
000000010000541c	stur	x1, [x29, #-0x10]
0000000100005420	mov	x0, #0x10
0000000100005424	str	x0, [x28]
0000000100005428	add	x28, x28, #0x8
000000010000542c	sub	x28, x28, #0x8
0000000100005430	ldr	x0, [x28]
0000000100005434	bl	0x100017aa0
0000000100005438	str	x0, [x28]
000000010000543c	add	x28, x28, #0x8
0000000100005440	sub	x28, x28, #0x8
0000000100005444	ldr	x0, [x28]
0000000100005448	stur	x0, [x29, #-0x18]
000000010000544c	ldur	x0, [x29, #-0x18]
0000000100005450	str	x0, [x28]
0000000100005454	add	x28, x28, #0x8
0000000100005458	mov	x0, #0x0
000000010000545c	str	x0, [x28]
0000000100005460	add	x28, x28, #0x8
0000000100005464	sub	x28, x28, #0x8
0000000100005468	ldr	x1, [x28]
000000010000546c	sub	x28, x28, #0x8
0000000100005470	ldr	x0, [x28]
0000000100005474	cmp	x0, x1
0000000100005478	b.ne	0x100005484
000000010000547c	mov	x0, #0x1
0000000100005480	b	0x100005488
0000000100005484	mov	x0, #0x0
0000000100005488	str	x0, [x28]
000000010000548c	add	x28, x28, #0x8
0000000100005490	sub	x28, x28, #0x8
0000000100005494	ldr	x0, [x28]
0000000100005498	cmp	x0, #0x0
000000010000549c	b.eq	0x1000054d0
00000001000054a0	mov	x0, #0xc
00000001000054a4	str	x0, [x28]
00000001000054a8	add	x28, x28, #0x8
00000001000054ac	sub	x28, x28, #0x8
00000001000054b0	ldr	x0, [x28]
00000001000054b4	neg	x0, x0
00000001000054b8	str	x0, [x28]
00000001000054bc	add	x28, x28, #0x8
00000001000054c0	sub	x28, x28, #0x8
00000001000054c4	ldr	x0, [x28]
00000001000054c8	b	0x100005664
00000001000054cc	b	0x1000054d0
00000001000054d0	ldur	x0, [x29, #-0x18]
00000001000054d4	str	x0, [x28]
00000001000054d8	add	x28, x28, #0x8
00000001000054dc	mov	x0, #0x0
00000001000054e0	str	x0, [x28]
00000001000054e4	add	x28, x28, #0x8
00000001000054e8	sub	x28, x28, #0x8
00000001000054ec	ldr	x1, [x28]
00000001000054f0	sub	x28, x28, #0x8
00000001000054f4	ldr	x0, [x28]
00000001000054f8	mov	x9, #0x8
00000001000054fc	mul	x1, x1, x9
0000000100005500	add	x0, x0, x1
0000000100005504	str	x0, [x28]
0000000100005508	add	x28, x28, #0x8
000000010000550c	ldur	x0, [x29, #-0x10]
0000000100005510	str	x0, [x28]
0000000100005514	add	x28, x28, #0x8
0000000100005518	sub	x28, x28, #0x8
000000010000551c	ldr	x0, [x28]
0000000100005520	sub	x28, x28, #0x8
0000000100005524	ldr	x10, [x28]
0000000100005528	str	x0, [x10]
000000010000552c	ldur	x0, [x29, #-0x18]
0000000100005530	str	x0, [x28]
0000000100005534	add	x28, x28, #0x8
0000000100005538	mov	x0, #0x1
000000010000553c	str	x0, [x28]
0000000100005540	add	x28, x28, #0x8
0000000100005544	sub	x28, x28, #0x8
0000000100005548	ldr	x1, [x28]
000000010000554c	sub	x28, x28, #0x8
0000000100005550	ldr	x0, [x28]
0000000100005554	mov	x9, #0x8
0000000100005558	mul	x1, x1, x9
000000010000555c	add	x0, x0, x1
0000000100005560	str	x0, [x28]
0000000100005564	add	x28, x28, #0x8
0000000100005568	ldur	x0, [x29, #-0x10]
000000010000556c	str	x0, [x28]
0000000100005570	add	x28, x28, #0x8
0000000100005574	sub	x28, x28, #0x8
0000000100005578	ldr	x0, [x28]
000000010000557c	sub	x28, x28, #0x8
0000000100005580	ldr	x10, [x28]
0000000100005584	str	x0, [x10]
0000000100005588	ldur	x0, [x29, #-0x8]
000000010000558c	str	x0, [x28]
0000000100005590	add	x28, x28, #0x8
0000000100005594	ldur	x0, [x29, #-0x18]
0000000100005598	str	x0, [x28]
000000010000559c	add	x28, x28, #0x8
00000001000055a0	mov	x0, #0x0
00000001000055a4	str	x0, [x28]
00000001000055a8	add	x28, x28, #0x8
00000001000055ac	mov	x0, #0x0
00000001000055b0	str	x0, [x28]
00000001000055b4	add	x28, x28, #0x8
00000001000055b8	mov	x0, #0x0
00000001000055bc	str	x0, [x28]
00000001000055c0	add	x28, x28, #0x8
00000001000055c4	mov	x0, #0x0
00000001000055c8	str	x0, [x28]
00000001000055cc	add	x28, x28, #0x8
00000001000055d0	sub	x28, x28, #0x8
00000001000055d4	ldr	x5, [x28]
00000001000055d8	sub	x28, x28, #0x8
00000001000055dc	ldr	x4, [x28]
00000001000055e0	sub	x28, x28, #0x8
00000001000055e4	ldr	x3, [x28]
00000001000055e8	sub	x28, x28, #0x8
00000001000055ec	ldr	x2, [x28]
00000001000055f0	sub	x28, x28, #0x8
00000001000055f4	ldr	x1, [x28]
00000001000055f8	sub	x28, x28, #0x8
00000001000055fc	ldr	x0, [x28]
0000000100005600	mov	x16, #0xc3
0000000100005604	svc	#0x80
0000000100005608	b.lo	0x100005610
000000010000560c	neg	x0, x0
0000000100005610	str	x0, [x28]
0000000100005614	add	x28, x28, #0x8
0000000100005618	sub	x28, x28, #0x8
000000010000561c	ldr	x0, [x28]
0000000100005620	stur	x0, [x29, #-0x20]
0000000100005624	ldur	x0, [x29, #-0x18]
0000000100005628	str	x0, [x28]
000000010000562c	add	x28, x28, #0x8
0000000100005630	sub	x28, x28, #0x8
0000000100005634	ldr	x0, [x28]
0000000100005638	mov	x0, #0x0
000000010000563c	str	x0, [x28]
0000000100005640	add	x28, x28, #0x8
0000000100005644	sub	x28, x28, #0x8
0000000100005648	ldr	x0, [x28]
000000010000564c	ldur	x0, [x29, #-0x20]
0000000100005650	str	x0, [x28]
0000000100005654	add	x28, x28, #0x8
0000000100005658	sub	x28, x28, #0x8
000000010000565c	ldr	x0, [x28]
0000000100005660	b	0x100005664
0000000100005664	mov	sp, x29
0000000100005668	ldr	x29, [sp]
000000010000566c	ldr	x30, [sp, #0x8]
0000000100005670	ldr	x28, [sp, #0x10]
0000000100005674	add	sp, sp, #0x20
0000000100005678	ret
000000010000567c	sub	sp, sp, #0x20
0000000100005680	str	x29, [sp]
0000000100005684	str	x30, [sp, #0x8]
0000000100005688	str	x28, [sp, #0x10]
000000010000568c	mov	x29, sp
0000000100005690	sub	sp, sp, #0x1a0
0000000100005694	mov	x28, sp
0000000100005698	stur	x0, [x29, #-0x8]
000000010000569c	mov	x0, #0x20
00000001000056a0	str	x0, [x28]
00000001000056a4	add	x28, x28, #0x8
00000001000056a8	sub	x28, x28, #0x8
00000001000056ac	ldr	x0, [x28]
00000001000056b0	bl	0x100017aa0
00000001000056b4	str	x0, [x28]
00000001000056b8	add	x28, x28, #0x8
00000001000056bc	sub	x28, x28, #0x8
00000001000056c0	ldr	x0, [x28]
00000001000056c4	stur	x0, [x29, #-0x10]
00000001000056c8	ldur	x0, [x29, #-0x10]
00000001000056cc	str	x0, [x28]
00000001000056d0	add	x28, x28, #0x8
00000001000056d4	mov	x0, #0x0
00000001000056d8	str	x0, [x28]
00000001000056dc	add	x28, x28, #0x8
00000001000056e0	sub	x28, x28, #0x8
00000001000056e4	ldr	x1, [x28]
00000001000056e8	sub	x28, x28, #0x8
00000001000056ec	ldr	x0, [x28]
00000001000056f0	cmp	x0, x1
00000001000056f4	b.ne	0x100005700
00000001000056f8	mov	x0, #0x1
00000001000056fc	b	0x100005704
0000000100005700	mov	x0, #0x0
0000000100005704	str	x0, [x28]
0000000100005708	add	x28, x28, #0x8
000000010000570c	sub	x28, x28, #0x8
0000000100005710	ldr	x0, [x28]
0000000100005714	cmp	x0, #0x0
0000000100005718	b.eq	0x10000574c
000000010000571c	mov	x0, #0xc
0000000100005720	str	x0, [x28]
0000000100005724	add	x28, x28, #0x8
0000000100005728	sub	x28, x28, #0x8
000000010000572c	ldr	x0, [x28]
0000000100005730	neg	x0, x0
0000000100005734	str	x0, [x28]
0000000100005738	add	x28, x28, #0x8
000000010000573c	sub	x28, x28, #0x8
0000000100005740	ldr	x0, [x28]
0000000100005744	b	0x100005998
0000000100005748	b	0x10000574c
000000010000574c	ldur	x0, [x29, #-0x10]
0000000100005750	str	x0, [x28]
0000000100005754	add	x28, x28, #0x8
0000000100005758	mov	x0, #0x0
000000010000575c	str	x0, [x28]
0000000100005760	add	x28, x28, #0x8
0000000100005764	sub	x28, x28, #0x8
0000000100005768	ldr	x1, [x28]
000000010000576c	sub	x28, x28, #0x8
0000000100005770	ldr	x0, [x28]
0000000100005774	mov	x9, #0x8
0000000100005778	mul	x1, x1, x9
000000010000577c	add	x0, x0, x1
0000000100005780	str	x0, [x28]
0000000100005784	add	x28, x28, #0x8
0000000100005788	mov	x0, #0x0
000000010000578c	str	x0, [x28]
0000000100005790	add	x28, x28, #0x8
0000000100005794	sub	x28, x28, #0x8
0000000100005798	ldr	x0, [x28]
000000010000579c	sub	x28, x28, #0x8
00000001000057a0	ldr	x10, [x28]
00000001000057a4	str	x0, [x10]
00000001000057a8	ldur	x0, [x29, #-0x10]
00000001000057ac	str	x0, [x28]
00000001000057b0	add	x28, x28, #0x8
00000001000057b4	mov	x0, #0x1
00000001000057b8	str	x0, [x28]
00000001000057bc	add	x28, x28, #0x8
00000001000057c0	sub	x28, x28, #0x8
00000001000057c4	ldr	x1, [x28]
00000001000057c8	sub	x28, x28, #0x8
00000001000057cc	ldr	x0, [x28]
00000001000057d0	mov	x9, #0x8
00000001000057d4	mul	x1, x1, x9
00000001000057d8	add	x0, x0, x1
00000001000057dc	str	x0, [x28]
00000001000057e0	add	x28, x28, #0x8
00000001000057e4	mov	x0, #0x0
00000001000057e8	str	x0, [x28]
00000001000057ec	add	x28, x28, #0x8
00000001000057f0	sub	x28, x28, #0x8
00000001000057f4	ldr	x0, [x28]
00000001000057f8	sub	x28, x28, #0x8
00000001000057fc	ldr	x10, [x28]
0000000100005800	str	x0, [x10]
0000000100005804	ldur	x0, [x29, #-0x10]
0000000100005808	str	x0, [x28]
000000010000580c	add	x28, x28, #0x8
0000000100005810	mov	x0, #0x2
0000000100005814	str	x0, [x28]
0000000100005818	add	x28, x28, #0x8
000000010000581c	sub	x28, x28, #0x8
0000000100005820	ldr	x1, [x28]
0000000100005824	sub	x28, x28, #0x8
0000000100005828	ldr	x0, [x28]
000000010000582c	mov	x9, #0x8
0000000100005830	mul	x1, x1, x9
0000000100005834	add	x0, x0, x1
0000000100005838	str	x0, [x28]
000000010000583c	add	x28, x28, #0x8
0000000100005840	ldur	x0, [x29, #-0x8]
0000000100005844	str	x0, [x28]
0000000100005848	add	x28, x28, #0x8
000000010000584c	sub	x28, x28, #0x8
0000000100005850	ldr	x0, [x28]
0000000100005854	sub	x28, x28, #0x8
0000000100005858	ldr	x10, [x28]
000000010000585c	str	x0, [x10]
0000000100005860	ldur	x0, [x29, #-0x10]
0000000100005864	str	x0, [x28]
0000000100005868	add	x28, x28, #0x8
000000010000586c	mov	x0, #0x3
0000000100005870	str	x0, [x28]
0000000100005874	add	x28, x28, #0x8
0000000100005878	sub	x28, x28, #0x8
000000010000587c	ldr	x1, [x28]
0000000100005880	sub	x28, x28, #0x8
0000000100005884	ldr	x0, [x28]
0000000100005888	mov	x9, #0x8
000000010000588c	mul	x1, x1, x9
0000000100005890	add	x0, x0, x1
0000000100005894	str	x0, [x28]
0000000100005898	add	x28, x28, #0x8
000000010000589c	mov	x0, #0x0
00000001000058a0	str	x0, [x28]
00000001000058a4	add	x28, x28, #0x8
00000001000058a8	sub	x28, x28, #0x8
00000001000058ac	ldr	x0, [x28]
00000001000058b0	sub	x28, x28, #0x8
00000001000058b4	ldr	x10, [x28]
00000001000058b8	str	x0, [x10]
00000001000058bc	mov	x0, #0x0
00000001000058c0	str	x0, [x28]
00000001000058c4	add	x28, x28, #0x8
00000001000058c8	ldur	x0, [x29, #-0x10]
00000001000058cc	str	x0, [x28]
00000001000058d0	add	x28, x28, #0x8
00000001000058d4	mov	x0, #0x0
00000001000058d8	str	x0, [x28]
00000001000058dc	add	x28, x28, #0x8
00000001000058e0	mov	x0, #0x0
00000001000058e4	str	x0, [x28]
00000001000058e8	add	x28, x28, #0x8
00000001000058ec	mov	x0, #0x0
00000001000058f0	str	x0, [x28]
00000001000058f4	add	x28, x28, #0x8
00000001000058f8	mov	x0, #0x0
00000001000058fc	str	x0, [x28]
0000000100005900	add	x28, x28, #0x8
0000000100005904	sub	x28, x28, #0x8
0000000100005908	ldr	x5, [x28]
000000010000590c	sub	x28, x28, #0x8
0000000100005910	ldr	x4, [x28]
0000000100005914	sub	x28, x28, #0x8
0000000100005918	ldr	x3, [x28]
000000010000591c	sub	x28, x28, #0x8
0000000100005920	ldr	x2, [x28]
0000000100005924	sub	x28, x28, #0x8
0000000100005928	ldr	x1, [x28]
000000010000592c	sub	x28, x28, #0x8
0000000100005930	ldr	x0, [x28]
0000000100005934	mov	x16, #0x53
0000000100005938	svc	#0x80
000000010000593c	b.lo	0x100005944
0000000100005940	neg	x0, x0
0000000100005944	str	x0, [x28]
0000000100005948	add	x28, x28, #0x8
000000010000594c	sub	x28, x28, #0x8
0000000100005950	ldr	x0, [x28]
0000000100005954	stur	x0, [x29, #-0x18]
0000000100005958	ldur	x0, [x29, #-0x10]
000000010000595c	str	x0, [x28]
0000000100005960	add	x28, x28, #0x8
0000000100005964	sub	x28, x28, #0x8
0000000100005968	ldr	x0, [x28]
000000010000596c	mov	x0, #0x0
0000000100005970	str	x0, [x28]
0000000100005974	add	x28, x28, #0x8
0000000100005978	sub	x28, x28, #0x8
000000010000597c	ldr	x0, [x28]
0000000100005980	ldur	x0, [x29, #-0x18]
0000000100005984	str	x0, [x28]
0000000100005988	add	x28, x28, #0x8
000000010000598c	sub	x28, x28, #0x8
0000000100005990	ldr	x0, [x28]
0000000100005994	b	0x100005998
0000000100005998	mov	sp, x29
000000010000599c	ldr	x29, [sp]
00000001000059a0	ldr	x30, [sp, #0x8]
00000001000059a4	ldr	x28, [sp, #0x10]
00000001000059a8	add	sp, sp, #0x20
00000001000059ac	ret
00000001000059b0	sub	sp, sp, #0x20
00000001000059b4	str	x29, [sp]
00000001000059b8	str	x30, [sp, #0x8]
00000001000059bc	str	x28, [sp, #0x10]
00000001000059c0	mov	x29, sp
00000001000059c4	sub	sp, sp, #0x190
00000001000059c8	mov	x28, sp
00000001000059cc	stur	x0, [x29, #-0x8]
00000001000059d0	ldur	x0, [x29, #-0x8]
00000001000059d4	str	x0, [x28]
00000001000059d8	add	x28, x28, #0x8
00000001000059dc	mov	x0, #0x1
00000001000059e0	str	x0, [x28]
00000001000059e4	add	x28, x28, #0x8
00000001000059e8	sub	x28, x28, #0x8
00000001000059ec	ldr	x1, [x28]
00000001000059f0	sub	x28, x28, #0x8
00000001000059f4	ldr	x0, [x28]
00000001000059f8	cmp	x0, x1
00000001000059fc	b.ge	0x100005a08
0000000100005a00	mov	x0, #0x1
0000000100005a04	b	0x100005a0c
0000000100005a08	mov	x0, #0x0
0000000100005a0c	str	x0, [x28]
0000000100005a10	add	x28, x28, #0x8
0000000100005a14	sub	x28, x28, #0x8
0000000100005a18	ldr	x0, [x28]
0000000100005a1c	cmp	x0, #0x0
0000000100005a20	b.ne	0x100005a80
0000000100005a24	ldur	x0, [x29, #-0x8]
0000000100005a28	str	x0, [x28]
0000000100005a2c	add	x28, x28, #0x8
0000000100005a30	mov	x0, #0xb4
0000000100005a34	str	x0, [x28]
0000000100005a38	add	x28, x28, #0x8
0000000100005a3c	sub	x28, x28, #0x8
0000000100005a40	ldr	x1, [x28]
0000000100005a44	sub	x28, x28, #0x8
0000000100005a48	ldr	x0, [x28]
0000000100005a4c	cmp	x0, x1
0000000100005a50	b.le	0x100005a5c
0000000100005a54	mov	x0, #0x1
0000000100005a58	b	0x100005a60
0000000100005a5c	mov	x0, #0x0
0000000100005a60	str	x0, [x28]
0000000100005a64	add	x28, x28, #0x8
0000000100005a68	sub	x28, x28, #0x8
0000000100005a6c	ldr	x0, [x28]
0000000100005a70	cmp	x0, #0x0
0000000100005a74	b.ne	0x100005a80
0000000100005a78	mov	x0, #0x0
0000000100005a7c	b	0x100005a84
0000000100005a80	mov	x0, #0x1
0000000100005a84	str	x0, [x28]
0000000100005a88	add	x28, x28, #0x8
0000000100005a8c	sub	x28, x28, #0x8
0000000100005a90	ldr	x0, [x28]
0000000100005a94	cmp	x0, #0x0
0000000100005a98	b.eq	0x100005acc
0000000100005a9c	mov	x0, #0x1ce9
0000000100005aa0	str	x0, [x28]
0000000100005aa4	add	x28, x28, #0x8
0000000100005aa8	sub	x28, x28, #0x8
0000000100005aac	ldr	x0, [x28]
0000000100005ab0	neg	x0, x0
0000000100005ab4	str	x0, [x28]
0000000100005ab8	add	x28, x28, #0x8
0000000100005abc	sub	x28, x28, #0x8
0000000100005ac0	ldr	x0, [x28]
0000000100005ac4	b	0x100005d88
0000000100005ac8	b	0x100005acc
0000000100005acc	mov	x0, #0x0
0000000100005ad0	str	x0, [x28]
0000000100005ad4	add	x28, x28, #0x8
0000000100005ad8	ldur	x0, [x29, #-0x8]
0000000100005adc	str	x0, [x28]
0000000100005ae0	add	x28, x28, #0x8
0000000100005ae4	sub	x28, x28, #0x8
0000000100005ae8	ldr	x1, [x28]
0000000100005aec	sub	x28, x28, #0x8
0000000100005af0	ldr	x0, [x28]
0000000100005af4	bl	0x1000053fc
0000000100005af8	str	x0, [x28]
0000000100005afc	add	x28, x28, #0x8
0000000100005b00	mov	x0, #0x0
0000000100005b04	str	x0, [x28]
0000000100005b08	add	x28, x28, #0x8
0000000100005b0c	sub	x28, x28, #0x8
0000000100005b10	ldr	x1, [x28]
0000000100005b14	sub	x28, x28, #0x8
0000000100005b18	ldr	x0, [x28]
0000000100005b1c	cmp	x0, x1
0000000100005b20	b.eq	0x100005b2c
0000000100005b24	mov	x0, #0x1
0000000100005b28	b	0x100005b30
0000000100005b2c	mov	x0, #0x0
0000000100005b30	str	x0, [x28]
0000000100005b34	add	x28, x28, #0x8
0000000100005b38	sub	x28, x28, #0x8
0000000100005b3c	ldr	x0, [x28]
0000000100005b40	cmp	x0, #0x0
0000000100005b44	b.ne	0x100005bd0
0000000100005b48	mov	x0, #0x1
0000000100005b4c	str	x0, [x28]
0000000100005b50	add	x28, x28, #0x8
0000000100005b54	mov	x0, #0x0
0000000100005b58	movk	x0, #0x10, lsl #16
0000000100005b5c	str	x0, [x28]
0000000100005b60	add	x28, x28, #0x8
0000000100005b64	sub	x28, x28, #0x8
0000000100005b68	ldr	x1, [x28]
0000000100005b6c	sub	x28, x28, #0x8
0000000100005b70	ldr	x0, [x28]
0000000100005b74	bl	0x1000053fc
0000000100005b78	str	x0, [x28]
0000000100005b7c	add	x28, x28, #0x8
0000000100005b80	mov	x0, #0x0
0000000100005b84	str	x0, [x28]
0000000100005b88	add	x28, x28, #0x8
0000000100005b8c	sub	x28, x28, #0x8
0000000100005b90	ldr	x1, [x28]
0000000100005b94	sub	x28, x28, #0x8
0000000100005b98	ldr	x0, [x28]
0000000100005b9c	cmp	x0, x1
0000000100005ba0	b.eq	0x100005bac
0000000100005ba4	mov	x0, #0x1
0000000100005ba8	b	0x100005bb0
0000000100005bac	mov	x0, #0x0
0000000100005bb0	str	x0, [x28]
0000000100005bb4	add	x28, x28, #0x8
0000000100005bb8	sub	x28, x28, #0x8
0000000100005bbc	ldr	x0, [x28]
0000000100005bc0	cmp	x0, #0x0
0000000100005bc4	b.ne	0x100005bd0
0000000100005bc8	mov	x0, #0x0
0000000100005bcc	b	0x100005bd4
0000000100005bd0	mov	x0, #0x1
0000000100005bd4	str	x0, [x28]
0000000100005bd8	add	x28, x28, #0x8
0000000100005bdc	sub	x28, x28, #0x8
0000000100005be0	ldr	x0, [x28]
0000000100005be4	cmp	x0, #0x0
0000000100005be8	b.ne	0x100005c70
0000000100005bec	mov	x0, #0x4
0000000100005bf0	str	x0, [x28]
0000000100005bf4	add	x28, x28, #0x8
0000000100005bf8	mov	x0, #0x0
0000000100005bfc	str	x0, [x28]
0000000100005c00	add	x28, x28, #0x8
0000000100005c04	sub	x28, x28, #0x8
0000000100005c08	ldr	x1, [x28]
0000000100005c0c	sub	x28, x28, #0x8
0000000100005c10	ldr	x0, [x28]
0000000100005c14	bl	0x1000053fc
0000000100005c18	str	x0, [x28]
0000000100005c1c	add	x28, x28, #0x8
0000000100005c20	mov	x0, #0x0
0000000100005c24	str	x0, [x28]
0000000100005c28	add	x28, x28, #0x8
0000000100005c2c	sub	x28, x28, #0x8
0000000100005c30	ldr	x1, [x28]
0000000100005c34	sub	x28, x28, #0x8
0000000100005c38	ldr	x0, [x28]
0000000100005c3c	cmp	x0, x1
0000000100005c40	b.eq	0x100005c4c
0000000100005c44	mov	x0, #0x1
0000000100005c48	b	0x100005c50
0000000100005c4c	mov	x0, #0x0
0000000100005c50	str	x0, [x28]
0000000100005c54	add	x28, x28, #0x8
0000000100005c58	sub	x28, x28, #0x8
0000000100005c5c	ldr	x0, [x28]
0000000100005c60	cmp	x0, #0x0
0000000100005c64	b.ne	0x100005c70
0000000100005c68	mov	x0, #0x0
0000000100005c6c	b	0x100005c74
0000000100005c70	mov	x0, #0x1
0000000100005c74	str	x0, [x28]
0000000100005c78	add	x28, x28, #0x8
0000000100005c7c	sub	x28, x28, #0x8
0000000100005c80	ldr	x0, [x28]
0000000100005c84	cmp	x0, #0x0
0000000100005c88	b.ne	0x100005d10
0000000100005c8c	mov	x0, #0x8
0000000100005c90	str	x0, [x28]
0000000100005c94	add	x28, x28, #0x8
0000000100005c98	mov	x0, #0x40
0000000100005c9c	str	x0, [x28]
0000000100005ca0	add	x28, x28, #0x8
0000000100005ca4	sub	x28, x28, #0x8
0000000100005ca8	ldr	x1, [x28]
0000000100005cac	sub	x28, x28, #0x8
0000000100005cb0	ldr	x0, [x28]
0000000100005cb4	bl	0x1000053fc
0000000100005cb8	str	x0, [x28]
0000000100005cbc	add	x28, x28, #0x8
0000000100005cc0	mov	x0, #0x0
0000000100005cc4	str	x0, [x28]
0000000100005cc8	add	x28, x28, #0x8
0000000100005ccc	sub	x28, x28, #0x8
0000000100005cd0	ldr	x1, [x28]
0000000100005cd4	sub	x28, x28, #0x8
0000000100005cd8	ldr	x0, [x28]
0000000100005cdc	cmp	x0, x1
0000000100005ce0	b.eq	0x100005cec
0000000100005ce4	mov	x0, #0x1
0000000100005ce8	b	0x100005cf0
0000000100005cec	mov	x0, #0x0
0000000100005cf0	str	x0, [x28]
0000000100005cf4	add	x28, x28, #0x8
0000000100005cf8	sub	x28, x28, #0x8
0000000100005cfc	ldr	x0, [x28]
0000000100005d00	cmp	x0, #0x0
0000000100005d04	b.ne	0x100005d10
0000000100005d08	mov	x0, #0x0
0000000100005d0c	b	0x100005d14
0000000100005d10	mov	x0, #0x1
0000000100005d14	str	x0, [x28]
0000000100005d18	add	x28, x28, #0x8
0000000100005d1c	sub	x28, x28, #0x8
0000000100005d20	ldr	x0, [x28]
0000000100005d24	cmp	x0, #0x0
0000000100005d28	b.eq	0x100005d5c
0000000100005d2c	mov	x0, #0x1ce9
0000000100005d30	str	x0, [x28]
0000000100005d34	add	x28, x28, #0x8
0000000100005d38	sub	x28, x28, #0x8
0000000100005d3c	ldr	x0, [x28]
0000000100005d40	neg	x0, x0
0000000100005d44	str	x0, [x28]
0000000100005d48	add	x28, x28, #0x8
0000000100005d4c	sub	x28, x28, #0x8
0000000100005d50	ldr	x0, [x28]
0000000100005d54	b	0x100005d88
0000000100005d58	b	0x100005d5c
0000000100005d5c	ldur	x0, [x29, #-0x8]
0000000100005d60	str	x0, [x28]
0000000100005d64	add	x28, x28, #0x8
0000000100005d68	sub	x28, x28, #0x8
0000000100005d6c	ldr	x0, [x28]
0000000100005d70	bl	0x10000567c
0000000100005d74	str	x0, [x28]
0000000100005d78	add	x28, x28, #0x8
0000000100005d7c	sub	x28, x28, #0x8
0000000100005d80	ldr	x0, [x28]
0000000100005d84	b	0x100005d88
0000000100005d88	mov	sp, x29
0000000100005d8c	ldr	x29, [sp]
0000000100005d90	ldr	x30, [sp, #0x8]
0000000100005d94	ldr	x28, [sp, #0x10]
0000000100005d98	add	sp, sp, #0x20
0000000100005d9c	ret
0000000100005da0	sub	sp, sp, #0x20
0000000100005da4	str	x29, [sp]
0000000100005da8	str	x30, [sp, #0x8]
0000000100005dac	str	x28, [sp, #0x10]
0000000100005db0	mov	x29, sp
0000000100005db4	sub	sp, sp, #0x1f0
0000000100005db8	mov	x28, sp
0000000100005dbc	stur	x0, [x29, #-0x8]
0000000100005dc0	stur	x1, [x29, #-0x10]
0000000100005dc4	stur	x2, [x29, #-0x18]
0000000100005dc8	adrp	x0, 19 ; 0x100018000
0000000100005dcc	add	x0, x0, #0x13
0000000100005dd0	stur	x0, [x29, #-0x28]
0000000100005dd4	mov	x0, #0x6
0000000100005dd8	stur	x0, [x29, #-0x20]
0000000100005ddc	mov	x0, x29
0000000100005de0	sub	x0, x0, #0x28
0000000100005de4	str	x0, [x28]
0000000100005de8	add	x28, x28, #0x8
0000000100005dec	sub	x28, x28, #0x8
0000000100005df0	ldr	x10, [x28]
0000000100005df4	ldr	x1, [x10]
0000000100005df8	ldr	x2, [x10, #0x8]
0000000100005dfc	bl	0x100017a88
0000000100005e00	mov	x0, #0x0
0000000100005e04	str	x0, [x28]
0000000100005e08	add	x28, x28, #0x8
0000000100005e0c	sub	x28, x28, #0x8
0000000100005e10	ldr	x0, [x28]
0000000100005e14	ldur	x0, [x29, #-0x8]
0000000100005e18	str	x0, [x28]
0000000100005e1c	add	x28, x28, #0x8
0000000100005e20	sub	x28, x28, #0x8
0000000100005e24	ldr	x10, [x28]
0000000100005e28	ldr	x1, [x10]
0000000100005e2c	ldr	x2, [x10, #0x8]
0000000100005e30	bl	0x100017a88
0000000100005e34	mov	x0, #0x0
0000000100005e38	str	x0, [x28]
0000000100005e3c	add	x28, x28, #0x8
0000000100005e40	sub	x28, x28, #0x8
0000000100005e44	ldr	x0, [x28]
0000000100005e48	adrp	x0, 19 ; 0x100018000
0000000100005e4c	add	x0, x0, #0x19
0000000100005e50	stur	x0, [x29, #-0x38]
0000000100005e54	mov	x0, #0x1
0000000100005e58	stur	x0, [x29, #-0x30]
0000000100005e5c	mov	x0, x29
0000000100005e60	sub	x0, x0, #0x38
0000000100005e64	str	x0, [x28]
0000000100005e68	add	x28, x28, #0x8
0000000100005e6c	sub	x28, x28, #0x8
0000000100005e70	ldr	x10, [x28]
0000000100005e74	ldr	x1, [x10]
0000000100005e78	ldr	x2, [x10, #0x8]
0000000100005e7c	bl	0x100017a88
0000000100005e80	mov	x0, #0x0
0000000100005e84	str	x0, [x28]
0000000100005e88	add	x28, x28, #0x8
0000000100005e8c	sub	x28, x28, #0x8
0000000100005e90	ldr	x0, [x28]
0000000100005e94	ldur	x0, [x29, #-0x10]
0000000100005e98	str	x0, [x28]
0000000100005e9c	add	x28, x28, #0x8
0000000100005ea0	sub	x28, x28, #0x8
0000000100005ea4	ldr	x0, [x28]
0000000100005ea8	mov	x1, x29
0000000100005eac	sub	x1, x1, #0x48
0000000100005eb0	bl	0x100017be0
0000000100005eb4	mov	x0, x29
0000000100005eb8	sub	x0, x0, #0x48
0000000100005ebc	str	x0, [x28]
0000000100005ec0	add	x28, x28, #0x8
0000000100005ec4	sub	x28, x28, #0x8
0000000100005ec8	ldr	x10, [x28]
0000000100005ecc	ldr	x1, [x10]
0000000100005ed0	ldr	x2, [x10, #0x8]
0000000100005ed4	bl	0x100017a88
0000000100005ed8	mov	x0, #0x0
0000000100005edc	str	x0, [x28]
0000000100005ee0	add	x28, x28, #0x8
0000000100005ee4	sub	x28, x28, #0x8
0000000100005ee8	ldr	x0, [x28]
0000000100005eec	adrp	x0, 19 ; 0x100018000
0000000100005ef0	add	x0, x0, #0x1a
0000000100005ef4	stur	x0, [x29, #-0x58]
0000000100005ef8	mov	x0, #0x1
0000000100005efc	stur	x0, [x29, #-0x50]
0000000100005f00	mov	x0, x29
0000000100005f04	sub	x0, x0, #0x58
0000000100005f08	str	x0, [x28]
0000000100005f0c	add	x28, x28, #0x8
0000000100005f10	sub	x28, x28, #0x8
0000000100005f14	ldr	x10, [x28]
0000000100005f18	ldr	x1, [x10]
0000000100005f1c	ldr	x2, [x10, #0x8]
0000000100005f20	bl	0x100017a88
0000000100005f24	mov	x0, #0x0
0000000100005f28	str	x0, [x28]
0000000100005f2c	add	x28, x28, #0x8
0000000100005f30	sub	x28, x28, #0x8
0000000100005f34	ldr	x0, [x28]
0000000100005f38	ldur	x0, [x29, #-0x18]
0000000100005f3c	str	x0, [x28]
0000000100005f40	add	x28, x28, #0x8
0000000100005f44	sub	x28, x28, #0x8
0000000100005f48	ldr	x0, [x28]
0000000100005f4c	mov	x1, x29
0000000100005f50	sub	x1, x1, #0x68
0000000100005f54	bl	0x100017be0
0000000100005f58	mov	x0, x29
0000000100005f5c	sub	x0, x0, #0x68
0000000100005f60	str	x0, [x28]
0000000100005f64	add	x28, x28, #0x8
0000000100005f68	sub	x28, x28, #0x8
0000000100005f6c	ldr	x10, [x28]
0000000100005f70	ldr	x1, [x10]
0000000100005f74	ldr	x2, [x10, #0x8]
0000000100005f78	bl	0x100017a88
0000000100005f7c	adrp	x1, 19 ; 0x100018000
0000000100005f80	add	x1, x1, #0x1b
0000000100005f84	mov	x2, #0x1
0000000100005f88	bl	0x100017a88
0000000100005f8c	mov	x0, #0x0
0000000100005f90	str	x0, [x28]
0000000100005f94	add	x28, x28, #0x8
0000000100005f98	sub	x28, x28, #0x8
0000000100005f9c	ldr	x0, [x28]
0000000100005fa0	ldur	x0, [x29, #-0x10]
0000000100005fa4	str	x0, [x28]
0000000100005fa8	add	x28, x28, #0x8
0000000100005fac	ldur	x0, [x29, #-0x18]
0000000100005fb0	str	x0, [x28]
0000000100005fb4	add	x28, x28, #0x8
0000000100005fb8	sub	x28, x28, #0x8
0000000100005fbc	ldr	x1, [x28]
0000000100005fc0	sub	x28, x28, #0x8
0000000100005fc4	ldr	x0, [x28]
0000000100005fc8	cmp	x0, x1
0000000100005fcc	b.eq	0x100005fd8
0000000100005fd0	mov	x0, #0x1
0000000100005fd4	b	0x100005fdc
0000000100005fd8	mov	x0, #0x0
0000000100005fdc	str	x0, [x28]
0000000100005fe0	add	x28, x28, #0x8
0000000100005fe4	sub	x28, x28, #0x8
0000000100005fe8	ldr	x0, [x28]
0000000100005fec	sxtw	x0, w0
0000000100005ff0	str	x0, [x28]
0000000100005ff4	add	x28, x28, #0x8
0000000100005ff8	sub	x28, x28, #0x8
0000000100005ffc	ldr	x0, [x28]
0000000100006000	b	0x100006004
0000000100006004	mov	sp, x29
0000000100006008	ldr	x29, [sp]
000000010000600c	ldr	x30, [sp, #0x8]
0000000100006010	ldr	x28, [sp, #0x10]
0000000100006014	add	sp, sp, #0x20
0000000100006018	ret
000000010000601c	sub	sp, sp, #0x20
0000000100006020	str	x29, [sp]
0000000100006024	str	x30, [sp, #0x8]
0000000100006028	str	x28, [sp, #0x10]
000000010000602c	mov	x29, sp
0000000100006030	sub	sp, sp, #0x190
0000000100006034	mov	x28, sp
0000000100006038	stur	x0, [x29, #-0x8]
000000010000603c	ldur	x0, [x29, #-0x8]
0000000100006040	str	x0, [x28]
0000000100006044	add	x28, x28, #0x8
0000000100006048	mov	x0, #0x30
000000010000604c	str	x0, [x28]
0000000100006050	add	x28, x28, #0x8
0000000100006054	sub	x28, x28, #0x8
0000000100006058	ldr	x1, [x28]
000000010000605c	sub	x28, x28, #0x8
0000000100006060	ldr	x0, [x28]
0000000100006064	cmp	x0, x1
0000000100006068	b.lt	0x100006074
000000010000606c	mov	x0, #0x1
0000000100006070	b	0x100006078
0000000100006074	mov	x0, #0x0
0000000100006078	str	x0, [x28]
000000010000607c	add	x28, x28, #0x8
0000000100006080	sub	x28, x28, #0x8
0000000100006084	ldr	x0, [x28]
0000000100006088	cmp	x0, #0x0
000000010000608c	b.eq	0x1000060ec
0000000100006090	ldur	x0, [x29, #-0x8]
0000000100006094	str	x0, [x28]
0000000100006098	add	x28, x28, #0x8
000000010000609c	mov	x0, #0x39
00000001000060a0	str	x0, [x28]
00000001000060a4	add	x28, x28, #0x8
00000001000060a8	sub	x28, x28, #0x8
00000001000060ac	ldr	x1, [x28]
00000001000060b0	sub	x28, x28, #0x8
00000001000060b4	ldr	x0, [x28]
00000001000060b8	cmp	x0, x1
00000001000060bc	b.gt	0x1000060c8
00000001000060c0	mov	x0, #0x1
00000001000060c4	b	0x1000060cc
00000001000060c8	mov	x0, #0x0
00000001000060cc	str	x0, [x28]
00000001000060d0	add	x28, x28, #0x8
00000001000060d4	sub	x28, x28, #0x8
00000001000060d8	ldr	x0, [x28]
00000001000060dc	cmp	x0, #0x0
00000001000060e0	b.eq	0x1000060ec
00000001000060e4	mov	x0, #0x1
00000001000060e8	b	0x1000060f0
00000001000060ec	mov	x0, #0x0
00000001000060f0	str	x0, [x28]
00000001000060f4	add	x28, x28, #0x8
00000001000060f8	sub	x28, x28, #0x8
00000001000060fc	ldr	x0, [x28]
0000000100006100	cmp	x0, #0x0
0000000100006104	b.eq	0x100006164
0000000100006108	ldur	x0, [x29, #-0x8]
000000010000610c	str	x0, [x28]
0000000100006110	add	x28, x28, #0x8
0000000100006114	mov	x0, #0x30
0000000100006118	str	x0, [x28]
000000010000611c	add	x28, x28, #0x8
0000000100006120	sub	x28, x28, #0x8
0000000100006124	ldr	x1, [x28]
0000000100006128	sub	x28, x28, #0x8
000000010000612c	ldr	x0, [x28]
0000000100006130	sub	x0, x0, x1
0000000100006134	sxtw	x0, w0
0000000100006138	str	x0, [x28]
000000010000613c	add	x28, x28, #0x8
0000000100006140	sub	x28, x28, #0x8
0000000100006144	ldr	x0, [x28]
0000000100006148	sxtw	x0, w0
000000010000614c	str	x0, [x28]
0000000100006150	add	x28, x28, #0x8
0000000100006154	sub	x28, x28, #0x8
0000000100006158	ldr	x0, [x28]
000000010000615c	b	0x1000062b8
0000000100006160	b	0x100006164
0000000100006164	ldur	x0, [x29, #-0x8]
0000000100006168	str	x0, [x28]
000000010000616c	add	x28, x28, #0x8
0000000100006170	mov	x0, #0x61
0000000100006174	str	x0, [x28]
0000000100006178	add	x28, x28, #0x8
000000010000617c	sub	x28, x28, #0x8
0000000100006180	ldr	x1, [x28]
0000000100006184	sub	x28, x28, #0x8
0000000100006188	ldr	x0, [x28]
000000010000618c	cmp	x0, x1
0000000100006190	b.lt	0x10000619c
0000000100006194	mov	x0, #0x1
0000000100006198	b	0x1000061a0
000000010000619c	mov	x0, #0x0
00000001000061a0	str	x0, [x28]
00000001000061a4	add	x28, x28, #0x8
00000001000061a8	sub	x28, x28, #0x8
00000001000061ac	ldr	x0, [x28]
00000001000061b0	cmp	x0, #0x0
00000001000061b4	b.eq	0x100006214
00000001000061b8	ldur	x0, [x29, #-0x8]
00000001000061bc	str	x0, [x28]
00000001000061c0	add	x28, x28, #0x8
00000001000061c4	mov	x0, #0x66
00000001000061c8	str	x0, [x28]
00000001000061cc	add	x28, x28, #0x8
00000001000061d0	sub	x28, x28, #0x8
00000001000061d4	ldr	x1, [x28]
00000001000061d8	sub	x28, x28, #0x8
00000001000061dc	ldr	x0, [x28]
00000001000061e0	cmp	x0, x1
00000001000061e4	b.gt	0x1000061f0
00000001000061e8	mov	x0, #0x1
00000001000061ec	b	0x1000061f4
00000001000061f0	mov	x0, #0x0
00000001000061f4	str	x0, [x28]
00000001000061f8	add	x28, x28, #0x8
00000001000061fc	sub	x28, x28, #0x8
0000000100006200	ldr	x0, [x28]
0000000100006204	cmp	x0, #0x0
0000000100006208	b.eq	0x100006214
000000010000620c	mov	x0, #0x1
0000000100006210	b	0x100006218
0000000100006214	mov	x0, #0x0
0000000100006218	str	x0, [x28]
000000010000621c	add	x28, x28, #0x8
0000000100006220	sub	x28, x28, #0x8
0000000100006224	ldr	x0, [x28]
0000000100006228	cmp	x0, #0x0
000000010000622c	b.eq	0x10000628c
0000000100006230	ldur	x0, [x29, #-0x8]
0000000100006234	str	x0, [x28]
0000000100006238	add	x28, x28, #0x8
000000010000623c	mov	x0, #0x57
0000000100006240	str	x0, [x28]
0000000100006244	add	x28, x28, #0x8
0000000100006248	sub	x28, x28, #0x8
000000010000624c	ldr	x1, [x28]
0000000100006250	sub	x28, x28, #0x8
0000000100006254	ldr	x0, [x28]
0000000100006258	sub	x0, x0, x1
000000010000625c	sxtw	x0, w0
0000000100006260	str	x0, [x28]
0000000100006264	add	x28, x28, #0x8
0000000100006268	sub	x28, x28, #0x8
000000010000626c	ldr	x0, [x28]
0000000100006270	sxtw	x0, w0
0000000100006274	str	x0, [x28]
0000000100006278	add	x28, x28, #0x8
000000010000627c	sub	x28, x28, #0x8
0000000100006280	ldr	x0, [x28]
0000000100006284	b	0x1000062b8
0000000100006288	b	0x10000628c
000000010000628c	mov	x0, #0x1
0000000100006290	str	x0, [x28]
0000000100006294	add	x28, x28, #0x8
0000000100006298	sub	x28, x28, #0x8
000000010000629c	ldr	x0, [x28]
00000001000062a0	neg	x0, x0
00000001000062a4	str	x0, [x28]
00000001000062a8	add	x28, x28, #0x8
00000001000062ac	sub	x28, x28, #0x8
00000001000062b0	ldr	x0, [x28]
00000001000062b4	b	0x1000062b8
00000001000062b8	mov	sp, x29
00000001000062bc	ldr	x29, [sp]
00000001000062c0	ldr	x30, [sp, #0x8]
00000001000062c4	ldr	x28, [sp, #0x10]
00000001000062c8	add	sp, sp, #0x20
00000001000062cc	ret
00000001000062d0	sub	sp, sp, #0x20
00000001000062d4	str	x29, [sp]
00000001000062d8	str	x30, [sp, #0x8]
00000001000062dc	str	x28, [sp, #0x10]
00000001000062e0	mov	x29, sp
00000001000062e4	sub	sp, sp, #0x1b0
00000001000062e8	mov	x28, sp
00000001000062ec	stur	x0, [x29, #-0x8]
00000001000062f0	stur	x1, [x29, #-0x10]
00000001000062f4	ldur	x0, [x29, #-0x10]
00000001000062f8	str	x0, [x28]
00000001000062fc	add	x28, x28, #0x8
0000000100006300	mov	x0, #0x0
0000000100006304	str	x0, [x28]
0000000100006308	add	x28, x28, #0x8
000000010000630c	sub	x28, x28, #0x8
0000000100006310	ldr	x1, [x28]
0000000100006314	sub	x28, x28, #0x8
0000000100006318	ldr	x0, [x28]
000000010000631c	cmp	x0, x1
0000000100006320	b.ge	0x10000632c
0000000100006324	mov	x0, #0x1
0000000100006328	b	0x100006330
000000010000632c	mov	x0, #0x0
0000000100006330	str	x0, [x28]
0000000100006334	add	x28, x28, #0x8
0000000100006338	sub	x28, x28, #0x8
000000010000633c	ldr	x0, [x28]
0000000100006340	cmp	x0, #0x0
0000000100006344	b.ne	0x1000063b8
0000000100006348	ldur	x0, [x29, #-0x8]
000000010000634c	str	x0, [x28]
0000000100006350	add	x28, x28, #0x8
0000000100006354	sub	x28, x28, #0x8
0000000100006358	ldr	x10, [x28]
000000010000635c	ldr	x0, [x10, #0x8]
0000000100006360	str	x0, [x28]
0000000100006364	add	x28, x28, #0x8
0000000100006368	mov	x0, #0x8
000000010000636c	str	x0, [x28]
0000000100006370	add	x28, x28, #0x8
0000000100006374	sub	x28, x28, #0x8
0000000100006378	ldr	x1, [x28]
000000010000637c	sub	x28, x28, #0x8
0000000100006380	ldr	x0, [x28]
0000000100006384	cmp	x0, x1
0000000100006388	b.ge	0x100006394
000000010000638c	mov	x0, #0x1
0000000100006390	b	0x100006398
0000000100006394	mov	x0, #0x0
0000000100006398	str	x0, [x28]
000000010000639c	add	x28, x28, #0x8
00000001000063a0	sub	x28, x28, #0x8
00000001000063a4	ldr	x0, [x28]
00000001000063a8	cmp	x0, #0x0
00000001000063ac	b.ne	0x1000063b8
00000001000063b0	mov	x0, #0x0
00000001000063b4	b	0x1000063bc
00000001000063b8	mov	x0, #0x1
00000001000063bc	str	x0, [x28]
00000001000063c0	add	x28, x28, #0x8
00000001000063c4	sub	x28, x28, #0x8
00000001000063c8	ldr	x0, [x28]
00000001000063cc	cmp	x0, #0x0
00000001000063d0	b.ne	0x10000646c
00000001000063d4	ldur	x0, [x29, #-0x10]
00000001000063d8	str	x0, [x28]
00000001000063dc	add	x28, x28, #0x8
00000001000063e0	ldur	x0, [x29, #-0x8]
00000001000063e4	str	x0, [x28]
00000001000063e8	add	x28, x28, #0x8
00000001000063ec	sub	x28, x28, #0x8
00000001000063f0	ldr	x10, [x28]
00000001000063f4	ldr	x0, [x10, #0x8]
00000001000063f8	str	x0, [x28]
00000001000063fc	add	x28, x28, #0x8
0000000100006400	mov	x0, #0x8
0000000100006404	str	x0, [x28]
0000000100006408	add	x28, x28, #0x8
000000010000640c	sub	x28, x28, #0x8
0000000100006410	ldr	x1, [x28]
0000000100006414	sub	x28, x28, #0x8
0000000100006418	ldr	x0, [x28]
000000010000641c	sub	x0, x0, x1
0000000100006420	str	x0, [x28]
0000000100006424	add	x28, x28, #0x8
0000000100006428	sub	x28, x28, #0x8
000000010000642c	ldr	x1, [x28]
0000000100006430	sub	x28, x28, #0x8
0000000100006434	ldr	x0, [x28]
0000000100006438	cmp	x0, x1
000000010000643c	b.le	0x100006448
0000000100006440	mov	x0, #0x1
0000000100006444	b	0x10000644c
0000000100006448	mov	x0, #0x0
000000010000644c	str	x0, [x28]
0000000100006450	add	x28, x28, #0x8
0000000100006454	sub	x28, x28, #0x8
0000000100006458	ldr	x0, [x28]
000000010000645c	cmp	x0, #0x0
0000000100006460	b.ne	0x10000646c
0000000100006464	mov	x0, #0x0
0000000100006468	b	0x100006470
000000010000646c	mov	x0, #0x1
0000000100006470	str	x0, [x28]
0000000100006474	add	x28, x28, #0x8
0000000100006478	sub	x28, x28, #0x8
000000010000647c	ldr	x0, [x28]
0000000100006480	cmp	x0, #0x0
0000000100006484	b.eq	0x1000064b8
0000000100006488	mov	x0, #0x1
000000010000648c	str	x0, [x28]
0000000100006490	add	x28, x28, #0x8
0000000100006494	sub	x28, x28, #0x8
0000000100006498	ldr	x0, [x28]
000000010000649c	neg	x0, x0
00000001000064a0	str	x0, [x28]
00000001000064a4	add	x28, x28, #0x8
00000001000064a8	sub	x28, x28, #0x8
00000001000064ac	ldr	x0, [x28]
00000001000064b0	b	0x100006774
00000001000064b4	b	0x1000064b8
00000001000064b8	mov	x0, #0x0
00000001000064bc	str	x0, [x28]
00000001000064c0	add	x28, x28, #0x8
00000001000064c4	sub	x28, x28, #0x8
00000001000064c8	ldr	x0, [x28]
00000001000064cc	stur	x0, [x29, #-0x18]
00000001000064d0	mov	x0, #0x0
00000001000064d4	str	x0, [x28]
00000001000064d8	add	x28, x28, #0x8
00000001000064dc	sub	x28, x28, #0x8
00000001000064e0	ldr	x0, [x28]
00000001000064e4	stur	x0, [x29, #-0x20]
00000001000064e8	ldur	x0, [x29, #-0x20]
00000001000064ec	str	x0, [x28]
00000001000064f0	add	x28, x28, #0x8
00000001000064f4	mov	x0, #0x8
00000001000064f8	str	x0, [x28]
00000001000064fc	add	x28, x28, #0x8
0000000100006500	sub	x28, x28, #0x8
0000000100006504	ldr	x1, [x28]
0000000100006508	sub	x28, x28, #0x8
000000010000650c	ldr	x0, [x28]
0000000100006510	cmp	x0, x1
0000000100006514	b.ge	0x100006520
0000000100006518	mov	x0, #0x1
000000010000651c	b	0x100006524
0000000100006520	mov	x0, #0x0
0000000100006524	str	x0, [x28]
0000000100006528	add	x28, x28, #0x8
000000010000652c	sub	x28, x28, #0x8
0000000100006530	ldr	x0, [x28]
0000000100006534	cmp	x0, #0x0
0000000100006538	b.eq	0x10000675c
000000010000653c	ldur	x0, [x29, #-0x8]
0000000100006540	str	x0, [x28]
0000000100006544	add	x28, x28, #0x8
0000000100006548	sub	x28, x28, #0x8
000000010000654c	ldr	x0, [x28]
0000000100006550	ldr	x0, [x0]
0000000100006554	str	x0, [x28]
0000000100006558	add	x28, x28, #0x8
000000010000655c	ldur	x0, [x29, #-0x10]
0000000100006560	str	x0, [x28]
0000000100006564	add	x28, x28, #0x8
0000000100006568	ldur	x0, [x29, #-0x20]
000000010000656c	str	x0, [x28]
0000000100006570	add	x28, x28, #0x8
0000000100006574	sub	x28, x28, #0x8
0000000100006578	ldr	x1, [x28]
000000010000657c	sub	x28, x28, #0x8
0000000100006580	ldr	x0, [x28]
0000000100006584	add	x0, x0, x1
0000000100006588	sxtw	x0, w0
000000010000658c	str	x0, [x28]
0000000100006590	add	x28, x28, #0x8
0000000100006594	sub	x28, x28, #0x8
0000000100006598	ldr	x1, [x28]
000000010000659c	sub	x28, x28, #0x8
00000001000065a0	ldr	x0, [x28]
00000001000065a4	add	x0, x0, x1
00000001000065a8	str	x0, [x28]
00000001000065ac	add	x28, x28, #0x8
00000001000065b0	sub	x28, x28, #0x8
00000001000065b4	ldr	x10, [x28]
00000001000065b8	ldrb	w0, [x10]
00000001000065bc	str	x0, [x28]
00000001000065c0	add	x28, x28, #0x8
00000001000065c4	sub	x28, x28, #0x8
00000001000065c8	ldr	x0, [x28]
00000001000065cc	sxtw	x0, w0
00000001000065d0	str	x0, [x28]
00000001000065d4	add	x28, x28, #0x8
00000001000065d8	sub	x28, x28, #0x8
00000001000065dc	ldr	x0, [x28]
00000001000065e0	bl	0x10000601c
00000001000065e4	str	x0, [x28]
00000001000065e8	add	x28, x28, #0x8
00000001000065ec	sub	x28, x28, #0x8
00000001000065f0	ldr	x0, [x28]
00000001000065f4	stur	x0, [x29, #-0x28]
00000001000065f8	ldur	x0, [x29, #-0x28]
00000001000065fc	str	x0, [x28]
0000000100006600	add	x28, x28, #0x8
0000000100006604	mov	x0, #0x0
0000000100006608	str	x0, [x28]
000000010000660c	add	x28, x28, #0x8
0000000100006610	sub	x28, x28, #0x8
0000000100006614	ldr	x1, [x28]
0000000100006618	sub	x28, x28, #0x8
000000010000661c	ldr	x0, [x28]
0000000100006620	cmp	x0, x1
0000000100006624	b.ge	0x100006630
0000000100006628	mov	x0, #0x1
000000010000662c	b	0x100006634
0000000100006630	mov	x0, #0x0
0000000100006634	str	x0, [x28]
0000000100006638	add	x28, x28, #0x8
000000010000663c	sub	x28, x28, #0x8
0000000100006640	ldr	x0, [x28]
0000000100006644	cmp	x0, #0x0
0000000100006648	b.eq	0x10000667c
000000010000664c	mov	x0, #0x1
0000000100006650	str	x0, [x28]
0000000100006654	add	x28, x28, #0x8
0000000100006658	sub	x28, x28, #0x8
000000010000665c	ldr	x0, [x28]
0000000100006660	neg	x0, x0
0000000100006664	str	x0, [x28]
0000000100006668	add	x28, x28, #0x8
000000010000666c	sub	x28, x28, #0x8
0000000100006670	ldr	x0, [x28]
0000000100006674	b	0x100006774
0000000100006678	b	0x10000667c
000000010000667c	mov	x0, x29
0000000100006680	sub	x0, x0, #0x18
0000000100006684	str	x0, [x28]
0000000100006688	add	x28, x28, #0x8
000000010000668c	ldur	x0, [x29, #-0x18]
0000000100006690	str	x0, [x28]
0000000100006694	add	x28, x28, #0x8
0000000100006698	mov	x0, #0x10
000000010000669c	str	x0, [x28]
00000001000066a0	add	x28, x28, #0x8
00000001000066a4	sub	x28, x28, #0x8
00000001000066a8	ldr	x1, [x28]
00000001000066ac	sub	x28, x28, #0x8
00000001000066b0	ldr	x0, [x28]
00000001000066b4	mul	x0, x0, x1
00000001000066b8	str	x0, [x28]
00000001000066bc	add	x28, x28, #0x8
00000001000066c0	ldur	x0, [x29, #-0x28]
00000001000066c4	str	x0, [x28]
00000001000066c8	add	x28, x28, #0x8
00000001000066cc	sub	x28, x28, #0x8
00000001000066d0	ldr	x1, [x28]
00000001000066d4	sub	x28, x28, #0x8
00000001000066d8	ldr	x0, [x28]
00000001000066dc	add	x0, x0, x1
00000001000066e0	str	x0, [x28]
00000001000066e4	add	x28, x28, #0x8
00000001000066e8	sub	x28, x28, #0x8
00000001000066ec	ldr	x0, [x28]
00000001000066f0	sub	x28, x28, #0x8
00000001000066f4	ldr	x10, [x28]
00000001000066f8	str	x0, [x10]
00000001000066fc	mov	x0, x29
0000000100006700	sub	x0, x0, #0x20
0000000100006704	str	x0, [x28]
0000000100006708	add	x28, x28, #0x8
000000010000670c	ldur	x0, [x29, #-0x20]
0000000100006710	str	x0, [x28]
0000000100006714	add	x28, x28, #0x8
0000000100006718	mov	x0, #0x1
000000010000671c	str	x0, [x28]
0000000100006720	add	x28, x28, #0x8
0000000100006724	sub	x28, x28, #0x8
0000000100006728	ldr	x1, [x28]
000000010000672c	sub	x28, x28, #0x8
0000000100006730	ldr	x0, [x28]
0000000100006734	add	x0, x0, x1
0000000100006738	sxtw	x0, w0
000000010000673c	str	x0, [x28]
0000000100006740	add	x28, x28, #0x8
0000000100006744	sub	x28, x28, #0x8
0000000100006748	ldr	x0, [x28]
000000010000674c	sub	x28, x28, #0x8
0000000100006750	ldr	x10, [x28]
0000000100006754	str	x0, [x10]
0000000100006758	b	0x1000064e8
000000010000675c	ldur	x0, [x29, #-0x18]
0000000100006760	str	x0, [x28]
0000000100006764	add	x28, x28, #0x8
0000000100006768	sub	x28, x28, #0x8
000000010000676c	ldr	x0, [x28]
0000000100006770	b	0x100006774
0000000100006774	mov	sp, x29
0000000100006778	ldr	x29, [sp]
000000010000677c	ldr	x30, [sp, #0x8]
0000000100006780	ldr	x28, [sp, #0x10]
0000000100006784	add	sp, sp, #0x20
0000000100006788	ret
000000010000678c	sub	sp, sp, #0x20
0000000100006790	str	x29, [sp]
0000000100006794	str	x30, [sp, #0x8]
0000000100006798	str	x28, [sp, #0x10]
000000010000679c	mov	x29, sp
00000001000067a0	sub	sp, sp, #0x1c0
00000001000067a4	mov	x28, sp
00000001000067a8	stur	x0, [x29, #-0x8]
00000001000067ac	stur	x1, [x29, #-0x10]
00000001000067b0	ldur	x0, [x29, #-0x10]
00000001000067b4	str	x0, [x28]
00000001000067b8	add	x28, x28, #0x8
00000001000067bc	sub	x28, x28, #0x8
00000001000067c0	ldr	x10, [x28]
00000001000067c4	ldr	x0, [x10, #0x8]
00000001000067c8	str	x0, [x28]
00000001000067cc	add	x28, x28, #0x8
00000001000067d0	mov	x0, #0x1
00000001000067d4	str	x0, [x28]
00000001000067d8	add	x28, x28, #0x8
00000001000067dc	sub	x28, x28, #0x8
00000001000067e0	ldr	x1, [x28]
00000001000067e4	sub	x28, x28, #0x8
00000001000067e8	ldr	x0, [x28]
00000001000067ec	cmp	x0, x1
00000001000067f0	b.ge	0x1000067fc
00000001000067f4	mov	x0, #0x1
00000001000067f8	b	0x100006800
00000001000067fc	mov	x0, #0x0
0000000100006800	str	x0, [x28]
0000000100006804	add	x28, x28, #0x8
0000000100006808	sub	x28, x28, #0x8
000000010000680c	ldr	x0, [x28]
0000000100006810	cmp	x0, #0x0
0000000100006814	b.ne	0x100006888
0000000100006818	ldur	x0, [x29, #-0x10]
000000010000681c	str	x0, [x28]
0000000100006820	add	x28, x28, #0x8
0000000100006824	sub	x28, x28, #0x8
0000000100006828	ldr	x10, [x28]
000000010000682c	ldr	x0, [x10, #0x8]
0000000100006830	str	x0, [x28]
0000000100006834	add	x28, x28, #0x8
0000000100006838	mov	x0, #0x40
000000010000683c	str	x0, [x28]
0000000100006840	add	x28, x28, #0x8
0000000100006844	sub	x28, x28, #0x8
0000000100006848	ldr	x1, [x28]
000000010000684c	sub	x28, x28, #0x8
0000000100006850	ldr	x0, [x28]
0000000100006854	cmp	x0, x1
0000000100006858	b.le	0x100006864
000000010000685c	mov	x0, #0x1
0000000100006860	b	0x100006868
0000000100006864	mov	x0, #0x0
0000000100006868	str	x0, [x28]
000000010000686c	add	x28, x28, #0x8
0000000100006870	sub	x28, x28, #0x8
0000000100006874	ldr	x0, [x28]
0000000100006878	cmp	x0, #0x0
000000010000687c	b.ne	0x100006888
0000000100006880	mov	x0, #0x0
0000000100006884	b	0x10000688c
0000000100006888	mov	x0, #0x1
000000010000688c	str	x0, [x28]
0000000100006890	add	x28, x28, #0x8
0000000100006894	sub	x28, x28, #0x8
0000000100006898	ldr	x0, [x28]
000000010000689c	cmp	x0, #0x0
00000001000068a0	b.ne	0x100006978
00000001000068a4	ldur	x0, [x29, #-0x8]
00000001000068a8	str	x0, [x28]
00000001000068ac	add	x28, x28, #0x8
00000001000068b0	sub	x28, x28, #0x8
00000001000068b4	ldr	x10, [x28]
00000001000068b8	ldr	x0, [x10, #0x8]
00000001000068bc	str	x0, [x28]
00000001000068c0	add	x28, x28, #0x8
00000001000068c4	ldur	x0, [x29, #-0x10]
00000001000068c8	str	x0, [x28]
00000001000068cc	add	x28, x28, #0x8
00000001000068d0	sub	x28, x28, #0x8
00000001000068d4	ldr	x10, [x28]
00000001000068d8	ldr	x0, [x10, #0x8]
00000001000068dc	str	x0, [x28]
00000001000068e0	add	x28, x28, #0x8
00000001000068e4	mov	x0, #0x9
00000001000068e8	str	x0, [x28]
00000001000068ec	add	x28, x28, #0x8
00000001000068f0	sub	x28, x28, #0x8
00000001000068f4	ldr	x1, [x28]
00000001000068f8	sub	x28, x28, #0x8
00000001000068fc	ldr	x0, [x28]
0000000100006900	mul	x0, x0, x1
0000000100006904	str	x0, [x28]
0000000100006908	add	x28, x28, #0x8
000000010000690c	mov	x0, #0x1
0000000100006910	str	x0, [x28]
0000000100006914	add	x28, x28, #0x8
0000000100006918	sub	x28, x28, #0x8
000000010000691c	ldr	x1, [x28]
0000000100006920	sub	x28, x28, #0x8
0000000100006924	ldr	x0, [x28]
0000000100006928	sub	x0, x0, x1
000000010000692c	str	x0, [x28]
0000000100006930	add	x28, x28, #0x8
0000000100006934	sub	x28, x28, #0x8
0000000100006938	ldr	x1, [x28]
000000010000693c	sub	x28, x28, #0x8
0000000100006940	ldr	x0, [x28]
0000000100006944	cmp	x0, x1
0000000100006948	b.eq	0x100006954
000000010000694c	mov	x0, #0x1
0000000100006950	b	0x100006958
0000000100006954	mov	x0, #0x0
0000000100006958	str	x0, [x28]
000000010000695c	add	x28, x28, #0x8
0000000100006960	sub	x28, x28, #0x8
0000000100006964	ldr	x0, [x28]
0000000100006968	cmp	x0, #0x0
000000010000696c	b.ne	0x100006978
0000000100006970	mov	x0, #0x0
0000000100006974	b	0x10000697c
0000000100006978	mov	x0, #0x1
000000010000697c	str	x0, [x28]
0000000100006980	add	x28, x28, #0x8
0000000100006984	sub	x28, x28, #0x8
0000000100006988	ldr	x0, [x28]
000000010000698c	cmp	x0, #0x0
0000000100006990	b.eq	0x1000069c4
0000000100006994	mov	x0, #0x1
0000000100006998	str	x0, [x28]
000000010000699c	add	x28, x28, #0x8
00000001000069a0	sub	x28, x28, #0x8
00000001000069a4	ldr	x0, [x28]
00000001000069a8	neg	x0, x0
00000001000069ac	str	x0, [x28]
00000001000069b0	add	x28, x28, #0x8
00000001000069b4	sub	x28, x28, #0x8
00000001000069b8	ldr	x0, [x28]
00000001000069bc	b	0x100006f90
00000001000069c0	b	0x1000069c4
00000001000069c4	mov	x0, #0x0
00000001000069c8	str	x0, [x28]
00000001000069cc	add	x28, x28, #0x8
00000001000069d0	sub	x28, x28, #0x8
00000001000069d4	ldr	x0, [x28]
00000001000069d8	stur	x0, [x29, #-0x18]
00000001000069dc	ldur	x0, [x29, #-0x18]
00000001000069e0	str	x0, [x28]
00000001000069e4	add	x28, x28, #0x8
00000001000069e8	ldur	x0, [x29, #-0x10]
00000001000069ec	str	x0, [x28]
00000001000069f0	add	x28, x28, #0x8
00000001000069f4	sub	x28, x28, #0x8
00000001000069f8	ldr	x10, [x28]
00000001000069fc	ldr	x0, [x10, #0x8]
0000000100006a00	str	x0, [x28]
0000000100006a04	add	x28, x28, #0x8
0000000100006a08	sub	x28, x28, #0x8
0000000100006a0c	ldr	x1, [x28]
0000000100006a10	sub	x28, x28, #0x8
0000000100006a14	ldr	x0, [x28]
0000000100006a18	cmp	x0, x1
0000000100006a1c	b.ge	0x100006a28
0000000100006a20	mov	x0, #0x1
0000000100006a24	b	0x100006a2c
0000000100006a28	mov	x0, #0x0
0000000100006a2c	str	x0, [x28]
0000000100006a30	add	x28, x28, #0x8
0000000100006a34	sub	x28, x28, #0x8
0000000100006a38	ldr	x0, [x28]
0000000100006a3c	cmp	x0, #0x0
0000000100006a40	b.eq	0x100006d8c
0000000100006a44	ldur	x0, [x29, #-0x8]
0000000100006a48	str	x0, [x28]
0000000100006a4c	add	x28, x28, #0x8
0000000100006a50	sub	x28, x28, #0x8
0000000100006a54	ldr	x11, [x28]
0000000100006a58	mov	x10, x29
0000000100006a5c	sub	x10, x10, #0x28
0000000100006a60	ldr	x9, [x11]
0000000100006a64	str	x9, [x10]
0000000100006a68	ldr	x9, [x11, #0x8]
0000000100006a6c	str	x9, [x10, #0x8]
0000000100006a70	mov	x0, x29
0000000100006a74	sub	x0, x0, #0x28
0000000100006a78	str	x0, [x28]
0000000100006a7c	add	x28, x28, #0x8
0000000100006a80	ldur	x0, [x29, #-0x18]
0000000100006a84	str	x0, [x28]
0000000100006a88	add	x28, x28, #0x8
0000000100006a8c	mov	x0, #0x9
0000000100006a90	str	x0, [x28]
0000000100006a94	add	x28, x28, #0x8
0000000100006a98	sub	x28, x28, #0x8
0000000100006a9c	ldr	x1, [x28]
0000000100006aa0	sub	x28, x28, #0x8
0000000100006aa4	ldr	x0, [x28]
0000000100006aa8	mul	x0, x0, x1
0000000100006aac	sxtw	x0, w0
0000000100006ab0	str	x0, [x28]
0000000100006ab4	add	x28, x28, #0x8
0000000100006ab8	sub	x28, x28, #0x8
0000000100006abc	ldr	x1, [x28]
0000000100006ac0	sub	x28, x28, #0x8
0000000100006ac4	ldr	x0, [x28]
0000000100006ac8	bl	0x1000062d0
0000000100006acc	str	x0, [x28]
0000000100006ad0	add	x28, x28, #0x8
0000000100006ad4	mov	x0, #0x0
0000000100006ad8	str	x0, [x28]
0000000100006adc	add	x28, x28, #0x8
0000000100006ae0	sub	x28, x28, #0x8
0000000100006ae4	ldr	x1, [x28]
0000000100006ae8	sub	x28, x28, #0x8
0000000100006aec	ldr	x0, [x28]
0000000100006af0	cmp	x0, x1
0000000100006af4	b.ge	0x100006b00
0000000100006af8	mov	x0, #0x1
0000000100006afc	b	0x100006b04
0000000100006b00	mov	x0, #0x0
0000000100006b04	str	x0, [x28]
0000000100006b08	add	x28, x28, #0x8
0000000100006b0c	sub	x28, x28, #0x8
0000000100006b10	ldr	x0, [x28]
0000000100006b14	cmp	x0, #0x0
0000000100006b18	b.eq	0x100006b4c
0000000100006b1c	mov	x0, #0x1
0000000100006b20	str	x0, [x28]
0000000100006b24	add	x28, x28, #0x8
0000000100006b28	sub	x28, x28, #0x8
0000000100006b2c	ldr	x0, [x28]
0000000100006b30	neg	x0, x0
0000000100006b34	str	x0, [x28]
0000000100006b38	add	x28, x28, #0x8
0000000100006b3c	sub	x28, x28, #0x8
0000000100006b40	ldr	x0, [x28]
0000000100006b44	b	0x100006f90
0000000100006b48	b	0x100006b4c
0000000100006b4c	ldur	x0, [x29, #-0x18]
0000000100006b50	str	x0, [x28]
0000000100006b54	add	x28, x28, #0x8
0000000100006b58	ldur	x0, [x29, #-0x10]
0000000100006b5c	str	x0, [x28]
0000000100006b60	add	x28, x28, #0x8
0000000100006b64	sub	x28, x28, #0x8
0000000100006b68	ldr	x10, [x28]
0000000100006b6c	ldr	x0, [x10, #0x8]
0000000100006b70	str	x0, [x28]
0000000100006b74	add	x28, x28, #0x8
0000000100006b78	mov	x0, #0x1
0000000100006b7c	str	x0, [x28]
0000000100006b80	add	x28, x28, #0x8
0000000100006b84	sub	x28, x28, #0x8
0000000100006b88	ldr	x1, [x28]
0000000100006b8c	sub	x28, x28, #0x8
0000000100006b90	ldr	x0, [x28]
0000000100006b94	sub	x0, x0, x1
0000000100006b98	str	x0, [x28]
0000000100006b9c	add	x28, x28, #0x8
0000000100006ba0	sub	x28, x28, #0x8
0000000100006ba4	ldr	x1, [x28]
0000000100006ba8	sub	x28, x28, #0x8
0000000100006bac	ldr	x0, [x28]
0000000100006bb0	cmp	x0, x1
0000000100006bb4	b.ge	0x100006bc0
0000000100006bb8	mov	x0, #0x1
0000000100006bbc	b	0x100006bc4
0000000100006bc0	mov	x0, #0x0
0000000100006bc4	str	x0, [x28]
0000000100006bc8	add	x28, x28, #0x8
0000000100006bcc	sub	x28, x28, #0x8
0000000100006bd0	ldr	x0, [x28]
0000000100006bd4	cmp	x0, #0x0
0000000100006bd8	b.eq	0x100006ce0
0000000100006bdc	ldur	x0, [x29, #-0x8]
0000000100006be0	str	x0, [x28]
0000000100006be4	add	x28, x28, #0x8
0000000100006be8	sub	x28, x28, #0x8
0000000100006bec	ldr	x0, [x28]
0000000100006bf0	ldr	x0, [x0]
0000000100006bf4	str	x0, [x28]
0000000100006bf8	add	x28, x28, #0x8
0000000100006bfc	ldur	x0, [x29, #-0x18]
0000000100006c00	str	x0, [x28]
0000000100006c04	add	x28, x28, #0x8
0000000100006c08	mov	x0, #0x9
0000000100006c0c	str	x0, [x28]
0000000100006c10	add	x28, x28, #0x8
0000000100006c14	sub	x28, x28, #0x8
0000000100006c18	ldr	x1, [x28]
0000000100006c1c	sub	x28, x28, #0x8
0000000100006c20	ldr	x0, [x28]
0000000100006c24	mul	x0, x0, x1
0000000100006c28	sxtw	x0, w0
0000000100006c2c	str	x0, [x28]
0000000100006c30	add	x28, x28, #0x8
0000000100006c34	mov	x0, #0x8
0000000100006c38	str	x0, [x28]
0000000100006c3c	add	x28, x28, #0x8
0000000100006c40	sub	x28, x28, #0x8
0000000100006c44	ldr	x1, [x28]
0000000100006c48	sub	x28, x28, #0x8
0000000100006c4c	ldr	x0, [x28]
0000000100006c50	add	x0, x0, x1
0000000100006c54	sxtw	x0, w0
0000000100006c58	str	x0, [x28]
0000000100006c5c	add	x28, x28, #0x8
0000000100006c60	sub	x28, x28, #0x8
0000000100006c64	ldr	x1, [x28]
0000000100006c68	sub	x28, x28, #0x8
0000000100006c6c	ldr	x0, [x28]
0000000100006c70	add	x0, x0, x1
0000000100006c74	str	x0, [x28]
0000000100006c78	add	x28, x28, #0x8
0000000100006c7c	sub	x28, x28, #0x8
0000000100006c80	ldr	x10, [x28]
0000000100006c84	ldrb	w0, [x10]
0000000100006c88	str	x0, [x28]
0000000100006c8c	add	x28, x28, #0x8
0000000100006c90	mov	x0, #0x20
0000000100006c94	str	x0, [x28]
0000000100006c98	add	x28, x28, #0x8
0000000100006c9c	sub	x28, x28, #0x8
0000000100006ca0	ldr	x1, [x28]
0000000100006ca4	sub	x28, x28, #0x8
0000000100006ca8	ldr	x0, [x28]
0000000100006cac	cmp	x0, x1
0000000100006cb0	b.eq	0x100006cbc
0000000100006cb4	mov	x0, #0x1
0000000100006cb8	b	0x100006cc0
0000000100006cbc	mov	x0, #0x0
0000000100006cc0	str	x0, [x28]
0000000100006cc4	add	x28, x28, #0x8
0000000100006cc8	sub	x28, x28, #0x8
0000000100006ccc	ldr	x0, [x28]
0000000100006cd0	cmp	x0, #0x0
0000000100006cd4	b.eq	0x100006ce0
0000000100006cd8	mov	x0, #0x1
0000000100006cdc	b	0x100006ce4
0000000100006ce0	mov	x0, #0x0
0000000100006ce4	str	x0, [x28]
0000000100006ce8	add	x28, x28, #0x8
0000000100006cec	sub	x28, x28, #0x8
0000000100006cf0	ldr	x0, [x28]
0000000100006cf4	cmp	x0, #0x0
0000000100006cf8	b.eq	0x100006d2c
0000000100006cfc	mov	x0, #0x1
0000000100006d00	str	x0, [x28]
0000000100006d04	add	x28, x28, #0x8
0000000100006d08	sub	x28, x28, #0x8
0000000100006d0c	ldr	x0, [x28]
0000000100006d10	neg	x0, x0
0000000100006d14	str	x0, [x28]
0000000100006d18	add	x28, x28, #0x8
0000000100006d1c	sub	x28, x28, #0x8
0000000100006d20	ldr	x0, [x28]
0000000100006d24	b	0x100006f90
0000000100006d28	b	0x100006d2c
0000000100006d2c	mov	x0, x29
0000000100006d30	sub	x0, x0, #0x18
0000000100006d34	str	x0, [x28]
0000000100006d38	add	x28, x28, #0x8
0000000100006d3c	ldur	x0, [x29, #-0x18]
0000000100006d40	str	x0, [x28]
0000000100006d44	add	x28, x28, #0x8
0000000100006d48	mov	x0, #0x1
0000000100006d4c	str	x0, [x28]
0000000100006d50	add	x28, x28, #0x8
0000000100006d54	sub	x28, x28, #0x8
0000000100006d58	ldr	x1, [x28]
0000000100006d5c	sub	x28, x28, #0x8
0000000100006d60	ldr	x0, [x28]
0000000100006d64	add	x0, x0, x1
0000000100006d68	sxtw	x0, w0
0000000100006d6c	str	x0, [x28]
0000000100006d70	add	x28, x28, #0x8
0000000100006d74	sub	x28, x28, #0x8
0000000100006d78	ldr	x0, [x28]
0000000100006d7c	sub	x28, x28, #0x8
0000000100006d80	ldr	x10, [x28]
0000000100006d84	str	x0, [x10]
0000000100006d88	b	0x1000069dc
0000000100006d8c	mov	x0, x29
0000000100006d90	sub	x0, x0, #0x18
0000000100006d94	str	x0, [x28]
0000000100006d98	add	x28, x28, #0x8
0000000100006d9c	mov	x0, #0x0
0000000100006da0	str	x0, [x28]
0000000100006da4	add	x28, x28, #0x8
0000000100006da8	sub	x28, x28, #0x8
0000000100006dac	ldr	x0, [x28]
0000000100006db0	sub	x28, x28, #0x8
0000000100006db4	ldr	x10, [x28]
0000000100006db8	str	x0, [x10]
0000000100006dbc	ldur	x0, [x29, #-0x18]
0000000100006dc0	str	x0, [x28]
0000000100006dc4	add	x28, x28, #0x8
0000000100006dc8	ldur	x0, [x29, #-0x10]
0000000100006dcc	str	x0, [x28]
0000000100006dd0	add	x28, x28, #0x8
0000000100006dd4	sub	x28, x28, #0x8
0000000100006dd8	ldr	x10, [x28]
0000000100006ddc	ldr	x0, [x10, #0x8]
0000000100006de0	str	x0, [x28]
0000000100006de4	add	x28, x28, #0x8
0000000100006de8	sub	x28, x28, #0x8
0000000100006dec	ldr	x1, [x28]
0000000100006df0	sub	x28, x28, #0x8
0000000100006df4	ldr	x0, [x28]
0000000100006df8	cmp	x0, x1
0000000100006dfc	b.ge	0x100006e08
0000000100006e00	mov	x0, #0x1
0000000100006e04	b	0x100006e0c
0000000100006e08	mov	x0, #0x0
0000000100006e0c	str	x0, [x28]
0000000100006e10	add	x28, x28, #0x8
0000000100006e14	sub	x28, x28, #0x8
0000000100006e18	ldr	x0, [x28]
0000000100006e1c	cmp	x0, #0x0
0000000100006e20	b.eq	0x100006f78
0000000100006e24	ldur	x0, [x29, #-0x10]
0000000100006e28	str	x0, [x28]
0000000100006e2c	add	x28, x28, #0x8
0000000100006e30	sub	x28, x28, #0x8
0000000100006e34	ldr	x0, [x28]
0000000100006e38	ldr	x0, [x0]
0000000100006e3c	str	x0, [x28]
0000000100006e40	add	x28, x28, #0x8
0000000100006e44	ldur	x0, [x29, #-0x18]
0000000100006e48	str	x0, [x28]
0000000100006e4c	add	x28, x28, #0x8
0000000100006e50	sub	x28, x28, #0x8
0000000100006e54	ldr	x1, [x28]
0000000100006e58	sub	x28, x28, #0x8
0000000100006e5c	ldr	x0, [x28]
0000000100006e60	mov	x9, #0x8
0000000100006e64	mul	x1, x1, x9
0000000100006e68	add	x0, x0, x1
0000000100006e6c	str	x0, [x28]
0000000100006e70	add	x28, x28, #0x8
0000000100006e74	ldur	x0, [x29, #-0x8]
0000000100006e78	str	x0, [x28]
0000000100006e7c	add	x28, x28, #0x8
0000000100006e80	sub	x28, x28, #0x8
0000000100006e84	ldr	x11, [x28]
0000000100006e88	mov	x10, x29
0000000100006e8c	sub	x10, x10, #0x38
0000000100006e90	ldr	x9, [x11]
0000000100006e94	str	x9, [x10]
0000000100006e98	ldr	x9, [x11, #0x8]
0000000100006e9c	str	x9, [x10, #0x8]
0000000100006ea0	mov	x0, x29
0000000100006ea4	sub	x0, x0, #0x38
0000000100006ea8	str	x0, [x28]
0000000100006eac	add	x28, x28, #0x8
0000000100006eb0	ldur	x0, [x29, #-0x18]
0000000100006eb4	str	x0, [x28]
0000000100006eb8	add	x28, x28, #0x8
0000000100006ebc	mov	x0, #0x9
0000000100006ec0	str	x0, [x28]
0000000100006ec4	add	x28, x28, #0x8
0000000100006ec8	sub	x28, x28, #0x8
0000000100006ecc	ldr	x1, [x28]
0000000100006ed0	sub	x28, x28, #0x8
0000000100006ed4	ldr	x0, [x28]
0000000100006ed8	mul	x0, x0, x1
0000000100006edc	sxtw	x0, w0
0000000100006ee0	str	x0, [x28]
0000000100006ee4	add	x28, x28, #0x8
0000000100006ee8	sub	x28, x28, #0x8
0000000100006eec	ldr	x1, [x28]
0000000100006ef0	sub	x28, x28, #0x8
0000000100006ef4	ldr	x0, [x28]
0000000100006ef8	bl	0x1000062d0
0000000100006efc	str	x0, [x28]
0000000100006f00	add	x28, x28, #0x8
0000000100006f04	sub	x28, x28, #0x8
0000000100006f08	ldr	x0, [x28]
0000000100006f0c	sub	x28, x28, #0x8
0000000100006f10	ldr	x10, [x28]
0000000100006f14	str	x0, [x10]
0000000100006f18	mov	x0, x29
0000000100006f1c	sub	x0, x0, #0x18
0000000100006f20	str	x0, [x28]
0000000100006f24	add	x28, x28, #0x8
0000000100006f28	ldur	x0, [x29, #-0x18]
0000000100006f2c	str	x0, [x28]
0000000100006f30	add	x28, x28, #0x8
0000000100006f34	mov	x0, #0x1
0000000100006f38	str	x0, [x28]
0000000100006f3c	add	x28, x28, #0x8
0000000100006f40	sub	x28, x28, #0x8
0000000100006f44	ldr	x1, [x28]
0000000100006f48	sub	x28, x28, #0x8
0000000100006f4c	ldr	x0, [x28]
0000000100006f50	add	x0, x0, x1
0000000100006f54	sxtw	x0, w0
0000000100006f58	str	x0, [x28]
0000000100006f5c	add	x28, x28, #0x8
0000000100006f60	sub	x28, x28, #0x8
0000000100006f64	ldr	x0, [x28]
0000000100006f68	sub	x28, x28, #0x8
0000000100006f6c	ldr	x10, [x28]
0000000100006f70	str	x0, [x10]
0000000100006f74	b	0x100006dbc
0000000100006f78	mov	x0, #0x0
0000000100006f7c	str	x0, [x28]
0000000100006f80	add	x28, x28, #0x8
0000000100006f84	sub	x28, x28, #0x8
0000000100006f88	ldr	x0, [x28]
0000000100006f8c	b	0x100006f90
0000000100006f90	mov	sp, x29
0000000100006f94	ldr	x29, [sp]
0000000100006f98	ldr	x30, [sp, #0x8]
0000000100006f9c	ldr	x28, [sp, #0x10]
0000000100006fa0	add	sp, sp, #0x20
0000000100006fa4	ret
0000000100006fa8	sub	sp, sp, #0x20
0000000100006fac	str	x29, [sp]
0000000100006fb0	str	x30, [sp, #0x8]
0000000100006fb4	str	x28, [sp, #0x10]
0000000100006fb8	mov	x29, sp
0000000100006fbc	sub	sp, sp, #0x190
0000000100006fc0	mov	x28, sp
0000000100006fc4	stur	x0, [x29, #-0x8]
0000000100006fc8	stur	x1, [x29, #-0x10]
0000000100006fcc	ldur	x0, [x29, #-0x8]
0000000100006fd0	str	x0, [x28]
0000000100006fd4	add	x28, x28, #0x8
0000000100006fd8	ldur	x0, [x29, #-0x10]
0000000100006fdc	str	x0, [x28]
0000000100006fe0	add	x28, x28, #0x8
0000000100006fe4	sub	x28, x28, #0x8
0000000100006fe8	ldr	x1, [x28]
0000000100006fec	sub	x28, x28, #0x8
0000000100006ff0	ldr	x0, [x28]
0000000100006ff4	asr	x0, x0, x1
0000000100006ff8	str	x0, [x28]
0000000100006ffc	add	x28, x28, #0x8
0000000100007000	ldur	x0, [x29, #-0x8]
0000000100007004	str	x0, [x28]
0000000100007008	add	x28, x28, #0x8
000000010000700c	mov	x0, #0x20
0000000100007010	str	x0, [x28]
0000000100007014	add	x28, x28, #0x8
0000000100007018	ldur	x0, [x29, #-0x10]
000000010000701c	str	x0, [x28]
0000000100007020	add	x28, x28, #0x8
0000000100007024	sub	x28, x28, #0x8
0000000100007028	ldr	x1, [x28]
000000010000702c	sub	x28, x28, #0x8
0000000100007030	ldr	x0, [x28]
0000000100007034	sub	x0, x0, x1
0000000100007038	str	x0, [x28]
000000010000703c	add	x28, x28, #0x8
0000000100007040	sub	x28, x28, #0x8
0000000100007044	ldr	x1, [x28]
0000000100007048	sub	x28, x28, #0x8
000000010000704c	ldr	x0, [x28]
0000000100007050	lsl	x0, x0, x1
0000000100007054	str	x0, [x28]
0000000100007058	add	x28, x28, #0x8
000000010000705c	sub	x28, x28, #0x8
0000000100007060	ldr	x1, [x28]
0000000100007064	sub	x28, x28, #0x8
0000000100007068	ldr	x0, [x28]
000000010000706c	orr	x0, x0, x1
0000000100007070	str	x0, [x28]
0000000100007074	add	x28, x28, #0x8
0000000100007078	mov	x0, #0xffff
000000010000707c	movk	x0, #0xffff, lsl #16
0000000100007080	str	x0, [x28]
0000000100007084	add	x28, x28, #0x8
0000000100007088	sub	x28, x28, #0x8
000000010000708c	ldr	x1, [x28]
0000000100007090	sub	x28, x28, #0x8
0000000100007094	ldr	x0, [x28]
0000000100007098	and	x0, x0, x1
000000010000709c	str	x0, [x28]
00000001000070a0	add	x28, x28, #0x8
00000001000070a4	sub	x28, x28, #0x8
00000001000070a8	ldr	x0, [x28]
00000001000070ac	b	0x1000070b0
00000001000070b0	mov	sp, x29
00000001000070b4	ldr	x29, [sp]
00000001000070b8	ldr	x30, [sp, #0x8]
00000001000070bc	ldr	x28, [sp, #0x10]
00000001000070c0	add	sp, sp, #0x20
00000001000070c4	ret
00000001000070c8	sub	sp, sp, #0x20
00000001000070cc	str	x29, [sp]
00000001000070d0	str	x30, [sp, #0x8]
00000001000070d4	str	x28, [sp, #0x10]
00000001000070d8	mov	x29, sp
00000001000070dc	sub	sp, sp, #0x380
00000001000070e0	mov	x28, sp
00000001000070e4	stur	x0, [x29, #-0x8]
00000001000070e8	stur	x1, [x29, #-0x10]
00000001000070ec	ldur	x0, [x29, #-0x8]
00000001000070f0	str	x0, [x28]
00000001000070f4	add	x28, x28, #0x8
00000001000070f8	sub	x28, x28, #0x8
00000001000070fc	ldr	x10, [x28]
0000000100007100	ldr	x0, [x10, #0x8]
0000000100007104	str	x0, [x28]
0000000100007108	add	x28, x28, #0x8
000000010000710c	mov	x0, #0x0
0000000100007110	str	x0, [x28]
0000000100007114	add	x28, x28, #0x8
0000000100007118	sub	x28, x28, #0x8
000000010000711c	ldr	x1, [x28]
0000000100007120	sub	x28, x28, #0x8
0000000100007124	ldr	x0, [x28]
0000000100007128	cmp	x0, x1
000000010000712c	b.ge	0x100007138
0000000100007130	mov	x0, #0x1
0000000100007134	b	0x10000713c
0000000100007138	mov	x0, #0x0
000000010000713c	str	x0, [x28]
0000000100007140	add	x28, x28, #0x8
0000000100007144	sub	x28, x28, #0x8
0000000100007148	ldr	x0, [x28]
000000010000714c	cmp	x0, #0x0
0000000100007150	b.ne	0x1000071c8
0000000100007154	ldur	x0, [x29, #-0x8]
0000000100007158	str	x0, [x28]
000000010000715c	add	x28, x28, #0x8
0000000100007160	sub	x28, x28, #0x8
0000000100007164	ldr	x10, [x28]
0000000100007168	ldr	x0, [x10, #0x8]
000000010000716c	str	x0, [x28]
0000000100007170	add	x28, x28, #0x8
0000000100007174	mov	x0, #0xffb8
0000000100007178	movk	x0, #0x1ff, lsl #16
000000010000717c	str	x0, [x28]
0000000100007180	add	x28, x28, #0x8
0000000100007184	sub	x28, x28, #0x8
0000000100007188	ldr	x1, [x28]
000000010000718c	sub	x28, x28, #0x8
0000000100007190	ldr	x0, [x28]
0000000100007194	cmp	x0, x1
0000000100007198	b.le	0x1000071a4
000000010000719c	mov	x0, #0x1
00000001000071a0	b	0x1000071a8
00000001000071a4	mov	x0, #0x0
00000001000071a8	str	x0, [x28]
00000001000071ac	add	x28, x28, #0x8
00000001000071b0	sub	x28, x28, #0x8
00000001000071b4	ldr	x0, [x28]
00000001000071b8	cmp	x0, #0x0
00000001000071bc	b.ne	0x1000071c8
00000001000071c0	mov	x0, #0x0
00000001000071c4	b	0x1000071cc
00000001000071c8	mov	x0, #0x1
00000001000071cc	str	x0, [x28]
00000001000071d0	add	x28, x28, #0x8
00000001000071d4	sub	x28, x28, #0x8
00000001000071d8	ldr	x0, [x28]
00000001000071dc	cmp	x0, #0x0
00000001000071e0	b.ne	0x100007254
00000001000071e4	ldur	x0, [x29, #-0x10]
00000001000071e8	str	x0, [x28]
00000001000071ec	add	x28, x28, #0x8
00000001000071f0	sub	x28, x28, #0x8
00000001000071f4	ldr	x10, [x28]
00000001000071f8	ldr	x0, [x10, #0x8]
00000001000071fc	str	x0, [x28]
0000000100007200	add	x28, x28, #0x8
0000000100007204	mov	x0, #0x20
0000000100007208	str	x0, [x28]
000000010000720c	add	x28, x28, #0x8
0000000100007210	sub	x28, x28, #0x8
0000000100007214	ldr	x1, [x28]
0000000100007218	sub	x28, x28, #0x8
000000010000721c	ldr	x0, [x28]
0000000100007220	cmp	x0, x1
0000000100007224	b.ge	0x100007230
0000000100007228	mov	x0, #0x1
000000010000722c	b	0x100007234
0000000100007230	mov	x0, #0x0
0000000100007234	str	x0, [x28]
0000000100007238	add	x28, x28, #0x8
000000010000723c	sub	x28, x28, #0x8
0000000100007240	ldr	x0, [x28]
0000000100007244	cmp	x0, #0x0
0000000100007248	b.ne	0x100007254
000000010000724c	mov	x0, #0x0
0000000100007250	b	0x100007258
0000000100007254	mov	x0, #0x1
0000000100007258	str	x0, [x28]
000000010000725c	add	x28, x28, #0x8
0000000100007260	sub	x28, x28, #0x8
0000000100007264	ldr	x0, [x28]
0000000100007268	cmp	x0, #0x0
000000010000726c	b.eq	0x1000072a0
0000000100007270	mov	x0, #0x1ceb
0000000100007274	str	x0, [x28]
0000000100007278	add	x28, x28, #0x8
000000010000727c	sub	x28, x28, #0x8
0000000100007280	ldr	x0, [x28]
0000000100007284	neg	x0, x0
0000000100007288	str	x0, [x28]
000000010000728c	add	x28, x28, #0x8
0000000100007290	sub	x28, x28, #0x8
0000000100007294	ldr	x0, [x28]
0000000100007298	b	0x10000b5d0
000000010000729c	b	0x1000072a0
00000001000072a0	ldur	x0, [x29, #-0x8]
00000001000072a4	str	x0, [x28]
00000001000072a8	add	x28, x28, #0x8
00000001000072ac	sub	x28, x28, #0x8
00000001000072b0	ldr	x10, [x28]
00000001000072b4	ldr	x0, [x10, #0x8]
00000001000072b8	str	x0, [x28]
00000001000072bc	add	x28, x28, #0x8
00000001000072c0	mov	x0, #0x48
00000001000072c4	str	x0, [x28]
00000001000072c8	add	x28, x28, #0x8
00000001000072cc	sub	x28, x28, #0x8
00000001000072d0	ldr	x1, [x28]
00000001000072d4	sub	x28, x28, #0x8
00000001000072d8	ldr	x0, [x28]
00000001000072dc	add	x0, x0, x1
00000001000072e0	str	x0, [x28]
00000001000072e4	add	x28, x28, #0x8
00000001000072e8	mov	x0, #0x40
00000001000072ec	str	x0, [x28]
00000001000072f0	add	x28, x28, #0x8
00000001000072f4	sub	x28, x28, #0x8
00000001000072f8	ldr	x1, [x28]
00000001000072fc	sub	x28, x28, #0x8
0000000100007300	ldr	x0, [x28]
0000000100007304	cmp	x1, #0x0
0000000100007308	b.ne	0x100007310
000000010000730c	bl	0x100017ce8
0000000100007310	sdiv	x0, x0, x1
0000000100007314	str	x0, [x28]
0000000100007318	add	x28, x28, #0x8
000000010000731c	mov	x0, #0x40
0000000100007320	str	x0, [x28]
0000000100007324	add	x28, x28, #0x8
0000000100007328	sub	x28, x28, #0x8
000000010000732c	ldr	x1, [x28]
0000000100007330	sub	x28, x28, #0x8
0000000100007334	ldr	x0, [x28]
0000000100007338	mul	x0, x0, x1
000000010000733c	str	x0, [x28]
0000000100007340	add	x28, x28, #0x8
0000000100007344	sub	x28, x28, #0x8
0000000100007348	ldr	x0, [x28]
000000010000734c	stur	x0, [x29, #-0x18]
0000000100007350	ldur	x0, [x29, #-0x18]
0000000100007354	str	x0, [x28]
0000000100007358	add	x28, x28, #0x8
000000010000735c	sub	x28, x28, #0x8
0000000100007360	ldr	x0, [x28]
0000000100007364	mov	x8, x29
0000000100007368	sub	x8, x8, #0x38
000000010000736c	bl	0x10000101c
0000000100007370	str	x0, [x28]
0000000100007374	add	x28, x28, #0x8
0000000100007378	sub	x28, x28, #0x8
000000010000737c	ldr	x11, [x28]
0000000100007380	mov	x10, x29
0000000100007384	sub	x10, x10, #0x28
0000000100007388	ldr	x9, [x11]
000000010000738c	str	x9, [x10]
0000000100007390	ldr	x9, [x11, #0x8]
0000000100007394	str	x9, [x10, #0x8]
0000000100007398	mov	x0, x29
000000010000739c	sub	x0, x0, #0x28
00000001000073a0	str	x0, [x28]
00000001000073a4	add	x28, x28, #0x8
00000001000073a8	sub	x28, x28, #0x8
00000001000073ac	ldr	x10, [x28]
00000001000073b0	ldr	x0, [x10, #0x8]
00000001000073b4	str	x0, [x28]
00000001000073b8	add	x28, x28, #0x8
00000001000073bc	ldur	x0, [x29, #-0x18]
00000001000073c0	str	x0, [x28]
00000001000073c4	add	x28, x28, #0x8
00000001000073c8	sub	x28, x28, #0x8
00000001000073cc	ldr	x1, [x28]
00000001000073d0	sub	x28, x28, #0x8
00000001000073d4	ldr	x0, [x28]
00000001000073d8	cmp	x0, x1
00000001000073dc	b.eq	0x1000073e8
00000001000073e0	mov	x0, #0x1
00000001000073e4	b	0x1000073ec
00000001000073e8	mov	x0, #0x0
00000001000073ec	str	x0, [x28]
00000001000073f0	add	x28, x28, #0x8
00000001000073f4	sub	x28, x28, #0x8
00000001000073f8	ldr	x0, [x28]
00000001000073fc	cmp	x0, #0x0
0000000100007400	b.eq	0x100007434
0000000100007404	mov	x0, #0xc
0000000100007408	str	x0, [x28]
000000010000740c	add	x28, x28, #0x8
0000000100007410	sub	x28, x28, #0x8
0000000100007414	ldr	x0, [x28]
0000000100007418	neg	x0, x0
000000010000741c	str	x0, [x28]
0000000100007420	add	x28, x28, #0x8
0000000100007424	sub	x28, x28, #0x8
0000000100007428	ldr	x0, [x28]
000000010000742c	b	0x10000b5d0
0000000100007430	b	0x100007434
0000000100007434	mov	x0, #0x200
0000000100007438	str	x0, [x28]
000000010000743c	add	x28, x28, #0x8
0000000100007440	sub	x28, x28, #0x8
0000000100007444	ldr	x0, [x28]
0000000100007448	bl	0x100017aa0
000000010000744c	str	x0, [x28]
0000000100007450	add	x28, x28, #0x8
0000000100007454	sub	x28, x28, #0x8
0000000100007458	ldr	x0, [x28]
000000010000745c	stur	x0, [x29, #-0x40]
0000000100007460	mov	x0, #0x40
0000000100007464	str	x0, [x28]
0000000100007468	add	x28, x28, #0x8
000000010000746c	sub	x28, x28, #0x8
0000000100007470	ldr	x0, [x28]
0000000100007474	bl	0x100017aa0
0000000100007478	str	x0, [x28]
000000010000747c	add	x28, x28, #0x8
0000000100007480	sub	x28, x28, #0x8
0000000100007484	ldr	x0, [x28]
0000000100007488	stur	x0, [x29, #-0x48]
000000010000748c	mov	x0, #0x200
0000000100007490	str	x0, [x28]
0000000100007494	add	x28, x28, #0x8
0000000100007498	sub	x28, x28, #0x8
000000010000749c	ldr	x0, [x28]
00000001000074a0	bl	0x100017aa0
00000001000074a4	str	x0, [x28]
00000001000074a8	add	x28, x28, #0x8
00000001000074ac	sub	x28, x28, #0x8
00000001000074b0	ldr	x0, [x28]
00000001000074b4	stur	x0, [x29, #-0x50]
00000001000074b8	ldur	x0, [x29, #-0x40]
00000001000074bc	str	x0, [x28]
00000001000074c0	add	x28, x28, #0x8
00000001000074c4	mov	x0, #0x0
00000001000074c8	str	x0, [x28]
00000001000074cc	add	x28, x28, #0x8
00000001000074d0	sub	x28, x28, #0x8
00000001000074d4	ldr	x1, [x28]
00000001000074d8	sub	x28, x28, #0x8
00000001000074dc	ldr	x0, [x28]
00000001000074e0	cmp	x0, x1
00000001000074e4	b.ne	0x1000074f0
00000001000074e8	mov	x0, #0x1
00000001000074ec	b	0x1000074f4
00000001000074f0	mov	x0, #0x0
00000001000074f4	str	x0, [x28]
00000001000074f8	add	x28, x28, #0x8
00000001000074fc	sub	x28, x28, #0x8
0000000100007500	ldr	x0, [x28]
0000000100007504	cmp	x0, #0x0
0000000100007508	b.ne	0x100007568
000000010000750c	ldur	x0, [x29, #-0x48]
0000000100007510	str	x0, [x28]
0000000100007514	add	x28, x28, #0x8
0000000100007518	mov	x0, #0x0
000000010000751c	str	x0, [x28]
0000000100007520	add	x28, x28, #0x8
0000000100007524	sub	x28, x28, #0x8
0000000100007528	ldr	x1, [x28]
000000010000752c	sub	x28, x28, #0x8
0000000100007530	ldr	x0, [x28]
0000000100007534	cmp	x0, x1
0000000100007538	b.ne	0x100007544
000000010000753c	mov	x0, #0x1
0000000100007540	b	0x100007548
0000000100007544	mov	x0, #0x0
0000000100007548	str	x0, [x28]
000000010000754c	add	x28, x28, #0x8
0000000100007550	sub	x28, x28, #0x8
0000000100007554	ldr	x0, [x28]
0000000100007558	cmp	x0, #0x0
000000010000755c	b.ne	0x100007568
0000000100007560	mov	x0, #0x0
0000000100007564	b	0x10000756c
0000000100007568	mov	x0, #0x1
000000010000756c	str	x0, [x28]
0000000100007570	add	x28, x28, #0x8
0000000100007574	sub	x28, x28, #0x8
0000000100007578	ldr	x0, [x28]
000000010000757c	cmp	x0, #0x0
0000000100007580	b.ne	0x1000075e0
0000000100007584	ldur	x0, [x29, #-0x50]
0000000100007588	str	x0, [x28]
000000010000758c	add	x28, x28, #0x8
0000000100007590	mov	x0, #0x0
0000000100007594	str	x0, [x28]
0000000100007598	add	x28, x28, #0x8
000000010000759c	sub	x28, x28, #0x8
00000001000075a0	ldr	x1, [x28]
00000001000075a4	sub	x28, x28, #0x8
00000001000075a8	ldr	x0, [x28]
00000001000075ac	cmp	x0, x1
00000001000075b0	b.ne	0x1000075bc
00000001000075b4	mov	x0, #0x1
00000001000075b8	b	0x1000075c0
00000001000075bc	mov	x0, #0x0
00000001000075c0	str	x0, [x28]
00000001000075c4	add	x28, x28, #0x8
00000001000075c8	sub	x28, x28, #0x8
00000001000075cc	ldr	x0, [x28]
00000001000075d0	cmp	x0, #0x0
00000001000075d4	b.ne	0x1000075e0
00000001000075d8	mov	x0, #0x0
00000001000075dc	b	0x1000075e4
00000001000075e0	mov	x0, #0x1
00000001000075e4	str	x0, [x28]
00000001000075e8	add	x28, x28, #0x8
00000001000075ec	sub	x28, x28, #0x8
00000001000075f0	ldr	x0, [x28]
00000001000075f4	cmp	x0, #0x0
00000001000075f8	b.eq	0x100007808
00000001000075fc	ldur	x0, [x29, #-0x40]
0000000100007600	str	x0, [x28]
0000000100007604	add	x28, x28, #0x8
0000000100007608	mov	x0, #0x0
000000010000760c	str	x0, [x28]
0000000100007610	add	x28, x28, #0x8
0000000100007614	sub	x28, x28, #0x8
0000000100007618	ldr	x1, [x28]
000000010000761c	sub	x28, x28, #0x8
0000000100007620	ldr	x0, [x28]
0000000100007624	cmp	x0, x1
0000000100007628	b.eq	0x100007634
000000010000762c	mov	x0, #0x1
0000000100007630	b	0x100007638
0000000100007634	mov	x0, #0x0
0000000100007638	str	x0, [x28]
000000010000763c	add	x28, x28, #0x8
0000000100007640	sub	x28, x28, #0x8
0000000100007644	ldr	x0, [x28]
0000000100007648	cmp	x0, #0x0
000000010000764c	b.eq	0x10000767c
0000000100007650	ldur	x0, [x29, #-0x40]
0000000100007654	str	x0, [x28]
0000000100007658	add	x28, x28, #0x8
000000010000765c	sub	x28, x28, #0x8
0000000100007660	ldr	x0, [x28]
0000000100007664	mov	x0, #0x0
0000000100007668	str	x0, [x28]
000000010000766c	add	x28, x28, #0x8
0000000100007670	sub	x28, x28, #0x8
0000000100007674	ldr	x0, [x28]
0000000100007678	b	0x10000767c
000000010000767c	ldur	x0, [x29, #-0x48]
0000000100007680	str	x0, [x28]
0000000100007684	add	x28, x28, #0x8
0000000100007688	mov	x0, #0x0
000000010000768c	str	x0, [x28]
0000000100007690	add	x28, x28, #0x8
0000000100007694	sub	x28, x28, #0x8
0000000100007698	ldr	x1, [x28]
000000010000769c	sub	x28, x28, #0x8
00000001000076a0	ldr	x0, [x28]
00000001000076a4	cmp	x0, x1
00000001000076a8	b.eq	0x1000076b4
00000001000076ac	mov	x0, #0x1
00000001000076b0	b	0x1000076b8
00000001000076b4	mov	x0, #0x0
00000001000076b8	str	x0, [x28]
00000001000076bc	add	x28, x28, #0x8
00000001000076c0	sub	x28, x28, #0x8
00000001000076c4	ldr	x0, [x28]
00000001000076c8	cmp	x0, #0x0
00000001000076cc	b.eq	0x1000076fc
00000001000076d0	ldur	x0, [x29, #-0x48]
00000001000076d4	str	x0, [x28]
00000001000076d8	add	x28, x28, #0x8
00000001000076dc	sub	x28, x28, #0x8
00000001000076e0	ldr	x0, [x28]
00000001000076e4	mov	x0, #0x0
00000001000076e8	str	x0, [x28]
00000001000076ec	add	x28, x28, #0x8
00000001000076f0	sub	x28, x28, #0x8
00000001000076f4	ldr	x0, [x28]
00000001000076f8	b	0x1000076fc
00000001000076fc	ldur	x0, [x29, #-0x50]
0000000100007700	str	x0, [x28]
0000000100007704	add	x28, x28, #0x8
0000000100007708	mov	x0, #0x0
000000010000770c	str	x0, [x28]
0000000100007710	add	x28, x28, #0x8
0000000100007714	sub	x28, x28, #0x8
0000000100007718	ldr	x1, [x28]
000000010000771c	sub	x28, x28, #0x8
0000000100007720	ldr	x0, [x28]
0000000100007724	cmp	x0, x1
0000000100007728	b.eq	0x100007734
000000010000772c	mov	x0, #0x1
0000000100007730	b	0x100007738
0000000100007734	mov	x0, #0x0
0000000100007738	str	x0, [x28]
000000010000773c	add	x28, x28, #0x8
0000000100007740	sub	x28, x28, #0x8
0000000100007744	ldr	x0, [x28]
0000000100007748	cmp	x0, #0x0
000000010000774c	b.eq	0x10000777c
0000000100007750	ldur	x0, [x29, #-0x50]
0000000100007754	str	x0, [x28]
0000000100007758	add	x28, x28, #0x8
000000010000775c	sub	x28, x28, #0x8
0000000100007760	ldr	x0, [x28]
0000000100007764	mov	x0, #0x0
0000000100007768	str	x0, [x28]
000000010000776c	add	x28, x28, #0x8
0000000100007770	sub	x28, x28, #0x8
0000000100007774	ldr	x0, [x28]
0000000100007778	b	0x10000777c
000000010000777c	mov	x0, x29
0000000100007780	sub	x0, x0, #0x28
0000000100007784	str	x0, [x28]
0000000100007788	add	x28, x28, #0x8
000000010000778c	sub	x28, x28, #0x8
0000000100007790	ldr	x11, [x28]
0000000100007794	mov	x10, x29
0000000100007798	sub	x10, x10, #0x60
000000010000779c	ldr	x9, [x11]
00000001000077a0	str	x9, [x10]
00000001000077a4	ldr	x9, [x11, #0x8]
00000001000077a8	str	x9, [x10, #0x8]
00000001000077ac	mov	x0, x29
00000001000077b0	sub	x0, x0, #0x60
00000001000077b4	str	x0, [x28]
00000001000077b8	add	x28, x28, #0x8
00000001000077bc	sub	x28, x28, #0x8
00000001000077c0	ldr	x0, [x28]
00000001000077c4	bl	0x100001434
00000001000077c8	str	x0, [x28]
00000001000077cc	add	x28, x28, #0x8
00000001000077d0	sub	x28, x28, #0x8
00000001000077d4	ldr	x0, [x28]
00000001000077d8	mov	x0, #0xc
00000001000077dc	str	x0, [x28]
00000001000077e0	add	x28, x28, #0x8
00000001000077e4	sub	x28, x28, #0x8
00000001000077e8	ldr	x0, [x28]
00000001000077ec	neg	x0, x0
00000001000077f0	str	x0, [x28]
00000001000077f4	add	x28, x28, #0x8
00000001000077f8	sub	x28, x28, #0x8
00000001000077fc	ldr	x0, [x28]
0000000100007800	b	0x10000b5d0
0000000100007804	b	0x100007808
0000000100007808	ldur	x0, [x29, #-0x40]
000000010000780c	str	x0, [x28]
0000000100007810	add	x28, x28, #0x8
0000000100007814	mov	x0, #0x0
0000000100007818	str	x0, [x28]
000000010000781c	add	x28, x28, #0x8
0000000100007820	mov	x0, #0x40
0000000100007824	str	x0, [x28]
0000000100007828	add	x28, x28, #0x8
000000010000782c	sub	x28, x28, #0x8
0000000100007830	ldr	x13, [x28]
0000000100007834	sub	x28, x28, #0x8
0000000100007838	ldr	x12, [x28]
000000010000783c	sub	x28, x28, #0x8
0000000100007840	ldr	x10, [x28]
0000000100007844	mov	x0, x10
0000000100007848	mov	x9, #0x8
000000010000784c	mul	x11, x12, x9
0000000100007850	add	x0, x0, x11
0000000100007854	sub	x13, x13, x12
0000000100007858	stur	x0, [x29, #-0x80]
000000010000785c	stur	x13, [x29, #-0x78]
0000000100007860	mov	x0, x29
0000000100007864	sub	x0, x0, #0x80
0000000100007868	str	x0, [x28]
000000010000786c	add	x28, x28, #0x8
0000000100007870	sub	x28, x28, #0x8
0000000100007874	ldr	x11, [x28]
0000000100007878	mov	x10, x29
000000010000787c	sub	x10, x10, #0x70
0000000100007880	ldr	x9, [x11]
0000000100007884	str	x9, [x10]
0000000100007888	ldr	x9, [x11, #0x8]
000000010000788c	str	x9, [x10, #0x8]
0000000100007890	ldur	x0, [x29, #-0x48]
0000000100007894	str	x0, [x28]
0000000100007898	add	x28, x28, #0x8
000000010000789c	mov	x0, #0x0
00000001000078a0	str	x0, [x28]
00000001000078a4	add	x28, x28, #0x8
00000001000078a8	mov	x0, #0x8
00000001000078ac	str	x0, [x28]
00000001000078b0	add	x28, x28, #0x8
00000001000078b4	sub	x28, x28, #0x8
00000001000078b8	ldr	x13, [x28]
00000001000078bc	sub	x28, x28, #0x8
00000001000078c0	ldr	x12, [x28]
00000001000078c4	sub	x28, x28, #0x8
00000001000078c8	ldr	x10, [x28]
00000001000078cc	mov	x0, x10
00000001000078d0	mov	x9, #0x8
00000001000078d4	mul	x11, x12, x9
00000001000078d8	add	x0, x0, x11
00000001000078dc	sub	x13, x13, x12
00000001000078e0	stur	x0, [x29, #-0xa0]
00000001000078e4	stur	x13, [x29, #-0x98]
00000001000078e8	mov	x0, x29
00000001000078ec	sub	x0, x0, #0xa0
00000001000078f0	str	x0, [x28]
00000001000078f4	add	x28, x28, #0x8
00000001000078f8	sub	x28, x28, #0x8
00000001000078fc	ldr	x11, [x28]
0000000100007900	mov	x10, x29
0000000100007904	sub	x10, x10, #0x90
0000000100007908	ldr	x9, [x11]
000000010000790c	str	x9, [x10]
0000000100007910	ldr	x9, [x11, #0x8]
0000000100007914	str	x9, [x10, #0x8]
0000000100007918	ldur	x0, [x29, #-0x50]
000000010000791c	str	x0, [x28]
0000000100007920	add	x28, x28, #0x8
0000000100007924	mov	x0, #0x0
0000000100007928	str	x0, [x28]
000000010000792c	add	x28, x28, #0x8
0000000100007930	mov	x0, #0x40
0000000100007934	str	x0, [x28]
0000000100007938	add	x28, x28, #0x8
000000010000793c	sub	x28, x28, #0x8
0000000100007940	ldr	x13, [x28]
0000000100007944	sub	x28, x28, #0x8
0000000100007948	ldr	x12, [x28]
000000010000794c	sub	x28, x28, #0x8
0000000100007950	ldr	x10, [x28]
0000000100007954	mov	x0, x10
0000000100007958	mov	x9, #0x8
000000010000795c	mul	x11, x12, x9
0000000100007960	add	x0, x0, x11
0000000100007964	sub	x13, x13, x12
0000000100007968	stur	x0, [x29, #-0xc0]
000000010000796c	stur	x13, [x29, #-0xb8]
0000000100007970	mov	x0, x29
0000000100007974	sub	x0, x0, #0xc0
0000000100007978	str	x0, [x28]
000000010000797c	add	x28, x28, #0x8
0000000100007980	sub	x28, x28, #0x8
0000000100007984	ldr	x11, [x28]
0000000100007988	mov	x10, x29
000000010000798c	sub	x10, x10, #0xb0
0000000100007990	ldr	x9, [x11]
0000000100007994	str	x9, [x10]
0000000100007998	ldr	x9, [x11, #0x8]
000000010000799c	str	x9, [x10, #0x8]
00000001000079a0	adrp	x0, 17 ; 0x100018000
00000001000079a4	add	x0, x0, #0x1c
00000001000079a8	stur	x0, [x29, #-0xe0]
00000001000079ac	mov	x0, #0x47
00000001000079b0	stur	x0, [x29, #-0xd8]
00000001000079b4	mov	x0, x29
00000001000079b8	sub	x0, x0, #0xe0
00000001000079bc	str	x0, [x28]
00000001000079c0	add	x28, x28, #0x8
00000001000079c4	sub	x28, x28, #0x8
00000001000079c8	ldr	x11, [x28]
00000001000079cc	mov	x10, x29
00000001000079d0	sub	x10, x10, #0xd0
00000001000079d4	ldr	x9, [x11]
00000001000079d8	str	x9, [x10]
00000001000079dc	ldr	x9, [x11, #0x8]
00000001000079e0	str	x9, [x10, #0x8]
00000001000079e4	adrp	x0, 17 ; 0x100018000
00000001000079e8	add	x0, x0, #0x63
00000001000079ec	stur	x0, [x29, #-0x100]
00000001000079f0	mov	x0, #0x23f
00000001000079f4	stur	x0, [x29, #-0xf8]
00000001000079f8	mov	x0, x29
00000001000079fc	sub	x0, x0, #0x100
0000000100007a00	str	x0, [x28]
0000000100007a04	add	x28, x28, #0x8
0000000100007a08	sub	x28, x28, #0x8
0000000100007a0c	ldr	x11, [x28]
0000000100007a10	mov	x10, x29
0000000100007a14	sub	x10, x10, #0xf0
0000000100007a18	ldr	x9, [x11]
0000000100007a1c	str	x9, [x10]
0000000100007a20	ldr	x9, [x11, #0x8]
0000000100007a24	str	x9, [x10, #0x8]
0000000100007a28	mov	x0, x29
0000000100007a2c	sub	x0, x0, #0xd0
0000000100007a30	str	x0, [x28]
0000000100007a34	add	x28, x28, #0x8
0000000100007a38	sub	x28, x28, #0x8
0000000100007a3c	ldr	x11, [x28]
0000000100007a40	mov	x10, x29
0000000100007a44	sub	x10, x10, #0x110
0000000100007a48	ldr	x9, [x11]
0000000100007a4c	str	x9, [x10]
0000000100007a50	ldr	x9, [x11, #0x8]
0000000100007a54	str	x9, [x10, #0x8]
0000000100007a58	mov	x0, x29
0000000100007a5c	sub	x0, x0, #0x110
0000000100007a60	str	x0, [x28]
0000000100007a64	add	x28, x28, #0x8
0000000100007a68	mov	x0, x29
0000000100007a6c	sub	x0, x0, #0x90
0000000100007a70	str	x0, [x28]
0000000100007a74	add	x28, x28, #0x8
0000000100007a78	sub	x28, x28, #0x8
0000000100007a7c	ldr	x11, [x28]
0000000100007a80	mov	x10, x29
0000000100007a84	sub	x10, x10, #0x120
0000000100007a88	ldr	x9, [x11]
0000000100007a8c	str	x9, [x10]
0000000100007a90	ldr	x9, [x11, #0x8]
0000000100007a94	str	x9, [x10, #0x8]
0000000100007a98	mov	x0, x29
0000000100007a9c	sub	x0, x0, #0x120
0000000100007aa0	str	x0, [x28]
0000000100007aa4	add	x28, x28, #0x8
0000000100007aa8	sub	x28, x28, #0x8
0000000100007aac	ldr	x1, [x28]
0000000100007ab0	sub	x28, x28, #0x8
0000000100007ab4	ldr	x0, [x28]
0000000100007ab8	bl	0x10000678c
0000000100007abc	str	x0, [x28]
0000000100007ac0	add	x28, x28, #0x8
0000000100007ac4	mov	x0, #0x0
0000000100007ac8	str	x0, [x28]
0000000100007acc	add	x28, x28, #0x8
0000000100007ad0	sub	x28, x28, #0x8
0000000100007ad4	ldr	x1, [x28]
0000000100007ad8	sub	x28, x28, #0x8
0000000100007adc	ldr	x0, [x28]
0000000100007ae0	cmp	x0, x1
0000000100007ae4	b.eq	0x100007af0
0000000100007ae8	mov	x0, #0x1
0000000100007aec	b	0x100007af4
0000000100007af0	mov	x0, #0x0
0000000100007af4	str	x0, [x28]
0000000100007af8	add	x28, x28, #0x8
0000000100007afc	sub	x28, x28, #0x8
0000000100007b00	ldr	x0, [x28]
0000000100007b04	cmp	x0, #0x0
0000000100007b08	b.ne	0x100007bf8
0000000100007b0c	mov	x0, x29
0000000100007b10	sub	x0, x0, #0xf0
0000000100007b14	str	x0, [x28]
0000000100007b18	add	x28, x28, #0x8
0000000100007b1c	sub	x28, x28, #0x8
0000000100007b20	ldr	x11, [x28]
0000000100007b24	mov	x10, x29
0000000100007b28	sub	x10, x10, #0x130
0000000100007b2c	ldr	x9, [x11]
0000000100007b30	str	x9, [x10]
0000000100007b34	ldr	x9, [x11, #0x8]
0000000100007b38	str	x9, [x10, #0x8]
0000000100007b3c	mov	x0, x29
0000000100007b40	sub	x0, x0, #0x130
0000000100007b44	str	x0, [x28]
0000000100007b48	add	x28, x28, #0x8
0000000100007b4c	mov	x0, x29
0000000100007b50	sub	x0, x0, #0xb0
0000000100007b54	str	x0, [x28]
0000000100007b58	add	x28, x28, #0x8
0000000100007b5c	sub	x28, x28, #0x8
0000000100007b60	ldr	x11, [x28]
0000000100007b64	mov	x10, x29
0000000100007b68	sub	x10, x10, #0x140
0000000100007b6c	ldr	x9, [x11]
0000000100007b70	str	x9, [x10]
0000000100007b74	ldr	x9, [x11, #0x8]
0000000100007b78	str	x9, [x10, #0x8]
0000000100007b7c	mov	x0, x29
0000000100007b80	sub	x0, x0, #0x140
0000000100007b84	str	x0, [x28]
0000000100007b88	add	x28, x28, #0x8
0000000100007b8c	sub	x28, x28, #0x8
0000000100007b90	ldr	x1, [x28]
0000000100007b94	sub	x28, x28, #0x8
0000000100007b98	ldr	x0, [x28]
0000000100007b9c	bl	0x10000678c
0000000100007ba0	str	x0, [x28]
0000000100007ba4	add	x28, x28, #0x8
0000000100007ba8	mov	x0, #0x0
0000000100007bac	str	x0, [x28]
0000000100007bb0	add	x28, x28, #0x8
0000000100007bb4	sub	x28, x28, #0x8
0000000100007bb8	ldr	x1, [x28]
0000000100007bbc	sub	x28, x28, #0x8
0000000100007bc0	ldr	x0, [x28]
0000000100007bc4	cmp	x0, x1
0000000100007bc8	b.eq	0x100007bd4
0000000100007bcc	mov	x0, #0x1
0000000100007bd0	b	0x100007bd8
0000000100007bd4	mov	x0, #0x0
0000000100007bd8	str	x0, [x28]
0000000100007bdc	add	x28, x28, #0x8
0000000100007be0	sub	x28, x28, #0x8
0000000100007be4	ldr	x0, [x28]
0000000100007be8	cmp	x0, #0x0
0000000100007bec	b.ne	0x100007bf8
0000000100007bf0	mov	x0, #0x0
0000000100007bf4	b	0x100007bfc
0000000100007bf8	mov	x0, #0x1
0000000100007bfc	str	x0, [x28]
0000000100007c00	add	x28, x28, #0x8
0000000100007c04	sub	x28, x28, #0x8
0000000100007c08	ldr	x0, [x28]
0000000100007c0c	cmp	x0, #0x0
0000000100007c10	b.eq	0x100007d18
0000000100007c14	mov	x0, x29
0000000100007c18	sub	x0, x0, #0x28
0000000100007c1c	str	x0, [x28]
0000000100007c20	add	x28, x28, #0x8
0000000100007c24	sub	x28, x28, #0x8
0000000100007c28	ldr	x11, [x28]
0000000100007c2c	mov	x10, x29
0000000100007c30	sub	x10, x10, #0x150
0000000100007c34	ldr	x9, [x11]
0000000100007c38	str	x9, [x10]
0000000100007c3c	ldr	x9, [x11, #0x8]
0000000100007c40	str	x9, [x10, #0x8]
0000000100007c44	mov	x0, x29
0000000100007c48	sub	x0, x0, #0x150
0000000100007c4c	str	x0, [x28]
0000000100007c50	add	x28, x28, #0x8
0000000100007c54	sub	x28, x28, #0x8
0000000100007c58	ldr	x0, [x28]
0000000100007c5c	bl	0x100001434
0000000100007c60	str	x0, [x28]
0000000100007c64	add	x28, x28, #0x8
0000000100007c68	sub	x28, x28, #0x8
0000000100007c6c	ldr	x0, [x28]
0000000100007c70	ldur	x0, [x29, #-0x40]
0000000100007c74	str	x0, [x28]
0000000100007c78	add	x28, x28, #0x8
0000000100007c7c	sub	x28, x28, #0x8
0000000100007c80	ldr	x0, [x28]
0000000100007c84	mov	x0, #0x0
0000000100007c88	str	x0, [x28]
0000000100007c8c	add	x28, x28, #0x8
0000000100007c90	sub	x28, x28, #0x8
0000000100007c94	ldr	x0, [x28]
0000000100007c98	ldur	x0, [x29, #-0x48]
0000000100007c9c	str	x0, [x28]
0000000100007ca0	add	x28, x28, #0x8
0000000100007ca4	sub	x28, x28, #0x8
0000000100007ca8	ldr	x0, [x28]
0000000100007cac	mov	x0, #0x0
0000000100007cb0	str	x0, [x28]
0000000100007cb4	add	x28, x28, #0x8
0000000100007cb8	sub	x28, x28, #0x8
0000000100007cbc	ldr	x0, [x28]
0000000100007cc0	ldur	x0, [x29, #-0x50]
0000000100007cc4	str	x0, [x28]
0000000100007cc8	add	x28, x28, #0x8
0000000100007ccc	sub	x28, x28, #0x8
0000000100007cd0	ldr	x0, [x28]
0000000100007cd4	mov	x0, #0x0
0000000100007cd8	str	x0, [x28]
0000000100007cdc	add	x28, x28, #0x8
0000000100007ce0	sub	x28, x28, #0x8
0000000100007ce4	ldr	x0, [x28]
0000000100007ce8	mov	x0, #0x1ce9
0000000100007cec	str	x0, [x28]
0000000100007cf0	add	x28, x28, #0x8
0000000100007cf4	sub	x28, x28, #0x8
0000000100007cf8	ldr	x0, [x28]
0000000100007cfc	neg	x0, x0
0000000100007d00	str	x0, [x28]
0000000100007d04	add	x28, x28, #0x8
0000000100007d08	sub	x28, x28, #0x8
0000000100007d0c	ldr	x0, [x28]
0000000100007d10	b	0x10000b5d0
0000000100007d14	b	0x100007d18
0000000100007d18	mov	x0, #0x0
0000000100007d1c	str	x0, [x28]
0000000100007d20	add	x28, x28, #0x8
0000000100007d24	sub	x28, x28, #0x8
0000000100007d28	ldr	x0, [x28]
0000000100007d2c	add	x17, x29, #0x0
0000000100007d30	mov	x16, #0xfea8
0000000100007d34	movk	x16, #0xffff, lsl #16
0000000100007d38	movk	x16, #0xffff, lsl #32
0000000100007d3c	movk	x16, #0xffff, lsl #48
0000000100007d40	add	x17, x17, x16
0000000100007d44	str	x0, [x17]
0000000100007d48	mov	x0, x29
0000000100007d4c	sub	x0, x0, #0x158
0000000100007d50	str	x0, [x28]
0000000100007d54	add	x28, x28, #0x8
0000000100007d58	mov	x0, #0x0
0000000100007d5c	str	x0, [x28]
0000000100007d60	add	x28, x28, #0x8
0000000100007d64	sub	x28, x28, #0x8
0000000100007d68	ldr	x0, [x28]
0000000100007d6c	sub	x28, x28, #0x8
0000000100007d70	ldr	x10, [x28]
0000000100007d74	str	x0, [x10]
0000000100007d78	add	x17, x29, #0x0
0000000100007d7c	mov	x16, #0xfea8
0000000100007d80	movk	x16, #0xffff, lsl #16
0000000100007d84	movk	x16, #0xffff, lsl #32
0000000100007d88	movk	x16, #0xffff, lsl #48
0000000100007d8c	add	x17, x17, x16
0000000100007d90	ldr	x0, [x17]
0000000100007d94	str	x0, [x28]
0000000100007d98	add	x28, x28, #0x8
0000000100007d9c	ldur	x0, [x29, #-0x8]
0000000100007da0	str	x0, [x28]
0000000100007da4	add	x28, x28, #0x8
0000000100007da8	sub	x28, x28, #0x8
0000000100007dac	ldr	x10, [x28]
0000000100007db0	ldr	x0, [x10, #0x8]
0000000100007db4	str	x0, [x28]
0000000100007db8	add	x28, x28, #0x8
0000000100007dbc	sub	x28, x28, #0x8
0000000100007dc0	ldr	x1, [x28]
0000000100007dc4	sub	x28, x28, #0x8
0000000100007dc8	ldr	x0, [x28]
0000000100007dcc	cmp	x0, x1
0000000100007dd0	b.ge	0x100007ddc
0000000100007dd4	mov	x0, #0x1
0000000100007dd8	b	0x100007de0
0000000100007ddc	mov	x0, #0x0
0000000100007de0	str	x0, [x28]
0000000100007de4	add	x28, x28, #0x8
0000000100007de8	sub	x28, x28, #0x8
0000000100007dec	ldr	x0, [x28]
0000000100007df0	cmp	x0, #0x0
0000000100007df4	b.eq	0x100007f5c
0000000100007df8	mov	x0, x29
0000000100007dfc	sub	x0, x0, #0x28
0000000100007e00	str	x0, [x28]
0000000100007e04	add	x28, x28, #0x8
0000000100007e08	sub	x28, x28, #0x8
0000000100007e0c	ldr	x0, [x28]
0000000100007e10	ldr	x0, [x0]
0000000100007e14	str	x0, [x28]
0000000100007e18	add	x28, x28, #0x8
0000000100007e1c	add	x17, x29, #0x0
0000000100007e20	mov	x16, #0xfea8
0000000100007e24	movk	x16, #0xffff, lsl #16
0000000100007e28	movk	x16, #0xffff, lsl #32
0000000100007e2c	movk	x16, #0xffff, lsl #48
0000000100007e30	add	x17, x17, x16
0000000100007e34	ldr	x0, [x17]
0000000100007e38	str	x0, [x28]
0000000100007e3c	add	x28, x28, #0x8
0000000100007e40	sub	x28, x28, #0x8
0000000100007e44	ldr	x1, [x28]
0000000100007e48	sub	x28, x28, #0x8
0000000100007e4c	ldr	x0, [x28]
0000000100007e50	add	x0, x0, x1
0000000100007e54	str	x0, [x28]
0000000100007e58	add	x28, x28, #0x8
0000000100007e5c	ldur	x0, [x29, #-0x8]
0000000100007e60	str	x0, [x28]
0000000100007e64	add	x28, x28, #0x8
0000000100007e68	sub	x28, x28, #0x8
0000000100007e6c	ldr	x0, [x28]
0000000100007e70	ldr	x0, [x0]
0000000100007e74	str	x0, [x28]
0000000100007e78	add	x28, x28, #0x8
0000000100007e7c	add	x17, x29, #0x0
0000000100007e80	mov	x16, #0xfea8
0000000100007e84	movk	x16, #0xffff, lsl #16
0000000100007e88	movk	x16, #0xffff, lsl #32
0000000100007e8c	movk	x16, #0xffff, lsl #48
0000000100007e90	add	x17, x17, x16
0000000100007e94	ldr	x0, [x17]
0000000100007e98	str	x0, [x28]
0000000100007e9c	add	x28, x28, #0x8
0000000100007ea0	sub	x28, x28, #0x8
0000000100007ea4	ldr	x1, [x28]
0000000100007ea8	sub	x28, x28, #0x8
0000000100007eac	ldr	x0, [x28]
0000000100007eb0	add	x0, x0, x1
0000000100007eb4	str	x0, [x28]
0000000100007eb8	add	x28, x28, #0x8
0000000100007ebc	sub	x28, x28, #0x8
0000000100007ec0	ldr	x10, [x28]
0000000100007ec4	ldrb	w0, [x10]
0000000100007ec8	str	x0, [x28]
0000000100007ecc	add	x28, x28, #0x8
0000000100007ed0	sub	x28, x28, #0x8
0000000100007ed4	ldr	x0, [x28]
0000000100007ed8	sub	x28, x28, #0x8
0000000100007edc	ldr	x10, [x28]
0000000100007ee0	strb	w0, [x10]
0000000100007ee4	mov	x0, x29
0000000100007ee8	sub	x0, x0, #0x158
0000000100007eec	str	x0, [x28]
0000000100007ef0	add	x28, x28, #0x8
0000000100007ef4	add	x17, x29, #0x0
0000000100007ef8	mov	x16, #0xfea8
0000000100007efc	movk	x16, #0xffff, lsl #16
0000000100007f00	movk	x16, #0xffff, lsl #32
0000000100007f04	movk	x16, #0xffff, lsl #48
0000000100007f08	add	x17, x17, x16
0000000100007f0c	ldr	x0, [x17]
0000000100007f10	str	x0, [x28]
0000000100007f14	add	x28, x28, #0x8
0000000100007f18	mov	x0, #0x1
0000000100007f1c	str	x0, [x28]
0000000100007f20	add	x28, x28, #0x8
0000000100007f24	sub	x28, x28, #0x8
0000000100007f28	ldr	x1, [x28]
0000000100007f2c	sub	x28, x28, #0x8
0000000100007f30	ldr	x0, [x28]
0000000100007f34	add	x0, x0, x1
0000000100007f38	sxtw	x0, w0
0000000100007f3c	str	x0, [x28]
0000000100007f40	add	x28, x28, #0x8
0000000100007f44	sub	x28, x28, #0x8
0000000100007f48	ldr	x0, [x28]
0000000100007f4c	sub	x28, x28, #0x8
0000000100007f50	ldr	x10, [x28]
0000000100007f54	str	x0, [x10]
0000000100007f58	b	0x100007d78
0000000100007f5c	mov	x0, x29
0000000100007f60	sub	x0, x0, #0x28
0000000100007f64	str	x0, [x28]
0000000100007f68	add	x28, x28, #0x8
0000000100007f6c	sub	x28, x28, #0x8
0000000100007f70	ldr	x0, [x28]
0000000100007f74	ldr	x0, [x0]
0000000100007f78	str	x0, [x28]
0000000100007f7c	add	x28, x28, #0x8
0000000100007f80	ldur	x0, [x29, #-0x8]
0000000100007f84	str	x0, [x28]
0000000100007f88	add	x28, x28, #0x8
0000000100007f8c	sub	x28, x28, #0x8
0000000100007f90	ldr	x10, [x28]
0000000100007f94	ldr	x0, [x10, #0x8]
0000000100007f98	str	x0, [x28]
0000000100007f9c	add	x28, x28, #0x8
0000000100007fa0	sub	x28, x28, #0x8
0000000100007fa4	ldr	x1, [x28]
0000000100007fa8	sub	x28, x28, #0x8
0000000100007fac	ldr	x0, [x28]
0000000100007fb0	add	x0, x0, x1
0000000100007fb4	str	x0, [x28]
0000000100007fb8	add	x28, x28, #0x8
0000000100007fbc	mov	x0, #0x80
0000000100007fc0	str	x0, [x28]
0000000100007fc4	add	x28, x28, #0x8
0000000100007fc8	sub	x28, x28, #0x8
0000000100007fcc	ldr	x0, [x28]
0000000100007fd0	sub	x28, x28, #0x8
0000000100007fd4	ldr	x10, [x28]
0000000100007fd8	strb	w0, [x10]
0000000100007fdc	ldur	x0, [x29, #-0x8]
0000000100007fe0	str	x0, [x28]
0000000100007fe4	add	x28, x28, #0x8
0000000100007fe8	sub	x28, x28, #0x8
0000000100007fec	ldr	x10, [x28]
0000000100007ff0	ldr	x0, [x10, #0x8]
0000000100007ff4	str	x0, [x28]
0000000100007ff8	add	x28, x28, #0x8
0000000100007ffc	mov	x0, #0x8
0000000100008000	str	x0, [x28]
0000000100008004	add	x28, x28, #0x8
0000000100008008	sub	x28, x28, #0x8
000000010000800c	ldr	x1, [x28]
0000000100008010	sub	x28, x28, #0x8
0000000100008014	ldr	x0, [x28]
0000000100008018	mul	x0, x0, x1
000000010000801c	str	x0, [x28]
0000000100008020	add	x28, x28, #0x8
0000000100008024	sub	x28, x28, #0x8
0000000100008028	ldr	x0, [x28]
000000010000802c	add	x17, x29, #0x0
0000000100008030	mov	x16, #0xfea0
0000000100008034	movk	x16, #0xffff, lsl #16
0000000100008038	movk	x16, #0xffff, lsl #32
000000010000803c	movk	x16, #0xffff, lsl #48
0000000100008040	add	x17, x17, x16
0000000100008044	str	x0, [x17]
0000000100008048	mov	x0, x29
000000010000804c	sub	x0, x0, #0x158
0000000100008050	str	x0, [x28]
0000000100008054	add	x28, x28, #0x8
0000000100008058	mov	x0, #0x0
000000010000805c	str	x0, [x28]
0000000100008060	add	x28, x28, #0x8
0000000100008064	sub	x28, x28, #0x8
0000000100008068	ldr	x0, [x28]
000000010000806c	sub	x28, x28, #0x8
0000000100008070	ldr	x10, [x28]
0000000100008074	str	x0, [x10]
0000000100008078	add	x17, x29, #0x0
000000010000807c	mov	x16, #0xfea8
0000000100008080	movk	x16, #0xffff, lsl #16
0000000100008084	movk	x16, #0xffff, lsl #32
0000000100008088	movk	x16, #0xffff, lsl #48
000000010000808c	add	x17, x17, x16
0000000100008090	ldr	x0, [x17]
0000000100008094	str	x0, [x28]
0000000100008098	add	x28, x28, #0x8
000000010000809c	mov	x0, #0x8
00000001000080a0	str	x0, [x28]
00000001000080a4	add	x28, x28, #0x8
00000001000080a8	sub	x28, x28, #0x8
00000001000080ac	ldr	x1, [x28]
00000001000080b0	sub	x28, x28, #0x8
00000001000080b4	ldr	x0, [x28]
00000001000080b8	cmp	x0, x1
00000001000080bc	b.ge	0x1000080c8
00000001000080c0	mov	x0, #0x1
00000001000080c4	b	0x1000080cc
00000001000080c8	mov	x0, #0x0
00000001000080cc	str	x0, [x28]
00000001000080d0	add	x28, x28, #0x8
00000001000080d4	sub	x28, x28, #0x8
00000001000080d8	ldr	x0, [x28]
00000001000080dc	cmp	x0, #0x0
00000001000080e0	b.eq	0x100008300
00000001000080e4	mov	x0, x29
00000001000080e8	sub	x0, x0, #0x28
00000001000080ec	str	x0, [x28]
00000001000080f0	add	x28, x28, #0x8
00000001000080f4	sub	x28, x28, #0x8
00000001000080f8	ldr	x0, [x28]
00000001000080fc	ldr	x0, [x0]
0000000100008100	str	x0, [x28]
0000000100008104	add	x28, x28, #0x8
0000000100008108	ldur	x0, [x29, #-0x18]
000000010000810c	str	x0, [x28]
0000000100008110	add	x28, x28, #0x8
0000000100008114	mov	x0, #0x1
0000000100008118	str	x0, [x28]
000000010000811c	add	x28, x28, #0x8
0000000100008120	sub	x28, x28, #0x8
0000000100008124	ldr	x1, [x28]
0000000100008128	sub	x28, x28, #0x8
000000010000812c	ldr	x0, [x28]
0000000100008130	sub	x0, x0, x1
0000000100008134	sxtw	x0, w0
0000000100008138	str	x0, [x28]
000000010000813c	add	x28, x28, #0x8
0000000100008140	add	x17, x29, #0x0
0000000100008144	mov	x16, #0xfea8
0000000100008148	movk	x16, #0xffff, lsl #16
000000010000814c	movk	x16, #0xffff, lsl #32
0000000100008150	movk	x16, #0xffff, lsl #48
0000000100008154	add	x17, x17, x16
0000000100008158	ldr	x0, [x17]
000000010000815c	str	x0, [x28]
0000000100008160	add	x28, x28, #0x8
0000000100008164	sub	x28, x28, #0x8
0000000100008168	ldr	x1, [x28]
000000010000816c	sub	x28, x28, #0x8
0000000100008170	ldr	x0, [x28]
0000000100008174	sub	x0, x0, x1
0000000100008178	sxtw	x0, w0
000000010000817c	str	x0, [x28]
0000000100008180	add	x28, x28, #0x8
0000000100008184	sub	x28, x28, #0x8
0000000100008188	ldr	x1, [x28]
000000010000818c	sub	x28, x28, #0x8
0000000100008190	ldr	x0, [x28]
0000000100008194	add	x0, x0, x1
0000000100008198	str	x0, [x28]
000000010000819c	add	x28, x28, #0x8
00000001000081a0	add	x17, x29, #0x0
00000001000081a4	mov	x16, #0xfea0
00000001000081a8	movk	x16, #0xffff, lsl #16
00000001000081ac	movk	x16, #0xffff, lsl #32
00000001000081b0	movk	x16, #0xffff, lsl #48
00000001000081b4	add	x17, x17, x16
00000001000081b8	ldr	x0, [x17]
00000001000081bc	str	x0, [x28]
00000001000081c0	add	x28, x28, #0x8
00000001000081c4	mov	x0, #0xff
00000001000081c8	str	x0, [x28]
00000001000081cc	add	x28, x28, #0x8
00000001000081d0	sub	x28, x28, #0x8
00000001000081d4	ldr	x1, [x28]
00000001000081d8	sub	x28, x28, #0x8
00000001000081dc	ldr	x0, [x28]
00000001000081e0	and	x0, x0, x1
00000001000081e4	str	x0, [x28]
00000001000081e8	add	x28, x28, #0x8
00000001000081ec	sub	x28, x28, #0x8
00000001000081f0	ldr	x0, [x28]
00000001000081f4	mov	x9, #0xff
00000001000081f8	and	x0, x0, x9
00000001000081fc	str	x0, [x28]
0000000100008200	add	x28, x28, #0x8
0000000100008204	sub	x28, x28, #0x8
0000000100008208	ldr	x0, [x28]
000000010000820c	sub	x28, x28, #0x8
0000000100008210	ldr	x10, [x28]
0000000100008214	strb	w0, [x10]
0000000100008218	mov	x0, x29
000000010000821c	sub	x0, x0, #0x160
0000000100008220	str	x0, [x28]
0000000100008224	add	x28, x28, #0x8
0000000100008228	add	x17, x29, #0x0
000000010000822c	mov	x16, #0xfea0
0000000100008230	movk	x16, #0xffff, lsl #16
0000000100008234	movk	x16, #0xffff, lsl #32
0000000100008238	movk	x16, #0xffff, lsl #48
000000010000823c	add	x17, x17, x16
0000000100008240	ldr	x0, [x17]
0000000100008244	str	x0, [x28]
0000000100008248	add	x28, x28, #0x8
000000010000824c	mov	x0, #0x8
0000000100008250	str	x0, [x28]
0000000100008254	add	x28, x28, #0x8
0000000100008258	sub	x28, x28, #0x8
000000010000825c	ldr	x1, [x28]
0000000100008260	sub	x28, x28, #0x8
0000000100008264	ldr	x0, [x28]
0000000100008268	asr	x0, x0, x1
000000010000826c	str	x0, [x28]
0000000100008270	add	x28, x28, #0x8
0000000100008274	sub	x28, x28, #0x8
0000000100008278	ldr	x0, [x28]
000000010000827c	sub	x28, x28, #0x8
0000000100008280	ldr	x10, [x28]
0000000100008284	str	x0, [x10]
0000000100008288	mov	x0, x29
000000010000828c	sub	x0, x0, #0x158
0000000100008290	str	x0, [x28]
0000000100008294	add	x28, x28, #0x8
0000000100008298	add	x17, x29, #0x0
000000010000829c	mov	x16, #0xfea8
00000001000082a0	movk	x16, #0xffff, lsl #16
00000001000082a4	movk	x16, #0xffff, lsl #32
00000001000082a8	movk	x16, #0xffff, lsl #48
00000001000082ac	add	x17, x17, x16
00000001000082b0	ldr	x0, [x17]
00000001000082b4	str	x0, [x28]
00000001000082b8	add	x28, x28, #0x8
00000001000082bc	mov	x0, #0x1
00000001000082c0	str	x0, [x28]
00000001000082c4	add	x28, x28, #0x8
00000001000082c8	sub	x28, x28, #0x8
00000001000082cc	ldr	x1, [x28]
00000001000082d0	sub	x28, x28, #0x8
00000001000082d4	ldr	x0, [x28]
00000001000082d8	add	x0, x0, x1
00000001000082dc	sxtw	x0, w0
00000001000082e0	str	x0, [x28]
00000001000082e4	add	x28, x28, #0x8
00000001000082e8	sub	x28, x28, #0x8
00000001000082ec	ldr	x0, [x28]
00000001000082f0	sub	x28, x28, #0x8
00000001000082f4	ldr	x10, [x28]
00000001000082f8	str	x0, [x10]
00000001000082fc	b	0x100008078
0000000100008300	mov	x0, #0x0
0000000100008304	str	x0, [x28]
0000000100008308	add	x28, x28, #0x8
000000010000830c	sub	x28, x28, #0x8
0000000100008310	ldr	x0, [x28]
0000000100008314	add	x17, x29, #0x0
0000000100008318	mov	x16, #0xfe98
000000010000831c	movk	x16, #0xffff, lsl #16
0000000100008320	movk	x16, #0xffff, lsl #32
0000000100008324	movk	x16, #0xffff, lsl #48
0000000100008328	add	x17, x17, x16
000000010000832c	str	x0, [x17]
0000000100008330	add	x17, x29, #0x0
0000000100008334	mov	x16, #0xfe98
0000000100008338	movk	x16, #0xffff, lsl #16
000000010000833c	movk	x16, #0xffff, lsl #32
0000000100008340	movk	x16, #0xffff, lsl #48
0000000100008344	add	x17, x17, x16
0000000100008348	ldr	x0, [x17]
000000010000834c	str	x0, [x28]
0000000100008350	add	x28, x28, #0x8
0000000100008354	ldur	x0, [x29, #-0x18]
0000000100008358	str	x0, [x28]
000000010000835c	add	x28, x28, #0x8
0000000100008360	sub	x28, x28, #0x8
0000000100008364	ldr	x1, [x28]
0000000100008368	sub	x28, x28, #0x8
000000010000836c	ldr	x0, [x28]
0000000100008370	cmp	x0, x1
0000000100008374	b.ge	0x100008380
0000000100008378	mov	x0, #0x1
000000010000837c	b	0x100008384
0000000100008380	mov	x0, #0x0
0000000100008384	str	x0, [x28]
0000000100008388	add	x28, x28, #0x8
000000010000838c	sub	x28, x28, #0x8
0000000100008390	ldr	x0, [x28]
0000000100008394	cmp	x0, #0x0
0000000100008398	b.eq	0x10000ad54
000000010000839c	mov	x0, x29
00000001000083a0	sub	x0, x0, #0x158
00000001000083a4	str	x0, [x28]
00000001000083a8	add	x28, x28, #0x8
00000001000083ac	mov	x0, #0x0
00000001000083b0	str	x0, [x28]
00000001000083b4	add	x28, x28, #0x8
00000001000083b8	sub	x28, x28, #0x8
00000001000083bc	ldr	x0, [x28]
00000001000083c0	sub	x28, x28, #0x8
00000001000083c4	ldr	x10, [x28]
00000001000083c8	str	x0, [x10]
00000001000083cc	add	x17, x29, #0x0
00000001000083d0	mov	x16, #0xfea8
00000001000083d4	movk	x16, #0xffff, lsl #16
00000001000083d8	movk	x16, #0xffff, lsl #32
00000001000083dc	movk	x16, #0xffff, lsl #48
00000001000083e0	add	x17, x17, x16
00000001000083e4	ldr	x0, [x17]
00000001000083e8	str	x0, [x28]
00000001000083ec	add	x28, x28, #0x8
00000001000083f0	mov	x0, #0x10
00000001000083f4	str	x0, [x28]
00000001000083f8	add	x28, x28, #0x8
00000001000083fc	sub	x28, x28, #0x8
0000000100008400	ldr	x1, [x28]
0000000100008404	sub	x28, x28, #0x8
0000000100008408	ldr	x0, [x28]
000000010000840c	cmp	x0, x1
0000000100008410	b.ge	0x10000841c
0000000100008414	mov	x0, #0x1
0000000100008418	b	0x100008420
000000010000841c	mov	x0, #0x0
0000000100008420	str	x0, [x28]
0000000100008424	add	x28, x28, #0x8
0000000100008428	sub	x28, x28, #0x8
000000010000842c	ldr	x0, [x28]
0000000100008430	cmp	x0, #0x0
0000000100008434	b.eq	0x100008920
0000000100008438	add	x17, x29, #0x0
000000010000843c	mov	x16, #0xfe98
0000000100008440	movk	x16, #0xffff, lsl #16
0000000100008444	movk	x16, #0xffff, lsl #32
0000000100008448	movk	x16, #0xffff, lsl #48
000000010000844c	add	x17, x17, x16
0000000100008450	ldr	x0, [x17]
0000000100008454	str	x0, [x28]
0000000100008458	add	x28, x28, #0x8
000000010000845c	add	x17, x29, #0x0
0000000100008460	mov	x16, #0xfea8
0000000100008464	movk	x16, #0xffff, lsl #16
0000000100008468	movk	x16, #0xffff, lsl #32
000000010000846c	movk	x16, #0xffff, lsl #48
0000000100008470	add	x17, x17, x16
0000000100008474	ldr	x0, [x17]
0000000100008478	str	x0, [x28]
000000010000847c	add	x28, x28, #0x8
0000000100008480	mov	x0, #0x4
0000000100008484	str	x0, [x28]
0000000100008488	add	x28, x28, #0x8
000000010000848c	sub	x28, x28, #0x8
0000000100008490	ldr	x1, [x28]
0000000100008494	sub	x28, x28, #0x8
0000000100008498	ldr	x0, [x28]
000000010000849c	mul	x0, x0, x1
00000001000084a0	sxtw	x0, w0
00000001000084a4	str	x0, [x28]
00000001000084a8	add	x28, x28, #0x8
00000001000084ac	sub	x28, x28, #0x8
00000001000084b0	ldr	x1, [x28]
00000001000084b4	sub	x28, x28, #0x8
00000001000084b8	ldr	x0, [x28]
00000001000084bc	add	x0, x0, x1
00000001000084c0	sxtw	x0, w0
00000001000084c4	str	x0, [x28]
00000001000084c8	add	x28, x28, #0x8
00000001000084cc	sub	x28, x28, #0x8
00000001000084d0	ldr	x0, [x28]
00000001000084d4	add	x17, x29, #0x0
00000001000084d8	mov	x16, #0xfe90
00000001000084dc	movk	x16, #0xffff, lsl #16
00000001000084e0	movk	x16, #0xffff, lsl #32
00000001000084e4	movk	x16, #0xffff, lsl #48
00000001000084e8	add	x17, x17, x16
00000001000084ec	str	x0, [x17]
00000001000084f0	mov	x0, x29
00000001000084f4	sub	x0, x0, #0x70
00000001000084f8	str	x0, [x28]
00000001000084fc	add	x28, x28, #0x8
0000000100008500	sub	x28, x28, #0x8
0000000100008504	ldr	x0, [x28]
0000000100008508	ldr	x0, [x0]
000000010000850c	str	x0, [x28]
0000000100008510	add	x28, x28, #0x8
0000000100008514	add	x17, x29, #0x0
0000000100008518	mov	x16, #0xfea8
000000010000851c	movk	x16, #0xffff, lsl #16
0000000100008520	movk	x16, #0xffff, lsl #32
0000000100008524	movk	x16, #0xffff, lsl #48
0000000100008528	add	x17, x17, x16
000000010000852c	ldr	x0, [x17]
0000000100008530	str	x0, [x28]
0000000100008534	add	x28, x28, #0x8
0000000100008538	sub	x28, x28, #0x8
000000010000853c	ldr	x1, [x28]
0000000100008540	sub	x28, x28, #0x8
0000000100008544	ldr	x0, [x28]
0000000100008548	mov	x9, #0x8
000000010000854c	mul	x1, x1, x9
0000000100008550	add	x0, x0, x1
0000000100008554	str	x0, [x28]
0000000100008558	add	x28, x28, #0x8
000000010000855c	mov	x0, x29
0000000100008560	sub	x0, x0, #0x28
0000000100008564	str	x0, [x28]
0000000100008568	add	x28, x28, #0x8
000000010000856c	sub	x28, x28, #0x8
0000000100008570	ldr	x0, [x28]
0000000100008574	ldr	x0, [x0]
0000000100008578	str	x0, [x28]
000000010000857c	add	x28, x28, #0x8
0000000100008580	add	x17, x29, #0x0
0000000100008584	mov	x16, #0xfe90
0000000100008588	movk	x16, #0xffff, lsl #16
000000010000858c	movk	x16, #0xffff, lsl #32
0000000100008590	movk	x16, #0xffff, lsl #48
0000000100008594	add	x17, x17, x16
0000000100008598	ldr	x0, [x17]
000000010000859c	str	x0, [x28]
00000001000085a0	add	x28, x28, #0x8
00000001000085a4	sub	x28, x28, #0x8
00000001000085a8	ldr	x1, [x28]
00000001000085ac	sub	x28, x28, #0x8
00000001000085b0	ldr	x0, [x28]
00000001000085b4	add	x0, x0, x1
00000001000085b8	str	x0, [x28]
00000001000085bc	add	x28, x28, #0x8
00000001000085c0	sub	x28, x28, #0x8
00000001000085c4	ldr	x10, [x28]
00000001000085c8	ldrb	w0, [x10]
00000001000085cc	str	x0, [x28]
00000001000085d0	add	x28, x28, #0x8
00000001000085d4	mov	x0, #0x0
00000001000085d8	movk	x0, #0x100, lsl #16
00000001000085dc	str	x0, [x28]
00000001000085e0	add	x28, x28, #0x8
00000001000085e4	sub	x28, x28, #0x8
00000001000085e8	ldr	x1, [x28]
00000001000085ec	sub	x28, x28, #0x8
00000001000085f0	ldr	x0, [x28]
00000001000085f4	mul	x0, x0, x1
00000001000085f8	str	x0, [x28]
00000001000085fc	add	x28, x28, #0x8
0000000100008600	mov	x0, x29
0000000100008604	sub	x0, x0, #0x28
0000000100008608	str	x0, [x28]
000000010000860c	add	x28, x28, #0x8
0000000100008610	sub	x28, x28, #0x8
0000000100008614	ldr	x0, [x28]
0000000100008618	ldr	x0, [x0]
000000010000861c	str	x0, [x28]
0000000100008620	add	x28, x28, #0x8
0000000100008624	add	x17, x29, #0x0
0000000100008628	mov	x16, #0xfe90
000000010000862c	movk	x16, #0xffff, lsl #16
0000000100008630	movk	x16, #0xffff, lsl #32
0000000100008634	movk	x16, #0xffff, lsl #48
0000000100008638	add	x17, x17, x16
000000010000863c	ldr	x0, [x17]
0000000100008640	str	x0, [x28]
0000000100008644	add	x28, x28, #0x8
0000000100008648	mov	x0, #0x1
000000010000864c	str	x0, [x28]
0000000100008650	add	x28, x28, #0x8
0000000100008654	sub	x28, x28, #0x8
0000000100008658	ldr	x1, [x28]
000000010000865c	sub	x28, x28, #0x8
0000000100008660	ldr	x0, [x28]
0000000100008664	add	x0, x0, x1
0000000100008668	sxtw	x0, w0
000000010000866c	str	x0, [x28]
0000000100008670	add	x28, x28, #0x8
0000000100008674	sub	x28, x28, #0x8
0000000100008678	ldr	x1, [x28]
000000010000867c	sub	x28, x28, #0x8
0000000100008680	ldr	x0, [x28]
0000000100008684	add	x0, x0, x1
0000000100008688	str	x0, [x28]
000000010000868c	add	x28, x28, #0x8
0000000100008690	sub	x28, x28, #0x8
0000000100008694	ldr	x10, [x28]
0000000100008698	ldrb	w0, [x10]
000000010000869c	str	x0, [x28]
00000001000086a0	add	x28, x28, #0x8
00000001000086a4	mov	x0, #0x0
00000001000086a8	movk	x0, #0x1, lsl #16
00000001000086ac	str	x0, [x28]
00000001000086b0	add	x28, x28, #0x8
00000001000086b4	sub	x28, x28, #0x8
00000001000086b8	ldr	x1, [x28]
00000001000086bc	sub	x28, x28, #0x8
00000001000086c0	ldr	x0, [x28]
00000001000086c4	mul	x0, x0, x1
00000001000086c8	str	x0, [x28]
00000001000086cc	add	x28, x28, #0x8
00000001000086d0	sub	x28, x28, #0x8
00000001000086d4	ldr	x1, [x28]
00000001000086d8	sub	x28, x28, #0x8
00000001000086dc	ldr	x0, [x28]
00000001000086e0	add	x0, x0, x1
00000001000086e4	str	x0, [x28]
00000001000086e8	add	x28, x28, #0x8
00000001000086ec	mov	x0, x29
00000001000086f0	sub	x0, x0, #0x28
00000001000086f4	str	x0, [x28]
00000001000086f8	add	x28, x28, #0x8
00000001000086fc	sub	x28, x28, #0x8
0000000100008700	ldr	x0, [x28]
0000000100008704	ldr	x0, [x0]
0000000100008708	str	x0, [x28]
000000010000870c	add	x28, x28, #0x8
0000000100008710	add	x17, x29, #0x0
0000000100008714	mov	x16, #0xfe90
0000000100008718	movk	x16, #0xffff, lsl #16
000000010000871c	movk	x16, #0xffff, lsl #32
0000000100008720	movk	x16, #0xffff, lsl #48
0000000100008724	add	x17, x17, x16
0000000100008728	ldr	x0, [x17]
000000010000872c	str	x0, [x28]
0000000100008730	add	x28, x28, #0x8
0000000100008734	mov	x0, #0x2
0000000100008738	str	x0, [x28]
000000010000873c	add	x28, x28, #0x8
0000000100008740	sub	x28, x28, #0x8
0000000100008744	ldr	x1, [x28]
0000000100008748	sub	x28, x28, #0x8
000000010000874c	ldr	x0, [x28]
0000000100008750	add	x0, x0, x1
0000000100008754	sxtw	x0, w0
0000000100008758	str	x0, [x28]
000000010000875c	add	x28, x28, #0x8
0000000100008760	sub	x28, x28, #0x8
0000000100008764	ldr	x1, [x28]
0000000100008768	sub	x28, x28, #0x8
000000010000876c	ldr	x0, [x28]
0000000100008770	add	x0, x0, x1
0000000100008774	str	x0, [x28]
0000000100008778	add	x28, x28, #0x8
000000010000877c	sub	x28, x28, #0x8
0000000100008780	ldr	x10, [x28]
0000000100008784	ldrb	w0, [x10]
0000000100008788	str	x0, [x28]
000000010000878c	add	x28, x28, #0x8
0000000100008790	mov	x0, #0x100
0000000100008794	str	x0, [x28]
0000000100008798	add	x28, x28, #0x8
000000010000879c	sub	x28, x28, #0x8
00000001000087a0	ldr	x1, [x28]
00000001000087a4	sub	x28, x28, #0x8
00000001000087a8	ldr	x0, [x28]
00000001000087ac	mul	x0, x0, x1
00000001000087b0	str	x0, [x28]
00000001000087b4	add	x28, x28, #0x8
00000001000087b8	sub	x28, x28, #0x8
00000001000087bc	ldr	x1, [x28]
00000001000087c0	sub	x28, x28, #0x8
00000001000087c4	ldr	x0, [x28]
00000001000087c8	add	x0, x0, x1
00000001000087cc	str	x0, [x28]
00000001000087d0	add	x28, x28, #0x8
00000001000087d4	mov	x0, x29
00000001000087d8	sub	x0, x0, #0x28
00000001000087dc	str	x0, [x28]
00000001000087e0	add	x28, x28, #0x8
00000001000087e4	sub	x28, x28, #0x8
00000001000087e8	ldr	x0, [x28]
00000001000087ec	ldr	x0, [x0]
00000001000087f0	str	x0, [x28]
00000001000087f4	add	x28, x28, #0x8
00000001000087f8	add	x17, x29, #0x0
00000001000087fc	mov	x16, #0xfe90
0000000100008800	movk	x16, #0xffff, lsl #16
0000000100008804	movk	x16, #0xffff, lsl #32
0000000100008808	movk	x16, #0xffff, lsl #48
000000010000880c	add	x17, x17, x16
0000000100008810	ldr	x0, [x17]
0000000100008814	str	x0, [x28]
0000000100008818	add	x28, x28, #0x8
000000010000881c	mov	x0, #0x3
0000000100008820	str	x0, [x28]
0000000100008824	add	x28, x28, #0x8
0000000100008828	sub	x28, x28, #0x8
000000010000882c	ldr	x1, [x28]
0000000100008830	sub	x28, x28, #0x8
0000000100008834	ldr	x0, [x28]
0000000100008838	add	x0, x0, x1
000000010000883c	sxtw	x0, w0
0000000100008840	str	x0, [x28]
0000000100008844	add	x28, x28, #0x8
0000000100008848	sub	x28, x28, #0x8
000000010000884c	ldr	x1, [x28]
0000000100008850	sub	x28, x28, #0x8
0000000100008854	ldr	x0, [x28]
0000000100008858	add	x0, x0, x1
000000010000885c	str	x0, [x28]
0000000100008860	add	x28, x28, #0x8
0000000100008864	sub	x28, x28, #0x8
0000000100008868	ldr	x10, [x28]
000000010000886c	ldrb	w0, [x10]
0000000100008870	str	x0, [x28]
0000000100008874	add	x28, x28, #0x8
0000000100008878	sub	x28, x28, #0x8
000000010000887c	ldr	x1, [x28]
0000000100008880	sub	x28, x28, #0x8
0000000100008884	ldr	x0, [x28]
0000000100008888	add	x0, x0, x1
000000010000888c	str	x0, [x28]
0000000100008890	add	x28, x28, #0x8
0000000100008894	sub	x28, x28, #0x8
0000000100008898	ldr	x0, [x28]
000000010000889c	sub	x28, x28, #0x8
00000001000088a0	ldr	x10, [x28]
00000001000088a4	str	x0, [x10]
00000001000088a8	mov	x0, x29
00000001000088ac	sub	x0, x0, #0x158
00000001000088b0	str	x0, [x28]
00000001000088b4	add	x28, x28, #0x8
00000001000088b8	add	x17, x29, #0x0
00000001000088bc	mov	x16, #0xfea8
00000001000088c0	movk	x16, #0xffff, lsl #16
00000001000088c4	movk	x16, #0xffff, lsl #32
00000001000088c8	movk	x16, #0xffff, lsl #48
00000001000088cc	add	x17, x17, x16
00000001000088d0	ldr	x0, [x17]
00000001000088d4	str	x0, [x28]
00000001000088d8	add	x28, x28, #0x8
00000001000088dc	mov	x0, #0x1
00000001000088e0	str	x0, [x28]
00000001000088e4	add	x28, x28, #0x8
00000001000088e8	sub	x28, x28, #0x8
00000001000088ec	ldr	x1, [x28]
00000001000088f0	sub	x28, x28, #0x8
00000001000088f4	ldr	x0, [x28]
00000001000088f8	add	x0, x0, x1
00000001000088fc	sxtw	x0, w0
0000000100008900	str	x0, [x28]
0000000100008904	add	x28, x28, #0x8
0000000100008908	sub	x28, x28, #0x8
000000010000890c	ldr	x0, [x28]
0000000100008910	sub	x28, x28, #0x8
0000000100008914	ldr	x10, [x28]
0000000100008918	str	x0, [x10]
000000010000891c	b	0x1000083cc
0000000100008920	add	x17, x29, #0x0
0000000100008924	mov	x16, #0xfea8
0000000100008928	movk	x16, #0xffff, lsl #16
000000010000892c	movk	x16, #0xffff, lsl #32
0000000100008930	movk	x16, #0xffff, lsl #48
0000000100008934	add	x17, x17, x16
0000000100008938	ldr	x0, [x17]
000000010000893c	str	x0, [x28]
0000000100008940	add	x28, x28, #0x8
0000000100008944	mov	x0, #0x40
0000000100008948	str	x0, [x28]
000000010000894c	add	x28, x28, #0x8
0000000100008950	sub	x28, x28, #0x8
0000000100008954	ldr	x1, [x28]
0000000100008958	sub	x28, x28, #0x8
000000010000895c	ldr	x0, [x28]
0000000100008960	cmp	x0, x1
0000000100008964	b.ge	0x100008970
0000000100008968	mov	x0, #0x1
000000010000896c	b	0x100008974
0000000100008970	mov	x0, #0x0
0000000100008974	str	x0, [x28]
0000000100008978	add	x28, x28, #0x8
000000010000897c	sub	x28, x28, #0x8
0000000100008980	ldr	x0, [x28]
0000000100008984	cmp	x0, #0x0
0000000100008988	b.eq	0x100009254
000000010000898c	mov	x0, x29
0000000100008990	sub	x0, x0, #0x70
0000000100008994	str	x0, [x28]
0000000100008998	add	x28, x28, #0x8
000000010000899c	sub	x28, x28, #0x8
00000001000089a0	ldr	x0, [x28]
00000001000089a4	ldr	x0, [x0]
00000001000089a8	str	x0, [x28]
00000001000089ac	add	x28, x28, #0x8
00000001000089b0	add	x17, x29, #0x0
00000001000089b4	mov	x16, #0xfea8
00000001000089b8	movk	x16, #0xffff, lsl #16
00000001000089bc	movk	x16, #0xffff, lsl #32
00000001000089c0	movk	x16, #0xffff, lsl #48
00000001000089c4	add	x17, x17, x16
00000001000089c8	ldr	x0, [x17]
00000001000089cc	str	x0, [x28]
00000001000089d0	add	x28, x28, #0x8
00000001000089d4	mov	x0, #0xf
00000001000089d8	str	x0, [x28]
00000001000089dc	add	x28, x28, #0x8
00000001000089e0	sub	x28, x28, #0x8
00000001000089e4	ldr	x1, [x28]
00000001000089e8	sub	x28, x28, #0x8
00000001000089ec	ldr	x0, [x28]
00000001000089f0	sub	x0, x0, x1
00000001000089f4	sxtw	x0, w0
00000001000089f8	str	x0, [x28]
00000001000089fc	add	x28, x28, #0x8
0000000100008a00	sub	x28, x28, #0x8
0000000100008a04	ldr	x1, [x28]
0000000100008a08	sub	x28, x28, #0x8
0000000100008a0c	ldr	x0, [x28]
0000000100008a10	mov	x9, #0x8
0000000100008a14	mul	x1, x1, x9
0000000100008a18	add	x0, x0, x1
0000000100008a1c	str	x0, [x28]
0000000100008a20	add	x28, x28, #0x8
0000000100008a24	sub	x28, x28, #0x8
0000000100008a28	ldr	x10, [x28]
0000000100008a2c	ldr	x0, [x10]
0000000100008a30	str	x0, [x28]
0000000100008a34	add	x28, x28, #0x8
0000000100008a38	mov	x0, #0x7
0000000100008a3c	str	x0, [x28]
0000000100008a40	add	x28, x28, #0x8
0000000100008a44	sub	x28, x28, #0x8
0000000100008a48	ldr	x1, [x28]
0000000100008a4c	sub	x28, x28, #0x8
0000000100008a50	ldr	x0, [x28]
0000000100008a54	bl	0x100006fa8
0000000100008a58	str	x0, [x28]
0000000100008a5c	add	x28, x28, #0x8
0000000100008a60	mov	x0, x29
0000000100008a64	sub	x0, x0, #0x70
0000000100008a68	str	x0, [x28]
0000000100008a6c	add	x28, x28, #0x8
0000000100008a70	sub	x28, x28, #0x8
0000000100008a74	ldr	x0, [x28]
0000000100008a78	ldr	x0, [x0]
0000000100008a7c	str	x0, [x28]
0000000100008a80	add	x28, x28, #0x8
0000000100008a84	add	x17, x29, #0x0
0000000100008a88	mov	x16, #0xfea8
0000000100008a8c	movk	x16, #0xffff, lsl #16
0000000100008a90	movk	x16, #0xffff, lsl #32
0000000100008a94	movk	x16, #0xffff, lsl #48
0000000100008a98	add	x17, x17, x16
0000000100008a9c	ldr	x0, [x17]
0000000100008aa0	str	x0, [x28]
0000000100008aa4	add	x28, x28, #0x8
0000000100008aa8	mov	x0, #0xf
0000000100008aac	str	x0, [x28]
0000000100008ab0	add	x28, x28, #0x8
0000000100008ab4	sub	x28, x28, #0x8
0000000100008ab8	ldr	x1, [x28]
0000000100008abc	sub	x28, x28, #0x8
0000000100008ac0	ldr	x0, [x28]
0000000100008ac4	sub	x0, x0, x1
0000000100008ac8	sxtw	x0, w0
0000000100008acc	str	x0, [x28]
0000000100008ad0	add	x28, x28, #0x8
0000000100008ad4	sub	x28, x28, #0x8
0000000100008ad8	ldr	x1, [x28]
0000000100008adc	sub	x28, x28, #0x8
0000000100008ae0	ldr	x0, [x28]
0000000100008ae4	mov	x9, #0x8
0000000100008ae8	mul	x1, x1, x9
0000000100008aec	add	x0, x0, x1
0000000100008af0	str	x0, [x28]
0000000100008af4	add	x28, x28, #0x8
0000000100008af8	sub	x28, x28, #0x8
0000000100008afc	ldr	x10, [x28]
0000000100008b00	ldr	x0, [x10]
0000000100008b04	str	x0, [x28]
0000000100008b08	add	x28, x28, #0x8
0000000100008b0c	mov	x0, #0x12
0000000100008b10	str	x0, [x28]
0000000100008b14	add	x28, x28, #0x8
0000000100008b18	sub	x28, x28, #0x8
0000000100008b1c	ldr	x1, [x28]
0000000100008b20	sub	x28, x28, #0x8
0000000100008b24	ldr	x0, [x28]
0000000100008b28	bl	0x100006fa8
0000000100008b2c	str	x0, [x28]
0000000100008b30	add	x28, x28, #0x8
0000000100008b34	sub	x28, x28, #0x8
0000000100008b38	ldr	x1, [x28]
0000000100008b3c	sub	x28, x28, #0x8
0000000100008b40	ldr	x0, [x28]
0000000100008b44	eor	x0, x0, x1
0000000100008b48	str	x0, [x28]
0000000100008b4c	add	x28, x28, #0x8
0000000100008b50	mov	x0, x29
0000000100008b54	sub	x0, x0, #0x70
0000000100008b58	str	x0, [x28]
0000000100008b5c	add	x28, x28, #0x8
0000000100008b60	sub	x28, x28, #0x8
0000000100008b64	ldr	x0, [x28]
0000000100008b68	ldr	x0, [x0]
0000000100008b6c	str	x0, [x28]
0000000100008b70	add	x28, x28, #0x8
0000000100008b74	add	x17, x29, #0x0
0000000100008b78	mov	x16, #0xfea8
0000000100008b7c	movk	x16, #0xffff, lsl #16
0000000100008b80	movk	x16, #0xffff, lsl #32
0000000100008b84	movk	x16, #0xffff, lsl #48
0000000100008b88	add	x17, x17, x16
0000000100008b8c	ldr	x0, [x17]
0000000100008b90	str	x0, [x28]
0000000100008b94	add	x28, x28, #0x8
0000000100008b98	mov	x0, #0xf
0000000100008b9c	str	x0, [x28]
0000000100008ba0	add	x28, x28, #0x8
0000000100008ba4	sub	x28, x28, #0x8
0000000100008ba8	ldr	x1, [x28]
0000000100008bac	sub	x28, x28, #0x8
0000000100008bb0	ldr	x0, [x28]
0000000100008bb4	sub	x0, x0, x1
0000000100008bb8	sxtw	x0, w0
0000000100008bbc	str	x0, [x28]
0000000100008bc0	add	x28, x28, #0x8
0000000100008bc4	sub	x28, x28, #0x8
0000000100008bc8	ldr	x1, [x28]
0000000100008bcc	sub	x28, x28, #0x8
0000000100008bd0	ldr	x0, [x28]
0000000100008bd4	mov	x9, #0x8
0000000100008bd8	mul	x1, x1, x9
0000000100008bdc	add	x0, x0, x1
0000000100008be0	str	x0, [x28]
0000000100008be4	add	x28, x28, #0x8
0000000100008be8	sub	x28, x28, #0x8
0000000100008bec	ldr	x10, [x28]
0000000100008bf0	ldr	x0, [x10]
0000000100008bf4	str	x0, [x28]
0000000100008bf8	add	x28, x28, #0x8
0000000100008bfc	mov	x0, #0x3
0000000100008c00	str	x0, [x28]
0000000100008c04	add	x28, x28, #0x8
0000000100008c08	sub	x28, x28, #0x8
0000000100008c0c	ldr	x1, [x28]
0000000100008c10	sub	x28, x28, #0x8
0000000100008c14	ldr	x0, [x28]
0000000100008c18	asr	x0, x0, x1
0000000100008c1c	str	x0, [x28]
0000000100008c20	add	x28, x28, #0x8
0000000100008c24	sub	x28, x28, #0x8
0000000100008c28	ldr	x1, [x28]
0000000100008c2c	sub	x28, x28, #0x8
0000000100008c30	ldr	x0, [x28]
0000000100008c34	eor	x0, x0, x1
0000000100008c38	str	x0, [x28]
0000000100008c3c	add	x28, x28, #0x8
0000000100008c40	sub	x28, x28, #0x8
0000000100008c44	ldr	x0, [x28]
0000000100008c48	add	x17, x29, #0x0
0000000100008c4c	mov	x16, #0xfe88
0000000100008c50	movk	x16, #0xffff, lsl #16
0000000100008c54	movk	x16, #0xffff, lsl #32
0000000100008c58	movk	x16, #0xffff, lsl #48
0000000100008c5c	add	x17, x17, x16
0000000100008c60	str	x0, [x17]
0000000100008c64	mov	x0, x29
0000000100008c68	sub	x0, x0, #0x70
0000000100008c6c	str	x0, [x28]
0000000100008c70	add	x28, x28, #0x8
0000000100008c74	sub	x28, x28, #0x8
0000000100008c78	ldr	x0, [x28]
0000000100008c7c	ldr	x0, [x0]
0000000100008c80	str	x0, [x28]
0000000100008c84	add	x28, x28, #0x8
0000000100008c88	add	x17, x29, #0x0
0000000100008c8c	mov	x16, #0xfea8
0000000100008c90	movk	x16, #0xffff, lsl #16
0000000100008c94	movk	x16, #0xffff, lsl #32
0000000100008c98	movk	x16, #0xffff, lsl #48
0000000100008c9c	add	x17, x17, x16
0000000100008ca0	ldr	x0, [x17]
0000000100008ca4	str	x0, [x28]
0000000100008ca8	add	x28, x28, #0x8
0000000100008cac	mov	x0, #0x2
0000000100008cb0	str	x0, [x28]
0000000100008cb4	add	x28, x28, #0x8
0000000100008cb8	sub	x28, x28, #0x8
0000000100008cbc	ldr	x1, [x28]
0000000100008cc0	sub	x28, x28, #0x8
0000000100008cc4	ldr	x0, [x28]
0000000100008cc8	sub	x0, x0, x1
0000000100008ccc	sxtw	x0, w0
0000000100008cd0	str	x0, [x28]
0000000100008cd4	add	x28, x28, #0x8
0000000100008cd8	sub	x28, x28, #0x8
0000000100008cdc	ldr	x1, [x28]
0000000100008ce0	sub	x28, x28, #0x8
0000000100008ce4	ldr	x0, [x28]
0000000100008ce8	mov	x9, #0x8
0000000100008cec	mul	x1, x1, x9
0000000100008cf0	add	x0, x0, x1
0000000100008cf4	str	x0, [x28]
0000000100008cf8	add	x28, x28, #0x8
0000000100008cfc	sub	x28, x28, #0x8
0000000100008d00	ldr	x10, [x28]
0000000100008d04	ldr	x0, [x10]
0000000100008d08	str	x0, [x28]
0000000100008d0c	add	x28, x28, #0x8
0000000100008d10	mov	x0, #0x11
0000000100008d14	str	x0, [x28]
0000000100008d18	add	x28, x28, #0x8
0000000100008d1c	sub	x28, x28, #0x8
0000000100008d20	ldr	x1, [x28]
0000000100008d24	sub	x28, x28, #0x8
0000000100008d28	ldr	x0, [x28]
0000000100008d2c	bl	0x100006fa8
0000000100008d30	str	x0, [x28]
0000000100008d34	add	x28, x28, #0x8
0000000100008d38	mov	x0, x29
0000000100008d3c	sub	x0, x0, #0x70
0000000100008d40	str	x0, [x28]
0000000100008d44	add	x28, x28, #0x8
0000000100008d48	sub	x28, x28, #0x8
0000000100008d4c	ldr	x0, [x28]
0000000100008d50	ldr	x0, [x0]
0000000100008d54	str	x0, [x28]
0000000100008d58	add	x28, x28, #0x8
0000000100008d5c	add	x17, x29, #0x0
0000000100008d60	mov	x16, #0xfea8
0000000100008d64	movk	x16, #0xffff, lsl #16
0000000100008d68	movk	x16, #0xffff, lsl #32
0000000100008d6c	movk	x16, #0xffff, lsl #48
0000000100008d70	add	x17, x17, x16
0000000100008d74	ldr	x0, [x17]
0000000100008d78	str	x0, [x28]
0000000100008d7c	add	x28, x28, #0x8
0000000100008d80	mov	x0, #0x2
0000000100008d84	str	x0, [x28]
0000000100008d88	add	x28, x28, #0x8
0000000100008d8c	sub	x28, x28, #0x8
0000000100008d90	ldr	x1, [x28]
0000000100008d94	sub	x28, x28, #0x8
0000000100008d98	ldr	x0, [x28]
0000000100008d9c	sub	x0, x0, x1
0000000100008da0	sxtw	x0, w0
0000000100008da4	str	x0, [x28]
0000000100008da8	add	x28, x28, #0x8
0000000100008dac	sub	x28, x28, #0x8
0000000100008db0	ldr	x1, [x28]
0000000100008db4	sub	x28, x28, #0x8
0000000100008db8	ldr	x0, [x28]
0000000100008dbc	mov	x9, #0x8
0000000100008dc0	mul	x1, x1, x9
0000000100008dc4	add	x0, x0, x1
0000000100008dc8	str	x0, [x28]
0000000100008dcc	add	x28, x28, #0x8
0000000100008dd0	sub	x28, x28, #0x8
0000000100008dd4	ldr	x10, [x28]
0000000100008dd8	ldr	x0, [x10]
0000000100008ddc	str	x0, [x28]
0000000100008de0	add	x28, x28, #0x8
0000000100008de4	mov	x0, #0x13
0000000100008de8	str	x0, [x28]
0000000100008dec	add	x28, x28, #0x8
0000000100008df0	sub	x28, x28, #0x8
0000000100008df4	ldr	x1, [x28]
0000000100008df8	sub	x28, x28, #0x8
0000000100008dfc	ldr	x0, [x28]
0000000100008e00	bl	0x100006fa8
0000000100008e04	str	x0, [x28]
0000000100008e08	add	x28, x28, #0x8
0000000100008e0c	sub	x28, x28, #0x8
0000000100008e10	ldr	x1, [x28]
0000000100008e14	sub	x28, x28, #0x8
0000000100008e18	ldr	x0, [x28]
0000000100008e1c	eor	x0, x0, x1
0000000100008e20	str	x0, [x28]
0000000100008e24	add	x28, x28, #0x8
0000000100008e28	mov	x0, x29
0000000100008e2c	sub	x0, x0, #0x70
0000000100008e30	str	x0, [x28]
0000000100008e34	add	x28, x28, #0x8
0000000100008e38	sub	x28, x28, #0x8
0000000100008e3c	ldr	x0, [x28]
0000000100008e40	ldr	x0, [x0]
0000000100008e44	str	x0, [x28]
0000000100008e48	add	x28, x28, #0x8
0000000100008e4c	add	x17, x29, #0x0
0000000100008e50	mov	x16, #0xfea8
0000000100008e54	movk	x16, #0xffff, lsl #16
0000000100008e58	movk	x16, #0xffff, lsl #32
0000000100008e5c	movk	x16, #0xffff, lsl #48
0000000100008e60	add	x17, x17, x16
0000000100008e64	ldr	x0, [x17]
0000000100008e68	str	x0, [x28]
0000000100008e6c	add	x28, x28, #0x8
0000000100008e70	mov	x0, #0x2
0000000100008e74	str	x0, [x28]
0000000100008e78	add	x28, x28, #0x8
0000000100008e7c	sub	x28, x28, #0x8
0000000100008e80	ldr	x1, [x28]
0000000100008e84	sub	x28, x28, #0x8
0000000100008e88	ldr	x0, [x28]
0000000100008e8c	sub	x0, x0, x1
0000000100008e90	sxtw	x0, w0
0000000100008e94	str	x0, [x28]
0000000100008e98	add	x28, x28, #0x8
0000000100008e9c	sub	x28, x28, #0x8
0000000100008ea0	ldr	x1, [x28]
0000000100008ea4	sub	x28, x28, #0x8
0000000100008ea8	ldr	x0, [x28]
0000000100008eac	mov	x9, #0x8
0000000100008eb0	mul	x1, x1, x9
0000000100008eb4	add	x0, x0, x1
0000000100008eb8	str	x0, [x28]
0000000100008ebc	add	x28, x28, #0x8
0000000100008ec0	sub	x28, x28, #0x8
0000000100008ec4	ldr	x10, [x28]
0000000100008ec8	ldr	x0, [x10]
0000000100008ecc	str	x0, [x28]
0000000100008ed0	add	x28, x28, #0x8
0000000100008ed4	mov	x0, #0xa
0000000100008ed8	str	x0, [x28]
0000000100008edc	add	x28, x28, #0x8
0000000100008ee0	sub	x28, x28, #0x8
0000000100008ee4	ldr	x1, [x28]
0000000100008ee8	sub	x28, x28, #0x8
0000000100008eec	ldr	x0, [x28]
0000000100008ef0	asr	x0, x0, x1
0000000100008ef4	str	x0, [x28]
0000000100008ef8	add	x28, x28, #0x8
0000000100008efc	sub	x28, x28, #0x8
0000000100008f00	ldr	x1, [x28]
0000000100008f04	sub	x28, x28, #0x8
0000000100008f08	ldr	x0, [x28]
0000000100008f0c	eor	x0, x0, x1
0000000100008f10	str	x0, [x28]
0000000100008f14	add	x28, x28, #0x8
0000000100008f18	sub	x28, x28, #0x8
0000000100008f1c	ldr	x0, [x28]
0000000100008f20	add	x17, x29, #0x0
0000000100008f24	mov	x16, #0xfe80
0000000100008f28	movk	x16, #0xffff, lsl #16
0000000100008f2c	movk	x16, #0xffff, lsl #32
0000000100008f30	movk	x16, #0xffff, lsl #48
0000000100008f34	add	x17, x17, x16
0000000100008f38	str	x0, [x17]
0000000100008f3c	mov	x0, x29
0000000100008f40	sub	x0, x0, #0x70
0000000100008f44	str	x0, [x28]
0000000100008f48	add	x28, x28, #0x8
0000000100008f4c	sub	x28, x28, #0x8
0000000100008f50	ldr	x0, [x28]
0000000100008f54	ldr	x0, [x0]
0000000100008f58	str	x0, [x28]
0000000100008f5c	add	x28, x28, #0x8
0000000100008f60	add	x17, x29, #0x0
0000000100008f64	mov	x16, #0xfea8
0000000100008f68	movk	x16, #0xffff, lsl #16
0000000100008f6c	movk	x16, #0xffff, lsl #32
0000000100008f70	movk	x16, #0xffff, lsl #48
0000000100008f74	add	x17, x17, x16
0000000100008f78	ldr	x0, [x17]
0000000100008f7c	str	x0, [x28]
0000000100008f80	add	x28, x28, #0x8
0000000100008f84	sub	x28, x28, #0x8
0000000100008f88	ldr	x1, [x28]
0000000100008f8c	sub	x28, x28, #0x8
0000000100008f90	ldr	x0, [x28]
0000000100008f94	mov	x9, #0x8
0000000100008f98	mul	x1, x1, x9
0000000100008f9c	add	x0, x0, x1
0000000100008fa0	str	x0, [x28]
0000000100008fa4	add	x28, x28, #0x8
0000000100008fa8	mov	x0, x29
0000000100008fac	sub	x0, x0, #0x70
0000000100008fb0	str	x0, [x28]
0000000100008fb4	add	x28, x28, #0x8
0000000100008fb8	sub	x28, x28, #0x8
0000000100008fbc	ldr	x0, [x28]
0000000100008fc0	ldr	x0, [x0]
0000000100008fc4	str	x0, [x28]
0000000100008fc8	add	x28, x28, #0x8
0000000100008fcc	add	x17, x29, #0x0
0000000100008fd0	mov	x16, #0xfea8
0000000100008fd4	movk	x16, #0xffff, lsl #16
0000000100008fd8	movk	x16, #0xffff, lsl #32
0000000100008fdc	movk	x16, #0xffff, lsl #48
0000000100008fe0	add	x17, x17, x16
0000000100008fe4	ldr	x0, [x17]
0000000100008fe8	str	x0, [x28]
0000000100008fec	add	x28, x28, #0x8
0000000100008ff0	mov	x0, #0x10
0000000100008ff4	str	x0, [x28]
0000000100008ff8	add	x28, x28, #0x8
0000000100008ffc	sub	x28, x28, #0x8
0000000100009000	ldr	x1, [x28]
0000000100009004	sub	x28, x28, #0x8
0000000100009008	ldr	x0, [x28]
000000010000900c	sub	x0, x0, x1
0000000100009010	sxtw	x0, w0
0000000100009014	str	x0, [x28]
0000000100009018	add	x28, x28, #0x8
000000010000901c	sub	x28, x28, #0x8
0000000100009020	ldr	x1, [x28]
0000000100009024	sub	x28, x28, #0x8
0000000100009028	ldr	x0, [x28]
000000010000902c	mov	x9, #0x8
0000000100009030	mul	x1, x1, x9
0000000100009034	add	x0, x0, x1
0000000100009038	str	x0, [x28]
000000010000903c	add	x28, x28, #0x8
0000000100009040	sub	x28, x28, #0x8
0000000100009044	ldr	x10, [x28]
0000000100009048	ldr	x0, [x10]
000000010000904c	str	x0, [x28]
0000000100009050	add	x28, x28, #0x8
0000000100009054	add	x17, x29, #0x0
0000000100009058	mov	x16, #0xfe88
000000010000905c	movk	x16, #0xffff, lsl #16
0000000100009060	movk	x16, #0xffff, lsl #32
0000000100009064	movk	x16, #0xffff, lsl #48
0000000100009068	add	x17, x17, x16
000000010000906c	ldr	x0, [x17]
0000000100009070	str	x0, [x28]
0000000100009074	add	x28, x28, #0x8
0000000100009078	sub	x28, x28, #0x8
000000010000907c	ldr	x1, [x28]
0000000100009080	sub	x28, x28, #0x8
0000000100009084	ldr	x0, [x28]
0000000100009088	add	x0, x0, x1
000000010000908c	str	x0, [x28]
0000000100009090	add	x28, x28, #0x8
0000000100009094	mov	x0, x29
0000000100009098	sub	x0, x0, #0x70
000000010000909c	str	x0, [x28]
00000001000090a0	add	x28, x28, #0x8
00000001000090a4	sub	x28, x28, #0x8
00000001000090a8	ldr	x0, [x28]
00000001000090ac	ldr	x0, [x0]
00000001000090b0	str	x0, [x28]
00000001000090b4	add	x28, x28, #0x8
00000001000090b8	add	x17, x29, #0x0
00000001000090bc	mov	x16, #0xfea8
00000001000090c0	movk	x16, #0xffff, lsl #16
00000001000090c4	movk	x16, #0xffff, lsl #32
00000001000090c8	movk	x16, #0xffff, lsl #48
00000001000090cc	add	x17, x17, x16
00000001000090d0	ldr	x0, [x17]
00000001000090d4	str	x0, [x28]
00000001000090d8	add	x28, x28, #0x8
00000001000090dc	mov	x0, #0x7
00000001000090e0	str	x0, [x28]
00000001000090e4	add	x28, x28, #0x8
00000001000090e8	sub	x28, x28, #0x8
00000001000090ec	ldr	x1, [x28]
00000001000090f0	sub	x28, x28, #0x8
00000001000090f4	ldr	x0, [x28]
00000001000090f8	sub	x0, x0, x1
00000001000090fc	sxtw	x0, w0
0000000100009100	str	x0, [x28]
0000000100009104	add	x28, x28, #0x8
0000000100009108	sub	x28, x28, #0x8
000000010000910c	ldr	x1, [x28]
0000000100009110	sub	x28, x28, #0x8
0000000100009114	ldr	x0, [x28]
0000000100009118	mov	x9, #0x8
000000010000911c	mul	x1, x1, x9
0000000100009120	add	x0, x0, x1
0000000100009124	str	x0, [x28]
0000000100009128	add	x28, x28, #0x8
000000010000912c	sub	x28, x28, #0x8
0000000100009130	ldr	x10, [x28]
0000000100009134	ldr	x0, [x10]
0000000100009138	str	x0, [x28]
000000010000913c	add	x28, x28, #0x8
0000000100009140	sub	x28, x28, #0x8
0000000100009144	ldr	x1, [x28]
0000000100009148	sub	x28, x28, #0x8
000000010000914c	ldr	x0, [x28]
0000000100009150	add	x0, x0, x1
0000000100009154	str	x0, [x28]
0000000100009158	add	x28, x28, #0x8
000000010000915c	add	x17, x29, #0x0
0000000100009160	mov	x16, #0xfe80
0000000100009164	movk	x16, #0xffff, lsl #16
0000000100009168	movk	x16, #0xffff, lsl #32
000000010000916c	movk	x16, #0xffff, lsl #48
0000000100009170	add	x17, x17, x16
0000000100009174	ldr	x0, [x17]
0000000100009178	str	x0, [x28]
000000010000917c	add	x28, x28, #0x8
0000000100009180	sub	x28, x28, #0x8
0000000100009184	ldr	x1, [x28]
0000000100009188	sub	x28, x28, #0x8
000000010000918c	ldr	x0, [x28]
0000000100009190	add	x0, x0, x1
0000000100009194	str	x0, [x28]
0000000100009198	add	x28, x28, #0x8
000000010000919c	mov	x0, #0xffff
00000001000091a0	movk	x0, #0xffff, lsl #16
00000001000091a4	str	x0, [x28]
00000001000091a8	add	x28, x28, #0x8
00000001000091ac	sub	x28, x28, #0x8
00000001000091b0	ldr	x1, [x28]
00000001000091b4	sub	x28, x28, #0x8
00000001000091b8	ldr	x0, [x28]
00000001000091bc	and	x0, x0, x1
00000001000091c0	str	x0, [x28]
00000001000091c4	add	x28, x28, #0x8
00000001000091c8	sub	x28, x28, #0x8
00000001000091cc	ldr	x0, [x28]
00000001000091d0	sub	x28, x28, #0x8
00000001000091d4	ldr	x10, [x28]
00000001000091d8	str	x0, [x10]
00000001000091dc	mov	x0, x29
00000001000091e0	sub	x0, x0, #0x158
00000001000091e4	str	x0, [x28]
00000001000091e8	add	x28, x28, #0x8
00000001000091ec	add	x17, x29, #0x0
00000001000091f0	mov	x16, #0xfea8
00000001000091f4	movk	x16, #0xffff, lsl #16
00000001000091f8	movk	x16, #0xffff, lsl #32
00000001000091fc	movk	x16, #0xffff, lsl #48
0000000100009200	add	x17, x17, x16
0000000100009204	ldr	x0, [x17]
0000000100009208	str	x0, [x28]
000000010000920c	add	x28, x28, #0x8
0000000100009210	mov	x0, #0x1
0000000100009214	str	x0, [x28]
0000000100009218	add	x28, x28, #0x8
000000010000921c	sub	x28, x28, #0x8
0000000100009220	ldr	x1, [x28]
0000000100009224	sub	x28, x28, #0x8
0000000100009228	ldr	x0, [x28]
000000010000922c	add	x0, x0, x1
0000000100009230	sxtw	x0, w0
0000000100009234	str	x0, [x28]
0000000100009238	add	x28, x28, #0x8
000000010000923c	sub	x28, x28, #0x8
0000000100009240	ldr	x0, [x28]
0000000100009244	sub	x28, x28, #0x8
0000000100009248	ldr	x10, [x28]
000000010000924c	str	x0, [x10]
0000000100009250	b	0x100008920
0000000100009254	mov	x0, x29
0000000100009258	sub	x0, x0, #0x90
000000010000925c	str	x0, [x28]
0000000100009260	add	x28, x28, #0x8
0000000100009264	sub	x28, x28, #0x8
0000000100009268	ldr	x0, [x28]
000000010000926c	ldr	x0, [x0]
0000000100009270	str	x0, [x28]
0000000100009274	add	x28, x28, #0x8
0000000100009278	mov	x0, #0x0
000000010000927c	str	x0, [x28]
0000000100009280	add	x28, x28, #0x8
0000000100009284	sub	x28, x28, #0x8
0000000100009288	ldr	x1, [x28]
000000010000928c	sub	x28, x28, #0x8
0000000100009290	ldr	x0, [x28]
0000000100009294	mov	x9, #0x8
0000000100009298	mul	x1, x1, x9
000000010000929c	add	x0, x0, x1
00000001000092a0	str	x0, [x28]
00000001000092a4	add	x28, x28, #0x8
00000001000092a8	sub	x28, x28, #0x8
00000001000092ac	ldr	x10, [x28]
00000001000092b0	ldr	x0, [x10]
00000001000092b4	str	x0, [x28]
00000001000092b8	add	x28, x28, #0x8
00000001000092bc	sub	x28, x28, #0x8
00000001000092c0	ldr	x0, [x28]
00000001000092c4	add	x17, x29, #0x0
00000001000092c8	mov	x16, #0xfe78
00000001000092cc	movk	x16, #0xffff, lsl #16
00000001000092d0	movk	x16, #0xffff, lsl #32
00000001000092d4	movk	x16, #0xffff, lsl #48
00000001000092d8	add	x17, x17, x16
00000001000092dc	str	x0, [x17]
00000001000092e0	mov	x0, x29
00000001000092e4	sub	x0, x0, #0x90
00000001000092e8	str	x0, [x28]
00000001000092ec	add	x28, x28, #0x8
00000001000092f0	sub	x28, x28, #0x8
00000001000092f4	ldr	x0, [x28]
00000001000092f8	ldr	x0, [x0]
00000001000092fc	str	x0, [x28]
0000000100009300	add	x28, x28, #0x8
0000000100009304	mov	x0, #0x1
0000000100009308	str	x0, [x28]
000000010000930c	add	x28, x28, #0x8
0000000100009310	sub	x28, x28, #0x8
0000000100009314	ldr	x1, [x28]
0000000100009318	sub	x28, x28, #0x8
000000010000931c	ldr	x0, [x28]
0000000100009320	mov	x9, #0x8
0000000100009324	mul	x1, x1, x9
0000000100009328	add	x0, x0, x1
000000010000932c	str	x0, [x28]
0000000100009330	add	x28, x28, #0x8
0000000100009334	sub	x28, x28, #0x8
0000000100009338	ldr	x10, [x28]
000000010000933c	ldr	x0, [x10]
0000000100009340	str	x0, [x28]
0000000100009344	add	x28, x28, #0x8
0000000100009348	sub	x28, x28, #0x8
000000010000934c	ldr	x0, [x28]
0000000100009350	add	x17, x29, #0x0
0000000100009354	mov	x16, #0xfe70
0000000100009358	movk	x16, #0xffff, lsl #16
000000010000935c	movk	x16, #0xffff, lsl #32
0000000100009360	movk	x16, #0xffff, lsl #48
0000000100009364	add	x17, x17, x16
0000000100009368	str	x0, [x17]
000000010000936c	mov	x0, x29
0000000100009370	sub	x0, x0, #0x90
0000000100009374	str	x0, [x28]
0000000100009378	add	x28, x28, #0x8
000000010000937c	sub	x28, x28, #0x8
0000000100009380	ldr	x0, [x28]
0000000100009384	ldr	x0, [x0]
0000000100009388	str	x0, [x28]
000000010000938c	add	x28, x28, #0x8
0000000100009390	mov	x0, #0x2
0000000100009394	str	x0, [x28]
0000000100009398	add	x28, x28, #0x8
000000010000939c	sub	x28, x28, #0x8
00000001000093a0	ldr	x1, [x28]
00000001000093a4	sub	x28, x28, #0x8
00000001000093a8	ldr	x0, [x28]
00000001000093ac	mov	x9, #0x8
00000001000093b0	mul	x1, x1, x9
00000001000093b4	add	x0, x0, x1
00000001000093b8	str	x0, [x28]
00000001000093bc	add	x28, x28, #0x8
00000001000093c0	sub	x28, x28, #0x8
00000001000093c4	ldr	x10, [x28]
00000001000093c8	ldr	x0, [x10]
00000001000093cc	str	x0, [x28]
00000001000093d0	add	x28, x28, #0x8
00000001000093d4	sub	x28, x28, #0x8
00000001000093d8	ldr	x0, [x28]
00000001000093dc	add	x17, x29, #0x0
00000001000093e0	mov	x16, #0xfe68
00000001000093e4	movk	x16, #0xffff, lsl #16
00000001000093e8	movk	x16, #0xffff, lsl #32
00000001000093ec	movk	x16, #0xffff, lsl #48
00000001000093f0	add	x17, x17, x16
00000001000093f4	str	x0, [x17]
00000001000093f8	mov	x0, x29
00000001000093fc	sub	x0, x0, #0x90
0000000100009400	str	x0, [x28]
0000000100009404	add	x28, x28, #0x8
0000000100009408	sub	x28, x28, #0x8
000000010000940c	ldr	x0, [x28]
0000000100009410	ldr	x0, [x0]
0000000100009414	str	x0, [x28]
0000000100009418	add	x28, x28, #0x8
000000010000941c	mov	x0, #0x3
0000000100009420	str	x0, [x28]
0000000100009424	add	x28, x28, #0x8
0000000100009428	sub	x28, x28, #0x8
000000010000942c	ldr	x1, [x28]
0000000100009430	sub	x28, x28, #0x8
0000000100009434	ldr	x0, [x28]
0000000100009438	mov	x9, #0x8
000000010000943c	mul	x1, x1, x9
0000000100009440	add	x0, x0, x1
0000000100009444	str	x0, [x28]
0000000100009448	add	x28, x28, #0x8
000000010000944c	sub	x28, x28, #0x8
0000000100009450	ldr	x10, [x28]
0000000100009454	ldr	x0, [x10]
0000000100009458	str	x0, [x28]
000000010000945c	add	x28, x28, #0x8
0000000100009460	sub	x28, x28, #0x8
0000000100009464	ldr	x0, [x28]
0000000100009468	add	x17, x29, #0x0
000000010000946c	mov	x16, #0xfe60
0000000100009470	movk	x16, #0xffff, lsl #16
0000000100009474	movk	x16, #0xffff, lsl #32
0000000100009478	movk	x16, #0xffff, lsl #48
000000010000947c	add	x17, x17, x16
0000000100009480	str	x0, [x17]
0000000100009484	mov	x0, x29
0000000100009488	sub	x0, x0, #0x90
000000010000948c	str	x0, [x28]
0000000100009490	add	x28, x28, #0x8
0000000100009494	sub	x28, x28, #0x8
0000000100009498	ldr	x0, [x28]
000000010000949c	ldr	x0, [x0]
00000001000094a0	str	x0, [x28]
00000001000094a4	add	x28, x28, #0x8
00000001000094a8	mov	x0, #0x4
00000001000094ac	str	x0, [x28]
00000001000094b0	add	x28, x28, #0x8
00000001000094b4	sub	x28, x28, #0x8
00000001000094b8	ldr	x1, [x28]
00000001000094bc	sub	x28, x28, #0x8
00000001000094c0	ldr	x0, [x28]
00000001000094c4	mov	x9, #0x8
00000001000094c8	mul	x1, x1, x9
00000001000094cc	add	x0, x0, x1
00000001000094d0	str	x0, [x28]
00000001000094d4	add	x28, x28, #0x8
00000001000094d8	sub	x28, x28, #0x8
00000001000094dc	ldr	x10, [x28]
00000001000094e0	ldr	x0, [x10]
00000001000094e4	str	x0, [x28]
00000001000094e8	add	x28, x28, #0x8
00000001000094ec	sub	x28, x28, #0x8
00000001000094f0	ldr	x0, [x28]
00000001000094f4	add	x17, x29, #0x0
00000001000094f8	mov	x16, #0xfe58
00000001000094fc	movk	x16, #0xffff, lsl #16
0000000100009500	movk	x16, #0xffff, lsl #32
0000000100009504	movk	x16, #0xffff, lsl #48
0000000100009508	add	x17, x17, x16
000000010000950c	str	x0, [x17]
0000000100009510	mov	x0, x29
0000000100009514	sub	x0, x0, #0x90
0000000100009518	str	x0, [x28]
000000010000951c	add	x28, x28, #0x8
0000000100009520	sub	x28, x28, #0x8
0000000100009524	ldr	x0, [x28]
0000000100009528	ldr	x0, [x0]
000000010000952c	str	x0, [x28]
0000000100009530	add	x28, x28, #0x8
0000000100009534	mov	x0, #0x5
0000000100009538	str	x0, [x28]
000000010000953c	add	x28, x28, #0x8
0000000100009540	sub	x28, x28, #0x8
0000000100009544	ldr	x1, [x28]
0000000100009548	sub	x28, x28, #0x8
000000010000954c	ldr	x0, [x28]
0000000100009550	mov	x9, #0x8
0000000100009554	mul	x1, x1, x9
0000000100009558	add	x0, x0, x1
000000010000955c	str	x0, [x28]
0000000100009560	add	x28, x28, #0x8
0000000100009564	sub	x28, x28, #0x8
0000000100009568	ldr	x10, [x28]
000000010000956c	ldr	x0, [x10]
0000000100009570	str	x0, [x28]
0000000100009574	add	x28, x28, #0x8
0000000100009578	sub	x28, x28, #0x8
000000010000957c	ldr	x0, [x28]
0000000100009580	add	x17, x29, #0x0
0000000100009584	mov	x16, #0xfe50
0000000100009588	movk	x16, #0xffff, lsl #16
000000010000958c	movk	x16, #0xffff, lsl #32
0000000100009590	movk	x16, #0xffff, lsl #48
0000000100009594	add	x17, x17, x16
0000000100009598	str	x0, [x17]
000000010000959c	mov	x0, x29
00000001000095a0	sub	x0, x0, #0x90
00000001000095a4	str	x0, [x28]
00000001000095a8	add	x28, x28, #0x8
00000001000095ac	sub	x28, x28, #0x8
00000001000095b0	ldr	x0, [x28]
00000001000095b4	ldr	x0, [x0]
00000001000095b8	str	x0, [x28]
00000001000095bc	add	x28, x28, #0x8
00000001000095c0	mov	x0, #0x6
00000001000095c4	str	x0, [x28]
00000001000095c8	add	x28, x28, #0x8
00000001000095cc	sub	x28, x28, #0x8
00000001000095d0	ldr	x1, [x28]
00000001000095d4	sub	x28, x28, #0x8
00000001000095d8	ldr	x0, [x28]
00000001000095dc	mov	x9, #0x8
00000001000095e0	mul	x1, x1, x9
00000001000095e4	add	x0, x0, x1
00000001000095e8	str	x0, [x28]
00000001000095ec	add	x28, x28, #0x8
00000001000095f0	sub	x28, x28, #0x8
00000001000095f4	ldr	x10, [x28]
00000001000095f8	ldr	x0, [x10]
00000001000095fc	str	x0, [x28]
0000000100009600	add	x28, x28, #0x8
0000000100009604	sub	x28, x28, #0x8
0000000100009608	ldr	x0, [x28]
000000010000960c	add	x17, x29, #0x0
0000000100009610	mov	x16, #0xfe48
0000000100009614	movk	x16, #0xffff, lsl #16
0000000100009618	movk	x16, #0xffff, lsl #32
000000010000961c	movk	x16, #0xffff, lsl #48
0000000100009620	add	x17, x17, x16
0000000100009624	str	x0, [x17]
0000000100009628	mov	x0, x29
000000010000962c	sub	x0, x0, #0x90
0000000100009630	str	x0, [x28]
0000000100009634	add	x28, x28, #0x8
0000000100009638	sub	x28, x28, #0x8
000000010000963c	ldr	x0, [x28]
0000000100009640	ldr	x0, [x0]
0000000100009644	str	x0, [x28]
0000000100009648	add	x28, x28, #0x8
000000010000964c	mov	x0, #0x7
0000000100009650	str	x0, [x28]
0000000100009654	add	x28, x28, #0x8
0000000100009658	sub	x28, x28, #0x8
000000010000965c	ldr	x1, [x28]
0000000100009660	sub	x28, x28, #0x8
0000000100009664	ldr	x0, [x28]
0000000100009668	mov	x9, #0x8
000000010000966c	mul	x1, x1, x9
0000000100009670	add	x0, x0, x1
0000000100009674	str	x0, [x28]
0000000100009678	add	x28, x28, #0x8
000000010000967c	sub	x28, x28, #0x8
0000000100009680	ldr	x10, [x28]
0000000100009684	ldr	x0, [x10]
0000000100009688	str	x0, [x28]
000000010000968c	add	x28, x28, #0x8
0000000100009690	sub	x28, x28, #0x8
0000000100009694	ldr	x0, [x28]
0000000100009698	add	x17, x29, #0x0
000000010000969c	mov	x16, #0xfe40
00000001000096a0	movk	x16, #0xffff, lsl #16
00000001000096a4	movk	x16, #0xffff, lsl #32
00000001000096a8	movk	x16, #0xffff, lsl #48
00000001000096ac	add	x17, x17, x16
00000001000096b0	str	x0, [x17]
00000001000096b4	mov	x0, x29
00000001000096b8	sub	x0, x0, #0x158
00000001000096bc	str	x0, [x28]
00000001000096c0	add	x28, x28, #0x8
00000001000096c4	mov	x0, #0x0
00000001000096c8	str	x0, [x28]
00000001000096cc	add	x28, x28, #0x8
00000001000096d0	sub	x28, x28, #0x8
00000001000096d4	ldr	x0, [x28]
00000001000096d8	sub	x28, x28, #0x8
00000001000096dc	ldr	x10, [x28]
00000001000096e0	str	x0, [x10]
00000001000096e4	add	x17, x29, #0x0
00000001000096e8	mov	x16, #0xfea8
00000001000096ec	movk	x16, #0xffff, lsl #16
00000001000096f0	movk	x16, #0xffff, lsl #32
00000001000096f4	movk	x16, #0xffff, lsl #48
00000001000096f8	add	x17, x17, x16
00000001000096fc	ldr	x0, [x17]
0000000100009700	str	x0, [x28]
0000000100009704	add	x28, x28, #0x8
0000000100009708	mov	x0, #0x40
000000010000970c	str	x0, [x28]
0000000100009710	add	x28, x28, #0x8
0000000100009714	sub	x28, x28, #0x8
0000000100009718	ldr	x1, [x28]
000000010000971c	sub	x28, x28, #0x8
0000000100009720	ldr	x0, [x28]
0000000100009724	cmp	x0, x1
0000000100009728	b.ge	0x100009734
000000010000972c	mov	x0, #0x1
0000000100009730	b	0x100009738
0000000100009734	mov	x0, #0x0
0000000100009738	str	x0, [x28]
000000010000973c	add	x28, x28, #0x8
0000000100009740	sub	x28, x28, #0x8
0000000100009744	ldr	x0, [x28]
0000000100009748	cmp	x0, #0x0
000000010000974c	b.eq	0x10000a2fc
0000000100009750	add	x17, x29, #0x0
0000000100009754	mov	x16, #0xfe58
0000000100009758	movk	x16, #0xffff, lsl #16
000000010000975c	movk	x16, #0xffff, lsl #32
0000000100009760	movk	x16, #0xffff, lsl #48
0000000100009764	add	x17, x17, x16
0000000100009768	ldr	x0, [x17]
000000010000976c	str	x0, [x28]
0000000100009770	add	x28, x28, #0x8
0000000100009774	mov	x0, #0x6
0000000100009778	str	x0, [x28]
000000010000977c	add	x28, x28, #0x8
0000000100009780	sub	x28, x28, #0x8
0000000100009784	ldr	x1, [x28]
0000000100009788	sub	x28, x28, #0x8
000000010000978c	ldr	x0, [x28]
0000000100009790	bl	0x100006fa8
0000000100009794	str	x0, [x28]
0000000100009798	add	x28, x28, #0x8
000000010000979c	add	x17, x29, #0x0
00000001000097a0	mov	x16, #0xfe58
00000001000097a4	movk	x16, #0xffff, lsl #16
00000001000097a8	movk	x16, #0xffff, lsl #32
00000001000097ac	movk	x16, #0xffff, lsl #48
00000001000097b0	add	x17, x17, x16
00000001000097b4	ldr	x0, [x17]
00000001000097b8	str	x0, [x28]
00000001000097bc	add	x28, x28, #0x8
00000001000097c0	mov	x0, #0xb
00000001000097c4	str	x0, [x28]
00000001000097c8	add	x28, x28, #0x8
00000001000097cc	sub	x28, x28, #0x8
00000001000097d0	ldr	x1, [x28]
00000001000097d4	sub	x28, x28, #0x8
00000001000097d8	ldr	x0, [x28]
00000001000097dc	bl	0x100006fa8
00000001000097e0	str	x0, [x28]
00000001000097e4	add	x28, x28, #0x8
00000001000097e8	sub	x28, x28, #0x8
00000001000097ec	ldr	x1, [x28]
00000001000097f0	sub	x28, x28, #0x8
00000001000097f4	ldr	x0, [x28]
00000001000097f8	eor	x0, x0, x1
00000001000097fc	str	x0, [x28]
0000000100009800	add	x28, x28, #0x8
0000000100009804	add	x17, x29, #0x0
0000000100009808	mov	x16, #0xfe58
000000010000980c	movk	x16, #0xffff, lsl #16
0000000100009810	movk	x16, #0xffff, lsl #32
0000000100009814	movk	x16, #0xffff, lsl #48
0000000100009818	add	x17, x17, x16
000000010000981c	ldr	x0, [x17]
0000000100009820	str	x0, [x28]
0000000100009824	add	x28, x28, #0x8
0000000100009828	mov	x0, #0x19
000000010000982c	str	x0, [x28]
0000000100009830	add	x28, x28, #0x8
0000000100009834	sub	x28, x28, #0x8
0000000100009838	ldr	x1, [x28]
000000010000983c	sub	x28, x28, #0x8
0000000100009840	ldr	x0, [x28]
0000000100009844	bl	0x100006fa8
0000000100009848	str	x0, [x28]
000000010000984c	add	x28, x28, #0x8
0000000100009850	sub	x28, x28, #0x8
0000000100009854	ldr	x1, [x28]
0000000100009858	sub	x28, x28, #0x8
000000010000985c	ldr	x0, [x28]
0000000100009860	eor	x0, x0, x1
0000000100009864	str	x0, [x28]
0000000100009868	add	x28, x28, #0x8
000000010000986c	sub	x28, x28, #0x8
0000000100009870	ldr	x0, [x28]
0000000100009874	add	x17, x29, #0x0
0000000100009878	mov	x16, #0xfe38
000000010000987c	movk	x16, #0xffff, lsl #16
0000000100009880	movk	x16, #0xffff, lsl #32
0000000100009884	movk	x16, #0xffff, lsl #48
0000000100009888	add	x17, x17, x16
000000010000988c	str	x0, [x17]
0000000100009890	add	x17, x29, #0x0
0000000100009894	mov	x16, #0xfe58
0000000100009898	movk	x16, #0xffff, lsl #16
000000010000989c	movk	x16, #0xffff, lsl #32
00000001000098a0	movk	x16, #0xffff, lsl #48
00000001000098a4	add	x17, x17, x16
00000001000098a8	ldr	x0, [x17]
00000001000098ac	str	x0, [x28]
00000001000098b0	add	x28, x28, #0x8
00000001000098b4	add	x17, x29, #0x0
00000001000098b8	mov	x16, #0xfe50
00000001000098bc	movk	x16, #0xffff, lsl #16
00000001000098c0	movk	x16, #0xffff, lsl #32
00000001000098c4	movk	x16, #0xffff, lsl #48
00000001000098c8	add	x17, x17, x16
00000001000098cc	ldr	x0, [x17]
00000001000098d0	str	x0, [x28]
00000001000098d4	add	x28, x28, #0x8
00000001000098d8	sub	x28, x28, #0x8
00000001000098dc	ldr	x1, [x28]
00000001000098e0	sub	x28, x28, #0x8
00000001000098e4	ldr	x0, [x28]
00000001000098e8	and	x0, x0, x1
00000001000098ec	str	x0, [x28]
00000001000098f0	add	x28, x28, #0x8
00000001000098f4	mov	x0, #0xffff
00000001000098f8	movk	x0, #0xffff, lsl #16
00000001000098fc	str	x0, [x28]
0000000100009900	add	x28, x28, #0x8
0000000100009904	add	x17, x29, #0x0
0000000100009908	mov	x16, #0xfe58
000000010000990c	movk	x16, #0xffff, lsl #16
0000000100009910	movk	x16, #0xffff, lsl #32
0000000100009914	movk	x16, #0xffff, lsl #48
0000000100009918	add	x17, x17, x16
000000010000991c	ldr	x0, [x17]
0000000100009920	str	x0, [x28]
0000000100009924	add	x28, x28, #0x8
0000000100009928	sub	x28, x28, #0x8
000000010000992c	ldr	x1, [x28]
0000000100009930	sub	x28, x28, #0x8
0000000100009934	ldr	x0, [x28]
0000000100009938	eor	x0, x0, x1
000000010000993c	str	x0, [x28]
0000000100009940	add	x28, x28, #0x8
0000000100009944	add	x17, x29, #0x0
0000000100009948	mov	x16, #0xfe48
000000010000994c	movk	x16, #0xffff, lsl #16
0000000100009950	movk	x16, #0xffff, lsl #32
0000000100009954	movk	x16, #0xffff, lsl #48
0000000100009958	add	x17, x17, x16
000000010000995c	ldr	x0, [x17]
0000000100009960	str	x0, [x28]
0000000100009964	add	x28, x28, #0x8
0000000100009968	sub	x28, x28, #0x8
000000010000996c	ldr	x1, [x28]
0000000100009970	sub	x28, x28, #0x8
0000000100009974	ldr	x0, [x28]
0000000100009978	and	x0, x0, x1
000000010000997c	str	x0, [x28]
0000000100009980	add	x28, x28, #0x8
0000000100009984	sub	x28, x28, #0x8
0000000100009988	ldr	x1, [x28]
000000010000998c	sub	x28, x28, #0x8
0000000100009990	ldr	x0, [x28]
0000000100009994	eor	x0, x0, x1
0000000100009998	str	x0, [x28]
000000010000999c	add	x28, x28, #0x8
00000001000099a0	sub	x28, x28, #0x8
00000001000099a4	ldr	x0, [x28]
00000001000099a8	add	x17, x29, #0x0
00000001000099ac	mov	x16, #0xfe30
00000001000099b0	movk	x16, #0xffff, lsl #16
00000001000099b4	movk	x16, #0xffff, lsl #32
00000001000099b8	movk	x16, #0xffff, lsl #48
00000001000099bc	add	x17, x17, x16
00000001000099c0	str	x0, [x17]
00000001000099c4	add	x17, x29, #0x0
00000001000099c8	mov	x16, #0xfe40
00000001000099cc	movk	x16, #0xffff, lsl #16
00000001000099d0	movk	x16, #0xffff, lsl #32
00000001000099d4	movk	x16, #0xffff, lsl #48
00000001000099d8	add	x17, x17, x16
00000001000099dc	ldr	x0, [x17]
00000001000099e0	str	x0, [x28]
00000001000099e4	add	x28, x28, #0x8
00000001000099e8	add	x17, x29, #0x0
00000001000099ec	mov	x16, #0xfe38
00000001000099f0	movk	x16, #0xffff, lsl #16
00000001000099f4	movk	x16, #0xffff, lsl #32
00000001000099f8	movk	x16, #0xffff, lsl #48
00000001000099fc	add	x17, x17, x16
0000000100009a00	ldr	x0, [x17]
0000000100009a04	str	x0, [x28]
0000000100009a08	add	x28, x28, #0x8
0000000100009a0c	sub	x28, x28, #0x8
0000000100009a10	ldr	x1, [x28]
0000000100009a14	sub	x28, x28, #0x8
0000000100009a18	ldr	x0, [x28]
0000000100009a1c	add	x0, x0, x1
0000000100009a20	str	x0, [x28]
0000000100009a24	add	x28, x28, #0x8
0000000100009a28	add	x17, x29, #0x0
0000000100009a2c	mov	x16, #0xfe30
0000000100009a30	movk	x16, #0xffff, lsl #16
0000000100009a34	movk	x16, #0xffff, lsl #32
0000000100009a38	movk	x16, #0xffff, lsl #48
0000000100009a3c	add	x17, x17, x16
0000000100009a40	ldr	x0, [x17]
0000000100009a44	str	x0, [x28]
0000000100009a48	add	x28, x28, #0x8
0000000100009a4c	sub	x28, x28, #0x8
0000000100009a50	ldr	x1, [x28]
0000000100009a54	sub	x28, x28, #0x8
0000000100009a58	ldr	x0, [x28]
0000000100009a5c	add	x0, x0, x1
0000000100009a60	str	x0, [x28]
0000000100009a64	add	x28, x28, #0x8
0000000100009a68	mov	x0, x29
0000000100009a6c	sub	x0, x0, #0xb0
0000000100009a70	str	x0, [x28]
0000000100009a74	add	x28, x28, #0x8
0000000100009a78	sub	x28, x28, #0x8
0000000100009a7c	ldr	x0, [x28]
0000000100009a80	ldr	x0, [x0]
0000000100009a84	str	x0, [x28]
0000000100009a88	add	x28, x28, #0x8
0000000100009a8c	add	x17, x29, #0x0
0000000100009a90	mov	x16, #0xfea8
0000000100009a94	movk	x16, #0xffff, lsl #16
0000000100009a98	movk	x16, #0xffff, lsl #32
0000000100009a9c	movk	x16, #0xffff, lsl #48
0000000100009aa0	add	x17, x17, x16
0000000100009aa4	ldr	x0, [x17]
0000000100009aa8	str	x0, [x28]
0000000100009aac	add	x28, x28, #0x8
0000000100009ab0	sub	x28, x28, #0x8
0000000100009ab4	ldr	x1, [x28]
0000000100009ab8	sub	x28, x28, #0x8
0000000100009abc	ldr	x0, [x28]
0000000100009ac0	mov	x9, #0x8
0000000100009ac4	mul	x1, x1, x9
0000000100009ac8	add	x0, x0, x1
0000000100009acc	str	x0, [x28]
0000000100009ad0	add	x28, x28, #0x8
0000000100009ad4	sub	x28, x28, #0x8
0000000100009ad8	ldr	x10, [x28]
0000000100009adc	ldr	x0, [x10]
0000000100009ae0	str	x0, [x28]
0000000100009ae4	add	x28, x28, #0x8
0000000100009ae8	sub	x28, x28, #0x8
0000000100009aec	ldr	x1, [x28]
0000000100009af0	sub	x28, x28, #0x8
0000000100009af4	ldr	x0, [x28]
0000000100009af8	add	x0, x0, x1
0000000100009afc	str	x0, [x28]
0000000100009b00	add	x28, x28, #0x8
0000000100009b04	mov	x0, x29
0000000100009b08	sub	x0, x0, #0x70
0000000100009b0c	str	x0, [x28]
0000000100009b10	add	x28, x28, #0x8
0000000100009b14	sub	x28, x28, #0x8
0000000100009b18	ldr	x0, [x28]
0000000100009b1c	ldr	x0, [x0]
0000000100009b20	str	x0, [x28]
0000000100009b24	add	x28, x28, #0x8
0000000100009b28	add	x17, x29, #0x0
0000000100009b2c	mov	x16, #0xfea8
0000000100009b30	movk	x16, #0xffff, lsl #16
0000000100009b34	movk	x16, #0xffff, lsl #32
0000000100009b38	movk	x16, #0xffff, lsl #48
0000000100009b3c	add	x17, x17, x16
0000000100009b40	ldr	x0, [x17]
0000000100009b44	str	x0, [x28]
0000000100009b48	add	x28, x28, #0x8
0000000100009b4c	sub	x28, x28, #0x8
0000000100009b50	ldr	x1, [x28]
0000000100009b54	sub	x28, x28, #0x8
0000000100009b58	ldr	x0, [x28]
0000000100009b5c	mov	x9, #0x8
0000000100009b60	mul	x1, x1, x9
0000000100009b64	add	x0, x0, x1
0000000100009b68	str	x0, [x28]
0000000100009b6c	add	x28, x28, #0x8
0000000100009b70	sub	x28, x28, #0x8
0000000100009b74	ldr	x10, [x28]
0000000100009b78	ldr	x0, [x10]
0000000100009b7c	str	x0, [x28]
0000000100009b80	add	x28, x28, #0x8
0000000100009b84	sub	x28, x28, #0x8
0000000100009b88	ldr	x1, [x28]
0000000100009b8c	sub	x28, x28, #0x8
0000000100009b90	ldr	x0, [x28]
0000000100009b94	add	x0, x0, x1
0000000100009b98	str	x0, [x28]
0000000100009b9c	add	x28, x28, #0x8
0000000100009ba0	mov	x0, #0xffff
0000000100009ba4	movk	x0, #0xffff, lsl #16
0000000100009ba8	str	x0, [x28]
0000000100009bac	add	x28, x28, #0x8
0000000100009bb0	sub	x28, x28, #0x8
0000000100009bb4	ldr	x1, [x28]
0000000100009bb8	sub	x28, x28, #0x8
0000000100009bbc	ldr	x0, [x28]
0000000100009bc0	and	x0, x0, x1
0000000100009bc4	str	x0, [x28]
0000000100009bc8	add	x28, x28, #0x8
0000000100009bcc	sub	x28, x28, #0x8
0000000100009bd0	ldr	x0, [x28]
0000000100009bd4	add	x17, x29, #0x0
0000000100009bd8	mov	x16, #0xfe28
0000000100009bdc	movk	x16, #0xffff, lsl #16
0000000100009be0	movk	x16, #0xffff, lsl #32
0000000100009be4	movk	x16, #0xffff, lsl #48
0000000100009be8	add	x17, x17, x16
0000000100009bec	str	x0, [x17]
0000000100009bf0	add	x17, x29, #0x0
0000000100009bf4	mov	x16, #0xfe78
0000000100009bf8	movk	x16, #0xffff, lsl #16
0000000100009bfc	movk	x16, #0xffff, lsl #32
0000000100009c00	movk	x16, #0xffff, lsl #48
0000000100009c04	add	x17, x17, x16
0000000100009c08	ldr	x0, [x17]
0000000100009c0c	str	x0, [x28]
0000000100009c10	add	x28, x28, #0x8
0000000100009c14	mov	x0, #0x2
0000000100009c18	str	x0, [x28]
0000000100009c1c	add	x28, x28, #0x8
0000000100009c20	sub	x28, x28, #0x8
0000000100009c24	ldr	x1, [x28]
0000000100009c28	sub	x28, x28, #0x8
0000000100009c2c	ldr	x0, [x28]
0000000100009c30	bl	0x100006fa8
0000000100009c34	str	x0, [x28]
0000000100009c38	add	x28, x28, #0x8
0000000100009c3c	add	x17, x29, #0x0
0000000100009c40	mov	x16, #0xfe78
0000000100009c44	movk	x16, #0xffff, lsl #16
0000000100009c48	movk	x16, #0xffff, lsl #32
0000000100009c4c	movk	x16, #0xffff, lsl #48
0000000100009c50	add	x17, x17, x16
0000000100009c54	ldr	x0, [x17]
0000000100009c58	str	x0, [x28]
0000000100009c5c	add	x28, x28, #0x8
0000000100009c60	mov	x0, #0xd
0000000100009c64	str	x0, [x28]
0000000100009c68	add	x28, x28, #0x8
0000000100009c6c	sub	x28, x28, #0x8
0000000100009c70	ldr	x1, [x28]
0000000100009c74	sub	x28, x28, #0x8
0000000100009c78	ldr	x0, [x28]
0000000100009c7c	bl	0x100006fa8
0000000100009c80	str	x0, [x28]
0000000100009c84	add	x28, x28, #0x8
0000000100009c88	sub	x28, x28, #0x8
0000000100009c8c	ldr	x1, [x28]
0000000100009c90	sub	x28, x28, #0x8
0000000100009c94	ldr	x0, [x28]
0000000100009c98	eor	x0, x0, x1
0000000100009c9c	str	x0, [x28]
0000000100009ca0	add	x28, x28, #0x8
0000000100009ca4	add	x17, x29, #0x0
0000000100009ca8	mov	x16, #0xfe78
0000000100009cac	movk	x16, #0xffff, lsl #16
0000000100009cb0	movk	x16, #0xffff, lsl #32
0000000100009cb4	movk	x16, #0xffff, lsl #48
0000000100009cb8	add	x17, x17, x16
0000000100009cbc	ldr	x0, [x17]
0000000100009cc0	str	x0, [x28]
0000000100009cc4	add	x28, x28, #0x8
0000000100009cc8	mov	x0, #0x16
0000000100009ccc	str	x0, [x28]
0000000100009cd0	add	x28, x28, #0x8
0000000100009cd4	sub	x28, x28, #0x8
0000000100009cd8	ldr	x1, [x28]
0000000100009cdc	sub	x28, x28, #0x8
0000000100009ce0	ldr	x0, [x28]
0000000100009ce4	bl	0x100006fa8
0000000100009ce8	str	x0, [x28]
0000000100009cec	add	x28, x28, #0x8
0000000100009cf0	sub	x28, x28, #0x8
0000000100009cf4	ldr	x1, [x28]
0000000100009cf8	sub	x28, x28, #0x8
0000000100009cfc	ldr	x0, [x28]
0000000100009d00	eor	x0, x0, x1
0000000100009d04	str	x0, [x28]
0000000100009d08	add	x28, x28, #0x8
0000000100009d0c	sub	x28, x28, #0x8
0000000100009d10	ldr	x0, [x28]
0000000100009d14	add	x17, x29, #0x0
0000000100009d18	mov	x16, #0xfe20
0000000100009d1c	movk	x16, #0xffff, lsl #16
0000000100009d20	movk	x16, #0xffff, lsl #32
0000000100009d24	movk	x16, #0xffff, lsl #48
0000000100009d28	add	x17, x17, x16
0000000100009d2c	str	x0, [x17]
0000000100009d30	add	x17, x29, #0x0
0000000100009d34	mov	x16, #0xfe78
0000000100009d38	movk	x16, #0xffff, lsl #16
0000000100009d3c	movk	x16, #0xffff, lsl #32
0000000100009d40	movk	x16, #0xffff, lsl #48
0000000100009d44	add	x17, x17, x16
0000000100009d48	ldr	x0, [x17]
0000000100009d4c	str	x0, [x28]
0000000100009d50	add	x28, x28, #0x8
0000000100009d54	add	x17, x29, #0x0
0000000100009d58	mov	x16, #0xfe70
0000000100009d5c	movk	x16, #0xffff, lsl #16
0000000100009d60	movk	x16, #0xffff, lsl #32
0000000100009d64	movk	x16, #0xffff, lsl #48
0000000100009d68	add	x17, x17, x16
0000000100009d6c	ldr	x0, [x17]
0000000100009d70	str	x0, [x28]
0000000100009d74	add	x28, x28, #0x8
0000000100009d78	sub	x28, x28, #0x8
0000000100009d7c	ldr	x1, [x28]
0000000100009d80	sub	x28, x28, #0x8
0000000100009d84	ldr	x0, [x28]
0000000100009d88	and	x0, x0, x1
0000000100009d8c	str	x0, [x28]
0000000100009d90	add	x28, x28, #0x8
0000000100009d94	add	x17, x29, #0x0
0000000100009d98	mov	x16, #0xfe78
0000000100009d9c	movk	x16, #0xffff, lsl #16
0000000100009da0	movk	x16, #0xffff, lsl #32
0000000100009da4	movk	x16, #0xffff, lsl #48
0000000100009da8	add	x17, x17, x16
0000000100009dac	ldr	x0, [x17]
0000000100009db0	str	x0, [x28]
0000000100009db4	add	x28, x28, #0x8
0000000100009db8	add	x17, x29, #0x0
0000000100009dbc	mov	x16, #0xfe68
0000000100009dc0	movk	x16, #0xffff, lsl #16
0000000100009dc4	movk	x16, #0xffff, lsl #32
0000000100009dc8	movk	x16, #0xffff, lsl #48
0000000100009dcc	add	x17, x17, x16
0000000100009dd0	ldr	x0, [x17]
0000000100009dd4	str	x0, [x28]
0000000100009dd8	add	x28, x28, #0x8
0000000100009ddc	sub	x28, x28, #0x8
0000000100009de0	ldr	x1, [x28]
0000000100009de4	sub	x28, x28, #0x8
0000000100009de8	ldr	x0, [x28]
0000000100009dec	and	x0, x0, x1
0000000100009df0	str	x0, [x28]
0000000100009df4	add	x28, x28, #0x8
0000000100009df8	sub	x28, x28, #0x8
0000000100009dfc	ldr	x1, [x28]
0000000100009e00	sub	x28, x28, #0x8
0000000100009e04	ldr	x0, [x28]
0000000100009e08	eor	x0, x0, x1
0000000100009e0c	str	x0, [x28]
0000000100009e10	add	x28, x28, #0x8
0000000100009e14	add	x17, x29, #0x0
0000000100009e18	mov	x16, #0xfe70
0000000100009e1c	movk	x16, #0xffff, lsl #16
0000000100009e20	movk	x16, #0xffff, lsl #32
0000000100009e24	movk	x16, #0xffff, lsl #48
0000000100009e28	add	x17, x17, x16
0000000100009e2c	ldr	x0, [x17]
0000000100009e30	str	x0, [x28]
0000000100009e34	add	x28, x28, #0x8
0000000100009e38	add	x17, x29, #0x0
0000000100009e3c	mov	x16, #0xfe68
0000000100009e40	movk	x16, #0xffff, lsl #16
0000000100009e44	movk	x16, #0xffff, lsl #32
0000000100009e48	movk	x16, #0xffff, lsl #48
0000000100009e4c	add	x17, x17, x16
0000000100009e50	ldr	x0, [x17]
0000000100009e54	str	x0, [x28]
0000000100009e58	add	x28, x28, #0x8
0000000100009e5c	sub	x28, x28, #0x8
0000000100009e60	ldr	x1, [x28]
0000000100009e64	sub	x28, x28, #0x8
0000000100009e68	ldr	x0, [x28]
0000000100009e6c	and	x0, x0, x1
0000000100009e70	str	x0, [x28]
0000000100009e74	add	x28, x28, #0x8
0000000100009e78	sub	x28, x28, #0x8
0000000100009e7c	ldr	x1, [x28]
0000000100009e80	sub	x28, x28, #0x8
0000000100009e84	ldr	x0, [x28]
0000000100009e88	eor	x0, x0, x1
0000000100009e8c	str	x0, [x28]
0000000100009e90	add	x28, x28, #0x8
0000000100009e94	sub	x28, x28, #0x8
0000000100009e98	ldr	x0, [x28]
0000000100009e9c	add	x17, x29, #0x0
0000000100009ea0	mov	x16, #0xfe18
0000000100009ea4	movk	x16, #0xffff, lsl #16
0000000100009ea8	movk	x16, #0xffff, lsl #32
0000000100009eac	movk	x16, #0xffff, lsl #48
0000000100009eb0	add	x17, x17, x16
0000000100009eb4	str	x0, [x17]
0000000100009eb8	add	x17, x29, #0x0
0000000100009ebc	mov	x16, #0xfe20
0000000100009ec0	movk	x16, #0xffff, lsl #16
0000000100009ec4	movk	x16, #0xffff, lsl #32
0000000100009ec8	movk	x16, #0xffff, lsl #48
0000000100009ecc	add	x17, x17, x16
0000000100009ed0	ldr	x0, [x17]
0000000100009ed4	str	x0, [x28]
0000000100009ed8	add	x28, x28, #0x8
0000000100009edc	add	x17, x29, #0x0
0000000100009ee0	mov	x16, #0xfe18
0000000100009ee4	movk	x16, #0xffff, lsl #16
0000000100009ee8	movk	x16, #0xffff, lsl #32
0000000100009eec	movk	x16, #0xffff, lsl #48
0000000100009ef0	add	x17, x17, x16
0000000100009ef4	ldr	x0, [x17]
0000000100009ef8	str	x0, [x28]
0000000100009efc	add	x28, x28, #0x8
0000000100009f00	sub	x28, x28, #0x8
0000000100009f04	ldr	x1, [x28]
0000000100009f08	sub	x28, x28, #0x8
0000000100009f0c	ldr	x0, [x28]
0000000100009f10	add	x0, x0, x1
0000000100009f14	str	x0, [x28]
0000000100009f18	add	x28, x28, #0x8
0000000100009f1c	mov	x0, #0xffff
0000000100009f20	movk	x0, #0xffff, lsl #16
0000000100009f24	str	x0, [x28]
0000000100009f28	add	x28, x28, #0x8
0000000100009f2c	sub	x28, x28, #0x8
0000000100009f30	ldr	x1, [x28]
0000000100009f34	sub	x28, x28, #0x8
0000000100009f38	ldr	x0, [x28]
0000000100009f3c	and	x0, x0, x1
0000000100009f40	str	x0, [x28]
0000000100009f44	add	x28, x28, #0x8
0000000100009f48	sub	x28, x28, #0x8
0000000100009f4c	ldr	x0, [x28]
0000000100009f50	add	x17, x29, #0x0
0000000100009f54	mov	x16, #0xfe10
0000000100009f58	movk	x16, #0xffff, lsl #16
0000000100009f5c	movk	x16, #0xffff, lsl #32
0000000100009f60	movk	x16, #0xffff, lsl #48
0000000100009f64	add	x17, x17, x16
0000000100009f68	str	x0, [x17]
0000000100009f6c	mov	x0, x29
0000000100009f70	sub	x0, x0, #0x1c0
0000000100009f74	str	x0, [x28]
0000000100009f78	add	x28, x28, #0x8
0000000100009f7c	add	x17, x29, #0x0
0000000100009f80	mov	x16, #0xfe48
0000000100009f84	movk	x16, #0xffff, lsl #16
0000000100009f88	movk	x16, #0xffff, lsl #32
0000000100009f8c	movk	x16, #0xffff, lsl #48
0000000100009f90	add	x17, x17, x16
0000000100009f94	ldr	x0, [x17]
0000000100009f98	str	x0, [x28]
0000000100009f9c	add	x28, x28, #0x8
0000000100009fa0	sub	x28, x28, #0x8
0000000100009fa4	ldr	x0, [x28]
0000000100009fa8	sub	x28, x28, #0x8
0000000100009fac	ldr	x10, [x28]
0000000100009fb0	str	x0, [x10]
0000000100009fb4	mov	x0, x29
0000000100009fb8	sub	x0, x0, #0x1b8
0000000100009fbc	str	x0, [x28]
0000000100009fc0	add	x28, x28, #0x8
0000000100009fc4	add	x17, x29, #0x0
0000000100009fc8	mov	x16, #0xfe50
0000000100009fcc	movk	x16, #0xffff, lsl #16
0000000100009fd0	movk	x16, #0xffff, lsl #32
0000000100009fd4	movk	x16, #0xffff, lsl #48
0000000100009fd8	add	x17, x17, x16
0000000100009fdc	ldr	x0, [x17]
0000000100009fe0	str	x0, [x28]
0000000100009fe4	add	x28, x28, #0x8
0000000100009fe8	sub	x28, x28, #0x8
0000000100009fec	ldr	x0, [x28]
0000000100009ff0	sub	x28, x28, #0x8
0000000100009ff4	ldr	x10, [x28]
0000000100009ff8	str	x0, [x10]
0000000100009ffc	mov	x0, x29
000000010000a000	sub	x0, x0, #0x1b0
000000010000a004	str	x0, [x28]
000000010000a008	add	x28, x28, #0x8
000000010000a00c	add	x17, x29, #0x0
000000010000a010	mov	x16, #0xfe58
000000010000a014	movk	x16, #0xffff, lsl #16
000000010000a018	movk	x16, #0xffff, lsl #32
000000010000a01c	movk	x16, #0xffff, lsl #48
000000010000a020	add	x17, x17, x16
000000010000a024	ldr	x0, [x17]
000000010000a028	str	x0, [x28]
000000010000a02c	add	x28, x28, #0x8
000000010000a030	sub	x28, x28, #0x8
000000010000a034	ldr	x0, [x28]
000000010000a038	sub	x28, x28, #0x8
000000010000a03c	ldr	x10, [x28]
000000010000a040	str	x0, [x10]
000000010000a044	mov	x0, x29
000000010000a048	sub	x0, x0, #0x1a8
000000010000a04c	str	x0, [x28]
000000010000a050	add	x28, x28, #0x8
000000010000a054	add	x17, x29, #0x0
000000010000a058	mov	x16, #0xfe60
000000010000a05c	movk	x16, #0xffff, lsl #16
000000010000a060	movk	x16, #0xffff, lsl #32
000000010000a064	movk	x16, #0xffff, lsl #48
000000010000a068	add	x17, x17, x16
000000010000a06c	ldr	x0, [x17]
000000010000a070	str	x0, [x28]
000000010000a074	add	x28, x28, #0x8
000000010000a078	add	x17, x29, #0x0
000000010000a07c	mov	x16, #0xfe28
000000010000a080	movk	x16, #0xffff, lsl #16
000000010000a084	movk	x16, #0xffff, lsl #32
000000010000a088	movk	x16, #0xffff, lsl #48
000000010000a08c	add	x17, x17, x16
000000010000a090	ldr	x0, [x17]
000000010000a094	str	x0, [x28]
000000010000a098	add	x28, x28, #0x8
000000010000a09c	sub	x28, x28, #0x8
000000010000a0a0	ldr	x1, [x28]
000000010000a0a4	sub	x28, x28, #0x8
000000010000a0a8	ldr	x0, [x28]
000000010000a0ac	add	x0, x0, x1
000000010000a0b0	str	x0, [x28]
000000010000a0b4	add	x28, x28, #0x8
000000010000a0b8	mov	x0, #0xffff
000000010000a0bc	movk	x0, #0xffff, lsl #16
000000010000a0c0	str	x0, [x28]
000000010000a0c4	add	x28, x28, #0x8
000000010000a0c8	sub	x28, x28, #0x8
000000010000a0cc	ldr	x1, [x28]
000000010000a0d0	sub	x28, x28, #0x8
000000010000a0d4	ldr	x0, [x28]
000000010000a0d8	and	x0, x0, x1
000000010000a0dc	str	x0, [x28]
000000010000a0e0	add	x28, x28, #0x8
000000010000a0e4	sub	x28, x28, #0x8
000000010000a0e8	ldr	x0, [x28]
000000010000a0ec	sub	x28, x28, #0x8
000000010000a0f0	ldr	x10, [x28]
000000010000a0f4	str	x0, [x10]
000000010000a0f8	mov	x0, x29
000000010000a0fc	sub	x0, x0, #0x1a0
000000010000a100	str	x0, [x28]
000000010000a104	add	x28, x28, #0x8
000000010000a108	add	x17, x29, #0x0
000000010000a10c	mov	x16, #0xfe68
000000010000a110	movk	x16, #0xffff, lsl #16
000000010000a114	movk	x16, #0xffff, lsl #32
000000010000a118	movk	x16, #0xffff, lsl #48
000000010000a11c	add	x17, x17, x16
000000010000a120	ldr	x0, [x17]
000000010000a124	str	x0, [x28]
000000010000a128	add	x28, x28, #0x8
000000010000a12c	sub	x28, x28, #0x8
000000010000a130	ldr	x0, [x28]
000000010000a134	sub	x28, x28, #0x8
000000010000a138	ldr	x10, [x28]
000000010000a13c	str	x0, [x10]
000000010000a140	mov	x0, x29
000000010000a144	sub	x0, x0, #0x198
000000010000a148	str	x0, [x28]
000000010000a14c	add	x28, x28, #0x8
000000010000a150	add	x17, x29, #0x0
000000010000a154	mov	x16, #0xfe70
000000010000a158	movk	x16, #0xffff, lsl #16
000000010000a15c	movk	x16, #0xffff, lsl #32
000000010000a160	movk	x16, #0xffff, lsl #48
000000010000a164	add	x17, x17, x16
000000010000a168	ldr	x0, [x17]
000000010000a16c	str	x0, [x28]
000000010000a170	add	x28, x28, #0x8
000000010000a174	sub	x28, x28, #0x8
000000010000a178	ldr	x0, [x28]
000000010000a17c	sub	x28, x28, #0x8
000000010000a180	ldr	x10, [x28]
000000010000a184	str	x0, [x10]
000000010000a188	mov	x0, x29
000000010000a18c	sub	x0, x0, #0x190
000000010000a190	str	x0, [x28]
000000010000a194	add	x28, x28, #0x8
000000010000a198	add	x17, x29, #0x0
000000010000a19c	mov	x16, #0xfe78
000000010000a1a0	movk	x16, #0xffff, lsl #16
000000010000a1a4	movk	x16, #0xffff, lsl #32
000000010000a1a8	movk	x16, #0xffff, lsl #48
000000010000a1ac	add	x17, x17, x16
000000010000a1b0	ldr	x0, [x17]
000000010000a1b4	str	x0, [x28]
000000010000a1b8	add	x28, x28, #0x8
000000010000a1bc	sub	x28, x28, #0x8
000000010000a1c0	ldr	x0, [x28]
000000010000a1c4	sub	x28, x28, #0x8
000000010000a1c8	ldr	x10, [x28]
000000010000a1cc	str	x0, [x10]
000000010000a1d0	mov	x0, x29
000000010000a1d4	sub	x0, x0, #0x188
000000010000a1d8	str	x0, [x28]
000000010000a1dc	add	x28, x28, #0x8
000000010000a1e0	add	x17, x29, #0x0
000000010000a1e4	mov	x16, #0xfe28
000000010000a1e8	movk	x16, #0xffff, lsl #16
000000010000a1ec	movk	x16, #0xffff, lsl #32
000000010000a1f0	movk	x16, #0xffff, lsl #48
000000010000a1f4	add	x17, x17, x16
000000010000a1f8	ldr	x0, [x17]
000000010000a1fc	str	x0, [x28]
000000010000a200	add	x28, x28, #0x8
000000010000a204	add	x17, x29, #0x0
000000010000a208	mov	x16, #0xfe10
000000010000a20c	movk	x16, #0xffff, lsl #16
000000010000a210	movk	x16, #0xffff, lsl #32
000000010000a214	movk	x16, #0xffff, lsl #48
000000010000a218	add	x17, x17, x16
000000010000a21c	ldr	x0, [x17]
000000010000a220	str	x0, [x28]
000000010000a224	add	x28, x28, #0x8
000000010000a228	sub	x28, x28, #0x8
000000010000a22c	ldr	x1, [x28]
000000010000a230	sub	x28, x28, #0x8
000000010000a234	ldr	x0, [x28]
000000010000a238	add	x0, x0, x1
000000010000a23c	str	x0, [x28]
000000010000a240	add	x28, x28, #0x8
000000010000a244	mov	x0, #0xffff
000000010000a248	movk	x0, #0xffff, lsl #16
000000010000a24c	str	x0, [x28]
000000010000a250	add	x28, x28, #0x8
000000010000a254	sub	x28, x28, #0x8
000000010000a258	ldr	x1, [x28]
000000010000a25c	sub	x28, x28, #0x8
000000010000a260	ldr	x0, [x28]
000000010000a264	and	x0, x0, x1
000000010000a268	str	x0, [x28]
000000010000a26c	add	x28, x28, #0x8
000000010000a270	sub	x28, x28, #0x8
000000010000a274	ldr	x0, [x28]
000000010000a278	sub	x28, x28, #0x8
000000010000a27c	ldr	x10, [x28]
000000010000a280	str	x0, [x10]
000000010000a284	mov	x0, x29
000000010000a288	sub	x0, x0, #0x158
000000010000a28c	str	x0, [x28]
000000010000a290	add	x28, x28, #0x8
000000010000a294	add	x17, x29, #0x0
000000010000a298	mov	x16, #0xfea8
000000010000a29c	movk	x16, #0xffff, lsl #16
000000010000a2a0	movk	x16, #0xffff, lsl #32
000000010000a2a4	movk	x16, #0xffff, lsl #48
000000010000a2a8	add	x17, x17, x16
000000010000a2ac	ldr	x0, [x17]
000000010000a2b0	str	x0, [x28]
000000010000a2b4	add	x28, x28, #0x8
000000010000a2b8	mov	x0, #0x1
000000010000a2bc	str	x0, [x28]
000000010000a2c0	add	x28, x28, #0x8
000000010000a2c4	sub	x28, x28, #0x8
000000010000a2c8	ldr	x1, [x28]
000000010000a2cc	sub	x28, x28, #0x8
000000010000a2d0	ldr	x0, [x28]
000000010000a2d4	add	x0, x0, x1
000000010000a2d8	sxtw	x0, w0
000000010000a2dc	str	x0, [x28]
000000010000a2e0	add	x28, x28, #0x8
000000010000a2e4	sub	x28, x28, #0x8
000000010000a2e8	ldr	x0, [x28]
000000010000a2ec	sub	x28, x28, #0x8
000000010000a2f0	ldr	x10, [x28]
000000010000a2f4	str	x0, [x10]
000000010000a2f8	b	0x1000096e4
000000010000a2fc	mov	x0, x29
000000010000a300	sub	x0, x0, #0x90
000000010000a304	str	x0, [x28]
000000010000a308	add	x28, x28, #0x8
000000010000a30c	sub	x28, x28, #0x8
000000010000a310	ldr	x0, [x28]
000000010000a314	ldr	x0, [x0]
000000010000a318	str	x0, [x28]
000000010000a31c	add	x28, x28, #0x8
000000010000a320	mov	x0, #0x0
000000010000a324	str	x0, [x28]
000000010000a328	add	x28, x28, #0x8
000000010000a32c	sub	x28, x28, #0x8
000000010000a330	ldr	x1, [x28]
000000010000a334	sub	x28, x28, #0x8
000000010000a338	ldr	x0, [x28]
000000010000a33c	mov	x9, #0x8
000000010000a340	mul	x1, x1, x9
000000010000a344	add	x0, x0, x1
000000010000a348	str	x0, [x28]
000000010000a34c	add	x28, x28, #0x8
000000010000a350	mov	x0, x29
000000010000a354	sub	x0, x0, #0x90
000000010000a358	str	x0, [x28]
000000010000a35c	add	x28, x28, #0x8
000000010000a360	sub	x28, x28, #0x8
000000010000a364	ldr	x0, [x28]
000000010000a368	ldr	x0, [x0]
000000010000a36c	str	x0, [x28]
000000010000a370	add	x28, x28, #0x8
000000010000a374	mov	x0, #0x0
000000010000a378	str	x0, [x28]
000000010000a37c	add	x28, x28, #0x8
000000010000a380	sub	x28, x28, #0x8
000000010000a384	ldr	x1, [x28]
000000010000a388	sub	x28, x28, #0x8
000000010000a38c	ldr	x0, [x28]
000000010000a390	mov	x9, #0x8
000000010000a394	mul	x1, x1, x9
000000010000a398	add	x0, x0, x1
000000010000a39c	str	x0, [x28]
000000010000a3a0	add	x28, x28, #0x8
000000010000a3a4	sub	x28, x28, #0x8
000000010000a3a8	ldr	x10, [x28]
000000010000a3ac	ldr	x0, [x10]
000000010000a3b0	str	x0, [x28]
000000010000a3b4	add	x28, x28, #0x8
000000010000a3b8	add	x17, x29, #0x0
000000010000a3bc	mov	x16, #0xfe78
000000010000a3c0	movk	x16, #0xffff, lsl #16
000000010000a3c4	movk	x16, #0xffff, lsl #32
000000010000a3c8	movk	x16, #0xffff, lsl #48
000000010000a3cc	add	x17, x17, x16
000000010000a3d0	ldr	x0, [x17]
000000010000a3d4	str	x0, [x28]
000000010000a3d8	add	x28, x28, #0x8
000000010000a3dc	sub	x28, x28, #0x8
000000010000a3e0	ldr	x1, [x28]
000000010000a3e4	sub	x28, x28, #0x8
000000010000a3e8	ldr	x0, [x28]
000000010000a3ec	add	x0, x0, x1
000000010000a3f0	str	x0, [x28]
000000010000a3f4	add	x28, x28, #0x8
000000010000a3f8	mov	x0, #0xffff
000000010000a3fc	movk	x0, #0xffff, lsl #16
000000010000a400	str	x0, [x28]
000000010000a404	add	x28, x28, #0x8
000000010000a408	sub	x28, x28, #0x8
000000010000a40c	ldr	x1, [x28]
000000010000a410	sub	x28, x28, #0x8
000000010000a414	ldr	x0, [x28]
000000010000a418	and	x0, x0, x1
000000010000a41c	str	x0, [x28]
000000010000a420	add	x28, x28, #0x8
000000010000a424	sub	x28, x28, #0x8
000000010000a428	ldr	x0, [x28]
000000010000a42c	sub	x28, x28, #0x8
000000010000a430	ldr	x10, [x28]
000000010000a434	str	x0, [x10]
000000010000a438	mov	x0, x29
000000010000a43c	sub	x0, x0, #0x90
000000010000a440	str	x0, [x28]
000000010000a444	add	x28, x28, #0x8
000000010000a448	sub	x28, x28, #0x8
000000010000a44c	ldr	x0, [x28]
000000010000a450	ldr	x0, [x0]
000000010000a454	str	x0, [x28]
000000010000a458	add	x28, x28, #0x8
000000010000a45c	mov	x0, #0x1
000000010000a460	str	x0, [x28]
000000010000a464	add	x28, x28, #0x8
000000010000a468	sub	x28, x28, #0x8
000000010000a46c	ldr	x1, [x28]
000000010000a470	sub	x28, x28, #0x8
000000010000a474	ldr	x0, [x28]
000000010000a478	mov	x9, #0x8
000000010000a47c	mul	x1, x1, x9
000000010000a480	add	x0, x0, x1
000000010000a484	str	x0, [x28]
000000010000a488	add	x28, x28, #0x8
000000010000a48c	mov	x0, x29
000000010000a490	sub	x0, x0, #0x90
000000010000a494	str	x0, [x28]
000000010000a498	add	x28, x28, #0x8
000000010000a49c	sub	x28, x28, #0x8
000000010000a4a0	ldr	x0, [x28]
000000010000a4a4	ldr	x0, [x0]
000000010000a4a8	str	x0, [x28]
000000010000a4ac	add	x28, x28, #0x8
000000010000a4b0	mov	x0, #0x1
000000010000a4b4	str	x0, [x28]
000000010000a4b8	add	x28, x28, #0x8
000000010000a4bc	sub	x28, x28, #0x8
000000010000a4c0	ldr	x1, [x28]
000000010000a4c4	sub	x28, x28, #0x8
000000010000a4c8	ldr	x0, [x28]
000000010000a4cc	mov	x9, #0x8
000000010000a4d0	mul	x1, x1, x9
000000010000a4d4	add	x0, x0, x1
000000010000a4d8	str	x0, [x28]
000000010000a4dc	add	x28, x28, #0x8
000000010000a4e0	sub	x28, x28, #0x8
000000010000a4e4	ldr	x10, [x28]
000000010000a4e8	ldr	x0, [x10]
000000010000a4ec	str	x0, [x28]
000000010000a4f0	add	x28, x28, #0x8
000000010000a4f4	add	x17, x29, #0x0
000000010000a4f8	mov	x16, #0xfe70
000000010000a4fc	movk	x16, #0xffff, lsl #16
000000010000a500	movk	x16, #0xffff, lsl #32
000000010000a504	movk	x16, #0xffff, lsl #48
000000010000a508	add	x17, x17, x16
000000010000a50c	ldr	x0, [x17]
000000010000a510	str	x0, [x28]
000000010000a514	add	x28, x28, #0x8
000000010000a518	sub	x28, x28, #0x8
000000010000a51c	ldr	x1, [x28]
000000010000a520	sub	x28, x28, #0x8
000000010000a524	ldr	x0, [x28]
000000010000a528	add	x0, x0, x1
000000010000a52c	str	x0, [x28]
000000010000a530	add	x28, x28, #0x8
000000010000a534	mov	x0, #0xffff
000000010000a538	movk	x0, #0xffff, lsl #16
000000010000a53c	str	x0, [x28]
000000010000a540	add	x28, x28, #0x8
000000010000a544	sub	x28, x28, #0x8
000000010000a548	ldr	x1, [x28]
000000010000a54c	sub	x28, x28, #0x8
000000010000a550	ldr	x0, [x28]
000000010000a554	and	x0, x0, x1
000000010000a558	str	x0, [x28]
000000010000a55c	add	x28, x28, #0x8
000000010000a560	sub	x28, x28, #0x8
000000010000a564	ldr	x0, [x28]
000000010000a568	sub	x28, x28, #0x8
000000010000a56c	ldr	x10, [x28]
000000010000a570	str	x0, [x10]
000000010000a574	mov	x0, x29
000000010000a578	sub	x0, x0, #0x90
000000010000a57c	str	x0, [x28]
000000010000a580	add	x28, x28, #0x8
000000010000a584	sub	x28, x28, #0x8
000000010000a588	ldr	x0, [x28]
000000010000a58c	ldr	x0, [x0]
000000010000a590	str	x0, [x28]
000000010000a594	add	x28, x28, #0x8
000000010000a598	mov	x0, #0x2
000000010000a59c	str	x0, [x28]
000000010000a5a0	add	x28, x28, #0x8
000000010000a5a4	sub	x28, x28, #0x8
000000010000a5a8	ldr	x1, [x28]
000000010000a5ac	sub	x28, x28, #0x8
000000010000a5b0	ldr	x0, [x28]
000000010000a5b4	mov	x9, #0x8
000000010000a5b8	mul	x1, x1, x9
000000010000a5bc	add	x0, x0, x1
000000010000a5c0	str	x0, [x28]
000000010000a5c4	add	x28, x28, #0x8
000000010000a5c8	mov	x0, x29
000000010000a5cc	sub	x0, x0, #0x90
000000010000a5d0	str	x0, [x28]
000000010000a5d4	add	x28, x28, #0x8
000000010000a5d8	sub	x28, x28, #0x8
000000010000a5dc	ldr	x0, [x28]
000000010000a5e0	ldr	x0, [x0]
000000010000a5e4	str	x0, [x28]
000000010000a5e8	add	x28, x28, #0x8
000000010000a5ec	mov	x0, #0x2
000000010000a5f0	str	x0, [x28]
000000010000a5f4	add	x28, x28, #0x8
000000010000a5f8	sub	x28, x28, #0x8
000000010000a5fc	ldr	x1, [x28]
000000010000a600	sub	x28, x28, #0x8
000000010000a604	ldr	x0, [x28]
000000010000a608	mov	x9, #0x8
000000010000a60c	mul	x1, x1, x9
000000010000a610	add	x0, x0, x1
000000010000a614	str	x0, [x28]
000000010000a618	add	x28, x28, #0x8
000000010000a61c	sub	x28, x28, #0x8
000000010000a620	ldr	x10, [x28]
000000010000a624	ldr	x0, [x10]
000000010000a628	str	x0, [x28]
000000010000a62c	add	x28, x28, #0x8
000000010000a630	add	x17, x29, #0x0
000000010000a634	mov	x16, #0xfe68
000000010000a638	movk	x16, #0xffff, lsl #16
000000010000a63c	movk	x16, #0xffff, lsl #32
000000010000a640	movk	x16, #0xffff, lsl #48
000000010000a644	add	x17, x17, x16
000000010000a648	ldr	x0, [x17]
000000010000a64c	str	x0, [x28]
000000010000a650	add	x28, x28, #0x8
000000010000a654	sub	x28, x28, #0x8
000000010000a658	ldr	x1, [x28]
000000010000a65c	sub	x28, x28, #0x8
000000010000a660	ldr	x0, [x28]
000000010000a664	add	x0, x0, x1
000000010000a668	str	x0, [x28]
000000010000a66c	add	x28, x28, #0x8
000000010000a670	mov	x0, #0xffff
000000010000a674	movk	x0, #0xffff, lsl #16
000000010000a678	str	x0, [x28]
000000010000a67c	add	x28, x28, #0x8
000000010000a680	sub	x28, x28, #0x8
000000010000a684	ldr	x1, [x28]
000000010000a688	sub	x28, x28, #0x8
000000010000a68c	ldr	x0, [x28]
000000010000a690	and	x0, x0, x1
000000010000a694	str	x0, [x28]
000000010000a698	add	x28, x28, #0x8
000000010000a69c	sub	x28, x28, #0x8
000000010000a6a0	ldr	x0, [x28]
000000010000a6a4	sub	x28, x28, #0x8
000000010000a6a8	ldr	x10, [x28]
000000010000a6ac	str	x0, [x10]
000000010000a6b0	mov	x0, x29
000000010000a6b4	sub	x0, x0, #0x90
000000010000a6b8	str	x0, [x28]
000000010000a6bc	add	x28, x28, #0x8
000000010000a6c0	sub	x28, x28, #0x8
000000010000a6c4	ldr	x0, [x28]
000000010000a6c8	ldr	x0, [x0]
000000010000a6cc	str	x0, [x28]
000000010000a6d0	add	x28, x28, #0x8
000000010000a6d4	mov	x0, #0x3
000000010000a6d8	str	x0, [x28]
000000010000a6dc	add	x28, x28, #0x8
000000010000a6e0	sub	x28, x28, #0x8
000000010000a6e4	ldr	x1, [x28]
000000010000a6e8	sub	x28, x28, #0x8
000000010000a6ec	ldr	x0, [x28]
000000010000a6f0	mov	x9, #0x8
000000010000a6f4	mul	x1, x1, x9
000000010000a6f8	add	x0, x0, x1
000000010000a6fc	str	x0, [x28]
000000010000a700	add	x28, x28, #0x8
000000010000a704	mov	x0, x29
000000010000a708	sub	x0, x0, #0x90
000000010000a70c	str	x0, [x28]
000000010000a710	add	x28, x28, #0x8
000000010000a714	sub	x28, x28, #0x8
000000010000a718	ldr	x0, [x28]
000000010000a71c	ldr	x0, [x0]
000000010000a720	str	x0, [x28]
000000010000a724	add	x28, x28, #0x8
000000010000a728	mov	x0, #0x3
000000010000a72c	str	x0, [x28]
000000010000a730	add	x28, x28, #0x8
000000010000a734	sub	x28, x28, #0x8
000000010000a738	ldr	x1, [x28]
000000010000a73c	sub	x28, x28, #0x8
000000010000a740	ldr	x0, [x28]
000000010000a744	mov	x9, #0x8
000000010000a748	mul	x1, x1, x9
000000010000a74c	add	x0, x0, x1
000000010000a750	str	x0, [x28]
000000010000a754	add	x28, x28, #0x8
000000010000a758	sub	x28, x28, #0x8
000000010000a75c	ldr	x10, [x28]
000000010000a760	ldr	x0, [x10]
000000010000a764	str	x0, [x28]
000000010000a768	add	x28, x28, #0x8
000000010000a76c	add	x17, x29, #0x0
000000010000a770	mov	x16, #0xfe60
000000010000a774	movk	x16, #0xffff, lsl #16
000000010000a778	movk	x16, #0xffff, lsl #32
000000010000a77c	movk	x16, #0xffff, lsl #48
000000010000a780	add	x17, x17, x16
000000010000a784	ldr	x0, [x17]
000000010000a788	str	x0, [x28]
000000010000a78c	add	x28, x28, #0x8
000000010000a790	sub	x28, x28, #0x8
000000010000a794	ldr	x1, [x28]
000000010000a798	sub	x28, x28, #0x8
000000010000a79c	ldr	x0, [x28]
000000010000a7a0	add	x0, x0, x1
000000010000a7a4	str	x0, [x28]
000000010000a7a8	add	x28, x28, #0x8
000000010000a7ac	mov	x0, #0xffff
000000010000a7b0	movk	x0, #0xffff, lsl #16
000000010000a7b4	str	x0, [x28]
000000010000a7b8	add	x28, x28, #0x8
000000010000a7bc	sub	x28, x28, #0x8
000000010000a7c0	ldr	x1, [x28]
000000010000a7c4	sub	x28, x28, #0x8
000000010000a7c8	ldr	x0, [x28]
000000010000a7cc	and	x0, x0, x1
000000010000a7d0	str	x0, [x28]
000000010000a7d4	add	x28, x28, #0x8
000000010000a7d8	sub	x28, x28, #0x8
000000010000a7dc	ldr	x0, [x28]
000000010000a7e0	sub	x28, x28, #0x8
000000010000a7e4	ldr	x10, [x28]
000000010000a7e8	str	x0, [x10]
000000010000a7ec	mov	x0, x29
000000010000a7f0	sub	x0, x0, #0x90
000000010000a7f4	str	x0, [x28]
000000010000a7f8	add	x28, x28, #0x8
000000010000a7fc	sub	x28, x28, #0x8
000000010000a800	ldr	x0, [x28]
000000010000a804	ldr	x0, [x0]
000000010000a808	str	x0, [x28]
000000010000a80c	add	x28, x28, #0x8
000000010000a810	mov	x0, #0x4
000000010000a814	str	x0, [x28]
000000010000a818	add	x28, x28, #0x8
000000010000a81c	sub	x28, x28, #0x8
000000010000a820	ldr	x1, [x28]
000000010000a824	sub	x28, x28, #0x8
000000010000a828	ldr	x0, [x28]
000000010000a82c	mov	x9, #0x8
000000010000a830	mul	x1, x1, x9
000000010000a834	add	x0, x0, x1
000000010000a838	str	x0, [x28]
000000010000a83c	add	x28, x28, #0x8
000000010000a840	mov	x0, x29
000000010000a844	sub	x0, x0, #0x90
000000010000a848	str	x0, [x28]
000000010000a84c	add	x28, x28, #0x8
000000010000a850	sub	x28, x28, #0x8
000000010000a854	ldr	x0, [x28]
000000010000a858	ldr	x0, [x0]
000000010000a85c	str	x0, [x28]
000000010000a860	add	x28, x28, #0x8
000000010000a864	mov	x0, #0x4
000000010000a868	str	x0, [x28]
000000010000a86c	add	x28, x28, #0x8
000000010000a870	sub	x28, x28, #0x8
000000010000a874	ldr	x1, [x28]
000000010000a878	sub	x28, x28, #0x8
000000010000a87c	ldr	x0, [x28]
000000010000a880	mov	x9, #0x8
000000010000a884	mul	x1, x1, x9
000000010000a888	add	x0, x0, x1
000000010000a88c	str	x0, [x28]
000000010000a890	add	x28, x28, #0x8
000000010000a894	sub	x28, x28, #0x8
000000010000a898	ldr	x10, [x28]
000000010000a89c	ldr	x0, [x10]
000000010000a8a0	str	x0, [x28]
000000010000a8a4	add	x28, x28, #0x8
000000010000a8a8	add	x17, x29, #0x0
000000010000a8ac	mov	x16, #0xfe58
000000010000a8b0	movk	x16, #0xffff, lsl #16
000000010000a8b4	movk	x16, #0xffff, lsl #32
000000010000a8b8	movk	x16, #0xffff, lsl #48
000000010000a8bc	add	x17, x17, x16
000000010000a8c0	ldr	x0, [x17]
000000010000a8c4	str	x0, [x28]
000000010000a8c8	add	x28, x28, #0x8
000000010000a8cc	sub	x28, x28, #0x8
000000010000a8d0	ldr	x1, [x28]
000000010000a8d4	sub	x28, x28, #0x8
000000010000a8d8	ldr	x0, [x28]
000000010000a8dc	add	x0, x0, x1
000000010000a8e0	str	x0, [x28]
000000010000a8e4	add	x28, x28, #0x8
000000010000a8e8	mov	x0, #0xffff
000000010000a8ec	movk	x0, #0xffff, lsl #16
000000010000a8f0	str	x0, [x28]
000000010000a8f4	add	x28, x28, #0x8
000000010000a8f8	sub	x28, x28, #0x8
000000010000a8fc	ldr	x1, [x28]
000000010000a900	sub	x28, x28, #0x8
000000010000a904	ldr	x0, [x28]
000000010000a908	and	x0, x0, x1
000000010000a90c	str	x0, [x28]
000000010000a910	add	x28, x28, #0x8
000000010000a914	sub	x28, x28, #0x8
000000010000a918	ldr	x0, [x28]
000000010000a91c	sub	x28, x28, #0x8
000000010000a920	ldr	x10, [x28]
000000010000a924	str	x0, [x10]
000000010000a928	mov	x0, x29
000000010000a92c	sub	x0, x0, #0x90
000000010000a930	str	x0, [x28]
000000010000a934	add	x28, x28, #0x8
000000010000a938	sub	x28, x28, #0x8
000000010000a93c	ldr	x0, [x28]
000000010000a940	ldr	x0, [x0]
000000010000a944	str	x0, [x28]
000000010000a948	add	x28, x28, #0x8
000000010000a94c	mov	x0, #0x5
000000010000a950	str	x0, [x28]
000000010000a954	add	x28, x28, #0x8
000000010000a958	sub	x28, x28, #0x8
000000010000a95c	ldr	x1, [x28]
000000010000a960	sub	x28, x28, #0x8
000000010000a964	ldr	x0, [x28]
000000010000a968	mov	x9, #0x8
000000010000a96c	mul	x1, x1, x9
000000010000a970	add	x0, x0, x1
000000010000a974	str	x0, [x28]
000000010000a978	add	x28, x28, #0x8
000000010000a97c	mov	x0, x29
000000010000a980	sub	x0, x0, #0x90
000000010000a984	str	x0, [x28]
000000010000a988	add	x28, x28, #0x8
000000010000a98c	sub	x28, x28, #0x8
000000010000a990	ldr	x0, [x28]
000000010000a994	ldr	x0, [x0]
000000010000a998	str	x0, [x28]
000000010000a99c	add	x28, x28, #0x8
000000010000a9a0	mov	x0, #0x5
000000010000a9a4	str	x0, [x28]
000000010000a9a8	add	x28, x28, #0x8
000000010000a9ac	sub	x28, x28, #0x8
000000010000a9b0	ldr	x1, [x28]
000000010000a9b4	sub	x28, x28, #0x8
000000010000a9b8	ldr	x0, [x28]
000000010000a9bc	mov	x9, #0x8
000000010000a9c0	mul	x1, x1, x9
000000010000a9c4	add	x0, x0, x1
000000010000a9c8	str	x0, [x28]
000000010000a9cc	add	x28, x28, #0x8
000000010000a9d0	sub	x28, x28, #0x8
000000010000a9d4	ldr	x10, [x28]
000000010000a9d8	ldr	x0, [x10]
000000010000a9dc	str	x0, [x28]
000000010000a9e0	add	x28, x28, #0x8
000000010000a9e4	add	x17, x29, #0x0
000000010000a9e8	mov	x16, #0xfe50
000000010000a9ec	movk	x16, #0xffff, lsl #16
000000010000a9f0	movk	x16, #0xffff, lsl #32
000000010000a9f4	movk	x16, #0xffff, lsl #48
000000010000a9f8	add	x17, x17, x16
000000010000a9fc	ldr	x0, [x17]
000000010000aa00	str	x0, [x28]
000000010000aa04	add	x28, x28, #0x8
000000010000aa08	sub	x28, x28, #0x8
000000010000aa0c	ldr	x1, [x28]
000000010000aa10	sub	x28, x28, #0x8
000000010000aa14	ldr	x0, [x28]
000000010000aa18	add	x0, x0, x1
000000010000aa1c	str	x0, [x28]
000000010000aa20	add	x28, x28, #0x8
000000010000aa24	mov	x0, #0xffff
000000010000aa28	movk	x0, #0xffff, lsl #16
000000010000aa2c	str	x0, [x28]
000000010000aa30	add	x28, x28, #0x8
000000010000aa34	sub	x28, x28, #0x8
000000010000aa38	ldr	x1, [x28]
000000010000aa3c	sub	x28, x28, #0x8
000000010000aa40	ldr	x0, [x28]
000000010000aa44	and	x0, x0, x1
000000010000aa48	str	x0, [x28]
000000010000aa4c	add	x28, x28, #0x8
000000010000aa50	sub	x28, x28, #0x8
000000010000aa54	ldr	x0, [x28]
000000010000aa58	sub	x28, x28, #0x8
000000010000aa5c	ldr	x10, [x28]
000000010000aa60	str	x0, [x10]
000000010000aa64	mov	x0, x29
000000010000aa68	sub	x0, x0, #0x90
000000010000aa6c	str	x0, [x28]
000000010000aa70	add	x28, x28, #0x8
000000010000aa74	sub	x28, x28, #0x8
000000010000aa78	ldr	x0, [x28]
000000010000aa7c	ldr	x0, [x0]
000000010000aa80	str	x0, [x28]
000000010000aa84	add	x28, x28, #0x8
000000010000aa88	mov	x0, #0x6
000000010000aa8c	str	x0, [x28]
000000010000aa90	add	x28, x28, #0x8
000000010000aa94	sub	x28, x28, #0x8
000000010000aa98	ldr	x1, [x28]
000000010000aa9c	sub	x28, x28, #0x8
000000010000aaa0	ldr	x0, [x28]
000000010000aaa4	mov	x9, #0x8
000000010000aaa8	mul	x1, x1, x9
000000010000aaac	add	x0, x0, x1
000000010000aab0	str	x0, [x28]
000000010000aab4	add	x28, x28, #0x8
000000010000aab8	mov	x0, x29
000000010000aabc	sub	x0, x0, #0x90
000000010000aac0	str	x0, [x28]
000000010000aac4	add	x28, x28, #0x8
000000010000aac8	sub	x28, x28, #0x8
000000010000aacc	ldr	x0, [x28]
000000010000aad0	ldr	x0, [x0]
000000010000aad4	str	x0, [x28]
000000010000aad8	add	x28, x28, #0x8
000000010000aadc	mov	x0, #0x6
000000010000aae0	str	x0, [x28]
000000010000aae4	add	x28, x28, #0x8
000000010000aae8	sub	x28, x28, #0x8
000000010000aaec	ldr	x1, [x28]
000000010000aaf0	sub	x28, x28, #0x8
000000010000aaf4	ldr	x0, [x28]
000000010000aaf8	mov	x9, #0x8
000000010000aafc	mul	x1, x1, x9
000000010000ab00	add	x0, x0, x1
000000010000ab04	str	x0, [x28]
000000010000ab08	add	x28, x28, #0x8
000000010000ab0c	sub	x28, x28, #0x8
000000010000ab10	ldr	x10, [x28]
000000010000ab14	ldr	x0, [x10]
000000010000ab18	str	x0, [x28]
000000010000ab1c	add	x28, x28, #0x8
000000010000ab20	add	x17, x29, #0x0
000000010000ab24	mov	x16, #0xfe48
000000010000ab28	movk	x16, #0xffff, lsl #16
000000010000ab2c	movk	x16, #0xffff, lsl #32
000000010000ab30	movk	x16, #0xffff, lsl #48
000000010000ab34	add	x17, x17, x16
000000010000ab38	ldr	x0, [x17]
000000010000ab3c	str	x0, [x28]
000000010000ab40	add	x28, x28, #0x8
000000010000ab44	sub	x28, x28, #0x8
000000010000ab48	ldr	x1, [x28]
000000010000ab4c	sub	x28, x28, #0x8
000000010000ab50	ldr	x0, [x28]
000000010000ab54	add	x0, x0, x1
000000010000ab58	str	x0, [x28]
000000010000ab5c	add	x28, x28, #0x8
000000010000ab60	mov	x0, #0xffff
000000010000ab64	movk	x0, #0xffff, lsl #16
000000010000ab68	str	x0, [x28]
000000010000ab6c	add	x28, x28, #0x8
000000010000ab70	sub	x28, x28, #0x8
000000010000ab74	ldr	x1, [x28]
000000010000ab78	sub	x28, x28, #0x8
000000010000ab7c	ldr	x0, [x28]
000000010000ab80	and	x0, x0, x1
000000010000ab84	str	x0, [x28]
000000010000ab88	add	x28, x28, #0x8
000000010000ab8c	sub	x28, x28, #0x8
000000010000ab90	ldr	x0, [x28]
000000010000ab94	sub	x28, x28, #0x8
000000010000ab98	ldr	x10, [x28]
000000010000ab9c	str	x0, [x10]
000000010000aba0	mov	x0, x29
000000010000aba4	sub	x0, x0, #0x90
000000010000aba8	str	x0, [x28]
000000010000abac	add	x28, x28, #0x8
000000010000abb0	sub	x28, x28, #0x8
000000010000abb4	ldr	x0, [x28]
000000010000abb8	ldr	x0, [x0]
000000010000abbc	str	x0, [x28]
000000010000abc0	add	x28, x28, #0x8
000000010000abc4	mov	x0, #0x7
000000010000abc8	str	x0, [x28]
000000010000abcc	add	x28, x28, #0x8
000000010000abd0	sub	x28, x28, #0x8
000000010000abd4	ldr	x1, [x28]
000000010000abd8	sub	x28, x28, #0x8
000000010000abdc	ldr	x0, [x28]
000000010000abe0	mov	x9, #0x8
000000010000abe4	mul	x1, x1, x9
000000010000abe8	add	x0, x0, x1
000000010000abec	str	x0, [x28]
000000010000abf0	add	x28, x28, #0x8
000000010000abf4	mov	x0, x29
000000010000abf8	sub	x0, x0, #0x90
000000010000abfc	str	x0, [x28]
000000010000ac00	add	x28, x28, #0x8
000000010000ac04	sub	x28, x28, #0x8
000000010000ac08	ldr	x0, [x28]
000000010000ac0c	ldr	x0, [x0]
000000010000ac10	str	x0, [x28]
000000010000ac14	add	x28, x28, #0x8
000000010000ac18	mov	x0, #0x7
000000010000ac1c	str	x0, [x28]
000000010000ac20	add	x28, x28, #0x8
000000010000ac24	sub	x28, x28, #0x8
000000010000ac28	ldr	x1, [x28]
000000010000ac2c	sub	x28, x28, #0x8
000000010000ac30	ldr	x0, [x28]
000000010000ac34	mov	x9, #0x8
000000010000ac38	mul	x1, x1, x9
000000010000ac3c	add	x0, x0, x1
000000010000ac40	str	x0, [x28]
000000010000ac44	add	x28, x28, #0x8
000000010000ac48	sub	x28, x28, #0x8
000000010000ac4c	ldr	x10, [x28]
000000010000ac50	ldr	x0, [x10]
000000010000ac54	str	x0, [x28]
000000010000ac58	add	x28, x28, #0x8
000000010000ac5c	add	x17, x29, #0x0
000000010000ac60	mov	x16, #0xfe40
000000010000ac64	movk	x16, #0xffff, lsl #16
000000010000ac68	movk	x16, #0xffff, lsl #32
000000010000ac6c	movk	x16, #0xffff, lsl #48
000000010000ac70	add	x17, x17, x16
000000010000ac74	ldr	x0, [x17]
000000010000ac78	str	x0, [x28]
000000010000ac7c	add	x28, x28, #0x8
000000010000ac80	sub	x28, x28, #0x8
000000010000ac84	ldr	x1, [x28]
000000010000ac88	sub	x28, x28, #0x8
000000010000ac8c	ldr	x0, [x28]
000000010000ac90	add	x0, x0, x1
000000010000ac94	str	x0, [x28]
000000010000ac98	add	x28, x28, #0x8
000000010000ac9c	mov	x0, #0xffff
000000010000aca0	movk	x0, #0xffff, lsl #16
000000010000aca4	str	x0, [x28]
000000010000aca8	add	x28, x28, #0x8
000000010000acac	sub	x28, x28, #0x8
000000010000acb0	ldr	x1, [x28]
000000010000acb4	sub	x28, x28, #0x8
000000010000acb8	ldr	x0, [x28]
000000010000acbc	and	x0, x0, x1
000000010000acc0	str	x0, [x28]
000000010000acc4	add	x28, x28, #0x8
000000010000acc8	sub	x28, x28, #0x8
000000010000accc	ldr	x0, [x28]
000000010000acd0	sub	x28, x28, #0x8
000000010000acd4	ldr	x10, [x28]
000000010000acd8	str	x0, [x10]
000000010000acdc	mov	x0, x29
000000010000ace0	sub	x0, x0, #0x168
000000010000ace4	str	x0, [x28]
000000010000ace8	add	x28, x28, #0x8
000000010000acec	add	x17, x29, #0x0
000000010000acf0	mov	x16, #0xfe98
000000010000acf4	movk	x16, #0xffff, lsl #16
000000010000acf8	movk	x16, #0xffff, lsl #32
000000010000acfc	movk	x16, #0xffff, lsl #48
000000010000ad00	add	x17, x17, x16
000000010000ad04	ldr	x0, [x17]
000000010000ad08	str	x0, [x28]
000000010000ad0c	add	x28, x28, #0x8
000000010000ad10	mov	x0, #0x40
000000010000ad14	str	x0, [x28]
000000010000ad18	add	x28, x28, #0x8
000000010000ad1c	sub	x28, x28, #0x8
000000010000ad20	ldr	x1, [x28]
000000010000ad24	sub	x28, x28, #0x8
000000010000ad28	ldr	x0, [x28]
000000010000ad2c	add	x0, x0, x1
000000010000ad30	sxtw	x0, w0
000000010000ad34	str	x0, [x28]
000000010000ad38	add	x28, x28, #0x8
000000010000ad3c	sub	x28, x28, #0x8
000000010000ad40	ldr	x0, [x28]
000000010000ad44	sub	x28, x28, #0x8
000000010000ad48	ldr	x10, [x28]
000000010000ad4c	str	x0, [x10]
000000010000ad50	b	0x100008330
000000010000ad54	mov	x0, x29
000000010000ad58	sub	x0, x0, #0x158
000000010000ad5c	str	x0, [x28]
000000010000ad60	add	x28, x28, #0x8
000000010000ad64	mov	x0, #0x0
000000010000ad68	str	x0, [x28]
000000010000ad6c	add	x28, x28, #0x8
000000010000ad70	sub	x28, x28, #0x8
000000010000ad74	ldr	x0, [x28]
000000010000ad78	sub	x28, x28, #0x8
000000010000ad7c	ldr	x10, [x28]
000000010000ad80	str	x0, [x10]
000000010000ad84	add	x17, x29, #0x0
000000010000ad88	mov	x16, #0xfea8
000000010000ad8c	movk	x16, #0xffff, lsl #16
000000010000ad90	movk	x16, #0xffff, lsl #32
000000010000ad94	movk	x16, #0xffff, lsl #48
000000010000ad98	add	x17, x17, x16
000000010000ad9c	ldr	x0, [x17]
000000010000ada0	str	x0, [x28]
000000010000ada4	add	x28, x28, #0x8
000000010000ada8	mov	x0, #0x8
000000010000adac	str	x0, [x28]
000000010000adb0	add	x28, x28, #0x8
000000010000adb4	sub	x28, x28, #0x8
000000010000adb8	ldr	x1, [x28]
000000010000adbc	sub	x28, x28, #0x8
000000010000adc0	ldr	x0, [x28]
000000010000adc4	cmp	x0, x1
000000010000adc8	b.ge	0x10000add4
000000010000adcc	mov	x0, #0x1
000000010000add0	b	0x10000add8
000000010000add4	mov	x0, #0x0
000000010000add8	str	x0, [x28]
000000010000addc	add	x28, x28, #0x8
000000010000ade0	sub	x28, x28, #0x8
000000010000ade4	ldr	x0, [x28]
000000010000ade8	cmp	x0, #0x0
000000010000adec	b.eq	0x10000b4e4
000000010000adf0	ldur	x0, [x29, #-0x10]
000000010000adf4	str	x0, [x28]
000000010000adf8	add	x28, x28, #0x8
000000010000adfc	sub	x28, x28, #0x8
000000010000ae00	ldr	x0, [x28]
000000010000ae04	ldr	x0, [x0]
000000010000ae08	str	x0, [x28]
000000010000ae0c	add	x28, x28, #0x8
000000010000ae10	add	x17, x29, #0x0
000000010000ae14	mov	x16, #0xfea8
000000010000ae18	movk	x16, #0xffff, lsl #16
000000010000ae1c	movk	x16, #0xffff, lsl #32
000000010000ae20	movk	x16, #0xffff, lsl #48
000000010000ae24	add	x17, x17, x16
000000010000ae28	ldr	x0, [x17]
000000010000ae2c	str	x0, [x28]
000000010000ae30	add	x28, x28, #0x8
000000010000ae34	mov	x0, #0x4
000000010000ae38	str	x0, [x28]
000000010000ae3c	add	x28, x28, #0x8
000000010000ae40	sub	x28, x28, #0x8
000000010000ae44	ldr	x1, [x28]
000000010000ae48	sub	x28, x28, #0x8
000000010000ae4c	ldr	x0, [x28]
000000010000ae50	mul	x0, x0, x1
000000010000ae54	sxtw	x0, w0
000000010000ae58	str	x0, [x28]
000000010000ae5c	add	x28, x28, #0x8
000000010000ae60	sub	x28, x28, #0x8
000000010000ae64	ldr	x1, [x28]
000000010000ae68	sub	x28, x28, #0x8
000000010000ae6c	ldr	x0, [x28]
000000010000ae70	add	x0, x0, x1
000000010000ae74	str	x0, [x28]
000000010000ae78	add	x28, x28, #0x8
000000010000ae7c	mov	x0, x29
000000010000ae80	sub	x0, x0, #0x90
000000010000ae84	str	x0, [x28]
000000010000ae88	add	x28, x28, #0x8
000000010000ae8c	sub	x28, x28, #0x8
000000010000ae90	ldr	x0, [x28]
000000010000ae94	ldr	x0, [x0]
000000010000ae98	str	x0, [x28]
000000010000ae9c	add	x28, x28, #0x8
000000010000aea0	add	x17, x29, #0x0
000000010000aea4	mov	x16, #0xfea8
000000010000aea8	movk	x16, #0xffff, lsl #16
000000010000aeac	movk	x16, #0xffff, lsl #32
000000010000aeb0	movk	x16, #0xffff, lsl #48
000000010000aeb4	add	x17, x17, x16
000000010000aeb8	ldr	x0, [x17]
000000010000aebc	str	x0, [x28]
000000010000aec0	add	x28, x28, #0x8
000000010000aec4	sub	x28, x28, #0x8
000000010000aec8	ldr	x1, [x28]
000000010000aecc	sub	x28, x28, #0x8
000000010000aed0	ldr	x0, [x28]
000000010000aed4	mov	x9, #0x8
000000010000aed8	mul	x1, x1, x9
000000010000aedc	add	x0, x0, x1
000000010000aee0	str	x0, [x28]
000000010000aee4	add	x28, x28, #0x8
000000010000aee8	sub	x28, x28, #0x8
000000010000aeec	ldr	x10, [x28]
000000010000aef0	ldr	x0, [x10]
000000010000aef4	str	x0, [x28]
000000010000aef8	add	x28, x28, #0x8
000000010000aefc	mov	x0, #0x18
000000010000af00	str	x0, [x28]
000000010000af04	add	x28, x28, #0x8
000000010000af08	sub	x28, x28, #0x8
000000010000af0c	ldr	x1, [x28]
000000010000af10	sub	x28, x28, #0x8
000000010000af14	ldr	x0, [x28]
000000010000af18	asr	x0, x0, x1
000000010000af1c	str	x0, [x28]
000000010000af20	add	x28, x28, #0x8
000000010000af24	mov	x0, #0xff
000000010000af28	str	x0, [x28]
000000010000af2c	add	x28, x28, #0x8
000000010000af30	sub	x28, x28, #0x8
000000010000af34	ldr	x1, [x28]
000000010000af38	sub	x28, x28, #0x8
000000010000af3c	ldr	x0, [x28]
000000010000af40	and	x0, x0, x1
000000010000af44	str	x0, [x28]
000000010000af48	add	x28, x28, #0x8
000000010000af4c	sub	x28, x28, #0x8
000000010000af50	ldr	x0, [x28]
000000010000af54	mov	x9, #0xff
000000010000af58	and	x0, x0, x9
000000010000af5c	str	x0, [x28]
000000010000af60	add	x28, x28, #0x8
000000010000af64	sub	x28, x28, #0x8
000000010000af68	ldr	x0, [x28]
000000010000af6c	sub	x28, x28, #0x8
000000010000af70	ldr	x10, [x28]
000000010000af74	strb	w0, [x10]
000000010000af78	ldur	x0, [x29, #-0x10]
000000010000af7c	str	x0, [x28]
000000010000af80	add	x28, x28, #0x8
000000010000af84	sub	x28, x28, #0x8
000000010000af88	ldr	x0, [x28]
000000010000af8c	ldr	x0, [x0]
000000010000af90	str	x0, [x28]
000000010000af94	add	x28, x28, #0x8
000000010000af98	add	x17, x29, #0x0
000000010000af9c	mov	x16, #0xfea8
000000010000afa0	movk	x16, #0xffff, lsl #16
000000010000afa4	movk	x16, #0xffff, lsl #32
000000010000afa8	movk	x16, #0xffff, lsl #48
000000010000afac	add	x17, x17, x16
000000010000afb0	ldr	x0, [x17]
000000010000afb4	str	x0, [x28]
000000010000afb8	add	x28, x28, #0x8
000000010000afbc	mov	x0, #0x4
000000010000afc0	str	x0, [x28]
000000010000afc4	add	x28, x28, #0x8
000000010000afc8	sub	x28, x28, #0x8
000000010000afcc	ldr	x1, [x28]
000000010000afd0	sub	x28, x28, #0x8
000000010000afd4	ldr	x0, [x28]
000000010000afd8	mul	x0, x0, x1
000000010000afdc	sxtw	x0, w0
000000010000afe0	str	x0, [x28]
000000010000afe4	add	x28, x28, #0x8
000000010000afe8	mov	x0, #0x1
000000010000afec	str	x0, [x28]
000000010000aff0	add	x28, x28, #0x8
000000010000aff4	sub	x28, x28, #0x8
000000010000aff8	ldr	x1, [x28]
000000010000affc	sub	x28, x28, #0x8
000000010000b000	ldr	x0, [x28]
000000010000b004	add	x0, x0, x1
000000010000b008	sxtw	x0, w0
000000010000b00c	str	x0, [x28]
000000010000b010	add	x28, x28, #0x8
000000010000b014	sub	x28, x28, #0x8
000000010000b018	ldr	x1, [x28]
000000010000b01c	sub	x28, x28, #0x8
000000010000b020	ldr	x0, [x28]
000000010000b024	add	x0, x0, x1
000000010000b028	str	x0, [x28]
000000010000b02c	add	x28, x28, #0x8
000000010000b030	mov	x0, x29
000000010000b034	sub	x0, x0, #0x90
000000010000b038	str	x0, [x28]
000000010000b03c	add	x28, x28, #0x8
000000010000b040	sub	x28, x28, #0x8
000000010000b044	ldr	x0, [x28]
000000010000b048	ldr	x0, [x0]
000000010000b04c	str	x0, [x28]
000000010000b050	add	x28, x28, #0x8
000000010000b054	add	x17, x29, #0x0
000000010000b058	mov	x16, #0xfea8
000000010000b05c	movk	x16, #0xffff, lsl #16
000000010000b060	movk	x16, #0xffff, lsl #32
000000010000b064	movk	x16, #0xffff, lsl #48
000000010000b068	add	x17, x17, x16
000000010000b06c	ldr	x0, [x17]
000000010000b070	str	x0, [x28]
000000010000b074	add	x28, x28, #0x8
000000010000b078	sub	x28, x28, #0x8
000000010000b07c	ldr	x1, [x28]
000000010000b080	sub	x28, x28, #0x8
000000010000b084	ldr	x0, [x28]
000000010000b088	mov	x9, #0x8
000000010000b08c	mul	x1, x1, x9
000000010000b090	add	x0, x0, x1
000000010000b094	str	x0, [x28]
000000010000b098	add	x28, x28, #0x8
000000010000b09c	sub	x28, x28, #0x8
000000010000b0a0	ldr	x10, [x28]
000000010000b0a4	ldr	x0, [x10]
000000010000b0a8	str	x0, [x28]
000000010000b0ac	add	x28, x28, #0x8
000000010000b0b0	mov	x0, #0x10
000000010000b0b4	str	x0, [x28]
000000010000b0b8	add	x28, x28, #0x8
000000010000b0bc	sub	x28, x28, #0x8
000000010000b0c0	ldr	x1, [x28]
000000010000b0c4	sub	x28, x28, #0x8
000000010000b0c8	ldr	x0, [x28]
000000010000b0cc	asr	x0, x0, x1
000000010000b0d0	str	x0, [x28]
000000010000b0d4	add	x28, x28, #0x8
000000010000b0d8	mov	x0, #0xff
000000010000b0dc	str	x0, [x28]
000000010000b0e0	add	x28, x28, #0x8
000000010000b0e4	sub	x28, x28, #0x8
000000010000b0e8	ldr	x1, [x28]
000000010000b0ec	sub	x28, x28, #0x8
000000010000b0f0	ldr	x0, [x28]
000000010000b0f4	and	x0, x0, x1
000000010000b0f8	str	x0, [x28]
000000010000b0fc	add	x28, x28, #0x8
000000010000b100	sub	x28, x28, #0x8
000000010000b104	ldr	x0, [x28]
000000010000b108	mov	x9, #0xff
000000010000b10c	and	x0, x0, x9
000000010000b110	str	x0, [x28]
000000010000b114	add	x28, x28, #0x8
000000010000b118	sub	x28, x28, #0x8
000000010000b11c	ldr	x0, [x28]
000000010000b120	sub	x28, x28, #0x8
000000010000b124	ldr	x10, [x28]
000000010000b128	strb	w0, [x10]
000000010000b12c	ldur	x0, [x29, #-0x10]
000000010000b130	str	x0, [x28]
000000010000b134	add	x28, x28, #0x8
000000010000b138	sub	x28, x28, #0x8
000000010000b13c	ldr	x0, [x28]
000000010000b140	ldr	x0, [x0]
000000010000b144	str	x0, [x28]
000000010000b148	add	x28, x28, #0x8
000000010000b14c	add	x17, x29, #0x0
000000010000b150	mov	x16, #0xfea8
000000010000b154	movk	x16, #0xffff, lsl #16
000000010000b158	movk	x16, #0xffff, lsl #32
000000010000b15c	movk	x16, #0xffff, lsl #48
000000010000b160	add	x17, x17, x16
000000010000b164	ldr	x0, [x17]
000000010000b168	str	x0, [x28]
000000010000b16c	add	x28, x28, #0x8
000000010000b170	mov	x0, #0x4
000000010000b174	str	x0, [x28]
000000010000b178	add	x28, x28, #0x8
000000010000b17c	sub	x28, x28, #0x8
000000010000b180	ldr	x1, [x28]
000000010000b184	sub	x28, x28, #0x8
000000010000b188	ldr	x0, [x28]
000000010000b18c	mul	x0, x0, x1
000000010000b190	sxtw	x0, w0
000000010000b194	str	x0, [x28]
000000010000b198	add	x28, x28, #0x8
000000010000b19c	mov	x0, #0x2
000000010000b1a0	str	x0, [x28]
000000010000b1a4	add	x28, x28, #0x8
000000010000b1a8	sub	x28, x28, #0x8
000000010000b1ac	ldr	x1, [x28]
000000010000b1b0	sub	x28, x28, #0x8
000000010000b1b4	ldr	x0, [x28]
000000010000b1b8	add	x0, x0, x1
000000010000b1bc	sxtw	x0, w0
000000010000b1c0	str	x0, [x28]
000000010000b1c4	add	x28, x28, #0x8
000000010000b1c8	sub	x28, x28, #0x8
000000010000b1cc	ldr	x1, [x28]
000000010000b1d0	sub	x28, x28, #0x8
000000010000b1d4	ldr	x0, [x28]
000000010000b1d8	add	x0, x0, x1
000000010000b1dc	str	x0, [x28]
000000010000b1e0	add	x28, x28, #0x8
000000010000b1e4	mov	x0, x29
000000010000b1e8	sub	x0, x0, #0x90
000000010000b1ec	str	x0, [x28]
000000010000b1f0	add	x28, x28, #0x8
000000010000b1f4	sub	x28, x28, #0x8
000000010000b1f8	ldr	x0, [x28]
000000010000b1fc	ldr	x0, [x0]
000000010000b200	str	x0, [x28]
000000010000b204	add	x28, x28, #0x8
000000010000b208	add	x17, x29, #0x0
000000010000b20c	mov	x16, #0xfea8
000000010000b210	movk	x16, #0xffff, lsl #16
000000010000b214	movk	x16, #0xffff, lsl #32
000000010000b218	movk	x16, #0xffff, lsl #48
000000010000b21c	add	x17, x17, x16
000000010000b220	ldr	x0, [x17]
000000010000b224	str	x0, [x28]
000000010000b228	add	x28, x28, #0x8
000000010000b22c	sub	x28, x28, #0x8
000000010000b230	ldr	x1, [x28]
000000010000b234	sub	x28, x28, #0x8
000000010000b238	ldr	x0, [x28]
000000010000b23c	mov	x9, #0x8
000000010000b240	mul	x1, x1, x9
000000010000b244	add	x0, x0, x1
000000010000b248	str	x0, [x28]
000000010000b24c	add	x28, x28, #0x8
000000010000b250	sub	x28, x28, #0x8
000000010000b254	ldr	x10, [x28]
000000010000b258	ldr	x0, [x10]
000000010000b25c	str	x0, [x28]
000000010000b260	add	x28, x28, #0x8
000000010000b264	mov	x0, #0x8
000000010000b268	str	x0, [x28]
000000010000b26c	add	x28, x28, #0x8
000000010000b270	sub	x28, x28, #0x8
000000010000b274	ldr	x1, [x28]
000000010000b278	sub	x28, x28, #0x8
000000010000b27c	ldr	x0, [x28]
000000010000b280	asr	x0, x0, x1
000000010000b284	str	x0, [x28]
000000010000b288	add	x28, x28, #0x8
000000010000b28c	mov	x0, #0xff
000000010000b290	str	x0, [x28]
000000010000b294	add	x28, x28, #0x8
000000010000b298	sub	x28, x28, #0x8
000000010000b29c	ldr	x1, [x28]
000000010000b2a0	sub	x28, x28, #0x8
000000010000b2a4	ldr	x0, [x28]
000000010000b2a8	and	x0, x0, x1
000000010000b2ac	str	x0, [x28]
000000010000b2b0	add	x28, x28, #0x8
000000010000b2b4	sub	x28, x28, #0x8
000000010000b2b8	ldr	x0, [x28]
000000010000b2bc	mov	x9, #0xff
000000010000b2c0	and	x0, x0, x9
000000010000b2c4	str	x0, [x28]
000000010000b2c8	add	x28, x28, #0x8
000000010000b2cc	sub	x28, x28, #0x8
000000010000b2d0	ldr	x0, [x28]
000000010000b2d4	sub	x28, x28, #0x8
000000010000b2d8	ldr	x10, [x28]
000000010000b2dc	strb	w0, [x10]
000000010000b2e0	ldur	x0, [x29, #-0x10]
000000010000b2e4	str	x0, [x28]
000000010000b2e8	add	x28, x28, #0x8
000000010000b2ec	sub	x28, x28, #0x8
000000010000b2f0	ldr	x0, [x28]
000000010000b2f4	ldr	x0, [x0]
000000010000b2f8	str	x0, [x28]
000000010000b2fc	add	x28, x28, #0x8
000000010000b300	add	x17, x29, #0x0
000000010000b304	mov	x16, #0xfea8
000000010000b308	movk	x16, #0xffff, lsl #16
000000010000b30c	movk	x16, #0xffff, lsl #32
000000010000b310	movk	x16, #0xffff, lsl #48
000000010000b314	add	x17, x17, x16
000000010000b318	ldr	x0, [x17]
000000010000b31c	str	x0, [x28]
000000010000b320	add	x28, x28, #0x8
000000010000b324	mov	x0, #0x4
000000010000b328	str	x0, [x28]
000000010000b32c	add	x28, x28, #0x8
000000010000b330	sub	x28, x28, #0x8
000000010000b334	ldr	x1, [x28]
000000010000b338	sub	x28, x28, #0x8
000000010000b33c	ldr	x0, [x28]
000000010000b340	mul	x0, x0, x1
000000010000b344	sxtw	x0, w0
000000010000b348	str	x0, [x28]
000000010000b34c	add	x28, x28, #0x8
000000010000b350	mov	x0, #0x3
000000010000b354	str	x0, [x28]
000000010000b358	add	x28, x28, #0x8
000000010000b35c	sub	x28, x28, #0x8
000000010000b360	ldr	x1, [x28]
000000010000b364	sub	x28, x28, #0x8
000000010000b368	ldr	x0, [x28]
000000010000b36c	add	x0, x0, x1
000000010000b370	sxtw	x0, w0
000000010000b374	str	x0, [x28]
000000010000b378	add	x28, x28, #0x8
000000010000b37c	sub	x28, x28, #0x8
000000010000b380	ldr	x1, [x28]
000000010000b384	sub	x28, x28, #0x8
000000010000b388	ldr	x0, [x28]
000000010000b38c	add	x0, x0, x1
000000010000b390	str	x0, [x28]
000000010000b394	add	x28, x28, #0x8
000000010000b398	mov	x0, x29
000000010000b39c	sub	x0, x0, #0x90
000000010000b3a0	str	x0, [x28]
000000010000b3a4	add	x28, x28, #0x8
000000010000b3a8	sub	x28, x28, #0x8
000000010000b3ac	ldr	x0, [x28]
000000010000b3b0	ldr	x0, [x0]
000000010000b3b4	str	x0, [x28]
000000010000b3b8	add	x28, x28, #0x8
000000010000b3bc	add	x17, x29, #0x0
000000010000b3c0	mov	x16, #0xfea8
000000010000b3c4	movk	x16, #0xffff, lsl #16
000000010000b3c8	movk	x16, #0xffff, lsl #32
000000010000b3cc	movk	x16, #0xffff, lsl #48
000000010000b3d0	add	x17, x17, x16
000000010000b3d4	ldr	x0, [x17]
000000010000b3d8	str	x0, [x28]
000000010000b3dc	add	x28, x28, #0x8
000000010000b3e0	sub	x28, x28, #0x8
000000010000b3e4	ldr	x1, [x28]
000000010000b3e8	sub	x28, x28, #0x8
000000010000b3ec	ldr	x0, [x28]
000000010000b3f0	mov	x9, #0x8
000000010000b3f4	mul	x1, x1, x9
000000010000b3f8	add	x0, x0, x1
000000010000b3fc	str	x0, [x28]
000000010000b400	add	x28, x28, #0x8
000000010000b404	sub	x28, x28, #0x8
000000010000b408	ldr	x10, [x28]
000000010000b40c	ldr	x0, [x10]
000000010000b410	str	x0, [x28]
000000010000b414	add	x28, x28, #0x8
000000010000b418	mov	x0, #0xff
000000010000b41c	str	x0, [x28]
000000010000b420	add	x28, x28, #0x8
000000010000b424	sub	x28, x28, #0x8
000000010000b428	ldr	x1, [x28]
000000010000b42c	sub	x28, x28, #0x8
000000010000b430	ldr	x0, [x28]
000000010000b434	and	x0, x0, x1
000000010000b438	str	x0, [x28]
000000010000b43c	add	x28, x28, #0x8
000000010000b440	sub	x28, x28, #0x8
000000010000b444	ldr	x0, [x28]
000000010000b448	mov	x9, #0xff
000000010000b44c	and	x0, x0, x9
000000010000b450	str	x0, [x28]
000000010000b454	add	x28, x28, #0x8
000000010000b458	sub	x28, x28, #0x8
000000010000b45c	ldr	x0, [x28]
000000010000b460	sub	x28, x28, #0x8
000000010000b464	ldr	x10, [x28]
000000010000b468	strb	w0, [x10]
000000010000b46c	mov	x0, x29
000000010000b470	sub	x0, x0, #0x158
000000010000b474	str	x0, [x28]
000000010000b478	add	x28, x28, #0x8
000000010000b47c	add	x17, x29, #0x0
000000010000b480	mov	x16, #0xfea8
000000010000b484	movk	x16, #0xffff, lsl #16
000000010000b488	movk	x16, #0xffff, lsl #32
000000010000b48c	movk	x16, #0xffff, lsl #48
000000010000b490	add	x17, x17, x16
000000010000b494	ldr	x0, [x17]
000000010000b498	str	x0, [x28]
000000010000b49c	add	x28, x28, #0x8
000000010000b4a0	mov	x0, #0x1
000000010000b4a4	str	x0, [x28]
000000010000b4a8	add	x28, x28, #0x8
000000010000b4ac	sub	x28, x28, #0x8
000000010000b4b0	ldr	x1, [x28]
000000010000b4b4	sub	x28, x28, #0x8
000000010000b4b8	ldr	x0, [x28]
000000010000b4bc	add	x0, x0, x1
000000010000b4c0	sxtw	x0, w0
000000010000b4c4	str	x0, [x28]
000000010000b4c8	add	x28, x28, #0x8
000000010000b4cc	sub	x28, x28, #0x8
000000010000b4d0	ldr	x0, [x28]
000000010000b4d4	sub	x28, x28, #0x8
000000010000b4d8	ldr	x10, [x28]
000000010000b4dc	str	x0, [x10]
000000010000b4e0	b	0x10000ad84
000000010000b4e4	mov	x0, x29
000000010000b4e8	sub	x0, x0, #0x28
000000010000b4ec	str	x0, [x28]
000000010000b4f0	add	x28, x28, #0x8
000000010000b4f4	sub	x28, x28, #0x8
000000010000b4f8	ldr	x11, [x28]
000000010000b4fc	mov	x10, x29
000000010000b500	sub	x10, x10, #0x200
000000010000b504	ldr	x9, [x11]
000000010000b508	str	x9, [x10]
000000010000b50c	ldr	x9, [x11, #0x8]
000000010000b510	str	x9, [x10, #0x8]
000000010000b514	mov	x0, x29
000000010000b518	sub	x0, x0, #0x200
000000010000b51c	str	x0, [x28]
000000010000b520	add	x28, x28, #0x8
000000010000b524	sub	x28, x28, #0x8
000000010000b528	ldr	x0, [x28]
000000010000b52c	bl	0x100001434
000000010000b530	str	x0, [x28]
000000010000b534	add	x28, x28, #0x8
000000010000b538	sub	x28, x28, #0x8
000000010000b53c	ldr	x0, [x28]
000000010000b540	ldur	x0, [x29, #-0x40]
000000010000b544	str	x0, [x28]
000000010000b548	add	x28, x28, #0x8
000000010000b54c	sub	x28, x28, #0x8
000000010000b550	ldr	x0, [x28]
000000010000b554	mov	x0, #0x0
000000010000b558	str	x0, [x28]
000000010000b55c	add	x28, x28, #0x8
000000010000b560	sub	x28, x28, #0x8
000000010000b564	ldr	x0, [x28]
000000010000b568	ldur	x0, [x29, #-0x48]
000000010000b56c	str	x0, [x28]
000000010000b570	add	x28, x28, #0x8
000000010000b574	sub	x28, x28, #0x8
000000010000b578	ldr	x0, [x28]
000000010000b57c	mov	x0, #0x0
000000010000b580	str	x0, [x28]
000000010000b584	add	x28, x28, #0x8
000000010000b588	sub	x28, x28, #0x8
000000010000b58c	ldr	x0, [x28]
000000010000b590	ldur	x0, [x29, #-0x50]
000000010000b594	str	x0, [x28]
000000010000b598	add	x28, x28, #0x8
000000010000b59c	sub	x28, x28, #0x8
000000010000b5a0	ldr	x0, [x28]
000000010000b5a4	mov	x0, #0x0
000000010000b5a8	str	x0, [x28]
000000010000b5ac	add	x28, x28, #0x8
000000010000b5b0	sub	x28, x28, #0x8
000000010000b5b4	ldr	x0, [x28]
000000010000b5b8	mov	x0, #0x0
000000010000b5bc	str	x0, [x28]
000000010000b5c0	add	x28, x28, #0x8
000000010000b5c4	sub	x28, x28, #0x8
000000010000b5c8	ldr	x0, [x28]
000000010000b5cc	b	0x10000b5d0
000000010000b5d0	mov	sp, x29
000000010000b5d4	ldr	x29, [sp]
000000010000b5d8	ldr	x30, [sp, #0x8]
000000010000b5dc	ldr	x28, [sp, #0x10]
000000010000b5e0	add	sp, sp, #0x20
000000010000b5e4	ret
000000010000b5e8	sub	sp, sp, #0x20
000000010000b5ec	str	x29, [sp]
000000010000b5f0	str	x30, [sp, #0x8]
000000010000b5f4	str	x28, [sp, #0x10]
000000010000b5f8	mov	x29, sp
000000010000b5fc	sub	sp, sp, #0x1f0
000000010000b600	mov	x28, sp
000000010000b604	stur	x0, [x29, #-0x8]
000000010000b608	stur	x8, [x29, #-0x10]
000000010000b60c	ldur	x0, [x29, #-0x8]
000000010000b610	str	x0, [x28]
000000010000b614	add	x28, x28, #0x8
000000010000b618	sub	x28, x28, #0x8
000000010000b61c	ldr	x10, [x28]
000000010000b620	ldr	x0, [x10, #0x8]
000000010000b624	str	x0, [x28]
000000010000b628	add	x28, x28, #0x8
000000010000b62c	mov	x0, #0x1
000000010000b630	str	x0, [x28]
000000010000b634	add	x28, x28, #0x8
000000010000b638	sub	x28, x28, #0x8
000000010000b63c	ldr	x1, [x28]
000000010000b640	sub	x28, x28, #0x8
000000010000b644	ldr	x0, [x28]
000000010000b648	cmp	x0, x1
000000010000b64c	b.ge	0x10000b658
000000010000b650	mov	x0, #0x1
000000010000b654	b	0x10000b65c
000000010000b658	mov	x0, #0x0
000000010000b65c	str	x0, [x28]
000000010000b660	add	x28, x28, #0x8
000000010000b664	sub	x28, x28, #0x8
000000010000b668	ldr	x0, [x28]
000000010000b66c	cmp	x0, #0x0
000000010000b670	b.ne	0x10000b6e4
000000010000b674	ldur	x0, [x29, #-0x8]
000000010000b678	str	x0, [x28]
000000010000b67c	add	x28, x28, #0x8
000000010000b680	sub	x28, x28, #0x8
000000010000b684	ldr	x10, [x28]
000000010000b688	ldr	x0, [x10, #0x8]
000000010000b68c	str	x0, [x28]
000000010000b690	add	x28, x28, #0x8
000000010000b694	mov	x0, #0x400
000000010000b698	str	x0, [x28]
000000010000b69c	add	x28, x28, #0x8
000000010000b6a0	sub	x28, x28, #0x8
000000010000b6a4	ldr	x1, [x28]
000000010000b6a8	sub	x28, x28, #0x8
000000010000b6ac	ldr	x0, [x28]
000000010000b6b0	cmp	x0, x1
000000010000b6b4	b.le	0x10000b6c0
000000010000b6b8	mov	x0, #0x1
000000010000b6bc	b	0x10000b6c4
000000010000b6c0	mov	x0, #0x0
000000010000b6c4	str	x0, [x28]
000000010000b6c8	add	x28, x28, #0x8
000000010000b6cc	sub	x28, x28, #0x8
000000010000b6d0	ldr	x0, [x28]
000000010000b6d4	cmp	x0, #0x0
000000010000b6d8	b.ne	0x10000b6e4
000000010000b6dc	mov	x0, #0x0
000000010000b6e0	b	0x10000b6e8
000000010000b6e4	mov	x0, #0x1
000000010000b6e8	str	x0, [x28]
000000010000b6ec	add	x28, x28, #0x8
000000010000b6f0	sub	x28, x28, #0x8
000000010000b6f4	ldr	x0, [x28]
000000010000b6f8	cmp	x0, #0x0
000000010000b6fc	b.eq	0x10000b74c
000000010000b700	adrp	x0, 13 ; 0x100018000
000000010000b704	add	x0, x0, #0x2a2
000000010000b708	stur	x0, [x29, #-0x20]
000000010000b70c	mov	x0, #0x0
000000010000b710	stur	x0, [x29, #-0x18]
000000010000b714	mov	x0, x29
000000010000b718	sub	x0, x0, #0x20
000000010000b71c	str	x0, [x28]
000000010000b720	add	x28, x28, #0x8
000000010000b724	sub	x28, x28, #0x8
000000010000b728	ldr	x11, [x28]
000000010000b72c	ldur	x10, [x29, #-0x10]
000000010000b730	ldr	x9, [x11]
000000010000b734	str	x9, [x10]
000000010000b738	ldr	x9, [x11, #0x8]
000000010000b73c	str	x9, [x10, #0x8]
000000010000b740	mov	x0, x10
000000010000b744	b	0x10000bcb8
000000010000b748	b	0x10000b74c
000000010000b74c	ldur	x0, [x29, #-0x8]
000000010000b750	str	x0, [x28]
000000010000b754	add	x28, x28, #0x8
000000010000b758	sub	x28, x28, #0x8
000000010000b75c	ldr	x10, [x28]
000000010000b760	ldr	x0, [x10, #0x8]
000000010000b764	str	x0, [x28]
000000010000b768	add	x28, x28, #0x8
000000010000b76c	mov	x0, #0x2
000000010000b770	str	x0, [x28]
000000010000b774	add	x28, x28, #0x8
000000010000b778	sub	x28, x28, #0x8
000000010000b77c	ldr	x1, [x28]
000000010000b780	sub	x28, x28, #0x8
000000010000b784	ldr	x0, [x28]
000000010000b788	mul	x0, x0, x1
000000010000b78c	str	x0, [x28]
000000010000b790	add	x28, x28, #0x8
000000010000b794	sub	x28, x28, #0x8
000000010000b798	ldr	x0, [x28]
000000010000b79c	mov	x8, x29
000000010000b7a0	sub	x8, x8, #0x40
000000010000b7a4	bl	0x10000101c
000000010000b7a8	str	x0, [x28]
000000010000b7ac	add	x28, x28, #0x8
000000010000b7b0	sub	x28, x28, #0x8
000000010000b7b4	ldr	x11, [x28]
000000010000b7b8	mov	x10, x29
000000010000b7bc	sub	x10, x10, #0x30
000000010000b7c0	ldr	x9, [x11]
000000010000b7c4	str	x9, [x10]
000000010000b7c8	ldr	x9, [x11, #0x8]
000000010000b7cc	str	x9, [x10, #0x8]
000000010000b7d0	mov	x0, x29
000000010000b7d4	sub	x0, x0, #0x30
000000010000b7d8	str	x0, [x28]
000000010000b7dc	add	x28, x28, #0x8
000000010000b7e0	sub	x28, x28, #0x8
000000010000b7e4	ldr	x10, [x28]
000000010000b7e8	ldr	x0, [x10, #0x8]
000000010000b7ec	str	x0, [x28]
000000010000b7f0	add	x28, x28, #0x8
000000010000b7f4	mov	x0, #0x0
000000010000b7f8	str	x0, [x28]
000000010000b7fc	add	x28, x28, #0x8
000000010000b800	sub	x28, x28, #0x8
000000010000b804	ldr	x1, [x28]
000000010000b808	sub	x28, x28, #0x8
000000010000b80c	ldr	x0, [x28]
000000010000b810	cmp	x0, x1
000000010000b814	b.ne	0x10000b820
000000010000b818	mov	x0, #0x1
000000010000b81c	b	0x10000b824
000000010000b820	mov	x0, #0x0
000000010000b824	str	x0, [x28]
000000010000b828	add	x28, x28, #0x8
000000010000b82c	sub	x28, x28, #0x8
000000010000b830	ldr	x0, [x28]
000000010000b834	cmp	x0, #0x0
000000010000b838	b.eq	0x10000b874
000000010000b83c	mov	x0, x29
000000010000b840	sub	x0, x0, #0x30
000000010000b844	str	x0, [x28]
000000010000b848	add	x28, x28, #0x8
000000010000b84c	sub	x28, x28, #0x8
000000010000b850	ldr	x11, [x28]
000000010000b854	ldur	x10, [x29, #-0x10]
000000010000b858	ldr	x9, [x11]
000000010000b85c	str	x9, [x10]
000000010000b860	ldr	x9, [x11, #0x8]
000000010000b864	str	x9, [x10, #0x8]
000000010000b868	mov	x0, x10
000000010000b86c	b	0x10000bcb8
000000010000b870	b	0x10000b874
000000010000b874	adrp	x0, 13 ; 0x100018000
000000010000b878	add	x0, x0, #0x2a2
000000010000b87c	stur	x0, [x29, #-0x60]
000000010000b880	mov	x0, #0x10
000000010000b884	stur	x0, [x29, #-0x58]
000000010000b888	mov	x0, x29
000000010000b88c	sub	x0, x0, #0x60
000000010000b890	str	x0, [x28]
000000010000b894	add	x28, x28, #0x8
000000010000b898	sub	x28, x28, #0x8
000000010000b89c	ldr	x11, [x28]
000000010000b8a0	mov	x10, x29
000000010000b8a4	sub	x10, x10, #0x50
000000010000b8a8	ldr	x9, [x11]
000000010000b8ac	str	x9, [x10]
000000010000b8b0	ldr	x9, [x11, #0x8]
000000010000b8b4	str	x9, [x10, #0x8]
000000010000b8b8	mov	x0, #0x0
000000010000b8bc	str	x0, [x28]
000000010000b8c0	add	x28, x28, #0x8
000000010000b8c4	sub	x28, x28, #0x8
000000010000b8c8	ldr	x0, [x28]
000000010000b8cc	stur	x0, [x29, #-0x68]
000000010000b8d0	ldur	x0, [x29, #-0x68]
000000010000b8d4	str	x0, [x28]
000000010000b8d8	add	x28, x28, #0x8
000000010000b8dc	ldur	x0, [x29, #-0x8]
000000010000b8e0	str	x0, [x28]
000000010000b8e4	add	x28, x28, #0x8
000000010000b8e8	sub	x28, x28, #0x8
000000010000b8ec	ldr	x10, [x28]
000000010000b8f0	ldr	x0, [x10, #0x8]
000000010000b8f4	str	x0, [x28]
000000010000b8f8	add	x28, x28, #0x8
000000010000b8fc	sub	x28, x28, #0x8
000000010000b900	ldr	x1, [x28]
000000010000b904	sub	x28, x28, #0x8
000000010000b908	ldr	x0, [x28]
000000010000b90c	cmp	x0, x1
000000010000b910	b.ge	0x10000b91c
000000010000b914	mov	x0, #0x1
000000010000b918	b	0x10000b920
000000010000b91c	mov	x0, #0x0
000000010000b920	str	x0, [x28]
000000010000b924	add	x28, x28, #0x8
000000010000b928	sub	x28, x28, #0x8
000000010000b92c	ldr	x0, [x28]
000000010000b930	cmp	x0, #0x0
000000010000b934	b.eq	0x10000bc84
000000010000b938	ldur	x0, [x29, #-0x8]
000000010000b93c	str	x0, [x28]
000000010000b940	add	x28, x28, #0x8
000000010000b944	sub	x28, x28, #0x8
000000010000b948	ldr	x0, [x28]
000000010000b94c	ldr	x0, [x0]
000000010000b950	str	x0, [x28]
000000010000b954	add	x28, x28, #0x8
000000010000b958	ldur	x0, [x29, #-0x68]
000000010000b95c	str	x0, [x28]
000000010000b960	add	x28, x28, #0x8
000000010000b964	sub	x28, x28, #0x8
000000010000b968	ldr	x1, [x28]
000000010000b96c	sub	x28, x28, #0x8
000000010000b970	ldr	x0, [x28]
000000010000b974	add	x0, x0, x1
000000010000b978	str	x0, [x28]
000000010000b97c	add	x28, x28, #0x8
000000010000b980	sub	x28, x28, #0x8
000000010000b984	ldr	x10, [x28]
000000010000b988	ldrb	w0, [x10]
000000010000b98c	str	x0, [x28]
000000010000b990	add	x28, x28, #0x8
000000010000b994	sub	x28, x28, #0x8
000000010000b998	ldr	x0, [x28]
000000010000b99c	sxtw	x0, w0
000000010000b9a0	str	x0, [x28]
000000010000b9a4	add	x28, x28, #0x8
000000010000b9a8	sub	x28, x28, #0x8
000000010000b9ac	ldr	x0, [x28]
000000010000b9b0	stur	x0, [x29, #-0x70]
000000010000b9b4	mov	x0, x29
000000010000b9b8	sub	x0, x0, #0x30
000000010000b9bc	str	x0, [x28]
000000010000b9c0	add	x28, x28, #0x8
000000010000b9c4	sub	x28, x28, #0x8
000000010000b9c8	ldr	x0, [x28]
000000010000b9cc	ldr	x0, [x0]
000000010000b9d0	str	x0, [x28]
000000010000b9d4	add	x28, x28, #0x8
000000010000b9d8	mov	x0, #0x2
000000010000b9dc	str	x0, [x28]
000000010000b9e0	add	x28, x28, #0x8
000000010000b9e4	ldur	x0, [x29, #-0x68]
000000010000b9e8	str	x0, [x28]
000000010000b9ec	add	x28, x28, #0x8
000000010000b9f0	sub	x28, x28, #0x8
000000010000b9f4	ldr	x1, [x28]
000000010000b9f8	sub	x28, x28, #0x8
000000010000b9fc	ldr	x0, [x28]
000000010000ba00	mul	x0, x0, x1
000000010000ba04	str	x0, [x28]
000000010000ba08	add	x28, x28, #0x8
000000010000ba0c	sub	x28, x28, #0x8
000000010000ba10	ldr	x1, [x28]
000000010000ba14	sub	x28, x28, #0x8
000000010000ba18	ldr	x0, [x28]
000000010000ba1c	add	x0, x0, x1
000000010000ba20	str	x0, [x28]
000000010000ba24	add	x28, x28, #0x8
000000010000ba28	mov	x0, x29
000000010000ba2c	sub	x0, x0, #0x50
000000010000ba30	str	x0, [x28]
000000010000ba34	add	x28, x28, #0x8
000000010000ba38	sub	x28, x28, #0x8
000000010000ba3c	ldr	x0, [x28]
000000010000ba40	ldr	x0, [x0]
000000010000ba44	str	x0, [x28]
000000010000ba48	add	x28, x28, #0x8
000000010000ba4c	ldur	x0, [x29, #-0x70]
000000010000ba50	str	x0, [x28]
000000010000ba54	add	x28, x28, #0x8
000000010000ba58	mov	x0, #0x10
000000010000ba5c	str	x0, [x28]
000000010000ba60	add	x28, x28, #0x8
000000010000ba64	sub	x28, x28, #0x8
000000010000ba68	ldr	x1, [x28]
000000010000ba6c	sub	x28, x28, #0x8
000000010000ba70	ldr	x0, [x28]
000000010000ba74	cmp	x1, #0x0
000000010000ba78	b.ne	0x10000ba80
000000010000ba7c	bl	0x100017ce8
000000010000ba80	sdiv	x0, x0, x1
000000010000ba84	sxtw	x0, w0
000000010000ba88	str	x0, [x28]
000000010000ba8c	add	x28, x28, #0x8
000000010000ba90	sub	x28, x28, #0x8
000000010000ba94	ldr	x1, [x28]
000000010000ba98	sub	x28, x28, #0x8
000000010000ba9c	ldr	x0, [x28]
000000010000baa0	add	x0, x0, x1
000000010000baa4	str	x0, [x28]
000000010000baa8	add	x28, x28, #0x8
000000010000baac	sub	x28, x28, #0x8
000000010000bab0	ldr	x10, [x28]
000000010000bab4	ldrb	w0, [x10]
000000010000bab8	str	x0, [x28]
000000010000babc	add	x28, x28, #0x8
000000010000bac0	sub	x28, x28, #0x8
000000010000bac4	ldr	x0, [x28]
000000010000bac8	sub	x28, x28, #0x8
000000010000bacc	ldr	x10, [x28]
000000010000bad0	strb	w0, [x10]
000000010000bad4	mov	x0, x29
000000010000bad8	sub	x0, x0, #0x30
000000010000badc	str	x0, [x28]
000000010000bae0	add	x28, x28, #0x8
000000010000bae4	sub	x28, x28, #0x8
000000010000bae8	ldr	x0, [x28]
000000010000baec	ldr	x0, [x0]
000000010000baf0	str	x0, [x28]
000000010000baf4	add	x28, x28, #0x8
000000010000baf8	mov	x0, #0x2
000000010000bafc	str	x0, [x28]
000000010000bb00	add	x28, x28, #0x8
000000010000bb04	ldur	x0, [x29, #-0x68]
000000010000bb08	str	x0, [x28]
000000010000bb0c	add	x28, x28, #0x8
000000010000bb10	sub	x28, x28, #0x8
000000010000bb14	ldr	x1, [x28]
000000010000bb18	sub	x28, x28, #0x8
000000010000bb1c	ldr	x0, [x28]
000000010000bb20	mul	x0, x0, x1
000000010000bb24	str	x0, [x28]
000000010000bb28	add	x28, x28, #0x8
000000010000bb2c	mov	x0, #0x1
000000010000bb30	str	x0, [x28]
000000010000bb34	add	x28, x28, #0x8
000000010000bb38	sub	x28, x28, #0x8
000000010000bb3c	ldr	x1, [x28]
000000010000bb40	sub	x28, x28, #0x8
000000010000bb44	ldr	x0, [x28]
000000010000bb48	add	x0, x0, x1
000000010000bb4c	str	x0, [x28]
000000010000bb50	add	x28, x28, #0x8
000000010000bb54	sub	x28, x28, #0x8
000000010000bb58	ldr	x1, [x28]
000000010000bb5c	sub	x28, x28, #0x8
000000010000bb60	ldr	x0, [x28]
000000010000bb64	add	x0, x0, x1
000000010000bb68	str	x0, [x28]
000000010000bb6c	add	x28, x28, #0x8
000000010000bb70	mov	x0, x29
000000010000bb74	sub	x0, x0, #0x50
000000010000bb78	str	x0, [x28]
000000010000bb7c	add	x28, x28, #0x8
000000010000bb80	sub	x28, x28, #0x8
000000010000bb84	ldr	x0, [x28]
000000010000bb88	ldr	x0, [x0]
000000010000bb8c	str	x0, [x28]
000000010000bb90	add	x28, x28, #0x8
000000010000bb94	ldur	x0, [x29, #-0x70]
000000010000bb98	str	x0, [x28]
000000010000bb9c	add	x28, x28, #0x8
000000010000bba0	mov	x0, #0x10
000000010000bba4	str	x0, [x28]
000000010000bba8	add	x28, x28, #0x8
000000010000bbac	sub	x28, x28, #0x8
000000010000bbb0	ldr	x1, [x28]
000000010000bbb4	sub	x28, x28, #0x8
000000010000bbb8	ldr	x0, [x28]
000000010000bbbc	cmp	x1, #0x0
000000010000bbc0	b.ne	0x10000bbc8
000000010000bbc4	bl	0x100017ce8
000000010000bbc8	sdiv	x9, x0, x1
000000010000bbcc	mul	x9, x9, x1
000000010000bbd0	sub	x0, x0, x9
000000010000bbd4	sxtw	x0, w0
000000010000bbd8	str	x0, [x28]
000000010000bbdc	add	x28, x28, #0x8
000000010000bbe0	sub	x28, x28, #0x8
000000010000bbe4	ldr	x1, [x28]
000000010000bbe8	sub	x28, x28, #0x8
000000010000bbec	ldr	x0, [x28]
000000010000bbf0	add	x0, x0, x1
000000010000bbf4	str	x0, [x28]
000000010000bbf8	add	x28, x28, #0x8
000000010000bbfc	sub	x28, x28, #0x8
000000010000bc00	ldr	x10, [x28]
000000010000bc04	ldrb	w0, [x10]
000000010000bc08	str	x0, [x28]
000000010000bc0c	add	x28, x28, #0x8
000000010000bc10	sub	x28, x28, #0x8
000000010000bc14	ldr	x0, [x28]
000000010000bc18	sub	x28, x28, #0x8
000000010000bc1c	ldr	x10, [x28]
000000010000bc20	strb	w0, [x10]
000000010000bc24	mov	x0, x29
000000010000bc28	sub	x0, x0, #0x68
000000010000bc2c	str	x0, [x28]
000000010000bc30	add	x28, x28, #0x8
000000010000bc34	ldur	x0, [x29, #-0x68]
000000010000bc38	str	x0, [x28]
000000010000bc3c	add	x28, x28, #0x8
000000010000bc40	mov	x0, #0x1
000000010000bc44	str	x0, [x28]
000000010000bc48	add	x28, x28, #0x8
000000010000bc4c	sub	x28, x28, #0x8
000000010000bc50	ldr	x1, [x28]
000000010000bc54	sub	x28, x28, #0x8
000000010000bc58	ldr	x0, [x28]
000000010000bc5c	add	x0, x0, x1
000000010000bc60	sxtw	x0, w0
000000010000bc64	str	x0, [x28]
000000010000bc68	add	x28, x28, #0x8
000000010000bc6c	sub	x28, x28, #0x8
000000010000bc70	ldr	x0, [x28]
000000010000bc74	sub	x28, x28, #0x8
000000010000bc78	ldr	x10, [x28]
000000010000bc7c	str	x0, [x10]
000000010000bc80	b	0x10000b8d0
000000010000bc84	mov	x0, x29
000000010000bc88	sub	x0, x0, #0x30
000000010000bc8c	str	x0, [x28]
000000010000bc90	add	x28, x28, #0x8
000000010000bc94	sub	x28, x28, #0x8
000000010000bc98	ldr	x11, [x28]
000000010000bc9c	ldur	x10, [x29, #-0x10]
000000010000bca0	ldr	x9, [x11]
000000010000bca4	str	x9, [x10]
000000010000bca8	ldr	x9, [x11, #0x8]
000000010000bcac	str	x9, [x10, #0x8]
000000010000bcb0	mov	x0, x10
000000010000bcb4	b	0x10000bcb8
000000010000bcb8	mov	sp, x29
000000010000bcbc	ldr	x29, [sp]
000000010000bcc0	ldr	x30, [sp, #0x8]
000000010000bcc4	ldr	x28, [sp, #0x10]
000000010000bcc8	add	sp, sp, #0x20
000000010000bccc	ret
000000010000bcd0	sub	sp, sp, #0x20
000000010000bcd4	str	x29, [sp]
000000010000bcd8	str	x30, [sp, #0x8]
000000010000bcdc	str	x28, [sp, #0x10]
000000010000bce0	mov	x29, sp
000000010000bce4	sub	sp, sp, #0x180
000000010000bce8	mov	x28, sp
000000010000bcec	mov	x0, #0x7d1
000000010000bcf0	str	x0, [x28]
000000010000bcf4	add	x28, x28, #0x8
000000010000bcf8	sub	x28, x28, #0x8
000000010000bcfc	ldr	x0, [x28]
000000010000bd00	b	0x10000bd04
000000010000bd04	mov	sp, x29
000000010000bd08	ldr	x29, [sp]
000000010000bd0c	ldr	x30, [sp, #0x8]
000000010000bd10	ldr	x28, [sp, #0x10]
000000010000bd14	add	sp, sp, #0x20
000000010000bd18	ret
000000010000bd1c	sub	sp, sp, #0x20
000000010000bd20	str	x29, [sp]
000000010000bd24	str	x30, [sp, #0x8]
000000010000bd28	str	x28, [sp, #0x10]
000000010000bd2c	mov	x29, sp
000000010000bd30	sub	sp, sp, #0x180
000000010000bd34	mov	x28, sp
000000010000bd38	mov	x0, #0x7d2
000000010000bd3c	str	x0, [x28]
000000010000bd40	add	x28, x28, #0x8
000000010000bd44	sub	x28, x28, #0x8
000000010000bd48	ldr	x0, [x28]
000000010000bd4c	b	0x10000bd50
000000010000bd50	mov	sp, x29
000000010000bd54	ldr	x29, [sp]
000000010000bd58	ldr	x30, [sp, #0x8]
000000010000bd5c	ldr	x28, [sp, #0x10]
000000010000bd60	add	sp, sp, #0x20
000000010000bd64	ret
000000010000bd68	sub	sp, sp, #0x20
000000010000bd6c	str	x29, [sp]
000000010000bd70	str	x30, [sp, #0x8]
000000010000bd74	str	x28, [sp, #0x10]
000000010000bd78	mov	x29, sp
000000010000bd7c	sub	sp, sp, #0x180
000000010000bd80	mov	x28, sp
000000010000bd84	mov	x0, #0x7d3
000000010000bd88	str	x0, [x28]
000000010000bd8c	add	x28, x28, #0x8
000000010000bd90	sub	x28, x28, #0x8
000000010000bd94	ldr	x0, [x28]
000000010000bd98	b	0x10000bd9c
000000010000bd9c	mov	sp, x29
000000010000bda0	ldr	x29, [sp]
000000010000bda4	ldr	x30, [sp, #0x8]
000000010000bda8	ldr	x28, [sp, #0x10]
000000010000bdac	add	sp, sp, #0x20
000000010000bdb0	ret
000000010000bdb4	sub	sp, sp, #0x20
000000010000bdb8	str	x29, [sp]
000000010000bdbc	str	x30, [sp, #0x8]
000000010000bdc0	str	x28, [sp, #0x10]
000000010000bdc4	mov	x29, sp
000000010000bdc8	sub	sp, sp, #0x180
000000010000bdcc	mov	x28, sp
000000010000bdd0	mov	x0, #0x7d4
000000010000bdd4	str	x0, [x28]
000000010000bdd8	add	x28, x28, #0x8
000000010000bddc	sub	x28, x28, #0x8
000000010000bde0	ldr	x0, [x28]
000000010000bde4	b	0x10000bde8
000000010000bde8	mov	sp, x29
000000010000bdec	ldr	x29, [sp]
000000010000bdf0	ldr	x30, [sp, #0x8]
000000010000bdf4	ldr	x28, [sp, #0x10]
000000010000bdf8	add	sp, sp, #0x20
000000010000bdfc	ret
000000010000be00	sub	sp, sp, #0x20
000000010000be04	str	x29, [sp]
000000010000be08	str	x30, [sp, #0x8]
000000010000be0c	str	x28, [sp, #0x10]
000000010000be10	mov	x29, sp
000000010000be14	sub	sp, sp, #0x180
000000010000be18	mov	x28, sp
000000010000be1c	mov	x0, #0x7d5
000000010000be20	str	x0, [x28]
000000010000be24	add	x28, x28, #0x8
000000010000be28	sub	x28, x28, #0x8
000000010000be2c	ldr	x0, [x28]
000000010000be30	b	0x10000be34
000000010000be34	mov	sp, x29
000000010000be38	ldr	x29, [sp]
000000010000be3c	ldr	x30, [sp, #0x8]
000000010000be40	ldr	x28, [sp, #0x10]
000000010000be44	add	sp, sp, #0x20
000000010000be48	ret
000000010000be4c	sub	sp, sp, #0x20
000000010000be50	str	x29, [sp]
000000010000be54	str	x30, [sp, #0x8]
000000010000be58	str	x28, [sp, #0x10]
000000010000be5c	mov	x29, sp
000000010000be60	sub	sp, sp, #0x180
000000010000be64	mov	x28, sp
000000010000be68	mov	x0, #0x7d6
000000010000be6c	str	x0, [x28]
000000010000be70	add	x28, x28, #0x8
000000010000be74	sub	x28, x28, #0x8
000000010000be78	ldr	x0, [x28]
000000010000be7c	b	0x10000be80
000000010000be80	mov	sp, x29
000000010000be84	ldr	x29, [sp]
000000010000be88	ldr	x30, [sp, #0x8]
000000010000be8c	ldr	x28, [sp, #0x10]
000000010000be90	add	sp, sp, #0x20
000000010000be94	ret
000000010000be98	sub	sp, sp, #0x20
000000010000be9c	str	x29, [sp]
000000010000bea0	str	x30, [sp, #0x8]
000000010000bea4	str	x28, [sp, #0x10]
000000010000bea8	mov	x29, sp
000000010000beac	sub	sp, sp, #0x180
000000010000beb0	mov	x28, sp
000000010000beb4	mov	x0, #0x7d7
000000010000beb8	str	x0, [x28]
000000010000bebc	add	x28, x28, #0x8
000000010000bec0	sub	x28, x28, #0x8
000000010000bec4	ldr	x0, [x28]
000000010000bec8	b	0x10000becc
000000010000becc	mov	sp, x29
000000010000bed0	ldr	x29, [sp]
000000010000bed4	ldr	x30, [sp, #0x8]
000000010000bed8	ldr	x28, [sp, #0x10]
000000010000bedc	add	sp, sp, #0x20
000000010000bee0	ret
000000010000bee4	sub	sp, sp, #0x20
000000010000bee8	str	x29, [sp]
000000010000beec	str	x30, [sp, #0x8]
000000010000bef0	str	x28, [sp, #0x10]
000000010000bef4	mov	x29, sp
000000010000bef8	sub	sp, sp, #0x180
000000010000befc	mov	x28, sp
000000010000bf00	mov	x0, #0x7d8
000000010000bf04	str	x0, [x28]
000000010000bf08	add	x28, x28, #0x8
000000010000bf0c	sub	x28, x28, #0x8
000000010000bf10	ldr	x0, [x28]
000000010000bf14	b	0x10000bf18
000000010000bf18	mov	sp, x29
000000010000bf1c	ldr	x29, [sp]
000000010000bf20	ldr	x30, [sp, #0x8]
000000010000bf24	ldr	x28, [sp, #0x10]
000000010000bf28	add	sp, sp, #0x20
000000010000bf2c	ret
000000010000bf30	sub	sp, sp, #0x20
000000010000bf34	str	x29, [sp]
000000010000bf38	str	x30, [sp, #0x8]
000000010000bf3c	str	x28, [sp, #0x10]
000000010000bf40	mov	x29, sp
000000010000bf44	sub	sp, sp, #0x180
000000010000bf48	mov	x28, sp
000000010000bf4c	mov	x0, #0x0
000000010000bf50	movk	x0, #0x10, lsl #16
000000010000bf54	str	x0, [x28]
000000010000bf58	add	x28, x28, #0x8
000000010000bf5c	sub	x28, x28, #0x8
000000010000bf60	ldr	x0, [x28]
000000010000bf64	b	0x10000bf68
000000010000bf68	mov	sp, x29
000000010000bf6c	ldr	x29, [sp]
000000010000bf70	ldr	x30, [sp, #0x8]
000000010000bf74	ldr	x28, [sp, #0x10]
000000010000bf78	add	sp, sp, #0x20
000000010000bf7c	ret
000000010000bf80	sub	sp, sp, #0x20
000000010000bf84	str	x29, [sp]
000000010000bf88	str	x30, [sp, #0x8]
000000010000bf8c	str	x28, [sp, #0x10]
000000010000bf90	mov	x29, sp
000000010000bf94	sub	sp, sp, #0x180
000000010000bf98	mov	x28, sp
000000010000bf9c	mov	x0, #0x7d1
000000010000bfa0	str	x0, [x28]
000000010000bfa4	add	x28, x28, #0x8
000000010000bfa8	sub	x28, x28, #0x8
000000010000bfac	ldr	x0, [x28]
000000010000bfb0	b	0x10000bfb4
000000010000bfb4	mov	sp, x29
000000010000bfb8	ldr	x29, [sp]
000000010000bfbc	ldr	x30, [sp, #0x8]
000000010000bfc0	ldr	x28, [sp, #0x10]
000000010000bfc4	add	sp, sp, #0x20
000000010000bfc8	ret
000000010000bfcc	sub	sp, sp, #0x20
000000010000bfd0	str	x29, [sp]
000000010000bfd4	str	x30, [sp, #0x8]
000000010000bfd8	str	x28, [sp, #0x10]
000000010000bfdc	mov	x29, sp
000000010000bfe0	sub	sp, sp, #0x180
000000010000bfe4	mov	x28, sp
000000010000bfe8	mov	x0, #0x7d2
000000010000bfec	str	x0, [x28]
000000010000bff0	add	x28, x28, #0x8
000000010000bff4	sub	x28, x28, #0x8
000000010000bff8	ldr	x0, [x28]
000000010000bffc	b	0x10000c000
000000010000c000	mov	sp, x29
000000010000c004	ldr	x29, [sp]
000000010000c008	ldr	x30, [sp, #0x8]
000000010000c00c	ldr	x28, [sp, #0x10]
000000010000c010	add	sp, sp, #0x20
000000010000c014	ret
000000010000c018	sub	sp, sp, #0x20
000000010000c01c	str	x29, [sp]
000000010000c020	str	x30, [sp, #0x8]
000000010000c024	str	x28, [sp, #0x10]
000000010000c028	mov	x29, sp
000000010000c02c	sub	sp, sp, #0x180
000000010000c030	mov	x28, sp
000000010000c034	mov	x0, #0x7d3
000000010000c038	str	x0, [x28]
000000010000c03c	add	x28, x28, #0x8
000000010000c040	sub	x28, x28, #0x8
000000010000c044	ldr	x0, [x28]
000000010000c048	b	0x10000c04c
000000010000c04c	mov	sp, x29
000000010000c050	ldr	x29, [sp]
000000010000c054	ldr	x30, [sp, #0x8]
000000010000c058	ldr	x28, [sp, #0x10]
000000010000c05c	add	sp, sp, #0x20
000000010000c060	ret
000000010000c064	sub	sp, sp, #0x20
000000010000c068	str	x29, [sp]
000000010000c06c	str	x30, [sp, #0x8]
000000010000c070	str	x28, [sp, #0x10]
000000010000c074	mov	x29, sp
000000010000c078	sub	sp, sp, #0x180
000000010000c07c	mov	x28, sp
000000010000c080	mov	x0, #0x7d4
000000010000c084	str	x0, [x28]
000000010000c088	add	x28, x28, #0x8
000000010000c08c	sub	x28, x28, #0x8
000000010000c090	ldr	x0, [x28]
000000010000c094	b	0x10000c098
000000010000c098	mov	sp, x29
000000010000c09c	ldr	x29, [sp]
000000010000c0a0	ldr	x30, [sp, #0x8]
000000010000c0a4	ldr	x28, [sp, #0x10]
000000010000c0a8	add	sp, sp, #0x20
000000010000c0ac	ret
000000010000c0b0	sub	sp, sp, #0x20
000000010000c0b4	str	x29, [sp]
000000010000c0b8	str	x30, [sp, #0x8]
000000010000c0bc	str	x28, [sp, #0x10]
000000010000c0c0	mov	x29, sp
000000010000c0c4	sub	sp, sp, #0x180
000000010000c0c8	mov	x28, sp
000000010000c0cc	mov	x0, #0x7d5
000000010000c0d0	str	x0, [x28]
000000010000c0d4	add	x28, x28, #0x8
000000010000c0d8	sub	x28, x28, #0x8
000000010000c0dc	ldr	x0, [x28]
000000010000c0e0	b	0x10000c0e4
000000010000c0e4	mov	sp, x29
000000010000c0e8	ldr	x29, [sp]
000000010000c0ec	ldr	x30, [sp, #0x8]
000000010000c0f0	ldr	x28, [sp, #0x10]
000000010000c0f4	add	sp, sp, #0x20
000000010000c0f8	ret
000000010000c0fc	sub	sp, sp, #0x20
000000010000c100	str	x29, [sp]
000000010000c104	str	x30, [sp, #0x8]
000000010000c108	str	x28, [sp, #0x10]
000000010000c10c	mov	x29, sp
000000010000c110	sub	sp, sp, #0x180
000000010000c114	mov	x28, sp
000000010000c118	mov	x0, #0x7d6
000000010000c11c	str	x0, [x28]
000000010000c120	add	x28, x28, #0x8
000000010000c124	sub	x28, x28, #0x8
000000010000c128	ldr	x0, [x28]
000000010000c12c	b	0x10000c130
000000010000c130	mov	sp, x29
000000010000c134	ldr	x29, [sp]
000000010000c138	ldr	x30, [sp, #0x8]
000000010000c13c	ldr	x28, [sp, #0x10]
000000010000c140	add	sp, sp, #0x20
000000010000c144	ret
000000010000c148	sub	sp, sp, #0x20
000000010000c14c	str	x29, [sp]
000000010000c150	str	x30, [sp, #0x8]
000000010000c154	str	x28, [sp, #0x10]
000000010000c158	mov	x29, sp
000000010000c15c	sub	sp, sp, #0x180
000000010000c160	mov	x28, sp
000000010000c164	mov	x0, #0x7d7
000000010000c168	str	x0, [x28]
000000010000c16c	add	x28, x28, #0x8
000000010000c170	sub	x28, x28, #0x8
000000010000c174	ldr	x0, [x28]
000000010000c178	b	0x10000c17c
000000010000c17c	mov	sp, x29
000000010000c180	ldr	x29, [sp]
000000010000c184	ldr	x30, [sp, #0x8]
000000010000c188	ldr	x28, [sp, #0x10]
000000010000c18c	add	sp, sp, #0x20
000000010000c190	ret
000000010000c194	sub	sp, sp, #0x20
000000010000c198	str	x29, [sp]
000000010000c19c	str	x30, [sp, #0x8]
000000010000c1a0	str	x28, [sp, #0x10]
000000010000c1a4	mov	x29, sp
000000010000c1a8	sub	sp, sp, #0x180
000000010000c1ac	mov	x28, sp
000000010000c1b0	mov	x0, #0x7d8
000000010000c1b4	str	x0, [x28]
000000010000c1b8	add	x28, x28, #0x8
000000010000c1bc	sub	x28, x28, #0x8
000000010000c1c0	ldr	x0, [x28]
000000010000c1c4	b	0x10000c1c8
000000010000c1c8	mov	sp, x29
000000010000c1cc	ldr	x29, [sp]
000000010000c1d0	ldr	x30, [sp, #0x8]
000000010000c1d4	ldr	x28, [sp, #0x10]
000000010000c1d8	add	sp, sp, #0x20
000000010000c1dc	ret
000000010000c1e0	sub	sp, sp, #0x20
000000010000c1e4	str	x29, [sp]
000000010000c1e8	str	x30, [sp, #0x8]
000000010000c1ec	str	x28, [sp, #0x10]
000000010000c1f0	mov	x29, sp
000000010000c1f4	sub	sp, sp, #0x180
000000010000c1f8	mov	x28, sp
000000010000c1fc	mov	x0, #0x0
000000010000c200	movk	x0, #0x10, lsl #16
000000010000c204	str	x0, [x28]
000000010000c208	add	x28, x28, #0x8
000000010000c20c	sub	x28, x28, #0x8
000000010000c210	ldr	x0, [x28]
000000010000c214	b	0x10000c218
000000010000c218	mov	sp, x29
000000010000c21c	ldr	x29, [sp]
000000010000c220	ldr	x30, [sp, #0x8]
000000010000c224	ldr	x28, [sp, #0x10]
000000010000c228	add	sp, sp, #0x20
000000010000c22c	ret
000000010000c230	sub	sp, sp, #0x20
000000010000c234	str	x29, [sp]
000000010000c238	str	x30, [sp, #0x8]
000000010000c23c	str	x28, [sp, #0x10]
000000010000c240	mov	x29, sp
000000010000c244	sub	sp, sp, #0x190
000000010000c248	mov	x28, sp
000000010000c24c	stur	x0, [x29, #-0x8]
000000010000c250	ldur	x0, [x29, #-0x8]
000000010000c254	str	x0, [x28]
000000010000c258	add	x28, x28, #0x8
000000010000c25c	mov	x0, #0x7d1
000000010000c260	str	x0, [x28]
000000010000c264	add	x28, x28, #0x8
000000010000c268	sub	x28, x28, #0x8
000000010000c26c	ldr	x1, [x28]
000000010000c270	sub	x28, x28, #0x8
000000010000c274	ldr	x0, [x28]
000000010000c278	cmp	x0, x1
000000010000c27c	b.lt	0x10000c288
000000010000c280	mov	x0, #0x1
000000010000c284	b	0x10000c28c
000000010000c288	mov	x0, #0x0
000000010000c28c	str	x0, [x28]
000000010000c290	add	x28, x28, #0x8
000000010000c294	sub	x28, x28, #0x8
000000010000c298	ldr	x0, [x28]
000000010000c29c	cmp	x0, #0x0
000000010000c2a0	b.eq	0x10000c300
000000010000c2a4	ldur	x0, [x29, #-0x8]
000000010000c2a8	str	x0, [x28]
000000010000c2ac	add	x28, x28, #0x8
000000010000c2b0	mov	x0, #0x7d8
000000010000c2b4	str	x0, [x28]
000000010000c2b8	add	x28, x28, #0x8
000000010000c2bc	sub	x28, x28, #0x8
000000010000c2c0	ldr	x1, [x28]
000000010000c2c4	sub	x28, x28, #0x8
000000010000c2c8	ldr	x0, [x28]
000000010000c2cc	cmp	x0, x1
000000010000c2d0	b.gt	0x10000c2dc
000000010000c2d4	mov	x0, #0x1
000000010000c2d8	b	0x10000c2e0
000000010000c2dc	mov	x0, #0x0
000000010000c2e0	str	x0, [x28]
000000010000c2e4	add	x28, x28, #0x8
000000010000c2e8	sub	x28, x28, #0x8
000000010000c2ec	ldr	x0, [x28]
000000010000c2f0	cmp	x0, #0x0
000000010000c2f4	b.eq	0x10000c300
000000010000c2f8	mov	x0, #0x1
000000010000c2fc	b	0x10000c304
000000010000c300	mov	x0, #0x0
000000010000c304	str	x0, [x28]
000000010000c308	add	x28, x28, #0x8
000000010000c30c	sub	x28, x28, #0x8
000000010000c310	ldr	x0, [x28]
000000010000c314	sxtw	x0, w0
000000010000c318	str	x0, [x28]
000000010000c31c	add	x28, x28, #0x8
000000010000c320	sub	x28, x28, #0x8
000000010000c324	ldr	x0, [x28]
000000010000c328	b	0x10000c32c
000000010000c32c	mov	sp, x29
000000010000c330	ldr	x29, [sp]
000000010000c334	ldr	x30, [sp, #0x8]
000000010000c338	ldr	x28, [sp, #0x10]
000000010000c33c	add	sp, sp, #0x20
000000010000c340	ret
000000010000c344	sub	sp, sp, #0x20
000000010000c348	str	x29, [sp]
000000010000c34c	str	x30, [sp, #0x8]
000000010000c350	str	x28, [sp, #0x10]
000000010000c354	mov	x29, sp
000000010000c358	sub	sp, sp, #0x1a0
000000010000c35c	mov	x28, sp
000000010000c360	stur	x0, [x29, #-0x8]
000000010000c364	stur	x1, [x29, #-0x10]
000000010000c368	ldur	x0, [x29, #-0x8]
000000010000c36c	str	x0, [x28]
000000010000c370	add	x28, x28, #0x8
000000010000c374	sub	x28, x28, #0x8
000000010000c378	ldr	x10, [x28]
000000010000c37c	ldr	x0, [x10, #0x8]
000000010000c380	str	x0, [x28]
000000010000c384	add	x28, x28, #0x8
000000010000c388	ldur	x0, [x29, #-0x10]
000000010000c38c	str	x0, [x28]
000000010000c390	add	x28, x28, #0x8
000000010000c394	sub	x28, x28, #0x8
000000010000c398	ldr	x10, [x28]
000000010000c39c	ldr	x0, [x10, #0x8]
000000010000c3a0	str	x0, [x28]
000000010000c3a4	add	x28, x28, #0x8
000000010000c3a8	sub	x28, x28, #0x8
000000010000c3ac	ldr	x1, [x28]
000000010000c3b0	sub	x28, x28, #0x8
000000010000c3b4	ldr	x0, [x28]
000000010000c3b8	cmp	x0, x1
000000010000c3bc	b.eq	0x10000c3c8
000000010000c3c0	mov	x0, #0x1
000000010000c3c4	b	0x10000c3cc
000000010000c3c8	mov	x0, #0x0
000000010000c3cc	str	x0, [x28]
000000010000c3d0	add	x28, x28, #0x8
000000010000c3d4	sub	x28, x28, #0x8
000000010000c3d8	ldr	x0, [x28]
000000010000c3dc	cmp	x0, #0x0
000000010000c3e0	b.eq	0x10000c400
000000010000c3e4	bl	0x10000bf80
000000010000c3e8	str	x0, [x28]
000000010000c3ec	add	x28, x28, #0x8
000000010000c3f0	sub	x28, x28, #0x8
000000010000c3f4	ldr	x0, [x28]
000000010000c3f8	b	0x10000c5b0
000000010000c3fc	b	0x10000c400
000000010000c400	mov	x0, #0x0
000000010000c404	str	x0, [x28]
000000010000c408	add	x28, x28, #0x8
000000010000c40c	sub	x28, x28, #0x8
000000010000c410	ldr	x0, [x28]
000000010000c414	stur	x0, [x29, #-0x18]
000000010000c418	ldur	x0, [x29, #-0x18]
000000010000c41c	str	x0, [x28]
000000010000c420	add	x28, x28, #0x8
000000010000c424	ldur	x0, [x29, #-0x10]
000000010000c428	str	x0, [x28]
000000010000c42c	add	x28, x28, #0x8
000000010000c430	sub	x28, x28, #0x8
000000010000c434	ldr	x10, [x28]
000000010000c438	ldr	x0, [x10, #0x8]
000000010000c43c	str	x0, [x28]
000000010000c440	add	x28, x28, #0x8
000000010000c444	sub	x28, x28, #0x8
000000010000c448	ldr	x1, [x28]
000000010000c44c	sub	x28, x28, #0x8
000000010000c450	ldr	x0, [x28]
000000010000c454	cmp	x0, x1
000000010000c458	b.ge	0x10000c464
000000010000c45c	mov	x0, #0x1
000000010000c460	b	0x10000c468
000000010000c464	mov	x0, #0x0
000000010000c468	str	x0, [x28]
000000010000c46c	add	x28, x28, #0x8
000000010000c470	sub	x28, x28, #0x8
000000010000c474	ldr	x0, [x28]
000000010000c478	cmp	x0, #0x0
000000010000c47c	b.eq	0x10000c598
000000010000c480	ldur	x0, [x29, #-0x8]
000000010000c484	str	x0, [x28]
000000010000c488	add	x28, x28, #0x8
000000010000c48c	sub	x28, x28, #0x8
000000010000c490	ldr	x0, [x28]
000000010000c494	ldr	x0, [x0]
000000010000c498	str	x0, [x28]
000000010000c49c	add	x28, x28, #0x8
000000010000c4a0	ldur	x0, [x29, #-0x18]
000000010000c4a4	str	x0, [x28]
000000010000c4a8	add	x28, x28, #0x8
000000010000c4ac	sub	x28, x28, #0x8
000000010000c4b0	ldr	x1, [x28]
000000010000c4b4	sub	x28, x28, #0x8
000000010000c4b8	ldr	x0, [x28]
000000010000c4bc	add	x0, x0, x1
000000010000c4c0	str	x0, [x28]
000000010000c4c4	add	x28, x28, #0x8
000000010000c4c8	ldur	x0, [x29, #-0x10]
000000010000c4cc	str	x0, [x28]
000000010000c4d0	add	x28, x28, #0x8
000000010000c4d4	sub	x28, x28, #0x8
000000010000c4d8	ldr	x0, [x28]
000000010000c4dc	ldr	x0, [x0]
000000010000c4e0	str	x0, [x28]
000000010000c4e4	add	x28, x28, #0x8
000000010000c4e8	ldur	x0, [x29, #-0x18]
000000010000c4ec	str	x0, [x28]
000000010000c4f0	add	x28, x28, #0x8
000000010000c4f4	sub	x28, x28, #0x8
000000010000c4f8	ldr	x1, [x28]
000000010000c4fc	sub	x28, x28, #0x8
000000010000c500	ldr	x0, [x28]
000000010000c504	add	x0, x0, x1
000000010000c508	str	x0, [x28]
000000010000c50c	add	x28, x28, #0x8
000000010000c510	sub	x28, x28, #0x8
000000010000c514	ldr	x10, [x28]
000000010000c518	ldrb	w0, [x10]
000000010000c51c	str	x0, [x28]
000000010000c520	add	x28, x28, #0x8
000000010000c524	sub	x28, x28, #0x8
000000010000c528	ldr	x0, [x28]
000000010000c52c	sub	x28, x28, #0x8
000000010000c530	ldr	x10, [x28]
000000010000c534	strb	w0, [x10]
000000010000c538	mov	x0, x29
000000010000c53c	sub	x0, x0, #0x18
000000010000c540	str	x0, [x28]
000000010000c544	add	x28, x28, #0x8
000000010000c548	ldur	x0, [x29, #-0x18]
000000010000c54c	str	x0, [x28]
000000010000c550	add	x28, x28, #0x8
000000010000c554	mov	x0, #0x1
000000010000c558	str	x0, [x28]
000000010000c55c	add	x28, x28, #0x8
000000010000c560	sub	x28, x28, #0x8
000000010000c564	ldr	x1, [x28]
000000010000c568	sub	x28, x28, #0x8
000000010000c56c	ldr	x0, [x28]
000000010000c570	add	x0, x0, x1
000000010000c574	sxtw	x0, w0
000000010000c578	str	x0, [x28]
000000010000c57c	add	x28, x28, #0x8
000000010000c580	sub	x28, x28, #0x8
000000010000c584	ldr	x0, [x28]
000000010000c588	sub	x28, x28, #0x8
000000010000c58c	ldr	x10, [x28]
000000010000c590	str	x0, [x10]
000000010000c594	b	0x10000c418
000000010000c598	mov	x0, #0x0
000000010000c59c	str	x0, [x28]
000000010000c5a0	add	x28, x28, #0x8
000000010000c5a4	sub	x28, x28, #0x8
000000010000c5a8	ldr	x0, [x28]
000000010000c5ac	b	0x10000c5b0
000000010000c5b0	mov	sp, x29
000000010000c5b4	ldr	x29, [sp]
000000010000c5b8	ldr	x30, [sp, #0x8]
000000010000c5bc	ldr	x28, [sp, #0x10]
000000010000c5c0	add	sp, sp, #0x20
000000010000c5c4	ret
000000010000c5c8	sub	sp, sp, #0x20
000000010000c5cc	str	x29, [sp]
000000010000c5d0	str	x30, [sp, #0x8]
000000010000c5d4	str	x28, [sp, #0x10]
000000010000c5d8	mov	x29, sp
000000010000c5dc	sub	sp, sp, #0x190
000000010000c5e0	mov	x28, sp
000000010000c5e4	stur	x0, [x29, #-0x8]
000000010000c5e8	stur	x1, [x29, #-0x10]
000000010000c5ec	ldur	x0, [x29, #-0x10]
000000010000c5f0	str	x0, [x28]
000000010000c5f4	add	x28, x28, #0x8
000000010000c5f8	mov	x0, #0x0
000000010000c5fc	str	x0, [x28]
000000010000c600	add	x28, x28, #0x8
000000010000c604	sub	x28, x28, #0x8
000000010000c608	ldr	x1, [x28]
000000010000c60c	sub	x28, x28, #0x8
000000010000c610	ldr	x0, [x28]
000000010000c614	cmp	x0, x1
000000010000c618	b.ge	0x10000c624
000000010000c61c	mov	x0, #0x1
000000010000c620	b	0x10000c628
000000010000c624	mov	x0, #0x0
000000010000c628	str	x0, [x28]
000000010000c62c	add	x28, x28, #0x8
000000010000c630	sub	x28, x28, #0x8
000000010000c634	ldr	x0, [x28]
000000010000c638	cmp	x0, #0x0
000000010000c63c	b.ne	0x10000c6b0
000000010000c640	ldur	x0, [x29, #-0x8]
000000010000c644	str	x0, [x28]
000000010000c648	add	x28, x28, #0x8
000000010000c64c	sub	x28, x28, #0x8
000000010000c650	ldr	x10, [x28]
000000010000c654	ldr	x0, [x10, #0x8]
000000010000c658	str	x0, [x28]
000000010000c65c	add	x28, x28, #0x8
000000010000c660	mov	x0, #0x4
000000010000c664	str	x0, [x28]
000000010000c668	add	x28, x28, #0x8
000000010000c66c	sub	x28, x28, #0x8
000000010000c670	ldr	x1, [x28]
000000010000c674	sub	x28, x28, #0x8
000000010000c678	ldr	x0, [x28]
000000010000c67c	cmp	x0, x1
000000010000c680	b.ge	0x10000c68c
000000010000c684	mov	x0, #0x1
000000010000c688	b	0x10000c690
000000010000c68c	mov	x0, #0x0
000000010000c690	str	x0, [x28]
000000010000c694	add	x28, x28, #0x8
000000010000c698	sub	x28, x28, #0x8
000000010000c69c	ldr	x0, [x28]
000000010000c6a0	cmp	x0, #0x0
000000010000c6a4	b.ne	0x10000c6b0
000000010000c6a8	mov	x0, #0x0
000000010000c6ac	b	0x10000c6b4
000000010000c6b0	mov	x0, #0x1
000000010000c6b4	str	x0, [x28]
000000010000c6b8	add	x28, x28, #0x8
000000010000c6bc	sub	x28, x28, #0x8
000000010000c6c0	ldr	x0, [x28]
000000010000c6c4	cmp	x0, #0x0
000000010000c6c8	b.ne	0x10000c764
000000010000c6cc	ldur	x0, [x29, #-0x10]
000000010000c6d0	str	x0, [x28]
000000010000c6d4	add	x28, x28, #0x8
000000010000c6d8	ldur	x0, [x29, #-0x8]
000000010000c6dc	str	x0, [x28]
000000010000c6e0	add	x28, x28, #0x8
000000010000c6e4	sub	x28, x28, #0x8
000000010000c6e8	ldr	x10, [x28]
000000010000c6ec	ldr	x0, [x10, #0x8]
000000010000c6f0	str	x0, [x28]
000000010000c6f4	add	x28, x28, #0x8
000000010000c6f8	mov	x0, #0x4
000000010000c6fc	str	x0, [x28]
000000010000c700	add	x28, x28, #0x8
000000010000c704	sub	x28, x28, #0x8
000000010000c708	ldr	x1, [x28]
000000010000c70c	sub	x28, x28, #0x8
000000010000c710	ldr	x0, [x28]
000000010000c714	sub	x0, x0, x1
000000010000c718	str	x0, [x28]
000000010000c71c	add	x28, x28, #0x8
000000010000c720	sub	x28, x28, #0x8
000000010000c724	ldr	x1, [x28]
000000010000c728	sub	x28, x28, #0x8
000000010000c72c	ldr	x0, [x28]
000000010000c730	cmp	x0, x1
000000010000c734	b.le	0x10000c740
000000010000c738	mov	x0, #0x1
000000010000c73c	b	0x10000c744
000000010000c740	mov	x0, #0x0
000000010000c744	str	x0, [x28]
000000010000c748	add	x28, x28, #0x8
000000010000c74c	sub	x28, x28, #0x8
000000010000c750	ldr	x0, [x28]
000000010000c754	cmp	x0, #0x0
000000010000c758	b.ne	0x10000c764
000000010000c75c	mov	x0, #0x0
000000010000c760	b	0x10000c768
000000010000c764	mov	x0, #0x1
000000010000c768	str	x0, [x28]
000000010000c76c	add	x28, x28, #0x8
000000010000c770	sub	x28, x28, #0x8
000000010000c774	ldr	x0, [x28]
000000010000c778	cmp	x0, #0x0
000000010000c77c	b.eq	0x10000c7b0
000000010000c780	mov	x0, #0x1
000000010000c784	str	x0, [x28]
000000010000c788	add	x28, x28, #0x8
000000010000c78c	sub	x28, x28, #0x8
000000010000c790	ldr	x0, [x28]
000000010000c794	neg	x0, x0
000000010000c798	str	x0, [x28]
000000010000c79c	add	x28, x28, #0x8
000000010000c7a0	sub	x28, x28, #0x8
000000010000c7a4	ldr	x0, [x28]
000000010000c7a8	b	0x10000ca7c
000000010000c7ac	b	0x10000c7b0
000000010000c7b0	ldur	x0, [x29, #-0x8]
000000010000c7b4	str	x0, [x28]
000000010000c7b8	add	x28, x28, #0x8
000000010000c7bc	sub	x28, x28, #0x8
000000010000c7c0	ldr	x0, [x28]
000000010000c7c4	ldr	x0, [x0]
000000010000c7c8	str	x0, [x28]
000000010000c7cc	add	x28, x28, #0x8
000000010000c7d0	ldur	x0, [x29, #-0x10]
000000010000c7d4	str	x0, [x28]
000000010000c7d8	add	x28, x28, #0x8
000000010000c7dc	sub	x28, x28, #0x8
000000010000c7e0	ldr	x1, [x28]
000000010000c7e4	sub	x28, x28, #0x8
000000010000c7e8	ldr	x0, [x28]
000000010000c7ec	add	x0, x0, x1
000000010000c7f0	str	x0, [x28]
000000010000c7f4	add	x28, x28, #0x8
000000010000c7f8	sub	x28, x28, #0x8
000000010000c7fc	ldr	x10, [x28]
000000010000c800	ldrb	w0, [x10]
000000010000c804	str	x0, [x28]
000000010000c808	add	x28, x28, #0x8
000000010000c80c	ldur	x0, [x29, #-0x8]
000000010000c810	str	x0, [x28]
000000010000c814	add	x28, x28, #0x8
000000010000c818	sub	x28, x28, #0x8
000000010000c81c	ldr	x0, [x28]
000000010000c820	ldr	x0, [x0]
000000010000c824	str	x0, [x28]
000000010000c828	add	x28, x28, #0x8
000000010000c82c	ldur	x0, [x29, #-0x10]
000000010000c830	str	x0, [x28]
000000010000c834	add	x28, x28, #0x8
000000010000c838	mov	x0, #0x1
000000010000c83c	str	x0, [x28]
000000010000c840	add	x28, x28, #0x8
000000010000c844	sub	x28, x28, #0x8
000000010000c848	ldr	x1, [x28]
000000010000c84c	sub	x28, x28, #0x8
000000010000c850	ldr	x0, [x28]
000000010000c854	add	x0, x0, x1
000000010000c858	sxtw	x0, w0
000000010000c85c	str	x0, [x28]
000000010000c860	add	x28, x28, #0x8
000000010000c864	sub	x28, x28, #0x8
000000010000c868	ldr	x1, [x28]
000000010000c86c	sub	x28, x28, #0x8
000000010000c870	ldr	x0, [x28]
000000010000c874	add	x0, x0, x1
000000010000c878	str	x0, [x28]
000000010000c87c	add	x28, x28, #0x8
000000010000c880	sub	x28, x28, #0x8
000000010000c884	ldr	x10, [x28]
000000010000c888	ldrb	w0, [x10]
000000010000c88c	str	x0, [x28]
000000010000c890	add	x28, x28, #0x8
000000010000c894	mov	x0, #0x8
000000010000c898	str	x0, [x28]
000000010000c89c	add	x28, x28, #0x8
000000010000c8a0	sub	x28, x28, #0x8
000000010000c8a4	ldr	x1, [x28]
000000010000c8a8	sub	x28, x28, #0x8
000000010000c8ac	ldr	x0, [x28]
000000010000c8b0	lsl	x0, x0, x1
000000010000c8b4	str	x0, [x28]
000000010000c8b8	add	x28, x28, #0x8
000000010000c8bc	sub	x28, x28, #0x8
000000010000c8c0	ldr	x1, [x28]
000000010000c8c4	sub	x28, x28, #0x8
000000010000c8c8	ldr	x0, [x28]
000000010000c8cc	add	x0, x0, x1
000000010000c8d0	str	x0, [x28]
000000010000c8d4	add	x28, x28, #0x8
000000010000c8d8	ldur	x0, [x29, #-0x8]
000000010000c8dc	str	x0, [x28]
000000010000c8e0	add	x28, x28, #0x8
000000010000c8e4	sub	x28, x28, #0x8
000000010000c8e8	ldr	x0, [x28]
000000010000c8ec	ldr	x0, [x0]
000000010000c8f0	str	x0, [x28]
000000010000c8f4	add	x28, x28, #0x8
000000010000c8f8	ldur	x0, [x29, #-0x10]
000000010000c8fc	str	x0, [x28]
000000010000c900	add	x28, x28, #0x8
000000010000c904	mov	x0, #0x2
000000010000c908	str	x0, [x28]
000000010000c90c	add	x28, x28, #0x8
000000010000c910	sub	x28, x28, #0x8
000000010000c914	ldr	x1, [x28]
000000010000c918	sub	x28, x28, #0x8
000000010000c91c	ldr	x0, [x28]
000000010000c920	add	x0, x0, x1
000000010000c924	sxtw	x0, w0
000000010000c928	str	x0, [x28]
000000010000c92c	add	x28, x28, #0x8
000000010000c930	sub	x28, x28, #0x8
000000010000c934	ldr	x1, [x28]
000000010000c938	sub	x28, x28, #0x8
000000010000c93c	ldr	x0, [x28]
000000010000c940	add	x0, x0, x1
000000010000c944	str	x0, [x28]
000000010000c948	add	x28, x28, #0x8
000000010000c94c	sub	x28, x28, #0x8
000000010000c950	ldr	x10, [x28]
000000010000c954	ldrb	w0, [x10]
000000010000c958	str	x0, [x28]
000000010000c95c	add	x28, x28, #0x8
000000010000c960	mov	x0, #0x10
000000010000c964	str	x0, [x28]
000000010000c968	add	x28, x28, #0x8
000000010000c96c	sub	x28, x28, #0x8
000000010000c970	ldr	x1, [x28]
000000010000c974	sub	x28, x28, #0x8
000000010000c978	ldr	x0, [x28]
000000010000c97c	lsl	x0, x0, x1
000000010000c980	str	x0, [x28]
000000010000c984	add	x28, x28, #0x8
000000010000c988	sub	x28, x28, #0x8
000000010000c98c	ldr	x1, [x28]
000000010000c990	sub	x28, x28, #0x8
000000010000c994	ldr	x0, [x28]
000000010000c998	add	x0, x0, x1
000000010000c99c	str	x0, [x28]
000000010000c9a0	add	x28, x28, #0x8
000000010000c9a4	ldur	x0, [x29, #-0x8]
000000010000c9a8	str	x0, [x28]
000000010000c9ac	add	x28, x28, #0x8
000000010000c9b0	sub	x28, x28, #0x8
000000010000c9b4	ldr	x0, [x28]
000000010000c9b8	ldr	x0, [x0]
000000010000c9bc	str	x0, [x28]
000000010000c9c0	add	x28, x28, #0x8
000000010000c9c4	ldur	x0, [x29, #-0x10]
000000010000c9c8	str	x0, [x28]
000000010000c9cc	add	x28, x28, #0x8
000000010000c9d0	mov	x0, #0x3
000000010000c9d4	str	x0, [x28]
000000010000c9d8	add	x28, x28, #0x8
000000010000c9dc	sub	x28, x28, #0x8
000000010000c9e0	ldr	x1, [x28]
000000010000c9e4	sub	x28, x28, #0x8
000000010000c9e8	ldr	x0, [x28]
000000010000c9ec	add	x0, x0, x1
000000010000c9f0	sxtw	x0, w0
000000010000c9f4	str	x0, [x28]
000000010000c9f8	add	x28, x28, #0x8
000000010000c9fc	sub	x28, x28, #0x8
000000010000ca00	ldr	x1, [x28]
000000010000ca04	sub	x28, x28, #0x8
000000010000ca08	ldr	x0, [x28]
000000010000ca0c	add	x0, x0, x1
000000010000ca10	str	x0, [x28]
000000010000ca14	add	x28, x28, #0x8
000000010000ca18	sub	x28, x28, #0x8
000000010000ca1c	ldr	x10, [x28]
000000010000ca20	ldrb	w0, [x10]
000000010000ca24	str	x0, [x28]
000000010000ca28	add	x28, x28, #0x8
000000010000ca2c	mov	x0, #0x18
000000010000ca30	str	x0, [x28]
000000010000ca34	add	x28, x28, #0x8
000000010000ca38	sub	x28, x28, #0x8
000000010000ca3c	ldr	x1, [x28]
000000010000ca40	sub	x28, x28, #0x8
000000010000ca44	ldr	x0, [x28]
000000010000ca48	lsl	x0, x0, x1
000000010000ca4c	str	x0, [x28]
000000010000ca50	add	x28, x28, #0x8
000000010000ca54	sub	x28, x28, #0x8
000000010000ca58	ldr	x1, [x28]
000000010000ca5c	sub	x28, x28, #0x8
000000010000ca60	ldr	x0, [x28]
000000010000ca64	add	x0, x0, x1
000000010000ca68	str	x0, [x28]
000000010000ca6c	add	x28, x28, #0x8
000000010000ca70	sub	x28, x28, #0x8
000000010000ca74	ldr	x0, [x28]
000000010000ca78	b	0x10000ca7c
000000010000ca7c	mov	sp, x29
000000010000ca80	ldr	x29, [sp]
000000010000ca84	ldr	x30, [sp, #0x8]
000000010000ca88	ldr	x28, [sp, #0x10]
000000010000ca8c	add	sp, sp, #0x20
000000010000ca90	ret
000000010000ca94	sub	sp, sp, #0x20
000000010000ca98	str	x29, [sp]
000000010000ca9c	str	x30, [sp, #0x8]
000000010000caa0	str	x28, [sp, #0x10]
000000010000caa4	mov	x29, sp
000000010000caa8	sub	sp, sp, #0x1a0
000000010000caac	mov	x28, sp
000000010000cab0	stur	x0, [x29, #-0x8]
000000010000cab4	stur	x1, [x29, #-0x10]
000000010000cab8	stur	x2, [x29, #-0x18]
000000010000cabc	ldur	x0, [x29, #-0x10]
000000010000cac0	str	x0, [x28]
000000010000cac4	add	x28, x28, #0x8
000000010000cac8	mov	x0, #0x0
000000010000cacc	str	x0, [x28]
000000010000cad0	add	x28, x28, #0x8
000000010000cad4	sub	x28, x28, #0x8
000000010000cad8	ldr	x1, [x28]
000000010000cadc	sub	x28, x28, #0x8
000000010000cae0	ldr	x0, [x28]
000000010000cae4	cmp	x0, x1
000000010000cae8	b.ge	0x10000caf4
000000010000caec	mov	x0, #0x1
000000010000caf0	b	0x10000caf8
000000010000caf4	mov	x0, #0x0
000000010000caf8	str	x0, [x28]
000000010000cafc	add	x28, x28, #0x8
000000010000cb00	sub	x28, x28, #0x8
000000010000cb04	ldr	x0, [x28]
000000010000cb08	cmp	x0, #0x0
000000010000cb0c	b.ne	0x10000cb80
000000010000cb10	ldur	x0, [x29, #-0x8]
000000010000cb14	str	x0, [x28]
000000010000cb18	add	x28, x28, #0x8
000000010000cb1c	sub	x28, x28, #0x8
000000010000cb20	ldr	x10, [x28]
000000010000cb24	ldr	x0, [x10, #0x8]
000000010000cb28	str	x0, [x28]
000000010000cb2c	add	x28, x28, #0x8
000000010000cb30	mov	x0, #0x4
000000010000cb34	str	x0, [x28]
000000010000cb38	add	x28, x28, #0x8
000000010000cb3c	sub	x28, x28, #0x8
000000010000cb40	ldr	x1, [x28]
000000010000cb44	sub	x28, x28, #0x8
000000010000cb48	ldr	x0, [x28]
000000010000cb4c	cmp	x0, x1
000000010000cb50	b.ge	0x10000cb5c
000000010000cb54	mov	x0, #0x1
000000010000cb58	b	0x10000cb60
000000010000cb5c	mov	x0, #0x0
000000010000cb60	str	x0, [x28]
000000010000cb64	add	x28, x28, #0x8
000000010000cb68	sub	x28, x28, #0x8
000000010000cb6c	ldr	x0, [x28]
000000010000cb70	cmp	x0, #0x0
000000010000cb74	b.ne	0x10000cb80
000000010000cb78	mov	x0, #0x0
000000010000cb7c	b	0x10000cb84
000000010000cb80	mov	x0, #0x1
000000010000cb84	str	x0, [x28]
000000010000cb88	add	x28, x28, #0x8
000000010000cb8c	sub	x28, x28, #0x8
000000010000cb90	ldr	x0, [x28]
000000010000cb94	cmp	x0, #0x0
000000010000cb98	b.ne	0x10000cc34
000000010000cb9c	ldur	x0, [x29, #-0x10]
000000010000cba0	str	x0, [x28]
000000010000cba4	add	x28, x28, #0x8
000000010000cba8	ldur	x0, [x29, #-0x8]
000000010000cbac	str	x0, [x28]
000000010000cbb0	add	x28, x28, #0x8
000000010000cbb4	sub	x28, x28, #0x8
000000010000cbb8	ldr	x10, [x28]
000000010000cbbc	ldr	x0, [x10, #0x8]
000000010000cbc0	str	x0, [x28]
000000010000cbc4	add	x28, x28, #0x8
000000010000cbc8	mov	x0, #0x4
000000010000cbcc	str	x0, [x28]
000000010000cbd0	add	x28, x28, #0x8
000000010000cbd4	sub	x28, x28, #0x8
000000010000cbd8	ldr	x1, [x28]
000000010000cbdc	sub	x28, x28, #0x8
000000010000cbe0	ldr	x0, [x28]
000000010000cbe4	sub	x0, x0, x1
000000010000cbe8	str	x0, [x28]
000000010000cbec	add	x28, x28, #0x8
000000010000cbf0	sub	x28, x28, #0x8
000000010000cbf4	ldr	x1, [x28]
000000010000cbf8	sub	x28, x28, #0x8
000000010000cbfc	ldr	x0, [x28]
000000010000cc00	cmp	x0, x1
000000010000cc04	b.le	0x10000cc10
000000010000cc08	mov	x0, #0x1
000000010000cc0c	b	0x10000cc14
000000010000cc10	mov	x0, #0x0
000000010000cc14	str	x0, [x28]
000000010000cc18	add	x28, x28, #0x8
000000010000cc1c	sub	x28, x28, #0x8
000000010000cc20	ldr	x0, [x28]
000000010000cc24	cmp	x0, #0x0
000000010000cc28	b.ne	0x10000cc34
000000010000cc2c	mov	x0, #0x0
000000010000cc30	b	0x10000cc38
000000010000cc34	mov	x0, #0x1
000000010000cc38	str	x0, [x28]
000000010000cc3c	add	x28, x28, #0x8
000000010000cc40	sub	x28, x28, #0x8
000000010000cc44	ldr	x0, [x28]
000000010000cc48	cmp	x0, #0x0
000000010000cc4c	b.ne	0x10000ccac
000000010000cc50	ldur	x0, [x29, #-0x18]
000000010000cc54	str	x0, [x28]
000000010000cc58	add	x28, x28, #0x8
000000010000cc5c	mov	x0, #0x0
000000010000cc60	str	x0, [x28]
000000010000cc64	add	x28, x28, #0x8
000000010000cc68	sub	x28, x28, #0x8
000000010000cc6c	ldr	x1, [x28]
000000010000cc70	sub	x28, x28, #0x8
000000010000cc74	ldr	x0, [x28]
000000010000cc78	cmp	x0, x1
000000010000cc7c	b.ge	0x10000cc88
000000010000cc80	mov	x0, #0x1
000000010000cc84	b	0x10000cc8c
000000010000cc88	mov	x0, #0x0
000000010000cc8c	str	x0, [x28]
000000010000cc90	add	x28, x28, #0x8
000000010000cc94	sub	x28, x28, #0x8
000000010000cc98	ldr	x0, [x28]
000000010000cc9c	cmp	x0, #0x0
000000010000cca0	b.ne	0x10000ccac
000000010000cca4	mov	x0, #0x0
000000010000cca8	b	0x10000ccb0
000000010000ccac	mov	x0, #0x1
000000010000ccb0	str	x0, [x28]
000000010000ccb4	add	x28, x28, #0x8
000000010000ccb8	sub	x28, x28, #0x8
000000010000ccbc	ldr	x0, [x28]
000000010000ccc0	cmp	x0, #0x0
000000010000ccc4	b.ne	0x10000cd28
000000010000ccc8	ldur	x0, [x29, #-0x18]
000000010000cccc	str	x0, [x28]
000000010000ccd0	add	x28, x28, #0x8
000000010000ccd4	mov	x0, #0xffff
000000010000ccd8	movk	x0, #0xffff, lsl #16
000000010000ccdc	str	x0, [x28]
000000010000cce0	add	x28, x28, #0x8
000000010000cce4	sub	x28, x28, #0x8
000000010000cce8	ldr	x1, [x28]
000000010000ccec	sub	x28, x28, #0x8
000000010000ccf0	ldr	x0, [x28]
000000010000ccf4	cmp	x0, x1
000000010000ccf8	b.le	0x10000cd04
000000010000ccfc	mov	x0, #0x1
000000010000cd00	b	0x10000cd08
000000010000cd04	mov	x0, #0x0
000000010000cd08	str	x0, [x28]
000000010000cd0c	add	x28, x28, #0x8
000000010000cd10	sub	x28, x28, #0x8
000000010000cd14	ldr	x0, [x28]
000000010000cd18	cmp	x0, #0x0
000000010000cd1c	b.ne	0x10000cd28
000000010000cd20	mov	x0, #0x0
000000010000cd24	b	0x10000cd2c
000000010000cd28	mov	x0, #0x1
000000010000cd2c	str	x0, [x28]
000000010000cd30	add	x28, x28, #0x8
000000010000cd34	sub	x28, x28, #0x8
000000010000cd38	ldr	x0, [x28]
000000010000cd3c	cmp	x0, #0x0
000000010000cd40	b.eq	0x10000cd60
000000010000cd44	bl	0x10000bf80
000000010000cd48	str	x0, [x28]
000000010000cd4c	add	x28, x28, #0x8
000000010000cd50	sub	x28, x28, #0x8
000000010000cd54	ldr	x0, [x28]
000000010000cd58	b	0x10000cf6c
000000010000cd5c	b	0x10000cd60
000000010000cd60	mov	x0, #0x0
000000010000cd64	str	x0, [x28]
000000010000cd68	add	x28, x28, #0x8
000000010000cd6c	sub	x28, x28, #0x8
000000010000cd70	ldr	x0, [x28]
000000010000cd74	stur	x0, [x29, #-0x20]
000000010000cd78	ldur	x0, [x29, #-0x20]
000000010000cd7c	str	x0, [x28]
000000010000cd80	add	x28, x28, #0x8
000000010000cd84	mov	x0, #0x4
000000010000cd88	str	x0, [x28]
000000010000cd8c	add	x28, x28, #0x8
000000010000cd90	sub	x28, x28, #0x8
000000010000cd94	ldr	x1, [x28]
000000010000cd98	sub	x28, x28, #0x8
000000010000cd9c	ldr	x0, [x28]
000000010000cda0	cmp	x0, x1
000000010000cda4	b.ge	0x10000cdb0
000000010000cda8	mov	x0, #0x1
000000010000cdac	b	0x10000cdb4
000000010000cdb0	mov	x0, #0x0
000000010000cdb4	str	x0, [x28]
000000010000cdb8	add	x28, x28, #0x8
000000010000cdbc	sub	x28, x28, #0x8
000000010000cdc0	ldr	x0, [x28]
000000010000cdc4	cmp	x0, #0x0
000000010000cdc8	b.eq	0x10000cf54
000000010000cdcc	ldur	x0, [x29, #-0x8]
000000010000cdd0	str	x0, [x28]
000000010000cdd4	add	x28, x28, #0x8
000000010000cdd8	sub	x28, x28, #0x8
000000010000cddc	ldr	x0, [x28]
000000010000cde0	ldr	x0, [x0]
000000010000cde4	str	x0, [x28]
000000010000cde8	add	x28, x28, #0x8
000000010000cdec	ldur	x0, [x29, #-0x10]
000000010000cdf0	str	x0, [x28]
000000010000cdf4	add	x28, x28, #0x8
000000010000cdf8	ldur	x0, [x29, #-0x20]
000000010000cdfc	str	x0, [x28]
000000010000ce00	add	x28, x28, #0x8
000000010000ce04	sub	x28, x28, #0x8
000000010000ce08	ldr	x1, [x28]
000000010000ce0c	sub	x28, x28, #0x8
000000010000ce10	ldr	x0, [x28]
000000010000ce14	add	x0, x0, x1
000000010000ce18	sxtw	x0, w0
000000010000ce1c	str	x0, [x28]
000000010000ce20	add	x28, x28, #0x8
000000010000ce24	sub	x28, x28, #0x8
000000010000ce28	ldr	x1, [x28]
000000010000ce2c	sub	x28, x28, #0x8
000000010000ce30	ldr	x0, [x28]
000000010000ce34	add	x0, x0, x1
000000010000ce38	str	x0, [x28]
000000010000ce3c	add	x28, x28, #0x8
000000010000ce40	ldur	x0, [x29, #-0x18]
000000010000ce44	str	x0, [x28]
000000010000ce48	add	x28, x28, #0x8
000000010000ce4c	ldur	x0, [x29, #-0x20]
000000010000ce50	str	x0, [x28]
000000010000ce54	add	x28, x28, #0x8
000000010000ce58	mov	x0, #0x8
000000010000ce5c	str	x0, [x28]
000000010000ce60	add	x28, x28, #0x8
000000010000ce64	sub	x28, x28, #0x8
000000010000ce68	ldr	x1, [x28]
000000010000ce6c	sub	x28, x28, #0x8
000000010000ce70	ldr	x0, [x28]
000000010000ce74	mul	x0, x0, x1
000000010000ce78	sxtw	x0, w0
000000010000ce7c	str	x0, [x28]
000000010000ce80	add	x28, x28, #0x8
000000010000ce84	sub	x28, x28, #0x8
000000010000ce88	ldr	x1, [x28]
000000010000ce8c	sub	x28, x28, #0x8
000000010000ce90	ldr	x0, [x28]
000000010000ce94	asr	x0, x0, x1
000000010000ce98	str	x0, [x28]
000000010000ce9c	add	x28, x28, #0x8
000000010000cea0	mov	x0, #0xff
000000010000cea4	str	x0, [x28]
000000010000cea8	add	x28, x28, #0x8
000000010000ceac	sub	x28, x28, #0x8
000000010000ceb0	ldr	x1, [x28]
000000010000ceb4	sub	x28, x28, #0x8
000000010000ceb8	ldr	x0, [x28]
000000010000cebc	and	x0, x0, x1
000000010000cec0	str	x0, [x28]
000000010000cec4	add	x28, x28, #0x8
000000010000cec8	sub	x28, x28, #0x8
000000010000cecc	ldr	x0, [x28]
000000010000ced0	mov	x9, #0xff
000000010000ced4	and	x0, x0, x9
000000010000ced8	str	x0, [x28]
000000010000cedc	add	x28, x28, #0x8
000000010000cee0	sub	x28, x28, #0x8
000000010000cee4	ldr	x0, [x28]
000000010000cee8	sub	x28, x28, #0x8
000000010000ceec	ldr	x10, [x28]
000000010000cef0	strb	w0, [x10]
000000010000cef4	mov	x0, x29
000000010000cef8	sub	x0, x0, #0x20
000000010000cefc	str	x0, [x28]
000000010000cf00	add	x28, x28, #0x8
000000010000cf04	ldur	x0, [x29, #-0x20]
000000010000cf08	str	x0, [x28]
000000010000cf0c	add	x28, x28, #0x8
000000010000cf10	mov	x0, #0x1
000000010000cf14	str	x0, [x28]
000000010000cf18	add	x28, x28, #0x8
000000010000cf1c	sub	x28, x28, #0x8
000000010000cf20	ldr	x1, [x28]
000000010000cf24	sub	x28, x28, #0x8
000000010000cf28	ldr	x0, [x28]
000000010000cf2c	add	x0, x0, x1
000000010000cf30	sxtw	x0, w0
000000010000cf34	str	x0, [x28]
000000010000cf38	add	x28, x28, #0x8
000000010000cf3c	sub	x28, x28, #0x8
000000010000cf40	ldr	x0, [x28]
000000010000cf44	sub	x28, x28, #0x8
000000010000cf48	ldr	x10, [x28]
000000010000cf4c	str	x0, [x10]
000000010000cf50	b	0x10000cd78
000000010000cf54	mov	x0, #0x0
000000010000cf58	str	x0, [x28]
000000010000cf5c	add	x28, x28, #0x8
000000010000cf60	sub	x28, x28, #0x8
000000010000cf64	ldr	x0, [x28]
000000010000cf68	b	0x10000cf6c
000000010000cf6c	mov	sp, x29
000000010000cf70	ldr	x29, [sp]
000000010000cf74	ldr	x30, [sp, #0x8]
000000010000cf78	ldr	x28, [sp, #0x10]
000000010000cf7c	add	sp, sp, #0x20
000000010000cf80	ret
000000010000cf84	sub	sp, sp, #0x20
000000010000cf88	str	x29, [sp]
000000010000cf8c	str	x30, [sp, #0x8]
000000010000cf90	str	x28, [sp, #0x10]
000000010000cf94	mov	x29, sp
000000010000cf98	sub	sp, sp, #0x190
000000010000cf9c	mov	x28, sp
000000010000cfa0	stur	x0, [x29, #-0x8]
000000010000cfa4	mov	x0, #0x0
000000010000cfa8	str	x0, [x28]
000000010000cfac	add	x28, x28, #0x8
000000010000cfb0	sub	x28, x28, #0x8
000000010000cfb4	ldr	x0, [x28]
000000010000cfb8	stur	x0, [x29, #-0x10]
000000010000cfbc	ldur	x0, [x29, #-0x10]
000000010000cfc0	str	x0, [x28]
000000010000cfc4	add	x28, x28, #0x8
000000010000cfc8	ldur	x0, [x29, #-0x8]
000000010000cfcc	str	x0, [x28]
000000010000cfd0	add	x28, x28, #0x8
000000010000cfd4	sub	x28, x28, #0x8
000000010000cfd8	ldr	x10, [x28]
000000010000cfdc	ldr	x0, [x10, #0x8]
000000010000cfe0	str	x0, [x28]
000000010000cfe4	add	x28, x28, #0x8
000000010000cfe8	sub	x28, x28, #0x8
000000010000cfec	ldr	x1, [x28]
000000010000cff0	sub	x28, x28, #0x8
000000010000cff4	ldr	x0, [x28]
000000010000cff8	cmp	x0, x1
000000010000cffc	b.ge	0x10000d008
000000010000d000	mov	x0, #0x1
000000010000d004	b	0x10000d00c
000000010000d008	mov	x0, #0x0
000000010000d00c	str	x0, [x28]
000000010000d010	add	x28, x28, #0x8
000000010000d014	sub	x28, x28, #0x8
000000010000d018	ldr	x0, [x28]
000000010000d01c	cmp	x0, #0x0
000000010000d020	b.eq	0x10000d144
000000010000d024	ldur	x0, [x29, #-0x8]
000000010000d028	str	x0, [x28]
000000010000d02c	add	x28, x28, #0x8
000000010000d030	sub	x28, x28, #0x8
000000010000d034	ldr	x0, [x28]
000000010000d038	ldr	x0, [x0]
000000010000d03c	str	x0, [x28]
000000010000d040	add	x28, x28, #0x8
000000010000d044	ldur	x0, [x29, #-0x10]
000000010000d048	str	x0, [x28]
000000010000d04c	add	x28, x28, #0x8
000000010000d050	sub	x28, x28, #0x8
000000010000d054	ldr	x1, [x28]
000000010000d058	sub	x28, x28, #0x8
000000010000d05c	ldr	x0, [x28]
000000010000d060	add	x0, x0, x1
000000010000d064	str	x0, [x28]
000000010000d068	add	x28, x28, #0x8
000000010000d06c	sub	x28, x28, #0x8
000000010000d070	ldr	x10, [x28]
000000010000d074	ldrb	w0, [x10]
000000010000d078	str	x0, [x28]
000000010000d07c	add	x28, x28, #0x8
000000010000d080	mov	x0, #0x0
000000010000d084	str	x0, [x28]
000000010000d088	add	x28, x28, #0x8
000000010000d08c	sub	x28, x28, #0x8
000000010000d090	ldr	x1, [x28]
000000010000d094	sub	x28, x28, #0x8
000000010000d098	ldr	x0, [x28]
000000010000d09c	cmp	x0, x1
000000010000d0a0	b.eq	0x10000d0ac
000000010000d0a4	mov	x0, #0x1
000000010000d0a8	b	0x10000d0b0
000000010000d0ac	mov	x0, #0x0
000000010000d0b0	str	x0, [x28]
000000010000d0b4	add	x28, x28, #0x8
000000010000d0b8	sub	x28, x28, #0x8
000000010000d0bc	ldr	x0, [x28]
000000010000d0c0	cmp	x0, #0x0
000000010000d0c4	b.eq	0x10000d0e4
000000010000d0c8	mov	x0, #0x0
000000010000d0cc	str	x0, [x28]
000000010000d0d0	add	x28, x28, #0x8
000000010000d0d4	sub	x28, x28, #0x8
000000010000d0d8	ldr	x0, [x28]
000000010000d0dc	b	0x10000d15c
000000010000d0e0	b	0x10000d0e4
000000010000d0e4	mov	x0, x29
000000010000d0e8	sub	x0, x0, #0x10
000000010000d0ec	str	x0, [x28]
000000010000d0f0	add	x28, x28, #0x8
000000010000d0f4	ldur	x0, [x29, #-0x10]
000000010000d0f8	str	x0, [x28]
000000010000d0fc	add	x28, x28, #0x8
000000010000d100	mov	x0, #0x1
000000010000d104	str	x0, [x28]
000000010000d108	add	x28, x28, #0x8
000000010000d10c	sub	x28, x28, #0x8
000000010000d110	ldr	x1, [x28]
000000010000d114	sub	x28, x28, #0x8
000000010000d118	ldr	x0, [x28]
000000010000d11c	add	x0, x0, x1
000000010000d120	sxtw	x0, w0
000000010000d124	str	x0, [x28]
000000010000d128	add	x28, x28, #0x8
000000010000d12c	sub	x28, x28, #0x8
000000010000d130	ldr	x0, [x28]
000000010000d134	sub	x28, x28, #0x8
000000010000d138	ldr	x10, [x28]
000000010000d13c	str	x0, [x10]
000000010000d140	b	0x10000cfbc
000000010000d144	mov	x0, #0x1
000000010000d148	str	x0, [x28]
000000010000d14c	add	x28, x28, #0x8
000000010000d150	sub	x28, x28, #0x8
000000010000d154	ldr	x0, [x28]
000000010000d158	b	0x10000d15c
000000010000d15c	mov	sp, x29
000000010000d160	ldr	x29, [sp]
000000010000d164	ldr	x30, [sp, #0x8]
000000010000d168	ldr	x28, [sp, #0x10]
000000010000d16c	add	sp, sp, #0x20
000000010000d170	ret
000000010000d174	sub	sp, sp, #0x20
000000010000d178	str	x29, [sp]
000000010000d17c	str	x30, [sp, #0x8]
000000010000d180	str	x28, [sp, #0x10]
000000010000d184	mov	x29, sp
000000010000d188	sub	sp, sp, #0x210
000000010000d18c	mov	x28, sp
000000010000d190	stur	x0, [x29, #-0x8]
000000010000d194	stur	x1, [x29, #-0x10]
000000010000d198	ldur	x0, [x29, #-0x10]
000000010000d19c	str	x0, [x28]
000000010000d1a0	add	x28, x28, #0x8
000000010000d1a4	sub	x28, x28, #0x8
000000010000d1a8	ldr	x10, [x28]
000000010000d1ac	ldr	x0, [x10, #0x8]
000000010000d1b0	str	x0, [x28]
000000010000d1b4	add	x28, x28, #0x8
000000010000d1b8	mov	x0, #0x20
000000010000d1bc	str	x0, [x28]
000000010000d1c0	add	x28, x28, #0x8
000000010000d1c4	sub	x28, x28, #0x8
000000010000d1c8	ldr	x1, [x28]
000000010000d1cc	sub	x28, x28, #0x8
000000010000d1d0	ldr	x0, [x28]
000000010000d1d4	cmp	x0, x1
000000010000d1d8	b.eq	0x10000d1e4
000000010000d1dc	mov	x0, #0x1
000000010000d1e0	b	0x10000d1e8
000000010000d1e4	mov	x0, #0x0
000000010000d1e8	str	x0, [x28]
000000010000d1ec	add	x28, x28, #0x8
000000010000d1f0	sub	x28, x28, #0x8
000000010000d1f4	ldr	x0, [x28]
000000010000d1f8	cmp	x0, #0x0
000000010000d1fc	b.eq	0x10000d21c
000000010000d200	mov	x0, #0x0
000000010000d204	str	x0, [x28]
000000010000d208	add	x28, x28, #0x8
000000010000d20c	sub	x28, x28, #0x8
000000010000d210	ldr	x0, [x28]
000000010000d214	b	0x10000d554
000000010000d218	b	0x10000d21c
000000010000d21c	mov	x0, #0x20
000000010000d220	str	x0, [x28]
000000010000d224	add	x28, x28, #0x8
000000010000d228	sub	x28, x28, #0x8
000000010000d22c	ldr	x0, [x28]
000000010000d230	mov	x8, x29
000000010000d234	sub	x8, x8, #0x30
000000010000d238	bl	0x10000101c
000000010000d23c	str	x0, [x28]
000000010000d240	add	x28, x28, #0x8
000000010000d244	sub	x28, x28, #0x8
000000010000d248	ldr	x11, [x28]
000000010000d24c	mov	x10, x29
000000010000d250	sub	x10, x10, #0x20
000000010000d254	ldr	x9, [x11]
000000010000d258	str	x9, [x10]
000000010000d25c	ldr	x9, [x11, #0x8]
000000010000d260	str	x9, [x10, #0x8]
000000010000d264	mov	x0, x29
000000010000d268	sub	x0, x0, #0x20
000000010000d26c	str	x0, [x28]
000000010000d270	add	x28, x28, #0x8
000000010000d274	sub	x28, x28, #0x8
000000010000d278	ldr	x10, [x28]
000000010000d27c	ldr	x0, [x10, #0x8]
000000010000d280	str	x0, [x28]
000000010000d284	add	x28, x28, #0x8
000000010000d288	mov	x0, #0x20
000000010000d28c	str	x0, [x28]
000000010000d290	add	x28, x28, #0x8
000000010000d294	sub	x28, x28, #0x8
000000010000d298	ldr	x1, [x28]
000000010000d29c	sub	x28, x28, #0x8
000000010000d2a0	ldr	x0, [x28]
000000010000d2a4	cmp	x0, x1
000000010000d2a8	b.eq	0x10000d2b4
000000010000d2ac	mov	x0, #0x1
000000010000d2b0	b	0x10000d2b8
000000010000d2b4	mov	x0, #0x0
000000010000d2b8	str	x0, [x28]
000000010000d2bc	add	x28, x28, #0x8
000000010000d2c0	sub	x28, x28, #0x8
000000010000d2c4	ldr	x0, [x28]
000000010000d2c8	cmp	x0, #0x0
000000010000d2cc	b.eq	0x10000d2ec
000000010000d2d0	mov	x0, #0x0
000000010000d2d4	str	x0, [x28]
000000010000d2d8	add	x28, x28, #0x8
000000010000d2dc	sub	x28, x28, #0x8
000000010000d2e0	ldr	x0, [x28]
000000010000d2e4	b	0x10000d554
000000010000d2e8	b	0x10000d2ec
000000010000d2ec	ldur	x0, [x29, #-0x8]
000000010000d2f0	str	x0, [x28]
000000010000d2f4	add	x28, x28, #0x8
000000010000d2f8	sub	x28, x28, #0x8
000000010000d2fc	ldr	x11, [x28]
000000010000d300	mov	x10, x29
000000010000d304	sub	x10, x10, #0x48
000000010000d308	ldr	x9, [x11]
000000010000d30c	str	x9, [x10]
000000010000d310	ldr	x9, [x11, #0x8]
000000010000d314	str	x9, [x10, #0x8]
000000010000d318	mov	x0, x29
000000010000d31c	sub	x0, x0, #0x48
000000010000d320	str	x0, [x28]
000000010000d324	add	x28, x28, #0x8
000000010000d328	mov	x0, x29
000000010000d32c	sub	x0, x0, #0x20
000000010000d330	str	x0, [x28]
000000010000d334	add	x28, x28, #0x8
000000010000d338	sub	x28, x28, #0x8
000000010000d33c	ldr	x11, [x28]
000000010000d340	mov	x10, x29
000000010000d344	sub	x10, x10, #0x58
000000010000d348	ldr	x9, [x11]
000000010000d34c	str	x9, [x10]
000000010000d350	ldr	x9, [x11, #0x8]
000000010000d354	str	x9, [x10, #0x8]
000000010000d358	mov	x0, x29
000000010000d35c	sub	x0, x0, #0x58
000000010000d360	str	x0, [x28]
000000010000d364	add	x28, x28, #0x8
000000010000d368	sub	x28, x28, #0x8
000000010000d36c	ldr	x1, [x28]
000000010000d370	sub	x28, x28, #0x8
000000010000d374	ldr	x0, [x28]
000000010000d378	bl	0x1000070c8
000000010000d37c	str	x0, [x28]
000000010000d380	add	x28, x28, #0x8
000000010000d384	mov	x0, #0x0
000000010000d388	str	x0, [x28]
000000010000d38c	add	x28, x28, #0x8
000000010000d390	sub	x28, x28, #0x8
000000010000d394	ldr	x1, [x28]
000000010000d398	sub	x28, x28, #0x8
000000010000d39c	ldr	x0, [x28]
000000010000d3a0	cmp	x0, x1
000000010000d3a4	b.ne	0x10000d3b0
000000010000d3a8	mov	x0, #0x1
000000010000d3ac	b	0x10000d3b4
000000010000d3b0	mov	x0, #0x0
000000010000d3b4	str	x0, [x28]
000000010000d3b8	add	x28, x28, #0x8
000000010000d3bc	sub	x28, x28, #0x8
000000010000d3c0	ldr	x0, [x28]
000000010000d3c4	cmp	x0, #0x0
000000010000d3c8	b.eq	0x10000d4b4
000000010000d3cc	mov	x0, x29
000000010000d3d0	sub	x0, x0, #0x20
000000010000d3d4	str	x0, [x28]
000000010000d3d8	add	x28, x28, #0x8
000000010000d3dc	sub	x28, x28, #0x8
000000010000d3e0	ldr	x11, [x28]
000000010000d3e4	mov	x10, x29
000000010000d3e8	sub	x10, x10, #0x68
000000010000d3ec	ldr	x9, [x11]
000000010000d3f0	str	x9, [x10]
000000010000d3f4	ldr	x9, [x11, #0x8]
000000010000d3f8	str	x9, [x10, #0x8]
000000010000d3fc	mov	x0, x29
000000010000d400	sub	x0, x0, #0x68
000000010000d404	str	x0, [x28]
000000010000d408	add	x28, x28, #0x8
000000010000d40c	ldur	x0, [x29, #-0x10]
000000010000d410	str	x0, [x28]
000000010000d414	add	x28, x28, #0x8
000000010000d418	sub	x28, x28, #0x8
000000010000d41c	ldr	x11, [x28]
000000010000d420	mov	x10, x29
000000010000d424	sub	x10, x10, #0x78
000000010000d428	ldr	x9, [x11]
000000010000d42c	str	x9, [x10]
000000010000d430	ldr	x9, [x11, #0x8]
000000010000d434	str	x9, [x10, #0x8]
000000010000d438	mov	x0, x29
000000010000d43c	sub	x0, x0, #0x78
000000010000d440	str	x0, [x28]
000000010000d444	add	x28, x28, #0x8
000000010000d448	sub	x28, x28, #0x8
000000010000d44c	ldr	x1, [x28]
000000010000d450	sub	x28, x28, #0x8
000000010000d454	ldr	x0, [x28]
000000010000d458	bl	0x100001514
000000010000d45c	str	x0, [x28]
000000010000d460	add	x28, x28, #0x8
000000010000d464	mov	x0, #0x1
000000010000d468	str	x0, [x28]
000000010000d46c	add	x28, x28, #0x8
000000010000d470	sub	x28, x28, #0x8
000000010000d474	ldr	x1, [x28]
000000010000d478	sub	x28, x28, #0x8
000000010000d47c	ldr	x0, [x28]
000000010000d480	cmp	x0, x1
000000010000d484	b.ne	0x10000d490
000000010000d488	mov	x0, #0x1
000000010000d48c	b	0x10000d494
000000010000d490	mov	x0, #0x0
000000010000d494	str	x0, [x28]
000000010000d498	add	x28, x28, #0x8
000000010000d49c	sub	x28, x28, #0x8
000000010000d4a0	ldr	x0, [x28]
000000010000d4a4	cmp	x0, #0x0
000000010000d4a8	b.eq	0x10000d4b4
000000010000d4ac	mov	x0, #0x1
000000010000d4b0	b	0x10000d4b8
000000010000d4b4	mov	x0, #0x0
000000010000d4b8	str	x0, [x28]
000000010000d4bc	add	x28, x28, #0x8
000000010000d4c0	sub	x28, x28, #0x8
000000010000d4c4	ldr	x0, [x28]
000000010000d4c8	sxtw	x0, w0
000000010000d4cc	str	x0, [x28]
000000010000d4d0	add	x28, x28, #0x8
000000010000d4d4	sub	x28, x28, #0x8
000000010000d4d8	ldr	x0, [x28]
000000010000d4dc	stur	x0, [x29, #-0x38]
000000010000d4e0	mov	x0, x29
000000010000d4e4	sub	x0, x0, #0x20
000000010000d4e8	str	x0, [x28]
000000010000d4ec	add	x28, x28, #0x8
000000010000d4f0	sub	x28, x28, #0x8
000000010000d4f4	ldr	x11, [x28]
000000010000d4f8	mov	x10, x29
000000010000d4fc	sub	x10, x10, #0x88
000000010000d500	ldr	x9, [x11]
000000010000d504	str	x9, [x10]
000000010000d508	ldr	x9, [x11, #0x8]
000000010000d50c	str	x9, [x10, #0x8]
000000010000d510	mov	x0, x29
000000010000d514	sub	x0, x0, #0x88
000000010000d518	str	x0, [x28]
000000010000d51c	add	x28, x28, #0x8
000000010000d520	sub	x28, x28, #0x8
000000010000d524	ldr	x0, [x28]
000000010000d528	bl	0x100001434
000000010000d52c	str	x0, [x28]
000000010000d530	add	x28, x28, #0x8
000000010000d534	sub	x28, x28, #0x8
000000010000d538	ldr	x0, [x28]
000000010000d53c	ldur	x0, [x29, #-0x38]
000000010000d540	str	x0, [x28]
000000010000d544	add	x28, x28, #0x8
000000010000d548	sub	x28, x28, #0x8
000000010000d54c	ldr	x0, [x28]
000000010000d550	b	0x10000d554
000000010000d554	mov	sp, x29
000000010000d558	ldr	x29, [sp]
000000010000d55c	ldr	x30, [sp, #0x8]
000000010000d560	ldr	x28, [sp, #0x10]
000000010000d564	add	sp, sp, #0x20
000000010000d568	ret
000000010000d56c	sub	sp, sp, #0x20
000000010000d570	str	x29, [sp]
000000010000d574	str	x30, [sp, #0x8]
000000010000d578	str	x28, [sp, #0x10]
000000010000d57c	mov	x29, sp
000000010000d580	sub	sp, sp, #0x1c0
000000010000d584	mov	x28, sp
000000010000d588	stur	x0, [x29, #-0x8]
000000010000d58c	ldur	x0, [x29, #-0x8]
000000010000d590	str	x0, [x28]
000000010000d594	add	x28, x28, #0x8
000000010000d598	sub	x28, x28, #0x8
000000010000d59c	ldr	x0, [x28]
000000010000d5a0	mov	x1, x29
000000010000d5a4	sub	x1, x1, #0x28
000000010000d5a8	bl	0x100017be0
000000010000d5ac	mov	x0, x29
000000010000d5b0	sub	x0, x0, #0x28
000000010000d5b4	str	x0, [x28]
000000010000d5b8	add	x28, x28, #0x8
000000010000d5bc	sub	x28, x28, #0x8
000000010000d5c0	ldr	x11, [x28]
000000010000d5c4	mov	x10, x29
000000010000d5c8	sub	x10, x10, #0x18
000000010000d5cc	ldr	x9, [x11]
000000010000d5d0	str	x9, [x10]
000000010000d5d4	ldr	x9, [x11, #0x8]
000000010000d5d8	str	x9, [x10, #0x8]
000000010000d5dc	mov	x0, x29
000000010000d5e0	sub	x0, x0, #0x18
000000010000d5e4	str	x0, [x28]
000000010000d5e8	add	x28, x28, #0x8
000000010000d5ec	sub	x28, x28, #0x8
000000010000d5f0	ldr	x10, [x28]
000000010000d5f4	ldr	x1, [x10]
000000010000d5f8	ldr	x2, [x10, #0x8]
000000010000d5fc	bl	0x100017a88
000000010000d600	mov	x0, #0x0
000000010000d604	str	x0, [x28]
000000010000d608	add	x28, x28, #0x8
000000010000d60c	sub	x28, x28, #0x8
000000010000d610	ldr	x0, [x28]
000000010000d614	mov	x0, x29
000000010000d618	sub	x0, x0, #0x18
000000010000d61c	str	x0, [x28]
000000010000d620	add	x28, x28, #0x8
000000010000d624	sub	x28, x28, #0x8
000000010000d628	ldr	x11, [x28]
000000010000d62c	mov	x10, x29
000000010000d630	sub	x10, x10, #0x38
000000010000d634	ldr	x9, [x11]
000000010000d638	str	x9, [x10]
000000010000d63c	ldr	x9, [x11, #0x8]
000000010000d640	str	x9, [x10, #0x8]
000000010000d644	mov	x0, x29
000000010000d648	sub	x0, x0, #0x38
000000010000d64c	str	x0, [x28]
000000010000d650	add	x28, x28, #0x8
000000010000d654	sub	x28, x28, #0x8
000000010000d658	ldr	x0, [x28]
000000010000d65c	bl	0x100001434
000000010000d660	str	x0, [x28]
000000010000d664	add	x28, x28, #0x8
000000010000d668	sub	x28, x28, #0x8
000000010000d66c	ldr	x0, [x28]
000000010000d670	mov	sp, x29
000000010000d674	ldr	x29, [sp]
000000010000d678	ldr	x30, [sp, #0x8]
000000010000d67c	ldr	x28, [sp, #0x10]
000000010000d680	add	sp, sp, #0x20
000000010000d684	ret
000000010000d688	sub	sp, sp, #0x20
000000010000d68c	str	x29, [sp]
000000010000d690	str	x30, [sp, #0x8]
000000010000d694	str	x28, [sp, #0x10]
000000010000d698	mov	x29, sp
000000010000d69c	sub	sp, sp, #0x1e0
000000010000d6a0	mov	x28, sp
000000010000d6a4	stur	x0, [x29, #-0x8]
000000010000d6a8	stur	x1, [x29, #-0x10]
000000010000d6ac	stur	x2, [x29, #-0x18]
000000010000d6b0	adrp	x0, 11 ; 0x100018000
000000010000d6b4	add	x0, x0, #0x2b2
000000010000d6b8	stur	x0, [x29, #-0x28]
000000010000d6bc	mov	x0, #0x9
000000010000d6c0	stur	x0, [x29, #-0x20]
000000010000d6c4	mov	x0, x29
000000010000d6c8	sub	x0, x0, #0x28
000000010000d6cc	str	x0, [x28]
000000010000d6d0	add	x28, x28, #0x8
000000010000d6d4	sub	x28, x28, #0x8
000000010000d6d8	ldr	x10, [x28]
000000010000d6dc	ldr	x1, [x10]
000000010000d6e0	ldr	x2, [x10, #0x8]
000000010000d6e4	bl	0x100017a88
000000010000d6e8	mov	x0, #0x0
000000010000d6ec	str	x0, [x28]
000000010000d6f0	add	x28, x28, #0x8
000000010000d6f4	sub	x28, x28, #0x8
000000010000d6f8	ldr	x0, [x28]
000000010000d6fc	ldur	x0, [x29, #-0x8]
000000010000d700	str	x0, [x28]
000000010000d704	add	x28, x28, #0x8
000000010000d708	sub	x28, x28, #0x8
000000010000d70c	ldr	x10, [x28]
000000010000d710	ldr	x1, [x10]
000000010000d714	ldr	x2, [x10, #0x8]
000000010000d718	bl	0x100017a88
000000010000d71c	mov	x0, #0x0
000000010000d720	str	x0, [x28]
000000010000d724	add	x28, x28, #0x8
000000010000d728	sub	x28, x28, #0x8
000000010000d72c	ldr	x0, [x28]
000000010000d730	adrp	x0, 11 ; 0x100018000
000000010000d734	add	x0, x0, #0x2bb
000000010000d738	stur	x0, [x29, #-0x38]
000000010000d73c	mov	x0, #0x1
000000010000d740	stur	x0, [x29, #-0x30]
000000010000d744	mov	x0, x29
000000010000d748	sub	x0, x0, #0x38
000000010000d74c	str	x0, [x28]
000000010000d750	add	x28, x28, #0x8
000000010000d754	sub	x28, x28, #0x8
000000010000d758	ldr	x10, [x28]
000000010000d75c	ldr	x1, [x10]
000000010000d760	ldr	x2, [x10, #0x8]
000000010000d764	bl	0x100017a88
000000010000d768	mov	x0, #0x0
000000010000d76c	str	x0, [x28]
000000010000d770	add	x28, x28, #0x8
000000010000d774	sub	x28, x28, #0x8
000000010000d778	ldr	x0, [x28]
000000010000d77c	ldur	x0, [x29, #-0x10]
000000010000d780	str	x0, [x28]
000000010000d784	add	x28, x28, #0x8
000000010000d788	sub	x28, x28, #0x8
000000010000d78c	ldr	x0, [x28]
000000010000d790	sxtw	x0, w0
000000010000d794	str	x0, [x28]
000000010000d798	add	x28, x28, #0x8
000000010000d79c	sub	x28, x28, #0x8
000000010000d7a0	ldr	x0, [x28]
000000010000d7a4	bl	0x10000d56c
000000010000d7a8	str	x0, [x28]
000000010000d7ac	add	x28, x28, #0x8
000000010000d7b0	sub	x28, x28, #0x8
000000010000d7b4	ldr	x0, [x28]
000000010000d7b8	adrp	x0, 11 ; 0x100018000
000000010000d7bc	add	x0, x0, #0x2bc
000000010000d7c0	stur	x0, [x29, #-0x48]
000000010000d7c4	mov	x0, #0x1
000000010000d7c8	stur	x0, [x29, #-0x40]
000000010000d7cc	mov	x0, x29
000000010000d7d0	sub	x0, x0, #0x48
000000010000d7d4	str	x0, [x28]
000000010000d7d8	add	x28, x28, #0x8
000000010000d7dc	sub	x28, x28, #0x8
000000010000d7e0	ldr	x10, [x28]
000000010000d7e4	ldr	x1, [x10]
000000010000d7e8	ldr	x2, [x10, #0x8]
000000010000d7ec	bl	0x100017a88
000000010000d7f0	mov	x0, #0x0
000000010000d7f4	str	x0, [x28]
000000010000d7f8	add	x28, x28, #0x8
000000010000d7fc	sub	x28, x28, #0x8
000000010000d800	ldr	x0, [x28]
000000010000d804	ldur	x0, [x29, #-0x18]
000000010000d808	str	x0, [x28]
000000010000d80c	add	x28, x28, #0x8
000000010000d810	sub	x28, x28, #0x8
000000010000d814	ldr	x0, [x28]
000000010000d818	sxtw	x0, w0
000000010000d81c	str	x0, [x28]
000000010000d820	add	x28, x28, #0x8
000000010000d824	sub	x28, x28, #0x8
000000010000d828	ldr	x0, [x28]
000000010000d82c	bl	0x10000d56c
000000010000d830	str	x0, [x28]
000000010000d834	add	x28, x28, #0x8
000000010000d838	sub	x28, x28, #0x8
000000010000d83c	ldr	x0, [x28]
000000010000d840	adrp	x0, 11 ; 0x100018000
000000010000d844	add	x0, x0, #0x2bd
000000010000d848	stur	x0, [x29, #-0x58]
000000010000d84c	mov	x0, #0x0
000000010000d850	stur	x0, [x29, #-0x50]
000000010000d854	mov	x0, x29
000000010000d858	sub	x0, x0, #0x58
000000010000d85c	str	x0, [x28]
000000010000d860	add	x28, x28, #0x8
000000010000d864	sub	x28, x28, #0x8
000000010000d868	ldr	x10, [x28]
000000010000d86c	ldr	x1, [x10]
000000010000d870	ldr	x2, [x10, #0x8]
000000010000d874	bl	0x100017a88
000000010000d878	adrp	x1, 11 ; 0x100018000
000000010000d87c	add	x1, x1, #0x1b
000000010000d880	mov	x2, #0x1
000000010000d884	bl	0x100017a88
000000010000d888	mov	x0, #0x0
000000010000d88c	str	x0, [x28]
000000010000d890	add	x28, x28, #0x8
000000010000d894	sub	x28, x28, #0x8
000000010000d898	ldr	x0, [x28]
000000010000d89c	ldur	x0, [x29, #-0x10]
000000010000d8a0	str	x0, [x28]
000000010000d8a4	add	x28, x28, #0x8
000000010000d8a8	ldur	x0, [x29, #-0x18]
000000010000d8ac	str	x0, [x28]
000000010000d8b0	add	x28, x28, #0x8
000000010000d8b4	sub	x28, x28, #0x8
000000010000d8b8	ldr	x1, [x28]
000000010000d8bc	sub	x28, x28, #0x8
000000010000d8c0	ldr	x0, [x28]
000000010000d8c4	cmp	x0, x1
000000010000d8c8	b.eq	0x10000d8d4
000000010000d8cc	mov	x0, #0x1
000000010000d8d0	b	0x10000d8d8
000000010000d8d4	mov	x0, #0x0
000000010000d8d8	str	x0, [x28]
000000010000d8dc	add	x28, x28, #0x8
000000010000d8e0	sub	x28, x28, #0x8
000000010000d8e4	ldr	x0, [x28]
000000010000d8e8	sxtw	x0, w0
000000010000d8ec	str	x0, [x28]
000000010000d8f0	add	x28, x28, #0x8
000000010000d8f4	sub	x28, x28, #0x8
000000010000d8f8	ldr	x0, [x28]
000000010000d8fc	b	0x10000d900
000000010000d900	mov	sp, x29
000000010000d904	ldr	x29, [sp]
000000010000d908	ldr	x30, [sp, #0x8]
000000010000d90c	ldr	x28, [sp, #0x10]
000000010000d910	add	sp, sp, #0x20
000000010000d914	ret
000000010000d918	sub	sp, sp, #0x20
000000010000d91c	str	x29, [sp]
000000010000d920	str	x30, [sp, #0x8]
000000010000d924	str	x28, [sp, #0x10]
000000010000d928	mov	x29, sp
000000010000d92c	sub	sp, sp, #0x1e0
000000010000d930	mov	x28, sp
000000010000d934	stur	x0, [x29, #-0x8]
000000010000d938	stur	x1, [x29, #-0x10]
000000010000d93c	stur	x2, [x29, #-0x18]
000000010000d940	adrp	x0, 11 ; 0x100018000
000000010000d944	add	x0, x0, #0x2bd
000000010000d948	stur	x0, [x29, #-0x28]
000000010000d94c	mov	x0, #0x9
000000010000d950	stur	x0, [x29, #-0x20]
000000010000d954	mov	x0, x29
000000010000d958	sub	x0, x0, #0x28
000000010000d95c	str	x0, [x28]
000000010000d960	add	x28, x28, #0x8
000000010000d964	sub	x28, x28, #0x8
000000010000d968	ldr	x10, [x28]
000000010000d96c	ldr	x1, [x10]
000000010000d970	ldr	x2, [x10, #0x8]
000000010000d974	bl	0x100017a88
000000010000d978	mov	x0, #0x0
000000010000d97c	str	x0, [x28]
000000010000d980	add	x28, x28, #0x8
000000010000d984	sub	x28, x28, #0x8
000000010000d988	ldr	x0, [x28]
000000010000d98c	ldur	x0, [x29, #-0x8]
000000010000d990	str	x0, [x28]
000000010000d994	add	x28, x28, #0x8
000000010000d998	sub	x28, x28, #0x8
000000010000d99c	ldr	x10, [x28]
000000010000d9a0	ldr	x1, [x10]
000000010000d9a4	ldr	x2, [x10, #0x8]
000000010000d9a8	bl	0x100017a88
000000010000d9ac	mov	x0, #0x0
000000010000d9b0	str	x0, [x28]
000000010000d9b4	add	x28, x28, #0x8
000000010000d9b8	sub	x28, x28, #0x8
000000010000d9bc	ldr	x0, [x28]
000000010000d9c0	adrp	x0, 11 ; 0x100018000
000000010000d9c4	add	x0, x0, #0x2c6
000000010000d9c8	stur	x0, [x29, #-0x38]
000000010000d9cc	mov	x0, #0x1
000000010000d9d0	stur	x0, [x29, #-0x30]
000000010000d9d4	mov	x0, x29
000000010000d9d8	sub	x0, x0, #0x38
000000010000d9dc	str	x0, [x28]
000000010000d9e0	add	x28, x28, #0x8
000000010000d9e4	sub	x28, x28, #0x8
000000010000d9e8	ldr	x10, [x28]
000000010000d9ec	ldr	x1, [x10]
000000010000d9f0	ldr	x2, [x10, #0x8]
000000010000d9f4	bl	0x100017a88
000000010000d9f8	mov	x0, #0x0
000000010000d9fc	str	x0, [x28]
000000010000da00	add	x28, x28, #0x8
000000010000da04	sub	x28, x28, #0x8
000000010000da08	ldr	x0, [x28]
000000010000da0c	ldur	x0, [x29, #-0x10]
000000010000da10	str	x0, [x28]
000000010000da14	add	x28, x28, #0x8
000000010000da18	sub	x28, x28, #0x8
000000010000da1c	ldr	x0, [x28]
000000010000da20	bl	0x10000d56c
000000010000da24	str	x0, [x28]
000000010000da28	add	x28, x28, #0x8
000000010000da2c	sub	x28, x28, #0x8
000000010000da30	ldr	x0, [x28]
000000010000da34	adrp	x0, 11 ; 0x100018000
000000010000da38	add	x0, x0, #0x2c7
000000010000da3c	stur	x0, [x29, #-0x48]
000000010000da40	mov	x0, #0x1
000000010000da44	stur	x0, [x29, #-0x40]
000000010000da48	mov	x0, x29
000000010000da4c	sub	x0, x0, #0x48
000000010000da50	str	x0, [x28]
000000010000da54	add	x28, x28, #0x8
000000010000da58	sub	x28, x28, #0x8
000000010000da5c	ldr	x10, [x28]
000000010000da60	ldr	x1, [x10]
000000010000da64	ldr	x2, [x10, #0x8]
000000010000da68	bl	0x100017a88
000000010000da6c	mov	x0, #0x0
000000010000da70	str	x0, [x28]
000000010000da74	add	x28, x28, #0x8
000000010000da78	sub	x28, x28, #0x8
000000010000da7c	ldr	x0, [x28]
000000010000da80	ldur	x0, [x29, #-0x18]
000000010000da84	str	x0, [x28]
000000010000da88	add	x28, x28, #0x8
000000010000da8c	sub	x28, x28, #0x8
000000010000da90	ldr	x0, [x28]
000000010000da94	bl	0x10000d56c
000000010000da98	str	x0, [x28]
000000010000da9c	add	x28, x28, #0x8
000000010000daa0	sub	x28, x28, #0x8
000000010000daa4	ldr	x0, [x28]
000000010000daa8	adrp	x0, 11 ; 0x100018000
000000010000daac	add	x0, x0, #0x2c8
000000010000dab0	stur	x0, [x29, #-0x58]
000000010000dab4	mov	x0, #0x0
000000010000dab8	stur	x0, [x29, #-0x50]
000000010000dabc	mov	x0, x29
000000010000dac0	sub	x0, x0, #0x58
000000010000dac4	str	x0, [x28]
000000010000dac8	add	x28, x28, #0x8
000000010000dacc	sub	x28, x28, #0x8
000000010000dad0	ldr	x10, [x28]
000000010000dad4	ldr	x1, [x10]
000000010000dad8	ldr	x2, [x10, #0x8]
000000010000dadc	bl	0x100017a88
000000010000dae0	adrp	x1, 11 ; 0x100018000
000000010000dae4	add	x1, x1, #0x1b
000000010000dae8	mov	x2, #0x1
000000010000daec	bl	0x100017a88
000000010000daf0	mov	x0, #0x0
000000010000daf4	str	x0, [x28]
000000010000daf8	add	x28, x28, #0x8
000000010000dafc	sub	x28, x28, #0x8
000000010000db00	ldr	x0, [x28]
000000010000db04	ldur	x0, [x29, #-0x10]
000000010000db08	str	x0, [x28]
000000010000db0c	add	x28, x28, #0x8
000000010000db10	ldur	x0, [x29, #-0x18]
000000010000db14	str	x0, [x28]
000000010000db18	add	x28, x28, #0x8
000000010000db1c	sub	x28, x28, #0x8
000000010000db20	ldr	x1, [x28]
000000010000db24	sub	x28, x28, #0x8
000000010000db28	ldr	x0, [x28]
000000010000db2c	cmp	x0, x1
000000010000db30	b.eq	0x10000db3c
000000010000db34	mov	x0, #0x1
000000010000db38	b	0x10000db40
000000010000db3c	mov	x0, #0x0
000000010000db40	str	x0, [x28]
000000010000db44	add	x28, x28, #0x8
000000010000db48	sub	x28, x28, #0x8
000000010000db4c	ldr	x0, [x28]
000000010000db50	sxtw	x0, w0
000000010000db54	str	x0, [x28]
000000010000db58	add	x28, x28, #0x8
000000010000db5c	sub	x28, x28, #0x8
000000010000db60	ldr	x0, [x28]
000000010000db64	b	0x10000db68
000000010000db68	mov	sp, x29
000000010000db6c	ldr	x29, [sp]
000000010000db70	ldr	x30, [sp, #0x8]
000000010000db74	ldr	x28, [sp, #0x10]
000000010000db78	add	sp, sp, #0x20
000000010000db7c	ret
000000010000db80	sub	sp, sp, #0x20
000000010000db84	str	x29, [sp]
000000010000db88	str	x30, [sp, #0x8]
000000010000db8c	str	x28, [sp, #0x10]
000000010000db90	mov	x29, sp
000000010000db94	sub	sp, sp, #0x1a0
000000010000db98	mov	x28, sp
000000010000db9c	stur	x0, [x29, #-0x8]
000000010000dba0	stur	x1, [x29, #-0x10]
000000010000dba4	ldur	x0, [x29, #-0x8]
000000010000dba8	str	x0, [x28]
000000010000dbac	add	x28, x28, #0x8
000000010000dbb0	sub	x28, x28, #0x8
000000010000dbb4	ldr	x10, [x28]
000000010000dbb8	ldr	x0, [x10, #0x8]
000000010000dbbc	str	x0, [x28]
000000010000dbc0	add	x28, x28, #0x8
000000010000dbc4	mov	x0, #0x0
000000010000dbc8	str	x0, [x28]
000000010000dbcc	add	x28, x28, #0x8
000000010000dbd0	sub	x28, x28, #0x8
000000010000dbd4	ldr	x1, [x28]
000000010000dbd8	sub	x28, x28, #0x8
000000010000dbdc	ldr	x0, [x28]
000000010000dbe0	cmp	x0, x1
000000010000dbe4	b.ne	0x10000dbf0
000000010000dbe8	mov	x0, #0x1
000000010000dbec	b	0x10000dbf4
000000010000dbf0	mov	x0, #0x0
000000010000dbf4	str	x0, [x28]
000000010000dbf8	add	x28, x28, #0x8
000000010000dbfc	sub	x28, x28, #0x8
000000010000dc00	ldr	x0, [x28]
000000010000dc04	cmp	x0, #0x0
000000010000dc08	b.ne	0x10000dc7c
000000010000dc0c	ldur	x0, [x29, #-0x10]
000000010000dc10	str	x0, [x28]
000000010000dc14	add	x28, x28, #0x8
000000010000dc18	sub	x28, x28, #0x8
000000010000dc1c	ldr	x10, [x28]
000000010000dc20	ldr	x0, [x10, #0x8]
000000010000dc24	str	x0, [x28]
000000010000dc28	add	x28, x28, #0x8
000000010000dc2c	mov	x0, #0x0
000000010000dc30	str	x0, [x28]
000000010000dc34	add	x28, x28, #0x8
000000010000dc38	sub	x28, x28, #0x8
000000010000dc3c	ldr	x1, [x28]
000000010000dc40	sub	x28, x28, #0x8
000000010000dc44	ldr	x0, [x28]
000000010000dc48	cmp	x0, x1
000000010000dc4c	b.ne	0x10000dc58
000000010000dc50	mov	x0, #0x1
000000010000dc54	b	0x10000dc5c
000000010000dc58	mov	x0, #0x0
000000010000dc5c	str	x0, [x28]
000000010000dc60	add	x28, x28, #0x8
000000010000dc64	sub	x28, x28, #0x8
000000010000dc68	ldr	x0, [x28]
000000010000dc6c	cmp	x0, #0x0
000000010000dc70	b.ne	0x10000dc7c
000000010000dc74	mov	x0, #0x0
000000010000dc78	b	0x10000dc80
000000010000dc7c	mov	x0, #0x1
000000010000dc80	str	x0, [x28]
000000010000dc84	add	x28, x28, #0x8
000000010000dc88	sub	x28, x28, #0x8
000000010000dc8c	ldr	x0, [x28]
000000010000dc90	cmp	x0, #0x0
000000010000dc94	b.eq	0x10000dcb4
000000010000dc98	mov	x0, #0x1
000000010000dc9c	str	x0, [x28]
000000010000dca0	add	x28, x28, #0x8
000000010000dca4	sub	x28, x28, #0x8
000000010000dca8	ldr	x0, [x28]
000000010000dcac	b	0x10000de60
000000010000dcb0	b	0x10000dcb4
000000010000dcb4	ldur	x0, [x29, #-0x8]
000000010000dcb8	str	x0, [x28]
000000010000dcbc	add	x28, x28, #0x8
000000010000dcc0	sub	x28, x28, #0x8
000000010000dcc4	ldr	x10, [x28]
000000010000dcc8	ldr	x0, [x10]
000000010000dccc	str	x0, [x28]
000000010000dcd0	add	x28, x28, #0x8
000000010000dcd4	sub	x28, x28, #0x8
000000010000dcd8	ldr	x0, [x28]
000000010000dcdc	stur	x0, [x29, #-0x18]
000000010000dce0	ldur	x0, [x29, #-0x10]
000000010000dce4	str	x0, [x28]
000000010000dce8	add	x28, x28, #0x8
000000010000dcec	sub	x28, x28, #0x8
000000010000dcf0	ldr	x10, [x28]
000000010000dcf4	ldr	x0, [x10]
000000010000dcf8	str	x0, [x28]
000000010000dcfc	add	x28, x28, #0x8
000000010000dd00	sub	x28, x28, #0x8
000000010000dd04	ldr	x0, [x28]
000000010000dd08	stur	x0, [x29, #-0x20]
000000010000dd0c	ldur	x0, [x29, #-0x18]
000000010000dd10	str	x0, [x28]
000000010000dd14	add	x28, x28, #0x8
000000010000dd18	ldur	x0, [x29, #-0x8]
000000010000dd1c	str	x0, [x28]
000000010000dd20	add	x28, x28, #0x8
000000010000dd24	sub	x28, x28, #0x8
000000010000dd28	ldr	x10, [x28]
000000010000dd2c	ldr	x0, [x10, #0x8]
000000010000dd30	str	x0, [x28]
000000010000dd34	add	x28, x28, #0x8
000000010000dd38	sub	x28, x28, #0x8
000000010000dd3c	ldr	x1, [x28]
000000010000dd40	sub	x28, x28, #0x8
000000010000dd44	ldr	x0, [x28]
000000010000dd48	add	x0, x0, x1
000000010000dd4c	str	x0, [x28]
000000010000dd50	add	x28, x28, #0x8
000000010000dd54	ldur	x0, [x29, #-0x20]
000000010000dd58	str	x0, [x28]
000000010000dd5c	add	x28, x28, #0x8
000000010000dd60	sub	x28, x28, #0x8
000000010000dd64	ldr	x1, [x28]
000000010000dd68	sub	x28, x28, #0x8
000000010000dd6c	ldr	x0, [x28]
000000010000dd70	cmp	x0, x1
000000010000dd74	b.gt	0x10000dd80
000000010000dd78	mov	x0, #0x1
000000010000dd7c	b	0x10000dd84
000000010000dd80	mov	x0, #0x0
000000010000dd84	str	x0, [x28]
000000010000dd88	add	x28, x28, #0x8
000000010000dd8c	sub	x28, x28, #0x8
000000010000dd90	ldr	x0, [x28]
000000010000dd94	cmp	x0, #0x0
000000010000dd98	b.ne	0x10000de34
000000010000dd9c	ldur	x0, [x29, #-0x20]
000000010000dda0	str	x0, [x28]
000000010000dda4	add	x28, x28, #0x8
000000010000dda8	ldur	x0, [x29, #-0x10]
000000010000ddac	str	x0, [x28]
000000010000ddb0	add	x28, x28, #0x8
000000010000ddb4	sub	x28, x28, #0x8
000000010000ddb8	ldr	x10, [x28]
000000010000ddbc	ldr	x0, [x10, #0x8]
000000010000ddc0	str	x0, [x28]
000000010000ddc4	add	x28, x28, #0x8
000000010000ddc8	sub	x28, x28, #0x8
000000010000ddcc	ldr	x1, [x28]
000000010000ddd0	sub	x28, x28, #0x8
000000010000ddd4	ldr	x0, [x28]
000000010000ddd8	add	x0, x0, x1
000000010000dddc	str	x0, [x28]
000000010000dde0	add	x28, x28, #0x8
000000010000dde4	ldur	x0, [x29, #-0x18]
000000010000dde8	str	x0, [x28]
000000010000ddec	add	x28, x28, #0x8
000000010000ddf0	sub	x28, x28, #0x8
000000010000ddf4	ldr	x1, [x28]
000000010000ddf8	sub	x28, x28, #0x8
000000010000ddfc	ldr	x0, [x28]
000000010000de00	cmp	x0, x1
000000010000de04	b.gt	0x10000de10
000000010000de08	mov	x0, #0x1
000000010000de0c	b	0x10000de14
000000010000de10	mov	x0, #0x0
000000010000de14	str	x0, [x28]
000000010000de18	add	x28, x28, #0x8
000000010000de1c	sub	x28, x28, #0x8
000000010000de20	ldr	x0, [x28]
000000010000de24	cmp	x0, #0x0
000000010000de28	b.ne	0x10000de34
000000010000de2c	mov	x0, #0x0
000000010000de30	b	0x10000de38
000000010000de34	mov	x0, #0x1
000000010000de38	str	x0, [x28]
000000010000de3c	add	x28, x28, #0x8
000000010000de40	sub	x28, x28, #0x8
000000010000de44	ldr	x0, [x28]
000000010000de48	sxtw	x0, w0
000000010000de4c	str	x0, [x28]
000000010000de50	add	x28, x28, #0x8
000000010000de54	sub	x28, x28, #0x8
000000010000de58	ldr	x0, [x28]
000000010000de5c	b	0x10000de60
000000010000de60	mov	sp, x29
000000010000de64	ldr	x29, [sp]
000000010000de68	ldr	x30, [sp, #0x8]
000000010000de6c	ldr	x28, [sp, #0x10]
000000010000de70	add	sp, sp, #0x20
000000010000de74	ret
000000010000de78	sub	sp, sp, #0x20
000000010000de7c	str	x29, [sp]
000000010000de80	str	x30, [sp, #0x8]
000000010000de84	str	x28, [sp, #0x10]
000000010000de88	mov	x29, sp
000000010000de8c	sub	sp, sp, #0x190
000000010000de90	mov	x28, sp
000000010000de94	stur	x0, [x29, #-0x8]
000000010000de98	ldur	x0, [x29, #-0x8]
000000010000de9c	str	x0, [x28]
000000010000dea0	add	x28, x28, #0x8
000000010000dea4	mov	x0, #0x0
000000010000dea8	str	x0, [x28]
000000010000deac	add	x28, x28, #0x8
000000010000deb0	sub	x28, x28, #0x8
000000010000deb4	ldr	x1, [x28]
000000010000deb8	sub	x28, x28, #0x8
000000010000debc	ldr	x0, [x28]
000000010000dec0	cmp	x0, x1
000000010000dec4	b.lt	0x10000ded0
000000010000dec8	mov	x0, #0x1
000000010000decc	b	0x10000ded4
000000010000ded0	mov	x0, #0x0
000000010000ded4	str	x0, [x28]
000000010000ded8	add	x28, x28, #0x8
000000010000dedc	sub	x28, x28, #0x8
000000010000dee0	ldr	x0, [x28]
000000010000dee4	cmp	x0, #0x0
000000010000dee8	b.eq	0x10000df08
000000010000deec	mov	x0, #0x0
000000010000def0	str	x0, [x28]
000000010000def4	add	x28, x28, #0x8
000000010000def8	sub	x28, x28, #0x8
000000010000defc	ldr	x0, [x28]
000000010000df00	b	0x10000e514
000000010000df04	b	0x10000df08
000000010000df08	ldur	x0, [x29, #-0x8]
000000010000df0c	str	x0, [x28]
000000010000df10	add	x28, x28, #0x8
000000010000df14	mov	x0, #0x2
000000010000df18	str	x0, [x28]
000000010000df1c	add	x28, x28, #0x8
000000010000df20	sub	x28, x28, #0x8
000000010000df24	ldr	x0, [x28]
000000010000df28	neg	x0, x0
000000010000df2c	str	x0, [x28]
000000010000df30	add	x28, x28, #0x8
000000010000df34	sub	x28, x28, #0x8
000000010000df38	ldr	x1, [x28]
000000010000df3c	sub	x28, x28, #0x8
000000010000df40	ldr	x0, [x28]
000000010000df44	cmp	x0, x1
000000010000df48	b.ne	0x10000df54
000000010000df4c	mov	x0, #0x1
000000010000df50	b	0x10000df58
000000010000df54	mov	x0, #0x0
000000010000df58	str	x0, [x28]
000000010000df5c	add	x28, x28, #0x8
000000010000df60	sub	x28, x28, #0x8
000000010000df64	ldr	x0, [x28]
000000010000df68	cmp	x0, #0x0
000000010000df6c	b.ne	0x10000dfe0
000000010000df70	ldur	x0, [x29, #-0x8]
000000010000df74	str	x0, [x28]
000000010000df78	add	x28, x28, #0x8
000000010000df7c	mov	x0, #0xd
000000010000df80	str	x0, [x28]
000000010000df84	add	x28, x28, #0x8
000000010000df88	sub	x28, x28, #0x8
000000010000df8c	ldr	x0, [x28]
000000010000df90	neg	x0, x0
000000010000df94	str	x0, [x28]
000000010000df98	add	x28, x28, #0x8
000000010000df9c	sub	x28, x28, #0x8
000000010000dfa0	ldr	x1, [x28]
000000010000dfa4	sub	x28, x28, #0x8
000000010000dfa8	ldr	x0, [x28]
000000010000dfac	cmp	x0, x1
000000010000dfb0	b.ne	0x10000dfbc
000000010000dfb4	mov	x0, #0x1
000000010000dfb8	b	0x10000dfc0
000000010000dfbc	mov	x0, #0x0
000000010000dfc0	str	x0, [x28]
000000010000dfc4	add	x28, x28, #0x8
000000010000dfc8	sub	x28, x28, #0x8
000000010000dfcc	ldr	x0, [x28]
000000010000dfd0	cmp	x0, #0x0
000000010000dfd4	b.ne	0x10000dfe0
000000010000dfd8	mov	x0, #0x0
000000010000dfdc	b	0x10000dfe4
000000010000dfe0	mov	x0, #0x1
000000010000dfe4	str	x0, [x28]
000000010000dfe8	add	x28, x28, #0x8
000000010000dfec	sub	x28, x28, #0x8
000000010000dff0	ldr	x0, [x28]
000000010000dff4	cmp	x0, #0x0
000000010000dff8	b.ne	0x10000e06c
000000010000dffc	ldur	x0, [x29, #-0x8]
000000010000e000	str	x0, [x28]
000000010000e004	add	x28, x28, #0x8
000000010000e008	mov	x0, #0x11
000000010000e00c	str	x0, [x28]
000000010000e010	add	x28, x28, #0x8
000000010000e014	sub	x28, x28, #0x8
000000010000e018	ldr	x0, [x28]
000000010000e01c	neg	x0, x0
000000010000e020	str	x0, [x28]
000000010000e024	add	x28, x28, #0x8
000000010000e028	sub	x28, x28, #0x8
000000010000e02c	ldr	x1, [x28]
000000010000e030	sub	x28, x28, #0x8
000000010000e034	ldr	x0, [x28]
000000010000e038	cmp	x0, x1
000000010000e03c	b.ne	0x10000e048
000000010000e040	mov	x0, #0x1
000000010000e044	b	0x10000e04c
000000010000e048	mov	x0, #0x0
000000010000e04c	str	x0, [x28]
000000010000e050	add	x28, x28, #0x8
000000010000e054	sub	x28, x28, #0x8
000000010000e058	ldr	x0, [x28]
000000010000e05c	cmp	x0, #0x0
000000010000e060	b.ne	0x10000e06c
000000010000e064	mov	x0, #0x0
000000010000e068	b	0x10000e070
000000010000e06c	mov	x0, #0x1
000000010000e070	str	x0, [x28]
000000010000e074	add	x28, x28, #0x8
000000010000e078	sub	x28, x28, #0x8
000000010000e07c	ldr	x0, [x28]
000000010000e080	cmp	x0, #0x0
000000010000e084	b.ne	0x10000e0f8
000000010000e088	ldur	x0, [x29, #-0x8]
000000010000e08c	str	x0, [x28]
000000010000e090	add	x28, x28, #0x8
000000010000e094	mov	x0, #0x14
000000010000e098	str	x0, [x28]
000000010000e09c	add	x28, x28, #0x8
000000010000e0a0	sub	x28, x28, #0x8
000000010000e0a4	ldr	x0, [x28]
000000010000e0a8	neg	x0, x0
000000010000e0ac	str	x0, [x28]
000000010000e0b0	add	x28, x28, #0x8
000000010000e0b4	sub	x28, x28, #0x8
000000010000e0b8	ldr	x1, [x28]
000000010000e0bc	sub	x28, x28, #0x8
000000010000e0c0	ldr	x0, [x28]
000000010000e0c4	cmp	x0, x1
000000010000e0c8	b.ne	0x10000e0d4
000000010000e0cc	mov	x0, #0x1
000000010000e0d0	b	0x10000e0d8
000000010000e0d4	mov	x0, #0x0
000000010000e0d8	str	x0, [x28]
000000010000e0dc	add	x28, x28, #0x8
000000010000e0e0	sub	x28, x28, #0x8
000000010000e0e4	ldr	x0, [x28]
000000010000e0e8	cmp	x0, #0x0
000000010000e0ec	b.ne	0x10000e0f8
000000010000e0f0	mov	x0, #0x0
000000010000e0f4	b	0x10000e0fc
000000010000e0f8	mov	x0, #0x1
000000010000e0fc	str	x0, [x28]
000000010000e100	add	x28, x28, #0x8
000000010000e104	sub	x28, x28, #0x8
000000010000e108	ldr	x0, [x28]
000000010000e10c	cmp	x0, #0x0
000000010000e110	b.ne	0x10000e184
000000010000e114	ldur	x0, [x29, #-0x8]
000000010000e118	str	x0, [x28]
000000010000e11c	add	x28, x28, #0x8
000000010000e120	mov	x0, #0x15
000000010000e124	str	x0, [x28]
000000010000e128	add	x28, x28, #0x8
000000010000e12c	sub	x28, x28, #0x8
000000010000e130	ldr	x0, [x28]
000000010000e134	neg	x0, x0
000000010000e138	str	x0, [x28]
000000010000e13c	add	x28, x28, #0x8
000000010000e140	sub	x28, x28, #0x8
000000010000e144	ldr	x1, [x28]
000000010000e148	sub	x28, x28, #0x8
000000010000e14c	ldr	x0, [x28]
000000010000e150	cmp	x0, x1
000000010000e154	b.ne	0x10000e160
000000010000e158	mov	x0, #0x1
000000010000e15c	b	0x10000e164
000000010000e160	mov	x0, #0x0
000000010000e164	str	x0, [x28]
000000010000e168	add	x28, x28, #0x8
000000010000e16c	sub	x28, x28, #0x8
000000010000e170	ldr	x0, [x28]
000000010000e174	cmp	x0, #0x0
000000010000e178	b.ne	0x10000e184
000000010000e17c	mov	x0, #0x0
000000010000e180	b	0x10000e188
000000010000e184	mov	x0, #0x1
000000010000e188	str	x0, [x28]
000000010000e18c	add	x28, x28, #0x8
000000010000e190	sub	x28, x28, #0x8
000000010000e194	ldr	x0, [x28]
000000010000e198	cmp	x0, #0x0
000000010000e19c	b.ne	0x10000e210
000000010000e1a0	ldur	x0, [x29, #-0x8]
000000010000e1a4	str	x0, [x28]
000000010000e1a8	add	x28, x28, #0x8
000000010000e1ac	mov	x0, #0x28
000000010000e1b0	str	x0, [x28]
000000010000e1b4	add	x28, x28, #0x8
000000010000e1b8	sub	x28, x28, #0x8
000000010000e1bc	ldr	x0, [x28]
000000010000e1c0	neg	x0, x0
000000010000e1c4	str	x0, [x28]
000000010000e1c8	add	x28, x28, #0x8
000000010000e1cc	sub	x28, x28, #0x8
000000010000e1d0	ldr	x1, [x28]
000000010000e1d4	sub	x28, x28, #0x8
000000010000e1d8	ldr	x0, [x28]
000000010000e1dc	cmp	x0, x1
000000010000e1e0	b.ne	0x10000e1ec
000000010000e1e4	mov	x0, #0x1
000000010000e1e8	b	0x10000e1f0
000000010000e1ec	mov	x0, #0x0
000000010000e1f0	str	x0, [x28]
000000010000e1f4	add	x28, x28, #0x8
000000010000e1f8	sub	x28, x28, #0x8
000000010000e1fc	ldr	x0, [x28]
000000010000e200	cmp	x0, #0x0
000000010000e204	b.ne	0x10000e210
000000010000e208	mov	x0, #0x0
000000010000e20c	b	0x10000e214
000000010000e210	mov	x0, #0x1
000000010000e214	str	x0, [x28]
000000010000e218	add	x28, x28, #0x8
000000010000e21c	sub	x28, x28, #0x8
000000010000e220	ldr	x0, [x28]
000000010000e224	cmp	x0, #0x0
000000010000e228	b.ne	0x10000e29c
000000010000e22c	ldur	x0, [x29, #-0x8]
000000010000e230	str	x0, [x28]
000000010000e234	add	x28, x28, #0x8
000000010000e238	mov	x0, #0x3e
000000010000e23c	str	x0, [x28]
000000010000e240	add	x28, x28, #0x8
000000010000e244	sub	x28, x28, #0x8
000000010000e248	ldr	x0, [x28]
000000010000e24c	neg	x0, x0
000000010000e250	str	x0, [x28]
000000010000e254	add	x28, x28, #0x8
000000010000e258	sub	x28, x28, #0x8
000000010000e25c	ldr	x1, [x28]
000000010000e260	sub	x28, x28, #0x8
000000010000e264	ldr	x0, [x28]
000000010000e268	cmp	x0, x1
000000010000e26c	b.ne	0x10000e278
000000010000e270	mov	x0, #0x1
000000010000e274	b	0x10000e27c
000000010000e278	mov	x0, #0x0
000000010000e27c	str	x0, [x28]
000000010000e280	add	x28, x28, #0x8
000000010000e284	sub	x28, x28, #0x8
000000010000e288	ldr	x0, [x28]
000000010000e28c	cmp	x0, #0x0
000000010000e290	b.ne	0x10000e29c
000000010000e294	mov	x0, #0x0
000000010000e298	b	0x10000e2a0
000000010000e29c	mov	x0, #0x1
000000010000e2a0	str	x0, [x28]
000000010000e2a4	add	x28, x28, #0x8
000000010000e2a8	sub	x28, x28, #0x8
000000010000e2ac	ldr	x0, [x28]
000000010000e2b0	cmp	x0, #0x0
000000010000e2b4	b.ne	0x10000e328
000000010000e2b8	ldur	x0, [x29, #-0x8]
000000010000e2bc	str	x0, [x28]
000000010000e2c0	add	x28, x28, #0x8
000000010000e2c4	mov	x0, #0x3f
000000010000e2c8	str	x0, [x28]
000000010000e2cc	add	x28, x28, #0x8
000000010000e2d0	sub	x28, x28, #0x8
000000010000e2d4	ldr	x0, [x28]
000000010000e2d8	neg	x0, x0
000000010000e2dc	str	x0, [x28]
000000010000e2e0	add	x28, x28, #0x8
000000010000e2e4	sub	x28, x28, #0x8
000000010000e2e8	ldr	x1, [x28]
000000010000e2ec	sub	x28, x28, #0x8
000000010000e2f0	ldr	x0, [x28]
000000010000e2f4	cmp	x0, x1
000000010000e2f8	b.ne	0x10000e304
000000010000e2fc	mov	x0, #0x1
000000010000e300	b	0x10000e308
000000010000e304	mov	x0, #0x0
000000010000e308	str	x0, [x28]
000000010000e30c	add	x28, x28, #0x8
000000010000e310	sub	x28, x28, #0x8
000000010000e314	ldr	x0, [x28]
000000010000e318	cmp	x0, #0x0
000000010000e31c	b.ne	0x10000e328
000000010000e320	mov	x0, #0x0
000000010000e324	b	0x10000e32c
000000010000e328	mov	x0, #0x1
000000010000e32c	str	x0, [x28]
000000010000e330	add	x28, x28, #0x8
000000010000e334	sub	x28, x28, #0x8
000000010000e338	ldr	x0, [x28]
000000010000e33c	cmp	x0, #0x0
000000010000e340	b.eq	0x10000e360
000000010000e344	bl	0x10000c018
000000010000e348	str	x0, [x28]
000000010000e34c	add	x28, x28, #0x8
000000010000e350	sub	x28, x28, #0x8
000000010000e354	ldr	x0, [x28]
000000010000e358	b	0x10000e514
000000010000e35c	b	0x10000e360
000000010000e360	ldur	x0, [x29, #-0x8]
000000010000e364	str	x0, [x28]
000000010000e368	add	x28, x28, #0x8
000000010000e36c	mov	x0, #0x16
000000010000e370	str	x0, [x28]
000000010000e374	add	x28, x28, #0x8
000000010000e378	sub	x28, x28, #0x8
000000010000e37c	ldr	x0, [x28]
000000010000e380	neg	x0, x0
000000010000e384	str	x0, [x28]
000000010000e388	add	x28, x28, #0x8
000000010000e38c	sub	x28, x28, #0x8
000000010000e390	ldr	x1, [x28]
000000010000e394	sub	x28, x28, #0x8
000000010000e398	ldr	x0, [x28]
000000010000e39c	cmp	x0, x1
000000010000e3a0	b.ne	0x10000e3ac
000000010000e3a4	mov	x0, #0x1
000000010000e3a8	b	0x10000e3b0
000000010000e3ac	mov	x0, #0x0
000000010000e3b0	str	x0, [x28]
000000010000e3b4	add	x28, x28, #0x8
000000010000e3b8	sub	x28, x28, #0x8
000000010000e3bc	ldr	x0, [x28]
000000010000e3c0	cmp	x0, #0x0
000000010000e3c4	b.ne	0x10000e438
000000010000e3c8	ldur	x0, [x29, #-0x8]
000000010000e3cc	str	x0, [x28]
000000010000e3d0	add	x28, x28, #0x8
000000010000e3d4	mov	x0, #0x2d
000000010000e3d8	str	x0, [x28]
000000010000e3dc	add	x28, x28, #0x8
000000010000e3e0	sub	x28, x28, #0x8
000000010000e3e4	ldr	x0, [x28]
000000010000e3e8	neg	x0, x0
000000010000e3ec	str	x0, [x28]
000000010000e3f0	add	x28, x28, #0x8
000000010000e3f4	sub	x28, x28, #0x8
000000010000e3f8	ldr	x1, [x28]
000000010000e3fc	sub	x28, x28, #0x8
000000010000e400	ldr	x0, [x28]
000000010000e404	cmp	x0, x1
000000010000e408	b.ne	0x10000e414
000000010000e40c	mov	x0, #0x1
000000010000e410	b	0x10000e418
000000010000e414	mov	x0, #0x0
000000010000e418	str	x0, [x28]
000000010000e41c	add	x28, x28, #0x8
000000010000e420	sub	x28, x28, #0x8
000000010000e424	ldr	x0, [x28]
000000010000e428	cmp	x0, #0x0
000000010000e42c	b.ne	0x10000e438
000000010000e430	mov	x0, #0x0
000000010000e434	b	0x10000e43c
000000010000e438	mov	x0, #0x1
000000010000e43c	str	x0, [x28]
000000010000e440	add	x28, x28, #0x8
000000010000e444	sub	x28, x28, #0x8
000000010000e448	ldr	x0, [x28]
000000010000e44c	cmp	x0, #0x0
000000010000e450	b.ne	0x10000e4c4
000000010000e454	ldur	x0, [x29, #-0x8]
000000010000e458	str	x0, [x28]
000000010000e45c	add	x28, x28, #0x8
000000010000e460	mov	x0, #0x4e
000000010000e464	str	x0, [x28]
000000010000e468	add	x28, x28, #0x8
000000010000e46c	sub	x28, x28, #0x8
000000010000e470	ldr	x0, [x28]
000000010000e474	neg	x0, x0
000000010000e478	str	x0, [x28]
000000010000e47c	add	x28, x28, #0x8
000000010000e480	sub	x28, x28, #0x8
000000010000e484	ldr	x1, [x28]
000000010000e488	sub	x28, x28, #0x8
000000010000e48c	ldr	x0, [x28]
000000010000e490	cmp	x0, x1
000000010000e494	b.ne	0x10000e4a0
000000010000e498	mov	x0, #0x1
000000010000e49c	b	0x10000e4a4
000000010000e4a0	mov	x0, #0x0
000000010000e4a4	str	x0, [x28]
000000010000e4a8	add	x28, x28, #0x8
000000010000e4ac	sub	x28, x28, #0x8
000000010000e4b0	ldr	x0, [x28]
000000010000e4b4	cmp	x0, #0x0
000000010000e4b8	b.ne	0x10000e4c4
000000010000e4bc	mov	x0, #0x0
000000010000e4c0	b	0x10000e4c8
000000010000e4c4	mov	x0, #0x1
000000010000e4c8	str	x0, [x28]
000000010000e4cc	add	x28, x28, #0x8
000000010000e4d0	sub	x28, x28, #0x8
000000010000e4d4	ldr	x0, [x28]
000000010000e4d8	cmp	x0, #0x0
000000010000e4dc	b.eq	0x10000e4fc
000000010000e4e0	bl	0x10000c194
000000010000e4e4	str	x0, [x28]
000000010000e4e8	add	x28, x28, #0x8
000000010000e4ec	sub	x28, x28, #0x8
000000010000e4f0	ldr	x0, [x28]
000000010000e4f4	b	0x10000e514
000000010000e4f8	b	0x10000e4fc
000000010000e4fc	bl	0x10000c064
000000010000e500	str	x0, [x28]
000000010000e504	add	x28, x28, #0x8
000000010000e508	sub	x28, x28, #0x8
000000010000e50c	ldr	x0, [x28]
000000010000e510	b	0x10000e514
000000010000e514	mov	sp, x29
000000010000e518	ldr	x29, [sp]
000000010000e51c	ldr	x30, [sp, #0x8]
000000010000e520	ldr	x28, [sp, #0x10]
000000010000e524	add	sp, sp, #0x20
000000010000e528	ret
000000010000e52c	sub	sp, sp, #0x20
000000010000e530	str	x29, [sp]
000000010000e534	str	x30, [sp, #0x8]
000000010000e538	str	x28, [sp, #0x10]
000000010000e53c	mov	x29, sp
000000010000e540	sub	sp, sp, #0x210
000000010000e544	mov	x28, sp
000000010000e548	stur	x0, [x29, #-0x8]
000000010000e54c	stur	x1, [x29, #-0x10]
000000010000e550	mov	x0, #0x100
000000010000e554	str	x0, [x28]
000000010000e558	add	x28, x28, #0x8
000000010000e55c	sub	x28, x28, #0x8
000000010000e560	ldr	x0, [x28]
000000010000e564	mov	x8, x29
000000010000e568	sub	x8, x8, #0x30
000000010000e56c	bl	0x10000101c
000000010000e570	str	x0, [x28]
000000010000e574	add	x28, x28, #0x8
000000010000e578	sub	x28, x28, #0x8
000000010000e57c	ldr	x11, [x28]
000000010000e580	mov	x10, x29
000000010000e584	sub	x10, x10, #0x20
000000010000e588	ldr	x9, [x11]
000000010000e58c	str	x9, [x10]
000000010000e590	ldr	x9, [x11, #0x8]
000000010000e594	str	x9, [x10, #0x8]
000000010000e598	mov	x0, x29
000000010000e59c	sub	x0, x0, #0x20
000000010000e5a0	str	x0, [x28]
000000010000e5a4	add	x28, x28, #0x8
000000010000e5a8	sub	x28, x28, #0x8
000000010000e5ac	ldr	x10, [x28]
000000010000e5b0	ldr	x0, [x10, #0x8]
000000010000e5b4	str	x0, [x28]
000000010000e5b8	add	x28, x28, #0x8
000000010000e5bc	mov	x0, #0x100
000000010000e5c0	str	x0, [x28]
000000010000e5c4	add	x28, x28, #0x8
000000010000e5c8	sub	x28, x28, #0x8
000000010000e5cc	ldr	x1, [x28]
000000010000e5d0	sub	x28, x28, #0x8
000000010000e5d4	ldr	x0, [x28]
000000010000e5d8	cmp	x0, x1
000000010000e5dc	b.eq	0x10000e5e8
000000010000e5e0	mov	x0, #0x1
000000010000e5e4	b	0x10000e5ec
000000010000e5e8	mov	x0, #0x0
000000010000e5ec	str	x0, [x28]
000000010000e5f0	add	x28, x28, #0x8
000000010000e5f4	sub	x28, x28, #0x8
000000010000e5f8	ldr	x0, [x28]
000000010000e5fc	cmp	x0, #0x0
000000010000e600	b.eq	0x10000e620
000000010000e604	bl	0x10000c064
000000010000e608	str	x0, [x28]
000000010000e60c	add	x28, x28, #0x8
000000010000e610	sub	x28, x28, #0x8
000000010000e614	ldr	x0, [x28]
000000010000e618	b	0x10000efd4
000000010000e61c	b	0x10000e620
000000010000e620	ldur	x0, [x29, #-0x8]
000000010000e624	str	x0, [x28]
000000010000e628	add	x28, x28, #0x8
000000010000e62c	mov	x0, x29
000000010000e630	sub	x0, x0, #0x20
000000010000e634	str	x0, [x28]
000000010000e638	add	x28, x28, #0x8
000000010000e63c	sub	x28, x28, #0x8
000000010000e640	ldr	x10, [x28]
000000010000e644	ldr	x0, [x10]
000000010000e648	str	x0, [x28]
000000010000e64c	add	x28, x28, #0x8
000000010000e650	mov	x0, #0x0
000000010000e654	str	x0, [x28]
000000010000e658	add	x28, x28, #0x8
000000010000e65c	mov	x0, #0x0
000000010000e660	str	x0, [x28]
000000010000e664	add	x28, x28, #0x8
000000010000e668	mov	x0, #0x0
000000010000e66c	str	x0, [x28]
000000010000e670	add	x28, x28, #0x8
000000010000e674	mov	x0, #0x0
000000010000e678	str	x0, [x28]
000000010000e67c	add	x28, x28, #0x8
000000010000e680	sub	x28, x28, #0x8
000000010000e684	ldr	x5, [x28]
000000010000e688	sub	x28, x28, #0x8
000000010000e68c	ldr	x4, [x28]
000000010000e690	sub	x28, x28, #0x8
000000010000e694	ldr	x3, [x28]
000000010000e698	sub	x28, x28, #0x8
000000010000e69c	ldr	x2, [x28]
000000010000e6a0	sub	x28, x28, #0x8
000000010000e6a4	ldr	x1, [x28]
000000010000e6a8	sub	x28, x28, #0x8
000000010000e6ac	ldr	x0, [x28]
000000010000e6b0	mov	x16, #0x153
000000010000e6b4	svc	#0x80
000000010000e6b8	b.lo	0x10000e6c0
000000010000e6bc	neg	x0, x0
000000010000e6c0	str	x0, [x28]
000000010000e6c4	add	x28, x28, #0x8
000000010000e6c8	sub	x28, x28, #0x8
000000010000e6cc	ldr	x0, [x28]
000000010000e6d0	stur	x0, [x29, #-0x38]
000000010000e6d4	ldur	x0, [x29, #-0x38]
000000010000e6d8	str	x0, [x28]
000000010000e6dc	add	x28, x28, #0x8
000000010000e6e0	mov	x0, #0x0
000000010000e6e4	str	x0, [x28]
000000010000e6e8	add	x28, x28, #0x8
000000010000e6ec	sub	x28, x28, #0x8
000000010000e6f0	ldr	x1, [x28]
000000010000e6f4	sub	x28, x28, #0x8
000000010000e6f8	ldr	x0, [x28]
000000010000e6fc	cmp	x0, x1
000000010000e700	b.eq	0x10000e70c
000000010000e704	mov	x0, #0x1
000000010000e708	b	0x10000e710
000000010000e70c	mov	x0, #0x0
000000010000e710	str	x0, [x28]
000000010000e714	add	x28, x28, #0x8
000000010000e718	sub	x28, x28, #0x8
000000010000e71c	ldr	x0, [x28]
000000010000e720	cmp	x0, #0x0
000000010000e724	b.eq	0x10000e7b4
000000010000e728	mov	x0, x29
000000010000e72c	sub	x0, x0, #0x20
000000010000e730	str	x0, [x28]
000000010000e734	add	x28, x28, #0x8
000000010000e738	sub	x28, x28, #0x8
000000010000e73c	ldr	x11, [x28]
000000010000e740	mov	x10, x29
000000010000e744	sub	x10, x10, #0x48
000000010000e748	ldr	x9, [x11]
000000010000e74c	str	x9, [x10]
000000010000e750	ldr	x9, [x11, #0x8]
000000010000e754	str	x9, [x10, #0x8]
000000010000e758	mov	x0, x29
000000010000e75c	sub	x0, x0, #0x48
000000010000e760	str	x0, [x28]
000000010000e764	add	x28, x28, #0x8
000000010000e768	sub	x28, x28, #0x8
000000010000e76c	ldr	x0, [x28]
000000010000e770	bl	0x100001434
000000010000e774	str	x0, [x28]
000000010000e778	add	x28, x28, #0x8
000000010000e77c	sub	x28, x28, #0x8
000000010000e780	ldr	x0, [x28]
000000010000e784	ldur	x0, [x29, #-0x38]
000000010000e788	str	x0, [x28]
000000010000e78c	add	x28, x28, #0x8
000000010000e790	sub	x28, x28, #0x8
000000010000e794	ldr	x0, [x28]
000000010000e798	bl	0x10000de78
000000010000e79c	str	x0, [x28]
000000010000e7a0	add	x28, x28, #0x8
000000010000e7a4	sub	x28, x28, #0x8
000000010000e7a8	ldr	x0, [x28]
000000010000e7ac	b	0x10000efd4
000000010000e7b0	b	0x10000e7b4
000000010000e7b4	mov	x0, x29
000000010000e7b8	sub	x0, x0, #0x20
000000010000e7bc	str	x0, [x28]
000000010000e7c0	add	x28, x28, #0x8
000000010000e7c4	sub	x28, x28, #0x8
000000010000e7c8	ldr	x0, [x28]
000000010000e7cc	ldr	x0, [x0]
000000010000e7d0	str	x0, [x28]
000000010000e7d4	add	x28, x28, #0x8
000000010000e7d8	mov	x0, #0x4
000000010000e7dc	str	x0, [x28]
000000010000e7e0	add	x28, x28, #0x8
000000010000e7e4	sub	x28, x28, #0x8
000000010000e7e8	ldr	x1, [x28]
000000010000e7ec	sub	x28, x28, #0x8
000000010000e7f0	ldr	x0, [x28]
000000010000e7f4	add	x0, x0, x1
000000010000e7f8	str	x0, [x28]
000000010000e7fc	add	x28, x28, #0x8
000000010000e800	sub	x28, x28, #0x8
000000010000e804	ldr	x10, [x28]
000000010000e808	ldrb	w0, [x10]
000000010000e80c	str	x0, [x28]
000000010000e810	add	x28, x28, #0x8
000000010000e814	sub	x28, x28, #0x8
000000010000e818	ldr	x0, [x28]
000000010000e81c	sxtw	x0, w0
000000010000e820	str	x0, [x28]
000000010000e824	add	x28, x28, #0x8
000000010000e828	mov	x0, x29
000000010000e82c	sub	x0, x0, #0x20
000000010000e830	str	x0, [x28]
000000010000e834	add	x28, x28, #0x8
000000010000e838	sub	x28, x28, #0x8
000000010000e83c	ldr	x0, [x28]
000000010000e840	ldr	x0, [x0]
000000010000e844	str	x0, [x28]
000000010000e848	add	x28, x28, #0x8
000000010000e84c	mov	x0, #0x5
000000010000e850	str	x0, [x28]
000000010000e854	add	x28, x28, #0x8
000000010000e858	sub	x28, x28, #0x8
000000010000e85c	ldr	x1, [x28]
000000010000e860	sub	x28, x28, #0x8
000000010000e864	ldr	x0, [x28]
000000010000e868	add	x0, x0, x1
000000010000e86c	str	x0, [x28]
000000010000e870	add	x28, x28, #0x8
000000010000e874	sub	x28, x28, #0x8
000000010000e878	ldr	x10, [x28]
000000010000e87c	ldrb	w0, [x10]
000000010000e880	str	x0, [x28]
000000010000e884	add	x28, x28, #0x8
000000010000e888	sub	x28, x28, #0x8
000000010000e88c	ldr	x0, [x28]
000000010000e890	sxtw	x0, w0
000000010000e894	str	x0, [x28]
000000010000e898	add	x28, x28, #0x8
000000010000e89c	mov	x0, #0x8
000000010000e8a0	str	x0, [x28]
000000010000e8a4	add	x28, x28, #0x8
000000010000e8a8	sub	x28, x28, #0x8
000000010000e8ac	ldr	x1, [x28]
000000010000e8b0	sub	x28, x28, #0x8
000000010000e8b4	ldr	x0, [x28]
000000010000e8b8	lsl	x0, x0, x1
000000010000e8bc	sxtw	x0, w0
000000010000e8c0	str	x0, [x28]
000000010000e8c4	add	x28, x28, #0x8
000000010000e8c8	sub	x28, x28, #0x8
000000010000e8cc	ldr	x1, [x28]
000000010000e8d0	sub	x28, x28, #0x8
000000010000e8d4	ldr	x0, [x28]
000000010000e8d8	add	x0, x0, x1
000000010000e8dc	sxtw	x0, w0
000000010000e8e0	str	x0, [x28]
000000010000e8e4	add	x28, x28, #0x8
000000010000e8e8	sub	x28, x28, #0x8
000000010000e8ec	ldr	x0, [x28]
000000010000e8f0	stur	x0, [x29, #-0x50]
000000010000e8f4	mov	x0, x29
000000010000e8f8	sub	x0, x0, #0x20
000000010000e8fc	str	x0, [x28]
000000010000e900	add	x28, x28, #0x8
000000010000e904	sub	x28, x28, #0x8
000000010000e908	ldr	x0, [x28]
000000010000e90c	ldr	x0, [x0]
000000010000e910	str	x0, [x28]
000000010000e914	add	x28, x28, #0x8
000000010000e918	mov	x0, #0x6
000000010000e91c	str	x0, [x28]
000000010000e920	add	x28, x28, #0x8
000000010000e924	sub	x28, x28, #0x8
000000010000e928	ldr	x1, [x28]
000000010000e92c	sub	x28, x28, #0x8
000000010000e930	ldr	x0, [x28]
000000010000e934	add	x0, x0, x1
000000010000e938	str	x0, [x28]
000000010000e93c	add	x28, x28, #0x8
000000010000e940	sub	x28, x28, #0x8
000000010000e944	ldr	x10, [x28]
000000010000e948	ldrb	w0, [x10]
000000010000e94c	str	x0, [x28]
000000010000e950	add	x28, x28, #0x8
000000010000e954	sub	x28, x28, #0x8
000000010000e958	ldr	x0, [x28]
000000010000e95c	sxtw	x0, w0
000000010000e960	str	x0, [x28]
000000010000e964	add	x28, x28, #0x8
000000010000e968	mov	x0, x29
000000010000e96c	sub	x0, x0, #0x20
000000010000e970	str	x0, [x28]
000000010000e974	add	x28, x28, #0x8
000000010000e978	sub	x28, x28, #0x8
000000010000e97c	ldr	x0, [x28]
000000010000e980	ldr	x0, [x0]
000000010000e984	str	x0, [x28]
000000010000e988	add	x28, x28, #0x8
000000010000e98c	mov	x0, #0x7
000000010000e990	str	x0, [x28]
000000010000e994	add	x28, x28, #0x8
000000010000e998	sub	x28, x28, #0x8
000000010000e99c	ldr	x1, [x28]
000000010000e9a0	sub	x28, x28, #0x8
000000010000e9a4	ldr	x0, [x28]
000000010000e9a8	add	x0, x0, x1
000000010000e9ac	str	x0, [x28]
000000010000e9b0	add	x28, x28, #0x8
000000010000e9b4	sub	x28, x28, #0x8
000000010000e9b8	ldr	x10, [x28]
000000010000e9bc	ldrb	w0, [x10]
000000010000e9c0	str	x0, [x28]
000000010000e9c4	add	x28, x28, #0x8
000000010000e9c8	sub	x28, x28, #0x8
000000010000e9cc	ldr	x0, [x28]
000000010000e9d0	sxtw	x0, w0
000000010000e9d4	str	x0, [x28]
000000010000e9d8	add	x28, x28, #0x8
000000010000e9dc	mov	x0, #0x8
000000010000e9e0	str	x0, [x28]
000000010000e9e4	add	x28, x28, #0x8
000000010000e9e8	sub	x28, x28, #0x8
000000010000e9ec	ldr	x1, [x28]
000000010000e9f0	sub	x28, x28, #0x8
000000010000e9f4	ldr	x0, [x28]
000000010000e9f8	lsl	x0, x0, x1
000000010000e9fc	sxtw	x0, w0
000000010000ea00	str	x0, [x28]
000000010000ea04	add	x28, x28, #0x8
000000010000ea08	sub	x28, x28, #0x8
000000010000ea0c	ldr	x1, [x28]
000000010000ea10	sub	x28, x28, #0x8
000000010000ea14	ldr	x0, [x28]
000000010000ea18	add	x0, x0, x1
000000010000ea1c	sxtw	x0, w0
000000010000ea20	str	x0, [x28]
000000010000ea24	add	x28, x28, #0x8
000000010000ea28	sub	x28, x28, #0x8
000000010000ea2c	ldr	x0, [x28]
000000010000ea30	stur	x0, [x29, #-0x58]
000000010000ea34	mov	x0, #0x0
000000010000ea38	str	x0, [x28]
000000010000ea3c	add	x28, x28, #0x8
000000010000ea40	mov	x0, #0x0
000000010000ea44	str	x0, [x28]
000000010000ea48	add	x28, x28, #0x8
000000010000ea4c	mov	x0, #0x0
000000010000ea50	str	x0, [x28]
000000010000ea54	add	x28, x28, #0x8
000000010000ea58	mov	x0, #0x0
000000010000ea5c	str	x0, [x28]
000000010000ea60	add	x28, x28, #0x8
000000010000ea64	mov	x0, #0x0
000000010000ea68	str	x0, [x28]
000000010000ea6c	add	x28, x28, #0x8
000000010000ea70	mov	x0, #0x0
000000010000ea74	str	x0, [x28]
000000010000ea78	add	x28, x28, #0x8
000000010000ea7c	sub	x28, x28, #0x8
000000010000ea80	ldr	x5, [x28]
000000010000ea84	sub	x28, x28, #0x8
000000010000ea88	ldr	x4, [x28]
000000010000ea8c	sub	x28, x28, #0x8
000000010000ea90	ldr	x3, [x28]
000000010000ea94	sub	x28, x28, #0x8
000000010000ea98	ldr	x2, [x28]
000000010000ea9c	sub	x28, x28, #0x8
000000010000eaa0	ldr	x1, [x28]
000000010000eaa4	sub	x28, x28, #0x8
000000010000eaa8	ldr	x0, [x28]
000000010000eaac	mov	x16, #0x18
000000010000eab0	svc	#0x80
000000010000eab4	b.lo	0x10000eabc
000000010000eab8	neg	x0, x0
000000010000eabc	str	x0, [x28]
000000010000eac0	add	x28, x28, #0x8
000000010000eac4	sub	x28, x28, #0x8
000000010000eac8	ldr	x0, [x28]
000000010000eacc	stur	x0, [x29, #-0x60]
000000010000ead0	mov	x0, #0x8000
000000010000ead4	str	x0, [x28]
000000010000ead8	add	x28, x28, #0x8
000000010000eadc	sub	x28, x28, #0x8
000000010000eae0	ldr	x0, [x28]
000000010000eae4	stur	x0, [x29, #-0x68]
000000010000eae8	ldur	x0, [x29, #-0x10]
000000010000eaec	str	x0, [x28]
000000010000eaf0	add	x28, x28, #0x8
000000010000eaf4	mov	x0, #0x1
000000010000eaf8	str	x0, [x28]
000000010000eafc	add	x28, x28, #0x8
000000010000eb00	sub	x28, x28, #0x8
000000010000eb04	ldr	x1, [x28]
000000010000eb08	sub	x28, x28, #0x8
000000010000eb0c	ldr	x0, [x28]
000000010000eb10	cmp	x0, x1
000000010000eb14	b.ne	0x10000eb20
000000010000eb18	mov	x0, #0x1
000000010000eb1c	b	0x10000eb24
000000010000eb20	mov	x0, #0x0
000000010000eb24	str	x0, [x28]
000000010000eb28	add	x28, x28, #0x8
000000010000eb2c	sub	x28, x28, #0x8
000000010000eb30	ldr	x0, [x28]
000000010000eb34	cmp	x0, #0x0
000000010000eb38	b.eq	0x10000eb70
000000010000eb3c	mov	x0, x29
000000010000eb40	sub	x0, x0, #0x68
000000010000eb44	str	x0, [x28]
000000010000eb48	add	x28, x28, #0x8
000000010000eb4c	mov	x0, #0x4000
000000010000eb50	str	x0, [x28]
000000010000eb54	add	x28, x28, #0x8
000000010000eb58	sub	x28, x28, #0x8
000000010000eb5c	ldr	x0, [x28]
000000010000eb60	sub	x28, x28, #0x8
000000010000eb64	ldr	x10, [x28]
000000010000eb68	str	x0, [x10]
000000010000eb6c	b	0x10000eb70
000000010000eb70	ldur	x0, [x29, #-0x50]
000000010000eb74	str	x0, [x28]
000000010000eb78	add	x28, x28, #0x8
000000010000eb7c	mov	x0, #0xf000
000000010000eb80	str	x0, [x28]
000000010000eb84	add	x28, x28, #0x8
000000010000eb88	sub	x28, x28, #0x8
000000010000eb8c	ldr	x1, [x28]
000000010000eb90	sub	x28, x28, #0x8
000000010000eb94	ldr	x0, [x28]
000000010000eb98	and	x0, x0, x1
000000010000eb9c	sxtw	x0, w0
000000010000eba0	str	x0, [x28]
000000010000eba4	add	x28, x28, #0x8
000000010000eba8	ldur	x0, [x29, #-0x68]
000000010000ebac	str	x0, [x28]
000000010000ebb0	add	x28, x28, #0x8
000000010000ebb4	sub	x28, x28, #0x8
000000010000ebb8	ldr	x1, [x28]
000000010000ebbc	sub	x28, x28, #0x8
000000010000ebc0	ldr	x0, [x28]
000000010000ebc4	cmp	x0, x1
000000010000ebc8	b.ne	0x10000ebd4
000000010000ebcc	mov	x0, #0x1
000000010000ebd0	b	0x10000ebd8
000000010000ebd4	mov	x0, #0x0
000000010000ebd8	str	x0, [x28]
000000010000ebdc	add	x28, x28, #0x8
000000010000ebe0	sub	x28, x28, #0x8
000000010000ebe4	ldr	x0, [x28]
000000010000ebe8	cmp	x0, #0x0
000000010000ebec	b.eq	0x10000ec4c
000000010000ebf0	ldur	x0, [x29, #-0x60]
000000010000ebf4	str	x0, [x28]
000000010000ebf8	add	x28, x28, #0x8
000000010000ebfc	mov	x0, #0x0
000000010000ec00	str	x0, [x28]
000000010000ec04	add	x28, x28, #0x8
000000010000ec08	sub	x28, x28, #0x8
000000010000ec0c	ldr	x1, [x28]
000000010000ec10	sub	x28, x28, #0x8
000000010000ec14	ldr	x0, [x28]
000000010000ec18	cmp	x0, x1
000000010000ec1c	b.lt	0x10000ec28
000000010000ec20	mov	x0, #0x1
000000010000ec24	b	0x10000ec2c
000000010000ec28	mov	x0, #0x0
000000010000ec2c	str	x0, [x28]
000000010000ec30	add	x28, x28, #0x8
000000010000ec34	sub	x28, x28, #0x8
000000010000ec38	ldr	x0, [x28]
000000010000ec3c	cmp	x0, #0x0
000000010000ec40	b.eq	0x10000ec4c
000000010000ec44	mov	x0, #0x1
000000010000ec48	b	0x10000ec50
000000010000ec4c	mov	x0, #0x0
000000010000ec50	str	x0, [x28]
000000010000ec54	add	x28, x28, #0x8
000000010000ec58	sub	x28, x28, #0x8
000000010000ec5c	ldr	x0, [x28]
000000010000ec60	cmp	x0, #0x0
000000010000ec64	b.eq	0x10000ed20
000000010000ec68	mov	x0, x29
000000010000ec6c	sub	x0, x0, #0x20
000000010000ec70	str	x0, [x28]
000000010000ec74	add	x28, x28, #0x8
000000010000ec78	sub	x28, x28, #0x8
000000010000ec7c	ldr	x11, [x28]
000000010000ec80	mov	x10, x29
000000010000ec84	sub	x10, x10, #0x80
000000010000ec88	ldr	x9, [x11]
000000010000ec8c	str	x9, [x10]
000000010000ec90	ldr	x9, [x11, #0x8]
000000010000ec94	str	x9, [x10, #0x8]
000000010000ec98	mov	x0, x29
000000010000ec9c	sub	x0, x0, #0x80
000000010000eca0	str	x0, [x28]
000000010000eca4	add	x28, x28, #0x8
000000010000eca8	mov	x0, #0x10
000000010000ecac	str	x0, [x28]
000000010000ecb0	add	x28, x28, #0x8
000000010000ecb4	sub	x28, x28, #0x8
000000010000ecb8	ldr	x1, [x28]
000000010000ecbc	sub	x28, x28, #0x8
000000010000ecc0	ldr	x0, [x28]
000000010000ecc4	bl	0x10000c5c8
000000010000ecc8	str	x0, [x28]
000000010000eccc	add	x28, x28, #0x8
000000010000ecd0	ldur	x0, [x29, #-0x60]
000000010000ecd4	str	x0, [x28]
000000010000ecd8	add	x28, x28, #0x8
000000010000ecdc	sub	x28, x28, #0x8
000000010000ece0	ldr	x1, [x28]
000000010000ece4	sub	x28, x28, #0x8
000000010000ece8	ldr	x0, [x28]
000000010000ecec	cmp	x0, x1
000000010000ecf0	b.ne	0x10000ecfc
000000010000ecf4	mov	x0, #0x1
000000010000ecf8	b	0x10000ed00
000000010000ecfc	mov	x0, #0x0
000000010000ed00	str	x0, [x28]
000000010000ed04	add	x28, x28, #0x8
000000010000ed08	sub	x28, x28, #0x8
000000010000ed0c	ldr	x0, [x28]
000000010000ed10	cmp	x0, #0x0
000000010000ed14	b.eq	0x10000ed20
000000010000ed18	mov	x0, #0x1
000000010000ed1c	b	0x10000ed24
000000010000ed20	mov	x0, #0x0
000000010000ed24	str	x0, [x28]
000000010000ed28	add	x28, x28, #0x8
000000010000ed2c	sub	x28, x28, #0x8
000000010000ed30	ldr	x0, [x28]
000000010000ed34	sxtw	x0, w0
000000010000ed38	str	x0, [x28]
000000010000ed3c	add	x28, x28, #0x8
000000010000ed40	sub	x28, x28, #0x8
000000010000ed44	ldr	x0, [x28]
000000010000ed48	stur	x0, [x29, #-0x70]
000000010000ed4c	ldur	x0, [x29, #-0x10]
000000010000ed50	str	x0, [x28]
000000010000ed54	add	x28, x28, #0x8
000000010000ed58	mov	x0, #0x0
000000010000ed5c	str	x0, [x28]
000000010000ed60	add	x28, x28, #0x8
000000010000ed64	sub	x28, x28, #0x8
000000010000ed68	ldr	x1, [x28]
000000010000ed6c	sub	x28, x28, #0x8
000000010000ed70	ldr	x0, [x28]
000000010000ed74	cmp	x0, x1
000000010000ed78	b.ne	0x10000ed84
000000010000ed7c	mov	x0, #0x1
000000010000ed80	b	0x10000ed88
000000010000ed84	mov	x0, #0x0
000000010000ed88	str	x0, [x28]
000000010000ed8c	add	x28, x28, #0x8
000000010000ed90	sub	x28, x28, #0x8
000000010000ed94	ldr	x0, [x28]
000000010000ed98	cmp	x0, #0x0
000000010000ed9c	b.eq	0x10000eea0
000000010000eda0	ldur	x0, [x29, #-0x58]
000000010000eda4	str	x0, [x28]
000000010000eda8	add	x28, x28, #0x8
000000010000edac	mov	x0, #0x1
000000010000edb0	str	x0, [x28]
000000010000edb4	add	x28, x28, #0x8
000000010000edb8	sub	x28, x28, #0x8
000000010000edbc	ldr	x1, [x28]
000000010000edc0	sub	x28, x28, #0x8
000000010000edc4	ldr	x0, [x28]
000000010000edc8	cmp	x0, x1
000000010000edcc	b.eq	0x10000edd8
000000010000edd0	mov	x0, #0x1
000000010000edd4	b	0x10000eddc
000000010000edd8	mov	x0, #0x0
000000010000eddc	str	x0, [x28]
000000010000ede0	add	x28, x28, #0x8
000000010000ede4	sub	x28, x28, #0x8
000000010000ede8	ldr	x0, [x28]
000000010000edec	cmp	x0, #0x0
000000010000edf0	b.ne	0x10000ee7c
000000010000edf4	ldur	x0, [x29, #-0x50]
000000010000edf8	str	x0, [x28]
000000010000edfc	add	x28, x28, #0x8
000000010000ee00	mov	x0, #0x1ff
000000010000ee04	str	x0, [x28]
000000010000ee08	add	x28, x28, #0x8
000000010000ee0c	sub	x28, x28, #0x8
000000010000ee10	ldr	x1, [x28]
000000010000ee14	sub	x28, x28, #0x8
000000010000ee18	ldr	x0, [x28]
000000010000ee1c	and	x0, x0, x1
000000010000ee20	sxtw	x0, w0
000000010000ee24	str	x0, [x28]
000000010000ee28	add	x28, x28, #0x8
000000010000ee2c	mov	x0, #0x180
000000010000ee30	str	x0, [x28]
000000010000ee34	add	x28, x28, #0x8
000000010000ee38	sub	x28, x28, #0x8
000000010000ee3c	ldr	x1, [x28]
000000010000ee40	sub	x28, x28, #0x8
000000010000ee44	ldr	x0, [x28]
000000010000ee48	cmp	x0, x1
000000010000ee4c	b.eq	0x10000ee58
000000010000ee50	mov	x0, #0x1
000000010000ee54	b	0x10000ee5c
000000010000ee58	mov	x0, #0x0
000000010000ee5c	str	x0, [x28]
000000010000ee60	add	x28, x28, #0x8
000000010000ee64	sub	x28, x28, #0x8
000000010000ee68	ldr	x0, [x28]
000000010000ee6c	cmp	x0, #0x0
000000010000ee70	b.ne	0x10000ee7c
000000010000ee74	mov	x0, #0x0
000000010000ee78	b	0x10000ee80
000000010000ee7c	mov	x0, #0x1
000000010000ee80	str	x0, [x28]
000000010000ee84	add	x28, x28, #0x8
000000010000ee88	sub	x28, x28, #0x8
000000010000ee8c	ldr	x0, [x28]
000000010000ee90	cmp	x0, #0x0
000000010000ee94	b.eq	0x10000eea0
000000010000ee98	mov	x0, #0x1
000000010000ee9c	b	0x10000eea4
000000010000eea0	mov	x0, #0x0
000000010000eea4	str	x0, [x28]
000000010000eea8	add	x28, x28, #0x8
000000010000eeac	sub	x28, x28, #0x8
000000010000eeb0	ldr	x0, [x28]
000000010000eeb4	cmp	x0, #0x0
000000010000eeb8	b.eq	0x10000eef0
000000010000eebc	mov	x0, x29
000000010000eec0	sub	x0, x0, #0x70
000000010000eec4	str	x0, [x28]
000000010000eec8	add	x28, x28, #0x8
000000010000eecc	mov	x0, #0x0
000000010000eed0	str	x0, [x28]
000000010000eed4	add	x28, x28, #0x8
000000010000eed8	sub	x28, x28, #0x8
000000010000eedc	ldr	x0, [x28]
000000010000eee0	sub	x28, x28, #0x8
000000010000eee4	ldr	x10, [x28]
000000010000eee8	str	x0, [x10]
000000010000eeec	b	0x10000eef0
000000010000eef0	mov	x0, x29
000000010000eef4	sub	x0, x0, #0x20
000000010000eef8	str	x0, [x28]
000000010000eefc	add	x28, x28, #0x8
000000010000ef00	sub	x28, x28, #0x8
000000010000ef04	ldr	x11, [x28]
000000010000ef08	mov	x10, x29
000000010000ef0c	sub	x10, x10, #0x90
000000010000ef10	ldr	x9, [x11]
000000010000ef14	str	x9, [x10]
000000010000ef18	ldr	x9, [x11, #0x8]
000000010000ef1c	str	x9, [x10, #0x8]
000000010000ef20	mov	x0, x29
000000010000ef24	sub	x0, x0, #0x90
000000010000ef28	str	x0, [x28]
000000010000ef2c	add	x28, x28, #0x8
000000010000ef30	sub	x28, x28, #0x8
000000010000ef34	ldr	x0, [x28]
000000010000ef38	bl	0x100001434
000000010000ef3c	str	x0, [x28]
000000010000ef40	add	x28, x28, #0x8
000000010000ef44	sub	x28, x28, #0x8
000000010000ef48	ldr	x0, [x28]
000000010000ef4c	ldur	x0, [x29, #-0x70]
000000010000ef50	str	x0, [x28]
000000010000ef54	add	x28, x28, #0x8
000000010000ef58	mov	x0, #0x1
000000010000ef5c	str	x0, [x28]
000000010000ef60	add	x28, x28, #0x8
000000010000ef64	sub	x28, x28, #0x8
000000010000ef68	ldr	x1, [x28]
000000010000ef6c	sub	x28, x28, #0x8
000000010000ef70	ldr	x0, [x28]
000000010000ef74	cmp	x0, x1
000000010000ef78	b.eq	0x10000ef84
000000010000ef7c	mov	x0, #0x1
000000010000ef80	b	0x10000ef88
000000010000ef84	mov	x0, #0x0
000000010000ef88	str	x0, [x28]
000000010000ef8c	add	x28, x28, #0x8
000000010000ef90	sub	x28, x28, #0x8
000000010000ef94	ldr	x0, [x28]
000000010000ef98	cmp	x0, #0x0
000000010000ef9c	b.eq	0x10000efbc
000000010000efa0	bl	0x10000c018
000000010000efa4	str	x0, [x28]
000000010000efa8	add	x28, x28, #0x8
000000010000efac	sub	x28, x28, #0x8
000000010000efb0	ldr	x0, [x28]
000000010000efb4	b	0x10000efd4
000000010000efb8	b	0x10000efbc
000000010000efbc	mov	x0, #0x0
000000010000efc0	str	x0, [x28]
000000010000efc4	add	x28, x28, #0x8
000000010000efc8	sub	x28, x28, #0x8
000000010000efcc	ldr	x0, [x28]
000000010000efd0	b	0x10000efd4
000000010000efd4	mov	sp, x29
000000010000efd8	ldr	x29, [sp]
000000010000efdc	ldr	x30, [sp, #0x8]
000000010000efe0	ldr	x28, [sp, #0x10]
000000010000efe4	add	sp, sp, #0x20
000000010000efe8	ret
000000010000efec	sub	sp, sp, #0x20
000000010000eff0	str	x29, [sp]
000000010000eff4	str	x30, [sp, #0x8]
000000010000eff8	str	x28, [sp, #0x10]
000000010000effc	mov	x29, sp
000000010000f000	sub	sp, sp, #0x1b0
000000010000f004	mov	x28, sp
000000010000f008	stur	x0, [x29, #-0x8]
000000010000f00c	ldur	x0, [x29, #-0x8]
000000010000f010	str	x0, [x28]
000000010000f014	add	x28, x28, #0x8
000000010000f018	sub	x28, x28, #0x8
000000010000f01c	ldr	x10, [x28]
000000010000f020	ldr	x0, [x10, #0x8]
000000010000f024	str	x0, [x28]
000000010000f028	add	x28, x28, #0x8
000000010000f02c	mov	x0, #0xfff
000000010000f030	str	x0, [x28]
000000010000f034	add	x28, x28, #0x8
000000010000f038	sub	x28, x28, #0x8
000000010000f03c	ldr	x1, [x28]
000000010000f040	sub	x28, x28, #0x8
000000010000f044	ldr	x0, [x28]
000000010000f048	cmp	x0, x1
000000010000f04c	b.le	0x10000f058
000000010000f050	mov	x0, #0x1
000000010000f054	b	0x10000f05c
000000010000f058	mov	x0, #0x0
000000010000f05c	str	x0, [x28]
000000010000f060	add	x28, x28, #0x8
000000010000f064	sub	x28, x28, #0x8
000000010000f068	ldr	x0, [x28]
000000010000f06c	cmp	x0, #0x0
000000010000f070	b.eq	0x10000f090
000000010000f074	bl	0x10000c018
000000010000f078	str	x0, [x28]
000000010000f07c	add	x28, x28, #0x8
000000010000f080	sub	x28, x28, #0x8
000000010000f084	ldr	x0, [x28]
000000010000f088	b	0x10000f260
000000010000f08c	b	0x10000f090
000000010000f090	ldur	x0, [x29, #-0x8]
000000010000f094	str	x0, [x28]
000000010000f098	add	x28, x28, #0x8
000000010000f09c	sub	x28, x28, #0x8
000000010000f0a0	ldr	x11, [x28]
000000010000f0a4	mov	x10, x29
000000010000f0a8	sub	x10, x10, #0x20
000000010000f0ac	ldr	x9, [x11]
000000010000f0b0	str	x9, [x10]
000000010000f0b4	ldr	x9, [x11, #0x8]
000000010000f0b8	str	x9, [x10, #0x8]
000000010000f0bc	mov	x0, x29
000000010000f0c0	sub	x0, x0, #0x20
000000010000f0c4	str	x0, [x28]
000000010000f0c8	add	x28, x28, #0x8
000000010000f0cc	sub	x28, x28, #0x8
000000010000f0d0	ldr	x0, [x28]
000000010000f0d4	bl	0x100002c90
000000010000f0d8	str	x0, [x28]
000000010000f0dc	add	x28, x28, #0x8
000000010000f0e0	sub	x28, x28, #0x8
000000010000f0e4	ldr	x0, [x28]
000000010000f0e8	stur	x0, [x29, #-0x10]
000000010000f0ec	ldur	x0, [x29, #-0x10]
000000010000f0f0	str	x0, [x28]
000000010000f0f4	add	x28, x28, #0x8
000000010000f0f8	mov	x0, #0x0
000000010000f0fc	str	x0, [x28]
000000010000f100	add	x28, x28, #0x8
000000010000f104	sub	x28, x28, #0x8
000000010000f108	ldr	x1, [x28]
000000010000f10c	sub	x28, x28, #0x8
000000010000f110	ldr	x0, [x28]
000000010000f114	cmp	x0, x1
000000010000f118	b.ge	0x10000f124
000000010000f11c	mov	x0, #0x1
000000010000f120	b	0x10000f128
000000010000f124	mov	x0, #0x0
000000010000f128	str	x0, [x28]
000000010000f12c	add	x28, x28, #0x8
000000010000f130	sub	x28, x28, #0x8
000000010000f134	ldr	x0, [x28]
000000010000f138	cmp	x0, #0x0
000000010000f13c	b.eq	0x10000f170
000000010000f140	ldur	x0, [x29, #-0x10]
000000010000f144	str	x0, [x28]
000000010000f148	add	x28, x28, #0x8
000000010000f14c	sub	x28, x28, #0x8
000000010000f150	ldr	x0, [x28]
000000010000f154	bl	0x10000de78
000000010000f158	str	x0, [x28]
000000010000f15c	add	x28, x28, #0x8
000000010000f160	sub	x28, x28, #0x8
000000010000f164	ldr	x0, [x28]
000000010000f168	b	0x10000f260
000000010000f16c	b	0x10000f170
000000010000f170	ldur	x0, [x29, #-0x10]
000000010000f174	str	x0, [x28]
000000010000f178	add	x28, x28, #0x8
000000010000f17c	mov	x0, #0x1
000000010000f180	str	x0, [x28]
000000010000f184	add	x28, x28, #0x8
000000010000f188	sub	x28, x28, #0x8
000000010000f18c	ldr	x1, [x28]
000000010000f190	sub	x28, x28, #0x8
000000010000f194	ldr	x0, [x28]
000000010000f198	bl	0x10000e52c
000000010000f19c	str	x0, [x28]
000000010000f1a0	add	x28, x28, #0x8
000000010000f1a4	sub	x28, x28, #0x8
000000010000f1a8	ldr	x0, [x28]
000000010000f1ac	stur	x0, [x29, #-0x28]
000000010000f1b0	ldur	x0, [x29, #-0x28]
000000010000f1b4	str	x0, [x28]
000000010000f1b8	add	x28, x28, #0x8
000000010000f1bc	mov	x0, #0x0
000000010000f1c0	str	x0, [x28]
000000010000f1c4	add	x28, x28, #0x8
000000010000f1c8	sub	x28, x28, #0x8
000000010000f1cc	ldr	x1, [x28]
000000010000f1d0	sub	x28, x28, #0x8
000000010000f1d4	ldr	x0, [x28]
000000010000f1d8	cmp	x0, x1
000000010000f1dc	b.eq	0x10000f1e8
000000010000f1e0	mov	x0, #0x1
000000010000f1e4	b	0x10000f1ec
000000010000f1e8	mov	x0, #0x0
000000010000f1ec	str	x0, [x28]
000000010000f1f0	add	x28, x28, #0x8
000000010000f1f4	sub	x28, x28, #0x8
000000010000f1f8	ldr	x0, [x28]
000000010000f1fc	cmp	x0, #0x0
000000010000f200	b.eq	0x10000f248
000000010000f204	ldur	x0, [x29, #-0x10]
000000010000f208	str	x0, [x28]
000000010000f20c	add	x28, x28, #0x8
000000010000f210	sub	x28, x28, #0x8
000000010000f214	ldr	x0, [x28]
000000010000f218	bl	0x1000026c4
000000010000f21c	str	x0, [x28]
000000010000f220	add	x28, x28, #0x8
000000010000f224	sub	x28, x28, #0x8
000000010000f228	ldr	x0, [x28]
000000010000f22c	ldur	x0, [x29, #-0x28]
000000010000f230	str	x0, [x28]
000000010000f234	add	x28, x28, #0x8
000000010000f238	sub	x28, x28, #0x8
000000010000f23c	ldr	x0, [x28]
000000010000f240	b	0x10000f260
000000010000f244	b	0x10000f248
000000010000f248	ldur	x0, [x29, #-0x10]
000000010000f24c	str	x0, [x28]
000000010000f250	add	x28, x28, #0x8
000000010000f254	sub	x28, x28, #0x8
000000010000f258	ldr	x0, [x28]
000000010000f25c	b	0x10000f260
000000010000f260	mov	sp, x29
000000010000f264	ldr	x29, [sp]
000000010000f268	ldr	x30, [sp, #0x8]
000000010000f26c	ldr	x28, [sp, #0x10]
000000010000f270	add	sp, sp, #0x20
000000010000f274	ret
000000010000f278	sub	sp, sp, #0x20
000000010000f27c	str	x29, [sp]
000000010000f280	str	x30, [sp, #0x8]
000000010000f284	str	x28, [sp, #0x10]
000000010000f288	mov	x29, sp
000000010000f28c	sub	sp, sp, #0x1d0
000000010000f290	mov	x28, sp
000000010000f294	stur	x0, [x29, #-0x8]
000000010000f298	stur	x1, [x29, #-0x10]
000000010000f29c	stur	x2, [x29, #-0x18]
000000010000f2a0	ldur	x0, [x29, #-0x8]
000000010000f2a4	str	x0, [x28]
000000010000f2a8	add	x28, x28, #0x8
000000010000f2ac	mov	x0, #0x0
000000010000f2b0	str	x0, [x28]
000000010000f2b4	add	x28, x28, #0x8
000000010000f2b8	sub	x28, x28, #0x8
000000010000f2bc	ldr	x1, [x28]
000000010000f2c0	sub	x28, x28, #0x8
000000010000f2c4	ldr	x0, [x28]
000000010000f2c8	cmp	x0, x1
000000010000f2cc	b.ge	0x10000f2d8
000000010000f2d0	mov	x0, #0x1
000000010000f2d4	b	0x10000f2dc
000000010000f2d8	mov	x0, #0x0
000000010000f2dc	str	x0, [x28]
000000010000f2e0	add	x28, x28, #0x8
000000010000f2e4	sub	x28, x28, #0x8
000000010000f2e8	ldr	x0, [x28]
000000010000f2ec	cmp	x0, #0x0
000000010000f2f0	b.ne	0x10000f394
000000010000f2f4	ldur	x0, [x29, #-0x10]
000000010000f2f8	str	x0, [x28]
000000010000f2fc	add	x28, x28, #0x8
000000010000f300	sub	x28, x28, #0x8
000000010000f304	ldr	x11, [x28]
000000010000f308	mov	x10, x29
000000010000f30c	sub	x10, x10, #0x28
000000010000f310	ldr	x9, [x11]
000000010000f314	str	x9, [x10]
000000010000f318	ldr	x9, [x11, #0x8]
000000010000f31c	str	x9, [x10, #0x8]
000000010000f320	mov	x0, x29
000000010000f324	sub	x0, x0, #0x28
000000010000f328	str	x0, [x28]
000000010000f32c	add	x28, x28, #0x8
000000010000f330	sub	x28, x28, #0x8
000000010000f334	ldr	x0, [x28]
000000010000f338	bl	0x100001e4c
000000010000f33c	str	x0, [x28]
000000010000f340	add	x28, x28, #0x8
000000010000f344	mov	x0, #0x1
000000010000f348	str	x0, [x28]
000000010000f34c	add	x28, x28, #0x8
000000010000f350	sub	x28, x28, #0x8
000000010000f354	ldr	x1, [x28]
000000010000f358	sub	x28, x28, #0x8
000000010000f35c	ldr	x0, [x28]
000000010000f360	cmp	x0, x1
000000010000f364	b.eq	0x10000f370
000000010000f368	mov	x0, #0x1
000000010000f36c	b	0x10000f374
000000010000f370	mov	x0, #0x0
000000010000f374	str	x0, [x28]
000000010000f378	add	x28, x28, #0x8
000000010000f37c	sub	x28, x28, #0x8
000000010000f380	ldr	x0, [x28]
000000010000f384	cmp	x0, #0x0
000000010000f388	b.ne	0x10000f394
000000010000f38c	mov	x0, #0x0
000000010000f390	b	0x10000f398
000000010000f394	mov	x0, #0x1
000000010000f398	str	x0, [x28]
000000010000f39c	add	x28, x28, #0x8
000000010000f3a0	sub	x28, x28, #0x8
000000010000f3a4	ldr	x0, [x28]
000000010000f3a8	cmp	x0, #0x0
000000010000f3ac	b.ne	0x10000f484
000000010000f3b0	ldur	x0, [x29, #-0x18]
000000010000f3b4	str	x0, [x28]
000000010000f3b8	add	x28, x28, #0x8
000000010000f3bc	mov	x0, #0x0
000000010000f3c0	str	x0, [x28]
000000010000f3c4	add	x28, x28, #0x8
000000010000f3c8	sub	x28, x28, #0x8
000000010000f3cc	ldr	x1, [x28]
000000010000f3d0	sub	x28, x28, #0x8
000000010000f3d4	ldr	x0, [x28]
000000010000f3d8	cmp	x0, x1
000000010000f3dc	b.eq	0x10000f3e8
000000010000f3e0	mov	x0, #0x1
000000010000f3e4	b	0x10000f3ec
000000010000f3e8	mov	x0, #0x0
000000010000f3ec	str	x0, [x28]
000000010000f3f0	add	x28, x28, #0x8
000000010000f3f4	sub	x28, x28, #0x8
000000010000f3f8	ldr	x0, [x28]
000000010000f3fc	cmp	x0, #0x0
000000010000f400	b.eq	0x10000f460
000000010000f404	ldur	x0, [x29, #-0x18]
000000010000f408	str	x0, [x28]
000000010000f40c	add	x28, x28, #0x8
000000010000f410	mov	x0, #0x1
000000010000f414	str	x0, [x28]
000000010000f418	add	x28, x28, #0x8
000000010000f41c	sub	x28, x28, #0x8
000000010000f420	ldr	x1, [x28]
000000010000f424	sub	x28, x28, #0x8
000000010000f428	ldr	x0, [x28]
000000010000f42c	cmp	x0, x1
000000010000f430	b.eq	0x10000f43c
000000010000f434	mov	x0, #0x1
000000010000f438	b	0x10000f440
000000010000f43c	mov	x0, #0x0
000000010000f440	str	x0, [x28]
000000010000f444	add	x28, x28, #0x8
000000010000f448	sub	x28, x28, #0x8
000000010000f44c	ldr	x0, [x28]
000000010000f450	cmp	x0, #0x0
000000010000f454	b.eq	0x10000f460
000000010000f458	mov	x0, #0x1
000000010000f45c	b	0x10000f464
000000010000f460	mov	x0, #0x0
000000010000f464	str	x0, [x28]
000000010000f468	add	x28, x28, #0x8
000000010000f46c	sub	x28, x28, #0x8
000000010000f470	ldr	x0, [x28]
000000010000f474	cmp	x0, #0x0
000000010000f478	b.ne	0x10000f484
000000010000f47c	mov	x0, #0x0
000000010000f480	b	0x10000f488
000000010000f484	mov	x0, #0x1
000000010000f488	str	x0, [x28]
000000010000f48c	add	x28, x28, #0x8
000000010000f490	sub	x28, x28, #0x8
000000010000f494	ldr	x0, [x28]
000000010000f498	cmp	x0, #0x0
000000010000f49c	b.eq	0x10000f4bc
000000010000f4a0	bl	0x10000c018
000000010000f4a4	str	x0, [x28]
000000010000f4a8	add	x28, x28, #0x8
000000010000f4ac	sub	x28, x28, #0x8
000000010000f4b0	ldr	x0, [x28]
000000010000f4b4	b	0x10000f6a0
000000010000f4b8	b	0x10000f4bc
000000010000f4bc	ldur	x0, [x29, #-0x8]
000000010000f4c0	str	x0, [x28]
000000010000f4c4	add	x28, x28, #0x8
000000010000f4c8	ldur	x0, [x29, #-0x10]
000000010000f4cc	str	x0, [x28]
000000010000f4d0	add	x28, x28, #0x8
000000010000f4d4	sub	x28, x28, #0x8
000000010000f4d8	ldr	x11, [x28]
000000010000f4dc	mov	x10, x29
000000010000f4e0	sub	x10, x10, #0x40
000000010000f4e4	ldr	x9, [x11]
000000010000f4e8	str	x9, [x10]
000000010000f4ec	ldr	x9, [x11, #0x8]
000000010000f4f0	str	x9, [x10, #0x8]
000000010000f4f4	mov	x0, x29
000000010000f4f8	sub	x0, x0, #0x40
000000010000f4fc	str	x0, [x28]
000000010000f500	add	x28, x28, #0x8
000000010000f504	ldur	x0, [x29, #-0x18]
000000010000f508	str	x0, [x28]
000000010000f50c	add	x28, x28, #0x8
000000010000f510	sub	x28, x28, #0x8
000000010000f514	ldr	x2, [x28]
000000010000f518	sub	x28, x28, #0x8
000000010000f51c	ldr	x1, [x28]
000000010000f520	sub	x28, x28, #0x8
000000010000f524	ldr	x0, [x28]
000000010000f528	bl	0x100002f08
000000010000f52c	str	x0, [x28]
000000010000f530	add	x28, x28, #0x8
000000010000f534	sub	x28, x28, #0x8
000000010000f538	ldr	x0, [x28]
000000010000f53c	stur	x0, [x29, #-0x30]
000000010000f540	ldur	x0, [x29, #-0x30]
000000010000f544	str	x0, [x28]
000000010000f548	add	x28, x28, #0x8
000000010000f54c	mov	x0, #0x0
000000010000f550	str	x0, [x28]
000000010000f554	add	x28, x28, #0x8
000000010000f558	sub	x28, x28, #0x8
000000010000f55c	ldr	x1, [x28]
000000010000f560	sub	x28, x28, #0x8
000000010000f564	ldr	x0, [x28]
000000010000f568	cmp	x0, x1
000000010000f56c	b.ge	0x10000f578
000000010000f570	mov	x0, #0x1
000000010000f574	b	0x10000f57c
000000010000f578	mov	x0, #0x0
000000010000f57c	str	x0, [x28]
000000010000f580	add	x28, x28, #0x8
000000010000f584	sub	x28, x28, #0x8
000000010000f588	ldr	x0, [x28]
000000010000f58c	cmp	x0, #0x0
000000010000f590	b.eq	0x10000f5b0
000000010000f594	bl	0x10000c018
000000010000f598	str	x0, [x28]
000000010000f59c	add	x28, x28, #0x8
000000010000f5a0	sub	x28, x28, #0x8
000000010000f5a4	ldr	x0, [x28]
000000010000f5a8	b	0x10000f6a0
000000010000f5ac	b	0x10000f5b0
000000010000f5b0	ldur	x0, [x29, #-0x30]
000000010000f5b4	str	x0, [x28]
000000010000f5b8	add	x28, x28, #0x8
000000010000f5bc	mov	x0, #0x0
000000010000f5c0	str	x0, [x28]
000000010000f5c4	add	x28, x28, #0x8
000000010000f5c8	sub	x28, x28, #0x8
000000010000f5cc	ldr	x1, [x28]
000000010000f5d0	sub	x28, x28, #0x8
000000010000f5d4	ldr	x0, [x28]
000000010000f5d8	bl	0x10000e52c
000000010000f5dc	str	x0, [x28]
000000010000f5e0	add	x28, x28, #0x8
000000010000f5e4	sub	x28, x28, #0x8
000000010000f5e8	ldr	x0, [x28]
000000010000f5ec	stur	x0, [x29, #-0x48]
000000010000f5f0	ldur	x0, [x29, #-0x48]
000000010000f5f4	str	x0, [x28]
000000010000f5f8	add	x28, x28, #0x8
000000010000f5fc	mov	x0, #0x0
000000010000f600	str	x0, [x28]
000000010000f604	add	x28, x28, #0x8
000000010000f608	sub	x28, x28, #0x8
000000010000f60c	ldr	x1, [x28]
000000010000f610	sub	x28, x28, #0x8
000000010000f614	ldr	x0, [x28]
000000010000f618	cmp	x0, x1
000000010000f61c	b.eq	0x10000f628
000000010000f620	mov	x0, #0x1
000000010000f624	b	0x10000f62c
000000010000f628	mov	x0, #0x0
000000010000f62c	str	x0, [x28]
000000010000f630	add	x28, x28, #0x8
000000010000f634	sub	x28, x28, #0x8
000000010000f638	ldr	x0, [x28]
000000010000f63c	cmp	x0, #0x0
000000010000f640	b.eq	0x10000f688
000000010000f644	ldur	x0, [x29, #-0x30]
000000010000f648	str	x0, [x28]
000000010000f64c	add	x28, x28, #0x8
000000010000f650	sub	x28, x28, #0x8
000000010000f654	ldr	x0, [x28]
000000010000f658	bl	0x1000026c4
000000010000f65c	str	x0, [x28]
000000010000f660	add	x28, x28, #0x8
000000010000f664	sub	x28, x28, #0x8
000000010000f668	ldr	x0, [x28]
000000010000f66c	ldur	x0, [x29, #-0x48]
000000010000f670	str	x0, [x28]
000000010000f674	add	x28, x28, #0x8
000000010000f678	sub	x28, x28, #0x8
000000010000f67c	ldr	x0, [x28]
000000010000f680	b	0x10000f6a0
000000010000f684	b	0x10000f688
000000010000f688	ldur	x0, [x29, #-0x30]
000000010000f68c	str	x0, [x28]
000000010000f690	add	x28, x28, #0x8
000000010000f694	sub	x28, x28, #0x8
000000010000f698	ldr	x0, [x28]
000000010000f69c	b	0x10000f6a0
000000010000f6a0	mov	sp, x29
000000010000f6a4	ldr	x29, [sp]
000000010000f6a8	ldr	x30, [sp, #0x8]
000000010000f6ac	ldr	x28, [sp, #0x10]
000000010000f6b0	add	sp, sp, #0x20
000000010000f6b4	ret
000000010000f6b8	sub	sp, sp, #0x20
000000010000f6bc	str	x29, [sp]
000000010000f6c0	str	x30, [sp, #0x8]
000000010000f6c4	str	x28, [sp, #0x10]
000000010000f6c8	mov	x29, sp
000000010000f6cc	sub	sp, sp, #0x1d0
000000010000f6d0	mov	x28, sp
000000010000f6d4	stur	x0, [x29, #-0x8]
000000010000f6d8	stur	x1, [x29, #-0x10]
000000010000f6dc	stur	x2, [x29, #-0x18]
000000010000f6e0	ldur	x0, [x29, #-0x18]
000000010000f6e4	str	x0, [x28]
000000010000f6e8	add	x28, x28, #0x8
000000010000f6ec	sub	x28, x28, #0x8
000000010000f6f0	ldr	x10, [x28]
000000010000f6f4	ldr	x0, [x10, #0x8]
000000010000f6f8	str	x0, [x28]
000000010000f6fc	add	x28, x28, #0x8
000000010000f700	mov	x0, #0x1
000000010000f704	str	x0, [x28]
000000010000f708	add	x28, x28, #0x8
000000010000f70c	sub	x28, x28, #0x8
000000010000f710	ldr	x1, [x28]
000000010000f714	sub	x28, x28, #0x8
000000010000f718	ldr	x0, [x28]
000000010000f71c	cmp	x0, x1
000000010000f720	b.ge	0x10000f72c
000000010000f724	mov	x0, #0x1
000000010000f728	b	0x10000f730
000000010000f72c	mov	x0, #0x0
000000010000f730	str	x0, [x28]
000000010000f734	add	x28, x28, #0x8
000000010000f738	sub	x28, x28, #0x8
000000010000f73c	ldr	x0, [x28]
000000010000f740	cmp	x0, #0x0
000000010000f744	b.ne	0x10000f7b8
000000010000f748	ldur	x0, [x29, #-0x18]
000000010000f74c	str	x0, [x28]
000000010000f750	add	x28, x28, #0x8
000000010000f754	sub	x28, x28, #0x8
000000010000f758	ldr	x10, [x28]
000000010000f75c	ldr	x0, [x10, #0x8]
000000010000f760	str	x0, [x28]
000000010000f764	add	x28, x28, #0x8
000000010000f768	bl	0x10000c1e0
000000010000f76c	str	x0, [x28]
000000010000f770	add	x28, x28, #0x8
000000010000f774	sub	x28, x28, #0x8
000000010000f778	ldr	x1, [x28]
000000010000f77c	sub	x28, x28, #0x8
000000010000f780	ldr	x0, [x28]
000000010000f784	cmp	x0, x1
000000010000f788	b.le	0x10000f794
000000010000f78c	mov	x0, #0x1
000000010000f790	b	0x10000f798
000000010000f794	mov	x0, #0x0
000000010000f798	str	x0, [x28]
000000010000f79c	add	x28, x28, #0x8
000000010000f7a0	sub	x28, x28, #0x8
000000010000f7a4	ldr	x0, [x28]
000000010000f7a8	cmp	x0, #0x0
000000010000f7ac	b.ne	0x10000f7b8
000000010000f7b0	mov	x0, #0x0
000000010000f7b4	b	0x10000f7bc
000000010000f7b8	mov	x0, #0x1
000000010000f7bc	str	x0, [x28]
000000010000f7c0	add	x28, x28, #0x8
000000010000f7c4	sub	x28, x28, #0x8
000000010000f7c8	ldr	x0, [x28]
000000010000f7cc	cmp	x0, #0x0
000000010000f7d0	b.eq	0x10000f7f0
000000010000f7d4	bl	0x10000bfcc
000000010000f7d8	str	x0, [x28]
000000010000f7dc	add	x28, x28, #0x8
000000010000f7e0	sub	x28, x28, #0x8
000000010000f7e4	ldr	x0, [x28]
000000010000f7e8	b	0x10000fce4
000000010000f7ec	b	0x10000f7f0
000000010000f7f0	ldur	x0, [x29, #-0x8]
000000010000f7f4	str	x0, [x28]
000000010000f7f8	add	x28, x28, #0x8
000000010000f7fc	ldur	x0, [x29, #-0x10]
000000010000f800	str	x0, [x28]
000000010000f804	add	x28, x28, #0x8
000000010000f808	sub	x28, x28, #0x8
000000010000f80c	ldr	x11, [x28]
000000010000f810	mov	x10, x29
000000010000f814	sub	x10, x10, #0x30
000000010000f818	ldr	x9, [x11]
000000010000f81c	str	x9, [x10]
000000010000f820	ldr	x9, [x11, #0x8]
000000010000f824	str	x9, [x10, #0x8]
000000010000f828	mov	x0, x29
000000010000f82c	sub	x0, x0, #0x30
000000010000f830	str	x0, [x28]
000000010000f834	add	x28, x28, #0x8
000000010000f838	mov	x0, #0x1
000000010000f83c	str	x0, [x28]
000000010000f840	add	x28, x28, #0x8
000000010000f844	sub	x28, x28, #0x8
000000010000f848	ldr	x2, [x28]
000000010000f84c	sub	x28, x28, #0x8
000000010000f850	ldr	x1, [x28]
000000010000f854	sub	x28, x28, #0x8
000000010000f858	ldr	x0, [x28]
000000010000f85c	bl	0x10000f278
000000010000f860	str	x0, [x28]
000000010000f864	add	x28, x28, #0x8
000000010000f868	sub	x28, x28, #0x8
000000010000f86c	ldr	x0, [x28]
000000010000f870	stur	x0, [x29, #-0x20]
000000010000f874	ldur	x0, [x29, #-0x20]
000000010000f878	str	x0, [x28]
000000010000f87c	add	x28, x28, #0x8
000000010000f880	mov	x0, #0x0
000000010000f884	str	x0, [x28]
000000010000f888	add	x28, x28, #0x8
000000010000f88c	sub	x28, x28, #0x8
000000010000f890	ldr	x1, [x28]
000000010000f894	sub	x28, x28, #0x8
000000010000f898	ldr	x0, [x28]
000000010000f89c	cmp	x0, x1
000000010000f8a0	b.ge	0x10000f8ac
000000010000f8a4	mov	x0, #0x1
000000010000f8a8	b	0x10000f8b0
000000010000f8ac	mov	x0, #0x0
000000010000f8b0	str	x0, [x28]
000000010000f8b4	add	x28, x28, #0x8
000000010000f8b8	sub	x28, x28, #0x8
000000010000f8bc	ldr	x0, [x28]
000000010000f8c0	cmp	x0, #0x0
000000010000f8c4	b.ne	0x10000f938
000000010000f8c8	ldur	x0, [x29, #-0x20]
000000010000f8cc	str	x0, [x28]
000000010000f8d0	add	x28, x28, #0x8
000000010000f8d4	sub	x28, x28, #0x8
000000010000f8d8	ldr	x0, [x28]
000000010000f8dc	bl	0x10000c230
000000010000f8e0	str	x0, [x28]
000000010000f8e4	add	x28, x28, #0x8
000000010000f8e8	mov	x0, #0x1
000000010000f8ec	str	x0, [x28]
000000010000f8f0	add	x28, x28, #0x8
000000010000f8f4	sub	x28, x28, #0x8
000000010000f8f8	ldr	x1, [x28]
000000010000f8fc	sub	x28, x28, #0x8
000000010000f900	ldr	x0, [x28]
000000010000f904	cmp	x0, x1
000000010000f908	b.ne	0x10000f914
000000010000f90c	mov	x0, #0x1
000000010000f910	b	0x10000f918
000000010000f914	mov	x0, #0x0
000000010000f918	str	x0, [x28]
000000010000f91c	add	x28, x28, #0x8
000000010000f920	sub	x28, x28, #0x8
000000010000f924	ldr	x0, [x28]
000000010000f928	cmp	x0, #0x0
000000010000f92c	b.ne	0x10000f938
000000010000f930	mov	x0, #0x0
000000010000f934	b	0x10000f93c
000000010000f938	mov	x0, #0x1
000000010000f93c	str	x0, [x28]
000000010000f940	add	x28, x28, #0x8
000000010000f944	sub	x28, x28, #0x8
000000010000f948	ldr	x0, [x28]
000000010000f94c	cmp	x0, #0x0
000000010000f950	b.eq	0x10000f984
000000010000f954	ldur	x0, [x29, #-0x20]
000000010000f958	str	x0, [x28]
000000010000f95c	add	x28, x28, #0x8
000000010000f960	sub	x28, x28, #0x8
000000010000f964	ldr	x0, [x28]
000000010000f968	sxtw	x0, w0
000000010000f96c	str	x0, [x28]
000000010000f970	add	x28, x28, #0x8
000000010000f974	sub	x28, x28, #0x8
000000010000f978	ldr	x0, [x28]
000000010000f97c	b	0x10000fce4
000000010000f980	b	0x10000f984
000000010000f984	mov	x0, #0x0
000000010000f988	str	x0, [x28]
000000010000f98c	add	x28, x28, #0x8
000000010000f990	sub	x28, x28, #0x8
000000010000f994	ldr	x0, [x28]
000000010000f998	stur	x0, [x29, #-0x38]
000000010000f99c	ldur	x0, [x29, #-0x20]
000000010000f9a0	str	x0, [x28]
000000010000f9a4	add	x28, x28, #0x8
000000010000f9a8	ldur	x0, [x29, #-0x18]
000000010000f9ac	str	x0, [x28]
000000010000f9b0	add	x28, x28, #0x8
000000010000f9b4	sub	x28, x28, #0x8
000000010000f9b8	ldr	x11, [x28]
000000010000f9bc	mov	x10, x29
000000010000f9c0	sub	x10, x10, #0x48
000000010000f9c4	ldr	x9, [x11]
000000010000f9c8	str	x9, [x10]
000000010000f9cc	ldr	x9, [x11, #0x8]
000000010000f9d0	str	x9, [x10, #0x8]
000000010000f9d4	mov	x0, x29
000000010000f9d8	sub	x0, x0, #0x48
000000010000f9dc	str	x0, [x28]
000000010000f9e0	add	x28, x28, #0x8
000000010000f9e4	sub	x28, x28, #0x8
000000010000f9e8	ldr	x1, [x28]
000000010000f9ec	sub	x28, x28, #0x8
000000010000f9f0	ldr	x0, [x28]
000000010000f9f4	bl	0x100003f60
000000010000f9f8	str	x0, [x28]
000000010000f9fc	add	x28, x28, #0x8
000000010000fa00	ldur	x0, [x29, #-0x18]
000000010000fa04	str	x0, [x28]
000000010000fa08	add	x28, x28, #0x8
000000010000fa0c	sub	x28, x28, #0x8
000000010000fa10	ldr	x10, [x28]
000000010000fa14	ldr	x0, [x10, #0x8]
000000010000fa18	str	x0, [x28]
000000010000fa1c	add	x28, x28, #0x8
000000010000fa20	sub	x28, x28, #0x8
000000010000fa24	ldr	x1, [x28]
000000010000fa28	sub	x28, x28, #0x8
000000010000fa2c	ldr	x0, [x28]
000000010000fa30	cmp	x0, x1
000000010000fa34	b.eq	0x10000fa40
000000010000fa38	mov	x0, #0x1
000000010000fa3c	b	0x10000fa44
000000010000fa40	mov	x0, #0x0
000000010000fa44	str	x0, [x28]
000000010000fa48	add	x28, x28, #0x8
000000010000fa4c	sub	x28, x28, #0x8
000000010000fa50	ldr	x0, [x28]
000000010000fa54	cmp	x0, #0x0
000000010000fa58	b.ne	0x10000facc
000000010000fa5c	ldur	x0, [x29, #-0x20]
000000010000fa60	str	x0, [x28]
000000010000fa64	add	x28, x28, #0x8
000000010000fa68	sub	x28, x28, #0x8
000000010000fa6c	ldr	x0, [x28]
000000010000fa70	bl	0x100002798
000000010000fa74	str	x0, [x28]
000000010000fa78	add	x28, x28, #0x8
000000010000fa7c	mov	x0, #0x0
000000010000fa80	str	x0, [x28]
000000010000fa84	add	x28, x28, #0x8
000000010000fa88	sub	x28, x28, #0x8
000000010000fa8c	ldr	x1, [x28]
000000010000fa90	sub	x28, x28, #0x8
000000010000fa94	ldr	x0, [x28]
000000010000fa98	cmp	x0, x1
000000010000fa9c	b.eq	0x10000faa8
000000010000faa0	mov	x0, #0x1
000000010000faa4	b	0x10000faac
000000010000faa8	mov	x0, #0x0
000000010000faac	str	x0, [x28]
000000010000fab0	add	x28, x28, #0x8
000000010000fab4	sub	x28, x28, #0x8
000000010000fab8	ldr	x0, [x28]
000000010000fabc	cmp	x0, #0x0
000000010000fac0	b.ne	0x10000facc
000000010000fac4	mov	x0, #0x0
000000010000fac8	b	0x10000fad0
000000010000facc	mov	x0, #0x1
000000010000fad0	str	x0, [x28]
000000010000fad4	add	x28, x28, #0x8
000000010000fad8	sub	x28, x28, #0x8
000000010000fadc	ldr	x0, [x28]
000000010000fae0	cmp	x0, #0x0
000000010000fae4	b.eq	0x10000fb1c
000000010000fae8	mov	x0, x29
000000010000faec	sub	x0, x0, #0x38
000000010000faf0	str	x0, [x28]
000000010000faf4	add	x28, x28, #0x8
000000010000faf8	bl	0x10000c064
000000010000fafc	str	x0, [x28]
000000010000fb00	add	x28, x28, #0x8
000000010000fb04	sub	x28, x28, #0x8
000000010000fb08	ldr	x0, [x28]
000000010000fb0c	sub	x28, x28, #0x8
000000010000fb10	ldr	x10, [x28]
000000010000fb14	str	x0, [x10]
000000010000fb18	b	0x10000fb1c
000000010000fb1c	ldur	x0, [x29, #-0x20]
000000010000fb20	str	x0, [x28]
000000010000fb24	add	x28, x28, #0x8
000000010000fb28	sub	x28, x28, #0x8
000000010000fb2c	ldr	x0, [x28]
000000010000fb30	bl	0x1000026c4
000000010000fb34	str	x0, [x28]
000000010000fb38	add	x28, x28, #0x8
000000010000fb3c	mov	x0, #0x0
000000010000fb40	str	x0, [x28]
000000010000fb44	add	x28, x28, #0x8
000000010000fb48	sub	x28, x28, #0x8
000000010000fb4c	ldr	x1, [x28]
000000010000fb50	sub	x28, x28, #0x8
000000010000fb54	ldr	x0, [x28]
000000010000fb58	cmp	x0, x1
000000010000fb5c	b.eq	0x10000fb68
000000010000fb60	mov	x0, #0x1
000000010000fb64	b	0x10000fb6c
000000010000fb68	mov	x0, #0x0
000000010000fb6c	str	x0, [x28]
000000010000fb70	add	x28, x28, #0x8
000000010000fb74	sub	x28, x28, #0x8
000000010000fb78	ldr	x0, [x28]
000000010000fb7c	cmp	x0, #0x0
000000010000fb80	b.eq	0x10000fbb8
000000010000fb84	mov	x0, x29
000000010000fb88	sub	x0, x0, #0x38
000000010000fb8c	str	x0, [x28]
000000010000fb90	add	x28, x28, #0x8
000000010000fb94	bl	0x10000c064
000000010000fb98	str	x0, [x28]
000000010000fb9c	add	x28, x28, #0x8
000000010000fba0	sub	x28, x28, #0x8
000000010000fba4	ldr	x0, [x28]
000000010000fba8	sub	x28, x28, #0x8
000000010000fbac	ldr	x10, [x28]
000000010000fbb0	str	x0, [x10]
000000010000fbb4	b	0x10000fbb8
000000010000fbb8	ldur	x0, [x29, #-0x38]
000000010000fbbc	str	x0, [x28]
000000010000fbc0	add	x28, x28, #0x8
000000010000fbc4	mov	x0, #0x0
000000010000fbc8	str	x0, [x28]
000000010000fbcc	add	x28, x28, #0x8
000000010000fbd0	sub	x28, x28, #0x8
000000010000fbd4	ldr	x1, [x28]
000000010000fbd8	sub	x28, x28, #0x8
000000010000fbdc	ldr	x0, [x28]
000000010000fbe0	cmp	x0, x1
000000010000fbe4	b.ne	0x10000fbf0
000000010000fbe8	mov	x0, #0x1
000000010000fbec	b	0x10000fbf4
000000010000fbf0	mov	x0, #0x0
000000010000fbf4	str	x0, [x28]
000000010000fbf8	add	x28, x28, #0x8
000000010000fbfc	sub	x28, x28, #0x8
000000010000fc00	ldr	x0, [x28]
000000010000fc04	cmp	x0, #0x0
000000010000fc08	b.eq	0x10000fc7c
000000010000fc0c	ldur	x0, [x29, #-0x8]
000000010000fc10	str	x0, [x28]
000000010000fc14	add	x28, x28, #0x8
000000010000fc18	sub	x28, x28, #0x8
000000010000fc1c	ldr	x0, [x28]
000000010000fc20	bl	0x100002798
000000010000fc24	str	x0, [x28]
000000010000fc28	add	x28, x28, #0x8
000000010000fc2c	mov	x0, #0x0
000000010000fc30	str	x0, [x28]
000000010000fc34	add	x28, x28, #0x8
000000010000fc38	sub	x28, x28, #0x8
000000010000fc3c	ldr	x1, [x28]
000000010000fc40	sub	x28, x28, #0x8
000000010000fc44	ldr	x0, [x28]
000000010000fc48	cmp	x0, x1
000000010000fc4c	b.eq	0x10000fc58
000000010000fc50	mov	x0, #0x1
000000010000fc54	b	0x10000fc5c
000000010000fc58	mov	x0, #0x0
000000010000fc5c	str	x0, [x28]
000000010000fc60	add	x28, x28, #0x8
000000010000fc64	sub	x28, x28, #0x8
000000010000fc68	ldr	x0, [x28]
000000010000fc6c	cmp	x0, #0x0
000000010000fc70	b.eq	0x10000fc7c
000000010000fc74	mov	x0, #0x1
000000010000fc78	b	0x10000fc80
000000010000fc7c	mov	x0, #0x0
000000010000fc80	str	x0, [x28]
000000010000fc84	add	x28, x28, #0x8
000000010000fc88	sub	x28, x28, #0x8
000000010000fc8c	ldr	x0, [x28]
000000010000fc90	cmp	x0, #0x0
000000010000fc94	b.eq	0x10000fccc
000000010000fc98	mov	x0, x29
000000010000fc9c	sub	x0, x0, #0x38
000000010000fca0	str	x0, [x28]
000000010000fca4	add	x28, x28, #0x8
000000010000fca8	bl	0x10000c064
000000010000fcac	str	x0, [x28]
000000010000fcb0	add	x28, x28, #0x8
000000010000fcb4	sub	x28, x28, #0x8
000000010000fcb8	ldr	x0, [x28]
000000010000fcbc	sub	x28, x28, #0x8
000000010000fcc0	ldr	x10, [x28]
000000010000fcc4	str	x0, [x10]
000000010000fcc8	b	0x10000fccc
000000010000fccc	ldur	x0, [x29, #-0x38]
000000010000fcd0	str	x0, [x28]
000000010000fcd4	add	x28, x28, #0x8
000000010000fcd8	sub	x28, x28, #0x8
000000010000fcdc	ldr	x0, [x28]
000000010000fce0	b	0x10000fce4
000000010000fce4	mov	sp, x29
000000010000fce8	ldr	x29, [sp]
000000010000fcec	ldr	x30, [sp, #0x8]
000000010000fcf0	ldr	x28, [sp, #0x10]
000000010000fcf4	add	sp, sp, #0x20
000000010000fcf8	ret
000000010000fcfc	sub	sp, sp, #0x20
000000010000fd00	str	x29, [sp]
000000010000fd04	str	x30, [sp, #0x8]
000000010000fd08	str	x28, [sp, #0x10]
000000010000fd0c	mov	x29, sp
000000010000fd10	sub	sp, sp, #0x1d0
000000010000fd14	mov	x28, sp
000000010000fd18	stur	x0, [x29, #-0x8]
000000010000fd1c	stur	x1, [x29, #-0x10]
000000010000fd20	stur	x2, [x29, #-0x18]
000000010000fd24	ldur	x0, [x29, #-0x18]
000000010000fd28	str	x0, [x28]
000000010000fd2c	add	x28, x28, #0x8
000000010000fd30	sub	x28, x28, #0x8
000000010000fd34	ldr	x10, [x28]
000000010000fd38	ldr	x0, [x10, #0x8]
000000010000fd3c	str	x0, [x28]
000000010000fd40	add	x28, x28, #0x8
000000010000fd44	mov	x0, #0x1
000000010000fd48	str	x0, [x28]
000000010000fd4c	add	x28, x28, #0x8
000000010000fd50	sub	x28, x28, #0x8
000000010000fd54	ldr	x1, [x28]
000000010000fd58	sub	x28, x28, #0x8
000000010000fd5c	ldr	x0, [x28]
000000010000fd60	cmp	x0, x1
000000010000fd64	b.ge	0x10000fd70
000000010000fd68	mov	x0, #0x1
000000010000fd6c	b	0x10000fd74
000000010000fd70	mov	x0, #0x0
000000010000fd74	str	x0, [x28]
000000010000fd78	add	x28, x28, #0x8
000000010000fd7c	sub	x28, x28, #0x8
000000010000fd80	ldr	x0, [x28]
000000010000fd84	cmp	x0, #0x0
000000010000fd88	b.ne	0x10000fdfc
000000010000fd8c	ldur	x0, [x29, #-0x18]
000000010000fd90	str	x0, [x28]
000000010000fd94	add	x28, x28, #0x8
000000010000fd98	sub	x28, x28, #0x8
000000010000fd9c	ldr	x10, [x28]
000000010000fda0	ldr	x0, [x10, #0x8]
000000010000fda4	str	x0, [x28]
000000010000fda8	add	x28, x28, #0x8
000000010000fdac	bl	0x10000c1e0
000000010000fdb0	str	x0, [x28]
000000010000fdb4	add	x28, x28, #0x8
000000010000fdb8	sub	x28, x28, #0x8
000000010000fdbc	ldr	x1, [x28]
000000010000fdc0	sub	x28, x28, #0x8
000000010000fdc4	ldr	x0, [x28]
000000010000fdc8	cmp	x0, x1
000000010000fdcc	b.le	0x10000fdd8
000000010000fdd0	mov	x0, #0x1
000000010000fdd4	b	0x10000fddc
000000010000fdd8	mov	x0, #0x0
000000010000fddc	str	x0, [x28]
000000010000fde0	add	x28, x28, #0x8
000000010000fde4	sub	x28, x28, #0x8
000000010000fde8	ldr	x0, [x28]
000000010000fdec	cmp	x0, #0x0
000000010000fdf0	b.ne	0x10000fdfc
000000010000fdf4	mov	x0, #0x0
000000010000fdf8	b	0x10000fe00
000000010000fdfc	mov	x0, #0x1
000000010000fe00	str	x0, [x28]
000000010000fe04	add	x28, x28, #0x8
000000010000fe08	sub	x28, x28, #0x8
000000010000fe0c	ldr	x0, [x28]
000000010000fe10	cmp	x0, #0x0
000000010000fe14	b.eq	0x10000fe34
000000010000fe18	bl	0x10000bfcc
000000010000fe1c	str	x0, [x28]
000000010000fe20	add	x28, x28, #0x8
000000010000fe24	sub	x28, x28, #0x8
000000010000fe28	ldr	x0, [x28]
000000010000fe2c	b	0x100010198
000000010000fe30	b	0x10000fe34
000000010000fe34	ldur	x0, [x29, #-0x8]
000000010000fe38	str	x0, [x28]
000000010000fe3c	add	x28, x28, #0x8
000000010000fe40	ldur	x0, [x29, #-0x10]
000000010000fe44	str	x0, [x28]
000000010000fe48	add	x28, x28, #0x8
000000010000fe4c	sub	x28, x28, #0x8
000000010000fe50	ldr	x11, [x28]
000000010000fe54	mov	x10, x29
000000010000fe58	sub	x10, x10, #0x30
000000010000fe5c	ldr	x9, [x11]
000000010000fe60	str	x9, [x10]
000000010000fe64	ldr	x9, [x11, #0x8]
000000010000fe68	str	x9, [x10, #0x8]
000000010000fe6c	mov	x0, x29
000000010000fe70	sub	x0, x0, #0x30
000000010000fe74	str	x0, [x28]
000000010000fe78	add	x28, x28, #0x8
000000010000fe7c	mov	x0, #0x0
000000010000fe80	str	x0, [x28]
000000010000fe84	add	x28, x28, #0x8
000000010000fe88	sub	x28, x28, #0x8
000000010000fe8c	ldr	x2, [x28]
000000010000fe90	sub	x28, x28, #0x8
000000010000fe94	ldr	x1, [x28]
000000010000fe98	sub	x28, x28, #0x8
000000010000fe9c	ldr	x0, [x28]
000000010000fea0	bl	0x10000f278
000000010000fea4	str	x0, [x28]
000000010000fea8	add	x28, x28, #0x8
000000010000feac	sub	x28, x28, #0x8
000000010000feb0	ldr	x0, [x28]
000000010000feb4	stur	x0, [x29, #-0x20]
000000010000feb8	ldur	x0, [x29, #-0x20]
000000010000febc	str	x0, [x28]
000000010000fec0	add	x28, x28, #0x8
000000010000fec4	mov	x0, #0x0
000000010000fec8	str	x0, [x28]
000000010000fecc	add	x28, x28, #0x8
000000010000fed0	sub	x28, x28, #0x8
000000010000fed4	ldr	x1, [x28]
000000010000fed8	sub	x28, x28, #0x8
000000010000fedc	ldr	x0, [x28]
000000010000fee0	cmp	x0, x1
000000010000fee4	b.ge	0x10000fef0
000000010000fee8	mov	x0, #0x1
000000010000feec	b	0x10000fef4
000000010000fef0	mov	x0, #0x0
000000010000fef4	str	x0, [x28]
000000010000fef8	add	x28, x28, #0x8
000000010000fefc	sub	x28, x28, #0x8
000000010000ff00	ldr	x0, [x28]
000000010000ff04	cmp	x0, #0x0
000000010000ff08	b.ne	0x10000ff7c
000000010000ff0c	ldur	x0, [x29, #-0x20]
000000010000ff10	str	x0, [x28]
000000010000ff14	add	x28, x28, #0x8
000000010000ff18	sub	x28, x28, #0x8
000000010000ff1c	ldr	x0, [x28]
000000010000ff20	bl	0x10000c230
000000010000ff24	str	x0, [x28]
000000010000ff28	add	x28, x28, #0x8
000000010000ff2c	mov	x0, #0x1
000000010000ff30	str	x0, [x28]
000000010000ff34	add	x28, x28, #0x8
000000010000ff38	sub	x28, x28, #0x8
000000010000ff3c	ldr	x1, [x28]
000000010000ff40	sub	x28, x28, #0x8
000000010000ff44	ldr	x0, [x28]
000000010000ff48	cmp	x0, x1
000000010000ff4c	b.ne	0x10000ff58
000000010000ff50	mov	x0, #0x1
000000010000ff54	b	0x10000ff5c
000000010000ff58	mov	x0, #0x0
000000010000ff5c	str	x0, [x28]
000000010000ff60	add	x28, x28, #0x8
000000010000ff64	sub	x28, x28, #0x8
000000010000ff68	ldr	x0, [x28]
000000010000ff6c	cmp	x0, #0x0
000000010000ff70	b.ne	0x10000ff7c
000000010000ff74	mov	x0, #0x0
000000010000ff78	b	0x10000ff80
000000010000ff7c	mov	x0, #0x1
000000010000ff80	str	x0, [x28]
000000010000ff84	add	x28, x28, #0x8
000000010000ff88	sub	x28, x28, #0x8
000000010000ff8c	ldr	x0, [x28]
000000010000ff90	cmp	x0, #0x0
000000010000ff94	b.eq	0x10000ffc8
000000010000ff98	ldur	x0, [x29, #-0x20]
000000010000ff9c	str	x0, [x28]
000000010000ffa0	add	x28, x28, #0x8
000000010000ffa4	sub	x28, x28, #0x8
000000010000ffa8	ldr	x0, [x28]
000000010000ffac	sxtw	x0, w0
000000010000ffb0	str	x0, [x28]
000000010000ffb4	add	x28, x28, #0x8
000000010000ffb8	sub	x28, x28, #0x8
000000010000ffbc	ldr	x0, [x28]
000000010000ffc0	b	0x100010198
000000010000ffc4	b	0x10000ffc8
000000010000ffc8	ldur	x0, [x29, #-0x20]
000000010000ffcc	str	x0, [x28]
000000010000ffd0	add	x28, x28, #0x8
000000010000ffd4	ldur	x0, [x29, #-0x18]
000000010000ffd8	str	x0, [x28]
000000010000ffdc	add	x28, x28, #0x8
000000010000ffe0	sub	x28, x28, #0x8
000000010000ffe4	ldr	x11, [x28]
000000010000ffe8	mov	x10, x29
000000010000ffec	sub	x10, x10, #0x48
000000010000fff0	ldr	x9, [x11]
000000010000fff4	str	x9, [x10]
000000010000fff8	ldr	x9, [x11, #0x8]
000000010000fffc	str	x9, [x10, #0x8]
0000000100010000	mov	x0, x29
0000000100010004	sub	x0, x0, #0x48
0000000100010008	str	x0, [x28]
000000010001000c	add	x28, x28, #0x8
0000000100010010	ldur	x0, [x29, #-0x18]
0000000100010014	str	x0, [x28]
0000000100010018	add	x28, x28, #0x8
000000010001001c	sub	x28, x28, #0x8
0000000100010020	ldr	x10, [x28]
0000000100010024	ldr	x0, [x10, #0x8]
0000000100010028	str	x0, [x28]
000000010001002c	add	x28, x28, #0x8
0000000100010030	sub	x28, x28, #0x8
0000000100010034	ldr	x2, [x28]
0000000100010038	sub	x28, x28, #0x8
000000010001003c	ldr	x1, [x28]
0000000100010040	sub	x28, x28, #0x8
0000000100010044	ldr	x0, [x28]
0000000100010048	bl	0x1000045bc
000000010001004c	str	x0, [x28]
0000000100010050	add	x28, x28, #0x8
0000000100010054	sub	x28, x28, #0x8
0000000100010058	ldr	x0, [x28]
000000010001005c	stur	x0, [x29, #-0x38]
0000000100010060	ldur	x0, [x29, #-0x20]
0000000100010064	str	x0, [x28]
0000000100010068	add	x28, x28, #0x8
000000010001006c	sub	x28, x28, #0x8
0000000100010070	ldr	x0, [x28]
0000000100010074	bl	0x1000026c4
0000000100010078	str	x0, [x28]
000000010001007c	add	x28, x28, #0x8
0000000100010080	sub	x28, x28, #0x8
0000000100010084	ldr	x0, [x28]
0000000100010088	stur	x0, [x29, #-0x50]
000000010001008c	ldur	x0, [x29, #-0x38]
0000000100010090	str	x0, [x28]
0000000100010094	add	x28, x28, #0x8
0000000100010098	mov	x0, #0x0
000000010001009c	str	x0, [x28]
00000001000100a0	add	x28, x28, #0x8
00000001000100a4	sub	x28, x28, #0x8
00000001000100a8	ldr	x1, [x28]
00000001000100ac	sub	x28, x28, #0x8
00000001000100b0	ldr	x0, [x28]
00000001000100b4	cmp	x0, x1
00000001000100b8	b.ge	0x1000100c4
00000001000100bc	mov	x0, #0x1
00000001000100c0	b	0x1000100c8
00000001000100c4	mov	x0, #0x0
00000001000100c8	str	x0, [x28]
00000001000100cc	add	x28, x28, #0x8
00000001000100d0	sub	x28, x28, #0x8
00000001000100d4	ldr	x0, [x28]
00000001000100d8	cmp	x0, #0x0
00000001000100dc	b.eq	0x1000100fc
00000001000100e0	bl	0x10000c0b0
00000001000100e4	str	x0, [x28]
00000001000100e8	add	x28, x28, #0x8
00000001000100ec	sub	x28, x28, #0x8
00000001000100f0	ldr	x0, [x28]
00000001000100f4	b	0x100010198
00000001000100f8	b	0x1000100fc
00000001000100fc	ldur	x0, [x29, #-0x50]
0000000100010100	str	x0, [x28]
0000000100010104	add	x28, x28, #0x8
0000000100010108	mov	x0, #0x0
000000010001010c	str	x0, [x28]
0000000100010110	add	x28, x28, #0x8
0000000100010114	sub	x28, x28, #0x8
0000000100010118	ldr	x1, [x28]
000000010001011c	sub	x28, x28, #0x8
0000000100010120	ldr	x0, [x28]
0000000100010124	cmp	x0, x1
0000000100010128	b.eq	0x100010134
000000010001012c	mov	x0, #0x1
0000000100010130	b	0x100010138
0000000100010134	mov	x0, #0x0
0000000100010138	str	x0, [x28]
000000010001013c	add	x28, x28, #0x8
0000000100010140	sub	x28, x28, #0x8
0000000100010144	ldr	x0, [x28]
0000000100010148	cmp	x0, #0x0
000000010001014c	b.eq	0x10001016c
0000000100010150	bl	0x10000c064
0000000100010154	str	x0, [x28]
0000000100010158	add	x28, x28, #0x8
000000010001015c	sub	x28, x28, #0x8
0000000100010160	ldr	x0, [x28]
0000000100010164	b	0x100010198
0000000100010168	b	0x10001016c
000000010001016c	ldur	x0, [x29, #-0x38]
0000000100010170	str	x0, [x28]
0000000100010174	add	x28, x28, #0x8
0000000100010178	sub	x28, x28, #0x8
000000010001017c	ldr	x0, [x28]
0000000100010180	sxtw	x0, w0
0000000100010184	str	x0, [x28]
0000000100010188	add	x28, x28, #0x8
000000010001018c	sub	x28, x28, #0x8
0000000100010190	ldr	x0, [x28]
0000000100010194	b	0x100010198
0000000100010198	mov	sp, x29
000000010001019c	ldr	x29, [sp]
00000001000101a0	ldr	x30, [sp, #0x8]
00000001000101a4	ldr	x28, [sp, #0x10]
00000001000101a8	add	sp, sp, #0x20
00000001000101ac	ret
00000001000101b0	sub	sp, sp, #0x20
00000001000101b4	str	x29, [sp]
00000001000101b8	str	x30, [sp, #0x8]
00000001000101bc	str	x28, [sp, #0x10]
00000001000101c0	mov	x29, sp
00000001000101c4	sub	sp, sp, #0x1e0
00000001000101c8	mov	x28, sp
00000001000101cc	stur	x8, [x29, #-0x8]
00000001000101d0	mov	x0, #0x90
00000001000101d4	str	x0, [x28]
00000001000101d8	add	x28, x28, #0x8
00000001000101dc	sub	x28, x28, #0x8
00000001000101e0	ldr	x0, [x28]
00000001000101e4	bl	0x100017aa0
00000001000101e8	str	x0, [x28]
00000001000101ec	add	x28, x28, #0x8
00000001000101f0	sub	x28, x28, #0x8
00000001000101f4	ldr	x0, [x28]
00000001000101f8	stur	x0, [x29, #-0x10]
00000001000101fc	ldur	x0, [x29, #-0x10]
0000000100010200	str	x0, [x28]
0000000100010204	add	x28, x28, #0x8
0000000100010208	mov	x0, #0x0
000000010001020c	str	x0, [x28]
0000000100010210	add	x28, x28, #0x8
0000000100010214	sub	x28, x28, #0x8
0000000100010218	ldr	x1, [x28]
000000010001021c	sub	x28, x28, #0x8
0000000100010220	ldr	x0, [x28]
0000000100010224	cmp	x0, x1
0000000100010228	b.ne	0x100010234
000000010001022c	mov	x0, #0x1
0000000100010230	b	0x100010238
0000000100010234	mov	x0, #0x0
0000000100010238	str	x0, [x28]
000000010001023c	add	x28, x28, #0x8
0000000100010240	sub	x28, x28, #0x8
0000000100010244	ldr	x0, [x28]
0000000100010248	cmp	x0, #0x0
000000010001024c	b.eq	0x100010300
0000000100010250	bl	0x10000c064
0000000100010254	str	x0, [x28]
0000000100010258	add	x28, x28, #0x8
000000010001025c	sub	x28, x28, #0x8
0000000100010260	ldr	x0, [x28]
0000000100010264	stur	x0, [x29, #-0x28]
0000000100010268	mov	x0, #0x1
000000010001026c	str	x0, [x28]
0000000100010270	add	x28, x28, #0x8
0000000100010274	sub	x28, x28, #0x8
0000000100010278	ldr	x0, [x28]
000000010001027c	neg	x0, x0
0000000100010280	str	x0, [x28]
0000000100010284	add	x28, x28, #0x8
0000000100010288	sub	x28, x28, #0x8
000000010001028c	ldr	x0, [x28]
0000000100010290	stur	x0, [x29, #-0x20]
0000000100010294	mov	x0, #0x1
0000000100010298	str	x0, [x28]
000000010001029c	add	x28, x28, #0x8
00000001000102a0	sub	x28, x28, #0x8
00000001000102a4	ldr	x0, [x28]
00000001000102a8	neg	x0, x0
00000001000102ac	str	x0, [x28]
00000001000102b0	add	x28, x28, #0x8
00000001000102b4	sub	x28, x28, #0x8
00000001000102b8	ldr	x0, [x28]
00000001000102bc	stur	x0, [x29, #-0x18]
00000001000102c0	mov	x0, x29
00000001000102c4	sub	x0, x0, #0x28
00000001000102c8	str	x0, [x28]
00000001000102cc	add	x28, x28, #0x8
00000001000102d0	sub	x28, x28, #0x8
00000001000102d4	ldr	x11, [x28]
00000001000102d8	ldur	x10, [x29, #-0x8]
00000001000102dc	ldr	x9, [x11]
00000001000102e0	str	x9, [x10]
00000001000102e4	ldr	x9, [x11, #0x8]
00000001000102e8	str	x9, [x10, #0x8]
00000001000102ec	ldr	x9, [x11, #0x10]
00000001000102f0	str	x9, [x10, #0x10]
00000001000102f4	mov	x0, x10
00000001000102f8	b	0x100010790
00000001000102fc	b	0x100010300
0000000100010300	mov	x0, #0x0
0000000100010304	str	x0, [x28]
0000000100010308	add	x28, x28, #0x8
000000010001030c	ldur	x0, [x29, #-0x10]
0000000100010310	str	x0, [x28]
0000000100010314	add	x28, x28, #0x8
0000000100010318	mov	x0, #0x0
000000010001031c	str	x0, [x28]
0000000100010320	add	x28, x28, #0x8
0000000100010324	mov	x0, #0x0
0000000100010328	str	x0, [x28]
000000010001032c	add	x28, x28, #0x8
0000000100010330	mov	x0, #0x0
0000000100010334	str	x0, [x28]
0000000100010338	add	x28, x28, #0x8
000000010001033c	mov	x0, #0x0
0000000100010340	str	x0, [x28]
0000000100010344	add	x28, x28, #0x8
0000000100010348	sub	x28, x28, #0x8
000000010001034c	ldr	x5, [x28]
0000000100010350	sub	x28, x28, #0x8
0000000100010354	ldr	x4, [x28]
0000000100010358	sub	x28, x28, #0x8
000000010001035c	ldr	x3, [x28]
0000000100010360	sub	x28, x28, #0x8
0000000100010364	ldr	x2, [x28]
0000000100010368	sub	x28, x28, #0x8
000000010001036c	ldr	x1, [x28]
0000000100010370	sub	x28, x28, #0x8
0000000100010374	ldr	x0, [x28]
0000000100010378	mov	x16, #0x75
000000010001037c	svc	#0x80
0000000100010380	b.lo	0x100010388
0000000100010384	neg	x0, x0
0000000100010388	str	x0, [x28]
000000010001038c	add	x28, x28, #0x8
0000000100010390	sub	x28, x28, #0x8
0000000100010394	ldr	x0, [x28]
0000000100010398	stur	x0, [x29, #-0x30]
000000010001039c	mov	x0, #0x1
00000001000103a0	str	x0, [x28]
00000001000103a4	add	x28, x28, #0x8
00000001000103a8	sub	x28, x28, #0x8
00000001000103ac	ldr	x0, [x28]
00000001000103b0	neg	x0, x0
00000001000103b4	str	x0, [x28]
00000001000103b8	add	x28, x28, #0x8
00000001000103bc	sub	x28, x28, #0x8
00000001000103c0	ldr	x0, [x28]
00000001000103c4	stur	x0, [x29, #-0x38]
00000001000103c8	mov	x0, #0x1
00000001000103cc	str	x0, [x28]
00000001000103d0	add	x28, x28, #0x8
00000001000103d4	sub	x28, x28, #0x8
00000001000103d8	ldr	x0, [x28]
00000001000103dc	neg	x0, x0
00000001000103e0	str	x0, [x28]
00000001000103e4	add	x28, x28, #0x8
00000001000103e8	sub	x28, x28, #0x8
00000001000103ec	ldr	x0, [x28]
00000001000103f0	stur	x0, [x29, #-0x40]
00000001000103f4	ldur	x0, [x29, #-0x30]
00000001000103f8	str	x0, [x28]
00000001000103fc	add	x28, x28, #0x8
0000000100010400	mov	x0, #0x0
0000000100010404	str	x0, [x28]
0000000100010408	add	x28, x28, #0x8
000000010001040c	sub	x28, x28, #0x8
0000000100010410	ldr	x1, [x28]
0000000100010414	sub	x28, x28, #0x8
0000000100010418	ldr	x0, [x28]
000000010001041c	cmp	x0, x1
0000000100010420	b.ne	0x10001042c
0000000100010424	mov	x0, #0x1
0000000100010428	b	0x100010430
000000010001042c	mov	x0, #0x0
0000000100010430	str	x0, [x28]
0000000100010434	add	x28, x28, #0x8
0000000100010438	sub	x28, x28, #0x8
000000010001043c	ldr	x0, [x28]
0000000100010440	cmp	x0, #0x0
0000000100010444	b.eq	0x1000106d0
0000000100010448	mov	x0, x29
000000010001044c	sub	x0, x0, #0x38
0000000100010450	str	x0, [x28]
0000000100010454	add	x28, x28, #0x8
0000000100010458	ldur	x0, [x29, #-0x10]
000000010001045c	str	x0, [x28]
0000000100010460	add	x28, x28, #0x8
0000000100010464	mov	x0, #0x0
0000000100010468	str	x0, [x28]
000000010001046c	add	x28, x28, #0x8
0000000100010470	sub	x28, x28, #0x8
0000000100010474	ldr	x1, [x28]
0000000100010478	sub	x28, x28, #0x8
000000010001047c	ldr	x0, [x28]
0000000100010480	mov	x9, #0x8
0000000100010484	mul	x1, x1, x9
0000000100010488	add	x0, x0, x1
000000010001048c	str	x0, [x28]
0000000100010490	add	x28, x28, #0x8
0000000100010494	sub	x28, x28, #0x8
0000000100010498	ldr	x10, [x28]
000000010001049c	ldr	x0, [x10]
00000001000104a0	str	x0, [x28]
00000001000104a4	add	x28, x28, #0x8
00000001000104a8	mov	x0, #0x4240
00000001000104ac	movk	x0, #0xf, lsl #16
00000001000104b0	str	x0, [x28]
00000001000104b4	add	x28, x28, #0x8
00000001000104b8	sub	x28, x28, #0x8
00000001000104bc	ldr	x1, [x28]
00000001000104c0	sub	x28, x28, #0x8
00000001000104c4	ldr	x0, [x28]
00000001000104c8	mul	x0, x0, x1
00000001000104cc	str	x0, [x28]
00000001000104d0	add	x28, x28, #0x8
00000001000104d4	ldur	x0, [x29, #-0x10]
00000001000104d8	str	x0, [x28]
00000001000104dc	add	x28, x28, #0x8
00000001000104e0	mov	x0, #0x1
00000001000104e4	str	x0, [x28]
00000001000104e8	add	x28, x28, #0x8
00000001000104ec	sub	x28, x28, #0x8
00000001000104f0	ldr	x1, [x28]
00000001000104f4	sub	x28, x28, #0x8
00000001000104f8	ldr	x0, [x28]
00000001000104fc	mov	x9, #0x8
0000000100010500	mul	x1, x1, x9
0000000100010504	add	x0, x0, x1
0000000100010508	str	x0, [x28]
000000010001050c	add	x28, x28, #0x8
0000000100010510	sub	x28, x28, #0x8
0000000100010514	ldr	x10, [x28]
0000000100010518	ldr	x0, [x10]
000000010001051c	str	x0, [x28]
0000000100010520	add	x28, x28, #0x8
0000000100010524	sub	x28, x28, #0x8
0000000100010528	ldr	x1, [x28]
000000010001052c	sub	x28, x28, #0x8
0000000100010530	ldr	x0, [x28]
0000000100010534	add	x0, x0, x1
0000000100010538	str	x0, [x28]
000000010001053c	add	x28, x28, #0x8
0000000100010540	ldur	x0, [x29, #-0x10]
0000000100010544	str	x0, [x28]
0000000100010548	add	x28, x28, #0x8
000000010001054c	mov	x0, #0x2
0000000100010550	str	x0, [x28]
0000000100010554	add	x28, x28, #0x8
0000000100010558	sub	x28, x28, #0x8
000000010001055c	ldr	x1, [x28]
0000000100010560	sub	x28, x28, #0x8
0000000100010564	ldr	x0, [x28]
0000000100010568	mov	x9, #0x8
000000010001056c	mul	x1, x1, x9
0000000100010570	add	x0, x0, x1
0000000100010574	str	x0, [x28]
0000000100010578	add	x28, x28, #0x8
000000010001057c	sub	x28, x28, #0x8
0000000100010580	ldr	x10, [x28]
0000000100010584	ldr	x0, [x10]
0000000100010588	str	x0, [x28]
000000010001058c	add	x28, x28, #0x8
0000000100010590	mov	x0, #0x4240
0000000100010594	movk	x0, #0xf, lsl #16
0000000100010598	str	x0, [x28]
000000010001059c	add	x28, x28, #0x8
00000001000105a0	sub	x28, x28, #0x8
00000001000105a4	ldr	x1, [x28]
00000001000105a8	sub	x28, x28, #0x8
00000001000105ac	ldr	x0, [x28]
00000001000105b0	mul	x0, x0, x1
00000001000105b4	str	x0, [x28]
00000001000105b8	add	x28, x28, #0x8
00000001000105bc	sub	x28, x28, #0x8
00000001000105c0	ldr	x1, [x28]
00000001000105c4	sub	x28, x28, #0x8
00000001000105c8	ldr	x0, [x28]
00000001000105cc	add	x0, x0, x1
00000001000105d0	str	x0, [x28]
00000001000105d4	add	x28, x28, #0x8
00000001000105d8	ldur	x0, [x29, #-0x10]
00000001000105dc	str	x0, [x28]
00000001000105e0	add	x28, x28, #0x8
00000001000105e4	mov	x0, #0x3
00000001000105e8	str	x0, [x28]
00000001000105ec	add	x28, x28, #0x8
00000001000105f0	sub	x28, x28, #0x8
00000001000105f4	ldr	x1, [x28]
00000001000105f8	sub	x28, x28, #0x8
00000001000105fc	ldr	x0, [x28]
0000000100010600	mov	x9, #0x8
0000000100010604	mul	x1, x1, x9
0000000100010608	add	x0, x0, x1
000000010001060c	str	x0, [x28]
0000000100010610	add	x28, x28, #0x8
0000000100010614	sub	x28, x28, #0x8
0000000100010618	ldr	x10, [x28]
000000010001061c	ldr	x0, [x10]
0000000100010620	str	x0, [x28]
0000000100010624	add	x28, x28, #0x8
0000000100010628	sub	x28, x28, #0x8
000000010001062c	ldr	x1, [x28]
0000000100010630	sub	x28, x28, #0x8
0000000100010634	ldr	x0, [x28]
0000000100010638	add	x0, x0, x1
000000010001063c	str	x0, [x28]
0000000100010640	add	x28, x28, #0x8
0000000100010644	sub	x28, x28, #0x8
0000000100010648	ldr	x0, [x28]
000000010001064c	sub	x28, x28, #0x8
0000000100010650	ldr	x10, [x28]
0000000100010654	str	x0, [x10]
0000000100010658	mov	x0, x29
000000010001065c	sub	x0, x0, #0x40
0000000100010660	str	x0, [x28]
0000000100010664	add	x28, x28, #0x8
0000000100010668	ldur	x0, [x29, #-0x10]
000000010001066c	str	x0, [x28]
0000000100010670	add	x28, x28, #0x8
0000000100010674	mov	x0, #0x4
0000000100010678	str	x0, [x28]
000000010001067c	add	x28, x28, #0x8
0000000100010680	sub	x28, x28, #0x8
0000000100010684	ldr	x1, [x28]
0000000100010688	sub	x28, x28, #0x8
000000010001068c	ldr	x0, [x28]
0000000100010690	mov	x9, #0x8
0000000100010694	mul	x1, x1, x9
0000000100010698	add	x0, x0, x1
000000010001069c	str	x0, [x28]
00000001000106a0	add	x28, x28, #0x8
00000001000106a4	sub	x28, x28, #0x8
00000001000106a8	ldr	x10, [x28]
00000001000106ac	ldr	x0, [x10]
00000001000106b0	str	x0, [x28]
00000001000106b4	add	x28, x28, #0x8
00000001000106b8	sub	x28, x28, #0x8
00000001000106bc	ldr	x0, [x28]
00000001000106c0	sub	x28, x28, #0x8
00000001000106c4	ldr	x10, [x28]
00000001000106c8	str	x0, [x10]
00000001000106cc	b	0x1000106d0
00000001000106d0	ldur	x0, [x29, #-0x10]
00000001000106d4	str	x0, [x28]
00000001000106d8	add	x28, x28, #0x8
00000001000106dc	sub	x28, x28, #0x8
00000001000106e0	ldr	x0, [x28]
00000001000106e4	mov	x0, #0x0
00000001000106e8	str	x0, [x28]
00000001000106ec	add	x28, x28, #0x8
00000001000106f0	sub	x28, x28, #0x8
00000001000106f4	ldr	x0, [x28]
00000001000106f8	ldur	x0, [x29, #-0x30]
00000001000106fc	str	x0, [x28]
0000000100010700	add	x28, x28, #0x8
0000000100010704	sub	x28, x28, #0x8
0000000100010708	ldr	x0, [x28]
000000010001070c	bl	0x10000de78
0000000100010710	str	x0, [x28]
0000000100010714	add	x28, x28, #0x8
0000000100010718	sub	x28, x28, #0x8
000000010001071c	ldr	x0, [x28]
0000000100010720	stur	x0, [x29, #-0x58]
0000000100010724	ldur	x0, [x29, #-0x38]
0000000100010728	str	x0, [x28]
000000010001072c	add	x28, x28, #0x8
0000000100010730	sub	x28, x28, #0x8
0000000100010734	ldr	x0, [x28]
0000000100010738	stur	x0, [x29, #-0x50]
000000010001073c	ldur	x0, [x29, #-0x40]
0000000100010740	str	x0, [x28]
0000000100010744	add	x28, x28, #0x8
0000000100010748	sub	x28, x28, #0x8
000000010001074c	ldr	x0, [x28]
0000000100010750	stur	x0, [x29, #-0x48]
0000000100010754	mov	x0, x29
0000000100010758	sub	x0, x0, #0x58
000000010001075c	str	x0, [x28]
0000000100010760	add	x28, x28, #0x8
0000000100010764	sub	x28, x28, #0x8
0000000100010768	ldr	x11, [x28]
000000010001076c	ldur	x10, [x29, #-0x8]
0000000100010770	ldr	x9, [x11]
0000000100010774	str	x9, [x10]
0000000100010778	ldr	x9, [x11, #0x8]
000000010001077c	str	x9, [x10, #0x8]
0000000100010780	ldr	x9, [x11, #0x10]
0000000100010784	str	x9, [x10, #0x10]
0000000100010788	mov	x0, x10
000000010001078c	b	0x100010790
0000000100010790	mov	sp, x29
0000000100010794	ldr	x29, [sp]
0000000100010798	ldr	x30, [sp, #0x8]
000000010001079c	ldr	x28, [sp, #0x10]
00000001000107a0	add	sp, sp, #0x20
00000001000107a4	ret
00000001000107a8	sub	sp, sp, #0x20
00000001000107ac	str	x29, [sp]
00000001000107b0	str	x30, [sp, #0x8]
00000001000107b4	str	x28, [sp, #0x10]
00000001000107b8	mov	x29, sp
00000001000107bc	sub	sp, sp, #0x180
00000001000107c0	mov	x28, sp
00000001000107c4	mov	x0, #0x14
00000001000107c8	str	x0, [x28]
00000001000107cc	add	x28, x28, #0x8
00000001000107d0	sub	x28, x28, #0x8
00000001000107d4	ldr	x0, [x28]
00000001000107d8	bl	0x1000059b0
00000001000107dc	str	x0, [x28]
00000001000107e0	add	x28, x28, #0x8
00000001000107e4	mov	x0, #0x0
00000001000107e8	str	x0, [x28]
00000001000107ec	add	x28, x28, #0x8
00000001000107f0	sub	x28, x28, #0x8
00000001000107f4	ldr	x1, [x28]
00000001000107f8	sub	x28, x28, #0x8
00000001000107fc	ldr	x0, [x28]
0000000100010800	cmp	x0, x1
0000000100010804	b.eq	0x100010810
0000000100010808	mov	x0, #0x1
000000010001080c	b	0x100010814
0000000100010810	mov	x0, #0x0
0000000100010814	str	x0, [x28]
0000000100010818	add	x28, x28, #0x8
000000010001081c	sub	x28, x28, #0x8
0000000100010820	ldr	x0, [x28]
0000000100010824	cmp	x0, #0x0
0000000100010828	b.eq	0x100010848
000000010001082c	bl	0x10000c064
0000000100010830	str	x0, [x28]
0000000100010834	add	x28, x28, #0x8
0000000100010838	sub	x28, x28, #0x8
000000010001083c	ldr	x0, [x28]
0000000100010840	b	0x100010860
0000000100010844	b	0x100010848
0000000100010848	mov	x0, #0x0
000000010001084c	str	x0, [x28]
0000000100010850	add	x28, x28, #0x8
0000000100010854	sub	x28, x28, #0x8
0000000100010858	ldr	x0, [x28]
000000010001085c	b	0x100010860
0000000100010860	mov	sp, x29
0000000100010864	ldr	x29, [sp]
0000000100010868	ldr	x30, [sp, #0x8]
000000010001086c	ldr	x28, [sp, #0x10]
0000000100010870	add	sp, sp, #0x20
0000000100010874	ret
0000000100010878	sub	sp, sp, #0x20
000000010001087c	str	x29, [sp]
0000000100010880	str	x30, [sp, #0x8]
0000000100010884	str	x28, [sp, #0x10]
0000000100010888	mov	x29, sp
000000010001088c	sub	sp, sp, #0x180
0000000100010890	mov	x28, sp
0000000100010894	mov	x0, #0xc
0000000100010898	str	x0, [x28]
000000010001089c	add	x28, x28, #0x8
00000001000108a0	sub	x28, x28, #0x8
00000001000108a4	ldr	x0, [x28]
00000001000108a8	b	0x1000108ac
00000001000108ac	mov	sp, x29
00000001000108b0	ldr	x29, [sp]
00000001000108b4	ldr	x30, [sp, #0x8]
00000001000108b8	ldr	x28, [sp, #0x10]
00000001000108bc	add	sp, sp, #0x20
00000001000108c0	ret
00000001000108c4	sub	sp, sp, #0x20
00000001000108c8	str	x29, [sp]
00000001000108cc	str	x30, [sp, #0x8]
00000001000108d0	str	x28, [sp, #0x10]
00000001000108d4	mov	x29, sp
00000001000108d8	sub	sp, sp, #0x180
00000001000108dc	mov	x28, sp
00000001000108e0	mov	x0, #0x70
00000001000108e4	str	x0, [x28]
00000001000108e8	add	x28, x28, #0x8
00000001000108ec	sub	x28, x28, #0x8
00000001000108f0	ldr	x0, [x28]
00000001000108f4	b	0x1000108f8
00000001000108f8	mov	sp, x29
00000001000108fc	ldr	x29, [sp]
0000000100010900	ldr	x30, [sp, #0x8]
0000000100010904	ldr	x28, [sp, #0x10]
0000000100010908	add	sp, sp, #0x20
000000010001090c	ret
0000000100010910	sub	sp, sp, #0x20
0000000100010914	str	x29, [sp]
0000000100010918	str	x30, [sp, #0x8]
000000010001091c	str	x28, [sp, #0x10]
0000000100010920	mov	x29, sp
0000000100010924	sub	sp, sp, #0x2e0
0000000100010928	mov	x28, sp
000000010001092c	stur	x0, [x29, #-0x8]
0000000100010930	stur	x1, [x29, #-0x10]
0000000100010934	stur	x2, [x29, #-0x18]
0000000100010938	stur	x3, [x29, #-0x20]
000000010001093c	ldur	x0, [x29, #-0x8]
0000000100010940	str	x0, [x28]
0000000100010944	add	x28, x28, #0x8
0000000100010948	sub	x28, x28, #0x8
000000010001094c	ldr	x10, [x28]
0000000100010950	ldr	x0, [x10, #0x8]
0000000100010954	str	x0, [x28]
0000000100010958	add	x28, x28, #0x8
000000010001095c	mov	x0, #0x100
0000000100010960	str	x0, [x28]
0000000100010964	add	x28, x28, #0x8
0000000100010968	sub	x28, x28, #0x8
000000010001096c	ldr	x1, [x28]
0000000100010970	sub	x28, x28, #0x8
0000000100010974	ldr	x0, [x28]
0000000100010978	cmp	x0, x1
000000010001097c	b.ge	0x100010988
0000000100010980	mov	x0, #0x1
0000000100010984	b	0x10001098c
0000000100010988	mov	x0, #0x0
000000010001098c	str	x0, [x28]
0000000100010990	add	x28, x28, #0x8
0000000100010994	sub	x28, x28, #0x8
0000000100010998	ldr	x0, [x28]
000000010001099c	cmp	x0, #0x0
00000001000109a0	b.ne	0x100010a14
00000001000109a4	ldur	x0, [x29, #-0x8]
00000001000109a8	str	x0, [x28]
00000001000109ac	add	x28, x28, #0x8
00000001000109b0	sub	x28, x28, #0x8
00000001000109b4	ldr	x10, [x28]
00000001000109b8	ldr	x0, [x10, #0x8]
00000001000109bc	str	x0, [x28]
00000001000109c0	add	x28, x28, #0x8
00000001000109c4	bl	0x10000c1e0
00000001000109c8	str	x0, [x28]
00000001000109cc	add	x28, x28, #0x8
00000001000109d0	sub	x28, x28, #0x8
00000001000109d4	ldr	x1, [x28]
00000001000109d8	sub	x28, x28, #0x8
00000001000109dc	ldr	x0, [x28]
00000001000109e0	cmp	x0, x1
00000001000109e4	b.le	0x1000109f0
00000001000109e8	mov	x0, #0x1
00000001000109ec	b	0x1000109f4
00000001000109f0	mov	x0, #0x0
00000001000109f4	str	x0, [x28]
00000001000109f8	add	x28, x28, #0x8
00000001000109fc	sub	x28, x28, #0x8
0000000100010a00	ldr	x0, [x28]
0000000100010a04	cmp	x0, #0x0
0000000100010a08	b.ne	0x100010a14
0000000100010a0c	mov	x0, #0x0
0000000100010a10	b	0x100010a18
0000000100010a14	mov	x0, #0x1
0000000100010a18	str	x0, [x28]
0000000100010a1c	add	x28, x28, #0x8
0000000100010a20	sub	x28, x28, #0x8
0000000100010a24	ldr	x0, [x28]
0000000100010a28	cmp	x0, #0x0
0000000100010a2c	b.ne	0x100010a8c
0000000100010a30	ldur	x0, [x29, #-0x10]
0000000100010a34	str	x0, [x28]
0000000100010a38	add	x28, x28, #0x8
0000000100010a3c	mov	x0, #0x1
0000000100010a40	str	x0, [x28]
0000000100010a44	add	x28, x28, #0x8
0000000100010a48	sub	x28, x28, #0x8
0000000100010a4c	ldr	x1, [x28]
0000000100010a50	sub	x28, x28, #0x8
0000000100010a54	ldr	x0, [x28]
0000000100010a58	cmp	x0, x1
0000000100010a5c	b.ge	0x100010a68
0000000100010a60	mov	x0, #0x1
0000000100010a64	b	0x100010a6c
0000000100010a68	mov	x0, #0x0
0000000100010a6c	str	x0, [x28]
0000000100010a70	add	x28, x28, #0x8
0000000100010a74	sub	x28, x28, #0x8
0000000100010a78	ldr	x0, [x28]
0000000100010a7c	cmp	x0, #0x0
0000000100010a80	b.ne	0x100010a8c
0000000100010a84	mov	x0, #0x0
0000000100010a88	b	0x100010a90
0000000100010a8c	mov	x0, #0x1
0000000100010a90	str	x0, [x28]
0000000100010a94	add	x28, x28, #0x8
0000000100010a98	sub	x28, x28, #0x8
0000000100010a9c	ldr	x0, [x28]
0000000100010aa0	cmp	x0, #0x0
0000000100010aa4	b.ne	0x100010b18
0000000100010aa8	ldur	x0, [x29, #-0x18]
0000000100010aac	str	x0, [x28]
0000000100010ab0	add	x28, x28, #0x8
0000000100010ab4	sub	x28, x28, #0x8
0000000100010ab8	ldr	x10, [x28]
0000000100010abc	ldr	x0, [x10, #0x8]
0000000100010ac0	str	x0, [x28]
0000000100010ac4	add	x28, x28, #0x8
0000000100010ac8	mov	x0, #0x20
0000000100010acc	str	x0, [x28]
0000000100010ad0	add	x28, x28, #0x8
0000000100010ad4	sub	x28, x28, #0x8
0000000100010ad8	ldr	x1, [x28]
0000000100010adc	sub	x28, x28, #0x8
0000000100010ae0	ldr	x0, [x28]
0000000100010ae4	cmp	x0, x1
0000000100010ae8	b.eq	0x100010af4
0000000100010aec	mov	x0, #0x1
0000000100010af0	b	0x100010af8
0000000100010af4	mov	x0, #0x0
0000000100010af8	str	x0, [x28]
0000000100010afc	add	x28, x28, #0x8
0000000100010b00	sub	x28, x28, #0x8
0000000100010b04	ldr	x0, [x28]
0000000100010b08	cmp	x0, #0x0
0000000100010b0c	b.ne	0x100010b18
0000000100010b10	mov	x0, #0x0
0000000100010b14	b	0x100010b1c
0000000100010b18	mov	x0, #0x1
0000000100010b1c	str	x0, [x28]
0000000100010b20	add	x28, x28, #0x8
0000000100010b24	sub	x28, x28, #0x8
0000000100010b28	ldr	x0, [x28]
0000000100010b2c	cmp	x0, #0x0
0000000100010b30	b.ne	0x100010ba4
0000000100010b34	ldur	x0, [x29, #-0x20]
0000000100010b38	str	x0, [x28]
0000000100010b3c	add	x28, x28, #0x8
0000000100010b40	sub	x28, x28, #0x8
0000000100010b44	ldr	x10, [x28]
0000000100010b48	ldr	x0, [x10, #0x8]
0000000100010b4c	str	x0, [x28]
0000000100010b50	add	x28, x28, #0x8
0000000100010b54	mov	x0, #0x20
0000000100010b58	str	x0, [x28]
0000000100010b5c	add	x28, x28, #0x8
0000000100010b60	sub	x28, x28, #0x8
0000000100010b64	ldr	x1, [x28]
0000000100010b68	sub	x28, x28, #0x8
0000000100010b6c	ldr	x0, [x28]
0000000100010b70	cmp	x0, x1
0000000100010b74	b.eq	0x100010b80
0000000100010b78	mov	x0, #0x1
0000000100010b7c	b	0x100010b84
0000000100010b80	mov	x0, #0x0
0000000100010b84	str	x0, [x28]
0000000100010b88	add	x28, x28, #0x8
0000000100010b8c	sub	x28, x28, #0x8
0000000100010b90	ldr	x0, [x28]
0000000100010b94	cmp	x0, #0x0
0000000100010b98	b.ne	0x100010ba4
0000000100010b9c	mov	x0, #0x0
0000000100010ba0	b	0x100010ba8
0000000100010ba4	mov	x0, #0x1
0000000100010ba8	str	x0, [x28]
0000000100010bac	add	x28, x28, #0x8
0000000100010bb0	sub	x28, x28, #0x8
0000000100010bb4	ldr	x0, [x28]
0000000100010bb8	cmp	x0, #0x0
0000000100010bbc	b.ne	0x100010c60
0000000100010bc0	ldur	x0, [x29, #-0x18]
0000000100010bc4	str	x0, [x28]
0000000100010bc8	add	x28, x28, #0x8
0000000100010bcc	sub	x28, x28, #0x8
0000000100010bd0	ldr	x11, [x28]
0000000100010bd4	mov	x10, x29
0000000100010bd8	sub	x10, x10, #0x30
0000000100010bdc	ldr	x9, [x11]
0000000100010be0	str	x9, [x10]
0000000100010be4	ldr	x9, [x11, #0x8]
0000000100010be8	str	x9, [x10, #0x8]
0000000100010bec	mov	x0, x29
0000000100010bf0	sub	x0, x0, #0x30
0000000100010bf4	str	x0, [x28]
0000000100010bf8	add	x28, x28, #0x8
0000000100010bfc	sub	x28, x28, #0x8
0000000100010c00	ldr	x0, [x28]
0000000100010c04	bl	0x10000cf84
0000000100010c08	str	x0, [x28]
0000000100010c0c	add	x28, x28, #0x8
0000000100010c10	mov	x0, #0x1
0000000100010c14	str	x0, [x28]
0000000100010c18	add	x28, x28, #0x8
0000000100010c1c	sub	x28, x28, #0x8
0000000100010c20	ldr	x1, [x28]
0000000100010c24	sub	x28, x28, #0x8
0000000100010c28	ldr	x0, [x28]
0000000100010c2c	cmp	x0, x1
0000000100010c30	b.ne	0x100010c3c
0000000100010c34	mov	x0, #0x1
0000000100010c38	b	0x100010c40
0000000100010c3c	mov	x0, #0x0
0000000100010c40	str	x0, [x28]
0000000100010c44	add	x28, x28, #0x8
0000000100010c48	sub	x28, x28, #0x8
0000000100010c4c	ldr	x0, [x28]
0000000100010c50	cmp	x0, #0x0
0000000100010c54	b.ne	0x100010c60
0000000100010c58	mov	x0, #0x0
0000000100010c5c	b	0x100010c64
0000000100010c60	mov	x0, #0x1
0000000100010c64	str	x0, [x28]
0000000100010c68	add	x28, x28, #0x8
0000000100010c6c	sub	x28, x28, #0x8
0000000100010c70	ldr	x0, [x28]
0000000100010c74	cmp	x0, #0x0
0000000100010c78	b.ne	0x100010d60
0000000100010c7c	ldur	x0, [x29, #-0x8]
0000000100010c80	str	x0, [x28]
0000000100010c84	add	x28, x28, #0x8
0000000100010c88	sub	x28, x28, #0x8
0000000100010c8c	ldr	x11, [x28]
0000000100010c90	mov	x10, x29
0000000100010c94	sub	x10, x10, #0x40
0000000100010c98	ldr	x9, [x11]
0000000100010c9c	str	x9, [x10]
0000000100010ca0	ldr	x9, [x11, #0x8]
0000000100010ca4	str	x9, [x10, #0x8]
0000000100010ca8	mov	x0, x29
0000000100010cac	sub	x0, x0, #0x40
0000000100010cb0	str	x0, [x28]
0000000100010cb4	add	x28, x28, #0x8
0000000100010cb8	ldur	x0, [x29, #-0x18]
0000000100010cbc	str	x0, [x28]
0000000100010cc0	add	x28, x28, #0x8
0000000100010cc4	sub	x28, x28, #0x8
0000000100010cc8	ldr	x11, [x28]
0000000100010ccc	mov	x10, x29
0000000100010cd0	sub	x10, x10, #0x50
0000000100010cd4	ldr	x9, [x11]
0000000100010cd8	str	x9, [x10]
0000000100010cdc	ldr	x9, [x11, #0x8]
0000000100010ce0	str	x9, [x10, #0x8]
0000000100010ce4	mov	x0, x29
0000000100010ce8	sub	x0, x0, #0x50
0000000100010cec	str	x0, [x28]
0000000100010cf0	add	x28, x28, #0x8
0000000100010cf4	sub	x28, x28, #0x8
0000000100010cf8	ldr	x1, [x28]
0000000100010cfc	sub	x28, x28, #0x8
0000000100010d00	ldr	x0, [x28]
0000000100010d04	bl	0x10000db80
0000000100010d08	str	x0, [x28]
0000000100010d0c	add	x28, x28, #0x8
0000000100010d10	mov	x0, #0x1
0000000100010d14	str	x0, [x28]
0000000100010d18	add	x28, x28, #0x8
0000000100010d1c	sub	x28, x28, #0x8
0000000100010d20	ldr	x1, [x28]
0000000100010d24	sub	x28, x28, #0x8
0000000100010d28	ldr	x0, [x28]
0000000100010d2c	cmp	x0, x1
0000000100010d30	b.eq	0x100010d3c
0000000100010d34	mov	x0, #0x1
0000000100010d38	b	0x100010d40
0000000100010d3c	mov	x0, #0x0
0000000100010d40	str	x0, [x28]
0000000100010d44	add	x28, x28, #0x8
0000000100010d48	sub	x28, x28, #0x8
0000000100010d4c	ldr	x0, [x28]
0000000100010d50	cmp	x0, #0x0
0000000100010d54	b.ne	0x100010d60
0000000100010d58	mov	x0, #0x0
0000000100010d5c	b	0x100010d64
0000000100010d60	mov	x0, #0x1
0000000100010d64	str	x0, [x28]
0000000100010d68	add	x28, x28, #0x8
0000000100010d6c	sub	x28, x28, #0x8
0000000100010d70	ldr	x0, [x28]
0000000100010d74	cmp	x0, #0x0
0000000100010d78	b.ne	0x100010e60
0000000100010d7c	ldur	x0, [x29, #-0x8]
0000000100010d80	str	x0, [x28]
0000000100010d84	add	x28, x28, #0x8
0000000100010d88	sub	x28, x28, #0x8
0000000100010d8c	ldr	x11, [x28]
0000000100010d90	mov	x10, x29
0000000100010d94	sub	x10, x10, #0x60
0000000100010d98	ldr	x9, [x11]
0000000100010d9c	str	x9, [x10]
0000000100010da0	ldr	x9, [x11, #0x8]
0000000100010da4	str	x9, [x10, #0x8]
0000000100010da8	mov	x0, x29
0000000100010dac	sub	x0, x0, #0x60
0000000100010db0	str	x0, [x28]
0000000100010db4	add	x28, x28, #0x8
0000000100010db8	ldur	x0, [x29, #-0x20]
0000000100010dbc	str	x0, [x28]
0000000100010dc0	add	x28, x28, #0x8
0000000100010dc4	sub	x28, x28, #0x8
0000000100010dc8	ldr	x11, [x28]
0000000100010dcc	mov	x10, x29
0000000100010dd0	sub	x10, x10, #0x70
0000000100010dd4	ldr	x9, [x11]
0000000100010dd8	str	x9, [x10]
0000000100010ddc	ldr	x9, [x11, #0x8]
0000000100010de0	str	x9, [x10, #0x8]
0000000100010de4	mov	x0, x29
0000000100010de8	sub	x0, x0, #0x70
0000000100010dec	str	x0, [x28]
0000000100010df0	add	x28, x28, #0x8
0000000100010df4	sub	x28, x28, #0x8
0000000100010df8	ldr	x1, [x28]
0000000100010dfc	sub	x28, x28, #0x8
0000000100010e00	ldr	x0, [x28]
0000000100010e04	bl	0x10000db80
0000000100010e08	str	x0, [x28]
0000000100010e0c	add	x28, x28, #0x8
0000000100010e10	mov	x0, #0x1
0000000100010e14	str	x0, [x28]
0000000100010e18	add	x28, x28, #0x8
0000000100010e1c	sub	x28, x28, #0x8
0000000100010e20	ldr	x1, [x28]
0000000100010e24	sub	x28, x28, #0x8
0000000100010e28	ldr	x0, [x28]
0000000100010e2c	cmp	x0, x1
0000000100010e30	b.eq	0x100010e3c
0000000100010e34	mov	x0, #0x1
0000000100010e38	b	0x100010e40
0000000100010e3c	mov	x0, #0x0
0000000100010e40	str	x0, [x28]
0000000100010e44	add	x28, x28, #0x8
0000000100010e48	sub	x28, x28, #0x8
0000000100010e4c	ldr	x0, [x28]
0000000100010e50	cmp	x0, #0x0
0000000100010e54	b.ne	0x100010e60
0000000100010e58	mov	x0, #0x0
0000000100010e5c	b	0x100010e64
0000000100010e60	mov	x0, #0x1
0000000100010e64	str	x0, [x28]
0000000100010e68	add	x28, x28, #0x8
0000000100010e6c	sub	x28, x28, #0x8
0000000100010e70	ldr	x0, [x28]
0000000100010e74	cmp	x0, #0x0
0000000100010e78	b.eq	0x100010e98
0000000100010e7c	bl	0x10000bf80
0000000100010e80	str	x0, [x28]
0000000100010e84	add	x28, x28, #0x8
0000000100010e88	sub	x28, x28, #0x8
0000000100010e8c	ldr	x0, [x28]
0000000100010e90	b	0x1000116d4
0000000100010e94	b	0x100010e98
0000000100010e98	ldur	x0, [x29, #-0x10]
0000000100010e9c	str	x0, [x28]
0000000100010ea0	add	x28, x28, #0x8
0000000100010ea4	mov	x0, #0x1
0000000100010ea8	str	x0, [x28]
0000000100010eac	add	x28, x28, #0x8
0000000100010eb0	sub	x28, x28, #0x8
0000000100010eb4	ldr	x1, [x28]
0000000100010eb8	sub	x28, x28, #0x8
0000000100010ebc	ldr	x0, [x28]
0000000100010ec0	cmp	x0, x1
0000000100010ec4	b.ne	0x100010ed0
0000000100010ec8	mov	x0, #0x1
0000000100010ecc	b	0x100010ed4
0000000100010ed0	mov	x0, #0x0
0000000100010ed4	str	x0, [x28]
0000000100010ed8	add	x28, x28, #0x8
0000000100010edc	sub	x28, x28, #0x8
0000000100010ee0	ldr	x0, [x28]
0000000100010ee4	cmp	x0, #0x0
0000000100010ee8	b.eq	0x100010f8c
0000000100010eec	ldur	x0, [x29, #-0x20]
0000000100010ef0	str	x0, [x28]
0000000100010ef4	add	x28, x28, #0x8
0000000100010ef8	sub	x28, x28, #0x8
0000000100010efc	ldr	x11, [x28]
0000000100010f00	mov	x10, x29
0000000100010f04	sub	x10, x10, #0x80
0000000100010f08	ldr	x9, [x11]
0000000100010f0c	str	x9, [x10]
0000000100010f10	ldr	x9, [x11, #0x8]
0000000100010f14	str	x9, [x10, #0x8]
0000000100010f18	mov	x0, x29
0000000100010f1c	sub	x0, x0, #0x80
0000000100010f20	str	x0, [x28]
0000000100010f24	add	x28, x28, #0x8
0000000100010f28	sub	x28, x28, #0x8
0000000100010f2c	ldr	x0, [x28]
0000000100010f30	bl	0x10000cf84
0000000100010f34	str	x0, [x28]
0000000100010f38	add	x28, x28, #0x8
0000000100010f3c	mov	x0, #0x1
0000000100010f40	str	x0, [x28]
0000000100010f44	add	x28, x28, #0x8
0000000100010f48	sub	x28, x28, #0x8
0000000100010f4c	ldr	x1, [x28]
0000000100010f50	sub	x28, x28, #0x8
0000000100010f54	ldr	x0, [x28]
0000000100010f58	cmp	x0, x1
0000000100010f5c	b.eq	0x100010f68
0000000100010f60	mov	x0, #0x1
0000000100010f64	b	0x100010f6c
0000000100010f68	mov	x0, #0x0
0000000100010f6c	str	x0, [x28]
0000000100010f70	add	x28, x28, #0x8
0000000100010f74	sub	x28, x28, #0x8
0000000100010f78	ldr	x0, [x28]
0000000100010f7c	cmp	x0, #0x0
0000000100010f80	b.eq	0x100010f8c
0000000100010f84	mov	x0, #0x1
0000000100010f88	b	0x100010f90
0000000100010f8c	mov	x0, #0x0
0000000100010f90	str	x0, [x28]
0000000100010f94	add	x28, x28, #0x8
0000000100010f98	sub	x28, x28, #0x8
0000000100010f9c	ldr	x0, [x28]
0000000100010fa0	cmp	x0, #0x0
0000000100010fa4	b.ne	0x1000110c0
0000000100010fa8	ldur	x0, [x29, #-0x10]
0000000100010fac	str	x0, [x28]
0000000100010fb0	add	x28, x28, #0x8
0000000100010fb4	mov	x0, #0x1
0000000100010fb8	str	x0, [x28]
0000000100010fbc	add	x28, x28, #0x8
0000000100010fc0	sub	x28, x28, #0x8
0000000100010fc4	ldr	x1, [x28]
0000000100010fc8	sub	x28, x28, #0x8
0000000100010fcc	ldr	x0, [x28]
0000000100010fd0	cmp	x0, x1
0000000100010fd4	b.le	0x100010fe0
0000000100010fd8	mov	x0, #0x1
0000000100010fdc	b	0x100010fe4
0000000100010fe0	mov	x0, #0x0
0000000100010fe4	str	x0, [x28]
0000000100010fe8	add	x28, x28, #0x8
0000000100010fec	sub	x28, x28, #0x8
0000000100010ff0	ldr	x0, [x28]
0000000100010ff4	cmp	x0, #0x0
0000000100010ff8	b.eq	0x10001109c
0000000100010ffc	ldur	x0, [x29, #-0x20]
0000000100011000	str	x0, [x28]
0000000100011004	add	x28, x28, #0x8
0000000100011008	sub	x28, x28, #0x8
000000010001100c	ldr	x11, [x28]
0000000100011010	mov	x10, x29
0000000100011014	sub	x10, x10, #0x90
0000000100011018	ldr	x9, [x11]
000000010001101c	str	x9, [x10]
0000000100011020	ldr	x9, [x11, #0x8]
0000000100011024	str	x9, [x10, #0x8]
0000000100011028	mov	x0, x29
000000010001102c	sub	x0, x0, #0x90
0000000100011030	str	x0, [x28]
0000000100011034	add	x28, x28, #0x8
0000000100011038	sub	x28, x28, #0x8
000000010001103c	ldr	x0, [x28]
0000000100011040	bl	0x10000cf84
0000000100011044	str	x0, [x28]
0000000100011048	add	x28, x28, #0x8
000000010001104c	mov	x0, #0x1
0000000100011050	str	x0, [x28]
0000000100011054	add	x28, x28, #0x8
0000000100011058	sub	x28, x28, #0x8
000000010001105c	ldr	x1, [x28]
0000000100011060	sub	x28, x28, #0x8
0000000100011064	ldr	x0, [x28]
0000000100011068	cmp	x0, x1
000000010001106c	b.ne	0x100011078
0000000100011070	mov	x0, #0x1
0000000100011074	b	0x10001107c
0000000100011078	mov	x0, #0x0
000000010001107c	str	x0, [x28]
0000000100011080	add	x28, x28, #0x8
0000000100011084	sub	x28, x28, #0x8
0000000100011088	ldr	x0, [x28]
000000010001108c	cmp	x0, #0x0
0000000100011090	b.eq	0x10001109c
0000000100011094	mov	x0, #0x1
0000000100011098	b	0x1000110a0
000000010001109c	mov	x0, #0x0
00000001000110a0	str	x0, [x28]
00000001000110a4	add	x28, x28, #0x8
00000001000110a8	sub	x28, x28, #0x8
00000001000110ac	ldr	x0, [x28]
00000001000110b0	cmp	x0, #0x0
00000001000110b4	b.ne	0x1000110c0
00000001000110b8	mov	x0, #0x0
00000001000110bc	b	0x1000110c4
00000001000110c0	mov	x0, #0x1
00000001000110c4	str	x0, [x28]
00000001000110c8	add	x28, x28, #0x8
00000001000110cc	sub	x28, x28, #0x8
00000001000110d0	ldr	x0, [x28]
00000001000110d4	cmp	x0, #0x0
00000001000110d8	b.eq	0x1000110f8
00000001000110dc	bl	0x10000bf80
00000001000110e0	str	x0, [x28]
00000001000110e4	add	x28, x28, #0x8
00000001000110e8	sub	x28, x28, #0x8
00000001000110ec	ldr	x0, [x28]
00000001000110f0	b	0x1000116d4
00000001000110f4	b	0x1000110f8
00000001000110f8	mov	x0, #0x0
00000001000110fc	str	x0, [x28]
0000000100011100	add	x28, x28, #0x8
0000000100011104	sub	x28, x28, #0x8
0000000100011108	ldr	x0, [x28]
000000010001110c	stur	x0, [x29, #-0x98]
0000000100011110	ldur	x0, [x29, #-0x98]
0000000100011114	str	x0, [x28]
0000000100011118	add	x28, x28, #0x8
000000010001111c	ldur	x0, [x29, #-0x8]
0000000100011120	str	x0, [x28]
0000000100011124	add	x28, x28, #0x8
0000000100011128	sub	x28, x28, #0x8
000000010001112c	ldr	x10, [x28]
0000000100011130	ldr	x0, [x10, #0x8]
0000000100011134	str	x0, [x28]
0000000100011138	add	x28, x28, #0x8
000000010001113c	sub	x28, x28, #0x8
0000000100011140	ldr	x1, [x28]
0000000100011144	sub	x28, x28, #0x8
0000000100011148	ldr	x0, [x28]
000000010001114c	cmp	x0, x1
0000000100011150	b.ge	0x10001115c
0000000100011154	mov	x0, #0x1
0000000100011158	b	0x100011160
000000010001115c	mov	x0, #0x0
0000000100011160	str	x0, [x28]
0000000100011164	add	x28, x28, #0x8
0000000100011168	sub	x28, x28, #0x8
000000010001116c	ldr	x0, [x28]
0000000100011170	cmp	x0, #0x0
0000000100011174	b.eq	0x100011240
0000000100011178	ldur	x0, [x29, #-0x8]
000000010001117c	str	x0, [x28]
0000000100011180	add	x28, x28, #0x8
0000000100011184	sub	x28, x28, #0x8
0000000100011188	ldr	x0, [x28]
000000010001118c	ldr	x0, [x0]
0000000100011190	str	x0, [x28]
0000000100011194	add	x28, x28, #0x8
0000000100011198	ldur	x0, [x29, #-0x98]
000000010001119c	str	x0, [x28]
00000001000111a0	add	x28, x28, #0x8
00000001000111a4	sub	x28, x28, #0x8
00000001000111a8	ldr	x1, [x28]
00000001000111ac	sub	x28, x28, #0x8
00000001000111b0	ldr	x0, [x28]
00000001000111b4	add	x0, x0, x1
00000001000111b8	str	x0, [x28]
00000001000111bc	add	x28, x28, #0x8
00000001000111c0	mov	x0, #0x0
00000001000111c4	str	x0, [x28]
00000001000111c8	add	x28, x28, #0x8
00000001000111cc	sub	x28, x28, #0x8
00000001000111d0	ldr	x0, [x28]
00000001000111d4	sub	x28, x28, #0x8
00000001000111d8	ldr	x10, [x28]
00000001000111dc	strb	w0, [x10]
00000001000111e0	mov	x0, x29
00000001000111e4	sub	x0, x0, #0x98
00000001000111e8	str	x0, [x28]
00000001000111ec	add	x28, x28, #0x8
00000001000111f0	ldur	x0, [x29, #-0x98]
00000001000111f4	str	x0, [x28]
00000001000111f8	add	x28, x28, #0x8
00000001000111fc	mov	x0, #0x1
0000000100011200	str	x0, [x28]
0000000100011204	add	x28, x28, #0x8
0000000100011208	sub	x28, x28, #0x8
000000010001120c	ldr	x1, [x28]
0000000100011210	sub	x28, x28, #0x8
0000000100011214	ldr	x0, [x28]
0000000100011218	add	x0, x0, x1
000000010001121c	sxtw	x0, w0
0000000100011220	str	x0, [x28]
0000000100011224	add	x28, x28, #0x8
0000000100011228	sub	x28, x28, #0x8
000000010001122c	ldr	x0, [x28]
0000000100011230	sub	x28, x28, #0x8
0000000100011234	ldr	x10, [x28]
0000000100011238	str	x0, [x10]
000000010001123c	b	0x100011110
0000000100011240	ldur	x0, [x29, #-0x8]
0000000100011244	str	x0, [x28]
0000000100011248	add	x28, x28, #0x8
000000010001124c	mov	x0, #0x0
0000000100011250	str	x0, [x28]
0000000100011254	add	x28, x28, #0x8
0000000100011258	mov	x0, #0x8
000000010001125c	str	x0, [x28]
0000000100011260	add	x28, x28, #0x8
0000000100011264	sub	x28, x28, #0x8
0000000100011268	ldr	x13, [x28]
000000010001126c	sub	x28, x28, #0x8
0000000100011270	ldr	x12, [x28]
0000000100011274	sub	x28, x28, #0x8
0000000100011278	ldr	x10, [x28]
000000010001127c	ldr	x0, [x10]
0000000100011280	ldr	x1, [x10, #0x8]
0000000100011284	mov	x9, #0x1
0000000100011288	mul	x11, x12, x9
000000010001128c	add	x0, x0, x11
0000000100011290	sub	x13, x13, x12
0000000100011294	stur	x0, [x29, #-0xa8]
0000000100011298	stur	x13, [x29, #-0xa0]
000000010001129c	mov	x0, x29
00000001000112a0	sub	x0, x0, #0xa8
00000001000112a4	str	x0, [x28]
00000001000112a8	add	x28, x28, #0x8
00000001000112ac	sub	x28, x28, #0x8
00000001000112b0	ldr	x11, [x28]
00000001000112b4	mov	x10, x29
00000001000112b8	sub	x10, x10, #0xb8
00000001000112bc	ldr	x9, [x11]
00000001000112c0	str	x9, [x10]
00000001000112c4	ldr	x9, [x11, #0x8]
00000001000112c8	str	x9, [x10, #0x8]
00000001000112cc	mov	x0, x29
00000001000112d0	sub	x0, x0, #0xb8
00000001000112d4	str	x0, [x28]
00000001000112d8	add	x28, x28, #0x8
00000001000112dc	adrp	x0, 7 ; 0x100018000
00000001000112e0	add	x0, x0, #0x2c8
00000001000112e4	stur	x0, [x29, #-0xc8]
00000001000112e8	mov	x0, #0x8
00000001000112ec	stur	x0, [x29, #-0xc0]
00000001000112f0	mov	x0, x29
00000001000112f4	sub	x0, x0, #0xc8
00000001000112f8	str	x0, [x28]
00000001000112fc	add	x28, x28, #0x8
0000000100011300	sub	x28, x28, #0x8
0000000100011304	ldr	x11, [x28]
0000000100011308	mov	x10, x29
000000010001130c	sub	x10, x10, #0xd8
0000000100011310	ldr	x9, [x11]
0000000100011314	str	x9, [x10]
0000000100011318	ldr	x9, [x11, #0x8]
000000010001131c	str	x9, [x10, #0x8]
0000000100011320	mov	x0, x29
0000000100011324	sub	x0, x0, #0xd8
0000000100011328	str	x0, [x28]
000000010001132c	add	x28, x28, #0x8
0000000100011330	sub	x28, x28, #0x8
0000000100011334	ldr	x1, [x28]
0000000100011338	sub	x28, x28, #0x8
000000010001133c	ldr	x0, [x28]
0000000100011340	bl	0x10000c344
0000000100011344	str	x0, [x28]
0000000100011348	add	x28, x28, #0x8
000000010001134c	sub	x28, x28, #0x8
0000000100011350	ldr	x0, [x28]
0000000100011354	ldur	x0, [x29, #-0x8]
0000000100011358	str	x0, [x28]
000000010001135c	add	x28, x28, #0x8
0000000100011360	sub	x28, x28, #0x8
0000000100011364	ldr	x11, [x28]
0000000100011368	mov	x10, x29
000000010001136c	sub	x10, x10, #0xe8
0000000100011370	ldr	x9, [x11]
0000000100011374	str	x9, [x10]
0000000100011378	ldr	x9, [x11, #0x8]
000000010001137c	str	x9, [x10, #0x8]
0000000100011380	mov	x0, x29
0000000100011384	sub	x0, x0, #0xe8
0000000100011388	str	x0, [x28]
000000010001138c	add	x28, x28, #0x8
0000000100011390	mov	x0, #0x8
0000000100011394	str	x0, [x28]
0000000100011398	add	x28, x28, #0x8
000000010001139c	ldur	x0, [x29, #-0x10]
00000001000113a0	str	x0, [x28]
00000001000113a4	add	x28, x28, #0x8
00000001000113a8	sub	x28, x28, #0x8
00000001000113ac	ldr	x0, [x28]
00000001000113b0	sxtw	x0, w0
00000001000113b4	str	x0, [x28]
00000001000113b8	add	x28, x28, #0x8
00000001000113bc	sub	x28, x28, #0x8
00000001000113c0	ldr	x2, [x28]
00000001000113c4	sub	x28, x28, #0x8
00000001000113c8	ldr	x1, [x28]
00000001000113cc	sub	x28, x28, #0x8
00000001000113d0	ldr	x0, [x28]
00000001000113d4	bl	0x10000ca94
00000001000113d8	str	x0, [x28]
00000001000113dc	add	x28, x28, #0x8
00000001000113e0	sub	x28, x28, #0x8
00000001000113e4	ldr	x0, [x28]
00000001000113e8	ldur	x0, [x29, #-0x8]
00000001000113ec	str	x0, [x28]
00000001000113f0	add	x28, x28, #0x8
00000001000113f4	sub	x28, x28, #0x8
00000001000113f8	ldr	x11, [x28]
00000001000113fc	mov	x10, x29
0000000100011400	sub	x10, x10, #0xf8
0000000100011404	ldr	x9, [x11]
0000000100011408	str	x9, [x10]
000000010001140c	ldr	x9, [x11, #0x8]
0000000100011410	str	x9, [x10, #0x8]
0000000100011414	mov	x0, x29
0000000100011418	sub	x0, x0, #0xf8
000000010001141c	str	x0, [x28]
0000000100011420	add	x28, x28, #0x8
0000000100011424	mov	x0, #0xc
0000000100011428	str	x0, [x28]
000000010001142c	add	x28, x28, #0x8
0000000100011430	bl	0x100010878
0000000100011434	str	x0, [x28]
0000000100011438	add	x28, x28, #0x8
000000010001143c	sub	x28, x28, #0x8
0000000100011440	ldr	x0, [x28]
0000000100011444	sxtw	x0, w0
0000000100011448	str	x0, [x28]
000000010001144c	add	x28, x28, #0x8
0000000100011450	sub	x28, x28, #0x8
0000000100011454	ldr	x2, [x28]
0000000100011458	sub	x28, x28, #0x8
000000010001145c	ldr	x1, [x28]
0000000100011460	sub	x28, x28, #0x8
0000000100011464	ldr	x0, [x28]
0000000100011468	bl	0x10000ca94
000000010001146c	str	x0, [x28]
0000000100011470	add	x28, x28, #0x8
0000000100011474	sub	x28, x28, #0x8
0000000100011478	ldr	x0, [x28]
000000010001147c	ldur	x0, [x29, #-0x8]
0000000100011480	str	x0, [x28]
0000000100011484	add	x28, x28, #0x8
0000000100011488	mov	x0, #0x20
000000010001148c	str	x0, [x28]
0000000100011490	add	x28, x28, #0x8
0000000100011494	mov	x0, #0x40
0000000100011498	str	x0, [x28]
000000010001149c	add	x28, x28, #0x8
00000001000114a0	sub	x28, x28, #0x8
00000001000114a4	ldr	x13, [x28]
00000001000114a8	sub	x28, x28, #0x8
00000001000114ac	ldr	x12, [x28]
00000001000114b0	sub	x28, x28, #0x8
00000001000114b4	ldr	x10, [x28]
00000001000114b8	ldr	x0, [x10]
00000001000114bc	ldr	x1, [x10, #0x8]
00000001000114c0	mov	x9, #0x1
00000001000114c4	mul	x11, x12, x9
00000001000114c8	add	x0, x0, x11
00000001000114cc	sub	x13, x13, x12
00000001000114d0	add	x17, x29, #0x0
00000001000114d4	mov	x16, #0xfef8
00000001000114d8	movk	x16, #0xffff, lsl #16
00000001000114dc	movk	x16, #0xffff, lsl #32
00000001000114e0	movk	x16, #0xffff, lsl #48
00000001000114e4	add	x17, x17, x16
00000001000114e8	str	x0, [x17]
00000001000114ec	stur	x13, [x29, #-0x100]
00000001000114f0	mov	x0, x29
00000001000114f4	sub	x0, x0, #0x108
00000001000114f8	str	x0, [x28]
00000001000114fc	add	x28, x28, #0x8
0000000100011500	sub	x28, x28, #0x8
0000000100011504	ldr	x11, [x28]
0000000100011508	mov	x10, x29
000000010001150c	sub	x10, x10, #0x118
0000000100011510	ldr	x9, [x11]
0000000100011514	str	x9, [x10]
0000000100011518	ldr	x9, [x11, #0x8]
000000010001151c	str	x9, [x10, #0x8]
0000000100011520	mov	x0, x29
0000000100011524	sub	x0, x0, #0x118
0000000100011528	str	x0, [x28]
000000010001152c	add	x28, x28, #0x8
0000000100011530	ldur	x0, [x29, #-0x18]
0000000100011534	str	x0, [x28]
0000000100011538	add	x28, x28, #0x8
000000010001153c	sub	x28, x28, #0x8
0000000100011540	ldr	x11, [x28]
0000000100011544	mov	x10, x29
0000000100011548	sub	x10, x10, #0x128
000000010001154c	ldr	x9, [x11]
0000000100011550	str	x9, [x10]
0000000100011554	ldr	x9, [x11, #0x8]
0000000100011558	str	x9, [x10, #0x8]
000000010001155c	mov	x0, x29
0000000100011560	sub	x0, x0, #0x128
0000000100011564	str	x0, [x28]
0000000100011568	add	x28, x28, #0x8
000000010001156c	sub	x28, x28, #0x8
0000000100011570	ldr	x1, [x28]
0000000100011574	sub	x28, x28, #0x8
0000000100011578	ldr	x0, [x28]
000000010001157c	bl	0x10000c344
0000000100011580	str	x0, [x28]
0000000100011584	add	x28, x28, #0x8
0000000100011588	sub	x28, x28, #0x8
000000010001158c	ldr	x0, [x28]
0000000100011590	ldur	x0, [x29, #-0x8]
0000000100011594	str	x0, [x28]
0000000100011598	add	x28, x28, #0x8
000000010001159c	mov	x0, #0x40
00000001000115a0	str	x0, [x28]
00000001000115a4	add	x28, x28, #0x8
00000001000115a8	mov	x0, #0x60
00000001000115ac	str	x0, [x28]
00000001000115b0	add	x28, x28, #0x8
00000001000115b4	sub	x28, x28, #0x8
00000001000115b8	ldr	x13, [x28]
00000001000115bc	sub	x28, x28, #0x8
00000001000115c0	ldr	x12, [x28]
00000001000115c4	sub	x28, x28, #0x8
00000001000115c8	ldr	x10, [x28]
00000001000115cc	ldr	x0, [x10]
00000001000115d0	ldr	x1, [x10, #0x8]
00000001000115d4	mov	x9, #0x1
00000001000115d8	mul	x11, x12, x9
00000001000115dc	add	x0, x0, x11
00000001000115e0	sub	x13, x13, x12
00000001000115e4	add	x17, x29, #0x0
00000001000115e8	mov	x16, #0xfec8
00000001000115ec	movk	x16, #0xffff, lsl #16
00000001000115f0	movk	x16, #0xffff, lsl #32
00000001000115f4	movk	x16, #0xffff, lsl #48
00000001000115f8	add	x17, x17, x16
00000001000115fc	str	x0, [x17]
0000000100011600	add	x17, x29, #0x0
0000000100011604	mov	x16, #0xfed0
0000000100011608	movk	x16, #0xffff, lsl #16
000000010001160c	movk	x16, #0xffff, lsl #32
0000000100011610	movk	x16, #0xffff, lsl #48
0000000100011614	add	x17, x17, x16
0000000100011618	str	x13, [x17]
000000010001161c	mov	x0, x29
0000000100011620	sub	x0, x0, #0x138
0000000100011624	str	x0, [x28]
0000000100011628	add	x28, x28, #0x8
000000010001162c	sub	x28, x28, #0x8
0000000100011630	ldr	x11, [x28]
0000000100011634	mov	x10, x29
0000000100011638	sub	x10, x10, #0x148
000000010001163c	ldr	x9, [x11]
0000000100011640	str	x9, [x10]
0000000100011644	ldr	x9, [x11, #0x8]
0000000100011648	str	x9, [x10, #0x8]
000000010001164c	mov	x0, x29
0000000100011650	sub	x0, x0, #0x148
0000000100011654	str	x0, [x28]
0000000100011658	add	x28, x28, #0x8
000000010001165c	ldur	x0, [x29, #-0x20]
0000000100011660	str	x0, [x28]
0000000100011664	add	x28, x28, #0x8
0000000100011668	sub	x28, x28, #0x8
000000010001166c	ldr	x11, [x28]
0000000100011670	mov	x10, x29
0000000100011674	sub	x10, x10, #0x158
0000000100011678	ldr	x9, [x11]
000000010001167c	str	x9, [x10]
0000000100011680	ldr	x9, [x11, #0x8]
0000000100011684	str	x9, [x10, #0x8]
0000000100011688	mov	x0, x29
000000010001168c	sub	x0, x0, #0x158
0000000100011690	str	x0, [x28]
0000000100011694	add	x28, x28, #0x8
0000000100011698	sub	x28, x28, #0x8
000000010001169c	ldr	x1, [x28]
00000001000116a0	sub	x28, x28, #0x8
00000001000116a4	ldr	x0, [x28]
00000001000116a8	bl	0x10000c344
00000001000116ac	str	x0, [x28]
00000001000116b0	add	x28, x28, #0x8
00000001000116b4	sub	x28, x28, #0x8
00000001000116b8	ldr	x0, [x28]
00000001000116bc	mov	x0, #0x0
00000001000116c0	str	x0, [x28]
00000001000116c4	add	x28, x28, #0x8
00000001000116c8	sub	x28, x28, #0x8
00000001000116cc	ldr	x0, [x28]
00000001000116d0	b	0x1000116d4
00000001000116d4	mov	sp, x29
00000001000116d8	ldr	x29, [sp]
00000001000116dc	ldr	x30, [sp, #0x8]
00000001000116e0	ldr	x28, [sp, #0x10]
00000001000116e4	add	sp, sp, #0x20
00000001000116e8	ret
00000001000116ec	sub	sp, sp, #0x20
00000001000116f0	str	x29, [sp]
00000001000116f4	str	x30, [sp, #0x8]
00000001000116f8	str	x28, [sp, #0x10]
00000001000116fc	mov	x29, sp
0000000100011700	sub	sp, sp, #0x210
0000000100011704	mov	x28, sp
0000000100011708	stur	x0, [x29, #-0x8]
000000010001170c	stur	x1, [x29, #-0x10]
0000000100011710	stur	x2, [x29, #-0x18]
0000000100011714	stur	x3, [x29, #-0x20]
0000000100011718	ldur	x0, [x29, #-0x10]
000000010001171c	str	x0, [x28]
0000000100011720	add	x28, x28, #0x8
0000000100011724	mov	x0, #0x0
0000000100011728	str	x0, [x28]
000000010001172c	add	x28, x28, #0x8
0000000100011730	sub	x28, x28, #0x8
0000000100011734	ldr	x1, [x28]
0000000100011738	sub	x28, x28, #0x8
000000010001173c	ldr	x0, [x28]
0000000100011740	cmp	x0, x1
0000000100011744	b.ne	0x100011750
0000000100011748	mov	x0, #0x1
000000010001174c	b	0x100011754
0000000100011750	mov	x0, #0x0
0000000100011754	str	x0, [x28]
0000000100011758	add	x28, x28, #0x8
000000010001175c	sub	x28, x28, #0x8
0000000100011760	ldr	x0, [x28]
0000000100011764	cmp	x0, #0x0
0000000100011768	b.eq	0x100011788
000000010001176c	bl	0x10000bf80
0000000100011770	str	x0, [x28]
0000000100011774	add	x28, x28, #0x8
0000000100011778	sub	x28, x28, #0x8
000000010001177c	ldr	x0, [x28]
0000000100011780	b	0x1000120d8
0000000100011784	b	0x100011788
0000000100011788	ldur	x0, [x29, #-0x18]
000000010001178c	str	x0, [x28]
0000000100011790	add	x28, x28, #0x8
0000000100011794	mov	x0, #0x1
0000000100011798	str	x0, [x28]
000000010001179c	add	x28, x28, #0x8
00000001000117a0	sub	x28, x28, #0x8
00000001000117a4	ldr	x1, [x28]
00000001000117a8	sub	x28, x28, #0x8
00000001000117ac	ldr	x0, [x28]
00000001000117b0	cmp	x0, x1
00000001000117b4	b.ge	0x1000117c0
00000001000117b8	mov	x0, #0x1
00000001000117bc	b	0x1000117c4
00000001000117c0	mov	x0, #0x0
00000001000117c4	str	x0, [x28]
00000001000117c8	add	x28, x28, #0x8
00000001000117cc	sub	x28, x28, #0x8
00000001000117d0	ldr	x0, [x28]
00000001000117d4	cmp	x0, #0x0
00000001000117d8	b.ne	0x100011838
00000001000117dc	ldur	x0, [x29, #-0x18]
00000001000117e0	str	x0, [x28]
00000001000117e4	add	x28, x28, #0x8
00000001000117e8	mov	x0, #0xc
00000001000117ec	str	x0, [x28]
00000001000117f0	add	x28, x28, #0x8
00000001000117f4	sub	x28, x28, #0x8
00000001000117f8	ldr	x1, [x28]
00000001000117fc	sub	x28, x28, #0x8
0000000100011800	ldr	x0, [x28]
0000000100011804	cmp	x0, x1
0000000100011808	b.le	0x100011814
000000010001180c	mov	x0, #0x1
0000000100011810	b	0x100011818
0000000100011814	mov	x0, #0x0
0000000100011818	str	x0, [x28]
000000010001181c	add	x28, x28, #0x8
0000000100011820	sub	x28, x28, #0x8
0000000100011824	ldr	x0, [x28]
0000000100011828	cmp	x0, #0x0
000000010001182c	b.ne	0x100011838
0000000100011830	mov	x0, #0x0
0000000100011834	b	0x10001183c
0000000100011838	mov	x0, #0x1
000000010001183c	str	x0, [x28]
0000000100011840	add	x28, x28, #0x8
0000000100011844	sub	x28, x28, #0x8
0000000100011848	ldr	x0, [x28]
000000010001184c	cmp	x0, #0x0
0000000100011850	b.eq	0x100011870
0000000100011854	bl	0x10000bf80
0000000100011858	str	x0, [x28]
000000010001185c	add	x28, x28, #0x8
0000000100011860	sub	x28, x28, #0x8
0000000100011864	ldr	x0, [x28]
0000000100011868	b	0x1000120d8
000000010001186c	b	0x100011870
0000000100011870	ldur	x0, [x29, #-0x20]
0000000100011874	str	x0, [x28]
0000000100011878	add	x28, x28, #0x8
000000010001187c	sub	x28, x28, #0x8
0000000100011880	ldr	x10, [x28]
0000000100011884	ldr	x0, [x10, #0x8]
0000000100011888	str	x0, [x28]
000000010001188c	add	x28, x28, #0x8
0000000100011890	mov	x0, #0x1
0000000100011894	str	x0, [x28]
0000000100011898	add	x28, x28, #0x8
000000010001189c	sub	x28, x28, #0x8
00000001000118a0	ldr	x1, [x28]
00000001000118a4	sub	x28, x28, #0x8
00000001000118a8	ldr	x0, [x28]
00000001000118ac	cmp	x0, x1
00000001000118b0	b.ge	0x1000118bc
00000001000118b4	mov	x0, #0x1
00000001000118b8	b	0x1000118c0
00000001000118bc	mov	x0, #0x0
00000001000118c0	str	x0, [x28]
00000001000118c4	add	x28, x28, #0x8
00000001000118c8	sub	x28, x28, #0x8
00000001000118cc	ldr	x0, [x28]
00000001000118d0	cmp	x0, #0x0
00000001000118d4	b.ne	0x10001194c
00000001000118d8	ldur	x0, [x29, #-0x20]
00000001000118dc	str	x0, [x28]
00000001000118e0	add	x28, x28, #0x8
00000001000118e4	sub	x28, x28, #0x8
00000001000118e8	ldr	x10, [x28]
00000001000118ec	ldr	x0, [x10, #0x8]
00000001000118f0	str	x0, [x28]
00000001000118f4	add	x28, x28, #0x8
00000001000118f8	mov	x0, #0x0
00000001000118fc	movk	x0, #0x4, lsl #16
0000000100011900	str	x0, [x28]
0000000100011904	add	x28, x28, #0x8
0000000100011908	sub	x28, x28, #0x8
000000010001190c	ldr	x1, [x28]
0000000100011910	sub	x28, x28, #0x8
0000000100011914	ldr	x0, [x28]
0000000100011918	cmp	x0, x1
000000010001191c	b.le	0x100011928
0000000100011920	mov	x0, #0x1
0000000100011924	b	0x10001192c
0000000100011928	mov	x0, #0x0
000000010001192c	str	x0, [x28]
0000000100011930	add	x28, x28, #0x8
0000000100011934	sub	x28, x28, #0x8
0000000100011938	ldr	x0, [x28]
000000010001193c	cmp	x0, #0x0
0000000100011940	b.ne	0x10001194c
0000000100011944	mov	x0, #0x0
0000000100011948	b	0x100011950
000000010001194c	mov	x0, #0x1
0000000100011950	str	x0, [x28]
0000000100011954	add	x28, x28, #0x8
0000000100011958	sub	x28, x28, #0x8
000000010001195c	ldr	x0, [x28]
0000000100011960	cmp	x0, #0x0
0000000100011964	b.eq	0x100011984
0000000100011968	bl	0x10000bf80
000000010001196c	str	x0, [x28]
0000000100011970	add	x28, x28, #0x8
0000000100011974	sub	x28, x28, #0x8
0000000100011978	ldr	x0, [x28]
000000010001197c	b	0x1000120d8
0000000100011980	b	0x100011984
0000000100011984	ldur	x0, [x29, #-0x8]
0000000100011988	str	x0, [x28]
000000010001198c	add	x28, x28, #0x8
0000000100011990	sub	x28, x28, #0x8
0000000100011994	ldr	x11, [x28]
0000000100011998	mov	x10, x29
000000010001199c	sub	x10, x10, #0x30
00000001000119a0	ldr	x9, [x11]
00000001000119a4	str	x9, [x10]
00000001000119a8	ldr	x9, [x11, #0x8]
00000001000119ac	str	x9, [x10, #0x8]
00000001000119b0	mov	x0, x29
00000001000119b4	sub	x0, x0, #0x30
00000001000119b8	str	x0, [x28]
00000001000119bc	add	x28, x28, #0x8
00000001000119c0	ldur	x0, [x29, #-0x20]
00000001000119c4	str	x0, [x28]
00000001000119c8	add	x28, x28, #0x8
00000001000119cc	sub	x28, x28, #0x8
00000001000119d0	ldr	x11, [x28]
00000001000119d4	mov	x10, x29
00000001000119d8	sub	x10, x10, #0x40
00000001000119dc	ldr	x9, [x11]
00000001000119e0	str	x9, [x10]
00000001000119e4	ldr	x9, [x11, #0x8]
00000001000119e8	str	x9, [x10, #0x8]
00000001000119ec	mov	x0, x29
00000001000119f0	sub	x0, x0, #0x40
00000001000119f4	str	x0, [x28]
00000001000119f8	add	x28, x28, #0x8
00000001000119fc	sub	x28, x28, #0x8
0000000100011a00	ldr	x1, [x28]
0000000100011a04	sub	x28, x28, #0x8
0000000100011a08	ldr	x0, [x28]
0000000100011a0c	bl	0x10000db80
0000000100011a10	str	x0, [x28]
0000000100011a14	add	x28, x28, #0x8
0000000100011a18	mov	x0, #0x1
0000000100011a1c	str	x0, [x28]
0000000100011a20	add	x28, x28, #0x8
0000000100011a24	sub	x28, x28, #0x8
0000000100011a28	ldr	x1, [x28]
0000000100011a2c	sub	x28, x28, #0x8
0000000100011a30	ldr	x0, [x28]
0000000100011a34	cmp	x0, x1
0000000100011a38	b.eq	0x100011a44
0000000100011a3c	mov	x0, #0x1
0000000100011a40	b	0x100011a48
0000000100011a44	mov	x0, #0x0
0000000100011a48	str	x0, [x28]
0000000100011a4c	add	x28, x28, #0x8
0000000100011a50	sub	x28, x28, #0x8
0000000100011a54	ldr	x0, [x28]
0000000100011a58	cmp	x0, #0x0
0000000100011a5c	b.eq	0x100011a7c
0000000100011a60	bl	0x10000bf80
0000000100011a64	str	x0, [x28]
0000000100011a68	add	x28, x28, #0x8
0000000100011a6c	sub	x28, x28, #0x8
0000000100011a70	ldr	x0, [x28]
0000000100011a74	b	0x1000120d8
0000000100011a78	b	0x100011a7c
0000000100011a7c	ldur	x0, [x29, #-0x10]
0000000100011a80	str	x0, [x28]
0000000100011a84	add	x28, x28, #0x8
0000000100011a88	sub	x28, x28, #0x8
0000000100011a8c	ldr	x10, [x28]
0000000100011a90	ldr	x0, [x10]
0000000100011a94	str	x0, [x28]
0000000100011a98	add	x28, x28, #0x8
0000000100011a9c	mov	x0, #0x70
0000000100011aa0	str	x0, [x28]
0000000100011aa4	add	x28, x28, #0x8
0000000100011aa8	sub	x28, x28, #0x8
0000000100011aac	ldr	x1, [x28]
0000000100011ab0	sub	x28, x28, #0x8
0000000100011ab4	ldr	x0, [x28]
0000000100011ab8	cmp	x0, x1
0000000100011abc	b.ge	0x100011ac8
0000000100011ac0	mov	x0, #0x1
0000000100011ac4	b	0x100011acc
0000000100011ac8	mov	x0, #0x0
0000000100011acc	str	x0, [x28]
0000000100011ad0	add	x28, x28, #0x8
0000000100011ad4	sub	x28, x28, #0x8
0000000100011ad8	ldr	x0, [x28]
0000000100011adc	cmp	x0, #0x0
0000000100011ae0	b.ne	0x100011b90
0000000100011ae4	ldur	x0, [x29, #-0x10]
0000000100011ae8	str	x0, [x28]
0000000100011aec	add	x28, x28, #0x8
0000000100011af0	sub	x28, x28, #0x8
0000000100011af4	ldr	x10, [x28]
0000000100011af8	ldr	x0, [x10]
0000000100011afc	str	x0, [x28]
0000000100011b00	add	x28, x28, #0x8
0000000100011b04	ldur	x0, [x29, #-0x8]
0000000100011b08	str	x0, [x28]
0000000100011b0c	add	x28, x28, #0x8
0000000100011b10	sub	x28, x28, #0x8
0000000100011b14	ldr	x10, [x28]
0000000100011b18	ldr	x0, [x10, #0x8]
0000000100011b1c	str	x0, [x28]
0000000100011b20	add	x28, x28, #0x8
0000000100011b24	mov	x0, #0x28
0000000100011b28	str	x0, [x28]
0000000100011b2c	add	x28, x28, #0x8
0000000100011b30	sub	x28, x28, #0x8
0000000100011b34	ldr	x1, [x28]
0000000100011b38	sub	x28, x28, #0x8
0000000100011b3c	ldr	x0, [x28]
0000000100011b40	sub	x0, x0, x1
0000000100011b44	str	x0, [x28]
0000000100011b48	add	x28, x28, #0x8
0000000100011b4c	sub	x28, x28, #0x8
0000000100011b50	ldr	x1, [x28]
0000000100011b54	sub	x28, x28, #0x8
0000000100011b58	ldr	x0, [x28]
0000000100011b5c	cmp	x0, x1
0000000100011b60	b.le	0x100011b6c
0000000100011b64	mov	x0, #0x1
0000000100011b68	b	0x100011b70
0000000100011b6c	mov	x0, #0x0
0000000100011b70	str	x0, [x28]
0000000100011b74	add	x28, x28, #0x8
0000000100011b78	sub	x28, x28, #0x8
0000000100011b7c	ldr	x0, [x28]
0000000100011b80	cmp	x0, #0x0
0000000100011b84	b.ne	0x100011b90
0000000100011b88	mov	x0, #0x0
0000000100011b8c	b	0x100011b94
0000000100011b90	mov	x0, #0x1
0000000100011b94	str	x0, [x28]
0000000100011b98	add	x28, x28, #0x8
0000000100011b9c	sub	x28, x28, #0x8
0000000100011ba0	ldr	x0, [x28]
0000000100011ba4	cmp	x0, #0x0
0000000100011ba8	b.ne	0x100011c94
0000000100011bac	ldur	x0, [x29, #-0x20]
0000000100011bb0	str	x0, [x28]
0000000100011bb4	add	x28, x28, #0x8
0000000100011bb8	sub	x28, x28, #0x8
0000000100011bbc	ldr	x10, [x28]
0000000100011bc0	ldr	x0, [x10, #0x8]
0000000100011bc4	str	x0, [x28]
0000000100011bc8	add	x28, x28, #0x8
0000000100011bcc	ldur	x0, [x29, #-0x8]
0000000100011bd0	str	x0, [x28]
0000000100011bd4	add	x28, x28, #0x8
0000000100011bd8	sub	x28, x28, #0x8
0000000100011bdc	ldr	x10, [x28]
0000000100011be0	ldr	x0, [x10, #0x8]
0000000100011be4	str	x0, [x28]
0000000100011be8	add	x28, x28, #0x8
0000000100011bec	mov	x0, #0x28
0000000100011bf0	str	x0, [x28]
0000000100011bf4	add	x28, x28, #0x8
0000000100011bf8	sub	x28, x28, #0x8
0000000100011bfc	ldr	x1, [x28]
0000000100011c00	sub	x28, x28, #0x8
0000000100011c04	ldr	x0, [x28]
0000000100011c08	sub	x0, x0, x1
0000000100011c0c	str	x0, [x28]
0000000100011c10	add	x28, x28, #0x8
0000000100011c14	ldur	x0, [x29, #-0x10]
0000000100011c18	str	x0, [x28]
0000000100011c1c	add	x28, x28, #0x8
0000000100011c20	sub	x28, x28, #0x8
0000000100011c24	ldr	x10, [x28]
0000000100011c28	ldr	x0, [x10]
0000000100011c2c	str	x0, [x28]
0000000100011c30	add	x28, x28, #0x8
0000000100011c34	sub	x28, x28, #0x8
0000000100011c38	ldr	x1, [x28]
0000000100011c3c	sub	x28, x28, #0x8
0000000100011c40	ldr	x0, [x28]
0000000100011c44	sub	x0, x0, x1
0000000100011c48	str	x0, [x28]
0000000100011c4c	add	x28, x28, #0x8
0000000100011c50	sub	x28, x28, #0x8
0000000100011c54	ldr	x1, [x28]
0000000100011c58	sub	x28, x28, #0x8
0000000100011c5c	ldr	x0, [x28]
0000000100011c60	cmp	x0, x1
0000000100011c64	b.le	0x100011c70
0000000100011c68	mov	x0, #0x1
0000000100011c6c	b	0x100011c74
0000000100011c70	mov	x0, #0x0
0000000100011c74	str	x0, [x28]
0000000100011c78	add	x28, x28, #0x8
0000000100011c7c	sub	x28, x28, #0x8
0000000100011c80	ldr	x0, [x28]
0000000100011c84	cmp	x0, #0x0
0000000100011c88	b.ne	0x100011c94
0000000100011c8c	mov	x0, #0x0
0000000100011c90	b	0x100011c98
0000000100011c94	mov	x0, #0x1
0000000100011c98	str	x0, [x28]
0000000100011c9c	add	x28, x28, #0x8
0000000100011ca0	sub	x28, x28, #0x8
0000000100011ca4	ldr	x0, [x28]
0000000100011ca8	cmp	x0, #0x0
0000000100011cac	b.eq	0x100011ccc
0000000100011cb0	bl	0x10000bfcc
0000000100011cb4	str	x0, [x28]
0000000100011cb8	add	x28, x28, #0x8
0000000100011cbc	sub	x28, x28, #0x8
0000000100011cc0	ldr	x0, [x28]
0000000100011cc4	b	0x1000120d8
0000000100011cc8	b	0x100011ccc
0000000100011ccc	ldur	x0, [x29, #-0x8]
0000000100011cd0	str	x0, [x28]
0000000100011cd4	add	x28, x28, #0x8
0000000100011cd8	sub	x28, x28, #0x8
0000000100011cdc	ldr	x11, [x28]
0000000100011ce0	mov	x10, x29
0000000100011ce4	sub	x10, x10, #0x50
0000000100011ce8	ldr	x9, [x11]
0000000100011cec	str	x9, [x10]
0000000100011cf0	ldr	x9, [x11, #0x8]
0000000100011cf4	str	x9, [x10, #0x8]
0000000100011cf8	mov	x0, x29
0000000100011cfc	sub	x0, x0, #0x50
0000000100011d00	str	x0, [x28]
0000000100011d04	add	x28, x28, #0x8
0000000100011d08	ldur	x0, [x29, #-0x10]
0000000100011d0c	str	x0, [x28]
0000000100011d10	add	x28, x28, #0x8
0000000100011d14	sub	x28, x28, #0x8
0000000100011d18	ldr	x10, [x28]
0000000100011d1c	ldr	x0, [x10]
0000000100011d20	str	x0, [x28]
0000000100011d24	add	x28, x28, #0x8
0000000100011d28	ldur	x0, [x29, #-0x18]
0000000100011d2c	str	x0, [x28]
0000000100011d30	add	x28, x28, #0x8
0000000100011d34	sub	x28, x28, #0x8
0000000100011d38	ldr	x0, [x28]
0000000100011d3c	sxtw	x0, w0
0000000100011d40	str	x0, [x28]
0000000100011d44	add	x28, x28, #0x8
0000000100011d48	sub	x28, x28, #0x8
0000000100011d4c	ldr	x2, [x28]
0000000100011d50	sub	x28, x28, #0x8
0000000100011d54	ldr	x1, [x28]
0000000100011d58	sub	x28, x28, #0x8
0000000100011d5c	ldr	x0, [x28]
0000000100011d60	bl	0x10000ca94
0000000100011d64	str	x0, [x28]
0000000100011d68	add	x28, x28, #0x8
0000000100011d6c	sub	x28, x28, #0x8
0000000100011d70	ldr	x0, [x28]
0000000100011d74	ldur	x0, [x29, #-0x8]
0000000100011d78	str	x0, [x28]
0000000100011d7c	add	x28, x28, #0x8
0000000100011d80	sub	x28, x28, #0x8
0000000100011d84	ldr	x11, [x28]
0000000100011d88	mov	x10, x29
0000000100011d8c	sub	x10, x10, #0x60
0000000100011d90	ldr	x9, [x11]
0000000100011d94	str	x9, [x10]
0000000100011d98	ldr	x9, [x11, #0x8]
0000000100011d9c	str	x9, [x10, #0x8]
0000000100011da0	mov	x0, x29
0000000100011da4	sub	x0, x0, #0x60
0000000100011da8	str	x0, [x28]
0000000100011dac	add	x28, x28, #0x8
0000000100011db0	ldur	x0, [x29, #-0x10]
0000000100011db4	str	x0, [x28]
0000000100011db8	add	x28, x28, #0x8
0000000100011dbc	sub	x28, x28, #0x8
0000000100011dc0	ldr	x10, [x28]
0000000100011dc4	ldr	x0, [x10]
0000000100011dc8	str	x0, [x28]
0000000100011dcc	add	x28, x28, #0x8
0000000100011dd0	mov	x0, #0x4
0000000100011dd4	str	x0, [x28]
0000000100011dd8	add	x28, x28, #0x8
0000000100011ddc	sub	x28, x28, #0x8
0000000100011de0	ldr	x1, [x28]
0000000100011de4	sub	x28, x28, #0x8
0000000100011de8	ldr	x0, [x28]
0000000100011dec	add	x0, x0, x1
0000000100011df0	sxtw	x0, w0
0000000100011df4	str	x0, [x28]
0000000100011df8	add	x28, x28, #0x8
0000000100011dfc	ldur	x0, [x29, #-0x20]
0000000100011e00	str	x0, [x28]
0000000100011e04	add	x28, x28, #0x8
0000000100011e08	sub	x28, x28, #0x8
0000000100011e0c	ldr	x10, [x28]
0000000100011e10	ldr	x0, [x10, #0x8]
0000000100011e14	str	x0, [x28]
0000000100011e18	add	x28, x28, #0x8
0000000100011e1c	sub	x28, x28, #0x8
0000000100011e20	ldr	x2, [x28]
0000000100011e24	sub	x28, x28, #0x8
0000000100011e28	ldr	x1, [x28]
0000000100011e2c	sub	x28, x28, #0x8
0000000100011e30	ldr	x0, [x28]
0000000100011e34	bl	0x10000ca94
0000000100011e38	str	x0, [x28]
0000000100011e3c	add	x28, x28, #0x8
0000000100011e40	sub	x28, x28, #0x8
0000000100011e44	ldr	x0, [x28]
0000000100011e48	ldur	x0, [x29, #-0x8]
0000000100011e4c	str	x0, [x28]
0000000100011e50	add	x28, x28, #0x8
0000000100011e54	ldur	x0, [x29, #-0x10]
0000000100011e58	str	x0, [x28]
0000000100011e5c	add	x28, x28, #0x8
0000000100011e60	sub	x28, x28, #0x8
0000000100011e64	ldr	x10, [x28]
0000000100011e68	ldr	x0, [x10]
0000000100011e6c	str	x0, [x28]
0000000100011e70	add	x28, x28, #0x8
0000000100011e74	mov	x0, #0x8
0000000100011e78	str	x0, [x28]
0000000100011e7c	add	x28, x28, #0x8
0000000100011e80	sub	x28, x28, #0x8
0000000100011e84	ldr	x1, [x28]
0000000100011e88	sub	x28, x28, #0x8
0000000100011e8c	ldr	x0, [x28]
0000000100011e90	add	x0, x0, x1
0000000100011e94	sxtw	x0, w0
0000000100011e98	str	x0, [x28]
0000000100011e9c	add	x28, x28, #0x8
0000000100011ea0	ldur	x0, [x29, #-0x10]
0000000100011ea4	str	x0, [x28]
0000000100011ea8	add	x28, x28, #0x8
0000000100011eac	sub	x28, x28, #0x8
0000000100011eb0	ldr	x10, [x28]
0000000100011eb4	ldr	x0, [x10]
0000000100011eb8	str	x0, [x28]
0000000100011ebc	add	x28, x28, #0x8
0000000100011ec0	mov	x0, #0x8
0000000100011ec4	str	x0, [x28]
0000000100011ec8	add	x28, x28, #0x8
0000000100011ecc	sub	x28, x28, #0x8
0000000100011ed0	ldr	x1, [x28]
0000000100011ed4	sub	x28, x28, #0x8
0000000100011ed8	ldr	x0, [x28]
0000000100011edc	add	x0, x0, x1
0000000100011ee0	sxtw	x0, w0
0000000100011ee4	str	x0, [x28]
0000000100011ee8	add	x28, x28, #0x8
0000000100011eec	ldur	x0, [x29, #-0x20]
0000000100011ef0	str	x0, [x28]
0000000100011ef4	add	x28, x28, #0x8
0000000100011ef8	sub	x28, x28, #0x8
0000000100011efc	ldr	x10, [x28]
0000000100011f00	ldr	x0, [x10, #0x8]
0000000100011f04	str	x0, [x28]
0000000100011f08	add	x28, x28, #0x8
0000000100011f0c	sub	x28, x28, #0x8
0000000100011f10	ldr	x1, [x28]
0000000100011f14	sub	x28, x28, #0x8
0000000100011f18	ldr	x0, [x28]
0000000100011f1c	add	x0, x0, x1
0000000100011f20	sxtw	x0, w0
0000000100011f24	str	x0, [x28]
0000000100011f28	add	x28, x28, #0x8
0000000100011f2c	sub	x28, x28, #0x8
0000000100011f30	ldr	x13, [x28]
0000000100011f34	sub	x28, x28, #0x8
0000000100011f38	ldr	x12, [x28]
0000000100011f3c	sub	x28, x28, #0x8
0000000100011f40	ldr	x10, [x28]
0000000100011f44	ldr	x0, [x10]
0000000100011f48	ldr	x1, [x10, #0x8]
0000000100011f4c	mov	x9, #0x1
0000000100011f50	mul	x11, x12, x9
0000000100011f54	add	x0, x0, x11
0000000100011f58	sub	x13, x13, x12
0000000100011f5c	stur	x0, [x29, #-0x70]
0000000100011f60	stur	x13, [x29, #-0x68]
0000000100011f64	mov	x0, x29
0000000100011f68	sub	x0, x0, #0x70
0000000100011f6c	str	x0, [x28]
0000000100011f70	add	x28, x28, #0x8
0000000100011f74	sub	x28, x28, #0x8
0000000100011f78	ldr	x11, [x28]
0000000100011f7c	mov	x10, x29
0000000100011f80	sub	x10, x10, #0x80
0000000100011f84	ldr	x9, [x11]
0000000100011f88	str	x9, [x10]
0000000100011f8c	ldr	x9, [x11, #0x8]
0000000100011f90	str	x9, [x10, #0x8]
0000000100011f94	mov	x0, x29
0000000100011f98	sub	x0, x0, #0x80
0000000100011f9c	str	x0, [x28]
0000000100011fa0	add	x28, x28, #0x8
0000000100011fa4	ldur	x0, [x29, #-0x20]
0000000100011fa8	str	x0, [x28]
0000000100011fac	add	x28, x28, #0x8
0000000100011fb0	sub	x28, x28, #0x8
0000000100011fb4	ldr	x11, [x28]
0000000100011fb8	mov	x10, x29
0000000100011fbc	sub	x10, x10, #0x90
0000000100011fc0	ldr	x9, [x11]
0000000100011fc4	str	x9, [x10]
0000000100011fc8	ldr	x9, [x11, #0x8]
0000000100011fcc	str	x9, [x10, #0x8]
0000000100011fd0	mov	x0, x29
0000000100011fd4	sub	x0, x0, #0x90
0000000100011fd8	str	x0, [x28]
0000000100011fdc	add	x28, x28, #0x8
0000000100011fe0	sub	x28, x28, #0x8
0000000100011fe4	ldr	x1, [x28]
0000000100011fe8	sub	x28, x28, #0x8
0000000100011fec	ldr	x0, [x28]
0000000100011ff0	bl	0x10000c344
0000000100011ff4	str	x0, [x28]
0000000100011ff8	add	x28, x28, #0x8
0000000100011ffc	sub	x28, x28, #0x8
0000000100012000	ldr	x0, [x28]
0000000100012004	ldur	x0, [x29, #-0x10]
0000000100012008	str	x0, [x28]
000000010001200c	add	x28, x28, #0x8
0000000100012010	sub	x28, x28, #0x8
0000000100012014	ldr	x0, [x28]
0000000100012018	str	x0, [x28]
000000010001201c	add	x28, x28, #0x8
0000000100012020	ldur	x0, [x29, #-0x10]
0000000100012024	str	x0, [x28]
0000000100012028	add	x28, x28, #0x8
000000010001202c	sub	x28, x28, #0x8
0000000100012030	ldr	x10, [x28]
0000000100012034	ldr	x0, [x10]
0000000100012038	str	x0, [x28]
000000010001203c	add	x28, x28, #0x8
0000000100012040	mov	x0, #0x8
0000000100012044	str	x0, [x28]
0000000100012048	add	x28, x28, #0x8
000000010001204c	sub	x28, x28, #0x8
0000000100012050	ldr	x1, [x28]
0000000100012054	sub	x28, x28, #0x8
0000000100012058	ldr	x0, [x28]
000000010001205c	add	x0, x0, x1
0000000100012060	sxtw	x0, w0
0000000100012064	str	x0, [x28]
0000000100012068	add	x28, x28, #0x8
000000010001206c	ldur	x0, [x29, #-0x20]
0000000100012070	str	x0, [x28]
0000000100012074	add	x28, x28, #0x8
0000000100012078	sub	x28, x28, #0x8
000000010001207c	ldr	x10, [x28]
0000000100012080	ldr	x0, [x10, #0x8]
0000000100012084	str	x0, [x28]
0000000100012088	add	x28, x28, #0x8
000000010001208c	sub	x28, x28, #0x8
0000000100012090	ldr	x1, [x28]
0000000100012094	sub	x28, x28, #0x8
0000000100012098	ldr	x0, [x28]
000000010001209c	add	x0, x0, x1
00000001000120a0	sxtw	x0, w0
00000001000120a4	str	x0, [x28]
00000001000120a8	add	x28, x28, #0x8
00000001000120ac	sub	x28, x28, #0x8
00000001000120b0	ldr	x0, [x28]
00000001000120b4	sub	x28, x28, #0x8
00000001000120b8	ldr	x10, [x28]
00000001000120bc	str	x0, [x10]
00000001000120c0	mov	x0, #0x0
00000001000120c4	str	x0, [x28]
00000001000120c8	add	x28, x28, #0x8
00000001000120cc	sub	x28, x28, #0x8
00000001000120d0	ldr	x0, [x28]
00000001000120d4	b	0x1000120d8
00000001000120d8	mov	sp, x29
00000001000120dc	ldr	x29, [sp]
00000001000120e0	ldr	x30, [sp, #0x8]
00000001000120e4	ldr	x28, [sp, #0x10]
00000001000120e8	add	sp, sp, #0x20
00000001000120ec	ret
00000001000120f0	sub	sp, sp, #0x20
00000001000120f4	str	x29, [sp]
00000001000120f8	str	x30, [sp, #0x8]
00000001000120fc	str	x28, [sp, #0x10]
0000000100012100	mov	x29, sp
0000000100012104	sub	sp, sp, #0x360
0000000100012108	mov	x28, sp
000000010001210c	stur	x0, [x29, #-0x8]
0000000100012110	stur	x1, [x29, #-0x10]
0000000100012114	stur	x2, [x29, #-0x18]
0000000100012118	stur	x3, [x29, #-0x20]
000000010001211c	ldur	x0, [x29, #-0x8]
0000000100012120	str	x0, [x28]
0000000100012124	add	x28, x28, #0x8
0000000100012128	sub	x28, x28, #0x8
000000010001212c	ldr	x10, [x28]
0000000100012130	ldr	x0, [x10, #0x8]
0000000100012134	str	x0, [x28]
0000000100012138	add	x28, x28, #0x8
000000010001213c	mov	x0, #0xfc
0000000100012140	str	x0, [x28]
0000000100012144	add	x28, x28, #0x8
0000000100012148	sub	x28, x28, #0x8
000000010001214c	ldr	x1, [x28]
0000000100012150	sub	x28, x28, #0x8
0000000100012154	ldr	x0, [x28]
0000000100012158	cmp	x0, x1
000000010001215c	b.ge	0x100012168
0000000100012160	mov	x0, #0x1
0000000100012164	b	0x10001216c
0000000100012168	mov	x0, #0x0
000000010001216c	str	x0, [x28]
0000000100012170	add	x28, x28, #0x8
0000000100012174	sub	x28, x28, #0x8
0000000100012178	ldr	x0, [x28]
000000010001217c	cmp	x0, #0x0
0000000100012180	b.ne	0x1000121f4
0000000100012184	ldur	x0, [x29, #-0x8]
0000000100012188	str	x0, [x28]
000000010001218c	add	x28, x28, #0x8
0000000100012190	sub	x28, x28, #0x8
0000000100012194	ldr	x10, [x28]
0000000100012198	ldr	x0, [x10, #0x8]
000000010001219c	str	x0, [x28]
00000001000121a0	add	x28, x28, #0x8
00000001000121a4	bl	0x10000c1e0
00000001000121a8	str	x0, [x28]
00000001000121ac	add	x28, x28, #0x8
00000001000121b0	sub	x28, x28, #0x8
00000001000121b4	ldr	x1, [x28]
00000001000121b8	sub	x28, x28, #0x8
00000001000121bc	ldr	x0, [x28]
00000001000121c0	cmp	x0, x1
00000001000121c4	b.le	0x1000121d0
00000001000121c8	mov	x0, #0x1
00000001000121cc	b	0x1000121d4
00000001000121d0	mov	x0, #0x0
00000001000121d4	str	x0, [x28]
00000001000121d8	add	x28, x28, #0x8
00000001000121dc	sub	x28, x28, #0x8
00000001000121e0	ldr	x0, [x28]
00000001000121e4	cmp	x0, #0x0
00000001000121e8	b.ne	0x1000121f4
00000001000121ec	mov	x0, #0x0
00000001000121f0	b	0x1000121f8
00000001000121f4	mov	x0, #0x1
00000001000121f8	str	x0, [x28]
00000001000121fc	add	x28, x28, #0x8
0000000100012200	sub	x28, x28, #0x8
0000000100012204	ldr	x0, [x28]
0000000100012208	cmp	x0, #0x0
000000010001220c	b.ne	0x100012280
0000000100012210	ldur	x0, [x29, #-0x10]
0000000100012214	str	x0, [x28]
0000000100012218	add	x28, x28, #0x8
000000010001221c	sub	x28, x28, #0x8
0000000100012220	ldr	x10, [x28]
0000000100012224	ldr	x0, [x10, #0x8]
0000000100012228	str	x0, [x28]
000000010001222c	add	x28, x28, #0x8
0000000100012230	mov	x0, #0x20
0000000100012234	str	x0, [x28]
0000000100012238	add	x28, x28, #0x8
000000010001223c	sub	x28, x28, #0x8
0000000100012240	ldr	x1, [x28]
0000000100012244	sub	x28, x28, #0x8
0000000100012248	ldr	x0, [x28]
000000010001224c	cmp	x0, x1
0000000100012250	b.eq	0x10001225c
0000000100012254	mov	x0, #0x1
0000000100012258	b	0x100012260
000000010001225c	mov	x0, #0x0
0000000100012260	str	x0, [x28]
0000000100012264	add	x28, x28, #0x8
0000000100012268	sub	x28, x28, #0x8
000000010001226c	ldr	x0, [x28]
0000000100012270	cmp	x0, #0x0
0000000100012274	b.ne	0x100012280
0000000100012278	mov	x0, #0x0
000000010001227c	b	0x100012284
0000000100012280	mov	x0, #0x1
0000000100012284	str	x0, [x28]
0000000100012288	add	x28, x28, #0x8
000000010001228c	sub	x28, x28, #0x8
0000000100012290	ldr	x0, [x28]
0000000100012294	cmp	x0, #0x0
0000000100012298	b.ne	0x10001230c
000000010001229c	ldur	x0, [x29, #-0x18]
00000001000122a0	str	x0, [x28]
00000001000122a4	add	x28, x28, #0x8
00000001000122a8	sub	x28, x28, #0x8
00000001000122ac	ldr	x10, [x28]
00000001000122b0	ldr	x0, [x10, #0x8]
00000001000122b4	str	x0, [x28]
00000001000122b8	add	x28, x28, #0x8
00000001000122bc	mov	x0, #0x20
00000001000122c0	str	x0, [x28]
00000001000122c4	add	x28, x28, #0x8
00000001000122c8	sub	x28, x28, #0x8
00000001000122cc	ldr	x1, [x28]
00000001000122d0	sub	x28, x28, #0x8
00000001000122d4	ldr	x0, [x28]
00000001000122d8	cmp	x0, x1
00000001000122dc	b.eq	0x1000122e8
00000001000122e0	mov	x0, #0x1
00000001000122e4	b	0x1000122ec
00000001000122e8	mov	x0, #0x0
00000001000122ec	str	x0, [x28]
00000001000122f0	add	x28, x28, #0x8
00000001000122f4	sub	x28, x28, #0x8
00000001000122f8	ldr	x0, [x28]
00000001000122fc	cmp	x0, #0x0
0000000100012300	b.ne	0x10001230c
0000000100012304	mov	x0, #0x0
0000000100012308	b	0x100012310
000000010001230c	mov	x0, #0x1
0000000100012310	str	x0, [x28]
0000000100012314	add	x28, x28, #0x8
0000000100012318	sub	x28, x28, #0x8
000000010001231c	ldr	x0, [x28]
0000000100012320	cmp	x0, #0x0
0000000100012324	b.ne	0x100012384
0000000100012328	ldur	x0, [x29, #-0x20]
000000010001232c	str	x0, [x28]
0000000100012330	add	x28, x28, #0x8
0000000100012334	mov	x0, #0x1
0000000100012338	str	x0, [x28]
000000010001233c	add	x28, x28, #0x8
0000000100012340	sub	x28, x28, #0x8
0000000100012344	ldr	x1, [x28]
0000000100012348	sub	x28, x28, #0x8
000000010001234c	ldr	x0, [x28]
0000000100012350	cmp	x0, x1
0000000100012354	b.ge	0x100012360
0000000100012358	mov	x0, #0x1
000000010001235c	b	0x100012364
0000000100012360	mov	x0, #0x0
0000000100012364	str	x0, [x28]
0000000100012368	add	x28, x28, #0x8
000000010001236c	sub	x28, x28, #0x8
0000000100012370	ldr	x0, [x28]
0000000100012374	cmp	x0, #0x0
0000000100012378	b.ne	0x100012384
000000010001237c	mov	x0, #0x0
0000000100012380	b	0x100012388
0000000100012384	mov	x0, #0x1
0000000100012388	str	x0, [x28]
000000010001238c	add	x28, x28, #0x8
0000000100012390	sub	x28, x28, #0x8
0000000100012394	ldr	x0, [x28]
0000000100012398	cmp	x0, #0x0
000000010001239c	b.eq	0x1000123bc
00000001000123a0	bl	0x10000bf80
00000001000123a4	str	x0, [x28]
00000001000123a8	add	x28, x28, #0x8
00000001000123ac	sub	x28, x28, #0x8
00000001000123b0	ldr	x0, [x28]
00000001000123b4	b	0x1000139ec
00000001000123b8	b	0x1000123bc
00000001000123bc	ldur	x0, [x29, #-0x8]
00000001000123c0	str	x0, [x28]
00000001000123c4	add	x28, x28, #0x8
00000001000123c8	mov	x0, #0x0
00000001000123cc	str	x0, [x28]
00000001000123d0	add	x28, x28, #0x8
00000001000123d4	mov	x0, #0x8
00000001000123d8	str	x0, [x28]
00000001000123dc	add	x28, x28, #0x8
00000001000123e0	sub	x28, x28, #0x8
00000001000123e4	ldr	x13, [x28]
00000001000123e8	sub	x28, x28, #0x8
00000001000123ec	ldr	x12, [x28]
00000001000123f0	sub	x28, x28, #0x8
00000001000123f4	ldr	x10, [x28]
00000001000123f8	ldr	x0, [x10]
00000001000123fc	ldr	x1, [x10, #0x8]
0000000100012400	mov	x9, #0x1
0000000100012404	mul	x11, x12, x9
0000000100012408	add	x0, x0, x11
000000010001240c	sub	x13, x13, x12
0000000100012410	stur	x0, [x29, #-0x30]
0000000100012414	stur	x13, [x29, #-0x28]
0000000100012418	mov	x0, x29
000000010001241c	sub	x0, x0, #0x30
0000000100012420	str	x0, [x28]
0000000100012424	add	x28, x28, #0x8
0000000100012428	sub	x28, x28, #0x8
000000010001242c	ldr	x11, [x28]
0000000100012430	mov	x10, x29
0000000100012434	sub	x10, x10, #0x40
0000000100012438	ldr	x9, [x11]
000000010001243c	str	x9, [x10]
0000000100012440	ldr	x9, [x11, #0x8]
0000000100012444	str	x9, [x10, #0x8]
0000000100012448	mov	x0, x29
000000010001244c	sub	x0, x0, #0x40
0000000100012450	str	x0, [x28]
0000000100012454	add	x28, x28, #0x8
0000000100012458	adrp	x0, 6 ; 0x100018000
000000010001245c	add	x0, x0, #0x2d0
0000000100012460	stur	x0, [x29, #-0x50]
0000000100012464	mov	x0, #0x8
0000000100012468	stur	x0, [x29, #-0x48]
000000010001246c	mov	x0, x29
0000000100012470	sub	x0, x0, #0x50
0000000100012474	str	x0, [x28]
0000000100012478	add	x28, x28, #0x8
000000010001247c	sub	x28, x28, #0x8
0000000100012480	ldr	x11, [x28]
0000000100012484	mov	x10, x29
0000000100012488	sub	x10, x10, #0x60
000000010001248c	ldr	x9, [x11]
0000000100012490	str	x9, [x10]
0000000100012494	ldr	x9, [x11, #0x8]
0000000100012498	str	x9, [x10, #0x8]
000000010001249c	mov	x0, x29
00000001000124a0	sub	x0, x0, #0x60
00000001000124a4	str	x0, [x28]
00000001000124a8	add	x28, x28, #0x8
00000001000124ac	sub	x28, x28, #0x8
00000001000124b0	ldr	x1, [x28]
00000001000124b4	sub	x28, x28, #0x8
00000001000124b8	ldr	x0, [x28]
00000001000124bc	bl	0x100001514
00000001000124c0	str	x0, [x28]
00000001000124c4	add	x28, x28, #0x8
00000001000124c8	mov	x0, #0x1
00000001000124cc	str	x0, [x28]
00000001000124d0	add	x28, x28, #0x8
00000001000124d4	sub	x28, x28, #0x8
00000001000124d8	ldr	x1, [x28]
00000001000124dc	sub	x28, x28, #0x8
00000001000124e0	ldr	x0, [x28]
00000001000124e4	cmp	x0, x1
00000001000124e8	b.eq	0x1000124f4
00000001000124ec	mov	x0, #0x1
00000001000124f0	b	0x1000124f8
00000001000124f4	mov	x0, #0x0
00000001000124f8	str	x0, [x28]
00000001000124fc	add	x28, x28, #0x8
0000000100012500	sub	x28, x28, #0x8
0000000100012504	ldr	x0, [x28]
0000000100012508	cmp	x0, #0x0
000000010001250c	b.ne	0x1000125c4
0000000100012510	ldur	x0, [x29, #-0x8]
0000000100012514	str	x0, [x28]
0000000100012518	add	x28, x28, #0x8
000000010001251c	sub	x28, x28, #0x8
0000000100012520	ldr	x11, [x28]
0000000100012524	mov	x10, x29
0000000100012528	sub	x10, x10, #0x70
000000010001252c	ldr	x9, [x11]
0000000100012530	str	x9, [x10]
0000000100012534	ldr	x9, [x11, #0x8]
0000000100012538	str	x9, [x10, #0x8]
000000010001253c	mov	x0, x29
0000000100012540	sub	x0, x0, #0x70
0000000100012544	str	x0, [x28]
0000000100012548	add	x28, x28, #0x8
000000010001254c	mov	x0, #0x8
0000000100012550	str	x0, [x28]
0000000100012554	add	x28, x28, #0x8
0000000100012558	sub	x28, x28, #0x8
000000010001255c	ldr	x1, [x28]
0000000100012560	sub	x28, x28, #0x8
0000000100012564	ldr	x0, [x28]
0000000100012568	bl	0x10000c5c8
000000010001256c	str	x0, [x28]
0000000100012570	add	x28, x28, #0x8
0000000100012574	ldur	x0, [x29, #-0x20]
0000000100012578	str	x0, [x28]
000000010001257c	add	x28, x28, #0x8
0000000100012580	sub	x28, x28, #0x8
0000000100012584	ldr	x1, [x28]
0000000100012588	sub	x28, x28, #0x8
000000010001258c	ldr	x0, [x28]
0000000100012590	cmp	x0, x1
0000000100012594	b.eq	0x1000125a0
0000000100012598	mov	x0, #0x1
000000010001259c	b	0x1000125a4
00000001000125a0	mov	x0, #0x0
00000001000125a4	str	x0, [x28]
00000001000125a8	add	x28, x28, #0x8
00000001000125ac	sub	x28, x28, #0x8
00000001000125b0	ldr	x0, [x28]
00000001000125b4	cmp	x0, #0x0
00000001000125b8	b.ne	0x1000125c4
00000001000125bc	mov	x0, #0x0
00000001000125c0	b	0x1000125c8
00000001000125c4	mov	x0, #0x1
00000001000125c8	str	x0, [x28]
00000001000125cc	add	x28, x28, #0x8
00000001000125d0	sub	x28, x28, #0x8
00000001000125d4	ldr	x0, [x28]
00000001000125d8	cmp	x0, #0x0
00000001000125dc	b.ne	0x100012694
00000001000125e0	ldur	x0, [x29, #-0x8]
00000001000125e4	str	x0, [x28]
00000001000125e8	add	x28, x28, #0x8
00000001000125ec	sub	x28, x28, #0x8
00000001000125f0	ldr	x11, [x28]
00000001000125f4	mov	x10, x29
00000001000125f8	sub	x10, x10, #0x80
00000001000125fc	ldr	x9, [x11]
0000000100012600	str	x9, [x10]
0000000100012604	ldr	x9, [x11, #0x8]
0000000100012608	str	x9, [x10, #0x8]
000000010001260c	mov	x0, x29
0000000100012610	sub	x0, x0, #0x80
0000000100012614	str	x0, [x28]
0000000100012618	add	x28, x28, #0x8
000000010001261c	mov	x0, #0xc
0000000100012620	str	x0, [x28]
0000000100012624	add	x28, x28, #0x8
0000000100012628	sub	x28, x28, #0x8
000000010001262c	ldr	x1, [x28]
0000000100012630	sub	x28, x28, #0x8
0000000100012634	ldr	x0, [x28]
0000000100012638	bl	0x10000c5c8
000000010001263c	str	x0, [x28]
0000000100012640	add	x28, x28, #0x8
0000000100012644	mov	x0, #0xc
0000000100012648	str	x0, [x28]
000000010001264c	add	x28, x28, #0x8
0000000100012650	sub	x28, x28, #0x8
0000000100012654	ldr	x1, [x28]
0000000100012658	sub	x28, x28, #0x8
000000010001265c	ldr	x0, [x28]
0000000100012660	cmp	x0, x1
0000000100012664	b.eq	0x100012670
0000000100012668	mov	x0, #0x1
000000010001266c	b	0x100012674
0000000100012670	mov	x0, #0x0
0000000100012674	str	x0, [x28]
0000000100012678	add	x28, x28, #0x8
000000010001267c	sub	x28, x28, #0x8
0000000100012680	ldr	x0, [x28]
0000000100012684	cmp	x0, #0x0
0000000100012688	b.ne	0x100012694
000000010001268c	mov	x0, #0x0
0000000100012690	b	0x100012698
0000000100012694	mov	x0, #0x1
0000000100012698	str	x0, [x28]
000000010001269c	add	x28, x28, #0x8
00000001000126a0	sub	x28, x28, #0x8
00000001000126a4	ldr	x0, [x28]
00000001000126a8	cmp	x0, #0x0
00000001000126ac	b.ne	0x100012778
00000001000126b0	ldur	x0, [x29, #-0x8]
00000001000126b4	str	x0, [x28]
00000001000126b8	add	x28, x28, #0x8
00000001000126bc	sub	x28, x28, #0x8
00000001000126c0	ldr	x11, [x28]
00000001000126c4	mov	x10, x29
00000001000126c8	sub	x10, x10, #0x90
00000001000126cc	ldr	x9, [x11]
00000001000126d0	str	x9, [x10]
00000001000126d4	ldr	x9, [x11, #0x8]
00000001000126d8	str	x9, [x10, #0x8]
00000001000126dc	mov	x0, x29
00000001000126e0	sub	x0, x0, #0x90
00000001000126e4	str	x0, [x28]
00000001000126e8	add	x28, x28, #0x8
00000001000126ec	mov	x0, #0x10
00000001000126f0	str	x0, [x28]
00000001000126f4	add	x28, x28, #0x8
00000001000126f8	sub	x28, x28, #0x8
00000001000126fc	ldr	x1, [x28]
0000000100012700	sub	x28, x28, #0x8
0000000100012704	ldr	x0, [x28]
0000000100012708	bl	0x10000c5c8
000000010001270c	str	x0, [x28]
0000000100012710	add	x28, x28, #0x8
0000000100012714	ldur	x0, [x29, #-0x8]
0000000100012718	str	x0, [x28]
000000010001271c	add	x28, x28, #0x8
0000000100012720	sub	x28, x28, #0x8
0000000100012724	ldr	x10, [x28]
0000000100012728	ldr	x0, [x10, #0x8]
000000010001272c	str	x0, [x28]
0000000100012730	add	x28, x28, #0x8
0000000100012734	sub	x28, x28, #0x8
0000000100012738	ldr	x1, [x28]
000000010001273c	sub	x28, x28, #0x8
0000000100012740	ldr	x0, [x28]
0000000100012744	cmp	x0, x1
0000000100012748	b.eq	0x100012754
000000010001274c	mov	x0, #0x1
0000000100012750	b	0x100012758
0000000100012754	mov	x0, #0x0
0000000100012758	str	x0, [x28]
000000010001275c	add	x28, x28, #0x8
0000000100012760	sub	x28, x28, #0x8
0000000100012764	ldr	x0, [x28]
0000000100012768	cmp	x0, #0x0
000000010001276c	b.ne	0x100012778
0000000100012770	mov	x0, #0x0
0000000100012774	b	0x10001277c
0000000100012778	mov	x0, #0x1
000000010001277c	str	x0, [x28]
0000000100012780	add	x28, x28, #0x8
0000000100012784	sub	x28, x28, #0x8
0000000100012788	ldr	x0, [x28]
000000010001278c	cmp	x0, #0x0
0000000100012790	b.ne	0x100012894
0000000100012794	ldur	x0, [x29, #-0x8]
0000000100012798	str	x0, [x28]
000000010001279c	add	x28, x28, #0x8
00000001000127a0	mov	x0, #0x14
00000001000127a4	str	x0, [x28]
00000001000127a8	add	x28, x28, #0x8
00000001000127ac	mov	x0, #0x20
00000001000127b0	str	x0, [x28]
00000001000127b4	add	x28, x28, #0x8
00000001000127b8	sub	x28, x28, #0x8
00000001000127bc	ldr	x13, [x28]
00000001000127c0	sub	x28, x28, #0x8
00000001000127c4	ldr	x12, [x28]
00000001000127c8	sub	x28, x28, #0x8
00000001000127cc	ldr	x10, [x28]
00000001000127d0	ldr	x0, [x10]
00000001000127d4	ldr	x1, [x10, #0x8]
00000001000127d8	mov	x9, #0x1
00000001000127dc	mul	x11, x12, x9
00000001000127e0	add	x0, x0, x11
00000001000127e4	sub	x13, x13, x12
00000001000127e8	stur	x0, [x29, #-0xa0]
00000001000127ec	stur	x13, [x29, #-0x98]
00000001000127f0	mov	x0, x29
00000001000127f4	sub	x0, x0, #0xa0
00000001000127f8	str	x0, [x28]
00000001000127fc	add	x28, x28, #0x8
0000000100012800	sub	x28, x28, #0x8
0000000100012804	ldr	x11, [x28]
0000000100012808	mov	x10, x29
000000010001280c	sub	x10, x10, #0xb0
0000000100012810	ldr	x9, [x11]
0000000100012814	str	x9, [x10]
0000000100012818	ldr	x9, [x11, #0x8]
000000010001281c	str	x9, [x10, #0x8]
0000000100012820	mov	x0, x29
0000000100012824	sub	x0, x0, #0xb0
0000000100012828	str	x0, [x28]
000000010001282c	add	x28, x28, #0x8
0000000100012830	sub	x28, x28, #0x8
0000000100012834	ldr	x0, [x28]
0000000100012838	bl	0x10000cf84
000000010001283c	str	x0, [x28]
0000000100012840	add	x28, x28, #0x8
0000000100012844	mov	x0, #0x1
0000000100012848	str	x0, [x28]
000000010001284c	add	x28, x28, #0x8
0000000100012850	sub	x28, x28, #0x8
0000000100012854	ldr	x1, [x28]
0000000100012858	sub	x28, x28, #0x8
000000010001285c	ldr	x0, [x28]
0000000100012860	cmp	x0, x1
0000000100012864	b.eq	0x100012870
0000000100012868	mov	x0, #0x1
000000010001286c	b	0x100012874
0000000100012870	mov	x0, #0x0
0000000100012874	str	x0, [x28]
0000000100012878	add	x28, x28, #0x8
000000010001287c	sub	x28, x28, #0x8
0000000100012880	ldr	x0, [x28]
0000000100012884	cmp	x0, #0x0
0000000100012888	b.ne	0x100012894
000000010001288c	mov	x0, #0x0
0000000100012890	b	0x100012898
0000000100012894	mov	x0, #0x1
0000000100012898	str	x0, [x28]
000000010001289c	add	x28, x28, #0x8
00000001000128a0	sub	x28, x28, #0x8
00000001000128a4	ldr	x0, [x28]
00000001000128a8	cmp	x0, #0x0
00000001000128ac	b.ne	0x1000129b0
00000001000128b0	ldur	x0, [x29, #-0x8]
00000001000128b4	str	x0, [x28]
00000001000128b8	add	x28, x28, #0x8
00000001000128bc	mov	x0, #0x60
00000001000128c0	str	x0, [x28]
00000001000128c4	add	x28, x28, #0x8
00000001000128c8	mov	x0, #0x70
00000001000128cc	str	x0, [x28]
00000001000128d0	add	x28, x28, #0x8
00000001000128d4	sub	x28, x28, #0x8
00000001000128d8	ldr	x13, [x28]
00000001000128dc	sub	x28, x28, #0x8
00000001000128e0	ldr	x12, [x28]
00000001000128e4	sub	x28, x28, #0x8
00000001000128e8	ldr	x10, [x28]
00000001000128ec	ldr	x0, [x10]
00000001000128f0	ldr	x1, [x10, #0x8]
00000001000128f4	mov	x9, #0x1
00000001000128f8	mul	x11, x12, x9
00000001000128fc	add	x0, x0, x11
0000000100012900	sub	x13, x13, x12
0000000100012904	stur	x0, [x29, #-0xc0]
0000000100012908	stur	x13, [x29, #-0xb8]
000000010001290c	mov	x0, x29
0000000100012910	sub	x0, x0, #0xc0
0000000100012914	str	x0, [x28]
0000000100012918	add	x28, x28, #0x8
000000010001291c	sub	x28, x28, #0x8
0000000100012920	ldr	x11, [x28]
0000000100012924	mov	x10, x29
0000000100012928	sub	x10, x10, #0xd0
000000010001292c	ldr	x9, [x11]
0000000100012930	str	x9, [x10]
0000000100012934	ldr	x9, [x11, #0x8]
0000000100012938	str	x9, [x10, #0x8]
000000010001293c	mov	x0, x29
0000000100012940	sub	x0, x0, #0xd0
0000000100012944	str	x0, [x28]
0000000100012948	add	x28, x28, #0x8
000000010001294c	sub	x28, x28, #0x8
0000000100012950	ldr	x0, [x28]
0000000100012954	bl	0x10000cf84
0000000100012958	str	x0, [x28]
000000010001295c	add	x28, x28, #0x8
0000000100012960	mov	x0, #0x1
0000000100012964	str	x0, [x28]
0000000100012968	add	x28, x28, #0x8
000000010001296c	sub	x28, x28, #0x8
0000000100012970	ldr	x1, [x28]
0000000100012974	sub	x28, x28, #0x8
0000000100012978	ldr	x0, [x28]
000000010001297c	cmp	x0, x1
0000000100012980	b.eq	0x10001298c
0000000100012984	mov	x0, #0x1
0000000100012988	b	0x100012990
000000010001298c	mov	x0, #0x0
0000000100012990	str	x0, [x28]
0000000100012994	add	x28, x28, #0x8
0000000100012998	sub	x28, x28, #0x8
000000010001299c	ldr	x0, [x28]
00000001000129a0	cmp	x0, #0x0
00000001000129a4	b.ne	0x1000129b0
00000001000129a8	mov	x0, #0x0
00000001000129ac	b	0x1000129b4
00000001000129b0	mov	x0, #0x1
00000001000129b4	str	x0, [x28]
00000001000129b8	add	x28, x28, #0x8
00000001000129bc	sub	x28, x28, #0x8
00000001000129c0	ldr	x0, [x28]
00000001000129c4	cmp	x0, #0x0
00000001000129c8	b.eq	0x1000129e8
00000001000129cc	bl	0x10000bf80
00000001000129d0	str	x0, [x28]
00000001000129d4	add	x28, x28, #0x8
00000001000129d8	sub	x28, x28, #0x8
00000001000129dc	ldr	x0, [x28]
00000001000129e0	b	0x1000139ec
00000001000129e4	b	0x1000129e8
00000001000129e8	ldur	x0, [x29, #-0x10]
00000001000129ec	str	x0, [x28]
00000001000129f0	add	x28, x28, #0x8
00000001000129f4	sub	x28, x28, #0x8
00000001000129f8	ldr	x11, [x28]
00000001000129fc	mov	x10, x29
0000000100012a00	sub	x10, x10, #0xe0
0000000100012a04	ldr	x9, [x11]
0000000100012a08	str	x9, [x10]
0000000100012a0c	ldr	x9, [x11, #0x8]
0000000100012a10	str	x9, [x10, #0x8]
0000000100012a14	mov	x0, x29
0000000100012a18	sub	x0, x0, #0xe0
0000000100012a1c	str	x0, [x28]
0000000100012a20	add	x28, x28, #0x8
0000000100012a24	sub	x28, x28, #0x8
0000000100012a28	ldr	x0, [x28]
0000000100012a2c	bl	0x10000cf84
0000000100012a30	str	x0, [x28]
0000000100012a34	add	x28, x28, #0x8
0000000100012a38	mov	x0, #0x1
0000000100012a3c	str	x0, [x28]
0000000100012a40	add	x28, x28, #0x8
0000000100012a44	sub	x28, x28, #0x8
0000000100012a48	ldr	x1, [x28]
0000000100012a4c	sub	x28, x28, #0x8
0000000100012a50	ldr	x0, [x28]
0000000100012a54	cmp	x0, x1
0000000100012a58	b.ne	0x100012a64
0000000100012a5c	mov	x0, #0x1
0000000100012a60	b	0x100012a68
0000000100012a64	mov	x0, #0x0
0000000100012a68	str	x0, [x28]
0000000100012a6c	add	x28, x28, #0x8
0000000100012a70	sub	x28, x28, #0x8
0000000100012a74	ldr	x0, [x28]
0000000100012a78	cmp	x0, #0x0
0000000100012a7c	b.ne	0x100012bc4
0000000100012a80	ldur	x0, [x29, #-0x8]
0000000100012a84	str	x0, [x28]
0000000100012a88	add	x28, x28, #0x8
0000000100012a8c	mov	x0, #0x20
0000000100012a90	str	x0, [x28]
0000000100012a94	add	x28, x28, #0x8
0000000100012a98	mov	x0, #0x40
0000000100012a9c	str	x0, [x28]
0000000100012aa0	add	x28, x28, #0x8
0000000100012aa4	sub	x28, x28, #0x8
0000000100012aa8	ldr	x13, [x28]
0000000100012aac	sub	x28, x28, #0x8
0000000100012ab0	ldr	x12, [x28]
0000000100012ab4	sub	x28, x28, #0x8
0000000100012ab8	ldr	x10, [x28]
0000000100012abc	ldr	x0, [x10]
0000000100012ac0	ldr	x1, [x10, #0x8]
0000000100012ac4	mov	x9, #0x1
0000000100012ac8	mul	x11, x12, x9
0000000100012acc	add	x0, x0, x11
0000000100012ad0	sub	x13, x13, x12
0000000100012ad4	stur	x0, [x29, #-0xf0]
0000000100012ad8	stur	x13, [x29, #-0xe8]
0000000100012adc	mov	x0, x29
0000000100012ae0	sub	x0, x0, #0xf0
0000000100012ae4	str	x0, [x28]
0000000100012ae8	add	x28, x28, #0x8
0000000100012aec	sub	x28, x28, #0x8
0000000100012af0	ldr	x11, [x28]
0000000100012af4	mov	x10, x29
0000000100012af8	sub	x10, x10, #0x100
0000000100012afc	ldr	x9, [x11]
0000000100012b00	str	x9, [x10]
0000000100012b04	ldr	x9, [x11, #0x8]
0000000100012b08	str	x9, [x10, #0x8]
0000000100012b0c	mov	x0, x29
0000000100012b10	sub	x0, x0, #0x100
0000000100012b14	str	x0, [x28]
0000000100012b18	add	x28, x28, #0x8
0000000100012b1c	ldur	x0, [x29, #-0x10]
0000000100012b20	str	x0, [x28]
0000000100012b24	add	x28, x28, #0x8
0000000100012b28	sub	x28, x28, #0x8
0000000100012b2c	ldr	x11, [x28]
0000000100012b30	mov	x10, x29
0000000100012b34	sub	x10, x10, #0x110
0000000100012b38	ldr	x9, [x11]
0000000100012b3c	str	x9, [x10]
0000000100012b40	ldr	x9, [x11, #0x8]
0000000100012b44	str	x9, [x10, #0x8]
0000000100012b48	mov	x0, x29
0000000100012b4c	sub	x0, x0, #0x110
0000000100012b50	str	x0, [x28]
0000000100012b54	add	x28, x28, #0x8
0000000100012b58	sub	x28, x28, #0x8
0000000100012b5c	ldr	x1, [x28]
0000000100012b60	sub	x28, x28, #0x8
0000000100012b64	ldr	x0, [x28]
0000000100012b68	bl	0x100001514
0000000100012b6c	str	x0, [x28]
0000000100012b70	add	x28, x28, #0x8
0000000100012b74	mov	x0, #0x1
0000000100012b78	str	x0, [x28]
0000000100012b7c	add	x28, x28, #0x8
0000000100012b80	sub	x28, x28, #0x8
0000000100012b84	ldr	x1, [x28]
0000000100012b88	sub	x28, x28, #0x8
0000000100012b8c	ldr	x0, [x28]
0000000100012b90	cmp	x0, x1
0000000100012b94	b.eq	0x100012ba0
0000000100012b98	mov	x0, #0x1
0000000100012b9c	b	0x100012ba4
0000000100012ba0	mov	x0, #0x0
0000000100012ba4	str	x0, [x28]
0000000100012ba8	add	x28, x28, #0x8
0000000100012bac	sub	x28, x28, #0x8
0000000100012bb0	ldr	x0, [x28]
0000000100012bb4	cmp	x0, #0x0
0000000100012bb8	b.ne	0x100012bc4
0000000100012bbc	mov	x0, #0x0
0000000100012bc0	b	0x100012bc8
0000000100012bc4	mov	x0, #0x1
0000000100012bc8	str	x0, [x28]
0000000100012bcc	add	x28, x28, #0x8
0000000100012bd0	sub	x28, x28, #0x8
0000000100012bd4	ldr	x0, [x28]
0000000100012bd8	cmp	x0, #0x0
0000000100012bdc	b.ne	0x100012d54
0000000100012be0	ldur	x0, [x29, #-0x8]
0000000100012be4	str	x0, [x28]
0000000100012be8	add	x28, x28, #0x8
0000000100012bec	mov	x0, #0x40
0000000100012bf0	str	x0, [x28]
0000000100012bf4	add	x28, x28, #0x8
0000000100012bf8	mov	x0, #0x60
0000000100012bfc	str	x0, [x28]
0000000100012c00	add	x28, x28, #0x8
0000000100012c04	sub	x28, x28, #0x8
0000000100012c08	ldr	x13, [x28]
0000000100012c0c	sub	x28, x28, #0x8
0000000100012c10	ldr	x12, [x28]
0000000100012c14	sub	x28, x28, #0x8
0000000100012c18	ldr	x10, [x28]
0000000100012c1c	ldr	x0, [x10]
0000000100012c20	ldr	x1, [x10, #0x8]
0000000100012c24	mov	x9, #0x1
0000000100012c28	mul	x11, x12, x9
0000000100012c2c	add	x0, x0, x11
0000000100012c30	sub	x13, x13, x12
0000000100012c34	add	x17, x29, #0x0
0000000100012c38	mov	x16, #0xfee0
0000000100012c3c	movk	x16, #0xffff, lsl #16
0000000100012c40	movk	x16, #0xffff, lsl #32
0000000100012c44	movk	x16, #0xffff, lsl #48
0000000100012c48	add	x17, x17, x16
0000000100012c4c	str	x0, [x17]
0000000100012c50	add	x17, x29, #0x0
0000000100012c54	mov	x16, #0xfee8
0000000100012c58	movk	x16, #0xffff, lsl #16
0000000100012c5c	movk	x16, #0xffff, lsl #32
0000000100012c60	movk	x16, #0xffff, lsl #48
0000000100012c64	add	x17, x17, x16
0000000100012c68	str	x13, [x17]
0000000100012c6c	mov	x0, x29
0000000100012c70	sub	x0, x0, #0x120
0000000100012c74	str	x0, [x28]
0000000100012c78	add	x28, x28, #0x8
0000000100012c7c	sub	x28, x28, #0x8
0000000100012c80	ldr	x11, [x28]
0000000100012c84	mov	x10, x29
0000000100012c88	sub	x10, x10, #0x130
0000000100012c8c	ldr	x9, [x11]
0000000100012c90	str	x9, [x10]
0000000100012c94	ldr	x9, [x11, #0x8]
0000000100012c98	str	x9, [x10, #0x8]
0000000100012c9c	mov	x0, x29
0000000100012ca0	sub	x0, x0, #0x130
0000000100012ca4	str	x0, [x28]
0000000100012ca8	add	x28, x28, #0x8
0000000100012cac	ldur	x0, [x29, #-0x18]
0000000100012cb0	str	x0, [x28]
0000000100012cb4	add	x28, x28, #0x8
0000000100012cb8	sub	x28, x28, #0x8
0000000100012cbc	ldr	x11, [x28]
0000000100012cc0	mov	x10, x29
0000000100012cc4	sub	x10, x10, #0x140
0000000100012cc8	ldr	x9, [x11]
0000000100012ccc	str	x9, [x10]
0000000100012cd0	ldr	x9, [x11, #0x8]
0000000100012cd4	str	x9, [x10, #0x8]
0000000100012cd8	mov	x0, x29
0000000100012cdc	sub	x0, x0, #0x140
0000000100012ce0	str	x0, [x28]
0000000100012ce4	add	x28, x28, #0x8
0000000100012ce8	sub	x28, x28, #0x8
0000000100012cec	ldr	x1, [x28]
0000000100012cf0	sub	x28, x28, #0x8
0000000100012cf4	ldr	x0, [x28]
0000000100012cf8	bl	0x100001514
0000000100012cfc	str	x0, [x28]
0000000100012d00	add	x28, x28, #0x8
0000000100012d04	mov	x0, #0x1
0000000100012d08	str	x0, [x28]
0000000100012d0c	add	x28, x28, #0x8
0000000100012d10	sub	x28, x28, #0x8
0000000100012d14	ldr	x1, [x28]
0000000100012d18	sub	x28, x28, #0x8
0000000100012d1c	ldr	x0, [x28]
0000000100012d20	cmp	x0, x1
0000000100012d24	b.eq	0x100012d30
0000000100012d28	mov	x0, #0x1
0000000100012d2c	b	0x100012d34
0000000100012d30	mov	x0, #0x0
0000000100012d34	str	x0, [x28]
0000000100012d38	add	x28, x28, #0x8
0000000100012d3c	sub	x28, x28, #0x8
0000000100012d40	ldr	x0, [x28]
0000000100012d44	cmp	x0, #0x0
0000000100012d48	b.ne	0x100012d54
0000000100012d4c	mov	x0, #0x0
0000000100012d50	b	0x100012d58
0000000100012d54	mov	x0, #0x1
0000000100012d58	str	x0, [x28]
0000000100012d5c	add	x28, x28, #0x8
0000000100012d60	sub	x28, x28, #0x8
0000000100012d64	ldr	x0, [x28]
0000000100012d68	cmp	x0, #0x0
0000000100012d6c	b.eq	0x100012d8c
0000000100012d70	bl	0x10000c0b0
0000000100012d74	str	x0, [x28]
0000000100012d78	add	x28, x28, #0x8
0000000100012d7c	sub	x28, x28, #0x8
0000000100012d80	ldr	x0, [x28]
0000000100012d84	b	0x1000139ec
0000000100012d88	b	0x100012d8c
0000000100012d8c	ldur	x0, [x29, #-0x20]
0000000100012d90	str	x0, [x28]
0000000100012d94	add	x28, x28, #0x8
0000000100012d98	mov	x0, #0x1
0000000100012d9c	str	x0, [x28]
0000000100012da0	add	x28, x28, #0x8
0000000100012da4	sub	x28, x28, #0x8
0000000100012da8	ldr	x1, [x28]
0000000100012dac	sub	x28, x28, #0x8
0000000100012db0	ldr	x0, [x28]
0000000100012db4	cmp	x0, x1
0000000100012db8	b.ne	0x100012dc4
0000000100012dbc	mov	x0, #0x1
0000000100012dc0	b	0x100012dc8
0000000100012dc4	mov	x0, #0x0
0000000100012dc8	str	x0, [x28]
0000000100012dcc	add	x28, x28, #0x8
0000000100012dd0	sub	x28, x28, #0x8
0000000100012dd4	ldr	x0, [x28]
0000000100012dd8	cmp	x0, #0x0
0000000100012ddc	b.eq	0x100012e80
0000000100012de0	ldur	x0, [x29, #-0x18]
0000000100012de4	str	x0, [x28]
0000000100012de8	add	x28, x28, #0x8
0000000100012dec	sub	x28, x28, #0x8
0000000100012df0	ldr	x11, [x28]
0000000100012df4	mov	x10, x29
0000000100012df8	sub	x10, x10, #0x150
0000000100012dfc	ldr	x9, [x11]
0000000100012e00	str	x9, [x10]
0000000100012e04	ldr	x9, [x11, #0x8]
0000000100012e08	str	x9, [x10, #0x8]
0000000100012e0c	mov	x0, x29
0000000100012e10	sub	x0, x0, #0x150
0000000100012e14	str	x0, [x28]
0000000100012e18	add	x28, x28, #0x8
0000000100012e1c	sub	x28, x28, #0x8
0000000100012e20	ldr	x0, [x28]
0000000100012e24	bl	0x10000cf84
0000000100012e28	str	x0, [x28]
0000000100012e2c	add	x28, x28, #0x8
0000000100012e30	mov	x0, #0x1
0000000100012e34	str	x0, [x28]
0000000100012e38	add	x28, x28, #0x8
0000000100012e3c	sub	x28, x28, #0x8
0000000100012e40	ldr	x1, [x28]
0000000100012e44	sub	x28, x28, #0x8
0000000100012e48	ldr	x0, [x28]
0000000100012e4c	cmp	x0, x1
0000000100012e50	b.eq	0x100012e5c
0000000100012e54	mov	x0, #0x1
0000000100012e58	b	0x100012e60
0000000100012e5c	mov	x0, #0x0
0000000100012e60	str	x0, [x28]
0000000100012e64	add	x28, x28, #0x8
0000000100012e68	sub	x28, x28, #0x8
0000000100012e6c	ldr	x0, [x28]
0000000100012e70	cmp	x0, #0x0
0000000100012e74	b.eq	0x100012e80
0000000100012e78	mov	x0, #0x1
0000000100012e7c	b	0x100012e84
0000000100012e80	mov	x0, #0x0
0000000100012e84	str	x0, [x28]
0000000100012e88	add	x28, x28, #0x8
0000000100012e8c	sub	x28, x28, #0x8
0000000100012e90	ldr	x0, [x28]
0000000100012e94	cmp	x0, #0x0
0000000100012e98	b.ne	0x100012fb4
0000000100012e9c	ldur	x0, [x29, #-0x20]
0000000100012ea0	str	x0, [x28]
0000000100012ea4	add	x28, x28, #0x8
0000000100012ea8	mov	x0, #0x1
0000000100012eac	str	x0, [x28]
0000000100012eb0	add	x28, x28, #0x8
0000000100012eb4	sub	x28, x28, #0x8
0000000100012eb8	ldr	x1, [x28]
0000000100012ebc	sub	x28, x28, #0x8
0000000100012ec0	ldr	x0, [x28]
0000000100012ec4	cmp	x0, x1
0000000100012ec8	b.le	0x100012ed4
0000000100012ecc	mov	x0, #0x1
0000000100012ed0	b	0x100012ed8
0000000100012ed4	mov	x0, #0x0
0000000100012ed8	str	x0, [x28]
0000000100012edc	add	x28, x28, #0x8
0000000100012ee0	sub	x28, x28, #0x8
0000000100012ee4	ldr	x0, [x28]
0000000100012ee8	cmp	x0, #0x0
0000000100012eec	b.eq	0x100012f90
0000000100012ef0	ldur	x0, [x29, #-0x18]
0000000100012ef4	str	x0, [x28]
0000000100012ef8	add	x28, x28, #0x8
0000000100012efc	sub	x28, x28, #0x8
0000000100012f00	ldr	x11, [x28]
0000000100012f04	mov	x10, x29
0000000100012f08	sub	x10, x10, #0x160
0000000100012f0c	ldr	x9, [x11]
0000000100012f10	str	x9, [x10]
0000000100012f14	ldr	x9, [x11, #0x8]
0000000100012f18	str	x9, [x10, #0x8]
0000000100012f1c	mov	x0, x29
0000000100012f20	sub	x0, x0, #0x160
0000000100012f24	str	x0, [x28]
0000000100012f28	add	x28, x28, #0x8
0000000100012f2c	sub	x28, x28, #0x8
0000000100012f30	ldr	x0, [x28]
0000000100012f34	bl	0x10000cf84
0000000100012f38	str	x0, [x28]
0000000100012f3c	add	x28, x28, #0x8
0000000100012f40	mov	x0, #0x1
0000000100012f44	str	x0, [x28]
0000000100012f48	add	x28, x28, #0x8
0000000100012f4c	sub	x28, x28, #0x8
0000000100012f50	ldr	x1, [x28]
0000000100012f54	sub	x28, x28, #0x8
0000000100012f58	ldr	x0, [x28]
0000000100012f5c	cmp	x0, x1
0000000100012f60	b.ne	0x100012f6c
0000000100012f64	mov	x0, #0x1
0000000100012f68	b	0x100012f70
0000000100012f6c	mov	x0, #0x0
0000000100012f70	str	x0, [x28]
0000000100012f74	add	x28, x28, #0x8
0000000100012f78	sub	x28, x28, #0x8
0000000100012f7c	ldr	x0, [x28]
0000000100012f80	cmp	x0, #0x0
0000000100012f84	b.eq	0x100012f90
0000000100012f88	mov	x0, #0x1
0000000100012f8c	b	0x100012f94
0000000100012f90	mov	x0, #0x0
0000000100012f94	str	x0, [x28]
0000000100012f98	add	x28, x28, #0x8
0000000100012f9c	sub	x28, x28, #0x8
0000000100012fa0	ldr	x0, [x28]
0000000100012fa4	cmp	x0, #0x0
0000000100012fa8	b.ne	0x100012fb4
0000000100012fac	mov	x0, #0x0
0000000100012fb0	b	0x100012fb8
0000000100012fb4	mov	x0, #0x1
0000000100012fb8	str	x0, [x28]
0000000100012fbc	add	x28, x28, #0x8
0000000100012fc0	sub	x28, x28, #0x8
0000000100012fc4	ldr	x0, [x28]
0000000100012fc8	cmp	x0, #0x0
0000000100012fcc	b.eq	0x100012fec
0000000100012fd0	bl	0x10000c0b0
0000000100012fd4	str	x0, [x28]
0000000100012fd8	add	x28, x28, #0x8
0000000100012fdc	sub	x28, x28, #0x8
0000000100012fe0	ldr	x0, [x28]
0000000100012fe4	b	0x1000139ec
0000000100012fe8	b	0x100012fec
0000000100012fec	mov	x0, #0x70
0000000100012ff0	str	x0, [x28]
0000000100012ff4	add	x28, x28, #0x8
0000000100012ff8	sub	x28, x28, #0x8
0000000100012ffc	ldr	x0, [x28]
0000000100013000	add	x17, x29, #0x0
0000000100013004	mov	x16, #0xfe98
0000000100013008	movk	x16, #0xffff, lsl #16
000000010001300c	movk	x16, #0xffff, lsl #32
0000000100013010	movk	x16, #0xffff, lsl #48
0000000100013014	add	x17, x17, x16
0000000100013018	str	x0, [x17]
000000010001301c	mov	x0, #0x1
0000000100013020	str	x0, [x28]
0000000100013024	add	x28, x28, #0x8
0000000100013028	sub	x28, x28, #0x8
000000010001302c	ldr	x0, [x28]
0000000100013030	add	x17, x29, #0x0
0000000100013034	mov	x16, #0xfe90
0000000100013038	movk	x16, #0xffff, lsl #16
000000010001303c	movk	x16, #0xffff, lsl #32
0000000100013040	movk	x16, #0xffff, lsl #48
0000000100013044	add	x17, x17, x16
0000000100013048	str	x0, [x17]
000000010001304c	add	x17, x29, #0x0
0000000100013050	mov	x16, #0xfe90
0000000100013054	movk	x16, #0xffff, lsl #16
0000000100013058	movk	x16, #0xffff, lsl #32
000000010001305c	movk	x16, #0xffff, lsl #48
0000000100013060	add	x17, x17, x16
0000000100013064	ldr	x0, [x17]
0000000100013068	str	x0, [x28]
000000010001306c	add	x28, x28, #0x8
0000000100013070	bl	0x100010878
0000000100013074	str	x0, [x28]
0000000100013078	add	x28, x28, #0x8
000000010001307c	sub	x28, x28, #0x8
0000000100013080	ldr	x1, [x28]
0000000100013084	sub	x28, x28, #0x8
0000000100013088	ldr	x0, [x28]
000000010001308c	cmp	x0, x1
0000000100013090	b.gt	0x10001309c
0000000100013094	mov	x0, #0x1
0000000100013098	b	0x1000130a0
000000010001309c	mov	x0, #0x0
00000001000130a0	str	x0, [x28]
00000001000130a4	add	x28, x28, #0x8
00000001000130a8	sub	x28, x28, #0x8
00000001000130ac	ldr	x0, [x28]
00000001000130b0	cmp	x0, #0x0
00000001000130b4	b.eq	0x1000136b4
00000001000130b8	add	x17, x29, #0x0
00000001000130bc	mov	x16, #0xfe98
00000001000130c0	movk	x16, #0xffff, lsl #16
00000001000130c4	movk	x16, #0xffff, lsl #32
00000001000130c8	movk	x16, #0xffff, lsl #48
00000001000130cc	add	x17, x17, x16
00000001000130d0	ldr	x0, [x17]
00000001000130d4	str	x0, [x28]
00000001000130d8	add	x28, x28, #0x8
00000001000130dc	ldur	x0, [x29, #-0x8]
00000001000130e0	str	x0, [x28]
00000001000130e4	add	x28, x28, #0x8
00000001000130e8	sub	x28, x28, #0x8
00000001000130ec	ldr	x10, [x28]
00000001000130f0	ldr	x0, [x10, #0x8]
00000001000130f4	str	x0, [x28]
00000001000130f8	add	x28, x28, #0x8
00000001000130fc	mov	x0, #0x28
0000000100013100	str	x0, [x28]
0000000100013104	add	x28, x28, #0x8
0000000100013108	sub	x28, x28, #0x8
000000010001310c	ldr	x1, [x28]
0000000100013110	sub	x28, x28, #0x8
0000000100013114	ldr	x0, [x28]
0000000100013118	sub	x0, x0, x1
000000010001311c	str	x0, [x28]
0000000100013120	add	x28, x28, #0x8
0000000100013124	sub	x28, x28, #0x8
0000000100013128	ldr	x1, [x28]
000000010001312c	sub	x28, x28, #0x8
0000000100013130	ldr	x0, [x28]
0000000100013134	cmp	x0, x1
0000000100013138	b.le	0x100013144
000000010001313c	mov	x0, #0x1
0000000100013140	b	0x100013148
0000000100013144	mov	x0, #0x0
0000000100013148	str	x0, [x28]
000000010001314c	add	x28, x28, #0x8
0000000100013150	sub	x28, x28, #0x8
0000000100013154	ldr	x0, [x28]
0000000100013158	cmp	x0, #0x0
000000010001315c	b.ne	0x100013244
0000000100013160	ldur	x0, [x29, #-0x8]
0000000100013164	str	x0, [x28]
0000000100013168	add	x28, x28, #0x8
000000010001316c	sub	x28, x28, #0x8
0000000100013170	ldr	x11, [x28]
0000000100013174	mov	x10, x29
0000000100013178	sub	x10, x10, #0x180
000000010001317c	ldr	x9, [x11]
0000000100013180	str	x9, [x10]
0000000100013184	ldr	x9, [x11, #0x8]
0000000100013188	str	x9, [x10, #0x8]
000000010001318c	mov	x0, x29
0000000100013190	sub	x0, x0, #0x180
0000000100013194	str	x0, [x28]
0000000100013198	add	x28, x28, #0x8
000000010001319c	add	x17, x29, #0x0
00000001000131a0	mov	x16, #0xfe98
00000001000131a4	movk	x16, #0xffff, lsl #16
00000001000131a8	movk	x16, #0xffff, lsl #32
00000001000131ac	movk	x16, #0xffff, lsl #48
00000001000131b0	add	x17, x17, x16
00000001000131b4	ldr	x0, [x17]
00000001000131b8	str	x0, [x28]
00000001000131bc	add	x28, x28, #0x8
00000001000131c0	sub	x28, x28, #0x8
00000001000131c4	ldr	x1, [x28]
00000001000131c8	sub	x28, x28, #0x8
00000001000131cc	ldr	x0, [x28]
00000001000131d0	bl	0x10000c5c8
00000001000131d4	str	x0, [x28]
00000001000131d8	add	x28, x28, #0x8
00000001000131dc	add	x17, x29, #0x0
00000001000131e0	mov	x16, #0xfe90
00000001000131e4	movk	x16, #0xffff, lsl #16
00000001000131e8	movk	x16, #0xffff, lsl #32
00000001000131ec	movk	x16, #0xffff, lsl #48
00000001000131f0	add	x17, x17, x16
00000001000131f4	ldr	x0, [x17]
00000001000131f8	str	x0, [x28]
00000001000131fc	add	x28, x28, #0x8
0000000100013200	sub	x28, x28, #0x8
0000000100013204	ldr	x1, [x28]
0000000100013208	sub	x28, x28, #0x8
000000010001320c	ldr	x0, [x28]
0000000100013210	cmp	x0, x1
0000000100013214	b.eq	0x100013220
0000000100013218	mov	x0, #0x1
000000010001321c	b	0x100013224
0000000100013220	mov	x0, #0x0
0000000100013224	str	x0, [x28]
0000000100013228	add	x28, x28, #0x8
000000010001322c	sub	x28, x28, #0x8
0000000100013230	ldr	x0, [x28]
0000000100013234	cmp	x0, #0x0
0000000100013238	b.ne	0x100013244
000000010001323c	mov	x0, #0x0
0000000100013240	b	0x100013248
0000000100013244	mov	x0, #0x1
0000000100013248	str	x0, [x28]
000000010001324c	add	x28, x28, #0x8
0000000100013250	sub	x28, x28, #0x8
0000000100013254	ldr	x0, [x28]
0000000100013258	cmp	x0, #0x0
000000010001325c	b.eq	0x10001327c
0000000100013260	bl	0x10000bf80
0000000100013264	str	x0, [x28]
0000000100013268	add	x28, x28, #0x8
000000010001326c	sub	x28, x28, #0x8
0000000100013270	ldr	x0, [x28]
0000000100013274	b	0x1000139ec
0000000100013278	b	0x10001327c
000000010001327c	ldur	x0, [x29, #-0x8]
0000000100013280	str	x0, [x28]
0000000100013284	add	x28, x28, #0x8
0000000100013288	sub	x28, x28, #0x8
000000010001328c	ldr	x11, [x28]
0000000100013290	mov	x10, x29
0000000100013294	sub	x10, x10, #0x198
0000000100013298	ldr	x9, [x11]
000000010001329c	str	x9, [x10]
00000001000132a0	ldr	x9, [x11, #0x8]
00000001000132a4	str	x9, [x10, #0x8]
00000001000132a8	mov	x0, x29
00000001000132ac	sub	x0, x0, #0x198
00000001000132b0	str	x0, [x28]
00000001000132b4	add	x28, x28, #0x8
00000001000132b8	add	x17, x29, #0x0
00000001000132bc	mov	x16, #0xfe98
00000001000132c0	movk	x16, #0xffff, lsl #16
00000001000132c4	movk	x16, #0xffff, lsl #32
00000001000132c8	movk	x16, #0xffff, lsl #48
00000001000132cc	add	x17, x17, x16
00000001000132d0	ldr	x0, [x17]
00000001000132d4	str	x0, [x28]
00000001000132d8	add	x28, x28, #0x8
00000001000132dc	mov	x0, #0x4
00000001000132e0	str	x0, [x28]
00000001000132e4	add	x28, x28, #0x8
00000001000132e8	sub	x28, x28, #0x8
00000001000132ec	ldr	x1, [x28]
00000001000132f0	sub	x28, x28, #0x8
00000001000132f4	ldr	x0, [x28]
00000001000132f8	add	x0, x0, x1
00000001000132fc	sxtw	x0, w0
0000000100013300	str	x0, [x28]
0000000100013304	add	x28, x28, #0x8
0000000100013308	sub	x28, x28, #0x8
000000010001330c	ldr	x1, [x28]
0000000100013310	sub	x28, x28, #0x8
0000000100013314	ldr	x0, [x28]
0000000100013318	bl	0x10000c5c8
000000010001331c	str	x0, [x28]
0000000100013320	add	x28, x28, #0x8
0000000100013324	sub	x28, x28, #0x8
0000000100013328	ldr	x0, [x28]
000000010001332c	add	x17, x29, #0x0
0000000100013330	mov	x16, #0xfe78
0000000100013334	movk	x16, #0xffff, lsl #16
0000000100013338	movk	x16, #0xffff, lsl #32
000000010001333c	movk	x16, #0xffff, lsl #48
0000000100013340	add	x17, x17, x16
0000000100013344	str	x0, [x17]
0000000100013348	add	x17, x29, #0x0
000000010001334c	mov	x16, #0xfe78
0000000100013350	movk	x16, #0xffff, lsl #16
0000000100013354	movk	x16, #0xffff, lsl #32
0000000100013358	movk	x16, #0xffff, lsl #48
000000010001335c	add	x17, x17, x16
0000000100013360	ldr	x0, [x17]
0000000100013364	str	x0, [x28]
0000000100013368	add	x28, x28, #0x8
000000010001336c	mov	x0, #0x1
0000000100013370	str	x0, [x28]
0000000100013374	add	x28, x28, #0x8
0000000100013378	sub	x28, x28, #0x8
000000010001337c	ldr	x1, [x28]
0000000100013380	sub	x28, x28, #0x8
0000000100013384	ldr	x0, [x28]
0000000100013388	cmp	x0, x1
000000010001338c	b.ge	0x100013398
0000000100013390	mov	x0, #0x1
0000000100013394	b	0x10001339c
0000000100013398	mov	x0, #0x0
000000010001339c	str	x0, [x28]
00000001000133a0	add	x28, x28, #0x8
00000001000133a4	sub	x28, x28, #0x8
00000001000133a8	ldr	x0, [x28]
00000001000133ac	cmp	x0, #0x0
00000001000133b0	b.ne	0x10001342c
00000001000133b4	add	x17, x29, #0x0
00000001000133b8	mov	x16, #0xfe78
00000001000133bc	movk	x16, #0xffff, lsl #16
00000001000133c0	movk	x16, #0xffff, lsl #32
00000001000133c4	movk	x16, #0xffff, lsl #48
00000001000133c8	add	x17, x17, x16
00000001000133cc	ldr	x0, [x17]
00000001000133d0	str	x0, [x28]
00000001000133d4	add	x28, x28, #0x8
00000001000133d8	mov	x0, #0x0
00000001000133dc	movk	x0, #0x4, lsl #16
00000001000133e0	str	x0, [x28]
00000001000133e4	add	x28, x28, #0x8
00000001000133e8	sub	x28, x28, #0x8
00000001000133ec	ldr	x1, [x28]
00000001000133f0	sub	x28, x28, #0x8
00000001000133f4	ldr	x0, [x28]
00000001000133f8	cmp	x0, x1
00000001000133fc	b.le	0x100013408
0000000100013400	mov	x0, #0x1
0000000100013404	b	0x10001340c
0000000100013408	mov	x0, #0x0
000000010001340c	str	x0, [x28]
0000000100013410	add	x28, x28, #0x8
0000000100013414	sub	x28, x28, #0x8
0000000100013418	ldr	x0, [x28]
000000010001341c	cmp	x0, #0x0
0000000100013420	b.ne	0x10001342c
0000000100013424	mov	x0, #0x0
0000000100013428	b	0x100013430
000000010001342c	mov	x0, #0x1
0000000100013430	str	x0, [x28]
0000000100013434	add	x28, x28, #0x8
0000000100013438	sub	x28, x28, #0x8
000000010001343c	ldr	x0, [x28]
0000000100013440	cmp	x0, #0x0
0000000100013444	b.ne	0x100013538
0000000100013448	add	x17, x29, #0x0
000000010001344c	mov	x16, #0xfe78
0000000100013450	movk	x16, #0xffff, lsl #16
0000000100013454	movk	x16, #0xffff, lsl #32
0000000100013458	movk	x16, #0xffff, lsl #48
000000010001345c	add	x17, x17, x16
0000000100013460	ldr	x0, [x17]
0000000100013464	str	x0, [x28]
0000000100013468	add	x28, x28, #0x8
000000010001346c	ldur	x0, [x29, #-0x8]
0000000100013470	str	x0, [x28]
0000000100013474	add	x28, x28, #0x8
0000000100013478	sub	x28, x28, #0x8
000000010001347c	ldr	x10, [x28]
0000000100013480	ldr	x0, [x10, #0x8]
0000000100013484	str	x0, [x28]
0000000100013488	add	x28, x28, #0x8
000000010001348c	mov	x0, #0x28
0000000100013490	str	x0, [x28]
0000000100013494	add	x28, x28, #0x8
0000000100013498	sub	x28, x28, #0x8
000000010001349c	ldr	x1, [x28]
00000001000134a0	sub	x28, x28, #0x8
00000001000134a4	ldr	x0, [x28]
00000001000134a8	sub	x0, x0, x1
00000001000134ac	str	x0, [x28]
00000001000134b0	add	x28, x28, #0x8
00000001000134b4	add	x17, x29, #0x0
00000001000134b8	mov	x16, #0xfe98
00000001000134bc	movk	x16, #0xffff, lsl #16
00000001000134c0	movk	x16, #0xffff, lsl #32
00000001000134c4	movk	x16, #0xffff, lsl #48
00000001000134c8	add	x17, x17, x16
00000001000134cc	ldr	x0, [x17]
00000001000134d0	str	x0, [x28]
00000001000134d4	add	x28, x28, #0x8
00000001000134d8	sub	x28, x28, #0x8
00000001000134dc	ldr	x1, [x28]
00000001000134e0	sub	x28, x28, #0x8
00000001000134e4	ldr	x0, [x28]
00000001000134e8	sub	x0, x0, x1
00000001000134ec	str	x0, [x28]
00000001000134f0	add	x28, x28, #0x8
00000001000134f4	sub	x28, x28, #0x8
00000001000134f8	ldr	x1, [x28]
00000001000134fc	sub	x28, x28, #0x8
0000000100013500	ldr	x0, [x28]
0000000100013504	cmp	x0, x1
0000000100013508	b.le	0x100013514
000000010001350c	mov	x0, #0x1
0000000100013510	b	0x100013518
0000000100013514	mov	x0, #0x0
0000000100013518	str	x0, [x28]
000000010001351c	add	x28, x28, #0x8
0000000100013520	sub	x28, x28, #0x8
0000000100013524	ldr	x0, [x28]
0000000100013528	cmp	x0, #0x0
000000010001352c	b.ne	0x100013538
0000000100013530	mov	x0, #0x0
0000000100013534	b	0x10001353c
0000000100013538	mov	x0, #0x1
000000010001353c	str	x0, [x28]
0000000100013540	add	x28, x28, #0x8
0000000100013544	sub	x28, x28, #0x8
0000000100013548	ldr	x0, [x28]
000000010001354c	cmp	x0, #0x0
0000000100013550	b.eq	0x100013570
0000000100013554	bl	0x10000bfcc
0000000100013558	str	x0, [x28]
000000010001355c	add	x28, x28, #0x8
0000000100013560	sub	x28, x28, #0x8
0000000100013564	ldr	x0, [x28]
0000000100013568	b	0x1000139ec
000000010001356c	b	0x100013570
0000000100013570	mov	x0, x29
0000000100013574	sub	x0, x0, #0x168
0000000100013578	str	x0, [x28]
000000010001357c	add	x28, x28, #0x8
0000000100013580	add	x17, x29, #0x0
0000000100013584	mov	x16, #0xfe98
0000000100013588	movk	x16, #0xffff, lsl #16
000000010001358c	movk	x16, #0xffff, lsl #32
0000000100013590	movk	x16, #0xffff, lsl #48
0000000100013594	add	x17, x17, x16
0000000100013598	ldr	x0, [x17]
000000010001359c	str	x0, [x28]
00000001000135a0	add	x28, x28, #0x8
00000001000135a4	mov	x0, #0x8
00000001000135a8	str	x0, [x28]
00000001000135ac	add	x28, x28, #0x8
00000001000135b0	sub	x28, x28, #0x8
00000001000135b4	ldr	x1, [x28]
00000001000135b8	sub	x28, x28, #0x8
00000001000135bc	ldr	x0, [x28]
00000001000135c0	add	x0, x0, x1
00000001000135c4	sxtw	x0, w0
00000001000135c8	str	x0, [x28]
00000001000135cc	add	x28, x28, #0x8
00000001000135d0	add	x17, x29, #0x0
00000001000135d4	mov	x16, #0xfe78
00000001000135d8	movk	x16, #0xffff, lsl #16
00000001000135dc	movk	x16, #0xffff, lsl #32
00000001000135e0	movk	x16, #0xffff, lsl #48
00000001000135e4	add	x17, x17, x16
00000001000135e8	ldr	x0, [x17]
00000001000135ec	str	x0, [x28]
00000001000135f0	add	x28, x28, #0x8
00000001000135f4	sub	x28, x28, #0x8
00000001000135f8	ldr	x0, [x28]
00000001000135fc	sxtw	x0, w0
0000000100013600	str	x0, [x28]
0000000100013604	add	x28, x28, #0x8
0000000100013608	sub	x28, x28, #0x8
000000010001360c	ldr	x1, [x28]
0000000100013610	sub	x28, x28, #0x8
0000000100013614	ldr	x0, [x28]
0000000100013618	add	x0, x0, x1
000000010001361c	sxtw	x0, w0
0000000100013620	str	x0, [x28]
0000000100013624	add	x28, x28, #0x8
0000000100013628	sub	x28, x28, #0x8
000000010001362c	ldr	x0, [x28]
0000000100013630	sub	x28, x28, #0x8
0000000100013634	ldr	x10, [x28]
0000000100013638	str	x0, [x10]
000000010001363c	mov	x0, x29
0000000100013640	sub	x0, x0, #0x170
0000000100013644	str	x0, [x28]
0000000100013648	add	x28, x28, #0x8
000000010001364c	add	x17, x29, #0x0
0000000100013650	mov	x16, #0xfe90
0000000100013654	movk	x16, #0xffff, lsl #16
0000000100013658	movk	x16, #0xffff, lsl #32
000000010001365c	movk	x16, #0xffff, lsl #48
0000000100013660	add	x17, x17, x16
0000000100013664	ldr	x0, [x17]
0000000100013668	str	x0, [x28]
000000010001366c	add	x28, x28, #0x8
0000000100013670	mov	x0, #0x1
0000000100013674	str	x0, [x28]
0000000100013678	add	x28, x28, #0x8
000000010001367c	sub	x28, x28, #0x8
0000000100013680	ldr	x1, [x28]
0000000100013684	sub	x28, x28, #0x8
0000000100013688	ldr	x0, [x28]
000000010001368c	add	x0, x0, x1
0000000100013690	sxtw	x0, w0
0000000100013694	str	x0, [x28]
0000000100013698	add	x28, x28, #0x8
000000010001369c	sub	x28, x28, #0x8
00000001000136a0	ldr	x0, [x28]
00000001000136a4	sub	x28, x28, #0x8
00000001000136a8	ldr	x10, [x28]
00000001000136ac	str	x0, [x10]
00000001000136b0	b	0x10001304c
00000001000136b4	add	x17, x29, #0x0
00000001000136b8	mov	x16, #0xfe98
00000001000136bc	movk	x16, #0xffff, lsl #16
00000001000136c0	movk	x16, #0xffff, lsl #32
00000001000136c4	movk	x16, #0xffff, lsl #48
00000001000136c8	add	x17, x17, x16
00000001000136cc	ldr	x0, [x17]
00000001000136d0	str	x0, [x28]
00000001000136d4	add	x28, x28, #0x8
00000001000136d8	ldur	x0, [x29, #-0x8]
00000001000136dc	str	x0, [x28]
00000001000136e0	add	x28, x28, #0x8
00000001000136e4	sub	x28, x28, #0x8
00000001000136e8	ldr	x10, [x28]
00000001000136ec	ldr	x0, [x10, #0x8]
00000001000136f0	str	x0, [x28]
00000001000136f4	add	x28, x28, #0x8
00000001000136f8	mov	x0, #0x20
00000001000136fc	str	x0, [x28]
0000000100013700	add	x28, x28, #0x8
0000000100013704	sub	x28, x28, #0x8
0000000100013708	ldr	x1, [x28]
000000010001370c	sub	x28, x28, #0x8
0000000100013710	ldr	x0, [x28]
0000000100013714	sub	x0, x0, x1
0000000100013718	str	x0, [x28]
000000010001371c	add	x28, x28, #0x8
0000000100013720	sub	x28, x28, #0x8
0000000100013724	ldr	x1, [x28]
0000000100013728	sub	x28, x28, #0x8
000000010001372c	ldr	x0, [x28]
0000000100013730	cmp	x0, x1
0000000100013734	b.eq	0x100013740
0000000100013738	mov	x0, #0x1
000000010001373c	b	0x100013744
0000000100013740	mov	x0, #0x0
0000000100013744	str	x0, [x28]
0000000100013748	add	x28, x28, #0x8
000000010001374c	sub	x28, x28, #0x8
0000000100013750	ldr	x0, [x28]
0000000100013754	cmp	x0, #0x0
0000000100013758	b.eq	0x100013778
000000010001375c	bl	0x10000bf80
0000000100013760	str	x0, [x28]
0000000100013764	add	x28, x28, #0x8
0000000100013768	sub	x28, x28, #0x8
000000010001376c	ldr	x0, [x28]
0000000100013770	b	0x1000139ec
0000000100013774	b	0x100013778
0000000100013778	ldur	x0, [x29, #-0x8]
000000010001377c	str	x0, [x28]
0000000100013780	add	x28, x28, #0x8
0000000100013784	mov	x0, #0x0
0000000100013788	str	x0, [x28]
000000010001378c	add	x28, x28, #0x8
0000000100013790	add	x17, x29, #0x0
0000000100013794	mov	x16, #0xfe98
0000000100013798	movk	x16, #0xffff, lsl #16
000000010001379c	movk	x16, #0xffff, lsl #32
00000001000137a0	movk	x16, #0xffff, lsl #48
00000001000137a4	add	x17, x17, x16
00000001000137a8	ldr	x0, [x17]
00000001000137ac	str	x0, [x28]
00000001000137b0	add	x28, x28, #0x8
00000001000137b4	sub	x28, x28, #0x8
00000001000137b8	ldr	x13, [x28]
00000001000137bc	sub	x28, x28, #0x8
00000001000137c0	ldr	x12, [x28]
00000001000137c4	sub	x28, x28, #0x8
00000001000137c8	ldr	x10, [x28]
00000001000137cc	ldr	x0, [x10]
00000001000137d0	ldr	x1, [x10, #0x8]
00000001000137d4	mov	x9, #0x1
00000001000137d8	mul	x11, x12, x9
00000001000137dc	add	x0, x0, x11
00000001000137e0	sub	x13, x13, x12
00000001000137e4	add	x17, x29, #0x0
00000001000137e8	mov	x16, #0xfe58
00000001000137ec	movk	x16, #0xffff, lsl #16
00000001000137f0	movk	x16, #0xffff, lsl #32
00000001000137f4	movk	x16, #0xffff, lsl #48
00000001000137f8	add	x17, x17, x16
00000001000137fc	str	x0, [x17]
0000000100013800	add	x17, x29, #0x0
0000000100013804	mov	x16, #0xfe60
0000000100013808	movk	x16, #0xffff, lsl #16
000000010001380c	movk	x16, #0xffff, lsl #32
0000000100013810	movk	x16, #0xffff, lsl #48
0000000100013814	add	x17, x17, x16
0000000100013818	str	x13, [x17]
000000010001381c	mov	x0, x29
0000000100013820	sub	x0, x0, #0x1a8
0000000100013824	str	x0, [x28]
0000000100013828	add	x28, x28, #0x8
000000010001382c	sub	x28, x28, #0x8
0000000100013830	ldr	x11, [x28]
0000000100013834	mov	x10, x29
0000000100013838	sub	x10, x10, #0x1b8
000000010001383c	ldr	x9, [x11]
0000000100013840	str	x9, [x10]
0000000100013844	ldr	x9, [x11, #0x8]
0000000100013848	str	x9, [x10, #0x8]
000000010001384c	mov	x0, x29
0000000100013850	sub	x0, x0, #0x1b8
0000000100013854	str	x0, [x28]
0000000100013858	add	x28, x28, #0x8
000000010001385c	ldur	x0, [x29, #-0x8]
0000000100013860	str	x0, [x28]
0000000100013864	add	x28, x28, #0x8
0000000100013868	add	x17, x29, #0x0
000000010001386c	mov	x16, #0xfe98
0000000100013870	movk	x16, #0xffff, lsl #16
0000000100013874	movk	x16, #0xffff, lsl #32
0000000100013878	movk	x16, #0xffff, lsl #48
000000010001387c	add	x17, x17, x16
0000000100013880	ldr	x0, [x17]
0000000100013884	str	x0, [x28]
0000000100013888	add	x28, x28, #0x8
000000010001388c	ldur	x0, [x29, #-0x8]
0000000100013890	str	x0, [x28]
0000000100013894	add	x28, x28, #0x8
0000000100013898	sub	x28, x28, #0x8
000000010001389c	ldr	x10, [x28]
00000001000138a0	ldr	x0, [x10, #0x8]
00000001000138a4	str	x0, [x28]
00000001000138a8	add	x28, x28, #0x8
00000001000138ac	sub	x28, x28, #0x8
00000001000138b0	ldr	x13, [x28]
00000001000138b4	sub	x28, x28, #0x8
00000001000138b8	ldr	x12, [x28]
00000001000138bc	sub	x28, x28, #0x8
00000001000138c0	ldr	x10, [x28]
00000001000138c4	ldr	x0, [x10]
00000001000138c8	ldr	x1, [x10, #0x8]
00000001000138cc	mov	x9, #0x1
00000001000138d0	mul	x11, x12, x9
00000001000138d4	add	x0, x0, x11
00000001000138d8	sub	x13, x13, x12
00000001000138dc	add	x17, x29, #0x0
00000001000138e0	mov	x16, #0xfe38
00000001000138e4	movk	x16, #0xffff, lsl #16
00000001000138e8	movk	x16, #0xffff, lsl #32
00000001000138ec	movk	x16, #0xffff, lsl #48
00000001000138f0	add	x17, x17, x16
00000001000138f4	str	x0, [x17]
00000001000138f8	add	x17, x29, #0x0
00000001000138fc	mov	x16, #0xfe40
0000000100013900	movk	x16, #0xffff, lsl #16
0000000100013904	movk	x16, #0xffff, lsl #32
0000000100013908	movk	x16, #0xffff, lsl #48
000000010001390c	add	x17, x17, x16
0000000100013910	str	x13, [x17]
0000000100013914	mov	x0, x29
0000000100013918	sub	x0, x0, #0x1c8
000000010001391c	str	x0, [x28]
0000000100013920	add	x28, x28, #0x8
0000000100013924	sub	x28, x28, #0x8
0000000100013928	ldr	x11, [x28]
000000010001392c	mov	x10, x29
0000000100013930	sub	x10, x10, #0x1d8
0000000100013934	ldr	x9, [x11]
0000000100013938	str	x9, [x10]
000000010001393c	ldr	x9, [x11, #0x8]
0000000100013940	str	x9, [x10, #0x8]
0000000100013944	mov	x0, x29
0000000100013948	sub	x0, x0, #0x1d8
000000010001394c	str	x0, [x28]
0000000100013950	add	x28, x28, #0x8
0000000100013954	sub	x28, x28, #0x8
0000000100013958	ldr	x1, [x28]
000000010001395c	sub	x28, x28, #0x8
0000000100013960	ldr	x0, [x28]
0000000100013964	bl	0x10000d174
0000000100013968	str	x0, [x28]
000000010001396c	add	x28, x28, #0x8
0000000100013970	mov	x0, #0x1
0000000100013974	str	x0, [x28]
0000000100013978	add	x28, x28, #0x8
000000010001397c	sub	x28, x28, #0x8
0000000100013980	ldr	x1, [x28]
0000000100013984	sub	x28, x28, #0x8
0000000100013988	ldr	x0, [x28]
000000010001398c	cmp	x0, x1
0000000100013990	b.eq	0x10001399c
0000000100013994	mov	x0, #0x1
0000000100013998	b	0x1000139a0
000000010001399c	mov	x0, #0x0
00000001000139a0	str	x0, [x28]
00000001000139a4	add	x28, x28, #0x8
00000001000139a8	sub	x28, x28, #0x8
00000001000139ac	ldr	x0, [x28]
00000001000139b0	cmp	x0, #0x0
00000001000139b4	b.eq	0x1000139d4
00000001000139b8	bl	0x10000c0b0
00000001000139bc	str	x0, [x28]
00000001000139c0	add	x28, x28, #0x8
00000001000139c4	sub	x28, x28, #0x8
00000001000139c8	ldr	x0, [x28]
00000001000139cc	b	0x1000139ec
00000001000139d0	b	0x1000139d4
00000001000139d4	mov	x0, #0x0
00000001000139d8	str	x0, [x28]
00000001000139dc	add	x28, x28, #0x8
00000001000139e0	sub	x28, x28, #0x8
00000001000139e4	ldr	x0, [x28]
00000001000139e8	b	0x1000139ec
00000001000139ec	mov	sp, x29
00000001000139f0	ldr	x29, [sp]
00000001000139f4	ldr	x30, [sp, #0x8]
00000001000139f8	ldr	x28, [sp, #0x10]
00000001000139fc	add	sp, sp, #0x20
0000000100013a00	ret
0000000100013a04	sub	sp, sp, #0x20
0000000100013a08	str	x29, [sp]
0000000100013a0c	str	x30, [sp, #0x8]
0000000100013a10	str	x28, [sp, #0x10]
0000000100013a14	mov	x29, sp
0000000100013a18	sub	sp, sp, #0x260
0000000100013a1c	mov	x28, sp
0000000100013a20	stur	x0, [x29, #-0x8]
0000000100013a24	stur	x1, [x29, #-0x10]
0000000100013a28	ldur	x0, [x29, #-0x10]
0000000100013a2c	str	x0, [x28]
0000000100013a30	add	x28, x28, #0x8
0000000100013a34	mov	x0, #0x70
0000000100013a38	str	x0, [x28]
0000000100013a3c	add	x28, x28, #0x8
0000000100013a40	sub	x28, x28, #0x8
0000000100013a44	ldr	x1, [x28]
0000000100013a48	sub	x28, x28, #0x8
0000000100013a4c	ldr	x0, [x28]
0000000100013a50	cmp	x0, x1
0000000100013a54	b.ge	0x100013a60
0000000100013a58	mov	x0, #0x1
0000000100013a5c	b	0x100013a64
0000000100013a60	mov	x0, #0x0
0000000100013a64	str	x0, [x28]
0000000100013a68	add	x28, x28, #0x8
0000000100013a6c	sub	x28, x28, #0x8
0000000100013a70	ldr	x0, [x28]
0000000100013a74	cmp	x0, #0x0
0000000100013a78	b.ne	0x100013b14
0000000100013a7c	ldur	x0, [x29, #-0x10]
0000000100013a80	str	x0, [x28]
0000000100013a84	add	x28, x28, #0x8
0000000100013a88	ldur	x0, [x29, #-0x8]
0000000100013a8c	str	x0, [x28]
0000000100013a90	add	x28, x28, #0x8
0000000100013a94	sub	x28, x28, #0x8
0000000100013a98	ldr	x10, [x28]
0000000100013a9c	ldr	x0, [x10, #0x8]
0000000100013aa0	str	x0, [x28]
0000000100013aa4	add	x28, x28, #0x8
0000000100013aa8	mov	x0, #0x20
0000000100013aac	str	x0, [x28]
0000000100013ab0	add	x28, x28, #0x8
0000000100013ab4	sub	x28, x28, #0x8
0000000100013ab8	ldr	x1, [x28]
0000000100013abc	sub	x28, x28, #0x8
0000000100013ac0	ldr	x0, [x28]
0000000100013ac4	sub	x0, x0, x1
0000000100013ac8	str	x0, [x28]
0000000100013acc	add	x28, x28, #0x8
0000000100013ad0	sub	x28, x28, #0x8
0000000100013ad4	ldr	x1, [x28]
0000000100013ad8	sub	x28, x28, #0x8
0000000100013adc	ldr	x0, [x28]
0000000100013ae0	cmp	x0, x1
0000000100013ae4	b.le	0x100013af0
0000000100013ae8	mov	x0, #0x1
0000000100013aec	b	0x100013af4
0000000100013af0	mov	x0, #0x0
0000000100013af4	str	x0, [x28]
0000000100013af8	add	x28, x28, #0x8
0000000100013afc	sub	x28, x28, #0x8
0000000100013b00	ldr	x0, [x28]
0000000100013b04	cmp	x0, #0x0
0000000100013b08	b.ne	0x100013b14
0000000100013b0c	mov	x0, #0x0
0000000100013b10	b	0x100013b18
0000000100013b14	mov	x0, #0x1
0000000100013b18	str	x0, [x28]
0000000100013b1c	add	x28, x28, #0x8
0000000100013b20	sub	x28, x28, #0x8
0000000100013b24	ldr	x0, [x28]
0000000100013b28	cmp	x0, #0x0
0000000100013b2c	b.eq	0x100013b4c
0000000100013b30	bl	0x10000bfcc
0000000100013b34	str	x0, [x28]
0000000100013b38	add	x28, x28, #0x8
0000000100013b3c	sub	x28, x28, #0x8
0000000100013b40	ldr	x0, [x28]
0000000100013b44	b	0x1000140e8
0000000100013b48	b	0x100013b4c
0000000100013b4c	ldur	x0, [x29, #-0x10]
0000000100013b50	str	x0, [x28]
0000000100013b54	add	x28, x28, #0x8
0000000100013b58	mov	x0, #0x20
0000000100013b5c	str	x0, [x28]
0000000100013b60	add	x28, x28, #0x8
0000000100013b64	sub	x28, x28, #0x8
0000000100013b68	ldr	x1, [x28]
0000000100013b6c	sub	x28, x28, #0x8
0000000100013b70	ldr	x0, [x28]
0000000100013b74	add	x0, x0, x1
0000000100013b78	sxtw	x0, w0
0000000100013b7c	str	x0, [x28]
0000000100013b80	add	x28, x28, #0x8
0000000100013b84	sub	x28, x28, #0x8
0000000100013b88	ldr	x0, [x28]
0000000100013b8c	stur	x0, [x29, #-0x18]
0000000100013b90	ldur	x0, [x29, #-0x8]
0000000100013b94	str	x0, [x28]
0000000100013b98	add	x28, x28, #0x8
0000000100013b9c	sub	x28, x28, #0x8
0000000100013ba0	ldr	x11, [x28]
0000000100013ba4	mov	x10, x29
0000000100013ba8	sub	x10, x10, #0x28
0000000100013bac	ldr	x9, [x11]
0000000100013bb0	str	x9, [x10]
0000000100013bb4	ldr	x9, [x11, #0x8]
0000000100013bb8	str	x9, [x10, #0x8]
0000000100013bbc	mov	x0, x29
0000000100013bc0	sub	x0, x0, #0x28
0000000100013bc4	str	x0, [x28]
0000000100013bc8	add	x28, x28, #0x8
0000000100013bcc	mov	x0, #0x10
0000000100013bd0	str	x0, [x28]
0000000100013bd4	add	x28, x28, #0x8
0000000100013bd8	ldur	x0, [x29, #-0x18]
0000000100013bdc	str	x0, [x28]
0000000100013be0	add	x28, x28, #0x8
0000000100013be4	sub	x28, x28, #0x8
0000000100013be8	ldr	x0, [x28]
0000000100013bec	sxtw	x0, w0
0000000100013bf0	str	x0, [x28]
0000000100013bf4	add	x28, x28, #0x8
0000000100013bf8	sub	x28, x28, #0x8
0000000100013bfc	ldr	x2, [x28]
0000000100013c00	sub	x28, x28, #0x8
0000000100013c04	ldr	x1, [x28]
0000000100013c08	sub	x28, x28, #0x8
0000000100013c0c	ldr	x0, [x28]
0000000100013c10	bl	0x10000ca94
0000000100013c14	str	x0, [x28]
0000000100013c18	add	x28, x28, #0x8
0000000100013c1c	sub	x28, x28, #0x8
0000000100013c20	ldr	x0, [x28]
0000000100013c24	ldur	x0, [x29, #-0x8]
0000000100013c28	str	x0, [x28]
0000000100013c2c	add	x28, x28, #0x8
0000000100013c30	mov	x0, #0x0
0000000100013c34	str	x0, [x28]
0000000100013c38	add	x28, x28, #0x8
0000000100013c3c	ldur	x0, [x29, #-0x10]
0000000100013c40	str	x0, [x28]
0000000100013c44	add	x28, x28, #0x8
0000000100013c48	sub	x28, x28, #0x8
0000000100013c4c	ldr	x13, [x28]
0000000100013c50	sub	x28, x28, #0x8
0000000100013c54	ldr	x12, [x28]
0000000100013c58	sub	x28, x28, #0x8
0000000100013c5c	ldr	x10, [x28]
0000000100013c60	ldr	x0, [x10]
0000000100013c64	ldr	x1, [x10, #0x8]
0000000100013c68	mov	x9, #0x1
0000000100013c6c	mul	x11, x12, x9
0000000100013c70	add	x0, x0, x11
0000000100013c74	sub	x13, x13, x12
0000000100013c78	stur	x0, [x29, #-0x38]
0000000100013c7c	stur	x13, [x29, #-0x30]
0000000100013c80	mov	x0, x29
0000000100013c84	sub	x0, x0, #0x38
0000000100013c88	str	x0, [x28]
0000000100013c8c	add	x28, x28, #0x8
0000000100013c90	sub	x28, x28, #0x8
0000000100013c94	ldr	x11, [x28]
0000000100013c98	mov	x10, x29
0000000100013c9c	sub	x10, x10, #0x48
0000000100013ca0	ldr	x9, [x11]
0000000100013ca4	str	x9, [x10]
0000000100013ca8	ldr	x9, [x11, #0x8]
0000000100013cac	str	x9, [x10, #0x8]
0000000100013cb0	mov	x0, x29
0000000100013cb4	sub	x0, x0, #0x48
0000000100013cb8	str	x0, [x28]
0000000100013cbc	add	x28, x28, #0x8
0000000100013cc0	ldur	x0, [x29, #-0x8]
0000000100013cc4	str	x0, [x28]
0000000100013cc8	add	x28, x28, #0x8
0000000100013ccc	ldur	x0, [x29, #-0x10]
0000000100013cd0	str	x0, [x28]
0000000100013cd4	add	x28, x28, #0x8
0000000100013cd8	ldur	x0, [x29, #-0x18]
0000000100013cdc	str	x0, [x28]
0000000100013ce0	add	x28, x28, #0x8
0000000100013ce4	sub	x28, x28, #0x8
0000000100013ce8	ldr	x13, [x28]
0000000100013cec	sub	x28, x28, #0x8
0000000100013cf0	ldr	x12, [x28]
0000000100013cf4	sub	x28, x28, #0x8
0000000100013cf8	ldr	x10, [x28]
0000000100013cfc	ldr	x0, [x10]
0000000100013d00	ldr	x1, [x10, #0x8]
0000000100013d04	mov	x9, #0x1
0000000100013d08	mul	x11, x12, x9
0000000100013d0c	add	x0, x0, x11
0000000100013d10	sub	x13, x13, x12
0000000100013d14	stur	x0, [x29, #-0x58]
0000000100013d18	stur	x13, [x29, #-0x50]
0000000100013d1c	mov	x0, x29
0000000100013d20	sub	x0, x0, #0x58
0000000100013d24	str	x0, [x28]
0000000100013d28	add	x28, x28, #0x8
0000000100013d2c	sub	x28, x28, #0x8
0000000100013d30	ldr	x11, [x28]
0000000100013d34	mov	x10, x29
0000000100013d38	sub	x10, x10, #0x68
0000000100013d3c	ldr	x9, [x11]
0000000100013d40	str	x9, [x10]
0000000100013d44	ldr	x9, [x11, #0x8]
0000000100013d48	str	x9, [x10, #0x8]
0000000100013d4c	mov	x0, x29
0000000100013d50	sub	x0, x0, #0x68
0000000100013d54	str	x0, [x28]
0000000100013d58	add	x28, x28, #0x8
0000000100013d5c	sub	x28, x28, #0x8
0000000100013d60	ldr	x1, [x28]
0000000100013d64	sub	x28, x28, #0x8
0000000100013d68	ldr	x0, [x28]
0000000100013d6c	bl	0x1000070c8
0000000100013d70	str	x0, [x28]
0000000100013d74	add	x28, x28, #0x8
0000000100013d78	mov	x0, #0x0
0000000100013d7c	str	x0, [x28]
0000000100013d80	add	x28, x28, #0x8
0000000100013d84	sub	x28, x28, #0x8
0000000100013d88	ldr	x1, [x28]
0000000100013d8c	sub	x28, x28, #0x8
0000000100013d90	ldr	x0, [x28]
0000000100013d94	cmp	x0, x1
0000000100013d98	b.eq	0x100013da4
0000000100013d9c	mov	x0, #0x1
0000000100013da0	b	0x100013da8
0000000100013da4	mov	x0, #0x0
0000000100013da8	str	x0, [x28]
0000000100013dac	add	x28, x28, #0x8
0000000100013db0	sub	x28, x28, #0x8
0000000100013db4	ldr	x0, [x28]
0000000100013db8	cmp	x0, #0x0
0000000100013dbc	b.eq	0x100013ddc
0000000100013dc0	bl	0x10000c064
0000000100013dc4	str	x0, [x28]
0000000100013dc8	add	x28, x28, #0x8
0000000100013dcc	sub	x28, x28, #0x8
0000000100013dd0	ldr	x0, [x28]
0000000100013dd4	b	0x1000140e8
0000000100013dd8	b	0x100013ddc
0000000100013ddc	ldur	x0, [x29, #-0x8]
0000000100013de0	str	x0, [x28]
0000000100013de4	add	x28, x28, #0x8
0000000100013de8	mov	x0, #0x0
0000000100013dec	str	x0, [x28]
0000000100013df0	add	x28, x28, #0x8
0000000100013df4	ldur	x0, [x29, #-0x18]
0000000100013df8	str	x0, [x28]
0000000100013dfc	add	x28, x28, #0x8
0000000100013e00	sub	x28, x28, #0x8
0000000100013e04	ldr	x13, [x28]
0000000100013e08	sub	x28, x28, #0x8
0000000100013e0c	ldr	x12, [x28]
0000000100013e10	sub	x28, x28, #0x8
0000000100013e14	ldr	x10, [x28]
0000000100013e18	ldr	x0, [x10]
0000000100013e1c	ldr	x1, [x10, #0x8]
0000000100013e20	mov	x9, #0x1
0000000100013e24	mul	x11, x12, x9
0000000100013e28	add	x0, x0, x11
0000000100013e2c	sub	x13, x13, x12
0000000100013e30	stur	x0, [x29, #-0x80]
0000000100013e34	stur	x13, [x29, #-0x78]
0000000100013e38	mov	x0, x29
0000000100013e3c	sub	x0, x0, #0x80
0000000100013e40	str	x0, [x28]
0000000100013e44	add	x28, x28, #0x8
0000000100013e48	sub	x28, x28, #0x8
0000000100013e4c	ldr	x11, [x28]
0000000100013e50	mov	x10, x29
0000000100013e54	sub	x10, x10, #0x90
0000000100013e58	ldr	x9, [x11]
0000000100013e5c	str	x9, [x10]
0000000100013e60	ldr	x9, [x11, #0x8]
0000000100013e64	str	x9, [x10, #0x8]
0000000100013e68	mov	x0, x29
0000000100013e6c	sub	x0, x0, #0x90
0000000100013e70	str	x0, [x28]
0000000100013e74	add	x28, x28, #0x8
0000000100013e78	ldur	x0, [x29, #-0x8]
0000000100013e7c	str	x0, [x28]
0000000100013e80	add	x28, x28, #0x8
0000000100013e84	mov	x0, #0x20
0000000100013e88	str	x0, [x28]
0000000100013e8c	add	x28, x28, #0x8
0000000100013e90	mov	x0, #0x40
0000000100013e94	str	x0, [x28]
0000000100013e98	add	x28, x28, #0x8
0000000100013e9c	sub	x28, x28, #0x8
0000000100013ea0	ldr	x13, [x28]
0000000100013ea4	sub	x28, x28, #0x8
0000000100013ea8	ldr	x12, [x28]
0000000100013eac	sub	x28, x28, #0x8
0000000100013eb0	ldr	x10, [x28]
0000000100013eb4	ldr	x0, [x10]
0000000100013eb8	ldr	x1, [x10, #0x8]
0000000100013ebc	mov	x9, #0x1
0000000100013ec0	mul	x11, x12, x9
0000000100013ec4	add	x0, x0, x11
0000000100013ec8	sub	x13, x13, x12
0000000100013ecc	stur	x0, [x29, #-0xa0]
0000000100013ed0	stur	x13, [x29, #-0x98]
0000000100013ed4	mov	x0, x29
0000000100013ed8	sub	x0, x0, #0xa0
0000000100013edc	str	x0, [x28]
0000000100013ee0	add	x28, x28, #0x8
0000000100013ee4	sub	x28, x28, #0x8
0000000100013ee8	ldr	x11, [x28]
0000000100013eec	mov	x10, x29
0000000100013ef0	sub	x10, x10, #0xb0
0000000100013ef4	ldr	x9, [x11]
0000000100013ef8	str	x9, [x10]
0000000100013efc	ldr	x9, [x11, #0x8]
0000000100013f00	str	x9, [x10, #0x8]
0000000100013f04	mov	x0, x29
0000000100013f08	sub	x0, x0, #0xb0
0000000100013f0c	str	x0, [x28]
0000000100013f10	add	x28, x28, #0x8
0000000100013f14	ldur	x0, [x29, #-0x8]
0000000100013f18	str	x0, [x28]
0000000100013f1c	add	x28, x28, #0x8
0000000100013f20	mov	x0, #0x40
0000000100013f24	str	x0, [x28]
0000000100013f28	add	x28, x28, #0x8
0000000100013f2c	mov	x0, #0x60
0000000100013f30	str	x0, [x28]
0000000100013f34	add	x28, x28, #0x8
0000000100013f38	sub	x28, x28, #0x8
0000000100013f3c	ldr	x13, [x28]
0000000100013f40	sub	x28, x28, #0x8
0000000100013f44	ldr	x12, [x28]
0000000100013f48	sub	x28, x28, #0x8
0000000100013f4c	ldr	x10, [x28]
0000000100013f50	ldr	x0, [x10]
0000000100013f54	ldr	x1, [x10, #0x8]
0000000100013f58	mov	x9, #0x1
0000000100013f5c	mul	x11, x12, x9
0000000100013f60	add	x0, x0, x11
0000000100013f64	sub	x13, x13, x12
0000000100013f68	stur	x0, [x29, #-0xc0]
0000000100013f6c	stur	x13, [x29, #-0xb8]
0000000100013f70	mov	x0, x29
0000000100013f74	sub	x0, x0, #0xc0
0000000100013f78	str	x0, [x28]
0000000100013f7c	add	x28, x28, #0x8
0000000100013f80	sub	x28, x28, #0x8
0000000100013f84	ldr	x11, [x28]
0000000100013f88	mov	x10, x29
0000000100013f8c	sub	x10, x10, #0xd0
0000000100013f90	ldr	x9, [x11]
0000000100013f94	str	x9, [x10]
0000000100013f98	ldr	x9, [x11, #0x8]
0000000100013f9c	str	x9, [x10, #0x8]
0000000100013fa0	mov	x0, x29
0000000100013fa4	sub	x0, x0, #0xd0
0000000100013fa8	str	x0, [x28]
0000000100013fac	add	x28, x28, #0x8
0000000100013fb0	ldur	x0, [x29, #-0x8]
0000000100013fb4	str	x0, [x28]
0000000100013fb8	add	x28, x28, #0x8
0000000100013fbc	sub	x28, x28, #0x8
0000000100013fc0	ldr	x11, [x28]
0000000100013fc4	mov	x10, x29
0000000100013fc8	sub	x10, x10, #0xe0
0000000100013fcc	ldr	x9, [x11]
0000000100013fd0	str	x9, [x10]
0000000100013fd4	ldr	x9, [x11, #0x8]
0000000100013fd8	str	x9, [x10, #0x8]
0000000100013fdc	mov	x0, x29
0000000100013fe0	sub	x0, x0, #0xe0
0000000100013fe4	str	x0, [x28]
0000000100013fe8	add	x28, x28, #0x8
0000000100013fec	mov	x0, #0x8
0000000100013ff0	str	x0, [x28]
0000000100013ff4	add	x28, x28, #0x8
0000000100013ff8	sub	x28, x28, #0x8
0000000100013ffc	ldr	x1, [x28]
0000000100014000	sub	x28, x28, #0x8
0000000100014004	ldr	x0, [x28]
0000000100014008	bl	0x10000c5c8
000000010001400c	str	x0, [x28]
0000000100014010	add	x28, x28, #0x8
0000000100014014	sub	x28, x28, #0x8
0000000100014018	ldr	x0, [x28]
000000010001401c	sxtw	x0, w0
0000000100014020	str	x0, [x28]
0000000100014024	add	x28, x28, #0x8
0000000100014028	sub	x28, x28, #0x8
000000010001402c	ldr	x3, [x28]
0000000100014030	sub	x28, x28, #0x8
0000000100014034	ldr	x2, [x28]
0000000100014038	sub	x28, x28, #0x8
000000010001403c	ldr	x1, [x28]
0000000100014040	sub	x28, x28, #0x8
0000000100014044	ldr	x0, [x28]
0000000100014048	bl	0x1000120f0
000000010001404c	str	x0, [x28]
0000000100014050	add	x28, x28, #0x8
0000000100014054	sub	x28, x28, #0x8
0000000100014058	ldr	x0, [x28]
000000010001405c	stur	x0, [x29, #-0x70]
0000000100014060	ldur	x0, [x29, #-0x70]
0000000100014064	str	x0, [x28]
0000000100014068	add	x28, x28, #0x8
000000010001406c	mov	x0, #0x0
0000000100014070	str	x0, [x28]
0000000100014074	add	x28, x28, #0x8
0000000100014078	sub	x28, x28, #0x8
000000010001407c	ldr	x1, [x28]
0000000100014080	sub	x28, x28, #0x8
0000000100014084	ldr	x0, [x28]
0000000100014088	cmp	x0, x1
000000010001408c	b.eq	0x100014098
0000000100014090	mov	x0, #0x1
0000000100014094	b	0x10001409c
0000000100014098	mov	x0, #0x0
000000010001409c	str	x0, [x28]
00000001000140a0	add	x28, x28, #0x8
00000001000140a4	sub	x28, x28, #0x8
00000001000140a8	ldr	x0, [x28]
00000001000140ac	cmp	x0, #0x0
00000001000140b0	b.eq	0x1000140d0
00000001000140b4	ldur	x0, [x29, #-0x70]
00000001000140b8	str	x0, [x28]
00000001000140bc	add	x28, x28, #0x8
00000001000140c0	sub	x28, x28, #0x8
00000001000140c4	ldr	x0, [x28]
00000001000140c8	b	0x1000140e8
00000001000140cc	b	0x1000140d0
00000001000140d0	ldur	x0, [x29, #-0x18]
00000001000140d4	str	x0, [x28]
00000001000140d8	add	x28, x28, #0x8
00000001000140dc	sub	x28, x28, #0x8
00000001000140e0	ldr	x0, [x28]
00000001000140e4	b	0x1000140e8
00000001000140e8	mov	sp, x29
00000001000140ec	ldr	x29, [sp]
00000001000140f0	ldr	x30, [sp, #0x8]
00000001000140f4	ldr	x28, [sp, #0x10]
00000001000140f8	add	sp, sp, #0x20
00000001000140fc	ret
0000000100014100	sub	sp, sp, #0x20
0000000100014104	str	x29, [sp]
0000000100014108	str	x30, [sp, #0x8]
000000010001410c	str	x28, [sp, #0x10]
0000000100014110	mov	x29, sp
0000000100014114	sub	sp, sp, #0x250
0000000100014118	mov	x28, sp
000000010001411c	stur	x0, [x29, #-0x8]
0000000100014120	stur	x1, [x29, #-0x10]
0000000100014124	stur	x8, [x29, #-0x18]
0000000100014128	ldur	x0, [x29, #-0x8]
000000010001412c	str	x0, [x28]
0000000100014130	add	x28, x28, #0x8
0000000100014134	sub	x28, x28, #0x8
0000000100014138	ldr	x10, [x28]
000000010001413c	ldr	x0, [x10, #0x8]
0000000100014140	str	x0, [x28]
0000000100014144	add	x28, x28, #0x8
0000000100014148	mov	x0, #0xfc
000000010001414c	str	x0, [x28]
0000000100014150	add	x28, x28, #0x8
0000000100014154	sub	x28, x28, #0x8
0000000100014158	ldr	x1, [x28]
000000010001415c	sub	x28, x28, #0x8
0000000100014160	ldr	x0, [x28]
0000000100014164	cmp	x0, x1
0000000100014168	b.ge	0x100014174
000000010001416c	mov	x0, #0x1
0000000100014170	b	0x100014178
0000000100014174	mov	x0, #0x0
0000000100014178	str	x0, [x28]
000000010001417c	add	x28, x28, #0x8
0000000100014180	sub	x28, x28, #0x8
0000000100014184	ldr	x0, [x28]
0000000100014188	cmp	x0, #0x0
000000010001418c	b.ne	0x1000141ec
0000000100014190	ldur	x0, [x29, #-0x10]
0000000100014194	str	x0, [x28]
0000000100014198	add	x28, x28, #0x8
000000010001419c	mov	x0, #0x1
00000001000141a0	str	x0, [x28]
00000001000141a4	add	x28, x28, #0x8
00000001000141a8	sub	x28, x28, #0x8
00000001000141ac	ldr	x1, [x28]
00000001000141b0	sub	x28, x28, #0x8
00000001000141b4	ldr	x0, [x28]
00000001000141b8	cmp	x0, x1
00000001000141bc	b.ge	0x1000141c8
00000001000141c0	mov	x0, #0x1
00000001000141c4	b	0x1000141cc
00000001000141c8	mov	x0, #0x0
00000001000141cc	str	x0, [x28]
00000001000141d0	add	x28, x28, #0x8
00000001000141d4	sub	x28, x28, #0x8
00000001000141d8	ldr	x0, [x28]
00000001000141dc	cmp	x0, #0x0
00000001000141e0	b.ne	0x1000141ec
00000001000141e4	mov	x0, #0x0
00000001000141e8	b	0x1000141f0
00000001000141ec	mov	x0, #0x1
00000001000141f0	str	x0, [x28]
00000001000141f4	add	x28, x28, #0x8
00000001000141f8	sub	x28, x28, #0x8
00000001000141fc	ldr	x0, [x28]
0000000100014200	cmp	x0, #0x0
0000000100014204	b.ne	0x100014264
0000000100014208	ldur	x0, [x29, #-0x10]
000000010001420c	str	x0, [x28]
0000000100014210	add	x28, x28, #0x8
0000000100014214	mov	x0, #0xc
0000000100014218	str	x0, [x28]
000000010001421c	add	x28, x28, #0x8
0000000100014220	sub	x28, x28, #0x8
0000000100014224	ldr	x1, [x28]
0000000100014228	sub	x28, x28, #0x8
000000010001422c	ldr	x0, [x28]
0000000100014230	cmp	x0, x1
0000000100014234	b.le	0x100014240
0000000100014238	mov	x0, #0x1
000000010001423c	b	0x100014244
0000000100014240	mov	x0, #0x0
0000000100014244	str	x0, [x28]
0000000100014248	add	x28, x28, #0x8
000000010001424c	sub	x28, x28, #0x8
0000000100014250	ldr	x0, [x28]
0000000100014254	cmp	x0, #0x0
0000000100014258	b.ne	0x100014264
000000010001425c	mov	x0, #0x0
0000000100014260	b	0x100014268
0000000100014264	mov	x0, #0x1
0000000100014268	str	x0, [x28]
000000010001426c	add	x28, x28, #0x8
0000000100014270	sub	x28, x28, #0x8
0000000100014274	ldr	x0, [x28]
0000000100014278	cmp	x0, #0x0
000000010001427c	b.ne	0x1000144e8
0000000100014280	ldur	x0, [x29, #-0x8]
0000000100014284	str	x0, [x28]
0000000100014288	add	x28, x28, #0x8
000000010001428c	sub	x28, x28, #0x8
0000000100014290	ldr	x11, [x28]
0000000100014294	mov	x10, x29
0000000100014298	sub	x10, x10, #0x28
000000010001429c	ldr	x9, [x11]
00000001000142a0	str	x9, [x10]
00000001000142a4	ldr	x9, [x11, #0x8]
00000001000142a8	str	x9, [x10, #0x8]
00000001000142ac	mov	x0, x29
00000001000142b0	sub	x0, x0, #0x28
00000001000142b4	str	x0, [x28]
00000001000142b8	add	x28, x28, #0x8
00000001000142bc	ldur	x0, [x29, #-0x8]
00000001000142c0	str	x0, [x28]
00000001000142c4	add	x28, x28, #0x8
00000001000142c8	mov	x0, #0x20
00000001000142cc	str	x0, [x28]
00000001000142d0	add	x28, x28, #0x8
00000001000142d4	mov	x0, #0x40
00000001000142d8	str	x0, [x28]
00000001000142dc	add	x28, x28, #0x8
00000001000142e0	sub	x28, x28, #0x8
00000001000142e4	ldr	x13, [x28]
00000001000142e8	sub	x28, x28, #0x8
00000001000142ec	ldr	x12, [x28]
00000001000142f0	sub	x28, x28, #0x8
00000001000142f4	ldr	x10, [x28]
00000001000142f8	ldr	x0, [x10]
00000001000142fc	ldr	x1, [x10, #0x8]
0000000100014300	mov	x9, #0x1
0000000100014304	mul	x11, x12, x9
0000000100014308	add	x0, x0, x11
000000010001430c	sub	x13, x13, x12
0000000100014310	stur	x0, [x29, #-0x38]
0000000100014314	stur	x13, [x29, #-0x30]
0000000100014318	mov	x0, x29
000000010001431c	sub	x0, x0, #0x38
0000000100014320	str	x0, [x28]
0000000100014324	add	x28, x28, #0x8
0000000100014328	sub	x28, x28, #0x8
000000010001432c	ldr	x11, [x28]
0000000100014330	mov	x10, x29
0000000100014334	sub	x10, x10, #0x48
0000000100014338	ldr	x9, [x11]
000000010001433c	str	x9, [x10]
0000000100014340	ldr	x9, [x11, #0x8]
0000000100014344	str	x9, [x10, #0x8]
0000000100014348	mov	x0, x29
000000010001434c	sub	x0, x0, #0x48
0000000100014350	str	x0, [x28]
0000000100014354	add	x28, x28, #0x8
0000000100014358	ldur	x0, [x29, #-0x8]
000000010001435c	str	x0, [x28]
0000000100014360	add	x28, x28, #0x8
0000000100014364	mov	x0, #0x40
0000000100014368	str	x0, [x28]
000000010001436c	add	x28, x28, #0x8
0000000100014370	mov	x0, #0x60
0000000100014374	str	x0, [x28]
0000000100014378	add	x28, x28, #0x8
000000010001437c	sub	x28, x28, #0x8
0000000100014380	ldr	x13, [x28]
0000000100014384	sub	x28, x28, #0x8
0000000100014388	ldr	x12, [x28]
000000010001438c	sub	x28, x28, #0x8
0000000100014390	ldr	x10, [x28]
0000000100014394	ldr	x0, [x10]
0000000100014398	ldr	x1, [x10, #0x8]
000000010001439c	mov	x9, #0x1
00000001000143a0	mul	x11, x12, x9
00000001000143a4	add	x0, x0, x11
00000001000143a8	sub	x13, x13, x12
00000001000143ac	stur	x0, [x29, #-0x58]
00000001000143b0	stur	x13, [x29, #-0x50]
00000001000143b4	mov	x0, x29
00000001000143b8	sub	x0, x0, #0x58
00000001000143bc	str	x0, [x28]
00000001000143c0	add	x28, x28, #0x8
00000001000143c4	sub	x28, x28, #0x8
00000001000143c8	ldr	x11, [x28]
00000001000143cc	mov	x10, x29
00000001000143d0	sub	x10, x10, #0x68
00000001000143d4	ldr	x9, [x11]
00000001000143d8	str	x9, [x10]
00000001000143dc	ldr	x9, [x11, #0x8]
00000001000143e0	str	x9, [x10, #0x8]
00000001000143e4	mov	x0, x29
00000001000143e8	sub	x0, x0, #0x68
00000001000143ec	str	x0, [x28]
00000001000143f0	add	x28, x28, #0x8
00000001000143f4	ldur	x0, [x29, #-0x8]
00000001000143f8	str	x0, [x28]
00000001000143fc	add	x28, x28, #0x8
0000000100014400	sub	x28, x28, #0x8
0000000100014404	ldr	x11, [x28]
0000000100014408	mov	x10, x29
000000010001440c	sub	x10, x10, #0x78
0000000100014410	ldr	x9, [x11]
0000000100014414	str	x9, [x10]
0000000100014418	ldr	x9, [x11, #0x8]
000000010001441c	str	x9, [x10, #0x8]
0000000100014420	mov	x0, x29
0000000100014424	sub	x0, x0, #0x78
0000000100014428	str	x0, [x28]
000000010001442c	add	x28, x28, #0x8
0000000100014430	mov	x0, #0x8
0000000100014434	str	x0, [x28]
0000000100014438	add	x28, x28, #0x8
000000010001443c	sub	x28, x28, #0x8
0000000100014440	ldr	x1, [x28]
0000000100014444	sub	x28, x28, #0x8
0000000100014448	ldr	x0, [x28]
000000010001444c	bl	0x10000c5c8
0000000100014450	str	x0, [x28]
0000000100014454	add	x28, x28, #0x8
0000000100014458	sub	x28, x28, #0x8
000000010001445c	ldr	x0, [x28]
0000000100014460	sxtw	x0, w0
0000000100014464	str	x0, [x28]
0000000100014468	add	x28, x28, #0x8
000000010001446c	sub	x28, x28, #0x8
0000000100014470	ldr	x3, [x28]
0000000100014474	sub	x28, x28, #0x8
0000000100014478	ldr	x2, [x28]
000000010001447c	sub	x28, x28, #0x8
0000000100014480	ldr	x1, [x28]
0000000100014484	sub	x28, x28, #0x8
0000000100014488	ldr	x0, [x28]
000000010001448c	bl	0x1000120f0
0000000100014490	str	x0, [x28]
0000000100014494	add	x28, x28, #0x8
0000000100014498	mov	x0, #0x0
000000010001449c	str	x0, [x28]
00000001000144a0	add	x28, x28, #0x8
00000001000144a4	sub	x28, x28, #0x8
00000001000144a8	ldr	x1, [x28]
00000001000144ac	sub	x28, x28, #0x8
00000001000144b0	ldr	x0, [x28]
00000001000144b4	cmp	x0, x1
00000001000144b8	b.eq	0x1000144c4
00000001000144bc	mov	x0, #0x1
00000001000144c0	b	0x1000144c8
00000001000144c4	mov	x0, #0x0
00000001000144c8	str	x0, [x28]
00000001000144cc	add	x28, x28, #0x8
00000001000144d0	sub	x28, x28, #0x8
00000001000144d4	ldr	x0, [x28]
00000001000144d8	cmp	x0, #0x0
00000001000144dc	b.ne	0x1000144e8
00000001000144e0	mov	x0, #0x0
00000001000144e4	b	0x1000144ec
00000001000144e8	mov	x0, #0x1
00000001000144ec	str	x0, [x28]
00000001000144f0	add	x28, x28, #0x8
00000001000144f4	sub	x28, x28, #0x8
00000001000144f8	ldr	x0, [x28]
00000001000144fc	cmp	x0, #0x0
0000000100014500	b.eq	0x100014550
0000000100014504	adrp	x0, 4 ; 0x100018000
0000000100014508	add	x0, x0, #0x2d8
000000010001450c	stur	x0, [x29, #-0x88]
0000000100014510	mov	x0, #0x0
0000000100014514	stur	x0, [x29, #-0x80]
0000000100014518	mov	x0, x29
000000010001451c	sub	x0, x0, #0x88
0000000100014520	str	x0, [x28]
0000000100014524	add	x28, x28, #0x8
0000000100014528	sub	x28, x28, #0x8
000000010001452c	ldr	x11, [x28]
0000000100014530	ldur	x10, [x29, #-0x18]
0000000100014534	ldr	x9, [x11]
0000000100014538	str	x9, [x10]
000000010001453c	ldr	x9, [x11, #0x8]
0000000100014540	str	x9, [x10, #0x8]
0000000100014544	mov	x0, x10
0000000100014548	b	0x100014918
000000010001454c	b	0x100014550
0000000100014550	mov	x0, #0x70
0000000100014554	str	x0, [x28]
0000000100014558	add	x28, x28, #0x8
000000010001455c	sub	x28, x28, #0x8
0000000100014560	ldr	x0, [x28]
0000000100014564	stur	x0, [x29, #-0x90]
0000000100014568	mov	x0, #0x1
000000010001456c	str	x0, [x28]
0000000100014570	add	x28, x28, #0x8
0000000100014574	sub	x28, x28, #0x8
0000000100014578	ldr	x0, [x28]
000000010001457c	stur	x0, [x29, #-0x98]
0000000100014580	ldur	x0, [x29, #-0x98]
0000000100014584	str	x0, [x28]
0000000100014588	add	x28, x28, #0x8
000000010001458c	ldur	x0, [x29, #-0x10]
0000000100014590	str	x0, [x28]
0000000100014594	add	x28, x28, #0x8
0000000100014598	sub	x28, x28, #0x8
000000010001459c	ldr	x1, [x28]
00000001000145a0	sub	x28, x28, #0x8
00000001000145a4	ldr	x0, [x28]
00000001000145a8	cmp	x0, x1
00000001000145ac	b.ge	0x1000145b8
00000001000145b0	mov	x0, #0x1
00000001000145b4	b	0x1000145bc
00000001000145b8	mov	x0, #0x0
00000001000145bc	str	x0, [x28]
00000001000145c0	add	x28, x28, #0x8
00000001000145c4	sub	x28, x28, #0x8
00000001000145c8	ldr	x0, [x28]
00000001000145cc	cmp	x0, #0x0
00000001000145d0	b.eq	0x100014754
00000001000145d4	mov	x0, x29
00000001000145d8	sub	x0, x0, #0x90
00000001000145dc	str	x0, [x28]
00000001000145e0	add	x28, x28, #0x8
00000001000145e4	ldur	x0, [x29, #-0x90]
00000001000145e8	str	x0, [x28]
00000001000145ec	add	x28, x28, #0x8
00000001000145f0	mov	x0, #0x8
00000001000145f4	str	x0, [x28]
00000001000145f8	add	x28, x28, #0x8
00000001000145fc	sub	x28, x28, #0x8
0000000100014600	ldr	x1, [x28]
0000000100014604	sub	x28, x28, #0x8
0000000100014608	ldr	x0, [x28]
000000010001460c	add	x0, x0, x1
0000000100014610	sxtw	x0, w0
0000000100014614	str	x0, [x28]
0000000100014618	add	x28, x28, #0x8
000000010001461c	ldur	x0, [x29, #-0x8]
0000000100014620	str	x0, [x28]
0000000100014624	add	x28, x28, #0x8
0000000100014628	sub	x28, x28, #0x8
000000010001462c	ldr	x11, [x28]
0000000100014630	mov	x10, x29
0000000100014634	sub	x10, x10, #0xa8
0000000100014638	ldr	x9, [x11]
000000010001463c	str	x9, [x10]
0000000100014640	ldr	x9, [x11, #0x8]
0000000100014644	str	x9, [x10, #0x8]
0000000100014648	mov	x0, x29
000000010001464c	sub	x0, x0, #0xa8
0000000100014650	str	x0, [x28]
0000000100014654	add	x28, x28, #0x8
0000000100014658	ldur	x0, [x29, #-0x90]
000000010001465c	str	x0, [x28]
0000000100014660	add	x28, x28, #0x8
0000000100014664	mov	x0, #0x4
0000000100014668	str	x0, [x28]
000000010001466c	add	x28, x28, #0x8
0000000100014670	sub	x28, x28, #0x8
0000000100014674	ldr	x1, [x28]
0000000100014678	sub	x28, x28, #0x8
000000010001467c	ldr	x0, [x28]
0000000100014680	add	x0, x0, x1
0000000100014684	sxtw	x0, w0
0000000100014688	str	x0, [x28]
000000010001468c	add	x28, x28, #0x8
0000000100014690	sub	x28, x28, #0x8
0000000100014694	ldr	x1, [x28]
0000000100014698	sub	x28, x28, #0x8
000000010001469c	ldr	x0, [x28]
00000001000146a0	bl	0x10000c5c8
00000001000146a4	str	x0, [x28]
00000001000146a8	add	x28, x28, #0x8
00000001000146ac	sub	x28, x28, #0x8
00000001000146b0	ldr	x0, [x28]
00000001000146b4	sxtw	x0, w0
00000001000146b8	str	x0, [x28]
00000001000146bc	add	x28, x28, #0x8
00000001000146c0	sub	x28, x28, #0x8
00000001000146c4	ldr	x1, [x28]
00000001000146c8	sub	x28, x28, #0x8
00000001000146cc	ldr	x0, [x28]
00000001000146d0	add	x0, x0, x1
00000001000146d4	sxtw	x0, w0
00000001000146d8	str	x0, [x28]
00000001000146dc	add	x28, x28, #0x8
00000001000146e0	sub	x28, x28, #0x8
00000001000146e4	ldr	x0, [x28]
00000001000146e8	sub	x28, x28, #0x8
00000001000146ec	ldr	x10, [x28]
00000001000146f0	str	x0, [x10]
00000001000146f4	mov	x0, x29
00000001000146f8	sub	x0, x0, #0x98
00000001000146fc	str	x0, [x28]
0000000100014700	add	x28, x28, #0x8
0000000100014704	ldur	x0, [x29, #-0x98]
0000000100014708	str	x0, [x28]
000000010001470c	add	x28, x28, #0x8
0000000100014710	mov	x0, #0x1
0000000100014714	str	x0, [x28]
0000000100014718	add	x28, x28, #0x8
000000010001471c	sub	x28, x28, #0x8
0000000100014720	ldr	x1, [x28]
0000000100014724	sub	x28, x28, #0x8
0000000100014728	ldr	x0, [x28]
000000010001472c	add	x0, x0, x1
0000000100014730	sxtw	x0, w0
0000000100014734	str	x0, [x28]
0000000100014738	add	x28, x28, #0x8
000000010001473c	sub	x28, x28, #0x8
0000000100014740	ldr	x0, [x28]
0000000100014744	sub	x28, x28, #0x8
0000000100014748	ldr	x10, [x28]
000000010001474c	str	x0, [x10]
0000000100014750	b	0x100014580
0000000100014754	ldur	x0, [x29, #-0x8]
0000000100014758	str	x0, [x28]
000000010001475c	add	x28, x28, #0x8
0000000100014760	sub	x28, x28, #0x8
0000000100014764	ldr	x11, [x28]
0000000100014768	mov	x10, x29
000000010001476c	sub	x10, x10, #0xc0
0000000100014770	ldr	x9, [x11]
0000000100014774	str	x9, [x10]
0000000100014778	ldr	x9, [x11, #0x8]
000000010001477c	str	x9, [x10, #0x8]
0000000100014780	mov	x0, x29
0000000100014784	sub	x0, x0, #0xc0
0000000100014788	str	x0, [x28]
000000010001478c	add	x28, x28, #0x8
0000000100014790	ldur	x0, [x29, #-0x90]
0000000100014794	str	x0, [x28]
0000000100014798	add	x28, x28, #0x8
000000010001479c	mov	x0, #0x4
00000001000147a0	str	x0, [x28]
00000001000147a4	add	x28, x28, #0x8
00000001000147a8	sub	x28, x28, #0x8
00000001000147ac	ldr	x1, [x28]
00000001000147b0	sub	x28, x28, #0x8
00000001000147b4	ldr	x0, [x28]
00000001000147b8	add	x0, x0, x1
00000001000147bc	sxtw	x0, w0
00000001000147c0	str	x0, [x28]
00000001000147c4	add	x28, x28, #0x8
00000001000147c8	sub	x28, x28, #0x8
00000001000147cc	ldr	x1, [x28]
00000001000147d0	sub	x28, x28, #0x8
00000001000147d4	ldr	x0, [x28]
00000001000147d8	bl	0x10000c5c8
00000001000147dc	str	x0, [x28]
00000001000147e0	add	x28, x28, #0x8
00000001000147e4	sub	x28, x28, #0x8
00000001000147e8	ldr	x0, [x28]
00000001000147ec	sxtw	x0, w0
00000001000147f0	str	x0, [x28]
00000001000147f4	add	x28, x28, #0x8
00000001000147f8	sub	x28, x28, #0x8
00000001000147fc	ldr	x0, [x28]
0000000100014800	stur	x0, [x29, #-0xb0]
0000000100014804	ldur	x0, [x29, #-0x8]
0000000100014808	str	x0, [x28]
000000010001480c	add	x28, x28, #0x8
0000000100014810	ldur	x0, [x29, #-0x90]
0000000100014814	str	x0, [x28]
0000000100014818	add	x28, x28, #0x8
000000010001481c	mov	x0, #0x8
0000000100014820	str	x0, [x28]
0000000100014824	add	x28, x28, #0x8
0000000100014828	sub	x28, x28, #0x8
000000010001482c	ldr	x1, [x28]
0000000100014830	sub	x28, x28, #0x8
0000000100014834	ldr	x0, [x28]
0000000100014838	add	x0, x0, x1
000000010001483c	sxtw	x0, w0
0000000100014840	str	x0, [x28]
0000000100014844	add	x28, x28, #0x8
0000000100014848	ldur	x0, [x29, #-0x90]
000000010001484c	str	x0, [x28]
0000000100014850	add	x28, x28, #0x8
0000000100014854	mov	x0, #0x8
0000000100014858	str	x0, [x28]
000000010001485c	add	x28, x28, #0x8
0000000100014860	sub	x28, x28, #0x8
0000000100014864	ldr	x1, [x28]
0000000100014868	sub	x28, x28, #0x8
000000010001486c	ldr	x0, [x28]
0000000100014870	add	x0, x0, x1
0000000100014874	sxtw	x0, w0
0000000100014878	str	x0, [x28]
000000010001487c	add	x28, x28, #0x8
0000000100014880	ldur	x0, [x29, #-0xb0]
0000000100014884	str	x0, [x28]
0000000100014888	add	x28, x28, #0x8
000000010001488c	sub	x28, x28, #0x8
0000000100014890	ldr	x1, [x28]
0000000100014894	sub	x28, x28, #0x8
0000000100014898	ldr	x0, [x28]
000000010001489c	add	x0, x0, x1
00000001000148a0	sxtw	x0, w0
00000001000148a4	str	x0, [x28]
00000001000148a8	add	x28, x28, #0x8
00000001000148ac	sub	x28, x28, #0x8
00000001000148b0	ldr	x13, [x28]
00000001000148b4	sub	x28, x28, #0x8
00000001000148b8	ldr	x12, [x28]
00000001000148bc	sub	x28, x28, #0x8
00000001000148c0	ldr	x10, [x28]
00000001000148c4	ldr	x0, [x10]
00000001000148c8	ldr	x1, [x10, #0x8]
00000001000148cc	mov	x9, #0x1
00000001000148d0	mul	x11, x12, x9
00000001000148d4	add	x0, x0, x11
00000001000148d8	sub	x13, x13, x12
00000001000148dc	stur	x0, [x29, #-0xd0]
00000001000148e0	stur	x13, [x29, #-0xc8]
00000001000148e4	mov	x0, x29
00000001000148e8	sub	x0, x0, #0xd0
00000001000148ec	str	x0, [x28]
00000001000148f0	add	x28, x28, #0x8
00000001000148f4	sub	x28, x28, #0x8
00000001000148f8	ldr	x11, [x28]
00000001000148fc	ldur	x10, [x29, #-0x18]
0000000100014900	ldr	x9, [x11]
0000000100014904	str	x9, [x10]
0000000100014908	ldr	x9, [x11, #0x8]
000000010001490c	str	x9, [x10, #0x8]
0000000100014910	mov	x0, x10
0000000100014914	b	0x100014918
0000000100014918	mov	sp, x29
000000010001491c	ldr	x29, [sp]
0000000100014920	ldr	x30, [sp, #0x8]
0000000100014924	ldr	x28, [sp, #0x10]
0000000100014928	add	sp, sp, #0x20
000000010001492c	ret
0000000100014930	sub	sp, sp, #0x20
0000000100014934	str	x29, [sp]
0000000100014938	str	x30, [sp, #0x8]
000000010001493c	str	x28, [sp, #0x10]
0000000100014940	mov	x29, sp
0000000100014944	sub	sp, sp, #0x220
0000000100014948	mov	x28, sp
000000010001494c	stur	x0, [x29, #-0x8]
0000000100014950	stur	x8, [x29, #-0x10]
0000000100014954	ldur	x0, [x29, #-0x8]
0000000100014958	str	x0, [x28]
000000010001495c	add	x28, x28, #0x8
0000000100014960	mov	x0, #0x1
0000000100014964	str	x0, [x28]
0000000100014968	add	x28, x28, #0x8
000000010001496c	sub	x28, x28, #0x8
0000000100014970	ldr	x1, [x28]
0000000100014974	sub	x28, x28, #0x8
0000000100014978	ldr	x0, [x28]
000000010001497c	cmp	x0, x1
0000000100014980	b.ge	0x10001498c
0000000100014984	mov	x0, #0x1
0000000100014988	b	0x100014990
000000010001498c	mov	x0, #0x0
0000000100014990	str	x0, [x28]
0000000100014994	add	x28, x28, #0x8
0000000100014998	sub	x28, x28, #0x8
000000010001499c	ldr	x0, [x28]
00000001000149a0	cmp	x0, #0x0
00000001000149a4	b.ne	0x100014a04
00000001000149a8	ldur	x0, [x29, #-0x8]
00000001000149ac	str	x0, [x28]
00000001000149b0	add	x28, x28, #0x8
00000001000149b4	mov	x0, #0x1000
00000001000149b8	str	x0, [x28]
00000001000149bc	add	x28, x28, #0x8
00000001000149c0	sub	x28, x28, #0x8
00000001000149c4	ldr	x1, [x28]
00000001000149c8	sub	x28, x28, #0x8
00000001000149cc	ldr	x0, [x28]
00000001000149d0	cmp	x0, x1
00000001000149d4	b.le	0x1000149e0
00000001000149d8	mov	x0, #0x1
00000001000149dc	b	0x1000149e4
00000001000149e0	mov	x0, #0x0
00000001000149e4	str	x0, [x28]
00000001000149e8	add	x28, x28, #0x8
00000001000149ec	sub	x28, x28, #0x8
00000001000149f0	ldr	x0, [x28]
00000001000149f4	cmp	x0, #0x0
00000001000149f8	b.ne	0x100014a04
00000001000149fc	mov	x0, #0x0
0000000100014a00	b	0x100014a08
0000000100014a04	mov	x0, #0x1
0000000100014a08	str	x0, [x28]
0000000100014a0c	add	x28, x28, #0x8
0000000100014a10	sub	x28, x28, #0x8
0000000100014a14	ldr	x0, [x28]
0000000100014a18	cmp	x0, #0x0
0000000100014a1c	b.eq	0x100014a6c
0000000100014a20	adrp	x0, 4 ; 0x100018000
0000000100014a24	add	x0, x0, #0x2d8
0000000100014a28	stur	x0, [x29, #-0x20]
0000000100014a2c	mov	x0, #0x0
0000000100014a30	stur	x0, [x29, #-0x18]
0000000100014a34	mov	x0, x29
0000000100014a38	sub	x0, x0, #0x20
0000000100014a3c	str	x0, [x28]
0000000100014a40	add	x28, x28, #0x8
0000000100014a44	sub	x28, x28, #0x8
0000000100014a48	ldr	x11, [x28]
0000000100014a4c	ldur	x10, [x29, #-0x10]
0000000100014a50	ldr	x9, [x11]
0000000100014a54	str	x9, [x10]
0000000100014a58	ldr	x9, [x11, #0x8]
0000000100014a5c	str	x9, [x10, #0x8]
0000000100014a60	mov	x0, x10
0000000100014a64	b	0x100014c9c
0000000100014a68	b	0x100014a6c
0000000100014a6c	ldur	x0, [x29, #-0x8]
0000000100014a70	str	x0, [x28]
0000000100014a74	add	x28, x28, #0x8
0000000100014a78	sub	x28, x28, #0x8
0000000100014a7c	ldr	x0, [x28]
0000000100014a80	sxtw	x0, w0
0000000100014a84	str	x0, [x28]
0000000100014a88	add	x28, x28, #0x8
0000000100014a8c	sub	x28, x28, #0x8
0000000100014a90	ldr	x0, [x28]
0000000100014a94	mov	x1, x29
0000000100014a98	sub	x1, x1, #0x40
0000000100014a9c	bl	0x100017be0
0000000100014aa0	mov	x0, x29
0000000100014aa4	sub	x0, x0, #0x40
0000000100014aa8	str	x0, [x28]
0000000100014aac	add	x28, x28, #0x8
0000000100014ab0	sub	x28, x28, #0x8
0000000100014ab4	ldr	x11, [x28]
0000000100014ab8	mov	x10, x29
0000000100014abc	sub	x10, x10, #0x30
0000000100014ac0	ldr	x9, [x11]
0000000100014ac4	str	x9, [x10]
0000000100014ac8	ldr	x9, [x11, #0x8]
0000000100014acc	str	x9, [x10, #0x8]
0000000100014ad0	adrp	x0, 4 ; 0x100018000
0000000100014ad4	add	x0, x0, #0x2d8
0000000100014ad8	stur	x0, [x29, #-0x60]
0000000100014adc	mov	x0, #0xb
0000000100014ae0	stur	x0, [x29, #-0x58]
0000000100014ae4	mov	x0, x29
0000000100014ae8	sub	x0, x0, #0x60
0000000100014aec	str	x0, [x28]
0000000100014af0	add	x28, x28, #0x8
0000000100014af4	mov	x0, x29
0000000100014af8	sub	x0, x0, #0x30
0000000100014afc	str	x0, [x28]
0000000100014b00	add	x28, x28, #0x8
0000000100014b04	sub	x28, x28, #0x8
0000000100014b08	ldr	x1, [x28]
0000000100014b0c	sub	x28, x28, #0x8
0000000100014b10	ldr	x0, [x28]
0000000100014b14	bl	0x100017d54
0000000100014b18	str	x0, [x28]
0000000100014b1c	add	x28, x28, #0x8
0000000100014b20	sub	x28, x28, #0x8
0000000100014b24	ldr	x11, [x28]
0000000100014b28	mov	x10, x29
0000000100014b2c	sub	x10, x10, #0x50
0000000100014b30	ldr	x9, [x11]
0000000100014b34	str	x9, [x10]
0000000100014b38	ldr	x9, [x11, #0x8]
0000000100014b3c	str	x9, [x10, #0x8]
0000000100014b40	mov	x0, x29
0000000100014b44	sub	x0, x0, #0x30
0000000100014b48	str	x0, [x28]
0000000100014b4c	add	x28, x28, #0x8
0000000100014b50	sub	x28, x28, #0x8
0000000100014b54	ldr	x11, [x28]
0000000100014b58	mov	x10, x29
0000000100014b5c	sub	x10, x10, #0x70
0000000100014b60	ldr	x9, [x11]
0000000100014b64	str	x9, [x10]
0000000100014b68	ldr	x9, [x11, #0x8]
0000000100014b6c	str	x9, [x10, #0x8]
0000000100014b70	mov	x0, x29
0000000100014b74	sub	x0, x0, #0x70
0000000100014b78	str	x0, [x28]
0000000100014b7c	add	x28, x28, #0x8
0000000100014b80	sub	x28, x28, #0x8
0000000100014b84	ldr	x0, [x28]
0000000100014b88	bl	0x100001434
0000000100014b8c	str	x0, [x28]
0000000100014b90	add	x28, x28, #0x8
0000000100014b94	sub	x28, x28, #0x8
0000000100014b98	ldr	x0, [x28]
0000000100014b9c	mov	x0, x29
0000000100014ba0	sub	x0, x0, #0x50
0000000100014ba4	str	x0, [x28]
0000000100014ba8	add	x28, x28, #0x8
0000000100014bac	adrp	x0, 4 ; 0x100018000
0000000100014bb0	add	x0, x0, #0x2e3
0000000100014bb4	stur	x0, [x29, #-0x90]
0000000100014bb8	mov	x0, #0x4
0000000100014bbc	stur	x0, [x29, #-0x88]
0000000100014bc0	mov	x0, x29
0000000100014bc4	sub	x0, x0, #0x90
0000000100014bc8	str	x0, [x28]
0000000100014bcc	add	x28, x28, #0x8
0000000100014bd0	sub	x28, x28, #0x8
0000000100014bd4	ldr	x1, [x28]
0000000100014bd8	sub	x28, x28, #0x8
0000000100014bdc	ldr	x0, [x28]
0000000100014be0	bl	0x100017d54
0000000100014be4	str	x0, [x28]
0000000100014be8	add	x28, x28, #0x8
0000000100014bec	sub	x28, x28, #0x8
0000000100014bf0	ldr	x11, [x28]
0000000100014bf4	mov	x10, x29
0000000100014bf8	sub	x10, x10, #0x80
0000000100014bfc	ldr	x9, [x11]
0000000100014c00	str	x9, [x10]
0000000100014c04	ldr	x9, [x11, #0x8]
0000000100014c08	str	x9, [x10, #0x8]
0000000100014c0c	mov	x0, x29
0000000100014c10	sub	x0, x0, #0x50
0000000100014c14	str	x0, [x28]
0000000100014c18	add	x28, x28, #0x8
0000000100014c1c	sub	x28, x28, #0x8
0000000100014c20	ldr	x11, [x28]
0000000100014c24	mov	x10, x29
0000000100014c28	sub	x10, x10, #0xa0
0000000100014c2c	ldr	x9, [x11]
0000000100014c30	str	x9, [x10]
0000000100014c34	ldr	x9, [x11, #0x8]
0000000100014c38	str	x9, [x10, #0x8]
0000000100014c3c	mov	x0, x29
0000000100014c40	sub	x0, x0, #0xa0
0000000100014c44	str	x0, [x28]
0000000100014c48	add	x28, x28, #0x8
0000000100014c4c	sub	x28, x28, #0x8
0000000100014c50	ldr	x0, [x28]
0000000100014c54	bl	0x100001434
0000000100014c58	str	x0, [x28]
0000000100014c5c	add	x28, x28, #0x8
0000000100014c60	sub	x28, x28, #0x8
0000000100014c64	ldr	x0, [x28]
0000000100014c68	mov	x0, x29
0000000100014c6c	sub	x0, x0, #0x80
0000000100014c70	str	x0, [x28]
0000000100014c74	add	x28, x28, #0x8
0000000100014c78	sub	x28, x28, #0x8
0000000100014c7c	ldr	x11, [x28]
0000000100014c80	ldur	x10, [x29, #-0x10]
0000000100014c84	ldr	x9, [x11]
0000000100014c88	str	x9, [x10]
0000000100014c8c	ldr	x9, [x11, #0x8]
0000000100014c90	str	x9, [x10, #0x8]
0000000100014c94	mov	x0, x10
0000000100014c98	b	0x100014c9c
0000000100014c9c	mov	sp, x29
0000000100014ca0	ldr	x29, [sp]
0000000100014ca4	ldr	x30, [sp, #0x8]
0000000100014ca8	ldr	x28, [sp, #0x10]
0000000100014cac	add	sp, sp, #0x20
0000000100014cb0	ret
0000000100014cb4	sub	sp, sp, #0x20
0000000100014cb8	str	x29, [sp]
0000000100014cbc	str	x30, [sp, #0x8]
0000000100014cc0	str	x28, [sp, #0x10]
0000000100014cc4	mov	x29, sp
0000000100014cc8	sub	sp, sp, #0x230
0000000100014ccc	mov	x28, sp
0000000100014cd0	stur	x0, [x29, #-0x8]
0000000100014cd4	stur	x1, [x29, #-0x10]
0000000100014cd8	stur	x2, [x29, #-0x18]
0000000100014cdc	stur	x3, [x29, #-0x20]
0000000100014ce0	stur	x4, [x29, #-0x28]
0000000100014ce4	ldur	x0, [x29, #-0x10]
0000000100014ce8	str	x0, [x28]
0000000100014cec	add	x28, x28, #0x8
0000000100014cf0	sub	x28, x28, #0x8
0000000100014cf4	ldr	x11, [x28]
0000000100014cf8	mov	x10, x29
0000000100014cfc	sub	x10, x10, #0x40
0000000100014d00	ldr	x9, [x11]
0000000100014d04	str	x9, [x10]
0000000100014d08	ldr	x9, [x11, #0x8]
0000000100014d0c	str	x9, [x10, #0x8]
0000000100014d10	mov	x0, x29
0000000100014d14	sub	x0, x0, #0x40
0000000100014d18	str	x0, [x28]
0000000100014d1c	add	x28, x28, #0x8
0000000100014d20	ldur	x0, [x29, #-0x18]
0000000100014d24	str	x0, [x28]
0000000100014d28	add	x28, x28, #0x8
0000000100014d2c	sub	x28, x28, #0x8
0000000100014d30	ldr	x11, [x28]
0000000100014d34	mov	x10, x29
0000000100014d38	sub	x10, x10, #0x50
0000000100014d3c	ldr	x9, [x11]
0000000100014d40	str	x9, [x10]
0000000100014d44	ldr	x9, [x11, #0x8]
0000000100014d48	str	x9, [x10, #0x8]
0000000100014d4c	mov	x0, x29
0000000100014d50	sub	x0, x0, #0x50
0000000100014d54	str	x0, [x28]
0000000100014d58	add	x28, x28, #0x8
0000000100014d5c	ldur	x0, [x29, #-0x20]
0000000100014d60	str	x0, [x28]
0000000100014d64	add	x28, x28, #0x8
0000000100014d68	sub	x28, x28, #0x8
0000000100014d6c	ldr	x11, [x28]
0000000100014d70	mov	x10, x29
0000000100014d74	sub	x10, x10, #0x60
0000000100014d78	ldr	x9, [x11]
0000000100014d7c	str	x9, [x10]
0000000100014d80	ldr	x9, [x11, #0x8]
0000000100014d84	str	x9, [x10, #0x8]
0000000100014d88	mov	x0, x29
0000000100014d8c	sub	x0, x0, #0x60
0000000100014d90	str	x0, [x28]
0000000100014d94	add	x28, x28, #0x8
0000000100014d98	ldur	x0, [x29, #-0x28]
0000000100014d9c	str	x0, [x28]
0000000100014da0	add	x28, x28, #0x8
0000000100014da4	sub	x28, x28, #0x8
0000000100014da8	ldr	x3, [x28]
0000000100014dac	sub	x28, x28, #0x8
0000000100014db0	ldr	x2, [x28]
0000000100014db4	sub	x28, x28, #0x8
0000000100014db8	ldr	x1, [x28]
0000000100014dbc	sub	x28, x28, #0x8
0000000100014dc0	ldr	x0, [x28]
0000000100014dc4	bl	0x1000120f0
0000000100014dc8	str	x0, [x28]
0000000100014dcc	add	x28, x28, #0x8
0000000100014dd0	sub	x28, x28, #0x8
0000000100014dd4	ldr	x0, [x28]
0000000100014dd8	stur	x0, [x29, #-0x30]
0000000100014ddc	ldur	x0, [x29, #-0x30]
0000000100014de0	str	x0, [x28]
0000000100014de4	add	x28, x28, #0x8
0000000100014de8	mov	x0, #0x0
0000000100014dec	str	x0, [x28]
0000000100014df0	add	x28, x28, #0x8
0000000100014df4	sub	x28, x28, #0x8
0000000100014df8	ldr	x1, [x28]
0000000100014dfc	sub	x28, x28, #0x8
0000000100014e00	ldr	x0, [x28]
0000000100014e04	cmp	x0, x1
0000000100014e08	b.eq	0x100014e14
0000000100014e0c	mov	x0, #0x1
0000000100014e10	b	0x100014e18
0000000100014e14	mov	x0, #0x0
0000000100014e18	str	x0, [x28]
0000000100014e1c	add	x28, x28, #0x8
0000000100014e20	sub	x28, x28, #0x8
0000000100014e24	ldr	x0, [x28]
0000000100014e28	cmp	x0, #0x0
0000000100014e2c	b.eq	0x100014e4c
0000000100014e30	ldur	x0, [x29, #-0x30]
0000000100014e34	str	x0, [x28]
0000000100014e38	add	x28, x28, #0x8
0000000100014e3c	sub	x28, x28, #0x8
0000000100014e40	ldr	x0, [x28]
0000000100014e44	b	0x100015060
0000000100014e48	b	0x100014e4c
0000000100014e4c	ldur	x0, [x29, #-0x28]
0000000100014e50	str	x0, [x28]
0000000100014e54	add	x28, x28, #0x8
0000000100014e58	sub	x28, x28, #0x8
0000000100014e5c	ldr	x0, [x28]
0000000100014e60	mov	x8, x29
0000000100014e64	sub	x8, x8, #0x80
0000000100014e68	bl	0x100014930
0000000100014e6c	str	x0, [x28]
0000000100014e70	add	x28, x28, #0x8
0000000100014e74	sub	x28, x28, #0x8
0000000100014e78	ldr	x11, [x28]
0000000100014e7c	mov	x10, x29
0000000100014e80	sub	x10, x10, #0x70
0000000100014e84	ldr	x9, [x11]
0000000100014e88	str	x9, [x10]
0000000100014e8c	ldr	x9, [x11, #0x8]
0000000100014e90	str	x9, [x10, #0x8]
0000000100014e94	mov	x0, x29
0000000100014e98	sub	x0, x0, #0x70
0000000100014e9c	str	x0, [x28]
0000000100014ea0	add	x28, x28, #0x8
0000000100014ea4	sub	x28, x28, #0x8
0000000100014ea8	ldr	x10, [x28]
0000000100014eac	ldr	x0, [x10, #0x8]
0000000100014eb0	str	x0, [x28]
0000000100014eb4	add	x28, x28, #0x8
0000000100014eb8	mov	x0, #0x0
0000000100014ebc	str	x0, [x28]
0000000100014ec0	add	x28, x28, #0x8
0000000100014ec4	sub	x28, x28, #0x8
0000000100014ec8	ldr	x1, [x28]
0000000100014ecc	sub	x28, x28, #0x8
0000000100014ed0	ldr	x0, [x28]
0000000100014ed4	cmp	x0, x1
0000000100014ed8	b.ne	0x100014ee4
0000000100014edc	mov	x0, #0x1
0000000100014ee0	b	0x100014ee8
0000000100014ee4	mov	x0, #0x0
0000000100014ee8	str	x0, [x28]
0000000100014eec	add	x28, x28, #0x8
0000000100014ef0	sub	x28, x28, #0x8
0000000100014ef4	ldr	x0, [x28]
0000000100014ef8	cmp	x0, #0x0
0000000100014efc	b.eq	0x100014f1c
0000000100014f00	bl	0x10000c0fc
0000000100014f04	str	x0, [x28]
0000000100014f08	add	x28, x28, #0x8
0000000100014f0c	sub	x28, x28, #0x8
0000000100014f10	ldr	x0, [x28]
0000000100014f14	b	0x100015060
0000000100014f18	b	0x100014f1c
0000000100014f1c	mov	x0, x29
0000000100014f20	sub	x0, x0, #0x30
0000000100014f24	str	x0, [x28]
0000000100014f28	add	x28, x28, #0x8
0000000100014f2c	ldur	x0, [x29, #-0x8]
0000000100014f30	str	x0, [x28]
0000000100014f34	add	x28, x28, #0x8
0000000100014f38	mov	x0, x29
0000000100014f3c	sub	x0, x0, #0x70
0000000100014f40	str	x0, [x28]
0000000100014f44	add	x28, x28, #0x8
0000000100014f48	sub	x28, x28, #0x8
0000000100014f4c	ldr	x11, [x28]
0000000100014f50	mov	x10, x29
0000000100014f54	sub	x10, x10, #0x90
0000000100014f58	ldr	x9, [x11]
0000000100014f5c	str	x9, [x10]
0000000100014f60	ldr	x9, [x11, #0x8]
0000000100014f64	str	x9, [x10, #0x8]
0000000100014f68	mov	x0, x29
0000000100014f6c	sub	x0, x0, #0x90
0000000100014f70	str	x0, [x28]
0000000100014f74	add	x28, x28, #0x8
0000000100014f78	ldur	x0, [x29, #-0x10]
0000000100014f7c	str	x0, [x28]
0000000100014f80	add	x28, x28, #0x8
0000000100014f84	sub	x28, x28, #0x8
0000000100014f88	ldr	x11, [x28]
0000000100014f8c	mov	x10, x29
0000000100014f90	sub	x10, x10, #0xa0
0000000100014f94	ldr	x9, [x11]
0000000100014f98	str	x9, [x10]
0000000100014f9c	ldr	x9, [x11, #0x8]
0000000100014fa0	str	x9, [x10, #0x8]
0000000100014fa4	mov	x0, x29
0000000100014fa8	sub	x0, x0, #0xa0
0000000100014fac	str	x0, [x28]
0000000100014fb0	add	x28, x28, #0x8
0000000100014fb4	sub	x28, x28, #0x8
0000000100014fb8	ldr	x2, [x28]
0000000100014fbc	sub	x28, x28, #0x8
0000000100014fc0	ldr	x1, [x28]
0000000100014fc4	sub	x28, x28, #0x8
0000000100014fc8	ldr	x0, [x28]
0000000100014fcc	bl	0x10000f6b8
0000000100014fd0	str	x0, [x28]
0000000100014fd4	add	x28, x28, #0x8
0000000100014fd8	sub	x28, x28, #0x8
0000000100014fdc	ldr	x0, [x28]
0000000100014fe0	sub	x28, x28, #0x8
0000000100014fe4	ldr	x10, [x28]
0000000100014fe8	str	x0, [x10]
0000000100014fec	mov	x0, x29
0000000100014ff0	sub	x0, x0, #0x70
0000000100014ff4	str	x0, [x28]
0000000100014ff8	add	x28, x28, #0x8
0000000100014ffc	sub	x28, x28, #0x8
0000000100015000	ldr	x11, [x28]
0000000100015004	mov	x10, x29
0000000100015008	sub	x10, x10, #0xb0
000000010001500c	ldr	x9, [x11]
0000000100015010	str	x9, [x10]
0000000100015014	ldr	x9, [x11, #0x8]
0000000100015018	str	x9, [x10, #0x8]
000000010001501c	mov	x0, x29
0000000100015020	sub	x0, x0, #0xb0
0000000100015024	str	x0, [x28]
0000000100015028	add	x28, x28, #0x8
000000010001502c	sub	x28, x28, #0x8
0000000100015030	ldr	x0, [x28]
0000000100015034	bl	0x100001434
0000000100015038	str	x0, [x28]
000000010001503c	add	x28, x28, #0x8
0000000100015040	sub	x28, x28, #0x8
0000000100015044	ldr	x0, [x28]
0000000100015048	ldur	x0, [x29, #-0x30]
000000010001504c	str	x0, [x28]
0000000100015050	add	x28, x28, #0x8
0000000100015054	sub	x28, x28, #0x8
0000000100015058	ldr	x0, [x28]
000000010001505c	b	0x100015060
0000000100015060	mov	sp, x29
0000000100015064	ldr	x29, [sp]
0000000100015068	ldr	x30, [sp, #0x8]
000000010001506c	ldr	x28, [sp, #0x10]
0000000100015070	add	sp, sp, #0x20
0000000100015074	ret
0000000100015078	sub	sp, sp, #0x20
000000010001507c	str	x29, [sp]
0000000100015080	str	x30, [sp, #0x8]
0000000100015084	str	x28, [sp, #0x10]
0000000100015088	mov	x29, sp
000000010001508c	sub	sp, sp, #0x2e0
0000000100015090	mov	x28, sp
0000000100015094	stur	x0, [x29, #-0x8]
0000000100015098	stur	x1, [x29, #-0x10]
000000010001509c	stur	x2, [x29, #-0x18]
00000001000150a0	stur	x3, [x29, #-0x20]
00000001000150a4	stur	x4, [x29, #-0x28]
00000001000150a8	ldur	x0, [x29, #-0x28]
00000001000150ac	str	x0, [x28]
00000001000150b0	add	x28, x28, #0x8
00000001000150b4	sub	x28, x28, #0x8
00000001000150b8	ldr	x10, [x28]
00000001000150bc	ldr	x0, [x10, #0x8]
00000001000150c0	str	x0, [x28]
00000001000150c4	add	x28, x28, #0x8
00000001000150c8	mov	x0, #0xfc
00000001000150cc	str	x0, [x28]
00000001000150d0	add	x28, x28, #0x8
00000001000150d4	sub	x28, x28, #0x8
00000001000150d8	ldr	x1, [x28]
00000001000150dc	sub	x28, x28, #0x8
00000001000150e0	ldr	x0, [x28]
00000001000150e4	cmp	x0, x1
00000001000150e8	b.ge	0x1000150f4
00000001000150ec	mov	x0, #0x1
00000001000150f0	b	0x1000150f8
00000001000150f4	mov	x0, #0x0
00000001000150f8	str	x0, [x28]
00000001000150fc	add	x28, x28, #0x8
0000000100015100	sub	x28, x28, #0x8
0000000100015104	ldr	x0, [x28]
0000000100015108	cmp	x0, #0x0
000000010001510c	b.ne	0x100015180
0000000100015110	ldur	x0, [x29, #-0x28]
0000000100015114	str	x0, [x28]
0000000100015118	add	x28, x28, #0x8
000000010001511c	sub	x28, x28, #0x8
0000000100015120	ldr	x10, [x28]
0000000100015124	ldr	x0, [x10, #0x8]
0000000100015128	str	x0, [x28]
000000010001512c	add	x28, x28, #0x8
0000000100015130	bl	0x10000c1e0
0000000100015134	str	x0, [x28]
0000000100015138	add	x28, x28, #0x8
000000010001513c	sub	x28, x28, #0x8
0000000100015140	ldr	x1, [x28]
0000000100015144	sub	x28, x28, #0x8
0000000100015148	ldr	x0, [x28]
000000010001514c	cmp	x0, x1
0000000100015150	b.le	0x10001515c
0000000100015154	mov	x0, #0x1
0000000100015158	b	0x100015160
000000010001515c	mov	x0, #0x0
0000000100015160	str	x0, [x28]
0000000100015164	add	x28, x28, #0x8
0000000100015168	sub	x28, x28, #0x8
000000010001516c	ldr	x0, [x28]
0000000100015170	cmp	x0, #0x0
0000000100015174	b.ne	0x100015180
0000000100015178	mov	x0, #0x0
000000010001517c	b	0x100015184
0000000100015180	mov	x0, #0x1
0000000100015184	str	x0, [x28]
0000000100015188	add	x28, x28, #0x8
000000010001518c	sub	x28, x28, #0x8
0000000100015190	ldr	x0, [x28]
0000000100015194	cmp	x0, #0x0
0000000100015198	b.eq	0x1000151b8
000000010001519c	bl	0x10000bfcc
00000001000151a0	str	x0, [x28]
00000001000151a4	add	x28, x28, #0x8
00000001000151a8	sub	x28, x28, #0x8
00000001000151ac	ldr	x0, [x28]
00000001000151b0	b	0x100015aa4
00000001000151b4	b	0x1000151b8
00000001000151b8	ldur	x0, [x29, #-0x10]
00000001000151bc	str	x0, [x28]
00000001000151c0	add	x28, x28, #0x8
00000001000151c4	sub	x28, x28, #0x8
00000001000151c8	ldr	x0, [x28]
00000001000151cc	mov	x8, x29
00000001000151d0	sub	x8, x8, #0x48
00000001000151d4	bl	0x100014930
00000001000151d8	str	x0, [x28]
00000001000151dc	add	x28, x28, #0x8
00000001000151e0	sub	x28, x28, #0x8
00000001000151e4	ldr	x11, [x28]
00000001000151e8	mov	x10, x29
00000001000151ec	sub	x10, x10, #0x38
00000001000151f0	ldr	x9, [x11]
00000001000151f4	str	x9, [x10]
00000001000151f8	ldr	x9, [x11, #0x8]
00000001000151fc	str	x9, [x10, #0x8]
0000000100015200	mov	x0, x29
0000000100015204	sub	x0, x0, #0x38
0000000100015208	str	x0, [x28]
000000010001520c	add	x28, x28, #0x8
0000000100015210	sub	x28, x28, #0x8
0000000100015214	ldr	x10, [x28]
0000000100015218	ldr	x0, [x10, #0x8]
000000010001521c	str	x0, [x28]
0000000100015220	add	x28, x28, #0x8
0000000100015224	mov	x0, #0x0
0000000100015228	str	x0, [x28]
000000010001522c	add	x28, x28, #0x8
0000000100015230	sub	x28, x28, #0x8
0000000100015234	ldr	x1, [x28]
0000000100015238	sub	x28, x28, #0x8
000000010001523c	ldr	x0, [x28]
0000000100015240	cmp	x0, x1
0000000100015244	b.ne	0x100015250
0000000100015248	mov	x0, #0x1
000000010001524c	b	0x100015254
0000000100015250	mov	x0, #0x0
0000000100015254	str	x0, [x28]
0000000100015258	add	x28, x28, #0x8
000000010001525c	sub	x28, x28, #0x8
0000000100015260	ldr	x0, [x28]
0000000100015264	cmp	x0, #0x0
0000000100015268	b.eq	0x100015288
000000010001526c	bl	0x10000c0fc
0000000100015270	str	x0, [x28]
0000000100015274	add	x28, x28, #0x8
0000000100015278	sub	x28, x28, #0x8
000000010001527c	ldr	x0, [x28]
0000000100015280	b	0x100015aa4
0000000100015284	b	0x100015288
0000000100015288	ldur	x0, [x29, #-0x28]
000000010001528c	str	x0, [x28]
0000000100015290	add	x28, x28, #0x8
0000000100015294	sub	x28, x28, #0x8
0000000100015298	ldr	x10, [x28]
000000010001529c	ldr	x0, [x10, #0x8]
00000001000152a0	str	x0, [x28]
00000001000152a4	add	x28, x28, #0x8
00000001000152a8	sub	x28, x28, #0x8
00000001000152ac	ldr	x0, [x28]
00000001000152b0	mov	x8, x29
00000001000152b4	sub	x8, x8, #0x68
00000001000152b8	bl	0x10000101c
00000001000152bc	str	x0, [x28]
00000001000152c0	add	x28, x28, #0x8
00000001000152c4	sub	x28, x28, #0x8
00000001000152c8	ldr	x11, [x28]
00000001000152cc	mov	x10, x29
00000001000152d0	sub	x10, x10, #0x58
00000001000152d4	ldr	x9, [x11]
00000001000152d8	str	x9, [x10]
00000001000152dc	ldr	x9, [x11, #0x8]
00000001000152e0	str	x9, [x10, #0x8]
00000001000152e4	mov	x0, x29
00000001000152e8	sub	x0, x0, #0x58
00000001000152ec	str	x0, [x28]
00000001000152f0	add	x28, x28, #0x8
00000001000152f4	sub	x28, x28, #0x8
00000001000152f8	ldr	x10, [x28]
00000001000152fc	ldr	x0, [x10, #0x8]
0000000100015300	str	x0, [x28]
0000000100015304	add	x28, x28, #0x8
0000000100015308	ldur	x0, [x29, #-0x28]
000000010001530c	str	x0, [x28]
0000000100015310	add	x28, x28, #0x8
0000000100015314	sub	x28, x28, #0x8
0000000100015318	ldr	x10, [x28]
000000010001531c	ldr	x0, [x10, #0x8]
0000000100015320	str	x0, [x28]
0000000100015324	add	x28, x28, #0x8
0000000100015328	sub	x28, x28, #0x8
000000010001532c	ldr	x1, [x28]
0000000100015330	sub	x28, x28, #0x8
0000000100015334	ldr	x0, [x28]
0000000100015338	cmp	x0, x1
000000010001533c	b.eq	0x100015348
0000000100015340	mov	x0, #0x1
0000000100015344	b	0x10001534c
0000000100015348	mov	x0, #0x0
000000010001534c	str	x0, [x28]
0000000100015350	add	x28, x28, #0x8
0000000100015354	sub	x28, x28, #0x8
0000000100015358	ldr	x0, [x28]
000000010001535c	cmp	x0, #0x0
0000000100015360	b.eq	0x1000153dc
0000000100015364	mov	x0, x29
0000000100015368	sub	x0, x0, #0x38
000000010001536c	str	x0, [x28]
0000000100015370	add	x28, x28, #0x8
0000000100015374	sub	x28, x28, #0x8
0000000100015378	ldr	x11, [x28]
000000010001537c	mov	x10, x29
0000000100015380	sub	x10, x10, #0x78
0000000100015384	ldr	x9, [x11]
0000000100015388	str	x9, [x10]
000000010001538c	ldr	x9, [x11, #0x8]
0000000100015390	str	x9, [x10, #0x8]
0000000100015394	mov	x0, x29
0000000100015398	sub	x0, x0, #0x78
000000010001539c	str	x0, [x28]
00000001000153a0	add	x28, x28, #0x8
00000001000153a4	sub	x28, x28, #0x8
00000001000153a8	ldr	x0, [x28]
00000001000153ac	bl	0x100001434
00000001000153b0	str	x0, [x28]
00000001000153b4	add	x28, x28, #0x8
00000001000153b8	sub	x28, x28, #0x8
00000001000153bc	ldr	x0, [x28]
00000001000153c0	bl	0x10000c064
00000001000153c4	str	x0, [x28]
00000001000153c8	add	x28, x28, #0x8
00000001000153cc	sub	x28, x28, #0x8
00000001000153d0	ldr	x0, [x28]
00000001000153d4	b	0x100015aa4
00000001000153d8	b	0x1000153dc
00000001000153dc	ldur	x0, [x29, #-0x8]
00000001000153e0	str	x0, [x28]
00000001000153e4	add	x28, x28, #0x8
00000001000153e8	mov	x0, x29
00000001000153ec	sub	x0, x0, #0x38
00000001000153f0	str	x0, [x28]
00000001000153f4	add	x28, x28, #0x8
00000001000153f8	sub	x28, x28, #0x8
00000001000153fc	ldr	x11, [x28]
0000000100015400	mov	x10, x29
0000000100015404	sub	x10, x10, #0x90
0000000100015408	ldr	x9, [x11]
000000010001540c	str	x9, [x10]
0000000100015410	ldr	x9, [x11, #0x8]
0000000100015414	str	x9, [x10, #0x8]
0000000100015418	mov	x0, x29
000000010001541c	sub	x0, x0, #0x90
0000000100015420	str	x0, [x28]
0000000100015424	add	x28, x28, #0x8
0000000100015428	mov	x0, x29
000000010001542c	sub	x0, x0, #0x58
0000000100015430	str	x0, [x28]
0000000100015434	add	x28, x28, #0x8
0000000100015438	sub	x28, x28, #0x8
000000010001543c	ldr	x11, [x28]
0000000100015440	mov	x10, x29
0000000100015444	sub	x10, x10, #0xa0
0000000100015448	ldr	x9, [x11]
000000010001544c	str	x9, [x10]
0000000100015450	ldr	x9, [x11, #0x8]
0000000100015454	str	x9, [x10, #0x8]
0000000100015458	mov	x0, x29
000000010001545c	sub	x0, x0, #0xa0
0000000100015460	str	x0, [x28]
0000000100015464	add	x28, x28, #0x8
0000000100015468	sub	x28, x28, #0x8
000000010001546c	ldr	x2, [x28]
0000000100015470	sub	x28, x28, #0x8
0000000100015474	ldr	x1, [x28]
0000000100015478	sub	x28, x28, #0x8
000000010001547c	ldr	x0, [x28]
0000000100015480	bl	0x10000fcfc
0000000100015484	str	x0, [x28]
0000000100015488	add	x28, x28, #0x8
000000010001548c	sub	x28, x28, #0x8
0000000100015490	ldr	x0, [x28]
0000000100015494	stur	x0, [x29, #-0x80]
0000000100015498	mov	x0, x29
000000010001549c	sub	x0, x0, #0x38
00000001000154a0	str	x0, [x28]
00000001000154a4	add	x28, x28, #0x8
00000001000154a8	sub	x28, x28, #0x8
00000001000154ac	ldr	x11, [x28]
00000001000154b0	mov	x10, x29
00000001000154b4	sub	x10, x10, #0xb0
00000001000154b8	ldr	x9, [x11]
00000001000154bc	str	x9, [x10]
00000001000154c0	ldr	x9, [x11, #0x8]
00000001000154c4	str	x9, [x10, #0x8]
00000001000154c8	mov	x0, x29
00000001000154cc	sub	x0, x0, #0xb0
00000001000154d0	str	x0, [x28]
00000001000154d4	add	x28, x28, #0x8
00000001000154d8	sub	x28, x28, #0x8
00000001000154dc	ldr	x0, [x28]
00000001000154e0	bl	0x100001434
00000001000154e4	str	x0, [x28]
00000001000154e8	add	x28, x28, #0x8
00000001000154ec	sub	x28, x28, #0x8
00000001000154f0	ldr	x0, [x28]
00000001000154f4	ldur	x0, [x29, #-0x80]
00000001000154f8	str	x0, [x28]
00000001000154fc	add	x28, x28, #0x8
0000000100015500	mov	x0, #0x0
0000000100015504	str	x0, [x28]
0000000100015508	add	x28, x28, #0x8
000000010001550c	sub	x28, x28, #0x8
0000000100015510	ldr	x1, [x28]
0000000100015514	sub	x28, x28, #0x8
0000000100015518	ldr	x0, [x28]
000000010001551c	cmp	x0, x1
0000000100015520	b.ge	0x10001552c
0000000100015524	mov	x0, #0x1
0000000100015528	b	0x100015530
000000010001552c	mov	x0, #0x0
0000000100015530	str	x0, [x28]
0000000100015534	add	x28, x28, #0x8
0000000100015538	sub	x28, x28, #0x8
000000010001553c	ldr	x0, [x28]
0000000100015540	cmp	x0, #0x0
0000000100015544	b.ne	0x1000155b8
0000000100015548	ldur	x0, [x29, #-0x80]
000000010001554c	str	x0, [x28]
0000000100015550	add	x28, x28, #0x8
0000000100015554	sub	x28, x28, #0x8
0000000100015558	ldr	x0, [x28]
000000010001555c	bl	0x10000c230
0000000100015560	str	x0, [x28]
0000000100015564	add	x28, x28, #0x8
0000000100015568	mov	x0, #0x1
000000010001556c	str	x0, [x28]
0000000100015570	add	x28, x28, #0x8
0000000100015574	sub	x28, x28, #0x8
0000000100015578	ldr	x1, [x28]
000000010001557c	sub	x28, x28, #0x8
0000000100015580	ldr	x0, [x28]
0000000100015584	cmp	x0, x1
0000000100015588	b.ne	0x100015594
000000010001558c	mov	x0, #0x1
0000000100015590	b	0x100015598
0000000100015594	mov	x0, #0x0
0000000100015598	str	x0, [x28]
000000010001559c	add	x28, x28, #0x8
00000001000155a0	sub	x28, x28, #0x8
00000001000155a4	ldr	x0, [x28]
00000001000155a8	cmp	x0, #0x0
00000001000155ac	b.ne	0x1000155b8
00000001000155b0	mov	x0, #0x0
00000001000155b4	b	0x1000155bc
00000001000155b8	mov	x0, #0x1
00000001000155bc	str	x0, [x28]
00000001000155c0	add	x28, x28, #0x8
00000001000155c4	sub	x28, x28, #0x8
00000001000155c8	ldr	x0, [x28]
00000001000155cc	cmp	x0, #0x0
00000001000155d0	b.eq	0x10001564c
00000001000155d4	mov	x0, x29
00000001000155d8	sub	x0, x0, #0x58
00000001000155dc	str	x0, [x28]
00000001000155e0	add	x28, x28, #0x8
00000001000155e4	sub	x28, x28, #0x8
00000001000155e8	ldr	x11, [x28]
00000001000155ec	mov	x10, x29
00000001000155f0	sub	x10, x10, #0xc0
00000001000155f4	ldr	x9, [x11]
00000001000155f8	str	x9, [x10]
00000001000155fc	ldr	x9, [x11, #0x8]
0000000100015600	str	x9, [x10, #0x8]
0000000100015604	mov	x0, x29
0000000100015608	sub	x0, x0, #0xc0
000000010001560c	str	x0, [x28]
0000000100015610	add	x28, x28, #0x8
0000000100015614	sub	x28, x28, #0x8
0000000100015618	ldr	x0, [x28]
000000010001561c	bl	0x100001434
0000000100015620	str	x0, [x28]
0000000100015624	add	x28, x28, #0x8
0000000100015628	sub	x28, x28, #0x8
000000010001562c	ldr	x0, [x28]
0000000100015630	ldur	x0, [x29, #-0x80]
0000000100015634	str	x0, [x28]
0000000100015638	add	x28, x28, #0x8
000000010001563c	sub	x28, x28, #0x8
0000000100015640	ldr	x0, [x28]
0000000100015644	b	0x100015aa4
0000000100015648	b	0x10001564c
000000010001564c	mov	x0, x29
0000000100015650	sub	x0, x0, #0x58
0000000100015654	str	x0, [x28]
0000000100015658	add	x28, x28, #0x8
000000010001565c	mov	x0, #0x0
0000000100015660	str	x0, [x28]
0000000100015664	add	x28, x28, #0x8
0000000100015668	ldur	x0, [x29, #-0x80]
000000010001566c	str	x0, [x28]
0000000100015670	add	x28, x28, #0x8
0000000100015674	sub	x28, x28, #0x8
0000000100015678	ldr	x13, [x28]
000000010001567c	sub	x28, x28, #0x8
0000000100015680	ldr	x12, [x28]
0000000100015684	sub	x28, x28, #0x8
0000000100015688	ldr	x10, [x28]
000000010001568c	ldr	x0, [x10]
0000000100015690	ldr	x1, [x10, #0x8]
0000000100015694	mov	x9, #0x1
0000000100015698	mul	x11, x12, x9
000000010001569c	add	x0, x0, x11
00000001000156a0	sub	x13, x13, x12
00000001000156a4	stur	x0, [x29, #-0xd8]
00000001000156a8	stur	x13, [x29, #-0xd0]
00000001000156ac	mov	x0, x29
00000001000156b0	sub	x0, x0, #0xd8
00000001000156b4	str	x0, [x28]
00000001000156b8	add	x28, x28, #0x8
00000001000156bc	sub	x28, x28, #0x8
00000001000156c0	ldr	x11, [x28]
00000001000156c4	mov	x10, x29
00000001000156c8	sub	x10, x10, #0xe8
00000001000156cc	ldr	x9, [x11]
00000001000156d0	str	x9, [x10]
00000001000156d4	ldr	x9, [x11, #0x8]
00000001000156d8	str	x9, [x10, #0x8]
00000001000156dc	mov	x0, x29
00000001000156e0	sub	x0, x0, #0xe8
00000001000156e4	str	x0, [x28]
00000001000156e8	add	x28, x28, #0x8
00000001000156ec	ldur	x0, [x29, #-0x18]
00000001000156f0	str	x0, [x28]
00000001000156f4	add	x28, x28, #0x8
00000001000156f8	sub	x28, x28, #0x8
00000001000156fc	ldr	x11, [x28]
0000000100015700	mov	x10, x29
0000000100015704	sub	x10, x10, #0xf8
0000000100015708	ldr	x9, [x11]
000000010001570c	str	x9, [x10]
0000000100015710	ldr	x9, [x11, #0x8]
0000000100015714	str	x9, [x10, #0x8]
0000000100015718	mov	x0, x29
000000010001571c	sub	x0, x0, #0xf8
0000000100015720	str	x0, [x28]
0000000100015724	add	x28, x28, #0x8
0000000100015728	ldur	x0, [x29, #-0x20]
000000010001572c	str	x0, [x28]
0000000100015730	add	x28, x28, #0x8
0000000100015734	sub	x28, x28, #0x8
0000000100015738	ldr	x11, [x28]
000000010001573c	mov	x10, x29
0000000100015740	sub	x10, x10, #0x108
0000000100015744	ldr	x9, [x11]
0000000100015748	str	x9, [x10]
000000010001574c	ldr	x9, [x11, #0x8]
0000000100015750	str	x9, [x10, #0x8]
0000000100015754	mov	x0, x29
0000000100015758	sub	x0, x0, #0x108
000000010001575c	str	x0, [x28]
0000000100015760	add	x28, x28, #0x8
0000000100015764	ldur	x0, [x29, #-0x10]
0000000100015768	str	x0, [x28]
000000010001576c	add	x28, x28, #0x8
0000000100015770	sub	x28, x28, #0x8
0000000100015774	ldr	x3, [x28]
0000000100015778	sub	x28, x28, #0x8
000000010001577c	ldr	x2, [x28]
0000000100015780	sub	x28, x28, #0x8
0000000100015784	ldr	x1, [x28]
0000000100015788	sub	x28, x28, #0x8
000000010001578c	ldr	x0, [x28]
0000000100015790	bl	0x1000120f0
0000000100015794	str	x0, [x28]
0000000100015798	add	x28, x28, #0x8
000000010001579c	sub	x28, x28, #0x8
00000001000157a0	ldr	x0, [x28]
00000001000157a4	stur	x0, [x29, #-0xc8]
00000001000157a8	ldur	x0, [x29, #-0xc8]
00000001000157ac	str	x0, [x28]
00000001000157b0	add	x28, x28, #0x8
00000001000157b4	mov	x0, #0x0
00000001000157b8	str	x0, [x28]
00000001000157bc	add	x28, x28, #0x8
00000001000157c0	sub	x28, x28, #0x8
00000001000157c4	ldr	x1, [x28]
00000001000157c8	sub	x28, x28, #0x8
00000001000157cc	ldr	x0, [x28]
00000001000157d0	cmp	x0, x1
00000001000157d4	b.ne	0x1000157e0
00000001000157d8	mov	x0, #0x1
00000001000157dc	b	0x1000157e4
00000001000157e0	mov	x0, #0x0
00000001000157e4	str	x0, [x28]
00000001000157e8	add	x28, x28, #0x8
00000001000157ec	sub	x28, x28, #0x8
00000001000157f0	ldr	x0, [x28]
00000001000157f4	cmp	x0, #0x0
00000001000157f8	b.eq	0x1000159c0
00000001000157fc	ldur	x0, [x29, #-0x28]
0000000100015800	str	x0, [x28]
0000000100015804	add	x28, x28, #0x8
0000000100015808	mov	x0, #0x0
000000010001580c	str	x0, [x28]
0000000100015810	add	x28, x28, #0x8
0000000100015814	ldur	x0, [x29, #-0x80]
0000000100015818	str	x0, [x28]
000000010001581c	add	x28, x28, #0x8
0000000100015820	sub	x28, x28, #0x8
0000000100015824	ldr	x13, [x28]
0000000100015828	sub	x28, x28, #0x8
000000010001582c	ldr	x12, [x28]
0000000100015830	sub	x28, x28, #0x8
0000000100015834	ldr	x10, [x28]
0000000100015838	ldr	x0, [x10]
000000010001583c	ldr	x1, [x10, #0x8]
0000000100015840	mov	x9, #0x1
0000000100015844	mul	x11, x12, x9
0000000100015848	add	x0, x0, x11
000000010001584c	sub	x13, x13, x12
0000000100015850	add	x17, x29, #0x0
0000000100015854	mov	x16, #0xfee8
0000000100015858	movk	x16, #0xffff, lsl #16
000000010001585c	movk	x16, #0xffff, lsl #32
0000000100015860	movk	x16, #0xffff, lsl #48
0000000100015864	add	x17, x17, x16
0000000100015868	str	x0, [x17]
000000010001586c	add	x17, x29, #0x0
0000000100015870	mov	x16, #0xfef0
0000000100015874	movk	x16, #0xffff, lsl #16
0000000100015878	movk	x16, #0xffff, lsl #32
000000010001587c	movk	x16, #0xffff, lsl #48
0000000100015880	add	x17, x17, x16
0000000100015884	str	x13, [x17]
0000000100015888	mov	x0, x29
000000010001588c	sub	x0, x0, #0x118
0000000100015890	str	x0, [x28]
0000000100015894	add	x28, x28, #0x8
0000000100015898	sub	x28, x28, #0x8
000000010001589c	ldr	x11, [x28]
00000001000158a0	mov	x10, x29
00000001000158a4	sub	x10, x10, #0x128
00000001000158a8	ldr	x9, [x11]
00000001000158ac	str	x9, [x10]
00000001000158b0	ldr	x9, [x11, #0x8]
00000001000158b4	str	x9, [x10, #0x8]
00000001000158b8	mov	x0, x29
00000001000158bc	sub	x0, x0, #0x128
00000001000158c0	str	x0, [x28]
00000001000158c4	add	x28, x28, #0x8
00000001000158c8	mov	x0, x29
00000001000158cc	sub	x0, x0, #0x58
00000001000158d0	str	x0, [x28]
00000001000158d4	add	x28, x28, #0x8
00000001000158d8	mov	x0, #0x0
00000001000158dc	str	x0, [x28]
00000001000158e0	add	x28, x28, #0x8
00000001000158e4	ldur	x0, [x29, #-0x80]
00000001000158e8	str	x0, [x28]
00000001000158ec	add	x28, x28, #0x8
00000001000158f0	sub	x28, x28, #0x8
00000001000158f4	ldr	x13, [x28]
00000001000158f8	sub	x28, x28, #0x8
00000001000158fc	ldr	x12, [x28]
0000000100015900	sub	x28, x28, #0x8
0000000100015904	ldr	x10, [x28]
0000000100015908	ldr	x0, [x10]
000000010001590c	ldr	x1, [x10, #0x8]
0000000100015910	mov	x9, #0x1
0000000100015914	mul	x11, x12, x9
0000000100015918	add	x0, x0, x11
000000010001591c	sub	x13, x13, x12
0000000100015920	add	x17, x29, #0x0
0000000100015924	mov	x16, #0xfec8
0000000100015928	movk	x16, #0xffff, lsl #16
000000010001592c	movk	x16, #0xffff, lsl #32
0000000100015930	movk	x16, #0xffff, lsl #48
0000000100015934	add	x17, x17, x16
0000000100015938	str	x0, [x17]
000000010001593c	add	x17, x29, #0x0
0000000100015940	mov	x16, #0xfed0
0000000100015944	movk	x16, #0xffff, lsl #16
0000000100015948	movk	x16, #0xffff, lsl #32
000000010001594c	movk	x16, #0xffff, lsl #48
0000000100015950	add	x17, x17, x16
0000000100015954	str	x13, [x17]
0000000100015958	mov	x0, x29
000000010001595c	sub	x0, x0, #0x138
0000000100015960	str	x0, [x28]
0000000100015964	add	x28, x28, #0x8
0000000100015968	sub	x28, x28, #0x8
000000010001596c	ldr	x11, [x28]
0000000100015970	mov	x10, x29
0000000100015974	sub	x10, x10, #0x148
0000000100015978	ldr	x9, [x11]
000000010001597c	str	x9, [x10]
0000000100015980	ldr	x9, [x11, #0x8]
0000000100015984	str	x9, [x10, #0x8]
0000000100015988	mov	x0, x29
000000010001598c	sub	x0, x0, #0x148
0000000100015990	str	x0, [x28]
0000000100015994	add	x28, x28, #0x8
0000000100015998	sub	x28, x28, #0x8
000000010001599c	ldr	x1, [x28]
00000001000159a0	sub	x28, x28, #0x8
00000001000159a4	ldr	x0, [x28]
00000001000159a8	bl	0x10000c344
00000001000159ac	str	x0, [x28]
00000001000159b0	add	x28, x28, #0x8
00000001000159b4	sub	x28, x28, #0x8
00000001000159b8	ldr	x0, [x28]
00000001000159bc	b	0x1000159c0
00000001000159c0	mov	x0, x29
00000001000159c4	sub	x0, x0, #0x58
00000001000159c8	str	x0, [x28]
00000001000159cc	add	x28, x28, #0x8
00000001000159d0	sub	x28, x28, #0x8
00000001000159d4	ldr	x11, [x28]
00000001000159d8	mov	x10, x29
00000001000159dc	sub	x10, x10, #0x158
00000001000159e0	ldr	x9, [x11]
00000001000159e4	str	x9, [x10]
00000001000159e8	ldr	x9, [x11, #0x8]
00000001000159ec	str	x9, [x10, #0x8]
00000001000159f0	mov	x0, x29
00000001000159f4	sub	x0, x0, #0x158
00000001000159f8	str	x0, [x28]
00000001000159fc	add	x28, x28, #0x8
0000000100015a00	sub	x28, x28, #0x8
0000000100015a04	ldr	x0, [x28]
0000000100015a08	bl	0x100001434
0000000100015a0c	str	x0, [x28]
0000000100015a10	add	x28, x28, #0x8
0000000100015a14	sub	x28, x28, #0x8
0000000100015a18	ldr	x0, [x28]
0000000100015a1c	ldur	x0, [x29, #-0xc8]
0000000100015a20	str	x0, [x28]
0000000100015a24	add	x28, x28, #0x8
0000000100015a28	mov	x0, #0x0
0000000100015a2c	str	x0, [x28]
0000000100015a30	add	x28, x28, #0x8
0000000100015a34	sub	x28, x28, #0x8
0000000100015a38	ldr	x1, [x28]
0000000100015a3c	sub	x28, x28, #0x8
0000000100015a40	ldr	x0, [x28]
0000000100015a44	cmp	x0, x1
0000000100015a48	b.eq	0x100015a54
0000000100015a4c	mov	x0, #0x1
0000000100015a50	b	0x100015a58
0000000100015a54	mov	x0, #0x0
0000000100015a58	str	x0, [x28]
0000000100015a5c	add	x28, x28, #0x8
0000000100015a60	sub	x28, x28, #0x8
0000000100015a64	ldr	x0, [x28]
0000000100015a68	cmp	x0, #0x0
0000000100015a6c	b.eq	0x100015a8c
0000000100015a70	ldur	x0, [x29, #-0xc8]
0000000100015a74	str	x0, [x28]
0000000100015a78	add	x28, x28, #0x8
0000000100015a7c	sub	x28, x28, #0x8
0000000100015a80	ldr	x0, [x28]
0000000100015a84	b	0x100015aa4
0000000100015a88	b	0x100015a8c
0000000100015a8c	ldur	x0, [x29, #-0x80]
0000000100015a90	str	x0, [x28]
0000000100015a94	add	x28, x28, #0x8
0000000100015a98	sub	x28, x28, #0x8
0000000100015a9c	ldr	x0, [x28]
0000000100015aa0	b	0x100015aa4
0000000100015aa4	mov	sp, x29
0000000100015aa8	ldr	x29, [sp]
0000000100015aac	ldr	x30, [sp, #0x8]
0000000100015ab0	ldr	x28, [sp, #0x10]
0000000100015ab4	add	sp, sp, #0x20
0000000100015ab8	ret
0000000100015abc	sub	sp, sp, #0x20
0000000100015ac0	str	x29, [sp]
0000000100015ac4	str	x30, [sp, #0x8]
0000000100015ac8	str	x28, [sp, #0x10]
0000000100015acc	mov	x29, sp
0000000100015ad0	sub	sp, sp, #0x180
0000000100015ad4	mov	x28, sp
0000000100015ad8	bl	0x10000c148
0000000100015adc	str	x0, [x28]
0000000100015ae0	add	x28, x28, #0x8
0000000100015ae4	sub	x28, x28, #0x8
0000000100015ae8	ldr	x0, [x28]
0000000100015aec	b	0x100015af0
0000000100015af0	mov	sp, x29
0000000100015af4	ldr	x29, [sp]
0000000100015af8	ldr	x30, [sp, #0x8]
0000000100015afc	ldr	x28, [sp, #0x10]
0000000100015b00	add	sp, sp, #0x20
0000000100015b04	ret
0000000100015b08	sub	sp, sp, #0x20
0000000100015b0c	str	x29, [sp]
0000000100015b10	str	x30, [sp, #0x8]
0000000100015b14	str	x28, [sp, #0x10]
0000000100015b18	mov	x29, sp
0000000100015b1c	sub	sp, sp, #0x2e0
0000000100015b20	mov	x28, sp
0000000100015b24	stur	x0, [x29, #-0x8]
0000000100015b28	stur	x1, [x29, #-0x10]
0000000100015b2c	stur	x2, [x29, #-0x18]
0000000100015b30	stur	x3, [x29, #-0x20]
0000000100015b34	stur	x4, [x29, #-0x28]
0000000100015b38	stur	x5, [x29, #-0x30]
0000000100015b3c	ldur	x0, [x29, #-0x28]
0000000100015b40	str	x0, [x28]
0000000100015b44	add	x28, x28, #0x8
0000000100015b48	sub	x28, x28, #0x8
0000000100015b4c	ldr	x10, [x28]
0000000100015b50	ldr	x0, [x10, #0x8]
0000000100015b54	str	x0, [x28]
0000000100015b58	add	x28, x28, #0x8
0000000100015b5c	mov	x0, #0x60
0000000100015b60	str	x0, [x28]
0000000100015b64	add	x28, x28, #0x8
0000000100015b68	sub	x28, x28, #0x8
0000000100015b6c	ldr	x1, [x28]
0000000100015b70	sub	x28, x28, #0x8
0000000100015b74	ldr	x0, [x28]
0000000100015b78	cmp	x0, x1
0000000100015b7c	b.eq	0x100015b88
0000000100015b80	mov	x0, #0x1
0000000100015b84	b	0x100015b8c
0000000100015b88	mov	x0, #0x0
0000000100015b8c	str	x0, [x28]
0000000100015b90	add	x28, x28, #0x8
0000000100015b94	sub	x28, x28, #0x8
0000000100015b98	ldr	x0, [x28]
0000000100015b9c	cmp	x0, #0x0
0000000100015ba0	b.ne	0x100015c14
0000000100015ba4	ldur	x0, [x29, #-0x30]
0000000100015ba8	str	x0, [x28]
0000000100015bac	add	x28, x28, #0x8
0000000100015bb0	sub	x28, x28, #0x8
0000000100015bb4	ldr	x10, [x28]
0000000100015bb8	ldr	x0, [x10, #0x8]
0000000100015bbc	str	x0, [x28]
0000000100015bc0	add	x28, x28, #0x8
0000000100015bc4	mov	x0, #0x10
0000000100015bc8	str	x0, [x28]
0000000100015bcc	add	x28, x28, #0x8
0000000100015bd0	sub	x28, x28, #0x8
0000000100015bd4	ldr	x1, [x28]
0000000100015bd8	sub	x28, x28, #0x8
0000000100015bdc	ldr	x0, [x28]
0000000100015be0	cmp	x0, x1
0000000100015be4	b.eq	0x100015bf0
0000000100015be8	mov	x0, #0x1
0000000100015bec	b	0x100015bf4
0000000100015bf0	mov	x0, #0x0
0000000100015bf4	str	x0, [x28]
0000000100015bf8	add	x28, x28, #0x8
0000000100015bfc	sub	x28, x28, #0x8
0000000100015c00	ldr	x0, [x28]
0000000100015c04	cmp	x0, #0x0
0000000100015c08	b.ne	0x100015c14
0000000100015c0c	mov	x0, #0x0
0000000100015c10	b	0x100015c18
0000000100015c14	mov	x0, #0x1
0000000100015c18	str	x0, [x28]
0000000100015c1c	add	x28, x28, #0x8
0000000100015c20	sub	x28, x28, #0x8
0000000100015c24	ldr	x0, [x28]
0000000100015c28	cmp	x0, #0x0
0000000100015c2c	b.eq	0x100015c4c
0000000100015c30	mov	x0, #0x47
0000000100015c34	str	x0, [x28]
0000000100015c38	add	x28, x28, #0x8
0000000100015c3c	sub	x28, x28, #0x8
0000000100015c40	ldr	x0, [x28]
0000000100015c44	b	0x1000167dc
0000000100015c48	b	0x100015c4c
0000000100015c4c	ldur	x0, [x29, #-0x8]
0000000100015c50	str	x0, [x28]
0000000100015c54	add	x28, x28, #0x8
0000000100015c58	sub	x28, x28, #0x8
0000000100015c5c	ldr	x11, [x28]
0000000100015c60	mov	x10, x29
0000000100015c64	sub	x10, x10, #0x48
0000000100015c68	ldr	x9, [x11]
0000000100015c6c	str	x9, [x10]
0000000100015c70	ldr	x9, [x11, #0x8]
0000000100015c74	str	x9, [x10, #0x8]
0000000100015c78	mov	x0, x29
0000000100015c7c	sub	x0, x0, #0x48
0000000100015c80	str	x0, [x28]
0000000100015c84	add	x28, x28, #0x8
0000000100015c88	mov	x0, #0x1
0000000100015c8c	str	x0, [x28]
0000000100015c90	add	x28, x28, #0x8
0000000100015c94	ldur	x0, [x29, #-0x18]
0000000100015c98	str	x0, [x28]
0000000100015c9c	add	x28, x28, #0x8
0000000100015ca0	sub	x28, x28, #0x8
0000000100015ca4	ldr	x11, [x28]
0000000100015ca8	mov	x10, x29
0000000100015cac	sub	x10, x10, #0x58
0000000100015cb0	ldr	x9, [x11]
0000000100015cb4	str	x9, [x10]
0000000100015cb8	ldr	x9, [x11, #0x8]
0000000100015cbc	str	x9, [x10, #0x8]
0000000100015cc0	mov	x0, x29
0000000100015cc4	sub	x0, x0, #0x58
0000000100015cc8	str	x0, [x28]
0000000100015ccc	add	x28, x28, #0x8
0000000100015cd0	ldur	x0, [x29, #-0x20]
0000000100015cd4	str	x0, [x28]
0000000100015cd8	add	x28, x28, #0x8
0000000100015cdc	sub	x28, x28, #0x8
0000000100015ce0	ldr	x11, [x28]
0000000100015ce4	mov	x10, x29
0000000100015ce8	sub	x10, x10, #0x68
0000000100015cec	ldr	x9, [x11]
0000000100015cf0	str	x9, [x10]
0000000100015cf4	ldr	x9, [x11, #0x8]
0000000100015cf8	str	x9, [x10, #0x8]
0000000100015cfc	mov	x0, x29
0000000100015d00	sub	x0, x0, #0x68
0000000100015d04	str	x0, [x28]
0000000100015d08	add	x28, x28, #0x8
0000000100015d0c	sub	x28, x28, #0x8
0000000100015d10	ldr	x3, [x28]
0000000100015d14	sub	x28, x28, #0x8
0000000100015d18	ldr	x2, [x28]
0000000100015d1c	sub	x28, x28, #0x8
0000000100015d20	ldr	x1, [x28]
0000000100015d24	sub	x28, x28, #0x8
0000000100015d28	ldr	x0, [x28]
0000000100015d2c	bl	0x100010910
0000000100015d30	str	x0, [x28]
0000000100015d34	add	x28, x28, #0x8
0000000100015d38	sub	x28, x28, #0x8
0000000100015d3c	ldr	x0, [x28]
0000000100015d40	stur	x0, [x29, #-0x38]
0000000100015d44	ldur	x0, [x29, #-0x38]
0000000100015d48	str	x0, [x28]
0000000100015d4c	add	x28, x28, #0x8
0000000100015d50	mov	x0, #0x0
0000000100015d54	str	x0, [x28]
0000000100015d58	add	x28, x28, #0x8
0000000100015d5c	sub	x28, x28, #0x8
0000000100015d60	ldr	x1, [x28]
0000000100015d64	sub	x28, x28, #0x8
0000000100015d68	ldr	x0, [x28]
0000000100015d6c	cmp	x0, x1
0000000100015d70	b.eq	0x100015d7c
0000000100015d74	mov	x0, #0x1
0000000100015d78	b	0x100015d80
0000000100015d7c	mov	x0, #0x0
0000000100015d80	str	x0, [x28]
0000000100015d84	add	x28, x28, #0x8
0000000100015d88	sub	x28, x28, #0x8
0000000100015d8c	ldr	x0, [x28]
0000000100015d90	cmp	x0, #0x0
0000000100015d94	b.eq	0x100015db4
0000000100015d98	ldur	x0, [x29, #-0x38]
0000000100015d9c	str	x0, [x28]
0000000100015da0	add	x28, x28, #0x8
0000000100015da4	sub	x28, x28, #0x8
0000000100015da8	ldr	x0, [x28]
0000000100015dac	b	0x1000167dc
0000000100015db0	b	0x100015db4
0000000100015db4	bl	0x1000108c4
0000000100015db8	str	x0, [x28]
0000000100015dbc	add	x28, x28, #0x8
0000000100015dc0	sub	x28, x28, #0x8
0000000100015dc4	ldr	x0, [x28]
0000000100015dc8	stur	x0, [x29, #-0x70]
0000000100015dcc	mov	x0, x29
0000000100015dd0	sub	x0, x0, #0x38
0000000100015dd4	str	x0, [x28]
0000000100015dd8	add	x28, x28, #0x8
0000000100015ddc	ldur	x0, [x29, #-0x8]
0000000100015de0	str	x0, [x28]
0000000100015de4	add	x28, x28, #0x8
0000000100015de8	sub	x28, x28, #0x8
0000000100015dec	ldr	x11, [x28]
0000000100015df0	mov	x10, x29
0000000100015df4	sub	x10, x10, #0x80
0000000100015df8	ldr	x9, [x11]
0000000100015dfc	str	x9, [x10]
0000000100015e00	ldr	x9, [x11, #0x8]
0000000100015e04	str	x9, [x10, #0x8]
0000000100015e08	mov	x0, x29
0000000100015e0c	sub	x0, x0, #0x80
0000000100015e10	str	x0, [x28]
0000000100015e14	add	x28, x28, #0x8
0000000100015e18	mov	x0, x29
0000000100015e1c	sub	x0, x0, #0x70
0000000100015e20	str	x0, [x28]
0000000100015e24	add	x28, x28, #0x8
0000000100015e28	mov	x0, #0x1
0000000100015e2c	str	x0, [x28]
0000000100015e30	add	x28, x28, #0x8
0000000100015e34	ldur	x0, [x29, #-0x10]
0000000100015e38	str	x0, [x28]
0000000100015e3c	add	x28, x28, #0x8
0000000100015e40	sub	x28, x28, #0x8
0000000100015e44	ldr	x11, [x28]
0000000100015e48	mov	x10, x29
0000000100015e4c	sub	x10, x10, #0x90
0000000100015e50	ldr	x9, [x11]
0000000100015e54	str	x9, [x10]
0000000100015e58	ldr	x9, [x11, #0x8]
0000000100015e5c	str	x9, [x10, #0x8]
0000000100015e60	mov	x0, x29
0000000100015e64	sub	x0, x0, #0x90
0000000100015e68	str	x0, [x28]
0000000100015e6c	add	x28, x28, #0x8
0000000100015e70	sub	x28, x28, #0x8
0000000100015e74	ldr	x3, [x28]
0000000100015e78	sub	x28, x28, #0x8
0000000100015e7c	ldr	x2, [x28]
0000000100015e80	sub	x28, x28, #0x8
0000000100015e84	ldr	x1, [x28]
0000000100015e88	sub	x28, x28, #0x8
0000000100015e8c	ldr	x0, [x28]
0000000100015e90	bl	0x1000116ec
0000000100015e94	str	x0, [x28]
0000000100015e98	add	x28, x28, #0x8
0000000100015e9c	sub	x28, x28, #0x8
0000000100015ea0	ldr	x0, [x28]
0000000100015ea4	sub	x28, x28, #0x8
0000000100015ea8	ldr	x10, [x28]
0000000100015eac	str	x0, [x10]
0000000100015eb0	ldur	x0, [x29, #-0x38]
0000000100015eb4	str	x0, [x28]
0000000100015eb8	add	x28, x28, #0x8
0000000100015ebc	mov	x0, #0x0
0000000100015ec0	str	x0, [x28]
0000000100015ec4	add	x28, x28, #0x8
0000000100015ec8	sub	x28, x28, #0x8
0000000100015ecc	ldr	x1, [x28]
0000000100015ed0	sub	x28, x28, #0x8
0000000100015ed4	ldr	x0, [x28]
0000000100015ed8	cmp	x0, x1
0000000100015edc	b.eq	0x100015ee8
0000000100015ee0	mov	x0, #0x1
0000000100015ee4	b	0x100015eec
0000000100015ee8	mov	x0, #0x0
0000000100015eec	str	x0, [x28]
0000000100015ef0	add	x28, x28, #0x8
0000000100015ef4	sub	x28, x28, #0x8
0000000100015ef8	ldr	x0, [x28]
0000000100015efc	cmp	x0, #0x0
0000000100015f00	b.eq	0x100015f20
0000000100015f04	mov	x0, #0x51
0000000100015f08	str	x0, [x28]
0000000100015f0c	add	x28, x28, #0x8
0000000100015f10	sub	x28, x28, #0x8
0000000100015f14	ldr	x0, [x28]
0000000100015f18	b	0x1000167dc
0000000100015f1c	b	0x100015f20
0000000100015f20	ldur	x0, [x29, #-0x70]
0000000100015f24	str	x0, [x28]
0000000100015f28	add	x28, x28, #0x8
0000000100015f2c	mov	x0, #0x78
0000000100015f30	str	x0, [x28]
0000000100015f34	add	x28, x28, #0x8
0000000100015f38	ldur	x0, [x29, #-0x10]
0000000100015f3c	str	x0, [x28]
0000000100015f40	add	x28, x28, #0x8
0000000100015f44	sub	x28, x28, #0x8
0000000100015f48	ldr	x10, [x28]
0000000100015f4c	ldr	x0, [x10, #0x8]
0000000100015f50	str	x0, [x28]
0000000100015f54	add	x28, x28, #0x8
0000000100015f58	sub	x28, x28, #0x8
0000000100015f5c	ldr	x1, [x28]
0000000100015f60	sub	x28, x28, #0x8
0000000100015f64	ldr	x0, [x28]
0000000100015f68	add	x0, x0, x1
0000000100015f6c	str	x0, [x28]
0000000100015f70	add	x28, x28, #0x8
0000000100015f74	sub	x28, x28, #0x8
0000000100015f78	ldr	x1, [x28]
0000000100015f7c	sub	x28, x28, #0x8
0000000100015f80	ldr	x0, [x28]
0000000100015f84	cmp	x0, x1
0000000100015f88	b.eq	0x100015f94
0000000100015f8c	mov	x0, #0x1
0000000100015f90	b	0x100015f98
0000000100015f94	mov	x0, #0x0
0000000100015f98	str	x0, [x28]
0000000100015f9c	add	x28, x28, #0x8
0000000100015fa0	sub	x28, x28, #0x8
0000000100015fa4	ldr	x0, [x28]
0000000100015fa8	cmp	x0, #0x0
0000000100015fac	b.eq	0x100015fcc
0000000100015fb0	mov	x0, #0x52
0000000100015fb4	str	x0, [x28]
0000000100015fb8	add	x28, x28, #0x8
0000000100015fbc	sub	x28, x28, #0x8
0000000100015fc0	ldr	x0, [x28]
0000000100015fc4	b	0x1000167dc
0000000100015fc8	b	0x100015fcc
0000000100015fcc	mov	x0, #0x4
0000000100015fd0	str	x0, [x28]
0000000100015fd4	add	x28, x28, #0x8
0000000100015fd8	sub	x28, x28, #0x8
0000000100015fdc	ldr	x0, [x28]
0000000100015fe0	mov	x8, x29
0000000100015fe4	sub	x8, x8, #0xb0
0000000100015fe8	bl	0x10000101c
0000000100015fec	str	x0, [x28]
0000000100015ff0	add	x28, x28, #0x8
0000000100015ff4	sub	x28, x28, #0x8
0000000100015ff8	ldr	x11, [x28]
0000000100015ffc	mov	x10, x29
0000000100016000	sub	x10, x10, #0xa0
0000000100016004	ldr	x9, [x11]
0000000100016008	str	x9, [x10]
000000010001600c	ldr	x9, [x11, #0x8]
0000000100016010	str	x9, [x10, #0x8]
0000000100016014	mov	x0, x29
0000000100016018	sub	x0, x0, #0xa0
000000010001601c	str	x0, [x28]
0000000100016020	add	x28, x28, #0x8
0000000100016024	sub	x28, x28, #0x8
0000000100016028	ldr	x10, [x28]
000000010001602c	ldr	x0, [x10, #0x8]
0000000100016030	str	x0, [x28]
0000000100016034	add	x28, x28, #0x8
0000000100016038	mov	x0, #0x4
000000010001603c	str	x0, [x28]
0000000100016040	add	x28, x28, #0x8
0000000100016044	sub	x28, x28, #0x8
0000000100016048	ldr	x1, [x28]
000000010001604c	sub	x28, x28, #0x8
0000000100016050	ldr	x0, [x28]
0000000100016054	cmp	x0, x1
0000000100016058	b.eq	0x100016064
000000010001605c	mov	x0, #0x1
0000000100016060	b	0x100016068
0000000100016064	mov	x0, #0x0
0000000100016068	str	x0, [x28]
000000010001606c	add	x28, x28, #0x8
0000000100016070	sub	x28, x28, #0x8
0000000100016074	ldr	x0, [x28]
0000000100016078	cmp	x0, #0x0
000000010001607c	b.eq	0x10001609c
0000000100016080	mov	x0, #0x53
0000000100016084	str	x0, [x28]
0000000100016088	add	x28, x28, #0x8
000000010001608c	sub	x28, x28, #0x8
0000000100016090	ldr	x0, [x28]
0000000100016094	b	0x1000167dc
0000000100016098	b	0x10001609c
000000010001609c	mov	x0, #0x2
00000001000160a0	str	x0, [x28]
00000001000160a4	add	x28, x28, #0x8
00000001000160a8	sub	x28, x28, #0x8
00000001000160ac	ldr	x0, [x28]
00000001000160b0	stur	x0, [x29, #-0xb8]
00000001000160b4	ldur	x0, [x29, #-0xb8]
00000001000160b8	str	x0, [x28]
00000001000160bc	add	x28, x28, #0x8
00000001000160c0	mov	x0, #0xa
00000001000160c4	str	x0, [x28]
00000001000160c8	add	x28, x28, #0x8
00000001000160cc	sub	x28, x28, #0x8
00000001000160d0	ldr	x1, [x28]
00000001000160d4	sub	x28, x28, #0x8
00000001000160d8	ldr	x0, [x28]
00000001000160dc	cmp	x0, x1
00000001000160e0	b.gt	0x1000160ec
00000001000160e4	mov	x0, #0x1
00000001000160e8	b	0x1000160f0
00000001000160ec	mov	x0, #0x0
00000001000160f0	str	x0, [x28]
00000001000160f4	add	x28, x28, #0x8
00000001000160f8	sub	x28, x28, #0x8
00000001000160fc	ldr	x0, [x28]
0000000100016100	cmp	x0, #0x0
0000000100016104	b.eq	0x1000163b4
0000000100016108	mov	x0, x29
000000010001610c	sub	x0, x0, #0xa0
0000000100016110	str	x0, [x28]
0000000100016114	add	x28, x28, #0x8
0000000100016118	sub	x28, x28, #0x8
000000010001611c	ldr	x11, [x28]
0000000100016120	mov	x10, x29
0000000100016124	sub	x10, x10, #0xc8
0000000100016128	ldr	x9, [x11]
000000010001612c	str	x9, [x10]
0000000100016130	ldr	x9, [x11, #0x8]
0000000100016134	str	x9, [x10, #0x8]
0000000100016138	mov	x0, x29
000000010001613c	sub	x0, x0, #0xc8
0000000100016140	str	x0, [x28]
0000000100016144	add	x28, x28, #0x8
0000000100016148	mov	x0, #0x0
000000010001614c	str	x0, [x28]
0000000100016150	add	x28, x28, #0x8
0000000100016154	ldur	x0, [x29, #-0xb8]
0000000100016158	str	x0, [x28]
000000010001615c	add	x28, x28, #0x8
0000000100016160	sub	x28, x28, #0x8
0000000100016164	ldr	x0, [x28]
0000000100016168	sxtw	x0, w0
000000010001616c	str	x0, [x28]
0000000100016170	add	x28, x28, #0x8
0000000100016174	sub	x28, x28, #0x8
0000000100016178	ldr	x2, [x28]
000000010001617c	sub	x28, x28, #0x8
0000000100016180	ldr	x1, [x28]
0000000100016184	sub	x28, x28, #0x8
0000000100016188	ldr	x0, [x28]
000000010001618c	bl	0x10000ca94
0000000100016190	str	x0, [x28]
0000000100016194	add	x28, x28, #0x8
0000000100016198	sub	x28, x28, #0x8
000000010001619c	ldr	x0, [x28]
00000001000161a0	mov	x0, x29
00000001000161a4	sub	x0, x0, #0x38
00000001000161a8	str	x0, [x28]
00000001000161ac	add	x28, x28, #0x8
00000001000161b0	ldur	x0, [x29, #-0x8]
00000001000161b4	str	x0, [x28]
00000001000161b8	add	x28, x28, #0x8
00000001000161bc	sub	x28, x28, #0x8
00000001000161c0	ldr	x11, [x28]
00000001000161c4	mov	x10, x29
00000001000161c8	sub	x10, x10, #0xd8
00000001000161cc	ldr	x9, [x11]
00000001000161d0	str	x9, [x10]
00000001000161d4	ldr	x9, [x11, #0x8]
00000001000161d8	str	x9, [x10, #0x8]
00000001000161dc	mov	x0, x29
00000001000161e0	sub	x0, x0, #0xd8
00000001000161e4	str	x0, [x28]
00000001000161e8	add	x28, x28, #0x8
00000001000161ec	mov	x0, x29
00000001000161f0	sub	x0, x0, #0x70
00000001000161f4	str	x0, [x28]
00000001000161f8	add	x28, x28, #0x8
00000001000161fc	ldur	x0, [x29, #-0xb8]
0000000100016200	str	x0, [x28]
0000000100016204	add	x28, x28, #0x8
0000000100016208	mov	x0, x29
000000010001620c	sub	x0, x0, #0xa0
0000000100016210	str	x0, [x28]
0000000100016214	add	x28, x28, #0x8
0000000100016218	sub	x28, x28, #0x8
000000010001621c	ldr	x11, [x28]
0000000100016220	mov	x10, x29
0000000100016224	sub	x10, x10, #0xe8
0000000100016228	ldr	x9, [x11]
000000010001622c	str	x9, [x10]
0000000100016230	ldr	x9, [x11, #0x8]
0000000100016234	str	x9, [x10, #0x8]
0000000100016238	mov	x0, x29
000000010001623c	sub	x0, x0, #0xe8
0000000100016240	str	x0, [x28]
0000000100016244	add	x28, x28, #0x8
0000000100016248	sub	x28, x28, #0x8
000000010001624c	ldr	x3, [x28]
0000000100016250	sub	x28, x28, #0x8
0000000100016254	ldr	x2, [x28]
0000000100016258	sub	x28, x28, #0x8
000000010001625c	ldr	x1, [x28]
0000000100016260	sub	x28, x28, #0x8
0000000100016264	ldr	x0, [x28]
0000000100016268	bl	0x1000116ec
000000010001626c	str	x0, [x28]
0000000100016270	add	x28, x28, #0x8
0000000100016274	sub	x28, x28, #0x8
0000000100016278	ldr	x0, [x28]
000000010001627c	sub	x28, x28, #0x8
0000000100016280	ldr	x10, [x28]
0000000100016284	str	x0, [x10]
0000000100016288	ldur	x0, [x29, #-0x38]
000000010001628c	str	x0, [x28]
0000000100016290	add	x28, x28, #0x8
0000000100016294	mov	x0, #0x0
0000000100016298	str	x0, [x28]
000000010001629c	add	x28, x28, #0x8
00000001000162a0	sub	x28, x28, #0x8
00000001000162a4	ldr	x1, [x28]
00000001000162a8	sub	x28, x28, #0x8
00000001000162ac	ldr	x0, [x28]
00000001000162b0	cmp	x0, x1
00000001000162b4	b.eq	0x1000162c0
00000001000162b8	mov	x0, #0x1
00000001000162bc	b	0x1000162c4
00000001000162c0	mov	x0, #0x0
00000001000162c4	str	x0, [x28]
00000001000162c8	add	x28, x28, #0x8
00000001000162cc	sub	x28, x28, #0x8
00000001000162d0	ldr	x0, [x28]
00000001000162d4	cmp	x0, #0x0
00000001000162d8	b.eq	0x100016354
00000001000162dc	mov	x0, x29
00000001000162e0	sub	x0, x0, #0xa0
00000001000162e4	str	x0, [x28]
00000001000162e8	add	x28, x28, #0x8
00000001000162ec	sub	x28, x28, #0x8
00000001000162f0	ldr	x11, [x28]
00000001000162f4	mov	x10, x29
00000001000162f8	sub	x10, x10, #0xf8
00000001000162fc	ldr	x9, [x11]
0000000100016300	str	x9, [x10]
0000000100016304	ldr	x9, [x11, #0x8]
0000000100016308	str	x9, [x10, #0x8]
000000010001630c	mov	x0, x29
0000000100016310	sub	x0, x0, #0xf8
0000000100016314	str	x0, [x28]
0000000100016318	add	x28, x28, #0x8
000000010001631c	sub	x28, x28, #0x8
0000000100016320	ldr	x0, [x28]
0000000100016324	bl	0x100001434
0000000100016328	str	x0, [x28]
000000010001632c	add	x28, x28, #0x8
0000000100016330	sub	x28, x28, #0x8
0000000100016334	ldr	x0, [x28]
0000000100016338	mov	x0, #0x54
000000010001633c	str	x0, [x28]
0000000100016340	add	x28, x28, #0x8
0000000100016344	sub	x28, x28, #0x8
0000000100016348	ldr	x0, [x28]
000000010001634c	b	0x1000167dc
0000000100016350	b	0x100016354
0000000100016354	mov	x0, x29
0000000100016358	sub	x0, x0, #0xb8
000000010001635c	str	x0, [x28]
0000000100016360	add	x28, x28, #0x8
0000000100016364	ldur	x0, [x29, #-0xb8]
0000000100016368	str	x0, [x28]
000000010001636c	add	x28, x28, #0x8
0000000100016370	mov	x0, #0x1
0000000100016374	str	x0, [x28]
0000000100016378	add	x28, x28, #0x8
000000010001637c	sub	x28, x28, #0x8
0000000100016380	ldr	x1, [x28]
0000000100016384	sub	x28, x28, #0x8
0000000100016388	ldr	x0, [x28]
000000010001638c	add	x0, x0, x1
0000000100016390	sxtw	x0, w0
0000000100016394	str	x0, [x28]
0000000100016398	add	x28, x28, #0x8
000000010001639c	sub	x28, x28, #0x8
00000001000163a0	ldr	x0, [x28]
00000001000163a4	sub	x28, x28, #0x8
00000001000163a8	ldr	x10, [x28]
00000001000163ac	str	x0, [x10]
00000001000163b0	b	0x1000160b4
00000001000163b4	mov	x0, x29
00000001000163b8	sub	x0, x0, #0xa0
00000001000163bc	str	x0, [x28]
00000001000163c0	add	x28, x28, #0x8
00000001000163c4	sub	x28, x28, #0x8
00000001000163c8	ldr	x11, [x28]
00000001000163cc	mov	x10, x29
00000001000163d0	sub	x10, x10, #0x108
00000001000163d4	ldr	x9, [x11]
00000001000163d8	str	x9, [x10]
00000001000163dc	ldr	x9, [x11, #0x8]
00000001000163e0	str	x9, [x10, #0x8]
00000001000163e4	mov	x0, x29
00000001000163e8	sub	x0, x0, #0x108
00000001000163ec	str	x0, [x28]
00000001000163f0	add	x28, x28, #0x8
00000001000163f4	sub	x28, x28, #0x8
00000001000163f8	ldr	x0, [x28]
00000001000163fc	bl	0x100001434
0000000100016400	str	x0, [x28]
0000000100016404	add	x28, x28, #0x8
0000000100016408	sub	x28, x28, #0x8
000000010001640c	ldr	x0, [x28]
0000000100016410	mov	x0, x29
0000000100016414	sub	x0, x0, #0x38
0000000100016418	str	x0, [x28]
000000010001641c	add	x28, x28, #0x8
0000000100016420	ldur	x0, [x29, #-0x8]
0000000100016424	str	x0, [x28]
0000000100016428	add	x28, x28, #0x8
000000010001642c	sub	x28, x28, #0x8
0000000100016430	ldr	x11, [x28]
0000000100016434	mov	x10, x29
0000000100016438	sub	x10, x10, #0x118
000000010001643c	ldr	x9, [x11]
0000000100016440	str	x9, [x10]
0000000100016444	ldr	x9, [x11, #0x8]
0000000100016448	str	x9, [x10, #0x8]
000000010001644c	mov	x0, x29
0000000100016450	sub	x0, x0, #0x118
0000000100016454	str	x0, [x28]
0000000100016458	add	x28, x28, #0x8
000000010001645c	mov	x0, x29
0000000100016460	sub	x0, x0, #0x70
0000000100016464	str	x0, [x28]
0000000100016468	add	x28, x28, #0x8
000000010001646c	mov	x0, #0xb
0000000100016470	str	x0, [x28]
0000000100016474	add	x28, x28, #0x8
0000000100016478	ldur	x0, [x29, #-0x28]
000000010001647c	str	x0, [x28]
0000000100016480	add	x28, x28, #0x8
0000000100016484	sub	x28, x28, #0x8
0000000100016488	ldr	x11, [x28]
000000010001648c	mov	x10, x29
0000000100016490	sub	x10, x10, #0x128
0000000100016494	ldr	x9, [x11]
0000000100016498	str	x9, [x10]
000000010001649c	ldr	x9, [x11, #0x8]
00000001000164a0	str	x9, [x10, #0x8]
00000001000164a4	mov	x0, x29
00000001000164a8	sub	x0, x0, #0x128
00000001000164ac	str	x0, [x28]
00000001000164b0	add	x28, x28, #0x8
00000001000164b4	sub	x28, x28, #0x8
00000001000164b8	ldr	x3, [x28]
00000001000164bc	sub	x28, x28, #0x8
00000001000164c0	ldr	x2, [x28]
00000001000164c4	sub	x28, x28, #0x8
00000001000164c8	ldr	x1, [x28]
00000001000164cc	sub	x28, x28, #0x8
00000001000164d0	ldr	x0, [x28]
00000001000164d4	bl	0x1000116ec
00000001000164d8	str	x0, [x28]
00000001000164dc	add	x28, x28, #0x8
00000001000164e0	sub	x28, x28, #0x8
00000001000164e4	ldr	x0, [x28]
00000001000164e8	sub	x28, x28, #0x8
00000001000164ec	ldr	x10, [x28]
00000001000164f0	str	x0, [x10]
00000001000164f4	ldur	x0, [x29, #-0x38]
00000001000164f8	str	x0, [x28]
00000001000164fc	add	x28, x28, #0x8
0000000100016500	mov	x0, #0x0
0000000100016504	str	x0, [x28]
0000000100016508	add	x28, x28, #0x8
000000010001650c	sub	x28, x28, #0x8
0000000100016510	ldr	x1, [x28]
0000000100016514	sub	x28, x28, #0x8
0000000100016518	ldr	x0, [x28]
000000010001651c	cmp	x0, x1
0000000100016520	b.eq	0x10001652c
0000000100016524	mov	x0, #0x1
0000000100016528	b	0x100016530
000000010001652c	mov	x0, #0x0
0000000100016530	str	x0, [x28]
0000000100016534	add	x28, x28, #0x8
0000000100016538	sub	x28, x28, #0x8
000000010001653c	ldr	x0, [x28]
0000000100016540	cmp	x0, #0x0
0000000100016544	b.eq	0x100016564
0000000100016548	mov	x0, #0x55
000000010001654c	str	x0, [x28]
0000000100016550	add	x28, x28, #0x8
0000000100016554	sub	x28, x28, #0x8
0000000100016558	ldr	x0, [x28]
000000010001655c	b	0x1000167dc
0000000100016560	b	0x100016564
0000000100016564	mov	x0, x29
0000000100016568	sub	x0, x0, #0x38
000000010001656c	str	x0, [x28]
0000000100016570	add	x28, x28, #0x8
0000000100016574	ldur	x0, [x29, #-0x8]
0000000100016578	str	x0, [x28]
000000010001657c	add	x28, x28, #0x8
0000000100016580	sub	x28, x28, #0x8
0000000100016584	ldr	x11, [x28]
0000000100016588	mov	x10, x29
000000010001658c	sub	x10, x10, #0x138
0000000100016590	ldr	x9, [x11]
0000000100016594	str	x9, [x10]
0000000100016598	ldr	x9, [x11, #0x8]
000000010001659c	str	x9, [x10, #0x8]
00000001000165a0	mov	x0, x29
00000001000165a4	sub	x0, x0, #0x138
00000001000165a8	str	x0, [x28]
00000001000165ac	add	x28, x28, #0x8
00000001000165b0	mov	x0, x29
00000001000165b4	sub	x0, x0, #0x70
00000001000165b8	str	x0, [x28]
00000001000165bc	add	x28, x28, #0x8
00000001000165c0	mov	x0, #0xc
00000001000165c4	str	x0, [x28]
00000001000165c8	add	x28, x28, #0x8
00000001000165cc	ldur	x0, [x29, #-0x30]
00000001000165d0	str	x0, [x28]
00000001000165d4	add	x28, x28, #0x8
00000001000165d8	sub	x28, x28, #0x8
00000001000165dc	ldr	x11, [x28]
00000001000165e0	mov	x10, x29
00000001000165e4	sub	x10, x10, #0x148
00000001000165e8	ldr	x9, [x11]
00000001000165ec	str	x9, [x10]
00000001000165f0	ldr	x9, [x11, #0x8]
00000001000165f4	str	x9, [x10, #0x8]
00000001000165f8	mov	x0, x29
00000001000165fc	sub	x0, x0, #0x148
0000000100016600	str	x0, [x28]
0000000100016604	add	x28, x28, #0x8
0000000100016608	sub	x28, x28, #0x8
000000010001660c	ldr	x3, [x28]
0000000100016610	sub	x28, x28, #0x8
0000000100016614	ldr	x2, [x28]
0000000100016618	sub	x28, x28, #0x8
000000010001661c	ldr	x1, [x28]
0000000100016620	sub	x28, x28, #0x8
0000000100016624	ldr	x0, [x28]
0000000100016628	bl	0x1000116ec
000000010001662c	str	x0, [x28]
0000000100016630	add	x28, x28, #0x8
0000000100016634	sub	x28, x28, #0x8
0000000100016638	ldr	x0, [x28]
000000010001663c	sub	x28, x28, #0x8
0000000100016640	ldr	x10, [x28]
0000000100016644	str	x0, [x10]
0000000100016648	ldur	x0, [x29, #-0x38]
000000010001664c	str	x0, [x28]
0000000100016650	add	x28, x28, #0x8
0000000100016654	mov	x0, #0x0
0000000100016658	str	x0, [x28]
000000010001665c	add	x28, x28, #0x8
0000000100016660	sub	x28, x28, #0x8
0000000100016664	ldr	x1, [x28]
0000000100016668	sub	x28, x28, #0x8
000000010001666c	ldr	x0, [x28]
0000000100016670	cmp	x0, x1
0000000100016674	b.eq	0x100016680
0000000100016678	mov	x0, #0x1
000000010001667c	b	0x100016684
0000000100016680	mov	x0, #0x0
0000000100016684	str	x0, [x28]
0000000100016688	add	x28, x28, #0x8
000000010001668c	sub	x28, x28, #0x8
0000000100016690	ldr	x0, [x28]
0000000100016694	cmp	x0, #0x0
0000000100016698	b.eq	0x1000166b8
000000010001669c	mov	x0, #0x56
00000001000166a0	str	x0, [x28]
00000001000166a4	add	x28, x28, #0x8
00000001000166a8	sub	x28, x28, #0x8
00000001000166ac	ldr	x0, [x28]
00000001000166b0	b	0x1000167dc
00000001000166b4	b	0x1000166b8
00000001000166b8	mov	x0, x29
00000001000166bc	sub	x0, x0, #0x38
00000001000166c0	str	x0, [x28]
00000001000166c4	add	x28, x28, #0x8
00000001000166c8	ldur	x0, [x29, #-0x8]
00000001000166cc	str	x0, [x28]
00000001000166d0	add	x28, x28, #0x8
00000001000166d4	sub	x28, x28, #0x8
00000001000166d8	ldr	x11, [x28]
00000001000166dc	mov	x10, x29
00000001000166e0	sub	x10, x10, #0x158
00000001000166e4	ldr	x9, [x11]
00000001000166e8	str	x9, [x10]
00000001000166ec	ldr	x9, [x11, #0x8]
00000001000166f0	str	x9, [x10, #0x8]
00000001000166f4	mov	x0, x29
00000001000166f8	sub	x0, x0, #0x158
00000001000166fc	str	x0, [x28]
0000000100016700	add	x28, x28, #0x8
0000000100016704	ldur	x0, [x29, #-0x70]
0000000100016708	str	x0, [x28]
000000010001670c	add	x28, x28, #0x8
0000000100016710	sub	x28, x28, #0x8
0000000100016714	ldr	x1, [x28]
0000000100016718	sub	x28, x28, #0x8
000000010001671c	ldr	x0, [x28]
0000000100016720	bl	0x100013a04
0000000100016724	str	x0, [x28]
0000000100016728	add	x28, x28, #0x8
000000010001672c	sub	x28, x28, #0x8
0000000100016730	ldr	x0, [x28]
0000000100016734	sub	x28, x28, #0x8
0000000100016738	ldr	x10, [x28]
000000010001673c	str	x0, [x10]
0000000100016740	ldur	x0, [x29, #-0x38]
0000000100016744	str	x0, [x28]
0000000100016748	add	x28, x28, #0x8
000000010001674c	sub	x28, x28, #0x8
0000000100016750	ldr	x0, [x28]
0000000100016754	bl	0x10000c230
0000000100016758	str	x0, [x28]
000000010001675c	add	x28, x28, #0x8
0000000100016760	mov	x0, #0x1
0000000100016764	str	x0, [x28]
0000000100016768	add	x28, x28, #0x8
000000010001676c	sub	x28, x28, #0x8
0000000100016770	ldr	x1, [x28]
0000000100016774	sub	x28, x28, #0x8
0000000100016778	ldr	x0, [x28]
000000010001677c	cmp	x0, x1
0000000100016780	b.ne	0x10001678c
0000000100016784	mov	x0, #0x1
0000000100016788	b	0x100016790
000000010001678c	mov	x0, #0x0
0000000100016790	str	x0, [x28]
0000000100016794	add	x28, x28, #0x8
0000000100016798	sub	x28, x28, #0x8
000000010001679c	ldr	x0, [x28]
00000001000167a0	cmp	x0, #0x0
00000001000167a4	b.eq	0x1000167c4
00000001000167a8	mov	x0, #0x57
00000001000167ac	str	x0, [x28]
00000001000167b0	add	x28, x28, #0x8
00000001000167b4	sub	x28, x28, #0x8
00000001000167b8	ldr	x0, [x28]
00000001000167bc	b	0x1000167dc
00000001000167c0	b	0x1000167c4
00000001000167c4	ldur	x0, [x29, #-0x38]
00000001000167c8	str	x0, [x28]
00000001000167cc	add	x28, x28, #0x8
00000001000167d0	sub	x28, x28, #0x8
00000001000167d4	ldr	x0, [x28]
00000001000167d8	b	0x1000167dc
00000001000167dc	mov	sp, x29
00000001000167e0	ldr	x29, [sp]
00000001000167e4	ldr	x30, [sp, #0x8]
00000001000167e8	ldr	x28, [sp, #0x10]
00000001000167ec	add	sp, sp, #0x20
00000001000167f0	ret
00000001000167f4	sub	sp, sp, #0x20
00000001000167f8	str	x29, [sp]
00000001000167fc	str	x30, [sp, #0x8]
0000000100016800	str	x28, [sp, #0x10]
0000000100016804	mov	x29, sp
0000000100016808	sub	sp, sp, #0x360
000000010001680c	mov	x28, sp
0000000100016810	mov	x0, #0x93e0
0000000100016814	movk	x0, #0x4, lsl #16
0000000100016818	str	x0, [x28]
000000010001681c	add	x28, x28, #0x8
0000000100016820	sub	x28, x28, #0x8
0000000100016824	ldr	x0, [x28]
0000000100016828	mov	x8, x29
000000010001682c	sub	x8, x8, #0x20
0000000100016830	bl	0x10000101c
0000000100016834	str	x0, [x28]
0000000100016838	add	x28, x28, #0x8
000000010001683c	sub	x28, x28, #0x8
0000000100016840	ldr	x11, [x28]
0000000100016844	mov	x10, x29
0000000100016848	sub	x10, x10, #0x10
000000010001684c	ldr	x9, [x11]
0000000100016850	str	x9, [x10]
0000000100016854	ldr	x9, [x11, #0x8]
0000000100016858	str	x9, [x10, #0x8]
000000010001685c	mov	x0, #0xbf20
0000000100016860	movk	x0, #0x3, lsl #16
0000000100016864	str	x0, [x28]
0000000100016868	add	x28, x28, #0x8
000000010001686c	sub	x28, x28, #0x8
0000000100016870	ldr	x0, [x28]
0000000100016874	mov	x8, x29
0000000100016878	sub	x8, x8, #0x40
000000010001687c	bl	0x10000101c
0000000100016880	str	x0, [x28]
0000000100016884	add	x28, x28, #0x8
0000000100016888	sub	x28, x28, #0x8
000000010001688c	ldr	x11, [x28]
0000000100016890	mov	x10, x29
0000000100016894	sub	x10, x10, #0x30
0000000100016898	ldr	x9, [x11]
000000010001689c	str	x9, [x10]
00000001000168a0	ldr	x9, [x11, #0x8]
00000001000168a4	str	x9, [x10, #0x8]
00000001000168a8	mov	x0, #0x20
00000001000168ac	str	x0, [x28]
00000001000168b0	add	x28, x28, #0x8
00000001000168b4	sub	x28, x28, #0x8
00000001000168b8	ldr	x0, [x28]
00000001000168bc	mov	x8, x29
00000001000168c0	sub	x8, x8, #0x60
00000001000168c4	bl	0x10000101c
00000001000168c8	str	x0, [x28]
00000001000168cc	add	x28, x28, #0x8
00000001000168d0	sub	x28, x28, #0x8
00000001000168d4	ldr	x11, [x28]
00000001000168d8	mov	x10, x29
00000001000168dc	sub	x10, x10, #0x50
00000001000168e0	ldr	x9, [x11]
00000001000168e4	str	x9, [x10]
00000001000168e8	ldr	x9, [x11, #0x8]
00000001000168ec	str	x9, [x10, #0x8]
00000001000168f0	mov	x0, #0x20
00000001000168f4	str	x0, [x28]
00000001000168f8	add	x28, x28, #0x8
00000001000168fc	sub	x28, x28, #0x8
0000000100016900	ldr	x0, [x28]
0000000100016904	mov	x8, x29
0000000100016908	sub	x8, x8, #0x80
000000010001690c	bl	0x10000101c
0000000100016910	str	x0, [x28]
0000000100016914	add	x28, x28, #0x8
0000000100016918	sub	x28, x28, #0x8
000000010001691c	ldr	x11, [x28]
0000000100016920	mov	x10, x29
0000000100016924	sub	x10, x10, #0x70
0000000100016928	ldr	x9, [x11]
000000010001692c	str	x9, [x10]
0000000100016930	ldr	x9, [x11, #0x8]
0000000100016934	str	x9, [x10, #0x8]
0000000100016938	mov	x0, #0x60
000000010001693c	str	x0, [x28]
0000000100016940	add	x28, x28, #0x8
0000000100016944	sub	x28, x28, #0x8
0000000100016948	ldr	x0, [x28]
000000010001694c	mov	x8, x29
0000000100016950	sub	x8, x8, #0xa0
0000000100016954	bl	0x10000101c
0000000100016958	str	x0, [x28]
000000010001695c	add	x28, x28, #0x8
0000000100016960	sub	x28, x28, #0x8
0000000100016964	ldr	x11, [x28]
0000000100016968	mov	x10, x29
000000010001696c	sub	x10, x10, #0x90
0000000100016970	ldr	x9, [x11]
0000000100016974	str	x9, [x10]
0000000100016978	ldr	x9, [x11, #0x8]
000000010001697c	str	x9, [x10, #0x8]
0000000100016980	mov	x0, #0x10
0000000100016984	str	x0, [x28]
0000000100016988	add	x28, x28, #0x8
000000010001698c	sub	x28, x28, #0x8
0000000100016990	ldr	x0, [x28]
0000000100016994	mov	x8, x29
0000000100016998	sub	x8, x8, #0xc0
000000010001699c	bl	0x10000101c
00000001000169a0	str	x0, [x28]
00000001000169a4	add	x28, x28, #0x8
00000001000169a8	sub	x28, x28, #0x8
00000001000169ac	ldr	x11, [x28]
00000001000169b0	mov	x10, x29
00000001000169b4	sub	x10, x10, #0xb0
00000001000169b8	ldr	x9, [x11]
00000001000169bc	str	x9, [x10]
00000001000169c0	ldr	x9, [x11, #0x8]
00000001000169c4	str	x9, [x10, #0x8]
00000001000169c8	mov	x0, x29
00000001000169cc	sub	x0, x0, #0x10
00000001000169d0	str	x0, [x28]
00000001000169d4	add	x28, x28, #0x8
00000001000169d8	sub	x28, x28, #0x8
00000001000169dc	ldr	x10, [x28]
00000001000169e0	ldr	x0, [x10, #0x8]
00000001000169e4	str	x0, [x28]
00000001000169e8	add	x28, x28, #0x8
00000001000169ec	mov	x0, #0x93e0
00000001000169f0	movk	x0, #0x4, lsl #16
00000001000169f4	str	x0, [x28]
00000001000169f8	add	x28, x28, #0x8
00000001000169fc	sub	x28, x28, #0x8
0000000100016a00	ldr	x1, [x28]
0000000100016a04	sub	x28, x28, #0x8
0000000100016a08	ldr	x0, [x28]
0000000100016a0c	cmp	x0, x1
0000000100016a10	b.eq	0x100016a1c
0000000100016a14	mov	x0, #0x1
0000000100016a18	b	0x100016a20
0000000100016a1c	mov	x0, #0x0
0000000100016a20	str	x0, [x28]
0000000100016a24	add	x28, x28, #0x8
0000000100016a28	sub	x28, x28, #0x8
0000000100016a2c	ldr	x0, [x28]
0000000100016a30	cmp	x0, #0x0
0000000100016a34	b.ne	0x100016ab0
0000000100016a38	mov	x0, x29
0000000100016a3c	sub	x0, x0, #0x30
0000000100016a40	str	x0, [x28]
0000000100016a44	add	x28, x28, #0x8
0000000100016a48	sub	x28, x28, #0x8
0000000100016a4c	ldr	x10, [x28]
0000000100016a50	ldr	x0, [x10, #0x8]
0000000100016a54	str	x0, [x28]
0000000100016a58	add	x28, x28, #0x8
0000000100016a5c	mov	x0, #0xbf20
0000000100016a60	movk	x0, #0x3, lsl #16
0000000100016a64	str	x0, [x28]
0000000100016a68	add	x28, x28, #0x8
0000000100016a6c	sub	x28, x28, #0x8
0000000100016a70	ldr	x1, [x28]
0000000100016a74	sub	x28, x28, #0x8
0000000100016a78	ldr	x0, [x28]
0000000100016a7c	cmp	x0, x1
0000000100016a80	b.eq	0x100016a8c
0000000100016a84	mov	x0, #0x1
0000000100016a88	b	0x100016a90
0000000100016a8c	mov	x0, #0x0
0000000100016a90	str	x0, [x28]
0000000100016a94	add	x28, x28, #0x8
0000000100016a98	sub	x28, x28, #0x8
0000000100016a9c	ldr	x0, [x28]
0000000100016aa0	cmp	x0, #0x0
0000000100016aa4	b.ne	0x100016ab0
0000000100016aa8	mov	x0, #0x0
0000000100016aac	b	0x100016ab4
0000000100016ab0	mov	x0, #0x1
0000000100016ab4	str	x0, [x28]
0000000100016ab8	add	x28, x28, #0x8
0000000100016abc	sub	x28, x28, #0x8
0000000100016ac0	ldr	x0, [x28]
0000000100016ac4	cmp	x0, #0x0
0000000100016ac8	b.ne	0x100016b40
0000000100016acc	mov	x0, x29
0000000100016ad0	sub	x0, x0, #0x50
0000000100016ad4	str	x0, [x28]
0000000100016ad8	add	x28, x28, #0x8
0000000100016adc	sub	x28, x28, #0x8
0000000100016ae0	ldr	x10, [x28]
0000000100016ae4	ldr	x0, [x10, #0x8]
0000000100016ae8	str	x0, [x28]
0000000100016aec	add	x28, x28, #0x8
0000000100016af0	mov	x0, #0x20
0000000100016af4	str	x0, [x28]
0000000100016af8	add	x28, x28, #0x8
0000000100016afc	sub	x28, x28, #0x8
0000000100016b00	ldr	x1, [x28]
0000000100016b04	sub	x28, x28, #0x8
0000000100016b08	ldr	x0, [x28]
0000000100016b0c	cmp	x0, x1
0000000100016b10	b.eq	0x100016b1c
0000000100016b14	mov	x0, #0x1
0000000100016b18	b	0x100016b20
0000000100016b1c	mov	x0, #0x0
0000000100016b20	str	x0, [x28]
0000000100016b24	add	x28, x28, #0x8
0000000100016b28	sub	x28, x28, #0x8
0000000100016b2c	ldr	x0, [x28]
0000000100016b30	cmp	x0, #0x0
0000000100016b34	b.ne	0x100016b40
0000000100016b38	mov	x0, #0x0
0000000100016b3c	b	0x100016b44
0000000100016b40	mov	x0, #0x1
0000000100016b44	str	x0, [x28]
0000000100016b48	add	x28, x28, #0x8
0000000100016b4c	sub	x28, x28, #0x8
0000000100016b50	ldr	x0, [x28]
0000000100016b54	cmp	x0, #0x0
0000000100016b58	b.ne	0x100016bd0
0000000100016b5c	mov	x0, x29
0000000100016b60	sub	x0, x0, #0x70
0000000100016b64	str	x0, [x28]
0000000100016b68	add	x28, x28, #0x8
0000000100016b6c	sub	x28, x28, #0x8
0000000100016b70	ldr	x10, [x28]
0000000100016b74	ldr	x0, [x10, #0x8]
0000000100016b78	str	x0, [x28]
0000000100016b7c	add	x28, x28, #0x8
0000000100016b80	mov	x0, #0x20
0000000100016b84	str	x0, [x28]
0000000100016b88	add	x28, x28, #0x8
0000000100016b8c	sub	x28, x28, #0x8
0000000100016b90	ldr	x1, [x28]
0000000100016b94	sub	x28, x28, #0x8
0000000100016b98	ldr	x0, [x28]
0000000100016b9c	cmp	x0, x1
0000000100016ba0	b.eq	0x100016bac
0000000100016ba4	mov	x0, #0x1
0000000100016ba8	b	0x100016bb0
0000000100016bac	mov	x0, #0x0
0000000100016bb0	str	x0, [x28]
0000000100016bb4	add	x28, x28, #0x8
0000000100016bb8	sub	x28, x28, #0x8
0000000100016bbc	ldr	x0, [x28]
0000000100016bc0	cmp	x0, #0x0
0000000100016bc4	b.ne	0x100016bd0
0000000100016bc8	mov	x0, #0x0
0000000100016bcc	b	0x100016bd4
0000000100016bd0	mov	x0, #0x1
0000000100016bd4	str	x0, [x28]
0000000100016bd8	add	x28, x28, #0x8
0000000100016bdc	sub	x28, x28, #0x8
0000000100016be0	ldr	x0, [x28]
0000000100016be4	cmp	x0, #0x0
0000000100016be8	b.ne	0x100016c60
0000000100016bec	mov	x0, x29
0000000100016bf0	sub	x0, x0, #0x90
0000000100016bf4	str	x0, [x28]
0000000100016bf8	add	x28, x28, #0x8
0000000100016bfc	sub	x28, x28, #0x8
0000000100016c00	ldr	x10, [x28]
0000000100016c04	ldr	x0, [x10, #0x8]
0000000100016c08	str	x0, [x28]
0000000100016c0c	add	x28, x28, #0x8
0000000100016c10	mov	x0, #0x60
0000000100016c14	str	x0, [x28]
0000000100016c18	add	x28, x28, #0x8
0000000100016c1c	sub	x28, x28, #0x8
0000000100016c20	ldr	x1, [x28]
0000000100016c24	sub	x28, x28, #0x8
0000000100016c28	ldr	x0, [x28]
0000000100016c2c	cmp	x0, x1
0000000100016c30	b.eq	0x100016c3c
0000000100016c34	mov	x0, #0x1
0000000100016c38	b	0x100016c40
0000000100016c3c	mov	x0, #0x0
0000000100016c40	str	x0, [x28]
0000000100016c44	add	x28, x28, #0x8
0000000100016c48	sub	x28, x28, #0x8
0000000100016c4c	ldr	x0, [x28]
0000000100016c50	cmp	x0, #0x0
0000000100016c54	b.ne	0x100016c60
0000000100016c58	mov	x0, #0x0
0000000100016c5c	b	0x100016c64
0000000100016c60	mov	x0, #0x1
0000000100016c64	str	x0, [x28]
0000000100016c68	add	x28, x28, #0x8
0000000100016c6c	sub	x28, x28, #0x8
0000000100016c70	ldr	x0, [x28]
0000000100016c74	cmp	x0, #0x0
0000000100016c78	b.ne	0x100016cf0
0000000100016c7c	mov	x0, x29
0000000100016c80	sub	x0, x0, #0xb0
0000000100016c84	str	x0, [x28]
0000000100016c88	add	x28, x28, #0x8
0000000100016c8c	sub	x28, x28, #0x8
0000000100016c90	ldr	x10, [x28]
0000000100016c94	ldr	x0, [x10, #0x8]
0000000100016c98	str	x0, [x28]
0000000100016c9c	add	x28, x28, #0x8
0000000100016ca0	mov	x0, #0x10
0000000100016ca4	str	x0, [x28]
0000000100016ca8	add	x28, x28, #0x8
0000000100016cac	sub	x28, x28, #0x8
0000000100016cb0	ldr	x1, [x28]
0000000100016cb4	sub	x28, x28, #0x8
0000000100016cb8	ldr	x0, [x28]
0000000100016cbc	cmp	x0, x1
0000000100016cc0	b.eq	0x100016ccc
0000000100016cc4	mov	x0, #0x1
0000000100016cc8	b	0x100016cd0
0000000100016ccc	mov	x0, #0x0
0000000100016cd0	str	x0, [x28]
0000000100016cd4	add	x28, x28, #0x8
0000000100016cd8	sub	x28, x28, #0x8
0000000100016cdc	ldr	x0, [x28]
0000000100016ce0	cmp	x0, #0x0
0000000100016ce4	b.ne	0x100016cf0
0000000100016ce8	mov	x0, #0x0
0000000100016cec	b	0x100016cf4
0000000100016cf0	mov	x0, #0x1
0000000100016cf4	str	x0, [x28]
0000000100016cf8	add	x28, x28, #0x8
0000000100016cfc	sub	x28, x28, #0x8
0000000100016d00	ldr	x0, [x28]
0000000100016d04	cmp	x0, #0x0
0000000100016d08	b.eq	0x100016d28
0000000100016d0c	mov	x0, #0x46
0000000100016d10	str	x0, [x28]
0000000100016d14	add	x28, x28, #0x8
0000000100016d18	sub	x28, x28, #0x8
0000000100016d1c	ldr	x0, [x28]
0000000100016d20	b	0x100017a70
0000000100016d24	b	0x100016d28
0000000100016d28	mov	x0, #0x0
0000000100016d2c	str	x0, [x28]
0000000100016d30	add	x28, x28, #0x8
0000000100016d34	sub	x28, x28, #0x8
0000000100016d38	ldr	x0, [x28]
0000000100016d3c	stur	x0, [x29, #-0xc8]
0000000100016d40	ldur	x0, [x29, #-0xc8]
0000000100016d44	str	x0, [x28]
0000000100016d48	add	x28, x28, #0x8
0000000100016d4c	mov	x0, x29
0000000100016d50	sub	x0, x0, #0x30
0000000100016d54	str	x0, [x28]
0000000100016d58	add	x28, x28, #0x8
0000000100016d5c	sub	x28, x28, #0x8
0000000100016d60	ldr	x10, [x28]
0000000100016d64	ldr	x0, [x10, #0x8]
0000000100016d68	str	x0, [x28]
0000000100016d6c	add	x28, x28, #0x8
0000000100016d70	sub	x28, x28, #0x8
0000000100016d74	ldr	x1, [x28]
0000000100016d78	sub	x28, x28, #0x8
0000000100016d7c	ldr	x0, [x28]
0000000100016d80	cmp	x0, x1
0000000100016d84	b.ge	0x100016d90
0000000100016d88	mov	x0, #0x1
0000000100016d8c	b	0x100016d94
0000000100016d90	mov	x0, #0x0
0000000100016d94	str	x0, [x28]
0000000100016d98	add	x28, x28, #0x8
0000000100016d9c	sub	x28, x28, #0x8
0000000100016da0	ldr	x0, [x28]
0000000100016da4	cmp	x0, #0x0
0000000100016da8	b.eq	0x100016ebc
0000000100016dac	mov	x0, x29
0000000100016db0	sub	x0, x0, #0x30
0000000100016db4	str	x0, [x28]
0000000100016db8	add	x28, x28, #0x8
0000000100016dbc	sub	x28, x28, #0x8
0000000100016dc0	ldr	x0, [x28]
0000000100016dc4	ldr	x0, [x0]
0000000100016dc8	str	x0, [x28]
0000000100016dcc	add	x28, x28, #0x8
0000000100016dd0	ldur	x0, [x29, #-0xc8]
0000000100016dd4	str	x0, [x28]
0000000100016dd8	add	x28, x28, #0x8
0000000100016ddc	sub	x28, x28, #0x8
0000000100016de0	ldr	x1, [x28]
0000000100016de4	sub	x28, x28, #0x8
0000000100016de8	ldr	x0, [x28]
0000000100016dec	add	x0, x0, x1
0000000100016df0	str	x0, [x28]
0000000100016df4	add	x28, x28, #0x8
0000000100016df8	ldur	x0, [x29, #-0xc8]
0000000100016dfc	str	x0, [x28]
0000000100016e00	add	x28, x28, #0x8
0000000100016e04	mov	x0, #0xff
0000000100016e08	str	x0, [x28]
0000000100016e0c	add	x28, x28, #0x8
0000000100016e10	sub	x28, x28, #0x8
0000000100016e14	ldr	x1, [x28]
0000000100016e18	sub	x28, x28, #0x8
0000000100016e1c	ldr	x0, [x28]
0000000100016e20	and	x0, x0, x1
0000000100016e24	sxtw	x0, w0
0000000100016e28	str	x0, [x28]
0000000100016e2c	add	x28, x28, #0x8
0000000100016e30	sub	x28, x28, #0x8
0000000100016e34	ldr	x0, [x28]
0000000100016e38	mov	x9, #0xff
0000000100016e3c	and	x0, x0, x9
0000000100016e40	str	x0, [x28]
0000000100016e44	add	x28, x28, #0x8
0000000100016e48	sub	x28, x28, #0x8
0000000100016e4c	ldr	x0, [x28]
0000000100016e50	sub	x28, x28, #0x8
0000000100016e54	ldr	x10, [x28]
0000000100016e58	strb	w0, [x10]
0000000100016e5c	mov	x0, x29
0000000100016e60	sub	x0, x0, #0xc8
0000000100016e64	str	x0, [x28]
0000000100016e68	add	x28, x28, #0x8
0000000100016e6c	ldur	x0, [x29, #-0xc8]
0000000100016e70	str	x0, [x28]
0000000100016e74	add	x28, x28, #0x8
0000000100016e78	mov	x0, #0x1
0000000100016e7c	str	x0, [x28]
0000000100016e80	add	x28, x28, #0x8
0000000100016e84	sub	x28, x28, #0x8
0000000100016e88	ldr	x1, [x28]
0000000100016e8c	sub	x28, x28, #0x8
0000000100016e90	ldr	x0, [x28]
0000000100016e94	add	x0, x0, x1
0000000100016e98	sxtw	x0, w0
0000000100016e9c	str	x0, [x28]
0000000100016ea0	add	x28, x28, #0x8
0000000100016ea4	sub	x28, x28, #0x8
0000000100016ea8	ldr	x0, [x28]
0000000100016eac	sub	x28, x28, #0x8
0000000100016eb0	ldr	x10, [x28]
0000000100016eb4	str	x0, [x10]
0000000100016eb8	b	0x100016d40
0000000100016ebc	mov	x0, x29
0000000100016ec0	sub	x0, x0, #0x30
0000000100016ec4	str	x0, [x28]
0000000100016ec8	add	x28, x28, #0x8
0000000100016ecc	sub	x28, x28, #0x8
0000000100016ed0	ldr	x0, [x28]
0000000100016ed4	ldr	x0, [x0]
0000000100016ed8	str	x0, [x28]
0000000100016edc	add	x28, x28, #0x8
0000000100016ee0	mov	x0, #0x0
0000000100016ee4	str	x0, [x28]
0000000100016ee8	add	x28, x28, #0x8
0000000100016eec	sub	x28, x28, #0x8
0000000100016ef0	ldr	x1, [x28]
0000000100016ef4	sub	x28, x28, #0x8
0000000100016ef8	ldr	x0, [x28]
0000000100016efc	add	x0, x0, x1
0000000100016f00	str	x0, [x28]
0000000100016f04	add	x28, x28, #0x8
0000000100016f08	mov	x0, #0x43
0000000100016f0c	str	x0, [x28]
0000000100016f10	add	x28, x28, #0x8
0000000100016f14	sub	x28, x28, #0x8
0000000100016f18	ldr	x0, [x28]
0000000100016f1c	sub	x28, x28, #0x8
0000000100016f20	ldr	x10, [x28]
0000000100016f24	strb	w0, [x10]
0000000100016f28	mov	x0, x29
0000000100016f2c	sub	x0, x0, #0x30
0000000100016f30	str	x0, [x28]
0000000100016f34	add	x28, x28, #0x8
0000000100016f38	sub	x28, x28, #0x8
0000000100016f3c	ldr	x0, [x28]
0000000100016f40	ldr	x0, [x0]
0000000100016f44	str	x0, [x28]
0000000100016f48	add	x28, x28, #0x8
0000000100016f4c	mov	x0, #0x1
0000000100016f50	str	x0, [x28]
0000000100016f54	add	x28, x28, #0x8
0000000100016f58	sub	x28, x28, #0x8
0000000100016f5c	ldr	x1, [x28]
0000000100016f60	sub	x28, x28, #0x8
0000000100016f64	ldr	x0, [x28]
0000000100016f68	add	x0, x0, x1
0000000100016f6c	str	x0, [x28]
0000000100016f70	add	x28, x28, #0x8
0000000100016f74	mov	x0, #0x4c
0000000100016f78	str	x0, [x28]
0000000100016f7c	add	x28, x28, #0x8
0000000100016f80	sub	x28, x28, #0x8
0000000100016f84	ldr	x0, [x28]
0000000100016f88	sub	x28, x28, #0x8
0000000100016f8c	ldr	x10, [x28]
0000000100016f90	strb	w0, [x10]
0000000100016f94	mov	x0, x29
0000000100016f98	sub	x0, x0, #0x30
0000000100016f9c	str	x0, [x28]
0000000100016fa0	add	x28, x28, #0x8
0000000100016fa4	sub	x28, x28, #0x8
0000000100016fa8	ldr	x0, [x28]
0000000100016fac	ldr	x0, [x0]
0000000100016fb0	str	x0, [x28]
0000000100016fb4	add	x28, x28, #0x8
0000000100016fb8	mov	x0, #0x2
0000000100016fbc	str	x0, [x28]
0000000100016fc0	add	x28, x28, #0x8
0000000100016fc4	sub	x28, x28, #0x8
0000000100016fc8	ldr	x1, [x28]
0000000100016fcc	sub	x28, x28, #0x8
0000000100016fd0	ldr	x0, [x28]
0000000100016fd4	add	x0, x0, x1
0000000100016fd8	str	x0, [x28]
0000000100016fdc	add	x28, x28, #0x8
0000000100016fe0	mov	x0, #0x41
0000000100016fe4	str	x0, [x28]
0000000100016fe8	add	x28, x28, #0x8
0000000100016fec	sub	x28, x28, #0x8
0000000100016ff0	ldr	x0, [x28]
0000000100016ff4	sub	x28, x28, #0x8
0000000100016ff8	ldr	x10, [x28]
0000000100016ffc	strb	w0, [x10]
0000000100017000	mov	x0, x29
0000000100017004	sub	x0, x0, #0x30
0000000100017008	str	x0, [x28]
000000010001700c	add	x28, x28, #0x8
0000000100017010	sub	x28, x28, #0x8
0000000100017014	ldr	x0, [x28]
0000000100017018	ldr	x0, [x0]
000000010001701c	str	x0, [x28]
0000000100017020	add	x28, x28, #0x8
0000000100017024	mov	x0, #0x3
0000000100017028	str	x0, [x28]
000000010001702c	add	x28, x28, #0x8
0000000100017030	sub	x28, x28, #0x8
0000000100017034	ldr	x1, [x28]
0000000100017038	sub	x28, x28, #0x8
000000010001703c	ldr	x0, [x28]
0000000100017040	add	x0, x0, x1
0000000100017044	str	x0, [x28]
0000000100017048	add	x28, x28, #0x8
000000010001704c	mov	x0, #0x31
0000000100017050	str	x0, [x28]
0000000100017054	add	x28, x28, #0x8
0000000100017058	sub	x28, x28, #0x8
000000010001705c	ldr	x0, [x28]
0000000100017060	sub	x28, x28, #0x8
0000000100017064	ldr	x10, [x28]
0000000100017068	strb	w0, [x10]
000000010001706c	mov	x0, x29
0000000100017070	sub	x0, x0, #0xc8
0000000100017074	str	x0, [x28]
0000000100017078	add	x28, x28, #0x8
000000010001707c	mov	x0, #0x0
0000000100017080	str	x0, [x28]
0000000100017084	add	x28, x28, #0x8
0000000100017088	sub	x28, x28, #0x8
000000010001708c	ldr	x0, [x28]
0000000100017090	sub	x28, x28, #0x8
0000000100017094	ldr	x10, [x28]
0000000100017098	str	x0, [x10]
000000010001709c	ldur	x0, [x29, #-0xc8]
00000001000170a0	str	x0, [x28]
00000001000170a4	add	x28, x28, #0x8
00000001000170a8	mov	x0, x29
00000001000170ac	sub	x0, x0, #0x90
00000001000170b0	str	x0, [x28]
00000001000170b4	add	x28, x28, #0x8
00000001000170b8	sub	x28, x28, #0x8
00000001000170bc	ldr	x10, [x28]
00000001000170c0	ldr	x0, [x10, #0x8]
00000001000170c4	str	x0, [x28]
00000001000170c8	add	x28, x28, #0x8
00000001000170cc	sub	x28, x28, #0x8
00000001000170d0	ldr	x1, [x28]
00000001000170d4	sub	x28, x28, #0x8
00000001000170d8	ldr	x0, [x28]
00000001000170dc	cmp	x0, x1
00000001000170e0	b.ge	0x1000170ec
00000001000170e4	mov	x0, #0x1
00000001000170e8	b	0x1000170f0
00000001000170ec	mov	x0, #0x0
00000001000170f0	str	x0, [x28]
00000001000170f4	add	x28, x28, #0x8
00000001000170f8	sub	x28, x28, #0x8
00000001000170fc	ldr	x0, [x28]
0000000100017100	cmp	x0, #0x0
0000000100017104	b.eq	0x100017244
0000000100017108	mov	x0, x29
000000010001710c	sub	x0, x0, #0x90
0000000100017110	str	x0, [x28]
0000000100017114	add	x28, x28, #0x8
0000000100017118	sub	x28, x28, #0x8
000000010001711c	ldr	x0, [x28]
0000000100017120	ldr	x0, [x0]
0000000100017124	str	x0, [x28]
0000000100017128	add	x28, x28, #0x8
000000010001712c	ldur	x0, [x29, #-0xc8]
0000000100017130	str	x0, [x28]
0000000100017134	add	x28, x28, #0x8
0000000100017138	sub	x28, x28, #0x8
000000010001713c	ldr	x1, [x28]
0000000100017140	sub	x28, x28, #0x8
0000000100017144	ldr	x0, [x28]
0000000100017148	add	x0, x0, x1
000000010001714c	str	x0, [x28]
0000000100017150	add	x28, x28, #0x8
0000000100017154	ldur	x0, [x29, #-0xc8]
0000000100017158	str	x0, [x28]
000000010001715c	add	x28, x28, #0x8
0000000100017160	mov	x0, #0x3
0000000100017164	str	x0, [x28]
0000000100017168	add	x28, x28, #0x8
000000010001716c	sub	x28, x28, #0x8
0000000100017170	ldr	x1, [x28]
0000000100017174	sub	x28, x28, #0x8
0000000100017178	ldr	x0, [x28]
000000010001717c	mul	x0, x0, x1
0000000100017180	sxtw	x0, w0
0000000100017184	str	x0, [x28]
0000000100017188	add	x28, x28, #0x8
000000010001718c	mov	x0, #0xff
0000000100017190	str	x0, [x28]
0000000100017194	add	x28, x28, #0x8
0000000100017198	sub	x28, x28, #0x8
000000010001719c	ldr	x1, [x28]
00000001000171a0	sub	x28, x28, #0x8
00000001000171a4	ldr	x0, [x28]
00000001000171a8	and	x0, x0, x1
00000001000171ac	sxtw	x0, w0
00000001000171b0	str	x0, [x28]
00000001000171b4	add	x28, x28, #0x8
00000001000171b8	sub	x28, x28, #0x8
00000001000171bc	ldr	x0, [x28]
00000001000171c0	mov	x9, #0xff
00000001000171c4	and	x0, x0, x9
00000001000171c8	str	x0, [x28]
00000001000171cc	add	x28, x28, #0x8
00000001000171d0	sub	x28, x28, #0x8
00000001000171d4	ldr	x0, [x28]
00000001000171d8	sub	x28, x28, #0x8
00000001000171dc	ldr	x10, [x28]
00000001000171e0	strb	w0, [x10]
00000001000171e4	mov	x0, x29
00000001000171e8	sub	x0, x0, #0xc8
00000001000171ec	str	x0, [x28]
00000001000171f0	add	x28, x28, #0x8
00000001000171f4	ldur	x0, [x29, #-0xc8]
00000001000171f8	str	x0, [x28]
00000001000171fc	add	x28, x28, #0x8
0000000100017200	mov	x0, #0x1
0000000100017204	str	x0, [x28]
0000000100017208	add	x28, x28, #0x8
000000010001720c	sub	x28, x28, #0x8
0000000100017210	ldr	x1, [x28]
0000000100017214	sub	x28, x28, #0x8
0000000100017218	ldr	x0, [x28]
000000010001721c	add	x0, x0, x1
0000000100017220	sxtw	x0, w0
0000000100017224	str	x0, [x28]
0000000100017228	add	x28, x28, #0x8
000000010001722c	sub	x28, x28, #0x8
0000000100017230	ldr	x0, [x28]
0000000100017234	sub	x28, x28, #0x8
0000000100017238	ldr	x10, [x28]
000000010001723c	str	x0, [x10]
0000000100017240	b	0x10001709c
0000000100017244	mov	x0, x29
0000000100017248	sub	x0, x0, #0xc8
000000010001724c	str	x0, [x28]
0000000100017250	add	x28, x28, #0x8
0000000100017254	mov	x0, #0x0
0000000100017258	str	x0, [x28]
000000010001725c	add	x28, x28, #0x8
0000000100017260	sub	x28, x28, #0x8
0000000100017264	ldr	x0, [x28]
0000000100017268	sub	x28, x28, #0x8
000000010001726c	ldr	x10, [x28]
0000000100017270	str	x0, [x10]
0000000100017274	ldur	x0, [x29, #-0xc8]
0000000100017278	str	x0, [x28]
000000010001727c	add	x28, x28, #0x8
0000000100017280	mov	x0, x29
0000000100017284	sub	x0, x0, #0xb0
0000000100017288	str	x0, [x28]
000000010001728c	add	x28, x28, #0x8
0000000100017290	sub	x28, x28, #0x8
0000000100017294	ldr	x10, [x28]
0000000100017298	ldr	x0, [x10, #0x8]
000000010001729c	str	x0, [x28]
00000001000172a0	add	x28, x28, #0x8
00000001000172a4	sub	x28, x28, #0x8
00000001000172a8	ldr	x1, [x28]
00000001000172ac	sub	x28, x28, #0x8
00000001000172b0	ldr	x0, [x28]
00000001000172b4	cmp	x0, x1
00000001000172b8	b.ge	0x1000172c4
00000001000172bc	mov	x0, #0x1
00000001000172c0	b	0x1000172c8
00000001000172c4	mov	x0, #0x0
00000001000172c8	str	x0, [x28]
00000001000172cc	add	x28, x28, #0x8
00000001000172d0	sub	x28, x28, #0x8
00000001000172d4	ldr	x0, [x28]
00000001000172d8	cmp	x0, #0x0
00000001000172dc	b.eq	0x10001741c
00000001000172e0	mov	x0, x29
00000001000172e4	sub	x0, x0, #0xb0
00000001000172e8	str	x0, [x28]
00000001000172ec	add	x28, x28, #0x8
00000001000172f0	sub	x28, x28, #0x8
00000001000172f4	ldr	x0, [x28]
00000001000172f8	ldr	x0, [x0]
00000001000172fc	str	x0, [x28]
0000000100017300	add	x28, x28, #0x8
0000000100017304	ldur	x0, [x29, #-0xc8]
0000000100017308	str	x0, [x28]
000000010001730c	add	x28, x28, #0x8
0000000100017310	sub	x28, x28, #0x8
0000000100017314	ldr	x1, [x28]
0000000100017318	sub	x28, x28, #0x8
000000010001731c	ldr	x0, [x28]
0000000100017320	add	x0, x0, x1
0000000100017324	str	x0, [x28]
0000000100017328	add	x28, x28, #0x8
000000010001732c	ldur	x0, [x29, #-0xc8]
0000000100017330	str	x0, [x28]
0000000100017334	add	x28, x28, #0x8
0000000100017338	mov	x0, #0x7
000000010001733c	str	x0, [x28]
0000000100017340	add	x28, x28, #0x8
0000000100017344	sub	x28, x28, #0x8
0000000100017348	ldr	x1, [x28]
000000010001734c	sub	x28, x28, #0x8
0000000100017350	ldr	x0, [x28]
0000000100017354	mul	x0, x0, x1
0000000100017358	sxtw	x0, w0
000000010001735c	str	x0, [x28]
0000000100017360	add	x28, x28, #0x8
0000000100017364	mov	x0, #0xff
0000000100017368	str	x0, [x28]
000000010001736c	add	x28, x28, #0x8
0000000100017370	sub	x28, x28, #0x8
0000000100017374	ldr	x1, [x28]
0000000100017378	sub	x28, x28, #0x8
000000010001737c	ldr	x0, [x28]
0000000100017380	and	x0, x0, x1
0000000100017384	sxtw	x0, w0
0000000100017388	str	x0, [x28]
000000010001738c	add	x28, x28, #0x8
0000000100017390	sub	x28, x28, #0x8
0000000100017394	ldr	x0, [x28]
0000000100017398	mov	x9, #0xff
000000010001739c	and	x0, x0, x9
00000001000173a0	str	x0, [x28]
00000001000173a4	add	x28, x28, #0x8
00000001000173a8	sub	x28, x28, #0x8
00000001000173ac	ldr	x0, [x28]
00000001000173b0	sub	x28, x28, #0x8
00000001000173b4	ldr	x10, [x28]
00000001000173b8	strb	w0, [x10]
00000001000173bc	mov	x0, x29
00000001000173c0	sub	x0, x0, #0xc8
00000001000173c4	str	x0, [x28]
00000001000173c8	add	x28, x28, #0x8
00000001000173cc	ldur	x0, [x29, #-0xc8]
00000001000173d0	str	x0, [x28]
00000001000173d4	add	x28, x28, #0x8
00000001000173d8	mov	x0, #0x1
00000001000173dc	str	x0, [x28]
00000001000173e0	add	x28, x28, #0x8
00000001000173e4	sub	x28, x28, #0x8
00000001000173e8	ldr	x1, [x28]
00000001000173ec	sub	x28, x28, #0x8
00000001000173f0	ldr	x0, [x28]
00000001000173f4	add	x0, x0, x1
00000001000173f8	sxtw	x0, w0
00000001000173fc	str	x0, [x28]
0000000100017400	add	x28, x28, #0x8
0000000100017404	sub	x28, x28, #0x8
0000000100017408	ldr	x0, [x28]
000000010001740c	sub	x28, x28, #0x8
0000000100017410	ldr	x10, [x28]
0000000100017414	str	x0, [x10]
0000000100017418	b	0x100017274
000000010001741c	adrp	x0, 1 ; 0x100018000
0000000100017420	add	x0, x0, #0x2e7
0000000100017424	stur	x0, [x29, #-0xd8]
0000000100017428	mov	x0, #0x14
000000010001742c	stur	x0, [x29, #-0xd0]
0000000100017430	mov	x0, x29
0000000100017434	sub	x0, x0, #0xd8
0000000100017438	str	x0, [x28]
000000010001743c	add	x28, x28, #0x8
0000000100017440	sub	x28, x28, #0x8
0000000100017444	ldr	x11, [x28]
0000000100017448	mov	x10, x29
000000010001744c	sub	x10, x10, #0xe8
0000000100017450	ldr	x9, [x11]
0000000100017454	str	x9, [x10]
0000000100017458	ldr	x9, [x11, #0x8]
000000010001745c	str	x9, [x10, #0x8]
0000000100017460	mov	x0, x29
0000000100017464	sub	x0, x0, #0xe8
0000000100017468	str	x0, [x28]
000000010001746c	add	x28, x28, #0x8
0000000100017470	mov	x0, x29
0000000100017474	sub	x0, x0, #0x50
0000000100017478	str	x0, [x28]
000000010001747c	add	x28, x28, #0x8
0000000100017480	sub	x28, x28, #0x8
0000000100017484	ldr	x11, [x28]
0000000100017488	mov	x10, x29
000000010001748c	sub	x10, x10, #0xf8
0000000100017490	ldr	x9, [x11]
0000000100017494	str	x9, [x10]
0000000100017498	ldr	x9, [x11, #0x8]
000000010001749c	str	x9, [x10, #0x8]
00000001000174a0	mov	x0, x29
00000001000174a4	sub	x0, x0, #0xf8
00000001000174a8	str	x0, [x28]
00000001000174ac	add	x28, x28, #0x8
00000001000174b0	sub	x28, x28, #0x8
00000001000174b4	ldr	x1, [x28]
00000001000174b8	sub	x28, x28, #0x8
00000001000174bc	ldr	x0, [x28]
00000001000174c0	bl	0x1000070c8
00000001000174c4	str	x0, [x28]
00000001000174c8	add	x28, x28, #0x8
00000001000174cc	sub	x28, x28, #0x8
00000001000174d0	ldr	x0, [x28]
00000001000174d4	mov	x0, x29
00000001000174d8	sub	x0, x0, #0x10
00000001000174dc	str	x0, [x28]
00000001000174e0	add	x28, x28, #0x8
00000001000174e4	sub	x28, x28, #0x8
00000001000174e8	ldr	x11, [x28]
00000001000174ec	mov	x10, x29
00000001000174f0	sub	x10, x10, #0x110
00000001000174f4	ldr	x9, [x11]
00000001000174f8	str	x9, [x10]
00000001000174fc	ldr	x9, [x11, #0x8]
0000000100017500	str	x9, [x10, #0x8]
0000000100017504	mov	x0, x29
0000000100017508	sub	x0, x0, #0x110
000000010001750c	str	x0, [x28]
0000000100017510	add	x28, x28, #0x8
0000000100017514	mov	x0, x29
0000000100017518	sub	x0, x0, #0x30
000000010001751c	str	x0, [x28]
0000000100017520	add	x28, x28, #0x8
0000000100017524	sub	x28, x28, #0x8
0000000100017528	ldr	x11, [x28]
000000010001752c	mov	x10, x29
0000000100017530	sub	x10, x10, #0x120
0000000100017534	ldr	x9, [x11]
0000000100017538	str	x9, [x10]
000000010001753c	ldr	x9, [x11, #0x8]
0000000100017540	str	x9, [x10, #0x8]
0000000100017544	mov	x0, x29
0000000100017548	sub	x0, x0, #0x120
000000010001754c	str	x0, [x28]
0000000100017550	add	x28, x28, #0x8
0000000100017554	mov	x0, x29
0000000100017558	sub	x0, x0, #0x50
000000010001755c	str	x0, [x28]
0000000100017560	add	x28, x28, #0x8
0000000100017564	sub	x28, x28, #0x8
0000000100017568	ldr	x11, [x28]
000000010001756c	mov	x10, x29
0000000100017570	sub	x10, x10, #0x130
0000000100017574	ldr	x9, [x11]
0000000100017578	str	x9, [x10]
000000010001757c	ldr	x9, [x11, #0x8]
0000000100017580	str	x9, [x10, #0x8]
0000000100017584	mov	x0, x29
0000000100017588	sub	x0, x0, #0x130
000000010001758c	str	x0, [x28]
0000000100017590	add	x28, x28, #0x8
0000000100017594	mov	x0, x29
0000000100017598	sub	x0, x0, #0x70
000000010001759c	str	x0, [x28]
00000001000175a0	add	x28, x28, #0x8
00000001000175a4	sub	x28, x28, #0x8
00000001000175a8	ldr	x11, [x28]
00000001000175ac	mov	x10, x29
00000001000175b0	sub	x10, x10, #0x140
00000001000175b4	ldr	x9, [x11]
00000001000175b8	str	x9, [x10]
00000001000175bc	ldr	x9, [x11, #0x8]
00000001000175c0	str	x9, [x10, #0x8]
00000001000175c4	mov	x0, x29
00000001000175c8	sub	x0, x0, #0x140
00000001000175cc	str	x0, [x28]
00000001000175d0	add	x28, x28, #0x8
00000001000175d4	mov	x0, x29
00000001000175d8	sub	x0, x0, #0x90
00000001000175dc	str	x0, [x28]
00000001000175e0	add	x28, x28, #0x8
00000001000175e4	sub	x28, x28, #0x8
00000001000175e8	ldr	x11, [x28]
00000001000175ec	mov	x10, x29
00000001000175f0	sub	x10, x10, #0x150
00000001000175f4	ldr	x9, [x11]
00000001000175f8	str	x9, [x10]
00000001000175fc	ldr	x9, [x11, #0x8]
0000000100017600	str	x9, [x10, #0x8]
0000000100017604	mov	x0, x29
0000000100017608	sub	x0, x0, #0x150
000000010001760c	str	x0, [x28]
0000000100017610	add	x28, x28, #0x8
0000000100017614	mov	x0, x29
0000000100017618	sub	x0, x0, #0xb0
000000010001761c	str	x0, [x28]
0000000100017620	add	x28, x28, #0x8
0000000100017624	sub	x28, x28, #0x8
0000000100017628	ldr	x11, [x28]
000000010001762c	mov	x10, x29
0000000100017630	sub	x10, x10, #0x160
0000000100017634	ldr	x9, [x11]
0000000100017638	str	x9, [x10]
000000010001763c	ldr	x9, [x11, #0x8]
0000000100017640	str	x9, [x10, #0x8]
0000000100017644	mov	x0, x29
0000000100017648	sub	x0, x0, #0x160
000000010001764c	str	x0, [x28]
0000000100017650	add	x28, x28, #0x8
0000000100017654	sub	x28, x28, #0x8
0000000100017658	ldr	x5, [x28]
000000010001765c	sub	x28, x28, #0x8
0000000100017660	ldr	x4, [x28]
0000000100017664	sub	x28, x28, #0x8
0000000100017668	ldr	x3, [x28]
000000010001766c	sub	x28, x28, #0x8
0000000100017670	ldr	x2, [x28]
0000000100017674	sub	x28, x28, #0x8
0000000100017678	ldr	x1, [x28]
000000010001767c	sub	x28, x28, #0x8
0000000100017680	ldr	x0, [x28]
0000000100017684	bl	0x100015b08
0000000100017688	str	x0, [x28]
000000010001768c	add	x28, x28, #0x8
0000000100017690	sub	x28, x28, #0x8
0000000100017694	ldr	x0, [x28]
0000000100017698	stur	x0, [x29, #-0x100]
000000010001769c	adrp	x0, 1 ; 0x100018000
00000001000176a0	add	x0, x0, #0x2fb
00000001000176a4	add	x17, x29, #0x0
00000001000176a8	mov	x16, #0xfe90
00000001000176ac	movk	x16, #0xffff, lsl #16
00000001000176b0	movk	x16, #0xffff, lsl #32
00000001000176b4	movk	x16, #0xffff, lsl #48
00000001000176b8	add	x17, x17, x16
00000001000176bc	str	x0, [x17]
00000001000176c0	mov	x0, #0x7
00000001000176c4	add	x17, x29, #0x0
00000001000176c8	mov	x16, #0xfe98
00000001000176cc	movk	x16, #0xffff, lsl #16
00000001000176d0	movk	x16, #0xffff, lsl #32
00000001000176d4	movk	x16, #0xffff, lsl #48
00000001000176d8	add	x17, x17, x16
00000001000176dc	str	x0, [x17]
00000001000176e0	mov	x0, x29
00000001000176e4	sub	x0, x0, #0x170
00000001000176e8	str	x0, [x28]
00000001000176ec	add	x28, x28, #0x8
00000001000176f0	sub	x28, x28, #0x8
00000001000176f4	ldr	x10, [x28]
00000001000176f8	ldr	x1, [x10]
00000001000176fc	ldr	x2, [x10, #0x8]
0000000100017700	bl	0x100017a88
0000000100017704	mov	x0, #0x0
0000000100017708	str	x0, [x28]
000000010001770c	add	x28, x28, #0x8
0000000100017710	sub	x28, x28, #0x8
0000000100017714	ldr	x0, [x28]
0000000100017718	ldur	x0, [x29, #-0x100]
000000010001771c	str	x0, [x28]
0000000100017720	add	x28, x28, #0x8
0000000100017724	sub	x28, x28, #0x8
0000000100017728	ldr	x0, [x28]
000000010001772c	sxtw	x0, w0
0000000100017730	str	x0, [x28]
0000000100017734	add	x28, x28, #0x8
0000000100017738	sub	x28, x28, #0x8
000000010001773c	ldr	x0, [x28]
0000000100017740	bl	0x10000d56c
0000000100017744	str	x0, [x28]
0000000100017748	add	x28, x28, #0x8
000000010001774c	sub	x28, x28, #0x8
0000000100017750	ldr	x0, [x28]
0000000100017754	adrp	x0, 1 ; 0x100018000
0000000100017758	add	x0, x0, #0x302
000000010001775c	add	x17, x29, #0x0
0000000100017760	mov	x16, #0xfe80
0000000100017764	movk	x16, #0xffff, lsl #16
0000000100017768	movk	x16, #0xffff, lsl #32
000000010001776c	movk	x16, #0xffff, lsl #48
0000000100017770	add	x17, x17, x16
0000000100017774	str	x0, [x17]
0000000100017778	mov	x0, #0x0
000000010001777c	add	x17, x29, #0x0
0000000100017780	mov	x16, #0xfe88
0000000100017784	movk	x16, #0xffff, lsl #16
0000000100017788	movk	x16, #0xffff, lsl #32
000000010001778c	movk	x16, #0xffff, lsl #48
0000000100017790	add	x17, x17, x16
0000000100017794	str	x0, [x17]
0000000100017798	mov	x0, x29
000000010001779c	sub	x0, x0, #0x180
00000001000177a0	str	x0, [x28]
00000001000177a4	add	x28, x28, #0x8
00000001000177a8	sub	x28, x28, #0x8
00000001000177ac	ldr	x10, [x28]
00000001000177b0	ldr	x1, [x10]
00000001000177b4	ldr	x2, [x10, #0x8]
00000001000177b8	bl	0x100017a88
00000001000177bc	adrp	x1, 1 ; 0x100018000
00000001000177c0	add	x1, x1, #0x1b
00000001000177c4	mov	x2, #0x1
00000001000177c8	bl	0x100017a88
00000001000177cc	mov	x0, #0x0
00000001000177d0	str	x0, [x28]
00000001000177d4	add	x28, x28, #0x8
00000001000177d8	sub	x28, x28, #0x8
00000001000177dc	ldr	x0, [x28]
00000001000177e0	mov	x0, x29
00000001000177e4	sub	x0, x0, #0x10
00000001000177e8	str	x0, [x28]
00000001000177ec	add	x28, x28, #0x8
00000001000177f0	sub	x28, x28, #0x8
00000001000177f4	ldr	x11, [x28]
00000001000177f8	mov	x10, x29
00000001000177fc	sub	x10, x10, #0x190
0000000100017800	ldr	x9, [x11]
0000000100017804	str	x9, [x10]
0000000100017808	ldr	x9, [x11, #0x8]
000000010001780c	str	x9, [x10, #0x8]
0000000100017810	mov	x0, x29
0000000100017814	sub	x0, x0, #0x190
0000000100017818	str	x0, [x28]
000000010001781c	add	x28, x28, #0x8
0000000100017820	sub	x28, x28, #0x8
0000000100017824	ldr	x0, [x28]
0000000100017828	bl	0x100001434
000000010001782c	str	x0, [x28]
0000000100017830	add	x28, x28, #0x8
0000000100017834	sub	x28, x28, #0x8
0000000100017838	ldr	x0, [x28]
000000010001783c	mov	x0, x29
0000000100017840	sub	x0, x0, #0x30
0000000100017844	str	x0, [x28]
0000000100017848	add	x28, x28, #0x8
000000010001784c	sub	x28, x28, #0x8
0000000100017850	ldr	x11, [x28]
0000000100017854	mov	x10, x29
0000000100017858	sub	x10, x10, #0x1a0
000000010001785c	ldr	x9, [x11]
0000000100017860	str	x9, [x10]
0000000100017864	ldr	x9, [x11, #0x8]
0000000100017868	str	x9, [x10, #0x8]
000000010001786c	mov	x0, x29
0000000100017870	sub	x0, x0, #0x1a0
0000000100017874	str	x0, [x28]
0000000100017878	add	x28, x28, #0x8
000000010001787c	sub	x28, x28, #0x8
0000000100017880	ldr	x0, [x28]
0000000100017884	bl	0x100001434
0000000100017888	str	x0, [x28]
000000010001788c	add	x28, x28, #0x8
0000000100017890	sub	x28, x28, #0x8
0000000100017894	ldr	x0, [x28]
0000000100017898	mov	x0, x29
000000010001789c	sub	x0, x0, #0x50
00000001000178a0	str	x0, [x28]
00000001000178a4	add	x28, x28, #0x8
00000001000178a8	sub	x28, x28, #0x8
00000001000178ac	ldr	x11, [x28]
00000001000178b0	mov	x10, x29
00000001000178b4	sub	x10, x10, #0x1b0
00000001000178b8	ldr	x9, [x11]
00000001000178bc	str	x9, [x10]
00000001000178c0	ldr	x9, [x11, #0x8]
00000001000178c4	str	x9, [x10, #0x8]
00000001000178c8	mov	x0, x29
00000001000178cc	sub	x0, x0, #0x1b0
00000001000178d0	str	x0, [x28]
00000001000178d4	add	x28, x28, #0x8
00000001000178d8	sub	x28, x28, #0x8
00000001000178dc	ldr	x0, [x28]
00000001000178e0	bl	0x100001434
00000001000178e4	str	x0, [x28]
00000001000178e8	add	x28, x28, #0x8
00000001000178ec	sub	x28, x28, #0x8
00000001000178f0	ldr	x0, [x28]
00000001000178f4	mov	x0, x29
00000001000178f8	sub	x0, x0, #0x70
00000001000178fc	str	x0, [x28]
0000000100017900	add	x28, x28, #0x8
0000000100017904	sub	x28, x28, #0x8
0000000100017908	ldr	x11, [x28]
000000010001790c	mov	x10, x29
0000000100017910	sub	x10, x10, #0x1c0
0000000100017914	ldr	x9, [x11]
0000000100017918	str	x9, [x10]
000000010001791c	ldr	x9, [x11, #0x8]
0000000100017920	str	x9, [x10, #0x8]
0000000100017924	mov	x0, x29
0000000100017928	sub	x0, x0, #0x1c0
000000010001792c	str	x0, [x28]
0000000100017930	add	x28, x28, #0x8
0000000100017934	sub	x28, x28, #0x8
0000000100017938	ldr	x0, [x28]
000000010001793c	bl	0x100001434
0000000100017940	str	x0, [x28]
0000000100017944	add	x28, x28, #0x8
0000000100017948	sub	x28, x28, #0x8
000000010001794c	ldr	x0, [x28]
0000000100017950	mov	x0, x29
0000000100017954	sub	x0, x0, #0x90
0000000100017958	str	x0, [x28]
000000010001795c	add	x28, x28, #0x8
0000000100017960	sub	x28, x28, #0x8
0000000100017964	ldr	x11, [x28]
0000000100017968	mov	x10, x29
000000010001796c	sub	x10, x10, #0x1d0
0000000100017970	ldr	x9, [x11]
0000000100017974	str	x9, [x10]
0000000100017978	ldr	x9, [x11, #0x8]
000000010001797c	str	x9, [x10, #0x8]
0000000100017980	mov	x0, x29
0000000100017984	sub	x0, x0, #0x1d0
0000000100017988	str	x0, [x28]
000000010001798c	add	x28, x28, #0x8
0000000100017990	sub	x28, x28, #0x8
0000000100017994	ldr	x0, [x28]
0000000100017998	bl	0x100001434
000000010001799c	str	x0, [x28]
00000001000179a0	add	x28, x28, #0x8
00000001000179a4	sub	x28, x28, #0x8
00000001000179a8	ldr	x0, [x28]
00000001000179ac	mov	x0, x29
00000001000179b0	sub	x0, x0, #0xb0
00000001000179b4	str	x0, [x28]
00000001000179b8	add	x28, x28, #0x8
00000001000179bc	sub	x28, x28, #0x8
00000001000179c0	ldr	x11, [x28]
00000001000179c4	mov	x10, x29
00000001000179c8	sub	x10, x10, #0x1e0
00000001000179cc	ldr	x9, [x11]
00000001000179d0	str	x9, [x10]
00000001000179d4	ldr	x9, [x11, #0x8]
00000001000179d8	str	x9, [x10, #0x8]
00000001000179dc	mov	x0, x29
00000001000179e0	sub	x0, x0, #0x1e0
00000001000179e4	str	x0, [x28]
00000001000179e8	add	x28, x28, #0x8
00000001000179ec	sub	x28, x28, #0x8
00000001000179f0	ldr	x0, [x28]
00000001000179f4	bl	0x100001434
00000001000179f8	str	x0, [x28]
00000001000179fc	add	x28, x28, #0x8
0000000100017a00	sub	x28, x28, #0x8
0000000100017a04	ldr	x0, [x28]
0000000100017a08	ldur	x0, [x29, #-0x100]
0000000100017a0c	str	x0, [x28]
0000000100017a10	add	x28, x28, #0x8
0000000100017a14	mov	x0, #0xbf20
0000000100017a18	movk	x0, #0x3, lsl #16
0000000100017a1c	str	x0, [x28]
0000000100017a20	add	x28, x28, #0x8
0000000100017a24	sub	x28, x28, #0x8
0000000100017a28	ldr	x1, [x28]
0000000100017a2c	sub	x28, x28, #0x8
0000000100017a30	ldr	x0, [x28]
0000000100017a34	cmp	x0, x1
0000000100017a38	b.ge	0x100017a44
0000000100017a3c	mov	x0, #0x1
0000000100017a40	b	0x100017a48
0000000100017a44	mov	x0, #0x0
0000000100017a48	str	x0, [x28]
0000000100017a4c	add	x28, x28, #0x8
0000000100017a50	sub	x28, x28, #0x8
0000000100017a54	ldr	x0, [x28]
0000000100017a58	sxtw	x0, w0
0000000100017a5c	str	x0, [x28]
0000000100017a60	add	x28, x28, #0x8
0000000100017a64	sub	x28, x28, #0x8
0000000100017a68	ldr	x0, [x28]
0000000100017a6c	b	0x100017a70
0000000100017a70	mov	sp, x29
0000000100017a74	ldr	x29, [sp]
0000000100017a78	ldr	x30, [sp, #0x8]
0000000100017a7c	ldr	x28, [sp, #0x10]
0000000100017a80	add	sp, sp, #0x20
0000000100017a84	ret
0000000100017a88	mov	x0, #0x1
0000000100017a8c	mov	x16, #0x4
0000000100017a90	svc	#0x80
0000000100017a94	b.lo	0x100017a9c
0000000100017a98	neg	x0, x0
0000000100017a9c	ret
0000000100017aa0	mov	x13, x0
0000000100017aa4	add	x13, x13, #0x17
0000000100017aa8	mov	x9, #0xfff0
0000000100017aac	movk	x9, #0xffff, lsl #16
0000000100017ab0	movk	x9, #0xffff, lsl #32
0000000100017ab4	movk	x9, #0xffff, lsl #48
0000000100017ab8	and	x13, x13, x9
0000000100017abc	mov	x9, x0
0000000100017ac0	adrp	x10, 1 ; 0x100018000
0000000100017ac4	add	x10, x10, #0x0
0000000100017ac8	ldr	x11, [x10]
0000000100017acc	ldr	x12, [x10, #0x8]
0000000100017ad0	mov	x15, #0x0
0000000100017ad4	movk	x15, #0x400, lsl #16
0000000100017ad8	cmp	x13, x15
0000000100017adc	b.gt	0x100017b4c
0000000100017ae0	mov	x14, x11
0000000100017ae4	add	x14, x14, x13
0000000100017ae8	cmp	x14, x12
0000000100017aec	b.le	0x100017b38
0000000100017af0	mov	x0, #0x0
0000000100017af4	mov	x1, x15
0000000100017af8	mov	x2, #0x3
0000000100017afc	mov	x3, #0x1002
0000000100017b00	mov	x4, #0xffff
0000000100017b04	movk	x4, #0xffff, lsl #16
0000000100017b08	movk	x4, #0xffff, lsl #32
0000000100017b0c	movk	x4, #0xffff, lsl #48
0000000100017b10	mov	x5, #0x0
0000000100017b14	mov	x16, #0xc5
0000000100017b18	svc	#0x80
0000000100017b1c	b.lo	0x100017b24
0000000100017b20	neg	x0, x0
0000000100017b24	mov	x11, x0
0000000100017b28	add	x0, x0, x15
0000000100017b2c	str	x0, [x10, #0x8]
0000000100017b30	mov	x14, x11
0000000100017b34	add	x14, x14, x13
0000000100017b38	str	x9, [x11]
0000000100017b3c	str	x14, [x10]
0000000100017b40	mov	x0, x11
0000000100017b44	add	x0, x0, #0x8
0000000100017b48	ret
0000000100017b4c	mov	x0, #0x0
0000000100017b50	mov	x1, x13
0000000100017b54	mov	x2, #0x3
0000000100017b58	mov	x3, #0x1002
0000000100017b5c	mov	x4, #0xffff
0000000100017b60	movk	x4, #0xffff, lsl #16
0000000100017b64	movk	x4, #0xffff, lsl #32
0000000100017b68	movk	x4, #0xffff, lsl #48
0000000100017b6c	mov	x5, #0x0
0000000100017b70	mov	x16, #0xc5
0000000100017b74	svc	#0x80
0000000100017b78	b.lo	0x100017b80
0000000100017b7c	neg	x0, x0
0000000100017b80	str	x9, [x0]
0000000100017b84	add	x0, x0, #0x8
0000000100017b88	ret
0000000100017b8c	ldr	x2, [x0]
0000000100017b90	ldr	x3, [x0, #0x8]
0000000100017b94	ldr	x4, [x1]
0000000100017b98	ldr	x5, [x1, #0x8]
0000000100017b9c	cmp	x3, x5
0000000100017ba0	b.ne	0x100017bd8
0000000100017ba4	mov	x6, #0x0
0000000100017ba8	cmp	x6, x3
0000000100017bac	b.ge	0x100017bd0
0000000100017bb0	ldrb	w9, [x2]
0000000100017bb4	ldrb	w10, [x4]
0000000100017bb8	cmp	x9, x10
0000000100017bbc	b.ne	0x100017bd8
0000000100017bc0	add	x2, x2, #0x1
0000000100017bc4	add	x4, x4, #0x1
0000000100017bc8	add	x6, x6, #0x1
0000000100017bcc	b	0x100017ba8
0000000100017bd0	mov	x0, #0x1
0000000100017bd4	ret
0000000100017bd8	mov	x0, #0x0
0000000100017bdc	ret
0000000100017be0	sub	sp, sp, #0x20
0000000100017be4	str	x29, [sp]
0000000100017be8	str	x30, [sp, #0x8]
0000000100017bec	str	x28, [sp, #0x10]
0000000100017bf0	mov	x29, sp
0000000100017bf4	sub	sp, sp, #0x100
0000000100017bf8	mov	x28, sp
0000000100017bfc	add	x28, x28, #0x40
0000000100017c00	str	x0, [sp]
0000000100017c04	str	x1, [sp, #0x8]
0000000100017c08	mov	x0, #0x20
0000000100017c0c	bl	0x100017aa0
0000000100017c10	str	x0, [sp, #0x10]
0000000100017c14	ldr	x9, [sp]
0000000100017c18	mov	x10, #0x0
0000000100017c1c	cmp	x9, #0x0
0000000100017c20	b.ge	0x100017c28
0000000100017c24	mov	x10, #0x1
0000000100017c28	mov	x11, #0x0
0000000100017c2c	cmp	x9, #0x0
0000000100017c30	b.eq	0x100017c70
0000000100017c34	cmp	x9, #0x0
0000000100017c38	b.eq	0x100017c80
0000000100017c3c	mov	x12, #0xa
0000000100017c40	sdiv	x13, x9, x12
0000000100017c44	mul	x14, x13, x12
0000000100017c48	sub	x14, x14, x9
0000000100017c4c	mov	x9, x13
0000000100017c50	cmp	x14, #0x0
0000000100017c54	b.ge	0x100017c5c
0000000100017c58	neg	x14, x14
0000000100017c5c	add	x14, x14, #0x30
0000000100017c60	str	x14, [x28]
0000000100017c64	add	x28, x28, #0x8
0000000100017c68	add	x11, x11, #0x1
0000000100017c6c	b	0x100017c34
0000000100017c70	mov	x14, #0x30
0000000100017c74	str	x14, [x28]
0000000100017c78	add	x28, x28, #0x8
0000000100017c7c	mov	x11, #0x1
0000000100017c80	cmp	x10, #0x0
0000000100017c84	b.eq	0x100017c98
0000000100017c88	mov	x14, #0x2d
0000000100017c8c	str	x14, [x28]
0000000100017c90	add	x28, x28, #0x8
0000000100017c94	add	x11, x11, #0x1
0000000100017c98	ldr	x1, [sp, #0x10]
0000000100017c9c	mov	x12, x11
0000000100017ca0	cmp	x12, #0x0
0000000100017ca4	b.eq	0x100017cc0
0000000100017ca8	sub	x28, x28, #0x8
0000000100017cac	ldr	x13, [x28]
0000000100017cb0	strb	w13, [x1]
0000000100017cb4	add	x1, x1, #0x1
0000000100017cb8	sub	x12, x12, #0x1
0000000100017cbc	b	0x100017ca0
0000000100017cc0	ldr	x10, [sp, #0x8]
0000000100017cc4	ldr	x9, [sp, #0x10]
0000000100017cc8	str	x9, [x10]
0000000100017ccc	str	x11, [x10, #0x8]
0000000100017cd0	mov	sp, x29
0000000100017cd4	ldr	x29, [sp]
0000000100017cd8	ldr	x30, [sp, #0x8]
0000000100017cdc	ldr	x28, [sp, #0x10]
0000000100017ce0	add	sp, sp, #0x20
0000000100017ce4	ret
0000000100017ce8	mov	x0, #0x2
0000000100017cec	adrp	x1, 1 ; 0x100018000
0000000100017cf0	add	x1, x1, #0x302
0000000100017cf4	mov	x2, #0x18
0000000100017cf8	mov	x16, #0x4
0000000100017cfc	svc	#0x80
0000000100017d00	b.lo	0x100017d08
0000000100017d04	neg	x0, x0
0000000100017d08	mov	x0, #0x86
0000000100017d0c	mov	x16, #0x1
0000000100017d10	svc	#0x80
0000000100017d14	b.lo	0x100017d1c
0000000100017d18	neg	x0, x0
0000000100017d1c	ret
0000000100017d20	sub	sp, sp, #0x20
0000000100017d24	str	x30, [sp]
0000000100017d28	str	x0, [sp, #0x8]
0000000100017d2c	str	x1, [sp, #0x10]
0000000100017d30	mov	x0, #0x10
0000000100017d34	bl	0x100017aa0
0000000100017d38	ldr	x9, [sp, #0x8]
0000000100017d3c	str	x9, [x0]
0000000100017d40	ldr	x9, [sp, #0x10]
0000000100017d44	str	x9, [x0, #0x8]
0000000100017d48	ldr	x30, [sp]
0000000100017d4c	add	sp, sp, #0x20
0000000100017d50	ret
0000000100017d54	sub	sp, sp, #0x40
0000000100017d58	str	x30, [sp]
0000000100017d5c	ldr	x9, [x0]
0000000100017d60	str	x9, [sp, #0x8]
0000000100017d64	ldr	x9, [x0, #0x8]
0000000100017d68	str	x9, [sp, #0x10]
0000000100017d6c	ldr	x9, [x1]
0000000100017d70	str	x9, [sp, #0x18]
0000000100017d74	ldr	x9, [x1, #0x8]
0000000100017d78	str	x9, [sp, #0x20]
0000000100017d7c	ldr	x0, [sp, #0x10]
0000000100017d80	add	x0, x0, x9
0000000100017d84	bl	0x100017aa0
0000000100017d88	str	x0, [sp, #0x28]
0000000100017d8c	ldr	x9, [sp, #0x8]
0000000100017d90	mov	x10, x0
0000000100017d94	ldr	x11, [sp, #0x10]
0000000100017d98	cmp	x11, #0x0
0000000100017d9c	b.le	0x100017db8
0000000100017da0	ldrb	w12, [x9]
0000000100017da4	strb	w12, [x10]
0000000100017da8	add	x9, x9, #0x1
0000000100017dac	add	x10, x10, #0x1
0000000100017db0	sub	x11, x11, #0x1
0000000100017db4	b	0x100017d98
0000000100017db8	ldr	x9, [sp, #0x18]
0000000100017dbc	ldr	x10, [sp, #0x28]
0000000100017dc0	ldr	x12, [sp, #0x10]
0000000100017dc4	add	x10, x10, x12
0000000100017dc8	ldr	x11, [sp, #0x20]
0000000100017dcc	cmp	x11, #0x0
0000000100017dd0	b.le	0x100017dec
0000000100017dd4	ldrb	w12, [x9]
0000000100017dd8	strb	w12, [x10]
0000000100017ddc	add	x9, x9, #0x1
0000000100017de0	add	x10, x10, #0x1
0000000100017de4	sub	x11, x11, #0x1
0000000100017de8	b	0x100017dcc
0000000100017dec	ldr	x0, [sp, #0x28]
0000000100017df0	ldr	x1, [sp, #0x10]
0000000100017df4	ldr	x9, [sp, #0x20]
0000000100017df8	add	x1, x1, x9
0000000100017dfc	bl	0x100017d20
0000000100017e00	ldr	x30, [sp]
0000000100017e04	add	sp, sp, #0x40
0000000100017e08	ret
