ST_TS 0 2 3 0 0 0 0 0 0 0 0 0 0 0 0 0 0
ST_TS 25 27 28 0 0 0 0 0 0 7 0 0 0 1 0 0 0
ST_DELIB 30 5 1 1 6 10 1 0 0
ST_DELIB 30 4 1 1 6 10 1 0 0
ST_DELIB 30 6 1 1 6 10 1 0 0
ST_DELIB 30 2 1 1 6 75 3 1 0
ST_DELIB 30 8 1 1 6 10 1 0 0
ST_DELIB 30 11 1 1 6 10 1 0 0
ST_DELIB 30 14 1 1 6 10 1 0 0
ST_DELIB 30 26 1 1 6 10 1 0 0
ST_DELIB 31 5 1 1 6 10 1 0 0
ST_DELIB 31 8 1 1 6 10 1 0 0
ST_DELIB 31 4 1 1 6 10 1 0 0
ST_DELIB 31 6 1 1 6 10 1 0 0
ST_DELIB 31 2 1 1 6 75 3 1 0
ST_DELIB 31 11 1 1 6 10 1 0 0
ST_DELIB 31 14 1 1 6 10 1 0 0
ST_DELIB 31 26 1 1 6 10 1 0 0
ST_DELIB 32 5 1 1 6 10 1 0 0
ST_DELIB 32 8 1 1 6 10 1 0 0
ST_DELIB 32 4 1 1 6 10 1 0 0
ST_DELIB 32 6 1 1 6 10 1 0 0
ST_DELIB 32 9 1 1 6 10 1 0 0
ST_DELIB 32 2 1 1 6 75 3 1 0
ST_DELIB 32 11 1 1 6 10 1 0 0
ST_DELIB 32 14 1 1 6 10 1 0 0
ST_DELIB 33 5 1 1 6 10 1 0 0
ST_DELIB 33 8 1 1 6 10 1 0 0
ST_DELIB 33 4 1 1 6 10 1 0 0
ST_DELIB 33 6 1 1 6 10 1 0 0
ST_DELIB 33 9 1 1 6 10 1 0 0
ST_DELIB 33 2 1 1 6 75 3 1 0
ST_DELIB 33 11 1 1 6 10 1 0 0
ST_DELIB 33 14 1 1 6 10 1 0 0
ST_DELIB 34 5 1 1 6 10 1 0 0
ST_DELIB 34 8 1 1 6 10 1 0 0
ST_DELIB 34 11 1 1 6 10 1 0 0
ST_DELIB 34 4 1 1 6 10 1 0 0
ST_DELIB 34 6 1 1 6 10 1 0 0
ST_DELIB 34 9 1 1 6 10 1 0 0
ST_DELIB 34 2 1 1 6 75 3 1 0
ST_DELIB 34 14 1 1 6 10 1 0 0
ST_DELIB 35 5 1 1 6 10 1 0 0
ST_DELIB 35 8 1 1 6 10 1 0 0
ST_DELIB 35 11 1 1 6 10 1 0 0
ST_DELIB 35 4 1 1 6 10 1 0 0
ST_DELIB 35 6 1 1 6 10 1 0 0
ST_DELIB 35 9 1 1 6 10 1 0 0
ST_DELIB 35 12 1 1 6 10 1 0 0
ST_DELIB 35 2 1 1 6 75 3 1 0
ST_DELIB 36 5 1 1 6 10 1 0 0
ST_DELIB 36 8 1 1 6 10 1 0 0
ST_DELIB 36 11 1 1 6 10 1 0 0
ST_DELIB 36 4 1 1 6 10 1 0 0
ST_DELIB 36 6 1 1 6 10 1 0 0
ST_DELIB 36 9 1 1 6 10 1 0 0
ST_DELIB 36 12 1 1 6 10 1 0 0
ST_DELIB 36 2 1 1 6 75 3 1 0
ST_DELIB 37 5 1 1 6 10 1 0 0
ST_DELIB 37 8 1 1 6 10 1 0 0
ST_DELIB 37 11 1 1 6 10 1 0 0
ST_DELIB 37 14 1 1 6 10 1 0 0
ST_DELIB 37 4 1 1 6 10 1 0 0
ST_DELIB 37 6 1 1 6 10 1 0 0
ST_DELIB 37 9 1 1 6 10 1 0 0
ST_DELIB 37 12 1 1 6 10 1 0 0
ST_DELIB 38 5 1 1 6 10 1 0 0
ST_DELIB 38 8 1 1 6 10 1 0 0
ST_DELIB 38 11 1 1 6 10 1 0 0
ST_DELIB 38 14 1 1 6 10 1 0 0
ST_DELIB 38 4 1 1 6 10 1 0 0
ST_DELIB 38 6 1 1 6 10 1 0 0
ST_DELIB 38 9 1 1 6 10 1 0 0
ST_DELIB 38 12 1 1 6 10 1 0 0
ST_DELIB 39 5 1 1 6 10 1 0 0
ST_DELIB 39 8 1 1 6 10 1 0 0
ST_DELIB 39 11 1 1 6 10 1 0 0
ST_DELIB 39 14 1 1 6 10 1 0 0
ST_DELIB 39 4 1 1 6 10 1 0 0
ST_DELIB 39 16 1 1 6 10 1 0 0
ST_DELIB 39 6 1 1 6 10 1 0 0
ST_DELIB 39 9 1 1 6 10 1 0 0
ST_DELIB 40 5 1 1 6 10 1 0 0
ST_DELIB 40 8 1 1 6 10 1 0 0
ST_DELIB 40 11 1 1 6 10 1 0 0
ST_DELIB 40 14 1 1 6 10 1 0 0
ST_DELIB 40 4 1 1 6 10 1 0 0
ST_DELIB 40 16 1 1 6 10 1 0 0
ST_DELIB 40 6 1 1 6 10 1 0 0
ST_DELIB 40 9 1 1 6 10 1 0 0
ST_DELIB 41 5 1 1 6 10 1 0 0
ST_DELIB 41 8 1 1 6 10 1 0 0
ST_DELIB 41 11 1 1 6 10 1 0 0
ST_DELIB 41 14 1 1 6 10 1 0 0
ST_DELIB 41 4 1 1 6 10 1 0 0
ST_DELIB 41 16 1 1 6 10 1 0 0
ST_DELIB 41 6 1 1 6 10 1 0 0
ST_DELIB 41 9 1 1 6 10 1 0 0
ST_DELIB 42 5 1 1 6 10 1 0 0
ST_DELIB 42 8 1 1 6 10 1 0 0
ST_DELIB 42 11 1 1 6 10 1 0 0
ST_DELIB 42 14 1 1 6 10 1 0 0
ST_DELIB 42 4 1 1 6 10 1 0 0
ST_DELIB 42 16 1 1 6 10 1 0 0
ST_DELIB 42 19 1 1 6 10 1 0 0
ST_DELIB 42 6 1 1 6 10 1 0 0
ST_DELIB 43 5 1 1 6 10 1 0 0
ST_DELIB 43 8 1 1 6 10 1 0 0
ST_DELIB 43 11 1 1 6 10 1 0 0
ST_DELIB 43 14 1 1 6 10 1 0 0
ST_DELIB 43 4 1 1 6 10 1 0 0
ST_DELIB 43 16 1 1 6 10 1 0 0
ST_DELIB 43 19 1 1 6 10 1 0 0
ST_DELIB 43 6 1 1 6 10 1 0 0
ST_DELIB 44 5 1 1 6 10 1 0 0
ST_DELIB 44 8 1 1 6 10 1 0 0
ST_DELIB 44 11 1 1 6 10 1 0 0
ST_DELIB 44 14 1 1 6 10 1 0 0
ST_DELIB 44 4 1 1 6 10 1 0 0
ST_DELIB 44 16 1 1 6 10 1 0 0
ST_DELIB 44 19 1 1 6 10 1 0 0
ST_DELIB 44 6 1 1 6 10 1 0 0
ST_DELIB 45 5 1 1 6 10 1 0 0
ST_DELIB 45 8 1 1 6 10 1 0 0
ST_DELIB 45 11 1 1 6 10 1 0 0
ST_DELIB 45 14 1 1 6 10 1 0 0
ST_DELIB 45 4 1 1 6 10 1 0 0
ST_DELIB 45 16 1 1 6 10 1 0 0
ST_DELIB 45 19 1 1 6 10 1 0 0
ST_DELIB 45 22 1 1 6 10 1 0 0
ST_DELIB 46 5 1 1 6 10 1 0 0
ST_DELIB 46 8 1 1 6 10 1 0 0
ST_DELIB 46 11 1 1 6 10 1 0 0
ST_DELIB 46 14 1 1 6 10 1 0 0
ST_DELIB 46 4 1 1 6 10 1 0 0
ST_DELIB 46 16 1 1 6 10 1 0 0
ST_DELIB 46 19 1 1 6 10 1 0 0
ST_DELIB 46 22 1 1 6 10 1 0 0
ST_DELIB 47 5 1 1 6 10 1 0 0
ST_DELIB 47 8 1 1 6 10 1 0 0
ST_DELIB 47 11 1 1 6 10 1 0 0
ST_DELIB 47 14 1 1 6 10 1 0 0
ST_DELIB 47 4 1 1 6 10 1 0 0
ST_DELIB 47 16 1 1 6 10 1 0 0
ST_DELIB 47 19 1 1 6 10 1 0 0
ST_DELIB 47 22 1 1 6 10 1 0 0
ST_DELIB 48 5 1 1 6 10 1 0 0
ST_DELIB 48 8 1 1 6 10 1 0 0
ST_DELIB 48 11 1 1 6 10 1 0 0
ST_DELIB 48 14 1 1 6 10 1 0 0
ST_DELIB 48 4 1 1 6 10 1 0 0
ST_DELIB 48 16 1 1 6 10 1 0 0
ST_DELIB 48 19 1 1 6 10 1 0 0
ST_DELIB 48 22 1 1 6 10 1 0 0
ST_DELIB 49 5 1 1 6 10 1 0 0
ST_DELIB 49 8 1 1 6 10 1 0 0
ST_DELIB 49 11 1 1 6 10 1 0 0
ST_DELIB 49 14 1 1 6 10 1 0 0
ST_DELIB 49 26 1 1 6 10 1 0 0
ST_DELIB 49 4 1 1 6 10 1 0 0
ST_DELIB 49 16 1 1 6 10 1 0 0
ST_DELIB 49 19 1 1 6 10 1 0 0
ST_TS 50 32 201 0 0 0 0 0 7 15 0 20 160 1 0 0 0
ST_DELIB 50 2 3 1 1 75 3 2 0
ST_DELIB 50 5 1 1 6 10 1 0 0
ST_DELIB 50 8 1 1 6 10 1 0 0
ST_DELIB 50 11 1 1 6 10 1 0 0
ST_DELIB 50 14 1 1 6 10 1 0 0
ST_DELIB 50 26 1 1 6 10 1 0 0
ST_DELIB 50 4 1 1 6 10 1 0 0
ST_DELIB 50 16 1 1 6 10 1 0 0
ST_DELIB 50 19 1 1 6 10 1 0 0
ST_DELIB 51 5 1 1 6 10 1 0 0
ST_DELIB 51 8 1 1 6 10 1 0 0
ST_DELIB 51 11 1 1 6 10 1 0 0
ST_DELIB 51 14 1 1 6 10 1 0 0
ST_DELIB 51 26 1 1 6 10 1 0 0
ST_DELIB 51 4 1 1 6 10 1 0 0
ST_DELIB 51 16 1 1 6 10 1 0 0
ST_DELIB 51 19 1 1 6 10 1 0 0
ST_DELIB 52 5 1 1 6 10 1 0 0
ST_DELIB 52 8 1 1 6 10 1 0 0
ST_DELIB 52 11 1 1 6 10 1 0 0
ST_DELIB 52 14 1 1 6 10 1 0 0
ST_DELIB 52 26 1 1 6 10 1 0 0
ST_DELIB 52 29 1 1 6 10 1 0 0
ST_DELIB 52 4 1 1 6 10 1 0 0
ST_DELIB 52 16 1 1 6 10 1 0 0
ST_DELIB 53 5 1 1 6 10 1 0 0
ST_DELIB 53 8 1 1 6 10 1 0 0
ST_DELIB 53 11 1 1 6 10 1 0 0
ST_DELIB 53 14 1 1 6 10 1 0 0
ST_DELIB 53 26 1 1 6 10 1 0 0
ST_DELIB 53 29 1 1 6 10 1 0 0
ST_DELIB 53 4 1 1 6 10 1 0 0
ST_DELIB 53 16 1 1 6 10 1 0 0
ST_DELIB 54 5 1 1 6 10 1 0 0
ST_DELIB 54 8 1 1 6 10 1 0 0
ST_DELIB 54 11 1 1 6 10 1 0 0
ST_DELIB 54 14 1 1 6 10 1 0 0
ST_DELIB 54 26 1 1 6 10 1 0 0
ST_DELIB 54 29 1 1 6 10 1 0 0
ST_DELIB 54 4 1 1 6 10 1 0 0
ST_DELIB 54 16 1 1 6 10 1 0 0
ST_DELIB 55 5 1 1 6 10 1 0 0
ST_DELIB 55 8 1 1 6 10 1 0 0
ST_DELIB 55 11 1 1 6 10 1 0 0
ST_DELIB 55 14 1 1 6 10 1 0 0
ST_DELIB 55 26 1 1 6 10 1 0 0
ST_DELIB 55 29 1 1 6 10 1 0 0
ST_DELIB 55 4 1 1 6 10 1 0 0
ST_DELIB 55 16 1 1 6 10 1 0 0
ST_DELIB 56 5 1 1 6 10 1 0 0
ST_DELIB 56 8 1 1 6 10 1 0 0
ST_DELIB 56 11 1 1 6 10 1 0 0
ST_DELIB 56 14 1 1 6 10 1 0 0
ST_DELIB 56 26 1 1 6 10 1 0 0
ST_DELIB 56 29 1 1 6 10 1 0 0
ST_DELIB 56 4 1 1 6 10 1 0 0
ST_DELIB 56 16 1 1 6 10 1 0 0
ST_DELIB 57 5 1 1 6 10 1 0 0
ST_DELIB 57 8 1 1 6 10 1 0 0
ST_DELIB 57 11 1 1 6 10 1 0 0
ST_DELIB 57 14 1 1 6 10 1 0 0
ST_DELIB 57 26 1 1 6 10 1 0 0
ST_DELIB 57 29 1 1 6 10 1 0 0
ST_DELIB 57 4 1 1 6 10 1 0 0
ST_DELIB 57 16 1 1 6 10 1 0 0
ST_DELIB 58 5 1 1 6 10 1 0 0
ST_DELIB 58 8 1 1 6 10 1 0 0
ST_DELIB 58 11 1 1 6 10 1 0 0
ST_DELIB 58 14 1 1 6 10 1 0 0
ST_DELIB 58 26 1 1 6 10 1 0 0
ST_DELIB 58 29 1 1 6 10 1 0 0
ST_DELIB 58 4 1 1 6 10 1 0 0
ST_DELIB 58 16 1 1 6 10 1 0 0
ST_DELIB 59 5 1 1 6 10 1 0 0
ST_DELIB 59 8 1 1 6 10 1 0 0
ST_DELIB 59 11 1 1 6 10 1 0 0
ST_DELIB 59 14 1 1 6 10 1 0 0
ST_DELIB 59 26 1 1 6 10 1 0 0
ST_DELIB 59 29 1 1 6 10 1 0 0
ST_DELIB 59 4 1 1 6 10 1 0 0
ST_DELIB 59 16 1 1 6 10 1 0 0
ST_DELIB 60 5 1 1 6 10 1 0 0
ST_DELIB 60 8 1 1 6 10 1 0 0
ST_DELIB 60 11 1 1 6 10 1 0 0
ST_DELIB 60 14 1 1 6 10 1 0 0
ST_DELIB 60 26 1 1 6 10 1 0 0
ST_DELIB 60 29 1 1 6 10 1 0 0
ST_DELIB 60 4 1 1 6 10 1 0 0
ST_DELIB 60 16 1 1 6 10 1 0 0
ST_DELIB 61 5 1 1 6 10 1 0 0
ST_DELIB 61 8 1 1 6 10 1 0 0
ST_DELIB 61 11 1 1 6 10 1 0 0
ST_DELIB 61 14 1 1 6 10 1 0 0
ST_DELIB 61 26 1 1 6 10 1 0 0
ST_DELIB 61 29 1 1 6 10 1 0 0
ST_DELIB 61 4 1 1 6 10 1 0 0
ST_DELIB 61 16 1 1 6 10 1 0 0
ST_DELIB 62 5 1 1 6 10 1 0 0
ST_DELIB 62 8 1 1 6 10 1 0 0
ST_DELIB 62 11 1 1 6 10 1 0 0
ST_DELIB 62 14 1 1 6 10 1 0 0
ST_DELIB 62 26 1 1 6 10 1 0 0
ST_DELIB 62 29 1 1 6 10 1 0 0
ST_DELIB 62 4 1 1 6 10 1 0 0
ST_DELIB 62 16 1 1 6 10 1 0 0
ST_DELIB 63 5 1 1 6 10 1 0 0
ST_DELIB 63 8 1 1 6 10 1 0 0
ST_DELIB 63 11 1 1 6 10 1 0 0
ST_DELIB 63 14 1 1 6 10 1 0 0
ST_DELIB 63 26 1 1 6 10 1 0 0
ST_DELIB 63 29 1 1 6 10 1 0 0
ST_DELIB 63 4 1 1 6 10 1 0 0
ST_DELIB 63 16 1 1 6 10 1 0 0
ST_DELIB 64 5 1 1 6 10 1 0 0
ST_DELIB 64 8 1 1 6 10 1 0 0
ST_DELIB 64 11 1 1 6 10 1 0 0
ST_DELIB 64 14 1 1 6 10 1 0 0
ST_DELIB 64 26 1 1 6 10 1 0 0
ST_DELIB 64 29 1 1 6 10 1 0 0
ST_DELIB 64 4 1 1 6 10 1 0 0
ST_DELIB 64 16 1 1 6 10 1 0 0
ST_DELIB 65 5 1 1 6 10 1 0 0
ST_DELIB 65 8 1 1 6 10 1 0 0
ST_DELIB 65 11 1 1 6 10 1 0 0
ST_DELIB 65 14 1 1 6 10 1 0 0
ST_DELIB 65 26 1 1 6 10 1 0 0
ST_DELIB 65 29 1 1 6 10 1 0 0
ST_DELIB 65 4 1 1 6 10 1 0 0
ST_DELIB 65 16 1 1 6 10 1 0 0
ST_DELIB 66 5 1 1 6 10 1 0 0
ST_DELIB 66 8 1 1 6 10 1 0 0
ST_DELIB 66 11 1 1 6 10 1 0 0
ST_DELIB 66 14 1 1 6 10 1 0 0
ST_DELIB 66 26 1 1 6 10 1 0 0
ST_DELIB 66 29 1 1 6 10 1 0 0
ST_DELIB 66 4 1 1 6 10 1 0 0
ST_DELIB 66 16 1 1 6 10 1 0 0
ST_DELIB 67 5 1 1 6 10 1 0 0
ST_DELIB 67 8 1 1 6 10 1 0 0
ST_DELIB 67 11 1 1 6 10 1 0 0
ST_DELIB 67 14 1 1 6 10 1 0 0
ST_DELIB 67 26 1 1 6 10 1 0 0
ST_DELIB 67 29 1 1 6 10 1 0 0
ST_DELIB 67 4 1 1 6 10 1 0 0
ST_DELIB 67 16 1 1 6 10 1 0 0
ST_DELIB 68 5 1 1 6 10 1 0 0
ST_DELIB 68 8 1 1 6 10 1 0 0
ST_DELIB 68 11 1 1 6 10 1 0 0
ST_DELIB 68 14 1 1 6 10 1 0 0
ST_DELIB 68 26 1 1 6 10 1 0 0
ST_DELIB 68 29 1 1 6 10 1 0 0
ST_DELIB 68 4 1 1 6 10 1 0 0
ST_DELIB 68 16 1 1 6 10 1 0 0
ST_DELIB 69 5 1 1 6 10 1 0 0
ST_DELIB 69 8 1 1 6 10 1 0 0
ST_DELIB 69 11 1 1 6 10 1 0 0
ST_DELIB 69 14 1 1 6 10 1 0 0
ST_DELIB 69 26 1 1 6 10 1 0 0
ST_DELIB 69 29 1 1 6 10 1 0 0
ST_DELIB 69 4 1 1 6 10 1 0 0
ST_DELIB 69 16 1 1 6 10 1 0 0
ST_DELIB 70 5 1 1 6 10 1 0 0
ST_DELIB 70 8 1 1 6 10 1 0 0
ST_DELIB 70 11 1 1 6 10 1 0 0
ST_DELIB 70 14 1 1 6 10 1 0 0
ST_DELIB 70 26 1 1 6 10 1 0 0
ST_DELIB 70 29 1 1 6 10 1 0 0
ST_DELIB 70 4 1 1 6 10 1 0 0
ST_DELIB 70 16 1 1 6 10 1 0 0
ST_DELIB 71 5 1 1 6 10 1 0 0
ST_DELIB 71 8 1 1 6 10 1 0 0
ST_DELIB 71 11 1 1 6 10 1 0 0
ST_DELIB 71 14 1 1 6 10 1 0 0
ST_DELIB 71 26 1 1 6 10 1 0 0
ST_DELIB 71 29 1 1 6 10 1 0 0
ST_DELIB 71 4 1 1 6 10 1 0 0
ST_DELIB 71 16 1 1 6 10 1 0 0
ST_DELIB 72 5 1 1 6 10 1 0 0
ST_DELIB 72 8 1 1 6 10 1 0 0
ST_DELIB 72 11 1 1 6 10 1 0 0
ST_DELIB 72 14 1 1 6 10 1 0 0
ST_DELIB 72 26 1 1 6 10 1 0 0
ST_DELIB 72 29 1 1 6 10 1 0 0
ST_DELIB 72 4 1 1 6 10 1 0 0
ST_DELIB 72 16 1 1 6 10 1 0 0
ST_DELIB 73 5 1 1 6 10 1 0 0
ST_DELIB 73 8 1 1 6 10 1 0 0
ST_DELIB 73 11 1 1 6 10 1 0 0
ST_DELIB 73 14 1 1 6 10 1 0 0
ST_DELIB 73 26 1 1 6 10 1 0 0
ST_DELIB 73 29 1 1 6 10 1 0 0
ST_DELIB 73 4 1 1 6 10 1 0 0
ST_DELIB 73 16 1 1 6 10 1 0 0
ST_DELIB 74 5 1 1 6 10 1 0 0
ST_DELIB 74 8 1 1 6 10 1 0 0
ST_DELIB 74 11 1 1 6 10 1 0 0
ST_DELIB 74 14 1 1 6 10 1 0 0
ST_DELIB 74 26 1 1 6 10 1 0 0
ST_DELIB 74 29 1 1 6 10 1 0 0
ST_DELIB 74 4 1 1 6 10 1 0 0
ST_DELIB 74 16 1 1 6 10 1 0 0
ST_TS 75 32 411 0 0 0 0 0 9 22 0 45 360 1 0 0 0
ST_DELIB 75 2 3 1 1 75 3 3 0
ST_DELIB 76 5 1 1 6 10 1 0 0
ST_DELIB 76 8 1 1 6 10 1 0 0
ST_DELIB 76 11 1 1 6 10 1 0 0
ST_DELIB 76 14 1 1 6 10 1 0 0
ST_DELIB 76 26 1 1 6 10 1 0 0
ST_DELIB 76 29 1 1 6 10 1 0 0
ST_DELIB 76 4 1 1 6 10 1 0 0
ST_DELIB 76 16 1 1 6 10 1 0 0
ST_DELIB 77 5 1 1 6 10 1 0 0
ST_DELIB 77 8 1 1 6 10 1 0 0
ST_DELIB 77 11 1 1 6 10 1 0 0
ST_DELIB 77 14 1 1 6 10 1 0 0
ST_DELIB 77 26 1 1 6 10 1 0 0
ST_DELIB 77 29 1 1 6 10 1 0 0
ST_DELIB 77 4 1 1 6 10 1 0 0
ST_DELIB 77 16 1 1 6 10 1 0 0
ST_DELIB 78 5 1 1 6 10 1 0 0
ST_DELIB 78 8 1 1 6 10 1 0 0
ST_DELIB 78 11 1 1 6 10 1 0 0
ST_DELIB 78 14 1 1 6 10 1 0 0
ST_DELIB 78 26 1 1 6 10 1 0 0
ST_DELIB 78 29 1 1 6 10 1 0 0
ST_DELIB 78 4 1 1 6 10 1 0 0
ST_DELIB 78 16 1 1 6 10 1 0 0
ST_DELIB 79 5 1 1 6 10 1 0 0
ST_DELIB 79 8 1 1 6 10 1 0 0
ST_DELIB 79 11 1 1 6 10 1 0 0
ST_DELIB 79 14 1 1 6 10 1 0 0
ST_DELIB 79 26 1 1 6 10 1 0 0
ST_DELIB 79 29 1 1 6 10 1 0 0
ST_DELIB 79 4 1 1 6 10 1 0 0
ST_DELIB 79 16 1 1 6 10 1 0 0
ST_DELIB 80 5 1 1 6 10 1 0 0
ST_DELIB 80 8 1 1 6 10 1 0 0
ST_DELIB 80 11 1 1 6 10 1 0 0
ST_DELIB 80 14 1 1 6 10 1 0 0
ST_DELIB 80 26 1 1 6 10 1 0 0
ST_DELIB 80 29 1 1 6 10 1 0 0
ST_DELIB 80 4 1 1 6 10 1 0 0
ST_DELIB 80 16 1 1 6 10 1 0 0
ST_DELIB 81 5 1 1 6 10 1 0 0
ST_DELIB 81 8 1 1 6 10 1 0 0
ST_DELIB 81 11 1 1 6 10 1 0 0
ST_DELIB 81 14 1 1 6 10 1 0 0
ST_DELIB 81 26 1 1 6 10 1 0 0
ST_DELIB 81 29 1 1 6 10 1 0 0
ST_DELIB 81 4 1 1 6 10 1 0 0
ST_DELIB 81 16 1 1 6 10 1 0 0
ST_DELIB 82 5 1 1 6 10 1 0 0
ST_DELIB 82 8 1 1 6 10 1 0 0
ST_DELIB 82 11 1 1 6 10 1 0 0
ST_DELIB 82 14 1 1 6 10 1 0 0
ST_DELIB 82 26 1 1 6 10 1 0 0
ST_DELIB 82 29 1 1 6 10 1 0 0
ST_DELIB 82 4 1 1 6 10 1 0 0
ST_DELIB 82 16 1 1 6 10 1 0 0
ST_DELIB 83 5 1 1 6 10 1 0 0
ST_DELIB 83 8 1 1 6 10 1 0 0
ST_DELIB 83 11 1 1 6 10 1 0 0
ST_DELIB 83 14 1 1 6 10 1 0 0
ST_DELIB 83 26 1 1 6 10 1 0 0
ST_DELIB 83 29 1 1 6 10 1 0 0
ST_DELIB 83 4 1 1 6 10 1 0 0
ST_DELIB 83 16 1 1 6 10 1 0 0
ST_DELIB 84 5 1 1 6 10 1 0 0
ST_DELIB 84 8 1 1 6 10 1 0 0
ST_DELIB 84 11 1 1 6 10 1 0 0
ST_DELIB 84 14 1 1 6 10 1 0 0
ST_DELIB 84 26 1 1 6 10 1 0 0
ST_DELIB 84 29 1 1 6 10 1 0 0
ST_DELIB 84 4 1 1 6 10 1 0 0
ST_DELIB 84 16 1 1 6 10 1 0 0
ST_DELIB 85 5 1 1 6 10 1 0 0
ST_DELIB 85 8 1 1 6 10 1 0 0
ST_DELIB 85 11 1 1 6 10 1 0 0
ST_DELIB 85 14 1 1 6 10 1 0 0
ST_DELIB 85 26 1 1 6 10 1 0 0
ST_DELIB 85 29 1 1 6 10 1 0 0
ST_DELIB 85 4 1 1 6 10 1 0 0
ST_DELIB 85 16 1 1 6 10 1 0 0
ST_DELIB 86 5 1 1 6 10 1 0 0
ST_DELIB 86 8 1 1 6 10 1 0 0
ST_DELIB 86 11 1 1 6 10 1 0 0
ST_DELIB 86 14 1 1 6 10 1 0 0
ST_DELIB 86 26 1 1 6 10 1 0 0
ST_DELIB 86 29 1 1 6 10 1 0 0
ST_DELIB 86 4 1 1 6 10 1 0 0
ST_DELIB 86 16 1 1 6 10 1 0 0
ST_DELIB 87 5 1 1 6 10 1 0 0
ST_DELIB 87 8 1 1 6 10 1 0 0
ST_DELIB 87 11 1 1 6 10 1 0 0
ST_DELIB 87 14 1 1 6 10 1 0 0
ST_DELIB 87 26 1 1 6 10 1 0 0
ST_DELIB 87 29 1 1 6 10 1 0 0
ST_DELIB 87 4 1 1 6 10 1 0 0
ST_DELIB 87 16 1 1 6 10 1 0 0
ST_DELIB 88 5 1 1 6 10 1 0 0
ST_DELIB 88 8 1 1 6 10 1 0 0
ST_DELIB 88 11 1 1 6 10 1 0 0
ST_DELIB 88 14 1 1 6 10 1 0 0
ST_DELIB 88 26 1 1 6 10 1 0 0
ST_DELIB 88 29 1 1 6 10 1 0 0
ST_DELIB 88 4 1 1 6 10 1 0 0
ST_DELIB 88 16 1 1 6 10 1 0 0
ST_DELIB 89 5 1 1 6 10 1 0 0
ST_DELIB 89 8 1 1 6 10 1 0 0
ST_DELIB 89 11 1 1 6 10 1 0 0
ST_DELIB 89 14 1 1 6 10 1 0 0
ST_DELIB 89 26 1 1 6 10 1 0 0
ST_DELIB 89 29 1 1 6 10 1 0 0
ST_DELIB 89 4 1 1 6 10 1 0 0
ST_DELIB 89 16 1 1 6 10 1 0 0
ST_DELIB 90 5 1 1 6 10 1 0 0
ST_DELIB 90 8 1 1 6 10 1 0 0
ST_DELIB 90 11 1 1 6 10 1 0 0
ST_DELIB 90 14 1 1 6 10 1 0 0
ST_DELIB 90 26 1 1 6 10 1 0 0
ST_DELIB 90 29 1 1 6 10 1 0 0
ST_DELIB 90 4 1 1 6 10 1 0 0
ST_DELIB 90 16 1 1 6 10 1 0 0
ST_DELIB 91 5 1 1 6 10 1 0 0
ST_DELIB 91 8 1 1 6 10 1 0 0
ST_DELIB 91 11 1 1 6 10 1 0 0
ST_DELIB 91 14 1 1 6 10 1 0 0
ST_DELIB 91 26 1 1 6 10 1 0 0
ST_DELIB 91 29 1 1 6 10 1 0 0
ST_DELIB 91 4 1 1 6 10 1 0 0
ST_DELIB 91 16 1 1 6 10 1 0 0
ST_DELIB 92 5 1 1 6 10 1 0 0
ST_DELIB 92 8 1 1 6 10 1 0 0
ST_DELIB 92 11 1 1 6 10 1 0 0
ST_DELIB 92 14 1 1 6 10 1 0 0
ST_DELIB 92 26 1 1 6 10 1 0 0
ST_DELIB 92 29 1 1 6 10 1 0 0
ST_DELIB 92 4 1 1 6 10 1 0 0
ST_DELIB 92 16 1 1 6 10 1 0 0
ST_DELIB 93 5 1 1 6 10 1 0 0
ST_DELIB 93 8 1 1 6 10 1 0 0
ST_DELIB 93 11 1 1 6 10 1 0 0
ST_DELIB 93 14 1 1 6 10 1 0 0
ST_DELIB 93 26 1 1 6 10 1 0 0
ST_DELIB 93 29 1 1 6 10 1 0 0
ST_DELIB 93 4 1 1 6 10 1 0 0
ST_DELIB 93 16 1 1 6 10 1 0 0
ST_DELIB 94 5 1 1 6 10 1 0 0
ST_DELIB 94 8 1 1 6 10 1 0 0
ST_DELIB 94 11 1 1 6 10 1 0 0
ST_DELIB 94 14 1 1 6 10 1 0 0
ST_DELIB 94 26 1 1 6 10 1 0 0
ST_DELIB 94 29 1 1 6 10 1 0 0
ST_DELIB 94 4 1 1 6 10 1 0 0
ST_DELIB 94 16 1 1 6 10 1 0 0
ST_DELIB 95 5 1 1 6 10 1 0 0
ST_DELIB 95 8 1 1 6 10 1 0 0
ST_DELIB 95 11 1 1 6 10 1 0 0
ST_DELIB 95 14 1 1 6 10 1 0 0
ST_DELIB 95 26 1 1 6 10 1 0 0
ST_DELIB 95 29 1 1 6 10 1 0 0
ST_DELIB 95 4 1 1 6 10 1 0 0
ST_DELIB 95 16 1 1 6 10 1 0 0
ST_DELIB 96 5 1 1 6 10 1 0 0
ST_DELIB 96 8 1 1 6 10 1 0 0
ST_DELIB 96 11 1 1 6 10 1 0 0
ST_DELIB 96 14 1 1 6 10 1 0 0
ST_DELIB 96 26 1 1 6 10 1 0 0
ST_DELIB 96 29 1 1 6 10 1 0 0
ST_DELIB 96 4 1 1 6 10 1 0 0
ST_DELIB 96 16 1 1 6 10 1 0 0
ST_DELIB 97 5 1 1 6 10 1 0 0
ST_DELIB 97 8 1 1 6 10 1 0 0
ST_DELIB 97 11 1 1 6 10 1 0 0
ST_DELIB 97 14 1 1 6 10 1 0 0
ST_DELIB 97 26 1 1 6 10 1 0 0
ST_DELIB 97 29 1 1 6 10 1 0 0
ST_DELIB 97 4 1 1 6 10 1 0 0
ST_DELIB 97 16 1 1 6 10 1 0 0
ST_DELIB 98 5 1 1 6 10 1 0 0
ST_DELIB 98 8 1 1 6 10 1 0 0
ST_DELIB 98 11 1 1 6 10 1 0 0
ST_DELIB 98 14 1 1 6 10 1 0 0
ST_DELIB 98 26 1 1 6 10 1 0 0
ST_DELIB 98 29 1 1 6 10 1 0 0
ST_DELIB 98 4 1 1 6 10 1 0 0
ST_DELIB 98 16 1 1 6 10 1 0 0
ST_DELIB 99 5 1 1 6 10 1 0 0
ST_DELIB 99 8 1 1 6 10 1 0 0
ST_DELIB 99 11 1 1 6 10 1 0 0
ST_DELIB 99 14 1 1 6 10 1 0 0
ST_DELIB 99 26 1 1 6 10 1 0 0
ST_DELIB 99 29 1 1 6 10 1 0 0
ST_DELIB 99 4 1 1 6 10 1 0 0
ST_DELIB 99 16 1 1 6 10 1 0 0
ST_TS 100 32 609 3 0 1 0 0 9 30 0 69 552 2 1 25 1
ST_DELIB 100 5 1 1 6 10 1 0 0
ST_DELIB 100 8 1 1 6 10 1 0 0
ST_DELIB 100 11 1 1 6 10 1 0 0
ST_DELIB 100 14 1 1 6 10 1 0 0
ST_DELIB 100 26 1 1 6 10 1 0 0
ST_DELIB 100 29 1 1 6 10 1 0 0
ST_DELIB 100 4 1 1 6 10 1 0 0
ST_DELIB 100 16 1 1 6 10 1 0 0
ST_DELIB 101 5 1 1 6 10 1 0 0
ST_DELIB 101 8 1 1 6 10 1 0 0
ST_DELIB 101 11 1 1 6 10 1 0 0
ST_DELIB 101 14 1 1 6 10 1 0 0
ST_DELIB 101 26 1 1 6 10 1 0 0
ST_DELIB 101 29 1 1 6 10 1 0 0
ST_DELIB 101 4 1 1 6 10 1 0 0
ST_DELIB 101 16 1 1 6 10 1 0 0
ST_DELIB 102 5 1 1 6 10 1 0 0
ST_DELIB 102 8 1 1 6 10 1 0 0
ST_DELIB 102 11 1 1 6 10 1 0 0
ST_DELIB 102 14 1 1 6 10 1 0 0
ST_DELIB 102 26 1 1 6 10 1 0 0
ST_DELIB 102 29 1 1 6 10 1 0 0
ST_DELIB 102 4 1 1 6 10 1 0 0
ST_DELIB 102 16 1 1 6 10 1 0 0
ST_DELIB 103 5 1 1 6 10 1 0 0
ST_DELIB 103 8 1 1 6 10 1 0 0
ST_DELIB 103 11 1 1 6 10 1 0 0
ST_DELIB 103 14 1 1 6 10 1 0 0
ST_DELIB 103 26 1 1 6 10 1 0 0
ST_DELIB 103 29 1 1 6 10 1 0 0
ST_DELIB 103 4 1 1 6 10 1 0 0
ST_DELIB 103 16 1 1 6 10 1 0 0
ST_DELIB 104 5 1 1 6 10 1 0 0
ST_DELIB 104 8 1 1 6 10 1 0 0
ST_DELIB 104 11 1 1 6 10 1 0 0
ST_DELIB 104 14 1 1 6 10 1 0 0
ST_DELIB 104 26 1 1 6 10 1 0 0
ST_DELIB 104 29 1 1 6 10 1 0 0
ST_DELIB 104 4 1 1 6 10 1 0 0
ST_DELIB 104 16 1 1 6 10 1 0 0
ST_DELIB 105 5 1 1 6 10 1 0 0
ST_DELIB 105 8 1 1 6 10 1 0 0
ST_DELIB 105 11 1 1 6 10 1 0 0
ST_DELIB 105 14 1 1 6 10 1 0 0
ST_DELIB 105 26 1 1 6 10 1 0 0
ST_DELIB 105 29 1 1 6 10 1 0 0
ST_DELIB 105 4 1 1 6 10 1 0 0
ST_DELIB 105 16 1 1 6 10 1 0 0
ST_DELIB 106 5 1 1 6 10 1 0 0
ST_DELIB 106 8 1 1 6 10 1 0 0
ST_DELIB 106 11 1 1 6 10 1 0 0
ST_DELIB 106 14 1 1 6 10 1 0 0
ST_DELIB 106 26 1 1 6 10 1 0 0
ST_DELIB 106 29 1 1 6 10 1 0 0
ST_DELIB 106 4 1 1 6 10 1 0 0
ST_DELIB 106 16 1 1 6 10 1 0 0
ST_DELIB 107 5 1 1 6 10 1 0 0
ST_DELIB 107 8 1 1 6 10 1 0 0
ST_DELIB 107 11 1 1 6 10 1 0 0
ST_DELIB 107 14 1 1 6 10 1 0 0
ST_DELIB 107 26 1 1 6 10 1 0 0
ST_DELIB 107 29 1 1 6 10 1 0 0
ST_DELIB 107 4 1 1 6 10 1 0 0
ST_DELIB 107 16 1 1 6 10 1 0 0
ST_DELIB 108 5 1 1 6 10 1 0 0
ST_DELIB 108 8 1 1 6 10 1 0 0
ST_DELIB 108 11 1 1 6 10 1 0 0
ST_DELIB 108 14 1 1 6 10 1 0 0
ST_DELIB 108 26 1 1 6 10 1 0 0
ST_DELIB 108 29 1 1 6 10 1 0 0
ST_DELIB 108 4 1 1 6 10 1 0 0
ST_DELIB 108 16 1 1 6 10 1 0 0
ST_DELIB 109 5 1 1 6 10 1 0 0
ST_DELIB 109 8 1 1 6 10 1 0 0
ST_DELIB 109 11 1 1 6 10 1 0 0
ST_DELIB 109 14 1 1 6 10 1 0 0
ST_DELIB 109 26 1 1 6 10 1 0 0
ST_DELIB 109 29 1 1 6 10 1 0 0
ST_DELIB 109 4 1 1 6 10 1 0 0
ST_DELIB 109 16 1 1 6 10 1 0 0
ST_DELIB 110 5 1 1 6 10 1 0 0
ST_DELIB 110 8 1 1 6 10 1 0 0
ST_DELIB 110 11 1 1 6 10 1 0 0
ST_DELIB 110 14 1 1 6 10 1 0 0
ST_DELIB 110 26 1 1 6 10 1 0 0
ST_DELIB 110 29 1 1 6 10 1 0 0
ST_DELIB 110 4 1 1 6 10 1 0 0
ST_DELIB 110 16 1 1 6 10 1 0 0
ST_DELIB 111 5 1 1 6 10 1 0 0
ST_DELIB 111 8 1 1 6 10 1 0 0
ST_DELIB 111 11 1 1 6 10 1 0 0
ST_DELIB 111 14 1 1 6 10 1 0 0
ST_DELIB 111 26 1 1 6 10 1 0 0
ST_DELIB 111 29 1 1 6 10 1 0 0
ST_DELIB 111 4 1 1 6 10 1 0 0
ST_DELIB 111 16 1 1 6 10 1 0 0
ST_DELIB 112 5 1 1 6 10 1 0 0
ST_DELIB 112 8 1 1 6 10 1 0 0
ST_DELIB 112 11 1 1 6 10 1 0 0
ST_DELIB 112 14 1 1 6 10 1 0 0
ST_DELIB 112 26 1 1 6 10 1 0 0
ST_DELIB 112 29 1 1 6 10 1 0 0
ST_DELIB 112 4 1 1 6 10 1 0 0
ST_DELIB 112 16 1 1 6 10 1 0 0
ST_DELIB 113 5 1 1 6 10 1 0 0
ST_DELIB 113 8 1 1 6 10 1 0 0
ST_DELIB 113 11 1 1 6 10 1 0 0
ST_DELIB 113 14 1 1 6 10 1 0 0
ST_DELIB 113 26 1 1 6 10 1 0 0
ST_DELIB 113 29 1 1 6 10 1 0 0
ST_DELIB 113 4 1 1 6 10 1 0 0
ST_DELIB 113 16 1 1 6 10 1 0 0
ST_DELIB 114 5 1 1 6 10 1 0 0
ST_DELIB 114 8 1 1 6 10 1 0 0
ST_DELIB 114 11 1 1 6 10 1 0 0
ST_DELIB 114 14 1 1 6 10 1 0 0
ST_DELIB 114 26 1 1 6 10 1 0 0
ST_DELIB 114 29 1 1 6 10 1 0 0
ST_DELIB 114 4 1 1 6 10 1 0 0
ST_DELIB 114 16 1 1 6 10 1 0 0
ST_DELIB 115 5 1 1 6 10 1 0 0
ST_DELIB 115 8 1 1 6 10 1 0 0
ST_DELIB 115 11 1 1 6 10 1 0 0
ST_DELIB 115 14 1 1 6 10 1 0 0
ST_DELIB 115 26 1 1 6 10 1 0 0
ST_DELIB 115 29 1 1 6 10 1 0 0
ST_DELIB 115 4 1 1 6 10 1 0 0
ST_DELIB 115 16 1 1 6 10 1 0 0
ST_DELIB 116 5 1 1 6 10 1 0 0
ST_DELIB 116 8 1 1 6 10 1 0 0
ST_DELIB 116 11 1 1 6 10 1 0 0
ST_DELIB 116 14 1 1 6 10 1 0 0
ST_DELIB 116 26 1 1 6 10 1 0 0
ST_DELIB 116 29 1 1 6 10 1 0 0
ST_DELIB 116 4 1 1 6 10 1 0 0
ST_DELIB 116 16 1 1 6 10 1 0 0
ST_DELIB 117 5 1 1 6 10 1 0 0
ST_DELIB 117 8 1 1 6 10 1 0 0
ST_DELIB 117 11 1 1 6 10 1 0 0
ST_DELIB 117 14 1 1 6 10 1 0 0
ST_DELIB 117 26 1 1 6 10 1 0 0
ST_DELIB 117 29 1 1 6 10 1 0 0
ST_DELIB 117 4 1 1 6 10 1 0 0
ST_DELIB 117 16 1 1 6 10 1 0 0
ST_DELIB 118 5 1 1 6 10 1 0 0
ST_DELIB 118 8 1 1 6 10 1 0 0
ST_DELIB 118 11 1 1 6 10 1 0 0
ST_DELIB 118 14 1 1 6 10 1 0 0
ST_DELIB 118 26 1 1 6 10 1 0 0
ST_DELIB 118 29 1 1 6 10 1 0 0
ST_DELIB 118 4 1 1 6 10 1 0 0
ST_DELIB 118 16 1 1 6 10 1 0 0
ST_DELIB 119 5 1 1 6 10 1 0 0
ST_DELIB 119 8 1 1 6 10 1 0 0
ST_DELIB 119 11 1 1 6 10 1 0 0
ST_DELIB 119 14 1 1 6 10 1 0 0
ST_DELIB 119 26 1 1 6 10 1 0 0
ST_DELIB 119 29 1 1 6 10 1 0 0
ST_DELIB 119 4 1 1 6 10 1 0 0
ST_DELIB 119 16 1 1 6 10 1 0 0
ST_DELIB 120 5 1 1 6 10 1 0 0
ST_DELIB 120 8 1 1 6 10 1 0 0
ST_DELIB 120 11 1 1 6 10 1 0 0
ST_DELIB 120 14 1 1 6 10 1 0 0
ST_DELIB 120 26 1 1 6 10 1 0 0
ST_DELIB 120 29 1 1 6 10 1 0 0
ST_DELIB 120 4 1 1 6 10 1 0 0
ST_DELIB 120 16 1 1 6 10 1 0 0
ST_DELIB 121 5 1 1 6 10 1 0 0
ST_DELIB 121 8 1 1 6 10 1 0 0
ST_DELIB 121 11 1 1 6 10 1 0 0
ST_DELIB 121 14 1 1 6 10 1 0 0
ST_DELIB 121 26 1 1 6 10 1 0 0
ST_DELIB 121 29 1 1 6 10 1 0 0
ST_DELIB 121 4 1 1 6 10 1 0 0
ST_DELIB 121 16 1 1 6 10 1 0 0
ST_DELIB 122 5 1 1 6 10 1 0 0
ST_DELIB 122 8 1 1 6 10 1 0 0
ST_DELIB 122 11 1 1 6 10 1 0 0
ST_DELIB 122 14 1 1 6 10 1 0 0
ST_DELIB 122 26 1 1 6 10 1 0 0
ST_DELIB 122 29 1 1 6 10 1 0 0
ST_DELIB 122 4 1 1 6 10 1 0 0
ST_DELIB 122 16 1 1 6 10 1 0 0
ST_DELIB 123 5 1 1 6 10 1 0 0
ST_DELIB 123 8 1 1 6 10 1 0 0
ST_DELIB 123 11 1 1 6 10 1 0 0
ST_DELIB 123 14 1 1 6 10 1 0 0
ST_DELIB 123 26 1 1 6 10 1 0 0
ST_DELIB 123 29 1 1 6 10 1 0 0
ST_DELIB 123 4 1 1 6 10 1 0 0
ST_DELIB 123 16 1 1 6 10 1 0 0
ST_DELIB 124 5 1 1 6 10 1 0 0
ST_DELIB 124 8 1 1 6 10 1 0 0
ST_DELIB 124 11 1 1 6 10 1 0 0
ST_DELIB 124 14 1 1 6 10 1 0 0
ST_DELIB 124 26 1 1 6 10 1 0 0
ST_DELIB 124 29 1 1 6 10 1 0 0
ST_DELIB 124 4 1 1 6 10 1 0 0
ST_DELIB 124 16 1 1 6 10 1 0 0
ST_TS 125 32 810 3 0 1 0 0 10 37 0 94 752 2 1 25 1
ST_DELIB 125 5 1 1 6 10 1 0 0
ST_DELIB 125 8 1 1 6 10 1 0 0
ST_DELIB 125 11 1 1 6 10 1 0 0
ST_DELIB 125 14 1 1 6 10 1 0 0
ST_DELIB 125 26 1 1 6 10 1 0 0
ST_DELIB 125 29 1 1 6 10 1 0 0
ST_DELIB 125 4 1 1 6 10 1 0 0
ST_DELIB 125 16 1 1 6 10 1 0 0
ST_DELIB 126 5 1 1 6 10 1 0 0
ST_DELIB 126 8 1 1 6 10 1 0 0
ST_DELIB 126 11 1 1 6 10 1 0 0
ST_DELIB 126 14 1 1 6 10 1 0 0
ST_DELIB 126 26 1 1 6 10 1 0 0
ST_DELIB 126 29 1 1 6 10 1 0 0
ST_DELIB 126 4 1 1 6 10 1 0 0
ST_DELIB 126 16 1 1 6 10 1 0 0
ST_DELIB 127 5 1 1 6 10 1 0 0
ST_DELIB 127 8 1 1 6 10 1 0 0
ST_DELIB 127 11 1 1 6 10 1 0 0
ST_DELIB 127 14 1 1 6 10 1 0 0
ST_DELIB 127 26 1 1 6 10 1 0 0
ST_DELIB 127 29 1 1 6 10 1 0 0
ST_DELIB 127 4 1 1 6 10 1 0 0
ST_DELIB 127 16 1 1 6 10 1 0 0
ST_DELIB 128 5 1 1 6 10 1 0 0
ST_DELIB 128 8 1 1 6 10 1 0 0
ST_DELIB 128 11 1 1 6 10 1 0 0
ST_DELIB 128 14 1 1 6 10 1 0 0
ST_DELIB 128 26 1 1 6 10 1 0 0
ST_DELIB 128 29 1 1 6 10 1 0 0
ST_DELIB 128 4 1 1 6 10 1 0 0
ST_DELIB 128 16 1 1 6 10 1 0 0
ST_DELIB 129 5 1 1 6 10 1 0 0
ST_DELIB 129 8 1 1 6 10 1 0 0
ST_DELIB 129 11 1 1 6 10 1 0 0
ST_DELIB 129 14 1 1 6 10 1 0 0
ST_DELIB 129 26 1 1 6 10 1 0 0
ST_DELIB 129 29 1 1 6 10 1 0 0
ST_DELIB 129 4 1 1 6 10 1 0 0
ST_DELIB 129 16 1 1 6 10 1 0 0
ST_DELIB 130 5 1 1 6 10 1 0 0
ST_DELIB 130 8 1 1 6 10 1 0 0
ST_DELIB 130 11 1 1 6 10 1 0 0
ST_DELIB 130 14 1 1 6 10 1 0 0
ST_DELIB 130 26 1 1 6 10 1 0 0
ST_DELIB 130 29 1 1 6 10 1 0 0
ST_DELIB 130 4 1 1 6 10 1 0 0
ST_DELIB 130 16 1 1 6 10 1 0 0
ST_DELIB 131 5 1 1 6 10 1 0 0
ST_DELIB 131 8 1 1 6 10 1 0 0
ST_DELIB 131 11 1 1 6 10 1 0 0
ST_DELIB 131 14 1 1 6 10 1 0 0
ST_DELIB 131 26 1 1 6 10 1 0 0
ST_DELIB 131 29 1 1 6 10 1 0 0
ST_DELIB 131 4 1 1 6 10 1 0 0
ST_DELIB 131 16 1 1 6 10 1 0 0
ST_DELIB 132 5 1 1 6 10 1 0 0
ST_DELIB 132 8 1 1 6 10 1 0 0
ST_DELIB 132 11 1 1 6 10 1 0 0
ST_DELIB 132 14 1 1 6 10 1 0 0
ST_DELIB 132 26 1 1 6 10 1 0 0
ST_DELIB 132 29 1 1 6 10 1 0 0
ST_DELIB 132 4 1 1 6 10 1 0 0
ST_DELIB 132 16 1 1 6 10 1 0 0
ST_DELIB 133 5 1 1 6 10 1 0 0
ST_DELIB 133 8 1 1 6 10 1 0 0
ST_DELIB 133 11 1 1 6 10 1 0 0
ST_DELIB 133 14 1 1 6 10 1 0 0
ST_DELIB 133 26 1 1 6 10 1 0 0
ST_DELIB 133 29 1 1 6 10 1 0 0
ST_DELIB 133 4 1 1 6 10 1 0 0
ST_DELIB 133 16 1 1 6 10 1 0 0
ST_DELIB 134 5 1 1 6 10 1 0 0
ST_DELIB 134 8 1 1 6 10 1 0 0
ST_DELIB 134 11 1 1 6 10 1 0 0
ST_DELIB 134 14 1 1 6 10 1 0 0
ST_DELIB 134 26 1 1 6 10 1 0 0
ST_DELIB 134 29 1 1 6 10 1 0 0
ST_DELIB 134 4 1 1 6 10 1 0 0
ST_DELIB 134 16 1 1 6 10 1 0 0
ST_DELIB 135 5 1 1 6 10 1 0 0
ST_DELIB 135 8 1 1 6 10 1 0 0
ST_DELIB 135 11 1 1 6 10 1 0 0
ST_DELIB 135 14 1 1 6 10 1 0 0
ST_DELIB 135 26 1 1 6 10 1 0 0
ST_DELIB 135 29 1 1 6 10 1 0 0
ST_DELIB 135 4 1 1 6 10 1 0 0
ST_DELIB 135 16 1 1 6 10 1 0 0
ST_DELIB 136 5 1 1 6 10 1 0 0
ST_DELIB 136 8 1 1 6 10 1 0 0
ST_DELIB 136 11 1 1 6 10 1 0 0
ST_DELIB 136 14 1 1 6 10 1 0 0
ST_DELIB 136 26 1 1 6 10 1 0 0
ST_DELIB 136 29 1 1 6 10 1 0 0
ST_DELIB 136 4 1 1 6 10 1 0 0
ST_DELIB 136 16 1 1 6 10 1 0 0
ST_DELIB 137 5 1 1 6 10 1 0 0
ST_DELIB 137 8 1 1 6 10 1 0 0
ST_DELIB 137 11 1 1 6 10 1 0 0
ST_DELIB 137 14 1 1 6 10 1 0 0
ST_DELIB 137 26 1 1 6 10 1 0 0
ST_DELIB 137 29 1 1 6 10 1 0 0
ST_DELIB 137 4 1 1 6 10 1 0 0
ST_DELIB 137 16 1 1 6 10 1 0 0
ST_DELIB 138 5 1 1 6 10 1 0 0
ST_DELIB 138 8 1 1 6 10 1 0 0
ST_DELIB 138 11 1 1 6 10 1 0 0
ST_DELIB 138 14 1 1 6 10 1 0 0
ST_DELIB 138 26 1 1 6 10 1 0 0
ST_DELIB 138 29 1 1 6 10 1 0 0
ST_DELIB 138 4 1 1 6 10 1 0 0
ST_DELIB 138 16 1 1 6 10 1 0 0
ST_DELIB 139 5 1 1 6 10 1 0 0
ST_DELIB 139 8 1 1 6 10 1 0 0
ST_DELIB 139 11 1 1 6 10 1 0 0
ST_DELIB 139 14 1 1 6 10 1 0 0
ST_DELIB 139 26 1 1 6 10 1 0 0
ST_DELIB 139 29 1 1 6 10 1 0 0
ST_DELIB 139 4 1 1 6 10 1 0 0
ST_DELIB 139 16 1 1 6 10 1 0 0
ST_DELIB 140 5 1 1 6 10 1 0 0
ST_DELIB 140 8 1 1 6 10 1 0 0
ST_DELIB 140 11 1 1 6 10 1 0 0
ST_DELIB 140 14 1 1 6 10 1 0 0
ST_DELIB 140 26 1 1 6 10 1 0 0
ST_DELIB 140 29 1 1 6 10 1 0 0
ST_DELIB 140 4 1 1 6 10 1 0 0
ST_DELIB 140 16 1 1 6 10 1 0 0
ST_DELIB 141 5 1 1 6 10 1 0 0
ST_DELIB 141 8 1 1 6 10 1 0 0
ST_DELIB 141 11 1 1 6 10 1 0 0
ST_DELIB 141 14 1 1 6 10 1 0 0
ST_DELIB 141 26 1 1 6 10 1 0 0
ST_DELIB 141 29 1 1 6 10 1 0 0
ST_DELIB 141 4 1 1 6 10 1 0 0
ST_DELIB 141 16 1 1 6 10 1 0 0
ST_DELIB 142 5 1 1 6 10 1 0 0
ST_DELIB 142 8 1 1 6 10 1 0 0
ST_DELIB 142 11 1 1 6 10 1 0 0
ST_DELIB 142 14 1 1 6 10 1 0 0
ST_DELIB 142 26 1 1 6 10 1 0 0
ST_DELIB 142 29 1 1 6 10 1 0 0
ST_DELIB 142 4 1 1 6 10 1 0 0
ST_DELIB 142 16 1 1 6 10 1 0 0
ST_DELIB 143 5 1 1 6 10 1 0 0
ST_DELIB 143 8 1 1 6 10 1 0 0
ST_DELIB 143 11 1 1 6 10 1 0 0
ST_DELIB 143 14 1 1 6 10 1 0 0
ST_DELIB 143 26 1 1 6 10 1 0 0
ST_DELIB 143 29 1 1 6 10 1 0 0
ST_DELIB 143 4 1 1 6 10 1 0 0
ST_DELIB 143 16 1 1 6 10 1 0 0
ST_DELIB 144 5 1 1 6 10 1 0 0
ST_DELIB 144 8 1 1 6 10 1 0 0
ST_DELIB 144 11 1 1 6 10 1 0 0
ST_DELIB 144 14 1 1 6 10 1 0 0
ST_DELIB 144 26 1 1 6 10 1 0 0
ST_DELIB 144 29 1 1 6 10 1 0 0
ST_DELIB 144 4 1 1 6 10 1 0 0
ST_DELIB 144 16 1 1 6 10 1 0 0
ST_DELIB 145 5 1 1 6 10 1 0 0
ST_DELIB 145 8 1 1 6 10 1 0 0
ST_DELIB 145 11 1 1 6 10 1 0 0
ST_DELIB 145 14 1 1 6 10 1 0 0
ST_DELIB 145 26 1 1 6 10 1 0 0
ST_DELIB 145 29 1 1 6 10 1 0 0
ST_DELIB 145 4 1 1 6 10 1 0 0
ST_DELIB 145 16 1 1 6 10 1 0 0
ST_DELIB 146 5 1 1 6 10 1 0 0
ST_DELIB 146 8 1 1 6 10 1 0 0
ST_DELIB 146 11 1 1 6 10 1 0 0
ST_DELIB 146 14 1 1 6 10 1 0 0
ST_DELIB 146 26 1 1 6 10 1 0 0
ST_DELIB 146 29 1 1 6 10 1 0 0
ST_DELIB 146 4 1 1 6 10 1 0 0
ST_DELIB 146 16 1 1 6 10 1 0 0
ST_DELIB 147 5 1 1 6 10 1 0 0
ST_DELIB 147 8 1 1 6 10 1 0 0
ST_DELIB 147 11 1 1 6 10 1 0 0
ST_DELIB 147 14 1 1 6 10 1 0 0
ST_DELIB 147 26 1 1 6 10 1 0 0
ST_DELIB 147 29 1 1 6 10 1 0 0
ST_DELIB 147 4 1 1 6 10 1 0 0
ST_DELIB 147 16 1 1 6 10 1 0 0
ST_DELIB 148 5 1 1 6 10 1 0 0
ST_DELIB 148 8 1 1 6 10 1 0 0
ST_DELIB 148 11 1 1 6 10 1 0 0
ST_DELIB 148 14 1 1 6 10 1 0 0
ST_DELIB 148 26 1 1 6 10 1 0 0
ST_DELIB 148 29 1 1 6 10 1 0 0
ST_DELIB 148 4 1 1 6 10 1 0 0
ST_DELIB 148 16 1 1 6 10 1 0 0
ST_DELIB 149 5 1 1 6 10 1 0 0
ST_DELIB 149 8 1 1 6 10 1 0 0
ST_DELIB 149 11 1 1 6 10 1 0 0
ST_DELIB 149 14 1 1 6 10 1 0 0
ST_DELIB 149 26 1 1 6 10 1 0 0
ST_DELIB 149 29 1 1 6 10 1 0 0
ST_DELIB 149 4 1 1 6 10 1 0 0
ST_DELIB 149 16 1 1 6 10 1 0 0
ST_TS 150 32 1011 3 0 1 0 0 10 45 0 119 952 2 1 25 1
ST_DELIB 150 5 1 1 6 10 1 0 0
ST_DELIB 150 8 1 1 6 10 1 0 0
ST_DELIB 150 11 1 1 6 10 1 0 0
ST_DELIB 150 14 1 1 6 10 1 0 0
ST_DELIB 150 26 1 1 6 10 1 0 0
ST_DELIB 150 29 1 1 6 10 1 0 0
ST_DELIB 150 4 1 1 6 10 1 0 0
ST_DELIB 150 16 1 1 6 10 1 0 0
ST_DELIB 151 5 1 1 6 10 1 0 0
ST_DELIB 151 8 1 1 6 10 1 0 0
ST_DELIB 151 11 1 1 6 10 1 0 0
ST_DELIB 151 14 1 1 6 10 1 0 0
ST_DELIB 151 26 1 1 6 10 1 0 0
ST_DELIB 151 29 1 1 6 10 1 0 0
ST_DELIB 151 4 1 1 6 10 1 0 0
ST_DELIB 151 16 1 1 6 10 1 0 0
ST_DELIB 152 5 1 1 6 10 1 0 0
ST_DELIB 152 8 1 1 6 10 1 0 0
ST_DELIB 152 11 1 1 6 10 1 0 0
ST_DELIB 152 14 1 1 6 10 1 0 0
ST_DELIB 152 26 1 1 6 10 1 0 0
ST_DELIB 152 29 1 1 6 10 1 0 0
ST_DELIB 152 4 1 1 6 10 1 0 0
ST_DELIB 152 16 1 1 6 10 1 0 0
ST_DELIB 153 5 1 1 6 10 1 0 0
ST_DELIB 153 8 1 1 6 10 1 0 0
ST_DELIB 153 11 1 1 6 10 1 0 0
ST_DELIB 153 14 1 1 6 10 1 0 0
ST_DELIB 153 26 1 1 6 10 1 0 0
ST_DELIB 153 29 1 1 6 10 1 0 0
ST_DELIB 153 4 1 1 6 10 1 0 0
ST_DELIB 153 16 1 1 6 10 1 0 0
ST_DELIB 154 5 1 1 6 10 1 0 0
ST_DELIB 154 8 1 1 6 10 1 0 0
ST_DELIB 154 11 1 1 6 10 1 0 0
ST_DELIB 154 14 1 1 6 10 1 0 0
ST_DELIB 154 26 1 1 6 10 1 0 0
ST_DELIB 154 29 1 1 6 10 1 0 0
ST_DELIB 154 4 1 1 6 10 1 0 0
ST_DELIB 154 16 1 1 6 10 1 0 0
ST_DELIB 155 5 1 1 6 10 1 0 0
ST_DELIB 155 8 1 1 6 10 1 0 0
ST_DELIB 155 11 1 1 6 10 1 0 0
ST_DELIB 155 14 1 1 6 10 1 0 0
ST_DELIB 155 26 1 1 6 10 1 0 0
ST_DELIB 155 29 1 1 6 10 1 0 0
ST_DELIB 155 4 1 1 6 10 1 0 0
ST_DELIB 155 16 1 1 6 10 1 0 0
ST_DELIB 156 5 1 1 6 10 1 0 0
ST_DELIB 156 8 1 1 6 10 1 0 0
ST_DELIB 156 11 1 1 6 10 1 0 0
ST_DELIB 156 14 1 1 6 10 1 0 0
ST_DELIB 156 26 1 1 6 10 1 0 0
ST_DELIB 156 29 1 1 6 10 1 0 0
ST_DELIB 156 4 1 1 6 10 1 0 0
ST_DELIB 156 16 1 1 6 10 1 0 0
ST_DELIB 157 5 1 1 6 10 1 0 0
ST_DELIB 157 8 1 1 6 10 1 0 0
ST_DELIB 157 11 1 1 6 10 1 0 0
ST_DELIB 157 14 1 1 6 10 1 0 0
ST_DELIB 157 26 1 1 6 10 1 0 0
ST_DELIB 157 29 1 1 6 10 1 0 0
ST_DELIB 157 4 1 1 6 10 1 0 0
ST_DELIB 157 16 1 1 6 10 1 0 0
ST_DELIB 158 5 1 1 6 10 1 0 0
ST_DELIB 158 8 1 1 6 10 1 0 0
ST_DELIB 158 11 1 1 6 10 1 0 0
ST_DELIB 158 14 1 1 6 10 1 0 0
ST_DELIB 158 26 1 1 6 10 1 0 0
ST_DELIB 158 29 1 1 6 10 1 0 0
ST_DELIB 158 4 1 1 6 10 1 0 0
ST_DELIB 158 16 1 1 6 10 1 0 0
ST_DELIB 159 5 1 1 6 10 1 0 0
ST_DELIB 159 8 1 1 6 10 1 0 0
ST_DELIB 159 11 1 1 6 10 1 0 0
ST_DELIB 159 14 1 1 6 10 1 0 0
ST_DELIB 159 26 1 1 6 10 1 0 0
ST_DELIB 159 29 1 1 6 10 1 0 0
ST_DELIB 159 4 1 1 6 10 1 0 0
ST_DELIB 159 16 1 1 6 10 1 0 0
ST_DELIB 160 5 1 1 6 10 1 0 0
ST_DELIB 160 8 1 1 6 10 1 0 0
ST_DELIB 160 11 1 1 6 10 1 0 0
ST_DELIB 160 14 1 1 6 10 1 0 0
ST_DELIB 160 26 1 1 6 10 1 0 0
ST_DELIB 160 29 1 1 6 10 1 0 0
ST_DELIB 160 4 1 1 6 10 1 0 0
ST_DELIB 160 16 1 1 6 10 1 0 0
ST_DELIB 161 5 1 1 6 10 1 0 0
ST_DELIB 161 8 1 1 6 10 1 0 0
ST_DELIB 161 11 1 1 6 10 1 0 0
ST_DELIB 161 14 1 1 6 10 1 0 0
ST_DELIB 161 26 1 1 6 10 1 0 0
ST_DELIB 161 29 1 1 6 10 1 0 0
ST_DELIB 161 4 1 1 6 10 1 0 0
ST_DELIB 161 16 1 1 6 10 1 0 0
ST_DELIB 162 5 1 1 6 10 1 0 0
ST_DELIB 162 8 1 1 6 10 1 0 0
ST_DELIB 162 11 1 1 6 10 1 0 0
ST_DELIB 162 14 1 1 6 10 1 0 0
ST_DELIB 162 26 1 1 6 10 1 0 0
ST_DELIB 162 29 1 1 6 10 1 0 0
ST_DELIB 162 4 1 1 6 10 1 0 0
ST_DELIB 162 16 1 1 6 10 1 0 0
ST_DELIB 163 5 1 1 6 10 1 0 0
ST_DELIB 163 8 1 1 6 10 1 0 0
ST_DELIB 163 11 1 1 6 10 1 0 0
ST_DELIB 163 14 1 1 6 10 1 0 0
ST_DELIB 163 26 1 1 6 10 1 0 0
ST_DELIB 163 29 1 1 6 10 1 0 0
ST_DELIB 163 4 1 1 6 10 1 0 0
ST_DELIB 163 16 1 1 6 10 1 0 0
ST_DELIB 164 5 1 1 6 10 1 0 0
ST_DELIB 164 8 1 1 6 10 1 0 0
ST_DELIB 164 11 1 1 6 10 1 0 0
ST_DELIB 164 14 1 1 6 10 1 0 0
ST_DELIB 164 26 1 1 6 10 1 0 0
ST_DELIB 164 29 1 1 6 10 1 0 0
ST_DELIB 164 4 1 1 6 10 1 0 0
ST_DELIB 164 16 1 1 6 10 1 0 0
ST_DELIB 165 5 1 1 6 10 1 0 0
ST_DELIB 165 8 1 1 6 10 1 0 0
ST_DELIB 165 11 1 1 6 10 1 0 0
ST_DELIB 165 14 1 1 6 10 1 0 0
ST_DELIB 165 26 1 1 6 10 1 0 0
ST_DELIB 165 29 1 1 6 10 1 0 0
ST_DELIB 165 4 1 1 6 10 1 0 0
ST_DELIB 165 16 1 1 6 10 1 0 0
ST_DELIB 166 5 1 1 6 10 1 0 0
ST_DELIB 166 8 1 1 6 10 1 0 0
ST_DELIB 166 11 1 1 6 10 1 0 0
ST_DELIB 166 14 1 1 6 10 1 0 0
ST_DELIB 166 26 1 1 6 10 1 0 0
ST_DELIB 166 29 1 1 6 10 1 0 0
ST_DELIB 166 4 1 1 6 10 1 0 0
ST_DELIB 166 16 1 1 6 10 1 0 0
ST_DELIB 167 5 1 1 6 10 1 0 0
ST_DELIB 167 8 1 1 6 10 1 0 0
ST_DELIB 167 11 1 1 6 10 1 0 0
ST_DELIB 167 14 1 1 6 10 1 0 0
ST_DELIB 167 26 1 1 6 10 1 0 0
ST_DELIB 167 29 1 1 6 10 1 0 0
ST_DELIB 167 4 1 1 6 10 1 0 0
ST_DELIB 167 16 1 1 6 10 1 0 0
ST_DELIB 168 5 1 1 6 10 1 0 0
ST_DELIB 168 8 1 1 6 10 1 0 0
ST_DELIB 168 11 1 1 6 10 1 0 0
ST_DELIB 168 14 1 1 6 10 1 0 0
ST_DELIB 168 26 1 1 6 10 1 0 0
ST_DELIB 168 29 1 1 6 10 1 0 0
ST_DELIB 168 4 1 1 6 10 1 0 0
ST_DELIB 168 16 1 1 6 10 1 0 0
ST_DELIB 169 5 1 1 6 10 1 0 0
ST_DELIB 169 8 1 1 6 10 1 0 0
ST_DELIB 169 11 1 1 6 10 1 0 0
ST_DELIB 169 14 1 1 6 10 1 0 0
ST_DELIB 169 26 1 1 6 10 1 0 0
ST_DELIB 169 29 1 1 6 10 1 0 0
ST_DELIB 169 4 1 1 6 10 1 0 0
ST_DELIB 169 16 1 1 6 10 1 0 0
ST_DELIB 170 5 1 1 6 10 1 0 0
ST_DELIB 170 8 1 1 6 10 1 0 0
ST_DELIB 170 11 1 1 6 10 1 0 0
ST_DELIB 170 14 1 1 6 10 1 0 0
ST_DELIB 170 26 1 1 6 10 1 0 0
ST_DELIB 170 29 1 1 6 10 1 0 0
ST_DELIB 170 4 1 1 6 10 1 0 0
ST_DELIB 170 16 1 1 6 10 1 0 0
ST_DELIB 171 5 1 1 6 10 1 0 0
ST_DELIB 171 8 1 1 6 10 1 0 0
ST_DELIB 171 11 1 1 6 10 1 0 0
ST_DELIB 171 14 1 1 6 10 1 0 0
ST_DELIB 171 26 1 1 6 10 1 0 0
ST_DELIB 171 29 1 1 6 10 1 0 0
ST_DELIB 171 4 1 1 6 10 1 0 0
ST_DELIB 171 16 1 1 6 10 1 0 0
ST_DELIB 172 5 1 1 6 10 1 0 0
ST_DELIB 172 8 1 1 6 10 1 0 0
ST_DELIB 172 11 1 1 6 10 1 0 0
ST_DELIB 172 14 1 1 6 10 1 0 0
ST_DELIB 172 26 1 1 6 10 1 0 0
ST_DELIB 172 29 1 1 6 10 1 0 0
ST_DELIB 172 4 1 1 6 10 1 0 0
ST_DELIB 172 16 1 1 6 10 1 0 0
ST_DELIB 173 5 1 1 6 10 1 0 0
ST_DELIB 173 8 1 1 6 10 1 0 0
ST_DELIB 173 11 1 1 6 10 1 0 0
ST_DELIB 173 14 1 1 6 10 1 0 0
ST_DELIB 173 26 1 1 6 10 1 0 0
ST_DELIB 173 29 1 1 6 10 1 0 0
ST_DELIB 173 4 1 1 6 10 1 0 0
ST_DELIB 173 16 1 1 6 10 1 0 0
ST_DELIB 174 5 1 1 6 10 1 0 0
ST_DELIB 174 8 1 1 6 10 1 0 0
ST_DELIB 174 11 1 1 6 10 1 0 0
ST_DELIB 174 14 1 1 6 10 1 0 0
ST_DELIB 174 26 1 1 6 10 1 0 0
ST_DELIB 174 29 1 1 6 10 1 0 0
ST_DELIB 174 4 1 1 6 10 1 0 0
ST_DELIB 174 16 1 1 6 10 1 0 0
ST_TS 175 32 1211 3 0 1 0 0 10 52 0 144 1152 3 1 25 1
ST_DELIB 175 5 1 1 6 10 1 0 0
ST_DELIB 175 8 1 1 6 10 1 0 0
ST_DELIB 175 11 1 1 6 10 1 0 0
ST_DELIB 175 14 1 1 6 10 1 0 0
ST_DELIB 175 26 1 1 6 10 1 0 0
ST_DELIB 175 29 1 1 6 10 1 0 0
ST_DELIB 175 4 1 1 6 10 1 0 0
ST_DELIB 175 16 1 1 6 10 1 0 0
ST_DELIB 176 5 1 1 6 10 1 0 0
ST_DELIB 176 8 1 1 6 10 1 0 0
ST_DELIB 176 11 1 1 6 10 1 0 0
ST_DELIB 176 14 1 1 6 10 1 0 0
ST_DELIB 176 26 1 1 6 10 1 0 0
ST_DELIB 176 29 1 1 6 10 1 0 0
ST_DELIB 176 4 1 1 6 10 1 0 0
ST_DELIB 176 16 1 1 6 10 1 0 0
ST_DELIB 177 5 1 1 6 10 1 0 0
ST_DELIB 177 8 1 1 6 10 1 0 0
ST_DELIB 177 11 1 1 6 10 1 0 0
ST_DELIB 177 14 1 1 6 10 1 0 0
ST_DELIB 177 26 1 1 6 10 1 0 0
ST_DELIB 177 29 1 1 6 10 1 0 0
ST_DELIB 177 4 1 1 6 10 1 0 0
ST_DELIB 177 16 1 1 6 10 1 0 0
ST_DELIB 178 5 1 1 6 10 1 0 0
ST_DELIB 178 8 1 1 6 10 1 0 0
ST_DELIB 178 11 1 1 6 10 1 0 0
ST_DELIB 178 14 1 1 6 10 1 0 0
ST_DELIB 178 26 1 1 6 10 1 0 0
ST_DELIB 178 29 1 1 6 10 1 0 0
ST_DELIB 178 4 1 1 6 10 1 0 0
ST_DELIB 178 16 1 1 6 10 1 0 0
ST_DELIB 179 5 1 1 6 10 1 0 0
ST_DELIB 179 8 1 1 6 10 1 0 0
ST_DELIB 179 11 1 1 6 10 1 0 0
ST_DELIB 179 14 1 1 6 10 1 0 0
ST_DELIB 179 26 1 1 6 10 1 0 0
ST_DELIB 179 29 1 1 6 10 1 0 0
ST_DELIB 179 4 1 1 6 10 1 0 0
ST_DELIB 179 16 1 1 6 10 1 0 0
ST_DELIB 180 5 1 1 6 10 1 0 0
ST_DELIB 180 8 1 1 6 10 1 0 0
ST_DELIB 180 11 1 1 6 10 1 0 0
ST_DELIB 180 14 1 1 6 10 1 0 0
ST_DELIB 180 26 1 1 6 10 1 0 0
ST_DELIB 180 29 1 1 6 10 1 0 0
ST_DELIB 180 4 1 1 6 10 1 0 0
ST_DELIB 180 16 1 1 6 10 1 0 0
ST_DELIB 181 5 1 1 6 10 1 0 0
ST_DELIB 181 8 1 1 6 10 1 0 0
ST_DELIB 181 11 1 1 6 10 1 0 0
ST_DELIB 181 14 1 1 6 10 1 0 0
ST_DELIB 181 26 1 1 6 10 1 0 0
ST_DELIB 181 29 1 1 6 10 1 0 0
ST_DELIB 181 4 1 1 6 10 1 0 0
ST_DELIB 181 16 1 1 6 10 1 0 0
ST_DELIB 182 5 1 1 6 10 1 0 0
ST_DELIB 182 8 1 1 6 10 1 0 0
ST_DELIB 182 11 1 1 6 10 1 0 0
ST_DELIB 182 14 1 1 6 10 1 0 0
ST_DELIB 182 26 1 1 6 10 1 0 0
ST_DELIB 182 29 1 1 6 10 1 0 0
ST_DELIB 182 4 1 1 6 10 1 0 0
ST_DELIB 182 16 1 1 6 10 1 0 0
ST_DELIB 183 5 1 1 6 10 1 0 0
ST_DELIB 183 8 1 1 6 10 1 0 0
ST_DELIB 183 11 1 1 6 10 1 0 0
ST_DELIB 183 14 1 1 6 10 1 0 0
ST_DELIB 183 26 1 1 6 10 1 0 0
ST_DELIB 183 29 1 1 6 10 1 0 0
ST_DELIB 183 4 1 1 6 10 1 0 0
ST_DELIB 183 16 1 1 6 10 1 0 0
ST_DELIB 184 5 1 1 6 10 1 0 0
ST_DELIB 184 8 1 1 6 10 1 0 0
ST_DELIB 184 11 1 1 6 10 1 0 0
ST_DELIB 184 14 1 1 6 10 1 0 0
ST_DELIB 184 26 1 1 6 10 1 0 0
ST_DELIB 184 29 1 1 6 10 1 0 0
ST_DELIB 184 4 1 1 6 10 1 0 0
ST_DELIB 184 16 1 1 6 10 1 0 0
ST_DELIB 185 5 1 1 6 10 1 0 0
ST_DELIB 185 8 1 1 6 10 1 0 0
ST_DELIB 185 11 1 1 6 10 1 0 0
ST_DELIB 185 14 1 1 6 10 1 0 0
ST_DELIB 185 26 1 1 6 10 1 0 0
ST_DELIB 185 29 1 1 6 10 1 0 0
ST_DELIB 185 4 1 1 6 10 1 0 0
ST_DELIB 185 16 1 1 6 10 1 0 0
ST_DELIB 186 5 1 1 6 10 1 0 0
ST_DELIB 186 8 1 1 6 10 1 0 0
ST_DELIB 186 11 1 1 6 10 1 0 0
ST_DELIB 186 14 1 1 6 10 1 0 0
ST_DELIB 186 26 1 1 6 10 1 0 0
ST_DELIB 186 29 1 1 6 10 1 0 0
ST_DELIB 186 4 1 1 6 10 1 0 0
ST_DELIB 186 16 1 1 6 10 1 0 0
ST_DELIB 187 5 1 1 6 10 1 0 0
ST_DELIB 187 8 1 1 6 10 1 0 0
ST_DELIB 187 11 1 1 6 10 1 0 0
ST_DELIB 187 14 1 1 6 10 1 0 0
ST_DELIB 187 26 1 1 6 10 1 0 0
ST_DELIB 187 29 1 1 6 10 1 0 0
ST_DELIB 187 4 1 1 6 10 1 0 0
ST_DELIB 187 16 1 1 6 10 1 0 0
ST_DELIB 188 5 1 1 6 10 1 0 0
ST_DELIB 188 8 1 1 6 10 1 0 0
ST_DELIB 188 11 1 1 6 10 1 0 0
ST_DELIB 188 14 1 1 6 10 1 0 0
ST_DELIB 188 26 1 1 6 10 1 0 0
ST_DELIB 188 29 1 1 6 10 1 0 0
ST_DELIB 188 4 1 1 6 10 1 0 0
ST_DELIB 188 16 1 1 6 10 1 0 0
ST_DELIB 189 5 1 1 6 10 1 0 0
ST_DELIB 189 8 1 1 6 10 1 0 0
ST_DELIB 189 11 1 1 6 10 1 0 0
ST_DELIB 189 14 1 1 6 10 1 0 0
ST_DELIB 189 26 1 1 6 10 1 0 0
ST_DELIB 189 29 1 1 6 10 1 0 0
ST_DELIB 189 4 1 1 6 10 1 0 0
ST_DELIB 189 16 1 1 6 10 1 0 0
ST_DELIB 190 5 1 1 6 10 1 0 0
ST_DELIB 190 8 1 1 6 10 1 0 0
ST_DELIB 190 11 1 1 6 10 1 0 0
ST_DELIB 190 14 1 1 6 10 1 0 0
ST_DELIB 190 26 1 1 6 10 1 0 0
ST_DELIB 190 29 1 1 6 10 1 0 0
ST_DELIB 190 4 1 1 6 10 1 0 0
ST_DELIB 190 16 1 1 6 10 1 0 0
ST_DELIB 191 5 1 1 6 10 1 0 0
ST_DELIB 191 8 1 1 6 10 1 0 0
ST_DELIB 191 11 1 1 6 10 1 0 0
ST_DELIB 191 14 1 1 6 10 1 0 0
ST_DELIB 191 26 1 1 6 10 1 0 0
ST_DELIB 191 29 1 1 6 10 1 0 0
ST_DELIB 191 4 1 1 6 10 1 0 0
ST_DELIB 191 16 1 1 6 10 1 0 0
ST_DELIB 192 5 1 1 6 10 1 0 0
ST_DELIB 192 8 1 1 6 10 1 0 0
ST_DELIB 192 11 1 1 6 10 1 0 0
ST_DELIB 192 14 1 1 6 10 1 0 0
ST_DELIB 192 26 1 1 6 10 1 0 0
ST_DELIB 192 29 1 1 6 10 1 0 0
ST_DELIB 192 4 1 1 6 10 1 0 0
ST_DELIB 192 16 1 1 6 10 1 0 0
ST_DELIB 193 5 1 1 6 10 1 0 0
ST_DELIB 193 8 1 1 6 10 1 0 0
ST_DELIB 193 11 1 1 6 10 1 0 0
ST_DELIB 193 14 1 1 6 10 1 0 0
ST_DELIB 193 26 1 1 6 10 1 0 0
ST_DELIB 193 29 1 1 6 10 1 0 0
ST_DELIB 193 4 1 1 6 10 1 0 0
ST_DELIB 193 16 1 1 6 10 1 0 0
ST_DELIB 194 5 1 1 6 10 1 0 0
ST_DELIB 194 8 1 1 6 10 1 0 0
ST_DELIB 194 11 1 1 6 10 1 0 0
ST_DELIB 194 14 1 1 6 10 1 0 0
ST_DELIB 194 26 1 1 6 10 1 0 0
ST_DELIB 194 29 1 1 6 10 1 0 0
ST_DELIB 194 4 1 1 6 10 1 0 0
ST_DELIB 194 16 1 1 6 10 1 0 0
ST_DELIB 195 5 1 1 6 10 1 0 0
ST_DELIB 195 8 1 1 6 10 1 0 0
ST_DELIB 195 11 1 1 6 10 1 0 0
ST_DELIB 195 14 1 1 6 10 1 0 0
ST_DELIB 195 26 1 1 6 10 1 0 0
ST_DELIB 195 29 1 1 6 10 1 0 0
ST_DELIB 195 4 1 1 6 10 1 0 0
ST_DELIB 195 16 1 1 6 10 1 0 0
ST_DELIB 196 5 1 1 6 10 1 0 0
ST_DELIB 196 8 1 1 6 10 1 0 0
ST_DELIB 196 11 1 1 6 10 1 0 0
ST_DELIB 196 14 1 1 6 10 1 0 0
ST_DELIB 196 26 1 1 6 10 1 0 0
ST_DELIB 196 29 1 1 6 10 1 0 0
ST_DELIB 196 4 1 1 6 10 1 0 0
ST_DELIB 196 16 1 1 6 10 1 0 0
ST_DELIB 197 5 1 1 6 10 1 0 0
ST_DELIB 197 8 1 1 6 10 1 0 0
ST_DELIB 197 11 1 1 6 10 1 0 0
ST_DELIB 197 14 1 1 6 10 1 0 0
ST_DELIB 197 26 1 1 6 10 1 0 0
ST_DELIB 197 29 1 1 6 10 1 0 0
ST_DELIB 197 4 1 1 6 10 1 0 0
ST_DELIB 197 16 1 1 6 10 1 0 0
ST_DELIB 198 5 1 1 6 10 1 0 0
ST_DELIB 198 8 1 1 6 10 1 0 0
ST_DELIB 198 11 1 1 6 10 1 0 0
ST_DELIB 198 14 1 1 6 10 1 0 0
ST_DELIB 198 26 1 1 6 10 1 0 0
ST_DELIB 198 29 1 1 6 10 1 0 0
ST_DELIB 198 4 1 1 6 10 1 0 0
ST_DELIB 198 16 1 1 6 10 1 0 0
ST_DELIB 199 5 1 1 6 10 1 0 0
ST_DELIB 199 8 1 1 6 10 1 0 0
ST_DELIB 199 11 1 1 6 10 1 0 0
ST_DELIB 199 14 1 1 6 10 1 0 0
ST_DELIB 199 26 1 1 6 10 1 0 0
ST_DELIB 199 29 1 1 6 10 1 0 0
ST_DELIB 199 4 1 1 6 10 1 0 0
ST_DELIB 199 16 1 1 6 10 1 0 0
ST_TS 200 32 1411 3 0 1 0 0 10 60 0 169 1352 3 1 25 1
ST_DELIB 200 5 1 1 6 10 1 0 0
ST_DELIB 200 8 1 1 6 10 1 0 0
ST_DELIB 200 11 1 1 6 10 1 0 0
ST_DELIB 200 14 1 1 6 10 1 0 0
ST_DELIB 200 26 1 1 6 10 1 0 0
ST_DELIB 200 29 1 1 6 10 1 0 0
ST_DELIB 200 4 1 1 6 10 1 0 0
ST_DELIB 200 16 1 1 6 10 1 0 0
ST_DELIB 201 5 1 1 6 10 1 0 0
ST_DELIB 201 8 1 1 6 10 1 0 0
ST_DELIB 201 11 1 1 6 10 1 0 0
ST_DELIB 201 14 1 1 6 10 1 0 0
ST_DELIB 201 26 1 1 6 10 1 0 0
ST_DELIB 201 29 1 1 6 10 1 0 0
ST_DELIB 201 4 1 1 6 10 1 0 0
ST_DELIB 201 16 1 1 6 10 1 0 0
ST_DELIB 202 5 1 1 6 10 1 0 0
ST_DELIB 202 8 1 1 6 10 1 0 0
ST_DELIB 202 11 1 1 6 10 1 0 0
ST_DELIB 202 14 1 1 6 10 1 0 0
ST_DELIB 202 26 1 1 6 10 1 0 0
ST_DELIB 202 29 1 1 6 10 1 0 0
ST_DELIB 202 4 1 1 6 10 1 0 0
ST_DELIB 202 16 1 1 6 10 1 0 0
ST_DELIB 203 5 1 1 6 10 1 0 0
ST_DELIB 203 8 1 1 6 10 1 0 0
ST_DELIB 203 11 1 1 6 10 1 0 0
ST_DELIB 203 14 1 1 6 10 1 0 0
ST_DELIB 203 26 1 1 6 10 1 0 0
ST_DELIB 203 29 1 1 6 10 1 0 0
ST_DELIB 203 4 1 1 6 10 1 0 0
ST_DELIB 203 16 1 1 6 10 1 0 0
ST_DELIB 204 5 1 1 6 10 1 0 0
ST_DELIB 204 8 1 1 6 10 1 0 0
ST_DELIB 204 11 1 1 6 10 1 0 0
ST_DELIB 204 14 1 1 6 10 1 0 0
ST_DELIB 204 26 1 1 6 10 1 0 0
ST_DELIB 204 29 1 1 6 10 1 0 0
ST_DELIB 204 4 1 1 6 10 1 0 0
ST_DELIB 204 16 1 1 6 10 1 0 0
ST_DELIB 205 5 1 1 6 10 1 0 0
ST_DELIB 205 8 1 1 6 10 1 0 0
ST_DELIB 205 11 1 1 6 10 1 0 0
ST_DELIB 205 14 1 1 6 10 1 0 0
ST_DELIB 205 26 1 1 6 10 1 0 0
ST_DELIB 205 29 1 1 6 10 1 0 0
ST_DELIB 205 4 1 1 6 10 1 0 0
ST_DELIB 205 16 1 1 6 10 1 0 0
ST_DELIB 206 5 1 1 6 10 1 0 0
ST_DELIB 206 8 1 1 6 10 1 0 0
ST_DELIB 206 11 1 1 6 10 1 0 0
ST_DELIB 206 14 1 1 6 10 1 0 0
ST_DELIB 206 26 1 1 6 10 1 0 0
ST_DELIB 206 29 1 1 6 10 1 0 0
ST_DELIB 206 4 1 1 6 10 1 0 0
ST_DELIB 206 16 1 1 6 10 1 0 0
ST_DELIB 207 5 1 1 6 10 1 0 0
ST_DELIB 207 8 1 1 6 10 1 0 0
ST_DELIB 207 11 1 1 6 10 1 0 0
ST_DELIB 207 14 1 1 6 10 1 0 0
ST_DELIB 207 26 1 1 6 10 1 0 0
ST_DELIB 207 29 1 1 6 10 1 0 0
ST_DELIB 207 4 1 1 6 10 1 0 0
ST_DELIB 207 16 1 1 6 10 1 0 0
ST_DELIB 208 5 1 1 6 10 1 0 0
ST_DELIB 208 8 1 1 6 10 1 0 0
ST_DELIB 208 11 1 1 6 10 1 0 0
ST_DELIB 208 14 1 1 6 10 1 0 0
ST_DELIB 208 26 1 1 6 10 1 0 0
ST_DELIB 208 29 1 1 6 10 1 0 0
ST_DELIB 208 4 1 1 6 10 1 0 0
ST_DELIB 208 16 1 1 6 10 1 0 0
ST_DELIB 209 5 1 1 6 10 1 0 0
ST_DELIB 209 8 1 1 6 10 1 0 0
ST_DELIB 209 11 1 1 6 10 1 0 0
ST_DELIB 209 14 1 1 6 10 1 0 0
ST_DELIB 209 26 1 1 6 10 1 0 0
ST_DELIB 209 29 1 1 6 10 1 0 0
ST_DELIB 209 4 1 1 6 10 1 0 0
ST_DELIB 209 16 1 1 6 10 1 0 0
ST_DELIB 210 5 1 1 6 10 1 0 0
ST_DELIB 210 8 1 1 6 10 1 0 0
ST_DELIB 210 11 1 1 6 10 1 0 0
ST_DELIB 210 14 1 1 6 10 1 0 0
ST_DELIB 210 26 1 1 6 10 1 0 0
ST_DELIB 210 29 1 1 6 10 1 0 0
ST_DELIB 210 4 1 1 6 10 1 0 0
ST_DELIB 210 16 1 1 6 10 1 0 0
ST_DELIB 211 5 1 1 6 10 1 0 0
ST_DELIB 211 8 1 1 6 10 1 0 0
ST_DELIB 211 11 1 1 6 10 1 0 0
ST_DELIB 211 14 1 1 6 10 1 0 0
ST_DELIB 211 26 1 1 6 10 1 0 0
ST_DELIB 211 29 1 1 6 10 1 0 0
ST_DELIB 211 4 1 1 6 10 1 0 0
ST_DELIB 211 16 1 1 6 10 1 0 0
ST_DELIB 212 5 1 1 6 10 1 0 0
ST_DELIB 212 8 1 1 6 10 1 0 0
ST_DELIB 212 11 1 1 6 10 1 0 0
ST_DELIB 212 14 1 1 6 10 1 0 0
ST_DELIB 212 26 1 1 6 10 1 0 0
ST_DELIB 212 29 1 1 6 10 1 0 0
ST_DELIB 212 4 1 1 6 10 1 0 0
ST_DELIB 212 16 1 1 6 10 1 0 0
ST_DELIB 213 5 1 1 6 10 1 0 0
ST_DELIB 213 8 1 1 6 10 1 0 0
ST_DELIB 213 11 1 1 6 10 1 0 0
ST_DELIB 213 14 1 1 6 10 1 0 0
ST_DELIB 213 26 1 1 6 10 1 0 0
ST_DELIB 213 29 1 1 6 10 1 0 0
ST_DELIB 213 4 1 1 6 10 1 0 0
ST_DELIB 213 16 1 1 6 10 1 0 0
ST_DELIB 214 5 1 1 6 10 1 0 0
ST_DELIB 214 8 1 1 6 10 1 0 0
ST_DELIB 214 11 1 1 6 10 1 0 0
ST_DELIB 214 14 1 1 6 10 1 0 0
ST_DELIB 214 26 1 1 6 10 1 0 0
ST_DELIB 214 29 1 1 6 10 1 0 0
ST_DELIB 214 4 1 1 6 10 1 0 0
ST_DELIB 214 16 1 1 6 10 1 0 0
ST_DELIB 215 5 1 1 6 10 1 0 0
ST_DELIB 215 8 1 1 6 10 1 0 0
ST_DELIB 215 11 1 1 6 10 1 0 0
ST_DELIB 215 14 1 1 6 10 1 0 0
ST_DELIB 215 26 1 1 6 10 1 0 0
ST_DELIB 215 29 1 1 6 10 1 0 0
ST_DELIB 215 4 1 1 6 10 1 0 0
ST_DELIB 215 16 1 1 6 10 1 0 0
ST_DELIB 216 5 1 1 6 10 1 0 0
ST_DELIB 216 8 1 1 6 10 1 0 0
ST_DELIB 216 11 1 1 6 10 1 0 0
ST_DELIB 216 14 1 1 6 10 1 0 0
ST_DELIB 216 26 1 1 6 10 1 0 0
ST_DELIB 216 29 1 1 6 10 1 0 0
ST_DELIB 216 4 1 1 6 10 1 0 0
ST_DELIB 216 16 1 1 6 10 1 0 0
ST_DELIB 217 5 1 1 6 10 1 0 0
ST_DELIB 217 8 1 1 6 10 1 0 0
ST_DELIB 217 11 1 1 6 10 1 0 0
ST_DELIB 217 14 1 1 6 10 1 0 0
ST_DELIB 217 26 1 1 6 10 1 0 0
ST_DELIB 217 29 1 1 6 10 1 0 0
ST_DELIB 217 4 1 1 6 10 1 0 0
ST_DELIB 217 16 1 1 6 10 1 0 0
ST_DELIB 218 5 1 1 6 10 1 0 0
ST_DELIB 218 8 1 1 6 10 1 0 0
ST_DELIB 218 11 1 1 6 10 1 0 0
ST_DELIB 218 14 1 1 6 10 1 0 0
ST_DELIB 218 26 1 1 6 10 1 0 0
ST_DELIB 218 29 1 1 6 10 1 0 0
ST_DELIB 218 4 1 1 6 10 1 0 0
ST_DELIB 218 16 1 1 6 10 1 0 0
ST_DELIB 219 5 1 1 6 10 1 0 0
ST_DELIB 219 8 1 1 6 10 1 0 0
ST_DELIB 219 11 1 1 6 10 1 0 0
ST_DELIB 219 14 1 1 6 10 1 0 0
ST_DELIB 219 26 1 1 6 10 1 0 0
ST_DELIB 219 29 1 1 6 10 1 0 0
ST_DELIB 219 4 1 1 6 10 1 0 0
ST_DELIB 219 16 1 1 6 10 1 0 0
ST_DELIB 220 5 1 1 6 10 1 0 0
ST_DELIB 220 8 1 1 6 10 1 0 0
ST_DELIB 220 11 1 1 6 10 1 0 0
ST_DELIB 220 14 1 1 6 10 1 0 0
ST_DELIB 220 26 1 1 6 10 1 0 0
ST_DELIB 220 29 1 1 6 10 1 0 0
ST_DELIB 220 4 1 1 6 10 1 0 0
ST_DELIB 220 16 1 1 6 10 1 0 0
ST_DELIB 221 5 1 1 6 10 1 0 0
ST_DELIB 221 8 1 1 6 10 1 0 0
ST_DELIB 221 11 1 1 6 10 1 0 0
ST_DELIB 221 14 1 1 6 10 1 0 0
ST_DELIB 221 26 1 1 6 10 1 0 0
ST_DELIB 221 29 1 1 6 10 1 0 0
ST_DELIB 221 4 1 1 6 10 1 0 0
ST_DELIB 221 16 1 1 6 10 1 0 0
ST_DELIB 222 5 1 1 6 10 1 0 0
ST_DELIB 222 8 1 1 6 10 1 0 0
ST_DELIB 222 11 1 1 6 10 1 0 0
ST_DELIB 222 14 1 1 6 10 1 0 0
ST_DELIB 222 26 1 1 6 10 1 0 0
ST_DELIB 222 29 1 1 6 10 1 0 0
ST_DELIB 222 4 1 1 6 10 1 0 0
ST_DELIB 222 16 1 1 6 10 1 0 0
ST_DELIB 223 5 1 1 6 10 1 0 0
ST_DELIB 223 8 1 1 6 10 1 0 0
ST_DELIB 223 11 1 1 6 10 1 0 0
ST_DELIB 223 14 1 1 6 10 1 0 0
ST_DELIB 223 26 1 1 6 10 1 0 0
ST_DELIB 223 29 1 1 6 10 1 0 0
ST_DELIB 223 4 1 1 6 10 1 0 0
ST_DELIB 223 16 1 1 6 10 1 0 0
ST_DELIB 224 5 1 1 6 10 1 0 0
ST_DELIB 224 8 1 1 6 10 1 0 0
ST_DELIB 224 11 1 1 6 10 1 0 0
ST_DELIB 224 14 1 1 6 10 1 0 0
ST_DELIB 224 26 1 1 6 10 1 0 0
ST_DELIB 224 29 1 1 6 10 1 0 0
ST_DELIB 224 4 1 1 6 10 1 0 0
ST_DELIB 224 16 1 1 6 10 1 0 0
ST_TS 225 32 1611 3 0 1 0 0 10 67 0 194 1552 3 1 25 1
ST_DELIB 225 5 1 1 6 10 1 0 0
ST_DELIB 225 8 1 1 6 10 1 0 0
ST_DELIB 225 11 1 1 6 10 1 0 0
ST_DELIB 225 14 1 1 6 10 1 0 0
ST_DELIB 225 26 1 1 6 10 1 0 0
ST_DELIB 225 29 1 1 6 10 1 0 0
ST_DELIB 225 4 1 1 6 10 1 0 0
ST_DELIB 225 16 1 1 6 10 1 0 0
ST_DELIB 226 5 1 1 6 10 1 0 0
ST_DELIB 226 8 1 1 6 10 1 0 0
ST_DELIB 226 11 1 1 6 10 1 0 0
ST_DELIB 226 14 1 1 6 10 1 0 0
ST_DELIB 226 26 1 1 6 10 1 0 0
ST_DELIB 226 29 1 1 6 10 1 0 0
ST_DELIB 226 4 1 1 6 10 1 0 0
ST_DELIB 226 16 1 1 6 10 1 0 0
ST_DELIB 227 5 1 1 6 10 1 0 0
ST_DELIB 227 8 1 1 6 10 1 0 0
ST_DELIB 227 11 1 1 6 10 1 0 0
ST_DELIB 227 14 1 1 6 10 1 0 0
ST_DELIB 227 26 1 1 6 10 1 0 0
ST_DELIB 227 29 1 1 6 10 1 0 0
ST_DELIB 227 4 1 1 6 10 1 0 0
ST_DELIB 227 16 1 1 6 10 1 0 0
ST_DELIB 228 5 1 1 6 10 1 0 0
ST_DELIB 228 8 1 1 6 10 1 0 0
ST_DELIB 228 11 1 1 6 10 1 0 0
ST_DELIB 228 14 1 1 6 10 1 0 0
ST_DELIB 228 26 1 1 6 10 1 0 0
ST_DELIB 228 29 1 1 6 10 1 0 0
ST_DELIB 228 4 1 1 6 10 1 0 0
ST_DELIB 228 16 1 1 6 10 1 0 0
ST_DELIB 229 5 1 1 6 10 1 0 0
ST_DELIB 229 8 1 1 6 10 1 0 0
ST_DELIB 229 11 1 1 6 10 1 0 0
ST_DELIB 229 14 1 1 6 10 1 0 0
ST_DELIB 229 26 1 1 6 10 1 0 0
ST_DELIB 229 29 1 1 6 10 1 0 0
ST_DELIB 229 4 1 1 6 10 1 0 0
ST_DELIB 229 16 1 1 6 10 1 0 0
ST_DELIB 230 5 1 1 6 10 1 0 0
ST_DELIB 230 8 1 1 6 10 1 0 0
ST_DELIB 230 11 1 1 6 10 1 0 0
ST_DELIB 230 14 1 1 6 10 1 0 0
ST_DELIB 230 26 1 1 6 10 1 0 0
ST_DELIB 230 29 1 1 6 10 1 0 0
ST_DELIB 230 4 1 1 6 10 1 0 0
ST_DELIB 230 16 1 1 6 10 1 0 0
ST_DELIB 231 5 1 1 6 10 1 0 0
ST_DELIB 231 8 1 1 6 10 1 0 0
ST_DELIB 231 11 1 1 6 10 1 0 0
ST_DELIB 231 14 1 1 6 10 1 0 0
ST_DELIB 231 26 1 1 6 10 1 0 0
ST_DELIB 231 29 1 1 6 10 1 0 0
ST_DELIB 231 4 1 1 6 10 1 0 0
ST_DELIB 231 16 1 1 6 10 1 0 0
ST_DELIB 232 5 1 1 6 10 1 0 0
ST_DELIB 232 8 1 1 6 10 1 0 0
ST_DELIB 232 11 1 1 6 10 1 0 0
ST_DELIB 232 14 1 1 6 10 1 0 0
ST_DELIB 232 26 1 1 6 10 1 0 0
ST_DELIB 232 29 1 1 6 10 1 0 0
ST_DELIB 232 4 1 1 6 10 1 0 0
ST_DELIB 232 16 1 1 6 10 1 0 0
ST_DELIB 233 5 1 1 6 10 1 0 0
ST_DELIB 233 8 1 1 6 10 1 0 0
ST_DELIB 233 11 1 1 6 10 1 0 0
ST_DELIB 233 14 1 1 6 10 1 0 0
ST_DELIB 233 26 1 1 6 10 1 0 0
ST_DELIB 233 29 1 1 6 10 1 0 0
ST_DELIB 233 4 1 1 6 10 1 0 0
ST_DELIB 233 16 1 1 6 10 1 0 0
ST_DELIB 234 5 1 1 6 10 1 0 0
ST_DELIB 234 8 1 1 6 10 1 0 0
ST_DELIB 234 11 1 1 6 10 1 0 0
ST_DELIB 234 14 1 1 6 10 1 0 0
ST_DELIB 234 26 1 1 6 10 1 0 0
ST_DELIB 234 29 1 1 6 10 1 0 0
ST_DELIB 234 4 1 1 6 10 1 0 0
ST_DELIB 234 16 1 1 6 10 1 0 0
ST_DELIB 235 5 1 1 6 10 1 0 0
ST_DELIB 235 8 1 1 6 10 1 0 0
ST_DELIB 235 11 1 1 6 10 1 0 0
ST_DELIB 235 14 1 1 6 10 1 0 0
ST_DELIB 235 26 1 1 6 10 1 0 0
ST_DELIB 235 29 1 1 6 10 1 0 0
ST_DELIB 235 4 1 1 6 10 1 0 0
ST_DELIB 235 16 1 1 6 10 1 0 0
ST_DELIB 236 5 1 1 6 10 1 0 0
ST_DELIB 236 8 1 1 6 10 1 0 0
ST_DELIB 236 11 1 1 6 10 1 0 0
ST_DELIB 236 14 1 1 6 10 1 0 0
ST_DELIB 236 26 1 1 6 10 1 0 0
ST_DELIB 236 29 1 1 6 10 1 0 0
ST_DELIB 236 4 1 1 6 10 1 0 0
ST_DELIB 236 16 1 1 6 10 1 0 0
ST_DELIB 237 5 1 1 6 10 1 0 0
ST_DELIB 237 8 1 1 6 10 1 0 0
ST_DELIB 237 11 1 1 6 10 1 0 0
ST_DELIB 237 14 1 1 6 10 1 0 0
ST_DELIB 237 26 1 1 6 10 1 0 0
ST_DELIB 237 29 1 1 6 10 1 0 0
ST_DELIB 237 4 1 1 6 10 1 0 0
ST_DELIB 237 16 1 1 6 10 1 0 0
ST_DELIB 238 5 1 1 6 10 1 0 0
ST_DELIB 238 8 1 1 6 10 1 0 0
ST_DELIB 238 11 1 1 6 10 1 0 0
ST_DELIB 238 14 1 1 6 10 1 0 0
ST_DELIB 238 26 1 1 6 10 1 0 0
ST_DELIB 238 29 1 1 6 10 1 0 0
ST_DELIB 238 4 1 1 6 10 1 0 0
ST_DELIB 238 16 1 1 6 10 1 0 0
ST_DELIB 239 5 1 1 6 10 1 0 0
ST_DELIB 239 8 1 1 6 10 1 0 0
ST_DELIB 239 11 1 1 6 10 1 0 0
ST_DELIB 239 14 1 1 6 10 1 0 0
ST_DELIB 239 26 1 1 6 10 1 0 0
ST_DELIB 239 29 1 1 6 10 1 0 0
ST_DELIB 239 4 1 1 6 10 1 0 0
ST_DELIB 239 16 1 1 6 10 1 0 0
ST_DELIB 240 5 1 1 6 10 1 0 0
ST_DELIB 240 8 1 1 6 10 1 0 0
ST_DELIB 240 11 1 1 6 10 1 0 0
ST_DELIB 240 14 1 1 6 10 1 0 0
ST_DELIB 240 26 1 1 6 10 1 0 0
ST_DELIB 240 29 1 1 6 10 1 0 0
ST_DELIB 240 4 1 1 6 10 1 0 0
ST_DELIB 240 16 1 1 6 10 1 0 0
ST_DELIB 241 5 1 1 6 10 1 0 0
ST_DELIB 241 8 1 1 6 10 1 0 0
ST_DELIB 241 11 1 1 6 10 1 0 0
ST_DELIB 241 14 1 1 6 10 1 0 0
ST_DELIB 241 26 1 1 6 10 1 0 0
ST_DELIB 241 29 1 1 6 10 1 0 0
ST_DELIB 241 4 1 1 6 10 1 0 0
ST_DELIB 241 16 1 1 6 10 1 0 0
ST_DELIB 242 5 1 1 6 10 1 0 0
ST_DELIB 242 8 1 1 6 10 1 0 0
ST_DELIB 242 11 1 1 6 10 1 0 0
ST_DELIB 242 14 1 1 6 10 1 0 0
ST_DELIB 242 26 1 1 6 10 1 0 0
ST_DELIB 242 29 1 1 6 10 1 0 0
ST_DELIB 242 4 1 1 6 10 1 0 0
ST_DELIB 242 16 1 1 6 10 1 0 0
ST_DELIB 243 5 1 1 6 10 1 0 0
ST_DELIB 243 8 1 1 6 10 1 0 0
ST_DELIB 243 11 1 1 6 10 1 0 0
ST_DELIB 243 14 1 1 6 10 1 0 0
ST_DELIB 243 26 1 1 6 10 1 0 0
ST_DELIB 243 29 1 1 6 10 1 0 0
ST_DELIB 243 4 1 1 6 10 1 0 0
ST_DELIB 243 16 1 1 6 10 1 0 0
ST_DELIB 244 5 1 1 6 10 1 0 0
ST_DELIB 244 8 1 1 6 10 1 0 0
ST_DELIB 244 11 1 1 6 10 1 0 0
ST_DELIB 244 14 1 1 6 10 1 0 0
ST_DELIB 244 26 1 1 6 10 1 0 0
ST_DELIB 244 29 1 1 6 10 1 0 0
ST_DELIB 244 4 1 1 6 10 1 0 0
ST_DELIB 244 16 1 1 6 10 1 0 0
ST_DELIB 245 5 1 1 6 10 1 0 0
ST_DELIB 245 8 1 1 6 10 1 0 0
ST_DELIB 245 11 1 1 6 10 1 0 0
ST_DELIB 245 14 1 1 6 10 1 0 0
ST_DELIB 245 26 1 1 6 10 1 0 0
ST_DELIB 245 29 1 1 6 10 1 0 0
ST_DELIB 245 4 1 1 6 10 1 0 0
ST_DELIB 245 16 1 1 6 10 1 0 0
ST_DELIB 246 5 1 1 6 10 1 0 0
ST_DELIB 246 8 1 1 6 10 1 0 0
ST_DELIB 246 11 1 1 6 10 1 0 0
ST_DELIB 246 14 1 1 6 10 1 0 0
ST_DELIB 246 26 1 1 6 10 1 0 0
ST_DELIB 246 29 1 1 6 10 1 0 0
ST_DELIB 246 4 1 1 6 10 1 0 0
ST_DELIB 246 16 1 1 6 10 1 0 0
ST_DELIB 247 5 1 1 6 10 1 0 0
ST_DELIB 247 8 1 1 6 10 1 0 0
ST_DELIB 247 11 1 1 6 10 1 0 0
ST_DELIB 247 14 1 1 6 10 1 0 0
ST_DELIB 247 26 1 1 6 10 1 0 0
ST_DELIB 247 29 1 1 6 10 1 0 0
ST_DELIB 247 4 1 1 6 10 1 0 0
ST_DELIB 247 16 1 1 6 10 1 0 0
ST_DELIB 248 5 1 1 6 10 1 0 0
ST_DELIB 248 8 1 1 6 10 1 0 0
ST_DELIB 248 11 1 1 6 10 1 0 0
ST_DELIB 248 14 1 1 6 10 1 0 0
ST_DELIB 248 26 1 1 6 10 1 0 0
ST_DELIB 248 29 1 1 6 10 1 0 0
ST_DELIB 248 4 1 1 6 10 1 0 0
ST_DELIB 248 16 1 1 6 10 1 0 0
ST_DELIB 249 5 1 1 6 10 1 0 0
ST_DELIB 249 8 1 1 6 10 1 0 0
ST_DELIB 249 11 1 1 6 10 1 0 0
ST_DELIB 249 14 1 1 6 10 1 0 0
ST_DELIB 249 26 1 1 6 10 1 0 0
ST_DELIB 249 29 1 1 6 10 1 0 0
ST_DELIB 249 4 1 1 6 10 1 0 0
ST_DELIB 249 16 1 1 6 10 1 0 0
ST_TS 250 32 1811 3 0 1 0 0 10 75 0 219 1752 3 1 25 1
ST_DELIB 250 5 1 1 6 10 1 0 0
ST_DELIB 250 8 1 1 6 10 1 0 0
ST_DELIB 250 11 1 1 6 10 1 0 0
ST_DELIB 250 14 1 1 6 10 1 0 0
ST_DELIB 250 26 1 1 6 10 1 0 0
ST_DELIB 250 29 1 1 6 10 1 0 0
ST_DELIB 250 4 1 1 6 10 1 0 0
ST_DELIB 250 16 1 1 6 10 1 0 0
ST_DELIB 251 5 1 1 6 10 1 0 0
ST_DELIB 251 8 1 1 6 10 1 0 0
ST_DELIB 251 11 1 1 6 10 1 0 0
ST_DELIB 251 14 1 1 6 10 1 0 0
ST_DELIB 251 26 1 1 6 10 1 0 0
ST_DELIB 251 29 1 1 6 10 1 0 0
ST_DELIB 251 4 1 1 6 10 1 0 0
ST_DELIB 251 16 1 1 6 10 1 0 0
ST_DELIB 252 5 1 1 6 10 1 0 0
ST_DELIB 252 8 1 1 6 10 1 0 0
ST_DELIB 252 11 1 1 6 10 1 0 0
ST_DELIB 252 14 1 1 6 10 1 0 0
ST_DELIB 252 26 1 1 6 10 1 0 0
ST_DELIB 252 29 1 1 6 10 1 0 0
ST_DELIB 252 4 1 1 6 10 1 0 0
ST_DELIB 252 16 1 1 6 10 1 0 0
ST_DELIB 253 5 1 1 6 10 1 0 0
ST_DELIB 253 8 1 1 6 10 1 0 0
ST_DELIB 253 11 1 1 6 10 1 0 0
ST_DELIB 253 14 1 1 6 10 1 0 0
ST_DELIB 253 26 1 1 6 10 1 0 0
ST_DELIB 253 29 1 1 6 10 1 0 0
ST_DELIB 253 4 1 1 6 10 1 0 0
ST_DELIB 253 16 1 1 6 10 1 0 0
ST_DELIB 254 5 1 1 6 10 1 0 0
ST_DELIB 254 8 1 1 6 10 1 0 0
ST_DELIB 254 11 1 1 6 10 1 0 0
ST_DELIB 254 14 1 1 6 10 1 0 0
ST_DELIB 254 26 1 1 6 10 1 0 0
ST_DELIB 254 29 1 1 6 10 1 0 0
ST_DELIB 254 4 1 1 6 10 1 0 0
ST_DELIB 254 16 1 1 6 10 1 0 0
ST_DELIB 255 5 1 1 6 10 1 0 0
ST_DELIB 255 8 1 1 6 10 1 0 0
ST_DELIB 255 11 1 1 6 10 1 0 0
ST_DELIB 255 14 1 1 6 10 1 0 0
ST_DELIB 255 26 1 1 6 10 1 0 0
ST_DELIB 255 29 1 1 6 10 1 0 0
ST_DELIB 255 4 1 1 6 10 1 0 0
ST_DELIB 255 16 1 1 6 10 1 0 0
ST_DELIB 256 5 1 1 6 10 1 0 0
ST_DELIB 256 8 1 1 6 10 1 0 0
ST_DELIB 256 11 1 1 6 10 1 0 0
ST_DELIB 256 14 1 1 6 10 1 0 0
ST_DELIB 256 26 1 1 6 10 1 0 0
ST_DELIB 256 29 1 1 6 10 1 0 0
ST_DELIB 256 4 1 1 6 10 1 0 0
ST_DELIB 256 16 1 1 6 10 1 0 0
ST_DELIB 257 5 1 1 6 10 1 0 0
ST_DELIB 257 8 1 1 6 10 1 0 0
ST_DELIB 257 11 1 1 6 10 1 0 0
ST_DELIB 257 14 1 1 6 10 1 0 0
ST_DELIB 257 26 1 1 6 10 1 0 0
ST_DELIB 257 29 1 1 6 10 1 0 0
ST_DELIB 257 4 1 1 6 10 1 0 0
ST_DELIB 257 16 1 1 6 10 1 0 0
ST_DELIB 258 5 1 1 6 10 1 0 0
ST_DELIB 258 8 1 1 6 10 1 0 0
ST_DELIB 258 11 1 1 6 10 1 0 0
ST_DELIB 258 14 1 1 6 10 1 0 0
ST_DELIB 258 26 1 1 6 10 1 0 0
ST_DELIB 258 29 1 1 6 10 1 0 0
ST_DELIB 258 4 1 1 6 10 1 0 0
ST_DELIB 258 16 1 1 6 10 1 0 0
ST_DELIB 259 5 1 1 6 10 1 0 0
ST_DELIB 259 8 1 1 6 10 1 0 0
ST_DELIB 259 11 1 1 6 10 1 0 0
ST_DELIB 259 14 1 1 6 10 1 0 0
ST_DELIB 259 26 1 1 6 10 1 0 0
ST_DELIB 259 29 1 1 6 10 1 0 0
ST_DELIB 259 4 1 1 6 10 1 0 0
ST_DELIB 259 16 1 1 6 10 1 0 0
ST_DELIB 260 5 1 1 6 10 1 0 0
ST_DELIB 260 8 1 1 6 10 1 0 0
ST_DELIB 260 11 1 1 6 10 1 0 0
ST_DELIB 260 14 1 1 6 10 1 0 0
ST_DELIB 260 26 1 1 6 10 1 0 0
ST_DELIB 260 29 1 1 6 10 1 0 0
ST_DELIB 260 4 1 1 6 10 1 0 0
ST_DELIB 260 16 1 1 6 10 1 0 0
ST_DELIB 261 5 1 1 6 10 1 0 0
ST_DELIB 261 8 1 1 6 10 1 0 0
ST_DELIB 261 11 1 1 6 10 1 0 0
ST_DELIB 261 14 1 1 6 10 1 0 0
ST_DELIB 261 26 1 1 6 10 1 0 0
ST_DELIB 261 29 1 1 6 10 1 0 0
ST_DELIB 261 4 1 1 6 10 1 0 0
ST_DELIB 261 16 1 1 6 10 1 0 0
ST_DELIB 262 5 1 1 6 10 1 0 0
ST_DELIB 262 8 1 1 6 10 1 0 0
ST_DELIB 262 11 1 1 6 10 1 0 0
ST_DELIB 262 14 1 1 6 10 1 0 0
ST_DELIB 262 26 1 1 6 10 1 0 0
ST_DELIB 262 29 1 1 6 10 1 0 0
ST_DELIB 262 4 1 1 6 10 1 0 0
ST_DELIB 262 16 1 1 6 10 1 0 0
ST_DELIB 263 5 1 1 6 10 1 0 0
ST_DELIB 263 8 1 1 6 10 1 0 0
ST_DELIB 263 11 1 1 6 10 1 0 0
ST_DELIB 263 14 1 1 6 10 1 0 0
ST_DELIB 263 26 1 1 6 10 1 0 0
ST_DELIB 263 29 1 1 6 10 1 0 0
ST_DELIB 263 4 1 1 6 10 1 0 0
ST_DELIB 263 16 1 1 6 10 1 0 0
ST_DELIB 264 5 1 1 6 10 1 0 0
ST_DELIB 264 8 1 1 6 10 1 0 0
ST_DELIB 264 11 1 1 6 10 1 0 0
ST_DELIB 264 14 1 1 6 10 1 0 0
ST_DELIB 264 26 1 1 6 10 1 0 0
ST_DELIB 264 29 1 1 6 10 1 0 0
ST_DELIB 264 4 1 1 6 10 1 0 0
ST_DELIB 264 16 1 1 6 10 1 0 0
ST_DELIB 265 5 1 1 6 10 1 0 0
ST_DELIB 265 8 1 1 6 10 1 0 0
ST_DELIB 265 11 1 1 6 10 1 0 0
ST_DELIB 265 14 1 1 6 10 1 0 0
ST_DELIB 265 26 1 1 6 10 1 0 0
ST_DELIB 265 29 1 1 6 10 1 0 0
ST_DELIB 265 4 1 1 6 10 1 0 0
ST_DELIB 265 16 1 1 6 10 1 0 0
ST_DELIB 266 5 1 1 6 10 1 0 0
ST_DELIB 266 8 1 1 6 10 1 0 0
ST_DELIB 266 11 1 1 6 10 1 0 0
ST_DELIB 266 14 1 1 6 10 1 0 0
ST_DELIB 266 26 1 1 6 10 1 0 0
ST_DELIB 266 29 1 1 6 10 1 0 0
ST_DELIB 266 4 1 1 6 10 1 0 0
ST_DELIB 266 16 1 1 6 10 1 0 0
ST_DELIB 267 5 1 1 6 10 1 0 0
ST_DELIB 267 8 1 1 6 10 1 0 0
ST_DELIB 267 11 1 1 6 10 1 0 0
ST_DELIB 267 14 1 1 6 10 1 0 0
ST_DELIB 267 26 1 1 6 10 1 0 0
ST_DELIB 267 29 1 1 6 10 1 0 0
ST_DELIB 267 4 1 1 6 10 1 0 0
ST_DELIB 267 16 1 1 6 10 1 0 0
ST_DELIB 268 5 1 1 6 10 1 0 0
ST_DELIB 268 8 1 1 6 10 1 0 0
ST_DELIB 268 11 1 1 6 10 1 0 0
ST_DELIB 268 14 1 1 6 10 1 0 0
ST_DELIB 268 26 1 1 6 10 1 0 0
ST_DELIB 268 29 1 1 6 10 1 0 0
ST_DELIB 268 4 1 1 6 10 1 0 0
ST_DELIB 268 16 1 1 6 10 1 0 0
ST_DELIB 269 5 1 1 6 10 1 0 0
ST_DELIB 269 8 1 1 6 10 1 0 0
ST_DELIB 269 11 1 1 6 10 1 0 0
ST_DELIB 269 14 1 1 6 10 1 0 0
ST_DELIB 269 26 1 1 6 10 1 0 0
ST_DELIB 269 29 1 1 6 10 1 0 0
ST_DELIB 269 4 1 1 6 10 1 0 0
ST_DELIB 269 16 1 1 6 10 1 0 0
ST_DELIB 270 5 1 1 6 10 1 0 0
ST_DELIB 270 8 1 1 6 10 1 0 0
ST_DELIB 270 11 1 1 6 10 1 0 0
ST_DELIB 270 14 1 1 6 10 1 0 0
ST_DELIB 270 26 1 1 6 10 1 0 0
ST_DELIB 270 29 1 1 6 10 1 0 0
ST_DELIB 270 4 1 1 6 10 1 0 0
ST_DELIB 270 16 1 1 6 10 1 0 0
ST_DELIB 271 5 1 1 6 10 1 0 0
ST_DELIB 271 8 1 1 6 10 1 0 0
ST_DELIB 271 11 1 1 6 10 1 0 0
ST_DELIB 271 14 1 1 6 10 1 0 0
ST_DELIB 271 26 1 1 6 10 1 0 0
ST_DELIB 271 29 1 1 6 10 1 0 0
ST_DELIB 271 4 1 1 6 10 1 0 0
ST_DELIB 271 16 1 1 6 10 1 0 0
ST_DELIB 272 5 1 1 6 10 1 0 0
ST_DELIB 272 8 1 1 6 10 1 0 0
ST_DELIB 272 11 1 1 6 10 1 0 0
ST_DELIB 272 14 1 1 6 10 1 0 0
ST_DELIB 272 26 1 1 6 10 1 0 0
ST_DELIB 272 29 1 1 6 10 1 0 0
ST_DELIB 272 4 1 1 6 10 1 0 0
ST_DELIB 272 16 1 1 6 10 1 0 0
ST_DELIB 273 5 1 1 6 10 1 0 0
ST_DELIB 273 8 1 1 6 10 1 0 0
ST_DELIB 273 11 1 1 6 10 1 0 0
ST_DELIB 273 14 1 1 6 10 1 0 0
ST_DELIB 273 26 1 1 6 10 1 0 0
ST_DELIB 273 29 1 1 6 10 1 0 0
ST_DELIB 273 4 1 1 6 10 1 0 0
ST_DELIB 273 16 1 1 6 10 1 0 0
ST_DELIB 274 5 1 1 6 10 1 0 0
ST_DELIB 274 8 1 1 6 10 1 0 0
ST_DELIB 274 11 1 1 6 10 1 0 0
ST_DELIB 274 14 1 1 6 10 1 0 0
ST_DELIB 274 26 1 1 6 10 1 0 0
ST_DELIB 274 29 1 1 6 10 1 0 0
ST_DELIB 274 4 1 1 6 10 1 0 0
ST_DELIB 274 16 1 1 6 10 1 0 0
ST_TS 275 32 2011 3 0 1 0 0 10 82 0 244 1952 4 1 25 1
ST_DELIB 275 5 1 1 6 10 1 0 0
ST_DELIB 275 8 1 1 6 10 1 0 0
ST_DELIB 275 11 1 1 6 10 1 0 0
ST_DELIB 275 14 1 1 6 10 1 0 0
ST_DELIB 275 26 1 1 6 10 1 0 0
ST_DELIB 275 29 1 1 6 10 1 0 0
ST_DELIB 275 4 1 1 6 10 1 0 0
ST_DELIB 275 16 1 1 6 10 1 0 0
ST_DELIB 276 5 1 1 6 10 1 0 0
ST_DELIB 276 8 1 1 6 10 1 0 0
ST_DELIB 276 11 1 1 6 10 1 0 0
ST_DELIB 276 14 1 1 6 10 1 0 0
ST_DELIB 276 26 1 1 6 10 1 0 0
ST_DELIB 276 29 1 1 6 10 1 0 0
ST_DELIB 276 4 1 1 6 10 1 0 0
ST_DELIB 276 16 1 1 6 10 1 0 0
ST_DELIB 277 5 1 1 6 10 1 0 0
ST_DELIB 277 8 1 1 6 10 1 0 0
ST_DELIB 277 11 1 1 6 10 1 0 0
ST_DELIB 277 14 1 1 6 10 1 0 0
ST_DELIB 277 26 1 1 6 10 1 0 0
ST_DELIB 277 29 1 1 6 10 1 0 0
ST_DELIB 277 4 1 1 6 10 1 0 0
ST_DELIB 277 16 1 1 6 10 1 0 0
ST_DELIB 278 5 1 1 6 10 1 0 0
ST_DELIB 278 8 1 1 6 10 1 0 0
ST_DELIB 278 11 1 1 6 10 1 0 0
ST_DELIB 278 14 1 1 6 10 1 0 0
ST_DELIB 278 26 1 1 6 10 1 0 0
ST_DELIB 278 29 1 1 6 10 1 0 0
ST_DELIB 278 4 1 1 6 10 1 0 0
ST_DELIB 278 16 1 1 6 10 1 0 0
ST_DELIB 279 5 1 1 6 10 1 0 0
ST_DELIB 279 8 1 1 6 10 1 0 0
ST_DELIB 279 11 1 1 6 10 1 0 0
ST_DELIB 279 14 1 1 6 10 1 0 0
ST_DELIB 279 26 1 1 6 10 1 0 0
ST_DELIB 279 29 1 1 6 10 1 0 0
ST_DELIB 279 4 1 1 6 10 1 0 0
ST_DELIB 279 16 1 1 6 10 1 0 0
ST_DELIB 280 5 1 1 6 10 1 0 0
ST_DELIB 280 8 1 1 6 10 1 0 0
ST_DELIB 280 11 1 1 6 10 1 0 0
ST_DELIB 280 14 1 1 6 10 1 0 0
ST_DELIB 280 26 1 1 6 10 1 0 0
ST_DELIB 280 29 1 1 6 10 1 0 0
ST_DELIB 280 4 1 1 6 10 1 0 0
ST_DELIB 280 16 1 1 6 10 1 0 0
ST_DELIB 281 5 1 1 6 10 1 0 0
ST_DELIB 281 8 1 1 6 10 1 0 0
ST_DELIB 281 11 1 1 6 10 1 0 0
ST_DELIB 281 14 1 1 6 10 1 0 0
ST_DELIB 281 26 1 1 6 10 1 0 0
ST_DELIB 281 29 1 1 6 10 1 0 0
ST_DELIB 281 4 1 1 6 10 1 0 0
ST_DELIB 281 16 1 1 6 10 1 0 0
ST_DELIB 282 5 1 1 6 10 1 0 0
ST_DELIB 282 8 1 1 6 10 1 0 0
ST_DELIB 282 11 1 1 6 10 1 0 0
ST_DELIB 282 14 1 1 6 10 1 0 0
ST_DELIB 282 26 1 1 6 10 1 0 0
ST_DELIB 282 29 1 1 6 10 1 0 0
ST_DELIB 282 4 1 1 6 10 1 0 0
ST_DELIB 282 16 1 1 6 10 1 0 0
ST_DELIB 283 5 1 1 6 10 1 0 0
ST_DELIB 283 8 1 1 6 10 1 0 0
ST_DELIB 283 11 1 1 6 10 1 0 0
ST_DELIB 283 14 1 1 6 10 1 0 0
ST_DELIB 283 26 1 1 6 10 1 0 0
ST_DELIB 283 29 1 1 6 10 1 0 0
ST_DELIB 283 4 1 1 6 10 1 0 0
ST_DELIB 283 16 1 1 6 10 1 0 0
ST_DELIB 284 5 1 1 6 10 1 0 0
ST_DELIB 284 8 1 1 6 10 1 0 0
ST_DELIB 284 11 1 1 6 10 1 0 0
ST_DELIB 284 14 1 1 6 10 1 0 0
ST_DELIB 284 26 1 1 6 10 1 0 0
ST_DELIB 284 29 1 1 6 10 1 0 0
ST_DELIB 284 4 1 1 6 10 1 0 0
ST_DELIB 284 16 1 1 6 10 1 0 0
ST_DELIB 285 5 1 1 6 10 1 0 0
ST_DELIB 285 8 1 1 6 10 1 0 0
ST_DELIB 285 11 1 1 6 10 1 0 0
ST_DELIB 285 14 1 1 6 10 1 0 0
ST_DELIB 285 26 1 1 6 10 1 0 0
ST_DELIB 285 29 1 1 6 10 1 0 0
ST_DELIB 285 4 1 1 6 10 1 0 0
ST_DELIB 285 16 1 1 6 10 1 0 0
ST_DELIB 286 5 1 1 6 10 1 0 0
ST_DELIB 286 8 1 1 6 10 1 0 0
ST_DELIB 286 11 1 1 6 10 1 0 0
ST_DELIB 286 14 1 1 6 10 1 0 0
ST_DELIB 286 26 1 1 6 10 1 0 0
ST_DELIB 286 29 1 1 6 10 1 0 0
ST_DELIB 286 4 1 1 6 10 1 0 0
ST_DELIB 286 16 1 1 6 10 1 0 0
ST_DELIB 287 5 1 1 6 10 1 0 0
ST_DELIB 287 8 1 1 6 10 1 0 0
ST_DELIB 287 11 1 1 6 10 1 0 0
ST_DELIB 287 14 1 1 6 10 1 0 0
ST_DELIB 287 26 1 1 6 10 1 0 0
ST_DELIB 287 29 1 1 6 10 1 0 0
ST_DELIB 287 4 1 1 6 10 1 0 0
ST_DELIB 287 16 1 1 6 10 1 0 0
ST_DELIB 288 5 1 1 6 10 1 0 0
ST_DELIB 288 8 1 1 6 10 1 0 0
ST_DELIB 288 11 1 1 6 10 1 0 0
ST_DELIB 288 14 1 1 6 10 1 0 0
ST_DELIB 288 26 1 1 6 10 1 0 0
ST_DELIB 288 29 1 1 6 10 1 0 0
ST_DELIB 288 4 1 1 6 10 1 0 0
ST_DELIB 288 16 1 1 6 10 1 0 0
ST_DELIB 289 5 1 1 6 10 1 0 0
ST_DELIB 289 8 1 1 6 10 1 0 0
ST_DELIB 289 11 1 1 6 10 1 0 0
ST_DELIB 289 14 1 1 6 10 1 0 0
ST_DELIB 289 26 1 1 6 10 1 0 0
ST_DELIB 289 29 1 1 6 10 1 0 0
ST_DELIB 289 4 1 1 6 10 1 0 0
ST_DELIB 289 16 1 1 6 10 1 0 0
ST_DELIB 290 5 1 1 6 10 1 0 0
ST_DELIB 290 8 1 1 6 10 1 0 0
ST_DELIB 290 11 1 1 6 10 1 0 0
ST_DELIB 290 14 1 1 6 10 1 0 0
ST_DELIB 290 26 1 1 6 10 1 0 0
ST_DELIB 290 29 1 1 6 10 1 0 0
ST_DELIB 290 4 1 1 6 10 1 0 0
ST_DELIB 290 16 1 1 6 10 1 0 0
ST_DELIB 291 5 1 1 6 10 1 0 0
ST_DELIB 291 8 1 1 6 10 1 0 0
ST_DELIB 291 11 1 1 6 10 1 0 0
ST_DELIB 291 14 1 1 6 10 1 0 0
ST_DELIB 291 26 1 1 6 10 1 0 0
ST_DELIB 291 29 1 1 6 10 1 0 0
ST_DELIB 291 4 1 1 6 10 1 0 0
ST_DELIB 291 16 1 1 6 10 1 0 0
ST_DELIB 292 5 1 1 6 10 1 0 0
ST_DELIB 292 8 1 1 6 10 1 0 0
ST_DELIB 292 11 1 1 6 10 1 0 0
ST_DELIB 292 14 1 1 6 10 1 0 0
ST_DELIB 292 26 1 1 6 10 1 0 0
ST_DELIB 292 29 1 1 6 10 1 0 0
ST_DELIB 292 4 1 1 6 10 1 0 0
ST_DELIB 292 16 1 1 6 10 1 0 0
ST_DELIB 293 5 1 1 6 10 1 0 0
ST_DELIB 293 8 1 1 6 10 1 0 0
ST_DELIB 293 11 1 1 6 10 1 0 0
ST_DELIB 293 14 1 1 6 10 1 0 0
ST_DELIB 293 26 1 1 6 10 1 0 0
ST_DELIB 293 29 1 1 6 10 1 0 0
ST_DELIB 293 4 1 1 6 10 1 0 0
ST_DELIB 293 16 1 1 6 10 1 0 0
ST_DELIB 294 5 1 1 6 10 1 0 0
ST_DELIB 294 8 1 1 6 10 1 0 0
ST_DELIB 294 11 1 1 6 10 1 0 0
ST_DELIB 294 14 1 1 6 10 1 0 0
ST_DELIB 294 26 1 1 6 10 1 0 0
ST_DELIB 294 29 1 1 6 10 1 0 0
ST_DELIB 294 4 1 1 6 10 1 0 0
ST_DELIB 294 16 1 1 6 10 1 0 0
ST_DELIB 295 5 1 1 6 10 1 0 0
ST_DELIB 295 8 1 1 6 10 1 0 0
ST_DELIB 295 11 1 1 6 10 1 0 0
ST_DELIB 295 14 1 1 6 10 1 0 0
ST_DELIB 295 26 1 1 6 10 1 0 0
ST_DELIB 295 29 1 1 6 10 1 0 0
ST_DELIB 295 4 1 1 6 10 1 0 0
ST_DELIB 295 16 1 1 6 10 1 0 0
ST_DELIB 296 5 1 1 6 10 1 0 0
ST_DELIB 296 8 1 1 6 10 1 0 0
ST_DELIB 296 11 1 1 6 10 1 0 0
ST_DELIB 296 14 1 1 6 10 1 0 0
ST_DELIB 296 26 1 1 6 10 1 0 0
ST_DELIB 296 29 1 1 6 10 1 0 0
ST_DELIB 296 4 1 1 6 10 1 0 0
ST_DELIB 296 16 1 1 6 10 1 0 0
ST_DELIB 297 5 1 1 6 10 1 0 0
ST_DELIB 297 8 1 1 6 10 1 0 0
ST_DELIB 297 11 1 1 6 10 1 0 0
ST_DELIB 297 14 1 1 6 10 1 0 0
ST_DELIB 297 26 1 1 6 10 1 0 0
ST_DELIB 297 29 1 1 6 10 1 0 0
ST_DELIB 297 4 1 1 6 10 1 0 0
ST_DELIB 297 16 1 1 6 10 1 0 0
ST_DELIB 298 5 1 1 6 10 1 0 0
ST_DELIB 298 8 1 1 6 10 1 0 0
ST_DELIB 298 11 1 1 6 10 1 0 0
ST_DELIB 298 14 1 1 6 10 1 0 0
ST_DELIB 298 26 1 1 6 10 1 0 0
ST_DELIB 298 29 1 1 6 10 1 0 0
ST_DELIB 298 4 1 1 6 10 1 0 0
ST_DELIB 298 16 1 1 6 10 1 0 0
ST_DELIB 299 5 1 1 6 10 1 0 0
ST_DELIB 299 8 1 1 6 10 1 0 0
ST_DELIB 299 11 1 1 6 10 1 0 0
ST_DELIB 299 14 1 1 6 10 1 0 0
ST_DELIB 299 26 1 1 6 10 1 0 0
ST_DELIB 299 29 1 1 6 10 1 0 0
ST_DELIB 299 4 1 1 6 10 1 0 0
ST_DELIB 299 16 1 1 6 10 1 0 0
ST_TS 300 32 2211 3 0 1 0 0 10 90 0 269 2152 4 1 25 1
ST_DELIB 300 5 1 1 6 10 1 0 0
ST_DELIB 300 8 1 1 6 10 1 0 0
ST_DELIB 300 11 1 1 6 10 1 0 0
ST_DELIB 300 14 1 1 6 10 1 0 0
ST_DELIB 300 26 1 1 6 10 1 0 0
ST_DELIB 300 29 1 1 6 10 1 0 0
ST_DELIB 300 4 1 1 6 10 1 0 0
ST_DELIB 300 16 1 1 6 10 1 0 0
ST_DELIB 301 5 1 1 6 10 1 0 0
ST_DELIB 301 8 1 1 6 10 1 0 0
ST_DELIB 301 11 1 1 6 10 1 0 0
ST_DELIB 301 14 1 1 6 10 1 0 0
ST_DELIB 301 26 1 1 6 10 1 0 0
ST_DELIB 301 29 1 1 6 10 1 0 0
ST_DELIB 301 4 1 1 6 10 1 0 0
ST_DELIB 301 16 1 1 6 10 1 0 0
ST_DELIB 302 5 1 1 6 10 1 0 0
ST_DELIB 302 8 1 1 6 10 1 0 0
ST_DELIB 302 11 1 1 6 10 1 0 0
ST_DELIB 302 14 1 1 6 10 1 0 0
ST_DELIB 302 26 1 1 6 10 1 0 0
ST_DELIB 302 29 1 1 6 10 1 0 0
ST_DELIB 302 4 1 1 6 10 1 0 0
ST_DELIB 302 16 1 1 6 10 1 0 0
ST_DELIB 303 5 1 1 6 10 1 0 0
ST_DELIB 303 8 1 1 6 10 1 0 0
ST_DELIB 303 11 1 1 6 10 1 0 0
ST_DELIB 303 14 1 1 6 10 1 0 0
ST_DELIB 303 26 1 1 6 10 1 0 0
ST_DELIB 303 29 1 1 6 10 1 0 0
ST_DELIB 303 4 1 1 6 10 1 0 0
ST_DELIB 303 16 1 1 6 10 1 0 0
ST_DELIB 304 5 1 1 6 10 1 0 0
ST_DELIB 304 8 1 1 6 10 1 0 0
ST_DELIB 304 11 1 1 6 10 1 0 0
ST_DELIB 304 14 1 1 6 10 1 0 0
ST_DELIB 304 26 1 1 6 10 1 0 0
ST_DELIB 304 29 1 1 6 10 1 0 0
ST_DELIB 304 4 1 1 6 10 1 0 0
ST_DELIB 304 16 1 1 6 10 1 0 0
ST_DELIB 305 5 1 1 6 10 1 0 0
ST_DELIB 305 8 1 1 6 10 1 0 0
ST_DELIB 305 11 1 1 6 10 1 0 0
ST_DELIB 305 14 1 1 6 10 1 0 0
ST_DELIB 305 26 1 1 6 10 1 0 0
ST_DELIB 305 29 1 1 6 10 1 0 0
ST_DELIB 305 4 1 1 6 10 1 0 0
ST_DELIB 305 16 1 1 6 10 1 0 0
ST_DELIB 306 5 1 1 6 10 1 0 0
ST_DELIB 306 8 1 1 6 10 1 0 0
ST_DELIB 306 11 1 1 6 10 1 0 0
ST_DELIB 306 14 1 1 6 10 1 0 0
ST_DELIB 306 26 1 1 6 10 1 0 0
ST_DELIB 306 29 1 1 6 10 1 0 0
ST_DELIB 306 4 1 1 6 10 1 0 0
ST_DELIB 306 16 1 1 6 10 1 0 0
ST_DELIB 307 5 1 1 6 10 1 0 0
ST_DELIB 307 8 1 1 6 10 1 0 0
ST_DELIB 307 11 1 1 6 10 1 0 0
ST_DELIB 307 14 1 1 6 10 1 0 0
ST_DELIB 307 26 1 1 6 10 1 0 0
ST_DELIB 307 29 1 1 6 10 1 0 0
ST_DELIB 307 4 1 1 6 10 1 0 0
ST_DELIB 307 16 1 1 6 10 1 0 0
ST_DELIB 308 5 1 1 6 10 1 0 0
ST_DELIB 308 8 1 1 6 10 1 0 0
ST_DELIB 308 11 1 1 6 10 1 0 0
ST_DELIB 308 14 1 1 6 10 1 0 0
ST_DELIB 308 26 1 1 6 10 1 0 0
ST_DELIB 308 29 1 1 6 10 1 0 0
ST_DELIB 308 4 1 1 6 10 1 0 0
ST_DELIB 308 16 1 1 6 10 1 0 0
ST_DELIB 309 5 1 1 6 10 1 0 0
ST_DELIB 309 8 1 1 6 10 1 0 0
ST_DELIB 309 11 1 1 6 10 1 0 0
ST_DELIB 309 14 1 1 6 10 1 0 0
ST_DELIB 309 26 1 1 6 10 1 0 0
ST_DELIB 309 29 1 1 6 10 1 0 0
ST_DELIB 309 4 1 1 6 10 1 0 0
ST_DELIB 309 16 1 1 6 10 1 0 0
ST_DELIB 310 5 1 1 6 10 1 0 0
ST_DELIB 310 8 1 1 6 10 1 0 0
ST_DELIB 310 11 1 1 6 10 1 0 0
ST_DELIB 310 14 1 1 6 10 1 0 0
ST_DELIB 310 26 1 1 6 10 1 0 0
ST_DELIB 310 29 1 1 6 10 1 0 0
ST_DELIB 310 4 1 1 6 10 1 0 0
ST_DELIB 310 16 1 1 6 10 1 0 0
ST_DELIB 311 5 1 1 6 10 1 0 0
ST_DELIB 311 8 1 1 6 10 1 0 0
ST_DELIB 311 11 1 1 6 10 1 0 0
ST_DELIB 311 14 1 1 6 10 1 0 0
ST_DELIB 311 26 1 1 6 10 1 0 0
ST_DELIB 311 29 1 1 6 10 1 0 0
ST_DELIB 311 4 1 1 6 10 1 0 0
ST_DELIB 311 16 1 1 6 10 1 0 0
ST_DELIB 312 5 1 1 6 10 1 0 0
ST_DELIB 312 8 1 1 6 10 1 0 0
ST_DELIB 312 11 1 1 6 10 1 0 0
ST_DELIB 312 14 1 1 6 10 1 0 0
ST_DELIB 312 26 1 1 6 10 1 0 0
ST_DELIB 312 29 1 1 6 10 1 0 0
ST_DELIB 312 4 1 1 6 10 1 0 0
ST_DELIB 312 16 1 1 6 10 1 0 0
ST_DELIB 313 5 1 1 6 10 1 0 0
ST_DELIB 313 8 1 1 6 10 1 0 0
ST_DELIB 313 11 1 1 6 10 1 0 0
ST_DELIB 313 14 1 1 6 10 1 0 0
ST_DELIB 313 26 1 1 6 10 1 0 0
ST_DELIB 313 29 1 1 6 10 1 0 0
ST_DELIB 313 4 1 1 6 10 1 0 0
ST_DELIB 313 16 1 1 6 10 1 0 0
ST_DELIB 314 5 1 1 6 10 1 0 0
ST_DELIB 314 8 1 1 6 10 1 0 0
ST_DELIB 314 11 1 1 6 10 1 0 0
ST_DELIB 314 14 1 1 6 10 1 0 0
ST_DELIB 314 26 1 1 6 10 1 0 0
ST_DELIB 314 29 1 1 6 10 1 0 0
ST_DELIB 314 4 1 1 6 10 1 0 0
ST_DELIB 314 16 1 1 6 10 1 0 0
ST_DELIB 315 5 1 1 6 10 1 0 0
ST_DELIB 315 8 1 1 6 10 1 0 0
ST_DELIB 315 11 1 1 6 10 1 0 0
ST_DELIB 315 14 1 1 6 10 1 0 0
ST_DELIB 315 26 1 1 6 10 1 0 0
ST_DELIB 315 29 1 1 6 10 1 0 0
ST_DELIB 315 4 1 1 6 10 1 0 0
ST_DELIB 315 16 1 1 6 10 1 0 0
ST_DELIB 316 5 1 1 6 10 1 0 0
ST_DELIB 316 8 1 1 6 10 1 0 0
ST_DELIB 316 11 1 1 6 10 1 0 0
ST_DELIB 316 14 1 1 6 10 1 0 0
ST_DELIB 316 26 1 1 6 10 1 0 0
ST_DELIB 316 29 1 1 6 10 1 0 0
ST_DELIB 316 4 1 1 6 10 1 0 0
ST_DELIB 316 16 1 1 6 10 1 0 0
ST_DELIB 317 5 1 1 6 10 1 0 0
ST_DELIB 317 8 1 1 6 10 1 0 0
ST_DELIB 317 11 1 1 6 10 1 0 0
ST_DELIB 317 14 1 1 6 10 1 0 0
ST_DELIB 317 26 1 1 6 10 1 0 0
ST_DELIB 317 29 1 1 6 10 1 0 0
ST_DELIB 317 4 1 1 6 10 1 0 0
ST_DELIB 317 16 1 1 6 10 1 0 0
ST_DELIB 318 5 1 1 6 10 1 0 0
ST_DELIB 318 8 1 1 6 10 1 0 0
ST_DELIB 318 11 1 1 6 10 1 0 0
ST_DELIB 318 14 1 1 6 10 1 0 0
ST_DELIB 318 26 1 1 6 10 1 0 0
ST_DELIB 318 29 1 1 6 10 1 0 0
ST_DELIB 318 4 1 1 6 10 1 0 0
ST_DELIB 318 16 1 1 6 10 1 0 0
ST_DELIB 319 5 1 1 6 10 1 0 0
ST_DELIB 319 8 1 1 6 10 1 0 0
ST_DELIB 319 11 1 1 6 10 1 0 0
ST_DELIB 319 14 1 1 6 10 1 0 0
ST_DELIB 319 26 1 1 6 10 1 0 0
ST_DELIB 319 29 1 1 6 10 1 0 0
ST_DELIB 319 4 1 1 6 10 1 0 0
ST_DELIB 319 16 1 1 6 10 1 0 0
ST_DELIB 320 5 1 1 6 10 1 0 0
ST_DELIB 320 8 1 1 6 10 1 0 0
ST_DELIB 320 11 1 1 6 10 1 0 0
ST_DELIB 320 14 1 1 6 10 1 0 0
ST_DELIB 320 26 1 1 6 10 1 0 0
ST_DELIB 320 29 1 1 6 10 1 0 0
ST_DELIB 320 4 1 1 6 10 1 0 0
ST_DELIB 320 16 1 1 6 10 1 0 0
ST_DELIB 321 5 1 1 6 10 1 0 0
ST_DELIB 321 8 1 1 6 10 1 0 0
ST_DELIB 321 11 1 1 6 10 1 0 0
ST_DELIB 321 14 1 1 6 10 1 0 0
ST_DELIB 321 26 1 1 6 10 1 0 0
ST_DELIB 321 29 1 1 6 10 1 0 0
ST_DELIB 321 4 1 1 6 10 1 0 0
ST_DELIB 321 16 1 1 6 10 1 0 0
ST_DELIB 322 5 1 1 6 10 1 0 0
ST_DELIB 322 8 1 1 6 10 1 0 0
ST_DELIB 322 11 1 1 6 10 1 0 0
ST_DELIB 322 14 1 1 6 10 1 0 0
ST_DELIB 322 26 1 1 6 10 1 0 0
ST_DELIB 322 29 1 1 6 10 1 0 0
ST_DELIB 322 4 1 1 6 10 1 0 0
ST_DELIB 322 16 1 1 6 10 1 0 0
ST_DELIB 323 5 1 1 6 10 1 0 0
ST_DELIB 323 8 1 1 6 10 1 0 0
ST_DELIB 323 11 1 1 6 10 1 0 0
ST_DELIB 323 14 1 1 6 10 1 0 0
ST_DELIB 323 26 1 1 6 10 1 0 0
ST_DELIB 323 29 1 1 6 10 1 0 0
ST_DELIB 323 4 1 1 6 10 1 0 0
ST_DELIB 323 16 1 1 6 10 1 0 0
ST_DELIB 324 5 1 1 6 10 1 0 0
ST_DELIB 324 8 1 1 6 10 1 0 0
ST_DELIB 324 11 1 1 6 10 1 0 0
ST_DELIB 324 14 1 1 6 10 1 0 0
ST_DELIB 324 26 1 1 6 10 1 0 0
ST_DELIB 324 29 1 1 6 10 1 0 0
ST_DELIB 324 4 1 1 6 10 1 0 0
ST_DELIB 324 16 1 1 6 10 1 0 0
ST_TS 325 32 2411 3 0 1 0 0 10 97 0 294 2352 4 1 25 1
ST_DELIB 325 5 1 1 6 10 1 0 0
ST_DELIB 325 8 1 1 6 10 1 0 0
ST_DELIB 325 11 1 1 6 10 1 0 0
ST_DELIB 325 14 1 1 6 10 1 0 0
ST_DELIB 325 26 1 1 6 10 1 0 0
ST_DELIB 325 29 1 1 6 10 1 0 0
ST_DELIB 325 4 1 1 6 10 1 0 0
ST_DELIB 325 16 1 1 6 10 1 0 0
ST_DELIB 326 5 1 1 6 10 1 0 0
ST_DELIB 326 8 1 1 6 10 1 0 0
ST_DELIB 326 11 1 1 6 10 1 0 0
ST_DELIB 326 14 1 1 6 10 1 0 0
ST_DELIB 326 26 1 1 6 10 1 0 0
ST_DELIB 326 29 1 1 6 10 1 0 0
ST_DELIB 326 4 1 1 6 10 1 0 0
ST_DELIB 326 16 1 1 6 10 1 0 0
ST_DELIB 327 5 1 1 6 10 1 0 0
ST_DELIB 327 8 1 1 6 10 1 0 0
ST_DELIB 327 11 1 1 6 10 1 0 0
ST_DELIB 327 14 1 1 6 10 1 0 0
ST_DELIB 327 26 1 1 6 10 1 0 0
ST_DELIB 327 29 1 1 6 10 1 0 0
ST_DELIB 327 4 1 1 6 10 1 0 0
ST_DELIB 327 16 1 1 6 10 1 0 0
ST_DELIB 328 5 1 1 6 10 1 0 0
ST_DELIB 328 8 1 1 6 10 1 0 0
ST_DELIB 328 11 1 1 6 10 1 0 0
ST_DELIB 328 14 1 1 6 10 1 0 0
ST_DELIB 328 26 1 1 6 10 1 0 0
ST_DELIB 328 29 1 1 6 10 1 0 0
ST_DELIB 328 4 1 1 6 10 1 0 0
ST_DELIB 328 16 1 1 6 10 1 0 0
ST_DELIB 329 5 1 1 6 10 1 0 0
ST_DELIB 329 8 1 1 6 10 1 0 0
ST_DELIB 329 11 1 1 6 10 1 0 0
ST_DELIB 329 14 1 1 6 10 1 0 0
ST_DELIB 329 26 1 1 6 10 1 0 0
ST_DELIB 329 29 1 1 6 10 1 0 0
ST_DELIB 329 4 1 1 6 10 1 0 0
ST_DELIB 329 16 1 1 6 10 1 0 0
ST_DELIB 330 5 1 1 6 10 1 0 0
ST_DELIB 330 8 1 1 6 10 1 0 0
ST_DELIB 330 11 1 1 6 10 1 0 0
ST_DELIB 330 14 1 1 6 10 1 0 0
ST_DELIB 330 26 1 1 6 10 1 0 0
ST_DELIB 330 29 1 1 6 10 1 0 0
ST_DELIB 330 4 1 1 6 10 1 0 0
ST_DELIB 330 16 1 1 6 10 1 0 0
ST_DELIB 331 5 1 1 6 10 1 0 0
ST_DELIB 331 8 1 1 6 10 1 0 0
ST_DELIB 331 11 1 1 6 10 1 0 0
ST_DELIB 331 14 1 1 6 10 1 0 0
ST_DELIB 331 26 1 1 6 10 1 0 0
ST_DELIB 331 29 1 1 6 10 1 0 0
ST_DELIB 331 4 1 1 6 10 1 0 0
ST_DELIB 331 16 1 1 6 10 1 0 0
ST_DELIB 332 5 1 1 6 10 1 0 0
ST_DELIB 332 8 1 1 6 10 1 0 0
ST_DELIB 332 11 1 1 6 10 1 0 0
ST_DELIB 332 14 1 1 6 10 1 0 0
ST_DELIB 332 26 1 1 6 10 1 0 0
ST_DELIB 332 29 1 1 6 10 1 0 0
ST_DELIB 332 4 1 1 6 10 1 0 0
ST_DELIB 332 16 1 1 6 10 1 0 0
ST_DELIB 333 5 1 1 6 10 1 0 0
ST_DELIB 333 8 1 1 6 10 1 0 0
ST_DELIB 333 11 1 1 6 10 1 0 0
ST_DELIB 333 14 1 1 6 10 1 0 0
ST_DELIB 333 26 1 1 6 10 1 0 0
ST_DELIB 333 29 1 1 6 10 1 0 0
ST_DELIB 333 4 1 1 6 10 1 0 0
ST_DELIB 333 16 1 1 6 10 1 0 0
ST_DELIB 334 5 1 1 6 10 1 0 0
ST_DELIB 334 8 1 1 6 10 1 0 0
ST_DELIB 334 11 1 1 6 10 1 0 0
ST_DELIB 334 14 1 1 6 10 1 0 0
ST_DELIB 334 26 1 1 6 10 1 0 0
ST_DELIB 334 29 1 1 6 10 1 0 0
ST_DELIB 334 4 1 1 6 10 1 0 0
ST_DELIB 334 16 1 1 6 10 1 0 0
ST_DELIB 335 5 1 1 6 10 1 0 0
ST_DELIB 335 8 1 1 6 10 1 0 0
ST_DELIB 335 11 1 1 6 10 1 0 0
ST_DELIB 335 14 1 1 6 10 1 0 0
ST_DELIB 335 26 1 1 6 10 1 0 0
ST_DELIB 335 29 1 1 6 10 1 0 0
ST_DELIB 335 4 1 1 6 10 1 0 0
ST_DELIB 335 16 1 1 6 10 1 0 0
ST_DELIB 336 5 1 1 6 10 1 0 0
ST_DELIB 336 8 1 1 6 10 1 0 0
ST_DELIB 336 11 1 1 6 10 1 0 0
ST_DELIB 336 14 1 1 6 10 1 0 0
ST_DELIB 336 26 1 1 6 10 1 0 0
ST_DELIB 336 29 1 1 6 10 1 0 0
ST_DELIB 336 4 1 1 6 10 1 0 0
ST_DELIB 336 16 1 1 6 10 1 0 0
ST_DELIB 337 5 1 1 6 10 1 0 0
ST_DELIB 337 8 1 1 6 10 1 0 0
ST_DELIB 337 11 1 1 6 10 1 0 0
ST_DELIB 337 14 1 1 6 10 1 0 0
ST_DELIB 337 26 1 1 6 10 1 0 0
ST_DELIB 337 29 1 1 6 10 1 0 0
ST_DELIB 337 4 1 1 6 10 1 0 0
ST_DELIB 337 16 1 1 6 10 1 0 0
ST_DELIB 338 5 1 1 6 10 1 0 0
ST_DELIB 338 8 1 1 6 10 1 0 0
ST_DELIB 338 11 1 1 6 10 1 0 0
ST_DELIB 338 14 1 1 6 10 1 0 0
ST_DELIB 338 26 1 1 6 10 1 0 0
ST_DELIB 338 29 1 1 6 10 1 0 0
ST_DELIB 338 4 1 1 6 10 1 0 0
ST_DELIB 338 16 1 1 6 10 1 0 0
ST_DELIB 339 5 1 1 6 10 1 0 0
ST_DELIB 339 8 1 1 6 10 1 0 0
ST_DELIB 339 11 1 1 6 10 1 0 0
ST_DELIB 339 14 1 1 6 10 1 0 0
ST_DELIB 339 26 1 1 6 10 1 0 0
ST_DELIB 339 29 1 1 6 10 1 0 0
ST_DELIB 339 4 1 1 6 10 1 0 0
ST_DELIB 339 16 1 1 6 10 1 0 0
ST_DELIB 340 5 1 1 6 10 1 0 0
ST_DELIB 340 8 1 1 6 10 1 0 0
ST_DELIB 340 11 1 1 6 10 1 0 0
ST_DELIB 340 14 1 1 6 10 1 0 0
ST_DELIB 340 26 1 1 6 10 1 0 0
ST_DELIB 340 29 1 1 6 10 1 0 0
ST_DELIB 340 4 1 1 6 10 1 0 0
ST_DELIB 340 16 1 1 6 10 1 0 0
ST_DELIB 341 5 1 1 6 10 1 0 0
ST_DELIB 341 8 1 1 6 10 1 0 0
ST_DELIB 341 11 1 1 6 10 1 0 0
ST_DELIB 341 14 1 1 6 10 1 0 0
ST_DELIB 341 26 1 1 6 10 1 0 0
ST_DELIB 341 29 1 1 6 10 1 0 0
ST_DELIB 341 4 1 1 6 10 1 0 0
ST_DELIB 341 16 1 1 6 10 1 0 0
ST_DELIB 342 5 1 1 6 10 1 0 0
ST_DELIB 342 8 1 1 6 10 1 0 0
ST_DELIB 342 11 1 1 6 10 1 0 0
ST_DELIB 342 14 1 1 6 10 1 0 0
ST_DELIB 342 26 1 1 6 10 1 0 0
ST_DELIB 342 29 1 1 6 10 1 0 0
ST_DELIB 342 4 1 1 6 10 1 0 0
ST_DELIB 342 16 1 1 6 10 1 0 0
ST_DELIB 343 5 1 1 6 10 1 0 0
ST_DELIB 343 8 1 1 6 10 1 0 0
ST_DELIB 343 11 1 1 6 10 1 0 0
ST_DELIB 343 14 1 1 6 10 1 0 0
ST_DELIB 343 26 1 1 6 10 1 0 0
ST_DELIB 343 29 1 1 6 10 1 0 0
ST_DELIB 343 4 1 1 6 10 1 0 0
ST_DELIB 343 16 1 1 6 10 1 0 0
ST_DELIB 344 5 1 1 6 10 1 0 0
ST_DELIB 344 8 1 1 6 10 1 0 0
ST_DELIB 344 11 1 1 6 10 1 0 0
ST_DELIB 344 14 1 1 6 10 1 0 0
ST_DELIB 344 26 1 1 6 10 1 0 0
ST_DELIB 344 29 1 1 6 10 1 0 0
ST_DELIB 344 4 1 1 6 10 1 0 0
ST_DELIB 344 16 1 1 6 10 1 0 0
ST_DELIB 345 5 1 1 6 10 1 0 0
ST_DELIB 345 8 1 1 6 10 1 0 0
ST_DELIB 345 11 1 1 6 10 1 0 0
ST_DELIB 345 14 1 1 6 10 1 0 0
ST_DELIB 345 26 1 1 6 10 1 0 0
ST_DELIB 345 29 1 1 6 10 1 0 0
ST_DELIB 345 4 1 1 6 10 1 0 0
ST_DELIB 345 16 1 1 6 10 1 0 0
ST_DELIB 346 5 1 1 6 10 1 0 0
ST_DELIB 346 8 1 1 6 10 1 0 0
ST_DELIB 346 11 1 1 6 10 1 0 0
ST_DELIB 346 14 1 1 6 10 1 0 0
ST_DELIB 346 26 1 1 6 10 1 0 0
ST_DELIB 346 29 1 1 6 10 1 0 0
ST_DELIB 346 4 1 1 6 10 1 0 0
ST_DELIB 346 16 1 1 6 10 1 0 0
ST_DELIB 347 5 1 1 6 10 1 0 0
ST_DELIB 347 8 1 1 6 10 1 0 0
ST_DELIB 347 11 1 1 6 10 1 0 0
ST_DELIB 347 14 1 1 6 10 1 0 0
ST_DELIB 347 26 1 1 6 10 1 0 0
ST_DELIB 347 29 1 1 6 10 1 0 0
ST_DELIB 347 4 1 1 6 10 1 0 0
ST_DELIB 347 16 1 1 6 10 1 0 0
ST_DELIB 348 5 1 1 6 10 1 0 0
ST_DELIB 348 8 1 1 6 10 1 0 0
ST_DELIB 348 11 1 1 6 10 1 0 0
ST_DELIB 348 14 1 1 6 10 1 0 0
ST_DELIB 348 26 1 1 6 10 1 0 0
ST_DELIB 348 29 1 1 6 10 1 0 0
ST_DELIB 348 4 1 1 6 10 1 0 0
ST_DELIB 348 16 1 1 6 10 1 0 0
ST_DELIB 349 5 1 1 6 10 1 0 0
ST_DELIB 349 8 1 1 6 10 1 0 0
ST_DELIB 349 11 1 1 6 10 1 0 0
ST_DELIB 349 14 1 1 6 10 1 0 0
ST_DELIB 349 26 1 1 6 10 1 0 0
ST_DELIB 349 29 1 1 6 10 1 0 0
ST_DELIB 349 4 1 1 6 10 1 0 0
ST_DELIB 349 16 1 1 6 10 1 0 0
ST_TS 350 32 2611 3 0 1 0 0 10 105 0 319 2552 5 1 25 1
ST_DELIB 350 5 1 1 6 10 1 0 0
ST_DELIB 350 8 1 1 6 10 1 0 0
ST_DELIB 350 11 1 1 6 10 1 0 0
ST_DELIB 350 14 1 1 6 10 1 0 0
ST_DELIB 350 26 1 1 6 10 1 0 0
ST_DELIB 350 29 1 1 6 10 1 0 0
ST_DELIB 350 4 1 1 6 10 1 0 0
ST_DELIB 350 16 1 1 6 10 1 0 0
ST_DELIB 351 5 1 1 6 10 1 0 0
ST_DELIB 351 8 1 1 6 10 1 0 0
ST_DELIB 351 11 1 1 6 10 1 0 0
ST_DELIB 351 14 1 1 6 10 1 0 0
ST_DELIB 351 26 1 1 6 10 1 0 0
ST_DELIB 351 29 1 1 6 10 1 0 0
ST_DELIB 351 4 1 1 6 10 1 0 0
ST_DELIB 351 16 1 1 6 10 1 0 0
ST_DELIB 352 5 1 1 6 10 1 0 0
ST_DELIB 352 8 1 1 6 10 1 0 0
ST_DELIB 352 11 1 1 6 10 1 0 0
ST_DELIB 352 14 1 1 6 10 1 0 0
ST_DELIB 352 26 1 1 6 10 1 0 0
ST_DELIB 352 29 1 1 6 10 1 0 0
ST_DELIB 352 4 1 1 6 10 1 0 0
ST_DELIB 352 16 1 1 6 10 1 0 0
ST_DELIB 353 5 1 1 6 10 1 0 0
ST_DELIB 353 8 1 1 6 10 1 0 0
ST_DELIB 353 11 1 1 6 10 1 0 0
ST_DELIB 353 14 1 1 6 10 1 0 0
ST_DELIB 353 26 1 1 6 10 1 0 0
ST_DELIB 353 29 1 1 6 10 1 0 0
ST_DELIB 353 4 1 1 6 10 1 0 0
ST_DELIB 353 16 1 1 6 10 1 0 0
ST_DELIB 354 5 1 1 6 10 1 0 0
ST_DELIB 354 8 1 1 6 10 1 0 0
ST_DELIB 354 11 1 1 6 10 1 0 0
ST_DELIB 354 14 1 1 6 10 1 0 0
ST_DELIB 354 26 1 1 6 10 1 0 0
ST_DELIB 354 29 1 1 6 10 1 0 0
ST_DELIB 354 4 1 1 6 10 1 0 0
ST_DELIB 354 16 1 1 6 10 1 0 0
ST_DELIB 355 5 1 1 6 10 1 0 0
ST_DELIB 355 8 1 1 6 10 1 0 0
ST_DELIB 355 11 1 1 6 10 1 0 0
ST_DELIB 355 14 1 1 6 10 1 0 0
ST_DELIB 355 26 1 1 6 10 1 0 0
ST_DELIB 355 29 1 1 6 10 1 0 0
ST_DELIB 355 4 1 1 6 10 1 0 0
ST_DELIB 355 16 1 1 6 10 1 0 0
ST_DELIB 356 5 1 1 6 10 1 0 0
ST_DELIB 356 8 1 1 6 10 1 0 0
ST_DELIB 356 11 1 1 6 10 1 0 0
ST_DELIB 356 14 1 1 6 10 1 0 0
ST_DELIB 356 26 1 1 6 10 1 0 0
ST_DELIB 356 29 1 1 6 10 1 0 0
ST_DELIB 356 4 1 1 6 10 1 0 0
ST_DELIB 356 16 1 1 6 10 1 0 0
ST_DELIB 357 5 1 1 6 10 1 0 0
ST_DELIB 357 8 1 1 6 10 1 0 0
ST_DELIB 357 11 1 1 6 10 1 0 0
ST_DELIB 357 14 1 1 6 10 1 0 0
ST_DELIB 357 26 1 1 6 10 1 0 0
ST_DELIB 357 29 1 1 6 10 1 0 0
ST_DELIB 357 4 1 1 6 10 1 0 0
ST_DELIB 357 16 1 1 6 10 1 0 0
ST_DELIB 358 5 1 1 6 10 1 0 0
ST_DELIB 358 8 1 1 6 10 1 0 0
ST_DELIB 358 11 1 1 6 10 1 0 0
ST_DELIB 358 14 1 1 6 10 1 0 0
ST_DELIB 358 26 1 1 6 10 1 0 0
ST_DELIB 358 29 1 1 6 10 1 0 0
ST_DELIB 358 4 1 1 6 10 1 0 0
ST_DELIB 358 16 1 1 6 10 1 0 0
ST_DELIB 359 5 1 1 6 10 1 0 0
ST_DELIB 359 8 1 1 6 10 1 0 0
ST_DELIB 359 11 1 1 6 10 1 0 0
ST_DELIB 359 14 1 1 6 10 1 0 0
ST_DELIB 359 26 1 1 6 10 1 0 0
ST_DELIB 359 29 1 1 6 10 1 0 0
ST_DELIB 359 4 1 1 6 10 1 0 0
ST_DELIB 359 16 1 1 6 10 1 0 0
ST_DELIB 360 5 1 1 6 10 1 0 0
ST_DELIB 360 8 1 1 6 10 1 0 0
ST_DELIB 360 11 1 1 6 10 1 0 0
ST_DELIB 360 14 1 1 6 10 1 0 0
ST_DELIB 360 26 1 1 6 10 1 0 0
ST_DELIB 360 29 1 1 6 10 1 0 0
ST_DELIB 360 4 1 1 6 10 1 0 0
ST_DELIB 360 16 1 1 6 10 1 0 0
ST_DELIB 361 5 1 1 6 10 1 0 0
ST_DELIB 361 8 1 1 6 10 1 0 0
ST_DELIB 361 11 1 1 6 10 1 0 0
ST_DELIB 361 14 1 1 6 10 1 0 0
ST_DELIB 361 26 1 1 6 10 1 0 0
ST_DELIB 361 29 1 1 6 10 1 0 0
ST_DELIB 361 4 1 1 6 10 1 0 0
ST_DELIB 361 16 1 1 6 10 1 0 0
ST_DELIB 362 5 1 1 6 10 1 0 0
ST_DELIB 362 8 1 1 6 10 1 0 0
ST_DELIB 362 11 1 1 6 10 1 0 0
ST_DELIB 362 14 1 1 6 10 1 0 0
ST_DELIB 362 26 1 1 6 10 1 0 0
ST_DELIB 362 29 1 1 6 10 1 0 0
ST_DELIB 362 4 1 1 6 10 1 0 0
ST_DELIB 362 16 1 1 6 10 1 0 0
ST_DELIB 363 5 1 1 6 10 1 0 0
ST_DELIB 363 8 1 1 6 10 1 0 0
ST_DELIB 363 11 1 1 6 10 1 0 0
ST_DELIB 363 14 1 1 6 10 1 0 0
ST_DELIB 363 26 1 1 6 10 1 0 0
ST_DELIB 363 29 1 1 6 10 1 0 0
ST_DELIB 363 4 1 1 6 10 1 0 0
ST_DELIB 363 16 1 1 6 10 1 0 0
ST_DELIB 364 5 1 1 6 10 1 0 0
ST_DELIB 364 8 1 1 6 10 1 0 0
ST_DELIB 364 11 1 1 6 10 1 0 0
ST_DELIB 364 14 1 1 6 10 1 0 0
ST_DELIB 364 26 1 1 6 10 1 0 0
ST_DELIB 364 29 1 1 6 10 1 0 0
ST_DELIB 364 4 1 1 6 10 1 0 0
ST_DELIB 364 16 1 1 6 10 1 0 0
ST_DELIB 365 5 1 1 6 10 1 0 0
ST_DELIB 365 8 1 1 6 10 1 0 0
ST_DELIB 365 11 1 1 6 10 1 0 0
ST_DELIB 365 14 1 1 6 10 1 0 0
ST_DELIB 365 26 1 1 6 10 1 0 0
ST_DELIB 365 29 1 1 6 10 1 0 0
ST_DELIB 365 4 1 1 6 10 1 0 0
ST_DELIB 365 16 1 1 6 10 1 0 0
ST_DELIB 366 5 1 1 6 10 1 0 0
ST_DELIB 366 8 1 1 6 10 1 0 0
ST_DELIB 366 11 1 1 6 10 1 0 0
ST_DELIB 366 14 1 1 6 10 1 0 0
ST_DELIB 366 26 1 1 6 10 1 0 0
ST_DELIB 366 29 1 1 6 10 1 0 0
ST_DELIB 366 4 1 1 6 10 1 0 0
ST_DELIB 366 16 1 1 6 10 1 0 0
ST_DELIB 367 5 1 1 6 10 1 0 0
ST_DELIB 367 8 1 1 6 10 1 0 0
ST_DELIB 367 11 1 1 6 10 1 0 0
ST_DELIB 367 14 1 1 6 10 1 0 0
ST_DELIB 367 26 1 1 6 10 1 0 0
ST_DELIB 367 29 1 1 6 10 1 0 0
ST_DELIB 367 4 1 1 6 10 1 0 0
ST_DELIB 367 16 1 1 6 10 1 0 0
ST_DELIB 368 5 1 1 6 10 1 0 0
ST_DELIB 368 8 1 1 6 10 1 0 0
ST_DELIB 368 11 1 1 6 10 1 0 0
ST_DELIB 368 14 1 1 6 10 1 0 0
ST_DELIB 368 26 1 1 6 10 1 0 0
ST_DELIB 368 29 1 1 6 10 1 0 0
ST_DELIB 368 4 1 1 6 10 1 0 0
ST_DELIB 368 16 1 1 6 10 1 0 0
ST_DELIB 369 5 1 1 6 10 1 0 0
ST_DELIB 369 8 1 1 6 10 1 0 0
ST_DELIB 369 11 1 1 6 10 1 0 0
ST_DELIB 369 14 1 1 6 10 1 0 0
ST_DELIB 369 26 1 1 6 10 1 0 0
ST_DELIB 369 29 1 1 6 10 1 0 0
ST_DELIB 369 4 1 1 6 10 1 0 0
ST_DELIB 369 16 1 1 6 10 1 0 0
ST_DELIB 370 5 1 1 6 10 1 0 0
ST_DELIB 370 8 1 1 6 10 1 0 0
ST_DELIB 370 11 1 1 6 10 1 0 0
ST_DELIB 370 14 1 1 6 10 1 0 0
ST_DELIB 370 26 1 1 6 10 1 0 0
ST_DELIB 370 29 1 1 6 10 1 0 0
ST_DELIB 370 4 1 1 6 10 1 0 0
ST_DELIB 370 16 1 1 6 10 1 0 0
ST_DELIB 371 5 1 1 6 10 1 0 0
ST_DELIB 371 8 1 1 6 10 1 0 0
ST_DELIB 371 11 1 1 6 10 1 0 0
ST_DELIB 371 14 1 1 6 10 1 0 0
ST_DELIB 371 26 1 1 6 10 1 0 0
ST_DELIB 371 29 1 1 6 10 1 0 0
ST_DELIB 371 4 1 1 6 10 1 0 0
ST_DELIB 371 16 1 1 6 10 1 0 0
ST_DELIB 372 5 1 1 6 10 1 0 0
ST_DELIB 372 8 1 1 6 10 1 0 0
ST_DELIB 372 11 1 1 6 10 1 0 0
ST_DELIB 372 14 1 1 6 10 1 0 0
ST_DELIB 372 26 1 1 6 10 1 0 0
ST_DELIB 372 29 1 1 6 10 1 0 0
ST_DELIB 372 4 1 1 6 10 1 0 0
ST_DELIB 372 16 1 1 6 10 1 0 0
ST_DELIB 373 5 1 1 6 10 1 0 0
ST_DELIB 373 8 1 1 6 10 1 0 0
ST_DELIB 373 11 1 1 6 10 1 0 0
ST_DELIB 373 14 1 1 6 10 1 0 0
ST_DELIB 373 26 1 1 6 10 1 0 0
ST_DELIB 373 29 1 1 6 10 1 0 0
ST_DELIB 373 4 1 1 6 10 1 0 0
ST_DELIB 373 16 1 1 6 10 1 0 0
ST_DELIB 374 5 1 1 6 10 1 0 0
ST_DELIB 374 8 1 1 6 10 1 0 0
ST_DELIB 374 11 1 1 6 10 1 0 0
ST_DELIB 374 14 1 1 6 10 1 0 0
ST_DELIB 374 26 1 1 6 10 1 0 0
ST_DELIB 374 29 1 1 6 10 1 0 0
ST_DELIB 374 4 1 1 6 10 1 0 0
ST_DELIB 374 16 1 1 6 10 1 0 0
ST_TS 375 32 2811 3 0 1 0 0 10 112 0 344 2752 5 1 25 1
ST_DELIB 375 5 1 1 6 10 1 0 0
ST_DELIB 375 8 1 1 6 10 1 0 0
ST_DELIB 375 11 1 1 6 10 1 0 0
ST_DELIB 375 14 1 1 6 10 1 0 0
ST_DELIB 375 26 1 1 6 10 1 0 0
ST_DELIB 375 29 1 1 6 10 1 0 0
ST_DELIB 375 4 1 1 6 10 1 0 0
ST_DELIB 375 16 1 1 6 10 1 0 0
ST_DELIB 376 5 1 1 6 10 1 0 0
ST_DELIB 376 8 1 1 6 10 1 0 0
ST_DELIB 376 11 1 1 6 10 1 0 0
ST_DELIB 376 14 1 1 6 10 1 0 0
ST_DELIB 376 26 1 1 6 10 1 0 0
ST_DELIB 376 29 1 1 6 10 1 0 0
ST_DELIB 376 4 1 1 6 10 1 0 0
ST_DELIB 376 16 1 1 6 10 1 0 0
ST_DELIB 377 5 1 1 6 10 1 0 0
ST_DELIB 377 8 1 1 6 10 1 0 0
ST_DELIB 377 11 1 1 6 10 1 0 0
ST_DELIB 377 14 1 1 6 10 1 0 0
ST_DELIB 377 26 1 1 6 10 1 0 0
ST_DELIB 377 29 1 1 6 10 1 0 0
ST_DELIB 377 4 1 1 6 10 1 0 0
ST_DELIB 377 16 1 1 6 10 1 0 0
ST_DELIB 378 5 1 1 6 10 1 0 0
ST_DELIB 378 8 1 1 6 10 1 0 0
ST_DELIB 378 11 1 1 6 10 1 0 0
ST_DELIB 378 14 1 1 6 10 1 0 0
ST_DELIB 378 26 1 1 6 10 1 0 0
ST_DELIB 378 29 1 1 6 10 1 0 0
ST_DELIB 378 4 1 1 6 10 1 0 0
ST_DELIB 378 16 1 1 6 10 1 0 0
ST_DELIB 379 5 1 1 6 10 1 0 0
ST_DELIB 379 8 1 1 6 10 1 0 0
ST_DELIB 379 11 1 1 6 10 1 0 0
ST_DELIB 379 14 1 1 6 10 1 0 0
ST_DELIB 379 26 1 1 6 10 1 0 0
ST_DELIB 379 29 1 1 6 10 1 0 0
ST_DELIB 379 4 1 1 6 10 1 0 0
ST_DELIB 379 16 1 1 6 10 1 0 0
ST_DELIB 380 5 1 1 6 10 1 0 0
ST_DELIB 380 8 1 1 6 10 1 0 0
ST_DELIB 380 11 1 1 6 10 1 0 0
ST_DELIB 380 14 1 1 6 10 1 0 0
ST_DELIB 380 26 1 1 6 10 1 0 0
ST_DELIB 380 29 1 1 6 10 1 0 0
ST_DELIB 380 4 1 1 6 10 1 0 0
ST_DELIB 380 16 1 1 6 10 1 0 0
ST_DELIB 381 5 1 1 6 10 1 0 0
ST_DELIB 381 8 1 1 6 10 1 0 0
ST_DELIB 381 11 1 1 6 10 1 0 0
ST_DELIB 381 14 1 1 6 10 1 0 0
ST_DELIB 381 26 1 1 6 10 1 0 0
ST_DELIB 381 29 1 1 6 10 1 0 0
ST_DELIB 381 4 1 1 6 10 1 0 0
ST_DELIB 381 16 1 1 6 10 1 0 0
ST_DELIB 382 5 1 1 6 10 1 0 0
ST_DELIB 382 8 1 1 6 10 1 0 0
ST_DELIB 382 11 1 1 6 10 1 0 0
ST_DELIB 382 14 1 1 6 10 1 0 0
ST_DELIB 382 26 1 1 6 10 1 0 0
ST_DELIB 382 29 1 1 6 10 1 0 0
ST_DELIB 382 4 1 1 6 10 1 0 0
ST_DELIB 382 16 1 1 6 10 1 0 0
ST_DELIB 383 5 1 1 6 10 1 0 0
ST_DELIB 383 8 1 1 6 10 1 0 0
ST_DELIB 383 11 1 1 6 10 1 0 0
ST_DELIB 383 14 1 1 6 10 1 0 0
ST_DELIB 383 26 1 1 6 10 1 0 0
ST_DELIB 383 29 1 1 6 10 1 0 0
ST_DELIB 383 4 1 1 6 10 1 0 0
ST_DELIB 383 16 1 1 6 10 1 0 0
ST_DELIB 384 5 1 1 6 10 1 0 0
ST_DELIB 384 8 1 1 6 10 1 0 0
ST_DELIB 384 11 1 1 6 10 1 0 0
ST_DELIB 384 14 1 1 6 10 1 0 0
ST_DELIB 384 26 1 1 6 10 1 0 0
ST_DELIB 384 29 1 1 6 10 1 0 0
ST_DELIB 384 4 1 1 6 10 1 0 0
ST_DELIB 384 16 1 1 6 10 1 0 0
ST_DELIB 385 5 1 1 6 10 1 0 0
ST_DELIB 385 8 1 1 6 10 1 0 0
ST_DELIB 385 11 1 1 6 10 1 0 0
ST_DELIB 385 14 1 1 6 10 1 0 0
ST_DELIB 385 26 1 1 6 10 1 0 0
ST_DELIB 385 29 1 1 6 10 1 0 0
ST_DELIB 385 4 1 1 6 10 1 0 0
ST_DELIB 385 16 1 1 6 10 1 0 0
ST_DELIB 386 5 1 1 6 10 1 0 0
ST_DELIB 386 8 1 1 6 10 1 0 0
ST_DELIB 386 11 1 1 6 10 1 0 0
ST_DELIB 386 14 1 1 6 10 1 0 0
ST_DELIB 386 26 1 1 6 10 1 0 0
ST_DELIB 386 29 1 1 6 10 1 0 0
ST_DELIB 386 4 1 1 6 10 1 0 0
ST_DELIB 386 16 1 1 6 10 1 0 0
ST_DELIB 387 5 1 1 6 10 1 0 0
ST_DELIB 387 8 1 1 6 10 1 0 0
ST_DELIB 387 11 1 1 6 10 1 0 0
ST_DELIB 387 14 1 1 6 10 1 0 0
ST_DELIB 387 26 1 1 6 10 1 0 0
ST_DELIB 387 29 1 1 6 10 1 0 0
ST_DELIB 387 4 1 1 6 10 1 0 0
ST_DELIB 387 16 1 1 6 10 1 0 0
ST_DELIB 388 5 1 1 6 10 1 0 0
ST_DELIB 388 8 1 1 6 10 1 0 0
ST_DELIB 388 11 1 1 6 10 1 0 0
ST_DELIB 388 14 1 1 6 10 1 0 0
ST_DELIB 388 26 1 1 6 10 1 0 0
ST_DELIB 388 29 1 1 6 10 1 0 0
ST_DELIB 388 4 1 1 6 10 1 0 0
ST_DELIB 388 16 1 1 6 10 1 0 0
ST_DELIB 389 5 1 1 6 10 1 0 0
ST_DELIB 389 8 1 1 6 10 1 0 0
ST_DELIB 389 11 1 1 6 10 1 0 0
ST_DELIB 389 14 1 1 6 10 1 0 0
ST_DELIB 389 26 1 1 6 10 1 0 0
ST_DELIB 389 29 1 1 6 10 1 0 0
ST_DELIB 389 4 1 1 6 10 1 0 0
ST_DELIB 389 16 1 1 6 10 1 0 0
ST_DELIB 390 5 1 1 6 10 1 0 0
ST_DELIB 390 8 1 1 6 10 1 0 0
ST_DELIB 390 11 1 1 6 10 1 0 0
ST_DELIB 390 14 1 1 6 10 1 0 0
ST_DELIB 390 26 1 1 6 10 1 0 0
ST_DELIB 390 29 1 1 6 10 1 0 0
ST_DELIB 390 4 1 1 6 10 1 0 0
ST_DELIB 390 16 1 1 6 10 1 0 0
ST_DELIB 391 5 1 1 6 10 1 0 0
ST_DELIB 391 8 1 1 6 10 1 0 0
ST_DELIB 391 11 1 1 6 10 1 0 0
ST_DELIB 391 14 1 1 6 10 1 0 0
ST_DELIB 391 26 1 1 6 10 1 0 0
ST_DELIB 391 29 1 1 6 10 1 0 0
ST_DELIB 391 4 1 1 6 10 1 0 0
ST_DELIB 391 16 1 1 6 10 1 0 0
ST_DELIB 392 5 1 1 6 10 1 0 0
ST_DELIB 392 8 1 1 6 10 1 0 0
ST_DELIB 392 11 1 1 6 10 1 0 0
ST_DELIB 392 14 1 1 6 10 1 0 0
ST_DELIB 392 26 1 1 6 10 1 0 0
ST_DELIB 392 29 1 1 6 10 1 0 0
ST_DELIB 392 4 1 1 6 10 1 0 0
ST_DELIB 392 16 1 1 6 10 1 0 0
ST_DELIB 393 5 1 1 6 10 1 0 0
ST_DELIB 393 8 1 1 6 10 1 0 0
ST_DELIB 393 11 1 1 6 10 1 0 0
ST_DELIB 393 14 1 1 6 10 1 0 0
ST_DELIB 393 26 1 1 6 10 1 0 0
ST_DELIB 393 29 1 1 6 10 1 0 0
ST_DELIB 393 4 1 1 6 10 1 0 0
ST_DELIB 393 16 1 1 6 10 1 0 0
ST_DELIB 394 5 1 1 6 10 1 0 0
ST_DELIB 394 8 1 1 6 10 1 0 0
ST_DELIB 394 11 1 1 6 10 1 0 0
ST_DELIB 394 14 1 1 6 10 1 0 0
ST_DELIB 394 26 1 1 6 10 1 0 0
ST_DELIB 394 29 1 1 6 10 1 0 0
ST_DELIB 394 4 1 1 6 10 1 0 0
ST_DELIB 394 16 1 1 6 10 1 0 0
ST_DELIB 395 5 1 1 6 10 1 0 0
ST_DELIB 395 8 1 1 6 10 1 0 0
ST_DELIB 395 11 1 1 6 10 1 0 0
ST_DELIB 395 14 1 1 6 10 1 0 0
ST_DELIB 395 26 1 1 6 10 1 0 0
ST_DELIB 395 29 1 1 6 10 1 0 0
ST_DELIB 395 4 1 1 6 10 1 0 0
ST_DELIB 395 16 1 1 6 10 1 0 0
ST_DELIB 396 5 1 1 6 10 1 0 0
ST_DELIB 396 8 1 1 6 10 1 0 0
ST_DELIB 396 11 1 1 6 10 1 0 0
ST_DELIB 396 14 1 1 6 10 1 0 0
ST_DELIB 396 26 1 1 6 10 1 0 0
ST_DELIB 396 29 1 1 6 10 1 0 0
ST_DELIB 396 4 1 1 6 10 1 0 0
ST_DELIB 396 16 1 1 6 10 1 0 0
ST_DELIB 397 5 1 1 6 10 1 0 0
ST_DELIB 397 8 1 1 6 10 1 0 0
ST_DELIB 397 11 1 1 6 10 1 0 0
ST_DELIB 397 14 1 1 6 10 1 0 0
ST_DELIB 397 26 1 1 6 10 1 0 0
ST_DELIB 397 29 1 1 6 10 1 0 0
ST_DELIB 397 4 1 1 6 10 1 0 0
ST_DELIB 397 16 1 1 6 10 1 0 0
ST_DELIB 398 5 1 1 6 10 1 0 0
ST_DELIB 398 8 1 1 6 10 1 0 0
ST_DELIB 398 11 1 1 6 10 1 0 0
ST_DELIB 398 14 1 1 6 10 1 0 0
ST_DELIB 398 26 1 1 6 10 1 0 0
ST_DELIB 398 29 1 1 6 10 1 0 0
ST_DELIB 398 4 1 1 6 10 1 0 0
ST_DELIB 398 16 1 1 6 10 1 0 0
ST_DELIB 399 5 1 1 6 10 1 0 0
ST_DELIB 399 8 1 1 6 10 1 0 0
ST_DELIB 399 11 1 1 6 10 1 0 0
ST_DELIB 399 14 1 1 6 10 1 0 0
ST_DELIB 399 26 1 1 6 10 1 0 0
ST_DELIB 399 29 1 1 6 10 1 0 0
ST_DELIB 399 4 1 1 6 10 1 0 0
ST_DELIB 399 16 1 1 6 10 1 0 0
ST_TS 400 32 3011 3 0 1 0 0 10 120 0 369 2952 5 1 25 1
ST_DELIB 400 5 1 1 6 10 1 0 0
ST_DELIB 400 8 1 1 6 10 1 0 0
ST_DELIB 400 11 1 1 6 10 1 0 0
ST_DELIB 400 14 1 1 6 10 1 0 0
ST_DELIB 400 26 1 1 6 10 1 0 0
ST_DELIB 400 29 1 1 6 10 1 0 0
ST_DELIB 400 4 1 1 6 10 1 0 0
ST_DELIB 400 16 1 1 6 10 1 0 0
ST_DELIB 401 5 1 1 6 10 1 0 0
ST_DELIB 401 8 1 1 6 10 1 0 0
ST_DELIB 401 11 1 1 6 10 1 0 0
ST_DELIB 401 14 1 1 6 10 1 0 0
ST_DELIB 401 26 1 1 6 10 1 0 0
ST_DELIB 401 29 1 1 6 10 1 0 0
ST_DELIB 401 4 1 1 6 10 1 0 0
ST_DELIB 401 16 1 1 6 10 1 0 0
ST_DELIB 402 5 1 1 6 10 1 0 0
ST_DELIB 402 8 1 1 6 10 1 0 0
ST_DELIB 402 11 1 1 6 10 1 0 0
ST_DELIB 402 14 1 1 6 10 1 0 0
ST_DELIB 402 26 1 1 6 10 1 0 0
ST_DELIB 402 29 1 1 6 10 1 0 0
ST_DELIB 402 4 1 1 6 10 1 0 0
ST_DELIB 402 16 1 1 6 10 1 0 0
ST_DELIB 403 5 1 1 6 10 1 0 0
ST_DELIB 403 8 1 1 6 10 1 0 0
ST_DELIB 403 11 1 1 6 10 1 0 0
ST_DELIB 403 14 1 1 6 10 1 0 0
ST_DELIB 403 26 1 1 6 10 1 0 0
ST_DELIB 403 29 1 1 6 10 1 0 0
ST_DELIB 403 4 1 1 6 10 1 0 0
ST_DELIB 403 16 1 1 6 10 1 0 0
ST_DELIB 404 5 1 1 6 10 1 0 0
ST_DELIB 404 8 1 1 6 10 1 0 0
ST_DELIB 404 11 1 1 6 10 1 0 0
ST_DELIB 404 14 1 1 6 10 1 0 0
ST_DELIB 404 26 1 1 6 10 1 0 0
ST_DELIB 404 29 1 1 6 10 1 0 0
ST_DELIB 404 4 1 1 6 10 1 0 0
ST_DELIB 404 16 1 1 6 10 1 0 0
ST_DELIB 405 5 1 1 6 10 1 0 0
ST_DELIB 405 8 1 1 6 10 1 0 0
ST_DELIB 405 11 1 1 6 10 1 0 0
ST_DELIB 405 14 1 1 6 10 1 0 0
ST_DELIB 405 26 1 1 6 10 1 0 0
ST_DELIB 405 29 1 1 6 10 1 0 0
ST_DELIB 405 4 1 1 6 10 1 0 0
ST_DELIB 405 16 1 1 6 10 1 0 0
ST_DELIB 406 5 1 1 6 10 1 0 0
ST_DELIB 406 8 1 1 6 10 1 0 0
ST_DELIB 406 11 1 1 6 10 1 0 0
ST_DELIB 406 14 1 1 6 10 1 0 0
ST_DELIB 406 26 1 1 6 10 1 0 0
ST_DELIB 406 29 1 1 6 10 1 0 0
ST_DELIB 406 4 1 1 6 10 1 0 0
ST_DELIB 406 16 1 1 6 10 1 0 0
ST_DELIB 407 5 1 1 6 10 1 0 0
ST_DELIB 407 8 1 1 6 10 1 0 0
ST_DELIB 407 11 1 1 6 10 1 0 0
ST_DELIB 407 14 1 1 6 10 1 0 0
ST_DELIB 407 26 1 1 6 10 1 0 0
ST_DELIB 407 29 1 1 6 10 1 0 0
ST_DELIB 407 4 1 1 6 10 1 0 0
ST_DELIB 407 16 1 1 6 10 1 0 0
ST_DELIB 408 5 1 1 6 10 1 0 0
ST_DELIB 408 8 1 1 6 10 1 0 0
ST_DELIB 408 11 1 1 6 10 1 0 0
ST_DELIB 408 14 1 1 6 10 1 0 0
ST_DELIB 408 26 1 1 6 10 1 0 0
ST_DELIB 408 29 1 1 6 10 1 0 0
ST_DELIB 408 4 1 1 6 10 1 0 0
ST_DELIB 408 16 1 1 6 10 1 0 0
ST_DELIB 409 5 1 1 6 10 1 0 0
ST_DELIB 409 8 1 1 6 10 1 0 0
ST_DELIB 409 11 1 1 6 10 1 0 0
ST_DELIB 409 14 1 1 6 10 1 0 0
ST_DELIB 409 26 1 1 6 10 1 0 0
ST_DELIB 409 29 1 1 6 10 1 0 0
ST_DELIB 409 4 1 1 6 10 1 0 0
ST_DELIB 409 16 1 1 6 10 1 0 0
ST_DELIB 410 5 1 1 6 10 1 0 0
ST_DELIB 410 8 1 1 6 10 1 0 0
ST_DELIB 410 11 1 1 6 10 1 0 0
ST_DELIB 410 14 1 1 6 10 1 0 0
ST_DELIB 410 26 1 1 6 10 1 0 0
ST_DELIB 410 29 1 1 6 10 1 0 0
ST_DELIB 410 4 1 1 6 10 1 0 0
ST_DELIB 410 16 1 1 6 10 1 0 0
ST_DELIB 411 5 1 1 6 10 1 0 0
ST_DELIB 411 8 1 1 6 10 1 0 0
ST_DELIB 411 11 1 1 6 10 1 0 0
ST_DELIB 411 14 1 1 6 10 1 0 0
ST_DELIB 411 26 1 1 6 10 1 0 0
ST_DELIB 411 29 1 1 6 10 1 0 0
ST_DELIB 411 4 1 1 6 10 1 0 0
ST_DELIB 411 16 1 1 6 10 1 0 0
ST_DELIB 412 5 1 1 6 10 1 0 0
ST_DELIB 412 8 1 1 6 10 1 0 0
ST_DELIB 412 11 1 1 6 10 1 0 0
ST_DELIB 412 14 1 1 6 10 1 0 0
ST_DELIB 412 26 1 1 6 10 1 0 0
ST_DELIB 412 29 1 1 6 10 1 0 0
ST_DELIB 412 4 1 1 6 10 1 0 0
ST_DELIB 412 16 1 1 6 10 1 0 0
ST_DELIB 413 5 1 1 6 10 1 0 0
ST_DELIB 413 8 1 1 6 10 1 0 0
ST_DELIB 413 11 1 1 6 10 1 0 0
ST_DELIB 413 14 1 1 6 10 1 0 0
ST_DELIB 413 26 1 1 6 10 1 0 0
ST_DELIB 413 29 1 1 6 10 1 0 0
ST_DELIB 413 4 1 1 6 10 1 0 0
ST_DELIB 413 16 1 1 6 10 1 0 0
ST_DELIB 414 5 1 1 6 10 1 0 0
ST_DELIB 414 8 1 1 6 10 1 0 0
ST_DELIB 414 11 1 1 6 10 1 0 0
ST_DELIB 414 14 1 1 6 10 1 0 0
ST_DELIB 414 26 1 1 6 10 1 0 0
ST_DELIB 414 29 1 1 6 10 1 0 0
ST_DELIB 414 4 1 1 6 10 1 0 0
ST_DELIB 414 16 1 1 6 10 1 0 0
ST_DELIB 415 5 1 1 6 10 1 0 0
ST_DELIB 415 8 1 1 6 10 1 0 0
ST_DELIB 415 11 1 1 6 10 1 0 0
ST_DELIB 415 14 1 1 6 10 1 0 0
ST_DELIB 415 26 1 1 6 10 1 0 0
ST_DELIB 415 29 1 1 6 10 1 0 0
ST_DELIB 415 4 1 1 6 10 1 0 0
ST_DELIB 415 16 1 1 6 10 1 0 0
ST_DELIB 416 5 1 1 6 10 1 0 0
ST_DELIB 416 8 1 1 6 10 1 0 0
ST_DELIB 416 11 1 1 6 10 1 0 0
ST_DELIB 416 14 1 1 6 10 1 0 0
ST_DELIB 416 26 1 1 6 10 1 0 0
ST_DELIB 416 29 1 1 6 10 1 0 0
ST_DELIB 416 4 1 1 6 10 1 0 0
ST_DELIB 416 16 1 1 6 10 1 0 0
ST_DELIB 417 5 1 1 6 10 1 0 0
ST_DELIB 417 8 1 1 6 10 1 0 0
ST_DELIB 417 11 1 1 6 10 1 0 0
ST_DELIB 417 14 1 1 6 10 1 0 0
ST_DELIB 417 26 1 1 6 10 1 0 0
ST_DELIB 417 29 1 1 6 10 1 0 0
ST_DELIB 417 4 1 1 6 10 1 0 0
ST_DELIB 417 16 1 1 6 10 1 0 0
ST_DELIB 418 5 1 1 6 10 1 0 0
ST_DELIB 418 8 1 1 6 10 1 0 0
ST_DELIB 418 11 1 1 6 10 1 0 0
ST_DELIB 418 14 1 1 6 10 1 0 0
ST_DELIB 418 26 1 1 6 10 1 0 0
ST_DELIB 418 29 1 1 6 10 1 0 0
ST_DELIB 418 4 1 1 6 10 1 0 0
ST_DELIB 418 16 1 1 6 10 1 0 0
ST_DELIB 419 5 1 1 6 10 1 0 0
ST_DELIB 419 8 1 1 6 10 1 0 0
ST_DELIB 419 11 1 1 6 10 1 0 0
ST_DELIB 419 14 1 1 6 10 1 0 0
ST_DELIB 419 26 1 1 6 10 1 0 0
ST_DELIB 419 29 1 1 6 10 1 0 0
ST_DELIB 419 4 1 1 6 10 1 0 0
ST_DELIB 419 16 1 1 6 10 1 0 0
ST_DELIB 420 5 1 1 6 10 1 0 0
ST_DELIB 420 8 1 1 6 10 1 0 0
ST_DELIB 420 11 1 1 6 10 1 0 0
ST_DELIB 420 14 1 1 6 10 1 0 0
ST_DELIB 420 26 1 1 6 10 1 0 0
ST_DELIB 420 29 1 1 6 10 1 0 0
ST_DELIB 420 4 1 1 6 10 1 0 0
ST_DELIB 420 16 1 1 6 10 1 0 0
ST_DELIB 421 5 1 1 6 10 1 0 0
ST_DELIB 421 8 1 1 6 10 1 0 0
ST_DELIB 421 11 1 1 6 10 1 0 0
ST_DELIB 421 14 1 1 6 10 1 0 0
ST_DELIB 421 26 1 1 6 10 1 0 0
ST_DELIB 421 29 1 1 6 10 1 0 0
ST_DELIB 421 4 1 1 6 10 1 0 0
ST_DELIB 421 16 1 1 6 10 1 0 0
ST_DELIB 422 5 1 1 6 10 1 0 0
ST_DELIB 422 8 1 1 6 10 1 0 0
ST_DELIB 422 11 1 1 6 10 1 0 0
ST_DELIB 422 14 1 1 6 10 1 0 0
ST_DELIB 422 26 1 1 6 10 1 0 0
ST_DELIB 422 29 1 1 6 10 1 0 0
ST_DELIB 422 4 1 1 6 10 1 0 0
ST_DELIB 422 16 1 1 6 10 1 0 0
ST_DELIB 423 5 1 1 6 10 1 0 0
ST_DELIB 423 8 1 1 6 10 1 0 0
ST_DELIB 423 11 1 1 6 10 1 0 0
ST_DELIB 423 14 1 1 6 10 1 0 0
ST_DELIB 423 26 1 1 6 10 1 0 0
ST_DELIB 423 29 1 1 6 10 1 0 0
ST_DELIB 423 4 1 1 6 10 1 0 0
ST_DELIB 423 16 1 1 6 10 1 0 0
ST_DELIB 424 5 1 1 6 10 1 0 0
ST_DELIB 424 8 1 1 6 10 1 0 0
ST_DELIB 424 11 1 1 6 10 1 0 0
ST_DELIB 424 14 1 1 6 10 1 0 0
ST_DELIB 424 26 1 1 6 10 1 0 0
ST_DELIB 424 29 1 1 6 10 1 0 0
ST_DELIB 424 4 1 1 6 10 1 0 0
ST_DELIB 424 16 1 1 6 10 1 0 0
ST_TS 425 32 3211 3 0 1 0 0 10 127 0 394 3152 6 1 25 1
ST_DELIB 425 5 1 1 6 10 1 0 0
ST_DELIB 425 8 1 1 6 10 1 0 0
ST_DELIB 425 11 1 1 6 10 1 0 0
ST_DELIB 425 14 1 1 6 10 1 0 0
ST_DELIB 425 26 1 1 6 10 1 0 0
ST_DELIB 425 29 1 1 6 10 1 0 0
ST_DELIB 425 4 1 1 6 10 1 0 0
ST_DELIB 425 16 1 1 6 10 1 0 0
ST_DELIB 426 5 1 1 6 10 1 0 0
ST_DELIB 426 8 1 1 6 10 1 0 0
ST_DELIB 426 11 1 1 6 10 1 0 0
ST_DELIB 426 14 1 1 6 10 1 0 0
ST_DELIB 426 26 1 1 6 10 1 0 0
ST_DELIB 426 29 1 1 6 10 1 0 0
ST_DELIB 426 4 1 1 6 10 1 0 0
ST_DELIB 426 16 1 1 6 10 1 0 0
ST_DELIB 427 5 1 1 6 10 1 0 0
ST_DELIB 427 8 1 1 6 10 1 0 0
ST_DELIB 427 11 1 1 6 10 1 0 0
ST_DELIB 427 14 1 1 6 10 1 0 0
ST_DELIB 427 26 1 1 6 10 1 0 0
ST_DELIB 427 29 1 1 6 10 1 0 0
ST_DELIB 427 4 1 1 6 10 1 0 0
ST_DELIB 427 16 1 1 6 10 1 0 0
ST_DELIB 428 5 1 1 6 10 1 0 0
ST_DELIB 428 8 1 1 6 10 1 0 0
ST_DELIB 428 11 1 1 6 10 1 0 0
ST_DELIB 428 14 1 1 6 10 1 0 0
ST_DELIB 428 26 1 1 6 10 1 0 0
ST_DELIB 428 29 1 1 6 10 1 0 0
ST_DELIB 428 4 1 1 6 10 1 0 0
ST_DELIB 428 16 1 1 6 10 1 0 0
ST_DELIB 429 5 1 1 6 10 1 0 0
ST_DELIB 429 8 1 1 6 10 1 0 0
ST_DELIB 429 11 1 1 6 10 1 0 0
ST_DELIB 429 14 1 1 6 10 1 0 0
ST_DELIB 429 26 1 1 6 10 1 0 0
ST_DELIB 429 29 1 1 6 10 1 0 0
ST_DELIB 429 4 1 1 6 10 1 0 0
ST_DELIB 429 16 1 1 6 10 1 0 0
ST_DELIB 430 5 1 1 6 10 1 0 0
ST_DELIB 430 8 1 1 6 10 1 0 0
ST_DELIB 430 11 1 1 6 10 1 0 0
ST_DELIB 430 14 1 1 6 10 1 0 0
ST_DELIB 430 26 1 1 6 10 1 0 0
ST_DELIB 430 29 1 1 6 10 1 0 0
ST_DELIB 430 4 1 1 6 10 1 0 0
ST_DELIB 430 16 1 1 6 10 1 0 0
ST_DELIB 431 5 1 1 6 10 1 0 0
ST_DELIB 431 8 1 1 6 10 1 0 0
ST_DELIB 431 11 1 1 6 10 1 0 0
ST_DELIB 431 14 1 1 6 10 1 0 0
ST_DELIB 431 26 1 1 6 10 1 0 0
ST_DELIB 431 29 1 1 6 10 1 0 0
ST_DELIB 431 4 1 1 6 10 1 0 0
ST_DELIB 431 16 1 1 6 10 1 0 0
ST_DELIB 432 5 1 1 6 10 1 0 0
ST_DELIB 432 8 1 1 6 10 1 0 0
ST_DELIB 432 11 1 1 6 10 1 0 0
ST_DELIB 432 14 1 1 6 10 1 0 0
ST_DELIB 432 26 1 1 6 10 1 0 0
ST_DELIB 432 29 1 1 6 10 1 0 0
ST_DELIB 432 4 1 1 6 10 1 0 0
ST_DELIB 432 16 1 1 6 10 1 0 0
ST_DELIB 433 5 1 1 6 10 1 0 0
ST_DELIB 433 8 1 1 6 10 1 0 0
ST_DELIB 433 11 1 1 6 10 1 0 0
ST_DELIB 433 14 1 1 6 10 1 0 0
ST_DELIB 433 26 1 1 6 10 1 0 0
ST_DELIB 433 29 1 1 6 10 1 0 0
ST_DELIB 433 4 1 1 6 10 1 0 0
ST_DELIB 433 16 1 1 6 10 1 0 0
ST_DELIB 434 5 1 1 6 10 1 0 0
ST_DELIB 434 8 1 1 6 10 1 0 0
ST_DELIB 434 11 1 1 6 10 1 0 0
ST_DELIB 434 14 1 1 6 10 1 0 0
ST_DELIB 434 26 1 1 6 10 1 0 0
ST_DELIB 434 29 1 1 6 10 1 0 0
ST_DELIB 434 4 1 1 6 10 1 0 0
ST_DELIB 434 16 1 1 6 10 1 0 0
ST_DELIB 435 5 1 1 6 10 1 0 0
ST_DELIB 435 8 1 1 6 10 1 0 0
ST_DELIB 435 11 1 1 6 10 1 0 0
ST_DELIB 435 14 1 1 6 10 1 0 0
ST_DELIB 435 26 1 1 6 10 1 0 0
ST_DELIB 435 29 1 1 6 10 1 0 0
ST_DELIB 435 4 1 1 6 10 1 0 0
ST_DELIB 435 16 1 1 6 10 1 0 0
ST_DELIB 436 5 1 1 6 10 1 0 0
ST_DELIB 436 8 1 1 6 10 1 0 0
ST_DELIB 436 11 1 1 6 10 1 0 0
ST_DELIB 436 14 1 1 6 10 1 0 0
ST_DELIB 436 26 1 1 6 10 1 0 0
ST_DELIB 436 29 1 1 6 10 1 0 0
ST_DELIB 436 4 1 1 6 10 1 0 0
ST_DELIB 436 16 1 1 6 10 1 0 0
ST_DELIB 437 5 1 1 6 10 1 0 0
ST_DELIB 437 8 1 1 6 10 1 0 0
ST_DELIB 437 11 1 1 6 10 1 0 0
ST_DELIB 437 14 1 1 6 10 1 0 0
ST_DELIB 437 26 1 1 6 10 1 0 0
ST_DELIB 437 29 1 1 6 10 1 0 0
ST_DELIB 437 4 1 1 6 10 1 0 0
ST_DELIB 437 16 1 1 6 10 1 0 0
ST_DELIB 438 5 1 1 6 10 1 0 0
ST_DELIB 438 8 1 1 6 10 1 0 0
ST_DELIB 438 11 1 1 6 10 1 0 0
ST_DELIB 438 14 1 1 6 10 1 0 0
ST_DELIB 438 26 1 1 6 10 1 0 0
ST_DELIB 438 29 1 1 6 10 1 0 0
ST_DELIB 438 4 1 1 6 10 1 0 0
ST_DELIB 438 16 1 1 6 10 1 0 0
ST_DELIB 439 5 1 1 6 10 1 0 0
ST_DELIB 439 8 1 1 6 10 1 0 0
ST_DELIB 439 11 1 1 6 10 1 0 0
ST_DELIB 439 14 1 1 6 10 1 0 0
ST_DELIB 439 26 1 1 6 10 1 0 0
ST_DELIB 439 29 1 1 6 10 1 0 0
ST_DELIB 439 4 1 1 6 10 1 0 0
ST_DELIB 439 16 1 1 6 10 1 0 0
ST_DELIB 440 5 1 1 6 10 1 0 0
ST_DELIB 440 8 1 1 6 10 1 0 0
ST_DELIB 440 11 1 1 6 10 1 0 0
ST_DELIB 440 14 1 1 6 10 1 0 0
ST_DELIB 440 26 1 1 6 10 1 0 0
ST_DELIB 440 29 1 1 6 10 1 0 0
ST_DELIB 440 4 1 1 6 10 1 0 0
ST_DELIB 440 16 1 1 6 10 1 0 0
ST_DELIB 441 5 1 1 6 10 1 0 0
ST_DELIB 441 8 1 1 6 10 1 0 0
ST_DELIB 441 11 1 1 6 10 1 0 0
ST_DELIB 441 14 1 1 6 10 1 0 0
ST_DELIB 441 26 1 1 6 10 1 0 0
ST_DELIB 441 29 1 1 6 10 1 0 0
ST_DELIB 441 4 1 1 6 10 1 0 0
ST_DELIB 441 16 1 1 6 10 1 0 0
ST_DELIB 442 5 1 1 6 10 1 0 0
ST_DELIB 442 8 1 1 6 10 1 0 0
ST_DELIB 442 11 1 1 6 10 1 0 0
ST_DELIB 442 14 1 1 6 10 1 0 0
ST_DELIB 442 26 1 1 6 10 1 0 0
ST_DELIB 442 29 1 1 6 10 1 0 0
ST_DELIB 442 4 1 1 6 10 1 0 0
ST_DELIB 442 16 1 1 6 10 1 0 0
ST_DELIB 443 5 1 1 6 10 1 0 0
ST_DELIB 443 8 1 1 6 10 1 0 0
ST_DELIB 443 11 1 1 6 10 1 0 0
ST_DELIB 443 14 1 1 6 10 1 0 0
ST_DELIB 443 26 1 1 6 10 1 0 0
ST_DELIB 443 29 1 1 6 10 1 0 0
ST_DELIB 443 4 1 1 6 10 1 0 0
ST_DELIB 443 16 1 1 6 10 1 0 0
ST_DELIB 444 5 1 1 6 10 1 0 0
ST_DELIB 444 8 1 1 6 10 1 0 0
ST_DELIB 444 11 1 1 6 10 1 0 0
ST_DELIB 444 14 1 1 6 10 1 0 0
ST_DELIB 444 26 1 1 6 10 1 0 0
ST_DELIB 444 29 1 1 6 10 1 0 0
ST_DELIB 444 4 1 1 6 10 1 0 0
ST_DELIB 444 16 1 1 6 10 1 0 0
ST_DELIB 445 5 1 1 6 10 1 0 0
ST_DELIB 445 8 1 1 6 10 1 0 0
ST_DELIB 445 11 1 1 6 10 1 0 0
ST_DELIB 445 14 1 1 6 10 1 0 0
ST_DELIB 445 26 1 1 6 10 1 0 0
ST_DELIB 445 29 1 1 6 10 1 0 0
ST_DELIB 445 4 1 1 6 10 1 0 0
ST_DELIB 445 16 1 1 6 10 1 0 0
ST_DELIB 446 5 1 1 6 10 1 0 0
ST_DELIB 446 8 1 1 6 10 1 0 0
ST_DELIB 446 11 1 1 6 10 1 0 0
ST_DELIB 446 14 1 1 6 10 1 0 0
ST_DELIB 446 26 1 1 6 10 1 0 0
ST_DELIB 446 29 1 1 6 10 1 0 0
ST_DELIB 446 4 1 1 6 10 1 0 0
ST_DELIB 446 16 1 1 6 10 1 0 0
ST_DELIB 447 5 1 1 6 10 1 0 0
ST_DELIB 447 8 1 1 6 10 1 0 0
ST_DELIB 447 11 1 1 6 10 1 0 0
ST_DELIB 447 14 1 1 6 10 1 0 0
ST_DELIB 447 26 1 1 6 10 1 0 0
ST_DELIB 447 29 1 1 6 10 1 0 0
ST_DELIB 447 4 1 1 6 10 1 0 0
ST_DELIB 447 16 1 1 6 10 1 0 0
ST_DELIB 448 5 1 1 6 10 1 0 0
ST_DELIB 448 8 1 1 6 10 1 0 0
ST_DELIB 448 11 1 1 6 10 1 0 0
ST_DELIB 448 14 1 1 6 10 1 0 0
ST_DELIB 448 26 1 1 6 10 1 0 0
ST_DELIB 448 29 1 1 6 10 1 0 0
ST_DELIB 448 4 1 1 6 10 1 0 0
ST_DELIB 448 16 1 1 6 10 1 0 0
ST_DELIB 449 5 1 1 6 10 1 0 0
ST_DELIB 449 8 1 1 6 10 1 0 0
ST_DELIB 449 11 1 1 6 10 1 0 0
ST_DELIB 449 14 1 1 6 10 1 0 0
ST_DELIB 449 26 1 1 6 10 1 0 0
ST_DELIB 449 29 1 1 6 10 1 0 0
ST_DELIB 449 4 1 1 6 10 1 0 0
ST_DELIB 449 16 1 1 6 10 1 0 0
ST_TS 450 32 3411 3 0 1 0 0 10 135 0 419 3352 6 1 25 1
ST_DELIB 450 5 1 1 6 10 1 0 0
ST_DELIB 450 8 1 1 6 10 1 0 0
ST_DELIB 450 11 1 1 6 10 1 0 0
ST_DELIB 450 14 1 1 6 10 1 0 0
ST_DELIB 450 26 1 1 6 10 1 0 0
ST_DELIB 450 29 1 1 6 10 1 0 0
ST_DELIB 450 4 1 1 6 10 1 0 0
ST_DELIB 450 16 1 1 6 10 1 0 0
ST_DELIB 451 5 1 1 6 10 1 0 0
ST_DELIB 451 8 1 1 6 10 1 0 0
ST_DELIB 451 11 1 1 6 10 1 0 0
ST_DELIB 451 14 1 1 6 10 1 0 0
ST_DELIB 451 26 1 1 6 10 1 0 0
ST_DELIB 451 29 1 1 6 10 1 0 0
ST_DELIB 451 4 1 1 6 10 1 0 0
ST_DELIB 451 16 1 1 6 10 1 0 0
ST_DELIB 452 5 1 1 6 10 1 0 0
ST_DELIB 452 8 1 1 6 10 1 0 0
ST_DELIB 452 11 1 1 6 10 1 0 0
ST_DELIB 452 14 1 1 6 10 1 0 0
ST_DELIB 452 26 1 1 6 10 1 0 0
ST_DELIB 452 29 1 1 6 10 1 0 0
ST_DELIB 452 4 1 1 6 10 1 0 0
ST_DELIB 452 16 1 1 6 10 1 0 0
ST_DELIB 453 5 1 1 6 10 1 0 0
ST_DELIB 453 8 1 1 6 10 1 0 0
ST_DELIB 453 11 1 1 6 10 1 0 0
ST_DELIB 453 14 1 1 6 10 1 0 0
ST_DELIB 453 26 1 1 6 10 1 0 0
ST_DELIB 453 29 1 1 6 10 1 0 0
ST_DELIB 453 4 1 1 6 10 1 0 0
ST_DELIB 453 16 1 1 6 10 1 0 0
ST_DELIB 454 5 1 1 6 10 1 0 0
ST_DELIB 454 8 1 1 6 10 1 0 0
ST_DELIB 454 11 1 1 6 10 1 0 0
ST_DELIB 454 14 1 1 6 10 1 0 0
ST_DELIB 454 26 1 1 6 10 1 0 0
ST_DELIB 454 29 1 1 6 10 1 0 0
ST_DELIB 454 4 1 1 6 10 1 0 0
ST_DELIB 454 16 1 1 6 10 1 0 0
ST_DELIB 455 5 1 1 6 10 1 0 0
ST_DELIB 455 8 1 1 6 10 1 0 0
ST_DELIB 455 11 1 1 6 10 1 0 0
ST_DELIB 455 14 1 1 6 10 1 0 0
ST_DELIB 455 26 1 1 6 10 1 0 0
ST_DELIB 455 29 1 1 6 10 1 0 0
ST_DELIB 455 4 1 1 6 10 1 0 0
ST_DELIB 455 16 1 1 6 10 1 0 0
ST_DELIB 456 5 1 1 6 10 1 0 0
ST_DELIB 456 8 1 1 6 10 1 0 0
ST_DELIB 456 11 1 1 6 10 1 0 0
ST_DELIB 456 14 1 1 6 10 1 0 0
ST_DELIB 456 26 1 1 6 10 1 0 0
ST_DELIB 456 29 1 1 6 10 1 0 0
ST_DELIB 456 4 1 1 6 10 1 0 0
ST_DELIB 456 16 1 1 6 10 1 0 0
ST_DELIB 457 5 1 1 6 10 1 0 0
ST_DELIB 457 8 1 1 6 10 1 0 0
ST_DELIB 457 11 1 1 6 10 1 0 0
ST_DELIB 457 14 1 1 6 10 1 0 0
ST_DELIB 457 26 1 1 6 10 1 0 0
ST_DELIB 457 29 1 1 6 10 1 0 0
ST_DELIB 457 4 1 1 6 10 1 0 0
ST_DELIB 457 16 1 1 6 10 1 0 0
ST_DELIB 458 5 1 1 6 10 1 0 0
ST_DELIB 458 8 1 1 6 10 1 0 0
ST_DELIB 458 11 1 1 6 10 1 0 0
ST_DELIB 458 14 1 1 6 10 1 0 0
ST_DELIB 458 26 1 1 6 10 1 0 0
ST_DELIB 458 29 1 1 6 10 1 0 0
ST_DELIB 458 4 1 1 6 10 1 0 0
ST_DELIB 458 16 1 1 6 10 1 0 0
ST_DELIB 459 5 1 1 6 10 1 0 0
ST_DELIB 459 8 1 1 6 10 1 0 0
ST_DELIB 459 11 1 1 6 10 1 0 0
ST_DELIB 459 14 1 1 6 10 1 0 0
ST_DELIB 459 26 1 1 6 10 1 0 0
ST_DELIB 459 29 1 1 6 10 1 0 0
ST_DELIB 459 4 1 1 6 10 1 0 0
ST_DELIB 459 16 1 1 6 10 1 0 0
ST_DELIB 460 5 1 1 6 10 1 0 0
ST_DELIB 460 8 1 1 6 10 1 0 0
ST_DELIB 460 11 1 1 6 10 1 0 0
ST_DELIB 460 14 1 1 6 10 1 0 0
ST_DELIB 460 26 1 1 6 10 1 0 0
ST_DELIB 460 29 1 1 6 10 1 0 0
ST_DELIB 460 4 1 1 6 10 1 0 0
ST_DELIB 460 16 1 1 6 10 1 0 0
ST_DELIB 461 5 1 1 6 10 1 0 0
ST_DELIB 461 8 1 1 6 10 1 0 0
ST_DELIB 461 11 1 1 6 10 1 0 0
ST_DELIB 461 14 1 1 6 10 1 0 0
ST_DELIB 461 26 1 1 6 10 1 0 0
ST_DELIB 461 29 1 1 6 10 1 0 0
ST_DELIB 461 4 1 1 6 10 1 0 0
ST_DELIB 461 16 1 1 6 10 1 0 0
ST_DELIB 462 5 1 1 6 10 1 0 0
ST_DELIB 462 8 1 1 6 10 1 0 0
ST_DELIB 462 11 1 1 6 10 1 0 0
ST_DELIB 462 14 1 1 6 10 1 0 0
ST_DELIB 462 26 1 1 6 10 1 0 0
ST_DELIB 462 29 1 1 6 10 1 0 0
ST_DELIB 462 4 1 1 6 10 1 0 0
ST_DELIB 462 16 1 1 6 10 1 0 0
ST_DELIB 463 5 1 1 6 10 1 0 0
ST_DELIB 463 8 1 1 6 10 1 0 0
ST_DELIB 463 11 1 1 6 10 1 0 0
ST_DELIB 463 14 1 1 6 10 1 0 0
ST_DELIB 463 26 1 1 6 10 1 0 0
ST_DELIB 463 29 1 1 6 10 1 0 0
ST_DELIB 463 4 1 1 6 10 1 0 0
ST_DELIB 463 16 1 1 6 10 1 0 0
ST_DELIB 464 5 1 1 6 10 1 0 0
ST_DELIB 464 8 1 1 6 10 1 0 0
ST_DELIB 464 11 1 1 6 10 1 0 0
ST_DELIB 464 14 1 1 6 10 1 0 0
ST_DELIB 464 26 1 1 6 10 1 0 0
ST_DELIB 464 29 1 1 6 10 1 0 0
ST_DELIB 464 4 1 1 6 10 1 0 0
ST_DELIB 464 16 1 1 6 10 1 0 0
ST_DELIB 465 5 1 1 6 10 1 0 0
ST_DELIB 465 8 1 1 6 10 1 0 0
ST_DELIB 465 11 1 1 6 10 1 0 0
ST_DELIB 465 14 1 1 6 10 1 0 0
ST_DELIB 465 26 1 1 6 10 1 0 0
ST_DELIB 465 29 1 1 6 10 1 0 0
ST_DELIB 465 4 1 1 6 10 1 0 0
ST_DELIB 465 16 1 1 6 10 1 0 0
ST_DELIB 466 5 1 1 6 10 1 0 0
ST_DELIB 466 8 1 1 6 10 1 0 0
ST_DELIB 466 11 1 1 6 10 1 0 0
ST_DELIB 466 14 1 1 6 10 1 0 0
ST_DELIB 466 26 1 1 6 10 1 0 0
ST_DELIB 466 29 1 1 6 10 1 0 0
ST_DELIB 466 4 1 1 6 10 1 0 0
ST_DELIB 466 16 1 1 6 10 1 0 0
ST_DELIB 467 5 1 1 6 10 1 0 0
ST_DELIB 467 8 1 1 6 10 1 0 0
ST_DELIB 467 11 1 1 6 10 1 0 0
ST_DELIB 467 14 1 1 6 10 1 0 0
ST_DELIB 467 26 1 1 6 10 1 0 0
ST_DELIB 467 29 1 1 6 10 1 0 0
ST_DELIB 467 4 1 1 6 10 1 0 0
ST_DELIB 467 16 1 1 6 10 1 0 0
ST_DELIB 468 5 1 1 6 10 1 0 0
ST_DELIB 468 8 1 1 6 10 1 0 0
ST_DELIB 468 11 1 1 6 10 1 0 0
ST_DELIB 468 14 1 1 6 10 1 0 0
ST_DELIB 468 26 1 1 6 10 1 0 0
ST_DELIB 468 29 1 1 6 10 1 0 0
ST_DELIB 468 4 1 1 6 10 1 0 0
ST_DELIB 468 16 1 1 6 10 1 0 0
ST_DELIB 469 5 1 1 6 10 1 0 0
ST_DELIB 469 8 1 1 6 10 1 0 0
ST_DELIB 469 11 1 1 6 10 1 0 0
ST_DELIB 469 14 1 1 6 10 1 0 0
ST_DELIB 469 26 1 1 6 10 1 0 0
ST_DELIB 469 29 1 1 6 10 1 0 0
ST_DELIB 469 4 1 1 6 10 1 0 0
ST_DELIB 469 16 1 1 6 10 1 0 0
ST_DELIB 470 5 1 1 6 10 1 0 0
ST_DELIB 470 8 1 1 6 10 1 0 0
ST_DELIB 470 11 1 1 6 10 1 0 0
ST_DELIB 470 14 1 1 6 10 1 0 0
ST_DELIB 470 26 1 1 6 10 1 0 0
ST_DELIB 470 29 1 1 6 10 1 0 0
ST_DELIB 470 4 1 1 6 10 1 0 0
ST_DELIB 470 16 1 1 6 10 1 0 0
ST_DELIB 471 5 1 1 6 10 1 0 0
ST_DELIB 471 8 1 1 6 10 1 0 0
ST_DELIB 471 11 1 1 6 10 1 0 0
ST_DELIB 471 14 1 1 6 10 1 0 0
ST_DELIB 471 26 1 1 6 10 1 0 0
ST_DELIB 471 29 1 1 6 10 1 0 0
ST_DELIB 471 4 1 1 6 10 1 0 0
ST_DELIB 471 16 1 1 6 10 1 0 0
ST_DELIB 472 5 1 1 6 10 1 0 0
ST_DELIB 472 8 1 1 6 10 1 0 0
ST_DELIB 472 11 1 1 6 10 1 0 0
ST_DELIB 472 14 1 1 6 10 1 0 0
ST_DELIB 472 26 1 1 6 10 1 0 0
ST_DELIB 472 29 1 1 6 10 1 0 0
ST_DELIB 472 4 1 1 6 10 1 0 0
ST_DELIB 472 16 1 1 6 10 1 0 0
ST_DELIB 473 5 1 1 6 10 1 0 0
ST_DELIB 473 8 1 1 6 10 1 0 0
ST_DELIB 473 11 1 1 6 10 1 0 0
ST_DELIB 473 14 1 1 6 10 1 0 0
ST_DELIB 473 26 1 1 6 10 1 0 0
ST_DELIB 473 29 1 1 6 10 1 0 0
ST_DELIB 473 4 1 1 6 10 1 0 0
ST_DELIB 473 16 1 1 6 10 1 0 0
ST_DELIB 474 5 1 1 6 10 1 0 0
ST_DELIB 474 8 1 1 6 10 1 0 0
ST_DELIB 474 11 1 1 6 10 1 0 0
ST_DELIB 474 14 1 1 6 10 1 0 0
ST_DELIB 474 26 1 1 6 10 1 0 0
ST_DELIB 474 29 1 1 6 10 1 0 0
ST_DELIB 474 4 1 1 6 10 1 0 0
ST_DELIB 474 16 1 1 6 10 1 0 0
ST_TS 475 32 3611 3 0 1 0 0 10 142 0 444 3552 6 1 25 1
ST_DELIB 475 5 1 1 6 10 1 0 0
ST_DELIB 475 8 1 1 6 10 1 0 0
ST_DELIB 475 11 1 1 6 10 1 0 0
ST_DELIB 475 14 1 1 6 10 1 0 0
ST_DELIB 475 26 1 1 6 10 1 0 0
ST_DELIB 475 29 1 1 6 10 1 0 0
ST_DELIB 475 4 1 1 6 10 1 0 0
ST_DELIB 475 16 1 1 6 10 1 0 0
ST_DELIB 476 5 1 1 6 10 1 0 0
ST_DELIB 476 8 1 1 6 10 1 0 0
ST_DELIB 476 11 1 1 6 10 1 0 0
ST_DELIB 476 14 1 1 6 10 1 0 0
ST_DELIB 476 26 1 1 6 10 1 0 0
ST_DELIB 476 29 1 1 6 10 1 0 0
ST_DELIB 476 4 1 1 6 10 1 0 0
ST_DELIB 476 16 1 1 6 10 1 0 0
ST_DELIB 477 5 1 1 6 10 1 0 0
ST_DELIB 477 8 1 1 6 10 1 0 0
ST_DELIB 477 11 1 1 6 10 1 0 0
ST_DELIB 477 14 1 1 6 10 1 0 0
ST_DELIB 477 26 1 1 6 10 1 0 0
ST_DELIB 477 29 1 1 6 10 1 0 0
ST_DELIB 477 4 1 1 6 10 1 0 0
ST_DELIB 477 16 1 1 6 10 1 0 0
ST_DELIB 478 5 1 1 6 10 1 0 0
ST_DELIB 478 8 1 1 6 10 1 0 0
ST_DELIB 478 11 1 1 6 10 1 0 0
ST_DELIB 478 14 1 1 6 10 1 0 0
ST_DELIB 478 26 1 1 6 10 1 0 0
ST_DELIB 478 29 1 1 6 10 1 0 0
ST_DELIB 478 4 1 1 6 10 1 0 0
ST_DELIB 478 16 1 1 6 10 1 0 0
ST_DELIB 479 5 1 1 6 10 1 0 0
ST_DELIB 479 8 1 1 6 10 1 0 0
ST_DELIB 479 11 1 1 6 10 1 0 0
ST_DELIB 479 14 1 1 6 10 1 0 0
ST_DELIB 479 26 1 1 6 10 1 0 0
ST_DELIB 479 29 1 1 6 10 1 0 0
ST_DELIB 479 4 1 1 6 10 1 0 0
ST_DELIB 479 16 1 1 6 10 1 0 0
ST_DELIB 480 5 1 1 6 10 1 0 0
ST_DELIB 480 8 1 1 6 10 1 0 0
ST_DELIB 480 11 1 1 6 10 1 0 0
ST_DELIB 480 14 1 1 6 10 1 0 0
ST_DELIB 480 26 1 1 6 10 1 0 0
ST_DELIB 480 29 1 1 6 10 1 0 0
ST_DELIB 480 4 1 1 6 10 1 0 0
ST_DELIB 480 16 1 1 6 10 1 0 0
ST_DELIB 481 5 1 1 6 10 1 0 0
ST_DELIB 481 8 1 1 6 10 1 0 0
ST_DELIB 481 11 1 1 6 10 1 0 0
ST_DELIB 481 14 1 1 6 10 1 0 0
ST_DELIB 481 26 1 1 6 10 1 0 0
ST_DELIB 481 29 1 1 6 10 1 0 0
ST_DELIB 481 4 1 1 6 10 1 0 0
ST_DELIB 481 16 1 1 6 10 1 0 0
ST_DELIB 482 5 1 1 6 10 1 0 0
ST_DELIB 482 8 1 1 6 10 1 0 0
ST_DELIB 482 11 1 1 6 10 1 0 0
ST_DELIB 482 14 1 1 6 10 1 0 0
ST_DELIB 482 26 1 1 6 10 1 0 0
ST_DELIB 482 29 1 1 6 10 1 0 0
ST_DELIB 482 4 1 1 6 10 1 0 0
ST_DELIB 482 16 1 1 6 10 1 0 0
ST_DELIB 483 5 1 1 6 10 1 0 0
ST_DELIB 483 8 1 1 6 10 1 0 0
ST_DELIB 483 11 1 1 6 10 1 0 0
ST_DELIB 483 14 1 1 6 10 1 0 0
ST_DELIB 483 26 1 1 6 10 1 0 0
ST_DELIB 483 29 1 1 6 10 1 0 0
ST_DELIB 483 4 1 1 6 10 1 0 0
ST_DELIB 483 16 1 1 6 10 1 0 0
ST_DELIB 484 5 1 1 6 10 1 0 0
ST_DELIB 484 8 1 1 6 10 1 0 0
ST_DELIB 484 11 1 1 6 10 1 0 0
ST_DELIB 484 14 1 1 6 10 1 0 0
ST_DELIB 484 26 1 1 6 10 1 0 0
ST_DELIB 484 29 1 1 6 10 1 0 0
ST_DELIB 484 4 1 1 6 10 1 0 0
ST_DELIB 484 16 1 1 6 10 1 0 0
ST_DELIB 485 5 1 1 6 10 1 0 0
ST_DELIB 485 8 1 1 6 10 1 0 0
ST_DELIB 485 11 1 1 6 10 1 0 0
ST_DELIB 485 14 1 1 6 10 1 0 0
ST_DELIB 485 26 1 1 6 10 1 0 0
ST_DELIB 485 29 1 1 6 10 1 0 0
ST_DELIB 485 4 1 1 6 10 1 0 0
ST_DELIB 485 16 1 1 6 10 1 0 0
ST_DELIB 486 5 1 1 6 10 1 0 0
ST_DELIB 486 8 1 1 6 10 1 0 0
ST_DELIB 486 11 1 1 6 10 1 0 0
ST_DELIB 486 14 1 1 6 10 1 0 0
ST_DELIB 486 26 1 1 6 10 1 0 0
ST_DELIB 486 29 1 1 6 10 1 0 0
ST_DELIB 486 4 1 1 6 10 1 0 0
ST_DELIB 486 16 1 1 6 10 1 0 0
ST_DELIB 487 5 1 1 6 10 1 0 0
ST_DELIB 487 8 1 1 6 10 1 0 0
ST_DELIB 487 11 1 1 6 10 1 0 0
ST_DELIB 487 14 1 1 6 10 1 0 0
ST_DELIB 487 26 1 1 6 10 1 0 0
ST_DELIB 487 29 1 1 6 10 1 0 0
ST_DELIB 487 4 1 1 6 10 1 0 0
ST_DELIB 487 16 1 1 6 10 1 0 0
ST_DELIB 488 5 1 1 6 10 1 0 0
ST_DELIB 488 8 1 1 6 10 1 0 0
ST_DELIB 488 11 1 1 6 10 1 0 0
ST_DELIB 488 14 1 1 6 10 1 0 0
ST_DELIB 488 26 1 1 6 10 1 0 0
ST_DELIB 488 29 1 1 6 10 1 0 0
ST_DELIB 488 4 1 1 6 10 1 0 0
ST_DELIB 488 16 1 1 6 10 1 0 0
ST_DELIB 489 5 1 1 6 10 1 0 0
ST_DELIB 489 8 1 1 6 10 1 0 0
ST_DELIB 489 11 1 1 6 10 1 0 0
ST_DELIB 489 14 1 1 6 10 1 0 0
ST_DELIB 489 26 1 1 6 10 1 0 0
ST_DELIB 489 29 1 1 6 10 1 0 0
ST_DELIB 489 4 1 1 6 10 1 0 0
ST_DELIB 489 16 1 1 6 10 1 0 0
ST_DELIB 490 5 1 1 6 10 1 0 0
ST_DELIB 490 8 1 1 6 10 1 0 0
ST_DELIB 490 11 1 1 6 10 1 0 0
ST_DELIB 490 14 1 1 6 10 1 0 0
ST_DELIB 490 26 1 1 6 10 1 0 0
ST_DELIB 490 29 1 1 6 10 1 0 0
ST_DELIB 490 4 1 1 6 10 1 0 0
ST_DELIB 490 16 1 1 6 10 1 0 0
ST_DELIB 491 5 1 1 6 10 1 0 0
ST_DELIB 491 8 1 1 6 10 1 0 0
ST_DELIB 491 11 1 1 6 10 1 0 0
ST_DELIB 491 14 1 1 6 10 1 0 0
ST_DELIB 491 26 1 1 6 10 1 0 0
ST_DELIB 491 29 1 1 6 10 1 0 0
ST_DELIB 491 4 1 1 6 10 1 0 0
ST_DELIB 491 16 1 1 6 10 1 0 0
ST_DELIB 492 5 1 1 6 10 1 0 0
ST_DELIB 492 8 1 1 6 10 1 0 0
ST_DELIB 492 11 1 1 6 10 1 0 0
ST_DELIB 492 14 1 1 6 10 1 0 0
ST_DELIB 492 26 1 1 6 10 1 0 0
ST_DELIB 492 29 1 1 6 10 1 0 0
ST_DELIB 492 4 1 1 6 10 1 0 0
ST_DELIB 492 16 1 1 6 10 1 0 0
ST_DELIB 493 5 1 1 6 10 1 0 0
ST_DELIB 493 8 1 1 6 10 1 0 0
ST_DELIB 493 11 1 1 6 10 1 0 0
ST_DELIB 493 14 1 1 6 10 1 0 0
ST_DELIB 493 26 1 1 6 10 1 0 0
ST_DELIB 493 29 1 1 6 10 1 0 0
ST_DELIB 493 4 1 1 6 10 1 0 0
ST_DELIB 493 16 1 1 6 10 1 0 0
ST_DELIB 494 5 1 1 6 10 1 0 0
ST_DELIB 494 8 1 1 6 10 1 0 0
ST_DELIB 494 11 1 1 6 10 1 0 0
ST_DELIB 494 14 1 1 6 10 1 0 0
ST_DELIB 494 26 1 1 6 10 1 0 0
ST_DELIB 494 29 1 1 6 10 1 0 0
ST_DELIB 494 4 1 1 6 10 1 0 0
ST_DELIB 494 16 1 1 6 10 1 0 0
ST_DELIB 495 5 1 1 6 10 1 0 0
ST_DELIB 495 8 1 1 6 10 1 0 0
ST_DELIB 495 11 1 1 6 10 1 0 0
ST_DELIB 495 14 1 1 6 10 1 0 0
ST_DELIB 495 26 1 1 6 10 1 0 0
ST_DELIB 495 29 1 1 6 10 1 0 0
ST_DELIB 495 4 1 1 6 10 1 0 0
ST_DELIB 495 16 1 1 6 10 1 0 0
ST_DELIB 496 5 1 1 6 10 1 0 0
ST_DELIB 496 8 1 1 6 10 1 0 0
ST_DELIB 496 11 1 1 6 10 1 0 0
ST_DELIB 496 14 1 1 6 10 1 0 0
ST_DELIB 496 26 1 1 6 10 1 0 0
ST_DELIB 496 29 1 1 6 10 1 0 0
ST_DELIB 496 4 1 1 6 10 1 0 0
ST_DELIB 496 16 1 1 6 10 1 0 0
ST_DELIB 497 5 1 1 6 10 1 0 0
ST_DELIB 497 8 1 1 6 10 1 0 0
ST_DELIB 497 11 1 1 6 10 1 0 0
ST_DELIB 497 14 1 1 6 10 1 0 0
ST_DELIB 497 26 1 1 6 10 1 0 0
ST_DELIB 497 29 1 1 6 10 1 0 0
ST_DELIB 497 4 1 1 6 10 1 0 0
ST_DELIB 497 16 1 1 6 10 1 0 0
ST_DELIB 498 5 1 1 6 10 1 0 0
ST_DELIB 498 8 1 1 6 10 1 0 0
ST_DELIB 498 11 1 1 6 10 1 0 0
ST_DELIB 498 14 1 1 6 10 1 0 0
ST_DELIB 498 26 1 1 6 10 1 0 0
ST_DELIB 498 29 1 1 6 10 1 0 0
ST_DELIB 498 4 1 1 6 10 1 0 0
ST_DELIB 498 16 1 1 6 10 1 0 0
ST_DELIB 499 5 1 1 6 10 1 0 0
ST_DELIB 499 8 1 1 6 10 1 0 0
ST_DELIB 499 11 1 1 6 10 1 0 0
ST_DELIB 499 14 1 1 6 10 1 0 0
ST_DELIB 499 26 1 1 6 10 1 0 0
ST_DELIB 499 29 1 1 6 10 1 0 0
ST_DELIB 499 4 1 1 6 10 1 0 0
ST_DELIB 499 16 1 1 6 10 1 0 0
ST_TS 500 32 3811 3 0 1 0 0 10 150 0 469 3752 6 1 25 1
ST_CELL 11 2 4 0
ST_AUDIT_N 3811
ST_DROPS 469
ST_ABANDONS 3752
ST_ABANDON_Q 3745 0 7 0
ST_METRIC 3 1 1
ST_METRIC 4 20 20
ST_METRIC 5 0 6
ST_A_SUMMARY 1 0 0 3 0
ST_LEDGER 3811 320124
CL_CHECK,ck_replay,0,0
CL_CHECK,ck_refusals_clean,0,0
CL_CHECK,ck_core_live,1,1
CL_CHECK,ck_strength_lineage,1,1
CL_CHECK,ck_strength_lineage,1,1
CL_CHECK,ck_strength_lineage,1,1
CL_CHECK,ck_strength_lineage,1,1
CL_CHECK,ck_strength_lineage,1,1
CL_CHECK,ck_strength_lineage,1,1
CL_CHECK,ck_strength_lineage,1,1
CL_CHECK,ck_strength_lineage,1,1
CL_CHECK,ck_strength_lineage,1,1
CL_CHECK,ck_strength_lineage,1,1
CL_CHECK,ck_strength_lineage,1,1
CL_CHECK,ck_strength_lineage,1,1
CL_CHECK,ck_strength_lineage,1,1
CL_CHECK,ck_strength_lineage,1,1
CL_CHECK,ck_strength_lineage,1,1
CL_CHECK,ck_strength_lineage,1,1
CL_CHECK,ck_strength_lineage,1,1
CL_CHECK,ck_strength_lineage,1,1
CL_CHECK,ck_strength_lineage,1,1
CL_CHECK,ck_strength_lineage,1,1
CL_CHECK,ck_strength_lineage,1,1
CL_CHECK,ck_strength_lineage,1,1
CL_CHECK,ck_strength_lineage,1,1
CL_CHECK,ck_strength_lineage,1,1
CL_CHECK,ck_strength_lineage,1,1
CL_CHECK,ck_strength_lineage,1,1
CL_CHECK,ck_strength_lineage,1,1
CL_CHECK,ck_strength_lineage,1,1
CL_CHECK,ck_strength_lineage,1,1
CL_CHECK,ck_strength_lineage,1,1
CL_CHECK,ck_strength_lineage,1,1
CL_CHECK,ck_strength_lineage,1,1
CL_CHECK,ck_strength_lineage,1,1
CL_CHECK,ck_strength_lineage,1,1
CL_CHECK,ck_strength_lineage,1,1
CL_CHECK,ck_strength_lineage,1,1
CL_CHECK,ck_strength_lineage,1,1
CL_CHECK,ck_strength_lineage,1,1
CL_CHECK,ck_strength_lineage,1,1
CL_CHECK,ck_strength_lineage,1,1
CL_CHECK,ck_strength_lineage,1,1
CL_CHECK,ck_strength_lineage,1,1
CL_CHECK,ck_strength_lineage,1,1
CL_CHECK,ck_strength_lineage,1,1
CL_CHECK,ck_strength_lineage,1,1
CL_CHECK,ck_strength_lineage,1,1
CL_CHECK,ck_strength_lineage,1,1
CL_CHECK,ck_strength_lineage,1,1
CL_CHECK,ck_strength_lineage,1,1
CL_CHECK,ck_strength_lineage,1,1
CL_CHECK,ck_strength_lineage,1,1
CL_CHECK,ck_strength_lineage,1,1
CL_CHECK,ck_del_cite_count,3,3
CL_CHECK,ck_del_cite_genuine,1,1
CL_CHECK,ck_del_cite_genuine,1,1
CL_CHECK,ck_del_cite_genuine,1,1
CL_CHECK,ck_del_cite_distinct,3,3
CL_CHECK,ck_del_justify,1,1
CL_CHECK,ck_no_bad_kill,0,0
CL_CHECK,ck_no_bad_forcepin,0,0
CL_CHECK,ck_no_bad_code,0,0
CL_CHECK,ck_no_bad_role,0,0
CL_CHECK,ck_no_bad_pexp,0,0
CL_CHECK,ck_no_bad_recycle,0,0
ST_FINGERPRINT 552868981
ST_INVALID 0
ST_DONE
