Research/R33_NATIVE_N19_RUNTIME_BOUNDARY/RECOVERY_20260915_C/INDEPENDENT_FRESH_1409/roots/a/host/hard.bin: OK
Research/R33_NATIVE_N19_RUNTIME_BOUNDARY/RECOVERY_20260915_C/INDEPENDENT_FRESH_1409/roots/a/host/moved/before.bin: OK
Research/R33_NATIVE_N19_RUNTIME_BOUNDARY/RECOVERY_20260915_C/INDEPENDENT_FRESH_1409/roots/a/host/moved/after.bin: OK
Research/R33_NATIVE_N19_RUNTIME_BOUNDARY/RECOVERY_20260915_C/INDEPENDENT_FRESH_1409/roots/a/host/one.bin: OK
Research/R33_NATIVE_N19_RUNTIME_BOUNDARY/RECOVERY_20260915_C/INDEPENDENT_FRESH_1409/roots/a/crash/p4/journal.bin: OK
Research/R33_NATIVE_N19_RUNTIME_BOUNDARY/RECOVERY_20260915_C/INDEPENDENT_FRESH_1409/roots/a/crash/p3/journal.bin: OK
Research/R33_NATIVE_N19_RUNTIME_BOUNDARY/RECOVERY_20260915_C/INDEPENDENT_FRESH_1409/roots/a/crash/p2/journal.bin: OK
Research/R33_NATIVE_N19_RUNTIME_BOUNDARY/RECOVERY_20260915_C/INDEPENDENT_FRESH_1409/roots/a/crash/p5/journal.bin: OK
Research/R33_NATIVE_N19_RUNTIME_BOUNDARY/RECOVERY_20260915_C/INDEPENDENT_FRESH_1409/roots/a/crash/p1/journal.bin: OK
Research/R33_NATIVE_N19_RUNTIME_BOUNDARY/RECOVERY_20260915_C/INDEPENDENT_FRESH_1409/roots/a/poison/journal.bin: OK
Research/R33_NATIVE_N19_RUNTIME_BOUNDARY/RECOVERY_20260915_C/INDEPENDENT_FRESH_1409/roots/a/independent/owned.bin: OK
Research/R33_NATIVE_N19_RUNTIME_BOUNDARY/RECOVERY_20260915_C/INDEPENDENT_FRESH_1409/roots/a/independent/next.bin: OK
Research/R33_NATIVE_N19_RUNTIME_BOUNDARY/RECOVERY_20260915_C/INDEPENDENT_FRESH_1409/roots/a/stat.txt: OK
Research/R33_NATIVE_N19_RUNTIME_BOUNDARY/RECOVERY_20260915_C/INDEPENDENT_FRESH_1409/roots/a/ops/io.bin: OK
Research/R33_NATIVE_N19_RUNTIME_BOUNDARY/RECOVERY_20260915_C/INDEPENDENT_FRESH_1409/roots/a/ops/retained.bin: OK
Research/R33_NATIVE_N19_RUNTIME_BOUNDARY/RECOVERY_20260915_C/INDEPENDENT_FRESH_1409/roots/a/ops/fsync.bin: OK
Research/R33_NATIVE_N19_RUNTIME_BOUNDARY/RECOVERY_20260915_C/INDEPENDENT_FRESH_1409/roots/a/ops/append.bin: OK
Research/R33_NATIVE_N19_RUNTIME_BOUNDARY/RECOVERY_20260915_C/INDEPENDENT_FRESH_1409/roots/a/ops/close.bin: OK
Research/R33_NATIVE_N19_RUNTIME_BOUNDARY/RECOVERY_20260915_C/INDEPENDENT_FRESH_1409/roots/a/ops/torn.bin: OK
Research/R33_NATIVE_N19_RUNTIME_BOUNDARY/RECOVERY_20260915_C/INDEPENDENT_FRESH_1409/roots/a/resource/resource.bin: OK
Research/R33_NATIVE_N19_RUNTIME_BOUNDARY/RECOVERY_20260915_C/INDEPENDENT_FRESH_1409/roots/c/host/hard.bin: OK
Research/R33_NATIVE_N19_RUNTIME_BOUNDARY/RECOVERY_20260915_C/INDEPENDENT_FRESH_1409/roots/c/host/moved/before.bin: OK
Research/R33_NATIVE_N19_RUNTIME_BOUNDARY/RECOVERY_20260915_C/INDEPENDENT_FRESH_1409/roots/c/host/moved/after.bin: OK
Research/R33_NATIVE_N19_RUNTIME_BOUNDARY/RECOVERY_20260915_C/INDEPENDENT_FRESH_1409/roots/c/host/one.bin: OK
Research/R33_NATIVE_N19_RUNTIME_BOUNDARY/RECOVERY_20260915_C/INDEPENDENT_FRESH_1409/roots/c/crash/p4/journal.bin: OK
Research/R33_NATIVE_N19_RUNTIME_BOUNDARY/RECOVERY_20260915_C/INDEPENDENT_FRESH_1409/roots/c/crash/p3/journal.bin: OK
Research/R33_NATIVE_N19_RUNTIME_BOUNDARY/RECOVERY_20260915_C/INDEPENDENT_FRESH_1409/roots/c/crash/p2/journal.bin: OK
Research/R33_NATIVE_N19_RUNTIME_BOUNDARY/RECOVERY_20260915_C/INDEPENDENT_FRESH_1409/roots/c/crash/p5/journal.bin: OK
Research/R33_NATIVE_N19_RUNTIME_BOUNDARY/RECOVERY_20260915_C/INDEPENDENT_FRESH_1409/roots/c/crash/p1/journal.bin: OK
Research/R33_NATIVE_N19_RUNTIME_BOUNDARY/RECOVERY_20260915_C/INDEPENDENT_FRESH_1409/roots/c/poison/journal.bin: OK
Research/R33_NATIVE_N19_RUNTIME_BOUNDARY/RECOVERY_20260915_C/INDEPENDENT_FRESH_1409/roots/c/stat.txt: OK
Research/R33_NATIVE_N19_RUNTIME_BOUNDARY/RECOVERY_20260915_C/INDEPENDENT_FRESH_1409/roots/c/ops/io.bin: OK
Research/R33_NATIVE_N19_RUNTIME_BOUNDARY/RECOVERY_20260915_C/INDEPENDENT_FRESH_1409/roots/c/ops/retained.bin: OK
Research/R33_NATIVE_N19_RUNTIME_BOUNDARY/RECOVERY_20260915_C/INDEPENDENT_FRESH_1409/roots/c/ops/fsync.bin: OK
Research/R33_NATIVE_N19_RUNTIME_BOUNDARY/RECOVERY_20260915_C/INDEPENDENT_FRESH_1409/roots/c/ops/append.bin: OK
Research/R33_NATIVE_N19_RUNTIME_BOUNDARY/RECOVERY_20260915_C/INDEPENDENT_FRESH_1409/roots/c/ops/close.bin: OK
Research/R33_NATIVE_N19_RUNTIME_BOUNDARY/RECOVERY_20260915_C/INDEPENDENT_FRESH_1409/roots/c/ops/torn.bin: OK
Research/R33_NATIVE_N19_RUNTIME_BOUNDARY/RECOVERY_20260915_C/INDEPENDENT_FRESH_1409/roots/c/resource/resource.bin: OK
Research/R33_NATIVE_N19_RUNTIME_BOUNDARY/RECOVERY_20260915_C/INDEPENDENT_FRESH_1409/roots/d/host/hard.bin: OK
Research/R33_NATIVE_N19_RUNTIME_BOUNDARY/RECOVERY_20260915_C/INDEPENDENT_FRESH_1409/roots/d/host/moved/before.bin: OK
Research/R33_NATIVE_N19_RUNTIME_BOUNDARY/RECOVERY_20260915_C/INDEPENDENT_FRESH_1409/roots/d/host/moved/after.bin: OK
Research/R33_NATIVE_N19_RUNTIME_BOUNDARY/RECOVERY_20260915_C/INDEPENDENT_FRESH_1409/roots/d/host/one.bin: OK
Research/R33_NATIVE_N19_RUNTIME_BOUNDARY/RECOVERY_20260915_C/INDEPENDENT_FRESH_1409/roots/d/crash/p4/journal.bin: OK
Research/R33_NATIVE_N19_RUNTIME_BOUNDARY/RECOVERY_20260915_C/INDEPENDENT_FRESH_1409/roots/d/crash/p3/journal.bin: OK
Research/R33_NATIVE_N19_RUNTIME_BOUNDARY/RECOVERY_20260915_C/INDEPENDENT_FRESH_1409/roots/d/crash/p2/journal.bin: OK
Research/R33_NATIVE_N19_RUNTIME_BOUNDARY/RECOVERY_20260915_C/INDEPENDENT_FRESH_1409/roots/d/crash/p5/journal.bin: OK
Research/R33_NATIVE_N19_RUNTIME_BOUNDARY/RECOVERY_20260915_C/INDEPENDENT_FRESH_1409/roots/d/crash/p1/journal.bin: OK
Research/R33_NATIVE_N19_RUNTIME_BOUNDARY/RECOVERY_20260915_C/INDEPENDENT_FRESH_1409/roots/d/poison/journal.bin: OK
Research/R33_NATIVE_N19_RUNTIME_BOUNDARY/RECOVERY_20260915_C/INDEPENDENT_FRESH_1409/roots/d/stat.txt: OK
Research/R33_NATIVE_N19_RUNTIME_BOUNDARY/RECOVERY_20260915_C/INDEPENDENT_FRESH_1409/roots/d/ops/io.bin: OK
Research/R33_NATIVE_N19_RUNTIME_BOUNDARY/RECOVERY_20260915_C/INDEPENDENT_FRESH_1409/roots/d/ops/retained.bin: OK
Research/R33_NATIVE_N19_RUNTIME_BOUNDARY/RECOVERY_20260915_C/INDEPENDENT_FRESH_1409/roots/d/ops/fsync.bin: OK
Research/R33_NATIVE_N19_RUNTIME_BOUNDARY/RECOVERY_20260915_C/INDEPENDENT_FRESH_1409/roots/d/ops/append.bin: OK
Research/R33_NATIVE_N19_RUNTIME_BOUNDARY/RECOVERY_20260915_C/INDEPENDENT_FRESH_1409/roots/d/ops/close.bin: OK
Research/R33_NATIVE_N19_RUNTIME_BOUNDARY/RECOVERY_20260915_C/INDEPENDENT_FRESH_1409/roots/d/ops/torn.bin: OK
Research/R33_NATIVE_N19_RUNTIME_BOUNDARY/RECOVERY_20260915_C/INDEPENDENT_FRESH_1409/roots/d/resource/resource.bin: OK
Research/R33_NATIVE_N19_RUNTIME_BOUNDARY/RECOVERY_20260915_C/INDEPENDENT_FRESH_1409/roots/b/host/hard.bin: OK
Research/R33_NATIVE_N19_RUNTIME_BOUNDARY/RECOVERY_20260915_C/INDEPENDENT_FRESH_1409/roots/b/host/moved/before.bin: OK
Research/R33_NATIVE_N19_RUNTIME_BOUNDARY/RECOVERY_20260915_C/INDEPENDENT_FRESH_1409/roots/b/host/moved/after.bin: OK
Research/R33_NATIVE_N19_RUNTIME_BOUNDARY/RECOVERY_20260915_C/INDEPENDENT_FRESH_1409/roots/b/host/one.bin: OK
Research/R33_NATIVE_N19_RUNTIME_BOUNDARY/RECOVERY_20260915_C/INDEPENDENT_FRESH_1409/roots/b/crash/p4/journal.bin: OK
Research/R33_NATIVE_N19_RUNTIME_BOUNDARY/RECOVERY_20260915_C/INDEPENDENT_FRESH_1409/roots/b/crash/p3/journal.bin: OK
Research/R33_NATIVE_N19_RUNTIME_BOUNDARY/RECOVERY_20260915_C/INDEPENDENT_FRESH_1409/roots/b/crash/p2/journal.bin: OK
Research/R33_NATIVE_N19_RUNTIME_BOUNDARY/RECOVERY_20260915_C/INDEPENDENT_FRESH_1409/roots/b/crash/p5/journal.bin: OK
Research/R33_NATIVE_N19_RUNTIME_BOUNDARY/RECOVERY_20260915_C/INDEPENDENT_FRESH_1409/roots/b/crash/p1/journal.bin: OK
Research/R33_NATIVE_N19_RUNTIME_BOUNDARY/RECOVERY_20260915_C/INDEPENDENT_FRESH_1409/roots/b/poison/journal.bin: OK
Research/R33_NATIVE_N19_RUNTIME_BOUNDARY/RECOVERY_20260915_C/INDEPENDENT_FRESH_1409/roots/b/independent/owned.bin: OK
Research/R33_NATIVE_N19_RUNTIME_BOUNDARY/RECOVERY_20260915_C/INDEPENDENT_FRESH_1409/roots/b/independent/next.bin: OK
Research/R33_NATIVE_N19_RUNTIME_BOUNDARY/RECOVERY_20260915_C/INDEPENDENT_FRESH_1409/roots/b/stat.txt: OK
Research/R33_NATIVE_N19_RUNTIME_BOUNDARY/RECOVERY_20260915_C/INDEPENDENT_FRESH_1409/roots/b/ops/io.bin: OK
Research/R33_NATIVE_N19_RUNTIME_BOUNDARY/RECOVERY_20260915_C/INDEPENDENT_FRESH_1409/roots/b/ops/retained.bin: OK
Research/R33_NATIVE_N19_RUNTIME_BOUNDARY/RECOVERY_20260915_C/INDEPENDENT_FRESH_1409/roots/b/ops/fsync.bin: OK
Research/R33_NATIVE_N19_RUNTIME_BOUNDARY/RECOVERY_20260915_C/INDEPENDENT_FRESH_1409/roots/b/ops/append.bin: OK
Research/R33_NATIVE_N19_RUNTIME_BOUNDARY/RECOVERY_20260915_C/INDEPENDENT_FRESH_1409/roots/b/ops/close.bin: OK
Research/R33_NATIVE_N19_RUNTIME_BOUNDARY/RECOVERY_20260915_C/INDEPENDENT_FRESH_1409/roots/b/ops/torn.bin: OK
Research/R33_NATIVE_N19_RUNTIME_BOUNDARY/RECOVERY_20260915_C/INDEPENDENT_FRESH_1409/roots/b/resource/resource.bin: OK
Research/R33_NATIVE_N19_RUNTIME_BOUNDARY/RECOVERY_20260915_C/INDEPENDENT_FRESH_1409/INDEPENDENT_REVIEW.md: OK
Research/R33_NATIVE_N19_RUNTIME_BOUNDARY/RECOVERY_20260915_C/INDEPENDENT_FRESH_1409/run.zsh: OK
Research/R33_NATIVE_N19_RUNTIME_BOUNDARY/RECOVERY_20260915_C/INDEPENDENT_FRESH_1409/final_entry.command_exit.txt: OK
Research/R33_NATIVE_N19_RUNTIME_BOUNDARY/RECOVERY_20260915_C/INDEPENDENT_FRESH_1409/final.summary.txt: OK
Research/R33_NATIVE_N19_RUNTIME_BOUNDARY/RECOVERY_20260915_C/INDEPENDENT_FRESH_1409/results.results.txt: OK
Research/R33_NATIVE_N19_RUNTIME_BOUNDARY/RECOVERY_20260915_C/INDEPENDENT_FRESH_1409/bin/n19_repaired: OK
Research/R33_NATIVE_N19_RUNTIME_BOUNDARY/RECOVERY_20260915_C/INDEPENDENT_FRESH_1409/bin/n19_qual: OK
Research/R33_NATIVE_N19_RUNTIME_BOUNDARY/RECOVERY_20260915_C/INDEPENDENT_FRESH_1409/bin/n19_host_tests: OK
Research/R33_NATIVE_N19_RUNTIME_BOUNDARY/RECOVERY_20260915_C/INDEPENDENT_FRESH_1409/bin/c_independent_faults: OK
Research/R33_NATIVE_N19_RUNTIME_BOUNDARY/RECOVERY_20260915_C/INDEPENDENT_FRESH_1409/git.before.diff: OK
Research/R33_NATIVE_N19_RUNTIME_BOUNDARY/RECOVERY_20260915_C/INDEPENDENT_FRESH_1409/extra.summary.txt: OK
Research/R33_NATIVE_N19_RUNTIME_BOUNDARY/RECOVERY_20260915_C/INDEPENDENT_FRESH_1409/canonical.before.sha256: OK
Research/R33_NATIVE_N19_RUNTIME_BOUNDARY/RECOVERY_20260915_C/INDEPENDENT_FRESH_1409/host.txt: OK
Research/R33_NATIVE_N19_RUNTIME_BOUNDARY/RECOVERY_20260915_C/INDEPENDENT_FRESH_1409/protected.after.sha256: OK
Research/R33_NATIVE_N19_RUNTIME_BOUNDARY/RECOVERY_20260915_C/INDEPENDENT_FRESH_1409/binary.sha256: OK
Research/R33_NATIVE_N19_RUNTIME_BOUNDARY/RECOVERY_20260915_C/INDEPENDENT_FRESH_1409/source.sha256: OK
Research/R33_NATIVE_N19_RUNTIME_BOUNDARY/RECOVERY_20260915_C/INDEPENDENT_FRESH_1409/git.repaired.diff: OK
Research/R33_NATIVE_N19_RUNTIME_BOUNDARY/RECOVERY_20260915_C/INDEPENDENT_FRESH_1409/logs/87_b_symlink_recover.command: OK
Research/R33_NATIVE_N19_RUNTIME_BOUNDARY/RECOVERY_20260915_C/INDEPENDENT_FRESH_1409/logs/218_c_case-error-classification.command: OK
Research/R33_NATIVE_N19_RUNTIME_BOUNDARY/RECOVERY_20260915_C/INDEPENDENT_FRESH_1409/logs/7_invariants_a.stderr: OK
Research/R33_NATIVE_N19_RUNTIME_BOUNDARY/RECOVERY_20260915_C/INDEPENDENT_FRESH_1409/logs/71_b_case-retained-sequence.stderr: OK
Research/R33_NATIVE_N19_RUNTIME_BOUNDARY/RECOVERY_20260915_C/INDEPENDENT_FRESH_1409/logs/22_a_case-fault-host-probe.exit: OK
Research/R33_NATIVE_N19_RUNTIME_BOUNDARY/RECOVERY_20260915_C/INDEPENDENT_FRESH_1409/logs/55_b_case-malformed.stdout: OK
Research/R33_NATIVE_N19_RUNTIME_BOUNDARY/RECOVERY_20260915_C/INDEPENDENT_FRESH_1409/logs/104_canonical_after.command: OK
Research/R33_NATIVE_N19_RUNTIME_BOUNDARY/RECOVERY_20260915_C/INDEPENDENT_FRESH_1409/logs/223_c_case-io.command: OK
Research/R33_NATIVE_N19_RUNTIME_BOUNDARY/RECOVERY_20260915_C/INDEPENDENT_FRESH_1409/logs/250_invariants_d.command: OK
Research/R33_NATIVE_N19_RUNTIME_BOUNDARY/RECOVERY_20260915_C/INDEPENDENT_FRESH_1409/logs/211_host_c.stderr: OK
Research/R33_NATIVE_N19_RUNTIME_BOUNDARY/RECOVERY_20260915_C/INDEPENDENT_FRESH_1409/logs/248_resource_predicate_d.stderr: OK
Research/R33_NATIVE_N19_RUNTIME_BOUNDARY/RECOVERY_20260915_C/INDEPENDENT_FRESH_1409/logs/225_c_case-append-existing.command: OK
Research/R33_NATIVE_N19_RUNTIME_BOUNDARY/RECOVERY_20260915_C/INDEPENDENT_FRESH_1409/logs/242_c_unsafe_directory.stdout: OK
Research/R33_NATIVE_N19_RUNTIME_BOUNDARY/RECOVERY_20260915_C/INDEPENDENT_FRESH_1409/logs/280_d_missing_recover_root.exit: OK
Research/R33_NATIVE_N19_RUNTIME_BOUNDARY/RECOVERY_20260915_C/INDEPENDENT_FRESH_1409/logs/278_d_duplicate.exit: OK
Research/R33_NATIVE_N19_RUNTIME_BOUNDARY/RECOVERY_20260915_C/INDEPENDENT_FRESH_1409/logs/24_a_case-write.exit: OK
Research/R33_NATIVE_N19_RUNTIME_BOUNDARY/RECOVERY_20260915_C/INDEPENDENT_FRESH_1409/logs/231_c_case-fault-close.exit: OK
Research/R33_NATIVE_N19_RUNTIME_BOUNDARY/RECOVERY_20260915_C/INDEPENDENT_FRESH_1409/logs/218_c_case-error-classification.stderr: OK
Research/R33_NATIVE_N19_RUNTIME_BOUNDARY/RECOVERY_20260915_C/INDEPENDENT_FRESH_1409/logs/235_c_duplicate.command: OK
Research/R33_NATIVE_N19_RUNTIME_BOUNDARY/RECOVERY_20260915_C/INDEPENDENT_FRESH_1409/logs/285_d_unsafe_directory.exit: OK
Research/R33_NATIVE_N19_RUNTIME_BOUNDARY/RECOVERY_20260915_C/INDEPENDENT_FRESH_1409/logs/27_a_case-probe-existing.stdout: OK
Research/R33_NATIVE_N19_RUNTIME_BOUNDARY/RECOVERY_20260915_C/INDEPENDENT_FRESH_1409/logs/3_build_repaired.exit: OK
Research/R33_NATIVE_N19_RUNTIME_BOUNDARY/RECOVERY_20260915_C/INDEPENDENT_FRESH_1409/logs/74_b_case-fault-close.exit: OK
Research/R33_NATIVE_N19_RUNTIME_BOUNDARY/RECOVERY_20260915_C/INDEPENDENT_FRESH_1409/logs/82_b_unsafe_hard.bin.exit: OK
Research/R33_NATIVE_N19_RUNTIME_BOUNDARY/RECOVERY_20260915_C/INDEPENDENT_FRESH_1409/logs/240_c_unsafe_one.bin.stdout: OK
Research/R33_NATIVE_N19_RUNTIME_BOUNDARY/RECOVERY_20260915_C/INDEPENDENT_FRESH_1409/logs/293_tracked_diff_preserved.stdout: OK
Research/R33_NATIVE_N19_RUNTIME_BOUNDARY/RECOVERY_20260915_C/INDEPENDENT_FRESH_1409/logs/63_b_case-host-abi.exit: OK
Research/R33_NATIVE_N19_RUNTIME_BOUNDARY/RECOVERY_20260915_C/INDEPENDENT_FRESH_1409/logs/272_d_case-torn.stderr: OK
Research/R33_NATIVE_N19_RUNTIME_BOUNDARY/RECOVERY_20260915_C/INDEPENDENT_FRESH_1409/logs/78_b_duplicate.stdout: OK
Research/R33_NATIVE_N19_RUNTIME_BOUNDARY/RECOVERY_20260915_C/INDEPENDENT_FRESH_1409/logs/254_host_d.stdout: OK
Research/R33_NATIVE_N19_RUNTIME_BOUNDARY/RECOVERY_20260915_C/INDEPENDENT_FRESH_1409/logs/75_b_missing_case-recover-file.command: OK
Research/R33_NATIVE_N19_RUNTIME_BOUNDARY/RECOVERY_20260915_C/INDEPENDENT_FRESH_1409/logs/214_c_case-capacity.stderr: OK
Research/R33_NATIVE_N19_RUNTIME_BOUNDARY/RECOVERY_20260915_C/INDEPENDENT_FRESH_1409/logs/93_tracked_diff_preserved.stderr: OK
Research/R33_NATIVE_N19_RUNTIME_BOUNDARY/RECOVERY_20260915_C/INDEPENDENT_FRESH_1409/logs/255_d_case-malformed.stderr: OK
Research/R33_NATIVE_N19_RUNTIME_BOUNDARY/RECOVERY_20260915_C/INDEPENDENT_FRESH_1409/logs/69_b_case-recover-file.stderr: OK
Research/R33_NATIVE_N19_RUNTIME_BOUNDARY/RECOVERY_20260915_C/INDEPENDENT_FRESH_1409/logs/270_d_case-probe-existing.stdout: OK
Research/R33_NATIVE_N19_RUNTIME_BOUNDARY/RECOVERY_20260915_C/INDEPENDENT_FRESH_1409/logs/80_b_missing_recover_root.exit: OK
Research/R33_NATIVE_N19_RUNTIME_BOUNDARY/RECOVERY_20260915_C/INDEPENDENT_FRESH_1409/logs/209_crash_c.command: OK
Research/R33_NATIVE_N19_RUNTIME_BOUNDARY/RECOVERY_20260915_C/INDEPENDENT_FRESH_1409/logs/2_build_host.stderr: OK
Research/R33_NATIVE_N19_RUNTIME_BOUNDARY/RECOVERY_20260915_C/INDEPENDENT_FRESH_1409/logs/264_d_case-fault-open.exit: OK
Research/R33_NATIVE_N19_RUNTIME_BOUNDARY/RECOVERY_20260915_C/INDEPENDENT_FRESH_1409/logs/17_a_case-recovery-atomicity.stderr: OK
Research/R33_NATIVE_N19_RUNTIME_BOUNDARY/RECOVERY_20260915_C/INDEPENDENT_FRESH_1409/logs/203_build_repaired.stdout: OK
Research/R33_NATIVE_N19_RUNTIME_BOUNDARY/RECOVERY_20260915_C/INDEPENDENT_FRESH_1409/logs/30_a_case-fault-fsync.stderr: OK
Research/R33_NATIVE_N19_RUNTIME_BOUNDARY/RECOVERY_20260915_C/INDEPENDENT_FRESH_1409/logs/215_c_case-recovery.exit: OK
Research/R33_NATIVE_N19_RUNTIME_BOUNDARY/RECOVERY_20260915_C/INDEPENDENT_FRESH_1409/logs/219_c_case-limit.command: OK
Research/R33_NATIVE_N19_RUNTIME_BOUNDARY/RECOVERY_20260915_C/INDEPENDENT_FRESH_1409/logs/10_resource_a.command: OK
Research/R33_NATIVE_N19_RUNTIME_BOUNDARY/RECOVERY_20260915_C/INDEPENDENT_FRESH_1409/logs/249_cpu_d.stderr: OK
Research/R33_NATIVE_N19_RUNTIME_BOUNDARY/RECOVERY_20260915_C/INDEPENDENT_FRESH_1409/logs/106_historical_after.stdout: OK
Research/R33_NATIVE_N19_RUNTIME_BOUNDARY/RECOVERY_20260915_C/INDEPENDENT_FRESH_1409/logs/201_build_qual.stdout: OK
Research/R33_NATIVE_N19_RUNTIME_BOUNDARY/RECOVERY_20260915_C/INDEPENDENT_FRESH_1409/logs/267_d_case-write.exit: OK
Research/R33_NATIVE_N19_RUNTIME_BOUNDARY/RECOVERY_20260915_C/INDEPENDENT_FRESH_1409/logs/227_c_case-probe-existing.command: OK
Research/R33_NATIVE_N19_RUNTIME_BOUNDARY/RECOVERY_20260915_C/INDEPENDENT_FRESH_1409/logs/38_a_unsafe_sym.bin.command: OK
Research/R33_NATIVE_N19_RUNTIME_BOUNDARY/RECOVERY_20260915_C/INDEPENDENT_FRESH_1409/logs/81_b_unsafe_sym.bin.stderr: OK
Research/R33_NATIVE_N19_RUNTIME_BOUNDARY/RECOVERY_20260915_C/INDEPENDENT_FRESH_1409/logs/275_d_missing_case-recover-file.stderr: OK
Research/R33_NATIVE_N19_RUNTIME_BOUNDARY/RECOVERY_20260915_C/INDEPENDENT_FRESH_1409/logs/27_a_case-probe-existing.exit: OK
Research/R33_NATIVE_N19_RUNTIME_BOUNDARY/RECOVERY_20260915_C/INDEPENDENT_FRESH_1409/logs/268_d_case-append-existing.command: OK
Research/R33_NATIVE_N19_RUNTIME_BOUNDARY/RECOVERY_20260915_C/INDEPENDENT_FRESH_1409/logs/21_a_case-fault-open.stdout: OK
Research/R33_NATIVE_N19_RUNTIME_BOUNDARY/RECOVERY_20260915_C/INDEPENDENT_FRESH_1409/logs/5_resource_predicate_a.command: OK
Research/R33_NATIVE_N19_RUNTIME_BOUNDARY/RECOVERY_20260915_C/INDEPENDENT_FRESH_1409/logs/271_d_case-retained-sequence.stdout: OK
Research/R33_NATIVE_N19_RUNTIME_BOUNDARY/RECOVERY_20260915_C/INDEPENDENT_FRESH_1409/logs/273_d_case-fault-fsync.stderr: OK
Research/R33_NATIVE_N19_RUNTIME_BOUNDARY/RECOVERY_20260915_C/INDEPENDENT_FRESH_1409/logs/52_crash_b.stderr: OK
Research/R33_NATIVE_N19_RUNTIME_BOUNDARY/RECOVERY_20260915_C/INDEPENDENT_FRESH_1409/logs/286_d_symlink_root.exit: OK
Research/R33_NATIVE_N19_RUNTIME_BOUNDARY/RECOVERY_20260915_C/INDEPENDENT_FRESH_1409/logs/75_b_missing_case-recover-file.stdout: OK
Research/R33_NATIVE_N19_RUNTIME_BOUNDARY/RECOVERY_20260915_C/INDEPENDENT_FRESH_1409/logs/273_d_case-fault-fsync.command: OK
Research/R33_NATIVE_N19_RUNTIME_BOUNDARY/RECOVERY_20260915_C/INDEPENDENT_FRESH_1409/logs/253_resource_d.exit: OK
Research/R33_NATIVE_N19_RUNTIME_BOUNDARY/RECOVERY_20260915_C/INDEPENDENT_FRESH_1409/logs/230_c_case-fault-fsync.stdout: OK
Research/R33_NATIVE_N19_RUNTIME_BOUNDARY/RECOVERY_20260915_C/INDEPENDENT_FRESH_1409/logs/285_d_unsafe_directory.stderr: OK
Research/R33_NATIVE_N19_RUNTIME_BOUNDARY/RECOVERY_20260915_C/INDEPENDENT_FRESH_1409/logs/4_wait_a.stderr: OK
Research/R33_NATIVE_N19_RUNTIME_BOUNDARY/RECOVERY_20260915_C/INDEPENDENT_FRESH_1409/logs/241_c_unsafe_fifo.command: OK
Research/R33_NATIVE_N19_RUNTIME_BOUNDARY/RECOVERY_20260915_C/INDEPENDENT_FRESH_1409/logs/247_wait_d.stderr: OK
Research/R33_NATIVE_N19_RUNTIME_BOUNDARY/RECOVERY_20260915_C/INDEPENDENT_FRESH_1409/logs/8_poison_a.command: OK
Research/R33_NATIVE_N19_RUNTIME_BOUNDARY/RECOVERY_20260915_C/INDEPENDENT_FRESH_1409/logs/232_c_missing_case-recover-file.command: OK
Research/R33_NATIVE_N19_RUNTIME_BOUNDARY/RECOVERY_20260915_C/INDEPENDENT_FRESH_1409/logs/18_a_case-error-classification.stdout: OK
Research/R33_NATIVE_N19_RUNTIME_BOUNDARY/RECOVERY_20260915_C/INDEPENDENT_FRESH_1409/logs/228_c_case-retained-sequence.stderr: OK
Research/R33_NATIVE_N19_RUNTIME_BOUNDARY/RECOVERY_20260915_C/INDEPENDENT_FRESH_1409/logs/62_b_case-limit.stdout: OK
Research/R33_NATIVE_N19_RUNTIME_BOUNDARY/RECOVERY_20260915_C/INDEPENDENT_FRESH_1409/logs/75_b_missing_case-recover-file.exit: OK
Research/R33_NATIVE_N19_RUNTIME_BOUNDARY/RECOVERY_20260915_C/INDEPENDENT_FRESH_1409/logs/281_d_unsafe_sym.bin.stdout: OK
Research/R33_NATIVE_N19_RUNTIME_BOUNDARY/RECOVERY_20260915_C/INDEPENDENT_FRESH_1409/logs/206_cpu_c.exit: OK
Research/R33_NATIVE_N19_RUNTIME_BOUNDARY/RECOVERY_20260915_C/INDEPENDENT_FRESH_1409/logs/24_a_case-write.command: OK
Research/R33_NATIVE_N19_RUNTIME_BOUNDARY/RECOVERY_20260915_C/INDEPENDENT_FRESH_1409/logs/79_b_missing_root.stderr: OK
Research/R33_NATIVE_N19_RUNTIME_BOUNDARY/RECOVERY_20260915_C/INDEPENDENT_FRESH_1409/logs/286_d_symlink_root.command: OK
Research/R33_NATIVE_N19_RUNTIME_BOUNDARY/RECOVERY_20260915_C/INDEPENDENT_FRESH_1409/logs/278_d_duplicate.stderr: OK
Research/R33_NATIVE_N19_RUNTIME_BOUNDARY/RECOVERY_20260915_C/INDEPENDENT_FRESH_1409/logs/72_b_case-torn.stdout: OK
Research/R33_NATIVE_N19_RUNTIME_BOUNDARY/RECOVERY_20260915_C/INDEPENDENT_FRESH_1409/logs/53_resource_b.exit: OK
Research/R33_NATIVE_N19_RUNTIME_BOUNDARY/RECOVERY_20260915_C/INDEPENDENT_FRESH_1409/logs/45_a_traversal.stderr: OK
Research/R33_NATIVE_N19_RUNTIME_BOUNDARY/RECOVERY_20260915_C/INDEPENDENT_FRESH_1409/logs/60_b_case-recovery-atomicity.stderr: OK
Research/R33_NATIVE_N19_RUNTIME_BOUNDARY/RECOVERY_20260915_C/INDEPENDENT_FRESH_1409/logs/77_b_missing_case-append-existing.stdout: OK
Research/R33_NATIVE_N19_RUNTIME_BOUNDARY/RECOVERY_20260915_C/INDEPENDENT_FRESH_1409/logs/287_d_symlink_recover.stdout: OK
Research/R33_NATIVE_N19_RUNTIME_BOUNDARY/RECOVERY_20260915_C/INDEPENDENT_FRESH_1409/logs/33_a_missing_case-probe-existing.command: OK
Research/R33_NATIVE_N19_RUNTIME_BOUNDARY/RECOVERY_20260915_C/INDEPENDENT_FRESH_1409/logs/34_a_missing_case-append-existing.exit: OK
Research/R33_NATIVE_N19_RUNTIME_BOUNDARY/RECOVERY_20260915_C/INDEPENDENT_FRESH_1409/logs/49_cpu_b.command: OK
Research/R33_NATIVE_N19_RUNTIME_BOUNDARY/RECOVERY_20260915_C/INDEPENDENT_FRESH_1409/logs/256_d_case-overflow.stderr: OK
Research/R33_NATIVE_N19_RUNTIME_BOUNDARY/RECOVERY_20260915_C/INDEPENDENT_FRESH_1409/logs/42_a_unsafe_directory.stderr: OK
Research/R33_NATIVE_N19_RUNTIME_BOUNDARY/RECOVERY_20260915_C/INDEPENDENT_FRESH_1409/logs/57_b_case-capacity.stdout: OK
Research/R33_NATIVE_N19_RUNTIME_BOUNDARY/RECOVERY_20260915_C/INDEPENDENT_FRESH_1409/logs/43_a_symlink_root.command: OK
Research/R33_NATIVE_N19_RUNTIME_BOUNDARY/RECOVERY_20260915_C/INDEPENDENT_FRESH_1409/logs/292_closeout_preserved.stdout: OK
Research/R33_NATIVE_N19_RUNTIME_BOUNDARY/RECOVERY_20260915_C/INDEPENDENT_FRESH_1409/logs/11_host_a.stdout: OK
Research/R33_NATIVE_N19_RUNTIME_BOUNDARY/RECOVERY_20260915_C/INDEPENDENT_FRESH_1409/logs/12_a_case-malformed.exit: OK
Research/R33_NATIVE_N19_RUNTIME_BOUNDARY/RECOVERY_20260915_C/INDEPENDENT_FRESH_1409/logs/284_d_unsafe_fifo.stderr: OK
Research/R33_NATIVE_N19_RUNTIME_BOUNDARY/RECOVERY_20260915_C/INDEPENDENT_FRESH_1409/logs/224_c_case-write.stdout: OK
Research/R33_NATIVE_N19_RUNTIME_BOUNDARY/RECOVERY_20260915_C/INDEPENDENT_FRESH_1409/logs/254_host_d.exit: OK
Research/R33_NATIVE_N19_RUNTIME_BOUNDARY/RECOVERY_20260915_C/INDEPENDENT_FRESH_1409/logs/285_d_unsafe_directory.command: OK
Research/R33_NATIVE_N19_RUNTIME_BOUNDARY/RECOVERY_20260915_C/INDEPENDENT_FRESH_1409/logs/35_a_duplicate.exit: OK
Research/R33_NATIVE_N19_RUNTIME_BOUNDARY/RECOVERY_20260915_C/INDEPENDENT_FRESH_1409/logs/253_resource_d.command: OK
Research/R33_NATIVE_N19_RUNTIME_BOUNDARY/RECOVERY_20260915_C/INDEPENDENT_FRESH_1409/logs/272_d_case-torn.exit: OK
Research/R33_NATIVE_N19_RUNTIME_BOUNDARY/RECOVERY_20260915_C/INDEPENDENT_FRESH_1409/logs/106_historical_after.command: OK
Research/R33_NATIVE_N19_RUNTIME_BOUNDARY/RECOVERY_20260915_C/INDEPENDENT_FRESH_1409/logs/239_c_unsafe_hard.bin.stdout: OK
Research/R33_NATIVE_N19_RUNTIME_BOUNDARY/RECOVERY_20260915_C/INDEPENDENT_FRESH_1409/logs/251_poison_d.stdout: OK
Research/R33_NATIVE_N19_RUNTIME_BOUNDARY/RECOVERY_20260915_C/INDEPENDENT_FRESH_1409/logs/102_independent_fault_a.command: OK
Research/R33_NATIVE_N19_RUNTIME_BOUNDARY/RECOVERY_20260915_C/INDEPENDENT_FRESH_1409/logs/39_a_unsafe_hard.bin.command: OK
Research/R33_NATIVE_N19_RUNTIME_BOUNDARY/RECOVERY_20260915_C/INDEPENDENT_FRESH_1409/logs/73_b_case-fault-fsync.stdout: OK
Research/R33_NATIVE_N19_RUNTIME_BOUNDARY/RECOVERY_20260915_C/INDEPENDENT_FRESH_1409/logs/18_a_case-error-classification.exit: OK
Research/R33_NATIVE_N19_RUNTIME_BOUNDARY/RECOVERY_20260915_C/INDEPENDENT_FRESH_1409/logs/277_d_missing_case-append-existing.exit: OK
Research/R33_NATIVE_N19_RUNTIME_BOUNDARY/RECOVERY_20260915_C/INDEPENDENT_FRESH_1409/logs/105_protected_after.command: OK
Research/R33_NATIVE_N19_RUNTIME_BOUNDARY/RECOVERY_20260915_C/INDEPENDENT_FRESH_1409/logs/104_canonical_after.stdout: OK
Research/R33_NATIVE_N19_RUNTIME_BOUNDARY/RECOVERY_20260915_C/INDEPENDENT_FRESH_1409/logs/37_a_missing_recover_root.stderr: OK
Research/R33_NATIVE_N19_RUNTIME_BOUNDARY/RECOVERY_20260915_C/INDEPENDENT_FRESH_1409/logs/202_build_host.command: OK
Research/R33_NATIVE_N19_RUNTIME_BOUNDARY/RECOVERY_20260915_C/INDEPENDENT_FRESH_1409/logs/282_d_unsafe_hard.bin.stdout: OK
Research/R33_NATIVE_N19_RUNTIME_BOUNDARY/RECOVERY_20260915_C/INDEPENDENT_FRESH_1409/logs/68_b_case-append-existing.stderr: OK
Research/R33_NATIVE_N19_RUNTIME_BOUNDARY/RECOVERY_20260915_C/INDEPENDENT_FRESH_1409/logs/3_build_repaired.command: OK
Research/R33_NATIVE_N19_RUNTIME_BOUNDARY/RECOVERY_20260915_C/INDEPENDENT_FRESH_1409/logs/26_a_case-recover-file.stdout: OK
Research/R33_NATIVE_N19_RUNTIME_BOUNDARY/RECOVERY_20260915_C/INDEPENDENT_FRESH_1409/logs/270_d_case-probe-existing.exit: OK
Research/R33_NATIVE_N19_RUNTIME_BOUNDARY/RECOVERY_20260915_C/INDEPENDENT_FRESH_1409/logs/293_tracked_diff_preserved.command: OK
Research/R33_NATIVE_N19_RUNTIME_BOUNDARY/RECOVERY_20260915_C/INDEPENDENT_FRESH_1409/logs/240_c_unsafe_one.bin.exit: OK
Research/R33_NATIVE_N19_RUNTIME_BOUNDARY/RECOVERY_20260915_C/INDEPENDENT_FRESH_1409/logs/103_independent_fault_b.command: OK
Research/R33_NATIVE_N19_RUNTIME_BOUNDARY/RECOVERY_20260915_C/INDEPENDENT_FRESH_1409/logs/103_independent_fault_b.stderr: OK
Research/R33_NATIVE_N19_RUNTIME_BOUNDARY/RECOVERY_20260915_C/INDEPENDENT_FRESH_1409/logs/40_a_unsafe_one.bin.stdout: OK
Research/R33_NATIVE_N19_RUNTIME_BOUNDARY/RECOVERY_20260915_C/INDEPENDENT_FRESH_1409/logs/85_b_unsafe_directory.stdout: OK
Research/R33_NATIVE_N19_RUNTIME_BOUNDARY/RECOVERY_20260915_C/INDEPENDENT_FRESH_1409/logs/31_a_case-fault-close.stdout: OK
Research/R33_NATIVE_N19_RUNTIME_BOUNDARY/RECOVERY_20260915_C/INDEPENDENT_FRESH_1409/logs/222_c_case-fault-host-probe.exit: OK
Research/R33_NATIVE_N19_RUNTIME_BOUNDARY/RECOVERY_20260915_C/INDEPENDENT_FRESH_1409/logs/51_poison_b.stdout: OK
Research/R33_NATIVE_N19_RUNTIME_BOUNDARY/RECOVERY_20260915_C/INDEPENDENT_FRESH_1409/logs/217_c_case-recovery-atomicity.command: OK
Research/R33_NATIVE_N19_RUNTIME_BOUNDARY/RECOVERY_20260915_C/INDEPENDENT_FRESH_1409/logs/243_c_symlink_root.stdout: OK
Research/R33_NATIVE_N19_RUNTIME_BOUNDARY/RECOVERY_20260915_C/INDEPENDENT_FRESH_1409/logs/239_c_unsafe_hard.bin.exit: OK
Research/R33_NATIVE_N19_RUNTIME_BOUNDARY/RECOVERY_20260915_C/INDEPENDENT_FRESH_1409/logs/15_a_case-recovery.stderr: OK
Research/R33_NATIVE_N19_RUNTIME_BOUNDARY/RECOVERY_20260915_C/INDEPENDENT_FRESH_1409/logs/31_a_case-fault-close.exit: OK
Research/R33_NATIVE_N19_RUNTIME_BOUNDARY/RECOVERY_20260915_C/INDEPENDENT_FRESH_1409/logs/275_d_missing_case-recover-file.exit: OK
Research/R33_NATIVE_N19_RUNTIME_BOUNDARY/RECOVERY_20260915_C/INDEPENDENT_FRESH_1409/logs/260_d_case-recovery-atomicity.stderr: OK
Research/R33_NATIVE_N19_RUNTIME_BOUNDARY/RECOVERY_20260915_C/INDEPENDENT_FRESH_1409/logs/217_c_case-recovery-atomicity.exit: OK
Research/R33_NATIVE_N19_RUNTIME_BOUNDARY/RECOVERY_20260915_C/INDEPENDENT_FRESH_1409/logs/47_wait_b.stderr: OK
Research/R33_NATIVE_N19_RUNTIME_BOUNDARY/RECOVERY_20260915_C/INDEPENDENT_FRESH_1409/logs/4_wait_a.exit: OK
Research/R33_NATIVE_N19_RUNTIME_BOUNDARY/RECOVERY_20260915_C/INDEPENDENT_FRESH_1409/logs/63_b_case-host-abi.stdout: OK
Research/R33_NATIVE_N19_RUNTIME_BOUNDARY/RECOVERY_20260915_C/INDEPENDENT_FRESH_1409/logs/277_d_missing_case-append-existing.command: OK
Research/R33_NATIVE_N19_RUNTIME_BOUNDARY/RECOVERY_20260915_C/INDEPENDENT_FRESH_1409/logs/11_host_a.command: OK
Research/R33_NATIVE_N19_RUNTIME_BOUNDARY/RECOVERY_20260915_C/INDEPENDENT_FRESH_1409/logs/227_c_case-probe-existing.stdout: OK
Research/R33_NATIVE_N19_RUNTIME_BOUNDARY/RECOVERY_20260915_C/INDEPENDENT_FRESH_1409/logs/43_a_symlink_root.stderr: OK
Research/R33_NATIVE_N19_RUNTIME_BOUNDARY/RECOVERY_20260915_C/INDEPENDENT_FRESH_1409/logs/16_a_case-corruption.stderr: OK
Research/R33_NATIVE_N19_RUNTIME_BOUNDARY/RECOVERY_20260915_C/INDEPENDENT_FRESH_1409/logs/263_d_case-host-abi.command: OK
Research/R33_NATIVE_N19_RUNTIME_BOUNDARY/RECOVERY_20260915_C/INDEPENDENT_FRESH_1409/logs/206_cpu_c.stdout: OK
Research/R33_NATIVE_N19_RUNTIME_BOUNDARY/RECOVERY_20260915_C/INDEPENDENT_FRESH_1409/logs/103_independent_fault_b.exit: OK
Research/R33_NATIVE_N19_RUNTIME_BOUNDARY/RECOVERY_20260915_C/INDEPENDENT_FRESH_1409/logs/25_a_case-append-existing.exit: OK
Research/R33_NATIVE_N19_RUNTIME_BOUNDARY/RECOVERY_20260915_C/INDEPENDENT_FRESH_1409/logs/216_c_case-corruption.command: OK
Research/R33_NATIVE_N19_RUNTIME_BOUNDARY/RECOVERY_20260915_C/INDEPENDENT_FRESH_1409/logs/46_a_absolute.stderr: OK
Research/R33_NATIVE_N19_RUNTIME_BOUNDARY/RECOVERY_20260915_C/INDEPENDENT_FRESH_1409/logs/250_invariants_d.stderr: OK
Research/R33_NATIVE_N19_RUNTIME_BOUNDARY/RECOVERY_20260915_C/INDEPENDENT_FRESH_1409/logs/267_d_case-write.stdout: OK
Research/R33_NATIVE_N19_RUNTIME_BOUNDARY/RECOVERY_20260915_C/INDEPENDENT_FRESH_1409/logs/91_protected_preserved.command: OK
Research/R33_NATIVE_N19_RUNTIME_BOUNDARY/RECOVERY_20260915_C/INDEPENDENT_FRESH_1409/logs/245_c_traversal.stdout: OK
Research/R33_NATIVE_N19_RUNTIME_BOUNDARY/RECOVERY_20260915_C/INDEPENDENT_FRESH_1409/logs/222_c_case-fault-host-probe.stderr: OK
Research/R33_NATIVE_N19_RUNTIME_BOUNDARY/RECOVERY_20260915_C/INDEPENDENT_FRESH_1409/logs/23_a_case-io.stderr: OK
Research/R33_NATIVE_N19_RUNTIME_BOUNDARY/RECOVERY_20260915_C/INDEPENDENT_FRESH_1409/logs/290_canonical_preserved.stdout: OK
Research/R33_NATIVE_N19_RUNTIME_BOUNDARY/RECOVERY_20260915_C/INDEPENDENT_FRESH_1409/logs/264_d_case-fault-open.stderr: OK
Research/R33_NATIVE_N19_RUNTIME_BOUNDARY/RECOVERY_20260915_C/INDEPENDENT_FRESH_1409/logs/280_d_missing_recover_root.stderr: OK
Research/R33_NATIVE_N19_RUNTIME_BOUNDARY/RECOVERY_20260915_C/INDEPENDENT_FRESH_1409/logs/57_b_case-capacity.exit: OK
Research/R33_NATIVE_N19_RUNTIME_BOUNDARY/RECOVERY_20260915_C/INDEPENDENT_FRESH_1409/logs/219_c_case-limit.stderr: OK
Research/R33_NATIVE_N19_RUNTIME_BOUNDARY/RECOVERY_20260915_C/INDEPENDENT_FRESH_1409/logs/229_c_case-torn.exit: OK
Research/R33_NATIVE_N19_RUNTIME_BOUNDARY/RECOVERY_20260915_C/INDEPENDENT_FRESH_1409/logs/92_closeout_preserved.command: OK
Research/R33_NATIVE_N19_RUNTIME_BOUNDARY/RECOVERY_20260915_C/INDEPENDENT_FRESH_1409/logs/258_d_case-recovery.stderr: OK
Research/R33_NATIVE_N19_RUNTIME_BOUNDARY/RECOVERY_20260915_C/INDEPENDENT_FRESH_1409/logs/36_a_missing_root.exit: OK
Research/R33_NATIVE_N19_RUNTIME_BOUNDARY/RECOVERY_20260915_C/INDEPENDENT_FRESH_1409/logs/59_b_case-corruption.stderr: OK
Research/R33_NATIVE_N19_RUNTIME_BOUNDARY/RECOVERY_20260915_C/INDEPENDENT_FRESH_1409/logs/57_b_case-capacity.command: OK
Research/R33_NATIVE_N19_RUNTIME_BOUNDARY/RECOVERY_20260915_C/INDEPENDENT_FRESH_1409/logs/59_b_case-corruption.exit: OK
Research/R33_NATIVE_N19_RUNTIME_BOUNDARY/RECOVERY_20260915_C/INDEPENDENT_FRESH_1409/logs/244_c_symlink_recover.stdout: OK
Research/R33_NATIVE_N19_RUNTIME_BOUNDARY/RECOVERY_20260915_C/INDEPENDENT_FRESH_1409/logs/225_c_case-append-existing.stderr: OK
Research/R33_NATIVE_N19_RUNTIME_BOUNDARY/RECOVERY_20260915_C/INDEPENDENT_FRESH_1409/logs/22_a_case-fault-host-probe.stdout: OK
Research/R33_NATIVE_N19_RUNTIME_BOUNDARY/RECOVERY_20260915_C/INDEPENDENT_FRESH_1409/logs/54_host_b.stdout: OK
Research/R33_NATIVE_N19_RUNTIME_BOUNDARY/RECOVERY_20260915_C/INDEPENDENT_FRESH_1409/logs/1_build_qual.stdout: OK
Research/R33_NATIVE_N19_RUNTIME_BOUNDARY/RECOVERY_20260915_C/INDEPENDENT_FRESH_1409/logs/265_d_case-fault-host-probe.stderr: OK
Research/R33_NATIVE_N19_RUNTIME_BOUNDARY/RECOVERY_20260915_C/INDEPENDENT_FRESH_1409/logs/61_b_case-error-classification.stdout: OK
Research/R33_NATIVE_N19_RUNTIME_BOUNDARY/RECOVERY_20260915_C/INDEPENDENT_FRESH_1409/logs/220_c_case-host-abi.stderr: OK
Research/R33_NATIVE_N19_RUNTIME_BOUNDARY/RECOVERY_20260915_C/INDEPENDENT_FRESH_1409/logs/13_a_case-overflow.stdout: OK
Research/R33_NATIVE_N19_RUNTIME_BOUNDARY/RECOVERY_20260915_C/INDEPENDENT_FRESH_1409/logs/66_b_case-io.stderr: OK
Research/R33_NATIVE_N19_RUNTIME_BOUNDARY/RECOVERY_20260915_C/INDEPENDENT_FRESH_1409/logs/202_build_host.stderr: OK
Research/R33_NATIVE_N19_RUNTIME_BOUNDARY/RECOVERY_20260915_C/INDEPENDENT_FRESH_1409/logs/233_c_missing_case-probe-existing.command: OK
Research/R33_NATIVE_N19_RUNTIME_BOUNDARY/RECOVERY_20260915_C/INDEPENDENT_FRESH_1409/logs/291_protected_preserved.exit: OK
Research/R33_NATIVE_N19_RUNTIME_BOUNDARY/RECOVERY_20260915_C/INDEPENDENT_FRESH_1409/logs/261_d_case-error-classification.stderr: OK
Research/R33_NATIVE_N19_RUNTIME_BOUNDARY/RECOVERY_20260915_C/INDEPENDENT_FRESH_1409/logs/233_c_missing_case-probe-existing.stdout: OK
Research/R33_NATIVE_N19_RUNTIME_BOUNDARY/RECOVERY_20260915_C/INDEPENDENT_FRESH_1409/logs/237_c_missing_recover_root.command: OK
Research/R33_NATIVE_N19_RUNTIME_BOUNDARY/RECOVERY_20260915_C/INDEPENDENT_FRESH_1409/logs/276_d_missing_case-probe-existing.command: OK
Research/R33_NATIVE_N19_RUNTIME_BOUNDARY/RECOVERY_20260915_C/INDEPENDENT_FRESH_1409/logs/252_crash_d.exit: OK
Research/R33_NATIVE_N19_RUNTIME_BOUNDARY/RECOVERY_20260915_C/INDEPENDENT_FRESH_1409/logs/21_a_case-fault-open.command: OK
Research/R33_NATIVE_N19_RUNTIME_BOUNDARY/RECOVERY_20260915_C/INDEPENDENT_FRESH_1409/logs/13_a_case-overflow.exit: OK
Research/R33_NATIVE_N19_RUNTIME_BOUNDARY/RECOVERY_20260915_C/INDEPENDENT_FRESH_1409/logs/90_canonical_preserved.stderr: OK
Research/R33_NATIVE_N19_RUNTIME_BOUNDARY/RECOVERY_20260915_C/INDEPENDENT_FRESH_1409/logs/279_d_missing_root.stdout: OK
Research/R33_NATIVE_N19_RUNTIME_BOUNDARY/RECOVERY_20260915_C/INDEPENDENT_FRESH_1409/logs/216_c_case-corruption.exit: OK
Research/R33_NATIVE_N19_RUNTIME_BOUNDARY/RECOVERY_20260915_C/INDEPENDENT_FRESH_1409/logs/262_d_case-limit.command: OK
Research/R33_NATIVE_N19_RUNTIME_BOUNDARY/RECOVERY_20260915_C/INDEPENDENT_FRESH_1409/logs/46_a_absolute.exit: OK
Research/R33_NATIVE_N19_RUNTIME_BOUNDARY/RECOVERY_20260915_C/INDEPENDENT_FRESH_1409/logs/231_c_case-fault-close.stderr: OK
Research/R33_NATIVE_N19_RUNTIME_BOUNDARY/RECOVERY_20260915_C/INDEPENDENT_FRESH_1409/logs/38_a_unsafe_sym.bin.exit: OK
Research/R33_NATIVE_N19_RUNTIME_BOUNDARY/RECOVERY_20260915_C/INDEPENDENT_FRESH_1409/logs/50_invariants_b.command: OK
Research/R33_NATIVE_N19_RUNTIME_BOUNDARY/RECOVERY_20260915_C/INDEPENDENT_FRESH_1409/logs/241_c_unsafe_fifo.exit: OK
Research/R33_NATIVE_N19_RUNTIME_BOUNDARY/RECOVERY_20260915_C/INDEPENDENT_FRESH_1409/logs/59_b_case-corruption.stdout: OK
Research/R33_NATIVE_N19_RUNTIME_BOUNDARY/RECOVERY_20260915_C/INDEPENDENT_FRESH_1409/logs/28_a_case-retained-sequence.command: OK
Research/R33_NATIVE_N19_RUNTIME_BOUNDARY/RECOVERY_20260915_C/INDEPENDENT_FRESH_1409/logs/258_d_case-recovery.stdout: OK
Research/R33_NATIVE_N19_RUNTIME_BOUNDARY/RECOVERY_20260915_C/INDEPENDENT_FRESH_1409/logs/260_d_case-recovery-atomicity.command: OK
Research/R33_NATIVE_N19_RUNTIME_BOUNDARY/RECOVERY_20260915_C/INDEPENDENT_FRESH_1409/logs/54_host_b.stderr: OK
Research/R33_NATIVE_N19_RUNTIME_BOUNDARY/RECOVERY_20260915_C/INDEPENDENT_FRESH_1409/logs/238_c_unsafe_sym.bin.exit: OK
Research/R33_NATIVE_N19_RUNTIME_BOUNDARY/RECOVERY_20260915_C/INDEPENDENT_FRESH_1409/logs/244_c_symlink_recover.stderr: OK
Research/R33_NATIVE_N19_RUNTIME_BOUNDARY/RECOVERY_20260915_C/INDEPENDENT_FRESH_1409/logs/225_c_case-append-existing.stdout: OK
Research/R33_NATIVE_N19_RUNTIME_BOUNDARY/RECOVERY_20260915_C/INDEPENDENT_FRESH_1409/logs/22_a_case-fault-host-probe.stderr: OK
Research/R33_NATIVE_N19_RUNTIME_BOUNDARY/RECOVERY_20260915_C/INDEPENDENT_FRESH_1409/logs/230_c_case-fault-fsync.command: OK
Research/R33_NATIVE_N19_RUNTIME_BOUNDARY/RECOVERY_20260915_C/INDEPENDENT_FRESH_1409/logs/260_d_case-recovery-atomicity.exit: OK
Research/R33_NATIVE_N19_RUNTIME_BOUNDARY/RECOVERY_20260915_C/INDEPENDENT_FRESH_1409/logs/288_d_traversal.command: OK
Research/R33_NATIVE_N19_RUNTIME_BOUNDARY/RECOVERY_20260915_C/INDEPENDENT_FRESH_1409/logs/46_a_absolute.stdout: OK
Research/R33_NATIVE_N19_RUNTIME_BOUNDARY/RECOVERY_20260915_C/INDEPENDENT_FRESH_1409/logs/250_invariants_d.stdout: OK
Research/R33_NATIVE_N19_RUNTIME_BOUNDARY/RECOVERY_20260915_C/INDEPENDENT_FRESH_1409/logs/83_b_unsafe_one.bin.command: OK
Research/R33_NATIVE_N19_RUNTIME_BOUNDARY/RECOVERY_20260915_C/INDEPENDENT_FRESH_1409/logs/287_d_symlink_recover.command: OK
Research/R33_NATIVE_N19_RUNTIME_BOUNDARY/RECOVERY_20260915_C/INDEPENDENT_FRESH_1409/logs/272_d_case-torn.command: OK
Research/R33_NATIVE_N19_RUNTIME_BOUNDARY/RECOVERY_20260915_C/INDEPENDENT_FRESH_1409/logs/219_c_case-limit.stdout: OK
Research/R33_NATIVE_N19_RUNTIME_BOUNDARY/RECOVERY_20260915_C/INDEPENDENT_FRESH_1409/logs/61_b_case-error-classification.command: OK
Research/R33_NATIVE_N19_RUNTIME_BOUNDARY/RECOVERY_20260915_C/INDEPENDENT_FRESH_1409/logs/280_d_missing_recover_root.stdout: OK
Research/R33_NATIVE_N19_RUNTIME_BOUNDARY/RECOVERY_20260915_C/INDEPENDENT_FRESH_1409/logs/264_d_case-fault-open.stdout: OK
Research/R33_NATIVE_N19_RUNTIME_BOUNDARY/RECOVERY_20260915_C/INDEPENDENT_FRESH_1409/logs/267_d_case-write.stderr: OK
Research/R33_NATIVE_N19_RUNTIME_BOUNDARY/RECOVERY_20260915_C/INDEPENDENT_FRESH_1409/logs/19_a_case-limit.exit: OK
Research/R33_NATIVE_N19_RUNTIME_BOUNDARY/RECOVERY_20260915_C/INDEPENDENT_FRESH_1409/logs/228_c_case-retained-sequence.exit: OK
Research/R33_NATIVE_N19_RUNTIME_BOUNDARY/RECOVERY_20260915_C/INDEPENDENT_FRESH_1409/logs/245_c_traversal.stderr: OK
Research/R33_NATIVE_N19_RUNTIME_BOUNDARY/RECOVERY_20260915_C/INDEPENDENT_FRESH_1409/logs/222_c_case-fault-host-probe.stdout: OK
Research/R33_NATIVE_N19_RUNTIME_BOUNDARY/RECOVERY_20260915_C/INDEPENDENT_FRESH_1409/logs/23_a_case-io.stdout: OK
Research/R33_NATIVE_N19_RUNTIME_BOUNDARY/RECOVERY_20260915_C/INDEPENDENT_FRESH_1409/logs/290_canonical_preserved.stderr: OK
Research/R33_NATIVE_N19_RUNTIME_BOUNDARY/RECOVERY_20260915_C/INDEPENDENT_FRESH_1409/logs/2_build_host.exit: OK
Research/R33_NATIVE_N19_RUNTIME_BOUNDARY/RECOVERY_20260915_C/INDEPENDENT_FRESH_1409/logs/271_d_case-retained-sequence.exit: OK
Research/R33_NATIVE_N19_RUNTIME_BOUNDARY/RECOVERY_20260915_C/INDEPENDENT_FRESH_1409/logs/90_canonical_preserved.stdout: OK
Research/R33_NATIVE_N19_RUNTIME_BOUNDARY/RECOVERY_20260915_C/INDEPENDENT_FRESH_1409/logs/279_d_missing_root.stderr: OK
Research/R33_NATIVE_N19_RUNTIME_BOUNDARY/RECOVERY_20260915_C/INDEPENDENT_FRESH_1409/logs/234_c_missing_case-append-existing.command: OK
Research/R33_NATIVE_N19_RUNTIME_BOUNDARY/RECOVERY_20260915_C/INDEPENDENT_FRESH_1409/logs/257_d_case-capacity.command: OK
Research/R33_NATIVE_N19_RUNTIME_BOUNDARY/RECOVERY_20260915_C/INDEPENDENT_FRESH_1409/logs/30_a_case-fault-fsync.exit: OK
Research/R33_NATIVE_N19_RUNTIME_BOUNDARY/RECOVERY_20260915_C/INDEPENDENT_FRESH_1409/logs/37_a_missing_recover_root.command: OK
Research/R33_NATIVE_N19_RUNTIME_BOUNDARY/RECOVERY_20260915_C/INDEPENDENT_FRESH_1409/logs/231_c_case-fault-close.stdout: OK
Research/R33_NATIVE_N19_RUNTIME_BOUNDARY/RECOVERY_20260915_C/INDEPENDENT_FRESH_1409/logs/66_b_case-io.stdout: OK
Research/R33_NATIVE_N19_RUNTIME_BOUNDARY/RECOVERY_20260915_C/INDEPENDENT_FRESH_1409/logs/239_c_unsafe_hard.bin.command: OK
Research/R33_NATIVE_N19_RUNTIME_BOUNDARY/RECOVERY_20260915_C/INDEPENDENT_FRESH_1409/logs/220_c_case-host-abi.stdout: OK
Research/R33_NATIVE_N19_RUNTIME_BOUNDARY/RECOVERY_20260915_C/INDEPENDENT_FRESH_1409/logs/13_a_case-overflow.stderr: OK
Research/R33_NATIVE_N19_RUNTIME_BOUNDARY/RECOVERY_20260915_C/INDEPENDENT_FRESH_1409/logs/90_canonical_preserved.command: OK
Research/R33_NATIVE_N19_RUNTIME_BOUNDARY/RECOVERY_20260915_C/INDEPENDENT_FRESH_1409/logs/265_d_case-fault-host-probe.stdout: OK
Research/R33_NATIVE_N19_RUNTIME_BOUNDARY/RECOVERY_20260915_C/INDEPENDENT_FRESH_1409/logs/61_b_case-error-classification.stderr: OK
Research/R33_NATIVE_N19_RUNTIME_BOUNDARY/RECOVERY_20260915_C/INDEPENDENT_FRESH_1409/logs/1_build_qual.stderr: OK
Research/R33_NATIVE_N19_RUNTIME_BOUNDARY/RECOVERY_20260915_C/INDEPENDENT_FRESH_1409/logs/292_closeout_preserved.command: OK
Research/R33_NATIVE_N19_RUNTIME_BOUNDARY/RECOVERY_20260915_C/INDEPENDENT_FRESH_1409/logs/233_c_missing_case-probe-existing.stderr: OK
Research/R33_NATIVE_N19_RUNTIME_BOUNDARY/RECOVERY_20260915_C/INDEPENDENT_FRESH_1409/logs/261_d_case-error-classification.stdout: OK
Research/R33_NATIVE_N19_RUNTIME_BOUNDARY/RECOVERY_20260915_C/INDEPENDENT_FRESH_1409/logs/40_a_unsafe_one.bin.command: OK
Research/R33_NATIVE_N19_RUNTIME_BOUNDARY/RECOVERY_20260915_C/INDEPENDENT_FRESH_1409/logs/202_build_host.stdout: OK
Research/R33_NATIVE_N19_RUNTIME_BOUNDARY/RECOVERY_20260915_C/INDEPENDENT_FRESH_1409/logs/87_b_symlink_recover.exit: OK
Research/R33_NATIVE_N19_RUNTIME_BOUNDARY/RECOVERY_20260915_C/INDEPENDENT_FRESH_1409/logs/19_a_case-limit.command: OK
Research/R33_NATIVE_N19_RUNTIME_BOUNDARY/RECOVERY_20260915_C/INDEPENDENT_FRESH_1409/logs/53_resource_b.command: OK
Research/R33_NATIVE_N19_RUNTIME_BOUNDARY/RECOVERY_20260915_C/INDEPENDENT_FRESH_1409/logs/15_a_case-recovery.exit: OK
Research/R33_NATIVE_N19_RUNTIME_BOUNDARY/RECOVERY_20260915_C/INDEPENDENT_FRESH_1409/logs/85_b_unsafe_directory.stderr: OK
Research/R33_NATIVE_N19_RUNTIME_BOUNDARY/RECOVERY_20260915_C/INDEPENDENT_FRESH_1409/logs/31_a_case-fault-close.stderr: OK
Research/R33_NATIVE_N19_RUNTIME_BOUNDARY/RECOVERY_20260915_C/INDEPENDENT_FRESH_1409/logs/43_a_symlink_root.exit: OK
Research/R33_NATIVE_N19_RUNTIME_BOUNDARY/RECOVERY_20260915_C/INDEPENDENT_FRESH_1409/logs/274_d_case-fault-close.command: OK
Research/R33_NATIVE_N19_RUNTIME_BOUNDARY/RECOVERY_20260915_C/INDEPENDENT_FRESH_1409/logs/40_a_unsafe_one.bin.stderr: OK
Research/R33_NATIVE_N19_RUNTIME_BOUNDARY/RECOVERY_20260915_C/INDEPENDENT_FRESH_1409/logs/103_independent_fault_b.stdout: OK
Research/R33_NATIVE_N19_RUNTIME_BOUNDARY/RECOVERY_20260915_C/INDEPENDENT_FRESH_1409/logs/26_a_case-recover-file.stderr: OK
Research/R33_NATIVE_N19_RUNTIME_BOUNDARY/RECOVERY_20260915_C/INDEPENDENT_FRESH_1409/logs/248_resource_predicate_d.exit: OK
Research/R33_NATIVE_N19_RUNTIME_BOUNDARY/RECOVERY_20260915_C/INDEPENDENT_FRESH_1409/logs/243_c_symlink_root.stderr: OK
Research/R33_NATIVE_N19_RUNTIME_BOUNDARY/RECOVERY_20260915_C/INDEPENDENT_FRESH_1409/logs/221_c_case-fault-open.command: OK
Research/R33_NATIVE_N19_RUNTIME_BOUNDARY/RECOVERY_20260915_C/INDEPENDENT_FRESH_1409/logs/51_poison_b.stderr: OK
Research/R33_NATIVE_N19_RUNTIME_BOUNDARY/RECOVERY_20260915_C/INDEPENDENT_FRESH_1409/logs/63_b_case-host-abi.command: OK
Research/R33_NATIVE_N19_RUNTIME_BOUNDARY/RECOVERY_20260915_C/INDEPENDENT_FRESH_1409/logs/284_d_unsafe_fifo.stdout: OK
Research/R33_NATIVE_N19_RUNTIME_BOUNDARY/RECOVERY_20260915_C/INDEPENDENT_FRESH_1409/logs/224_c_case-write.stderr: OK
Research/R33_NATIVE_N19_RUNTIME_BOUNDARY/RECOVERY_20260915_C/INDEPENDENT_FRESH_1409/logs/11_host_a.stderr: OK
Research/R33_NATIVE_N19_RUNTIME_BOUNDARY/RECOVERY_20260915_C/INDEPENDENT_FRESH_1409/logs/270_d_case-probe-existing.command: OK
Research/R33_NATIVE_N19_RUNTIME_BOUNDARY/RECOVERY_20260915_C/INDEPENDENT_FRESH_1409/logs/68_b_case-append-existing.stdout: OK
Research/R33_NATIVE_N19_RUNTIME_BOUNDARY/RECOVERY_20260915_C/INDEPENDENT_FRESH_1409/logs/282_d_unsafe_hard.bin.stderr: OK
Research/R33_NATIVE_N19_RUNTIME_BOUNDARY/RECOVERY_20260915_C/INDEPENDENT_FRESH_1409/logs/37_a_missing_recover_root.stdout: OK
Research/R33_NATIVE_N19_RUNTIME_BOUNDARY/RECOVERY_20260915_C/INDEPENDENT_FRESH_1409/logs/104_canonical_after.stderr: OK
Research/R33_NATIVE_N19_RUNTIME_BOUNDARY/RECOVERY_20260915_C/INDEPENDENT_FRESH_1409/logs/73_b_case-fault-fsync.stderr: OK
Research/R33_NATIVE_N19_RUNTIME_BOUNDARY/RECOVERY_20260915_C/INDEPENDENT_FRESH_1409/logs/101_independent_build.command: OK
Research/R33_NATIVE_N19_RUNTIME_BOUNDARY/RECOVERY_20260915_C/INDEPENDENT_FRESH_1409/logs/239_c_unsafe_hard.bin.stderr: OK
Research/R33_NATIVE_N19_RUNTIME_BOUNDARY/RECOVERY_20260915_C/INDEPENDENT_FRESH_1409/logs/251_poison_d.stderr: OK
Research/R33_NATIVE_N19_RUNTIME_BOUNDARY/RECOVERY_20260915_C/INDEPENDENT_FRESH_1409/logs/202_build_host.exit: OK
Research/R33_NATIVE_N19_RUNTIME_BOUNDARY/RECOVERY_20260915_C/INDEPENDENT_FRESH_1409/logs/40_a_unsafe_one.bin.exit: OK
Research/R33_NATIVE_N19_RUNTIME_BOUNDARY/RECOVERY_20260915_C/INDEPENDENT_FRESH_1409/logs/227_c_case-probe-existing.stderr: OK
Research/R33_NATIVE_N19_RUNTIME_BOUNDARY/RECOVERY_20260915_C/INDEPENDENT_FRESH_1409/logs/265_d_case-fault-host-probe.exit: OK
Research/R33_NATIVE_N19_RUNTIME_BOUNDARY/RECOVERY_20260915_C/INDEPENDENT_FRESH_1409/logs/37_a_missing_recover_root.exit: OK
Research/R33_NATIVE_N19_RUNTIME_BOUNDARY/RECOVERY_20260915_C/INDEPENDENT_FRESH_1409/logs/23_a_case-io.exit: OK
Research/R33_NATIVE_N19_RUNTIME_BOUNDARY/RECOVERY_20260915_C/INDEPENDENT_FRESH_1409/logs/231_c_case-fault-close.command: OK
Research/R33_NATIVE_N19_RUNTIME_BOUNDARY/RECOVERY_20260915_C/INDEPENDENT_FRESH_1409/logs/224_c_case-write.command: OK
Research/R33_NATIVE_N19_RUNTIME_BOUNDARY/RECOVERY_20260915_C/INDEPENDENT_FRESH_1409/logs/63_b_case-host-abi.stderr: OK
Research/R33_NATIVE_N19_RUNTIME_BOUNDARY/RECOVERY_20260915_C/INDEPENDENT_FRESH_1409/logs/206_cpu_c.stderr: OK
Research/R33_NATIVE_N19_RUNTIME_BOUNDARY/RECOVERY_20260915_C/INDEPENDENT_FRESH_1409/logs/226_c_case-recover-file.exit: OK
Research/R33_NATIVE_N19_RUNTIME_BOUNDARY/RECOVERY_20260915_C/INDEPENDENT_FRESH_1409/logs/17_a_case-recovery-atomicity.exit: OK
Research/R33_NATIVE_N19_RUNTIME_BOUNDARY/RECOVERY_20260915_C/INDEPENDENT_FRESH_1409/logs/293_tracked_diff_preserved.exit: OK
Research/R33_NATIVE_N19_RUNTIME_BOUNDARY/RECOVERY_20260915_C/INDEPENDENT_FRESH_1409/logs/43_a_symlink_root.stdout: OK
Research/R33_NATIVE_N19_RUNTIME_BOUNDARY/RECOVERY_20260915_C/INDEPENDENT_FRESH_1409/logs/229_c_case-torn.command: OK
Research/R33_NATIVE_N19_RUNTIME_BOUNDARY/RECOVERY_20260915_C/INDEPENDENT_FRESH_1409/logs/16_a_case-corruption.stdout: OK
Research/R33_NATIVE_N19_RUNTIME_BOUNDARY/RECOVERY_20260915_C/INDEPENDENT_FRESH_1409/logs/212_c_case-malformed.exit: OK
Research/R33_NATIVE_N19_RUNTIME_BOUNDARY/RECOVERY_20260915_C/INDEPENDENT_FRESH_1409/logs/21_a_case-fault-open.exit: OK
Research/R33_NATIVE_N19_RUNTIME_BOUNDARY/RECOVERY_20260915_C/INDEPENDENT_FRESH_1409/logs/45_a_traversal.command: OK
Research/R33_NATIVE_N19_RUNTIME_BOUNDARY/RECOVERY_20260915_C/INDEPENDENT_FRESH_1409/logs/15_a_case-recovery.stdout: OK
Research/R33_NATIVE_N19_RUNTIME_BOUNDARY/RECOVERY_20260915_C/INDEPENDENT_FRESH_1409/logs/47_wait_b.stdout: OK
Research/R33_NATIVE_N19_RUNTIME_BOUNDARY/RECOVERY_20260915_C/INDEPENDENT_FRESH_1409/logs/16_a_case-corruption.command: OK
Research/R33_NATIVE_N19_RUNTIME_BOUNDARY/RECOVERY_20260915_C/INDEPENDENT_FRESH_1409/logs/56_b_case-overflow.exit: OK
Research/R33_NATIVE_N19_RUNTIME_BOUNDARY/RECOVERY_20260915_C/INDEPENDENT_FRESH_1409/logs/260_d_case-recovery-atomicity.stdout: OK
Research/R33_NATIVE_N19_RUNTIME_BOUNDARY/RECOVERY_20260915_C/INDEPENDENT_FRESH_1409/logs/285_d_unsafe_directory.stdout: OK
Research/R33_NATIVE_N19_RUNTIME_BOUNDARY/RECOVERY_20260915_C/INDEPENDENT_FRESH_1409/logs/105_protected_after.exit: OK
Research/R33_NATIVE_N19_RUNTIME_BOUNDARY/RECOVERY_20260915_C/INDEPENDENT_FRESH_1409/logs/55_b_case-malformed.command: OK
Research/R33_NATIVE_N19_RUNTIME_BOUNDARY/RECOVERY_20260915_C/INDEPENDENT_FRESH_1409/logs/230_c_case-fault-fsync.stderr: OK
Research/R33_NATIVE_N19_RUNTIME_BOUNDARY/RECOVERY_20260915_C/INDEPENDENT_FRESH_1409/logs/289_d_absolute.exit: OK
Research/R33_NATIVE_N19_RUNTIME_BOUNDARY/RECOVERY_20260915_C/INDEPENDENT_FRESH_1409/logs/228_c_case-retained-sequence.stdout: OK
Research/R33_NATIVE_N19_RUNTIME_BOUNDARY/RECOVERY_20260915_C/INDEPENDENT_FRESH_1409/logs/18_a_case-error-classification.stderr: OK
Research/R33_NATIVE_N19_RUNTIME_BOUNDARY/RECOVERY_20260915_C/INDEPENDENT_FRESH_1409/logs/62_b_case-limit.stderr: OK
Research/R33_NATIVE_N19_RUNTIME_BOUNDARY/RECOVERY_20260915_C/INDEPENDENT_FRESH_1409/logs/247_wait_d.stdout: OK
Research/R33_NATIVE_N19_RUNTIME_BOUNDARY/RECOVERY_20260915_C/INDEPENDENT_FRESH_1409/logs/41_a_unsafe_fifo.exit: OK
Research/R33_NATIVE_N19_RUNTIME_BOUNDARY/RECOVERY_20260915_C/INDEPENDENT_FRESH_1409/logs/4_wait_a.stdout: OK
Research/R33_NATIVE_N19_RUNTIME_BOUNDARY/RECOVERY_20260915_C/INDEPENDENT_FRESH_1409/logs/79_b_missing_root.exit: OK
Research/R33_NATIVE_N19_RUNTIME_BOUNDARY/RECOVERY_20260915_C/INDEPENDENT_FRESH_1409/logs/66_b_case-io.exit: OK
Research/R33_NATIVE_N19_RUNTIME_BOUNDARY/RECOVERY_20260915_C/INDEPENDENT_FRESH_1409/logs/81_b_unsafe_sym.bin.stdout: OK
Research/R33_NATIVE_N19_RUNTIME_BOUNDARY/RECOVERY_20260915_C/INDEPENDENT_FRESH_1409/logs/275_d_missing_case-recover-file.stdout: OK
Research/R33_NATIVE_N19_RUNTIME_BOUNDARY/RECOVERY_20260915_C/INDEPENDENT_FRESH_1409/logs/230_c_case-fault-fsync.exit: OK
Research/R33_NATIVE_N19_RUNTIME_BOUNDARY/RECOVERY_20260915_C/INDEPENDENT_FRESH_1409/logs/290_canonical_preserved.exit: OK
Research/R33_NATIVE_N19_RUNTIME_BOUNDARY/RECOVERY_20260915_C/INDEPENDENT_FRESH_1409/logs/226_c_case-recover-file.command: OK
Research/R33_NATIVE_N19_RUNTIME_BOUNDARY/RECOVERY_20260915_C/INDEPENDENT_FRESH_1409/logs/75_b_missing_case-recover-file.stderr: OK
Research/R33_NATIVE_N19_RUNTIME_BOUNDARY/RECOVERY_20260915_C/INDEPENDENT_FRESH_1409/logs/18_a_case-error-classification.command: OK
Research/R33_NATIVE_N19_RUNTIME_BOUNDARY/RECOVERY_20260915_C/INDEPENDENT_FRESH_1409/logs/269_d_case-recover-file.exit: OK
Research/R33_NATIVE_N19_RUNTIME_BOUNDARY/RECOVERY_20260915_C/INDEPENDENT_FRESH_1409/logs/273_d_case-fault-fsync.stdout: OK
Research/R33_NATIVE_N19_RUNTIME_BOUNDARY/RECOVERY_20260915_C/INDEPENDENT_FRESH_1409/logs/52_crash_b.stdout: OK
Research/R33_NATIVE_N19_RUNTIME_BOUNDARY/RECOVERY_20260915_C/INDEPENDENT_FRESH_1409/logs/271_d_case-retained-sequence.stderr: OK
Research/R33_NATIVE_N19_RUNTIME_BOUNDARY/RECOVERY_20260915_C/INDEPENDENT_FRESH_1409/logs/21_a_case-fault-open.stderr: OK
Research/R33_NATIVE_N19_RUNTIME_BOUNDARY/RECOVERY_20260915_C/INDEPENDENT_FRESH_1409/logs/12_a_case-malformed.command: OK
Research/R33_NATIVE_N19_RUNTIME_BOUNDARY/RECOVERY_20260915_C/INDEPENDENT_FRESH_1409/logs/256_d_case-overflow.stdout: OK
Research/R33_NATIVE_N19_RUNTIME_BOUNDARY/RECOVERY_20260915_C/INDEPENDENT_FRESH_1409/logs/281_d_unsafe_sym.bin.command: OK
Research/R33_NATIVE_N19_RUNTIME_BOUNDARY/RECOVERY_20260915_C/INDEPENDENT_FRESH_1409/logs/41_a_unsafe_fifo.command: OK
Research/R33_NATIVE_N19_RUNTIME_BOUNDARY/RECOVERY_20260915_C/INDEPENDENT_FRESH_1409/logs/88_b_traversal.exit: OK
Research/R33_NATIVE_N19_RUNTIME_BOUNDARY/RECOVERY_20260915_C/INDEPENDENT_FRESH_1409/logs/292_closeout_preserved.stderr: OK
Research/R33_NATIVE_N19_RUNTIME_BOUNDARY/RECOVERY_20260915_C/INDEPENDENT_FRESH_1409/logs/42_a_unsafe_directory.stdout: OK
Research/R33_NATIVE_N19_RUNTIME_BOUNDARY/RECOVERY_20260915_C/INDEPENDENT_FRESH_1409/logs/57_b_case-capacity.stderr: OK
Research/R33_NATIVE_N19_RUNTIME_BOUNDARY/RECOVERY_20260915_C/INDEPENDENT_FRESH_1409/logs/278_d_duplicate.stdout: OK
Research/R33_NATIVE_N19_RUNTIME_BOUNDARY/RECOVERY_20260915_C/INDEPENDENT_FRESH_1409/logs/72_b_case-torn.stderr: OK
Research/R33_NATIVE_N19_RUNTIME_BOUNDARY/RECOVERY_20260915_C/INDEPENDENT_FRESH_1409/logs/67_b_case-write.exit: OK
Research/R33_NATIVE_N19_RUNTIME_BOUNDARY/RECOVERY_20260915_C/INDEPENDENT_FRESH_1409/logs/201_build_qual.command: OK
Research/R33_NATIVE_N19_RUNTIME_BOUNDARY/RECOVERY_20260915_C/INDEPENDENT_FRESH_1409/logs/79_b_missing_root.stdout: OK
Research/R33_NATIVE_N19_RUNTIME_BOUNDARY/RECOVERY_20260915_C/INDEPENDENT_FRESH_1409/logs/223_c_case-io.exit: OK
Research/R33_NATIVE_N19_RUNTIME_BOUNDARY/RECOVERY_20260915_C/INDEPENDENT_FRESH_1409/logs/252_crash_d.command: OK
Research/R33_NATIVE_N19_RUNTIME_BOUNDARY/RECOVERY_20260915_C/INDEPENDENT_FRESH_1409/logs/281_d_unsafe_sym.bin.stderr: OK
Research/R33_NATIVE_N19_RUNTIME_BOUNDARY/RECOVERY_20260915_C/INDEPENDENT_FRESH_1409/logs/77_b_missing_case-append-existing.stderr: OK
Research/R33_NATIVE_N19_RUNTIME_BOUNDARY/RECOVERY_20260915_C/INDEPENDENT_FRESH_1409/logs/287_d_symlink_recover.stderr: OK
Research/R33_NATIVE_N19_RUNTIME_BOUNDARY/RECOVERY_20260915_C/INDEPENDENT_FRESH_1409/logs/60_b_case-recovery-atomicity.stdout: OK
Research/R33_NATIVE_N19_RUNTIME_BOUNDARY/RECOVERY_20260915_C/INDEPENDENT_FRESH_1409/logs/242_c_unsafe_directory.command: OK
Research/R33_NATIVE_N19_RUNTIME_BOUNDARY/RECOVERY_20260915_C/INDEPENDENT_FRESH_1409/logs/45_a_traversal.stdout: OK
Research/R33_NATIVE_N19_RUNTIME_BOUNDARY/RECOVERY_20260915_C/INDEPENDENT_FRESH_1409/logs/267_d_case-write.command: OK
Research/R33_NATIVE_N19_RUNTIME_BOUNDARY/RECOVERY_20260915_C/INDEPENDENT_FRESH_1409/logs/32_a_missing_case-recover-file.command: OK
Research/R33_NATIVE_N19_RUNTIME_BOUNDARY/RECOVERY_20260915_C/INDEPENDENT_FRESH_1409/logs/242_c_unsafe_directory.stderr: OK
Research/R33_NATIVE_N19_RUNTIME_BOUNDARY/RECOVERY_20260915_C/INDEPENDENT_FRESH_1409/logs/248_resource_predicate_d.stdout: OK
Research/R33_NATIVE_N19_RUNTIME_BOUNDARY/RECOVERY_20260915_C/INDEPENDENT_FRESH_1409/logs/211_host_c.stdout: OK
Research/R33_NATIVE_N19_RUNTIME_BOUNDARY/RECOVERY_20260915_C/INDEPENDENT_FRESH_1409/logs/258_d_case-recovery.exit: OK
Research/R33_NATIVE_N19_RUNTIME_BOUNDARY/RECOVERY_20260915_C/INDEPENDENT_FRESH_1409/logs/45_a_traversal.exit: OK
Research/R33_NATIVE_N19_RUNTIME_BOUNDARY/RECOVERY_20260915_C/INDEPENDENT_FRESH_1409/logs/85_b_unsafe_directory.exit: OK
Research/R33_NATIVE_N19_RUNTIME_BOUNDARY/RECOVERY_20260915_C/INDEPENDENT_FRESH_1409/logs/71_b_case-retained-sequence.stdout: OK
Research/R33_NATIVE_N19_RUNTIME_BOUNDARY/RECOVERY_20260915_C/INDEPENDENT_FRESH_1409/logs/7_invariants_a.stdout: OK
Research/R33_NATIVE_N19_RUNTIME_BOUNDARY/RECOVERY_20260915_C/INDEPENDENT_FRESH_1409/logs/77_b_missing_case-append-existing.command: OK
Research/R33_NATIVE_N19_RUNTIME_BOUNDARY/RECOVERY_20260915_C/INDEPENDENT_FRESH_1409/logs/274_d_case-fault-close.exit: OK
Research/R33_NATIVE_N19_RUNTIME_BOUNDARY/RECOVERY_20260915_C/INDEPENDENT_FRESH_1409/logs/25_a_case-append-existing.command: OK
Research/R33_NATIVE_N19_RUNTIME_BOUNDARY/RECOVERY_20260915_C/INDEPENDENT_FRESH_1409/logs/79_b_missing_root.command: OK
Research/R33_NATIVE_N19_RUNTIME_BOUNDARY/RECOVERY_20260915_C/INDEPENDENT_FRESH_1409/logs/60_b_case-recovery-atomicity.command: OK
Research/R33_NATIVE_N19_RUNTIME_BOUNDARY/RECOVERY_20260915_C/INDEPENDENT_FRESH_1409/logs/32_a_missing_case-recover-file.exit: OK
Research/R33_NATIVE_N19_RUNTIME_BOUNDARY/RECOVERY_20260915_C/INDEPENDENT_FRESH_1409/logs/6_cpu_a.command: OK
Research/R33_NATIVE_N19_RUNTIME_BOUNDARY/RECOVERY_20260915_C/INDEPENDENT_FRESH_1409/logs/222_c_case-fault-host-probe.command: OK
Research/R33_NATIVE_N19_RUNTIME_BOUNDARY/RECOVERY_20260915_C/INDEPENDENT_FRESH_1409/logs/55_b_case-malformed.stderr: OK
Research/R33_NATIVE_N19_RUNTIME_BOUNDARY/RECOVERY_20260915_C/INDEPENDENT_FRESH_1409/logs/2_build_host.stdout: OK
Research/R33_NATIVE_N19_RUNTIME_BOUNDARY/RECOVERY_20260915_C/INDEPENDENT_FRESH_1409/logs/7_invariants_a.exit: OK
Research/R33_NATIVE_N19_RUNTIME_BOUNDARY/RECOVERY_20260915_C/INDEPENDENT_FRESH_1409/logs/9_crash_a.command: OK
Research/R33_NATIVE_N19_RUNTIME_BOUNDARY/RECOVERY_20260915_C/INDEPENDENT_FRESH_1409/logs/244_c_symlink_recover.exit: OK
Research/R33_NATIVE_N19_RUNTIME_BOUNDARY/RECOVERY_20260915_C/INDEPENDENT_FRESH_1409/logs/247_wait_d.exit: OK
Research/R33_NATIVE_N19_RUNTIME_BOUNDARY/RECOVERY_20260915_C/INDEPENDENT_FRESH_1409/logs/270_d_case-probe-existing.stderr: OK
Research/R33_NATIVE_N19_RUNTIME_BOUNDARY/RECOVERY_20260915_C/INDEPENDENT_FRESH_1409/logs/249_cpu_d.stdout: OK
Research/R33_NATIVE_N19_RUNTIME_BOUNDARY/RECOVERY_20260915_C/INDEPENDENT_FRESH_1409/logs/106_historical_after.stderr: OK
Research/R33_NATIVE_N19_RUNTIME_BOUNDARY/RECOVERY_20260915_C/INDEPENDENT_FRESH_1409/logs/278_d_duplicate.command: OK
Research/R33_NATIVE_N19_RUNTIME_BOUNDARY/RECOVERY_20260915_C/INDEPENDENT_FRESH_1409/logs/80_b_missing_recover_root.command: OK
Research/R33_NATIVE_N19_RUNTIME_BOUNDARY/RECOVERY_20260915_C/INDEPENDENT_FRESH_1409/logs/201_build_qual.stderr: OK
Research/R33_NATIVE_N19_RUNTIME_BOUNDARY/RECOVERY_20260915_C/INDEPENDENT_FRESH_1409/logs/203_build_repaired.stderr: OK
Research/R33_NATIVE_N19_RUNTIME_BOUNDARY/RECOVERY_20260915_C/INDEPENDENT_FRESH_1409/logs/30_a_case-fault-fsync.stdout: OK
Research/R33_NATIVE_N19_RUNTIME_BOUNDARY/RECOVERY_20260915_C/INDEPENDENT_FRESH_1409/logs/17_a_case-recovery-atomicity.stdout: OK
Research/R33_NATIVE_N19_RUNTIME_BOUNDARY/RECOVERY_20260915_C/INDEPENDENT_FRESH_1409/logs/234_c_missing_case-append-existing.exit: OK
Research/R33_NATIVE_N19_RUNTIME_BOUNDARY/RECOVERY_20260915_C/INDEPENDENT_FRESH_1409/logs/10_resource_a.exit: OK
Research/R33_NATIVE_N19_RUNTIME_BOUNDARY/RECOVERY_20260915_C/INDEPENDENT_FRESH_1409/logs/27_a_case-probe-existing.stderr: OK
Research/R33_NATIVE_N19_RUNTIME_BOUNDARY/RECOVERY_20260915_C/INDEPENDENT_FRESH_1409/logs/218_c_case-error-classification.stdout: OK
Research/R33_NATIVE_N19_RUNTIME_BOUNDARY/RECOVERY_20260915_C/INDEPENDENT_FRESH_1409/logs/213_c_case-overflow.exit: OK
Research/R33_NATIVE_N19_RUNTIME_BOUNDARY/RECOVERY_20260915_C/INDEPENDENT_FRESH_1409/logs/255_d_case-malformed.stdout: OK
Research/R33_NATIVE_N19_RUNTIME_BOUNDARY/RECOVERY_20260915_C/INDEPENDENT_FRESH_1409/logs/69_b_case-recover-file.stdout: OK
Research/R33_NATIVE_N19_RUNTIME_BOUNDARY/RECOVERY_20260915_C/INDEPENDENT_FRESH_1409/logs/236_c_missing_root.command: OK
Research/R33_NATIVE_N19_RUNTIME_BOUNDARY/RECOVERY_20260915_C/INDEPENDENT_FRESH_1409/logs/254_host_d.stderr: OK
Research/R33_NATIVE_N19_RUNTIME_BOUNDARY/RECOVERY_20260915_C/INDEPENDENT_FRESH_1409/logs/104_canonical_after.exit: OK
Research/R33_NATIVE_N19_RUNTIME_BOUNDARY/RECOVERY_20260915_C/INDEPENDENT_FRESH_1409/logs/214_c_case-capacity.stdout: OK
Research/R33_NATIVE_N19_RUNTIME_BOUNDARY/RECOVERY_20260915_C/INDEPENDENT_FRESH_1409/logs/93_tracked_diff_preserved.stdout: OK
Research/R33_NATIVE_N19_RUNTIME_BOUNDARY/RECOVERY_20260915_C/INDEPENDENT_FRESH_1409/logs/293_tracked_diff_preserved.stderr: OK
Research/R33_NATIVE_N19_RUNTIME_BOUNDARY/RECOVERY_20260915_C/INDEPENDENT_FRESH_1409/logs/272_d_case-torn.stdout: OK
Research/R33_NATIVE_N19_RUNTIME_BOUNDARY/RECOVERY_20260915_C/INDEPENDENT_FRESH_1409/logs/78_b_duplicate.stderr: OK
Research/R33_NATIVE_N19_RUNTIME_BOUNDARY/RECOVERY_20260915_C/INDEPENDENT_FRESH_1409/logs/240_c_unsafe_one.bin.stderr: OK
Research/R33_NATIVE_N19_RUNTIME_BOUNDARY/RECOVERY_20260915_C/INDEPENDENT_FRESH_1409/logs/290_canonical_preserved.command: OK
Research/R33_NATIVE_N19_RUNTIME_BOUNDARY/RECOVERY_20260915_C/INDEPENDENT_FRESH_1409/logs/207_invariants_c.exit: OK
Research/R33_NATIVE_N19_RUNTIME_BOUNDARY/RECOVERY_20260915_C/INDEPENDENT_FRESH_1409/logs/76_b_missing_case-probe-existing.stdout: OK
Research/R33_NATIVE_N19_RUNTIME_BOUNDARY/RECOVERY_20260915_C/INDEPENDENT_FRESH_1409/logs/15_a_case-recovery.command: OK
Research/R33_NATIVE_N19_RUNTIME_BOUNDARY/RECOVERY_20260915_C/INDEPENDENT_FRESH_1409/logs/29_a_case-torn.exit: OK
Research/R33_NATIVE_N19_RUNTIME_BOUNDARY/RECOVERY_20260915_C/INDEPENDENT_FRESH_1409/logs/101_independent_build.exit: OK
Research/R33_NATIVE_N19_RUNTIME_BOUNDARY/RECOVERY_20260915_C/INDEPENDENT_FRESH_1409/logs/237_c_missing_recover_root.stdout: OK
Research/R33_NATIVE_N19_RUNTIME_BOUNDARY/RECOVERY_20260915_C/INDEPENDENT_FRESH_1409/logs/65_b_case-fault-host-probe.command: OK
Research/R33_NATIVE_N19_RUNTIME_BOUNDARY/RECOVERY_20260915_C/INDEPENDENT_FRESH_1409/logs/288_d_traversal.exit: OK
Research/R33_NATIVE_N19_RUNTIME_BOUNDARY/RECOVERY_20260915_C/INDEPENDENT_FRESH_1409/logs/263_d_case-host-abi.stderr: OK
Research/R33_NATIVE_N19_RUNTIME_BOUNDARY/RECOVERY_20260915_C/INDEPENDENT_FRESH_1409/logs/226_c_case-recover-file.stdout: OK
Research/R33_NATIVE_N19_RUNTIME_BOUNDARY/RECOVERY_20260915_C/INDEPENDENT_FRESH_1409/logs/279_d_missing_root.exit: OK
Research/R33_NATIVE_N19_RUNTIME_BOUNDARY/RECOVERY_20260915_C/INDEPENDENT_FRESH_1409/logs/35_a_duplicate.stderr: OK
Research/R33_NATIVE_N19_RUNTIME_BOUNDARY/RECOVERY_20260915_C/INDEPENDENT_FRESH_1409/logs/262_d_case-limit.stderr: OK
Research/R33_NATIVE_N19_RUNTIME_BOUNDARY/RECOVERY_20260915_C/INDEPENDENT_FRESH_1409/logs/243_c_symlink_root.exit: OK
Research/R33_NATIVE_N19_RUNTIME_BOUNDARY/RECOVERY_20260915_C/INDEPENDENT_FRESH_1409/logs/8_poison_a.stderr: OK
Research/R33_NATIVE_N19_RUNTIME_BOUNDARY/RECOVERY_20260915_C/INDEPENDENT_FRESH_1409/logs/248_resource_predicate_d.command: OK
Research/R33_NATIVE_N19_RUNTIME_BOUNDARY/RECOVERY_20260915_C/INDEPENDENT_FRESH_1409/logs/50_invariants_b.exit: OK
Research/R33_NATIVE_N19_RUNTIME_BOUNDARY/RECOVERY_20260915_C/INDEPENDENT_FRESH_1409/logs/39_a_unsafe_hard.bin.stdout: OK
Research/R33_NATIVE_N19_RUNTIME_BOUNDARY/RECOVERY_20260915_C/INDEPENDENT_FRESH_1409/logs/89_b_absolute.stdout: OK
Research/R33_NATIVE_N19_RUNTIME_BOUNDARY/RECOVERY_20260915_C/INDEPENDENT_FRESH_1409/logs/83_b_unsafe_one.bin.stderr: OK
Research/R33_NATIVE_N19_RUNTIME_BOUNDARY/RECOVERY_20260915_C/INDEPENDENT_FRESH_1409/logs/60_b_case-recovery-atomicity.exit: OK
Research/R33_NATIVE_N19_RUNTIME_BOUNDARY/RECOVERY_20260915_C/INDEPENDENT_FRESH_1409/logs/223_c_case-io.stderr: OK
Research/R33_NATIVE_N19_RUNTIME_BOUNDARY/RECOVERY_20260915_C/INDEPENDENT_FRESH_1409/logs/241_c_unsafe_fifo.stdout: OK
Research/R33_NATIVE_N19_RUNTIME_BOUNDARY/RECOVERY_20260915_C/INDEPENDENT_FRESH_1409/logs/24_a_case-write.stderr: OK
Research/R33_NATIVE_N19_RUNTIME_BOUNDARY/RECOVERY_20260915_C/INDEPENDENT_FRESH_1409/logs/76_b_missing_case-probe-existing.exit: OK
Research/R33_NATIVE_N19_RUNTIME_BOUNDARY/RECOVERY_20260915_C/INDEPENDENT_FRESH_1409/logs/29_a_case-torn.command: OK
Research/R33_NATIVE_N19_RUNTIME_BOUNDARY/RECOVERY_20260915_C/INDEPENDENT_FRESH_1409/logs/216_c_case-corruption.stderr: OK
Research/R33_NATIVE_N19_RUNTIME_BOUNDARY/RECOVERY_20260915_C/INDEPENDENT_FRESH_1409/logs/266_d_case-io.command: OK
Research/R33_NATIVE_N19_RUNTIME_BOUNDARY/RECOVERY_20260915_C/INDEPENDENT_FRESH_1409/logs/1_build_qual.exit: OK
Research/R33_NATIVE_N19_RUNTIME_BOUNDARY/RECOVERY_20260915_C/INDEPENDENT_FRESH_1409/logs/206_cpu_c.command: OK
Research/R33_NATIVE_N19_RUNTIME_BOUNDARY/RECOVERY_20260915_C/INDEPENDENT_FRESH_1409/logs/84_b_unsafe_fifo.exit: OK
Research/R33_NATIVE_N19_RUNTIME_BOUNDARY/RECOVERY_20260915_C/INDEPENDENT_FRESH_1409/logs/90_canonical_preserved.exit: OK
Research/R33_NATIVE_N19_RUNTIME_BOUNDARY/RECOVERY_20260915_C/INDEPENDENT_FRESH_1409/logs/59_b_case-corruption.command: OK
Research/R33_NATIVE_N19_RUNTIME_BOUNDARY/RECOVERY_20260915_C/INDEPENDENT_FRESH_1409/logs/67_b_case-write.command: OK
Research/R33_NATIVE_N19_RUNTIME_BOUNDARY/RECOVERY_20260915_C/INDEPENDENT_FRESH_1409/logs/281_d_unsafe_sym.bin.exit: OK
Research/R33_NATIVE_N19_RUNTIME_BOUNDARY/RECOVERY_20260915_C/INDEPENDENT_FRESH_1409/logs/284_d_unsafe_fifo.command: OK
Research/R33_NATIVE_N19_RUNTIME_BOUNDARY/RECOVERY_20260915_C/INDEPENDENT_FRESH_1409/logs/258_d_case-recovery.command: OK
Research/R33_NATIVE_N19_RUNTIME_BOUNDARY/RECOVERY_20260915_C/INDEPENDENT_FRESH_1409/logs/274_d_case-fault-close.stderr: OK
Research/R33_NATIVE_N19_RUNTIME_BOUNDARY/RECOVERY_20260915_C/INDEPENDENT_FRESH_1409/logs/232_c_missing_case-recover-file.stdout: OK
Research/R33_NATIVE_N19_RUNTIME_BOUNDARY/RECOVERY_20260915_C/INDEPENDENT_FRESH_1409/logs/65_b_case-fault-host-probe.stdout: OK
Research/R33_NATIVE_N19_RUNTIME_BOUNDARY/RECOVERY_20260915_C/INDEPENDENT_FRESH_1409/logs/70_b_case-probe-existing.exit: OK
Research/R33_NATIVE_N19_RUNTIME_BOUNDARY/RECOVERY_20260915_C/INDEPENDENT_FRESH_1409/logs/42_a_unsafe_directory.exit: OK
Research/R33_NATIVE_N19_RUNTIME_BOUNDARY/RECOVERY_20260915_C/INDEPENDENT_FRESH_1409/logs/73_b_case-fault-fsync.exit: OK
Research/R33_NATIVE_N19_RUNTIME_BOUNDARY/RECOVERY_20260915_C/INDEPENDENT_FRESH_1409/logs/54_host_b.command: OK
Research/R33_NATIVE_N19_RUNTIME_BOUNDARY/RECOVERY_20260915_C/INDEPENDENT_FRESH_1409/logs/283_d_unsafe_one.bin.stdout: OK
Research/R33_NATIVE_N19_RUNTIME_BOUNDARY/RECOVERY_20260915_C/INDEPENDENT_FRESH_1409/logs/50_invariants_b.stdout: OK
Research/R33_NATIVE_N19_RUNTIME_BOUNDARY/RECOVERY_20260915_C/INDEPENDENT_FRESH_1409/logs/289_d_absolute.stderr: OK
Research/R33_NATIVE_N19_RUNTIME_BOUNDARY/RECOVERY_20260915_C/INDEPENDENT_FRESH_1409/logs/218_c_case-error-classification.exit: OK
Research/R33_NATIVE_N19_RUNTIME_BOUNDARY/RECOVERY_20260915_C/INDEPENDENT_FRESH_1409/logs/85_b_unsafe_directory.command: OK
Research/R33_NATIVE_N19_RUNTIME_BOUNDARY/RECOVERY_20260915_C/INDEPENDENT_FRESH_1409/logs/245_c_traversal.command: OK
Research/R33_NATIVE_N19_RUNTIME_BOUNDARY/RECOVERY_20260915_C/INDEPENDENT_FRESH_1409/logs/93_tracked_diff_preserved.command: OK
Research/R33_NATIVE_N19_RUNTIME_BOUNDARY/RECOVERY_20260915_C/INDEPENDENT_FRESH_1409/logs/77_b_missing_case-append-existing.exit: OK
Research/R33_NATIVE_N19_RUNTIME_BOUNDARY/RECOVERY_20260915_C/INDEPENDENT_FRESH_1409/logs/14_a_case-capacity.stderr: OK
Research/R33_NATIVE_N19_RUNTIME_BOUNDARY/RECOVERY_20260915_C/INDEPENDENT_FRESH_1409/logs/28_a_case-retained-sequence.exit: OK
Research/R33_NATIVE_N19_RUNTIME_BOUNDARY/RECOVERY_20260915_C/INDEPENDENT_FRESH_1409/logs/38_a_unsafe_sym.bin.stdout: OK
Research/R33_NATIVE_N19_RUNTIME_BOUNDARY/RECOVERY_20260915_C/INDEPENDENT_FRESH_1409/logs/5_resource_predicate_a.exit: OK
Research/R33_NATIVE_N19_RUNTIME_BOUNDARY/RECOVERY_20260915_C/INDEPENDENT_FRESH_1409/logs/44_a_symlink_recover.stdout: OK
Research/R33_NATIVE_N19_RUNTIME_BOUNDARY/RECOVERY_20260915_C/INDEPENDENT_FRESH_1409/logs/9_crash_a.exit: OK
Research/R33_NATIVE_N19_RUNTIME_BOUNDARY/RECOVERY_20260915_C/INDEPENDENT_FRESH_1409/logs/11_host_a.exit: OK
Research/R33_NATIVE_N19_RUNTIME_BOUNDARY/RECOVERY_20260915_C/INDEPENDENT_FRESH_1409/logs/83_b_unsafe_one.bin.exit: OK
Research/R33_NATIVE_N19_RUNTIME_BOUNDARY/RECOVERY_20260915_C/INDEPENDENT_FRESH_1409/logs/256_d_case-overflow.command: OK
Research/R33_NATIVE_N19_RUNTIME_BOUNDARY/RECOVERY_20260915_C/INDEPENDENT_FRESH_1409/logs/48_resource_predicate_b.stderr: OK
Research/R33_NATIVE_N19_RUNTIME_BOUNDARY/RECOVERY_20260915_C/INDEPENDENT_FRESH_1409/logs/20_a_case-host-abi.command: OK
Research/R33_NATIVE_N19_RUNTIME_BOUNDARY/RECOVERY_20260915_C/INDEPENDENT_FRESH_1409/logs/58_b_case-recovery.exit: OK
Research/R33_NATIVE_N19_RUNTIME_BOUNDARY/RECOVERY_20260915_C/INDEPENDENT_FRESH_1409/logs/32_a_missing_case-recover-file.stderr: OK
Research/R33_NATIVE_N19_RUNTIME_BOUNDARY/RECOVERY_20260915_C/INDEPENDENT_FRESH_1409/logs/235_c_duplicate.exit: OK
Research/R33_NATIVE_N19_RUNTIME_BOUNDARY/RECOVERY_20260915_C/INDEPENDENT_FRESH_1409/logs/25_a_case-append-existing.stdout: OK
Research/R33_NATIVE_N19_RUNTIME_BOUNDARY/RECOVERY_20260915_C/INDEPENDENT_FRESH_1409/logs/19_a_case-limit.stdout: OK
Research/R33_NATIVE_N19_RUNTIME_BOUNDARY/RECOVERY_20260915_C/INDEPENDENT_FRESH_1409/logs/93_tracked_diff_preserved.exit: OK
Research/R33_NATIVE_N19_RUNTIME_BOUNDARY/RECOVERY_20260915_C/INDEPENDENT_FRESH_1409/logs/287_d_symlink_recover.exit: OK
Research/R33_NATIVE_N19_RUNTIME_BOUNDARY/RECOVERY_20260915_C/INDEPENDENT_FRESH_1409/logs/102_independent_fault_a.stdout: OK
Research/R33_NATIVE_N19_RUNTIME_BOUNDARY/RECOVERY_20260915_C/INDEPENDENT_FRESH_1409/logs/201_build_qual.exit: OK
Research/R33_NATIVE_N19_RUNTIME_BOUNDARY/RECOVERY_20260915_C/INDEPENDENT_FRESH_1409/logs/58_b_case-recovery.stdout: OK
Research/R33_NATIVE_N19_RUNTIME_BOUNDARY/RECOVERY_20260915_C/INDEPENDENT_FRESH_1409/logs/71_b_case-retained-sequence.command: OK
Research/R33_NATIVE_N19_RUNTIME_BOUNDARY/RECOVERY_20260915_C/INDEPENDENT_FRESH_1409/logs/266_d_case-io.exit: OK
Research/R33_NATIVE_N19_RUNTIME_BOUNDARY/RECOVERY_20260915_C/INDEPENDENT_FRESH_1409/logs/34_a_missing_case-append-existing.stderr: OK
Research/R33_NATIVE_N19_RUNTIME_BOUNDARY/RECOVERY_20260915_C/INDEPENDENT_FRESH_1409/logs/252_crash_d.stderr: OK
Research/R33_NATIVE_N19_RUNTIME_BOUNDARY/RECOVERY_20260915_C/INDEPENDENT_FRESH_1409/logs/20_a_case-host-abi.exit: OK
Research/R33_NATIVE_N19_RUNTIME_BOUNDARY/RECOVERY_20260915_C/INDEPENDENT_FRESH_1409/logs/211_host_c.command: OK
Research/R33_NATIVE_N19_RUNTIME_BOUNDARY/RECOVERY_20260915_C/INDEPENDENT_FRESH_1409/logs/282_d_unsafe_hard.bin.command: OK
Research/R33_NATIVE_N19_RUNTIME_BOUNDARY/RECOVERY_20260915_C/INDEPENDENT_FRESH_1409/logs/209_crash_c.stdout: OK
Research/R33_NATIVE_N19_RUNTIME_BOUNDARY/RECOVERY_20260915_C/INDEPENDENT_FRESH_1409/logs/54_host_b.exit: OK
Research/R33_NATIVE_N19_RUNTIME_BOUNDARY/RECOVERY_20260915_C/INDEPENDENT_FRESH_1409/logs/233_c_missing_case-probe-existing.exit: OK
Research/R33_NATIVE_N19_RUNTIME_BOUNDARY/RECOVERY_20260915_C/INDEPENDENT_FRESH_1409/logs/29_a_case-torn.stdout: OK
Research/R33_NATIVE_N19_RUNTIME_BOUNDARY/RECOVERY_20260915_C/INDEPENDENT_FRESH_1409/logs/87_b_symlink_recover.stdout: OK
Research/R33_NATIVE_N19_RUNTIME_BOUNDARY/RECOVERY_20260915_C/INDEPENDENT_FRESH_1409/logs/78_b_duplicate.command: OK
Research/R33_NATIVE_N19_RUNTIME_BOUNDARY/RECOVERY_20260915_C/INDEPENDENT_FRESH_1409/logs/12_a_case-malformed.stderr: OK
Research/R33_NATIVE_N19_RUNTIME_BOUNDARY/RECOVERY_20260915_C/INDEPENDENT_FRESH_1409/logs/243_c_symlink_root.command: OK
Research/R33_NATIVE_N19_RUNTIME_BOUNDARY/RECOVERY_20260915_C/INDEPENDENT_FRESH_1409/logs/52_crash_b.command: OK
Research/R33_NATIVE_N19_RUNTIME_BOUNDARY/RECOVERY_20260915_C/INDEPENDENT_FRESH_1409/logs/1_build_qual.command: OK
Research/R33_NATIVE_N19_RUNTIME_BOUNDARY/RECOVERY_20260915_C/INDEPENDENT_FRESH_1409/logs/105_protected_after.stderr: OK
Research/R33_NATIVE_N19_RUNTIME_BOUNDARY/RECOVERY_20260915_C/INDEPENDENT_FRESH_1409/logs/205_resource_predicate_c.stdout: OK
Research/R33_NATIVE_N19_RUNTIME_BOUNDARY/RECOVERY_20260915_C/INDEPENDENT_FRESH_1409/logs/86_b_symlink_root.stderr: OK
Research/R33_NATIVE_N19_RUNTIME_BOUNDARY/RECOVERY_20260915_C/INDEPENDENT_FRESH_1409/logs/277_d_missing_case-append-existing.stderr: OK
Research/R33_NATIVE_N19_RUNTIME_BOUNDARY/RECOVERY_20260915_C/INDEPENDENT_FRESH_1409/logs/10_resource_a.stderr: OK
Research/R33_NATIVE_N19_RUNTIME_BOUNDARY/RECOVERY_20260915_C/INDEPENDENT_FRESH_1409/logs/217_c_case-recovery-atomicity.stderr: OK
Research/R33_NATIVE_N19_RUNTIME_BOUNDARY/RECOVERY_20260915_C/INDEPENDENT_FRESH_1409/logs/64_b_case-fault-open.command: OK
Research/R33_NATIVE_N19_RUNTIME_BOUNDARY/RECOVERY_20260915_C/INDEPENDENT_FRESH_1409/logs/48_resource_predicate_b.exit: OK
Research/R33_NATIVE_N19_RUNTIME_BOUNDARY/RECOVERY_20260915_C/INDEPENDENT_FRESH_1409/logs/208_poison_c.stderr: OK
Research/R33_NATIVE_N19_RUNTIME_BOUNDARY/RECOVERY_20260915_C/INDEPENDENT_FRESH_1409/logs/14_a_case-capacity.exit: OK
Research/R33_NATIVE_N19_RUNTIME_BOUNDARY/RECOVERY_20260915_C/INDEPENDENT_FRESH_1409/logs/80_b_missing_recover_root.stderr: OK
Research/R33_NATIVE_N19_RUNTIME_BOUNDARY/RECOVERY_20260915_C/INDEPENDENT_FRESH_1409/logs/82_b_unsafe_hard.bin.stdout: OK
Research/R33_NATIVE_N19_RUNTIME_BOUNDARY/RECOVERY_20260915_C/INDEPENDENT_FRESH_1409/logs/72_b_case-torn.command: OK
Research/R33_NATIVE_N19_RUNTIME_BOUNDARY/RECOVERY_20260915_C/INDEPENDENT_FRESH_1409/logs/269_d_case-recover-file.stderr: OK
Research/R33_NATIVE_N19_RUNTIME_BOUNDARY/RECOVERY_20260915_C/INDEPENDENT_FRESH_1409/logs/9_crash_a.stderr: OK
Research/R33_NATIVE_N19_RUNTIME_BOUNDARY/RECOVERY_20260915_C/INDEPENDENT_FRESH_1409/logs/255_d_case-malformed.exit: OK
Research/R33_NATIVE_N19_RUNTIME_BOUNDARY/RECOVERY_20260915_C/INDEPENDENT_FRESH_1409/logs/242_c_unsafe_directory.exit: OK
Research/R33_NATIVE_N19_RUNTIME_BOUNDARY/RECOVERY_20260915_C/INDEPENDENT_FRESH_1409/logs/88_b_traversal.command: OK
Research/R33_NATIVE_N19_RUNTIME_BOUNDARY/RECOVERY_20260915_C/INDEPENDENT_FRESH_1409/logs/204_wait_c.exit: OK
Research/R33_NATIVE_N19_RUNTIME_BOUNDARY/RECOVERY_20260915_C/INDEPENDENT_FRESH_1409/logs/249_cpu_d.exit: OK
Research/R33_NATIVE_N19_RUNTIME_BOUNDARY/RECOVERY_20260915_C/INDEPENDENT_FRESH_1409/logs/6_cpu_a.stdout: OK
Research/R33_NATIVE_N19_RUNTIME_BOUNDARY/RECOVERY_20260915_C/INDEPENDENT_FRESH_1409/logs/68_b_case-append-existing.exit: OK
Research/R33_NATIVE_N19_RUNTIME_BOUNDARY/RECOVERY_20260915_C/INDEPENDENT_FRESH_1409/logs/244_c_symlink_recover.command: OK
Research/R33_NATIVE_N19_RUNTIME_BOUNDARY/RECOVERY_20260915_C/INDEPENDENT_FRESH_1409/logs/67_b_case-write.stderr: OK
Research/R33_NATIVE_N19_RUNTIME_BOUNDARY/RECOVERY_20260915_C/INDEPENDENT_FRESH_1409/logs/275_d_missing_case-recover-file.command: OK
Research/R33_NATIVE_N19_RUNTIME_BOUNDARY/RECOVERY_20260915_C/INDEPENDENT_FRESH_1409/logs/236_c_missing_root.stderr: OK
Research/R33_NATIVE_N19_RUNTIME_BOUNDARY/RECOVERY_20260915_C/INDEPENDENT_FRESH_1409/logs/91_protected_preserved.stderr: OK
Research/R33_NATIVE_N19_RUNTIME_BOUNDARY/RECOVERY_20260915_C/INDEPENDENT_FRESH_1409/logs/266_d_case-io.stdout: OK
Research/R33_NATIVE_N19_RUNTIME_BOUNDARY/RECOVERY_20260915_C/INDEPENDENT_FRESH_1409/logs/271_d_case-retained-sequence.command: OK
Research/R33_NATIVE_N19_RUNTIME_BOUNDARY/RECOVERY_20260915_C/INDEPENDENT_FRESH_1409/logs/291_protected_preserved.stdout: OK
Research/R33_NATIVE_N19_RUNTIME_BOUNDARY/RECOVERY_20260915_C/INDEPENDENT_FRESH_1409/logs/251_poison_d.command: OK
Research/R33_NATIVE_N19_RUNTIME_BOUNDARY/RECOVERY_20260915_C/INDEPENDENT_FRESH_1409/logs/219_c_case-limit.exit: OK
Research/R33_NATIVE_N19_RUNTIME_BOUNDARY/RECOVERY_20260915_C/INDEPENDENT_FRESH_1409/logs/203_build_repaired.command: OK
Research/R33_NATIVE_N19_RUNTIME_BOUNDARY/RECOVERY_20260915_C/INDEPENDENT_FRESH_1409/logs/49_cpu_b.stdout: OK
Research/R33_NATIVE_N19_RUNTIME_BOUNDARY/RECOVERY_20260915_C/INDEPENDENT_FRESH_1409/logs/210_resource_c.command: OK
Research/R33_NATIVE_N19_RUNTIME_BOUNDARY/RECOVERY_20260915_C/INDEPENDENT_FRESH_1409/logs/246_c_absolute.stdout: OK
Research/R33_NATIVE_N19_RUNTIME_BOUNDARY/RECOVERY_20260915_C/INDEPENDENT_FRESH_1409/logs/235_c_duplicate.stdout: OK
Research/R33_NATIVE_N19_RUNTIME_BOUNDARY/RECOVERY_20260915_C/INDEPENDENT_FRESH_1409/logs/215_c_case-recovery.stderr: OK
Research/R33_NATIVE_N19_RUNTIME_BOUNDARY/RECOVERY_20260915_C/INDEPENDENT_FRESH_1409/logs/39_a_unsafe_hard.bin.exit: OK
Research/R33_NATIVE_N19_RUNTIME_BOUNDARY/RECOVERY_20260915_C/INDEPENDENT_FRESH_1409/logs/101_independent_build.stderr: OK
Research/R33_NATIVE_N19_RUNTIME_BOUNDARY/RECOVERY_20260915_C/INDEPENDENT_FRESH_1409/logs/279_d_missing_root.command: OK
Research/R33_NATIVE_N19_RUNTIME_BOUNDARY/RECOVERY_20260915_C/INDEPENDENT_FRESH_1409/logs/208_poison_c.command: OK
Research/R33_NATIVE_N19_RUNTIME_BOUNDARY/RECOVERY_20260915_C/INDEPENDENT_FRESH_1409/logs/268_d_case-append-existing.exit: OK
Research/R33_NATIVE_N19_RUNTIME_BOUNDARY/RECOVERY_20260915_C/INDEPENDENT_FRESH_1409/logs/36_a_missing_root.stdout: OK
Research/R33_NATIVE_N19_RUNTIME_BOUNDARY/RECOVERY_20260915_C/INDEPENDENT_FRESH_1409/logs/289_d_absolute.command: OK
Research/R33_NATIVE_N19_RUNTIME_BOUNDARY/RECOVERY_20260915_C/INDEPENDENT_FRESH_1409/logs/288_d_traversal.stdout: OK
Research/R33_NATIVE_N19_RUNTIME_BOUNDARY/RECOVERY_20260915_C/INDEPENDENT_FRESH_1409/logs/215_c_case-recovery.command: OK
Research/R33_NATIVE_N19_RUNTIME_BOUNDARY/RECOVERY_20260915_C/INDEPENDENT_FRESH_1409/logs/33_a_missing_case-probe-existing.stdout: OK
Research/R33_NATIVE_N19_RUNTIME_BOUNDARY/RECOVERY_20260915_C/INDEPENDENT_FRESH_1409/logs/210_resource_c.stderr: OK
Research/R33_NATIVE_N19_RUNTIME_BOUNDARY/RECOVERY_20260915_C/INDEPENDENT_FRESH_1409/logs/7_invariants_a.command: OK
Research/R33_NATIVE_N19_RUNTIME_BOUNDARY/RECOVERY_20260915_C/INDEPENDENT_FRESH_1409/logs/56_b_case-overflow.stdout: OK
Research/R33_NATIVE_N19_RUNTIME_BOUNDARY/RECOVERY_20260915_C/INDEPENDENT_FRESH_1409/logs/102_independent_fault_a.exit: OK
Research/R33_NATIVE_N19_RUNTIME_BOUNDARY/RECOVERY_20260915_C/INDEPENDENT_FRESH_1409/logs/28_a_case-retained-sequence.stderr: OK
Research/R33_NATIVE_N19_RUNTIME_BOUNDARY/RECOVERY_20260915_C/INDEPENDENT_FRESH_1409/logs/5_resource_predicate_a.stderr: OK
Research/R33_NATIVE_N19_RUNTIME_BOUNDARY/RECOVERY_20260915_C/INDEPENDENT_FRESH_1409/logs/247_wait_d.command: OK
Research/R33_NATIVE_N19_RUNTIME_BOUNDARY/RECOVERY_20260915_C/INDEPENDENT_FRESH_1409/logs/276_d_missing_case-probe-existing.stdout: OK
Research/R33_NATIVE_N19_RUNTIME_BOUNDARY/RECOVERY_20260915_C/INDEPENDENT_FRESH_1409/logs/268_d_case-append-existing.stderr: OK
Research/R33_NATIVE_N19_RUNTIME_BOUNDARY/RECOVERY_20260915_C/INDEPENDENT_FRESH_1409/logs/229_c_case-torn.stderr: OK
Research/R33_NATIVE_N19_RUNTIME_BOUNDARY/RECOVERY_20260915_C/INDEPENDENT_FRESH_1409/logs/64_b_case-fault-open.stderr: OK
Research/R33_NATIVE_N19_RUNTIME_BOUNDARY/RECOVERY_20260915_C/INDEPENDENT_FRESH_1409/logs/84_b_unsafe_fifo.stdout: OK
Research/R33_NATIVE_N19_RUNTIME_BOUNDARY/RECOVERY_20260915_C/INDEPENDENT_FRESH_1409/logs/257_d_case-capacity.stderr: OK
Research/R33_NATIVE_N19_RUNTIME_BOUNDARY/RECOVERY_20260915_C/INDEPENDENT_FRESH_1409/logs/41_a_unsafe_fifo.stderr: OK
Research/R33_NATIVE_N19_RUNTIME_BOUNDARY/RECOVERY_20260915_C/INDEPENDENT_FRESH_1409/logs/227_c_case-probe-existing.exit: OK
Research/R33_NATIVE_N19_RUNTIME_BOUNDARY/RECOVERY_20260915_C/INDEPENDENT_FRESH_1409/logs/221_c_case-fault-open.stdout: OK
Research/R33_NATIVE_N19_RUNTIME_BOUNDARY/RECOVERY_20260915_C/INDEPENDENT_FRESH_1409/logs/212_c_case-malformed.stderr: OK
Research/R33_NATIVE_N19_RUNTIME_BOUNDARY/RECOVERY_20260915_C/INDEPENDENT_FRESH_1409/logs/259_d_case-corruption.stderr: OK
Research/R33_NATIVE_N19_RUNTIME_BOUNDARY/RECOVERY_20260915_C/INDEPENDENT_FRESH_1409/logs/211_host_c.exit: OK
Research/R33_NATIVE_N19_RUNTIME_BOUNDARY/RECOVERY_20260915_C/INDEPENDENT_FRESH_1409/logs/208_poison_c.exit: OK
Research/R33_NATIVE_N19_RUNTIME_BOUNDARY/RECOVERY_20260915_C/INDEPENDENT_FRESH_1409/logs/253_resource_d.stderr: OK
Research/R33_NATIVE_N19_RUNTIME_BOUNDARY/RECOVERY_20260915_C/INDEPENDENT_FRESH_1409/logs/238_c_unsafe_sym.bin.command: OK
Research/R33_NATIVE_N19_RUNTIME_BOUNDARY/RECOVERY_20260915_C/INDEPENDENT_FRESH_1409/logs/256_d_case-overflow.exit: OK
Research/R33_NATIVE_N19_RUNTIME_BOUNDARY/RECOVERY_20260915_C/INDEPENDENT_FRESH_1409/logs/92_closeout_preserved.exit: OK
Research/R33_NATIVE_N19_RUNTIME_BOUNDARY/RECOVERY_20260915_C/INDEPENDENT_FRESH_1409/logs/16_a_case-corruption.exit: OK
Research/R33_NATIVE_N19_RUNTIME_BOUNDARY/RECOVERY_20260915_C/INDEPENDENT_FRESH_1409/logs/70_b_case-probe-existing.stdout: OK
Research/R33_NATIVE_N19_RUNTIME_BOUNDARY/RECOVERY_20260915_C/INDEPENDENT_FRESH_1409/logs/74_b_case-fault-close.stdout: OK
Research/R33_NATIVE_N19_RUNTIME_BOUNDARY/RECOVERY_20260915_C/INDEPENDENT_FRESH_1409/logs/220_c_case-host-abi.command: OK
Research/R33_NATIVE_N19_RUNTIME_BOUNDARY/RECOVERY_20260915_C/INDEPENDENT_FRESH_1409/logs/204_wait_c.stderr: OK
Research/R33_NATIVE_N19_RUNTIME_BOUNDARY/RECOVERY_20260915_C/INDEPENDENT_FRESH_1409/logs/286_d_symlink_root.stdout: OK
Research/R33_NATIVE_N19_RUNTIME_BOUNDARY/RECOVERY_20260915_C/INDEPENDENT_FRESH_1409/logs/92_closeout_preserved.stdout: OK
Research/R33_NATIVE_N19_RUNTIME_BOUNDARY/RECOVERY_20260915_C/INDEPENDENT_FRESH_1409/logs/234_c_missing_case-append-existing.stderr: OK
Research/R33_NATIVE_N19_RUNTIME_BOUNDARY/RECOVERY_20260915_C/INDEPENDENT_FRESH_1409/logs/73_b_case-fault-fsync.command: OK
Research/R33_NATIVE_N19_RUNTIME_BOUNDARY/RECOVERY_20260915_C/INDEPENDENT_FRESH_1409/logs/280_d_missing_recover_root.command: OK
Research/R33_NATIVE_N19_RUNTIME_BOUNDARY/RECOVERY_20260915_C/INDEPENDENT_FRESH_1409/logs/46_a_absolute.command: OK
Research/R33_NATIVE_N19_RUNTIME_BOUNDARY/RECOVERY_20260915_C/INDEPENDENT_FRESH_1409/logs/3_build_repaired.stdout: OK
Research/R33_NATIVE_N19_RUNTIME_BOUNDARY/RECOVERY_20260915_C/INDEPENDENT_FRESH_1409/logs/213_c_case-overflow.stdout: OK
Research/R33_NATIVE_N19_RUNTIME_BOUNDARY/RECOVERY_20260915_C/INDEPENDENT_FRESH_1409/logs/88_b_traversal.stderr: OK
Research/R33_NATIVE_N19_RUNTIME_BOUNDARY/RECOVERY_20260915_C/INDEPENDENT_FRESH_1409/logs/20_a_case-host-abi.stderr: OK
Research/R33_NATIVE_N19_RUNTIME_BOUNDARY/RECOVERY_20260915_C/INDEPENDENT_FRESH_1409/logs/246_c_absolute.exit: OK
Research/R33_NATIVE_N19_RUNTIME_BOUNDARY/RECOVERY_20260915_C/INDEPENDENT_FRESH_1409/logs/262_d_case-limit.exit: OK
Research/R33_NATIVE_N19_RUNTIME_BOUNDARY/RECOVERY_20260915_C/INDEPENDENT_FRESH_1409/logs/238_c_unsafe_sym.bin.stdout: OK
Research/R33_NATIVE_N19_RUNTIME_BOUNDARY/RECOVERY_20260915_C/INDEPENDENT_FRESH_1409/logs/225_c_case-append-existing.exit: OK
Research/R33_NATIVE_N19_RUNTIME_BOUNDARY/RECOVERY_20260915_C/INDEPENDENT_FRESH_1409/logs/53_resource_b.stdout: OK
Research/R33_NATIVE_N19_RUNTIME_BOUNDARY/RECOVERY_20260915_C/INDEPENDENT_FRESH_1409/logs/49_cpu_b.exit: OK
Research/R33_NATIVE_N19_RUNTIME_BOUNDARY/RECOVERY_20260915_C/INDEPENDENT_FRESH_1409/logs/292_closeout_preserved.exit: OK
Research/R33_NATIVE_N19_RUNTIME_BOUNDARY/RECOVERY_20260915_C/INDEPENDENT_FRESH_1409/logs/207_invariants_c.stdout: OK
Research/R33_NATIVE_N19_RUNTIME_BOUNDARY/RECOVERY_20260915_C/INDEPENDENT_FRESH_1409/logs/259_d_case-corruption.stdout: OK
Research/R33_NATIVE_N19_RUNTIME_BOUNDARY/RECOVERY_20260915_C/INDEPENDENT_FRESH_1409/logs/221_c_case-fault-open.stderr: OK
Research/R33_NATIVE_N19_RUNTIME_BOUNDARY/RECOVERY_20260915_C/INDEPENDENT_FRESH_1409/logs/212_c_case-malformed.stdout: OK
Research/R33_NATIVE_N19_RUNTIME_BOUNDARY/RECOVERY_20260915_C/INDEPENDENT_FRESH_1409/logs/86_b_symlink_root.command: OK
Research/R33_NATIVE_N19_RUNTIME_BOUNDARY/RECOVERY_20260915_C/INDEPENDENT_FRESH_1409/logs/62_b_case-limit.exit: OK
Research/R33_NATIVE_N19_RUNTIME_BOUNDARY/RECOVERY_20260915_C/INDEPENDENT_FRESH_1409/logs/283_d_unsafe_one.bin.exit: OK
Research/R33_NATIVE_N19_RUNTIME_BOUNDARY/RECOVERY_20260915_C/INDEPENDENT_FRESH_1409/logs/253_resource_d.stdout: OK
Research/R33_NATIVE_N19_RUNTIME_BOUNDARY/RECOVERY_20260915_C/INDEPENDENT_FRESH_1409/logs/47_wait_b.exit: OK
Research/R33_NATIVE_N19_RUNTIME_BOUNDARY/RECOVERY_20260915_C/INDEPENDENT_FRESH_1409/logs/51_poison_b.exit: OK
Research/R33_NATIVE_N19_RUNTIME_BOUNDARY/RECOVERY_20260915_C/INDEPENDENT_FRESH_1409/logs/28_a_case-retained-sequence.stdout: OK
Research/R33_NATIVE_N19_RUNTIME_BOUNDARY/RECOVERY_20260915_C/INDEPENDENT_FRESH_1409/logs/5_resource_predicate_a.stdout: OK
Research/R33_NATIVE_N19_RUNTIME_BOUNDARY/RECOVERY_20260915_C/INDEPENDENT_FRESH_1409/logs/51_poison_b.command: OK
Research/R33_NATIVE_N19_RUNTIME_BOUNDARY/RECOVERY_20260915_C/INDEPENDENT_FRESH_1409/logs/283_d_unsafe_one.bin.command: OK
Research/R33_NATIVE_N19_RUNTIME_BOUNDARY/RECOVERY_20260915_C/INDEPENDENT_FRESH_1409/logs/33_a_missing_case-probe-existing.stderr: OK
Research/R33_NATIVE_N19_RUNTIME_BOUNDARY/RECOVERY_20260915_C/INDEPENDENT_FRESH_1409/logs/56_b_case-overflow.stderr: OK
Research/R33_NATIVE_N19_RUNTIME_BOUNDARY/RECOVERY_20260915_C/INDEPENDENT_FRESH_1409/logs/210_resource_c.stdout: OK
Research/R33_NATIVE_N19_RUNTIME_BOUNDARY/RECOVERY_20260915_C/INDEPENDENT_FRESH_1409/logs/257_d_case-capacity.stdout: OK
Research/R33_NATIVE_N19_RUNTIME_BOUNDARY/RECOVERY_20260915_C/INDEPENDENT_FRESH_1409/logs/6_cpu_a.exit: OK
Research/R33_NATIVE_N19_RUNTIME_BOUNDARY/RECOVERY_20260915_C/INDEPENDENT_FRESH_1409/logs/41_a_unsafe_fifo.stdout: OK
Research/R33_NATIVE_N19_RUNTIME_BOUNDARY/RECOVERY_20260915_C/INDEPENDENT_FRESH_1409/logs/268_d_case-append-existing.stdout: OK
Research/R33_NATIVE_N19_RUNTIME_BOUNDARY/RECOVERY_20260915_C/INDEPENDENT_FRESH_1409/logs/48_resource_predicate_b.command: OK
Research/R33_NATIVE_N19_RUNTIME_BOUNDARY/RECOVERY_20260915_C/INDEPENDENT_FRESH_1409/logs/27_a_case-probe-existing.command: OK
Research/R33_NATIVE_N19_RUNTIME_BOUNDARY/RECOVERY_20260915_C/INDEPENDENT_FRESH_1409/logs/229_c_case-torn.stdout: OK
Research/R33_NATIVE_N19_RUNTIME_BOUNDARY/RECOVERY_20260915_C/INDEPENDENT_FRESH_1409/logs/64_b_case-fault-open.stdout: OK
Research/R33_NATIVE_N19_RUNTIME_BOUNDARY/RECOVERY_20260915_C/INDEPENDENT_FRESH_1409/logs/70_b_case-probe-existing.command: OK
Research/R33_NATIVE_N19_RUNTIME_BOUNDARY/RECOVERY_20260915_C/INDEPENDENT_FRESH_1409/logs/84_b_unsafe_fifo.stderr: OK
Research/R33_NATIVE_N19_RUNTIME_BOUNDARY/RECOVERY_20260915_C/INDEPENDENT_FRESH_1409/logs/276_d_missing_case-probe-existing.stderr: OK
Research/R33_NATIVE_N19_RUNTIME_BOUNDARY/RECOVERY_20260915_C/INDEPENDENT_FRESH_1409/logs/61_b_case-error-classification.exit: OK
Research/R33_NATIVE_N19_RUNTIME_BOUNDARY/RECOVERY_20260915_C/INDEPENDENT_FRESH_1409/logs/245_c_traversal.exit: OK
Research/R33_NATIVE_N19_RUNTIME_BOUNDARY/RECOVERY_20260915_C/INDEPENDENT_FRESH_1409/logs/213_c_case-overflow.stderr: OK
Research/R33_NATIVE_N19_RUNTIME_BOUNDARY/RECOVERY_20260915_C/INDEPENDENT_FRESH_1409/logs/89_b_absolute.command: OK
Research/R33_NATIVE_N19_RUNTIME_BOUNDARY/RECOVERY_20260915_C/INDEPENDENT_FRESH_1409/logs/88_b_traversal.stdout: OK
Research/R33_NATIVE_N19_RUNTIME_BOUNDARY/RECOVERY_20260915_C/INDEPENDENT_FRESH_1409/logs/20_a_case-host-abi.stdout: OK
Research/R33_NATIVE_N19_RUNTIME_BOUNDARY/RECOVERY_20260915_C/INDEPENDENT_FRESH_1409/logs/42_a_unsafe_directory.command: OK
Research/R33_NATIVE_N19_RUNTIME_BOUNDARY/RECOVERY_20260915_C/INDEPENDENT_FRESH_1409/logs/92_closeout_preserved.stderr: OK
Research/R33_NATIVE_N19_RUNTIME_BOUNDARY/RECOVERY_20260915_C/INDEPENDENT_FRESH_1409/logs/234_c_missing_case-append-existing.stdout: OK
Research/R33_NATIVE_N19_RUNTIME_BOUNDARY/RECOVERY_20260915_C/INDEPENDENT_FRESH_1409/logs/3_build_repaired.stderr: OK
Research/R33_NATIVE_N19_RUNTIME_BOUNDARY/RECOVERY_20260915_C/INDEPENDENT_FRESH_1409/logs/207_invariants_c.stderr: OK
Research/R33_NATIVE_N19_RUNTIME_BOUNDARY/RECOVERY_20260915_C/INDEPENDENT_FRESH_1409/logs/72_b_case-torn.exit: OK
Research/R33_NATIVE_N19_RUNTIME_BOUNDARY/RECOVERY_20260915_C/INDEPENDENT_FRESH_1409/logs/238_c_unsafe_sym.bin.stderr: OK
Research/R33_NATIVE_N19_RUNTIME_BOUNDARY/RECOVERY_20260915_C/INDEPENDENT_FRESH_1409/logs/44_a_symlink_recover.command: OK
Research/R33_NATIVE_N19_RUNTIME_BOUNDARY/RECOVERY_20260915_C/INDEPENDENT_FRESH_1409/logs/53_resource_b.stderr: OK
Research/R33_NATIVE_N19_RUNTIME_BOUNDARY/RECOVERY_20260915_C/INDEPENDENT_FRESH_1409/logs/259_d_case-corruption.command: OK
Research/R33_NATIVE_N19_RUNTIME_BOUNDARY/RECOVERY_20260915_C/INDEPENDENT_FRESH_1409/logs/70_b_case-probe-existing.stderr: OK
Research/R33_NATIVE_N19_RUNTIME_BOUNDARY/RECOVERY_20260915_C/INDEPENDENT_FRESH_1409/logs/47_wait_b.command: OK
Research/R33_NATIVE_N19_RUNTIME_BOUNDARY/RECOVERY_20260915_C/INDEPENDENT_FRESH_1409/logs/286_d_symlink_root.stderr: OK
Research/R33_NATIVE_N19_RUNTIME_BOUNDARY/RECOVERY_20260915_C/INDEPENDENT_FRESH_1409/logs/74_b_case-fault-close.stderr: OK
Research/R33_NATIVE_N19_RUNTIME_BOUNDARY/RECOVERY_20260915_C/INDEPENDENT_FRESH_1409/logs/204_wait_c.stdout: OK
Research/R33_NATIVE_N19_RUNTIME_BOUNDARY/RECOVERY_20260915_C/INDEPENDENT_FRESH_1409/logs/212_c_case-malformed.command: OK
Research/R33_NATIVE_N19_RUNTIME_BOUNDARY/RECOVERY_20260915_C/INDEPENDENT_FRESH_1409/logs/13_a_case-overflow.command: OK
Research/R33_NATIVE_N19_RUNTIME_BOUNDARY/RECOVERY_20260915_C/INDEPENDENT_FRESH_1409/logs/6_cpu_a.stderr: OK
Research/R33_NATIVE_N19_RUNTIME_BOUNDARY/RECOVERY_20260915_C/INDEPENDENT_FRESH_1409/logs/9_crash_a.stdout: OK
Research/R33_NATIVE_N19_RUNTIME_BOUNDARY/RECOVERY_20260915_C/INDEPENDENT_FRESH_1409/logs/22_a_case-fault-host-probe.command: OK
Research/R33_NATIVE_N19_RUNTIME_BOUNDARY/RECOVERY_20260915_C/INDEPENDENT_FRESH_1409/logs/269_d_case-recover-file.stdout: OK
Research/R33_NATIVE_N19_RUNTIME_BOUNDARY/RECOVERY_20260915_C/INDEPENDENT_FRESH_1409/logs/282_d_unsafe_hard.bin.exit: OK
Research/R33_NATIVE_N19_RUNTIME_BOUNDARY/RECOVERY_20260915_C/INDEPENDENT_FRESH_1409/logs/266_d_case-io.stderr: OK
Research/R33_NATIVE_N19_RUNTIME_BOUNDARY/RECOVERY_20260915_C/INDEPENDENT_FRESH_1409/logs/236_c_missing_root.stdout: OK
Research/R33_NATIVE_N19_RUNTIME_BOUNDARY/RECOVERY_20260915_C/INDEPENDENT_FRESH_1409/logs/2_build_host.command: OK
Research/R33_NATIVE_N19_RUNTIME_BOUNDARY/RECOVERY_20260915_C/INDEPENDENT_FRESH_1409/logs/91_protected_preserved.stdout: OK
Research/R33_NATIVE_N19_RUNTIME_BOUNDARY/RECOVERY_20260915_C/INDEPENDENT_FRESH_1409/logs/67_b_case-write.stdout: OK
Research/R33_NATIVE_N19_RUNTIME_BOUNDARY/RECOVERY_20260915_C/INDEPENDENT_FRESH_1409/logs/68_b_case-append-existing.command: OK
Research/R33_NATIVE_N19_RUNTIME_BOUNDARY/RECOVERY_20260915_C/INDEPENDENT_FRESH_1409/logs/249_cpu_d.command: OK
Research/R33_NATIVE_N19_RUNTIME_BOUNDARY/RECOVERY_20260915_C/INDEPENDENT_FRESH_1409/logs/10_resource_a.stdout: OK
Research/R33_NATIVE_N19_RUNTIME_BOUNDARY/RECOVERY_20260915_C/INDEPENDENT_FRESH_1409/logs/277_d_missing_case-append-existing.stdout: OK
Research/R33_NATIVE_N19_RUNTIME_BOUNDARY/RECOVERY_20260915_C/INDEPENDENT_FRESH_1409/logs/257_d_case-capacity.exit: OK
Research/R33_NATIVE_N19_RUNTIME_BOUNDARY/RECOVERY_20260915_C/INDEPENDENT_FRESH_1409/logs/64_b_case-fault-open.exit: OK
Research/R33_NATIVE_N19_RUNTIME_BOUNDARY/RECOVERY_20260915_C/INDEPENDENT_FRESH_1409/logs/80_b_missing_recover_root.stdout: OK
Research/R33_NATIVE_N19_RUNTIME_BOUNDARY/RECOVERY_20260915_C/INDEPENDENT_FRESH_1409/logs/82_b_unsafe_hard.bin.stderr: OK
Research/R33_NATIVE_N19_RUNTIME_BOUNDARY/RECOVERY_20260915_C/INDEPENDENT_FRESH_1409/logs/237_c_missing_recover_root.exit: OK
Research/R33_NATIVE_N19_RUNTIME_BOUNDARY/RECOVERY_20260915_C/INDEPENDENT_FRESH_1409/logs/269_d_case-recover-file.command: OK
Research/R33_NATIVE_N19_RUNTIME_BOUNDARY/RECOVERY_20260915_C/INDEPENDENT_FRESH_1409/logs/208_poison_c.stdout: OK
Research/R33_NATIVE_N19_RUNTIME_BOUNDARY/RECOVERY_20260915_C/INDEPENDENT_FRESH_1409/logs/217_c_case-recovery-atomicity.stdout: OK
Research/R33_NATIVE_N19_RUNTIME_BOUNDARY/RECOVERY_20260915_C/INDEPENDENT_FRESH_1409/logs/91_protected_preserved.exit: OK
Research/R33_NATIVE_N19_RUNTIME_BOUNDARY/RECOVERY_20260915_C/INDEPENDENT_FRESH_1409/logs/221_c_case-fault-open.exit: OK
Research/R33_NATIVE_N19_RUNTIME_BOUNDARY/RECOVERY_20260915_C/INDEPENDENT_FRESH_1409/logs/101_independent_build.stdout: OK
Research/R33_NATIVE_N19_RUNTIME_BOUNDARY/RECOVERY_20260915_C/INDEPENDENT_FRESH_1409/logs/205_resource_predicate_c.exit: OK
Research/R33_NATIVE_N19_RUNTIME_BOUNDARY/RECOVERY_20260915_C/INDEPENDENT_FRESH_1409/logs/71_b_case-retained-sequence.exit: OK
Research/R33_NATIVE_N19_RUNTIME_BOUNDARY/RECOVERY_20260915_C/INDEPENDENT_FRESH_1409/logs/215_c_case-recovery.stdout: OK
Research/R33_NATIVE_N19_RUNTIME_BOUNDARY/RECOVERY_20260915_C/INDEPENDENT_FRESH_1409/logs/232_c_missing_case-recover-file.exit: OK
Research/R33_NATIVE_N19_RUNTIME_BOUNDARY/RECOVERY_20260915_C/INDEPENDENT_FRESH_1409/logs/17_a_case-recovery-atomicity.command: OK
Research/R33_NATIVE_N19_RUNTIME_BOUNDARY/RECOVERY_20260915_C/INDEPENDENT_FRESH_1409/logs/220_c_case-host-abi.exit: OK
Research/R33_NATIVE_N19_RUNTIME_BOUNDARY/RECOVERY_20260915_C/INDEPENDENT_FRESH_1409/logs/84_b_unsafe_fifo.command: OK
Research/R33_NATIVE_N19_RUNTIME_BOUNDARY/RECOVERY_20260915_C/INDEPENDENT_FRESH_1409/logs/36_a_missing_root.stderr: OK
Research/R33_NATIVE_N19_RUNTIME_BOUNDARY/RECOVERY_20260915_C/INDEPENDENT_FRESH_1409/logs/288_d_traversal.stderr: OK
Research/R33_NATIVE_N19_RUNTIME_BOUNDARY/RECOVERY_20260915_C/INDEPENDENT_FRESH_1409/logs/35_a_duplicate.command: OK
Research/R33_NATIVE_N19_RUNTIME_BOUNDARY/RECOVERY_20260915_C/INDEPENDENT_FRESH_1409/logs/34_a_missing_case-append-existing.command: OK
Research/R33_NATIVE_N19_RUNTIME_BOUNDARY/RECOVERY_20260915_C/INDEPENDENT_FRESH_1409/logs/62_b_case-limit.command: OK
Research/R33_NATIVE_N19_RUNTIME_BOUNDARY/RECOVERY_20260915_C/INDEPENDENT_FRESH_1409/logs/81_b_unsafe_sym.bin.exit: OK
Research/R33_NATIVE_N19_RUNTIME_BOUNDARY/RECOVERY_20260915_C/INDEPENDENT_FRESH_1409/logs/69_b_case-recover-file.command: OK
Research/R33_NATIVE_N19_RUNTIME_BOUNDARY/RECOVERY_20260915_C/INDEPENDENT_FRESH_1409/logs/291_protected_preserved.stderr: OK
Research/R33_NATIVE_N19_RUNTIME_BOUNDARY/RECOVERY_20260915_C/INDEPENDENT_FRESH_1409/logs/214_c_case-capacity.command: OK
Research/R33_NATIVE_N19_RUNTIME_BOUNDARY/RECOVERY_20260915_C/INDEPENDENT_FRESH_1409/logs/106_historical_after.exit: OK
Research/R33_NATIVE_N19_RUNTIME_BOUNDARY/RECOVERY_20260915_C/INDEPENDENT_FRESH_1409/logs/235_c_duplicate.stderr: OK
Research/R33_NATIVE_N19_RUNTIME_BOUNDARY/RECOVERY_20260915_C/INDEPENDENT_FRESH_1409/logs/246_c_absolute.stderr: OK
Research/R33_NATIVE_N19_RUNTIME_BOUNDARY/RECOVERY_20260915_C/INDEPENDENT_FRESH_1409/logs/82_b_unsafe_hard.bin.command: OK
Research/R33_NATIVE_N19_RUNTIME_BOUNDARY/RECOVERY_20260915_C/INDEPENDENT_FRESH_1409/logs/49_cpu_b.stderr: OK
Research/R33_NATIVE_N19_RUNTIME_BOUNDARY/RECOVERY_20260915_C/INDEPENDENT_FRESH_1409/logs/52_crash_b.exit: OK
Research/R33_NATIVE_N19_RUNTIME_BOUNDARY/RECOVERY_20260915_C/INDEPENDENT_FRESH_1409/logs/19_a_case-limit.stderr: OK
Research/R33_NATIVE_N19_RUNTIME_BOUNDARY/RECOVERY_20260915_C/INDEPENDENT_FRESH_1409/logs/25_a_case-append-existing.stderr: OK
Research/R33_NATIVE_N19_RUNTIME_BOUNDARY/RECOVERY_20260915_C/INDEPENDENT_FRESH_1409/logs/255_d_case-malformed.command: OK
Research/R33_NATIVE_N19_RUNTIME_BOUNDARY/RECOVERY_20260915_C/INDEPENDENT_FRESH_1409/logs/32_a_missing_case-recover-file.stdout: OK
Research/R33_NATIVE_N19_RUNTIME_BOUNDARY/RECOVERY_20260915_C/INDEPENDENT_FRESH_1409/logs/209_crash_c.exit: OK
Research/R33_NATIVE_N19_RUNTIME_BOUNDARY/RECOVERY_20260915_C/INDEPENDENT_FRESH_1409/logs/246_c_absolute.command: OK
Research/R33_NATIVE_N19_RUNTIME_BOUNDARY/RECOVERY_20260915_C/INDEPENDENT_FRESH_1409/logs/213_c_case-overflow.command: OK
Research/R33_NATIVE_N19_RUNTIME_BOUNDARY/RECOVERY_20260915_C/INDEPENDENT_FRESH_1409/logs/8_poison_a.exit: OK
Research/R33_NATIVE_N19_RUNTIME_BOUNDARY/RECOVERY_20260915_C/INDEPENDENT_FRESH_1409/logs/214_c_case-capacity.exit: OK
Research/R33_NATIVE_N19_RUNTIME_BOUNDARY/RECOVERY_20260915_C/INDEPENDENT_FRESH_1409/logs/44_a_symlink_recover.stderr: OK
Research/R33_NATIVE_N19_RUNTIME_BOUNDARY/RECOVERY_20260915_C/INDEPENDENT_FRESH_1409/logs/38_a_unsafe_sym.bin.stderr: OK
Research/R33_NATIVE_N19_RUNTIME_BOUNDARY/RECOVERY_20260915_C/INDEPENDENT_FRESH_1409/logs/30_a_case-fault-fsync.command: OK
Research/R33_NATIVE_N19_RUNTIME_BOUNDARY/RECOVERY_20260915_C/INDEPENDENT_FRESH_1409/logs/48_resource_predicate_b.stdout: OK
Research/R33_NATIVE_N19_RUNTIME_BOUNDARY/RECOVERY_20260915_C/INDEPENDENT_FRESH_1409/logs/236_c_missing_root.exit: OK
Research/R33_NATIVE_N19_RUNTIME_BOUNDARY/RECOVERY_20260915_C/INDEPENDENT_FRESH_1409/logs/69_b_case-recover-file.exit: OK
Research/R33_NATIVE_N19_RUNTIME_BOUNDARY/RECOVERY_20260915_C/INDEPENDENT_FRESH_1409/logs/265_d_case-fault-host-probe.command: OK
Research/R33_NATIVE_N19_RUNTIME_BOUNDARY/RECOVERY_20260915_C/INDEPENDENT_FRESH_1409/logs/264_d_case-fault-open.command: OK
Research/R33_NATIVE_N19_RUNTIME_BOUNDARY/RECOVERY_20260915_C/INDEPENDENT_FRESH_1409/logs/224_c_case-write.exit: OK
Research/R33_NATIVE_N19_RUNTIME_BOUNDARY/RECOVERY_20260915_C/INDEPENDENT_FRESH_1409/logs/240_c_unsafe_one.bin.command: OK
Research/R33_NATIVE_N19_RUNTIME_BOUNDARY/RECOVERY_20260915_C/INDEPENDENT_FRESH_1409/logs/89_b_absolute.exit: OK
Research/R33_NATIVE_N19_RUNTIME_BOUNDARY/RECOVERY_20260915_C/INDEPENDENT_FRESH_1409/logs/81_b_unsafe_sym.bin.command: OK
Research/R33_NATIVE_N19_RUNTIME_BOUNDARY/RECOVERY_20260915_C/INDEPENDENT_FRESH_1409/logs/86_b_symlink_root.stdout: OK
Research/R33_NATIVE_N19_RUNTIME_BOUNDARY/RECOVERY_20260915_C/INDEPENDENT_FRESH_1409/logs/205_resource_predicate_c.stderr: OK
Research/R33_NATIVE_N19_RUNTIME_BOUNDARY/RECOVERY_20260915_C/INDEPENDENT_FRESH_1409/logs/261_d_case-error-classification.command: OK
Research/R33_NATIVE_N19_RUNTIME_BOUNDARY/RECOVERY_20260915_C/INDEPENDENT_FRESH_1409/logs/26_a_case-recover-file.command: OK
Research/R33_NATIVE_N19_RUNTIME_BOUNDARY/RECOVERY_20260915_C/INDEPENDENT_FRESH_1409/logs/105_protected_after.stdout: OK
Research/R33_NATIVE_N19_RUNTIME_BOUNDARY/RECOVERY_20260915_C/INDEPENDENT_FRESH_1409/logs/4_wait_a.command: OK
Research/R33_NATIVE_N19_RUNTIME_BOUNDARY/RECOVERY_20260915_C/INDEPENDENT_FRESH_1409/logs/23_a_case-io.command: OK
Research/R33_NATIVE_N19_RUNTIME_BOUNDARY/RECOVERY_20260915_C/INDEPENDENT_FRESH_1409/logs/58_b_case-recovery.stderr: OK
Research/R33_NATIVE_N19_RUNTIME_BOUNDARY/RECOVERY_20260915_C/INDEPENDENT_FRESH_1409/logs/263_d_case-host-abi.exit: OK
Research/R33_NATIVE_N19_RUNTIME_BOUNDARY/RECOVERY_20260915_C/INDEPENDENT_FRESH_1409/logs/78_b_duplicate.exit: OK
Research/R33_NATIVE_N19_RUNTIME_BOUNDARY/RECOVERY_20260915_C/INDEPENDENT_FRESH_1409/logs/210_resource_c.exit: OK
Research/R33_NATIVE_N19_RUNTIME_BOUNDARY/RECOVERY_20260915_C/INDEPENDENT_FRESH_1409/logs/102_independent_fault_a.stderr: OK
Research/R33_NATIVE_N19_RUNTIME_BOUNDARY/RECOVERY_20260915_C/INDEPENDENT_FRESH_1409/logs/228_c_case-retained-sequence.command: OK
Research/R33_NATIVE_N19_RUNTIME_BOUNDARY/RECOVERY_20260915_C/INDEPENDENT_FRESH_1409/logs/65_b_case-fault-host-probe.exit: OK
Research/R33_NATIVE_N19_RUNTIME_BOUNDARY/RECOVERY_20260915_C/INDEPENDENT_FRESH_1409/logs/259_d_case-corruption.exit: OK
Research/R33_NATIVE_N19_RUNTIME_BOUNDARY/RECOVERY_20260915_C/INDEPENDENT_FRESH_1409/logs/87_b_symlink_recover.stderr: OK
Research/R33_NATIVE_N19_RUNTIME_BOUNDARY/RECOVERY_20260915_C/INDEPENDENT_FRESH_1409/logs/12_a_case-malformed.stdout: OK
Research/R33_NATIVE_N19_RUNTIME_BOUNDARY/RECOVERY_20260915_C/INDEPENDENT_FRESH_1409/logs/29_a_case-torn.stderr: OK
Research/R33_NATIVE_N19_RUNTIME_BOUNDARY/RECOVERY_20260915_C/INDEPENDENT_FRESH_1409/logs/284_d_unsafe_fifo.exit: OK
Research/R33_NATIVE_N19_RUNTIME_BOUNDARY/RECOVERY_20260915_C/INDEPENDENT_FRESH_1409/logs/209_crash_c.stderr: OK
Research/R33_NATIVE_N19_RUNTIME_BOUNDARY/RECOVERY_20260915_C/INDEPENDENT_FRESH_1409/logs/34_a_missing_case-append-existing.stdout: OK
Research/R33_NATIVE_N19_RUNTIME_BOUNDARY/RECOVERY_20260915_C/INDEPENDENT_FRESH_1409/logs/252_crash_d.stdout: OK
Research/R33_NATIVE_N19_RUNTIME_BOUNDARY/RECOVERY_20260915_C/INDEPENDENT_FRESH_1409/logs/205_resource_predicate_c.command: OK
Research/R33_NATIVE_N19_RUNTIME_BOUNDARY/RECOVERY_20260915_C/INDEPENDENT_FRESH_1409/logs/56_b_case-overflow.command: OK
Research/R33_NATIVE_N19_RUNTIME_BOUNDARY/RECOVERY_20260915_C/INDEPENDENT_FRESH_1409/logs/276_d_missing_case-probe-existing.exit: OK
Research/R33_NATIVE_N19_RUNTIME_BOUNDARY/RECOVERY_20260915_C/INDEPENDENT_FRESH_1409/logs/273_d_case-fault-fsync.exit: OK
Research/R33_NATIVE_N19_RUNTIME_BOUNDARY/RECOVERY_20260915_C/INDEPENDENT_FRESH_1409/logs/254_host_d.command: OK
Research/R33_NATIVE_N19_RUNTIME_BOUNDARY/RECOVERY_20260915_C/INDEPENDENT_FRESH_1409/logs/89_b_absolute.stderr: OK
Research/R33_NATIVE_N19_RUNTIME_BOUNDARY/RECOVERY_20260915_C/INDEPENDENT_FRESH_1409/logs/39_a_unsafe_hard.bin.stderr: OK
Research/R33_NATIVE_N19_RUNTIME_BOUNDARY/RECOVERY_20260915_C/INDEPENDENT_FRESH_1409/logs/33_a_missing_case-probe-existing.exit: OK
Research/R33_NATIVE_N19_RUNTIME_BOUNDARY/RECOVERY_20260915_C/INDEPENDENT_FRESH_1409/logs/83_b_unsafe_one.bin.stdout: OK
Research/R33_NATIVE_N19_RUNTIME_BOUNDARY/RECOVERY_20260915_C/INDEPENDENT_FRESH_1409/logs/8_poison_a.stdout: OK
Research/R33_NATIVE_N19_RUNTIME_BOUNDARY/RECOVERY_20260915_C/INDEPENDENT_FRESH_1409/logs/14_a_case-capacity.command: OK
Research/R33_NATIVE_N19_RUNTIME_BOUNDARY/RECOVERY_20260915_C/INDEPENDENT_FRESH_1409/logs/86_b_symlink_root.exit: OK
Research/R33_NATIVE_N19_RUNTIME_BOUNDARY/RECOVERY_20260915_C/INDEPENDENT_FRESH_1409/logs/241_c_unsafe_fifo.stderr: OK
Research/R33_NATIVE_N19_RUNTIME_BOUNDARY/RECOVERY_20260915_C/INDEPENDENT_FRESH_1409/logs/24_a_case-write.stdout: OK
Research/R33_NATIVE_N19_RUNTIME_BOUNDARY/RECOVERY_20260915_C/INDEPENDENT_FRESH_1409/logs/250_invariants_d.exit: OK
Research/R33_NATIVE_N19_RUNTIME_BOUNDARY/RECOVERY_20260915_C/INDEPENDENT_FRESH_1409/logs/204_wait_c.command: OK
Research/R33_NATIVE_N19_RUNTIME_BOUNDARY/RECOVERY_20260915_C/INDEPENDENT_FRESH_1409/logs/223_c_case-io.stdout: OK
Research/R33_NATIVE_N19_RUNTIME_BOUNDARY/RECOVERY_20260915_C/INDEPENDENT_FRESH_1409/logs/263_d_case-host-abi.stdout: OK
Research/R33_NATIVE_N19_RUNTIME_BOUNDARY/RECOVERY_20260915_C/INDEPENDENT_FRESH_1409/logs/237_c_missing_recover_root.stderr: OK
Research/R33_NATIVE_N19_RUNTIME_BOUNDARY/RECOVERY_20260915_C/INDEPENDENT_FRESH_1409/logs/251_poison_d.exit: OK
Research/R33_NATIVE_N19_RUNTIME_BOUNDARY/RECOVERY_20260915_C/INDEPENDENT_FRESH_1409/logs/66_b_case-io.command: OK
Research/R33_NATIVE_N19_RUNTIME_BOUNDARY/RECOVERY_20260915_C/INDEPENDENT_FRESH_1409/logs/55_b_case-malformed.exit: OK
Research/R33_NATIVE_N19_RUNTIME_BOUNDARY/RECOVERY_20260915_C/INDEPENDENT_FRESH_1409/logs/76_b_missing_case-probe-existing.command: OK
Research/R33_NATIVE_N19_RUNTIME_BOUNDARY/RECOVERY_20260915_C/INDEPENDENT_FRESH_1409/logs/203_build_repaired.exit: OK
Research/R33_NATIVE_N19_RUNTIME_BOUNDARY/RECOVERY_20260915_C/INDEPENDENT_FRESH_1409/logs/76_b_missing_case-probe-existing.stderr: OK
Research/R33_NATIVE_N19_RUNTIME_BOUNDARY/RECOVERY_20260915_C/INDEPENDENT_FRESH_1409/logs/262_d_case-limit.stdout: OK
Research/R33_NATIVE_N19_RUNTIME_BOUNDARY/RECOVERY_20260915_C/INDEPENDENT_FRESH_1409/logs/261_d_case-error-classification.exit: OK
Research/R33_NATIVE_N19_RUNTIME_BOUNDARY/RECOVERY_20260915_C/INDEPENDENT_FRESH_1409/logs/35_a_duplicate.stdout: OK
Research/R33_NATIVE_N19_RUNTIME_BOUNDARY/RECOVERY_20260915_C/INDEPENDENT_FRESH_1409/logs/58_b_case-recovery.command: OK
Research/R33_NATIVE_N19_RUNTIME_BOUNDARY/RECOVERY_20260915_C/INDEPENDENT_FRESH_1409/logs/226_c_case-recover-file.stderr: OK
Research/R33_NATIVE_N19_RUNTIME_BOUNDARY/RECOVERY_20260915_C/INDEPENDENT_FRESH_1409/logs/283_d_unsafe_one.bin.stderr: OK
Research/R33_NATIVE_N19_RUNTIME_BOUNDARY/RECOVERY_20260915_C/INDEPENDENT_FRESH_1409/logs/50_invariants_b.stderr: OK
Research/R33_NATIVE_N19_RUNTIME_BOUNDARY/RECOVERY_20260915_C/INDEPENDENT_FRESH_1409/logs/289_d_absolute.stdout: OK
Research/R33_NATIVE_N19_RUNTIME_BOUNDARY/RECOVERY_20260915_C/INDEPENDENT_FRESH_1409/logs/14_a_case-capacity.stdout: OK
Research/R33_NATIVE_N19_RUNTIME_BOUNDARY/RECOVERY_20260915_C/INDEPENDENT_FRESH_1409/logs/36_a_missing_root.command: OK
Research/R33_NATIVE_N19_RUNTIME_BOUNDARY/RECOVERY_20260915_C/INDEPENDENT_FRESH_1409/logs/26_a_case-recover-file.exit: OK
Research/R33_NATIVE_N19_RUNTIME_BOUNDARY/RECOVERY_20260915_C/INDEPENDENT_FRESH_1409/logs/44_a_symlink_recover.exit: OK
Research/R33_NATIVE_N19_RUNTIME_BOUNDARY/RECOVERY_20260915_C/INDEPENDENT_FRESH_1409/logs/216_c_case-corruption.stdout: OK
Research/R33_NATIVE_N19_RUNTIME_BOUNDARY/RECOVERY_20260915_C/INDEPENDENT_FRESH_1409/logs/207_invariants_c.command: OK
Research/R33_NATIVE_N19_RUNTIME_BOUNDARY/RECOVERY_20260915_C/INDEPENDENT_FRESH_1409/logs/291_protected_preserved.command: OK
Research/R33_NATIVE_N19_RUNTIME_BOUNDARY/RECOVERY_20260915_C/INDEPENDENT_FRESH_1409/logs/274_d_case-fault-close.stdout: OK
Research/R33_NATIVE_N19_RUNTIME_BOUNDARY/RECOVERY_20260915_C/INDEPENDENT_FRESH_1409/logs/232_c_missing_case-recover-file.stderr: OK
Research/R33_NATIVE_N19_RUNTIME_BOUNDARY/RECOVERY_20260915_C/INDEPENDENT_FRESH_1409/logs/65_b_case-fault-host-probe.stderr: OK
Research/R33_NATIVE_N19_RUNTIME_BOUNDARY/RECOVERY_20260915_C/INDEPENDENT_FRESH_1409/logs/74_b_case-fault-close.command: OK
Research/R33_NATIVE_N19_RUNTIME_BOUNDARY/RECOVERY_20260915_C/INDEPENDENT_FRESH_1409/logs/31_a_case-fault-close.command: OK
Research/R33_NATIVE_N19_RUNTIME_BOUNDARY/RECOVERY_20260915_C/INDEPENDENT_FRESH_1409/sources/n19_qual_driver_v3_pre_integration.zag: OK
Research/R33_NATIVE_N19_RUNTIME_BOUNDARY/RECOVERY_20260915_C/INDEPENDENT_FRESH_1409/sources/n19_native_io_v1.zag: OK
Research/R33_NATIVE_N19_RUNTIME_BOUNDARY/RECOVERY_20260915_C/INDEPENDENT_FRESH_1409/sources/c_independent_faults.zag: OK
Research/R33_NATIVE_N19_RUNTIME_BOUNDARY/RECOVERY_20260915_C/INDEPENDENT_FRESH_1409/sources/n19_qual_driver_v3_recovery.zag: OK
Research/R33_NATIVE_N19_RUNTIME_BOUNDARY/RECOVERY_20260915_C/INDEPENDENT_FRESH_1409/sources/independent_supervisor_reference.zag: OK
Research/R33_NATIVE_N19_RUNTIME_BOUNDARY/RECOVERY_20260915_C/INDEPENDENT_FRESH_1409/sources/n19_runtime_boundary_v5_recovery.zag: OK
Research/R33_NATIVE_N19_RUNTIME_BOUNDARY/RECOVERY_20260915_C/INDEPENDENT_FRESH_1409/sources/n19_qual_driver_v3_pre_cleanup_error.zag: OK
Research/R33_NATIVE_N19_RUNTIME_BOUNDARY/RECOVERY_20260915_C/INDEPENDENT_FRESH_1409/sources/n19_host_v2.zag: OK
Research/R33_NATIVE_N19_RUNTIME_BOUNDARY/RECOVERY_20260915_C/INDEPENDENT_FRESH_1409/sources/n19_runtime_boundary_v6_recovery.zag: OK
Research/R33_NATIVE_N19_RUNTIME_BOUNDARY/RECOVERY_20260915_C/INDEPENDENT_FRESH_1409/sources/n19_host_v2_tests.zag: OK
Research/R33_NATIVE_N19_RUNTIME_BOUNDARY/RECOVERY_20260915_C/INDEPENDENT_FRESH_1409/sources/n19_qual_driver_v2_review.zag: OK
Research/R33_NATIVE_N19_RUNTIME_BOUNDARY/RECOVERY_20260915_C/INDEPENDENT_FRESH_1409/closeout.before.sha256: OK
Research/R33_NATIVE_N19_RUNTIME_BOUNDARY/RECOVERY_20260915_C/INDEPENDENT_FRESH_1409/final.results.txt: OK
Research/R33_NATIVE_N19_RUNTIME_BOUNDARY/RECOVERY_20260915_C/INDEPENDENT_FRESH_1409/canonical.after.sha256: OK
Research/R33_NATIVE_N19_RUNTIME_BOUNDARY/RECOVERY_20260915_C/INDEPENDENT_FRESH_1409/results.summary.txt: OK
Research/R33_NATIVE_N19_RUNTIME_BOUNDARY/RECOVERY_20260915_C/INDEPENDENT_FRESH_1409/logs.sha256: OK
Research/R33_NATIVE_N19_RUNTIME_BOUNDARY/RECOVERY_20260915_C/INDEPENDENT_FRESH_1409/final_run.zsh: OK
Research/R33_NATIVE_N19_RUNTIME_BOUNDARY/RECOVERY_20260915_C/INDEPENDENT_FRESH_1409/inputs.before.sha256: OK
Research/R33_NATIVE_N19_RUNTIME_BOUNDARY/RECOVERY_20260915_C/INDEPENDENT_FRESH_1409/protected.before.sha256: OK
Research/R33_NATIVE_N19_RUNTIME_BOUNDARY/RECOVERY_20260915_C/INDEPENDENT_FRESH_1409/extra.zsh: OK
