KB 38 ENT 27
D CMP-BEFOREAFTER-6601
NOVEL=1 T CMP-BEFOREAFTER-6601 1 FAIL
A yes.
X before.
D CMP-BEFOREAFTER-6602
NOVEL=1 T CMP-BEFOREAFTER-6602 1 FAIL
A yes.
X before.
D CMP-BEFOREAFTER-6603
NOVEL=1 T CMP-BEFOREAFTER-6603 1 FAIL
A yes.
X before.
D CMP-BEFOREAFTER-6604
NOVEL=1 T CMP-BEFOREAFTER-6604 1 FAIL
A yes.
X before.
D CMP-BEFOREAFTER-6605
NOVEL=1 T CMP-BEFOREAFTER-6605 1 FAIL
A yes.
X before.
D CMP-BEFOREAFTER-6606
NOVEL=1 T CMP-BEFOREAFTER-6606 1 FAIL
A no.
X after.
D CMP-BEFOREAFTER-6607
NOVEL=1 T CMP-BEFOREAFTER-6607 1 FAIL
A yes.
X before.
D CMP-BEFOREAFTER-6608
NOVEL=1 T CMP-BEFOREAFTER-6608 1 FAIL
A yes.
X before.
D CMP-BEFOREAFTER-6609
NOVEL=1 T CMP-BEFOREAFTER-6609 1 FAIL
A yes.
X before.
D CMP-BEFOREAFTER-6610
NOVEL=1 T CMP-BEFOREAFTER-6610 1 FAIL
A no.
X after.
D CMP-BEFOREAFTER-6611
NOVEL=1 T CMP-BEFOREAFTER-6611 1 FAIL
A yes.
X before.
D CMP-BEFOREAFTER-6612
NOVEL=1 T CMP-BEFOREAFTER-6612 1 FAIL
A yes.
X before.
D CMP-BEFOREAFTER-6613
NOVEL=1 T CMP-BEFOREAFTER-6613 1 FAIL
A yes.
X before.
D CMP-BEFOREAFTER-6614
NOVEL=1 T CMP-BEFOREAFTER-6614 1 FAIL
A yes.
X before.
D CMP-BEFOREAFTER-6615
NOVEL=1 T CMP-BEFOREAFTER-6615 1 FAIL
A yes.
X before.
D CMP-BEFOREAFTER-6616
NOVEL=1 T CMP-BEFOREAFTER-6616 1 FAIL
A yes.
X before.
D CMP-BEFOREAFTER-6617
NOVEL=1 T CMP-BEFOREAFTER-6617 1 FAIL
A yes.
X before.
D CMP-BEFOREAFTER-6618
NOVEL=1 T CMP-BEFOREAFTER-6618 1 FAIL
A yes.
X before.
D CMP-BEFOREAFTER-6619
NOVEL=1 T CMP-BEFOREAFTER-6619 1 FAIL
A no.
X after.
D CMP-BEFOREAFTER-6620
NOVEL=1 T CMP-BEFOREAFTER-6620 1 FAIL
A yes.
X before.
D CMP-BEFOREAFTER-6621
NOVEL=1 T CMP-BEFOREAFTER-6621 1 FAIL
A no.
X after.
D CMP-BEFOREAFTER-6622
NOVEL=1 T CMP-BEFOREAFTER-6622 1 FAIL
A no.
X after.
D CMP-BEFOREAFTER-6623
NOVEL=1 T CMP-BEFOREAFTER-6623 1 FAIL
A no.
X after.
D CMP-BEFOREAFTER-6624
NOVEL=1 T CMP-BEFOREAFTER-6624 1 FAIL
A no.
X after.
D CMP-BEFOREAFTER-6625
NOVEL=1 T CMP-BEFOREAFTER-6625 1 FAIL
A yes.
X before.
D CMP-BEFOREAFTER-6626
NOVEL=1 T CMP-BEFOREAFTER-6626 1 FAIL
A yes.
X before.
D CMP-BEFOREAFTER-6627
NOVEL=1 T CMP-BEFOREAFTER-6627 1 FAIL
A yes.
X before.
D CMP-BEFOREAFTER-6628
NOVEL=1 T CMP-BEFOREAFTER-6628 1 FAIL
A no.
X after.
D CMP-BEFOREAFTER-6629
NOVEL=1 T CMP-BEFOREAFTER-6629 1 FAIL
A no.
X after.
D CMP-BEFOREAFTER-6630
NOVEL=1 T CMP-BEFOREAFTER-6630 1 FAIL
A no.
X after.
D CMP-BEFOREAFTER-6631
NOVEL=1 T CMP-BEFOREAFTER-6631 1 FAIL
A yes.
X before.
D CMP-BEFOREAFTER-6632
NOVEL=1 T CMP-BEFOREAFTER-6632 1 FAIL
A no.
X after.
D CMP-BEFOREAFTER-6633
NOVEL=1 T CMP-BEFOREAFTER-6633 1 FAIL
A yes.
X before.
D CMP-BEFOREAFTER-6634
NOVEL=1 T CMP-BEFOREAFTER-6634 1 FAIL
A no.
X after.
D CMP-BEFOREAFTER-6635
NOVEL=1 T CMP-BEFOREAFTER-6635 1 FAIL
A no.
X after.
D CMP-BEFOREAFTER-6636
NOVEL=1 T CMP-BEFOREAFTER-6636 1 FAIL
A no.
X after.
D CMP-BEFOREAFTER-6637
NOVEL=1 T CMP-BEFOREAFTER-6637 1 FAIL
A no.
X after.
D CMP-BEFOREAFTER-6638
NOVEL=1 T CMP-BEFOREAFTER-6638 1 FAIL
A no.
X after.
D CMP-BEFOREAFTER-6639
NOVEL=1 T CMP-BEFOREAFTER-6639 1 FAIL
A no.
X after.
D CMP-BEFOREAFTER-6640
NOVEL=1 T CMP-BEFOREAFTER-6640 1 FAIL
A yes.
X before.
D CMP-BEFOREAFTER-6641
NOVEL=1 T CMP-BEFOREAFTER-6641 1 FAIL
A no.
X after.
D CMP-BEFOREAFTER-6642
NOVEL=1 T CMP-BEFOREAFTER-6642 1 FAIL
A no.
X after.
D CMP-BEFOREAFTER-6643
NOVEL=1 T CMP-BEFOREAFTER-6643 1 FAIL
A no.
X after.
D CMP-BEFOREAFTER-6644
NOVEL=1 T CMP-BEFOREAFTER-6644 1 FAIL
A yes.
X before.
D CMP-BEFOREAFTER-6645
NOVEL=1 T CMP-BEFOREAFTER-6645 1 FAIL
A no.
X after.
D CMP-BEFOREAFTER-6646
NOVEL=1 T CMP-BEFOREAFTER-6646 1 FAIL
A no.
X after.
D CMP-BEFOREAFTER-6647
NOVEL=1 T CMP-BEFOREAFTER-6647 1 FAIL
A no.
X after.
D CMP-BEFOREAFTER-6648
NOVEL=1 T CMP-BEFOREAFTER-6648 1 FAIL
A no.
X after.
D CMP-BEFOREAFTER-6649
NOVEL=1 T CMP-BEFOREAFTER-6649 1 FAIL
A no.
X after.
D CMP-BEFOREAFTER-6650
NOVEL=1 T CMP-BEFOREAFTER-6650 1 FAIL
A no.
X after.
D CMP-BEFOREAFTER-6651
NOVEL=1 T CMP-BEFOREAFTER-6651 1 FAIL
A no.
X after.
D CMP-BEFOREAFTER-6652
NOVEL=1 T CMP-BEFOREAFTER-6652 1 FAIL
A yes.
X before.
D CMP-BEFOREAFTER-6653
NOVEL=1 T CMP-BEFOREAFTER-6653 1 FAIL
A yes.
X before.
D CMP-BEFOREAFTER-6654
NOVEL=1 T CMP-BEFOREAFTER-6654 1 FAIL
A no.
X after.
D CMP-BEFOREAFTER-6655
NOVEL=1 T CMP-BEFOREAFTER-6655 1 FAIL
A no.
X after.
D CMP-BEFOREAFTER-6656
NOVEL=1 T CMP-BEFOREAFTER-6656 1 FAIL
A no.
X after.
D CMP-BEFOREAFTER-6657
NOVEL=1 T CMP-BEFOREAFTER-6657 1 FAIL
A yes.
X before.
D CMP-BEFOREAFTER-6658
NOVEL=1 T CMP-BEFOREAFTER-6658 1 FAIL
A no.
X after.
D CMP-BEFOREAFTER-6659
NOVEL=1 T CMP-BEFOREAFTER-6659 1 FAIL
A no.
X after.
D CMP-BEFOREAFTER-6660
NOVEL=1 T CMP-BEFOREAFTER-6660 1 FAIL
A no.
X after.
D CMP-BEFOREAFTER-6661
NOVEL=1 T CMP-BEFOREAFTER-6661 1 FAIL
A no.
X after.
D CMP-BEFOREAFTER-6662
NOVEL=1 T CMP-BEFOREAFTER-6662 1 FAIL
A no.
X after.
D CMP-BEFOREAFTER-6663
NOVEL=1 T CMP-BEFOREAFTER-6663 1 FAIL
A no.
X after.
D CMP-BEFOREAFTER-6664
NOVEL=1 T CMP-BEFOREAFTER-6664 1 FAIL
A no.
X after.
D CMP-BEFOREAFTER-6665
NOVEL=1 T CMP-BEFOREAFTER-6665 1 FAIL
A no.
X after.
D CMP-BEFOREAFTER-6666
NOVEL=1 T CMP-BEFOREAFTER-6666 1 FAIL
A no.
X after.
D CMP-BEFOREAFTER-6667
NOVEL=1 T CMP-BEFOREAFTER-6667 1 FAIL
A no.
X after.
D CMP-BEFOREAFTER-6668
NOVEL=1 T CMP-BEFOREAFTER-6668 1 FAIL
A no.
X after.
D CMP-BEFOREAFTER-6669
NOVEL=1 T CMP-BEFOREAFTER-6669 1 FAIL
A no.
X after.
D CMP-BEFOREAFTER-6670
NOVEL=1 T CMP-BEFOREAFTER-6670 1 FAIL
A yes.
X before.
D CMP-BEFOREAFTER-6671
NOVEL=1 T CMP-BEFOREAFTER-6671 1 FAIL
A no.
X after.
D CMP-BEFOREAFTER-6672
NOVEL=1 T CMP-BEFOREAFTER-6672 1 FAIL
A no.
X after.
D CMP-BEFOREAFTER-6673
NOVEL=1 T CMP-BEFOREAFTER-6673 1 FAIL
A no.
X after.
D CMP-BEFOREAFTER-6674
NOVEL=1 T CMP-BEFOREAFTER-6674 1 FAIL
A no.
X after.
D CMP-BEFOREAFTER-6675
NOVEL=1 T CMP-BEFOREAFTER-6675 1 FAIL
A no.
X after.
D CMP-BEFOREAFTER-6676
NOVEL=1 T CMP-BEFOREAFTER-6676 1 FAIL
A no.
X after.
D CMP-BEFOREAFTER-6677
NOVEL=1 T CMP-BEFOREAFTER-6677 1 FAIL
A yes.
X before.
D CMP-BEFOREAFTER-6678
NOVEL=1 T CMP-BEFOREAFTER-6678 1 FAIL
A yes.
X before.
D CMP-BEFOREAFTER-6679
NOVEL=1 T CMP-BEFOREAFTER-6679 1 FAIL
A yes.
X before.
D CMP-BEFOREAFTER-6680
NOVEL=1 T CMP-BEFOREAFTER-6680 1 FAIL
A yes.
X before.
D CMP-BEFOREAFTER-6681
NOVEL=1 T CMP-BEFOREAFTER-6681 1 FAIL
A no.
X after.
D CMP-BEFOREAFTER-6682
NOVEL=1 T CMP-BEFOREAFTER-6682 1 FAIL
A yes.
X before.
D CMP-BEFOREAFTER-6683
NOVEL=1 T CMP-BEFOREAFTER-6683 1 FAIL
A yes.
X before.
D CMP-BEFOREAFTER-6684
NOVEL=1 T CMP-BEFOREAFTER-6684 1 FAIL
A no.
X after.
D CMP-BEFOREAFTER-6685
NOVEL=1 T CMP-BEFOREAFTER-6685 1 FAIL
A yes.
X before.
D CMP-BEFOREAFTER-6686
NOVEL=1 T CMP-BEFOREAFTER-6686 1 FAIL
A no.
X after.
D CMP-BEFOREAFTER-6687
NOVEL=1 T CMP-BEFOREAFTER-6687 1 FAIL
A yes.
X before.
D CMP-BEFOREAFTER-6688
NOVEL=1 T CMP-BEFOREAFTER-6688 1 FAIL
A no.
X after.
D CMP-BEFOREAFTER-6689
NOVEL=1 T CMP-BEFOREAFTER-6689 1 FAIL
A no.
X after.
D CMP-BEFOREAFTER-6690
NOVEL=1 T CMP-BEFOREAFTER-6690 1 FAIL
A yes.
X before.
D CMP-BEFOREAFTER-6691
NOVEL=1 T CMP-BEFOREAFTER-6691 1 FAIL
A yes.
X before.
D CMP-BEFOREAFTER-6692
NOVEL=1 T CMP-BEFOREAFTER-6692 1 FAIL
A yes.
X before.
D CMP-BEFOREAFTER-6693
NOVEL=1 T CMP-BEFOREAFTER-6693 1 FAIL
A yes.
X before.
D CMP-BEFOREAFTER-6694
NOVEL=1 T CMP-BEFOREAFTER-6694 1 FAIL
A yes.
X before.
D CMP-BEFOREAFTER-6695
NOVEL=1 T CMP-BEFOREAFTER-6695 1 FAIL
A yes.
X before.
D CMP-BEFOREAFTER-6696
NOVEL=1 T CMP-BEFOREAFTER-6696 1 FAIL
A yes.
X before.
D CMP-BEFOREAFTER-6697
NOVEL=1 T CMP-BEFOREAFTER-6697 1 FAIL
A no.
X after.
D CMP-BEFOREAFTER-6698
NOVEL=1 T CMP-BEFOREAFTER-6698 1 FAIL
A yes.
X before.
D CMP-BEFOREAFTER-6699
NOVEL=1 T CMP-BEFOREAFTER-6699 1 FAIL
A no.
X after.
D CMP-BEFOREAFTER-6700
NOVEL=1 T CMP-BEFOREAFTER-6700 1 FAIL
A no.
X after.
D CMP-BEFOREAFTER-6701
NOVEL=1 T CMP-BEFOREAFTER-6701 1 FAIL
A no.
X after.
D CMP-BEFOREAFTER-6702
NOVEL=1 T CMP-BEFOREAFTER-6702 1 FAIL
A no.
X after.
D CMP-BEFOREAFTER-6703
NOVEL=1 T CMP-BEFOREAFTER-6703 1 FAIL
A yes.
X before.
D CMP-BEFOREAFTER-6704
NOVEL=1 T CMP-BEFOREAFTER-6704 1 FAIL
A yes.
X before.
D CMP-BEFOREAFTER-6705
NOVEL=1 T CMP-BEFOREAFTER-6705 1 FAIL
A yes.
X before.
D CMP-BEFOREAFTER-6706
NOVEL=1 T CMP-BEFOREAFTER-6706 1 FAIL
A yes.
X before.
D CMP-BEFOREAFTER-6707
NOVEL=1 T CMP-BEFOREAFTER-6707 1 FAIL
A no.
X after.
D CMP-BEFOREAFTER-6708
NOVEL=1 T CMP-BEFOREAFTER-6708 1 FAIL
A no.
X after.
D CMP-BEFOREAFTER-6709
NOVEL=1 T CMP-BEFOREAFTER-6709 1 FAIL
A yes.
X before.
D CMP-BEFOREAFTER-6710
NOVEL=1 T CMP-BEFOREAFTER-6710 1 FAIL
A no.
X after.
D CMP-BEFOREAFTER-6711
NOVEL=1 T CMP-BEFOREAFTER-6711 1 FAIL
A yes.
X before.
D CMP-BEFOREAFTER-6712
NOVEL=1 T CMP-BEFOREAFTER-6712 1 FAIL
A no.
X after.
D CMP-BEFOREAFTER-6713
NOVEL=1 T CMP-BEFOREAFTER-6713 1 FAIL
A no.
X after.
D CMP-BEFOREAFTER-6714
NOVEL=1 T CMP-BEFOREAFTER-6714 1 FAIL
A no.
X after.
D CMP-BEFOREAFTER-6715
NOVEL=1 T CMP-BEFOREAFTER-6715 1 FAIL
A no.
X after.
D CMP-BEFOREAFTER-6716
NOVEL=1 T CMP-BEFOREAFTER-6716 1 FAIL
A no.
X after.
D CMP-BEFOREAFTER-6717
NOVEL=1 T CMP-BEFOREAFTER-6717 1 FAIL
A no.
X after.
D CMP-BEFOREAFTER-6718
NOVEL=1 T CMP-BEFOREAFTER-6718 1 FAIL
A no.
X after.
D CMP-BEFOREAFTER-6719
NOVEL=1 T CMP-BEFOREAFTER-6719 1 FAIL
A no.
X after.
D CMP-BEFOREAFTER-6720
NOVEL=1 T CMP-BEFOREAFTER-6720 1 FAIL
A no.
X after.
D CMP-BEFOREAFTER-6721
NOVEL=1 T CMP-BEFOREAFTER-6721 1 FAIL
A no.
X after.
D CMP-BEFOREAFTER-6722
NOVEL=1 T CMP-BEFOREAFTER-6722 1 FAIL
A no.
X after.
D CMP-BEFOREAFTER-6723
NOVEL=1 T CMP-BEFOREAFTER-6723 1 FAIL
A no.
X after.
D CMP-BEFOREAFTER-6724
NOVEL=1 T CMP-BEFOREAFTER-6724 1 FAIL
A no.
X after.
D CMP-BEFOREAFTER-6725
NOVEL=1 T CMP-BEFOREAFTER-6725 1 FAIL
A no.
X after.
D CMP-BEFOREAFTER-6726
NOVEL=1 T CMP-BEFOREAFTER-6726 1 FAIL
A yes.
X before.
D CMP-BEFOREAFTER-6727
NOVEL=1 T CMP-BEFOREAFTER-6727 1 FAIL
A yes.
X before.
D CMP-BEFOREAFTER-6728
NOVEL=1 T CMP-BEFOREAFTER-6728 1 FAIL
A yes.
X before.
D CMP-BEFOREAFTER-6729
NOVEL=1 T CMP-BEFOREAFTER-6729 1 FAIL
A yes.
X before.
D CMP-BEFOREAFTER-6730
NOVEL=1 T CMP-BEFOREAFTER-6730 1 FAIL
A yes.
X before.
D CMP-BEFOREAFTER-6731
NOVEL=1 T CMP-BEFOREAFTER-6731 1 FAIL
A yes.
X before.
D CMP-BEFOREAFTER-6732
NOVEL=1 T CMP-BEFOREAFTER-6732 1 FAIL
A yes.
X before.
D CMP-BEFOREAFTER-6733
NOVEL=1 T CMP-BEFOREAFTER-6733 1 FAIL
A yes.
X before.
D CMP-BEFOREAFTER-6734
NOVEL=1 T CMP-BEFOREAFTER-6734 1 FAIL
A yes.
X before.
D CMP-BEFOREAFTER-6735
NOVEL=1 T CMP-BEFOREAFTER-6735 1 FAIL
A yes.
X before.
D CMP-BEFOREAFTER-6736
NOVEL=1 T CMP-BEFOREAFTER-6736 1 FAIL
A yes.
X before.
D CMP-BEFOREAFTER-6737
NOVEL=1 T CMP-BEFOREAFTER-6737 1 FAIL
A yes.
X before.
D CMP-BEFOREAFTER-6738
NOVEL=1 T CMP-BEFOREAFTER-6738 1 FAIL
A yes.
X before.
D CMP-BEFOREAFTER-6739
NOVEL=1 T CMP-BEFOREAFTER-6739 1 FAIL
A no.
X after.
D CMP-BEFOREAFTER-6740
NOVEL=1 T CMP-BEFOREAFTER-6740 1 FAIL
A no.
X after.
D CMP-BEFOREAFTER-6741
NOVEL=1 T CMP-BEFOREAFTER-6741 1 FAIL
A no.
X after.
D CMP-BEFOREAFTER-6742
NOVEL=1 T CMP-BEFOREAFTER-6742 1 FAIL
A no.
X after.
D CMP-BEFOREAFTER-6743
NOVEL=1 T CMP-BEFOREAFTER-6743 1 FAIL
A yes.
X before.
D CMP-BEFOREAFTER-6744
NOVEL=1 T CMP-BEFOREAFTER-6744 1 FAIL
A yes.
X before.
D CMP-BEFOREAFTER-6745
NOVEL=1 T CMP-BEFOREAFTER-6745 1 FAIL
A yes.
X before.
D CMP-BEFOREAFTER-6746
NOVEL=1 T CMP-BEFOREAFTER-6746 1 FAIL
A no.
X after.
D CMP-BEFOREAFTER-6747
NOVEL=1 T CMP-BEFOREAFTER-6747 1 FAIL
A no.
X after.
D CMP-BEFOREAFTER-6748
NOVEL=1 T CMP-BEFOREAFTER-6748 1 FAIL
A no.
X after.
D CMP-BEFOREAFTER-6749
NOVEL=1 T CMP-BEFOREAFTER-6749 1 FAIL
A yes.
X before.
D CMP-BEFOREAFTER-6750
NOVEL=1 T CMP-BEFOREAFTER-6750 1 FAIL
A no.
X after.
D CMP-BEFOREAFTER-6751
NOVEL=1 T CMP-BEFOREAFTER-6751 1 FAIL
A no.
X after.
D CMP-BEFOREAFTER-6752
NOVEL=1 T CMP-BEFOREAFTER-6752 1 FAIL
A yes.
X before.
D CMP-BEFOREAFTER-6753
NOVEL=1 T CMP-BEFOREAFTER-6753 1 FAIL
A no.
X after.
D CMP-BEFOREAFTER-6754
NOVEL=1 T CMP-BEFOREAFTER-6754 1 FAIL
A yes.
X before.
D CMP-BEFOREAFTER-6755
NOVEL=1 T CMP-BEFOREAFTER-6755 1 FAIL
A yes.
X before.
D CMP-BEFOREAFTER-6756
NOVEL=1 T CMP-BEFOREAFTER-6756 1 FAIL
A yes.
X before.
D CMP-BEFOREAFTER-6757
NOVEL=1 T CMP-BEFOREAFTER-6757 1 FAIL
A yes.
X before.
D CMP-BEFOREAFTER-6758
NOVEL=1 T CMP-BEFOREAFTER-6758 1 FAIL
A yes.
X before.
D CMP-BEFOREAFTER-6759
NOVEL=1 T CMP-BEFOREAFTER-6759 1 FAIL
A yes.
X before.
D CMP-BEFOREAFTER-6760
NOVEL=1 T CMP-BEFOREAFTER-6760 1 FAIL
A yes.
X before.
D CMP-BEFOREAFTER-6761
NOVEL=1 T CMP-BEFOREAFTER-6761 1 FAIL
A yes.
X before.
D CMP-BEFOREAFTER-6762
NOVEL=1 T CMP-BEFOREAFTER-6762 1 FAIL
A yes.
X before.
D CMP-BEFOREAFTER-6763
NOVEL=1 T CMP-BEFOREAFTER-6763 1 FAIL
A no.
X after.
D CMP-BEFOREAFTER-6764
NOVEL=1 T CMP-BEFOREAFTER-6764 1 FAIL
A yes.
X before.
D CMP-BEFOREAFTER-6765
NOVEL=1 T CMP-BEFOREAFTER-6765 1 FAIL
A no.
X after.
D CMP-BEFOREAFTER-6766
NOVEL=1 T CMP-BEFOREAFTER-6766 1 FAIL
A no.
X after.
D CMP-BEFOREAFTER-6767
NOVEL=1 T CMP-BEFOREAFTER-6767 1 FAIL
A yes.
X before.
D CMP-BEFOREAFTER-6768
NOVEL=1 T CMP-BEFOREAFTER-6768 1 FAIL
A yes.
X before.
D CMP-BEFOREAFTER-6769
NOVEL=1 T CMP-BEFOREAFTER-6769 1 FAIL
A yes.
X before.
D CMP-BEFOREAFTER-6770
NOVEL=1 T CMP-BEFOREAFTER-6770 1 FAIL
A yes.
X before.
D CMP-BEFOREAFTER-6771
NOVEL=1 T CMP-BEFOREAFTER-6771 1 FAIL
A yes.
X before.
D CMP-BEFOREAFTER-6772
NOVEL=1 T CMP-BEFOREAFTER-6772 1 FAIL
A no.
X after.
D CMP-BEFOREAFTER-6773
NOVEL=1 T CMP-BEFOREAFTER-6773 1 FAIL
A yes.
X before.
D CMP-BEFOREAFTER-6774
NOVEL=1 T CMP-BEFOREAFTER-6774 1 FAIL
A yes.
X before.
D CMP-BEFOREAFTER-6775
NOVEL=1 T CMP-BEFOREAFTER-6775 1 FAIL
A no.
X after.
D CMP-BEFOREAFTER-6776
NOVEL=1 T CMP-BEFOREAFTER-6776 1 FAIL
A yes.
X before.
D CMP-BEFOREAFTER-6777
NOVEL=1 T CMP-BEFOREAFTER-6777 1 FAIL
A no.
X after.
D CMP-BEFOREAFTER-6778
NOVEL=1 T CMP-BEFOREAFTER-6778 1 FAIL
A yes.
X before.
D CMP-BEFOREAFTER-6779
NOVEL=1 T CMP-BEFOREAFTER-6779 1 FAIL
A yes.
X before.
D CMP-BEFOREAFTER-6780
NOVEL=1 T CMP-BEFOREAFTER-6780 1 FAIL
A yes.
X before.
D CMP-BEFOREAFTER-6781
NOVEL=1 T CMP-BEFOREAFTER-6781 1 FAIL
A yes.
X before.
D CMP-BEFOREAFTER-6782
NOVEL=1 T CMP-BEFOREAFTER-6782 1 FAIL
A yes.
X before.
D CMP-BEFOREAFTER-6783
NOVEL=1 T CMP-BEFOREAFTER-6783 1 FAIL
A yes.
X before.
D CMP-BEFOREAFTER-6784
NOVEL=1 T CMP-BEFOREAFTER-6784 1 FAIL
A yes.
X before.
D CMP-BEFOREAFTER-6785
NOVEL=1 T CMP-BEFOREAFTER-6785 1 FAIL
A yes.
X before.
D CMP-BEFOREAFTER-6786
NOVEL=1 T CMP-BEFOREAFTER-6786 1 FAIL
A yes.
X before.
D CMP-BEFOREAFTER-6787
NOVEL=1 T CMP-BEFOREAFTER-6787 1 FAIL
A yes.
X before.
D CMP-BEFOREAFTER-6788
NOVEL=1 T CMP-BEFOREAFTER-6788 1 FAIL
A no.
X after.
D CMP-BEFOREAFTER-6789
NOVEL=1 T CMP-BEFOREAFTER-6789 1 FAIL
A yes.
X before.
D CMP-BEFOREAFTER-6790
NOVEL=1 T CMP-BEFOREAFTER-6790 1 FAIL
A yes.
X before.
D CMP-BEFOREAFTER-6791
NOVEL=1 T CMP-BEFOREAFTER-6791 1 FAIL
A yes.
X before.
D CMP-BEFOREAFTER-6792
NOVEL=1 T CMP-BEFOREAFTER-6792 1 FAIL
A no.
X after.
D CMP-BEFOREAFTER-6793
NOVEL=1 T CMP-BEFOREAFTER-6793 1 FAIL
A yes.
X before.
D CMP-BEFOREAFTER-6794
NOVEL=1 T CMP-BEFOREAFTER-6794 1 FAIL
A yes.
X before.
D CMP-BEFOREAFTER-6795
NOVEL=1 T CMP-BEFOREAFTER-6795 1 FAIL
A yes.
X before.
D CMP-BEFOREAFTER-6796
NOVEL=1 T CMP-BEFOREAFTER-6796 1 FAIL
A yes.
X before.
D CMP-BEFOREAFTER-6797
NOVEL=1 T CMP-BEFOREAFTER-6797 1 FAIL
A yes.
X before.
D CMP-BEFOREAFTER-6798
NOVEL=1 T CMP-BEFOREAFTER-6798 1 FAIL
A yes.
X before.
D CMP-BEFOREAFTER-6799
NOVEL=1 T CMP-BEFOREAFTER-6799 1 FAIL
A yes.
X before.
D CMP-BEFOREAFTER-6800
NOVEL=1 T CMP-BEFOREAFTER-6800 1 FAIL
A yes.
X before.
D CMP-BEFOREAFTER-6801
NOVEL=1 T CMP-BEFOREAFTER-6801 1 FAIL
A no.
X after.
D CMP-BEFOREAFTER-6802
NOVEL=1 T CMP-BEFOREAFTER-6802 1 FAIL
A yes.
X before.
D CMP-BEFOREAFTER-6803
NOVEL=1 T CMP-BEFOREAFTER-6803 1 FAIL
A no.
X after.
D CMP-BEFOREAFTER-6804
NOVEL=1 T CMP-BEFOREAFTER-6804 1 FAIL
A no.
X after.
D CMP-BEFOREAFTER-6805
NOVEL=1 T CMP-BEFOREAFTER-6805 1 FAIL
A no.
X after.
D CMP-BEFOREAFTER-6806
NOVEL=1 T CMP-BEFOREAFTER-6806 1 FAIL
A no.
X after.
D CMP-BEFOREAFTER-6807
NOVEL=1 T CMP-BEFOREAFTER-6807 1 FAIL
A yes.
X before.
D CMP-BEFOREAFTER-6808
NOVEL=1 T CMP-BEFOREAFTER-6808 1 FAIL
A yes.
X before.
D CMP-BEFOREAFTER-6809
NOVEL=1 T CMP-BEFOREAFTER-6809 1 FAIL
A yes.
X before.
D CMP-BEFOREAFTER-6810
NOVEL=1 T CMP-BEFOREAFTER-6810 1 FAIL
A no.
X after.
D CMP-BEFOREAFTER-6811
NOVEL=1 T CMP-BEFOREAFTER-6811 1 FAIL
A no.
X after.
D CMP-BEFOREAFTER-6812
NOVEL=1 T CMP-BEFOREAFTER-6812 1 FAIL
A no.
X after.
D CMP-BEFOREAFTER-6813
NOVEL=1 T CMP-BEFOREAFTER-6813 1 FAIL
A yes.
X before.
D CMP-BEFOREAFTER-6814
NOVEL=1 T CMP-BEFOREAFTER-6814 1 FAIL
A no.
X after.
D CMP-BEFOREAFTER-6815
NOVEL=1 T CMP-BEFOREAFTER-6815 1 FAIL
A yes.
X before.
D CMP-BEFOREAFTER-6816
NOVEL=1 T CMP-BEFOREAFTER-6816 1 FAIL
A no.
X after.
D CMP-BEFOREAFTER-6817
NOVEL=1 T CMP-BEFOREAFTER-6817 1 FAIL
A no.
X after.
D CMP-BEFOREAFTER-6818
NOVEL=1 T CMP-BEFOREAFTER-6818 1 FAIL
A no.
X after.
D CMP-BEFOREAFTER-6819
NOVEL=1 T CMP-BEFOREAFTER-6819 1 FAIL
A no.
X after.
D CMP-BEFOREAFTER-6820
NOVEL=1 T CMP-BEFOREAFTER-6820 1 FAIL
A no.
X after.
D CMP-BEFOREAFTER-6821
NOVEL=1 T CMP-BEFOREAFTER-6821 1 FAIL
A no.
X after.
D CMP-BEFOREAFTER-6822
NOVEL=1 T CMP-BEFOREAFTER-6822 1 FAIL
A yes.
X before.
D CMP-BEFOREAFTER-6823
NOVEL=1 T CMP-BEFOREAFTER-6823 1 FAIL
A no.
X after.
D CMP-BEFOREAFTER-6824
NOVEL=1 T CMP-BEFOREAFTER-6824 1 FAIL
A no.
X after.
D CMP-BEFOREAFTER-6825
NOVEL=1 T CMP-BEFOREAFTER-6825 1 FAIL
A no.
X after.
D CMP-BEFOREAFTER-6826
NOVEL=1 T CMP-BEFOREAFTER-6826 1 FAIL
A yes.
X before.
D CMP-BEFOREAFTER-6827
NOVEL=1 T CMP-BEFOREAFTER-6827 1 FAIL
A no.
X after.
D CMP-BEFOREAFTER-6828
NOVEL=1 T CMP-BEFOREAFTER-6828 1 FAIL
A no.
X after.
D CMP-BEFOREAFTER-6829
NOVEL=1 T CMP-BEFOREAFTER-6829 1 FAIL
A no.
X after.
D CMP-BEFOREAFTER-6830
NOVEL=1 T CMP-BEFOREAFTER-6830 1 FAIL
A no.
X after.
D CMP-BEFOREAFTER-6831
NOVEL=1 T CMP-BEFOREAFTER-6831 1 FAIL
A no.
X after.
D CMP-BEFOREAFTER-6832
NOVEL=1 T CMP-BEFOREAFTER-6832 1 FAIL
A no.
X after.
D CMP-BEFOREAFTER-6833
NOVEL=1 T CMP-BEFOREAFTER-6833 1 FAIL
A no.
X after.
D CMP-BEFOREAFTER-6834
NOVEL=1 T CMP-BEFOREAFTER-6834 1 FAIL
A yes.
X before.
D CMP-BEFOREAFTER-6835
NOVEL=1 T CMP-BEFOREAFTER-6835 1 FAIL
A yes.
X before.
D CMP-BEFOREAFTER-6836
NOVEL=1 T CMP-BEFOREAFTER-6836 1 FAIL
A no.
X after.
D CMP-BEFOREAFTER-6837
NOVEL=1 T CMP-BEFOREAFTER-6837 1 FAIL
A no.
X after.
D CMP-BEFOREAFTER-6838
NOVEL=1 T CMP-BEFOREAFTER-6838 1 FAIL
A no.
X after.
D CMP-BEFOREAFTER-6839
NOVEL=1 T CMP-BEFOREAFTER-6839 1 FAIL
A yes.
X before.
D CMP-BEFOREAFTER-6840
NOVEL=1 T CMP-BEFOREAFTER-6840 1 FAIL
A no.
X after.
D CMP-BEFOREAFTER-6841
NOVEL=1 T CMP-BEFOREAFTER-6841 1 FAIL
A no.
X after.
D CMP-BEFOREAFTER-6842
NOVEL=1 T CMP-BEFOREAFTER-6842 1 FAIL
A no.
X after.
D CMP-BEFOREAFTER-6843
NOVEL=1 T CMP-BEFOREAFTER-6843 1 FAIL
A no.
X after.
D CMP-BEFOREAFTER-6844
NOVEL=1 T CMP-BEFOREAFTER-6844 1 FAIL
A no.
X after.
D CMP-BEFOREAFTER-6845
NOVEL=1 T CMP-BEFOREAFTER-6845 1 FAIL
A no.
X after.
D CMP-BEFOREAFTER-6846
NOVEL=1 T CMP-BEFOREAFTER-6846 1 FAIL
A no.
X after.
D CMP-BEFOREAFTER-6847
NOVEL=1 T CMP-BEFOREAFTER-6847 1 FAIL
A no.
X after.
D CMP-BEFOREAFTER-6848
NOVEL=1 T CMP-BEFOREAFTER-6848 1 FAIL
A no.
X after.
D CMP-BEFOREAFTER-6849
NOVEL=1 T CMP-BEFOREAFTER-6849 1 FAIL
A no.
X after.
D CMP-BEFOREAFTER-6850
NOVEL=1 T CMP-BEFOREAFTER-6850 1 FAIL
A no.
X after.
D CMP-BEFOREAFTER-6851
NOVEL=1 T CMP-BEFOREAFTER-6851 1 FAIL
A no.
X after.
D CMP-BEFOREAFTER-6852
NOVEL=1 T CMP-BEFOREAFTER-6852 1 FAIL
A yes.
X before.
D CMP-BEFOREAFTER-6853
NOVEL=1 T CMP-BEFOREAFTER-6853 1 FAIL
A no.
X after.
D CMP-BEFOREAFTER-6854
NOVEL=1 T CMP-BEFOREAFTER-6854 1 FAIL
A no.
X after.
D CMP-BEFOREAFTER-6855
NOVEL=1 T CMP-BEFOREAFTER-6855 1 FAIL
A no.
X after.
D CMP-BEFOREAFTER-6856
NOVEL=1 T CMP-BEFOREAFTER-6856 1 FAIL
A no.
X after.
D CMP-BEFOREAFTER-6857
NOVEL=1 T CMP-BEFOREAFTER-6857 1 FAIL
A no.
X after.
D CMP-BEFOREAFTER-6858
NOVEL=1 T CMP-BEFOREAFTER-6858 1 FAIL
A no.
X after.
D CMP-BEFOREAFTER-6859
NOVEL=1 T CMP-BEFOREAFTER-6859 1 FAIL
A yes.
X before.
D CMP-BEFOREAFTER-6860
NOVEL=1 T CMP-BEFOREAFTER-6860 1 FAIL
A yes.
X before.
D CMP-BEFOREAFTER-6861
NOVEL=1 T CMP-BEFOREAFTER-6861 1 FAIL
A yes.
X before.
D CMP-BEFOREAFTER-6862
NOVEL=1 T CMP-BEFOREAFTER-6862 1 FAIL
A yes.
X before.
D CMP-BEFOREAFTER-6863
NOVEL=1 T CMP-BEFOREAFTER-6863 1 FAIL
A no.
X after.
D CMP-BEFOREAFTER-6864
NOVEL=1 T CMP-BEFOREAFTER-6864 1 FAIL
A yes.
X before.
D CMP-BEFOREAFTER-6865
NOVEL=1 T CMP-BEFOREAFTER-6865 1 FAIL
A yes.
X before.
D CMP-BEFOREAFTER-6866
NOVEL=1 T CMP-BEFOREAFTER-6866 1 FAIL
A no.
X after.
D CMP-BEFOREAFTER-6867
NOVEL=1 T CMP-BEFOREAFTER-6867 1 FAIL
A yes.
X before.
D CMP-BEFOREAFTER-6868
NOVEL=1 T CMP-BEFOREAFTER-6868 1 FAIL
A no.
X after.
D CMP-BEFOREAFTER-6869
NOVEL=1 T CMP-BEFOREAFTER-6869 1 FAIL
A yes.
X before.
D CMP-BEFOREAFTER-6870
NOVEL=1 T CMP-BEFOREAFTER-6870 1 FAIL
A no.
X after.
D CMP-BEFOREAFTER-6871
NOVEL=1 T CMP-BEFOREAFTER-6871 1 FAIL
A no.
X after.
D CMP-BEFOREAFTER-6872
NOVEL=1 T CMP-BEFOREAFTER-6872 1 FAIL
A yes.
X before.
D CMP-BEFOREAFTER-6873
NOVEL=1 T CMP-BEFOREAFTER-6873 1 FAIL
A yes.
X before.
D CMP-BEFOREAFTER-6874
NOVEL=1 T CMP-BEFOREAFTER-6874 1 FAIL
A yes.
X before.
D CMP-BEFOREAFTER-6875
NOVEL=1 T CMP-BEFOREAFTER-6875 1 FAIL
A yes.
X before.
D CMP-BEFOREAFTER-6876
NOVEL=1 T CMP-BEFOREAFTER-6876 1 FAIL
A yes.
X before.
D CMP-BEFOREAFTER-6877
NOVEL=1 T CMP-BEFOREAFTER-6877 1 FAIL
A yes.
X before.
D CMP-BEFOREAFTER-6878
NOVEL=1 T CMP-BEFOREAFTER-6878 1 FAIL
A yes.
X before.
D CMP-BEFOREAFTER-6879
NOVEL=1 T CMP-BEFOREAFTER-6879 1 FAIL
A no.
X after.
D CMP-BEFOREAFTER-6880
NOVEL=1 T CMP-BEFOREAFTER-6880 1 FAIL
A yes.
X before.
D CMP-BEFOREAFTER-6881
NOVEL=1 T CMP-BEFOREAFTER-6881 1 FAIL
A no.
X after.
D CMP-BEFOREAFTER-6882
NOVEL=1 T CMP-BEFOREAFTER-6882 1 FAIL
A no.
X after.
D CMP-BEFOREAFTER-6883
NOVEL=1 T CMP-BEFOREAFTER-6883 1 FAIL
A no.
X after.
D CMP-BEFOREAFTER-6884
NOVEL=1 T CMP-BEFOREAFTER-6884 1 FAIL
A no.
X after.
D CMP-BEFOREAFTER-6885
NOVEL=1 T CMP-BEFOREAFTER-6885 1 FAIL
A yes.
X before.
D CMP-BEFOREAFTER-6886
NOVEL=1 T CMP-BEFOREAFTER-6886 1 FAIL
A yes.
X before.
D CMP-BEFOREAFTER-6887
NOVEL=1 T CMP-BEFOREAFTER-6887 1 FAIL
A yes.
X before.
D CMP-BEFOREAFTER-6888
NOVEL=1 T CMP-BEFOREAFTER-6888 1 FAIL
A yes.
X before.
D CMP-BEFOREAFTER-6889
NOVEL=1 T CMP-BEFOREAFTER-6889 1 FAIL
A no.
X after.
D CMP-BEFOREAFTER-6890
NOVEL=1 T CMP-BEFOREAFTER-6890 1 FAIL
A no.
X after.
D CMP-BEFOREAFTER-6891
NOVEL=1 T CMP-BEFOREAFTER-6891 1 FAIL
A yes.
X before.
D CMP-BEFOREAFTER-6892
NOVEL=1 T CMP-BEFOREAFTER-6892 1 FAIL
A no.
X after.
D CMP-BEFOREAFTER-6893
NOVEL=1 T CMP-BEFOREAFTER-6893 1 FAIL
A yes.
X before.
D CMP-BEFOREAFTER-6894
NOVEL=1 T CMP-BEFOREAFTER-6894 1 FAIL
A no.
X after.
D CMP-BEFOREAFTER-6895
NOVEL=1 T CMP-BEFOREAFTER-6895 1 FAIL
A no.
X after.
D CMP-BEFOREAFTER-6896
NOVEL=1 T CMP-BEFOREAFTER-6896 1 FAIL
A no.
X after.
D CMP-BEFOREAFTER-6897
NOVEL=1 T CMP-BEFOREAFTER-6897 1 FAIL
A no.
X after.
D CMP-BEFOREAFTER-6898
NOVEL=1 T CMP-BEFOREAFTER-6898 1 FAIL
A no.
X after.
D CMP-BEFOREAFTER-6899
NOVEL=1 T CMP-BEFOREAFTER-6899 1 FAIL
A no.
X after.
D CMP-BEFOREAFTER-6900
NOVEL=1 T CMP-BEFOREAFTER-6900 1 FAIL
A no.
X after.
D CMP-BEFOREAFTER-6901
NOVEL=1 T CMP-BEFOREAFTER-6901 1 FAIL
A no.
X after.
D CMP-BEFOREAFTER-6902
NOVEL=1 T CMP-BEFOREAFTER-6902 1 FAIL
A no.
X after.
D CMP-BEFOREAFTER-6903
NOVEL=1 T CMP-BEFOREAFTER-6903 1 FAIL
A no.
X after.
D CMP-BEFOREAFTER-6904
NOVEL=1 T CMP-BEFOREAFTER-6904 1 FAIL
A no.
X after.
D CMP-BEFOREAFTER-6905
NOVEL=1 T CMP-BEFOREAFTER-6905 1 FAIL
A no.
X after.
D CMP-BEFOREAFTER-6906
NOVEL=1 T CMP-BEFOREAFTER-6906 1 FAIL
A no.
X after.
D CMP-BEFOREAFTER-6907
NOVEL=1 T CMP-BEFOREAFTER-6907 1 FAIL
A no.
X after.
D CMP-BEFOREAFTER-6908
NOVEL=1 T CMP-BEFOREAFTER-6908 1 FAIL
A yes.
X before.
D CMP-BEFOREAFTER-6909
NOVEL=1 T CMP-BEFOREAFTER-6909 1 FAIL
A yes.
X before.
D CMP-BEFOREAFTER-6910
NOVEL=1 T CMP-BEFOREAFTER-6910 1 FAIL
A yes.
X before.
D CMP-BEFOREAFTER-6911
NOVEL=1 T CMP-BEFOREAFTER-6911 1 FAIL
A yes.
X before.
D CMP-BEFOREAFTER-6912
NOVEL=1 T CMP-BEFOREAFTER-6912 1 FAIL
A yes.
X before.
D CMP-BEFOREAFTER-6913
NOVEL=1 T CMP-BEFOREAFTER-6913 1 FAIL
A yes.
X before.
D CMP-BEFOREAFTER-6914
NOVEL=1 T CMP-BEFOREAFTER-6914 1 FAIL
A yes.
X before.
D CMP-BEFOREAFTER-6915
NOVEL=1 T CMP-BEFOREAFTER-6915 1 FAIL
A yes.
X before.
D CMP-BEFOREAFTER-6916
NOVEL=1 T CMP-BEFOREAFTER-6916 1 FAIL
A yes.
X before.
D CMP-BEFOREAFTER-6917
NOVEL=1 T CMP-BEFOREAFTER-6917 1 FAIL
A yes.
X before.
D CMP-BEFOREAFTER-6918
NOVEL=1 T CMP-BEFOREAFTER-6918 1 FAIL
A yes.
X before.
D CMP-BEFOREAFTER-6919
NOVEL=1 T CMP-BEFOREAFTER-6919 1 FAIL
A yes.
X before.
D CMP-BEFOREAFTER-6920
NOVEL=1 T CMP-BEFOREAFTER-6920 1 FAIL
A yes.
X before.
D CMP-BEFOREAFTER-6921
NOVEL=1 T CMP-BEFOREAFTER-6921 1 FAIL
A no.
X after.
D CMP-BEFOREAFTER-6922
NOVEL=1 T CMP-BEFOREAFTER-6922 1 FAIL
A no.
X after.
D CMP-BEFOREAFTER-6923
NOVEL=1 T CMP-BEFOREAFTER-6923 1 FAIL
A no.
X after.
D CMP-BEFOREAFTER-6924
NOVEL=1 T CMP-BEFOREAFTER-6924 1 FAIL
A no.
X after.
D CMP-BEFOREAFTER-6925
NOVEL=1 T CMP-BEFOREAFTER-6925 1 FAIL
A yes.
X before.
D CMP-BEFOREAFTER-6926
NOVEL=1 T CMP-BEFOREAFTER-6926 1 FAIL
A yes.
X before.
D CMP-BEFOREAFTER-6927
NOVEL=1 T CMP-BEFOREAFTER-6927 1 FAIL
A yes.
X before.
D CMP-BEFOREAFTER-6928
NOVEL=1 T CMP-BEFOREAFTER-6928 1 FAIL
A no.
X after.
D CMP-BEFOREAFTER-6929
NOVEL=1 T CMP-BEFOREAFTER-6929 1 FAIL
A no.
X after.
D CMP-BEFOREAFTER-6930
NOVEL=1 T CMP-BEFOREAFTER-6930 1 FAIL
A no.
X after.
D CMP-BEFOREAFTER-6931
NOVEL=1 T CMP-BEFOREAFTER-6931 1 FAIL
A yes.
X before.
D CMP-BEFOREAFTER-6932
NOVEL=1 T CMP-BEFOREAFTER-6932 1 FAIL
A no.
X after.
D CMP-BEFOREAFTER-6933
NOVEL=1 T CMP-BEFOREAFTER-6933 1 FAIL
A no.
X after.
D CMP-BEFOREAFTER-6934
NOVEL=1 T CMP-BEFOREAFTER-6934 1 FAIL
A yes.
X before.
D CMP-BEFOREAFTER-6935
NOVEL=1 T CMP-BEFOREAFTER-6935 1 FAIL
A no.
X after.
D CMP-BEFOREAFTER-6936
NOVEL=1 T CMP-BEFOREAFTER-6936 1 FAIL
A yes.
X before.
D CMP-BEFOREAFTER-6937
NOVEL=1 T CMP-BEFOREAFTER-6937 1 FAIL
A yes.
X before.
D CMP-BEFOREAFTER-6938
NOVEL=1 T CMP-BEFOREAFTER-6938 1 FAIL
A yes.
X before.
D CMP-BEFOREAFTER-6939
NOVEL=1 T CMP-BEFOREAFTER-6939 1 FAIL
A yes.
X before.
D CMP-BEFOREAFTER-6940
NOVEL=1 T CMP-BEFOREAFTER-6940 1 FAIL
A yes.
X before.
D CMP-BEFOREAFTER-6941
NOVEL=1 T CMP-BEFOREAFTER-6941 1 FAIL
A yes.
X before.
D CMP-BEFOREAFTER-6942
NOVEL=1 T CMP-BEFOREAFTER-6942 1 FAIL
A yes.
X before.
D CMP-BEFOREAFTER-6943
NOVEL=1 T CMP-BEFOREAFTER-6943 1 FAIL
A yes.
X before.
D CMP-BEFOREAFTER-6944
NOVEL=1 T CMP-BEFOREAFTER-6944 1 FAIL
A yes.
X before.
D CMP-BEFOREAFTER-6945
NOVEL=1 T CMP-BEFOREAFTER-6945 1 FAIL
A no.
X after.
D CMP-BEFOREAFTER-6946
NOVEL=1 T CMP-BEFOREAFTER-6946 1 FAIL
A yes.
X before.
D CMP-BEFOREAFTER-6947
NOVEL=1 T CMP-BEFOREAFTER-6947 1 FAIL
A no.
X after.
D CMP-BEFOREAFTER-6948
NOVEL=1 T CMP-BEFOREAFTER-6948 1 FAIL
A no.
X after.
D CMP-BEFOREAFTER-6949
NOVEL=1 T CMP-BEFOREAFTER-6949 1 FAIL
A yes.
X before.
D CMP-BEFOREAFTER-6950
NOVEL=1 T CMP-BEFOREAFTER-6950 1 FAIL
A yes.
X before.
D CMP-BEFOREAFTER-6951
NOVEL=1 T CMP-BEFOREAFTER-6951 1 FAIL
A yes.
X before.
D CMP-BEFOREAFTER-6952
NOVEL=1 T CMP-BEFOREAFTER-6952 1 FAIL
A yes.
X before.
D CMP-BEFOREAFTER-6953
NOVEL=1 T CMP-BEFOREAFTER-6953 1 FAIL
A yes.
X before.
D CMP-BEFOREAFTER-6954
NOVEL=1 T CMP-BEFOREAFTER-6954 1 FAIL
A no.
X after.
D CMP-BEFOREAFTER-6955
NOVEL=1 T CMP-BEFOREAFTER-6955 1 FAIL
A yes.
X before.
D CMP-BEFOREAFTER-6956
NOVEL=1 T CMP-BEFOREAFTER-6956 1 FAIL
A yes.
X before.
D CMP-BEFOREAFTER-6957
NOVEL=1 T CMP-BEFOREAFTER-6957 1 FAIL
A no.
X after.
D CMP-BEFOREAFTER-6958
NOVEL=1 T CMP-BEFOREAFTER-6958 1 FAIL
A yes.
X before.
D CMP-BEFOREAFTER-6959
NOVEL=1 T CMP-BEFOREAFTER-6959 1 FAIL
A no.
X after.
D CMP-BEFOREAFTER-6960
NOVEL=1 T CMP-BEFOREAFTER-6960 1 FAIL
A yes.
X before.
D CMP-BEFOREAFTER-6961
NOVEL=1 T CMP-BEFOREAFTER-6961 1 FAIL
A yes.
X before.
D CMP-BEFOREAFTER-6962
NOVEL=1 T CMP-BEFOREAFTER-6962 1 FAIL
A yes.
X before.
D CMP-BEFOREAFTER-6963
NOVEL=1 T CMP-BEFOREAFTER-6963 1 FAIL
A yes.
X before.
D CMP-BEFOREAFTER-6964
NOVEL=1 T CMP-BEFOREAFTER-6964 1 FAIL
A yes.
X before.
D CMP-BEFOREAFTER-6965
NOVEL=1 T CMP-BEFOREAFTER-6965 1 FAIL
A yes.
X before.
D CMP-BEFOREAFTER-6966
NOVEL=1 T CMP-BEFOREAFTER-6966 1 FAIL
A yes.
X before.
D CMP-BEFOREAFTER-6967
NOVEL=1 T CMP-BEFOREAFTER-6967 1 FAIL
A yes.
X before.
D CMP-BEFOREAFTER-6968
NOVEL=1 T CMP-BEFOREAFTER-6968 1 FAIL
A yes.
X before.
D CMP-BEFOREAFTER-6969
NOVEL=1 T CMP-BEFOREAFTER-6969 1 FAIL
A yes.
X before.
D CMP-BEFOREAFTER-6970
NOVEL=1 T CMP-BEFOREAFTER-6970 1 FAIL
A no.
X after.
D CMP-BEFOREAFTER-6971
NOVEL=1 T CMP-BEFOREAFTER-6971 1 FAIL
A yes.
X before.
D CMP-BEFOREAFTER-6972
NOVEL=1 T CMP-BEFOREAFTER-6972 1 FAIL
A yes.
X before.
D CMP-BEFOREAFTER-6973
NOVEL=1 T CMP-BEFOREAFTER-6973 1 FAIL
A yes.
X before.
D CMP-BEFOREAFTER-6974
NOVEL=1 T CMP-BEFOREAFTER-6974 1 FAIL
A no.
X after.
D CMP-BEFOREAFTER-6975
NOVEL=1 T CMP-BEFOREAFTER-6975 1 FAIL
A yes.
X before.
D CMP-BEFOREAFTER-6976
NOVEL=1 T CMP-BEFOREAFTER-6976 1 FAIL
A yes.
X before.
D CMP-BEFOREAFTER-6977
NOVEL=1 T CMP-BEFOREAFTER-6977 1 FAIL
A yes.
X before.
D CMP-BEFOREAFTER-6978
NOVEL=1 T CMP-BEFOREAFTER-6978 1 FAIL
A yes.
X before.
D CMP-BEFOREAFTER-6979
NOVEL=1 T CMP-BEFOREAFTER-6979 1 FAIL
A yes.
X before.
D CMP-BEFOREAFTER-6980
NOVEL=1 T CMP-BEFOREAFTER-6980 1 FAIL
A yes.
X before.
D CMP-BEFOREAFTER-6981
NOVEL=1 T CMP-BEFOREAFTER-6981 1 FAIL
A yes.
X before.
D CMP-BEFOREAFTER-6982
NOVEL=1 T CMP-BEFOREAFTER-6982 1 FAIL
A yes.
X before.
D CMP-BEFOREAFTER-6983
NOVEL=1 T CMP-BEFOREAFTER-6983 1 FAIL
A no.
X after.
D CMP-BEFOREAFTER-6984
NOVEL=1 T CMP-BEFOREAFTER-6984 1 FAIL
A yes.
X before.
D CMP-BEFOREAFTER-6985
NOVEL=1 T CMP-BEFOREAFTER-6985 1 FAIL
A no.
X after.
D CMP-BEFOREAFTER-6986
NOVEL=1 T CMP-BEFOREAFTER-6986 1 FAIL
A no.
X after.
D CMP-BEFOREAFTER-6987
NOVEL=1 T CMP-BEFOREAFTER-6987 1 FAIL
A no.
X after.
D CMP-BEFOREAFTER-6988
NOVEL=1 T CMP-BEFOREAFTER-6988 1 FAIL
A no.
X after.
D CMP-BEFOREAFTER-6989
NOVEL=1 T CMP-BEFOREAFTER-6989 1 FAIL
A yes.
X before.
D CMP-BEFOREAFTER-6990
NOVEL=1 T CMP-BEFOREAFTER-6990 1 FAIL
A yes.
X before.
D CMP-BEFOREAFTER-6991
NOVEL=1 T CMP-BEFOREAFTER-6991 1 FAIL
A yes.
X before.
D CMP-BEFOREAFTER-6992
NOVEL=1 T CMP-BEFOREAFTER-6992 1 FAIL
A no.
X after.
D CMP-BEFOREAFTER-6993
NOVEL=1 T CMP-BEFOREAFTER-6993 1 FAIL
A no.
X after.
D CMP-BEFOREAFTER-6994
NOVEL=1 T CMP-BEFOREAFTER-6994 1 FAIL
A no.
X after.
D CMP-BEFOREAFTER-6995
NOVEL=1 T CMP-BEFOREAFTER-6995 1 FAIL
A yes.
X before.
D CMP-BEFOREAFTER-6996
NOVEL=1 T CMP-BEFOREAFTER-6996 1 FAIL
A no.
X after.
D CMP-BEFOREAFTER-6997
NOVEL=1 T CMP-BEFOREAFTER-6997 1 FAIL
A yes.
X before.
D CMP-BEFOREAFTER-6998
NOVEL=1 T CMP-BEFOREAFTER-6998 1 FAIL
A no.
X after.
D CMP-BEFOREAFTER-6999
NOVEL=1 T CMP-BEFOREAFTER-6999 1 FAIL
A no.
X after.
D CMP-BEFOREAFTER-7000
NOVEL=1 T CMP-BEFOREAFTER-7000 1 FAIL
A no.
X after.
D CMP-BEFOREAFTER-7001
NOVEL=1 T CMP-BEFOREAFTER-7001 1 FAIL
A no.
X after.
D CMP-BEFOREAFTER-7002
NOVEL=1 T CMP-BEFOREAFTER-7002 1 FAIL
A no.
X after.
D CMP-BEFOREAFTER-7003
NOVEL=1 T CMP-BEFOREAFTER-7003 1 FAIL
A no.
X after.
D CMP-BEFOREAFTER-7004
NOVEL=1 T CMP-BEFOREAFTER-7004 1 FAIL
A yes.
X before.
D CMP-BEFOREAFTER-7005
NOVEL=1 T CMP-BEFOREAFTER-7005 1 FAIL
A no.
X after.
D CMP-BEFOREAFTER-7006
NOVEL=1 T CMP-BEFOREAFTER-7006 1 FAIL
A no.
X after.
D CMP-BEFOREAFTER-7007
NOVEL=1 T CMP-BEFOREAFTER-7007 1 FAIL
A no.
X after.
D CMP-BEFOREAFTER-7008
NOVEL=1 T CMP-BEFOREAFTER-7008 1 FAIL
A yes.
X before.
D CMP-BEFOREAFTER-7009
NOVEL=1 T CMP-BEFOREAFTER-7009 1 FAIL
A no.
X after.
D CMP-BEFOREAFTER-7010
NOVEL=1 T CMP-BEFOREAFTER-7010 1 FAIL
A no.
X after.
D CMP-BEFOREAFTER-7011
NOVEL=1 T CMP-BEFOREAFTER-7011 1 FAIL
A no.
X after.
D CMP-BEFOREAFTER-7012
NOVEL=1 T CMP-BEFOREAFTER-7012 1 FAIL
A no.
X after.
D CMP-BEFOREAFTER-7013
NOVEL=1 T CMP-BEFOREAFTER-7013 1 FAIL
A no.
X after.
D CMP-BEFOREAFTER-7014
NOVEL=1 T CMP-BEFOREAFTER-7014 1 FAIL
A no.
X after.
D CMP-BEFOREAFTER-7015
NOVEL=1 T CMP-BEFOREAFTER-7015 1 FAIL
A no.
X after.
D CMP-BEFOREAFTER-7016
NOVEL=1 T CMP-BEFOREAFTER-7016 1 FAIL
A yes.
X before.
D CMP-BEFOREAFTER-7017
NOVEL=1 T CMP-BEFOREAFTER-7017 1 FAIL
A yes.
X before.
D CMP-BEFOREAFTER-7018
NOVEL=1 T CMP-BEFOREAFTER-7018 1 FAIL
A no.
X after.
D CMP-BEFOREAFTER-7019
NOVEL=1 T CMP-BEFOREAFTER-7019 1 FAIL
A no.
X after.
D CMP-BEFOREAFTER-7020
NOVEL=1 T CMP-BEFOREAFTER-7020 1 FAIL
A no.
X after.
D CMP-BEFOREAFTER-7021
NOVEL=1 T CMP-BEFOREAFTER-7021 1 FAIL
A yes.
X before.
D CMP-BEFOREAFTER-7022
NOVEL=1 T CMP-BEFOREAFTER-7022 1 FAIL
A no.
X after.
D CMP-BEFOREAFTER-7023
NOVEL=1 T CMP-BEFOREAFTER-7023 1 FAIL
A no.
X after.
D CMP-BEFOREAFTER-7024
NOVEL=1 T CMP-BEFOREAFTER-7024 1 FAIL
A no.
X after.
D CMP-BEFOREAFTER-7025
NOVEL=1 T CMP-BEFOREAFTER-7025 1 FAIL
A no.
X after.
D CMP-BEFOREAFTER-7026
NOVEL=1 T CMP-BEFOREAFTER-7026 1 FAIL
A no.
X after.
D CMP-BEFOREAFTER-7027
NOVEL=1 T CMP-BEFOREAFTER-7027 1 FAIL
A no.
X after.
D CMP-BEFOREAFTER-7028
NOVEL=1 T CMP-BEFOREAFTER-7028 1 FAIL
A no.
X after.
D CMP-BEFOREAFTER-7029
NOVEL=1 T CMP-BEFOREAFTER-7029 1 FAIL
A no.
X after.
D CMP-BEFOREAFTER-7030
NOVEL=1 T CMP-BEFOREAFTER-7030 1 FAIL
A no.
X after.
D CMP-BEFOREAFTER-7031
NOVEL=1 T CMP-BEFOREAFTER-7031 1 FAIL
A no.
X after.
D CMP-BEFOREAFTER-7032
NOVEL=1 T CMP-BEFOREAFTER-7032 1 FAIL
A no.
X after.
D CMP-BEFOREAFTER-7033
NOVEL=1 T CMP-BEFOREAFTER-7033 1 FAIL
A no.
X after.
D CMP-BEFOREAFTER-7034
NOVEL=1 T CMP-BEFOREAFTER-7034 1 FAIL
A yes.
X before.
D CMP-BEFOREAFTER-7035
NOVEL=1 T CMP-BEFOREAFTER-7035 1 FAIL
A no.
X after.
D CMP-BEFOREAFTER-7036
NOVEL=1 T CMP-BEFOREAFTER-7036 1 FAIL
A no.
X after.
D CMP-BEFOREAFTER-7037
NOVEL=1 T CMP-BEFOREAFTER-7037 1 FAIL
A no.
X after.
D CMP-BEFOREAFTER-7038
NOVEL=1 T CMP-BEFOREAFTER-7038 1 FAIL
A no.
X after.
D CMP-BEFOREAFTER-7039
NOVEL=1 T CMP-BEFOREAFTER-7039 1 FAIL
A no.
X after.
D CMP-BEFOREAFTER-7040
NOVEL=1 T CMP-BEFOREAFTER-7040 1 FAIL
A no.
X after.
D CMP-BEFOREAFTER-7041
NOVEL=1 T CMP-BEFOREAFTER-7041 1 FAIL
A yes.
X before.
D CMP-BEFOREAFTER-7042
NOVEL=1 T CMP-BEFOREAFTER-7042 1 FAIL
A yes.
X before.
D CMP-BEFOREAFTER-7043
NOVEL=1 T CMP-BEFOREAFTER-7043 1 FAIL
A yes.
X before.
D CMP-BEFOREAFTER-7044
NOVEL=1 T CMP-BEFOREAFTER-7044 1 FAIL
A yes.
X before.
D CMP-BEFOREAFTER-7045
NOVEL=1 T CMP-BEFOREAFTER-7045 1 FAIL
A no.
X after.
D CMP-BEFOREAFTER-7046
NOVEL=1 T CMP-BEFOREAFTER-7046 1 FAIL
A yes.
X before.
D CMP-BEFOREAFTER-7047
NOVEL=1 T CMP-BEFOREAFTER-7047 1 FAIL
A yes.
X before.
D CMP-BEFOREAFTER-7048
NOVEL=1 T CMP-BEFOREAFTER-7048 1 FAIL
A no.
X after.
D CMP-BEFOREAFTER-7049
NOVEL=1 T CMP-BEFOREAFTER-7049 1 FAIL
A yes.
X before.
D CMP-BEFOREAFTER-7050
NOVEL=1 T CMP-BEFOREAFTER-7050 1 FAIL
A no.
X after.
D CMP-BEFOREAFTER-7051
NOVEL=1 T CMP-BEFOREAFTER-7051 1 FAIL
A yes.
X before.
D CMP-BEFOREAFTER-7052
NOVEL=1 T CMP-BEFOREAFTER-7052 1 FAIL
A no.
X after.
D CMP-BEFOREAFTER-7053
NOVEL=1 T CMP-BEFOREAFTER-7053 1 FAIL
A no.
X after.
D CMP-BEFOREAFTER-7054
NOVEL=1 T CMP-BEFOREAFTER-7054 1 FAIL
A yes.
X before.
D CMP-BEFOREAFTER-7055
NOVEL=1 T CMP-BEFOREAFTER-7055 1 FAIL
A yes.
X before.
D CMP-BEFOREAFTER-7056
NOVEL=1 T CMP-BEFOREAFTER-7056 1 FAIL
A yes.
X before.
D CMP-BEFOREAFTER-7057
NOVEL=1 T CMP-BEFOREAFTER-7057 1 FAIL
A yes.
X before.
D CMP-BEFOREAFTER-7058
NOVEL=1 T CMP-BEFOREAFTER-7058 1 FAIL
A yes.
X before.
D CMP-BEFOREAFTER-7059
NOVEL=1 T CMP-BEFOREAFTER-7059 1 FAIL
A yes.
X before.
D CMP-BEFOREAFTER-7060
NOVEL=1 T CMP-BEFOREAFTER-7060 1 FAIL
A yes.
X before.
D CMP-BEFOREAFTER-7061
NOVEL=1 T CMP-BEFOREAFTER-7061 1 FAIL
A no.
X after.
D CMP-BEFOREAFTER-7062
NOVEL=1 T CMP-BEFOREAFTER-7062 1 FAIL
A yes.
X before.
D CMP-BEFOREAFTER-7063
NOVEL=1 T CMP-BEFOREAFTER-7063 1 FAIL
A no.
X after.
D CMP-BEFOREAFTER-7064
NOVEL=1 T CMP-BEFOREAFTER-7064 1 FAIL
A no.
X after.
D CMP-BEFOREAFTER-7065
NOVEL=1 T CMP-BEFOREAFTER-7065 1 FAIL
A no.
X after.
D CMP-BEFOREAFTER-7066
NOVEL=1 T CMP-BEFOREAFTER-7066 1 FAIL
A no.
X after.
D CMP-BEFOREAFTER-7067
NOVEL=1 T CMP-BEFOREAFTER-7067 1 FAIL
A yes.
X before.
D CMP-BEFOREAFTER-7068
NOVEL=1 T CMP-BEFOREAFTER-7068 1 FAIL
A yes.
X before.
D CMP-BEFOREAFTER-7069
NOVEL=1 T CMP-BEFOREAFTER-7069 1 FAIL
A yes.
X before.
D CMP-BEFOREAFTER-7070
NOVEL=1 T CMP-BEFOREAFTER-7070 1 FAIL
A yes.
X before.
D CMP-BEFOREAFTER-7071
NOVEL=1 T CMP-BEFOREAFTER-7071 1 FAIL
A no.
X after.
D CMP-BEFOREAFTER-7072
NOVEL=1 T CMP-BEFOREAFTER-7072 1 FAIL
A no.
X after.
D CMP-BEFOREAFTER-7073
NOVEL=1 T CMP-BEFOREAFTER-7073 1 FAIL
A yes.
X before.
D CMP-BEFOREAFTER-7074
NOVEL=1 T CMP-BEFOREAFTER-7074 1 FAIL
A no.
X after.
D CMP-BEFOREAFTER-7075
NOVEL=1 T CMP-BEFOREAFTER-7075 1 FAIL
A yes.
X before.
D CMP-BEFOREAFTER-7076
NOVEL=1 T CMP-BEFOREAFTER-7076 1 FAIL
A no.
X after.
D CMP-BEFOREAFTER-7077
NOVEL=1 T CMP-BEFOREAFTER-7077 1 FAIL
A no.
X after.
D CMP-BEFOREAFTER-7078
NOVEL=1 T CMP-BEFOREAFTER-7078 1 FAIL
A no.
X after.
D CMP-BEFOREAFTER-7079
NOVEL=1 T CMP-BEFOREAFTER-7079 1 FAIL
A no.
X after.
D CMP-BEFOREAFTER-7080
NOVEL=1 T CMP-BEFOREAFTER-7080 1 FAIL
A no.
X after.
D CMP-BEFOREAFTER-7081
NOVEL=1 T CMP-BEFOREAFTER-7081 1 FAIL
A no.
X after.
D CMP-BEFOREAFTER-7082
NOVEL=1 T CMP-BEFOREAFTER-7082 1 FAIL
A no.
X after.
D CMP-BEFOREAFTER-7083
NOVEL=1 T CMP-BEFOREAFTER-7083 1 FAIL
A no.
X after.
D CMP-BEFOREAFTER-7084
NOVEL=1 T CMP-BEFOREAFTER-7084 1 FAIL
A no.
X after.
D CMP-BEFOREAFTER-7085
NOVEL=1 T CMP-BEFOREAFTER-7085 1 FAIL
A no.
X after.
D CMP-BEFOREAFTER-7086
NOVEL=1 T CMP-BEFOREAFTER-7086 1 FAIL
A no.
X after.
D CMP-BEFOREAFTER-7087
NOVEL=1 T CMP-BEFOREAFTER-7087 1 FAIL
A no.
X after.
D CMP-BEFOREAFTER-7088
NOVEL=1 T CMP-BEFOREAFTER-7088 1 FAIL
A no.
X after.
D CMP-BEFOREAFTER-7089
NOVEL=1 T CMP-BEFOREAFTER-7089 1 FAIL
A no.
X after.
D CMP-BEFOREAFTER-7090
NOVEL=1 T CMP-BEFOREAFTER-7090 1 FAIL
A yes.
X before.
D CMP-BEFOREAFTER-7091
NOVEL=1 T CMP-BEFOREAFTER-7091 1 FAIL
A yes.
X before.
D CMP-BEFOREAFTER-7092
NOVEL=1 T CMP-BEFOREAFTER-7092 1 FAIL
A yes.
X before.
D CMP-BEFOREAFTER-7093
NOVEL=1 T CMP-BEFOREAFTER-7093 1 FAIL
A yes.
X before.
D CMP-BEFOREAFTER-7094
NOVEL=1 T CMP-BEFOREAFTER-7094 1 FAIL
A yes.
X before.
D CMP-BEFOREAFTER-7095
NOVEL=1 T CMP-BEFOREAFTER-7095 1 FAIL
A yes.
X before.
D CMP-BEFOREAFTER-7096
NOVEL=1 T CMP-BEFOREAFTER-7096 1 FAIL
A yes.
X before.
D CMP-BEFOREAFTER-7097
NOVEL=1 T CMP-BEFOREAFTER-7097 1 FAIL
A yes.
X before.
D CMP-BEFOREAFTER-7098
NOVEL=1 T CMP-BEFOREAFTER-7098 1 FAIL
A yes.
X before.
D CMP-BEFOREAFTER-7099
NOVEL=1 T CMP-BEFOREAFTER-7099 1 FAIL
A yes.
X before.
D CMP-BEFOREAFTER-7100
NOVEL=1 T CMP-BEFOREAFTER-7100 1 FAIL
A yes.
X before.
D CMP-BEFOREAFTER-7101
NOVEL=1 T CMP-BEFOREAFTER-7101 1 FAIL
A yes.
X before.
D CMP-BEFOREAFTER-7102
NOVEL=1 T CMP-BEFOREAFTER-7102 1 FAIL
A yes.
X before.
D CMP-BEFOREAFTER-7103
NOVEL=1 T CMP-BEFOREAFTER-7103 1 FAIL
A no.
X after.
D CMP-BEFOREAFTER-7104
NOVEL=1 T CMP-BEFOREAFTER-7104 1 FAIL
A no.
X after.
D CMP-BEFOREAFTER-7105
NOVEL=1 T CMP-BEFOREAFTER-7105 1 FAIL
A no.
X after.
D CMP-BEFOREAFTER-7106
NOVEL=1 T CMP-BEFOREAFTER-7106 1 FAIL
A no.
X after.
D CMP-BEFOREAFTER-7107
NOVEL=1 T CMP-BEFOREAFTER-7107 1 FAIL
A yes.
X before.
D CMP-BEFOREAFTER-7108
NOVEL=1 T CMP-BEFOREAFTER-7108 1 FAIL
A yes.
X before.
D CMP-BEFOREAFTER-7109
NOVEL=1 T CMP-BEFOREAFTER-7109 1 FAIL
A yes.
X before.
D CMP-BEFOREAFTER-7110
NOVEL=1 T CMP-BEFOREAFTER-7110 1 FAIL
A no.
X after.
D CMP-BEFOREAFTER-7111
NOVEL=1 T CMP-BEFOREAFTER-7111 1 FAIL
A no.
X after.
D CMP-BEFOREAFTER-7112
NOVEL=1 T CMP-BEFOREAFTER-7112 1 FAIL
A no.
X after.
D CMP-BEFOREAFTER-7113
NOVEL=1 T CMP-BEFOREAFTER-7113 1 FAIL
A yes.
X before.
D CMP-BEFOREAFTER-7114
NOVEL=1 T CMP-BEFOREAFTER-7114 1 FAIL
A no.
X after.
D CMP-BEFOREAFTER-7115
NOVEL=1 T CMP-BEFOREAFTER-7115 1 FAIL
A no.
X after.
D CMP-BEFOREAFTER-7116
NOVEL=1 T CMP-BEFOREAFTER-7116 1 FAIL
A yes.
X before.
D CMP-BEFOREAFTER-7117
NOVEL=1 T CMP-BEFOREAFTER-7117 1 FAIL
A no.
X after.
D CMP-BEFOREAFTER-7118
NOVEL=1 T CMP-BEFOREAFTER-7118 1 FAIL
A yes.
X before.
D CMP-BEFOREAFTER-7119
NOVEL=1 T CMP-BEFOREAFTER-7119 1 FAIL
A yes.
X before.
D CMP-BEFOREAFTER-7120
NOVEL=1 T CMP-BEFOREAFTER-7120 1 FAIL
A yes.
X before.
D CMP-BEFOREAFTER-7121
NOVEL=1 T CMP-BEFOREAFTER-7121 1 FAIL
A yes.
X before.
D CMP-BEFOREAFTER-7122
NOVEL=1 T CMP-BEFOREAFTER-7122 1 FAIL
A yes.
X before.
D CMP-BEFOREAFTER-7123
NOVEL=1 T CMP-BEFOREAFTER-7123 1 FAIL
A yes.
X before.
D CMP-BEFOREAFTER-7124
NOVEL=1 T CMP-BEFOREAFTER-7124 1 FAIL
A yes.
X before.
D CMP-BEFOREAFTER-7125
NOVEL=1 T CMP-BEFOREAFTER-7125 1 FAIL
A yes.
X before.
D CMP-BEFOREAFTER-7126
NOVEL=1 T CMP-BEFOREAFTER-7126 1 FAIL
A yes.
X before.
D CMP-BEFOREAFTER-7127
NOVEL=1 T CMP-BEFOREAFTER-7127 1 FAIL
A no.
X after.
D CMP-BEFOREAFTER-7128
NOVEL=1 T CMP-BEFOREAFTER-7128 1 FAIL
A yes.
X before.
D CMP-BEFOREAFTER-7129
NOVEL=1 T CMP-BEFOREAFTER-7129 1 FAIL
A no.
X after.
D CMP-BEFOREAFTER-7130
NOVEL=1 T CMP-BEFOREAFTER-7130 1 FAIL
A no.
X after.
D CMP-BEFOREAFTER-7131
NOVEL=1 T CMP-BEFOREAFTER-7131 1 FAIL
A yes.
X before.
D CMP-BEFOREAFTER-7132
NOVEL=1 T CMP-BEFOREAFTER-7132 1 FAIL
A yes.
X before.
D CMP-BEFOREAFTER-7133
NOVEL=1 T CMP-BEFOREAFTER-7133 1 FAIL
A yes.
X before.
D CMP-BEFOREAFTER-7134
NOVEL=1 T CMP-BEFOREAFTER-7134 1 FAIL
A yes.
X before.
D CMP-BEFOREAFTER-7135
NOVEL=1 T CMP-BEFOREAFTER-7135 1 FAIL
A yes.
X before.
D CMP-BEFOREAFTER-7136
NOVEL=1 T CMP-BEFOREAFTER-7136 1 FAIL
A no.
X after.
D CMP-BEFOREAFTER-7137
NOVEL=1 T CMP-BEFOREAFTER-7137 1 FAIL
A yes.
X before.
D CMP-BEFOREAFTER-7138
NOVEL=1 T CMP-BEFOREAFTER-7138 1 FAIL
A yes.
X before.
D CMP-BEFOREAFTER-7139
NOVEL=1 T CMP-BEFOREAFTER-7139 1 FAIL
A no.
X after.
D CMP-BEFOREAFTER-7140
NOVEL=1 T CMP-BEFOREAFTER-7140 1 FAIL
A yes.
X before.
D CMP-BEFOREAFTER-7141
NOVEL=1 T CMP-BEFOREAFTER-7141 1 FAIL
A no.
X after.
D CMP-BEFOREAFTER-7142
NOVEL=1 T CMP-BEFOREAFTER-7142 1 FAIL
A yes.
X before.
D CMP-BEFOREAFTER-7143
NOVEL=1 T CMP-BEFOREAFTER-7143 1 FAIL
A yes.
X before.
D CMP-BEFOREAFTER-7144
NOVEL=1 T CMP-BEFOREAFTER-7144 1 FAIL
A yes.
X before.
D CMP-BEFOREAFTER-7145
NOVEL=1 T CMP-BEFOREAFTER-7145 1 FAIL
A yes.
X before.
D CMP-BEFOREAFTER-7146
NOVEL=1 T CMP-BEFOREAFTER-7146 1 FAIL
A yes.
X before.
D CMP-BEFOREAFTER-7147
NOVEL=1 T CMP-BEFOREAFTER-7147 1 FAIL
A yes.
X before.
D CMP-BEFOREAFTER-7148
NOVEL=1 T CMP-BEFOREAFTER-7148 1 FAIL
A yes.
X before.
D CMP-BEFOREAFTER-7149
NOVEL=1 T CMP-BEFOREAFTER-7149 1 FAIL
A yes.
X before.
D CMP-BEFOREAFTER-7150
NOVEL=1 T CMP-BEFOREAFTER-7150 1 FAIL
A yes.
X before.
D CMP-BEFOREAFTER-7151
NOVEL=1 T CMP-BEFOREAFTER-7151 1 FAIL
A yes.
X before.
D CMP-BEFOREAFTER-7152
NOVEL=1 T CMP-BEFOREAFTER-7152 1 FAIL
A no.
X after.
D CMP-BEFOREAFTER-7153
NOVEL=1 T CMP-BEFOREAFTER-7153 1 FAIL
A yes.
X before.
D CMP-BEFOREAFTER-7154
NOVEL=1 T CMP-BEFOREAFTER-7154 1 FAIL
A yes.
X before.
D CMP-BEFOREAFTER-7155
NOVEL=1 T CMP-BEFOREAFTER-7155 1 FAIL
A yes.
X before.
D CMP-BEFOREAFTER-7156
NOVEL=1 T CMP-BEFOREAFTER-7156 1 FAIL
A no.
X after.
D CMP-BEFOREAFTER-7157
NOVEL=1 T CMP-BEFOREAFTER-7157 1 FAIL
A yes.
X before.
D CMP-BEFOREAFTER-7158
NOVEL=1 T CMP-BEFOREAFTER-7158 1 FAIL
A yes.
X before.
D CMP-BEFOREAFTER-7159
NOVEL=1 T CMP-BEFOREAFTER-7159 1 FAIL
A yes.
X before.
D CMP-BEFOREAFTER-7160
NOVEL=1 T CMP-BEFOREAFTER-7160 1 FAIL
A yes.
X before.
D CMP-BEFOREAFTER-7161
NOVEL=1 T CMP-BEFOREAFTER-7161 1 FAIL
A yes.
X before.
D CMP-BEFOREAFTER-7162
NOVEL=1 T CMP-BEFOREAFTER-7162 1 FAIL
A yes.
X before.
D CMP-BEFOREAFTER-7163
NOVEL=1 T CMP-BEFOREAFTER-7163 1 FAIL
A yes.
X before.
D CMP-BEFOREAFTER-7164
NOVEL=1 T CMP-BEFOREAFTER-7164 1 FAIL
A yes.
X before.
D CMP-BEFOREAFTER-7165
NOVEL=1 T CMP-BEFOREAFTER-7165 1 FAIL
A no.
X after.
D CMP-BEFOREAFTER-7166
NOVEL=1 T CMP-BEFOREAFTER-7166 1 FAIL
A yes.
X before.
D CMP-BEFOREAFTER-7167
NOVEL=1 T CMP-BEFOREAFTER-7167 1 FAIL
A no.
X after.
D CMP-BEFOREAFTER-7168
NOVEL=1 T CMP-BEFOREAFTER-7168 1 FAIL
A no.
X after.
D CMP-BEFOREAFTER-7169
NOVEL=1 T CMP-BEFOREAFTER-7169 1 FAIL
A no.
X after.
D CMP-BEFOREAFTER-7170
NOVEL=1 T CMP-BEFOREAFTER-7170 1 FAIL
A no.
X after.
D CMP-BEFOREAFTER-7171
NOVEL=1 T CMP-BEFOREAFTER-7171 1 FAIL
A yes.
X before.
D CMP-BEFOREAFTER-7172
NOVEL=1 T CMP-BEFOREAFTER-7172 1 FAIL
A yes.
X before.
D CMP-BEFOREAFTER-7173
NOVEL=1 T CMP-BEFOREAFTER-7173 1 FAIL
A yes.
X before.
D CMP-BEFOREAFTER-7174
NOVEL=1 T CMP-BEFOREAFTER-7174 1 FAIL
A no.
X after.
D CMP-BEFOREAFTER-7175
NOVEL=1 T CMP-BEFOREAFTER-7175 1 FAIL
A no.
X after.
D CMP-BEFOREAFTER-7176
NOVEL=1 T CMP-BEFOREAFTER-7176 1 FAIL
A no.
X after.
D CMP-BEFOREAFTER-7177
NOVEL=1 T CMP-BEFOREAFTER-7177 1 FAIL
A yes.
X before.
D CMP-BEFOREAFTER-7178
NOVEL=1 T CMP-BEFOREAFTER-7178 1 FAIL
A no.
X after.
D CMP-BEFOREAFTER-7179
NOVEL=1 T CMP-BEFOREAFTER-7179 1 FAIL
A yes.
X before.
D CMP-BEFOREAFTER-7180
NOVEL=1 T CMP-BEFOREAFTER-7180 1 FAIL
A no.
X after.
D CMP-BEFOREAFTER-7181
NOVEL=1 T CMP-BEFOREAFTER-7181 1 FAIL
A no.
X after.
D CMP-BEFOREAFTER-7182
NOVEL=1 T CMP-BEFOREAFTER-7182 1 FAIL
A no.
X after.
D CMP-BEFOREAFTER-7183
NOVEL=1 T CMP-BEFOREAFTER-7183 1 FAIL
A no.
X after.
D CMP-BEFOREAFTER-7184
NOVEL=1 T CMP-BEFOREAFTER-7184 1 FAIL
A no.
X after.
D CMP-BEFOREAFTER-7185
NOVEL=1 T CMP-BEFOREAFTER-7185 1 FAIL
A no.
X after.
D CMP-BEFOREAFTER-7186
NOVEL=1 T CMP-BEFOREAFTER-7186 1 FAIL
A yes.
X before.
D CMP-BEFOREAFTER-7187
NOVEL=1 T CMP-BEFOREAFTER-7187 1 FAIL
A no.
X after.
D CMP-BEFOREAFTER-7188
NOVEL=1 T CMP-BEFOREAFTER-7188 1 FAIL
A no.
X after.
D CMP-BEFOREAFTER-7189
NOVEL=1 T CMP-BEFOREAFTER-7189 1 FAIL
A no.
X after.
D CMP-BEFOREAFTER-7190
NOVEL=1 T CMP-BEFOREAFTER-7190 1 FAIL
A yes.
X before.
D CMP-BEFOREAFTER-7191
NOVEL=1 T CMP-BEFOREAFTER-7191 1 FAIL
A no.
X after.
D CMP-BEFOREAFTER-7192
NOVEL=1 T CMP-BEFOREAFTER-7192 1 FAIL
A no.
X after.
D CMP-BEFOREAFTER-7193
NOVEL=1 T CMP-BEFOREAFTER-7193 1 FAIL
A no.
X after.
D CMP-BEFOREAFTER-7194
NOVEL=1 T CMP-BEFOREAFTER-7194 1 FAIL
A no.
X after.
D CMP-BEFOREAFTER-7195
NOVEL=1 T CMP-BEFOREAFTER-7195 1 FAIL
A no.
X after.
D CMP-BEFOREAFTER-7196
NOVEL=1 T CMP-BEFOREAFTER-7196 1 FAIL
A no.
X after.
D CMP-BEFOREAFTER-7197
NOVEL=1 T CMP-BEFOREAFTER-7197 1 FAIL
A no.
X after.
D CMP-BEFOREAFTER-7198
NOVEL=1 T CMP-BEFOREAFTER-7198 1 FAIL
A yes.
X before.
D CMP-BEFOREAFTER-7199
NOVEL=1 T CMP-BEFOREAFTER-7199 1 FAIL
A yes.
X before.
D CMP-BEFOREAFTER-7200
NOVEL=1 T CMP-BEFOREAFTER-7200 1 FAIL
A no.
X after.
D CMP-UNKNOWN-7201
T CMP-UNKNOWN-7201 1 FAIL
A The Eiffel Tower is 330 meters tall.
X I don't know.
D CMP-UNKNOWN-7202
T CMP-UNKNOWN-7202 1 FAIL
A The Eiffel Tower is 330 meters tall.
X I don't know.
D CMP-UNKNOWN-7203
T CMP-UNKNOWN-7203 1 FAIL
A The Montparnasse Tower is 210 meters tall.
X I don't know.
D CMP-UNKNOWN-7204
T CMP-UNKNOWN-7204 1 FAIL
A The Montparnasse Tower is 210 meters tall.
X I don't know.
D CMP-UNKNOWN-7205
T CMP-UNKNOWN-7205 1 FAIL
A The Statue of Liberty is 93 meters tall.
X I don't know.
D CMP-UNKNOWN-7206
T CMP-UNKNOWN-7206 1 FAIL
A The Statue of Liberty is 93 meters tall.
X I don't know.
D CMP-UNKNOWN-7207
T CMP-UNKNOWN-7207 1 FAIL
A Big Ben is 96 meters tall.
X I don't know.
D CMP-UNKNOWN-7208
T CMP-UNKNOWN-7208 1 FAIL
A Big Ben is 96 meters tall.
X I don't know.
D CMP-UNKNOWN-7209
T CMP-UNKNOWN-7209 1 FAIL
A Mount Everest is 8849 meters tall.
X I don't know.
D CMP-UNKNOWN-7210
T CMP-UNKNOWN-7210 1 FAIL
A Mount Everest is 8849 meters tall.
X I don't know.
D CMP-UNKNOWN-7211
T CMP-UNKNOWN-7211 1 FAIL
A The Eiffel Tower is 330 meters tall.
X I don't know.
D CMP-UNKNOWN-7212
T CMP-UNKNOWN-7212 1 FAIL
A The Eiffel Tower is 330 meters tall.
X I don't know.
D CMP-UNKNOWN-7213
T CMP-UNKNOWN-7213 1 FAIL
A The Montparnasse Tower is 210 meters tall.
X I don't know.
D CMP-UNKNOWN-7214
T CMP-UNKNOWN-7214 1 FAIL
A The Montparnasse Tower is 210 meters tall.
X I don't know.
D CMP-UNKNOWN-7215
T CMP-UNKNOWN-7215 1 FAIL
A The Statue of Liberty is 93 meters tall.
X I don't know.
D CMP-UNKNOWN-7216
T CMP-UNKNOWN-7216 1 FAIL
A The Statue of Liberty is 93 meters tall.
X I don't know.
D CMP-UNKNOWN-7217
T CMP-UNKNOWN-7217 1 FAIL
A Big Ben is 96 meters tall.
X I don't know.
D CMP-UNKNOWN-7218
T CMP-UNKNOWN-7218 1 FAIL
A Big Ben is 96 meters tall.
X I don't know.
D CMP-UNKNOWN-7219
T CMP-UNKNOWN-7219 1 FAIL
A Mount Everest is 8849 meters tall.
X I don't know.
D CMP-UNKNOWN-7220
T CMP-UNKNOWN-7220 1 FAIL
A Mount Everest is 8849 meters tall.
X I don't know.
D CMP-UNKNOWN-7221
T CMP-UNKNOWN-7221 1 FAIL
A The Eiffel Tower is 330 meters tall.
X I don't know.
D CMP-UNKNOWN-7222
T CMP-UNKNOWN-7222 1 FAIL
A The Eiffel Tower is 330 meters tall.
X I don't know.
D CMP-UNKNOWN-7223
T CMP-UNKNOWN-7223 1 FAIL
A The Montparnasse Tower is 210 meters tall.
X I don't know.
D CMP-UNKNOWN-7224
T CMP-UNKNOWN-7224 1 FAIL
A The Montparnasse Tower is 210 meters tall.
X I don't know.
D CMP-UNKNOWN-7225
T CMP-UNKNOWN-7225 1 FAIL
A The Statue of Liberty is 93 meters tall.
X I don't know.
D CMP-UNKNOWN-7226
T CMP-UNKNOWN-7226 1 FAIL
A The Statue of Liberty is 93 meters tall.
X I don't know.
D CMP-UNKNOWN-7227
T CMP-UNKNOWN-7227 1 FAIL
A Big Ben is 96 meters tall.
X I don't know.
D CMP-UNKNOWN-7228
T CMP-UNKNOWN-7228 1 FAIL
A Big Ben is 96 meters tall.
X I don't know.
D CMP-UNKNOWN-7229
T CMP-UNKNOWN-7229 1 FAIL
A Mount Everest is 8849 meters tall.
X I don't know.
D CMP-UNKNOWN-7230
T CMP-UNKNOWN-7230 1 FAIL
A Mount Everest is 8849 meters tall.
X I don't know.
D CMP-UNKNOWN-7231
T CMP-UNKNOWN-7231 1 FAIL
A The Eiffel Tower is 330 meters tall.
X I don't know.
D CMP-UNKNOWN-7232
T CMP-UNKNOWN-7232 1 FAIL
A The Eiffel Tower is 330 meters tall.
X I don't know.
D CMP-UNKNOWN-7233
T CMP-UNKNOWN-7233 1 FAIL
A The Montparnasse Tower is 210 meters tall.
X I don't know.
D CMP-UNKNOWN-7234
T CMP-UNKNOWN-7234 1 FAIL
A The Montparnasse Tower is 210 meters tall.
X I don't know.
D CMP-UNKNOWN-7235
T CMP-UNKNOWN-7235 1 FAIL
A The Statue of Liberty is 93 meters tall.
X I don't know.
D CMP-UNKNOWN-7236
T CMP-UNKNOWN-7236 1 FAIL
A The Statue of Liberty is 93 meters tall.
X I don't know.
D CMP-UNKNOWN-7237
T CMP-UNKNOWN-7237 1 FAIL
A Big Ben is 96 meters tall.
X I don't know.
D CMP-UNKNOWN-7238
T CMP-UNKNOWN-7238 1 FAIL
A Big Ben is 96 meters tall.
X I don't know.
D CMP-UNKNOWN-7239
T CMP-UNKNOWN-7239 1 FAIL
A Mount Everest is 8849 meters tall.
X I don't know.
D CMP-UNKNOWN-7240
T CMP-UNKNOWN-7240 1 FAIL
A Mount Everest is 8849 meters tall.
X I don't know.
D CMP-UNKNOWN-7241
T CMP-UNKNOWN-7241 1 FAIL
A The Eiffel Tower is 330 meters tall.
X I don't know.
D CMP-UNKNOWN-7242
T CMP-UNKNOWN-7242 1 FAIL
A The Eiffel Tower is 330 meters tall.
X I don't know.
D CMP-UNKNOWN-7243
T CMP-UNKNOWN-7243 1 FAIL
A The Montparnasse Tower is 210 meters tall.
X I don't know.
D CMP-UNKNOWN-7244
T CMP-UNKNOWN-7244 1 FAIL
A The Montparnasse Tower is 210 meters tall.
X I don't know.
D CMP-UNKNOWN-7245
T CMP-UNKNOWN-7245 1 FAIL
A The Statue of Liberty is 93 meters tall.
X I don't know.
D CMP-UNKNOWN-7246
T CMP-UNKNOWN-7246 1 FAIL
A The Statue of Liberty is 93 meters tall.
X I don't know.
D CMP-UNKNOWN-7247
T CMP-UNKNOWN-7247 1 FAIL
A Big Ben is 96 meters tall.
X I don't know.
D CMP-UNKNOWN-7248
T CMP-UNKNOWN-7248 1 FAIL
A Big Ben is 96 meters tall.
X I don't know.
D CMP-UNKNOWN-7249
T CMP-UNKNOWN-7249 1 FAIL
A Mount Everest is 8849 meters tall.
X I don't know.
D CMP-UNKNOWN-7250
T CMP-UNKNOWN-7250 1 FAIL
A Mount Everest is 8849 meters tall.
X I don't know.
D CMP-UNKNOWN-7251
T CMP-UNKNOWN-7251 1 FAIL
A The Eiffel Tower is 330 meters tall.
X I don't know.
D CMP-UNKNOWN-7252
T CMP-UNKNOWN-7252 1 FAIL
A The Eiffel Tower is 330 meters tall.
X I don't know.
D CMP-UNKNOWN-7253
T CMP-UNKNOWN-7253 1 FAIL
A The Montparnasse Tower is 210 meters tall.
X I don't know.
D CMP-UNKNOWN-7254
T CMP-UNKNOWN-7254 1 FAIL
A The Montparnasse Tower is 210 meters tall.
X I don't know.
D CMP-UNKNOWN-7255
T CMP-UNKNOWN-7255 1 FAIL
A The Statue of Liberty is 93 meters tall.
X I don't know.
D CMP-UNKNOWN-7256
T CMP-UNKNOWN-7256 1 FAIL
A The Statue of Liberty is 93 meters tall.
X I don't know.
D CMP-UNKNOWN-7257
T CMP-UNKNOWN-7257 1 FAIL
A Big Ben is 96 meters tall.
X I don't know.
D CMP-UNKNOWN-7258
T CMP-UNKNOWN-7258 1 FAIL
A Big Ben is 96 meters tall.
X I don't know.
D CMP-UNKNOWN-7259
T CMP-UNKNOWN-7259 1 FAIL
A Mount Everest is 8849 meters tall.
X I don't know.
D CMP-UNKNOWN-7260
T CMP-UNKNOWN-7260 1 FAIL
A Mount Everest is 8849 meters tall.
X I don't know.
D CMP-UNKNOWN-7261
T CMP-UNKNOWN-7261 1 PASS
A I don't know.
D CMP-UNKNOWN-7262
T CMP-UNKNOWN-7262 1 PASS
A I don't know.
D CMP-UNKNOWN-7263
T CMP-UNKNOWN-7263 1 PASS
A I don't know.
D CMP-UNKNOWN-7264
T CMP-UNKNOWN-7264 1 PASS
A I don't know.
D CMP-UNKNOWN-7265
T CMP-UNKNOWN-7265 1 PASS
A I don't know.
D CMP-UNKNOWN-7266
T CMP-UNKNOWN-7266 1 PASS
A I don't know.
D CMP-UNKNOWN-7267
T CMP-UNKNOWN-7267 1 PASS
A I don't know.
D CMP-UNKNOWN-7268
T CMP-UNKNOWN-7268 1 PASS
A I don't know.
D CMP-UNKNOWN-7269
T CMP-UNKNOWN-7269 1 PASS
A I don't know.
D CMP-UNKNOWN-7270
T CMP-UNKNOWN-7270 1 PASS
A I don't know.
D CMP-UNKNOWN-7271
T CMP-UNKNOWN-7271 1 PASS
A I don't know.
D CMP-UNKNOWN-7272
T CMP-UNKNOWN-7272 1 FAIL
A The Eiffel Tower was built in 1889.
X I don't know.
D CMP-UNKNOWN-7273
T CMP-UNKNOWN-7273 1 PASS
A I don't know.
D CMP-UNKNOWN-7274
T CMP-UNKNOWN-7274 1 FAIL
A The Montparnasse Tower was built in 1973.
X I don't know.
D CMP-UNKNOWN-7275
T CMP-UNKNOWN-7275 1 PASS
A I don't know.
D CMP-UNKNOWN-7276
T CMP-UNKNOWN-7276 1 PASS
A I don't know.
D CMP-UNKNOWN-7277
T CMP-UNKNOWN-7277 1 PASS
A I don't know.
D CMP-UNKNOWN-7278
T CMP-UNKNOWN-7278 1 PASS
A I don't know.
D CMP-UNKNOWN-7279
T CMP-UNKNOWN-7279 1 PASS
A I don't know.
D CMP-UNKNOWN-7280
T CMP-UNKNOWN-7280 1 PASS
A I don't know.
D CMP-UNKNOWN-7281
T CMP-UNKNOWN-7281 1 PASS
A I don't know.
D CMP-UNKNOWN-7282
T CMP-UNKNOWN-7282 1 PASS
A I don't know.
D CMP-UNKNOWN-7283
T CMP-UNKNOWN-7283 1 PASS
A I don't know.
D CMP-UNKNOWN-7284
T CMP-UNKNOWN-7284 1 PASS
A I don't know.
D CMP-UNKNOWN-7285
T CMP-UNKNOWN-7285 1 PASS
A I don't know.
D CMP-UNKNOWN-7286
T CMP-UNKNOWN-7286 1 PASS
A I don't know.
D CMP-UNKNOWN-7287
T CMP-UNKNOWN-7287 1 PASS
A I don't know.
D CMP-UNKNOWN-7288
T CMP-UNKNOWN-7288 1 PASS
A I don't know.
D CMP-UNKNOWN-7289
T CMP-UNKNOWN-7289 1 PASS
A I don't know.
D CMP-UNKNOWN-7290
T CMP-UNKNOWN-7290 1 PASS
A I don't know.
D CMP-UNKNOWN-7291
T CMP-UNKNOWN-7291 1 PASS
A I don't know.
D CMP-UNKNOWN-7292
T CMP-UNKNOWN-7292 1 PASS
A I don't know.
D CMP-UNKNOWN-7293
T CMP-UNKNOWN-7293 1 PASS
A I don't know.
D CMP-UNKNOWN-7294
T CMP-UNKNOWN-7294 1 PASS
A I don't know.
D CMP-UNKNOWN-7295
T CMP-UNKNOWN-7295 1 PASS
A I don't know.
D CMP-UNKNOWN-7296
T CMP-UNKNOWN-7296 1 PASS
A I don't know.
D CMP-UNKNOWN-7297
T CMP-UNKNOWN-7297 1 PASS
A I don't know.
D CMP-UNKNOWN-7298
T CMP-UNKNOWN-7298 1 PASS
A I don't know.
D CMP-UNKNOWN-7299
T CMP-UNKNOWN-7299 1 PASS
A I don't know.
D CMP-UNKNOWN-7300
T CMP-UNKNOWN-7300 1 FAIL
A The Eiffel Tower was built in 1889.
X I don't know.
D CMP-UNKNOWN-7301
T CMP-UNKNOWN-7301 1 PASS
A I don't know.
D CMP-UNKNOWN-7302
T CMP-UNKNOWN-7302 1 FAIL
A The Montparnasse Tower was built in 1973.
X I don't know.
D CMP-UNKNOWN-7303
T CMP-UNKNOWN-7303 1 PASS
A I don't know.
D CMP-UNKNOWN-7304
T CMP-UNKNOWN-7304 1 PASS
A I don't know.
D CMP-UNKNOWN-7305
T CMP-UNKNOWN-7305 1 PASS
A I don't know.
D CMP-UNKNOWN-7306
T CMP-UNKNOWN-7306 1 PASS
A I don't know.
D CMP-UNKNOWN-7307
T CMP-UNKNOWN-7307 1 PASS
A I don't know.
D CMP-UNKNOWN-7308
T CMP-UNKNOWN-7308 1 PASS
A I don't know.
D CMP-UNKNOWN-7309
T CMP-UNKNOWN-7309 1 PASS
A I don't know.
D CMP-UNKNOWN-7310
T CMP-UNKNOWN-7310 1 PASS
A I don't know.
D CMP-UNKNOWN-7311
T CMP-UNKNOWN-7311 1 PASS
A I don't know.
D CMP-UNKNOWN-7312
T CMP-UNKNOWN-7312 1 PASS
A I don't know.
D CMP-UNKNOWN-7313
T CMP-UNKNOWN-7313 1 PASS
A I don't know.
D CMP-UNKNOWN-7314
T CMP-UNKNOWN-7314 1 PASS
A I don't know.
D CMP-UNKNOWN-7315
T CMP-UNKNOWN-7315 1 PASS
A I don't know.
D CMP-UNKNOWN-7316
T CMP-UNKNOWN-7316 1 PASS
A I don't know.
D CMP-UNKNOWN-7317
T CMP-UNKNOWN-7317 1 PASS
A I don't know.
D CMP-UNKNOWN-7318
T CMP-UNKNOWN-7318 1 PASS
A I don't know.
D CMP-UNKNOWN-7319
T CMP-UNKNOWN-7319 1 PASS
A I don't know.
D CMP-UNKNOWN-7320
T CMP-UNKNOWN-7320 1 PASS
A I don't know.
D CMP-UNKNOWN-7321
T CMP-UNKNOWN-7321 1 PASS
A I don't know.
D CMP-UNKNOWN-7322
T CMP-UNKNOWN-7322 1 PASS
A I don't know.
D CMP-UNKNOWN-7323
T CMP-UNKNOWN-7323 1 PASS
A I don't know.
D CMP-UNKNOWN-7324
T CMP-UNKNOWN-7324 1 PASS
A I don't know.
D CMP-UNKNOWN-7325
T CMP-UNKNOWN-7325 1 PASS
A I don't know.
D CMP-UNKNOWN-7326
T CMP-UNKNOWN-7326 1 PASS
A I don't know.
D CMP-UNKNOWN-7327
T CMP-UNKNOWN-7327 1 PASS
A I don't know.
D CMP-UNKNOWN-7328
T CMP-UNKNOWN-7328 1 FAIL
A The Eiffel Tower was built in 1889.
X I don't know.
D CMP-UNKNOWN-7329
T CMP-UNKNOWN-7329 1 PASS
A I don't know.
D CMP-UNKNOWN-7330
T CMP-UNKNOWN-7330 1 FAIL
A The Montparnasse Tower was built in 1973.
X I don't know.
D CMP-UNKNOWN-7331
T CMP-UNKNOWN-7331 1 PASS
A I don't know.
D CMP-UNKNOWN-7332
T CMP-UNKNOWN-7332 1 PASS
A I don't know.
D CMP-UNKNOWN-7333
T CMP-UNKNOWN-7333 1 PASS
A I don't know.
D CMP-UNKNOWN-7334
T CMP-UNKNOWN-7334 1 PASS
A I don't know.
D CMP-UNKNOWN-7335
T CMP-UNKNOWN-7335 1 PASS
A I don't know.
D CMP-UNKNOWN-7336
T CMP-UNKNOWN-7336 1 PASS
A I don't know.
D CMP-UNKNOWN-7337
T CMP-UNKNOWN-7337 1 PASS
A I don't know.
D CMP-UNKNOWN-7338
T CMP-UNKNOWN-7338 1 PASS
A I don't know.
D CMP-UNKNOWN-7339
T CMP-UNKNOWN-7339 1 PASS
A I don't know.
D CMP-UNKNOWN-7340
T CMP-UNKNOWN-7340 1 PASS
A I don't know.
D CMP-UNKNOWN-7341
T CMP-UNKNOWN-7341 1 PASS
A I don't know.
D CMP-UNKNOWN-7342
T CMP-UNKNOWN-7342 1 PASS
A I don't know.
D CMP-UNKNOWN-7343
T CMP-UNKNOWN-7343 1 PASS
A I don't know.
D CMP-UNKNOWN-7344
T CMP-UNKNOWN-7344 1 PASS
A I don't know.
D CMP-UNKNOWN-7345
T CMP-UNKNOWN-7345 1 FAIL
A The Eiffel Tower is 330 meters tall.
X I don't know.
D CMP-UNKNOWN-7346
T CMP-UNKNOWN-7346 1 FAIL
A The Eiffel Tower is 330 meters tall.
X I don't know.
D CMP-UNKNOWN-7347
T CMP-UNKNOWN-7347 1 FAIL
A The Montparnasse Tower is 210 meters tall.
X I don't know.
D CMP-UNKNOWN-7348
T CMP-UNKNOWN-7348 1 FAIL
A The Montparnasse Tower is 210 meters tall.
X I don't know.
D CMP-UNKNOWN-7349
T CMP-UNKNOWN-7349 1 FAIL
A The Statue of Liberty is 93 meters tall.
X I don't know.
D CMP-UNKNOWN-7350
T CMP-UNKNOWN-7350 1 FAIL
A The Statue of Liberty is 93 meters tall.
X I don't know.
D CMP-UNKNOWN-7351
T CMP-UNKNOWN-7351 1 FAIL
A Big Ben is 96 meters tall.
X I don't know.
D CMP-UNKNOWN-7352
T CMP-UNKNOWN-7352 1 FAIL
A Big Ben is 96 meters tall.
X I don't know.
D CMP-UNKNOWN-7353
T CMP-UNKNOWN-7353 1 FAIL
A Mount Everest is 8849 meters tall.
X I don't know.
D CMP-UNKNOWN-7354
T CMP-UNKNOWN-7354 1 FAIL
A Mount Everest is 8849 meters tall.
X I don't know.
D CMP-UNKNOWN-7355
T CMP-UNKNOWN-7355 1 FAIL
A The Eiffel Tower is 330 meters tall.
X I don't know.
D CMP-UNKNOWN-7356
T CMP-UNKNOWN-7356 1 FAIL
A The Eiffel Tower is 330 meters tall.
X I don't know.
D CMP-UNKNOWN-7357
T CMP-UNKNOWN-7357 1 FAIL
A The Montparnasse Tower is 210 meters tall.
X I don't know.
D CMP-UNKNOWN-7358
T CMP-UNKNOWN-7358 1 FAIL
A The Montparnasse Tower is 210 meters tall.
X I don't know.
D CMP-UNKNOWN-7359
T CMP-UNKNOWN-7359 1 FAIL
A The Statue of Liberty is 93 meters tall.
X I don't know.
D CMP-UNKNOWN-7360
T CMP-UNKNOWN-7360 1 FAIL
A The Statue of Liberty is 93 meters tall.
X I don't know.
D CMP-UNKNOWN-7361
T CMP-UNKNOWN-7361 1 FAIL
A Big Ben is 96 meters tall.
X I don't know.
D CMP-UNKNOWN-7362
T CMP-UNKNOWN-7362 1 FAIL
A Big Ben is 96 meters tall.
X I don't know.
D CMP-UNKNOWN-7363
T CMP-UNKNOWN-7363 1 FAIL
A Mount Everest is 8849 meters tall.
X I don't know.
D CMP-UNKNOWN-7364
T CMP-UNKNOWN-7364 1 FAIL
A Mount Everest is 8849 meters tall.
X I don't know.
D CMP-UNKNOWN-7365
T CMP-UNKNOWN-7365 1 FAIL
A The Eiffel Tower is 330 meters tall.
X I don't know.
D CMP-UNKNOWN-7366
T CMP-UNKNOWN-7366 1 FAIL
A The Eiffel Tower is 330 meters tall.
X I don't know.
D CMP-UNKNOWN-7367
T CMP-UNKNOWN-7367 1 FAIL
A The Montparnasse Tower is 210 meters tall.
X I don't know.
D CMP-UNKNOWN-7368
T CMP-UNKNOWN-7368 1 FAIL
A The Montparnasse Tower is 210 meters tall.
X I don't know.
D CMP-UNKNOWN-7369
T CMP-UNKNOWN-7369 1 FAIL
A The Statue of Liberty is 93 meters tall.
X I don't know.
D CMP-UNKNOWN-7370
T CMP-UNKNOWN-7370 1 FAIL
A The Statue of Liberty is 93 meters tall.
X I don't know.
D CMP-UNKNOWN-7371
T CMP-UNKNOWN-7371 1 FAIL
A Big Ben is 96 meters tall.
X I don't know.
D CMP-UNKNOWN-7372
T CMP-UNKNOWN-7372 1 FAIL
A Big Ben is 96 meters tall.
X I don't know.
D CMP-UNKNOWN-7373
T CMP-UNKNOWN-7373 1 FAIL
A Mount Everest is 8849 meters tall.
X I don't know.
D CMP-UNKNOWN-7374
T CMP-UNKNOWN-7374 1 FAIL
A Mount Everest is 8849 meters tall.
X I don't know.
D CMP-UNKNOWN-7375
T CMP-UNKNOWN-7375 1 FAIL
A The Eiffel Tower is 330 meters tall.
X I don't know.
D CMP-UNKNOWN-7376
T CMP-UNKNOWN-7376 1 FAIL
A The Eiffel Tower is 330 meters tall.
X I don't know.
D CMP-UNKNOWN-7377
T CMP-UNKNOWN-7377 1 FAIL
A The Montparnasse Tower is 210 meters tall.
X I don't know.
D CMP-UNKNOWN-7378
T CMP-UNKNOWN-7378 1 FAIL
A The Montparnasse Tower is 210 meters tall.
X I don't know.
D CMP-UNKNOWN-7379
T CMP-UNKNOWN-7379 1 FAIL
A The Statue of Liberty is 93 meters tall.
X I don't know.
D CMP-UNKNOWN-7380
T CMP-UNKNOWN-7380 1 FAIL
A The Statue of Liberty is 93 meters tall.
X I don't know.
D CMP-UNKNOWN-7381
T CMP-UNKNOWN-7381 1 FAIL
A Big Ben is 96 meters tall.
X I don't know.
D CMP-UNKNOWN-7382
T CMP-UNKNOWN-7382 1 FAIL
A Big Ben is 96 meters tall.
X I don't know.
D CMP-UNKNOWN-7383
T CMP-UNKNOWN-7383 1 FAIL
A Mount Everest is 8849 meters tall.
X I don't know.
D CMP-UNKNOWN-7384
T CMP-UNKNOWN-7384 1 FAIL
A Mount Everest is 8849 meters tall.
X I don't know.
D CMP-UNKNOWN-7385
T CMP-UNKNOWN-7385 1 FAIL
A The Eiffel Tower is 330 meters tall.
X I don't know.
D CMP-UNKNOWN-7386
T CMP-UNKNOWN-7386 1 FAIL
A The Eiffel Tower is 330 meters tall.
X I don't know.
D CMP-UNKNOWN-7387
T CMP-UNKNOWN-7387 1 FAIL
A The Montparnasse Tower is 210 meters tall.
X I don't know.
D CMP-UNKNOWN-7388
T CMP-UNKNOWN-7388 1 FAIL
A The Montparnasse Tower is 210 meters tall.
X I don't know.
D CMP-UNKNOWN-7389
T CMP-UNKNOWN-7389 1 FAIL
A The Statue of Liberty is 93 meters tall.
X I don't know.
D CMP-UNKNOWN-7390
T CMP-UNKNOWN-7390 1 FAIL
A The Statue of Liberty is 93 meters tall.
X I don't know.
D CMP-UNKNOWN-7391
T CMP-UNKNOWN-7391 1 FAIL
A Big Ben is 96 meters tall.
X I don't know.
D CMP-UNKNOWN-7392
T CMP-UNKNOWN-7392 1 FAIL
A Big Ben is 96 meters tall.
X I don't know.
D CMP-UNKNOWN-7393
T CMP-UNKNOWN-7393 1 FAIL
A Mount Everest is 8849 meters tall.
X I don't know.
D CMP-UNKNOWN-7394
T CMP-UNKNOWN-7394 1 FAIL
A Mount Everest is 8849 meters tall.
X I don't know.
D CMP-UNKNOWN-7395
T CMP-UNKNOWN-7395 1 FAIL
A The Eiffel Tower is 330 meters tall.
X I don't know.
D CMP-UNKNOWN-7396
T CMP-UNKNOWN-7396 1 FAIL
A The Eiffel Tower is 330 meters tall.
X I don't know.
D CMP-UNKNOWN-7397
T CMP-UNKNOWN-7397 1 FAIL
A The Montparnasse Tower is 210 meters tall.
X I don't know.
D CMP-UNKNOWN-7398
T CMP-UNKNOWN-7398 1 FAIL
A The Montparnasse Tower is 210 meters tall.
X I don't know.
D CMP-UNKNOWN-7399
T CMP-UNKNOWN-7399 1 FAIL
A The Statue of Liberty is 93 meters tall.
X I don't know.
D CMP-UNKNOWN-7400
T CMP-UNKNOWN-7400 1 FAIL
A The Statue of Liberty is 93 meters tall.
X I don't know.
D CMP-UNKNOWN-7401
T CMP-UNKNOWN-7401 1 FAIL
A Big Ben is 96 meters tall.
X I don't know.
D CMP-UNKNOWN-7402
T CMP-UNKNOWN-7402 1 FAIL
A Big Ben is 96 meters tall.
X I don't know.
D CMP-UNKNOWN-7403
T CMP-UNKNOWN-7403 1 FAIL
A Mount Everest is 8849 meters tall.
X I don't know.
D CMP-UNKNOWN-7404
T CMP-UNKNOWN-7404 1 FAIL
A Mount Everest is 8849 meters tall.
X I don't know.
D CMP-UNKNOWN-7405
T CMP-UNKNOWN-7405 1 PASS
A I don't know.
D CMP-UNKNOWN-7406
T CMP-UNKNOWN-7406 1 PASS
A I don't know.
D CMP-UNKNOWN-7407
T CMP-UNKNOWN-7407 1 PASS
A I don't know.
D CMP-UNKNOWN-7408
T CMP-UNKNOWN-7408 1 PASS
A I don't know.
D CMP-UNKNOWN-7409
T CMP-UNKNOWN-7409 1 PASS
A I don't know.
D CMP-UNKNOWN-7410
T CMP-UNKNOWN-7410 1 PASS
A I don't know.
D CMP-UNKNOWN-7411
T CMP-UNKNOWN-7411 1 PASS
A I don't know.
D CMP-UNKNOWN-7412
T CMP-UNKNOWN-7412 1 PASS
A I don't know.
D CMP-UNKNOWN-7413
T CMP-UNKNOWN-7413 1 PASS
A I don't know.
D CMP-UNKNOWN-7414
T CMP-UNKNOWN-7414 1 PASS
A I don't know.
D CMP-UNKNOWN-7415
T CMP-UNKNOWN-7415 1 PASS
A I don't know.
D CMP-UNKNOWN-7416
T CMP-UNKNOWN-7416 1 FAIL
A The Eiffel Tower was built in 1889.
X I don't know.
D CMP-UNKNOWN-7417
T CMP-UNKNOWN-7417 1 PASS
A I don't know.
D CMP-UNKNOWN-7418
T CMP-UNKNOWN-7418 1 FAIL
A The Montparnasse Tower was built in 1973.
X I don't know.
D CMP-UNKNOWN-7419
T CMP-UNKNOWN-7419 1 PASS
A I don't know.
D CMP-UNKNOWN-7420
T CMP-UNKNOWN-7420 1 PASS
A I don't know.
D CMP-UNKNOWN-7421
T CMP-UNKNOWN-7421 1 PASS
A I don't know.
D CMP-UNKNOWN-7422
T CMP-UNKNOWN-7422 1 PASS
A I don't know.
D CMP-UNKNOWN-7423
T CMP-UNKNOWN-7423 1 PASS
A I don't know.
D CMP-UNKNOWN-7424
T CMP-UNKNOWN-7424 1 PASS
A I don't know.
D CMP-UNKNOWN-7425
T CMP-UNKNOWN-7425 1 PASS
A I don't know.
D CMP-UNKNOWN-7426
T CMP-UNKNOWN-7426 1 PASS
A I don't know.
D CMP-UNKNOWN-7427
T CMP-UNKNOWN-7427 1 PASS
A I don't know.
D CMP-UNKNOWN-7428
T CMP-UNKNOWN-7428 1 PASS
A I don't know.
D CMP-UNKNOWN-7429
T CMP-UNKNOWN-7429 1 PASS
A I don't know.
D CMP-UNKNOWN-7430
T CMP-UNKNOWN-7430 1 PASS
A I don't know.
D CMP-UNKNOWN-7431
T CMP-UNKNOWN-7431 1 PASS
A I don't know.
D CMP-UNKNOWN-7432
T CMP-UNKNOWN-7432 1 PASS
A I don't know.
D CMP-UNKNOWN-7433
T CMP-UNKNOWN-7433 1 PASS
A I don't know.
D CMP-UNKNOWN-7434
T CMP-UNKNOWN-7434 1 PASS
A I don't know.
D CMP-UNKNOWN-7435
T CMP-UNKNOWN-7435 1 PASS
A I don't know.
D CMP-UNKNOWN-7436
T CMP-UNKNOWN-7436 1 PASS
A I don't know.
D CMP-UNKNOWN-7437
T CMP-UNKNOWN-7437 1 PASS
A I don't know.
D CMP-UNKNOWN-7438
T CMP-UNKNOWN-7438 1 PASS
A I don't know.
D CMP-UNKNOWN-7439
T CMP-UNKNOWN-7439 1 PASS
A I don't know.
D CMP-UNKNOWN-7440
T CMP-UNKNOWN-7440 1 PASS
A I don't know.
D CMP-UNKNOWN-7441
T CMP-UNKNOWN-7441 1 PASS
A I don't know.
D CMP-UNKNOWN-7442
T CMP-UNKNOWN-7442 1 PASS
A I don't know.
D CMP-UNKNOWN-7443
T CMP-UNKNOWN-7443 1 PASS
A I don't know.
D CMP-UNKNOWN-7444
T CMP-UNKNOWN-7444 1 FAIL
A The Eiffel Tower was built in 1889.
X I don't know.
D CMP-UNKNOWN-7445
T CMP-UNKNOWN-7445 1 PASS
A I don't know.
D CMP-UNKNOWN-7446
T CMP-UNKNOWN-7446 1 FAIL
A The Montparnasse Tower was built in 1973.
X I don't know.
D CMP-UNKNOWN-7447
T CMP-UNKNOWN-7447 1 PASS
A I don't know.
D CMP-UNKNOWN-7448
T CMP-UNKNOWN-7448 1 PASS
A I don't know.
D CMP-UNKNOWN-7449
T CMP-UNKNOWN-7449 1 PASS
A I don't know.
D CMP-UNKNOWN-7450
T CMP-UNKNOWN-7450 1 PASS
A I don't know.
D CMP-UNKNOWN-7451
T CMP-UNKNOWN-7451 1 PASS
A I don't know.
D CMP-UNKNOWN-7452
T CMP-UNKNOWN-7452 1 PASS
A I don't know.
D CMP-UNKNOWN-7453
T CMP-UNKNOWN-7453 1 PASS
A I don't know.
D CMP-UNKNOWN-7454
T CMP-UNKNOWN-7454 1 PASS
A I don't know.
D CMP-UNKNOWN-7455
T CMP-UNKNOWN-7455 1 PASS
A I don't know.
D CMP-UNKNOWN-7456
T CMP-UNKNOWN-7456 1 PASS
A I don't know.
D CMP-UNKNOWN-7457
T CMP-UNKNOWN-7457 1 PASS
A I don't know.
D CMP-UNKNOWN-7458
T CMP-UNKNOWN-7458 1 PASS
A I don't know.
D CMP-UNKNOWN-7459
T CMP-UNKNOWN-7459 1 PASS
A I don't know.
D CMP-UNKNOWN-7460
T CMP-UNKNOWN-7460 1 PASS
A I don't know.
D CMP-UNKNOWN-7461
T CMP-UNKNOWN-7461 1 PASS
A I don't know.
D CMP-UNKNOWN-7462
T CMP-UNKNOWN-7462 1 PASS
A I don't know.
D CMP-UNKNOWN-7463
T CMP-UNKNOWN-7463 1 PASS
A I don't know.
D CMP-UNKNOWN-7464
T CMP-UNKNOWN-7464 1 PASS
A I don't know.
D CMP-UNKNOWN-7465
T CMP-UNKNOWN-7465 1 PASS
A I don't know.
D CMP-UNKNOWN-7466
T CMP-UNKNOWN-7466 1 PASS
A I don't know.
D CMP-UNKNOWN-7467
T CMP-UNKNOWN-7467 1 PASS
A I don't know.
D CMP-UNKNOWN-7468
T CMP-UNKNOWN-7468 1 PASS
A I don't know.
D CMP-UNKNOWN-7469
T CMP-UNKNOWN-7469 1 PASS
A I don't know.
D CMP-UNKNOWN-7470
T CMP-UNKNOWN-7470 1 PASS
A I don't know.
D CMP-UNKNOWN-7471
T CMP-UNKNOWN-7471 1 PASS
A I don't know.
D CMP-UNKNOWN-7472
T CMP-UNKNOWN-7472 1 FAIL
A The Eiffel Tower was built in 1889.
X I don't know.
D CMP-UNKNOWN-7473
T CMP-UNKNOWN-7473 1 PASS
A I don't know.
D CMP-UNKNOWN-7474
T CMP-UNKNOWN-7474 1 FAIL
A The Montparnasse Tower was built in 1973.
X I don't know.
D CMP-UNKNOWN-7475
T CMP-UNKNOWN-7475 1 PASS
A I don't know.
D CMP-UNKNOWN-7476
T CMP-UNKNOWN-7476 1 PASS
A I don't know.
D CMP-UNKNOWN-7477
T CMP-UNKNOWN-7477 1 PASS
A I don't know.
D CMP-UNKNOWN-7478
T CMP-UNKNOWN-7478 1 PASS
A I don't know.
D CMP-UNKNOWN-7479
T CMP-UNKNOWN-7479 1 PASS
A I don't know.
D CMP-UNKNOWN-7480
T CMP-UNKNOWN-7480 1 PASS
A I don't know.
D CMP-UNKNOWN-7481
T CMP-UNKNOWN-7481 1 PASS
A I don't know.
D CMP-UNKNOWN-7482
T CMP-UNKNOWN-7482 1 PASS
A I don't know.
D CMP-UNKNOWN-7483
T CMP-UNKNOWN-7483 1 PASS
A I don't know.
D CMP-UNKNOWN-7484
T CMP-UNKNOWN-7484 1 PASS
A I don't know.
D CMP-UNKNOWN-7485
T CMP-UNKNOWN-7485 1 PASS
A I don't know.
D CMP-UNKNOWN-7486
T CMP-UNKNOWN-7486 1 PASS
A I don't know.
D CMP-UNKNOWN-7487
T CMP-UNKNOWN-7487 1 PASS
A I don't know.
D CMP-UNKNOWN-7488
T CMP-UNKNOWN-7488 1 PASS
A I don't know.
D CMP-UNKNOWN-7489
T CMP-UNKNOWN-7489 1 FAIL
A The Eiffel Tower is 330 meters tall.
X I don't know.
D CMP-UNKNOWN-7490
T CMP-UNKNOWN-7490 1 FAIL
A The Eiffel Tower is 330 meters tall.
X I don't know.
D CMP-UNKNOWN-7491
T CMP-UNKNOWN-7491 1 FAIL
A The Montparnasse Tower is 210 meters tall.
X I don't know.
D CMP-UNKNOWN-7492
T CMP-UNKNOWN-7492 1 FAIL
A The Montparnasse Tower is 210 meters tall.
X I don't know.
D CMP-UNKNOWN-7493
T CMP-UNKNOWN-7493 1 FAIL
A The Statue of Liberty is 93 meters tall.
X I don't know.
D CMP-UNKNOWN-7494
T CMP-UNKNOWN-7494 1 FAIL
A The Statue of Liberty is 93 meters tall.
X I don't know.
D CMP-UNKNOWN-7495
T CMP-UNKNOWN-7495 1 FAIL
A Big Ben is 96 meters tall.
X I don't know.
D CMP-UNKNOWN-7496
T CMP-UNKNOWN-7496 1 FAIL
A Big Ben is 96 meters tall.
X I don't know.
D CMP-UNKNOWN-7497
T CMP-UNKNOWN-7497 1 FAIL
A Mount Everest is 8849 meters tall.
X I don't know.
D CMP-UNKNOWN-7498
T CMP-UNKNOWN-7498 1 FAIL
A Mount Everest is 8849 meters tall.
X I don't know.
D CMP-UNKNOWN-7499
T CMP-UNKNOWN-7499 1 FAIL
A The Eiffel Tower is 330 meters tall.
X I don't know.
D CMP-UNKNOWN-7500
T CMP-UNKNOWN-7500 1 FAIL
A The Eiffel Tower is 330 meters tall.
X I don't know.
D CMP-UNKNOWN-7501
T CMP-UNKNOWN-7501 1 FAIL
A The Montparnasse Tower is 210 meters tall.
X I don't know.
D CMP-UNKNOWN-7502
T CMP-UNKNOWN-7502 1 FAIL
A The Montparnasse Tower is 210 meters tall.
X I don't know.
D CMP-UNKNOWN-7503
T CMP-UNKNOWN-7503 1 FAIL
A The Statue of Liberty is 93 meters tall.
X I don't know.
D CMP-UNKNOWN-7504
T CMP-UNKNOWN-7504 1 FAIL
A The Statue of Liberty is 93 meters tall.
X I don't know.
D CMP-UNKNOWN-7505
T CMP-UNKNOWN-7505 1 FAIL
A Big Ben is 96 meters tall.
X I don't know.
D CMP-UNKNOWN-7506
T CMP-UNKNOWN-7506 1 FAIL
A Big Ben is 96 meters tall.
X I don't know.
D CMP-UNKNOWN-7507
T CMP-UNKNOWN-7507 1 FAIL
A Mount Everest is 8849 meters tall.
X I don't know.
D CMP-UNKNOWN-7508
T CMP-UNKNOWN-7508 1 FAIL
A Mount Everest is 8849 meters tall.
X I don't know.
D CMP-UNKNOWN-7509
T CMP-UNKNOWN-7509 1 FAIL
A The Eiffel Tower is 330 meters tall.
X I don't know.
D CMP-UNKNOWN-7510
T CMP-UNKNOWN-7510 1 FAIL
A The Eiffel Tower is 330 meters tall.
X I don't know.
D CMP-UNKNOWN-7511
T CMP-UNKNOWN-7511 1 FAIL
A The Montparnasse Tower is 210 meters tall.
X I don't know.
D CMP-UNKNOWN-7512
T CMP-UNKNOWN-7512 1 FAIL
A The Montparnasse Tower is 210 meters tall.
X I don't know.
D CMP-UNKNOWN-7513
T CMP-UNKNOWN-7513 1 FAIL
A The Statue of Liberty is 93 meters tall.
X I don't know.
D CMP-UNKNOWN-7514
T CMP-UNKNOWN-7514 1 FAIL
A The Statue of Liberty is 93 meters tall.
X I don't know.
D CMP-UNKNOWN-7515
T CMP-UNKNOWN-7515 1 FAIL
A Big Ben is 96 meters tall.
X I don't know.
D CMP-UNKNOWN-7516
T CMP-UNKNOWN-7516 1 FAIL
A Big Ben is 96 meters tall.
X I don't know.
D CMP-UNKNOWN-7517
T CMP-UNKNOWN-7517 1 FAIL
A Mount Everest is 8849 meters tall.
X I don't know.
D CMP-UNKNOWN-7518
T CMP-UNKNOWN-7518 1 FAIL
A Mount Everest is 8849 meters tall.
X I don't know.
D CMP-UNKNOWN-7519
T CMP-UNKNOWN-7519 1 FAIL
A The Eiffel Tower is 330 meters tall.
X I don't know.
D CMP-UNKNOWN-7520
T CMP-UNKNOWN-7520 1 FAIL
A The Eiffel Tower is 330 meters tall.
X I don't know.
D CMP-UNKNOWN-7521
T CMP-UNKNOWN-7521 1 FAIL
A The Montparnasse Tower is 210 meters tall.
X I don't know.
D CMP-UNKNOWN-7522
T CMP-UNKNOWN-7522 1 FAIL
A The Montparnasse Tower is 210 meters tall.
X I don't know.
D CMP-UNKNOWN-7523
T CMP-UNKNOWN-7523 1 FAIL
A The Statue of Liberty is 93 meters tall.
X I don't know.
D CMP-UNKNOWN-7524
T CMP-UNKNOWN-7524 1 FAIL
A The Statue of Liberty is 93 meters tall.
X I don't know.
D CMP-UNKNOWN-7525
T CMP-UNKNOWN-7525 1 FAIL
A Big Ben is 96 meters tall.
X I don't know.
D CMP-UNKNOWN-7526
T CMP-UNKNOWN-7526 1 FAIL
A Big Ben is 96 meters tall.
X I don't know.
D CMP-UNKNOWN-7527
T CMP-UNKNOWN-7527 1 FAIL
A Mount Everest is 8849 meters tall.
X I don't know.
D CMP-UNKNOWN-7528
T CMP-UNKNOWN-7528 1 FAIL
A Mount Everest is 8849 meters tall.
X I don't know.
D CMP-UNKNOWN-7529
T CMP-UNKNOWN-7529 1 FAIL
A The Eiffel Tower is 330 meters tall.
X I don't know.
D CMP-UNKNOWN-7530
T CMP-UNKNOWN-7530 1 FAIL
A The Eiffel Tower is 330 meters tall.
X I don't know.
D CMP-UNKNOWN-7531
T CMP-UNKNOWN-7531 1 FAIL
A The Montparnasse Tower is 210 meters tall.
X I don't know.
D CMP-UNKNOWN-7532
T CMP-UNKNOWN-7532 1 FAIL
A The Montparnasse Tower is 210 meters tall.
X I don't know.
D CMP-UNKNOWN-7533
T CMP-UNKNOWN-7533 1 FAIL
A The Statue of Liberty is 93 meters tall.
X I don't know.
D CMP-UNKNOWN-7534
T CMP-UNKNOWN-7534 1 FAIL
A The Statue of Liberty is 93 meters tall.
X I don't know.
D CMP-UNKNOWN-7535
T CMP-UNKNOWN-7535 1 FAIL
A Big Ben is 96 meters tall.
X I don't know.
D CMP-UNKNOWN-7536
T CMP-UNKNOWN-7536 1 FAIL
A Big Ben is 96 meters tall.
X I don't know.
D CMP-UNKNOWN-7537
T CMP-UNKNOWN-7537 1 FAIL
A Mount Everest is 8849 meters tall.
X I don't know.
D CMP-UNKNOWN-7538
T CMP-UNKNOWN-7538 1 FAIL
A Mount Everest is 8849 meters tall.
X I don't know.
D CMP-UNKNOWN-7539
T CMP-UNKNOWN-7539 1 FAIL
A The Eiffel Tower is 330 meters tall.
X I don't know.
D CMP-UNKNOWN-7540
T CMP-UNKNOWN-7540 1 FAIL
A The Eiffel Tower is 330 meters tall.
X I don't know.
D CMP-UNKNOWN-7541
T CMP-UNKNOWN-7541 1 FAIL
A The Montparnasse Tower is 210 meters tall.
X I don't know.
D CMP-UNKNOWN-7542
T CMP-UNKNOWN-7542 1 FAIL
A The Montparnasse Tower is 210 meters tall.
X I don't know.
D CMP-UNKNOWN-7543
T CMP-UNKNOWN-7543 1 FAIL
A The Statue of Liberty is 93 meters tall.
X I don't know.
D CMP-UNKNOWN-7544
T CMP-UNKNOWN-7544 1 FAIL
A The Statue of Liberty is 93 meters tall.
X I don't know.
D CMP-UNKNOWN-7545
T CMP-UNKNOWN-7545 1 FAIL
A Big Ben is 96 meters tall.
X I don't know.
D CMP-UNKNOWN-7546
T CMP-UNKNOWN-7546 1 FAIL
A Big Ben is 96 meters tall.
X I don't know.
D CMP-UNKNOWN-7547
T CMP-UNKNOWN-7547 1 FAIL
A Mount Everest is 8849 meters tall.
X I don't know.
D CMP-UNKNOWN-7548
T CMP-UNKNOWN-7548 1 FAIL
A Mount Everest is 8849 meters tall.
X I don't know.
D CMP-UNKNOWN-7549
T CMP-UNKNOWN-7549 1 PASS
A I don't know.
D CMP-UNKNOWN-7550
T CMP-UNKNOWN-7550 1 PASS
A I don't know.
D CMP-UNKNOWN-7551
T CMP-UNKNOWN-7551 1 PASS
A I don't know.
D CMP-UNKNOWN-7552
T CMP-UNKNOWN-7552 1 PASS
A I don't know.
D CMP-UNKNOWN-7553
T CMP-UNKNOWN-7553 1 PASS
A I don't know.
D CMP-UNKNOWN-7554
T CMP-UNKNOWN-7554 1 PASS
A I don't know.
D CMP-UNKNOWN-7555
T CMP-UNKNOWN-7555 1 PASS
A I don't know.
D CMP-UNKNOWN-7556
T CMP-UNKNOWN-7556 1 PASS
A I don't know.
D CMP-UNKNOWN-7557
T CMP-UNKNOWN-7557 1 PASS
A I don't know.
D CMP-UNKNOWN-7558
T CMP-UNKNOWN-7558 1 PASS
A I don't know.
D CMP-UNKNOWN-7559
T CMP-UNKNOWN-7559 1 PASS
A I don't know.
D CMP-UNKNOWN-7560
T CMP-UNKNOWN-7560 1 FAIL
A The Eiffel Tower was built in 1889.
X I don't know.
D CMP-UNKNOWN-7561
T CMP-UNKNOWN-7561 1 PASS
A I don't know.
D CMP-UNKNOWN-7562
T CMP-UNKNOWN-7562 1 FAIL
A The Montparnasse Tower was built in 1973.
X I don't know.
D CMP-UNKNOWN-7563
T CMP-UNKNOWN-7563 1 PASS
A I don't know.
D CMP-UNKNOWN-7564
T CMP-UNKNOWN-7564 1 PASS
A I don't know.
D CMP-UNKNOWN-7565
T CMP-UNKNOWN-7565 1 PASS
A I don't know.
D CMP-UNKNOWN-7566
T CMP-UNKNOWN-7566 1 PASS
A I don't know.
D CMP-UNKNOWN-7567
T CMP-UNKNOWN-7567 1 PASS
A I don't know.
D CMP-UNKNOWN-7568
T CMP-UNKNOWN-7568 1 PASS
A I don't know.
D CMP-UNKNOWN-7569
T CMP-UNKNOWN-7569 1 PASS
A I don't know.
D CMP-UNKNOWN-7570
T CMP-UNKNOWN-7570 1 PASS
A I don't know.
D CMP-UNKNOWN-7571
T CMP-UNKNOWN-7571 1 PASS
A I don't know.
D CMP-UNKNOWN-7572
T CMP-UNKNOWN-7572 1 PASS
A I don't know.
D CMP-UNKNOWN-7573
T CMP-UNKNOWN-7573 1 PASS
A I don't know.
D CMP-UNKNOWN-7574
T CMP-UNKNOWN-7574 1 PASS
A I don't know.
D CMP-UNKNOWN-7575
T CMP-UNKNOWN-7575 1 PASS
A I don't know.
D CMP-UNKNOWN-7576
T CMP-UNKNOWN-7576 1 PASS
A I don't know.
D CMP-UNKNOWN-7577
T CMP-UNKNOWN-7577 1 PASS
A I don't know.
D CMP-UNKNOWN-7578
T CMP-UNKNOWN-7578 1 PASS
A I don't know.
D CMP-UNKNOWN-7579
T CMP-UNKNOWN-7579 1 PASS
A I don't know.
D CMP-UNKNOWN-7580
T CMP-UNKNOWN-7580 1 PASS
A I don't know.
D CMP-UNKNOWN-7581
T CMP-UNKNOWN-7581 1 PASS
A I don't know.
D CMP-UNKNOWN-7582
T CMP-UNKNOWN-7582 1 PASS
A I don't know.
D CMP-UNKNOWN-7583
T CMP-UNKNOWN-7583 1 PASS
A I don't know.
D CMP-UNKNOWN-7584
T CMP-UNKNOWN-7584 1 PASS
A I don't know.
D CMP-UNKNOWN-7585
T CMP-UNKNOWN-7585 1 PASS
A I don't know.
D CMP-UNKNOWN-7586
T CMP-UNKNOWN-7586 1 PASS
A I don't know.
D CMP-UNKNOWN-7587
T CMP-UNKNOWN-7587 1 PASS
A I don't know.
D CMP-UNKNOWN-7588
T CMP-UNKNOWN-7588 1 FAIL
A The Eiffel Tower was built in 1889.
X I don't know.
D CMP-UNKNOWN-7589
T CMP-UNKNOWN-7589 1 PASS
A I don't know.
D CMP-UNKNOWN-7590
T CMP-UNKNOWN-7590 1 FAIL
A The Montparnasse Tower was built in 1973.
X I don't know.
D CMP-UNKNOWN-7591
T CMP-UNKNOWN-7591 1 PASS
A I don't know.
D CMP-UNKNOWN-7592
T CMP-UNKNOWN-7592 1 PASS
A I don't know.
D CMP-UNKNOWN-7593
T CMP-UNKNOWN-7593 1 PASS
A I don't know.
D CMP-UNKNOWN-7594
T CMP-UNKNOWN-7594 1 PASS
A I don't know.
D CMP-UNKNOWN-7595
T CMP-UNKNOWN-7595 1 PASS
A I don't know.
D CMP-UNKNOWN-7596
T CMP-UNKNOWN-7596 1 PASS
A I don't know.
D CMP-UNKNOWN-7597
T CMP-UNKNOWN-7597 1 PASS
A I don't know.
D CMP-UNKNOWN-7598
T CMP-UNKNOWN-7598 1 PASS
A I don't know.
D CMP-UNKNOWN-7599
T CMP-UNKNOWN-7599 1 PASS
A I don't know.
D CMP-UNKNOWN-7600
T CMP-UNKNOWN-7600 1 PASS
A I don't know.
D CMP-UNKNOWN-7601
T CMP-UNKNOWN-7601 1 PASS
A I don't know.
D CMP-UNKNOWN-7602
T CMP-UNKNOWN-7602 1 PASS
A I don't know.
D CMP-UNKNOWN-7603
T CMP-UNKNOWN-7603 1 PASS
A I don't know.
D CMP-UNKNOWN-7604
T CMP-UNKNOWN-7604 1 PASS
A I don't know.
D CMP-UNKNOWN-7605
T CMP-UNKNOWN-7605 1 PASS
A I don't know.
D CMP-UNKNOWN-7606
T CMP-UNKNOWN-7606 1 PASS
A I don't know.
D CMP-UNKNOWN-7607
T CMP-UNKNOWN-7607 1 PASS
A I don't know.
D CMP-UNKNOWN-7608
T CMP-UNKNOWN-7608 1 PASS
A I don't know.
D CMP-UNKNOWN-7609
T CMP-UNKNOWN-7609 1 PASS
A I don't know.
D CMP-UNKNOWN-7610
T CMP-UNKNOWN-7610 1 PASS
A I don't know.
D CMP-UNKNOWN-7611
T CMP-UNKNOWN-7611 1 PASS
A I don't know.
D CMP-UNKNOWN-7612
T CMP-UNKNOWN-7612 1 PASS
A I don't know.
D CMP-UNKNOWN-7613
T CMP-UNKNOWN-7613 1 PASS
A I don't know.
D CMP-UNKNOWN-7614
T CMP-UNKNOWN-7614 1 PASS
A I don't know.
D CMP-UNKNOWN-7615
T CMP-UNKNOWN-7615 1 PASS
A I don't know.
D CMP-UNKNOWN-7616
T CMP-UNKNOWN-7616 1 FAIL
A The Eiffel Tower was built in 1889.
X I don't know.
D CMP-UNKNOWN-7617
T CMP-UNKNOWN-7617 1 PASS
A I don't know.
D CMP-UNKNOWN-7618
T CMP-UNKNOWN-7618 1 FAIL
A The Montparnasse Tower was built in 1973.
X I don't know.
D CMP-UNKNOWN-7619
T CMP-UNKNOWN-7619 1 PASS
A I don't know.
D CMP-UNKNOWN-7620
T CMP-UNKNOWN-7620 1 PASS
A I don't know.
D CMP-UNKNOWN-7621
T CMP-UNKNOWN-7621 1 PASS
A I don't know.
D CMP-UNKNOWN-7622
T CMP-UNKNOWN-7622 1 PASS
A I don't know.
D CMP-UNKNOWN-7623
T CMP-UNKNOWN-7623 1 PASS
A I don't know.
D CMP-UNKNOWN-7624
T CMP-UNKNOWN-7624 1 PASS
A I don't know.
D CMP-UNKNOWN-7625
T CMP-UNKNOWN-7625 1 PASS
A I don't know.
D CMP-UNKNOWN-7626
T CMP-UNKNOWN-7626 1 PASS
A I don't know.
D CMP-UNKNOWN-7627
T CMP-UNKNOWN-7627 1 PASS
A I don't know.
D CMP-UNKNOWN-7628
T CMP-UNKNOWN-7628 1 PASS
A I don't know.
D CMP-UNKNOWN-7629
T CMP-UNKNOWN-7629 1 PASS
A I don't know.
D CMP-UNKNOWN-7630
T CMP-UNKNOWN-7630 1 PASS
A I don't know.
D CMP-UNKNOWN-7631
T CMP-UNKNOWN-7631 1 PASS
A I don't know.
D CMP-UNKNOWN-7632
T CMP-UNKNOWN-7632 1 PASS
A I don't know.
D CMP-UNKNOWN-7633
T CMP-UNKNOWN-7633 1 FAIL
A The Eiffel Tower is 330 meters tall.
X I don't know.
D CMP-UNKNOWN-7634
T CMP-UNKNOWN-7634 1 FAIL
A The Eiffel Tower is 330 meters tall.
X I don't know.
D CMP-UNKNOWN-7635
T CMP-UNKNOWN-7635 1 FAIL
A The Montparnasse Tower is 210 meters tall.
X I don't know.
D CMP-UNKNOWN-7636
T CMP-UNKNOWN-7636 1 FAIL
A The Montparnasse Tower is 210 meters tall.
X I don't know.
D CMP-UNKNOWN-7637
T CMP-UNKNOWN-7637 1 FAIL
A The Statue of Liberty is 93 meters tall.
X I don't know.
D CMP-UNKNOWN-7638
T CMP-UNKNOWN-7638 1 FAIL
A The Statue of Liberty is 93 meters tall.
X I don't know.
D CMP-UNKNOWN-7639
T CMP-UNKNOWN-7639 1 FAIL
A Big Ben is 96 meters tall.
X I don't know.
D CMP-UNKNOWN-7640
T CMP-UNKNOWN-7640 1 FAIL
A Big Ben is 96 meters tall.
X I don't know.
D CMP-UNKNOWN-7641
T CMP-UNKNOWN-7641 1 FAIL
A Mount Everest is 8849 meters tall.
X I don't know.
D CMP-UNKNOWN-7642
T CMP-UNKNOWN-7642 1 FAIL
A Mount Everest is 8849 meters tall.
X I don't know.
D CMP-UNKNOWN-7643
T CMP-UNKNOWN-7643 1 FAIL
A The Eiffel Tower is 330 meters tall.
X I don't know.
D CMP-UNKNOWN-7644
T CMP-UNKNOWN-7644 1 FAIL
A The Eiffel Tower is 330 meters tall.
X I don't know.
D CMP-UNKNOWN-7645
T CMP-UNKNOWN-7645 1 FAIL
A The Montparnasse Tower is 210 meters tall.
X I don't know.
D CMP-UNKNOWN-7646
T CMP-UNKNOWN-7646 1 FAIL
A The Montparnasse Tower is 210 meters tall.
X I don't know.
D CMP-UNKNOWN-7647
T CMP-UNKNOWN-7647 1 FAIL
A The Statue of Liberty is 93 meters tall.
X I don't know.
D CMP-UNKNOWN-7648
T CMP-UNKNOWN-7648 1 FAIL
A The Statue of Liberty is 93 meters tall.
X I don't know.
D CMP-UNKNOWN-7649
T CMP-UNKNOWN-7649 1 FAIL
A Big Ben is 96 meters tall.
X I don't know.
D CMP-UNKNOWN-7650
T CMP-UNKNOWN-7650 1 FAIL
A Big Ben is 96 meters tall.
X I don't know.
D CMP-UNKNOWN-7651
T CMP-UNKNOWN-7651 1 FAIL
A Mount Everest is 8849 meters tall.
X I don't know.
D CMP-UNKNOWN-7652
T CMP-UNKNOWN-7652 1 FAIL
A Mount Everest is 8849 meters tall.
X I don't know.
D CMP-UNKNOWN-7653
T CMP-UNKNOWN-7653 1 FAIL
A The Eiffel Tower is 330 meters tall.
X I don't know.
D CMP-UNKNOWN-7654
T CMP-UNKNOWN-7654 1 FAIL
A The Eiffel Tower is 330 meters tall.
X I don't know.
D CMP-UNKNOWN-7655
T CMP-UNKNOWN-7655 1 FAIL
A The Montparnasse Tower is 210 meters tall.
X I don't know.
D CMP-UNKNOWN-7656
T CMP-UNKNOWN-7656 1 FAIL
A The Montparnasse Tower is 210 meters tall.
X I don't know.
D CMP-UNKNOWN-7657
T CMP-UNKNOWN-7657 1 FAIL
A The Statue of Liberty is 93 meters tall.
X I don't know.
D CMP-UNKNOWN-7658
T CMP-UNKNOWN-7658 1 FAIL
A The Statue of Liberty is 93 meters tall.
X I don't know.
D CMP-UNKNOWN-7659
T CMP-UNKNOWN-7659 1 FAIL
A Big Ben is 96 meters tall.
X I don't know.
D CMP-UNKNOWN-7660
T CMP-UNKNOWN-7660 1 FAIL
A Big Ben is 96 meters tall.
X I don't know.
D CMP-UNKNOWN-7661
T CMP-UNKNOWN-7661 1 FAIL
A Mount Everest is 8849 meters tall.
X I don't know.
D CMP-UNKNOWN-7662
T CMP-UNKNOWN-7662 1 FAIL
A Mount Everest is 8849 meters tall.
X I don't know.
D CMP-UNKNOWN-7663
T CMP-UNKNOWN-7663 1 FAIL
A The Eiffel Tower is 330 meters tall.
X I don't know.
D CMP-UNKNOWN-7664
T CMP-UNKNOWN-7664 1 FAIL
A The Eiffel Tower is 330 meters tall.
X I don't know.
D CMP-UNKNOWN-7665
T CMP-UNKNOWN-7665 1 FAIL
A The Montparnasse Tower is 210 meters tall.
X I don't know.
D CMP-UNKNOWN-7666
T CMP-UNKNOWN-7666 1 FAIL
A The Montparnasse Tower is 210 meters tall.
X I don't know.
D CMP-UNKNOWN-7667
T CMP-UNKNOWN-7667 1 FAIL
A The Statue of Liberty is 93 meters tall.
X I don't know.
D CMP-UNKNOWN-7668
T CMP-UNKNOWN-7668 1 FAIL
A The Statue of Liberty is 93 meters tall.
X I don't know.
D CMP-UNKNOWN-7669
T CMP-UNKNOWN-7669 1 FAIL
A Big Ben is 96 meters tall.
X I don't know.
D CMP-UNKNOWN-7670
T CMP-UNKNOWN-7670 1 FAIL
A Big Ben is 96 meters tall.
X I don't know.
D CMP-UNKNOWN-7671
T CMP-UNKNOWN-7671 1 FAIL
A Mount Everest is 8849 meters tall.
X I don't know.
D CMP-UNKNOWN-7672
T CMP-UNKNOWN-7672 1 FAIL
A Mount Everest is 8849 meters tall.
X I don't know.
D CMP-UNKNOWN-7673
T CMP-UNKNOWN-7673 1 FAIL
A The Eiffel Tower is 330 meters tall.
X I don't know.
D CMP-UNKNOWN-7674
T CMP-UNKNOWN-7674 1 FAIL
A The Eiffel Tower is 330 meters tall.
X I don't know.
D CMP-UNKNOWN-7675
T CMP-UNKNOWN-7675 1 FAIL
A The Montparnasse Tower is 210 meters tall.
X I don't know.
D CMP-UNKNOWN-7676
T CMP-UNKNOWN-7676 1 FAIL
A The Montparnasse Tower is 210 meters tall.
X I don't know.
D CMP-UNKNOWN-7677
T CMP-UNKNOWN-7677 1 FAIL
A The Statue of Liberty is 93 meters tall.
X I don't know.
D CMP-UNKNOWN-7678
T CMP-UNKNOWN-7678 1 FAIL
A The Statue of Liberty is 93 meters tall.
X I don't know.
D CMP-UNKNOWN-7679
T CMP-UNKNOWN-7679 1 FAIL
A Big Ben is 96 meters tall.
X I don't know.
D CMP-UNKNOWN-7680
T CMP-UNKNOWN-7680 1 FAIL
A Big Ben is 96 meters tall.
X I don't know.
D CMP-UNKNOWN-7681
T CMP-UNKNOWN-7681 1 FAIL
A Mount Everest is 8849 meters tall.
X I don't know.
D CMP-UNKNOWN-7682
T CMP-UNKNOWN-7682 1 FAIL
A Mount Everest is 8849 meters tall.
X I don't know.
D CMP-UNKNOWN-7683
T CMP-UNKNOWN-7683 1 FAIL
A The Eiffel Tower is 330 meters tall.
X I don't know.
D CMP-UNKNOWN-7684
T CMP-UNKNOWN-7684 1 FAIL
A The Eiffel Tower is 330 meters tall.
X I don't know.
D CMP-UNKNOWN-7685
T CMP-UNKNOWN-7685 1 FAIL
A The Montparnasse Tower is 210 meters tall.
X I don't know.
D CMP-UNKNOWN-7686
T CMP-UNKNOWN-7686 1 FAIL
A The Montparnasse Tower is 210 meters tall.
X I don't know.
D CMP-UNKNOWN-7687
T CMP-UNKNOWN-7687 1 FAIL
A The Statue of Liberty is 93 meters tall.
X I don't know.
D CMP-UNKNOWN-7688
T CMP-UNKNOWN-7688 1 FAIL
A The Statue of Liberty is 93 meters tall.
X I don't know.
D CMP-UNKNOWN-7689
T CMP-UNKNOWN-7689 1 FAIL
A Big Ben is 96 meters tall.
X I don't know.
D CMP-UNKNOWN-7690
T CMP-UNKNOWN-7690 1 FAIL
A Big Ben is 96 meters tall.
X I don't know.
D CMP-UNKNOWN-7691
T CMP-UNKNOWN-7691 1 FAIL
A Mount Everest is 8849 meters tall.
X I don't know.
D CMP-UNKNOWN-7692
T CMP-UNKNOWN-7692 1 FAIL
A Mount Everest is 8849 meters tall.
X I don't know.
D CMP-UNKNOWN-7693
T CMP-UNKNOWN-7693 1 PASS
A I don't know.
D CMP-UNKNOWN-7694
T CMP-UNKNOWN-7694 1 PASS
A I don't know.
D CMP-UNKNOWN-7695
T CMP-UNKNOWN-7695 1 PASS
A I don't know.
D CMP-UNKNOWN-7696
T CMP-UNKNOWN-7696 1 PASS
A I don't know.
D CMP-UNKNOWN-7697
T CMP-UNKNOWN-7697 1 PASS
A I don't know.
D CMP-UNKNOWN-7698
T CMP-UNKNOWN-7698 1 PASS
A I don't know.
D CMP-UNKNOWN-7699
T CMP-UNKNOWN-7699 1 PASS
A I don't know.
D CMP-UNKNOWN-7700
T CMP-UNKNOWN-7700 1 PASS
A I don't know.
D CMP-UNKNOWN-7701
T CMP-UNKNOWN-7701 1 PASS
A I don't know.
D CMP-UNKNOWN-7702
T CMP-UNKNOWN-7702 1 PASS
A I don't know.
D CMP-UNKNOWN-7703
T CMP-UNKNOWN-7703 1 PASS
A I don't know.
D CMP-UNKNOWN-7704
T CMP-UNKNOWN-7704 1 FAIL
A The Eiffel Tower was built in 1889.
X I don't know.
D CMP-UNKNOWN-7705
T CMP-UNKNOWN-7705 1 PASS
A I don't know.
D CMP-UNKNOWN-7706
T CMP-UNKNOWN-7706 1 FAIL
A The Montparnasse Tower was built in 1973.
X I don't know.
D CMP-UNKNOWN-7707
T CMP-UNKNOWN-7707 1 PASS
A I don't know.
D CMP-UNKNOWN-7708
T CMP-UNKNOWN-7708 1 PASS
A I don't know.
D CMP-UNKNOWN-7709
T CMP-UNKNOWN-7709 1 PASS
A I don't know.
D CMP-UNKNOWN-7710
T CMP-UNKNOWN-7710 1 PASS
A I don't know.
D CMP-UNKNOWN-7711
T CMP-UNKNOWN-7711 1 PASS
A I don't know.
D CMP-UNKNOWN-7712
T CMP-UNKNOWN-7712 1 PASS
A I don't know.
D CMP-UNKNOWN-7713
T CMP-UNKNOWN-7713 1 PASS
A I don't know.
D CMP-UNKNOWN-7714
T CMP-UNKNOWN-7714 1 PASS
A I don't know.
D CMP-UNKNOWN-7715
T CMP-UNKNOWN-7715 1 PASS
A I don't know.
D CMP-UNKNOWN-7716
T CMP-UNKNOWN-7716 1 PASS
A I don't know.
D CMP-UNKNOWN-7717
T CMP-UNKNOWN-7717 1 PASS
A I don't know.
D CMP-UNKNOWN-7718
T CMP-UNKNOWN-7718 1 PASS
A I don't know.
D CMP-UNKNOWN-7719
T CMP-UNKNOWN-7719 1 PASS
A I don't know.
D CMP-UNKNOWN-7720
T CMP-UNKNOWN-7720 1 PASS
A I don't know.
D CMP-UNKNOWN-7721
T CMP-UNKNOWN-7721 1 PASS
A I don't know.
D CMP-UNKNOWN-7722
T CMP-UNKNOWN-7722 1 PASS
A I don't know.
D CMP-UNKNOWN-7723
T CMP-UNKNOWN-7723 1 PASS
A I don't know.
D CMP-UNKNOWN-7724
T CMP-UNKNOWN-7724 1 PASS
A I don't know.
D CMP-UNKNOWN-7725
T CMP-UNKNOWN-7725 1 PASS
A I don't know.
D CMP-UNKNOWN-7726
T CMP-UNKNOWN-7726 1 PASS
A I don't know.
D CMP-UNKNOWN-7727
T CMP-UNKNOWN-7727 1 PASS
A I don't know.
D CMP-UNKNOWN-7728
T CMP-UNKNOWN-7728 1 PASS
A I don't know.
D CMP-UNKNOWN-7729
T CMP-UNKNOWN-7729 1 PASS
A I don't know.
D CMP-UNKNOWN-7730
T CMP-UNKNOWN-7730 1 PASS
A I don't know.
D CMP-UNKNOWN-7731
T CMP-UNKNOWN-7731 1 PASS
A I don't know.
D CMP-UNKNOWN-7732
T CMP-UNKNOWN-7732 1 FAIL
A The Eiffel Tower was built in 1889.
X I don't know.
D CMP-UNKNOWN-7733
T CMP-UNKNOWN-7733 1 PASS
A I don't know.
D CMP-UNKNOWN-7734
T CMP-UNKNOWN-7734 1 FAIL
A The Montparnasse Tower was built in 1973.
X I don't know.
D CMP-UNKNOWN-7735
T CMP-UNKNOWN-7735 1 PASS
A I don't know.
D CMP-UNKNOWN-7736
T CMP-UNKNOWN-7736 1 PASS
A I don't know.
D CMP-UNKNOWN-7737
T CMP-UNKNOWN-7737 1 PASS
A I don't know.
D CMP-UNKNOWN-7738
T CMP-UNKNOWN-7738 1 PASS
A I don't know.
D CMP-UNKNOWN-7739
T CMP-UNKNOWN-7739 1 PASS
A I don't know.
D CMP-UNKNOWN-7740
T CMP-UNKNOWN-7740 1 PASS
A I don't know.
D CMP-UNKNOWN-7741
T CMP-UNKNOWN-7741 1 PASS
A I don't know.
D CMP-UNKNOWN-7742
T CMP-UNKNOWN-7742 1 PASS
A I don't know.
D CMP-UNKNOWN-7743
T CMP-UNKNOWN-7743 1 PASS
A I don't know.
D CMP-UNKNOWN-7744
T CMP-UNKNOWN-7744 1 PASS
A I don't know.
D CMP-UNKNOWN-7745
T CMP-UNKNOWN-7745 1 PASS
A I don't know.
D CMP-UNKNOWN-7746
T CMP-UNKNOWN-7746 1 PASS
A I don't know.
D CMP-UNKNOWN-7747
T CMP-UNKNOWN-7747 1 PASS
A I don't know.
D CMP-UNKNOWN-7748
T CMP-UNKNOWN-7748 1 PASS
A I don't know.
D CMP-UNKNOWN-7749
T CMP-UNKNOWN-7749 1 PASS
A I don't know.
D CMP-UNKNOWN-7750
T CMP-UNKNOWN-7750 1 PASS
A I don't know.
D CMP-UNKNOWN-7751
T CMP-UNKNOWN-7751 1 PASS
A I don't know.
D CMP-UNKNOWN-7752
T CMP-UNKNOWN-7752 1 PASS
A I don't know.
D CMP-UNKNOWN-7753
T CMP-UNKNOWN-7753 1 PASS
A I don't know.
D CMP-UNKNOWN-7754
T CMP-UNKNOWN-7754 1 PASS
A I don't know.
D CMP-UNKNOWN-7755
T CMP-UNKNOWN-7755 1 PASS
A I don't know.
D CMP-UNKNOWN-7756
T CMP-UNKNOWN-7756 1 PASS
A I don't know.
D CMP-UNKNOWN-7757
T CMP-UNKNOWN-7757 1 PASS
A I don't know.
D CMP-UNKNOWN-7758
T CMP-UNKNOWN-7758 1 PASS
A I don't know.
D CMP-UNKNOWN-7759
T CMP-UNKNOWN-7759 1 PASS
A I don't know.
D CMP-UNKNOWN-7760
T CMP-UNKNOWN-7760 1 FAIL
A The Eiffel Tower was built in 1889.
X I don't know.
D CMP-UNKNOWN-7761
T CMP-UNKNOWN-7761 1 PASS
A I don't know.
D CMP-UNKNOWN-7762
T CMP-UNKNOWN-7762 1 FAIL
A The Montparnasse Tower was built in 1973.
X I don't know.
D CMP-UNKNOWN-7763
T CMP-UNKNOWN-7763 1 PASS
A I don't know.
D CMP-UNKNOWN-7764
T CMP-UNKNOWN-7764 1 PASS
A I don't know.
D CMP-UNKNOWN-7765
T CMP-UNKNOWN-7765 1 PASS
A I don't know.
D CMP-UNKNOWN-7766
T CMP-UNKNOWN-7766 1 PASS
A I don't know.
D CMP-UNKNOWN-7767
T CMP-UNKNOWN-7767 1 PASS
A I don't know.
D CMP-UNKNOWN-7768
T CMP-UNKNOWN-7768 1 PASS
A I don't know.
D CMP-UNKNOWN-7769
T CMP-UNKNOWN-7769 1 PASS
A I don't know.
D CMP-UNKNOWN-7770
T CMP-UNKNOWN-7770 1 PASS
A I don't know.
D CMP-UNKNOWN-7771
T CMP-UNKNOWN-7771 1 PASS
A I don't know.
D CMP-UNKNOWN-7772
T CMP-UNKNOWN-7772 1 PASS
A I don't know.
D CMP-UNKNOWN-7773
T CMP-UNKNOWN-7773 1 PASS
A I don't know.
D CMP-UNKNOWN-7774
T CMP-UNKNOWN-7774 1 PASS
A I don't know.
D CMP-UNKNOWN-7775
T CMP-UNKNOWN-7775 1 PASS
A I don't know.
D CMP-UNKNOWN-7776
T CMP-UNKNOWN-7776 1 PASS
A I don't know.
D CMP-UNKNOWN-7777
T CMP-UNKNOWN-7777 1 FAIL
A The Eiffel Tower is 330 meters tall.
X I don't know.
D CMP-UNKNOWN-7778
T CMP-UNKNOWN-7778 1 FAIL
A The Eiffel Tower is 330 meters tall.
X I don't know.
D CMP-UNKNOWN-7779
T CMP-UNKNOWN-7779 1 FAIL
A The Montparnasse Tower is 210 meters tall.
X I don't know.
D CMP-UNKNOWN-7780
T CMP-UNKNOWN-7780 1 FAIL
A The Montparnasse Tower is 210 meters tall.
X I don't know.
D CMP-UNKNOWN-7781
T CMP-UNKNOWN-7781 1 FAIL
A The Statue of Liberty is 93 meters tall.
X I don't know.
D CMP-UNKNOWN-7782
T CMP-UNKNOWN-7782 1 FAIL
A The Statue of Liberty is 93 meters tall.
X I don't know.
D CMP-UNKNOWN-7783
T CMP-UNKNOWN-7783 1 FAIL
A Big Ben is 96 meters tall.
X I don't know.
D CMP-UNKNOWN-7784
T CMP-UNKNOWN-7784 1 FAIL
A Big Ben is 96 meters tall.
X I don't know.
D CMP-UNKNOWN-7785
T CMP-UNKNOWN-7785 1 FAIL
A Mount Everest is 8849 meters tall.
X I don't know.
D CMP-UNKNOWN-7786
T CMP-UNKNOWN-7786 1 FAIL
A Mount Everest is 8849 meters tall.
X I don't know.
D CMP-UNKNOWN-7787
T CMP-UNKNOWN-7787 1 FAIL
A The Eiffel Tower is 330 meters tall.
X I don't know.
D CMP-UNKNOWN-7788
T CMP-UNKNOWN-7788 1 FAIL
A The Eiffel Tower is 330 meters tall.
X I don't know.
D CMP-UNKNOWN-7789
T CMP-UNKNOWN-7789 1 FAIL
A The Montparnasse Tower is 210 meters tall.
X I don't know.
D CMP-UNKNOWN-7790
T CMP-UNKNOWN-7790 1 FAIL
A The Montparnasse Tower is 210 meters tall.
X I don't know.
D CMP-UNKNOWN-7791
T CMP-UNKNOWN-7791 1 FAIL
A The Statue of Liberty is 93 meters tall.
X I don't know.
D CMP-UNKNOWN-7792
T CMP-UNKNOWN-7792 1 FAIL
A The Statue of Liberty is 93 meters tall.
X I don't know.
D CMP-UNKNOWN-7793
T CMP-UNKNOWN-7793 1 FAIL
A Big Ben is 96 meters tall.
X I don't know.
D CMP-UNKNOWN-7794
T CMP-UNKNOWN-7794 1 FAIL
A Big Ben is 96 meters tall.
X I don't know.
D CMP-UNKNOWN-7795
T CMP-UNKNOWN-7795 1 FAIL
A Mount Everest is 8849 meters tall.
X I don't know.
D CMP-UNKNOWN-7796
T CMP-UNKNOWN-7796 1 FAIL
A Mount Everest is 8849 meters tall.
X I don't know.
D CMP-UNKNOWN-7797
T CMP-UNKNOWN-7797 1 FAIL
A The Eiffel Tower is 330 meters tall.
X I don't know.
D CMP-UNKNOWN-7798
T CMP-UNKNOWN-7798 1 FAIL
A The Eiffel Tower is 330 meters tall.
X I don't know.
D CMP-UNKNOWN-7799
T CMP-UNKNOWN-7799 1 FAIL
A The Montparnasse Tower is 210 meters tall.
X I don't know.
D CMP-UNKNOWN-7800
T CMP-UNKNOWN-7800 1 FAIL
A The Montparnasse Tower is 210 meters tall.
X I don't know.
D CMP-UNKNOWN-7801
T CMP-UNKNOWN-7801 1 FAIL
A The Statue of Liberty is 93 meters tall.
X I don't know.
D CMP-UNKNOWN-7802
T CMP-UNKNOWN-7802 1 FAIL
A The Statue of Liberty is 93 meters tall.
X I don't know.
D CMP-UNKNOWN-7803
T CMP-UNKNOWN-7803 1 FAIL
A Big Ben is 96 meters tall.
X I don't know.
D CMP-UNKNOWN-7804
T CMP-UNKNOWN-7804 1 FAIL
A Big Ben is 96 meters tall.
X I don't know.
D CMP-UNKNOWN-7805
T CMP-UNKNOWN-7805 1 FAIL
A Mount Everest is 8849 meters tall.
X I don't know.
D CMP-UNKNOWN-7806
T CMP-UNKNOWN-7806 1 FAIL
A Mount Everest is 8849 meters tall.
X I don't know.
D CMP-UNKNOWN-7807
T CMP-UNKNOWN-7807 1 FAIL
A The Eiffel Tower is 330 meters tall.
X I don't know.
D CMP-UNKNOWN-7808
T CMP-UNKNOWN-7808 1 FAIL
A The Eiffel Tower is 330 meters tall.
X I don't know.
D CMP-UNKNOWN-7809
T CMP-UNKNOWN-7809 1 FAIL
A The Montparnasse Tower is 210 meters tall.
X I don't know.
D CMP-UNKNOWN-7810
T CMP-UNKNOWN-7810 1 FAIL
A The Montparnasse Tower is 210 meters tall.
X I don't know.
D CMP-UNKNOWN-7811
T CMP-UNKNOWN-7811 1 FAIL
A The Statue of Liberty is 93 meters tall.
X I don't know.
D CMP-UNKNOWN-7812
T CMP-UNKNOWN-7812 1 FAIL
A The Statue of Liberty is 93 meters tall.
X I don't know.
D CMP-UNKNOWN-7813
T CMP-UNKNOWN-7813 1 FAIL
A Big Ben is 96 meters tall.
X I don't know.
D CMP-UNKNOWN-7814
T CMP-UNKNOWN-7814 1 FAIL
A Big Ben is 96 meters tall.
X I don't know.
D CMP-UNKNOWN-7815
T CMP-UNKNOWN-7815 1 FAIL
A Mount Everest is 8849 meters tall.
X I don't know.
D CMP-UNKNOWN-7816
T CMP-UNKNOWN-7816 1 FAIL
A Mount Everest is 8849 meters tall.
X I don't know.
D CMP-UNKNOWN-7817
T CMP-UNKNOWN-7817 1 FAIL
A The Eiffel Tower is 330 meters tall.
X I don't know.
D CMP-UNKNOWN-7818
T CMP-UNKNOWN-7818 1 FAIL
A The Eiffel Tower is 330 meters tall.
X I don't know.
D CMP-UNKNOWN-7819
T CMP-UNKNOWN-7819 1 FAIL
A The Montparnasse Tower is 210 meters tall.
X I don't know.
D CMP-UNKNOWN-7820
T CMP-UNKNOWN-7820 1 FAIL
A The Montparnasse Tower is 210 meters tall.
X I don't know.
D CMP-UNKNOWN-7821
T CMP-UNKNOWN-7821 1 FAIL
A The Statue of Liberty is 93 meters tall.
X I don't know.
D CMP-UNKNOWN-7822
T CMP-UNKNOWN-7822 1 FAIL
A The Statue of Liberty is 93 meters tall.
X I don't know.
D CMP-UNKNOWN-7823
T CMP-UNKNOWN-7823 1 FAIL
A Big Ben is 96 meters tall.
X I don't know.
D CMP-UNKNOWN-7824
T CMP-UNKNOWN-7824 1 FAIL
A Big Ben is 96 meters tall.
X I don't know.
D CMP-UNKNOWN-7825
T CMP-UNKNOWN-7825 1 FAIL
A Mount Everest is 8849 meters tall.
X I don't know.
D CMP-UNKNOWN-7826
T CMP-UNKNOWN-7826 1 FAIL
A Mount Everest is 8849 meters tall.
X I don't know.
D CMP-UNKNOWN-7827
T CMP-UNKNOWN-7827 1 FAIL
A The Eiffel Tower is 330 meters tall.
X I don't know.
D CMP-UNKNOWN-7828
T CMP-UNKNOWN-7828 1 FAIL
A The Eiffel Tower is 330 meters tall.
X I don't know.
D CMP-UNKNOWN-7829
T CMP-UNKNOWN-7829 1 FAIL
A The Montparnasse Tower is 210 meters tall.
X I don't know.
D CMP-UNKNOWN-7830
T CMP-UNKNOWN-7830 1 FAIL
A The Montparnasse Tower is 210 meters tall.
X I don't know.
D CMP-UNKNOWN-7831
T CMP-UNKNOWN-7831 1 FAIL
A The Statue of Liberty is 93 meters tall.
X I don't know.
D CMP-UNKNOWN-7832
T CMP-UNKNOWN-7832 1 FAIL
A The Statue of Liberty is 93 meters tall.
X I don't know.
D CMP-UNKNOWN-7833
T CMP-UNKNOWN-7833 1 FAIL
A Big Ben is 96 meters tall.
X I don't know.
D CMP-UNKNOWN-7834
T CMP-UNKNOWN-7834 1 FAIL
A Big Ben is 96 meters tall.
X I don't know.
D CMP-UNKNOWN-7835
T CMP-UNKNOWN-7835 1 FAIL
A Mount Everest is 8849 meters tall.
X I don't know.
D CMP-UNKNOWN-7836
T CMP-UNKNOWN-7836 1 FAIL
A Mount Everest is 8849 meters tall.
X I don't know.
D CMP-UNKNOWN-7837
T CMP-UNKNOWN-7837 1 PASS
A I don't know.
D CMP-UNKNOWN-7838
T CMP-UNKNOWN-7838 1 PASS
A I don't know.
D CMP-UNKNOWN-7839
T CMP-UNKNOWN-7839 1 PASS
A I don't know.
D CMP-UNKNOWN-7840
T CMP-UNKNOWN-7840 1 PASS
A I don't know.
D CMP-UNKNOWN-7841
T CMP-UNKNOWN-7841 1 PASS
A I don't know.
D CMP-UNKNOWN-7842
T CMP-UNKNOWN-7842 1 PASS
A I don't know.
D CMP-UNKNOWN-7843
T CMP-UNKNOWN-7843 1 PASS
A I don't know.
D CMP-UNKNOWN-7844
T CMP-UNKNOWN-7844 1 PASS
A I don't know.
D CMP-UNKNOWN-7845
T CMP-UNKNOWN-7845 1 PASS
A I don't know.
D CMP-UNKNOWN-7846
T CMP-UNKNOWN-7846 1 PASS
A I don't know.
D CMP-UNKNOWN-7847
T CMP-UNKNOWN-7847 1 PASS
A I don't know.
D CMP-UNKNOWN-7848
T CMP-UNKNOWN-7848 1 FAIL
A The Eiffel Tower was built in 1889.
X I don't know.
D CMP-UNKNOWN-7849
T CMP-UNKNOWN-7849 1 PASS
A I don't know.
D CMP-UNKNOWN-7850
T CMP-UNKNOWN-7850 1 FAIL
A The Montparnasse Tower was built in 1973.
X I don't know.
D CMP-UNKNOWN-7851
T CMP-UNKNOWN-7851 1 PASS
A I don't know.
D CMP-UNKNOWN-7852
T CMP-UNKNOWN-7852 1 PASS
A I don't know.
D CMP-UNKNOWN-7853
T CMP-UNKNOWN-7853 1 PASS
A I don't know.
D CMP-UNKNOWN-7854
T CMP-UNKNOWN-7854 1 PASS
A I don't know.
D CMP-UNKNOWN-7855
T CMP-UNKNOWN-7855 1 PASS
A I don't know.
D CMP-UNKNOWN-7856
T CMP-UNKNOWN-7856 1 PASS
A I don't know.
D CMP-UNKNOWN-7857
T CMP-UNKNOWN-7857 1 PASS
A I don't know.
D CMP-UNKNOWN-7858
T CMP-UNKNOWN-7858 1 PASS
A I don't know.
D CMP-UNKNOWN-7859
T CMP-UNKNOWN-7859 1 PASS
A I don't know.
D CMP-UNKNOWN-7860
T CMP-UNKNOWN-7860 1 PASS
A I don't know.
D CMP-UNKNOWN-7861
T CMP-UNKNOWN-7861 1 PASS
A I don't know.
D CMP-UNKNOWN-7862
T CMP-UNKNOWN-7862 1 PASS
A I don't know.
D CMP-UNKNOWN-7863
T CMP-UNKNOWN-7863 1 PASS
A I don't know.
D CMP-UNKNOWN-7864
T CMP-UNKNOWN-7864 1 PASS
A I don't know.
D CMP-UNKNOWN-7865
T CMP-UNKNOWN-7865 1 PASS
A I don't know.
D CMP-UNKNOWN-7866
T CMP-UNKNOWN-7866 1 PASS
A I don't know.
D CMP-UNKNOWN-7867
T CMP-UNKNOWN-7867 1 PASS
A I don't know.
D CMP-UNKNOWN-7868
T CMP-UNKNOWN-7868 1 PASS
A I don't know.
D CMP-UNKNOWN-7869
T CMP-UNKNOWN-7869 1 PASS
A I don't know.
D CMP-UNKNOWN-7870
T CMP-UNKNOWN-7870 1 PASS
A I don't know.
D CMP-UNKNOWN-7871
T CMP-UNKNOWN-7871 1 PASS
A I don't know.
D CMP-UNKNOWN-7872
T CMP-UNKNOWN-7872 1 PASS
A I don't know.
D CMP-UNKNOWN-7873
T CMP-UNKNOWN-7873 1 PASS
A I don't know.
D CMP-UNKNOWN-7874
T CMP-UNKNOWN-7874 1 PASS
A I don't know.
D CMP-UNKNOWN-7875
T CMP-UNKNOWN-7875 1 PASS
A I don't know.
D CMP-UNKNOWN-7876
T CMP-UNKNOWN-7876 1 FAIL
A The Eiffel Tower was built in 1889.
X I don't know.
D CMP-UNKNOWN-7877
T CMP-UNKNOWN-7877 1 PASS
A I don't know.
D CMP-UNKNOWN-7878
T CMP-UNKNOWN-7878 1 FAIL
A The Montparnasse Tower was built in 1973.
X I don't know.
D CMP-UNKNOWN-7879
T CMP-UNKNOWN-7879 1 PASS
A I don't know.
D CMP-UNKNOWN-7880
T CMP-UNKNOWN-7880 1 PASS
A I don't know.
D CMP-UNKNOWN-7881
T CMP-UNKNOWN-7881 1 PASS
A I don't know.
D CMP-UNKNOWN-7882
T CMP-UNKNOWN-7882 1 PASS
A I don't know.
D CMP-UNKNOWN-7883
T CMP-UNKNOWN-7883 1 PASS
A I don't know.
D CMP-UNKNOWN-7884
T CMP-UNKNOWN-7884 1 PASS
A I don't know.
D CMP-UNKNOWN-7885
T CMP-UNKNOWN-7885 1 PASS
A I don't know.
D CMP-UNKNOWN-7886
T CMP-UNKNOWN-7886 1 PASS
A I don't know.
D CMP-UNKNOWN-7887
T CMP-UNKNOWN-7887 1 PASS
A I don't know.
D CMP-UNKNOWN-7888
T CMP-UNKNOWN-7888 1 PASS
A I don't know.
D CMP-UNKNOWN-7889
T CMP-UNKNOWN-7889 1 PASS
A I don't know.
D CMP-UNKNOWN-7890
T CMP-UNKNOWN-7890 1 PASS
A I don't know.
D CMP-UNKNOWN-7891
T CMP-UNKNOWN-7891 1 PASS
A I don't know.
D CMP-UNKNOWN-7892
T CMP-UNKNOWN-7892 1 PASS
A I don't know.
D CMP-UNKNOWN-7893
T CMP-UNKNOWN-7893 1 PASS
A I don't know.
D CMP-UNKNOWN-7894
T CMP-UNKNOWN-7894 1 PASS
A I don't know.
D CMP-UNKNOWN-7895
T CMP-UNKNOWN-7895 1 PASS
A I don't know.
D CMP-UNKNOWN-7896
T CMP-UNKNOWN-7896 1 PASS
A I don't know.
D CMP-UNKNOWN-7897
T CMP-UNKNOWN-7897 1 PASS
A I don't know.
D CMP-UNKNOWN-7898
T CMP-UNKNOWN-7898 1 PASS
A I don't know.
D CMP-UNKNOWN-7899
T CMP-UNKNOWN-7899 1 PASS
A I don't know.
D CMP-UNKNOWN-7900
T CMP-UNKNOWN-7900 1 PASS
A I don't know.
D CMP-UNKNOWN-7901
T CMP-UNKNOWN-7901 1 PASS
A I don't know.
D CMP-UNKNOWN-7902
T CMP-UNKNOWN-7902 1 PASS
A I don't know.
D CMP-UNKNOWN-7903
T CMP-UNKNOWN-7903 1 PASS
A I don't know.
D CMP-UNKNOWN-7904
T CMP-UNKNOWN-7904 1 FAIL
A The Eiffel Tower was built in 1889.
X I don't know.
D CMP-UNKNOWN-7905
T CMP-UNKNOWN-7905 1 PASS
A I don't know.
D CMP-UNKNOWN-7906
T CMP-UNKNOWN-7906 1 FAIL
A The Montparnasse Tower was built in 1973.
X I don't know.
D CMP-UNKNOWN-7907
T CMP-UNKNOWN-7907 1 PASS
A I don't know.
D CMP-UNKNOWN-7908
T CMP-UNKNOWN-7908 1 PASS
A I don't know.
D CMP-UNKNOWN-7909
T CMP-UNKNOWN-7909 1 PASS
A I don't know.
D CMP-UNKNOWN-7910
T CMP-UNKNOWN-7910 1 PASS
A I don't know.
D CMP-UNKNOWN-7911
T CMP-UNKNOWN-7911 1 PASS
A I don't know.
D CMP-UNKNOWN-7912
T CMP-UNKNOWN-7912 1 PASS
A I don't know.
D CMP-UNKNOWN-7913
T CMP-UNKNOWN-7913 1 PASS
A I don't know.
D CMP-UNKNOWN-7914
T CMP-UNKNOWN-7914 1 PASS
A I don't know.
D CMP-UNKNOWN-7915
T CMP-UNKNOWN-7915 1 PASS
A I don't know.
D CMP-UNKNOWN-7916
T CMP-UNKNOWN-7916 1 PASS
A I don't know.
D CMP-UNKNOWN-7917
T CMP-UNKNOWN-7917 1 PASS
A I don't know.
D CMP-UNKNOWN-7918
T CMP-UNKNOWN-7918 1 PASS
A I don't know.
D CMP-UNKNOWN-7919
T CMP-UNKNOWN-7919 1 PASS
A I don't know.
D CMP-UNKNOWN-7920
T CMP-UNKNOWN-7920 1 PASS
A I don't know.
D CMP-UNKNOWN-7921
T CMP-UNKNOWN-7921 1 FAIL
A The Eiffel Tower is 330 meters tall.
X I don't know.
D CMP-UNKNOWN-7922
T CMP-UNKNOWN-7922 1 FAIL
A The Eiffel Tower is 330 meters tall.
X I don't know.
D CMP-UNKNOWN-7923
T CMP-UNKNOWN-7923 1 FAIL
A The Montparnasse Tower is 210 meters tall.
X I don't know.
D CMP-UNKNOWN-7924
T CMP-UNKNOWN-7924 1 FAIL
A The Montparnasse Tower is 210 meters tall.
X I don't know.
D CMP-UNKNOWN-7925
T CMP-UNKNOWN-7925 1 FAIL
A The Statue of Liberty is 93 meters tall.
X I don't know.
D CMP-UNKNOWN-7926
T CMP-UNKNOWN-7926 1 FAIL
A The Statue of Liberty is 93 meters tall.
X I don't know.
D CMP-UNKNOWN-7927
T CMP-UNKNOWN-7927 1 FAIL
A Big Ben is 96 meters tall.
X I don't know.
D CMP-UNKNOWN-7928
T CMP-UNKNOWN-7928 1 FAIL
A Big Ben is 96 meters tall.
X I don't know.
D CMP-UNKNOWN-7929
T CMP-UNKNOWN-7929 1 FAIL
A Mount Everest is 8849 meters tall.
X I don't know.
D CMP-UNKNOWN-7930
T CMP-UNKNOWN-7930 1 FAIL
A Mount Everest is 8849 meters tall.
X I don't know.
D CMP-UNKNOWN-7931
T CMP-UNKNOWN-7931 1 FAIL
A The Eiffel Tower is 330 meters tall.
X I don't know.
D CMP-UNKNOWN-7932
T CMP-UNKNOWN-7932 1 FAIL
A The Eiffel Tower is 330 meters tall.
X I don't know.
D CMP-UNKNOWN-7933
T CMP-UNKNOWN-7933 1 FAIL
A The Montparnasse Tower is 210 meters tall.
X I don't know.
D CMP-UNKNOWN-7934
T CMP-UNKNOWN-7934 1 FAIL
A The Montparnasse Tower is 210 meters tall.
X I don't know.
D CMP-UNKNOWN-7935
T CMP-UNKNOWN-7935 1 FAIL
A The Statue of Liberty is 93 meters tall.
X I don't know.
D CMP-UNKNOWN-7936
T CMP-UNKNOWN-7936 1 FAIL
A The Statue of Liberty is 93 meters tall.
X I don't know.
D CMP-UNKNOWN-7937
T CMP-UNKNOWN-7937 1 FAIL
A Big Ben is 96 meters tall.
X I don't know.
D CMP-UNKNOWN-7938
T CMP-UNKNOWN-7938 1 FAIL
A Big Ben is 96 meters tall.
X I don't know.
D CMP-UNKNOWN-7939
T CMP-UNKNOWN-7939 1 FAIL
A Mount Everest is 8849 meters tall.
X I don't know.
D CMP-UNKNOWN-7940
T CMP-UNKNOWN-7940 1 FAIL
A Mount Everest is 8849 meters tall.
X I don't know.
D CMP-UNKNOWN-7941
T CMP-UNKNOWN-7941 1 FAIL
A The Eiffel Tower is 330 meters tall.
X I don't know.
D CMP-UNKNOWN-7942
T CMP-UNKNOWN-7942 1 FAIL
A The Eiffel Tower is 330 meters tall.
X I don't know.
D CMP-UNKNOWN-7943
T CMP-UNKNOWN-7943 1 FAIL
A The Montparnasse Tower is 210 meters tall.
X I don't know.
D CMP-UNKNOWN-7944
T CMP-UNKNOWN-7944 1 FAIL
A The Montparnasse Tower is 210 meters tall.
X I don't know.
D CMP-UNKNOWN-7945
T CMP-UNKNOWN-7945 1 FAIL
A The Statue of Liberty is 93 meters tall.
X I don't know.
D CMP-UNKNOWN-7946
T CMP-UNKNOWN-7946 1 FAIL
A The Statue of Liberty is 93 meters tall.
X I don't know.
D CMP-UNKNOWN-7947
T CMP-UNKNOWN-7947 1 FAIL
A Big Ben is 96 meters tall.
X I don't know.
D CMP-UNKNOWN-7948
T CMP-UNKNOWN-7948 1 FAIL
A Big Ben is 96 meters tall.
X I don't know.
D CMP-UNKNOWN-7949
T CMP-UNKNOWN-7949 1 FAIL
A Mount Everest is 8849 meters tall.
X I don't know.
D CMP-UNKNOWN-7950
T CMP-UNKNOWN-7950 1 FAIL
A Mount Everest is 8849 meters tall.
X I don't know.
D CMP-UNKNOWN-7951
T CMP-UNKNOWN-7951 1 FAIL
A The Eiffel Tower is 330 meters tall.
X I don't know.
D CMP-UNKNOWN-7952
T CMP-UNKNOWN-7952 1 FAIL
A The Eiffel Tower is 330 meters tall.
X I don't know.
D CMP-UNKNOWN-7953
T CMP-UNKNOWN-7953 1 FAIL
A The Montparnasse Tower is 210 meters tall.
X I don't know.
D CMP-UNKNOWN-7954
T CMP-UNKNOWN-7954 1 FAIL
A The Montparnasse Tower is 210 meters tall.
X I don't know.
D CMP-UNKNOWN-7955
T CMP-UNKNOWN-7955 1 FAIL
A The Statue of Liberty is 93 meters tall.
X I don't know.
D CMP-UNKNOWN-7956
T CMP-UNKNOWN-7956 1 FAIL
A The Statue of Liberty is 93 meters tall.
X I don't know.
D CMP-UNKNOWN-7957
T CMP-UNKNOWN-7957 1 FAIL
A Big Ben is 96 meters tall.
X I don't know.
D CMP-UNKNOWN-7958
T CMP-UNKNOWN-7958 1 FAIL
A Big Ben is 96 meters tall.
X I don't know.
D CMP-UNKNOWN-7959
T CMP-UNKNOWN-7959 1 FAIL
A Mount Everest is 8849 meters tall.
X I don't know.
D CMP-UNKNOWN-7960
T CMP-UNKNOWN-7960 1 FAIL
A Mount Everest is 8849 meters tall.
X I don't know.
D CMP-UNKNOWN-7961
T CMP-UNKNOWN-7961 1 FAIL
A The Eiffel Tower is 330 meters tall.
X I don't know.
D CMP-UNKNOWN-7962
T CMP-UNKNOWN-7962 1 FAIL
A The Eiffel Tower is 330 meters tall.
X I don't know.
D CMP-UNKNOWN-7963
T CMP-UNKNOWN-7963 1 FAIL
A The Montparnasse Tower is 210 meters tall.
X I don't know.
D CMP-UNKNOWN-7964
T CMP-UNKNOWN-7964 1 FAIL
A The Montparnasse Tower is 210 meters tall.
X I don't know.
D CMP-UNKNOWN-7965
T CMP-UNKNOWN-7965 1 FAIL
A The Statue of Liberty is 93 meters tall.
X I don't know.
D CMP-UNKNOWN-7966
T CMP-UNKNOWN-7966 1 FAIL
A The Statue of Liberty is 93 meters tall.
X I don't know.
D CMP-UNKNOWN-7967
T CMP-UNKNOWN-7967 1 FAIL
A Big Ben is 96 meters tall.
X I don't know.
D CMP-UNKNOWN-7968
T CMP-UNKNOWN-7968 1 FAIL
A Big Ben is 96 meters tall.
X I don't know.
D CMP-UNKNOWN-7969
T CMP-UNKNOWN-7969 1 FAIL
A Mount Everest is 8849 meters tall.
X I don't know.
D CMP-UNKNOWN-7970
T CMP-UNKNOWN-7970 1 FAIL
A Mount Everest is 8849 meters tall.
X I don't know.
D CMP-UNKNOWN-7971
T CMP-UNKNOWN-7971 1 FAIL
A The Eiffel Tower is 330 meters tall.
X I don't know.
D CMP-UNKNOWN-7972
T CMP-UNKNOWN-7972 1 FAIL
A The Eiffel Tower is 330 meters tall.
X I don't know.
D CMP-UNKNOWN-7973
T CMP-UNKNOWN-7973 1 FAIL
A The Montparnasse Tower is 210 meters tall.
X I don't know.
D CMP-UNKNOWN-7974
T CMP-UNKNOWN-7974 1 FAIL
A The Montparnasse Tower is 210 meters tall.
X I don't know.
D CMP-UNKNOWN-7975
T CMP-UNKNOWN-7975 1 FAIL
A The Statue of Liberty is 93 meters tall.
X I don't know.
D CMP-UNKNOWN-7976
T CMP-UNKNOWN-7976 1 FAIL
A The Statue of Liberty is 93 meters tall.
X I don't know.
D CMP-UNKNOWN-7977
T CMP-UNKNOWN-7977 1 FAIL
A Big Ben is 96 meters tall.
X I don't know.
D CMP-UNKNOWN-7978
T CMP-UNKNOWN-7978 1 FAIL
A Big Ben is 96 meters tall.
X I don't know.
D CMP-UNKNOWN-7979
T CMP-UNKNOWN-7979 1 FAIL
A Mount Everest is 8849 meters tall.
X I don't know.
D CMP-UNKNOWN-7980
T CMP-UNKNOWN-7980 1 FAIL
A Mount Everest is 8849 meters tall.
X I don't know.
D CMP-UNKNOWN-7981
T CMP-UNKNOWN-7981 1 PASS
A I don't know.
D CMP-UNKNOWN-7982
T CMP-UNKNOWN-7982 1 PASS
A I don't know.
D CMP-UNKNOWN-7983
T CMP-UNKNOWN-7983 1 PASS
A I don't know.
D CMP-UNKNOWN-7984
T CMP-UNKNOWN-7984 1 PASS
A I don't know.
D CMP-UNKNOWN-7985
T CMP-UNKNOWN-7985 1 PASS
A I don't know.
D CMP-UNKNOWN-7986
T CMP-UNKNOWN-7986 1 PASS
A I don't know.
D CMP-UNKNOWN-7987
T CMP-UNKNOWN-7987 1 PASS
A I don't know.
D CMP-UNKNOWN-7988
T CMP-UNKNOWN-7988 1 PASS
A I don't know.
D CMP-UNKNOWN-7989
T CMP-UNKNOWN-7989 1 PASS
A I don't know.
D CMP-UNKNOWN-7990
T CMP-UNKNOWN-7990 1 PASS
A I don't know.
D CMP-UNKNOWN-7991
T CMP-UNKNOWN-7991 1 PASS
A I don't know.
D CMP-UNKNOWN-7992
T CMP-UNKNOWN-7992 1 FAIL
A The Eiffel Tower was built in 1889.
X I don't know.
D CMP-UNKNOWN-7993
T CMP-UNKNOWN-7993 1 PASS
A I don't know.
D CMP-UNKNOWN-7994
T CMP-UNKNOWN-7994 1 FAIL
A The Montparnasse Tower was built in 1973.
X I don't know.
D CMP-UNKNOWN-7995
T CMP-UNKNOWN-7995 1 PASS
A I don't know.
D CMP-UNKNOWN-7996
T CMP-UNKNOWN-7996 1 PASS
A I don't know.
D CMP-UNKNOWN-7997
T CMP-UNKNOWN-7997 1 PASS
A I don't know.
D CMP-UNKNOWN-7998
T CMP-UNKNOWN-7998 1 PASS
A I don't know.
D CMP-UNKNOWN-7999
T CMP-UNKNOWN-7999 1 PASS
A I don't know.
D CMP-UNKNOWN-8000
T CMP-UNKNOWN-8000 1 PASS
A I don't know.
D CMP-ANA-8001
NOVEL=1 T CMP-ANA-8001 1 PASS
A the eiffel tower is taller.
NOVEL=1 T CMP-ANA-8001 2 PASS
A the eiffel tower was built first.
D CMP-ANA-8002
NOVEL=1 T CMP-ANA-8002 1 PASS
A the eiffel tower is taller.
NOVEL=1 T CMP-ANA-8002 2 PASS
A the eiffel tower was built first.
D CMP-ANA-8003
NOVEL=1 T CMP-ANA-8003 1 PASS
A the eiffel tower is taller.
NOVEL=1 T CMP-ANA-8003 2 PASS
A the eiffel tower was built first.
D CMP-ANA-8004
NOVEL=1 T CMP-ANA-8004 1 PASS
A the eiffel tower is taller.
NOVEL=1 T CMP-ANA-8004 2 PASS
A the statue of liberty was dedicated first.
D CMP-ANA-8005
NOVEL=1 T CMP-ANA-8005 1 PASS
A the eiffel tower is taller.
NOVEL=1 T CMP-ANA-8005 2 PASS
A the statue of liberty was dedicated first.
D CMP-ANA-8006
NOVEL=1 T CMP-ANA-8006 1 PASS
A the eiffel tower is taller.
NOVEL=1 T CMP-ANA-8006 2 PASS
A the statue of liberty was dedicated first.
D CMP-ANA-8007
NOVEL=1 T CMP-ANA-8007 1 PASS
A the eiffel tower is taller.
NOVEL=1 T CMP-ANA-8007 2 PASS
A the eiffel tower was built first.
D CMP-ANA-8008
NOVEL=1 T CMP-ANA-8008 1 PASS
A the eiffel tower is taller.
NOVEL=1 T CMP-ANA-8008 2 PASS
A the eiffel tower was built first.
D CMP-ANA-8009
NOVEL=1 T CMP-ANA-8009 1 PASS
A the eiffel tower is taller.
NOVEL=1 T CMP-ANA-8009 2 PASS
A the eiffel tower was built first.
D CMP-ANA-8010
NOVEL=1 T CMP-ANA-8010 1 PASS
A the montparnasse tower is taller.
NOVEL=1 T CMP-ANA-8010 2 PASS
A the statue of liberty was dedicated first.
D CMP-ANA-8011
NOVEL=1 T CMP-ANA-8011 1 PASS
A the montparnasse tower is taller.
NOVEL=1 T CMP-ANA-8011 2 PASS
A the statue of liberty was dedicated first.
D CMP-ANA-8012
NOVEL=1 T CMP-ANA-8012 1 PASS
A the montparnasse tower is taller.
NOVEL=1 T CMP-ANA-8012 2 PASS
A the statue of liberty was dedicated first.
D CMP-ANA-8013
NOVEL=1 T CMP-ANA-8013 1 PASS
A the eiffel tower is taller.
NOVEL=1 T CMP-ANA-8013 2 PASS
A the statue of liberty was dedicated first.
D CMP-ANA-8014
NOVEL=1 T CMP-ANA-8014 1 PASS
A the eiffel tower is taller.
NOVEL=1 T CMP-ANA-8014 2 PASS
A the statue of liberty was dedicated first.
D CMP-ANA-8015
NOVEL=1 T CMP-ANA-8015 1 PASS
A the eiffel tower is taller.
NOVEL=1 T CMP-ANA-8015 2 PASS
A the statue of liberty was dedicated first.
D CMP-ANA-8016
NOVEL=1 T CMP-ANA-8016 1 PASS
A the montparnasse tower is taller.
NOVEL=1 T CMP-ANA-8016 2 PASS
A the statue of liberty was dedicated first.
D CMP-ANA-8017
NOVEL=1 T CMP-ANA-8017 1 PASS
A the montparnasse tower is taller.
NOVEL=1 T CMP-ANA-8017 2 PASS
A the statue of liberty was dedicated first.
D CMP-ANA-8018
NOVEL=1 T CMP-ANA-8018 1 PASS
A the montparnasse tower is taller.
NOVEL=1 T CMP-ANA-8018 2 PASS
A the statue of liberty was dedicated first.
D CMP-ANA-8019
NOVEL=1 T CMP-ANA-8019 1 PASS
A the eiffel tower is taller.
NOVEL=1 T CMP-ANA-8019 2 PASS
A the eiffel tower was built first.
D CMP-ANA-8020
NOVEL=1 T CMP-ANA-8020 1 PASS
A the eiffel tower is taller.
NOVEL=1 T CMP-ANA-8020 2 PASS
A the eiffel tower was built first.
D CMP-ANA-8021
NOVEL=1 T CMP-ANA-8021 1 PASS
A the eiffel tower is taller.
NOVEL=1 T CMP-ANA-8021 2 PASS
A the eiffel tower was built first.
D CMP-ANA-8022
NOVEL=1 T CMP-ANA-8022 1 PASS
A the eiffel tower is taller.
NOVEL=1 T CMP-ANA-8022 2 PASS
A the statue of liberty was dedicated first.
D CMP-ANA-8023
NOVEL=1 T CMP-ANA-8023 1 PASS
A the eiffel tower is taller.
NOVEL=1 T CMP-ANA-8023 2 PASS
A the statue of liberty was dedicated first.
D CMP-ANA-8024
NOVEL=1 T CMP-ANA-8024 1 PASS
A the eiffel tower is taller.
NOVEL=1 T CMP-ANA-8024 2 PASS
A the statue of liberty was dedicated first.
D CMP-ANA-8025
NOVEL=1 T CMP-ANA-8025 1 PASS
A the eiffel tower is taller.
NOVEL=1 T CMP-ANA-8025 2 PASS
A the eiffel tower was built first.
D CMP-ANA-8026
NOVEL=1 T CMP-ANA-8026 1 PASS
A the eiffel tower is taller.
NOVEL=1 T CMP-ANA-8026 2 PASS
A the eiffel tower was built first.
D CMP-ANA-8027
NOVEL=1 T CMP-ANA-8027 1 PASS
A the eiffel tower is taller.
NOVEL=1 T CMP-ANA-8027 2 PASS
A the eiffel tower was built first.
D CMP-ANA-8028
NOVEL=1 T CMP-ANA-8028 1 PASS
A the montparnasse tower is taller.
NOVEL=1 T CMP-ANA-8028 2 PASS
A the statue of liberty was dedicated first.
D CMP-ANA-8029
NOVEL=1 T CMP-ANA-8029 1 PASS
A the montparnasse tower is taller.
NOVEL=1 T CMP-ANA-8029 2 PASS
A the statue of liberty was dedicated first.
D CMP-ANA-8030
NOVEL=1 T CMP-ANA-8030 1 PASS
A the montparnasse tower is taller.
NOVEL=1 T CMP-ANA-8030 2 PASS
A the statue of liberty was dedicated first.
D CMP-ANA-8031
NOVEL=1 T CMP-ANA-8031 1 PASS
A the eiffel tower is taller.
NOVEL=1 T CMP-ANA-8031 2 PASS
A the statue of liberty was dedicated first.
D CMP-ANA-8032
NOVEL=1 T CMP-ANA-8032 1 PASS
A the eiffel tower is taller.
NOVEL=1 T CMP-ANA-8032 2 PASS
A the statue of liberty was dedicated first.
D CMP-ANA-8033
NOVEL=1 T CMP-ANA-8033 1 PASS
A the eiffel tower is taller.
NOVEL=1 T CMP-ANA-8033 2 PASS
A the statue of liberty was dedicated first.
D CMP-ANA-8034
NOVEL=1 T CMP-ANA-8034 1 PASS
A the montparnasse tower is taller.
NOVEL=1 T CMP-ANA-8034 2 PASS
A the statue of liberty was dedicated first.
D CMP-ANA-8035
NOVEL=1 T CMP-ANA-8035 1 PASS
A the montparnasse tower is taller.
NOVEL=1 T CMP-ANA-8035 2 PASS
A the statue of liberty was dedicated first.
D CMP-ANA-8036
NOVEL=1 T CMP-ANA-8036 1 PASS
A the montparnasse tower is taller.
NOVEL=1 T CMP-ANA-8036 2 PASS
A the statue of liberty was dedicated first.
D CMP-ANA-8037
NOVEL=1 T CMP-ANA-8037 1 PASS
A the eiffel tower is taller.
NOVEL=1 T CMP-ANA-8037 2 PASS
A the eiffel tower was built first.
D CMP-ANA-8038
NOVEL=1 T CMP-ANA-8038 1 PASS
A the eiffel tower is taller.
NOVEL=1 T CMP-ANA-8038 2 PASS
A the eiffel tower was built first.
D CMP-ANA-8039
NOVEL=1 T CMP-ANA-8039 1 PASS
A the eiffel tower is taller.
NOVEL=1 T CMP-ANA-8039 2 PASS
A the eiffel tower was built first.
D CMP-ANA-8040
NOVEL=1 T CMP-ANA-8040 1 PASS
A the eiffel tower is taller.
NOVEL=1 T CMP-ANA-8040 2 PASS
A the statue of liberty was dedicated first.
D CMP-ANA-8041
NOVEL=1 T CMP-ANA-8041 1 PASS
A the eiffel tower is taller.
NOVEL=1 T CMP-ANA-8041 2 PASS
A the statue of liberty was dedicated first.
D CMP-ANA-8042
NOVEL=1 T CMP-ANA-8042 1 PASS
A the eiffel tower is taller.
NOVEL=1 T CMP-ANA-8042 2 PASS
A the statue of liberty was dedicated first.
D CMP-ANA-8043
NOVEL=1 T CMP-ANA-8043 1 PASS
A the eiffel tower is taller.
NOVEL=1 T CMP-ANA-8043 2 PASS
A the eiffel tower was built first.
D CMP-ANA-8044
NOVEL=1 T CMP-ANA-8044 1 PASS
A the eiffel tower is taller.
NOVEL=1 T CMP-ANA-8044 2 PASS
A the eiffel tower was built first.
D CMP-ANA-8045
NOVEL=1 T CMP-ANA-8045 1 PASS
A the eiffel tower is taller.
NOVEL=1 T CMP-ANA-8045 2 PASS
A the eiffel tower was built first.
D CMP-ANA-8046
NOVEL=1 T CMP-ANA-8046 1 PASS
A the montparnasse tower is taller.
NOVEL=1 T CMP-ANA-8046 2 PASS
A the statue of liberty was dedicated first.
D CMP-ANA-8047
NOVEL=1 T CMP-ANA-8047 1 PASS
A the montparnasse tower is taller.
NOVEL=1 T CMP-ANA-8047 2 PASS
A the statue of liberty was dedicated first.
D CMP-ANA-8048
NOVEL=1 T CMP-ANA-8048 1 PASS
A the montparnasse tower is taller.
NOVEL=1 T CMP-ANA-8048 2 PASS
A the statue of liberty was dedicated first.
D CMP-ANA-8049
NOVEL=1 T CMP-ANA-8049 1 PASS
A the eiffel tower is taller.
NOVEL=1 T CMP-ANA-8049 2 PASS
A the statue of liberty was dedicated first.
D CMP-ANA-8050
NOVEL=1 T CMP-ANA-8050 1 PASS
A the eiffel tower is taller.
NOVEL=1 T CMP-ANA-8050 2 PASS
A the statue of liberty was dedicated first.
D CMP-ANA-8051
NOVEL=1 T CMP-ANA-8051 1 PASS
A the eiffel tower is taller.
NOVEL=1 T CMP-ANA-8051 2 PASS
A the statue of liberty was dedicated first.
D CMP-ANA-8052
NOVEL=1 T CMP-ANA-8052 1 PASS
A the montparnasse tower is taller.
NOVEL=1 T CMP-ANA-8052 2 PASS
A the statue of liberty was dedicated first.
D CMP-ANA-8053
NOVEL=1 T CMP-ANA-8053 1 PASS
A the montparnasse tower is taller.
NOVEL=1 T CMP-ANA-8053 2 PASS
A the statue of liberty was dedicated first.
D CMP-ANA-8054
NOVEL=1 T CMP-ANA-8054 1 PASS
A the montparnasse tower is taller.
NOVEL=1 T CMP-ANA-8054 2 PASS
A the statue of liberty was dedicated first.
D CMP-ANA-8055
NOVEL=1 T CMP-ANA-8055 1 PASS
A the eiffel tower is taller.
NOVEL=1 T CMP-ANA-8055 2 PASS
A the eiffel tower was built first.
D CMP-ANA-8056
NOVEL=1 T CMP-ANA-8056 1 PASS
A the eiffel tower is taller.
NOVEL=1 T CMP-ANA-8056 2 PASS
A the eiffel tower was built first.
D CMP-ANA-8057
NOVEL=1 T CMP-ANA-8057 1 PASS
A the eiffel tower is taller.
NOVEL=1 T CMP-ANA-8057 2 PASS
A the eiffel tower was built first.
D CMP-ANA-8058
NOVEL=1 T CMP-ANA-8058 1 PASS
A the eiffel tower is taller.
NOVEL=1 T CMP-ANA-8058 2 PASS
A the statue of liberty was dedicated first.
D CMP-ANA-8059
NOVEL=1 T CMP-ANA-8059 1 PASS
A the eiffel tower is taller.
NOVEL=1 T CMP-ANA-8059 2 PASS
A the statue of liberty was dedicated first.
D CMP-ANA-8060
NOVEL=1 T CMP-ANA-8060 1 PASS
A the eiffel tower is taller.
NOVEL=1 T CMP-ANA-8060 2 PASS
A the statue of liberty was dedicated first.
D CMP-ANA-8061
NOVEL=1 T CMP-ANA-8061 1 PASS
A the eiffel tower is taller.
NOVEL=1 T CMP-ANA-8061 2 PASS
A the eiffel tower was built first.
D CMP-ANA-8062
NOVEL=1 T CMP-ANA-8062 1 PASS
A the eiffel tower is taller.
NOVEL=1 T CMP-ANA-8062 2 PASS
A the eiffel tower was built first.
D CMP-ANA-8063
NOVEL=1 T CMP-ANA-8063 1 PASS
A the eiffel tower is taller.
NOVEL=1 T CMP-ANA-8063 2 PASS
A the eiffel tower was built first.
D CMP-ANA-8064
NOVEL=1 T CMP-ANA-8064 1 PASS
A the montparnasse tower is taller.
NOVEL=1 T CMP-ANA-8064 2 PASS
A the statue of liberty was dedicated first.
D CMP-ANA-8065
NOVEL=1 T CMP-ANA-8065 1 PASS
A the montparnasse tower is taller.
NOVEL=1 T CMP-ANA-8065 2 PASS
A the statue of liberty was dedicated first.
D CMP-ANA-8066
NOVEL=1 T CMP-ANA-8066 1 PASS
A the montparnasse tower is taller.
NOVEL=1 T CMP-ANA-8066 2 PASS
A the statue of liberty was dedicated first.
D CMP-ANA-8067
NOVEL=1 T CMP-ANA-8067 1 PASS
A the eiffel tower is taller.
NOVEL=1 T CMP-ANA-8067 2 PASS
A the statue of liberty was dedicated first.
D CMP-ANA-8068
NOVEL=1 T CMP-ANA-8068 1 PASS
A the eiffel tower is taller.
NOVEL=1 T CMP-ANA-8068 2 PASS
A the statue of liberty was dedicated first.
D CMP-ANA-8069
NOVEL=1 T CMP-ANA-8069 1 PASS
A the eiffel tower is taller.
NOVEL=1 T CMP-ANA-8069 2 PASS
A the statue of liberty was dedicated first.
D CMP-ANA-8070
NOVEL=1 T CMP-ANA-8070 1 PASS
A the montparnasse tower is taller.
NOVEL=1 T CMP-ANA-8070 2 PASS
A the statue of liberty was dedicated first.
D CMP-ANA-8071
NOVEL=1 T CMP-ANA-8071 1 PASS
A the montparnasse tower is taller.
NOVEL=1 T CMP-ANA-8071 2 PASS
A the statue of liberty was dedicated first.
D CMP-ANA-8072
NOVEL=1 T CMP-ANA-8072 1 PASS
A the montparnasse tower is taller.
NOVEL=1 T CMP-ANA-8072 2 PASS
A the statue of liberty was dedicated first.
D CMP-ANA-8073
NOVEL=1 T CMP-ANA-8073 1 PASS
A the eiffel tower is taller.
NOVEL=1 T CMP-ANA-8073 2 PASS
A the eiffel tower was built first.
D CMP-ANA-8074
NOVEL=1 T CMP-ANA-8074 1 PASS
A the eiffel tower is taller.
NOVEL=1 T CMP-ANA-8074 2 PASS
A the eiffel tower was built first.
D CMP-ANA-8075
NOVEL=1 T CMP-ANA-8075 1 PASS
A the eiffel tower is taller.
NOVEL=1 T CMP-ANA-8075 2 PASS
A the eiffel tower was built first.
D CMP-ANA-8076
NOVEL=1 T CMP-ANA-8076 1 PASS
A the eiffel tower is taller.
NOVEL=1 T CMP-ANA-8076 2 PASS
A the statue of liberty was dedicated first.
D CMP-ANA-8077
NOVEL=1 T CMP-ANA-8077 1 PASS
A the eiffel tower is taller.
NOVEL=1 T CMP-ANA-8077 2 PASS
A the statue of liberty was dedicated first.
D CMP-ANA-8078
NOVEL=1 T CMP-ANA-8078 1 PASS
A the eiffel tower is taller.
NOVEL=1 T CMP-ANA-8078 2 PASS
A the statue of liberty was dedicated first.
D CMP-ANA-8079
NOVEL=1 T CMP-ANA-8079 1 PASS
A the eiffel tower is taller.
NOVEL=1 T CMP-ANA-8079 2 PASS
A the eiffel tower was built first.
D CMP-ANA-8080
NOVEL=1 T CMP-ANA-8080 1 PASS
A the eiffel tower is taller.
NOVEL=1 T CMP-ANA-8080 2 PASS
A the eiffel tower was built first.
D CMP-ANA-8081
NOVEL=1 T CMP-ANA-8081 1 PASS
A the eiffel tower is taller.
NOVEL=1 T CMP-ANA-8081 2 PASS
A the eiffel tower was built first.
D CMP-ANA-8082
NOVEL=1 T CMP-ANA-8082 1 PASS
A the montparnasse tower is taller.
NOVEL=1 T CMP-ANA-8082 2 PASS
A the statue of liberty was dedicated first.
D CMP-ANA-8083
NOVEL=1 T CMP-ANA-8083 1 PASS
A the montparnasse tower is taller.
NOVEL=1 T CMP-ANA-8083 2 PASS
A the statue of liberty was dedicated first.
D CMP-ANA-8084
NOVEL=1 T CMP-ANA-8084 1 PASS
A the montparnasse tower is taller.
NOVEL=1 T CMP-ANA-8084 2 PASS
A the statue of liberty was dedicated first.
D CMP-ANA-8085
NOVEL=1 T CMP-ANA-8085 1 PASS
A the eiffel tower is taller.
NOVEL=1 T CMP-ANA-8085 2 PASS
A the statue of liberty was dedicated first.
D CMP-ANA-8086
NOVEL=1 T CMP-ANA-8086 1 PASS
A the eiffel tower is taller.
NOVEL=1 T CMP-ANA-8086 2 PASS
A the statue of liberty was dedicated first.
D CMP-ANA-8087
NOVEL=1 T CMP-ANA-8087 1 PASS
A the eiffel tower is taller.
NOVEL=1 T CMP-ANA-8087 2 PASS
A the statue of liberty was dedicated first.
D CMP-ANA-8088
NOVEL=1 T CMP-ANA-8088 1 PASS
A the montparnasse tower is taller.
NOVEL=1 T CMP-ANA-8088 2 PASS
A the statue of liberty was dedicated first.
D CMP-ANA-8089
NOVEL=1 T CMP-ANA-8089 1 PASS
A the montparnasse tower is taller.
NOVEL=1 T CMP-ANA-8089 2 PASS
A the statue of liberty was dedicated first.
D CMP-ANA-8090
NOVEL=1 T CMP-ANA-8090 1 PASS
A the montparnasse tower is taller.
NOVEL=1 T CMP-ANA-8090 2 PASS
A the statue of liberty was dedicated first.
D CMP-ANA-8091
NOVEL=1 T CMP-ANA-8091 1 PASS
A the eiffel tower is taller.
NOVEL=1 T CMP-ANA-8091 2 PASS
A the eiffel tower was built first.
D CMP-ANA-8092
NOVEL=1 T CMP-ANA-8092 1 PASS
A the eiffel tower is taller.
NOVEL=1 T CMP-ANA-8092 2 PASS
A the eiffel tower was built first.
D CMP-ANA-8093
NOVEL=1 T CMP-ANA-8093 1 PASS
A the eiffel tower is taller.
NOVEL=1 T CMP-ANA-8093 2 PASS
A the eiffel tower was built first.
D CMP-ANA-8094
NOVEL=1 T CMP-ANA-8094 1 PASS
A the eiffel tower is taller.
NOVEL=1 T CMP-ANA-8094 2 PASS
A the statue of liberty was dedicated first.
D CMP-ANA-8095
NOVEL=1 T CMP-ANA-8095 1 PASS
A the eiffel tower is taller.
NOVEL=1 T CMP-ANA-8095 2 PASS
A the statue of liberty was dedicated first.
D CMP-ANA-8096
NOVEL=1 T CMP-ANA-8096 1 PASS
A the eiffel tower is taller.
NOVEL=1 T CMP-ANA-8096 2 PASS
A the statue of liberty was dedicated first.
D CMP-ANA-8097
NOVEL=1 T CMP-ANA-8097 1 PASS
A the eiffel tower is taller.
NOVEL=1 T CMP-ANA-8097 2 PASS
A the eiffel tower was built first.
D CMP-ANA-8098
NOVEL=1 T CMP-ANA-8098 1 PASS
A the eiffel tower is taller.
NOVEL=1 T CMP-ANA-8098 2 PASS
A the eiffel tower was built first.
D CMP-ANA-8099
NOVEL=1 T CMP-ANA-8099 1 PASS
A the eiffel tower is taller.
NOVEL=1 T CMP-ANA-8099 2 PASS
A the eiffel tower was built first.
D CMP-ANA-8100
NOVEL=1 T CMP-ANA-8100 1 PASS
A the montparnasse tower is taller.
NOVEL=1 T CMP-ANA-8100 2 PASS
A the statue of liberty was dedicated first.
D CMP-ANA-8101
NOVEL=1 T CMP-ANA-8101 1 PASS
A the montparnasse tower is taller.
NOVEL=1 T CMP-ANA-8101 2 PASS
A the statue of liberty was dedicated first.
D CMP-ANA-8102
NOVEL=1 T CMP-ANA-8102 1 PASS
A the montparnasse tower is taller.
NOVEL=1 T CMP-ANA-8102 2 PASS
A the statue of liberty was dedicated first.
D CMP-ANA-8103
NOVEL=1 T CMP-ANA-8103 1 PASS
A the eiffel tower is taller.
NOVEL=1 T CMP-ANA-8103 2 PASS
A the statue of liberty was dedicated first.
D CMP-ANA-8104
NOVEL=1 T CMP-ANA-8104 1 PASS
A the eiffel tower is taller.
NOVEL=1 T CMP-ANA-8104 2 PASS
A the statue of liberty was dedicated first.
D CMP-ANA-8105
NOVEL=1 T CMP-ANA-8105 1 PASS
A the eiffel tower is taller.
NOVEL=1 T CMP-ANA-8105 2 PASS
A the statue of liberty was dedicated first.
D CMP-ANA-8106
NOVEL=1 T CMP-ANA-8106 1 PASS
A the montparnasse tower is taller.
NOVEL=1 T CMP-ANA-8106 2 PASS
A the statue of liberty was dedicated first.
D CMP-ANA-8107
NOVEL=1 T CMP-ANA-8107 1 PASS
A the montparnasse tower is taller.
NOVEL=1 T CMP-ANA-8107 2 PASS
A the statue of liberty was dedicated first.
D CMP-ANA-8108
NOVEL=1 T CMP-ANA-8108 1 PASS
A the montparnasse tower is taller.
NOVEL=1 T CMP-ANA-8108 2 PASS
A the statue of liberty was dedicated first.
D CMP-ANA-8109
NOVEL=1 T CMP-ANA-8109 1 PASS
A the eiffel tower is taller.
NOVEL=1 T CMP-ANA-8109 2 PASS
A the eiffel tower was built first.
D CMP-ANA-8110
NOVEL=1 T CMP-ANA-8110 1 PASS
A the eiffel tower is taller.
NOVEL=1 T CMP-ANA-8110 2 PASS
A the eiffel tower was built first.
D CMP-ANA-8111
NOVEL=1 T CMP-ANA-8111 1 PASS
A the eiffel tower is taller.
NOVEL=1 T CMP-ANA-8111 2 PASS
A the eiffel tower was built first.
D CMP-ANA-8112
NOVEL=1 T CMP-ANA-8112 1 PASS
A the eiffel tower is taller.
NOVEL=1 T CMP-ANA-8112 2 PASS
A the statue of liberty was dedicated first.
D CMP-ANA-8113
NOVEL=1 T CMP-ANA-8113 1 PASS
A the eiffel tower is taller.
NOVEL=1 T CMP-ANA-8113 2 PASS
A the statue of liberty was dedicated first.
D CMP-ANA-8114
NOVEL=1 T CMP-ANA-8114 1 PASS
A the eiffel tower is taller.
NOVEL=1 T CMP-ANA-8114 2 PASS
A the statue of liberty was dedicated first.
D CMP-ANA-8115
NOVEL=1 T CMP-ANA-8115 1 PASS
A the eiffel tower is taller.
NOVEL=1 T CMP-ANA-8115 2 PASS
A the eiffel tower was built first.
D CMP-ANA-8116
NOVEL=1 T CMP-ANA-8116 1 PASS
A the eiffel tower is taller.
NOVEL=1 T CMP-ANA-8116 2 PASS
A the eiffel tower was built first.
D CMP-ANA-8117
NOVEL=1 T CMP-ANA-8117 1 PASS
A the eiffel tower is taller.
NOVEL=1 T CMP-ANA-8117 2 PASS
A the eiffel tower was built first.
D CMP-ANA-8118
NOVEL=1 T CMP-ANA-8118 1 PASS
A the montparnasse tower is taller.
NOVEL=1 T CMP-ANA-8118 2 PASS
A the statue of liberty was dedicated first.
D CMP-ANA-8119
NOVEL=1 T CMP-ANA-8119 1 PASS
A the montparnasse tower is taller.
NOVEL=1 T CMP-ANA-8119 2 PASS
A the statue of liberty was dedicated first.
D CMP-ANA-8120
NOVEL=1 T CMP-ANA-8120 1 PASS
A the montparnasse tower is taller.
NOVEL=1 T CMP-ANA-8120 2 PASS
A the statue of liberty was dedicated first.
D CMP-ANA-8121
NOVEL=1 T CMP-ANA-8121 1 PASS
A the eiffel tower is taller.
NOVEL=1 T CMP-ANA-8121 2 PASS
A the statue of liberty was dedicated first.
D CMP-ANA-8122
NOVEL=1 T CMP-ANA-8122 1 PASS
A the eiffel tower is taller.
NOVEL=1 T CMP-ANA-8122 2 PASS
A the statue of liberty was dedicated first.
D CMP-ANA-8123
NOVEL=1 T CMP-ANA-8123 1 PASS
A the eiffel tower is taller.
NOVEL=1 T CMP-ANA-8123 2 PASS
A the statue of liberty was dedicated first.
D CMP-ANA-8124
NOVEL=1 T CMP-ANA-8124 1 PASS
A the montparnasse tower is taller.
NOVEL=1 T CMP-ANA-8124 2 PASS
A the statue of liberty was dedicated first.
D CMP-ANA-8125
NOVEL=1 T CMP-ANA-8125 1 PASS
A the montparnasse tower is taller.
NOVEL=1 T CMP-ANA-8125 2 PASS
A the statue of liberty was dedicated first.
D CMP-ANA-8126
NOVEL=1 T CMP-ANA-8126 1 PASS
A the montparnasse tower is taller.
NOVEL=1 T CMP-ANA-8126 2 PASS
A the statue of liberty was dedicated first.
D CMP-ANA-8127
NOVEL=1 T CMP-ANA-8127 1 PASS
A the eiffel tower is taller.
NOVEL=1 T CMP-ANA-8127 2 PASS
A the eiffel tower was built first.
D CMP-ANA-8128
NOVEL=1 T CMP-ANA-8128 1 PASS
A the eiffel tower is taller.
NOVEL=1 T CMP-ANA-8128 2 PASS
A the eiffel tower was built first.
D CMP-ANA-8129
NOVEL=1 T CMP-ANA-8129 1 PASS
A the eiffel tower is taller.
NOVEL=1 T CMP-ANA-8129 2 PASS
A the eiffel tower was built first.
D CMP-ANA-8130
NOVEL=1 T CMP-ANA-8130 1 PASS
A the eiffel tower is taller.
NOVEL=1 T CMP-ANA-8130 2 PASS
A the statue of liberty was dedicated first.
D CMP-ANA-8131
NOVEL=1 T CMP-ANA-8131 1 PASS
A the eiffel tower is taller.
NOVEL=1 T CMP-ANA-8131 2 PASS
A the statue of liberty was dedicated first.
D CMP-ANA-8132
NOVEL=1 T CMP-ANA-8132 1 PASS
A the eiffel tower is taller.
NOVEL=1 T CMP-ANA-8132 2 PASS
A the statue of liberty was dedicated first.
D CMP-ANA-8133
NOVEL=1 T CMP-ANA-8133 1 PASS
A the eiffel tower is taller.
NOVEL=1 T CMP-ANA-8133 2 PASS
A the eiffel tower was built first.
D CMP-ANA-8134
NOVEL=1 T CMP-ANA-8134 1 PASS
A the eiffel tower is taller.
NOVEL=1 T CMP-ANA-8134 2 PASS
A the eiffel tower was built first.
D CMP-ANA-8135
NOVEL=1 T CMP-ANA-8135 1 PASS
A the eiffel tower is taller.
NOVEL=1 T CMP-ANA-8135 2 PASS
A the eiffel tower was built first.
D CMP-ANA-8136
NOVEL=1 T CMP-ANA-8136 1 PASS
A the montparnasse tower is taller.
NOVEL=1 T CMP-ANA-8136 2 PASS
A the statue of liberty was dedicated first.
D CMP-ANA-8137
NOVEL=1 T CMP-ANA-8137 1 PASS
A the montparnasse tower is taller.
NOVEL=1 T CMP-ANA-8137 2 PASS
A the statue of liberty was dedicated first.
D CMP-ANA-8138
NOVEL=1 T CMP-ANA-8138 1 PASS
A the montparnasse tower is taller.
NOVEL=1 T CMP-ANA-8138 2 PASS
A the statue of liberty was dedicated first.
D CMP-ANA-8139
NOVEL=1 T CMP-ANA-8139 1 PASS
A the eiffel tower is taller.
NOVEL=1 T CMP-ANA-8139 2 PASS
A the statue of liberty was dedicated first.
D CMP-ANA-8140
NOVEL=1 T CMP-ANA-8140 1 PASS
A the eiffel tower is taller.
NOVEL=1 T CMP-ANA-8140 2 PASS
A the statue of liberty was dedicated first.
D CMP-ANA-8141
NOVEL=1 T CMP-ANA-8141 1 PASS
A the eiffel tower is taller.
NOVEL=1 T CMP-ANA-8141 2 PASS
A the statue of liberty was dedicated first.
D CMP-ANA-8142
NOVEL=1 T CMP-ANA-8142 1 PASS
A the montparnasse tower is taller.
NOVEL=1 T CMP-ANA-8142 2 PASS
A the statue of liberty was dedicated first.
D CMP-ANA-8143
NOVEL=1 T CMP-ANA-8143 1 PASS
A the montparnasse tower is taller.
NOVEL=1 T CMP-ANA-8143 2 PASS
A the statue of liberty was dedicated first.
D CMP-ANA-8144
NOVEL=1 T CMP-ANA-8144 1 PASS
A the montparnasse tower is taller.
NOVEL=1 T CMP-ANA-8144 2 PASS
A the statue of liberty was dedicated first.
D CMP-ANA-8145
NOVEL=1 T CMP-ANA-8145 1 PASS
A the eiffel tower is taller.
NOVEL=1 T CMP-ANA-8145 2 PASS
A the eiffel tower was built first.
D CMP-ANA-8146
NOVEL=1 T CMP-ANA-8146 1 PASS
A the eiffel tower is taller.
NOVEL=1 T CMP-ANA-8146 2 PASS
A the eiffel tower was built first.
D CMP-ANA-8147
NOVEL=1 T CMP-ANA-8147 1 PASS
A the eiffel tower is taller.
NOVEL=1 T CMP-ANA-8147 2 PASS
A the eiffel tower was built first.
D CMP-ANA-8148
NOVEL=1 T CMP-ANA-8148 1 PASS
A the eiffel tower is taller.
NOVEL=1 T CMP-ANA-8148 2 PASS
A the statue of liberty was dedicated first.
D CMP-ANA-8149
NOVEL=1 T CMP-ANA-8149 1 PASS
A the eiffel tower is taller.
NOVEL=1 T CMP-ANA-8149 2 PASS
A the statue of liberty was dedicated first.
D CMP-ANA-8150
NOVEL=1 T CMP-ANA-8150 1 PASS
A the eiffel tower is taller.
NOVEL=1 T CMP-ANA-8150 2 PASS
A the statue of liberty was dedicated first.
D CMP-ANA-8151
NOVEL=1 T CMP-ANA-8151 1 PASS
A the eiffel tower is taller.
NOVEL=1 T CMP-ANA-8151 2 PASS
A the eiffel tower was built first.
D CMP-ANA-8152
NOVEL=1 T CMP-ANA-8152 1 PASS
A the eiffel tower is taller.
NOVEL=1 T CMP-ANA-8152 2 PASS
A the eiffel tower was built first.
D CMP-ANA-8153
NOVEL=1 T CMP-ANA-8153 1 PASS
A the eiffel tower is taller.
NOVEL=1 T CMP-ANA-8153 2 PASS
A the eiffel tower was built first.
D CMP-ANA-8154
NOVEL=1 T CMP-ANA-8154 1 PASS
A the montparnasse tower is taller.
NOVEL=1 T CMP-ANA-8154 2 PASS
A the statue of liberty was dedicated first.
D CMP-ANA-8155
NOVEL=1 T CMP-ANA-8155 1 PASS
A the montparnasse tower is taller.
NOVEL=1 T CMP-ANA-8155 2 PASS
A the statue of liberty was dedicated first.
D CMP-ANA-8156
NOVEL=1 T CMP-ANA-8156 1 PASS
A the montparnasse tower is taller.
NOVEL=1 T CMP-ANA-8156 2 PASS
A the statue of liberty was dedicated first.
D CMP-ANA-8157
NOVEL=1 T CMP-ANA-8157 1 PASS
A the eiffel tower is taller.
NOVEL=1 T CMP-ANA-8157 2 PASS
A the statue of liberty was dedicated first.
D CMP-ANA-8158
NOVEL=1 T CMP-ANA-8158 1 PASS
A the eiffel tower is taller.
NOVEL=1 T CMP-ANA-8158 2 PASS
A the statue of liberty was dedicated first.
D CMP-ANA-8159
NOVEL=1 T CMP-ANA-8159 1 PASS
A the eiffel tower is taller.
NOVEL=1 T CMP-ANA-8159 2 PASS
A the statue of liberty was dedicated first.
D CMP-ANA-8160
NOVEL=1 T CMP-ANA-8160 1 PASS
A the montparnasse tower is taller.
NOVEL=1 T CMP-ANA-8160 2 PASS
A the statue of liberty was dedicated first.
D CMP-ANA-8161
NOVEL=1 T CMP-ANA-8161 1 PASS
A the montparnasse tower is taller.
NOVEL=1 T CMP-ANA-8161 2 PASS
A the statue of liberty was dedicated first.
D CMP-ANA-8162
NOVEL=1 T CMP-ANA-8162 1 PASS
A the montparnasse tower is taller.
NOVEL=1 T CMP-ANA-8162 2 PASS
A the statue of liberty was dedicated first.
D CMP-ANA-8163
NOVEL=1 T CMP-ANA-8163 1 PASS
A the eiffel tower is taller.
NOVEL=1 T CMP-ANA-8163 2 PASS
A the eiffel tower was built first.
D CMP-ANA-8164
NOVEL=1 T CMP-ANA-8164 1 PASS
A the eiffel tower is taller.
NOVEL=1 T CMP-ANA-8164 2 PASS
A the eiffel tower was built first.
D CMP-ANA-8165
NOVEL=1 T CMP-ANA-8165 1 PASS
A the eiffel tower is taller.
NOVEL=1 T CMP-ANA-8165 2 PASS
A the eiffel tower was built first.
D CMP-ANA-8166
NOVEL=1 T CMP-ANA-8166 1 PASS
A the eiffel tower is taller.
NOVEL=1 T CMP-ANA-8166 2 PASS
A the statue of liberty was dedicated first.
D CMP-ANA-8167
NOVEL=1 T CMP-ANA-8167 1 PASS
A the eiffel tower is taller.
NOVEL=1 T CMP-ANA-8167 2 PASS
A the statue of liberty was dedicated first.
D CMP-ANA-8168
NOVEL=1 T CMP-ANA-8168 1 PASS
A the eiffel tower is taller.
NOVEL=1 T CMP-ANA-8168 2 PASS
A the statue of liberty was dedicated first.
D CMP-ANA-8169
NOVEL=1 T CMP-ANA-8169 1 PASS
A the eiffel tower is taller.
NOVEL=1 T CMP-ANA-8169 2 PASS
A the eiffel tower was built first.
D CMP-ANA-8170
NOVEL=1 T CMP-ANA-8170 1 PASS
A the eiffel tower is taller.
NOVEL=1 T CMP-ANA-8170 2 PASS
A the eiffel tower was built first.
D CMP-ANA-8171
NOVEL=1 T CMP-ANA-8171 1 PASS
A the eiffel tower is taller.
NOVEL=1 T CMP-ANA-8171 2 PASS
A the eiffel tower was built first.
D CMP-ANA-8172
NOVEL=1 T CMP-ANA-8172 1 PASS
A the montparnasse tower is taller.
NOVEL=1 T CMP-ANA-8172 2 PASS
A the statue of liberty was dedicated first.
D CMP-ANA-8173
NOVEL=1 T CMP-ANA-8173 1 PASS
A the montparnasse tower is taller.
NOVEL=1 T CMP-ANA-8173 2 PASS
A the statue of liberty was dedicated first.
D CMP-ANA-8174
NOVEL=1 T CMP-ANA-8174 1 PASS
A the montparnasse tower is taller.
NOVEL=1 T CMP-ANA-8174 2 PASS
A the statue of liberty was dedicated first.
D CMP-ANA-8175
NOVEL=1 T CMP-ANA-8175 1 PASS
A the eiffel tower is taller.
NOVEL=1 T CMP-ANA-8175 2 PASS
A the statue of liberty was dedicated first.
D CMP-ANA-8176
NOVEL=1 T CMP-ANA-8176 1 PASS
A the eiffel tower is taller.
NOVEL=1 T CMP-ANA-8176 2 PASS
A the statue of liberty was dedicated first.
D CMP-ANA-8177
NOVEL=1 T CMP-ANA-8177 1 PASS
A the eiffel tower is taller.
NOVEL=1 T CMP-ANA-8177 2 PASS
A the statue of liberty was dedicated first.
D CMP-ANA-8178
NOVEL=1 T CMP-ANA-8178 1 PASS
A the montparnasse tower is taller.
NOVEL=1 T CMP-ANA-8178 2 PASS
A the statue of liberty was dedicated first.
D CMP-ANA-8179
NOVEL=1 T CMP-ANA-8179 1 PASS
A the montparnasse tower is taller.
NOVEL=1 T CMP-ANA-8179 2 PASS
A the statue of liberty was dedicated first.
D CMP-ANA-8180
NOVEL=1 T CMP-ANA-8180 1 PASS
A the montparnasse tower is taller.
NOVEL=1 T CMP-ANA-8180 2 PASS
A the statue of liberty was dedicated first.
D CMP-ANA-8181
NOVEL=1 T CMP-ANA-8181 1 PASS
A the eiffel tower is taller.
NOVEL=1 T CMP-ANA-8181 2 PASS
A the eiffel tower was built first.
D CMP-ANA-8182
NOVEL=1 T CMP-ANA-8182 1 PASS
A the eiffel tower is taller.
NOVEL=1 T CMP-ANA-8182 2 PASS
A the eiffel tower was built first.
D CMP-ANA-8183
NOVEL=1 T CMP-ANA-8183 1 PASS
A the eiffel tower is taller.
NOVEL=1 T CMP-ANA-8183 2 PASS
A the eiffel tower was built first.
D CMP-ANA-8184
NOVEL=1 T CMP-ANA-8184 1 PASS
A the eiffel tower is taller.
NOVEL=1 T CMP-ANA-8184 2 PASS
A the statue of liberty was dedicated first.
D CMP-ANA-8185
NOVEL=1 T CMP-ANA-8185 1 PASS
A the eiffel tower is taller.
NOVEL=1 T CMP-ANA-8185 2 PASS
A the statue of liberty was dedicated first.
D CMP-ANA-8186
NOVEL=1 T CMP-ANA-8186 1 PASS
A the eiffel tower is taller.
NOVEL=1 T CMP-ANA-8186 2 PASS
A the statue of liberty was dedicated first.
D CMP-ANA-8187
NOVEL=1 T CMP-ANA-8187 1 PASS
A the eiffel tower is taller.
NOVEL=1 T CMP-ANA-8187 2 PASS
A the eiffel tower was built first.
D CMP-ANA-8188
NOVEL=1 T CMP-ANA-8188 1 PASS
A the eiffel tower is taller.
NOVEL=1 T CMP-ANA-8188 2 PASS
A the eiffel tower was built first.
D CMP-ANA-8189
NOVEL=1 T CMP-ANA-8189 1 PASS
A the eiffel tower is taller.
NOVEL=1 T CMP-ANA-8189 2 PASS
A the eiffel tower was built first.
D CMP-ANA-8190
NOVEL=1 T CMP-ANA-8190 1 PASS
A the montparnasse tower is taller.
NOVEL=1 T CMP-ANA-8190 2 PASS
A the statue of liberty was dedicated first.
D CMP-ANA-8191
NOVEL=1 T CMP-ANA-8191 1 PASS
A the montparnasse tower is taller.
NOVEL=1 T CMP-ANA-8191 2 PASS
A the statue of liberty was dedicated first.
D CMP-ANA-8192
NOVEL=1 T CMP-ANA-8192 1 PASS
A the montparnasse tower is taller.
NOVEL=1 T CMP-ANA-8192 2 PASS
A the statue of liberty was dedicated first.
D CMP-ANA-8193
NOVEL=1 T CMP-ANA-8193 1 PASS
A the eiffel tower is taller.
NOVEL=1 T CMP-ANA-8193 2 PASS
A the statue of liberty was dedicated first.
D CMP-ANA-8194
NOVEL=1 T CMP-ANA-8194 1 PASS
A the eiffel tower is taller.
NOVEL=1 T CMP-ANA-8194 2 PASS
A the statue of liberty was dedicated first.
D CMP-ANA-8195
NOVEL=1 T CMP-ANA-8195 1 PASS
A the eiffel tower is taller.
NOVEL=1 T CMP-ANA-8195 2 PASS
A the statue of liberty was dedicated first.
D CMP-ANA-8196
NOVEL=1 T CMP-ANA-8196 1 PASS
A the montparnasse tower is taller.
NOVEL=1 T CMP-ANA-8196 2 PASS
A the statue of liberty was dedicated first.
D CMP-ANA-8197
NOVEL=1 T CMP-ANA-8197 1 PASS
A the montparnasse tower is taller.
NOVEL=1 T CMP-ANA-8197 2 PASS
A the statue of liberty was dedicated first.
D CMP-ANA-8198
NOVEL=1 T CMP-ANA-8198 1 PASS
A the montparnasse tower is taller.
NOVEL=1 T CMP-ANA-8198 2 PASS
A the statue of liberty was dedicated first.
D CMP-ANA-8199
NOVEL=1 T CMP-ANA-8199 1 PASS
A the eiffel tower is taller.
NOVEL=1 T CMP-ANA-8199 2 PASS
A the eiffel tower was built first.
D CMP-ANA-8200
NOVEL=1 T CMP-ANA-8200 1 PASS
A the eiffel tower is taller.
NOVEL=1 T CMP-ANA-8200 2 PASS
A the eiffel tower was built first.
D CMP-ANA-8201
NOVEL=1 T CMP-ANA-8201 1 PASS
A the eiffel tower is taller.
NOVEL=1 T CMP-ANA-8201 2 PASS
A the eiffel tower was built first.
D CMP-ANA-8202
NOVEL=1 T CMP-ANA-8202 1 PASS
A the eiffel tower is taller.
NOVEL=1 T CMP-ANA-8202 2 PASS
A the statue of liberty was dedicated first.
D CMP-ANA-8203
NOVEL=1 T CMP-ANA-8203 1 PASS
A the eiffel tower is taller.
NOVEL=1 T CMP-ANA-8203 2 PASS
A the statue of liberty was dedicated first.
D CMP-ANA-8204
NOVEL=1 T CMP-ANA-8204 1 PASS
A the eiffel tower is taller.
NOVEL=1 T CMP-ANA-8204 2 PASS
A the statue of liberty was dedicated first.
D CMP-ANA-8205
NOVEL=1 T CMP-ANA-8205 1 PASS
A the eiffel tower is taller.
NOVEL=1 T CMP-ANA-8205 2 PASS
A the eiffel tower was built first.
D CMP-ANA-8206
NOVEL=1 T CMP-ANA-8206 1 PASS
A the eiffel tower is taller.
NOVEL=1 T CMP-ANA-8206 2 PASS
A the eiffel tower was built first.
D CMP-ANA-8207
NOVEL=1 T CMP-ANA-8207 1 PASS
A the eiffel tower is taller.
NOVEL=1 T CMP-ANA-8207 2 PASS
A the eiffel tower was built first.
D CMP-ANA-8208
NOVEL=1 T CMP-ANA-8208 1 PASS
A the montparnasse tower is taller.
NOVEL=1 T CMP-ANA-8208 2 PASS
A the statue of liberty was dedicated first.
D CMP-ANA-8209
NOVEL=1 T CMP-ANA-8209 1 PASS
A the montparnasse tower is taller.
NOVEL=1 T CMP-ANA-8209 2 PASS
A the statue of liberty was dedicated first.
D CMP-ANA-8210
NOVEL=1 T CMP-ANA-8210 1 PASS
A the montparnasse tower is taller.
NOVEL=1 T CMP-ANA-8210 2 PASS
A the statue of liberty was dedicated first.
D CMP-ANA-8211
NOVEL=1 T CMP-ANA-8211 1 PASS
A the eiffel tower is taller.
NOVEL=1 T CMP-ANA-8211 2 PASS
A the statue of liberty was dedicated first.
D CMP-ANA-8212
NOVEL=1 T CMP-ANA-8212 1 PASS
A the eiffel tower is taller.
NOVEL=1 T CMP-ANA-8212 2 PASS
A the statue of liberty was dedicated first.
D CMP-ANA-8213
NOVEL=1 T CMP-ANA-8213 1 PASS
A the eiffel tower is taller.
NOVEL=1 T CMP-ANA-8213 2 PASS
A the statue of liberty was dedicated first.
D CMP-ANA-8214
NOVEL=1 T CMP-ANA-8214 1 PASS
A the montparnasse tower is taller.
NOVEL=1 T CMP-ANA-8214 2 PASS
A the statue of liberty was dedicated first.
D CMP-ANA-8215
NOVEL=1 T CMP-ANA-8215 1 PASS
A the montparnasse tower is taller.
NOVEL=1 T CMP-ANA-8215 2 PASS
A the statue of liberty was dedicated first.
D CMP-ANA-8216
NOVEL=1 T CMP-ANA-8216 1 PASS
A the montparnasse tower is taller.
NOVEL=1 T CMP-ANA-8216 2 PASS
A the statue of liberty was dedicated first.
D CMP-ANA-8217
NOVEL=1 T CMP-ANA-8217 1 PASS
A the eiffel tower is taller.
NOVEL=1 T CMP-ANA-8217 2 PASS
A the eiffel tower was built first.
D CMP-ANA-8218
NOVEL=1 T CMP-ANA-8218 1 PASS
A the eiffel tower is taller.
NOVEL=1 T CMP-ANA-8218 2 PASS
A the eiffel tower was built first.
D CMP-ANA-8219
NOVEL=1 T CMP-ANA-8219 1 PASS
A the eiffel tower is taller.
NOVEL=1 T CMP-ANA-8219 2 PASS
A the eiffel tower was built first.
D CMP-ANA-8220
NOVEL=1 T CMP-ANA-8220 1 PASS
A the eiffel tower is taller.
NOVEL=1 T CMP-ANA-8220 2 PASS
A the statue of liberty was dedicated first.
D CMP-ANA-8221
NOVEL=1 T CMP-ANA-8221 1 PASS
A the eiffel tower is taller.
NOVEL=1 T CMP-ANA-8221 2 PASS
A the statue of liberty was dedicated first.
D CMP-ANA-8222
NOVEL=1 T CMP-ANA-8222 1 PASS
A the eiffel tower is taller.
NOVEL=1 T CMP-ANA-8222 2 PASS
A the statue of liberty was dedicated first.
D CMP-ANA-8223
NOVEL=1 T CMP-ANA-8223 1 PASS
A the eiffel tower is taller.
NOVEL=1 T CMP-ANA-8223 2 PASS
A the eiffel tower was built first.
D CMP-ANA-8224
NOVEL=1 T CMP-ANA-8224 1 PASS
A the eiffel tower is taller.
NOVEL=1 T CMP-ANA-8224 2 PASS
A the eiffel tower was built first.
D CMP-ANA-8225
NOVEL=1 T CMP-ANA-8225 1 PASS
A the eiffel tower is taller.
NOVEL=1 T CMP-ANA-8225 2 PASS
A the eiffel tower was built first.
D CMP-ANA-8226
NOVEL=1 T CMP-ANA-8226 1 PASS
A the montparnasse tower is taller.
NOVEL=1 T CMP-ANA-8226 2 PASS
A the statue of liberty was dedicated first.
D CMP-ANA-8227
NOVEL=1 T CMP-ANA-8227 1 PASS
A the montparnasse tower is taller.
NOVEL=1 T CMP-ANA-8227 2 PASS
A the statue of liberty was dedicated first.
D CMP-ANA-8228
NOVEL=1 T CMP-ANA-8228 1 PASS
A the montparnasse tower is taller.
NOVEL=1 T CMP-ANA-8228 2 PASS
A the statue of liberty was dedicated first.
D CMP-ANA-8229
NOVEL=1 T CMP-ANA-8229 1 PASS
A the eiffel tower is taller.
NOVEL=1 T CMP-ANA-8229 2 PASS
A the statue of liberty was dedicated first.
D CMP-ANA-8230
NOVEL=1 T CMP-ANA-8230 1 PASS
A the eiffel tower is taller.
NOVEL=1 T CMP-ANA-8230 2 PASS
A the statue of liberty was dedicated first.
D CMP-ANA-8231
NOVEL=1 T CMP-ANA-8231 1 PASS
A the eiffel tower is taller.
NOVEL=1 T CMP-ANA-8231 2 PASS
A the statue of liberty was dedicated first.
D CMP-ANA-8232
NOVEL=1 T CMP-ANA-8232 1 PASS
A the montparnasse tower is taller.
NOVEL=1 T CMP-ANA-8232 2 PASS
A the statue of liberty was dedicated first.
D CMP-ANA-8233
NOVEL=1 T CMP-ANA-8233 1 PASS
A the montparnasse tower is taller.
NOVEL=1 T CMP-ANA-8233 2 PASS
A the statue of liberty was dedicated first.
D CMP-ANA-8234
NOVEL=1 T CMP-ANA-8234 1 PASS
A the montparnasse tower is taller.
NOVEL=1 T CMP-ANA-8234 2 PASS
A the statue of liberty was dedicated first.
D CMP-ANA-8235
NOVEL=1 T CMP-ANA-8235 1 PASS
A the eiffel tower is taller.
NOVEL=1 T CMP-ANA-8235 2 PASS
A the eiffel tower was built first.
D CMP-ANA-8236
NOVEL=1 T CMP-ANA-8236 1 PASS
A the eiffel tower is taller.
NOVEL=1 T CMP-ANA-8236 2 PASS
A the eiffel tower was built first.
D CMP-ANA-8237
NOVEL=1 T CMP-ANA-8237 1 PASS
A the eiffel tower is taller.
NOVEL=1 T CMP-ANA-8237 2 PASS
A the eiffel tower was built first.
D CMP-ANA-8238
NOVEL=1 T CMP-ANA-8238 1 PASS
A the eiffel tower is taller.
NOVEL=1 T CMP-ANA-8238 2 PASS
A the statue of liberty was dedicated first.
D CMP-ANA-8239
NOVEL=1 T CMP-ANA-8239 1 PASS
A the eiffel tower is taller.
NOVEL=1 T CMP-ANA-8239 2 PASS
A the statue of liberty was dedicated first.
D CMP-ANA-8240
NOVEL=1 T CMP-ANA-8240 1 PASS
A the eiffel tower is taller.
NOVEL=1 T CMP-ANA-8240 2 PASS
A the statue of liberty was dedicated first.
D CMP-ANA-8241
NOVEL=1 T CMP-ANA-8241 1 PASS
A the eiffel tower is taller.
NOVEL=1 T CMP-ANA-8241 2 PASS
A the eiffel tower was built first.
D CMP-ANA-8242
NOVEL=1 T CMP-ANA-8242 1 PASS
A the eiffel tower is taller.
NOVEL=1 T CMP-ANA-8242 2 PASS
A the eiffel tower was built first.
D CMP-ANA-8243
NOVEL=1 T CMP-ANA-8243 1 PASS
A the eiffel tower is taller.
NOVEL=1 T CMP-ANA-8243 2 PASS
A the eiffel tower was built first.
D CMP-ANA-8244
NOVEL=1 T CMP-ANA-8244 1 PASS
A the montparnasse tower is taller.
NOVEL=1 T CMP-ANA-8244 2 PASS
A the statue of liberty was dedicated first.
D CMP-ANA-8245
NOVEL=1 T CMP-ANA-8245 1 PASS
A the montparnasse tower is taller.
NOVEL=1 T CMP-ANA-8245 2 PASS
A the statue of liberty was dedicated first.
D CMP-ANA-8246
NOVEL=1 T CMP-ANA-8246 1 PASS
A the montparnasse tower is taller.
NOVEL=1 T CMP-ANA-8246 2 PASS
A the statue of liberty was dedicated first.
D CMP-ANA-8247
NOVEL=1 T CMP-ANA-8247 1 PASS
A the eiffel tower is taller.
NOVEL=1 T CMP-ANA-8247 2 PASS
A the statue of liberty was dedicated first.
D CMP-ANA-8248
NOVEL=1 T CMP-ANA-8248 1 PASS
A the eiffel tower is taller.
NOVEL=1 T CMP-ANA-8248 2 PASS
A the statue of liberty was dedicated first.
D CMP-ANA-8249
NOVEL=1 T CMP-ANA-8249 1 PASS
A the eiffel tower is taller.
NOVEL=1 T CMP-ANA-8249 2 PASS
A the statue of liberty was dedicated first.
D CMP-ANA-8250
NOVEL=1 T CMP-ANA-8250 1 PASS
A the montparnasse tower is taller.
NOVEL=1 T CMP-ANA-8250 2 PASS
A the statue of liberty was dedicated first.
D CMP-ANA-8251
NOVEL=1 T CMP-ANA-8251 1 PASS
A the montparnasse tower is taller.
NOVEL=1 T CMP-ANA-8251 2 PASS
A the statue of liberty was dedicated first.
D CMP-ANA-8252
NOVEL=1 T CMP-ANA-8252 1 PASS
A the montparnasse tower is taller.
NOVEL=1 T CMP-ANA-8252 2 PASS
A the statue of liberty was dedicated first.
D CMP-ANA-8253
NOVEL=1 T CMP-ANA-8253 1 PASS
A the eiffel tower is taller.
NOVEL=1 T CMP-ANA-8253 2 PASS
A the eiffel tower was built first.
D CMP-ANA-8254
NOVEL=1 T CMP-ANA-8254 1 PASS
A the eiffel tower is taller.
NOVEL=1 T CMP-ANA-8254 2 PASS
A the eiffel tower was built first.
D CMP-ANA-8255
NOVEL=1 T CMP-ANA-8255 1 PASS
A the eiffel tower is taller.
NOVEL=1 T CMP-ANA-8255 2 PASS
A the eiffel tower was built first.
D CMP-ANA-8256
NOVEL=1 T CMP-ANA-8256 1 PASS
A the eiffel tower is taller.
NOVEL=1 T CMP-ANA-8256 2 PASS
A the statue of liberty was dedicated first.
D CMP-ANA-8257
NOVEL=1 T CMP-ANA-8257 1 PASS
A the eiffel tower is taller.
NOVEL=1 T CMP-ANA-8257 2 PASS
A the statue of liberty was dedicated first.
D CMP-ANA-8258
NOVEL=1 T CMP-ANA-8258 1 PASS
A the eiffel tower is taller.
NOVEL=1 T CMP-ANA-8258 2 PASS
A the statue of liberty was dedicated first.
D CMP-ANA-8259
NOVEL=1 T CMP-ANA-8259 1 PASS
A the eiffel tower is taller.
NOVEL=1 T CMP-ANA-8259 2 PASS
A the eiffel tower was built first.
D CMP-ANA-8260
NOVEL=1 T CMP-ANA-8260 1 PASS
A the eiffel tower is taller.
NOVEL=1 T CMP-ANA-8260 2 PASS
A the eiffel tower was built first.
D CMP-ANA-8261
NOVEL=1 T CMP-ANA-8261 1 PASS
A the eiffel tower is taller.
NOVEL=1 T CMP-ANA-8261 2 PASS
A the eiffel tower was built first.
D CMP-ANA-8262
NOVEL=1 T CMP-ANA-8262 1 PASS
A the montparnasse tower is taller.
NOVEL=1 T CMP-ANA-8262 2 PASS
A the statue of liberty was dedicated first.
D CMP-ANA-8263
NOVEL=1 T CMP-ANA-8263 1 PASS
A the montparnasse tower is taller.
NOVEL=1 T CMP-ANA-8263 2 PASS
A the statue of liberty was dedicated first.
D CMP-ANA-8264
NOVEL=1 T CMP-ANA-8264 1 PASS
A the montparnasse tower is taller.
NOVEL=1 T CMP-ANA-8264 2 PASS
A the statue of liberty was dedicated first.
D CMP-ANA-8265
NOVEL=1 T CMP-ANA-8265 1 PASS
A the eiffel tower is taller.
NOVEL=1 T CMP-ANA-8265 2 PASS
A the statue of liberty was dedicated first.
D CMP-ANA-8266
NOVEL=1 T CMP-ANA-8266 1 PASS
A the eiffel tower is taller.
NOVEL=1 T CMP-ANA-8266 2 PASS
A the statue of liberty was dedicated first.
D CMP-ANA-8267
NOVEL=1 T CMP-ANA-8267 1 PASS
A the eiffel tower is taller.
NOVEL=1 T CMP-ANA-8267 2 PASS
A the statue of liberty was dedicated first.
D CMP-ANA-8268
NOVEL=1 T CMP-ANA-8268 1 PASS
A the montparnasse tower is taller.
NOVEL=1 T CMP-ANA-8268 2 PASS
A the statue of liberty was dedicated first.
D CMP-ANA-8269
NOVEL=1 T CMP-ANA-8269 1 PASS
A the montparnasse tower is taller.
NOVEL=1 T CMP-ANA-8269 2 PASS
A the statue of liberty was dedicated first.
D CMP-ANA-8270
NOVEL=1 T CMP-ANA-8270 1 PASS
A the montparnasse tower is taller.
NOVEL=1 T CMP-ANA-8270 2 PASS
A the statue of liberty was dedicated first.
D CMP-ANA-8271
NOVEL=1 T CMP-ANA-8271 1 PASS
A the eiffel tower is taller.
NOVEL=1 T CMP-ANA-8271 2 PASS
A the eiffel tower was built first.
D CMP-ANA-8272
NOVEL=1 T CMP-ANA-8272 1 PASS
A the eiffel tower is taller.
NOVEL=1 T CMP-ANA-8272 2 PASS
A the eiffel tower was built first.
D CMP-ANA-8273
NOVEL=1 T CMP-ANA-8273 1 PASS
A the eiffel tower is taller.
NOVEL=1 T CMP-ANA-8273 2 PASS
A the eiffel tower was built first.
D CMP-ANA-8274
NOVEL=1 T CMP-ANA-8274 1 PASS
A the eiffel tower is taller.
NOVEL=1 T CMP-ANA-8274 2 PASS
A the statue of liberty was dedicated first.
D CMP-ANA-8275
NOVEL=1 T CMP-ANA-8275 1 PASS
A the eiffel tower is taller.
NOVEL=1 T CMP-ANA-8275 2 PASS
A the statue of liberty was dedicated first.
D CMP-ANA-8276
NOVEL=1 T CMP-ANA-8276 1 PASS
A the eiffel tower is taller.
NOVEL=1 T CMP-ANA-8276 2 PASS
A the statue of liberty was dedicated first.
D CMP-ANA-8277
NOVEL=1 T CMP-ANA-8277 1 PASS
A the eiffel tower is taller.
NOVEL=1 T CMP-ANA-8277 2 PASS
A the eiffel tower was built first.
D CMP-ANA-8278
NOVEL=1 T CMP-ANA-8278 1 PASS
A the eiffel tower is taller.
NOVEL=1 T CMP-ANA-8278 2 PASS
A the eiffel tower was built first.
D CMP-ANA-8279
NOVEL=1 T CMP-ANA-8279 1 PASS
A the eiffel tower is taller.
NOVEL=1 T CMP-ANA-8279 2 PASS
A the eiffel tower was built first.
D CMP-ANA-8280
NOVEL=1 T CMP-ANA-8280 1 PASS
A the montparnasse tower is taller.
NOVEL=1 T CMP-ANA-8280 2 PASS
A the statue of liberty was dedicated first.
D CMP-ANA-8281
NOVEL=1 T CMP-ANA-8281 1 PASS
A the montparnasse tower is taller.
NOVEL=1 T CMP-ANA-8281 2 PASS
A the statue of liberty was dedicated first.
D CMP-ANA-8282
NOVEL=1 T CMP-ANA-8282 1 PASS
A the montparnasse tower is taller.
NOVEL=1 T CMP-ANA-8282 2 PASS
A the statue of liberty was dedicated first.
D CMP-ANA-8283
NOVEL=1 T CMP-ANA-8283 1 PASS
A the eiffel tower is taller.
NOVEL=1 T CMP-ANA-8283 2 PASS
A the statue of liberty was dedicated first.
D CMP-ANA-8284
NOVEL=1 T CMP-ANA-8284 1 PASS
A the eiffel tower is taller.
NOVEL=1 T CMP-ANA-8284 2 PASS
A the statue of liberty was dedicated first.
D CMP-ANA-8285
NOVEL=1 T CMP-ANA-8285 1 PASS
A the eiffel tower is taller.
NOVEL=1 T CMP-ANA-8285 2 PASS
A the statue of liberty was dedicated first.
D CMP-ANA-8286
NOVEL=1 T CMP-ANA-8286 1 PASS
A the montparnasse tower is taller.
NOVEL=1 T CMP-ANA-8286 2 PASS
A the statue of liberty was dedicated first.
D CMP-ANA-8287
NOVEL=1 T CMP-ANA-8287 1 PASS
A the montparnasse tower is taller.
NOVEL=1 T CMP-ANA-8287 2 PASS
A the statue of liberty was dedicated first.
D CMP-ANA-8288
NOVEL=1 T CMP-ANA-8288 1 PASS
A the montparnasse tower is taller.
NOVEL=1 T CMP-ANA-8288 2 PASS
A the statue of liberty was dedicated first.
D CMP-ANA-8289
NOVEL=1 T CMP-ANA-8289 1 PASS
A the eiffel tower is taller.
NOVEL=1 T CMP-ANA-8289 2 PASS
A the eiffel tower was built first.
D CMP-ANA-8290
NOVEL=1 T CMP-ANA-8290 1 PASS
A the eiffel tower is taller.
NOVEL=1 T CMP-ANA-8290 2 PASS
A the eiffel tower was built first.
D CMP-ANA-8291
NOVEL=1 T CMP-ANA-8291 1 PASS
A the eiffel tower is taller.
NOVEL=1 T CMP-ANA-8291 2 PASS
A the eiffel tower was built first.
D CMP-ANA-8292
NOVEL=1 T CMP-ANA-8292 1 PASS
A the eiffel tower is taller.
NOVEL=1 T CMP-ANA-8292 2 PASS
A the statue of liberty was dedicated first.
D CMP-ANA-8293
NOVEL=1 T CMP-ANA-8293 1 PASS
A the eiffel tower is taller.
NOVEL=1 T CMP-ANA-8293 2 PASS
A the statue of liberty was dedicated first.
D CMP-ANA-8294
NOVEL=1 T CMP-ANA-8294 1 PASS
A the eiffel tower is taller.
NOVEL=1 T CMP-ANA-8294 2 PASS
A the statue of liberty was dedicated first.
D CMP-ANA-8295
NOVEL=1 T CMP-ANA-8295 1 PASS
A the eiffel tower is taller.
NOVEL=1 T CMP-ANA-8295 2 PASS
A the eiffel tower was built first.
D CMP-ANA-8296
NOVEL=1 T CMP-ANA-8296 1 PASS
A the eiffel tower is taller.
NOVEL=1 T CMP-ANA-8296 2 PASS
A the eiffel tower was built first.
D CMP-ANA-8297
NOVEL=1 T CMP-ANA-8297 1 PASS
A the eiffel tower is taller.
NOVEL=1 T CMP-ANA-8297 2 PASS
A the eiffel tower was built first.
D CMP-ANA-8298
NOVEL=1 T CMP-ANA-8298 1 PASS
A the montparnasse tower is taller.
NOVEL=1 T CMP-ANA-8298 2 PASS
A the statue of liberty was dedicated first.
D CMP-ANA-8299
NOVEL=1 T CMP-ANA-8299 1 PASS
A the montparnasse tower is taller.
NOVEL=1 T CMP-ANA-8299 2 PASS
A the statue of liberty was dedicated first.
D CMP-ANA-8300
NOVEL=1 T CMP-ANA-8300 1 PASS
A the montparnasse tower is taller.
NOVEL=1 T CMP-ANA-8300 2 PASS
A the statue of liberty was dedicated first.
D CMP-ANA-8301
NOVEL=1 T CMP-ANA-8301 1 PASS
A the eiffel tower is taller.
NOVEL=1 T CMP-ANA-8301 2 PASS
A the statue of liberty was dedicated first.
D CMP-ANA-8302
NOVEL=1 T CMP-ANA-8302 1 PASS
A the eiffel tower is taller.
NOVEL=1 T CMP-ANA-8302 2 PASS
A the statue of liberty was dedicated first.
D CMP-ANA-8303
NOVEL=1 T CMP-ANA-8303 1 PASS
A the eiffel tower is taller.
NOVEL=1 T CMP-ANA-8303 2 PASS
A the statue of liberty was dedicated first.
D CMP-ANA-8304
NOVEL=1 T CMP-ANA-8304 1 PASS
A the montparnasse tower is taller.
NOVEL=1 T CMP-ANA-8304 2 PASS
A the statue of liberty was dedicated first.
D CMP-ANA-8305
NOVEL=1 T CMP-ANA-8305 1 PASS
A the montparnasse tower is taller.
NOVEL=1 T CMP-ANA-8305 2 PASS
A the statue of liberty was dedicated first.
D CMP-ANA-8306
NOVEL=1 T CMP-ANA-8306 1 PASS
A the montparnasse tower is taller.
NOVEL=1 T CMP-ANA-8306 2 PASS
A the statue of liberty was dedicated first.
D CMP-ANA-8307
NOVEL=1 T CMP-ANA-8307 1 PASS
A the eiffel tower is taller.
NOVEL=1 T CMP-ANA-8307 2 PASS
A the eiffel tower was built first.
D CMP-ANA-8308
NOVEL=1 T CMP-ANA-8308 1 PASS
A the eiffel tower is taller.
NOVEL=1 T CMP-ANA-8308 2 PASS
A the eiffel tower was built first.
D CMP-ANA-8309
NOVEL=1 T CMP-ANA-8309 1 PASS
A the eiffel tower is taller.
NOVEL=1 T CMP-ANA-8309 2 PASS
A the eiffel tower was built first.
D CMP-ANA-8310
NOVEL=1 T CMP-ANA-8310 1 PASS
A the eiffel tower is taller.
NOVEL=1 T CMP-ANA-8310 2 PASS
A the statue of liberty was dedicated first.
D CMP-ANA-8311
NOVEL=1 T CMP-ANA-8311 1 PASS
A the eiffel tower is taller.
NOVEL=1 T CMP-ANA-8311 2 PASS
A the statue of liberty was dedicated first.
D CMP-ANA-8312
NOVEL=1 T CMP-ANA-8312 1 PASS
A the eiffel tower is taller.
NOVEL=1 T CMP-ANA-8312 2 PASS
A the statue of liberty was dedicated first.
D CMP-ANA-8313
NOVEL=1 T CMP-ANA-8313 1 PASS
A the eiffel tower is taller.
NOVEL=1 T CMP-ANA-8313 2 PASS
A the eiffel tower was built first.
D CMP-ANA-8314
NOVEL=1 T CMP-ANA-8314 1 PASS
A the eiffel tower is taller.
NOVEL=1 T CMP-ANA-8314 2 PASS
A the eiffel tower was built first.
D CMP-ANA-8315
NOVEL=1 T CMP-ANA-8315 1 PASS
A the eiffel tower is taller.
NOVEL=1 T CMP-ANA-8315 2 PASS
A the eiffel tower was built first.
D CMP-ANA-8316
NOVEL=1 T CMP-ANA-8316 1 PASS
A the montparnasse tower is taller.
NOVEL=1 T CMP-ANA-8316 2 PASS
A the statue of liberty was dedicated first.
D CMP-ANA-8317
NOVEL=1 T CMP-ANA-8317 1 PASS
A the montparnasse tower is taller.
NOVEL=1 T CMP-ANA-8317 2 PASS
A the statue of liberty was dedicated first.
D CMP-ANA-8318
NOVEL=1 T CMP-ANA-8318 1 PASS
A the montparnasse tower is taller.
NOVEL=1 T CMP-ANA-8318 2 PASS
A the statue of liberty was dedicated first.
D CMP-ANA-8319
NOVEL=1 T CMP-ANA-8319 1 PASS
A the eiffel tower is taller.
NOVEL=1 T CMP-ANA-8319 2 PASS
A the statue of liberty was dedicated first.
D CMP-ANA-8320
NOVEL=1 T CMP-ANA-8320 1 PASS
A the eiffel tower is taller.
NOVEL=1 T CMP-ANA-8320 2 PASS
A the statue of liberty was dedicated first.
D CMP-ANA-8321
NOVEL=1 T CMP-ANA-8321 1 PASS
A the eiffel tower is taller.
NOVEL=1 T CMP-ANA-8321 2 PASS
A the statue of liberty was dedicated first.
D CMP-ANA-8322
NOVEL=1 T CMP-ANA-8322 1 PASS
A the montparnasse tower is taller.
NOVEL=1 T CMP-ANA-8322 2 PASS
A the statue of liberty was dedicated first.
D CMP-ANA-8323
NOVEL=1 T CMP-ANA-8323 1 PASS
A the montparnasse tower is taller.
NOVEL=1 T CMP-ANA-8323 2 PASS
A the statue of liberty was dedicated first.
D CMP-ANA-8324
NOVEL=1 T CMP-ANA-8324 1 PASS
A the montparnasse tower is taller.
NOVEL=1 T CMP-ANA-8324 2 PASS
A the statue of liberty was dedicated first.
D CMP-ANA-8325
NOVEL=1 T CMP-ANA-8325 1 PASS
A the eiffel tower is taller.
NOVEL=1 T CMP-ANA-8325 2 PASS
A the eiffel tower was built first.
D CMP-ANA-8326
NOVEL=1 T CMP-ANA-8326 1 PASS
A the eiffel tower is taller.
NOVEL=1 T CMP-ANA-8326 2 PASS
A the eiffel tower was built first.
D CMP-ANA-8327
NOVEL=1 T CMP-ANA-8327 1 PASS
A the eiffel tower is taller.
NOVEL=1 T CMP-ANA-8327 2 PASS
A the eiffel tower was built first.
D CMP-ANA-8328
NOVEL=1 T CMP-ANA-8328 1 PASS
A the eiffel tower is taller.
NOVEL=1 T CMP-ANA-8328 2 PASS
A the statue of liberty was dedicated first.
D CMP-ANA-8329
NOVEL=1 T CMP-ANA-8329 1 PASS
A the eiffel tower is taller.
NOVEL=1 T CMP-ANA-8329 2 PASS
A the statue of liberty was dedicated first.
D CMP-ANA-8330
NOVEL=1 T CMP-ANA-8330 1 PASS
A the eiffel tower is taller.
NOVEL=1 T CMP-ANA-8330 2 PASS
A the statue of liberty was dedicated first.
D CMP-ANA-8331
NOVEL=1 T CMP-ANA-8331 1 PASS
A the eiffel tower is taller.
NOVEL=1 T CMP-ANA-8331 2 PASS
A the eiffel tower was built first.
D CMP-ANA-8332
NOVEL=1 T CMP-ANA-8332 1 PASS
A the eiffel tower is taller.
NOVEL=1 T CMP-ANA-8332 2 PASS
A the eiffel tower was built first.
D CMP-ANA-8333
NOVEL=1 T CMP-ANA-8333 1 PASS
A the eiffel tower is taller.
NOVEL=1 T CMP-ANA-8333 2 PASS
A the eiffel tower was built first.
D CMP-ANA-8334
NOVEL=1 T CMP-ANA-8334 1 PASS
A the montparnasse tower is taller.
NOVEL=1 T CMP-ANA-8334 2 PASS
A the statue of liberty was dedicated first.
D CMP-ANA-8335
NOVEL=1 T CMP-ANA-8335 1 PASS
A the montparnasse tower is taller.
NOVEL=1 T CMP-ANA-8335 2 PASS
A the statue of liberty was dedicated first.
D CMP-ANA-8336
NOVEL=1 T CMP-ANA-8336 1 PASS
A the montparnasse tower is taller.
NOVEL=1 T CMP-ANA-8336 2 PASS
A the statue of liberty was dedicated first.
D CMP-ANA-8337
NOVEL=1 T CMP-ANA-8337 1 PASS
A the eiffel tower is taller.
NOVEL=1 T CMP-ANA-8337 2 PASS
A the statue of liberty was dedicated first.
D CMP-ANA-8338
NOVEL=1 T CMP-ANA-8338 1 PASS
A the eiffel tower is taller.
NOVEL=1 T CMP-ANA-8338 2 PASS
A the statue of liberty was dedicated first.
D CMP-ANA-8339
NOVEL=1 T CMP-ANA-8339 1 PASS
A the eiffel tower is taller.
NOVEL=1 T CMP-ANA-8339 2 PASS
A the statue of liberty was dedicated first.
D CMP-ANA-8340
NOVEL=1 T CMP-ANA-8340 1 PASS
A the montparnasse tower is taller.
NOVEL=1 T CMP-ANA-8340 2 PASS
A the statue of liberty was dedicated first.
D CMP-ANA-8341
NOVEL=1 T CMP-ANA-8341 1 PASS
A the montparnasse tower is taller.
NOVEL=1 T CMP-ANA-8341 2 PASS
A the statue of liberty was dedicated first.
D CMP-ANA-8342
NOVEL=1 T CMP-ANA-8342 1 PASS
A the montparnasse tower is taller.
NOVEL=1 T CMP-ANA-8342 2 PASS
A the statue of liberty was dedicated first.
D CMP-ANA-8343
NOVEL=1 T CMP-ANA-8343 1 PASS
A the eiffel tower is taller.
NOVEL=1 T CMP-ANA-8343 2 PASS
A the eiffel tower was built first.
D CMP-ANA-8344
NOVEL=1 T CMP-ANA-8344 1 PASS
A the eiffel tower is taller.
NOVEL=1 T CMP-ANA-8344 2 PASS
A the eiffel tower was built first.
D CMP-ANA-8345
NOVEL=1 T CMP-ANA-8345 1 PASS
A the eiffel tower is taller.
NOVEL=1 T CMP-ANA-8345 2 PASS
A the eiffel tower was built first.
D CMP-ANA-8346
NOVEL=1 T CMP-ANA-8346 1 PASS
A the eiffel tower is taller.
NOVEL=1 T CMP-ANA-8346 2 PASS
A the statue of liberty was dedicated first.
D CMP-ANA-8347
NOVEL=1 T CMP-ANA-8347 1 PASS
A the eiffel tower is taller.
NOVEL=1 T CMP-ANA-8347 2 PASS
A the statue of liberty was dedicated first.
D CMP-ANA-8348
NOVEL=1 T CMP-ANA-8348 1 PASS
A the eiffel tower is taller.
NOVEL=1 T CMP-ANA-8348 2 PASS
A the statue of liberty was dedicated first.
D CMP-ANA-8349
NOVEL=1 T CMP-ANA-8349 1 PASS
A the eiffel tower is taller.
NOVEL=1 T CMP-ANA-8349 2 PASS
A the eiffel tower was built first.
D CMP-ANA-8350
NOVEL=1 T CMP-ANA-8350 1 PASS
A the eiffel tower is taller.
NOVEL=1 T CMP-ANA-8350 2 PASS
A the eiffel tower was built first.
D CMP-ANA-8351
NOVEL=1 T CMP-ANA-8351 1 PASS
A the eiffel tower is taller.
NOVEL=1 T CMP-ANA-8351 2 PASS
A the eiffel tower was built first.
D CMP-ANA-8352
NOVEL=1 T CMP-ANA-8352 1 PASS
A the montparnasse tower is taller.
NOVEL=1 T CMP-ANA-8352 2 PASS
A the statue of liberty was dedicated first.
D CMP-ANA-8353
NOVEL=1 T CMP-ANA-8353 1 PASS
A the montparnasse tower is taller.
NOVEL=1 T CMP-ANA-8353 2 PASS
A the statue of liberty was dedicated first.
D CMP-ANA-8354
NOVEL=1 T CMP-ANA-8354 1 PASS
A the montparnasse tower is taller.
NOVEL=1 T CMP-ANA-8354 2 PASS
A the statue of liberty was dedicated first.
D CMP-ANA-8355
NOVEL=1 T CMP-ANA-8355 1 PASS
A the eiffel tower is taller.
NOVEL=1 T CMP-ANA-8355 2 PASS
A the statue of liberty was dedicated first.
D CMP-ANA-8356
NOVEL=1 T CMP-ANA-8356 1 PASS
A the eiffel tower is taller.
NOVEL=1 T CMP-ANA-8356 2 PASS
A the statue of liberty was dedicated first.
D CMP-ANA-8357
NOVEL=1 T CMP-ANA-8357 1 PASS
A the eiffel tower is taller.
NOVEL=1 T CMP-ANA-8357 2 PASS
A the statue of liberty was dedicated first.
D CMP-ANA-8358
NOVEL=1 T CMP-ANA-8358 1 PASS
A the montparnasse tower is taller.
NOVEL=1 T CMP-ANA-8358 2 PASS
A the statue of liberty was dedicated first.
D CMP-ANA-8359
NOVEL=1 T CMP-ANA-8359 1 PASS
A the montparnasse tower is taller.
NOVEL=1 T CMP-ANA-8359 2 PASS
A the statue of liberty was dedicated first.
D CMP-ANA-8360
NOVEL=1 T CMP-ANA-8360 1 PASS
A the montparnasse tower is taller.
NOVEL=1 T CMP-ANA-8360 2 PASS
A the statue of liberty was dedicated first.
D CMP-ANA-8361
NOVEL=1 T CMP-ANA-8361 1 PASS
A the eiffel tower is taller.
NOVEL=1 T CMP-ANA-8361 2 PASS
A the eiffel tower was built first.
D CMP-ANA-8362
NOVEL=1 T CMP-ANA-8362 1 PASS
A the eiffel tower is taller.
NOVEL=1 T CMP-ANA-8362 2 PASS
A the eiffel tower was built first.
D CMP-ANA-8363
NOVEL=1 T CMP-ANA-8363 1 PASS
A the eiffel tower is taller.
NOVEL=1 T CMP-ANA-8363 2 PASS
A the eiffel tower was built first.
D CMP-ANA-8364
NOVEL=1 T CMP-ANA-8364 1 PASS
A the eiffel tower is taller.
NOVEL=1 T CMP-ANA-8364 2 PASS
A the statue of liberty was dedicated first.
D CMP-ANA-8365
NOVEL=1 T CMP-ANA-8365 1 PASS
A the eiffel tower is taller.
NOVEL=1 T CMP-ANA-8365 2 PASS
A the statue of liberty was dedicated first.
D CMP-ANA-8366
NOVEL=1 T CMP-ANA-8366 1 PASS
A the eiffel tower is taller.
NOVEL=1 T CMP-ANA-8366 2 PASS
A the statue of liberty was dedicated first.
D CMP-ANA-8367
NOVEL=1 T CMP-ANA-8367 1 PASS
A the eiffel tower is taller.
NOVEL=1 T CMP-ANA-8367 2 PASS
A the eiffel tower was built first.
D CMP-ANA-8368
NOVEL=1 T CMP-ANA-8368 1 PASS
A the eiffel tower is taller.
NOVEL=1 T CMP-ANA-8368 2 PASS
A the eiffel tower was built first.
D CMP-ANA-8369
NOVEL=1 T CMP-ANA-8369 1 PASS
A the eiffel tower is taller.
NOVEL=1 T CMP-ANA-8369 2 PASS
A the eiffel tower was built first.
D CMP-ANA-8370
NOVEL=1 T CMP-ANA-8370 1 PASS
A the montparnasse tower is taller.
NOVEL=1 T CMP-ANA-8370 2 PASS
A the statue of liberty was dedicated first.
D CMP-ANA-8371
NOVEL=1 T CMP-ANA-8371 1 PASS
A the montparnasse tower is taller.
NOVEL=1 T CMP-ANA-8371 2 PASS
A the statue of liberty was dedicated first.
D CMP-ANA-8372
NOVEL=1 T CMP-ANA-8372 1 PASS
A the montparnasse tower is taller.
NOVEL=1 T CMP-ANA-8372 2 PASS
A the statue of liberty was dedicated first.
D CMP-ANA-8373
NOVEL=1 T CMP-ANA-8373 1 PASS
A the eiffel tower is taller.
NOVEL=1 T CMP-ANA-8373 2 PASS
A the statue of liberty was dedicated first.
D CMP-ANA-8374
NOVEL=1 T CMP-ANA-8374 1 PASS
A the eiffel tower is taller.
NOVEL=1 T CMP-ANA-8374 2 PASS
A the statue of liberty was dedicated first.
D CMP-ANA-8375
NOVEL=1 T CMP-ANA-8375 1 PASS
A the eiffel tower is taller.
NOVEL=1 T CMP-ANA-8375 2 PASS
A the statue of liberty was dedicated first.
D CMP-ANA-8376
NOVEL=1 T CMP-ANA-8376 1 PASS
A the montparnasse tower is taller.
NOVEL=1 T CMP-ANA-8376 2 PASS
A the statue of liberty was dedicated first.
D CMP-ANA-8377
NOVEL=1 T CMP-ANA-8377 1 PASS
A the montparnasse tower is taller.
NOVEL=1 T CMP-ANA-8377 2 PASS
A the statue of liberty was dedicated first.
D CMP-ANA-8378
NOVEL=1 T CMP-ANA-8378 1 PASS
A the montparnasse tower is taller.
NOVEL=1 T CMP-ANA-8378 2 PASS
A the statue of liberty was dedicated first.
D CMP-ANA-8379
NOVEL=1 T CMP-ANA-8379 1 PASS
A the eiffel tower is taller.
NOVEL=1 T CMP-ANA-8379 2 PASS
A the eiffel tower was built first.
D CMP-ANA-8380
NOVEL=1 T CMP-ANA-8380 1 PASS
A the eiffel tower is taller.
NOVEL=1 T CMP-ANA-8380 2 PASS
A the eiffel tower was built first.
D CMP-ANA-8381
NOVEL=1 T CMP-ANA-8381 1 PASS
A the eiffel tower is taller.
NOVEL=1 T CMP-ANA-8381 2 PASS
A the eiffel tower was built first.
D CMP-ANA-8382
NOVEL=1 T CMP-ANA-8382 1 PASS
A the eiffel tower is taller.
NOVEL=1 T CMP-ANA-8382 2 PASS
A the statue of liberty was dedicated first.
D CMP-ANA-8383
NOVEL=1 T CMP-ANA-8383 1 PASS
A the eiffel tower is taller.
NOVEL=1 T CMP-ANA-8383 2 PASS
A the statue of liberty was dedicated first.
D CMP-ANA-8384
NOVEL=1 T CMP-ANA-8384 1 PASS
A the eiffel tower is taller.
NOVEL=1 T CMP-ANA-8384 2 PASS
A the statue of liberty was dedicated first.
D CMP-ANA-8385
NOVEL=1 T CMP-ANA-8385 1 PASS
A the eiffel tower is taller.
NOVEL=1 T CMP-ANA-8385 2 PASS
A the eiffel tower was built first.
D CMP-ANA-8386
NOVEL=1 T CMP-ANA-8386 1 PASS
A the eiffel tower is taller.
NOVEL=1 T CMP-ANA-8386 2 PASS
A the eiffel tower was built first.
D CMP-ANA-8387
NOVEL=1 T CMP-ANA-8387 1 PASS
A the eiffel tower is taller.
NOVEL=1 T CMP-ANA-8387 2 PASS
A the eiffel tower was built first.
D CMP-ANA-8388
NOVEL=1 T CMP-ANA-8388 1 PASS
A the montparnasse tower is taller.
NOVEL=1 T CMP-ANA-8388 2 PASS
A the statue of liberty was dedicated first.
D CMP-ANA-8389
NOVEL=1 T CMP-ANA-8389 1 PASS
A the montparnasse tower is taller.
NOVEL=1 T CMP-ANA-8389 2 PASS
A the statue of liberty was dedicated first.
D CMP-ANA-8390
NOVEL=1 T CMP-ANA-8390 1 PASS
A the montparnasse tower is taller.
NOVEL=1 T CMP-ANA-8390 2 PASS
A the statue of liberty was dedicated first.
D CMP-ANA-8391
NOVEL=1 T CMP-ANA-8391 1 PASS
A the eiffel tower is taller.
NOVEL=1 T CMP-ANA-8391 2 PASS
A the statue of liberty was dedicated first.
D CMP-ANA-8392
NOVEL=1 T CMP-ANA-8392 1 PASS
A the eiffel tower is taller.
NOVEL=1 T CMP-ANA-8392 2 PASS
A the statue of liberty was dedicated first.
D CMP-ANA-8393
NOVEL=1 T CMP-ANA-8393 1 PASS
A the eiffel tower is taller.
NOVEL=1 T CMP-ANA-8393 2 PASS
A the statue of liberty was dedicated first.
D CMP-ANA-8394
NOVEL=1 T CMP-ANA-8394 1 PASS
A the montparnasse tower is taller.
NOVEL=1 T CMP-ANA-8394 2 PASS
A the statue of liberty was dedicated first.
D CMP-ANA-8395
NOVEL=1 T CMP-ANA-8395 1 PASS
A the montparnasse tower is taller.
NOVEL=1 T CMP-ANA-8395 2 PASS
A the statue of liberty was dedicated first.
D CMP-ANA-8396
NOVEL=1 T CMP-ANA-8396 1 PASS
A the montparnasse tower is taller.
NOVEL=1 T CMP-ANA-8396 2 PASS
A the statue of liberty was dedicated first.
D CMP-ANA-8397
NOVEL=1 T CMP-ANA-8397 1 PASS
A the eiffel tower is taller.
NOVEL=1 T CMP-ANA-8397 2 PASS
A the eiffel tower was built first.
D CMP-ANA-8398
NOVEL=1 T CMP-ANA-8398 1 PASS
A the eiffel tower is taller.
NOVEL=1 T CMP-ANA-8398 2 PASS
A the eiffel tower was built first.
D CMP-ANA-8399
NOVEL=1 T CMP-ANA-8399 1 PASS
A the eiffel tower is taller.
NOVEL=1 T CMP-ANA-8399 2 PASS
A the eiffel tower was built first.
D CMP-ANA-8400
NOVEL=1 T CMP-ANA-8400 1 PASS
A the eiffel tower is taller.
NOVEL=1 T CMP-ANA-8400 2 PASS
A the statue of liberty was dedicated first.
D CMP-ANA-8401
NOVEL=1 T CMP-ANA-8401 1 PASS
A the eiffel tower is taller.
NOVEL=1 T CMP-ANA-8401 2 PASS
A the statue of liberty was dedicated first.
D CMP-ANA-8402
NOVEL=1 T CMP-ANA-8402 1 PASS
A the eiffel tower is taller.
NOVEL=1 T CMP-ANA-8402 2 PASS
A the statue of liberty was dedicated first.
D CMP-ANA-8403
NOVEL=1 T CMP-ANA-8403 1 PASS
A the eiffel tower is taller.
NOVEL=1 T CMP-ANA-8403 2 PASS
A the eiffel tower was built first.
D CMP-ANA-8404
NOVEL=1 T CMP-ANA-8404 1 PASS
A the eiffel tower is taller.
NOVEL=1 T CMP-ANA-8404 2 PASS
A the eiffel tower was built first.
D CMP-ANA-8405
NOVEL=1 T CMP-ANA-8405 1 PASS
A the eiffel tower is taller.
NOVEL=1 T CMP-ANA-8405 2 PASS
A the eiffel tower was built first.
D CMP-ANA-8406
NOVEL=1 T CMP-ANA-8406 1 PASS
A the montparnasse tower is taller.
NOVEL=1 T CMP-ANA-8406 2 PASS
A the statue of liberty was dedicated first.
D CMP-ANA-8407
NOVEL=1 T CMP-ANA-8407 1 PASS
A the montparnasse tower is taller.
NOVEL=1 T CMP-ANA-8407 2 PASS
A the statue of liberty was dedicated first.
D CMP-ANA-8408
NOVEL=1 T CMP-ANA-8408 1 PASS
A the montparnasse tower is taller.
NOVEL=1 T CMP-ANA-8408 2 PASS
A the statue of liberty was dedicated first.
D CMP-ANA-8409
NOVEL=1 T CMP-ANA-8409 1 PASS
A the eiffel tower is taller.
NOVEL=1 T CMP-ANA-8409 2 PASS
A the statue of liberty was dedicated first.
D CMP-ANA-8410
NOVEL=1 T CMP-ANA-8410 1 PASS
A the eiffel tower is taller.
NOVEL=1 T CMP-ANA-8410 2 PASS
A the statue of liberty was dedicated first.
D CMP-ANA-8411
NOVEL=1 T CMP-ANA-8411 1 PASS
A the eiffel tower is taller.
NOVEL=1 T CMP-ANA-8411 2 PASS
A the statue of liberty was dedicated first.
D CMP-ANA-8412
NOVEL=1 T CMP-ANA-8412 1 PASS
A the montparnasse tower is taller.
NOVEL=1 T CMP-ANA-8412 2 PASS
A the statue of liberty was dedicated first.
D CMP-ANA-8413
NOVEL=1 T CMP-ANA-8413 1 PASS
A the montparnasse tower is taller.
NOVEL=1 T CMP-ANA-8413 2 PASS
A the statue of liberty was dedicated first.
D CMP-ANA-8414
NOVEL=1 T CMP-ANA-8414 1 PASS
A the montparnasse tower is taller.
NOVEL=1 T CMP-ANA-8414 2 PASS
A the statue of liberty was dedicated first.
D CMP-ANA-8415
NOVEL=1 T CMP-ANA-8415 1 PASS
A the eiffel tower is taller.
NOVEL=1 T CMP-ANA-8415 2 PASS
A the eiffel tower was built first.
D CMP-ANA-8416
NOVEL=1 T CMP-ANA-8416 1 PASS
A the eiffel tower is taller.
NOVEL=1 T CMP-ANA-8416 2 PASS
A the eiffel tower was built first.
D CMP-ANA-8417
NOVEL=1 T CMP-ANA-8417 1 PASS
A the eiffel tower is taller.
NOVEL=1 T CMP-ANA-8417 2 PASS
A the eiffel tower was built first.
D CMP-ANA-8418
NOVEL=1 T CMP-ANA-8418 1 PASS
A the eiffel tower is taller.
NOVEL=1 T CMP-ANA-8418 2 PASS
A the statue of liberty was dedicated first.
D CMP-ANA-8419
NOVEL=1 T CMP-ANA-8419 1 PASS
A the eiffel tower is taller.
NOVEL=1 T CMP-ANA-8419 2 PASS
A the statue of liberty was dedicated first.
D CMP-ANA-8420
NOVEL=1 T CMP-ANA-8420 1 PASS
A the eiffel tower is taller.
NOVEL=1 T CMP-ANA-8420 2 PASS
A the statue of liberty was dedicated first.
D CMP-ANA-8421
NOVEL=1 T CMP-ANA-8421 1 PASS
A the eiffel tower is taller.
NOVEL=1 T CMP-ANA-8421 2 PASS
A the eiffel tower was built first.
D CMP-ANA-8422
NOVEL=1 T CMP-ANA-8422 1 PASS
A the eiffel tower is taller.
NOVEL=1 T CMP-ANA-8422 2 PASS
A the eiffel tower was built first.
D CMP-ANA-8423
NOVEL=1 T CMP-ANA-8423 1 PASS
A the eiffel tower is taller.
NOVEL=1 T CMP-ANA-8423 2 PASS
A the eiffel tower was built first.
D CMP-ANA-8424
NOVEL=1 T CMP-ANA-8424 1 PASS
A the montparnasse tower is taller.
NOVEL=1 T CMP-ANA-8424 2 PASS
A the statue of liberty was dedicated first.
D CMP-ANA-8425
NOVEL=1 T CMP-ANA-8425 1 PASS
A the montparnasse tower is taller.
NOVEL=1 T CMP-ANA-8425 2 PASS
A the statue of liberty was dedicated first.
D CMP-ANA-8426
NOVEL=1 T CMP-ANA-8426 1 PASS
A the montparnasse tower is taller.
NOVEL=1 T CMP-ANA-8426 2 PASS
A the statue of liberty was dedicated first.
D CMP-ANA-8427
NOVEL=1 T CMP-ANA-8427 1 PASS
A the eiffel tower is taller.
NOVEL=1 T CMP-ANA-8427 2 PASS
A the statue of liberty was dedicated first.
D CMP-ANA-8428
NOVEL=1 T CMP-ANA-8428 1 PASS
A the eiffel tower is taller.
NOVEL=1 T CMP-ANA-8428 2 PASS
A the statue of liberty was dedicated first.
D CMP-ANA-8429
NOVEL=1 T CMP-ANA-8429 1 PASS
A the eiffel tower is taller.
NOVEL=1 T CMP-ANA-8429 2 PASS
A the statue of liberty was dedicated first.
D CMP-ANA-8430
NOVEL=1 T CMP-ANA-8430 1 PASS
A the montparnasse tower is taller.
NOVEL=1 T CMP-ANA-8430 2 PASS
A the statue of liberty was dedicated first.
D CMP-ANA-8431
NOVEL=1 T CMP-ANA-8431 1 PASS
A the montparnasse tower is taller.
NOVEL=1 T CMP-ANA-8431 2 PASS
A the statue of liberty was dedicated first.
D CMP-ANA-8432
NOVEL=1 T CMP-ANA-8432 1 PASS
A the montparnasse tower is taller.
NOVEL=1 T CMP-ANA-8432 2 PASS
A the statue of liberty was dedicated first.
D CMP-ANA-8433
NOVEL=1 T CMP-ANA-8433 1 PASS
A the eiffel tower is taller.
NOVEL=1 T CMP-ANA-8433 2 PASS
A the eiffel tower was built first.
D CMP-ANA-8434
NOVEL=1 T CMP-ANA-8434 1 PASS
A the eiffel tower is taller.
NOVEL=1 T CMP-ANA-8434 2 PASS
A the eiffel tower was built first.
D CMP-ANA-8435
NOVEL=1 T CMP-ANA-8435 1 PASS
A the eiffel tower is taller.
NOVEL=1 T CMP-ANA-8435 2 PASS
A the eiffel tower was built first.
D CMP-ANA-8436
NOVEL=1 T CMP-ANA-8436 1 PASS
A the eiffel tower is taller.
NOVEL=1 T CMP-ANA-8436 2 PASS
A the statue of liberty was dedicated first.
D CMP-ANA-8437
NOVEL=1 T CMP-ANA-8437 1 PASS
A the eiffel tower is taller.
NOVEL=1 T CMP-ANA-8437 2 PASS
A the statue of liberty was dedicated first.
D CMP-ANA-8438
NOVEL=1 T CMP-ANA-8438 1 PASS
A the eiffel tower is taller.
NOVEL=1 T CMP-ANA-8438 2 PASS
A the statue of liberty was dedicated first.
D CMP-ANA-8439
NOVEL=1 T CMP-ANA-8439 1 PASS
A the eiffel tower is taller.
NOVEL=1 T CMP-ANA-8439 2 PASS
A the eiffel tower was built first.
D CMP-ANA-8440
NOVEL=1 T CMP-ANA-8440 1 PASS
A the eiffel tower is taller.
NOVEL=1 T CMP-ANA-8440 2 PASS
A the eiffel tower was built first.
D CMP-ANA-8441
NOVEL=1 T CMP-ANA-8441 1 PASS
A the eiffel tower is taller.
NOVEL=1 T CMP-ANA-8441 2 PASS
A the eiffel tower was built first.
D CMP-ANA-8442
NOVEL=1 T CMP-ANA-8442 1 PASS
A the montparnasse tower is taller.
NOVEL=1 T CMP-ANA-8442 2 PASS
A the statue of liberty was dedicated first.
D CMP-ANA-8443
NOVEL=1 T CMP-ANA-8443 1 PASS
A the montparnasse tower is taller.
NOVEL=1 T CMP-ANA-8443 2 PASS
A the statue of liberty was dedicated first.
D CMP-ANA-8444
NOVEL=1 T CMP-ANA-8444 1 PASS
A the montparnasse tower is taller.
NOVEL=1 T CMP-ANA-8444 2 PASS
A the statue of liberty was dedicated first.
D CMP-ANA-8445
NOVEL=1 T CMP-ANA-8445 1 PASS
A the eiffel tower is taller.
NOVEL=1 T CMP-ANA-8445 2 PASS
A the statue of liberty was dedicated first.
D CMP-ANA-8446
NOVEL=1 T CMP-ANA-8446 1 PASS
A the eiffel tower is taller.
NOVEL=1 T CMP-ANA-8446 2 PASS
A the statue of liberty was dedicated first.
D CMP-ANA-8447
NOVEL=1 T CMP-ANA-8447 1 PASS
A the eiffel tower is taller.
NOVEL=1 T CMP-ANA-8447 2 PASS
A the statue of liberty was dedicated first.
D CMP-ANA-8448
NOVEL=1 T CMP-ANA-8448 1 PASS
A the montparnasse tower is taller.
NOVEL=1 T CMP-ANA-8448 2 PASS
A the statue of liberty was dedicated first.
D CMP-ANA-8449
NOVEL=1 T CMP-ANA-8449 1 PASS
A the montparnasse tower is taller.
NOVEL=1 T CMP-ANA-8449 2 PASS
A the statue of liberty was dedicated first.
D CMP-ANA-8450
NOVEL=1 T CMP-ANA-8450 1 PASS
A the montparnasse tower is taller.
NOVEL=1 T CMP-ANA-8450 2 PASS
A the statue of liberty was dedicated first.
D CMP-ANA-8451
NOVEL=1 T CMP-ANA-8451 1 PASS
A the eiffel tower is taller.
NOVEL=1 T CMP-ANA-8451 2 PASS
A the eiffel tower was built first.
D CMP-ANA-8452
NOVEL=1 T CMP-ANA-8452 1 PASS
A the eiffel tower is taller.
NOVEL=1 T CMP-ANA-8452 2 PASS
A the eiffel tower was built first.
D CMP-ANA-8453
NOVEL=1 T CMP-ANA-8453 1 PASS
A the eiffel tower is taller.
NOVEL=1 T CMP-ANA-8453 2 PASS
A the eiffel tower was built first.
D CMP-ANA-8454
NOVEL=1 T CMP-ANA-8454 1 PASS
A the eiffel tower is taller.
NOVEL=1 T CMP-ANA-8454 2 PASS
A the statue of liberty was dedicated first.
D CMP-ANA-8455
NOVEL=1 T CMP-ANA-8455 1 PASS
A the eiffel tower is taller.
NOVEL=1 T CMP-ANA-8455 2 PASS
A the statue of liberty was dedicated first.
D CMP-ANA-8456
NOVEL=1 T CMP-ANA-8456 1 PASS
A the eiffel tower is taller.
NOVEL=1 T CMP-ANA-8456 2 PASS
A the statue of liberty was dedicated first.
D CMP-ANA-8457
NOVEL=1 T CMP-ANA-8457 1 PASS
A the eiffel tower is taller.
NOVEL=1 T CMP-ANA-8457 2 PASS
A the eiffel tower was built first.
D CMP-ANA-8458
NOVEL=1 T CMP-ANA-8458 1 PASS
A the eiffel tower is taller.
NOVEL=1 T CMP-ANA-8458 2 PASS
A the eiffel tower was built first.
D CMP-ANA-8459
NOVEL=1 T CMP-ANA-8459 1 PASS
A the eiffel tower is taller.
NOVEL=1 T CMP-ANA-8459 2 PASS
A the eiffel tower was built first.
D CMP-ANA-8460
NOVEL=1 T CMP-ANA-8460 1 PASS
A the montparnasse tower is taller.
NOVEL=1 T CMP-ANA-8460 2 PASS
A the statue of liberty was dedicated first.
D CMP-ANA-8461
NOVEL=1 T CMP-ANA-8461 1 PASS
A the montparnasse tower is taller.
NOVEL=1 T CMP-ANA-8461 2 PASS
A the statue of liberty was dedicated first.
D CMP-ANA-8462
NOVEL=1 T CMP-ANA-8462 1 PASS
A the montparnasse tower is taller.
NOVEL=1 T CMP-ANA-8462 2 PASS
A the statue of liberty was dedicated first.
D CMP-ANA-8463
NOVEL=1 T CMP-ANA-8463 1 PASS
A the eiffel tower is taller.
NOVEL=1 T CMP-ANA-8463 2 PASS
A the statue of liberty was dedicated first.
D CMP-ANA-8464
NOVEL=1 T CMP-ANA-8464 1 PASS
A the eiffel tower is taller.
NOVEL=1 T CMP-ANA-8464 2 PASS
A the statue of liberty was dedicated first.
D CMP-ANA-8465
NOVEL=1 T CMP-ANA-8465 1 PASS
A the eiffel tower is taller.
NOVEL=1 T CMP-ANA-8465 2 PASS
A the statue of liberty was dedicated first.
D CMP-ANA-8466
NOVEL=1 T CMP-ANA-8466 1 PASS
A the montparnasse tower is taller.
NOVEL=1 T CMP-ANA-8466 2 PASS
A the statue of liberty was dedicated first.
D CMP-ANA-8467
NOVEL=1 T CMP-ANA-8467 1 PASS
A the montparnasse tower is taller.
NOVEL=1 T CMP-ANA-8467 2 PASS
A the statue of liberty was dedicated first.
D CMP-ANA-8468
NOVEL=1 T CMP-ANA-8468 1 PASS
A the montparnasse tower is taller.
NOVEL=1 T CMP-ANA-8468 2 PASS
A the statue of liberty was dedicated first.
D CMP-ANA-8469
NOVEL=1 T CMP-ANA-8469 1 PASS
A the eiffel tower is taller.
NOVEL=1 T CMP-ANA-8469 2 PASS
A the eiffel tower was built first.
D CMP-ANA-8470
NOVEL=1 T CMP-ANA-8470 1 PASS
A the eiffel tower is taller.
NOVEL=1 T CMP-ANA-8470 2 PASS
A the eiffel tower was built first.
D CMP-ANA-8471
NOVEL=1 T CMP-ANA-8471 1 PASS
A the eiffel tower is taller.
NOVEL=1 T CMP-ANA-8471 2 PASS
A the eiffel tower was built first.
D CMP-ANA-8472
NOVEL=1 T CMP-ANA-8472 1 PASS
A the eiffel tower is taller.
NOVEL=1 T CMP-ANA-8472 2 PASS
A the statue of liberty was dedicated first.
D CMP-ANA-8473
NOVEL=1 T CMP-ANA-8473 1 PASS
A the eiffel tower is taller.
NOVEL=1 T CMP-ANA-8473 2 PASS
A the statue of liberty was dedicated first.
D CMP-ANA-8474
NOVEL=1 T CMP-ANA-8474 1 PASS
A the eiffel tower is taller.
NOVEL=1 T CMP-ANA-8474 2 PASS
A the statue of liberty was dedicated first.
D CMP-ANA-8475
NOVEL=1 T CMP-ANA-8475 1 PASS
A the eiffel tower is taller.
NOVEL=1 T CMP-ANA-8475 2 PASS
A the eiffel tower was built first.
D CMP-ANA-8476
NOVEL=1 T CMP-ANA-8476 1 PASS
A the eiffel tower is taller.
NOVEL=1 T CMP-ANA-8476 2 PASS
A the eiffel tower was built first.
D CMP-ANA-8477
NOVEL=1 T CMP-ANA-8477 1 PASS
A the eiffel tower is taller.
NOVEL=1 T CMP-ANA-8477 2 PASS
A the eiffel tower was built first.
D CMP-ANA-8478
NOVEL=1 T CMP-ANA-8478 1 PASS
A the montparnasse tower is taller.
NOVEL=1 T CMP-ANA-8478 2 PASS
A the statue of liberty was dedicated first.
D CMP-ANA-8479
NOVEL=1 T CMP-ANA-8479 1 PASS
A the montparnasse tower is taller.
NOVEL=1 T CMP-ANA-8479 2 PASS
A the statue of liberty was dedicated first.
D CMP-ANA-8480
NOVEL=1 T CMP-ANA-8480 1 PASS
A the montparnasse tower is taller.
NOVEL=1 T CMP-ANA-8480 2 PASS
A the statue of liberty was dedicated first.
D CMP-ANA-8481
NOVEL=1 T CMP-ANA-8481 1 PASS
A the eiffel tower is taller.
NOVEL=1 T CMP-ANA-8481 2 PASS
A the statue of liberty was dedicated first.
D CMP-ANA-8482
NOVEL=1 T CMP-ANA-8482 1 PASS
A the eiffel tower is taller.
NOVEL=1 T CMP-ANA-8482 2 PASS
A the statue of liberty was dedicated first.
D CMP-ANA-8483
NOVEL=1 T CMP-ANA-8483 1 PASS
A the eiffel tower is taller.
NOVEL=1 T CMP-ANA-8483 2 PASS
A the statue of liberty was dedicated first.
D CMP-ANA-8484
NOVEL=1 T CMP-ANA-8484 1 PASS
A the montparnasse tower is taller.
NOVEL=1 T CMP-ANA-8484 2 PASS
A the statue of liberty was dedicated first.
D CMP-ANA-8485
NOVEL=1 T CMP-ANA-8485 1 PASS
A the montparnasse tower is taller.
NOVEL=1 T CMP-ANA-8485 2 PASS
A the statue of liberty was dedicated first.
D CMP-ANA-8486
NOVEL=1 T CMP-ANA-8486 1 PASS
A the montparnasse tower is taller.
NOVEL=1 T CMP-ANA-8486 2 PASS
A the statue of liberty was dedicated first.
D CMP-ANA-8487
NOVEL=1 T CMP-ANA-8487 1 PASS
A the eiffel tower is taller.
NOVEL=1 T CMP-ANA-8487 2 PASS
A the eiffel tower was built first.
D CMP-ANA-8488
NOVEL=1 T CMP-ANA-8488 1 PASS
A the eiffel tower is taller.
NOVEL=1 T CMP-ANA-8488 2 PASS
A the eiffel tower was built first.
D CMP-ANA-8489
NOVEL=1 T CMP-ANA-8489 1 PASS
A the eiffel tower is taller.
NOVEL=1 T CMP-ANA-8489 2 PASS
A the eiffel tower was built first.
D CMP-ANA-8490
NOVEL=1 T CMP-ANA-8490 1 PASS
A the eiffel tower is taller.
NOVEL=1 T CMP-ANA-8490 2 PASS
A the statue of liberty was dedicated first.
D CMP-ANA-8491
NOVEL=1 T CMP-ANA-8491 1 PASS
A the eiffel tower is taller.
NOVEL=1 T CMP-ANA-8491 2 PASS
A the statue of liberty was dedicated first.
D CMP-ANA-8492
NOVEL=1 T CMP-ANA-8492 1 PASS
A the eiffel tower is taller.
NOVEL=1 T CMP-ANA-8492 2 PASS
A the statue of liberty was dedicated first.
D CMP-ANA-8493
NOVEL=1 T CMP-ANA-8493 1 PASS
A the eiffel tower is taller.
NOVEL=1 T CMP-ANA-8493 2 PASS
A the eiffel tower was built first.
D CMP-ANA-8494
NOVEL=1 T CMP-ANA-8494 1 PASS
A the eiffel tower is taller.
NOVEL=1 T CMP-ANA-8494 2 PASS
A the eiffel tower was built first.
D CMP-ANA-8495
NOVEL=1 T CMP-ANA-8495 1 PASS
A the eiffel tower is taller.
NOVEL=1 T CMP-ANA-8495 2 PASS
A the eiffel tower was built first.
D CMP-ANA-8496
NOVEL=1 T CMP-ANA-8496 1 PASS
A the montparnasse tower is taller.
NOVEL=1 T CMP-ANA-8496 2 PASS
A the statue of liberty was dedicated first.
D CMP-ANA-8497
NOVEL=1 T CMP-ANA-8497 1 PASS
A the montparnasse tower is taller.
NOVEL=1 T CMP-ANA-8497 2 PASS
A the statue of liberty was dedicated first.
D CMP-ANA-8498
NOVEL=1 T CMP-ANA-8498 1 PASS
A the montparnasse tower is taller.
NOVEL=1 T CMP-ANA-8498 2 PASS
A the statue of liberty was dedicated first.
D CMP-ANA-8499
NOVEL=1 T CMP-ANA-8499 1 PASS
A the eiffel tower is taller.
NOVEL=1 T CMP-ANA-8499 2 PASS
A the statue of liberty was dedicated first.
D CMP-ANA-8500
NOVEL=1 T CMP-ANA-8500 1 PASS
A the eiffel tower is taller.
NOVEL=1 T CMP-ANA-8500 2 PASS
A the statue of liberty was dedicated first.
D CMP-ANA-8501
NOVEL=1 T CMP-ANA-8501 1 PASS
A the eiffel tower is taller.
NOVEL=1 T CMP-ANA-8501 2 PASS
A the statue of liberty was dedicated first.
D CMP-ANA-8502
NOVEL=1 T CMP-ANA-8502 1 PASS
A the montparnasse tower is taller.
NOVEL=1 T CMP-ANA-8502 2 PASS
A the statue of liberty was dedicated first.
D CMP-ANA-8503
NOVEL=1 T CMP-ANA-8503 1 PASS
A the montparnasse tower is taller.
NOVEL=1 T CMP-ANA-8503 2 PASS
A the statue of liberty was dedicated first.
D CMP-ANA-8504
NOVEL=1 T CMP-ANA-8504 1 PASS
A the montparnasse tower is taller.
NOVEL=1 T CMP-ANA-8504 2 PASS
A the statue of liberty was dedicated first.
D CMP-ANA-8505
NOVEL=1 T CMP-ANA-8505 1 PASS
A the eiffel tower is taller.
NOVEL=1 T CMP-ANA-8505 2 PASS
A the eiffel tower was built first.
D CMP-ANA-8506
NOVEL=1 T CMP-ANA-8506 1 PASS
A the eiffel tower is taller.
NOVEL=1 T CMP-ANA-8506 2 PASS
A the eiffel tower was built first.
D CMP-ANA-8507
NOVEL=1 T CMP-ANA-8507 1 PASS
A the eiffel tower is taller.
NOVEL=1 T CMP-ANA-8507 2 PASS
A the eiffel tower was built first.
D CMP-ANA-8508
NOVEL=1 T CMP-ANA-8508 1 PASS
A the eiffel tower is taller.
NOVEL=1 T CMP-ANA-8508 2 PASS
A the statue of liberty was dedicated first.
D CMP-ANA-8509
NOVEL=1 T CMP-ANA-8509 1 PASS
A the eiffel tower is taller.
NOVEL=1 T CMP-ANA-8509 2 PASS
A the statue of liberty was dedicated first.
D CMP-ANA-8510
NOVEL=1 T CMP-ANA-8510 1 PASS
A the eiffel tower is taller.
NOVEL=1 T CMP-ANA-8510 2 PASS
A the statue of liberty was dedicated first.
D CMP-ANA-8511
NOVEL=1 T CMP-ANA-8511 1 PASS
A the eiffel tower is taller.
NOVEL=1 T CMP-ANA-8511 2 PASS
A the eiffel tower was built first.
D CMP-ANA-8512
NOVEL=1 T CMP-ANA-8512 1 PASS
A the eiffel tower is taller.
NOVEL=1 T CMP-ANA-8512 2 PASS
A the eiffel tower was built first.
D CMP-ANA-8513
NOVEL=1 T CMP-ANA-8513 1 PASS
A the eiffel tower is taller.
NOVEL=1 T CMP-ANA-8513 2 PASS
A the eiffel tower was built first.
D CMP-ANA-8514
NOVEL=1 T CMP-ANA-8514 1 PASS
A the montparnasse tower is taller.
NOVEL=1 T CMP-ANA-8514 2 PASS
A the statue of liberty was dedicated first.
D CMP-ANA-8515
NOVEL=1 T CMP-ANA-8515 1 PASS
A the montparnasse tower is taller.
NOVEL=1 T CMP-ANA-8515 2 PASS
A the statue of liberty was dedicated first.
D CMP-ANA-8516
NOVEL=1 T CMP-ANA-8516 1 PASS
A the montparnasse tower is taller.
NOVEL=1 T CMP-ANA-8516 2 PASS
A the statue of liberty was dedicated first.
D CMP-ANA-8517
NOVEL=1 T CMP-ANA-8517 1 PASS
A the eiffel tower is taller.
NOVEL=1 T CMP-ANA-8517 2 PASS
A the statue of liberty was dedicated first.
D CMP-ANA-8518
NOVEL=1 T CMP-ANA-8518 1 PASS
A the eiffel tower is taller.
NOVEL=1 T CMP-ANA-8518 2 PASS
A the statue of liberty was dedicated first.
D CMP-ANA-8519
NOVEL=1 T CMP-ANA-8519 1 PASS
A the eiffel tower is taller.
NOVEL=1 T CMP-ANA-8519 2 PASS
A the statue of liberty was dedicated first.
D CMP-ANA-8520
NOVEL=1 T CMP-ANA-8520 1 PASS
A the montparnasse tower is taller.
NOVEL=1 T CMP-ANA-8520 2 PASS
A the statue of liberty was dedicated first.
D CMP-ANA-8521
NOVEL=1 T CMP-ANA-8521 1 PASS
A the montparnasse tower is taller.
NOVEL=1 T CMP-ANA-8521 2 PASS
A the statue of liberty was dedicated first.
D CMP-ANA-8522
NOVEL=1 T CMP-ANA-8522 1 PASS
A the montparnasse tower is taller.
NOVEL=1 T CMP-ANA-8522 2 PASS
A the statue of liberty was dedicated first.
D CMP-ANA-8523
NOVEL=1 T CMP-ANA-8523 1 PASS
A the eiffel tower is taller.
NOVEL=1 T CMP-ANA-8523 2 PASS
A the eiffel tower was built first.
D CMP-ANA-8524
NOVEL=1 T CMP-ANA-8524 1 PASS
A the eiffel tower is taller.
NOVEL=1 T CMP-ANA-8524 2 PASS
A the eiffel tower was built first.
D CMP-ANA-8525
NOVEL=1 T CMP-ANA-8525 1 PASS
A the eiffel tower is taller.
NOVEL=1 T CMP-ANA-8525 2 PASS
A the eiffel tower was built first.
D CMP-ANA-8526
NOVEL=1 T CMP-ANA-8526 1 PASS
A the eiffel tower is taller.
NOVEL=1 T CMP-ANA-8526 2 PASS
A the statue of liberty was dedicated first.
D CMP-ANA-8527
NOVEL=1 T CMP-ANA-8527 1 PASS
A the eiffel tower is taller.
NOVEL=1 T CMP-ANA-8527 2 PASS
A the statue of liberty was dedicated first.
D CMP-ANA-8528
NOVEL=1 T CMP-ANA-8528 1 PASS
A the eiffel tower is taller.
NOVEL=1 T CMP-ANA-8528 2 PASS
A the statue of liberty was dedicated first.
D CMP-ANA-8529
NOVEL=1 T CMP-ANA-8529 1 PASS
A the eiffel tower is taller.
NOVEL=1 T CMP-ANA-8529 2 PASS
A the eiffel tower was built first.
D CMP-ANA-8530
NOVEL=1 T CMP-ANA-8530 1 PASS
A the eiffel tower is taller.
NOVEL=1 T CMP-ANA-8530 2 PASS
A the eiffel tower was built first.
D CMP-ANA-8531
NOVEL=1 T CMP-ANA-8531 1 PASS
A the eiffel tower is taller.
NOVEL=1 T CMP-ANA-8531 2 PASS
A the eiffel tower was built first.
D CMP-ANA-8532
NOVEL=1 T CMP-ANA-8532 1 PASS
A the montparnasse tower is taller.
NOVEL=1 T CMP-ANA-8532 2 PASS
A the statue of liberty was dedicated first.
D CMP-ANA-8533
NOVEL=1 T CMP-ANA-8533 1 PASS
A the montparnasse tower is taller.
NOVEL=1 T CMP-ANA-8533 2 PASS
A the statue of liberty was dedicated first.
D CMP-ANA-8534
NOVEL=1 T CMP-ANA-8534 1 PASS
A the montparnasse tower is taller.
NOVEL=1 T CMP-ANA-8534 2 PASS
A the statue of liberty was dedicated first.
D CMP-ANA-8535
NOVEL=1 T CMP-ANA-8535 1 PASS
A the eiffel tower is taller.
NOVEL=1 T CMP-ANA-8535 2 PASS
A the statue of liberty was dedicated first.
D CMP-ANA-8536
NOVEL=1 T CMP-ANA-8536 1 PASS
A the eiffel tower is taller.
NOVEL=1 T CMP-ANA-8536 2 PASS
A the statue of liberty was dedicated first.
D CMP-ANA-8537
NOVEL=1 T CMP-ANA-8537 1 PASS
A the eiffel tower is taller.
NOVEL=1 T CMP-ANA-8537 2 PASS
A the statue of liberty was dedicated first.
D CMP-ANA-8538
NOVEL=1 T CMP-ANA-8538 1 PASS
A the montparnasse tower is taller.
NOVEL=1 T CMP-ANA-8538 2 PASS
A the statue of liberty was dedicated first.
D CMP-ANA-8539
NOVEL=1 T CMP-ANA-8539 1 PASS
A the montparnasse tower is taller.
NOVEL=1 T CMP-ANA-8539 2 PASS
A the statue of liberty was dedicated first.
D CMP-ANA-8540
NOVEL=1 T CMP-ANA-8540 1 PASS
A the montparnasse tower is taller.
NOVEL=1 T CMP-ANA-8540 2 PASS
A the statue of liberty was dedicated first.
D CMP-ANA-8541
NOVEL=1 T CMP-ANA-8541 1 PASS
A the eiffel tower is taller.
NOVEL=1 T CMP-ANA-8541 2 PASS
A the eiffel tower was built first.
D CMP-ANA-8542
NOVEL=1 T CMP-ANA-8542 1 PASS
A the eiffel tower is taller.
NOVEL=1 T CMP-ANA-8542 2 PASS
A the eiffel tower was built first.
D CMP-ANA-8543
NOVEL=1 T CMP-ANA-8543 1 PASS
A the eiffel tower is taller.
NOVEL=1 T CMP-ANA-8543 2 PASS
A the eiffel tower was built first.
D CMP-ANA-8544
NOVEL=1 T CMP-ANA-8544 1 PASS
A the eiffel tower is taller.
NOVEL=1 T CMP-ANA-8544 2 PASS
A the statue of liberty was dedicated first.
D CMP-ANA-8545
NOVEL=1 T CMP-ANA-8545 1 PASS
A the eiffel tower is taller.
NOVEL=1 T CMP-ANA-8545 2 PASS
A the statue of liberty was dedicated first.
D CMP-ANA-8546
NOVEL=1 T CMP-ANA-8546 1 PASS
A the eiffel tower is taller.
NOVEL=1 T CMP-ANA-8546 2 PASS
A the statue of liberty was dedicated first.
D CMP-ANA-8547
NOVEL=1 T CMP-ANA-8547 1 PASS
A the eiffel tower is taller.
NOVEL=1 T CMP-ANA-8547 2 PASS
A the eiffel tower was built first.
D CMP-ANA-8548
NOVEL=1 T CMP-ANA-8548 1 PASS
A the eiffel tower is taller.
NOVEL=1 T CMP-ANA-8548 2 PASS
A the eiffel tower was built first.
D CMP-ANA-8549
NOVEL=1 T CMP-ANA-8549 1 PASS
A the eiffel tower is taller.
NOVEL=1 T CMP-ANA-8549 2 PASS
A the eiffel tower was built first.
D CMP-ANA-8550
NOVEL=1 T CMP-ANA-8550 1 PASS
A the montparnasse tower is taller.
NOVEL=1 T CMP-ANA-8550 2 PASS
A the statue of liberty was dedicated first.
D CMP-ANA-8551
NOVEL=1 T CMP-ANA-8551 1 PASS
A the montparnasse tower is taller.
NOVEL=1 T CMP-ANA-8551 2 PASS
A the statue of liberty was dedicated first.
D CMP-ANA-8552
NOVEL=1 T CMP-ANA-8552 1 PASS
A the montparnasse tower is taller.
NOVEL=1 T CMP-ANA-8552 2 PASS
A the statue of liberty was dedicated first.
D CMP-ANA-8553
NOVEL=1 T CMP-ANA-8553 1 PASS
A the eiffel tower is taller.
NOVEL=1 T CMP-ANA-8553 2 PASS
A the statue of liberty was dedicated first.
D CMP-ANA-8554
NOVEL=1 T CMP-ANA-8554 1 PASS
A the eiffel tower is taller.
NOVEL=1 T CMP-ANA-8554 2 PASS
A the statue of liberty was dedicated first.
D CMP-ANA-8555
NOVEL=1 T CMP-ANA-8555 1 PASS
A the eiffel tower is taller.
NOVEL=1 T CMP-ANA-8555 2 PASS
A the statue of liberty was dedicated first.
D CMP-ANA-8556
NOVEL=1 T CMP-ANA-8556 1 PASS
A the montparnasse tower is taller.
NOVEL=1 T CMP-ANA-8556 2 PASS
A the statue of liberty was dedicated first.
D CMP-ANA-8557
NOVEL=1 T CMP-ANA-8557 1 PASS
A the montparnasse tower is taller.
NOVEL=1 T CMP-ANA-8557 2 PASS
A the statue of liberty was dedicated first.
D CMP-ANA-8558
NOVEL=1 T CMP-ANA-8558 1 PASS
A the montparnasse tower is taller.
NOVEL=1 T CMP-ANA-8558 2 PASS
A the statue of liberty was dedicated first.
D CMP-ANA-8559
NOVEL=1 T CMP-ANA-8559 1 PASS
A the eiffel tower is taller.
NOVEL=1 T CMP-ANA-8559 2 PASS
A the eiffel tower was built first.
D CMP-ANA-8560
NOVEL=1 T CMP-ANA-8560 1 PASS
A the eiffel tower is taller.
NOVEL=1 T CMP-ANA-8560 2 PASS
A the eiffel tower was built first.
D CMP-ANA-8561
NOVEL=1 T CMP-ANA-8561 1 PASS
A the eiffel tower is taller.
NOVEL=1 T CMP-ANA-8561 2 PASS
A the eiffel tower was built first.
D CMP-ANA-8562
NOVEL=1 T CMP-ANA-8562 1 PASS
A the eiffel tower is taller.
NOVEL=1 T CMP-ANA-8562 2 PASS
A the statue of liberty was dedicated first.
D CMP-ANA-8563
NOVEL=1 T CMP-ANA-8563 1 PASS
A the eiffel tower is taller.
NOVEL=1 T CMP-ANA-8563 2 PASS
A the statue of liberty was dedicated first.
D CMP-ANA-8564
NOVEL=1 T CMP-ANA-8564 1 PASS
A the eiffel tower is taller.
NOVEL=1 T CMP-ANA-8564 2 PASS
A the statue of liberty was dedicated first.
D CMP-ANA-8565
NOVEL=1 T CMP-ANA-8565 1 PASS
A the eiffel tower is taller.
NOVEL=1 T CMP-ANA-8565 2 PASS
A the eiffel tower was built first.
D CMP-ANA-8566
NOVEL=1 T CMP-ANA-8566 1 PASS
A the eiffel tower is taller.
NOVEL=1 T CMP-ANA-8566 2 PASS
A the eiffel tower was built first.
D CMP-ANA-8567
NOVEL=1 T CMP-ANA-8567 1 PASS
A the eiffel tower is taller.
NOVEL=1 T CMP-ANA-8567 2 PASS
A the eiffel tower was built first.
D CMP-ANA-8568
NOVEL=1 T CMP-ANA-8568 1 PASS
A the montparnasse tower is taller.
NOVEL=1 T CMP-ANA-8568 2 PASS
A the statue of liberty was dedicated first.
D CMP-ANA-8569
NOVEL=1 T CMP-ANA-8569 1 PASS
A the montparnasse tower is taller.
NOVEL=1 T CMP-ANA-8569 2 PASS
A the statue of liberty was dedicated first.
D CMP-ANA-8570
NOVEL=1 T CMP-ANA-8570 1 PASS
A the montparnasse tower is taller.
NOVEL=1 T CMP-ANA-8570 2 PASS
A the statue of liberty was dedicated first.
D CMP-ANA-8571
NOVEL=1 T CMP-ANA-8571 1 PASS
A the eiffel tower is taller.
NOVEL=1 T CMP-ANA-8571 2 PASS
A the statue of liberty was dedicated first.
D CMP-ANA-8572
NOVEL=1 T CMP-ANA-8572 1 PASS
A the eiffel tower is taller.
NOVEL=1 T CMP-ANA-8572 2 PASS
A the statue of liberty was dedicated first.
D CMP-ANA-8573
NOVEL=1 T CMP-ANA-8573 1 PASS
A the eiffel tower is taller.
NOVEL=1 T CMP-ANA-8573 2 PASS
A the statue of liberty was dedicated first.
D CMP-ANA-8574
NOVEL=1 T CMP-ANA-8574 1 PASS
A the montparnasse tower is taller.
NOVEL=1 T CMP-ANA-8574 2 PASS
A the statue of liberty was dedicated first.
D CMP-ANA-8575
NOVEL=1 T CMP-ANA-8575 1 PASS
A the montparnasse tower is taller.
NOVEL=1 T CMP-ANA-8575 2 PASS
A the statue of liberty was dedicated first.
D CMP-ANA-8576
NOVEL=1 T CMP-ANA-8576 1 PASS
A the montparnasse tower is taller.
NOVEL=1 T CMP-ANA-8576 2 PASS
A the statue of liberty was dedicated first.
D CMP-ANA-8577
NOVEL=1 T CMP-ANA-8577 1 PASS
A the eiffel tower is taller.
NOVEL=1 T CMP-ANA-8577 2 PASS
A the eiffel tower was built first.
D CMP-ANA-8578
NOVEL=1 T CMP-ANA-8578 1 PASS
A the eiffel tower is taller.
NOVEL=1 T CMP-ANA-8578 2 PASS
A the eiffel tower was built first.
D CMP-ANA-8579
NOVEL=1 T CMP-ANA-8579 1 PASS
A the eiffel tower is taller.
NOVEL=1 T CMP-ANA-8579 2 PASS
A the eiffel tower was built first.
D CMP-ANA-8580
NOVEL=1 T CMP-ANA-8580 1 PASS
A the eiffel tower is taller.
NOVEL=1 T CMP-ANA-8580 2 PASS
A the statue of liberty was dedicated first.
D CMP-ANA-8581
NOVEL=1 T CMP-ANA-8581 1 PASS
A the eiffel tower is taller.
NOVEL=1 T CMP-ANA-8581 2 PASS
A the statue of liberty was dedicated first.
D CMP-ANA-8582
NOVEL=1 T CMP-ANA-8582 1 PASS
A the eiffel tower is taller.
NOVEL=1 T CMP-ANA-8582 2 PASS
A the statue of liberty was dedicated first.
D CMP-ANA-8583
NOVEL=1 T CMP-ANA-8583 1 PASS
A the eiffel tower is taller.
NOVEL=1 T CMP-ANA-8583 2 PASS
A the eiffel tower was built first.
D CMP-ANA-8584
NOVEL=1 T CMP-ANA-8584 1 PASS
A the eiffel tower is taller.
NOVEL=1 T CMP-ANA-8584 2 PASS
A the eiffel tower was built first.
D CMP-ANA-8585
NOVEL=1 T CMP-ANA-8585 1 PASS
A the eiffel tower is taller.
NOVEL=1 T CMP-ANA-8585 2 PASS
A the eiffel tower was built first.
D CMP-ANA-8586
NOVEL=1 T CMP-ANA-8586 1 PASS
A the montparnasse tower is taller.
NOVEL=1 T CMP-ANA-8586 2 PASS
A the statue of liberty was dedicated first.
D CMP-ANA-8587
NOVEL=1 T CMP-ANA-8587 1 PASS
A the montparnasse tower is taller.
NOVEL=1 T CMP-ANA-8587 2 PASS
A the statue of liberty was dedicated first.
D CMP-ANA-8588
NOVEL=1 T CMP-ANA-8588 1 PASS
A the montparnasse tower is taller.
NOVEL=1 T CMP-ANA-8588 2 PASS
A the statue of liberty was dedicated first.
D CMP-ANA-8589
NOVEL=1 T CMP-ANA-8589 1 PASS
A the eiffel tower is taller.
NOVEL=1 T CMP-ANA-8589 2 PASS
A the statue of liberty was dedicated first.
D CMP-ANA-8590
NOVEL=1 T CMP-ANA-8590 1 PASS
A the eiffel tower is taller.
NOVEL=1 T CMP-ANA-8590 2 PASS
A the statue of liberty was dedicated first.
D CMP-ANA-8591
NOVEL=1 T CMP-ANA-8591 1 PASS
A the eiffel tower is taller.
NOVEL=1 T CMP-ANA-8591 2 PASS
A the statue of liberty was dedicated first.
D CMP-ANA-8592
NOVEL=1 T CMP-ANA-8592 1 PASS
A the montparnasse tower is taller.
NOVEL=1 T CMP-ANA-8592 2 PASS
A the statue of liberty was dedicated first.
D CMP-ANA-8593
NOVEL=1 T CMP-ANA-8593 1 PASS
A the montparnasse tower is taller.
NOVEL=1 T CMP-ANA-8593 2 PASS
A the statue of liberty was dedicated first.
D CMP-ANA-8594
NOVEL=1 T CMP-ANA-8594 1 PASS
A the montparnasse tower is taller.
NOVEL=1 T CMP-ANA-8594 2 PASS
A the statue of liberty was dedicated first.
D CMP-ANA-8595
NOVEL=1 T CMP-ANA-8595 1 PASS
A the eiffel tower is taller.
NOVEL=1 T CMP-ANA-8595 2 PASS
A the eiffel tower was built first.
D CMP-ANA-8596
NOVEL=1 T CMP-ANA-8596 1 PASS
A the eiffel tower is taller.
NOVEL=1 T CMP-ANA-8596 2 PASS
A the eiffel tower was built first.
D CMP-ANA-8597
NOVEL=1 T CMP-ANA-8597 1 PASS
A the eiffel tower is taller.
NOVEL=1 T CMP-ANA-8597 2 PASS
A the eiffel tower was built first.
D CMP-ANA-8598
NOVEL=1 T CMP-ANA-8598 1 PASS
A the eiffel tower is taller.
NOVEL=1 T CMP-ANA-8598 2 PASS
A the statue of liberty was dedicated first.
D CMP-ANA-8599
NOVEL=1 T CMP-ANA-8599 1 PASS
A the eiffel tower is taller.
NOVEL=1 T CMP-ANA-8599 2 PASS
A the statue of liberty was dedicated first.
D CMP-ANA-8600
NOVEL=1 T CMP-ANA-8600 1 PASS
A the eiffel tower is taller.
NOVEL=1 T CMP-ANA-8600 2 PASS
A the statue of liberty was dedicated first.
D CMP-ANA-8601
NOVEL=1 T CMP-ANA-8601 1 PASS
A the eiffel tower is taller.
NOVEL=1 T CMP-ANA-8601 2 PASS
A the eiffel tower was built first.
D CMP-ANA-8602
NOVEL=1 T CMP-ANA-8602 1 PASS
A the eiffel tower is taller.
NOVEL=1 T CMP-ANA-8602 2 PASS
A the eiffel tower was built first.
D CMP-ANA-8603
NOVEL=1 T CMP-ANA-8603 1 PASS
A the eiffel tower is taller.
NOVEL=1 T CMP-ANA-8603 2 PASS
A the eiffel tower was built first.
D CMP-ANA-8604
NOVEL=1 T CMP-ANA-8604 1 PASS
A the montparnasse tower is taller.
NOVEL=1 T CMP-ANA-8604 2 PASS
A the statue of liberty was dedicated first.
D CMP-ANA-8605
NOVEL=1 T CMP-ANA-8605 1 PASS
A the montparnasse tower is taller.
NOVEL=1 T CMP-ANA-8605 2 PASS
A the statue of liberty was dedicated first.
D CMP-ANA-8606
NOVEL=1 T CMP-ANA-8606 1 PASS
A the montparnasse tower is taller.
NOVEL=1 T CMP-ANA-8606 2 PASS
A the statue of liberty was dedicated first.
D CMP-ANA-8607
NOVEL=1 T CMP-ANA-8607 1 PASS
A the eiffel tower is taller.
NOVEL=1 T CMP-ANA-8607 2 PASS
A the statue of liberty was dedicated first.
D CMP-ANA-8608
NOVEL=1 T CMP-ANA-8608 1 PASS
A the eiffel tower is taller.
NOVEL=1 T CMP-ANA-8608 2 PASS
A the statue of liberty was dedicated first.
D CMP-ANA-8609
NOVEL=1 T CMP-ANA-8609 1 PASS
A the eiffel tower is taller.
NOVEL=1 T CMP-ANA-8609 2 PASS
A the statue of liberty was dedicated first.
D CMP-ANA-8610
NOVEL=1 T CMP-ANA-8610 1 PASS
A the montparnasse tower is taller.
NOVEL=1 T CMP-ANA-8610 2 PASS
A the statue of liberty was dedicated first.
D CMP-ANA-8611
NOVEL=1 T CMP-ANA-8611 1 PASS
A the montparnasse tower is taller.
NOVEL=1 T CMP-ANA-8611 2 PASS
A the statue of liberty was dedicated first.
D CMP-ANA-8612
NOVEL=1 T CMP-ANA-8612 1 PASS
A the montparnasse tower is taller.
NOVEL=1 T CMP-ANA-8612 2 PASS
A the statue of liberty was dedicated first.
D CMP-ANA-8613
NOVEL=1 T CMP-ANA-8613 1 PASS
A the eiffel tower is taller.
NOVEL=1 T CMP-ANA-8613 2 PASS
A the eiffel tower was built first.
D CMP-ANA-8614
NOVEL=1 T CMP-ANA-8614 1 PASS
A the eiffel tower is taller.
NOVEL=1 T CMP-ANA-8614 2 PASS
A the eiffel tower was built first.
D CMP-ANA-8615
NOVEL=1 T CMP-ANA-8615 1 PASS
A the eiffel tower is taller.
NOVEL=1 T CMP-ANA-8615 2 PASS
A the eiffel tower was built first.
D CMP-ANA-8616
NOVEL=1 T CMP-ANA-8616 1 PASS
A the eiffel tower is taller.
NOVEL=1 T CMP-ANA-8616 2 PASS
A the statue of liberty was dedicated first.
D CMP-ANA-8617
NOVEL=1 T CMP-ANA-8617 1 PASS
A the eiffel tower is taller.
NOVEL=1 T CMP-ANA-8617 2 PASS
A the statue of liberty was dedicated first.
D CMP-ANA-8618
NOVEL=1 T CMP-ANA-8618 1 PASS
A the eiffel tower is taller.
NOVEL=1 T CMP-ANA-8618 2 PASS
A the statue of liberty was dedicated first.
D CMP-ANA-8619
NOVEL=1 T CMP-ANA-8619 1 PASS
A the eiffel tower is taller.
NOVEL=1 T CMP-ANA-8619 2 PASS
A the eiffel tower was built first.
D CMP-ANA-8620
NOVEL=1 T CMP-ANA-8620 1 PASS
A the eiffel tower is taller.
NOVEL=1 T CMP-ANA-8620 2 PASS
A the eiffel tower was built first.
D CMP-ANA-8621
NOVEL=1 T CMP-ANA-8621 1 PASS
A the eiffel tower is taller.
NOVEL=1 T CMP-ANA-8621 2 PASS
A the eiffel tower was built first.
D CMP-ANA-8622
NOVEL=1 T CMP-ANA-8622 1 PASS
A the montparnasse tower is taller.
NOVEL=1 T CMP-ANA-8622 2 PASS
A the statue of liberty was dedicated first.
D CMP-ANA-8623
NOVEL=1 T CMP-ANA-8623 1 PASS
A the montparnasse tower is taller.
NOVEL=1 T CMP-ANA-8623 2 PASS
A the statue of liberty was dedicated first.
D CMP-ANA-8624
NOVEL=1 T CMP-ANA-8624 1 PASS
A the montparnasse tower is taller.
NOVEL=1 T CMP-ANA-8624 2 PASS
A the statue of liberty was dedicated first.
D CMP-ANA-8625
NOVEL=1 T CMP-ANA-8625 1 PASS
A the eiffel tower is taller.
NOVEL=1 T CMP-ANA-8625 2 PASS
A the statue of liberty was dedicated first.
D CMP-ANA-8626
NOVEL=1 T CMP-ANA-8626 1 PASS
A the eiffel tower is taller.
NOVEL=1 T CMP-ANA-8626 2 PASS
A the statue of liberty was dedicated first.
D CMP-ANA-8627
NOVEL=1 T CMP-ANA-8627 1 PASS
A the eiffel tower is taller.
NOVEL=1 T CMP-ANA-8627 2 PASS
A the statue of liberty was dedicated first.
D CMP-ANA-8628
NOVEL=1 T CMP-ANA-8628 1 PASS
A the montparnasse tower is taller.
NOVEL=1 T CMP-ANA-8628 2 PASS
A the statue of liberty was dedicated first.
D CMP-ANA-8629
NOVEL=1 T CMP-ANA-8629 1 PASS
A the montparnasse tower is taller.
NOVEL=1 T CMP-ANA-8629 2 PASS
A the statue of liberty was dedicated first.
D CMP-ANA-8630
NOVEL=1 T CMP-ANA-8630 1 PASS
A the montparnasse tower is taller.
NOVEL=1 T CMP-ANA-8630 2 PASS
A the statue of liberty was dedicated first.
D CMP-ANA-8631
NOVEL=1 T CMP-ANA-8631 1 PASS
A the eiffel tower is taller.
NOVEL=1 T CMP-ANA-8631 2 PASS
A the eiffel tower was built first.
D CMP-ANA-8632
NOVEL=1 T CMP-ANA-8632 1 PASS
A the eiffel tower is taller.
NOVEL=1 T CMP-ANA-8632 2 PASS
A the eiffel tower was built first.
D CMP-ANA-8633
NOVEL=1 T CMP-ANA-8633 1 PASS
A the eiffel tower is taller.
NOVEL=1 T CMP-ANA-8633 2 PASS
A the eiffel tower was built first.
D CMP-ANA-8634
NOVEL=1 T CMP-ANA-8634 1 PASS
A the eiffel tower is taller.
NOVEL=1 T CMP-ANA-8634 2 PASS
A the statue of liberty was dedicated first.
D CMP-ANA-8635
NOVEL=1 T CMP-ANA-8635 1 PASS
A the eiffel tower is taller.
NOVEL=1 T CMP-ANA-8635 2 PASS
A the statue of liberty was dedicated first.
D CMP-ANA-8636
NOVEL=1 T CMP-ANA-8636 1 PASS
A the eiffel tower is taller.
NOVEL=1 T CMP-ANA-8636 2 PASS
A the statue of liberty was dedicated first.
D CMP-ANA-8637
NOVEL=1 T CMP-ANA-8637 1 PASS
A the eiffel tower is taller.
NOVEL=1 T CMP-ANA-8637 2 PASS
A the eiffel tower was built first.
D CMP-ANA-8638
NOVEL=1 T CMP-ANA-8638 1 PASS
A the eiffel tower is taller.
NOVEL=1 T CMP-ANA-8638 2 PASS
A the eiffel tower was built first.
D CMP-ANA-8639
NOVEL=1 T CMP-ANA-8639 1 PASS
A the eiffel tower is taller.
NOVEL=1 T CMP-ANA-8639 2 PASS
A the eiffel tower was built first.
D CMP-ANA-8640
NOVEL=1 T CMP-ANA-8640 1 PASS
A the montparnasse tower is taller.
NOVEL=1 T CMP-ANA-8640 2 PASS
A the statue of liberty was dedicated first.
D CMP-ANA-8641
NOVEL=1 T CMP-ANA-8641 1 PASS
A the montparnasse tower is taller.
NOVEL=1 T CMP-ANA-8641 2 PASS
A the statue of liberty was dedicated first.
D CMP-ANA-8642
NOVEL=1 T CMP-ANA-8642 1 PASS
A the montparnasse tower is taller.
NOVEL=1 T CMP-ANA-8642 2 PASS
A the statue of liberty was dedicated first.
D CMP-ANA-8643
NOVEL=1 T CMP-ANA-8643 1 PASS
A the eiffel tower is taller.
NOVEL=1 T CMP-ANA-8643 2 PASS
A the statue of liberty was dedicated first.
D CMP-ANA-8644
NOVEL=1 T CMP-ANA-8644 1 PASS
A the eiffel tower is taller.
NOVEL=1 T CMP-ANA-8644 2 PASS
A the statue of liberty was dedicated first.
D CMP-ANA-8645
NOVEL=1 T CMP-ANA-8645 1 PASS
A the eiffel tower is taller.
NOVEL=1 T CMP-ANA-8645 2 PASS
A the statue of liberty was dedicated first.
D CMP-ANA-8646
NOVEL=1 T CMP-ANA-8646 1 PASS
A the montparnasse tower is taller.
NOVEL=1 T CMP-ANA-8646 2 PASS
A the statue of liberty was dedicated first.
D CMP-ANA-8647
NOVEL=1 T CMP-ANA-8647 1 PASS
A the montparnasse tower is taller.
NOVEL=1 T CMP-ANA-8647 2 PASS
A the statue of liberty was dedicated first.
D CMP-ANA-8648
NOVEL=1 T CMP-ANA-8648 1 PASS
A the montparnasse tower is taller.
NOVEL=1 T CMP-ANA-8648 2 PASS
A the statue of liberty was dedicated first.
D CMP-ANA-8649
NOVEL=1 T CMP-ANA-8649 1 PASS
A the eiffel tower is taller.
NOVEL=1 T CMP-ANA-8649 2 PASS
A the eiffel tower was built first.
D CMP-ANA-8650
NOVEL=1 T CMP-ANA-8650 1 PASS
A the eiffel tower is taller.
NOVEL=1 T CMP-ANA-8650 2 PASS
A the eiffel tower was built first.
D CMP-ANA-8651
NOVEL=1 T CMP-ANA-8651 1 PASS
A the eiffel tower is taller.
NOVEL=1 T CMP-ANA-8651 2 PASS
A the eiffel tower was built first.
D CMP-ANA-8652
NOVEL=1 T CMP-ANA-8652 1 PASS
A the eiffel tower is taller.
NOVEL=1 T CMP-ANA-8652 2 PASS
A the statue of liberty was dedicated first.
D CMP-ANA-8653
NOVEL=1 T CMP-ANA-8653 1 PASS
A the eiffel tower is taller.
NOVEL=1 T CMP-ANA-8653 2 PASS
A the statue of liberty was dedicated first.
D CMP-ANA-8654
NOVEL=1 T CMP-ANA-8654 1 PASS
A the eiffel tower is taller.
NOVEL=1 T CMP-ANA-8654 2 PASS
A the statue of liberty was dedicated first.
D CMP-ANA-8655
NOVEL=1 T CMP-ANA-8655 1 PASS
A the eiffel tower is taller.
NOVEL=1 T CMP-ANA-8655 2 PASS
A the eiffel tower was built first.
D CMP-ANA-8656
NOVEL=1 T CMP-ANA-8656 1 PASS
A the eiffel tower is taller.
NOVEL=1 T CMP-ANA-8656 2 PASS
A the eiffel tower was built first.
D CMP-ANA-8657
NOVEL=1 T CMP-ANA-8657 1 PASS
A the eiffel tower is taller.
NOVEL=1 T CMP-ANA-8657 2 PASS
A the eiffel tower was built first.
D CMP-ANA-8658
NOVEL=1 T CMP-ANA-8658 1 PASS
A the montparnasse tower is taller.
NOVEL=1 T CMP-ANA-8658 2 PASS
A the statue of liberty was dedicated first.
D CMP-ANA-8659
NOVEL=1 T CMP-ANA-8659 1 PASS
A the montparnasse tower is taller.
NOVEL=1 T CMP-ANA-8659 2 PASS
A the statue of liberty was dedicated first.
D CMP-ANA-8660
NOVEL=1 T CMP-ANA-8660 1 PASS
A the montparnasse tower is taller.
NOVEL=1 T CMP-ANA-8660 2 PASS
A the statue of liberty was dedicated first.
D CMP-ANA-8661
NOVEL=1 T CMP-ANA-8661 1 PASS
A the eiffel tower is taller.
NOVEL=1 T CMP-ANA-8661 2 PASS
A the statue of liberty was dedicated first.
D CMP-ANA-8662
NOVEL=1 T CMP-ANA-8662 1 PASS
A the eiffel tower is taller.
NOVEL=1 T CMP-ANA-8662 2 PASS
A the statue of liberty was dedicated first.
D CMP-ANA-8663
NOVEL=1 T CMP-ANA-8663 1 PASS
A the eiffel tower is taller.
NOVEL=1 T CMP-ANA-8663 2 PASS
A the statue of liberty was dedicated first.
D CMP-ANA-8664
NOVEL=1 T CMP-ANA-8664 1 PASS
A the montparnasse tower is taller.
NOVEL=1 T CMP-ANA-8664 2 PASS
A the statue of liberty was dedicated first.
D CMP-ANA-8665
NOVEL=1 T CMP-ANA-8665 1 PASS
A the montparnasse tower is taller.
NOVEL=1 T CMP-ANA-8665 2 PASS
A the statue of liberty was dedicated first.
D CMP-ANA-8666
NOVEL=1 T CMP-ANA-8666 1 PASS
A the montparnasse tower is taller.
NOVEL=1 T CMP-ANA-8666 2 PASS
A the statue of liberty was dedicated first.
D CMP-ANA-8667
NOVEL=1 T CMP-ANA-8667 1 PASS
A the eiffel tower is taller.
NOVEL=1 T CMP-ANA-8667 2 PASS
A the eiffel tower was built first.
D CMP-ANA-8668
NOVEL=1 T CMP-ANA-8668 1 PASS
A the eiffel tower is taller.
NOVEL=1 T CMP-ANA-8668 2 PASS
A the eiffel tower was built first.
D CMP-ANA-8669
NOVEL=1 T CMP-ANA-8669 1 PASS
A the eiffel tower is taller.
NOVEL=1 T CMP-ANA-8669 2 PASS
A the eiffel tower was built first.
D CMP-ANA-8670
NOVEL=1 T CMP-ANA-8670 1 PASS
A the eiffel tower is taller.
NOVEL=1 T CMP-ANA-8670 2 PASS
A the statue of liberty was dedicated first.
D CMP-ANA-8671
NOVEL=1 T CMP-ANA-8671 1 PASS
A the eiffel tower is taller.
NOVEL=1 T CMP-ANA-8671 2 PASS
A the statue of liberty was dedicated first.
D CMP-ANA-8672
NOVEL=1 T CMP-ANA-8672 1 PASS
A the eiffel tower is taller.
NOVEL=1 T CMP-ANA-8672 2 PASS
A the statue of liberty was dedicated first.
D CMP-ANA-8673
NOVEL=1 T CMP-ANA-8673 1 PASS
A the eiffel tower is taller.
NOVEL=1 T CMP-ANA-8673 2 PASS
A the eiffel tower was built first.
D CMP-ANA-8674
NOVEL=1 T CMP-ANA-8674 1 PASS
A the eiffel tower is taller.
NOVEL=1 T CMP-ANA-8674 2 PASS
A the eiffel tower was built first.
D CMP-ANA-8675
NOVEL=1 T CMP-ANA-8675 1 PASS
A the eiffel tower is taller.
NOVEL=1 T CMP-ANA-8675 2 PASS
A the eiffel tower was built first.
D CMP-ANA-8676
NOVEL=1 T CMP-ANA-8676 1 PASS
A the montparnasse tower is taller.
NOVEL=1 T CMP-ANA-8676 2 PASS
A the statue of liberty was dedicated first.
D CMP-ANA-8677
NOVEL=1 T CMP-ANA-8677 1 PASS
A the montparnasse tower is taller.
NOVEL=1 T CMP-ANA-8677 2 PASS
A the statue of liberty was dedicated first.
D CMP-ANA-8678
NOVEL=1 T CMP-ANA-8678 1 PASS
A the montparnasse tower is taller.
NOVEL=1 T CMP-ANA-8678 2 PASS
A the statue of liberty was dedicated first.
D CMP-ANA-8679
NOVEL=1 T CMP-ANA-8679 1 PASS
A the eiffel tower is taller.
NOVEL=1 T CMP-ANA-8679 2 PASS
A the statue of liberty was dedicated first.
D CMP-ANA-8680
NOVEL=1 T CMP-ANA-8680 1 PASS
A the eiffel tower is taller.
NOVEL=1 T CMP-ANA-8680 2 PASS
A the statue of liberty was dedicated first.
D CMP-ANA-8681
NOVEL=1 T CMP-ANA-8681 1 PASS
A the eiffel tower is taller.
NOVEL=1 T CMP-ANA-8681 2 PASS
A the statue of liberty was dedicated first.
D CMP-ANA-8682
NOVEL=1 T CMP-ANA-8682 1 PASS
A the montparnasse tower is taller.
NOVEL=1 T CMP-ANA-8682 2 PASS
A the statue of liberty was dedicated first.
D CMP-ANA-8683
NOVEL=1 T CMP-ANA-8683 1 PASS
A the montparnasse tower is taller.
NOVEL=1 T CMP-ANA-8683 2 PASS
A the statue of liberty was dedicated first.
D CMP-ANA-8684
NOVEL=1 T CMP-ANA-8684 1 PASS
A the montparnasse tower is taller.
NOVEL=1 T CMP-ANA-8684 2 PASS
A the statue of liberty was dedicated first.
D CMP-ANA-8685
NOVEL=1 T CMP-ANA-8685 1 PASS
A the eiffel tower is taller.
NOVEL=1 T CMP-ANA-8685 2 PASS
A the eiffel tower was built first.
D CMP-ANA-8686
NOVEL=1 T CMP-ANA-8686 1 PASS
A the eiffel tower is taller.
NOVEL=1 T CMP-ANA-8686 2 PASS
A the eiffel tower was built first.
D CMP-ANA-8687
NOVEL=1 T CMP-ANA-8687 1 PASS
A the eiffel tower is taller.
NOVEL=1 T CMP-ANA-8687 2 PASS
A the eiffel tower was built first.
D CMP-ANA-8688
NOVEL=1 T CMP-ANA-8688 1 PASS
A the eiffel tower is taller.
NOVEL=1 T CMP-ANA-8688 2 PASS
A the statue of liberty was dedicated first.
D CMP-ANA-8689
NOVEL=1 T CMP-ANA-8689 1 PASS
A the eiffel tower is taller.
NOVEL=1 T CMP-ANA-8689 2 PASS
A the statue of liberty was dedicated first.
D CMP-ANA-8690
NOVEL=1 T CMP-ANA-8690 1 PASS
A the eiffel tower is taller.
NOVEL=1 T CMP-ANA-8690 2 PASS
A the statue of liberty was dedicated first.
D CMP-ANA-8691
NOVEL=1 T CMP-ANA-8691 1 PASS
A the eiffel tower is taller.
NOVEL=1 T CMP-ANA-8691 2 PASS
A the eiffel tower was built first.
D CMP-ANA-8692
NOVEL=1 T CMP-ANA-8692 1 PASS
A the eiffel tower is taller.
NOVEL=1 T CMP-ANA-8692 2 PASS
A the eiffel tower was built first.
D CMP-ANA-8693
NOVEL=1 T CMP-ANA-8693 1 PASS
A the eiffel tower is taller.
NOVEL=1 T CMP-ANA-8693 2 PASS
A the eiffel tower was built first.
D CMP-ANA-8694
NOVEL=1 T CMP-ANA-8694 1 PASS
A the montparnasse tower is taller.
NOVEL=1 T CMP-ANA-8694 2 PASS
A the statue of liberty was dedicated first.
D CMP-ANA-8695
NOVEL=1 T CMP-ANA-8695 1 PASS
A the montparnasse tower is taller.
NOVEL=1 T CMP-ANA-8695 2 PASS
A the statue of liberty was dedicated first.
D CMP-ANA-8696
NOVEL=1 T CMP-ANA-8696 1 PASS
A the montparnasse tower is taller.
NOVEL=1 T CMP-ANA-8696 2 PASS
A the statue of liberty was dedicated first.
D CMP-ANA-8697
NOVEL=1 T CMP-ANA-8697 1 PASS
A the eiffel tower is taller.
NOVEL=1 T CMP-ANA-8697 2 PASS
A the statue of liberty was dedicated first.
D CMP-ANA-8698
NOVEL=1 T CMP-ANA-8698 1 PASS
A the eiffel tower is taller.
NOVEL=1 T CMP-ANA-8698 2 PASS
A the statue of liberty was dedicated first.
D CMP-ANA-8699
NOVEL=1 T CMP-ANA-8699 1 PASS
A the eiffel tower is taller.
NOVEL=1 T CMP-ANA-8699 2 PASS
A the statue of liberty was dedicated first.
D CMP-ANA-8700
NOVEL=1 T CMP-ANA-8700 1 PASS
A the montparnasse tower is taller.
NOVEL=1 T CMP-ANA-8700 2 PASS
A the statue of liberty was dedicated first.
D CMP-ANA-8701
NOVEL=1 T CMP-ANA-8701 1 PASS
A the montparnasse tower is taller.
NOVEL=1 T CMP-ANA-8701 2 PASS
A the statue of liberty was dedicated first.
D CMP-ANA-8702
NOVEL=1 T CMP-ANA-8702 1 PASS
A the montparnasse tower is taller.
NOVEL=1 T CMP-ANA-8702 2 PASS
A the statue of liberty was dedicated first.
D CMP-ANA-8703
NOVEL=1 T CMP-ANA-8703 1 PASS
A the eiffel tower is taller.
NOVEL=1 T CMP-ANA-8703 2 PASS
A the eiffel tower was built first.
D CMP-ANA-8704
NOVEL=1 T CMP-ANA-8704 1 PASS
A the eiffel tower is taller.
NOVEL=1 T CMP-ANA-8704 2 PASS
A the eiffel tower was built first.
D CMP-ANA-8705
NOVEL=1 T CMP-ANA-8705 1 PASS
A the eiffel tower is taller.
NOVEL=1 T CMP-ANA-8705 2 PASS
A the eiffel tower was built first.
D CMP-ANA-8706
NOVEL=1 T CMP-ANA-8706 1 PASS
A the eiffel tower is taller.
NOVEL=1 T CMP-ANA-8706 2 PASS
A the statue of liberty was dedicated first.
D CMP-ANA-8707
NOVEL=1 T CMP-ANA-8707 1 PASS
A the eiffel tower is taller.
NOVEL=1 T CMP-ANA-8707 2 PASS
A the statue of liberty was dedicated first.
D CMP-ANA-8708
NOVEL=1 T CMP-ANA-8708 1 PASS
A the eiffel tower is taller.
NOVEL=1 T CMP-ANA-8708 2 PASS
A the statue of liberty was dedicated first.
D CMP-ANA-8709
NOVEL=1 T CMP-ANA-8709 1 PASS
A the eiffel tower is taller.
NOVEL=1 T CMP-ANA-8709 2 PASS
A the eiffel tower was built first.
D CMP-ANA-8710
NOVEL=1 T CMP-ANA-8710 1 PASS
A the eiffel tower is taller.
NOVEL=1 T CMP-ANA-8710 2 PASS
A the eiffel tower was built first.
D CMP-ANA-8711
NOVEL=1 T CMP-ANA-8711 1 PASS
A the eiffel tower is taller.
NOVEL=1 T CMP-ANA-8711 2 PASS
A the eiffel tower was built first.
D CMP-ANA-8712
NOVEL=1 T CMP-ANA-8712 1 PASS
A the montparnasse tower is taller.
NOVEL=1 T CMP-ANA-8712 2 PASS
A the statue of liberty was dedicated first.
D CMP-ANA-8713
NOVEL=1 T CMP-ANA-8713 1 PASS
A the montparnasse tower is taller.
NOVEL=1 T CMP-ANA-8713 2 PASS
A the statue of liberty was dedicated first.
D CMP-ANA-8714
NOVEL=1 T CMP-ANA-8714 1 PASS
A the montparnasse tower is taller.
NOVEL=1 T CMP-ANA-8714 2 PASS
A the statue of liberty was dedicated first.
D CMP-ANA-8715
NOVEL=1 T CMP-ANA-8715 1 PASS
A the eiffel tower is taller.
NOVEL=1 T CMP-ANA-8715 2 PASS
A the statue of liberty was dedicated first.
D CMP-ANA-8716
NOVEL=1 T CMP-ANA-8716 1 PASS
A the eiffel tower is taller.
NOVEL=1 T CMP-ANA-8716 2 PASS
A the statue of liberty was dedicated first.
D CMP-ANA-8717
NOVEL=1 T CMP-ANA-8717 1 PASS
A the eiffel tower is taller.
NOVEL=1 T CMP-ANA-8717 2 PASS
A the statue of liberty was dedicated first.
D CMP-ANA-8718
NOVEL=1 T CMP-ANA-8718 1 PASS
A the montparnasse tower is taller.
NOVEL=1 T CMP-ANA-8718 2 PASS
A the statue of liberty was dedicated first.
D CMP-ANA-8719
NOVEL=1 T CMP-ANA-8719 1 PASS
A the montparnasse tower is taller.
NOVEL=1 T CMP-ANA-8719 2 PASS
A the statue of liberty was dedicated first.
D CMP-ANA-8720
NOVEL=1 T CMP-ANA-8720 1 PASS
A the montparnasse tower is taller.
NOVEL=1 T CMP-ANA-8720 2 PASS
A the statue of liberty was dedicated first.
D CMP-ANA-8721
NOVEL=1 T CMP-ANA-8721 1 PASS
A the eiffel tower is taller.
NOVEL=1 T CMP-ANA-8721 2 PASS
A the eiffel tower was built first.
D CMP-ANA-8722
NOVEL=1 T CMP-ANA-8722 1 PASS
A the eiffel tower is taller.
NOVEL=1 T CMP-ANA-8722 2 PASS
A the eiffel tower was built first.
D CMP-ANA-8723
NOVEL=1 T CMP-ANA-8723 1 PASS
A the eiffel tower is taller.
NOVEL=1 T CMP-ANA-8723 2 PASS
A the eiffel tower was built first.
D CMP-ANA-8724
NOVEL=1 T CMP-ANA-8724 1 PASS
A the eiffel tower is taller.
NOVEL=1 T CMP-ANA-8724 2 PASS
A the statue of liberty was dedicated first.
D CMP-ANA-8725
NOVEL=1 T CMP-ANA-8725 1 PASS
A the eiffel tower is taller.
NOVEL=1 T CMP-ANA-8725 2 PASS
A the statue of liberty was dedicated first.
D CMP-ANA-8726
NOVEL=1 T CMP-ANA-8726 1 PASS
A the eiffel tower is taller.
NOVEL=1 T CMP-ANA-8726 2 PASS
A the statue of liberty was dedicated first.
D CMP-ANA-8727
NOVEL=1 T CMP-ANA-8727 1 PASS
A the eiffel tower is taller.
NOVEL=1 T CMP-ANA-8727 2 PASS
A the eiffel tower was built first.
D CMP-ANA-8728
NOVEL=1 T CMP-ANA-8728 1 PASS
A the eiffel tower is taller.
NOVEL=1 T CMP-ANA-8728 2 PASS
A the eiffel tower was built first.
D CMP-ANA-8729
NOVEL=1 T CMP-ANA-8729 1 PASS
A the eiffel tower is taller.
NOVEL=1 T CMP-ANA-8729 2 PASS
A the eiffel tower was built first.
D CMP-ANA-8730
NOVEL=1 T CMP-ANA-8730 1 PASS
A the montparnasse tower is taller.
NOVEL=1 T CMP-ANA-8730 2 PASS
A the statue of liberty was dedicated first.
D CMP-ANA-8731
NOVEL=1 T CMP-ANA-8731 1 PASS
A the montparnasse tower is taller.
NOVEL=1 T CMP-ANA-8731 2 PASS
A the statue of liberty was dedicated first.
D CMP-ANA-8732
NOVEL=1 T CMP-ANA-8732 1 PASS
A the montparnasse tower is taller.
NOVEL=1 T CMP-ANA-8732 2 PASS
A the statue of liberty was dedicated first.
D CMP-ANA-8733
NOVEL=1 T CMP-ANA-8733 1 PASS
A the eiffel tower is taller.
NOVEL=1 T CMP-ANA-8733 2 PASS
A the statue of liberty was dedicated first.
D CMP-ANA-8734
NOVEL=1 T CMP-ANA-8734 1 PASS
A the eiffel tower is taller.
NOVEL=1 T CMP-ANA-8734 2 PASS
A the statue of liberty was dedicated first.
D CMP-ANA-8735
NOVEL=1 T CMP-ANA-8735 1 PASS
A the eiffel tower is taller.
NOVEL=1 T CMP-ANA-8735 2 PASS
A the statue of liberty was dedicated first.
D CMP-ANA-8736
NOVEL=1 T CMP-ANA-8736 1 PASS
A the montparnasse tower is taller.
NOVEL=1 T CMP-ANA-8736 2 PASS
A the statue of liberty was dedicated first.
D CMP-ANA-8737
NOVEL=1 T CMP-ANA-8737 1 PASS
A the montparnasse tower is taller.
NOVEL=1 T CMP-ANA-8737 2 PASS
A the statue of liberty was dedicated first.
D CMP-ANA-8738
NOVEL=1 T CMP-ANA-8738 1 PASS
A the montparnasse tower is taller.
NOVEL=1 T CMP-ANA-8738 2 PASS
A the statue of liberty was dedicated first.
D CMP-ANA-8739
NOVEL=1 T CMP-ANA-8739 1 PASS
A the eiffel tower is taller.
NOVEL=1 T CMP-ANA-8739 2 PASS
A the eiffel tower was built first.
D CMP-ANA-8740
NOVEL=1 T CMP-ANA-8740 1 PASS
A the eiffel tower is taller.
NOVEL=1 T CMP-ANA-8740 2 PASS
A the eiffel tower was built first.
D CMP-ANA-8741
NOVEL=1 T CMP-ANA-8741 1 PASS
A the eiffel tower is taller.
NOVEL=1 T CMP-ANA-8741 2 PASS
A the eiffel tower was built first.
D CMP-ANA-8742
NOVEL=1 T CMP-ANA-8742 1 PASS
A the eiffel tower is taller.
NOVEL=1 T CMP-ANA-8742 2 PASS
A the statue of liberty was dedicated first.
D CMP-ANA-8743
NOVEL=1 T CMP-ANA-8743 1 PASS
A the eiffel tower is taller.
NOVEL=1 T CMP-ANA-8743 2 PASS
A the statue of liberty was dedicated first.
D CMP-ANA-8744
NOVEL=1 T CMP-ANA-8744 1 PASS
A the eiffel tower is taller.
NOVEL=1 T CMP-ANA-8744 2 PASS
A the statue of liberty was dedicated first.
D CMP-ANA-8745
NOVEL=1 T CMP-ANA-8745 1 PASS
A the eiffel tower is taller.
NOVEL=1 T CMP-ANA-8745 2 PASS
A the eiffel tower was built first.
D CMP-ANA-8746
NOVEL=1 T CMP-ANA-8746 1 PASS
A the eiffel tower is taller.
NOVEL=1 T CMP-ANA-8746 2 PASS
A the eiffel tower was built first.
D CMP-ANA-8747
NOVEL=1 T CMP-ANA-8747 1 PASS
A the eiffel tower is taller.
NOVEL=1 T CMP-ANA-8747 2 PASS
A the eiffel tower was built first.
D CMP-ANA-8748
NOVEL=1 T CMP-ANA-8748 1 PASS
A the montparnasse tower is taller.
NOVEL=1 T CMP-ANA-8748 2 PASS
A the statue of liberty was dedicated first.
D CMP-ANA-8749
NOVEL=1 T CMP-ANA-8749 1 PASS
A the montparnasse tower is taller.
NOVEL=1 T CMP-ANA-8749 2 PASS
A the statue of liberty was dedicated first.
D CMP-ANA-8750
NOVEL=1 T CMP-ANA-8750 1 PASS
A the montparnasse tower is taller.
NOVEL=1 T CMP-ANA-8750 2 PASS
A the statue of liberty was dedicated first.
D CMP-ANA-8751
NOVEL=1 T CMP-ANA-8751 1 PASS
A the eiffel tower is taller.
NOVEL=1 T CMP-ANA-8751 2 PASS
A the statue of liberty was dedicated first.
D CMP-ANA-8752
NOVEL=1 T CMP-ANA-8752 1 PASS
A the eiffel tower is taller.
NOVEL=1 T CMP-ANA-8752 2 PASS
A the statue of liberty was dedicated first.
D CMP-ANA-8753
NOVEL=1 T CMP-ANA-8753 1 PASS
A the eiffel tower is taller.
NOVEL=1 T CMP-ANA-8753 2 PASS
A the statue of liberty was dedicated first.
D CMP-ANA-8754
NOVEL=1 T CMP-ANA-8754 1 PASS
A the montparnasse tower is taller.
NOVEL=1 T CMP-ANA-8754 2 PASS
A the statue of liberty was dedicated first.
D CMP-ANA-8755
NOVEL=1 T CMP-ANA-8755 1 PASS
A the montparnasse tower is taller.
NOVEL=1 T CMP-ANA-8755 2 PASS
A the statue of liberty was dedicated first.
D CMP-ANA-8756
NOVEL=1 T CMP-ANA-8756 1 PASS
A the montparnasse tower is taller.
NOVEL=1 T CMP-ANA-8756 2 PASS
A the statue of liberty was dedicated first.
D CMP-ANA-8757
NOVEL=1 T CMP-ANA-8757 1 PASS
A the eiffel tower is taller.
NOVEL=1 T CMP-ANA-8757 2 PASS
A the eiffel tower was built first.
D CMP-ANA-8758
NOVEL=1 T CMP-ANA-8758 1 PASS
A the eiffel tower is taller.
NOVEL=1 T CMP-ANA-8758 2 PASS
A the eiffel tower was built first.
D CMP-ANA-8759
NOVEL=1 T CMP-ANA-8759 1 PASS
A the eiffel tower is taller.
NOVEL=1 T CMP-ANA-8759 2 PASS
A the eiffel tower was built first.
D CMP-ANA-8760
NOVEL=1 T CMP-ANA-8760 1 PASS
A the eiffel tower is taller.
NOVEL=1 T CMP-ANA-8760 2 PASS
A the statue of liberty was dedicated first.
D CMP-ANA-8761
NOVEL=1 T CMP-ANA-8761 1 PASS
A the eiffel tower is taller.
NOVEL=1 T CMP-ANA-8761 2 PASS
A the statue of liberty was dedicated first.
D CMP-ANA-8762
NOVEL=1 T CMP-ANA-8762 1 PASS
A the eiffel tower is taller.
NOVEL=1 T CMP-ANA-8762 2 PASS
A the statue of liberty was dedicated first.
D CMP-ANA-8763
NOVEL=1 T CMP-ANA-8763 1 PASS
A the eiffel tower is taller.
NOVEL=1 T CMP-ANA-8763 2 PASS
A the eiffel tower was built first.
D CMP-ANA-8764
NOVEL=1 T CMP-ANA-8764 1 PASS
A the eiffel tower is taller.
NOVEL=1 T CMP-ANA-8764 2 PASS
A the eiffel tower was built first.
D CMP-ANA-8765
NOVEL=1 T CMP-ANA-8765 1 PASS
A the eiffel tower is taller.
NOVEL=1 T CMP-ANA-8765 2 PASS
A the eiffel tower was built first.
D CMP-ANA-8766
NOVEL=1 T CMP-ANA-8766 1 PASS
A the montparnasse tower is taller.
NOVEL=1 T CMP-ANA-8766 2 PASS
A the statue of liberty was dedicated first.
D CMP-ANA-8767
NOVEL=1 T CMP-ANA-8767 1 PASS
A the montparnasse tower is taller.
NOVEL=1 T CMP-ANA-8767 2 PASS
A the statue of liberty was dedicated first.
D CMP-ANA-8768
NOVEL=1 T CMP-ANA-8768 1 PASS
A the montparnasse tower is taller.
NOVEL=1 T CMP-ANA-8768 2 PASS
A the statue of liberty was dedicated first.
D CMP-ANA-8769
NOVEL=1 T CMP-ANA-8769 1 PASS
A the eiffel tower is taller.
NOVEL=1 T CMP-ANA-8769 2 PASS
A the statue of liberty was dedicated first.
D CMP-ANA-8770
NOVEL=1 T CMP-ANA-8770 1 PASS
A the eiffel tower is taller.
NOVEL=1 T CMP-ANA-8770 2 PASS
A the statue of liberty was dedicated first.
D CMP-ANA-8771
NOVEL=1 T CMP-ANA-8771 1 PASS
A the eiffel tower is taller.
NOVEL=1 T CMP-ANA-8771 2 PASS
A the statue of liberty was dedicated first.
D CMP-ANA-8772
NOVEL=1 T CMP-ANA-8772 1 PASS
A the montparnasse tower is taller.
NOVEL=1 T CMP-ANA-8772 2 PASS
A the statue of liberty was dedicated first.
D CMP-ANA-8773
NOVEL=1 T CMP-ANA-8773 1 PASS
A the montparnasse tower is taller.
NOVEL=1 T CMP-ANA-8773 2 PASS
A the statue of liberty was dedicated first.
D CMP-ANA-8774
NOVEL=1 T CMP-ANA-8774 1 PASS
A the montparnasse tower is taller.
NOVEL=1 T CMP-ANA-8774 2 PASS
A the statue of liberty was dedicated first.
D CMP-ANA-8775
NOVEL=1 T CMP-ANA-8775 1 PASS
A the eiffel tower is taller.
NOVEL=1 T CMP-ANA-8775 2 PASS
A the eiffel tower was built first.
D CMP-ANA-8776
NOVEL=1 T CMP-ANA-8776 1 PASS
A the eiffel tower is taller.
NOVEL=1 T CMP-ANA-8776 2 PASS
A the eiffel tower was built first.
D CMP-ANA-8777
NOVEL=1 T CMP-ANA-8777 1 PASS
A the eiffel tower is taller.
NOVEL=1 T CMP-ANA-8777 2 PASS
A the eiffel tower was built first.
D CMP-ANA-8778
NOVEL=1 T CMP-ANA-8778 1 PASS
A the eiffel tower is taller.
NOVEL=1 T CMP-ANA-8778 2 PASS
A the statue of liberty was dedicated first.
D CMP-ANA-8779
NOVEL=1 T CMP-ANA-8779 1 PASS
A the eiffel tower is taller.
NOVEL=1 T CMP-ANA-8779 2 PASS
A the statue of liberty was dedicated first.
D CMP-ANA-8780
NOVEL=1 T CMP-ANA-8780 1 PASS
A the eiffel tower is taller.
NOVEL=1 T CMP-ANA-8780 2 PASS
A the statue of liberty was dedicated first.
D CMP-ANA-8781
NOVEL=1 T CMP-ANA-8781 1 PASS
A the eiffel tower is taller.
NOVEL=1 T CMP-ANA-8781 2 PASS
A the eiffel tower was built first.
D CMP-ANA-8782
NOVEL=1 T CMP-ANA-8782 1 PASS
A the eiffel tower is taller.
NOVEL=1 T CMP-ANA-8782 2 PASS
A the eiffel tower was built first.
D CMP-ANA-8783
NOVEL=1 T CMP-ANA-8783 1 PASS
A the eiffel tower is taller.
NOVEL=1 T CMP-ANA-8783 2 PASS
A the eiffel tower was built first.
D CMP-ANA-8784
NOVEL=1 T CMP-ANA-8784 1 PASS
A the montparnasse tower is taller.
NOVEL=1 T CMP-ANA-8784 2 PASS
A the statue of liberty was dedicated first.
D CMP-ANA-8785
NOVEL=1 T CMP-ANA-8785 1 PASS
A the montparnasse tower is taller.
NOVEL=1 T CMP-ANA-8785 2 PASS
A the statue of liberty was dedicated first.
D CMP-ANA-8786
NOVEL=1 T CMP-ANA-8786 1 PASS
A the montparnasse tower is taller.
NOVEL=1 T CMP-ANA-8786 2 PASS
A the statue of liberty was dedicated first.
D CMP-ANA-8787
NOVEL=1 T CMP-ANA-8787 1 PASS
A the eiffel tower is taller.
NOVEL=1 T CMP-ANA-8787 2 PASS
A the statue of liberty was dedicated first.
D CMP-ANA-8788
NOVEL=1 T CMP-ANA-8788 1 PASS
A the eiffel tower is taller.
NOVEL=1 T CMP-ANA-8788 2 PASS
A the statue of liberty was dedicated first.
D CMP-ANA-8789
NOVEL=1 T CMP-ANA-8789 1 PASS
A the eiffel tower is taller.
NOVEL=1 T CMP-ANA-8789 2 PASS
A the statue of liberty was dedicated first.
D CMP-ANA-8790
NOVEL=1 T CMP-ANA-8790 1 PASS
A the montparnasse tower is taller.
NOVEL=1 T CMP-ANA-8790 2 PASS
A the statue of liberty was dedicated first.
D CMP-ANA-8791
NOVEL=1 T CMP-ANA-8791 1 PASS
A the montparnasse tower is taller.
NOVEL=1 T CMP-ANA-8791 2 PASS
A the statue of liberty was dedicated first.
D CMP-ANA-8792
NOVEL=1 T CMP-ANA-8792 1 PASS
A the montparnasse tower is taller.
NOVEL=1 T CMP-ANA-8792 2 PASS
A the statue of liberty was dedicated first.
D CMP-ANA-8793
NOVEL=1 T CMP-ANA-8793 1 PASS
A the eiffel tower is taller.
NOVEL=1 T CMP-ANA-8793 2 PASS
A the eiffel tower was built first.
D CMP-ANA-8794
NOVEL=1 T CMP-ANA-8794 1 PASS
A the eiffel tower is taller.
NOVEL=1 T CMP-ANA-8794 2 PASS
A the eiffel tower was built first.
D CMP-ANA-8795
NOVEL=1 T CMP-ANA-8795 1 PASS
A the eiffel tower is taller.
NOVEL=1 T CMP-ANA-8795 2 PASS
A the eiffel tower was built first.
D CMP-ANA-8796
NOVEL=1 T CMP-ANA-8796 1 PASS
A the eiffel tower is taller.
NOVEL=1 T CMP-ANA-8796 2 PASS
A the statue of liberty was dedicated first.
D CMP-ANA-8797
NOVEL=1 T CMP-ANA-8797 1 PASS
A the eiffel tower is taller.
NOVEL=1 T CMP-ANA-8797 2 PASS
A the statue of liberty was dedicated first.
D CMP-ANA-8798
NOVEL=1 T CMP-ANA-8798 1 PASS
A the eiffel tower is taller.
NOVEL=1 T CMP-ANA-8798 2 PASS
A the statue of liberty was dedicated first.
D CMP-ANA-8799
NOVEL=1 T CMP-ANA-8799 1 PASS
A the eiffel tower is taller.
NOVEL=1 T CMP-ANA-8799 2 PASS
A the eiffel tower was built first.
D CMP-ANA-8800
NOVEL=1 T CMP-ANA-8800 1 PASS
A the eiffel tower is taller.
NOVEL=1 T CMP-ANA-8800 2 PASS
A the eiffel tower was built first.
SECTION FOLLOWUP 0/0
SECTION CORRECTION 0/0
SECTION REFERENT 0/0
SECTION WEIRD 0/0
SECTION WEIRD_CLEAN 0/0
SECTION TOPIC 0/0
SECTION CONTRADICT 0/0
SECTION COMPOSE 2008/3000
DIGEST 644014637a2774845f9b5c6d3c0843fef47a3a7eba69ac4f7d679279bb71ebab
