PROSE-LEARN3 source=sol mode=m2
INSTALL id=0 sent=0 entity=a relation=alphabet_position reln=2 attitude=asserted value=1 key=0:8073c94e seq=0
CORROBORATE id=1 sent=0 key=0:8073c94e attitude=asserted seq=1
CORROBORATE id=2 sent=0 key=0:8073c94e attitude=asserted seq=2
INSTALL id=3 sent=0 entity=b relation=alphabet_position reln=2 attitude=asserted value=2 key=13:8073c94e seq=3
CORROBORATE id=4 sent=0 key=13:8073c94e attitude=asserted seq=4
CORROBORATE id=5 sent=0 key=13:8073c94e attitude=asserted seq=5
INSTALL id=6 sent=0 entity=c relation=alphabet_position reln=2 attitude=asserted value=3 key=15:8073c94e seq=6
CORROBORATE id=7 sent=0 key=15:8073c94e attitude=asserted seq=7
CORROBORATE id=8 sent=0 key=15:8073c94e attitude=asserted seq=8
INSTALL id=9 sent=0 entity=d relation=alphabet_position reln=2 attitude=asserted value=5 key=17:8073c94e seq=9
CORROBORATE id=10 sent=0 key=17:8073c94e attitude=asserted seq=10
CORROBORATE id=11 sent=0 key=17:8073c94e attitude=asserted seq=11
INSTALL id=12 sent=0 entity=e relation=alphabet_position reln=2 attitude=asserted value=5 key=19:8073c94e seq=12
CORROBORATE id=13 sent=0 key=19:8073c94e attitude=asserted seq=13
CORROBORATE id=14 sent=0 key=19:8073c94e attitude=asserted seq=14
INSTALL id=15 sent=0 entity=f relation=alphabet_position reln=2 attitude=asserted value=6 key=20:8073c94e seq=15
CORROBORATE id=16 sent=0 key=20:8073c94e attitude=asserted seq=16
CORROBORATE id=17 sent=0 key=20:8073c94e attitude=asserted seq=17
INSTALL id=18 sent=0 entity=g relation=alphabet_position reln=2 attitude=asserted value=7 key=22:8073c94e seq=18
CORROBORATE id=19 sent=0 key=22:8073c94e attitude=asserted seq=19
CORROBORATE id=20 sent=0 key=22:8073c94e attitude=asserted seq=20
INSTALL id=21 sent=0 entity=h relation=alphabet_position reln=2 attitude=asserted value=8 key=24:8073c94e seq=21
CORROBORATE id=22 sent=0 key=24:8073c94e attitude=asserted seq=22
CORROBORATE id=23 sent=0 key=24:8073c94e attitude=asserted seq=23
INSTALL id=24 sent=0 entity=i relation=alphabet_position reln=2 attitude=asserted value=9 key=26:8073c94e seq=24
CORROBORATE id=25 sent=0 key=26:8073c94e attitude=asserted seq=25
CORROBORATE id=26 sent=0 key=26:8073c94e attitude=asserted seq=26
INSTALL id=27 sent=0 entity=j relation=alphabet_position reln=2 attitude=asserted value=10 key=28:8073c94e seq=27
CORROBORATE id=28 sent=0 key=28:8073c94e attitude=asserted seq=28
CORROBORATE id=29 sent=0 key=28:8073c94e attitude=asserted seq=29
INSTALL id=30 sent=0 entity=k relation=alphabet_position reln=2 attitude=asserted value=11 key=30:8073c94e seq=30
CORROBORATE id=31 sent=0 key=30:8073c94e attitude=asserted seq=31
CORROBORATE id=32 sent=0 key=30:8073c94e attitude=asserted seq=32
INSTALL id=33 sent=0 entity=l relation=alphabet_position reln=2 attitude=asserted value=12 key=32:8073c94e seq=33
CORROBORATE id=34 sent=0 key=32:8073c94e attitude=asserted seq=34
CORROBORATE id=35 sent=0 key=32:8073c94e attitude=asserted seq=35
INSTALL id=36 sent=0 entity=m relation=alphabet_position reln=2 attitude=asserted value=13 key=34:8073c94e seq=36
CORROBORATE id=37 sent=0 key=34:8073c94e attitude=asserted seq=37
CORROBORATE id=38 sent=0 key=34:8073c94e attitude=asserted seq=38
INSTALL id=39 sent=0 entity=n relation=alphabet_position reln=2 attitude=asserted value=14 key=36:8073c94e seq=39
CORROBORATE id=40 sent=0 key=36:8073c94e attitude=asserted seq=40
CORROBORATE id=41 sent=0 key=36:8073c94e attitude=asserted seq=41
INSTALL id=42 sent=0 entity=o relation=alphabet_position reln=2 attitude=asserted value=15 key=38:8073c94e seq=42
CORROBORATE id=43 sent=0 key=38:8073c94e attitude=asserted seq=43
CORROBORATE id=44 sent=0 key=38:8073c94e attitude=asserted seq=44
INSTALL id=45 sent=0 entity=p relation=alphabet_position reln=2 attitude=asserted value=16 key=40:8073c94e seq=45
CORROBORATE id=46 sent=0 key=40:8073c94e attitude=asserted seq=46
CORROBORATE id=47 sent=0 key=40:8073c94e attitude=asserted seq=47
INSTALL id=48 sent=0 entity=q relation=alphabet_position reln=2 attitude=asserted value=17 key=42:8073c94e seq=48
CORROBORATE id=49 sent=0 key=42:8073c94e attitude=asserted seq=49
CORROBORATE id=50 sent=0 key=42:8073c94e attitude=asserted seq=50
INSTALL id=51 sent=0 entity=r relation=alphabet_position reln=2 attitude=asserted value=18 key=44:8073c94e seq=51
CORROBORATE id=52 sent=0 key=44:8073c94e attitude=asserted seq=52
CORROBORATE id=53 sent=0 key=44:8073c94e attitude=asserted seq=53
INSTALL id=54 sent=0 entity=s relation=alphabet_position reln=2 attitude=asserted value=19 key=46:8073c94e seq=54
CORROBORATE id=55 sent=0 key=46:8073c94e attitude=asserted seq=55
CORROBORATE id=56 sent=0 key=46:8073c94e attitude=asserted seq=56
INSTALL id=57 sent=0 entity=t relation=alphabet_position reln=2 attitude=asserted value=20 key=48:8073c94e seq=57
CORROBORATE id=58 sent=0 key=48:8073c94e attitude=asserted seq=58
CORROBORATE id=59 sent=0 key=48:8073c94e attitude=asserted seq=59
INSTALL id=60 sent=0 entity=u relation=alphabet_position reln=2 attitude=asserted value=21 key=50:8073c94e seq=60
CORROBORATE id=61 sent=0 key=50:8073c94e attitude=asserted seq=61
CORROBORATE id=62 sent=0 key=50:8073c94e attitude=asserted seq=62
INSTALL id=63 sent=0 entity=v relation=alphabet_position reln=2 attitude=asserted value=22 key=52:8073c94e seq=63
CORROBORATE id=64 sent=0 key=52:8073c94e attitude=asserted seq=64
CORROBORATE id=65 sent=0 key=52:8073c94e attitude=asserted seq=65
INSTALL id=66 sent=0 entity=w relation=alphabet_position reln=2 attitude=asserted value=23 key=54:8073c94e seq=66
CORROBORATE id=67 sent=0 key=54:8073c94e attitude=asserted seq=67
CORROBORATE id=68 sent=0 key=54:8073c94e attitude=asserted seq=68
INSTALL id=69 sent=0 entity=x relation=alphabet_position reln=2 attitude=asserted value=24 key=56:8073c94e seq=69
CORROBORATE id=70 sent=0 key=56:8073c94e attitude=asserted seq=70
CORROBORATE id=71 sent=0 key=56:8073c94e attitude=asserted seq=71
INSTALL id=72 sent=0 entity=y relation=alphabet_position reln=2 attitude=asserted value=25 key=58:8073c94e seq=72
CORROBORATE id=73 sent=0 key=58:8073c94e attitude=asserted seq=73
CORROBORATE id=74 sent=0 key=58:8073c94e attitude=asserted seq=74
INSTALL id=75 sent=0 entity=z relation=alphabet_position reln=2 attitude=asserted value=26 key=60:8073c94e seq=75
CORROBORATE id=76 sent=0 key=60:8073c94e attitude=asserted seq=76
CORROBORATE id=77 sent=0 key=60:8073c94e attitude=asserted seq=77
CORROBORATE id=78 sent=0 key=0:8073c94e attitude=asserted seq=78
CORROBORATE id=79 sent=0 key=0:8073c94e attitude=asserted seq=79
CORROBORATE id=80 sent=0 key=0:8073c94e attitude=asserted seq=80
CORROBORATE id=81 sent=0 key=13:8073c94e attitude=asserted seq=81
CORROBORATE id=82 sent=0 key=13:8073c94e attitude=asserted seq=82
CORROBORATE id=83 sent=0 key=13:8073c94e attitude=asserted seq=83
CORROBORATE id=84 sent=0 key=15:8073c94e attitude=asserted seq=84
CORROBORATE id=85 sent=0 key=15:8073c94e attitude=asserted seq=85
CORROBORATE id=86 sent=0 key=15:8073c94e attitude=asserted seq=86
CONTRADICT id=87 sent=0 key=17:8073c94e attitude=asserted old=5 new=6 seq=87
CORROBORATE id=90 sent=0 key=19:8073c94e attitude=asserted seq=88
CORROBORATE id=91 sent=0 key=19:8073c94e attitude=asserted seq=89
CORROBORATE id=92 sent=0 key=19:8073c94e attitude=asserted seq=90
CORROBORATE id=93 sent=0 key=20:8073c94e attitude=asserted seq=91
CORROBORATE id=94 sent=0 key=20:8073c94e attitude=asserted seq=92
CORROBORATE id=95 sent=0 key=20:8073c94e attitude=asserted seq=93
CORROBORATE id=96 sent=0 key=22:8073c94e attitude=asserted seq=94
CORROBORATE id=97 sent=0 key=22:8073c94e attitude=asserted seq=95
CORROBORATE id=98 sent=0 key=22:8073c94e attitude=asserted seq=96
CORROBORATE id=99 sent=0 key=24:8073c94e attitude=asserted seq=97
CORROBORATE id=100 sent=0 key=24:8073c94e attitude=asserted seq=98
CORROBORATE id=101 sent=0 key=24:8073c94e attitude=asserted seq=99
CORROBORATE id=102 sent=0 key=26:8073c94e attitude=asserted seq=100
CORROBORATE id=103 sent=0 key=26:8073c94e attitude=asserted seq=101
CORROBORATE id=104 sent=0 key=26:8073c94e attitude=asserted seq=102
CORROBORATE id=105 sent=0 key=28:8073c94e attitude=asserted seq=103
CORROBORATE id=106 sent=0 key=28:8073c94e attitude=asserted seq=104
CORROBORATE id=107 sent=0 key=28:8073c94e attitude=asserted seq=105
CORROBORATE id=108 sent=0 key=30:8073c94e attitude=asserted seq=106
CORROBORATE id=109 sent=0 key=30:8073c94e attitude=asserted seq=107
CORROBORATE id=110 sent=0 key=30:8073c94e attitude=asserted seq=108
CORROBORATE id=111 sent=0 key=32:8073c94e attitude=asserted seq=109
CORROBORATE id=112 sent=0 key=32:8073c94e attitude=asserted seq=110
CORROBORATE id=113 sent=0 key=32:8073c94e attitude=asserted seq=111
CORROBORATE id=114 sent=0 key=34:8073c94e attitude=asserted seq=112
CORROBORATE id=115 sent=0 key=34:8073c94e attitude=asserted seq=113
CORROBORATE id=116 sent=0 key=34:8073c94e attitude=asserted seq=114
CORROBORATE id=117 sent=0 key=36:8073c94e attitude=asserted seq=115
CORROBORATE id=118 sent=0 key=36:8073c94e attitude=asserted seq=116
CORROBORATE id=119 sent=0 key=36:8073c94e attitude=asserted seq=117
CORROBORATE id=120 sent=0 key=38:8073c94e attitude=asserted seq=118
CORROBORATE id=121 sent=0 key=38:8073c94e attitude=asserted seq=119
CORROBORATE id=122 sent=0 key=38:8073c94e attitude=asserted seq=120
CORROBORATE id=123 sent=0 key=40:8073c94e attitude=asserted seq=121
CORROBORATE id=124 sent=0 key=40:8073c94e attitude=asserted seq=122
CORROBORATE id=125 sent=0 key=40:8073c94e attitude=asserted seq=123
CORROBORATE id=126 sent=0 key=42:8073c94e attitude=asserted seq=124
CORROBORATE id=127 sent=0 key=42:8073c94e attitude=asserted seq=125
CORROBORATE id=128 sent=0 key=42:8073c94e attitude=asserted seq=126
CORROBORATE id=129 sent=0 key=44:8073c94e attitude=asserted seq=127
CORROBORATE id=130 sent=0 key=44:8073c94e attitude=asserted seq=128
CORROBORATE id=131 sent=0 key=44:8073c94e attitude=asserted seq=129
CORROBORATE id=132 sent=0 key=46:8073c94e attitude=asserted seq=130
CORROBORATE id=133 sent=0 key=46:8073c94e attitude=asserted seq=131
CORROBORATE id=134 sent=0 key=46:8073c94e attitude=asserted seq=132
CORROBORATE id=135 sent=0 key=48:8073c94e attitude=asserted seq=133
CORROBORATE id=136 sent=0 key=48:8073c94e attitude=asserted seq=134
CORROBORATE id=137 sent=0 key=48:8073c94e attitude=asserted seq=135
CORROBORATE id=138 sent=0 key=50:8073c94e attitude=asserted seq=136
CORROBORATE id=139 sent=0 key=50:8073c94e attitude=asserted seq=137
CORROBORATE id=140 sent=0 key=50:8073c94e attitude=asserted seq=138
CORROBORATE id=141 sent=0 key=52:8073c94e attitude=asserted seq=139
CORROBORATE id=142 sent=0 key=52:8073c94e attitude=asserted seq=140
CORROBORATE id=143 sent=0 key=52:8073c94e attitude=asserted seq=141
INSTALL id=144 sent=0 entity=a relation=letter_count reln=2 attitude=asserted value=1 key=0:2cd7435c seq=142
CORROBORATE id=145 sent=0 key=0:2cd7435c attitude=asserted seq=143
INSTALL id=146 sent=0 entity=a relation=open reln=2 attitude=asserted value=1 key=0:ae5e5304 seq=144
INSTALL id=147 sent=0 entity=an relation=letter_count reln=2 attitude=asserted value=2 key=2:2cd7435c seq=145
CORROBORATE id=148 sent=0 key=2:2cd7435c attitude=asserted seq=146
INSTALL id=149 sent=0 entity=an relation=open reln=2 attitude=asserted value=2 key=2:ae5e5304 seq=147
INSTALL id=150 sent=0 entity=the relation=letter_count reln=2 attitude=asserted value=3 key=7:2cd7435c seq=148
CORROBORATE id=151 sent=0 key=7:2cd7435c attitude=asserted seq=149
INSTALL id=152 sent=0 entity=the relation=open reln=2 attitude=asserted value=3 key=7:ae5e5304 seq=150
INSTALL id=153 sent=0 entity=four relation=letter_count reln=2 attitude=asserted value=4 key=67:2cd7435c seq=151
CORROBORATE id=154 sent=0 key=67:2cd7435c attitude=asserted seq=152
INSTALL id=155 sent=0 entity=four relation=open reln=2 attitude=asserted value=4 key=67:ae5e5304 seq=153
INSTALL id=156 sent=0 entity=seven relation=letter_count reln=2 attitude=asserted value=5 key=69:2cd7435c seq=154
CORROBORATE id=157 sent=0 key=69:2cd7435c attitude=asserted seq=155
INSTALL id=158 sent=0 entity=seven relation=open reln=2 attitude=asserted value=5 key=69:ae5e5304 seq=156
INSTALL id=159 sent=0 entity=minute relation=letter_count reln=2 attitude=asserted value=6 key=70:2cd7435c seq=157
CORROBORATE id=160 sent=0 key=70:2cd7435c attitude=asserted seq=158
INSTALL id=161 sent=0 entity=minute relation=open reln=2 attitude=asserted value=6 key=70:ae5e5304 seq=159
INSTALL id=162 sent=0 entity=seconds relation=letter_count reln=2 attitude=asserted value=7 key=71:2cd7435c seq=160
CORROBORATE id=163 sent=0 key=71:2cd7435c attitude=asserted seq=161
INSTALL id=164 sent=0 entity=seconds relation=open reln=2 attitude=asserted value=7 key=71:ae5e5304 seq=162
INSTALL id=165 sent=0 entity=saturday relation=letter_count reln=2 attitude=asserted value=7 key=73:2cd7435c seq=163
CORROBORATE id=166 sent=0 key=73:2cd7435c attitude=asserted seq=164
INSTALL id=167 sent=0 entity=saturday relation=open reln=2 attitude=asserted value=7 key=73:ae5e5304 seq=165
INSTALL id=168 sent=0 entity=afternoon relation=letter_count reln=2 attitude=asserted value=9 key=74:2cd7435c seq=166
CORROBORATE id=169 sent=0 key=74:2cd7435c attitude=asserted seq=167
INSTALL id=170 sent=0 entity=afternoon relation=open reln=2 attitude=asserted value=9 key=74:ae5e5304 seq=168
INSTALL id=171 sent=0 entity=dictionary relation=letter_count reln=2 attitude=asserted value=10 key=75:2cd7435c seq=169
CORROBORATE id=172 sent=0 key=75:2cd7435c attitude=asserted seq=170
INSTALL id=173 sent=0 entity=dictionary relation=open reln=2 attitude=asserted value=10 key=75:ae5e5304 seq=171
INSTALL id=174 sent=0 entity=handwriting relation=letter_count reln=2 attitude=asserted value=11 key=76:2cd7435c seq=172
CORROBORATE id=175 sent=0 key=76:2cd7435c attitude=asserted seq=173
INSTALL id=176 sent=0 entity=handwriting relation=open reln=2 attitude=asserted value=11 key=76:ae5e5304 seq=174
INSTALL id=177 sent=0 entity=disappointed relation=letter_count reln=2 attitude=asserted value=12 key=77:2cd7435c seq=175
CORROBORATE id=178 sent=0 key=77:2cd7435c attitude=asserted seq=176
INSTALL id=179 sent=0 entity=disappointed relation=open reln=2 attitude=asserted value=12 key=77:ae5e5304 seq=177
INSTALL id=180 sent=0 entity=word extraordinary relation=letter_count reln=2 attitude=asserted value=13 key=80:2cd7435c seq=178
INSTALL id=181 sent=0 entity=extraordinary relation=letter_count reln=2 attitude=asserted value=13 key=79:2cd7435c seq=179
CORROBORATE id=182 sent=0 key=79:2cd7435c attitude=asserted seq=180
INSTALL id=183 sent=0 entity=word responsibility relation=letter_count reln=2 attitude=asserted value=14 key=82:2cd7435c seq=181
INSTALL id=184 sent=0 entity=responsibility relation=letter_count reln=2 attitude=asserted value=14 key=81:2cd7435c seq=182
CORROBORATE id=185 sent=0 key=81:2cd7435c attitude=asserted seq=183
INSTALL id=186 sent=0 entity=word congratulations relation=letter_count reln=2 attitude=asserted value=15 key=85:2cd7435c seq=184
INSTALL id=187 sent=0 entity=congratulations relation=letter_count reln=2 attitude=asserted value=15 key=83:2cd7435c seq=185
CORROBORATE id=188 sent=0 key=83:2cd7435c attitude=asserted seq=186
INSTALL id=189 sent=0 entity=word misunderstanding relation=letter_count reln=2 attitude=asserted value=16 key=87:2cd7435c seq=187
INSTALL id=190 sent=0 entity=misunderstanding relation=letter_count reln=2 attitude=asserted value=16 key=86:2cd7435c seq=188
CORROBORATE id=191 sent=0 key=86:2cd7435c attitude=asserted seq=189
INSTALL id=192 sent=0 entity=word misunderstandings relation=letter_count reln=2 attitude=asserted value=17 key=89:2cd7435c seq=190
INSTALL id=193 sent=0 entity=misunderstandings relation=letter_count reln=2 attitude=asserted value=17 key=88:2cd7435c seq=191
CORROBORATE id=194 sent=0 key=88:2cd7435c attitude=asserted seq=192
INSTALL id=195 sent=0 entity=word characteristically relation=letter_count reln=2 attitude=asserted value=18 key=91:2cd7435c seq=193
INSTALL id=196 sent=0 entity=characteristically relation=letter_count reln=2 attitude=asserted value=18 key=90:2cd7435c seq=194
CORROBORATE id=197 sent=0 key=90:2cd7435c attitude=asserted seq=195
INSTALL id=198 sent=0 entity=word incomprehensibility relation=letter_count reln=2 attitude=asserted value=19 key=93:2cd7435c seq=196
INSTALL id=199 sent=0 entity=incomprehensibility relation=letter_count reln=2 attitude=asserted value=19 key=92:2cd7435c seq=197
CORROBORATE id=200 sent=0 key=92:2cd7435c attitude=asserted seq=198
INSTALL id=201 sent=0 entity=word uncharacteristically relation=letter_count reln=2 attitude=asserted value=20 key=95:2cd7435c seq=199
INSTALL id=202 sent=0 entity=uncharacteristically relation=letter_count reln=2 attitude=asserted value=20 key=94:2cd7435c seq=200
CORROBORATE id=203 sent=0 key=94:2cd7435c attitude=asserted seq=201
INSTALL id=204 sent=0 entity=word incomprehensibilities relation=letter_count reln=2 attitude=asserted value=21 key=97:2cd7435c seq=202
INSTALL id=205 sent=0 entity=incomprehensibilities relation=letter_count reln=2 attitude=asserted value=21 key=96:2cd7435c seq=203
CORROBORATE id=206 sent=0 key=96:2cd7435c attitude=asserted seq=204
INSTALL id=207 sent=0 entity=word electroencephalography relation=letter_count reln=2 attitude=asserted value=22 key=99:2cd7435c seq=205
INSTALL id=208 sent=0 entity=electroencephalography relation=letter_count reln=2 attitude=asserted value=22 key=98:2cd7435c seq=206
CORROBORATE id=209 sent=0 key=98:2cd7435c attitude=asserted seq=207
INSTALL id=210 sent=0 entity=word disproportionableness relation=letter_count reln=2 attitude=asserted value=21 key=101:2cd7435c seq=208
INSTALL id=211 sent=0 entity=disproportionableness relation=letter_count reln=2 attitude=asserted value=21 key=100:2cd7435c seq=209
CORROBORATE id=212 sent=0 key=100:2cd7435c attitude=asserted seq=210
INSTALL id=213 sent=0 entity=word incontrovertibleness relation=letter_count reln=2 attitude=asserted value=21 key=103:2cd7435c seq=211
INSTALL id=214 sent=0 entity=incontrovertibleness relation=letter_count reln=2 attitude=asserted value=21 key=102:2cd7435c seq=212
CORROBORATE id=215 sent=0 key=102:2cd7435c attitude=asserted seq=213
INSTALL id=216 sent=0 entity=word counterdemonstrations relation=letter_count reln=2 attitude=asserted value=21 key=106:2cd7435c seq=214
INSTALL id=217 sent=0 entity=counterdemonstrations relation=letter_count reln=2 attitude=asserted value=21 key=104:2cd7435c seq=215
CORROBORATE id=218 sent=0 key=104:2cd7435c attitude=asserted seq=216
INSTALL id=219 sent=0 entity=word electroencephalograms relation=letter_count reln=2 attitude=asserted value=21 key=109:2cd7435c seq=217
INSTALL id=220 sent=0 entity=electroencephalograms relation=letter_count reln=2 attitude=asserted value=21 key=107:2cd7435c seq=218
CORROBORATE id=221 sent=0 key=107:2cd7435c attitude=asserted seq=219
INSTALL id=222 sent=0 entity=word internationalization relation=letter_count reln=2 attitude=asserted value=20 key=111:2cd7435c seq=220
INSTALL id=223 sent=0 entity=internationalization relation=letter_count reln=2 attitude=asserted value=20 key=110:2cd7435c seq=221
CORROBORATE id=224 sent=0 key=110:2cd7435c attitude=asserted seq=222
INSTALL id=225 sent=0 entity=word antidisestablishmentarian relation=letter_count reln=2 attitude=asserted value=25 key=113:2cd7435c seq=223
INSTALL id=226 sent=0 entity=antidisestablishmentarian relation=letter_count reln=2 attitude=asserted value=25 key=112:2cd7435c seq=224
CORROBORATE id=227 sent=0 key=112:2cd7435c attitude=asserted seq=225
INSTALL id=228 sent=0 entity=word antidisestablishmentarianism relation=letter_count reln=2 attitude=asserted value=28 key=116:2cd7435c seq=226
INSTALL id=229 sent=0 entity=antidisestablishmentarianism relation=letter_count reln=2 attitude=asserted value=28 key=114:2cd7435c seq=227
CORROBORATE id=230 sent=0 key=114:2cd7435c attitude=asserted seq=228
INSTALL id=231 sent=0 entity=word time relation=letter_count reln=2 attitude=asserted value=4 key=118:2cd7435c seq=229
INSTALL id=232 sent=0 entity=time relation=letter_count reln=2 attitude=asserted value=4 key=117:2cd7435c seq=230
CORROBORATE id=233 sent=0 key=117:2cd7435c attitude=asserted seq=231
INSTALL id=234 sent=0 entity=word word relation=letter_count reln=2 attitude=asserted value=4 key=119:2cd7435c seq=232
INSTALL id=235 sent=0 entity=word relation=letter_count reln=2 attitude=asserted value=4 key=62:2cd7435c seq=233
CORROBORATE id=236 sent=0 key=62:2cd7435c attitude=asserted seq=234
INSTALL id=237 sent=0 entity=word sentence relation=letter_count reln=2 attitude=asserted value=8 key=121:2cd7435c seq=235
INSTALL id=238 sent=0 entity=sentence relation=letter_count reln=2 attitude=asserted value=8 key=120:2cd7435c seq=236
CORROBORATE id=239 sent=0 key=120:2cd7435c attitude=asserted seq=237
INSTALL id=240 sent=0 entity=word knowledge relation=letter_count reln=2 attitude=asserted value=8 key=123:2cd7435c seq=238
INSTALL id=241 sent=0 entity=knowledge relation=letter_count reln=2 attitude=asserted value=8 key=122:2cd7435c seq=239
CORROBORATE id=242 sent=0 key=122:2cd7435c attitude=asserted seq=240
INSTALL id=243 sent=0 entity=word question relation=letter_count reln=2 attitude=asserted value=8 key=125:2cd7435c seq=241
INSTALL id=244 sent=0 entity=question relation=letter_count reln=2 attitude=asserted value=8 key=124:2cd7435c seq=242
CORROBORATE id=245 sent=0 key=124:2cd7435c attitude=asserted seq=243
INSTALL id=246 sent=0 entity=word answer relation=letter_count reln=2 attitude=asserted value=6 key=127:2cd7435c seq=244
INSTALL id=247 sent=0 entity=answer relation=letter_count reln=2 attitude=asserted value=6 key=126:2cd7435c seq=245
CORROBORATE id=248 sent=0 key=126:2cd7435c attitude=asserted seq=246
INSTALL id=249 sent=0 entity=word library relation=letter_count reln=2 attitude=asserted value=7 key=129:2cd7435c seq=247
INSTALL id=250 sent=0 entity=library relation=letter_count reln=2 attitude=asserted value=7 key=128:2cd7435c seq=248
CORROBORATE id=251 sent=0 key=128:2cd7435c attitude=asserted seq=249
INSTALL id=252 sent=0 entity=book relation=letter_count reln=2 attitude=asserted value=4 key=130:2cd7435c seq=250
CORROBORATE id=253 sent=0 key=130:2cd7435c attitude=asserted seq=251
INSTALL id=254 sent=0 entity=book relation=open reln=2 attitude=asserted value=4 key=130:ae5e5304 seq=252
INSTALL id=255 sent=0 entity=novel relation=letter_count reln=2 attitude=asserted value=5 key=131:2cd7435c seq=253
CORROBORATE id=256 sent=0 key=131:2cd7435c attitude=asserted seq=254
INSTALL id=257 sent=0 entity=novel relation=open reln=2 attitude=asserted value=5 key=131:ae5e5304 seq=255
INSTALL id=258 sent=0 entity=story relation=letter_count reln=2 attitude=asserted value=5 key=132:2cd7435c seq=256
CORROBORATE id=259 sent=0 key=132:2cd7435c attitude=asserted seq=257
INSTALL id=260 sent=0 entity=story relation=open reln=2 attitude=asserted value=5 key=132:ae5e5304 seq=258
INSTALL id=261 sent=0 entity=poem relation=letter_count reln=2 attitude=asserted value=4 key=133:2cd7435c seq=259
CORROBORATE id=262 sent=0 key=133:2cd7435c attitude=asserted seq=260
INSTALL id=263 sent=0 entity=poem relation=open reln=2 attitude=asserted value=4 key=133:ae5e5304 seq=261
INSTALL id=264 sent=0 entity=rhyme relation=letter_count reln=2 attitude=asserted value=5 key=134:2cd7435c seq=262
CORROBORATE id=265 sent=0 key=134:2cd7435c attitude=asserted seq=263
INSTALL id=266 sent=0 entity=rhyme relation=open reln=2 attitude=asserted value=5 key=134:ae5e5304 seq=264
INSTALL id=267 sent=0 entity=grammar relation=letter_count reln=2 attitude=asserted value=7 key=135:2cd7435c seq=265
CORROBORATE id=268 sent=0 key=135:2cd7435c attitude=asserted seq=266
INSTALL id=269 sent=0 entity=grammar relation=open reln=2 attitude=asserted value=7 key=135:ae5e5304 seq=267
INSTALL id=270 sent=0 entity=spelling relation=letter_count reln=2 attitude=asserted value=8 key=136:2cd7435c seq=268
CORROBORATE id=271 sent=0 key=136:2cd7435c attitude=asserted seq=269
INSTALL id=272 sent=0 entity=spelling relation=open reln=2 attitude=asserted value=8 key=136:ae5e5304 seq=270
INSTALL id=273 sent=0 entity=vocabulary relation=letter_count reln=2 attitude=asserted value=10 key=137:2cd7435c seq=271
CORROBORATE id=274 sent=0 key=137:2cd7435c attitude=asserted seq=272
INSTALL id=275 sent=0 entity=vocabulary relation=open reln=2 attitude=asserted value=10 key=137:ae5e5304 seq=273
INSTALL id=276 sent=0 entity=paragraph relation=letter_count reln=2 attitude=asserted value=9 key=138:2cd7435c seq=274
CORROBORATE id=277 sent=0 key=138:2cd7435c attitude=asserted seq=275
INSTALL id=278 sent=0 entity=paragraph relation=open reln=2 attitude=asserted value=9 key=138:ae5e5304 seq=276
INSTALL id=279 sent=0 entity=chapter relation=letter_count reln=2 attitude=asserted value=7 key=139:2cd7435c seq=277
CORROBORATE id=280 sent=0 key=139:2cd7435c attitude=asserted seq=278
INSTALL id=281 sent=0 entity=chapter relation=open reln=2 attitude=asserted value=7 key=139:ae5e5304 seq=279
INSTALL id=282 sent=0 entity=page relation=letter_count reln=2 attitude=asserted value=4 key=140:2cd7435c seq=280
CORROBORATE id=283 sent=0 key=140:2cd7435c attitude=asserted seq=281
INSTALL id=284 sent=0 entity=page relation=open reln=2 attitude=asserted value=4 key=140:ae5e5304 seq=282
INSTALL id=285 sent=0 entity=ink relation=letter_count reln=2 attitude=asserted value=3 key=141:2cd7435c seq=283
CORROBORATE id=286 sent=0 key=141:2cd7435c attitude=asserted seq=284
INSTALL id=287 sent=0 entity=ink relation=open reln=2 attitude=asserted value=3 key=141:ae5e5304 seq=285
INSTALL id=288 sent=0 entity=hamlet relation=publication_year reln=2 attitude=asserted value=1603 key=142:4afaa8bb seq=286
CORROBORATE id=289 sent=0 key=142:4afaa8bb attitude=asserted seq=287
INSTALL id=290 sent=0 entity=hamlet relation=open reln=1 attitude=asserted value=1603 key=142:0e6c738e seq=288
INSTALL id=291 sent=0 entity=don quixote relation=publication_year reln=2 attitude=asserted value=1605 key=153:4afaa8bb seq=289
CORROBORATE id=292 sent=0 key=153:4afaa8bb attitude=asserted seq=290
INSTALL id=293 sent=0 entity=don quixote relation=open reln=1 attitude=asserted value=1605 key=153:0e6c738e seq=291
INSTALL id=294 sent=0 entity=king lear relation=publication_year reln=2 attitude=asserted value=1608 key=157:4afaa8bb seq=292
CORROBORATE id=295 sent=0 key=157:4afaa8bb attitude=asserted seq=293
INSTALL id=296 sent=0 entity=king lear relation=open reln=1 attitude=asserted value=1608 key=157:0e6c738e seq=294
INSTALL id=297 sent=0 entity=king james bible relation=publication_year reln=2 attitude=asserted value=1611 key=162:4afaa8bb seq=295
CORROBORATE id=298 sent=0 key=162:4afaa8bb attitude=asserted seq=296
INSTALL id=299 sent=0 entity=king james bible relation=open reln=1 attitude=asserted value=1611 key=162:0e6c738e seq=297
INSTALL id=300 sent=0 entity=shakespeare folio relation=publication_year reln=2 attitude=asserted value=1623 key=167:4afaa8bb seq=298
CORROBORATE id=301 sent=0 key=167:4afaa8bb attitude=asserted seq=299
INSTALL id=302 sent=0 entity=shakespeare folio relation=open reln=1 attitude=asserted value=1623 key=167:0e6c738e seq=300
INSTALL id=303 sent=0 entity=leviathan relation=publication_year reln=2 attitude=asserted value=1651 key=168:4afaa8bb seq=301
CORROBORATE id=304 sent=0 key=168:4afaa8bb attitude=asserted seq=302
INSTALL id=305 sent=0 entity=leviathan relation=open reln=1 attitude=asserted value=1651 key=168:0e6c738e seq=303
INSTALL id=306 sent=0 entity=paradise lost relation=publication_year reln=2 attitude=asserted value=1667 key=173:4afaa8bb seq=304
CORROBORATE id=307 sent=0 key=173:4afaa8bb attitude=asserted seq=305
INSTALL id=308 sent=0 entity=paradise lost relation=open reln=1 attitude=asserted value=1667 key=173:0e6c738e seq=306
INSTALL id=309 sent=0 entity=pilgrim progress relation=publication_year reln=2 attitude=asserted value=1688 key=177:4afaa8bb seq=307
CORROBORATE id=310 sent=0 key=177:4afaa8bb attitude=asserted seq=308
INSTALL id=311 sent=0 entity=pilgrim progress relation=open reln=1 attitude=asserted value=1688 key=177:0e6c738e seq=309
INSTALL id=312 sent=0 entity=robinson crusoe relation=publication_year reln=2 attitude=asserted value=1719 key=181:4afaa8bb seq=310
CORROBORATE id=313 sent=0 key=181:4afaa8bb attitude=asserted seq=311
INSTALL id=314 sent=0 entity=robinson crusoe relation=open reln=1 attitude=asserted value=1719 key=181:0e6c738e seq=312
INSTALL id=315 sent=0 entity=gulliver travels relation=publication_year reln=2 attitude=asserted value=1726 key=186:4afaa8bb seq=313
CORROBORATE id=316 sent=0 key=186:4afaa8bb attitude=asserted seq=314
INSTALL id=317 sent=0 entity=gulliver travels relation=open reln=1 attitude=asserted value=1726 key=186:0e6c738e seq=315
INSTALL id=318 sent=0 entity=pamela relation=publication_year reln=2 attitude=asserted value=1740 key=187:4afaa8bb seq=316
CORROBORATE id=319 sent=0 key=187:4afaa8bb attitude=asserted seq=317
INSTALL id=320 sent=0 entity=pamela relation=open reln=1 attitude=asserted value=1740 key=187:0e6c738e seq=318
INSTALL id=321 sent=0 entity=tom jones relation=publication_year reln=2 attitude=asserted value=1749 key=193:4afaa8bb seq=319
CORROBORATE id=322 sent=0 key=193:4afaa8bb attitude=asserted seq=320
INSTALL id=323 sent=0 entity=tom jones relation=open reln=1 attitude=asserted value=1749 key=193:0e6c738e seq=321
INSTALL id=324 sent=0 entity=candide relation=publication_year reln=2 attitude=asserted value=1759 key=194:4afaa8bb seq=322
CORROBORATE id=325 sent=0 key=194:4afaa8bb attitude=asserted seq=323
INSTALL id=326 sent=0 entity=candide relation=open reln=1 attitude=asserted value=1759 key=194:0e6c738e seq=324
INSTALL id=327 sent=0 entity=vicar wakefield relation=publication_year reln=2 attitude=asserted value=1766 key=199:4afaa8bb seq=325
CORROBORATE id=328 sent=0 key=199:4afaa8bb attitude=asserted seq=326
INSTALL id=329 sent=0 entity=vicar wakefield relation=open reln=1 attitude=asserted value=1766 key=199:0e6c738e seq=327
INSTALL id=330 sent=0 entity=wealth nations relation=publication_year reln=2 attitude=asserted value=1776 key=204:4afaa8bb seq=328
CORROBORATE id=331 sent=0 key=204:4afaa8bb attitude=asserted seq=329
INSTALL id=332 sent=0 entity=wealth nations relation=open reln=1 attitude=asserted value=1776 key=204:0e6c738e seq=330
INSTALL id=333 sent=0 entity=pride prejudice relation=publication_year reln=2 attitude=asserted value=1813 key=209:4afaa8bb seq=331
CORROBORATE id=334 sent=0 key=209:4afaa8bb attitude=asserted seq=332
INSTALL id=335 sent=0 entity=pride prejudice relation=open reln=1 attitude=asserted value=1813 key=209:0e6c738e seq=333
INSTALL id=336 sent=0 entity=frankenstein relation=publication_year reln=2 attitude=asserted value=1818 key=210:4afaa8bb seq=334
CORROBORATE id=337 sent=0 key=210:4afaa8bb attitude=asserted seq=335
INSTALL id=338 sent=0 entity=frankenstein relation=open reln=1 attitude=asserted value=1818 key=210:0e6c738e seq=336
INSTALL id=339 sent=0 entity=last mohicans relation=publication_year reln=2 attitude=asserted value=1826 key=216:4afaa8bb seq=337
CORROBORATE id=340 sent=0 key=216:4afaa8bb attitude=asserted seq=338
INSTALL id=341 sent=0 entity=last mohicans relation=open reln=1 attitude=asserted value=1826 key=216:0e6c738e seq=339
INSTALL id=342 sent=0 entity=jane eyre relation=publication_year reln=2 attitude=asserted value=1847 key=220:4afaa8bb seq=340
CORROBORATE id=343 sent=0 key=220:4afaa8bb attitude=asserted seq=341
INSTALL id=344 sent=0 entity=jane eyre relation=open reln=1 attitude=asserted value=1847 key=220:0e6c738e seq=342
INSTALL id=345 sent=0 entity=wuthering heights relation=publication_year reln=2 attitude=asserted value=1847 key=224:4afaa8bb seq=343
CORROBORATE id=346 sent=0 key=224:4afaa8bb attitude=asserted seq=344
INSTALL id=347 sent=0 entity=wuthering heights relation=open reln=1 attitude=asserted value=1847 key=224:0e6c738e seq=345
INSTALL id=348 sent=0 entity=scarlet letter relation=publication_year reln=2 attitude=asserted value=1850 key=227:4afaa8bb seq=346
CORROBORATE id=349 sent=0 key=227:4afaa8bb attitude=asserted seq=347
INSTALL id=350 sent=0 entity=scarlet letter relation=open reln=1 attitude=asserted value=1850 key=227:0e6c738e seq=348
INSTALL id=351 sent=0 entity=david copperfield relation=publication_year reln=2 attitude=asserted value=1851 key=231:4afaa8bb seq=349
CORROBORATE id=352 sent=0 key=231:4afaa8bb attitude=asserted seq=350
INSTALL id=353 sent=0 entity=david copperfield relation=open reln=1 attitude=asserted value=1851 key=231:0e6c738e seq=351
INSTALL id=354 sent=0 entity=moby dick relation=publication_year reln=2 attitude=asserted value=1851 key=234:4afaa8bb seq=352
CORROBORATE id=355 sent=0 key=234:4afaa8bb attitude=asserted seq=353
INSTALL id=356 sent=0 entity=moby dick relation=open reln=1 attitude=asserted value=1851 key=234:0e6c738e seq=354
INSTALL id=357 sent=0 entity=uncle tom cabin relation=publication_year reln=2 attitude=asserted value=1852 key=238:4afaa8bb seq=355
CORROBORATE id=358 sent=0 key=238:4afaa8bb attitude=asserted seq=356
INSTALL id=359 sent=0 entity=uncle tom cabin relation=open reln=1 attitude=asserted value=1852 key=238:0e6c738e seq=357
INSTALL id=360 sent=0 entity=walden relation=publication_year reln=2 attitude=asserted value=1854 key=239:4afaa8bb seq=358
CORROBORATE id=361 sent=0 key=239:4afaa8bb attitude=asserted seq=359
INSTALL id=362 sent=0 entity=walden relation=open reln=1 attitude=asserted value=1854 key=239:0e6c738e seq=360
INSTALL id=363 sent=0 entity=madame bovary relation=publication_year reln=2 attitude=asserted value=1857 key=244:4afaa8bb seq=361
CORROBORATE id=364 sent=0 key=244:4afaa8bb attitude=asserted seq=362
INSTALL id=365 sent=0 entity=madame bovary relation=open reln=1 attitude=asserted value=1857 key=244:0e6c738e seq=363
INSTALL id=366 sent=0 entity=a relation=publication_year reln=2 attitude=asserted value=1859 key=0:4afaa8bb seq=364
CORROBORATE id=367 sent=0 key=0:4afaa8bb attitude=asserted seq=365
INSTALL id=368 sent=0 entity=a relation=open reln=3 attitude=asserted value=1859 key=0:a327f2d6 seq=366
INSTALL id=369 sent=0 entity=great expectations relation=publication_year reln=2 attitude=asserted value=1861 key=254:4afaa8bb seq=367
CORROBORATE id=370 sent=0 key=254:4afaa8bb attitude=asserted seq=368
INSTALL id=371 sent=0 entity=great expectations relation=open reln=1 attitude=asserted value=1861 key=254:0e6c738e seq=369
INSTALL id=372 sent=0 entity=les miserables relation=publication_year reln=2 attitude=asserted value=1862 key=259:4afaa8bb seq=370
CORROBORATE id=373 sent=0 key=259:4afaa8bb attitude=asserted seq=371
INSTALL id=374 sent=0 entity=les miserables relation=open reln=1 attitude=asserted value=1862 key=259:0e6c738e seq=372
INSTALL id=375 sent=0 entity=alice adventures wonderland relation=publication_year reln=2 attitude=asserted value=1865 key=265:4afaa8bb seq=373
CORROBORATE id=376 sent=0 key=265:4afaa8bb attitude=asserted seq=374
INSTALL id=377 sent=0 entity=alice adventures wonderland relation=open reln=1 attitude=asserted value=1865 key=265:0e6c738e seq=375
INSTALL id=378 sent=0 entity=crime punishment relation=publication_year reln=2 attitude=asserted value=1866 key=269:4afaa8bb seq=376
CORROBORATE id=379 sent=0 key=269:4afaa8bb attitude=asserted seq=377
INSTALL id=380 sent=0 entity=crime punishment relation=open reln=1 attitude=asserted value=1866 key=269:0e6c738e seq=378
INSTALL id=381 sent=0 entity=war peace relation=publication_year reln=2 attitude=asserted value=1869 key=273:4afaa8bb seq=379
CORROBORATE id=382 sent=0 key=273:4afaa8bb attitude=asserted seq=380
INSTALL id=383 sent=0 entity=war peace relation=open reln=1 attitude=asserted value=1869 key=273:0e6c738e seq=381
INSTALL id=384 sent=0 entity=through looking glass relation=publication_year reln=2 attitude=asserted value=1871 key=278:4afaa8bb seq=382
CORROBORATE id=385 sent=0 key=278:4afaa8bb attitude=asserted seq=383
INSTALL id=386 sent=0 entity=through looking glass relation=open reln=1 attitude=asserted value=1871 key=278:0e6c738e seq=384
INSTALL id=387 sent=0 entity=anna karenina relation=publication_year reln=2 attitude=asserted value=1878 key=282:4afaa8bb seq=385
CORROBORATE id=388 sent=0 key=282:4afaa8bb attitude=asserted seq=386
INSTALL id=389 sent=0 entity=anna karenina relation=open reln=1 attitude=asserted value=1878 key=282:0e6c738e seq=387
INSTALL id=390 sent=0 entity=brothers karamazov relation=publication_year reln=2 attitude=asserted value=1880 key=287:4afaa8bb seq=388
CORROBORATE id=391 sent=0 key=287:4afaa8bb attitude=asserted seq=389
INSTALL id=392 sent=0 entity=brothers karamazov relation=open reln=1 attitude=asserted value=1880 key=287:0e6c738e seq=390
INSTALL id=393 sent=0 entity=treasure island relation=publication_year reln=2 attitude=asserted value=1883 key=291:4afaa8bb seq=391
CORROBORATE id=394 sent=0 key=291:4afaa8bb attitude=asserted seq=392
INSTALL id=395 sent=0 entity=treasure island relation=open reln=1 attitude=asserted value=1883 key=291:0e6c738e seq=393
INSTALL id=396 sent=0 entity=adventures huckleberry finn relation=publication_year reln=2 attitude=asserted value=1884 key=295:4afaa8bb seq=394
CORROBORATE id=397 sent=0 key=295:4afaa8bb attitude=asserted seq=395
INSTALL id=398 sent=0 entity=adventures huckleberry finn relation=open reln=1 attitude=asserted value=1884 key=295:0e6c738e seq=396
INSTALL id=399 sent=0 entity=kidnapped relation=publication_year reln=2 attitude=asserted value=1886 key=296:4afaa8bb seq=397
CORROBORATE id=400 sent=0 key=296:4afaa8bb attitude=asserted seq=398
INSTALL id=401 sent=0 entity=kidnapped relation=open reln=1 attitude=asserted value=1886 key=296:0e6c738e seq=399
INSTALL id=402 sent=0 entity=strange case dr jekyll relation=publication_year reln=2 attitude=asserted value=1886 key=305:4afaa8bb seq=400
CORROBORATE id=403 sent=0 key=305:4afaa8bb attitude=asserted seq=401
INSTALL id=404 sent=0 entity=strange case dr jekyll relation=open reln=3 attitude=asserted value=1886 key=305:661a44a5 seq=402
INSTALL id=405 sent=0 entity=autobiography charles darwin relation=publication_year reln=2 attitude=asserted value=1887 key=311:4afaa8bb seq=403
CORROBORATE id=406 sent=0 key=311:4afaa8bb attitude=asserted seq=404
INSTALL id=407 sent=0 entity=autobiography charles darwin relation=open reln=1 attitude=asserted value=1887 key=311:0e6c738e seq=405
INSTALL id=408 sent=0 entity=picture dorian gray relation=publication_year reln=2 attitude=asserted value=1890 key=316:4afaa8bb seq=406
CORROBORATE id=409 sent=0 key=316:4afaa8bb attitude=asserted seq=407
INSTALL id=410 sent=0 entity=picture dorian gray relation=open reln=1 attitude=asserted value=1890 key=316:0e6c738e seq=408
INSTALL id=411 sent=0 entity=tess d urbervilles relation=publication_year reln=2 attitude=asserted value=1891 key=321:4afaa8bb seq=409
CORROBORATE id=412 sent=0 key=321:4afaa8bb attitude=asserted seq=410
INSTALL id=413 sent=0 entity=tess d urbervilles relation=open reln=1 attitude=asserted value=1891 key=321:0e6c738e seq=411
INSTALL id=414 sent=0 entity=adventures sherlock holmes relation=publication_year reln=2 attitude=asserted value=1892 key=326:4afaa8bb seq=412
CORROBORATE id=415 sent=0 key=326:4afaa8bb attitude=asserted seq=413
INSTALL id=416 sent=0 entity=adventures sherlock holmes relation=open reln=1 attitude=asserted value=1892 key=326:0e6c738e seq=414
INSTALL id=417 sent=0 entity=time machine relation=publication_year reln=2 attitude=asserted value=1896 key=329:4afaa8bb seq=415
CORROBORATE id=418 sent=0 key=329:4afaa8bb attitude=asserted seq=416
INSTALL id=419 sent=0 entity=time machine relation=open reln=1 attitude=asserted value=1896 key=329:0e6c738e seq=417
INSTALL id=420 sent=0 entity=dracula relation=publication_year reln=2 attitude=asserted value=1897 key=330:4afaa8bb seq=418
CORROBORATE id=421 sent=0 key=330:4afaa8bb attitude=asserted seq=419
INSTALL id=422 sent=0 entity=dracula relation=open reln=1 attitude=asserted value=1897 key=330:0e6c738e seq=420
INSTALL id=423 sent=0 entity=war worlds relation=publication_year reln=2 attitude=asserted value=1898 key=335:4afaa8bb seq=421
CORROBORATE id=424 sent=0 key=335:4afaa8bb attitude=asserted seq=422
INSTALL id=425 sent=0 entity=war worlds relation=open reln=1 attitude=asserted value=1898 key=335:0e6c738e seq=423
INSTALL id=426 sent=0 entity=call wild relation=publication_year reln=2 attitude=asserted value=1903 key=339:4afaa8bb seq=424
CORROBORATE id=427 sent=0 key=339:4afaa8bb attitude=asserted seq=425
INSTALL id=428 sent=0 entity=call wild relation=open reln=1 attitude=asserted value=1903 key=339:0e6c738e seq=426
INSTALL id=429 sent=0 entity=great gatsby relation=publication_year reln=2 attitude=asserted value=1925 key=342:4afaa8bb seq=427
CORROBORATE id=430 sent=0 key=342:4afaa8bb attitude=asserted seq=428
INSTALL id=431 sent=0 entity=great gatsby relation=open reln=1 attitude=asserted value=1925 key=342:0e6c738e seq=429
INSTALL id=432 sent=0 entity=english alphabet relation=open reln=3 attitude=asserted value=26 key=344:e062d643 seq=430
INSTALL id=433 sent=0 entity=count letters english alphabet relation=open reln=0 attitude=asserted value=26 key=345:e3b0c442 seq=431
INSTALL id=434 sent=0 entity=EMPTY relation=open reln=3 attitude=asserted value=26 key=4294967295:4fd721db seq=432
INSTALL id=435 sent=0 entity=english alphabet relation=open reln=3 attitude=asserted value=5 key=344:0739b1d5 seq=433
INSTALL id=436 sent=0 entity=count vowels english alphabet relation=open reln=0 attitude=asserted value=5 key=350:e3b0c442 seq=434
INSTALL id=437 sent=0 entity=EMPTY relation=open reln=3 attitude=asserted value=5 key=4294967295:6f4c5cf6 seq=435
INSTALL id=438 sent=0 entity=english alphabet relation=open reln=3 attitude=asserted value=21 key=344:78388d3a seq=436
INSTALL id=439 sent=0 entity=count consonants english alphabet relation=open reln=0 attitude=asserted value=21 key=353:e3b0c442 seq=437
INSTALL id=440 sent=0 entity=EMPTY relation=open reln=3 attitude=asserted value=21 key=4294967295:4e0fc57e seq=438
INSTALL id=441 sent=0 entity=a relation=open reln=3 attitude=asserted value=7 key=0:f65295bc seq=439
INSTALL id=442 sent=0 entity=count days a week relation=open reln=0 attitude=asserted value=7 key=357:e3b0c442 seq=440
INSTALL id=443 sent=0 entity=EMPTY relation=open reln=3 attitude=asserted value=7 key=4294967295:36b65048 seq=441
INSTALL id=444 sent=0 entity=a relation=open reln=3 attitude=asserted value=12 key=0:be74bebd seq=442
INSTALL id=445 sent=0 entity=count months a year relation=open reln=0 attitude=asserted value=12 key=360:e3b0c442 seq=443
INSTALL id=446 sent=0 entity=EMPTY relation=open reln=3 attitude=asserted value=12 key=4294967295:49098043 seq=444
INSTALL id=447 sent=0 entity=a relation=open reln=3 attitude=asserted value=4 key=0:c43dd126 seq=445
INSTALL id=448 sent=0 entity=count seasons a year relation=open reln=0 attitude=asserted value=4 key=363:e3b0c442 seq=446
INSTALL id=449 sent=0 entity=EMPTY relation=open reln=3 attitude=asserted value=4 key=4294967295:6b486fb6 seq=447
INSTALL id=450 sent=0 entity=a relation=open reln=3 attitude=asserted value=52 key=0:7eb651be seq=448
INSTALL id=451 sent=0 entity=count weeks a year relation=open reln=0 attitude=asserted value=52 key=366:e3b0c442 seq=449
INSTALL id=452 sent=0 entity=EMPTY relation=open reln=3 attitude=asserted value=52 key=4294967295:9870cb3e seq=450
INSTALL id=453 sent=0 entity=a relation=open reln=3 attitude=asserted value=24 key=0:881df6b6 seq=451
INSTALL id=454 sent=0 entity=count hours a day relation=open reln=0 attitude=asserted value=24 key=369:e3b0c442 seq=452
INSTALL id=455 sent=0 entity=EMPTY relation=open reln=3 attitude=asserted value=24 key=4294967295:8f14e6f5 seq=453
INSTALL id=456 sent=0 entity=hour relation=open reln=3 attitude=asserted value=60 key=368:302bdc87 seq=454
INSTALL id=457 sent=0 entity=count minutes hour relation=open reln=0 attitude=asserted value=60 key=372:e3b0c442 seq=455
INSTALL id=458 sent=0 entity=EMPTY relation=open reln=2 attitude=asserted value=60 key=4294967295:23c646fb seq=456
INSTALL id=459 sent=0 entity=a relation=open reln=3 attitude=asserted value=60 key=0:907f5466 seq=457
INSTALL id=460 sent=0 entity=count seconds a minute relation=open reln=0 attitude=asserted value=60 key=373:e3b0c442 seq=458
INSTALL id=461 sent=0 entity=EMPTY relation=open reln=3 attitude=asserted value=60 key=4294967295:3d90e469 seq=459
INSTALL id=462 sent=0 entity=a relation=open reln=3 attitude=asserted value=168 key=0:44c8502a seq=460
INSTALL id=463 sent=0 entity=count hours a week relation=open reln=0 attitude=asserted value=168 key=375:e3b0c442 seq=461
INSTALL id=464 sent=0 entity=EMPTY relation=open reln=3 attitude=asserted value=168 key=4294967295:9f910154 seq=462
INSTALL id=465 sent=0 entity=us constitution relation=open reln=3 attitude=asserted value=27 key=381:94600b81 seq=463
INSTALL id=466 sent=0 entity=count amendments us constitution relation=open reln=0 attitude=asserted value=27 key=382:e3b0c442 seq=464
INSTALL id=467 sent=0 entity=EMPTY relation=open reln=3 attitude=asserted value=27 key=4294967295:8c72d8e2 seq=465
INSTALL id=468 sent=0 entity=decimal number system relation=open reln=1 attitude=asserted value=10 key=388:154978af seq=466
INSTALL id=469 sent=0 entity=count digits decimal number relation=open reln=1 attitude=asserted value=10 key=389:2a96eef8 seq=467
INSTALL id=470 sent=0 entity=EMPTY relation=open reln=4 attitude=asserted value=10 key=4294967295:09c21e31 seq=468
INSTALL id=471 sent=0 entity=a relation=open reln=2 attitude=asserted value=100 key=0:b708563d seq=469
INSTALL id=472 sent=0 entity=count years a century relation=open reln=0 attitude=asserted value=100 key=393:e3b0c442 seq=470
INSTALL id=473 sent=0 entity=EMPTY relation=open reln=3 attitude=asserted value=100 key=4294967295:e21d55ca seq=471
INSTALL id=474 sent=0 entity=a relation=open reln=2 attitude=asserted value=12 key=0:6c56be14 seq=472
INSTALL id=475 sent=0 entity=count inches a foot relation=open reln=0 attitude=asserted value=12 key=397:e3b0c442 seq=473
INSTALL id=476 sent=0 entity=EMPTY relation=open reln=3 attitude=asserted value=12 key=4294967295:47f0fb94 seq=474
INSTALL id=477 sent=0 entity=a relation=open reln=2 attitude=asserted value=3 key=0:78a5951e seq=475
INSTALL id=478 sent=0 entity=count feet a yard relation=open reln=0 attitude=asserted value=3 key=400:e3b0c442 seq=476
INSTALL id=479 sent=0 entity=EMPTY relation=open reln=3 attitude=asserted value=3 key=4294967295:871bc214 seq=477
INSTALL id=480 sent=0 entity=a relation=open reln=4 attitude=asserted value=18 key=0:80e0c73c seq=478
INSTALL id=481 sent=0 entity=count holes a full relation=open reln=2 attitude=asserted value=18 key=406:477e53f1 seq=479
INSTALL id=482 sent=0 entity=EMPTY relation=open reln=5 attitude=asserted value=18 key=4294967295:b404bfcc seq=480
INSTALL id=483 sent=0 entity=a relation=open reln=2 attitude=asserted value=4 key=0:82bd0cfa seq=481
INSTALL id=484 sent=0 entity=count quarts a gallon relation=open reln=0 attitude=asserted value=4 key=410:e3b0c442 seq=482
INSTALL id=485 sent=0 entity=EMPTY relation=open reln=3 attitude=asserted value=4 key=4294967295:c25ed9fa seq=483
INSTALL id=486 sent=0 entity=a relation=open reln=2 attitude=asserted value=2 key=0:502eacec seq=484
INSTALL id=487 sent=0 entity=count pints a quart relation=open reln=0 attitude=asserted value=2 key=413:e3b0c442 seq=485
INSTALL id=488 sent=0 entity=EMPTY relation=open reln=3 attitude=asserted value=2 key=4294967295:cd28aaac seq=486
INSTALL id=489 sent=0 entity=a relation=open reln=2 attitude=asserted value=4 key=0:076c9f0f seq=487
INSTALL id=490 sent=0 entity=count sides a triangle relation=open reln=0 attitude=asserted value=4 key=417:e3b0c442 seq=488
INSTALL id=491 sent=0 entity=EMPTY relation=open reln=3 attitude=asserted value=4 key=4294967295:f51f2c75 seq=489
INSTALL id=492 sent=0 entity=EMPTY relation=open reln=2 attitude=asserted value=3 key=4294967295:29909dff seq=490
INSTALL id=493 sent=0 entity=count primary colors relation=open reln=0 attitude=asserted value=3 key=421:e3b0c442 seq=491
INSTALL id=494 sent=0 entity=EMPTY relation=open reln=3 attitude=asserted value=3 key=4294967295:f385b071 seq=492
INSTALL id=495 sent=0 entity=EMPTY relation=open reln=2 attitude=asserted value=7 key=4294967295:277970df seq=493
INSTALL id=496 sent=0 entity=count colors rainbow relation=open reln=0 attitude=asserted value=7 key=424:e3b0c442 seq=494
CORROBORATE id=497 sent=0 key=4294967295:277970df attitude=asserted seq=495
INSTALL id=498 sent=0 entity=a relation=open reln=3 attitude=asserted value=88 key=0:701f1b4b seq=496
INSTALL id=499 sent=0 entity=count keys a standard relation=open reln=1 attitude=asserted value=88 key=430:b41a693a seq=497
INSTALL id=500 sent=0 entity=EMPTY relation=open reln=4 attitude=asserted value=88 key=4294967295:f364cd2d seq=498
INSTALL id=501 sent=0 entity=a relation=open reln=3 attitude=asserted value=6 key=0:a3d1e0cb seq=499
INSTALL id=502 sent=0 entity=count strings a standard relation=open reln=1 attitude=asserted value=6 key=434:68324d8d seq=500
INSTALL id=503 sent=0 entity=EMPTY relation=open reln=4 attitude=asserted value=6 key=4294967295:517bb69f seq=501
INSTALL id=504 sent=0 entity=a relation=open reln=2 attitude=asserted value=4 key=0:6fc599c7 seq=502
INSTALL id=505 sent=0 entity=count strings a violin relation=open reln=0 attitude=asserted value=4 key=436:e3b0c442 seq=503
INSTALL id=506 sent=0 entity=EMPTY relation=open reln=3 attitude=asserted value=4 key=4294967295:7921257e seq=504
INSTALL id=507 sent=0 entity=solar system relation=open reln=1 attitude=asserted value=8 key=440:4cd6a04c seq=505
INSTALL id=508 sent=0 entity=count planets solar system relation=open reln=0 attitude=asserted value=8 key=441:e3b0c442 seq=506
INSTALL id=509 sent=0 entity=EMPTY relation=open reln=3 attitude=asserted value=8 key=4294967295:97de7c87 seq=507
INSTALL id=510 sent=0 entity=beatles relation=open reln=1 attitude=asserted value=4 key=442:fb53e6ca seq=508
INSTALL id=511 sent=0 entity=count members beatles relation=open reln=0 attitude=asserted value=4 key=447:e3b0c442 seq=509
INSTALL id=512 sent=0 entity=EMPTY relation=open reln=2 attitude=asserted value=4 key=4294967295:b9751e9f seq=510
INSTALL id=513 sent=0 entity=jackson relation=open reln=1 attitude=asserted value=5 key=448:fb53e6ca seq=511
INSTALL id=514 sent=0 entity=count members jackson relation=open reln=0 attitude=asserted value=5 key=449:e3b0c442 seq=512
INSTALL id=515 sent=0 entity=EMPTY relation=open reln=2 attitude=asserted value=5 key=4294967295:5091ed26 seq=513
INSTALL id=516 sent=0 entity=united states relation=open reln=0 attitude=asserted value=50 key=455:e3b0c442 seq=514
INSTALL id=517 sent=0 entity=count states united states relation=open reln=0 attitude=asserted value=50 key=456:e3b0c442 seq=515
INSTALL id=518 sent=0 entity=EMPTY relation=open reln=2 attitude=asserted value=50 key=4294967295:faf50451 seq=516
INSTALL id=519 sent=0 entity=us flag relation=open reln=1 attitude=asserted value=13 key=460:cb509b1c seq=517
INSTALL id=520 sent=0 entity=count stripes us flag relation=open reln=0 attitude=asserted value=13 key=461:e3b0c442 seq=518
INSTALL id=521 sent=0 entity=EMPTY relation=open reln=3 attitude=asserted value=13 key=4294967295:9c68a851 seq=519
INSTALL id=522 sent=0 entity=us flag relation=open reln=1 attitude=asserted value=50 key=460:65bae9a8 seq=520
INSTALL id=523 sent=0 entity=count stars us flag relation=open reln=0 attitude=asserted value=50 key=464:e3b0c442 seq=521
INSTALL id=524 sent=0 entity=EMPTY relation=open reln=3 attitude=asserted value=50 key=4294967295:39789627 seq=522
INSTALL id=525 sent=0 entity=earth relation=open reln=1 attitude=asserted value=7 key=465:e75c6090 seq=523
INSTALL id=526 sent=0 entity=count continents earth relation=open reln=0 attitude=asserted value=7 key=468:e3b0c442 seq=524
INSTALL id=527 sent=0 entity=EMPTY relation=open reln=2 attitude=asserted value=7 key=4294967295:e10ac15e seq=525
INSTALL id=528 sent=0 entity=earth relation=open reln=1 attitude=asserted value=5 key=465:ffe31aa3 seq=526
INSTALL id=529 sent=0 entity=count oceans earth relation=open reln=0 attitude=asserted value=5 key=471:e3b0c442 seq=527
INSTALL id=530 sent=0 entity=EMPTY relation=open reln=2 attitude=asserted value=5 key=4294967295:22aae3d2 seq=528
INSTALL id=531 sent=0 entity=a relation=open reln=4 attitude=asserted value=15 key=0:bac265c2 seq=529
INSTALL id=532 sent=0 entity=count players a rugby relation=open reln=2 attitude=asserted value=15 key=477:d1c318df seq=530
INSTALL id=533 sent=0 entity=EMPTY relation=open reln=5 attitude=asserted value=15 key=4294967295:93ab97da seq=531
INSTALL id=534 sent=0 entity=a relation=open reln=4 attitude=asserted value=10 key=0:cfa1242d seq=532
INSTALL id=535 sent=0 entity=count players a baseball relation=open reln=2 attitude=asserted value=10 key=481:34cd1230 seq=533
INSTALL id=536 sent=0 entity=EMPTY relation=open reln=5 attitude=asserted value=10 key=4294967295:7689ab39 seq=534
INSTALL id=537 sent=0 entity=a relation=open reln=4 attitude=asserted value=5 key=0:fa4c2876 seq=535
INSTALL id=538 sent=0 entity=count players a basketball relation=open reln=2 attitude=asserted value=5 key=484:b91a3ad5 seq=536
INSTALL id=539 sent=0 entity=EMPTY relation=open reln=5 attitude=asserted value=5 key=4294967295:ae9d68c7 seq=537
INSTALL id=540 sent=0 entity=a relation=open reln=4 attitude=asserted value=11 key=0:42b8b00b seq=538
INSTALL id=541 sent=0 entity=count players a soccer relation=open reln=2 attitude=asserted value=11 key=486:34cd1230 seq=539
INSTALL id=542 sent=0 entity=EMPTY relation=open reln=5 attitude=asserted value=11 key=4294967295:ee927190 seq=540
INSTALL id=543 sent=0 entity=american football team relation=open reln=2 attitude=asserted value=11 key=489:4adcb51c seq=541
INSTALL id=544 sent=0 entity=count players american football relation=open reln=2 attitude=asserted value=11 key=490:34cd1230 seq=542
INSTALL id=545 sent=0 entity=EMPTY relation=open reln=5 attitude=asserted value=11 key=4294967295:026bc874 seq=543
INSTALL id=546 sent=0 entity=a relation=open reln=4 attitude=asserted value=4 key=0:9522e7dc seq=544
INSTALL id=547 sent=0 entity=count suits a standard relation=open reln=2 attitude=asserted value=4 key=496:e4f5f365 seq=545
INSTALL id=548 sent=0 entity=EMPTY relation=open reln=5 attitude=asserted value=4 key=4294967295:db9e4941 seq=546
INSTALL id=549 sent=0 entity=each suit relation=open reln=1 attitude=asserted value=13 key=498:2e1156de seq=547
INSTALL id=550 sent=0 entity=count cards each suit relation=open reln=0 attitude=asserted value=13 key=499:e3b0c442 seq=548
INSTALL id=551 sent=0 entity=EMPTY relation=open reln=3 attitude=asserted value=13 key=4294967295:b5f85ab9 seq=549
INSTALL id=552 sent=0 entity=a relation=open reln=3 attitude=asserted value=52 key=0:5107a544 seq=550
INSTALL id=553 sent=0 entity=count cards a standard relation=open reln=1 attitude=asserted value=52 key=500:51785e53 seq=551
INSTALL id=554 sent=0 entity=EMPTY relation=open reln=4 attitude=asserted value=52 key=4294967295:8ea80c69 seq=552
INSTALL id=555 sent=0 entity=a relation=open reln=2 attitude=asserted value=64 key=0:f3b8bd77 seq=553
INSTALL id=556 sent=0 entity=count squares a chessboard relation=open reln=0 attitude=asserted value=64 key=505:e3b0c442 seq=554
INSTALL id=557 sent=0 entity=EMPTY relation=open reln=3 attitude=asserted value=64 key=4294967295:301df16f seq=555
INSTALL id=558 sent=0 entity=each side chess relation=open reln=1 attitude=asserted value=16 key=509:ac9f04ab seq=556
INSTALL id=559 sent=0 entity=count chess pieces each relation=open reln=1 attitude=asserted value=16 key=510:9d3cb9dc seq=557
INSTALL id=560 sent=0 entity=EMPTY relation=open reln=4 attitude=asserted value=16 key=4294967295:bace6f5e seq=558
INSTALL id=561 sent=0 entity=each side chess relation=open reln=1 attitude=asserted value=8 key=509:bc3817c1 seq=559
INSTALL id=562 sent=0 entity=count pawns each side relation=open reln=1 attitude=asserted value=8 key=513:fe1679bc seq=560
INSTALL id=563 sent=0 entity=EMPTY relation=open reln=4 attitude=asserted value=8 key=4294967295:2968c5da seq=561
INSTALL id=564 sent=0 entity=a relation=open reln=3 attitude=asserted value=6 key=0:faed4fd5 seq=562
INSTALL id=565 sent=0 entity=count faces a standard relation=open reln=1 attitude=asserted value=6 key=517:5a3e80a3 seq=563
INSTALL id=566 sent=0 entity=EMPTY relation=open reln=4 attitude=asserted value=6 key=4294967295:af527a0a seq=564
INSTALL id=567 sent=0 entity=a relation=open reln=3 attitude=asserted value=21 key=0:14041cf8 seq=565
INSTALL id=568 sent=0 entity=count dots a standard relation=open reln=1 attitude=asserted value=21 key=520:5a3e80a3 seq=566
INSTALL id=569 sent=0 entity=EMPTY relation=open reln=4 attitude=asserted value=21 key=4294967295:e286b390 seq=567
INSTALL id=570 sent=0 entity=human body relation=open reln=2 attitude=asserted value=12 key=527:f458006e seq=568
INSTALL id=571 sent=0 entity=count pairs ribs human relation=open reln=1 attitude=asserted value=12 key=528:506b1706 seq=569
INSTALL id=572 sent=0 entity=EMPTY relation=open reln=4 attitude=asserted value=12 key=4294967295:37924c74 seq=570
INSTALL id=573 sent=0 entity=a relation=open reln=4 attitude=asserted value=32 key=0:48fe4e08 seq=571
INSTALL id=574 sent=0 entity=count teeth a full relation=open reln=2 attitude=asserted value=32 key=533:443e1f33 seq=572
INSTALL id=575 sent=0 entity=EMPTY relation=open reln=5 attitude=asserted value=32 key=4294967295:141fc78d seq=573
INSTALL id=576 sent=0 entity=human body relation=open reln=3 attitude=asserted value=2 key=527:c83ccd82 seq=574
INSTALL id=577 sent=0 entity=count lungs human body relation=open reln=0 attitude=asserted value=2 key=536:e3b0c442 seq=575
INSTALL id=578 sent=0 entity=EMPTY relation=open reln=3 attitude=asserted value=2 key=4294967295:a95dd6c2 seq=576
INSTALL id=579 sent=0 entity=human body relation=open reln=3 attitude=asserted value=2 key=527:1f461eb0 seq=577
INSTALL id=580 sent=0 entity=count kidneys human body relation=open reln=0 attitude=asserted value=2 key=539:e3b0c442 seq=578
INSTALL id=581 sent=0 entity=EMPTY relation=open reln=3 attitude=asserted value=2 key=4294967295:63709016 seq=579
INSTALL id=582 sent=0 entity=human heart relation=open reln=3 attitude=asserted value=4 key=543:5e7aadea seq=580
INSTALL id=583 sent=0 entity=count chambers human heart relation=open reln=0 attitude=asserted value=4 key=544:e3b0c442 seq=581
INSTALL id=584 sent=0 entity=EMPTY relation=open reln=3 attitude=asserted value=4 key=4294967295:bdf3a1dc seq=582
INSTALL id=585 sent=0 entity=labors hercules relation=open reln=2 attitude=asserted value=12 key=549:13a3ca81 seq=583
INSTALL id=586 sent=0 entity=count labors hercules relation=open reln=0 attitude=asserted value=12 key=550:e3b0c442 seq=584
INSTALL id=587 sent=0 entity=EMPTY relation=open reln=2 attitude=asserted value=12 key=4294967295:6a5ed173 seq=585
INSTALL id=588 sent=0 entity=olympian gods relation=open reln=2 attitude=asserted value=12 key=554:13a3ca81 seq=586
INSTALL id=589 sent=0 entity=count gods relation=open reln=0 attitude=asserted value=12 key=555:e3b0c442 seq=587
INSTALL id=590 sent=0 entity=EMPTY relation=open reln=2 attitude=asserted value=12 key=4294967295:1bda9c64 seq=588
INSTALL id=591 sent=0 entity=wonders ancient world relation=open reln=2 attitude=asserted value=7 key=559:13a3ca81 seq=589
INSTALL id=592 sent=0 entity=count wonders ancient world relation=open reln=0 attitude=asserted value=7 key=560:e3b0c442 seq=590
INSTALL id=593 sent=0 entity=EMPTY relation=open reln=3 attitude=asserted value=7 key=4294967295:e8d5efa8 seq=591
INSTALL id=594 sent=0 entity=muses greek mythology relation=open reln=2 attitude=asserted value=9 key=565:13a3ca81 seq=592
INSTALL id=595 sent=0 entity=count muses greek mythology relation=open reln=0 attitude=asserted value=9 key=566:e3b0c442 seq=593
INSTALL id=596 sent=0 entity=EMPTY relation=open reln=3 attitude=asserted value=9 key=4294967295:5b8a33c9 seq=594
INSTALL id=597 sent=0 entity=fates greek mythology relation=open reln=2 attitude=asserted value=3 key=569:13a3ca81 seq=595
INSTALL id=598 sent=0 entity=count fates greek mythology relation=open reln=0 attitude=asserted value=3 key=570:e3b0c442 seq=596
INSTALL id=599 sent=0 entity=EMPTY relation=open reln=3 attitude=asserted value=3 key=4294967295:9faba0ff seq=597
INSTALL id=600 sent=0 entity=apostles jesus relation=open reln=2 attitude=asserted value=12 key=575:13a3ca81 seq=598
INSTALL id=601 sent=0 entity=count apostles jesus relation=open reln=0 attitude=asserted value=12 key=576:e3b0c442 seq=599
INSTALL id=602 sent=0 entity=EMPTY relation=open reln=2 attitude=asserted value=12 key=4294967295:6566c069 seq=600
INSTALL id=603 sent=0 entity=commandments relation=open reln=2 attitude=asserted value=10 key=578:13a3ca81 seq=601
INSTALL id=604 sent=0 entity=count commandments relation=open reln=0 attitude=asserted value=10 key=580:e3b0c442 seq=602
INSTALL id=605 sent=0 entity=EMPTY relation=open reln=2 attitude=asserted value=10 key=4294967295:30e15b53 seq=603
INSTALL id=606 sent=0 entity=deadly sins relation=open reln=2 attitude=asserted value=7 key=584:13a3ca81 seq=604
INSTALL id=607 sent=0 entity=count sins relation=open reln=0 attitude=asserted value=7 key=585:e3b0c442 seq=605
INSTALL id=608 sent=0 entity=EMPTY relation=open reln=2 attitude=asserted value=7 key=4294967295:127fb8b4 seq=606
INSTALL id=609 sent=0 entity=books protestant bible relation=open reln=2 attitude=asserted value=66 key=589:13a3ca81 seq=607
INSTALL id=610 sent=0 entity=count books protestant bible relation=open reln=0 attitude=asserted value=66 key=590:e3b0c442 seq=608
INSTALL id=611 sent=0 entity=EMPTY relation=open reln=3 attitude=asserted value=66 key=4294967295:57b1e3f5 seq=609
INSTALL id=612 sent=0 entity=EMPTY relation=open reln=3 attitude=asserted value=4 key=4294967295:564e010b seq=610
INSTALL id=613 sent=0 entity=count gospels new testament relation=open reln=0 attitude=asserted value=4 key=595:e3b0c442 seq=611
INSTALL id=614 sent=0 entity=new testament relation=open reln=1 attitude=asserted value=4 key=596:464442e8 seq=612
INSTALL id=615 sent=0 entity=EMPTY relation=open reln=3 attitude=asserted value=38 key=4294967295:9899a06d seq=613
INSTALL id=616 sent=0 entity=count plays attributed shakespeare relation=open reln=0 attitude=asserted value=38 key=603:e3b0c442 seq=614
INSTALL id=617 sent=0 entity=EMPTY relation=open reln=4 attitude=asserted value=38 key=4294967295:0281269c seq=615
INSTALL id=618 sent=0 entity=EMPTY relation=open reln=5 attitude=asserted value=12 key=4294967295:2197b1b7 seq=616
INSTALL id=619 sent=0 entity=count short stories adventures relation=open reln=2 attitude=asserted value=12 key=606:559f9b19 seq=617
CORROBORATE id=620 sent=0 key=4294967295:2197b1b7 attitude=asserted seq=618
INSTALL id=621 sent=0 entity=EMPTY relation=open reln=3 attitude=asserted value=4 key=4294967295:ab6589fc seq=619
INSTALL id=622 sent=0 entity=count sherlock holmes novels relation=open reln=0 attitude=asserted value=4 key=608:e3b0c442 seq=620
INSTALL id=623 sent=0 entity=EMPTY relation=open reln=4 attitude=asserted value=4 key=4294967295:21e114f0 seq=621
INSTALL id=624 sent=0 entity=EMPTY relation=open reln=5 attitude=asserted value=56 key=4294967295:2704718b seq=622
INSTALL id=625 sent=0 entity=count sherlock holmes short relation=open reln=2 attitude=asserted value=56 key=611:aa768415 seq=623
INSTALL id=626 sent=0 entity=canon relation=open reln=4 attitude=asserted value=56 key=610:4f4a051d seq=624
INSTALL id=627 sent=0 entity=EMPTY relation=open reln=3 attitude=asserted value=3 key=4294967295:5fe4fc4d seq=625
INSTALL id=628 sent=0 entity=count volumes lord rings relation=open reln=0 attitude=asserted value=3 key=617:e3b0c442 seq=626
CORROBORATE id=629 sent=0 key=4294967295:5fe4fc4d attitude=asserted seq=627
INSTALL id=630 sent=0 entity=EMPTY relation=open reln=3 attitude=asserted value=7 key=4294967295:6ecbb138 seq=628
INSTALL id=631 sent=0 entity=count harry potter books relation=open reln=0 attitude=asserted value=7 key=620:e3b0c442 seq=629
INSTALL id=632 sent=0 entity=EMPTY relation=open reln=4 attitude=asserted value=7 key=4294967295:f18a2c30 seq=630
INSTALL id=633 sent=0 entity=EMPTY relation=open reln=3 attitude=asserted value=7 key=4294967295:37a42d5a seq=631
INSTALL id=634 sent=0 entity=count chronicles narnia books relation=open reln=0 attitude=asserted value=7 key=624:e3b0c442 seq=632
CORROBORATE id=635 sent=0 key=4294967295:37a42d5a attitude=asserted seq=633
INSTALL id=636 sent=0 entity=EMPTY relation=open reln=5 attitude=asserted value=5 key=4294967295:c102d558 seq=634
INSTALL id=637 sent=0 entity=count books hitchhiker guide relation=open reln=2 attitude=asserted value=5 key=629:d0c6c7bf seq=635
INSTALL id=638 sent=0 entity=hitchhiker guide galaxy trilogy relation=open reln=1 attitude=asserted value=5 key=630:775be457 seq=636
INSTALL id=639 sent=0 entity=EMPTY relation=open reln=4 attitude=asserted value=4 key=4294967295:48f7aab1 seq=637
INSTALL id=640 sent=0 entity=count teenage mutant ninja relation=open reln=1 attitude=asserted value=4 key=636:dd506a4e seq=638
INSTALL id=641 sent=0 entity=EMPTY relation=open reln=5 attitude=asserted value=4 key=4294967295:84adf1ff seq=639
INSTALL id=642 sent=0 entity=EMPTY relation=open reln=3 attitude=asserted value=7 key=4294967295:82d1b773 seq=640
INSTALL id=643 sent=0 entity=count dwarfs snow white relation=open reln=0 attitude=asserted value=7 key=641:e3b0c442 seq=641
CORROBORATE id=644 sent=0 key=4294967295:82d1b773 attitude=asserted seq=642
INSTALL id=645 sent=0 entity=EMPTY relation=open reln=3 attitude=asserted value=101 key=4294967295:e35ec3d3 seq=643
INSTALL id=646 sent=0 entity=count dalmatians disney title relation=open reln=0 attitude=asserted value=101 key=647:e3b0c442 seq=644
INSTALL id=647 sent=0 entity=disney title relation=open reln=1 attitude=asserted value=101 key=648:6e956695 seq=645
INSTALL id=648 sent=0 entity=count days christmas carol relation=open reln=0 attitude=asserted value=12 key=652:e3b0c442 seq=646
CORROBORATE id=649 sent=0 key=652:e3b0c442 attitude=asserted seq=647
INSTALL id=650 sent=0 entity=EMPTY relation=open reln=3 attitude=asserted value=12 key=4294967295:3939161d seq=648
DENIAL id=651 sent=0 entity=count reindeer pulling santa relation=open reln=4 value=8 key=660:54fdee9b seq=649
DENIAL id=652 sent=0 entity=EMPTY relation=open reln=8 value=8 key=4294967295:7614ccd1 seq=650
DENIAL id=653 sent=0 entity=EMPTY relation=open reln=9 value=8 key=4294967295:f7096b02 seq=651
INSTALL id=654 sent=0 entity=count reindeer pulling santa relation=open reln=3 attitude=asserted value=9 key=660:fb811ecd seq=652
INSTALL id=655 sent=0 entity=EMPTY relation=open reln=7 attitude=asserted value=9 key=4294967295:46ddfb87 seq=653
INSTALL id=656 sent=0 entity=EMPTY relation=open reln=8 attitude=asserted value=9 key=4294967295:29eeea58 seq=654
INSTALL id=657 sent=0 entity=count days lent relation=open reln=0 attitude=asserted value=40 key=663:e3b0c442 seq=655
CORROBORATE id=658 sent=0 key=663:e3b0c442 attitude=asserted seq=656
INSTALL id=659 sent=0 entity=EMPTY relation=open reln=2 attitude=asserted value=40 key=4294967295:df62b2b9 seq=657
INSTALL id=660 sent=0 entity=count eggs a dozen relation=open reln=0 attitude=asserted value=12 key=667:e3b0c442 seq=658
INSTALL id=661 sent=0 entity=EMPTY relation=open reln=3 attitude=asserted value=12 key=4294967295:c783b91d seq=659
INSTALL id=662 sent=0 entity=a dozen relation=open reln=1 attitude=asserted value=12 key=668:93992bae seq=660
INSTALL id=663 sent=0 entity=count dozens a gross relation=open reln=0 attitude=asserted value=12 key=671:e3b0c442 seq=661
INSTALL id=664 sent=0 entity=EMPTY relation=open reln=3 attitude=asserted value=12 key=4294967295:29dd84a4 seq=662
INSTALL id=665 sent=0 entity=a gross relation=open reln=1 attitude=asserted value=12 key=672:3ce18e55 seq=663
INSTALL id=666 sent=0 entity=count items a gross relation=open reln=0 attitude=asserted value=144 key=676:e3b0c442 seq=664
INSTALL id=667 sent=0 entity=EMPTY relation=open reln=3 attitude=asserted value=144 key=4294967295:ab7254f3 seq=665
INSTALL id=668 sent=0 entity=a gross relation=open reln=1 attitude=asserted value=144 key=672:fc4c6682 seq=666
INSTALL id=669 sent=0 entity=count items a score relation=open reln=0 attitude=asserted value=20 key=678:e3b0c442 seq=667
INSTALL id=670 sent=0 entity=EMPTY relation=open reln=3 attitude=asserted value=20 key=4294967295:73df469f seq=668
INSTALL id=671 sent=0 entity=a score relation=open reln=1 attitude=asserted value=20 key=679:fc4c6682 seq=669
INSTALL id=672 sent=0 entity=count teams major league relation=open reln=1 attitude=asserted value=30 key=684:6bbdc291 seq=670
CORROBORATE id=673 sent=0 key=684:6bbdc291 attitude=asserted seq=671
INSTALL id=674 sent=0 entity=EMPTY relation=open reln=4 attitude=asserted value=30 key=4294967295:3bebeeae seq=672
INSTALL id=675 sent=0 entity=count justices us supreme relation=open reln=1 attitude=asserted value=9 key=688:1ee2774d seq=673
INSTALL id=676 sent=0 entity=EMPTY relation=open reln=5 attitude=asserted value=9 key=4294967295:742841ad seq=674
INSTALL id=677 sent=0 entity=EMPTY relation=open reln=6 attitude=asserted value=9 key=4294967295:61581bf2 seq=675
INSTALL id=678 sent=0 entity=count centimeters a meter relation=open reln=0 attitude=asserted value=100 key=692:e3b0c442 seq=676
INSTALL id=679 sent=0 entity=EMPTY relation=open reln=3 attitude=asserted value=100 key=4294967295:7ac3ed61 seq=677
INSTALL id=680 sent=0 entity=a meter relation=open reln=1 attitude=asserted value=100 key=693:eeaaf18f seq=678
INSTALL id=681 sent=0 entity=count us senators relation=open reln=0 attitude=asserted value=100 key=696:e3b0c442 seq=679
INSTALL id=682 sent=0 entity=EMPTY relation=open reln=3 attitude=asserted value=100 key=4294967295:45eaee61 seq=680
INSTALL id=683 sent=0 entity=EMPTY relation=open reln=4 attitude=asserted value=100 key=4294967295:f4276acf seq=681
INSTALL id=684 sent=0 entity=EMPTY relation=open reln=3 attitude=asserted value=16 key=4294967295:7562dc77 seq=682
INSTALL id=685 sent=0 entity=count ounces a pound relation=open reln=0 attitude=asserted value=16 key=700:e3b0c442 seq=683
INSTALL id=686 sent=0 entity=a pound relation=open reln=1 attitude=asserted value=16 key=701:82427069 seq=684
INSTALL id=687 sent=0 entity=EMPTY relation=open reln=3 attitude=asserted value=118 key=4294967295:de128176 seq=685
INSTALL id=688 sent=0 entity=count elements periodic table relation=open reln=0 attitude=asserted value=118 key=708:e3b0c442 seq=686
INSTALL id=689 sent=0 entity=periodic table relation=open reln=1 attitude=asserted value=118 key=709:e614cbf6 seq=687
INSTALL id=690 sent=0 entity=jupiter relation=open reln=2 attitude=asserted value=4 key=710:7939bdec seq=688
INSTALL id=691 sent=0 entity=count galilean moons jupiter relation=open reln=0 attitude=asserted value=4 key=714:e3b0c442 seq=689
INSTALL id=692 sent=0 entity=EMPTY relation=open reln=3 attitude=asserted value=4 key=4294967295:d5340b7d seq=690
INSTALL id=693 sent=0 entity=a relation=open reln=2 attitude=asserted value=7 key=0:631f2684 seq=691
INSTALL id=694 sent=0 entity=count legs a spider relation=open reln=0 attitude=asserted value=7 key=718:e3b0c442 seq=692
INSTALL id=695 sent=0 entity=EMPTY relation=open reln=3 attitude=asserted value=7 key=4294967295:36ede114 seq=693
INSTALL id=696 sent=0 entity=a relation=open reln=3 attitude=asserted value=12 key=0:061f5e81 seq=694
INSTALL id=697 sent=0 entity=count hours a clock relation=open reln=1 attitude=asserted value=12 key=720:190b5066 seq=695
INSTALL id=698 sent=0 entity=EMPTY relation=open reln=4 attitude=asserted value=12 key=4294967295:2b86be16 seq=696
INSTALL id=699 sent=0 entity=april relation=open reln=1 attitude=asserted value=30 key=721:e4b4761d seq=697
INSTALL id=700 sent=0 entity=count days april relation=open reln=0 attitude=asserted value=30 key=722:e3b0c442 seq=698
INSTALL id=701 sent=0 entity=EMPTY relation=open reln=2 attitude=asserted value=30 key=4294967295:8b18adcf seq=699
INSTALL id=702 sent=0 entity=january relation=open reln=1 attitude=asserted value=31 key=723:e4b4761d seq=700
INSTALL id=703 sent=0 entity=count days january relation=open reln=0 attitude=asserted value=31 key=725:e3b0c442 seq=701
INSTALL id=704 sent=0 entity=EMPTY relation=open reln=2 attitude=asserted value=31 key=4294967295:5133d86c seq=702
INSTALL id=705 sent=0 entity=february a common year relation=open reln=1 attitude=asserted value=28 key=728:e4b4761d seq=703
INSTALL id=706 sent=0 entity=count days february a relation=open reln=2 attitude=asserted value=28 key=729:389bd514 seq=704
INSTALL id=707 sent=0 entity=EMPTY relation=open reln=5 attitude=asserted value=28 key=4294967295:8f8de868 seq=705
INSTALL id=708 sent=0 entity=february a leap year relation=open reln=1 attitude=asserted value=29 key=732:e4b4761d seq=706
INSTALL id=709 sent=0 entity=count days february a relation=open reln=2 attitude=asserted value=29 key=729:719c8ada seq=707
INSTALL id=710 sent=0 entity=EMPTY relation=open reln=5 attitude=asserted value=29 key=4294967295:f34b1f7f seq=708
INSTALL id=711 sent=0 entity=canada relation=open reln=1 attitude=asserted value=10 key=733:d348f91f seq=709
INSTALL id=712 sent=0 entity=count provinces canada relation=open reln=0 attitude=asserted value=10 key=736:e3b0c442 seq=710
INSTALL id=713 sent=0 entity=EMPTY relation=open reln=2 attitude=asserted value=10 key=4294967295:b2d6144c seq=711
INSTALL id=714 sent=0 entity=new testament relation=open reln=1 attitude=asserted value=27 key=596:775be457 seq=712
INSTALL id=715 sent=0 entity=count books new testament relation=open reln=0 attitude=asserted value=27 key=737:e3b0c442 seq=713
INSTALL id=716 sent=0 entity=EMPTY relation=open reln=3 attitude=asserted value=27 key=4294967295:baa5122b seq=714
INSTALL id=717 sent=0 entity=old testament protestant canon relation=open reln=1 attitude=asserted value=39 key=740:775be457 seq=715
INSTALL id=718 sent=0 entity=count books old testament relation=open reln=2 attitude=asserted value=39 key=741:618008cc seq=716
INSTALL id=719 sent=0 entity=EMPTY relation=open reln=5 attitude=asserted value=39 key=4294967295:2d8a4b27 seq=717
PROBE id=0 verdict=VALUE:1 expected=1 ok=1 entity=a relation=open reln=1 attitude=ignored ties=34
PROBE id=1 verdict=VALUE:2 expected=2 ok=1 entity=b relation=open reln=1 attitude=ignored ties=1
PROBE id=2 verdict=VALUE:3 expected=3 ok=1 entity=c relation=open reln=1 attitude=ignored ties=1
PROBE id=3 verdict=UNKNOWN expected=5 ok=0 entity=d relation=open reln=1 attitude=ignored ties=0
PROBE id=4 verdict=VALUE:5 expected=5 ok=1 entity=e relation=open reln=1 attitude=ignored ties=1
PROBE id=5 verdict=VALUE:6 expected=6 ok=1 entity=f relation=open reln=1 attitude=ignored ties=1
PROBE id=6 verdict=VALUE:7 expected=7 ok=1 entity=g relation=open reln=1 attitude=ignored ties=1
PROBE id=7 verdict=VALUE:8 expected=8 ok=1 entity=h relation=open reln=1 attitude=ignored ties=1
PROBE id=8 verdict=VALUE:9 expected=9 ok=1 entity=i relation=open reln=1 attitude=ignored ties=1
PROBE id=9 verdict=VALUE:10 expected=10 ok=1 entity=j relation=open reln=1 attitude=ignored ties=1
PROBE id=10 verdict=VALUE:11 expected=11 ok=1 entity=k relation=open reln=1 attitude=ignored ties=1
PROBE id=11 verdict=VALUE:12 expected=12 ok=1 entity=l relation=open reln=1 attitude=ignored ties=1
PROBE id=12 verdict=VALUE:13 expected=13 ok=1 entity=m relation=open reln=3 attitude=ignored ties=1
PROBE id=13 verdict=VALUE:14 expected=14 ok=1 entity=n relation=open reln=3 attitude=ignored ties=1
PROBE id=14 verdict=VALUE:15 expected=15 ok=1 entity=o relation=open reln=3 attitude=ignored ties=1
PROBE id=15 verdict=VALUE:16 expected=16 ok=1 entity=p relation=open reln=3 attitude=ignored ties=1
PROBE id=16 verdict=VALUE:17 expected=17 ok=1 entity=q relation=open reln=3 attitude=ignored ties=1
PROBE id=17 verdict=VALUE:18 expected=18 ok=1 entity=r relation=open reln=3 attitude=ignored ties=1
PROBE id=18 verdict=VALUE:19 expected=19 ok=1 entity=s relation=open reln=3 attitude=ignored ties=1
PROBE id=19 verdict=VALUE:20 expected=20 ok=1 entity=t relation=open reln=3 attitude=ignored ties=1
PROBE id=20 verdict=VALUE:21 expected=21 ok=1 entity=u relation=open reln=3 attitude=ignored ties=1
PROBE id=21 verdict=VALUE:22 expected=22 ok=1 entity=v relation=open reln=3 attitude=ignored ties=1
PROBE id=22 verdict=VALUE:23 expected=23 ok=1 entity=w relation=open reln=3 attitude=ignored ties=1
PROBE id=23 verdict=VALUE:24 expected=24 ok=1 entity=x relation=open reln=3 attitude=ignored ties=1
PROBE id=24 verdict=VALUE:25 expected=25 ok=1 entity=y relation=alphabet_position reln=2 attitude=ignored ties=1
PROBE id=25 verdict=VALUE:26 expected=26 ok=1 entity=z relation=alphabet_position reln=2 attitude=ignored ties=1
PROBE id=26 verdict=VALUE:1 expected=1 ok=1 entity=a relation=alphabet_position reln=2 attitude=ignored ties=1
PROBE id=27 verdict=VALUE:2 expected=2 ok=1 entity=b relation=alphabet_position reln=2 attitude=ignored ties=1
PROBE id=28 verdict=VALUE:3 expected=3 ok=1 entity=c relation=alphabet_position reln=2 attitude=ignored ties=1
PROBE id=29 verdict=CONTRADICTION expected=6 ok=0 entity=d relation=alphabet_position reln=2 attitude=ignored ties=0
PROBE id=30 verdict=VALUE:5 expected=5 ok=1 entity=e relation=alphabet_position reln=2 attitude=ignored ties=1
PROBE id=31 verdict=VALUE:6 expected=6 ok=1 entity=f relation=alphabet_position reln=2 attitude=ignored ties=1
PROBE id=32 verdict=VALUE:7 expected=7 ok=1 entity=g relation=alphabet_position reln=2 attitude=ignored ties=1
PROBE id=33 verdict=VALUE:8 expected=8 ok=1 entity=h relation=alphabet_position reln=2 attitude=ignored ties=1
PROBE id=34 verdict=VALUE:9 expected=9 ok=1 entity=i relation=alphabet_position reln=2 attitude=ignored ties=1
PROBE id=35 verdict=VALUE:10 expected=10 ok=1 entity=j relation=alphabet_position reln=2 attitude=ignored ties=1
PROBE id=36 verdict=VALUE:11 expected=11 ok=1 entity=k relation=alphabet_position reln=2 attitude=ignored ties=1
PROBE id=37 verdict=VALUE:12 expected=12 ok=1 entity=l relation=alphabet_position reln=2 attitude=ignored ties=1
PROBE id=38 verdict=VALUE:13 expected=13 ok=1 entity=m relation=alphabet_position reln=2 attitude=ignored ties=1
PROBE id=39 verdict=VALUE:14 expected=14 ok=1 entity=n relation=alphabet_position reln=2 attitude=ignored ties=1
PROBE id=40 verdict=VALUE:15 expected=15 ok=1 entity=o relation=alphabet_position reln=2 attitude=ignored ties=1
PROBE id=41 verdict=VALUE:16 expected=16 ok=1 entity=p relation=alphabet_position reln=2 attitude=ignored ties=1
PROBE id=42 verdict=VALUE:17 expected=17 ok=1 entity=q relation=alphabet_position reln=2 attitude=ignored ties=1
PROBE id=43 verdict=VALUE:18 expected=18 ok=1 entity=r relation=alphabet_position reln=2 attitude=ignored ties=1
PROBE id=44 verdict=VALUE:19 expected=19 ok=1 entity=s relation=alphabet_position reln=2 attitude=ignored ties=1
PROBE id=45 verdict=VALUE:20 expected=20 ok=1 entity=t relation=alphabet_position reln=2 attitude=ignored ties=1
PROBE id=46 verdict=VALUE:21 expected=21 ok=1 entity=u relation=alphabet_position reln=2 attitude=ignored ties=1
PROBE id=47 verdict=VALUE:22 expected=22 ok=1 entity=v relation=alphabet_position reln=2 attitude=ignored ties=1
PROBE id=48 verdict=UNKNOWN expected=1 ok=0 entity=EMPTY relation=open reln=3 attitude=ignored ties=0
PROBE id=49 verdict=UNKNOWN expected=2 ok=0 entity=EMPTY relation=open reln=2 attitude=ignored ties=0
PROBE id=50 verdict=UNKNOWN expected=3 ok=0 entity=EMPTY relation=open reln=2 attitude=ignored ties=0
PROBE id=51 verdict=UNKNOWN expected=4 ok=0 entity=EMPTY relation=open reln=2 attitude=ignored ties=0
PROBE id=52 verdict=UNKNOWN expected=5 ok=0 entity=EMPTY relation=open reln=2 attitude=ignored ties=0
PROBE id=53 verdict=UNKNOWN expected=6 ok=0 entity=EMPTY relation=open reln=3 attitude=ignored ties=0
PROBE id=54 verdict=UNKNOWN expected=7 ok=0 entity=EMPTY relation=open reln=3 attitude=ignored ties=0
PROBE id=55 verdict=UNKNOWN expected=7 ok=0 entity=EMPTY relation=open reln=3 attitude=ignored ties=0
PROBE id=56 verdict=UNKNOWN expected=9 ok=0 entity=EMPTY relation=open reln=3 attitude=ignored ties=0
PROBE id=57 verdict=UNKNOWN expected=10 ok=0 entity=EMPTY relation=open reln=3 attitude=ignored ties=0
PROBE id=58 verdict=UNKNOWN expected=11 ok=0 entity=EMPTY relation=open reln=3 attitude=ignored ties=0
PROBE id=59 verdict=UNKNOWN expected=12 ok=0 entity=EMPTY relation=open reln=3 attitude=ignored ties=0
PROBE id=60 verdict=UNKNOWN expected=13 ok=0 entity=letters relation=open reln=1 attitude=ignored ties=0
PROBE id=61 verdict=UNKNOWN expected=14 ok=0 entity=letters relation=open reln=1 attitude=ignored ties=0
PROBE id=62 verdict=UNKNOWN expected=15 ok=0 entity=letters relation=open reln=1 attitude=ignored ties=0
PROBE id=63 verdict=UNKNOWN expected=16 ok=0 entity=letters relation=open reln=1 attitude=ignored ties=0
PROBE id=64 verdict=UNKNOWN expected=17 ok=0 entity=letters relation=open reln=1 attitude=ignored ties=0
PROBE id=65 verdict=UNKNOWN expected=18 ok=0 entity=letters relation=open reln=1 attitude=ignored ties=0
PROBE id=66 verdict=UNKNOWN expected=19 ok=0 entity=letters relation=open reln=1 attitude=ignored ties=0
PROBE id=67 verdict=UNKNOWN expected=20 ok=0 entity=letters relation=open reln=1 attitude=ignored ties=0
PROBE id=68 verdict=UNKNOWN expected=21 ok=0 entity=letters relation=open reln=1 attitude=ignored ties=0
PROBE id=69 verdict=UNKNOWN expected=22 ok=0 entity=letters relation=open reln=1 attitude=ignored ties=0
PROBE id=70 verdict=UNKNOWN expected=21 ok=0 entity=letters relation=open reln=1 attitude=ignored ties=0
PROBE id=71 verdict=UNKNOWN expected=21 ok=0 entity=letters relation=open reln=1 attitude=ignored ties=0
PROBE id=72 verdict=VALUE:21 expected=21 ok=1 entity=counterdemonstrations relation=open reln=1 attitude=ignored ties=1
PROBE id=73 verdict=VALUE:21 expected=21 ok=1 entity=electroencephalograms relation=open reln=1 attitude=ignored ties=1
PROBE id=74 verdict=VALUE:20 expected=20 ok=1 entity=internationalization relation=open reln=1 attitude=ignored ties=1
PROBE id=75 verdict=VALUE:25 expected=25 ok=1 entity=antidisestablishmentarian relation=open reln=1 attitude=ignored ties=1
PROBE id=76 verdict=VALUE:28 expected=28 ok=1 entity=antidisestablishmentarianism relation=open reln=1 attitude=ignored ties=1
PROBE id=77 verdict=VALUE:4 expected=4 ok=1 entity=time relation=open reln=1 attitude=ignored ties=1
PROBE id=78 verdict=VALUE:4 expected=4 ok=1 entity=word relation=open reln=1 attitude=ignored ties=1
PROBE id=79 verdict=VALUE:8 expected=8 ok=1 entity=sentence relation=open reln=1 attitude=ignored ties=1
PROBE id=80 verdict=VALUE:8 expected=8 ok=1 entity=knowledge relation=open reln=1 attitude=ignored ties=1
PROBE id=81 verdict=VALUE:8 expected=8 ok=1 entity=question relation=open reln=1 attitude=ignored ties=1
PROBE id=82 verdict=VALUE:6 expected=6 ok=1 entity=answer relation=open reln=1 attitude=ignored ties=1
PROBE id=83 verdict=VALUE:7 expected=7 ok=1 entity=library relation=open reln=1 attitude=ignored ties=1
PROBE id=84 verdict=VALUE:4 expected=4 ok=1 entity=book relation=open reln=1 attitude=ignored ties=2
PROBE id=85 verdict=VALUE:5 expected=5 ok=1 entity=novel relation=open reln=1 attitude=ignored ties=2
PROBE id=86 verdict=VALUE:5 expected=5 ok=1 entity=story relation=open reln=1 attitude=ignored ties=2
PROBE id=87 verdict=VALUE:4 expected=4 ok=1 entity=poem relation=open reln=1 attitude=ignored ties=2
PROBE id=88 verdict=VALUE:5 expected=5 ok=1 entity=rhyme relation=open reln=1 attitude=ignored ties=2
PROBE id=89 verdict=VALUE:7 expected=7 ok=1 entity=grammar relation=open reln=1 attitude=ignored ties=2
PROBE id=90 verdict=VALUE:8 expected=8 ok=1 entity=spelling relation=open reln=1 attitude=ignored ties=2
PROBE id=91 verdict=VALUE:10 expected=10 ok=1 entity=vocabulary relation=open reln=1 attitude=ignored ties=2
PROBE id=92 verdict=VALUE:9 expected=9 ok=1 entity=paragraph relation=open reln=1 attitude=ignored ties=2
PROBE id=93 verdict=VALUE:7 expected=7 ok=1 entity=chapter relation=open reln=1 attitude=ignored ties=2
PROBE id=94 verdict=VALUE:4 expected=4 ok=1 entity=page relation=open reln=1 attitude=ignored ties=2
PROBE id=95 verdict=VALUE:3 expected=3 ok=1 entity=ink relation=open reln=1 attitude=ignored ties=2
PROBE id=96 verdict=VALUE:1603 expected=1603 ok=1 entity=year relation=open reln=2 attitude=ignored ties=1
PROBE id=97 verdict=VALUE:1605 expected=1605 ok=1 entity=year relation=open reln=3 attitude=ignored ties=1
PROBE id=98 verdict=VALUE:1608 expected=1608 ok=1 entity=year relation=open reln=3 attitude=ignored ties=1
PROBE id=99 verdict=VALUE:1611 expected=1611 ok=1 entity=year relation=open reln=4 attitude=ignored ties=1
PROBE id=100 verdict=VALUE:1623 expected=1623 ok=1 entity=year relation=open reln=3 attitude=ignored ties=1
PROBE id=101 verdict=VALUE:1651 expected=1651 ok=1 entity=year relation=open reln=2 attitude=ignored ties=1
PROBE id=102 verdict=VALUE:1667 expected=1667 ok=1 entity=year relation=open reln=3 attitude=ignored ties=1
PROBE id=103 verdict=VALUE:1688 expected=1688 ok=1 entity=year relation=open reln=3 attitude=ignored ties=1
PROBE id=104 verdict=VALUE:1719 expected=1719 ok=1 entity=year relation=open reln=3 attitude=ignored ties=1
PROBE id=105 verdict=VALUE:1726 expected=1726 ok=1 entity=year relation=open reln=3 attitude=ignored ties=1
PROBE id=106 verdict=VALUE:1740 expected=1740 ok=1 entity=year relation=open reln=2 attitude=ignored ties=1
PROBE id=107 verdict=VALUE:1749 expected=1749 ok=1 entity=year relation=open reln=3 attitude=ignored ties=1
PROBE id=108 verdict=VALUE:1759 expected=1759 ok=1 entity=year relation=open reln=2 attitude=ignored ties=1
PROBE id=109 verdict=VALUE:1766 expected=1766 ok=1 entity=year relation=open reln=3 attitude=ignored ties=1
PROBE id=110 verdict=VALUE:1776 expected=1776 ok=1 entity=year relation=open reln=3 attitude=ignored ties=1
PROBE id=111 verdict=VALUE:1813 expected=1813 ok=1 entity=year relation=open reln=3 attitude=ignored ties=1
PROBE id=112 verdict=VALUE:1818 expected=1818 ok=1 entity=year relation=open reln=2 attitude=ignored ties=1
PROBE id=113 verdict=VALUE:1826 expected=1826 ok=1 entity=year relation=open reln=3 attitude=ignored ties=1
PROBE id=114 verdict=VALUE:1847 expected=1847 ok=1 entity=year relation=open reln=3 attitude=ignored ties=1
PROBE id=115 verdict=VALUE:1847 expected=1847 ok=1 entity=year relation=open reln=3 attitude=ignored ties=1
PROBE id=116 verdict=VALUE:1850 expected=1850 ok=1 entity=year relation=open reln=3 attitude=ignored ties=1
PROBE id=117 verdict=VALUE:1851 expected=1851 ok=1 entity=year relation=open reln=3 attitude=ignored ties=1
PROBE id=118 verdict=VALUE:1851 expected=1851 ok=1 entity=year relation=open reln=3 attitude=ignored ties=1
PROBE id=119 verdict=VALUE:1852 expected=1852 ok=1 entity=year relation=open reln=4 attitude=ignored ties=1
PROBE id=120 verdict=VALUE:1854 expected=1854 ok=1 entity=year relation=open reln=2 attitude=ignored ties=1
PROBE id=121 verdict=VALUE:1857 expected=1857 ok=1 entity=year relation=open reln=3 attitude=ignored ties=1
PROBE id=122 verdict=VALUE:1859 expected=1859 ok=1 entity=a relation=open reln=4 attitude=ignored ties=1
PROBE id=123 verdict=VALUE:1861 expected=1861 ok=1 entity=year relation=open reln=3 attitude=ignored ties=1
PROBE id=124 verdict=VALUE:1862 expected=1862 ok=1 entity=year relation=open reln=3 attitude=ignored ties=1
PROBE id=125 verdict=VALUE:1865 expected=1865 ok=1 entity=year relation=open reln=4 attitude=ignored ties=1
PROBE id=126 verdict=VALUE:1866 expected=1866 ok=1 entity=year relation=open reln=3 attitude=ignored ties=1
PROBE id=127 verdict=VALUE:1869 expected=1869 ok=1 entity=year relation=open reln=3 attitude=ignored ties=1
PROBE id=128 verdict=VALUE:1871 expected=1871 ok=1 entity=year relation=open reln=4 attitude=ignored ties=1
PROBE id=129 verdict=VALUE:1878 expected=1878 ok=1 entity=year relation=open reln=3 attitude=ignored ties=1
PROBE id=130 verdict=VALUE:1880 expected=1880 ok=1 entity=year relation=open reln=3 attitude=ignored ties=1
PROBE id=131 verdict=VALUE:1883 expected=1883 ok=1 entity=year relation=open reln=3 attitude=ignored ties=1
PROBE id=132 verdict=VALUE:1884 expected=1884 ok=1 entity=year relation=open reln=4 attitude=ignored ties=1
PROBE id=133 verdict=VALUE:1886 expected=1886 ok=1 entity=year relation=open reln=2 attitude=ignored ties=1
PROBE id=134 verdict=VALUE:1886 expected=1886 ok=1 entity=year relation=open reln=7 attitude=ignored ties=1
PROBE id=135 verdict=VALUE:1887 expected=1887 ok=1 entity=year relation=open reln=4 attitude=ignored ties=1
PROBE id=136 verdict=VALUE:1890 expected=1890 ok=1 entity=year relation=open reln=4 attitude=ignored ties=1
PROBE id=137 verdict=VALUE:1891 expected=1891 ok=1 entity=year relation=open reln=4 attitude=ignored ties=1
PROBE id=138 verdict=VALUE:1892 expected=1892 ok=1 entity=year relation=open reln=4 attitude=ignored ties=1
PROBE id=139 verdict=VALUE:1896 expected=1896 ok=1 entity=year relation=open reln=3 attitude=ignored ties=1
PROBE id=140 verdict=VALUE:1897 expected=1897 ok=1 entity=year relation=open reln=2 attitude=ignored ties=1
PROBE id=141 verdict=VALUE:1898 expected=1898 ok=1 entity=year relation=open reln=3 attitude=ignored ties=1
PROBE id=142 verdict=VALUE:1903 expected=1903 ok=1 entity=year relation=open reln=3 attitude=ignored ties=1
PROBE id=143 verdict=VALUE:1925 expected=1925 ok=1 entity=year relation=open reln=3 attitude=ignored ties=1
PROBE id=144 verdict=VALUE:26 expected=26 ok=1 entity=letters relation=open reln=2 attitude=ignored ties=1
PROBE id=145 verdict=VALUE:5 expected=5 ok=1 entity=vowels relation=open reln=2 attitude=ignored ties=1
PROBE id=146 verdict=VALUE:21 expected=21 ok=1 entity=consonants relation=open reln=2 attitude=ignored ties=1
PROBE id=147 verdict=VALUE:7 expected=7 ok=1 entity=days relation=open reln=2 attitude=ignored ties=1
PROBE id=148 verdict=VALUE:12 expected=12 ok=1 entity=months relation=open reln=2 attitude=ignored ties=1
PROBE id=149 verdict=VALUE:4 expected=4 ok=1 entity=seasons relation=open reln=2 attitude=ignored ties=1
PROBE id=150 verdict=VALUE:52 expected=52 ok=1 entity=weeks relation=open reln=2 attitude=ignored ties=1
PROBE id=151 verdict=VALUE:24 expected=24 ok=1 entity=hours relation=open reln=2 attitude=ignored ties=1
PROBE id=152 verdict=VALUE:60 expected=60 ok=1 entity=minutes relation=open reln=1 attitude=ignored ties=1
PROBE id=153 verdict=VALUE:7 expected=60 ok=0 entity=seconds relation=open reln=2 attitude=ignored ties=2
PROBE id=154 verdict=VALUE:168 expected=168 ok=1 entity=hours relation=open reln=2 attitude=ignored ties=1
PROBE id=155 verdict=VALUE:27 expected=27 ok=1 entity=amendments relation=open reln=2 attitude=ignored ties=1
PROBE id=156 verdict=VALUE:10 expected=10 ok=1 entity=digits relation=open reln=3 attitude=ignored ties=2
PROBE id=157 verdict=VALUE:100 expected=100 ok=1 entity=years relation=open reln=2 attitude=ignored ties=2
PROBE id=158 verdict=VALUE:12 expected=12 ok=1 entity=inches relation=open reln=2 attitude=ignored ties=2
PROBE id=159 verdict=VALUE:3 expected=3 ok=1 entity=feet relation=open reln=2 attitude=ignored ties=2
PROBE id=160 verdict=VALUE:18 expected=18 ok=1 entity=holes relation=open reln=4 attitude=ignored ties=2
PROBE id=161 verdict=VALUE:4 expected=4 ok=1 entity=quarts relation=open reln=2 attitude=ignored ties=2
PROBE id=162 verdict=VALUE:2 expected=2 ok=1 entity=pints relation=open reln=2 attitude=ignored ties=2
PROBE id=163 verdict=VALUE:4 expected=4 ok=1 entity=sides a triangle relation=open reln=0 attitude=ignored ties=2
PROBE id=164 verdict=VALUE:3 expected=3 ok=1 entity=primary colors relation=open reln=0 attitude=ignored ties=1
PROBE id=165 verdict=VALUE:7 expected=7 ok=1 entity=colors rainbow relation=open reln=0 attitude=ignored ties=1
PROBE id=166 verdict=VALUE:88 expected=88 ok=1 entity=keys relation=open reln=3 attitude=ignored ties=2
PROBE id=167 verdict=VALUE:6 expected=6 ok=1 entity=strings relation=open reln=3 attitude=ignored ties=2
PROBE id=168 verdict=VALUE:4 expected=4 ok=1 entity=strings relation=open reln=2 attitude=ignored ties=2
PROBE id=169 verdict=VALUE:8 expected=8 ok=1 entity=planets relation=open reln=2 attitude=ignored ties=2
PROBE id=170 verdict=VALUE:4 expected=4 ok=1 entity=members beatles relation=open reln=0 attitude=ignored ties=2
PROBE id=171 verdict=VALUE:5 expected=5 ok=1 entity=members jackson relation=open reln=0 attitude=ignored ties=2
PROBE id=172 verdict=VALUE:50 expected=50 ok=1 entity=states relation=open reln=1 attitude=ignored ties=2
PROBE id=173 verdict=VALUE:13 expected=13 ok=1 entity=stripes relation=open reln=2 attitude=ignored ties=2
PROBE id=174 verdict=VALUE:50 expected=50 ok=1 entity=stars relation=open reln=2 attitude=ignored ties=2
PROBE id=175 verdict=VALUE:7 expected=7 ok=1 entity=continents relation=open reln=1 attitude=ignored ties=2
PROBE id=176 verdict=VALUE:5 expected=5 ok=1 entity=oceans relation=open reln=1 attitude=ignored ties=2
PROBE id=177 verdict=VALUE:15 expected=15 ok=1 entity=players relation=open reln=4 attitude=ignored ties=2
PROBE id=178 verdict=VALUE:10 expected=10 ok=1 entity=players a baseball team relation=open reln=1 attitude=ignored ties=2
PROBE id=179 verdict=VALUE:5 expected=5 ok=1 entity=players a basketball team relation=open reln=1 attitude=ignored ties=2
PROBE id=180 verdict=VALUE:11 expected=11 ok=1 entity=players relation=open reln=4 attitude=ignored ties=2
PROBE id=181 verdict=VALUE:11 expected=11 ok=1 entity=players relation=open reln=4 attitude=ignored ties=2
PROBE id=182 verdict=VALUE:4 expected=4 ok=1 entity=suits relation=open reln=4 attitude=ignored ties=2
PROBE id=183 verdict=VALUE:13 expected=13 ok=1 entity=cards relation=open reln=2 attitude=ignored ties=2
PROBE id=184 verdict=VALUE:52 expected=52 ok=1 entity=cards relation=open reln=3 attitude=ignored ties=2
PROBE id=185 verdict=VALUE:64 expected=64 ok=1 entity=squares relation=open reln=2 attitude=ignored ties=2
PROBE id=186 verdict=VALUE:16 expected=16 ok=1 entity=chess pieces each side relation=open reln=0 attitude=ignored ties=2
PROBE id=187 verdict=VALUE:8 expected=8 ok=1 entity=pawns each side relation=open reln=1 attitude=ignored ties=2
PROBE id=188 verdict=VALUE:6 expected=6 ok=1 entity=faces a standard die relation=open reln=0 attitude=ignored ties=2
PROBE id=189 verdict=VALUE:21 expected=21 ok=1 entity=dots pips relation=open reln=3 attitude=ignored ties=2
PROBE id=190 verdict=VALUE:12 expected=12 ok=1 entity=pairs ribs relation=open reln=2 attitude=ignored ties=2
PROBE id=191 verdict=VALUE:32 expected=32 ok=1 entity=teeth relation=open reln=4 attitude=ignored ties=2
PROBE id=192 verdict=VALUE:2 expected=2 ok=1 entity=lungs relation=open reln=2 attitude=ignored ties=1
PROBE id=193 verdict=VALUE:2 expected=2 ok=1 entity=kidneys relation=open reln=2 attitude=ignored ties=1
PROBE id=194 verdict=VALUE:4 expected=4 ok=1 entity=chambers human heart relation=open reln=0 attitude=ignored ties=1
PROBE id=195 verdict=VALUE:12 expected=12 ok=1 entity=labors hercules relation=open reln=0 attitude=ignored ties=1
PROBE id=196 verdict=VALUE:12 expected=12 ok=1 entity=olympian gods relation=open reln=0 attitude=ignored ties=1
PROBE id=197 verdict=VALUE:7 expected=7 ok=1 entity=wonders ancient world relation=open reln=0 attitude=ignored ties=1
PROBE id=198 verdict=VALUE:9 expected=9 ok=1 entity=muses relation=open reln=2 attitude=ignored ties=1
PROBE id=199 verdict=VALUE:3 expected=3 ok=1 entity=fates relation=open reln=2 attitude=ignored ties=1
PROBE id=200 verdict=VALUE:12 expected=12 ok=1 entity=apostles jesus relation=open reln=0 attitude=ignored ties=1
PROBE id=201 verdict=VALUE:10 expected=10 ok=1 entity=commandments relation=open reln=0 attitude=ignored ties=1
PROBE id=202 verdict=VALUE:7 expected=7 ok=1 entity=deadly sins relation=open reln=0 attitude=ignored ties=1
PROBE id=203 verdict=VALUE:66 expected=66 ok=1 entity=books relation=open reln=2 attitude=ignored ties=1
PROBE id=204 verdict=VALUE:4 expected=4 ok=1 entity=gospels relation=open reln=2 attitude=ignored ties=2
PROBE id=205 verdict=VALUE:38 expected=38 ok=1 entity=plays relation=open reln=2 attitude=ignored ties=1
PROBE id=206 verdict=VALUE:12 expected=12 ok=1 entity=short stories relation=open reln=3 attitude=ignored ties=1
PROBE id=207 verdict=VALUE:4 expected=4 ok=1 entity=sherlock holmes novels relation=open reln=0 attitude=ignored ties=1
PROBE id=208 verdict=VALUE:56 expected=56 ok=1 entity=sherlock holmes short stories relation=open reln=1 attitude=ignored ties=2
PROBE id=209 verdict=VALUE:3 expected=3 ok=1 entity=volumes relation=open reln=2 attitude=ignored ties=1
PROBE id=210 verdict=VALUE:7 expected=7 ok=1 entity=harry potter books relation=open reln=0 attitude=ignored ties=1
PROBE id=211 verdict=VALUE:7 expected=7 ok=1 entity=chronicles narnia books relation=open reln=0 attitude=ignored ties=1
PROBE id=212 verdict=VALUE:5 expected=5 ok=1 entity=books relation=open reln=4 attitude=ignored ties=2
PROBE id=213 verdict=VALUE:4 expected=4 ok=1 entity=teenage mutant ninja turtles relation=open reln=0 attitude=ignored ties=1
PROBE id=214 verdict=VALUE:7 expected=7 ok=1 entity=dwarfs relation=open reln=2 attitude=ignored ties=1
PROBE id=215 verdict=VALUE:101 expected=101 ok=1 entity=dalmatians relation=open reln=2 attitude=ignored ties=2
PROBE id=216 verdict=VALUE:12 expected=12 ok=1 entity=days christmas relation=open reln=1 attitude=ignored ties=1
PROBE id=217 verdict=VALUE:9 expected=8 ok=0 entity=reindeer pull santa sleigh relation=open reln=3 attitude=ignored ties=1
PROBE id=218 verdict=VALUE:9 expected=9 ok=1 entity=reindeer pull santa sleigh relation=open reln=2 attitude=ignored ties=1
PROBE id=219 verdict=VALUE:40 expected=40 ok=1 entity=EMPTY relation=open reln=3 attitude=ignored ties=1
PROBE id=220 verdict=VALUE:12 expected=12 ok=1 entity=eggs relation=open reln=2 attitude=ignored ties=2
PROBE id=221 verdict=VALUE:12 expected=12 ok=1 entity=dozens relation=open reln=2 attitude=ignored ties=2
PROBE id=222 verdict=VALUE:144 expected=144 ok=1 entity=items relation=open reln=2 attitude=ignored ties=2
PROBE id=223 verdict=VALUE:20 expected=20 ok=1 entity=items relation=open reln=2 attitude=ignored ties=2
PROBE id=224 verdict=VALUE:30 expected=30 ok=1 entity=teams relation=open reln=3 attitude=ignored ties=1
PROBE id=225 verdict=VALUE:9 expected=9 ok=1 entity=justices relation=open reln=3 attitude=ignored ties=2
PROBE id=226 verdict=VALUE:100 expected=100 ok=1 entity=centimeters relation=open reln=2 attitude=ignored ties=2
PROBE id=227 verdict=VALUE:100 expected=100 ok=1 entity=us senators relation=open reln=0 attitude=ignored ties=2
PROBE id=228 verdict=VALUE:16 expected=16 ok=1 entity=ounces relation=open reln=2 attitude=ignored ties=2
PROBE id=229 verdict=VALUE:118 expected=118 ok=1 entity=elements relation=open reln=2 attitude=ignored ties=2
PROBE id=230 verdict=VALUE:4 expected=4 ok=1 entity=galilean moons jupiter relation=open reln=0 attitude=ignored ties=2
PROBE id=231 verdict=VALUE:7 expected=7 ok=1 entity=legs a spider relation=open reln=0 attitude=ignored ties=2
PROBE id=232 verdict=VALUE:12 expected=12 ok=1 entity=hours relation=open reln=3 attitude=ignored ties=2
PROBE id=233 verdict=VALUE:30 expected=30 ok=1 entity=days relation=open reln=1 attitude=ignored ties=2
PROBE id=234 verdict=VALUE:31 expected=31 ok=1 entity=days relation=open reln=1 attitude=ignored ties=2
PROBE id=235 verdict=VALUE:28 expected=28 ok=1 entity=days relation=open reln=4 attitude=ignored ties=2
PROBE id=236 verdict=VALUE:29 expected=29 ok=1 entity=days relation=open reln=4 attitude=ignored ties=2
PROBE id=237 verdict=VALUE:10 expected=10 ok=1 entity=provinces canada relation=open reln=0 attitude=ignored ties=2
PROBE id=238 verdict=VALUE:27 expected=27 ok=1 entity=books relation=open reln=2 attitude=ignored ties=2
PROBE id=239 verdict=VALUE:39 expected=39 ok=1 entity=books relation=open reln=4 attitude=ignored ties=2
SUMMARY ninstall=495 ncorroborate=219 ncontradict=1 nquarantine=0 ndenial=3 nderived=0 nfail=0 nprobe=240 full=212/240 clean=200/204
DIGEST 4ad7bc50643630e30c1d737fcaf9d6ea34d71bdca239cd0d8b5afe033c3a49d3
DIGEST2 4ad7bc50643630e30c1d737fcaf9d6ea34d71bdca239cd0d8b5afe033c3a49d3
LEDGER 7b026060908dd4f6a3e4ddb149b96a58021fa5fdd7b7692b7a102c88288d7878
VERIFY chain=1 dmatch=1
RESULT PASS
