../R2-7/fixtures_R2A/r2n/r2n_shapetrans_0.r2fx	shapetrans	CIRCLE	CIRCLE	1
../R2-7/fixtures_R2A/r2n/r2n_shapetrans_1.r2fx	shapetrans	TRIANGLE	TRIANGLE	1
../R2-7/fixtures_R2A/r2n/r2n_shapetrans_10.r2fx	shapetrans	TRIANGLE	TRIANGLE	1
../R2-7/fixtures_R2A/r2n/r2n_shapetrans_100.r2fx	shapetrans	TRIANGLE	TRIANGLE	1
../R2-7/fixtures_R2A/r2n/r2n_shapetrans_1000.r2fx	shapetrans	TRIANGLE	TRIANGLE	1
../R2-7/fixtures_R2A/r2n/r2n_shapetrans_1001.r2fx	shapetrans	SQUARE	SQUARE	1
../R2-7/fixtures_R2A/r2n/r2n_shapetrans_1002.r2fx	shapetrans	CIRCLE	CIRCLE	1
../R2-7/fixtures_R2A/r2n/r2n_shapetrans_1003.r2fx	shapetrans	TRIANGLE	TRIANGLE	1
../R2-7/fixtures_R2A/r2n/r2n_shapetrans_1004.r2fx	shapetrans	SQUARE	SQUARE	1
../R2-7/fixtures_R2A/r2n/r2n_shapetrans_1005.r2fx	shapetrans	CIRCLE	CIRCLE	1
../R2-7/fixtures_R2A/r2n/r2n_shapetrans_1006.r2fx	shapetrans	TRIANGLE	TRIANGLE	1
../R2-7/fixtures_R2A/r2n/r2n_shapetrans_1007.r2fx	shapetrans	TRIANGLE	SQUARE	0
../R2-7/fixtures_R2A/r2n/r2n_shapetrans_1008.r2fx	shapetrans	CIRCLE	CIRCLE	1
../R2-7/fixtures_R2A/r2n/r2n_shapetrans_1009.r2fx	shapetrans	TRIANGLE	TRIANGLE	1
../R2-7/fixtures_R2A/r2n/r2n_shapetrans_101.r2fx	shapetrans	SQUARE	SQUARE	1
../R2-7/fixtures_R2A/r2n/r2n_shapetrans_1010.r2fx	shapetrans	TRIANGLE	SQUARE	0
../R2-7/fixtures_R2A/r2n/r2n_shapetrans_1011.r2fx	shapetrans	CIRCLE	CIRCLE	1
../R2-7/fixtures_R2A/r2n/r2n_shapetrans_1012.r2fx	shapetrans	TRIANGLE	TRIANGLE	1
../R2-7/fixtures_R2A/r2n/r2n_shapetrans_1013.r2fx	shapetrans	TRIANGLE	SQUARE	0
../R2-7/fixtures_R2A/r2n/r2n_shapetrans_1014.r2fx	shapetrans	CIRCLE	CIRCLE	1
../R2-7/fixtures_R2A/r2n/r2n_shapetrans_1015.r2fx	shapetrans	TRIANGLE	TRIANGLE	1
../R2-7/fixtures_R2A/r2n/r2n_shapetrans_1016.r2fx	shapetrans	CIRCLE	SQUARE	0
../R2-7/fixtures_R2A/r2n/r2n_shapetrans_1017.r2fx	shapetrans	CIRCLE	CIRCLE	1
../R2-7/fixtures_R2A/r2n/r2n_shapetrans_1018.r2fx	shapetrans	TRIANGLE	TRIANGLE	1
../R2-7/fixtures_R2A/r2n/r2n_shapetrans_1019.r2fx	shapetrans	TRIANGLE	SQUARE	0
../R2-7/fixtures_R2A/r2n/r2n_shapetrans_102.r2fx	shapetrans	CIRCLE	CIRCLE	1
../R2-7/fixtures_R2A/r2n/r2n_shapetrans_1020.r2fx	shapetrans	CIRCLE	CIRCLE	1
../R2-7/fixtures_R2A/r2n/r2n_shapetrans_1021.r2fx	shapetrans	TRIANGLE	TRIANGLE	1
../R2-7/fixtures_R2A/r2n/r2n_shapetrans_1022.r2fx	shapetrans	CIRCLE	SQUARE	0
../R2-7/fixtures_R2A/r2n/r2n_shapetrans_1023.r2fx	shapetrans	CIRCLE	CIRCLE	1
../R2-7/fixtures_R2A/r2n/r2n_shapetrans_1024.r2fx	shapetrans	TRIANGLE	TRIANGLE	1
../R2-7/fixtures_R2A/r2n/r2n_shapetrans_1025.r2fx	shapetrans	TRIANGLE	SQUARE	0
../R2-7/fixtures_R2A/r2n/r2n_shapetrans_1026.r2fx	shapetrans	CIRCLE	CIRCLE	1
../R2-7/fixtures_R2A/r2n/r2n_shapetrans_1027.r2fx	shapetrans	TRIANGLE	TRIANGLE	1
../R2-7/fixtures_R2A/r2n/r2n_shapetrans_1028.r2fx	shapetrans	SQUARE	SQUARE	1
../R2-7/fixtures_R2A/r2n/r2n_shapetrans_1029.r2fx	shapetrans	CIRCLE	CIRCLE	1
../R2-7/fixtures_R2A/r2n/r2n_shapetrans_103.r2fx	shapetrans	TRIANGLE	TRIANGLE	1
../R2-7/fixtures_R2A/r2n/r2n_shapetrans_1030.r2fx	shapetrans	TRIANGLE	TRIANGLE	1
../R2-7/fixtures_R2A/r2n/r2n_shapetrans_1031.r2fx	shapetrans	SQUARE	SQUARE	1
../R2-7/fixtures_R2A/r2n/r2n_shapetrans_1032.r2fx	shapetrans	CIRCLE	CIRCLE	1
../R2-7/fixtures_R2A/r2n/r2n_shapetrans_1033.r2fx	shapetrans	TRIANGLE	TRIANGLE	1
../R2-7/fixtures_R2A/r2n/r2n_shapetrans_1034.r2fx	shapetrans	SQUARE	SQUARE	1
../R2-7/fixtures_R2A/r2n/r2n_shapetrans_1035.r2fx	shapetrans	CIRCLE	CIRCLE	1
../R2-7/fixtures_R2A/r2n/r2n_shapetrans_1036.r2fx	shapetrans	TRIANGLE	TRIANGLE	1
../R2-7/fixtures_R2A/r2n/r2n_shapetrans_1037.r2fx	shapetrans	TRIANGLE	SQUARE	0
../R2-7/fixtures_R2A/r2n/r2n_shapetrans_1038.r2fx	shapetrans	CIRCLE	CIRCLE	1
../R2-7/fixtures_R2A/r2n/r2n_shapetrans_1039.r2fx	shapetrans	TRIANGLE	TRIANGLE	1
../R2-7/fixtures_R2A/r2n/r2n_shapetrans_104.r2fx	shapetrans	TRIANGLE	SQUARE	0
../R2-7/fixtures_R2A/r2n/r2n_shapetrans_1040.r2fx	shapetrans	CIRCLE	SQUARE	0
../R2-7/fixtures_R2A/r2n/r2n_shapetrans_1041.r2fx	shapetrans	CIRCLE	CIRCLE	1
../R2-7/fixtures_R2A/r2n/r2n_shapetrans_1042.r2fx	shapetrans	TRIANGLE	TRIANGLE	1
../R2-7/fixtures_R2A/r2n/r2n_shapetrans_1043.r2fx	shapetrans	CIRCLE	SQUARE	0
../R2-7/fixtures_R2A/r2n/r2n_shapetrans_1044.r2fx	shapetrans	CIRCLE	CIRCLE	1
../R2-7/fixtures_R2A/r2n/r2n_shapetrans_1045.r2fx	shapetrans	TRIANGLE	TRIANGLE	1
../R2-7/fixtures_R2A/r2n/r2n_shapetrans_1046.r2fx	shapetrans	CIRCLE	SQUARE	0
../R2-7/fixtures_R2A/r2n/r2n_shapetrans_1047.r2fx	shapetrans	CIRCLE	CIRCLE	1
../R2-7/fixtures_R2A/r2n/r2n_shapetrans_1048.r2fx	shapetrans	TRIANGLE	TRIANGLE	1
../R2-7/fixtures_R2A/r2n/r2n_shapetrans_1049.r2fx	shapetrans	SQUARE	SQUARE	1
../R2-7/fixtures_R2A/r2n/r2n_shapetrans_105.r2fx	shapetrans	CIRCLE	CIRCLE	1
../R2-7/fixtures_R2A/r2n/r2n_shapetrans_1050.r2fx	shapetrans	CIRCLE	CIRCLE	1
../R2-7/fixtures_R2A/r2n/r2n_shapetrans_1051.r2fx	shapetrans	TRIANGLE	TRIANGLE	1
../R2-7/fixtures_R2A/r2n/r2n_shapetrans_1052.r2fx	shapetrans	SQUARE	SQUARE	1
../R2-7/fixtures_R2A/r2n/r2n_shapetrans_1053.r2fx	shapetrans	CIRCLE	CIRCLE	1
../R2-7/fixtures_R2A/r2n/r2n_shapetrans_1054.r2fx	shapetrans	TRIANGLE	TRIANGLE	1
../R2-7/fixtures_R2A/r2n/r2n_shapetrans_1055.r2fx	shapetrans	SQUARE	SQUARE	1
../R2-7/fixtures_R2A/r2n/r2n_shapetrans_1056.r2fx	shapetrans	CIRCLE	CIRCLE	1
../R2-7/fixtures_R2A/r2n/r2n_shapetrans_1057.r2fx	shapetrans	TRIANGLE	TRIANGLE	1
../R2-7/fixtures_R2A/r2n/r2n_shapetrans_1058.r2fx	shapetrans	TRIANGLE	SQUARE	0
../R2-7/fixtures_R2A/r2n/r2n_shapetrans_1059.r2fx	shapetrans	CIRCLE	CIRCLE	1
../R2-7/fixtures_R2A/r2n/r2n_shapetrans_106.r2fx	shapetrans	TRIANGLE	TRIANGLE	1
../R2-7/fixtures_R2A/r2n/r2n_shapetrans_1060.r2fx	shapetrans	TRIANGLE	TRIANGLE	1
../R2-7/fixtures_R2A/r2n/r2n_shapetrans_1061.r2fx	shapetrans	SQUARE	SQUARE	1
../R2-7/fixtures_R2A/r2n/r2n_shapetrans_1062.r2fx	shapetrans	CIRCLE	CIRCLE	1
../R2-7/fixtures_R2A/r2n/r2n_shapetrans_1063.r2fx	shapetrans	TRIANGLE	TRIANGLE	1
../R2-7/fixtures_R2A/r2n/r2n_shapetrans_1064.r2fx	shapetrans	SQUARE	SQUARE	1
../R2-7/fixtures_R2A/r2n/r2n_shapetrans_1065.r2fx	shapetrans	CIRCLE	CIRCLE	1
../R2-7/fixtures_R2A/r2n/r2n_shapetrans_1066.r2fx	shapetrans	TRIANGLE	TRIANGLE	1
../R2-7/fixtures_R2A/r2n/r2n_shapetrans_1067.r2fx	shapetrans	TRIANGLE	SQUARE	0
../R2-7/fixtures_R2A/r2n/r2n_shapetrans_1068.r2fx	shapetrans	CIRCLE	CIRCLE	1
../R2-7/fixtures_R2A/r2n/r2n_shapetrans_1069.r2fx	shapetrans	TRIANGLE	TRIANGLE	1
../R2-7/fixtures_R2A/r2n/r2n_shapetrans_107.r2fx	shapetrans	SQUARE	SQUARE	1
../R2-7/fixtures_R2A/r2n/r2n_shapetrans_1070.r2fx	shapetrans	CIRCLE	SQUARE	0
../R2-7/fixtures_R2A/r2n/r2n_shapetrans_1071.r2fx	shapetrans	CIRCLE	CIRCLE	1
../R2-7/fixtures_R2A/r2n/r2n_shapetrans_1072.r2fx	shapetrans	TRIANGLE	TRIANGLE	1
../R2-7/fixtures_R2A/r2n/r2n_shapetrans_1073.r2fx	shapetrans	CIRCLE	SQUARE	0
../R2-7/fixtures_R2A/r2n/r2n_shapetrans_1074.r2fx	shapetrans	CIRCLE	CIRCLE	1
../R2-7/fixtures_R2A/r2n/r2n_shapetrans_1075.r2fx	shapetrans	TRIANGLE	TRIANGLE	1
../R2-7/fixtures_R2A/r2n/r2n_shapetrans_1076.r2fx	shapetrans	TRIANGLE	SQUARE	0
../R2-7/fixtures_R2A/r2n/r2n_shapetrans_1077.r2fx	shapetrans	CIRCLE	CIRCLE	1
../R2-7/fixtures_R2A/r2n/r2n_shapetrans_1078.r2fx	shapetrans	TRIANGLE	TRIANGLE	1
../R2-7/fixtures_R2A/r2n/r2n_shapetrans_1079.r2fx	shapetrans	SQUARE	SQUARE	1
../R2-7/fixtures_R2A/r2n/r2n_shapetrans_108.r2fx	shapetrans	CIRCLE	CIRCLE	1
../R2-7/fixtures_R2A/r2n/r2n_shapetrans_1080.r2fx	shapetrans	CIRCLE	CIRCLE	1
../R2-7/fixtures_R2A/r2n/r2n_shapetrans_1081.r2fx	shapetrans	TRIANGLE	TRIANGLE	1
../R2-7/fixtures_R2A/r2n/r2n_shapetrans_1082.r2fx	shapetrans	TRIANGLE	SQUARE	0
../R2-7/fixtures_R2A/r2n/r2n_shapetrans_1083.r2fx	shapetrans	CIRCLE	CIRCLE	1
../R2-7/fixtures_R2A/r2n/r2n_shapetrans_1084.r2fx	shapetrans	TRIANGLE	TRIANGLE	1
../R2-7/fixtures_R2A/r2n/r2n_shapetrans_1085.r2fx	shapetrans	TRIANGLE	SQUARE	0
../R2-7/fixtures_R2A/r2n/r2n_shapetrans_1086.r2fx	shapetrans	CIRCLE	CIRCLE	1
../R2-7/fixtures_R2A/r2n/r2n_shapetrans_1087.r2fx	shapetrans	TRIANGLE	TRIANGLE	1
../R2-7/fixtures_R2A/r2n/r2n_shapetrans_1088.r2fx	shapetrans	SQUARE	SQUARE	1
../R2-7/fixtures_R2A/r2n/r2n_shapetrans_1089.r2fx	shapetrans	CIRCLE	CIRCLE	1
../R2-7/fixtures_R2A/r2n/r2n_shapetrans_109.r2fx	shapetrans	TRIANGLE	TRIANGLE	1
../R2-7/fixtures_R2A/r2n/r2n_shapetrans_1090.r2fx	shapetrans	TRIANGLE	TRIANGLE	1
../R2-7/fixtures_R2A/r2n/r2n_shapetrans_1091.r2fx	shapetrans	TRIANGLE	SQUARE	0
../R2-7/fixtures_R2A/r2n/r2n_shapetrans_1092.r2fx	shapetrans	CIRCLE	CIRCLE	1
../R2-7/fixtures_R2A/r2n/r2n_shapetrans_1093.r2fx	shapetrans	TRIANGLE	TRIANGLE	1
../R2-7/fixtures_R2A/r2n/r2n_shapetrans_1094.r2fx	shapetrans	SQUARE	SQUARE	1
../R2-7/fixtures_R2A/r2n/r2n_shapetrans_1095.r2fx	shapetrans	CIRCLE	CIRCLE	1
../R2-7/fixtures_R2A/r2n/r2n_shapetrans_1096.r2fx	shapetrans	TRIANGLE	TRIANGLE	1
../R2-7/fixtures_R2A/r2n/r2n_shapetrans_1097.r2fx	shapetrans	CIRCLE	SQUARE	0
../R2-7/fixtures_R2A/r2n/r2n_shapetrans_1098.r2fx	shapetrans	CIRCLE	CIRCLE	1
../R2-7/fixtures_R2A/r2n/r2n_shapetrans_1099.r2fx	shapetrans	TRIANGLE	TRIANGLE	1
../R2-7/fixtures_R2A/r2n/r2n_shapetrans_11.r2fx	shapetrans	CIRCLE	SQUARE	0
../R2-7/fixtures_R2A/r2n/r2n_shapetrans_110.r2fx	shapetrans	SQUARE	SQUARE	1
../R2-7/fixtures_R2A/r2n/r2n_shapetrans_1100.r2fx	shapetrans	SQUARE	SQUARE	1
../R2-7/fixtures_R2A/r2n/r2n_shapetrans_1101.r2fx	shapetrans	CIRCLE	CIRCLE	1
../R2-7/fixtures_R2A/r2n/r2n_shapetrans_1102.r2fx	shapetrans	TRIANGLE	TRIANGLE	1
../R2-7/fixtures_R2A/r2n/r2n_shapetrans_1103.r2fx	shapetrans	SQUARE	SQUARE	1
../R2-7/fixtures_R2A/r2n/r2n_shapetrans_1104.r2fx	shapetrans	CIRCLE	CIRCLE	1
../R2-7/fixtures_R2A/r2n/r2n_shapetrans_1105.r2fx	shapetrans	TRIANGLE	TRIANGLE	1
../R2-7/fixtures_R2A/r2n/r2n_shapetrans_1106.r2fx	shapetrans	SQUARE	SQUARE	1
../R2-7/fixtures_R2A/r2n/r2n_shapetrans_1107.r2fx	shapetrans	CIRCLE	CIRCLE	1
../R2-7/fixtures_R2A/r2n/r2n_shapetrans_1108.r2fx	shapetrans	TRIANGLE	TRIANGLE	1
../R2-7/fixtures_R2A/r2n/r2n_shapetrans_1109.r2fx	shapetrans	SQUARE	SQUARE	1
../R2-7/fixtures_R2A/r2n/r2n_shapetrans_111.r2fx	shapetrans	CIRCLE	CIRCLE	1
../R2-7/fixtures_R2A/r2n/r2n_shapetrans_1110.r2fx	shapetrans	CIRCLE	CIRCLE	1
../R2-7/fixtures_R2A/r2n/r2n_shapetrans_1111.r2fx	shapetrans	TRIANGLE	TRIANGLE	1
../R2-7/fixtures_R2A/r2n/r2n_shapetrans_1112.r2fx	shapetrans	CIRCLE	SQUARE	0
../R2-7/fixtures_R2A/r2n/r2n_shapetrans_1113.r2fx	shapetrans	CIRCLE	CIRCLE	1
../R2-7/fixtures_R2A/r2n/r2n_shapetrans_1114.r2fx	shapetrans	TRIANGLE	TRIANGLE	1
../R2-7/fixtures_R2A/r2n/r2n_shapetrans_1115.r2fx	shapetrans	SQUARE	SQUARE	1
../R2-7/fixtures_R2A/r2n/r2n_shapetrans_1116.r2fx	shapetrans	CIRCLE	CIRCLE	1
../R2-7/fixtures_R2A/r2n/r2n_shapetrans_1117.r2fx	shapetrans	TRIANGLE	TRIANGLE	1
../R2-7/fixtures_R2A/r2n/r2n_shapetrans_1118.r2fx	shapetrans	TRIANGLE	SQUARE	0
../R2-7/fixtures_R2A/r2n/r2n_shapetrans_1119.r2fx	shapetrans	CIRCLE	CIRCLE	1
../R2-7/fixtures_R2A/r2n/r2n_shapetrans_112.r2fx	shapetrans	TRIANGLE	TRIANGLE	1
../R2-7/fixtures_R2A/r2n/r2n_shapetrans_1120.r2fx	shapetrans	TRIANGLE	TRIANGLE	1
../R2-7/fixtures_R2A/r2n/r2n_shapetrans_1121.r2fx	shapetrans	SQUARE	SQUARE	1
../R2-7/fixtures_R2A/r2n/r2n_shapetrans_1122.r2fx	shapetrans	CIRCLE	CIRCLE	1
../R2-7/fixtures_R2A/r2n/r2n_shapetrans_1123.r2fx	shapetrans	TRIANGLE	TRIANGLE	1
../R2-7/fixtures_R2A/r2n/r2n_shapetrans_1124.r2fx	shapetrans	SQUARE	SQUARE	1
../R2-7/fixtures_R2A/r2n/r2n_shapetrans_1125.r2fx	shapetrans	CIRCLE	CIRCLE	1
../R2-7/fixtures_R2A/r2n/r2n_shapetrans_1126.r2fx	shapetrans	TRIANGLE	TRIANGLE	1
../R2-7/fixtures_R2A/r2n/r2n_shapetrans_1127.r2fx	shapetrans	TRIANGLE	SQUARE	0
../R2-7/fixtures_R2A/r2n/r2n_shapetrans_1128.r2fx	shapetrans	CIRCLE	CIRCLE	1
../R2-7/fixtures_R2A/r2n/r2n_shapetrans_1129.r2fx	shapetrans	TRIANGLE	TRIANGLE	1
../R2-7/fixtures_R2A/r2n/r2n_shapetrans_113.r2fx	shapetrans	TRIANGLE	SQUARE	0
../R2-7/fixtures_R2A/r2n/r2n_shapetrans_1130.r2fx	shapetrans	TRIANGLE	SQUARE	0
../R2-7/fixtures_R2A/r2n/r2n_shapetrans_1131.r2fx	shapetrans	CIRCLE	CIRCLE	1
../R2-7/fixtures_R2A/r2n/r2n_shapetrans_1132.r2fx	shapetrans	TRIANGLE	TRIANGLE	1
../R2-7/fixtures_R2A/r2n/r2n_shapetrans_1133.r2fx	shapetrans	SQUARE	SQUARE	1
../R2-7/fixtures_R2A/r2n/r2n_shapetrans_1134.r2fx	shapetrans	CIRCLE	CIRCLE	1
../R2-7/fixtures_R2A/r2n/r2n_shapetrans_1135.r2fx	shapetrans	TRIANGLE	TRIANGLE	1
../R2-7/fixtures_R2A/r2n/r2n_shapetrans_1136.r2fx	shapetrans	SQUARE	SQUARE	1
../R2-7/fixtures_R2A/r2n/r2n_shapetrans_1137.r2fx	shapetrans	CIRCLE	CIRCLE	1
../R2-7/fixtures_R2A/r2n/r2n_shapetrans_1138.r2fx	shapetrans	TRIANGLE	TRIANGLE	1
../R2-7/fixtures_R2A/r2n/r2n_shapetrans_1139.r2fx	shapetrans	SQUARE	SQUARE	1
../R2-7/fixtures_R2A/r2n/r2n_shapetrans_114.r2fx	shapetrans	CIRCLE	CIRCLE	1
../R2-7/fixtures_R2A/r2n/r2n_shapetrans_1140.r2fx	shapetrans	CIRCLE	CIRCLE	1
../R2-7/fixtures_R2A/r2n/r2n_shapetrans_1141.r2fx	shapetrans	TRIANGLE	TRIANGLE	1
../R2-7/fixtures_R2A/r2n/r2n_shapetrans_1142.r2fx	shapetrans	SQUARE	SQUARE	1
../R2-7/fixtures_R2A/r2n/r2n_shapetrans_1143.r2fx	shapetrans	CIRCLE	CIRCLE	1
../R2-7/fixtures_R2A/r2n/r2n_shapetrans_1144.r2fx	shapetrans	TRIANGLE	TRIANGLE	1
../R2-7/fixtures_R2A/r2n/r2n_shapetrans_1145.r2fx	shapetrans	TRIANGLE	SQUARE	0
../R2-7/fixtures_R2A/r2n/r2n_shapetrans_1146.r2fx	shapetrans	CIRCLE	CIRCLE	1
../R2-7/fixtures_R2A/r2n/r2n_shapetrans_1147.r2fx	shapetrans	TRIANGLE	TRIANGLE	1
../R2-7/fixtures_R2A/r2n/r2n_shapetrans_1148.r2fx	shapetrans	SQUARE	SQUARE	1
../R2-7/fixtures_R2A/r2n/r2n_shapetrans_1149.r2fx	shapetrans	CIRCLE	CIRCLE	1
../R2-7/fixtures_R2A/r2n/r2n_shapetrans_115.r2fx	shapetrans	TRIANGLE	TRIANGLE	1
../R2-7/fixtures_R2A/r2n/r2n_shapetrans_1150.r2fx	shapetrans	TRIANGLE	TRIANGLE	1
../R2-7/fixtures_R2A/r2n/r2n_shapetrans_1151.r2fx	shapetrans	CIRCLE	SQUARE	0
../R2-7/fixtures_R2A/r2n/r2n_shapetrans_1152.r2fx	shapetrans	CIRCLE	CIRCLE	1
../R2-7/fixtures_R2A/r2n/r2n_shapetrans_1153.r2fx	shapetrans	TRIANGLE	TRIANGLE	1
../R2-7/fixtures_R2A/r2n/r2n_shapetrans_1154.r2fx	shapetrans	SQUARE	SQUARE	1
../R2-7/fixtures_R2A/r2n/r2n_shapetrans_1155.r2fx	shapetrans	CIRCLE	CIRCLE	1
../R2-7/fixtures_R2A/r2n/r2n_shapetrans_1156.r2fx	shapetrans	TRIANGLE	TRIANGLE	1
../R2-7/fixtures_R2A/r2n/r2n_shapetrans_1157.r2fx	shapetrans	TRIANGLE	SQUARE	0
../R2-7/fixtures_R2A/r2n/r2n_shapetrans_1158.r2fx	shapetrans	CIRCLE	CIRCLE	1
../R2-7/fixtures_R2A/r2n/r2n_shapetrans_1159.r2fx	shapetrans	TRIANGLE	TRIANGLE	1
../R2-7/fixtures_R2A/r2n/r2n_shapetrans_116.r2fx	shapetrans	SQUARE	SQUARE	1
../R2-7/fixtures_R2A/r2n/r2n_shapetrans_1160.r2fx	shapetrans	CIRCLE	SQUARE	0
../R2-7/fixtures_R2A/r2n/r2n_shapetrans_1161.r2fx	shapetrans	CIRCLE	CIRCLE	1
../R2-7/fixtures_R2A/r2n/r2n_shapetrans_1162.r2fx	shapetrans	TRIANGLE	TRIANGLE	1
../R2-7/fixtures_R2A/r2n/r2n_shapetrans_1163.r2fx	shapetrans	SQUARE	SQUARE	1
../R2-7/fixtures_R2A/r2n/r2n_shapetrans_1164.r2fx	shapetrans	CIRCLE	CIRCLE	1
../R2-7/fixtures_R2A/r2n/r2n_shapetrans_1165.r2fx	shapetrans	TRIANGLE	TRIANGLE	1
../R2-7/fixtures_R2A/r2n/r2n_shapetrans_1166.r2fx	shapetrans	TRIANGLE	SQUARE	0
../R2-7/fixtures_R2A/r2n/r2n_shapetrans_1167.r2fx	shapetrans	CIRCLE	CIRCLE	1
../R2-7/fixtures_R2A/r2n/r2n_shapetrans_1168.r2fx	shapetrans	TRIANGLE	TRIANGLE	1
../R2-7/fixtures_R2A/r2n/r2n_shapetrans_1169.r2fx	shapetrans	SQUARE	SQUARE	1
../R2-7/fixtures_R2A/r2n/r2n_shapetrans_117.r2fx	shapetrans	CIRCLE	CIRCLE	1
../R2-7/fixtures_R2A/r2n/r2n_shapetrans_1170.r2fx	shapetrans	CIRCLE	CIRCLE	1
../R2-7/fixtures_R2A/r2n/r2n_shapetrans_1171.r2fx	shapetrans	TRIANGLE	TRIANGLE	1
../R2-7/fixtures_R2A/r2n/r2n_shapetrans_1172.r2fx	shapetrans	CIRCLE	SQUARE	0
../R2-7/fixtures_R2A/r2n/r2n_shapetrans_1173.r2fx	shapetrans	CIRCLE	CIRCLE	1
../R2-7/fixtures_R2A/r2n/r2n_shapetrans_1174.r2fx	shapetrans	TRIANGLE	TRIANGLE	1
../R2-7/fixtures_R2A/r2n/r2n_shapetrans_1175.r2fx	shapetrans	TRIANGLE	SQUARE	0
../R2-7/fixtures_R2A/r2n/r2n_shapetrans_1176.r2fx	shapetrans	CIRCLE	CIRCLE	1
../R2-7/fixtures_R2A/r2n/r2n_shapetrans_1177.r2fx	shapetrans	TRIANGLE	TRIANGLE	1
../R2-7/fixtures_R2A/r2n/r2n_shapetrans_1178.r2fx	shapetrans	CIRCLE	SQUARE	0
../R2-7/fixtures_R2A/r2n/r2n_shapetrans_1179.r2fx	shapetrans	CIRCLE	CIRCLE	1
../R2-7/fixtures_R2A/r2n/r2n_shapetrans_118.r2fx	shapetrans	TRIANGLE	TRIANGLE	1
../R2-7/fixtures_R2A/r2n/r2n_shapetrans_1180.r2fx	shapetrans	TRIANGLE	TRIANGLE	1
../R2-7/fixtures_R2A/r2n/r2n_shapetrans_1181.r2fx	shapetrans	TRIANGLE	SQUARE	0
../R2-7/fixtures_R2A/r2n/r2n_shapetrans_1182.r2fx	shapetrans	CIRCLE	CIRCLE	1
../R2-7/fixtures_R2A/r2n/r2n_shapetrans_1183.r2fx	shapetrans	TRIANGLE	TRIANGLE	1
../R2-7/fixtures_R2A/r2n/r2n_shapetrans_1184.r2fx	shapetrans	CIRCLE	SQUARE	0
../R2-7/fixtures_R2A/r2n/r2n_shapetrans_1185.r2fx	shapetrans	CIRCLE	CIRCLE	1
../R2-7/fixtures_R2A/r2n/r2n_shapetrans_1186.r2fx	shapetrans	TRIANGLE	TRIANGLE	1
../R2-7/fixtures_R2A/r2n/r2n_shapetrans_1187.r2fx	shapetrans	SQUARE	SQUARE	1
../R2-7/fixtures_R2A/r2n/r2n_shapetrans_1188.r2fx	shapetrans	CIRCLE	CIRCLE	1
../R2-7/fixtures_R2A/r2n/r2n_shapetrans_1189.r2fx	shapetrans	TRIANGLE	TRIANGLE	1
../R2-7/fixtures_R2A/r2n/r2n_shapetrans_119.r2fx	shapetrans	SQUARE	SQUARE	1
../R2-7/fixtures_R2A/r2n/r2n_shapetrans_1190.r2fx	shapetrans	SQUARE	SQUARE	1
../R2-7/fixtures_R2A/r2n/r2n_shapetrans_1191.r2fx	shapetrans	CIRCLE	CIRCLE	1
../R2-7/fixtures_R2A/r2n/r2n_shapetrans_1192.r2fx	shapetrans	TRIANGLE	TRIANGLE	1
../R2-7/fixtures_R2A/r2n/r2n_shapetrans_1193.r2fx	shapetrans	CIRCLE	SQUARE	0
../R2-7/fixtures_R2A/r2n/r2n_shapetrans_1194.r2fx	shapetrans	CIRCLE	CIRCLE	1
../R2-7/fixtures_R2A/r2n/r2n_shapetrans_1195.r2fx	shapetrans	TRIANGLE	TRIANGLE	1
../R2-7/fixtures_R2A/r2n/r2n_shapetrans_1196.r2fx	shapetrans	SQUARE	SQUARE	1
../R2-7/fixtures_R2A/r2n/r2n_shapetrans_1197.r2fx	shapetrans	CIRCLE	CIRCLE	1
../R2-7/fixtures_R2A/r2n/r2n_shapetrans_1198.r2fx	shapetrans	TRIANGLE	TRIANGLE	1
../R2-7/fixtures_R2A/r2n/r2n_shapetrans_1199.r2fx	shapetrans	SQUARE	SQUARE	1
../R2-7/fixtures_R2A/r2n/r2n_shapetrans_12.r2fx	shapetrans	CIRCLE	CIRCLE	1
../R2-7/fixtures_R2A/r2n/r2n_shapetrans_120.r2fx	shapetrans	CIRCLE	CIRCLE	1
../R2-7/fixtures_R2A/r2n/r2n_shapetrans_1200.r2fx	shapetrans	CIRCLE	CIRCLE	1
../R2-7/fixtures_R2A/r2n/r2n_shapetrans_1201.r2fx	shapetrans	TRIANGLE	TRIANGLE	1
../R2-7/fixtures_R2A/r2n/r2n_shapetrans_1202.r2fx	shapetrans	SQUARE	SQUARE	1
../R2-7/fixtures_R2A/r2n/r2n_shapetrans_1203.r2fx	shapetrans	CIRCLE	CIRCLE	1
../R2-7/fixtures_R2A/r2n/r2n_shapetrans_1204.r2fx	shapetrans	TRIANGLE	TRIANGLE	1
../R2-7/fixtures_R2A/r2n/r2n_shapetrans_1205.r2fx	shapetrans	TRIANGLE	SQUARE	0
../R2-7/fixtures_R2A/r2n/r2n_shapetrans_1206.r2fx	shapetrans	CIRCLE	CIRCLE	1
../R2-7/fixtures_R2A/r2n/r2n_shapetrans_1207.r2fx	shapetrans	TRIANGLE	TRIANGLE	1
../R2-7/fixtures_R2A/r2n/r2n_shapetrans_1208.r2fx	shapetrans	SQUARE	SQUARE	1
../R2-7/fixtures_R2A/r2n/r2n_shapetrans_1209.r2fx	shapetrans	CIRCLE	CIRCLE	1
../R2-7/fixtures_R2A/r2n/r2n_shapetrans_121.r2fx	shapetrans	TRIANGLE	TRIANGLE	1
../R2-7/fixtures_R2A/r2n/r2n_shapetrans_1210.r2fx	shapetrans	TRIANGLE	TRIANGLE	1
../R2-7/fixtures_R2A/r2n/r2n_shapetrans_1211.r2fx	shapetrans	CIRCLE	SQUARE	0
../R2-7/fixtures_R2A/r2n/r2n_shapetrans_1212.r2fx	shapetrans	CIRCLE	CIRCLE	1
../R2-7/fixtures_R2A/r2n/r2n_shapetrans_1213.r2fx	shapetrans	TRIANGLE	TRIANGLE	1
../R2-7/fixtures_R2A/r2n/r2n_shapetrans_1214.r2fx	shapetrans	TRIANGLE	SQUARE	0
../R2-7/fixtures_R2A/r2n/r2n_shapetrans_1215.r2fx	shapetrans	CIRCLE	CIRCLE	1
../R2-7/fixtures_R2A/r2n/r2n_shapetrans_1216.r2fx	shapetrans	TRIANGLE	TRIANGLE	1
../R2-7/fixtures_R2A/r2n/r2n_shapetrans_1217.r2fx	shapetrans	SQUARE	SQUARE	1
../R2-7/fixtures_R2A/r2n/r2n_shapetrans_1218.r2fx	shapetrans	CIRCLE	CIRCLE	1
../R2-7/fixtures_R2A/r2n/r2n_shapetrans_1219.r2fx	shapetrans	TRIANGLE	TRIANGLE	1
../R2-7/fixtures_R2A/r2n/r2n_shapetrans_122.r2fx	shapetrans	SQUARE	SQUARE	1
../R2-7/fixtures_R2A/r2n/r2n_shapetrans_1220.r2fx	shapetrans	TRIANGLE	SQUARE	0
../R2-7/fixtures_R2A/r2n/r2n_shapetrans_1221.r2fx	shapetrans	CIRCLE	CIRCLE	1
../R2-7/fixtures_R2A/r2n/r2n_shapetrans_1222.r2fx	shapetrans	TRIANGLE	TRIANGLE	1
../R2-7/fixtures_R2A/r2n/r2n_shapetrans_1223.r2fx	shapetrans	SQUARE	SQUARE	1
../R2-7/fixtures_R2A/r2n/r2n_shapetrans_1224.r2fx	shapetrans	CIRCLE	CIRCLE	1
../R2-7/fixtures_R2A/r2n/r2n_shapetrans_1225.r2fx	shapetrans	TRIANGLE	TRIANGLE	1
../R2-7/fixtures_R2A/r2n/r2n_shapetrans_1226.r2fx	shapetrans	SQUARE	SQUARE	1
../R2-7/fixtures_R2A/r2n/r2n_shapetrans_1227.r2fx	shapetrans	CIRCLE	CIRCLE	1
../R2-7/fixtures_R2A/r2n/r2n_shapetrans_1228.r2fx	shapetrans	TRIANGLE	TRIANGLE	1
../R2-7/fixtures_R2A/r2n/r2n_shapetrans_1229.r2fx	shapetrans	CIRCLE	SQUARE	0
../R2-7/fixtures_R2A/r2n/r2n_shapetrans_123.r2fx	shapetrans	CIRCLE	CIRCLE	1
../R2-7/fixtures_R2A/r2n/r2n_shapetrans_1230.r2fx	shapetrans	CIRCLE	CIRCLE	1
../R2-7/fixtures_R2A/r2n/r2n_shapetrans_1231.r2fx	shapetrans	TRIANGLE	TRIANGLE	1
../R2-7/fixtures_R2A/r2n/r2n_shapetrans_1232.r2fx	shapetrans	CIRCLE	SQUARE	0
../R2-7/fixtures_R2A/r2n/r2n_shapetrans_1233.r2fx	shapetrans	CIRCLE	CIRCLE	1
../R2-7/fixtures_R2A/r2n/r2n_shapetrans_1234.r2fx	shapetrans	TRIANGLE	TRIANGLE	1
../R2-7/fixtures_R2A/r2n/r2n_shapetrans_1235.r2fx	shapetrans	TRIANGLE	SQUARE	0
../R2-7/fixtures_R2A/r2n/r2n_shapetrans_1236.r2fx	shapetrans	CIRCLE	CIRCLE	1
../R2-7/fixtures_R2A/r2n/r2n_shapetrans_1237.r2fx	shapetrans	TRIANGLE	TRIANGLE	1
../R2-7/fixtures_R2A/r2n/r2n_shapetrans_1238.r2fx	shapetrans	SQUARE	SQUARE	1
../R2-7/fixtures_R2A/r2n/r2n_shapetrans_1239.r2fx	shapetrans	CIRCLE	CIRCLE	1
../R2-7/fixtures_R2A/r2n/r2n_shapetrans_124.r2fx	shapetrans	TRIANGLE	TRIANGLE	1
../R2-7/fixtures_R2A/r2n/r2n_shapetrans_1240.r2fx	shapetrans	TRIANGLE	TRIANGLE	1
../R2-7/fixtures_R2A/r2n/r2n_shapetrans_1241.r2fx	shapetrans	TRIANGLE	SQUARE	0
../R2-7/fixtures_R2A/r2n/r2n_shapetrans_1242.r2fx	shapetrans	CIRCLE	CIRCLE	1
../R2-7/fixtures_R2A/r2n/r2n_shapetrans_1243.r2fx	shapetrans	TRIANGLE	TRIANGLE	1
../R2-7/fixtures_R2A/r2n/r2n_shapetrans_1244.r2fx	shapetrans	SQUARE	SQUARE	1
../R2-7/fixtures_R2A/r2n/r2n_shapetrans_1245.r2fx	shapetrans	CIRCLE	CIRCLE	1
../R2-7/fixtures_R2A/r2n/r2n_shapetrans_1246.r2fx	shapetrans	TRIANGLE	TRIANGLE	1
../R2-7/fixtures_R2A/r2n/r2n_shapetrans_1247.r2fx	shapetrans	SQUARE	SQUARE	1
../R2-7/fixtures_R2A/r2n/r2n_shapetrans_1248.r2fx	shapetrans	CIRCLE	CIRCLE	1
../R2-7/fixtures_R2A/r2n/r2n_shapetrans_1249.r2fx	shapetrans	TRIANGLE	TRIANGLE	1
../R2-7/fixtures_R2A/r2n/r2n_shapetrans_125.r2fx	shapetrans	CIRCLE	SQUARE	0
../R2-7/fixtures_R2A/r2n/r2n_shapetrans_1250.r2fx	shapetrans	CIRCLE	SQUARE	0
../R2-7/fixtures_R2A/r2n/r2n_shapetrans_1251.r2fx	shapetrans	CIRCLE	CIRCLE	1
../R2-7/fixtures_R2A/r2n/r2n_shapetrans_1252.r2fx	shapetrans	TRIANGLE	TRIANGLE	1
../R2-7/fixtures_R2A/r2n/r2n_shapetrans_1253.r2fx	shapetrans	TRIANGLE	SQUARE	0
../R2-7/fixtures_R2A/r2n/r2n_shapetrans_1254.r2fx	shapetrans	CIRCLE	CIRCLE	1
../R2-7/fixtures_R2A/r2n/r2n_shapetrans_1255.r2fx	shapetrans	TRIANGLE	TRIANGLE	1
../R2-7/fixtures_R2A/r2n/r2n_shapetrans_1256.r2fx	shapetrans	SQUARE	SQUARE	1
../R2-7/fixtures_R2A/r2n/r2n_shapetrans_1257.r2fx	shapetrans	CIRCLE	CIRCLE	1
../R2-7/fixtures_R2A/r2n/r2n_shapetrans_1258.r2fx	shapetrans	TRIANGLE	TRIANGLE	1
../R2-7/fixtures_R2A/r2n/r2n_shapetrans_1259.r2fx	shapetrans	TRIANGLE	SQUARE	0
../R2-7/fixtures_R2A/r2n/r2n_shapetrans_126.r2fx	shapetrans	CIRCLE	CIRCLE	1
../R2-7/fixtures_R2A/r2n/r2n_shapetrans_1260.r2fx	shapetrans	CIRCLE	CIRCLE	1
../R2-7/fixtures_R2A/r2n/r2n_shapetrans_1261.r2fx	shapetrans	TRIANGLE	TRIANGLE	1
../R2-7/fixtures_R2A/r2n/r2n_shapetrans_1262.r2fx	shapetrans	SQUARE	SQUARE	1
../R2-7/fixtures_R2A/r2n/r2n_shapetrans_1263.r2fx	shapetrans	CIRCLE	CIRCLE	1
../R2-7/fixtures_R2A/r2n/r2n_shapetrans_1264.r2fx	shapetrans	TRIANGLE	TRIANGLE	1
../R2-7/fixtures_R2A/r2n/r2n_shapetrans_1265.r2fx	shapetrans	CIRCLE	SQUARE	0
../R2-7/fixtures_R2A/r2n/r2n_shapetrans_1266.r2fx	shapetrans	CIRCLE	CIRCLE	1
../R2-7/fixtures_R2A/r2n/r2n_shapetrans_1267.r2fx	shapetrans	TRIANGLE	TRIANGLE	1
../R2-7/fixtures_R2A/r2n/r2n_shapetrans_1268.r2fx	shapetrans	TRIANGLE	SQUARE	0
../R2-7/fixtures_R2A/r2n/r2n_shapetrans_1269.r2fx	shapetrans	CIRCLE	CIRCLE	1
../R2-7/fixtures_R2A/r2n/r2n_shapetrans_127.r2fx	shapetrans	TRIANGLE	TRIANGLE	1
../R2-7/fixtures_R2A/r2n/r2n_shapetrans_1270.r2fx	shapetrans	TRIANGLE	TRIANGLE	1
../R2-7/fixtures_R2A/r2n/r2n_shapetrans_1271.r2fx	shapetrans	SQUARE	SQUARE	1
../R2-7/fixtures_R2A/r2n/r2n_shapetrans_1272.r2fx	shapetrans	CIRCLE	CIRCLE	1
../R2-7/fixtures_R2A/r2n/r2n_shapetrans_1273.r2fx	shapetrans	TRIANGLE	TRIANGLE	1
../R2-7/fixtures_R2A/r2n/r2n_shapetrans_1274.r2fx	shapetrans	SQUARE	SQUARE	1
../R2-7/fixtures_R2A/r2n/r2n_shapetrans_1275.r2fx	shapetrans	CIRCLE	CIRCLE	1
../R2-7/fixtures_R2A/r2n/r2n_shapetrans_1276.r2fx	shapetrans	TRIANGLE	TRIANGLE	1
../R2-7/fixtures_R2A/r2n/r2n_shapetrans_1277.r2fx	shapetrans	SQUARE	SQUARE	1
../R2-7/fixtures_R2A/r2n/r2n_shapetrans_1278.r2fx	shapetrans	CIRCLE	CIRCLE	1
../R2-7/fixtures_R2A/r2n/r2n_shapetrans_1279.r2fx	shapetrans	TRIANGLE	TRIANGLE	1
../R2-7/fixtures_R2A/r2n/r2n_shapetrans_128.r2fx	shapetrans	TRIANGLE	SQUARE	0
../R2-7/fixtures_R2A/r2n/r2n_shapetrans_1280.r2fx	shapetrans	TRIANGLE	SQUARE	0
../R2-7/fixtures_R2A/r2n/r2n_shapetrans_1281.r2fx	shapetrans	CIRCLE	CIRCLE	1
../R2-7/fixtures_R2A/r2n/r2n_shapetrans_1282.r2fx	shapetrans	TRIANGLE	TRIANGLE	1
../R2-7/fixtures_R2A/r2n/r2n_shapetrans_1283.r2fx	shapetrans	SQUARE	SQUARE	1
../R2-7/fixtures_R2A/r2n/r2n_shapetrans_1284.r2fx	shapetrans	CIRCLE	CIRCLE	1
../R2-7/fixtures_R2A/r2n/r2n_shapetrans_1285.r2fx	shapetrans	TRIANGLE	TRIANGLE	1
../R2-7/fixtures_R2A/r2n/r2n_shapetrans_1286.r2fx	shapetrans	CIRCLE	SQUARE	0
../R2-7/fixtures_R2A/r2n/r2n_shapetrans_1287.r2fx	shapetrans	CIRCLE	CIRCLE	1
../R2-7/fixtures_R2A/r2n/r2n_shapetrans_1288.r2fx	shapetrans	TRIANGLE	TRIANGLE	1
../R2-7/fixtures_R2A/r2n/r2n_shapetrans_1289.r2fx	shapetrans	CIRCLE	SQUARE	0
../R2-7/fixtures_R2A/r2n/r2n_shapetrans_129.r2fx	shapetrans	CIRCLE	CIRCLE	1
../R2-7/fixtures_R2A/r2n/r2n_shapetrans_1290.r2fx	shapetrans	CIRCLE	CIRCLE	1
../R2-7/fixtures_R2A/r2n/r2n_shapetrans_1291.r2fx	shapetrans	TRIANGLE	TRIANGLE	1
../R2-7/fixtures_R2A/r2n/r2n_shapetrans_1292.r2fx	shapetrans	CIRCLE	SQUARE	0
../R2-7/fixtures_R2A/r2n/r2n_shapetrans_1293.r2fx	shapetrans	CIRCLE	CIRCLE	1
../R2-7/fixtures_R2A/r2n/r2n_shapetrans_1294.r2fx	shapetrans	TRIANGLE	TRIANGLE	1
../R2-7/fixtures_R2A/r2n/r2n_shapetrans_1295.r2fx	shapetrans	TRIANGLE	SQUARE	0
../R2-7/fixtures_R2A/r2n/r2n_shapetrans_13.r2fx	shapetrans	TRIANGLE	TRIANGLE	1
../R2-7/fixtures_R2A/r2n/r2n_shapetrans_130.r2fx	shapetrans	TRIANGLE	TRIANGLE	1
../R2-7/fixtures_R2A/r2n/r2n_shapetrans_131.r2fx	shapetrans	TRIANGLE	SQUARE	0
../R2-7/fixtures_R2A/r2n/r2n_shapetrans_132.r2fx	shapetrans	CIRCLE	CIRCLE	1
../R2-7/fixtures_R2A/r2n/r2n_shapetrans_133.r2fx	shapetrans	TRIANGLE	TRIANGLE	1
../R2-7/fixtures_R2A/r2n/r2n_shapetrans_134.r2fx	shapetrans	TRIANGLE	SQUARE	0
../R2-7/fixtures_R2A/r2n/r2n_shapetrans_135.r2fx	shapetrans	CIRCLE	CIRCLE	1
../R2-7/fixtures_R2A/r2n/r2n_shapetrans_136.r2fx	shapetrans	TRIANGLE	TRIANGLE	1
../R2-7/fixtures_R2A/r2n/r2n_shapetrans_137.r2fx	shapetrans	SQUARE	SQUARE	1
../R2-7/fixtures_R2A/r2n/r2n_shapetrans_138.r2fx	shapetrans	CIRCLE	CIRCLE	1
../R2-7/fixtures_R2A/r2n/r2n_shapetrans_139.r2fx	shapetrans	TRIANGLE	TRIANGLE	1
../R2-7/fixtures_R2A/r2n/r2n_shapetrans_14.r2fx	shapetrans	TRIANGLE	SQUARE	0
../R2-7/fixtures_R2A/r2n/r2n_shapetrans_140.r2fx	shapetrans	SQUARE	SQUARE	1
../R2-7/fixtures_R2A/r2n/r2n_shapetrans_141.r2fx	shapetrans	CIRCLE	CIRCLE	1
../R2-7/fixtures_R2A/r2n/r2n_shapetrans_142.r2fx	shapetrans	TRIANGLE	TRIANGLE	1
../R2-7/fixtures_R2A/r2n/r2n_shapetrans_143.r2fx	shapetrans	SQUARE	SQUARE	1
../R2-7/fixtures_R2A/r2n/r2n_shapetrans_144.r2fx	shapetrans	CIRCLE	CIRCLE	1
../R2-7/fixtures_R2A/r2n/r2n_shapetrans_145.r2fx	shapetrans	TRIANGLE	TRIANGLE	1
../R2-7/fixtures_R2A/r2n/r2n_shapetrans_146.r2fx	shapetrans	CIRCLE	SQUARE	0
../R2-7/fixtures_R2A/r2n/r2n_shapetrans_147.r2fx	shapetrans	CIRCLE	CIRCLE	1
../R2-7/fixtures_R2A/r2n/r2n_shapetrans_148.r2fx	shapetrans	TRIANGLE	TRIANGLE	1
../R2-7/fixtures_R2A/r2n/r2n_shapetrans_149.r2fx	shapetrans	CIRCLE	SQUARE	0
../R2-7/fixtures_R2A/r2n/r2n_shapetrans_15.r2fx	shapetrans	CIRCLE	CIRCLE	1
../R2-7/fixtures_R2A/r2n/r2n_shapetrans_150.r2fx	shapetrans	CIRCLE	CIRCLE	1
../R2-7/fixtures_R2A/r2n/r2n_shapetrans_151.r2fx	shapetrans	TRIANGLE	TRIANGLE	1
../R2-7/fixtures_R2A/r2n/r2n_shapetrans_152.r2fx	shapetrans	TRIANGLE	SQUARE	0
../R2-7/fixtures_R2A/r2n/r2n_shapetrans_153.r2fx	shapetrans	CIRCLE	CIRCLE	1
../R2-7/fixtures_R2A/r2n/r2n_shapetrans_154.r2fx	shapetrans	TRIANGLE	TRIANGLE	1
../R2-7/fixtures_R2A/r2n/r2n_shapetrans_155.r2fx	shapetrans	CIRCLE	SQUARE	0
../R2-7/fixtures_R2A/r2n/r2n_shapetrans_156.r2fx	shapetrans	CIRCLE	CIRCLE	1
../R2-7/fixtures_R2A/r2n/r2n_shapetrans_157.r2fx	shapetrans	TRIANGLE	TRIANGLE	1
../R2-7/fixtures_R2A/r2n/r2n_shapetrans_158.r2fx	shapetrans	SQUARE	SQUARE	1
../R2-7/fixtures_R2A/r2n/r2n_shapetrans_159.r2fx	shapetrans	CIRCLE	CIRCLE	1
../R2-7/fixtures_R2A/r2n/r2n_shapetrans_16.r2fx	shapetrans	TRIANGLE	TRIANGLE	1
../R2-7/fixtures_R2A/r2n/r2n_shapetrans_160.r2fx	shapetrans	TRIANGLE	TRIANGLE	1
../R2-7/fixtures_R2A/r2n/r2n_shapetrans_161.r2fx	shapetrans	TRIANGLE	SQUARE	0
../R2-7/fixtures_R2A/r2n/r2n_shapetrans_162.r2fx	shapetrans	CIRCLE	CIRCLE	1
../R2-7/fixtures_R2A/r2n/r2n_shapetrans_163.r2fx	shapetrans	TRIANGLE	TRIANGLE	1
../R2-7/fixtures_R2A/r2n/r2n_shapetrans_164.r2fx	shapetrans	CIRCLE	SQUARE	0
../R2-7/fixtures_R2A/r2n/r2n_shapetrans_165.r2fx	shapetrans	CIRCLE	CIRCLE	1
../R2-7/fixtures_R2A/r2n/r2n_shapetrans_166.r2fx	shapetrans	TRIANGLE	TRIANGLE	1
../R2-7/fixtures_R2A/r2n/r2n_shapetrans_167.r2fx	shapetrans	TRIANGLE	SQUARE	0
../R2-7/fixtures_R2A/r2n/r2n_shapetrans_168.r2fx	shapetrans	CIRCLE	CIRCLE	1
../R2-7/fixtures_R2A/r2n/r2n_shapetrans_169.r2fx	shapetrans	TRIANGLE	TRIANGLE	1
../R2-7/fixtures_R2A/r2n/r2n_shapetrans_17.r2fx	shapetrans	SQUARE	SQUARE	1
../R2-7/fixtures_R2A/r2n/r2n_shapetrans_170.r2fx	shapetrans	TRIANGLE	SQUARE	0
../R2-7/fixtures_R2A/r2n/r2n_shapetrans_171.r2fx	shapetrans	CIRCLE	CIRCLE	1
../R2-7/fixtures_R2A/r2n/r2n_shapetrans_172.r2fx	shapetrans	TRIANGLE	TRIANGLE	1
../R2-7/fixtures_R2A/r2n/r2n_shapetrans_173.r2fx	shapetrans	TRIANGLE	SQUARE	0
../R2-7/fixtures_R2A/r2n/r2n_shapetrans_174.r2fx	shapetrans	CIRCLE	CIRCLE	1
../R2-7/fixtures_R2A/r2n/r2n_shapetrans_175.r2fx	shapetrans	TRIANGLE	TRIANGLE	1
../R2-7/fixtures_R2A/r2n/r2n_shapetrans_176.r2fx	shapetrans	TRIANGLE	SQUARE	0
../R2-7/fixtures_R2A/r2n/r2n_shapetrans_177.r2fx	shapetrans	CIRCLE	CIRCLE	1
../R2-7/fixtures_R2A/r2n/r2n_shapetrans_178.r2fx	shapetrans	TRIANGLE	TRIANGLE	1
../R2-7/fixtures_R2A/r2n/r2n_shapetrans_179.r2fx	shapetrans	SQUARE	SQUARE	1
../R2-7/fixtures_R2A/r2n/r2n_shapetrans_18.r2fx	shapetrans	CIRCLE	CIRCLE	1
../R2-7/fixtures_R2A/r2n/r2n_shapetrans_180.r2fx	shapetrans	CIRCLE	CIRCLE	1
../R2-7/fixtures_R2A/r2n/r2n_shapetrans_181.r2fx	shapetrans	TRIANGLE	TRIANGLE	1
../R2-7/fixtures_R2A/r2n/r2n_shapetrans_182.r2fx	shapetrans	TRIANGLE	SQUARE	0
../R2-7/fixtures_R2A/r2n/r2n_shapetrans_183.r2fx	shapetrans	CIRCLE	CIRCLE	1
../R2-7/fixtures_R2A/r2n/r2n_shapetrans_184.r2fx	shapetrans	TRIANGLE	TRIANGLE	1
../R2-7/fixtures_R2A/r2n/r2n_shapetrans_185.r2fx	shapetrans	SQUARE	SQUARE	1
../R2-7/fixtures_R2A/r2n/r2n_shapetrans_186.r2fx	shapetrans	CIRCLE	CIRCLE	1
../R2-7/fixtures_R2A/r2n/r2n_shapetrans_187.r2fx	shapetrans	TRIANGLE	TRIANGLE	1
../R2-7/fixtures_R2A/r2n/r2n_shapetrans_188.r2fx	shapetrans	CIRCLE	SQUARE	0
../R2-7/fixtures_R2A/r2n/r2n_shapetrans_189.r2fx	shapetrans	CIRCLE	CIRCLE	1
../R2-7/fixtures_R2A/r2n/r2n_shapetrans_19.r2fx	shapetrans	TRIANGLE	TRIANGLE	1
../R2-7/fixtures_R2A/r2n/r2n_shapetrans_190.r2fx	shapetrans	TRIANGLE	TRIANGLE	1
../R2-7/fixtures_R2A/r2n/r2n_shapetrans_191.r2fx	shapetrans	SQUARE	SQUARE	1
../R2-7/fixtures_R2A/r2n/r2n_shapetrans_192.r2fx	shapetrans	CIRCLE	CIRCLE	1
../R2-7/fixtures_R2A/r2n/r2n_shapetrans_193.r2fx	shapetrans	TRIANGLE	TRIANGLE	1
../R2-7/fixtures_R2A/r2n/r2n_shapetrans_194.r2fx	shapetrans	CIRCLE	SQUARE	0
../R2-7/fixtures_R2A/r2n/r2n_shapetrans_195.r2fx	shapetrans	CIRCLE	CIRCLE	1
../R2-7/fixtures_R2A/r2n/r2n_shapetrans_196.r2fx	shapetrans	TRIANGLE	TRIANGLE	1
../R2-7/fixtures_R2A/r2n/r2n_shapetrans_197.r2fx	shapetrans	TRIANGLE	SQUARE	0
../R2-7/fixtures_R2A/r2n/r2n_shapetrans_198.r2fx	shapetrans	CIRCLE	CIRCLE	1
../R2-7/fixtures_R2A/r2n/r2n_shapetrans_199.r2fx	shapetrans	TRIANGLE	TRIANGLE	1
../R2-7/fixtures_R2A/r2n/r2n_shapetrans_2.r2fx	shapetrans	TRIANGLE	SQUARE	0
../R2-7/fixtures_R2A/r2n/r2n_shapetrans_20.r2fx	shapetrans	TRIANGLE	SQUARE	0
../R2-7/fixtures_R2A/r2n/r2n_shapetrans_200.r2fx	shapetrans	SQUARE	SQUARE	1
../R2-7/fixtures_R2A/r2n/r2n_shapetrans_201.r2fx	shapetrans	CIRCLE	CIRCLE	1
../R2-7/fixtures_R2A/r2n/r2n_shapetrans_202.r2fx	shapetrans	TRIANGLE	TRIANGLE	1
../R2-7/fixtures_R2A/r2n/r2n_shapetrans_203.r2fx	shapetrans	TRIANGLE	SQUARE	0
../R2-7/fixtures_R2A/r2n/r2n_shapetrans_204.r2fx	shapetrans	CIRCLE	CIRCLE	1
../R2-7/fixtures_R2A/r2n/r2n_shapetrans_205.r2fx	shapetrans	TRIANGLE	TRIANGLE	1
../R2-7/fixtures_R2A/r2n/r2n_shapetrans_206.r2fx	shapetrans	CIRCLE	SQUARE	0
../R2-7/fixtures_R2A/r2n/r2n_shapetrans_207.r2fx	shapetrans	CIRCLE	CIRCLE	1
../R2-7/fixtures_R2A/r2n/r2n_shapetrans_208.r2fx	shapetrans	TRIANGLE	TRIANGLE	1
../R2-7/fixtures_R2A/r2n/r2n_shapetrans_209.r2fx	shapetrans	SQUARE	SQUARE	1
../R2-7/fixtures_R2A/r2n/r2n_shapetrans_21.r2fx	shapetrans	CIRCLE	CIRCLE	1
../R2-7/fixtures_R2A/r2n/r2n_shapetrans_210.r2fx	shapetrans	CIRCLE	CIRCLE	1
../R2-7/fixtures_R2A/r2n/r2n_shapetrans_211.r2fx	shapetrans	TRIANGLE	TRIANGLE	1
../R2-7/fixtures_R2A/r2n/r2n_shapetrans_212.r2fx	shapetrans	TRIANGLE	SQUARE	0
../R2-7/fixtures_R2A/r2n/r2n_shapetrans_213.r2fx	shapetrans	CIRCLE	CIRCLE	1
../R2-7/fixtures_R2A/r2n/r2n_shapetrans_214.r2fx	shapetrans	TRIANGLE	TRIANGLE	1
../R2-7/fixtures_R2A/r2n/r2n_shapetrans_215.r2fx	shapetrans	CIRCLE	SQUARE	0
../R2-7/fixtures_R2A/r2n/r2n_shapetrans_216.r2fx	shapetrans	CIRCLE	CIRCLE	1
../R2-7/fixtures_R2A/r2n/r2n_shapetrans_217.r2fx	shapetrans	TRIANGLE	TRIANGLE	1
../R2-7/fixtures_R2A/r2n/r2n_shapetrans_218.r2fx	shapetrans	SQUARE	SQUARE	1
../R2-7/fixtures_R2A/r2n/r2n_shapetrans_219.r2fx	shapetrans	CIRCLE	CIRCLE	1
../R2-7/fixtures_R2A/r2n/r2n_shapetrans_22.r2fx	shapetrans	TRIANGLE	TRIANGLE	1
../R2-7/fixtures_R2A/r2n/r2n_shapetrans_220.r2fx	shapetrans	TRIANGLE	TRIANGLE	1
../R2-7/fixtures_R2A/r2n/r2n_shapetrans_221.r2fx	shapetrans	TRIANGLE	SQUARE	0
../R2-7/fixtures_R2A/r2n/r2n_shapetrans_222.r2fx	shapetrans	CIRCLE	CIRCLE	1
../R2-7/fixtures_R2A/r2n/r2n_shapetrans_223.r2fx	shapetrans	TRIANGLE	TRIANGLE	1
../R2-7/fixtures_R2A/r2n/r2n_shapetrans_224.r2fx	shapetrans	CIRCLE	SQUARE	0
../R2-7/fixtures_R2A/r2n/r2n_shapetrans_225.r2fx	shapetrans	CIRCLE	CIRCLE	1
../R2-7/fixtures_R2A/r2n/r2n_shapetrans_226.r2fx	shapetrans	TRIANGLE	TRIANGLE	1
../R2-7/fixtures_R2A/r2n/r2n_shapetrans_227.r2fx	shapetrans	SQUARE	SQUARE	1
../R2-7/fixtures_R2A/r2n/r2n_shapetrans_228.r2fx	shapetrans	CIRCLE	CIRCLE	1
../R2-7/fixtures_R2A/r2n/r2n_shapetrans_229.r2fx	shapetrans	TRIANGLE	TRIANGLE	1
../R2-7/fixtures_R2A/r2n/r2n_shapetrans_23.r2fx	shapetrans	TRIANGLE	SQUARE	0
../R2-7/fixtures_R2A/r2n/r2n_shapetrans_230.r2fx	shapetrans	TRIANGLE	SQUARE	0
../R2-7/fixtures_R2A/r2n/r2n_shapetrans_231.r2fx	shapetrans	CIRCLE	CIRCLE	1
../R2-7/fixtures_R2A/r2n/r2n_shapetrans_232.r2fx	shapetrans	TRIANGLE	TRIANGLE	1
../R2-7/fixtures_R2A/r2n/r2n_shapetrans_233.r2fx	shapetrans	SQUARE	SQUARE	1
../R2-7/fixtures_R2A/r2n/r2n_shapetrans_234.r2fx	shapetrans	CIRCLE	CIRCLE	1
../R2-7/fixtures_R2A/r2n/r2n_shapetrans_235.r2fx	shapetrans	TRIANGLE	TRIANGLE	1
../R2-7/fixtures_R2A/r2n/r2n_shapetrans_236.r2fx	shapetrans	CIRCLE	SQUARE	0
../R2-7/fixtures_R2A/r2n/r2n_shapetrans_237.r2fx	shapetrans	CIRCLE	CIRCLE	1
../R2-7/fixtures_R2A/r2n/r2n_shapetrans_238.r2fx	shapetrans	TRIANGLE	TRIANGLE	1
../R2-7/fixtures_R2A/r2n/r2n_shapetrans_239.r2fx	shapetrans	SQUARE	SQUARE	1
../R2-7/fixtures_R2A/r2n/r2n_shapetrans_24.r2fx	shapetrans	CIRCLE	CIRCLE	1
../R2-7/fixtures_R2A/r2n/r2n_shapetrans_240.r2fx	shapetrans	CIRCLE	CIRCLE	1
../R2-7/fixtures_R2A/r2n/r2n_shapetrans_241.r2fx	shapetrans	TRIANGLE	TRIANGLE	1
../R2-7/fixtures_R2A/r2n/r2n_shapetrans_242.r2fx	shapetrans	CIRCLE	SQUARE	0
../R2-7/fixtures_R2A/r2n/r2n_shapetrans_243.r2fx	shapetrans	CIRCLE	CIRCLE	1
../R2-7/fixtures_R2A/r2n/r2n_shapetrans_244.r2fx	shapetrans	TRIANGLE	TRIANGLE	1
../R2-7/fixtures_R2A/r2n/r2n_shapetrans_245.r2fx	shapetrans	CIRCLE	SQUARE	0
../R2-7/fixtures_R2A/r2n/r2n_shapetrans_246.r2fx	shapetrans	CIRCLE	CIRCLE	1
../R2-7/fixtures_R2A/r2n/r2n_shapetrans_247.r2fx	shapetrans	TRIANGLE	TRIANGLE	1
../R2-7/fixtures_R2A/r2n/r2n_shapetrans_248.r2fx	shapetrans	TRIANGLE	SQUARE	0
../R2-7/fixtures_R2A/r2n/r2n_shapetrans_249.r2fx	shapetrans	CIRCLE	CIRCLE	1
../R2-7/fixtures_R2A/r2n/r2n_shapetrans_25.r2fx	shapetrans	TRIANGLE	TRIANGLE	1
../R2-7/fixtures_R2A/r2n/r2n_shapetrans_250.r2fx	shapetrans	TRIANGLE	TRIANGLE	1
../R2-7/fixtures_R2A/r2n/r2n_shapetrans_251.r2fx	shapetrans	SQUARE	SQUARE	1
../R2-7/fixtures_R2A/r2n/r2n_shapetrans_252.r2fx	shapetrans	CIRCLE	CIRCLE	1
../R2-7/fixtures_R2A/r2n/r2n_shapetrans_253.r2fx	shapetrans	TRIANGLE	TRIANGLE	1
../R2-7/fixtures_R2A/r2n/r2n_shapetrans_254.r2fx	shapetrans	TRIANGLE	SQUARE	0
../R2-7/fixtures_R2A/r2n/r2n_shapetrans_255.r2fx	shapetrans	CIRCLE	CIRCLE	1
../R2-7/fixtures_R2A/r2n/r2n_shapetrans_256.r2fx	shapetrans	TRIANGLE	TRIANGLE	1
../R2-7/fixtures_R2A/r2n/r2n_shapetrans_257.r2fx	shapetrans	TRIANGLE	SQUARE	0
../R2-7/fixtures_R2A/r2n/r2n_shapetrans_258.r2fx	shapetrans	CIRCLE	CIRCLE	1
../R2-7/fixtures_R2A/r2n/r2n_shapetrans_259.r2fx	shapetrans	TRIANGLE	TRIANGLE	1
../R2-7/fixtures_R2A/r2n/r2n_shapetrans_26.r2fx	shapetrans	TRIANGLE	SQUARE	0
../R2-7/fixtures_R2A/r2n/r2n_shapetrans_260.r2fx	shapetrans	SQUARE	SQUARE	1
../R2-7/fixtures_R2A/r2n/r2n_shapetrans_261.r2fx	shapetrans	CIRCLE	CIRCLE	1
../R2-7/fixtures_R2A/r2n/r2n_shapetrans_262.r2fx	shapetrans	TRIANGLE	TRIANGLE	1
../R2-7/fixtures_R2A/r2n/r2n_shapetrans_263.r2fx	shapetrans	SQUARE	SQUARE	1
../R2-7/fixtures_R2A/r2n/r2n_shapetrans_264.r2fx	shapetrans	CIRCLE	CIRCLE	1
../R2-7/fixtures_R2A/r2n/r2n_shapetrans_265.r2fx	shapetrans	TRIANGLE	TRIANGLE	1
../R2-7/fixtures_R2A/r2n/r2n_shapetrans_266.r2fx	shapetrans	TRIANGLE	SQUARE	0
../R2-7/fixtures_R2A/r2n/r2n_shapetrans_267.r2fx	shapetrans	CIRCLE	CIRCLE	1
../R2-7/fixtures_R2A/r2n/r2n_shapetrans_268.r2fx	shapetrans	TRIANGLE	TRIANGLE	1
../R2-7/fixtures_R2A/r2n/r2n_shapetrans_269.r2fx	shapetrans	TRIANGLE	SQUARE	0
../R2-7/fixtures_R2A/r2n/r2n_shapetrans_27.r2fx	shapetrans	CIRCLE	CIRCLE	1
../R2-7/fixtures_R2A/r2n/r2n_shapetrans_270.r2fx	shapetrans	CIRCLE	CIRCLE	1
../R2-7/fixtures_R2A/r2n/r2n_shapetrans_271.r2fx	shapetrans	TRIANGLE	TRIANGLE	1
../R2-7/fixtures_R2A/r2n/r2n_shapetrans_272.r2fx	shapetrans	TRIANGLE	SQUARE	0
../R2-7/fixtures_R2A/r2n/r2n_shapetrans_273.r2fx	shapetrans	CIRCLE	CIRCLE	1
../R2-7/fixtures_R2A/r2n/r2n_shapetrans_274.r2fx	shapetrans	TRIANGLE	TRIANGLE	1
../R2-7/fixtures_R2A/r2n/r2n_shapetrans_275.r2fx	shapetrans	CIRCLE	SQUARE	0
../R2-7/fixtures_R2A/r2n/r2n_shapetrans_276.r2fx	shapetrans	CIRCLE	CIRCLE	1
../R2-7/fixtures_R2A/r2n/r2n_shapetrans_277.r2fx	shapetrans	TRIANGLE	TRIANGLE	1
../R2-7/fixtures_R2A/r2n/r2n_shapetrans_278.r2fx	shapetrans	TRIANGLE	SQUARE	0
../R2-7/fixtures_R2A/r2n/r2n_shapetrans_279.r2fx	shapetrans	CIRCLE	CIRCLE	1
../R2-7/fixtures_R2A/r2n/r2n_shapetrans_28.r2fx	shapetrans	TRIANGLE	TRIANGLE	1
../R2-7/fixtures_R2A/r2n/r2n_shapetrans_280.r2fx	shapetrans	TRIANGLE	TRIANGLE	1
../R2-7/fixtures_R2A/r2n/r2n_shapetrans_281.r2fx	shapetrans	SQUARE	SQUARE	1
../R2-7/fixtures_R2A/r2n/r2n_shapetrans_282.r2fx	shapetrans	CIRCLE	CIRCLE	1
../R2-7/fixtures_R2A/r2n/r2n_shapetrans_283.r2fx	shapetrans	TRIANGLE	TRIANGLE	1
../R2-7/fixtures_R2A/r2n/r2n_shapetrans_284.r2fx	shapetrans	TRIANGLE	SQUARE	0
../R2-7/fixtures_R2A/r2n/r2n_shapetrans_285.r2fx	shapetrans	CIRCLE	CIRCLE	1
../R2-7/fixtures_R2A/r2n/r2n_shapetrans_286.r2fx	shapetrans	TRIANGLE	TRIANGLE	1
../R2-7/fixtures_R2A/r2n/r2n_shapetrans_287.r2fx	shapetrans	SQUARE	SQUARE	1
../R2-7/fixtures_R2A/r2n/r2n_shapetrans_288.r2fx	shapetrans	CIRCLE	CIRCLE	1
../R2-7/fixtures_R2A/r2n/r2n_shapetrans_289.r2fx	shapetrans	TRIANGLE	TRIANGLE	1
../R2-7/fixtures_R2A/r2n/r2n_shapetrans_29.r2fx	shapetrans	SQUARE	SQUARE	1
../R2-7/fixtures_R2A/r2n/r2n_shapetrans_290.r2fx	shapetrans	TRIANGLE	SQUARE	0
../R2-7/fixtures_R2A/r2n/r2n_shapetrans_291.r2fx	shapetrans	CIRCLE	CIRCLE	1
../R2-7/fixtures_R2A/r2n/r2n_shapetrans_292.r2fx	shapetrans	TRIANGLE	TRIANGLE	1
../R2-7/fixtures_R2A/r2n/r2n_shapetrans_293.r2fx	shapetrans	CIRCLE	SQUARE	0
../R2-7/fixtures_R2A/r2n/r2n_shapetrans_294.r2fx	shapetrans	CIRCLE	CIRCLE	1
../R2-7/fixtures_R2A/r2n/r2n_shapetrans_295.r2fx	shapetrans	TRIANGLE	TRIANGLE	1
../R2-7/fixtures_R2A/r2n/r2n_shapetrans_296.r2fx	shapetrans	CIRCLE	SQUARE	0
../R2-7/fixtures_R2A/r2n/r2n_shapetrans_297.r2fx	shapetrans	CIRCLE	CIRCLE	1
../R2-7/fixtures_R2A/r2n/r2n_shapetrans_298.r2fx	shapetrans	TRIANGLE	TRIANGLE	1
../R2-7/fixtures_R2A/r2n/r2n_shapetrans_299.r2fx	shapetrans	SQUARE	SQUARE	1
../R2-7/fixtures_R2A/r2n/r2n_shapetrans_3.r2fx	shapetrans	CIRCLE	CIRCLE	1
../R2-7/fixtures_R2A/r2n/r2n_shapetrans_30.r2fx	shapetrans	CIRCLE	CIRCLE	1
../R2-7/fixtures_R2A/r2n/r2n_shapetrans_300.r2fx	shapetrans	CIRCLE	CIRCLE	1
../R2-7/fixtures_R2A/r2n/r2n_shapetrans_301.r2fx	shapetrans	TRIANGLE	TRIANGLE	1
../R2-7/fixtures_R2A/r2n/r2n_shapetrans_302.r2fx	shapetrans	CIRCLE	SQUARE	0
../R2-7/fixtures_R2A/r2n/r2n_shapetrans_303.r2fx	shapetrans	CIRCLE	CIRCLE	1
../R2-7/fixtures_R2A/r2n/r2n_shapetrans_304.r2fx	shapetrans	TRIANGLE	TRIANGLE	1
../R2-7/fixtures_R2A/r2n/r2n_shapetrans_305.r2fx	shapetrans	CIRCLE	SQUARE	0
../R2-7/fixtures_R2A/r2n/r2n_shapetrans_306.r2fx	shapetrans	CIRCLE	CIRCLE	1
../R2-7/fixtures_R2A/r2n/r2n_shapetrans_307.r2fx	shapetrans	TRIANGLE	TRIANGLE	1
../R2-7/fixtures_R2A/r2n/r2n_shapetrans_308.r2fx	shapetrans	TRIANGLE	SQUARE	0
../R2-7/fixtures_R2A/r2n/r2n_shapetrans_309.r2fx	shapetrans	CIRCLE	CIRCLE	1
../R2-7/fixtures_R2A/r2n/r2n_shapetrans_31.r2fx	shapetrans	TRIANGLE	TRIANGLE	1
../R2-7/fixtures_R2A/r2n/r2n_shapetrans_310.r2fx	shapetrans	TRIANGLE	TRIANGLE	1
../R2-7/fixtures_R2A/r2n/r2n_shapetrans_311.r2fx	shapetrans	TRIANGLE	SQUARE	0
../R2-7/fixtures_R2A/r2n/r2n_shapetrans_312.r2fx	shapetrans	CIRCLE	CIRCLE	1
../R2-7/fixtures_R2A/r2n/r2n_shapetrans_313.r2fx	shapetrans	TRIANGLE	TRIANGLE	1
../R2-7/fixtures_R2A/r2n/r2n_shapetrans_314.r2fx	shapetrans	CIRCLE	SQUARE	0
../R2-7/fixtures_R2A/r2n/r2n_shapetrans_315.r2fx	shapetrans	CIRCLE	CIRCLE	1
../R2-7/fixtures_R2A/r2n/r2n_shapetrans_316.r2fx	shapetrans	TRIANGLE	TRIANGLE	1
../R2-7/fixtures_R2A/r2n/r2n_shapetrans_317.r2fx	shapetrans	SQUARE	SQUARE	1
../R2-7/fixtures_R2A/r2n/r2n_shapetrans_318.r2fx	shapetrans	CIRCLE	CIRCLE	1
../R2-7/fixtures_R2A/r2n/r2n_shapetrans_319.r2fx	shapetrans	TRIANGLE	TRIANGLE	1
../R2-7/fixtures_R2A/r2n/r2n_shapetrans_32.r2fx	shapetrans	CIRCLE	SQUARE	0
../R2-7/fixtures_R2A/r2n/r2n_shapetrans_320.r2fx	shapetrans	SQUARE	SQUARE	1
../R2-7/fixtures_R2A/r2n/r2n_shapetrans_321.r2fx	shapetrans	CIRCLE	CIRCLE	1
../R2-7/fixtures_R2A/r2n/r2n_shapetrans_322.r2fx	shapetrans	TRIANGLE	TRIANGLE	1
../R2-7/fixtures_R2A/r2n/r2n_shapetrans_323.r2fx	shapetrans	TRIANGLE	SQUARE	0
../R2-7/fixtures_R2A/r2n/r2n_shapetrans_324.r2fx	shapetrans	CIRCLE	CIRCLE	1
../R2-7/fixtures_R2A/r2n/r2n_shapetrans_325.r2fx	shapetrans	TRIANGLE	TRIANGLE	1
../R2-7/fixtures_R2A/r2n/r2n_shapetrans_326.r2fx	shapetrans	TRIANGLE	SQUARE	0
../R2-7/fixtures_R2A/r2n/r2n_shapetrans_327.r2fx	shapetrans	CIRCLE	CIRCLE	1
../R2-7/fixtures_R2A/r2n/r2n_shapetrans_328.r2fx	shapetrans	TRIANGLE	TRIANGLE	1
../R2-7/fixtures_R2A/r2n/r2n_shapetrans_329.r2fx	shapetrans	TRIANGLE	SQUARE	0
../R2-7/fixtures_R2A/r2n/r2n_shapetrans_33.r2fx	shapetrans	CIRCLE	CIRCLE	1
../R2-7/fixtures_R2A/r2n/r2n_shapetrans_330.r2fx	shapetrans	CIRCLE	CIRCLE	1
../R2-7/fixtures_R2A/r2n/r2n_shapetrans_331.r2fx	shapetrans	TRIANGLE	TRIANGLE	1
../R2-7/fixtures_R2A/r2n/r2n_shapetrans_332.r2fx	shapetrans	CIRCLE	SQUARE	0
../R2-7/fixtures_R2A/r2n/r2n_shapetrans_333.r2fx	shapetrans	CIRCLE	CIRCLE	1
../R2-7/fixtures_R2A/r2n/r2n_shapetrans_334.r2fx	shapetrans	TRIANGLE	TRIANGLE	1
../R2-7/fixtures_R2A/r2n/r2n_shapetrans_335.r2fx	shapetrans	TRIANGLE	SQUARE	0
../R2-7/fixtures_R2A/r2n/r2n_shapetrans_336.r2fx	shapetrans	CIRCLE	CIRCLE	1
../R2-7/fixtures_R2A/r2n/r2n_shapetrans_337.r2fx	shapetrans	TRIANGLE	TRIANGLE	1
../R2-7/fixtures_R2A/r2n/r2n_shapetrans_338.r2fx	shapetrans	SQUARE	SQUARE	1
../R2-7/fixtures_R2A/r2n/r2n_shapetrans_339.r2fx	shapetrans	CIRCLE	CIRCLE	1
../R2-7/fixtures_R2A/r2n/r2n_shapetrans_34.r2fx	shapetrans	TRIANGLE	TRIANGLE	1
../R2-7/fixtures_R2A/r2n/r2n_shapetrans_340.r2fx	shapetrans	TRIANGLE	TRIANGLE	1
../R2-7/fixtures_R2A/r2n/r2n_shapetrans_341.r2fx	shapetrans	SQUARE	SQUARE	1
../R2-7/fixtures_R2A/r2n/r2n_shapetrans_342.r2fx	shapetrans	CIRCLE	CIRCLE	1
../R2-7/fixtures_R2A/r2n/r2n_shapetrans_343.r2fx	shapetrans	TRIANGLE	TRIANGLE	1
../R2-7/fixtures_R2A/r2n/r2n_shapetrans_344.r2fx	shapetrans	CIRCLE	SQUARE	0
../R2-7/fixtures_R2A/r2n/r2n_shapetrans_345.r2fx	shapetrans	CIRCLE	CIRCLE	1
../R2-7/fixtures_R2A/r2n/r2n_shapetrans_346.r2fx	shapetrans	TRIANGLE	TRIANGLE	1
../R2-7/fixtures_R2A/r2n/r2n_shapetrans_347.r2fx	shapetrans	SQUARE	SQUARE	1
../R2-7/fixtures_R2A/r2n/r2n_shapetrans_348.r2fx	shapetrans	CIRCLE	CIRCLE	1
../R2-7/fixtures_R2A/r2n/r2n_shapetrans_349.r2fx	shapetrans	TRIANGLE	TRIANGLE	1
../R2-7/fixtures_R2A/r2n/r2n_shapetrans_35.r2fx	shapetrans	CIRCLE	SQUARE	0
../R2-7/fixtures_R2A/r2n/r2n_shapetrans_350.r2fx	shapetrans	TRIANGLE	SQUARE	0
../R2-7/fixtures_R2A/r2n/r2n_shapetrans_351.r2fx	shapetrans	CIRCLE	CIRCLE	1
../R2-7/fixtures_R2A/r2n/r2n_shapetrans_352.r2fx	shapetrans	TRIANGLE	TRIANGLE	1
../R2-7/fixtures_R2A/r2n/r2n_shapetrans_353.r2fx	shapetrans	CIRCLE	SQUARE	0
../R2-7/fixtures_R2A/r2n/r2n_shapetrans_354.r2fx	shapetrans	CIRCLE	CIRCLE	1
../R2-7/fixtures_R2A/r2n/r2n_shapetrans_355.r2fx	shapetrans	TRIANGLE	TRIANGLE	1
../R2-7/fixtures_R2A/r2n/r2n_shapetrans_356.r2fx	shapetrans	CIRCLE	SQUARE	0
../R2-7/fixtures_R2A/r2n/r2n_shapetrans_357.r2fx	shapetrans	CIRCLE	CIRCLE	1
../R2-7/fixtures_R2A/r2n/r2n_shapetrans_358.r2fx	shapetrans	TRIANGLE	TRIANGLE	1
../R2-7/fixtures_R2A/r2n/r2n_shapetrans_359.r2fx	shapetrans	SQUARE	SQUARE	1
../R2-7/fixtures_R2A/r2n/r2n_shapetrans_36.r2fx	shapetrans	CIRCLE	CIRCLE	1
../R2-7/fixtures_R2A/r2n/r2n_shapetrans_360.r2fx	shapetrans	CIRCLE	CIRCLE	1
../R2-7/fixtures_R2A/r2n/r2n_shapetrans_361.r2fx	shapetrans	TRIANGLE	TRIANGLE	1
../R2-7/fixtures_R2A/r2n/r2n_shapetrans_362.r2fx	shapetrans	SQUARE	SQUARE	1
../R2-7/fixtures_R2A/r2n/r2n_shapetrans_363.r2fx	shapetrans	CIRCLE	CIRCLE	1
../R2-7/fixtures_R2A/r2n/r2n_shapetrans_364.r2fx	shapetrans	TRIANGLE	TRIANGLE	1
../R2-7/fixtures_R2A/r2n/r2n_shapetrans_365.r2fx	shapetrans	TRIANGLE	SQUARE	0
../R2-7/fixtures_R2A/r2n/r2n_shapetrans_366.r2fx	shapetrans	CIRCLE	CIRCLE	1
../R2-7/fixtures_R2A/r2n/r2n_shapetrans_367.r2fx	shapetrans	TRIANGLE	TRIANGLE	1
../R2-7/fixtures_R2A/r2n/r2n_shapetrans_368.r2fx	shapetrans	SQUARE	SQUARE	1
../R2-7/fixtures_R2A/r2n/r2n_shapetrans_369.r2fx	shapetrans	CIRCLE	CIRCLE	1
../R2-7/fixtures_R2A/r2n/r2n_shapetrans_37.r2fx	shapetrans	TRIANGLE	TRIANGLE	1
../R2-7/fixtures_R2A/r2n/r2n_shapetrans_370.r2fx	shapetrans	TRIANGLE	TRIANGLE	1
../R2-7/fixtures_R2A/r2n/r2n_shapetrans_371.r2fx	shapetrans	TRIANGLE	SQUARE	0
../R2-7/fixtures_R2A/r2n/r2n_shapetrans_372.r2fx	shapetrans	CIRCLE	CIRCLE	1
../R2-7/fixtures_R2A/r2n/r2n_shapetrans_373.r2fx	shapetrans	TRIANGLE	TRIANGLE	1
../R2-7/fixtures_R2A/r2n/r2n_shapetrans_374.r2fx	shapetrans	TRIANGLE	SQUARE	0
../R2-7/fixtures_R2A/r2n/r2n_shapetrans_375.r2fx	shapetrans	CIRCLE	CIRCLE	1
../R2-7/fixtures_R2A/r2n/r2n_shapetrans_376.r2fx	shapetrans	TRIANGLE	TRIANGLE	1
../R2-7/fixtures_R2A/r2n/r2n_shapetrans_377.r2fx	shapetrans	SQUARE	SQUARE	1
../R2-7/fixtures_R2A/r2n/r2n_shapetrans_378.r2fx	shapetrans	CIRCLE	CIRCLE	1
../R2-7/fixtures_R2A/r2n/r2n_shapetrans_379.r2fx	shapetrans	TRIANGLE	TRIANGLE	1
../R2-7/fixtures_R2A/r2n/r2n_shapetrans_38.r2fx	shapetrans	TRIANGLE	SQUARE	0
../R2-7/fixtures_R2A/r2n/r2n_shapetrans_380.r2fx	shapetrans	SQUARE	SQUARE	1
../R2-7/fixtures_R2A/r2n/r2n_shapetrans_381.r2fx	shapetrans	CIRCLE	CIRCLE	1
../R2-7/fixtures_R2A/r2n/r2n_shapetrans_382.r2fx	shapetrans	TRIANGLE	TRIANGLE	1
../R2-7/fixtures_R2A/r2n/r2n_shapetrans_383.r2fx	shapetrans	SQUARE	SQUARE	1
../R2-7/fixtures_R2A/r2n/r2n_shapetrans_384.r2fx	shapetrans	CIRCLE	CIRCLE	1
../R2-7/fixtures_R2A/r2n/r2n_shapetrans_385.r2fx	shapetrans	TRIANGLE	TRIANGLE	1
../R2-7/fixtures_R2A/r2n/r2n_shapetrans_386.r2fx	shapetrans	SQUARE	SQUARE	1
../R2-7/fixtures_R2A/r2n/r2n_shapetrans_387.r2fx	shapetrans	CIRCLE	CIRCLE	1
../R2-7/fixtures_R2A/r2n/r2n_shapetrans_388.r2fx	shapetrans	TRIANGLE	TRIANGLE	1
../R2-7/fixtures_R2A/r2n/r2n_shapetrans_389.r2fx	shapetrans	SQUARE	SQUARE	1
../R2-7/fixtures_R2A/r2n/r2n_shapetrans_39.r2fx	shapetrans	CIRCLE	CIRCLE	1
../R2-7/fixtures_R2A/r2n/r2n_shapetrans_390.r2fx	shapetrans	CIRCLE	CIRCLE	1
../R2-7/fixtures_R2A/r2n/r2n_shapetrans_391.r2fx	shapetrans	TRIANGLE	TRIANGLE	1
../R2-7/fixtures_R2A/r2n/r2n_shapetrans_392.r2fx	shapetrans	SQUARE	SQUARE	1
../R2-7/fixtures_R2A/r2n/r2n_shapetrans_393.r2fx	shapetrans	CIRCLE	CIRCLE	1
../R2-7/fixtures_R2A/r2n/r2n_shapetrans_394.r2fx	shapetrans	TRIANGLE	TRIANGLE	1
../R2-7/fixtures_R2A/r2n/r2n_shapetrans_395.r2fx	shapetrans	SQUARE	SQUARE	1
../R2-7/fixtures_R2A/r2n/r2n_shapetrans_396.r2fx	shapetrans	CIRCLE	CIRCLE	1
../R2-7/fixtures_R2A/r2n/r2n_shapetrans_397.r2fx	shapetrans	TRIANGLE	TRIANGLE	1
../R2-7/fixtures_R2A/r2n/r2n_shapetrans_398.r2fx	shapetrans	CIRCLE	SQUARE	0
../R2-7/fixtures_R2A/r2n/r2n_shapetrans_399.r2fx	shapetrans	CIRCLE	CIRCLE	1
../R2-7/fixtures_R2A/r2n/r2n_shapetrans_4.r2fx	shapetrans	TRIANGLE	TRIANGLE	1
../R2-7/fixtures_R2A/r2n/r2n_shapetrans_40.r2fx	shapetrans	TRIANGLE	TRIANGLE	1
../R2-7/fixtures_R2A/r2n/r2n_shapetrans_400.r2fx	shapetrans	TRIANGLE	TRIANGLE	1
../R2-7/fixtures_R2A/r2n/r2n_shapetrans_401.r2fx	shapetrans	CIRCLE	SQUARE	0
../R2-7/fixtures_R2A/r2n/r2n_shapetrans_402.r2fx	shapetrans	CIRCLE	CIRCLE	1
../R2-7/fixtures_R2A/r2n/r2n_shapetrans_403.r2fx	shapetrans	TRIANGLE	TRIANGLE	1
../R2-7/fixtures_R2A/r2n/r2n_shapetrans_404.r2fx	shapetrans	CIRCLE	SQUARE	0
../R2-7/fixtures_R2A/r2n/r2n_shapetrans_405.r2fx	shapetrans	CIRCLE	CIRCLE	1
../R2-7/fixtures_R2A/r2n/r2n_shapetrans_406.r2fx	shapetrans	TRIANGLE	TRIANGLE	1
../R2-7/fixtures_R2A/r2n/r2n_shapetrans_407.r2fx	shapetrans	CIRCLE	SQUARE	0
../R2-7/fixtures_R2A/r2n/r2n_shapetrans_408.r2fx	shapetrans	CIRCLE	CIRCLE	1
../R2-7/fixtures_R2A/r2n/r2n_shapetrans_409.r2fx	shapetrans	TRIANGLE	TRIANGLE	1
../R2-7/fixtures_R2A/r2n/r2n_shapetrans_41.r2fx	shapetrans	SQUARE	SQUARE	1
../R2-7/fixtures_R2A/r2n/r2n_shapetrans_410.r2fx	shapetrans	TRIANGLE	SQUARE	0
../R2-7/fixtures_R2A/r2n/r2n_shapetrans_411.r2fx	shapetrans	CIRCLE	CIRCLE	1
../R2-7/fixtures_R2A/r2n/r2n_shapetrans_412.r2fx	shapetrans	TRIANGLE	TRIANGLE	1
../R2-7/fixtures_R2A/r2n/r2n_shapetrans_413.r2fx	shapetrans	CIRCLE	SQUARE	0
../R2-7/fixtures_R2A/r2n/r2n_shapetrans_414.r2fx	shapetrans	CIRCLE	CIRCLE	1
../R2-7/fixtures_R2A/r2n/r2n_shapetrans_415.r2fx	shapetrans	TRIANGLE	TRIANGLE	1
../R2-7/fixtures_R2A/r2n/r2n_shapetrans_416.r2fx	shapetrans	SQUARE	SQUARE	1
../R2-7/fixtures_R2A/r2n/r2n_shapetrans_417.r2fx	shapetrans	CIRCLE	CIRCLE	1
../R2-7/fixtures_R2A/r2n/r2n_shapetrans_418.r2fx	shapetrans	TRIANGLE	TRIANGLE	1
../R2-7/fixtures_R2A/r2n/r2n_shapetrans_419.r2fx	shapetrans	SQUARE	SQUARE	1
../R2-7/fixtures_R2A/r2n/r2n_shapetrans_42.r2fx	shapetrans	CIRCLE	CIRCLE	1
../R2-7/fixtures_R2A/r2n/r2n_shapetrans_420.r2fx	shapetrans	CIRCLE	CIRCLE	1
../R2-7/fixtures_R2A/r2n/r2n_shapetrans_421.r2fx	shapetrans	TRIANGLE	TRIANGLE	1
../R2-7/fixtures_R2A/r2n/r2n_shapetrans_422.r2fx	shapetrans	CIRCLE	SQUARE	0
../R2-7/fixtures_R2A/r2n/r2n_shapetrans_423.r2fx	shapetrans	CIRCLE	CIRCLE	1
../R2-7/fixtures_R2A/r2n/r2n_shapetrans_424.r2fx	shapetrans	TRIANGLE	TRIANGLE	1
../R2-7/fixtures_R2A/r2n/r2n_shapetrans_425.r2fx	shapetrans	TRIANGLE	SQUARE	0
../R2-7/fixtures_R2A/r2n/r2n_shapetrans_426.r2fx	shapetrans	CIRCLE	CIRCLE	1
../R2-7/fixtures_R2A/r2n/r2n_shapetrans_427.r2fx	shapetrans	TRIANGLE	TRIANGLE	1
../R2-7/fixtures_R2A/r2n/r2n_shapetrans_428.r2fx	shapetrans	SQUARE	SQUARE	1
../R2-7/fixtures_R2A/r2n/r2n_shapetrans_429.r2fx	shapetrans	CIRCLE	CIRCLE	1
../R2-7/fixtures_R2A/r2n/r2n_shapetrans_43.r2fx	shapetrans	TRIANGLE	TRIANGLE	1
../R2-7/fixtures_R2A/r2n/r2n_shapetrans_430.r2fx	shapetrans	TRIANGLE	TRIANGLE	1
../R2-7/fixtures_R2A/r2n/r2n_shapetrans_431.r2fx	shapetrans	TRIANGLE	SQUARE	0
../R2-7/fixtures_R2A/r2n/r2n_shapetrans_432.r2fx	shapetrans	CIRCLE	CIRCLE	1
../R2-7/fixtures_R2A/r2n/r2n_shapetrans_433.r2fx	shapetrans	TRIANGLE	TRIANGLE	1
../R2-7/fixtures_R2A/r2n/r2n_shapetrans_434.r2fx	shapetrans	SQUARE	SQUARE	1
../R2-7/fixtures_R2A/r2n/r2n_shapetrans_435.r2fx	shapetrans	CIRCLE	CIRCLE	1
../R2-7/fixtures_R2A/r2n/r2n_shapetrans_436.r2fx	shapetrans	TRIANGLE	TRIANGLE	1
../R2-7/fixtures_R2A/r2n/r2n_shapetrans_437.r2fx	shapetrans	SQUARE	SQUARE	1
../R2-7/fixtures_R2A/r2n/r2n_shapetrans_438.r2fx	shapetrans	CIRCLE	CIRCLE	1
../R2-7/fixtures_R2A/r2n/r2n_shapetrans_439.r2fx	shapetrans	TRIANGLE	TRIANGLE	1
../R2-7/fixtures_R2A/r2n/r2n_shapetrans_44.r2fx	shapetrans	TRIANGLE	SQUARE	0
../R2-7/fixtures_R2A/r2n/r2n_shapetrans_440.r2fx	shapetrans	CIRCLE	SQUARE	0
../R2-7/fixtures_R2A/r2n/r2n_shapetrans_441.r2fx	shapetrans	CIRCLE	CIRCLE	1
../R2-7/fixtures_R2A/r2n/r2n_shapetrans_442.r2fx	shapetrans	TRIANGLE	TRIANGLE	1
../R2-7/fixtures_R2A/r2n/r2n_shapetrans_443.r2fx	shapetrans	CIRCLE	SQUARE	0
../R2-7/fixtures_R2A/r2n/r2n_shapetrans_444.r2fx	shapetrans	CIRCLE	CIRCLE	1
../R2-7/fixtures_R2A/r2n/r2n_shapetrans_445.r2fx	shapetrans	TRIANGLE	TRIANGLE	1
../R2-7/fixtures_R2A/r2n/r2n_shapetrans_446.r2fx	shapetrans	SQUARE	SQUARE	1
../R2-7/fixtures_R2A/r2n/r2n_shapetrans_447.r2fx	shapetrans	CIRCLE	CIRCLE	1
../R2-7/fixtures_R2A/r2n/r2n_shapetrans_448.r2fx	shapetrans	TRIANGLE	TRIANGLE	1
../R2-7/fixtures_R2A/r2n/r2n_shapetrans_449.r2fx	shapetrans	TRIANGLE	SQUARE	0
../R2-7/fixtures_R2A/r2n/r2n_shapetrans_45.r2fx	shapetrans	CIRCLE	CIRCLE	1
../R2-7/fixtures_R2A/r2n/r2n_shapetrans_450.r2fx	shapetrans	CIRCLE	CIRCLE	1
../R2-7/fixtures_R2A/r2n/r2n_shapetrans_451.r2fx	shapetrans	TRIANGLE	TRIANGLE	1
../R2-7/fixtures_R2A/r2n/r2n_shapetrans_452.r2fx	shapetrans	CIRCLE	SQUARE	0
../R2-7/fixtures_R2A/r2n/r2n_shapetrans_453.r2fx	shapetrans	CIRCLE	CIRCLE	1
../R2-7/fixtures_R2A/r2n/r2n_shapetrans_454.r2fx	shapetrans	TRIANGLE	TRIANGLE	1
../R2-7/fixtures_R2A/r2n/r2n_shapetrans_455.r2fx	shapetrans	SQUARE	SQUARE	1
../R2-7/fixtures_R2A/r2n/r2n_shapetrans_456.r2fx	shapetrans	CIRCLE	CIRCLE	1
../R2-7/fixtures_R2A/r2n/r2n_shapetrans_457.r2fx	shapetrans	TRIANGLE	TRIANGLE	1
../R2-7/fixtures_R2A/r2n/r2n_shapetrans_458.r2fx	shapetrans	SQUARE	SQUARE	1
../R2-7/fixtures_R2A/r2n/r2n_shapetrans_459.r2fx	shapetrans	CIRCLE	CIRCLE	1
../R2-7/fixtures_R2A/r2n/r2n_shapetrans_46.r2fx	shapetrans	TRIANGLE	TRIANGLE	1
../R2-7/fixtures_R2A/r2n/r2n_shapetrans_460.r2fx	shapetrans	TRIANGLE	TRIANGLE	1
../R2-7/fixtures_R2A/r2n/r2n_shapetrans_461.r2fx	shapetrans	TRIANGLE	SQUARE	0
../R2-7/fixtures_R2A/r2n/r2n_shapetrans_462.r2fx	shapetrans	CIRCLE	CIRCLE	1
../R2-7/fixtures_R2A/r2n/r2n_shapetrans_463.r2fx	shapetrans	TRIANGLE	TRIANGLE	1
../R2-7/fixtures_R2A/r2n/r2n_shapetrans_464.r2fx	shapetrans	SQUARE	SQUARE	1
../R2-7/fixtures_R2A/r2n/r2n_shapetrans_465.r2fx	shapetrans	CIRCLE	CIRCLE	1
../R2-7/fixtures_R2A/r2n/r2n_shapetrans_466.r2fx	shapetrans	TRIANGLE	TRIANGLE	1
../R2-7/fixtures_R2A/r2n/r2n_shapetrans_467.r2fx	shapetrans	CIRCLE	SQUARE	0
../R2-7/fixtures_R2A/r2n/r2n_shapetrans_468.r2fx	shapetrans	CIRCLE	CIRCLE	1
../R2-7/fixtures_R2A/r2n/r2n_shapetrans_469.r2fx	shapetrans	TRIANGLE	TRIANGLE	1
../R2-7/fixtures_R2A/r2n/r2n_shapetrans_47.r2fx	shapetrans	SQUARE	SQUARE	1
../R2-7/fixtures_R2A/r2n/r2n_shapetrans_470.r2fx	shapetrans	TRIANGLE	SQUARE	0
../R2-7/fixtures_R2A/r2n/r2n_shapetrans_471.r2fx	shapetrans	CIRCLE	CIRCLE	1
../R2-7/fixtures_R2A/r2n/r2n_shapetrans_472.r2fx	shapetrans	TRIANGLE	TRIANGLE	1
../R2-7/fixtures_R2A/r2n/r2n_shapetrans_473.r2fx	shapetrans	SQUARE	SQUARE	1
../R2-7/fixtures_R2A/r2n/r2n_shapetrans_474.r2fx	shapetrans	CIRCLE	CIRCLE	1
../R2-7/fixtures_R2A/r2n/r2n_shapetrans_475.r2fx	shapetrans	TRIANGLE	TRIANGLE	1
../R2-7/fixtures_R2A/r2n/r2n_shapetrans_476.r2fx	shapetrans	TRIANGLE	SQUARE	0
../R2-7/fixtures_R2A/r2n/r2n_shapetrans_477.r2fx	shapetrans	CIRCLE	CIRCLE	1
../R2-7/fixtures_R2A/r2n/r2n_shapetrans_478.r2fx	shapetrans	TRIANGLE	TRIANGLE	1
../R2-7/fixtures_R2A/r2n/r2n_shapetrans_479.r2fx	shapetrans	CIRCLE	SQUARE	0
../R2-7/fixtures_R2A/r2n/r2n_shapetrans_48.r2fx	shapetrans	CIRCLE	CIRCLE	1
../R2-7/fixtures_R2A/r2n/r2n_shapetrans_480.r2fx	shapetrans	CIRCLE	CIRCLE	1
../R2-7/fixtures_R2A/r2n/r2n_shapetrans_481.r2fx	shapetrans	TRIANGLE	TRIANGLE	1
../R2-7/fixtures_R2A/r2n/r2n_shapetrans_482.r2fx	shapetrans	TRIANGLE	SQUARE	0
../R2-7/fixtures_R2A/r2n/r2n_shapetrans_483.r2fx	shapetrans	CIRCLE	CIRCLE	1
../R2-7/fixtures_R2A/r2n/r2n_shapetrans_484.r2fx	shapetrans	TRIANGLE	TRIANGLE	1
../R2-7/fixtures_R2A/r2n/r2n_shapetrans_485.r2fx	shapetrans	SQUARE	SQUARE	1
../R2-7/fixtures_R2A/r2n/r2n_shapetrans_486.r2fx	shapetrans	CIRCLE	CIRCLE	1
../R2-7/fixtures_R2A/r2n/r2n_shapetrans_487.r2fx	shapetrans	TRIANGLE	TRIANGLE	1
../R2-7/fixtures_R2A/r2n/r2n_shapetrans_488.r2fx	shapetrans	SQUARE	SQUARE	1
../R2-7/fixtures_R2A/r2n/r2n_shapetrans_489.r2fx	shapetrans	CIRCLE	CIRCLE	1
../R2-7/fixtures_R2A/r2n/r2n_shapetrans_49.r2fx	shapetrans	TRIANGLE	TRIANGLE	1
../R2-7/fixtures_R2A/r2n/r2n_shapetrans_490.r2fx	shapetrans	TRIANGLE	TRIANGLE	1
../R2-7/fixtures_R2A/r2n/r2n_shapetrans_491.r2fx	shapetrans	SQUARE	SQUARE	1
../R2-7/fixtures_R2A/r2n/r2n_shapetrans_492.r2fx	shapetrans	CIRCLE	CIRCLE	1
../R2-7/fixtures_R2A/r2n/r2n_shapetrans_493.r2fx	shapetrans	TRIANGLE	TRIANGLE	1
../R2-7/fixtures_R2A/r2n/r2n_shapetrans_494.r2fx	shapetrans	CIRCLE	SQUARE	0
../R2-7/fixtures_R2A/r2n/r2n_shapetrans_495.r2fx	shapetrans	CIRCLE	CIRCLE	1
../R2-7/fixtures_R2A/r2n/r2n_shapetrans_496.r2fx	shapetrans	TRIANGLE	TRIANGLE	1
../R2-7/fixtures_R2A/r2n/r2n_shapetrans_497.r2fx	shapetrans	SQUARE	SQUARE	1
../R2-7/fixtures_R2A/r2n/r2n_shapetrans_498.r2fx	shapetrans	CIRCLE	CIRCLE	1
../R2-7/fixtures_R2A/r2n/r2n_shapetrans_499.r2fx	shapetrans	TRIANGLE	TRIANGLE	1
../R2-7/fixtures_R2A/r2n/r2n_shapetrans_5.r2fx	shapetrans	CIRCLE	SQUARE	0
../R2-7/fixtures_R2A/r2n/r2n_shapetrans_50.r2fx	shapetrans	TRIANGLE	SQUARE	0
../R2-7/fixtures_R2A/r2n/r2n_shapetrans_500.r2fx	shapetrans	CIRCLE	SQUARE	0
../R2-7/fixtures_R2A/r2n/r2n_shapetrans_501.r2fx	shapetrans	CIRCLE	CIRCLE	1
../R2-7/fixtures_R2A/r2n/r2n_shapetrans_502.r2fx	shapetrans	TRIANGLE	TRIANGLE	1
../R2-7/fixtures_R2A/r2n/r2n_shapetrans_503.r2fx	shapetrans	SQUARE	SQUARE	1
../R2-7/fixtures_R2A/r2n/r2n_shapetrans_504.r2fx	shapetrans	CIRCLE	CIRCLE	1
../R2-7/fixtures_R2A/r2n/r2n_shapetrans_505.r2fx	shapetrans	TRIANGLE	TRIANGLE	1
../R2-7/fixtures_R2A/r2n/r2n_shapetrans_506.r2fx	shapetrans	CIRCLE	SQUARE	0
../R2-7/fixtures_R2A/r2n/r2n_shapetrans_507.r2fx	shapetrans	CIRCLE	CIRCLE	1
../R2-7/fixtures_R2A/r2n/r2n_shapetrans_508.r2fx	shapetrans	TRIANGLE	TRIANGLE	1
../R2-7/fixtures_R2A/r2n/r2n_shapetrans_509.r2fx	shapetrans	CIRCLE	SQUARE	0
../R2-7/fixtures_R2A/r2n/r2n_shapetrans_51.r2fx	shapetrans	CIRCLE	CIRCLE	1
../R2-7/fixtures_R2A/r2n/r2n_shapetrans_510.r2fx	shapetrans	CIRCLE	CIRCLE	1
../R2-7/fixtures_R2A/r2n/r2n_shapetrans_511.r2fx	shapetrans	TRIANGLE	TRIANGLE	1
../R2-7/fixtures_R2A/r2n/r2n_shapetrans_512.r2fx	shapetrans	TRIANGLE	SQUARE	0
../R2-7/fixtures_R2A/r2n/r2n_shapetrans_513.r2fx	shapetrans	CIRCLE	CIRCLE	1
../R2-7/fixtures_R2A/r2n/r2n_shapetrans_514.r2fx	shapetrans	TRIANGLE	TRIANGLE	1
../R2-7/fixtures_R2A/r2n/r2n_shapetrans_515.r2fx	shapetrans	TRIANGLE	SQUARE	0
../R2-7/fixtures_R2A/r2n/r2n_shapetrans_516.r2fx	shapetrans	CIRCLE	CIRCLE	1
../R2-7/fixtures_R2A/r2n/r2n_shapetrans_517.r2fx	shapetrans	TRIANGLE	TRIANGLE	1
../R2-7/fixtures_R2A/r2n/r2n_shapetrans_518.r2fx	shapetrans	SQUARE	SQUARE	1
../R2-7/fixtures_R2A/r2n/r2n_shapetrans_519.r2fx	shapetrans	CIRCLE	CIRCLE	1
../R2-7/fixtures_R2A/r2n/r2n_shapetrans_52.r2fx	shapetrans	TRIANGLE	TRIANGLE	1
../R2-7/fixtures_R2A/r2n/r2n_shapetrans_520.r2fx	shapetrans	TRIANGLE	TRIANGLE	1
../R2-7/fixtures_R2A/r2n/r2n_shapetrans_521.r2fx	shapetrans	CIRCLE	SQUARE	0
../R2-7/fixtures_R2A/r2n/r2n_shapetrans_522.r2fx	shapetrans	CIRCLE	CIRCLE	1
../R2-7/fixtures_R2A/r2n/r2n_shapetrans_523.r2fx	shapetrans	TRIANGLE	TRIANGLE	1
../R2-7/fixtures_R2A/r2n/r2n_shapetrans_524.r2fx	shapetrans	CIRCLE	SQUARE	0
../R2-7/fixtures_R2A/r2n/r2n_shapetrans_525.r2fx	shapetrans	CIRCLE	CIRCLE	1
../R2-7/fixtures_R2A/r2n/r2n_shapetrans_526.r2fx	shapetrans	TRIANGLE	TRIANGLE	1
../R2-7/fixtures_R2A/r2n/r2n_shapetrans_527.r2fx	shapetrans	SQUARE	SQUARE	1
../R2-7/fixtures_R2A/r2n/r2n_shapetrans_528.r2fx	shapetrans	CIRCLE	CIRCLE	1
../R2-7/fixtures_R2A/r2n/r2n_shapetrans_529.r2fx	shapetrans	TRIANGLE	TRIANGLE	1
../R2-7/fixtures_R2A/r2n/r2n_shapetrans_53.r2fx	shapetrans	SQUARE	SQUARE	1
../R2-7/fixtures_R2A/r2n/r2n_shapetrans_530.r2fx	shapetrans	SQUARE	SQUARE	1
../R2-7/fixtures_R2A/r2n/r2n_shapetrans_531.r2fx	shapetrans	CIRCLE	CIRCLE	1
../R2-7/fixtures_R2A/r2n/r2n_shapetrans_532.r2fx	shapetrans	TRIANGLE	TRIANGLE	1
../R2-7/fixtures_R2A/r2n/r2n_shapetrans_533.r2fx	shapetrans	CIRCLE	SQUARE	0
../R2-7/fixtures_R2A/r2n/r2n_shapetrans_534.r2fx	shapetrans	CIRCLE	CIRCLE	1
../R2-7/fixtures_R2A/r2n/r2n_shapetrans_535.r2fx	shapetrans	TRIANGLE	TRIANGLE	1
../R2-7/fixtures_R2A/r2n/r2n_shapetrans_536.r2fx	shapetrans	CIRCLE	SQUARE	0
../R2-7/fixtures_R2A/r2n/r2n_shapetrans_537.r2fx	shapetrans	CIRCLE	CIRCLE	1
../R2-7/fixtures_R2A/r2n/r2n_shapetrans_538.r2fx	shapetrans	TRIANGLE	TRIANGLE	1
../R2-7/fixtures_R2A/r2n/r2n_shapetrans_539.r2fx	shapetrans	TRIANGLE	SQUARE	0
../R2-7/fixtures_R2A/r2n/r2n_shapetrans_54.r2fx	shapetrans	CIRCLE	CIRCLE	1
../R2-7/fixtures_R2A/r2n/r2n_shapetrans_540.r2fx	shapetrans	CIRCLE	CIRCLE	1
../R2-7/fixtures_R2A/r2n/r2n_shapetrans_541.r2fx	shapetrans	TRIANGLE	TRIANGLE	1
../R2-7/fixtures_R2A/r2n/r2n_shapetrans_542.r2fx	shapetrans	TRIANGLE	SQUARE	0
../R2-7/fixtures_R2A/r2n/r2n_shapetrans_543.r2fx	shapetrans	CIRCLE	CIRCLE	1
../R2-7/fixtures_R2A/r2n/r2n_shapetrans_544.r2fx	shapetrans	TRIANGLE	TRIANGLE	1
../R2-7/fixtures_R2A/r2n/r2n_shapetrans_545.r2fx	shapetrans	TRIANGLE	SQUARE	0
../R2-7/fixtures_R2A/r2n/r2n_shapetrans_546.r2fx	shapetrans	CIRCLE	CIRCLE	1
../R2-7/fixtures_R2A/r2n/r2n_shapetrans_547.r2fx	shapetrans	TRIANGLE	TRIANGLE	1
../R2-7/fixtures_R2A/r2n/r2n_shapetrans_548.r2fx	shapetrans	SQUARE	SQUARE	1
../R2-7/fixtures_R2A/r2n/r2n_shapetrans_549.r2fx	shapetrans	CIRCLE	CIRCLE	1
../R2-7/fixtures_R2A/r2n/r2n_shapetrans_55.r2fx	shapetrans	TRIANGLE	TRIANGLE	1
../R2-7/fixtures_R2A/r2n/r2n_shapetrans_550.r2fx	shapetrans	TRIANGLE	TRIANGLE	1
../R2-7/fixtures_R2A/r2n/r2n_shapetrans_551.r2fx	shapetrans	TRIANGLE	SQUARE	0
../R2-7/fixtures_R2A/r2n/r2n_shapetrans_552.r2fx	shapetrans	CIRCLE	CIRCLE	1
../R2-7/fixtures_R2A/r2n/r2n_shapetrans_553.r2fx	shapetrans	TRIANGLE	TRIANGLE	1
../R2-7/fixtures_R2A/r2n/r2n_shapetrans_554.r2fx	shapetrans	SQUARE	SQUARE	1
../R2-7/fixtures_R2A/r2n/r2n_shapetrans_555.r2fx	shapetrans	CIRCLE	CIRCLE	1
../R2-7/fixtures_R2A/r2n/r2n_shapetrans_556.r2fx	shapetrans	TRIANGLE	TRIANGLE	1
../R2-7/fixtures_R2A/r2n/r2n_shapetrans_557.r2fx	shapetrans	SQUARE	SQUARE	1
../R2-7/fixtures_R2A/r2n/r2n_shapetrans_558.r2fx	shapetrans	CIRCLE	CIRCLE	1
../R2-7/fixtures_R2A/r2n/r2n_shapetrans_559.r2fx	shapetrans	TRIANGLE	TRIANGLE	1
../R2-7/fixtures_R2A/r2n/r2n_shapetrans_56.r2fx	shapetrans	SQUARE	SQUARE	1
../R2-7/fixtures_R2A/r2n/r2n_shapetrans_560.r2fx	shapetrans	SQUARE	SQUARE	1
../R2-7/fixtures_R2A/r2n/r2n_shapetrans_561.r2fx	shapetrans	CIRCLE	CIRCLE	1
../R2-7/fixtures_R2A/r2n/r2n_shapetrans_562.r2fx	shapetrans	TRIANGLE	TRIANGLE	1
../R2-7/fixtures_R2A/r2n/r2n_shapetrans_563.r2fx	shapetrans	SQUARE	SQUARE	1
../R2-7/fixtures_R2A/r2n/r2n_shapetrans_564.r2fx	shapetrans	CIRCLE	CIRCLE	1
../R2-7/fixtures_R2A/r2n/r2n_shapetrans_565.r2fx	shapetrans	TRIANGLE	TRIANGLE	1
../R2-7/fixtures_R2A/r2n/r2n_shapetrans_566.r2fx	shapetrans	CIRCLE	SQUARE	0
../R2-7/fixtures_R2A/r2n/r2n_shapetrans_567.r2fx	shapetrans	CIRCLE	CIRCLE	1
../R2-7/fixtures_R2A/r2n/r2n_shapetrans_568.r2fx	shapetrans	TRIANGLE	TRIANGLE	1
../R2-7/fixtures_R2A/r2n/r2n_shapetrans_569.r2fx	shapetrans	TRIANGLE	SQUARE	0
../R2-7/fixtures_R2A/r2n/r2n_shapetrans_57.r2fx	shapetrans	CIRCLE	CIRCLE	1
../R2-7/fixtures_R2A/r2n/r2n_shapetrans_570.r2fx	shapetrans	CIRCLE	CIRCLE	1
../R2-7/fixtures_R2A/r2n/r2n_shapetrans_571.r2fx	shapetrans	TRIANGLE	TRIANGLE	1
../R2-7/fixtures_R2A/r2n/r2n_shapetrans_572.r2fx	shapetrans	SQUARE	SQUARE	1
../R2-7/fixtures_R2A/r2n/r2n_shapetrans_573.r2fx	shapetrans	CIRCLE	CIRCLE	1
../R2-7/fixtures_R2A/r2n/r2n_shapetrans_574.r2fx	shapetrans	TRIANGLE	TRIANGLE	1
../R2-7/fixtures_R2A/r2n/r2n_shapetrans_575.r2fx	shapetrans	SQUARE	SQUARE	1
../R2-7/fixtures_R2A/r2n/r2n_shapetrans_576.r2fx	shapetrans	CIRCLE	CIRCLE	1
../R2-7/fixtures_R2A/r2n/r2n_shapetrans_577.r2fx	shapetrans	TRIANGLE	TRIANGLE	1
../R2-7/fixtures_R2A/r2n/r2n_shapetrans_578.r2fx	shapetrans	TRIANGLE	SQUARE	0
../R2-7/fixtures_R2A/r2n/r2n_shapetrans_579.r2fx	shapetrans	CIRCLE	CIRCLE	1
../R2-7/fixtures_R2A/r2n/r2n_shapetrans_58.r2fx	shapetrans	TRIANGLE	TRIANGLE	1
../R2-7/fixtures_R2A/r2n/r2n_shapetrans_580.r2fx	shapetrans	TRIANGLE	TRIANGLE	1
../R2-7/fixtures_R2A/r2n/r2n_shapetrans_581.r2fx	shapetrans	CIRCLE	SQUARE	0
../R2-7/fixtures_R2A/r2n/r2n_shapetrans_582.r2fx	shapetrans	CIRCLE	CIRCLE	1
../R2-7/fixtures_R2A/r2n/r2n_shapetrans_583.r2fx	shapetrans	TRIANGLE	TRIANGLE	1
../R2-7/fixtures_R2A/r2n/r2n_shapetrans_584.r2fx	shapetrans	SQUARE	SQUARE	1
../R2-7/fixtures_R2A/r2n/r2n_shapetrans_585.r2fx	shapetrans	CIRCLE	CIRCLE	1
../R2-7/fixtures_R2A/r2n/r2n_shapetrans_586.r2fx	shapetrans	TRIANGLE	TRIANGLE	1
../R2-7/fixtures_R2A/r2n/r2n_shapetrans_587.r2fx	shapetrans	CIRCLE	SQUARE	0
../R2-7/fixtures_R2A/r2n/r2n_shapetrans_588.r2fx	shapetrans	CIRCLE	CIRCLE	1
../R2-7/fixtures_R2A/r2n/r2n_shapetrans_589.r2fx	shapetrans	TRIANGLE	TRIANGLE	1
../R2-7/fixtures_R2A/r2n/r2n_shapetrans_59.r2fx	shapetrans	CIRCLE	SQUARE	0
../R2-7/fixtures_R2A/r2n/r2n_shapetrans_590.r2fx	shapetrans	CIRCLE	SQUARE	0
../R2-7/fixtures_R2A/r2n/r2n_shapetrans_591.r2fx	shapetrans	CIRCLE	CIRCLE	1
../R2-7/fixtures_R2A/r2n/r2n_shapetrans_592.r2fx	shapetrans	TRIANGLE	TRIANGLE	1
../R2-7/fixtures_R2A/r2n/r2n_shapetrans_593.r2fx	shapetrans	SQUARE	SQUARE	1
../R2-7/fixtures_R2A/r2n/r2n_shapetrans_594.r2fx	shapetrans	CIRCLE	CIRCLE	1
../R2-7/fixtures_R2A/r2n/r2n_shapetrans_595.r2fx	shapetrans	TRIANGLE	TRIANGLE	1
../R2-7/fixtures_R2A/r2n/r2n_shapetrans_596.r2fx	shapetrans	CIRCLE	SQUARE	0
../R2-7/fixtures_R2A/r2n/r2n_shapetrans_597.r2fx	shapetrans	CIRCLE	CIRCLE	1
../R2-7/fixtures_R2A/r2n/r2n_shapetrans_598.r2fx	shapetrans	TRIANGLE	TRIANGLE	1
../R2-7/fixtures_R2A/r2n/r2n_shapetrans_599.r2fx	shapetrans	TRIANGLE	SQUARE	0
../R2-7/fixtures_R2A/r2n/r2n_shapetrans_6.r2fx	shapetrans	CIRCLE	CIRCLE	1
../R2-7/fixtures_R2A/r2n/r2n_shapetrans_60.r2fx	shapetrans	CIRCLE	CIRCLE	1
../R2-7/fixtures_R2A/r2n/r2n_shapetrans_600.r2fx	shapetrans	CIRCLE	CIRCLE	1
../R2-7/fixtures_R2A/r2n/r2n_shapetrans_601.r2fx	shapetrans	TRIANGLE	TRIANGLE	1
../R2-7/fixtures_R2A/r2n/r2n_shapetrans_602.r2fx	shapetrans	SQUARE	SQUARE	1
../R2-7/fixtures_R2A/r2n/r2n_shapetrans_603.r2fx	shapetrans	CIRCLE	CIRCLE	1
../R2-7/fixtures_R2A/r2n/r2n_shapetrans_604.r2fx	shapetrans	TRIANGLE	TRIANGLE	1
../R2-7/fixtures_R2A/r2n/r2n_shapetrans_605.r2fx	shapetrans	SQUARE	SQUARE	1
../R2-7/fixtures_R2A/r2n/r2n_shapetrans_606.r2fx	shapetrans	CIRCLE	CIRCLE	1
../R2-7/fixtures_R2A/r2n/r2n_shapetrans_607.r2fx	shapetrans	TRIANGLE	TRIANGLE	1
../R2-7/fixtures_R2A/r2n/r2n_shapetrans_608.r2fx	shapetrans	SQUARE	SQUARE	1
../R2-7/fixtures_R2A/r2n/r2n_shapetrans_609.r2fx	shapetrans	CIRCLE	CIRCLE	1
../R2-7/fixtures_R2A/r2n/r2n_shapetrans_61.r2fx	shapetrans	TRIANGLE	TRIANGLE	1
../R2-7/fixtures_R2A/r2n/r2n_shapetrans_610.r2fx	shapetrans	TRIANGLE	TRIANGLE	1
../R2-7/fixtures_R2A/r2n/r2n_shapetrans_611.r2fx	shapetrans	CIRCLE	SQUARE	0
../R2-7/fixtures_R2A/r2n/r2n_shapetrans_612.r2fx	shapetrans	CIRCLE	CIRCLE	1
../R2-7/fixtures_R2A/r2n/r2n_shapetrans_613.r2fx	shapetrans	TRIANGLE	TRIANGLE	1
../R2-7/fixtures_R2A/r2n/r2n_shapetrans_614.r2fx	shapetrans	CIRCLE	SQUARE	0
../R2-7/fixtures_R2A/r2n/r2n_shapetrans_615.r2fx	shapetrans	CIRCLE	CIRCLE	1
../R2-7/fixtures_R2A/r2n/r2n_shapetrans_616.r2fx	shapetrans	TRIANGLE	TRIANGLE	1
../R2-7/fixtures_R2A/r2n/r2n_shapetrans_617.r2fx	shapetrans	TRIANGLE	SQUARE	0
../R2-7/fixtures_R2A/r2n/r2n_shapetrans_618.r2fx	shapetrans	CIRCLE	CIRCLE	1
../R2-7/fixtures_R2A/r2n/r2n_shapetrans_619.r2fx	shapetrans	TRIANGLE	TRIANGLE	1
../R2-7/fixtures_R2A/r2n/r2n_shapetrans_62.r2fx	shapetrans	TRIANGLE	SQUARE	0
../R2-7/fixtures_R2A/r2n/r2n_shapetrans_620.r2fx	shapetrans	SQUARE	SQUARE	1
../R2-7/fixtures_R2A/r2n/r2n_shapetrans_621.r2fx	shapetrans	CIRCLE	CIRCLE	1
../R2-7/fixtures_R2A/r2n/r2n_shapetrans_622.r2fx	shapetrans	TRIANGLE	TRIANGLE	1
../R2-7/fixtures_R2A/r2n/r2n_shapetrans_623.r2fx	shapetrans	CIRCLE	SQUARE	0
../R2-7/fixtures_R2A/r2n/r2n_shapetrans_624.r2fx	shapetrans	CIRCLE	CIRCLE	1
../R2-7/fixtures_R2A/r2n/r2n_shapetrans_625.r2fx	shapetrans	TRIANGLE	TRIANGLE	1
../R2-7/fixtures_R2A/r2n/r2n_shapetrans_626.r2fx	shapetrans	TRIANGLE	SQUARE	0
../R2-7/fixtures_R2A/r2n/r2n_shapetrans_627.r2fx	shapetrans	CIRCLE	CIRCLE	1
../R2-7/fixtures_R2A/r2n/r2n_shapetrans_628.r2fx	shapetrans	TRIANGLE	TRIANGLE	1
../R2-7/fixtures_R2A/r2n/r2n_shapetrans_629.r2fx	shapetrans	SQUARE	SQUARE	1
../R2-7/fixtures_R2A/r2n/r2n_shapetrans_63.r2fx	shapetrans	CIRCLE	CIRCLE	1
../R2-7/fixtures_R2A/r2n/r2n_shapetrans_630.r2fx	shapetrans	CIRCLE	CIRCLE	1
../R2-7/fixtures_R2A/r2n/r2n_shapetrans_631.r2fx	shapetrans	TRIANGLE	TRIANGLE	1
../R2-7/fixtures_R2A/r2n/r2n_shapetrans_632.r2fx	shapetrans	SQUARE	SQUARE	1
../R2-7/fixtures_R2A/r2n/r2n_shapetrans_633.r2fx	shapetrans	CIRCLE	CIRCLE	1
../R2-7/fixtures_R2A/r2n/r2n_shapetrans_634.r2fx	shapetrans	TRIANGLE	TRIANGLE	1
../R2-7/fixtures_R2A/r2n/r2n_shapetrans_635.r2fx	shapetrans	SQUARE	SQUARE	1
../R2-7/fixtures_R2A/r2n/r2n_shapetrans_636.r2fx	shapetrans	CIRCLE	CIRCLE	1
../R2-7/fixtures_R2A/r2n/r2n_shapetrans_637.r2fx	shapetrans	TRIANGLE	TRIANGLE	1
../R2-7/fixtures_R2A/r2n/r2n_shapetrans_638.r2fx	shapetrans	CIRCLE	SQUARE	0
../R2-7/fixtures_R2A/r2n/r2n_shapetrans_639.r2fx	shapetrans	CIRCLE	CIRCLE	1
../R2-7/fixtures_R2A/r2n/r2n_shapetrans_64.r2fx	shapetrans	TRIANGLE	TRIANGLE	1
../R2-7/fixtures_R2A/r2n/r2n_shapetrans_640.r2fx	shapetrans	TRIANGLE	TRIANGLE	1
../R2-7/fixtures_R2A/r2n/r2n_shapetrans_641.r2fx	shapetrans	TRIANGLE	SQUARE	0
../R2-7/fixtures_R2A/r2n/r2n_shapetrans_642.r2fx	shapetrans	CIRCLE	CIRCLE	1
../R2-7/fixtures_R2A/r2n/r2n_shapetrans_643.r2fx	shapetrans	TRIANGLE	TRIANGLE	1
../R2-7/fixtures_R2A/r2n/r2n_shapetrans_644.r2fx	shapetrans	TRIANGLE	SQUARE	0
../R2-7/fixtures_R2A/r2n/r2n_shapetrans_645.r2fx	shapetrans	CIRCLE	CIRCLE	1
../R2-7/fixtures_R2A/r2n/r2n_shapetrans_646.r2fx	shapetrans	TRIANGLE	TRIANGLE	1
../R2-7/fixtures_R2A/r2n/r2n_shapetrans_647.r2fx	shapetrans	SQUARE	SQUARE	1
../R2-7/fixtures_R2A/r2n/r2n_shapetrans_648.r2fx	shapetrans	CIRCLE	CIRCLE	1
../R2-7/fixtures_R2A/r2n/r2n_shapetrans_649.r2fx	shapetrans	TRIANGLE	TRIANGLE	1
../R2-7/fixtures_R2A/r2n/r2n_shapetrans_65.r2fx	shapetrans	TRIANGLE	SQUARE	0
../R2-7/fixtures_R2A/r2n/r2n_shapetrans_650.r2fx	shapetrans	SQUARE	SQUARE	1
../R2-7/fixtures_R2A/r2n/r2n_shapetrans_651.r2fx	shapetrans	CIRCLE	CIRCLE	1
../R2-7/fixtures_R2A/r2n/r2n_shapetrans_652.r2fx	shapetrans	TRIANGLE	TRIANGLE	1
../R2-7/fixtures_R2A/r2n/r2n_shapetrans_653.r2fx	shapetrans	TRIANGLE	SQUARE	0
../R2-7/fixtures_R2A/r2n/r2n_shapetrans_654.r2fx	shapetrans	CIRCLE	CIRCLE	1
../R2-7/fixtures_R2A/r2n/r2n_shapetrans_655.r2fx	shapetrans	TRIANGLE	TRIANGLE	1
../R2-7/fixtures_R2A/r2n/r2n_shapetrans_656.r2fx	shapetrans	TRIANGLE	SQUARE	0
../R2-7/fixtures_R2A/r2n/r2n_shapetrans_657.r2fx	shapetrans	CIRCLE	CIRCLE	1
../R2-7/fixtures_R2A/r2n/r2n_shapetrans_658.r2fx	shapetrans	TRIANGLE	TRIANGLE	1
../R2-7/fixtures_R2A/r2n/r2n_shapetrans_659.r2fx	shapetrans	SQUARE	SQUARE	1
../R2-7/fixtures_R2A/r2n/r2n_shapetrans_66.r2fx	shapetrans	CIRCLE	CIRCLE	1
../R2-7/fixtures_R2A/r2n/r2n_shapetrans_660.r2fx	shapetrans	CIRCLE	CIRCLE	1
../R2-7/fixtures_R2A/r2n/r2n_shapetrans_661.r2fx	shapetrans	TRIANGLE	TRIANGLE	1
../R2-7/fixtures_R2A/r2n/r2n_shapetrans_662.r2fx	shapetrans	CIRCLE	SQUARE	0
../R2-7/fixtures_R2A/r2n/r2n_shapetrans_663.r2fx	shapetrans	CIRCLE	CIRCLE	1
../R2-7/fixtures_R2A/r2n/r2n_shapetrans_664.r2fx	shapetrans	TRIANGLE	TRIANGLE	1
../R2-7/fixtures_R2A/r2n/r2n_shapetrans_665.r2fx	shapetrans	SQUARE	SQUARE	1
../R2-7/fixtures_R2A/r2n/r2n_shapetrans_666.r2fx	shapetrans	CIRCLE	CIRCLE	1
../R2-7/fixtures_R2A/r2n/r2n_shapetrans_667.r2fx	shapetrans	TRIANGLE	TRIANGLE	1
../R2-7/fixtures_R2A/r2n/r2n_shapetrans_668.r2fx	shapetrans	CIRCLE	SQUARE	0
../R2-7/fixtures_R2A/r2n/r2n_shapetrans_669.r2fx	shapetrans	CIRCLE	CIRCLE	1
../R2-7/fixtures_R2A/r2n/r2n_shapetrans_67.r2fx	shapetrans	TRIANGLE	TRIANGLE	1
../R2-7/fixtures_R2A/r2n/r2n_shapetrans_670.r2fx	shapetrans	TRIANGLE	TRIANGLE	1
../R2-7/fixtures_R2A/r2n/r2n_shapetrans_671.r2fx	shapetrans	TRIANGLE	SQUARE	0
../R2-7/fixtures_R2A/r2n/r2n_shapetrans_672.r2fx	shapetrans	CIRCLE	CIRCLE	1
../R2-7/fixtures_R2A/r2n/r2n_shapetrans_673.r2fx	shapetrans	TRIANGLE	TRIANGLE	1
../R2-7/fixtures_R2A/r2n/r2n_shapetrans_674.r2fx	shapetrans	CIRCLE	SQUARE	0
../R2-7/fixtures_R2A/r2n/r2n_shapetrans_675.r2fx	shapetrans	CIRCLE	CIRCLE	1
../R2-7/fixtures_R2A/r2n/r2n_shapetrans_676.r2fx	shapetrans	TRIANGLE	TRIANGLE	1
../R2-7/fixtures_R2A/r2n/r2n_shapetrans_677.r2fx	shapetrans	SQUARE	SQUARE	1
../R2-7/fixtures_R2A/r2n/r2n_shapetrans_678.r2fx	shapetrans	CIRCLE	CIRCLE	1
../R2-7/fixtures_R2A/r2n/r2n_shapetrans_679.r2fx	shapetrans	TRIANGLE	TRIANGLE	1
../R2-7/fixtures_R2A/r2n/r2n_shapetrans_68.r2fx	shapetrans	SQUARE	SQUARE	1
../R2-7/fixtures_R2A/r2n/r2n_shapetrans_680.r2fx	shapetrans	TRIANGLE	SQUARE	0
../R2-7/fixtures_R2A/r2n/r2n_shapetrans_681.r2fx	shapetrans	CIRCLE	CIRCLE	1
../R2-7/fixtures_R2A/r2n/r2n_shapetrans_682.r2fx	shapetrans	TRIANGLE	TRIANGLE	1
../R2-7/fixtures_R2A/r2n/r2n_shapetrans_683.r2fx	shapetrans	CIRCLE	SQUARE	0
../R2-7/fixtures_R2A/r2n/r2n_shapetrans_684.r2fx	shapetrans	CIRCLE	CIRCLE	1
../R2-7/fixtures_R2A/r2n/r2n_shapetrans_685.r2fx	shapetrans	TRIANGLE	TRIANGLE	1
../R2-7/fixtures_R2A/r2n/r2n_shapetrans_686.r2fx	shapetrans	TRIANGLE	SQUARE	0
../R2-7/fixtures_R2A/r2n/r2n_shapetrans_687.r2fx	shapetrans	CIRCLE	CIRCLE	1
../R2-7/fixtures_R2A/r2n/r2n_shapetrans_688.r2fx	shapetrans	TRIANGLE	TRIANGLE	1
../R2-7/fixtures_R2A/r2n/r2n_shapetrans_689.r2fx	shapetrans	SQUARE	SQUARE	1
../R2-7/fixtures_R2A/r2n/r2n_shapetrans_69.r2fx	shapetrans	CIRCLE	CIRCLE	1
../R2-7/fixtures_R2A/r2n/r2n_shapetrans_690.r2fx	shapetrans	CIRCLE	CIRCLE	1
../R2-7/fixtures_R2A/r2n/r2n_shapetrans_691.r2fx	shapetrans	TRIANGLE	TRIANGLE	1
../R2-7/fixtures_R2A/r2n/r2n_shapetrans_692.r2fx	shapetrans	CIRCLE	SQUARE	0
../R2-7/fixtures_R2A/r2n/r2n_shapetrans_693.r2fx	shapetrans	CIRCLE	CIRCLE	1
../R2-7/fixtures_R2A/r2n/r2n_shapetrans_694.r2fx	shapetrans	TRIANGLE	TRIANGLE	1
../R2-7/fixtures_R2A/r2n/r2n_shapetrans_695.r2fx	shapetrans	TRIANGLE	SQUARE	0
../R2-7/fixtures_R2A/r2n/r2n_shapetrans_696.r2fx	shapetrans	CIRCLE	CIRCLE	1
../R2-7/fixtures_R2A/r2n/r2n_shapetrans_697.r2fx	shapetrans	TRIANGLE	TRIANGLE	1
../R2-7/fixtures_R2A/r2n/r2n_shapetrans_698.r2fx	shapetrans	CIRCLE	SQUARE	0
../R2-7/fixtures_R2A/r2n/r2n_shapetrans_699.r2fx	shapetrans	CIRCLE	CIRCLE	1
../R2-7/fixtures_R2A/r2n/r2n_shapetrans_7.r2fx	shapetrans	TRIANGLE	TRIANGLE	1
../R2-7/fixtures_R2A/r2n/r2n_shapetrans_70.r2fx	shapetrans	TRIANGLE	TRIANGLE	1
../R2-7/fixtures_R2A/r2n/r2n_shapetrans_700.r2fx	shapetrans	TRIANGLE	TRIANGLE	1
../R2-7/fixtures_R2A/r2n/r2n_shapetrans_701.r2fx	shapetrans	SQUARE	SQUARE	1
../R2-7/fixtures_R2A/r2n/r2n_shapetrans_702.r2fx	shapetrans	CIRCLE	CIRCLE	1
../R2-7/fixtures_R2A/r2n/r2n_shapetrans_703.r2fx	shapetrans	TRIANGLE	TRIANGLE	1
../R2-7/fixtures_R2A/r2n/r2n_shapetrans_704.r2fx	shapetrans	SQUARE	SQUARE	1
../R2-7/fixtures_R2A/r2n/r2n_shapetrans_705.r2fx	shapetrans	CIRCLE	CIRCLE	1
../R2-7/fixtures_R2A/r2n/r2n_shapetrans_706.r2fx	shapetrans	TRIANGLE	TRIANGLE	1
../R2-7/fixtures_R2A/r2n/r2n_shapetrans_707.r2fx	shapetrans	SQUARE	SQUARE	1
../R2-7/fixtures_R2A/r2n/r2n_shapetrans_708.r2fx	shapetrans	CIRCLE	CIRCLE	1
../R2-7/fixtures_R2A/r2n/r2n_shapetrans_709.r2fx	shapetrans	TRIANGLE	TRIANGLE	1
../R2-7/fixtures_R2A/r2n/r2n_shapetrans_71.r2fx	shapetrans	TRIANGLE	SQUARE	0
../R2-7/fixtures_R2A/r2n/r2n_shapetrans_710.r2fx	shapetrans	TRIANGLE	SQUARE	0
../R2-7/fixtures_R2A/r2n/r2n_shapetrans_711.r2fx	shapetrans	CIRCLE	CIRCLE	1
../R2-7/fixtures_R2A/r2n/r2n_shapetrans_712.r2fx	shapetrans	TRIANGLE	TRIANGLE	1
../R2-7/fixtures_R2A/r2n/r2n_shapetrans_713.r2fx	shapetrans	SQUARE	SQUARE	1
../R2-7/fixtures_R2A/r2n/r2n_shapetrans_714.r2fx	shapetrans	CIRCLE	CIRCLE	1
../R2-7/fixtures_R2A/r2n/r2n_shapetrans_715.r2fx	shapetrans	TRIANGLE	TRIANGLE	1
../R2-7/fixtures_R2A/r2n/r2n_shapetrans_716.r2fx	shapetrans	SQUARE	SQUARE	1
../R2-7/fixtures_R2A/r2n/r2n_shapetrans_717.r2fx	shapetrans	CIRCLE	CIRCLE	1
../R2-7/fixtures_R2A/r2n/r2n_shapetrans_718.r2fx	shapetrans	TRIANGLE	TRIANGLE	1
../R2-7/fixtures_R2A/r2n/r2n_shapetrans_719.r2fx	shapetrans	SQUARE	SQUARE	1
../R2-7/fixtures_R2A/r2n/r2n_shapetrans_72.r2fx	shapetrans	CIRCLE	CIRCLE	1
../R2-7/fixtures_R2A/r2n/r2n_shapetrans_720.r2fx	shapetrans	CIRCLE	CIRCLE	1
../R2-7/fixtures_R2A/r2n/r2n_shapetrans_721.r2fx	shapetrans	TRIANGLE	TRIANGLE	1
../R2-7/fixtures_R2A/r2n/r2n_shapetrans_722.r2fx	shapetrans	CIRCLE	SQUARE	0
../R2-7/fixtures_R2A/r2n/r2n_shapetrans_723.r2fx	shapetrans	CIRCLE	CIRCLE	1
../R2-7/fixtures_R2A/r2n/r2n_shapetrans_724.r2fx	shapetrans	TRIANGLE	TRIANGLE	1
../R2-7/fixtures_R2A/r2n/r2n_shapetrans_725.r2fx	shapetrans	CIRCLE	SQUARE	0
../R2-7/fixtures_R2A/r2n/r2n_shapetrans_726.r2fx	shapetrans	CIRCLE	CIRCLE	1
../R2-7/fixtures_R2A/r2n/r2n_shapetrans_727.r2fx	shapetrans	TRIANGLE	TRIANGLE	1
../R2-7/fixtures_R2A/r2n/r2n_shapetrans_728.r2fx	shapetrans	SQUARE	SQUARE	1
../R2-7/fixtures_R2A/r2n/r2n_shapetrans_729.r2fx	shapetrans	CIRCLE	CIRCLE	1
../R2-7/fixtures_R2A/r2n/r2n_shapetrans_73.r2fx	shapetrans	TRIANGLE	TRIANGLE	1
../R2-7/fixtures_R2A/r2n/r2n_shapetrans_730.r2fx	shapetrans	TRIANGLE	TRIANGLE	1
../R2-7/fixtures_R2A/r2n/r2n_shapetrans_731.r2fx	shapetrans	TRIANGLE	SQUARE	0
../R2-7/fixtures_R2A/r2n/r2n_shapetrans_732.r2fx	shapetrans	CIRCLE	CIRCLE	1
../R2-7/fixtures_R2A/r2n/r2n_shapetrans_733.r2fx	shapetrans	TRIANGLE	TRIANGLE	1
../R2-7/fixtures_R2A/r2n/r2n_shapetrans_734.r2fx	shapetrans	CIRCLE	SQUARE	0
../R2-7/fixtures_R2A/r2n/r2n_shapetrans_735.r2fx	shapetrans	CIRCLE	CIRCLE	1
../R2-7/fixtures_R2A/r2n/r2n_shapetrans_736.r2fx	shapetrans	TRIANGLE	TRIANGLE	1
../R2-7/fixtures_R2A/r2n/r2n_shapetrans_737.r2fx	shapetrans	CIRCLE	SQUARE	0
../R2-7/fixtures_R2A/r2n/r2n_shapetrans_738.r2fx	shapetrans	CIRCLE	CIRCLE	1
../R2-7/fixtures_R2A/r2n/r2n_shapetrans_739.r2fx	shapetrans	TRIANGLE	TRIANGLE	1
../R2-7/fixtures_R2A/r2n/r2n_shapetrans_74.r2fx	shapetrans	SQUARE	SQUARE	1
../R2-7/fixtures_R2A/r2n/r2n_shapetrans_740.r2fx	shapetrans	TRIANGLE	SQUARE	0
../R2-7/fixtures_R2A/r2n/r2n_shapetrans_741.r2fx	shapetrans	CIRCLE	CIRCLE	1
../R2-7/fixtures_R2A/r2n/r2n_shapetrans_742.r2fx	shapetrans	TRIANGLE	TRIANGLE	1
../R2-7/fixtures_R2A/r2n/r2n_shapetrans_743.r2fx	shapetrans	TRIANGLE	SQUARE	0
../R2-7/fixtures_R2A/r2n/r2n_shapetrans_744.r2fx	shapetrans	CIRCLE	CIRCLE	1
../R2-7/fixtures_R2A/r2n/r2n_shapetrans_745.r2fx	shapetrans	TRIANGLE	TRIANGLE	1
../R2-7/fixtures_R2A/r2n/r2n_shapetrans_746.r2fx	shapetrans	TRIANGLE	SQUARE	0
../R2-7/fixtures_R2A/r2n/r2n_shapetrans_747.r2fx	shapetrans	CIRCLE	CIRCLE	1
../R2-7/fixtures_R2A/r2n/r2n_shapetrans_748.r2fx	shapetrans	TRIANGLE	TRIANGLE	1
../R2-7/fixtures_R2A/r2n/r2n_shapetrans_749.r2fx	shapetrans	CIRCLE	SQUARE	0
../R2-7/fixtures_R2A/r2n/r2n_shapetrans_75.r2fx	shapetrans	CIRCLE	CIRCLE	1
../R2-7/fixtures_R2A/r2n/r2n_shapetrans_750.r2fx	shapetrans	CIRCLE	CIRCLE	1
../R2-7/fixtures_R2A/r2n/r2n_shapetrans_751.r2fx	shapetrans	TRIANGLE	TRIANGLE	1
../R2-7/fixtures_R2A/r2n/r2n_shapetrans_752.r2fx	shapetrans	SQUARE	SQUARE	1
../R2-7/fixtures_R2A/r2n/r2n_shapetrans_753.r2fx	shapetrans	CIRCLE	CIRCLE	1
../R2-7/fixtures_R2A/r2n/r2n_shapetrans_754.r2fx	shapetrans	TRIANGLE	TRIANGLE	1
../R2-7/fixtures_R2A/r2n/r2n_shapetrans_755.r2fx	shapetrans	SQUARE	SQUARE	1
../R2-7/fixtures_R2A/r2n/r2n_shapetrans_756.r2fx	shapetrans	CIRCLE	CIRCLE	1
../R2-7/fixtures_R2A/r2n/r2n_shapetrans_757.r2fx	shapetrans	TRIANGLE	TRIANGLE	1
../R2-7/fixtures_R2A/r2n/r2n_shapetrans_758.r2fx	shapetrans	CIRCLE	SQUARE	0
../R2-7/fixtures_R2A/r2n/r2n_shapetrans_759.r2fx	shapetrans	CIRCLE	CIRCLE	1
../R2-7/fixtures_R2A/r2n/r2n_shapetrans_76.r2fx	shapetrans	TRIANGLE	TRIANGLE	1
../R2-7/fixtures_R2A/r2n/r2n_shapetrans_760.r2fx	shapetrans	TRIANGLE	TRIANGLE	1
../R2-7/fixtures_R2A/r2n/r2n_shapetrans_761.r2fx	shapetrans	CIRCLE	SQUARE	0
../R2-7/fixtures_R2A/r2n/r2n_shapetrans_762.r2fx	shapetrans	CIRCLE	CIRCLE	1
../R2-7/fixtures_R2A/r2n/r2n_shapetrans_763.r2fx	shapetrans	TRIANGLE	TRIANGLE	1
../R2-7/fixtures_R2A/r2n/r2n_shapetrans_764.r2fx	shapetrans	SQUARE	SQUARE	1
../R2-7/fixtures_R2A/r2n/r2n_shapetrans_765.r2fx	shapetrans	CIRCLE	CIRCLE	1
../R2-7/fixtures_R2A/r2n/r2n_shapetrans_766.r2fx	shapetrans	TRIANGLE	TRIANGLE	1
../R2-7/fixtures_R2A/r2n/r2n_shapetrans_767.r2fx	shapetrans	SQUARE	SQUARE	1
../R2-7/fixtures_R2A/r2n/r2n_shapetrans_768.r2fx	shapetrans	CIRCLE	CIRCLE	1
../R2-7/fixtures_R2A/r2n/r2n_shapetrans_769.r2fx	shapetrans	TRIANGLE	TRIANGLE	1
../R2-7/fixtures_R2A/r2n/r2n_shapetrans_77.r2fx	shapetrans	TRIANGLE	SQUARE	0
../R2-7/fixtures_R2A/r2n/r2n_shapetrans_770.r2fx	shapetrans	SQUARE	SQUARE	1
../R2-7/fixtures_R2A/r2n/r2n_shapetrans_771.r2fx	shapetrans	CIRCLE	CIRCLE	1
../R2-7/fixtures_R2A/r2n/r2n_shapetrans_772.r2fx	shapetrans	TRIANGLE	TRIANGLE	1
../R2-7/fixtures_R2A/r2n/r2n_shapetrans_773.r2fx	shapetrans	TRIANGLE	SQUARE	0
../R2-7/fixtures_R2A/r2n/r2n_shapetrans_774.r2fx	shapetrans	CIRCLE	CIRCLE	1
../R2-7/fixtures_R2A/r2n/r2n_shapetrans_775.r2fx	shapetrans	TRIANGLE	TRIANGLE	1
../R2-7/fixtures_R2A/r2n/r2n_shapetrans_776.r2fx	shapetrans	SQUARE	SQUARE	1
../R2-7/fixtures_R2A/r2n/r2n_shapetrans_777.r2fx	shapetrans	CIRCLE	CIRCLE	1
../R2-7/fixtures_R2A/r2n/r2n_shapetrans_778.r2fx	shapetrans	TRIANGLE	TRIANGLE	1
../R2-7/fixtures_R2A/r2n/r2n_shapetrans_779.r2fx	shapetrans	SQUARE	SQUARE	1
../R2-7/fixtures_R2A/r2n/r2n_shapetrans_78.r2fx	shapetrans	CIRCLE	CIRCLE	1
../R2-7/fixtures_R2A/r2n/r2n_shapetrans_780.r2fx	shapetrans	CIRCLE	CIRCLE	1
../R2-7/fixtures_R2A/r2n/r2n_shapetrans_781.r2fx	shapetrans	TRIANGLE	TRIANGLE	1
../R2-7/fixtures_R2A/r2n/r2n_shapetrans_782.r2fx	shapetrans	SQUARE	SQUARE	1
../R2-7/fixtures_R2A/r2n/r2n_shapetrans_783.r2fx	shapetrans	CIRCLE	CIRCLE	1
../R2-7/fixtures_R2A/r2n/r2n_shapetrans_784.r2fx	shapetrans	TRIANGLE	TRIANGLE	1
../R2-7/fixtures_R2A/r2n/r2n_shapetrans_785.r2fx	shapetrans	SQUARE	SQUARE	1
../R2-7/fixtures_R2A/r2n/r2n_shapetrans_786.r2fx	shapetrans	CIRCLE	CIRCLE	1
../R2-7/fixtures_R2A/r2n/r2n_shapetrans_787.r2fx	shapetrans	TRIANGLE	TRIANGLE	1
../R2-7/fixtures_R2A/r2n/r2n_shapetrans_788.r2fx	shapetrans	CIRCLE	SQUARE	0
../R2-7/fixtures_R2A/r2n/r2n_shapetrans_789.r2fx	shapetrans	CIRCLE	CIRCLE	1
../R2-7/fixtures_R2A/r2n/r2n_shapetrans_79.r2fx	shapetrans	TRIANGLE	TRIANGLE	1
../R2-7/fixtures_R2A/r2n/r2n_shapetrans_790.r2fx	shapetrans	TRIANGLE	TRIANGLE	1
../R2-7/fixtures_R2A/r2n/r2n_shapetrans_791.r2fx	shapetrans	CIRCLE	SQUARE	0
../R2-7/fixtures_R2A/r2n/r2n_shapetrans_792.r2fx	shapetrans	CIRCLE	CIRCLE	1
../R2-7/fixtures_R2A/r2n/r2n_shapetrans_793.r2fx	shapetrans	TRIANGLE	TRIANGLE	1
../R2-7/fixtures_R2A/r2n/r2n_shapetrans_794.r2fx	shapetrans	SQUARE	SQUARE	1
../R2-7/fixtures_R2A/r2n/r2n_shapetrans_795.r2fx	shapetrans	CIRCLE	CIRCLE	1
../R2-7/fixtures_R2A/r2n/r2n_shapetrans_796.r2fx	shapetrans	TRIANGLE	TRIANGLE	1
../R2-7/fixtures_R2A/r2n/r2n_shapetrans_797.r2fx	shapetrans	CIRCLE	SQUARE	0
../R2-7/fixtures_R2A/r2n/r2n_shapetrans_798.r2fx	shapetrans	CIRCLE	CIRCLE	1
../R2-7/fixtures_R2A/r2n/r2n_shapetrans_799.r2fx	shapetrans	TRIANGLE	TRIANGLE	1
../R2-7/fixtures_R2A/r2n/r2n_shapetrans_8.r2fx	shapetrans	SQUARE	SQUARE	1
../R2-7/fixtures_R2A/r2n/r2n_shapetrans_80.r2fx	shapetrans	CIRCLE	SQUARE	0
../R2-7/fixtures_R2A/r2n/r2n_shapetrans_800.r2fx	shapetrans	CIRCLE	SQUARE	0
../R2-7/fixtures_R2A/r2n/r2n_shapetrans_801.r2fx	shapetrans	CIRCLE	CIRCLE	1
../R2-7/fixtures_R2A/r2n/r2n_shapetrans_802.r2fx	shapetrans	TRIANGLE	TRIANGLE	1
../R2-7/fixtures_R2A/r2n/r2n_shapetrans_803.r2fx	shapetrans	CIRCLE	SQUARE	0
../R2-7/fixtures_R2A/r2n/r2n_shapetrans_804.r2fx	shapetrans	CIRCLE	CIRCLE	1
../R2-7/fixtures_R2A/r2n/r2n_shapetrans_805.r2fx	shapetrans	TRIANGLE	TRIANGLE	1
../R2-7/fixtures_R2A/r2n/r2n_shapetrans_806.r2fx	shapetrans	CIRCLE	SQUARE	0
../R2-7/fixtures_R2A/r2n/r2n_shapetrans_807.r2fx	shapetrans	CIRCLE	CIRCLE	1
../R2-7/fixtures_R2A/r2n/r2n_shapetrans_808.r2fx	shapetrans	TRIANGLE	TRIANGLE	1
../R2-7/fixtures_R2A/r2n/r2n_shapetrans_809.r2fx	shapetrans	SQUARE	SQUARE	1
../R2-7/fixtures_R2A/r2n/r2n_shapetrans_81.r2fx	shapetrans	CIRCLE	CIRCLE	1
../R2-7/fixtures_R2A/r2n/r2n_shapetrans_810.r2fx	shapetrans	CIRCLE	CIRCLE	1
../R2-7/fixtures_R2A/r2n/r2n_shapetrans_811.r2fx	shapetrans	TRIANGLE	TRIANGLE	1
../R2-7/fixtures_R2A/r2n/r2n_shapetrans_812.r2fx	shapetrans	TRIANGLE	SQUARE	0
../R2-7/fixtures_R2A/r2n/r2n_shapetrans_813.r2fx	shapetrans	CIRCLE	CIRCLE	1
../R2-7/fixtures_R2A/r2n/r2n_shapetrans_814.r2fx	shapetrans	TRIANGLE	TRIANGLE	1
../R2-7/fixtures_R2A/r2n/r2n_shapetrans_815.r2fx	shapetrans	TRIANGLE	SQUARE	0
../R2-7/fixtures_R2A/r2n/r2n_shapetrans_816.r2fx	shapetrans	CIRCLE	CIRCLE	1
../R2-7/fixtures_R2A/r2n/r2n_shapetrans_817.r2fx	shapetrans	TRIANGLE	TRIANGLE	1
../R2-7/fixtures_R2A/r2n/r2n_shapetrans_818.r2fx	shapetrans	SQUARE	SQUARE	1
../R2-7/fixtures_R2A/r2n/r2n_shapetrans_819.r2fx	shapetrans	CIRCLE	CIRCLE	1
../R2-7/fixtures_R2A/r2n/r2n_shapetrans_82.r2fx	shapetrans	TRIANGLE	TRIANGLE	1
../R2-7/fixtures_R2A/r2n/r2n_shapetrans_820.r2fx	shapetrans	TRIANGLE	TRIANGLE	1
../R2-7/fixtures_R2A/r2n/r2n_shapetrans_821.r2fx	shapetrans	SQUARE	SQUARE	1
../R2-7/fixtures_R2A/r2n/r2n_shapetrans_822.r2fx	shapetrans	CIRCLE	CIRCLE	1
../R2-7/fixtures_R2A/r2n/r2n_shapetrans_823.r2fx	shapetrans	TRIANGLE	TRIANGLE	1
../R2-7/fixtures_R2A/r2n/r2n_shapetrans_824.r2fx	shapetrans	TRIANGLE	SQUARE	0
../R2-7/fixtures_R2A/r2n/r2n_shapetrans_825.r2fx	shapetrans	CIRCLE	CIRCLE	1
../R2-7/fixtures_R2A/r2n/r2n_shapetrans_826.r2fx	shapetrans	TRIANGLE	TRIANGLE	1
../R2-7/fixtures_R2A/r2n/r2n_shapetrans_827.r2fx	shapetrans	CIRCLE	SQUARE	0
../R2-7/fixtures_R2A/r2n/r2n_shapetrans_828.r2fx	shapetrans	CIRCLE	CIRCLE	1
../R2-7/fixtures_R2A/r2n/r2n_shapetrans_829.r2fx	shapetrans	TRIANGLE	TRIANGLE	1
../R2-7/fixtures_R2A/r2n/r2n_shapetrans_83.r2fx	shapetrans	TRIANGLE	SQUARE	0
../R2-7/fixtures_R2A/r2n/r2n_shapetrans_830.r2fx	shapetrans	SQUARE	SQUARE	1
../R2-7/fixtures_R2A/r2n/r2n_shapetrans_831.r2fx	shapetrans	CIRCLE	CIRCLE	1
../R2-7/fixtures_R2A/r2n/r2n_shapetrans_832.r2fx	shapetrans	TRIANGLE	TRIANGLE	1
../R2-7/fixtures_R2A/r2n/r2n_shapetrans_833.r2fx	shapetrans	TRIANGLE	SQUARE	0
../R2-7/fixtures_R2A/r2n/r2n_shapetrans_834.r2fx	shapetrans	CIRCLE	CIRCLE	1
../R2-7/fixtures_R2A/r2n/r2n_shapetrans_835.r2fx	shapetrans	TRIANGLE	TRIANGLE	1
../R2-7/fixtures_R2A/r2n/r2n_shapetrans_836.r2fx	shapetrans	SQUARE	SQUARE	1
../R2-7/fixtures_R2A/r2n/r2n_shapetrans_837.r2fx	shapetrans	CIRCLE	CIRCLE	1
../R2-7/fixtures_R2A/r2n/r2n_shapetrans_838.r2fx	shapetrans	TRIANGLE	TRIANGLE	1
../R2-7/fixtures_R2A/r2n/r2n_shapetrans_839.r2fx	shapetrans	TRIANGLE	SQUARE	0
../R2-7/fixtures_R2A/r2n/r2n_shapetrans_84.r2fx	shapetrans	CIRCLE	CIRCLE	1
../R2-7/fixtures_R2A/r2n/r2n_shapetrans_840.r2fx	shapetrans	CIRCLE	CIRCLE	1
../R2-7/fixtures_R2A/r2n/r2n_shapetrans_841.r2fx	shapetrans	TRIANGLE	TRIANGLE	1
../R2-7/fixtures_R2A/r2n/r2n_shapetrans_842.r2fx	shapetrans	CIRCLE	SQUARE	0
../R2-7/fixtures_R2A/r2n/r2n_shapetrans_843.r2fx	shapetrans	CIRCLE	CIRCLE	1
../R2-7/fixtures_R2A/r2n/r2n_shapetrans_844.r2fx	shapetrans	TRIANGLE	TRIANGLE	1
../R2-7/fixtures_R2A/r2n/r2n_shapetrans_845.r2fx	shapetrans	CIRCLE	SQUARE	0
../R2-7/fixtures_R2A/r2n/r2n_shapetrans_846.r2fx	shapetrans	CIRCLE	CIRCLE	1
../R2-7/fixtures_R2A/r2n/r2n_shapetrans_847.r2fx	shapetrans	TRIANGLE	TRIANGLE	1
../R2-7/fixtures_R2A/r2n/r2n_shapetrans_848.r2fx	shapetrans	TRIANGLE	SQUARE	0
../R2-7/fixtures_R2A/r2n/r2n_shapetrans_849.r2fx	shapetrans	CIRCLE	CIRCLE	1
../R2-7/fixtures_R2A/r2n/r2n_shapetrans_85.r2fx	shapetrans	TRIANGLE	TRIANGLE	1
../R2-7/fixtures_R2A/r2n/r2n_shapetrans_850.r2fx	shapetrans	TRIANGLE	TRIANGLE	1
../R2-7/fixtures_R2A/r2n/r2n_shapetrans_851.r2fx	shapetrans	TRIANGLE	SQUARE	0
../R2-7/fixtures_R2A/r2n/r2n_shapetrans_852.r2fx	shapetrans	CIRCLE	CIRCLE	1
../R2-7/fixtures_R2A/r2n/r2n_shapetrans_853.r2fx	shapetrans	TRIANGLE	TRIANGLE	1
../R2-7/fixtures_R2A/r2n/r2n_shapetrans_854.r2fx	shapetrans	SQUARE	SQUARE	1
../R2-7/fixtures_R2A/r2n/r2n_shapetrans_855.r2fx	shapetrans	CIRCLE	CIRCLE	1
../R2-7/fixtures_R2A/r2n/r2n_shapetrans_856.r2fx	shapetrans	TRIANGLE	TRIANGLE	1
../R2-7/fixtures_R2A/r2n/r2n_shapetrans_857.r2fx	shapetrans	CIRCLE	SQUARE	0
../R2-7/fixtures_R2A/r2n/r2n_shapetrans_858.r2fx	shapetrans	CIRCLE	CIRCLE	1
../R2-7/fixtures_R2A/r2n/r2n_shapetrans_859.r2fx	shapetrans	TRIANGLE	TRIANGLE	1
../R2-7/fixtures_R2A/r2n/r2n_shapetrans_86.r2fx	shapetrans	TRIANGLE	SQUARE	0
../R2-7/fixtures_R2A/r2n/r2n_shapetrans_860.r2fx	shapetrans	SQUARE	SQUARE	1
../R2-7/fixtures_R2A/r2n/r2n_shapetrans_861.r2fx	shapetrans	CIRCLE	CIRCLE	1
../R2-7/fixtures_R2A/r2n/r2n_shapetrans_862.r2fx	shapetrans	TRIANGLE	TRIANGLE	1
../R2-7/fixtures_R2A/r2n/r2n_shapetrans_863.r2fx	shapetrans	TRIANGLE	SQUARE	0
../R2-7/fixtures_R2A/r2n/r2n_shapetrans_864.r2fx	shapetrans	CIRCLE	CIRCLE	1
../R2-7/fixtures_R2A/r2n/r2n_shapetrans_865.r2fx	shapetrans	TRIANGLE	TRIANGLE	1
../R2-7/fixtures_R2A/r2n/r2n_shapetrans_866.r2fx	shapetrans	SQUARE	SQUARE	1
../R2-7/fixtures_R2A/r2n/r2n_shapetrans_867.r2fx	shapetrans	CIRCLE	CIRCLE	1
../R2-7/fixtures_R2A/r2n/r2n_shapetrans_868.r2fx	shapetrans	TRIANGLE	TRIANGLE	1
../R2-7/fixtures_R2A/r2n/r2n_shapetrans_869.r2fx	shapetrans	CIRCLE	SQUARE	0
../R2-7/fixtures_R2A/r2n/r2n_shapetrans_87.r2fx	shapetrans	CIRCLE	CIRCLE	1
../R2-7/fixtures_R2A/r2n/r2n_shapetrans_870.r2fx	shapetrans	CIRCLE	CIRCLE	1
../R2-7/fixtures_R2A/r2n/r2n_shapetrans_871.r2fx	shapetrans	TRIANGLE	TRIANGLE	1
../R2-7/fixtures_R2A/r2n/r2n_shapetrans_872.r2fx	shapetrans	SQUARE	SQUARE	1
../R2-7/fixtures_R2A/r2n/r2n_shapetrans_873.r2fx	shapetrans	CIRCLE	CIRCLE	1
../R2-7/fixtures_R2A/r2n/r2n_shapetrans_874.r2fx	shapetrans	TRIANGLE	TRIANGLE	1
../R2-7/fixtures_R2A/r2n/r2n_shapetrans_875.r2fx	shapetrans	SQUARE	SQUARE	1
../R2-7/fixtures_R2A/r2n/r2n_shapetrans_876.r2fx	shapetrans	CIRCLE	CIRCLE	1
../R2-7/fixtures_R2A/r2n/r2n_shapetrans_877.r2fx	shapetrans	TRIANGLE	TRIANGLE	1
../R2-7/fixtures_R2A/r2n/r2n_shapetrans_878.r2fx	shapetrans	SQUARE	SQUARE	1
../R2-7/fixtures_R2A/r2n/r2n_shapetrans_879.r2fx	shapetrans	CIRCLE	CIRCLE	1
../R2-7/fixtures_R2A/r2n/r2n_shapetrans_88.r2fx	shapetrans	TRIANGLE	TRIANGLE	1
../R2-7/fixtures_R2A/r2n/r2n_shapetrans_880.r2fx	shapetrans	TRIANGLE	TRIANGLE	1
../R2-7/fixtures_R2A/r2n/r2n_shapetrans_881.r2fx	shapetrans	SQUARE	SQUARE	1
../R2-7/fixtures_R2A/r2n/r2n_shapetrans_882.r2fx	shapetrans	CIRCLE	CIRCLE	1
../R2-7/fixtures_R2A/r2n/r2n_shapetrans_883.r2fx	shapetrans	TRIANGLE	TRIANGLE	1
../R2-7/fixtures_R2A/r2n/r2n_shapetrans_884.r2fx	shapetrans	TRIANGLE	SQUARE	0
../R2-7/fixtures_R2A/r2n/r2n_shapetrans_885.r2fx	shapetrans	CIRCLE	CIRCLE	1
../R2-7/fixtures_R2A/r2n/r2n_shapetrans_886.r2fx	shapetrans	TRIANGLE	TRIANGLE	1
../R2-7/fixtures_R2A/r2n/r2n_shapetrans_887.r2fx	shapetrans	SQUARE	SQUARE	1
../R2-7/fixtures_R2A/r2n/r2n_shapetrans_888.r2fx	shapetrans	CIRCLE	CIRCLE	1
../R2-7/fixtures_R2A/r2n/r2n_shapetrans_889.r2fx	shapetrans	TRIANGLE	TRIANGLE	1
../R2-7/fixtures_R2A/r2n/r2n_shapetrans_89.r2fx	shapetrans	TRIANGLE	SQUARE	0
../R2-7/fixtures_R2A/r2n/r2n_shapetrans_890.r2fx	shapetrans	TRIANGLE	SQUARE	0
../R2-7/fixtures_R2A/r2n/r2n_shapetrans_891.r2fx	shapetrans	CIRCLE	CIRCLE	1
../R2-7/fixtures_R2A/r2n/r2n_shapetrans_892.r2fx	shapetrans	TRIANGLE	TRIANGLE	1
../R2-7/fixtures_R2A/r2n/r2n_shapetrans_893.r2fx	shapetrans	SQUARE	SQUARE	1
../R2-7/fixtures_R2A/r2n/r2n_shapetrans_894.r2fx	shapetrans	CIRCLE	CIRCLE	1
../R2-7/fixtures_R2A/r2n/r2n_shapetrans_895.r2fx	shapetrans	TRIANGLE	TRIANGLE	1
../R2-7/fixtures_R2A/r2n/r2n_shapetrans_896.r2fx	shapetrans	SQUARE	SQUARE	1
../R2-7/fixtures_R2A/r2n/r2n_shapetrans_897.r2fx	shapetrans	CIRCLE	CIRCLE	1
../R2-7/fixtures_R2A/r2n/r2n_shapetrans_898.r2fx	shapetrans	TRIANGLE	TRIANGLE	1
../R2-7/fixtures_R2A/r2n/r2n_shapetrans_899.r2fx	shapetrans	SQUARE	SQUARE	1
../R2-7/fixtures_R2A/r2n/r2n_shapetrans_9.r2fx	shapetrans	CIRCLE	CIRCLE	1
../R2-7/fixtures_R2A/r2n/r2n_shapetrans_90.r2fx	shapetrans	CIRCLE	CIRCLE	1
../R2-7/fixtures_R2A/r2n/r2n_shapetrans_900.r2fx	shapetrans	CIRCLE	CIRCLE	1
../R2-7/fixtures_R2A/r2n/r2n_shapetrans_901.r2fx	shapetrans	TRIANGLE	TRIANGLE	1
../R2-7/fixtures_R2A/r2n/r2n_shapetrans_902.r2fx	shapetrans	TRIANGLE	SQUARE	0
../R2-7/fixtures_R2A/r2n/r2n_shapetrans_903.r2fx	shapetrans	CIRCLE	CIRCLE	1
../R2-7/fixtures_R2A/r2n/r2n_shapetrans_904.r2fx	shapetrans	TRIANGLE	TRIANGLE	1
../R2-7/fixtures_R2A/r2n/r2n_shapetrans_905.r2fx	shapetrans	SQUARE	SQUARE	1
../R2-7/fixtures_R2A/r2n/r2n_shapetrans_906.r2fx	shapetrans	CIRCLE	CIRCLE	1
../R2-7/fixtures_R2A/r2n/r2n_shapetrans_907.r2fx	shapetrans	TRIANGLE	TRIANGLE	1
../R2-7/fixtures_R2A/r2n/r2n_shapetrans_908.r2fx	shapetrans	CIRCLE	SQUARE	0
../R2-7/fixtures_R2A/r2n/r2n_shapetrans_909.r2fx	shapetrans	CIRCLE	CIRCLE	1
../R2-7/fixtures_R2A/r2n/r2n_shapetrans_91.r2fx	shapetrans	TRIANGLE	TRIANGLE	1
../R2-7/fixtures_R2A/r2n/r2n_shapetrans_910.r2fx	shapetrans	TRIANGLE	TRIANGLE	1
../R2-7/fixtures_R2A/r2n/r2n_shapetrans_911.r2fx	shapetrans	SQUARE	SQUARE	1
../R2-7/fixtures_R2A/r2n/r2n_shapetrans_912.r2fx	shapetrans	CIRCLE	CIRCLE	1
../R2-7/fixtures_R2A/r2n/r2n_shapetrans_913.r2fx	shapetrans	TRIANGLE	TRIANGLE	1
../R2-7/fixtures_R2A/r2n/r2n_shapetrans_914.r2fx	shapetrans	SQUARE	SQUARE	1
../R2-7/fixtures_R2A/r2n/r2n_shapetrans_915.r2fx	shapetrans	CIRCLE	CIRCLE	1
../R2-7/fixtures_R2A/r2n/r2n_shapetrans_916.r2fx	shapetrans	TRIANGLE	TRIANGLE	1
../R2-7/fixtures_R2A/r2n/r2n_shapetrans_917.r2fx	shapetrans	TRIANGLE	SQUARE	0
../R2-7/fixtures_R2A/r2n/r2n_shapetrans_918.r2fx	shapetrans	CIRCLE	CIRCLE	1
../R2-7/fixtures_R2A/r2n/r2n_shapetrans_919.r2fx	shapetrans	TRIANGLE	TRIANGLE	1
../R2-7/fixtures_R2A/r2n/r2n_shapetrans_92.r2fx	shapetrans	CIRCLE	SQUARE	0
../R2-7/fixtures_R2A/r2n/r2n_shapetrans_920.r2fx	shapetrans	SQUARE	SQUARE	1
../R2-7/fixtures_R2A/r2n/r2n_shapetrans_921.r2fx	shapetrans	CIRCLE	CIRCLE	1
../R2-7/fixtures_R2A/r2n/r2n_shapetrans_922.r2fx	shapetrans	TRIANGLE	TRIANGLE	1
../R2-7/fixtures_R2A/r2n/r2n_shapetrans_923.r2fx	shapetrans	CIRCLE	SQUARE	0
../R2-7/fixtures_R2A/r2n/r2n_shapetrans_924.r2fx	shapetrans	CIRCLE	CIRCLE	1
../R2-7/fixtures_R2A/r2n/r2n_shapetrans_925.r2fx	shapetrans	TRIANGLE	TRIANGLE	1
../R2-7/fixtures_R2A/r2n/r2n_shapetrans_926.r2fx	shapetrans	CIRCLE	SQUARE	0
../R2-7/fixtures_R2A/r2n/r2n_shapetrans_927.r2fx	shapetrans	CIRCLE	CIRCLE	1
../R2-7/fixtures_R2A/r2n/r2n_shapetrans_928.r2fx	shapetrans	TRIANGLE	TRIANGLE	1
../R2-7/fixtures_R2A/r2n/r2n_shapetrans_929.r2fx	shapetrans	TRIANGLE	SQUARE	0
../R2-7/fixtures_R2A/r2n/r2n_shapetrans_93.r2fx	shapetrans	CIRCLE	CIRCLE	1
../R2-7/fixtures_R2A/r2n/r2n_shapetrans_930.r2fx	shapetrans	CIRCLE	CIRCLE	1
../R2-7/fixtures_R2A/r2n/r2n_shapetrans_931.r2fx	shapetrans	TRIANGLE	TRIANGLE	1
../R2-7/fixtures_R2A/r2n/r2n_shapetrans_932.r2fx	shapetrans	SQUARE	SQUARE	1
../R2-7/fixtures_R2A/r2n/r2n_shapetrans_933.r2fx	shapetrans	CIRCLE	CIRCLE	1
../R2-7/fixtures_R2A/r2n/r2n_shapetrans_934.r2fx	shapetrans	TRIANGLE	TRIANGLE	1
../R2-7/fixtures_R2A/r2n/r2n_shapetrans_935.r2fx	shapetrans	SQUARE	SQUARE	1
../R2-7/fixtures_R2A/r2n/r2n_shapetrans_936.r2fx	shapetrans	CIRCLE	CIRCLE	1
../R2-7/fixtures_R2A/r2n/r2n_shapetrans_937.r2fx	shapetrans	TRIANGLE	TRIANGLE	1
../R2-7/fixtures_R2A/r2n/r2n_shapetrans_938.r2fx	shapetrans	CIRCLE	SQUARE	0
../R2-7/fixtures_R2A/r2n/r2n_shapetrans_939.r2fx	shapetrans	CIRCLE	CIRCLE	1
../R2-7/fixtures_R2A/r2n/r2n_shapetrans_94.r2fx	shapetrans	TRIANGLE	TRIANGLE	1
../R2-7/fixtures_R2A/r2n/r2n_shapetrans_940.r2fx	shapetrans	TRIANGLE	TRIANGLE	1
../R2-7/fixtures_R2A/r2n/r2n_shapetrans_941.r2fx	shapetrans	TRIANGLE	SQUARE	0
../R2-7/fixtures_R2A/r2n/r2n_shapetrans_942.r2fx	shapetrans	CIRCLE	CIRCLE	1
../R2-7/fixtures_R2A/r2n/r2n_shapetrans_943.r2fx	shapetrans	TRIANGLE	TRIANGLE	1
../R2-7/fixtures_R2A/r2n/r2n_shapetrans_944.r2fx	shapetrans	SQUARE	SQUARE	1
../R2-7/fixtures_R2A/r2n/r2n_shapetrans_945.r2fx	shapetrans	CIRCLE	CIRCLE	1
../R2-7/fixtures_R2A/r2n/r2n_shapetrans_946.r2fx	shapetrans	TRIANGLE	TRIANGLE	1
../R2-7/fixtures_R2A/r2n/r2n_shapetrans_947.r2fx	shapetrans	CIRCLE	SQUARE	0
../R2-7/fixtures_R2A/r2n/r2n_shapetrans_948.r2fx	shapetrans	CIRCLE	CIRCLE	1
../R2-7/fixtures_R2A/r2n/r2n_shapetrans_949.r2fx	shapetrans	TRIANGLE	TRIANGLE	1
../R2-7/fixtures_R2A/r2n/r2n_shapetrans_95.r2fx	shapetrans	TRIANGLE	SQUARE	0
../R2-7/fixtures_R2A/r2n/r2n_shapetrans_950.r2fx	shapetrans	TRIANGLE	SQUARE	0
../R2-7/fixtures_R2A/r2n/r2n_shapetrans_951.r2fx	shapetrans	CIRCLE	CIRCLE	1
../R2-7/fixtures_R2A/r2n/r2n_shapetrans_952.r2fx	shapetrans	TRIANGLE	TRIANGLE	1
../R2-7/fixtures_R2A/r2n/r2n_shapetrans_953.r2fx	shapetrans	SQUARE	SQUARE	1
../R2-7/fixtures_R2A/r2n/r2n_shapetrans_954.r2fx	shapetrans	CIRCLE	CIRCLE	1
../R2-7/fixtures_R2A/r2n/r2n_shapetrans_955.r2fx	shapetrans	TRIANGLE	TRIANGLE	1
../R2-7/fixtures_R2A/r2n/r2n_shapetrans_956.r2fx	shapetrans	TRIANGLE	SQUARE	0
../R2-7/fixtures_R2A/r2n/r2n_shapetrans_957.r2fx	shapetrans	CIRCLE	CIRCLE	1
../R2-7/fixtures_R2A/r2n/r2n_shapetrans_958.r2fx	shapetrans	TRIANGLE	TRIANGLE	1
../R2-7/fixtures_R2A/r2n/r2n_shapetrans_959.r2fx	shapetrans	TRIANGLE	SQUARE	0
../R2-7/fixtures_R2A/r2n/r2n_shapetrans_96.r2fx	shapetrans	CIRCLE	CIRCLE	1
../R2-7/fixtures_R2A/r2n/r2n_shapetrans_960.r2fx	shapetrans	CIRCLE	CIRCLE	1
../R2-7/fixtures_R2A/r2n/r2n_shapetrans_961.r2fx	shapetrans	TRIANGLE	TRIANGLE	1
../R2-7/fixtures_R2A/r2n/r2n_shapetrans_962.r2fx	shapetrans	TRIANGLE	SQUARE	0
../R2-7/fixtures_R2A/r2n/r2n_shapetrans_963.r2fx	shapetrans	CIRCLE	CIRCLE	1
../R2-7/fixtures_R2A/r2n/r2n_shapetrans_964.r2fx	shapetrans	TRIANGLE	TRIANGLE	1
../R2-7/fixtures_R2A/r2n/r2n_shapetrans_965.r2fx	shapetrans	CIRCLE	SQUARE	0
../R2-7/fixtures_R2A/r2n/r2n_shapetrans_966.r2fx	shapetrans	CIRCLE	CIRCLE	1
../R2-7/fixtures_R2A/r2n/r2n_shapetrans_967.r2fx	shapetrans	TRIANGLE	TRIANGLE	1
../R2-7/fixtures_R2A/r2n/r2n_shapetrans_968.r2fx	shapetrans	TRIANGLE	SQUARE	0
../R2-7/fixtures_R2A/r2n/r2n_shapetrans_969.r2fx	shapetrans	CIRCLE	CIRCLE	1
../R2-7/fixtures_R2A/r2n/r2n_shapetrans_97.r2fx	shapetrans	TRIANGLE	TRIANGLE	1
../R2-7/fixtures_R2A/r2n/r2n_shapetrans_970.r2fx	shapetrans	TRIANGLE	TRIANGLE	1
../R2-7/fixtures_R2A/r2n/r2n_shapetrans_971.r2fx	shapetrans	TRIANGLE	SQUARE	0
../R2-7/fixtures_R2A/r2n/r2n_shapetrans_972.r2fx	shapetrans	CIRCLE	CIRCLE	1
../R2-7/fixtures_R2A/r2n/r2n_shapetrans_973.r2fx	shapetrans	TRIANGLE	TRIANGLE	1
../R2-7/fixtures_R2A/r2n/r2n_shapetrans_974.r2fx	shapetrans	TRIANGLE	SQUARE	0
../R2-7/fixtures_R2A/r2n/r2n_shapetrans_975.r2fx	shapetrans	CIRCLE	CIRCLE	1
../R2-7/fixtures_R2A/r2n/r2n_shapetrans_976.r2fx	shapetrans	TRIANGLE	TRIANGLE	1
../R2-7/fixtures_R2A/r2n/r2n_shapetrans_977.r2fx	shapetrans	TRIANGLE	SQUARE	0
../R2-7/fixtures_R2A/r2n/r2n_shapetrans_978.r2fx	shapetrans	CIRCLE	CIRCLE	1
../R2-7/fixtures_R2A/r2n/r2n_shapetrans_979.r2fx	shapetrans	TRIANGLE	TRIANGLE	1
../R2-7/fixtures_R2A/r2n/r2n_shapetrans_98.r2fx	shapetrans	CIRCLE	SQUARE	0
../R2-7/fixtures_R2A/r2n/r2n_shapetrans_980.r2fx	shapetrans	TRIANGLE	SQUARE	0
../R2-7/fixtures_R2A/r2n/r2n_shapetrans_981.r2fx	shapetrans	CIRCLE	CIRCLE	1
../R2-7/fixtures_R2A/r2n/r2n_shapetrans_982.r2fx	shapetrans	TRIANGLE	TRIANGLE	1
../R2-7/fixtures_R2A/r2n/r2n_shapetrans_983.r2fx	shapetrans	SQUARE	SQUARE	1
../R2-7/fixtures_R2A/r2n/r2n_shapetrans_984.r2fx	shapetrans	CIRCLE	CIRCLE	1
../R2-7/fixtures_R2A/r2n/r2n_shapetrans_985.r2fx	shapetrans	TRIANGLE	TRIANGLE	1
../R2-7/fixtures_R2A/r2n/r2n_shapetrans_986.r2fx	shapetrans	CIRCLE	SQUARE	0
../R2-7/fixtures_R2A/r2n/r2n_shapetrans_987.r2fx	shapetrans	CIRCLE	CIRCLE	1
../R2-7/fixtures_R2A/r2n/r2n_shapetrans_988.r2fx	shapetrans	TRIANGLE	TRIANGLE	1
../R2-7/fixtures_R2A/r2n/r2n_shapetrans_989.r2fx	shapetrans	SQUARE	SQUARE	1
../R2-7/fixtures_R2A/r2n/r2n_shapetrans_99.r2fx	shapetrans	CIRCLE	CIRCLE	1
../R2-7/fixtures_R2A/r2n/r2n_shapetrans_990.r2fx	shapetrans	CIRCLE	CIRCLE	1
../R2-7/fixtures_R2A/r2n/r2n_shapetrans_991.r2fx	shapetrans	TRIANGLE	TRIANGLE	1
../R2-7/fixtures_R2A/r2n/r2n_shapetrans_992.r2fx	shapetrans	SQUARE	SQUARE	1
../R2-7/fixtures_R2A/r2n/r2n_shapetrans_993.r2fx	shapetrans	CIRCLE	CIRCLE	1
../R2-7/fixtures_R2A/r2n/r2n_shapetrans_994.r2fx	shapetrans	TRIANGLE	TRIANGLE	1
../R2-7/fixtures_R2A/r2n/r2n_shapetrans_995.r2fx	shapetrans	SQUARE	SQUARE	1
../R2-7/fixtures_R2A/r2n/r2n_shapetrans_996.r2fx	shapetrans	CIRCLE	CIRCLE	1
../R2-7/fixtures_R2A/r2n/r2n_shapetrans_997.r2fx	shapetrans	TRIANGLE	TRIANGLE	1
../R2-7/fixtures_R2A/r2n/r2n_shapetrans_998.r2fx	shapetrans	TRIANGLE	SQUARE	0
../R2-7/fixtures_R2A/r2n/r2n_shapetrans_999.r2fx	shapetrans	CIRCLE	CIRCLE	1
